Crash ID,Degree of crash - detailed,Reporting year,Year of crash,Month of crash,Day of week of crash,Two-hour intervals,Street of crash,Street type,Town,Route no.,School zone location,School zone active,Type of location,Latitude,Longitude,LGA,Urbanisation,Conurbation 1,Alignment,Street lighting,Road surface,Surface condition,Weather,Natural lighting,Signals operation,Other traffic control,Speed limit,Road classification,RUM - code,DCA - code,First impact type,Key TU type,Other TU type,No. of traffic units involved,No. killed,No. seriously injured,No. moderately injured,No. minor-other injured
1255456,0,2021,2021,3,5,4,10,27,147,34609,0,1,9,-33.871567,150.994033,15,0,2,1,1,0,0,0,2,0,6,50,0,1220,1220,9,8,28,2,1,0,1,0
1255467,0,2021,2021,3,0,5,5,27,40,34609,0,1,1,-34.242149,150.597898,79,2,2,0,0,0,3,4,2,0,7,80,0,3775,3775,0,5,0,2,1,0,0,1
1255477,0,2021,2021,3,5,8,2,27,6,34609,0,1,1,-34.059722,147.828324,51,1,0,1,0,2,0,0,3,0,13,100,0,19,19,10,3,38,2,2,0,0,0
1255487,0,2021,2021,3,0,7,44,31,77,34609,0,1,1,-33.868746,150.945674,24,0,2,1,1,0,0,0,2,0,7,50,0,312,312,2,0,40,2,1,1,1,0
1255497,0,2021,2021,3,2,0,294,17,44,288,0,1,1,-35.208558,147.761412,75,1,0,0,0,0,0,0,0,0,7,100,2,3775,3775,0,10,2,2,1,0,1,0
1255498,0,2021,2021,3,3,7,103,27,12,98,0,1,1,-32.9968,150.684359,64,1,0,0,0,0,0,3,2,0,7,100,2,96,96,0,5,5,2,1,2,1,0
1256098,0,2021,2021,7,6,5,3371,17,40,3342,0,1,9,-31.52774,152.791594,56,1,0,1,0,0,0,3,2,0,15,110,2,2852,2852,4,0,19,2,1,1,0,0
1256107,0,2021,2021,7,0,5,512,27,103,34609,0,1,9,-32.945512,151.648075,37,0,2,1,1,0,0,0,2,0,0,50,0,5929,5929,1,9,19,3,1,0,2,0
1256108,0,2021,2021,3,3,6,115,27,96,46,0,1,10,-34.226218,150.664174,79,2,2,1,0,0,0,0,2,0,0,80,2,5929,5929,1,34,19,2,1,1,1,0
1256109,0,2021,2021,7,3,1,133,1,22,34609,0,1,1,-34.474797,150.872365,80,0,2,0,2,0,0,0,0,0,7,50,0,4552,5151,8,16,40,1,1,0,0,0
1256110,0,2021,2021,7,1,3,1,17,14,34609,0,1,1,-32.415571,151.03689,64,1,0,0,0,0,0,0,2,0,7,100,0,4552,5151,8,16,40,1,1,0,0,0
1256111,0,2021,2021,7,1,4,916,17,48,917,0,1,1,-29.138605,151.996444,51,1,0,0,0,0,3,4,2,0,7,100,2,1259,5151,8,5,40,3,1,1,2,0
1256117,0,2021,2021,7,0,9,220,14,11,220,0,1,3,-34.439311,150.86601,80,0,2,1,0,0,0,0,2,0,7,100,2,1192,1192,1,0,5,2,1,3,0,0
1256737,0,2021,2021,7,6,0,481,17,77,483,0,1,1,-30.226287,149.809707,51,1,0,0,0,0,0,0,0,0,7,110,2,3775,3775,0,0,2,2,1,1,0,0
1256747,0,2021,2021,7,6,6,1,9,44,34609,0,1,1,-28.815454,153.416093,2,2,1,1,1,0,0,0,2,0,7,50,0,214,214,9,21,28,3,1,0,0,0
1256748,0,2021,2021,7,0,2,866,17,278,793,0,1,9,-33.758794,151.049124,54,0,2,0,2,0,0,0,0,2,7,70,2,4552,5151,8,9,40,1,1,0,0,0
1256849,0,2021,2021,7,6,4,80,31,163,34609,0,1,1,-33.853061,151.107855,14,0,2,1,1,0,0,0,2,0,7,50,0,3775,3775,0,5,36,2,1,1,0,0
1257347,0,2021,2021,7,6,6,77,10,43,331,0,1,1,-34.142426,150.692798,79,2,2,0,0,0,0,0,2,0,7,80,1,3775,3775,0,5,5,2,1,1,0,0
1257348,0,2021,2021,7,1,11,12,27,5,34609,0,1,1,-29.54515,153.261488,18,1,0,0,0,0,0,3,0,0,7,100,0,4552,5151,8,10,40,1,1,0,0,0
1257444,0,2021,2021,7,6,9,109,27,74,382,1,0,1,-33.749393,150.841662,7,0,2,1,2,0,3,4,0,0,9,60,2,2040,2040,9,21,28,3,1,0,2,0
1257993,0,2021,2021,7,1,4,205,27,45,415,0,1,2,-33.687218,151.226872,50,0,2,1,1,0,3,4,2,0,7,80,2,4026,4026,8,5,40,1,1,0,0,0
1258000,0,2021,2021,7,3,5,916,17,22,917,0,1,9,-32.773109,151.607438,42,2,1,1,1,0,3,4,2,2,7,80,2,9859,9859,8,0,40,1,1,0,0,0
1258007,0,2021,2021,7,3,9,8,27,64,34609,0,1,1,-33.949301,151.004011,15,0,2,1,2,0,0,0,2,0,7,50,0,4026,4026,8,5,40,1,1,0,0,0
1258639,0,2021,2021,7,5,4,193,27,64,94,0,1,1,-33.879061,151.024635,21,0,2,1,1,0,0,0,2,0,7,60,1,3775,3775,0,0,5,9,1,0,2,0
1258657,0,2021,2021,7,5,8,36,27,33,36,0,1,9,-34.021071,150.811354,13,0,2,1,1,0,0,0,2,0,15,70,1,2852,2852,4,5,5,3,1,0,2,0
1258667,0,2021,2021,0,4,7,2261,17,14,2252,0,1,9,-34.800836,149.142864,74,1,0,0,0,0,0,0,2,0,7,110,2,418,714,5,5,40,1,1,0,0,0
1258677,0,2021,2021,0,2,2,2209,17,6,2205,0,1,1,-35.435731,150.401922,63,2,1,1,2,0,0,0,0,0,7,80,2,4026,4026,8,5,40,1,3,0,1,0
1258678,0,2021,2021,0,0,10,30,27,149,41,0,1,1,-33.983922,151.134574,25,0,2,1,2,0,0,0,0,0,7,60,1,9859,9859,8,5,40,1,1,0,1,0
1259043,0,2021,2021,0,4,3,3371,17,43,3342,0,1,6,-30.429465,153.01933,6,1,0,1,0,0,0,0,1,0,7,110,2,404,404,8,16,40,1,1,0,0,0
1259247,0,2021,2021,0,6,2,512,17,7,441,0,1,1,-31.27008,146.921936,51,1,0,1,0,0,0,0,0,0,7,110,2,4026,4026,8,0,40,1,1,2,1,0
1259257,0,2021,2021,0,3,10,31,27,127,96,0,1,1,-33.900079,151.153499,32,0,2,1,2,0,0,0,0,0,7,60,2,1220,1220,9,5,28,2,1,0,1,0
1259258,0,2021,2021,0,0,6,308,14,323,311,0,1,6,-33.8014,150.854067,7,0,2,0,1,0,0,0,2,0,7,80,2,14295,14295,3,16,5,3,1,0,2,0
1259267,0,2021,2021,0,3,0,10,27,6,39,0,1,1,-31.217164,149.196196,51,1,0,0,0,0,0,0,0,0,7,100,1,4552,5151,8,34,40,1,1,0,0,0
1259268,0,2021,2021,0,3,4,95,27,17,605,0,1,9,-33.61119,151.326926,50,0,2,0,1,0,0,0,2,0,15,60,2,5929,5929,1,8,19,2,1,0,0,0
1259857,0,2021,2021,0,2,6,1,1,609,34609,0,1,1,-33.76252,150.908466,7,0,2,0,1,0,0,0,2,0,7,50,0,4552,5151,1,16,10,2,1,0,0,0
1259858,0,2021,2021,7,6,3,24,27,57,36,0,1,9,-33.580423,150.941895,71,0,2,0,2,0,3,2,1,0,7,80,1,404,404,8,5,40,1,1,0,0,0
1259859,0,2021,2021,0,4,10,866,17,314,793,0,1,9,-33.844245,150.955433,21,0,2,0,2,0,0,0,0,2,7,70,2,204,204,1,8,12,4,1,0,3,0
1259877,0,2021,2021,0,2,3,23,27,61,21,0,1,1,-33.743998,150.891652,7,0,2,1,1,0,0,0,2,0,7,60,1,1945,1945,5,22,40,2,1,0,1,0
1259887,0,2021,2021,0,2,7,11,27,7,34609,0,1,1,-37.202471,149.647117,5,1,0,0,0,0,0,0,2,0,7,100,0,4552,5151,8,16,40,1,1,0,0,0
1259923,0,2021,2021,4,0,7,46,27,61,262,0,1,2,-32.915485,151.72667,48,0,2,1,1,0,0,0,2,0,0,60,2,1383,1383,1,5,10,2,1,0,0,0
1260468,0,2021,2021,0,4,8,157,17,25,158,0,1,1,-33.717532,148.865076,51,1,0,1,0,0,0,0,2,0,7,100,2,3775,3775,0,34,5,2,3,0,0,0
1260469,0,2021,2021,0,4,10,1052,14,101,928,0,1,3,-32.891419,151.598351,37,0,2,0,0,0,0,0,0,0,7,110,2,121,121,9,8,28,2,1,0,1,0
1260477,0,2021,2021,0,3,4,31,24,85,36,0,1,1,-33.743846,151.105967,36,0,2,0,0,0,0,0,2,0,7,60,1,4552,5151,8,16,40,1,1,0,0,0
1261075,0,2021,2021,0,4,10,149,36,4,81,0,1,1,-32.179616,152.503507,43,2,1,1,2,0,0,0,0,0,7,50,2,96,96,0,5,5,3,1,0,2,0
1261076,0,2021,2021,0,3,9,18,31,228,34609,0,1,1,-34.74165,149.716924,26,2,1,1,2,0,0,0,0,0,7,50,0,190,190,1,17,13,2,1,0,0,0
1261077,0,2021,2021,0,6,3,308,14,252,311,0,1,3,-33.948602,150.876924,41,0,2,0,0,0,0,0,2,0,7,100,2,14295,14295,3,9,35,2,1,0,1,0
1261097,0,2021,2021,8,2,7,2126,17,445,2149,0,1,9,-33.848128,151.048171,21,0,2,1,2,0,0,0,2,2,7,60,2,5929,5929,1,0,19,2,1,0,1,0
1261098,0,2021,2021,8,2,4,100,31,363,38,0,1,10,-33.816094,150.99931,54,0,2,1,1,0,0,0,2,2,7,50,1,6545,6545,4,5,33,2,1,0,2,0
1261778,0,2021,2021,8,5,8,191,17,8,189,0,1,1,-32.224868,148.85943,22,1,0,0,0,0,3,3,2,0,7,100,2,4552,5151,8,0,40,1,1,0,0,0
1261797,0,2021,2021,8,4,0,35,27,1,34,0,1,1,-30.302334,152.20241,1,1,0,1,0,0,3,1,0,0,7,100,1,4026,4026,8,10,40,1,1,0,0,0
1261817,0,2021,2021,8,0,2,3371,17,18,3342,0,1,2,-30.988442,152.858352,34,1,0,1,0,0,0,0,0,0,7,110,2,9859,9859,1,0,2,2,1,1,0,0
1262380,0,2021,2021,8,2,10,54,27,72,563,0,1,10,-34.013441,151.009758,68,0,2,1,2,0,0,0,0,2,9,80,2,1220,1220,9,9,28,2,1,0,1,0
1262480,0,2021,2021,8,1,8,3,27,10,34609,0,1,1,-32.418454,151.42887,64,1,0,0,0,2,0,0,3,0,7,100,0,2585,4009,8,10,40,1,1,0,0,0
1262497,0,2021,2021,8,4,10,6,27,132,17,0,1,10,-29.773393,151.101575,33,2,1,1,2,0,0,0,0,0,0,50,1,6545,6545,4,16,0,2,1,0,1,0
1262498,0,2021,2021,8,2,6,78,27,23,228,0,1,1,-33.036974,151.14039,17,2,1,0,0,0,0,0,2,0,7,80,1,3775,3775,0,16,13,2,1,0,0,0
1262499,0,2021,2021,8,2,2,512,17,9,441,0,1,1,-32.452874,148.886588,22,1,0,0,0,0,0,0,0,0,7,110,2,2585,4009,8,5,40,1,2,0,0,0
1263157,0,2021,2021,8,6,11,35,27,9,49,0,1,1,-31.246349,150.798551,70,1,0,1,0,0,0,0,0,0,7,100,1,4026,4026,8,3,40,1,1,0,0,0
1263178,0,2021,2021,8,0,8,191,17,3,189,0,1,9,-32.046918,149.78019,51,1,0,0,0,0,0,0,0,0,7,100,2,1957,4009,8,5,40,1,1,0,0,0
1263832,0,2021,2021,8,5,5,191,17,24,189,0,1,1,-32.022735,149.455848,51,1,0,1,0,0,0,0,2,0,7,100,2,14295,14295,3,3,0,2,1,0,1,0
1263857,0,2021,2021,8,4,7,1,31,28,34609,0,1,9,-33.798016,151.201427,77,0,2,1,1,0,0,0,2,0,7,50,0,1220,1220,9,10,28,2,1,0,1,0
1263858,0,2021,2021,7,0,10,481,17,7,483,0,1,1,-35.056226,146.177328,51,1,0,1,0,0,0,0,0,0,7,110,2,312,312,2,10,40,1,1,0,1,0
1263859,0,2021,2021,8,3,0,1,31,13,34609,0,1,9,-28.906495,152.719735,51,2,1,1,2,0,0,0,0,0,7,50,0,4026,4026,8,16,40,1,1,0,0,0
1263860,0,2021,2021,8,3,3,17,27,9,12,0,1,1,-35.608842,147.742546,27,1,0,0,0,0,0,0,0,0,7,100,2,2585,4009,8,0,40,1,1,0,0,0
1263867,0,2021,2021,8,2,6,161,17,5,161,0,1,1,-35.917159,148.587999,65,2,1,0,0,0,0,0,2,0,7,80,2,3775,3775,0,16,13,2,1,0,1,0
1264539,0,2021,2021,8,0,0,81,17,41,10,1,0,9,-34.071369,150.694516,12,0,2,0,2,0,0,0,0,0,0,50,1,1220,1220,9,5,28,2,1,0,1,1
1264540,0,2021,2021,6,6,8,6,1,53,34609,0,1,10,-35.134186,147.360963,75,2,1,1,2,0,0,0,0,0,0,50,0,1220,1220,9,5,28,2,1,0,1,0
1264541,0,2021,2021,8,2,6,485,27,40,769,0,1,9,-33.732579,150.972103,71,0,2,0,1,0,0,0,2,2,7,70,2,14295,14295,3,5,5,3,1,0,0,0
1264547,0,2021,2021,6,4,11,4,27,9,34609,0,1,1,-30.998929,153.026425,34,1,0,1,0,0,3,3,0,0,7,100,0,4026,4026,8,10,40,1,1,0,0,0
1264557,0,2021,2021,8,2,10,123,36,14,49,0,1,1,-30.463587,151.360953,51,1,0,1,0,0,0,0,0,0,7,100,1,1089,1089,7,5,40,1,1,0,0,0
1264558,0,2021,2021,6,3,2,103,36,3,157,0,1,1,-29.551546,152.98153,18,1,0,1,0,0,0,0,0,0,7,100,2,4026,4026,8,0,40,1,1,0,0,0
1264559,0,2021,2021,6,3,6,478,17,20,480,0,1,1,-33.293031,151.54732,16,2,2,0,0,0,0,0,2,0,7,80,2,591,591,1,22,5,2,1,0,1,0
1264560,0,2021,2021,6,3,7,7,27,11,34609,0,1,9,-31.473815,152.75809,56,2,1,1,1,0,0,0,2,0,7,80,0,5929,5929,1,5,19,2,1,0,1,0
1264567,0,2021,2021,6,0,6,10,31,169,34609,0,1,1,-33.897515,151.200516,69,0,2,1,1,0,0,3,2,0,7,50,0,1220,1220,9,0,28,3,1,0,1,0
1264568,0,2021,2021,6,3,7,3,27,8,34609,0,1,1,-33.653978,146.965907,51,1,0,1,0,0,0,0,2,0,7,100,0,4026,4026,8,16,40,1,1,0,0,0
1264672,0,2021,2021,0,5,4,29,27,57,34609,0,1,9,-33.441498,151.378128,16,2,2,0,1,0,0,0,2,0,7,50,0,1109,787,1,5,5,2,1,0,0,0
1265319,0,2021,2021,6,6,6,49,22,134,34609,0,1,0,-33.525538,151.317414,16,2,2,0,0,0,0,3,2,0,7,50,0,4552,5151,8,5,40,1,1,0,0,0
1265337,0,2021,2021,6,0,2,4,27,6,34609,0,1,1,-32.66517,151.79881,57,1,0,1,0,0,3,0,0,0,7,90,0,4026,4026,8,10,40,1,1,0,0,0
1265339,0,2021,2021,6,2,6,4,31,72,34609,0,1,1,-33.829387,151.226372,49,0,2,1,1,0,0,0,2,0,7,40,0,340,340,9,0,28,2,1,0,0,0
1265347,0,2021,2021,6,2,6,294,17,9,288,0,1,1,-35.111448,147.262016,75,1,0,0,0,0,0,3,2,0,7,100,2,3775,3775,0,5,13,2,1,1,0,0
1265348,0,2021,2021,6,1,9,265,17,23,193,0,1,1,-35.237277,147.17942,75,1,0,1,0,0,0,0,3,0,7,100,2,3775,3775,0,5,19,2,1,1,0,0
1265357,0,2021,2021,6,2,9,866,17,94,793,1,0,2,-33.884552,150.923586,24,0,2,1,2,0,0,0,3,0,7,70,2,14295,14295,3,16,36,2,1,0,1,0
1265975,0,2021,2021,6,6,11,12,10,65,34609,0,1,1,-36.065692,146.975519,0,2,1,0,0,0,3,0,0,0,7,80,0,2585,4009,8,5,40,1,1,1,0,0
1265976,0,2021,2021,6,2,0,44,1,126,34609,1,0,1,-33.933642,150.811927,41,0,2,1,2,0,0,0,0,0,7,60,0,4026,4026,8,5,40,1,1,0,0,0
1266154,0,2021,2021,0,5,5,334,17,316,308,0,1,2,-31.434857,152.89989,56,2,1,1,1,0,0,0,2,0,7,60,2,1383,1383,1,5,5,3,1,0,0,0
1266270,0,2021,2021,6,6,4,24,31,237,44,0,1,10,-33.873505,150.953049,24,0,2,1,1,0,0,0,2,2,9,50,1,2040,2040,9,0,28,2,1,1,0,0
1266631,0,2021,2021,6,1,7,26,27,71,38,0,1,1,-33.835592,150.968489,21,0,2,1,1,0,0,3,2,0,7,60,1,1282,1282,1,5,40,2,1,0,1,0
1266632,0,2021,2021,6,6,6,2126,17,23,2149,0,1,1,-33.449819,150.01352,40,1,0,1,0,0,0,0,2,0,7,100,2,3775,3775,0,25,0,2,2,0,2,0
1266633,0,2021,2021,6,2,9,481,17,17,483,0,1,1,-33.624098,147.605182,51,1,0,1,0,0,3,0,0,0,7,110,2,4026,4026,8,3,40,1,1,0,0,0
1266649,0,2021,2021,6,4,3,916,17,25,917,0,1,1,-30.85699,151.211609,70,1,0,1,0,0,3,3,2,0,7,100,2,4026,4026,8,5,40,1,1,0,0,0
1266652,0,2021,2021,6,0,10,12,27,5,42,0,1,1,-35.119858,150.084186,58,1,0,1,0,0,3,4,0,0,7,100,1,4026,4026,8,5,40,1,1,0,0,0
1266657,0,2021,2021,6,4,8,204,31,28,82,1,0,2,-35.143568,147.350771,75,2,1,1,2,0,3,4,0,0,9,60,1,1220,1220,9,10,28,2,1,0,1,0
1267287,0,2021,2021,6,5,6,481,17,25,483,0,1,1,-31.789425,148.636028,51,1,0,0,0,0,0,0,2,0,7,110,2,4552,5151,8,0,40,1,1,0,1,0
1267288,0,2021,2021,5,0,10,512,17,433,441,0,1,9,-33.244036,149.059234,52,1,0,1,0,0,0,0,0,0,7,100,2,204,204,1,8,0,5,1,3,1,0
1267297,0,2021,2021,6,6,3,829,27,159,770,0,1,2,-33.810765,151.093884,61,0,2,0,2,0,3,1,0,0,7,60,2,3775,3775,0,0,33,2,1,1,0,0
1267859,0,2021,2021,5,5,3,1052,14,56,928,0,1,3,-32.999105,151.511049,37,0,2,1,0,0,0,0,2,0,7,110,2,9859,9859,8,9,40,1,1,0,0,0
1267869,0,2021,2021,5,1,8,5,1,103,34609,0,1,9,-32.945186,151.651815,37,0,2,1,1,0,0,0,2,0,7,50,0,1192,1192,1,16,13,2,1,0,1,0
1267870,0,2021,2021,5,5,0,21,36,18,34609,0,1,1,-30.938683,152.943052,34,1,0,1,0,0,0,0,0,0,7,100,0,1220,1220,9,3,28,2,1,0,1,0
1267878,0,2021,2021,5,2,3,63,17,11,63,0,1,1,-34.094093,142.05081,51,2,1,1,0,0,0,0,1,0,7,60,2,2040,2040,9,10,28,2,1,0,0,0
1267887,0,2021,2021,5,3,0,3,10,36,34609,0,1,1,-33.588398,148.678598,51,1,0,0,0,0,0,0,0,0,7,100,0,4552,5151,8,10,40,1,1,2,0,0
1268386,0,2021,2021,5,6,7,6,31,87,34609,0,1,1,-28.811509,153.274017,39,2,1,1,0,0,0,0,2,0,7,50,0,2040,2040,9,5,28,2,1,0,1,0
1268388,0,2021,2021,6,0,6,251,27,64,212,0,1,2,-33.760029,151.211334,50,0,2,1,1,0,0,0,2,0,7,70,2,238,238,9,5,28,2,1,0,0,0
1268391,0,2021,2021,5,6,7,13,27,5,2,0,1,1,-34.316253,146.568153,51,1,0,1,0,0,0,3,2,0,7,100,1,3775,3775,0,9,0,2,1,0,2,0
1268398,0,2021,2021,5,2,1,113,27,218,111,0,1,2,-33.782656,150.771237,55,0,2,1,2,0,0,0,0,0,7,60,2,1945,1945,5,16,40,1,1,0,0,0
1268407,0,2021,2021,5,3,9,23,27,179,66,0,1,1,-31.883661,152.439744,43,2,1,0,0,0,0,0,0,0,7,70,1,368,368,9,33,28,2,1,0,0,0
1268774,0,2021,2021,6,4,7,361,32,134,65,0,1,9,-33.683769,150.863043,7,0,2,1,1,0,0,0,2,0,7,60,1,591,591,1,22,13,2,1,0,1,0
1268957,0,2021,2021,5,5,11,1,31,32,34609,0,1,4,-32.136548,150.36641,73,2,1,0,0,0,3,4,0,0,7,50,0,2585,4009,8,16,40,1,1,1,0,0
1268967,0,2021,2021,5,4,7,86,27,9,65,0,1,1,-29.80404,152.900058,18,1,0,0,0,0,0,0,2,0,7,100,1,782,957,5,21,40,1,1,0,0,0
1268968,0,2021,2021,5,4,5,21,27,14,15,0,1,1,-32.279525,149.115528,22,1,0,0,0,0,0,0,2,0,7,100,1,3775,3775,0,10,0,2,1,1,0,0
1268978,0,2021,2021,5,2,8,232,36,64,168,0,1,9,-34.039737,150.738496,12,0,2,1,1,0,0,0,3,2,7,60,2,2852,2852,4,5,19,2,1,0,1,0
1269504,0,2021,2021,5,6,5,387,27,290,331,0,1,1,-33.949647,151.126762,4,0,2,1,1,0,0,0,2,0,7,60,2,340,340,9,3,28,2,1,0,1,0
1269527,0,2021,2021,5,4,10,22,7,106,34609,0,1,9,-28.845295,153.040058,60,2,1,1,2,0,0,0,0,0,7,50,0,1282,1282,1,5,16,2,1,0,1,0
1269528,0,2021,2021,5,0,5,95,27,14,605,0,1,1,-33.644279,151.323445,50,0,2,0,1,0,0,0,2,0,7,60,2,1957,4009,8,0,40,2,1,1,0,0
1269537,0,2021,2021,5,0,9,2,27,3,34609,0,1,1,-34.158938,150.813338,13,0,2,0,1,0,0,0,0,0,7,60,0,782,957,5,0,40,1,1,2,0,0
1270027,0,2021,2021,1,2,9,41,27,228,69,0,1,1,-34.701349,149.766599,26,1,0,1,0,0,0,0,0,0,7,100,1,1109,787,1,5,13,2,1,0,1,0
1270458,0,2021,2021,1,0,9,27,36,12,34609,0,1,1,-29.671884,152.980154,18,1,0,1,0,0,0,0,0,0,7,100,0,101,101,8,10,35,2,1,0,0,0
1270461,0,2021,2021,1,1,7,9,27,16,34609,0,1,1,-35.09644,147.392511,75,2,1,1,0,0,0,0,2,0,7,60,0,84,84,8,8,40,1,2,0,0,0
1270497,0,2021,2021,1,0,7,103,27,5,34609,0,1,1,-32.052521,151.914041,43,2,1,0,0,0,0,0,2,0,7,80,0,220,220,8,23,40,1,1,0,0,0
1270619,0,2021,2021,1,6,6,125,27,48,144,0,1,7,-32.739201,152.117853,57,2,1,0,1,0,0,0,2,0,0,80,2,1259,5151,8,5,40,1,1,0,0,0
1270751,0,2021,2021,6,5,6,112,17,10,112,0,1,1,-31.802792,142.129917,51,1,0,1,0,0,3,3,2,0,7,110,2,945,945,5,30,40,1,1,0,0,1
1270954,0,2021,2021,1,5,3,2261,17,96,2252,0,1,3,-34.218802,150.67927,79,1,2,1,0,0,0,0,1,0,7,110,2,14295,14295,3,8,35,2,1,0,0,0
1270955,0,2021,2021,1,2,0,89,36,14,6,0,1,1,-33.344521,146.142936,51,1,0,0,0,0,0,0,0,0,7,100,1,782,957,5,10,40,1,1,0,0,0
1270964,0,2021,2021,1,6,2,481,17,17,483,0,1,1,-33.508397,147.754023,51,1,0,1,0,0,0,0,1,0,7,110,2,3775,3775,0,3,5,2,1,0,1,0
1270965,0,2021,2021,1,6,6,2261,17,140,2252,0,1,1,-33.901291,150.998784,15,0,2,1,1,0,0,0,2,0,7,70,2,9859,9859,8,5,40,1,1,0,0,0
1270988,0,2021,2021,1,0,10,51,1,80,34609,0,1,9,-33.934134,151.225387,4,0,2,1,2,0,0,0,0,0,7,50,0,1669,1669,3,5,0,4,1,0,0,0
1271417,0,2021,2021,1,0,1,3371,17,41,3342,0,1,2,-31.468115,152.818824,56,1,0,1,0,0,0,0,0,0,7,110,2,9859,9859,8,29,40,2,2,0,0,0
1271419,0,2021,2021,1,5,4,9,27,7,34609,0,1,1,-31.082205,152.72361,34,1,0,0,0,0,0,0,2,0,7,100,0,4552,5151,8,5,40,1,1,0,0,0
1271427,0,2021,2021,1,2,7,222,27,21,34609,0,1,1,-32.910028,151.575249,37,0,2,1,0,2,0,0,2,0,7,70,0,9859,9859,8,16,40,1,1,0,0,0
1271817,0,2021,2021,11,2,4,157,17,10,158,0,1,1,-33.841588,146.27233,51,1,0,0,0,0,3,4,2,0,7,100,2,1259,5151,8,9,40,1,1,1,0,0
1271818,0,2021,2021,11,4,5,10,27,84,34609,0,1,1,-31.113325,150.894549,70,2,1,1,1,0,0,0,2,0,7,50,0,84,84,8,16,40,1,1,0,0,0
1271819,0,2021,2021,11,3,8,118,17,26,118,0,1,10,-31.522817,150.67836,51,2,1,1,1,0,0,0,2,0,0,50,2,6545,6545,4,5,35,2,1,0,1,0
1271827,0,2021,2021,11,2,4,3371,17,30,3342,0,1,2,-28.321471,153.517477,72,1,0,1,0,0,0,0,2,0,7,110,2,475,475,5,16,40,1,1,0,0,0
1272207,0,2021,2021,11,4,8,6,27,1,34609,0,1,1,-30.32595,149.489522,51,1,0,1,0,0,0,0,3,0,7,100,0,4026,4026,8,10,40,1,1,0,0,0
1272459,0,2021,2021,6,1,6,515,14,197,518,0,1,6,-33.943321,151.074815,15,0,2,1,2,0,0,0,2,0,7,60,2,14295,14295,3,16,5,5,1,0,4,0
1272620,0,2021,2021,11,5,4,3,27,2,34609,0,1,1,-28.643573,152.93566,51,1,0,0,0,0,0,0,2,0,7,100,0,782,957,5,5,40,1,1,0,0,0
1272637,0,2021,2021,11,5,6,36,27,10,83,0,1,9,-29.432284,153.266529,18,1,0,0,0,0,3,4,2,0,7,90,1,3775,3775,0,5,0,2,1,0,0,0
1272647,0,2021,2021,11,0,7,59,10,14,231,0,1,1,-33.490178,151.387033,16,2,2,0,1,0,0,0,2,0,7,70,2,14295,14295,3,30,27,2,1,0,1,0
1272657,0,2021,2021,11,2,7,1,36,119,34609,0,1,9,-32.741172,151.768662,57,2,1,0,1,0,0,3,2,0,7,50,0,4552,5151,8,16,40,1,1,1,0,0
1273032,0,2021,2021,11,5,10,114,27,19,65,0,1,1,-33.293223,151.238857,16,2,2,0,0,0,0,0,0,0,7,60,1,2585,4009,8,0,40,1,3,2,0,1
1273033,0,2021,2021,11,6,3,2261,17,443,2252,0,1,9,-33.899228,151.047187,15,0,2,1,2,0,0,0,2,0,7,70,2,9859,9859,8,16,40,1,1,0,0,0
1273034,0,2021,2021,11,6,10,168,17,42,212,0,1,2,-35.340559,149.256432,58,2,1,0,0,0,0,0,0,0,7,80,2,121,121,9,10,28,2,1,0,1,0
1273037,0,2021,2021,11,2,3,334,17,3,308,0,1,1,-31.455873,152.557574,56,1,0,0,0,0,0,0,2,0,7,100,2,2585,4009,8,0,40,1,1,0,0,0
1273437,0,2021,2021,11,3,5,5,27,2,34609,0,1,1,-32.767312,149.602989,44,1,0,0,0,2,0,0,2,0,7,100,0,1259,5151,8,0,40,1,1,0,0,0
1273447,0,2021,2021,10,0,11,24,27,201,47,0,1,2,-33.990862,150.857795,13,0,2,0,2,0,0,3,0,0,7,60,1,1957,4009,8,16,40,1,1,0,0,0
1273449,0,2021,2021,10,1,0,1,27,53,34609,0,1,1,-32.167259,148.179266,51,1,0,0,0,2,0,0,0,0,7,100,0,4552,5151,8,16,40,1,1,1,0,0
1273450,0,2021,2021,10,1,5,1,27,30,34609,0,1,1,-32.623128,152.112884,43,1,0,0,0,0,0,0,2,0,7,100,0,2585,4009,1,0,0,2,1,1,0,0
1273451,0,2021,2021,10,5,4,42,10,55,172,0,1,1,-32.838773,151.525008,17,2,1,1,0,0,0,0,2,0,7,80,2,4026,4026,8,5,40,1,1,0,0,0
1273457,0,2021,2021,10,2,6,36,27,12,82,0,1,1,-35.418205,147.273215,75,1,0,0,0,0,0,0,2,0,7,100,1,2585,4009,8,10,40,1,1,1,0,0
1273815,0,2021,2021,10,2,0,38,27,34,45,0,1,1,-35.089235,150.637349,63,2,1,1,2,0,0,0,0,0,7,70,1,9859,9859,8,10,40,1,1,0,0,0
1273816,0,2021,2021,10,3,1,265,17,10,193,0,1,1,-35.448667,147.032984,51,1,0,1,0,0,0,0,0,0,7,100,2,4026,4026,8,10,40,1,2,0,0,0
1273822,0,2021,2021,10,2,9,20,10,55,91,0,1,2,-35.375765,149.191743,58,2,1,1,1,0,3,4,2,0,7,80,2,945,945,5,5,40,1,1,0,0,0
1274202,0,2021,2021,10,4,7,2261,17,32,2252,0,1,3,-34.237395,150.662196,79,1,2,1,0,0,3,4,2,0,7,110,2,204,204,1,9,10,2,1,0,1,0