Crash ID,Degree of crash - detailed,Reporting year,Year of crash,Month of crash,Day of week of crash,Two-hour intervals,Street of crash,Street type,Town,Route no.,School zone location,School zone active,Type of location,Latitude,Longitude,LGA,Urbanisation,Conurbation 1,Alignment,Street lighting,Road surface,Surface condition,Weather,Natural lighting,Signals operation,Other traffic control,Speed limit,Road classification,RUM - code,DCA - code,First impact type,Key TU type,Other TU type,No. of traffic units involved,No. killed,No. seriously injured,No. moderately injured,No. minor-other injured
1274213,0,2021,2021,10,2,0,1,27,2,34609,0,1,1,-30.436176,149.933177,51,1,0,1,0,0,0,0,0,0,7,100,0,1089,1089,7,0,40,1,1,3,0,1
1274214,0,2021,2021,10,3,7,2,27,22,34609,0,1,1,-31.412961,152.048461,51,2,1,1,0,2,0,0,2,0,7,60,0,945,945,5,16,40,1,1,0,0,0
1274218,0,2021,2021,10,5,5,133,31,161,51,0,1,10,-33.884218,151.150012,32,0,2,1,1,0,3,4,2,2,9,50,1,2040,2040,9,8,28,2,1,0,1,0
1274393,0,2021,2021,10,1,4,55,36,8,43,0,1,1,-32.416419,150.323238,46,1,0,0,0,0,3,4,2,0,7,100,1,4552,5151,8,5,40,1,1,0,0,0
1274634,0,2021,2021,10,4,6,3,27,18,42,0,1,1,-33.540535,150.794212,29,2,2,1,0,0,0,0,2,0,7,80,1,4026,4026,8,16,40,1,1,0,0,0
1274635,0,2021,2021,10,2,6,334,17,3,308,0,1,1,-31.48121,152.657115,56,2,1,0,0,0,0,0,2,0,7,80,2,1850,1463,5,16,40,2,1,0,1,0
1274641,0,2021,2021,10,1,11,40,10,27,174,0,1,2,-32.667109,151.351308,17,2,1,1,2,0,3,4,0,0,8,50,2,78,78,8,5,40,1,1,1,0,0
1274648,0,2021,2021,10,0,5,1,22,12,14,0,1,10,-33.843604,150.957017,21,0,2,1,1,0,0,0,2,2,7,50,2,6545,6545,4,19,5,2,1,0,1,0
1275124,0,2021,2021,10,4,4,2209,17,7,2205,0,1,1,-36.338695,150.04604,23,1,0,0,1,0,0,0,2,0,7,100,2,4552,5151,8,0,40,1,1,1,0,0
1275125,0,2021,2021,10,2,11,500,27,646,799,0,1,10,-33.933781,151.027023,15,0,2,0,2,0,0,0,0,2,7,60,2,5929,5929,1,22,5,2,1,0,1,0
1275539,0,2021,2021,10,5,5,6,27,14,34609,0,1,1,-33.142141,151.589693,16,2,2,1,1,0,0,0,2,0,7,50,0,144,144,1,0,0,4,1,0,1,0
1275579,0,2021,2021,9,1,5,112,27,19,769,0,1,1,-33.551587,150.380714,8,2,2,0,0,0,0,0,2,0,7,80,2,2585,4009,8,8,40,2,1,2,1,0
1275580,0,2021,2021,9,1,7,2126,17,62,2149,0,1,2,-33.745014,150.611393,8,2,2,1,1,0,0,3,2,0,7,60,2,186,186,9,8,28,2,1,0,1,0
1275581,0,2021,2021,9,1,7,7,31,108,34609,0,1,1,-28.868365,153.560024,2,2,1,1,1,0,0,6,2,0,7,50,0,312,312,2,5,40,1,1,0,1,0
1275582,0,2021,2021,10,5,11,112,17,23,112,0,1,10,-31.497119,145.829972,51,2,1,1,2,0,0,0,0,0,0,50,2,6545,6545,4,16,0,2,1,0,1,0
1275583,0,2021,2021,9,4,10,6,31,149,34609,0,1,1,-34.001719,151.1322,4,0,2,1,1,0,3,4,0,0,7,50,0,1282,1282,1,5,40,2,1,0,0,0
1275588,0,2021,2021,10,3,1,2261,17,12,2252,0,1,2,-34.82658,149.077134,74,1,0,0,0,0,0,0,0,0,7,110,2,3775,3775,0,5,10,2,1,0,0,0
1275589,0,2021,2021,10,3,1,2261,17,12,2252,0,1,2,-34.826537,149.077028,74,1,0,0,0,0,0,0,0,0,7,110,2,368,368,9,29,28,2,1,0,1,0
1275590,0,2021,2021,9,5,3,171,27,64,369,0,1,1,-33.68564,150.734704,55,0,2,0,0,0,0,0,2,0,7,80,2,3775,3775,0,9,5,2,1,1,0,0
1275591,0,2021,2021,9,5,11,348,17,24,232,0,1,1,-32.01001,149.383712,51,1,0,0,0,0,0,0,0,0,7,100,2,418,714,5,3,40,1,1,0,0,0
1275592,0,2021,2021,9,5,9,55,36,16,35,0,1,1,-32.73156,149.989806,44,1,0,0,0,0,0,0,3,0,7,100,1,4552,5151,8,5,40,1,1,0,0,0
1275593,0,2021,2021,9,4,6,161,17,2,161,0,1,1,-35.651668,148.432878,66,1,0,1,0,0,3,3,2,0,7,100,2,4026,4026,8,16,40,1,1,0,0,0
1275594,0,2021,2021,9,4,10,36,27,12,82,0,1,1,-35.389655,147.25633,75,1,0,0,0,0,0,0,0,0,7,100,1,273,957,5,8,40,1,1,0,0,0
1276026,0,2021,2021,9,1,7,866,17,98,793,0,1,2,-33.756986,151.048783,71,0,2,1,1,0,0,0,2,0,7,70,2,14295,14295,3,10,10,2,1,0,2,0
1276030,0,2021,2021,9,1,2,346,17,24,332,0,1,1,-28.811469,153.374322,39,2,1,1,0,0,3,4,0,0,7,80,2,368,368,9,10,28,2,1,0,1,0
1276032,0,2021,2021,9,6,3,89,36,6,81,0,1,10,-33.501038,148.30576,51,1,0,1,0,0,0,3,1,0,0,100,2,6545,6545,4,10,35,2,1,0,1,0
1276037,0,2021,2021,9,4,4,112,17,10,112,0,1,1,-31.78189,142.221528,51,1,0,1,0,0,3,4,2,0,7,110,2,96,96,0,0,0,2,1,1,2,1
1276038,0,2021,2021,9,4,6,294,17,16,288,0,1,1,-34.575441,143.15127,51,1,0,1,0,0,3,4,2,0,7,110,2,945,945,5,29,40,1,1,0,0,0
1276535,0,2021,2021,9,0,6,4,27,7,34609,0,1,1,-33.117259,151.559327,37,0,2,0,0,0,0,0,2,0,7,50,0,2585,4009,1,16,6,2,1,0,0,0
1276540,0,2021,2021,9,0,10,1,27,1,34609,0,1,1,-29.07455,152.935779,60,1,0,0,1,2,0,0,0,0,7,100,0,2585,4009,8,0,40,1,1,0,0,0
1276541,0,2021,2021,9,2,5,44,27,23,126,0,1,1,-32.76696,151.819626,57,2,1,1,0,0,0,0,2,0,7,80,2,4026,4026,8,5,40,1,1,0,0,0
1277023,0,2021,2021,9,1,4,23,27,8,8,0,1,10,-30.507467,151.568851,51,1,0,1,0,0,0,0,2,0,0,100,1,6545,6545,4,0,0,2,1,3,0,0
1277024,0,2021,2021,9,0,6,133,17,14,121,0,1,1,-35.657424,149.163456,65,1,0,1,0,0,3,4,2,0,7,100,2,3775,3775,0,8,5,2,1,0,1,0
1277216,0,2021,2021,9,0,0,3,31,148,34609,0,1,9,-36.046902,146.927153,0,2,1,1,2,0,0,0,0,0,15,50,0,489,489,8,5,40,1,1,0,0,0
1277570,0,2021,2021,9,5,7,346,17,47,332,0,1,1,-28.863209,153.472063,2,1,0,0,0,0,3,4,2,0,7,100,2,3775,3775,0,5,13,2,1,1,0,0
1277577,0,2021,2021,2,0,4,76,31,115,34609,0,1,1,-33.88109,151.190878,69,0,2,1,1,0,0,0,2,0,7,50,0,1220,1220,9,0,28,2,1,0,1,0
1277827,0,2021,2021,9,3,6,57,31,532,30,0,1,10,-33.877607,151.20469,69,0,2,1,0,0,0,0,2,2,9,40,1,2040,2040,9,30,28,2,1,0,1,0
1278062,0,2021,2021,2,6,8,34,27,225,69,0,1,9,-33.796186,151.171722,77,0,2,1,1,0,0,3,2,0,7,50,2,312,312,2,8,40,1,1,0,1,0
1278095,0,2021,2021,2,1,4,2126,17,9,2149,0,1,10,-33.42629,149.707494,3,1,0,1,0,0,0,3,2,0,0,100,2,6545,6545,4,10,19,2,1,0,1,0
1278100,0,2021,2021,2,1,9,49,31,132,34609,0,1,10,-29.777991,151.116672,33,2,1,1,2,0,3,4,3,0,0,50,0,6545,6545,4,16,0,2,1,0,1,0
1278101,0,2021,2021,2,3,6,7,27,6,18,0,1,1,-31.33285,151.265668,70,2,1,0,0,0,0,0,2,0,7,80,1,4552,5151,8,16,40,1,1,0,0,0
1278102,0,2021,2021,2,3,9,7,27,562,34609,0,1,10,-32.196318,148.725274,22,1,0,1,0,0,0,0,3,0,0,100,0,6545,6545,4,10,35,2,1,0,1,0
1278103,0,2021,2021,2,3,2,10,36,33,18,0,1,1,-36.452066,148.614664,65,2,1,1,0,0,3,3,1,0,7,80,1,4026,4026,8,10,40,1,1,0,0,0
1278105,0,2021,2021,2,1,7,348,27,21,15,0,1,1,-33.641661,150.67973,55,0,2,0,1,0,0,0,2,0,7,80,1,3775,3775,0,30,13,2,1,2,0,0
1278107,0,2021,2021,2,5,0,89,36,3,17,0,1,1,-29.188474,152.622747,18,1,0,1,0,0,3,0,0,0,7,100,1,475,475,5,5,40,1,1,0,0,0
1278109,0,2021,2021,2,5,6,68,31,73,331,0,1,1,-34.186286,150.606135,79,2,2,1,1,0,0,0,2,0,7,60,1,5929,5929,1,0,19,2,1,0,1,0
1278117,0,2021,2021,2,2,5,191,17,24,189,0,1,1,-32.055124,150.042084,73,1,0,1,0,0,0,0,2,0,7,100,2,3775,3775,0,30,0,2,1,1,0,0
1278119,0,2021,2021,2,5,3,3371,17,29,3342,0,1,2,-32.215408,152.322627,43,2,1,1,1,0,0,0,2,0,7,80,2,14295,14295,3,29,35,2,1,0,0,0
1278644,0,2021,2021,2,5,6,13,1,62,34609,0,1,9,-34.088138,150.813415,13,0,2,0,1,0,0,0,2,0,0,50,0,4552,5151,8,16,40,1,1,0,0,0
1278653,0,2021,2021,2,6,4,71,31,78,125,0,1,1,-33.858084,151.010715,21,0,2,1,1,0,0,0,2,0,7,60,1,2040,2040,9,8,28,2,1,0,0,0
1278655,0,2021,2021,2,6,6,9,27,17,103,0,1,1,-28.577828,153.21312,39,2,1,0,0,0,0,0,2,0,7,80,1,3775,3775,0,16,0,2,1,0,1,0
1278656,0,2021,2021,2,6,3,1,27,3,34609,0,1,1,-35.790537,146.044183,51,1,0,1,0,0,0,0,2,0,7,100,0,4026,4026,8,10,40,1,1,0,0,0
1278658,0,2021,2021,2,0,6,82,27,5,34,0,1,1,-28.559971,153.142858,51,1,0,0,0,0,0,0,2,0,7,100,1,3775,3775,0,16,13,2,1,0,1,0
1278659,0,2021,2021,2,0,9,31,24,18,36,0,1,1,-33.744742,151.111663,36,0,2,0,2,0,0,0,3,0,7,60,1,3775,3775,0,16,0,2,1,0,1,0
1278660,0,2021,2021,2,2,2,30,27,24,34609,0,1,1,-32.757211,151.445834,17,2,1,0,0,0,0,0,0,0,7,80,0,4552,5151,8,16,40,1,1,0,0,0
1278661,0,2021,2021,2,3,9,16,10,91,34609,0,1,1,-33.990941,150.901332,13,0,2,0,0,0,0,0,0,0,7,50,0,4552,5151,8,16,40,1,1,0,0,0
1278662,0,2021,2021,2,2,9,71,36,3,139,0,1,1,-33.708656,145.579688,51,1,0,1,0,0,0,0,2,0,7,100,2,9859,9859,8,5,40,1,1,1,0,0
1278664,0,2021,2021,2,6,2,51,27,28,63,0,1,9,-34.558604,150.84405,62,0,2,1,1,0,0,0,1,2,7,70,2,5929,5929,1,5,19,2,1,0,1,0
1279037,0,2021,2021,2,6,5,2,27,43,34609,0,1,1,-35.981405,144.691277,51,1,0,1,0,0,0,0,2,0,7,100,0,14295,14295,3,25,27,2,1,0,1,0
1279148,0,2021,2021,2,4,10,232,36,252,331,0,1,2,-33.953299,150.857141,41,0,2,1,2,0,0,0,0,0,7,70,2,14295,14295,3,16,0,2,1,0,1,0
1279149,0,2021,2021,2,6,11,2,27,5,34609,0,1,9,-34.24626,147.69621,51,1,0,0,0,0,0,0,0,0,7,100,0,4552,5151,8,3,40,1,1,0,0,0
1279150,0,2021,2021,2,4,11,16,36,6,41,0,1,1,-34.814808,147.285189,51,1,0,0,0,0,0,0,0,0,7,100,1,2585,4009,8,5,40,1,1,0,0,0
1279151,0,2021,2021,2,2,5,50,36,4,43,0,1,1,-36.338281,148.196287,66,2,1,0,0,0,0,0,2,0,7,60,2,204,204,1,16,0,2,1,0,0,1
1279152,0,2021,2021,2,1,10,6,10,40,34609,0,1,2,-34.013901,150.787747,12,0,2,1,2,0,3,4,0,0,7,50,0,9859,9859,8,16,40,1,1,0,0,0
1279153,0,2021,2021,2,4,5,133,17,6,121,0,1,1,-35.594792,149.143307,65,1,0,1,0,0,0,0,2,0,7,100,2,3775,3775,0,5,13,4,1,0,0,4
1279154,0,2021,2021,2,6,7,67,27,157,55,0,1,2,-34.016729,151.106226,68,0,2,0,0,0,0,0,2,0,7,70,2,2040,2040,9,5,28,2,1,0,1,0
1279155,0,2022,2022,4,2,5,3,27,18,34609,0,1,1,-34.969172,150.756817,63,2,1,0,0,0,0,0,2,0,7,80,0,3775,3775,0,0,5,2,1,1,0,0
1279156,0,2022,2022,4,3,0,81,27,609,115,0,1,10,-33.776722,150.901586,7,0,2,1,2,0,0,0,0,2,7,60,2,6545,6545,4,16,36,2,1,1,1,0
1279159,0,2021,2021,2,4,5,23,10,87,23,0,1,1,-33.915365,150.960062,41,0,2,0,1,0,0,0,2,0,7,60,1,3775,3775,0,5,10,2,1,0,1,0
1279160,0,2021,2021,2,5,3,36,27,47,34609,0,1,1,-28.830599,153.425962,2,2,1,1,0,0,0,0,2,0,7,70,0,84,84,6,22,40,1,1,0,0,0
1279167,0,2022,2022,4,6,8,44,18,103,34609,0,1,9,-34.259358,148.321423,30,1,0,0,0,0,0,0,2,0,7,100,0,782,957,5,0,40,1,2,0,0,0
1279168,0,2022,2022,4,4,4,348,17,14,232,0,1,1,-33.171092,150.001577,40,1,0,0,0,0,3,4,2,0,7,100,2,3775,3775,0,5,10,2,2,0,1,0
1279177,0,2022,2022,4,2,7,346,17,7,332,0,1,1,-28.865217,153.499271,2,2,1,0,0,0,0,0,2,0,7,80,2,3775,3775,0,9,13,2,1,0,1,1
1279178,0,2022,2022,4,3,4,4,27,2,34609,0,1,9,-30.12208,152.842438,18,1,0,0,0,2,3,3,2,0,7,100,0,1259,5151,8,16,40,1,1,0,0,0
1280493,0,2022,2022,4,4,6,168,17,6,212,0,1,1,-35.245646,149.641901,58,1,0,1,0,0,3,4,2,0,7,100,2,3775,3775,0,5,2,3,1,0,1,2
1280495,0,2022,2022,4,4,7,61,27,32,70,0,1,1,-33.681586,150.980521,71,0,2,0,1,0,0,0,2,0,7,70,1,3775,3775,0,5,13,2,1,1,1,0
1280496,0,2022,2022,4,6,0,2126,17,75,2149,1,0,10,-33.709439,150.373169,8,2,2,0,2,0,3,4,0,2,7,60,2,4552,5151,8,5,40,1,1,1,0,0
1280497,0,2022,2022,4,0,6,2209,17,3,2205,0,1,9,-35.981034,150.104602,23,1,0,1,0,0,0,0,2,0,0,100,2,2852,2852,4,5,12,2,1,0,1,0
1280498,0,2022,2022,4,0,7,7,27,11,34609,0,1,1,-32.876697,151.497224,17,2,1,0,0,0,0,0,2,0,7,80,0,3775,3775,0,16,5,2,1,2,0,0
1280499,0,2022,2022,4,2,9,9,27,70,34609,0,1,1,-34.691795,150.000239,26,1,0,0,0,0,0,0,2,0,7,100,0,418,714,5,16,40,1,1,0,0,0
1280500,0,2022,2022,4,3,6,12,27,83,34609,0,1,1,-34.46799,150.470794,78,2,1,0,1,0,0,0,2,0,7,80,0,3775,3775,0,16,36,2,1,0,1,0
1280501,0,2022,2022,4,3,8,916,17,61,917,0,1,1,-29.785886,151.731916,51,1,0,1,0,0,0,0,2,0,7,100,2,4026,4026,8,29,40,1,1,0,0,0
1280502,0,2022,2022,4,0,1,916,17,75,917,0,1,2,-32.793694,151.634121,42,1,0,1,2,0,0,0,0,0,7,90,2,121,121,9,5,28,2,1,0,1,0
1280503,0,2022,2022,4,6,5,1052,14,21,928,0,1,3,-32.922538,151.551035,37,0,2,0,0,0,3,4,2,0,7,110,2,1192,1192,1,5,10,4,1,1,0,0
1280507,0,2022,2022,4,0,11,3,27,201,34609,0,1,1,-34.012362,150.881018,13,0,2,1,3,0,3,4,0,0,7,60,0,4026,4026,8,5,40,1,1,0,0,0
1280511,0,2022,2022,4,1,6,19,27,10,7,0,1,1,-31.816759,149.121694,51,1,0,0,0,0,0,0,2,0,7,100,2,4552,5151,8,30,40,1,1,0,0,3
1280517,0,2022,2022,4,2,8,10,27,9,143,0,1,1,-34.134294,149.335042,74,1,0,0,0,0,0,0,2,0,7,100,2,2585,4009,8,16,40,1,1,0,0,0
1281401,0,2022,2022,4,2,11,481,17,96,483,0,1,1,-33.4111,147.965972,51,1,0,0,0,0,0,0,0,0,7,100,2,1957,4009,8,3,40,1,1,0,0,0
1281402,0,2022,2022,4,4,9,13,27,65,34609,0,1,1,-33.861716,150.900725,24,0,2,1,1,0,0,0,2,0,7,50,0,3775,3775,0,0,5,2,1,2,0,0
1281406,0,2022,2022,4,5,4,41,27,85,9,0,1,7,-33.728139,151.129359,36,0,2,1,1,0,0,3,2,0,0,60,1,926,926,4,5,0,2,1,0,0,0
1281408,0,2022,2022,4,3,10,3371,17,10,3342,0,1,9,-32.071572,152.438955,43,1,0,1,0,0,3,4,0,0,15,100,2,6545,6545,4,5,0,2,1,3,0,0
1281417,0,2022,2022,4,2,6,32,27,10,34609,0,1,1,-34.739445,149.682612,26,1,0,1,0,0,3,4,2,0,7,100,0,83,83,5,16,40,1,1,0,0,0
1281418,0,2022,2022,4,1,4,8,27,12,34609,0,1,1,-33.996925,148.873323,30,1,0,0,0,0,0,0,2,0,7,100,0,3775,3775,0,10,5,2,1,1,0,0
1281762,0,2021,2021,10,0,6,2,31,16,34609,0,1,1,-29.118793,153.437679,60,2,1,1,1,0,0,3,2,0,7,50,0,214,214,9,5,28,2,1,0,0,0
1281907,0,2022,2022,3,2,8,103,27,16,98,0,1,1,-33.368561,150.722187,29,2,2,0,0,0,0,3,2,0,7,80,2,1850,1463,5,16,40,2,1,0,1,0
1281908,0,2022,2022,3,3,8,481,17,27,483,0,1,1,-32.663007,148.198127,51,1,0,1,0,0,0,0,2,0,7,110,2,3775,3775,0,30,0,2,1,1,2,2
1281917,0,2022,2022,3,5,9,9,31,33,34609,0,1,1,-33.895682,151.246624,76,0,2,1,1,0,0,0,2,0,7,40,0,4026,4026,8,5,40,1,1,0,0,0
1281937,0,2022,2022,3,3,9,12,27,34,34609,0,1,1,-33.993287,150.758328,12,0,2,0,0,0,0,0,3,0,7,80,0,3775,3775,0,5,5,2,1,1,0,0
1281938,0,2022,2022,3,0,0,16,27,59,34609,0,1,9,-33.152635,151.518666,37,0,2,1,2,0,0,0,0,0,0,60,0,489,489,8,16,40,1,1,1,0,0
1281939,0,2022,2022,3,1,6,3,27,7,34609,0,1,1,-31.416018,146.743165,51,1,0,0,0,0,0,0,2,0,7,100,0,273,957,5,10,40,1,1,0,0,0
1282435,0,2022,2022,3,5,5,225,17,76,180,1,0,9,-34.551223,150.368118,78,2,1,1,1,0,0,0,2,0,7,50,2,5929,5929,1,8,19,2,1,0,1,0
1282436,0,2022,2022,4,6,11,2,31,134,34609,0,1,9,-33.989288,150.798553,12,0,2,1,2,0,0,0,0,0,2,50,0,78,78,8,16,40,1,1,0,0,0
1282958,0,2022,2022,3,4,8,1,27,6,13,0,1,9,-35.79683,146.691717,27,1,0,0,0,0,0,0,2,0,7,100,1,1259,5151,8,30,40,1,1,0,0,0
1282968,0,2022,2022,3,4,6,14,31,646,118,0,1,9,-33.93144,151.028757,15,0,2,1,1,0,0,0,2,0,0,60,1,1220,1220,9,9,28,2,1,0,1,0
1282977,0,2022,2022,3,2,8,3371,17,40,3342,0,1,9,-31.51677,152.794607,56,2,1,1,0,0,0,0,2,0,8,80,2,9859,9859,1,16,23,2,1,0,0,0
1282987,0,2022,2022,3,2,9,118,17,10,118,0,1,1,-29.95985,146.850903,51,2,1,1,0,0,0,0,3,0,7,80,2,3775,3775,0,26,32,2,2,0,0,0
1282988,0,2022,2022,3,2,10,37,27,19,52,0,1,1,-33.933673,150.580762,79,2,2,0,0,0,0,0,0,0,7,80,1,3775,3775,0,5,36,2,1,1,1,0
1282989,0,2022,2022,3,2,6,1,27,6,34609,0,1,1,-31.645906,148.473012,51,1,0,1,0,0,0,0,2,0,7,100,0,9859,9859,8,10,40,1,1,0,0,0
1282990,0,2022,2022,3,4,11,2126,17,93,2149,0,1,1,-33.421034,149.628067,3,2,1,1,0,0,0,0,0,0,7,80,2,1391,1391,1,16,19,3,1,0,1,0
1282991,0,2022,2022,3,6,10,9,36,58,32,0,1,1,-34.401969,150.900364,80,0,2,1,2,0,0,0,0,0,7,70,1,2040,2040,9,5,28,2,1,0,1,0
1283546,0,2022,2022,3,5,7,34,27,4,39,0,1,1,-35.52996,149.666603,58,1,0,0,0,0,0,3,2,0,7,100,1,3775,3775,0,10,0,2,1,0,1,0
1283548,0,2022,2022,3,4,10,17,27,4,34609,0,1,1,-33.404928,151.423035,16,2,2,1,0,0,3,4,0,0,7,60,0,84,84,8,10,40,1,1,0,0,0
1283557,0,2022,2022,3,3,7,7,23,69,34609,0,1,1,-32.903931,151.689537,48,0,2,1,1,0,0,0,2,0,7,50,0,1282,1282,1,5,40,1,1,0,0,0
1283567,0,2022,2022,3,3,8,115,27,113,173,0,1,9,-34.375087,150.831061,80,0,2,0,1,0,0,3,2,0,0,100,2,2852,2852,4,30,13,3,1,1,1,0
1283578,0,2022,2022,3,2,3,49,27,246,15,0,1,9,-33.897629,151.195544,69,0,2,1,1,0,0,0,2,2,7,50,1,217,217,1,5,19,2,1,0,1,0
1283587,0,2022,2022,3,1,9,24,36,4,56,0,1,1,-34.701785,147.586028,51,1,0,1,0,0,0,0,2,0,7,100,2,3775,3775,0,5,10,2,1,1,0,0
1284127,0,2022,2022,7,0,4,168,17,32,212,0,1,1,-35.336884,149.28943,58,2,1,0,0,0,0,0,2,0,7,80,2,3775,3775,0,5,5,2,1,0,0,1
1284128,0,2022,2022,7,2,9,1,27,78,34609,0,1,9,-33.425505,151.437802,16,2,2,1,3,0,2,6,3,0,15,50,0,489,489,8,0,40,1,1,0,0,0
1284463,0,2022,2022,3,5,7,112,17,207,112,0,1,1,-31.850819,141.919543,51,1,0,1,0,0,0,0,2,0,7,110,2,945,945,5,16,40,1,1,0,0,0
1284637,0,2022,2022,7,6,11,106,27,252,106,0,1,2,-33.926596,150.896424,41,0,2,1,2,0,0,0,0,2,7,70,2,4026,4026,8,16,40,1,1,0,0,0
1284647,0,2022,2022,7,0,4,161,17,2,161,0,1,1,-36.24102,149.067543,65,1,0,0,0,0,0,0,2,0,7,100,2,3775,3775,0,10,0,4,1,1,2,1
1284648,0,2022,2022,7,3,2,916,17,12,917,0,1,1,-30.327414,151.672467,1,1,0,0,0,0,0,0,0,0,7,100,2,3775,3775,0,5,35,2,1,0,0,0
1284650,0,2022,2022,7,2,11,481,17,19,483,0,1,1,-35.776392,145.557106,51,1,0,0,0,0,0,0,0,0,7,100,2,2585,4009,8,10,40,1,1,0,0,0
1284657,0,2022,2022,7,0,4,1,27,30,34609,0,1,1,-34.515744,150.298746,78,2,1,1,0,0,0,0,2,0,7,80,0,1109,787,1,8,27,2,1,0,1,0
1284658,0,2022,2022,7,2,10,36,27,3,82,0,1,1,-35.23683,147.335199,75,1,0,1,0,0,0,0,0,0,7,100,1,3775,3775,0,5,0,2,1,1,1,0
1285183,0,2022,2022,7,5,3,168,17,18,212,0,1,1,-35.641405,150.09795,23,1,0,0,0,0,3,4,2,0,7,90,2,1957,4009,8,9,40,1,1,0,0,0
1285193,0,2022,2022,7,6,2,118,17,29,118,0,1,1,-30.76799,150.097735,51,1,0,0,0,0,0,0,0,0,7,100,2,3775,3775,0,5,13,2,1,0,1,0
1285194,0,2022,2022,7,6,10,98,27,609,136,0,1,1,-33.779143,150.920307,7,0,2,1,2,0,0,0,0,0,7,60,2,1192,1192,1,16,5,2,1,0,1,0
1285197,0,2022,2022,7,3,0,481,17,48,483,0,1,1,-33.979118,147.158513,51,1,0,1,0,0,0,0,0,0,7,110,2,9859,9859,8,10,40,1,1,0,0,0
1285723,0,2022,2022,7,3,7,80,31,204,187,0,1,10,-33.880006,151.123447,32,0,2,0,1,0,0,0,2,0,9,60,2,2040,2040,9,10,28,2,1,0,1,0
1285724,0,2022,2022,7,1,8,109,36,18,108,0,1,10,-28.39567,153.423842,72,2,1,0,0,0,0,0,2,0,0,80,1,3775,3775,0,5,12,3,1,0,2,1
1285725,0,2022,2022,7,0,6,7,36,6,7,0,1,1,-31.571162,149.387674,51,1,0,0,0,0,0,0,2,0,7,100,1,1259,5151,8,10,40,1,1,0,0,0
1285726,0,2022,2022,7,4,6,3371,17,24,3342,0,1,2,-32.586926,152.127432,43,1,0,0,0,0,3,4,2,0,7,110,2,3775,3775,0,10,19,3,2,1,1,0
1285740,0,2022,2022,7,5,7,1,31,204,2252,0,1,10,-33.894381,150.957619,24,0,2,1,1,0,0,0,2,2,7,70,2,1669,1669,3,0,0,3,1,0,2,0
1285747,0,2022,2022,7,6,6,35,27,10,14,0,1,1,-35.111314,149.607783,26,1,0,0,0,0,0,0,2,0,7,100,1,4552,5151,8,10,40,1,1,0,0,0
1285748,0,2022,2022,7,4,10,2209,17,77,2205,0,1,2,-33.924642,151.16084,32,0,2,1,2,0,3,4,0,0,7,60,2,238,238,9,19,28,2,1,0,1,0
1285757,0,2022,2022,7,3,5,2209,17,157,2205,0,1,2,-34.011274,151.094665,68,0,2,0,1,0,3,3,2,0,7,70,2,3775,3775,0,5,0,2,1,1,1,0
1285758,0,2022,2022,7,5,6,18,27,87,100,0,1,1,-34.459892,150.425067,78,2,1,1,0,0,0,0,2,0,7,70,2,4026,4026,8,5,40,1,1,0,0,0
1285767,0,2022,2022,7,1,3,162,31,19,34609,0,1,10,-30.641581,151.504473,51,2,1,1,0,0,0,3,1,0,0,50,0,6545,6545,4,10,12,3,1,0,2,0
1285768,0,2022,2022,7,5,2,71,36,26,139,0,1,1,-33.581349,145.520801,51,1,0,1,0,0,0,0,0,0,7,100,2,9859,9859,8,30,40,1,1,0,0,0
1286034,0,2022,2022,3,3,1,916,17,10,917,0,1,1,-32.534154,151.141758,64,2,1,1,0,0,0,0,0,0,7,80,2,9859,9859,8,10,40,1,1,0,0,0
1286307,0,2022,2022,0,0,3,27,27,463,62,0,1,1,-30.284191,153.074364,19,2,1,1,0,0,0,0,1,0,7,80,1,1945,1945,5,22,40,1,1,0,0,0
1286317,0,2022,2022,0,3,2,115,27,73,46,0,1,1,-34.189947,150.631828,79,2,2,0,2,0,0,0,0,0,7,80,2,2585,4009,8,0,40,1,1,1,0,0
1286613,0,2022,2022,7,6,2,1,31,121,34609,0,1,1,-28.204543,153.546399,72,2,1,1,2,0,0,0,0,0,7,50,0,368,368,9,5,28,2,1,0,0,0
1286917,0,2022,2022,0,2,3,866,17,314,793,0,1,9,-33.846469,150.95018,21,0,2,1,1,0,3,4,1,2,7,70,2,5929,5929,1,8,12,2,1,0,1,0
1286918,0,2022,2022,0,2,4,56,23,31,144,0,1,1,-33.890256,151.091127,9,0,2,1,1,0,3,4,2,0,7,60,2,3775,3775,0,0,5,4,1,1,3,0
1286927,0,2022,2022,0,1,7,161,17,2,161,0,1,1,-35.656592,148.390361,66,1,0,1,0,0,3,4,2,0,7,100,2,3775,3775,0,29,5,2,1,0,0,1
1287223,0,2022,2022,3,6,8,31,27,3,46,0,1,1,-33.48665,150.260213,40,2,1,0,0,0,3,4,2,0,7,80,2,3775,3775,0,8,22,2,1,1,0,0
1287322,0,2021,2021,1,4,5,23,1,64,13,0,1,10,-33.701386,150.758186,55,0,2,1,1,0,0,0,2,0,0,70,1,6545,6545,4,5,2,2,1,0,0,0
1287347,0,2022,2022,7,1,5,916,17,30,917,0,1,10,-31.074166,151.027815,70,1,0,1,0,0,0,0,2,0,0,100,2,5929,5929,1,10,25,2,1,1,3,0
1287474,0,2022,2022,0,1,11,34,10,61,40,0,1,1,-35.896422,150.142888,23,1,0,1,0,0,3,0,0,0,7,100,1,9859,9859,8,5,40,1,1,0,0,0