Crash ID,Degree of crash - detailed,Reporting year,Year of crash,Month of crash,Day of week of crash,Two-hour intervals,Street of crash,Street type,Town,Route no.,School zone location,School zone active,Type of location,Latitude,Longitude,LGA,Urbanisation,Conurbation 1,Alignment,Street lighting,Road surface,Surface condition,Weather,Natural lighting,Signals operation,Other traffic control,Speed limit,Road classification,RUM - code,DCA - code,First impact type,Key TU type,Other TU type,No. of traffic units involved,No. killed,No. seriously injured,No. moderately injured,No. minor-other injured
1287487,0,2022,2022,0,4,7,1,31,140,125,0,1,9,-33.896004,151.00425,15,0,2,1,1,0,0,0,2,0,15,60,1,1945,1945,5,16,40,1,1,0,0,0
1287488,0,2022,2022,0,0,5,23,27,36,38,0,1,1,-33.500323,148.68451,11,1,0,0,0,0,0,0,2,0,7,100,2,4552,5151,8,16,40,1,1,0,0,0
1287489,0,2022,2022,0,4,1,63,17,3,63,0,1,1,-34.135057,142.152516,51,1,0,0,0,0,0,0,0,0,7,100,2,418,714,5,5,40,1,2,0,0,0
1287490,0,2022,2022,0,1,2,125,1,137,34609,0,1,1,-34.038284,151.054261,68,0,2,1,2,0,0,0,0,0,7,50,0,4026,4026,8,5,40,1,1,2,0,0
1287497,0,2022,2022,0,0,10,10,27,31,39,0,1,1,-30.944379,148.458824,51,1,0,0,0,0,0,0,0,0,7,100,1,273,957,5,10,40,1,1,1,0,0
1287498,0,2022,2022,0,2,8,35,27,304,37,0,1,1,-33.907461,151.144758,32,0,2,1,0,0,0,0,2,0,7,50,1,1945,1945,5,16,40,2,1,0,0,0
1287499,0,2022,2022,0,5,10,175,27,21,220,0,1,2,-33.733161,150.920319,7,0,2,1,2,0,3,4,0,0,7,70,2,9859,9859,8,16,40,1,1,0,0,0
1287591,0,2022,2022,0,5,8,1,27,13,1,0,1,1,-29.312475,150.551539,51,1,0,0,0,0,0,0,2,0,7,100,1,1957,4009,8,5,40,1,1,0,0,0
1288027,0,2022,2022,0,4,4,135,17,2,136,0,1,10,-35.780571,146.154497,51,1,0,1,0,0,0,1,2,0,0,100,2,6545,6545,4,0,0,2,2,0,1,1
1288037,0,2022,2022,0,0,0,143,31,90,181,0,1,10,-33.88936,151.233108,81,0,2,0,2,0,3,4,0,2,7,60,2,2585,4009,8,15,40,1,1,0,0,0
1288038,0,2022,2022,0,2,9,265,17,14,193,0,1,1,-34.044671,148.550093,30,1,0,1,1,0,0,0,3,0,7,100,2,368,368,9,30,28,2,1,0,1,0
1288039,0,2022,2022,0,1,4,3371,17,32,3342,0,1,2,-31.93672,152.484212,43,1,0,1,0,0,3,3,2,0,7,110,2,9859,9859,8,5,40,1,1,1,0,0
1288040,0,2022,2022,0,2,5,346,17,103,332,0,1,1,-28.816142,153.337023,39,2,1,1,0,0,0,0,2,0,7,60,2,1945,1945,5,22,40,1,1,0,0,0
1288547,0,2022,2022,0,4,9,334,17,3,308,0,1,1,-31.035726,150.816417,70,2,1,1,0,0,0,0,3,0,7,60,2,3775,3775,0,5,0,2,1,1,0,0
1288557,0,2022,2022,0,2,2,2209,17,40,2205,0,1,9,-34.960548,150.599265,63,1,0,1,0,0,3,4,0,0,7,100,2,1220,1220,9,8,28,3,1,0,0,0
1288558,0,2022,2022,0,2,6,97,10,9,34609,0,1,1,-28.617797,153.443461,10,2,1,1,0,0,0,0,2,0,7,80,0,945,945,5,16,40,1,1,0,0,0
1288559,0,2022,2022,0,5,10,475,10,523,268,1,0,2,-33.916502,150.91112,41,0,2,1,2,0,3,4,0,0,7,70,2,3775,3775,0,5,0,2,1,3,2,0
1288567,0,2022,2022,8,3,0,3371,17,90,3342,0,1,2,-28.227177,153.557933,72,1,0,0,2,0,0,0,0,0,7,100,2,368,368,9,0,28,3,1,0,2,0
1288568,0,2022,2022,8,3,4,24,27,57,36,0,1,1,-33.616208,150.98912,71,0,2,0,1,0,0,0,2,0,7,60,1,4552,5151,8,5,40,1,1,0,0,0
1288569,0,2022,2022,8,1,6,916,17,165,917,0,1,1,-32.22417,150.900831,46,1,0,1,1,0,0,0,2,0,7,100,2,3775,3775,0,34,10,3,1,0,2,0
1289082,0,2022,2022,8,6,5,512,17,11,441,0,1,1,-32.940935,148.891981,11,1,0,1,0,0,3,4,2,0,7,100,2,9859,9859,8,21,40,1,1,0,0,0
1289084,0,2022,2022,0,2,4,2126,17,94,2149,0,1,1,-33.776446,150.801161,55,0,2,1,1,0,3,4,2,0,7,80,2,14295,14295,3,5,5,3,1,0,2,0
1289085,0,2022,2022,8,6,6,103,36,14,103,0,1,1,-32.34364,151.92735,43,2,1,0,0,0,0,0,2,0,7,60,1,3775,3775,0,0,35,2,1,0,1,0
1289087,0,2022,2022,8,3,7,92,31,11,34609,0,1,10,-32.700812,151.602811,42,2,1,1,1,0,0,0,2,0,0,50,0,4026,4026,8,0,40,2,1,1,0,0
1289097,0,2022,2022,8,1,6,234,27,112,217,0,1,1,-33.66829,151.025638,71,0,2,1,1,0,0,0,2,0,7,70,2,9859,9859,8,0,40,1,1,0,0,0
1289098,0,2022,2022,8,5,5,178,27,115,101,0,1,1,-33.95624,151.051589,25,0,2,1,0,0,0,0,2,0,8,50,1,2040,2040,9,16,28,2,1,0,1,0
1289107,0,2022,2022,8,6,5,9,31,63,13,0,1,9,-33.926565,151.206247,4,0,2,1,1,0,0,0,2,0,7,50,1,2040,2040,9,0,28,2,1,0,0,0
1289182,0,2022,2022,3,3,2,103,27,29,256,0,1,1,-34.210531,150.797808,79,2,2,0,0,0,3,3,0,0,7,80,2,2040,2040,9,10,28,2,1,0,1,0
1289697,0,2022,2022,8,4,8,1052,14,46,928,0,1,3,-33.300698,151.403736,16,1,2,1,0,0,3,4,3,0,7,110,2,1945,1945,5,16,40,2,1,0,1,0
1290347,0,2022,2022,8,2,10,1,27,2,34609,0,1,1,-35.684116,147.112478,27,1,0,1,0,0,0,0,0,0,7,100,0,4026,4026,8,10,40,1,1,0,0,0
1290357,0,2022,2022,8,3,7,194,31,15,34609,0,1,1,-34.583643,150.504416,78,2,1,1,0,0,3,3,2,0,7,80,0,945,945,5,16,40,1,1,0,0,0
1290368,0,2022,2022,8,6,4,916,17,12,917,0,1,1,-31.124212,150.981034,70,2,1,1,0,0,0,0,2,0,7,80,2,9859,9859,8,5,40,1,1,0,0,0
1290980,0,2022,2022,8,6,9,39,27,64,563,0,1,2,-33.885597,151.039952,21,0,2,1,2,0,0,0,0,0,7,80,2,1220,1220,9,3,28,2,1,0,1,0
1290981,0,2022,2022,8,4,9,115,27,113,173,0,1,1,-34.286863,150.722047,79,1,2,1,0,0,0,0,0,0,7,100,2,1383,1383,1,3,5,2,1,0,1,0
1290987,0,2022,2022,8,5,3,37,1,64,34609,0,1,10,-33.699677,150.745109,55,0,2,1,0,0,0,3,2,0,0,70,0,6545,6545,4,30,22,2,1,1,0,0
1291007,0,2022,2022,8,4,11,916,17,5,917,0,1,1,-29.969708,151.72365,51,1,0,0,0,0,3,1,0,0,7,100,2,2585,4009,8,0,40,1,1,0,0,0
1291008,0,2022,2022,8,3,11,103,36,3,103,0,1,1,-32.155997,151.948906,43,2,1,0,2,0,0,0,0,0,7,60,1,2585,4009,8,5,40,1,1,0,0,0
1291009,0,2022,2022,8,0,6,344,27,120,163,0,1,2,-33.744435,150.875174,7,0,2,0,0,0,0,0,2,0,7,70,2,1220,1220,9,5,28,2,1,0,1,0
1291010,0,2022,2022,8,1,10,112,17,4,112,0,1,1,-31.53483,146.361427,51,1,0,1,0,0,3,4,0,0,7,110,2,96,96,0,0,13,3,1,0,3,1
1291657,0,2022,2022,6,2,3,46,27,5,43,0,1,1,-35.624269,146.634886,27,1,0,1,0,0,3,5,2,0,7,100,1,4026,4026,8,30,40,1,1,0,0,0
1292257,0,2022,2022,6,6,6,334,17,37,308,0,1,9,-30.974288,151.489533,51,1,0,1,0,0,0,0,2,0,0,100,2,2852,2852,4,5,10,2,2,1,1,1
1292267,0,2022,2022,7,3,11,866,17,171,793,0,1,10,-33.807257,150.969318,21,0,2,1,2,0,3,4,0,2,7,70,2,6545,6545,4,5,5,2,2,0,0,0
1292268,0,2022,2022,6,4,5,2126,17,33,2149,0,1,2,-33.464531,150.123143,40,1,0,1,0,0,0,0,2,0,7,100,2,1192,1192,1,5,27,2,1,0,1,0
1292277,0,2022,2022,6,5,7,92,31,225,34609,0,1,10,-33.791579,151.198622,77,0,2,1,1,0,0,0,2,2,9,50,0,2040,2040,9,8,28,2,1,0,1,0
1292287,0,2022,2022,6,2,6,2261,17,70,2252,0,1,2,-34.593332,150.243666,78,1,0,1,0,0,0,0,2,0,7,110,2,4026,4026,8,5,40,1,1,0,2,0
1292760,0,2022,2022,8,3,5,44,27,23,126,0,1,1,-32.772478,151.865651,57,2,1,0,0,0,0,0,2,0,7,80,2,4552,5151,8,5,40,1,1,0,0,0
1292861,0,2022,2022,6,6,8,4,27,77,34609,0,1,1,-30.29747,149.635401,51,1,0,1,0,0,0,0,3,0,7,100,0,96,96,0,10,13,2,3,0,0,0
1292862,0,2022,2022,6,2,0,120,36,9,148,0,1,1,-30.375278,152.564145,6,1,0,0,0,0,3,0,0,0,7,100,2,3775,3775,0,5,13,2,1,1,0,0
1292867,0,2022,2022,6,3,5,30,10,19,30,0,1,1,-33.291368,151.235282,16,2,2,1,0,0,0,0,2,0,7,60,1,9859,9859,8,16,40,1,1,0,0,0
1292869,0,2022,2022,6,5,3,109,27,70,62,0,1,1,-32.746552,151.5448,42,2,1,1,0,0,0,1,0,0,7,60,2,9859,9859,1,8,13,3,1,0,1,0
1293402,0,2022,2022,6,0,10,16,36,6,41,0,1,1,-34.798344,147.069967,51,1,0,0,0,0,0,0,0,0,7,100,1,2585,4009,8,5,40,1,1,0,0,0
1293404,0,2022,2022,6,3,6,2261,17,70,2252,0,1,2,-34.663084,150.073556,26,1,0,0,0,0,0,0,2,0,7,110,2,4552,5151,8,0,40,1,1,0,0,0
1293405,0,2022,2022,6,4,7,2,10,48,34609,0,1,1,-32.728416,152.135385,57,2,1,0,1,0,0,0,2,0,7,50,0,220,220,8,5,40,1,1,0,0,0
1293966,0,2022,2022,6,1,5,37,31,273,87,0,1,10,-34.425872,150.899792,80,0,2,1,1,0,0,0,2,2,9,60,2,1220,1220,9,19,28,2,1,0,1,0
1293978,0,2022,2022,6,2,7,100,27,109,799,0,1,9,-33.900755,151.144834,32,0,2,1,1,0,0,0,2,2,9,60,2,1220,1220,9,9,28,2,1,0,1,0
1293987,0,2022,2022,6,0,9,1052,14,83,928,0,1,3,-33.476381,151.189439,16,1,2,1,0,0,3,3,0,0,7,110,2,14295,14295,3,0,18,2,1,0,0,0
1294492,0,2022,2022,6,4,5,3371,17,40,3342,0,1,2,-33.821455,151.185858,38,0,2,1,1,0,0,0,2,2,9,60,2,2040,2040,9,5,28,2,1,0,0,0
1294616,0,2022,2022,5,6,9,191,17,6,189,0,1,1,-32.343846,150.587347,46,2,1,0,0,0,3,0,0,0,7,60,2,83,83,5,10,40,1,1,0,0,0
1294617,0,2022,2022,5,2,6,135,17,12,136,0,1,1,-36.007246,146.731011,27,1,0,0,0,0,0,0,2,0,7,100,2,4552,5151,8,16,40,1,1,0,0,0
1295123,0,2022,2022,5,0,6,5,27,5,34609,0,1,1,-28.837444,153.125719,60,1,0,1,0,0,0,0,2,0,7,100,0,1945,1945,5,16,40,2,1,0,0,0
1295127,0,2022,2022,5,3,1,2209,17,35,2205,0,1,2,-34.055275,151.04342,68,0,2,1,2,0,0,0,0,0,7,80,2,9859,9859,8,30,40,1,1,0,0,0
1295128,0,2022,2022,5,3,11,36,27,44,34609,0,1,1,-28.829061,153.419815,2,2,1,1,0,0,0,0,0,0,7,70,0,2040,2040,9,34,28,2,1,0,1,0
1295640,0,2022,2022,5,1,9,500,27,145,799,0,1,10,-33.930532,151.06721,15,0,2,1,2,0,0,0,3,0,7,60,2,3775,3775,0,5,0,3,1,2,0,0
1296203,0,2022,2022,5,5,11,3371,17,20,3342,0,1,2,-29.528766,153.196069,18,1,0,1,0,0,0,0,0,0,7,110,2,2040,2040,9,0,28,2,1,0,0,0
1296204,0,2022,2022,5,6,7,2,27,5,34609,0,1,1,-30.134452,148.948822,51,1,0,0,0,0,0,0,2,0,7,100,0,782,957,5,10,40,1,1,1,0,0
1296211,0,2022,2022,5,4,5,2126,17,139,2149,0,1,2,-33.875751,151.128897,32,0,2,1,0,0,0,0,2,0,7,60,2,2040,2040,9,5,28,2,1,0,1,0
1296213,0,2022,2022,5,3,8,22,10,19,57,0,1,1,-28.831868,153.532109,2,2,1,0,0,0,0,0,0,0,7,80,1,2040,2040,9,10,28,2,1,0,1,0
1296214,0,2022,2022,5,2,0,2261,17,443,2252,0,1,2,-33.891112,151.058196,15,0,2,1,2,0,3,4,0,0,7,70,2,9859,9859,8,16,40,1,1,0,0,0
1296807,0,2022,2022,1,2,9,154,27,55,244,0,1,9,-33.902829,151.082628,15,0,2,1,2,0,0,0,3,0,7,60,2,5929,5929,1,0,19,2,1,0,1,0
1296810,0,2022,2022,1,0,8,1104,14,460,962,0,1,3,-33.819653,150.982742,21,0,2,1,1,0,0,0,2,0,7,90,2,14295,14295,3,5,5,3,1,1,0,0
1296817,0,2022,2022,1,0,11,14,27,7,39,0,1,1,-31.399804,150.236201,51,1,0,0,0,0,3,4,0,0,7,100,1,380,714,5,10,40,1,1,0,0,1
1296821,0,2022,2022,1,3,8,213,17,7,213,0,1,1,-29.741655,151.567421,51,1,0,0,0,0,0,0,3,0,7,100,2,782,957,5,0,40,1,1,0,0,0
1297360,0,2022,2022,1,4,6,18,36,9,8,0,1,1,-35.677421,146.327719,51,1,0,0,0,0,3,4,2,0,7,100,1,3775,3775,0,3,35,2,1,0,0,1
1297379,0,2022,2022,1,1,9,265,10,445,563,0,1,9,-33.859571,151.042915,21,0,2,1,2,0,0,0,0,0,0,70,2,5929,5929,1,10,19,2,1,0,0,0
1297934,0,2022,2022,1,6,8,115,27,20,173,0,1,2,-34.325748,150.773442,80,0,2,1,0,0,0,0,3,0,7,100,2,9859,9859,8,30,40,1,1,0,0,0
1297936,0,2022,2022,1,0,7,7,10,119,34609,0,1,9,-32.763393,151.757869,57,2,1,1,0,0,0,3,2,0,7,50,0,5929,5929,1,9,19,2,1,0,1,0
1297938,0,2022,2022,1,5,7,1,27,27,34609,0,1,1,-30.924016,143.466821,51,1,0,1,0,2,0,0,2,0,7,100,0,1945,1945,5,16,40,1,1,0,0,0
1298335,0,2022,2022,6,0,6,171,27,113,369,0,1,9,-33.786098,150.703067,55,0,2,1,2,0,0,0,2,2,7,70,2,5929,5929,1,5,5,2,1,0,0,1
1298480,0,2022,2022,1,4,11,20,27,162,34609,0,1,10,-33.836782,150.911468,24,0,2,1,2,0,0,0,0,2,7,50,0,6545,6545,4,29,22,2,1,1,4,0
1298481,0,2022,2022,1,0,8,1,27,3,34609,0,1,1,-30.221937,152.872991,19,1,0,1,0,0,0,0,3,0,7,100,0,1089,1089,7,16,40,1,1,0,0,0
1299031,0,2022,2022,11,4,9,3,27,6,34609,0,1,1,-34.578451,150.217361,78,2,1,0,0,0,0,0,0,0,7,80,0,2585,4009,8,16,40,1,1,0,0,0
1299032,0,2022,2022,1,1,10,3,31,10,34609,0,1,9,-28.476086,152.544388,51,2,1,1,2,0,0,0,0,0,7,50,0,3775,3775,0,5,36,2,1,1,0,0
1299033,0,2022,2022,1,5,7,348,17,10,232,0,1,1,-32.327558,149.469948,44,1,0,1,0,0,0,0,2,0,7,100,2,4026,4026,8,9,40,1,1,0,0,0
1299034,0,2022,2022,11,2,4,1052,14,23,928,0,1,3,-33.330672,151.38482,16,1,2,0,0,0,3,4,2,0,7,110,2,1259,5151,1,0,36,2,2,1,0,0
1299035,0,2022,2022,1,3,7,112,27,19,769,0,1,1,-33.550303,150.382747,8,2,2,0,0,0,3,3,2,0,7,80,2,96,96,0,16,10,2,1,0,1,0
1299039,0,2021,2021,10,2,8,28,31,105,34609,0,1,1,-32.590801,149.586884,44,2,1,1,1,0,0,0,3,0,7,40,0,84,84,8,14,40,1,1,0,0,0
1299040,0,2022,2022,11,0,2,16,27,10,17,0,1,1,-35.01129,149.098624,82,1,0,0,0,0,0,1,0,0,7,100,1,4552,5151,8,0,40,1,1,0,0,0
1299610,0,2022,2022,11,3,7,157,17,36,158,0,1,1,-33.909105,148.263371,51,1,0,0,0,0,0,0,2,0,7,100,2,4552,5151,8,5,40,1,1,0,0,0
1299611,0,2022,2022,11,5,9,69,23,4,34609,0,1,1,-34.263295,150.5283,78,2,1,1,2,0,3,3,0,0,7,60,0,4026,4026,8,10,40,1,5,0,1,0
1299614,0,2022,2022,11,5,10,103,36,4,157,0,1,1,-28.444787,152.85778,51,1,0,1,0,0,0,0,0,0,7,100,2,4026,4026,8,5,40,1,1,0,0,0
1299617,0,2022,2022,11,3,6,78,27,10,228,0,1,1,-33.051703,151.133394,17,2,1,0,0,0,0,0,2,0,7,80,1,1850,1463,5,16,40,2,1,0,1,0
1299618,0,2022,2022,11,3,6,2209,17,5,2205,0,1,1,-36.955806,149.86621,5,1,0,0,0,0,0,0,2,0,7,100,2,1383,1383,1,30,41,3,1,0,3,1
1300204,0,2022,2022,11,5,4,9,27,11,34609,0,1,1,-28.312802,153.425577,72,1,0,1,0,0,0,0,2,0,7,100,0,96,96,0,0,5,3,1,0,1,2
1300205,0,2022,2022,11,2,10,2,27,20,34609,0,1,1,-32.296533,152.309604,43,2,1,0,0,2,0,0,0,0,7,80,0,1850,1463,5,16,40,1,1,0,0,0
1300206,0,2022,2022,11,6,7,24,27,7,24,0,1,1,-28.31,153.311889,72,2,1,0,0,0,0,3,2,0,7,80,1,3775,3775,0,16,22,2,1,0,1,0
1300207,0,2022,2022,11,0,7,36,27,23,39,0,1,1,-32.3878,149.313456,44,1,0,1,0,0,0,0,2,0,7,100,2,96,96,0,0,41,2,2,5,0,0
1300208,0,2022,2022,11,0,9,481,17,10,483,0,1,1,-32.900274,148.239731,53,1,0,0,0,0,0,0,3,0,7,110,2,96,96,0,10,13,2,1,1,0,0
1300210,0,2022,2022,11,3,7,10,27,5,34609,0,1,1,-30.783782,152.697042,47,1,0,1,0,2,0,0,2,0,7,100,0,1089,1089,7,16,40,1,1,0,0,0
1300220,0,2022,2022,5,1,2,36,27,438,34609,0,1,1,-33.864026,151.018494,21,0,2,1,2,0,0,1,1,0,7,50,0,2040,2040,9,10,28,2,1,0,0,0
1300728,0,2022,2022,11,1,4,5,27,98,34609,0,1,1,-31.041508,150.21684,51,1,0,0,0,0,0,0,2,0,7,100,0,1850,1463,5,5,40,1,1,0,0,0
1300738,0,2022,2022,11,3,1,106,27,76,106,0,1,2,-33.92672,150.869992,41,0,2,1,2,0,0,0,0,0,7,70,2,9859,9859,8,5,40,1,1,1,0,0
1300904,0,2022,2022,11,4,7,6,1,123,34609,0,1,9,-33.83372,148.691387,51,2,1,1,1,0,3,4,2,0,7,50,0,4026,4026,8,5,40,1,1,0,0,0
1301271,0,2022,2022,11,1,2,99,31,237,105,0,1,1,-33.872428,150.945776,24,0,2,1,1,0,0,0,1,0,7,60,1,1220,1220,9,5,28,2,1,0,0,0
1301274,0,2022,2022,11,3,9,1052,14,23,928,0,1,3,-33.317036,151.396147,16,1,2,1,0,0,0,0,0,0,7,110,2,4026,4026,8,5,40,1,1,0,0,0
1301275,0,2022,2022,11,4,9,3371,17,11,3342,0,1,2,-28.346872,153.524997,72,1,0,1,0,0,0,0,3,0,7,110,2,1220,1220,9,5,28,3,1,0,2,0
1301276,0,2022,2022,11,4,6,30,10,42,26,0,1,9,-36.014009,146.354281,51,2,1,0,0,0,0,0,2,0,7,80,2,3775,3775,0,9,10,2,1,0,1,0
1301280,0,2022,2022,11,0,6,3371,17,16,3342,0,1,2,-31.924237,152.508387,43,1,0,0,0,0,0,3,2,0,7,110,2,1957,4009,8,5,40,1,1,0,1,0
1301281,0,2022,2022,11,0,9,77,31,39,16,0,1,10,-33.775265,150.751763,55,0,2,1,2,0,3,4,0,2,9,80,2,1220,1220,9,5,28,2,1,0,1,0
1301282,0,2022,2022,11,0,9,348,27,23,15,0,1,1,-33.661657,150.672099,55,0,2,1,0,0,3,4,0,0,7,80,1,121,121,9,10,28,2,1,0,1,0
1301283,0,2022,2022,10,2,5,1,27,32,34609,0,1,1,-32.233585,150.416365,73,1,0,0,0,2,0,0,2,0,7,100,0,2585,4009,8,0,40,1,1,1,0,1
1301284,0,2022,2022,10,3,0,1,27,4,34609,0,1,1,-35.875607,146.802602,27,1,0,0,0,0,0,0,0,0,7,100,0,4552,5151,8,5,40,1,1,0,0,0
1301285,0,2022,2022,10,6,9,225,17,85,180,0,1,1,-34.571199,150.769457,62,0,2,1,2,0,3,4,0,0,7,50,2,1220,1220,9,10,28,2,1,0,1,0
1301286,0,2022,2022,10,4,6,132,31,252,126,0,1,10,-33.89042,151.209134,69,0,2,1,1,0,3,4,2,2,9,50,2,340,340,9,5,28,2,1,0,1,0
1301288,0,2022,2022,11,0,9,78,17,34,58,0,1,1,-34.979441,149.025228,82,1,0,1,0,0,0,0,0,0,7,100,2,368,368,9,10,28,2,1,0,1,0
1301289,0,2022,2022,10,3,7,168,17,47,212,0,1,1,-35.250566,149.481835,58,1,0,1,0,0,0,0,2,0,7,100,2,3775,3775,0,0,0,2,1,0,1,1
1301290,0,2022,2022,10,3,8,512,17,19,441,0,1,1,-32.361979,148.79382,22,1,0,0,0,0,0,0,2,0,7,110,2,3775,3775,0,5,0,2,1,2,0,0
1301291,0,2022,2022,10,5,2,1,31,7,34609,0,1,1,-32.732105,151.623988,42,2,1,0,2,0,0,0,0,0,7,70,0,2585,4009,8,21,40,1,1,0,0,0
1301292,0,2022,2022,10,5,0,2209,17,64,2205,0,1,10,-34.383526,150.90031,80,0,2,1,2,0,0,0,0,2,7,80,2,4026,4026,8,5,40,1,1,0,0,1
1301293,0,2022,2022,10,6,5,90,36,13,102,0,1,1,-34.280101,146.125369,28,1,0,1,0,0,3,4,2,0,7,100,2,9859,9859,8,5,40,1,1,0,0,0
1301783,0,2022,2022,10,2,2,12,31,218,34609,0,1,9,-33.774818,150.776681,55,0,2,1,2,0,3,3,1,0,7,50,0,489,489,8,0,40,2,1,1,0,0
1301784,0,2022,2022,10,2,8,293,27,6,172,0,1,1,-32.953438,151.655837,37,0,2,1,1,0,3,4,2,0,7,70,2,9859,9859,8,5,40,1,1,0,0,0
1301785,0,2022,2022,0,6,8,37,31,198,41,0,1,10,-33.913061,151.104065,15,0,2,1,0,0,3,4,2,2,9,40,1,2040,2040,9,0,28,3,1,0,0,1
1301937,0,2022,2022,1,3,5,9,1,12,34609,0,1,1,-36.199402,150.127104,23,2,1,0,1,0,0,0,2,0,7,50,0,220,220,1,5,13,3,1,0,0,0
1302271,0,2022,2022,10,4,3,78,17,34,58,0,1,1,-34.924008,148.991839,82,1,0,1,1,0,0,0,1,0,7,100,2,3775,3775,0,0,13,2,1,0,0,1
1302273,0,2022,2022,10,2,9,27,31,107,34609,1,0,7,-29.683644,152.932816,18,2,1,1,2,0,0,0,0,0,0,50,0,1220,1220,9,5,28,2,1,0,1,0
1302274,0,2022,2022,10,0,10,21,27,39,34609,0,1,9,-33.552924,150.82729,29,2,2,1,0,0,0,0,0,0,7,80,0,83,83,5,34,40,1,1,0,0,0
1302509,0,2022,2022,11,5,6,916,17,105,917,0,1,9,-32.720037,151.537086,42,2,1,1,0,0,0,0,2,0,7,60,2,3775,3775,0,5,5,3,1,0,0,3
1302776,0,2022,2022,10,3,6,1,27,16,34609,0,1,1,-34.741483,143.429611,51,1,0,1,0,0,0,3,2,0,7,100,0,1089,1089,7,16,40,1,1,0,0,0
1302777,0,2022,2022,10,6,8,5,27,25,80,0,1,1,-33.015216,151.701716,37,0,2,0,1,0,0,0,2,0,7,60,1,1981,1981,4,10,19,2,1,0,1,0
1303078,0,2022,2022,11,1,7,2209,17,40,2205,0,1,1,-35.783121,150.142191,23,2,1,1,1,0,0,0,2,0,7,50,2,2040,2040,9,21,28,2,1,0,0,0
1303202,0,2022,2022,10,1,6,6,25,175,34609,1,0,10,-33.772524,151.082426,54,0,2,1,1,0,0,0,2,2,9,50,0,2040,2040,9,9,28,2,1,0,1,0
1303271,0,2022,2022,10,1,10,3371,17,49,3342,0,1,2,-33.187345,151.531902,16,2,2,1,0,0,3,4,0,0,7,80,2,3775,3775,0,0,5,2,1,1,0,0
1303785,0,2022,2022,9,5,1,8,27,3,34609,0,1,1,-28.186324,153.465601,72,2,1,0,0,0,3,2,0,0,7,60,0,2585,4009,8,16,40,1,1,0,0,0
1303786,0,2022,2022,10,1,11,25,27,11,34609,0,1,1,-34.507102,149.077024,74,1,0,1,0,2,3,4,0,0,7,100,0,404,404,8,10,40,1,2,0,0,1
1303792,0,2022,2022,9,5,10,916,17,9,917,0,1,1,-32.410071,151.012546,64,1,0,1,0,0,3,4,0,0,7,100,2,9859,9859,8,10,40,1,1,1,0,0
1303797,0,2022,2022,9,2,11,127,27,19,103,0,1,9,-32.906443,151.747424,48,0,2,1,2,0,0,0,0,0,7,60,1,9859,9859,1,5,5,3,1,1,1,0
1304324,0,2022,2022,9,5,3,97,17,53,88,0,1,2,-35.156878,149.325287,82,1,0,0,0,0,0,0,2,0,7,110,2,3775,3775,0,30,2,3,1,0,1,0
1304338,0,2022,2022,9,0,2,1,1,32,34609,0,1,1,-33.755537,150.824244,7,0,2,1,2,0,0,0,1,0,7,50,0,214,214,9,0,28,3,1,0,1,0
1304339,0,2022,2022,9,2,5,11,10,65,34609,0,1,1,-36.044467,146.990609,0,2,1,0,0,0,0,0,2,0,7,60,0,4552,5151,8,0,40,1,1,1,0,0
1304340,0,2022,2022,9,2,7,22,27,10,148,0,1,1,-30.535893,151.810713,1,2,1,0,0,0,0,0,2,0,7,60,2,4552,5151,8,10,40,1,1,0,0,0
1304347,0,2022,2022,9,2,6,916,17,12,917,0,1,1,-30.314131,151.690189,1,1,0,1,1,0,0,3,2,0,7,100,2,14295,14295,3,0,13,3,1,0,1,0
1304349,0,2022,2022,9,1,6,24,1,609,115,0,1,10,-33.765545,150.911054,7,0,2,1,1,0,0,0,2,2,9,60,2,2040,2040,9,9,28,2,1,0,1,0
1304350,0,2022,2022,9,1,4,213,17,4,213,0,1,1,-29.784646,151.349441,33,1,0,0,0,0,0,0,2,0,7,100,2,3775,3775,0,0,2,2,1,0,1,0
1304897,0,2022,2022,9,3,6,3371,17,463,3342,0,1,9,-30.282549,153.128388,19,2,1,1,1,0,0,0,2,2,7,60,2,256,256,4,0,5,3,1,3,0,2
1304907,0,2022,2022,9,3,8,78,31,82,34609,0,1,1,-33.824784,151.207228,49,0,2,1,1,0,3,3,2,0,7,50,0,9859,9859,8,5,40,1,1,4,0,0
1304908,0,2022,2022,9,1,5,6,18,11,34609,0,1,1,-30.981744,150.795786,70,1,0,1,0,0,0,0,2,0,7,100,0,4026,4026,8,5,40,1,1,0,0,0
1305071,0,2022,2022,9,4,3,163,27,226,165,0,1,2,-33.764451,150.819108,7,0,2,1,1,0,0,0,2,0,7,60,1,3775,3775,0,22,10,2,1,0,1,0
1305072,0,2022,2022,9,4,5,916,17,8,917,0,1,1,-31.31391,150.890313,70,1,0,0,0,0,0,0,2,0,7,100,2,2585,4009,8,34,40,1,1,0,0,0
1305098,0,2022,2022,9,4,5,387,27,115,331,0,1,2,-33.960166,151.060931,25,0,2,1,0,0,0,0,2,0,7,60,2,1981,1981,4,5,5,2,1,1,0,0
1305508,0,2022,2022,9,2,11,154,27,443,244,0,1,2,-33.909969,151.075144,15,0,2,1,2,0,0,0,0,0,7,60,2,190,190,1,16,5,2,1,0,0,0
1306090,0,2022,2022,9,4,3,10,27,41,52,0,1,1,-30.351338,153.097251,19,2,1,1,1,0,0,0,2,0,7,50,1,57,57,1,22,10,2,1,0,1,0