Crash ID,Degree of crash - detailed,Reporting year,Year of crash,Month of crash,Day of week of crash,Two-hour intervals,Street of crash,Street type,Town,Route no.,School zone location,School zone active,Type of location,Latitude,Longitude,LGA,Urbanisation,Conurbation 1,Alignment,Street lighting,Road surface,Surface condition,Weather,Natural lighting,Signals operation,Other traffic control,Speed limit,Road classification,RUM - code,DCA - code,First impact type,Key TU type,Other TU type,No. of traffic units involved,No. killed,No. seriously injured,No. moderately injured,No. minor-other injured
1306092,0,2022,2022,9,0,8,3371,17,65,3342,0,1,2,-30.387793,153.039397,19,1,0,1,0,0,0,3,2,0,7,110,2,4026,4026,8,30,40,1,1,0,0,0
1306093,0,2022,2022,9,3,5,65,10,132,148,0,1,1,-34.116002,151.062886,68,0,2,0,0,0,0,0,2,0,7,60,2,3775,3775,0,16,5,2,1,2,0,0
1306097,0,2022,2022,9,5,7,1,27,10,34609,0,1,1,-33.875088,145.761829,51,1,0,1,0,0,0,0,2,0,7,100,0,9859,9859,8,29,40,1,1,0,0,0
1306098,0,2022,2022,9,5,4,115,27,138,114,0,1,9,-33.865416,151.278183,81,0,2,1,1,0,0,0,2,0,7,50,2,1220,1220,9,0,28,2,1,0,0,0
1306099,0,2022,2022,2,4,5,3,31,278,34609,0,1,1,-33.774745,151.052425,54,0,2,0,1,0,0,0,2,0,7,50,0,186,186,9,5,28,4,1,2,0,0
1306108,0,2022,2022,2,4,11,255,27,15,260,0,1,10,-32.992087,151.600055,37,0,2,1,2,0,0,3,0,2,7,60,2,6545,6545,4,10,19,3,1,1,1,0
1306109,0,2022,2022,2,0,8,4,27,4,34609,0,1,1,-34.681077,149.733027,26,1,0,0,0,0,0,0,2,0,7,100,0,1981,1981,4,10,13,2,1,0,1,1
1306110,0,2022,2022,2,0,11,1104,11,130,770,0,1,2,-33.870705,151.190497,69,0,2,0,2,0,0,0,0,0,7,60,2,204,204,1,5,5,6,2,1,1,0
1306111,0,2022,2022,2,0,10,2209,17,3,2205,0,1,1,-35.976848,150.102697,23,1,0,1,2,0,0,0,3,0,7,100,2,945,945,5,16,40,1,1,0,0,0
1306703,0,2022,2022,9,2,3,1,27,2,34609,0,1,1,-31.992463,150.759614,73,1,0,1,0,0,3,0,2,0,7,100,0,1945,1945,5,22,40,1,1,0,0,0
1306704,0,2022,2022,2,4,5,213,17,7,213,0,1,1,-29.728137,151.581146,51,1,0,0,0,0,0,0,2,0,7,100,2,3775,3775,0,0,2,2,1,1,0,0
1306707,0,2022,2022,2,0,11,2,18,15,34609,0,1,1,-35.669762,146.873921,27,2,1,1,0,2,0,0,0,0,7,60,0,475,475,5,10,40,1,1,0,0,0
1306717,0,2022,2022,2,3,8,2126,17,65,2149,0,1,10,-33.542439,150.167068,40,2,1,1,1,0,0,0,2,0,15,80,2,926,926,4,5,0,2,1,1,1,0
1306719,0,2022,2022,2,6,6,2209,17,106,2205,0,1,2,-33.8849,151.194579,69,0,2,1,1,0,0,0,2,0,7,50,2,340,340,9,21,28,2,1,0,1,0
1306720,0,2022,2022,2,0,8,95,27,106,605,0,1,2,-33.671154,151.313281,50,0,2,0,1,0,0,0,2,0,7,60,2,4552,5151,8,5,40,1,1,0,1,0
1307281,0,2022,2022,2,6,8,475,31,532,75,0,1,10,-33.878399,151.20927,69,0,2,1,1,0,0,0,2,2,9,40,1,1220,1220,9,19,28,2,1,0,1,0
1307298,0,2022,2022,2,2,5,147,27,224,605,0,1,9,-33.824474,151.239629,45,0,2,1,1,0,0,0,2,0,0,60,2,14295,14295,3,21,5,2,1,0,1,3
1307698,0,2022,2022,2,5,10,194,31,273,34609,0,1,2,-34.429399,150.89442,80,0,2,1,2,0,0,0,0,0,7,50,0,2040,2040,9,5,28,2,1,0,1,0
1307848,0,2022,2022,2,0,4,25,31,90,34609,0,1,9,-33.714378,150.305786,8,2,2,1,0,0,3,0,2,0,7,50,0,1945,1945,5,22,40,1,1,0,0,0
1307852,0,2022,2022,2,4,9,128,27,61,133,0,1,1,-33.850799,150.655982,55,0,2,0,0,0,3,4,2,0,7,80,2,3775,3775,0,5,13,2,1,0,1,0
1307853,0,2022,2022,2,4,5,8,27,1,11,0,1,1,-35.187218,144.074103,51,1,0,0,0,0,0,0,2,0,7,100,1,1259,5151,8,10,40,1,1,0,0,2
1307854,0,2022,2022,2,4,8,344,27,7,382,0,1,9,-33.658847,150.795814,29,2,2,1,0,0,3,4,2,0,7,80,2,1669,1669,3,16,12,3,1,0,1,0
1307857,0,2022,2022,2,0,0,3,27,5,34609,0,1,1,-35.595216,146.574777,51,2,1,0,0,0,0,0,0,0,7,50,0,4552,5151,8,5,40,1,1,0,0,0
1307858,0,2022,2022,2,0,10,2,27,42,34609,1,0,9,-33.738964,151.285928,50,0,2,0,1,0,0,0,3,0,7,50,0,1957,4009,1,30,3,2,1,0,0,0
1307859,0,2022,2022,2,2,6,2,31,218,34609,0,1,9,-33.778053,150.775794,55,0,2,1,1,0,0,0,2,0,7,50,0,1220,1220,9,10,28,2,1,0,1,0
1307867,0,2022,2022,2,0,7,2,18,646,34609,0,1,9,-33.919636,151.035553,15,0,2,1,1,0,0,0,2,0,7,40,0,2040,2040,9,0,28,2,1,0,1,0
1307868,0,2022,2022,2,5,6,294,17,9,288,0,1,1,-35.115247,147.256725,75,1,0,0,0,0,0,0,2,0,7,100,2,3775,3775,0,0,0,2,1,2,1,2
1307869,0,2022,2022,2,5,10,31,23,139,187,0,1,2,-33.870079,151.144099,32,0,2,0,1,0,0,0,2,0,7,60,2,2585,4009,8,16,40,1,1,0,0,0
1307871,0,2022,2022,2,4,6,11,36,1,13,0,1,1,-32.850711,148.718455,11,1,0,0,0,0,0,0,2,0,7,100,1,3775,3775,0,16,5,2,1,0,0,1
1307877,0,2022,2022,2,0,8,2209,17,24,2205,0,1,1,-36.258045,150.131532,23,1,0,0,0,0,3,3,2,0,7,100,2,3775,3775,0,0,5,3,1,0,5,0
1307993,0,2022,2022,2,0,8,1104,14,223,962,0,1,3,-33.802664,150.892167,7,0,2,1,1,0,0,0,2,0,7,100,2,14295,14295,3,8,12,9,1,0,3,3
1308488,0,2022,2022,9,6,7,1,27,12,34609,0,1,1,-34.129731,147.428386,51,1,0,1,0,0,3,4,2,0,7,100,0,404,404,8,5,40,1,1,0,0,0
1308489,0,2023,2023,4,6,3,99,31,84,105,0,1,10,-33.885487,150.937027,24,0,2,1,1,0,0,3,2,2,9,60,1,1220,1220,9,0,28,3,1,1,1,0
1308497,0,2023,2023,4,0,9,1052,14,118,928,0,1,3,-33.366529,151.33118,16,1,2,0,0,0,3,4,3,0,7,110,2,1259,5151,8,10,40,1,1,1,0,0
1308498,0,2023,2023,4,0,11,2209,17,77,2205,0,1,2,-33.925511,151.159967,32,0,2,1,2,0,3,4,0,0,7,60,2,3775,3775,0,5,5,2,1,1,0,0
1309238,0,2023,2023,4,6,6,1,27,55,34609,0,1,10,-33.370754,151.459518,16,2,2,1,3,0,0,3,2,0,0,50,0,6545,6545,4,0,5,2,1,1,0,0
1309556,0,2023,2023,4,0,9,19,27,160,34609,0,1,1,-33.108519,151.499551,37,0,2,0,0,0,3,3,2,0,7,70,0,1957,4009,8,5,40,1,1,0,0,0
1309577,0,2023,2023,4,1,3,191,17,3,189,0,1,1,-32.335776,150.613314,46,1,0,1,0,0,0,0,2,0,7,100,2,14295,14295,3,8,0,3,1,1,1,0
1310157,0,2023,2023,4,1,6,15,27,61,91,0,1,1,-35.135053,149.251022,82,1,0,0,0,0,0,0,2,0,7,100,1,2585,4009,8,16,40,1,1,0,0,0
1310158,0,2023,2023,4,5,6,346,36,22,14,0,1,1,-28.674967,150.4141,51,1,0,1,0,0,0,0,2,0,7,100,1,83,83,5,10,40,1,2,0,0,2
1310160,0,2023,2023,4,2,6,2,31,215,34609,0,1,1,-35.115965,147.376113,75,2,1,1,1,0,0,0,2,0,7,50,0,9859,9859,8,30,40,1,1,0,0,0
1310177,0,2023,2023,4,0,0,2,27,9,34609,0,1,1,-28.911402,152.39042,51,1,0,0,0,0,3,4,0,0,7,100,0,2585,4009,8,0,40,1,1,0,0,0
1310179,0,2023,2023,4,0,8,344,27,168,382,0,1,1,-33.67884,150.813753,7,0,2,1,1,0,0,0,2,0,7,80,2,3775,3775,0,5,0,2,1,0,1,1
1310727,0,2023,2023,4,4,7,330,27,60,25,0,1,2,-33.827869,151.130276,51,0,2,1,1,0,0,0,2,0,7,60,1,84,84,8,22,40,1,1,0,0,0
1310737,0,2023,2023,4,5,5,56,27,323,38,0,1,2,-33.761683,150.975205,71,0,2,1,1,0,0,0,2,0,7,60,1,238,238,9,0,28,2,1,0,1,0
1310747,0,2023,2023,4,5,6,18,27,54,34609,1,0,1,-33.722726,151.100494,31,0,2,1,1,0,0,0,2,0,7,50,0,190,190,1,22,0,2,1,0,0,0
1310748,0,2023,2023,4,5,0,1104,14,136,962,0,1,6,-33.857345,151.069678,21,0,2,0,0,0,0,0,0,0,7,80,2,2585,4009,8,5,40,1,2,0,0,0
1310749,0,2023,2023,4,3,1,17,36,68,19,0,1,1,-34.812431,148.890713,82,2,1,0,0,0,0,0,0,0,7,80,1,1957,4009,8,30,40,1,1,0,0,0
1310758,0,2023,2023,4,1,6,1104,14,39,962,0,1,3,-33.782945,150.757905,55,0,2,1,1,0,0,3,2,0,7,110,2,9859,9859,8,9,40,1,1,0,0,0
1311297,0,2023,2023,4,2,8,16,36,17,41,0,1,1,-34.831595,147.41886,51,1,0,0,0,0,0,0,2,0,7,100,1,2585,4009,8,16,40,1,1,0,0,0
1311308,0,2023,2023,3,3,3,481,17,113,483,0,1,1,-29.48911,149.851445,51,2,1,1,1,0,0,0,2,0,7,80,2,4026,4026,8,5,40,1,2,0,0,0
1311309,0,2023,2023,3,3,6,5,27,29,6,0,1,1,-30.753938,149.987498,51,1,0,0,0,0,0,0,2,0,7,100,1,4552,5151,8,16,40,1,1,0,0,0
1311310,0,2023,2023,3,1,7,109,36,10,108,0,1,1,-28.381105,153.420643,72,1,0,0,0,0,0,0,2,0,7,90,1,3775,3775,0,30,5,2,1,1,0,0
1311847,0,2023,2023,3,4,1,3371,17,40,3342,0,1,2,-32.021991,152.466259,43,1,0,1,0,0,0,0,0,0,7,110,2,9859,9859,8,3,40,1,1,0,0,0
1311857,0,2023,2023,3,2,7,481,17,96,483,0,1,9,-33.329477,148.056219,51,1,0,1,0,0,0,0,2,0,7,100,2,3775,3775,0,10,2,2,1,0,1,0
1311859,0,2023,2023,3,3,10,3,27,293,34609,0,1,1,-33.935705,151.245057,59,0,2,1,2,0,0,0,0,0,7,50,0,1945,1945,5,16,40,2,1,1,0,0
1311860,0,2023,2023,3,1,6,481,17,8,483,0,1,1,-30.437419,149.678791,51,1,0,0,0,0,0,0,2,0,7,110,2,3775,3775,0,5,35,2,1,1,1,0
1311867,0,2023,2023,3,0,7,265,17,23,193,0,1,1,-35.270605,147.125795,51,1,0,0,0,0,0,0,2,0,7,100,2,3775,3775,0,0,0,2,1,0,1,0
1312442,0,2023,2023,3,3,5,46,36,4,46,0,1,1,-32.812426,149.074458,22,1,0,0,0,0,0,0,2,0,7,100,1,782,957,5,10,40,1,1,1,0,1
1312452,0,2023,2023,3,2,5,13,27,228,143,0,1,1,-34.733362,149.705991,26,2,1,1,0,0,0,0,2,0,7,60,2,1192,1192,1,22,19,2,1,0,1,0
1313030,0,2023,2023,3,2,11,1,4,96,34609,0,1,1,-34.231422,150.695482,79,2,2,1,2,0,0,0,0,0,7,50,0,945,945,5,17,40,1,1,0,0,0
1313031,0,2023,2023,3,1,11,2261,17,17,2252,0,1,2,-34.805113,149.305998,74,1,0,1,0,0,0,0,0,0,7,110,2,4026,4026,8,3,40,1,2,0,0,0
1313038,0,2023,2023,3,4,7,120,36,14,148,0,1,1,-30.467987,152.959393,6,1,0,1,0,0,0,0,2,0,7,100,2,3775,3775,0,0,0,2,1,0,1,0
1313041,0,2023,2023,3,2,6,4,27,22,34609,0,1,1,-35.987457,146.857637,27,1,0,1,0,0,0,0,2,0,7,100,0,3775,3775,0,0,0,2,1,2,1,0
1313042,0,2023,2023,3,4,0,2,27,6,34609,0,1,1,-31.020943,144.381425,51,1,0,1,0,2,3,4,0,0,7,100,0,368,368,9,10,28,2,1,0,1,0
1313043,0,2023,2023,3,2,11,2,27,13,34609,0,1,1,-29.559632,150.389367,51,1,0,1,0,2,0,0,0,0,7,100,0,9859,9859,8,33,40,1,1,0,0,0
1313045,0,2023,2023,3,3,6,20,27,13,24,0,1,1,-33.617521,151.057798,31,0,2,0,0,0,0,0,2,0,7,60,1,1850,1463,5,16,40,2,1,0,1,0
1313545,0,2023,2023,7,4,10,27,36,11,34609,0,1,1,-30.033976,153.191211,19,2,1,1,0,0,0,0,0,0,7,80,0,368,368,9,5,28,2,1,0,1,0
1313547,0,2023,2023,7,6,7,57,31,77,321,0,1,1,-33.887259,151.201618,69,0,2,1,1,0,0,0,2,0,7,50,2,186,186,9,22,28,2,1,0,1,0
1313548,0,2023,2023,7,6,9,1,31,49,45,0,1,10,-34.436385,148.73188,30,2,1,1,2,0,0,0,3,0,0,50,1,6545,6545,4,10,10,2,1,1,1,1
1313549,0,2023,2023,7,5,6,9,31,57,34609,1,0,10,-32.811512,151.485444,17,2,1,1,0,0,0,0,2,0,0,50,0,6545,6545,4,16,13,2,1,1,0,0
1313550,0,2023,2023,3,3,5,10,31,61,34609,0,1,2,-29.738485,151.735614,51,2,1,1,1,0,0,0,2,0,7,10,0,591,591,1,18,5,2,1,0,0,0
1313552,0,2023,2023,7,2,3,27,27,4,39,0,1,1,-31.151271,151.036947,70,1,0,0,0,0,0,0,1,0,7,100,1,4552,5151,8,10,40,1,1,0,0,0
1313553,0,2023,2023,7,1,5,82,27,7,34,0,1,1,-28.59977,153.043119,51,2,1,0,0,0,0,0,2,0,7,80,1,782,957,5,8,40,1,1,0,0,0
1313554,0,2023,2023,7,5,4,29,1,14,52,0,1,1,-33.7143,150.767504,7,0,2,1,0,0,0,0,2,0,7,80,1,78,78,8,5,40,2,1,1,0,1
1314055,0,2023,2023,7,0,9,5,10,18,34609,0,1,10,-32.697221,151.541683,42,2,1,1,0,0,0,0,3,0,0,50,0,1945,1945,5,16,40,2,1,0,1,0
1314057,0,2023,2023,7,2,10,3,27,8,34609,0,1,1,-29.845104,152.888363,18,1,0,0,0,0,3,4,0,0,7,100,0,1259,5151,8,10,40,1,3,0,0,0
1314058,0,2023,2023,7,2,4,1,27,3,34609,0,1,1,-29.319109,151.024723,33,1,0,0,1,0,0,0,2,0,7,100,0,4552,5151,8,5,40,1,1,0,1,0
1314069,0,2023,2023,7,2,6,334,17,21,308,0,1,1,-31.406205,152.266229,56,2,1,0,0,0,0,0,2,0,7,80,2,418,714,5,16,40,1,1,0,0,0
1314072,0,2023,2023,7,1,5,2261,17,26,2252,0,1,3,-34.107754,150.761491,13,0,2,1,2,0,0,6,2,0,7,110,2,3775,3775,0,0,35,2,3,0,1,0
1314496,0,2023,2023,7,3,7,12,27,102,49,1,0,1,-31.110114,150.89786,70,2,1,1,0,0,0,0,2,0,7,60,1,1109,787,1,5,2,2,1,1,1,0
1314605,0,2023,2023,7,0,7,143,31,252,19,0,1,1,-33.877544,151.213008,69,0,2,1,1,0,0,0,2,0,7,40,1,312,312,2,19,40,1,1,0,0,0
1314607,0,2023,2023,7,5,10,68,27,98,208,1,0,10,-33.749495,151.064533,31,0,2,1,2,0,0,0,0,2,9,60,2,5929,5929,1,5,13,4,1,1,2,0
1314609,0,2023,2023,7,6,3,2261,17,49,2252,0,1,2,-34.738946,149.778507,26,1,0,1,0,0,3,4,0,0,7,110,2,475,475,5,29,40,1,1,0,0,0
1314610,0,2023,2023,7,1,5,478,17,96,480,0,1,1,-33.437687,151.361093,16,2,2,1,1,0,0,3,2,0,7,70,2,3775,3775,0,5,5,3,1,1,1,0
1314611,0,2023,2023,7,4,11,38,27,85,35,0,1,1,-34.593872,150.782821,62,0,2,0,0,0,3,6,0,0,7,70,1,3775,3775,0,5,13,2,1,0,1,0
1314613,0,2023,2023,7,1,9,73,1,175,34609,0,1,1,-33.775095,151.074703,54,0,2,1,2,0,3,0,3,0,7,50,0,214,214,9,5,28,2,1,0,0,0
1314615,0,2023,2023,7,6,7,13,10,75,34609,0,1,1,-32.793968,151.63933,42,2,1,1,1,0,0,0,2,0,7,60,0,1109,787,1,0,19,2,1,0,1,0
1315155,0,2023,2023,7,0,6,22,27,90,93,0,1,7,-33.784155,150.954117,54,0,2,1,1,0,0,0,2,0,0,60,1,2852,2852,4,5,19,3,1,0,2,0
1315156,0,2023,2023,7,2,6,27,27,15,62,0,1,1,-30.241833,153.029985,19,2,1,0,0,0,3,4,2,0,7,80,1,2585,4009,8,16,40,1,1,0,0,0
1315157,0,2023,2023,7,0,2,3371,17,58,3342,0,1,3,-28.560838,153.542328,10,1,0,0,2,0,0,0,0,0,7,110,2,1957,4009,8,3,40,1,1,0,0,0
1315163,0,2023,2023,7,3,9,3,27,61,34609,0,1,1,-35.484426,144.834014,51,1,0,1,0,0,0,0,2,0,7,100,0,9859,9859,8,5,40,1,1,0,0,0
1315164,0,2023,2023,7,1,5,1052,14,7,928,0,1,3,-32.853189,151.622931,48,0,2,0,0,0,3,4,2,0,7,110,2,4552,5151,8,0,40,1,1,0,0,0
1315707,0,2023,2023,7,4,6,2209,17,24,2205,0,1,1,-36.216407,150.129647,23,2,1,0,0,0,0,0,2,0,7,50,2,96,96,0,5,12,2,1,0,0,1
1315708,0,2023,2023,7,0,8,1,31,17,34609,0,1,1,-33.907373,151.256798,59,0,2,0,1,0,0,0,2,0,7,50,0,368,368,9,10,28,2,1,0,1,0
1315709,0,2023,2023,7,5,4,77,27,16,58,0,1,9,-34.824457,150.571065,63,2,1,0,0,0,0,0,2,0,0,80,2,2852,2852,4,0,10,2,1,0,1,1
1315710,0,2023,2023,0,5,11,3,27,16,34609,0,1,9,-34.587866,146.378524,51,2,1,1,0,0,0,0,0,0,7,60,0,9859,9859,8,5,40,1,4,0,0,0
1315712,0,2023,2023,7,6,7,34,31,98,260,0,1,10,-33.013235,151.593106,37,0,2,1,1,0,0,0,2,2,9,60,2,591,591,1,18,5,2,1,0,1,0
1315713,0,2023,2023,0,3,4,89,17,95,34609,0,1,1,-34.397027,150.892396,80,0,2,1,1,0,3,3,2,0,7,60,0,238,238,9,10,28,2,1,0,1,0
1315722,0,2023,2023,0,0,3,78,17,23,58,0,1,1,-35.045925,149.023805,82,1,0,0,0,0,3,4,2,0,7,100,2,3775,3775,0,10,13,2,4,1,0,0
1315723,0,2023,2023,7,6,8,481,17,562,483,0,1,1,-32.232274,148.611599,22,2,1,1,2,0,0,0,2,0,7,60,2,941,941,1,0,13,2,1,0,0,0
1315732,0,2023,2023,0,0,4,120,36,9,148,0,1,1,-30.350583,152.46064,18,1,0,0,0,0,0,0,2,0,7,100,2,3775,3775,0,16,0,3,1,0,1,0
1315733,0,2023,2023,0,4,7,1,27,54,34609,0,1,1,-33.627881,150.85834,29,2,2,1,0,0,0,0,2,0,7,70,0,4026,4026,8,5,40,1,1,0,0,0
1315734,0,2023,2023,0,1,11,8,1,102,34609,1,0,1,-31.10546,150.910123,70,2,1,1,0,0,0,0,0,0,7,50,0,368,368,9,5,28,2,1,0,1,0
1316428,0,2023,2023,0,6,5,478,17,50,480,0,1,1,-33.25418,151.56105,16,2,2,0,1,0,0,0,2,0,7,80,2,3775,3775,0,5,5,2,1,2,0,0
1316429,0,2023,2023,0,4,5,71,27,14,69,0,1,1,-36.409637,148.645681,65,1,0,0,0,0,3,4,2,0,7,100,2,1850,1463,5,16,40,2,1,0,1,0
1316430,0,2023,2023,0,3,6,2261,17,96,2252,0,1,3,-34.222507,150.674654,79,1,2,1,0,0,0,0,2,0,7,110,2,1945,1945,5,5,40,1,1,1,1,1
1316431,0,2023,2023,0,4,5,42,31,106,34609,0,1,1,-28.86501,153.0482,60,2,1,1,1,0,0,0,2,0,9,50,0,2040,2040,9,30,28,3,1,1,1,0
1316434,0,2023,2023,0,6,8,48,10,316,121,0,1,9,-31.432414,152.894149,56,2,1,1,1,0,0,0,3,0,9,50,1,1220,1220,9,10,28,2,1,0,0,0
1316435,0,2023,2023,0,2,0,97,17,61,88,0,1,2,-35.184141,149.231025,82,1,0,1,0,0,0,0,0,0,7,110,2,3775,3775,0,10,2,2,1,0,1,0
1316436,0,2023,2023,0,2,8,24,31,460,28,0,1,1,-33.846358,150.982777,21,0,2,1,0,0,0,0,2,0,7,50,1,1109,787,1,5,41,3,1,1,1,0
1316437,0,2023,2023,0,2,9,294,17,17,288,0,1,1,-35.161261,147.515181,75,1,0,1,0,0,0,0,0,0,7,100,2,9859,9859,8,10,40,1,1,0,0,0
1316438,0,2023,2023,0,1,10,34,27,36,39,0,1,1,-35.499673,149.718578,58,1,0,0,0,0,0,0,0,0,7,100,1,273,957,5,10,40,1,1,0,0,0
1316442,0,2023,2023,0,1,3,2261,17,49,2252,0,1,2,-34.73566,149.79031,26,1,0,0,0,0,0,0,2,0,7,110,2,14295,14295,3,34,5,2,1,0,1,0
1317618,0,2023,2023,0,6,6,1,27,16,3,0,1,1,-33.9726,143.637676,51,1,0,1,0,0,0,0,2,0,7,100,1,312,312,2,31,40,1,1,0,0,0
1317622,0,2023,2023,0,4,9,3371,17,63,3342,0,1,1,-33.259425,151.484973,16,2,2,1,0,0,3,4,0,0,7,70,2,1220,1220,9,0,28,3,1,0,2,0
1317633,0,2023,2023,0,2,7,8,31,117,34609,0,1,10,-28.1827,153.526343,72,2,1,1,1,0,0,0,2,0,15,50,0,6545,6545,4,5,0,2,1,0,1,0
1318168,0,2023,2023,0,1,6,161,17,3,161,0,1,1,-36.100635,148.877387,65,1,0,1,0,0,0,0,2,0,7,100,2,945,945,5,29,40,1,1,0,0,0
1318170,0,2023,2023,0,0,7,348,17,4,232,0,1,1,-33.086643,149.944156,40,1,0,0,0,0,0,0,2,0,7,100,2,3775,3775,0,5,5,2,1,0,1,0
1318173,0,2023,2023,0,4,3,7,23,106,34609,0,1,1,-33.921183,151.085937,15,0,2,1,1,0,0,0,2,0,7,50,0,1220,1220,9,5,28,2,1,0,1,0
1318182,0,2023,2023,0,2,5,77,27,247,38,0,1,1,-33.82832,150.931277,21,0,2,1,1,0,3,4,2,0,7,60,2,9859,9859,8,10,40,1,1,0,0,0
1318183,0,2023,2023,0,0,7,8,31,16,34609,0,1,10,-33.874086,151.225121,69,0,2,1,1,0,0,0,2,0,9,50,0,214,214,9,10,28,2,1,0,0,0
1318192,0,2023,2023,0,2,9,12,27,36,41,0,1,1,-33.562967,148.632307,11,1,0,0,0,0,3,4,0,0,7,100,1,1957,4009,8,5,40,1,1,0,0,0
1318738,0,2023,2023,8,5,7,3371,17,40,3342,0,1,9,-31.52774,152.791594,56,1,0,1,1,0,0,0,2,0,15,100,2,2852,2852,4,5,5,2,1,1,0,0
1319237,0,2023,2023,0,4,8,31,31,443,34609,0,1,1,-33.887153,151.066717,15,0,2,1,2,0,0,0,3,0,7,50,0,368,368,9,5,28,4,1,2,1,0
1319341,0,2023,2023,8,4,0,229,14,173,237,0,1,3,-33.785809,151.134473,61,0,2,1,0,0,0,0,0,0,7,100,2,368,368,9,9,28,2,1,0,1,0
1319352,0,2023,2023,8,2,11,86,27,2,42,0,1,1,-30.946749,152.63794,34,1,0,0,0,0,0,0,0,0,7,100,1,2585,4009,8,0,40,1,1,0,0,0
1319354,0,2023,2023,8,5,8,334,17,316,308,0,1,2,-31.439488,152.886091,56,2,1,1,1,0,0,0,3,0,7,60,2,3775,3775,0,5,0,2,1,0,1,0
1319356,0,2023,2023,8,4,7,2,31,10,103,0,1,1,-28.80161,153.267409,39,2,1,1,0,0,0,0,2,0,7,50,1,9859,9859,8,10,40,1,1,0,0,0
1319362,0,2023,2023,8,6,9,2209,17,10,2205,0,1,1,-35.234607,150.431008,63,1,0,0,0,0,3,3,3,0,7,100,2,3775,3775,0,5,5,2,1,0,0,1
1320022,0,2023,2023,8,0,8,3,27,1,34609,0,1,1,-31.177118,148.113331,51,1,0,1,0,2,0,0,2,0,7,100,0,14295,14295,3,10,29,2,1,0,1,0
1320023,0,2023,2023,8,3,5,3371,17,25,3342,0,1,2,-32.66296,151.842269,57,1,0,1,0,0,0,0,2,0,7,100,2,4026,4026,8,0,40,1,1,1,0,0
1320025,0,2023,2023,8,6,11,57,31,532,30,0,1,10,-33.877797,151.205717,69,0,2,1,2,0,0,0,0,2,7,40,1,1220,1220,9,32,28,2,1,0,1,0
1320033,0,2023,2023,8,2,8,135,17,65,136,0,1,1,-36.071978,146.965525,0,2,1,0,0,0,3,4,0,0,7,80,2,3775,3775,0,10,5,2,1,3,1,0
1320505,0,2023,2023,8,4,9,7,27,10,34609,0,1,1,-31.076247,152.979094,34,2,1,0,0,0,0,1,0,0,7,80,0,4552,5151,8,16,40,1,1,0,0,0
1320656,0,2023,2023,0,5,7,4,1,140,34609,0,1,9,-33.894554,150.995895,15,0,2,1,1,0,0,0,2,0,7,50,0,2852,2852,4,5,19,3,1,0,1,0
1320679,0,2023,2023,8,4,6,2209,17,22,2205,0,1,1,-36.139551,150.092603,23,1,0,0,0,0,0,0,2,0,7,100,2,3775,3775,0,5,12,2,1,0,0,2
1320683,0,2023,2023,8,0,5,3371,17,18,3342,0,1,2,-30.838742,152.900644,47,1,0,1,0,0,0,0,2,0,7,100,2,9859,9859,8,0,40,1,1,1,1,0
1320684,0,2023,2023,8,1,5,17,27,20,6,0,1,1,-35.507352,147.63816,75,1,0,0,0,0,3,3,2,0,7,100,1,3775,3775,0,8,12,2,1,0,1,0
1320686,0,2023,2023,8,5,3,1,27,5,18,0,1,1,-35.931129,145.890206,51,1,0,1,0,0,0,3,1,0,7,100,1,9859,9859,8,9,40,1,1,0,0,0
1320692,0,2023,2023,8,4,9,2261,31,20,34609,0,1,10,-35.983357,146.629701,51,2,1,1,0,0,3,4,0,0,0,50,0,6545,6545,4,34,0,2,1,1,1,0
1320702,0,2023,2023,8,0,5,348,17,10,232,0,1,1,-32.306087,149.458822,44,1,0,1,0,0,0,0,2,0,7,100,2,9859,9859,8,5,40,1,1,0,0,0
1320703,0,2023,2023,8,5,3,512,17,433,441,0,1,9,-33.313283,149.141619,52,2,1,1,0,0,0,1,1,0,0,80,2,77,77,1,5,5,4,1,1,3,0
1321138,0,2023,2023,8,6,9,1,7,26,34609,0,1,1,-34.860475,150.583899,63,2,1,1,2,0,0,0,0,0,7,50,0,368,368,9,10,28,3,2,0,1,0
1321142,0,2023,2023,6,2,7,230,27,84,284,0,1,10,-33.775225,151.104575,61,0,2,1,1,0,0,0,2,0,7,70,2,5929,5929,1,5,5,2,1,2,0,0
1321152,0,2023,2023,6,3,7,149,27,38,198,0,1,1,-34.050795,150.964797,68,0,2,1,0,0,0,3,2,0,7,90,2,3775,3775,0,10,0,2,1,2,1,1
1321153,0,2023,2023,6,2,2,481,17,27,483,0,1,1,-32.451153,148.357203,51,2,1,0,0,0,0,0,1,0,7,60,2,3775,3775,0,5,2,3,1,0,2,0
1321162,0,2023,2023,6,5,9,475,31,253,34609,0,1,9,-33.959074,151.100889,25,0,2,0,1,0,0,0,3,0,7,50,0,2852,2852,4,0,27,2,1,0,1,0
1321912,0,2023,2023,6,6,6,11,27,40,34609,0,1,1,-35.805747,150.170448,23,1,0,1,0,0,0,0,2,0,7,100,0,3775,3775,0,8,5,2,1,0,1,0
1321913,0,2023,2023,6,6,8,15,27,8,34609,0,1,1,-28.852281,153.369779,39,2,1,1,0,0,0,0,0,0,7,80,0,4026,4026,8,5,40,1,1,0,0,0
1321914,0,2023,2023,6,4,3,196,36,36,15,0,1,1,-33.968459,148.182306,51,1,0,0,0,0,3,4,2,0,7,100,1,2585,4009,8,10,40,1,1,0,0,0
1321932,0,2023,2023,6,2,7,31,31,115,34609,0,1,9,-33.880479,151.19269,69,0,2,1,1,0,0,0,2,0,0,50,0,2585,777,1,16,40,2,1,0,0,0