Crash ID,Degree of crash - detailed,Reporting year,Year of crash,Month of crash,Day of week of crash,Two-hour intervals,Street of crash,Street type,Town,Route no.,School zone location,School zone active,Type of location,Latitude,Longitude,LGA,Urbanisation,Conurbation 1,Alignment,Street lighting,Road surface,Surface condition,Weather,Natural lighting,Signals operation,Other traffic control,Speed limit,Road classification,RUM - code,DCA - code,First impact type,Key TU type,Other TU type,No. of traffic units involved,No. killed,No. seriously injured,No. moderately injured,No. minor-other injured
1321943,0,2023,2023,6,3,3,222,31,131,212,0,1,9,-33.785274,151.186247,36,0,2,1,1,0,0,0,1,0,7,60,2,2040,2040,9,0,28,2,1,0,0,0
1321953,0,2023,2023,6,5,8,481,17,96,483,0,1,9,-33.403509,147.983282,51,2,1,1,0,0,3,0,3,0,0,80,2,2852,2852,4,5,2,2,1,0,1,0
1321956,0,2023,2023,6,4,7,86,27,4,42,0,1,1,-30.874603,152.597695,34,1,0,0,0,0,0,0,2,0,7,100,1,3775,3775,0,30,34,2,1,0,2,0
1321962,0,2023,2023,6,6,7,17,18,201,34609,0,1,10,-34.876814,150.603841,63,2,1,1,1,0,0,0,2,2,6,50,0,2040,2040,9,5,28,2,1,0,1,0
1322572,0,2023,2023,6,0,7,5,27,32,34609,0,1,1,-32.759629,152.104318,57,2,1,1,0,0,0,0,2,0,7,80,0,9859,9859,8,5,40,1,1,0,0,0
1322574,0,2023,2023,6,2,4,3371,17,137,3342,0,1,2,-32.957015,151.702267,37,0,2,0,1,0,0,0,2,0,7,60,2,2585,4009,8,10,40,1,1,0,0,0
1322583,0,2023,2023,6,2,9,5,31,228,34609,0,1,9,-34.743171,149.728542,26,2,1,1,0,0,0,0,0,0,7,50,0,489,489,8,16,40,1,1,0,0,0
1322584,0,2023,2023,6,3,0,1,31,22,34609,0,1,1,-28.606088,150.359185,51,2,1,1,2,0,0,0,0,0,7,50,0,4026,4026,8,5,40,1,1,0,0,1
1322586,0,2023,2023,6,3,4,12,27,3,15,0,1,1,-33.541132,148.551277,11,2,1,0,0,0,0,0,2,0,8,20,1,4552,5151,8,10,40,1,1,0,1,0
1322592,0,2023,2023,6,2,8,77,10,20,331,0,1,9,-34.090628,150.695015,12,0,2,1,1,0,0,0,2,0,7,80,2,5929,5929,1,10,19,2,1,0,1,0
1322593,0,2023,2023,6,0,3,32,27,72,563,0,1,1,-34.011814,151.010185,68,0,2,1,2,0,0,0,1,0,7,80,2,9859,9859,8,34,40,2,1,1,0,0
1322594,0,2023,2023,6,5,8,169,31,37,83,0,1,1,-29.446745,153.203847,18,2,1,1,2,0,0,0,0,0,7,50,1,368,368,9,6,28,2,1,0,1,0
1322602,0,2023,2023,6,3,11,916,17,37,917,0,1,7,-32.668712,151.361297,17,2,1,0,2,0,0,0,0,0,0,80,2,1850,985,5,19,40,1,10,11,6,9
1323575,0,2023,2023,6,3,10,2126,17,247,2149,0,1,10,-33.811775,150.95231,21,0,2,1,2,0,0,0,0,2,9,80,2,1220,1220,9,0,28,2,1,0,1,0
1323792,0,2023,2023,6,5,8,225,17,15,180,0,1,1,-34.584139,150.528897,78,1,0,1,0,0,0,0,3,0,7,100,2,1089,1089,7,10,40,1,1,0,0,0
1324412,0,2023,2023,5,5,8,2209,17,6,2205,0,1,9,-35.817387,150.129277,23,1,0,1,0,0,3,4,3,0,0,100,2,1669,1669,3,0,0,3,1,1,1,0
1324422,0,2023,2023,5,2,9,53,27,155,51,0,1,1,-33.497958,151.319692,16,2,2,1,2,0,0,0,0,0,7,60,1,2040,2040,9,5,28,3,1,0,1,0
1325001,0,2023,2023,5,6,6,57,1,193,145,0,1,2,-33.791195,151.087199,61,0,2,1,1,0,0,0,2,0,7,60,2,14295,14295,3,0,5,6,1,3,4,0
1325005,0,2023,2023,5,1,1,348,17,9,232,0,1,9,-32.569609,149.559452,44,2,1,1,0,0,0,0,0,0,0,80,2,2852,2852,4,10,5,2,1,0,1,0
1325012,0,2023,2023,5,4,0,916,17,30,917,0,1,1,-31.062653,151.04126,70,1,0,0,0,0,0,0,0,0,7,100,2,1957,4009,8,16,40,1,1,0,0,0
1325013,0,2023,2023,5,6,4,45,27,110,45,0,1,9,-33.74612,151.048675,71,0,2,1,1,0,0,0,2,2,7,60,2,2040,2040,9,10,28,2,1,0,1,0
1325044,0,2023,2023,5,3,6,85,27,85,6,0,1,1,-33.7382,151.124332,36,0,2,1,0,0,0,3,2,0,7,50,1,9859,9859,8,5,40,1,1,0,0,0
1325045,0,2023,2023,5,3,6,294,17,26,288,0,1,1,-34.478495,145.57058,51,1,0,0,0,0,0,0,2,0,7,110,2,1850,1463,5,10,40,1,1,1,0,0
1325047,0,2023,2023,5,2,9,161,17,11,161,0,1,1,-35.885085,148.512237,65,2,1,0,0,0,1,5,0,0,7,80,2,418,714,5,8,40,1,1,0,2,1
1325048,0,2023,2023,5,2,1,2126,17,60,2149,0,1,9,-33.650016,150.28498,8,2,2,0,0,0,3,0,0,0,0,60,2,368,368,9,3,28,2,1,0,1,0
1325049,0,2023,2023,5,2,1,2,31,113,34609,0,1,1,-29.477229,149.852283,51,2,1,1,2,0,0,0,0,0,7,50,0,4026,4026,8,16,40,1,1,0,0,0
1325050,0,2023,2023,5,5,8,1,27,105,34609,0,1,1,-32.625756,149.577189,44,2,1,0,0,2,0,0,2,0,7,50,0,2585,4009,8,0,40,1,1,2,0,0
1325051,0,2023,2023,5,6,7,225,17,50,180,0,1,1,-34.568411,150.665765,62,0,2,0,0,0,0,0,2,0,7,60,2,1850,1463,5,16,40,1,1,0,0,0
1325605,0,2023,2023,5,4,2,2261,17,44,2252,0,1,2,-35.231055,147.780497,75,1,0,1,2,0,0,0,0,0,7,110,2,14295,14295,3,3,35,2,1,1,0,0
1325607,0,2023,2023,5,0,2,2209,17,201,2205,0,1,10,-34.887613,150.604566,63,2,1,1,2,0,0,0,0,2,7,70,2,6545,6545,4,22,13,2,1,0,1,0
1325608,0,2023,2023,5,2,6,11,27,16,34609,0,1,1,-34.255835,146.030821,28,2,1,1,0,0,0,0,2,0,7,80,0,3775,3775,0,5,13,2,1,0,1,0
1325609,0,2023,2023,5,2,6,63,27,187,17,0,1,9,-33.893583,150.991426,15,0,2,1,1,0,0,0,2,0,15,60,1,2852,2852,4,0,19,2,1,0,1,0
1325610,0,2023,2023,5,0,7,3371,17,54,3342,0,1,2,-28.52606,153.533394,10,1,0,1,0,0,0,0,2,0,7,110,2,9859,9859,1,10,35,2,1,0,0,0
1325611,0,2023,2023,5,2,6,3371,17,207,3342,0,1,1,-33.565272,151.190656,31,0,2,0,0,0,0,0,2,0,7,80,2,1850,1463,5,16,40,2,1,1,0,0
1325612,0,2023,2023,5,2,10,191,27,175,208,0,1,1,-33.775562,151.084047,54,0,2,1,2,0,0,0,0,0,7,60,2,1109,787,1,5,18,2,1,0,1,0
1325613,0,2023,2023,5,5,4,5,6,21,34609,0,1,9,-33.657282,151.104918,31,0,2,0,0,0,0,3,2,0,7,50,0,1220,1220,9,0,28,2,1,0,1,0
1325616,0,2023,2023,5,1,3,2209,17,61,2205,0,1,1,-35.945323,150.100821,23,1,0,1,0,0,0,0,1,0,7,100,2,3775,3775,0,10,0,2,1,0,2,0
1325620,0,2023,2023,5,6,4,191,17,13,189,0,1,1,-32.617516,151.109408,64,2,1,1,0,0,0,1,2,0,7,80,2,1383,1383,1,8,5,3,1,0,2,0
1325621,0,2023,2023,5,5,9,11,1,193,34609,0,1,1,-33.785522,151.080986,54,0,2,1,2,0,3,0,0,0,7,50,0,41,41,8,22,40,1,1,0,0,0
1325622,0,2023,2023,5,0,7,169,31,37,83,0,1,1,-29.449996,153.200255,18,2,1,1,1,0,0,0,2,0,7,50,1,9859,9859,8,5,40,1,1,0,1,0
1325624,0,2023,2023,5,0,9,293,27,91,172,0,1,1,-32.959809,151.65532,37,0,2,0,0,0,0,0,3,0,7,70,2,1192,1192,1,5,20,2,1,0,1,0
1325625,0,2023,2023,5,2,8,24,27,6,103,0,1,1,-28.788441,153.24782,39,2,1,0,0,0,0,0,2,0,7,80,1,2585,4009,8,0,40,1,1,0,0,0
1325627,0,2023,2023,5,3,6,330,1,53,34609,0,1,1,-33.738708,151.304823,50,0,2,1,1,0,0,0,2,0,7,50,0,1220,1220,9,0,28,2,1,0,0,0
1325628,0,2023,2023,5,3,6,11,36,11,13,0,1,1,-32.767862,148.663024,11,1,0,1,0,0,0,0,2,0,7,100,1,591,591,1,22,0,2,1,0,1,0
1325629,0,2023,2023,5,1,3,1052,14,101,928,0,1,3,-32.880322,151.608441,37,0,2,1,0,0,2,6,1,0,7,110,2,9859,9859,8,30,40,1,1,0,0,0
1325630,0,2023,2023,5,6,8,2261,17,9,2252,0,1,2,-34.821195,149.359788,74,1,0,1,0,0,0,0,2,0,7,110,2,1192,1192,1,29,25,2,1,0,1,0
1325631,0,2023,2023,5,4,7,8,31,98,34609,0,1,7,-30.979318,150.252232,51,2,1,1,1,0,0,0,2,0,0,50,0,1282,1282,1,18,40,1,1,0,0,0
1325633,0,2023,2023,1,0,11,55,27,74,70,0,1,9,-33.722158,151.035111,31,0,2,1,2,0,0,0,0,2,7,60,2,5929,5929,1,10,18,2,1,0,1,0
1325634,0,2023,2023,1,0,11,3,27,201,34609,0,1,9,-34.001981,150.857727,13,0,2,1,2,0,0,0,0,0,7,50,0,9859,9859,1,5,10,2,1,0,1,0
1325635,0,2023,2023,1,6,2,2209,17,176,2205,0,1,9,-33.959561,151.137949,4,0,2,1,1,0,0,0,0,2,9,60,2,2040,2040,9,5,28,2,1,0,1,0
1325639,0,2023,2023,1,1,10,9,27,10,34609,0,1,1,-31.102707,152.772329,34,2,1,0,0,0,3,4,0,0,7,80,0,2585,4009,8,5,40,1,1,3,0,0
1325643,0,2023,2023,1,2,10,59,27,35,53,0,1,1,-34.18026,150.675734,79,1,2,0,0,0,3,3,0,0,7,100,1,3775,3775,0,5,13,2,1,1,1,0
1325644,0,2023,2023,1,0,9,16,1,202,118,0,1,1,-33.941967,151.027959,15,0,2,1,0,0,0,0,0,0,7,60,1,2040,2040,9,5,28,2,1,0,0,0
1325648,0,2023,2023,1,2,8,4,31,370,34609,0,1,10,-34.071839,150.814775,13,0,2,1,2,0,0,0,3,0,15,60,0,6545,6545,4,15,13,2,1,0,1,0
1325649,0,2023,2023,1,1,3,2209,17,13,2205,0,1,1,-35.151794,150.453149,63,2,1,0,0,0,3,4,1,0,7,80,2,3775,3775,0,0,10,2,1,0,1,0
1326247,0,2023,2023,1,5,8,3371,17,52,3342,0,1,1,-33.262058,151.456255,16,2,2,0,0,0,0,0,2,0,7,70,2,3775,3775,0,8,5,3,1,2,0,0
1326823,0,2023,2023,1,0,3,2261,17,44,2252,0,1,2,-35.316571,147.661262,75,1,0,1,0,0,0,1,2,0,7,110,2,14295,14295,3,10,2,2,1,1,1,0
1327397,0,2023,2023,1,6,7,1,18,26,34609,0,1,1,-31.543722,150.693645,51,1,0,1,0,0,0,0,2,0,13,100,0,19,19,10,10,38,2,1,0,1,0
1328033,0,2023,2023,1,2,4,7,31,7,34609,0,1,1,-33.080792,149.690589,3,2,1,1,0,0,0,0,2,0,7,40,0,368,368,9,8,28,3,1,0,1,0
1328207,0,2023,2023,1,4,2,2209,17,61,2205,0,1,1,-35.870558,150.112072,23,1,0,1,0,0,3,0,0,0,7,100,2,9859,9859,8,10,40,1,1,0,0,0
1328627,0,2023,2023,1,4,2,512,17,7,441,0,1,1,-32.659602,148.940776,22,1,0,0,0,0,0,0,0,0,7,100,2,1259,5151,8,29,40,1,1,0,0,0
1328628,0,2023,2023,1,0,5,11,31,64,34609,0,1,1,-33.486436,150.15233,40,2,1,1,1,0,0,0,2,0,7,50,0,4026,4026,8,16,40,1,1,0,0,0
1328629,0,2023,2023,1,0,10,74,23,49,260,0,1,9,-33.978956,151.149359,4,0,2,0,2,0,0,0,0,0,7,60,2,1259,5151,8,5,40,2,2,2,0,0
1328630,0,2023,2023,1,2,0,157,17,10,158,0,1,1,-33.850551,146.305017,51,1,0,0,1,0,0,0,0,0,7,100,2,2585,4009,8,34,40,1,1,0,0,0
1328631,0,2023,2023,1,0,9,10,27,3,39,0,1,1,-30.893402,148.591016,51,1,0,1,0,0,0,0,3,0,7,100,1,1089,1089,7,16,40,2,1,0,1,0
1328632,0,2023,2023,1,2,9,12,31,283,34609,0,1,9,-33.827603,151.012788,54,0,2,1,2,0,0,0,3,0,7,50,0,190,190,1,16,36,3,1,0,0,0
1328633,0,2023,2023,1,1,2,5,27,29,3,0,1,1,-29.030652,153.436261,60,1,0,1,0,0,2,6,1,0,7,100,1,9859,9859,8,10,40,1,1,0,0,0
1329229,0,2023,2023,1,6,3,195,27,162,15,0,1,6,-33.849387,150.876821,24,0,2,1,1,0,0,0,1,0,7,60,1,368,368,9,29,28,2,1,0,1,0
1329230,0,2023,2023,1,6,8,191,17,562,189,0,1,1,-32.200713,148.80878,22,1,0,0,0,0,3,4,2,0,7,100,2,3775,3775,0,9,13,3,1,1,2,0
1329231,0,2023,2023,1,1,7,1,27,4,34609,0,1,1,-30.65444,152.757465,47,2,1,1,0,2,0,0,2,0,7,50,0,84,84,8,5,40,1,1,0,0,0
1329232,0,2023,2023,1,4,10,1,27,1,34609,0,1,1,-34.492312,147.362915,51,1,0,1,0,0,0,0,0,0,7,100,0,9859,9859,8,10,40,1,1,0,0,0
1329233,0,2023,2023,11,0,10,7,1,24,34609,0,1,1,-33.910303,150.893726,41,0,2,0,2,0,0,0,0,0,7,50,0,96,96,0,0,5,3,2,0,1,0
1329358,0,2023,2023,1,2,9,7,27,10,34609,0,1,1,-29.084199,153.068887,60,2,1,1,0,2,0,0,0,0,7,80,0,4026,4026,8,34,40,1,1,0,0,0
1329591,0,2023,2023,1,0,5,103,36,6,103,0,1,1,-32.274478,151.912598,43,1,0,1,0,0,0,0,2,0,7,90,1,4026,4026,8,0,40,1,1,0,0,0
1329786,0,2023,2023,11,1,7,294,17,26,288,0,1,1,-34.671718,146.20309,51,1,0,1,0,0,0,0,2,0,7,110,2,3775,3775,0,5,2,2,1,1,0,0
1329787,0,2023,2023,11,5,3,10,27,14,27,0,1,1,-33.692197,150.786477,7,0,2,0,0,0,0,0,2,0,7,80,1,3775,3775,0,8,36,2,1,1,0,0
1329790,0,2023,2023,11,2,0,14,27,5,34609,0,1,1,-30.779319,152.699137,47,1,0,0,0,0,0,0,0,0,7,100,0,2585,4009,8,30,40,1,1,0,0,0
1329792,0,2023,2023,11,0,10,4,27,25,34609,1,0,1,-34.509151,150.414664,78,2,1,0,2,0,0,0,3,0,7,70,0,4552,5151,8,5,40,1,2,0,0,0
1329793,0,2023,2023,11,2,0,8,27,2,11,0,1,1,-35.315669,144.189558,51,1,0,0,0,0,0,0,0,0,7,100,1,1259,5151,8,10,40,1,1,0,0,0
1329794,0,2023,2023,11,2,7,7,27,8,11,0,1,1,-33.446039,146.573473,51,1,0,1,0,0,0,0,2,0,7,100,1,4026,4026,8,10,40,1,1,1,0,0
1329795,0,2023,2023,11,2,8,14,27,13,34609,0,1,1,-30.004529,151.15613,33,1,0,1,0,2,0,0,2,0,7,100,0,1945,1945,5,10,40,1,1,0,1,0
1329796,0,2023,2023,11,0,11,35,31,25,34609,0,1,1,-33.876584,151.282314,76,0,2,1,2,0,0,0,0,0,7,50,0,489,489,8,0,40,1,1,0,0,0
1329797,0,2023,2023,11,3,1,7,27,26,34609,0,1,1,-33.277564,151.565142,16,2,2,1,2,0,0,0,0,0,7,50,0,9859,9859,1,5,0,3,1,1,0,0
1330245,0,2023,2023,11,2,5,481,17,562,483,0,1,1,-32.270055,148.582322,22,2,1,0,0,0,0,0,2,0,7,80,2,3775,3775,0,10,25,3,1,2,1,0
1330335,0,2023,2023,11,1,9,4,27,228,34609,0,1,1,-34.716796,149.731373,26,1,0,1,0,0,0,0,0,0,7,100,0,214,214,9,33,28,2,1,0,0,0
1330337,0,2023,2023,11,5,9,6,27,42,34609,0,1,2,-35.991851,146.384216,51,2,1,1,2,0,0,0,0,0,7,60,0,78,78,8,34,40,2,2,0,1,0
1330338,0,2023,2023,11,3,2,16,27,5,118,0,1,1,-28.9775,150.771439,33,1,0,1,0,0,0,0,1,0,7,100,1,4026,4026,8,10,40,1,1,0,0,1
1330339,0,2023,2023,11,3,9,387,27,204,331,0,1,1,-33.939551,151.141844,4,0,2,1,2,0,0,0,0,0,7,60,2,9859,9859,8,16,40,1,1,0,0,0
1330342,0,2023,2023,11,1,8,107,22,346,144,0,1,9,-33.883315,151.092178,9,0,2,1,1,0,0,0,2,0,0,60,2,775,775,4,21,19,4,1,0,3,0
1330969,0,2023,2023,11,6,4,92,27,21,36,0,1,1,-35.731919,150.199276,23,2,1,1,1,0,0,0,2,0,7,50,1,1220,1220,9,5,28,2,1,0,0,0
1330970,0,2023,2023,11,5,5,3,27,6,13,0,1,1,-35.784774,146.703677,27,1,0,1,0,0,0,0,2,0,7,100,1,4026,4026,8,0,40,1,1,1,0,1
1330971,0,2023,2023,11,5,5,10,27,6,34609,0,1,1,-33.136663,150.120204,40,1,0,0,0,0,0,0,2,0,7,100,0,2585,4009,8,16,40,1,1,0,0,0
1330974,0,2023,2023,11,6,11,196,10,45,168,0,1,1,-33.893733,150.971086,15,0,2,1,0,0,0,0,0,0,7,70,2,96,96,0,16,35,2,1,0,1,0
1330976,0,2023,2023,11,0,8,18,1,293,34609,1,0,1,-33.947531,151.251104,59,0,2,1,1,0,0,0,2,0,7,50,0,2040,2040,9,0,28,2,1,0,1,0
1330978,0,2023,2023,11,3,8,15,27,15,34609,0,1,1,-30.134181,153.048462,19,2,1,0,0,0,0,0,2,0,7,80,0,2585,4009,8,10,40,1,1,0,0,0
1331164,0,2023,2023,11,1,2,59,27,43,53,0,1,1,-34.190332,150.660048,79,1,2,1,0,0,0,0,0,0,7,100,1,3775,3775,0,10,13,2,1,2,0,0
1331568,0,2023,2023,11,0,4,280,10,314,240,0,1,1,-33.855319,150.945675,24,0,2,1,1,0,0,0,2,0,7,60,2,1220,1220,9,8,28,2,1,0,1,0
1331571,0,2023,2023,11,4,1,48,27,6,62,0,1,1,-35.71327,148.045697,66,1,0,0,0,0,0,0,0,0,7,100,2,2585,4009,8,10,40,1,1,0,0,0
1331573,0,2023,2023,11,0,7,80,27,123,50,0,1,10,-33.904396,151.226598,59,0,2,1,1,0,0,0,2,2,7,60,2,5929,5929,1,19,19,2,1,0,0,0
1331574,0,2023,2023,11,2,8,15,27,10,34609,0,1,1,-30.00367,150.904394,51,1,0,0,0,0,0,0,2,0,7,100,0,3775,3775,0,10,13,2,1,1,2,1
1331575,0,2023,2023,11,1,5,191,17,24,189,0,1,1,-32.024358,149.957439,73,1,0,0,0,0,0,0,2,0,7,100,2,3775,3775,0,10,0,3,1,1,1,0
1331576,0,2023,2023,10,1,9,62,27,21,166,0,1,9,-33.23656,151.436221,16,2,2,1,2,0,0,0,3,0,7,80,2,368,368,9,5,28,2,1,0,1,0
1332148,0,2023,2023,10,6,6,2,36,86,34609,0,1,6,-33.70399,151.206422,50,0,2,0,1,0,0,0,2,0,7,50,0,2585,4009,8,16,40,1,1,0,0,0
1332150,0,2023,2023,10,6,7,41,27,5,69,0,1,1,-34.417223,149.807734,74,1,0,0,0,0,0,3,2,0,7,100,1,3775,3775,0,8,0,2,1,0,1,0
1332151,0,2023,2023,10,2,0,30,27,18,34609,0,1,1,-33.66805,151.296345,50,0,2,0,2,0,3,4,0,0,7,50,0,2585,4009,8,10,40,1,1,4,1,0
1332152,0,2023,2023,10,3,8,97,31,169,34609,0,1,7,-33.896853,151.203721,69,0,2,1,1,0,0,0,2,0,0,50,0,214,214,9,10,26,2,1,0,1,0
1332154,0,2023,2023,10,5,5,22,27,90,93,0,1,2,-33.785017,150.956562,54,0,2,1,0,0,0,0,2,0,7,60,1,4026,4026,8,5,40,1,2,1,0,0
1332155,0,2023,2023,10,5,5,866,17,54,793,1,0,2,-33.722414,151.102364,31,0,2,1,1,0,0,0,2,0,7,70,2,14295,14295,3,10,19,5,1,2,3,0
1332588,0,2023,2023,10,4,8,361,23,4,34609,0,1,1,-34.307229,150.521778,78,2,1,1,0,0,0,0,2,0,7,50,0,9859,9859,8,5,40,1,1,0,0,0
1332912,0,2023,2023,10,1,3,25,27,11,34609,0,1,1,-34.616585,149.169191,74,1,0,1,0,2,0,3,2,0,7,100,0,3775,3775,0,10,5,2,1,0,1,0
1332914,0,2023,2023,10,1,8,22,27,7,34609,0,1,1,-32.625614,149.702278,44,1,0,0,0,0,0,0,2,0,7,100,0,57,57,1,34,13,2,1,1,1,0
1332937,0,2023,2023,10,6,7,194,31,29,256,0,1,1,-34.203795,150.787662,79,2,2,1,0,0,0,0,2,0,7,50,2,340,340,9,8,28,2,1,0,1,0
1332975,0,2023,2023,11,3,9,37,27,140,34609,0,1,1,-33.897774,150.986263,15,0,2,1,2,0,0,0,0,0,7,50,0,312,312,2,5,40,1,1,0,0,0
1333341,0,2023,2023,10,1,11,17,10,36,34609,0,1,1,-34.402146,150.833573,80,0,2,0,0,0,3,4,0,0,7,60,0,4552,5151,8,16,40,1,1,0,0,0
1333342,0,2023,2023,1,2,10,23,27,15,34609,0,1,1,-28.798325,153.472248,2,2,1,0,0,0,0,0,0,0,7,80,0,312,312,2,5,40,1,1,0,1,0
1333343,0,2023,2023,10,0,3,916,17,14,917,0,1,1,-32.415937,151.033436,64,1,0,1,0,0,0,0,1,0,7,100,2,3775,3775,0,8,13,2,1,0,1,0
1333344,0,2023,2023,10,5,5,55,36,8,43,0,1,1,-32.416353,150.323489,46,2,1,0,0,0,0,0,2,0,7,60,1,1850,1463,5,16,40,1,1,0,0,0
1333347,0,2023,2023,10,4,5,45,27,110,45,0,1,9,-33.743496,151.047112,31,0,2,0,1,0,0,3,2,2,7,60,2,5929,5929,1,9,5,3,1,1,0,0
1333349,0,2023,2023,10,0,9,2209,17,157,2205,0,1,9,-34.008711,151.103286,68,0,2,1,1,0,0,0,2,2,7,70,2,5929,5929,1,0,19,2,1,0,1,0
1333920,0,2023,2023,10,4,9,1,31,609,34609,0,1,1,-33.759603,150.907296,7,0,2,1,3,0,0,0,3,0,7,50,0,9859,9859,1,5,10,2,1,0,0,0
1333973,0,2023,2023,10,1,5,2,27,6,34609,0,1,1,-31.072916,144.341892,51,1,0,1,0,2,0,0,2,0,7,100,0,1089,1089,7,16,40,1,1,0,0,0
1333974,0,2023,2023,10,6,9,8,27,54,34609,0,1,1,-33.622345,150.856903,29,2,2,1,0,0,0,0,2,0,7,60,0,4026,4026,8,5,40,1,1,2,0,0
1333975,0,2023,2023,10,4,7,57,27,9,75,0,1,1,-33.475705,151.288776,16,2,2,0,0,0,3,4,2,0,7,80,1,3775,3775,0,9,13,2,1,1,0,0
1333976,0,2023,2023,10,4,10,3371,17,20,3342,0,1,2,-32.34135,152.326072,43,1,0,1,0,0,3,4,0,0,7,110,2,4026,4026,8,16,40,3,1,0,0,0
1333977,0,2023,2023,10,2,0,481,17,5,483,0,1,1,-31.430325,149.06971,51,1,0,1,0,0,0,0,0,0,7,100,2,4026,4026,8,0,40,1,1,0,0,0
1333978,0,2023,2023,10,0,11,149,36,10,113,0,1,1,-32.377962,152.457045,43,2,1,0,0,0,3,2,0,0,7,80,1,1957,4009,8,0,40,1,1,0,1,0
1334589,0,2023,2023,10,1,2,11,27,18,34609,0,1,1,-28.414167,153.403097,72,2,1,1,0,0,0,0,1,0,7,80,0,945,945,5,10,40,1,1,0,0,0
1334594,0,2023,2023,9,2,6,3371,17,19,3342,0,1,2,-31.456601,152.821853,56,1,0,1,0,0,3,4,2,0,7,110,2,9859,9859,8,16,40,1,1,0,0,0
1334595,0,2023,2023,9,0,6,2209,17,157,2205,0,1,2,-34.019233,151.090361,68,0,2,1,1,0,0,0,2,0,7,70,2,3775,3775,0,5,12,2,1,0,1,0
1334596,0,2023,2023,9,1,5,13,1,42,34609,0,1,1,-33.915432,150.901868,41,0,2,1,1,0,0,3,2,0,7,50,0,4026,4026,8,5,40,1,2,0,1,0
1335167,0,2023,2023,9,4,5,294,17,14,288,0,1,1,-34.72638,146.463431,51,1,0,1,0,0,3,4,2,0,7,100,2,3775,3775,0,10,2,2,1,0,1,0
1335168,0,2023,2023,9,4,9,308,14,83,311,0,1,3,-33.879373,150.841404,41,0,2,1,2,0,0,0,3,0,7,100,2,9859,9859,8,8,40,1,1,0,0,0
1335169,0,2023,2023,9,0,0,2209,17,115,2205,0,1,2,-33.914016,151.177685,32,0,2,1,2,0,0,0,0,0,7,60,2,3775,3775,0,15,5,2,1,0,1,0
1335170,0,2023,2023,9,0,1,2,27,4,34609,0,1,1,-31.36323,152.835846,56,1,0,1,0,0,0,0,0,0,7,100,0,57,57,1,5,13,2,1,1,1,0
1335171,0,2023,2023,9,2,1,3,27,14,34609,0,1,1,-28.912629,152.534212,51,1,0,0,0,0,0,1,0,0,7,100,0,1259,5151,8,0,40,1,2,2,1,0
1335172,0,2023,2023,9,2,7,37,1,198,29,0,1,9,-33.90675,151.100342,15,0,2,1,1,0,0,0,2,0,7,50,1,2040,2040,9,5,28,2,1,0,1,0
1335173,0,2023,2023,9,2,4,5,27,2,34609,0,1,1,-35.10414,148.86715,82,1,0,0,0,0,0,0,2,0,7,100,0,4552,5151,8,16,40,1,1,0,0,0
1335425,0,2023,2023,9,6,11,2,27,19,34609,0,1,1,-33.440086,149.578372,3,2,1,1,2,0,0,0,0,0,13,60,0,475,475,5,5,40,1,1,0,2,0
1335758,0,2023,2023,9,1,6,39,31,523,34609,0,1,9,-33.92166,150.916398,41,0,2,1,1,0,0,0,2,0,7,50,0,2040,2040,9,19,28,2,1,0,1,0
1335759,0,2023,2023,9,5,4,73,31,11,34609,0,1,9,-33.987267,151.097677,25,0,2,1,0,0,0,0,2,0,0,50,0,489,489,8,30,40,1,1,0,0,0
1335765,0,2023,2023,9,4,11,481,17,11,483,0,1,1,-33.910798,147.286954,51,1,0,1,0,0,0,0,0,0,7,110,2,3775,3775,0,34,35,2,1,0,1,0
1335767,0,2023,2023,9,6,4,5,31,96,34609,0,1,1,-33.383418,148.006859,51,2,1,1,0,0,0,0,2,0,7,40,0,368,368,9,21,28,2,1,0,0,0
1335768,0,2023,2023,9,0,6,2209,17,23,2205,0,1,1,-35.677519,150.209525,23,2,1,0,0,0,0,0,2,0,7,80,2,2585,4009,8,5,40,2,1,0,1,0
1335769,0,2023,2023,9,2,11,1,31,55,34609,0,1,1,-36.231843,149.115556,65,2,1,1,2,0,0,0,0,0,7,50,0,9859,9859,8,5,40,1,1,0,0,1
1335773,0,2023,2023,9,0,3,26,27,103,34609,0,1,1,-32.942797,151.652649,37,0,2,0,1,0,0,0,2,0,7,60,0,1957,4009,8,5,40,1,1,1,0,0
1335774,0,2023,2023,9,1,7,7,10,84,34609,0,1,1,-31.113242,150.891682,70,2,1,1,0,0,0,0,2,0,7,50,0,1945,1945,5,16,40,1,1,0,0,0
1336379,0,2023,2023,9,6,8,220,14,21,220,0,1,3,-34.253178,150.933719,80,0,2,1,0,0,2,6,2,0,7,110,2,1383,1383,1,10,13,2,1,1,1,0
1336380,0,2023,2023,9,6,6,59,27,10,69,0,1,1,-34.19212,149.736927,51,2,1,0,0,0,0,0,2,0,7,60,1,2585,4009,8,8,40,1,1,0,0,0
1336381,0,2023,2023,9,6,7,294,17,26,288,0,1,1,-34.470662,145.504146,51,2,1,1,0,0,0,0,2,2,7,40,2,14295,14295,3,29,12,3,1,1,1,0
1336382,0,2023,2023,9,4,7,916,17,14,917,0,1,9,-32.458562,151.066117,64,1,0,1,0,0,0,3,2,0,15,100,2,2852,2852,4,5,13,2,1,0,1,0