Crash ID,Degree of crash - detailed,Reporting year,Year of crash,Month of crash,Day of week of crash,Two-hour intervals,Street of crash,Street type,Town,Route no.,School zone location,School zone active,Type of location,Latitude,Longitude,LGA,Urbanisation,Conurbation 1,Alignment,Street lighting,Road surface,Surface condition,Weather,Natural lighting,Signals operation,Other traffic control,Speed limit,Road classification,RUM - code,DCA - code,First impact type,Key TU type,Other TU type,No. of traffic units involved,No. killed,No. seriously injured,No. moderately injured,No. minor-other injured
1336383,0,2023,2023,9,4,11,481,17,48,483,0,1,1,-34.01778,147.150771,51,1,0,1,0,0,0,0,0,0,7,110,2,4026,4026,8,3,40,1,1,0,0,0
1336384,0,2023,2023,9,0,4,5,27,22,34609,0,1,1,-32.834071,150.015603,44,2,1,1,1,0,0,3,2,0,7,80,0,9859,9859,8,0,40,1,1,0,0,0
1336385,0,2023,2023,9,3,5,50,36,10,43,0,1,1,-36.515647,148.141135,66,2,1,0,0,0,3,3,2,0,7,60,2,1850,1463,5,16,40,2,1,0,1,0
1336962,0,2023,2023,9,4,9,1,27,32,34609,0,1,1,-29.095867,153.339528,60,2,1,1,0,0,0,0,0,0,7,80,0,3775,3775,0,30,13,2,1,1,0,0
1336963,0,2023,2023,9,4,3,22,27,43,228,0,1,1,-33.605937,150.855612,29,2,2,1,0,0,0,0,2,0,7,80,2,3775,3775,0,5,13,2,1,0,1,0
1336964,0,2023,2023,9,4,11,108,27,251,93,0,1,2,-33.778384,150.9457,7,0,2,0,2,0,0,0,0,0,7,60,1,2585,4009,8,9,40,1,1,0,0,0
1336965,0,2023,2023,2,0,11,294,17,26,288,0,1,1,-34.620614,146.031111,51,1,0,0,0,0,0,3,0,0,7,110,2,3775,3775,0,3,2,2,1,1,0,0
1336966,0,2023,2023,2,3,0,65,10,132,148,0,1,1,-34.170129,151.042742,68,0,2,0,0,0,3,0,0,0,7,60,2,1259,5151,8,0,40,1,1,0,0,0
1336967,0,2023,2023,2,2,11,171,1,63,104,0,1,2,-33.937609,151.211308,4,0,2,1,2,0,3,3,0,0,7,70,2,3775,3775,0,5,0,2,1,2,0,0
1336968,0,2023,2023,2,3,6,3371,17,107,3342,0,1,9,-33.276531,151.428624,16,2,2,1,1,0,0,0,2,0,15,70,2,2852,2852,4,5,5,2,1,0,0,0
1336970,0,2023,2023,2,1,6,163,27,41,165,1,0,9,-33.729814,150.827136,7,0,2,1,1,0,3,0,2,0,7,60,1,4026,4026,8,5,40,1,1,0,0,0
1336971,0,2023,2023,2,2,6,20,27,34,20,0,1,1,-35.06822,150.64486,63,2,1,0,0,0,0,0,2,0,7,80,1,1957,4009,8,5,40,1,1,0,0,0
1337595,0,2023,2023,9,6,0,4,27,15,34609,0,1,1,-34.611037,150.258718,78,1,0,1,0,0,3,2,0,0,7,90,0,1089,1089,7,5,40,1,1,0,0,0
1337597,0,2023,2023,2,2,8,916,17,165,917,0,1,9,-32.27525,150.895139,46,2,1,1,1,0,0,0,2,2,7,50,2,4026,4026,8,16,40,1,1,0,0,1
1337598,0,2023,2023,2,2,10,11,27,10,34609,0,1,1,-28.986697,153.054772,60,1,0,1,0,0,0,0,0,0,7,100,0,9859,9859,8,5,40,1,2,0,0,0
1337601,0,2023,2023,2,5,6,4,27,5,34609,0,1,1,-35.513756,146.549957,51,1,0,1,0,0,0,0,2,0,7,100,0,945,945,5,8,40,1,1,0,0,0
1337761,0,2023,2023,2,6,7,294,17,16,288,0,1,2,-34.638158,143.561265,51,2,1,1,1,0,0,0,2,0,7,50,2,2040,2040,9,10,28,2,1,0,1,0
1338221,0,2023,2023,2,4,8,213,17,8,213,0,1,10,-29.646996,150.813793,33,1,0,1,0,0,0,0,2,0,7,100,2,9859,9859,8,16,40,1,1,0,0,0
1338222,0,2023,2023,2,1,5,81,17,83,100,0,1,9,-34.449318,150.452914,78,2,1,1,0,0,0,0,2,0,15,50,2,1220,1220,9,0,28,2,1,0,0,0
1338223,0,2023,2023,2,0,6,481,17,113,483,0,1,1,-29.32968,149.950848,51,1,0,1,0,0,0,0,2,0,7,110,2,3775,3775,0,0,32,2,1,0,1,0
1338225,0,2023,2023,2,2,0,6,10,75,34609,0,1,1,-32.775309,151.631672,42,2,1,0,2,0,0,0,0,0,7,60,0,4552,5151,8,16,40,1,1,0,0,0
1338226,0,2023,2023,2,2,5,59,27,9,143,0,1,1,-34.133986,149.333876,74,2,1,0,0,0,0,0,2,0,7,80,2,2585,4009,8,16,40,1,1,0,0,0
1338227,0,2023,2023,2,2,11,1,31,123,34609,0,1,9,-33.844947,148.694238,51,2,1,1,2,0,0,0,0,0,7,50,0,1981,1981,4,0,25,2,1,2,4,0
1338229,0,2023,2023,2,2,6,5,31,433,34609,1,0,1,-33.287644,149.098357,52,2,1,1,1,0,0,0,2,0,7,50,0,9859,9859,1,21,13,2,1,3,1,0
1338230,0,2023,2023,2,2,6,2,27,1,34609,0,1,1,-35.244777,147.574585,75,1,0,1,0,0,0,0,2,0,7,100,0,4026,4026,8,10,40,1,2,0,0,0
1338832,0,2023,2023,2,6,3,118,17,15,118,0,1,1,-31.09527,150.272639,51,1,0,0,0,0,3,4,2,0,7,100,2,1259,5151,8,5,40,1,3,2,0,0
1338833,0,2023,2023,2,4,3,9,27,11,23,0,1,1,-33.910643,141.995337,51,1,0,1,0,0,0,0,2,0,7,100,1,475,475,5,10,40,1,1,0,0,0
1338837,0,2023,2023,2,0,8,9,27,252,34609,0,1,1,-33.93472,150.887263,41,0,2,1,1,0,0,0,3,0,7,60,0,4026,4026,1,5,0,2,1,0,0,0
1338838,0,2023,2023,2,3,10,33,27,35,49,0,1,1,-33.883784,150.892185,24,0,2,1,2,0,3,4,0,0,7,60,1,2040,2040,9,9,28,2,1,0,1,0
1338840,0,2023,2023,2,0,6,2126,17,24,2149,0,1,1,-33.446246,150.04467,40,1,0,1,0,0,0,0,2,0,7,100,2,3775,3775,0,10,13,5,3,7,7,1
1339151,0,2024,2024,4,1,4,103,27,113,256,0,1,1,-34.297807,150.90541,80,0,2,0,1,0,3,4,2,0,7,80,2,4552,5151,8,5,40,1,1,0,0,0
1339984,0,2024,2024,4,6,7,348,17,3,232,0,1,1,-31.525981,148.556366,51,1,0,0,0,0,0,0,2,0,7,110,2,3775,3775,0,10,0,2,1,0,2,1
1339986,0,2024,2024,4,4,8,213,17,4,213,0,1,10,-29.668729,152.981533,18,1,0,1,0,0,0,0,3,0,7,100,2,1109,787,1,5,2,2,1,0,2,0
1339987,0,2024,2024,4,0,8,133,27,83,2,0,1,1,-30.108237,153.199993,19,2,1,1,0,0,3,3,2,0,7,50,1,4026,4026,8,0,40,1,1,1,0,0
1340342,0,2023,2023,2,6,4,2,31,39,34609,1,0,10,-35.31266,148.220992,66,2,1,1,3,0,0,0,2,0,15,50,0,4026,4026,8,10,40,1,1,0,0,0
1340598,0,2024,2024,4,5,3,213,17,10,213,0,1,1,-29.565287,153.118005,18,1,0,1,0,0,0,3,2,0,7,100,2,3775,3775,0,5,35,2,1,0,1,0
1340599,0,2024,2024,4,6,10,4,27,70,34609,0,1,1,-34.846279,150.61107,63,2,1,1,1,0,0,0,0,0,7,50,0,3775,3775,0,10,5,2,1,3,0,0
1340600,0,2024,2024,4,0,4,8,27,5,5,0,1,1,-34.786712,150.778569,35,2,1,1,0,0,0,0,2,0,7,80,1,9859,9859,8,0,40,1,1,0,0,0
1340601,0,2024,2024,4,0,3,113,27,78,111,0,1,1,-33.838282,150.780969,55,0,2,1,0,0,3,4,1,0,7,80,2,96,96,0,5,13,3,1,1,1,0
1340602,0,2024,2024,4,0,8,3,1,90,34609,0,1,1,-33.780853,150.949502,54,0,2,1,0,0,0,0,2,0,7,50,0,238,238,9,0,28,2,1,0,1,0
1341169,0,2024,2024,4,1,10,485,27,25,769,0,1,9,-33.620474,150.83605,29,2,2,1,2,0,3,0,0,0,7,80,2,1192,1192,1,5,5,2,2,1,1,0
1341170,0,2024,2024,4,1,7,26,31,123,38,0,1,9,-33.830677,148.68327,51,2,1,0,1,0,0,0,2,0,7,50,2,3775,3775,0,0,36,2,1,1,0,0
1341171,0,2024,2024,4,6,2,24,27,19,34609,0,1,1,-32.923794,151.464243,17,2,1,0,0,0,0,0,0,0,7,80,0,4552,5151,8,5,40,1,1,0,0,0
1341172,0,2024,2024,4,1,8,294,17,15,288,0,1,1,-34.520925,144.873001,51,1,0,1,0,0,0,0,2,0,7,110,2,1109,787,1,5,32,2,2,1,1,1
1341173,0,2024,2024,4,6,10,3371,17,52,3342,0,1,1,-33.261737,151.457182,16,2,2,0,0,0,3,4,0,0,7,70,2,1220,1220,9,0,28,2,1,0,1,0
1341174,0,2024,2024,4,0,7,114,27,21,65,0,1,1,-33.293771,151.21252,16,2,2,1,0,0,0,0,2,0,7,80,1,9859,9859,8,29,40,2,1,0,1,0
1341175,0,2024,2024,4,0,8,500,27,271,799,0,1,9,-33.937306,151.020794,15,0,2,1,1,0,0,0,2,0,7,70,2,2852,2852,4,0,19,2,1,0,1,0
1341176,0,2024,2024,4,3,11,2209,17,23,2205,0,1,2,-34.597625,150.841959,62,0,2,1,0,0,0,0,0,0,7,100,2,14295,14295,3,8,18,2,1,1,1,0
1341560,0,2024,2024,4,6,2,11,36,12,11,0,1,1,-33.650508,148.927955,51,1,0,0,0,0,3,3,0,0,7,100,1,2585,4009,8,9,40,1,1,0,0,0
1341777,0,2024,2024,4,4,2,17,31,193,34609,0,1,9,-33.792129,151.101499,61,0,2,1,1,0,0,0,1,0,7,50,0,5929,5929,1,10,19,2,1,0,1,0
1341799,0,2024,2024,4,4,5,1,27,4,1,0,1,1,-35.028053,143.521772,51,1,0,1,0,0,0,0,2,0,7,100,1,3775,3775,0,10,12,2,2,0,0,0
1341800,0,2024,2024,4,4,0,5,31,137,34609,0,1,9,-33.903684,150.889355,24,0,2,0,2,0,0,0,0,0,7,50,0,2585,4009,1,16,10,2,1,0,0,0
1341929,0,2023,2023,2,2,9,157,17,25,158,0,1,1,-33.750226,148.795278,51,1,0,1,0,0,0,0,3,0,7,100,2,4026,4026,8,34,40,1,1,0,0,0
1342323,0,2024,2024,4,6,8,84,10,39,80,0,1,1,-34.314758,150.923676,80,0,2,0,1,0,0,0,2,0,7,50,2,237,162,8,15,40,1,1,0,0,0
1342325,0,2024,2024,4,2,1,3371,17,12,3342,0,1,2,-32.143555,152.334469,43,1,0,0,0,0,3,3,0,0,7,100,2,4552,5151,8,0,40,1,1,1,0,0
1342326,0,2024,2024,3,0,6,115,27,113,173,0,1,9,-34.375087,150.831061,80,0,2,0,0,0,0,0,2,0,15,100,2,2852,2852,4,5,12,2,1,1,0,0
1342544,0,2024,2024,4,5,6,78,23,30,34,0,1,2,-34.225137,150.554749,79,1,2,1,0,0,0,0,2,0,7,100,1,4026,4026,8,30,40,1,1,0,0,0
1342838,0,2024,2024,4,1,0,55,27,29,38,0,1,2,-33.947798,150.788652,41,0,2,1,2,0,0,0,0,0,7,80,2,121,121,9,0,28,2,1,0,0,0
1342931,0,2024,2024,3,1,2,109,36,90,108,0,1,1,-28.255523,153.528973,72,2,1,0,0,0,0,0,1,0,7,80,1,404,404,8,16,40,3,1,0,2,0
1342934,0,2024,2024,4,6,4,1,27,3,34609,0,1,1,-34.14873,148.358377,30,1,0,0,0,0,0,0,2,0,7,100,0,1259,5151,8,5,40,1,1,0,0,0
1342937,0,2024,2024,3,2,9,916,17,194,917,0,1,1,-30.473181,151.679123,1,1,0,1,0,0,3,0,2,0,7,100,2,3775,3775,0,0,0,2,3,1,0,1
1342939,0,2024,2024,3,2,6,3,27,8,34609,0,1,1,-31.376957,149.872631,51,1,0,0,0,0,0,0,2,0,7,100,0,4552,5151,8,16,40,1,1,0,0,0
1342940,0,2024,2024,3,5,5,19,27,118,19,0,1,1,-33.353909,151.285403,16,1,2,1,0,0,3,4,2,0,7,100,1,14295,14295,3,29,13,5,1,1,2,0
1343097,0,2024,2024,3,6,10,36,25,123,34609,0,1,9,-33.817589,148.689834,51,2,1,0,2,0,0,0,3,0,7,50,0,4552,5151,8,16,40,1,1,0,0,0
1343498,0,2024,2024,4,6,6,102,31,107,2149,0,1,10,-33.884186,151.198538,69,0,2,1,1,0,0,0,2,2,9,50,2,1220,1220,9,9,28,2,1,0,0,0
1343505,0,2024,2024,3,6,5,230,27,173,284,0,1,10,-33.78155,151.113575,61,0,2,1,1,0,0,0,2,2,7,70,2,5929,5929,1,0,19,2,1,0,1,0
1343506,0,2024,2024,3,4,8,191,17,8,189,0,1,1,-32.194107,148.906739,22,1,0,0,0,0,0,3,2,0,7,100,2,3775,3775,0,0,35,2,1,3,0,0
1343507,0,2024,2024,3,4,8,103,27,16,98,0,1,1,-33.188173,150.691247,29,1,2,0,0,0,3,4,3,0,7,100,2,2585,4009,8,0,40,1,1,1,0,0
1343508,0,2024,2024,3,0,6,84,10,39,80,0,1,9,-34.322553,150.913369,80,0,2,0,1,0,0,3,2,0,15,50,2,775,775,4,8,0,2,1,2,0,1
1343511,0,2024,2024,3,1,8,73,24,50,88,0,1,1,-33.717086,151.268802,50,0,2,0,0,0,3,4,2,0,7,80,2,3775,3775,0,0,0,2,1,0,1,0
1344088,0,2024,2024,3,3,9,1,27,16,34609,0,1,1,-29.87744,151.173366,33,2,1,1,0,2,0,3,3,0,7,50,0,9859,9859,8,16,40,1,1,0,0,0
1344089,0,2024,2024,3,4,10,2261,17,68,2252,0,1,2,-34.80559,148.908032,82,1,0,0,0,0,0,0,0,0,7,110,2,1109,787,1,5,2,2,1,0,1,0
1344090,0,2024,2024,3,0,3,32,27,29,28,0,1,1,-33.917915,150.785485,41,0,2,1,1,0,0,1,1,0,7,70,1,1220,1220,9,5,28,2,1,0,0,0
1344091,0,2024,2024,3,0,4,137,14,18,70,0,1,3,-32.796131,151.474041,17,1,0,0,2,0,0,0,2,0,7,110,2,14295,14295,3,16,19,3,1,0,1,0
1344093,0,2024,2024,3,3,3,161,17,3,161,0,1,1,-35.32803,148.163596,66,1,0,0,0,0,0,0,1,0,7,100,2,1089,1089,7,29,40,1,1,0,0,0
1344094,0,2024,2024,3,6,6,916,17,48,917,0,1,10,-29.020987,151.997527,51,1,0,0,0,0,0,0,2,0,0,100,2,6545,6545,4,5,2,2,1,0,1,0
1344653,0,2024,2024,3,5,9,1,27,20,34609,0,1,1,-30.448063,149.281461,51,1,0,0,0,2,0,0,3,0,7,100,0,1850,1463,5,10,40,1,1,1,1,0
1344654,0,2024,2024,3,6,5,20,27,103,45,0,1,1,-34.319256,148.358482,30,1,0,0,0,0,0,0,2,0,7,100,1,4552,5151,8,9,40,1,1,0,0,0
1344656,0,2024,2024,3,3,5,89,36,49,81,0,1,1,-34.504253,148.720856,30,1,0,0,0,0,0,0,2,0,7,100,2,4552,5151,8,0,40,1,1,0,0,1
1344709,0,2023,2023,2,5,6,35,27,26,49,0,1,1,-31.482529,150.67248,51,1,0,1,0,0,0,0,2,0,7,100,1,9859,9859,8,5,40,1,1,0,0,0
1345218,0,2024,2024,7,5,9,481,17,10,483,0,1,1,-31.507495,148.838593,51,1,0,1,0,0,0,0,3,0,7,110,2,3775,3775,0,30,2,2,1,0,2,0
1345219,0,2024,2024,7,0,2,1,18,8,34609,0,1,1,-29.099745,153.268955,60,2,1,1,0,2,0,0,0,0,7,60,0,9859,9859,8,0,40,1,1,0,0,0
1345220,0,2024,2024,7,6,1,1,31,137,34609,0,1,1,-33.896262,150.905461,24,0,2,1,2,0,0,0,0,0,7,50,0,368,368,9,5,28,2,1,0,0,0
1345221,0,2024,2024,7,2,7,481,17,5,483,0,1,1,-31.441148,149.158411,51,1,0,1,0,0,0,0,2,0,7,100,2,9859,9859,8,3,40,1,1,0,0,0
1345222,0,2024,2024,7,0,2,150,27,197,415,0,1,9,-33.787774,151.125734,61,0,2,1,2,0,0,0,0,2,7,70,2,301,301,4,0,18,2,1,1,0,0
1345855,0,2024,2024,7,0,5,2261,17,68,2252,0,1,2,-34.779754,148.715223,82,1,0,1,0,0,0,0,2,0,7,110,2,945,945,5,10,40,1,1,0,0,1
1345858,0,2024,2024,7,4,6,1,27,10,34609,0,1,1,-31.646417,152.698078,56,2,1,1,0,0,0,0,2,0,7,80,0,4026,4026,8,21,40,1,1,0,0,0
1345860,0,2024,2024,7,0,11,1104,14,26,962,0,1,3,-33.769728,150.66621,55,0,2,1,0,0,0,0,0,0,7,110,2,14295,14295,3,16,5,2,1,0,1,0
1345861,0,2024,2024,7,3,2,15,31,8,34609,0,1,1,-33.897298,151.270887,76,0,2,1,2,0,3,4,0,0,7,50,0,214,214,9,30,28,2,1,0,0,0
1345862,0,2024,2024,7,3,5,149,36,32,113,0,1,1,-32.397589,152.30445,43,2,1,0,0,0,3,4,2,0,7,80,1,1850,1463,5,16,40,2,1,0,1,0
1345863,0,2024,2024,7,0,7,1,27,4,34609,0,1,1,-30.203806,152.894772,19,1,0,0,0,0,3,4,2,0,7,100,0,4552,5151,8,10,40,1,1,0,0,0
1346128,0,2024,2024,4,5,7,92,27,163,34609,0,1,1,-33.858824,151.115836,14,0,2,1,0,0,0,3,2,0,7,50,0,3775,3775,0,5,0,3,1,0,0,0
1346467,0,2024,2024,7,5,3,157,17,123,158,0,1,1,-33.883049,148.522511,51,1,0,0,0,0,0,0,1,0,7,100,2,3775,3775,0,5,13,2,1,1,0,0
1346468,0,2024,2024,7,4,10,2,27,194,34609,0,1,1,-30.497551,151.62521,1,2,1,1,0,0,0,0,0,0,7,80,0,121,121,9,0,28,2,1,0,1,0
1346470,0,2024,2024,7,3,6,118,17,15,118,0,1,1,-31.187092,150.347306,51,1,0,1,0,0,0,0,2,0,7,110,2,204,204,1,10,12,2,1,0,2,0
1346471,0,2024,2024,7,2,11,4,36,2,56,0,1,1,-33.568441,147.118432,51,1,0,1,0,0,0,0,0,0,7,100,1,1945,1945,5,10,40,1,1,1,0,0
1346473,0,2024,2024,7,1,5,196,36,36,4,0,1,1,-33.814016,148.079483,51,1,0,1,0,0,0,0,2,0,7,100,1,14295,14295,3,8,27,2,1,0,1,0
1347079,0,2024,2024,7,4,7,330,23,123,233,0,1,2,-33.915956,151.225673,59,0,2,1,1,0,0,0,2,0,7,50,2,4026,4026,8,16,40,1,1,0,0,0
1347080,0,2024,2024,7,4,11,13,3,370,256,0,1,9,-34.068671,150.815191,13,0,2,1,2,0,0,0,0,0,7,60,2,1220,1220,9,10,28,2,1,0,1,0
1347081,0,2024,2024,7,0,9,2,27,7,34609,0,1,1,-33.908719,144.686748,51,1,0,1,0,2,0,0,3,0,7,100,0,312,312,2,23,40,1,1,0,0,0
1347082,0,2024,2024,7,2,5,161,17,9,161,0,1,1,-35.902758,148.525589,65,2,1,0,0,0,0,0,2,0,7,80,2,96,96,0,16,2,2,1,0,1,0
1347085,0,2024,2024,0,1,8,481,17,7,483,0,1,9,-33.296819,148.08383,51,1,0,1,0,0,0,0,2,0,7,110,2,5929,5929,1,30,13,2,2,0,3,1
1347086,0,2024,2024,0,1,7,95,31,346,59,0,1,1,-33.869106,151.067219,67,0,2,1,0,0,0,0,2,0,7,50,1,14295,14295,3,16,5,2,1,0,1,0
1347087,0,2024,2024,0,5,10,283,27,70,702,0,1,9,-33.981509,151.108237,25,0,2,1,2,0,0,0,0,0,7,70,2,1282,1282,1,0,40,1,2,0,0,0
1347480,0,2024,2024,7,0,7,2209,17,201,2205,0,1,10,-34.880856,150.604273,63,2,1,1,1,0,0,0,2,0,15,70,2,2040,2040,9,19,28,2,1,0,1,0
1347716,0,2024,2024,0,4,1,213,17,3,213,0,1,1,-29.766133,151.231121,33,1,0,1,0,0,0,0,0,0,7,100,2,9859,9859,8,5,40,1,1,0,0,0
1347718,0,2024,2024,0,4,6,916,17,12,917,0,1,1,-31.902547,150.879974,73,1,0,1,0,0,0,3,2,0,7,100,2,1383,1383,1,0,35,3,1,2,1,0
1347719,0,2024,2024,0,0,6,348,17,11,232,0,1,1,-32.848616,149.807595,44,1,0,0,0,0,3,4,2,0,7,100,2,3775,3775,0,10,0,2,1,3,1,0
1347720,0,2024,2024,0,2,1,55,36,7,95,0,1,1,-33.117734,147.727397,53,1,0,1,0,0,3,3,0,0,7,100,2,9859,9859,8,10,40,1,1,0,0,0
1347721,0,2024,2024,0,3,1,2,27,3,34609,0,1,1,-32.679888,148.451452,11,1,0,0,0,0,0,3,0,0,7,100,0,1259,5151,8,0,40,1,1,0,0,0
1348329,0,2024,2024,0,5,2,230,27,100,284,0,1,9,-33.801724,151.145401,77,0,2,1,2,0,0,0,0,2,7,70,2,9859,9859,8,5,40,1,1,0,0,0
1348331,0,2024,2024,0,5,9,6,10,232,34609,0,1,10,-33.696682,150.927706,71,0,2,0,1,0,3,4,0,2,7,80,0,6545,6545,4,5,22,2,1,3,1,1
1348336,0,2024,2024,0,0,9,475,31,44,27,0,1,9,-33.97139,151.116944,25,0,2,1,2,0,0,0,3,0,7,60,1,1220,1220,9,16,28,2,1,1,0,0
1348337,0,2024,2024,0,2,4,14,27,3,34609,0,1,1,-31.088248,150.498108,51,1,0,1,0,0,0,0,2,0,7,100,0,9859,9859,8,9,40,1,1,0,0,0
1348338,0,2024,2024,0,3,0,61,10,87,34609,0,1,1,-33.071706,151.461355,37,0,2,1,2,0,0,0,0,0,7,60,0,9859,9859,1,5,0,2,1,2,0,0
1348339,0,2024,2024,0,3,4,387,27,3,41,0,1,1,-29.060445,153.343262,39,1,0,1,1,0,0,0,2,0,7,100,1,2040,2040,9,10,28,2,1,0,1,0
1348340,0,2024,2024,0,3,0,1,27,16,34609,0,1,1,-30.374936,150.556591,70,1,0,1,0,0,0,0,0,0,7,100,0,4026,4026,8,10,40,1,1,0,0,0
1348341,0,2024,2024,0,4,5,42,27,10,34609,0,1,1,-31.474955,151.1702,70,2,1,0,0,0,0,0,2,0,7,80,0,2585,4009,8,8,40,1,1,0,0,0
1348342,0,2024,2024,0,1,2,1052,14,143,928,0,1,3,-33.695742,151.120558,31,0,2,1,2,0,0,0,0,0,7,110,2,3775,3775,0,30,5,4,2,1,1,0
1348343,0,2024,2024,0,3,11,41,27,293,91,0,1,7,-33.952857,151.245988,59,0,2,0,2,0,0,0,0,0,0,50,1,1850,1463,5,16,40,1,1,0,0,0
1349015,0,2024,2024,0,0,6,45,3,41,331,0,1,2,-34.073069,150.696993,12,0,2,0,0,0,0,0,2,0,7,80,2,1383,1383,1,5,36,4,1,0,3,0
1349016,0,2024,2024,0,2,3,1,27,70,34609,0,1,1,-34.73594,149.987119,26,2,1,0,0,0,0,3,2,0,7,80,0,4552,5151,8,16,40,1,1,0,0,0
1349572,0,2024,2024,0,2,4,512,17,10,441,0,1,1,-32.32206,148.740783,22,1,0,1,0,0,3,4,2,0,7,110,2,3775,3775,0,0,7,2,1,0,1,0
1349574,0,2024,2024,0,6,6,1,27,6,34609,0,1,1,-35.58351,145.248834,51,1,0,1,1,0,0,0,2,0,7,100,0,4026,4026,8,3,40,1,1,0,0,0
1349575,0,2024,2024,0,4,6,120,36,16,148,0,1,1,-30.40076,152.745338,6,2,1,0,0,0,0,0,2,0,7,80,2,3775,3775,0,10,19,2,2,0,1,0
1349576,0,2024,2024,0,0,1,23,31,218,19,0,1,1,-33.748267,150.766299,55,0,2,1,2,0,0,0,0,0,7,60,1,190,190,1,5,10,2,1,1,0,0
1349577,0,2024,2024,0,3,10,1,31,28,34609,0,1,9,-33.414648,149.560122,3,2,1,1,2,0,0,0,0,0,7,50,0,9859,9859,8,5,40,1,1,1,0,0
1349579,0,2024,2024,0,2,9,39,27,169,147,0,1,1,-28.637778,153.575336,10,2,1,1,2,0,0,0,0,0,7,60,1,1945,1945,5,22,40,1,1,0,0,0
1349580,0,2024,2024,0,1,8,3371,17,13,3342,0,1,2,-29.158359,153.293222,60,1,0,1,0,0,0,0,2,0,7,100,2,1945,1945,5,8,40,2,1,0,1,0
1349961,0,2024,2024,0,4,9,54,31,56,62,0,1,1,-33.802345,151.198433,77,0,2,1,2,0,0,6,0,0,7,60,2,1220,1220,9,5,28,2,1,0,1,0
1350152,0,2024,2024,0,5,5,135,17,8,136,0,1,1,-36.059615,146.836771,0,1,0,1,0,0,0,0,2,0,7,100,2,9859,9859,8,10,40,1,1,0,0,0
1350155,0,2024,2024,0,4,7,97,27,251,34609,0,1,1,-33.775629,150.93008,7,0,2,1,1,0,0,0,2,0,7,50,0,238,238,9,10,28,2,1,0,0,0
1350772,0,2024,2024,0,1,6,1,1,102,34609,0,1,10,-33.952846,151.237618,59,0,2,1,1,0,0,0,2,0,0,50,0,1945,1945,5,22,40,1,1,0,0,0
1350817,0,2024,2024,8,6,0,1052,14,56,928,0,1,3,-32.995456,151.514542,37,0,2,0,0,0,3,3,0,0,7,110,2,1259,5151,8,5,40,1,1,0,0,0
1350819,0,2024,2024,8,3,7,5,10,22,3,0,1,1,-33.163047,148.706715,11,1,0,0,0,0,0,0,2,0,7,100,2,3775,3775,0,30,13,2,1,2,2,0
1351469,0,2024,2024,8,5,9,53,31,140,125,0,1,1,-33.903467,151.002805,15,0,2,1,2,0,0,0,0,0,7,60,1,5929,5929,1,5,19,2,1,0,1,0
1351470,0,2024,2024,8,5,11,5,27,290,19,0,1,9,-33.950969,151.116084,4,0,2,1,2,0,0,0,0,0,7,50,1,2040,2040,9,5,28,2,1,0,1,0
1351471,0,2024,2024,8,6,2,42,10,24,172,0,1,1,-32.889159,151.579153,37,0,2,0,0,0,3,3,0,0,7,80,2,2585,4009,8,5,40,1,1,0,0,0
1351472,0,2024,2024,8,6,9,71,17,16,71,0,1,1,-35.733038,144.894202,51,1,0,1,0,0,0,0,3,0,7,100,2,9859,9859,8,10,40,1,1,0,0,0
1351474,0,2024,2024,8,0,7,485,27,69,769,0,1,9,-33.776852,151.000193,54,0,2,1,1,0,0,0,2,0,7,60,2,2040,2040,9,0,28,2,1,0,1,0
1351475,0,2024,2024,8,3,11,220,14,27,220,0,1,3,-34.533324,150.78645,80,0,2,1,0,0,0,0,0,0,7,100,2,1220,1220,9,0,28,2,1,0,1,0
1351476,0,2024,2024,8,3,11,36,27,37,83,0,1,1,-29.435894,153.226211,18,1,0,1,0,0,0,0,0,0,7,100,1,3775,3775,0,10,0,2,2,2,0,0
1351477,0,2024,2024,8,0,9,65,10,132,148,0,1,1,-34.161465,151.033276,68,0,2,0,0,0,0,0,0,0,7,60,2,1850,1463,5,16,40,1,1,0,0,0
1352082,0,2024,2024,8,5,3,3371,17,147,3342,0,1,9,-33.740053,151.136769,36,0,2,1,2,0,0,0,1,2,9,60,2,368,368,9,9,28,2,1,0,1,0
1352083,0,2024,2024,8,6,0,3371,17,65,3342,0,1,2,-30.39957,153.031305,19,1,0,1,0,0,0,0,0,0,7,110,2,4026,4026,8,0,40,1,2,0,1,0
1352084,0,2024,2024,0,1,9,1,1,60,34609,0,1,1,-33.835835,151.148078,51,0,2,1,2,0,0,0,0,0,7,50,0,1259,985,8,5,40,1,1,0,0,0
1352085,0,2024,2024,8,4,8,2261,17,30,2252,0,1,2,-35.530766,147.54731,27,1,0,1,0,0,0,0,3,0,7,110,2,623,623,3,3,2,2,1,0,1,0
1352086,0,2024,2024,8,0,10,22,27,3,34609,0,1,1,-32.591366,149.63656,44,1,0,1,0,0,0,0,0,0,7,100,0,9859,9859,8,30,40,1,1,0,0,0
1352087,0,2024,2024,8,3,9,97,27,166,799,0,1,9,-33.929543,150.989215,15,0,2,1,2,0,0,0,0,2,7,70,2,5929,5929,1,5,13,2,2,2,1,0
1352659,0,2024,2024,8,5,4,112,17,207,112,0,1,1,-31.906831,141.618282,51,1,0,0,0,0,0,0,2,0,7,110,2,3775,3775,0,10,0,2,1,3,0,0
1352660,0,2024,2024,8,5,5,5,10,133,34609,0,1,9,-34.504369,150.802663,80,0,2,1,1,0,0,0,2,0,15,50,0,2040,2040,9,0,28,2,1,0,1,0