Crash ID,Degree of crash - detailed,Reporting year,Year of crash,Month of crash,Day of week of crash,Two-hour intervals,Street of crash,Street type,Town,Route no.,School zone location,School zone active,Type of location,Latitude,Longitude,LGA,Urbanisation,Conurbation 1,Alignment,Street lighting,Road surface,Surface condition,Weather,Natural lighting,Signals operation,Other traffic control,Speed limit,Road classification,RUM - code,DCA - code,First impact type,Key TU type,Other TU type,No. of traffic units involved,No. killed,No. seriously injured,No. moderately injured,No. minor-other injured
1352661,0,2024,2024,8,5,9,2261,17,443,2252,0,1,9,-33.890426,151.05887,15,0,2,1,2,0,0,0,0,2,7,70,2,5929,5929,1,5,19,2,2,0,1,0
1352662,0,2024,2024,8,6,9,3371,17,90,3342,0,1,2,-28.26323,153.527325,72,1,0,0,0,0,0,0,0,0,7,110,2,312,312,2,10,40,3,1,0,1,0
1352663,0,2024,2024,8,4,11,280,10,162,240,0,1,2,-33.853371,150.886689,24,0,2,0,2,0,0,0,0,0,7,70,2,1259,5151,8,5,40,1,1,3,0,1
1352665,0,2024,2024,6,3,6,16,27,39,34609,1,0,1,-32.91132,151.58265,37,0,2,1,1,0,0,0,2,0,7,50,0,1945,1945,5,17,40,1,1,0,0,0
1352668,0,2024,2024,6,1,7,2209,17,40,2205,0,1,1,-35.044811,150.577557,63,1,0,0,0,0,0,0,2,0,7,100,2,3775,3775,0,0,0,2,1,1,0,0
1352669,0,2024,2024,6,1,4,7,36,2,7,0,1,1,-31.647425,149.591016,51,1,0,1,0,0,0,0,2,0,7,100,1,4026,4026,8,0,40,1,1,0,0,0
1353283,0,2024,2024,6,5,7,27,36,83,157,0,1,1,-29.723179,152.955892,18,1,0,0,3,0,0,0,2,0,7,100,2,2585,4009,8,0,40,1,1,0,0,0
1353284,0,2024,2024,6,1,9,3,27,9,34609,0,1,1,-29.790569,152.859829,18,2,1,1,0,0,0,0,0,0,7,80,0,9859,9859,8,10,40,1,1,0,0,0
1353286,0,2024,2024,6,6,8,11,27,65,34609,0,1,1,-33.802345,150.953101,21,0,2,1,2,0,0,0,3,0,7,50,0,3775,3775,0,16,5,3,1,0,1,0
1353287,0,2024,2024,6,4,8,481,17,562,483,0,1,10,-32.208052,148.618697,22,2,1,1,0,0,0,0,0,0,7,80,2,1945,1945,5,16,40,2,1,0,1,0
1353288,0,2024,2024,6,5,3,387,36,86,69,0,1,2,-33.720724,151.216764,50,0,2,0,2,0,0,0,1,0,7,80,2,1192,1192,1,30,27,3,1,1,1,0
1353289,0,2024,2024,6,0,9,478,17,89,480,0,1,9,-33.388125,151.472882,16,2,2,1,2,0,3,3,0,0,0,60,2,2852,2852,4,5,19,3,1,0,1,0
1353290,0,2024,2024,6,1,8,481,17,27,483,0,1,1,-32.679065,148.194036,51,1,0,1,0,0,0,0,3,0,7,110,2,3775,3775,0,5,10,4,1,0,4,0
1353913,0,2024,2024,6,4,9,3371,17,137,3342,0,1,2,-32.971938,151.692562,37,0,2,0,2,0,0,0,0,0,7,60,2,2585,4009,8,16,40,1,1,0,0,0
1353914,0,2024,2024,6,0,8,16,27,25,174,0,1,2,-32.842933,151.373327,17,2,1,1,3,0,0,0,0,0,7,60,2,1220,1220,9,9,28,2,1,0,1,0
1354554,0,2024,2024,6,3,6,24,27,11,24,0,1,1,-28.32308,153.375702,72,2,1,0,0,0,0,0,2,0,7,80,1,623,623,3,16,0,2,1,0,1,0
1354555,0,2024,2024,6,6,8,3,27,337,34609,0,1,1,-33.718158,150.994835,71,0,2,1,2,0,0,0,0,0,7,50,0,3775,3775,0,10,5,2,1,4,0,0
1354556,0,2024,2024,6,3,4,97,27,271,799,0,1,2,-33.934779,151.007285,15,0,2,1,0,0,3,3,2,0,7,70,2,3775,3775,0,5,0,2,1,1,1,0
1355146,0,2024,2024,6,5,5,1052,14,207,928,0,1,6,-33.60722,151.160669,31,0,2,0,1,0,0,0,2,0,7,80,2,4552,5151,1,5,10,2,1,0,1,0
1355148,0,2024,2024,6,6,1,2,1,103,34609,0,1,1,-32.948503,151.652687,37,0,2,1,0,0,0,0,0,0,7,50,0,368,368,9,10,28,2,1,0,1,0
1355149,0,2024,2024,6,4,4,51,27,26,45,1,0,2,-33.743037,150.813992,7,0,2,1,0,0,0,0,2,0,7,60,1,214,214,9,10,28,2,1,0,0,0
1355638,0,2024,2024,6,6,8,40,27,21,40,0,1,7,-33.877285,150.90449,24,0,2,1,1,0,0,0,2,0,0,60,1,591,591,1,18,13,2,1,0,1,0
1355799,0,2024,2024,6,3,11,7,27,8,34609,0,1,1,-33.70251,150.797441,7,0,2,1,2,0,3,3,0,0,7,50,0,121,121,9,5,28,2,1,0,0,0
1355800,0,2024,2024,5,1,9,6,27,19,34609,1,0,1,-33.433982,149.922574,40,1,0,0,0,0,3,4,0,0,7,100,0,4552,5151,8,0,40,1,1,0,0,0
1355801,0,2024,2024,6,0,8,105,27,62,34609,0,1,9,-33.891609,151.132424,32,0,2,1,2,0,0,0,3,0,15,50,0,2040,2040,9,5,28,2,1,0,0,0
1355802,0,2024,2024,5,5,8,5,27,26,34609,0,1,9,-34.400002,150.484241,78,2,1,1,2,0,0,3,0,0,7,50,0,214,214,9,30,28,2,1,0,1,0
1355804,0,2024,2024,5,5,8,9,27,5,9,0,1,1,-29.569657,151.667877,51,1,0,0,0,0,3,4,3,0,7,100,1,4552,5151,8,16,40,1,1,0,0,0
1355806,0,2024,2024,5,0,11,21,27,38,22,0,1,1,-32.777311,151.932939,57,2,1,1,0,0,0,0,0,0,7,80,1,9859,9859,8,5,40,1,1,3,0,0
1355807,0,2024,2024,5,3,9,1,27,16,34609,0,1,1,-32.81248,150.005697,44,1,0,1,0,0,0,0,3,0,7,100,0,4026,4026,8,10,40,1,1,0,0,0
1355993,0,2024,2024,6,1,7,125,27,43,144,0,1,1,-32.807145,151.870922,57,2,1,1,1,0,0,0,2,0,7,80,2,4026,4026,8,5,40,1,1,0,0,0
1356427,0,2024,2024,5,2,7,11,31,2,34609,0,1,1,-33.115467,151.528369,37,0,2,0,1,0,3,6,2,0,7,50,0,2585,4009,8,16,40,1,1,0,0,0
1356428,0,2024,2024,5,1,6,157,17,18,158,0,1,1,-33.594384,149.174464,51,1,0,1,0,0,3,4,2,0,7,100,2,3775,3775,0,9,13,2,1,0,3,0
1356430,0,2024,2024,5,1,6,481,17,7,483,0,1,1,-33.285193,148.090325,51,1,0,1,0,0,3,3,2,0,7,110,2,96,96,0,0,32,2,1,1,0,0
1356432,0,2024,2024,5,4,10,90,36,5,102,0,1,1,-34.289875,146.592191,51,1,0,1,0,0,0,0,0,0,7,100,2,3775,3775,0,10,12,3,1,0,2,0
1356434,0,2024,2024,5,3,0,2,27,8,34609,0,1,1,-36.244939,148.911184,65,1,0,0,0,0,0,6,0,0,7,100,0,4552,5151,8,10,40,1,1,0,0,0
1356435,0,2024,2024,5,3,3,43,27,32,34609,0,1,1,-35.375507,150.384404,63,2,1,0,0,0,0,0,0,0,7,80,0,2585,4009,8,21,40,1,1,1,0,0
1356998,0,2024,2024,5,3,7,44,31,19,34609,0,1,10,-35.798996,145.567168,51,2,1,1,0,0,0,0,2,0,0,80,0,6545,6545,4,10,13,2,2,0,0,1
1357000,0,2024,2024,5,2,0,1,27,3,34609,0,1,1,-30.899462,149.959848,51,2,1,1,0,2,0,0,0,0,7,70,0,475,475,5,10,40,1,1,0,0,0
1357001,0,2024,2024,5,3,7,334,17,15,308,0,1,1,-31.710592,147.824278,51,2,1,1,0,0,0,0,2,0,7,80,2,14295,14295,3,16,19,2,1,0,1,0
1357600,0,2024,2024,5,1,4,6,27,132,17,0,1,10,-29.773304,151.101592,33,2,1,1,0,0,0,0,2,0,7,50,1,1220,1220,9,10,28,2,1,0,1,0
1357601,0,2024,2024,5,0,8,22,27,41,173,0,1,9,-34.395806,150.866586,80,0,2,1,0,0,0,0,2,0,7,80,2,14295,14295,3,0,19,2,1,0,1,0
1357602,0,2024,2024,5,6,5,90,36,7,102,0,1,1,-34.538033,148.316766,30,2,1,1,0,0,0,0,2,0,7,80,2,3775,3775,0,0,2,3,1,0,2,0
1357604,0,2024,2024,5,6,7,330,27,106,605,0,1,2,-33.680969,151.302823,50,0,2,1,1,0,0,0,2,0,7,70,2,1981,1981,4,5,0,2,1,0,1,0
1357607,0,2024,2024,5,2,9,205,27,161,415,0,1,10,-33.727898,151.164528,36,0,2,1,2,0,0,0,0,2,7,60,2,5929,5929,1,0,19,3,1,1,1,0
1357608,0,2024,2024,5,3,6,35,27,10,14,0,1,1,-35.106294,149.610935,26,1,0,1,0,0,0,0,2,0,7,100,1,9859,9859,8,30,40,1,3,0,0,1
1357610,0,2024,2024,5,1,11,481,17,113,483,0,1,1,-29.223354,150.003924,51,1,0,1,0,0,0,0,0,0,7,110,2,3775,3775,0,3,2,2,2,0,0,0
1358167,0,2024,2024,5,0,8,125,27,22,144,0,1,2,-32.874044,151.793936,57,2,1,1,1,0,0,0,2,0,7,70,2,2040,2040,9,16,28,2,1,1,0,0
1358169,0,2024,2024,5,6,0,3371,17,54,3342,0,1,1,-33.234879,151.501852,16,2,2,0,0,0,3,4,0,0,7,60,2,4552,5151,8,30,40,2,1,1,0,0
1358171,0,2024,2024,5,6,4,3,27,14,34609,0,1,1,-28.785051,152.447547,51,1,0,0,0,0,0,0,2,0,7,100,0,1850,1463,5,21,40,1,1,0,0,0
1358174,0,2024,2024,1,0,9,109,27,20,62,0,1,1,-32.760298,151.528949,42,2,1,0,2,0,0,0,0,0,7,60,2,3775,3775,0,5,0,3,1,1,0,0
1358548,0,2024,2024,5,5,5,3371,17,23,3342,0,1,9,-32.065449,152.439385,43,1,0,0,0,0,0,0,2,0,15,90,2,6545,6545,4,9,13,3,1,2,2,0
1358550,0,2024,2024,5,1,4,1104,14,223,962,0,1,3,-33.806238,150.921362,7,0,2,1,1,0,0,0,2,0,7,100,2,1282,1282,1,9,19,2,1,0,0,0
1358817,0,2024,2024,1,0,8,2126,17,33,2149,0,1,2,-33.487347,150.134697,40,2,1,1,0,0,0,0,0,0,7,70,2,2040,2040,9,0,28,3,1,0,2,0
1358818,0,2024,2024,1,1,7,109,27,20,62,0,1,1,-32.770284,151.526562,42,2,1,1,0,0,3,4,2,0,7,80,2,3775,3775,0,9,0,2,1,2,0,0
1358823,0,2024,2024,1,0,9,265,17,39,193,0,1,1,-35.92056,147.002467,27,1,0,0,2,0,0,0,0,0,7,100,2,3775,3775,0,5,13,2,1,2,0,1
1358824,0,2024,2024,1,0,8,387,27,115,331,0,1,9,-33.960111,151.061393,25,0,2,1,1,0,0,0,2,0,3,60,2,2040,2040,9,0,28,2,1,0,1,0
1359383,0,2024,2024,1,1,4,512,17,9,441,0,1,1,-33.412615,149.467576,3,1,0,1,0,0,0,0,2,0,7,100,2,9859,9859,8,5,40,2,1,0,0,3
1359385,0,2024,2024,5,4,5,5,31,10,83,0,1,6,-29.493871,153.114741,18,2,1,1,0,0,0,0,2,0,7,60,1,84,84,8,29,40,1,1,0,0,0
1359388,0,2024,2024,1,2,8,120,36,11,148,0,1,9,-30.404884,152.346724,1,2,1,0,0,0,0,0,2,0,7,50,2,4552,5151,8,0,40,1,1,0,0,0
1360018,0,2024,2024,1,2,10,17,27,562,34609,0,1,1,-32.29741,148.599461,22,1,0,0,0,0,0,0,0,0,7,100,0,4552,5151,8,5,40,1,1,0,0,0
1360019,0,2024,2024,1,1,4,16,27,5,118,0,1,1,-28.96913,150.769131,33,1,0,0,0,0,0,0,2,0,7,100,1,782,957,5,16,40,1,1,0,0,0
1360020,0,2024,2024,1,2,1,20,27,28,34609,0,1,1,-31.838468,152.620005,43,2,1,0,0,0,0,0,0,0,7,80,0,4552,5151,8,16,40,1,2,0,0,0
1360216,0,2024,2024,8,4,8,102,27,26,34609,0,1,1,-34.574532,150.846539,62,0,2,1,1,0,3,3,3,0,7,60,0,4026,4026,1,5,0,2,1,0,0,0
1360626,0,2024,2024,1,0,9,2209,17,273,2205,0,1,1,-34.417126,150.892495,80,0,2,1,2,0,0,0,0,0,7,50,2,2040,2040,9,0,28,3,1,0,2,0
1360628,0,2024,2024,1,1,8,13,31,56,34609,0,1,9,-33.760999,150.784679,55,0,2,1,2,0,0,0,3,0,7,50,0,5929,5929,1,5,19,2,1,1,1,0
1360629,0,2024,2024,11,1,7,30,27,4,34609,0,1,1,-32.750642,151.452307,17,2,1,0,0,0,0,0,2,0,7,80,0,3775,3775,0,0,13,2,1,3,0,0
1361177,0,2024,2024,11,1,8,1,27,18,34609,0,1,1,-34.246005,146.198712,28,2,1,1,1,0,0,0,3,0,13,50,0,19,19,10,16,38,2,1,0,1,0
1361178,0,2024,2024,11,4,3,1,27,9,34609,0,1,1,-32.382029,151.936815,43,2,1,0,0,0,0,0,2,0,7,80,0,3775,3775,0,16,0,2,1,0,1,0
1361180,0,2024,2024,11,2,9,46,27,6,43,0,1,1,-36.007031,146.897034,0,2,1,0,0,0,0,0,0,0,7,80,1,3775,3775,0,10,0,2,1,1,0,0
1361773,0,2024,2024,11,5,6,2126,17,223,2149,0,1,9,-33.804586,150.924655,7,0,2,1,1,0,0,0,2,0,7,80,2,1383,1383,1,0,19,3,1,2,0,0
1361775,0,2024,2024,11,6,7,213,17,6,213,0,1,1,-29.676651,151.866347,51,1,0,1,0,0,3,3,2,0,7,100,2,83,83,5,16,40,1,1,0,0,0
1361776,0,2024,2024,11,6,8,346,17,46,332,0,1,10,-28.816149,153.291895,39,2,1,1,2,0,0,0,2,0,7,60,2,340,340,9,10,28,2,1,0,1,0
1361778,0,2024,2024,11,4,10,63,17,4,63,0,1,1,-29.586011,141.892942,51,1,0,0,2,0,0,0,0,0,7,100,2,1850,1463,5,10,40,1,1,0,0,0
1361780,0,2024,2024,11,0,9,478,17,20,480,0,1,1,-33.409594,151.461107,16,2,2,1,0,0,0,0,0,0,7,70,2,3775,3775,0,5,13,2,1,2,0,0
1361781,0,2024,2024,11,0,10,59,10,34,231,0,1,1,-33.497282,151.358956,16,2,2,0,2,0,0,0,0,0,7,60,2,3775,3775,0,0,5,3,1,1,0,0
1361782,0,2024,2024,11,3,0,1,27,9,34609,0,1,1,-29.080705,149.012473,51,1,0,0,0,0,0,0,0,0,7,100,0,78,78,8,0,40,1,2,1,0,0
1362258,0,2024,2024,1,2,8,8,27,2,7,0,1,1,-30.759123,150.655714,70,1,0,0,0,0,0,0,3,0,7,100,1,4552,5151,8,10,40,1,1,1,0,0
1362418,0,2024,2024,11,6,8,22,10,108,57,0,1,1,-28.840037,153.533833,2,2,1,0,0,0,0,0,3,0,7,80,1,3775,3775,0,5,36,2,1,1,0,0
1362419,0,2024,2024,11,6,11,14,22,12,605,0,1,2,-33.788555,151.259287,50,0,2,0,0,0,0,6,0,0,7,80,2,4552,5151,8,5,40,1,2,0,0,0
1362421,0,2024,2024,11,0,10,2209,17,130,2205,0,1,1,-34.455835,150.843969,80,0,2,1,2,0,0,0,0,0,7,60,1,96,96,0,16,13,4,1,0,3,0
1362422,0,2024,2024,11,0,6,12,27,5,34609,0,1,1,-29.545103,153.261428,18,2,1,0,0,0,0,0,2,0,7,80,0,2585,4009,8,5,40,1,1,0,0,0
1362423,0,2024,2024,11,1,6,11,27,7,34609,0,1,1,-34.912446,146.657238,51,1,0,1,0,0,0,0,2,0,7,100,0,9859,9859,8,5,40,1,1,0,0,0
1363014,0,2024,2024,11,6,3,9,27,314,34609,0,1,1,-33.83884,150.949352,21,0,2,1,0,0,0,0,2,0,7,60,0,9859,9859,1,5,8,2,1,0,0,0
1363015,0,2024,2024,11,0,6,128,27,363,133,0,1,10,-33.75694,150.686117,55,0,2,1,1,0,0,3,2,2,9,60,2,591,591,1,18,13,2,1,0,1,0
1363016,0,2024,2024,11,0,10,481,17,27,483,0,1,1,-32.457507,148.34296,51,1,0,0,0,0,0,0,0,0,7,110,2,3775,3775,0,10,12,2,4,1,0,0
1363018,0,2024,2024,11,3,5,1,31,94,34609,0,1,9,-33.886307,150.920149,24,0,2,1,1,0,0,0,2,0,7,50,0,1945,1945,5,16,40,2,1,0,1,0
1363019,0,2024,2024,11,2,11,35,27,8,34609,0,1,1,-28.330047,153.547502,72,2,1,1,0,0,0,0,0,0,7,70,0,9859,9859,8,5,40,1,1,0,0,0
1363020,0,2024,2024,1,5,8,500,27,271,799,0,1,2,-33.936173,151.022921,15,0,2,1,0,0,0,0,2,0,7,70,2,14295,14295,3,16,0,2,1,0,0,0
1363656,0,2024,2024,11,2,4,63,31,30,16,0,1,1,-32.651885,152.149049,43,2,1,1,1,0,3,4,2,0,7,50,1,9859,9859,8,10,40,1,1,0,0,0
1363658,0,2024,2024,10,0,7,13,27,3,18,0,1,1,-32.030415,150.73952,73,1,0,0,0,0,0,0,2,0,7,100,1,3775,3775,0,5,13,2,1,2,1,0
1363659,0,2024,2024,10,3,7,38,27,37,47,0,1,1,-34.648674,150.789446,35,2,1,0,1,0,0,0,2,0,7,80,1,4552,5151,8,16,40,1,1,0,0,0
1363837,0,2024,2024,11,6,8,2126,17,204,2149,0,1,2,-33.885828,151.138015,32,0,2,1,1,0,0,0,2,0,7,60,2,2040,2040,9,9,28,2,1,0,1,0
1364311,0,2024,2024,10,4,2,35,27,3,19,0,1,1,-34.06656,150.611617,79,1,2,0,0,0,0,0,0,0,7,100,1,3775,3775,0,10,13,2,1,1,0,0
1364315,0,2024,2024,10,0,5,1,27,2,34609,0,1,1,-31.595486,149.592617,51,1,0,1,0,2,0,0,2,0,7,100,0,404,404,8,16,40,1,1,0,0,0
1364317,0,2024,2024,10,3,4,112,17,6,112,0,1,1,-31.51771,145.633879,51,1,0,1,0,0,0,0,2,0,7,110,2,83,83,5,0,40,1,1,0,1,0
1364318,0,2024,2024,10,2,6,2126,17,75,2149,0,1,2,-33.725464,150.396719,8,2,2,0,0,0,3,4,2,0,7,80,2,4552,5151,8,5,40,1,1,0,1,0
1364319,0,2024,2024,10,3,6,2209,17,10,2205,0,1,10,-36.809619,149.815458,5,1,0,0,0,0,0,0,2,0,0,100,2,1669,1669,3,16,0,2,1,1,1,0
1364321,0,2024,2024,10,1,0,308,14,323,311,0,1,6,-33.799661,150.853449,7,0,2,0,2,0,0,0,0,0,7,100,2,4552,5151,8,5,40,1,1,0,0,0
1364322,0,2024,2024,10,6,9,21,31,38,34609,0,1,1,-32.815576,151.456996,17,2,1,1,2,0,0,0,3,0,7,50,0,1945,1945,5,16,40,1,1,0,0,0
1364818,0,2024,2024,10,4,2,3371,17,28,3342,0,1,2,-31.821672,152.625212,43,1,0,1,0,0,0,0,1,0,7,100,2,9859,9859,8,9,40,1,1,0,0,0
1364906,0,2024,2024,10,4,7,2209,17,64,2205,0,1,2,-34.379911,150.90057,80,0,2,1,0,0,0,0,2,0,7,80,2,14295,14295,3,5,25,4,1,0,3,0
1364907,0,2024,2024,10,4,6,78,17,22,75,0,1,8,-33.855581,151.208659,69,0,2,1,1,0,0,0,2,0,7,70,2,3775,3775,0,5,5,5,2,0,2,0
1364908,0,2024,2024,10,4,8,2261,17,39,2252,0,1,9,-35.972093,147.004155,0,1,0,1,0,0,0,0,2,0,0,110,2,6545,6545,4,16,13,2,1,0,0,0
1364909,0,2024,2024,10,0,10,103,36,5,103,0,1,1,-32.017463,152.052043,43,2,1,0,0,0,0,0,0,0,7,80,1,4552,5151,8,0,40,1,2,1,0,1
1364910,0,2024,2024,10,0,8,125,27,8,144,0,1,1,-32.847326,151.827735,57,1,0,1,0,0,0,0,2,0,7,100,2,1945,1945,5,16,40,1,1,0,0,0
1365542,0,2024,2024,10,5,2,2126,17,218,2149,0,1,9,-33.77144,150.77948,55,0,2,1,2,0,0,0,0,2,7,60,2,2852,2852,4,5,5,2,1,1,0,0
1365544,0,2024,2024,10,2,2,127,27,182,169,0,1,1,-32.828644,151.380528,17,2,1,1,0,0,0,0,0,0,7,80,2,4026,4026,8,5,40,1,1,0,0,0
1365545,0,2024,2024,10,2,10,8,31,82,34609,0,1,1,-34.367566,150.906862,80,0,2,1,2,0,0,0,0,0,7,50,0,190,190,1,5,0,2,1,0,0,0
1365546,0,2024,2024,10,3,6,3,10,35,34609,1,0,1,-34.096462,150.794102,13,0,2,1,1,0,0,0,2,0,7,60,0,1109,787,1,0,19,2,1,0,1,0
1366144,0,2024,2024,10,6,10,916,17,4,917,0,1,1,-32.689513,151.402095,42,2,1,0,2,0,0,0,0,0,7,80,2,121,121,9,33,28,2,1,0,0,0
1366145,0,2024,2024,10,6,11,3,27,5,34609,0,1,9,-35.5949,146.575085,51,2,1,0,0,0,0,0,0,0,0,50,0,4552,5151,8,0,40,1,1,0,0,0
1366146,0,2024,2024,9,0,6,27,27,11,18,0,1,1,-31.372922,151.416027,70,1,0,0,0,0,0,0,2,0,7,100,1,418,714,5,16,40,1,1,0,0,0
1366149,0,2024,2024,9,0,2,346,17,16,332,0,1,1,-28.961378,152.199081,51,1,0,0,0,0,0,0,0,0,7,100,2,2585,4009,8,10,40,1,1,0,0,0
1366151,0,2024,2024,9,3,1,481,17,4,483,0,1,1,-28.962499,150.083303,51,1,0,1,0,0,0,0,0,0,7,110,2,4026,4026,8,3,40,1,2,0,0,0
1366152,0,2024,2024,9,3,5,161,17,11,161,0,1,1,-35.880475,148.497314,65,2,1,0,0,0,0,0,2,0,7,80,2,4552,5151,8,16,40,1,1,0,0,0
1366153,0,2024,2024,9,5,10,11,27,77,34609,0,1,1,-32.566019,151.184143,64,2,1,1,2,0,0,0,0,0,7,50,0,4026,4026,1,10,5,2,1,0,0,0
1366157,0,2024,2024,9,4,8,168,17,1,212,0,1,1,-35.30443,149.71408,58,1,0,0,0,0,0,0,2,0,7,100,2,2585,4009,8,9,40,2,1,0,0,2
1366158,0,2024,2024,9,0,7,308,14,127,311,0,1,3,-33.841821,150.855226,24,0,2,1,0,0,0,0,2,0,7,80,2,14295,14295,3,15,0,2,1,0,1,0
1366159,0,2024,2024,9,2,11,11,36,28,13,0,1,1,-33.057537,148.822687,11,1,0,0,0,0,0,0,0,0,7,100,1,1259,5151,8,0,40,1,1,2,0,0
1366160,0,2024,2024,9,3,5,220,14,67,220,0,1,3,-34.424181,150.868742,80,0,2,1,1,0,0,0,2,0,7,90,2,1282,1282,1,16,41,3,1,0,1,0
1366161,0,2024,2024,9,1,7,10,27,3,24,0,1,1,-28.814799,153.474108,2,2,1,0,0,0,0,0,2,0,7,60,1,3775,3775,0,0,0,2,1,3,0,0
1366162,0,2024,2024,9,5,6,103,27,39,98,0,1,10,-33.527361,150.828859,29,2,2,1,0,0,0,3,2,0,15,80,2,6545,6545,4,5,0,3,1,0,2,0
1366163,0,2024,2024,9,2,5,3371,17,35,3342,0,1,2,-32.088476,152.404916,43,1,0,0,0,0,0,0,2,0,7,100,2,1957,4009,8,16,40,1,1,0,0,0
1366164,0,2024,2024,9,6,10,26,17,2,13,0,1,1,-29.252248,149.77035,51,1,0,1,0,0,0,0,0,0,7,100,2,3775,3775,0,10,13,2,1,1,0,0
1366165,0,2024,2024,9,6,11,2261,17,201,2252,0,1,3,-34.002493,150.839894,13,0,2,1,0,0,0,0,0,0,7,110,2,4026,4026,8,34,40,2,1,1,1,0
1366166,0,2024,2024,9,4,0,220,27,251,222,0,1,2,-33.775712,150.962322,7,0,2,1,2,0,0,0,0,0,7,80,2,204,204,1,0,13,3,1,0,1,0
1366167,0,2024,2024,9,4,2,2261,17,49,2252,0,1,2,-34.734007,149.79877,26,1,0,1,0,0,0,0,0,0,7,110,2,1220,1220,9,0,28,2,1,0,1,0
1366168,0,2024,2024,9,5,6,27,27,5,34609,0,1,1,-31.552823,151.814606,43,1,0,1,0,2,0,0,2,0,7,100,0,368,368,9,10,28,3,1,0,0,0
1366169,0,2024,2024,9,0,5,161,17,10,161,0,1,1,-35.562897,148.312442,66,1,0,0,0,0,0,0,2,0,7,100,2,1259,5151,8,10,40,1,1,0,1,0
1366170,0,2024,2024,9,0,8,2261,17,68,2252,0,1,2,-34.769006,148.778706,82,1,0,1,0,0,0,0,2,0,7,110,2,4026,4026,8,0,40,1,1,0,0,0
1366171,0,2024,2024,9,3,4,4,10,55,34609,0,1,1,-35.389211,149.200177,58,2,1,1,1,0,0,0,2,0,7,50,0,9859,9859,1,10,41,5,1,0,0,1
1366172,0,2024,2024,9,0,11,15,27,32,34609,0,1,1,-33.672033,151.008251,71,0,2,0,2,0,3,0,0,0,7,60,0,4552,5151,8,5,40,1,1,1,0,0
1366174,0,2024,2024,9,5,5,103,27,113,256,0,1,1,-34.296287,150.904762,80,0,2,0,0,0,3,1,2,0,7,90,2,14295,14295,3,9,2,2,1,0,1,0
1366175,0,2024,2024,9,6,9,348,17,14,232,0,1,1,-33.155524,149.995,40,1,0,1,0,0,0,0,2,0,7,100,2,96,96,0,5,35,2,1,1,0,0
1366177,0,2024,2024,9,1,8,27,1,134,34609,0,1,1,-33.516888,151.32173,16,2,2,1,1,0,0,0,2,0,7,50,0,312,312,2,33,40,1,1,0,0,0
1366178,0,2024,2024,9,3,7,135,17,3,136,0,1,1,-35.730898,146.01566,51,1,0,1,0,0,0,0,2,0,7,100,2,3775,3775,0,10,0,2,1,0,0,5
1366179,0,2024,2024,9,6,8,13,27,46,34609,0,1,7,-35.153267,147.374088,75,2,1,1,0,0,0,0,2,0,0,60,0,6545,6545,4,16,10,2,1,0,1,0
1366180,0,2024,2024,9,3,3,2,25,278,34609,0,1,1,-33.785219,151.062278,54,0,2,1,1,0,0,0,1,0,7,50,0,4026,4026,8,5,40,1,1,0,0,0
1366181,0,2024,2024,9,1,8,234,27,112,217,0,1,1,-33.660758,151.023958,31,0,2,1,0,0,0,0,2,0,7,70,2,121,121,9,10,28,2,1,0,1,0
1366182,0,2024,2024,9,2,5,103,36,17,66,0,1,1,-32.010434,152.260448,43,2,1,0,0,0,0,0,2,0,7,80,1,96,96,0,16,13,2,1,0,1,0
1366183,0,2024,2024,9,1,5,4,27,38,34609,0,1,1,-32.741779,151.856086,57,2,1,1,0,0,0,0,2,0,7,60,0,1981,1981,4,0,19,2,1,0,1,0
1366184,0,2024,2024,9,1,10,330,23,165,34609,0,1,1,-32.274829,150.882557,46,2,1,1,2,0,0,0,0,0,7,50,0,4026,4026,8,16,40,2,1,0,0,0
1366185,0,2024,2024,9,5,5,9,27,6,34609,0,1,1,-28.292515,153.404373,72,2,1,0,0,0,0,0,2,0,7,80,0,1259,5151,8,0,40,1,1,0,0,0
1366189,0,2024,2024,9,4,2,51,31,123,34609,0,1,1,-33.813357,148.694107,51,2,1,1,0,0,0,0,1,0,7,50,0,4026,4026,8,10,40,1,1,0,0,0
1366192,0,2024,2024,9,4,6,2209,17,7,2205,0,1,1,-35.571832,150.261055,63,1,0,0,0,0,0,0,2,0,7,100,2,3775,3775,0,10,35,2,1,0,1,0
1366194,0,2024,2024,9,2,8,38,27,165,21,0,1,1,-32.322247,150.785016,46,1,0,1,0,0,3,4,2,0,7,100,2,3775,3775,0,5,5,2,2,2,1,1
1366195,0,2024,2024,2,3,7,478,17,69,480,0,1,7,-33.368994,151.475408,16,2,2,1,1,0,0,3,2,0,7,60,2,28,28,1,10,5,2,1,0,1,0
1366196,0,2024,2024,2,1,5,2209,17,59,2205,0,1,1,-34.321729,150.894694,80,0,2,0,0,0,0,0,2,0,7,60,2,2585,4009,8,8,40,1,1,0,0,0
1366197,0,2024,2024,2,1,7,10,27,1,11,0,1,1,-32.274623,149.70304,44,1,0,0,0,0,0,0,2,0,7,100,1,4552,5151,8,10,40,1,1,0,0,0
1366198,0,2024,2024,2,1,6,916,17,9,917,0,1,1,-31.833654,150.923955,73,1,0,0,0,0,0,0,2,0,7,100,2,3775,3775,0,8,0,2,1,2,0,0
1366204,0,2024,2024,2,0,5,916,17,32,917,0,1,1,-30.248248,151.670962,1,1,0,0,0,0,0,0,2,0,7,100,2,3775,3775,0,5,0,2,1,1,0,1