Crash ID,Degree of crash - detailed,Reporting year,Year of crash,Month of crash,Day of week of crash,Two-hour intervals,Street of crash,Street type,Town,Route no.,School zone location,School zone active,Type of location,Latitude,Longitude,LGA,Urbanisation,Conurbation 1,Alignment,Street lighting,Road surface,Surface condition,Weather,Natural lighting,Signals operation,Other traffic control,Speed limit,Road classification,RUM - code,DCA - code,First impact type,Key TU type,Other TU type,No. of traffic units involved,No. killed,No. seriously injured,No. moderately injured,No. minor-other injured
1366205,0,2024,2024,2,5,11,916,17,165,917,0,1,1,-32.365943,150.963914,46,1,0,1,0,0,0,0,0,0,7,100,2,204,204,1,29,5,2,1,0,1,0
1366206,0,2024,2024,2,3,4,1,27,28,34609,0,1,7,-34.542385,150.847274,62,0,2,1,1,0,0,0,2,0,0,50,0,2040,2040,9,22,28,2,1,1,0,0
1366207,0,2024,2024,2,3,6,67,27,15,34609,0,1,1,-30.665449,152.887183,47,1,0,0,0,0,0,0,2,0,7,90,0,2585,4009,8,16,40,1,1,0,0,0
1366209,0,2024,2024,2,3,9,90,36,10,102,0,1,1,-34.629608,148.549533,30,1,0,1,0,0,0,0,2,0,7,100,2,3775,3775,0,10,0,3,1,0,0,1
1366210,0,2024,2024,2,4,8,512,17,562,441,0,1,10,-32.248147,148.593232,22,2,1,1,1,0,3,4,2,2,9,60,2,1220,1220,9,5,28,2,1,0,1,0
1366211,0,2024,2024,2,3,8,43,27,9,118,0,1,1,-30.541047,150.608507,70,1,0,0,0,0,2,6,2,0,7,100,2,3775,3775,0,10,0,2,1,2,0,0
1366212,0,2024,2024,2,3,7,916,17,4,917,0,1,1,-29.317923,151.925222,51,1,0,1,0,0,0,0,2,0,7,100,2,14295,14295,3,16,13,2,1,0,1,0
1366214,0,2024,2024,9,4,6,67,27,100,68,0,1,1,-33.807708,151.171984,77,0,2,0,0,0,3,4,2,0,7,50,1,3775,3775,0,5,22,3,1,0,1,0
1366215,0,2024,2024,2,4,7,308,14,21,311,0,1,3,-33.73748,150.913753,7,0,2,1,1,0,0,0,2,0,7,100,2,9859,9859,8,0,40,2,1,1,1,0
1366216,0,2024,2024,2,0,3,3,27,9,34609,0,1,1,-33.53037,150.884977,29,2,2,0,0,0,0,0,1,0,7,80,0,4552,5151,8,5,40,1,1,0,0,0
1366217,0,2024,2024,9,4,2,3,27,110,34609,0,1,1,-33.735146,151.025072,71,0,2,0,1,0,3,3,1,0,7,50,0,1957,4009,8,5,40,1,1,0,0,0
1366218,0,2024,2024,2,2,7,1,27,194,34609,0,1,1,-30.565835,151.706807,1,1,0,1,0,0,0,0,2,0,7,100,0,3775,3775,0,5,27,5,2,3,0,0
1366219,0,2024,2024,2,3,5,4,27,20,34609,0,1,1,-30.239156,149.461615,51,1,0,1,0,0,0,0,2,0,7,100,0,4026,4026,8,10,40,1,1,0,0,0
1366220,0,2024,2024,2,3,1,481,17,27,483,0,1,1,-32.550624,148.241038,51,1,0,1,0,0,0,0,0,0,7,110,2,3775,3775,0,3,13,2,1,0,1,0
1366221,0,2024,2024,2,0,11,2261,17,9,2252,0,1,2,-34.812904,149.32261,74,1,0,0,0,0,0,0,0,0,7,110,2,204,204,1,29,2,2,1,0,0,0
1366222,0,2024,2024,2,3,11,196,36,2,4,0,1,1,-33.70625,148.07662,51,1,0,1,0,0,0,0,0,0,7,100,1,4026,4026,8,10,40,1,2,0,0,0
1366223,0,2024,2024,2,5,11,36,27,290,55,0,1,9,-33.851858,150.97187,21,0,2,1,2,0,3,4,0,0,14,50,1,5929,5929,1,19,19,2,1,1,1,0
1366224,0,2024,2024,2,4,0,255,27,62,172,0,1,9,-32.923965,151.621187,37,0,2,1,2,0,0,0,0,0,15,60,2,9859,9859,8,5,40,1,1,1,0,0
1366225,0,2024,2024,2,0,11,2126,17,27,2149,0,1,1,-33.708288,150.345546,8,2,2,0,0,0,0,0,0,0,7,70,2,368,368,9,5,28,2,1,0,1,0
1366226,0,2024,2024,2,2,1,2261,17,30,2252,0,1,2,-35.5161,147.560059,27,1,0,1,0,0,0,0,0,0,7,110,2,14295,14295,3,6,32,2,1,4,19,8
1366227,0,2024,2024,2,2,10,42,36,18,34609,0,1,1,-30.705217,152.942118,47,2,1,1,1,0,0,0,0,0,7,80,0,4026,4026,8,0,40,1,1,0,0,0
1366228,0,2024,2024,2,1,8,78,32,646,34609,0,1,1,-33.917881,151.037891,15,0,2,1,0,0,0,3,2,0,7,40,0,1220,1220,9,10,28,2,1,0,1,0
1366229,0,2024,2024,2,6,6,3371,17,18,3342,0,1,2,-28.80473,153.527244,2,1,0,1,0,0,3,4,2,0,7,110,2,4026,4026,8,0,40,1,1,0,0,3
1366230,0,2024,2024,2,2,6,334,17,5,308,1,0,1,-31.43727,152.487726,56,2,1,0,0,0,0,0,2,0,7,50,2,3775,3775,0,16,0,2,1,0,1,0
1366231,0,2024,2024,2,0,2,22,27,14,26,0,1,1,-34.963178,147.323288,75,1,0,1,0,0,0,0,0,0,7,100,1,9859,9859,8,10,40,1,1,0,0,0
1366232,0,2024,2024,2,1,6,36,31,56,70,0,1,2,-33.759154,150.781191,55,0,2,0,1,0,0,0,2,0,7,60,1,2040,2040,9,5,28,2,1,0,1,0
1366235,0,2024,2024,2,3,4,15,27,30,34609,0,1,1,-34.50047,150.823292,80,0,2,1,1,0,0,0,2,0,7,50,0,1981,1981,4,5,5,2,1,0,0,0
1366238,0,2024,2024,2,2,3,1052,14,83,928,0,1,3,-33.478102,151.186272,16,1,2,1,0,0,0,0,2,0,7,110,2,1282,1282,1,29,5,2,1,2,1,0
1366357,0,2024,2024,10,3,11,28,27,346,63,0,1,7,-33.87226,151.087173,67,0,2,0,2,0,0,0,0,0,0,50,1,1850,1463,5,16,40,1,1,0,0,0
1216180,1,2020,2019,10,4,6,196,10,24,168,0,1,1,-33.9567,150.984176,15,0,2,1,3,0,0,0,2,0,7,60,2,3775,3775,0,0,5,2,0,0,0,1
1217691,1,2020,2019,9,2,5,191,27,370,68,0,1,1,-34.05726,150.817091,13,0,2,1,3,0,0,0,2,0,7,60,1,395,395,1,5,5,3,0,0,0,1
1217924,1,2020,2019,9,3,6,195,27,53,186,0,1,2,-33.920795,150.850804,41,0,2,1,3,0,0,0,2,0,0,70,2,14295,14295,3,5,13,2,0,0,0,1
1219400,1,2020,2019,9,3,6,194,31,157,769,0,1,9,-33.798203,151.0028,54,0,2,1,3,0,0,0,2,0,0,60,2,1282,1282,1,0,5,3,0,0,0,1
1219447,1,2020,2019,9,4,7,77,31,163,69,0,1,9,-33.86538,151.104864,14,0,2,1,3,0,0,0,2,0,0,60,2,1282,1282,1,9,5,2,0,0,0,1
1220056,1,2020,2019,2,3,0,14,31,215,34609,0,1,10,-35.109862,147.370516,75,2,1,1,3,0,0,0,0,0,0,50,0,6545,6545,4,10,0,2,0,0,0,1
1220776,4,2020,2019,2,4,8,15,27,15,34609,0,1,1,-30.172637,153.113069,19,2,1,0,0,0,0,0,2,0,7,80,0,1981,1981,4,5,0,2,0,2,1,0
1221121,1,2020,2020,4,6,2,35,27,304,37,0,1,10,-33.906643,151.145827,32,0,2,1,3,0,0,0,1,2,8,60,1,775,775,4,0,5,2,0,0,0,1
1221369,4,2020,2020,4,6,10,8,1,115,34609,0,1,1,-33.747611,151.222399,50,0,2,1,1,0,0,0,3,0,7,40,0,9859,9859,1,10,5,3,0,1,0,0
1221610,1,2020,2020,4,3,7,34,27,225,69,0,1,1,-33.795701,151.175755,77,0,2,1,3,0,0,0,2,0,7,50,2,14295,14295,3,0,5,2,0,0,0,2
1221615,2,2020,2020,4,0,5,2,31,179,34609,0,1,10,-31.899203,152.460591,43,2,1,1,3,0,0,0,2,0,15,60,0,6545,6545,4,0,13,2,0,0,1,0
1221627,1,2020,2020,4,0,3,27,27,5,35,0,1,1,-28.485895,152.185272,51,1,0,0,0,2,0,0,2,0,7,100,1,1957,4009,8,5,40,1,0,0,0,3
1221645,2,2020,2020,4,0,9,38,27,438,34609,0,1,9,-33.857498,151.030212,21,0,2,1,1,0,0,0,3,0,7,50,0,6545,6545,4,22,13,2,0,0,1,0
1221667,2,2020,2020,4,6,6,120,36,9,148,0,1,1,-30.362815,152.500672,6,1,0,0,3,0,3,0,2,0,7,100,2,4552,5151,8,5,40,1,0,0,1,0
1221711,2,2020,2020,4,4,8,294,17,11,288,0,1,1,-35.125836,147.422811,75,2,1,1,1,0,0,1,2,0,7,60,2,14295,14295,3,8,36,2,0,0,2,0
1221723,2,2020,2020,4,4,7,7,31,284,34609,0,1,10,-33.905472,151.010056,15,0,2,1,3,0,0,0,2,0,0,50,0,6545,6545,4,5,25,2,0,0,2,0
1221732,1,2020,2019,2,5,4,79,27,290,159,0,1,9,-33.947191,151.126623,4,0,2,1,3,0,0,0,2,0,0,60,2,2852,2852,4,5,25,2,0,0,0,1
1221754,4,2020,2020,4,2,4,5,31,37,34609,0,1,1,-32.6895,151.383589,17,2,1,0,1,0,0,0,2,0,7,60,0,782,957,5,16,40,1,0,1,0,0
1221773,2,2020,2020,4,4,5,34,31,132,34609,0,1,10,-29.771062,151.113759,33,2,1,1,3,0,0,0,2,0,0,40,0,6545,6545,4,0,0,3,0,0,1,0
1221774,1,2020,2020,4,2,2,24,27,65,78,0,1,1,-33.548109,150.159188,40,2,1,1,3,0,0,0,0,0,7,80,2,1089,1089,7,0,40,1,0,0,0,3
1221775,1,2020,2020,4,6,7,3371,17,83,3342,0,1,9,-29.707044,152.942475,18,2,1,0,3,2,0,0,2,0,0,60,2,14295,14295,3,30,5,2,0,0,0,1
1221789,2,2020,2020,4,2,9,255,27,66,172,0,1,9,-32.929797,151.647537,37,0,2,1,3,0,0,0,2,0,7,60,2,5929,5929,1,0,5,2,0,0,1,0
1221833,2,2020,2020,4,2,3,97,31,532,34609,0,1,0,-33.868708,151.208332,69,0,2,1,1,0,0,0,2,0,7,40,0,175,188,1,8,5,3,0,0,1,0
1221843,2,2020,2020,4,4,4,65,27,646,563,0,1,2,-33.929356,151.038532,15,0,2,0,0,0,0,0,2,0,7,70,2,4552,5151,8,30,40,1,0,0,1,0
1221850,2,2020,2020,4,1,9,3371,17,463,3342,0,1,2,-30.291968,153.118546,19,2,1,0,0,0,0,0,3,0,7,60,2,4552,5151,1,5,35,2,0,0,1,0
1221856,2,2020,2020,4,4,6,162,31,53,148,0,1,2,-32.927305,151.76045,48,0,2,1,1,0,0,0,2,0,9,60,1,3775,3775,0,22,5,2,0,0,1,0
1221867,2,2020,2020,4,5,4,2261,17,140,2252,1,0,10,-33.90455,151.00531,15,0,2,1,1,0,0,0,2,0,7,70,2,9859,9859,8,16,40,1,0,0,1,0
1221871,1,2020,2020,4,6,2,1,27,52,34609,0,1,9,-33.279097,151.460154,16,2,2,1,0,0,0,0,0,0,7,70,0,489,489,8,34,40,1,0,0,0,1
1221898,2,2020,2020,4,0,7,3371,17,11,3342,0,1,9,-29.634638,153.02482,18,2,1,0,0,0,0,0,2,0,7,50,2,3775,3775,0,5,0,2,0,0,1,4
1221912,2,2020,2020,4,0,7,48,10,316,121,0,1,2,-31.432328,152.893854,56,2,1,1,0,0,0,0,2,0,9,50,1,2040,2040,9,5,28,2,0,0,1,0
1221918,2,2020,2020,4,6,3,79,27,46,159,0,1,10,-33.940866,151.116035,4,0,2,1,1,0,0,0,2,2,7,60,2,6545,6545,4,5,13,2,0,0,1,0
1221919,2,2020,2020,4,2,7,5,27,6,34609,0,1,1,-30.618714,150.514785,70,1,0,0,0,2,0,0,2,0,7,100,0,1850,1463,5,3,40,1,0,0,1,0
1221927,4,2020,2020,4,6,0,9,27,36,40,0,1,1,-33.494946,149.209139,51,1,0,0,0,0,0,0,0,0,7,100,2,1957,4009,8,5,40,1,0,1,0,0
1221963,4,2020,2020,4,6,6,60,27,253,331,0,1,10,-33.963361,151.103048,25,0,2,1,3,0,0,3,2,1,7,60,2,5929,5929,1,5,5,2,0,1,0,0
1221967,2,2020,2020,4,4,5,4,31,94,34609,0,1,10,-33.835035,151.045806,54,0,2,1,3,0,0,0,2,0,15,50,0,6545,6545,4,9,5,2,0,0,1,0
1221968,2,2020,2020,4,4,11,77,27,11,58,0,1,1,-34.788299,150.560472,63,2,1,0,3,0,3,4,0,0,7,60,2,4552,5151,8,16,40,1,0,0,1,0
1221979,2,2020,2020,4,0,5,280,10,314,82,0,1,9,-33.851301,150.92543,24,0,2,1,0,0,0,0,2,0,2,60,1,6545,6545,4,0,12,2,0,0,1,0
1221988,4,2020,2020,4,6,2,48,10,113,34609,0,1,1,-29.49148,149.858533,51,2,1,1,1,0,0,0,1,0,7,50,0,9859,9859,8,16,40,1,0,2,0,0
1221996,2,2020,2020,4,6,8,255,27,71,166,0,1,9,-33.263984,151.54217,16,2,2,1,3,0,0,0,4,2,9,50,2,14295,14295,3,5,0,2,0,0,1,0
1222010,2,2020,2020,4,0,5,2,27,8,34609,0,1,1,-29.695802,150.837922,33,2,1,1,0,2,0,0,2,0,7,80,0,1945,1945,5,0,40,1,0,0,2,0
1222017,2,2020,2020,4,6,3,40,27,49,39,0,1,1,-33.194722,151.518064,16,2,2,1,0,0,0,0,2,0,7,80,1,9859,9859,8,5,40,1,0,0,1,0
1222197,4,2020,2020,4,2,5,3371,17,14,3342,1,0,2,-33.728214,151.120439,36,0,2,0,1,0,0,0,2,0,7,60,2,1220,1220,9,5,28,2,0,1,0,0
1222204,2,2020,2020,4,0,0,18,31,155,34609,0,1,9,-33.139624,148.156213,53,2,1,1,3,0,0,0,0,0,7,50,0,1259,985,8,5,40,1,0,0,1,0
1222237,2,2020,2020,4,4,8,7,27,433,34609,0,1,9,-33.254677,149.10165,52,2,1,1,1,0,0,0,2,2,9,70,0,1220,1220,9,5,26,2,0,0,1,1
1222244,1,2020,2019,2,4,8,192,31,316,120,0,1,9,-33.919026,151.240784,59,0,2,1,3,0,0,0,2,0,7,50,2,9859,9859,1,16,5,2,0,0,0,1
1222257,1,2020,2020,4,0,5,3371,17,29,3342,0,1,1,-28.995037,153.457112,60,1,0,1,3,0,0,0,2,0,7,100,2,14295,14295,3,5,5,4,0,0,0,1
1222262,2,2020,2020,4,5,7,133,31,133,97,0,1,7,-33.916443,151.005569,15,0,2,1,3,0,0,0,2,0,0,60,1,926,926,4,0,5,2,0,0,1,0
1222263,2,2020,2020,4,2,6,39,10,154,65,0,1,7,-33.703531,150.94695,71,0,2,1,3,0,0,3,2,0,0,60,1,2852,2852,4,5,13,2,0,0,1,0
1222267,1,2020,2019,2,5,4,23,27,8,34609,0,1,1,-28.755672,153.421727,39,1,0,1,3,0,0,0,2,0,7,100,0,9859,9859,8,5,40,1,0,0,0,2
1222274,1,2020,2020,4,0,6,54,27,85,49,0,1,9,-32.92999,151.729753,48,0,2,1,3,0,0,0,2,0,7,60,1,14295,14295,3,5,0,2,0,0,0,1
1222278,2,2020,2020,4,1,2,93,1,154,220,0,1,1,-33.717335,150.949218,71,0,2,0,3,0,0,0,0,0,7,70,2,4552,5151,8,30,40,1,0,0,1,0
1222286,1,2020,2020,4,2,7,2261,17,523,2252,0,1,2,-33.932399,150.916856,41,0,2,1,3,0,0,3,2,0,7,60,2,1981,1981,4,5,5,2,0,0,0,1
1222298,1,2020,2020,4,4,8,194,31,309,702,0,1,2,-33.816014,151.102832,61,0,2,1,3,0,0,0,2,0,7,60,2,14295,14295,3,5,5,2,0,0,0,1
1222299,2,2020,2020,4,0,6,33,1,29,34609,0,1,7,-33.919292,150.885117,41,0,2,1,3,0,0,0,2,0,0,50,0,2852,2852,4,30,5,2,0,0,1,0
1222302,4,2020,2020,4,0,2,3371,17,90,3342,0,1,2,-28.240436,153.56132,72,1,0,0,3,0,0,0,1,0,7,110,2,2585,4009,8,3,40,1,0,1,0,0
1222312,1,2020,2020,4,0,10,48,31,117,34609,0,1,7,-28.175095,153.536604,72,2,1,1,2,0,0,0,0,0,0,50,0,1945,1945,5,22,40,1,0,0,0,1
1222317,4,2020,2020,4,0,11,17,27,2,14,0,1,1,-35.767938,147.624047,27,2,1,1,0,0,0,0,0,0,7,80,1,9859,9859,8,0,40,1,0,1,0,0
1222327,1,2020,2020,4,5,9,4,31,30,34609,0,1,1,-35.360128,149.217897,58,2,1,1,1,0,0,0,2,0,7,50,0,941,941,1,0,5,2,0,0,0,3
1222335,4,2020,2020,4,0,1,75,10,387,165,0,1,3,-33.940282,151.192556,4,0,2,0,2,0,0,0,0,0,7,70,2,204,204,1,9,5,2,0,2,0,0
1222348,1,2020,2020,4,0,6,8,31,290,34609,0,1,9,-33.956614,151.113799,4,0,2,1,3,0,0,0,2,0,7,50,0,5929,5929,1,5,5,2,0,0,0,1
1222353,1,2020,2020,4,3,1,344,27,609,163,0,1,10,-33.766842,150.905348,7,0,2,1,3,0,3,3,0,2,7,60,2,3775,3775,0,5,5,2,0,0,0,1
1222362,2,2020,2020,4,3,4,2,27,22,34609,0,1,1,-36.843527,149.295462,65,1,0,1,3,2,0,6,2,0,7,100,0,9859,9859,8,0,40,1,0,0,1,0
1222367,1,2020,2020,4,6,5,308,14,323,311,0,1,3,-33.819203,150.852057,7,0,2,1,1,0,0,0,2,0,7,100,2,1282,1282,1,34,10,2,0,0,0,1
1222384,2,2020,2020,4,2,2,34,27,38,117,1,0,9,-32.92631,151.695961,48,0,2,0,2,0,0,0,0,0,0,60,2,2585,4009,8,10,40,1,0,0,1,0
1222392,2,2020,2020,4,2,8,58,10,316,34609,0,1,10,-31.447563,152.915029,56,2,1,1,0,0,0,0,2,0,2,50,0,926,926,4,21,5,2,0,0,1,0
1222403,2,2020,2020,4,0,11,27,31,47,40,1,0,7,-33.774807,151.28422,50,0,2,1,2,0,0,0,0,0,0,50,1,6545,6545,4,5,5,2,0,0,1,0
1222411,2,2020,2020,4,6,10,38,27,115,165,0,1,1,-33.954424,151.059896,25,0,2,1,2,0,0,0,0,0,7,50,1,1669,1669,3,10,13,2,0,0,1,0
1222420,4,2020,2020,4,3,0,6,31,26,34609,0,1,10,-33.106975,151.515194,37,0,2,0,2,0,0,0,0,0,15,50,0,380,714,5,5,40,1,0,1,0,0
1222428,2,2020,2020,4,6,5,103,27,4,33,0,1,1,-32.572228,151.163261,64,2,1,1,1,0,0,0,2,0,7,60,1,9859,9859,8,5,40,1,0,0,1,0
1222431,2,2020,2020,4,2,9,48,31,20,5,0,1,10,-30.227869,149.441275,51,2,1,1,1,0,0,0,2,0,0,50,1,6545,6545,4,10,0,2,0,0,1,1
1222442,2,2020,2020,4,2,11,11,27,18,34609,0,1,1,-32.688286,151.528764,42,2,1,0,0,0,3,4,0,0,7,60,0,4552,5151,8,10,40,1,0,0,1,0
1222443,4,2020,2020,4,4,8,32,27,52,88,0,1,10,-33.623945,150.739887,29,2,2,1,0,0,0,0,2,0,15,80,2,6545,6545,4,5,5,2,0,1,0,0
1222451,1,2020,2020,4,1,4,5,31,309,34609,0,1,1,-33.819448,151.098349,61,0,2,1,1,0,0,0,2,0,7,50,0,238,238,9,5,28,2,0,0,0,1
1222459,1,2020,2020,4,0,7,120,36,35,148,0,1,1,-30.43323,152.862093,6,1,0,0,0,0,0,0,2,0,7,100,2,3775,3775,0,30,5,2,0,0,0,1
1222472,2,2020,2020,4,2,6,294,17,11,288,0,1,1,-35.125653,147.421729,75,2,1,1,3,0,0,0,2,0,7,60,2,1669,1669,3,5,5,3,0,0,1,1
1222473,1,2020,2020,4,5,10,29,31,85,34609,0,1,9,-32.937444,151.719449,48,0,2,1,3,0,0,0,0,0,7,50,0,1669,1669,3,10,13,3,0,0,0,1
1222480,2,2020,2020,4,6,0,43,2,104,42,0,1,10,-33.742799,150.943903,7,0,2,1,2,0,0,0,0,2,7,70,2,5929,5929,1,5,5,2,0,0,1,1
1222487,1,2020,2020,4,3,8,205,27,50,415,0,1,10,-33.682966,151.261497,50,0,2,1,3,0,3,3,2,2,7,70,2,1391,1391,1,5,0,2,0,0,0,1
1222490,2,2020,2020,4,0,7,7,27,46,34609,0,1,9,-35.16345,147.383081,75,2,1,1,3,0,0,0,2,0,0,50,0,775,775,4,5,36,2,0,0,1,0
1222492,1,2020,2020,4,5,8,85,10,38,702,0,1,9,-33.837653,151.083604,14,0,2,1,3,0,0,0,2,3,7,70,2,14295,14295,3,30,25,2,0,0,0,1
1222501,2,2020,2020,4,2,5,5,27,21,33,0,1,9,-33.579147,150.654507,29,2,2,0,3,0,3,4,2,0,7,80,1,380,714,5,5,40,1,0,0,1,0
1222507,1,2020,2020,4,2,3,224,27,102,321,0,1,9,-33.966347,151.225057,59,0,2,1,3,0,0,3,2,2,7,70,2,5929,5929,1,29,5,2,0,0,0,1
1222513,2,2020,2020,4,4,8,165,31,94,34609,0,1,9,-33.880646,150.929596,24,0,2,1,3,0,0,0,2,0,7,50,0,945,945,5,5,40,1,0,0,1,0
1222516,1,2020,2019,9,3,7,147,27,224,605,0,1,10,-33.824336,151.238415,45,0,2,1,3,0,0,0,2,2,7,60,2,14295,14295,3,0,5,3,0,0,0,1
1222530,4,2020,2020,4,3,7,2126,17,460,2149,0,1,10,-33.818035,150.981769,21,0,2,1,0,0,0,0,2,3,7,60,2,5929,5929,1,0,36,2,0,1,0,1
1222531,2,2020,2020,4,1,6,1,31,39,34609,0,1,1,-31.08074,152.829292,34,2,1,1,1,0,0,0,2,0,7,40,0,1109,397,1,21,0,2,0,0,1,0
1222546,2,2020,2020,4,1,3,77,10,43,331,0,1,1,-34.153293,150.661205,79,2,2,0,3,0,3,3,2,0,7,80,1,1259,5151,8,0,40,1,0,0,1,0
1222548,1,2020,2020,4,6,8,15,31,41,34609,0,1,1,-31.089951,150.914212,70,2,1,1,3,0,0,0,2,0,7,50,0,9859,9859,1,5,13,3,0,0,0,1
1222553,2,2020,2020,4,1,6,4,31,201,34609,0,1,10,-34.877579,150.595046,63,2,1,1,1,0,0,3,2,0,0,50,0,6545,6545,4,30,5,3,0,0,1,0
1222557,2,2020,2020,4,3,11,866,17,110,793,0,1,10,-33.745781,151.052327,31,0,2,1,2,0,0,3,0,2,7,70,2,1282,1282,1,26,5,3,0,0,1,1
1222573,2,2020,2020,4,6,9,1,16,74,34609,0,1,1,-34.057135,150.768124,12,0,2,1,2,0,0,0,3,0,7,50,0,368,368,9,5,28,2,0,0,1,0
1222575,4,2020,2020,4,1,5,2,34,2,34609,0,1,1,-33.387697,150.894379,29,1,2,1,0,2,0,3,2,0,7,100,0,1089,1089,7,16,40,1,0,1,0,0
1222578,1,2020,2020,4,3,5,3,27,2,3,0,1,1,-29.423833,151.706922,51,1,0,1,0,0,0,0,2,0,7,100,1,83,83,5,10,40,1,0,0,0,1
1222579,2,2020,2020,4,4,8,3,27,9,34609,0,1,9,-31.34095,152.793274,56,1,0,0,0,0,3,4,2,0,7,100,0,5929,5929,1,5,13,2,0,0,2,0
1222584,1,2020,2020,4,5,5,10,31,293,34609,0,1,1,-33.949164,151.239108,59,0,2,1,3,0,0,0,2,0,7,50,0,14295,14295,3,5,5,2,0,0,0,1
1222587,2,2020,2020,4,6,5,84,27,252,31,1,0,2,-33.943589,150.876822,41,0,2,1,3,0,0,0,2,0,7,60,1,9859,9859,1,21,10,2,0,0,1,0
1222589,1,2020,2020,4,2,7,15,27,41,15,0,1,7,-33.786727,151.26804,50,0,2,1,3,0,0,0,2,0,0,60,2,6545,6545,4,0,5,2,0,0,0,1
1222591,1,2020,2020,4,6,8,2209,17,27,2205,0,1,2,-34.541866,150.784866,80,0,2,1,3,0,0,0,2,0,7,80,2,14295,14295,3,5,5,2,0,0,0,1
1222599,4,2020,2020,4,6,8,916,17,10,917,0,1,1,-29.65597,151.789637,51,1,0,0,0,0,3,3,2,0,7,100,2,273,957,5,5,40,1,0,1,0,0
1222610,2,2020,2020,4,0,6,25,27,8,143,0,1,1,-33.304995,149.641187,3,1,0,0,0,0,0,0,2,0,7,100,2,83,83,5,9,40,1,0,0,1,0
1222611,1,2020,2020,4,3,8,16,27,193,145,0,1,9,-33.795462,151.069573,61,0,2,1,0,0,0,0,3,0,7,60,2,9859,9859,1,30,5,3,0,0,0,1
1222614,2,2020,2020,4,1,4,2209,17,48,2205,0,1,7,-36.665039,149.826602,5,2,1,1,1,0,3,4,2,0,0,80,2,4026,4026,8,8,40,1,0,0,2,0
1222709,2,2020,2020,4,6,3,8,10,24,14,0,1,9,-36.895555,149.911044,5,2,1,0,1,0,0,0,2,0,0,50,2,515,515,1,5,27,2,0,0,1,0
1222717,2,2020,2020,4,4,1,28,27,16,62,0,1,1,-36.723641,149.904565,5,2,1,0,0,0,3,4,0,0,7,80,1,1259,5151,8,0,40,1,0,0,1,1
1222720,1,2020,2020,4,4,6,1,7,11,34609,0,1,1,-33.051299,151.582032,37,0,2,1,1,0,0,0,2,0,7,50,0,368,368,9,30,28,2,0,0,0,1
1222723,2,2020,2020,4,2,6,478,17,78,480,0,1,7,-33.422588,151.43863,16,2,2,0,1,0,0,0,2,0,0,60,2,1259,5151,8,16,40,1,0,0,1,0
1222724,4,2020,2020,4,6,5,30,27,33,41,0,1,1,-33.984742,151.140252,4,0,2,1,1,0,0,0,2,0,7,60,1,1282,1282,1,5,40,1,0,1,0,0
1222738,1,2020,2020,4,5,11,13,27,110,24,0,1,9,-33.758666,151.041116,71,0,2,1,1,0,0,0,0,0,7,50,1,14295,14295,3,30,0,4,0,0,0,1
1222744,4,2020,2020,4,0,9,5,31,77,34609,0,1,10,-32.94454,151.749688,48,0,2,1,1,0,0,3,2,0,15,50,0,6545,6545,4,22,36,2,0,1,0,0
1222752,4,2020,2020,4,0,2,387,27,12,34609,0,1,1,-34.956508,150.641741,63,2,1,0,0,0,3,4,0,0,7,80,0,4552,5151,8,5,40,1,0,1,0,0
1222755,2,2020,2020,4,2,4,916,17,91,917,0,1,7,-32.809647,151.634092,48,0,2,0,1,0,0,0,2,0,7,60,2,395,395,1,5,19,2,0,0,1,0
1222757,2,2020,2020,4,1,7,6,25,36,60,0,1,10,-36.08832,146.908971,0,2,1,1,1,0,3,4,2,2,9,60,1,14295,14295,3,10,5,2,0,0,1,0
1222761,2,2020,2020,4,1,11,280,10,314,82,1,0,10,-33.853183,150.938294,24,0,2,1,2,0,0,0,0,2,7,60,1,1957,777,1,5,5,2,0,0,1,0
1222764,2,2020,2020,4,5,3,829,27,125,770,0,1,9,-33.826665,151.126314,61,0,2,1,1,0,0,0,2,0,15,60,2,515,515,1,0,19,2,0,0,1,0
1222766,1,2020,2020,4,4,9,117,1,210,121,0,1,10,-34.040124,151.100992,68,0,2,1,1,0,0,0,2,2,7,60,1,6545,6545,4,5,0,2,0,0,0,1
1222769,2,2020,2020,4,6,6,14,27,28,34609,0,1,10,-33.903763,150.87619,41,0,2,1,2,0,0,0,2,2,9,50,0,5929,5929,1,5,5,2,0,0,1,0
1222770,2,2020,2020,4,2,7,120,36,43,148,0,1,1,-30.468071,152.985297,6,2,1,0,0,0,3,4,2,0,7,80,2,1259,5151,8,0,40,1,0,0,1,0
1222778,4,2020,2020,4,5,9,25,1,69,34609,0,1,9,-28.557377,153.497206,10,2,1,1,0,0,0,3,2,0,7,50,0,14295,14295,3,0,12,3,0,1,0,0
1222785,2,2020,2020,4,0,8,31,31,445,34609,0,1,9,-33.853447,151.047882,21,0,2,1,1,0,3,3,2,0,7,60,0,2040,2040,9,5,28,2,0,0,1,0
1222787,2,2020,2020,4,2,8,177,31,174,208,0,1,9,-33.861263,150.93364,24,0,2,1,1,0,3,3,2,0,7,60,1,5929,5929,1,0,5,2,0,0,1,0
1222792,2,2020,2020,4,6,4,866,17,171,793,0,1,10,-33.802838,150.971052,54,0,2,1,2,0,0,0,2,2,7,70,2,14295,14295,3,8,5,2,0,0,1,0
1222799,1,2020,2020,4,3,3,21,27,26,11,0,1,9,-32.749099,151.387055,17,2,1,1,2,0,0,0,1,0,0,80,1,489,489,8,0,40,1,0,0,0,1