Crash ID,Degree of crash - detailed,Reporting year,Year of crash,Month of crash,Day of week of crash,Two-hour intervals,Street of crash,Street type,Town,Route no.,School zone location,School zone active,Type of location,Latitude,Longitude,LGA,Urbanisation,Conurbation 1,Alignment,Street lighting,Road surface,Surface condition,Weather,Natural lighting,Signals operation,Other traffic control,Speed limit,Road classification,RUM - code,DCA - code,First impact type,Key TU type,Other TU type,No. of traffic units involved,No. killed,No. seriously injured,No. moderately injured,No. minor-other injured
1222804,4,2020,2020,4,1,7,8,27,13,34609,0,1,1,-33.397769,150.205777,40,2,1,0,0,2,0,0,2,0,7,60,0,1957,4009,8,23,40,1,0,1,0,0
1222834,4,2020,2020,4,5,11,500,27,198,799,0,1,10,-33.91823,151.104401,15,0,2,1,2,0,0,0,0,2,7,60,2,14295,14295,3,5,27,2,0,1,0,0
1222837,2,2020,2020,4,4,7,3,31,433,34609,0,1,1,-33.28243,149.096397,52,2,1,1,0,0,0,0,2,0,7,50,0,14295,14295,3,5,0,2,0,0,1,1
1222845,2,2020,2020,4,6,8,4,31,22,34609,0,1,9,-32.856746,151.817067,57,2,1,0,1,0,0,0,2,0,7,50,0,3775,3775,0,30,5,2,0,0,1,0
1222847,2,2020,2020,4,3,0,40,10,56,174,0,1,1,-32.745264,151.338239,17,1,0,1,2,0,0,0,0,0,7,90,2,1089,1089,7,30,40,1,0,0,2,0
1222858,2,2020,2020,4,6,7,334,17,98,308,0,1,1,-30.981029,150.326252,51,1,0,0,0,0,0,0,2,0,7,100,2,3775,3775,0,10,10,3,0,0,3,0
1222860,1,2020,2020,4,2,4,48,31,47,34609,0,1,7,-33.780131,151.287605,50,0,2,1,3,0,0,0,2,0,0,50,0,1282,1282,1,22,5,2,0,0,0,1
1222862,2,2020,2020,4,3,5,205,27,50,415,0,1,10,-33.679171,151.265656,50,0,2,0,3,0,0,0,2,2,7,70,2,3775,3775,0,0,0,3,0,0,1,0
1222868,2,2020,2020,4,0,6,224,27,49,321,0,1,2,-33.962647,151.219289,4,0,2,1,1,0,0,0,2,0,7,70,2,14295,14295,3,3,5,3,0,0,1,0
1222879,1,2020,2020,4,5,4,1104,14,223,962,0,1,3,-33.805039,150.913202,7,0,2,1,3,0,0,0,2,0,7,100,2,14295,14295,3,30,36,6,0,0,0,1
1222882,1,2020,2020,4,0,4,1052,14,118,928,0,1,3,-33.406741,151.298711,16,1,2,0,3,0,3,4,2,0,7,110,2,1192,1192,1,30,35,2,0,0,0,1
1222890,2,2020,2020,4,4,9,22,31,337,34609,0,1,5,-33.732205,151.005903,71,0,2,1,3,0,3,4,3,2,7,60,0,5929,5929,1,5,0,2,0,0,1,0
1222894,2,2020,2020,4,2,6,3371,17,44,3342,0,1,2,-30.736344,152.92154,47,1,0,1,3,0,3,4,2,0,7,100,2,475,475,5,30,40,1,0,0,1,0
1222904,2,2020,2020,4,4,7,9,10,38,29,0,1,1,-32.928498,151.692704,48,0,2,0,1,0,3,0,2,0,7,60,1,3775,3775,0,0,5,2,0,0,1,0
1222909,1,2020,2020,4,3,5,63,27,103,34609,0,1,1,-34.259484,148.321301,30,1,0,1,3,0,0,0,2,0,7,100,0,9859,9859,8,0,40,1,0,0,0,1
1222911,1,2020,2020,4,0,5,35,27,84,33,0,1,1,-33.778606,151.106176,61,0,2,1,3,0,3,4,2,0,7,60,1,14295,14295,3,5,5,2,0,0,0,1
1222919,1,2020,2020,4,5,11,7,10,42,9,0,1,1,-33.649416,151.250597,50,0,2,0,3,0,0,0,0,0,7,60,2,4552,5151,8,5,40,1,0,0,0,1
1222923,1,2020,2020,4,6,7,48,27,70,166,0,1,10,-33.254771,151.498354,16,2,2,1,3,0,0,0,2,0,7,50,2,5929,5929,1,5,13,2,0,0,0,1
1222934,1,2020,2020,4,6,4,7,31,85,34609,0,1,9,-32.939763,151.716623,48,0,2,1,3,0,0,0,2,0,7,50,0,623,623,3,5,5,2,0,0,0,1
1222935,1,2020,2020,4,5,5,91,27,119,187,0,1,10,-33.874951,151.155162,32,0,2,1,3,0,0,0,2,2,7,70,2,1391,1391,1,33,0,2,0,0,0,1
1222941,1,2020,2020,4,0,7,2126,17,149,2149,0,1,10,-33.81567,150.969464,21,0,2,1,3,0,3,4,2,2,7,80,2,14295,14295,3,5,5,2,0,0,0,1
1222946,2,2020,2020,4,2,7,1,9,55,34609,0,1,1,-35.367273,149.212143,58,2,1,1,3,0,0,0,2,0,7,50,0,489,489,8,34,40,1,0,0,1,0
1222948,1,2020,2019,9,4,8,3371,17,58,3342,0,1,2,-33.755158,151.152599,36,0,2,1,3,0,0,0,2,0,7,60,2,14295,14295,3,0,5,2,0,0,0,1
1222949,2,2020,2020,4,3,0,77,31,445,563,0,1,10,-33.884705,151.040113,21,0,2,1,3,0,0,0,0,2,7,80,2,14295,14295,3,5,5,2,0,0,1,0
1222951,2,2020,2020,4,0,9,481,17,14,483,0,1,1,-30.614359,149.576136,51,1,0,1,3,0,0,0,2,0,7,110,2,945,945,5,0,40,1,0,0,1,0
1222953,1,2020,2020,4,2,5,10,31,387,64,0,1,10,-33.931266,151.184242,4,0,2,0,3,0,0,3,2,2,7,70,2,1391,1391,1,33,0,2,0,0,0,1
1222961,2,2020,2020,4,2,7,348,17,105,232,1,0,7,-32.590398,149.583694,44,2,1,1,1,0,0,0,2,0,0,50,2,6545,6545,4,10,13,2,0,0,1,0
1222965,4,2020,2020,4,1,4,196,10,9,34609,0,1,1,-32.490528,149.621086,44,1,0,0,0,0,0,0,2,0,7,100,0,782,957,5,29,40,1,0,1,0,0
1222966,4,2020,2020,4,1,7,334,17,11,308,0,1,1,-30.981105,150.762086,70,1,0,1,0,0,0,6,2,0,7,100,2,14295,14295,3,30,13,4,0,1,0,1
1222972,4,2020,2020,4,3,5,4,27,71,34609,0,1,7,-33.969269,151.06337,25,0,2,1,1,0,3,4,2,0,0,50,0,1945,1945,5,16,40,1,0,1,0,0
1222978,2,2020,2020,4,1,5,165,31,80,16,0,1,10,-33.877797,151.205717,69,0,2,1,1,0,0,0,2,2,9,50,1,6545,6545,4,5,0,2,0,0,1,1
1222982,4,2020,2020,4,2,5,213,17,11,213,0,1,1,-29.764691,151.518694,33,1,0,1,0,0,3,4,2,0,7,100,2,1089,1089,7,5,40,1,0,1,0,0
1222987,2,2020,2020,4,4,9,26,10,370,68,0,1,9,-34.075474,150.79992,13,0,2,1,2,0,3,4,3,2,9,60,1,1981,1981,4,0,5,2,0,0,1,0
1222988,2,2020,2020,4,1,6,13,27,132,17,0,1,1,-29.759916,151.103954,33,2,1,1,0,0,0,0,2,0,7,80,1,4026,4026,8,10,40,1,0,0,1,0
1222990,4,2020,2020,4,6,6,2,27,164,34609,0,1,9,-33.732836,150.904732,7,0,2,1,1,0,0,0,2,0,7,50,0,1669,1669,3,0,5,2,0,1,0,0
1222992,2,2020,2020,4,0,11,220,27,104,222,0,1,10,-33.720466,150.937752,7,0,2,1,2,0,0,0,0,2,8,80,2,5929,5929,1,5,5,2,0,0,2,0
1223022,1,2020,2020,4,4,9,7,27,40,34609,0,1,1,-33.837384,151.184573,38,0,2,1,3,0,0,0,2,0,7,50,0,9859,9859,1,30,5,2,0,0,0,1
1223027,2,2020,2020,4,2,10,12,27,27,15,0,1,1,-32.639637,151.359669,64,2,1,1,0,0,0,0,0,0,7,80,1,1089,1089,7,5,40,1,0,0,1,0
1223030,2,2020,2020,4,4,6,5,10,74,34609,0,1,0,-34.059207,150.776729,12,0,2,0,1,0,0,0,2,0,7,30,0,2585,4009,8,0,40,1,0,0,1,0
1223034,2,2020,2020,4,4,10,36,27,31,36,0,1,7,-34.030015,150.827346,13,0,2,1,3,0,3,4,0,0,0,50,1,6545,6545,4,5,5,2,0,0,1,0
1223038,4,2020,2020,4,4,6,3,7,46,34609,0,1,1,-33.884998,150.961991,24,0,2,0,3,0,3,4,2,0,7,50,0,4552,5151,1,5,5,3,0,1,0,0
1223039,1,2020,2020,4,0,4,229,14,197,237,0,1,3,-33.79489,151.136407,61,0,2,1,3,0,3,4,2,0,7,100,2,14295,14295,3,30,12,2,0,0,0,1
1223040,1,2020,2020,4,4,10,13,27,131,79,0,1,9,-33.780922,151.195891,36,0,2,0,3,0,0,0,0,2,7,60,2,2852,2852,4,0,36,2,0,0,0,1
1223059,4,2020,2020,4,1,7,3,27,15,34609,0,1,7,-34.009362,151.07544,68,0,2,0,3,0,0,0,2,0,0,50,0,6545,6545,4,0,5,2,0,1,0,0
1223061,1,2020,2020,4,2,6,205,27,50,415,0,1,9,-33.68784,151.238705,50,0,2,0,3,0,0,0,2,0,7,70,2,14295,14295,3,10,0,3,0,0,0,1
1223062,2,2020,2020,4,4,6,57,27,15,126,0,1,7,-32.762664,151.700545,42,2,1,0,3,0,0,0,2,0,0,80,2,14295,14295,3,5,13,2,0,0,1,1
1223063,1,2020,2020,4,6,7,71,27,44,122,0,1,2,-34.564696,150.860108,62,0,2,1,3,0,0,0,2,0,7,70,2,14295,14295,3,5,5,2,0,0,0,1
1223064,2,2020,2020,4,1,8,175,27,609,220,0,1,2,-33.769317,150.91225,7,0,2,1,1,0,0,3,2,0,7,60,2,14295,14295,3,0,0,3,0,0,1,0
1223065,2,2020,2020,4,3,8,3,27,15,34609,0,1,7,-34.009307,151.075384,68,0,2,1,3,0,0,3,2,0,0,50,0,775,775,4,5,18,2,0,0,1,0
1223070,1,2020,2020,4,0,9,475,31,532,75,0,1,10,-33.873304,151.209896,69,0,2,1,3,0,3,4,3,2,7,40,1,14295,14295,3,0,5,2,0,0,0,1
1223071,1,2020,2020,4,4,4,24,31,94,34609,0,1,10,-33.83708,151.052235,54,0,2,1,3,0,3,4,2,0,0,50,0,301,301,4,0,5,2,0,0,0,1
1223076,1,2020,2020,4,0,4,78,31,41,41,0,1,1,-35.055015,148.103652,20,2,1,1,3,0,0,0,2,0,7,50,1,404,404,8,5,40,1,0,0,0,1
1223089,1,2020,2020,4,2,6,10,31,193,34609,1,0,10,-33.79243,151.077319,61,0,2,1,3,0,3,4,2,2,7,50,0,14295,14295,3,5,0,2,0,0,0,1
1223090,1,2020,2020,4,4,9,194,31,26,34609,0,1,10,-31.519901,150.674194,51,2,1,1,1,0,0,3,3,0,7,50,0,6545,6545,4,10,5,2,0,0,0,1
1223092,4,2020,2020,4,1,7,334,17,11,308,0,1,1,-30.981105,150.762086,70,1,0,1,0,0,0,6,2,0,7,100,2,14295,14295,3,3,13,3,0,1,1,0
1223093,1,2020,2020,4,3,6,6,10,33,34609,0,1,1,-34.02447,150.81899,13,0,2,1,1,0,0,0,2,0,7,50,0,9859,9859,1,15,5,2,0,0,0,1
1223099,2,2020,2020,4,5,6,1052,14,77,928,0,1,6,-33.531703,151.199422,16,2,2,1,0,0,0,0,2,0,7,60,2,9859,9859,8,5,40,1,0,0,1,0
1223118,2,2020,2020,4,6,5,334,17,41,308,0,1,9,-31.463574,152.766197,56,2,1,1,0,0,0,0,2,0,15,80,2,2852,2852,4,5,5,2,0,0,1,0
1223131,2,2020,2020,4,2,5,67,27,85,34609,1,0,1,-33.900298,150.866988,41,0,2,1,1,0,0,0,2,0,7,50,0,941,941,1,5,5,2,0,0,2,0
1223133,2,2020,2020,4,6,10,93,1,460,34609,0,1,9,-33.836381,150.989226,21,0,2,1,2,0,0,0,0,2,7,40,0,2040,2040,9,0,28,2,0,0,1,0
1223141,2,2020,2020,4,6,7,6,7,370,34609,0,1,1,-34.075698,150.804736,13,0,2,1,0,0,0,0,2,0,0,50,0,1981,1981,4,30,0,2,0,0,1,0
1223149,2,2020,2020,4,2,0,37,31,273,87,0,1,1,-34.422026,150.90061,80,0,2,1,2,0,3,4,0,0,7,60,2,9859,9859,8,5,40,1,0,0,2,0
1223151,1,2020,2020,4,1,10,115,27,20,173,0,1,2,-34.345519,150.797103,80,0,2,1,0,0,0,0,0,0,7,100,2,4026,4026,8,0,40,1,0,0,0,1
1223156,1,2020,2020,4,6,8,28,27,64,63,0,1,1,-33.892386,151.083296,67,0,2,1,1,0,0,0,2,0,7,50,1,1669,1669,3,10,5,2,0,0,0,1
1223227,4,2020,2020,4,0,4,13,25,433,34609,0,1,10,-33.27967,149.102036,52,2,1,1,0,0,0,0,2,0,0,50,0,6545,6545,4,5,0,2,0,1,0,0
1223231,1,2020,2020,4,4,5,1,31,133,34609,0,1,1,-34.496669,150.790412,80,0,2,1,3,0,3,0,2,0,7,50,0,1981,1981,4,10,0,2,0,0,0,1
1223238,2,2020,2020,4,5,3,916,17,16,917,0,1,1,-31.578005,150.809003,51,1,0,1,3,0,0,0,1,0,7,100,2,945,945,5,8,40,1,0,0,1,0
1223241,1,2020,2020,4,4,8,137,31,90,103,0,1,9,-32.921836,151.753003,48,0,2,0,3,0,0,0,2,0,7,60,1,14295,14295,3,5,0,2,0,0,0,1
1223248,1,2020,2020,4,4,5,829,27,125,770,0,1,9,-33.836205,151.128457,51,0,2,0,3,0,0,0,2,2,7,60,2,217,217,1,5,5,2,0,0,0,1
1223259,4,2020,2020,4,4,6,3,1,112,34609,0,1,1,-33.913958,150.924628,41,0,2,1,3,0,3,0,2,0,7,50,0,9859,9859,8,5,40,1,0,1,0,0
1223261,1,2020,2020,4,2,6,89,27,182,228,1,0,9,-32.837314,151.345502,17,2,1,1,3,0,0,0,2,0,7,60,1,623,623,3,0,5,2,0,0,0,1
1223266,2,2020,2020,4,0,4,21,27,148,60,0,1,1,-36.046361,146.941708,0,2,1,1,0,0,0,0,2,0,7,60,1,1981,1981,4,5,5,3,0,0,1,0
1223267,4,2020,2020,4,6,3,2261,17,140,2252,0,1,9,-33.897109,150.992246,15,0,2,1,1,0,0,0,1,0,0,70,2,2852,2852,4,5,0,3,0,2,0,0
1223268,1,2020,2020,4,4,5,330,27,65,605,0,1,9,-33.707835,151.296659,50,0,2,1,0,0,0,0,2,2,9,70,2,1220,1220,9,0,28,2,0,0,0,1
1223272,2,2020,2020,4,3,6,86,27,4,42,0,1,1,-30.863175,152.589865,34,1,0,1,1,0,0,0,2,0,7,100,1,4026,4026,8,10,40,1,0,0,1,0
1223274,4,2020,2020,4,2,8,63,31,173,34609,0,1,10,-33.877061,151.2157,69,0,2,1,1,0,0,0,2,0,7,40,0,301,301,4,10,27,2,0,1,0,0
1223277,2,2020,2020,4,1,2,14,27,13,34609,0,1,1,-33.399685,149.044002,11,1,0,1,0,0,0,0,1,0,7,100,0,9859,9859,8,5,40,1,0,0,1,0
1223280,1,2020,2020,4,2,7,27,27,5,35,0,1,1,-28.492478,152.186444,51,1,0,0,0,0,0,3,2,0,7,100,1,273,957,5,5,40,1,0,0,0,1
1223283,2,2020,2020,4,4,9,13,31,49,69,0,1,1,-33.942696,151.21222,4,0,2,1,0,0,0,0,3,0,7,50,1,387,387,1,22,12,2,0,0,1,0
1223289,1,2020,2020,4,3,8,15,27,32,34609,0,1,9,-33.661125,151.005014,71,0,2,1,1,0,0,0,2,0,15,60,0,4552,985,8,0,40,1,0,0,0,1
1223297,4,2020,2020,4,2,8,866,17,112,793,0,1,9,-33.907848,150.918709,41,0,2,1,1,0,0,3,2,2,7,70,2,5929,5929,1,5,5,2,0,1,0,0
1223305,1,2020,2020,4,0,4,1,31,193,34609,0,1,1,-33.791905,151.069845,61,0,2,1,3,0,3,4,2,0,7,50,0,9859,9859,1,0,0,2,0,0,0,1
1223309,1,2020,2020,4,6,4,334,17,316,308,0,1,7,-31.45299,152.874865,56,2,1,1,3,0,0,0,2,0,0,70,2,395,395,1,30,5,2,0,0,0,1
1223311,1,2020,2020,4,5,4,6,10,323,34609,0,1,1,-33.804478,150.843243,7,0,2,1,3,0,0,0,2,0,7,50,0,1981,1981,4,5,0,2,0,0,0,1
1223312,1,2020,2020,4,2,9,85,10,38,702,0,1,9,-33.837653,151.083604,14,0,2,1,3,0,0,0,2,2,8,70,2,14295,14295,3,5,0,2,0,0,0,1
1223314,1,2020,2020,4,5,9,361,32,460,42,0,1,1,-33.847318,150.989648,21,0,2,1,3,0,0,0,2,0,7,50,1,14295,14295,3,9,5,2,0,0,0,1
1223331,1,2020,2020,4,3,8,1052,14,107,928,0,1,3,-33.275854,151.405636,16,1,2,1,3,0,3,0,2,0,7,110,2,14295,14295,3,5,13,2,0,0,0,1
1223350,4,2020,2020,4,3,6,280,10,314,82,0,1,10,-33.850836,150.922233,24,0,2,1,1,0,0,0,2,2,7,60,1,5929,5929,1,30,5,2,0,1,0,0
1223363,1,2020,2020,4,6,8,4,31,134,34609,0,1,10,-33.890905,151.244315,76,0,2,1,1,0,0,0,3,0,0,50,0,2040,2040,9,5,28,2,0,0,0,1
1223366,1,2020,2020,4,4,3,14,27,5,34609,0,1,1,-34.002491,150.639562,79,2,2,0,0,0,3,4,2,0,7,80,0,2585,4009,8,5,40,1,0,0,0,2
1223367,4,2020,2020,4,6,10,7,27,3,8,0,1,1,-35.884544,146.895544,27,1,0,1,0,0,0,0,3,0,7,100,1,4026,4026,8,34,40,1,0,1,0,0
1223368,4,2020,2020,4,3,3,348,17,3,232,0,1,1,-30.641643,148.227053,51,1,0,0,0,0,0,0,2,0,7,110,2,273,957,5,10,40,1,0,1,0,0
1223372,2,2020,2020,4,2,7,2,10,154,34609,0,1,1,-33.700876,150.97656,71,0,2,0,0,0,3,3,2,0,7,50,0,2585,4009,8,5,40,1,0,0,1,0
1223374,4,2020,2020,4,0,10,73,31,175,34609,0,1,1,-33.762256,151.072647,54,0,2,1,2,0,3,3,0,0,7,50,0,489,489,8,5,40,1,0,1,0,0
1223375,2,2020,2020,4,4,10,15,10,53,34609,0,1,2,-33.943608,150.83602,41,0,2,1,2,0,3,4,0,0,7,50,0,9859,9859,8,5,40,1,0,0,1,0
1223378,4,2020,2020,4,2,7,7,27,29,7,0,1,1,-31.923465,149.84137,51,1,0,0,0,0,3,4,2,0,7,100,1,418,714,5,5,40,1,0,1,0,0
1223383,4,2020,2020,4,3,2,40,27,160,39,0,1,1,-33.130496,151.476553,37,0,2,1,2,0,0,0,0,0,7,80,2,1089,1089,7,16,40,1,0,1,0,0
1223386,2,2020,2020,4,6,7,49,27,91,47,0,1,7,-33.994625,150.875458,13,0,2,1,1,0,0,0,2,0,0,60,1,515,515,1,21,0,2,0,0,1,0
1223395,2,2020,2020,4,2,4,3371,17,35,3342,0,1,2,-32.135662,152.344233,43,1,0,1,0,0,0,0,2,0,7,100,2,4026,4026,8,5,40,1,0,0,2,0
1223399,2,2020,2020,4,4,9,6,31,44,34609,0,1,1,-33.74357,150.722146,55,0,2,1,1,0,0,0,3,0,7,50,0,4026,4026,8,5,40,1,0,0,1,0
1223402,2,2020,2020,4,2,8,149,36,40,113,0,1,9,-32.070707,152.481649,43,2,1,1,0,0,3,4,2,0,15,80,1,2852,2852,4,10,25,2,0,0,3,0
1223406,2,2020,2020,4,6,4,95,31,107,34609,0,1,10,-29.677942,152.944294,18,2,1,1,2,0,0,0,2,0,0,50,0,6545,6545,4,10,0,2,0,0,1,1
1223409,2,2020,2020,4,1,5,500,27,646,799,0,1,9,-33.93458,151.036743,15,0,2,1,1,0,0,0,2,1,7,60,2,5929,5929,1,10,5,2,0,0,1,0
1223410,2,2020,2020,4,3,4,3371,17,14,3342,0,1,2,-33.063479,151.651844,37,0,2,1,1,0,0,0,2,0,7,70,2,1945,1945,5,22,40,1,0,0,1,0
1223413,2,2020,2020,4,6,6,42,31,532,34609,0,1,0,-33.875609,151.207276,69,0,2,1,0,0,0,0,2,0,7,10,0,2040,2040,9,9,28,2,0,0,1,0
1223428,4,2020,2020,4,5,0,32,31,111,91,0,1,10,-33.922816,151.25642,59,0,2,1,2,0,3,0,0,2,7,50,1,5929,5929,1,0,20,2,0,1,0,0
1223453,2,2020,2020,4,2,8,68,27,98,208,1,0,10,-33.747813,151.064081,31,0,2,1,3,0,0,0,2,0,0,60,2,1669,1669,3,0,5,2,0,0,1,3
1223454,2,2020,2020,4,5,5,8,31,128,34609,0,1,10,-33.623377,150.804403,29,2,2,1,3,0,0,0,2,0,0,50,0,6545,6545,4,10,5,2,0,0,2,0
1223455,2,2020,2020,4,5,3,866,17,278,793,0,1,10,-33.7823,151.049886,54,0,2,0,1,0,0,0,2,0,0,60,2,6545,6545,4,33,13,2,0,0,1,0
1223457,4,2020,2020,4,5,6,2126,17,75,2149,0,1,9,-33.709232,150.352707,8,2,2,0,1,0,0,3,2,0,15,80,2,1850,777,5,22,40,1,0,1,0,0
1223469,1,2020,2020,4,0,8,2261,17,284,2252,0,1,2,-33.907319,151.023399,15,0,2,1,3,0,0,3,2,0,7,60,2,14295,14295,3,5,5,3,0,0,0,1
1223471,2,2020,2020,4,1,9,145,27,84,34609,0,1,1,-33.810077,150.980316,21,0,2,1,1,0,0,3,2,0,7,50,0,9859,9859,1,10,5,4,0,0,1,0
1223474,2,2020,2020,4,1,10,280,10,237,240,0,1,10,-33.863953,150.954285,24,0,2,1,2,0,3,4,0,2,7,60,2,5929,5929,1,5,5,2,0,0,1,0
1223480,1,2020,2020,4,4,9,17,31,48,34609,0,1,1,-32.91828,151.749124,48,0,2,1,3,0,0,0,2,0,7,50,0,9859,9859,8,0,40,1,0,0,0,1
1223485,2,2020,2020,4,0,2,100,27,68,78,0,1,1,-33.622628,149.788706,51,1,0,0,3,0,0,0,0,0,7,100,2,1089,1089,7,5,40,1,0,0,1,0
1223486,1,2020,2020,4,5,11,361,31,169,382,0,1,11,-33.770214,150.835065,7,0,2,1,2,0,3,0,0,2,7,60,2,5929,5929,1,33,5,2,0,0,0,1
1223490,4,2020,2020,4,0,7,8,27,16,34609,0,1,1,-33.275709,151.490148,16,2,2,0,1,0,3,4,2,0,7,50,0,3775,3775,0,5,36,2,0,1,2,3
1223506,4,2020,2020,4,3,1,36,1,126,34609,0,1,1,-33.919947,150.823183,41,0,2,1,0,0,3,4,0,0,7,60,0,14295,14295,3,16,5,2,0,1,0,0
1223513,2,2020,2020,4,5,3,133,17,22,121,0,1,1,-36.854762,149.272906,65,1,0,0,3,0,3,3,4,0,7,100,2,1850,1463,5,9,40,1,0,0,1,0
1223517,2,2020,2020,4,1,3,6,27,130,34609,0,1,1,-33.868551,151.196904,69,0,2,0,1,0,0,0,1,0,7,40,0,368,368,9,33,28,2,0,0,1,0
1223522,2,2020,2020,4,3,8,829,27,309,770,0,1,9,-33.817218,151.112797,61,0,2,1,1,0,0,0,2,0,7,60,2,3775,3775,0,5,0,2,0,0,1,0
1223526,1,2020,2020,4,0,5,1,1,224,44,0,1,10,-33.82118,151.232219,49,0,2,1,3,0,0,0,2,3,7,50,1,1850,777,5,16,40,1,0,0,0,1
1223532,1,2020,2020,4,4,8,1,31,283,34609,0,1,10,-33.834545,151.001272,21,0,2,1,3,0,0,0,2,0,7,50,0,301,301,4,5,5,2,0,0,0,1
1223534,1,2020,2020,4,0,7,193,31,71,34609,0,1,9,-33.970581,151.083186,25,0,2,1,3,0,0,0,2,0,7,50,0,14295,14295,3,10,5,2,0,0,0,1
1223535,1,2020,2020,4,0,9,1052,14,160,928,0,1,3,-33.135156,151.474243,37,0,2,1,3,0,0,0,2,0,7,110,2,1282,1282,1,33,5,2,0,0,0,1
1223536,1,2020,2020,4,6,8,2261,17,523,2252,0,1,2,-33.91996,150.919259,41,0,2,1,3,0,0,0,2,0,7,60,2,312,312,2,27,40,1,0,0,0,2
1223539,1,2020,2020,4,4,8,2261,17,243,2252,0,1,9,-33.954924,150.896178,41,0,2,1,3,0,0,0,2,3,7,70,2,14295,14295,3,0,5,2,0,0,0,1
1223541,4,2020,2020,4,1,7,39,10,42,65,0,1,7,-33.705462,150.942922,71,0,2,0,1,0,3,0,2,0,0,60,1,1850,985,5,16,40,1,0,1,0,0
1223547,4,2020,2020,4,6,5,3371,17,463,3342,0,1,9,-30.30561,153.101882,19,2,1,1,1,0,0,0,2,2,7,60,2,5929,5929,1,5,19,2,0,1,0,0
1223549,1,2020,2020,4,1,7,4,31,46,34609,1,0,1,-33.939026,151.120395,4,0,2,1,2,0,0,0,2,0,7,50,0,9859,9859,1,5,5,2,0,0,0,1
1223553,2,2020,2020,4,5,5,230,27,175,284,0,1,1,-33.773863,151.085274,54,0,2,1,1,0,0,3,2,0,7,60,2,14295,14295,3,0,5,3,0,0,1,0
1223558,2,2020,2020,4,3,6,204,31,252,34609,0,1,9,-33.88858,151.215327,69,0,2,1,1,0,0,3,2,0,7,40,0,515,515,1,5,27,2,0,0,1,0
1223560,2,2020,2020,4,3,10,44,1,273,18,0,1,1,-34.433758,150.885956,80,0,2,0,2,0,0,3,0,0,7,50,1,1957,4009,8,5,40,1,0,0,1,0
1223569,2,2020,2020,4,6,5,50,27,167,51,0,1,7,-33.853859,151.076965,54,0,2,1,3,0,0,0,2,1,0,50,1,6545,6545,4,30,0,2,0,0,1,1
1223583,1,2020,2020,4,2,8,108,31,147,34609,0,1,1,-33.737333,151.145299,36,0,2,1,3,0,0,3,2,0,7,50,0,4026,4026,1,0,0,2,0,0,0,1
1223585,1,2020,2020,4,5,4,265,10,445,563,0,1,10,-33.861566,151.042164,21,0,2,0,3,0,0,0,2,2,7,70,2,5929,5929,1,5,0,2,0,0,0,1
1223587,1,2020,2020,4,1,8,171,1,42,29,0,1,9,-33.744552,151.287726,50,0,2,0,3,0,0,0,2,0,15,50,1,3775,3775,0,5,13,2,0,0,0,1
1223592,2,2020,2020,4,2,5,51,27,69,63,0,1,9,-34.555129,150.850443,62,0,2,1,3,0,0,0,2,0,15,70,2,5929,5929,1,10,36,2,0,0,1,0
1223594,2,2020,2020,4,2,6,2261,17,44,2252,0,1,9,-33.897357,150.952855,24,0,2,1,3,0,3,4,2,2,7,70,2,5929,5929,1,5,5,3,0,0,2,0
1223601,1,2020,2020,4,5,4,829,27,124,770,0,1,9,-33.809788,151.031093,54,0,2,1,3,0,0,0,2,0,0,60,2,1391,1391,1,5,5,2,0,0,0,1
1223602,1,2020,2020,4,2,7,147,27,72,605,0,1,9,-33.82817,151.230275,45,0,2,1,3,0,0,0,2,3,7,60,2,515,515,1,5,5,2,0,0,0,1
1223609,1,2020,2020,4,1,5,150,27,173,415,0,1,10,-33.78254,151.131248,61,0,2,1,3,0,0,0,2,2,7,70,2,14295,14295,3,9,5,2,0,0,0,1
1223613,1,2020,2020,4,3,6,20,10,55,91,0,1,9,-35.377351,149.189088,58,2,1,1,3,0,0,0,2,2,7,80,2,5929,5929,1,5,5,2,0,0,0,1
1223623,1,2020,2020,4,2,8,2126,17,75,2149,0,1,2,-33.725198,150.385089,8,2,2,1,0,0,0,0,2,0,7,80,2,1383,1383,1,5,0,3,0,0,0,1
1223634,1,2020,2020,4,5,10,2261,17,45,2252,0,1,3,-34.312871,150.595133,79,1,2,0,0,0,0,0,3,0,7,110,2,1957,4009,8,3,40,1,0,0,0,1
1223635,1,2020,2020,4,4,10,1,27,21,34609,0,1,1,-32.753745,152.036813,57,2,1,0,0,0,0,0,3,0,7,40,0,1957,4009,8,5,40,1,0,0,0,1
1223640,4,2020,2020,4,2,7,27,36,29,27,0,1,1,-31.934835,149.650143,51,1,0,0,0,0,3,0,2,0,7,100,1,782,957,5,5,40,1,0,1,1,0
1223650,1,2020,2020,4,4,5,63,27,103,34,0,1,9,-32.9427,151.659667,37,0,2,1,0,0,0,0,2,0,0,60,1,5929,5929,1,5,0,2,0,0,0,1
1223652,4,2020,2020,4,0,5,13,27,159,34609,0,1,1,-33.81486,151.087705,61,0,2,1,0,0,3,4,2,0,7,50,0,945,945,5,15,40,1,0,1,0,0
1223662,4,2020,2020,4,4,11,475,10,83,268,0,1,1,-33.875119,150.836772,24,0,2,1,0,0,0,0,0,0,7,80,2,9859,9859,8,5,40,1,0,1,0,0
1223664,2,2020,2020,4,2,8,193,27,32,34609,0,1,4,-33.983838,151.127934,25,0,2,0,0,0,0,0,2,0,7,50,0,4552,5151,1,5,40,2,0,0,1,0
1223666,4,2020,2020,4,0,5,2126,17,44,2149,0,1,2,-33.768212,150.638739,8,2,2,0,0,0,3,4,2,0,7,70,2,1259,5151,8,9,40,1,0,1,0,0