Crash ID,Degree of crash - detailed,Reporting year,Year of crash,Month of crash,Day of week of crash,Two-hour intervals,Street of crash,Street type,Town,Route no.,School zone location,School zone active,Type of location,Latitude,Longitude,LGA,Urbanisation,Conurbation 1,Alignment,Street lighting,Road surface,Surface condition,Weather,Natural lighting,Signals operation,Other traffic control,Speed limit,Road classification,RUM - code,DCA - code,First impact type,Key TU type,Other TU type,No. of traffic units involved,No. killed,No. seriously injured,No. moderately injured,No. minor-other injured
1223673,4,2020,2020,4,1,0,5,31,106,34609,0,1,1,-28.856023,153.049549,60,2,1,1,1,0,0,0,0,0,7,50,0,30,30,9,6,28,2,0,1,0,0
1223737,4,2020,2020,4,3,0,3,31,91,34609,0,1,1,-32.97969,151.65028,37,0,2,1,2,0,0,0,0,0,7,50,0,9859,9859,1,16,0,2,0,1,0,0
1223740,1,2020,2019,2,5,6,232,36,74,331,0,1,6,-34.020527,150.760998,12,0,2,0,3,0,0,0,2,0,0,80,2,14295,14295,3,34,0,2,0,0,0,1
1223741,2,2020,2020,4,1,3,4,27,24,34609,0,1,9,-32.119479,149.411593,51,1,0,1,0,0,0,0,1,0,7,100,0,4026,4026,8,10,40,1,0,0,1,0
1223748,2,2020,2020,4,5,6,1,27,2,34609,0,1,1,-35.826203,144.538568,51,1,0,0,0,0,0,0,2,0,7,100,0,782,957,5,16,40,1,0,0,1,0
1223751,4,2020,2020,4,4,9,84,27,58,415,0,1,2,-33.754484,151.141018,36,0,2,0,1,0,0,0,2,0,7,70,2,4552,5151,8,5,40,1,0,1,0,0
1223752,2,2020,2020,4,3,8,104,27,63,140,0,1,2,-33.925287,151.219971,4,0,2,1,0,0,0,0,2,0,7,60,2,14295,14295,3,10,13,3,0,0,1,0
1223757,4,2020,2020,4,0,9,5,31,165,34609,0,1,1,-33.854502,151.156913,14,0,2,1,1,0,3,4,3,0,7,50,0,248,248,1,34,18,2,0,1,0,0
1223763,2,2020,2020,4,0,4,1,27,21,34609,0,1,1,-33.043288,151.586329,37,0,2,0,1,0,0,0,2,0,7,50,0,238,238,9,0,28,2,0,0,1,0
1223766,2,2020,2020,3,1,4,1,31,39,34609,0,1,9,-32.87333,151.651978,48,0,2,0,1,0,0,0,2,0,0,50,0,5929,5929,1,5,0,3,0,0,2,0
1223782,4,2020,2020,4,6,2,63,31,562,34609,1,0,7,-32.242752,148.631939,22,2,1,1,3,0,0,0,1,0,0,50,0,1850,777,5,16,40,1,0,1,0,0
1223784,2,2020,2020,4,4,8,14,31,646,34609,0,1,7,-33.930126,151.024048,15,0,2,1,3,0,0,0,2,0,0,50,0,6545,6545,4,5,12,2,0,0,1,0
1223786,1,2020,2020,4,5,4,1,31,18,34609,0,1,7,-33.821457,151.105819,61,0,2,1,3,0,0,0,2,0,0,50,0,14295,14295,3,30,18,2,0,0,0,1
1223788,1,2020,2020,4,5,8,104,27,137,140,0,1,1,-33.922556,151.204365,4,0,2,1,3,0,0,0,2,0,7,60,2,1282,1282,1,30,19,2,0,0,0,1
1223793,1,2020,2020,4,5,3,68,31,73,331,0,1,1,-34.166948,150.612639,79,2,2,1,3,0,0,0,2,0,7,50,1,14295,14295,3,5,5,2,0,0,0,1
1223798,1,2020,2020,3,6,4,50,31,169,34609,0,1,9,-33.595123,150.751376,29,2,2,1,3,0,0,0,2,0,7,50,0,5929,5929,1,5,13,2,0,0,0,1
1223799,1,2020,2020,4,4,10,1,2,54,34609,0,1,9,-33.896162,151.22506,69,0,2,1,3,0,0,0,0,2,7,50,0,1669,1669,3,0,5,2,0,0,0,1
1223800,2,2020,2020,3,5,2,4,27,20,6,0,1,1,-33.497119,150.721398,29,2,2,0,3,0,0,0,1,0,7,80,1,782,957,5,5,40,1,0,0,1,0
1223802,1,2020,2020,4,5,7,79,10,43,231,0,1,1,-33.439459,151.328292,16,2,2,1,3,0,0,0,2,0,7,60,2,14295,14295,3,5,0,2,0,0,0,1
1223807,1,2020,2020,3,2,6,106,27,523,106,0,1,9,-33.927422,150.906403,41,0,2,1,3,0,0,0,2,0,0,70,2,775,775,4,10,5,2,0,0,0,1
1223814,1,2020,2020,4,4,8,21,27,43,34609,0,1,1,-33.55808,150.789921,29,2,2,1,3,0,0,0,2,0,7,60,0,623,623,3,5,5,2,0,0,0,1
1223815,1,2020,2020,3,4,4,2,31,87,34609,1,2,10,-33.696032,150.957245,71,0,2,1,3,0,3,4,2,0,15,40,0,926,926,4,5,13,2,0,0,0,1
1223823,2,2020,2020,3,2,3,43,27,56,87,0,1,6,-34.464359,150.871885,80,0,2,0,0,0,0,0,2,0,7,80,2,591,591,1,22,5,2,0,0,1,0
1223827,2,2020,2020,4,0,9,3371,17,35,3342,0,1,2,-30.531388,152.993082,6,1,0,1,0,0,0,0,2,0,7,110,2,1109,787,1,5,2,2,0,0,1,0
1223832,1,2020,2020,4,6,5,481,17,96,483,0,1,1,-33.484183,147.808339,51,1,0,1,0,0,0,0,2,0,7,110,2,9859,9859,8,8,40,1,0,0,0,1
1223834,4,2020,2020,3,2,1,2209,17,77,2205,0,1,9,-33.926947,151.158601,32,0,2,1,2,0,0,0,0,2,7,60,2,14295,14295,3,5,5,2,0,1,0,0
1223845,4,2020,2020,4,2,0,62,27,17,166,0,1,1,-33.231399,151.427664,16,2,2,0,2,0,3,4,0,0,7,60,2,380,714,5,0,40,1,0,1,0,0
1223848,4,2020,2020,4,0,2,40,10,27,174,0,1,7,-32.666991,151.351251,17,2,1,0,2,0,0,0,1,0,0,50,2,1259,5151,8,5,40,1,0,1,0,0
1223849,2,2020,2020,4,3,6,293,27,103,172,1,0,1,-32.943815,151.65768,37,0,2,1,1,0,0,0,2,0,7,60,2,9859,9859,1,10,5,2,0,0,1,0
1223850,4,2020,2020,4,2,9,3371,17,31,3342,0,1,2,-30.342583,153.071348,19,1,0,1,0,0,3,0,2,0,7,100,2,9859,9859,8,5,40,1,0,1,1,1
1223854,1,2020,2020,4,0,8,866,17,77,793,0,1,10,-33.730782,151.081153,31,0,2,1,3,0,0,0,2,2,7,70,2,14295,14295,3,8,5,2,0,0,0,1
1223856,2,2020,2020,4,6,5,7,31,78,34609,0,1,10,-33.853592,151.010834,21,0,2,1,3,0,0,0,2,0,0,50,0,6545,6545,4,5,25,2,0,0,1,0
1223858,2,2020,2020,4,5,9,42,1,79,34609,0,1,1,-33.998006,150.744035,12,0,2,1,3,0,0,0,2,0,7,50,0,489,489,8,5,40,1,0,0,1,0
1223862,2,2020,2020,4,4,3,61,31,92,45,0,1,9,-33.86964,150.962971,24,0,2,1,3,0,0,0,2,2,7,60,1,395,395,1,5,0,2,0,0,1,0
1223866,1,2020,2020,4,0,6,43,2,104,42,0,1,10,-33.742885,150.944005,7,0,2,1,3,0,3,4,2,2,7,50,2,14295,14295,3,5,36,4,0,0,0,1
1223870,2,2020,2020,4,6,11,22,31,77,34609,0,1,9,-33.864418,150.944763,24,0,2,1,3,0,0,0,0,0,0,50,0,14295,14295,3,5,5,2,0,0,1,0
1223871,4,2020,2020,4,4,11,133,31,646,97,0,1,9,-33.9175,151.023407,15,0,2,1,3,0,0,0,0,0,7,60,1,5929,5929,1,5,5,2,0,1,0,1
1223872,1,2020,2020,3,1,7,127,27,59,103,0,1,9,-32.890777,151.727797,48,0,2,1,3,0,0,0,2,0,7,60,1,14295,14295,3,5,5,2,0,0,0,1
1223873,1,2020,2020,3,1,4,251,27,115,212,0,1,10,-33.752223,151.234471,50,0,2,1,3,0,3,4,2,2,7,70,2,6545,6545,4,5,5,2,0,0,0,1
1223880,4,2020,2020,3,4,9,361,23,57,34609,0,1,9,-32.80907,151.47526,17,2,1,1,0,0,3,4,2,0,0,60,0,1945,1945,5,16,40,1,0,1,0,0
1223881,2,2020,2020,3,3,10,485,27,187,769,0,1,9,-33.787461,150.995126,54,0,2,1,2,0,3,4,0,0,7,60,2,1282,1282,1,5,0,5,0,0,1,1
1223884,4,2020,2020,4,5,5,5,27,26,34609,0,1,9,-33.74083,150.812819,7,0,2,0,0,0,0,0,2,0,7,50,0,2040,2040,9,0,26,2,0,1,0,0
1223886,2,2020,2020,3,1,9,500,27,41,799,0,1,10,-33.906221,151.12719,32,0,2,1,1,0,0,0,2,2,6,60,2,5929,5929,1,5,19,2,0,0,1,0
1223887,1,2020,2020,3,3,10,14,31,48,34609,0,1,1,-28.248052,153.569112,72,2,1,1,2,0,0,0,0,0,7,50,0,4552,5151,1,5,5,2,0,0,0,2
1223889,2,2020,2020,4,3,6,191,27,309,208,0,1,1,-33.803603,151.102523,61,0,2,1,1,0,0,0,2,0,7,60,2,1981,1981,4,5,27,2,0,0,1,0
1223892,2,2020,2020,3,2,4,485,27,50,769,1,0,2,-33.64699,150.859284,7,0,2,1,0,0,0,0,2,0,7,80,2,1981,1981,4,9,27,2,0,0,1,0
1223893,4,2020,2020,4,5,8,57,31,532,30,0,1,10,-33.878094,151.207429,69,0,2,1,1,0,0,0,2,2,9,40,1,2040,2040,9,19,28,2,0,1,0,0
1223896,4,2020,2020,4,0,9,101,10,239,35,1,0,2,-34.031895,151.120112,68,0,2,1,0,0,0,0,2,0,7,60,2,1383,1383,1,5,5,2,0,2,0,0
1223901,4,2020,2020,3,4,4,344,27,164,163,0,1,2,-33.741694,150.867257,7,0,2,1,1,0,0,3,2,0,7,70,2,14295,14295,3,5,5,4,0,1,0,2
1223903,1,2020,2020,4,2,7,63,27,224,605,0,1,9,-33.823268,151.242662,45,0,2,1,1,0,0,0,2,2,7,60,2,14295,14295,3,5,36,2,0,0,0,1
1223904,2,2020,2020,3,3,4,213,17,113,213,0,1,1,-29.46051,149.827937,51,2,1,1,0,0,0,0,2,0,7,50,2,4026,4026,8,30,40,1,0,0,1,0
1223905,2,2020,2020,4,3,6,3,7,54,186,0,1,9,-33.873711,150.869599,24,0,2,1,0,0,3,4,2,0,7,70,2,2585,777,8,5,40,1,0,0,1,0
1223909,2,2020,2020,3,1,6,149,27,149,14,0,1,1,-33.824805,150.969399,21,0,2,1,3,0,0,0,2,0,7,60,2,941,941,1,5,5,2,0,0,1,0
1223911,1,2020,2020,4,0,6,193,27,64,94,0,1,1,-33.88148,151.024166,21,0,2,1,3,0,0,0,2,0,7,60,1,14295,14295,3,0,0,2,0,0,0,1
1223912,2,2020,2020,4,4,4,17,31,201,34609,0,1,10,-34.872355,150.601038,63,2,1,1,3,0,0,0,2,2,7,50,0,301,301,4,5,0,2,0,0,1,0
1223918,1,2020,2020,4,4,4,42,27,67,231,0,1,7,-33.398152,151.342598,16,2,2,1,0,0,0,0,2,0,0,50,2,14295,14295,3,33,5,2,0,0,0,1
1223919,4,2020,2020,4,1,3,2261,17,35,2252,0,1,2,-34.886009,148.221036,20,1,0,0,0,0,0,0,2,0,7,110,2,1957,4009,8,5,40,1,0,1,0,0
1223920,2,2020,2020,4,4,3,73,24,115,88,0,1,10,-33.749959,151.234903,50,0,2,1,1,0,0,0,2,2,7,70,2,6545,6545,4,5,13,2,0,0,1,0
1223923,2,2020,2020,4,3,5,22,31,37,47,0,1,9,-34.646239,150.774092,35,2,1,1,1,0,3,4,2,0,0,50,1,2852,2852,4,0,5,2,0,0,1,1
1223927,2,2020,2020,4,0,3,4,27,247,34609,1,0,1,-33.817522,150.951813,21,0,2,1,1,0,0,0,2,0,7,50,0,190,190,1,5,0,3,0,0,1,0
1223929,4,2020,2020,4,2,6,8,27,252,34609,0,1,9,-33.949062,150.856781,41,0,2,0,0,0,0,0,2,0,7,50,0,3775,3775,0,0,0,2,0,2,0,0
1223932,2,2020,2020,4,4,7,9,1,147,34609,0,1,10,-33.870209,151.135447,14,0,2,1,1,0,0,0,2,0,15,50,0,5929,5929,1,10,5,2,0,0,2,0
1223936,1,2020,2020,4,5,9,12,27,121,15,0,1,9,-33.788028,151.280565,50,0,2,1,0,0,0,0,3,0,7,50,1,9859,9859,1,5,5,2,0,0,0,1
1223940,2,2020,2020,4,4,9,5,1,54,34609,0,1,9,-33.721468,151.096304,31,0,2,0,1,0,0,0,2,0,7,50,0,5929,5929,1,5,5,2,0,0,1,0
1223942,4,2020,2020,4,6,0,330,23,36,34609,0,1,10,-32.963726,151.605045,37,0,2,1,2,0,0,0,0,0,15,50,0,6545,6545,4,30,13,2,0,1,0,0
1223944,4,2020,2020,3,2,5,23,27,7,47,0,1,1,-34.653488,150.703226,35,2,1,0,0,0,0,0,2,0,7,60,1,404,404,8,16,40,1,0,2,0,0
1223945,2,2020,2020,4,6,0,12,31,29,34609,0,1,10,-32.937543,151.76449,48,0,2,1,2,0,0,3,0,0,7,50,0,9859,9859,1,5,12,3,0,0,1,0
1223957,1,2020,2020,3,3,5,1,31,433,34609,0,1,1,-33.279809,149.120998,52,2,1,1,1,0,0,0,2,0,7,50,0,9859,9859,8,5,40,1,0,0,0,1
1223959,2,2020,2020,4,4,7,76,27,85,148,0,1,9,-32.933594,151.721558,48,0,2,1,0,0,0,0,2,0,7,60,1,5929,5929,1,5,5,2,0,0,2,0
1223960,2,2020,2020,3,4,8,95,31,77,33,1,0,1,-32.559509,151.178896,64,2,1,1,1,0,3,4,2,0,7,60,1,14295,14295,3,10,13,2,0,0,1,0
1223961,4,2020,2020,4,0,9,2,27,9,34609,0,1,9,-32.928962,151.326447,17,1,0,0,0,0,3,3,2,0,7,100,0,1259,5151,8,0,40,1,0,1,1,0
1223963,1,2020,2020,4,2,11,2,31,74,34609,0,1,9,-34.024491,150.774515,12,0,2,1,2,0,0,0,0,0,7,50,0,368,368,9,5,28,2,0,0,0,1
1223974,4,2020,2020,4,5,8,63,27,224,605,0,1,9,-33.811485,151.243935,45,0,2,0,1,0,0,0,2,0,0,60,2,1850,1463,5,16,40,1,0,1,0,0
1223979,2,2020,2020,3,6,7,229,14,323,237,0,1,3,-33.771624,150.983725,71,0,2,1,3,0,0,0,2,0,7,100,2,1192,1192,1,0,5,2,0,0,1,0
1223984,2,2020,2020,4,1,6,35,27,4,34609,0,1,9,-34.075369,150.538958,79,2,2,1,3,0,0,0,2,0,7,80,0,1981,1981,4,0,5,2,0,0,1,0
1223989,4,2020,2020,4,6,7,177,22,239,176,0,1,9,-34.0423,151.12235,68,0,2,1,3,0,0,0,2,0,0,60,2,2040,2040,9,9,28,2,0,1,0,0
1223994,1,2020,2020,4,6,6,2261,17,64,2252,0,1,9,-33.886043,151.06915,67,0,2,1,3,0,0,3,2,3,7,60,2,1282,1282,1,5,18,2,0,0,0,1
1224012,4,2020,2020,4,6,1,45,27,370,34609,0,1,1,-34.076046,150.824256,13,0,2,0,2,0,0,0,0,0,7,50,0,4552,5151,8,16,40,1,0,1,0,0
1224017,4,2020,2020,4,3,5,31,27,20,46,0,1,1,-33.472278,150.18618,40,2,1,0,0,0,0,0,2,0,7,60,2,2585,4009,8,16,40,1,0,1,0,0
1224019,1,2020,2020,4,1,4,42,10,24,34609,0,1,1,-32.88904,151.577762,37,0,2,0,0,0,3,4,2,0,7,80,0,4552,5151,8,5,40,1,0,0,0,1
1224036,2,2020,2020,4,5,2,1,1,28,34609,0,1,1,-34.092782,150.794515,13,0,2,0,1,0,0,0,1,0,7,50,0,4552,5151,8,10,40,1,0,0,1,0
1224037,4,2020,2020,4,6,7,500,27,129,799,0,1,9,-33.930888,151.065505,15,0,2,1,3,0,0,3,2,0,7,60,2,515,515,1,8,19,2,0,1,0,0
1224038,4,2020,2020,4,2,11,70,27,78,100,0,1,1,-33.694972,150.574742,8,2,2,0,2,0,3,4,0,0,7,60,2,2585,4009,8,5,40,1,0,1,0,0
1224039,1,2020,2020,4,6,7,28,27,346,63,0,1,7,-33.872375,151.087078,67,0,2,1,1,0,0,0,2,0,0,50,1,6545,6545,4,5,25,2,0,0,0,1
1224044,4,2020,2020,4,6,1,2,31,32,34609,0,1,9,-30.228012,151.673455,1,2,1,1,2,0,0,0,0,0,7,50,0,2585,777,8,16,40,1,0,1,0,0
1224054,4,2020,2020,4,6,7,11,31,133,34609,1,0,1,-34.502268,150.787688,80,0,2,1,3,0,0,0,2,0,7,50,0,4026,4026,8,0,40,1,0,1,0,0
1224062,2,2020,2020,4,4,11,35,27,193,33,0,1,9,-33.784139,151.093873,61,0,2,1,3,0,0,0,0,0,15,60,1,1391,1391,1,5,19,2,0,0,1,0
1224064,2,2020,2020,4,4,8,5,31,82,34609,0,1,1,-31.081874,150.931128,70,2,1,1,3,0,0,0,2,0,7,50,0,186,186,1,0,13,2,0,0,1,0
1224066,4,2020,2020,4,0,4,171,27,24,369,0,1,9,-34.014458,150.724024,12,0,2,1,1,0,0,0,2,2,7,80,2,6545,6545,4,0,25,2,0,1,0,0
1224069,1,2020,2020,4,2,4,4,1,155,95,0,1,9,-33.139775,148.151809,53,2,1,0,1,0,0,0,2,0,0,50,2,4552,5151,8,2,40,1,0,0,0,1
1224073,4,2020,2020,4,5,8,2261,17,24,2252,0,1,3,-34.412153,150.501261,78,1,0,1,1,0,0,0,2,0,7,110,2,9859,9859,8,5,40,1,0,1,0,0
1224075,1,2020,2020,4,2,7,55,31,562,34609,0,1,7,-32.245343,148.604187,22,2,1,1,0,0,0,0,2,0,9,50,0,2040,2040,9,5,28,2,0,0,0,1
1224076,4,2020,2020,4,6,9,3371,17,18,3342,0,1,2,-30.914839,152.903234,34,1,0,1,0,0,0,3,2,0,7,110,2,4026,4026,8,29,40,1,0,1,0,0
1224077,4,2020,2020,4,5,10,128,27,363,133,0,1,10,-33.760636,150.684264,55,0,2,1,2,0,0,0,0,2,7,60,2,5929,5929,1,0,19,2,0,1,0,0
1224081,4,2020,2020,4,6,4,69,31,646,563,0,1,9,-33.916603,151.041085,15,0,2,1,1,0,0,0,2,2,7,60,2,14295,14295,3,16,10,2,0,1,0,0
1224083,4,2020,2020,4,1,3,2126,17,90,2149,0,1,10,-33.711373,150.312667,8,2,2,1,0,0,0,1,2,2,7,70,2,14295,14295,3,5,13,2,0,1,1,0
1224086,4,2020,2020,4,4,3,3371,17,35,3342,0,1,2,-32.113743,152.370722,43,1,0,1,3,0,0,0,1,0,7,100,2,9859,9859,8,33,40,1,0,1,0,0
1224087,4,2020,2020,4,0,8,916,17,11,917,0,1,1,-32.482588,151.09358,64,1,0,0,3,0,3,4,2,0,7,100,2,52,52,6,10,40,1,0,1,0,0
1224090,2,2020,2020,4,6,8,35,10,463,34609,1,0,1,-30.300645,153.120305,19,2,1,1,3,0,0,0,2,0,7,50,0,14295,14295,3,30,5,3,0,0,1,0
1224094,4,2020,2020,4,6,0,8,31,32,11,0,1,9,-32.360579,149.523604,44,2,1,0,2,0,0,0,0,0,7,50,1,2585,4009,8,16,40,1,0,1,0,0
1224095,2,2020,2020,4,6,7,11,10,26,34609,0,1,1,-33.756741,150.876105,7,0,2,0,1,0,0,0,2,0,7,50,0,2585,4009,1,5,0,2,0,0,1,0
1224096,2,2020,2020,4,5,9,5,31,207,34609,0,1,10,-31.977087,141.442247,51,2,1,1,0,0,0,0,3,0,7,50,0,1089,1089,7,16,40,1,0,0,1,0
1224100,1,2020,2020,3,1,4,25,27,2,143,0,1,1,-33.377059,149.596382,3,1,0,0,3,0,3,4,2,0,7,100,2,380,714,5,5,40,1,0,0,0,1
1224102,2,2020,2020,4,6,7,1,31,12,34609,0,1,1,-35.65993,145.809201,51,2,1,1,3,0,0,0,2,0,7,50,0,9859,9859,8,5,40,1,0,0,1,0
1224103,4,2020,2020,3,6,4,3,31,16,34609,1,2,1,-33.72738,151.28331,50,0,2,1,3,0,0,0,2,0,7,40,0,9859,9859,1,5,5,3,0,1,0,0
1224105,1,2020,2020,4,0,6,3371,17,58,3342,0,1,7,-32.781869,151.739167,57,2,1,1,3,0,0,0,2,0,7,70,2,1391,1391,1,0,5,2,0,0,0,1
1224107,4,2020,2020,4,5,4,330,27,65,605,0,1,9,-33.710007,151.29581,50,0,2,1,3,0,0,0,2,2,7,70,2,14295,14295,3,9,13,4,0,1,1,1
1224110,4,2020,2020,3,5,7,177,22,239,176,0,1,9,-34.036823,151.117091,68,0,2,1,3,0,0,0,2,0,0,60,2,14295,14295,3,5,13,3,0,1,0,0
1224111,2,2020,2020,4,0,11,1,31,38,34609,0,1,1,-33.772885,150.792833,55,0,2,1,3,0,0,0,0,0,7,50,0,4026,4026,1,21,13,2,0,0,1,0
1224120,4,2020,2020,3,4,4,5,31,155,34609,0,1,10,-33.140246,148.176768,53,2,1,1,1,0,0,0,2,0,0,50,0,6545,6545,4,0,13,2,0,1,2,0
1224131,2,2020,2020,4,2,6,82,27,84,181,0,1,1,-33.894417,151.266917,76,0,2,1,1,0,0,0,2,0,7,50,2,1391,1391,1,0,33,2,0,0,1,0
1224135,2,2020,2020,4,0,11,57,27,11,75,0,1,1,-33.494028,151.299323,16,2,2,1,0,0,3,4,0,0,7,60,1,3775,3775,0,5,5,2,0,0,1,1
1224140,4,2020,2020,4,0,6,1104,14,39,962,0,1,3,-33.782882,150.746162,55,0,2,1,0,0,0,0,2,0,7,110,2,9859,9859,8,11,40,1,0,1,0,0
1224142,2,2020,2020,4,2,7,61,31,41,45,0,1,1,-33.870353,150.984436,24,0,2,1,1,0,0,0,2,0,7,60,1,1981,1981,4,5,5,2,0,0,1,0
1224147,2,2020,2020,4,6,6,21,10,89,34609,0,1,10,-28.211634,153.544876,72,2,1,1,1,0,0,0,2,2,7,50,0,9859,9859,8,5,40,1,0,0,1,0
1224149,2,2020,2020,4,5,6,46,36,9,46,0,1,1,-32.699444,149.057876,22,1,0,1,0,0,0,3,2,0,7,100,1,9859,9859,8,0,40,1,0,0,2,0
1224152,1,2020,2020,4,5,4,11,27,38,28,0,1,9,-33.948296,151.071518,25,0,2,0,3,0,0,0,2,0,9,50,1,5929,5929,1,5,5,2,0,0,0,1
1224156,1,2020,2020,3,2,6,220,27,92,222,0,1,9,-33.73275,150.943361,71,0,2,1,3,0,0,0,2,2,7,80,2,14295,14295,3,5,5,2,0,0,0,1
1224158,2,2020,2020,4,0,7,515,14,197,518,0,1,3,-33.943608,151.074854,15,0,2,1,3,0,0,0,2,0,7,100,2,14295,14295,3,0,36,2,0,0,1,0
1224160,1,2020,2020,3,3,3,23,27,16,49,0,1,1,-29.898258,151.113678,33,1,0,1,3,0,0,0,2,0,7,100,1,945,945,5,9,40,1,0,0,0,1
1224163,1,2020,2020,4,5,9,103,27,176,167,0,1,9,-33.970856,151.136311,4,0,2,1,3,0,0,0,3,0,0,60,2,2852,2852,4,5,5,2,0,0,0,1
1224169,4,2020,2020,4,4,3,57,31,176,165,1,0,9,-33.962192,151.134076,25,0,2,1,1,0,3,4,2,0,7,50,1,1109,787,1,5,5,3,0,1,0,0
1224171,2,2020,2020,4,6,6,10,10,49,34609,0,1,1,-33.906132,150.851596,41,0,2,1,1,0,0,0,2,0,7,60,0,190,190,1,30,35,2,0,0,1,0
1224173,4,2020,2020,4,2,8,57,27,172,126,0,1,1,-32.750928,151.598019,42,2,1,1,1,0,3,4,2,0,7,50,2,1981,1981,4,5,13,2,0,1,0,1
1224174,2,2020,2020,4,4,7,4,31,95,34609,1,2,1,-34.398219,150.886632,80,0,2,1,1,0,0,0,2,0,7,40,0,340,340,9,21,28,2,0,0,1,0
1224180,4,2020,2020,4,0,1,118,17,3,118,0,1,9,-30.004288,148.612998,51,1,0,1,0,0,3,4,0,0,7,100,2,489,489,8,26,40,1,0,1,0,0
1224187,4,2020,2020,3,3,8,147,27,25,34609,0,1,9,-33.869506,151.281472,76,0,2,1,1,0,0,3,2,0,0,50,0,2040,2040,9,5,28,2,0,1,0,0
1224193,2,2020,2020,4,3,1,3371,17,14,3342,0,1,1,-28.939998,153.46971,2,2,1,1,0,0,0,0,0,0,7,80,2,9859,9859,8,0,40,1,0,0,1,0
1224195,2,2020,2020,4,3,4,15,27,22,34609,0,1,1,-35.149344,149.957231,26,2,1,0,0,0,0,0,2,0,7,80,0,3775,3775,0,5,0,2,0,0,1,0
1224200,1,2020,2020,4,1,8,222,31,131,212,0,1,9,-33.786777,151.181382,77,0,2,1,0,0,0,0,2,2,7,60,2,2852,2852,4,5,5,2,0,0,0,1
1224203,2,2020,2020,4,6,7,2,27,96,19,0,1,1,-33.37059,147.997625,51,2,1,1,0,0,0,0,2,0,7,80,1,9859,9859,8,0,40,1,0,0,2,0
1224211,2,2020,2020,4,6,5,35,27,100,34609,0,1,1,-33.895337,150.882269,24,0,2,1,1,0,0,0,2,0,7,60,0,941,941,1,10,25,2,0,0,1,0
1224268,4,2020,2020,4,5,10,70,27,17,100,0,1,1,-33.66694,150.65158,8,2,2,1,2,0,0,0,0,0,7,60,2,1669,1669,3,33,19,2,0,1,0,0
1224269,4,2020,2020,4,3,0,330,23,36,34609,0,1,10,-32.963726,151.605045,37,0,2,1,2,0,0,0,0,0,15,50,0,6545,6545,4,5,0,3,0,2,2,1
1224270,2,2020,2020,4,0,4,1052,14,36,928,0,1,3,-33.425504,151.231767,16,1,2,0,0,0,3,4,2,0,7,110,2,14295,14295,3,5,40,3,0,0,1,0
1224271,2,2020,2020,4,5,4,92,27,21,36,0,1,1,-35.73007,150.197092,23,2,1,1,1,0,0,0,2,0,7,50,1,1282,1282,1,16,27,3,0,0,1,0
1224280,4,2020,2020,4,4,5,4,31,137,34609,0,1,1,-34.031765,151.056127,68,0,2,1,1,0,0,0,2,0,7,50,0,1945,1945,5,15,40,1,0,1,0,0
1224284,4,2020,2020,4,2,10,103,36,6,157,0,1,1,-28.693423,152.990703,51,1,0,1,0,0,0,0,0,0,7,100,2,9859,9859,8,5,40,1,0,1,0,0
1224286,2,2020,2020,4,4,8,33,27,96,34609,0,1,10,-35.346025,149.224933,58,2,1,0,1,0,0,0,2,0,15,60,0,6545,6545,4,5,5,2,0,0,1,0
1224290,4,2020,2020,4,3,8,51,27,72,34609,0,1,9,-33.785824,151.052984,54,0,2,1,0,0,3,4,2,0,7,50,0,9859,9859,8,30,40,1,0,1,0,0
1224293,1,2020,2020,4,3,8,60,27,77,44,0,1,1,-33.872417,150.937416,24,0,2,1,1,0,0,0,2,0,7,50,1,2040,2040,9,5,28,2,0,0,0,1
1224296,2,2020,2020,4,6,7,7,31,176,34609,0,1,7,-33.966598,151.131841,25,0,2,1,3,0,0,0,2,0,9,50,0,2040,2040,9,5,28,2,0,0,1,0
1224298,1,2020,2020,4,6,9,2126,17,161,2149,0,1,9,-33.888182,151.157613,32,0,2,1,1,0,0,0,3,2,7,60,2,775,775,4,15,5,2,0,0,0,1
1224300,4,2020,2020,4,5,3,1,18,115,34609,0,1,9,-33.959006,151.062544,25,0,2,1,1,0,0,0,2,0,4,50,0,237,162,8,15,40,1,0,1,0,0
1224309,2,2020,2020,4,5,10,10,23,77,44,1,0,9,-33.721983,151.088574,31,0,2,1,3,0,0,0,0,2,7,60,1,5929,5929,1,5,5,2,0,0,1,0
1224311,1,2020,2020,3,3,8,2209,17,176,2205,1,0,9,-33.968969,151.136161,4,0,2,0,3,0,0,0,2,2,7,60,2,14295,14295,3,5,5,2,0,0,0,1
1224318,1,2020,2020,4,4,6,11,27,87,34609,0,1,1,-33.69888,150.958477,71,0,2,1,3,0,0,0,2,0,7,50,0,1981,1981,4,9,0,2,0,0,0,1
1224319,1,2020,2020,3,0,8,344,27,42,163,0,1,2,-33.734151,150.850058,7,0,2,1,3,0,3,4,2,0,7,70,2,14295,14295,3,5,0,2,0,0,0,1
1224321,2,2020,2020,3,4,5,3371,17,49,3342,0,1,2,-33.206672,151.516557,16,2,2,0,3,0,3,4,2,0,7,70,2,4552,5151,8,0,40,1,0,0,1,0
1224325,1,2020,2020,3,4,7,18,27,9,41,0,1,1,-33.297622,148.996739,11,1,0,1,3,0,0,0,2,0,7,100,1,14295,14295,3,10,36,2,0,0,0,1
1224332,4,2020,2020,3,1,6,3371,17,43,3342,0,1,7,-30.461479,153.003632,6,2,1,1,0,0,0,0,2,0,0,60,2,1945,1945,5,16,40,1,0,1,0,0