Crash ID,Degree of crash - detailed,Reporting year,Year of crash,Month of crash,Day of week of crash,Two-hour intervals,Street of crash,Street type,Town,Route no.,School zone location,School zone active,Type of location,Latitude,Longitude,LGA,Urbanisation,Conurbation 1,Alignment,Street lighting,Road surface,Surface condition,Weather,Natural lighting,Signals operation,Other traffic control,Speed limit,Road classification,RUM - code,DCA - code,First impact type,Key TU type,Other TU type,No. of traffic units involved,No. killed,No. seriously injured,No. moderately injured,No. minor-other injured
1224333,4,2020,2020,4,1,4,475,10,83,268,0,1,9,-33.874737,150.838882,24,0,2,0,1,0,0,0,2,0,7,80,2,1669,1669,3,21,0,2,0,2,0,0
1224334,2,2020,2020,4,3,0,153,27,197,147,0,1,9,-33.956233,151.077025,25,0,2,1,2,0,0,0,0,0,7,60,2,323,323,1,5,5,2,0,0,1,0
1224335,2,2020,2020,3,0,11,21,27,148,60,0,1,10,-36.036705,146.96595,0,2,1,1,2,0,0,0,0,2,7,60,1,6545,6545,4,34,5,2,0,0,1,0
1224336,2,2020,2020,4,4,6,2126,17,27,2149,0,1,2,-33.708515,150.349766,8,2,2,1,0,0,0,0,2,0,7,80,2,14295,14295,3,10,5,3,0,0,1,0
1224341,2,2020,2020,3,5,7,36,27,4,39,0,1,1,-32.395848,149.398099,44,1,0,0,0,0,3,4,2,0,7,100,2,1259,5151,8,29,40,1,0,0,1,0
1224344,4,2020,2020,4,3,11,125,27,443,34609,0,1,1,-33.903368,151.062837,15,0,2,1,2,0,0,0,0,0,7,50,0,220,220,1,5,0,3,0,1,0,0
1224348,4,2020,2020,4,3,4,10,27,18,34609,0,1,1,-34.05501,151.139988,68,0,2,1,0,0,0,0,2,0,7,50,0,941,941,1,0,27,2,0,1,0,0
1224349,1,2020,2020,3,6,4,2261,17,93,2252,0,1,2,-36.071948,146.931187,0,1,0,1,0,0,0,0,2,0,7,110,2,9859,9859,8,5,40,1,0,0,0,1
1224351,2,2020,2020,4,4,10,500,27,106,799,0,1,10,-33.922206,151.094878,15,0,2,1,2,0,3,4,0,2,9,60,2,2040,2040,9,5,28,2,0,0,1,0
1224354,4,2020,2020,3,3,8,2126,17,65,2149,0,1,1,-33.537037,150.16066,40,2,1,0,0,0,3,4,2,0,7,80,2,2585,4009,8,9,40,1,0,1,0,0
1224356,1,2020,2020,4,0,3,78,17,15,58,0,1,1,-35.122368,149.045159,82,1,0,1,0,0,0,0,2,0,7,100,2,3775,3775,0,34,13,3,0,0,0,2
1224360,1,2020,2020,4,2,10,126,27,23,168,0,1,9,-34.060859,150.783361,13,0,2,1,2,0,3,4,0,3,6,80,2,9859,9859,8,5,40,1,0,0,0,1
1224364,1,2020,2020,4,2,8,330,23,6,233,0,1,9,-33.987897,151.232069,59,0,2,1,1,0,0,0,2,0,0,50,1,1945,1945,5,16,40,1,0,0,0,1
1224365,2,2020,2020,4,2,4,5,31,31,39,0,1,1,-30.95625,148.393567,51,2,1,1,1,0,0,0,2,0,7,60,1,238,238,9,10,28,2,0,0,1,0
1224369,1,2020,2020,4,6,3,55,10,96,47,0,1,9,-33.433979,151.390961,16,2,2,1,3,0,0,0,2,0,2,60,2,775,775,4,0,27,2,0,0,0,1
1224372,4,2020,2020,3,1,5,1,1,215,34609,0,1,1,-35.120317,147.357052,75,2,1,1,3,0,0,0,2,0,7,50,0,1109,397,1,5,5,4,0,1,0,0
1224373,1,2020,2020,3,5,9,48,31,137,34609,0,1,10,-32.967489,151.696421,37,0,2,1,3,0,0,0,3,0,15,50,0,6545,6545,4,5,25,2,0,0,0,1
1224384,1,2020,2020,3,6,0,13,27,131,212,0,1,9,-33.778109,151.194928,36,0,2,0,3,0,0,0,0,0,7,60,2,3775,3775,0,5,5,2,0,0,0,1
1224387,1,2020,2020,4,2,3,81,27,55,115,0,1,9,-33.79632,150.897235,7,0,2,1,3,0,0,0,2,0,7,60,2,2852,2852,4,34,5,2,0,0,0,1
1224395,1,2020,2020,3,1,4,118,31,188,34609,0,1,1,-33.931867,151.090694,15,0,2,1,3,0,3,4,2,0,7,50,0,14295,14295,3,5,5,2,0,0,0,1
1224396,2,2020,2020,3,4,3,18,10,79,34609,0,1,10,-34.001209,150.739563,12,0,2,1,3,0,3,4,2,0,7,50,0,926,926,4,5,13,2,0,0,1,0
1224399,2,2020,2020,3,0,4,19,27,201,42,0,1,7,-34.887062,150.600653,63,2,1,0,3,0,3,4,2,0,0,60,1,1669,1669,3,5,19,2,0,0,1,0
1224403,1,2020,2020,4,5,7,3,31,69,34609,0,1,9,-28.559507,153.492849,10,2,1,1,3,0,0,0,2,0,0,50,0,395,395,1,0,36,2,0,0,0,1
1224409,1,2020,2020,4,4,7,230,27,197,284,0,1,2,-33.785376,151.119173,61,0,2,1,3,0,0,0,2,0,0,70,2,1391,1391,1,5,5,2,0,0,0,1
1224413,2,2020,2020,3,0,7,2126,17,65,2149,0,1,1,-33.537037,150.16066,40,2,1,0,0,0,3,4,2,0,7,80,2,1192,1192,1,30,5,2,0,0,1,0
1224417,2,2020,2020,3,3,5,90,36,15,102,0,1,1,-34.549068,148.349324,30,2,1,1,0,0,3,0,2,0,7,60,2,1945,1945,5,16,40,1,0,0,1,0
1224420,2,2020,2020,3,0,9,478,17,96,480,1,0,9,-33.438673,151.379751,16,2,2,1,0,0,3,4,3,2,7,50,2,5929,5929,1,0,13,2,0,0,1,0
1224422,4,2020,2020,4,5,7,3,1,70,166,0,1,9,-33.254794,151.503238,16,2,2,0,0,2,0,0,2,0,7,50,2,1669,1669,3,9,5,2,0,1,0,0
1224435,4,2020,2020,3,2,5,93,1,523,34609,0,1,9,-33.926552,150.900543,41,0,2,1,1,0,3,4,2,2,8,50,0,926,926,4,5,33,2,0,3,1,2
1224436,2,2020,2020,3,1,6,2,1,234,34609,0,1,1,-34.282643,146.041918,28,2,1,0,1,0,0,3,2,0,7,50,0,1981,1981,4,5,5,3,0,0,3,0
1224438,4,2020,2020,3,1,3,123,27,111,25,0,1,10,-33.914433,151.249352,59,0,2,1,1,0,3,4,2,2,7,50,1,9859,9859,8,9,40,1,0,1,0,0
1224440,4,2020,2020,3,4,2,6,27,27,34609,0,1,1,-32.888275,151.78263,48,0,2,1,2,0,0,0,1,0,7,60,0,5929,5929,1,9,19,2,0,1,0,0
1224441,4,2020,2020,4,3,9,387,27,290,331,0,1,10,-33.948206,151.127863,4,0,2,1,1,0,0,0,2,2,7,60,2,5929,5929,1,5,5,2,0,1,0,0
1224443,2,2020,2020,3,4,8,8,10,30,34609,0,1,10,-32.75576,151.633191,42,2,1,1,1,0,3,4,2,0,0,50,0,6545,6545,4,5,0,2,0,0,1,0
1224447,4,2020,2020,3,1,5,30,27,646,34609,0,1,9,-33.932587,151.026489,15,0,2,1,0,0,0,0,2,0,7,50,0,1220,1220,9,5,28,2,0,1,0,0
1224449,2,2020,2020,3,5,8,1,23,42,34609,0,1,10,-35.993044,146.388651,51,2,1,1,1,0,0,0,2,0,0,50,0,1669,1669,3,5,5,2,0,0,2,0
1224451,2,2020,2020,3,1,8,1,31,78,34609,0,1,1,-34.480093,150.845732,80,0,2,1,1,0,0,0,2,0,7,50,0,1383,1383,1,22,13,2,0,0,1,0
1224453,2,2020,2020,3,1,0,829,27,125,770,0,1,2,-33.825326,151.125902,61,0,2,0,1,0,3,4,0,0,7,60,2,3775,3775,0,10,5,2,0,0,1,1
1224456,2,2020,2020,4,1,9,31,1,201,34609,0,1,1,-34.014516,150.865793,13,0,2,0,0,0,0,0,2,0,7,50,0,312,312,2,33,40,1,0,0,1,0
1224457,1,2020,2020,3,0,10,344,27,61,163,1,0,9,-33.758616,150.895834,7,0,2,1,2,0,3,4,0,2,7,60,2,14295,14295,3,5,0,2,0,0,0,3
1224461,4,2020,2020,3,2,4,15,27,609,34609,0,1,1,-33.788298,150.905879,7,0,2,1,1,0,3,4,2,0,7,50,0,3775,3775,0,16,41,2,0,1,0,0
1224466,4,2020,2020,4,0,7,3,27,103,34609,0,1,1,-34.299052,148.286183,30,1,0,1,0,2,0,0,2,0,7,100,0,9859,9859,8,5,40,1,0,1,0,0
1224467,4,2020,2020,4,4,8,3371,17,21,3342,0,1,2,-31.976683,152.466259,43,1,0,0,0,0,3,4,2,0,7,110,2,1957,4009,8,10,40,1,0,1,0,0
1224468,1,2020,2020,3,5,6,16,27,90,34609,0,1,1,-33.889414,151.254809,81,0,2,1,1,0,0,0,2,0,7,50,0,14295,14295,3,30,36,3,0,0,0,1
1224471,2,2020,2020,3,2,6,44,27,89,38,1,0,10,-33.867016,150.889496,24,0,2,1,1,0,0,0,2,2,9,60,1,6545,6545,4,10,5,3,0,0,2,0
1224478,4,2020,2020,4,5,5,24,31,314,34609,0,1,7,-33.854851,150.921417,24,0,2,1,1,0,0,0,2,0,0,50,0,6545,6545,4,5,5,2,0,1,0,0
1224480,4,2020,2020,4,4,3,19,1,132,148,0,1,2,-34.053561,151.048674,68,0,2,0,1,0,0,0,2,0,0,80,2,14295,14295,3,16,0,2,0,1,0,0
1224481,2,2020,2020,3,1,8,36,27,39,83,0,1,1,-29.428515,153.32108,18,2,1,1,0,0,0,0,2,0,7,50,1,4026,4026,8,0,40,1,0,0,1,0
1224492,2,2020,2020,4,4,8,2261,17,187,2252,0,1,10,-33.88956,150.973286,15,0,2,1,3,0,0,0,2,2,7,60,2,1669,1669,3,5,5,2,0,0,1,0
1224505,4,2020,2020,4,2,7,29,31,60,34609,1,0,9,-33.83451,151.151788,51,0,2,1,0,0,0,0,2,0,9,50,0,9859,9859,8,5,40,1,0,1,0,0
1224507,4,2020,2020,4,0,10,3,1,290,34609,0,1,9,-33.856369,150.974335,21,0,2,1,1,0,0,0,3,0,7,50,0,1109,787,1,5,5,2,0,1,2,0
1224509,2,2020,2020,4,2,2,2126,17,5,2149,0,1,1,-33.450938,149.771189,3,1,0,0,0,0,0,0,0,0,7,100,2,1089,1089,7,10,40,1,0,0,2,0
1224513,4,2020,2020,4,5,11,4,27,204,34609,0,1,1,-33.890948,150.930035,24,0,2,1,2,0,0,0,0,0,7,50,0,9859,9859,1,0,5,4,0,1,0,0
1224519,2,2020,2020,4,1,5,149,36,21,81,0,1,1,-32.127083,152.488716,43,1,0,1,0,0,0,0,2,0,7,100,2,3775,3775,0,8,0,2,0,0,1,0
1224523,4,2020,2020,4,2,11,346,17,14,332,0,1,1,-28.888055,152.555909,51,1,0,0,0,0,0,0,0,0,7,100,2,1259,5151,8,5,40,1,0,1,0,0
1224526,1,2020,2020,4,2,7,20,22,121,49,0,1,9,-33.79274,151.286977,50,0,2,1,1,0,0,0,2,0,7,40,1,340,340,9,5,28,2,0,0,0,1
1224527,2,2020,2020,4,6,8,3,10,42,34609,0,1,9,-33.694197,150.935139,71,0,2,1,3,0,0,0,2,0,7,50,0,1109,397,1,5,5,2,0,0,1,0
1224531,4,2020,2020,4,0,7,11,31,122,34609,0,1,10,-33.422638,151.340302,16,2,2,1,1,0,0,0,2,0,0,50,0,5929,5929,1,5,18,2,0,2,0,0
1224532,4,2020,2020,4,0,9,3371,17,42,3342,0,1,2,-33.823941,151.197387,49,0,2,1,2,0,0,0,3,0,7,60,2,1282,1282,1,5,27,2,0,1,0,0
1224536,1,2020,2020,3,5,4,2126,17,125,2149,0,1,9,-33.865099,151.086086,67,0,2,1,3,0,0,0,2,0,0,60,2,14295,14295,3,10,5,2,0,0,0,1
1224538,1,2020,2020,4,4,5,2,31,138,34609,0,1,1,-33.877026,151.272373,76,0,2,1,3,0,0,0,2,0,7,50,0,1981,1981,4,5,5,4,0,0,0,1
1224549,1,2020,2020,3,3,4,3,27,110,34609,0,1,7,-33.775288,151.011732,54,0,2,1,3,0,3,0,2,0,0,50,0,301,301,4,8,5,2,0,0,0,1
1224552,4,2020,2020,4,5,4,46,1,20,165,0,1,7,-33.972348,151.094642,25,0,2,1,3,0,0,0,2,0,0,50,1,6545,6545,4,0,41,2,0,1,0,0
1224553,1,2020,2020,4,1,2,5,31,134,36,0,1,9,-33.521482,151.319881,16,2,2,1,3,0,0,0,0,0,7,50,1,1109,397,1,5,5,2,0,0,0,2
1224556,1,2020,2020,3,5,6,866,17,247,793,0,1,9,-33.833294,150.959411,21,0,2,1,3,0,0,0,2,0,0,70,2,775,775,4,5,5,2,0,0,0,1
1224558,2,2020,2020,3,2,2,2209,17,79,2205,0,1,10,-33.978474,151.122511,25,0,2,1,3,0,3,4,1,2,7,70,2,6545,6545,4,5,5,3,0,0,2,0
1224560,1,2020,2020,4,5,3,27,27,102,28,0,1,2,-33.94554,151.188486,4,0,2,1,3,0,0,0,2,0,7,70,2,1383,1383,1,0,5,2,0,0,0,1
1224571,2,2020,2020,3,4,3,1,22,463,34609,0,1,9,-30.278431,153.096944,19,2,1,1,1,0,3,4,2,0,7,50,0,1109,397,1,10,19,2,0,0,1,0
1224573,4,2020,2020,4,1,5,2209,17,77,2205,0,1,2,-33.923556,151.162134,32,0,2,1,1,0,0,0,2,0,7,60,2,1282,1282,1,5,19,2,0,1,0,0
1224574,2,2020,2020,4,2,6,1104,11,130,770,0,1,3,-33.871165,151.192244,69,0,2,0,0,0,3,4,2,0,7,60,2,2585,4009,8,5,40,1,0,0,1,0
1224575,1,2020,2020,3,6,1,2261,17,70,2252,0,1,2,-34.74126,149.911452,26,1,0,0,0,0,0,0,0,0,7,110,2,4552,5151,8,29,40,1,0,0,0,1
1224577,2,2020,2020,3,2,9,3371,17,19,3342,0,1,2,-31.881054,152.552245,43,1,0,0,0,0,3,4,3,0,7,100,2,380,714,5,29,40,1,0,0,1,0
1224578,2,2020,2020,4,4,2,255,27,71,166,1,0,10,-33.266851,151.549576,16,2,2,1,1,0,0,0,1,2,7,50,2,6545,6545,4,5,0,3,0,0,2,1
1224581,4,2020,2020,4,2,5,251,27,64,212,1,0,2,-33.759402,151.219038,50,0,2,1,1,0,0,0,2,0,7,70,2,14295,14295,3,16,13,2,0,1,0,0
1224583,4,2020,2020,3,6,8,125,27,38,144,0,1,2,-32.791339,151.955055,57,1,0,1,1,0,0,0,2,0,7,100,2,101,101,8,16,5,2,0,1,0,0
1224587,4,2020,2020,4,5,2,57,27,155,75,0,1,1,-33.495615,151.295601,16,2,2,0,0,0,3,1,1,0,7,60,1,4552,5151,8,5,40,1,0,1,0,0
1224588,2,2020,2020,4,4,3,213,17,7,213,0,1,1,-29.461023,152.429002,18,1,0,0,0,0,0,0,2,0,7,100,2,1957,4009,8,10,40,1,0,0,2,0
1224589,2,2020,2020,3,3,10,89,36,10,81,0,1,1,-34.648413,148.810843,82,1,0,0,0,0,0,0,2,0,7,100,2,1089,1089,7,10,40,1,0,0,1,0
1224598,1,2020,2020,4,5,8,134,10,157,133,0,1,2,-33.797486,151.014363,54,0,2,0,1,0,0,0,2,0,7,90,2,1391,1391,1,10,0,3,0,0,0,1
1224599,2,2020,2020,4,0,5,334,17,316,308,0,1,7,-31.448409,152.879327,56,2,1,0,1,0,0,0,2,0,0,70,2,14295,14295,3,0,5,2,0,0,1,0
1224600,4,2020,2020,4,0,7,3,10,60,34609,0,1,1,-34.029106,150.741035,12,0,2,1,1,0,0,0,2,0,7,50,0,340,340,9,5,28,2,0,1,0,0
1224607,4,2020,2020,4,3,8,346,17,12,332,0,1,1,-28.849975,152.797464,51,1,0,0,0,0,0,0,2,0,7,100,2,4552,5151,8,10,40,1,0,1,0,0
1224610,1,2020,2020,4,0,8,54,27,646,30,0,1,10,-33.914737,151.036989,15,0,2,1,1,0,0,0,2,2,9,60,1,623,623,3,30,5,2,0,0,0,1
1224612,1,2020,2020,3,4,4,46,27,148,43,0,1,10,-36.049647,146.931767,0,2,1,1,1,0,0,0,2,2,7,60,1,6545,6545,4,5,0,2,0,0,0,2
1224619,2,2020,2020,3,1,10,45,27,304,96,0,1,10,-33.901525,151.153425,32,0,2,1,2,0,0,0,0,2,7,60,2,1220,1220,9,5,28,2,0,0,1,0
1224622,2,2020,2020,4,0,8,255,27,103,76,1,0,9,-32.942477,151.665956,37,0,2,1,1,0,3,0,2,0,0,60,1,3775,3775,0,5,25,2,0,0,1,0
1224623,2,2020,2020,3,4,6,3371,17,65,3342,0,1,2,-30.388091,153.038491,19,1,0,0,0,0,3,4,2,0,7,110,2,14295,14295,3,10,5,3,0,0,1,0
1224634,2,2020,2020,4,5,4,78,31,70,34609,0,1,1,-33.972607,151.106785,25,0,2,1,1,0,0,0,2,0,7,50,0,1981,1981,4,9,18,2,0,0,1,0
1224641,4,2020,2020,4,3,2,77,31,445,34609,0,1,1,-33.865394,151.0435,21,0,2,1,2,0,3,3,1,0,7,50,0,1945,1945,5,16,40,1,0,1,0,0
1224643,1,2020,2020,4,5,0,1,1,10,34609,0,1,1,-34.167254,142.16774,51,2,1,1,0,0,0,0,0,0,7,80,0,9859,9859,8,5,40,1,0,0,0,1
1224644,1,2020,2020,4,4,6,3371,17,42,3342,0,1,10,-33.823975,151.192498,77,0,2,1,0,0,0,0,2,3,7,60,2,1850,985,5,16,40,1,0,0,0,1
1224645,2,2020,2020,3,3,7,71,27,10,69,0,1,1,-36.350482,148.547529,65,2,1,0,0,0,3,4,2,0,7,80,2,1957,4009,8,5,40,1,0,0,2,0
1224650,2,2020,2020,4,4,7,387,27,433,40,0,1,2,-33.31587,149.091498,52,2,1,1,0,0,0,0,2,2,9,60,1,1981,1981,4,5,12,2,0,0,1,0
1224652,2,2020,2020,4,6,3,27,27,17,62,0,1,1,-30.259591,153.050465,19,2,1,0,3,0,3,4,1,0,7,80,1,4552,5151,8,5,40,1,0,0,1,0
1224659,4,2020,2020,4,4,5,171,1,80,104,0,1,9,-33.945378,151.221638,4,0,2,1,1,0,0,0,2,2,7,70,2,5929,5929,1,5,25,2,0,1,0,0
1224662,2,2020,2020,4,6,7,8,7,36,22,0,1,10,-33.880401,151.179674,69,0,2,0,0,0,0,0,2,2,7,60,2,1259,5151,8,16,40,1,0,0,1,0
1224665,2,2020,2020,4,5,3,36,31,162,34609,0,1,9,-33.839687,150.913513,24,0,2,0,0,0,0,0,2,0,15,60,0,775,775,4,9,0,2,0,0,1,1
1224666,4,2020,2020,3,6,5,15,27,14,46,0,1,1,-34.935994,150.693018,63,2,1,0,1,0,3,4,2,0,7,80,1,1957,4009,8,5,40,1,0,1,0,0
1224670,4,2020,2020,3,4,7,6,31,84,34609,0,1,9,-33.816348,150.991064,21,0,2,1,1,0,0,0,2,0,7,50,0,1220,1220,9,0,28,2,0,1,0,0
1224674,2,2020,2020,4,2,4,92,10,50,34609,0,1,4,-34.350125,150.919505,80,0,2,0,1,0,3,4,2,0,7,40,0,1850,1463,5,22,40,1,0,0,1,0
1224678,1,2020,2020,3,1,6,52,27,188,53,0,1,1,-33.938018,151.100489,15,0,2,1,1,0,0,0,2,0,7,50,1,5929,5929,1,30,5,2,0,0,0,1
1224679,4,2020,2020,4,2,7,54,27,646,30,0,1,10,-33.914742,151.03688,15,0,2,1,2,0,3,4,2,2,7,60,1,5929,5929,1,21,5,2,0,1,0,0
1224683,4,2020,2020,4,6,0,79,27,145,159,0,1,10,-33.92773,151.108917,15,0,2,1,2,0,0,0,0,2,7,60,2,4552,985,8,5,40,1,0,1,0,0
1224685,2,2020,2020,4,1,5,294,17,15,288,0,1,7,-34.52026,144.840589,51,2,1,0,1,0,3,4,2,0,0,60,2,1259,5151,8,10,40,1,0,0,1,0
1224686,4,2020,2020,4,0,7,4,18,293,34609,0,1,10,-33.927227,151.048538,15,0,2,1,1,0,0,0,2,0,15,50,0,6545,6545,4,10,5,2,0,1,0,0
1224692,4,2020,2020,3,4,5,3371,17,58,3342,0,1,9,-32.787409,151.72929,57,2,1,1,1,0,3,4,2,0,7,80,2,5929,5929,1,5,36,2,0,1,1,0
1224693,4,2020,2020,4,4,4,2261,17,18,2252,0,1,2,-35.178538,147.874365,20,1,0,0,0,0,0,0,2,0,7,110,2,1259,5151,8,5,40,1,0,1,0,0
1224695,2,2020,2020,3,3,9,213,17,11,213,0,1,1,-29.770688,151.436212,33,1,0,1,0,0,0,0,3,0,7,100,2,395,395,1,0,0,2,0,0,1,0
1224696,1,2020,2020,4,2,7,125,27,38,144,0,1,1,-32.786264,151.923138,57,2,1,0,0,0,3,4,2,0,7,80,2,1981,1981,4,0,5,2,0,0,0,2
1224703,4,2020,2020,4,4,6,193,1,463,34609,0,1,9,-30.297854,153.114099,19,2,1,1,1,0,0,0,2,0,9,40,0,2040,2040,9,0,28,2,0,1,0,0
1224705,2,2020,2020,3,1,4,42,36,35,34609,0,1,9,-30.483373,153.006672,6,2,1,1,1,0,0,0,2,0,7,80,0,1957,777,8,5,40,1,0,0,1,0
1224712,4,2020,2020,4,5,9,3,10,363,34609,0,1,9,-33.7436,150.703355,55,0,2,0,3,0,0,0,2,0,7,60,0,1850,1463,5,16,40,1,0,1,0,0
1224720,2,2020,2020,3,5,4,127,27,59,103,0,1,1,-32.890317,151.727172,48,0,2,1,3,0,0,0,2,0,7,60,1,9859,9859,1,5,5,3,0,0,1,0
1224728,2,2020,2020,3,1,2,2209,17,115,2205,0,1,10,-33.91557,151.174624,32,0,2,1,3,0,3,4,1,2,7,60,2,14295,14295,3,5,5,2,0,0,1,0
1224729,1,2020,2020,3,0,6,59,27,43,53,0,1,1,-34.182185,150.671339,79,1,2,1,3,0,3,4,2,0,7,100,1,4026,4026,8,25,40,1,0,0,0,1
1224732,2,2020,2020,4,4,6,478,17,45,480,0,1,1,-33.340627,151.495505,16,2,2,1,3,0,0,0,2,0,7,50,2,101,101,8,5,12,2,0,0,1,0
1224734,1,2020,2020,3,6,7,34,31,169,99,0,1,10,-33.90088,151.214942,69,0,2,1,3,0,0,0,2,2,7,60,2,1945,1945,5,16,40,1,0,0,0,1
1224738,1,2020,2020,3,3,4,829,31,314,240,0,1,10,-33.848867,150.922629,24,0,2,1,3,0,3,4,2,2,6,60,2,6545,6545,4,5,10,2,0,0,0,1
1224739,4,2020,2020,4,1,4,1,18,1,34609,0,1,1,-32.06455,148.660937,22,2,1,1,0,2,0,0,2,0,7,60,0,1945,1945,5,16,40,1,0,1,0,0
1224740,2,2020,2020,4,6,11,49,31,562,34609,0,1,1,-32.249039,148.58695,22,2,1,1,2,0,0,0,0,0,7,50,0,9859,9859,8,16,40,1,0,0,1,0
1224744,1,2020,2020,4,4,3,478,17,128,480,0,1,10,-33.427301,151.317671,16,2,2,1,3,0,0,0,2,2,9,70,2,14295,14295,3,5,5,3,0,0,0,1
1224759,1,2020,2020,4,5,11,2209,17,166,2205,0,1,1,-33.89601,151.180806,32,0,2,0,3,0,0,0,0,0,7,50,2,387,387,1,22,0,2,0,0,0,1
1224762,1,2020,2020,4,0,6,2209,17,88,2205,0,1,11,-33.988027,151.111828,25,0,2,0,3,0,0,0,2,2,7,70,2,14295,14295,3,30,36,2,0,0,0,1
1224763,1,2020,2020,4,5,9,234,27,54,217,0,1,9,-33.705924,151.011612,71,0,2,0,3,0,0,0,3,2,7,60,2,5929,5929,1,10,5,2,0,0,0,1
1224766,2,2020,2020,3,3,10,2209,17,77,2205,0,1,9,-33.920528,151.167657,32,0,2,1,3,0,3,4,0,2,0,60,2,14295,14295,3,30,0,2,0,0,1,0
1224771,1,2020,2020,3,3,6,103,27,17,256,0,1,1,-34.163034,150.789618,13,0,2,1,3,0,3,0,2,0,7,80,2,404,404,8,0,40,1,0,0,0,1
1224774,1,2020,2020,3,3,4,46,1,443,34609,0,1,7,-33.901546,151.048737,15,0,2,1,3,0,3,4,2,0,7,60,0,14295,14295,3,0,36,2,0,0,0,2
1224783,1,2020,2020,4,4,8,2126,17,149,2149,0,1,2,-33.816193,150.971973,21,0,2,1,3,0,0,0,2,0,7,80,2,29,29,6,33,5,3,0,0,0,1
1224786,4,2020,2020,3,5,8,3371,17,225,3342,0,1,2,-33.804982,151.179345,77,0,2,1,3,0,0,3,2,0,7,60,2,14295,14295,3,5,40,2,0,1,0,0
1224788,1,2020,2020,4,1,5,78,31,134,36,0,1,1,-33.521316,151.317863,16,2,2,1,3,0,0,0,2,0,9,50,1,2040,2040,9,5,26,2,0,0,0,1
1224792,1,2020,2020,3,1,5,7,27,309,22,0,1,9,-33.801308,151.116851,61,0,2,1,3,0,3,4,2,0,7,60,1,941,941,1,5,13,2,0,0,0,1
1224794,1,2020,2020,4,0,7,866,17,314,793,0,1,10,-33.85358,150.940772,24,0,2,1,3,0,0,0,2,3,7,70,2,14295,14295,3,5,5,2,0,0,0,1
1224799,1,2020,2020,3,5,8,171,23,41,34609,0,1,1,-33.781634,151.273828,50,0,2,1,3,0,0,0,2,0,7,50,0,1981,1981,4,30,27,2,0,0,0,1
1224800,1,2020,2020,4,4,10,6,1,445,6,0,1,1,-33.859676,151.058418,21,0,2,0,2,0,3,4,0,0,7,60,1,3775,3775,0,5,5,2,0,0,0,1
1224801,2,2020,2020,3,3,7,2,27,562,34609,0,1,1,-32.274567,148.69648,22,1,0,1,0,0,0,0,2,0,7,100,0,475,475,5,8,40,1,0,0,1,0
1224803,1,2020,2020,4,1,7,8,22,147,40,0,1,7,-33.755097,151.296341,50,0,2,1,1,0,3,4,2,0,9,40,1,14295,14295,3,10,5,2,0,0,0,1
1224804,2,2020,2020,4,2,9,4,27,284,34609,0,1,10,-33.901909,151.009979,15,0,2,1,2,0,0,0,2,0,0,50,0,6545,6545,4,10,13,2,0,0,2,0
1224807,1,2020,2020,4,4,8,3371,17,147,3342,0,1,9,-33.745691,151.143215,36,0,2,0,0,0,0,0,2,2,7,60,2,14295,14295,3,5,41,2,0,0,0,1
1224810,2,2020,2020,4,4,2,91,27,161,187,0,1,10,-33.874916,151.160799,32,0,2,1,2,0,0,0,1,2,7,70,2,623,623,3,16,5,2,0,0,1,0
1224811,1,2020,2020,4,3,8,27,27,54,65,0,1,7,-33.694181,150.974731,71,0,2,1,1,0,3,4,2,0,0,60,1,4552,985,8,5,40,1,0,0,0,2
1224813,4,2020,2020,3,2,6,4,27,2,34609,0,1,1,-30.349051,151.824413,1,1,0,0,0,2,3,4,2,0,7,100,0,2585,4009,8,0,40,1,0,1,0,0
1224817,2,2020,2020,3,4,3,6,10,65,34609,0,1,7,-32.926157,151.767911,48,0,2,1,0,0,0,0,2,0,0,50,0,6545,6545,4,5,27,2,0,0,1,0
1224819,2,2020,2020,4,0,6,11,18,609,34609,0,1,9,-33.771146,150.908355,7,0,2,1,1,0,0,0,2,0,9,50,0,591,591,1,22,5,2,0,0,1,0
1224823,4,2020,2020,4,0,11,6,7,562,34609,0,1,9,-32.240127,148.63343,22,2,1,1,2,0,0,0,0,0,7,50,0,312,312,2,21,40,1,0,1,0,0
1224826,4,2020,2020,3,2,2,12,31,80,321,0,1,1,-33.883387,151.203936,69,0,2,1,2,0,0,0,0,0,7,40,2,2040,2040,9,16,28,2,0,1,0,0
1224834,1,2020,2020,4,0,6,18,27,246,52,0,1,9,-33.915971,151.185712,69,0,2,1,3,0,0,0,2,0,15,50,1,14295,14295,3,8,12,2,0,0,0,1
1224838,2,2020,2020,3,5,10,2,1,290,147,0,1,9,-33.949604,151.119937,4,0,2,1,3,0,0,0,0,0,7,60,2,1669,1669,3,10,5,2,0,0,1,0
1224842,1,2020,2020,3,1,9,2261,17,80,2252,0,1,10,-33.963985,150.879346,13,0,2,1,3,0,0,0,2,2,7,80,2,14295,14295,3,5,5,2,0,0,0,1
1224845,4,2020,2020,4,4,3,361,32,134,65,0,1,1,-33.682583,150.862399,7,0,2,1,3,0,0,0,1,0,7,60,1,1391,1391,1,33,0,2,0,1,0,0
1224880,2,2020,2020,4,2,8,3371,17,67,3342,0,1,1,-33.392093,151.352805,16,2,2,0,1,0,3,4,2,0,7,60,2,3775,3775,0,5,5,2,0,0,2,0
1224883,2,2020,2020,4,4,7,3371,17,28,3342,0,1,2,-31.825614,152.621779,43,1,0,1,3,0,0,0,2,0,7,100,2,4026,4026,8,0,40,1,0,0,1,0