Crash ID,Degree of crash - detailed,Reporting year,Year of crash,Month of crash,Day of week of crash,Two-hour intervals,Street of crash,Street type,Town,Route no.,School zone location,School zone active,Type of location,Latitude,Longitude,LGA,Urbanisation,Conurbation 1,Alignment,Street lighting,Road surface,Surface condition,Weather,Natural lighting,Signals operation,Other traffic control,Speed limit,Road classification,RUM - code,DCA - code,First impact type,Key TU type,Other TU type,No. of traffic units involved,No. killed,No. seriously injured,No. moderately injured,No. minor-other injured
1224887,2,2020,2020,4,3,9,8,31,58,34609,0,1,4,-34.412224,150.886064,80,0,2,0,3,0,0,0,2,0,7,50,0,2585,4009,8,5,40,1,0,0,1,0
1224888,2,2020,2020,4,3,6,222,27,73,34609,0,1,9,-33.713925,150.703125,55,0,2,1,0,0,0,0,2,0,7,50,0,5929,5929,1,10,5,2,0,0,2,0
1224891,4,2020,2020,3,5,11,149,10,136,702,0,1,2,-33.86463,151.066005,67,0,2,1,2,0,0,0,0,0,7,80,2,1282,1282,1,5,19,2,0,1,0,0
1224895,2,2020,2020,4,1,7,829,27,165,770,0,1,10,-33.856232,151.159364,14,0,2,1,3,0,0,0,2,2,7,60,2,14295,14295,3,10,0,2,0,0,1,0
1224900,4,2020,2020,4,0,0,348,17,10,232,0,1,1,-32.688407,149.707241,44,1,0,1,0,0,3,2,0,0,7,100,2,1089,1089,7,10,40,1,0,1,0,1
1224901,4,2020,2020,4,5,6,866,27,201,44,0,1,1,-34.004931,150.862816,13,0,2,1,1,0,0,0,2,0,7,50,1,340,340,9,16,28,2,0,1,0,0
1224903,2,2020,2020,4,3,7,330,1,144,34609,0,1,7,-34.062222,151.015697,68,0,2,1,0,0,3,3,2,0,0,50,0,6545,6545,4,10,0,2,0,0,1,0
1224904,2,2020,2020,4,4,7,133,17,55,121,0,1,1,-36.252957,149.149044,65,1,0,1,3,0,0,0,2,0,7,100,2,3775,3775,0,21,36,2,0,0,1,0
1224909,4,2020,2020,3,3,2,21,27,62,23,0,1,1,-33.742364,150.637134,8,2,2,0,0,0,0,0,0,0,7,50,1,4552,5151,8,5,40,1,0,1,0,0
1224910,1,2020,2020,4,2,0,9,1,57,34609,0,1,1,-33.350516,151.443467,16,2,2,1,3,0,0,0,0,0,7,50,0,9859,9859,1,10,12,3,0,0,0,1
1224915,4,2020,2020,3,1,4,3,31,17,34609,0,1,10,-30.886978,153.043026,34,2,1,1,1,0,0,0,2,0,0,50,0,775,775,4,0,27,2,0,1,0,0
1224916,4,2020,2020,4,4,4,2126,17,323,2149,0,1,10,-33.787231,150.848235,7,0,2,1,1,0,0,0,2,0,7,80,2,5929,5929,1,5,19,2,0,1,0,0
1224917,4,2020,2020,3,1,7,308,14,49,311,0,1,3,-33.918723,150.85275,41,0,2,1,1,0,0,0,2,0,7,100,2,1945,1945,5,16,40,1,0,1,0,0
1224918,4,2020,2020,3,6,7,36,27,23,39,0,1,1,-32.368427,149.246933,44,1,0,0,0,0,3,3,2,0,7,100,2,782,957,5,8,40,1,0,1,0,0
1224920,1,2020,2020,3,5,8,829,27,125,770,0,1,2,-33.839088,151.134482,51,0,2,1,3,0,0,3,2,0,7,70,2,1981,1981,4,30,19,2,0,0,0,1
1224922,2,2020,2020,3,2,6,14,31,283,34609,0,1,7,-33.840691,151.005432,21,0,2,0,3,0,0,0,2,0,0,50,0,1282,1282,1,22,12,2,0,0,1,0
1224924,2,2020,2020,3,6,3,234,27,323,217,0,1,9,-33.74749,150.993677,71,0,2,1,3,0,0,0,1,2,7,60,2,2852,2852,4,5,13,2,0,0,1,0
1224926,1,2020,2020,3,2,11,1104,14,142,962,0,1,6,-33.827458,151.003734,21,0,2,1,3,0,3,4,0,0,7,60,2,1383,1383,1,0,5,4,0,0,0,1
1224935,2,2020,2020,4,3,7,866,17,187,793,0,1,9,-33.796681,150.986613,54,0,2,0,3,0,0,0,2,1,7,70,2,14295,14295,3,0,5,2,0,0,1,0
1224937,2,2020,2020,3,0,10,5,31,77,34609,0,1,10,-32.564476,151.179573,64,2,1,1,3,0,0,0,0,0,0,50,0,6545,6545,4,0,13,2,0,0,1,0
1224938,2,2020,2020,3,4,6,43,27,66,87,0,1,2,-34.443405,150.882586,80,0,2,1,3,0,3,0,2,0,7,80,2,14295,14295,3,0,5,2,0,0,1,0
1224939,1,2020,2020,3,5,8,222,27,187,34609,0,1,9,-33.796451,150.996465,54,0,2,1,3,0,0,0,2,0,7,50,0,5929,5929,1,5,5,2,0,0,0,1
1224942,1,2020,2020,4,4,7,67,27,210,55,0,1,9,-34.027822,151.106158,68,0,2,1,3,0,0,3,2,0,6,60,2,623,623,3,10,0,2,0,0,0,1
1224943,1,2020,2020,3,3,10,72,14,252,71,0,1,3,-33.887439,151.217827,69,0,2,1,3,0,3,4,0,0,7,80,2,1383,1383,1,5,5,2,0,0,0,1
1224947,2,2020,2020,3,5,7,2261,17,523,2252,0,1,2,-33.931844,150.917236,41,0,2,1,3,0,0,0,2,0,7,60,2,1981,1981,4,5,5,2,0,0,1,0
1224950,1,2020,2020,3,0,8,106,27,252,106,0,1,2,-33.927723,150.883807,41,0,2,1,0,0,0,0,2,0,7,70,2,1981,1981,4,10,27,2,0,0,0,1
1224952,4,2020,2020,3,2,8,40,27,71,34609,0,1,9,-33.765924,150.694443,55,0,2,1,0,0,0,3,2,0,15,50,0,4026,4026,8,16,40,1,0,1,0,0
1224954,2,2020,2020,3,2,10,168,10,387,260,0,1,2,-33.946086,151.174591,4,0,2,1,2,0,3,4,0,0,7,70,2,14295,14295,3,33,5,2,0,0,1,0
1224962,1,2020,2020,3,0,4,330,27,147,605,0,1,10,-33.758727,151.280528,50,0,2,0,1,0,3,4,2,2,7,60,2,14295,14295,3,16,5,2,0,0,0,1
1224963,1,2020,2020,3,5,6,67,27,225,68,0,1,1,-33.804964,151.180319,77,0,2,1,1,0,0,0,2,0,7,50,1,14295,14295,3,8,0,3,0,0,0,1
1224964,4,2020,2020,3,4,6,361,32,134,65,0,1,9,-33.685691,150.864087,7,0,2,1,1,0,0,0,2,0,7,60,1,5929,5929,1,10,5,2,0,1,0,0
1224965,2,2020,2020,3,2,7,348,17,25,232,0,1,1,-32.963669,149.857539,44,2,1,1,0,0,0,0,2,0,7,80,2,4026,4026,8,5,40,1,0,0,1,0
1224967,4,2020,2020,4,4,6,251,14,104,124,0,1,3,-33.829709,151.214755,49,0,2,0,0,0,0,0,2,0,7,80,2,14295,14295,3,5,5,3,0,1,0,0
1224968,4,2020,2020,3,6,5,2,31,83,34609,0,1,9,-29.736884,152.94432,18,2,1,0,0,0,0,3,2,0,7,60,0,368,368,9,30,28,2,0,1,1,0
1224974,2,2020,2020,3,4,8,2126,17,363,2149,0,1,9,-33.824798,151.004625,54,0,2,1,1,0,0,0,2,1,7,60,2,1282,1282,1,0,0,2,0,0,1,0
1224976,4,2020,2020,4,2,11,115,27,134,114,0,1,9,-33.888931,151.257434,81,0,2,0,2,0,0,0,0,2,7,50,2,5929,5929,1,0,5,2,0,1,0,0
1224989,1,2020,2020,3,0,9,14,27,39,34609,0,1,10,-33.763188,150.931244,7,0,2,1,0,0,0,0,3,0,7,50,0,368,368,9,33,28,2,0,0,0,1
1224992,4,2020,2020,3,6,4,84,27,252,31,1,2,1,-33.943375,150.875423,41,0,2,1,1,0,0,0,2,0,7,40,1,2040,2040,9,30,28,2,0,1,0,0
1224994,2,2020,2020,3,1,3,120,36,16,148,0,1,1,-30.420487,152.796185,6,2,1,1,0,0,0,0,2,0,7,80,2,3775,3775,0,9,10,2,0,0,2,0
1224996,2,2020,2020,4,6,6,46,27,15,49,0,1,7,-34.07317,150.841489,13,0,2,1,1,0,0,0,2,0,0,60,1,14295,14295,3,0,13,2,0,0,1,0
1224998,2,2020,2020,4,4,10,18,31,6,34609,0,1,9,-35.306303,150.472533,63,2,1,1,2,0,0,0,0,0,7,50,0,1850,777,5,16,40,1,0,0,1,0
1225001,2,2020,2020,3,5,7,24,27,77,52,1,0,9,-33.920945,151.160116,32,0,2,1,1,0,0,0,2,0,0,50,1,6545,6545,4,19,5,4,0,0,1,0
1225003,2,2020,2020,3,1,6,23,27,194,8,0,1,9,-30.513347,151.607629,1,1,0,1,0,0,0,0,2,0,7,100,1,395,395,1,5,0,2,0,0,1,0
1225005,4,2020,2020,4,0,5,84,10,7,80,0,1,9,-34.27434,150.955559,80,0,2,0,1,0,0,0,2,0,0,50,2,515,515,1,30,27,2,0,1,0,0
1225008,4,2020,2020,3,6,7,98,27,609,220,0,1,2,-33.77384,150.915188,7,0,2,1,1,0,3,4,2,0,7,60,2,214,214,9,0,28,2,0,1,0,0
1225011,2,2020,2020,3,0,4,34,10,10,40,0,1,9,-35.768411,150.217825,23,2,1,0,0,0,3,4,2,0,7,70,1,3775,3775,0,5,0,2,0,0,2,0
1225014,2,2020,2020,3,6,7,213,17,83,213,0,1,7,-29.705114,152.933517,18,2,1,1,0,0,0,0,2,0,0,50,2,6545,6545,4,5,40,2,0,0,1,0
1225015,4,2020,2020,3,6,3,118,17,29,118,0,1,1,-30.777982,150.118091,51,1,0,1,0,0,0,0,2,0,7,100,2,4026,4026,8,5,40,1,0,1,1,0
1225019,2,2020,2020,4,1,9,37,1,126,34609,1,0,10,-33.94656,150.802948,41,0,2,1,0,0,0,0,2,0,15,60,0,6545,6545,4,0,25,2,0,0,1,1
1225020,4,2020,2020,3,2,7,2,31,463,34609,0,1,9,-30.293137,153.131412,19,2,1,1,1,0,0,0,2,0,7,50,0,2852,2852,4,5,19,2,0,1,0,0
1225021,2,2020,2020,4,4,5,7,27,20,34609,0,1,1,-31.015258,152.847076,34,1,0,1,0,0,0,0,2,0,7,100,0,475,475,5,0,40,1,0,0,1,0
1225027,2,2020,2020,4,1,9,5,27,169,34609,0,1,1,-33.772261,150.83151,7,0,2,1,1,0,0,0,2,0,7,50,0,9859,9859,1,5,5,2,0,0,1,0
1225028,2,2020,2020,3,6,9,2209,17,33,2205,0,1,3,-34.714154,150.833928,35,2,1,0,0,0,3,4,2,0,7,80,2,1259,5151,8,5,40,1,0,0,1,1
1225029,4,2020,2020,3,0,7,14,27,3,34609,0,1,1,-30.752178,152.761741,47,1,0,0,0,0,0,0,2,0,7,90,0,1220,1220,9,0,28,2,0,1,0,0
1225033,2,2020,2020,3,1,11,74,27,609,48,0,1,10,-33.775846,150.895288,7,0,2,1,2,0,0,0,0,2,7,60,1,2852,2852,4,5,25,2,0,0,1,0
1225034,4,2020,2020,4,6,9,5,27,78,34609,0,1,10,-33.906696,150.775986,41,0,2,1,0,0,0,0,2,0,0,80,0,6545,6545,4,5,5,2,0,3,0,0
1225035,2,2020,2020,3,4,7,3371,17,463,3342,0,1,9,-30.285652,153.125194,19,2,1,1,1,0,3,4,2,0,7,60,2,5929,5929,1,5,5,2,0,0,1,2
1225038,2,2020,2020,3,1,4,45,31,194,13,0,1,7,-30.508735,151.670988,1,2,1,0,1,0,0,0,2,0,0,50,1,6545,6545,4,0,27,2,0,0,1,0
1225040,2,2020,2020,3,3,0,43,2,104,42,0,1,10,-33.742799,150.943903,7,0,2,1,2,0,0,0,0,2,7,70,2,5929,5929,1,5,5,2,0,0,1,1
1225043,4,2020,2020,3,2,7,194,31,363,34609,0,1,9,-33.81505,151.002929,54,0,2,1,3,0,3,4,2,2,9,50,0,214,214,9,5,28,2,0,1,0,0
1225045,1,2020,2020,3,0,8,37,27,173,115,0,1,10,-33.715712,151.135053,36,0,2,1,3,0,0,0,2,0,15,60,1,6545,6545,4,5,0,2,0,0,0,1
1225047,4,2020,2020,3,4,6,35,27,8,19,0,1,1,-34.068569,150.619205,79,1,2,0,3,0,3,4,2,0,7,100,1,3775,3775,0,0,12,2,0,1,1,0
1225049,2,2020,2020,3,1,9,85,31,219,34609,0,1,10,-32.900818,151.673572,48,0,2,1,3,0,3,3,2,0,0,60,0,926,926,4,5,19,2,0,0,1,0
1225050,4,2020,2020,4,4,8,196,10,32,168,0,1,2,-33.92902,150.980426,15,0,2,0,3,0,0,0,2,0,7,60,2,14295,14295,3,5,5,2,0,1,0,0
1225056,1,2020,2020,4,0,7,2,1,294,34609,0,1,9,-33.942528,150.948929,41,0,2,1,3,0,3,4,2,0,7,50,0,150,150,4,0,0,2,0,0,0,1
1225063,4,2020,2020,3,0,7,67,27,18,52,0,1,10,-30.371796,153.085479,19,2,1,1,1,0,3,3,2,0,7,60,1,1850,985,5,16,40,1,0,1,0,0
1225064,2,2020,2020,3,0,7,387,27,253,331,0,1,1,-33.965083,151.099941,25,0,2,1,1,0,0,0,2,0,7,60,2,238,238,9,30,28,2,0,0,1,0
1225065,2,2020,2020,3,5,3,29,27,106,27,0,1,9,-34.569117,150.794244,62,0,2,1,1,0,0,0,2,0,0,60,2,926,926,4,5,13,3,0,0,1,0
1225070,1,2020,2020,4,2,3,49,27,201,47,0,1,7,-33.994835,150.875275,13,0,2,1,1,0,0,0,2,0,0,60,1,6545,6545,4,5,36,2,0,0,0,1
1225071,2,2020,2020,4,1,3,123,36,11,90,0,1,1,-31.714152,151.859204,43,1,0,1,0,0,0,0,1,0,7,100,1,4026,4026,8,30,40,1,0,0,1,0
1225072,2,2020,2020,4,5,6,163,27,63,165,0,1,9,-33.741186,150.797172,7,0,2,1,1,0,0,3,2,0,0,60,1,2852,2852,4,5,19,2,0,0,1,0
1225077,2,2020,2020,3,6,4,485,27,232,769,0,1,2,-33.685583,150.918233,71,0,2,1,1,0,0,3,2,0,7,80,2,14295,14295,3,9,5,4,0,0,1,2
1225078,2,2020,2020,3,0,3,19,31,433,34609,0,1,2,-33.28336,149.103789,52,2,1,1,1,0,0,0,2,0,7,50,0,4026,4026,8,5,40,1,0,0,1,0
1225079,2,2020,2020,3,1,8,10,31,67,34609,0,1,1,-33.878175,151.009799,15,0,2,1,0,0,0,0,2,0,7,50,0,368,368,9,0,28,3,0,0,1,0
1225080,4,2020,2020,4,3,4,1,10,523,34609,0,1,9,-33.937382,150.918472,41,0,2,1,0,0,0,0,2,0,7,50,0,9859,9859,8,30,40,1,0,1,0,0
1225089,4,2020,2020,3,2,4,2126,17,9,2149,0,1,2,-33.716136,150.499322,8,2,2,0,1,0,3,0,2,0,7,80,2,1850,1463,5,22,40,1,0,1,0,0
1225090,4,2020,2020,3,3,6,222,27,10,34609,0,1,11,-31.437491,151.283798,70,1,0,0,0,2,0,0,2,0,7,100,0,404,404,8,16,40,1,0,1,0,0
1225092,2,2020,2020,4,0,4,3371,17,11,3342,0,1,1,-29.633662,153.027767,18,2,1,1,0,0,0,0,2,0,7,50,2,14295,14295,3,10,0,2,0,0,1,0
1225099,2,2020,2020,4,0,0,101,10,42,33,0,1,9,-34.025597,151.16376,68,0,2,0,0,0,0,0,0,0,7,80,1,1850,1463,5,16,40,1,0,0,1,0
1225106,4,2020,2020,4,3,6,177,31,314,208,0,1,9,-33.860271,150.927032,24,0,2,1,1,0,0,0,2,0,7,60,2,96,96,0,5,5,2,0,1,0,0
1225109,4,2020,2020,4,0,5,32,14,108,124,0,1,9,-33.813441,151.185152,77,0,2,1,0,0,3,4,2,2,7,50,2,4552,985,8,9,40,1,0,1,0,0
1225114,2,2020,2020,4,0,10,2209,17,88,2205,0,1,10,-33.987901,151.111784,25,0,2,0,2,0,0,0,0,2,7,70,2,6545,6545,4,0,0,2,0,0,1,0
1225117,2,2020,2020,3,0,3,8,31,133,34609,0,1,1,-33.923908,151.010895,15,0,2,1,1,0,0,0,2,0,7,50,0,9859,9859,1,0,22,2,0,0,1,0
1225119,2,2020,2020,3,4,4,2209,17,88,2205,0,1,2,-33.99433,151.115904,25,0,2,1,0,0,0,0,2,0,7,70,2,1282,1282,1,10,19,2,0,0,1,0
1225122,4,2020,2020,4,0,6,11,31,273,34609,0,1,1,-34.423341,150.897891,80,0,2,1,1,0,0,0,2,0,7,50,0,9859,9859,1,5,22,2,0,1,0,0
1225123,4,2020,2020,3,5,8,3371,17,63,3342,0,1,6,-28.187761,153.525176,72,2,1,1,1,0,0,0,2,0,7,60,2,14295,14295,3,5,36,3,0,1,0,0
1225124,4,2020,2020,3,5,4,16,31,39,34609,0,1,9,-33.756266,150.922872,7,0,2,0,0,0,0,0,2,0,7,50,0,6545,6545,4,5,13,2,0,1,0,0
1225125,2,2020,2020,3,2,7,44,1,126,34609,0,1,1,-33.946125,150.809448,41,0,2,1,1,0,0,0,2,0,7,60,0,1981,1981,4,5,5,2,0,0,1,0
1225138,1,2020,2020,3,5,4,294,17,215,288,0,1,1,-35.118056,147.362917,75,2,1,1,1,0,0,0,2,0,7,60,2,941,941,1,5,36,2,0,0,0,1
1225139,2,2020,2020,3,0,10,38,31,76,34609,1,0,7,-35.356667,150.471857,63,2,1,1,2,0,0,0,0,0,0,50,0,6545,6545,4,22,13,2,0,0,1,0
1225141,4,2020,2020,3,0,7,7,27,147,34609,0,1,1,-33.875769,150.982367,15,0,2,1,1,0,3,4,2,0,7,50,0,4026,4026,1,5,5,4,0,1,0,1
1225159,4,2020,2020,4,6,0,7,27,172,17,0,1,1,-32.784135,151.555825,42,2,1,1,2,0,0,0,0,0,7,80,1,4026,4026,8,5,40,1,0,1,0,0
1225161,2,2020,2020,4,2,5,193,27,79,27,0,1,1,-33.977429,151.121442,25,0,2,1,1,0,0,0,2,0,7,60,1,9859,9859,1,5,5,2,0,0,1,0
1225165,2,2020,2020,4,5,0,2261,17,30,2252,0,1,3,-34.514647,150.30438,78,1,0,1,3,0,0,0,0,0,7,110,2,4026,4026,8,3,40,1,0,0,1,0
1225169,2,2020,2020,4,1,11,11,10,29,52,0,1,1,-34.119387,150.559266,79,1,2,0,0,0,3,4,0,0,7,100,1,1259,5151,8,10,40,1,0,0,1,0
1225171,2,2020,2020,4,6,6,48,10,463,52,1,0,1,-30.331274,153.097416,19,2,1,0,0,0,3,4,2,0,7,80,1,1981,1981,4,5,5,2,0,0,1,0
1225176,2,2020,2020,4,0,8,2126,17,445,2149,0,1,9,-33.848139,151.048164,21,0,2,1,3,0,0,0,2,2,9,60,2,214,214,9,33,28,2,0,0,1,0
1225177,2,2020,2020,4,1,8,3371,17,19,3342,0,1,2,-31.868642,152.584062,43,1,0,1,3,0,3,4,2,0,7,100,2,14295,14295,3,5,5,3,0,0,2,0
1225180,1,2020,2020,4,5,7,1104,14,223,962,0,1,3,-33.805463,150.915409,7,0,2,1,0,0,0,0,2,0,7,100,2,14295,14295,3,10,13,2,0,0,0,1
1225181,2,2020,2020,4,3,0,2261,17,70,2252,0,1,2,-34.729357,149.982999,26,1,0,1,2,0,0,6,0,0,7,110,2,14295,14295,3,0,12,3,0,0,2,1
1225182,2,2020,2020,4,2,8,191,27,175,208,0,1,9,-33.780216,151.084212,54,0,2,1,0,0,0,3,2,0,15,60,2,395,395,1,5,22,2,0,0,1,0
1225189,2,2020,2020,4,0,10,30,27,21,34609,0,1,1,-33.596016,150.652525,29,2,2,0,0,0,0,0,0,0,7,60,0,1259,5151,8,0,40,1,0,0,1,0
1225195,1,2020,2020,3,2,10,2126,17,445,2149,0,1,1,-33.851588,151.055186,21,0,2,1,3,0,3,4,0,0,7,60,2,1192,1192,1,10,0,2,0,0,0,2
1225204,1,2020,2020,4,0,5,251,27,64,212,0,1,10,-33.76273,151.206692,50,0,2,1,3,0,3,4,2,0,7,70,2,14295,14295,3,0,5,2,0,0,0,1
1225208,1,2020,2020,3,3,8,158,27,55,207,0,1,1,-33.859249,151.274311,81,0,2,1,3,0,3,0,3,0,7,50,2,14295,14295,3,5,5,2,0,0,0,1
1225209,4,2020,2020,3,5,8,283,27,145,702,1,0,2,-33.924952,151.069561,15,0,2,1,3,0,0,0,2,0,7,60,2,9859,9859,8,9,40,1,0,1,0,0
1225219,4,2020,2020,4,1,3,192,10,84,114,1,0,1,-33.469213,151.391831,16,2,2,1,3,0,0,0,2,0,7,60,2,3775,3775,0,5,0,3,0,1,0,0
1225222,2,2020,2020,4,0,7,230,27,197,284,0,1,9,-33.794386,151.134379,61,0,2,1,3,0,3,4,2,2,7,70,2,14295,14295,3,5,13,2,0,0,1,0
1225231,1,2020,2020,3,0,10,154,27,136,244,0,1,1,-33.915412,151.067825,15,0,2,1,3,0,0,0,0,0,7,60,2,1391,1391,1,5,0,2,0,0,0,1
1225234,2,2020,2020,4,2,5,43,27,12,34609,0,1,9,-32.997204,151.669638,37,0,2,0,1,0,3,3,2,0,0,60,0,2852,2852,4,5,36,2,0,0,1,0
1225236,2,2020,2020,3,3,10,18,27,12,41,0,1,1,-33.442932,148.779055,11,1,0,0,0,0,0,0,0,0,7,100,1,1259,5151,8,5,40,1,0,0,2,1
1225238,2,2020,2020,3,5,4,34,6,103,34609,0,1,10,-34.320916,148.302998,30,2,1,1,3,0,2,6,2,0,7,50,0,9859,9859,8,0,40,1,0,0,3,1
1225239,4,2020,2020,4,5,8,5,27,149,34609,0,1,1,-33.309956,151.348427,16,2,2,0,0,2,0,0,2,0,7,50,0,1850,1463,5,16,40,1,0,1,0,0
1225250,1,2020,2020,4,3,11,125,31,438,44,0,1,9,-33.847141,151.030945,21,0,2,1,2,0,0,0,0,2,7,60,1,1669,1669,3,5,5,2,0,0,0,2
1225253,1,2020,2020,3,6,3,2209,17,77,2205,0,1,2,-33.920989,151.166265,32,0,2,1,1,0,0,0,2,0,7,60,2,1945,1945,5,22,40,2,0,0,0,1
1225257,1,2020,2020,3,4,9,16,31,91,34609,0,1,1,-33.968495,151.087154,25,0,2,1,2,0,0,0,3,0,7,50,0,9859,9859,1,5,0,4,0,0,0,1
1225260,2,2020,2020,4,5,6,22,10,13,13,0,1,1,-33.867006,151.145169,14,0,2,1,1,0,0,0,2,0,7,50,1,3775,3775,0,30,0,2,0,0,1,0
1225262,2,2020,2020,4,6,4,3,4,62,34609,0,1,9,-33.723295,150.863071,7,0,2,1,1,0,0,0,2,0,7,50,0,2852,2852,4,10,5,2,0,0,1,0
1225265,2,2020,2020,4,0,8,3371,17,463,3342,0,1,10,-30.296691,153.113591,19,2,1,1,0,0,0,0,2,0,15,60,2,591,591,1,22,5,2,0,0,2,0
1225267,2,2020,2020,4,0,11,13,31,55,34609,1,0,7,-33.885553,151.276068,76,0,2,1,2,0,0,0,0,0,0,50,0,1282,1282,1,5,27,2,0,0,1,0
1225268,4,2020,2020,3,4,7,2209,17,79,2205,0,1,2,-33.977337,151.124173,25,0,2,1,1,0,0,0,2,0,7,70,2,1391,1391,1,5,5,4,0,1,0,0
1225276,4,2020,2020,4,4,2,916,17,9,917,0,1,1,-32.414471,151.02688,64,1,0,0,0,0,0,1,0,0,7,100,2,1850,1463,5,33,40,1,0,1,0,0
1225283,1,2020,2020,3,2,9,230,27,84,284,0,1,10,-33.775104,151.104693,61,0,2,1,3,0,0,0,0,0,15,70,2,14295,14295,3,5,13,2,0,0,0,1
1225286,2,2020,2020,3,0,9,68,31,34,34609,0,1,1,-33.858538,151.204883,69,0,2,1,3,0,0,0,3,0,7,40,0,1109,787,1,5,18,2,0,0,1,0
1225290,2,2020,2020,4,6,7,916,17,105,917,0,1,10,-32.721457,151.539875,42,2,1,1,3,0,0,0,2,2,7,60,2,14295,14295,3,5,25,2,0,0,1,3
1225296,1,2020,2020,3,1,4,916,17,30,917,0,1,1,-31.063723,151.039841,70,1,0,1,3,0,0,0,2,0,7,100,2,14295,14295,3,0,0,3,0,0,0,1
1225299,2,2020,2020,3,5,10,118,27,646,118,0,1,10,-33.930729,151.02951,15,0,2,0,3,0,3,4,0,0,0,60,1,14295,14295,3,5,5,2,0,0,1,0
1225302,2,2020,2020,3,6,0,90,36,24,102,0,1,1,-34.511439,148.062865,20,1,0,1,3,0,3,3,0,0,7,100,2,4026,4026,8,29,40,1,0,0,1,0
1225305,2,2020,2020,4,2,9,54,27,646,30,0,1,6,-33.91475,151.03661,15,0,2,1,1,0,0,0,2,0,0,60,1,14295,14295,3,5,5,2,0,0,2,1
1225306,2,2020,2020,4,0,2,348,17,105,232,0,1,9,-32.600087,149.593293,44,2,1,1,2,0,0,0,1,0,7,50,2,4026,4026,8,5,40,1,0,0,2,0
1225307,4,2020,2020,3,6,7,20,27,34,20,0,1,1,-35.064086,150.637872,63,2,1,0,0,0,3,4,2,0,7,80,1,2585,4009,8,5,40,1,0,2,0,0
1225316,2,2020,2020,3,0,6,123,1,253,34609,0,1,10,-33.961971,151.097434,25,0,2,1,3,0,3,4,2,0,15,50,0,301,301,4,0,0,2,0,0,1,0
1225317,4,2020,2020,3,2,5,117,1,176,35,0,1,9,-33.965101,151.142642,4,0,2,1,3,0,3,4,2,2,7,60,2,5929,5929,1,5,22,2,0,1,0,0
1225318,1,2020,2020,3,2,6,23,23,293,34609,0,1,2,-33.94597,151.257244,59,0,2,1,3,0,0,0,2,0,7,50,0,14295,14295,3,30,5,2,0,0,0,1
1225321,1,2020,2020,3,0,3,100,27,127,100,0,1,10,-33.836499,150.854172,24,0,2,1,3,0,3,4,1,0,7,70,2,5929,5929,1,10,5,2,0,0,0,2
1225324,1,2020,2020,3,4,9,158,27,46,207,0,1,2,-33.877122,151.23339,81,0,2,0,3,0,3,3,0,0,7,60,2,1850,1463,5,16,40,1,0,0,0,1
1225328,2,2020,2020,3,0,7,50,27,169,382,0,1,2,-33.77484,150.838511,7,0,2,1,3,0,0,0,2,0,7,60,2,14295,14295,3,5,13,3,0,0,1,0
1225331,2,2020,2020,4,0,6,1052,14,173,928,0,1,3,-33.716246,151.111758,36,0,2,1,3,0,0,0,2,0,7,80,2,1391,1391,1,5,5,2,0,0,1,0
1225332,1,2020,2020,3,2,5,2209,17,106,2205,0,1,2,-34.571226,150.815638,62,0,2,1,3,0,0,0,2,0,7,70,2,14295,14295,3,5,36,2,0,0,0,1
1225333,1,2020,2020,4,0,9,204,31,58,87,0,1,1,-34.414512,150.896637,80,0,2,1,3,0,0,0,4,0,7,60,2,5929,5929,1,30,0,2,0,0,0,1
1225338,2,2020,2020,3,5,8,16,27,149,34609,0,1,1,-33.359773,151.37752,16,2,2,1,3,0,3,3,2,0,7,50,0,404,404,8,16,40,1,0,0,1,0
1225339,1,2020,2020,3,6,4,92,27,143,34609,0,1,1,-33.885307,151.102142,9,0,2,1,3,0,0,0,2,0,7,50,0,1391,1391,1,5,5,2,0,0,0,1
1225340,2,2020,2020,3,6,4,296,27,92,293,0,1,9,-33.873876,150.982931,24,0,2,1,3,0,0,0,2,0,7,70,2,1383,1383,1,5,5,3,0,0,1,0
1225347,4,2020,2020,4,0,7,16,31,49,34609,0,1,1,-33.94338,151.216472,4,0,2,1,1,0,0,0,2,0,7,50,0,323,323,1,16,12,2,0,1,0,0
1225348,2,2020,2020,4,0,7,37,31,273,87,0,1,10,-34.428065,150.899365,80,0,2,1,1,0,0,0,2,2,7,50,2,5929,5929,1,0,36,2,0,0,1,0
1225350,2,2020,2020,4,4,5,5,27,189,34609,0,1,1,-33.93867,151.050504,15,0,2,1,3,0,0,0,2,0,7,50,0,14295,14295,3,5,0,2,0,0,2,0
1225358,2,2020,2020,3,5,8,15,10,35,34609,1,0,9,-34.104143,150.795863,13,0,2,1,0,0,0,0,2,0,0,60,0,6545,6545,4,0,5,2,0,0,1,0
1225359,2,2020,2020,3,1,5,55,27,151,160,1,0,10,-34.027468,150.849264,13,0,2,1,0,0,0,0,2,0,0,60,2,6545,6545,4,5,36,2,0,0,1,0
1225360,2,2020,2020,4,2,7,6,31,90,34609,0,1,10,-33.717434,150.312225,8,2,2,1,1,0,3,1,2,0,15,50,0,2852,2852,4,5,0,2,0,0,1,0
1225371,2,2020,2020,3,2,10,1,31,13,34609,0,1,10,-33.368675,151.485703,16,2,2,1,2,0,3,4,0,0,0,50,0,6545,6545,4,30,0,2,0,0,1,0