Crash ID,Degree of crash - detailed,Reporting year,Year of crash,Month of crash,Day of week of crash,Two-hour intervals,Street of crash,Street type,Town,Route no.,School zone location,School zone active,Type of location,Latitude,Longitude,LGA,Urbanisation,Conurbation 1,Alignment,Street lighting,Road surface,Surface condition,Weather,Natural lighting,Signals operation,Other traffic control,Speed limit,Road classification,RUM - code,DCA - code,First impact type,Key TU type,Other TU type,No. of traffic units involved,No. killed,No. seriously injured,No. moderately injured,No. minor-other injured
1225377,4,2020,2020,3,1,7,1052,14,101,928,0,1,3,-32.881787,151.607294,37,0,2,1,0,0,3,3,2,0,7,110,2,14295,14295,3,29,5,2,0,1,0,0
1225378,1,2020,2020,4,5,8,149,27,60,198,1,0,2,-33.952552,150.952796,41,0,2,1,1,0,0,0,2,0,7,60,2,14295,14295,3,5,0,2,0,0,0,1
1225392,2,2020,2020,4,2,8,17,36,57,72,0,1,1,-28.637837,153.547129,10,2,1,0,1,0,3,4,2,0,7,60,2,1957,4009,8,10,40,1,0,0,1,0
1225396,1,2020,2020,3,0,4,13,31,106,34609,0,1,9,-33.672889,151.296043,50,0,2,1,3,0,3,0,2,0,0,50,0,941,941,1,5,25,2,0,0,0,1
1225398,4,2020,2020,4,3,11,3,27,31,34609,0,1,1,-31.080775,150.873067,70,1,0,1,3,1,2,6,0,0,7,100,0,9859,9859,8,5,40,1,0,1,0,0
1225431,2,2020,2020,4,2,2,103,27,17,256,0,1,1,-34.141857,150.79064,13,0,2,1,0,0,0,0,0,0,7,80,2,4026,4026,8,5,40,1,0,0,1,0
1225432,1,2020,2020,4,2,9,105,27,65,109,0,1,1,-33.872302,150.90059,24,0,2,1,2,0,0,0,3,0,7,60,1,1981,1981,4,0,5,2,0,0,0,2
1225434,4,2020,2020,4,0,5,21,27,20,34609,0,1,1,-33.270272,151.364268,16,2,2,1,0,0,0,0,2,0,7,80,0,14295,14295,3,5,0,2,0,1,0,1
1225442,4,2020,2020,4,6,5,19,27,16,63,0,1,10,-34.564017,150.830201,62,0,2,1,1,0,0,0,2,2,9,70,2,2040,2040,9,5,26,2,0,1,0,0
1225444,2,2020,2020,4,4,0,6,10,18,34609,0,1,1,-32.923853,151.760944,48,0,2,1,2,0,0,0,0,0,7,60,0,121,121,9,5,28,2,0,0,1,0
1225445,2,2020,2020,4,0,6,53,27,134,51,0,1,9,-33.510822,151.318527,16,2,2,1,1,0,0,0,2,0,0,60,1,2852,2852,4,5,40,2,0,0,1,0
1225446,2,2020,2020,4,2,10,283,27,145,702,0,1,10,-33.921323,151.067603,15,0,2,1,2,0,0,0,0,2,7,60,2,2040,2040,9,0,28,2,0,0,1,0
1225450,4,2020,2020,3,1,5,3371,17,12,3342,0,1,9,-29.687946,152.967073,18,1,0,1,0,0,0,0,2,0,7,100,2,926,926,4,10,10,3,0,1,2,0
1225452,4,2020,2020,4,1,5,1,7,76,34609,0,1,1,-34.554378,150.379906,78,2,1,0,1,0,0,0,2,0,7,50,0,214,214,9,5,28,2,0,1,0,0
1225454,4,2020,2020,4,3,8,44,27,253,53,0,1,9,-33.958252,151.10942,25,0,2,1,0,0,0,0,2,0,7,60,1,1669,1669,3,16,0,3,0,1,0,0
1225458,4,2020,2020,3,6,5,40,27,609,24,1,0,10,-33.773429,150.908029,7,0,2,1,3,0,0,0,2,2,7,60,1,6545,6545,4,5,0,3,0,1,1,0
1225459,2,2020,2020,3,1,6,9,27,3,34609,0,1,1,-33.298308,149.717732,3,1,0,1,0,0,0,0,2,0,7,100,0,3775,3775,0,0,0,2,0,0,1,0
1225461,4,2020,2020,4,3,0,21,27,26,11,0,1,1,-32.76574,151.364915,17,2,1,1,0,0,0,0,0,0,7,80,1,9859,9859,8,5,40,1,0,1,0,0
1225462,2,2020,2020,4,0,4,478,17,96,480,0,1,9,-33.437624,151.373672,16,2,2,1,3,0,0,0,2,2,7,70,2,14295,14295,3,5,13,3,0,0,1,0
1225464,4,2020,2020,3,2,6,30,27,26,34609,0,1,1,-32.803613,151.399785,17,2,1,1,0,0,0,0,2,0,7,80,0,4026,4026,8,5,40,1,0,1,1,2
1225465,1,2020,2020,4,4,10,9,31,40,34609,0,1,10,-34.219635,150.593048,79,2,2,1,2,0,0,0,0,0,7,50,0,4026,4026,1,5,0,2,0,0,0,1
1225467,2,2020,2020,4,6,9,110,27,167,40,0,1,9,-33.841927,151.058777,54,0,2,1,3,0,0,0,3,2,7,60,1,29,29,6,5,0,3,0,0,1,0
1225469,2,2020,2020,3,6,4,515,14,202,518,0,1,3,-33.940048,151.030881,15,0,2,1,0,0,0,0,2,0,7,100,2,204,204,1,0,5,2,0,0,1,0
1225471,1,2020,2020,4,6,6,5,27,108,34609,0,1,2,-33.307575,151.415405,16,2,2,1,1,0,0,0,2,0,7,60,0,14295,14295,3,10,5,2,0,0,0,1
1225478,2,2020,2020,3,1,10,2,31,182,34609,0,1,1,-32.832584,151.363968,17,2,1,1,0,0,0,0,0,0,7,50,0,121,121,9,33,28,2,0,0,1,0
1225480,4,2020,2020,3,2,9,1104,14,460,962,0,1,3,-33.825553,150.990669,21,0,2,1,0,0,0,0,2,0,7,90,2,1383,1383,1,5,0,3,0,1,2,0
1225481,2,2020,2020,3,3,9,112,27,29,769,0,1,1,-33.542143,150.633846,29,2,2,0,0,0,3,4,0,0,7,60,2,1957,4009,8,5,40,1,0,0,1,0
1225483,4,2020,2020,4,4,3,296,27,460,293,0,1,9,-33.846496,150.997603,21,0,2,1,2,0,0,0,1,0,0,70,2,2040,2040,9,5,28,2,0,1,0,0
1225487,4,2020,2020,3,3,9,2209,17,13,2205,0,1,1,-35.175501,150.440769,63,2,1,0,0,0,3,4,2,0,7,80,2,4552,5151,8,21,40,1,0,1,1,0
1225488,2,2020,2020,3,0,11,2,10,66,34609,0,1,9,-33.719354,150.927208,7,0,2,0,2,0,0,0,0,0,7,50,0,1259,5151,8,5,40,1,0,0,1,0
1225489,2,2020,2020,3,5,9,56,23,129,144,0,1,1,-33.897946,151.089663,9,0,2,1,1,0,0,3,2,0,7,60,2,9859,9859,8,5,40,1,0,0,1,0
1225491,2,2020,2020,4,3,4,81,27,44,115,0,1,1,-33.798557,150.896789,7,0,2,1,1,0,0,0,2,0,7,60,2,1945,1945,5,16,40,1,0,0,1,0
1225492,2,2020,2020,4,6,0,18,1,112,34609,0,1,10,-33.903702,151.21256,69,0,2,1,2,0,0,0,0,2,8,40,0,14295,14295,3,9,5,2,0,0,1,0
1225493,1,2020,2020,3,4,4,1,31,123,34609,1,2,1,-33.806433,151.058721,54,0,2,1,0,0,3,4,2,0,9,40,0,1220,1220,9,5,28,2,0,0,0,1
1225496,1,2020,2020,4,6,4,1,31,40,34609,1,0,9,-33.81025,151.20678,77,0,2,1,1,0,0,6,2,0,9,50,0,14295,14295,3,0,5,4,0,0,0,2
1225510,4,2020,2020,4,3,5,38,27,56,70,0,1,7,-33.743523,150.778356,55,0,2,0,1,0,3,5,2,0,0,60,1,6545,6545,4,10,0,2,0,1,0,0
1225511,4,2020,2020,4,1,0,2209,17,204,2205,0,1,10,-33.94207,151.144454,4,0,2,1,2,0,0,0,0,0,7,60,2,1192,1192,1,5,5,2,0,1,0,0
1225513,4,2020,2020,4,1,5,1,27,48,34609,0,1,9,-28.993364,151.948958,51,1,0,0,0,0,0,0,2,0,7,100,0,1850,1463,5,29,40,1,0,1,0,0
1225514,4,2020,2020,3,5,2,294,17,18,288,0,1,1,-35.122931,147.312788,75,1,0,1,0,0,3,3,0,0,7,100,2,1945,1945,5,16,40,1,0,1,0,0
1225522,2,2020,2020,4,4,7,28,10,32,70,0,1,7,-31.939843,152.471581,43,2,1,0,1,0,3,4,2,0,0,70,1,4552,5151,8,10,40,1,0,0,1,0
1225524,4,2020,2020,3,5,5,1,27,16,34609,0,1,1,-32.712601,151.698638,57,2,1,1,0,0,0,0,2,0,7,40,0,9859,9859,8,5,40,1,0,1,0,0
1225525,4,2020,2020,4,1,6,77,27,17,58,0,1,1,-34.683672,150.500028,63,2,1,1,0,0,3,3,2,0,7,60,2,4026,4026,8,10,40,1,0,1,0,0
1225539,2,2020,2020,3,4,5,294,17,56,288,0,1,9,-35.125027,147.407625,75,2,1,1,0,0,0,0,2,0,0,60,2,6545,6545,4,10,22,2,0,0,1,0
1225542,2,2020,2020,3,4,3,38,27,218,70,0,1,2,-33.746994,150.777411,55,0,2,1,1,0,3,3,2,0,7,60,1,4026,4026,8,5,40,1,0,0,1,0
1225545,4,2020,2020,4,5,0,40,27,149,34609,0,1,9,-33.827364,150.964538,21,0,2,1,2,0,3,4,0,0,7,50,0,9859,9859,8,5,40,1,0,1,0,0
1225547,4,2020,2020,4,6,6,118,17,2,118,0,1,1,-30.116418,149.127665,51,1,0,1,0,0,0,0,2,0,7,100,2,9859,9859,8,0,40,1,0,1,0,0
1225548,2,2020,2020,3,5,10,916,17,194,917,0,1,1,-30.477865,151.680768,1,1,0,0,0,0,0,0,0,0,7,100,2,3775,3775,0,30,0,2,0,0,3,0
1225549,2,2020,2020,3,2,10,78,31,41,41,0,1,10,-35.059008,148.102878,20,2,1,1,2,0,0,0,0,0,0,50,1,6545,6545,4,5,5,2,0,0,1,0
1225550,2,2020,2020,4,5,2,2209,17,137,2205,0,1,9,-34.045313,151.052674,68,0,2,0,2,0,0,0,1,2,7,80,2,14295,14295,3,5,0,2,0,0,1,1
1225551,2,2020,2020,3,3,10,8,31,90,34609,0,1,9,-33.88686,151.240423,81,0,2,1,2,0,0,0,0,0,7,50,0,312,312,2,5,40,1,0,0,1,0
1225552,1,2020,2020,3,2,5,14,31,21,34609,0,1,9,-34.545794,150.859492,62,0,2,1,3,0,0,0,2,0,7,50,0,1669,1669,3,30,13,2,0,0,0,1
1225554,1,2020,2020,4,4,2,26,27,7,34609,0,1,1,-31.05898,152.748652,34,2,1,1,0,0,0,0,0,0,7,80,0,4026,4026,8,5,40,1,0,0,0,1
1225556,1,2020,2020,4,2,5,17,27,3,18,0,1,1,-35.010024,148.801845,82,1,0,1,0,0,0,0,2,0,7,100,1,83,83,5,16,40,2,0,0,0,1
1225559,4,2020,2020,4,4,6,916,17,66,917,0,1,2,-32.815559,151.677682,48,0,2,1,0,0,3,4,2,0,7,80,2,3775,3775,0,8,5,3,0,2,1,0
1225561,4,2020,2020,4,6,4,3,31,48,34609,1,0,10,-36.671962,149.841241,5,2,1,1,1,0,3,0,2,0,0,50,0,5929,5929,1,5,36,2,0,1,0,0
1225562,2,2020,2020,4,0,6,37,27,21,34609,0,1,1,-33.264083,151.401351,16,2,2,1,3,0,3,4,2,0,7,80,0,3775,3775,0,0,5,2,0,0,1,0
1225569,2,2020,2020,3,1,10,346,17,8,332,0,1,1,-28.878438,153.193712,39,1,0,0,3,0,3,4,0,0,7,100,2,1089,1089,7,30,40,1,0,0,1,0
1225570,4,2020,2020,3,3,4,40,27,609,24,0,1,1,-33.77232,150.89525,7,0,2,1,3,0,3,4,2,0,7,60,1,1981,1981,4,5,5,2,0,1,0,0
1225578,2,2020,2020,3,6,2,3,27,4,34609,0,1,1,-28.350169,153.500442,72,2,1,0,0,2,3,4,0,0,7,50,0,1957,4009,8,0,40,1,0,0,1,0
1225582,1,2020,2020,4,5,7,2126,17,142,2149,0,1,10,-33.827567,151.004726,21,0,2,1,1,0,0,0,2,2,7,60,2,14295,14295,3,5,0,2,0,0,0,1
1225584,4,2020,2020,4,1,6,135,17,8,136,0,1,1,-36.091468,147.038245,0,2,1,0,0,0,0,0,2,0,7,80,2,4552,5151,8,16,40,1,0,1,0,0
1225588,2,2020,2020,3,4,8,85,31,179,34609,0,1,9,-31.89935,152.484846,43,2,1,1,1,0,0,0,2,0,0,50,0,9859,9859,8,0,40,1,0,0,1,0
1225589,2,2020,2020,3,2,10,37,1,646,34609,1,0,7,-33.921627,151.029526,15,0,2,1,0,0,0,0,2,0,0,50,0,6545,6545,4,0,5,2,0,0,1,0
1225591,2,2020,2020,4,5,4,294,17,16,288,0,1,1,-34.569068,143.124917,51,1,0,1,0,0,0,0,2,0,7,110,2,475,475,5,5,40,1,0,0,1,0
1225592,2,2020,2020,3,6,5,829,27,149,770,0,1,9,-33.867861,151.176002,32,0,2,1,1,0,0,0,2,0,7,60,2,1282,1282,1,5,36,2,0,0,1,0
1225594,4,2020,2020,3,5,9,3,27,9,34609,0,1,1,-34.459312,148.367848,30,1,0,1,0,0,0,0,2,0,7,100,0,945,945,5,5,40,1,0,1,0,0
1225597,4,2020,2020,3,1,6,59,10,8,231,0,1,1,-33.482893,151.384998,16,2,2,1,1,0,0,0,2,0,7,70,2,14295,14295,3,5,5,3,0,1,0,0
1225602,2,2020,2020,3,0,5,35,6,37,34609,0,1,1,-33.008257,151.668978,37,0,2,1,1,0,0,0,2,0,7,50,0,220,220,8,5,40,1,0,0,1,0
1225607,2,2020,2020,3,5,5,1,27,7,34609,0,1,1,-33.158627,147.823034,53,1,0,1,0,2,0,0,2,0,7,100,0,945,945,5,0,40,1,0,0,1,0
1225608,1,2020,2020,4,6,7,45,27,134,40,0,1,1,-33.679149,150.862048,7,0,2,1,0,0,0,0,2,0,7,50,2,2040,2040,9,5,28,2,0,0,0,1
1225610,2,2020,2020,4,3,6,81,31,133,80,0,1,7,-33.922287,151.012863,15,0,2,1,1,0,3,4,2,0,7,60,1,6545,6545,4,5,19,2,0,0,1,0
1225611,2,2020,2020,3,2,10,3,1,76,34609,0,1,1,-33.921134,150.871346,41,0,2,1,0,0,0,0,0,0,7,50,0,312,312,2,5,40,1,0,0,1,0
1225613,2,2020,2020,3,1,5,46,27,304,39,0,1,9,-33.907238,151.147716,32,0,2,1,3,0,3,4,2,0,7,60,1,5929,5929,1,0,5,2,0,0,1,0
1225615,2,2020,2020,3,2,6,2261,17,109,2252,0,1,9,-33.956707,150.875784,41,0,2,1,1,0,0,0,2,2,7,70,2,5929,5929,1,5,5,3,0,0,2,1
1225622,4,2020,2020,3,0,9,13,31,57,34609,0,1,7,-33.35635,151.445358,16,2,2,1,1,0,0,0,3,0,7,50,0,312,312,2,16,40,1,0,1,0,0
1225628,2,2020,2020,4,4,9,2209,17,6,2205,0,1,1,-35.425305,150.415978,63,1,0,1,0,0,3,4,3,0,7,100,2,9859,9859,8,5,40,1,0,0,1,0
1225635,2,2020,2020,3,2,11,13,3,370,256,0,1,10,-34.070701,150.811758,13,0,2,1,2,0,3,4,0,2,7,60,2,475,475,5,5,40,1,0,0,1,0
1225636,2,2020,2020,4,5,11,1,1,68,34609,0,1,1,-34.80901,148.918463,82,2,1,1,0,0,0,0,0,0,7,70,0,9859,9859,8,5,40,1,0,0,1,1
1225638,2,2020,2020,3,0,4,10,10,121,34609,0,1,1,-28.20275,153.543574,72,2,1,1,0,0,0,0,2,0,7,50,0,5929,5929,1,5,18,2,0,0,1,0
1225639,2,2020,2020,4,6,8,61,27,53,208,1,0,1,-33.848086,150.961818,21,0,2,1,3,0,0,0,2,0,7,60,1,1391,1391,1,0,12,3,0,0,1,0
1225640,4,2020,2020,3,2,6,15,27,9,34609,0,1,9,-29.824636,150.896577,33,1,0,0,0,0,0,0,2,0,7,100,0,1850,1463,5,16,40,1,0,1,0,0
1225642,1,2020,2020,3,3,6,283,27,145,702,0,1,10,-33.921376,151.067473,15,0,2,1,3,0,0,0,2,2,7,60,2,6545,6545,4,30,0,2,0,0,0,1
1225643,2,2020,2020,3,1,8,123,36,14,49,0,1,9,-30.459515,151.355564,51,1,0,0,3,0,3,4,2,0,0,100,1,418,714,5,0,40,1,0,0,1,1
1225646,4,2020,2020,3,0,7,3,27,73,34609,0,1,9,-33.750634,150.812062,7,0,2,1,0,0,0,0,2,0,0,60,0,2852,2852,4,21,27,2,0,1,0,0
1225647,4,2020,2020,4,3,4,205,27,86,415,0,1,2,-33.704744,151.20539,50,0,2,0,1,0,0,0,2,0,7,90,2,404,404,8,22,40,2,0,1,0,1
1225649,2,2020,2020,3,5,10,2126,17,104,2149,0,1,10,-33.833455,151.018618,54,0,2,1,2,0,0,0,0,2,7,60,2,395,395,1,5,19,2,0,0,1,0
1225652,2,2020,2020,3,2,6,3,10,294,34609,0,1,1,-33.933726,150.963419,41,0,2,0,1,0,0,0,2,0,7,50,0,3775,3775,0,5,5,2,0,0,1,0
1225655,1,2020,2020,3,3,5,7,23,87,34609,0,1,1,-34.060049,151.154643,68,0,2,1,1,0,0,0,2,0,7,50,0,14295,14295,3,15,0,2,0,0,0,1
1225656,1,2020,2020,4,0,7,93,10,16,34609,0,1,9,-34.564083,150.834237,62,0,2,1,1,0,0,0,2,0,7,50,0,4026,4026,8,16,40,1,0,0,0,1
1225657,2,2020,2020,3,2,6,1,31,34,34609,0,1,10,-37.05994,149.906156,5,2,1,1,1,0,0,0,2,0,0,50,0,6545,6545,4,5,5,2,0,0,1,0
1225658,2,2020,2020,3,0,8,78,17,34,75,0,1,3,-33.860135,151.20587,69,0,2,1,0,0,0,0,2,0,7,70,2,14295,14295,3,9,0,2,0,0,1,1
1225659,1,2020,2020,3,6,4,143,31,123,181,0,1,2,-33.88547,151.228001,69,0,2,0,1,0,0,0,2,0,7,50,2,190,190,1,22,5,2,0,0,0,1
1225664,2,2020,2020,4,4,3,62,10,55,169,0,1,1,-32.830473,151.527124,17,2,1,0,2,0,0,0,2,0,7,60,2,3775,3775,0,8,5,2,0,0,1,0
1225669,1,2020,2020,3,2,0,224,27,169,321,0,1,1,-33.898336,151.199853,69,0,2,1,2,0,0,0,0,0,7,50,2,1109,787,1,5,27,2,0,0,0,1
1225671,2,2020,2020,3,0,7,348,17,105,232,0,1,1,-32.603594,149.598306,44,2,1,0,3,0,0,0,2,0,7,50,2,3775,3775,0,0,40,3,0,0,1,0
1225678,4,2020,2020,4,4,6,1104,14,142,962,0,1,3,-33.827838,150.995936,21,0,2,0,0,0,0,0,2,0,7,90,2,1383,1383,1,5,12,2,0,1,0,0
1225680,1,2020,2020,3,2,5,205,27,86,415,0,1,10,-33.700847,151.212568,50,0,2,1,3,0,3,4,2,2,7,80,2,14295,14295,3,0,5,3,0,0,0,1
1225684,1,2020,2020,3,0,7,2126,17,438,2149,0,1,10,-33.845062,151.042205,21,0,2,1,3,0,3,4,2,2,7,60,2,1391,1391,1,10,5,2,0,0,0,1
1225690,1,2020,2020,3,0,7,39,10,87,65,0,1,7,-33.697925,150.964383,71,0,2,1,3,0,3,4,2,0,0,60,1,14295,14295,3,5,5,2,0,0,0,1
1225694,1,2020,2020,3,4,5,149,10,136,702,0,1,2,-33.867728,151.064316,67,0,2,1,3,0,0,0,2,0,7,80,2,14295,14295,3,5,36,2,0,0,0,2
1225695,4,2020,2020,3,4,10,8,10,149,20,0,1,9,-33.34811,151.378586,16,2,2,1,3,0,0,0,0,0,0,60,1,14295,14295,3,10,36,2,0,1,0,0
1225703,2,2020,2020,3,4,1,17,27,8,34609,0,1,1,-33.531183,150.738525,29,2,2,1,0,0,3,4,0,0,7,80,0,4026,4026,8,10,40,1,0,0,1,0
1225711,1,2020,2020,3,6,1,13,10,74,12,0,1,2,-33.726134,151.034976,31,0,2,1,2,0,3,0,0,0,7,60,1,9859,9859,1,5,5,2,0,0,0,1
1225715,2,2020,2020,3,2,5,3,27,70,34609,0,1,1,-33.257085,151.502916,16,2,2,1,0,0,0,3,2,0,7,50,0,9859,9859,1,5,13,2,0,0,1,0
1225716,4,2020,2020,3,3,8,157,17,7,158,0,1,1,-34.043556,145.502234,51,1,0,0,0,0,0,0,2,0,7,110,2,782,957,5,26,40,1,0,1,0,0
1225719,4,2020,2020,3,3,8,3371,17,23,3342,0,1,9,-32.999563,151.685597,37,0,2,1,1,0,3,4,2,2,7,70,2,14295,14295,3,5,5,2,0,1,0,0
1225720,4,2020,2020,3,2,11,3371,17,108,3342,0,1,10,-33.805431,151.179394,77,0,2,1,2,0,0,0,0,2,8,60,2,5929,5929,1,5,0,2,0,1,4,0
1225721,1,2020,2020,3,3,7,74,23,149,260,0,1,10,-33.989063,151.146671,4,0,2,1,3,0,0,0,2,0,0,60,2,14295,14295,3,30,13,3,0,0,0,1
1225725,4,2020,2020,3,3,0,63,17,207,63,0,1,7,-31.978651,141.456355,51,2,1,1,2,0,0,0,0,0,0,50,2,9859,9859,8,5,40,1,0,1,0,0
1225728,4,2020,2020,3,2,4,194,31,85,34609,1,0,1,-34.575468,150.774168,62,0,2,1,0,0,0,0,2,0,7,50,0,4026,4026,8,34,40,1,0,1,1,0
1225732,2,2020,2020,3,2,9,17,27,78,30,0,1,9,-28.315052,153.390976,72,2,1,0,0,0,0,0,0,0,0,80,1,418,777,5,34,40,1,0,0,2,0
1225733,2,2020,2020,3,1,7,2126,17,609,2149,0,1,9,-33.799229,150.899958,7,0,2,1,1,0,0,0,2,1,7,80,2,204,204,1,5,5,2,0,0,1,0
1225735,4,2020,2020,3,4,8,4,27,59,34609,0,1,1,-33.202617,151.456162,37,0,2,0,0,0,3,4,2,0,7,80,0,1957,4009,8,5,40,1,0,1,1,0
1225749,1,2020,2020,3,0,3,13,10,74,12,0,1,2,-33.727286,151.033047,31,0,2,1,3,0,0,0,2,0,7,60,1,14295,14295,3,0,5,3,0,0,0,1
1225751,4,2020,2020,3,5,3,81,31,133,80,0,1,1,-33.934466,151.011546,15,0,2,1,3,0,0,0,2,0,7,60,1,14295,14295,3,5,27,2,0,1,0,0
1225753,2,2020,2020,3,5,8,34,27,38,117,1,0,2,-32.925132,151.696657,48,0,2,0,1,0,0,0,2,0,7,60,2,14295,14295,3,5,5,2,0,0,1,2
1225754,1,2020,2020,4,1,3,2126,17,323,2149,0,1,10,-33.788732,150.854304,7,0,2,1,1,0,0,0,2,2,7,80,2,1669,1669,3,29,0,2,0,0,0,2
1225758,4,2020,2020,4,3,5,114,27,22,65,0,1,1,-33.394294,151.002232,16,2,2,0,0,0,0,0,2,0,7,80,1,2585,4009,8,16,40,1,0,1,0,0
1225762,1,2020,2020,3,0,10,4,27,4,34609,0,1,1,-33.920125,149.514354,51,1,0,0,0,0,0,0,0,0,7,100,0,1089,1089,7,10,40,1,0,0,0,1
1225764,4,2020,2020,3,5,8,3,27,2,34609,0,1,1,-35.321017,147.934948,66,2,1,0,0,2,0,0,2,0,7,80,0,1259,5151,8,0,40,1,0,1,0,1
1225768,2,2020,2020,3,4,6,169,31,37,83,0,1,9,-29.455093,153.196728,18,2,1,0,2,0,0,0,2,0,7,40,1,2585,4009,8,5,40,1,0,0,1,0
1225774,2,2020,2020,3,3,9,37,27,25,52,0,1,1,-33.87304,150.618102,79,2,2,0,0,0,3,4,0,0,7,60,1,3775,3775,0,10,0,2,0,0,1,0
1225775,4,2020,2020,3,2,3,230,27,100,284,0,1,10,-33.812402,151.170924,38,0,2,1,1,0,0,0,2,1,9,60,2,515,515,1,0,19,2,0,1,0,0
1225778,2,2020,2020,3,5,9,1,7,28,34609,0,1,9,-35.370053,149.228197,58,2,1,0,1,0,0,0,2,0,7,60,0,2852,2852,4,0,19,2,0,0,1,0
1225780,1,2020,2020,3,4,6,2,25,41,34609,0,1,9,-34.100237,150.804912,13,0,2,1,1,0,0,0,2,0,7,60,0,256,256,4,5,27,2,0,0,0,1
1225781,2,2020,2020,4,3,0,515,14,60,518,0,1,3,-33.944885,150.950147,41,0,2,1,2,0,3,4,0,0,7,100,2,4026,4026,8,5,40,1,0,0,1,0
1225785,4,2020,2020,3,0,8,153,27,188,147,0,1,1,-33.95074,151.094949,25,0,2,1,3,0,0,0,2,0,7,60,2,14295,14295,3,5,5,3,0,1,1,0
1225796,2,2020,2020,4,6,5,79,27,145,159,0,1,10,-33.932666,151.110005,15,0,2,1,1,0,0,0,2,2,7,60,2,6545,6545,4,21,0,2,0,0,1,0
1225797,2,2020,2020,4,1,8,178,27,189,101,0,1,9,-33.945381,151.053406,15,0,2,1,0,0,0,3,2,2,7,50,1,2852,2852,4,0,0,2,0,0,1,1
1225798,2,2020,2020,3,2,5,196,36,36,15,0,1,1,-34.02365,148.224434,51,1,0,1,0,0,0,0,2,0,7,100,1,4026,4026,8,5,40,1,0,0,2,0
1225801,1,2020,2020,3,5,8,79,10,155,231,0,1,9,-33.484215,151.324387,16,2,2,1,3,0,0,0,2,0,15,60,2,14295,14295,3,5,0,2,0,0,0,1
1225803,1,2020,2020,3,0,9,133,31,646,97,0,1,10,-33.917706,151.028595,15,0,2,1,3,0,0,0,3,0,0,60,1,1391,1391,1,5,5,3,0,0,0,1
1225804,2,2020,2020,3,6,2,475,10,83,268,0,1,9,-33.877241,150.843436,41,0,2,1,3,0,0,0,1,2,9,60,2,6545,6545,4,10,10,2,0,0,1,0
1225806,2,2020,2020,3,3,9,3371,17,39,3342,0,1,7,-33.251934,151.489797,16,2,2,1,3,0,0,0,2,0,0,70,2,395,395,1,33,5,2,0,0,1,1
1225811,2,2020,2020,3,6,3,916,17,172,917,0,1,10,-32.752938,151.586971,42,2,1,1,0,0,0,0,2,2,7,60,2,1282,1282,1,10,27,2,0,0,1,0
1225817,4,2020,2020,3,4,3,19,31,532,34609,0,1,0,-33.877073,151.204635,69,0,2,1,1,0,0,0,2,0,7,40,0,2040,2040,9,10,28,2,0,1,0,0
1225818,2,2020,2020,3,3,9,64,27,278,284,0,1,1,-33.777231,151.054161,54,0,2,1,1,0,0,0,3,0,7,60,2,340,340,9,5,28,2,0,0,1,0
1225823,1,2020,2020,3,1,4,117,27,73,702,0,1,2,-33.826827,151.091064,14,0,2,1,3,0,0,0,2,0,7,70,2,14295,14295,3,30,5,3,0,0,0,1
1225825,1,2020,2020,3,4,8,2126,17,125,2149,0,1,9,-33.863333,151.080822,67,0,2,1,3,0,0,0,2,0,7,60,2,1669,1669,3,0,36,2,0,0,0,1
1225827,4,2020,2020,3,3,9,23,36,14,62,1,0,10,-30.13621,153.004937,19,2,1,1,1,0,3,4,2,0,0,50,1,2852,2852,4,34,5,2,0,1,0,0
1225831,1,2020,2020,3,0,5,6,36,10,34609,0,1,9,-29.445754,153.02685,18,2,1,0,0,0,0,3,2,0,7,80,0,1850,1463,5,8,40,1,0,0,0,1
1225837,4,2020,2020,3,1,6,171,27,113,369,0,1,9,-33.778083,150.711498,55,0,2,1,0,0,0,0,2,0,15,60,2,14295,14295,3,10,5,2,0,1,1,0
1225839,2,2020,2020,3,6,5,171,23,55,34609,0,1,10,-33.88986,151.28292,76,0,2,0,1,0,3,4,2,0,0,50,0,1109,787,1,0,19,2,0,0,1,0
1225842,1,2020,2020,4,4,4,485,27,40,769,0,1,10,-33.734417,150.973401,71,0,2,1,3,0,0,0,2,0,0,70,2,623,623,3,0,0,2,0,0,0,1
1225845,2,2020,2020,3,6,8,32,27,16,563,0,1,2,-33.979242,151.029924,68,0,2,1,3,0,0,0,2,0,7,80,2,1391,1391,1,5,5,2,0,0,1,0
1225847,2,2020,2020,3,4,7,2126,17,445,2149,0,1,9,-33.849236,151.05044,21,0,2,1,3,0,0,0,2,2,7,60,2,926,926,4,0,12,2,0,0,1,0
1225850,1,2020,2020,4,0,8,46,1,443,34609,0,1,7,-33.901514,151.048756,15,0,2,1,3,0,0,0,4,0,0,60,0,14295,14295,3,5,5,2,0,0,0,1
1225852,2,2020,2020,3,4,2,3371,17,41,3342,0,1,2,-31.417848,152.822609,56,1,0,0,3,0,3,3,0,0,7,100,2,1957,4009,8,34,40,1,0,0,1,0
1225858,1,2020,2020,4,2,4,234,27,112,217,0,1,7,-33.696068,151.030356,31,0,2,0,3,0,3,0,2,0,0,60,2,217,217,1,30,36,2,0,0,0,1
1225862,1,2020,2020,3,5,9,72,14,532,71,0,1,3,-33.869532,151.218456,69,0,2,0,3,0,0,0,2,0,7,80,2,1391,1391,1,0,5,4,0,0,0,1
1225863,2,2020,2020,4,0,4,2261,17,64,2252,0,1,2,-33.886019,151.068974,67,0,2,0,3,0,0,0,2,0,7,60,2,14295,14295,3,10,5,2,0,0,1,0
1225865,2,2020,2020,3,1,0,133,17,12,121,0,1,1,-36.592478,149.302641,65,1,0,0,3,0,3,1,0,0,7,100,2,4552,5151,8,10,40,1,0,0,2,0