Crash ID,Degree of crash - detailed,Reporting year,Year of crash,Month of crash,Day of week of crash,Two-hour intervals,Street of crash,Street type,Town,Route no.,School zone location,School zone active,Type of location,Latitude,Longitude,LGA,Urbanisation,Conurbation 1,Alignment,Street lighting,Road surface,Surface condition,Weather,Natural lighting,Signals operation,Other traffic control,Speed limit,Road classification,RUM - code,DCA - code,First impact type,Key TU type,Other TU type,No. of traffic units involved,No. killed,No. seriously injured,No. moderately injured,No. minor-other injured
1225879,4,2020,2020,3,6,9,1,10,30,34609,1,0,9,-34.038664,150.813168,13,0,2,0,3,0,0,0,2,0,7,50,0,2852,2852,4,19,5,2,0,1,0,0
1225884,2,2020,2020,3,5,8,2209,17,204,2205,0,1,2,-33.934463,151.151968,4,0,2,1,3,0,0,0,2,0,7,60,2,14295,14295,3,5,5,2,0,0,1,0
1225887,2,2020,2020,3,5,3,149,27,4,198,0,1,1,-33.965378,150.968679,41,0,2,1,3,0,0,0,2,0,7,60,2,14295,14295,3,5,5,3,0,0,1,0
1225894,2,2020,2020,3,5,7,57,1,46,34609,0,1,9,-33.927441,150.859222,41,0,2,1,3,0,0,0,2,0,7,50,0,5929,5929,1,0,5,2,0,0,1,0
1225898,1,2020,2020,3,0,8,78,27,438,34609,1,0,10,-33.854362,151.032181,21,0,2,1,3,0,0,0,2,2,7,50,0,14295,14295,3,5,5,2,0,0,0,1
1225900,1,2020,2020,3,2,6,255,31,609,220,0,1,10,-33.771775,150.911449,7,0,2,1,3,0,3,4,2,2,8,60,2,14295,14295,3,10,5,2,0,0,0,1
1225906,1,2020,2020,3,4,3,220,27,92,222,0,1,10,-33.720413,150.937952,71,0,2,1,3,0,0,0,2,2,9,80,2,1391,1391,1,0,0,2,0,0,0,1
1225912,2,2020,2020,3,1,4,14,10,316,34609,0,1,1,-31.438641,152.886887,56,2,1,0,3,0,3,4,2,0,7,50,0,3775,3775,0,0,0,2,0,0,1,0
1225915,4,2020,2020,3,2,4,346,17,47,332,0,1,1,-28.832453,153.424875,2,1,0,1,1,0,0,0,2,0,7,100,2,1109,787,1,30,0,2,0,2,0,0
1225918,4,2020,2020,3,1,6,2126,17,218,2149,0,1,9,-33.771582,150.779457,55,0,2,1,1,0,0,0,2,2,7,60,2,4552,985,8,16,40,1,0,1,0,0
1225919,2,2020,2020,3,0,6,2261,17,96,2252,0,1,3,-34.229313,150.667706,79,1,2,1,0,0,0,0,2,0,7,110,2,1192,1192,1,10,0,2,0,0,1,0
1225922,4,2020,2020,3,3,7,1,27,3,34609,0,1,1,-34.691309,147.591323,51,1,0,1,0,0,3,4,2,0,7,100,0,9859,9859,8,5,40,1,0,1,1,0
1225928,1,2020,2020,3,1,3,31,27,70,101,0,1,10,-32.910654,151.7266,48,0,2,1,2,0,0,0,1,2,7,60,2,1192,1192,1,22,5,2,0,0,0,1
1225932,1,2020,2020,4,3,0,72,14,532,71,0,1,3,-33.86802,151.217855,69,0,2,0,3,0,0,0,0,0,7,80,2,2585,4009,8,5,40,1,0,0,0,1
1225943,4,2020,2020,3,3,4,2209,17,106,2205,0,1,2,-33.885696,151.194232,69,0,2,1,0,0,0,0,2,0,7,50,2,1383,1383,1,22,5,2,0,1,0,0
1225944,2,2020,2020,3,3,0,76,31,76,34609,0,1,7,-35.350152,150.462529,63,2,1,1,2,0,0,0,0,0,0,50,0,312,312,2,10,40,1,0,0,1,0
1225945,2,2020,2020,4,1,9,48,10,252,34609,0,1,1,-33.945863,150.854335,41,0,2,0,1,0,0,0,2,0,7,50,0,1957,4009,8,16,40,1,0,0,1,0
1225959,4,2020,2020,4,0,8,3,27,7,7,0,1,9,-30.646633,152.953142,47,2,1,0,0,0,3,4,2,0,7,80,1,4552,5151,8,10,40,1,0,1,0,0
1225960,2,2020,2020,4,4,9,515,14,189,518,0,1,3,-33.942197,151.049425,15,0,2,1,2,0,0,0,3,0,7,80,2,9859,9859,8,5,40,1,0,0,1,0
1225961,4,2020,2020,4,4,6,5,31,104,34609,0,1,1,-32.911623,151.708636,48,0,2,1,0,0,0,0,2,0,7,40,0,2040,2040,9,0,26,2,0,1,0,0
1225962,1,2020,2020,4,1,2,2209,17,10,2205,0,1,1,-36.806029,149.815515,5,1,0,0,0,0,0,0,1,0,7,100,2,418,714,5,30,40,1,0,0,0,1
1225964,1,2020,2020,4,0,4,5,31,53,34609,1,2,10,-31.870569,152.373954,43,2,1,1,1,0,0,0,2,0,9,40,0,591,591,1,22,5,2,0,0,0,1
1225965,2,2020,2020,4,3,6,40,31,111,34609,0,1,1,-33.923815,151.249493,59,0,2,1,0,0,0,0,2,0,7,50,0,312,312,2,5,40,1,0,0,1,0
1225966,4,2020,2020,4,6,8,3,27,1,34609,0,1,1,-34.989314,150.783883,63,2,1,0,0,0,0,0,2,0,7,80,0,782,957,5,16,40,1,0,1,0,0
1225969,4,2020,2020,4,2,11,7,31,111,34609,0,1,7,-33.917421,151.252731,59,0,2,1,2,0,0,0,0,0,0,50,0,1957,777,8,15,40,1,0,1,0,0
1225970,4,2020,2020,4,4,0,40,27,59,39,0,1,7,-33.156447,151.478842,37,0,2,1,2,0,0,0,0,0,0,80,1,1945,1945,5,16,40,1,0,1,0,0
1225973,2,2020,2020,3,1,10,49,27,290,34609,0,1,1,-33.951439,151.117954,4,0,2,1,2,0,0,0,0,0,7,50,0,9859,9859,1,9,13,2,0,0,1,0
1225974,2,2020,2020,4,3,1,2,27,9,34609,0,1,1,-32.746531,147.733503,53,1,0,1,0,0,0,0,0,0,7,100,0,9859,9859,8,5,40,1,0,0,1,0
1225977,4,2020,2020,4,5,8,168,17,8,212,0,1,1,-35.323744,149.72267,58,1,0,1,0,0,0,0,2,0,7,100,2,4026,4026,8,0,40,1,0,1,0,0
1225978,2,2020,2020,4,1,9,99,31,237,105,0,1,9,-33.871948,150.946075,24,0,2,1,1,0,0,0,2,0,15,60,1,6545,6545,4,0,5,4,0,0,1,0
1225980,2,2020,2020,3,2,9,16,31,188,34609,1,0,7,-33.929693,151.095874,15,0,2,1,1,0,0,0,2,0,0,50,0,1259,985,8,9,40,1,0,0,1,0
1225981,4,2020,2020,4,2,5,222,31,120,34609,0,1,1,-32.190989,152.527167,43,2,1,1,1,0,0,0,2,0,7,50,0,4026,4026,8,22,40,1,0,1,0,0
1225984,1,2020,2020,4,4,7,330,27,121,102,1,0,1,-33.786242,151.280949,50,0,2,1,3,0,0,0,2,0,7,50,2,1945,1945,5,16,40,1,0,0,0,1
1225989,4,2020,2020,4,4,11,334,17,53,308,0,1,10,-31.090067,150.929282,70,2,1,1,2,0,3,0,0,2,9,50,2,2040,2040,9,5,28,2,0,1,0,0
1225993,1,2020,2020,3,4,5,296,27,187,293,0,1,2,-33.888993,150.973482,24,0,2,1,0,0,0,0,2,0,0,70,2,14295,14295,3,5,5,2,0,0,0,1
1225994,4,2020,2020,3,1,6,98,31,100,159,0,1,9,-33.960061,151.154215,4,0,2,1,1,0,0,3,2,2,9,40,2,1220,1220,9,5,28,2,0,1,0,0
1225995,4,2020,2020,4,1,5,12,27,5,62,0,1,1,-36.582327,150.004238,5,1,0,0,0,0,3,4,2,0,7,100,1,4552,5151,8,0,40,1,0,1,0,0
1226001,2,2020,2020,3,6,9,2,31,102,34609,0,1,9,-31.109374,150.911122,70,2,1,1,1,0,3,4,3,0,7,50,0,9859,9859,8,10,40,1,0,0,1,0
1226002,2,2020,2020,3,6,8,387,27,290,331,0,1,9,-33.950037,151.126416,4,0,2,1,1,0,0,0,2,2,7,60,2,395,395,1,0,19,2,0,0,1,0
1226006,2,2020,2020,4,3,8,3371,17,27,3342,0,1,2,-30.178298,153.163096,19,1,0,1,0,0,0,0,2,0,7,110,2,9859,9859,8,5,40,1,0,0,1,0
1226014,4,2020,2020,4,3,8,108,27,90,93,0,1,1,-33.782746,150.95031,54,0,2,1,2,0,0,0,3,0,7,60,1,9859,9859,8,0,40,1,0,1,0,0
1226017,2,2020,2020,3,6,2,3371,17,463,3342,0,1,2,-30.272206,153.134988,19,2,1,0,0,0,3,4,1,0,7,60,2,273,957,5,5,40,1,0,0,1,0
1226021,2,2020,2020,4,6,2,14,31,215,34609,0,1,10,-35.116048,147.36936,75,2,1,1,2,0,0,0,0,3,7,50,0,9859,9859,8,9,40,1,0,0,1,0
1226023,2,2020,2020,4,0,8,3371,17,19,3342,0,1,7,-28.824809,153.528284,2,2,1,1,1,0,0,0,2,0,0,60,2,4026,4026,8,16,40,1,0,0,1,0
1226024,4,2020,2020,4,3,9,13,27,3,14,0,1,1,-33.681428,149.307852,51,1,0,0,0,0,0,3,3,0,7,100,1,2585,4009,8,5,40,1,0,1,0,0
1226026,1,2020,2020,3,3,11,25,27,49,27,0,1,1,-34.40129,148.749265,30,1,0,0,0,0,0,0,0,0,7,100,1,782,957,5,5,40,1,0,0,0,1
1226033,4,2020,2020,4,4,2,29,27,49,34609,1,0,7,-34.046099,151.145064,68,0,2,1,2,0,0,0,0,0,0,50,0,6545,6545,4,5,0,2,0,1,0,0
1226036,4,2020,2020,3,5,3,35,27,22,49,0,1,1,-31.3293,150.64872,51,1,0,1,0,0,0,0,2,0,7,100,1,9859,9859,8,5,40,1,0,1,0,0
1226038,4,2020,2020,3,1,6,17,27,127,34609,0,1,1,-33.834216,150.872523,24,0,2,0,0,0,3,3,2,0,7,60,0,3775,3775,0,34,36,2,0,1,1,0
1226039,4,2020,2020,3,2,3,165,31,166,34609,1,0,7,-33.418519,149.576051,3,2,1,1,1,0,0,0,2,0,0,50,0,6545,6545,4,5,27,2,0,1,0,0
1226040,2,2020,2020,4,4,6,97,17,17,88,0,1,2,-34.881824,149.533251,26,1,0,1,0,0,0,6,2,0,7,110,2,14295,14295,3,9,0,2,0,0,1,0
1226042,2,2020,2020,3,5,5,52,27,8,53,0,1,10,-33.928467,151.098213,15,0,2,1,1,0,0,0,2,0,7,50,1,1220,1220,9,10,28,2,0,0,2,0
1226044,2,2020,2020,4,3,11,153,27,188,147,0,1,1,-33.951076,151.092728,25,0,2,1,3,0,0,0,0,0,7,60,2,5929,5929,1,5,36,2,0,0,1,0
1226049,4,2020,2020,3,3,8,48,31,117,34609,0,1,9,-28.178649,153.535884,72,2,1,1,0,0,0,0,2,0,7,50,0,9859,9859,1,30,0,2,0,1,0,0
1226050,2,2020,2020,3,0,6,2209,17,40,2205,0,1,9,-35.025177,150.578532,63,1,0,1,1,0,3,4,2,0,0,100,2,9859,9859,8,10,40,2,0,0,1,0
1226053,4,2020,2020,4,6,7,120,36,12,148,0,1,1,-30.514427,151.99574,1,1,0,0,0,0,3,4,2,0,7,100,1,380,714,5,0,40,1,0,2,0,0
1226055,4,2020,2020,4,1,9,95,31,293,34609,0,1,1,-33.925954,151.05572,15,0,2,1,1,0,0,0,2,0,7,60,0,368,368,9,5,28,2,0,1,0,0
1226058,4,2020,2020,3,3,10,2209,17,70,2205,0,1,1,-34.841563,150.594354,63,2,1,1,2,0,3,4,0,0,7,70,2,4026,4026,8,16,40,1,0,1,0,0
1226063,4,2020,2020,4,4,11,2209,17,40,2205,1,0,1,-35.784931,150.141181,23,2,1,0,0,0,3,4,0,0,7,50,2,4552,5151,8,25,40,1,0,4,2,0
1226065,1,2020,2020,4,5,8,193,31,532,34,0,1,10,-33.873293,151.209789,69,0,2,1,0,0,0,0,2,2,7,40,1,9859,9859,8,19,40,4,0,0,0,3
1226066,1,2020,2020,3,3,11,3371,17,19,3342,0,1,9,-31.890896,152.548646,43,1,0,0,0,0,3,4,0,0,0,100,2,4552,5151,8,3,40,1,0,0,0,1
1226071,1,2020,2020,4,0,8,515,14,243,518,0,1,3,-33.938267,150.913544,41,0,2,1,3,0,0,0,2,0,7,100,2,14295,14295,3,10,36,2,0,0,0,1
1226072,4,2020,2020,4,4,10,92,27,143,34609,0,1,10,-33.885397,151.102125,9,0,2,1,2,0,3,4,0,0,0,50,0,1669,1669,3,30,18,3,0,1,0,0
1226079,1,2020,2020,4,6,3,6,27,2,34609,0,1,1,-34.891041,149.59706,26,1,0,0,0,0,0,0,1,0,7,100,0,1957,4009,8,30,40,1,0,0,0,1
1226080,4,2020,2020,3,0,5,32,31,194,34609,0,1,10,-30.513873,151.674392,1,2,1,1,0,0,0,0,2,0,0,50,0,6545,6545,4,0,5,2,0,1,3,0
1226081,4,2020,2020,4,4,11,35,27,91,96,0,1,9,-32.960939,151.664258,37,0,2,1,2,0,0,0,0,0,15,70,2,2852,2852,4,10,0,2,0,1,1,0
1226088,4,2020,2020,3,0,4,37,1,64,34609,0,1,10,-33.699677,150.745109,55,0,2,1,0,0,0,0,2,0,0,70,0,6545,6545,4,5,5,3,0,1,1,0
1226095,4,2020,2020,3,6,2,19,27,17,46,0,1,1,-34.890455,150.649308,63,2,1,1,0,0,0,0,0,0,7,80,1,1089,1089,7,10,40,1,0,1,0,0
1226104,2,2020,2020,3,3,1,19,31,33,34609,1,0,1,-35.125592,147.334802,75,2,1,1,2,0,0,6,0,0,7,50,0,312,312,2,5,40,1,0,0,1,0
1226105,2,2020,2020,3,2,11,6,31,149,34609,0,1,7,-33.993438,151.136771,4,0,2,1,2,0,3,0,0,0,0,50,0,78,78,8,5,40,1,0,0,1,0
1226106,2,2020,2020,3,4,9,112,27,18,769,0,1,1,-33.505121,150.544458,29,2,2,0,0,0,3,4,0,0,7,80,2,1957,4009,8,5,40,1,0,0,2,0
1226107,2,2020,2020,4,4,4,4,27,144,34609,0,1,1,-34.058309,151.01093,68,0,2,1,1,0,0,0,2,0,7,50,0,3775,3775,0,0,0,2,0,0,3,0
1226108,1,2020,2020,3,3,10,330,27,294,34609,0,1,9,-33.943886,150.924286,41,0,2,1,2,0,3,4,0,3,7,60,0,1945,1945,5,5,40,1,0,0,0,1
1226114,4,2020,2020,3,4,8,24,27,6,103,0,1,1,-28.785817,153.245786,39,2,1,0,0,0,3,4,2,0,7,80,2,1957,4009,8,10,40,1,0,1,0,0
1226117,4,2020,2020,3,1,5,1052,14,207,928,0,1,3,-33.553388,151.192638,31,0,2,0,1,0,3,4,2,0,7,110,2,1957,4009,8,10,40,1,0,1,0,0
1226118,2,2020,2020,3,0,4,46,1,79,34609,0,1,7,-34.900513,150.616849,63,2,1,1,1,0,0,0,2,0,0,60,0,4552,985,1,9,12,2,0,0,1,0
1226119,4,2020,2020,3,5,6,21,27,20,34609,0,1,1,-33.244353,151.304879,16,2,2,0,0,0,3,0,2,0,7,80,0,2585,4009,8,16,40,1,0,1,0,0
1226120,4,2020,2020,3,2,6,85,10,136,702,0,1,9,-33.857552,151.070114,67,0,2,1,0,0,0,0,2,2,7,80,2,14295,14295,3,0,0,2,0,1,0,1
1226123,2,2020,2020,4,3,9,23,31,163,74,0,1,10,-33.861626,151.106015,14,0,2,1,1,0,0,0,2,2,7,50,1,6545,6545,4,27,5,2,0,0,1,0
1226129,2,2020,2020,3,6,2,86,27,5,65,0,1,1,-30.240666,152.490365,18,1,0,1,0,0,3,1,0,0,7,100,1,404,404,8,10,40,1,0,0,1,0
1226132,2,2020,2020,3,5,5,15,31,143,34609,0,1,1,-33.694507,151.105564,31,0,2,1,3,0,0,0,2,0,7,50,0,4026,4026,1,5,0,3,0,0,1,0
1226134,1,2020,2020,3,6,7,4,31,29,148,0,1,10,-32.932452,151.770778,48,0,2,1,3,0,0,0,2,0,7,50,1,1109,397,1,10,5,2,0,0,0,1
1226135,2,2020,2020,3,1,4,19,31,131,12,0,1,10,-33.788475,151.182137,77,0,2,1,3,0,0,0,2,0,15,50,1,6545,6545,4,5,5,3,0,0,1,0
1226139,1,2020,2020,3,4,9,361,23,44,165,0,1,9,-33.970115,151.115871,25,0,2,1,3,0,0,0,0,2,7,50,1,14295,14295,3,5,0,3,0,0,0,1
1226141,1,2020,2020,3,4,8,109,27,460,106,0,1,9,-33.835844,150.986522,21,0,2,1,3,0,0,0,2,3,7,60,1,83,83,1,0,5,2,0,0,0,1
1226142,1,2020,2020,4,0,4,168,10,387,260,0,1,2,-33.936277,151.192881,4,0,2,0,3,0,0,0,2,2,7,70,2,1192,1192,1,5,5,2,0,0,0,1
1226147,1,2020,2020,3,0,8,163,27,63,165,0,1,9,-33.739298,150.796703,7,0,2,1,3,0,3,3,2,0,0,60,1,1282,1282,1,30,5,2,0,0,0,1
1226148,2,2020,2020,4,6,7,3371,17,44,3342,0,1,7,-30.627447,152.97438,47,1,0,0,3,0,0,0,2,0,0,100,2,1259,5151,8,0,40,1,0,0,1,0
1226154,1,2020,2020,3,2,6,73,24,17,88,0,1,1,-33.732759,151.247122,50,0,2,1,3,0,0,0,2,0,7,80,2,14295,14295,3,0,5,2,0,0,0,1
1226156,2,2020,2020,3,4,8,500,27,129,799,0,1,9,-33.928484,151.076552,15,0,2,1,3,0,0,0,4,2,0,60,2,5929,5929,1,5,5,2,0,0,1,0
1226164,1,2020,2020,3,1,7,14,27,50,34609,0,1,9,-33.622892,150.83684,29,2,2,1,3,0,0,0,2,0,7,50,0,5929,5929,1,0,19,2,0,0,0,1
1226170,1,2020,2020,7,4,7,293,27,103,172,1,0,1,-32.944616,151.657516,37,0,2,1,1,0,3,4,2,0,7,60,2,14295,14295,3,0,0,2,0,0,0,2
1226175,2,2020,2020,3,2,6,109,27,100,105,1,0,9,-33.893193,150.89122,24,0,2,1,3,0,0,3,2,0,0,60,2,5929,5929,1,5,12,2,0,0,1,0
1226181,2,2020,2020,3,1,7,15,31,166,34609,1,2,1,-33.413393,149.57128,3,2,1,1,3,0,0,0,2,0,7,40,0,1109,787,1,5,13,2,0,0,1,0
1226185,1,2020,2020,3,6,7,17,31,18,58,0,1,9,-32.921379,151.76022,48,0,2,1,3,0,3,4,2,2,8,60,2,14295,14295,3,30,5,2,0,0,0,1
1226189,1,2020,2020,3,1,7,2126,17,106,2149,0,1,2,-33.887468,151.173257,32,0,2,1,3,0,0,0,2,0,7,60,2,14295,14295,3,5,5,2,0,0,0,1
1226191,1,2020,2020,3,6,6,3371,17,147,3342,0,1,9,-33.741708,151.139012,36,0,2,1,3,0,0,0,2,2,7,60,2,6545,6545,4,5,5,2,0,0,0,1
1226202,1,2020,2020,3,4,3,75,10,80,165,0,1,3,-33.936588,151.198924,4,0,2,0,0,0,0,0,1,0,7,80,2,14295,14295,3,10,5,3,0,0,0,1
1226204,2,2020,2020,3,1,7,11,31,108,34609,0,1,1,-28.86532,153.570899,2,2,1,1,0,0,3,0,2,0,7,50,0,489,489,8,5,40,1,0,0,1,0
1226210,1,2020,2020,3,5,4,205,27,161,415,0,1,9,-33.727155,151.165758,36,0,2,1,1,0,0,0,2,0,15,60,2,775,775,4,5,5,2,0,0,0,1
1226212,2,2020,2020,3,2,2,67,27,157,55,0,1,9,-34.013073,151.104637,68,0,2,0,2,0,0,0,0,0,7,70,2,1850,1463,5,16,40,1,0,0,1,0
1226214,4,2020,2020,3,6,4,6,36,8,34609,0,1,1,-29.415911,153.013985,18,1,0,0,0,0,0,0,2,0,7,100,0,1089,1089,7,16,40,1,0,1,0,0
1226216,1,2020,2020,4,6,8,196,10,166,168,0,1,9,-33.944121,150.982473,15,0,2,1,1,0,0,0,2,2,7,60,2,5929,5929,1,0,0,2,0,0,0,1
1226217,2,2020,2020,7,5,11,128,27,61,133,0,1,1,-33.790356,150.651241,55,0,2,0,0,0,3,4,0,0,7,80,2,4552,5151,8,34,40,1,0,0,1,0
1226230,2,2020,2020,3,0,3,40,27,94,40,0,1,1,-33.883366,150.921998,24,0,2,1,1,0,0,0,2,0,7,60,1,1109,787,1,0,5,2,0,0,1,0
1226232,4,2020,2020,3,0,2,14,1,167,34609,0,1,2,-33.848581,151.061698,54,0,2,1,2,0,3,4,1,0,7,60,0,2040,2040,9,5,28,2,0,1,0,0
1226235,4,2020,2020,3,2,6,2209,17,24,2205,0,1,9,-34.946348,150.602013,63,1,0,1,1,0,0,0,2,0,0,100,2,14295,14295,3,0,5,2,0,1,0,0
1226237,4,2020,2020,3,0,8,125,27,43,144,0,1,2,-32.814355,151.843644,57,2,1,1,0,0,0,0,2,0,7,80,2,14295,14295,3,0,0,3,0,1,1,0
1226238,2,2020,2020,3,2,0,98,27,294,799,0,1,9,-33.928474,150.93219,41,0,2,1,2,0,3,4,0,0,0,60,2,2852,2852,4,5,5,2,0,0,1,1
1226239,2,2020,2020,3,5,3,98,27,87,799,0,1,9,-33.928506,150.967983,41,0,2,1,2,0,0,0,2,0,0,70,2,3775,3775,0,0,5,2,0,0,1,0
1226242,2,2020,2020,4,3,5,5,27,38,34609,0,1,1,-34.14361,150.717486,79,2,2,1,0,0,3,4,2,0,7,80,0,1669,1669,3,9,36,2,0,0,1,0
1226243,1,2020,2020,3,0,8,158,27,68,207,0,1,9,-33.878514,151.241338,81,0,2,1,0,0,0,0,2,0,7,60,2,256,256,4,5,0,2,0,0,0,1
1226246,4,2020,2020,4,4,10,330,27,49,605,0,1,9,-33.712732,151.29718,50,0,2,1,2,0,0,0,0,2,9,60,2,2040,2040,9,10,28,3,0,1,0,1
1226247,4,2020,2020,3,0,10,3371,17,207,3342,0,1,1,-33.563778,151.191545,31,0,2,0,0,0,0,0,0,0,7,80,2,2585,4009,8,5,40,1,0,1,0,0
1226256,4,2020,2020,3,1,3,128,27,25,133,0,1,1,-33.859581,150.643802,55,0,2,0,0,0,3,3,1,0,7,60,2,2585,4009,8,5,40,1,0,1,0,0
1226260,1,2020,2020,3,5,6,82,27,84,181,0,1,9,-33.893976,151.264026,76,0,2,1,3,0,0,0,2,0,15,50,2,5929,5929,1,9,5,2,0,0,0,1
1226261,1,2020,2020,4,3,6,111,27,35,233,0,1,9,-33.968328,151.233207,59,0,2,1,3,0,0,0,2,0,7,60,1,623,623,3,5,19,2,0,0,0,1
1226262,2,2020,2020,4,0,10,5,27,26,34609,0,1,1,-33.513865,145.371576,51,1,0,1,0,0,0,6,3,0,7,100,0,475,475,5,10,40,1,0,0,1,0
1226266,2,2020,2020,3,5,3,1,7,179,34609,0,1,1,-33.760379,150.722295,55,0,2,1,1,0,0,0,2,0,7,50,0,9859,9859,1,5,36,4,0,0,1,0
1226272,2,2020,2020,3,2,3,161,17,11,161,0,1,1,-35.840781,148.491252,65,1,0,1,0,0,0,1,1,0,7,100,2,1089,1089,7,10,40,1,0,0,1,0
1226273,1,2020,2020,3,3,6,103,27,94,563,0,1,9,-33.826891,151.050744,54,0,2,1,1,0,0,0,2,2,7,70,2,14295,14295,3,5,0,2,0,0,0,1
1226275,4,2020,2020,7,5,5,2261,17,10,2252,0,1,2,-34.815705,149.415675,74,1,0,0,0,0,0,3,2,0,7,110,2,1957,4009,8,10,40,1,0,1,0,1
1226276,1,2020,2020,3,2,4,13,27,21,34609,0,1,1,-35.437409,148.091064,66,1,0,0,0,0,0,0,2,0,7,100,0,418,714,5,16,40,1,0,0,0,1
1226281,2,2020,2020,4,2,6,8,27,4,5,0,1,9,-34.153678,150.553488,79,2,2,0,1,0,0,3,2,0,0,80,1,2852,2852,4,30,41,2,0,0,1,1
1226282,4,2020,2020,3,1,5,4,31,28,34609,1,0,1,-33.413042,149.564225,3,2,1,1,1,0,0,0,2,0,7,50,0,4026,4026,8,5,40,1,0,1,0,0
1226283,4,2020,2020,4,5,2,2126,17,23,2149,0,1,1,-33.44708,150.034134,40,1,0,1,1,0,0,0,1,0,7,100,2,1089,1089,7,5,40,1,0,1,0,0
1226288,2,2020,2020,3,1,0,24,2,251,34609,0,1,1,-33.769873,150.922075,7,0,2,0,2,0,3,4,0,0,7,50,0,4552,5151,8,34,40,1,0,0,1,0
1226290,2,2020,2020,4,4,8,84,1,226,34609,0,1,1,-33.765157,150.809121,7,0,2,0,3,0,2,6,3,0,7,50,0,4552,5151,1,5,5,3,0,0,1,0
1226291,1,2020,2020,4,5,9,3371,17,32,3342,0,1,1,-29.049856,153.388439,60,1,0,1,1,0,0,0,2,0,7,100,2,9859,9859,8,3,40,1,0,0,0,1
1226294,2,2020,2020,3,1,8,344,27,89,382,0,1,9,-33.658847,150.795814,29,2,2,1,3,0,0,3,2,0,15,80,2,1669,1669,3,5,5,5,0,0,1,0
1226301,2,2020,2020,7,5,3,220,14,67,220,0,1,3,-34.424152,150.868769,80,0,2,1,3,0,0,0,1,0,7,90,2,1391,1391,1,5,10,2,0,0,1,0
1226303,4,2020,2020,3,6,7,92,23,71,34609,0,1,9,-33.268063,151.540182,16,2,2,0,3,0,0,0,2,0,0,50,0,5929,5929,1,5,5,2,0,1,1,0
1226304,1,2020,2020,3,2,4,13,27,223,34609,0,1,9,-33.800862,150.924305,7,0,2,1,3,0,0,0,2,0,0,50,0,6545,6545,4,34,5,2,0,0,0,1
1226306,1,2020,2020,3,0,8,109,27,204,105,1,0,1,-33.898832,150.923329,24,0,2,1,3,0,0,0,3,0,7,60,2,1391,1391,1,5,5,2,0,0,0,1
1226309,4,2020,2020,3,5,6,177,22,239,176,0,1,2,-34.04311,151.123163,68,0,2,0,3,0,0,0,2,0,7,60,2,14295,14295,3,5,5,3,0,1,0,0
1226311,1,2020,2020,3,1,7,293,31,523,34609,0,1,10,-33.924896,150.923203,41,0,2,1,3,0,0,0,2,2,7,50,0,14295,14295,3,5,5,2,0,0,0,2
1226312,1,2020,2020,4,0,8,32,27,82,34609,0,1,9,-33.824626,151.200903,49,0,2,1,3,0,0,0,2,0,9,50,0,1945,1945,5,16,40,1,0,0,0,1
1226318,1,2020,2020,3,0,2,387,27,115,34609,0,1,10,-33.967316,151.051987,25,0,2,1,3,0,3,4,1,0,7,50,0,301,301,4,5,13,2,0,0,0,1
1226322,2,2020,2020,3,6,5,191,17,24,189,0,1,1,-32.02426,149.37211,51,1,0,1,0,0,0,0,2,0,7,100,2,3775,3775,0,5,2,3,0,0,2,0
1226323,2,2020,2020,3,5,10,361,23,84,35,0,1,9,-33.883125,150.946869,24,0,2,1,2,0,0,0,0,0,7,60,1,5929,5929,1,5,18,2,0,0,1,0
1226324,4,2020,2020,3,5,9,4,10,18,34609,0,1,9,-36.07764,146.886013,0,2,1,1,1,0,0,0,2,0,7,50,0,1945,1945,5,22,40,1,0,1,0,0
1226325,4,2020,2020,7,1,5,10,27,32,34609,0,1,1,-30.236292,151.669206,1,1,0,1,0,0,0,0,2,0,7,100,0,1109,787,1,5,13,2,0,1,0,0
1226327,4,2020,2020,3,1,9,162,31,65,148,0,1,1,-32.928068,151.772701,48,0,2,1,1,0,0,0,2,0,9,50,1,1945,1945,5,16,40,1,0,1,0,0
1226335,2,2020,2020,3,5,5,330,23,123,233,0,1,10,-33.886648,151.219046,69,0,2,1,1,0,0,0,2,2,7,60,2,1282,1282,1,10,5,2,0,0,1,0
1226339,2,2020,2020,4,6,5,133,17,55,121,1,0,9,-36.220156,149.133497,65,2,1,1,0,0,0,0,2,0,0,60,2,6545,6545,4,5,0,2,0,0,1,0
1226340,4,2020,2020,3,0,10,77,27,16,58,0,1,9,-34.83534,150.585158,63,1,0,1,0,0,0,0,2,0,15,100,2,3775,3775,0,5,5,2,0,3,0,1
1226347,2,2020,2020,3,1,6,48,10,463,32,0,1,7,-30.292569,153.132953,19,2,1,1,0,0,3,3,2,0,0,60,1,6545,6545,4,0,13,2,0,0,1,0
1226348,2,2020,2020,3,0,8,41,27,228,69,0,1,10,-34.73155,149.734673,26,2,1,0,1,0,0,0,3,0,0,60,1,6545,6545,4,9,5,2,0,0,1,0
1226350,4,2020,2020,4,5,3,475,31,252,75,0,1,5,-33.879797,151.209083,69,0,2,0,1,0,0,0,2,2,7,40,1,5929,5929,1,5,27,2,0,1,0,0
1226352,2,2020,2020,3,3,9,866,17,204,793,0,1,10,-33.899433,150.919235,24,0,2,1,2,0,3,3,0,2,7,70,2,256,256,4,5,36,2,0,0,1,0