Crash ID,Degree of crash - detailed,Reporting year,Year of crash,Month of crash,Day of week of crash,Two-hour intervals,Street of crash,Street type,Town,Route no.,School zone location,School zone active,Type of location,Latitude,Longitude,LGA,Urbanisation,Conurbation 1,Alignment,Street lighting,Road surface,Surface condition,Weather,Natural lighting,Signals operation,Other traffic control,Speed limit,Road classification,RUM - code,DCA - code,First impact type,Key TU type,Other TU type,No. of traffic units involved,No. killed,No. seriously injured,No. moderately injured,No. minor-other injured
1226356,1,2020,2020,3,6,4,95,31,293,34609,0,1,9,-33.925872,151.055677,15,0,2,1,1,0,0,0,2,2,7,50,0,14295,14295,3,0,0,3,0,0,0,1
1226368,1,2020,2020,3,4,3,31,24,18,36,0,1,9,-33.744828,151.111159,36,0,2,1,1,0,3,4,2,0,7,60,1,6545,6545,4,30,19,3,0,0,0,1
1226369,4,2020,2020,3,0,9,2,27,5,34609,0,1,1,-32.688528,149.889216,44,2,1,0,0,2,0,0,0,0,7,80,0,418,714,5,10,40,1,0,1,0,0
1226372,2,2020,2020,4,0,5,72,27,523,34609,0,1,9,-33.913097,150.912201,41,0,2,0,1,0,3,4,2,0,0,50,0,2585,777,8,5,40,1,0,0,1,0
1226374,2,2020,2020,7,6,6,13,27,239,34609,1,0,1,-34.036335,151.124826,68,0,2,1,1,0,0,0,2,0,7,50,0,3775,3775,0,0,10,2,0,0,1,0
1226376,4,2020,2020,3,4,11,3,27,44,34609,0,1,1,-30.586005,152.982526,47,1,0,0,0,0,3,4,0,0,7,100,0,4552,5151,8,10,40,1,0,1,0,0
1226377,2,2020,2020,3,6,8,500,27,80,160,0,1,10,-33.97488,150.899247,13,0,2,1,1,0,2,6,2,2,7,60,2,6545,6545,4,5,5,2,0,0,1,0
1226380,1,2020,2020,3,4,8,2126,17,80,2149,0,1,5,-33.882866,151.2042,69,0,2,0,2,0,0,0,0,2,7,40,2,1192,1192,1,16,0,2,0,0,0,1
1226385,1,2020,2020,4,2,9,13,1,145,34609,0,1,10,-33.932498,151.11651,15,0,2,1,1,0,0,0,2,0,0,50,0,6545,6545,4,5,0,2,0,0,0,2
1226386,1,2020,2020,7,6,4,204,31,174,34609,0,1,1,-33.891954,151.214397,69,0,2,1,1,0,0,0,2,0,7,40,0,2040,2040,9,30,28,2,0,0,0,1
1226388,4,2020,2020,3,0,1,118,17,77,118,0,1,1,-30.385879,149.800313,51,1,0,1,0,0,0,0,0,0,7,100,2,4026,4026,8,10,40,1,0,1,0,0
1226389,2,2020,2020,3,5,7,33,31,44,34609,0,1,1,-32.402476,152.210893,43,2,1,1,1,2,0,0,2,0,7,40,0,220,220,1,5,10,4,0,0,1,0
1226390,4,2020,2020,3,1,8,26,10,13,26,0,1,1,-36.823606,149.901724,5,2,1,0,0,0,3,4,2,0,7,80,1,3775,3775,0,30,0,2,0,2,2,1
1226391,2,2020,2020,3,4,9,13,27,6,143,0,1,1,-34.682883,149.690946,26,1,0,0,0,0,0,0,2,0,7,100,2,273,957,5,10,40,1,0,0,1,0
1226392,4,2020,2020,3,3,7,3371,17,43,3342,0,1,2,-30.468869,153.001283,6,1,0,1,0,0,3,4,2,0,7,110,2,945,945,5,10,40,1,0,1,1,0
1226400,1,2020,2020,4,4,5,2,31,314,34609,0,1,10,-33.845318,150.926682,24,0,2,1,3,0,0,0,2,0,7,50,0,6545,6545,4,5,0,2,0,0,0,1
1226407,2,2020,2020,3,0,10,109,27,460,106,0,1,9,-33.835844,150.986522,21,0,2,1,2,0,0,0,0,2,7,60,1,14295,14295,3,0,0,2,0,0,1,0
1226411,2,2020,2020,3,4,8,24,31,290,28,0,1,1,-33.846969,150.98587,21,0,2,1,3,0,0,0,2,0,7,50,1,14295,14295,3,33,5,3,0,0,1,0
1226412,2,2020,2020,3,4,8,178,27,189,101,0,1,9,-33.94313,151.053864,15,0,2,1,3,0,0,0,2,2,7,50,1,14295,14295,3,5,5,2,0,0,1,0
1226413,2,2020,2020,3,0,7,4,31,90,17,0,1,1,-33.713523,150.317022,8,2,2,1,3,0,0,0,2,0,7,50,1,941,941,1,5,25,2,0,0,1,0
1226414,2,2020,2020,3,5,9,97,31,80,34609,0,1,2,-33.881923,151.205425,69,0,2,1,3,0,0,0,3,0,7,40,0,1282,1282,1,5,5,2,0,0,1,0
1226415,2,2020,2020,3,1,4,59,27,38,53,0,1,9,-34.14835,150.721736,79,2,2,0,3,0,0,0,2,0,7,80,1,404,404,8,5,40,1,0,0,1,0
1226420,1,2020,2020,3,1,7,4,1,73,34609,0,1,9,-33.775541,151.169626,36,0,2,1,3,0,0,0,2,0,7,50,0,6545,6545,4,0,0,2,0,0,0,1
1226426,1,2020,2020,3,2,7,12,31,460,34609,0,1,1,-33.835681,150.990941,21,0,2,1,0,0,0,0,2,0,7,40,0,1981,1981,4,5,27,2,0,0,0,1
1226429,2,2020,2020,3,2,5,44,31,219,34609,0,1,9,-32.900344,151.668743,48,0,2,0,1,0,0,0,2,0,7,40,0,2040,2040,9,0,28,2,0,0,1,0
1226431,4,2020,2020,3,3,0,475,31,252,75,0,1,10,-33.88418,151.208207,69,0,2,1,2,0,3,4,0,0,7,50,1,2040,2040,9,5,28,2,0,1,0,0
1226435,1,2020,2020,3,2,7,10,27,115,10,1,0,9,-33.883141,151.191133,69,0,2,1,0,0,3,4,2,0,9,40,1,2040,2040,9,33,28,2,0,0,0,1
1226437,4,2020,2020,3,0,6,60,27,239,167,0,1,10,-34.024304,151.120922,68,0,2,1,0,0,0,0,2,3,7,70,2,5929,5929,1,5,13,2,0,1,0,0
1226438,2,2020,2020,3,1,8,5,27,132,34609,0,1,1,-29.798817,151.103026,33,2,1,0,0,0,3,4,2,0,7,80,0,1957,4009,8,5,40,1,0,0,1,0
1226441,2,2020,2020,3,5,3,41,27,228,69,0,1,10,-34.726979,149.742204,26,2,1,1,1,0,0,0,2,0,0,60,1,6545,6545,4,10,0,2,0,0,1,0
1226443,4,2020,2020,3,0,8,2261,17,204,2252,0,1,9,-33.89729,150.952745,24,0,2,1,1,0,3,4,2,2,7,70,2,5929,5929,1,16,13,2,0,1,0,0
1226444,2,2020,2020,3,2,0,10,27,29,13,0,1,1,-32.474417,142.790031,51,1,0,1,0,0,0,0,0,0,7,110,2,475,475,5,5,40,1,0,0,3,0
1226446,1,2020,2020,3,6,8,63,27,224,605,0,1,2,-33.821617,151.243818,45,0,2,1,1,0,0,0,2,0,7,60,2,1282,1282,1,30,5,2,0,0,0,1
1226449,2,2020,2020,3,6,5,8,1,43,34609,0,1,9,-33.215718,151.517323,16,2,2,1,1,0,0,0,2,0,0,50,0,14295,14295,3,0,13,3,0,0,1,0
1226453,2,2020,2020,3,4,6,34,31,82,34609,0,1,10,-33.826156,151.204132,49,0,2,1,0,0,0,0,2,0,7,50,0,5929,5929,1,0,18,2,0,0,1,0
1226458,2,2020,2020,4,2,4,1,31,36,34609,0,1,10,-36.087224,146.917039,0,2,1,1,1,0,0,0,2,0,0,50,0,6545,6545,4,5,13,2,0,0,1,0
1226460,4,2020,2020,7,3,9,10,27,10,10,0,1,1,-34.487015,148.587326,30,1,0,1,0,0,0,0,2,0,7,100,1,9859,9859,8,5,40,1,0,1,0,0
1226461,1,2020,2020,7,3,6,44,31,23,34609,0,1,9,-34.581606,150.861733,62,0,2,1,3,0,0,0,2,2,7,50,0,1391,1391,1,5,5,2,0,0,0,1
1226463,2,2020,2020,4,3,11,15,27,609,34609,1,0,1,-33.780909,150.906989,7,0,2,1,3,0,0,0,0,0,7,50,0,1109,397,1,5,5,2,0,0,1,0
1226465,4,2020,2020,4,0,6,163,27,23,165,0,1,9,-33.72828,150.812867,7,0,2,1,3,0,3,4,2,0,7,60,1,14295,14295,3,9,0,2,0,1,1,0
1226466,1,2020,2020,7,4,6,1,1,128,34609,1,0,1,-33.631616,150.801887,29,2,2,1,3,0,3,4,2,0,7,50,0,1981,1981,4,21,5,2,0,0,0,1
1226467,4,2020,2020,4,1,7,346,17,46,332,0,1,10,-28.816149,153.291895,39,2,1,1,1,0,0,0,2,0,0,60,2,2852,2852,4,5,19,2,0,1,0,0
1226471,1,2020,2020,4,4,8,18,10,61,18,0,1,1,-33.773094,151.136262,36,0,2,0,3,0,0,0,2,0,0,60,1,14295,14295,3,5,5,2,0,0,0,1
1226474,2,2020,2020,3,2,5,92,27,106,63,0,1,10,-33.919678,151.089616,15,0,2,1,3,0,0,0,2,2,7,50,1,6545,6545,4,5,0,2,0,0,1,0
1226475,1,2020,2020,3,1,9,52,27,438,103,0,1,1,-33.86428,151.022522,21,0,2,1,3,0,0,0,2,0,7,50,1,1391,1391,1,5,5,3,0,0,0,1
1226481,1,2020,2020,3,4,4,11,3,23,54,0,1,2,-34.022203,151.039034,68,0,2,1,3,0,0,0,2,0,7,80,2,14295,14295,3,8,5,6,0,0,0,1
1226482,2,2020,2020,3,3,6,72,31,44,62,0,1,1,-33.946574,151.150212,4,0,2,1,3,0,0,0,2,0,7,60,1,945,945,5,0,40,1,0,0,1,0
1226486,1,2020,2020,3,2,6,45,27,304,96,1,0,1,-33.905963,151.157602,32,0,2,1,3,0,0,0,2,0,7,60,2,14295,14295,3,5,5,2,0,0,0,1
1226488,2,2020,2020,3,6,7,1,31,135,34609,0,1,1,-32.898669,151.747249,48,0,2,1,1,0,0,0,2,0,7,50,0,387,387,1,22,5,2,0,0,1,0
1226490,2,2020,2020,3,3,2,3,27,5,34609,0,1,1,-35.772384,146.523406,27,1,0,1,3,0,0,0,0,0,7,100,0,9859,9859,8,9,40,1,0,0,1,0
1226494,4,2020,2020,4,2,0,127,27,19,103,0,1,1,-32.908973,151.746716,48,0,2,1,2,0,3,4,0,2,9,60,1,4026,4026,8,0,40,1,0,1,1,0
1226500,1,2020,2020,3,0,3,73,27,443,78,1,0,1,-33.90584,151.050392,15,0,2,1,3,0,0,0,2,0,7,60,2,14295,14295,3,0,5,2,0,0,0,1
1226502,2,2020,2020,3,4,10,87,31,83,34609,1,0,1,-34.449271,150.444877,78,2,1,1,3,0,0,0,0,0,7,50,0,9859,9859,1,5,13,3,0,0,1,0
1226503,1,2020,2020,3,5,8,220,27,86,222,0,1,2,-33.758201,150.955133,7,0,2,1,3,0,0,0,2,0,7,80,2,14295,14295,3,10,0,2,0,0,0,1
1226515,1,2020,2020,4,0,8,2261,17,31,2252,0,1,3,-34.030143,150.824125,13,0,2,1,0,0,3,4,2,0,7,110,2,14295,14295,3,16,5,2,0,0,0,1
1226517,2,2020,2020,4,4,4,3,27,18,34609,0,1,1,-33.31783,149.023846,11,2,1,0,0,0,0,0,2,0,7,50,0,14295,14295,3,5,5,2,0,0,4,0
1226519,1,2020,2020,4,4,7,5,31,123,34609,0,1,10,-33.808499,151.055051,54,0,2,1,1,0,0,0,2,0,0,50,0,5929,5929,1,5,5,2,0,0,0,1
1226522,4,2020,2020,4,4,7,2126,17,62,2149,0,1,9,-33.886136,151.138932,32,0,2,1,1,0,0,0,2,2,7,60,2,1945,1945,5,16,40,1,0,1,0,0
1226526,2,2020,2020,4,5,7,22,27,25,34609,0,1,1,-33.874916,151.222365,69,0,2,1,0,0,0,0,2,0,7,40,0,387,387,1,22,40,3,0,0,1,0
1226532,2,2020,2020,3,1,5,81,17,83,33,0,1,10,-34.447092,150.434141,78,2,1,1,3,0,0,3,2,0,0,60,1,2852,2852,4,21,5,2,0,0,1,0
1226533,2,2020,2020,4,5,10,344,27,88,163,0,1,2,-33.737143,150.853317,7,0,2,1,2,0,0,0,0,0,7,70,2,14295,14295,3,5,0,3,0,0,1,0
1226534,2,2020,2020,3,2,6,157,17,36,158,0,1,1,-33.90933,148.291671,51,1,0,1,3,0,0,0,2,0,7,100,2,9859,9859,8,10,40,1,0,0,1,0
1226536,4,2020,2020,3,6,6,12,31,123,34609,0,1,10,-33.842055,148.666937,51,2,1,1,0,0,0,0,2,0,15,50,0,1850,777,5,16,40,1,0,1,0,0
1226541,4,2020,2020,4,2,10,36,27,290,34609,0,1,1,-33.852209,150.971771,21,0,2,1,2,0,0,0,0,0,7,50,0,9859,9859,1,5,5,3,0,1,0,0
1226545,4,2020,2020,4,6,6,59,27,43,46,0,1,1,-34.191626,150.657346,79,1,2,0,1,0,0,0,2,0,7,100,2,4552,5151,8,16,40,1,0,1,0,1
1226548,2,2020,2020,3,1,7,31,31,70,148,0,1,9,-32.906953,151.719167,48,0,2,1,1,0,0,0,2,0,0,60,1,5929,5929,1,5,5,2,0,0,2,0
1226550,4,2020,2020,3,3,9,133,27,9,34609,0,1,1,-32.905941,151.734534,48,0,2,1,2,0,3,4,0,0,7,50,0,9859,9859,8,5,40,1,0,1,1,1
1226555,4,2020,2020,4,6,10,829,27,149,770,0,1,9,-33.868878,151.176197,32,0,2,0,2,0,0,0,0,2,7,60,2,4552,5151,8,30,40,1,0,2,0,0
1226565,4,2020,2020,4,1,4,481,17,29,483,0,1,9,-31.259233,149.286218,51,2,1,1,0,0,0,0,2,0,0,70,2,1669,1669,3,5,0,2,0,1,1,0
1226569,1,2020,2020,3,2,2,97,17,14,88,0,1,2,-34.982591,149.387762,58,1,0,1,0,0,0,0,0,0,7,110,2,9859,9859,8,0,40,1,0,0,0,1
1226571,1,2020,2020,4,0,4,70,27,84,34609,0,1,9,-33.812024,150.98603,21,0,2,1,0,0,0,0,2,0,0,50,0,2040,2040,9,5,28,2,0,0,0,1
1226574,2,2020,2020,4,1,2,2209,17,23,2205,0,1,1,-35.665782,150.222879,23,1,0,1,3,0,3,4,1,0,7,100,2,4026,4026,8,0,40,1,0,0,1,0
1226577,4,2020,2020,3,6,11,1,31,85,34609,0,1,1,-33.902901,150.858696,41,0,2,1,2,0,0,0,0,0,7,50,0,9859,9859,1,0,5,2,0,1,0,0
1226581,4,2020,2020,4,2,7,2,27,53,34609,0,1,1,-31.865693,152.334671,43,2,1,0,0,0,0,0,2,0,7,60,0,2585,4009,8,10,40,1,0,1,2,1
1226584,4,2020,2020,4,3,0,19,27,57,34609,0,1,1,-33.330528,151.431435,16,2,2,1,2,0,3,0,0,0,7,50,0,4026,4026,1,10,0,2,0,1,0,0
1226585,4,2020,2020,4,4,10,3,31,13,34609,0,1,9,-32.544253,151.14254,64,2,1,0,2,0,0,0,0,0,7,60,0,2585,4009,8,5,40,1,0,3,0,0
1226588,2,2020,2020,4,0,3,916,17,77,917,0,1,10,-32.568209,151.17952,64,2,1,1,1,0,0,0,2,1,7,50,2,9859,9859,1,10,10,2,0,0,1,0
1226591,2,2020,2020,4,3,5,78,31,49,34609,0,1,1,-32.99445,151.683753,37,0,2,1,1,0,0,0,2,0,7,60,0,4026,4026,1,5,5,2,0,0,1,0
1226592,4,2020,2020,3,2,5,27,27,9,35,0,1,1,-28.387547,152.638421,51,2,1,0,0,0,3,4,2,0,7,80,1,3775,3775,0,5,5,2,0,2,1,0
1226596,4,2020,2020,4,5,7,916,17,6,917,0,1,1,-29.365545,151.898789,51,1,0,0,0,0,0,0,2,0,7,100,2,2585,4009,8,0,40,1,0,1,0,0
1226597,2,2020,2020,3,5,9,2209,17,82,2205,0,1,2,-34.366221,150.904479,80,0,2,1,1,0,0,0,2,0,7,80,2,14295,14295,3,5,0,3,0,0,2,0
1226603,2,2020,2020,4,6,6,42,27,316,34609,0,1,9,-31.443114,152.893813,56,2,1,1,1,0,0,0,2,1,7,50,0,14295,14295,3,0,36,3,0,0,2,0
1226604,4,2020,2020,4,0,4,2126,17,27,2149,0,1,1,-33.582756,150.240432,8,2,2,0,0,0,3,4,2,0,7,60,2,1850,1463,5,16,40,1,0,1,0,0
1226607,4,2020,2020,3,2,9,512,1,39,34609,0,1,1,-31.058487,152.83217,34,2,1,0,1,0,0,0,3,0,7,50,0,186,186,9,16,28,2,0,1,0,0
1226608,4,2020,2020,4,0,7,85,27,53,145,0,1,9,-33.798835,151.046463,54,0,2,1,1,0,0,0,2,2,7,70,2,2040,2040,9,5,28,2,0,1,1,0
1226610,4,2020,2020,3,1,8,98,27,251,136,0,1,9,-33.779662,150.920452,7,0,2,1,1,0,0,0,2,2,7,60,2,14295,14295,3,8,5,3,0,2,0,0
1226611,2,2020,2020,3,2,4,98,27,294,799,0,1,9,-33.928627,150.968099,41,0,2,1,3,0,3,3,2,0,0,70,2,941,941,1,5,5,2,0,0,1,0
1226612,4,2020,2020,3,5,7,6,18,58,34609,0,1,9,-33.754256,151.152558,36,0,2,1,3,0,0,0,2,0,15,50,0,1981,1981,4,30,5,2,0,1,0,0
1226617,2,2020,2020,4,2,6,47,27,293,69,0,1,1,-33.940175,151.228935,59,0,2,1,0,0,0,0,2,0,7,60,1,623,623,3,22,36,2,0,0,1,0
1226621,2,2020,2020,7,0,4,1104,14,460,962,0,1,3,-33.82679,150.993698,54,0,2,1,1,0,0,0,2,0,7,80,2,1383,1383,1,8,35,8,0,0,2,0
1226622,4,2020,2020,4,0,7,32,31,111,91,0,1,2,-33.921853,151.256617,59,0,2,1,0,0,0,0,2,0,7,40,1,387,387,1,30,5,2,0,1,0,0
1226625,4,2020,2020,3,2,3,21,31,125,34609,0,1,7,-33.819773,151.130079,61,0,2,1,0,0,3,4,2,0,0,50,0,926,926,4,22,5,2,0,1,0,0
1226626,2,2020,2020,3,5,8,3371,17,13,3342,0,1,1,-29.159482,153.292358,60,2,1,1,0,0,0,3,2,0,7,80,2,3775,3775,0,30,41,2,0,0,2,0
1226633,4,2020,2020,3,2,5,225,17,50,180,0,1,1,-34.57185,150.678346,62,0,2,0,0,0,0,0,2,0,7,60,2,395,395,1,5,18,2,0,1,0,0
1226634,4,2020,2020,4,5,11,2209,17,273,2205,0,1,9,-34.426022,150.87776,80,0,2,1,2,0,0,0,0,2,8,60,2,5929,5929,1,5,19,2,0,1,0,0
1226637,4,2020,2020,3,6,7,102,31,293,28,0,1,1,-33.916948,151.05443,15,0,2,1,1,0,0,0,2,0,7,60,1,387,387,1,22,36,2,0,1,0,0
1226642,1,2020,2020,3,2,8,73,24,50,88,0,1,1,-33.716879,151.269017,50,0,2,0,0,0,3,4,2,0,7,80,2,4552,5151,8,5,40,3,0,0,0,2
1226643,1,2020,2020,3,1,6,7,27,45,34609,0,1,1,-33.683208,151.228045,50,0,2,1,0,0,0,0,2,0,7,50,0,14295,14295,3,0,5,2,0,0,0,1
1226646,1,2020,2020,3,4,6,30,31,78,34609,1,0,1,-33.856756,151.007487,21,0,2,1,1,0,3,4,2,0,9,50,0,2040,2040,9,5,28,2,0,0,0,1
1226650,4,2020,2020,3,6,8,196,10,166,168,0,1,9,-33.931839,150.978332,15,0,2,1,1,0,0,0,2,0,0,60,2,3775,3775,0,5,5,2,0,1,0,0
1226652,2,2020,2020,3,6,5,6,27,21,5,0,1,1,-34.508927,144.686344,51,1,0,0,0,0,0,0,2,0,7,100,1,418,714,5,5,40,1,0,0,1,0
1226657,4,2020,2020,3,6,0,6,1,646,34609,0,1,7,-33.92009,151.025909,15,0,2,1,2,0,0,0,0,0,0,50,0,489,489,8,16,40,1,0,1,0,0
1226660,2,2020,2020,3,2,9,19,27,14,46,0,1,1,-34.901461,150.678579,63,2,1,0,0,0,3,4,3,0,7,80,1,4552,5151,8,5,40,1,0,0,1,0
1226662,4,2020,2020,3,1,3,14,31,140,34609,1,0,9,-33.905045,151.005264,15,0,2,1,0,0,3,4,2,0,7,50,0,4552,985,8,0,40,1,0,1,0,0
1226666,4,2020,2020,3,2,5,8,27,8,34609,0,1,10,-28.847961,153.356311,39,2,1,1,0,0,0,0,2,0,15,80,0,6545,6545,4,0,5,2,0,2,0,0
1226670,2,2020,2020,7,3,8,475,10,523,268,0,1,2,-33.918843,150.917311,41,0,2,1,1,0,0,0,2,0,7,70,2,14295,14295,3,0,5,3,0,0,1,0
1226672,2,2020,2020,3,0,9,42,31,123,34609,0,1,7,-33.919568,151.225084,59,0,2,1,2,0,3,4,0,0,0,50,0,1945,1945,5,15,40,1,0,0,1,0
1226674,4,2020,2020,7,3,8,13,27,6,143,0,1,1,-34.682796,149.69094,26,1,0,0,0,0,0,0,2,0,7,100,2,3775,3775,0,10,0,2,0,2,2,0
1226675,1,2020,2020,3,2,8,3371,17,121,3342,0,1,2,-28.193026,153.527232,72,1,0,1,1,0,0,0,2,0,7,100,2,4026,4026,8,5,40,1,0,0,0,1
1226677,4,2020,2020,3,1,7,39,31,193,145,0,1,9,-33.792473,151.082174,61,0,2,1,1,0,0,0,2,0,15,60,2,2040,2040,9,30,28,2,0,1,0,0
1226678,4,2020,2020,7,1,7,916,17,8,917,0,1,1,-31.265783,150.907624,70,1,0,1,0,0,0,0,2,0,7,100,2,4026,4026,8,0,40,1,0,1,0,0
1226680,1,2020,2020,3,1,6,34,31,98,260,0,1,1,-33.00717,151.59437,37,0,2,1,1,0,0,0,2,0,7,60,2,387,387,1,19,5,2,0,0,0,1
1226681,1,2020,2020,4,1,8,5,31,53,34609,0,1,9,-31.868479,152.365525,43,2,1,1,3,0,0,0,4,0,0,50,0,926,926,4,5,19,2,0,0,0,1
1226683,1,2020,2020,3,6,8,3371,17,65,3342,0,1,9,-33.37767,151.374311,16,2,2,0,3,0,0,0,2,0,7,60,2,14295,14295,3,30,0,2,0,0,0,1
1226684,2,2020,2020,3,0,9,168,10,387,260,0,1,2,-33.945255,151.185539,4,0,2,1,3,0,0,0,2,0,7,70,2,14295,14295,3,5,36,2,0,0,2,0
1226689,4,2020,2020,3,5,7,67,23,68,34609,0,1,1,-34.088026,151.008953,68,0,2,1,0,0,0,0,2,0,7,50,0,1981,1981,4,22,0,2,0,1,0,0
1226690,1,2020,2020,7,4,8,2209,17,61,2205,0,1,1,-35.923415,150.089023,23,1,0,1,0,0,3,4,3,0,7,100,2,9859,9859,8,10,40,1,0,0,0,4
1226691,2,2020,2020,3,2,3,916,17,9,917,0,1,1,-31.851363,150.903763,73,1,0,0,0,0,0,0,2,0,7,100,2,14295,14295,3,5,0,3,0,0,1,0
1226696,1,2020,2020,3,5,7,478,17,128,480,0,1,2,-33.427511,151.319047,16,2,2,1,3,0,0,0,2,0,7,70,2,14295,14295,3,5,5,2,0,0,0,1
1226697,2,2020,2020,4,1,9,220,27,104,222,0,1,2,-33.733651,150.943563,7,0,2,1,3,0,0,0,2,0,7,80,2,14295,14295,3,30,5,4,0,0,1,0
1226699,1,2020,2020,7,3,6,2261,17,523,2252,0,1,2,-33.920405,150.919322,41,0,2,1,3,0,0,0,2,0,7,60,2,14295,14295,3,5,5,3,0,0,0,1
1226704,2,2020,2020,3,6,5,46,31,187,34609,0,1,1,-33.88367,150.977801,15,0,2,1,3,0,0,0,2,0,7,50,0,1981,1981,4,5,5,2,0,0,1,0
1226705,2,2020,2020,7,4,5,57,27,11,75,0,1,1,-33.494817,151.297388,16,2,2,1,3,0,3,4,2,0,7,60,1,9859,9859,8,5,40,1,0,0,1,0
1226707,2,2020,2020,3,3,4,26,1,73,34609,0,1,10,-33.824572,151.086873,14,0,2,1,3,0,0,0,2,0,7,50,0,6545,6545,4,21,5,2,0,0,1,1
1226708,1,2020,2020,7,1,6,95,27,50,605,0,1,10,-33.636867,151.330368,50,0,2,1,3,0,0,0,2,2,7,60,2,14295,14295,3,9,5,2,0,0,0,1
1226712,2,2020,2020,7,1,5,5,27,57,34609,0,1,1,-33.335023,151.434538,16,2,2,1,3,0,0,0,2,0,7,50,0,9859,9859,1,5,5,3,0,0,1,0
1226713,2,2020,2020,7,6,6,83,31,247,34609,0,1,1,-33.814176,150.940463,21,0,2,1,3,0,0,0,2,0,7,50,0,1981,1981,4,5,41,2,0,0,2,0
1226715,2,2020,2020,7,4,3,515,14,523,518,0,1,3,-33.938253,150.91427,41,0,2,1,3,0,3,4,2,0,7,100,2,14295,14295,3,10,13,4,0,0,1,0
1226718,1,2020,2020,3,4,7,19,31,433,40,0,1,9,-33.294834,149.101542,52,2,1,1,3,0,0,0,2,0,7,50,1,775,775,4,5,19,2,0,0,0,1
1226719,1,2020,2020,7,4,7,150,27,309,415,0,1,9,-33.80383,151.113255,61,0,2,1,3,0,3,4,2,3,7,70,2,217,217,1,5,5,2,0,0,0,1
1226725,2,2020,2020,3,2,10,2,27,29,34609,0,1,1,-31.84268,149.653525,51,1,0,0,0,2,0,0,0,0,7,100,0,4552,5151,8,10,40,1,0,0,2,0
1226730,4,2020,2020,7,6,7,2,10,85,34609,1,2,10,-33.779017,150.668501,55,0,2,0,0,0,0,0,2,0,7,40,0,5929,5929,1,5,0,2,0,1,0,0
1226733,4,2020,2020,3,1,5,2,27,49,34609,0,1,9,-33.719827,151.289635,50,0,2,0,1,0,0,3,2,0,0,50,0,273,985,5,8,40,1,0,1,0,0
1226734,1,2020,2020,4,5,10,3,27,154,34609,1,0,1,-33.706468,150.955901,71,0,2,1,2,0,0,0,0,0,7,50,0,9859,9859,1,5,12,2,0,0,0,1
1226735,4,2020,2020,3,4,11,866,17,157,793,0,1,2,-33.79433,151.013233,54,0,2,0,2,0,3,4,0,0,7,90,2,14295,14295,3,5,18,2,0,1,0,0
1226740,4,2020,2020,3,6,6,67,27,58,34609,0,1,7,-34.046926,151.122939,68,0,2,1,0,0,0,0,2,0,0,50,0,591,591,1,18,5,2,0,1,0,0
1226744,1,2020,2020,4,4,5,71,17,43,71,0,1,9,-36.109376,144.75324,51,2,1,1,1,0,0,0,2,0,0,50,2,623,623,3,16,36,2,0,0,0,1
1226748,2,2020,2020,3,1,7,54,27,85,49,0,1,1,-32.929693,151.730217,48,0,2,1,1,0,0,0,2,0,7,60,1,5929,5929,1,30,27,2,0,0,1,0
1226749,2,2020,2020,3,1,5,4,31,90,17,0,1,10,-33.713833,150.319672,8,2,2,1,0,0,0,0,2,0,0,50,1,2852,2852,4,5,19,2,0,0,1,0
1226751,2,2020,2020,4,0,4,2209,17,88,2205,0,1,9,-33.983294,151.114423,25,0,2,1,1,0,0,0,2,0,7,70,2,5929,5929,1,5,5,4,0,0,1,0
1226752,1,2020,2020,7,0,8,161,17,39,161,0,1,10,-35.294993,148.215652,66,2,1,1,1,0,0,0,2,0,0,60,2,6545,6545,4,0,13,2,0,0,0,1
1226753,4,2020,2020,3,1,3,16,31,102,34609,0,1,1,-33.96114,151.234845,59,0,2,1,3,0,0,0,2,0,7,60,0,1109,787,1,5,5,2,0,1,0,0
1226754,1,2020,2020,3,5,3,27,31,165,34609,0,1,10,-33.857317,151.147559,14,0,2,1,3,0,0,0,2,0,7,50,0,6545,6545,4,0,5,2,0,0,0,1
1226755,1,2020,2020,7,4,8,296,27,290,293,0,1,9,-33.852052,150.996165,21,0,2,1,3,0,2,6,2,0,7,70,2,14295,14295,3,5,0,2,0,0,0,1
1226757,2,2020,2020,4,6,11,40,27,460,34609,0,1,10,-33.828668,150.964459,21,0,2,1,3,0,0,0,0,0,0,50,0,6545,6545,4,5,0,2,0,0,1,0
1226761,1,2020,2020,3,3,6,101,10,49,121,0,1,9,-34.039137,151.138643,68,0,2,1,3,0,3,4,2,2,6,70,1,14295,14295,3,10,36,2,0,0,0,1
1226764,2,2020,2020,7,4,2,1104,14,323,962,0,1,3,-33.800176,150.864888,7,0,2,1,3,0,3,4,1,0,7,100,2,14295,14295,3,0,5,2,0,0,1,0
1226765,2,2020,2020,7,2,9,125,27,55,123,0,1,7,-33.367747,151.466508,16,2,2,1,3,0,0,0,2,0,0,60,2,301,301,4,10,5,2,0,0,1,0
1226767,1,2020,2020,3,1,10,35,31,80,11,0,1,4,-33.879395,151.203413,69,0,2,0,3,0,0,0,0,0,7,40,1,1192,1192,1,19,5,2,0,0,0,1
1226769,2,2020,2020,3,4,3,77,31,445,563,0,1,9,-33.870254,151.042474,21,0,2,1,3,0,0,0,2,0,0,70,2,6545,6545,4,5,5,2,0,0,1,0
1226771,4,2020,2020,3,1,4,17,31,9,58,0,1,2,-32.911088,151.758885,48,0,2,1,3,0,0,0,2,0,7,70,2,387,387,1,22,12,2,0,1,0,0