Crash ID,Degree of crash - detailed,Reporting year,Year of crash,Month of crash,Day of week of crash,Two-hour intervals,Street of crash,Street type,Town,Route no.,School zone location,School zone active,Type of location,Latitude,Longitude,LGA,Urbanisation,Conurbation 1,Alignment,Street lighting,Road surface,Surface condition,Weather,Natural lighting,Signals operation,Other traffic control,Speed limit,Road classification,RUM - code,DCA - code,First impact type,Key TU type,Other TU type,No. of traffic units involved,No. killed,No. seriously injured,No. moderately injured,No. minor-other injured
1226773,4,2020,2020,3,2,2,175,27,609,220,0,1,10,-33.769452,150.912121,7,0,2,1,3,0,0,0,1,2,6,60,2,1109,397,1,5,5,2,0,1,0,0
1226774,1,2020,2020,7,4,7,2,1,609,34609,0,1,1,-33.768172,150.885928,7,0,2,1,3,0,3,4,2,0,7,50,0,1981,1981,4,5,5,3,0,0,0,1
1226775,2,2020,2020,3,1,8,2126,17,62,2149,0,1,10,-33.887607,151.141785,32,0,2,1,3,0,0,0,2,2,9,60,2,14295,14295,3,5,0,2,0,0,1,0
1226776,1,2020,2020,3,5,5,133,31,646,97,0,1,9,-33.917706,151.028595,15,0,2,1,3,0,0,0,2,0,7,60,1,1282,1282,1,33,5,2,0,0,0,1
1226777,2,2020,2020,7,6,4,1052,27,219,262,0,1,10,-32.903727,151.682903,48,0,2,1,3,0,0,0,2,2,7,60,2,1391,1391,1,10,5,4,0,0,1,1
1226782,2,2020,2020,7,4,8,53,31,147,125,0,1,1,-33.874702,151.008441,21,0,2,1,3,0,3,4,2,0,7,60,1,14295,14295,3,5,5,2,0,0,1,0
1226784,1,2020,2020,7,1,4,225,27,304,140,0,1,9,-33.917266,151.14864,32,0,2,1,3,0,0,0,2,0,9,50,1,1669,1669,3,10,0,3,0,0,0,1
1226785,1,2020,2020,7,2,8,230,27,197,284,0,1,2,-33.791214,151.130245,61,0,2,1,3,0,0,0,2,0,7,70,2,14295,14295,3,0,5,3,0,0,0,1
1226788,1,2020,2020,7,6,11,3371,17,173,3342,1,0,9,-33.721402,151.117554,36,0,2,0,3,0,0,0,0,0,7,60,2,14295,14295,3,29,5,2,0,0,0,1
1226789,1,2020,2020,3,5,8,43,27,61,76,0,1,2,-32.924172,151.730852,48,0,2,1,3,0,0,0,2,0,7,60,1,14295,14295,3,5,36,2,0,0,0,1
1226790,1,2020,2020,7,5,3,8,27,119,6,0,1,9,-33.873688,151.162815,32,0,2,1,3,0,0,0,2,0,7,50,1,926,926,4,5,5,2,0,0,0,1
1226794,2,2020,2020,4,5,6,85,31,36,34609,0,1,1,-35.4508,149.80289,58,2,1,1,3,0,0,0,2,0,7,50,0,220,220,8,5,40,1,0,0,1,0
1226795,2,2020,2020,3,5,10,293,27,103,172,0,1,2,-32.941072,151.658144,37,0,2,1,3,0,0,0,0,2,7,60,2,1981,1981,4,5,5,3,0,0,1,0
1226797,2,2020,2020,3,4,10,15,1,64,34609,0,1,10,-33.952766,150.996155,15,0,2,1,3,0,0,0,0,0,15,50,0,6545,6545,4,10,0,2,0,0,2,0
1226809,2,2020,2020,4,5,10,11,1,104,34609,0,1,9,-33.796044,150.781887,55,0,2,0,2,0,0,0,0,0,7,50,0,5929,5929,1,0,19,2,0,0,1,0
1226814,2,2020,2020,4,5,7,6,27,130,34609,0,1,7,-34.459427,150.837347,80,0,2,0,0,0,0,0,2,0,0,50,0,6545,6545,4,5,5,2,0,0,1,0
1226816,2,2020,2020,3,6,6,108,27,251,93,0,1,10,-33.773875,150.944338,7,0,2,1,3,0,0,0,2,2,7,60,1,217,217,1,0,0,2,0,0,1,1
1226820,1,2020,2020,3,5,10,230,27,175,284,0,1,10,-33.773792,151.087106,54,0,2,0,2,0,0,0,0,2,7,60,2,14295,14295,3,30,5,2,0,0,0,1
1226821,2,2020,2020,7,4,10,8,31,194,148,0,1,10,-30.520163,151.646303,1,2,1,1,2,0,0,0,0,0,0,50,2,6545,6545,4,5,5,2,0,0,1,0
1226822,4,2020,2020,3,4,5,1,27,8,34609,0,1,1,-36.805098,149.464207,65,1,0,1,0,2,3,0,2,0,7,100,0,84,84,8,10,40,1,0,1,0,0
1226829,1,2020,2020,3,3,8,128,27,61,133,1,0,9,-33.836668,150.65112,55,0,2,1,0,0,3,4,3,0,7,60,2,1669,1669,3,10,5,2,0,0,0,1
1226831,4,2020,2020,4,0,11,82,27,2,31,0,1,1,-28.796685,153.211158,39,1,0,1,0,0,0,0,0,0,7,100,1,368,368,9,10,28,2,0,1,0,0
1226832,4,2020,2020,7,1,3,133,10,316,121,0,1,10,-31.456197,152.897823,56,2,1,1,1,0,3,4,2,2,7,70,1,1945,1945,5,15,40,1,0,1,0,0
1226838,4,2020,2020,3,2,4,2,27,2,34609,0,1,1,-30.481964,152.694212,6,2,1,0,0,2,0,0,2,0,7,70,0,2585,4009,8,16,40,1,0,1,0,0
1226840,2,2020,2020,7,0,10,12,27,18,42,0,1,1,-33.537219,150.771484,29,2,2,0,2,0,0,0,0,0,7,60,1,1957,4009,8,30,40,1,0,0,1,0
1226841,2,2020,2020,7,2,6,1,27,40,34609,0,1,9,-35.046064,150.510721,63,1,0,0,0,2,3,0,2,0,7,100,0,1850,777,5,16,40,1,0,0,1,0
1226848,1,2020,2020,3,6,9,2209,17,40,2205,0,1,2,-34.701438,150.836896,35,2,1,0,0,0,3,4,2,0,7,80,2,190,190,1,10,13,3,0,0,0,1
1226851,2,2020,2020,7,4,6,137,31,53,103,0,1,1,-32.923651,151.755439,48,0,2,1,1,0,0,0,2,0,7,60,1,591,591,1,22,5,2,0,0,1,0
1226852,2,2020,2020,4,0,11,224,27,112,321,0,1,5,-33.905528,151.202829,69,0,2,1,2,0,0,0,0,2,9,50,2,1220,1220,9,30,28,2,0,0,1,0
1226861,4,2020,2020,3,5,9,1,31,71,34609,0,1,1,-33.966397,151.073519,25,0,2,0,0,0,0,0,2,0,7,50,0,30,30,9,5,28,2,0,1,0,0
1226862,2,2020,2020,7,5,9,13,23,64,34609,0,1,9,-32.940679,151.709114,48,0,2,1,1,0,0,0,3,2,7,60,0,14295,14295,3,5,5,2,0,0,1,0
1226867,2,2020,2020,7,6,2,57,36,112,769,0,1,10,-33.612397,150.815027,29,2,2,1,3,0,3,4,0,2,7,60,2,5929,5929,1,5,5,2,0,0,2,0
1226871,4,2020,2020,7,5,8,123,36,3,90,0,1,1,-31.938929,151.885384,43,1,0,0,0,0,3,4,0,0,7,100,1,4552,5151,8,34,40,1,0,1,0,0
1226883,4,2020,2020,3,3,7,7,10,60,34609,0,1,2,-34.036595,150.744489,12,0,2,0,1,0,0,0,2,0,7,50,0,4552,5151,8,5,40,1,0,1,0,0
1226884,1,2020,2020,3,4,3,30,31,169,769,0,1,10,-33.596877,150.746963,29,2,2,1,1,0,3,3,2,2,7,60,2,5929,5929,1,30,0,3,0,0,0,1
1226885,1,2020,2020,3,1,3,2261,17,252,2252,0,1,2,-33.956417,150.874436,41,0,2,1,3,0,0,0,2,0,7,70,2,14295,14295,3,30,0,2,0,0,0,1
1226888,2,2020,2020,3,6,8,1,25,35,34609,0,1,9,-35.344848,149.222436,58,2,1,1,3,0,0,0,2,0,7,50,0,1192,1192,1,5,5,2,0,0,1,0
1226890,1,2020,2020,7,5,8,2261,17,443,2252,0,1,9,-33.890427,151.058869,15,0,2,1,3,0,0,0,2,2,8,60,2,5929,5929,1,5,36,2,0,0,0,1
1226892,1,2020,2020,7,5,9,387,36,115,69,0,1,9,-33.74846,151.224082,50,0,2,1,3,0,3,4,0,2,7,70,2,5929,5929,1,5,5,2,0,0,0,1
1226894,1,2020,2020,7,4,10,2209,17,35,2205,0,1,2,-34.051015,151.050758,68,0,2,1,3,0,3,3,0,0,7,80,2,1192,1192,1,0,5,2,0,0,0,2
1226895,2,2020,2020,3,4,6,95,31,252,34609,0,1,1,-33.887709,151.215471,69,0,2,1,3,0,0,0,2,0,7,40,0,214,214,9,33,28,2,0,0,1,0
1226907,4,2020,2020,7,6,4,265,17,8,193,0,1,1,-35.87002,146.997125,27,1,0,1,0,0,3,4,2,0,7,100,2,1089,1089,7,16,40,1,0,1,0,0
1226909,4,2020,2020,3,1,4,346,17,7,332,0,1,7,-28.814584,153.281519,39,2,1,0,1,0,3,3,2,0,0,60,2,6545,6545,4,5,5,2,0,1,0,0
1226910,1,2020,2020,3,5,2,2261,17,523,2252,0,1,10,-33.919514,150.919343,41,0,2,1,2,0,0,0,0,2,7,60,2,14295,14295,3,9,5,2,0,0,0,1
1226911,4,2020,2020,3,0,7,2,10,22,34609,0,1,7,-34.061283,150.806557,13,0,2,0,1,0,0,0,2,0,0,50,0,418,714,5,5,40,1,0,1,0,0
1226913,4,2020,2020,4,2,6,123,36,19,49,0,1,1,-30.718598,151.511194,51,1,0,0,0,0,3,4,2,0,7,100,1,782,957,5,10,40,1,0,1,0,0
1226917,4,2020,2020,7,6,5,2209,17,11,2205,0,1,7,-34.483027,150.802276,80,0,2,1,1,0,3,4,2,0,7,80,2,4026,4026,8,5,40,1,0,1,0,0
1226919,4,2020,2020,3,5,7,23,31,523,34609,1,2,10,-33.916286,150.930786,41,0,2,1,1,0,0,0,2,0,15,40,0,6545,6545,4,0,36,2,0,1,0,0
1226921,2,2020,2020,7,4,8,27,36,29,27,0,1,1,-31.916055,149.666567,51,1,0,0,3,0,3,4,2,0,7,100,1,4552,5151,8,5,40,1,0,0,1,0
1226924,2,2020,2020,7,5,2,3371,17,58,3342,0,1,9,-33.751126,151.147305,36,0,2,0,3,0,0,0,1,2,7,60,2,14295,14295,3,5,19,2,0,0,1,0
1226933,2,2020,2020,3,5,7,109,36,28,108,0,1,7,-28.329134,153.402743,72,2,1,0,3,0,3,3,2,0,0,60,1,2852,2852,4,5,13,2,0,0,1,0
1226935,1,2020,2020,3,4,8,1,25,278,67,0,1,9,-33.7684,151.042546,54,0,2,1,3,0,0,0,2,2,7,60,1,14295,14295,3,9,5,2,0,0,0,1
1226937,1,2020,2020,7,2,7,22,27,123,59,0,1,9,-33.887781,151.225378,69,0,2,1,3,0,0,0,2,2,7,50,1,14295,14295,3,30,0,2,0,0,0,2
1226939,2,2020,2020,4,5,3,27,27,5,35,0,1,1,-28.796895,152.093511,51,1,0,0,0,2,0,0,2,0,7,100,1,418,714,5,5,40,1,0,0,1,1
1226941,2,2020,2020,4,5,7,22,10,13,34609,0,1,1,-33.868317,151.141149,14,0,2,0,0,0,0,0,2,0,7,50,0,941,941,1,5,27,2,0,0,1,0
1226942,4,2020,2020,7,2,3,4,30,346,144,1,0,9,-33.873294,151.091884,67,0,2,0,2,0,0,0,1,2,7,60,2,5929,5929,1,16,5,2,0,2,0,0
1226947,1,2020,2020,3,5,8,137,31,90,103,0,1,2,-32.921757,151.752838,48,0,2,0,3,0,0,0,3,0,0,60,1,14295,14295,3,9,5,2,0,0,0,1
1226949,4,2020,2020,7,0,0,105,17,251,136,0,1,2,-33.768698,150.942592,7,0,2,0,3,0,3,4,0,0,9,60,2,1850,1463,5,15,40,1,0,1,0,0
1226951,2,2020,2020,7,5,9,83,27,169,147,0,1,10,-28.659271,153.615585,10,2,1,1,3,0,0,0,2,0,0,50,1,1282,1282,1,22,0,2,0,0,1,0
1226952,1,2020,2020,7,2,3,54,27,72,563,0,1,2,-34.019468,151.008811,68,0,2,1,3,0,0,3,2,0,7,80,2,14295,14295,3,0,13,3,0,0,0,2
1226954,4,2020,2020,7,1,9,296,27,147,293,1,0,9,-33.867105,150.988134,15,0,2,1,1,0,0,0,2,3,7,70,2,1192,1192,1,5,5,2,0,1,0,0
1226956,4,2020,2020,3,1,4,21,31,252,59,0,1,9,-33.884537,151.211044,69,0,2,1,0,0,0,0,2,0,7,50,1,395,395,1,5,27,2,0,1,0,0
1226961,2,2020,2020,3,6,7,5,27,55,34609,1,2,1,-36.216981,149.131768,65,2,1,1,1,0,0,0,2,0,9,40,0,2040,2040,9,34,28,2,0,0,1,0
1226966,2,2020,2020,7,0,5,8,27,10,9,0,1,1,-30.757425,152.948485,47,1,0,0,0,0,3,4,2,0,7,90,1,2585,4009,8,0,40,1,0,0,1,0
1226968,4,2020,2020,3,5,5,54,31,56,62,0,1,1,-33.803092,151.198282,77,0,2,1,1,0,0,0,2,0,7,60,2,1282,1282,1,27,19,2,0,1,0,0
1226970,1,2020,2020,7,4,3,7,27,433,34609,0,1,9,-33.292794,149.086938,52,2,1,0,1,0,3,4,2,0,7,50,0,2585,4009,8,10,40,1,0,0,0,1
1226971,4,2020,2020,4,5,4,60,27,253,331,0,1,10,-33.962761,151.104046,25,0,2,1,1,0,0,0,2,2,7,60,2,6545,6545,4,22,36,2,0,1,0,0
1226974,2,2020,2020,7,6,5,10,31,105,34609,1,0,10,-32.593389,149.59062,44,2,1,1,0,0,3,4,2,0,0,50,0,926,926,4,5,35,2,0,0,1,0
1226975,4,2020,2020,7,6,8,12,27,30,34609,0,1,1,-34.201434,150.561455,79,2,2,0,0,0,3,4,2,0,7,80,0,2585,4009,8,34,40,1,0,1,0,0
1226984,1,2020,2020,7,5,5,3371,17,44,3342,0,1,2,-30.615108,152.975181,47,1,0,0,0,0,0,3,2,0,7,110,2,1957,4009,8,5,40,1,0,0,0,1
1226986,1,2020,2020,7,1,3,204,27,246,34609,0,1,1,-33.908111,151.197403,69,0,2,1,1,0,3,4,2,0,7,50,0,1109,397,1,0,27,2,0,0,0,1
1226989,2,2020,2020,3,6,7,1,1,48,34609,0,1,1,-32.715906,152.158875,57,2,1,1,0,0,0,0,2,0,7,50,0,2585,777,8,5,40,1,0,0,1,0
1226993,2,2020,2020,4,6,7,71,27,66,34609,0,1,1,-34.483796,150.890155,80,0,2,0,1,0,0,0,2,0,7,50,0,5929,5929,1,5,0,2,0,0,1,0
1226994,2,2020,2020,3,1,2,14,1,198,32,1,0,7,-33.909847,151.09619,15,0,2,1,2,0,0,0,0,0,0,50,1,926,926,4,22,13,2,0,0,1,0
1226998,4,2020,2020,7,6,8,8,1,15,34609,0,1,9,-32.990032,151.59393,37,0,2,1,2,0,0,0,2,0,7,60,0,5929,5929,1,5,27,2,0,1,0,0
1226999,2,2020,2020,3,6,9,44,31,41,605,1,0,9,-33.782897,151.267543,50,0,2,1,1,0,3,0,2,2,9,60,2,5929,5929,1,0,0,2,0,0,1,1
1227001,4,2020,2020,4,4,7,168,17,18,212,0,1,1,-35.577203,150.056998,23,2,1,0,0,0,3,4,2,0,7,70,2,2585,4009,8,5,40,1,0,1,0,0
1227021,4,2020,2020,3,4,11,51,27,44,63,0,1,9,-34.560129,150.842792,62,0,2,1,2,0,3,4,0,2,9,70,2,5929,5929,1,10,5,2,0,1,1,0
1227023,2,2020,2020,3,2,3,14,27,12,34609,0,1,1,-33.488826,151.406628,16,2,2,0,0,0,3,4,2,0,7,70,0,4552,5151,8,0,40,1,0,0,1,0
1227025,2,2020,2020,3,0,3,83,31,532,21,0,1,10,-33.874592,151.209026,69,0,2,1,1,0,0,0,2,2,9,40,1,623,623,3,27,13,3,0,0,2,0
1227028,1,2020,2020,3,5,7,11,23,18,34609,0,1,1,-33.473568,151.32064,16,2,2,0,0,0,0,0,2,0,7,50,0,1957,4009,8,5,40,1,0,0,0,1
1227030,2,2020,2020,3,4,7,916,17,194,917,0,1,1,-30.461009,151.68128,1,1,0,1,0,0,3,4,2,0,7,100,2,1669,1669,3,10,5,2,0,0,1,0
1227031,2,2020,2020,3,1,4,47,31,21,34609,0,1,9,-31.566976,147.187132,51,2,1,1,1,0,3,3,2,0,7,50,0,2852,2852,4,10,5,2,0,0,1,0
1227033,4,2020,2020,7,6,3,2126,17,218,2149,0,1,10,-33.773147,150.786671,55,0,2,1,2,0,3,4,2,2,7,60,2,1220,1220,9,5,28,2,0,1,0,0
1227035,2,2020,2020,4,0,6,125,27,290,103,0,1,1,-33.861879,150.998312,21,0,2,1,1,0,0,0,2,0,7,60,1,14295,14295,3,5,0,2,0,0,1,0
1227036,2,2020,2020,3,0,4,2,25,21,34609,0,1,1,-33.661024,151.095631,31,0,2,1,1,0,3,0,2,0,7,50,0,1089,1089,7,16,40,1,0,0,1,0
1227037,2,2020,2020,3,1,10,6,27,78,34609,0,1,9,-28.307052,153.395317,72,2,1,0,1,0,3,4,0,0,0,50,0,3775,3775,0,33,0,2,0,0,1,0
1227038,1,2020,2020,3,4,3,3371,17,149,3342,0,1,7,-33.345132,151.369904,16,2,2,0,0,0,0,0,2,0,0,60,2,14295,14295,3,5,5,2,0,0,0,1
1227040,4,2020,2020,3,1,3,76,31,107,34609,0,1,1,-29.67158,152.941219,18,2,1,1,0,0,0,0,1,0,7,50,0,214,214,9,10,28,2,0,1,1,0
1227041,2,2020,2020,3,2,7,48,27,8,42,0,1,1,-35.07238,150.165632,63,1,0,0,0,0,3,4,2,0,7,100,1,4552,5151,8,0,40,1,0,0,2,0
1227048,4,2020,2020,4,6,3,104,27,443,702,0,1,2,-33.896743,151.065848,15,0,2,1,1,0,3,0,2,0,7,70,2,3775,3775,0,21,36,3,0,2,0,0
1227051,4,2020,2020,7,1,10,47,31,117,84,0,1,2,-28.171383,153.543395,72,2,1,1,2,0,3,4,0,0,7,50,1,1220,1220,9,5,28,2,0,1,0,0
1227055,1,2020,2020,7,3,10,63,17,3,63,0,1,9,-34.150245,142.179916,51,1,0,0,0,0,0,6,0,0,7,100,2,404,404,8,5,40,1,0,0,0,1
1227058,2,2020,2020,4,5,8,9,27,11,34609,0,1,1,-34.319592,148.510091,30,2,1,1,0,2,0,0,2,0,7,80,0,4026,4026,8,10,40,1,0,0,1,0
1227061,4,2020,2020,4,6,8,40,27,30,74,0,1,9,-33.856822,151.14386,14,0,2,1,1,0,0,0,2,0,7,50,1,1220,1220,9,5,28,2,0,1,0,0
1227066,2,2020,2020,7,6,9,7,31,128,34609,0,1,10,-33.627626,150.799594,29,2,2,1,3,0,3,3,2,0,15,50,0,2852,2852,4,30,5,2,0,0,1,1
1227067,2,2020,2020,3,4,9,161,17,4,161,0,1,1,-36.244353,149.057977,65,2,1,1,3,0,0,0,3,0,7,80,2,323,323,1,10,13,2,0,0,1,0
1227070,2,2020,2020,3,6,0,348,17,25,232,0,1,1,-32.999017,149.860033,44,1,0,1,0,0,3,4,0,0,7,100,2,14295,14295,3,5,5,2,0,0,1,0
1227074,1,2020,2020,3,4,8,7,27,17,34609,0,1,10,-33.713879,151.150585,36,0,2,1,1,0,0,0,2,0,15,50,0,6545,6545,4,5,0,2,0,0,0,1
1227075,1,2020,2020,3,5,8,30,31,169,769,0,1,10,-33.598046,150.749448,29,2,2,1,1,0,0,0,2,0,15,50,2,6545,6545,4,5,5,2,0,0,0,1
1227076,1,2020,2020,3,5,10,38,27,189,165,0,1,7,-33.950281,151.059061,25,0,2,1,3,0,0,0,0,0,0,50,1,1391,1391,1,5,5,2,0,0,0,2
1227077,1,2020,2020,3,6,8,9,27,224,44,0,1,10,-33.822152,151.23885,45,0,2,1,3,0,0,0,2,2,7,50,1,6545,6545,4,5,5,2,0,0,0,1
1227078,1,2020,2020,7,3,8,10,31,67,34609,0,1,10,-33.892014,151.011475,15,0,2,1,3,0,0,0,2,0,0,50,0,6545,6545,4,5,19,2,0,0,0,1
1227081,4,2020,2020,3,4,6,89,27,6,228,0,1,1,-33.187741,151.050538,29,1,2,0,0,2,3,0,2,0,7,100,1,1850,1463,5,16,40,1,0,1,0,0
1227083,4,2020,2020,4,6,10,361,32,460,42,0,1,9,-33.847164,150.989761,21,0,2,1,2,0,0,0,0,0,7,50,1,489,489,8,30,40,1,0,1,0,0
1227088,1,2020,2020,3,1,7,31,1,234,139,0,1,2,-34.287941,146.045222,28,2,1,1,3,0,0,0,2,0,7,50,2,2040,2040,9,5,28,2,0,0,0,1
1227095,4,2020,2020,4,6,5,196,10,166,168,0,1,1,-33.940405,150.983272,15,0,2,1,1,0,0,0,2,0,7,60,2,1383,1383,1,5,35,3,0,1,2,0
1227096,4,2020,2020,4,1,8,2126,17,93,2149,0,1,1,-33.421169,149.631684,3,2,1,1,1,0,0,0,2,0,7,80,2,1669,1669,3,5,5,2,0,1,1,0
1227107,1,2020,2020,4,1,7,1052,14,54,928,0,1,3,-33.467417,151.194084,16,1,2,1,1,0,3,4,2,0,7,110,2,14295,14295,3,5,13,3,0,0,0,1
1227112,4,2020,2020,3,0,3,3,10,219,34609,0,1,9,-32.90754,151.682215,48,0,2,1,3,0,3,4,1,0,0,50,0,9859,9859,1,5,13,2,0,1,0,0
1227113,2,2020,2020,4,0,11,234,27,337,217,0,1,9,-33.731259,151.009906,71,0,2,1,2,0,0,0,0,2,7,60,2,5929,5929,1,10,13,2,0,0,1,0
1227114,4,2020,2020,4,1,0,46,1,9,34609,0,1,1,-33.016783,151.666435,37,0,2,0,2,0,0,0,0,0,7,50,0,2585,4009,8,16,40,1,0,1,0,0
1227115,4,2020,2020,3,5,7,346,17,44,332,0,1,9,-28.821541,153.411373,2,2,1,1,0,0,3,3,2,0,0,80,2,2852,2852,4,5,5,2,0,2,0,0
1227116,2,2020,2020,3,3,7,14,27,78,34609,0,1,1,-34.469701,150.852341,80,0,2,1,3,0,3,4,2,0,7,60,0,9859,9859,8,30,40,1,0,0,1,0
1227117,1,2020,2020,4,5,8,10,27,49,10,0,1,1,-34.466524,148.6505,30,1,0,1,0,2,0,0,2,0,7,100,1,4026,4026,8,10,40,1,0,0,0,1
1227121,4,2020,2020,4,6,7,3371,17,11,3342,0,1,1,-29.59273,153.044765,18,1,0,1,0,0,0,0,2,0,7,100,2,3775,3775,0,9,0,2,0,3,6,0
1227123,4,2020,2020,4,5,9,4,27,2,5,0,1,1,-37.0482,148.927932,65,1,0,0,0,0,0,0,2,0,7,100,1,4552,5151,8,16,40,1,0,1,0,1
1227126,2,2020,2020,4,6,6,1,1,27,34609,0,1,9,-33.719414,150.45235,8,2,2,0,0,0,0,0,2,0,0,50,0,6545,6545,4,5,0,2,0,0,1,0
1227130,1,2020,2020,3,3,9,39,36,18,79,0,1,9,-33.785781,151.20108,77,0,2,1,2,0,3,4,0,2,7,60,2,5929,5929,1,10,5,2,0,0,0,2
1227131,2,2020,2020,4,5,8,3371,17,77,3342,0,1,9,-33.036051,151.660524,37,0,2,1,3,0,0,0,2,2,7,50,2,2852,2852,4,33,5,2,0,0,1,0
1227136,2,2020,2020,3,2,6,2209,17,201,2205,0,1,9,-34.884922,150.603655,63,2,1,1,0,0,0,0,2,0,0,70,2,2852,2852,4,33,19,2,0,0,1,0
1227144,2,2020,2020,4,3,7,38,31,246,64,0,1,1,-33.917908,151.193549,69,0,2,1,3,0,3,3,2,0,7,50,2,1391,1391,1,5,0,2,0,0,1,0
1227145,4,2020,2020,4,3,9,2209,17,79,2205,0,1,7,-34.898344,150.602359,63,2,1,1,1,0,0,3,3,0,0,70,2,6545,6545,4,21,36,2,0,1,0,0
1227147,4,2020,2020,4,1,3,1,27,4,34609,0,1,1,-30.987643,152.614438,34,1,0,1,0,0,0,0,2,0,7,100,0,3775,3775,0,10,13,2,0,3,0,0
1227148,4,2020,2020,4,6,4,387,27,204,331,0,1,9,-33.939564,151.141338,4,0,2,1,0,0,0,0,2,0,7,60,2,2852,2852,4,0,19,2,0,1,0,0
1227149,4,2020,2020,4,6,4,22,27,16,207,0,1,9,-33.876226,151.228596,69,0,2,1,0,0,0,0,2,2,9,60,2,1220,1220,9,5,28,2,0,1,0,0
1227155,2,2020,2020,4,4,6,916,17,66,917,0,1,2,-32.812255,151.664609,48,0,2,1,1,0,0,0,2,0,7,80,2,4026,4026,8,5,40,2,0,0,2,0
1227156,2,2020,2020,3,0,6,10,1,71,34609,0,1,1,-33.254801,151.54582,16,2,2,1,3,0,0,0,2,0,7,50,0,4026,4026,8,5,40,1,0,0,1,0
1227160,4,2020,2020,3,2,9,481,17,113,483,0,1,1,-29.60969,149.803361,51,1,0,1,0,0,0,0,2,0,7,110,2,945,945,5,29,40,1,0,1,1,0
1227161,4,2020,2020,3,6,7,11,31,90,49,0,1,10,-32.924169,151.747378,48,0,2,1,1,0,0,0,2,0,7,60,1,2040,2040,9,34,28,2,0,1,0,1
1227162,4,2020,2020,4,0,8,2126,17,90,2149,0,1,1,-33.697086,150.290602,8,2,2,0,0,0,3,4,2,0,7,70,2,14295,14295,3,5,0,5,0,1,1,0
1227165,4,2020,2020,4,0,5,334,17,6,308,0,1,1,-31.418429,152.16021,56,2,1,0,0,0,0,0,2,0,7,80,2,2585,4009,8,16,40,1,0,1,0,0
1227167,2,2020,2020,4,6,4,4,27,56,34609,0,1,1,-35.114685,147.419738,75,2,1,1,1,0,0,0,2,0,7,80,0,204,204,1,22,37,2,0,0,1,0
1227171,2,2020,2020,4,1,5,15,27,43,228,0,1,1,-33.585141,150.867647,29,2,2,1,0,0,0,0,2,0,7,60,2,14295,14295,3,0,5,3,0,0,1,1
1227172,2,2020,2020,4,5,5,45,27,134,40,0,1,9,-33.682123,150.85648,7,0,2,1,0,0,0,0,2,0,7,60,2,3775,3775,0,10,13,2,0,0,1,0
1227188,1,2020,2020,3,1,7,1104,14,149,962,0,1,3,-33.816181,150.963514,21,0,2,1,3,0,0,0,2,0,7,90,2,1391,1391,1,5,25,2,0,0,0,1
1227189,1,2020,2020,7,4,8,485,27,154,769,0,1,9,-33.715973,150.960761,71,0,2,1,3,0,0,0,0,2,8,60,2,14295,14295,3,10,5,2,0,0,0,1
1227193,1,2020,2020,7,6,6,11,27,27,144,0,1,7,-32.885946,151.770108,48,0,2,1,3,0,0,0,2,0,0,80,2,14295,14295,3,5,5,2,0,0,0,1
1227200,2,2020,2020,3,3,9,3,31,27,144,0,1,2,-32.88291,151.77213,48,0,2,0,3,0,3,4,2,0,7,80,2,1259,5151,8,10,40,1,0,0,1,0
1227201,1,2020,2020,3,4,4,44,31,204,4,0,1,1,-33.895153,150.928117,24,0,2,1,3,0,0,0,2,0,7,50,1,14295,14295,3,0,13,2,0,0,0,2
1227206,2,2020,2020,7,5,7,191,17,8,189,0,1,1,-32.553778,151.01472,64,1,0,1,3,0,0,3,2,0,7,100,2,945,945,5,5,40,1,0,0,1,0
1227208,1,2020,2020,7,6,7,26,27,131,115,0,1,9,-33.776508,151.183347,36,0,2,1,3,0,0,0,2,0,0,50,1,5929,5929,1,30,36,2,0,0,0,1
1227211,1,2020,2020,7,0,8,515,14,197,518,0,1,3,-33.943086,151.077674,15,0,2,1,3,0,0,0,2,0,7,80,2,84,84,8,5,40,1,0,0,0,1
1227214,4,2020,2020,3,5,8,133,31,133,97,0,1,1,-33.91647,151.008902,15,0,2,0,1,0,0,0,2,0,7,60,1,1669,1669,3,5,18,2,0,1,0,0
1227218,4,2020,2020,7,4,10,67,31,14,34609,0,1,1,-28.949007,153.469468,2,2,1,0,0,0,0,0,0,0,7,50,0,2585,4009,8,16,40,1,0,1,0,0
1227219,2,2020,2020,3,0,8,2261,17,370,2252,0,1,3,-34.054347,150.804943,13,0,2,1,0,0,0,0,2,0,7,110,2,14295,14295,3,5,36,2,0,0,1,0
1227220,2,2020,2020,7,5,4,3371,17,39,3342,0,1,2,-29.820018,153.038654,18,2,1,1,3,0,2,6,2,0,14,60,2,14295,14295,3,5,5,3,0,0,2,0
1227226,4,2020,2020,4,4,9,12,27,15,34609,0,1,9,-33.797335,151.039672,54,0,2,0,2,0,0,0,3,0,7,50,0,1850,1463,5,16,40,1,0,1,0,0
1227228,4,2020,2020,3,1,7,134,10,69,133,0,1,2,-33.82244,151.021534,54,0,2,1,1,0,0,0,2,0,7,70,2,14295,14295,3,30,40,4,0,1,0,0
1227231,2,2020,2020,3,5,4,44,27,75,34609,0,1,1,-33.88174,151.119179,32,0,2,1,0,0,0,0,2,0,7,50,0,9859,9859,1,5,5,3,0,0,1,0
1227237,1,2020,2020,7,3,10,177,22,188,34609,0,1,9,-33.949625,151.096329,25,0,2,1,2,0,0,0,0,0,7,50,0,2852,2852,4,5,5,2,0,0,0,1
1227239,4,2020,2020,7,6,3,40,27,94,40,0,1,7,-33.882393,150.915161,24,0,2,1,1,0,0,0,2,0,7,60,1,6545,6545,4,21,27,2,0,1,0,0