Crash ID,Degree of crash - detailed,Reporting year,Year of crash,Month of crash,Day of week of crash,Two-hour intervals,Street of crash,Street type,Town,Route no.,School zone location,School zone active,Type of location,Latitude,Longitude,LGA,Urbanisation,Conurbation 1,Alignment,Street lighting,Road surface,Surface condition,Weather,Natural lighting,Signals operation,Other traffic control,Speed limit,Road classification,RUM - code,DCA - code,First impact type,Key TU type,Other TU type,No. of traffic units involved,No. killed,No. seriously injured,No. moderately injured,No. minor-other injured
1227240,4,2020,2020,7,1,8,120,36,16,148,0,1,1,-30.413092,152.771646,6,2,1,0,0,0,3,4,3,0,7,80,2,1259,5151,8,30,40,1,0,1,0,0
1227241,2,2020,2020,3,0,8,12,31,77,321,0,1,1,-33.883711,151.203733,69,0,2,1,0,0,0,0,2,2,9,40,2,1220,1220,9,16,28,2,0,0,1,0
1227246,4,2020,2020,3,2,6,7,10,19,34609,0,1,7,-34.08683,150.788456,13,0,2,1,1,0,0,0,2,0,0,60,0,6545,6545,4,5,10,2,0,1,0,0
1227248,1,2020,2020,7,3,7,2261,17,47,2252,0,1,2,-35.756487,147.292467,27,1,0,1,3,0,3,4,2,0,7,110,2,9859,9859,8,10,40,1,0,0,0,1
1227253,2,2020,2020,7,1,4,95,31,346,59,0,1,1,-33.866844,151.061882,67,0,2,1,3,0,0,0,2,0,7,60,1,1669,1669,3,8,5,2,0,0,1,0
1227254,2,2020,2020,7,4,6,6,27,6,34609,0,1,1,-36.033732,146.907508,0,2,1,1,3,0,0,0,2,0,7,80,0,9859,9859,1,33,5,2,0,0,1,0
1227257,1,2020,2020,7,2,8,45,27,47,44,0,1,1,-33.817211,151.151494,38,0,2,1,3,0,0,3,2,0,7,60,2,14295,14295,3,5,5,2,0,0,0,1
1227260,1,2020,2020,7,5,8,85,10,125,702,0,1,9,-33.855937,151.072448,67,0,2,1,3,0,0,0,2,2,7,80,2,14295,14295,3,5,0,2,0,0,0,1
1227266,2,2020,2020,7,6,6,2209,17,11,2205,0,1,9,-34.823297,150.604835,63,2,1,1,0,0,0,0,2,0,7,80,2,14295,14295,3,8,13,2,0,0,1,0
1227270,1,2020,2020,7,5,8,12,31,56,34609,0,1,10,-31.455649,152.732634,56,2,1,1,3,0,0,3,2,0,0,50,0,6545,6545,4,5,5,2,0,0,0,1
1227271,2,2020,2020,4,2,3,135,17,20,136,1,0,10,-35.980807,146.635392,51,2,1,1,3,0,0,0,4,0,0,50,2,6545,6545,4,5,25,2,0,0,1,0
1227272,4,2020,2020,4,0,8,32,1,73,34609,0,1,9,-33.775791,151.178407,36,0,2,1,1,0,0,0,2,0,7,50,0,323,323,1,16,36,2,0,1,1,0
1227273,2,2020,2020,7,3,7,3,31,54,34609,0,1,10,-33.083202,151.633907,37,0,2,1,1,0,0,0,2,0,0,50,0,6545,6545,4,10,0,2,0,0,1,0
1227274,2,2020,2020,7,0,5,2,27,29,23,0,1,1,-32.069607,142.83711,51,1,0,1,0,2,0,0,2,0,7,100,1,475,475,5,0,40,1,0,0,1,0
1227275,2,2020,2020,4,0,9,19,27,72,34609,0,1,9,-34.018433,151.011835,68,0,2,0,1,0,0,0,2,0,7,50,0,2040,2040,9,5,28,2,0,0,1,0
1227276,4,2020,2020,3,1,3,82,27,84,181,0,1,1,-33.893547,151.261235,76,0,2,1,1,0,0,0,2,0,7,50,2,1945,1945,5,22,40,1,0,1,0,0
1227281,4,2020,2020,7,5,8,9,27,110,34609,0,1,9,-33.753997,151.037623,71,0,2,1,0,0,3,4,2,0,6,50,0,2585,777,8,5,40,1,0,1,1,0
1227284,2,2020,2020,7,3,1,109,36,28,108,0,1,1,-28.335237,153.400661,72,2,1,0,2,0,0,0,0,0,7,60,1,2585,4009,1,5,5,2,0,0,1,0
1227289,4,2020,2020,3,1,7,26,31,363,34609,0,1,10,-33.754701,150.702543,55,0,2,1,1,0,0,0,2,1,7,50,0,5929,5929,1,5,19,2,0,1,1,0
1227290,1,2020,2020,3,1,8,361,23,204,35,0,1,9,-33.890541,150.940475,24,0,2,1,1,0,0,0,2,2,7,50,1,14295,14295,3,0,5,2,0,0,0,1
1227294,2,2020,2020,7,6,4,118,17,98,118,0,1,1,-30.975344,150.248306,51,2,1,1,1,0,0,0,2,0,7,50,2,1109,787,1,5,0,2,0,0,1,1
1227295,2,2020,2020,3,5,8,26,27,81,34609,0,1,9,-33.886647,151.262436,81,0,2,0,1,0,0,0,2,0,7,50,0,2585,777,8,0,40,2,0,0,1,0
1227296,2,2020,2020,3,2,6,255,27,71,166,0,1,1,-33.263429,151.533885,16,2,2,1,1,0,0,0,2,0,7,50,2,9859,9859,1,5,0,2,0,0,1,0
1227298,4,2020,2020,7,3,5,123,36,37,90,0,1,1,-31.232583,151.558336,51,1,0,1,0,0,0,0,2,0,7,100,1,4026,4026,8,0,40,1,0,1,0,0
1227300,4,2020,2020,7,3,5,50,36,11,43,0,1,1,-36.23416,148.174964,66,2,1,0,0,0,3,3,2,0,7,80,2,4552,5151,8,16,40,1,0,1,0,0
1227305,2,2020,2020,7,4,7,6,31,73,34609,0,1,9,-35.124989,147.377415,75,2,1,1,3,0,0,0,2,2,7,60,0,2852,2852,4,10,5,2,0,0,1,0
1227307,4,2020,2020,4,1,1,308,14,83,311,0,1,3,-33.884719,150.837525,41,0,2,1,2,0,3,4,0,0,7,100,2,1945,1945,5,3,40,2,0,1,1,0
1227309,4,2020,2020,7,3,5,6,27,84,25,0,1,1,-33.482632,151.416518,16,2,2,0,3,0,0,0,2,0,7,60,1,4552,5151,8,5,40,1,0,1,0,0
1227310,2,2020,2020,3,5,9,14,31,134,34609,0,1,4,-33.682814,150.888526,7,0,2,0,0,0,0,0,3,0,7,60,0,1850,1463,5,15,40,1,0,0,1,0
1227317,1,2020,2020,3,0,8,1104,14,283,962,0,1,3,-33.827016,151.013455,54,0,2,0,3,0,0,0,2,0,7,90,2,14295,14295,3,30,12,2,0,0,0,1
1227319,1,2020,2020,7,3,6,82,27,84,181,0,1,9,-33.893512,151.261023,76,0,2,1,3,0,0,0,2,2,7,50,2,14295,14295,3,5,5,2,0,0,0,1
1227323,1,2020,2020,7,5,3,1,1,61,34609,0,1,9,-33.757565,151.13041,36,0,2,1,3,0,0,3,1,0,7,50,0,1669,1669,3,0,36,2,0,0,0,1
1227325,1,2020,2020,7,4,4,3371,17,52,3342,0,1,1,-33.26239,151.462039,16,2,2,0,3,0,0,0,2,0,7,70,2,14295,14295,3,5,5,2,0,0,0,1
1227326,1,2020,2020,7,1,5,3371,17,90,3342,0,1,7,-28.225517,153.556994,72,2,1,1,3,0,3,4,2,0,0,60,2,14295,14295,3,10,36,2,0,0,0,1
1227333,1,2020,2020,7,6,8,2209,17,79,2205,0,1,10,-33.978474,151.122511,25,0,2,1,3,0,0,3,2,2,7,70,2,14295,14295,3,16,0,2,0,0,0,1
1227340,2,2020,2020,7,5,7,36,27,4,39,0,1,1,-32.410011,149.365168,44,1,0,0,3,0,0,0,2,0,7,100,2,782,957,5,5,40,1,0,0,1,0
1227343,2,2020,2020,7,3,11,2126,17,136,2149,0,1,9,-33.857387,151.066925,21,0,2,1,3,0,0,0,0,0,0,60,2,1669,1669,3,5,0,3,0,0,1,0
1227344,2,2020,2020,3,4,4,89,17,95,34609,0,1,1,-34.394452,150.892824,80,0,2,1,3,2,0,0,2,0,7,50,0,1383,1383,1,0,5,2,0,0,1,0
1227346,1,2020,2020,7,0,7,348,27,363,88,0,1,7,-33.743147,150.692101,55,0,2,1,3,0,0,0,2,0,0,60,2,14295,14295,3,5,5,2,0,0,0,1
1227352,2,2020,2020,4,4,8,230,27,173,284,0,1,10,-33.79128,151.130631,61,0,2,1,0,0,0,0,2,1,7,70,2,14295,14295,3,10,5,2,0,0,1,0
1227353,4,2020,2020,3,3,8,485,27,134,769,0,1,9,-33.656726,150.873921,7,0,2,1,1,0,0,3,2,2,7,80,2,1945,1945,5,16,40,1,0,1,0,0
1227354,2,2020,2020,3,4,10,115,27,138,114,0,1,1,-33.872071,151.274537,81,0,2,1,2,0,0,0,0,0,7,50,2,1669,1669,3,5,19,2,0,0,1,0
1227355,1,2020,2020,7,5,7,44,31,84,34609,0,1,7,-33.783389,151.111598,61,0,2,1,2,0,3,4,2,0,0,50,0,14295,14295,3,9,0,2,0,0,0,1
1227358,1,2020,2020,7,5,8,829,31,314,240,0,1,10,-33.850716,150.935501,24,0,2,1,3,0,3,4,2,0,15,60,2,6545,6545,4,5,13,2,0,0,0,1
1227363,4,2020,2020,7,6,4,220,14,58,220,0,1,6,-34.410344,150.883373,80,0,2,1,3,0,0,0,2,0,7,50,2,14295,14295,3,5,5,3,0,1,0,1
1227364,2,2020,2020,7,5,8,83,31,43,34609,0,1,1,-33.586603,150.85907,29,2,2,1,3,0,0,0,2,0,7,50,0,623,623,3,5,5,2,0,0,1,0
1227368,2,2020,2020,7,0,8,5,31,61,34609,0,1,10,-35.538113,144.96462,51,2,1,1,3,0,3,4,2,0,0,50,0,6545,6545,4,5,5,2,0,0,1,0
1227369,4,2020,2020,3,4,6,2261,17,523,2252,0,1,10,-33.921919,150.919031,41,0,2,1,1,0,0,0,2,2,7,60,2,775,775,4,5,5,2,0,1,1,0
1227371,1,2020,2020,3,0,8,171,31,363,34609,0,1,10,-33.818371,151.000545,54,0,2,1,2,0,3,4,3,2,7,50,0,5929,5929,1,0,5,2,0,0,0,1
1227374,4,2020,2020,3,2,9,1,10,15,34609,0,1,9,-35.070434,150.653222,63,2,1,1,2,0,3,4,0,0,0,50,0,9859,9859,8,22,40,1,0,1,0,0
1227376,4,2020,2020,3,5,4,232,36,252,331,0,1,2,-33.953102,150.856236,41,0,2,1,2,0,0,0,2,0,7,70,2,1282,1282,1,30,19,2,0,1,0,0
1227382,4,2020,2020,7,0,5,55,36,5,35,0,1,1,-32.632398,150.038087,44,2,1,0,0,0,0,0,2,0,7,80,1,4552,5151,8,16,40,1,0,1,0,0
1227383,2,2020,2020,3,6,10,4,31,52,13,1,0,9,-33.900454,151.262836,76,0,2,1,2,0,0,0,0,2,7,50,1,1945,1945,5,22,40,1,0,0,1,0
1227385,1,2020,2020,3,4,8,19,7,62,34609,0,1,9,-33.890113,151.139035,32,0,2,1,1,0,0,0,2,0,7,40,0,2040,2040,9,5,28,2,0,0,0,1
1227387,2,2020,2020,3,2,8,224,27,49,321,0,1,10,-33.961922,151.214706,4,0,2,1,2,0,3,4,3,2,7,70,2,1669,1669,3,10,5,2,0,0,1,0
1227388,2,2020,2020,3,2,5,105,17,251,34609,0,1,9,-33.774429,150.934708,7,0,2,1,1,0,3,4,2,0,15,50,0,926,926,4,10,27,2,0,0,1,0
1227392,4,2020,2020,4,0,11,3371,17,60,3342,0,1,1,-33.437921,151.252744,16,2,2,0,0,0,0,0,0,0,7,60,2,2585,4009,8,5,40,1,0,1,0,0
1227395,1,2020,2020,7,3,10,222,31,131,212,0,1,9,-33.786777,151.181382,77,0,2,1,2,0,0,0,0,2,7,60,2,5929,5929,1,5,5,2,0,0,0,1
1227399,2,2020,2020,4,6,3,3371,17,25,3342,0,1,2,-32.716665,151.792258,57,1,0,1,0,0,0,0,2,0,7,110,2,4026,4026,8,0,40,1,0,0,1,0
1227400,1,2020,2020,3,6,4,45,3,39,331,0,1,2,-34.038445,150.748732,12,0,2,0,0,0,0,0,2,0,7,100,2,14295,14295,3,9,0,2,0,0,0,1
1227401,4,2020,2020,7,6,10,26,27,71,38,1,0,10,-33.837286,150.967916,21,0,2,1,2,0,0,0,0,0,15,60,1,6545,6545,4,5,19,2,0,1,0,0
1227404,2,2020,2020,7,2,5,59,27,5,143,0,1,1,-33.955407,149.325509,74,2,1,0,0,0,0,0,2,0,7,80,2,1850,1463,5,16,40,1,0,0,1,0
1227407,4,2020,2020,7,0,11,32,27,290,34609,0,1,9,-33.853026,150.978066,21,0,2,0,2,0,0,0,0,0,7,50,0,4552,5151,8,5,40,1,0,1,0,0
1227410,4,2020,2020,4,3,3,145,27,36,80,1,0,1,-33.882475,151.181973,69,0,2,1,0,0,3,3,2,0,7,60,2,9859,9859,8,5,40,1,0,1,0,0
1227412,4,2020,2020,3,2,9,2209,17,166,2205,1,0,1,-33.898655,151.177991,32,0,2,1,2,0,0,0,2,0,7,50,2,387,387,1,15,0,3,0,1,0,0
1227413,4,2020,2020,7,6,9,21,27,12,61,0,1,1,-34.205861,146.113969,28,1,0,0,1,0,3,4,3,0,7,100,1,4552,5151,8,10,40,1,0,1,0,0
1227417,4,2020,2020,4,0,6,35,27,30,34609,0,1,1,-28.328768,153.50103,72,2,1,0,0,0,0,0,2,0,7,80,0,1850,1463,5,16,40,1,0,1,0,0
1227418,2,2020,2020,7,1,5,63,27,224,605,0,1,2,-33.806505,151.246725,45,0,2,1,1,2,0,0,2,0,7,60,2,14295,14295,3,9,0,3,0,0,1,0
1227421,2,2020,2020,4,4,8,149,36,43,81,0,1,1,-32.165143,152.49381,43,2,1,1,0,0,3,3,2,0,7,50,2,1981,1981,4,30,5,2,0,0,1,0
1227422,4,2020,2020,7,3,4,2261,17,39,2252,0,1,9,-35.972093,147.004155,0,1,0,0,0,0,0,0,2,0,0,110,2,6545,6545,4,10,5,2,0,1,0,0
1227426,4,2020,2020,3,6,11,55,27,12,34609,0,1,1,-32.949186,151.685984,37,0,2,1,2,0,0,0,0,0,7,60,0,9859,9859,8,10,40,1,0,1,0,0
1227427,4,2020,2020,7,0,4,2,27,3,34609,0,1,1,-33.308064,149.288975,11,1,0,0,0,0,0,0,2,0,7,100,0,2585,4009,8,16,40,1,0,1,0,0
1227429,4,2020,2020,7,0,6,3371,17,11,3342,0,1,1,-29.592409,153.04505,18,1,0,1,0,0,0,0,2,0,7,100,2,623,623,3,10,41,2,0,2,0,0
1227431,1,2020,2020,3,4,8,866,17,112,793,0,1,2,-33.912475,150.91937,41,0,2,1,2,0,0,0,2,0,7,70,2,1981,1981,4,30,27,2,0,0,0,1
1227433,2,2020,2020,3,1,7,76,24,164,154,0,1,2,-33.726046,150.895592,7,0,2,1,1,0,0,0,2,0,7,70,1,14295,14295,3,9,5,4,0,0,1,1
1227434,4,2020,2020,3,0,6,22,27,173,34609,0,1,0,-33.875893,151.22167,69,0,2,1,0,0,0,0,2,0,7,40,0,387,387,1,22,5,2,0,1,0,0
1227437,4,2020,2020,7,3,1,2,27,3,34609,0,1,1,-34.850114,147.625753,51,1,0,0,0,0,0,0,0,0,7,100,0,1259,5151,8,10,40,1,0,1,0,0
1227441,2,2020,2020,3,0,5,48,31,92,45,0,1,1,-33.412023,151.345336,16,2,2,0,3,0,0,0,2,0,7,60,1,1109,787,1,5,5,2,0,0,1,0
1227444,4,2020,2020,3,6,5,137,31,143,34609,0,1,1,-33.702028,151.100965,31,0,2,1,0,0,0,3,2,0,7,50,0,238,238,9,5,28,2,0,1,0,0
1227446,2,2020,2020,4,5,7,4,31,147,34609,0,1,1,-33.869162,150.991819,15,0,2,1,1,2,0,0,2,0,7,50,0,1981,1981,4,0,5,2,0,0,1,0
1227453,4,2020,2020,3,5,3,9,36,6,9,0,1,1,-34.106631,147.86199,51,1,0,1,1,0,0,0,1,0,13,100,1,19,19,10,29,38,2,0,1,0,0
1227454,2,2020,2020,7,2,4,16,27,3,34609,0,1,1,-31.634679,152.514135,56,2,1,0,0,2,3,0,2,0,7,80,0,782,957,5,25,40,1,0,0,1,0
1227455,2,2020,2020,3,3,4,3371,17,53,3342,0,1,1,-33.685744,151.109743,31,0,2,0,1,0,0,3,2,0,7,60,2,1981,1981,4,0,5,2,0,0,1,0
1227456,1,2020,2020,4,0,8,6,31,224,34609,0,1,7,-33.833825,151.239668,45,0,2,1,3,0,0,0,2,0,0,50,0,1282,1282,1,5,27,2,0,0,0,1
1227459,1,2020,2020,3,4,3,51,27,57,34609,0,1,7,-34.563032,150.829598,62,0,2,1,0,0,3,4,2,0,0,50,0,1192,1192,1,22,5,2,0,0,0,1
1227462,2,2020,2020,7,0,4,46,1,79,34609,0,1,9,-34.899726,150.611196,63,2,1,1,0,0,0,0,2,0,7,60,0,340,340,9,5,28,2,0,0,1,0
1227470,2,2020,2020,4,3,8,70,27,78,100,0,1,1,-33.691056,150.580182,8,2,2,0,1,0,3,4,2,0,7,60,2,1957,4009,8,30,40,1,0,0,1,0
1227474,2,2020,2020,7,2,9,3371,17,42,3342,0,1,9,-33.823799,151.197254,49,0,2,1,3,0,3,4,0,2,7,60,2,2852,2852,4,5,5,2,0,0,1,0
1227475,4,2020,2020,7,1,4,93,1,523,34609,0,1,1,-33.923461,150.912446,41,0,2,1,3,0,0,0,2,0,7,50,0,1282,1282,1,0,40,1,0,1,0,0
1227479,2,2020,2020,7,6,3,10,10,41,34609,0,1,7,-35.128088,147.364932,75,2,1,1,3,0,0,0,2,0,0,50,0,301,301,4,31,13,2,0,0,1,0
1227483,1,2020,2020,3,0,8,47,31,117,84,0,1,9,-28.180785,153.539251,72,2,1,1,1,0,0,0,2,1,7,60,1,591,591,1,22,13,2,0,0,0,1
1227484,2,2020,2020,3,6,10,23,31,174,9,0,1,1,-33.897441,151.214385,69,0,2,1,2,0,0,0,0,0,7,40,1,1981,1981,4,0,18,2,0,0,1,0
1227485,2,2020,2020,7,1,2,149,27,38,198,0,1,1,-34.051928,150.96644,68,0,2,0,0,0,3,4,0,0,7,90,2,101,101,8,5,10,2,0,0,1,0
1227487,2,2020,2020,7,1,5,1052,14,207,928,0,1,3,-33.550124,151.194324,31,0,2,1,3,0,0,0,2,0,7,110,2,9859,9859,8,5,40,2,0,0,1,1
1227490,2,2020,2020,7,1,4,8,27,3,34609,0,1,1,-31.893874,152.381416,43,2,1,0,3,0,3,4,2,0,7,80,0,380,714,5,5,40,1,0,0,1,0
1227492,1,2020,2020,4,2,5,866,17,44,793,0,1,2,-33.796781,150.977258,54,0,2,1,3,0,0,0,2,0,7,70,2,14295,14295,3,9,0,2,0,0,0,2
1227494,4,2020,2020,7,4,10,45,27,134,40,0,1,1,-33.685098,150.851266,7,0,2,1,2,0,3,4,0,0,7,60,2,9859,9859,8,5,40,1,0,1,1,0
1227496,1,2020,2020,3,1,3,74,23,137,54,0,1,9,-34.028732,151.058887,68,0,2,1,1,0,0,0,1,0,0,50,2,9859,9859,8,0,40,1,0,0,0,1
1227497,2,2020,2020,3,5,10,149,36,5,113,0,1,1,-32.310743,152.512887,43,2,1,0,0,0,3,6,0,0,7,80,2,1850,1463,5,16,40,1,0,0,1,0
1227500,1,2020,2020,7,5,9,1,27,17,34609,0,1,9,-28.241073,153.494941,72,2,1,1,0,0,3,3,3,0,7,60,0,1669,1669,3,5,25,2,0,0,0,1
1227502,2,2020,2020,3,6,4,5,31,106,2149,0,1,10,-33.886928,151.176592,32,0,2,1,1,0,0,0,2,2,7,60,2,1383,1383,1,5,18,2,0,0,1,0
1227506,2,2020,2020,7,0,6,2209,17,29,2205,0,1,9,-35.329526,150.448045,63,2,1,1,1,0,0,0,2,0,0,80,2,1669,1669,3,5,5,2,0,0,2,0
1227507,2,2020,2020,7,2,11,171,1,57,104,0,1,9,-33.946104,151.223331,4,0,2,1,2,0,3,2,0,2,7,60,2,2852,2852,4,5,5,2,0,0,1,1
1227509,4,2020,2020,4,4,8,10,31,8,34609,0,1,1,-33.771957,151.180426,36,0,2,1,0,0,0,0,2,0,7,50,0,9859,9859,1,5,5,4,0,1,0,0
1227511,1,2020,2020,4,2,8,196,36,36,15,0,1,9,-33.90527,148.16037,51,2,1,1,1,0,0,0,2,0,0,50,1,4026,4026,8,5,40,1,0,0,0,1
1227514,2,2020,2020,3,6,4,7,27,293,34609,0,1,7,-33.93808,151.235377,59,0,2,1,3,0,0,0,2,0,0,50,0,6545,6545,4,30,27,2,0,0,1,0
1227526,2,2020,2020,7,1,5,84,27,61,415,0,1,2,-33.768104,151.136746,36,0,2,1,3,0,0,0,2,0,7,70,2,14295,14295,3,0,12,2,0,0,1,0
1227527,2,2020,2020,3,6,9,9,27,26,34609,0,1,1,-34.581543,150.854859,62,0,2,0,3,0,3,4,3,0,7,50,0,1957,4009,8,5,40,1,0,0,1,0
1227528,1,2020,2020,3,6,8,150,27,173,415,0,1,2,-33.78118,151.13245,61,0,2,1,3,0,0,0,2,0,7,70,2,14295,14295,3,9,25,2,0,0,0,1
1227529,1,2020,2020,7,6,11,6,27,61,34609,0,1,1,-29.758174,151.720112,51,2,1,1,0,0,0,0,0,0,7,80,0,312,312,2,21,40,1,0,0,0,1
1227532,4,2020,2020,3,3,5,15,27,6,33,0,1,1,-34.34537,150.250238,78,1,0,1,0,0,0,0,2,0,7,100,1,9859,9859,8,30,40,1,0,2,0,0
1227533,2,2020,2020,3,2,5,48,31,53,34609,0,1,1,-30.640913,152.995668,47,2,1,1,1,0,0,3,2,0,7,50,0,3775,3775,0,0,13,2,0,0,2,1
1227538,2,2020,2020,7,6,4,194,31,309,702,0,1,2,-33.819087,151.100221,61,0,2,1,1,0,0,0,2,0,7,70,2,1282,1282,1,5,5,4,0,0,1,1
1227541,4,2020,2020,4,5,5,1,27,59,34609,0,1,9,-33.184438,151.491709,37,0,2,1,1,0,0,0,2,0,8,50,0,1945,1945,5,16,40,1,0,1,0,0
1227544,4,2020,2020,3,0,8,111,27,80,233,0,1,11,-33.933075,151.230201,4,0,2,1,1,0,0,0,3,0,15,60,2,1669,1669,3,0,5,2,0,1,1,0
1227545,2,2020,2020,4,4,4,2,1,30,34609,0,1,1,-34.338088,146.05284,28,2,1,1,0,0,0,0,2,0,7,80,0,9859,9859,8,5,40,1,0,0,1,0
1227546,4,2020,2020,3,6,3,10,27,18,34609,0,1,1,-33.347111,149.018219,11,2,1,0,0,0,0,0,2,0,7,80,0,1850,1463,5,22,40,1,0,1,0,0
1227549,2,2020,2020,7,2,6,40,31,80,34609,0,1,0,-33.881297,151.203714,69,0,2,0,0,0,0,3,2,0,7,40,0,1220,1220,9,5,28,2,0,0,1,0
1227555,2,2020,2020,7,4,0,2209,17,19,2205,0,1,2,-34.78936,150.673114,63,1,0,1,0,0,0,0,0,0,7,100,2,4026,4026,8,8,40,1,0,0,1,0
1227556,2,2020,2020,3,2,3,49,27,201,47,0,1,7,-33.989185,150.867706,13,0,2,1,1,0,0,0,2,0,7,70,1,1850,985,5,16,40,1,0,0,1,0
1227559,1,2020,2020,3,2,8,2261,17,45,2252,0,1,2,-33.890041,150.974086,15,0,2,1,0,0,0,0,2,0,7,70,2,14295,14295,3,5,5,2,0,0,0,1
1227560,2,2020,2020,7,3,9,22,31,215,34609,0,1,10,-35.108007,147.362523,75,2,1,1,1,0,0,0,2,0,15,50,0,6545,6545,4,5,5,2,0,0,1,1
1227564,4,2020,2020,3,0,10,1104,14,104,962,0,1,3,-33.791254,150.807066,55,0,2,1,2,0,3,4,0,0,7,110,2,945,945,5,16,40,1,0,1,0,0
1227566,2,2020,2020,4,3,2,51,31,166,34609,0,1,1,-33.421848,149.582673,3,2,1,1,2,0,0,0,0,0,7,50,0,9859,9859,1,5,5,2,0,0,1,0
1227567,4,2020,2020,3,0,9,43,1,226,144,0,1,9,-33.757208,150.824439,7,0,2,1,1,0,0,0,3,0,7,60,2,14295,14295,3,0,5,2,0,1,0,0
1227568,2,2020,2020,7,0,9,100,31,363,38,0,1,2,-33.808378,151.001639,54,0,2,1,0,0,2,6,2,0,7,60,1,1383,1383,1,15,0,2,0,0,1,0
1227569,2,2020,2020,3,6,8,8,27,284,34609,0,1,9,-33.89666,151.014053,15,0,2,1,1,0,3,0,2,0,0,50,0,1957,777,1,10,13,2,0,0,1,0
1227571,2,2020,2020,7,1,6,27,27,17,62,0,1,9,-30.271683,153.05234,19,2,1,1,3,0,0,0,2,0,7,80,1,3775,3775,0,0,5,2,0,0,1,0
1227572,1,2020,2020,7,4,9,230,27,84,284,0,1,2,-33.781799,151.113635,61,0,2,1,3,0,0,0,3,0,7,70,2,14295,14295,3,5,0,2,0,0,0,1
1227573,2,2020,2020,7,0,2,21,36,18,34609,0,1,1,-30.916066,152.941437,34,1,0,1,3,0,3,4,1,0,7,100,0,1089,1089,7,9,40,1,0,0,1,0
1227574,4,2020,2020,7,2,9,1052,14,77,928,0,1,3,-33.519024,151.196832,16,1,2,0,3,0,3,4,3,0,7,90,2,1850,1463,5,5,40,1,0,1,0,0
1227575,1,2020,2020,7,3,6,2209,17,176,2205,0,1,9,-33.950717,151.13864,4,0,2,1,3,0,0,0,2,3,7,60,2,1391,1391,1,30,19,2,0,0,0,1
1227577,2,2020,2020,7,3,7,154,27,293,244,0,1,9,-33.926017,151.054,15,0,2,1,3,0,0,0,2,2,7,60,2,5929,5929,1,5,5,2,0,0,3,0
1227581,2,2020,2020,7,1,4,230,27,84,284,0,1,10,-33.775225,151.104575,61,0,2,1,1,0,0,0,2,0,7,70,2,5929,5929,1,30,0,2,0,0,2,0
1227585,4,2020,2020,7,6,5,133,31,646,97,0,1,10,-33.916786,151.018494,15,0,2,1,1,0,0,0,2,2,7,60,1,6545,6545,4,5,41,2,0,2,0,0
1227587,2,2020,2020,7,3,8,13,31,74,34609,0,1,1,-34.030557,150.767425,12,0,2,1,3,0,0,0,2,0,7,50,0,1282,1282,1,16,40,1,0,0,1,0
1227588,1,2020,2020,3,0,4,866,17,187,793,0,1,10,-33.793372,150.994447,54,0,2,1,3,0,0,0,2,1,7,70,2,1391,1391,1,5,5,3,0,0,0,1
1227589,2,2020,2020,7,5,6,3,31,61,34609,0,1,10,-35.531886,144.96202,51,2,1,1,3,0,0,0,2,0,0,50,0,6545,6545,4,33,0,2,0,0,1,0
1227591,1,2020,2020,7,6,5,48,31,33,45,0,1,10,-33.41708,151.343872,16,2,2,1,1,0,0,3,2,0,0,60,1,14295,14295,3,5,5,2,0,0,0,1
1227595,4,2020,2020,3,1,11,15,31,438,34609,0,1,9,-33.850674,151.022125,21,0,2,1,1,0,0,0,0,0,7,50,0,2040,2040,9,5,28,2,0,1,0,0
1227611,2,2020,2020,7,4,11,3371,17,36,3342,0,1,2,-33.430187,151.230026,16,2,2,1,2,0,0,0,0,0,7,60,2,1945,1945,5,16,40,1,0,0,1,0
1227612,1,2020,2020,7,4,8,12,27,121,15,0,1,9,-33.787463,151.280677,50,0,2,1,1,0,3,4,2,0,7,50,1,14295,14295,3,10,0,2,0,0,0,1
1227622,1,2020,2020,3,1,8,485,27,154,769,0,1,10,-33.708485,150.941455,71,0,2,1,0,0,0,0,2,2,2,80,2,623,623,3,0,0,2,0,0,0,1
1227626,4,2020,2020,4,5,5,205,27,161,415,1,0,10,-33.72196,151.171444,36,0,2,1,1,0,0,0,2,2,7,60,2,5929,5929,1,5,0,2,0,1,0,0
1227631,4,2020,2020,3,0,3,17,10,39,34609,1,0,7,-32.875003,151.650385,48,0,2,1,1,0,0,0,2,0,0,50,0,6545,6545,4,30,27,2,0,1,0,0
1227633,1,2020,2020,3,5,5,132,31,252,126,1,0,9,-33.889791,151.206938,69,0,2,1,0,0,0,0,2,0,15,50,2,591,591,1,22,5,2,0,0,0,1
1227637,2,2020,2020,3,2,7,112,17,207,112,0,1,10,-31.953121,141.474048,51,2,1,1,1,0,0,0,2,0,0,50,2,6545,6545,4,5,13,2,0,0,2,1
1227640,4,2020,2020,3,6,7,19,27,10,16,0,1,1,-31.572245,152.499752,56,1,0,0,0,0,0,3,2,0,7,100,1,2585,4009,8,10,40,1,0,1,0,1
1227641,2,2020,2020,3,1,7,1,27,18,34609,0,1,1,-34.25933,146.225288,28,1,0,1,3,2,0,0,2,0,7,100,0,1981,1981,4,5,0,2,0,0,1,0
1227647,4,2020,2020,3,4,10,9,27,119,34609,0,1,1,-32.733998,151.743779,57,1,0,1,0,0,0,0,0,0,7,100,0,3775,3775,0,16,19,2,0,2,1,0