Crash ID,Degree of crash - detailed,Reporting year,Year of crash,Month of crash,Day of week of crash,Two-hour intervals,Street of crash,Street type,Town,Route no.,School zone location,School zone active,Type of location,Latitude,Longitude,LGA,Urbanisation,Conurbation 1,Alignment,Street lighting,Road surface,Surface condition,Weather,Natural lighting,Signals operation,Other traffic control,Speed limit,Road classification,RUM - code,DCA - code,First impact type,Key TU type,Other TU type,No. of traffic units involved,No. killed,No. seriously injured,No. moderately injured,No. minor-other injured
1227648,1,2020,2020,3,6,8,2,1,96,34609,0,1,1,-34.234275,150.684157,79,2,2,0,1,0,0,6,2,0,7,50,0,1957,4009,8,5,40,1,0,0,0,1
1227649,2,2020,2020,7,6,4,39,1,168,34609,0,1,9,-33.698879,150.845449,7,0,2,1,1,0,3,4,2,0,7,60,0,489,489,8,5,40,1,0,0,1,0
1227651,2,2020,2020,3,0,8,63,27,224,605,0,1,2,-33.821343,151.243848,45,0,2,1,1,0,0,0,2,0,7,60,2,14295,14295,3,30,5,3,0,0,1,0
1227654,4,2020,2020,3,6,5,101,10,42,33,0,1,1,-34.027284,151.163411,68,0,2,1,0,0,0,0,2,0,7,80,2,1945,1945,5,16,40,1,0,1,0,0
1227656,2,2020,2020,7,0,7,232,36,34,331,0,1,10,-34.009961,150.770356,12,0,2,1,3,0,0,0,2,2,7,80,2,14295,14295,3,9,5,3,0,0,1,0
1227658,4,2020,2020,3,4,3,2209,17,77,2205,0,1,10,-33.9234,151.16232,32,0,2,1,3,0,0,0,2,2,7,60,2,14295,14295,3,10,13,3,0,1,0,0
1227659,1,2020,2020,7,4,8,1052,14,207,928,0,1,3,-33.567876,151.19235,31,0,2,0,3,0,3,4,2,0,7,110,2,2585,4009,8,9,40,1,0,0,0,1
1227665,1,2020,2020,4,0,2,195,27,83,268,0,1,10,-33.883566,150.864509,41,0,2,1,2,0,0,0,1,2,9,70,2,14295,14295,3,19,10,2,0,0,0,1
1227666,1,2020,2020,3,5,9,57,31,176,165,1,0,7,-33.961506,151.135226,25,0,2,1,0,0,0,0,3,0,0,50,1,6545,6545,4,0,19,2,0,0,0,1
1227667,4,2020,2020,3,4,0,204,31,33,34609,0,1,9,-33.899582,151.248847,76,0,2,1,2,0,0,0,0,0,0,50,0,4552,985,1,5,5,3,0,1,0,0
1227669,4,2020,2020,7,1,7,12,27,19,34609,0,1,1,-28.600523,153.501841,10,2,1,0,0,0,0,0,2,0,7,80,0,1957,4009,8,5,40,1,0,1,0,0
1227670,2,2020,2020,3,4,6,2209,17,13,2205,0,1,1,-36.601012,149.839104,5,1,0,0,1,0,3,4,2,0,7,100,2,4552,5151,8,5,40,1,0,0,1,0
1227671,2,2020,2020,7,4,6,12,27,43,39,0,1,9,-33.601657,150.822045,29,2,2,0,1,0,0,0,2,0,0,60,2,2852,2852,4,0,0,2,0,0,2,0
1227672,2,2020,2020,7,0,5,48,27,70,166,0,1,10,-33.254771,151.498354,16,2,2,1,1,0,0,0,2,0,0,50,2,5929,5929,1,34,12,2,0,0,1,1
1227673,4,2020,2020,7,5,6,294,17,26,288,0,1,1,-34.496375,145.648232,51,1,0,1,0,0,0,0,2,0,7,110,2,945,945,5,29,40,1,0,1,0,0
1227674,4,2020,2020,3,0,8,829,27,363,770,0,1,2,-33.808666,151.015958,54,0,2,1,1,0,0,0,2,0,7,60,2,340,340,9,30,28,2,0,1,0,0
1227677,4,2020,2020,7,0,4,73,24,50,88,0,1,1,-33.716122,151.269413,50,0,2,0,0,0,3,3,2,0,7,80,2,3775,3775,0,9,5,3,0,1,0,0
1227678,4,2020,2020,3,0,6,105,27,174,109,0,1,9,-33.860864,150.926402,24,0,2,1,1,0,0,0,2,0,15,60,1,2852,2852,4,5,5,2,0,1,0,0
1227679,2,2020,2020,3,6,8,330,27,53,605,0,1,10,-33.726008,151.299049,50,0,2,1,1,0,0,0,2,0,0,60,2,5929,5929,1,5,19,2,0,0,1,0
1227682,1,2020,2020,7,4,9,14,31,283,34609,0,1,1,-33.84134,151.009836,21,0,2,1,0,0,0,0,2,0,7,50,0,238,238,9,33,28,2,0,0,0,1
1227685,4,2020,2020,7,1,8,13,27,3,7,0,1,9,-31.034532,152.936815,34,1,0,1,0,0,0,0,3,0,7,100,1,323,323,1,5,37,2,0,1,0,0
1227686,4,2020,2020,3,4,8,175,27,609,220,1,0,2,-33.760152,150.913874,7,0,2,1,1,0,0,0,2,0,7,70,2,1945,1945,5,16,40,1,0,1,0,0
1227688,2,2020,2020,7,1,9,24,31,169,382,0,1,10,-33.600674,150.750954,29,2,2,1,2,0,0,0,3,2,15,60,2,5929,5929,1,5,5,2,0,0,1,0
1227690,4,2020,2020,3,2,5,157,17,48,158,0,1,1,-33.919718,147.179231,51,1,0,0,0,0,3,4,2,0,7,100,2,2585,4009,8,0,40,1,0,1,0,0
1227692,2,2020,2020,4,2,6,2126,17,247,2149,0,1,2,-33.811728,150.952101,21,0,2,1,0,0,0,0,2,0,7,80,2,1383,1383,1,16,5,2,0,0,1,0
1227695,2,2020,2020,7,1,2,149,36,120,113,0,1,9,-32.224961,152.539937,43,2,1,1,0,0,3,3,0,0,7,80,1,9859,9859,8,30,40,1,0,0,1,0
1227697,1,2020,2020,3,3,7,133,31,49,34609,0,1,1,-33.717432,151.298909,50,0,2,1,1,0,0,3,2,0,7,50,0,941,941,1,0,13,2,0,0,0,1
1227703,4,2020,2020,4,6,8,2209,17,79,2205,0,1,9,-33.981353,151.118349,25,0,2,1,1,0,0,0,2,0,0,70,2,5929,5929,1,0,19,2,0,1,1,0
1227704,4,2020,2020,4,2,0,108,27,438,34609,0,1,1,-33.849571,151.034926,21,0,2,1,2,0,0,0,0,0,7,50,0,1220,1220,9,5,28,2,0,1,0,0
1227706,2,2020,2020,4,4,6,3371,17,8,3342,0,1,2,-30.768284,152.902581,47,1,0,0,0,0,0,0,2,0,7,110,2,2585,4009,8,0,40,1,0,0,1,0
1227712,2,2020,2020,4,3,7,3371,17,10,3342,0,1,8,-29.578313,153.062935,18,1,0,0,0,0,0,3,2,0,7,100,2,4552,5151,8,5,40,1,0,0,1,1
1227714,4,2020,2020,3,0,0,11,31,176,10,0,1,2,-33.949352,151.146079,4,0,2,1,2,0,0,0,0,0,7,60,1,4026,4026,8,5,40,2,0,1,0,0
1227715,2,2020,2020,3,1,6,2209,17,7,2205,0,1,1,-35.55909,150.278271,63,1,0,0,0,0,3,4,2,0,7,100,2,3775,3775,0,9,13,2,0,0,3,0
1227716,4,2020,2020,3,2,5,9,27,7,34609,0,1,1,-33.07029,151.334392,16,2,2,1,0,2,0,0,2,0,7,40,0,1945,1945,5,16,40,1,0,1,0,0
1227720,2,2020,2020,4,0,7,6,27,35,34609,0,1,10,-35.344371,149.220673,58,2,1,0,1,0,0,0,2,0,7,50,0,14295,14295,3,16,5,2,0,0,1,0
1227721,2,2020,2020,3,4,4,2261,17,49,2252,0,1,2,-34.741812,149.840084,26,1,0,0,0,0,0,3,2,0,7,110,2,1957,4009,8,10,40,1,0,0,1,0
1227723,2,2020,2020,3,2,9,153,27,290,147,0,1,1,-33.949276,151.115133,4,0,2,1,2,0,3,4,0,0,7,60,2,3775,3775,0,30,0,2,0,0,1,0
1227729,4,2020,2020,4,6,6,5,27,5,34609,0,1,1,-32.07049,151.88372,43,2,1,0,0,0,0,0,2,0,7,80,0,1259,5151,8,5,40,1,0,1,0,0
1227731,4,2020,2020,4,4,5,8,31,136,34609,0,1,9,-33.922523,151.078628,15,0,2,1,0,0,0,0,2,0,7,50,0,1220,1220,9,5,28,2,0,1,0,0
1227732,4,2020,2020,4,6,9,49,27,201,47,0,1,7,-33.995041,150.875336,13,0,2,0,2,0,0,0,2,0,0,60,1,515,515,1,5,19,2,0,1,0,0
1227737,4,2020,2020,4,6,5,13,31,120,81,0,1,10,-32.189249,152.515445,43,2,1,1,1,0,0,0,2,0,0,50,2,5929,5929,1,10,27,2,0,1,0,0
1227738,2,2020,2020,4,0,6,3,27,76,34609,0,1,9,-34.573536,150.371808,78,1,0,0,0,0,0,0,2,0,0,90,0,782,985,5,5,40,1,0,0,1,0
1227739,1,2020,2020,3,6,11,280,10,314,240,0,1,7,-33.856998,150.950547,24,0,2,0,2,0,3,4,0,0,0,60,2,6545,6545,4,0,0,2,0,0,0,1
1227740,2,2020,2020,4,4,8,93,10,58,13,0,1,2,-34.411282,150.886969,80,0,2,1,1,0,3,4,2,0,7,80,2,14295,14295,3,10,5,2,0,0,1,0
1227741,2,2020,2020,3,6,4,71,27,14,69,0,1,1,-36.399212,148.653715,65,1,0,0,0,0,0,0,2,0,7,100,2,1957,4009,8,3,40,2,0,0,2,0
1227743,4,2020,2020,3,1,4,829,31,90,34609,1,2,1,-33.698124,150.314047,8,2,2,1,1,0,3,3,2,0,7,40,0,1669,1669,3,0,0,2,0,1,0,1
1227746,1,2020,2020,4,2,5,119,31,188,140,0,1,9,-33.928224,151.105669,15,0,2,1,1,0,0,0,2,0,7,50,1,14295,14295,3,5,5,3,0,0,0,1
1227748,2,2020,2020,3,1,1,108,31,30,34609,0,1,1,-34.216818,150.561505,79,2,2,1,0,0,3,4,0,0,7,80,0,9859,9859,8,5,40,1,0,0,1,0
1227749,4,2020,2020,4,4,2,348,17,4,232,0,1,1,-33.254102,150.035802,40,1,0,1,0,0,3,3,1,0,7,100,2,9859,9859,8,0,40,1,0,1,0,0
1227750,4,2020,2020,3,4,10,1,31,39,34609,0,1,9,-32.909634,151.583698,37,0,2,1,2,0,3,3,0,0,7,50,0,489,489,8,34,40,1,0,1,0,0
1227752,4,2020,2020,3,5,4,829,1,225,34609,0,1,1,-33.797282,151.179683,77,0,2,1,1,0,0,3,2,0,7,40,0,1220,1220,9,0,28,2,0,1,0,0
1227755,4,2020,2020,4,4,4,34,27,73,799,0,1,9,-33.896227,151.161621,32,0,2,0,1,0,0,0,2,0,6,60,2,5929,5929,1,5,18,2,0,1,0,0
1227756,2,2020,2020,4,6,11,2126,17,39,2149,0,1,2,-33.76698,150.752094,55,0,2,1,2,0,0,0,0,0,7,80,2,9859,9859,8,5,40,1,0,0,1,0
1227758,2,2020,2020,3,6,0,3371,17,11,3342,0,1,1,-30.051013,153.185661,19,1,0,1,2,0,3,4,0,0,7,110,2,1945,1945,5,5,40,1,0,0,1,1
1227759,4,2020,2020,4,0,4,481,17,96,483,0,1,9,-33.386384,148.009502,51,2,1,1,1,0,0,0,2,0,0,50,2,1981,1981,4,16,5,2,0,1,1,0
1227761,1,2020,2020,7,4,5,3371,17,463,3342,0,1,10,-30.283806,153.126776,19,2,1,1,1,0,0,0,2,2,7,60,2,1192,1192,1,0,19,2,0,0,0,1
1227764,2,2020,2020,3,4,7,1,1,293,34609,0,1,1,-33.944096,151.258379,59,0,2,1,3,0,2,6,2,0,7,50,0,9859,9859,8,5,40,1,0,0,1,0
1227771,2,2020,2020,7,0,9,13,27,438,34609,0,1,10,-33.861008,151.028076,21,0,2,1,3,0,0,0,2,2,7,60,0,5929,5929,1,5,5,2,0,0,1,0
1227773,2,2020,2020,3,1,4,3,1,137,34609,0,1,10,-33.916138,151.203483,69,0,2,1,1,0,0,0,2,0,15,40,0,5929,5929,1,9,5,2,0,0,1,0
1227774,2,2020,2020,3,4,10,48,31,33,45,0,1,10,-33.419033,151.343475,16,2,2,1,3,0,0,0,0,2,8,60,1,4552,985,8,5,40,1,0,0,1,0
1227775,1,2020,2020,3,5,8,1,27,139,34609,0,1,1,-33.884532,151.14069,32,0,2,1,3,0,0,0,2,0,7,50,0,9859,9859,8,0,40,1,0,0,0,1
1227777,1,2020,2020,7,5,8,30,27,149,41,0,1,10,-33.984683,151.139854,4,0,2,1,3,0,0,0,2,0,15,60,1,6545,6545,4,5,5,2,0,0,0,1
1227779,2,2020,2020,3,5,4,133,31,32,97,0,1,9,-33.914822,150.992661,15,0,2,1,1,0,0,0,2,0,15,60,1,6545,6545,4,0,5,2,0,0,1,0
1227780,2,2020,2020,7,4,4,46,31,204,34609,0,1,1,-33.90019,150.940339,24,0,2,1,1,0,3,4,2,0,7,50,0,9859,9859,8,21,40,1,0,0,1,2
1227783,4,2020,2020,7,3,5,41,27,228,69,0,1,1,-34.699958,149.767957,26,1,0,0,0,0,0,0,2,0,7,100,1,4552,5151,8,16,40,1,0,1,0,0
1227784,2,2020,2020,3,0,5,234,27,112,217,0,1,1,-33.695605,151.017542,31,0,2,1,1,0,0,0,2,0,7,60,2,1109,787,1,0,5,2,0,0,1,0
1227786,4,2020,2020,7,1,8,387,27,290,331,1,0,9,-33.946136,151.127989,4,0,2,0,1,0,0,0,2,0,7,60,2,5929,5929,1,30,19,2,0,1,0,1
1227789,2,2020,2020,7,2,8,866,27,201,44,1,0,9,-34.001446,150.866257,13,0,2,1,3,0,0,0,2,0,0,50,1,14295,14295,3,9,5,2,0,0,1,0
1227793,1,2020,2020,7,2,11,2261,17,346,2252,1,0,10,-33.891759,151.083419,67,0,2,1,3,0,0,0,0,2,7,60,2,1391,1391,1,5,18,2,0,0,0,1
1227800,2,2020,2020,7,1,6,512,17,562,441,0,1,2,-32.256416,148.624412,22,2,1,1,3,0,0,0,2,0,7,60,2,14295,14295,3,8,0,3,0,0,1,0
1227804,1,2020,2020,4,2,10,251,27,17,212,0,1,2,-33.770785,151.205524,50,0,2,0,2,0,0,0,0,0,7,80,2,4552,5151,8,16,40,1,0,0,0,1
1227807,4,2020,2020,7,4,9,2,31,14,14,0,1,10,-36.929588,149.877175,5,2,1,1,3,0,3,4,2,0,0,50,1,217,217,1,5,0,2,0,1,0,0
1227808,1,2020,2020,3,6,3,2,1,130,34609,0,1,1,-34.466801,150.833789,80,0,2,1,3,0,0,0,2,0,7,50,0,1981,1981,4,8,13,2,0,0,0,1
1227811,4,2020,2020,7,1,6,24,36,4,56,0,1,1,-34.664034,147.551832,51,1,0,1,0,0,0,0,2,0,7,100,2,4026,4026,8,10,40,1,0,1,0,0
1227814,4,2020,2020,4,2,10,1,27,43,34609,0,1,1,-32.573295,148.962146,22,1,0,1,0,0,0,0,0,0,7,100,0,1945,1945,5,22,40,1,0,1,0,0
1227820,1,2020,2020,7,4,7,105,17,251,136,0,1,10,-33.776838,150.933274,7,0,2,1,1,0,3,4,2,2,8,60,2,6545,6545,4,9,5,2,0,0,0,1
1227822,2,2020,2020,4,4,11,21,27,11,34609,0,1,1,-34.660225,150.281053,78,2,1,1,0,2,0,0,0,0,7,60,0,9859,9859,8,10,40,1,0,0,2,3
1227823,2,2020,2020,7,2,6,2,7,56,18,0,1,1,-31.098603,152.837685,34,2,1,1,0,0,0,0,2,0,7,50,1,1109,787,1,5,5,2,0,0,2,0
1227825,2,2020,2020,7,1,7,255,27,71,166,0,1,1,-33.262626,151.524958,16,2,2,1,1,0,0,0,2,0,7,50,2,1669,1669,3,5,5,2,0,0,1,0
1227826,4,2020,2020,4,3,9,1,4,56,34609,0,1,1,-31.475389,152.734554,56,2,1,0,1,0,3,4,3,0,7,50,0,2585,4009,8,5,40,1,0,1,1,0
1227829,4,2020,2020,3,5,8,330,27,106,605,0,1,2,-33.681291,151.302904,50,0,2,1,0,0,0,0,2,0,7,60,2,1220,1220,9,30,26,2,0,1,0,0
1227830,2,2020,2020,3,3,7,82,27,14,103,0,1,1,-28.366104,153.351384,72,1,0,0,0,0,3,4,2,0,7,100,1,4552,5151,8,5,40,1,0,0,1,0
1227835,2,2020,2020,7,6,6,196,10,70,168,0,1,9,-33.912879,150.975665,15,0,2,1,1,0,0,0,2,0,7,60,2,83,83,1,21,5,2,0,0,2,0
1227837,2,2020,2020,7,1,5,100,27,323,100,0,1,2,-33.804823,150.851843,7,0,2,1,0,0,0,0,2,0,7,70,2,14295,14295,3,8,13,3,0,0,1,0
1227838,1,2020,2020,7,4,3,866,17,110,793,0,1,9,-33.748083,151.049937,31,0,2,0,1,0,3,4,2,2,7,70,2,1669,1669,3,5,5,2,0,0,0,3
1227842,2,2020,2020,4,0,7,22,27,12,147,0,1,9,-28.74111,153.594212,10,2,1,1,0,0,0,0,2,0,0,80,1,926,926,4,5,19,2,0,0,1,0
1227844,4,2020,2020,7,4,7,5,27,8,34609,0,1,1,-32.086962,148.261685,51,1,0,1,0,0,0,0,2,0,7,100,0,945,945,5,3,40,1,0,1,0,0
1227845,1,2020,2020,7,0,6,829,31,179,70,0,1,2,-31.913845,152.460245,43,2,1,1,0,0,0,0,2,0,7,40,1,186,186,9,22,28,2,0,0,0,1
1227849,1,2020,2020,4,4,10,12,27,147,12,0,1,9,-33.750914,151.284127,50,0,2,1,2,0,3,4,0,0,7,50,1,5929,5929,1,5,27,2,0,0,0,1
1227850,4,2020,2020,3,6,5,21,10,63,34609,0,1,7,-28.193531,153.507481,72,2,1,1,1,0,3,4,2,0,7,50,0,14295,14295,3,16,13,2,0,1,0,0
1227851,1,2020,2020,4,2,5,37,1,646,34609,1,0,7,-33.921608,151.029358,15,0,2,1,0,0,0,0,2,0,0,50,0,6545,6545,4,0,19,2,0,0,0,1
1227852,2,2020,2020,7,3,10,34,31,82,34609,0,1,10,-33.826577,151.206823,49,0,2,1,2,0,0,0,0,2,9,50,0,6545,6545,4,5,5,2,0,0,1,0
1227856,1,2020,2020,7,5,4,330,27,125,25,0,1,1,-33.818617,151.137644,61,0,2,0,0,0,3,3,2,0,7,40,1,5929,5929,1,10,27,2,0,0,0,1
1227859,4,2020,2020,7,3,4,37,27,21,36,0,1,1,-32.601505,151.727261,51,2,1,0,0,0,3,4,2,0,7,80,1,2585,4009,8,10,40,1,0,1,0,0
1227861,2,2020,2020,3,0,8,112,27,29,769,0,1,1,-33.517541,150.613838,29,2,2,1,0,0,0,0,2,0,7,80,2,3775,3775,0,8,13,2,0,0,1,0
1227864,2,2020,2020,7,4,6,55,10,112,47,0,1,2,-33.439096,151.427817,16,2,2,1,1,0,0,0,2,0,7,60,2,14295,14295,3,16,5,2,0,0,1,0
1227866,4,2020,2020,4,5,2,2261,17,45,2252,0,1,10,-33.889643,150.9731,15,0,2,1,0,0,0,0,1,2,9,70,2,3775,3775,0,5,35,2,0,1,0,0
1227870,4,2020,2020,3,5,3,866,17,110,793,0,1,9,-33.752927,151.047823,71,0,2,1,1,0,0,0,2,2,7,70,2,5929,5929,1,16,5,2,0,1,0,0
1227876,2,2020,2020,7,5,8,478,17,78,480,0,1,1,-33.414597,151.450756,16,2,2,1,0,0,0,0,2,0,7,60,2,3775,3775,0,0,5,2,0,0,1,1
1227879,2,2020,2020,7,0,6,6,31,115,34609,0,1,1,-33.882108,151.188009,69,0,2,1,3,1,2,6,2,0,16,50,0,941,941,1,5,5,3,0,0,1,0
1227883,2,2020,2020,7,5,6,27,27,147,49,0,1,1,-33.759325,151.28061,50,0,2,1,0,0,0,0,2,0,7,60,1,1981,1981,4,30,27,2,0,0,1,0
1227884,4,2020,2020,7,2,5,50,36,11,7,0,1,1,-36.214501,148.113724,66,1,0,0,0,0,0,0,2,0,7,100,1,1259,5151,8,10,40,1,0,1,0,0
1227885,4,2020,2020,3,6,11,109,27,460,34609,0,1,1,-33.836045,150.987537,21,0,2,1,2,0,0,0,0,0,9,40,0,1220,1220,9,5,28,2,0,1,0,0
1227886,4,2020,2020,7,1,8,1,25,164,34609,0,1,9,-33.728971,150.878693,7,0,2,1,1,0,0,0,2,0,7,50,0,6545,6545,4,22,5,2,0,1,1,0
1227893,4,2020,2020,7,3,5,3,27,5,5,0,1,1,-31.830895,148.186658,51,1,0,0,0,0,0,0,2,0,7,100,1,418,714,5,16,40,1,0,1,0,0
1227894,4,2020,2020,7,2,6,41,27,5,69,0,1,1,-34.408821,149.816942,74,2,1,0,1,0,0,0,2,0,7,50,1,4552,5151,8,16,40,1,0,1,0,0
1227895,4,2020,2020,4,1,3,83,27,10,72,0,1,1,-28.735695,153.403545,39,2,1,0,0,0,0,0,2,0,7,50,2,2585,4009,8,5,40,1,0,1,0,0
1227896,4,2020,2020,7,1,8,2261,17,284,2252,0,1,2,-33.906057,151.015977,15,0,2,1,1,0,0,0,2,0,7,70,2,1220,1220,9,5,28,2,0,1,0,0
1227898,2,2020,2020,7,4,7,361,31,82,34609,0,1,9,-34.372982,150.895418,80,0,2,1,0,0,3,4,2,0,15,50,0,926,926,4,9,5,2,0,0,1,0
1227901,1,2020,2020,3,4,8,50,31,147,34609,0,1,9,-33.751912,151.284206,50,0,2,0,0,0,0,0,2,0,0,50,0,1669,1669,3,30,5,2,0,0,0,1
1227905,2,2020,2020,3,2,5,62,10,70,62,0,1,10,-33.435863,151.350342,16,2,2,1,1,0,0,0,2,2,7,50,2,2852,2852,4,5,5,2,0,0,2,0
1227906,1,2020,2020,3,5,2,3371,17,15,3342,0,1,9,-29.47218,153.205617,18,2,1,1,0,0,0,0,1,0,7,80,2,14295,14295,3,10,5,3,0,0,0,1
1227908,2,2020,2020,7,4,8,11,27,3,34609,0,1,7,-33.828353,151.11833,61,0,2,1,1,0,0,0,2,0,0,50,0,14295,14295,3,5,19,2,0,0,1,0
1227910,2,2020,2020,3,1,10,117,1,115,121,0,1,10,-34.035755,151.070788,68,0,2,1,2,0,0,0,0,2,7,60,1,1669,1669,3,5,19,2,0,0,1,0
1227916,2,2020,2020,7,3,3,100,27,62,799,1,0,1,-33.897754,151.146945,32,0,2,1,3,0,0,0,2,0,7,60,2,9859,9859,8,5,40,1,0,0,1,0
1227920,1,2020,2020,7,3,7,128,27,74,133,0,1,9,-33.766227,150.679596,55,0,2,1,3,0,0,0,2,2,7,60,2,5929,5929,1,5,5,2,0,0,0,3
1227925,4,2020,2020,7,4,5,475,31,44,27,0,1,1,-33.972448,151.118011,25,0,2,0,3,0,3,4,2,0,7,60,1,1957,4009,8,5,40,1,0,1,0,0
1227927,1,2020,2020,7,6,8,485,27,323,769,1,0,1,-33.752704,150.989555,71,0,2,0,3,0,0,0,2,0,7,60,2,14295,14295,3,10,12,3,0,0,0,1
1227929,4,2020,2020,7,4,8,168,10,387,260,0,1,9,-33.938217,151.192673,4,0,2,1,3,0,0,0,2,2,7,50,2,1391,1391,1,5,1,2,0,1,0,0
1227940,1,2020,2020,7,3,7,5,31,77,34609,0,1,9,-33.86306,150.938751,24,0,2,1,3,0,0,0,2,0,7,40,0,941,941,1,5,5,2,0,0,0,1
1227942,1,2020,2020,3,6,8,224,27,246,321,0,1,1,-33.900466,151.200594,69,0,2,1,3,0,0,0,2,0,7,50,2,9859,9859,1,5,5,2,0,0,0,2
1227945,1,2020,2020,3,3,4,38,31,246,64,0,1,1,-33.907739,151.200788,69,0,2,1,3,0,0,3,2,0,7,50,2,1981,1981,4,5,27,2,0,0,0,1
1227948,1,2020,2020,3,6,8,48,10,135,58,0,1,10,-32.894326,151.747902,48,0,2,0,3,0,3,4,2,2,7,80,2,623,623,3,33,5,2,0,0,0,1
1227949,1,2020,2020,7,4,3,344,27,62,382,0,1,2,-33.732433,150.84816,7,0,2,1,3,0,0,0,2,0,7,70,2,14295,14295,3,5,5,2,0,0,0,1
1227951,1,2020,2020,7,5,1,90,36,2,102,0,1,9,-34.415409,147.353799,51,1,0,0,3,0,0,0,0,0,7,100,2,2585,4009,8,5,40,1,0,0,0,1
1227952,1,2020,2020,7,4,9,2126,17,283,2149,0,1,10,-33.827515,151.004829,54,0,2,1,3,0,0,0,0,2,7,60,2,14295,14295,3,5,5,2,0,0,0,1
1227954,1,2020,2020,7,5,7,90,31,123,165,0,1,10,-33.903932,151.214319,59,0,2,1,3,0,0,0,2,2,7,60,2,5929,5929,1,5,5,2,0,0,0,1
1227956,2,2020,2020,7,0,6,11,27,9,34609,0,1,1,-31.955415,151.425495,73,1,0,0,3,2,0,0,2,0,7,100,0,1850,1463,5,16,40,1,0,0,1,0
1227960,4,2020,2020,7,6,7,6,31,36,34609,1,2,1,-34.05337,150.716754,12,0,2,1,0,0,0,0,2,0,7,40,0,2040,2040,9,5,28,2,0,1,0,0
1227961,1,2020,2020,3,4,8,222,27,98,70,0,1,1,-33.733109,151.056107,31,0,2,1,0,0,3,3,2,0,7,60,2,14295,14295,3,5,12,2,0,0,0,1
1227962,4,2020,2020,7,1,9,1104,14,223,962,0,1,3,-33.805536,150.915943,7,0,2,1,0,0,0,0,2,0,7,80,2,1282,1282,1,8,5,2,0,1,0,0
1227967,4,2020,2020,7,3,10,2261,17,140,2252,0,1,2,-33.898354,150.995055,15,0,2,1,2,0,0,0,0,2,7,70,2,5929,5929,1,0,0,2,0,1,0,0
1227970,2,2020,2020,3,0,8,10,27,273,34609,0,1,1,-34.421493,150.90415,80,0,2,1,3,0,0,0,2,0,7,40,0,14295,14295,3,5,5,3,0,0,1,0
1227971,4,2020,2020,7,2,5,48,27,51,166,0,1,9,-33.253542,151.4936,16,2,2,1,3,0,0,3,2,2,9,50,2,2040,2040,9,5,28,2,0,1,1,0
1227974,1,2020,2020,7,6,4,63,31,73,34609,0,1,7,-33.871174,151.216886,69,0,2,0,3,0,0,0,2,0,9,50,0,2040,2040,9,5,28,2,0,0,0,1
1227975,1,2020,2020,4,5,5,105,27,67,109,0,1,9,-33.879818,150.891159,24,0,2,1,3,0,0,0,2,0,0,60,1,2852,2852,4,0,5,2,0,0,0,1
1227976,2,2020,2020,7,0,4,7,31,44,34609,0,1,10,-32.048322,150.865503,73,2,1,1,3,0,0,0,2,0,0,50,0,6545,6545,4,5,10,2,0,0,1,0
1227978,1,2020,2020,7,5,5,33,27,55,154,0,1,2,-33.787415,150.872043,7,0,2,1,3,0,0,3,2,0,7,70,1,14295,14295,3,9,12,2,0,0,0,2
1227979,2,2020,2020,7,2,6,62,10,70,62,0,1,10,-33.435863,151.350342,16,2,2,1,3,0,3,4,2,2,7,60,2,14295,14295,3,5,0,2,0,0,1,0
1227981,2,2020,2020,7,1,7,12,31,252,75,0,1,9,-33.887529,151.206546,69,0,2,1,3,0,0,0,2,0,7,40,1,1669,1669,3,5,13,2,0,0,1,0
1227983,1,2020,2020,7,3,6,33,1,29,34609,0,1,7,-33.921093,150.888519,41,0,2,1,3,0,0,0,2,0,7,50,0,14295,14295,3,5,5,2,0,0,0,1
1227985,1,2020,2020,3,2,6,133,31,646,97,0,1,9,-33.917713,151.028442,15,0,2,1,3,0,0,3,2,0,7,60,1,1391,1391,1,5,5,2,0,0,0,1
1227988,1,2020,2020,7,4,4,251,14,82,124,0,1,2,-33.822879,151.206614,49,0,2,0,3,0,0,0,2,0,7,80,2,1383,1383,1,8,5,2,0,0,0,1
1227989,1,2020,2020,7,1,8,2261,17,443,2252,0,1,9,-33.901037,151.045328,15,0,2,1,3,0,0,0,3,2,7,70,2,1391,1391,1,10,5,2,0,0,0,1
1227992,2,2020,2020,7,5,6,4,27,150,34609,0,1,1,-33.921499,151.228263,59,0,2,1,3,0,0,0,2,0,7,50,0,941,941,1,5,13,4,0,0,1,0
1227996,2,2020,2020,7,6,6,308,14,49,311,0,1,3,-33.912481,150.848989,41,0,2,1,0,0,0,0,2,0,7,100,2,1282,1282,1,8,5,2,0,0,1,0
1227997,2,2020,2020,3,2,5,3371,1,91,34609,0,1,1,-33.969393,151.090612,25,0,2,1,3,0,0,0,2,0,7,50,0,9859,9859,1,0,5,2,0,0,1,0
1227999,4,2020,2020,7,3,0,3371,17,10,3342,0,1,2,-32.956215,151.705932,37,0,2,0,2,0,3,4,0,0,7,60,2,1220,1220,9,5,28,3,0,1,0,0
1228000,1,2020,2020,4,4,11,344,31,165,34609,0,1,9,-32.255731,150.892788,46,2,1,1,2,0,0,0,0,0,0,50,0,489,489,8,5,40,1,0,0,0,1
1228003,4,2020,2020,3,6,6,204,31,252,34609,0,1,9,-33.88858,151.215327,69,0,2,1,0,0,0,0,2,0,7,40,0,395,395,1,5,27,2,0,1,0,0
1228004,4,2020,2020,3,4,9,61,31,92,45,0,1,1,-33.86891,150.973562,24,0,2,1,2,0,0,0,2,0,7,60,1,941,941,1,5,5,4,0,1,0,1