Crash ID,Degree of crash - detailed,Reporting year,Year of crash,Month of crash,Day of week of crash,Two-hour intervals,Street of crash,Street type,Town,Route no.,School zone location,School zone active,Type of location,Latitude,Longitude,LGA,Urbanisation,Conurbation 1,Alignment,Street lighting,Road surface,Surface condition,Weather,Natural lighting,Signals operation,Other traffic control,Speed limit,Road classification,RUM - code,DCA - code,First impact type,Key TU type,Other TU type,No. of traffic units involved,No. killed,No. seriously injured,No. moderately injured,No. minor-other injured
1228006,2,2020,2020,7,1,3,230,27,197,284,0,1,2,-33.79103,151.130007,61,0,2,1,1,0,3,4,2,0,7,70,2,14295,14295,3,5,5,2,0,0,1,0
1228008,1,2020,2020,7,2,7,48,10,59,58,0,1,9,-32.886371,151.728039,48,0,2,0,1,0,0,0,2,2,7,80,2,14295,14295,3,9,5,2,0,0,0,1
1228016,2,2020,2020,7,0,2,21,27,147,34609,0,1,7,-33.888611,150.999603,15,0,2,1,2,0,0,0,1,0,0,60,0,1850,777,5,16,40,1,0,0,1,0
1228017,2,2020,2020,7,0,8,3371,17,69,3342,0,1,2,-32.93648,151.749002,48,0,2,1,1,0,0,0,2,0,7,60,2,14295,14295,3,5,0,2,0,0,1,0
1228019,4,2020,2020,4,6,8,89,17,27,34609,0,1,9,-34.540121,150.784367,80,0,2,1,1,0,0,0,2,0,0,50,0,2852,2852,4,10,13,2,0,1,0,0
1228020,2,2020,2020,3,6,4,83,31,523,7,0,1,10,-33.924577,150.920853,41,0,2,1,1,0,0,0,2,2,7,50,1,14295,14295,3,5,36,2,0,0,2,0
1228021,4,2020,2020,3,4,7,3,1,73,34609,1,2,1,-35.144937,147.382219,75,2,1,0,1,0,0,0,2,0,7,40,0,4552,5151,1,0,23,2,0,1,0,0
1228022,2,2020,2020,7,4,6,20,31,523,34609,0,1,0,-33.92398,150.922199,41,0,2,1,1,0,0,0,2,0,7,40,0,238,238,9,30,28,2,0,0,1,0
1228024,2,2020,2020,3,5,7,4,27,228,34609,0,1,10,-34.769757,149.700629,26,2,1,1,1,0,0,0,2,0,0,50,0,926,926,4,16,5,2,0,0,1,0
1228025,4,2020,2020,3,6,9,43,27,316,38,0,1,1,-33.903284,151.247893,76,0,2,1,1,0,0,0,2,0,7,50,1,1220,1220,9,5,28,2,0,1,0,0
1228026,1,2020,2020,3,5,3,106,27,76,106,0,1,2,-33.926107,150.864775,41,0,2,1,2,0,3,4,1,0,7,70,2,14295,14295,3,10,5,2,0,0,0,1
1228027,4,2020,2020,7,5,8,2,31,136,34609,0,1,1,-33.925049,151.077783,15,0,2,1,1,0,0,0,2,0,7,50,0,238,238,9,5,28,2,0,1,0,0
1228030,2,2020,2020,3,1,7,36,27,6,83,0,1,1,-29.433029,153.242681,18,2,1,1,0,0,0,3,2,0,7,60,1,4026,4026,8,0,40,1,0,0,1,0
1228031,4,2020,2020,3,6,9,150,27,173,415,0,1,2,-33.78366,151.130049,61,0,2,1,2,0,0,0,0,0,7,70,2,1981,1981,4,5,27,2,0,1,0,0
1228032,1,2020,2020,7,0,7,62,10,33,62,1,2,10,-33.413071,151.349609,16,2,2,1,3,0,0,0,2,2,7,40,2,14295,14295,3,10,5,2,0,0,0,1
1228033,1,2020,2020,3,2,7,73,24,115,88,0,1,1,-33.742064,151.240672,50,0,2,1,1,0,0,0,2,0,7,80,2,14295,14295,3,0,5,2,0,0,0,1
1228034,2,2020,2020,7,6,2,18,27,22,34609,0,1,1,-36.047769,146.918088,0,2,1,1,3,0,0,0,0,0,7,60,0,1089,1089,7,15,40,1,0,0,1,0
1228035,1,2020,2020,7,5,10,14,31,223,34609,0,1,7,-33.795108,150.905645,7,0,2,1,3,0,0,0,0,0,0,50,0,1282,1282,1,0,27,2,0,0,0,1
1228036,1,2020,2020,7,2,9,35,27,120,34609,1,0,7,-33.756192,150.870805,7,0,2,1,3,0,3,3,0,0,0,50,0,14295,14295,3,0,5,2,0,0,0,1
1228040,4,2020,2020,3,0,10,475,10,137,268,0,1,10,-33.902705,150.896741,24,0,2,1,2,0,0,0,0,2,7,60,2,1220,1220,9,5,28,2,0,1,0,0
1228043,1,2020,2020,7,3,6,222,27,98,70,1,0,1,-33.736352,151.061471,31,0,2,1,3,0,0,0,2,0,7,60,2,14295,14295,3,0,5,2,0,0,0,1
1228046,1,2020,2020,4,5,6,15,27,32,34609,0,1,9,-33.655783,151.004756,71,0,2,1,3,0,0,0,2,0,7,60,0,14295,14295,3,5,5,2,0,0,0,1
1228048,2,2020,2020,7,0,2,1,27,10,34609,0,1,9,-34.050341,151.079964,68,0,2,1,3,0,0,0,1,0,7,50,0,2852,2852,4,0,0,2,0,0,1,0
1228050,1,2020,2020,7,4,3,2261,17,346,2252,0,1,9,-33.889758,151.078711,67,0,2,1,3,0,0,0,2,2,7,50,2,5929,5929,1,5,41,2,0,0,0,1
1228051,1,2020,2020,3,1,0,191,17,24,189,0,1,1,-32.076943,150.066598,73,1,0,1,3,0,3,2,0,0,7,100,2,1089,1089,7,5,40,1,0,0,0,1
1228053,4,2020,2020,7,1,9,26,31,646,118,0,1,9,-33.914196,151.031891,15,0,2,1,3,0,2,6,3,2,7,60,1,5929,5929,1,33,19,2,0,1,0,0
1228057,4,2020,2020,7,6,8,2209,17,27,2205,0,1,2,-34.540228,150.784683,80,0,2,1,3,0,0,0,2,0,7,100,2,14295,14295,3,5,13,2,0,1,0,0
1228062,4,2020,2020,3,5,8,1104,14,223,962,0,1,3,-33.803562,150.901174,7,0,2,1,1,0,0,0,2,0,7,100,2,14295,14295,3,16,5,2,0,1,0,0
1228064,2,2020,2020,7,4,5,5,31,87,103,0,1,7,-28.807675,153.27931,39,2,1,1,0,0,0,0,2,0,0,40,1,186,186,9,22,28,2,0,0,1,0
1228068,4,2020,2020,7,2,8,7,27,20,34609,0,1,9,-31.034273,152.862059,34,2,1,1,0,0,0,0,2,0,7,50,0,1957,777,8,16,40,1,0,1,0,0
1228069,2,2020,2020,7,6,8,171,31,115,34609,0,1,10,-33.881518,151.190279,69,0,2,1,1,0,0,0,2,0,15,50,0,6545,6545,4,30,36,3,0,0,4,0
1228070,2,2020,2020,7,3,2,196,10,34,168,0,1,1,-33.975184,151.017123,15,0,2,0,2,0,3,0,1,0,7,60,2,3775,3775,0,5,5,2,0,0,1,0
1228079,1,2020,2020,3,5,3,74,27,609,48,0,1,9,-33.775256,150.891405,7,0,2,1,1,0,0,0,2,2,7,60,1,14295,14295,3,5,5,2,0,0,0,1
1228081,4,2020,2020,3,1,4,3,10,24,3,0,1,1,-36.87644,149.873997,5,1,0,0,3,0,3,4,2,0,7,100,1,782,957,5,5,40,1,0,1,0,0
1228082,4,2020,2020,4,5,9,229,14,98,237,0,1,3,-33.758531,151.051257,54,0,2,1,0,0,0,0,2,0,7,100,2,14295,14295,3,0,5,4,0,2,0,0
1228083,2,2020,2020,3,3,0,135,17,20,136,0,1,1,-35.984645,146.646706,51,2,1,0,0,0,0,0,0,0,7,50,2,418,714,5,10,40,1,0,0,1,0
1228084,1,2020,2020,3,2,5,2209,17,74,2205,0,1,9,-34.435132,150.861954,80,0,2,1,3,0,0,0,2,2,7,60,2,5929,5929,1,5,5,2,0,0,0,1
1228085,4,2020,2020,3,0,6,512,17,53,441,0,1,1,-32.250983,148.305103,51,1,0,1,1,0,0,0,2,0,7,110,2,3775,3775,0,5,5,2,0,2,0,0
1228086,1,2020,2020,7,1,6,112,27,96,256,0,1,2,-34.052228,150.824375,13,0,2,0,3,0,0,0,2,0,9,60,2,14295,14295,3,5,0,2,0,0,0,1
1228087,4,2020,2020,3,2,3,222,31,131,212,0,1,1,-33.786471,151.182399,36,0,2,1,0,0,0,0,2,0,7,60,2,1282,1282,1,9,5,2,0,1,0,0
1228088,2,2020,2020,4,5,7,196,10,115,168,0,1,10,-33.961127,151.050574,25,0,2,1,1,0,0,0,2,2,7,60,2,14295,14295,3,8,5,2,0,0,1,0
1228100,4,2020,2020,7,4,4,2,31,246,34609,0,1,1,-33.916647,151.197241,69,0,2,1,3,0,0,0,2,0,7,50,0,312,312,2,16,40,1,0,1,0,0
1228109,1,2020,2020,7,1,2,1104,14,45,962,0,1,3,-33.791344,150.808141,55,0,2,1,3,0,3,4,1,0,7,110,2,4026,4026,8,10,40,1,0,0,0,1
1228110,1,2020,2020,7,1,3,866,17,110,793,0,1,2,-33.74697,151.051004,31,0,2,1,3,0,0,0,2,0,7,70,2,1981,1981,4,5,5,2,0,0,0,1
1228114,4,2020,2020,7,5,1,2126,17,21,2149,0,1,2,-33.724423,150.413381,8,2,2,0,2,0,0,0,0,0,7,80,2,4552,5151,8,5,40,1,0,1,0,0
1228116,4,2020,2020,3,0,10,1,31,67,34609,0,1,9,-33.87056,150.896454,24,0,2,1,2,0,0,0,0,0,7,50,0,2040,2040,9,5,28,2,0,1,0,0
1228120,2,2020,2020,7,6,8,2261,17,346,2252,0,1,10,-33.887569,151.091467,9,0,2,1,3,0,0,0,2,2,7,60,2,14295,14295,3,5,5,3,0,0,1,0
1228122,2,2020,2020,7,0,7,36,27,39,83,0,1,7,-29.434922,153.34314,18,2,1,1,0,0,3,4,2,0,0,50,1,14295,14295,3,0,5,3,0,0,1,0
1228124,2,2020,2020,7,6,7,47,26,201,160,0,1,10,-34.006765,150.876634,13,0,2,1,1,0,0,0,2,2,9,60,2,1220,1220,9,21,28,2,0,0,1,0
1228126,2,2020,2020,4,5,8,171,1,252,55,0,1,10,-33.876951,151.212087,69,0,2,0,1,0,0,0,2,2,7,40,1,1192,1192,1,0,27,2,0,0,1,0
1228128,2,2020,2020,7,4,5,20,31,433,34609,1,0,1,-33.28082,149.095414,52,2,1,1,3,0,3,4,2,0,7,50,0,941,941,1,0,0,2,0,0,1,0
1228131,2,2020,2020,3,1,8,162,31,316,34609,0,1,9,-33.906694,151.234672,59,0,2,1,3,0,0,0,2,0,0,50,0,6545,6545,4,0,18,2,0,0,1,0
1228132,1,2020,2020,7,5,7,9,31,137,13,0,1,1,-33.924504,151.206682,4,0,2,1,3,0,0,0,2,0,7,50,1,14295,14295,3,5,0,3,0,0,0,1
1228134,2,2020,2020,7,6,9,15,27,43,228,0,1,9,-33.58022,150.875063,29,2,2,0,3,0,0,0,0,0,7,80,2,4552,5151,8,10,40,1,0,0,1,0
1228139,2,2020,2020,7,0,8,14,31,646,34609,0,1,9,-33.919807,151.036682,15,0,2,1,2,0,0,0,0,0,9,40,0,1220,1220,9,5,28,2,0,0,1,0
1228140,4,2020,2020,7,2,10,54,27,72,563,0,1,2,-34.020787,151.008448,68,0,2,1,2,0,0,0,0,0,7,80,2,14295,14295,3,5,5,2,0,1,0,0
1228142,2,2020,2020,3,5,3,1,1,166,34609,1,0,1,-33.941366,150.980164,15,0,2,1,1,0,0,0,2,0,9,50,0,2040,2040,9,5,28,2,0,0,1,0
1228144,4,2020,2020,3,2,6,2261,17,523,2252,0,1,9,-33.93068,150.917497,41,0,2,1,1,0,0,0,2,0,7,60,2,591,591,1,22,25,2,0,1,0,0
1228145,2,2020,2020,7,0,4,481,17,11,483,0,1,1,-32.195557,148.620888,22,1,0,1,1,0,0,0,2,0,7,90,2,1192,1192,1,19,27,2,0,0,1,0
1228146,4,2020,2020,7,1,6,2,27,18,34609,0,1,1,-33.016205,151.684526,37,0,2,0,2,0,0,0,2,0,7,50,0,2585,4009,1,10,13,2,0,1,0,0
1228148,4,2020,2020,3,6,8,230,27,173,284,0,1,2,-33.781779,151.113885,61,0,2,1,2,0,0,0,2,0,7,70,2,1945,1945,5,16,40,1,0,1,0,0
1228151,1,2020,2020,4,3,7,1,6,42,34609,0,1,9,-33.890274,150.873291,24,0,2,1,1,0,3,4,2,0,7,60,0,2852,2852,4,5,0,2,0,0,0,1
1228153,2,2020,2020,7,4,8,280,10,237,240,0,1,9,-33.861769,150.952814,24,0,2,1,1,0,0,0,2,0,0,60,2,3775,3775,0,10,5,3,0,0,1,0
1228154,1,2020,2020,7,1,3,220,27,86,222,0,1,6,-33.758439,150.955101,7,0,2,0,0,0,0,0,2,0,9,70,2,14295,14295,3,30,5,2,0,0,0,1
1228155,2,2020,2020,3,5,6,3371,17,13,3342,0,1,2,-29.14369,153.316703,60,1,0,0,0,0,0,0,2,0,7,100,2,2585,4009,8,8,40,3,0,0,1,0
1228156,4,2020,2020,7,2,9,13,31,87,34609,0,1,7,-28.809347,153.285248,39,2,1,1,2,0,3,4,0,0,0,50,0,6545,6545,4,0,5,2,0,1,2,0
1228161,4,2020,2020,3,3,7,500,27,83,799,0,1,10,-33.909608,151.122971,15,0,2,1,1,0,0,0,2,0,7,60,2,1669,1669,3,5,0,2,0,1,0,0
1228165,4,2020,2020,3,4,5,3,10,27,34609,1,0,1,-32.765618,151.613411,42,2,1,0,1,0,0,0,2,0,7,50,0,3775,3775,0,5,5,2,0,1,1,0
1228167,4,2020,2020,4,2,8,89,27,6,228,0,1,1,-33.173971,151.065847,29,2,2,0,0,2,3,4,2,0,7,60,1,3775,3775,0,9,10,2,0,1,0,0
1228173,1,2020,2020,3,3,0,178,1,73,34609,0,1,7,-33.753753,150.815646,7,0,2,0,2,0,0,0,0,0,7,60,0,4552,5151,8,5,40,1,0,0,0,1
1228176,4,2020,2020,7,0,4,16,31,169,3,0,1,1,-33.600015,150.749624,29,2,2,1,1,0,0,0,2,0,7,60,1,1220,1220,9,5,28,2,0,1,0,0
1228179,1,2020,2020,7,5,2,866,17,98,793,0,1,2,-33.739462,151.069187,31,0,2,1,2,0,0,0,1,0,7,70,2,1192,1192,1,29,5,3,0,0,0,3
1228185,4,2020,2020,7,0,7,191,17,32,189,0,1,1,-32.643088,151.232149,64,2,1,0,0,0,0,0,2,0,0,70,2,1981,1981,4,0,19,2,0,1,0,0
1228186,2,2020,2020,3,0,4,1,27,3,34609,0,1,1,-32.241628,150.641588,46,1,0,1,0,0,0,0,2,0,7,100,0,4026,4026,8,9,40,1,0,0,1,0
1228187,4,2020,2020,7,3,6,9,31,88,34609,0,1,9,-33.746446,150.856112,7,0,2,1,1,0,0,3,2,0,7,60,0,2852,2852,4,0,5,2,0,1,0,0
1228188,2,2020,2020,7,1,6,132,31,174,126,1,0,1,-33.889505,151.204807,69,0,2,1,0,0,3,3,2,0,7,50,2,14295,14295,3,0,5,2,0,0,1,0
1228190,1,2020,2020,7,6,8,205,27,161,415,0,1,9,-33.715245,151.173701,36,0,2,1,1,0,0,0,2,0,7,60,2,5929,5929,1,0,5,3,0,0,0,1
1228192,2,2020,2020,7,1,10,5,31,44,34609,0,1,1,-28.864548,153.53601,2,2,1,1,2,0,0,0,0,0,7,50,0,340,340,9,5,28,2,0,0,1,1
1228193,2,2020,2020,3,0,9,866,17,278,793,0,1,9,-33.7823,151.049886,54,0,2,0,2,0,0,0,2,0,0,60,2,2040,2040,9,0,28,2,0,0,1,0
1228195,4,2020,2020,4,3,11,13,31,204,34609,0,1,1,-33.892747,150.949886,24,0,2,1,2,0,3,4,0,0,7,50,0,9859,9859,8,5,40,1,0,1,1,0
1228198,4,2020,2020,7,3,6,1,10,43,34609,0,1,1,-32.810907,151.843218,57,2,1,1,0,0,0,0,2,0,0,50,0,1981,1981,4,16,5,2,0,1,0,0
1228199,2,2020,2020,7,1,5,5,27,98,34609,0,1,1,-31.00127,150.230605,51,2,1,1,0,0,3,4,2,0,7,50,0,9859,9859,8,10,40,1,0,0,1,0
1228202,2,2020,2020,3,0,9,9,10,243,34609,0,1,9,-33.954407,150.895828,41,0,2,0,1,0,0,0,2,0,7,50,0,926,926,4,0,5,2,0,0,1,0
1228208,2,2020,2020,4,0,9,13,27,22,34609,0,1,1,-36.063416,146.908585,0,2,1,0,1,0,0,0,2,0,7,60,0,2585,4009,8,5,40,1,0,0,1,0
1228210,1,2020,2020,3,4,5,45,31,204,331,0,1,2,-33.934312,151.159029,4,0,2,1,0,0,2,2,2,0,7,60,2,1383,1383,1,15,5,2,0,0,0,1
1228215,4,2020,2020,3,5,3,2261,17,30,2252,0,1,2,-35.61192,147.490433,27,1,0,1,0,0,0,0,1,0,7,110,2,4026,4026,8,29,40,1,0,1,0,0
1228226,1,2020,2020,7,4,6,829,27,124,770,1,0,2,-33.812892,151.045464,54,0,2,1,1,0,3,4,2,2,9,70,2,14295,14295,3,34,5,3,0,0,0,1
1228227,4,2020,2020,4,4,7,361,23,176,165,0,1,5,-33.96265,151.133176,25,0,2,1,2,0,0,6,2,2,7,40,1,1109,397,1,5,13,2,0,1,0,0
1228234,1,2020,2020,7,3,6,35,27,53,36,0,1,1,-35.224537,149.384429,58,1,0,1,0,0,0,0,2,0,7,100,1,3775,3775,0,0,5,2,0,0,0,1
1228235,2,2020,2020,3,0,7,143,31,96,34609,0,1,10,-33.392703,148.013759,51,2,1,1,1,0,0,0,2,0,7,50,0,1282,1282,1,34,40,1,0,0,1,0
1228237,4,2020,2020,3,5,6,114,27,21,65,0,1,1,-33.359644,151.157674,16,2,2,0,0,0,0,0,2,0,7,80,1,1850,1463,5,16,40,1,0,1,0,0
1228238,2,2020,2020,4,1,0,280,10,46,240,0,1,10,-33.880535,150.966509,24,0,2,1,2,0,0,0,0,2,7,60,2,5929,5929,1,5,5,2,0,0,2,0
1228239,2,2020,2020,4,4,2,330,27,294,34609,0,1,9,-33.943886,150.924286,41,0,2,1,2,0,3,4,1,2,9,60,0,5929,5929,1,5,5,2,0,0,1,0
1228243,2,2020,2020,4,5,6,3371,17,107,3342,0,1,9,-33.268755,151.437035,16,2,2,1,3,0,0,0,2,2,9,70,2,5929,5929,1,30,36,2,0,0,1,0
1228245,4,2020,2020,4,0,4,255,27,8,62,0,1,1,-32.782614,151.524,17,2,1,1,0,0,0,0,2,0,7,80,2,3775,3775,0,5,35,2,0,1,1,0
1228246,1,2020,2020,4,0,8,132,31,174,126,0,1,1,-33.890789,151.210102,69,0,2,1,1,0,0,0,2,0,7,50,2,14295,14295,3,30,36,2,0,0,0,1
1228249,4,2020,2020,3,4,5,2209,17,157,2205,0,1,9,-34.007373,151.111653,68,0,2,1,0,0,3,3,2,2,7,70,2,1669,1669,3,10,5,2,0,1,1,0
1228265,1,2020,2020,3,0,11,481,17,8,483,0,1,1,-34.687917,146.790373,51,1,0,1,3,0,0,0,0,0,7,110,2,1089,1089,7,33,40,1,0,0,0,1
1228266,2,2020,2020,7,0,7,1,18,62,34609,0,1,7,-34.086957,150.811061,13,0,2,0,3,0,0,0,2,0,0,60,0,3775,3775,0,30,5,2,0,0,1,0
1228269,2,2020,2020,4,5,3,112,17,207,112,0,1,10,-31.954058,141.468331,51,2,1,1,2,0,0,0,1,0,0,50,2,6545,6545,4,10,19,2,0,0,1,0
1228272,4,2020,2020,4,0,6,125,27,55,123,1,0,7,-33.363958,151.454391,16,2,2,1,1,0,0,0,2,0,0,60,2,6545,6545,4,5,36,2,0,1,2,0
1228273,4,2020,2020,4,1,0,916,17,61,917,0,1,10,-29.750774,151.735764,51,2,1,1,2,0,0,0,0,0,0,60,2,312,312,2,21,40,1,0,1,0,0
1228276,4,2020,2020,3,2,6,10,27,161,115,0,1,1,-33.751644,151.171525,36,0,2,0,1,0,3,4,2,0,7,60,1,3775,3775,0,10,5,2,0,1,0,0
1228278,4,2020,2020,4,5,3,165,31,169,34609,0,1,10,-33.898322,151.202316,69,0,2,1,1,0,0,0,2,0,15,50,0,6545,6545,4,9,27,2,0,1,0,0
1228279,4,2020,2020,3,0,8,195,27,53,186,0,1,10,-33.924564,150.848335,41,0,2,1,1,0,0,0,2,2,7,70,2,14295,14295,3,16,5,2,0,1,0,0
1228284,4,2020,2020,3,6,8,225,17,76,180,0,1,1,-34.570497,150.446594,78,1,0,1,0,0,0,0,2,0,7,100,2,323,323,1,10,36,2,0,2,2,0
1228287,1,2020,2020,4,0,4,2126,17,125,2149,0,1,10,-33.865165,151.088814,67,0,2,1,1,0,0,0,2,2,8,60,2,14295,14295,3,5,36,2,0,0,0,1
1228289,4,2020,2020,3,3,0,1,27,6,34609,0,1,9,-33.983078,150.594116,79,2,2,0,0,0,0,0,0,0,7,80,0,1259,5151,8,5,40,1,0,1,0,0
1228290,1,2020,2020,4,5,10,866,17,94,793,1,0,10,-33.883652,150.923887,24,0,2,1,2,0,0,0,0,2,9,70,2,591,591,1,22,25,2,0,0,0,1
1228291,4,2020,2020,3,0,9,3371,17,7,3342,0,1,1,-30.630113,152.973922,47,2,1,1,0,0,0,0,2,0,7,60,2,945,945,5,16,40,1,0,1,0,0
1228292,4,2020,2020,4,4,0,2261,17,26,2252,0,1,3,-34.084019,150.770417,13,0,2,1,2,0,0,0,0,0,7,110,2,941,941,1,30,35,3,0,1,0,0
1228293,2,2020,2020,3,5,0,475,31,532,75,0,1,9,-33.874663,151.209723,69,0,2,1,2,0,0,0,0,2,7,40,1,14295,14295,3,30,12,2,0,0,2,0
1228295,2,2020,2020,3,2,4,60,27,219,262,0,1,7,-32.9106,151.646573,48,0,2,1,1,0,3,4,2,0,0,90,2,9859,9859,8,5,40,1,0,0,1,0
1228296,1,2020,2020,3,5,4,72,14,173,71,0,1,3,-33.87505,151.217524,69,0,2,1,3,0,0,0,2,0,7,80,2,14295,14295,3,8,5,3,0,0,0,1
1228297,4,2020,2020,4,0,10,2126,17,16,2149,0,1,2,-33.732276,150.487421,8,2,2,0,0,0,0,0,0,0,7,80,2,3775,3775,0,5,5,2,0,2,1,0
1228298,4,2020,2020,3,2,7,41,27,137,80,0,1,2,-32.96958,151.691184,37,0,2,1,1,0,3,4,2,0,7,60,1,9859,9859,1,5,12,2,0,1,0,0
1228299,2,2020,2020,7,4,8,36,27,6,39,0,1,1,-32.386784,149.162868,22,1,0,1,0,0,3,4,2,0,7,100,2,14295,14295,3,5,5,2,0,0,2,0
1228302,4,2020,2020,7,0,3,348,17,9,232,0,1,1,-32.226185,149.429628,44,1,0,0,0,0,0,0,2,0,7,100,2,4552,5151,8,10,40,1,0,1,1,1
1228303,4,2020,2020,4,1,3,5,31,130,34609,0,1,1,-33.866598,151.193436,69,0,2,1,1,0,0,0,2,0,7,50,0,9859,9859,1,5,5,3,0,1,0,0
1228304,1,2020,2020,7,0,8,224,31,316,34609,0,1,9,-33.914215,151.23716,59,0,2,1,1,0,0,0,2,0,7,50,0,2040,2040,9,5,28,2,0,0,0,1
1228307,1,2020,2020,7,4,8,5,27,3,34609,0,1,1,-32.36829,150.815656,46,2,1,1,3,0,0,0,2,0,7,80,0,4026,4026,8,5,40,1,0,0,0,1
1228308,4,2020,2020,3,4,0,1052,14,160,928,0,1,3,-33.122623,151.468051,37,0,2,1,0,0,0,0,0,0,7,110,2,14295,14295,3,5,35,2,0,1,0,1
1228309,4,2020,2020,4,3,7,283,27,70,702,0,1,1,-33.976058,151.103531,25,0,2,1,1,0,0,0,2,0,7,60,2,14295,14295,3,30,5,2,0,1,2,0
1228311,2,2020,2020,7,4,8,1104,14,460,962,0,1,3,-33.82701,150.99417,54,0,2,1,1,0,0,0,2,0,7,80,2,14295,14295,3,5,41,2,0,0,1,0
1228312,1,2020,2020,7,5,8,133,27,66,260,0,1,7,-32.932016,151.639222,37,0,2,0,1,0,0,0,2,0,0,60,2,6545,6545,4,16,5,2,0,0,0,1
1228316,2,2020,2020,3,1,7,77,27,11,58,0,1,1,-34.790139,150.563154,63,2,1,0,0,0,3,4,2,0,7,60,2,1259,5151,8,5,40,1,0,0,1,0
1228317,2,2020,2020,7,5,10,68,27,278,67,0,1,10,-33.767975,151.043402,54,0,2,1,3,0,3,4,0,2,7,60,1,1391,1391,1,30,0,2,0,0,1,0
1228318,2,2020,2020,3,3,8,47,1,60,34609,0,1,9,-33.758134,150.757821,55,0,2,1,1,0,0,0,2,0,0,50,0,489,489,8,5,40,1,0,0,1,0
1228323,2,2020,2020,3,1,3,485,27,154,769,0,1,9,-33.713725,150.95942,71,0,2,1,2,0,0,0,2,2,7,60,2,5929,5929,1,5,41,3,0,0,1,0
1228324,2,2020,2020,7,0,6,1,27,16,34609,0,1,1,-34.167437,143.364877,51,1,0,0,0,2,0,0,2,0,7,100,0,418,714,5,5,40,1,0,0,1,0
1228327,2,2020,2020,0,0,4,515,14,189,518,0,1,3,-33.942781,151.053925,15,0,2,1,3,0,0,0,2,0,7,100,2,14295,14295,3,5,0,5,0,0,3,0
1228331,1,2020,2020,3,5,7,2261,17,70,2252,0,1,2,-34.743524,149.894334,26,1,0,1,0,0,0,0,2,0,7,110,2,14295,14295,3,9,25,2,0,0,0,1
1228332,2,2020,2020,7,3,4,916,17,165,917,0,1,9,-32.241453,150.902698,46,2,1,1,3,0,3,3,2,0,7,60,2,1669,1669,3,10,5,2,0,0,1,0
1228335,1,2020,2020,7,1,3,11,27,197,6,0,1,9,-33.94772,151.075104,15,0,2,1,3,0,3,4,2,0,7,50,1,1391,1391,1,5,0,2,0,0,0,1
1228336,2,2020,2020,7,1,9,109,27,71,106,0,1,10,-33.833935,150.977123,21,0,2,1,3,0,3,4,3,2,7,60,1,1850,985,5,16,40,1,0,0,1,0
1228337,2,2020,2020,7,4,4,20,31,204,244,0,1,1,-33.892261,151.117077,32,0,2,1,3,0,3,4,2,0,7,60,2,1981,1981,4,5,5,2,0,0,1,0
1228340,2,2020,2020,4,2,7,1,27,5,34609,0,1,1,-33.364052,149.846972,3,2,1,1,3,0,0,0,2,0,7,60,0,1945,1945,5,16,40,1,0,0,1,0
1228348,1,2020,2020,7,6,9,15,27,64,32,0,1,9,-34.383949,150.903396,80,0,2,1,3,0,3,4,0,0,7,50,1,5929,5929,1,5,19,2,0,0,0,1
1228353,1,2020,2020,3,4,8,191,27,33,208,0,1,9,-33.794743,151.091747,61,0,2,1,3,0,0,0,4,0,7,60,2,1669,1669,3,5,5,2,0,0,0,1
1228354,2,2020,2020,7,1,11,2261,17,64,2252,1,0,10,-33.891852,151.083401,67,0,2,1,3,0,3,0,0,2,7,60,2,1391,1391,1,5,5,2,0,0,1,0
1228362,1,2020,2020,7,6,6,109,27,460,106,0,1,9,-33.835634,150.985465,21,0,2,1,3,0,0,0,2,0,0,60,1,926,926,4,5,5,2,0,0,0,1
1228364,2,2020,2020,0,6,8,1,18,44,27,0,1,9,-33.97316,151.117918,25,0,2,0,3,0,0,3,2,0,0,60,1,775,775,4,0,12,2,0,0,1,0
1228365,1,2020,2020,4,4,6,105,17,223,136,0,1,1,-33.801422,150.916254,7,0,2,0,3,0,0,0,2,0,7,60,2,14295,14295,3,8,5,2,0,0,0,1
1228372,1,2020,2020,7,4,6,232,36,134,331,0,1,2,-33.950359,150.838376,41,0,2,0,3,0,0,0,2,0,7,70,2,14295,14295,3,10,0,2,0,0,0,1
1228385,4,2020,2020,4,4,7,120,36,10,148,0,1,1,-30.533754,151.87013,1,1,0,0,0,0,0,0,2,0,7,100,2,2585,4009,8,10,40,1,0,1,0,0
1228389,1,2020,2020,7,1,4,2209,17,23,2205,0,1,2,-34.604829,150.839422,62,0,2,1,0,0,0,0,2,0,7,100,2,14295,14295,3,33,0,2,0,0,0,1
1228391,2,2020,2020,7,5,8,16,27,194,34609,0,1,1,-30.485579,151.662167,1,2,1,0,0,0,3,4,2,0,7,80,0,4552,5151,8,5,40,1,0,0,2,0
1228393,1,2020,2020,3,0,10,1104,14,223,962,0,1,3,-33.803817,150.903314,7,0,2,1,1,0,0,0,3,0,7,100,2,1192,1192,1,33,5,3,0,0,0,1
1228395,1,2020,2020,3,3,6,49,22,77,44,0,1,9,-33.726793,151.080838,31,0,2,1,1,0,3,4,2,0,7,50,1,14295,14295,3,10,0,2,0,0,0,1
1228397,2,2020,2020,7,2,5,34,27,38,117,0,1,2,-32.931522,151.69142,48,0,2,1,1,0,0,0,2,0,7,70,2,9859,9859,8,5,40,1,0,0,1,0
1228401,1,2020,2020,7,1,3,224,27,387,321,0,1,9,-33.931177,151.194242,4,0,2,1,3,0,0,0,4,0,7,50,2,941,941,1,19,0,2,0,0,0,1