Crash ID,Degree of crash - detailed,Reporting year,Year of crash,Month of crash,Day of week of crash,Two-hour intervals,Street of crash,Street type,Town,Route no.,School zone location,School zone active,Type of location,Latitude,Longitude,LGA,Urbanisation,Conurbation 1,Alignment,Street lighting,Road surface,Surface condition,Weather,Natural lighting,Signals operation,Other traffic control,Speed limit,Road classification,RUM - code,DCA - code,First impact type,Key TU type,Other TU type,No. of traffic units involved,No. killed,No. seriously injured,No. moderately injured,No. minor-other injured
1228405,1,2020,2020,3,2,5,48,10,19,121,0,1,10,-31.416341,152.849781,56,2,1,1,3,0,0,0,2,0,0,80,1,1669,1669,3,0,5,2,0,0,0,1
1228406,1,2020,2020,7,4,7,67,27,210,55,0,1,9,-34.027822,151.106158,68,0,2,1,3,0,0,0,2,0,15,60,2,623,623,3,5,0,2,0,0,0,1
1228409,1,2020,2020,7,0,4,2261,17,370,2252,0,1,3,-34.061987,150.785464,13,0,2,1,3,0,0,0,2,0,7,110,2,1391,1391,1,5,13,2,0,0,0,1
1228414,1,2020,2020,7,6,4,5,27,8,34609,0,1,1,-33.396951,149.564175,3,2,1,1,0,0,0,0,2,0,0,60,0,1981,1981,4,5,5,2,0,0,0,1
1228419,2,2020,2020,7,4,0,2,27,132,34609,0,1,1,-29.780191,151.078235,33,2,1,1,0,0,3,3,0,0,7,50,0,9859,9859,8,9,40,1,0,0,3,0
1228421,2,2020,2020,7,4,8,1,31,96,34609,0,1,1,-35.349159,149.237845,58,2,1,1,0,0,0,0,2,0,7,50,0,14295,14295,3,10,36,3,0,0,1,0
1228422,1,2020,2020,7,5,7,481,17,22,483,0,1,1,-28.677156,150.30908,51,2,1,1,0,0,0,0,2,0,14,60,2,14295,14295,3,3,35,2,0,0,0,1
1228424,4,2020,2020,7,6,5,92,27,11,36,0,1,7,-35.722678,150.191765,23,2,1,0,1,0,3,4,2,0,0,60,1,1850,1463,5,16,40,1,0,1,0,0
1228426,1,2020,2020,7,4,8,16,31,94,20,0,1,1,-33.777506,150.802405,55,0,2,1,0,0,0,0,2,0,7,60,1,5929,5929,1,5,5,2,0,0,0,1
1228427,4,2020,2020,7,3,6,8,27,4,5,0,1,9,-34.153678,150.553488,79,2,2,1,0,0,0,3,2,0,7,80,1,14295,14295,3,16,19,2,0,1,0,0
1228430,2,2020,2020,4,4,5,3,27,9,34609,0,1,1,-33.301373,149.025711,11,2,1,1,0,0,0,0,2,0,7,80,0,1945,1945,5,22,40,1,0,0,1,0
1228432,4,2020,2020,7,1,9,3,27,29,34609,0,1,1,-35.101366,150.633783,63,2,1,1,2,0,0,0,0,0,7,50,0,1089,1089,7,16,40,1,0,1,0,0
1228433,2,2020,2020,3,1,4,2261,17,109,2252,0,1,3,-33.964694,150.874956,41,0,2,1,1,0,0,0,2,0,7,100,2,14295,14295,3,5,5,4,0,0,1,1
1228435,2,2020,2020,3,6,9,108,31,77,34609,0,1,1,-33.865771,150.942724,24,0,2,1,0,0,0,0,3,0,7,50,0,1945,1945,5,0,40,1,0,0,1,0
1228437,4,2020,2020,3,2,8,265,17,74,193,0,1,1,-34.730224,147.894266,20,1,0,0,0,0,0,0,2,0,11,100,2,4552,5151,8,16,40,1,0,1,0,0
1228438,4,2020,2020,3,0,8,2126,17,166,2149,0,1,9,-33.418429,149.56807,3,2,1,1,0,0,0,0,2,0,0,60,2,2852,2852,4,5,19,2,0,1,0,0
1228439,1,2020,2020,7,1,3,5,1,445,6,0,1,11,-33.859699,151.056122,21,0,2,0,3,0,3,4,2,0,7,60,1,1850,985,5,16,40,1,0,0,0,1
1228440,1,2020,2020,3,1,6,3371,17,143,3342,0,1,9,-33.706206,151.098925,31,0,2,1,1,0,3,4,2,0,7,60,2,14295,14295,3,5,36,2,0,0,0,2
1228447,1,2020,2020,7,0,6,175,27,24,220,0,1,9,-33.731177,150.921375,7,0,2,1,3,0,0,0,2,2,7,70,2,6545,6545,4,5,5,3,0,0,0,1
1228457,2,2020,2020,7,3,3,82,27,14,103,0,1,1,-28.359162,153.357245,72,1,0,0,3,0,0,0,1,0,7,100,1,1089,1089,7,5,40,1,0,0,1,0
1228460,1,2020,2020,0,6,11,866,17,187,769,0,1,9,-33.79156,150.997592,54,0,2,1,3,0,0,0,0,2,7,50,2,1669,1669,3,5,36,2,0,0,0,1
1228463,1,2020,2020,7,3,6,230,27,47,284,0,1,2,-33.810683,151.163352,38,0,2,1,3,0,0,0,2,0,7,60,2,14295,14295,3,0,5,3,0,0,0,1
1228466,1,2020,2020,3,4,8,3371,17,57,3342,0,1,2,-32.991794,151.689819,37,0,2,0,3,0,3,4,3,0,7,70,2,3775,3775,0,5,0,2,0,0,0,1
1228467,1,2020,2020,7,3,6,344,27,609,163,0,1,9,-33.765232,150.903595,7,0,2,1,3,0,3,4,2,2,8,60,2,14295,14295,3,5,36,2,0,0,0,1
1228474,1,2020,2020,7,1,6,8,1,115,34609,0,1,7,-33.749415,151.223245,50,0,2,1,3,0,0,3,2,0,7,40,0,14295,14295,3,0,5,2,0,0,0,1
1228478,2,2020,2020,7,4,4,344,27,42,163,0,1,9,-33.74017,150.862502,7,0,2,1,3,0,0,0,2,2,7,70,2,14295,14295,3,9,5,3,0,0,1,0
1228479,1,2020,2020,3,6,4,515,14,271,518,0,1,3,-33.940851,151.017368,15,0,2,1,3,0,0,0,2,0,7,100,2,14295,14295,3,30,0,2,0,0,0,1
1228480,1,2020,2020,7,5,8,30,27,33,41,0,1,9,-33.984259,151.136887,4,0,2,1,3,0,0,0,2,0,7,60,1,217,217,1,30,5,2,0,0,0,1
1228487,1,2020,2020,7,5,6,125,27,38,126,0,1,7,-32.789256,151.903053,57,2,1,0,3,0,0,0,2,0,7,80,2,926,926,4,9,5,2,0,0,0,1
1228488,1,2020,2020,7,3,0,56,27,443,44,0,1,1,-33.897252,151.05887,15,0,2,1,3,0,0,0,0,0,7,60,1,1391,1391,1,5,5,2,0,0,0,1
1228489,1,2020,2020,7,4,6,11,1,175,34609,0,1,7,-33.781517,151.076561,54,0,2,1,3,0,0,0,2,0,0,50,0,217,217,1,0,5,2,0,0,0,1
1228498,1,2020,2020,3,3,8,2,27,4,9,0,1,1,-31.889477,141.25507,51,1,0,1,0,0,0,0,2,0,7,90,1,1089,1089,7,16,40,1,0,0,0,1
1228501,1,2020,2020,7,4,7,27,27,290,34609,0,1,1,-33.854556,150.98883,21,0,2,1,0,0,0,0,2,0,7,50,0,14295,14295,3,0,5,2,0,0,0,1
1228502,2,2020,2020,7,6,1,95,31,26,34609,0,1,10,-33.910181,151.200406,69,0,2,1,2,0,0,0,0,0,15,50,0,9859,9859,1,5,0,2,0,0,1,0
1228504,1,2020,2020,4,4,8,195,27,49,186,0,1,2,-33.918397,150.853049,41,0,2,1,1,0,0,0,2,0,7,70,2,1383,1383,1,5,5,2,0,0,0,1
1228507,4,2020,2020,7,6,8,485,27,154,769,0,1,1,-33.705802,150.93531,71,0,2,1,1,0,0,3,2,0,7,80,2,515,515,1,29,5,2,0,1,0,0
1228508,4,2020,2020,3,3,11,829,27,309,770,0,1,2,-33.814856,151.098501,61,0,2,1,2,0,3,4,0,0,7,60,2,9859,9859,8,5,40,1,0,1,0,0
1228511,1,2020,2020,7,0,3,21,31,82,34609,0,1,1,-33.825475,151.202434,49,0,2,1,1,0,0,0,2,0,7,50,0,368,368,9,0,28,2,0,0,0,1
1228514,4,2020,2020,3,4,7,133,31,646,97,0,1,9,-33.91663,151.017471,15,0,2,1,1,0,0,0,2,0,0,60,1,5929,5929,1,5,5,2,0,1,1,0
1228515,4,2020,2020,3,6,10,334,17,41,308,0,1,1,-31.462596,152.787199,56,1,0,1,0,0,0,0,0,0,7,90,2,1109,787,1,9,5,2,0,3,1,0
1228516,1,2020,2020,4,0,11,22,27,25,34609,0,1,1,-33.875147,151.222151,69,0,2,0,0,0,0,0,0,0,7,40,0,312,312,2,33,40,1,0,0,0,1
1228519,4,2020,2020,7,5,11,171,18,433,34609,0,1,7,-33.288653,149.085131,52,2,1,1,2,0,0,0,0,0,7,50,0,1945,1945,5,16,40,1,0,1,0,0
1228524,4,2020,2020,7,6,7,36,31,56,70,0,1,9,-33.758315,150.780749,55,0,2,0,1,0,0,0,2,2,7,60,1,5929,5929,1,5,36,2,0,1,0,0
1228527,2,2020,2020,7,6,6,17,27,8,34609,0,1,1,-33.522572,150.761024,29,2,2,0,0,0,0,0,2,0,7,80,0,2585,4009,8,5,40,1,0,0,1,0
1228529,2,2020,2020,3,0,5,35,27,18,34609,0,1,1,-28.330692,153.56192,72,2,1,0,0,0,0,0,2,0,7,70,0,3775,3775,0,5,0,2,0,0,2,0
1228535,1,2020,2020,3,1,4,9,31,147,34609,1,2,9,-33.86928,151.135099,14,0,2,1,0,0,0,0,2,0,9,40,0,14295,14295,3,0,0,2,0,0,0,1
1228538,1,2020,2020,7,2,7,2,27,46,34609,0,1,1,-33.293096,151.414048,16,2,2,1,1,0,0,3,2,0,7,50,0,368,368,9,5,28,2,0,0,0,1
1228540,4,2020,2020,3,2,7,50,36,10,43,0,1,1,-36.532546,148.201658,66,2,1,0,0,0,0,0,2,0,7,60,2,1850,1463,5,16,40,1,0,1,0,0
1228542,2,2020,2020,3,6,6,73,24,115,88,0,1,10,-33.749959,151.234903,50,0,2,1,1,0,0,0,2,2,7,60,2,14295,14295,3,0,0,2,0,0,1,0
1228543,4,2020,2020,7,0,11,95,31,53,34609,0,1,1,-31.859965,152.370981,43,2,1,1,2,0,3,4,0,0,7,50,0,9859,9859,1,5,5,2,0,1,0,0
1228545,1,2020,2020,7,0,4,29,27,137,30,0,1,7,-33.905922,150.893997,24,0,2,1,1,0,0,0,2,0,0,60,1,6545,6545,4,30,5,2,0,0,0,1
1228548,4,2020,2020,4,4,10,17,27,96,15,0,1,1,-34.239283,150.724828,79,2,2,0,0,0,0,0,0,0,7,80,1,4552,5151,8,16,40,1,0,1,0,0
1228549,2,2020,2020,7,1,5,4,10,316,34609,0,1,1,-31.479057,152.927542,56,2,1,1,0,0,0,0,2,0,7,50,0,515,515,1,10,18,2,0,0,1,0
1228550,4,2020,2020,7,4,0,113,27,113,111,0,1,9,-33.805272,150.770641,55,0,2,1,1,0,0,0,0,0,15,80,2,1669,1669,3,8,12,2,0,1,1,0
1228551,1,2020,2020,7,4,7,2126,17,136,2149,0,1,9,-33.85845,151.069509,67,0,2,1,1,0,0,0,2,2,7,60,2,5929,5929,1,5,36,2,0,0,0,1
1228552,4,2020,2020,3,3,7,46,27,39,34609,0,1,1,-32.880385,151.650077,48,0,2,1,1,0,0,0,2,0,7,60,0,3775,3775,0,30,5,2,0,1,1,0
1228557,4,2020,2020,3,5,4,13,31,55,34609,0,1,2,-33.885581,151.276608,76,0,2,1,0,0,0,0,2,0,7,50,0,387,387,1,22,0,2,0,1,0,0
1228561,4,2020,2020,3,6,2,61,10,56,174,0,1,1,-32.989978,151.488926,37,0,2,0,0,0,0,0,0,0,7,90,2,1259,5151,8,5,40,1,0,1,0,0
1228564,2,2020,2020,3,4,8,2126,17,139,2149,0,1,10,-33.876991,151.129837,32,0,2,1,1,0,0,0,2,2,8,60,2,14295,14295,3,16,19,2,0,0,1,0
1228569,2,2020,2020,3,1,8,2261,17,284,2252,0,1,9,-33.904988,151.010651,15,0,2,1,1,0,0,0,2,0,0,70,2,5929,5929,1,5,5,3,0,0,3,0
1228576,1,2020,2020,7,2,5,4,27,1,34609,0,1,1,-33.276293,151.452406,16,2,2,1,0,0,0,0,2,0,7,50,0,14295,14295,3,33,27,2,0,0,0,1
1228577,4,2020,2020,7,4,3,10,31,197,17,0,1,9,-33.945398,151.090183,25,0,2,1,1,0,3,3,2,0,7,50,1,83,83,5,16,40,1,0,1,0,0
1228578,1,2020,2020,3,2,6,829,27,304,34609,0,1,1,-33.906183,151.172961,32,0,2,1,0,0,0,0,2,0,7,50,0,1109,397,1,5,27,2,0,0,0,1
1228579,2,2020,2020,7,6,10,97,27,271,799,0,1,10,-33.936085,151.011337,15,0,2,1,2,0,3,4,0,2,7,70,2,5929,5929,1,0,5,2,0,0,1,2
1228584,4,2020,2020,7,4,4,475,10,137,268,0,1,1,-33.907089,150.898456,24,0,2,1,1,0,0,0,2,0,7,60,2,9859,9859,8,5,40,1,0,1,0,0
1228586,2,2020,2020,7,6,9,17,31,126,34609,0,1,1,-33.936428,150.790565,41,0,2,1,0,0,0,0,2,0,7,50,0,1945,1945,5,22,40,1,0,0,1,0
1228588,4,2020,2020,7,6,3,81,27,20,34609,0,1,1,-32.93348,151.670282,37,0,2,0,1,0,0,0,2,0,7,60,0,3775,3775,0,5,5,2,0,1,0,0
1228594,2,2020,2020,3,2,8,36,27,5,39,0,1,11,-32.52349,148.967571,22,1,0,0,0,0,0,0,2,0,0,100,2,4552,5151,8,5,40,1,0,0,1,0
1228595,4,2020,2020,7,2,3,4,27,60,34609,0,1,1,-33.947948,150.952496,41,0,2,1,1,0,0,3,1,0,7,50,0,9859,9859,8,0,40,1,0,1,0,0
1228597,4,2020,2020,4,1,4,100,27,323,100,0,1,2,-33.81114,150.850553,7,0,2,1,0,0,0,0,2,0,7,80,2,1282,1282,1,29,5,2,0,1,0,0
1228598,2,2020,2020,7,3,11,2,31,646,34609,0,1,1,-33.913802,151.013617,15,0,2,1,2,0,0,0,0,0,7,50,0,190,190,1,5,0,2,0,0,1,0
1228604,2,2020,2020,7,3,0,1,9,91,34609,0,1,1,-32.960029,151.640763,37,0,2,1,2,0,0,0,0,0,7,50,0,489,489,5,5,5,2,0,0,1,0
1228608,2,2020,2020,7,4,4,35,1,11,52,0,1,7,-33.729894,150.794346,7,0,2,1,0,0,0,0,2,0,0,60,1,1945,1945,5,16,40,1,0,0,1,0
1228609,2,2020,2020,7,5,8,1,31,41,34609,0,1,9,-33.781572,151.258141,50,0,2,1,1,0,3,4,2,0,7,50,0,941,941,1,0,19,2,0,0,1,0
1228610,2,2020,2020,7,6,3,1104,14,323,962,0,1,3,-33.798234,150.85543,7,0,2,1,2,0,0,0,1,0,7,100,2,1945,1945,5,16,40,1,0,0,1,0
1228611,4,2020,2020,7,2,3,158,27,13,207,0,1,9,-33.870071,151.252414,81,0,2,0,1,0,0,0,2,0,0,60,2,2852,2852,4,5,27,2,0,1,0,0
1228612,2,2020,2020,7,6,4,866,27,438,34609,0,1,9,-33.855801,151.024445,21,0,2,1,0,0,0,0,2,0,0,50,0,2852,2852,4,5,36,2,0,0,1,0
1228615,2,2020,2020,7,2,1,30,27,120,154,0,1,10,-33.762798,150.86321,7,0,2,0,2,0,0,0,0,2,7,60,1,4552,985,8,5,40,1,0,0,1,0
1228618,2,2020,2020,7,1,7,31,22,253,34609,0,1,10,-33.967829,151.108311,25,0,2,1,0,0,0,0,2,3,9,50,0,1220,1220,9,21,28,2,0,0,1,0
1228623,2,2020,2020,7,6,4,220,14,74,220,0,1,8,-34.438319,150.866568,80,0,2,1,3,0,3,4,2,0,7,100,2,14295,14295,3,5,5,2,0,0,1,0
1228625,1,2020,2020,7,6,7,92,27,129,29,0,1,1,-33.898953,151.099317,15,0,2,1,3,0,0,0,2,0,7,50,1,14295,14295,3,9,5,2,0,0,0,1
1228629,4,2020,2020,3,0,6,41,27,3,69,0,1,1,-34.268596,149.788327,74,1,0,0,0,0,0,0,2,0,7,100,1,1850,1463,5,16,40,1,0,1,0,0
1228631,2,2020,2020,7,6,3,222,31,44,34609,0,1,9,-30.713358,152.922767,47,2,1,1,0,0,0,0,2,0,7,50,0,2040,2040,9,5,28,2,0,0,1,0
1228633,2,2020,2020,3,6,8,5,10,18,34609,0,1,1,-34.042021,150.824518,13,0,2,0,2,0,0,0,2,0,7,50,0,4552,5151,1,5,0,2,0,0,1,0
1228634,4,2020,2020,3,5,8,74,23,100,260,0,1,9,-33.960917,151.156271,4,0,2,1,1,0,0,0,2,3,7,60,2,312,312,2,19,40,1,0,1,0,0
1228635,4,2020,2020,3,0,7,14,1,64,34609,0,1,10,-33.705754,150.732638,55,0,2,1,0,0,3,4,2,0,15,70,0,6545,6545,4,30,5,2,0,1,0,0
1228641,1,2020,2020,7,4,8,18,31,13,34609,0,1,1,-33.872339,151.225017,69,0,2,1,1,0,0,0,2,0,9,50,0,2040,2040,9,22,28,2,0,0,0,1
1228645,2,2020,2020,7,0,4,39,1,197,34609,0,1,1,-33.787002,151.121167,61,0,2,1,0,0,0,0,2,0,7,50,0,9859,9859,1,5,5,2,0,0,1,0
1228646,4,2020,2020,4,0,10,92,31,176,34609,0,1,1,-33.960051,151.139338,4,0,2,1,2,0,0,0,0,0,7,50,0,9859,9859,1,22,36,2,0,1,0,0
1228647,2,2020,2020,3,2,9,4,1,247,34609,0,1,1,-33.823647,150.958303,21,0,2,1,1,0,0,0,2,0,7,50,0,9859,9859,1,5,5,3,0,0,1,0
1228650,2,2020,2020,7,0,4,37,31,198,41,0,1,9,-33.911909,151.103936,15,0,2,1,1,0,0,0,2,2,8,40,1,2040,2040,9,29,28,2,0,0,1,0
1228651,2,2020,2020,7,1,8,98,27,87,799,0,1,9,-33.929247,150.942994,41,0,2,1,0,0,0,0,2,2,9,70,2,2852,2852,4,0,5,2,0,0,1,0
1228655,1,2020,2020,7,5,6,3371,17,63,3342,0,1,2,-28.175517,153.511338,72,1,0,1,1,0,0,0,2,0,7,100,2,14295,14295,3,8,36,3,0,0,0,1
1228656,2,2020,2020,7,3,8,5,31,64,34609,0,1,9,-33.763179,151.216254,50,0,2,1,0,0,0,0,2,0,8,50,0,5929,5929,1,0,5,2,0,0,1,1
1228658,4,2020,2020,7,0,8,26,10,370,68,0,1,9,-34.069679,150.800217,13,0,2,0,1,0,0,0,2,2,8,60,1,5929,5929,1,5,0,2,0,1,0,0
1228659,2,2020,2020,7,0,11,6,10,65,34609,0,1,2,-32.92585,151.768445,48,0,2,0,1,0,0,0,0,0,7,40,0,144,144,1,5,5,2,0,0,1,0
1228663,4,2020,2020,7,4,5,14,31,273,34609,0,1,0,-34.425805,150.890878,80,0,2,1,1,0,0,0,2,0,7,50,0,1282,1282,1,21,40,2,0,1,0,0
1228667,4,2020,2020,4,0,7,2126,17,40,2149,0,1,2,-33.69847,150.533729,8,2,2,1,0,0,0,0,2,0,7,60,2,475,475,5,0,40,1,0,1,0,0
1228671,2,2020,2020,7,5,3,255,27,66,172,0,1,10,-32.927097,151.636879,37,0,2,1,1,0,0,0,2,2,7,60,2,5929,5929,1,0,5,2,0,0,1,0
1228672,4,2020,2020,7,0,10,2,1,76,34609,0,1,7,-33.923798,150.866745,41,0,2,1,0,0,0,0,0,0,0,50,0,591,591,1,22,13,2,0,1,0,0
1228677,1,2020,2020,3,6,4,7,31,115,34609,0,1,9,-33.748951,151.244734,50,0,2,1,0,0,0,0,2,0,7,50,0,775,775,4,5,0,2,0,0,0,1
1228682,2,2020,2020,7,0,10,178,27,316,34609,0,1,9,-33.914366,151.240068,59,0,2,1,2,0,0,0,0,0,0,50,0,1220,1220,9,15,28,2,0,0,1,0
1228684,1,2020,2020,4,6,9,165,31,78,34609,0,1,9,-33.864784,151.088702,14,0,2,1,2,0,0,0,3,0,7,50,0,5929,5929,1,5,5,2,0,0,0,1
1228685,2,2020,2020,3,1,3,475,10,137,268,0,1,9,-33.898879,150.89493,24,0,2,1,1,0,0,0,2,0,15,60,2,2852,2852,4,5,5,2,0,0,1,0
1228686,2,2020,2020,3,1,1,32,31,252,34609,0,1,0,-33.887669,151.210994,69,0,2,1,2,0,3,4,0,0,7,40,0,1945,1945,5,15,40,1,0,0,1,0
1228688,2,2020,2020,7,1,8,4,23,11,34609,0,1,10,-33.987888,151.096353,25,0,2,0,1,0,0,3,2,0,15,50,0,5929,5929,1,5,5,2,0,0,2,0
1228690,2,2020,2020,7,3,0,1,31,36,34609,0,1,1,-33.529173,149.248635,51,2,1,1,2,0,0,0,0,0,7,50,0,9859,9859,8,16,40,1,0,0,1,0
1228691,4,2020,2020,7,3,7,171,27,37,369,0,1,1,-33.895965,150.701587,41,0,2,0,0,0,0,0,2,0,7,80,2,3775,3775,0,5,5,2,0,2,0,0
1228692,2,2020,2020,7,3,10,46,27,304,39,0,1,9,-33.907793,151.149543,32,0,2,1,2,0,0,0,0,0,0,60,1,5929,5929,1,0,18,2,0,0,1,0
1228693,1,2020,2020,7,1,8,93,10,77,42,0,1,10,-32.942871,151.763735,48,0,2,1,1,0,0,0,2,0,15,50,2,6545,6545,4,5,0,2,0,0,0,1
1228695,2,2020,2020,7,2,11,49,27,246,34609,0,1,1,-33.89769,151.191647,69,0,2,0,2,0,0,0,0,0,7,40,0,3775,3775,0,5,0,2,0,0,3,1
1228697,4,2020,2020,4,6,6,3,31,460,34609,0,1,7,-33.830536,150.972802,21,0,2,1,0,0,0,0,2,0,0,50,0,6545,6545,4,21,19,2,0,1,0,0
1228699,4,2020,2020,7,6,3,63,27,20,34609,0,1,1,-32.973446,151.561473,37,0,2,0,1,0,3,4,2,0,7,80,0,1850,1463,5,10,40,1,0,1,0,0
1228704,2,2020,2020,7,2,7,361,23,84,35,0,1,7,-33.888908,150.941986,24,0,2,0,0,0,3,4,2,0,0,50,1,6545,6545,4,5,5,2,0,0,2,0
1228705,1,2020,2020,7,0,8,3371,17,36,3342,0,1,9,-33.635438,151.146284,31,0,2,1,1,0,0,0,2,2,7,80,2,14295,14295,3,33,19,2,0,0,0,1
1228707,2,2020,2020,7,0,1,3,27,45,34609,0,1,1,-33.819205,150.795602,55,0,2,1,0,0,0,0,0,0,7,50,0,1981,1981,4,5,35,2,0,0,1,0
1228711,4,2020,2020,7,0,6,27,1,121,34609,0,1,9,-28.207902,153.535683,72,2,1,1,0,0,0,0,2,0,0,50,0,926,926,4,5,5,2,0,1,0,1
1228715,4,2020,2020,7,4,4,15,31,346,38,0,1,10,-33.875226,151.097691,9,0,2,1,1,0,0,0,2,2,7,50,1,14295,14295,3,0,0,2,0,1,0,0
1228718,2,2020,2020,7,5,5,1,31,109,34609,0,1,1,-33.903158,151.142333,32,0,2,0,0,0,0,3,2,0,7,50,0,340,340,9,5,28,2,0,0,1,0
1228719,2,2020,2020,7,5,8,39,27,169,147,0,1,9,-28.637562,153.592674,10,2,1,1,0,0,0,0,2,0,0,60,1,2852,2852,4,30,19,2,0,0,1,1
1228720,2,2020,2020,4,0,7,41,10,63,34609,0,1,1,-28.188008,153.519269,72,2,1,0,1,0,0,0,2,0,7,50,0,2585,4009,8,0,40,1,0,0,1,0
1228722,1,2020,2020,7,2,10,28,1,64,34609,0,1,9,-33.69252,150.73483,55,0,2,0,0,0,0,0,0,0,7,70,0,2585,4009,8,5,40,1,0,0,0,1
1228723,4,2020,2020,7,4,7,25,27,237,34609,0,1,1,-33.868669,150.963578,21,0,2,1,1,0,0,0,2,0,11,50,0,591,591,1,22,12,2,0,1,0,0
1228725,2,2020,2020,7,4,10,117,1,49,35,0,1,1,-33.965797,151.147378,4,0,2,1,2,0,0,0,3,0,7,60,2,1109,787,1,5,36,2,0,0,1,0
1228727,4,2020,2020,3,4,7,1,18,58,34609,1,2,7,-34.410832,150.886278,80,0,2,0,0,0,0,0,2,0,7,40,0,4552,5151,8,16,40,1,0,1,0,0
1228729,2,2020,2020,7,4,10,55,27,38,117,1,0,2,-32.935939,151.689224,48,0,2,0,2,0,0,0,0,0,7,70,2,4552,5151,8,0,40,1,0,0,1,0
1228731,1,2020,2020,7,6,11,74,27,120,18,0,1,7,-33.773836,150.880191,7,0,2,1,2,0,3,4,0,0,0,60,1,926,926,4,10,0,2,0,0,0,1
1228738,1,2020,2020,4,5,3,45,27,110,45,0,1,9,-33.743496,151.047112,31,0,2,1,2,0,0,0,2,2,7,60,2,14295,14295,3,10,5,2,0,0,0,1
1228740,4,2020,2020,7,4,7,23,31,134,23,0,1,9,-33.897093,151.258953,76,0,2,1,1,0,0,0,2,0,0,50,1,5929,5929,1,30,18,2,0,1,0,0
1228741,2,2020,2020,7,2,7,59,27,10,143,0,1,1,-34.013056,149.318497,74,1,0,0,0,0,0,3,2,0,7,100,2,1850,1463,5,16,40,1,0,0,1,0
1228748,1,2020,2020,7,4,7,192,31,316,120,0,1,9,-33.916808,151.241255,59,0,2,1,1,0,0,0,2,0,15,50,2,1669,1669,3,5,5,3,0,0,0,1
1228750,1,2020,2020,7,4,7,11,1,646,34609,0,1,9,-33.931187,151.032776,15,0,2,1,0,0,0,0,2,0,7,50,0,3775,3775,0,5,5,2,0,0,0,1
1228759,2,2020,2020,3,4,10,2261,17,284,2252,1,0,2,-33.905975,151.015215,15,0,2,1,3,0,0,0,0,0,7,70,2,1391,1391,1,30,0,2,0,0,1,0
1228760,2,2020,2020,7,1,3,23,27,337,34609,0,1,9,-33.732478,151.006313,71,0,2,1,0,0,0,0,2,0,7,50,0,340,340,9,19,28,2,0,0,1,0
1228764,2,2020,2020,7,1,6,234,27,337,217,1,0,1,-33.740007,151.000027,71,0,2,0,0,0,0,0,2,0,7,60,2,1669,1669,3,10,5,2,0,0,1,0
1228767,1,2020,2020,7,5,4,12,27,5,62,0,1,1,-36.573249,150.017398,5,2,1,0,0,0,3,0,2,0,7,80,1,4552,5151,8,5,40,1,0,0,0,2
1228777,2,2020,2020,3,4,10,109,27,74,382,1,0,9,-33.749926,150.841548,7,0,2,1,3,0,0,0,0,0,0,60,2,2852,2852,4,30,5,2,0,0,1,0
1228778,4,2020,2020,7,2,9,99,31,77,105,0,1,10,-33.866692,150.94931,24,0,2,1,2,0,0,0,0,2,7,50,1,4552,985,8,5,40,1,0,1,0,0
1228779,4,2020,2020,7,2,8,866,17,187,793,0,1,10,-33.795553,150.989666,54,0,2,1,0,0,0,0,2,2,7,70,2,9859,9859,8,16,40,1,0,1,0,0
1228789,1,2020,2020,7,0,3,57,36,112,769,0,1,10,-33.612325,150.815103,29,2,2,1,1,0,0,0,2,2,9,60,2,6545,6545,4,5,5,2,0,0,0,2
1228791,4,2020,2020,7,0,7,829,31,57,169,0,1,1,-32.818057,151.483373,17,2,1,1,1,0,0,0,2,0,7,60,2,1383,1383,1,5,19,2,0,1,0,0
1228794,1,2020,2020,7,5,2,232,36,134,331,0,1,9,-33.962422,150.819049,41,0,2,0,2,0,3,4,1,2,7,80,2,14295,14295,3,10,5,2,0,0,0,1
1228806,2,2020,2020,4,4,7,829,31,314,240,0,1,10,-33.848867,150.922629,24,0,2,1,1,0,0,0,2,2,7,60,2,6545,6545,4,5,5,2,0,0,1,0
1228809,4,2020,2020,4,5,3,12,31,90,34609,0,1,10,-33.88367,151.24054,81,0,2,1,0,0,0,0,2,0,15,50,0,2852,2852,4,5,36,2,0,1,1,0
1228811,4,2020,2020,3,2,7,2126,17,33,2149,0,1,10,-33.719416,150.440655,8,2,2,0,1,0,0,0,2,2,7,70,2,926,926,4,5,10,2,0,1,1,0
1228812,4,2020,2020,3,4,10,16,31,194,34609,0,1,1,-30.505278,151.658477,1,2,1,1,2,0,3,4,0,0,7,50,0,1220,1220,9,5,28,2,0,1,1,0
1228813,4,2020,2020,4,5,7,13,27,25,13,0,1,2,-33.867329,151.223344,69,0,2,1,1,0,0,0,2,0,7,50,1,1981,1981,4,5,19,2,0,1,1,0
1228814,1,2020,2020,4,6,8,1,31,243,2252,0,1,10,-33.940666,150.912494,41,0,2,1,1,0,0,0,2,2,9,70,2,14295,14295,3,9,5,2,0,0,0,1
1228815,4,2020,2020,4,0,11,26,31,161,6,0,1,1,-33.885856,151.157321,32,0,2,1,2,0,3,3,0,0,9,40,1,1220,1220,9,5,28,2,0,1,0,0
1228816,2,2020,2020,4,0,4,70,27,26,100,1,0,1,-33.682472,150.589933,8,2,2,0,1,0,3,4,2,0,7,60,2,3775,3775,0,10,12,2,0,0,2,1
1228817,4,2020,2020,4,4,0,348,17,4,232,0,1,1,-33.227394,150.027585,40,1,0,0,0,0,0,0,0,0,7,100,2,3775,3775,0,0,10,2,0,1,0,0