Crash ID,Degree of crash - detailed,Reporting year,Year of crash,Month of crash,Day of week of crash,Two-hour intervals,Street of crash,Street type,Town,Route no.,School zone location,School zone active,Type of location,Latitude,Longitude,LGA,Urbanisation,Conurbation 1,Alignment,Street lighting,Road surface,Surface condition,Weather,Natural lighting,Signals operation,Other traffic control,Speed limit,Road classification,RUM - code,DCA - code,First impact type,Key TU type,Other TU type,No. of traffic units involved,No. killed,No. seriously injured,No. moderately injured,No. minor-other injured
1228822,2,2020,2020,3,1,3,10,31,166,34609,0,1,7,-33.425466,149.57014,3,2,1,1,1,0,0,0,2,0,0,50,0,14295,14295,3,10,0,2,0,0,2,0
1228827,2,2020,2020,3,2,6,191,27,309,208,0,1,1,-33.806519,151.104705,61,0,2,1,1,0,0,0,2,0,7,60,2,1220,1220,9,10,28,2,0,0,1,0
1228829,4,2020,2020,4,4,9,15,27,15,34609,0,1,9,-30.163715,153.097136,19,2,1,0,0,0,0,0,2,0,7,80,0,4552,5151,8,5,40,1,0,1,0,0
1228832,2,2020,2020,4,5,7,11,31,94,40,0,1,9,-33.831054,151.053337,54,0,2,1,3,0,0,0,2,2,7,60,1,2852,2852,4,5,5,2,0,0,2,0
1228835,2,2020,2020,7,0,8,3371,17,39,3342,0,1,7,-33.251991,151.489358,16,2,2,1,0,0,0,0,2,0,7,70,2,14295,14295,3,5,19,2,0,0,1,0
1228837,4,2020,2020,4,4,6,27,7,109,34609,0,1,1,-33.912679,151.138192,32,0,2,1,1,0,3,3,2,0,7,50,0,1282,1282,1,5,5,3,0,1,0,0
1228838,1,2020,2020,3,1,8,168,17,30,212,0,1,2,-35.357032,149.222422,58,2,1,1,0,0,0,0,2,0,7,60,2,14295,14295,3,5,13,2,0,0,0,1
1228839,4,2020,2020,4,6,3,225,17,85,180,0,1,1,-34.566782,150.774686,62,0,2,1,0,0,0,0,2,0,7,60,2,3775,3775,0,5,13,3,0,1,1,1
1228842,2,2020,2020,3,1,6,2,27,26,34609,0,1,1,-34.417224,150.470993,78,2,1,0,0,0,0,0,2,0,7,70,0,4552,5151,8,5,40,1,0,0,1,0
1228843,1,2020,2020,4,6,3,1052,14,21,928,0,1,3,-33.247016,151.406989,16,2,2,1,0,0,0,0,2,0,7,80,2,14295,14295,3,5,5,2,0,0,0,1
1228844,2,2020,2020,4,5,8,168,17,18,212,0,1,9,-35.641551,150.094598,23,1,0,1,3,0,0,0,2,0,0,90,2,1669,1669,3,8,5,2,0,0,1,0
1228845,4,2020,2020,3,3,7,1,31,98,34609,1,0,1,-33.009043,151.577925,37,0,2,1,0,0,0,0,2,0,7,50,0,1220,1220,9,5,28,2,0,1,0,0
1228846,2,2020,2020,7,2,3,57,27,122,34609,1,0,1,-33.418334,151.342271,16,2,2,1,3,0,0,0,2,0,7,60,0,4026,4026,8,5,40,1,0,0,1,0
1228847,4,2020,2020,3,3,6,3371,17,44,3342,0,1,7,-32.397744,152.2168,43,2,1,0,1,0,0,0,2,0,7,60,2,2585,777,8,16,40,1,0,1,0,0
1228852,4,2020,2020,3,0,8,2209,17,157,2205,0,1,2,-34.019418,151.090331,68,0,2,1,3,0,0,0,2,0,7,70,2,3775,3775,0,30,36,3,0,1,2,0
1228853,2,2020,2020,7,2,0,3371,17,18,3342,0,1,2,-31.010309,152.865633,34,1,0,1,3,0,0,0,0,0,7,110,2,84,84,6,5,40,1,0,0,1,0
1228857,2,2020,2020,7,1,7,2209,17,34,2205,0,1,1,-37.009132,149.910004,5,1,0,1,0,0,0,0,2,0,7,100,2,3775,3775,0,5,13,2,0,0,1,0
1228859,4,2020,2020,3,1,3,44,31,160,34609,0,1,1,-33.106205,151.494857,37,0,2,1,1,0,0,0,2,0,7,50,0,3775,3775,0,5,5,2,0,2,1,0
1228860,4,2020,2020,3,0,9,37,27,25,52,0,1,1,-33.877067,150.617891,79,2,2,0,2,0,3,4,3,0,7,60,1,1259,5151,8,5,40,1,0,1,1,0
1228862,1,2020,2020,3,1,3,57,31,174,321,0,1,10,-33.889054,151.2016,69,0,2,1,2,0,0,0,2,2,7,50,2,1192,1192,1,30,27,2,0,0,0,1
1228865,4,2020,2020,3,2,6,2126,17,62,2149,0,1,2,-33.886275,151.139385,32,0,2,1,1,0,0,0,2,0,7,60,2,1945,1945,5,15,40,1,0,1,0,0
1228866,4,2020,2020,7,1,7,6,27,2,34609,0,1,1,-28.879379,153.39,2,1,0,0,0,0,3,4,2,0,7,100,0,3775,3775,0,5,0,2,0,2,0,0
1228871,2,2020,2020,3,6,7,97,31,460,92,0,1,10,-33.833849,150.992175,21,0,2,1,1,0,0,0,2,2,7,60,1,14295,14295,3,10,5,3,0,0,1,0
1228872,2,2020,2020,3,2,9,296,27,290,293,0,1,2,-33.853466,150.995848,21,0,2,1,1,0,0,0,2,0,7,70,2,14295,14295,3,5,5,2,0,0,1,0
1228877,2,2020,2020,3,0,4,149,36,13,113,0,1,1,-32.384015,152.396619,43,1,0,0,0,0,0,0,2,0,7,100,1,2585,4009,8,0,40,1,0,0,1,0
1228878,2,2020,2020,7,6,4,478,17,70,480,1,2,2,-33.436851,151.350912,16,2,2,1,3,0,3,0,2,0,7,40,2,14295,14295,3,10,0,2,0,0,1,0
1228879,4,2020,2020,3,2,3,2209,17,19,2205,0,1,2,-34.79096,150.672104,63,2,1,1,0,0,3,4,1,0,7,80,2,41,41,8,5,40,1,0,1,0,0
1228881,4,2020,2020,7,1,7,109,27,56,174,0,1,1,-32.984491,151.490997,37,0,2,0,0,0,0,0,2,0,7,90,2,782,957,5,0,40,1,0,2,0,0
1228882,4,2020,2020,7,5,4,5,27,290,34609,0,1,10,-33.857624,150.989441,21,0,2,1,2,0,0,0,2,0,0,50,0,6545,6545,4,5,0,3,0,1,0,0
1228883,2,2020,2020,7,0,7,103,27,16,98,0,1,1,-33.38039,150.750784,29,2,2,0,3,0,3,4,2,0,7,80,2,1850,1463,5,16,40,1,0,0,1,0
1228884,4,2020,2020,7,3,5,17,1,646,11,0,1,9,-33.92416,151.03273,15,0,2,1,3,0,0,0,2,2,7,60,2,14295,14295,3,5,25,2,0,1,0,0
1228887,2,2020,2020,7,5,7,98,27,294,799,0,1,9,-33.930307,150.938217,41,0,2,0,3,0,0,0,2,0,15,70,2,1391,1391,1,8,13,2,0,0,1,0
1228888,2,2020,2020,4,2,0,21,31,102,34609,0,1,10,-31.106682,150.905184,70,2,1,1,2,0,0,0,0,0,15,50,0,6545,6545,4,5,5,2,0,0,2,0
1228889,4,2020,2020,3,2,5,8,27,13,34609,0,1,1,-33.523293,149.92304,40,2,1,0,0,0,0,0,2,0,7,80,0,1089,1089,7,16,40,1,0,1,0,0
1228896,4,2020,2020,7,3,11,1,1,130,34609,0,1,9,-34.455141,150.838304,80,0,2,1,2,0,0,0,0,0,7,50,0,1957,777,1,5,5,2,0,1,0,0
1228899,4,2020,2020,7,5,3,24,31,174,34609,0,1,10,-33.891895,151.202415,69,0,2,1,0,0,0,3,2,0,15,10,0,186,186,9,8,28,2,0,1,0,0
1228900,4,2020,2020,0,4,3,67,27,157,55,0,1,10,-34.022235,151.106927,68,0,2,1,1,0,0,3,2,2,7,70,2,6545,6545,4,34,5,2,0,1,1,0
1228902,1,2020,2020,7,6,8,5,31,90,34609,0,1,1,-33.886645,151.236698,81,0,2,1,0,0,0,0,2,0,7,50,0,29,29,6,33,18,2,0,0,0,1
1228903,4,2020,2020,7,4,4,3371,17,18,3342,0,1,2,-30.834452,152.897612,47,1,0,1,0,0,0,3,2,0,7,100,2,4026,4026,8,10,40,1,0,2,0,0
1228907,2,2020,2020,7,5,9,169,1,92,94,0,1,9,-33.880993,150.973265,24,0,2,1,2,0,0,0,0,0,7,60,1,9859,9859,1,5,10,3,0,0,1,0
1228910,2,2020,2020,0,2,6,213,17,113,213,0,1,10,-29.460492,149.840172,51,2,1,1,0,0,0,3,2,0,0,50,2,6545,6545,4,34,13,2,0,0,1,0
1228912,4,2020,2020,3,1,6,7,27,290,34609,1,0,1,-33.860182,150.996064,21,0,2,1,1,0,0,0,2,0,7,50,0,4026,4026,8,5,40,1,0,1,0,0
1228914,2,2020,2020,3,2,9,26,27,40,18,0,1,1,-33.809441,151.204468,77,0,2,1,2,0,3,3,3,0,7,60,1,14295,14295,3,27,5,2,0,0,1,0
1228915,2,2020,2020,3,0,7,161,17,39,161,0,1,1,-35.307748,148.229436,66,2,1,1,0,0,0,0,2,0,7,60,2,1669,1669,3,0,0,2,0,0,1,0
1228921,4,2020,2020,7,5,9,12,23,237,34609,0,1,10,-33.877747,150.949997,24,0,2,1,0,0,0,0,2,0,0,40,0,6545,6545,4,0,5,2,0,1,0,0
1228924,1,2020,2020,7,0,5,20,10,55,91,0,1,7,-35.361551,149.209658,58,2,1,1,1,0,0,0,2,0,0,70,2,6545,6545,4,16,36,2,0,0,0,1
1228925,2,2020,2020,7,2,7,4,31,49,34609,0,1,4,-33.93332,151.157663,4,0,2,0,0,0,0,0,2,0,7,50,0,591,591,1,22,5,2,0,0,1,0
1228926,4,2020,2020,4,6,5,8,27,271,34609,0,1,7,-33.947411,151.009247,15,0,2,1,1,0,0,0,2,0,0,60,0,6545,6545,4,0,19,2,0,1,0,0
1228935,1,2020,2020,7,1,9,251,27,147,212,0,1,2,-33.758546,151.279995,50,0,2,1,1,0,0,0,3,0,7,60,2,1383,1383,1,16,5,2,0,0,0,1
1228936,2,2020,2020,0,6,3,192,31,316,120,0,1,10,-33.917065,151.24121,59,0,2,1,0,0,0,0,2,2,7,50,2,1391,1391,1,10,27,2,0,0,1,0
1228938,4,2020,2020,7,2,11,38,27,78,38,0,1,1,-33.386676,151.449242,16,2,2,1,2,0,0,0,0,0,7,70,1,3775,3775,0,5,5,2,0,1,1,0
1228944,4,2020,2020,3,2,5,110,27,29,173,0,1,1,-34.401742,150.881405,80,0,2,1,0,0,0,0,2,0,7,60,2,945,945,5,5,40,1,0,1,0,0
1228947,1,2020,2020,7,4,4,3371,17,92,3342,0,1,7,-33.403751,151.350449,16,2,2,1,2,0,3,4,2,0,0,60,2,1669,1669,3,9,0,2,0,0,0,1
1228948,4,2020,2020,7,6,5,158,27,68,207,0,1,9,-33.877495,151.243498,81,0,2,0,2,0,0,0,2,2,7,60,2,2040,2040,9,10,28,3,0,2,0,0
1228949,2,2020,2020,3,5,3,45,27,304,96,0,1,1,-33.909253,151.161396,32,0,2,1,1,0,0,0,2,0,7,60,2,5929,5929,1,9,41,2,0,0,1,0
1228950,2,2020,2020,4,0,8,51,27,16,63,0,1,10,-34.562422,150.836579,62,0,2,1,1,0,0,0,2,2,7,70,2,5929,5929,1,19,5,2,0,0,1,2
1228952,4,2020,2020,7,1,6,24,27,201,47,0,1,2,-34.006603,150.838425,13,0,2,0,1,0,0,0,2,0,7,60,1,14295,14295,3,16,10,2,0,1,0,0
1228954,4,2020,2020,7,1,6,8,31,105,34609,0,1,10,-32.720674,151.532889,42,2,1,1,1,0,0,0,2,0,0,50,0,6545,6545,4,16,5,2,0,1,0,0
1228955,1,2020,2020,7,1,4,8,31,35,34609,0,1,10,-31.07872,152.842377,34,2,1,1,1,0,0,0,2,2,7,50,0,2040,2040,9,5,28,2,0,0,0,1
1228960,4,2020,2020,4,5,4,175,27,609,220,0,1,2,-33.770846,150.911791,7,0,2,1,1,0,0,0,2,0,7,60,2,2040,2040,9,0,28,2,0,1,0,0
1228962,1,2020,2020,7,0,7,224,27,246,321,1,2,1,-33.919724,151.198215,69,0,2,1,1,0,0,0,2,0,7,40,2,186,186,9,22,28,2,0,0,0,1
1228965,2,2020,2020,7,5,7,112,27,151,256,0,1,9,-34.045392,150.829483,13,0,2,0,1,0,0,0,2,2,7,60,2,4552,985,8,5,40,3,0,0,1,0
1228967,2,2020,2020,3,6,7,2126,17,16,2149,0,1,2,-33.733788,150.485481,8,2,2,0,0,0,0,0,2,0,7,80,2,4552,5151,8,5,40,1,0,0,1,0
1228968,2,2020,2020,3,3,5,2126,17,17,2149,0,1,2,-33.713148,150.59353,8,2,2,0,0,0,3,4,2,0,7,80,2,1957,4009,8,10,40,1,0,0,1,0
1228969,4,2020,2020,0,2,7,8,27,8,33,0,1,9,-32.546594,151.264027,64,1,0,1,0,0,0,0,2,0,0,100,1,1957,777,8,5,40,1,0,1,0,0
1228970,1,2020,2020,0,2,8,2209,17,88,2205,0,1,2,-33.995313,151.11684,25,0,2,0,1,0,0,0,2,0,7,70,2,1850,1463,5,29,40,1,0,0,0,1
1228972,2,2020,2020,3,3,0,478,17,8,480,0,1,1,-33.223,151.535786,16,2,2,1,2,0,0,0,0,0,7,70,2,9859,9859,8,5,40,1,0,0,2,1
1228974,1,2020,2020,7,4,8,4,27,144,34609,0,1,1,-34.052912,151.011831,68,0,2,1,1,0,3,4,3,0,7,50,0,1945,1945,5,15,40,1,0,0,0,1
1228975,2,2020,2020,3,0,7,171,31,363,34609,0,1,10,-33.818371,151.000545,54,0,2,1,1,0,0,0,2,2,8,50,0,5929,5929,1,5,18,2,0,0,1,0
1228976,2,2020,2020,7,1,7,4,27,23,3,0,1,1,-34.910127,148.667708,82,2,1,1,0,0,0,0,2,0,7,80,1,1089,1089,7,16,40,1,0,0,1,0
1228977,4,2020,2020,3,1,4,171,1,80,104,0,1,10,-33.940619,151.215482,4,0,2,1,1,0,0,0,2,2,7,70,2,6545,6545,4,22,5,2,0,1,0,0
1228978,4,2020,2020,7,2,10,13,31,106,157,0,1,1,-28.877392,153.042923,60,2,1,1,2,0,3,4,0,0,7,50,2,2040,2040,9,21,28,2,0,1,0,0
1228980,1,2020,2020,4,0,6,44,31,12,34609,0,1,1,-33.801856,151.263272,50,0,2,1,0,0,0,0,2,0,7,50,0,9859,9859,1,5,0,2,0,0,0,1
1228982,2,2020,2020,7,6,3,24,27,19,8,0,1,9,-28.890586,153.285648,39,2,1,0,0,0,0,0,2,0,0,80,1,6545,6545,4,10,10,2,0,0,2,0
1228983,4,2020,2020,7,3,8,334,17,22,308,0,1,1,-31.325399,151.980125,51,1,0,0,0,0,3,4,2,0,7,100,2,1259,5151,8,5,40,1,0,1,0,0
1228986,1,2020,2020,3,4,7,9,1,215,34609,0,1,7,-35.120794,147.344628,75,2,1,1,0,0,0,0,2,0,0,50,0,6545,6545,4,5,19,2,0,0,0,1
1228987,2,2020,2020,7,5,11,150,27,173,415,0,1,10,-33.785036,151.128452,61,0,2,1,1,0,3,4,0,3,7,70,2,1945,1945,5,16,40,1,0,0,1,0
1228988,2,2020,2020,7,5,8,230,27,47,284,0,1,2,-33.805021,151.14882,38,0,2,1,1,0,3,4,2,0,7,70,2,1109,397,1,0,19,2,0,0,1,0
1228990,1,2020,2020,3,4,7,27,31,80,34609,0,1,1,-33.881513,151.172332,32,0,2,1,1,0,0,0,2,0,7,50,0,9859,9859,1,22,5,2,0,0,0,1
1228992,1,2020,2020,3,6,7,119,31,73,207,0,1,10,-33.874393,151.217212,69,0,2,1,1,0,0,0,2,2,7,50,2,591,591,1,22,0,2,0,0,0,1
1228994,4,2020,2020,3,1,8,15,23,646,34609,0,1,9,-33.919296,151.034973,15,0,2,1,1,0,0,0,2,2,9,40,0,2040,2040,9,5,28,2,0,1,0,0
1228997,2,2020,2020,7,1,9,13,31,106,157,0,1,9,-28.874485,153.043529,60,2,1,1,2,0,0,3,0,0,7,50,2,323,323,1,16,0,2,0,0,1,0
1228998,2,2020,2020,7,1,3,55,27,64,117,0,1,9,-32.943335,151.687218,48,0,2,1,1,0,0,0,2,0,0,70,2,1945,1945,5,16,40,1,0,0,1,0
1229002,2,2020,2020,3,3,3,265,17,7,193,0,1,1,-34.405426,148.257624,30,1,0,0,0,0,3,4,2,0,7,100,2,1259,5151,8,10,40,1,0,0,1,0
1229004,2,2020,2020,7,0,5,92,27,21,36,1,0,9,-35.729022,150.195923,23,2,1,1,1,0,3,3,2,1,7,60,1,1957,777,8,16,40,1,0,0,1,0
1229009,1,2020,2020,7,0,6,168,17,19,212,0,1,1,-35.547272,149.955728,23,2,1,0,0,0,3,4,2,0,7,70,2,4552,5151,8,16,40,1,0,0,0,1
1229011,4,2020,2020,7,1,5,117,1,210,121,0,1,1,-34.040859,151.106339,68,0,2,1,3,0,0,0,2,0,7,60,1,1669,1669,3,5,5,2,0,1,1,0
1229012,2,2020,2020,7,5,6,3371,17,104,3342,0,1,9,-32.847718,151.694878,48,0,2,1,3,0,3,4,2,2,7,80,2,14295,14295,3,5,10,2,0,0,1,0
1229014,4,2020,2020,7,6,6,14,27,91,44,0,1,10,-33.989471,150.882629,13,0,2,1,1,0,3,4,2,3,7,60,1,5929,5929,1,0,5,2,0,1,0,0
1229017,2,2020,2020,7,5,4,2,31,65,34609,0,1,9,-33.802791,150.954165,21,0,2,1,1,0,0,3,2,0,7,50,0,926,926,4,5,19,2,0,0,1,0
1229019,4,2020,2020,7,0,4,1,27,37,34609,0,1,1,-31.025,151.558509,51,1,0,0,0,0,0,0,2,0,7,100,0,1957,4009,8,0,40,1,0,1,0,0
1229023,2,2020,2020,3,2,9,6,31,207,34609,0,1,10,-31.963036,141.457812,51,2,1,1,0,0,0,0,2,0,0,50,0,591,591,1,22,0,2,0,0,1,0
1229024,2,2020,2020,3,5,3,3371,17,7,3342,0,1,2,-31.388025,152.808899,56,1,0,1,0,0,0,3,2,0,7,110,2,4026,4026,8,0,40,1,0,0,1,0
1229025,2,2020,2020,7,1,10,72,27,278,56,0,1,1,-33.783353,151.057949,54,0,2,0,2,0,0,6,0,0,7,60,2,3775,3775,0,5,5,2,0,0,1,0
1229027,2,2020,2020,7,3,6,7,27,6,34609,0,1,1,-34.760822,150.66374,63,2,1,0,0,0,0,0,2,0,7,60,0,1850,1463,5,16,40,1,0,0,1,0
1229029,2,2020,2020,7,5,8,2261,17,35,2252,0,1,2,-34.991774,148.114948,20,1,0,0,0,0,0,0,2,0,7,110,2,14295,14295,3,8,13,2,0,0,1,0
1229030,1,2020,2020,7,5,4,10,10,40,34609,0,1,1,-33.730701,150.958262,71,0,2,1,0,0,0,0,2,0,7,50,0,14295,14295,3,30,25,3,0,0,0,1
1229036,4,2020,2020,3,2,1,7,27,29,147,0,1,1,-28.808552,153.602719,2,2,1,0,0,0,3,3,0,0,7,80,1,1259,5151,8,5,40,1,0,1,0,0
1229040,2,2020,2020,7,2,5,22,31,165,78,0,1,10,-33.8498,151.152031,14,0,2,1,1,0,0,0,2,0,15,50,2,6545,6545,4,5,36,2,0,0,1,2
1229048,4,2020,2020,7,6,8,38,27,154,35,0,1,7,-33.709442,150.973818,71,0,2,1,1,0,0,0,2,0,0,60,1,1945,1945,5,15,40,2,0,1,0,0
1229050,4,2020,2020,7,0,4,1,7,463,34609,0,1,9,-30.308126,153.109842,19,2,1,1,0,0,0,0,2,0,7,50,0,5929,5929,1,5,5,2,0,1,0,0
1229057,1,2020,2020,7,5,2,20,31,149,260,0,1,9,-33.991399,151.138869,4,0,2,1,2,0,0,0,0,0,7,60,2,5929,5929,1,5,27,2,0,0,0,1
1229059,2,2020,2020,3,3,6,26,31,204,11,0,1,10,-33.890519,151.125478,32,0,2,1,1,0,0,0,2,2,8,50,1,1383,1383,1,5,5,2,0,0,1,0
1229061,2,2020,2020,0,6,2,6,31,18,34609,0,1,1,-33.822561,151.099844,61,0,2,1,2,0,0,0,1,0,7,50,0,9859,9859,1,16,5,2,0,0,1,0
1229063,4,2020,2020,7,2,5,125,27,55,123,0,1,2,-33.368051,151.46761,16,2,2,1,1,0,0,0,2,0,7,60,2,1945,1945,5,16,40,1,0,1,0,0
1229069,4,2020,2020,3,2,6,117,27,73,702,0,1,9,-33.833953,151.08893,14,0,2,0,1,0,3,4,2,2,7,70,2,14295,14295,3,5,5,2,0,1,0,0
1229070,2,2020,2020,7,1,4,10,31,433,34609,0,1,1,-33.283596,149.108332,52,2,1,1,1,0,0,0,2,0,7,50,0,515,515,1,5,19,2,0,0,1,0
1229071,4,2020,2020,3,3,5,2126,17,40,2149,0,1,9,-33.696954,150.534267,8,2,2,1,0,0,0,0,2,0,0,60,2,1109,397,1,0,19,2,0,1,0,0
1229079,4,2020,2020,3,2,8,220,27,46,222,0,1,9,-33.785609,150.972067,54,0,2,1,1,0,0,0,2,2,7,80,2,14295,14295,3,21,13,4,0,1,2,0
1229083,4,2020,2020,4,4,5,59,10,89,34609,0,1,10,-33.904124,151.235844,59,0,2,0,1,0,0,0,2,0,15,30,0,1850,1463,5,22,40,1,0,1,0,0
1229084,2,2020,2020,0,1,6,30,31,169,3,0,1,1,-33.599634,150.752866,29,2,2,1,3,0,0,0,2,2,9,60,1,14295,14295,3,29,5,2,0,0,1,0
1229089,2,2020,2020,7,6,10,103,36,7,157,0,1,1,-29.172401,152.990856,60,1,0,1,3,0,0,0,0,0,7,100,2,1089,1089,7,10,40,1,0,0,1,0
1229094,1,2020,2020,7,1,4,133,31,133,97,0,1,9,-33.916382,151.007767,15,0,2,1,3,0,0,0,2,0,15,60,1,2852,2852,4,0,5,2,0,0,0,1
1229097,2,2020,2020,0,5,5,168,10,387,260,0,1,9,-33.946602,151.169119,4,0,2,0,3,0,0,0,2,0,7,70,2,84,84,6,5,5,2,0,0,1,0
1229102,1,2020,2020,3,4,10,59,27,271,42,0,1,9,-33.951958,151.017227,15,0,2,1,3,0,3,4,0,2,7,60,1,926,926,4,5,5,2,0,0,0,1
1229104,2,2020,2020,7,3,6,147,27,55,34609,0,1,1,-33.885366,151.284034,76,0,2,0,3,0,0,0,2,0,7,50,0,1850,1463,5,16,40,1,0,0,1,0
1229105,2,2020,2020,7,0,7,344,27,89,382,0,1,9,-33.658847,150.795814,29,2,2,1,3,0,0,0,2,0,15,80,2,926,926,4,30,5,2,0,0,1,0
1229115,1,2020,2020,7,1,4,334,17,98,308,0,1,1,-30.97891,150.238807,51,2,1,1,3,0,0,0,2,0,7,50,2,1669,1669,3,0,0,2,0,0,0,1
1229116,2,2020,2020,0,6,3,196,10,33,168,0,1,9,-33.965519,151.037567,15,0,2,1,3,0,0,0,2,0,3,70,2,29,29,6,19,27,2,0,0,1,0
1229120,2,2020,2020,7,6,2,178,27,115,101,0,1,7,-33.957962,151.051208,25,0,2,1,3,0,3,4,0,0,0,50,1,6545,6545,4,0,0,2,0,0,1,0
1229121,1,2020,2020,7,0,4,475,31,162,240,0,1,10,-33.845601,150.900101,24,0,2,1,3,0,0,0,2,2,7,60,2,1391,1391,1,8,5,2,0,0,0,1
1229124,1,2020,2020,0,2,6,11,3,22,122,0,1,2,-34.49985,150.888095,80,0,2,0,3,0,0,0,2,0,7,70,2,1957,4009,8,10,40,1,0,0,0,1
1229125,4,2020,2020,7,0,6,191,17,6,189,0,1,1,-32.26168,150.490838,73,1,0,1,3,0,0,0,2,0,7,100,2,14295,14295,3,5,13,2,0,1,0,0
1229136,1,2020,2020,7,0,10,89,31,133,34609,0,1,7,-33.92347,151.021652,15,0,2,1,3,0,0,0,0,0,0,50,0,6545,6545,4,10,5,2,0,0,0,2
1229138,2,2020,2020,7,3,6,45,31,179,34609,0,1,7,-31.909698,152.459153,43,2,1,1,0,0,0,0,2,0,0,50,0,5929,5929,1,0,19,2,0,0,1,0
1229140,4,2020,2020,7,5,8,2261,17,44,2252,0,1,2,-35.227537,147.787085,75,1,0,0,0,0,0,0,2,0,7,110,2,418,714,5,21,40,1,0,1,0,1
1229145,2,2020,2020,0,5,3,30,10,27,30,0,1,1,-33.137476,151.198691,17,1,0,0,0,0,3,3,2,0,7,100,1,1957,4009,8,5,40,1,0,0,1,0
1229147,1,2020,2020,7,5,4,171,1,80,104,0,1,9,-33.942261,151.217021,4,0,2,1,3,0,3,4,2,0,7,70,2,2852,2852,4,5,0,2,0,0,0,1
1229148,2,2020,2020,7,1,4,43,27,4,118,0,1,1,-30.799874,150.74849,70,1,0,0,3,0,3,4,2,0,7,100,2,1957,4009,8,5,40,1,0,0,1,0
1229152,4,2020,2020,7,6,8,45,27,134,40,0,1,9,-33.670394,150.878584,7,0,2,1,1,0,0,0,2,0,7,80,2,1669,1669,3,16,36,2,0,1,0,0
1229156,1,2020,2020,3,5,6,79,31,149,18,1,0,10,-33.861698,151.171316,32,0,2,1,2,0,0,0,2,0,9,40,1,2040,2040,9,33,28,2,0,0,0,1
1229160,2,2020,2020,3,6,8,829,27,363,770,0,1,10,-33.808844,151.020932,54,0,2,1,0,0,2,2,2,0,0,60,2,6545,6545,4,5,0,2,0,0,2,0
1229162,1,2020,2020,7,6,4,171,1,80,104,0,1,10,-33.940619,151.215482,4,0,2,1,2,0,0,0,2,2,7,70,2,14295,14295,3,5,5,3,0,0,0,1
1229164,4,2020,2020,3,2,5,147,27,290,34609,0,1,1,-33.853317,150.984899,21,0,2,1,0,0,3,4,2,0,7,50,0,9859,9859,1,10,5,4,0,1,0,1
1229165,4,2020,2020,4,4,8,133,31,90,56,0,1,1,-33.886555,151.239567,81,0,2,1,0,0,0,0,2,0,7,50,1,14295,14295,3,5,36,2,0,1,1,1
1229174,2,2020,2020,7,0,8,37,1,35,212,0,1,2,-35.352518,149.21298,58,2,1,1,0,0,0,0,2,0,7,60,2,14295,14295,3,16,41,2,0,0,1,0
1229178,2,2020,2020,4,2,8,2209,17,144,2205,0,1,10,-34.07941,151.0108,68,0,2,1,1,0,0,0,2,2,7,70,2,1192,1192,1,5,13,3,0,0,1,1
1229180,2,2020,2020,0,6,6,39,31,290,34609,0,1,7,-33.856323,150.999969,21,0,2,1,3,0,0,0,2,0,7,50,0,301,301,4,0,5,2,0,0,1,0
1229183,2,2020,2020,7,0,3,15,31,169,147,0,1,7,-28.642178,153.612487,10,2,1,1,3,0,0,3,1,0,0,50,1,5929,5929,1,22,5,2,0,0,1,0
1229184,4,2020,2020,3,6,4,61,27,53,208,0,1,1,-33.850786,150.96096,21,0,2,1,3,0,0,0,2,0,7,60,1,1945,1945,5,15,40,1,0,1,0,0
1229186,1,2020,2020,7,5,6,40,27,609,24,1,0,1,-33.772583,150.897277,7,0,2,1,3,0,0,0,2,0,7,60,1,1981,1981,4,5,5,2,0,0,0,1
1229190,2,2020,2020,3,4,1,109,27,247,106,0,1,1,-33.829328,150.946088,21,0,2,1,3,0,0,0,0,0,7,60,1,9859,9859,8,9,40,1,0,0,1,0
1229192,2,2020,2020,7,6,6,2,7,81,34609,0,1,1,-33.886366,151.264137,81,0,2,1,0,0,0,0,2,0,7,50,0,1282,1282,1,15,40,2,0,0,1,0
1229197,2,2020,2020,7,2,7,3371,17,108,3342,0,1,2,-33.812513,151.175639,77,0,2,0,1,0,0,0,2,2,9,60,2,591,591,1,22,5,2,0,0,1,0
1229199,1,2020,2020,7,1,8,2261,17,75,2252,0,1,9,-33.887078,151.113579,32,0,2,1,0,0,0,0,2,0,0,60,2,1282,1282,1,5,5,2,0,0,0,1
1229201,2,2020,2020,0,2,8,3,27,61,34609,0,1,10,-33.839526,150.650599,55,0,2,1,1,0,0,0,2,0,0,50,0,6545,6545,4,0,0,2,0,0,1,0
1229204,2,2020,2020,3,5,7,81,27,609,115,0,1,10,-33.776722,150.901586,7,0,2,1,1,0,0,0,2,2,7,60,2,14295,14295,3,10,0,2,0,0,1,1
1229205,1,2020,2020,0,2,8,230,27,47,284,0,1,9,-33.806338,151.153301,38,0,2,1,3,0,0,0,2,2,7,80,2,14295,14295,3,5,5,2,0,0,0,2
1229206,2,2020,2020,7,0,10,82,31,370,49,0,1,10,-34.074474,150.826408,13,0,2,1,3,0,3,0,0,2,7,60,1,5929,5929,1,0,36,2,0,0,1,0
1229207,4,2020,2020,7,1,7,11,27,71,34609,0,1,1,-33.970146,151.07976,25,0,2,1,1,0,0,0,2,0,7,40,0,2040,2040,9,5,28,2,0,1,0,0
1229209,1,2020,2020,4,4,3,113,27,104,111,0,1,9,-33.803541,150.769411,55,0,2,1,0,0,3,4,2,0,0,80,2,2852,2852,4,5,36,3,0,0,0,1