Crash ID,Degree of crash - detailed,Reporting year,Year of crash,Month of crash,Day of week of crash,Two-hour intervals,Street of crash,Street type,Town,Route no.,School zone location,School zone active,Type of location,Latitude,Longitude,LGA,Urbanisation,Conurbation 1,Alignment,Street lighting,Road surface,Surface condition,Weather,Natural lighting,Signals operation,Other traffic control,Speed limit,Road classification,RUM - code,DCA - code,First impact type,Key TU type,Other TU type,No. of traffic units involved,No. killed,No. seriously injured,No. moderately injured,No. minor-other injured
1229213,2,2020,2020,0,4,6,1104,14,283,962,0,1,3,-33.82812,151.016014,54,0,2,1,3,0,0,0,2,0,7,90,2,1383,1383,1,5,13,2,0,0,2,0
1229216,2,2020,2020,7,0,1,72,27,82,102,0,1,1,-33.79387,151.26108,50,0,2,1,2,0,0,0,0,0,7,60,2,9859,9859,8,9,40,1,0,0,1,0
1229218,4,2020,2020,3,4,8,5,27,5,34609,0,1,1,-28.560767,153.467737,10,1,0,0,1,0,0,3,2,0,7,100,0,3775,3775,0,0,5,2,0,1,1,0
1229223,2,2020,2020,4,0,9,2126,17,65,2149,0,1,2,-33.537037,150.16066,40,2,1,0,0,0,3,4,2,0,7,80,2,782,957,5,0,40,1,0,0,1,0
1229224,4,2020,2020,4,2,2,1,31,37,34609,0,1,9,-32.672898,151.388543,17,2,1,0,2,0,0,0,0,0,7,50,0,2585,4009,8,10,40,2,0,1,1,0
1229225,4,2020,2020,4,0,7,232,36,134,331,0,1,10,-33.968874,150.814395,12,0,2,1,1,0,3,4,2,2,8,80,2,6545,6545,4,0,10,2,0,1,0,0
1229226,2,2020,2020,4,4,5,77,31,445,563,0,1,9,-33.869285,151.042523,21,0,2,0,1,0,0,0,2,2,7,70,2,5929,5929,1,5,22,2,0,0,1,0
1229242,4,2020,2020,4,4,4,5,31,29,34609,1,2,2,-31.086268,150.935201,70,2,1,1,3,0,0,0,2,0,7,40,0,4026,4026,8,5,40,1,0,1,0,0
1229244,4,2020,2020,4,6,9,21,31,252,59,0,1,10,-33.884645,151.211321,69,0,2,1,0,0,0,0,2,0,7,50,1,1981,1981,4,5,19,2,0,1,0,0
1229245,4,2020,2020,4,5,9,222,27,71,165,0,1,1,-33.967587,151.071354,25,0,2,1,1,0,0,0,2,0,7,50,1,9859,9859,1,5,5,2,0,1,0,0
1229246,2,2020,2020,3,0,10,48,31,33,45,0,1,10,-33.419033,151.343475,16,2,2,1,3,0,0,0,0,2,7,60,1,5929,5929,1,5,5,2,0,0,1,0
1229247,4,2020,2020,4,4,7,89,36,123,81,0,1,1,-33.919617,148.670846,51,1,0,0,0,0,0,0,2,0,7,100,2,1850,1463,5,0,40,1,0,2,0,0
1229248,4,2020,2020,3,3,4,63,31,252,34609,0,1,1,-33.886638,151.213757,69,0,2,1,1,0,0,0,2,0,7,40,0,387,387,1,22,36,2,0,1,0,0
1229249,2,2020,2020,3,5,5,478,17,50,480,0,1,9,-33.234689,151.556134,16,2,2,1,1,0,0,0,2,0,7,50,2,5929,5929,1,5,19,2,0,0,1,0
1229251,2,2020,2020,3,3,10,12,31,98,8,0,1,1,-30.982562,150.264698,51,2,1,1,2,0,3,2,0,0,7,50,1,9859,9859,8,10,40,1,0,0,1,0
1229252,4,2020,2020,4,6,3,19,31,161,96,0,1,9,-33.882807,151.147628,32,0,2,1,1,0,0,0,2,0,7,50,2,2852,2852,4,10,19,2,0,1,0,0
1229253,1,2020,2020,3,0,11,93,10,25,42,0,1,1,-32.94262,151.764727,48,0,2,1,2,0,3,4,0,0,7,50,1,9859,9859,1,9,13,2,0,0,0,1
1229255,2,2020,2020,4,4,9,2,7,46,34609,0,1,1,-35.182817,147.371693,75,2,1,0,1,0,0,0,3,0,7,50,0,2585,4009,8,10,40,1,0,0,1,0
1229256,2,2020,2020,4,5,0,2,31,44,34609,0,1,9,-33.945995,151.13977,4,0,2,1,2,0,3,4,0,0,7,50,0,9859,9859,8,5,40,1,0,0,1,0
1229257,4,2020,2020,3,5,8,8,27,38,34609,0,1,9,-33.947405,151.070714,15,0,2,1,1,0,0,0,2,2,9,50,0,1220,1220,9,5,28,2,0,1,0,0
1229258,4,2020,2020,4,5,6,58,27,81,34609,0,1,1,-33.881968,151.250799,81,0,2,0,1,0,0,0,2,0,7,50,0,1850,1463,5,15,40,2,0,1,0,0
1229259,4,2020,2020,4,6,9,52,27,67,34609,0,1,1,-33.885519,151.011608,15,0,2,1,2,0,0,0,2,0,9,50,0,1220,1220,9,5,28,2,0,1,0,0
1229260,2,2020,2020,4,4,7,154,27,293,244,0,1,1,-33.927469,151.049513,15,0,2,1,1,0,0,0,2,0,7,60,2,3775,3775,0,5,12,2,0,0,1,0
1229262,4,2020,2020,4,5,10,500,27,106,799,0,1,10,-33.922206,151.094878,15,0,2,1,2,0,0,0,0,2,7,60,2,5929,5929,1,5,36,2,0,1,3,0
1229263,4,2020,2020,4,4,8,12,27,1,34609,0,1,1,-29.573627,153.320417,18,1,0,0,0,0,0,0,2,0,7,100,0,1259,5151,8,34,40,1,0,1,0,0
1229265,4,2020,2020,7,0,9,6,23,198,34609,0,1,1,-33.918909,151.098917,15,0,2,1,2,0,0,0,0,0,7,50,0,1220,1220,9,5,28,2,0,1,0,0
1229267,1,2020,2020,4,4,7,72,31,176,62,0,1,1,-33.957858,151.146668,4,0,2,1,0,0,0,0,2,0,7,60,1,14295,14295,3,34,5,2,0,0,0,1
1229270,1,2020,2020,3,2,4,57,31,36,143,0,1,9,-34.461123,149.473884,74,2,1,1,0,0,3,4,2,0,0,50,2,78,78,8,5,40,1,0,0,0,2
1229271,2,2020,2020,3,3,9,3371,17,32,3342,0,1,7,-31.941574,152.476191,43,2,1,0,0,0,3,4,2,0,7,70,2,4552,985,8,5,40,1,0,0,1,2
1229273,1,2020,2020,3,3,9,478,17,20,480,0,1,9,-33.291924,151.548246,16,2,2,1,0,0,3,4,3,0,7,80,2,1282,1282,1,30,0,2,0,0,0,1
1229274,4,2020,2020,4,4,9,145,31,532,34609,0,1,10,-33.863493,151.210359,69,0,2,1,2,0,0,0,3,2,7,40,0,5929,5929,1,0,19,2,0,1,0,0
1229275,2,2020,2020,4,6,8,2209,17,166,2205,0,1,9,-33.894074,151.182813,69,0,2,1,0,0,0,3,2,0,7,50,2,2852,2852,4,5,19,2,0,0,1,0
1229277,2,2020,2020,7,2,6,478,17,69,480,0,1,9,-33.365051,151.476974,16,2,2,1,1,0,3,4,2,1,15,50,2,1850,777,5,16,40,1,0,0,1,0
1229278,2,2020,2020,7,4,3,2209,17,55,2205,0,1,2,-35.737562,150.163602,23,1,0,0,0,0,3,4,2,0,7,90,2,782,957,5,30,40,1,0,0,1,0
1229281,4,2020,2020,7,2,6,15,31,41,34609,0,1,7,-31.089437,150.916136,70,2,1,1,3,0,0,0,2,0,0,50,0,6545,6545,4,5,5,2,0,1,0,0
1229282,1,2020,2020,3,2,1,475,31,174,41,0,1,10,-33.893242,151.207298,69,0,2,1,2,0,3,4,0,2,7,50,1,1945,1945,5,22,40,1,0,0,0,1
1229284,2,2020,2020,3,2,5,60,10,117,84,0,1,2,-28.183042,153.537596,72,2,1,1,1,0,0,0,2,0,7,60,1,1282,1282,1,5,27,2,0,0,1,0
1229288,4,2020,2020,4,1,4,71,36,9,61,0,1,1,-34.925527,145.844064,51,1,0,1,0,0,0,0,2,0,7,100,2,475,475,5,0,40,1,0,2,0,0
1229291,2,2020,2020,3,2,7,109,36,21,108,0,1,2,-28.272543,153.471982,72,2,1,0,0,0,3,3,2,0,7,80,2,14295,14295,3,8,25,2,0,0,1,0
1229294,4,2020,2020,7,3,7,6,27,8,34609,0,1,1,-35.292894,148.05316,66,1,0,0,0,0,0,0,2,0,7,100,0,2585,4009,8,16,40,1,0,1,0,0
1229295,1,2020,2020,7,2,9,13,27,135,34609,0,1,1,-35.193112,149.789579,58,2,1,0,0,2,0,0,2,0,7,80,0,4552,5151,8,16,40,1,0,0,0,1
1229298,4,2020,2020,3,4,3,11,10,29,52,0,1,9,-34.124355,150.558197,79,1,2,0,0,0,3,4,2,0,7,100,1,4552,5151,8,5,40,1,0,1,0,0
1229299,4,2020,2020,7,0,9,3,31,149,34609,0,1,9,-34.003087,151.132031,4,0,2,1,1,0,0,0,2,0,7,50,0,4552,985,8,0,40,1,0,1,0,0
1229302,4,2020,2020,7,0,4,9,27,5,9,0,1,1,-29.563617,151.669096,51,1,0,0,0,0,3,4,2,0,7,100,1,1850,1463,5,0,40,1,0,1,0,0
1229304,4,2020,2020,7,2,5,16,27,182,174,1,0,10,-32.84084,151.362454,17,2,1,1,0,0,0,0,2,0,15,60,2,623,623,3,0,13,2,0,1,0,0
1229305,2,2020,2020,7,5,9,4,31,40,34609,0,1,1,-34.227069,150.597499,79,2,2,1,0,0,0,0,2,0,7,50,0,4026,4026,8,5,40,1,0,0,1,0
1229307,4,2020,2020,4,4,6,4,31,72,34609,0,1,1,-33.827837,151.229642,49,0,2,1,1,0,0,3,2,0,7,40,0,2040,2040,9,5,28,2,0,1,0,0
1229309,1,2020,2020,7,4,10,133,27,316,34609,0,1,2,-31.448858,152.879908,56,2,1,0,3,0,3,3,0,0,7,50,0,4552,5151,8,0,40,1,0,0,0,1
1229311,2,2020,2020,7,6,8,512,17,3,441,0,1,1,-31.042106,146.726138,51,1,0,1,0,0,0,3,2,0,7,110,2,945,945,5,5,40,1,0,0,2,0
1229314,2,2020,2020,7,4,6,133,31,91,34609,0,1,1,-32.973418,151.643754,37,0,2,1,0,0,3,4,2,0,7,40,0,4026,4026,1,0,5,3,0,0,1,1
1229316,2,2020,2020,3,0,4,829,31,60,34609,0,1,1,-33.756694,150.747397,55,0,2,0,1,0,0,0,2,0,7,50,0,3775,3775,0,5,0,2,0,0,3,0
1229317,4,2020,2020,7,1,3,42,31,127,96,0,1,9,-33.895463,151.15177,32,0,2,1,0,0,0,0,2,0,7,60,2,5929,5929,1,10,19,2,0,1,0,0
1229319,2,2020,2020,7,5,9,265,17,17,193,0,1,1,-35.69381,147.032183,27,1,0,1,3,0,0,0,2,0,7,100,2,4026,4026,8,10,40,1,0,0,1,0
1229321,4,2020,2020,3,5,5,53,27,134,51,0,1,9,-33.515129,151.31778,16,2,2,1,1,0,0,0,2,0,0,60,1,6545,6545,4,5,12,2,0,1,0,0
1229322,4,2020,2020,7,6,0,57,27,6,26,0,1,1,-35.228546,149.658765,58,1,0,0,0,0,0,0,0,0,7,100,2,782,957,5,5,40,1,0,1,0,0
1229323,4,2020,2020,3,0,10,128,27,25,133,0,1,1,-33.860836,150.643198,55,0,2,0,0,0,0,0,0,0,7,60,2,3775,3775,0,5,12,2,0,1,0,0
1229327,4,2020,2020,7,6,10,3,31,155,34609,0,1,1,-33.138891,148.17399,53,2,1,1,2,0,0,0,0,0,7,40,0,368,368,9,0,28,2,0,1,0,0
1229328,2,2020,2020,7,5,9,5,1,34,45,0,1,1,-35.091747,150.634769,63,2,1,1,1,0,0,3,2,0,7,50,1,14295,14295,3,5,5,2,0,0,1,0
1229330,4,2020,2020,3,1,8,1,31,57,34609,0,1,10,-32.818842,151.48638,17,2,1,1,0,0,0,0,2,0,0,50,0,6545,6545,4,5,19,2,0,1,0,0
1229331,2,2020,2020,7,4,8,10,31,41,34609,0,1,2,-31.088502,150.918783,70,2,1,1,0,0,3,4,2,0,8,50,0,9859,9859,8,5,40,1,0,0,1,0
1229336,2,2020,2020,3,1,8,478,17,22,480,0,1,1,-33.337552,151.500379,16,2,2,1,1,0,0,0,2,0,7,50,2,9859,9859,8,30,40,1,0,0,1,0
1229339,1,2020,2020,3,3,11,52,27,188,53,0,1,10,-33.939954,151.100928,25,0,2,1,3,0,3,3,0,2,7,50,1,14295,14295,3,5,0,3,0,0,0,1
1229340,2,2020,2020,7,5,8,2,1,50,34609,0,1,1,-34.350425,150.914153,80,0,2,0,0,0,0,0,2,0,7,50,0,186,186,9,5,28,2,0,0,2,0
1229343,2,2020,2020,7,2,2,37,27,62,34609,0,1,2,-34.086684,150.821663,13,0,2,0,2,0,0,0,0,0,7,60,0,4552,5151,1,10,5,2,0,0,1,0
1229345,2,2020,2020,7,2,11,46,36,11,46,0,1,1,-32.915994,149.100226,22,1,0,0,0,0,3,0,0,0,7,100,1,4552,5151,8,0,40,1,0,0,1,0
1229346,4,2020,2020,7,4,8,2,18,1,34609,0,1,1,-33.597011,149.62273,3,2,1,1,0,2,0,0,2,0,7,60,0,4026,4026,8,33,40,1,0,1,0,0
1229347,4,2020,2020,3,4,7,6,27,10,34609,0,1,1,-31.38047,152.758308,56,2,1,0,0,0,0,0,2,0,7,80,0,1259,5151,8,9,40,1,0,1,0,0
1229348,2,2020,2020,3,4,0,2209,17,82,2205,0,1,10,-34.367145,150.903694,80,0,2,1,2,0,0,0,0,2,9,80,2,2585,777,8,0,40,1,0,0,1,0
1229349,4,2020,2020,3,0,9,10,1,89,34609,0,1,1,-33.381372,151.463651,16,2,2,1,2,0,0,0,0,0,7,50,0,3775,3775,0,16,19,2,0,4,0,0
1229352,2,2020,2020,7,2,9,191,17,25,189,0,1,1,-32.388586,150.696668,46,2,1,0,2,0,0,0,0,0,7,80,2,3775,3775,0,5,5,2,0,0,1,0
1229353,2,2020,2020,3,2,8,67,27,10,34609,0,1,1,-35.238246,145.667886,51,1,0,0,0,0,0,0,2,0,7,100,0,418,714,5,10,40,1,0,0,1,0
1229354,4,2020,2020,7,2,10,82,27,14,103,0,1,1,-28.358021,153.35872,72,1,0,0,0,0,3,3,0,0,7,100,2,3775,3775,0,5,13,2,0,1,1,1
1229358,2,2020,2020,3,5,0,15,27,134,34609,0,1,1,-33.960447,150.8027,12,0,2,1,0,0,0,0,0,0,7,80,0,83,83,5,16,40,1,0,0,1,0
1229361,2,2020,2020,7,4,10,60,27,174,44,0,1,9,-33.867607,150.914795,24,0,2,1,0,0,0,0,0,0,7,50,1,6545,6545,4,5,5,4,0,0,1,0
1229364,4,2020,2020,4,5,2,32,27,72,563,0,1,1,-33.999632,151.023309,68,0,2,0,1,0,0,0,1,0,7,80,2,14295,14295,3,5,22,2,0,1,2,0
1229365,1,2020,2020,3,6,3,3,1,145,34609,0,1,7,-33.922482,151.12877,15,0,2,1,1,0,0,0,2,0,0,50,0,6545,6545,4,0,27,2,0,0,0,1
1229368,1,2020,2020,4,6,4,829,27,130,770,0,1,2,-33.86932,151.186555,69,0,2,1,1,0,0,0,2,0,7,60,2,14295,14295,3,0,0,3,0,0,0,1
1229371,4,2020,2020,7,2,7,10,1,337,35,0,1,7,-33.726752,150.977579,71,0,2,1,0,0,0,0,2,0,0,50,1,1945,1945,5,5,40,1,0,1,0,0
1229372,4,2020,2020,3,3,5,53,31,67,125,0,1,9,-33.895103,151.004547,15,0,2,1,1,0,0,0,2,0,0,60,1,2852,2852,4,0,5,2,0,1,0,0
1229373,2,2020,2020,7,4,5,3371,17,37,3342,0,1,9,-33.011381,151.678186,37,0,2,0,1,2,3,0,2,0,0,80,2,775,775,4,5,0,2,0,0,1,0
1229380,1,2020,2020,0,6,8,92,27,129,244,0,1,2,-33.899641,151.090342,9,0,2,1,3,0,0,0,2,0,0,60,2,14295,14295,3,10,36,2,0,0,0,2
1229381,1,2020,2020,0,4,2,117,27,78,144,0,1,9,-33.862938,151.093651,14,0,2,1,3,0,0,0,0,2,7,60,2,1282,1282,1,9,5,2,0,0,0,1
1229385,2,2020,2020,0,4,10,1104,14,94,962,0,1,3,-33.790775,150.805433,55,0,2,0,2,0,0,3,0,0,7,100,2,1383,1383,1,5,2,2,0,0,1,0
1229387,1,2020,2020,0,1,6,11,27,71,34609,0,1,1,-33.969373,151.079074,25,0,2,1,3,0,0,0,2,0,7,40,0,14295,14295,3,15,5,2,0,0,0,1
1229389,2,2020,2020,0,4,5,145,31,112,39,0,1,1,-33.603791,150.82254,29,2,2,1,3,0,0,3,2,0,14,60,2,14295,14295,3,10,36,3,0,0,1,0
1229390,1,2020,2020,7,0,10,500,27,198,799,0,1,1,-33.917072,151.107209,15,0,2,1,3,0,0,0,0,0,7,60,2,1383,1383,1,5,5,2,0,0,0,1
1229399,2,2020,2020,7,5,3,85,31,316,7,0,1,9,-33.909203,151.23962,59,0,2,1,2,0,3,4,1,0,15,50,1,1669,1669,3,10,27,2,0,0,1,0
1229400,2,2020,2020,0,4,8,296,27,283,293,0,1,9,-33.828865,151.004454,21,0,2,1,1,0,0,0,3,2,7,60,2,5929,5929,1,5,5,3,0,0,1,0
1229401,4,2020,2020,3,1,8,192,31,284,34609,0,1,1,-33.905007,151.030642,15,0,2,1,1,0,0,0,2,0,7,50,0,4026,4026,1,5,5,2,0,1,1,0
1229406,4,2020,2020,3,5,7,1052,14,160,928,0,1,3,-33.123506,151.468565,37,0,2,1,3,1,2,6,2,0,7,110,2,945,945,5,21,40,1,0,1,0,0
1229408,4,2020,2020,7,5,9,133,31,133,97,0,1,7,-33.916443,151.005569,15,0,2,1,2,0,0,0,0,0,0,60,1,2852,2852,4,10,5,2,0,1,1,0
1229412,2,2020,2020,7,0,7,147,27,290,34609,0,1,1,-33.854085,150.984333,21,0,2,1,0,0,0,0,2,0,9,50,0,1109,397,1,0,27,2,0,0,1,0
1229413,2,2020,2020,3,4,6,2,27,2,34609,0,1,1,-33.994755,150.089793,51,2,1,1,0,2,0,0,2,0,7,80,0,404,404,8,16,40,1,0,0,1,0
1229414,1,2020,2020,7,3,7,30,31,283,34609,0,1,1,-33.838983,151.011088,21,0,2,1,2,0,0,0,2,0,7,50,0,121,121,9,0,28,2,0,0,0,1
1229416,2,2020,2020,7,5,4,76,31,201,34609,1,2,9,-34.871825,150.597375,63,2,1,1,1,0,0,0,2,0,7,40,0,14295,14295,3,0,5,3,0,0,1,0
1229417,1,2020,2020,7,0,8,2261,17,243,2252,0,1,10,-33.950356,150.904431,41,0,2,1,2,0,0,0,2,2,9,70,2,1220,1220,9,0,28,2,0,0,0,1
1229421,2,2020,2020,7,5,5,26,1,112,34609,0,1,10,-33.910439,151.204291,69,0,2,1,1,0,0,0,2,0,15,50,0,2040,2040,9,33,28,2,0,0,1,0
1229423,1,2020,2020,0,6,0,234,27,337,217,1,0,1,-33.723829,151.018605,31,0,2,1,2,0,0,0,0,0,7,60,2,9859,9859,8,5,40,1,0,0,0,1
1229428,2,2020,2020,7,1,8,89,36,13,81,0,1,1,-34.256521,148.67131,30,1,0,1,0,0,0,0,2,0,7,100,2,9859,9859,8,29,40,1,0,0,1,0
1229430,1,2020,2020,0,1,3,18,1,293,34609,0,1,9,-33.946648,151.236468,59,0,2,1,3,0,0,0,1,0,6,50,0,4026,4026,8,5,40,1,0,0,0,1
1229431,4,2020,2020,4,0,7,8,7,93,34609,0,1,1,-33.416317,149.61542,3,2,1,1,1,0,0,0,2,0,7,50,0,312,312,2,5,40,1,0,1,0,0
1229432,2,2020,2020,3,2,8,12,31,91,34609,0,1,1,-33.965644,151.084654,25,0,2,1,1,0,0,0,2,0,7,50,0,340,340,9,5,28,2,0,0,1,0
1229433,2,2020,2020,0,6,6,9,27,7,34609,0,1,1,-33.224438,151.275182,16,2,2,0,3,0,3,4,2,0,7,80,0,4552,5151,8,5,40,1,0,0,1,1
1229437,2,2020,2020,0,2,6,48,27,20,62,0,1,9,-35.521635,148.144928,66,2,1,1,0,0,3,4,2,0,7,50,2,1945,1945,5,16,40,1,0,0,1,0
1229444,4,2020,2020,7,3,6,103,27,3,98,0,1,1,-32.718833,150.947205,64,2,1,0,0,0,0,0,2,0,7,80,2,4552,5151,8,16,40,1,0,1,0,0
1229446,1,2020,2020,7,1,9,42,36,35,34609,0,1,9,-30.479481,153.004603,6,2,1,1,1,0,0,0,2,0,0,80,0,5929,5929,1,5,36,2,0,0,0,1
1229447,4,2020,2020,0,3,4,3371,17,18,3342,0,1,9,-33.006173,151.685023,37,0,2,0,1,0,0,0,2,2,7,80,2,312,312,2,16,40,1,0,1,0,0
1229449,1,2020,2020,0,3,6,97,17,53,88,0,1,2,-35.159424,149.321588,58,1,0,1,3,0,0,0,2,0,7,110,2,1282,1282,1,10,13,2,0,0,0,1
1229454,1,2020,2020,3,2,9,49,31,532,34609,0,1,4,-33.861669,151.212016,69,0,2,1,3,0,0,0,2,2,9,40,0,14295,14295,3,10,5,2,0,0,0,1
1229460,2,2020,2020,7,0,8,50,36,10,43,0,1,1,-36.532641,148.191948,66,2,1,0,0,0,0,0,2,0,7,60,2,1850,1463,5,16,40,1,0,0,1,0
1229462,2,2020,2020,3,3,10,6,27,278,34609,0,1,1,-33.763959,151.039848,54,0,2,1,2,0,3,4,0,0,7,50,0,9859,9859,1,0,0,2,0,0,1,0
1229463,4,2020,2020,7,0,10,53,31,147,125,0,1,9,-33.885338,151.00647,15,0,2,1,2,0,0,0,0,0,0,60,1,5929,5929,1,5,27,2,0,1,0,0
1229465,1,2020,2020,0,4,11,95,27,17,605,0,1,9,-33.609698,151.326614,50,0,2,0,2,0,3,0,0,0,15,60,2,1957,4009,8,10,40,1,0,0,0,1
1229469,4,2020,2020,3,0,5,47,27,293,69,0,1,10,-33.942314,151.244349,59,0,2,1,1,0,0,0,2,0,0,60,1,515,515,1,0,19,2,0,1,0,0
1229470,2,2020,2020,7,4,5,163,27,226,165,0,1,9,-33.76454,150.826581,7,0,2,1,0,0,3,4,2,0,7,60,1,2852,2852,4,5,5,2,0,0,1,0
1229471,4,2020,2020,7,1,9,1052,14,83,928,0,1,3,-33.481236,151.184015,16,1,2,0,0,0,3,4,2,0,7,90,2,2585,4009,8,5,40,1,0,1,0,0
1229474,4,2020,2020,7,0,4,98,27,139,34609,0,1,1,-33.835147,151.20456,49,0,2,1,1,0,0,0,2,0,9,40,0,1220,1220,9,5,28,2,0,1,0,0
1229479,2,2020,2020,7,2,0,6,31,96,34609,0,1,9,-34.045598,150.84108,13,0,2,1,2,0,0,0,0,0,7,50,0,2585,777,1,5,5,2,0,0,1,0
1229486,4,2020,2020,7,4,10,77,10,73,331,0,1,1,-34.211503,150.609506,79,2,2,0,2,0,0,0,0,0,7,60,1,3775,3775,0,5,5,3,0,2,1,1
1229488,1,2020,2020,3,1,9,80,31,204,187,0,1,10,-33.88415,151.120259,32,0,2,1,2,0,0,0,3,2,7,60,2,14295,14295,3,5,5,2,0,0,0,1
1229490,4,2020,2020,7,6,11,5,31,159,34609,0,1,1,-33.805908,151.101188,61,0,2,1,2,0,0,0,0,0,7,50,0,1981,1981,4,10,5,4,0,1,0,0
1229491,4,2020,2020,0,4,2,12,27,60,41,0,1,7,-33.754001,150.760354,55,0,2,0,1,0,0,0,1,0,7,70,1,926,926,4,22,12,2,0,1,0,0
1229492,2,2020,2020,0,6,10,296,27,290,293,0,1,9,-33.858543,150.994103,21,0,2,1,2,0,0,0,0,0,2,70,2,4026,4026,8,0,40,1,0,0,1,0
1229499,4,2020,2020,7,0,6,4,31,29,34609,0,1,10,-31.096874,150.942867,70,2,1,1,0,0,0,0,2,0,7,50,0,5929,5929,1,10,5,2,0,1,0,0
1229502,2,2020,2020,0,5,4,9,10,45,25,0,1,10,-33.814815,150.793978,55,0,2,1,1,0,0,0,2,2,7,80,2,5929,5929,1,3,10,2,0,0,1,0
1229504,1,2020,2020,7,0,7,3371,17,107,3342,0,1,1,-33.285011,151.424759,16,2,2,1,0,0,0,0,2,0,7,50,2,186,186,9,22,28,2,0,0,0,1
1229505,4,2020,2020,0,5,6,100,27,109,799,0,1,9,-33.899935,151.144989,32,0,2,1,1,0,0,0,2,0,7,60,2,1669,1669,3,16,5,2,0,1,0,0
1229506,2,2020,2020,3,1,5,25,1,80,139,0,1,9,-34.551635,146.403816,51,2,1,1,0,0,0,0,2,0,9,50,2,2040,2040,9,10,28,2,0,0,1,0
1229509,4,2020,2020,0,3,9,1,4,19,34609,0,1,9,-28.204135,153.491245,72,2,1,1,2,0,0,0,3,0,7,60,0,9859,9859,8,16,40,1,0,1,0,0
1229511,4,2020,2020,3,6,10,1052,14,17,928,0,1,3,-32.925871,151.550448,37,0,2,1,0,0,0,0,0,0,7,110,2,9859,9859,8,0,40,1,0,1,0,0
1229512,1,2020,2020,0,3,0,9,31,28,34609,0,1,1,-33.415959,149.563989,3,2,1,1,2,0,0,0,0,0,7,50,0,9859,9859,1,5,5,2,0,0,0,1
1229514,2,2020,2020,4,0,6,6,27,23,172,0,1,1,-32.992197,151.634452,37,0,2,0,1,0,3,4,2,0,7,60,2,4552,5151,8,5,40,1,0,0,1,0
1229516,2,2020,2020,3,0,8,916,17,30,917,0,1,10,-31.074166,151.027815,70,1,0,1,0,0,0,0,2,0,0,100,2,5929,5929,1,9,5,2,0,0,2,0
1229517,4,2020,2020,7,3,7,500,27,109,799,1,0,10,-33.905775,151.135904,32,0,2,0,1,0,0,0,2,0,0,60,2,1850,1463,5,22,40,1,0,1,0,0
1229519,4,2020,2020,7,6,4,2,31,41,34609,0,1,1,-33.911071,151.125454,15,0,2,1,1,0,0,0,2,0,7,50,0,238,238,9,5,28,2,0,1,0,0
1229522,1,2020,2020,0,4,9,26,1,137,34609,0,1,7,-33.917637,151.201758,69,0,2,1,1,0,3,4,2,0,0,40,0,6545,6545,4,0,27,2,0,0,0,1
1229523,2,2020,2020,7,6,5,33,27,16,41,0,1,1,-33.743966,150.725697,55,0,2,1,1,0,0,0,2,0,7,70,1,4026,4026,8,5,40,1,0,0,1,0
1229525,2,2020,2020,7,1,4,296,27,283,293,0,1,10,-33.834704,151.001928,21,0,2,1,0,0,0,0,2,2,9,70,2,2040,2040,9,9,28,2,0,0,1,0
1229527,2,2020,2020,7,0,10,97,31,142,92,0,1,9,-33.829835,150.993341,21,0,2,1,2,0,0,0,0,2,7,60,1,14295,14295,3,5,19,2,0,0,1,0
1229529,4,2020,2020,7,4,4,63,31,139,5,0,1,2,-33.837367,151.207168,49,0,2,1,1,0,0,0,2,0,7,40,2,2040,2040,9,0,28,2,0,1,0,0
1229530,1,2020,2020,7,0,7,162,31,53,148,0,1,10,-32.928221,151.76719,48,0,2,1,1,0,0,0,2,2,7,60,1,1669,1669,3,5,5,2,0,0,0,2
1229531,2,2020,2020,3,0,3,171,27,24,38,1,0,10,-33.939865,150.731711,41,0,2,1,3,0,0,0,1,2,7,60,2,14295,14295,3,5,0,2,0,0,1,0
1229536,4,2020,2020,3,5,7,2209,17,4,2205,0,1,9,-36.022341,150.102811,23,1,0,1,1,0,0,0,2,0,15,100,2,5929,5929,1,5,0,2,0,2,3,0
1229538,2,2020,2020,0,2,7,293,31,532,55,0,1,10,-33.863272,151.212887,69,0,2,1,1,0,0,0,2,2,7,40,1,5929,5929,1,34,0,2,0,0,1,0
1229539,1,2020,2020,0,2,9,102,31,107,53,0,1,9,-33.883471,151.198262,69,0,2,1,2,0,0,6,0,0,0,50,2,1282,1282,1,5,19,2,0,0,0,1
1229543,1,2020,2020,3,6,6,2,1,84,34609,0,1,10,-33.89022,151.258671,76,0,2,1,0,2,0,0,2,0,0,50,0,6545,6545,4,5,0,2,0,0,0,1
1229544,1,2020,2020,4,0,7,11,27,87,34609,0,1,10,-33.69825,150.958205,71,0,2,1,0,0,0,0,2,0,0,60,0,14295,14295,3,21,5,3,0,0,0,1
1229545,1,2020,2020,3,5,5,45,3,36,331,0,1,1,-34.066002,150.711413,12,0,2,1,0,0,0,0,2,0,7,80,2,14295,14295,3,30,5,2,0,0,0,1
1229547,1,2020,2020,7,0,9,330,23,293,112,0,1,10,-33.941671,151.239561,59,0,2,1,3,0,0,0,0,2,8,60,2,5929,5929,1,10,36,2,0,0,0,2
1229552,1,2020,2020,7,0,7,36,1,53,34609,0,1,1,-33.923055,150.845649,41,0,2,1,3,0,0,0,2,0,7,60,0,941,941,1,0,12,2,0,0,0,1
1229553,1,2020,2020,0,6,6,85,10,38,702,0,1,2,-33.837508,151.083733,14,0,2,0,3,0,0,0,2,0,7,70,2,14295,14295,3,19,0,2,0,0,0,1