Crash ID,Degree of crash - detailed,Reporting year,Year of crash,Month of crash,Day of week of crash,Two-hour intervals,Street of crash,Street type,Town,Route no.,School zone location,School zone active,Type of location,Latitude,Longitude,LGA,Urbanisation,Conurbation 1,Alignment,Street lighting,Road surface,Surface condition,Weather,Natural lighting,Signals operation,Other traffic control,Speed limit,Road classification,RUM - code,DCA - code,First impact type,Key TU type,Other TU type,No. of traffic units involved,No. killed,No. seriously injured,No. moderately injured,No. minor-other injured
1229561,1,2020,2020,7,4,8,22,27,173,207,0,1,10,-33.875389,151.221989,69,0,2,1,3,0,0,0,3,2,7,50,2,14295,14295,3,5,18,2,0,0,0,1
1229563,1,2020,2020,7,5,9,2,31,135,34609,0,1,10,-32.902264,151.737877,48,0,2,1,3,0,0,0,3,0,0,50,0,475,475,5,5,40,1,0,0,0,1
1229564,1,2020,2020,7,5,8,478,17,128,480,0,1,10,-33.427301,151.317671,16,2,2,1,3,0,0,0,2,2,7,70,2,14295,14295,3,30,0,2,0,0,0,1
1229568,2,2020,2020,4,3,7,37,27,14,34609,0,1,1,-33.195337,151.438732,16,1,2,0,0,0,3,4,2,0,7,90,0,782,957,5,16,40,1,0,0,1,0
1229572,1,2020,2020,7,0,3,330,27,147,605,0,1,9,-33.756084,151.282881,50,0,2,1,1,0,0,0,2,0,7,60,2,1945,1945,5,16,40,1,0,0,0,1
1229574,2,2020,2020,0,5,6,178,27,189,101,0,1,9,-33.939171,151.054687,15,0,2,1,1,0,0,0,2,2,8,50,1,5929,5929,1,5,13,3,0,0,1,1
1229575,2,2020,2020,7,3,4,296,27,290,293,1,0,9,-33.849144,150.99698,21,0,2,1,1,0,0,3,2,2,7,70,2,5929,5929,1,5,5,2,0,0,1,0
1229576,2,2020,2020,4,1,8,43,27,316,38,0,1,7,-33.902871,151.24091,59,0,2,1,1,0,0,0,2,0,7,50,1,1383,1383,1,22,5,2,0,0,1,0
1229577,2,2020,2020,4,4,5,330,23,102,39,0,1,9,-33.957261,151.244507,59,0,2,1,1,0,0,0,2,0,0,60,1,6545,6545,4,8,5,2,0,0,1,0
1229578,4,2020,2020,7,6,9,57,36,112,769,0,1,10,-33.612325,150.815103,29,2,2,1,2,0,0,0,0,2,7,60,2,5929,5929,1,10,19,2,0,1,0,0
1229581,2,2020,2020,0,3,6,2261,17,243,2252,0,1,2,-33.959845,150.884669,41,0,2,1,1,0,0,0,2,0,7,70,2,1945,1945,5,16,40,1,0,0,1,0
1229582,1,2020,2020,7,6,9,8,10,154,34609,0,1,7,-33.710562,150.937593,71,0,2,1,1,0,0,0,2,0,0,60,0,6545,6545,4,5,5,2,0,0,0,1
1229583,1,2020,2020,7,5,5,95,31,316,34609,0,1,9,-33.915387,151.240489,59,0,2,1,1,0,0,0,2,2,7,50,0,1192,1192,1,9,13,3,0,0,0,1
1229586,2,2020,2020,3,6,4,220,14,67,220,0,1,3,-34.423913,150.869138,80,0,2,1,0,0,0,0,2,0,7,90,2,14295,14295,3,33,5,2,0,0,1,1
1229587,4,2020,2020,7,6,5,59,27,10,143,0,1,1,-33.956907,149.324001,74,2,1,0,0,0,0,0,2,0,7,80,2,782,957,5,16,40,1,0,1,0,0
1229590,1,2020,2020,3,4,10,14,1,167,34609,0,1,9,-33.845089,151.060318,54,0,2,0,2,0,0,0,0,2,7,60,0,623,623,3,5,5,2,0,0,0,1
1229591,1,2020,2020,3,5,4,67,27,147,74,0,1,7,-33.864563,151.123266,14,0,2,1,1,0,0,0,2,0,0,50,1,14295,14295,3,5,0,2,0,0,0,1
1229592,4,2020,2020,7,1,5,6,31,363,34609,0,1,1,-33.752894,150.690682,55,0,2,1,0,0,0,0,2,0,7,50,0,1981,1981,4,5,5,2,0,1,1,0
1229602,4,2020,2020,4,3,8,3,27,16,34609,0,1,1,-33.174309,151.580325,16,2,2,1,0,0,0,0,2,0,7,80,0,1945,1945,5,16,40,2,0,1,0,0
1229603,4,2020,2020,4,1,11,125,31,438,44,0,1,9,-33.849243,151.033356,21,0,2,1,2,0,0,0,0,3,7,50,1,5929,5929,1,16,40,2,0,1,0,0
1229604,1,2020,2020,0,6,2,1104,14,323,962,0,1,3,-33.801879,150.883069,7,0,2,1,1,0,0,0,0,0,7,100,2,1282,1282,1,29,41,3,0,0,0,1
1229605,2,2020,2020,7,1,3,387,27,433,40,0,1,2,-33.315879,149.091491,52,2,1,1,1,0,0,0,2,2,7,60,1,515,515,1,33,27,2,0,0,1,0
1229607,2,2020,2020,3,2,6,53,31,62,34609,0,1,9,-33.893553,151.141645,32,0,2,1,1,0,0,0,2,0,7,50,0,387,387,1,22,5,2,0,0,1,0
1229608,1,2020,2020,7,0,5,251,27,115,212,1,0,9,-33.751919,151.231813,50,0,2,1,1,0,0,0,2,2,7,60,2,5929,5929,1,5,5,2,0,0,0,1
1229609,4,2020,2020,0,5,6,162,31,119,34609,0,1,9,-32.760712,151.741955,57,2,1,1,1,0,0,3,2,0,0,50,0,2040,2040,9,34,28,2,0,1,0,0
1229611,2,2020,2020,0,3,2,1,27,5,34609,0,1,1,-28.565386,153.02276,51,1,0,0,3,0,3,1,0,0,7,100,0,4552,5151,8,5,40,1,0,0,1,0
1229615,1,2020,2020,7,5,8,3371,17,463,3342,0,1,7,-30.320717,153.086288,19,2,1,1,1,0,0,0,2,0,0,60,2,14295,14295,3,29,0,2,0,0,0,1
1229618,1,2020,2020,3,4,9,134,10,69,133,0,1,2,-33.829341,151.020652,54,0,2,1,3,0,0,0,2,0,7,70,2,14295,14295,3,9,5,2,0,0,0,1
1229624,2,2020,2020,0,3,2,3371,17,49,3342,0,1,2,-33.202734,151.520659,16,2,2,0,2,0,0,0,1,0,7,80,2,4552,5151,8,5,40,1,0,0,1,0
1229627,2,2020,2020,7,5,6,2261,17,346,2252,0,1,9,-33.889758,151.078711,67,0,2,0,2,0,0,3,2,2,7,60,2,256,256,4,0,5,3,0,0,1,0
1229628,2,2020,2020,7,4,9,2209,17,166,2205,0,1,9,-33.892919,151.185036,69,0,2,1,2,0,0,0,3,2,9,50,2,5929,5929,1,22,18,2,0,0,1,0
1229632,4,2020,2020,0,0,9,2,27,32,34609,0,1,1,-32.778312,152.085924,57,2,1,1,2,0,3,0,0,0,7,50,0,9859,9859,1,15,12,2,0,1,0,0
1229637,2,2020,2020,0,3,8,15,27,188,140,0,1,7,-33.934366,151.088443,15,0,2,1,1,0,0,0,2,0,7,50,1,1945,1945,5,16,40,1,0,0,1,0
1229640,4,2020,2020,0,6,7,196,10,7,168,0,1,1,-33.973192,151.019727,15,0,2,0,0,0,3,4,2,0,7,60,2,3775,3775,0,5,10,2,0,2,0,0
1229642,4,2020,2020,7,5,3,12,10,26,34609,0,1,2,-34.017978,151.080006,68,0,2,1,3,0,3,3,2,0,7,50,0,3775,3775,0,30,36,2,0,1,1,0
1229643,2,2020,2020,0,6,6,6,31,15,34609,0,1,1,-33.888774,151.05425,15,0,2,0,3,0,0,0,2,0,7,60,0,1981,1981,4,5,5,2,0,0,1,0
1229647,1,2020,2020,7,2,7,195,27,53,186,0,1,10,-33.920998,150.85062,41,0,2,0,3,0,0,0,2,3,9,70,2,14295,14295,3,30,0,2,0,0,0,2
1229648,2,2020,2020,0,0,5,11,27,29,25,0,1,1,-33.469125,151.431898,16,2,2,0,3,0,3,4,2,0,7,50,1,217,217,1,21,0,2,0,0,1,0
1229654,1,2020,2020,3,4,10,9,31,609,163,1,0,9,-33.757687,150.894469,7,0,2,1,2,0,0,0,0,2,7,60,2,14295,14295,3,0,0,2,0,0,0,1
1229655,4,2020,2020,7,3,4,1,18,33,34609,0,1,1,-34.799282,150.735529,63,2,1,0,0,0,0,0,2,0,7,80,0,404,404,8,16,40,1,0,1,0,0
1229661,1,2020,2020,3,2,7,330,27,147,605,0,1,9,-33.754378,151.284386,50,0,2,1,1,0,0,0,2,2,15,60,2,14295,14295,3,30,5,2,0,0,0,1
1229662,2,2020,2020,7,4,5,485,27,232,769,0,1,9,-33.693599,150.925067,71,0,2,1,1,0,0,0,2,2,7,80,2,6545,6545,4,10,5,2,0,0,1,0
1229666,4,2020,2020,3,2,0,23,27,337,34609,0,1,1,-33.732373,151.006156,71,0,2,1,2,0,0,0,0,0,9,50,0,1220,1220,9,5,28,2,0,1,0,0
1229668,1,2020,2020,0,1,11,37,1,64,34609,0,1,10,-33.699677,150.745109,55,0,2,1,0,0,3,4,0,0,0,70,0,4026,4026,8,5,40,1,0,0,0,1
1229671,4,2020,2020,4,3,7,22,1,337,217,0,1,2,-33.735293,151.004011,71,0,2,0,1,0,0,6,2,0,7,60,2,1850,1463,5,16,40,1,0,1,0,0
1229676,2,2020,2020,4,1,9,1,1,84,34609,0,1,1,-33.809928,150.98076,21,0,2,1,1,0,0,3,2,0,7,50,0,9859,9859,1,10,5,3,0,0,1,0
1229693,2,2020,2020,3,4,8,18,27,68,20,0,1,1,-33.717048,149.900487,51,1,0,1,0,0,3,4,2,0,7,100,2,9859,9859,8,10,40,1,0,0,1,0
1229694,4,2020,2020,4,1,9,1,31,151,34609,0,1,1,-34.026509,150.855813,13,0,2,1,1,0,0,0,2,0,7,50,0,1981,1981,4,10,21,2,0,1,0,0
1229695,4,2020,2020,3,2,1,2126,17,77,2149,0,1,1,-33.883752,151.203026,69,0,2,1,2,0,0,0,0,0,7,40,2,312,312,2,19,40,1,0,1,0,0
1229696,2,2020,2020,4,4,0,916,17,77,917,0,1,1,-32.564774,151.177135,64,2,1,1,2,0,0,0,0,0,7,50,2,4026,4026,8,0,40,1,0,0,1,0
1229698,4,2020,2020,4,3,5,114,27,22,65,0,1,1,-33.394297,151.002239,16,2,2,0,0,0,0,0,2,0,7,80,1,418,714,5,16,40,1,0,1,0,0
1229703,2,2020,2020,3,5,10,5,23,42,34609,0,1,1,-34.00848,151.198341,68,0,2,1,2,0,3,4,0,0,7,50,0,9859,9859,8,0,40,1,0,0,1,0
1229704,4,2020,2020,4,6,9,293,31,128,369,0,1,9,-33.624641,150.799693,29,2,2,1,1,0,0,0,2,0,0,60,2,926,926,4,21,19,2,0,1,0,0
1229705,2,2020,2020,4,2,2,6,31,68,34609,0,1,1,-34.085611,151.007253,68,0,2,1,1,0,3,4,0,0,7,50,0,9859,9859,8,5,40,3,0,0,1,0
1229706,2,2020,2020,3,2,2,67,27,65,52,0,1,7,-30.354729,153.063741,19,2,1,0,2,0,0,0,1,0,0,60,1,2585,4009,8,5,40,1,0,0,2,0
1229707,1,2020,2020,4,4,6,1,27,11,34609,0,1,1,-34.824874,149.792221,26,2,1,0,0,0,0,0,2,0,7,80,0,4552,5151,8,16,40,1,0,0,0,1
1229711,1,2020,2020,3,4,7,2209,17,137,2205,0,1,2,-34.048916,151.051948,68,0,2,1,1,0,0,3,2,0,7,80,2,14295,14295,3,5,5,2,0,0,0,1
1229714,2,2020,2020,3,6,9,12,31,58,43,0,1,1,-28.553843,153.544909,10,2,1,1,0,0,3,4,3,0,7,60,1,3775,3775,0,5,5,2,0,0,2,0
1229715,4,2020,2020,3,3,6,118,27,646,118,1,0,9,-33.909668,151.035507,15,0,2,1,3,0,0,0,2,0,7,60,1,1669,1669,3,10,5,2,0,1,0,0
1229718,1,2020,2020,3,4,5,19,18,95,32,0,1,1,-34.395945,150.900906,80,0,2,1,0,0,3,0,2,0,7,60,1,1109,397,1,0,25,2,0,0,0,1
1229719,1,2020,2020,4,4,8,2209,17,77,2205,0,1,2,-33.921337,151.165219,32,0,2,1,1,0,0,0,2,2,7,60,2,5929,5929,1,9,5,2,0,0,0,2
1229720,4,2020,2020,4,0,6,45,1,294,26,0,1,9,-33.937067,150.925747,41,0,2,1,1,0,3,4,2,2,8,60,2,1669,1669,3,0,5,2,0,1,1,0
1229723,2,2020,2020,3,4,8,38,27,290,159,0,1,10,-33.952795,151.131853,4,0,2,1,1,0,0,0,2,2,7,60,2,5929,5929,1,5,5,3,0,0,2,0
1229724,1,2020,2020,3,2,9,39,31,111,34609,0,1,1,-33.924643,151.255,59,0,2,1,2,0,0,0,3,0,7,50,0,248,248,1,9,19,3,0,0,0,1
1229726,4,2020,2020,7,4,4,196,10,9,34609,0,1,1,-32.536568,149.608873,44,1,0,0,0,0,3,4,2,0,7,100,0,2585,4009,8,10,40,1,0,1,1,0
1229730,2,2020,2020,4,6,8,3,31,135,34609,0,1,1,-32.902426,151.743679,48,0,2,1,1,0,0,0,2,0,7,50,0,387,387,1,22,5,2,0,0,1,0
1229732,2,2020,2020,7,0,9,2209,17,61,2205,0,1,9,-35.942674,150.101453,23,1,0,1,1,0,0,3,3,0,7,100,2,1669,1669,3,5,13,2,0,0,1,0
1229733,2,2020,2020,3,2,6,134,10,104,133,0,1,2,-33.830325,151.020492,54,0,2,1,1,0,0,0,2,0,7,70,2,14295,14295,3,5,5,2,0,0,1,0
1229734,2,2020,2020,7,3,6,2209,17,11,2205,0,1,1,-34.824014,150.604172,63,2,1,1,0,0,0,0,2,0,7,80,2,3775,3775,0,5,5,3,0,0,1,2
1229735,4,2020,2020,7,1,5,34,1,316,34609,0,1,1,-31.444444,152.886752,56,2,1,1,1,0,0,0,2,0,7,50,0,623,623,3,5,0,2,0,2,1,0
1229736,2,2020,2020,7,3,9,178,27,189,101,0,1,9,-33.943127,151.053864,15,0,2,1,3,0,0,0,0,2,7,50,1,5929,5929,1,0,0,2,0,0,1,0
1229738,1,2020,2020,7,5,5,19,31,172,126,0,1,9,-32.750446,151.595088,42,2,1,0,3,0,0,3,2,0,0,50,2,3775,3775,0,5,0,2,0,0,0,1
1229739,1,2020,2020,3,3,6,3,25,73,34609,0,1,1,-33.873465,151.218713,69,0,2,1,1,0,0,0,2,0,7,30,0,186,186,9,10,28,2,0,0,0,1
1229740,2,2020,2020,7,5,8,512,17,562,441,0,1,9,-32.24215,148.58656,22,2,1,1,3,0,0,0,2,0,0,60,2,14295,14295,3,5,5,2,0,0,1,0
1229741,2,2020,2020,7,4,8,3371,17,36,3342,0,1,2,-33.624503,151.150805,31,0,2,1,0,0,0,0,2,0,7,60,2,9859,9859,1,5,36,3,0,0,1,0
1229742,2,2020,2020,3,0,8,1,27,19,34609,0,1,1,-35.817207,145.609151,51,1,0,1,3,2,0,0,2,0,7,100,0,1945,1945,5,10,40,1,0,0,1,0
1229746,4,2020,2020,7,4,7,175,27,86,220,0,1,9,-33.74135,150.917543,7,0,2,1,0,0,0,0,2,2,7,70,2,14295,14295,3,5,0,2,0,1,0,1
1229747,2,2020,2020,7,0,10,7,27,433,34609,0,1,1,-33.29327,149.090502,52,2,1,1,2,0,0,6,0,0,7,50,0,9859,9859,1,10,13,2,0,0,1,0
1229749,2,2020,2020,7,5,4,2,7,309,34609,0,1,1,-33.808451,151.112619,61,0,2,1,0,0,0,0,2,0,7,50,0,9859,9859,1,0,5,2,0,0,1,0
1229750,4,2020,2020,7,6,7,2209,17,4,2205,0,1,1,-35.997898,150.105965,23,1,0,0,0,0,3,4,2,0,7,100,2,1957,4009,8,0,40,1,0,1,0,0
1229753,2,2020,2020,7,2,3,2,1,27,34609,0,1,1,-32.770497,151.610354,42,2,1,1,1,0,3,4,1,0,7,50,0,9859,9859,8,30,40,1,0,0,1,0
1229754,4,2020,2020,7,3,8,17,10,39,34609,0,1,1,-32.886564,151.665155,48,0,2,1,1,0,0,0,2,0,7,50,0,312,312,2,0,40,1,0,1,0,0
1229755,4,2020,2020,7,6,6,26,31,162,34609,0,1,9,-33.844113,150.915054,24,0,2,1,0,0,3,3,2,0,7,50,0,368,368,9,33,28,2,0,1,0,0
1229757,4,2020,2020,7,3,7,14,27,78,34609,0,1,7,-28.329174,153.389484,72,2,1,0,0,0,0,0,2,0,0,50,0,591,591,1,22,5,2,0,1,0,0
1229758,2,2020,2020,7,0,6,17,31,445,34609,0,1,10,-33.860775,151.051437,21,0,2,1,3,0,0,0,2,0,15,50,0,6545,6545,4,0,0,2,0,0,1,0
1229762,1,2020,2020,7,1,8,28,1,251,93,0,1,2,-33.768059,150.942663,7,0,2,1,1,0,0,0,2,0,7,60,1,14295,14295,3,10,5,2,0,0,0,1
1229763,2,2020,2020,3,2,11,3371,17,65,3342,0,1,2,-30.383491,153.046037,19,1,0,1,1,0,3,3,0,0,7,110,2,4026,4026,8,5,40,1,0,0,1,0
1229764,2,2020,2020,7,2,7,1,10,6,34609,0,1,1,-32.771443,151.549534,42,2,1,1,1,0,0,0,2,0,7,50,0,1945,1945,5,0,40,1,0,0,1,0
1229766,2,2020,2020,3,5,3,59,27,43,53,0,1,1,-34.191277,150.654336,79,1,2,1,1,0,0,0,2,0,7,100,1,14295,14295,3,5,13,2,0,0,2,0
1229770,2,2020,2020,7,6,3,8,31,112,34609,0,1,9,-36.05268,146.934749,0,2,1,1,0,0,0,0,2,0,0,50,0,775,775,4,0,27,2,0,0,1,0
1229771,4,2020,2020,3,5,5,916,17,105,917,0,1,2,-32.709302,151.51353,42,2,1,1,1,0,0,0,2,0,0,60,2,1981,1981,4,0,13,2,0,1,1,0
1229772,2,2020,2020,3,3,8,283,27,253,702,1,0,1,-33.971589,151.099563,25,0,2,1,1,0,0,3,3,0,7,60,2,14295,14295,3,0,12,6,0,0,3,0
1229773,2,2020,2020,7,4,10,2209,17,115,2205,0,1,2,-34.032054,151.070457,68,0,2,1,2,0,0,0,0,0,7,70,2,1383,1383,1,5,2,4,0,0,1,0
1229775,2,2020,2020,7,3,4,10,27,10,143,0,1,1,-34.028876,149.334582,74,1,0,1,0,0,0,0,2,0,7,100,2,1089,1089,7,16,40,1,0,0,1,0
1229776,2,2020,2020,7,5,8,15,27,201,34609,0,1,1,-33.996032,150.867185,13,0,2,0,0,0,0,0,2,0,7,60,0,1981,1981,4,5,19,2,0,0,1,0
1229780,2,2020,2020,3,3,8,162,31,69,34609,1,0,9,-34.546796,150.854671,62,0,2,1,1,0,3,4,2,2,7,50,0,5929,5929,1,5,5,2,0,0,2,0
1229782,2,2020,2020,7,5,5,234,27,54,217,0,1,9,-33.714659,151.016143,71,0,2,0,3,0,0,0,2,2,7,60,2,5929,5929,1,5,5,2,0,0,1,0
1229783,2,2020,2020,4,4,3,16,31,246,12,0,1,10,-33.898927,151.198997,69,0,2,1,3,0,3,4,2,2,7,50,1,5929,5929,1,5,27,2,0,0,1,0
1229785,4,2020,2020,3,5,10,255,27,103,76,0,1,9,-32.940263,151.669767,37,0,2,1,2,0,0,0,0,0,7,60,1,2852,2852,4,5,19,2,0,1,0,0
1229788,2,2020,2020,3,2,7,36,31,218,70,0,1,9,-33.764645,150.780624,55,0,2,1,1,0,0,0,2,2,8,60,1,5929,5929,1,5,25,2,0,0,2,0
1229790,1,2020,2020,0,4,7,27,4,55,34609,0,1,9,-33.938183,150.889557,41,0,2,1,3,0,0,0,2,0,0,50,0,2852,2852,4,0,5,2,0,0,0,1
1229791,4,2020,2020,3,3,6,225,17,50,180,0,1,1,-34.564815,150.665377,62,0,2,0,0,0,0,0,2,0,7,60,2,1850,1463,5,16,40,1,0,1,0,0
1229794,2,2020,2020,7,1,8,1,1,98,34609,0,1,9,-30.990733,150.240634,51,2,1,1,0,0,3,0,2,0,7,50,0,2585,777,1,5,5,2,0,0,1,0
1229796,4,2020,2020,7,0,10,72,31,176,62,0,1,9,-33.952031,151.148192,4,0,2,1,2,0,0,0,0,0,0,60,1,6545,6545,4,30,5,2,0,1,1,0
1229797,4,2020,2020,7,1,1,80,27,316,50,0,1,9,-33.911227,151.236073,59,0,2,0,2,0,0,0,0,2,7,60,2,4552,5151,1,5,22,3,0,1,0,0
1229798,4,2020,2020,7,3,6,8,27,63,34609,0,1,1,-33.73604,150.801663,7,0,2,1,1,0,0,0,2,0,7,50,0,340,340,9,5,28,2,0,1,0,0
1229800,4,2020,2020,7,4,7,1,18,215,34609,0,1,0,-35.118349,147.368164,75,2,1,1,3,0,0,0,2,0,7,50,0,1981,1981,4,0,0,2,0,1,0,0
1229802,2,2020,2020,7,3,8,16,31,165,34609,0,1,9,-32.273767,150.882679,46,2,1,1,0,0,0,0,2,0,0,50,0,2852,2852,4,5,19,2,0,0,1,0
1229804,4,2020,2020,0,4,3,113,27,78,111,0,1,1,-33.865118,150.794262,55,0,2,1,0,0,0,1,0,0,7,80,2,1981,1981,4,3,2,2,0,1,0,0
1229805,1,2020,2020,0,3,7,49,31,562,34609,0,1,10,-32.249045,148.586997,22,2,1,1,3,0,0,0,2,0,15,50,0,6545,6545,4,5,5,2,0,0,0,1
1229806,2,2020,2020,3,5,10,76,27,85,148,1,0,1,-32.934697,151.728853,48,0,2,1,2,0,0,0,0,0,7,60,1,9859,9859,1,10,0,5,0,0,1,0
1229807,4,2020,2020,3,4,10,20,4,74,34609,0,1,9,-33.771854,150.680128,55,0,2,1,2,0,0,0,0,0,7,50,0,489,489,8,16,40,1,0,1,0,0
1229809,1,2020,2020,7,6,8,110,27,41,173,0,1,2,-34.394451,150.861902,80,0,2,0,0,0,0,0,2,0,7,80,2,14295,14295,3,0,0,2,0,0,0,1
1229810,2,2020,2020,7,1,5,83,31,523,34609,0,1,10,-33.919827,150.921783,41,0,2,1,0,0,0,0,2,2,8,50,0,5929,5929,1,5,0,2,0,0,2,0
1229811,4,2020,2020,3,2,10,3371,17,207,3342,0,1,9,-33.545197,151.197539,31,0,2,0,1,0,0,0,0,2,7,60,2,2585,4009,8,10,40,1,0,1,0,0
1229812,4,2020,2020,7,2,8,11,31,194,148,0,1,7,-30.524548,151.659979,1,2,1,0,0,0,0,0,2,0,0,50,2,1850,1463,5,16,40,1,0,1,0,0
1229813,4,2020,2020,7,2,4,2209,17,10,2205,0,1,1,-36.37587,149.932545,5,1,0,0,0,0,0,0,2,0,7,100,2,1259,5151,8,5,40,1,0,1,0,0
1229814,4,2020,2020,7,4,7,1052,14,21,928,0,1,6,-33.25663,151.402992,16,2,2,0,3,0,2,6,2,0,7,40,2,273,957,5,5,40,1,0,1,0,0
1229816,4,2020,2020,7,4,9,5,1,25,34609,0,1,9,-32.940147,151.765395,48,0,2,1,2,0,0,0,0,0,0,50,0,941,941,1,5,19,2,0,1,1,0
1229818,2,2020,2020,4,1,5,43,27,121,34609,1,0,7,-33.800136,151.287411,50,0,2,1,0,0,0,0,2,0,0,40,0,6545,6545,4,0,27,2,0,0,1,0
1229821,2,2020,2020,7,3,6,2,27,4,34609,0,1,1,-35.829724,146.466902,51,1,0,1,0,0,0,0,2,0,7,100,0,1089,1089,7,0,40,1,0,0,1,0
1229822,1,2020,2020,0,5,4,2126,17,73,2149,0,1,9,-33.887655,151.17165,32,0,2,1,3,0,0,0,2,2,7,60,2,5929,5929,1,10,5,2,0,0,0,1
1229828,2,2020,2020,7,0,11,7,27,38,34609,0,1,1,-30.245232,153.099993,19,2,1,0,0,0,0,0,0,0,7,60,0,2585,4009,8,0,40,1,0,0,1,0
1229829,2,2020,2020,7,4,1,205,27,147,415,0,1,2,-33.737277,151.152484,36,0,2,1,2,0,3,4,0,0,7,60,2,4026,4026,8,5,40,1,0,0,1,0
1229830,4,2020,2020,7,6,2,2261,17,32,2252,0,1,3,-34.254549,150.655966,79,1,2,1,0,0,0,0,1,0,7,110,2,9859,9859,8,8,40,1,0,1,0,0
1229831,4,2020,2020,7,2,10,11,10,26,34609,0,1,7,-33.755124,150.879897,7,0,2,0,2,0,3,4,0,0,0,50,0,4552,5151,8,30,40,1,0,1,0,0
1229832,2,2020,2020,7,3,5,2,1,145,34609,0,1,1,-33.922285,151.127364,15,0,2,1,1,0,0,0,2,0,7,50,0,83,83,5,5,40,1,0,0,1,0
1229833,4,2020,2020,7,5,9,74,27,609,48,0,1,10,-33.775846,150.895288,7,0,2,1,3,0,0,0,3,2,7,60,1,5929,5929,1,10,5,2,0,1,0,1
1229834,1,2020,2020,0,6,7,22,31,309,208,0,1,10,-33.812995,151.105006,61,0,2,1,3,0,0,0,2,1,7,60,2,1282,1282,1,5,13,2,0,0,0,1
1229835,2,2020,2020,0,4,8,82,31,370,49,0,1,1,-34.06895,150.821562,13,0,2,1,2,0,3,4,3,0,7,60,2,3775,3775,0,5,0,2,0,0,2,0
1229839,1,2020,2020,0,2,10,123,31,135,34609,1,0,9,-32.89585,151.746351,48,0,2,1,2,0,0,0,0,0,7,50,0,4552,985,1,9,5,2,0,0,0,1
1229840,4,2020,2020,0,6,7,31,10,78,23,0,1,1,-33.440014,151.441311,16,2,2,1,2,0,0,0,2,0,7,50,1,9859,9859,1,9,5,2,0,1,0,0
1229842,4,2020,2020,7,6,7,21,31,65,18,0,1,2,-32.926298,151.779632,48,0,2,1,1,0,3,4,2,0,7,40,2,1945,1945,5,22,40,1,0,1,0,0
1229843,2,2020,2020,0,1,0,32,27,164,34609,0,1,1,-33.727886,150.882765,7,0,2,1,2,0,0,0,0,0,7,50,0,9859,9859,8,5,40,1,0,0,1,0
1229844,2,2020,2020,7,5,8,2,27,74,34609,1,0,1,-34.440213,150.852309,80,0,2,0,1,0,0,0,2,0,7,50,0,1981,1981,4,0,5,3,0,0,2,0
1229845,4,2020,2020,3,0,4,15,27,14,46,0,1,1,-34.926518,150.691854,63,2,1,0,0,0,3,4,2,0,7,80,1,3775,3775,0,5,36,2,0,1,0,0
1229852,4,2020,2020,7,3,5,28,27,346,63,0,1,1,-33.885753,151.084521,67,0,2,1,1,0,0,0,2,0,7,50,1,591,591,1,22,12,2,0,1,0,0
1229857,1,2020,2020,0,1,9,79,31,149,18,0,1,7,-33.860714,151.171629,32,0,2,1,2,0,0,0,0,0,9,40,1,2040,2040,9,5,28,2,0,0,0,1
1229859,2,2020,2020,0,5,4,2209,17,26,2205,0,1,9,-33.919162,151.16927,32,0,2,1,3,0,0,0,2,2,9,60,2,5929,5929,1,5,10,4,0,0,1,0
1229860,1,2020,2020,7,5,9,57,31,174,321,0,1,10,-33.889054,151.2016,69,0,2,0,2,0,0,0,0,2,9,50,2,14295,14295,3,33,27,2,0,0,0,1
1229862,2,2020,2020,7,4,8,2,31,12,34609,0,1,10,-33.901428,151.113901,15,0,2,1,0,0,3,4,2,0,0,50,0,6545,6545,4,5,5,2,0,0,1,3
1229863,1,2020,2020,3,2,1,30,27,187,94,0,1,9,-33.880566,150.979324,15,0,2,1,2,0,0,0,0,0,7,60,1,418,777,5,10,40,1,0,0,0,1
1229864,1,2020,2020,7,0,7,829,27,159,770,0,1,9,-33.807656,151.087945,61,0,2,1,0,0,0,0,2,0,2,60,2,2040,2040,9,33,28,2,0,0,0,1
1229866,4,2020,2020,7,4,8,57,27,337,47,0,1,9,-33.726301,150.990293,71,0,2,1,2,0,0,0,3,2,7,60,2,29,29,6,30,40,2,0,2,0,1
1229869,2,2020,2020,0,5,8,178,27,115,101,0,1,2,-33.960658,151.05064,25,0,2,1,3,0,0,0,3,0,7,50,1,14295,14295,3,5,0,2,0,0,1,0
1229871,1,2020,2020,7,1,6,46,27,219,34609,0,1,1,-32.889178,151.66178,48,0,2,1,3,0,0,0,2,0,7,60,0,1981,1981,4,34,5,2,0,0,0,1
1229873,4,2020,2020,7,5,3,92,27,143,34609,0,1,1,-33.882108,151.10276,9,0,2,1,1,0,0,0,2,0,7,50,0,941,941,1,5,5,5,0,1,0,0
1229874,4,2020,2020,0,2,6,1,25,234,34609,0,1,1,-34.295146,146.027699,28,2,1,1,1,0,0,0,2,0,7,50,0,214,214,9,5,26,2,0,1,0,0
1229875,2,2020,2020,3,1,8,111,27,102,233,1,0,10,-33.955613,151.230321,59,0,2,1,1,0,0,0,2,2,9,60,2,6545,6545,4,0,5,3,0,0,1,0
1229876,2,2020,2020,0,1,6,93,1,154,220,0,1,1,-33.717258,150.956499,71,0,2,1,0,0,0,0,2,0,7,60,2,3775,3775,0,5,5,2,0,0,1,0
1229877,1,2020,2020,0,6,7,15,31,201,46,0,1,2,-34.887688,150.605105,63,2,1,1,1,0,0,0,2,0,7,50,1,14295,14295,3,10,5,2,0,0,0,1