Crash ID,Degree of crash - detailed,Reporting year,Year of crash,Month of crash,Day of week of crash,Two-hour intervals,Street of crash,Street type,Town,Route no.,School zone location,School zone active,Type of location,Latitude,Longitude,LGA,Urbanisation,Conurbation 1,Alignment,Street lighting,Road surface,Surface condition,Weather,Natural lighting,Signals operation,Other traffic control,Speed limit,Road classification,RUM - code,DCA - code,First impact type,Key TU type,Other TU type,No. of traffic units involved,No. killed,No. seriously injured,No. moderately injured,No. minor-other injured
1229878,2,2020,2020,7,1,2,220,14,67,220,0,1,3,-34.419465,150.873018,80,0,2,0,2,0,0,0,0,0,7,90,2,14295,14295,3,5,10,2,0,0,1,0
1229880,1,2020,2020,0,6,11,72,27,121,102,0,1,1,-33.796702,151.283939,50,0,2,1,2,0,0,0,0,0,7,60,2,1945,1945,5,22,40,1,0,0,0,1
1229881,2,2020,2020,7,0,7,85,31,219,34609,0,1,10,-32.900818,151.673572,48,0,2,1,1,0,3,4,2,0,0,60,0,6545,6545,4,34,5,2,0,0,2,0
1229884,2,2020,2020,7,5,5,41,27,293,91,0,1,1,-33.952883,151.242727,59,0,2,1,0,0,0,0,2,0,7,60,1,1981,1981,4,5,5,3,0,0,1,0
1229888,2,2020,2020,7,4,6,21,31,646,34609,0,1,7,-33.92293,151.05001,15,0,2,1,1,0,3,4,2,0,0,60,0,2852,2852,4,5,13,2,0,0,1,0
1229892,2,2020,2020,0,6,7,12,25,363,34609,0,1,9,-33.753558,150.700093,55,0,2,1,1,0,0,0,2,0,7,50,0,1220,1220,9,33,28,2,0,0,1,0
1229893,2,2020,2020,4,4,9,35,27,109,96,0,1,9,-33.898528,151.134426,32,0,2,1,2,0,3,4,0,0,7,50,2,1850,777,5,15,40,1,0,0,1,0
1229894,1,2020,2020,0,6,4,73,24,65,88,0,1,1,-33.708548,151.281066,50,0,2,0,0,0,3,3,2,0,7,80,2,2585,4009,8,5,40,1,0,0,0,1
1229895,4,2020,2020,7,4,9,39,27,5,43,0,1,9,-32.551872,149.635459,44,1,0,1,0,0,3,4,2,0,7,100,1,9859,9859,8,5,40,1,0,1,0,0
1229899,2,2020,2020,7,1,4,112,17,27,112,0,1,1,-31.553666,143.371256,51,1,0,0,0,0,3,6,2,0,7,110,2,380,714,5,8,40,1,0,0,2,0
1229900,2,2020,2020,0,5,4,143,1,646,34609,0,1,9,-33.925896,151.024719,15,0,2,1,1,0,0,0,2,0,7,50,0,2852,2852,4,5,36,2,0,0,1,0
1229902,2,2020,2020,0,3,7,9,27,19,34609,0,1,1,-34.088726,150.83033,13,0,2,0,1,0,0,0,2,0,7,50,0,1259,5151,1,5,10,2,0,0,1,0
1229903,4,2020,2020,7,3,5,59,10,8,231,0,1,1,-33.481953,151.38564,16,2,2,0,1,0,3,4,2,0,7,70,2,1850,1463,5,22,40,1,0,1,0,0
1229904,4,2020,2020,3,2,6,2261,17,30,2252,0,1,2,-35.641128,147.45278,27,1,0,1,0,0,0,0,2,0,7,110,2,4026,4026,8,5,40,1,0,1,0,0
1229905,4,2020,2020,0,5,7,3371,17,463,3342,0,1,2,-30.300963,153.110591,19,2,1,1,1,0,3,4,2,0,7,60,2,1945,1945,5,16,40,1,0,1,0,0
1229906,1,2020,2020,7,3,2,44,27,202,563,0,1,9,-33.94671,151.036051,15,0,2,0,2,0,3,4,0,0,7,70,2,1259,5151,8,5,40,1,0,0,0,1
1229907,4,2020,2020,0,3,7,4,31,38,34609,0,1,1,-33.766494,150.790617,55,0,2,1,1,0,0,0,2,0,7,50,0,1220,1220,9,5,26,2,0,1,0,0
1229911,4,2020,2020,0,6,8,48,27,70,166,0,1,10,-33.258583,151.512895,16,2,2,1,2,0,0,0,3,0,7,50,2,96,96,0,0,0,2,0,1,1,0
1229913,1,2020,2020,7,2,10,81,27,223,34609,0,1,2,-33.808429,150.908376,7,0,2,0,0,0,3,4,2,0,7,60,0,1957,4009,8,5,40,1,0,0,0,1
1229914,2,2020,2020,3,2,11,2,31,194,34609,0,1,10,-30.513699,151.681733,1,2,1,1,2,0,0,0,0,0,0,50,0,4552,985,8,5,40,1,0,0,1,0
1229917,1,2020,2020,3,6,7,105,27,67,109,0,1,1,-33.8761,150.895665,24,0,2,1,1,0,0,0,2,0,7,60,1,1282,1282,1,5,5,2,0,0,0,1
1229918,2,2020,2020,0,2,9,344,27,26,163,0,1,9,-33.75182,150.886899,7,0,2,1,2,0,0,0,0,1,7,60,2,14295,14295,3,5,5,3,0,0,2,0
1229920,1,2020,2020,0,4,3,111,27,293,233,1,0,9,-33.947484,151.229862,59,0,2,0,1,0,0,0,2,1,7,60,2,5929,5929,1,5,5,2,0,0,0,1
1229921,4,2020,2020,7,4,2,280,10,237,240,0,1,9,-33.876956,150.965672,24,0,2,1,2,0,3,4,0,2,9,60,2,1220,1220,9,5,28,2,0,1,0,0
1229926,4,2020,2020,0,5,2,3371,17,4,3342,0,1,2,-29.660822,152.988033,18,1,0,1,0,0,0,0,1,0,7,100,2,4026,4026,8,5,40,3,0,1,1,0
1229928,2,2020,2020,7,2,0,1104,14,45,962,0,1,6,-33.792111,150.808584,55,0,2,1,2,0,0,0,0,0,7,60,2,4026,4026,8,5,40,1,0,0,1,0
1229930,2,2020,2020,7,1,7,41,27,137,80,0,1,7,-32.97487,151.678618,37,0,2,0,1,0,0,0,2,0,0,60,2,14295,14295,3,5,0,2,0,0,1,0
1229933,1,2020,2020,0,0,7,866,17,204,793,0,1,2,-33.899749,150.919138,24,0,2,1,1,0,0,0,2,0,0,70,2,14295,14295,3,10,5,2,0,0,0,1
1229939,2,2020,2020,0,5,5,3,31,55,34609,1,0,1,-36.238895,149.124737,65,2,1,1,3,0,0,0,2,0,7,50,0,1981,1981,4,5,0,2,0,0,1,0
1229941,2,2020,2020,7,1,3,916,17,165,917,0,1,1,-32.3264,150.945018,46,1,0,1,3,0,0,0,2,0,7,100,2,3775,3775,0,10,5,2,0,0,1,0
1229943,2,2020,2020,0,5,8,78,27,284,61,0,1,10,-33.897221,151.021362,15,0,2,1,3,0,0,0,3,2,7,60,1,1391,1391,1,5,36,2,0,0,1,0
1229944,1,2020,2020,3,5,7,132,31,174,126,0,1,10,-33.888649,151.198898,69,0,2,1,3,0,0,0,2,2,7,50,2,14295,14295,3,5,5,2,0,0,0,2
1229947,1,2020,2020,0,0,6,45,27,110,45,0,1,9,-33.743496,151.047112,31,0,2,0,3,0,0,0,2,2,9,60,2,14295,14295,3,10,13,2,0,0,0,2
1229948,2,2020,2020,7,6,6,23,27,53,66,0,1,1,-31.861001,152.386248,43,1,0,1,3,0,3,0,2,0,7,90,1,945,945,5,10,40,1,0,0,1,0
1229951,1,2020,2020,0,1,3,346,17,47,332,0,1,9,-28.863589,153.472989,2,1,0,1,3,0,0,0,2,0,7,100,2,5929,5929,1,10,0,2,0,0,0,1
1229954,2,2020,2020,0,3,2,15,27,4,34609,0,1,1,-33.389629,149.5339,3,1,0,1,3,0,3,1,0,0,7,100,0,9859,9859,8,10,40,1,0,0,1,0
1229955,4,2020,2020,0,0,6,3371,17,11,3342,0,1,2,-31.719255,152.705218,43,1,0,1,3,0,0,0,2,0,7,110,2,4026,4026,8,0,40,1,0,1,0,0
1229958,1,2020,2020,7,1,8,330,27,31,102,0,1,9,-33.776546,151.272697,50,0,2,1,3,0,0,0,2,0,7,50,2,1282,1282,1,30,0,2,0,0,0,1
1229974,1,2020,2020,7,1,4,3,31,225,34609,0,1,2,-33.795181,151.181644,77,0,2,0,3,0,0,3,2,0,7,40,0,1981,1981,4,0,0,2,0,0,0,1
1229977,2,2020,2020,0,4,3,1104,11,532,770,0,1,3,-33.873999,151.201613,69,0,2,1,3,0,0,0,2,0,7,50,2,14295,14295,3,5,5,2,0,0,1,0
1229984,1,2020,2020,7,4,8,2209,17,144,2205,0,1,8,-34.06038,151.025266,68,0,2,1,3,0,0,0,2,0,7,70,2,14295,14295,3,9,13,5,0,0,0,1
1229985,2,2020,2020,0,4,7,7,1,33,34609,0,1,9,-35.124431,147.338939,75,2,1,1,3,0,0,0,2,0,7,50,0,14295,14295,3,30,13,2,0,0,1,0
1229989,2,2020,2020,7,3,8,32,27,134,34609,0,1,10,-33.965652,150.810089,12,0,2,1,1,0,0,0,2,0,15,80,0,6545,6545,4,34,0,2,0,0,1,0
1229990,4,2020,2020,7,1,3,330,23,293,112,0,1,9,-33.950786,151.241229,59,0,2,1,0,0,0,0,2,0,0,60,2,6545,6545,4,5,27,2,0,1,0,0
1229991,1,2020,2020,0,4,5,515,14,197,518,0,1,3,-33.942001,151.080815,15,0,2,1,3,0,0,0,2,0,7,80,2,1391,1391,1,33,36,2,0,0,0,1
1229993,2,2020,2020,0,5,9,177,31,65,34609,0,1,2,-33.856796,150.90007,24,0,2,1,3,0,0,0,0,2,7,60,0,5929,5929,1,5,5,3,0,0,1,0
1229995,1,2020,2020,7,1,8,512,27,246,34609,0,1,1,-33.90465,151.189772,69,0,2,1,3,0,0,0,3,0,7,50,0,14295,14295,3,30,5,2,0,0,0,1
1229999,1,2020,2020,0,1,7,3371,17,58,3342,0,1,2,-28.536196,153.538549,10,1,0,1,3,0,0,0,2,0,7,110,2,14295,14295,3,21,12,2,0,0,0,1
1230001,4,2020,2020,0,6,5,157,17,123,158,0,1,10,-33.834321,148.688726,51,2,1,1,1,0,0,0,2,0,9,50,2,591,591,1,18,13,2,0,1,0,0
1230007,4,2020,2020,3,5,7,20,27,108,31,1,2,10,-33.762635,151.270073,50,0,2,1,0,0,0,0,2,3,7,40,1,14295,14295,3,16,36,2,0,1,0,0
1230009,1,2020,2020,0,2,3,57,31,136,34609,1,0,10,-32.923203,151.713353,48,0,2,1,0,0,0,0,2,0,0,50,0,6545,6545,4,8,27,2,0,0,0,1
1230010,4,2020,2020,7,6,9,104,27,246,140,0,1,10,-33.920825,151.191757,69,0,2,1,1,0,0,0,2,2,7,60,2,5929,5929,1,5,19,2,0,1,0,0
1230011,4,2020,2020,4,5,9,14,1,133,34609,0,1,9,-34.507159,150.796025,80,0,2,0,1,0,0,0,2,0,0,50,0,2852,2852,4,5,19,2,0,1,1,0
1230014,2,2020,2020,0,4,9,60,27,147,69,0,1,10,-33.868774,151.116119,14,0,2,1,2,0,0,0,0,0,15,60,2,775,775,4,5,19,2,0,0,1,0
1230016,2,2020,2020,3,2,8,20,27,132,148,0,1,1,-34.065294,151.055772,68,0,2,1,0,0,0,0,2,0,7,60,2,3775,3775,0,5,19,2,0,0,2,0
1230017,2,2020,2020,7,3,10,1,27,2,34609,0,1,1,-31.986126,152.353458,43,2,1,0,0,2,0,0,0,0,7,80,0,2585,4009,8,10,40,1,0,0,1,0
1230018,2,2020,2020,0,3,10,11,31,119,34609,0,1,1,-32.757408,151.761174,57,2,1,1,0,0,0,0,0,0,7,50,0,9859,9859,8,34,40,1,0,0,1,0
1230020,1,2020,2020,0,4,6,866,17,71,793,0,1,9,-33.835769,150.958659,21,0,2,1,1,0,0,0,2,2,7,70,2,14295,14295,3,9,0,3,0,0,0,1
1230023,4,2020,2020,7,0,6,12,23,50,34609,0,1,10,-33.636404,151.329315,50,0,2,1,1,0,0,0,2,0,9,40,0,2040,2040,9,9,28,2,0,1,0,0
1230025,4,2020,2020,3,5,5,7,31,32,34609,0,1,1,-33.865527,150.974557,24,0,2,1,0,0,0,0,2,0,7,50,0,323,323,1,10,5,2,0,1,0,0
1230027,2,2020,2020,0,1,2,485,27,232,769,0,1,10,-33.674815,150.910907,71,0,2,0,2,0,3,0,1,2,7,80,2,5929,5929,1,10,13,2,0,0,1,0
1230031,4,2020,2020,7,0,5,1052,14,149,928,0,1,3,-33.347821,151.366089,16,1,2,1,0,0,0,0,2,0,7,110,2,4026,4026,8,30,40,2,0,1,0,0
1230033,4,2020,2020,0,6,9,3371,17,73,3342,0,1,2,-33.777033,151.168639,36,0,2,1,2,0,0,0,0,0,7,60,2,1192,1192,1,5,5,2,0,1,1,0
1230037,2,2020,2020,3,5,11,866,31,182,34609,0,1,1,-32.837254,151.356938,17,2,1,1,2,0,0,0,0,0,7,50,0,1981,1981,4,5,5,2,0,0,1,0
1230042,1,2020,2020,7,3,10,2,1,78,34609,0,1,9,-28.330856,153.383865,72,2,1,1,2,0,0,0,0,0,7,60,0,9859,9859,1,30,5,2,0,0,0,1
1230043,2,2020,2020,3,1,4,34,27,38,117,0,1,2,-32.932002,151.690954,48,0,2,1,0,0,3,4,2,0,7,70,2,14295,14295,3,5,0,4,0,0,2,0
1230044,4,2020,2020,0,4,3,46,27,39,34609,0,1,9,-32.883484,151.654168,48,0,2,0,1,0,0,3,2,0,0,60,0,2852,2852,4,10,5,2,0,1,1,0
1230047,2,2020,2020,0,2,7,109,27,44,169,0,1,9,-32.810918,151.43231,17,2,1,1,0,0,0,0,2,0,7,60,2,1669,1669,3,5,13,2,0,0,2,0
1230051,4,2020,2020,7,3,10,12,10,35,34609,0,1,1,-34.107349,150.794551,13,0,2,1,2,0,0,0,0,0,7,60,0,1109,787,1,5,19,2,0,1,0,0
1230054,2,2020,2020,0,0,9,3,10,41,34609,0,1,7,-34.10355,150.807015,13,0,2,0,1,0,0,0,3,0,7,60,0,591,591,1,22,19,2,0,0,1,0
1230058,1,2020,2020,3,5,6,13,3,370,256,0,1,10,-34.066683,150.819605,13,0,2,1,1,0,0,0,2,2,8,60,2,1669,1669,3,0,5,2,0,0,0,1
1230059,2,2020,2020,7,5,5,80,27,316,50,1,0,10,-33.912782,151.239402,59,0,2,1,1,0,0,0,2,2,7,60,2,5929,5929,1,5,19,2,0,0,1,0
1230060,2,2020,2020,7,5,10,829,31,182,34609,0,1,9,-32.830982,151.360847,17,2,1,1,0,0,0,0,0,0,7,50,0,6545,6545,4,9,36,2,0,0,1,0
1230062,4,2020,2020,3,5,6,2261,17,284,2252,0,1,9,-33.905022,151.01004,15,0,2,1,0,0,0,0,2,0,7,70,2,14295,14295,3,9,36,5,0,2,0,0
1230066,4,2020,2020,4,3,8,1,27,3,34609,0,1,1,-31.656033,152.506703,56,2,1,1,0,2,0,0,2,0,7,50,0,14295,14295,3,16,36,2,0,1,0,0
1230067,1,2020,2020,0,0,7,1,1,58,34609,0,1,1,-34.050407,151.110551,68,0,2,0,0,0,0,0,2,0,7,50,0,3775,3775,0,22,0,2,0,0,0,1
1230072,2,2020,2020,7,4,8,42,1,79,34609,0,1,1,-34.914234,150.601738,63,2,1,1,1,0,3,4,3,0,7,60,0,1669,1669,3,29,5,2,0,0,1,0
1230074,2,2020,2020,7,6,4,74,27,66,59,0,1,10,-34.478294,150.886911,80,0,2,1,1,0,0,3,2,2,7,60,2,14295,14295,3,5,0,3,0,0,1,0
1230076,2,2020,2020,0,2,5,39,31,271,21,0,1,9,-33.943832,151.008957,15,0,2,1,1,0,0,0,2,0,7,60,1,591,591,1,22,5,2,0,0,1,0
1230077,2,2020,2020,0,0,9,163,27,41,165,1,0,9,-33.729774,150.827064,7,0,2,1,2,0,3,3,0,0,7,60,1,4026,4026,8,5,40,1,0,0,2,0
1230078,2,2020,2020,7,1,10,56,27,80,80,0,1,1,-33.886249,151.174838,32,0,2,1,2,0,0,0,0,0,7,60,2,941,941,1,5,27,2,0,0,1,0
1230081,4,2020,2020,3,0,6,137,27,4,39,0,1,1,-31.928843,151.221419,73,1,0,1,0,0,0,0,2,0,7,100,1,4026,4026,8,5,40,1,0,1,0,0
1230082,4,2020,2020,7,2,10,119,31,131,34609,0,1,1,-33.787344,151.185775,77,0,2,1,0,0,3,4,0,0,7,40,0,78,78,8,15,40,1,0,1,0,0
1230084,4,2020,2020,7,3,7,67,27,147,74,0,1,1,-33.864301,151.127053,14,0,2,1,1,0,0,0,2,0,7,50,1,4026,4026,8,30,40,1,0,1,0,0
1230086,2,2020,2020,0,3,2,54,31,197,28,0,1,1,-33.951476,151.076236,25,0,2,1,2,0,0,0,0,0,7,50,1,9859,9859,1,5,3,2,0,0,1,0
1230087,2,2020,2020,0,1,9,11,27,9,118,0,1,1,-30.165656,150.588889,51,1,0,0,0,0,0,0,0,0,7,100,2,380,714,5,3,40,1,0,0,1,0
1230089,4,2020,2020,7,4,6,87,1,225,19,0,1,9,-33.799137,151.179492,77,0,2,1,1,0,3,4,2,0,6,60,1,1220,1220,9,10,28,2,0,1,0,0
1230091,4,2020,2020,0,6,4,2,27,224,34609,0,1,1,-33.828414,151.261133,45,0,2,1,1,0,0,0,2,0,7,50,0,515,515,1,5,27,2,0,1,0,0
1230094,2,2020,2020,7,6,11,65,27,646,563,0,1,9,-33.925033,151.037918,15,0,2,1,2,0,0,0,0,2,7,70,2,5929,5929,1,5,5,2,0,0,1,0
1230095,4,2020,2020,7,3,7,1,27,4,34609,0,1,1,-33.398388,148.659182,11,2,1,1,0,2,0,0,2,0,7,80,0,1089,1089,7,16,40,1,0,1,0,0
1230096,4,2020,2020,0,4,9,12,27,11,12,0,1,9,-34.438682,150.866816,80,0,2,0,2,0,0,0,0,0,0,50,2,5929,5929,1,0,19,2,0,1,0,0
1230097,1,2020,2020,3,3,4,178,27,189,101,0,1,9,-33.942304,151.054031,15,0,2,1,1,0,0,0,2,2,7,50,1,2852,2852,4,0,5,2,0,0,0,1
1230103,4,2020,2020,7,0,4,7,1,226,34609,0,1,9,-33.759413,150.826914,7,0,2,1,1,0,0,0,2,0,7,50,0,1220,1220,9,5,28,2,0,1,0,0
1230104,1,2020,2020,7,2,8,205,27,42,415,0,1,2,-33.70243,151.20879,50,0,2,1,0,0,0,0,2,0,7,80,2,4026,4026,8,30,40,1,0,0,0,1
1230105,1,2020,2020,7,1,8,117,1,49,35,0,1,1,-33.966301,151.150616,4,0,2,1,1,0,0,0,2,0,7,60,2,14295,14295,3,34,5,2,0,0,0,1
1230109,1,2020,2020,0,0,6,35,27,32,34,0,1,1,-30.148516,151.594033,1,1,0,0,3,0,0,0,2,0,7,100,1,418,714,5,0,40,1,0,0,0,1
1230116,1,2020,2020,0,6,3,2126,17,163,2149,0,1,2,-33.869628,151.111201,14,0,2,1,3,0,0,0,1,0,7,60,2,14295,14295,3,30,12,4,0,0,0,1
1230120,1,2020,2020,0,4,7,2209,17,22,2205,0,1,1,-36.155542,150.095662,23,1,0,1,3,0,3,4,2,0,7,100,2,3775,3775,0,10,10,2,0,0,0,1
1230126,1,2020,2020,3,1,2,3371,17,54,3342,0,1,9,-33.089603,151.638246,37,0,2,1,2,0,3,0,0,2,7,60,2,14295,14295,3,34,41,2,0,0,0,1
1230130,4,2020,2020,3,1,6,2126,17,445,2149,0,1,10,-33.850798,151.053667,21,0,2,1,1,0,0,3,2,2,7,60,2,14295,14295,3,5,5,3,0,1,1,0
1230133,2,2020,2020,4,4,6,866,17,187,793,0,1,10,-33.793269,150.994368,54,0,2,1,1,0,0,0,2,2,7,70,2,5929,5929,1,15,5,2,0,0,1,0
1230134,2,2020,2020,3,3,11,9,10,30,26,0,1,7,-34.036043,150.805012,13,0,2,1,2,0,0,0,0,0,7,60,1,78,78,8,5,40,1,0,0,1,0
1230136,2,2020,2020,3,0,8,8,31,215,34609,0,1,1,-35.112141,147.371939,75,2,1,1,0,0,0,0,2,0,7,50,0,14295,14295,3,5,0,2,0,0,1,1
1230137,2,2020,2020,4,6,2,6,27,2,34609,0,1,9,-35.683771,147.110249,27,1,0,0,0,0,0,0,0,0,7,100,0,1259,5151,8,5,40,1,0,0,1,1
1230138,2,2020,2020,3,2,2,10,27,2,34609,0,1,1,-33.560479,149.611595,3,2,1,1,1,0,0,0,1,0,7,80,0,1945,1945,5,10,40,1,0,0,1,0
1230139,2,2020,2020,4,3,7,2,10,11,34609,0,1,1,-35.734666,150.191335,23,2,1,0,3,0,0,0,2,0,7,50,0,4552,5151,8,11,40,1,0,0,1,1
1230140,2,2020,2020,3,5,2,194,31,445,18,0,1,2,-33.863768,151.051303,21,0,2,1,0,0,0,0,0,0,7,60,1,3775,3775,0,10,0,2,0,0,1,0
1230143,4,2020,2020,3,5,9,2,27,6,10,0,1,1,-32.208188,146.464439,51,2,1,1,0,2,0,0,0,0,7,50,1,9859,9859,8,10,40,1,0,1,0,0
1230145,2,2020,2020,7,5,6,3371,17,19,3342,0,1,2,-31.889277,152.549557,43,1,0,0,3,0,3,4,2,0,7,100,2,4552,5151,8,0,40,2,0,0,2,0
1230146,2,2020,2020,7,1,5,6,27,84,25,0,1,1,-33.480025,151.406479,16,2,2,0,3,0,3,4,2,0,7,60,1,782,957,5,5,40,1,0,0,1,0
1230147,4,2020,2020,3,2,6,192,10,57,114,0,1,7,-33.446007,151.372391,16,2,2,1,1,0,0,0,2,0,0,70,2,6545,6545,4,5,19,2,0,1,0,0
1230150,4,2020,2020,3,2,5,12,10,26,8,0,1,10,-34.018313,151.079845,68,0,2,1,1,0,0,0,2,2,7,60,1,6545,6545,4,10,13,4,0,1,0,0
1230151,4,2020,2020,7,4,6,13,10,148,34609,0,1,1,-36.046031,146.945826,0,2,1,1,1,0,0,0,2,0,7,50,0,4026,4026,8,5,40,1,0,1,0,0
1230152,4,2020,2020,3,3,8,916,17,70,917,0,1,7,-32.725396,151.543964,42,2,1,1,1,0,0,0,2,0,0,60,2,6545,6545,4,16,0,2,0,1,0,0
1230155,2,2020,2020,7,0,6,100,27,109,799,0,1,1,-33.902287,151.144534,32,0,2,0,0,0,0,0,2,0,7,60,2,1383,1383,1,5,19,2,0,0,1,0
1230156,4,2020,2020,7,3,2,475,31,17,34609,0,1,9,-32.729865,151.53958,42,2,1,1,2,0,0,0,0,0,7,50,0,4026,4026,8,5,40,1,0,1,0,0
1230157,1,2020,2020,3,1,2,52,27,78,103,0,1,1,-33.86294,151.012362,21,0,2,1,2,0,0,0,0,0,7,50,2,14295,14295,3,33,27,2,0,0,0,1
1230158,2,2020,2020,3,4,7,6,31,13,34609,0,1,10,-33.816574,151.076096,61,0,2,1,1,0,3,0,2,0,15,50,0,2852,2852,4,30,5,2,0,0,1,0
1230159,4,2020,2020,7,2,5,39,31,148,34609,0,1,9,-36.053137,146.938559,0,2,1,1,1,0,0,0,2,0,7,50,0,1282,1282,1,0,19,2,0,1,0,0
1230161,2,2020,2020,3,4,8,3,10,251,34609,0,1,1,-33.777295,150.960579,7,0,2,0,3,0,3,3,2,0,7,50,0,1259,5151,1,5,0,2,0,0,1,1
1230162,2,2020,2020,7,0,10,2,27,98,34609,0,1,1,-30.957403,150.209719,51,2,1,1,0,0,0,0,0,0,7,80,0,4026,4026,8,10,40,1,0,0,1,0
1230163,2,2020,2020,7,1,3,83,27,13,34609,0,1,1,-28.673535,153.556281,10,2,1,0,0,0,3,4,2,0,7,80,0,1957,4009,8,9,40,1,0,0,1,0
1230164,1,2020,2020,7,6,7,4,31,64,34609,0,1,7,-34.043441,150.736232,12,0,2,1,1,0,0,0,2,0,0,50,0,6545,6545,4,0,5,2,0,0,0,1
1230166,4,2020,2020,7,5,5,3,27,12,34609,0,1,1,-28.66622,153.573313,10,2,1,0,0,2,3,4,2,0,7,60,0,3775,3775,0,0,0,2,0,1,0,0
1230167,4,2020,2020,7,2,10,111,27,102,233,0,1,2,-33.967571,151.231554,59,0,2,0,2,0,3,4,0,0,7,60,1,1957,4009,8,5,40,1,0,1,0,0
1230168,4,2020,2020,7,1,1,1,27,44,34609,0,1,1,-33.078052,147.099086,51,2,1,0,0,0,0,0,0,0,7,10,0,1957,4009,8,10,40,1,0,1,0,0
1230169,4,2020,2020,7,5,9,2,27,23,34609,0,1,1,-35.24706,147.163681,75,2,1,1,0,2,3,0,3,0,7,50,0,1945,1945,5,10,40,1,0,1,0,0
1230173,2,2020,2020,7,6,8,109,27,460,106,0,1,9,-33.835734,150.985969,21,0,2,1,1,0,3,4,3,0,0,60,1,591,591,1,22,5,2,0,0,1,0
1230175,1,2020,2020,7,6,2,2261,17,68,2252,0,1,2,-34.806604,148.885972,82,1,0,1,3,0,0,3,0,0,7,110,2,14295,14295,3,3,2,2,0,0,0,2
1230176,1,2020,2020,7,1,2,3371,17,90,3342,0,1,2,-28.237517,153.562332,72,1,0,0,0,0,3,3,0,0,7,110,2,4552,5151,8,5,40,1,0,0,0,1
1230177,4,2020,2020,7,3,3,283,27,145,702,1,0,10,-33.92291,151.06837,15,0,2,1,1,0,0,0,2,2,7,60,2,4552,985,8,5,40,1,0,2,0,0
1230179,2,2020,2020,3,0,6,31,23,139,187,0,1,2,-33.871791,151.139717,32,0,2,1,1,0,0,0,2,0,7,60,2,14295,14295,3,5,13,2,0,0,1,0
1230180,4,2020,2020,3,0,8,41,10,117,34609,0,1,1,-28.185461,153.533283,72,2,1,1,1,0,3,4,2,0,7,50,0,2040,2040,9,0,28,2,0,1,0,0
1230184,1,2020,2020,0,1,10,9,27,12,38,0,1,9,-33.840656,150.962128,21,0,2,1,3,0,0,0,0,0,0,60,1,14295,14295,3,30,0,2,0,0,0,1
1230187,1,2020,2020,0,1,7,829,27,123,770,0,1,10,-33.81405,151.05365,54,0,2,1,3,0,0,0,2,2,7,70,2,6545,6545,4,5,0,2,0,0,0,2
1230193,4,2020,2020,3,0,3,97,31,142,92,0,1,9,-33.827472,150.994034,21,0,2,1,0,0,0,0,2,0,0,60,1,1669,1669,3,5,5,3,0,1,1,1
1230196,2,2020,2020,0,5,3,2209,17,106,2205,0,1,2,-34.57111,150.814324,62,0,2,1,1,0,0,0,2,0,7,80,2,14295,14295,3,9,41,3,0,0,2,0
1230202,1,2020,2020,0,1,8,83,31,523,34609,0,1,10,-33.919827,150.921783,41,0,2,1,3,0,0,0,3,2,7,50,0,1391,1391,1,30,5,2,0,0,0,1
1230205,1,2020,2020,4,0,6,829,27,309,770,0,1,9,-33.815449,151.100517,61,0,2,1,3,0,0,0,2,0,7,60,2,623,623,3,0,5,2,0,0,0,1
1230206,2,2020,2020,0,0,8,117,27,73,702,0,1,9,-33.828548,151.089046,14,0,2,1,3,0,0,0,3,2,7,70,2,14295,14295,3,34,0,2,0,0,1,0
1230207,2,2020,2020,0,0,3,39,22,65,34609,0,1,1,-33.39619,151.396455,16,2,2,0,0,0,3,3,1,0,7,60,0,273,957,5,5,40,1,0,0,1,0
1230208,2,2020,2020,0,5,10,9,1,370,34609,0,1,9,-34.070237,150.811066,13,0,2,1,3,0,0,0,0,0,0,50,0,83,83,1,5,5,2,0,0,1,0
1230209,1,2020,2020,0,6,7,475,10,523,268,0,1,10,-33.915278,150.9097,41,0,2,1,3,0,0,0,2,2,7,70,2,14295,14295,3,30,36,2,0,0,0,1
1230210,4,2020,2020,3,1,7,18,31,215,34609,0,1,7,-35.111709,147.367125,75,2,1,1,1,0,0,0,2,0,0,50,0,1220,1220,9,10,28,2,0,1,1,0
1230211,2,2020,2020,7,6,7,126,1,226,144,0,1,9,-33.775701,150.815107,7,0,2,1,1,0,0,0,2,0,7,60,2,5929,5929,1,21,0,3,0,0,2,2
1230212,4,2020,2020,7,2,3,2209,17,157,2205,0,1,2,-34.009993,151.096781,68,0,2,1,0,0,0,3,2,0,7,70,2,14295,14295,3,5,27,2,0,1,0,0
1230213,2,2020,2020,7,0,5,14,27,44,34609,0,1,9,-30.713493,152.909958,47,2,1,0,0,0,0,0,2,0,7,60,0,5929,5929,1,34,0,2,0,0,1,0
1230214,4,2020,2020,7,1,5,25,27,89,208,0,1,10,-33.860428,150.896759,24,0,2,1,1,0,3,3,2,2,7,50,1,6545,6545,4,30,33,2,0,1,6,2
1230215,4,2020,2020,3,0,8,10,27,40,34609,0,1,9,-32.025154,152.50892,43,2,1,0,1,2,0,0,0,0,7,80,0,4552,5151,8,10,40,1,0,1,0,0
1230216,1,2020,2020,7,5,4,330,27,53,605,0,1,2,-33.727544,151.299459,50,0,2,1,1,0,0,0,2,0,7,60,2,4026,4026,8,5,40,1,0,0,0,1
1230217,4,2020,2020,7,0,6,296,27,290,293,0,1,2,-33.861871,150.99244,21,0,2,1,0,0,0,0,2,0,7,70,2,1282,1282,1,16,36,2,0,1,0,0