Crash ID,Degree of crash - detailed,Reporting year,Year of crash,Month of crash,Day of week of crash,Two-hour intervals,Street of crash,Street type,Town,Route no.,School zone location,School zone active,Type of location,Latitude,Longitude,LGA,Urbanisation,Conurbation 1,Alignment,Street lighting,Road surface,Surface condition,Weather,Natural lighting,Signals operation,Other traffic control,Speed limit,Road classification,RUM - code,DCA - code,First impact type,Key TU type,Other TU type,No. of traffic units involved,No. killed,No. seriously injured,No. moderately injured,No. minor-other injured
1230221,4,2020,2020,3,6,6,1,1,70,34609,0,1,1,-33.905699,150.991482,15,0,2,1,1,0,0,0,2,0,7,50,0,4026,4026,1,10,5,2,0,1,0,0
1230227,4,2020,2020,3,0,8,21,27,98,174,0,1,1,-33.00783,151.578612,37,0,2,1,1,0,0,0,2,0,7,60,2,15,15,1,16,36,3,0,1,2,0
1230229,1,2020,2020,7,2,5,475,10,523,268,0,1,9,-33.918344,150.915497,41,0,2,1,3,0,0,0,2,1,8,70,2,14295,14295,3,30,13,2,0,0,0,1
1230230,1,2020,2020,0,2,7,2209,17,70,2205,0,1,9,-34.031376,151.078155,68,0,2,1,3,0,0,0,2,2,7,70,2,1669,1669,3,5,13,2,0,0,0,1
1230233,2,2020,2020,0,6,8,2126,17,140,2149,0,1,2,-33.777482,150.806117,7,0,2,1,3,0,0,0,2,0,7,80,2,9859,9859,1,5,0,3,0,0,1,0
1230234,1,2020,2020,0,0,5,866,17,110,793,0,1,9,-33.748074,151.04983,71,0,2,0,3,0,0,0,2,2,7,70,2,1391,1391,1,5,5,3,0,0,0,1
1230235,2,2020,2020,0,5,3,205,27,45,415,0,1,2,-33.699505,151.215476,50,0,2,1,3,0,0,0,1,0,7,80,2,475,475,5,0,40,1,0,0,1,0
1230236,4,2020,2020,7,1,6,86,27,7,42,0,1,1,-31.041491,152.746837,34,1,0,0,0,0,0,0,2,0,7,100,1,2585,4009,8,10,40,1,0,1,0,0
1230239,1,2020,2020,3,4,8,296,27,460,293,0,1,9,-33.838272,151.000108,21,0,2,1,3,0,0,0,2,0,7,70,2,14295,14295,3,10,5,3,0,0,0,1
1230240,1,2020,2020,0,2,10,4,31,246,34609,0,1,9,-33.919372,151.197419,69,0,2,1,3,0,0,0,0,0,0,50,0,6545,6545,4,5,12,2,0,0,0,1
1230241,4,2020,2020,7,1,7,43,27,46,29,0,1,7,-32.915193,151.672332,48,0,2,1,1,0,0,0,2,0,0,60,1,5929,5929,1,16,5,2,0,1,0,0
1230242,4,2020,2020,7,0,0,3,27,25,34609,0,1,1,-32.351438,150.695076,46,1,0,0,0,0,0,0,0,0,7,100,0,4552,5151,8,5,40,1,0,1,0,0
1230243,4,2020,2020,3,6,8,81,17,24,34609,0,1,1,-34.408263,150.526105,78,2,1,0,0,0,3,4,2,0,7,80,0,4552,5151,8,5,40,1,0,1,0,0
1230245,4,2020,2020,7,0,3,4,1,219,34609,0,1,1,-32.902368,151.676744,48,0,2,1,2,0,3,3,1,0,7,60,0,3775,3775,0,5,5,2,0,1,0,0
1230246,2,2020,2020,7,3,9,1,10,38,34609,0,1,9,-30.258788,153.136236,19,2,1,1,2,0,3,4,0,0,7,50,0,1945,1945,5,15,40,1,0,0,1,0
1230252,4,2020,2020,3,0,3,44,31,41,605,0,1,10,-33.780789,151.267751,50,0,2,1,2,0,3,4,2,2,7,60,2,2040,2040,9,10,28,2,0,1,0,0
1230256,4,2020,2020,7,2,8,25,27,64,32,0,1,10,-34.384431,150.906766,80,0,2,1,0,0,0,0,2,2,7,60,1,5929,5929,1,10,27,2,0,1,0,0
1230257,2,2020,2019,2,1,10,169,31,108,57,0,1,1,-28.867783,153.553758,2,2,1,1,2,0,0,0,0,0,7,60,1,591,591,1,22,5,2,0,0,1,0
1230260,4,2020,2020,3,5,4,3371,17,23,3342,0,1,2,-32.994814,151.687567,37,0,2,1,1,0,0,0,2,0,7,70,2,14295,14295,3,5,5,2,0,1,1,0
1230262,2,2020,2020,7,5,5,70,27,17,100,0,1,1,-33.665189,150.655279,8,2,2,0,0,0,0,0,2,0,7,60,2,1850,1463,5,16,40,1,0,0,1,0
1230263,4,2020,2020,7,0,9,18,27,89,27,0,1,1,-33.689702,150.785538,55,0,2,1,1,0,0,0,2,0,7,80,1,9859,9859,8,5,40,1,0,1,1,0
1230265,2,2020,2020,7,5,9,2209,17,41,2205,0,1,10,-33.906654,151.181392,69,0,2,1,1,0,0,0,3,2,9,50,2,6545,6545,4,5,27,2,0,0,1,0
1230266,2,2020,2020,0,6,9,48,27,14,26,0,1,1,-34.851565,149.683406,26,1,0,1,0,0,3,4,0,0,7,100,2,9859,9859,8,5,40,1,0,0,1,0
1230269,2,2020,2020,7,3,7,916,17,172,917,0,1,10,-32.746618,151.581549,42,2,1,1,2,0,0,0,2,2,9,60,2,14295,14295,3,16,0,2,0,0,1,0
1230273,4,2020,2020,7,5,9,205,27,161,415,0,1,2,-33.736258,151.152737,36,0,2,0,1,0,3,4,2,0,7,60,2,1957,4009,8,10,40,1,0,1,0,0
1230275,1,2020,2019,2,4,8,39,27,21,51,0,1,1,-33.676945,151.098084,31,0,2,1,1,0,0,0,3,0,7,60,2,623,623,3,5,13,2,0,0,0,1
1230277,2,2020,2020,0,0,9,194,31,10,40,1,0,9,-33.444386,149.184782,51,2,1,1,0,0,0,0,0,0,0,50,2,9859,9859,8,5,40,1,0,0,1,0
1230278,4,2020,2020,3,5,7,22,27,25,228,0,1,9,-33.615131,150.833863,29,2,2,1,1,0,0,0,2,2,7,80,2,14295,14295,3,10,5,3,0,1,0,0
1230279,2,2020,2020,0,2,5,296,27,290,293,1,0,10,-33.85,150.996751,21,0,2,1,1,0,0,0,2,0,7,70,2,1383,1383,1,5,5,3,0,0,1,1
1230281,1,2020,2020,7,4,3,11,1,163,74,0,1,1,-33.846813,151.096141,14,0,2,0,1,0,3,4,2,0,7,50,1,3775,3775,0,5,5,2,0,0,0,1
1230282,4,2020,2020,7,6,4,512,17,8,441,0,1,10,-33.41665,149.266114,11,1,0,1,0,0,0,3,2,0,0,100,2,1669,1669,3,5,13,2,0,1,1,0
1230284,4,2020,2020,3,1,4,3371,17,40,3342,0,1,9,-31.52774,152.791594,56,1,0,1,0,0,3,4,2,0,15,110,2,256,256,4,5,13,2,0,1,0,0
1230287,2,2020,2020,0,0,9,3,31,144,34609,0,1,9,-34.076365,151.01008,68,0,2,1,2,0,0,0,0,0,7,50,0,14295,14295,3,0,0,3,0,0,1,0
1230295,4,2020,2020,0,3,3,43,27,11,118,0,1,1,-30.773622,150.738769,70,1,0,1,1,0,0,0,1,0,7,100,2,4026,4026,8,10,40,1,0,1,2,0
1230296,2,2020,2020,0,2,0,1052,14,87,928,0,1,3,-33.069137,151.478069,37,0,2,1,0,0,0,0,0,0,7,110,2,4026,4026,8,5,40,1,0,0,1,0
1230299,2,2020,2020,0,6,9,2,4,89,34609,0,1,1,-28.212774,153.516561,72,2,1,1,2,0,0,0,0,0,7,50,0,941,941,1,5,0,2,0,0,1,0
1230300,2,2020,2020,3,4,4,72,27,278,56,0,1,1,-33.786636,151.060388,54,0,2,1,0,0,0,3,2,0,7,60,2,1669,1669,3,5,5,3,0,0,1,1
1230302,1,2020,2020,3,2,10,38,27,78,38,0,1,1,-33.400296,151.45173,16,2,2,0,1,0,0,0,0,0,7,60,1,3775,3775,0,5,5,2,0,0,0,2
1230303,4,2020,2020,3,6,2,11,27,197,6,1,0,1,-33.947453,151.076722,25,0,2,1,2,0,0,0,0,0,7,50,1,1220,1220,9,5,28,2,0,1,0,0
1230304,4,2020,2020,7,5,8,23,27,123,38,0,1,1,-33.742497,148.692141,51,1,0,1,0,0,3,4,2,0,7,100,2,945,945,5,5,40,1,0,1,0,0
1230305,4,2020,2020,7,2,5,26,10,16,26,0,1,1,-36.741854,149.942524,5,1,0,1,0,0,0,0,2,0,7,100,1,323,323,1,16,40,2,0,1,0,0
1230307,4,2020,2020,4,1,6,2209,17,201,2205,0,1,10,-34.875014,150.605422,63,2,1,1,1,0,0,0,2,2,9,70,2,591,591,1,22,5,2,0,1,1,0
1230308,2,2020,2020,7,2,5,17,27,11,11,0,1,1,-34.667825,150.244924,78,1,0,1,0,0,0,0,2,0,7,100,1,1192,1192,1,33,27,2,0,0,1,0
1230310,2,2020,2020,7,0,4,23,27,75,34609,0,1,1,-33.699356,150.362283,8,2,2,1,0,0,0,0,2,0,7,50,0,1109,787,1,5,27,2,0,0,1,0
1230314,4,2020,2020,0,1,10,1,31,293,34609,0,1,1,-33.942026,151.230139,59,0,2,1,3,0,0,0,0,0,7,50,0,9859,9859,1,5,0,3,0,1,0,0
1230315,1,2020,2020,0,5,6,57,1,193,145,0,1,10,-33.792301,151.082853,61,0,2,1,3,0,0,0,2,2,7,60,2,14295,14295,3,5,5,2,0,0,0,1
1230317,2,2020,2020,0,4,8,265,17,103,193,0,1,1,-34.281024,148.362739,30,1,0,0,3,0,3,3,2,0,7,100,2,4552,5151,8,5,40,1,0,0,1,0
1230318,4,2020,2020,0,1,6,3371,17,63,3342,0,1,7,-33.238745,151.499247,16,2,2,0,3,0,0,3,2,0,0,70,2,6545,6545,4,0,5,2,0,1,0,0
1230319,2,2020,2020,0,2,11,51,27,95,45,0,1,10,-33.743991,150.834838,7,0,2,1,3,0,0,0,0,2,7,60,1,5929,5929,1,5,13,2,0,0,1,0
1230321,1,2020,2020,7,0,6,6,18,106,34609,0,1,10,-33.891091,151.172559,32,0,2,1,1,0,0,0,2,0,15,50,0,6545,6545,4,9,27,2,0,0,0,1
1230322,1,2020,2020,0,5,7,95,27,50,605,0,1,10,-33.636784,151.330416,50,0,2,1,3,0,0,0,2,3,7,60,2,623,623,3,10,5,2,0,0,0,1
1230324,2,2020,2020,0,0,8,3371,17,12,3342,0,1,2,-28.663708,153.547201,10,1,0,1,0,0,0,0,2,0,7,110,2,475,475,5,21,40,1,0,0,1,0
1230329,4,2020,2020,0,6,6,196,10,24,168,0,1,1,-33.964532,150.984094,15,0,2,0,1,0,0,0,2,0,7,60,2,14295,14295,3,5,13,2,0,1,0,0
1230333,4,2020,2020,0,0,11,3,27,2,34609,0,1,1,-32.153126,148.570483,22,1,0,1,3,0,0,0,0,0,7,100,0,945,945,5,5,40,1,0,1,0,0
1230335,4,2020,2020,8,0,6,3,27,35,34609,0,1,9,-33.978553,151.243712,59,0,2,1,3,0,0,0,2,0,15,50,0,926,926,4,5,19,2,0,1,0,0
1230338,4,2020,2020,7,3,11,3371,17,83,3342,0,1,2,-30.056584,153.184664,19,1,0,1,0,0,0,0,0,0,7,110,2,9859,9859,8,10,40,1,0,1,0,0
1230340,2,2020,2019,9,5,8,16,27,38,34609,0,1,9,-32.809279,151.465291,17,2,1,1,3,0,0,0,2,0,7,50,0,14295,14295,3,5,0,2,0,0,1,0
1230341,1,2020,2020,0,4,3,126,27,30,168,0,1,10,-34.047866,150.761709,12,0,2,1,3,0,0,0,2,2,7,80,2,14295,14295,3,5,36,2,0,0,0,1
1230349,2,2020,2020,3,1,7,10,27,106,34609,0,1,1,-33.889534,151.182081,69,0,2,1,3,0,0,0,2,0,9,40,0,2040,2040,9,5,28,2,0,0,1,0
1230352,4,2020,2020,0,3,3,1104,14,445,40,0,1,9,-33.849552,151.053992,54,0,2,0,1,0,0,0,2,0,15,60,1,2585,4009,8,5,40,1,0,1,0,0
1230354,2,2020,2020,7,2,6,916,17,19,917,0,1,1,-30.615473,151.534075,51,1,0,1,0,0,0,0,2,0,14,100,2,14295,14295,3,10,13,2,0,0,1,1
1230356,2,2020,2020,0,0,9,866,17,174,793,1,0,10,-33.869694,150.925265,24,0,2,1,2,0,0,0,3,2,7,70,2,14295,14295,3,0,5,2,0,0,1,0
1230360,4,2020,2020,0,4,5,11,27,9,34609,0,1,1,-33.159455,151.527869,16,2,2,1,0,0,0,0,2,0,7,80,0,1945,1945,5,16,40,1,0,1,0,0
1230361,1,2020,2019,9,0,8,5,31,30,13,0,1,9,-33.860744,151.143637,14,0,2,1,1,0,0,0,2,0,7,50,1,3775,3775,0,16,0,2,0,0,0,2
1230362,1,2020,2020,0,4,7,19,31,130,321,0,1,10,-33.87344,151.196083,69,0,2,1,1,0,0,3,2,1,9,50,2,1220,1220,9,5,28,2,0,0,0,1
1230365,4,2020,2020,7,5,7,12,27,53,55,0,1,1,-33.851599,150.969865,21,0,2,1,1,0,0,0,2,0,7,50,2,43,43,3,10,27,2,0,1,0,0
1230374,1,2020,2020,3,3,4,3,27,65,34609,0,1,1,-34.487954,150.879812,80,0,2,1,3,0,3,4,2,0,7,50,0,3775,3775,0,5,5,2,0,0,0,1
1230379,4,2020,2020,7,5,8,1104,14,113,962,0,1,3,-33.786117,150.7078,55,0,2,1,1,0,0,0,2,0,7,80,2,14295,14295,3,0,0,3,0,1,1,1
1230381,4,2020,2020,7,1,7,11,27,147,34609,0,1,1,-33.738188,151.149362,36,0,2,1,1,0,3,4,2,0,7,50,0,9859,9859,8,5,40,1,0,1,0,0
1230383,2,2020,2020,4,6,5,205,27,50,415,0,1,10,-33.682966,151.261497,50,0,2,1,1,0,0,0,2,2,7,70,2,5929,5929,1,5,5,2,0,0,1,0
1230385,2,2020,2020,0,2,3,98,27,294,799,0,1,9,-33.930177,150.938217,41,0,2,0,3,0,0,0,1,0,7,70,2,926,926,4,0,5,2,0,0,1,0
1230387,2,2020,2020,7,0,8,90,36,9,102,0,1,1,-34.500684,147.857388,20,1,0,1,0,0,0,0,2,0,7,100,2,1945,1945,5,16,40,1,0,0,1,0
1230388,1,2020,2020,7,3,9,69,31,646,563,0,1,2,-33.919177,151.040287,15,0,2,1,3,0,0,0,2,0,7,70,2,14295,14295,3,5,12,2,0,0,0,1
1230390,2,2020,2020,0,5,8,162,31,65,122,0,1,9,-34.498148,150.888817,80,0,2,1,3,0,0,3,2,2,7,70,2,14295,14295,3,0,25,2,0,0,1,0
1230391,2,2020,2020,0,6,7,196,10,166,168,0,1,9,-33.937141,150.982682,15,0,2,0,3,0,0,0,2,2,7,60,2,5929,5929,1,5,5,2,0,0,1,1
1230400,1,2020,2020,7,6,8,866,17,174,793,1,0,10,-33.869694,150.925265,24,0,2,1,3,0,3,4,2,2,9,70,2,14295,14295,3,5,0,2,0,0,0,1
1230401,1,2020,2020,0,5,7,44,31,160,260,0,1,1,-33.110332,151.485157,37,0,2,1,3,0,0,0,2,0,7,50,2,144,144,1,9,5,2,0,0,0,1
1230403,1,2020,2020,7,4,5,23,27,37,47,0,1,1,-34.662105,150.705183,35,2,1,0,3,0,0,0,2,0,7,80,1,1850,1463,5,16,40,1,0,0,0,1
1230408,2,2020,2020,0,0,8,2,1,167,34609,0,1,2,-33.850185,151.073273,54,0,2,1,1,0,0,0,2,0,7,60,0,4026,4026,8,0,40,1,0,0,1,0
1230411,2,2020,2020,3,1,8,74,27,609,163,0,1,7,-33.777141,150.907542,7,0,2,0,1,0,0,0,2,2,0,60,2,6545,6545,4,0,5,2,0,0,1,0
1230412,1,2020,2019,9,5,6,14,1,46,34609,0,1,9,-28.818764,153.288445,39,2,1,1,1,0,0,0,2,0,7,50,0,945,945,5,5,40,1,0,0,0,1
1230413,4,2020,2020,0,6,7,225,17,32,180,0,1,1,-34.588221,150.561164,78,1,0,0,0,0,0,0,2,0,7,100,2,14295,14295,3,5,27,2,0,1,1,0
1230414,4,2020,2020,3,2,8,191,17,32,189,0,1,1,-32.116746,150.176722,73,1,0,1,0,0,0,0,2,0,7,100,2,4026,4026,8,10,40,1,0,2,0,0
1230415,1,2020,2020,0,2,10,2,10,25,34609,0,1,2,-31.552797,152.849439,56,2,1,0,2,0,0,0,0,0,7,50,0,1850,1463,5,31,40,1,0,0,0,1
1230422,2,2020,2020,7,5,4,192,10,57,114,0,1,9,-33.459233,151.356911,16,2,2,0,1,0,3,0,2,0,7,60,2,4552,5151,8,10,40,1,0,0,1,0
1230423,2,2020,2020,0,6,6,103,27,33,167,0,1,9,-33.980326,151.136704,4,0,2,1,1,0,0,0,2,0,7,60,2,591,591,1,22,25,2,0,0,1,0
1230424,4,2020,2020,0,5,8,103,36,13,157,0,1,2,-28.622256,153.004043,51,2,1,1,1,0,0,3,2,0,7,50,2,4026,4026,1,5,0,2,0,1,0,0
1230428,1,2020,2019,2,0,7,1052,14,160,928,0,1,3,-33.121025,151.467123,37,0,2,1,1,0,3,4,2,0,7,110,2,14295,14295,3,9,35,2,0,0,0,1
1230430,1,2020,2019,2,6,2,16,27,12,34609,0,1,1,-32.922177,151.582495,37,0,2,0,2,0,0,0,1,0,7,60,0,1089,1089,7,16,40,1,0,0,0,1
1230431,4,2020,2020,3,3,6,3,10,53,34609,0,1,1,-35.142749,147.364369,75,2,1,1,1,0,0,0,2,0,7,50,0,1109,397,1,10,5,2,0,1,0,1
1230434,1,2020,2020,0,5,7,9,10,11,26,0,1,7,-34.030699,150.816224,13,0,2,0,0,0,0,0,2,0,0,60,1,6545,6545,4,10,5,2,0,0,0,1
1230435,4,2020,2020,0,3,7,28,31,137,54,0,1,10,-34.024531,151.055879,68,0,2,0,1,0,0,0,2,2,7,60,2,5929,5929,1,30,41,2,0,1,1,0
1230436,2,2020,2020,3,3,8,251,14,139,124,0,1,6,-33.829945,151.214455,49,0,2,0,1,0,0,0,2,0,7,60,2,312,312,2,27,40,1,0,0,1,0
1230438,4,2020,2020,0,3,1,1,10,57,34609,0,1,1,-33.595319,151.00325,71,0,2,0,0,0,0,0,0,0,7,60,0,4552,5151,8,5,40,1,0,2,0,0
1230440,4,2020,2020,0,0,3,59,10,89,34609,0,1,0,-33.904631,151.23283,59,0,2,0,0,0,0,0,2,0,0,30,0,515,515,1,5,27,2,0,1,0,0
1230443,4,2020,2020,7,5,11,2126,17,36,2149,0,1,9,-33.885089,151.18449,69,0,2,1,2,0,0,0,0,2,7,60,2,14295,14295,3,10,18,3,0,1,1,0
1230444,2,2020,2020,3,2,8,137,14,24,70,0,1,3,-32.880799,151.581864,37,0,2,1,0,0,2,6,2,0,7,110,2,1192,1192,1,5,36,2,0,0,1,0
1230447,4,2020,2020,0,2,1,3,1,71,34609,1,0,1,-33.840166,150.973185,21,0,2,1,0,0,0,0,0,0,7,50,0,9859,9859,1,22,5,2,0,1,0,0
1230448,1,2020,2020,0,6,3,255,27,69,117,0,1,7,-32.896932,151.694456,48,0,2,1,1,0,0,0,2,0,7,60,2,6545,6545,4,33,27,2,0,0,0,1
1230450,4,2020,2020,0,6,6,78,27,31,61,0,1,9,-33.890217,151.0224,15,0,2,1,1,0,0,0,2,0,0,60,1,2852,2852,4,5,19,2,0,1,0,0
1230451,2,2020,2020,0,5,8,13,27,173,11,0,1,10,-33.778456,151.125655,61,0,2,1,2,0,0,0,2,2,7,50,1,5929,5929,1,5,5,2,0,0,2,0
1230461,4,2020,2020,0,3,4,44,18,48,34609,0,1,1,-33.774991,147.101763,51,1,0,1,0,2,3,0,2,0,7,100,0,1945,1945,5,16,40,1,0,1,0,0
1230462,4,2020,2020,7,2,5,481,17,48,483,0,1,10,-33.923505,147.205342,51,2,1,0,1,0,0,0,2,0,7,40,2,591,591,1,18,5,2,0,1,0,0
1230467,2,2020,2020,3,2,8,76,27,85,148,0,1,9,-32.933594,151.721558,48,0,2,1,1,0,0,0,2,0,8,50,1,5929,5929,1,5,36,2,0,0,1,0
1230468,4,2020,2020,0,4,2,515,14,204,518,0,1,3,-33.936452,151.150916,4,0,2,0,2,0,0,0,1,0,7,80,2,1259,5151,8,0,40,2,0,1,0,0
1230477,2,2020,2020,0,1,7,11,1,72,74,0,1,10,-33.839319,151.090539,14,0,2,1,3,0,0,0,2,0,0,50,1,1391,1391,1,0,36,2,0,0,1,0
1230478,4,2020,2020,0,1,8,50,31,99,34609,0,1,1,-33.891977,151.268376,76,0,2,1,1,0,0,0,3,0,7,50,0,1220,1220,9,16,28,3,0,2,0,0
1230479,1,2020,2020,0,4,8,866,17,110,793,0,1,2,-33.746861,151.051109,31,0,2,1,0,0,0,0,3,0,7,70,2,238,238,9,33,28,2,0,0,0,1
1230480,2,2020,2020,0,5,10,308,14,252,311,0,1,3,-33.941131,150.878815,41,0,2,0,0,0,0,0,0,0,7,100,2,1282,1282,1,29,36,2,0,0,1,0
1230484,2,2020,2020,3,1,8,1104,14,223,962,0,1,3,-33.802882,150.894403,7,0,2,1,1,0,0,3,2,0,7,100,2,14295,14295,3,5,5,2,0,0,1,0
1230487,4,2020,2019,2,5,9,115,27,96,173,0,1,2,-34.286782,150.721855,79,1,2,1,0,0,0,0,2,0,7,100,2,4026,4026,8,9,40,1,0,1,0,0
1230488,1,2020,2020,0,0,9,7,27,2,34609,0,1,1,-30.060447,150.374099,51,1,0,0,0,0,3,0,3,0,7,100,0,782,957,5,10,40,1,0,0,0,1
1230489,4,2020,2020,7,0,7,14,31,29,148,0,1,10,-32.934119,151.769248,48,0,2,1,0,0,0,0,2,0,7,60,1,1220,1220,9,5,28,2,0,1,0,0
1230493,4,2020,2020,7,3,7,48,27,3,42,0,1,1,-35.103638,150.268998,63,2,1,0,0,0,0,0,2,0,7,80,1,4552,5151,8,16,40,1,0,1,0,0
1230496,4,2020,2020,0,0,7,69,31,646,563,0,1,2,-33.921969,151.039281,15,0,2,1,1,0,0,0,2,0,7,60,2,9859,9859,1,15,10,2,0,1,0,0
1230501,2,2020,2020,4,3,1,123,27,337,11,0,1,1,-33.727485,150.989292,71,0,2,0,0,0,3,0,0,0,7,50,1,4552,5151,8,0,40,1,0,0,1,0
1230503,4,2020,2020,0,2,10,2126,17,84,2149,0,1,9,-33.817183,150.981024,21,0,2,0,2,0,0,0,0,2,9,60,2,5929,5929,1,5,36,2,0,1,0,0
1230507,2,2020,2020,0,6,10,13,27,26,34609,0,1,1,-33.741962,150.810899,7,0,2,1,2,0,0,0,0,0,7,50,0,1192,1192,1,5,27,2,0,0,1,0
1230508,1,2020,2020,7,2,2,26,31,363,34609,0,1,1,-33.753127,150.701256,55,0,2,1,3,0,0,0,0,0,7,50,0,475,475,5,5,40,1,0,0,0,1
1230509,2,2020,2020,0,1,8,346,17,44,332,0,1,1,-28.814642,153.400169,2,2,1,1,3,0,3,4,3,0,7,80,2,14295,14295,3,5,13,2,0,0,1,0
1230510,2,2020,2020,0,5,8,24,27,5,41,0,1,1,-29.038258,153.280445,60,1,0,0,3,0,0,0,2,0,7,100,1,1850,1463,5,9,40,1,0,0,1,0
1230511,4,2020,2020,4,6,8,49,22,91,172,0,1,1,-32.982492,151.644654,37,0,2,1,0,0,0,0,2,0,7,60,2,2040,2040,9,5,28,2,0,1,0,0
1230513,2,2020,2020,7,2,5,39,36,40,79,0,1,9,-33.807116,151.20868,77,0,2,1,0,0,0,0,2,0,7,60,2,1669,1669,3,5,5,2,0,0,1,0
1230515,1,2020,2019,10,4,10,14,1,149,18,0,1,1,-33.987401,151.143379,4,0,2,1,2,0,0,0,0,0,7,60,1,3775,3775,0,10,5,2,0,0,0,1
1230518,4,2020,2020,7,4,6,213,17,10,213,0,1,1,-29.638837,152.034947,51,1,0,0,0,0,0,3,2,0,7,100,2,4552,5151,8,21,40,1,0,1,0,0
1230519,4,2020,2020,7,0,4,4,27,10,4,0,1,1,-30.20026,151.026928,51,1,0,0,0,2,0,0,2,0,7,100,1,2585,4009,8,5,40,1,0,1,0,0
1230520,2,2020,2020,0,4,8,224,27,246,321,0,1,1,-33.916056,151.200342,69,0,2,1,1,0,3,4,3,0,7,50,2,238,238,9,33,28,2,0,0,1,0
1230523,4,2020,2020,0,2,9,475,31,252,75,0,1,10,-33.88418,151.208207,69,0,2,1,2,0,0,0,0,0,7,40,1,1945,1945,5,22,40,1,0,1,0,0
1230524,2,2020,2020,7,4,6,78,31,111,62,0,1,10,-33.703824,150.858348,7,0,2,1,1,0,0,0,2,2,7,70,2,4026,4026,8,16,40,1,0,0,1,0
1230530,2,2020,2020,0,3,7,28,3,58,117,0,1,2,-32.978067,151.679136,37,0,2,1,0,0,0,0,2,0,7,90,2,4026,4026,8,30,40,1,0,0,1,0
1230531,4,2020,2020,0,6,4,193,27,25,133,0,1,1,-33.866168,150.643362,55,0,2,1,1,0,0,0,2,0,7,60,1,14295,14295,3,0,19,2,0,1,0,0
1230534,2,2020,2020,7,4,6,92,27,129,29,0,1,7,-33.891626,151.1008,9,0,2,1,0,0,0,0,2,0,0,50,1,6545,6545,4,5,27,2,0,0,1,0
1230535,4,2020,2020,7,2,8,512,17,562,441,0,1,1,-32.275279,148.676764,22,1,0,1,0,0,0,0,2,0,7,110,2,4026,4026,8,34,40,1,0,1,0,0
1230536,1,2020,2020,0,4,6,11,27,54,34609,0,1,9,-33.713112,151.005695,71,0,2,0,3,0,0,0,2,0,7,50,0,395,395,1,5,5,2,0,0,0,1
1230537,4,2020,2020,0,4,0,2,31,18,34609,1,0,9,-32.953898,151.664771,37,0,2,1,2,0,0,0,0,0,7,50,0,489,489,8,5,40,1,0,1,1,0
1230539,2,2020,2020,0,1,7,3,4,164,34609,0,1,1,-33.727679,150.900364,7,0,2,1,0,0,0,0,2,0,7,50,0,9859,9859,1,34,5,4,0,0,1,0
1230540,1,2020,2020,3,3,4,44,27,121,34609,0,1,10,-33.802644,151.289566,50,0,2,1,1,0,0,0,2,0,15,50,0,6545,6545,4,5,27,2,0,0,0,1
1230541,4,2020,2020,0,6,6,1104,14,609,962,0,1,3,-33.803019,150.897149,7,0,2,1,0,0,0,0,2,0,7,100,2,1282,1282,1,5,10,2,0,1,0,0
1230544,1,2020,2019,2,5,7,916,17,105,917,0,1,10,-32.713719,151.522782,42,2,1,1,3,0,0,0,2,2,7,60,2,14295,14295,3,8,0,2,0,0,0,1
1230545,2,2020,2020,7,2,3,12,27,90,28,0,1,9,-33.804682,150.935675,21,0,2,1,2,0,0,0,1,0,7,60,1,14295,14295,3,5,19,2,0,0,1,0
1230548,2,2020,2020,0,4,4,127,27,48,103,0,1,5,-32.918575,151.750515,48,0,2,1,1,0,0,0,2,2,7,60,1,5929,5929,1,9,5,2,0,0,2,0
1230549,2,2020,2020,0,3,7,29,27,89,34609,0,1,1,-28.233303,153.536438,72,2,1,0,0,0,0,0,2,0,7,60,0,3775,3775,0,34,19,2,0,0,2,0
1230551,2,2020,2020,7,2,6,344,27,128,382,0,1,7,-33.639946,150.784281,55,0,2,1,1,0,0,0,2,0,7,80,2,14295,14295,3,16,36,2,0,0,1,0
1230552,4,2020,2020,7,6,8,56,27,443,44,0,1,9,-33.896919,151.058929,15,0,2,1,0,0,0,0,2,0,7,60,1,14295,14295,3,33,27,2,0,1,0,0
1230553,1,2020,2020,0,0,9,89,27,15,34609,0,1,1,-32.782334,151.098402,64,1,0,0,0,0,0,0,0,0,7,100,0,2585,4009,8,10,40,1,0,0,0,1
1230554,2,2020,2020,0,4,4,1,27,50,34609,0,1,1,-33.652594,150.852269,7,0,2,1,0,0,0,0,2,0,7,60,0,945,945,5,10,40,1,0,0,1,0
1230555,2,2020,2020,3,0,5,16,27,90,34609,0,1,10,-33.889647,151.24732,81,0,2,1,0,0,0,0,2,0,0,50,0,6545,6545,4,5,0,2,0,0,1,0
1230556,4,2020,2020,0,1,4,16,31,161,115,0,1,10,-33.726492,151.161663,36,0,2,1,1,0,0,0,2,2,7,60,1,6545,6545,4,0,0,5,0,2,0,0
1230558,4,2020,2020,3,0,10,2209,17,166,2205,0,1,10,-33.897228,151.179141,69,0,2,1,2,0,0,0,0,2,7,50,2,1383,1383,1,22,5,2,0,1,0,0
1230559,2,2020,2020,7,1,2,55,36,155,95,0,1,1,-33.125165,148.305167,53,1,0,1,0,0,0,0,0,0,7,100,2,1089,1089,7,10,40,1,0,0,1,0
1230562,4,2020,2020,7,0,7,1,10,562,34609,0,1,1,-32.261447,148.576183,22,2,1,1,0,0,0,0,2,0,7,50,0,5929,5929,1,5,19,2,0,1,0,0