Crash ID,Degree of crash - detailed,Reporting year,Year of crash,Month of crash,Day of week of crash,Two-hour intervals,Street of crash,Street type,Town,Route no.,School zone location,School zone active,Type of location,Latitude,Longitude,LGA,Urbanisation,Conurbation 1,Alignment,Street lighting,Road surface,Surface condition,Weather,Natural lighting,Signals operation,Other traffic control,Speed limit,Road classification,RUM - code,DCA - code,First impact type,Key TU type,Other TU type,No. of traffic units involved,No. killed,No. seriously injured,No. moderately injured,No. minor-other injured
1230565,4,2020,2020,7,0,5,125,27,108,123,0,1,7,-33.313305,151.421718,16,2,2,1,1,0,0,6,2,0,0,70,2,515,515,1,3,5,2,0,1,0,0
1230580,1,2020,2020,3,6,6,59,31,130,34609,0,1,10,-33.866405,151.192014,69,0,2,1,1,0,0,3,2,0,15,50,0,312,312,2,5,40,1,0,0,0,1
1230584,4,2020,2020,3,0,5,8,27,10,9,0,1,1,-30.736017,152.929851,47,1,0,0,0,0,3,4,2,0,7,100,1,3775,3775,0,30,36,2,0,3,0,0
1230585,2,2020,2020,4,1,3,34,27,38,117,0,1,6,-32.926057,151.695804,48,0,2,1,2,0,3,4,2,0,9,60,2,9859,9859,8,15,40,1,0,0,1,0
1230586,2,2020,2020,3,1,0,8,27,70,34609,1,0,7,-33.97891,151.110575,25,0,2,1,3,0,3,4,0,0,0,50,0,926,926,4,5,5,2,0,0,1,0
1230589,2,2020,2020,3,6,9,42,27,134,30,0,1,1,-33.895151,151.25051,76,0,2,1,1,0,3,3,2,0,7,50,1,387,387,1,22,5,2,0,0,1,0
1230590,4,2020,2020,3,0,3,17,27,164,65,0,1,2,-33.712497,150.889782,7,0,2,1,3,0,2,6,2,0,7,60,1,2040,2040,9,30,28,2,0,1,1,0
1230591,4,2020,2020,3,5,10,2,18,48,34609,0,1,1,-36.710179,149.840305,5,2,1,1,0,0,0,0,0,0,7,80,0,1089,1089,7,16,40,1,0,1,0,0
1230592,1,2020,2020,7,5,6,12,31,78,103,0,1,1,-28.327439,153.394774,72,2,1,1,0,0,0,0,2,0,7,50,1,2040,2040,9,5,28,2,0,0,0,1
1230593,4,2020,2020,7,0,10,3,27,12,34609,0,1,1,-34.014848,148.981373,30,1,0,0,0,2,0,0,0,0,7,100,0,1850,1463,5,33,40,1,0,1,0,0
1230594,1,2020,2020,7,6,9,224,27,169,321,0,1,0,-33.896313,151.199143,69,0,2,1,2,0,0,0,3,0,7,50,2,14295,14295,3,30,5,3,0,0,0,1
1230595,2,2020,2020,7,3,11,162,31,65,34609,0,1,1,-32.927439,151.775239,48,0,2,1,0,0,0,0,0,0,7,40,0,9859,9859,1,5,5,2,0,0,1,0
1230598,2,2020,2020,7,0,3,90,31,112,165,0,1,2,-33.906991,151.213493,69,0,2,1,2,0,0,0,0,0,7,80,2,1282,1282,1,33,19,2,0,0,1,0
1230599,2,2020,2020,7,4,11,84,27,169,769,0,1,10,-33.588616,150.729479,29,2,2,1,0,0,0,0,0,0,0,60,2,6545,6545,4,0,0,2,0,0,2,0
1230601,2,2020,2020,7,2,1,361,23,44,165,0,1,9,-33.968843,151.110788,25,0,2,1,2,0,0,0,0,0,0,50,1,312,312,2,5,40,1,0,0,1,0
1230605,4,2020,2020,3,2,8,15,27,15,41,0,1,1,-28.930129,153.1597,60,1,0,0,0,0,0,0,2,0,7,100,1,1259,5151,8,5,40,1,0,1,0,0
1230606,1,2020,2020,7,2,5,387,27,290,331,0,1,1,-33.949619,151.126787,4,0,2,1,1,0,0,0,2,0,7,60,2,186,186,9,22,28,2,0,0,0,1
1230607,2,2020,2020,3,5,4,6,31,273,34609,0,1,1,-34.435421,150.892749,80,0,2,1,0,0,0,0,2,0,7,60,0,1220,1220,9,5,28,2,0,0,1,0
1230608,4,2020,2020,7,1,9,2126,17,125,2149,0,1,9,-33.864469,151.083488,67,0,2,1,1,0,0,0,2,2,7,60,2,5929,5929,1,5,36,3,0,1,0,0
1230610,1,2020,2020,3,6,9,23,10,29,34609,0,1,1,-33.986105,151.065056,25,0,2,1,0,0,0,0,3,0,7,50,0,387,387,1,5,5,3,0,0,0,1
1230612,4,2020,2020,4,6,7,11,27,1,34609,0,1,1,-34.719942,149.572623,26,2,1,1,0,0,0,0,2,0,7,50,0,1089,1089,7,16,40,1,0,1,0,0
1230613,4,2020,2020,3,4,9,866,17,278,793,1,0,1,-33.785677,151.039368,54,0,2,1,0,0,0,0,2,0,7,60,2,1220,1220,9,5,28,2,0,1,0,0
1230614,4,2020,2020,3,3,8,84,1,234,34609,0,1,7,-34.313835,146.059775,28,2,1,1,0,0,3,4,2,0,7,80,0,5929,5929,1,22,13,2,0,1,0,0
1230615,2,2020,2020,7,2,1,2,27,2,34609,0,1,1,-28.431372,153.2636,72,2,1,0,0,0,0,0,0,0,7,50,0,1259,5151,8,0,40,1,0,0,2,0
1230616,2,2020,2020,7,0,5,1,27,90,34609,0,1,10,-33.725822,150.301941,8,2,2,1,0,0,0,0,2,0,0,50,0,6545,6545,4,5,5,2,0,0,1,1
1230618,4,2020,2020,3,4,8,55,27,74,70,0,1,1,-33.721876,151.03469,31,0,2,1,1,0,0,0,2,0,7,60,2,14295,14295,3,0,5,4,0,1,0,1
1230621,2,2020,2020,3,4,10,2126,17,247,2149,0,1,9,-33.808775,150.94259,21,0,2,1,2,0,0,0,0,2,7,80,2,2852,2852,4,10,12,2,0,0,1,1
1230622,4,2020,2020,7,4,8,26,31,646,34609,0,1,1,-33.913735,151.031989,15,0,2,1,1,0,3,4,3,0,7,60,0,9859,9859,8,0,40,1,0,1,0,0
1230626,2,2020,2020,7,6,7,2126,17,75,2149,0,1,9,-33.711002,150.36499,8,2,2,1,1,0,0,3,2,1,7,60,2,14295,14295,3,16,5,2,0,0,1,0
1230628,2,2020,2020,7,4,5,4,31,48,34609,0,1,1,-28.257858,153.570747,72,2,1,1,0,0,3,4,2,0,7,60,0,3775,3775,0,10,0,2,0,0,1,0
1230630,1,2020,2020,0,6,8,500,27,204,799,0,1,10,-33.904703,151.128568,32,0,2,1,3,0,0,0,2,2,7,60,2,14295,14295,3,5,5,2,0,0,0,1
1230633,1,2020,2020,4,0,8,105,27,67,109,0,1,9,-33.877865,150.893478,24,0,2,1,2,0,3,4,2,2,7,60,1,5929,5929,1,21,5,2,0,0,0,1
1230635,4,2020,2020,7,2,6,2,27,29,34609,0,1,1,-31.88113,149.836284,51,1,0,1,0,0,2,6,2,0,7,100,0,312,312,2,5,40,1,0,1,0,0
1230637,1,2020,2020,7,6,3,344,27,168,382,0,1,10,-33.717694,150.843996,7,0,2,1,3,0,3,4,2,2,7,80,2,14295,14295,3,10,12,3,0,0,0,1
1230638,2,2020,2020,7,3,6,2261,17,243,2252,0,1,9,-33.957835,150.887124,41,0,2,1,3,0,0,0,2,2,7,70,2,1391,1391,1,0,0,2,0,0,1,1
1230641,1,2020,2020,3,2,5,5,27,223,136,0,1,9,-33.803313,150.91589,7,0,2,0,3,0,0,0,2,0,0,60,2,623,623,3,0,13,2,0,0,0,2
1230643,1,2020,2020,7,0,5,85,27,53,145,0,1,2,-33.799378,151.054824,54,0,2,0,3,0,0,0,2,0,0,70,2,14295,14295,3,5,0,2,0,0,0,1
1230645,1,2020,2020,8,2,8,11,31,284,34609,0,1,9,-33.897289,151.018341,15,0,2,1,3,0,0,0,2,0,0,50,0,2852,2852,4,5,5,2,0,0,0,1
1230646,2,2020,2020,8,5,1,72,27,278,56,0,1,1,-33.785674,151.059041,54,0,2,0,3,0,3,4,0,0,7,60,2,2585,4009,8,5,40,1,0,0,1,0
1230648,1,2020,2020,7,2,6,1104,14,94,962,0,1,3,-33.790383,150.80255,55,0,2,1,0,0,3,4,2,0,7,110,2,14295,14295,3,5,0,3,0,0,0,1
1230649,2,2020,2020,7,5,5,19,31,234,34609,0,1,9,-34.288305,146.038104,28,2,1,1,0,0,0,0,2,0,7,50,0,9859,9859,1,5,0,2,0,0,1,0
1230653,4,2020,2020,7,2,3,100,27,127,799,0,1,9,-33.895953,151.15544,32,0,2,1,2,0,0,0,1,0,0,60,2,3775,3775,0,5,5,2,0,2,0,1
1230655,1,2020,2020,7,2,5,1104,14,223,962,0,1,3,-33.806495,150.928735,7,0,2,1,0,0,0,0,2,0,7,100,2,14295,14295,3,21,0,3,0,0,0,1
1230656,4,2020,2020,7,1,5,90,31,54,165,0,1,10,-33.889943,151.217615,69,0,2,1,1,0,0,0,2,2,7,60,2,1945,1945,5,16,40,1,0,1,0,0
1230658,4,2020,2020,7,4,10,1052,14,23,928,0,1,3,-33.329223,151.385786,16,1,2,0,0,0,0,0,0,0,7,110,2,14295,14295,3,16,0,2,0,1,1,0
1230660,4,2020,2020,0,0,7,36,1,64,34609,0,1,9,-33.953616,150.998645,15,0,2,1,0,0,0,0,2,0,7,50,0,248,248,1,5,36,3,0,1,0,0
1230661,2,2020,2020,7,6,6,8,27,36,34609,0,1,1,-32.950926,151.581552,37,0,2,0,0,0,0,0,2,0,7,80,0,4552,5151,8,10,40,1,0,0,1,0
1230662,1,2020,2020,0,2,0,12,10,28,34609,0,1,1,-34.087131,150.790783,13,0,2,1,2,0,0,0,0,0,7,60,0,9859,9859,8,5,40,1,0,0,0,1
1230663,4,2020,2020,8,0,8,51,31,107,157,0,1,1,-29.693966,152.937893,18,2,1,0,1,0,0,0,3,0,7,50,2,1850,1463,5,16,40,1,0,1,0,0
1230664,2,2020,2020,0,6,4,2261,17,443,2252,0,1,9,-33.897014,151.049883,15,0,2,1,2,0,0,3,2,2,7,70,2,1945,1945,5,16,40,1,0,0,1,0
1230666,2,2020,2020,0,0,7,1,34,1,34609,0,1,1,-29.317391,152.830266,18,1,0,0,0,2,3,3,2,0,7,100,0,1850,1463,5,16,40,1,0,0,1,0
1230668,1,2020,2020,3,1,7,36,36,80,139,0,1,10,-34.523981,146.345884,51,1,0,1,1,0,0,0,2,0,0,100,2,6545,6545,4,10,13,2,0,0,0,1
1230670,2,2020,2020,3,4,9,86,27,4,65,0,1,1,-29.895546,152.789908,18,1,0,0,0,0,0,0,0,0,7,100,1,1259,5151,8,30,40,1,0,0,1,0
1230672,2,2020,2020,3,1,11,171,1,80,104,0,1,10,-33.940678,151.215377,4,0,2,1,3,0,0,6,0,2,7,70,2,6545,6545,4,9,5,2,0,0,1,0
1230673,1,2020,2020,0,4,5,92,31,56,34609,0,1,1,-33.808149,151.203567,77,0,2,1,3,2,0,0,2,0,7,50,0,14295,14295,3,9,13,2,0,0,0,1
1230679,2,2020,2020,7,2,8,82,27,84,181,0,1,10,-33.893338,151.259766,76,0,2,1,1,0,0,0,2,0,0,50,2,5929,5929,1,5,18,2,0,0,1,0
1230683,2,2020,2020,3,0,0,6,31,80,34609,0,1,2,-33.88013,151.207172,69,0,2,1,2,0,0,0,0,2,7,40,0,186,186,1,10,18,2,0,0,1,0
1230685,2,2020,2020,7,1,0,220,14,51,220,0,1,3,-34.208578,150.962471,80,0,2,1,0,0,0,0,0,0,7,110,2,14295,14295,3,5,5,2,0,0,1,1
1230686,4,2020,2020,8,0,4,361,23,253,165,0,1,9,-33.96857,151.108372,25,0,2,1,3,0,0,0,2,2,9,50,1,5929,5929,1,0,5,2,0,1,0,1
1230687,1,2020,2020,0,4,7,171,27,64,369,0,1,2,-33.730894,150.718921,55,0,2,1,3,0,3,4,2,0,7,80,2,14295,14295,3,9,5,2,0,0,0,1
1230688,1,2020,2020,0,6,8,44,27,202,563,0,1,9,-33.951241,151.038468,15,0,2,1,3,0,3,4,3,0,7,70,2,14295,14295,3,10,13,2,0,0,0,1
1230691,4,2020,2020,7,0,7,15,27,223,34609,0,1,1,-33.800125,150.90373,7,0,2,1,3,0,0,0,2,0,7,80,0,14295,14295,3,5,5,3,0,1,0,0
1230694,4,2020,2020,7,0,5,7,27,562,34609,0,1,10,-32.285223,148.596914,22,1,0,1,0,0,0,0,2,0,7,100,0,5929,5929,1,0,5,3,0,2,1,0
1230700,4,2020,2020,8,3,7,37,27,9,36,0,1,1,-32.645968,151.720511,57,2,1,0,0,0,0,0,2,0,7,80,1,3775,3775,0,16,13,2,0,1,0,0
1230701,4,2020,2020,4,0,5,115,27,96,46,0,1,9,-34.22912,150.667163,79,2,2,1,1,0,0,0,2,2,7,80,2,5929,5929,1,29,0,2,0,2,1,0
1230702,2,2020,2020,7,2,5,107,22,210,121,1,0,1,-34.030968,151.112999,68,0,2,1,1,0,0,0,2,0,7,60,1,14295,14295,3,9,13,3,0,0,1,0
1230707,1,2020,2020,0,2,8,103,27,149,167,0,1,2,-33.993499,151.131238,25,0,2,1,1,0,0,0,2,0,7,70,2,14295,14295,3,5,5,2,0,0,0,1
1230708,2,2020,2020,7,5,9,361,23,204,35,0,1,9,-33.894672,150.938599,24,0,2,1,1,0,0,0,3,2,9,40,1,1220,1220,9,5,28,2,0,0,1,0
1230710,4,2020,2020,7,1,3,71,27,21,122,0,1,9,-34.539855,150.864877,62,0,2,1,2,0,0,0,1,0,0,70,2,5929,5929,1,10,19,2,0,1,1,0
1230711,4,2020,2020,7,0,7,2,1,161,34609,0,1,9,-33.72417,151.159616,36,0,2,1,1,0,0,0,2,0,7,50,0,4026,4026,1,5,22,3,0,1,0,0
1230713,2,2020,2020,3,6,1,109,27,15,13,0,1,1,-32.739485,151.1423,64,1,0,0,3,0,0,0,0,0,7,100,1,2585,4009,8,10,40,1,0,0,1,0
1230714,1,2020,2020,7,3,7,195,27,46,186,0,1,10,-33.924643,150.848472,41,0,2,1,1,0,0,0,2,2,8,70,2,14295,14295,3,16,19,2,0,0,0,1
1230717,4,2020,2020,8,0,9,2209,17,115,2205,0,1,9,-33.913724,151.178081,32,0,2,1,2,0,0,0,3,2,7,60,2,1220,1220,9,0,28,3,0,1,1,0
1230719,1,2020,2020,0,4,2,89,17,82,34609,0,1,10,-34.373176,150.896903,80,0,2,1,2,0,0,3,0,2,7,50,0,6545,6545,4,5,5,2,0,0,0,1
1230720,4,2020,2020,7,4,8,34,27,29,34609,0,1,7,-35.129804,147.335909,75,2,1,1,1,0,0,0,2,0,0,50,0,9859,9859,8,16,40,1,0,1,0,0
1230721,1,2020,2019,1,4,10,4,27,4,34609,0,1,1,-28.653971,153.59671,10,2,1,0,0,0,0,0,0,0,7,80,0,4552,5151,8,5,40,1,0,0,0,1
1230722,2,2020,2020,7,1,7,13,27,239,34609,0,1,9,-34.034059,151.117637,68,0,2,1,0,0,0,0,2,0,7,50,0,2852,2852,4,10,5,2,0,0,1,0
1230723,2,2020,2020,7,0,8,93,10,40,13,0,1,2,-34.412308,150.885468,80,0,2,1,1,0,3,3,2,0,7,80,2,14295,14295,3,5,5,2,0,0,2,0
1230724,2,2020,2020,7,2,6,43,27,46,29,0,1,7,-32.91511,151.672553,48,0,2,0,1,0,0,0,2,0,7,60,1,782,985,5,10,40,1,0,0,1,0
1230725,4,2020,2020,3,4,11,1,27,11,34609,0,1,1,-32.559037,147.615172,53,1,0,1,0,0,0,0,0,0,7,100,0,9859,9859,8,10,40,1,0,1,0,0
1230726,4,2020,2020,7,1,11,2,31,187,34609,0,1,1,-33.89156,150.986482,15,0,2,0,2,0,0,0,0,0,7,50,0,1957,4009,8,10,40,1,0,1,0,0
1230727,2,2020,2020,7,3,0,128,27,74,133,0,1,2,-33.763397,150.6819,55,0,2,1,0,0,0,0,0,0,7,60,2,4026,4026,8,10,40,1,0,0,1,0
1230728,4,2020,2020,7,2,11,330,23,35,39,1,0,9,-33.963484,151.2459,59,0,2,1,2,0,0,0,0,0,7,60,1,9859,9859,8,16,40,1,0,1,0,0
1230729,4,2020,2020,7,6,7,29,31,37,83,0,1,1,-29.470638,153.20384,18,2,1,0,0,0,0,3,2,0,7,50,1,4552,5151,8,0,40,1,0,1,1,1
1230730,4,2020,2020,7,4,4,89,17,51,21,0,1,1,-34.16733,150.966496,80,0,2,0,0,0,3,4,2,0,7,100,1,4552,5151,8,5,40,1,0,1,0,0
1230733,1,2020,2020,7,6,7,330,27,121,102,1,2,1,-33.78684,151.281851,50,0,2,1,0,0,3,3,2,0,7,40,2,1945,1945,5,16,40,1,0,0,0,1
1230734,4,2020,2020,3,3,9,175,27,55,220,0,1,9,-33.745003,150.916661,7,0,2,1,2,0,3,4,3,0,0,70,2,2852,2852,4,5,5,2,0,2,1,4
1230735,4,2020,2020,3,5,9,20,27,132,148,0,1,1,-34.073306,151.056391,68,0,2,1,0,0,0,0,2,0,8,50,2,1945,1945,5,16,40,1,0,1,0,0
1230738,2,2020,2020,3,4,1,308,14,127,311,0,1,3,-33.851348,150.851529,24,0,2,1,2,0,0,0,0,0,7,100,2,14295,14295,3,5,5,2,0,0,1,0
1230748,4,2020,2020,0,5,8,19,1,100,68,0,1,10,-33.806267,151.166495,38,0,2,1,1,0,0,0,2,2,7,60,1,775,775,4,9,27,2,0,1,0,0
1230749,4,2020,2020,7,4,3,35,27,62,96,0,1,10,-33.893044,151.145913,32,0,2,1,1,0,0,0,2,2,7,50,2,515,515,1,0,27,2,0,1,0,0
1230750,4,2020,2020,7,3,7,2209,17,49,2205,0,1,9,-33.932774,151.153472,4,0,2,1,1,0,0,0,2,2,7,60,2,1383,1383,1,5,0,2,0,1,0,0
1230751,2,2020,2020,7,2,11,2209,17,51,2205,0,1,2,-34.468834,150.825518,80,0,2,0,2,0,0,0,0,0,7,70,1,1957,4009,1,5,23,2,0,0,2,0
1230753,2,2020,2020,0,1,8,348,31,532,34609,0,1,10,-33.876786,151.208766,69,0,2,1,3,0,0,0,2,2,7,40,0,6545,6545,4,5,5,2,0,0,1,0
1230754,2,2020,2020,3,1,8,25,31,646,34609,0,1,0,-33.91873,151.035094,15,0,2,1,0,0,0,0,2,0,7,40,0,2040,2040,9,5,28,2,0,0,1,0
1230755,2,2020,2020,7,1,11,113,27,78,111,0,1,1,-33.853145,150.788381,55,0,2,0,0,0,3,4,0,0,7,80,2,3775,3775,0,5,5,2,0,0,2,0
1230757,1,2020,2020,7,4,7,17,27,7,39,0,1,1,-31.421952,150.180831,51,1,0,0,0,0,0,0,2,0,7,100,1,1850,1463,5,3,40,1,0,0,0,1
1230758,1,2020,2020,0,1,8,27,18,132,34609,0,1,10,-29.771883,151.117583,33,2,1,1,1,0,0,0,2,0,7,50,0,1945,1945,5,22,40,1,0,0,0,1
1230759,4,2020,2020,3,4,7,38,31,387,64,0,1,9,-33.922748,151.191515,4,0,2,1,0,0,0,0,2,0,0,50,2,2040,2040,9,5,28,2,0,1,0,0
1230760,2,2020,2020,3,0,6,112,27,79,769,0,1,1,-33.576685,150.716305,29,2,2,1,1,0,0,0,2,0,7,60,2,3775,3775,0,33,5,2,0,0,1,0
1230762,2,2020,2020,0,0,9,163,27,73,165,0,1,9,-33.757318,150.807854,7,0,2,1,2,0,0,0,0,0,9,60,1,2040,2040,9,5,28,2,0,0,1,0
1230767,4,2020,2020,0,0,0,40,31,219,262,0,1,9,-32.907067,151.668444,48,0,2,1,2,0,0,0,0,2,7,60,2,6545,6545,4,5,36,2,0,1,0,0
1230769,4,2020,2020,7,0,9,515,14,188,518,0,1,3,-33.936474,151.106082,15,0,2,0,2,0,0,0,3,0,7,80,2,14295,14295,3,21,0,3,0,1,0,1
1230770,2,2020,2020,7,6,4,73,24,115,88,0,1,1,-33.761193,151.232404,50,0,2,1,0,0,0,0,2,0,7,80,2,3775,3775,0,5,5,2,0,0,1,0
1230772,4,2020,2020,7,5,6,17,27,323,25,0,1,2,-33.811227,150.846422,7,0,2,1,1,0,0,0,2,0,7,80,2,1192,1192,1,5,19,2,0,1,0,0
1230773,2,2020,2020,0,6,8,9,31,19,143,0,1,7,-33.42905,149.576813,3,2,1,1,3,0,0,0,3,0,0,60,2,14295,14295,3,5,12,2,0,0,2,0
1230775,4,2020,2020,3,6,5,60,27,101,262,0,1,10,-32.894469,151.607127,37,0,2,1,1,0,0,0,2,2,7,80,2,1383,1383,1,5,5,2,0,1,1,0
1230776,2,2020,2020,0,5,4,118,27,646,118,0,1,9,-33.929545,151.0298,15,0,2,1,0,0,0,0,2,0,0,60,1,1383,1383,1,9,5,2,0,0,1,1
1230777,4,2020,2020,0,1,6,67,27,157,55,0,1,6,-34.008155,151.105487,68,0,2,0,1,0,2,6,2,0,9,70,2,1220,1220,9,5,28,2,0,1,0,0
1230782,1,2020,2020,8,3,3,191,27,309,208,0,1,9,-33.810248,151.105991,61,0,2,1,3,0,0,0,2,2,7,60,2,1391,1391,1,30,5,2,0,0,0,1
1230783,2,2020,2020,0,6,4,1,27,31,34609,0,1,9,-34.013178,150.834894,13,0,2,1,3,0,0,0,2,0,15,50,0,1282,1282,1,33,5,2,0,0,1,0
1230785,4,2020,2020,0,0,3,105,17,162,34609,0,1,10,-33.834172,150.912813,24,0,2,0,1,0,0,0,2,2,5,60,0,418,714,5,29,40,2,0,1,0,0
1230788,2,2020,2020,8,0,5,71,27,44,122,0,1,9,-34.564862,150.860251,62,0,2,1,1,0,0,0,2,2,7,70,2,5929,5929,1,0,10,2,0,0,1,0
1230789,2,2020,2020,7,6,2,41,27,169,7,0,1,2,-33.777078,150.848379,7,0,2,1,1,0,0,0,0,0,7,60,1,204,204,1,0,5,2,0,0,1,1
1230794,4,2020,2020,0,1,6,2261,17,204,2252,0,1,9,-33.898517,150.949187,24,0,2,1,1,0,0,3,2,2,7,70,2,2040,2040,9,34,26,2,0,1,0,0
1230796,2,2020,2020,7,6,11,23,10,87,23,0,1,1,-33.915358,150.956644,41,0,2,1,2,0,0,0,0,0,7,60,1,9859,9859,8,5,40,1,0,0,1,0
1230800,2,2020,2020,0,4,9,8,31,157,2205,0,1,9,-34.013684,151.094453,68,0,2,1,2,0,0,0,0,0,0,70,2,1220,1220,9,10,28,2,0,0,1,0
1230801,4,2020,2020,0,0,11,5,27,10,34609,0,1,1,-33.454722,151.440367,16,2,2,0,2,0,0,0,0,0,7,50,0,1850,1463,5,16,40,2,0,1,0,0
1230802,1,2020,2020,8,1,7,162,31,14,172,0,1,7,-32.966687,151.652263,37,0,2,1,3,0,0,0,2,0,0,60,2,5929,5929,1,22,5,2,0,0,0,1
1230808,4,2020,2020,3,4,6,2126,17,218,2149,0,1,10,-33.769532,150.768721,55,0,2,1,1,0,0,0,2,2,7,60,2,6545,6545,4,5,5,3,0,1,1,2
1230810,2,2020,2020,7,6,7,10,27,6,39,0,1,1,-31.153891,149.132512,51,1,0,0,3,0,3,4,2,0,7,100,1,380,714,5,30,40,1,0,0,1,0
1230811,1,2020,2020,0,3,6,485,27,232,769,0,1,2,-33.688416,150.9204,7,0,2,1,3,0,0,0,2,0,7,80,2,14295,14295,3,5,5,3,0,0,0,1
1230816,1,2020,2020,0,0,6,500,27,646,799,0,1,10,-33.933781,151.027023,15,0,2,1,3,0,0,0,2,2,7,60,2,1391,1391,1,10,12,2,0,0,0,1
1230817,1,2020,2020,0,1,8,2126,17,55,2149,0,1,9,-33.795601,150.8894,7,0,2,1,3,0,0,0,0,0,15,80,2,623,623,3,21,5,2,0,0,0,1
1230818,1,2020,2020,8,2,7,1,10,445,34609,0,1,0,-33.868653,151.047418,21,0,2,1,3,0,0,0,2,0,7,50,0,9859,9859,8,5,40,1,0,0,0,2
1230820,2,2020,2020,3,2,4,6,10,36,34609,0,1,2,-34.060667,150.726989,12,0,2,1,1,0,0,0,2,0,0,60,0,14295,14295,3,5,5,2,0,0,1,0
1230821,1,2020,2020,0,2,9,117,27,78,144,0,1,9,-33.862938,151.093651,14,0,2,1,3,0,0,0,3,2,7,60,2,14295,14295,3,0,0,2,0,0,0,1
1230824,4,2020,2020,8,2,4,42,31,82,118,0,1,7,-31.078519,150.918596,70,2,1,1,0,0,0,3,2,0,0,60,2,6545,6545,4,5,19,2,0,1,0,0
1230828,1,2020,2020,8,1,7,4,31,72,34609,0,1,9,-33.792323,151.050051,54,0,2,1,1,0,0,0,2,0,7,50,0,6545,6545,4,5,12,2,0,0,0,1
1230829,1,2020,2019,9,4,8,98,31,100,159,0,1,9,-33.959286,151.152405,4,0,2,1,1,0,0,0,2,2,7,60,2,2852,2852,4,9,5,2,0,0,0,1
1230830,4,2020,2020,0,6,7,23,31,94,34609,0,1,10,-33.88615,150.931046,24,0,2,1,1,0,0,0,2,0,7,50,0,4026,4026,8,30,40,1,0,1,0,0
1230833,4,2020,2020,7,1,8,3371,17,82,3342,0,1,2,-33.828983,151.201729,49,0,2,1,1,0,0,0,2,0,7,60,2,591,591,1,22,5,2,0,1,0,0
1230834,2,2020,2020,7,6,3,204,27,246,34609,0,1,1,-33.913274,151.192838,69,0,2,1,1,0,0,0,2,0,7,50,0,395,395,1,10,27,2,0,0,1,0
1230836,4,2020,2020,3,2,2,110,27,113,48,0,1,2,-34.350952,150.866926,80,0,2,1,0,0,3,4,0,0,7,100,2,9859,9859,8,10,40,1,0,1,0,0
1230837,4,2020,2020,0,2,5,1,31,107,34609,0,1,10,-29.677242,152.922712,18,2,1,1,1,0,0,0,2,0,15,50,0,6545,6545,4,34,19,2,0,1,0,0
1230838,1,2020,2020,8,2,1,3371,17,121,3342,0,1,2,-28.203618,153.537505,72,1,0,1,2,0,0,0,0,0,7,100,2,9859,9859,1,33,5,2,0,0,0,1
1230840,2,2020,2020,0,6,10,127,31,44,34609,0,1,1,-33.076423,147.15361,51,2,1,1,2,0,3,4,0,0,7,50,0,4026,4026,1,5,0,2,0,0,1,0
1230842,4,2020,2020,3,2,7,225,17,50,180,0,1,1,-34.556632,150.648931,62,0,2,0,0,0,0,0,2,0,7,60,2,4552,5151,8,16,40,1,0,1,0,0
1230846,2,2020,2020,0,0,6,9,27,5,34609,0,1,1,-30.421075,152.881331,6,2,1,0,0,0,0,0,2,0,7,80,0,4552,5151,8,5,40,1,0,0,1,0
1230847,4,2020,2020,3,3,8,13,1,55,34609,0,1,1,-33.857351,151.277351,81,0,2,1,0,0,0,0,2,0,7,50,0,9859,9859,1,5,41,2,0,1,0,0
1230849,2,2020,2020,4,4,9,5,27,58,34609,0,1,1,-32.985823,151.671072,37,0,2,1,1,0,0,0,2,0,7,60,0,1109,787,1,5,19,2,0,0,1,0
1230855,1,2020,2020,0,1,1,1104,14,140,962,0,1,3,-33.79748,150.852576,7,0,2,1,0,0,0,0,0,0,7,40,2,14295,14295,3,5,5,2,0,0,0,1
1230856,1,2020,2020,7,4,4,3371,17,63,3342,0,1,9,-33.244284,151.494908,16,2,2,1,3,0,0,0,2,0,15,70,2,775,775,4,16,5,2,0,0,0,1
1230858,1,2020,2020,3,0,7,3371,17,108,3342,0,1,9,-33.294735,151.422614,16,2,2,1,1,0,0,0,2,2,7,60,2,14295,14295,3,0,5,3,0,0,0,1
1230861,2,2020,2020,7,5,7,171,27,24,369,0,1,9,-33.919025,150.714038,41,0,2,1,1,0,0,0,2,0,7,40,2,1669,1669,3,16,5,2,0,0,1,0
1230865,2,2020,2020,0,0,9,8,27,13,34609,0,1,1,-30.053847,152.980327,18,2,1,0,0,0,3,4,3,0,7,50,0,368,368,9,5,28,2,0,0,1,0
1230869,2,2020,2020,0,2,0,213,17,13,213,0,1,1,-29.546774,150.540791,51,1,0,1,0,0,3,1,0,0,7,100,2,9859,9859,8,0,40,1,0,0,1,0
1230870,2,2020,2020,0,2,3,3,27,39,34609,0,1,1,-33.237828,151.481558,16,2,2,1,2,0,0,0,0,0,7,50,0,4026,4026,1,5,0,2,0,0,1,0
1230871,4,2020,2020,7,6,11,1,31,6,34609,1,0,9,-33.824198,151.160508,38,0,2,1,2,0,3,4,0,0,0,50,0,489,489,8,5,40,1,0,1,0,0
1230872,2,2020,2020,0,4,6,57,36,112,769,0,1,1,-33.610235,150.806702,29,2,2,1,0,0,0,0,2,0,7,60,2,1669,1669,3,5,5,2,0,0,1,0
1230878,4,2020,2020,0,1,10,112,17,10,112,0,1,1,-31.722395,142.696629,51,1,0,1,0,0,0,0,0,0,7,110,2,4026,4026,8,3,40,1,0,1,0,0