Crash ID,Degree of crash - detailed,Reporting year,Year of crash,Month of crash,Day of week of crash,Two-hour intervals,Street of crash,Street type,Town,Route no.,School zone location,School zone active,Type of location,Latitude,Longitude,LGA,Urbanisation,Conurbation 1,Alignment,Street lighting,Road surface,Surface condition,Weather,Natural lighting,Signals operation,Other traffic control,Speed limit,Road classification,RUM - code,DCA - code,First impact type,Key TU type,Other TU type,No. of traffic units involved,No. killed,No. seriously injured,No. moderately injured,No. minor-other injured
1230880,2,2020,2020,3,6,3,7,27,3,34609,1,0,9,-33.675802,151.203371,50,0,2,1,0,0,0,0,1,0,15,60,0,5929,5929,1,0,36,2,0,0,1,2
1230881,2,2020,2020,7,5,9,14,31,80,19,0,1,1,-33.880442,151.167751,32,0,2,1,1,0,0,0,2,0,7,50,1,387,387,1,22,0,2,0,0,1,0
1230884,4,2020,2020,0,2,0,13,27,175,34609,0,1,10,-33.776835,151.072129,54,0,2,1,1,0,0,0,0,0,0,50,0,4026,4026,8,0,40,1,0,1,0,0
1230886,1,2020,2020,7,3,4,21,27,36,34609,0,1,9,-34.396293,150.848707,80,0,2,0,3,0,0,0,2,0,7,60,0,5929,5929,1,10,5,2,0,0,0,1
1230888,1,2020,2020,8,3,6,18,31,228,34609,0,1,7,-34.742531,149.723091,26,2,1,1,3,0,0,0,2,0,0,50,0,1391,1391,1,5,13,2,0,0,0,1
1230889,1,2020,2020,0,1,6,36,27,71,55,0,1,1,-33.83609,150.976567,21,0,2,1,3,0,0,0,2,0,7,50,1,1981,1981,4,10,12,2,0,0,0,1
1230891,2,2020,2020,8,3,4,4,27,123,34609,1,0,9,-33.823607,148.693287,51,2,1,1,3,0,0,0,2,0,0,50,0,489,489,8,5,40,1,0,0,1,0
1230893,1,2020,2020,0,1,8,230,27,47,284,0,1,9,-33.809219,151.155814,38,0,2,0,3,0,0,0,2,0,7,60,2,5929,5929,1,0,19,2,0,0,0,1
1230898,4,2020,2020,0,4,6,515,14,166,518,0,1,3,-33.946652,150.971819,15,0,2,0,0,0,0,0,2,0,7,100,2,204,204,1,5,5,2,0,1,1,0
1230900,4,2020,2020,3,2,1,30,27,182,34609,0,1,1,-32.824087,151.373265,17,2,1,1,0,0,0,0,0,0,7,80,0,1945,1945,5,16,40,1,0,1,0,0
1230901,2,2020,2019,2,4,10,296,27,290,293,1,0,2,-33.851058,150.996547,21,0,2,1,2,0,0,0,0,0,7,70,2,1282,1282,1,10,5,2,0,0,1,1
1230902,2,2020,2020,0,0,6,168,10,100,260,0,1,2,-33.952302,151.160837,4,0,2,1,1,0,0,0,2,0,7,60,2,9859,9859,8,5,40,1,0,0,1,0
1230907,2,2020,2020,8,0,4,29,7,309,34609,0,1,1,-33.810156,151.113827,61,0,2,0,3,0,0,0,2,0,7,50,0,4552,5151,1,0,13,2,0,0,1,0
1230910,2,2020,2020,8,1,2,916,17,6,917,0,1,1,-30.604676,151.542784,51,1,0,1,3,0,0,0,0,0,7,100,2,475,475,5,10,40,1,0,0,1,0
1230912,2,2020,2020,8,5,7,4,27,55,4,0,1,10,-36.219053,149.149674,65,2,1,1,3,0,0,0,2,0,0,60,1,6545,6545,4,10,12,2,0,0,1,0
1230914,2,2020,2020,0,6,7,191,17,5,189,0,1,1,-32.125721,149.157424,22,1,0,1,3,0,0,3,2,0,7,100,2,9859,9859,8,0,40,1,0,0,1,0
1230915,1,2020,2020,0,0,8,35,1,43,52,0,1,9,-33.724915,150.788253,7,0,2,1,3,0,0,0,2,2,8,70,1,2852,2852,4,5,13,2,0,0,0,1
1230916,1,2020,2020,8,3,4,234,27,24,228,0,1,1,-33.389442,150.985255,71,0,2,0,3,0,0,0,2,0,7,60,2,4552,5151,8,15,40,1,0,0,0,1
1230917,2,2020,2020,8,0,7,10,27,16,34609,0,1,1,-32.817846,149.961868,44,1,0,0,3,0,3,3,2,0,7,100,0,2585,4009,8,0,40,1,0,0,1,0
1230923,2,2020,2020,0,4,2,2,1,80,139,0,1,9,-34.550446,146.397387,51,2,1,1,2,0,3,4,0,0,0,50,2,1109,787,1,5,5,2,0,0,2,0
1230925,2,2020,2020,8,6,5,46,27,304,39,0,1,1,-33.910411,151.156116,32,0,2,1,1,0,0,0,2,0,7,40,1,14295,14295,3,0,18,2,0,0,1,0
1230928,4,2020,2020,0,6,7,85,31,10,34609,0,1,9,-32.916349,151.764325,48,0,2,1,3,0,0,0,2,0,7,50,0,945,945,5,10,40,1,0,1,0,0
1230929,1,2020,2020,0,4,8,43,27,136,76,0,1,10,-32.923107,151.722758,48,0,2,1,3,0,0,0,3,3,7,60,1,14295,14295,3,5,5,2,0,0,0,1
1230931,1,2020,2020,0,0,7,44,31,370,34609,1,0,9,-34.07001,150.817824,13,0,2,1,3,0,0,0,2,0,15,60,0,926,926,4,5,5,2,0,0,0,1
1230932,2,2020,2020,0,4,8,500,27,293,799,0,1,9,-33.932471,151.044852,15,0,2,1,3,0,3,4,3,2,7,60,2,5929,5929,1,5,25,2,0,0,1,0
1230933,1,2020,2020,7,3,5,2209,17,11,2205,0,1,1,-34.813086,150.610103,63,1,0,0,3,0,0,0,2,0,7,100,2,14295,14295,3,0,0,2,0,0,0,1
1230938,2,2020,2019,11,5,3,33,31,71,34609,0,1,9,-33.969796,151.080957,25,0,2,1,1,0,0,0,2,0,7,50,0,1220,1220,9,5,28,2,0,0,1,0
1230940,2,2020,2019,2,2,9,109,27,204,105,1,0,10,-33.895041,150.941925,24,0,2,1,1,0,0,0,2,2,7,60,2,6545,6545,4,30,25,3,0,0,2,1
1230943,1,2020,2019,2,6,7,22,27,7,34609,0,1,1,-34.546666,147.501751,51,1,0,0,0,0,0,0,2,0,7,100,0,4552,5151,8,34,40,1,0,0,0,1
1230944,2,2020,2020,0,6,4,11,31,228,143,1,0,7,-34.750021,149.718985,26,2,1,1,1,0,0,0,2,0,0,50,2,6545,6545,4,30,27,2,0,0,1,0
1230946,2,2020,2020,0,5,6,2209,17,115,2205,0,1,9,-33.919295,151.169268,32,0,2,1,2,0,0,0,2,1,7,60,2,1282,1282,1,30,5,2,0,0,1,0
1230947,1,2020,2020,0,5,9,15,31,201,46,0,1,9,-34.888388,150.610208,63,2,1,1,2,0,0,0,0,2,7,60,1,9859,9859,8,5,40,1,0,0,0,1
1230949,2,2020,2020,7,2,5,4,27,150,34609,0,1,10,-33.921145,151.228201,59,0,2,1,1,0,0,0,2,0,15,50,0,775,775,4,5,19,2,0,0,1,0
1230950,2,2020,2020,0,4,2,71,27,23,122,0,1,2,-34.582291,150.860103,62,0,2,1,2,0,3,4,0,0,7,80,2,404,404,8,5,40,1,0,0,1,0
1230952,4,2020,2020,7,3,7,54,27,38,563,0,1,1,-34.045667,150.989863,68,0,2,1,1,0,0,0,2,0,7,80,2,1391,1391,1,5,40,2,0,1,0,0
1230953,2,2020,2020,8,3,7,3,10,13,34609,0,1,2,-34.560542,150.751306,62,0,2,1,0,0,0,0,2,0,7,50,0,1945,1945,5,16,40,1,0,0,1,0
1230954,2,2020,2020,7,5,6,100,27,127,799,0,1,1,-33.896085,151.154815,32,0,2,1,3,1,2,6,2,0,7,60,2,5929,5929,1,5,19,3,0,0,1,0
1230956,4,2020,2020,3,1,6,222,27,74,70,0,1,2,-33.730456,151.053218,31,0,2,1,1,0,3,4,2,0,7,60,2,1282,1282,1,33,19,2,0,1,0,0
1230963,2,2020,2020,0,4,10,1,1,73,34609,0,1,9,-33.827111,151.087476,14,0,2,1,3,0,0,0,0,0,7,50,0,1109,787,1,0,19,2,0,0,1,1
1230966,4,2020,2020,0,0,4,120,36,35,148,0,1,1,-30.427939,152.851577,6,2,1,0,0,0,0,0,2,0,7,80,2,1259,5151,8,5,40,1,0,1,0,0
1230967,2,2020,2020,0,2,7,171,31,96,34609,0,1,10,-35.347854,149.230466,58,2,1,1,1,0,0,0,2,0,0,50,0,6545,6545,4,30,19,2,0,0,1,0
1230968,2,2020,2019,2,1,5,478,17,26,480,0,1,9,-33.275334,151.558255,16,2,2,1,1,0,0,0,2,0,15,60,2,2852,2852,4,5,19,2,0,0,1,0
1230971,4,2020,2020,3,5,11,35,10,20,148,0,1,1,-34.221716,150.999094,80,0,2,0,3,0,0,0,0,0,7,60,2,4552,5151,8,5,40,1,0,1,0,0
1230972,1,2020,2020,7,4,3,110,27,113,48,0,1,2,-34.351901,150.866034,80,0,2,1,3,0,0,3,1,0,7,100,2,14295,14295,3,5,5,3,0,0,0,1
1230973,2,2020,2020,8,3,0,225,17,9,180,0,1,9,-34.580855,150.708826,62,0,2,0,3,0,0,0,0,0,7,90,2,2585,4009,8,30,40,1,0,0,1,0
1230974,4,2020,2020,8,5,3,3371,17,73,3342,0,1,9,-33.771784,151.161781,36,0,2,1,3,0,3,4,1,0,7,60,2,9859,9859,8,5,40,1,0,1,0,0
1230975,4,2020,2020,8,6,8,1,27,70,34609,0,1,9,-33.913868,150.99942,15,0,2,1,3,0,0,0,2,0,7,50,0,941,941,1,5,5,3,0,1,0,0
1230977,2,2020,2020,7,6,6,168,17,14,212,0,1,1,-35.278119,149.691132,58,1,0,0,3,0,3,4,2,0,7,100,2,1259,5151,8,9,40,1,0,0,1,0
1230978,4,2020,2020,8,5,3,2126,17,204,2149,0,1,10,-33.876976,151.129654,32,0,2,1,3,0,0,0,1,2,7,60,2,14295,14295,3,5,5,2,0,1,0,1
1230980,1,2020,2020,8,0,7,1104,11,130,770,0,1,3,-33.873029,151.193899,69,0,2,0,3,0,0,0,2,0,7,60,2,14295,14295,3,5,36,2,0,0,0,1
1230983,4,2020,2020,7,0,3,1104,14,323,962,0,1,3,-33.791432,150.815159,7,0,2,1,2,0,3,3,1,0,7,110,2,9859,9859,8,10,40,1,0,1,0,0
1230984,1,2020,2020,7,6,4,99,31,84,105,0,1,10,-33.879639,150.941223,24,0,2,1,1,0,0,0,2,2,9,60,1,1220,1220,9,0,28,2,0,0,0,1
1230986,4,2020,2020,0,5,8,17,27,127,34609,0,1,1,-33.821661,150.82632,24,0,2,0,1,0,0,0,2,0,7,60,0,1850,1463,5,29,40,2,0,1,1,0
1230988,2,2020,2020,0,6,6,296,27,290,293,0,1,2,-33.863012,150.991445,21,0,2,1,1,0,0,0,2,0,7,70,2,14295,14295,3,9,0,3,0,0,2,0
1230994,2,2020,2020,3,1,6,1104,11,532,770,0,1,3,-33.873726,151.20271,69,0,2,0,1,0,0,3,2,0,7,60,2,14295,14295,3,8,13,2,0,0,1,0
1230995,4,2020,2020,0,0,11,162,31,363,34609,0,1,1,-33.747725,150.709868,55,0,2,0,0,0,0,0,0,0,7,50,0,1850,1463,5,16,40,1,0,1,0,0
1230997,4,2020,2020,3,4,9,4,31,174,34609,0,1,1,-33.891775,151.212562,69,0,2,1,1,0,0,0,2,0,7,40,0,340,340,9,0,28,2,0,1,0,0
1230998,4,2020,2020,7,6,9,112,17,10,112,0,1,1,-31.74507,142.377327,51,1,0,1,0,0,0,0,3,0,7,110,2,475,475,5,29,40,1,0,1,0,0
1230999,4,2020,2020,8,5,7,500,27,80,160,0,1,10,-33.97488,150.899247,13,0,2,1,1,0,0,0,2,2,9,60,2,2040,2040,9,5,28,2,0,1,0,0
1231001,1,2020,2019,9,1,7,1052,14,173,928,0,1,3,-33.719883,151.109354,36,0,2,0,1,0,0,0,2,2,7,60,2,14295,14295,3,9,13,4,0,0,0,1
1231002,4,2020,2020,7,6,6,31,27,210,34609,0,1,9,-34.021988,151.104984,68,0,2,1,1,0,0,0,2,0,15,50,0,6545,6545,4,5,36,2,0,1,0,0
1231003,4,2020,2020,7,6,2,829,31,60,34609,0,1,1,-33.756717,150.749411,55,0,2,1,2,0,0,0,1,0,7,50,0,9859,9859,1,5,13,2,0,1,0,0
1231004,4,2020,2020,7,4,4,475,31,523,34609,1,2,10,-33.920353,150.925339,41,0,2,1,1,0,3,4,2,2,9,40,0,2040,2040,9,5,28,2,0,1,0,0
1231005,4,2020,2020,0,4,8,28,27,48,62,0,1,1,-36.695474,149.858373,5,1,0,1,0,0,3,4,2,0,7,100,1,945,945,5,10,40,1,0,1,0,0
1231006,1,2020,2020,7,0,8,17,27,8,34609,0,1,9,-34.023592,150.656432,79,2,2,1,0,0,0,0,2,0,15,80,0,14295,14295,3,9,36,2,0,0,0,1
1231009,1,2020,2019,2,0,6,26,31,77,34609,0,1,9,-32.940288,151.738941,48,0,2,1,1,0,0,0,2,0,7,50,0,368,368,9,33,28,3,0,0,0,1
1231010,4,2020,2020,0,6,7,7,27,61,34609,0,1,7,-32.912123,151.733126,48,0,2,1,1,0,0,0,2,0,0,50,0,1192,1192,1,9,27,2,0,1,0,0
1231011,1,2020,2020,7,6,9,2261,17,204,2252,0,1,2,-33.897742,150.952094,24,0,2,1,1,0,0,0,3,0,7,70,2,9859,9859,8,5,40,1,0,0,0,1
1231012,4,2020,2020,3,3,7,7,31,10,34609,1,0,9,-36.832665,149.810647,5,2,1,0,0,0,3,4,2,0,7,50,0,2585,4009,8,10,40,1,0,1,0,0
1231015,4,2020,2020,0,1,5,85,31,10,34609,0,1,9,-32.916187,151.765026,48,0,2,1,1,0,0,0,2,0,7,50,0,591,591,1,22,36,2,0,1,0,0
1231017,4,2020,2020,0,6,6,334,17,37,308,0,1,1,-31.009372,151.65196,51,1,0,0,0,0,0,0,2,0,7,110,2,323,323,1,5,0,2,0,1,0,1
1231021,4,2020,2020,7,4,6,175,27,609,220,1,0,10,-33.757919,150.914405,7,0,2,1,0,0,0,0,2,2,7,70,2,5929,5929,1,5,5,2,0,1,0,0
1231023,2,2020,2020,7,6,2,1,1,33,34609,0,1,7,-34.069474,150.737271,12,0,2,1,3,0,3,0,0,0,0,50,0,84,84,6,16,40,1,0,0,1,0
1231025,2,2020,2020,7,0,8,204,31,53,82,0,1,2,-35.137481,147.352152,75,2,1,1,0,0,0,0,2,0,7,50,1,591,591,1,22,5,2,0,0,1,0
1231026,4,2020,2020,0,3,7,101,10,42,121,0,1,2,-34.039643,151.153509,68,0,2,1,0,0,0,0,2,0,7,70,1,3775,3775,0,22,27,2,0,1,0,0
1231027,2,2020,2020,0,6,3,34,27,8,83,0,1,1,-29.601777,153.027816,18,1,0,0,0,0,0,1,2,0,7,100,1,4552,5151,8,5,40,1,0,0,1,0
1231029,4,2020,2020,0,6,10,13,27,3,14,0,1,1,-33.632923,149.261544,51,1,0,0,0,0,0,0,0,0,7,100,1,1259,5151,8,10,40,1,0,1,0,0
1231031,4,2020,2020,0,5,6,330,23,35,39,1,0,2,-33.965446,151.245088,59,0,2,1,1,0,0,0,2,0,7,60,1,1192,1192,1,5,27,2,0,1,0,0
1231032,4,2020,2020,0,2,8,169,27,29,34609,0,1,1,-31.265687,149.333123,51,1,0,0,1,2,0,0,2,0,7,100,0,782,957,5,16,40,1,0,1,0,0
1231033,2,2020,2020,0,2,7,9,10,35,34609,0,1,1,-34.19624,150.706589,79,2,2,0,1,0,0,0,2,0,7,60,0,1850,1463,5,16,40,1,0,0,1,0
1231034,1,2020,2020,8,6,7,97,27,166,799,0,1,10,-33.929521,150.980326,15,0,2,0,3,0,0,0,2,2,7,70,2,1391,1391,1,0,5,2,0,0,0,1
1231036,1,2020,2020,7,1,4,42,27,197,34609,0,1,1,-33.957526,151.071818,25,0,2,1,3,0,0,0,2,0,7,50,0,323,323,1,16,5,2,0,0,0,1
1231037,2,2020,2020,7,0,9,2261,17,284,2252,0,1,9,-33.907398,151.023941,15,0,2,1,3,0,0,0,2,1,7,60,2,5929,5929,1,0,5,2,0,0,2,0
1231039,1,2020,2020,0,6,6,2209,17,44,2205,0,1,9,-33.947629,151.140383,4,0,2,1,3,0,0,0,2,0,7,60,2,395,395,1,30,36,2,0,0,0,1
1231040,4,2020,2020,7,3,10,255,31,20,34609,0,1,1,-33.937978,150.844262,41,0,2,1,3,0,0,0,0,0,0,50,0,1981,1981,4,5,19,2,0,1,0,0
1231043,2,2020,2020,7,4,11,6,31,143,34609,0,1,7,-33.70439,151.103347,31,0,2,1,2,0,0,0,0,0,0,50,0,9859,9859,8,5,40,1,0,0,1,0
1231045,4,2020,2020,0,1,8,29,1,64,52,0,1,1,-33.711236,150.745133,55,0,2,1,0,0,3,4,2,0,7,60,1,1945,1945,5,16,40,1,0,1,0,0
1231046,2,2020,2020,3,1,7,13,31,234,34609,0,1,10,-34.284465,146.051169,28,2,1,1,0,0,0,0,2,0,0,50,0,6545,6545,4,30,5,2,0,0,2,0
1231047,4,2020,2020,3,1,5,168,10,387,260,0,1,2,-33.94581,151.183001,4,0,2,1,1,0,3,4,2,0,7,70,2,1945,1945,5,16,40,1,0,1,0,0
1231048,1,2020,2020,8,1,7,154,27,443,244,0,1,1,-33.907636,151.076733,67,0,2,1,3,0,0,0,2,0,7,60,2,14295,14295,3,8,5,4,0,0,0,1
1231050,1,2020,2020,7,3,10,14,27,85,34609,0,1,10,-33.903763,150.87619,41,0,2,1,3,0,0,0,0,2,9,50,0,5929,5929,1,5,0,2,0,0,0,2
1231053,4,2020,2020,0,4,7,168,10,387,260,0,1,2,-33.946103,151.172399,4,0,2,1,3,0,3,4,2,0,7,70,2,1391,1391,1,10,19,2,0,1,0,0
1231059,2,2020,2020,7,6,11,45,31,43,81,0,1,2,-32.177445,152.500642,43,2,1,0,2,0,3,6,0,0,7,50,2,4552,5151,8,5,40,1,0,0,1,0
1231061,4,2020,2020,3,4,9,9,27,27,34609,0,1,1,-33.237422,151.265367,16,2,2,0,0,0,0,0,3,0,7,80,0,4552,5151,8,10,40,1,0,1,1,0
1231062,4,2020,2020,0,6,9,7,27,24,34609,1,0,1,-33.909416,150.891187,41,0,2,1,2,0,0,0,2,0,7,50,0,3775,3775,0,5,22,2,0,1,0,0
1231064,2,2020,2020,7,2,1,100,27,127,799,0,1,10,-33.896585,151.152514,32,0,2,1,2,0,0,0,0,2,9,60,2,4552,985,8,5,40,1,0,0,1,0
1231065,1,2020,2019,2,0,11,1,31,12,3,0,1,9,-35.899315,145.700964,51,2,1,1,0,0,0,0,0,0,0,80,1,84,84,6,10,40,1,0,0,0,1
1231070,2,2020,2020,3,0,8,500,31,106,34609,0,1,1,-28.863113,153.049721,60,2,1,1,1,0,0,0,2,0,7,50,0,2040,2040,9,5,28,2,0,0,1,0
1231074,2,2020,2020,7,4,4,2209,17,40,2205,0,1,2,-34.700542,150.839116,35,2,1,0,1,0,3,4,2,0,7,80,2,4552,5151,8,5,40,1,0,0,1,0
1231075,1,2020,2020,7,4,4,53,31,323,34609,0,1,1,-33.747668,150.994063,71,0,2,1,1,0,0,0,2,0,7,50,0,238,238,9,9,28,2,0,0,0,1
1231077,2,2020,2020,7,2,9,17,31,72,145,0,1,9,-33.797513,151.060295,54,0,2,1,1,0,0,3,3,2,7,70,2,2852,2852,4,5,5,2,0,0,2,0
1231078,1,2020,2020,0,4,7,8,27,144,34609,0,1,9,-34.041923,151.017842,68,0,2,0,0,0,0,0,2,0,7,50,0,14295,14295,3,5,27,2,0,0,0,1
1231080,1,2020,2020,8,2,5,3371,17,82,3342,0,1,10,-33.827693,151.200771,49,0,2,1,1,0,0,0,2,2,7,60,2,5929,5929,1,5,27,2,0,0,0,1
1231082,2,2020,2020,7,6,3,2209,17,29,2205,0,1,1,-36.979559,149.885115,5,1,0,1,0,0,0,3,1,0,7,100,2,1089,1089,7,30,40,2,0,0,1,0
1231083,2,2020,2020,3,6,8,224,27,246,321,0,1,10,-33.901489,151.201136,69,0,2,1,1,0,0,3,3,2,7,50,2,1192,1192,1,16,5,2,0,0,1,0
1231084,2,2020,2020,3,1,8,23,27,523,23,0,1,1,-33.92125,150.908537,41,0,2,1,1,0,0,0,2,0,7,60,1,14295,14295,3,5,5,3,0,0,1,1
1231085,2,2020,2020,7,1,2,10,10,73,34609,0,1,9,-35.134784,147.374017,75,2,1,0,2,0,0,0,0,0,0,50,0,2585,4009,8,10,40,1,0,0,1,0
1231086,2,2020,2020,7,3,10,1104,14,283,962,0,1,6,-33.830117,151.018276,54,0,2,0,2,0,0,0,0,0,7,70,2,4552,5151,8,5,40,1,0,0,2,0
1231087,2,2020,2020,8,1,8,2126,17,62,2149,0,1,2,-33.746238,150.613163,8,2,2,0,1,0,0,0,2,0,7,60,2,14295,14295,3,8,5,2,0,0,1,0
1231092,2,2020,2020,0,6,0,40,31,87,34609,0,1,9,-34.491455,150.429961,78,2,1,1,2,0,0,0,0,0,7,50,0,4552,985,8,5,40,1,0,0,1,0
1231100,2,2020,2020,3,2,9,283,27,91,702,0,1,9,-33.956664,151.086891,25,0,2,1,1,0,3,4,2,0,7,60,2,2852,2852,4,5,5,3,0,0,1,0
1231101,1,2020,2020,3,5,5,50,27,166,799,0,1,9,-33.898786,151.174,32,0,2,1,0,0,0,0,2,2,7,50,2,2040,2040,9,0,28,2,0,0,0,1
1231102,2,2020,2020,7,6,6,1,27,10,34609,0,1,1,-35.708192,150.242041,23,2,1,0,0,0,3,4,2,0,7,50,0,4552,5151,8,5,40,1,0,0,1,0
1231103,4,2020,2020,7,1,6,45,27,110,45,0,1,1,-33.744347,151.047899,71,0,2,1,1,0,0,0,2,0,7,60,2,3775,3775,0,30,36,3,0,2,0,0
1231106,1,2020,2020,3,6,4,42,31,149,6,0,1,10,-33.868625,151.172795,32,0,2,1,1,0,0,0,2,0,7,50,1,515,515,1,10,27,2,0,0,0,1
1231107,2,2020,2020,3,3,9,515,14,197,518,0,1,3,-33.941596,151.081498,15,0,2,1,3,0,0,0,3,0,7,80,2,1391,1391,1,10,19,4,0,0,1,0
1231110,2,2020,2020,7,1,5,11,31,108,34609,0,1,10,-28.863937,153.567929,2,2,1,1,0,0,0,0,2,0,0,50,0,6545,6545,4,5,0,2,0,0,3,0
1231111,4,2020,2020,3,5,7,105,17,251,136,0,1,2,-33.7716,150.937978,7,0,2,1,0,0,0,0,2,0,7,60,2,238,238,9,10,28,2,0,1,0,0
1231112,4,2020,2020,7,4,8,866,17,187,793,0,1,10,-33.795509,150.989761,54,0,2,1,1,0,3,4,2,2,7,70,2,14295,14295,3,9,12,5,0,1,0,0
1231113,4,2020,2020,7,4,6,54,31,28,62,0,1,9,-33.794541,151.196444,77,0,2,1,1,0,0,0,2,0,7,60,2,1109,787,1,0,19,2,0,1,0,0
1231115,4,2020,2020,7,2,2,3371,17,38,3342,0,1,9,-30.246172,153.141255,19,2,1,1,2,0,3,4,0,0,7,80,2,5929,5929,1,30,5,2,0,2,0,0
1231119,2,2020,2020,7,3,3,89,36,68,81,0,1,1,-34.766245,148.856487,82,1,0,0,0,0,0,0,2,0,7,100,2,4552,5151,8,10,40,1,0,0,1,0
1231123,2,2020,2020,8,3,7,213,17,7,213,0,1,9,-29.629109,152.757456,18,1,0,0,3,0,0,0,2,0,7,100,2,4552,5151,8,5,40,1,0,0,1,0
1231127,4,2020,2020,7,3,5,77,27,17,58,0,1,1,-34.699303,150.527789,63,2,1,1,0,0,0,0,2,0,7,80,2,83,83,5,16,40,2,0,1,0,0
1231130,4,2020,2020,7,6,11,71,27,44,122,0,1,2,-34.561639,150.860057,62,0,2,1,2,0,0,0,0,0,7,70,2,3775,3775,0,22,5,2,0,1,0,0
1231133,1,2020,2020,0,0,8,175,27,609,220,0,1,9,-33.769452,150.912121,7,0,2,1,3,0,0,0,0,2,7,60,2,1391,1391,1,5,5,2,0,0,0,1
1231135,2,2020,2020,8,6,7,22,31,13,34609,0,1,10,-31.645987,152.798128,56,2,1,1,3,0,0,0,2,0,0,50,0,6545,6545,4,30,12,2,0,0,1,0
1231140,2,2020,2020,7,0,8,20,27,40,20,0,1,1,-34.98925,150.594584,63,1,0,1,0,0,0,0,2,0,7,100,1,14295,14295,3,9,5,3,0,0,1,0
1231141,2,2020,2020,0,1,9,177,22,87,176,0,1,9,-34.049576,151.146039,68,0,2,1,1,0,0,0,0,0,0,70,2,5929,5929,1,10,5,2,0,0,1,0
1231143,4,2020,2020,0,0,3,475,10,83,268,0,1,9,-33.88369,150.857651,41,0,2,1,1,0,0,0,1,2,7,70,2,204,204,1,5,5,2,0,1,0,0
1231145,2,2020,2020,7,0,8,17,27,70,34609,0,1,9,-34.035587,151.084919,68,0,2,1,0,0,0,0,2,0,7,40,0,340,340,9,9,28,2,0,0,1,0
1231146,2,2020,2020,7,3,5,161,17,10,161,0,1,1,-35.59171,148.351956,66,1,0,1,0,0,0,0,2,0,7,100,2,945,945,5,16,40,1,0,0,1,0
1231149,2,2020,2020,3,4,10,7,31,57,34609,0,1,1,-34.565124,150.817314,62,0,2,1,2,0,3,3,0,0,7,50,0,237,397,1,5,5,2,0,0,1,0
1231151,4,2020,2020,7,6,7,192,27,94,14,0,1,9,-33.876893,150.916212,24,0,2,1,1,0,3,0,2,0,7,50,1,3775,3775,0,5,0,2,0,1,1,0
1231156,4,2020,2020,3,0,5,8,27,210,34609,0,1,1,-34.026913,151.116545,68,0,2,1,0,0,0,0,2,0,7,50,0,9859,9859,1,5,5,3,0,1,0,1
1231157,4,2020,2020,7,5,6,36,27,23,39,0,1,1,-32.376227,149.285455,44,1,0,1,0,0,3,4,2,0,7,100,2,9859,9859,8,10,40,1,0,1,0,0
1231158,2,2020,2020,7,2,6,2209,17,17,2205,0,1,1,-36.533092,149.832891,5,1,0,1,0,0,0,0,2,0,7,100,2,9859,9859,8,10,40,1,0,0,1,0
1231160,2,2020,2020,7,2,6,114,27,22,65,0,1,1,-33.407675,151.035397,16,2,2,0,0,0,3,4,2,0,7,60,1,1850,1463,5,16,40,1,0,0,1,0
1231161,2,2020,2020,0,2,5,2,1,18,34609,0,1,9,-29.437486,147.983136,51,2,1,1,1,0,0,0,2,0,7,50,0,489,489,8,5,40,1,0,0,1,0
1231164,2,2020,2020,7,4,5,55,27,179,34609,0,1,7,-33.762949,150.719837,55,0,2,1,1,0,3,4,2,0,0,50,0,6545,6545,4,5,19,2,0,0,1,0
1231166,2,2020,2020,8,5,4,478,17,5,480,1,2,2,-33.426336,151.397963,16,2,2,1,3,0,0,0,2,0,7,40,2,14295,14295,3,10,5,2,0,0,1,0
1231168,1,2020,2020,8,4,6,4,1,87,34609,0,1,1,-34.052109,151.150785,68,0,2,1,3,0,0,0,2,0,7,50,0,1669,1669,3,10,0,2,0,0,0,1
1231171,1,2020,2020,8,0,6,230,27,197,284,0,1,10,-33.791397,151.130484,61,0,2,1,3,0,0,0,2,2,7,70,2,14295,14295,3,30,5,2,0,0,0,1
1231172,1,2020,2020,8,2,8,73,31,532,34609,0,1,10,-33.865166,151.204142,69,0,2,1,3,0,0,0,3,2,8,40,0,14295,14295,3,0,5,2,0,0,0,2
1231176,2,2020,2020,3,2,10,15,27,197,140,0,1,1,-33.939214,151.076751,15,0,2,1,2,0,0,0,0,0,7,50,1,14295,14295,3,5,19,2,0,0,1,0
1231177,4,2020,2020,3,2,8,14,27,13,34609,0,1,1,-30.025031,151.143243,33,1,0,0,0,2,0,0,3,0,7,100,0,1850,1463,5,16,40,1,0,1,0,0
1231179,2,2020,2020,0,6,4,3,27,45,34609,0,1,7,-34.307636,150.598175,79,2,2,1,3,0,0,0,2,0,0,80,0,301,301,4,5,0,2,0,0,1,0
1231184,4,2020,2020,7,1,3,512,17,9,441,0,1,9,-32.487704,148.910456,22,1,0,1,0,0,3,4,0,0,0,110,2,2852,2852,4,10,13,2,0,1,1,0
1231186,2,2020,2020,0,2,7,485,27,323,769,0,1,9,-33.750006,150.985992,71,0,2,1,3,0,0,0,2,2,7,60,2,5929,5929,1,5,13,2,0,0,1,0
1231187,2,2020,2020,8,0,11,500,27,129,799,0,1,10,-33.929428,151.072388,15,0,2,1,3,0,0,0,0,2,9,60,2,1391,1391,1,5,36,2,0,0,1,1
1231189,1,2020,2020,7,0,8,4,27,128,34609,0,1,1,-33.62843,150.800615,29,2,2,1,1,0,0,0,2,0,7,50,0,623,623,3,0,5,2,0,0,0,2