Crash ID,Degree of crash - detailed,Reporting year,Year of crash,Month of crash,Day of week of crash,Two-hour intervals,Street of crash,Street type,Town,Route no.,School zone location,School zone active,Type of location,Latitude,Longitude,LGA,Urbanisation,Conurbation 1,Alignment,Street lighting,Road surface,Surface condition,Weather,Natural lighting,Signals operation,Other traffic control,Speed limit,Road classification,RUM - code,DCA - code,First impact type,Key TU type,Other TU type,No. of traffic units involved,No. killed,No. seriously injured,No. moderately injured,No. minor-other injured
1231190,2,2020,2020,0,0,8,4,27,54,34609,0,1,9,-33.243941,151.493967,16,2,2,1,3,0,3,4,2,0,7,50,0,9859,9859,8,34,40,1,0,0,1,0
1231191,2,2020,2020,3,0,5,1,7,11,34609,0,1,9,-32.927466,151.681347,37,0,2,1,1,0,0,0,2,0,7,50,0,945,945,5,5,40,1,0,0,1,0
1231195,2,2020,2020,0,6,7,81,31,133,80,0,1,7,-33.922237,151.013031,15,0,2,1,1,0,3,4,2,0,0,60,1,2040,2040,9,5,28,2,0,0,1,0
1231196,4,2020,2020,3,6,3,485,27,337,769,0,1,2,-33.734449,150.97361,71,0,2,1,1,0,0,0,2,0,7,70,2,1282,1282,1,5,18,2,0,1,0,0
1231199,4,2020,2020,0,1,4,157,17,166,158,0,1,2,-33.420738,149.564679,3,2,1,1,0,0,0,0,2,0,7,60,2,9859,9859,1,30,5,2,0,1,0,0
1231200,2,2020,2020,3,4,11,2126,17,171,2149,0,1,10,-33.815483,150.969528,21,0,2,1,2,0,0,0,0,2,7,80,2,6545,6545,4,5,0,2,0,0,1,0
1231203,4,2020,2020,0,4,3,150,27,309,415,0,1,2,-33.802753,151.113878,61,0,2,1,1,0,0,0,2,0,7,70,2,9859,9859,8,10,40,1,0,1,0,0
1231204,4,2020,2020,8,1,5,6,27,96,34609,0,1,1,-34.052217,150.838117,13,0,2,1,1,0,0,0,2,0,7,50,0,475,475,5,34,40,1,0,1,0,0
1231207,2,2020,2020,7,4,5,3,27,73,34609,1,0,9,-33.753119,150.810673,7,0,2,1,1,0,0,0,2,0,7,50,0,2852,2852,4,22,12,2,0,0,1,0
1231215,2,2020,2020,7,5,0,168,10,387,260,0,1,9,-33.944568,151.188138,4,0,2,1,3,0,0,0,0,2,7,70,2,4552,985,8,5,40,1,0,0,1,0
1231217,4,2020,2020,7,3,7,225,17,50,180,0,1,1,-34.557852,150.64387,62,0,2,1,0,0,0,0,2,0,7,60,2,1945,1945,5,16,40,1,0,1,0,0
1231218,2,2020,2020,8,5,7,12,27,36,28,0,1,7,-33.795875,150.938769,21,0,2,1,0,0,0,0,2,0,0,60,1,2852,2852,4,0,0,2,0,0,1,1
1231219,2,2020,2020,7,1,2,3,27,5,34609,0,1,1,-35.544452,149.764802,58,2,1,0,0,0,3,3,0,0,7,80,0,782,957,5,5,40,1,0,0,1,0
1231220,2,2020,2020,0,1,10,44,31,204,4,0,1,7,-33.894012,150.928406,24,0,2,1,2,0,0,0,0,0,0,50,1,6545,6545,4,0,20,2,0,0,1,0
1231223,4,2020,2020,8,4,11,97,31,169,34609,0,1,9,-33.898995,151.204164,69,0,2,1,3,0,0,0,0,0,0,50,0,945,945,5,5,40,1,0,1,0,0
1231228,1,2020,2020,0,0,7,361,31,32,42,1,2,1,-33.865545,150.970017,24,0,2,1,3,0,0,0,2,0,7,40,1,14295,14295,3,5,13,2,0,0,0,1
1231229,2,2020,2020,8,0,4,387,27,115,331,1,0,1,-33.960364,151.071605,25,0,2,1,0,0,0,0,2,0,7,60,2,2040,2040,9,5,28,2,0,0,1,0
1231231,2,2020,2020,0,3,8,40,31,94,34609,0,1,1,-33.835309,151.041847,54,0,2,1,3,0,0,0,2,0,7,50,0,9859,9859,1,5,22,2,0,0,1,0
1231234,1,2020,2020,7,1,1,191,27,370,68,0,1,1,-34.061671,150.810369,13,0,2,1,2,0,0,0,0,0,7,60,1,204,204,1,5,5,2,0,0,0,1
1231238,1,2020,2020,8,4,8,2,27,11,34609,0,1,1,-32.031565,147.987144,51,2,1,1,3,0,0,0,3,0,7,50,0,4026,4026,8,9,40,1,0,0,0,1
1231239,4,2020,2020,8,3,5,10,27,73,35,0,1,11,-33.89356,151.164264,32,0,2,0,1,0,0,0,2,0,7,50,1,395,395,1,22,5,2,0,1,0,0
1231244,4,2020,2020,0,4,2,10,27,18,34609,0,1,7,-33.826814,151.109617,61,0,2,1,1,0,0,0,1,0,7,50,0,6545,6545,4,10,27,2,0,1,0,0
1231246,2,2020,2020,0,6,8,475,10,42,268,0,1,2,-33.886234,150.871727,24,0,2,1,3,0,0,0,2,0,7,70,2,14295,14295,3,5,13,2,0,0,1,0
1231247,2,2020,2020,8,1,4,11,31,273,34609,0,1,7,-34.422182,150.898143,80,0,2,1,1,0,0,0,2,0,0,50,0,6545,6545,4,30,27,2,0,0,1,0
1231249,2,2020,2020,8,1,11,126,1,226,144,0,1,9,-33.772032,150.815841,7,0,2,1,2,0,0,0,0,2,7,60,2,14295,14295,3,5,5,2,0,0,2,0
1231252,2,2020,2020,8,1,7,4,1,72,34609,0,1,1,-33.796686,151.059473,54,0,2,1,3,0,0,0,2,0,7,50,0,9859,9859,1,5,12,2,0,0,1,0
1231258,1,2020,2020,0,1,9,48,31,104,605,0,1,9,-33.830066,151.216777,49,0,2,1,3,0,0,0,0,0,7,60,2,623,623,3,19,18,2,0,0,0,1
1231260,1,2020,2020,7,5,9,2126,17,161,2149,0,1,9,-33.889971,151.146799,32,0,2,1,2,0,0,0,0,2,9,60,2,591,591,1,22,5,2,0,0,0,1
1231263,2,2020,2020,0,5,7,127,27,59,103,0,1,9,-32.890718,151.727716,48,0,2,1,1,0,0,0,2,0,7,60,1,14295,14295,3,10,13,3,0,0,1,1
1231265,2,2020,2020,0,4,8,23,31,36,41,0,1,10,-33.892319,148.160339,51,2,1,1,1,0,0,0,2,0,0,50,1,9859,9859,8,1,40,1,0,0,1,0
1231267,4,2020,2020,8,5,5,13,31,207,34609,0,1,7,-31.959533,141.461047,51,2,1,1,1,0,0,0,2,0,0,50,0,1192,1192,1,5,27,2,0,1,0,0
1231273,1,2020,2020,3,0,4,35,27,13,19,0,1,10,-34.072748,150.680727,12,0,2,0,3,0,0,0,2,2,7,80,1,14295,14295,3,5,5,4,0,0,0,1
1231274,1,2020,2020,8,5,6,232,36,64,168,0,1,9,-34.039737,150.738496,12,0,2,1,3,0,0,0,2,2,7,50,2,6545,6545,4,5,36,2,0,0,0,1
1231276,1,2020,2020,3,4,10,6,31,204,34609,0,1,10,-33.901924,150.932831,24,0,2,1,2,0,0,0,0,0,0,50,0,2040,2040,9,5,28,2,0,0,0,1
1231278,4,2020,2020,8,2,10,37,1,646,34609,1,0,7,-33.921608,151.029358,15,0,2,1,2,0,0,0,0,0,0,50,0,6545,6545,4,5,27,2,0,1,0,0
1231283,4,2020,2020,0,4,10,194,31,105,34609,0,1,10,-32.597231,149.587449,44,2,1,1,2,0,3,2,0,0,9,50,0,2040,2040,9,10,28,2,0,1,0,0
1231285,2,2020,2020,7,5,2,916,17,32,917,0,1,1,-32.597519,151.198629,64,1,0,1,0,0,0,0,0,0,7,100,2,14295,14295,3,5,0,2,0,0,1,0
1231288,4,2020,2020,8,2,5,283,27,20,702,0,1,1,-33.970221,151.098394,25,0,2,1,1,0,0,0,2,0,7,60,2,1981,1981,4,10,5,3,0,1,2,0
1231291,1,2020,2020,8,3,5,178,27,316,34609,0,1,1,-33.916222,151.24083,59,0,2,1,3,0,0,0,2,0,7,50,0,14295,14295,3,22,5,2,0,0,0,1
1231296,1,2020,2020,8,2,7,3,10,73,34609,0,1,9,-33.713864,150.718621,55,0,2,0,3,0,0,0,2,0,7,50,0,217,217,1,5,5,2,0,0,0,1
1231305,1,2020,2020,8,1,6,42,27,33,56,1,0,1,-33.898169,151.24237,76,0,2,1,3,0,0,0,2,0,7,50,1,14295,14295,3,10,13,2,0,0,0,1
1231313,1,2020,2020,3,4,5,161,17,11,161,0,1,1,-35.880417,148.497291,65,1,0,0,0,0,3,4,2,0,7,100,2,418,714,5,16,40,1,0,0,0,1
1231314,2,2020,2020,8,5,10,220,27,92,222,0,1,10,-33.758268,150.955369,71,0,2,1,2,0,0,0,0,2,7,80,2,9859,9859,8,5,40,1,0,0,1,0
1231322,4,2020,2020,8,2,6,5,27,8,34609,0,1,9,-32.878246,151.356354,17,2,1,1,0,2,0,3,2,0,7,60,0,4026,4026,8,16,40,1,0,1,0,0
1231324,4,2020,2020,0,3,3,137,14,24,70,0,1,3,-32.768907,151.450329,17,1,0,1,0,0,0,0,2,0,7,110,2,9859,9859,1,5,5,2,0,1,1,0
1231328,4,2020,2020,3,2,1,39,10,87,65,0,1,7,-33.699777,150.958865,71,0,2,1,2,0,0,6,0,0,7,60,1,1945,1945,5,5,40,1,0,1,0,0
1231329,4,2020,2020,0,4,4,84,1,226,34609,0,1,1,-33.765656,150.812561,7,0,2,1,1,0,0,0,2,0,7,50,0,591,591,1,22,5,2,0,1,0,0
1231331,4,2020,2020,8,2,8,2,1,63,34609,0,1,1,-33.732967,150.801019,7,0,2,0,1,2,0,0,2,0,7,50,0,2585,4009,8,16,40,2,0,1,0,0
1231340,1,2020,2020,8,5,4,7,27,14,11,0,1,9,-33.358203,146.45753,51,1,0,0,3,0,0,0,2,0,7,100,1,418,714,5,5,40,1,0,0,0,1
1231343,2,2020,2020,8,6,11,87,31,53,34609,0,1,10,-33.844559,150.968369,21,0,2,1,3,0,0,0,0,0,7,50,0,5929,5929,1,5,5,2,0,0,1,0
1231345,1,2020,2020,8,4,8,24,27,6,78,0,1,9,-33.615818,150.111877,40,1,0,1,3,0,3,3,3,0,0,100,2,2852,2852,4,10,13,2,0,0,0,1
1231347,1,2020,2020,0,5,3,3371,17,63,3342,0,1,2,-28.176905,153.51505,72,1,0,1,0,0,0,0,2,0,7,100,2,1282,1282,1,29,5,2,0,0,0,1
1231348,2,2020,2020,8,5,6,18,31,155,34609,0,1,1,-33.501637,151.307615,16,2,2,1,1,0,0,0,2,0,7,50,0,4026,4026,1,5,5,5,0,0,1,0
1231349,1,2020,2020,8,4,2,515,14,243,518,0,1,3,-33.938267,150.913544,41,0,2,1,3,0,0,0,1,0,7,100,2,1282,1282,1,5,5,2,0,0,0,1
1231350,1,2020,2019,2,3,6,24,31,290,28,0,1,1,-33.84628,150.982384,21,0,2,1,3,0,0,0,2,0,7,50,1,14295,14295,3,10,13,2,0,0,0,1
1231351,2,2020,2020,8,3,6,14,31,69,34609,0,1,1,-28.553459,153.500804,10,2,1,1,3,0,0,0,2,0,7,50,0,214,214,9,0,28,2,0,0,1,0
1231360,1,2020,2020,8,5,6,168,17,14,212,0,1,1,-35.282216,149.695717,58,1,0,0,0,0,0,0,2,0,7,100,2,2585,4009,8,10,40,1,0,0,0,2
1231368,4,2020,2020,8,0,11,829,1,225,34609,0,1,10,-33.794918,151.187571,77,0,2,1,2,0,0,0,0,0,7,40,0,387,387,1,22,5,2,0,1,0,0
1231369,4,2020,2020,0,5,4,1,31,77,34609,0,1,1,-33.884074,151.202762,69,0,2,1,0,0,0,0,2,0,7,40,0,214,214,9,9,28,3,0,1,0,0
1231372,2,2020,2020,7,0,7,1,1,59,34609,0,1,9,-34.335341,150.911516,80,0,2,1,1,0,0,0,2,0,15,50,0,5929,5929,1,10,19,2,0,0,1,0
1231375,4,2020,2020,7,2,8,158,27,46,207,1,0,2,-33.87872,151.235982,81,0,2,1,1,0,0,0,2,2,9,60,2,1220,1220,9,5,28,2,0,1,0,0
1231377,2,2020,2020,7,2,7,21,27,23,15,0,1,1,-32.309687,149.189242,22,1,0,1,0,0,0,0,2,0,7,100,1,1945,1945,5,5,40,1,0,0,1,0
1231379,2,2020,2020,7,2,6,177,31,65,208,1,0,9,-33.859093,150.917908,24,0,2,1,0,0,0,0,2,0,7,60,1,1220,1220,9,0,28,2,0,0,1,0
1231381,2,2020,2020,0,2,2,83,27,13,34609,0,1,1,-28.675328,153.550127,10,2,1,0,0,0,0,0,0,0,7,80,0,1259,5151,8,10,40,1,0,0,1,0
1231382,4,2020,2020,8,2,7,916,17,12,917,0,1,1,-31.123001,150.991998,70,2,1,0,1,0,3,4,2,0,7,60,2,1957,4009,8,5,40,1,0,1,0,0
1231384,4,2020,2020,7,0,3,13,18,2,34609,0,1,1,-34.510222,147.153478,51,1,0,1,0,0,0,0,2,0,7,100,0,623,623,3,8,10,2,0,1,0,0
1231386,2,2020,2020,0,6,6,475,31,252,75,0,1,9,-33.88344,151.208304,69,0,2,1,1,0,0,0,2,2,9,40,1,2040,2040,9,5,28,2,0,0,2,0
1231388,2,2020,2020,7,0,11,4,31,7,34609,0,1,1,-29.442992,151.599458,51,2,1,1,0,0,0,0,0,0,7,50,0,4026,4026,8,0,40,1,0,0,1,0
1231390,4,2020,2020,8,1,8,43,1,32,144,0,1,9,-33.756757,150.82154,7,0,2,1,0,0,0,0,2,0,0,60,2,2040,2040,9,5,28,2,0,1,0,0
1231392,2,2020,2020,7,4,8,97,31,283,92,0,1,9,-33.825713,150.994556,54,0,2,1,2,0,0,0,3,0,0,60,1,1220,1220,9,5,28,2,0,0,1,0
1231394,4,2020,2020,0,4,4,478,17,50,480,0,1,1,-33.235035,151.558128,16,2,2,1,1,0,0,0,2,0,7,50,2,9859,9859,8,0,40,1,0,1,0,0
1231396,2,2020,2020,0,1,8,12,27,11,34609,0,1,1,-33.937642,150.67861,41,0,2,0,0,0,0,0,0,0,7,80,0,3775,3775,0,10,5,2,0,0,2,0
1231400,2,2020,2020,3,4,9,147,27,25,34609,0,1,10,-33.877824,151.279879,76,0,2,1,1,0,0,0,2,0,0,50,0,6545,6545,4,0,0,2,0,0,2,0
1231401,2,2020,2020,0,2,2,3371,17,29,3342,0,1,1,-29.016303,153.428558,60,2,1,0,0,0,0,1,1,0,7,50,2,1259,5151,8,5,40,1,0,0,1,0
1231404,1,2020,2020,8,6,11,866,17,187,793,0,1,2,-33.791881,150.997381,54,0,2,1,2,0,0,0,0,0,7,90,2,204,204,1,5,0,2,0,0,0,1
1231406,4,2020,2020,0,5,5,2126,17,19,2149,0,1,2,-33.441032,150.114254,40,1,0,1,1,0,0,0,2,0,7,100,2,9859,9859,8,0,40,1,0,1,0,0
1231407,4,2020,2020,7,3,8,79,10,43,231,0,1,1,-33.438776,151.327376,16,2,2,1,0,0,0,0,2,0,7,60,2,623,623,3,5,13,2,0,1,0,0
1231409,1,2020,2020,4,0,5,1,27,1,34609,0,1,1,-28.497798,152.611956,51,2,1,1,0,2,0,0,2,0,7,60,0,1945,1945,5,16,40,1,0,0,0,1
1231410,2,2020,2020,7,2,0,2,27,7,34609,0,1,1,-30.910194,151.411817,51,1,0,0,0,0,0,0,0,0,7,100,0,2585,4009,8,5,40,1,0,0,1,0
1231412,2,2020,2020,3,2,4,2126,17,44,2149,0,1,2,-33.768072,150.637451,8,2,2,0,0,0,0,0,2,0,7,70,2,1957,4009,8,5,40,1,0,0,1,0
1231416,2,2020,2020,0,1,5,2209,17,115,2205,0,1,10,-34.035099,151.066289,68,0,2,1,1,0,0,0,2,2,7,70,2,5929,5929,1,10,12,2,0,0,1,0
1231419,2,2020,2020,3,6,3,12,27,57,34609,0,1,1,-28.634069,153.533439,10,1,0,1,0,0,3,4,2,0,7,100,0,4026,4026,8,0,40,1,0,0,1,0
1231424,4,2020,2020,8,1,7,1,27,29,34609,0,1,1,-32.228212,152.301691,43,1,0,0,0,2,0,0,2,0,7,100,0,3775,3775,0,10,13,2,0,1,0,0
1231426,4,2020,2020,7,4,4,5,31,30,13,0,1,7,-33.862367,151.145197,14,0,2,1,1,0,0,0,2,0,0,50,1,5929,5929,1,16,12,2,0,1,0,0
1231428,4,2020,2020,0,2,7,3,31,66,34609,0,1,9,-34.481397,150.900508,80,0,2,1,1,0,0,0,2,0,7,50,0,5929,5929,1,5,13,2,0,1,0,0
1231429,2,2020,2020,0,4,3,6,10,27,34609,0,1,1,-34.053042,150.750688,12,0,2,0,1,0,0,0,2,0,7,50,0,1981,1981,4,34,5,2,0,0,1,0
1231432,2,2020,2020,8,4,10,344,27,89,382,0,1,1,-33.664537,150.800245,55,0,2,1,0,0,0,0,0,0,7,80,2,5929,5929,1,5,5,2,0,0,3,0
1231434,2,2020,2020,7,3,6,5,27,163,34609,0,1,1,-33.848126,151.106867,14,0,2,1,1,0,0,0,2,0,7,50,0,387,387,1,22,5,2,0,0,1,0
1231440,4,2020,2020,0,5,6,163,27,63,165,0,1,9,-33.739298,150.796703,7,0,2,1,0,0,0,0,2,0,0,60,1,5929,5929,1,5,5,2,0,1,0,0
1231441,2,2020,2020,7,1,6,53,31,42,34609,0,1,1,-36.001744,146.38855,51,2,1,1,1,0,0,0,2,0,7,50,0,9859,9859,1,10,23,3,0,0,1,0
1231442,4,2020,2020,0,5,8,32,27,78,28,0,1,1,-33.90319,150.788459,41,0,2,1,0,0,0,0,3,0,7,70,1,1945,1945,5,16,40,1,0,1,0,0
1231443,2,2020,2020,8,0,3,81,27,609,115,0,1,9,-33.77912,150.901092,7,0,2,1,1,0,0,0,2,0,7,60,2,2852,2852,4,5,10,2,0,0,1,0
1231444,1,2020,2020,0,5,9,829,27,124,770,0,1,9,-33.813798,151.052291,54,0,2,1,1,0,0,0,3,1,7,70,2,1282,1282,1,33,27,2,0,0,0,1
1231448,4,2020,2020,7,1,8,2261,17,44,2252,0,1,2,-33.897068,150.953271,24,0,2,1,0,0,0,0,2,0,7,70,2,1220,1220,9,10,28,2,0,1,0,0
1231449,2,2020,2020,0,6,3,213,17,13,213,0,1,1,-29.576161,150.421678,51,1,0,1,0,0,0,0,2,0,7,100,2,9859,9859,8,0,40,1,0,0,1,0
1231451,4,2020,2020,8,1,8,104,27,443,702,0,1,9,-33.901923,151.064854,67,0,2,1,2,0,0,0,2,0,7,70,2,14295,14295,3,10,19,3,0,1,0,0
1231453,2,2020,2020,7,3,9,35,27,363,24,0,1,7,-33.761236,150.68952,55,0,2,1,1,0,0,0,3,0,7,60,1,6545,6545,4,5,5,2,0,0,1,0
1231454,2,2020,2020,0,3,8,1,31,84,34609,0,1,1,-31.104023,150.89352,70,2,1,1,1,0,0,0,2,0,7,50,0,9859,9859,8,16,40,1,0,0,1,0
1231457,2,2020,2020,0,4,7,171,27,64,369,0,1,1,-33.730888,150.718923,55,0,2,1,1,0,3,4,2,0,7,80,2,14295,14295,3,5,25,2,0,0,1,0
1231460,4,2020,2020,8,5,7,348,17,12,232,0,1,1,-32.651553,149.668073,44,1,0,0,0,0,0,0,2,0,7,100,2,1957,4009,8,5,40,1,0,1,1,0
1231461,4,2020,2020,0,5,1,74,27,609,48,0,1,2,-33.775849,150.895834,7,0,2,1,2,0,0,0,0,0,7,60,1,9859,9859,8,0,40,1,0,1,0,0
1231462,4,2020,2020,8,2,3,1,1,55,34609,0,1,9,-33.853803,151.273852,81,0,2,0,1,0,0,0,2,0,7,50,0,5929,5929,1,0,27,2,0,1,0,0
1231463,2,2020,2020,3,6,5,36,36,30,139,0,1,1,-34.706574,146.508355,51,1,0,0,0,0,0,0,2,0,7,100,2,782,957,5,5,40,1,0,0,1,0
1231465,2,2020,2020,0,6,3,36,1,53,34609,0,1,9,-33.922005,150.838058,41,0,2,1,1,0,0,0,2,0,7,60,0,1669,1669,3,5,0,2,0,0,1,0
1231466,2,2020,2020,7,4,6,39,31,246,34609,0,1,9,-33.914169,151.19968,69,0,2,1,1,0,0,0,2,0,0,50,0,6545,6545,4,22,13,2,0,0,1,0
1231469,2,2020,2020,8,6,7,40,10,56,174,0,1,10,-32.785884,151.347059,17,2,1,1,3,0,0,0,2,0,15,80,2,14295,14295,3,0,36,2,0,0,1,0
1231470,1,2020,2020,8,4,8,15,27,144,34609,0,1,1,-34.058349,151.020577,68,0,2,0,1,0,0,0,2,0,7,50,0,4552,5151,8,22,40,1,0,0,0,1
1231471,1,2020,2020,8,6,3,485,27,323,769,0,1,2,-33.74331,150.982445,71,0,2,1,3,0,0,0,2,0,7,60,2,14295,14295,3,34,5,3,0,0,0,1
1231472,1,2020,2020,8,1,7,330,27,108,605,0,1,2,-33.761302,151.275977,50,0,2,1,3,0,0,0,2,0,7,60,2,14295,14295,3,10,5,2,0,0,0,1
1231473,2,2020,2020,0,4,8,866,17,44,793,0,1,6,-33.794538,150.983152,54,0,2,0,3,0,3,3,2,2,9,70,2,14295,14295,3,9,5,3,0,0,1,0
1231476,1,2020,2020,7,2,1,95,27,50,605,0,1,9,-33.624991,151.334016,50,0,2,1,3,0,0,0,0,0,0,60,2,4552,985,1,5,40,2,0,0,0,1
1231478,1,2020,2020,8,3,7,11,10,29,52,0,1,1,-34.082448,150.568954,79,2,2,1,3,0,0,0,2,0,7,50,1,4026,4026,8,5,40,1,0,0,0,1
1231480,2,2020,2020,8,5,5,1,27,7,34609,0,1,1,-31.453821,152.712864,56,1,0,0,3,0,0,0,2,0,7,100,0,380,714,5,5,40,1,0,0,1,0
1231483,2,2020,2020,8,4,5,30,31,85,35,0,1,9,-34.572638,150.775602,62,0,2,1,1,0,0,0,2,2,7,60,1,14295,14295,3,10,27,2,0,0,1,0
1231485,4,2020,2020,8,2,11,387,27,56,40,0,1,1,-33.391715,149.114368,52,2,1,1,0,0,3,4,0,0,7,40,1,475,475,5,5,40,1,0,1,1,0
1231487,1,2020,2020,8,0,0,1,1,5,34609,0,1,1,-33.969013,151.057441,25,0,2,0,3,0,0,0,0,0,7,50,0,4552,5151,8,9,40,1,0,0,0,1
1231488,1,2020,2020,8,2,6,15,31,115,52,0,1,10,-33.910177,151.175635,32,0,2,1,3,0,0,0,2,2,9,50,1,14295,14295,3,5,5,2,0,0,0,2
1231491,2,2020,2020,7,0,8,60,10,121,84,0,1,7,-28.207864,153.544667,72,2,1,1,0,0,3,4,2,0,0,60,1,9859,9859,8,0,40,1,0,0,1,0
1231493,2,2020,2020,0,2,2,1,27,8,34609,0,1,1,-34.159136,148.256954,30,2,1,1,1,0,0,0,0,0,7,80,0,4026,4026,8,9,40,1,0,0,1,0
1231496,1,2020,2020,8,2,5,24,31,102,34609,0,1,9,-31.108567,150.916641,70,2,1,1,0,0,0,3,2,0,7,50,0,4026,4026,8,5,40,1,0,0,0,1
1231497,2,2020,2020,8,3,4,7,27,6,34609,0,1,9,-32.341669,149.643778,44,1,0,0,3,1,2,6,2,0,16,100,0,6545,6545,4,10,36,2,0,0,1,0
1231498,2,2020,2020,3,1,11,6,27,30,34609,0,1,1,-34.756283,146.622866,51,1,0,0,0,0,3,0,0,0,7,100,0,1089,1089,7,5,40,1,0,0,2,0
1231499,4,2020,2020,0,2,7,45,1,294,26,0,1,9,-33.939701,150.924957,41,0,2,1,0,0,3,0,2,2,7,60,2,5929,5929,1,5,5,2,0,1,2,0
1231500,2,2020,2020,0,1,6,13,31,103,34609,0,1,7,-34.311816,148.295838,30,2,1,1,1,0,0,0,2,0,0,50,0,6545,6545,4,10,19,2,0,0,1,0
1231502,2,2020,2020,7,5,10,193,27,78,34609,0,1,1,-33.709859,150.576228,8,2,2,1,2,0,0,0,0,0,7,50,0,4026,4026,8,5,40,1,0,0,1,0
1231504,4,2020,2020,7,5,4,123,36,7,90,0,1,1,-31.618745,151.769058,43,1,0,0,0,0,3,1,2,0,7,90,1,2585,4009,8,10,40,1,0,1,0,0
1231505,2,2020,2020,0,0,2,194,31,309,702,0,1,9,-33.819373,151.099798,61,0,2,1,3,0,0,0,1,2,7,70,2,5929,5929,1,5,5,2,0,0,2,0
1231506,2,2020,2020,8,2,9,866,17,94,793,0,1,10,-33.88826,150.922839,24,0,2,1,3,0,0,0,0,2,7,70,2,14295,14295,3,0,19,2,0,0,1,0
1231508,2,2020,2020,8,3,9,40,27,94,40,0,1,1,-33.882537,150.915978,24,0,2,1,3,0,0,0,0,0,7,60,1,14295,14295,3,0,36,2,0,0,1,0
1231513,1,2020,2020,7,1,8,2126,17,73,2149,0,1,9,-33.888304,151.163015,32,0,2,0,1,0,0,0,3,0,7,60,2,775,775,4,5,19,2,0,0,0,1
1231519,4,2020,2020,8,5,2,2261,17,443,2252,0,1,10,-33.894166,151.054003,15,0,2,1,3,0,3,0,1,2,7,70,2,5929,5929,1,0,36,4,0,1,0,2
1231524,4,2020,2020,0,6,7,8,36,15,5,0,1,1,-30.22126,152.996533,19,2,1,0,0,0,0,0,2,0,7,80,1,1957,4009,8,16,40,1,0,1,0,0
1231525,4,2020,2020,0,6,1,78,31,70,34609,0,1,1,-33.975002,151.108859,25,0,2,1,2,0,3,0,0,0,7,50,0,4026,4026,1,0,12,5,0,1,0,0
1231526,2,2020,2020,0,3,6,36,31,56,70,0,1,9,-33.758315,150.780749,55,0,2,0,1,0,3,0,2,2,7,60,1,5929,5929,1,0,5,2,0,0,2,1
1231530,1,2020,2020,0,6,5,15,27,134,34609,0,1,7,-33.962925,150.806229,12,0,2,1,1,0,0,0,2,0,0,70,0,6545,6545,4,0,19,2,0,0,0,1
1231532,4,2020,2020,0,4,8,232,36,64,168,0,1,9,-34.040869,150.734685,12,0,2,1,2,0,0,0,0,0,0,50,1,591,591,1,22,5,2,0,1,0,0
1231534,2,2020,2020,8,0,8,16,27,143,19,0,1,10,-33.703316,151.106228,31,0,2,1,3,0,0,0,2,2,7,50,1,6545,6545,4,0,12,2,0,0,1,0
1231536,2,2020,2020,0,2,4,251,27,62,212,0,1,9,-33.75432,151.26549,50,0,2,1,1,0,0,0,2,0,7,70,2,1850,777,5,16,40,1,0,0,1,0
1231537,2,2020,2020,0,2,5,21,31,102,34609,0,1,10,-31.113828,150.904364,70,2,1,1,1,0,0,0,2,0,15,50,0,6545,6545,4,5,5,2,0,0,1,1
1231539,2,2020,2020,4,2,3,2126,17,90,2149,0,1,9,-33.706838,150.31748,8,2,2,0,3,0,3,1,2,0,0,70,2,1850,777,5,16,40,1,0,0,1,0
1231578,2,2020,2020,3,1,8,67,27,15,34609,0,1,1,-30.664223,152.882609,47,1,0,0,0,0,3,3,2,0,7,90,0,2585,4009,8,5,40,1,0,0,1,0
1231579,4,2020,2020,3,3,9,296,27,290,293,0,1,10,-33.855762,150.995112,21,0,2,1,1,0,0,0,2,2,9,70,2,591,591,1,22,5,2,0,1,1,0
1231580,1,2020,2020,7,2,2,1,27,2,34609,0,1,1,-37.091127,149.558437,5,1,0,1,0,2,0,0,0,0,7,100,0,4026,4026,8,0,40,1,0,0,0,2
1231582,2,2020,2020,3,1,8,829,27,165,770,0,1,2,-33.842623,151.148413,14,0,2,1,1,0,0,3,2,0,7,70,2,14295,14295,3,33,5,3,0,0,2,0
1231583,4,2020,2020,7,0,10,1,18,18,34609,0,1,1,-30.984114,152.917289,34,2,1,1,0,0,0,0,0,0,7,60,0,312,312,2,5,40,1,0,1,1,0
1231584,2,2020,2020,3,3,4,126,27,64,168,0,1,2,-34.039433,150.740152,12,0,2,1,1,0,0,3,2,0,7,60,2,1192,1192,1,5,12,2,0,0,1,0
1231585,2,2020,2020,7,4,9,2126,17,223,2149,0,1,10,-33.804825,150.927577,7,0,2,1,3,0,0,0,0,2,8,80,2,5929,5929,1,5,19,2,0,0,1,0
1231588,4,2020,2020,7,5,6,3371,17,42,3342,0,1,9,-33.823589,151.193928,38,0,2,1,1,0,3,3,2,2,7,60,2,1945,1945,5,16,40,1,0,1,0,0
1231589,2,2020,2020,7,2,5,35,27,8,49,0,1,1,-31.262473,150.740985,51,2,1,1,0,0,0,0,2,0,7,50,1,3775,3775,0,5,13,2,0,0,2,0
1231592,4,2020,2020,3,5,3,2126,17,106,2149,0,1,10,-33.886239,151.179167,69,0,2,1,1,0,0,0,2,2,9,60,2,2040,2040,9,22,28,2,0,2,0,0
1231599,4,2020,2020,3,0,11,2,27,107,34609,0,1,1,-33.289934,151.446415,16,2,2,0,0,0,0,0,0,0,7,80,0,2585,4009,8,5,40,1,0,2,0,0