Crash ID,Degree of crash - detailed,Reporting year,Year of crash,Month of crash,Day of week of crash,Two-hour intervals,Street of crash,Street type,Town,Route no.,School zone location,School zone active,Type of location,Latitude,Longitude,LGA,Urbanisation,Conurbation 1,Alignment,Street lighting,Road surface,Surface condition,Weather,Natural lighting,Signals operation,Other traffic control,Speed limit,Road classification,RUM - code,DCA - code,First impact type,Key TU type,Other TU type,No. of traffic units involved,No. killed,No. seriously injured,No. moderately injured,No. minor-other injured
1231600,2,2020,2020,7,3,4,3,27,337,34609,0,1,1,-33.72207,151.001843,71,0,2,1,3,0,3,4,2,0,7,50,0,9859,9859,1,5,5,2,0,0,1,0
1231601,2,2020,2020,0,4,8,81,27,137,34609,0,1,1,-33.910188,150.905034,24,0,2,1,3,0,3,4,3,0,7,50,0,9859,9859,1,5,5,3,0,0,1,0
1231602,2,2020,2020,0,0,10,10,31,460,34609,0,1,10,-33.837085,150.977737,21,0,2,1,2,2,3,4,0,0,15,50,0,6545,6545,4,5,0,2,0,0,1,0
1231603,1,2020,2020,7,1,8,14,1,198,32,0,1,9,-33.908749,151.101013,15,0,2,1,1,0,0,0,2,1,0,50,1,1192,1192,1,5,36,2,0,0,0,1
1231604,4,2020,2020,3,0,2,115,27,43,46,0,1,1,-34.195466,150.646902,79,2,2,0,0,0,0,0,0,0,7,80,2,1259,5151,8,16,40,1,0,1,0,0
1231605,2,2020,2020,0,2,7,13,27,6,143,0,1,1,-34.664896,149.667508,26,1,0,0,1,0,0,0,2,0,7,100,2,4552,5151,8,0,40,1,0,0,1,0
1231606,4,2020,2020,3,5,10,829,27,125,770,1,0,9,-33.832884,151.126902,61,0,2,0,2,0,3,0,0,2,7,60,2,14295,14295,3,5,5,2,0,1,0,0
1231607,2,2020,2020,0,6,8,16,27,193,145,0,1,9,-33.793037,151.068683,61,0,2,1,3,0,0,0,2,0,0,60,2,6545,6545,4,5,5,2,0,0,1,0
1231610,2,2020,2020,7,5,8,2261,31,228,39,0,1,10,-34.769132,149.696456,26,2,1,1,3,0,0,0,2,0,7,60,2,5929,5929,1,30,5,2,0,0,1,0
1231611,2,2020,2020,7,6,9,107,22,346,144,1,0,9,-33.8797,151.092873,9,0,2,1,1,0,0,0,3,0,0,60,2,5929,5929,1,5,13,3,0,0,1,1
1231612,2,2020,2020,0,1,5,1,27,5,34609,0,1,1,-33.517582,149.417568,3,1,0,0,3,2,0,0,2,0,7,100,0,1259,5151,8,5,40,1,0,0,1,0
1231614,4,2020,2020,7,1,3,75,10,123,165,0,1,3,-33.913366,151.212632,69,0,2,1,0,0,0,0,1,0,7,80,2,14295,14295,3,8,12,4,0,1,0,0
1231615,1,2020,2019,9,4,5,2209,17,19,2205,0,1,1,-35.854802,150.131937,23,1,0,1,0,0,0,0,2,0,7,100,2,3775,3775,0,10,5,2,0,0,0,2
1231616,1,2020,2020,0,2,8,829,27,125,770,0,1,2,-33.830361,151.12668,61,0,2,1,1,0,0,0,2,0,7,60,2,14295,14295,3,5,36,4,0,0,0,1
1231619,2,2020,2020,7,1,7,478,17,20,480,0,1,1,-33.291145,151.548789,16,2,2,1,0,0,0,0,2,0,7,80,2,475,475,5,5,40,1,0,0,1,0
1231620,1,2020,2020,7,2,6,161,17,10,161,0,1,1,-35.511169,148.268887,66,1,0,0,0,0,0,0,2,0,7,100,2,1089,1089,7,16,40,1,0,0,0,1
1231621,4,2020,2020,3,4,7,30,31,252,9,0,1,10,-33.882279,151.209958,69,0,2,1,0,0,3,4,2,2,7,50,1,1945,1945,5,16,40,1,0,1,0,0
1231622,2,2020,2020,7,2,8,104,27,137,140,0,1,10,-33.922923,151.207044,69,0,2,1,1,0,0,0,2,2,7,60,2,515,515,1,5,19,2,0,0,1,0
1231624,2,2020,2020,3,1,11,18,10,79,34609,0,1,10,-34.008151,150.739362,12,0,2,0,2,0,0,0,0,2,7,60,0,5929,5929,1,34,5,2,0,0,1,1
1231625,4,2020,2020,7,2,10,475,31,174,41,0,1,10,-33.890322,151.207857,69,0,2,1,2,0,0,0,0,0,7,50,1,4026,4026,8,5,40,1,0,1,1,0
1231626,4,2020,2020,0,4,10,1,31,105,34609,0,1,1,-32.718233,151.518131,42,2,1,1,2,0,3,4,0,0,7,50,0,4026,4026,1,5,4,2,0,1,0,0
1231628,2,2020,2020,3,4,3,387,27,91,331,1,0,10,-33.963451,151.088483,25,0,2,1,1,0,0,0,2,0,7,60,2,2852,2852,4,10,19,3,0,0,1,0
1231629,2,2020,2020,3,6,8,3,27,110,34609,0,1,1,-33.77704,151.011534,54,0,2,1,3,0,2,6,2,0,7,50,0,1981,1981,4,0,0,2,0,0,2,0
1231630,4,2020,2020,0,4,9,20,31,174,321,0,1,10,-33.891771,151.199747,69,0,2,1,2,0,0,0,0,2,9,50,2,14295,14295,3,0,18,3,0,1,0,0
1231632,4,2020,2020,4,4,3,7,27,62,34609,0,1,7,-34.087081,150.821342,13,0,2,0,0,0,0,0,2,0,0,60,0,1957,4009,8,16,40,1,0,1,0,0
1231633,1,2020,2020,8,1,7,3,10,179,34609,0,1,9,-31.896118,152.47067,43,2,1,1,0,0,0,0,2,0,7,50,0,323,323,1,5,5,2,0,0,0,1
1231634,2,2020,2020,0,5,0,4,31,18,34609,0,1,1,-32.743513,151.562682,42,2,1,1,2,2,0,0,0,0,7,50,0,9859,9859,8,0,40,1,0,0,1,0
1231636,2,2020,2020,7,1,5,48,31,194,34609,0,1,1,-30.520856,151.665081,1,2,1,1,1,0,0,0,2,0,7,50,0,4552,5151,1,0,5,2,0,0,1,0
1231637,4,2020,2020,7,3,5,15,23,29,34609,0,1,1,-33.72843,150.730879,55,0,2,1,0,0,0,0,2,0,7,50,0,1981,1981,4,0,19,2,0,1,0,0
1231639,2,2020,2020,7,2,5,1,31,182,34609,0,1,1,-32.829425,151.362037,17,2,1,1,1,0,0,0,2,0,7,50,0,237,397,1,0,0,2,0,0,1,0
1231642,2,2020,2020,7,6,10,5,27,51,34609,0,1,1,-34.200139,150.976392,80,0,2,0,2,0,0,0,0,0,7,50,0,1850,1463,5,16,40,1,0,0,1,0
1231644,2,2020,2020,8,1,6,33,27,70,49,0,1,9,-33.877537,150.873367,24,0,2,0,1,0,0,0,2,0,0,60,1,6545,6545,4,5,5,2,0,0,1,0
1231645,2,2020,2020,3,5,8,1,27,6,34609,0,1,1,-30.593543,152.838166,47,1,0,0,0,0,3,4,2,0,7,100,0,4552,5151,8,0,40,1,0,0,1,0
1231646,2,2020,2020,8,5,5,49,31,83,34609,0,1,9,-29.716081,152.934649,18,2,1,1,0,0,0,0,2,0,7,50,0,5929,5929,1,5,5,2,0,0,2,0
1231647,4,2020,2020,0,4,9,5,27,11,34609,0,1,1,-32.599022,151.446255,64,2,1,1,0,0,3,4,0,0,7,80,0,4026,4026,8,5,40,1,0,1,0,0
1231648,4,2020,2020,8,3,5,4,31,189,34609,0,1,1,-33.949348,151.049147,25,0,2,1,1,0,0,0,2,0,7,50,0,1220,1220,9,0,28,2,0,1,0,0
1231653,4,2020,2020,0,6,9,15,27,30,34609,0,1,1,-34.037428,150.821183,13,0,2,1,2,0,0,0,0,0,7,60,0,1981,1981,4,0,19,2,0,1,0,0
1231654,2,2020,2020,0,3,9,6,10,120,34609,0,1,7,-32.213158,152.533088,43,2,1,1,2,0,0,0,3,0,0,50,0,4026,4026,8,16,40,1,0,0,1,0
1231656,4,2020,2020,7,1,1,17,10,39,34609,0,1,1,-32.886282,151.665422,48,0,2,1,2,0,0,0,0,0,7,50,0,4026,4026,8,5,40,1,0,2,0,0
1231657,1,2020,2020,7,5,7,79,27,46,159,0,1,10,-33.93821,151.114166,4,0,2,1,1,0,0,0,2,1,9,60,2,14295,14295,3,5,5,2,0,0,0,1
1231659,2,2020,2020,0,4,4,112,27,92,256,0,1,1,-33.985796,150.844337,13,0,2,0,3,0,0,0,2,0,7,70,2,3775,3775,0,10,36,2,0,0,1,0
1231660,2,2020,2020,0,5,10,53,31,9,34609,0,1,1,-33.932555,151.143376,4,0,2,0,2,0,0,0,0,0,7,50,0,1259,5151,1,5,5,2,0,0,1,0
1231663,2,2020,2020,0,0,8,21,27,12,61,0,1,1,-34.133596,146.108735,28,1,0,1,3,0,0,0,2,0,7,100,1,404,404,8,5,40,1,0,0,1,0
1231664,4,2020,2020,0,5,5,4,31,90,34609,0,1,1,-33.716835,150.309325,8,2,2,1,0,0,0,0,2,0,7,50,0,312,312,2,5,40,1,0,1,0,0
1231665,4,2020,2020,0,6,11,5,27,123,34609,0,1,7,-33.886001,151.225947,69,0,2,1,2,0,0,0,0,0,0,40,0,1945,1945,5,16,40,1,0,1,0,0
1231667,4,2020,2020,7,1,3,829,27,309,770,0,1,2,-33.814832,151.098623,61,0,2,0,1,0,3,4,2,0,7,60,2,3775,3775,0,5,13,3,0,1,2,1
1231668,2,2020,2020,7,0,8,79,10,43,231,0,1,9,-33.438297,151.324692,16,2,2,1,0,0,0,0,2,0,7,60,2,14295,14295,3,5,5,2,0,0,1,1
1231669,4,2020,2020,0,6,10,213,17,7,213,0,1,1,-29.460959,152.428931,18,1,0,0,0,0,0,0,0,0,7,100,2,782,957,5,30,40,1,0,1,0,0
1231671,4,2020,2020,0,1,3,7,27,25,80,0,1,9,-32.99066,151.713562,37,0,2,0,1,0,0,0,2,0,0,60,1,2040,2040,9,8,28,2,0,1,0,0
1231674,2,2020,2020,7,4,10,255,31,609,220,0,1,10,-33.77181,150.911566,7,0,2,1,2,0,0,0,0,2,7,60,2,5929,5929,1,16,0,2,0,0,1,0
1231675,2,2020,2020,8,3,5,99,31,237,105,0,1,1,-33.868265,150.948337,24,0,2,1,3,0,0,0,2,0,7,60,1,14295,14295,3,5,13,2,0,0,1,0
1231678,1,2020,2020,0,4,3,515,14,294,518,0,1,3,-33.939774,150.926035,41,0,2,1,3,0,3,0,1,0,7,100,2,14295,14295,3,0,13,3,0,0,0,1
1231679,4,2020,2020,0,1,7,230,27,47,284,0,1,2,-33.808409,151.154967,38,0,2,1,3,0,0,3,2,0,7,60,2,14295,14295,3,5,0,2,0,1,0,0
1231680,2,2020,2020,8,1,3,13,27,5,143,0,1,1,-34.643367,149.636562,26,1,0,1,3,0,3,1,2,0,7,100,2,404,404,8,10,40,1,0,0,1,0
1231682,2,2020,2020,8,0,5,12,27,4,11,0,1,9,-32.76404,152.113222,57,2,1,1,3,0,3,4,2,0,0,80,0,2852,2852,4,30,5,2,0,0,1,1
1231683,2,2020,2020,8,0,8,6,7,433,34609,0,1,9,-33.303136,149.114457,52,2,1,1,2,0,0,0,3,0,0,50,0,6545,6545,4,10,27,2,0,0,1,0
1231689,1,2020,2020,8,4,6,3,27,76,34609,0,1,9,-34.573536,150.371808,78,1,0,1,3,0,3,3,2,0,0,90,0,489,489,8,5,40,1,0,0,0,1
1231691,4,2020,2020,0,0,5,481,17,562,483,0,1,1,-32.217154,148.617365,22,2,1,0,1,0,3,4,2,0,7,80,2,1957,4009,8,5,40,1,0,1,0,0
1231694,4,2020,2020,8,4,6,1,13,4,34609,0,1,4,-31.016278,152.94683,34,2,1,0,1,0,0,0,2,0,7,50,0,4552,5151,8,0,40,1,0,1,0,0
1231695,2,2020,2020,0,4,4,95,31,370,15,0,1,1,-34.057475,150.822548,13,0,2,1,0,0,0,0,2,0,7,60,1,1220,1220,9,5,28,2,0,0,1,0
1231696,1,2020,2020,8,1,5,100,27,109,799,0,1,1,-33.900933,151.144803,32,0,2,1,1,0,0,0,2,0,7,60,2,1282,1282,1,5,19,2,0,0,0,1
1231697,2,2020,2020,8,0,9,74,27,609,48,0,1,10,-33.775762,150.895304,7,0,2,1,3,0,3,4,0,2,7,60,1,6545,6545,4,5,5,2,0,0,1,0
1231699,1,2020,2020,8,4,9,11,31,316,34609,0,1,9,-33.927504,151.243148,59,0,2,1,3,0,0,3,3,0,0,50,0,9859,9859,1,5,23,2,0,0,0,1
1231701,2,2020,2020,7,3,8,2126,17,363,2149,0,1,2,-33.750101,150.692357,55,0,2,1,1,0,0,0,2,2,9,50,2,5929,5929,1,0,13,3,0,0,1,0
1231702,1,2020,2020,0,6,4,43,27,316,38,0,1,1,-33.904939,151.234648,59,0,2,1,3,0,0,0,2,0,7,50,1,14295,14295,3,5,25,3,0,0,0,1
1231705,4,2020,2020,7,6,2,1104,14,104,962,0,1,3,-33.833672,151.025242,54,0,2,1,2,0,3,4,0,0,7,90,2,1383,1383,1,5,5,2,0,1,0,1
1231708,2,2020,2020,8,0,9,1,27,41,34609,0,1,9,-33.785302,151.27511,50,0,2,1,2,0,3,4,3,0,7,50,0,1850,985,5,15,40,1,0,0,1,0
1231710,4,2020,2020,8,6,9,17,27,70,34609,0,1,1,-34.036371,151.084755,68,0,2,1,2,0,0,0,0,0,7,50,0,2040,2040,9,5,28,2,0,1,0,0
1231712,2,2020,2020,4,6,7,1,1,278,34609,0,1,9,-33.770989,151.045924,54,0,2,1,1,0,0,0,2,0,7,50,0,3775,3775,0,5,5,2,0,0,2,0
1231713,4,2020,2020,0,3,9,5,31,120,34609,0,1,9,-33.779488,150.875723,7,0,2,0,2,0,0,0,0,0,7,50,0,2585,4009,1,5,12,2,0,1,0,0
1231714,1,2020,2020,7,1,8,40,27,7,74,0,1,9,-33.854811,151.136106,14,0,2,1,1,0,0,0,3,0,0,50,1,14295,14295,3,5,5,2,0,0,0,1
1231715,1,2020,2020,7,4,7,15,23,646,34609,0,1,9,-33.9193,151.034919,15,0,2,0,0,0,0,0,2,3,9,40,0,2040,2040,9,5,28,2,0,0,0,1
1231716,1,2020,2020,8,5,10,97,27,166,799,0,1,10,-33.929521,150.980326,15,0,2,1,3,0,0,0,0,3,7,70,2,14295,14295,3,30,5,2,0,0,0,1
1231718,1,2020,2020,8,3,2,2126,17,161,2149,0,1,9,-33.887916,151.158969,32,0,2,1,2,0,0,0,1,2,9,60,2,2585,777,8,5,40,1,0,0,0,1
1231719,2,2020,2020,3,6,8,3,27,12,11,0,1,1,-36.75796,149.683863,5,2,1,1,1,0,0,0,3,0,7,80,1,945,945,5,16,40,1,0,0,1,0
1231721,4,2020,2020,8,5,7,147,27,8,34609,0,1,9,-33.842896,151.282792,81,0,2,1,1,0,0,0,2,0,0,40,0,1220,1220,9,0,28,2,0,1,0,0
1231722,4,2020,2020,0,1,11,102,31,139,187,0,1,10,-33.874938,151.134386,32,0,2,1,2,0,0,0,0,2,7,60,2,6545,6545,4,9,5,2,0,1,0,2
1231723,4,2020,2020,8,3,7,3371,17,207,3342,0,1,1,-33.557023,151.19414,31,0,2,0,0,0,0,0,2,0,7,80,2,4552,5151,8,16,40,1,0,1,0,0
1231725,2,2020,2020,7,4,3,12,27,12,34609,0,1,9,-32.997194,151.669642,37,0,2,0,2,0,3,4,0,0,0,60,0,5929,5929,1,10,0,2,0,0,2,0
1231726,4,2020,2020,8,5,4,112,17,207,112,1,2,7,-31.958555,141.44258,51,2,1,1,1,0,0,0,2,0,0,40,2,6545,6545,4,0,19,2,0,1,0,0
1231727,1,2020,2020,8,1,6,2261,17,523,2252,0,1,9,-33.936411,150.914524,41,0,2,1,2,0,0,0,2,0,15,60,2,14295,14295,3,5,0,3,0,0,0,1
1231729,2,2020,2020,3,0,3,346,17,13,332,0,1,1,-28.897959,152.739922,51,1,0,0,0,0,3,3,2,0,7,100,2,4552,5151,8,5,40,1,0,0,1,0
1231731,2,2020,2020,0,4,5,3371,17,58,3342,0,1,6,-28.583337,153.543878,10,2,1,0,1,0,0,0,2,0,7,60,2,2585,4009,8,8,40,1,0,0,1,0
1231732,4,2020,2020,0,3,4,205,27,161,415,0,1,2,-33.729009,151.162652,36,0,2,1,1,0,0,0,2,0,7,60,2,238,238,9,0,26,2,0,1,0,0
1231738,1,2020,2020,8,6,0,100,27,140,100,0,1,2,-33.789106,150.854404,7,0,2,1,3,0,0,0,0,0,7,60,2,14295,14295,3,5,36,2,0,0,0,1
1231741,1,2020,2019,2,3,7,265,17,9,193,0,1,1,-34.78517,147.807731,51,1,0,1,0,0,0,0,2,0,7,100,2,945,945,5,5,40,1,0,0,0,1
1231746,2,2020,2020,0,2,7,866,17,187,793,0,1,10,-33.795509,150.989761,54,0,2,1,1,0,0,0,2,2,9,70,2,14295,14295,3,8,13,3,0,0,1,1
1231747,1,2020,2020,8,1,8,265,10,445,563,0,1,10,-33.865002,151.041814,21,0,2,1,3,0,0,0,2,2,7,70,2,14295,14295,3,5,5,2,0,0,0,2
1231748,2,2020,2020,0,6,9,48,31,79,605,0,1,9,-33.829672,151.213959,49,0,2,1,2,0,0,0,0,2,7,60,2,5929,5929,1,5,5,2,0,0,2,0
1231749,1,2020,2020,0,0,9,6,27,8,34609,0,1,1,-34.763248,146.690552,51,1,0,1,3,2,2,6,3,0,7,100,0,9859,9859,8,30,40,1,0,0,0,1
1231750,2,2020,2020,8,2,10,57,27,16,126,0,1,7,-32.748296,151.73742,57,2,1,1,2,0,0,0,0,0,7,80,2,4026,4026,8,5,40,1,0,0,1,0
1231752,2,2020,2020,8,1,5,194,31,445,18,0,1,9,-33.863213,151.044479,21,0,2,1,1,0,0,3,2,2,14,50,1,14295,14295,3,22,0,2,0,0,1,0
1231753,4,2020,2020,8,1,5,829,1,337,35,0,1,9,-33.735027,150.981378,71,0,2,1,1,0,0,0,2,0,7,50,1,1109,787,1,5,0,2,0,1,1,0
1231754,4,2020,2019,2,0,8,8,31,72,34,0,1,1,-33.837259,151.223732,49,0,2,1,1,0,0,0,2,0,7,50,1,14295,14295,3,22,5,2,0,1,0,0
1231755,1,2020,2020,8,6,1,163,27,63,165,0,1,9,-33.741186,150.797172,7,0,2,0,2,0,0,0,0,0,7,60,1,1957,4009,8,5,40,1,0,0,0,1
1231758,4,2020,2020,7,1,0,5,23,10,34609,0,1,1,-33.452274,151.431151,16,2,2,0,2,0,3,4,0,0,7,50,0,4552,5151,1,10,36,2,0,1,0,0
1231764,4,2020,2020,8,2,5,97,27,166,799,0,1,9,-33.929782,150.9909,15,0,2,1,3,0,0,3,2,3,7,70,2,14295,14295,3,5,5,3,0,1,0,0
1231765,1,2020,2020,8,3,6,105,17,251,136,0,1,9,-33.770991,150.938777,7,0,2,1,3,0,0,0,2,2,7,60,2,2852,2852,4,5,5,2,0,0,0,1
1231766,2,2020,2020,8,5,8,4,31,33,34609,1,0,1,-33.966158,151.032337,15,0,2,1,3,0,0,0,3,0,7,50,0,941,941,1,5,36,2,0,0,1,0
1231768,1,2020,2020,8,1,8,29,1,64,52,0,1,7,-33.712614,150.756138,55,0,2,1,0,0,0,0,2,0,0,60,1,6545,6545,4,10,5,2,0,0,0,1
1231769,4,2020,2020,7,5,6,478,17,26,480,0,1,9,-33.275334,151.558255,16,2,2,1,1,0,0,0,2,0,15,60,2,2852,2852,4,5,5,2,0,1,1,0
1231770,1,2020,2020,8,2,9,175,27,86,220,0,1,9,-33.74135,150.917543,7,0,2,1,3,0,0,0,2,2,7,70,2,14295,14295,3,5,5,2,0,0,0,1
1231774,2,2020,2020,8,3,7,112,27,18,769,0,1,9,-33.502662,150.529711,29,2,2,1,3,0,0,0,2,0,7,80,2,1669,1669,3,16,13,2,0,0,1,0
1231775,1,2020,2020,8,2,10,82,27,84,181,0,1,9,-33.893976,151.264026,76,0,2,1,3,0,0,0,0,0,15,50,2,14295,14295,3,5,5,2,0,0,0,1
1231777,2,2020,2020,7,5,3,2126,17,65,2149,0,1,2,-33.537037,150.16066,40,2,1,0,0,0,3,4,2,0,7,80,2,4552,5151,8,0,40,1,0,0,1,0
1231779,1,2020,2020,8,1,5,59,27,252,41,0,1,10,-33.938472,150.868113,41,0,2,1,3,0,3,3,2,2,7,60,1,14295,14295,3,29,0,2,0,0,0,1
1231780,1,2020,2020,0,0,2,387,27,290,331,0,1,9,-33.952792,151.121138,4,0,2,0,3,0,0,0,0,0,7,60,2,5929,5929,1,9,5,2,0,0,0,1
1231788,4,2020,2020,7,6,0,133,27,46,260,0,1,9,-32.913382,151.660796,48,0,2,1,2,0,3,0,0,2,7,70,2,312,312,2,17,40,1,0,1,0,0
1231789,4,2020,2020,4,1,1,115,27,113,173,0,1,2,-34.303129,150.737647,79,1,2,1,0,0,3,4,0,0,7,100,2,4026,4026,8,10,40,1,0,1,0,0
1231792,1,2020,2020,7,2,10,2,27,80,34609,0,1,1,-34.544846,146.426033,51,2,1,0,0,0,0,0,0,0,7,80,0,2585,4009,8,10,40,1,0,0,0,1
1231795,4,2020,2020,8,5,3,37,31,523,198,0,1,2,-33.925587,150.92485,41,0,2,0,2,0,0,0,1,0,7,60,2,1981,1981,4,10,19,2,0,1,0,0
1231804,4,2020,2020,8,4,7,9,27,96,34609,0,1,1,-33.438956,151.385698,16,2,2,1,1,0,0,0,2,0,7,50,0,515,515,1,5,19,2,0,1,0,0
1231805,2,2020,2020,8,6,8,2261,17,243,2252,0,1,9,-33.957577,150.884354,41,0,2,1,2,0,0,0,3,0,0,70,2,591,591,1,22,0,2,0,0,1,0
1231806,2,2020,2020,8,5,6,15,31,228,34609,0,1,2,-34.753023,149.720094,26,2,1,1,1,0,0,0,2,0,7,50,0,14295,14295,3,10,5,2,0,0,1,0
1231809,2,2020,2020,8,2,4,191,27,309,208,0,1,11,-33.810372,151.106055,61,0,2,1,1,0,0,0,2,2,7,60,2,14295,14295,3,21,5,2,0,0,1,0
1231811,1,2020,2020,7,0,9,115,27,138,114,0,1,10,-33.875223,151.272461,76,0,2,1,2,0,0,0,3,3,7,50,2,1669,1669,3,5,5,2,0,0,0,1
1231812,2,2020,2020,8,5,4,3371,17,77,3342,0,1,10,-33.038413,151.659308,37,0,2,1,0,0,3,4,2,2,7,50,2,2852,2852,4,5,5,2,0,0,1,1
1231814,2,2020,2020,0,3,4,192,31,316,120,0,1,1,-33.912385,151.242586,59,0,2,1,1,0,0,0,2,0,7,50,2,9859,9859,1,22,25,2,0,0,1,0
1231818,2,2020,2020,0,4,9,20,23,252,16,0,1,1,-33.928972,150.887876,41,0,2,1,2,0,3,4,0,0,7,60,0,1981,1981,4,30,19,2,0,0,1,0
1231821,1,2020,2020,8,6,6,46,27,61,262,0,1,2,-32.915425,151.726166,48,0,2,1,3,0,0,0,2,0,7,70,2,14295,14295,3,5,0,2,0,0,0,1
1231823,2,2020,2020,8,0,6,12,27,39,39,0,1,1,-33.57199,150.834801,29,2,2,1,0,0,0,0,2,0,7,60,2,3775,3775,0,8,10,2,0,0,1,0
1231826,2,2020,2020,8,6,6,1,31,151,34609,1,0,1,-34.027994,150.851232,13,0,2,1,1,0,0,0,2,0,0,50,0,4552,985,8,5,40,1,0,0,2,0
1231827,4,2020,2020,0,0,7,330,1,144,34609,0,1,1,-34.060902,151.010465,68,0,2,1,1,0,0,0,2,0,7,50,0,1282,1282,1,5,40,1,0,1,0,0
1231829,4,2020,2020,8,0,8,13,27,443,34609,0,1,10,-33.911396,151.046844,15,0,2,1,1,0,0,0,2,0,15,50,0,926,926,4,33,5,2,0,1,0,0
1231830,2,2020,2020,7,0,8,128,27,61,133,0,1,1,-33.854533,150.649435,55,0,2,1,0,0,0,0,2,0,7,80,2,14295,14295,3,30,5,3,0,0,1,0
1231832,2,2020,2020,8,0,6,2126,17,16,2149,0,1,2,-33.726525,150.490954,8,2,2,1,3,0,0,3,2,0,3,80,2,5929,5929,1,5,0,2,0,0,1,0
1231833,4,2020,2020,7,0,10,40,27,73,34609,0,1,1,-35.130329,147.377334,75,2,1,1,2,0,0,0,0,0,7,60,0,14295,14295,3,33,27,2,0,1,0,0
1231835,2,2020,2020,0,6,4,168,17,18,212,0,1,7,-35.699233,150.183098,23,2,1,1,0,0,0,0,2,0,0,40,2,2852,2852,4,0,19,2,0,0,1,0
1231837,2,2020,2020,0,0,10,103,27,16,98,0,1,1,-33.293998,150.692065,29,1,2,0,0,0,0,0,0,0,7,100,2,4552,5151,8,5,40,1,0,0,1,0
1231838,4,2020,2020,0,3,2,3,31,28,34609,0,1,1,-35.147928,147.346666,75,2,1,1,2,0,0,0,0,0,7,50,0,9859,9859,8,5,40,1,0,2,0,0
1231839,2,2020,2020,8,6,9,31,31,11,34609,0,1,1,-33.801416,151.21446,77,0,2,1,2,0,0,0,0,0,7,50,0,9859,9859,8,10,40,1,0,0,1,0
1231840,2,2020,2020,8,4,6,15,1,271,34609,0,1,1,-33.952015,151.012911,15,0,2,1,1,0,0,0,2,0,7,50,0,2040,2040,9,30,28,2,0,0,1,0
1231846,1,2020,2020,8,5,7,330,27,53,605,0,1,2,-33.730496,151.300451,50,0,2,1,3,0,0,0,2,0,7,60,2,14295,14295,3,10,5,3,0,0,0,1
1231848,1,2020,2020,0,3,6,1,18,5,34609,0,1,1,-34.615395,149.438402,74,2,1,1,0,2,0,0,2,0,7,80,0,1945,1945,5,0,40,1,0,0,0,2
1231849,4,2020,2020,0,1,6,171,27,24,369,0,1,2,-34.012879,150.724155,12,0,2,1,1,0,0,0,2,0,7,80,2,9859,9859,8,5,40,1,0,1,0,0
1231850,1,2020,2020,8,2,7,4,1,73,34609,0,1,9,-33.775541,151.169626,36,0,2,1,1,0,0,0,2,0,9,50,0,591,591,1,22,40,2,0,0,0,1
1231853,4,2020,2020,0,0,6,234,27,337,34609,0,1,1,-33.732762,151.005061,71,0,2,1,0,0,0,0,2,0,7,40,0,941,941,1,0,19,2,0,1,0,0
1231854,2,2020,2020,0,0,4,213,17,7,213,0,1,1,-29.726469,151.601473,51,1,0,0,0,0,0,0,2,0,7,100,2,2585,4009,8,0,40,1,0,0,1,1
1231861,4,2020,2020,0,6,8,11,18,207,34609,0,1,10,-31.942565,141.471066,51,2,1,1,1,0,0,0,2,0,15,50,0,256,256,4,0,19,2,0,1,0,0
1231869,4,2020,2020,3,1,6,24,27,65,78,0,1,1,-33.548968,150.152766,40,2,1,0,0,0,0,0,2,0,7,80,2,3775,3775,0,16,5,2,0,1,1,0
1231874,1,2020,2020,8,5,6,30,31,169,3,0,1,10,-33.600372,150.75439,29,2,2,1,3,0,0,0,2,0,7,60,1,5929,5929,1,5,13,2,0,0,0,1
1231881,1,2020,2020,8,1,9,41,27,137,80,0,1,7,-32.974993,151.678778,37,0,2,1,3,0,3,4,3,0,0,60,1,14295,14295,3,30,0,2,0,0,0,1
1231882,2,2020,2020,8,1,3,17,27,7,18,0,1,10,-35.116978,148.545414,82,2,1,1,0,2,0,0,1,0,7,80,1,1945,1945,5,10,40,1,0,0,2,0
1231883,4,2020,2020,8,3,6,169,27,137,54,0,1,2,-34.022594,151.053645,68,0,2,0,3,0,0,0,2,0,7,80,2,1259,5151,8,5,40,1,0,1,0,0
1231887,2,2020,2020,8,1,10,68,31,73,331,1,0,1,-34.177896,150.608181,79,2,2,0,3,0,3,4,0,0,7,60,1,1109,787,1,10,12,2,0,0,1,0
1231888,1,2020,2020,8,6,5,2126,17,445,2149,0,1,10,-33.8508,151.053665,21,0,2,1,3,0,0,0,2,2,7,60,2,14295,14295,3,0,5,2,0,0,0,1
1231890,1,2020,2020,8,0,8,171,23,99,34609,0,1,7,-33.892322,151.273101,76,0,2,0,3,0,0,0,2,0,7,40,0,1850,1463,5,16,40,1,0,0,0,1
1231892,1,2020,2020,8,0,8,475,31,252,75,0,1,1,-33.884629,151.208164,69,0,2,1,2,0,3,4,0,0,7,40,1,14295,14295,3,34,27,2,0,0,0,1
1231893,2,2020,2020,8,3,8,1,27,1,34609,0,1,1,-33.533477,150.704493,29,2,2,1,3,0,0,0,3,0,7,70,0,101,101,8,5,12,2,0,0,1,0
1231895,1,2020,2020,8,5,6,98,27,609,136,0,1,1,-33.777796,150.920149,7,0,2,1,1,0,0,0,2,0,7,60,2,1220,1220,9,5,28,2,0,0,0,1
1231897,1,2020,2020,8,1,7,29,31,219,34609,0,1,10,-32.8982,151.676585,48,0,2,1,1,0,0,0,2,2,7,60,0,1669,1669,3,5,5,2,0,0,0,1