Crash ID,Degree of crash - detailed,Reporting year,Year of crash,Month of crash,Day of week of crash,Two-hour intervals,Street of crash,Street type,Town,Route no.,School zone location,School zone active,Type of location,Latitude,Longitude,LGA,Urbanisation,Conurbation 1,Alignment,Street lighting,Road surface,Surface condition,Weather,Natural lighting,Signals operation,Other traffic control,Speed limit,Road classification,RUM - code,DCA - code,First impact type,Key TU type,Other TU type,No. of traffic units involved,No. killed,No. seriously injured,No. moderately injured,No. minor-other injured
1231898,4,2020,2020,8,2,6,230,27,47,284,0,1,2,-33.810465,151.162192,38,0,2,1,1,0,3,3,2,0,7,60,2,14295,14295,3,16,13,2,0,1,0,0
1231899,2,2020,2020,8,3,6,62,27,58,166,0,1,9,-33.228072,151.421453,16,2,2,1,1,0,0,0,2,2,7,60,2,14295,14295,3,0,13,2,0,0,1,0
1231900,2,2020,2020,8,5,11,70,27,17,100,0,1,1,-33.663147,150.651925,8,2,2,0,0,0,0,0,0,0,7,60,2,3775,3775,0,5,5,2,0,0,2,0
1231902,4,2020,2020,8,3,4,39,31,70,34609,1,0,10,-33.251138,151.509597,16,2,2,1,0,0,0,0,2,0,15,50,0,6545,6545,4,5,5,2,0,1,0,1
1231904,4,2020,2020,7,3,6,55,27,126,38,0,1,9,-33.951706,150.822019,41,0,2,1,1,0,0,3,2,2,7,80,2,14295,14295,3,16,19,2,0,1,0,0
1231906,4,2020,2020,0,5,10,5,31,77,34609,1,0,9,-32.94024,151.757616,48,0,2,0,1,0,0,0,2,0,9,50,0,5929,5929,1,34,5,2,0,1,0,0
1231907,2,2020,2020,0,0,4,7,31,562,34609,0,1,1,-32.250005,148.608491,22,2,1,1,0,0,3,3,2,0,7,50,0,9859,9859,1,5,13,2,0,0,1,0
1231909,1,2020,2020,8,0,8,15,10,106,34609,0,1,9,-28.858913,153.014925,60,2,1,1,1,0,0,0,2,0,15,60,0,6545,6545,4,22,40,2,0,0,0,1
1231910,2,2020,2020,0,4,3,222,27,54,40,0,1,1,-33.640207,150.884992,71,0,2,1,0,0,0,0,1,0,7,80,1,3775,3775,0,8,5,2,0,0,1,0
1231911,2,2020,2020,4,2,5,107,22,210,121,0,1,9,-34.030618,151.110542,68,0,2,1,1,0,0,0,2,0,7,60,1,1669,1669,3,5,5,2,0,0,1,0
1231912,4,2020,2020,8,2,5,171,27,29,369,0,1,2,-33.727175,150.720582,55,0,2,1,1,0,0,0,2,0,7,70,2,2040,2040,9,10,28,2,0,1,0,0
1231913,2,2020,2020,8,2,10,19,27,73,34609,0,1,1,-33.70452,150.715037,55,0,2,1,0,0,0,0,0,0,7,50,0,4026,4026,8,5,40,1,0,0,1,0
1231914,2,2020,2020,3,3,4,346,17,48,332,0,1,10,-29.053971,152.022675,51,2,1,1,0,0,0,0,2,0,15,50,2,6545,6545,4,0,35,2,0,0,1,1
1231915,4,2020,2020,0,6,3,2,27,49,34609,0,1,1,-34.734383,149.807133,26,2,1,0,0,0,3,3,2,0,7,50,0,1957,4009,8,10,40,1,0,1,0,0
1231916,2,2020,2020,0,5,7,158,27,68,207,0,1,2,-33.87499,151.246914,81,0,2,1,3,0,2,6,2,0,7,60,2,14295,14295,3,10,5,2,0,0,1,0
1231917,2,2020,2020,0,0,11,24,36,49,56,0,1,1,-34.423066,147.521679,51,1,0,1,2,0,3,0,0,0,7,100,2,945,945,5,16,40,1,0,0,1,0
1231918,4,2020,2020,7,6,4,39,27,21,51,0,1,9,-33.669998,151.09547,31,0,2,1,1,0,3,3,2,2,7,60,2,14295,14295,3,0,5,3,0,1,0,0
1231920,2,2020,2020,8,6,4,82,27,13,34,0,1,1,-28.617246,153.004339,51,2,1,0,3,0,0,0,2,0,7,50,1,2585,4009,8,5,40,1,0,0,1,0
1231930,2,2020,2020,8,4,7,361,32,290,42,0,1,9,-33.850292,150.987595,21,0,2,1,3,0,0,0,2,0,7,50,1,96,96,0,10,5,2,0,0,1,1
1231931,1,2020,2020,8,0,8,3371,17,147,3342,0,1,9,-33.745691,151.143215,36,0,2,1,3,0,0,0,0,2,9,60,2,2040,2040,9,5,28,2,0,0,0,1
1231934,2,2020,2020,8,4,8,15,27,32,34609,0,1,1,-33.654261,150.962964,71,0,2,1,3,0,3,3,2,0,7,60,0,1945,1945,5,10,40,1,0,0,1,0
1231939,2,2020,2020,8,5,7,220,27,187,222,0,1,10,-33.791125,150.979329,54,0,2,1,3,0,0,0,2,2,7,80,2,14295,14295,3,34,13,4,0,0,1,0
1231941,1,2020,2020,8,4,4,478,17,128,480,0,1,10,-33.427124,151.317575,16,2,2,1,3,0,0,0,2,2,7,60,2,14295,14295,3,0,5,2,0,0,0,1
1231942,2,2020,2020,8,1,10,255,27,25,117,0,1,2,-32.893363,151.695743,48,0,2,1,3,0,0,0,0,0,7,90,2,4026,4026,8,5,40,1,0,0,1,0
1231944,1,2020,2020,8,1,7,1,25,11,34609,0,1,10,-36.034897,146.957194,0,2,1,1,3,0,0,0,2,0,0,60,0,5929,5929,1,5,0,2,0,0,0,1
1231945,1,2020,2020,8,5,7,72,27,82,102,1,0,9,-33.795272,151.255572,50,0,2,1,3,0,0,0,2,0,0,60,2,150,150,4,30,5,2,0,0,0,1
1231946,1,2020,2020,8,0,7,36,31,56,70,0,1,9,-33.762224,150.780887,55,0,2,1,3,0,0,0,2,0,0,60,1,14295,14295,3,0,0,2,0,0,0,2
1231947,2,2020,2020,7,2,8,23,27,36,38,0,1,1,-33.408776,148.683581,11,1,0,0,3,0,0,0,2,0,7,100,2,4552,5151,8,10,40,1,0,0,1,0
1231954,2,2020,2020,0,2,0,69,31,646,563,0,1,10,-33.910709,151.041911,15,0,2,1,2,0,0,0,0,2,7,60,2,323,323,1,5,5,2,0,0,2,2
1231955,1,2020,2020,8,1,3,2209,17,166,2205,0,1,9,-33.905174,151.180701,32,0,2,1,1,0,0,0,2,0,0,50,2,2852,2852,4,9,27,2,0,0,0,1
1231957,1,2020,2020,7,1,7,109,27,204,105,0,1,9,-33.896844,150.947794,24,0,2,0,3,0,0,0,2,0,0,60,2,6545,6545,4,5,5,2,0,0,0,1
1231959,4,2020,2020,8,3,7,99,31,237,105,0,1,10,-33.878098,150.942215,24,0,2,1,0,0,0,0,2,3,7,60,1,5929,5929,1,5,0,2,0,1,0,0
1231961,1,2020,2020,0,1,8,125,31,438,44,0,1,1,-33.846792,151.030603,21,0,2,1,1,0,0,0,2,0,7,50,1,340,340,9,5,28,2,0,0,0,1
1231964,2,2020,2020,0,5,3,2209,17,166,2205,0,1,10,-33.906654,151.181392,69,0,2,1,0,0,0,0,1,2,9,50,2,1220,1220,9,33,28,2,0,0,1,0
1231968,1,2020,2020,8,5,8,1,27,2,34609,0,1,1,-36.931369,148.818222,65,2,1,1,0,2,0,0,3,0,7,80,0,1089,1089,7,16,40,1,0,0,0,1
1231969,1,2020,2020,8,5,9,481,17,4,483,0,1,9,-28.933519,150.110591,51,1,0,1,1,0,0,0,0,0,0,110,2,6545,6545,4,10,2,2,0,0,0,1
1231970,2,2020,2020,0,3,7,4,10,164,34609,0,1,1,-33.736567,150.888572,7,0,2,1,1,0,0,0,2,0,7,50,0,1945,1945,5,16,40,1,0,0,1,0
1231971,1,2020,2019,2,0,3,42,27,52,34609,0,1,9,-33.902972,151.261052,76,0,2,1,1,0,0,0,2,0,0,50,0,5929,5929,1,0,18,2,0,0,0,1
1231979,4,2020,2020,0,2,10,4,27,6,34609,0,1,1,-31.24164,150.943735,70,2,1,1,0,0,0,0,0,0,7,80,0,4026,4026,8,0,40,1,0,1,0,0
1231980,4,2020,2020,0,0,3,224,27,387,321,0,1,10,-33.935046,151.194056,4,0,2,1,1,0,3,3,2,2,7,60,2,6545,6545,4,9,5,2,0,1,0,1
1231982,2,2020,2020,8,2,8,80,27,316,50,0,1,9,-33.907209,151.23279,59,0,2,1,3,0,0,0,3,2,7,60,2,2852,2852,4,0,5,2,0,0,1,0
1231985,1,2020,2020,8,6,11,29,31,123,233,0,1,5,-33.885041,151.218198,69,0,2,1,3,0,0,0,0,2,7,60,2,14295,14295,3,9,5,2,0,0,0,1
1231987,2,2020,2020,7,5,2,15,23,433,34609,0,1,7,-33.259465,149.11332,52,2,1,0,2,0,0,0,0,0,0,80,0,6545,6545,4,5,13,2,0,0,1,0
1231989,4,2020,2020,3,2,6,81,31,133,80,0,1,1,-33.9237,151.012634,15,0,2,1,1,0,0,0,2,0,7,60,1,14295,14295,3,16,5,2,0,1,0,0
1231992,1,2020,2020,8,2,7,109,27,460,106,0,1,9,-33.833714,150.976164,21,0,2,1,3,0,0,0,2,0,7,60,1,14295,14295,3,5,0,3,0,0,0,1
1231993,2,2020,2020,8,4,9,2209,17,44,2205,0,1,9,-33.947407,151.140502,4,0,2,1,3,0,0,0,3,0,3,60,2,14295,14295,3,8,5,2,0,0,1,0
1231996,1,2020,2020,7,3,4,2209,17,25,2205,0,1,2,-34.139741,150.994075,68,0,2,0,3,0,3,3,2,0,7,80,2,2585,4009,8,5,40,1,0,0,0,1
1231997,2,2020,2020,8,1,8,103,27,10,98,0,1,1,-33.467605,150.812628,29,1,2,0,3,0,3,4,3,0,7,100,2,1850,1463,5,16,40,1,0,0,1,0
1231999,1,2020,2019,2,6,9,13,31,50,34609,0,1,9,-34.339457,150.90819,80,0,2,1,3,0,0,0,3,0,15,60,0,6545,6545,4,0,5,2,0,0,0,1
1232002,1,2020,2020,8,1,8,113,27,218,111,0,1,2,-33.782823,150.771185,55,0,2,1,1,0,0,0,2,0,7,60,2,14295,14295,3,9,0,2,0,0,0,1
1232003,2,2020,2020,3,6,7,4,27,174,34609,0,1,1,-33.873291,150.92372,24,0,2,1,3,0,0,0,2,0,7,50,0,1282,1282,1,0,0,2,0,0,1,0
1232004,1,2020,2020,8,0,3,475,10,70,268,0,1,2,-33.888358,150.881405,24,0,2,0,3,0,0,0,2,0,0,70,2,14295,14295,3,5,5,2,0,0,0,1
1232006,4,2020,2020,8,0,5,3,27,27,34609,0,1,7,-30.205365,153.151743,19,2,1,0,3,0,0,0,2,0,7,50,0,6545,6545,4,5,5,2,0,1,0,0
1232007,2,2020,2020,8,0,7,49,31,65,34609,0,1,1,-34.482092,150.886081,80,0,2,1,3,0,0,3,2,0,7,50,0,237,162,8,30,40,1,0,0,1,0
1232009,2,2020,2020,0,2,5,3,27,40,34609,0,1,1,-35.75825,150.190393,23,1,0,1,3,2,0,0,2,0,7,100,0,9859,9859,8,21,40,1,0,0,1,0
1232012,1,2020,2020,8,0,9,30,27,86,93,0,1,7,-33.750494,150.926223,7,0,2,1,3,0,3,3,0,0,0,50,1,14295,14295,3,8,5,2,0,0,0,1
1232015,1,2020,2020,8,0,3,2126,17,93,2149,0,1,7,-33.419486,149.614918,3,2,1,1,0,0,0,0,2,0,0,60,2,14295,14295,3,8,5,2,0,0,0,1
1232021,1,2020,2020,7,4,8,99,31,237,105,0,1,10,-33.864693,150.950531,24,0,2,1,3,0,0,0,2,0,15,60,1,14295,14295,3,5,5,2,0,0,0,1
1232022,1,2020,2020,8,0,7,6,31,73,34609,0,1,10,-33.872388,151.216737,69,0,2,1,3,0,0,0,2,2,7,40,0,217,217,1,9,5,2,0,0,0,1
1232030,4,2020,2020,7,2,6,361,31,155,51,0,1,9,-33.489017,151.319824,16,2,2,1,3,0,0,0,2,2,7,60,1,5929,5929,1,30,5,2,0,1,0,0
1232032,1,2020,2020,8,2,6,128,27,363,133,0,1,10,-33.760653,150.684069,55,0,2,1,3,0,0,0,2,2,7,60,2,14295,14295,3,30,5,3,0,0,0,1
1232034,2,2020,2020,8,5,7,27,27,290,34609,1,0,1,-33.85728,151.006197,21,0,2,1,1,0,0,0,2,0,7,50,0,14295,14295,3,5,12,3,0,0,1,0
1232047,2,2020,2020,8,2,10,3371,17,56,3342,0,1,2,-31.102941,152.848545,34,1,0,1,0,0,0,3,0,0,7,110,2,9859,9859,8,5,40,1,0,0,1,0
1232053,4,2020,2020,4,4,4,2261,17,39,2252,0,1,2,-35.968322,147.004523,0,1,0,1,0,0,0,0,2,0,7,110,2,1282,1282,1,0,10,2,0,2,0,0
1232057,2,2020,2020,8,0,8,27,27,17,62,0,1,9,-30.271683,153.05234,19,2,1,0,0,0,0,0,3,0,7,80,1,1669,1669,3,10,5,2,0,0,3,0
1232058,4,2020,2020,8,5,8,112,27,16,769,1,0,9,-33.550963,150.692968,29,2,2,0,2,0,0,0,3,0,0,60,2,2852,2852,4,5,19,2,0,1,0,0
1232060,2,2020,2020,7,2,7,62,27,63,166,0,1,9,-33.24422,151.472148,16,2,2,1,0,0,3,4,2,0,0,70,2,2852,2852,4,21,0,2,0,0,2,0
1232064,4,2020,2020,7,0,8,37,23,443,78,0,1,9,-33.908625,151.069335,15,0,2,1,1,0,0,0,2,0,0,60,2,2852,2852,4,10,19,2,0,1,0,0
1232070,4,2020,2020,0,2,5,23,31,32,34609,0,1,10,-29.072566,153.344457,60,2,1,1,0,0,0,0,2,0,0,50,0,6545,6545,4,5,41,2,0,1,0,1
1232071,1,2020,2020,8,6,8,55,10,112,47,0,1,1,-33.439976,151.437848,16,2,2,1,1,0,0,0,2,0,7,60,2,14295,14295,3,5,25,2,0,0,0,1
1232072,2,2020,2020,8,1,7,2,27,108,34609,0,1,1,-33.298159,151.435474,16,2,2,0,1,0,0,0,2,0,7,80,0,14295,14295,3,10,5,2,0,0,1,0
1232073,2,2020,2020,0,2,9,4,27,3,34609,0,1,1,-34.054003,151.076407,68,0,2,0,2,0,0,0,2,0,7,50,0,1981,1981,4,9,12,2,0,0,1,0
1232074,1,2020,2019,2,4,8,177,22,239,176,0,1,9,-34.036823,151.117091,68,0,2,1,1,0,0,0,2,0,0,60,2,5929,5929,1,15,36,2,0,0,0,1
1232075,2,2020,2020,0,2,9,16,31,102,34609,0,1,1,-33.962929,151.241315,59,0,2,1,2,0,0,0,3,0,7,60,0,9859,9859,1,5,25,3,0,0,1,0
1232076,4,2020,2020,7,0,7,866,17,110,793,0,1,9,-33.758076,151.04885,71,0,2,1,1,0,0,0,2,2,7,60,2,14295,14295,3,0,5,3,0,1,0,0
1232087,4,2020,2020,8,3,7,251,27,64,212,0,1,9,-33.759843,151.218754,50,0,2,1,1,0,0,0,2,0,7,70,2,2852,2852,4,5,5,2,0,1,0,0
1232090,2,2020,2020,8,2,4,23,36,13,62,0,1,1,-30.073618,152.988402,18,1,0,0,0,0,0,0,2,0,7,100,1,782,957,5,16,40,1,0,0,1,0
1232092,2,2020,2020,8,3,9,63,17,207,63,0,1,7,-31.98146,141.459225,51,2,1,1,2,0,0,0,3,0,0,50,2,926,926,4,16,5,2,0,0,1,0
1232099,2,2020,2020,0,4,11,39,27,21,51,0,1,1,-33.678878,151.098331,31,0,2,1,2,0,0,0,0,0,7,60,2,9859,9859,8,5,40,1,0,0,1,0
1232104,1,2020,2020,8,1,3,2209,17,24,2205,0,1,9,-36.222492,150.127107,23,2,1,1,1,0,0,0,1,0,7,50,2,5929,5929,1,5,10,2,0,0,0,1
1232108,4,2020,2020,7,2,4,11,31,36,34609,0,1,10,-33.928145,151.247832,59,0,2,1,0,0,3,4,2,0,15,50,0,6545,6545,4,5,36,2,0,1,1,0
1232109,1,2020,2020,3,4,8,478,17,69,480,0,1,2,-33.36854,151.475662,16,2,2,1,1,0,0,0,2,0,7,60,2,14295,14295,3,10,5,2,0,0,0,1
1232110,4,2020,2020,7,0,9,33,18,9,8,0,1,1,-28.788058,153.538764,2,2,1,0,0,0,3,4,0,0,7,80,1,3775,3775,0,5,5,2,0,2,0,1
1232111,2,2020,2020,7,2,8,191,27,193,208,0,1,1,-33.782987,151.084204,54,0,2,1,1,0,0,0,2,0,7,60,2,623,623,3,16,5,2,0,0,1,0
1232112,2,2020,2020,3,6,4,2126,17,90,2149,0,1,9,-33.707408,150.3069,8,2,2,1,1,0,0,0,2,2,7,70,2,2852,2852,4,0,25,2,0,0,1,0
1232114,2,2020,2020,7,2,8,23,31,33,23,0,1,1,-33.895014,151.24299,76,0,2,1,1,0,0,0,2,0,7,50,1,387,387,1,22,5,2,0,0,1,0
1232116,4,2020,2020,3,0,8,2209,17,201,2205,0,1,10,-34.878969,150.604667,63,2,1,1,1,0,0,0,2,1,9,70,2,14295,14295,3,16,41,2,0,1,0,0
1232118,1,2020,2020,3,6,4,515,14,202,518,0,1,3,-33.940046,151.030954,15,0,2,1,0,0,0,0,2,0,7,100,2,204,204,1,10,5,2,0,0,0,1
1232128,1,2020,2019,2,3,6,92,31,111,34609,0,1,1,-33.924533,151.257338,59,0,2,1,1,0,0,0,2,0,7,50,0,3775,3775,0,0,19,2,0,0,0,1
1232130,4,2020,2020,3,2,5,26,27,118,34609,0,1,9,-33.349781,151.289948,16,2,2,0,1,0,0,0,2,0,0,80,0,2852,2852,4,8,27,2,0,1,1,0
1232131,4,2020,2020,7,0,7,265,17,6,193,0,1,9,-35.172474,147.275813,75,1,0,1,0,0,0,0,2,0,7,100,2,323,323,1,30,5,2,0,1,2,1
1232132,4,2020,2020,7,1,2,2209,17,48,2205,0,1,9,-36.709233,149.838403,5,1,0,1,0,0,0,0,0,0,0,100,2,2852,2852,4,10,13,2,0,2,0,0
1232133,4,2020,2020,7,4,4,11,1,136,11,0,1,10,-32.934949,151.707244,48,0,2,1,1,0,0,0,2,2,7,60,1,775,775,4,5,5,4,0,1,1,0
1232135,4,2020,2020,0,6,5,478,17,128,480,0,1,2,-33.427852,151.322144,16,2,2,1,0,0,0,0,2,0,7,70,2,1383,1383,1,5,19,2,0,1,0,0
1232136,2,2020,2020,7,1,7,3371,17,40,3342,0,1,9,-32.035733,152.4639,43,1,0,0,3,0,3,3,2,0,0,110,2,4552,5151,8,30,40,1,0,0,1,0
1232137,2,2020,2020,3,4,8,43,27,61,76,0,1,1,-32.923809,151.733726,48,0,2,1,1,0,0,0,2,0,7,60,2,14295,14295,3,16,13,3,0,0,1,0
1232139,4,2020,2020,7,3,0,78,4,79,34609,0,1,7,-34.006668,150.735796,12,0,2,1,2,0,3,4,0,0,0,50,0,4026,4026,8,5,40,1,0,1,0,0
1232140,4,2020,2020,7,1,5,10,31,117,34609,0,1,1,-28.172918,153.539259,72,2,1,1,1,0,0,0,2,0,7,50,0,237,397,1,5,5,2,0,1,0,0
1232141,2,2020,2020,8,3,5,7,27,2,48,0,1,1,-32.64913,151.589465,42,1,0,0,0,0,0,0,2,0,7,100,1,3775,3775,0,5,36,2,0,0,2,0
1232142,2,2020,2020,8,2,5,293,31,160,260,0,1,9,-33.105981,151.497527,37,0,2,1,3,0,0,0,2,0,7,60,2,1391,1391,1,0,5,2,0,0,1,0
1232143,2,2020,2020,0,0,9,4,31,77,34609,0,1,9,-33.866352,150.946701,24,0,2,1,0,0,0,6,0,0,0,50,0,6545,6545,4,5,5,2,0,0,1,0
1232144,2,2020,2020,0,4,7,143,31,90,181,0,1,2,-33.889577,151.233677,81,0,2,1,3,0,0,0,2,0,7,60,2,9859,9859,8,0,40,1,0,0,1,0
1232149,2,2020,2020,7,2,4,55,36,155,95,0,1,9,-33.142459,148.194704,53,2,1,1,1,0,0,0,2,0,7,80,2,1945,1945,5,22,40,1,0,0,1,0
1232150,2,2020,2020,0,5,6,4,18,43,34609,0,1,1,-32.818255,151.846012,57,2,1,0,1,0,0,0,2,0,7,80,0,4552,5151,8,10,40,1,0,0,1,0
1232151,4,2020,2020,7,6,6,866,17,98,793,0,1,2,-33.739506,151.068867,31,0,2,1,1,0,0,3,2,0,7,70,2,14295,14295,3,3,2,3,0,1,0,0
1232152,2,2020,2020,3,3,1,500,27,198,799,0,1,9,-33.919792,151.100597,15,0,2,1,2,0,0,0,0,0,7,60,2,5929,5929,1,30,5,2,0,0,1,0
1232153,4,2020,2020,7,2,4,103,27,94,563,0,1,10,-33.826834,151.050906,54,0,2,1,2,0,0,0,2,2,7,70,2,1192,1192,1,8,19,2,0,1,0,0
1232158,1,2020,2020,7,3,1,4,27,38,34609,0,1,9,-32.741167,151.865556,57,2,1,1,2,0,0,0,0,0,7,50,0,1259,985,8,0,40,1,0,0,0,1
1232160,2,2020,2020,3,1,6,18,27,83,100,0,1,10,-34.452037,150.443245,78,2,1,1,0,0,0,0,2,2,7,50,2,6545,6545,4,5,0,2,0,0,1,0
1232161,4,2020,2020,7,2,2,16,27,316,120,0,1,5,-33.90835,151.247664,59,0,2,1,2,0,3,3,1,2,6,50,2,515,515,1,5,27,2,0,1,0,0
1232164,4,2020,2020,3,2,1,171,1,387,104,0,1,1,-33.934128,151.197413,4,0,2,1,2,0,0,0,0,0,7,60,2,9859,9859,1,5,5,3,0,2,0,0
1232165,2,2020,2020,0,4,1,1,27,60,34609,0,1,1,-33.828896,151.142859,51,0,2,0,2,0,0,0,0,0,7,50,0,4552,5151,1,5,5,3,0,0,1,0
1232167,2,2020,2020,7,1,4,15,27,193,34609,0,1,1,-33.790348,151.080083,61,0,2,1,1,0,3,4,2,0,7,50,0,3775,3775,0,5,12,2,0,0,1,0
1232168,4,2020,2020,7,3,1,13,10,75,34609,0,1,9,-32.790666,151.636459,42,2,1,0,2,0,3,4,0,0,7,60,0,926,926,4,5,5,2,0,1,0,0
1232170,2,2020,2020,0,1,6,72,31,218,34609,0,1,10,-33.769036,150.788048,55,0,2,1,0,0,0,0,2,0,15,50,0,4026,4026,1,0,0,3,0,0,1,0
1232171,4,2020,2020,0,6,8,481,17,562,483,0,1,10,-32.208052,148.618697,22,1,0,1,1,0,0,0,2,0,0,90,2,6545,6545,4,5,0,2,0,1,1,0
1232172,2,2020,2020,0,4,7,2261,17,204,2252,0,1,11,-33.887589,151.121396,32,0,2,0,0,0,0,0,2,2,7,60,2,1850,1463,5,16,40,1,0,0,1,0
1232174,2,2020,2020,8,1,7,191,17,24,189,0,1,1,-32.009493,149.413848,51,1,0,0,0,0,3,4,2,0,7,100,2,2585,4009,8,9,40,1,0,0,1,0
1232184,4,2020,2020,4,2,5,829,31,44,34609,0,1,1,-33.756067,150.725686,55,0,2,1,1,0,3,4,2,0,7,50,0,9859,9859,1,5,13,2,0,1,0,0
1232185,2,2020,2020,8,0,11,255,31,2,13,0,1,1,-33.932556,148.859394,51,2,1,1,2,0,0,0,0,0,7,50,1,9859,9859,8,10,40,1,0,0,1,0
1232188,4,2020,2020,0,2,6,9,27,29,13,0,1,1,-32.464988,142.657193,51,1,0,0,0,2,3,0,2,0,7,100,1,1957,4009,8,5,40,1,0,1,0,0
1232191,2,2020,2020,7,1,3,3,31,68,34609,0,1,10,-34.828751,148.91562,82,2,1,1,1,0,0,0,2,0,0,50,0,6545,6545,4,30,0,2,0,0,1,0
1232193,4,2020,2020,8,0,6,149,36,21,81,0,1,1,-32.140255,152.489644,43,1,0,1,0,0,0,0,2,0,7,100,2,14295,14295,3,16,36,2,0,1,0,0
1232195,4,2020,2020,3,2,8,55,36,22,95,0,1,1,-33.185466,148.604454,11,1,0,1,0,0,0,0,2,0,7,100,2,4026,4026,8,10,40,1,0,1,0,0
1232197,2,2020,2020,7,5,8,4,27,5,34609,0,1,9,-28.666637,153.412856,39,1,0,0,0,0,0,0,2,0,7,100,0,782,985,5,16,40,1,0,0,1,0
1232198,4,2020,2020,8,2,8,63,27,20,34609,0,1,1,-32.964381,151.558658,37,0,2,0,2,0,3,4,0,0,7,80,0,2585,4009,8,0,40,1,0,1,2,0
1232201,2,2020,2020,7,3,11,97,31,142,92,0,1,9,-33.828816,150.993639,21,0,2,1,2,0,0,0,0,0,7,60,1,1669,1669,3,5,5,2,0,0,1,0
1232208,2,2020,2020,7,3,2,118,17,29,118,0,1,1,-30.711001,150.044455,51,2,1,0,2,0,0,0,0,0,7,50,2,782,957,5,5,40,1,0,0,1,0
1232209,2,2020,2020,7,6,8,7,27,433,34609,0,1,7,-33.259212,149.112924,52,2,1,0,3,0,0,0,0,0,0,80,0,14295,14295,3,5,5,2,0,0,1,0
1232210,2,2020,2020,3,5,10,45,27,6,44,0,1,9,-33.82508,151.150159,38,0,2,1,2,0,0,0,0,2,7,60,2,5929,5929,1,0,5,2,0,0,1,0
1232212,4,2020,2020,8,6,3,48,31,121,102,0,1,9,-33.799224,151.284376,50,0,2,1,2,0,0,0,1,2,9,40,2,5929,5929,1,5,27,3,0,1,1,0
1232213,2,2020,2020,0,5,9,28,27,38,28,0,1,7,-32.741596,151.867557,57,2,1,1,2,0,0,0,0,0,0,60,1,6545,6545,4,5,5,2,0,0,2,0
1232215,2,2020,2020,8,2,5,4,10,70,34609,0,1,1,-32.73542,151.557909,42,2,1,1,1,0,1,0,2,0,7,40,0,14295,14295,3,5,5,2,0,0,1,0
1232217,2,2020,2020,8,6,6,866,17,149,793,0,1,2,-33.822139,150.962414,21,0,2,1,3,0,0,0,2,0,7,70,2,1391,1391,1,5,5,2,0,0,1,0
1232219,1,2020,2020,3,0,5,19,31,161,51,0,1,10,-33.8842,151.147612,32,0,2,1,3,0,0,0,2,3,7,50,1,1391,1391,1,30,0,2,0,0,0,1
1232220,2,2020,2020,8,2,11,27,27,19,39,0,1,1,-31.211954,151.110207,70,2,1,1,3,0,3,4,0,0,7,80,1,4026,4026,8,5,40,1,0,0,1,0
1232222,1,2020,2020,0,5,6,117,27,78,144,0,1,10,-33.858415,151.092258,14,0,2,1,3,0,3,4,2,3,7,60,2,14295,14295,3,9,5,2,0,0,0,1
1232223,1,2020,2020,7,4,6,39,31,523,34609,0,1,1,-33.92245,150.92302,41,0,2,1,1,0,3,4,2,0,7,40,0,941,941,1,19,5,2,0,0,0,3
1232225,2,2020,2020,0,4,7,175,27,55,220,0,1,9,-33.749401,150.915969,7,0,2,1,1,0,3,4,2,2,7,70,2,14295,14295,3,5,5,3,0,0,1,0
1232226,1,2020,2020,8,4,6,2126,17,140,2149,0,1,10,-33.78893,150.854357,7,0,2,1,3,0,3,4,2,2,7,80,2,1391,1391,1,5,5,2,0,0,0,1
1232227,2,2020,2020,8,3,6,11,1,111,34609,0,1,1,-33.701814,150.849032,7,0,2,1,1,0,0,0,2,0,7,60,0,1945,1945,5,16,40,1,0,0,1,0
1232230,4,2020,2020,8,6,8,6,31,284,34609,0,1,10,-33.911423,151.021484,15,0,2,1,2,0,0,0,0,0,15,50,0,6545,6545,4,5,5,2,0,1,0,0
1232236,2,2020,2020,8,5,6,5,1,133,34609,0,1,1,-33.919784,151.011646,15,0,2,1,3,0,0,3,2,0,7,50,0,1981,1981,4,5,5,3,0,0,1,0
1232238,2,2020,2020,7,1,5,54,31,28,62,0,1,1,-33.793252,151.195868,77,0,2,1,1,0,3,4,2,0,7,60,1,387,387,1,15,0,3,0,0,1,0
1232241,2,2020,2020,8,6,10,171,23,99,34609,0,1,7,-33.892188,151.27313,76,0,2,0,2,0,0,0,0,0,7,40,0,395,395,1,16,0,2,0,0,1,0
1232242,4,2020,2020,0,6,8,29,27,85,27,0,1,1,-34.569761,150.78674,62,0,2,1,2,0,0,0,2,0,7,80,2,14295,14295,3,10,5,3,0,1,1,0
1232246,2,2020,2020,8,1,5,1,34,58,34609,0,1,1,-32.974017,151.671403,37,0,2,1,0,2,0,0,2,0,7,20,0,404,404,8,16,40,1,0,0,1,0
1232252,2,2020,2020,0,4,8,1104,14,113,962,0,1,3,-33.785851,150.707732,55,0,2,1,3,0,0,6,2,0,7,110,2,14295,14295,3,5,12,2,0,0,1,0
1232256,1,2020,2020,4,6,8,175,27,104,220,0,1,10,-33.728246,150.923619,7,0,2,0,3,0,0,0,2,2,7,70,2,14295,14295,3,5,5,2,0,0,0,1
1232258,4,2020,2020,8,5,3,280,10,162,82,0,1,9,-33.851143,150.8992,24,0,2,0,3,0,3,3,2,2,7,70,1,14295,14295,3,9,12,3,0,1,0,0
1232261,1,2020,2020,8,2,7,158,27,138,207,1,0,1,-33.86522,151.273179,81,0,2,0,3,0,3,4,2,0,7,50,2,1109,397,1,10,36,2,0,0,0,1