Crash ID,Degree of crash - detailed,Reporting year,Year of crash,Month of crash,Day of week of crash,Two-hour intervals,Street of crash,Street type,Town,Route no.,School zone location,School zone active,Type of location,Latitude,Longitude,LGA,Urbanisation,Conurbation 1,Alignment,Street lighting,Road surface,Surface condition,Weather,Natural lighting,Signals operation,Other traffic control,Speed limit,Road classification,RUM - code,DCA - code,First impact type,Key TU type,Other TU type,No. of traffic units involved,No. killed,No. seriously injured,No. moderately injured,No. minor-other injured
1232263,4,2020,2020,8,4,4,294,17,18,288,0,1,10,-35.121828,147.321317,75,2,1,1,3,0,0,0,2,0,0,80,2,6545,6545,4,8,5,2,0,1,0,0
1232265,1,2020,2020,8,0,4,1,23,105,34609,0,1,1,-32.721024,151.523987,42,2,1,1,3,2,2,0,2,0,7,50,0,4026,4026,8,5,40,1,0,0,0,1
1232267,1,2020,2020,8,0,6,12,27,175,34609,0,1,10,-33.76452,151.087151,54,0,2,1,3,0,0,0,2,0,7,50,0,1282,1282,1,30,27,2,0,0,0,1
1232268,1,2020,2020,8,0,11,84,27,58,415,0,1,6,-33.751306,151.147318,36,0,2,0,3,0,3,4,0,0,9,50,2,14295,14295,3,5,5,2,0,0,0,1
1232269,1,2020,2020,8,3,8,42,10,62,172,0,1,7,-32.923184,151.609787,37,0,2,1,3,0,0,3,2,0,0,60,2,9859,9859,8,16,40,1,0,0,0,1
1232270,2,2020,2020,8,4,9,100,27,323,100,0,1,10,-33.805734,150.851794,7,0,2,1,3,0,3,4,0,2,7,70,2,4552,985,8,5,40,1,0,0,1,0
1232271,1,2020,2020,8,6,4,76,27,77,148,0,1,10,-32.938524,151.753801,48,0,2,1,3,0,0,0,2,2,7,60,1,5929,5929,1,5,5,2,0,0,0,1
1232272,1,2020,2020,0,3,9,177,31,65,208,0,1,10,-33.857376,150.904297,24,0,2,1,3,0,0,0,0,2,8,60,1,14295,14295,3,0,5,2,0,0,0,1
1232273,4,2020,2020,8,1,9,45,31,204,331,0,1,10,-33.937619,151.152883,4,0,2,1,2,0,3,4,0,2,7,60,2,5929,5929,1,5,5,2,0,2,0,0
1232275,2,2020,2020,8,3,5,33,31,96,34609,0,1,7,-35.355048,149.235566,58,2,1,1,1,0,0,0,2,0,0,50,0,78,78,8,5,40,3,0,0,1,0
1232276,4,2020,2020,8,1,7,85,27,363,145,0,1,9,-33.804286,151.026799,54,0,2,1,1,0,0,0,2,2,7,60,2,5929,5929,1,5,5,2,0,1,0,0
1232277,4,2020,2020,8,6,3,485,27,232,769,0,1,10,-33.690517,150.922224,7,0,2,1,1,0,0,0,2,2,7,80,2,6545,6545,4,5,5,2,0,1,0,1
1232279,2,2020,2020,8,5,5,8,27,9,7,0,1,9,-32.409182,151.564124,51,1,0,0,0,0,0,0,2,0,0,90,1,1850,985,5,16,40,1,0,0,1,0
1232282,1,2020,2020,8,3,6,866,17,77,793,0,1,2,-33.726193,151.084257,31,0,2,0,1,0,0,0,2,0,7,70,2,1957,4009,8,5,40,2,0,0,0,1
1232283,1,2020,2020,8,0,11,330,23,123,233,0,1,10,-33.909949,151.223184,59,0,2,1,2,0,3,4,0,2,7,50,2,190,190,1,27,5,3,0,0,0,1
1232284,4,2020,2020,8,0,5,85,31,65,34609,0,1,2,-34.485439,150.886882,80,0,2,1,0,0,0,3,2,0,7,40,0,1220,1220,9,30,28,2,0,1,0,0
1232285,4,2020,2020,3,3,7,15,27,127,154,0,1,9,-33.838734,150.871826,24,0,2,1,0,0,3,4,2,0,0,60,1,3775,3775,0,10,5,2,0,3,0,0
1232286,4,2020,2020,0,5,6,102,31,646,28,0,1,1,-33.917109,151.043382,15,0,2,1,0,0,0,3,2,0,7,60,1,941,941,1,0,0,2,0,1,0,0
1232289,2,2020,2020,8,2,4,175,27,86,220,0,1,10,-33.747549,150.916422,7,0,2,1,0,0,0,0,2,2,9,70,2,5929,5929,1,5,5,2,0,0,1,1
1232290,4,2020,2019,11,1,11,1,27,2,34609,0,1,1,-36.351112,150.066875,23,2,1,1,0,0,3,3,0,0,7,50,0,475,475,5,0,40,1,0,1,0,0
1232291,4,2020,2020,8,5,4,18,31,108,57,0,1,10,-28.8602,153.559125,2,2,1,1,1,0,0,0,2,2,7,60,1,14295,14295,3,10,0,2,0,1,2,0
1232294,2,2020,2020,8,0,4,916,17,12,917,0,1,9,-30.31402,151.690185,1,1,0,1,3,0,0,0,2,0,0,100,2,2852,2852,4,8,5,2,0,0,1,0
1232298,1,2020,2020,8,1,5,149,36,4,113,0,1,1,-32.379506,152.470696,43,2,1,0,0,0,3,4,2,0,7,80,1,3775,3775,0,10,5,2,0,0,0,1
1232302,2,2020,2020,8,1,0,481,17,25,483,0,1,9,-31.712825,148.666193,51,2,1,1,2,0,0,0,0,0,7,60,2,489,489,8,5,40,1,0,0,1,0
1232306,2,2020,2020,8,6,3,6,31,15,34609,0,1,9,-32.917605,151.738585,48,0,2,1,2,0,0,0,1,0,7,50,0,775,775,4,10,27,2,0,0,1,0
1232307,2,2020,2020,7,4,7,9,27,104,34609,1,2,10,-33.831904,151.219214,49,0,2,1,1,0,0,3,2,2,7,40,0,6545,6545,4,9,41,2,0,0,1,0
1232311,4,2020,2020,8,2,8,57,27,155,75,0,1,1,-33.495792,151.295358,16,2,2,0,1,0,0,0,3,0,7,60,1,1957,4009,8,9,40,1,0,1,0,0
1232317,4,2020,2020,8,3,11,3371,17,35,3342,0,1,2,-32.104521,152.374284,43,1,0,1,2,0,0,0,0,0,7,100,2,4026,4026,8,5,40,1,0,2,0,0
1232320,4,2020,2020,8,0,2,43,27,90,46,0,1,1,-28.250654,153.556878,72,2,1,1,0,0,0,0,0,0,7,80,1,1981,1981,4,0,19,2,0,1,0,0
1232323,4,2020,2020,0,3,10,3,31,129,34609,0,1,1,-33.938189,151.065817,15,0,2,1,2,0,0,0,0,0,7,50,0,78,78,8,16,40,2,0,1,0,0
1232324,2,2020,2020,8,5,4,67,27,41,52,0,1,1,-30.368213,153.081839,19,2,1,1,1,0,0,0,2,0,7,60,1,2040,2040,9,10,28,2,0,0,1,0
1232326,2,2020,2020,0,4,9,98,27,294,799,0,1,10,-33.929002,150.955749,41,0,2,1,3,0,3,4,0,2,7,70,2,623,623,3,5,5,2,0,0,1,0
1232327,1,2020,2020,0,6,3,53,36,19,34,0,1,1,-33.41516,148.255671,51,1,0,0,0,0,0,0,1,0,7,100,2,380,714,5,5,40,1,0,0,0,1
1232328,4,2020,2020,8,3,7,72,31,204,62,0,1,9,-33.943712,151.150548,4,0,2,1,1,0,0,0,2,0,7,60,1,1669,1669,3,5,12,2,0,1,0,0
1232329,2,2020,2020,8,2,9,106,27,252,21,0,1,9,-33.927857,150.873936,41,0,2,1,3,0,0,0,0,2,8,70,2,5929,5929,1,30,0,3,0,0,1,0
1232332,2,2020,2020,0,1,2,2261,17,243,2252,0,1,9,-33.947361,150.907849,41,0,2,1,2,0,0,0,0,0,0,70,2,6545,6545,4,10,0,2,0,0,1,0
1232343,2,2020,2020,8,5,7,1,1,234,34609,0,1,9,-34.282993,146.04216,28,2,1,0,1,0,0,0,2,0,7,50,0,3775,3775,0,10,5,2,0,0,1,0
1232347,4,2020,2020,8,3,6,4,33,2,34609,0,1,1,-33.155528,149.504605,3,2,1,1,0,2,3,0,2,0,7,80,0,1945,1945,5,16,40,1,0,1,0,0
1232348,2,2020,2020,0,1,3,53,27,134,51,0,1,7,-33.519619,151.317062,16,2,2,1,1,0,0,0,2,0,0,60,1,6545,6545,4,5,5,2,0,0,1,0
1232349,2,2020,2020,8,3,8,4,18,39,12,0,1,1,-29.778477,153.06382,18,2,1,1,0,0,3,3,0,0,7,80,1,1089,1089,7,30,40,1,0,0,1,0
1232350,4,2020,2020,8,0,5,12,27,49,19,0,1,1,-33.205199,151.50093,16,2,2,0,0,0,0,0,2,0,7,80,2,3775,3775,0,0,0,3,0,2,1,0
1232351,2,2020,2020,0,5,6,6,27,51,34609,0,1,1,-33.267474,151.481816,16,2,2,1,1,0,0,0,2,0,7,50,0,323,323,1,5,5,3,0,0,3,1
1232352,4,2020,2020,8,4,7,191,17,7,189,0,1,1,-32.642128,151.225934,64,2,1,1,0,0,0,0,2,0,7,70,2,14295,14295,3,30,13,2,0,1,0,1
1232355,4,2020,2020,7,4,0,82,27,5,34,0,1,9,-28.605966,153.011083,51,1,0,1,0,0,0,0,0,0,0,100,1,1957,777,8,5,40,1,0,1,2,0
1232356,2,2020,2020,7,6,6,17,27,164,65,0,1,1,-33.711168,150.878028,7,0,2,0,1,0,0,0,2,0,7,60,1,1669,1669,3,5,5,2,0,0,2,0
1232361,1,2020,2020,8,4,9,9,27,110,24,0,1,1,-33.753349,151.04255,71,0,2,1,3,0,0,0,0,0,7,50,1,14295,14295,3,5,5,2,0,0,0,1
1232363,1,2020,2020,8,6,10,5,27,51,34609,0,1,9,-34.470552,150.806461,80,0,2,1,3,0,3,0,0,0,15,100,0,2852,2852,4,5,5,2,0,0,0,1
1232364,2,2020,2020,8,0,3,2209,17,133,2205,0,1,7,-34.48329,150.802124,80,0,2,1,3,0,0,3,2,0,0,80,1,6545,6545,4,9,5,2,0,0,1,0
1232369,1,2020,2020,7,1,7,43,27,316,38,0,1,7,-33.903001,151.240219,59,0,2,1,3,0,3,4,2,0,7,50,1,14295,14295,3,5,13,2,0,0,0,1
1232371,2,2020,2020,0,1,8,55,1,167,34609,0,1,10,-33.849819,151.073914,54,0,2,1,3,0,0,0,2,2,7,60,0,5929,5929,1,5,5,2,0,0,1,1
1232373,1,2020,2020,7,3,0,224,27,169,321,0,1,10,-33.901489,151.201136,69,0,2,1,3,0,0,0,0,2,7,50,2,14295,14295,3,5,5,2,0,0,0,1
1232374,4,2020,2020,8,5,8,135,17,8,136,0,1,1,-36.060816,146.838122,0,1,0,0,0,0,0,0,3,0,7,100,2,14295,14295,3,10,5,2,0,1,0,0
1232378,4,2020,2020,0,6,9,9,27,21,34609,0,1,1,-32.612616,151.852747,51,1,0,0,0,0,0,0,0,0,7,90,0,1259,5151,8,5,40,1,0,1,0,0
1232383,2,2020,2020,8,2,10,161,17,3,161,0,1,1,-36.663196,149.672994,5,1,0,1,3,0,0,0,0,0,7,100,2,1089,1089,7,10,40,1,0,0,1,0
1232397,2,2020,2020,8,5,4,84,10,5,80,0,1,1,-34.271922,150.95696,80,0,2,0,1,0,3,4,2,0,7,50,2,3775,3775,0,10,22,2,0,0,1,0
1232399,4,2020,2020,0,1,3,515,14,294,518,0,1,3,-33.940516,150.931605,41,0,2,1,0,0,0,0,2,0,7,100,2,14295,14295,3,5,13,5,0,1,2,1
1232402,2,2020,2020,8,1,2,38,1,239,34609,0,1,1,-34.043612,151.13092,68,0,2,1,2,0,0,0,0,0,7,50,0,4026,4026,1,10,5,3,0,0,1,0
1232403,1,2020,2019,2,4,4,40,27,162,34609,0,1,1,-33.849115,150.88779,24,0,2,0,0,0,0,0,2,0,7,60,0,3775,3775,0,0,25,2,0,0,0,1
1232404,2,2020,2020,0,0,6,14,27,157,14,0,1,10,-33.799284,151.009561,54,0,2,1,1,0,0,0,2,0,15,60,1,2852,2852,4,5,13,2,0,0,1,1
1232406,2,2020,2020,8,2,6,7,27,41,6,0,1,7,-34.062245,150.68699,12,0,2,1,1,0,0,0,2,0,0,60,1,14295,14295,3,5,27,2,0,0,1,0
1232409,2,2020,2019,10,6,4,133,27,20,260,0,1,9,-32.933832,151.633451,37,0,2,1,1,0,0,0,2,0,7,60,2,591,591,1,22,36,2,0,0,1,0
1232410,2,2020,2020,8,0,8,3,31,84,34609,0,1,9,-31.099647,150.903944,70,2,1,0,1,0,0,0,2,0,7,50,0,6545,6545,4,10,5,2,0,0,1,0
1232413,1,2020,2020,8,0,7,1,1,433,34609,0,1,9,-33.270967,149.106219,52,2,1,1,1,0,0,0,2,0,0,50,0,323,323,1,5,5,4,0,0,0,3
1232415,2,2020,2020,8,0,4,20,27,103,45,0,1,1,-34.318843,148.360829,30,1,0,0,0,0,0,0,2,0,7,100,1,4552,5151,8,8,40,1,0,0,1,0
1232420,4,2020,2020,7,5,9,82,27,10,103,0,1,1,-28.441059,153.282761,72,2,1,0,0,0,3,4,2,0,7,80,1,3775,3775,0,10,5,2,0,1,0,1
1232424,2,2020,2020,8,6,8,334,17,31,308,0,1,1,-31.09562,150.877967,70,2,1,1,2,0,3,2,0,0,7,70,2,1109,787,1,5,0,2,0,0,2,0
1232425,4,2020,2020,7,3,9,39,27,36,91,0,1,9,-33.937837,151.25761,59,0,2,0,1,0,0,0,2,0,7,60,1,2852,2852,4,5,19,2,0,1,0,0
1232427,4,2020,2020,8,6,8,41,27,53,34609,0,1,1,-33.374518,151.45469,16,2,2,1,2,0,0,0,0,0,7,50,0,368,368,9,10,28,2,0,1,0,0
1232430,1,2020,2020,8,1,11,485,27,52,769,0,1,9,-33.700128,150.92862,7,0,2,1,2,0,3,4,0,2,7,80,2,5929,5929,1,5,5,2,0,0,0,1
1232435,2,2020,2020,7,6,4,17,27,4,62,0,1,1,-35.793503,147.938646,66,2,1,1,0,0,0,0,2,0,7,80,2,945,945,5,10,40,1,0,0,1,0
1232442,4,2020,2020,8,2,2,4,25,57,34609,0,1,10,-33.942756,151.224295,4,0,2,1,2,0,0,0,0,0,8,50,0,368,368,9,33,28,2,0,1,0,0
1232443,1,2020,2020,8,3,8,3,32,85,34609,0,1,1,-33.789761,150.669188,55,0,2,1,1,0,0,0,2,0,7,10,0,1945,1945,5,22,40,1,0,0,0,1
1232444,1,2020,2020,8,5,6,17,36,57,72,0,1,2,-28.636128,153.549853,10,2,1,1,1,0,3,4,2,0,7,60,2,9859,9859,8,10,40,4,0,0,0,1
1232445,2,2020,2020,3,6,10,8,31,82,34609,1,0,1,-34.366589,150.899458,80,0,2,1,2,0,3,4,0,0,7,50,0,9859,9859,1,30,12,3,0,0,1,0
1232448,4,2020,2020,8,0,8,118,17,3,118,0,1,1,-30.866095,150.145701,51,1,0,0,0,0,0,0,2,0,7,100,2,1259,5151,8,5,40,1,0,1,0,0
1232450,1,2020,2020,7,4,10,2126,17,283,2149,0,1,10,-33.83066,151.012274,54,0,2,1,2,0,0,0,0,2,7,60,2,5929,5929,1,5,5,2,0,0,0,2
1232451,4,2020,2020,3,0,9,2209,17,130,2205,0,1,9,-34.452898,150.846562,80,0,2,1,2,0,0,0,3,0,15,60,1,775,775,4,5,5,2,0,1,0,0
1232453,1,2020,2020,8,1,7,27,36,83,34609,0,1,1,-30.109517,153.189972,19,2,1,1,0,0,0,0,2,0,7,50,0,1981,1981,4,0,27,2,0,0,0,1
1232454,4,2020,2020,8,4,9,7,27,11,34609,0,1,1,-36.035,146.958018,0,2,1,1,2,0,0,0,0,0,7,60,0,1109,787,1,10,15,2,0,1,0,2
1232455,4,2020,2020,8,3,8,2209,17,79,2205,0,1,7,-34.908578,150.602871,63,2,1,1,2,0,0,0,3,0,0,70,2,14295,14295,3,10,13,2,0,1,0,0
1232462,1,2020,2020,8,5,3,51,27,136,76,0,1,9,-32.92189,151.704152,48,0,2,1,3,0,3,4,2,0,15,60,1,1669,1669,3,0,5,2,0,0,0,1
1232467,1,2020,2020,8,3,1,916,17,32,917,0,1,1,-32.637163,151.230714,64,1,0,0,3,0,0,0,0,0,7,100,2,1850,1463,5,5,40,1,0,0,0,1
1232471,2,2020,2020,8,1,7,40,27,73,34609,0,1,1,-35.151868,147.373033,75,2,1,1,3,0,0,0,2,0,7,50,0,1109,787,1,10,5,2,0,0,1,0
1232473,1,2020,2019,2,5,0,104,27,443,702,0,1,2,-33.894495,151.066291,15,0,2,1,3,0,0,0,0,0,7,70,2,14295,14295,3,21,5,2,0,0,0,1
1232475,1,2020,2020,8,5,8,2261,17,523,2252,0,1,2,-33.918535,150.919532,41,0,2,1,3,0,0,0,2,0,7,60,2,1391,1391,1,5,40,2,0,0,0,1
1232480,2,2020,2020,8,3,9,2,31,133,34609,0,1,1,-33.921169,151.004995,15,0,2,1,2,0,0,0,0,0,7,50,0,9859,9859,1,30,5,3,0,0,1,0
1232481,2,2020,2020,8,5,10,5,27,9,34609,0,1,9,-33.482388,149.580502,3,2,1,1,0,0,0,0,0,0,0,80,0,489,489,8,5,40,1,0,0,1,0
1232483,1,2020,2019,2,0,7,5,27,95,34609,1,0,1,-34.389737,150.892591,80,0,2,1,1,0,0,0,2,0,9,50,0,9859,9859,8,0,40,2,0,0,0,1
1232484,1,2020,2020,8,0,10,500,27,145,799,0,1,10,-33.929463,151.072226,15,0,2,1,2,0,3,4,0,2,7,60,2,1282,1282,1,5,36,2,0,0,0,1
1232486,2,2020,2020,0,2,5,20,22,121,49,0,1,1,-33.794368,151.287086,50,0,2,1,1,0,0,0,2,0,7,40,1,144,144,1,5,18,2,0,0,1,0
1232487,2,2020,2020,8,0,8,15,27,143,51,0,1,1,-33.693779,151.098445,31,0,2,1,2,0,3,4,0,0,7,60,2,1282,1282,1,5,27,2,0,0,1,0
1232491,2,2020,2020,0,5,10,171,27,89,369,0,1,1,-33.657943,150.767382,55,0,2,1,0,0,0,0,0,0,7,80,2,9859,9859,8,5,40,1,0,0,1,2
1232493,4,2020,2020,3,0,11,12,31,24,34609,0,1,1,-32.88258,151.794573,48,0,2,0,2,0,0,0,0,0,7,70,0,2585,4009,8,16,40,1,0,1,0,0
1232504,1,2020,2020,7,5,8,91,27,119,187,0,1,9,-33.871011,151.173089,32,0,2,1,3,0,0,0,2,2,7,70,2,1669,1669,3,9,36,2,0,0,0,1
1232505,2,2020,2020,8,2,8,77,31,445,563,0,1,2,-33.88292,151.040374,21,0,2,1,3,0,0,0,2,0,7,80,2,1391,1391,1,5,35,2,0,0,1,0
1232506,2,2020,2020,8,3,9,1,27,2,34609,0,1,1,-32.151895,148.54571,22,1,0,1,3,0,0,0,0,0,7,100,0,5929,5929,1,0,0,2,0,0,1,1
1232511,1,2020,2020,0,6,8,11,27,163,34609,0,1,7,-33.851916,151.107384,14,0,2,1,2,0,0,0,3,0,0,50,0,1220,1220,9,0,28,2,0,0,0,1
1232518,4,2020,2020,0,4,11,293,27,6,172,0,1,9,-32.953081,151.655907,37,0,2,1,2,0,0,0,0,0,7,70,2,4026,4026,8,5,40,1,0,1,0,0
1232525,4,2020,2020,0,1,10,29,27,89,34609,0,1,1,-28.233666,153.535416,72,2,1,1,1,0,0,0,0,0,7,60,0,9859,9859,8,5,40,1,0,1,1,0
1232526,2,2020,2020,8,3,8,7,27,45,34609,0,1,7,-34.307633,150.598074,79,2,2,1,0,0,0,0,2,0,0,80,0,6545,6545,4,0,27,2,0,0,1,0
1232529,1,2020,2020,8,6,7,293,31,179,34609,0,1,1,-31.907364,152.460238,43,2,1,0,0,0,0,0,2,0,11,40,0,1282,1282,1,5,0,2,0,0,0,1
1232531,4,2020,2020,8,5,10,17,27,96,34609,0,1,1,-34.239283,150.724828,79,2,2,0,0,0,0,0,0,0,7,80,0,4552,5151,8,5,40,1,0,1,0,0
1232533,4,2020,2020,0,2,6,7,27,6,34609,0,1,1,-34.63948,149.375143,74,1,0,0,0,0,0,0,2,0,7,100,0,2585,4009,8,16,40,1,0,1,0,0
1232535,2,2020,2020,7,4,7,11,3,22,122,0,1,9,-34.506911,150.877153,80,0,2,0,1,0,0,0,2,0,15,80,2,6545,6545,4,16,5,2,0,0,1,0
1232537,1,2020,2020,8,3,7,230,27,80,284,0,1,10,-33.810726,151.163562,38,0,2,1,1,0,0,0,2,1,9,60,2,1669,1669,3,16,5,2,0,0,0,1
1232541,2,2020,2020,7,3,3,98,27,294,799,0,1,10,-33.929002,150.955749,41,0,2,1,2,0,3,4,1,2,7,70,2,2585,777,8,5,40,1,0,0,1,0
1232543,2,2020,2020,8,6,8,12,31,201,34609,0,1,7,-34.875888,150.597855,63,2,1,1,3,0,0,0,3,0,0,50,0,6545,6545,4,5,5,2,0,0,1,1
1232544,1,2020,2020,7,4,9,12,27,21,19,0,1,9,-33.694404,151.277709,50,0,2,1,3,0,3,4,3,0,15,50,1,1669,1669,3,5,25,2,0,0,0,1
1232548,2,2020,2020,8,0,7,48,27,20,62,0,1,1,-35.531884,148.125049,66,1,0,0,3,0,0,0,2,0,14,100,2,14295,14295,3,0,5,2,0,0,1,1
1232556,4,2020,2020,0,3,9,8,27,58,34609,0,1,1,-33.217214,151.371409,16,2,2,0,0,0,0,0,0,0,7,80,0,2585,4009,8,10,40,1,0,1,0,0
1232559,1,2020,2020,8,1,6,105,17,251,136,0,1,10,-33.776838,150.933274,7,0,2,1,3,0,0,3,2,2,9,60,2,6545,6545,4,34,5,2,0,0,0,1
1232561,2,2020,2020,8,2,6,8,27,8,24,0,1,1,-33.604459,151.12755,31,0,2,1,3,0,0,0,2,0,7,40,1,14295,14295,3,16,19,2,0,0,1,0
1232562,4,2020,2020,8,0,7,54,27,646,30,0,1,9,-33.914597,151.040054,15,0,2,1,3,0,0,0,2,2,7,60,1,5929,5929,1,30,5,2,0,1,0,0
1232563,1,2020,2020,8,3,5,2261,17,284,2252,0,1,9,-33.907122,151.022781,15,0,2,0,3,0,0,3,2,0,7,60,2,1391,1391,1,5,5,2,0,0,0,2
1232567,2,2020,2020,8,2,10,191,27,175,208,0,1,10,-33.773866,151.083113,54,0,2,1,2,0,0,0,0,2,6,60,2,5929,5929,1,0,5,2,0,0,1,0
1232569,4,2020,2020,8,4,0,2209,17,157,2205,0,1,2,-34.006661,151.112056,68,0,2,1,2,0,0,0,0,0,7,70,2,14295,14295,3,16,5,2,0,1,0,0
1232572,2,2020,2020,8,1,10,177,31,314,208,0,1,7,-33.860347,150.927517,24,0,2,1,1,0,0,0,0,0,0,60,1,14295,14295,3,5,19,2,0,0,1,0
1232573,1,2020,2020,0,4,2,23,27,45,144,0,1,9,-33.812562,150.786136,55,0,2,1,2,0,0,0,1,2,8,70,2,5929,5929,1,5,5,2,0,0,0,1
1232577,4,2020,2020,8,5,10,158,27,138,207,0,1,11,-33.867772,151.270911,81,0,2,0,2,0,0,0,0,0,7,50,2,2040,2040,9,5,28,2,0,1,1,0
1232580,4,2020,2020,8,4,10,26,31,363,34609,0,1,10,-33.7535,150.702934,55,0,2,1,2,0,3,4,0,2,7,50,0,1391,1391,1,16,0,2,0,1,0,0
1232581,2,2020,2020,8,3,8,1,10,55,34609,0,1,9,-33.74252,150.914005,7,0,2,1,1,0,0,0,2,0,7,50,0,14295,14295,3,5,13,2,0,0,1,1
1232582,4,2020,2020,0,0,6,22,27,18,147,0,1,1,-28.685174,153.608058,10,2,1,1,0,0,0,0,2,0,7,50,1,1945,1945,5,16,40,2,0,1,0,0
1232583,4,2020,2020,8,2,11,1,27,134,34609,0,1,1,-33.523827,151.308292,16,2,2,0,2,0,0,0,0,0,7,50,0,1850,1463,5,10,40,1,0,1,0,0
1232586,2,2020,2020,8,6,8,2126,17,283,2149,0,1,2,-33.830867,151.012755,54,0,2,1,2,0,0,0,2,0,7,60,2,14295,14295,3,16,25,2,0,0,1,0
1232588,4,2020,2020,8,2,9,4,27,14,34609,0,1,1,-34.010617,150.826189,13,0,2,1,0,0,0,0,0,0,7,60,0,14295,14295,3,5,5,2,0,1,0,1
1232590,4,2020,2020,0,4,3,12,10,65,34609,0,1,7,-36.043838,146.978638,0,2,1,1,2,0,3,4,2,0,0,60,0,395,395,1,5,5,2,0,1,1,0
1232593,2,2020,2020,7,4,6,334,17,6,308,0,1,1,-31.6398,148.026866,51,1,0,0,0,0,0,0,2,0,7,110,2,273,957,5,30,40,1,0,0,1,0
1232594,2,2020,2020,7,2,10,512,17,562,441,0,1,10,-32.253851,148.605658,22,2,1,1,2,0,0,0,0,2,7,60,2,5929,5929,1,0,0,2,0,0,5,0
1232597,4,2020,2020,8,5,3,230,27,175,284,0,1,2,-33.771082,151.089245,54,0,2,0,0,0,3,4,1,0,7,60,2,3775,3775,0,9,13,4,0,1,0,2
1232598,2,2020,2020,0,5,3,60,27,11,34609,0,1,1,-33.987049,151.091351,25,0,2,1,1,0,0,0,2,0,7,50,0,9859,9859,1,5,5,2,0,0,1,0
1232600,4,2020,2020,0,5,10,16,10,91,34609,0,1,2,-33.994927,150.897296,13,0,2,0,2,0,0,0,0,0,7,50,0,78,78,8,16,40,1,0,1,0,0
1232601,2,2020,2020,7,6,4,85,10,73,702,0,1,2,-33.836262,151.086349,14,0,2,1,1,0,3,0,2,2,9,70,2,14295,14295,3,9,0,4,0,0,1,0
1232607,4,2020,2020,8,1,2,5,27,13,34609,0,1,1,-33.306278,148.777,11,1,0,1,0,0,0,0,0,0,7,100,0,1089,1089,7,0,40,1,0,1,0,0
1232617,2,2020,2020,8,6,9,866,17,187,793,0,1,10,-33.793372,150.994447,54,0,2,1,2,0,0,0,0,2,7,70,2,1669,1669,3,0,36,2,0,0,1,0
1232618,4,2020,2020,8,2,5,7,27,7,34609,0,1,1,-34.836409,150.731284,63,2,1,1,0,0,0,0,2,0,7,80,0,1945,1945,5,16,40,1,0,1,0,0
1232627,4,2020,2020,3,2,3,916,17,9,917,0,1,1,-31.851363,150.903763,73,1,0,0,0,0,0,0,2,0,7,100,2,2585,4009,8,10,40,1,0,1,0,0
1232632,4,2020,2020,7,6,7,27,10,57,20,0,1,9,-33.330532,151.411667,16,1,2,1,0,0,0,0,2,0,0,90,1,5929,5929,1,5,5,2,0,1,0,1
1232633,4,2020,2020,7,0,4,15,27,159,34609,0,1,1,-33.805918,151.088529,61,0,2,1,1,0,0,0,2,0,9,50,0,2040,2040,9,5,28,2,0,1,0,0
1232636,4,2020,2020,7,0,6,866,17,110,793,0,1,9,-33.741832,151.056489,31,0,2,1,1,0,0,0,2,0,0,70,2,1220,1220,9,10,28,2,0,1,1,0
1232637,2,2020,2020,7,5,10,46,27,22,43,0,1,9,-35.979633,146.899305,27,1,0,1,0,0,0,3,0,0,7,100,1,1669,1669,3,5,13,2,0,0,2,0
1232639,4,2020,2020,7,0,8,3371,17,54,3342,0,1,1,-33.219952,151.506276,16,2,2,1,0,0,0,0,2,0,7,70,2,3775,3775,0,30,0,2,0,2,0,1
1232641,2,2020,2020,7,6,10,2261,17,24,2252,0,1,3,-34.390696,150.519992,78,1,0,1,0,0,3,4,0,0,7,110,2,4026,4026,8,5,40,1,0,0,1,0
1232642,1,2020,2020,7,1,6,232,36,79,331,0,1,2,-34.019958,150.761071,12,0,2,1,3,0,0,0,2,0,7,80,2,14295,14295,3,5,5,2,0,0,0,1
1232643,2,2020,2020,7,5,8,1,31,107,34609,0,1,4,-29.674955,152.947022,18,2,1,0,0,2,0,0,2,0,7,50,0,1259,5151,8,30,40,1,0,0,1,0
1232645,2,2020,2020,7,3,2,71,36,26,139,0,1,9,-33.551453,145.525683,51,1,0,1,0,0,0,0,1,0,7,100,2,475,475,5,0,40,1,0,0,1,0
1232646,4,2020,2020,7,2,4,2126,17,40,2149,0,1,9,-33.691984,150.542431,8,2,2,0,1,0,3,3,2,0,0,60,2,4552,5151,8,5,40,2,0,1,1,0
1232647,4,2020,2020,7,6,9,79,31,53,118,0,1,7,-31.086827,150.92626,70,2,1,1,1,0,3,4,2,0,0,60,2,1192,1192,1,5,13,2,0,1,0,0
1232650,2,2020,2020,8,2,4,16,27,193,145,0,1,9,-33.793037,151.068683,61,0,2,1,3,0,0,0,2,0,0,60,2,2852,2852,4,0,5,2,0,0,1,0
1232652,2,2020,2020,8,5,8,69,31,201,34609,0,1,10,-34.886527,150.603167,63,2,1,1,1,0,0,0,2,0,0,50,0,368,368,9,5,28,2,0,0,1,0
1232653,1,2020,2020,8,6,8,1,27,32,34609,0,1,1,-35.39262,149.296889,58,2,1,0,0,0,0,0,2,0,7,80,0,3775,3775,0,0,5,2,0,0,0,2
1232654,1,2020,2020,8,0,6,2126,17,80,2149,0,1,9,-33.887555,151.171752,32,0,2,1,3,0,0,0,2,2,7,60,2,14295,14295,3,9,5,2,0,0,0,1