Crash ID,Degree of crash - detailed,Reporting year,Year of crash,Month of crash,Day of week of crash,Two-hour intervals,Street of crash,Street type,Town,Route no.,School zone location,School zone active,Type of location,Latitude,Longitude,LGA,Urbanisation,Conurbation 1,Alignment,Street lighting,Road surface,Surface condition,Weather,Natural lighting,Signals operation,Other traffic control,Speed limit,Road classification,RUM - code,DCA - code,First impact type,Key TU type,Other TU type,No. of traffic units involved,No. killed,No. seriously injured,No. moderately injured,No. minor-other injured
1232657,4,2020,2020,3,3,5,23,23,293,34609,0,1,9,-33.946445,151.256701,59,0,2,1,3,0,0,0,2,0,9,50,0,144,144,1,0,27,2,0,1,0,0
1232658,2,2020,2020,7,0,11,57,31,38,169,0,1,1,-32.814873,151.464908,17,2,1,0,2,0,0,0,0,0,7,60,2,14295,14295,3,10,5,2,0,0,1,0
1232659,2,2020,2020,8,6,2,48,27,1,62,0,1,9,-35.613361,148.090217,66,1,0,1,0,0,0,0,0,0,7,100,2,1089,1089,7,10,40,1,0,0,1,0
1232666,1,2020,2020,8,6,6,37,31,108,34609,0,1,10,-33.765673,151.266975,50,0,2,1,3,0,0,0,2,2,8,50,0,5929,5929,1,8,0,2,0,0,0,1
1232669,2,2020,2020,8,3,8,2209,17,115,2205,0,1,9,-33.919228,151.169347,32,0,2,1,3,0,0,0,2,2,7,60,2,1945,1945,5,16,40,1,0,0,1,0
1232673,2,2020,2020,7,0,1,74,27,66,59,0,1,9,-34.473196,150.886521,80,0,2,0,2,0,0,0,0,2,7,60,2,2585,4009,8,5,40,1,0,0,1,0
1232675,1,2020,2020,8,6,7,69,31,445,59,0,1,1,-33.883444,151.051254,21,0,2,1,1,0,0,0,2,0,7,60,1,1945,1945,5,15,40,1,0,0,0,1
1232676,2,2020,2020,3,1,7,45,27,80,44,0,1,9,-33.814568,151.153923,38,0,2,1,0,0,0,0,2,0,15,60,2,1669,1669,3,10,0,2,0,0,1,0
1232677,2,2020,2020,3,4,6,34,31,111,34609,0,1,10,-33.926402,151.253132,59,0,2,1,3,0,0,0,2,0,15,50,0,6545,6545,4,0,5,2,0,0,1,0
1232678,2,2020,2020,7,5,6,293,31,112,769,0,1,9,-33.610332,150.8173,29,2,2,1,1,0,0,0,2,0,0,60,2,6545,6545,4,24,5,2,0,0,2,0
1232679,2,2020,2020,3,4,11,346,17,103,332,0,1,9,-28.81413,153.313372,39,2,1,1,3,0,3,4,0,0,7,60,2,3775,3775,0,5,36,2,0,0,2,0
1232685,4,2020,2020,7,6,7,5,27,25,34609,0,1,1,-33.869667,148.93674,51,2,1,0,0,0,3,4,2,0,7,80,0,2585,4009,8,10,40,1,0,1,0,0
1232688,4,2020,2020,8,4,9,2209,17,19,2205,0,1,1,-34.79096,150.672104,63,2,1,1,0,0,3,4,0,0,7,80,2,1945,1945,5,16,40,1,0,1,0,0
1232689,2,2020,2020,8,5,10,47,27,293,69,0,1,10,-33.940974,151.234718,59,0,2,1,2,0,0,0,0,0,7,60,1,4552,985,8,5,40,1,0,0,1,0
1232695,1,2020,2020,8,6,8,220,27,92,222,0,1,10,-33.72037,150.937933,71,0,2,1,1,0,0,0,2,2,7,80,2,1669,1669,3,8,0,2,0,0,0,1
1232696,1,2020,2020,8,4,5,10,27,53,34609,0,1,1,-33.735427,151.303541,50,0,2,1,0,0,0,0,2,0,7,50,0,3775,3775,0,5,13,2,0,0,0,1
1232697,4,2020,2020,7,0,7,39,31,169,99,0,1,9,-33.901054,151.203013,69,0,2,1,1,0,0,0,2,2,9,60,2,6545,6545,4,9,27,2,0,1,1,0
1232698,2,2020,2020,8,5,8,204,31,28,82,1,0,9,-35.144358,147.350618,75,2,1,1,2,0,0,0,3,0,7,60,1,5929,5929,1,0,13,2,0,0,1,0
1232701,4,2020,2020,0,3,4,1,18,20,34609,0,1,9,-33.228287,151.300968,16,2,2,0,1,0,0,0,2,0,7,70,0,1850,1463,5,16,40,1,0,1,0,0
1232702,1,2020,2020,8,1,3,225,31,66,34609,0,1,1,-34.488243,150.895704,80,0,2,1,0,0,0,0,1,0,7,60,0,1981,1981,4,5,5,2,0,0,0,1
1232703,1,2020,2019,2,6,7,255,27,62,172,0,1,10,-32.925001,151.626745,37,0,2,1,1,0,0,0,2,0,0,60,2,6545,6545,4,16,5,2,0,0,0,3
1232704,2,2020,2020,8,3,6,100,27,323,100,0,1,2,-33.79342,150.854208,7,0,2,1,1,0,0,0,2,0,7,70,2,14295,14295,3,0,0,2,0,0,1,0
1232706,2,2020,2020,0,2,1,14,1,89,34609,0,1,1,-33.38426,151.465503,16,2,2,1,2,0,0,0,0,0,7,50,0,9859,9859,1,10,13,6,0,0,1,0
1232709,2,2020,2020,8,3,7,54,31,225,62,0,1,1,-33.78907,151.193997,77,0,2,1,1,0,0,0,2,0,7,60,2,591,591,1,22,5,2,0,0,1,0
1232710,1,2020,2020,8,5,6,118,17,29,118,0,1,1,-30.758394,150.088164,51,1,0,1,0,0,0,0,2,0,7,100,2,9859,9859,8,10,40,1,0,0,0,1
1232712,2,2020,2020,8,1,8,26,31,174,34609,0,1,10,-33.893378,151.208326,69,0,2,1,2,0,3,4,0,0,0,50,0,6545,6545,4,0,27,2,0,0,1,0
1232714,4,2020,2020,8,4,5,6,10,74,34609,0,1,7,-34.050109,150.760817,12,0,2,1,1,0,0,0,2,0,0,50,0,1850,985,5,16,40,1,0,1,0,0
1232717,4,2020,2020,7,4,4,475,10,42,268,0,1,1,-33.880758,150.819975,41,0,2,0,0,0,3,4,2,0,7,80,2,3775,3775,0,8,12,2,0,1,0,0
1232718,2,2020,2020,6,1,7,76,31,131,60,0,1,10,-36.068775,146.930467,0,2,1,1,0,0,3,4,2,2,6,50,1,5929,5929,1,0,13,2,0,0,1,1
1232720,4,2020,2020,8,0,2,11,31,115,34609,0,1,10,-34.033737,151.071198,68,0,2,1,2,0,0,0,0,2,9,50,0,2040,2040,9,34,28,2,0,1,0,0
1232725,2,2020,2020,6,1,5,46,31,273,34609,0,1,1,-34.422158,150.898803,80,0,2,1,3,0,0,0,2,0,7,50,0,1981,1981,4,10,5,2,0,0,1,0
1232727,2,2020,2020,7,3,5,4,10,463,34609,0,1,9,-30.303172,153.138025,19,2,1,1,1,0,0,0,2,0,15,50,0,14295,14295,3,5,5,2,0,0,1,0
1232729,2,2020,2020,8,6,8,61,27,19,70,0,1,1,-33.663681,150.948784,71,0,2,0,3,0,0,0,2,0,7,70,1,3775,3775,0,5,13,3,0,0,1,0
1232733,2,2020,2020,7,1,8,2126,17,26,2149,0,1,2,-33.704954,150.584649,8,2,2,1,1,0,0,0,2,0,7,80,2,1383,1383,1,5,36,2,0,0,1,0
1232734,4,2020,2020,0,5,3,361,32,111,65,0,1,1,-33.695841,150.869741,7,0,2,0,1,0,0,0,2,0,7,50,1,3775,3775,0,5,0,2,0,1,0,1
1232735,2,2020,2020,0,5,0,16,27,13,118,0,1,1,-29.439897,150.621185,51,1,0,0,0,0,0,0,0,0,7,100,1,1957,4009,8,9,40,1,0,0,1,0
1232736,1,2020,2020,8,0,9,17,27,70,34609,0,1,1,-34.034865,151.085068,68,0,2,1,2,0,0,0,0,0,9,50,0,1220,1220,9,5,28,2,0,0,0,1
1232737,4,2020,2020,7,3,2,265,17,23,193,0,1,1,-35.316779,147.085805,51,1,0,0,0,0,0,0,0,0,7,100,2,4552,5151,8,5,40,1,0,1,0,0
1232739,2,2020,2020,7,2,4,2126,17,33,2149,0,1,10,-33.718751,150.441573,8,2,2,1,1,0,0,0,2,2,7,70,2,14295,14295,3,0,13,2,0,0,1,0
1232741,4,2020,2020,7,6,5,3371,17,18,3342,0,1,9,-33.006173,151.685023,37,0,2,0,1,0,0,0,2,2,7,80,2,2852,2852,4,5,5,2,0,1,0,1
1232742,4,2020,2020,8,0,7,3,23,253,34609,0,1,1,-33.970847,151.108421,25,0,2,1,1,0,2,6,2,0,7,50,0,1945,1945,5,16,40,4,0,1,0,0
1232744,4,2020,2020,8,6,5,1,2,28,34609,0,1,2,-34.557682,150.842519,62,0,2,0,1,0,0,0,2,0,7,50,0,1981,1981,4,5,27,2,0,1,0,0
1232745,1,2020,2020,8,4,7,387,27,115,331,0,1,9,-33.959974,151.071333,25,0,2,1,1,0,3,4,2,0,0,60,2,2852,2852,4,5,5,3,0,0,0,1
1232746,4,2020,2020,0,0,7,63,27,103,34609,0,1,1,-34.289916,148.309011,30,2,1,1,0,0,0,0,2,0,7,80,0,9859,9859,8,0,40,1,0,1,0,0
1232749,4,2020,2020,7,2,2,6,31,130,34609,1,0,1,-34.452062,150.841796,80,0,2,1,2,0,0,0,0,0,7,50,0,4026,4026,8,5,40,1,0,1,0,0
1232751,4,2020,2020,8,6,6,84,27,147,415,1,0,9,-33.758638,151.137932,36,0,2,1,1,0,0,0,2,0,7,70,2,5929,5929,1,5,5,2,0,1,0,0
1232752,2,2020,2020,8,5,9,485,27,134,769,0,1,2,-33.665576,150.898593,7,0,2,0,2,0,0,0,0,0,7,80,2,14295,14295,3,5,5,5,0,0,3,0
1232753,1,2020,2020,8,6,5,234,27,112,217,0,1,7,-33.696068,151.030356,31,0,2,0,1,0,3,0,2,0,7,60,2,1850,1463,5,16,40,1,0,0,0,1
1232755,2,2020,2020,8,5,9,2209,17,77,2205,0,1,2,-33.921337,151.165219,32,0,2,1,2,0,0,0,0,2,9,60,2,5929,5929,1,10,5,2,0,0,2,1
1232757,4,2020,2020,0,2,6,5,27,1,10,0,1,1,-36.737056,149.770479,5,1,0,1,0,0,0,0,2,0,7,100,1,9859,9859,8,0,40,1,0,1,0,0
1232759,1,2020,2020,6,0,3,50,36,4,7,0,1,1,-36.170084,148.045224,66,1,0,0,0,0,0,1,1,0,7,100,1,4552,5151,8,10,40,1,0,0,0,1
1232764,1,2020,2020,8,2,6,866,17,98,793,1,0,2,-33.740349,151.060269,31,0,2,1,3,0,0,0,2,0,7,70,2,1391,1391,1,5,5,3,0,0,0,1
1232766,2,2020,2020,6,1,3,5,31,33,34609,0,1,9,-34.065214,150.729778,12,0,2,1,3,0,0,0,2,0,7,50,0,14295,14295,3,5,5,2,0,0,1,0
1232770,1,2020,2020,8,6,8,3371,17,225,3342,0,1,10,-33.796129,151.1781,77,0,2,0,3,0,0,0,2,2,7,60,2,14295,14295,3,5,5,2,0,0,0,1
1232771,2,2020,2020,0,0,7,1104,14,104,962,0,1,3,-33.833332,151.024205,54,0,2,1,0,0,0,0,2,0,7,90,2,9859,9859,8,10,40,2,0,0,1,0
1232773,2,2020,2020,8,4,7,27,27,119,96,0,1,9,-33.866688,151.165787,32,0,2,1,3,0,3,0,2,3,7,50,2,14295,14295,3,0,0,3,0,0,1,0
1232774,4,2020,2020,8,3,8,2209,17,23,2205,0,1,9,-34.616177,150.837079,62,0,2,1,2,0,0,0,3,0,7,80,2,5929,5929,1,5,36,2,0,1,1,0
1232779,4,2020,2020,8,3,9,5,27,8,34609,0,1,1,-33.386077,149.549015,3,2,1,0,3,0,0,0,3,0,7,60,0,4552,5151,8,5,40,1,0,1,0,0
1232780,2,2020,2020,7,1,6,6,31,224,34609,0,1,7,-33.833707,151.239696,45,0,2,1,1,0,0,0,2,0,0,50,0,2040,2040,9,5,28,2,0,0,1,0
1232784,2,2020,2020,6,6,7,21,10,89,34609,0,1,1,-28.214904,153.532928,72,2,1,1,1,0,0,0,2,0,7,50,0,591,591,1,22,5,2,0,0,1,0
1232795,4,2020,2020,8,1,8,78,27,7,74,0,1,9,-33.860165,151.130918,14,0,2,1,2,0,0,0,0,0,7,50,1,2040,2040,9,5,28,2,0,1,0,0
1232796,2,2020,2020,0,5,7,6,10,10,6,0,1,9,-35.689033,150.220524,23,2,1,1,1,0,0,0,2,0,0,80,1,14295,14295,3,5,13,2,0,0,1,0
1232797,2,2020,2020,6,6,5,171,27,37,369,0,1,1,-33.865954,150.69744,55,0,2,0,0,0,0,0,2,0,7,40,2,14295,14295,3,0,5,2,0,0,1,0
1232799,2,2020,2020,8,6,3,220,27,92,222,0,1,2,-33.757451,150.954912,71,0,2,1,1,0,0,0,2,0,7,80,2,14295,14295,3,10,36,4,0,0,1,0
1232806,2,2020,2020,3,0,8,8,31,215,34609,0,1,9,-35.105704,147.36965,75,2,1,1,3,0,0,0,2,2,7,50,0,14295,14295,3,10,5,2,0,0,1,1
1232807,4,2020,2020,8,2,6,916,17,25,917,0,1,1,-30.866808,151.203661,70,1,0,1,0,0,0,0,2,0,7,100,2,9859,9859,8,5,40,1,0,1,0,0
1232808,4,2020,2020,0,2,5,59,10,89,34609,0,1,0,-33.90464,151.232937,59,0,2,1,0,0,0,0,2,0,7,30,0,121,121,9,22,28,2,0,1,0,0
1232809,1,2020,2020,8,5,6,29,1,64,52,0,1,10,-33.710957,150.742999,55,0,2,1,0,0,0,0,2,0,15,60,1,6545,6545,4,0,5,2,0,0,0,1
1232812,1,2020,2020,8,0,10,23,10,87,23,0,1,7,-33.923077,150.962097,41,0,2,1,2,0,0,0,0,0,0,60,1,1945,1945,5,16,40,1,0,0,0,1
1232813,2,2020,2020,0,2,10,1,27,48,34609,0,1,9,-33.929641,147.208244,51,2,1,1,2,0,0,0,0,0,7,50,0,9859,9859,1,0,13,2,0,0,1,0
1232815,2,2020,2020,6,1,8,98,27,89,382,0,1,7,-33.641791,150.78571,55,0,2,1,3,0,0,0,3,0,0,80,2,623,623,3,5,19,2,0,0,1,0
1232818,1,2020,2020,0,5,4,26,27,7,34609,0,1,1,-34.91031,148.948015,82,1,0,1,0,0,0,0,2,0,7,100,0,9859,9859,8,29,40,1,0,0,0,1
1232823,2,2020,2020,6,0,5,485,27,187,769,0,1,9,-33.787461,150.995126,54,0,2,1,3,0,0,0,2,0,7,60,2,14295,14295,3,8,5,2,0,0,1,0
1232825,2,2020,2020,6,4,9,127,27,59,103,0,1,10,-32.889695,151.72635,48,0,2,1,3,0,0,0,3,2,7,60,1,6545,6545,4,5,5,2,0,0,1,0
1232828,2,2020,2020,0,6,4,8,10,130,34609,0,1,1,-34.451103,150.829656,80,0,2,1,3,0,0,0,2,0,7,50,0,941,941,1,0,5,3,0,0,1,0
1232829,2,2020,2020,6,1,7,4,1,168,34609,0,1,10,-33.699247,150.820609,7,0,2,1,3,0,0,0,2,0,7,50,0,9859,9859,8,5,40,2,0,0,1,0
1232831,4,2020,2020,8,3,8,55,27,110,9,0,1,1,-33.741366,151.047762,31,0,2,1,2,0,0,0,0,0,7,60,1,591,591,1,22,12,2,0,1,0,0
1232832,2,2020,2020,0,6,0,296,27,460,293,0,1,9,-33.839824,150.999401,21,0,2,1,3,0,3,4,0,2,8,70,2,5929,5929,1,5,5,2,0,0,1,1
1232833,1,2020,2020,8,4,7,48,31,139,605,1,2,2,-33.828967,151.209497,49,0,2,1,3,0,3,0,2,0,7,40,2,14295,14295,3,0,5,3,0,0,0,2
1232835,2,2020,2020,8,2,5,30,31,252,9,0,1,10,-33.883302,151.213101,69,0,2,1,1,0,0,0,2,2,9,40,1,1383,1383,1,5,5,2,0,0,1,0
1232836,4,2020,2020,0,0,6,916,17,12,917,0,1,1,-31.117647,150.965771,70,2,1,0,0,0,0,0,2,0,7,80,2,1850,1463,5,16,40,1,0,1,0,0
1232837,1,2020,2020,8,2,9,2261,17,140,2252,0,1,9,-33.904458,151.002594,15,0,2,1,3,0,0,0,0,3,7,70,2,217,217,1,5,5,2,0,0,0,1
1232838,1,2020,2020,7,4,3,2209,17,88,2205,1,0,9,-33.986334,151.112435,25,0,2,1,3,0,0,0,2,0,7,70,2,14295,14295,3,10,13,2,0,0,0,1
1232840,2,2020,2020,0,0,9,40,27,73,34609,0,1,9,-35.15011,147.371314,75,2,1,1,0,0,3,4,0,0,15,60,0,2852,2852,4,5,0,2,0,0,1,0
1232843,2,2020,2020,7,2,6,2,31,228,34609,0,1,1,-34.747145,149.709331,26,2,1,1,1,0,0,0,2,0,7,50,0,1945,1945,5,22,40,1,0,0,1,0
1232845,2,2020,2020,8,4,5,1,31,39,34609,0,1,10,-31.062732,152.823075,34,2,1,1,1,0,3,4,2,0,0,50,0,6545,6545,4,5,5,2,0,0,2,0
1232846,2,2020,2020,8,0,9,14,7,7,34609,0,1,1,-33.241059,151.453505,16,2,2,1,0,0,3,3,0,0,7,50,0,2040,2040,9,33,28,2,0,0,1,0
1232849,2,2020,2020,8,6,5,72,18,93,34609,0,1,9,-33.404683,149.600879,3,2,1,1,3,0,0,0,2,0,7,50,0,5929,5929,1,5,13,3,0,0,1,0
1232850,2,2020,2020,0,4,6,10,27,106,34609,0,1,1,-33.889522,151.182077,69,0,2,1,1,0,3,4,2,0,9,50,0,14295,14295,3,22,36,2,0,0,1,0
1232853,2,2020,2020,0,0,8,13,27,2,13,0,1,1,-29.369867,153.36366,18,1,0,1,0,0,0,0,3,0,7,100,1,9859,9859,8,5,40,1,0,0,1,0
1232854,4,2020,2020,0,1,5,15,31,53,34609,0,1,1,-30.64718,152.992231,47,2,1,1,1,0,0,0,2,0,7,50,0,1945,1945,5,16,40,1,0,1,0,0
1232855,4,2020,2020,8,0,8,23,10,15,47,0,1,2,-32.897371,151.698913,48,0,2,0,2,0,3,4,0,0,7,60,2,3775,3775,0,5,13,2,0,2,0,0
1232856,2,2020,2020,0,4,1,63,10,201,34609,0,1,1,-34.867225,150.597201,63,2,1,0,2,0,1,5,0,0,7,50,0,2585,4009,1,5,36,2,0,0,1,0
1232859,2,2020,2020,8,0,1,40,31,219,262,0,1,10,-32.907454,151.665139,48,0,2,1,2,0,0,0,0,2,7,60,2,4026,4026,8,10,40,1,0,0,1,0
1232864,4,2020,2020,0,3,10,4,27,2,34609,0,1,1,-33.057476,150.152642,40,2,1,0,0,2,0,0,0,0,7,60,0,418,714,5,10,40,1,0,1,0,0
1232866,1,2020,2020,7,4,10,5,27,21,34609,0,1,7,-33.874431,151.236164,81,0,2,1,3,0,3,4,2,0,9,50,0,515,515,1,5,0,2,0,0,0,1
1232879,4,2020,2020,0,5,9,293,31,112,369,0,1,10,-33.614066,150.813146,29,2,2,1,2,0,0,0,0,0,7,60,2,9859,9859,8,0,40,1,0,1,0,0
1232881,2,2020,2020,8,0,6,46,27,323,34609,0,1,9,-33.769751,150.992143,71,0,2,0,0,0,3,3,2,0,15,50,0,1850,777,5,15,40,1,0,0,1,0
1232882,4,2020,2020,8,1,7,177,31,174,208,0,1,7,-33.860584,150.927826,24,0,2,1,1,0,3,3,2,0,0,60,1,1259,985,8,5,40,1,0,1,0,0
1232884,2,2020,2020,8,0,6,8,31,215,34609,0,1,9,-35.105986,147.369788,75,2,1,1,2,0,0,0,2,0,9,50,0,14295,14295,3,0,5,2,0,0,1,0
1232891,4,2020,2020,8,6,3,109,27,204,105,1,0,10,-33.895041,150.941925,24,0,2,1,0,0,0,0,2,2,9,60,2,2040,2040,9,5,28,2,0,1,0,0
1232898,2,2020,2020,8,6,4,2126,17,223,2149,0,1,10,-33.805033,150.927543,7,0,2,1,1,0,0,0,2,2,7,80,2,3775,3775,0,5,36,2,0,0,1,0
1232902,1,2020,2020,6,1,5,43,22,237,34609,0,1,9,-33.872688,150.955841,24,0,2,1,1,0,0,0,2,0,0,40,0,6545,6545,4,5,22,2,0,0,0,2
1232904,2,2020,2020,8,0,7,916,17,32,917,0,1,9,-30.224407,151.671961,1,2,1,1,1,0,0,0,2,0,7,50,2,9859,9859,8,5,40,1,0,0,1,1
1232906,1,2020,2020,8,3,6,283,27,145,702,1,0,10,-33.92291,151.06837,15,0,2,1,3,0,0,0,2,2,7,60,2,5929,5929,1,5,5,2,0,0,0,2
1232907,4,2020,2020,7,5,1,57,27,9,143,0,1,1,-34.552773,149.569345,74,2,1,0,0,0,0,0,0,0,7,60,2,2585,4009,8,0,40,1,0,1,0,0
1232908,2,2020,2020,0,3,6,82,31,179,369,1,0,7,-33.754285,150.712782,55,0,2,1,1,0,0,0,2,2,7,70,2,14295,14295,3,5,5,2,0,0,1,0
1232910,2,2020,2020,7,1,4,67,27,147,78,0,1,1,-33.862922,151.134119,14,0,2,1,0,0,0,0,2,0,7,50,2,1945,1945,5,16,40,1,0,0,1,0
1232915,2,2020,2020,6,5,4,19,27,137,49,0,1,1,-33.902406,150.896983,24,0,2,1,3,0,3,4,2,0,7,50,1,4026,4026,8,5,40,1,0,0,1,0
1232916,2,2020,2020,8,4,0,296,27,41,293,1,0,9,-33.86708,150.988034,24,0,2,1,3,0,0,0,0,2,7,70,2,5929,5929,1,0,19,2,0,0,2,0
1232917,2,2020,2020,8,5,6,135,17,93,136,0,1,10,-36.076473,146.936459,0,2,1,1,3,0,0,0,2,0,0,60,2,6545,6545,4,5,0,2,0,0,1,0
1232918,2,2020,2020,8,2,5,1,31,32,34609,0,1,1,-33.86498,150.978182,24,0,2,1,3,0,0,0,2,0,7,50,0,1981,1981,4,5,12,2,0,0,1,0
1232919,2,2020,2020,8,4,11,485,27,187,769,0,1,9,-33.791692,150.997886,54,0,2,1,3,0,3,4,0,2,7,60,2,5929,5929,1,5,5,2,0,0,1,0
1232920,2,2020,2020,8,2,6,67,27,76,34609,0,1,1,-33.911492,150.864845,41,0,2,1,3,0,0,0,2,0,7,50,0,1391,1391,1,0,0,3,0,0,1,1
1232923,1,2020,2020,7,6,5,47,31,246,8,0,1,1,-33.911405,151.197348,69,0,2,1,3,0,3,4,2,0,7,50,1,14295,14295,3,5,36,2,0,0,0,1
1232924,1,2020,2020,6,1,5,40,27,122,45,1,0,7,-33.418781,151.342209,16,2,2,1,3,0,0,0,2,0,0,60,1,6545,6545,4,5,5,2,0,0,0,1
1232927,1,2020,2020,8,0,6,500,27,198,799,0,1,9,-33.917272,151.106724,15,0,2,1,3,0,3,4,2,0,7,60,2,515,515,1,5,5,2,0,0,0,1
1232930,2,2020,2020,8,5,8,12,27,74,12,0,1,10,-34.438402,150.865244,80,0,2,1,3,0,0,0,3,0,15,50,2,6545,6545,4,5,12,2,0,0,1,0
1232931,1,2020,2020,8,5,8,478,17,89,480,0,1,9,-33.389353,151.473209,16,2,2,1,3,0,3,4,2,2,7,60,2,14295,14295,3,5,5,3,0,0,0,1
1232932,4,2020,2020,8,3,5,157,17,9,158,0,1,1,-33.869082,146.460759,51,1,0,0,0,0,0,0,2,0,7,100,2,782,957,5,16,40,1,0,1,0,0
1232934,4,2020,2020,8,2,4,38,27,8,35,0,1,1,-34.627355,150.774857,35,2,1,0,0,0,0,0,2,0,7,80,1,2585,4009,8,16,40,1,0,1,0,0
1232935,2,2020,2020,6,5,10,48,27,57,34609,0,1,1,-34.568879,150.813104,62,0,2,1,2,0,0,0,0,0,7,50,0,4026,4026,8,10,40,1,0,0,1,0
1232939,1,2020,2020,8,3,0,53,31,67,125,0,1,10,-33.883709,151.006729,15,0,2,1,2,0,0,0,0,2,7,60,1,5929,5929,1,10,5,2,0,0,0,1
1232940,1,2020,2020,8,0,5,133,31,139,51,0,1,9,-33.884457,151.142079,32,0,2,1,1,0,3,0,2,2,7,50,1,2852,2852,4,5,0,2,0,0,0,1
1232943,4,2020,2020,8,5,8,205,27,45,415,0,1,2,-33.700955,151.212022,50,0,2,1,1,0,0,0,2,0,7,80,2,14295,14295,3,5,19,3,0,1,0,0
1232945,1,2020,2020,8,5,8,171,31,108,34609,0,1,9,-33.817405,151.186331,77,0,2,1,2,0,0,0,2,0,7,50,0,926,926,4,21,5,2,0,0,0,1
1232946,4,2020,2020,0,1,10,5,31,100,34609,0,1,4,-33.810627,151.174386,38,0,2,0,2,0,0,0,0,0,7,50,0,2585,4009,8,10,40,1,0,1,0,0
1232947,4,2020,2020,8,2,6,15,27,3,34609,0,1,1,-29.889952,150.903784,33,1,0,0,0,0,0,0,2,0,7,100,0,1089,1089,7,16,40,1,0,1,0,0
1232950,1,2020,2020,8,0,3,2261,17,34,2252,0,1,2,-34.800867,149.610835,26,1,0,1,2,0,0,0,2,0,7,110,2,4026,4026,8,10,40,1,0,0,0,1
1232951,1,2020,2020,3,3,8,63,27,224,605,0,1,9,-33.814146,151.243916,45,0,2,0,1,0,0,0,2,0,7,60,2,14295,14295,3,10,0,3,0,0,0,1
1232954,1,2020,2020,6,5,6,17,31,33,34609,0,1,1,-34.726866,150.828936,35,2,1,1,1,0,0,0,2,0,7,60,0,3775,3775,0,0,5,2,0,0,0,1
1232956,2,2020,2020,8,4,4,2,1,95,34609,0,1,9,-33.737774,150.846143,7,0,2,1,0,0,0,0,2,0,7,50,0,2852,2852,4,5,27,2,0,0,1,0
1232961,2,2020,2020,8,4,11,5,31,80,34609,0,1,1,-33.751533,150.649468,55,0,2,1,2,0,0,0,0,0,7,50,0,9859,9859,1,5,5,2,0,0,1,0
1232963,2,2020,2020,8,6,3,100,27,323,100,0,1,2,-33.805377,150.851863,7,0,2,1,1,0,0,0,2,0,7,70,2,14295,14295,3,5,5,2,0,0,1,0
1232968,2,2020,2020,8,0,2,31,23,139,187,0,1,2,-33.873887,151.136328,32,0,2,1,2,0,3,4,1,0,7,60,2,4026,4026,8,5,40,2,0,0,1,0
1232971,4,2020,2020,8,5,7,15,27,6,34609,0,1,9,-31.025611,150.964007,70,2,1,0,0,0,0,0,2,0,7,80,0,782,957,5,29,40,1,0,1,0,0
1232972,4,2020,2020,8,3,4,1,27,21,34609,0,1,1,-32.646014,151.834652,51,1,0,1,0,2,0,0,2,0,7,100,0,1945,1945,5,16,40,1,0,1,0,0
1232985,2,2020,2020,7,4,4,346,17,8,332,0,1,1,-28.862438,153.084551,60,1,0,0,0,0,0,0,2,0,7,100,2,1669,1669,3,5,13,2,0,0,1,0
1232986,4,2020,2020,8,2,10,171,27,89,369,0,1,9,-33.670301,150.752982,55,0,2,1,2,0,3,4,0,0,0,80,2,2852,2852,4,5,19,2,0,1,0,0
1232987,4,2020,2020,6,1,0,54,27,32,49,0,1,1,-32.943791,151.722953,48,0,2,0,0,0,0,0,0,0,7,60,1,4552,5151,8,5,40,1,0,1,1,0
1232990,1,2020,2020,8,1,5,3,27,102,34609,0,1,9,-33.943417,151.201556,4,0,2,1,0,0,0,0,2,0,7,50,0,9859,9859,8,22,40,1,0,0,0,1
1232992,4,2020,2020,8,0,5,109,27,100,105,1,0,10,-33.894052,150.89743,24,0,2,1,1,0,0,0,2,2,7,60,2,1220,1220,9,5,28,2,0,1,0,0
1232996,1,2020,2020,8,2,6,283,27,145,702,0,1,2,-33.929022,151.072153,15,0,2,1,3,0,0,0,2,0,7,60,2,14295,14295,3,0,5,3,0,0,0,1
1232997,2,2020,2020,8,0,11,12,27,58,34609,0,1,1,-32.986911,151.670393,37,0,2,1,2,0,3,4,0,0,7,60,0,4026,4026,8,30,40,1,0,0,1,0
1232998,1,2020,2020,6,6,10,63,17,11,63,0,1,1,-34.090563,142.021682,51,1,0,1,2,0,0,0,0,0,7,100,2,9859,9859,8,10,40,1,0,0,0,1
1233001,2,2020,2020,7,3,1,1,25,113,34609,0,1,1,-29.486551,149.839649,51,2,1,0,2,0,0,0,0,0,7,50,0,1957,4009,8,10,40,4,0,0,3,0
1233002,2,2020,2020,8,2,6,98,27,609,220,0,1,9,-33.775282,150.918702,7,0,2,1,1,0,0,0,2,0,7,60,2,5929,5929,1,5,19,2,0,0,1,1
1233004,2,2020,2020,8,1,4,37,27,19,52,0,1,9,-33.893226,150.616497,79,2,2,1,1,0,0,0,2,0,7,60,1,1669,1669,3,9,13,2,0,0,1,0
1233005,4,2020,2020,8,1,0,6,27,6,34609,0,1,1,-33.578537,149.404299,51,1,0,0,0,0,0,0,0,0,7,100,0,1957,4009,8,5,40,1,0,1,2,0
1233010,1,2020,2020,8,6,3,330,27,108,605,1,0,10,-33.761876,151.271749,50,0,2,1,1,0,0,0,2,2,7,60,2,2852,2852,4,16,0,2,0,0,0,1
1233013,4,2020,2020,8,0,9,348,17,105,232,0,1,9,-32.574849,149.565992,44,2,1,1,0,0,0,0,3,0,7,80,2,5929,5929,1,5,5,2,0,1,1,0