Crash ID,Degree of crash - detailed,Reporting year,Year of crash,Month of crash,Day of week of crash,Two-hour intervals,Street of crash,Street type,Town,Route no.,School zone location,School zone active,Type of location,Latitude,Longitude,LGA,Urbanisation,Conurbation 1,Alignment,Street lighting,Road surface,Surface condition,Weather,Natural lighting,Signals operation,Other traffic control,Speed limit,Road classification,RUM - code,DCA - code,First impact type,Key TU type,Other TU type,No. of traffic units involved,No. killed,No. seriously injured,No. moderately injured,No. minor-other injured
1233016,2,2020,2020,6,5,9,105,27,174,109,0,1,1,-33.862251,150.920277,24,0,2,1,3,0,0,0,0,0,7,60,1,84,84,6,16,5,2,0,0,1,0
1233017,2,2020,2020,7,6,3,515,14,109,518,0,1,3,-33.957829,150.876314,41,0,2,1,0,0,0,0,1,0,7,100,2,14295,14295,3,10,12,3,0,0,1,0
1233020,2,2020,2020,8,2,8,54,27,20,563,0,1,2,-34.028003,151.006644,68,0,2,1,3,0,0,0,2,0,7,80,2,1282,1282,1,10,5,2,0,0,1,0
1233021,1,2020,2020,8,2,5,117,1,210,121,0,1,10,-34.040124,151.100992,68,0,2,1,3,0,0,0,2,2,7,60,1,5929,5929,1,5,0,2,0,0,0,1
1233030,1,2020,2020,8,2,7,2126,17,26,2149,0,1,2,-33.702506,150.576852,8,2,2,0,3,0,3,4,2,0,7,80,2,1957,4009,8,5,40,1,0,0,0,1
1233034,2,2020,2020,8,6,7,36,31,61,34609,0,1,9,-35.520664,144.95478,51,2,1,1,3,0,0,0,2,0,7,50,0,83,83,1,10,5,2,0,0,1,0
1233037,4,2020,2020,8,5,6,10,27,87,34609,0,1,1,-34.479824,150.41508,78,2,1,1,0,0,0,0,2,0,14,20,0,41,41,8,9,40,2,0,1,1,0
1233040,2,2020,2020,6,1,3,17,2,74,34609,0,1,10,-34.024459,150.770642,12,0,2,1,3,0,0,0,2,2,7,60,0,1391,1391,1,5,5,3,0,0,1,0
1233041,4,2020,2020,8,1,4,8,27,3,34609,0,1,1,-37.003548,149.806104,5,1,0,1,3,0,3,3,2,0,7,100,0,9859,9859,8,9,40,1,0,1,1,0
1233042,1,2020,2020,8,5,8,515,14,197,518,0,1,3,-33.94016,151.087218,15,0,2,1,3,0,0,0,3,0,7,80,2,14295,14295,3,5,5,4,0,0,0,1
1233043,2,2020,2020,6,5,7,4,27,10,34609,0,1,1,-36.384726,149.872959,5,2,1,0,3,0,0,0,2,0,7,80,0,1669,1669,3,10,0,2,0,0,1,0
1233044,1,2020,2020,8,5,5,71,17,61,71,0,1,10,-35.528519,144.959014,51,2,1,1,3,0,0,0,2,0,0,50,2,6545,6545,4,5,0,2,0,0,0,1
1233046,1,2020,2020,3,1,6,330,27,147,605,0,1,9,-33.754446,151.284316,50,0,2,1,3,0,0,0,2,3,9,60,2,387,387,1,16,5,2,0,0,0,1
1233047,2,2020,2020,8,2,8,1,1,7,34609,0,1,1,-33.838904,151.224662,49,0,2,0,1,0,0,0,2,0,7,50,0,3775,3775,0,5,27,2,0,0,1,0
1233049,2,2020,2020,8,1,8,98,27,128,382,0,1,9,-33.633106,150.778528,29,2,2,1,3,0,0,0,3,0,15,80,2,2852,2852,4,5,10,2,0,0,1,0
1233050,1,2020,2020,8,1,4,41,27,58,80,0,1,1,-32.974201,151.674989,37,0,2,1,3,0,0,0,2,0,7,60,1,14295,14295,3,10,5,2,0,0,0,1
1233053,2,2020,2020,8,1,6,65,10,132,148,0,1,1,-34.115228,151.068896,68,0,2,0,3,0,0,0,2,0,7,60,2,1850,1463,5,16,40,1,0,0,1,0
1233064,4,2020,2020,0,2,8,112,17,12,112,0,1,1,-31.520353,144.513407,51,1,0,1,0,0,0,0,2,0,7,110,2,83,83,5,9,40,1,0,2,0,0
1233066,2,2020,2020,8,5,8,17,27,202,34609,0,1,10,-33.952194,151.03183,15,0,2,1,2,0,3,4,0,2,9,40,0,1282,1282,1,5,27,2,0,0,1,0
1233071,2,2020,2020,6,5,8,2209,17,61,2205,0,1,9,-35.91018,150.080804,23,2,1,1,3,0,0,0,2,0,7,50,2,5929,5929,1,0,5,2,0,0,1,0
1233074,1,2020,2020,6,6,4,117,1,49,35,0,1,9,-33.965718,151.146845,4,0,2,1,3,0,3,0,2,0,7,60,2,5929,5929,1,5,5,2,0,0,0,1
1233077,2,2020,2020,8,6,7,2209,17,18,2205,0,1,1,-35.70127,150.181141,23,2,1,1,3,0,0,0,2,0,7,60,2,14295,14295,3,9,36,2,0,0,1,1
1233078,1,2020,2020,8,2,3,2,31,108,34609,0,1,9,-33.815711,151.186725,77,0,2,1,3,0,0,0,2,0,7,50,0,28,28,1,0,0,2,0,0,0,1
1233083,2,2020,2020,7,0,7,866,17,278,793,0,1,2,-33.777363,151.051847,54,0,2,1,2,0,0,0,2,0,9,60,2,14295,14295,3,9,13,3,0,0,1,0
1233091,4,2020,2020,3,4,0,2126,17,75,2149,0,1,2,-33.871565,151.123444,32,0,2,0,2,0,3,2,0,0,7,60,2,1957,4009,8,16,40,1,0,1,0,0
1233096,4,2020,2020,8,2,6,10,27,56,174,0,1,9,-32.986972,151.518272,37,0,2,1,1,0,0,0,2,0,15,80,2,2852,2852,4,30,19,2,0,1,0,0
1233102,1,2020,2020,8,3,4,2,6,96,34609,0,1,1,-33.436865,151.402062,16,2,2,1,1,0,0,3,2,0,7,50,0,1282,1282,1,16,5,2,0,0,0,1
1233104,2,2020,2020,8,6,5,31,27,50,34609,0,1,9,-33.513804,151.336174,16,2,2,1,1,0,0,0,2,0,9,40,0,2040,2040,9,0,28,2,0,0,1,0
1233108,4,2020,2020,8,0,8,3371,17,147,3342,0,1,9,-33.739562,151.136385,36,0,2,1,1,0,0,0,2,2,7,60,2,5929,5929,1,10,5,2,0,1,1,0
1233113,2,2020,2020,0,1,4,57,36,17,769,0,1,1,-33.60872,150.798476,29,2,2,0,1,0,0,3,2,0,7,70,2,3775,3775,0,16,12,2,0,0,2,0
1233115,4,2020,2020,8,1,9,158,27,13,207,1,0,9,-33.87114,151.25128,81,0,2,1,2,0,0,0,0,2,7,60,2,2852,2852,4,0,5,2,0,1,0,1
1233118,2,2020,2020,0,0,7,11,31,273,34609,0,1,10,-34.427728,150.897016,80,0,2,1,1,0,0,0,2,2,7,60,0,6545,6545,4,5,13,2,0,0,1,0
1233119,2,2020,2020,0,1,5,18,27,134,34609,0,1,10,-33.958172,150.799469,12,0,2,1,3,0,0,0,2,0,0,70,0,3775,3775,0,5,13,2,0,0,1,0
1233120,1,2020,2020,7,3,5,13,31,188,34609,1,0,1,-33.940761,151.101311,4,0,2,1,3,0,0,0,2,0,7,50,0,14295,14295,3,34,5,2,0,0,0,1
1233121,1,2020,2020,0,4,7,2126,17,445,2149,0,1,1,-33.855575,151.062843,21,0,2,1,0,0,0,3,2,0,7,60,2,14295,14295,3,10,5,4,0,0,0,1
1233122,4,2020,2020,8,2,11,330,1,53,34609,0,1,1,-33.737915,151.297194,50,0,2,0,2,0,0,0,0,0,7,50,0,4552,5151,1,0,0,2,0,1,0,0
1233123,2,2020,2020,7,0,11,46,1,6,34609,0,1,1,-33.91712,151.045531,15,0,2,1,2,0,0,0,0,0,7,50,0,9859,9859,1,5,10,2,0,0,3,0
1233124,4,2020,2020,8,4,11,23,27,179,66,0,1,1,-31.880665,152.433893,43,2,1,1,2,0,3,4,0,0,7,70,1,945,945,5,16,40,1,0,1,0,0
1233143,4,2020,2019,5,1,5,83,27,3,72,0,1,1,-28.788595,153.321156,39,1,0,0,0,0,0,0,2,0,7,100,2,3775,3775,0,8,12,2,0,1,0,0
1233146,2,2020,2020,8,4,6,283,27,197,702,1,0,9,-33.94941,151.080924,25,0,2,1,3,0,0,0,2,2,7,60,2,2852,2852,4,5,13,2,0,0,1,0
1233150,2,2020,2020,6,2,7,35,27,1,24,0,1,1,-32.969504,149.442599,3,1,0,1,3,0,0,0,2,0,7,100,1,9859,9859,8,16,40,1,0,0,1,0
1233152,1,2020,2020,8,4,10,2126,17,55,2149,0,1,9,-33.795601,150.8894,7,0,2,1,3,0,0,0,0,0,0,80,2,9859,9859,1,33,0,2,0,0,0,1
1233153,1,2020,2020,8,0,6,112,27,20,769,0,1,9,-33.546771,150.66099,29,2,2,1,3,0,0,3,2,0,0,80,2,1669,1669,3,5,13,2,0,0,0,1
1233156,1,2020,2020,6,1,6,2209,17,77,2205,0,1,2,-33.926838,151.158683,32,0,2,1,3,0,0,3,2,0,7,60,2,14295,14295,3,5,36,2,0,0,0,1
1233157,2,2020,2020,8,2,5,1,34,10,34609,0,1,1,-34.632579,150.413586,78,2,1,0,3,2,3,4,2,0,7,50,0,1850,1463,5,16,40,1,0,0,1,0
1233160,4,2020,2020,8,2,6,2261,17,35,2252,0,1,2,-34.873268,148.259699,20,1,0,1,3,0,0,0,2,0,7,110,2,1945,1945,5,10,40,1,0,1,0,0
1233163,2,2020,2020,6,2,3,308,14,323,311,0,1,3,-33.76864,150.965863,71,0,2,1,3,0,0,0,2,0,7,100,2,1383,1383,1,0,36,2,0,0,1,0
1233165,1,2020,2019,2,6,6,20,31,523,34609,0,1,10,-33.92247,150.922474,41,0,2,1,3,0,0,0,2,3,7,40,0,1282,1282,1,0,5,2,0,0,0,1
1233166,2,2020,2020,0,4,6,68,31,73,331,0,1,9,-34.180279,150.6082,79,2,2,1,1,0,3,4,2,0,7,60,1,5929,5929,1,10,0,2,0,0,1,1
1233167,2,2020,2020,7,3,11,8,1,25,34609,0,1,2,-32.938846,151.766912,48,0,2,1,2,0,3,4,0,0,7,50,0,9859,9859,1,5,5,4,0,0,1,0
1233168,2,2020,2020,7,0,9,42,10,78,39,0,1,7,-34.483351,150.84603,80,0,2,1,2,0,0,0,0,0,0,70,1,2852,2852,4,5,19,2,0,0,2,0
1233169,4,2020,2020,7,2,3,17,10,63,34609,0,1,9,-33.239093,151.500714,16,2,2,0,1,0,0,0,2,1,7,50,0,2585,4009,8,16,40,1,0,1,0,0
1233172,1,2020,2020,7,4,7,56,27,323,38,1,2,1,-33.762651,150.982756,71,0,2,1,2,0,0,0,2,0,7,40,1,14295,14295,3,10,36,4,0,0,0,1
1233173,4,2020,2020,7,5,6,35,31,253,34609,0,1,1,-33.95902,151.099784,25,0,2,1,1,0,0,3,2,0,7,50,0,28,28,1,10,5,2,0,1,0,0
1233176,1,2020,2020,8,1,3,18,27,58,34609,0,1,7,-34.047769,151.129998,68,0,2,1,3,0,0,0,2,0,0,50,0,301,301,4,30,0,2,0,0,0,1
1233177,2,2020,2020,7,6,7,45,31,171,34609,1,2,7,-33.81249,150.968319,21,0,2,1,0,0,0,0,2,0,0,40,0,2040,2040,9,5,28,2,0,0,1,0
1233178,4,2020,2020,7,0,4,24,27,246,99,0,1,10,-33.906192,151.191823,69,0,2,1,1,0,0,0,2,2,7,60,2,5929,5929,1,5,19,2,0,1,0,0
1233180,4,2020,2020,7,2,0,132,31,45,126,0,1,10,-33.888108,151.195167,69,0,2,1,2,0,3,3,0,2,7,50,2,591,591,1,22,12,2,0,1,0,0
1233181,4,2020,2020,8,6,8,26,27,92,25,0,1,9,-33.983663,150.843186,13,0,2,0,0,0,0,0,3,0,7,70,1,4552,5151,8,5,40,1,0,1,0,0
1233182,4,2020,2020,7,6,10,15,31,30,34609,0,1,1,-30.092295,145.933699,51,2,1,1,2,0,0,0,0,0,7,50,0,368,368,9,5,28,2,0,1,0,0
1233186,2,2020,2020,8,5,5,57,31,532,30,0,1,9,-33.877615,151.204064,69,0,2,1,1,0,0,0,2,3,7,40,1,1945,1945,5,16,40,1,0,0,1,0
1233188,2,2020,2020,7,4,9,23,27,164,34609,0,1,1,-33.729092,150.876255,7,0,2,1,2,0,0,0,0,0,7,50,0,4026,4026,8,10,40,1,0,0,1,0
1233189,4,2020,2020,7,3,3,8,27,121,34609,0,1,1,-28.192817,153.528442,72,2,1,0,1,0,0,0,2,0,7,50,0,1192,1192,1,0,27,3,0,2,0,0
1233190,2,2020,2020,0,4,6,6,27,433,34609,0,1,9,-33.30368,149.117807,52,2,1,1,2,0,0,0,2,0,7,50,0,2852,2852,4,5,5,2,0,0,1,0
1233191,4,2020,2020,0,1,7,6,27,3,34609,0,1,1,-37.036368,149.830489,5,2,1,0,0,0,0,0,2,0,7,60,0,4552,5151,8,5,40,1,0,1,0,0
1233193,2,2020,2020,8,6,6,1104,14,94,962,0,1,3,-33.791093,150.809781,55,0,2,1,1,0,0,0,2,0,7,100,2,14295,14295,3,10,5,4,0,0,1,2
1233194,1,2020,2020,0,3,6,7,27,8,10,0,1,1,-36.853449,149.352268,65,1,0,0,0,0,0,0,2,0,7,100,1,83,83,5,16,40,1,0,0,0,1
1233195,2,2020,2020,7,0,11,1,10,47,34609,0,1,1,-28.842415,153.444572,2,2,1,0,2,0,0,0,0,0,7,50,0,2585,4009,1,5,5,3,0,0,1,0
1233196,2,2020,2020,8,3,6,5,1,133,34609,0,1,7,-33.923973,151.011322,15,0,2,1,1,0,0,0,2,0,0,50,0,6545,6545,4,30,0,2,0,0,1,0
1233197,2,2020,2020,0,6,4,2126,17,179,2149,0,1,9,-33.757897,150.716351,55,0,2,1,1,0,0,3,2,0,7,60,2,190,190,1,5,13,3,0,0,1,0
1233198,2,2020,2020,0,5,2,25,31,87,100,0,1,9,-34.478867,150.41786,78,2,1,1,2,0,0,0,0,0,9,50,2,340,340,9,5,28,2,0,0,1,0
1233200,4,2020,2020,7,1,9,17,27,24,34609,0,1,9,-34.014874,150.709383,12,0,2,1,1,0,0,0,3,0,15,80,0,2852,2852,4,30,0,2,0,1,0,0
1233201,4,2020,2020,8,2,11,1,27,6,34609,0,1,1,-32.110166,146.058662,51,1,0,1,0,2,0,0,0,0,7,100,0,945,945,5,10,40,1,0,1,0,1
1233202,2,2020,2020,8,6,6,1104,14,283,962,0,1,3,-33.826916,151.006446,54,0,2,0,0,0,0,0,2,0,7,90,2,2585,4009,8,5,40,1,0,0,1,0
1233203,2,2020,2020,8,4,11,16,10,67,22,0,1,9,-33.390151,151.345962,16,2,2,0,1,0,3,4,0,0,7,50,1,121,121,9,5,28,2,0,0,2,0
1233205,1,2020,2020,7,5,9,52,27,438,103,0,1,10,-33.863758,151.018539,21,0,2,1,3,0,0,0,3,3,7,50,1,14295,14295,3,30,0,2,0,0,0,1
1233206,1,2020,2020,0,6,6,1104,14,438,962,0,1,3,-33.843006,151.043122,21,0,2,0,3,0,0,0,2,0,7,70,2,14295,14295,3,10,0,2,0,0,0,1
1233207,2,2020,2020,0,3,8,205,27,147,415,0,1,9,-33.744262,151.150053,36,0,2,0,3,0,0,0,2,0,7,70,2,1282,1282,1,22,5,2,0,0,1,0
1233208,1,2020,2020,8,6,9,132,31,174,126,0,1,2,-33.888678,151.199057,69,0,2,1,3,0,0,0,0,0,7,50,2,1282,1282,1,0,5,2,0,0,0,1
1233209,1,2020,2020,6,6,3,105,17,251,136,0,1,9,-33.771161,150.938746,7,0,2,1,3,0,3,4,2,3,8,60,2,14295,14295,3,10,5,2,0,0,0,1
1233210,1,2020,2020,6,3,6,26,31,65,19,0,1,7,-33.805271,150.960954,21,0,2,1,3,0,0,0,2,0,0,50,1,301,301,4,5,5,2,0,0,0,1
1233211,1,2020,2020,6,2,6,234,27,4,217,0,1,1,-33.516446,151.028999,31,0,2,0,3,0,0,0,2,0,7,90,2,14295,14295,3,5,5,2,0,0,0,1
1233213,4,2020,2020,8,1,11,2261,17,44,2252,0,1,2,-35.214792,147.808849,75,1,0,0,3,0,0,0,0,0,7,110,2,2585,4009,8,9,40,1,0,1,0,0
1233215,2,2020,2020,8,1,7,169,27,137,54,0,1,2,-34.023172,151.054474,68,0,2,0,3,0,0,3,2,0,7,60,2,101,101,8,0,12,2,0,0,1,0
1233220,1,2020,2020,8,2,8,2261,17,523,2252,0,1,2,-33.926758,150.917882,41,0,2,1,3,0,0,0,3,0,7,60,2,14295,14295,3,0,13,2,0,0,0,1
1233224,1,2020,2020,8,2,9,25,27,82,61,0,1,10,-33.828195,151.199677,49,0,2,1,2,0,0,0,0,0,0,50,1,5929,5929,1,0,27,2,0,0,0,1
1233227,2,2020,2020,7,4,8,16,31,44,27,0,1,10,-33.970114,151.115741,25,0,2,0,1,0,0,0,2,2,7,60,1,3775,3775,0,5,5,3,0,0,2,0
1233231,4,2020,2020,6,5,3,308,14,83,311,0,1,3,-33.880842,150.840642,41,0,2,1,0,0,0,3,1,0,7,100,2,14295,14295,3,33,36,4,0,1,1,0
1233234,2,2020,2020,8,1,4,44,31,90,34609,0,1,7,-32.928054,151.746051,48,0,2,1,1,0,0,0,2,0,0,50,0,1945,1945,5,16,40,1,0,0,1,0
1233235,4,2020,2020,6,6,7,69,31,443,563,0,1,9,-33.90442,151.039124,15,0,2,1,1,0,0,0,2,2,7,70,2,2852,2852,4,0,19,2,0,1,0,0
1233240,4,2020,2020,8,4,9,230,27,173,284,0,1,2,-33.790268,151.129303,61,0,2,1,2,0,0,0,0,0,7,70,2,14295,14295,3,16,5,2,0,1,0,0
1233241,2,2020,2020,6,5,4,28,27,23,28,0,1,1,-32.78117,151.858898,57,1,0,1,0,0,3,4,2,0,7,100,1,941,941,1,5,5,2,0,0,2,0
1233242,2,2020,2020,8,6,7,24,1,133,34609,1,2,1,-33.924068,151.003344,15,0,2,1,0,0,0,0,2,0,7,40,0,2040,2040,9,5,28,2,0,0,1,0
1233243,1,2020,2020,6,6,8,100,27,109,799,1,0,10,-33.905784,151.135797,32,0,2,1,2,0,3,3,0,0,7,60,2,3775,3775,0,5,5,2,0,0,0,2
1233244,4,2020,2020,3,1,6,71,36,10,61,0,1,1,-34.450976,146.0322,28,1,0,1,0,0,0,0,2,0,7,100,2,83,83,5,30,40,1,0,1,0,0
1233245,1,2020,2020,8,0,4,225,17,76,180,0,1,1,-34.550267,150.371031,78,2,1,0,1,0,0,0,2,0,7,50,2,2040,2040,9,5,28,2,0,0,0,1
1233247,2,2020,2020,7,3,3,196,10,24,168,0,1,9,-33.963964,150.990919,15,0,2,1,1,0,0,0,2,0,0,60,2,9859,9859,1,5,13,3,0,0,1,0
1233250,2,2020,2020,8,2,7,74,23,30,260,0,1,9,-33.985686,151.147383,4,0,2,1,1,0,0,0,2,2,8,60,2,1945,1945,5,16,40,1,0,0,1,0
1233251,1,2020,2019,10,5,6,23,10,9,174,0,1,1,-32.947945,151.478993,17,1,0,0,0,0,0,0,2,0,7,90,2,1957,4009,8,9,40,1,0,0,0,1
1233254,2,2020,2020,0,5,3,157,17,9,158,0,1,10,-33.875286,146.628281,51,2,1,0,1,0,0,0,1,0,0,50,2,6545,6545,4,10,13,2,0,0,1,0
1233258,4,2020,2020,7,5,7,2126,17,107,2149,0,1,10,-33.883939,151.202184,69,0,2,1,0,0,3,4,2,3,7,50,2,312,312,2,15,40,1,0,1,0,0
1233260,1,2020,2019,5,3,7,56,31,57,34609,0,1,10,-32.823867,151.483502,17,2,1,1,0,0,0,0,2,0,0,50,0,6545,6545,4,5,5,2,0,0,0,1
1233261,2,2020,2020,6,2,0,829,27,125,770,1,0,9,-33.833771,151.127201,61,0,2,1,2,0,0,0,0,0,9,60,2,2585,777,8,5,40,1,0,0,1,1
1233262,2,2020,2020,4,3,4,2126,17,125,2149,0,1,1,-33.861469,151.076612,67,0,2,1,1,0,0,3,2,0,7,60,2,1981,1981,4,5,5,2,0,0,1,0
1233264,2,2020,2020,8,3,2,283,27,253,702,0,1,1,-33.968324,151.096781,25,0,2,1,2,0,0,0,0,0,7,60,2,9859,9859,8,5,40,1,0,0,1,0
1233265,2,2020,2020,8,0,8,21,27,148,60,0,1,10,-36.048682,146.938314,0,2,1,1,1,0,0,0,2,2,7,60,1,6545,6545,4,5,0,3,0,0,1,0
1233266,4,2020,2020,7,6,8,5,27,11,34609,0,1,1,-32.701321,151.619166,42,2,1,1,0,0,0,0,2,0,7,80,0,1220,1220,9,5,28,2,0,1,1,0
1233267,2,2020,2020,6,5,0,916,17,105,917,0,1,9,-32.715121,151.525129,42,2,1,0,2,0,0,0,0,2,7,60,2,4552,5151,8,5,40,1,0,0,1,0
1233268,4,2020,2020,8,6,10,478,17,50,480,0,1,9,-33.23631,151.561186,16,2,2,1,0,0,0,0,0,0,7,50,2,1220,1220,9,0,28,2,0,1,0,0
1233270,4,2020,2020,8,0,6,3371,17,117,3342,0,1,7,-28.185919,153.525273,72,2,1,1,1,0,0,0,2,0,15,60,2,623,623,3,30,19,2,0,1,0,0
1233274,2,2020,2020,6,1,4,829,27,309,770,1,2,9,-33.819373,151.116732,61,0,2,1,0,0,0,0,2,3,9,40,2,623,623,3,0,5,2,0,0,1,0
1233278,2,2020,2020,6,0,6,3,31,278,34609,0,1,1,-33.776809,151.053311,54,0,2,1,3,0,0,0,2,0,7,50,0,1981,1981,4,5,36,2,0,0,1,0
1233279,4,2020,2020,7,4,8,2261,17,26,2252,0,1,3,-34.102522,150.763403,13,0,2,1,0,0,0,0,2,0,7,110,2,1192,1192,1,8,2,2,0,1,0,0
1233281,4,2020,2020,7,3,10,80,31,204,187,0,1,1,-33.87732,151.128894,32,0,2,1,2,0,0,0,3,0,7,60,2,9859,9859,8,0,40,1,0,1,0,0
1233282,2,2020,2020,4,5,8,16,27,75,34609,0,1,7,-32.769596,151.649391,42,2,1,1,1,0,0,0,2,0,0,50,0,6545,6545,4,10,13,2,0,0,1,1
1233285,1,2020,2020,8,4,7,103,27,438,563,0,1,2,-33.844179,151.042783,21,0,2,1,1,0,0,0,2,0,7,70,2,1282,1282,1,5,5,2,0,0,0,1
1233287,2,2020,2020,8,2,5,8,1,43,34609,0,1,7,-33.216128,151.524631,16,2,2,1,1,0,0,0,2,0,0,50,0,6545,6545,4,22,0,2,0,0,1,0
1233288,4,2020,2020,0,2,6,193,27,59,34609,0,1,1,-34.334959,150.923354,80,0,2,1,0,0,0,0,2,0,7,50,0,1981,1981,4,0,19,2,0,1,0,0
1233292,1,2020,2020,8,3,2,132,31,174,126,1,0,10,-33.889674,151.206082,69,0,2,1,2,0,0,0,0,2,9,50,2,1220,1220,9,0,26,2,0,0,0,1
1233297,1,2020,2020,8,4,4,47,27,12,34609,0,1,7,-32.925827,151.785186,48,0,2,1,1,0,0,0,2,0,7,40,0,1089,1089,7,22,40,1,0,0,0,1
1233298,4,2020,2020,6,6,9,57,31,532,30,0,1,10,-33.878112,151.207535,69,0,2,1,2,0,0,0,0,2,7,40,1,1383,1383,1,5,19,2,0,1,0,0
1233299,2,2020,2020,8,6,7,3,31,175,34609,0,1,7,-33.76598,151.087226,54,0,2,1,1,0,0,0,2,0,0,50,0,6545,6545,4,0,27,2,0,0,1,0
1233300,4,2020,2020,0,2,6,95,27,42,605,0,1,2,-33.661634,151.316217,50,0,2,1,1,0,0,0,2,0,7,60,2,1945,1945,5,22,40,1,0,1,0,0
1233301,2,2020,2020,6,1,1,36,27,37,83,0,1,1,-29.435651,153.226868,18,1,0,1,2,0,0,0,0,0,7,100,1,9859,9859,8,5,40,1,0,0,1,0
1233303,2,2020,2020,8,0,6,2261,17,201,2252,0,1,3,-33.985948,150.856979,13,0,2,1,1,0,3,3,2,0,7,110,2,1391,1391,1,29,5,2,0,0,1,0
1233309,4,2020,2020,8,5,4,19,31,316,34609,0,1,7,-31.430872,152.917138,56,2,1,1,1,0,0,0,2,0,0,50,0,6545,6545,4,5,27,2,0,1,0,0
1233312,2,2020,2020,8,6,7,49,31,83,34609,1,2,1,-29.724876,152.930755,18,2,1,0,0,0,0,0,2,0,7,40,0,14295,14295,3,21,5,2,0,0,1,0
1233313,2,2020,2020,8,2,5,330,23,293,112,0,1,2,-33.942665,151.239792,59,0,2,1,0,0,3,3,2,0,7,60,2,387,387,1,22,13,2,0,0,1,0
1233314,1,2020,2020,8,5,6,143,31,90,181,0,1,10,-33.889322,151.233014,81,0,2,0,1,0,0,0,2,2,7,50,2,1192,1192,1,5,27,2,0,0,0,1
1233315,2,2020,2020,8,3,5,4,27,7,5,0,1,1,-35.663024,147.929849,66,1,0,0,0,0,0,0,2,0,7,100,1,782,957,5,16,40,1,0,0,1,0
1233317,1,2020,2020,8,5,11,2,10,44,34609,0,1,1,-33.211449,151.497766,16,2,2,1,2,0,0,0,0,0,7,50,0,9859,9859,8,5,40,1,0,0,0,1
1233320,4,2020,2020,8,5,7,232,36,39,331,0,1,10,-34.029955,150.752863,12,0,2,1,1,0,0,0,2,2,8,80,2,14295,14295,3,9,5,2,0,1,0,0
1233324,2,2020,2020,8,4,7,11,27,104,34,0,1,10,-33.83856,151.213839,49,0,2,1,1,0,3,3,2,0,0,50,1,1850,985,5,15,40,1,0,0,1,0
1233325,2,2020,2020,0,3,7,3,31,98,34609,0,1,1,-30.992249,150.23616,51,2,1,1,3,0,0,6,2,0,7,50,0,4026,4026,8,0,40,1,0,0,1,0
1233329,2,2020,2020,8,0,8,330,23,54,233,0,1,10,-33.901509,151.222561,69,0,2,1,2,0,0,0,3,2,7,60,2,14295,14295,3,10,13,2,0,0,1,0
1233330,2,2020,2020,8,0,6,2,31,68,19,0,1,1,-34.845949,148.914615,82,2,1,1,3,0,0,0,2,0,7,50,1,941,941,1,10,13,2,0,0,1,0
1233332,2,2020,2020,8,3,8,169,31,83,34609,0,1,10,-30.11842,153.192195,19,2,1,0,1,0,0,0,2,0,0,60,0,4552,985,8,5,40,1,0,0,1,0
1233333,4,2020,2020,8,1,5,84,27,60,32,0,1,1,-33.831755,151.141923,51,0,2,1,1,0,0,3,2,0,7,60,1,1282,1282,1,10,18,2,0,1,0,0
1233334,1,2020,2020,8,0,8,74,23,30,260,0,1,9,-33.985836,151.147361,4,0,2,1,3,0,0,0,0,2,7,60,2,5929,5929,1,0,5,2,0,0,0,1
1233335,2,2020,2020,8,4,6,9,31,39,34609,1,0,2,-33.761698,150.931497,7,0,2,1,3,0,0,0,2,0,7,50,0,4026,4026,8,5,40,1,0,0,1,0
1233339,2,2020,2020,8,6,9,6,27,52,34609,0,1,7,-33.706903,150.919454,7,0,2,1,2,0,0,0,0,0,0,50,0,6545,6545,4,5,13,2,0,0,1,0
1233343,1,2020,2020,8,4,6,31,27,50,34609,0,1,9,-33.513809,151.336228,16,2,2,1,1,0,0,0,2,0,9,50,0,2040,2040,9,5,28,2,0,0,0,1
1233351,2,2020,2020,8,3,11,2,27,21,34609,0,1,9,-33.61725,150.720466,29,2,2,0,0,0,0,0,0,0,7,80,0,4552,5151,8,5,40,1,0,0,1,0
1233353,2,2020,2020,0,1,3,330,23,6,233,0,1,9,-33.984829,151.235246,59,0,2,1,1,0,0,0,2,0,0,50,1,623,623,3,22,5,2,0,0,1,0
1233362,1,2020,2020,6,1,8,2,27,210,34609,0,1,7,-34.038558,151.097715,68,0,2,1,2,0,3,4,0,0,0,50,0,6545,6545,4,30,5,2,0,0,0,1
1233365,2,2020,2020,0,1,3,9,31,157,34609,0,1,1,-33.807643,151.012794,54,0,2,1,1,0,0,0,1,0,7,50,0,323,323,1,9,5,2,0,0,1,0
1233366,4,2020,2020,8,3,7,2,27,98,34609,0,1,9,-33.750682,151.078115,31,0,2,1,1,0,0,0,2,0,7,60,0,1850,985,5,16,40,1,0,1,0,0
1233373,4,2020,2020,8,4,7,11,27,309,34609,0,1,9,-33.811716,151.113284,61,0,2,1,0,0,0,0,2,0,0,50,0,2852,2852,4,5,19,2,0,1,0,0
1233375,4,2020,2020,0,3,4,9,10,11,29,0,1,1,-32.923417,151.678992,48,0,2,0,1,0,0,0,2,0,7,60,1,3775,3775,0,5,13,2,0,2,2,0
1233377,4,2020,2020,8,1,7,334,17,4,308,0,1,1,-31.445244,152.450827,56,1,0,0,0,0,0,0,2,0,7,100,2,4552,5151,8,0,40,1,0,3,1,0
1233380,4,2020,2020,8,3,9,34,31,111,34609,0,1,1,-33.917513,151.255041,59,0,2,1,2,0,0,0,0,0,7,50,0,1945,1945,5,22,40,1,0,1,0,0