Crash ID,Degree of crash - detailed,Reporting year,Year of crash,Month of crash,Day of week of crash,Two-hour intervals,Street of crash,Street type,Town,Route no.,School zone location,School zone active,Type of location,Latitude,Longitude,LGA,Urbanisation,Conurbation 1,Alignment,Street lighting,Road surface,Surface condition,Weather,Natural lighting,Signals operation,Other traffic control,Speed limit,Road classification,RUM - code,DCA - code,First impact type,Key TU type,Other TU type,No. of traffic units involved,No. killed,No. seriously injured,No. moderately injured,No. minor-other injured
1233383,2,2020,2020,8,4,6,11,1,609,136,0,1,2,-33.775772,150.920979,7,0,2,1,1,0,3,6,2,0,7,60,2,3775,3775,0,33,5,2,0,0,1,0
1233384,2,2020,2020,8,0,5,916,17,6,917,0,1,1,-29.688055,151.760912,51,1,0,1,0,0,0,0,2,0,7,100,2,945,945,5,10,40,1,0,0,1,0
1233392,2,2020,2020,8,1,6,478,17,22,480,0,1,10,-33.335384,151.503013,16,2,2,0,0,0,0,0,2,0,7,50,2,591,591,1,22,5,2,0,0,1,0
1233393,2,2020,2020,8,2,9,74,27,609,48,0,1,2,-33.77594,150.895816,7,0,2,1,2,0,0,0,0,0,7,60,1,190,190,1,5,13,2,0,0,1,0
1233398,2,2020,2020,6,5,7,3,18,169,34609,0,1,9,-33.592222,150.724118,29,2,2,1,3,0,0,0,2,0,15,60,0,2852,2852,4,30,13,2,0,0,1,0
1233401,1,2020,2020,6,0,9,132,31,174,126,0,1,10,-33.889952,151.207908,69,0,2,1,3,0,0,0,0,2,7,50,2,14295,14295,3,5,5,2,0,0,0,2
1233402,1,2020,2020,8,4,3,1104,14,323,962,0,1,3,-33.802033,150.885237,7,0,2,1,3,0,0,0,2,0,7,100,2,14295,14295,3,5,12,6,0,0,0,1
1233404,2,2020,2020,6,2,8,16,27,433,34609,0,1,10,-33.291448,149.091962,52,2,1,1,3,0,0,0,2,0,0,50,0,6545,6545,4,5,5,2,0,0,1,0
1233406,1,2020,2020,8,4,4,175,27,24,220,0,1,10,-33.728178,150.923534,7,0,2,0,3,0,0,0,2,2,7,70,2,14295,14295,3,0,5,2,0,0,0,1
1233407,1,2020,2020,8,4,7,97,31,363,92,0,1,0,-33.814528,150.997742,54,0,2,1,3,0,0,0,2,0,7,60,1,4026,4026,8,5,40,2,0,0,0,1
1233408,4,2020,2020,6,4,6,67,27,157,55,0,1,9,-34.014069,151.104685,68,0,2,0,3,0,0,0,2,2,9,70,2,2852,2852,4,10,10,2,0,1,0,0
1233409,1,2020,2020,6,4,7,17,2,74,34609,0,1,10,-34.024459,150.770642,12,0,2,1,3,0,0,0,2,2,7,60,0,14295,14295,3,5,5,2,0,0,0,1
1233414,1,2020,2020,8,3,6,12,31,24,34609,1,0,9,-33.965375,151.245976,59,0,2,1,3,0,0,0,2,0,7,50,0,14295,14295,3,5,5,2,0,0,0,1
1233424,2,2020,2020,6,4,9,1,27,32,34609,0,1,1,-32.194105,150.241766,73,1,0,1,3,2,0,0,0,0,7,100,0,9859,9859,8,0,40,1,0,0,1,0
1233427,2,2020,2020,8,5,9,109,27,460,106,1,0,9,-33.834939,150.981947,21,0,2,1,3,0,3,4,0,0,0,60,1,1669,1669,3,5,19,2,0,0,1,0
1233437,4,2020,2020,8,5,6,37,31,273,87,0,1,1,-34.433146,150.898283,80,0,2,1,1,0,0,0,2,0,7,60,2,387,387,1,22,5,2,0,1,0,0
1233438,4,2020,2020,8,5,4,3371,17,6,3342,0,1,1,-29.391589,153.239951,18,2,1,1,0,0,0,0,2,0,7,80,2,3775,3775,0,9,0,3,0,2,0,1
1233439,4,2020,2020,8,2,11,3371,17,85,3342,0,1,9,-33.733539,151.127998,36,0,2,0,2,0,0,0,0,2,7,60,2,3775,3775,0,5,36,2,0,1,0,0
1233441,2,2020,2020,8,1,7,866,17,94,793,1,2,10,-33.883563,150.923906,24,0,2,1,1,0,3,4,2,2,7,40,2,14295,14295,3,5,0,3,0,0,1,1
1233442,4,2020,2020,7,6,10,1,27,15,34609,0,1,1,-31.751006,150.894372,73,1,0,0,0,2,0,0,3,0,7,100,0,1850,1463,5,10,40,1,0,1,0,0
1233448,2,2020,2020,4,5,8,13,10,75,34609,0,1,9,-32.790666,151.636459,42,2,1,1,1,0,0,0,2,0,7,60,0,3775,3775,0,10,10,2,0,0,1,0
1233451,2,2020,2020,8,4,7,6,27,187,34609,1,2,1,-33.78647,150.991608,54,0,2,1,1,0,0,0,2,0,7,40,0,14295,14295,3,0,5,3,0,0,1,0
1233452,2,2020,2020,8,2,5,1,27,23,34609,0,1,1,-35.616071,150.215807,23,1,0,1,0,2,0,0,2,0,7,100,0,9859,9859,8,16,40,1,0,0,1,0
1233456,4,2020,2020,7,2,6,25,31,127,30,0,1,1,-33.888598,151.158882,32,0,2,1,0,0,0,0,2,0,7,60,1,1981,1981,4,5,19,2,0,1,1,0
1233458,1,2020,2020,8,5,5,59,27,19,53,0,1,7,-34.078583,150.783985,13,0,2,1,1,0,0,0,2,0,0,60,2,6545,6545,4,5,27,2,0,0,0,1
1233460,4,2020,2020,0,3,1,2126,17,136,2149,0,1,1,-33.860389,151.074016,67,0,2,1,2,0,0,0,0,0,7,60,2,14295,14295,3,5,5,2,0,1,3,0
1233462,4,2020,2020,6,5,3,9,27,72,34,0,1,9,-33.833421,151.228144,49,0,2,1,1,0,3,4,2,0,7,50,1,2040,2040,9,5,28,2,0,1,0,0
1233463,2,2020,2020,8,6,4,1,31,106,34609,0,1,9,-33.913628,151.083416,15,0,2,1,1,0,0,0,2,0,7,40,0,5929,5929,1,10,5,2,0,0,2,0
1233465,1,2020,2020,3,1,9,115,27,73,46,0,1,2,-34.190299,150.630501,79,2,2,0,0,0,3,4,0,0,7,80,2,418,714,5,0,40,1,0,0,0,1
1233469,4,2020,2020,8,4,10,193,27,438,34609,0,1,1,-33.859433,151.028348,21,0,2,1,2,0,3,4,0,0,7,60,0,9859,9859,1,5,41,3,0,1,0,0
1233471,1,2020,2020,6,2,8,19,27,29,34609,0,1,1,-32.879041,151.69635,48,0,2,1,1,0,0,0,3,0,7,50,0,3775,3775,0,16,13,2,0,0,0,1
1233472,2,2020,2020,8,5,7,512,27,42,34609,0,1,1,-34.039339,151.164024,68,0,2,0,0,0,0,0,2,0,7,50,0,1981,1981,4,22,13,2,0,0,1,0
1233474,2,2020,2020,8,0,7,191,17,562,189,0,1,7,-32.24142,148.622226,22,2,1,1,0,0,0,0,2,0,0,60,2,6545,6545,4,0,19,2,0,0,1,0
1233476,2,2020,2020,6,2,6,127,27,135,103,0,1,9,-32.904463,151.745717,48,0,2,1,1,0,0,0,2,2,7,60,1,14295,14295,3,5,5,3,0,0,1,0
1233478,2,2020,2020,8,5,8,103,36,2,157,0,1,1,-28.917614,153.011195,60,1,0,1,0,0,0,0,2,0,7,100,2,3775,3775,0,5,13,2,0,0,1,0
1233480,1,2020,2020,8,1,7,103,36,13,157,0,1,2,-28.621258,153.003849,51,2,1,1,1,0,0,0,2,0,7,50,2,2040,2040,9,33,28,2,0,0,0,1
1233481,2,2020,2020,7,2,8,1,27,17,34609,0,1,1,-31.951041,152.459138,43,2,1,0,1,2,0,0,2,0,7,50,0,1850,1463,5,16,40,1,0,0,1,0
1233482,4,2020,2020,8,4,3,110,27,113,48,0,1,2,-34.330543,150.877408,80,0,2,1,0,0,3,0,2,0,7,100,2,14295,14295,3,30,0,2,0,1,0,0
1233487,4,2020,2020,6,4,9,95,31,346,59,0,1,9,-33.869957,151.069229,67,0,2,1,2,0,0,0,0,0,15,50,1,6545,6545,4,5,12,2,0,2,2,0
1233489,1,2020,2020,8,4,3,3,31,38,34609,0,1,9,-33.940956,151.065292,15,0,2,1,1,0,0,0,2,0,7,50,0,6545,6545,4,0,5,2,0,0,0,1
1233492,2,2020,2020,0,5,11,3371,17,13,3342,0,1,1,-29.125719,153.324187,60,2,1,0,0,0,0,0,0,0,7,80,2,4552,5151,8,9,40,2,0,0,1,0
1233494,1,2020,2020,8,5,10,117,1,210,121,0,1,10,-34.038741,151.091338,68,0,2,1,2,0,0,0,0,2,9,60,1,6545,6545,4,5,36,3,0,0,0,3
1233497,4,2020,2020,8,6,4,90,31,123,165,0,1,10,-33.903932,151.214319,59,0,2,1,1,0,0,0,2,2,7,60,2,5929,5929,1,30,0,2,0,1,0,0
1233499,2,2020,2020,6,6,7,1,7,39,34609,0,1,1,-32.87701,151.657902,48,0,2,0,1,0,3,4,2,0,7,50,0,1957,4009,8,30,40,1,0,0,1,0
1233502,2,2020,2020,8,2,10,95,31,135,34609,1,0,1,-32.89519,151.745131,48,0,2,1,2,0,0,0,0,0,7,50,0,4026,4026,1,5,25,2,0,0,1,0
1233504,1,2020,2020,0,1,6,45,27,134,40,1,0,9,-33.674578,150.870716,7,0,2,1,0,0,0,0,2,0,7,50,2,312,312,2,8,40,1,0,0,0,1
1233508,2,2020,2020,8,5,11,119,31,173,34,0,1,2,-33.874229,151.21528,69,0,2,1,2,0,0,0,0,0,7,50,1,9859,9859,8,5,40,1,0,0,1,0
1233510,4,2020,2020,8,4,6,330,23,24,39,0,1,10,-33.972962,151.242932,59,0,2,0,0,0,0,0,2,0,15,60,1,623,623,3,22,5,2,0,1,0,0
1233512,2,2020,2020,8,3,11,55,27,38,117,0,1,2,-32.93739,151.689472,48,0,2,0,2,0,0,0,0,0,7,70,2,1957,4009,1,5,13,2,0,0,1,0
1233513,2,2020,2020,8,1,8,2126,17,438,2149,0,1,1,-33.836684,151.024736,21,0,2,1,1,0,0,0,2,0,7,60,2,14295,14295,3,5,0,5,0,0,1,0
1233517,2,2020,2020,8,3,0,9,31,67,34609,0,1,7,-33.890575,151.013214,15,0,2,1,0,0,0,0,0,0,0,50,0,5929,5929,1,10,5,2,0,0,1,0
1233518,2,2020,2020,8,5,10,2126,17,346,2149,0,1,9,-33.866997,151.09526,14,0,2,1,2,0,0,0,0,2,7,60,2,1109,787,1,30,5,3,0,0,2,0
1233521,2,2020,2020,8,2,5,1,31,47,34609,0,1,1,-33.779151,151.276887,50,0,2,1,1,0,0,0,2,0,7,50,0,3775,3775,0,5,27,2,0,0,1,0
1233523,2,2020,2020,8,4,2,39,22,65,34609,0,1,1,-33.394712,151.403242,16,2,2,0,0,0,0,0,1,0,7,60,0,3775,3775,0,0,5,2,0,0,1,0
1233524,2,2020,2020,8,2,9,103,27,62,256,0,1,2,-34.079415,150.808621,13,0,2,1,2,0,0,0,0,0,7,80,2,1282,1282,1,5,19,2,0,0,1,0
1233526,2,2020,2020,0,5,4,92,27,129,244,1,2,10,-33.895616,151.107284,15,0,2,1,1,0,0,0,2,0,7,40,2,5929,5929,1,5,5,2,0,0,1,0
1233527,4,2020,2020,8,2,5,485,27,50,769,0,1,9,-33.622876,150.837296,29,2,2,1,1,0,0,0,2,0,15,80,2,591,591,1,22,36,2,0,1,0,0
1233528,1,2020,2020,7,5,7,330,27,49,605,0,1,10,-33.718564,151.297722,50,0,2,1,1,0,0,0,2,2,7,60,2,14295,14295,3,21,5,2,0,0,0,1
1233531,1,2020,2020,8,4,7,230,27,197,284,0,1,9,-33.79266,151.13211,61,0,2,1,1,0,0,0,2,0,7,70,2,14295,14295,3,9,36,2,0,0,0,1
1233532,1,2020,2020,8,3,4,2,7,8,34609,0,1,9,-34.018118,150.804066,13,0,2,1,0,0,0,0,2,0,7,60,0,941,941,1,0,0,2,0,0,0,1
1233533,4,2020,2020,7,4,6,4,31,90,34609,0,1,1,-33.787896,150.950288,21,0,2,1,0,0,0,0,2,0,7,50,0,1220,1220,9,0,28,2,0,1,1,0
1233535,4,2020,2020,8,0,4,866,17,157,793,0,1,2,-33.791698,151.002026,54,0,2,0,1,0,3,3,2,0,7,70,2,1383,1383,1,5,5,3,0,1,0,0
1233541,2,2020,2020,6,2,6,1,27,5,34609,0,1,1,-32.522231,148.972973,22,1,0,0,0,0,0,0,2,0,7,100,0,273,957,5,10,40,1,0,0,1,0
1233542,2,2020,2020,8,6,6,293,27,14,172,0,1,9,-32.963717,151.653423,37,0,2,1,1,0,0,0,2,0,15,70,2,2852,2852,4,0,5,2,0,0,1,0
1233546,2,2020,2020,8,2,8,2126,17,106,2149,0,1,9,-33.884631,151.192992,69,0,2,1,2,0,0,0,0,2,9,50,2,2040,2040,9,22,28,2,0,0,1,1
1233551,2,2020,2020,8,5,8,74,27,609,163,0,1,2,-33.778495,150.912953,7,0,2,1,1,0,0,0,2,0,7,60,2,4026,4026,8,5,40,1,0,0,1,0
1233564,4,2020,2020,8,4,3,866,17,110,793,0,1,2,-33.756006,151.048284,71,0,2,1,1,0,0,0,2,0,7,70,2,1282,1282,1,0,35,3,0,1,0,0
1233566,4,2020,2020,8,5,4,11,10,134,181,0,1,2,-33.890498,151.251897,76,0,2,0,3,0,3,3,2,0,7,80,2,4552,5151,8,0,40,2,0,1,0,0
1233568,2,2020,2020,0,1,11,2126,17,26,2149,0,1,2,-33.702508,150.576884,8,2,2,0,2,0,3,4,0,0,7,80,2,1957,4009,8,5,40,1,0,0,1,0
1233569,1,2020,2020,8,2,5,123,23,47,34609,0,1,1,-33.775904,151.29332,50,0,2,1,0,0,0,0,2,0,7,50,0,1192,1192,1,22,13,2,0,0,0,1
1233570,2,2020,2020,8,4,3,39,27,284,563,0,1,9,-33.894863,151.038133,15,0,2,1,2,0,0,0,1,2,7,80,2,1220,1220,9,9,28,2,0,0,1,0
1233573,2,2020,2020,8,2,4,20,27,21,100,0,1,1,-33.612432,150.701046,29,2,2,0,0,0,0,0,2,0,7,60,2,3775,3775,0,0,0,2,0,0,1,1
1233575,1,2020,2020,6,0,0,3,27,1,34609,0,1,9,-29.114889,150.245524,51,1,0,0,3,2,0,0,0,0,7,100,0,4552,985,8,10,40,1,0,0,0,1
1233577,2,2020,2020,8,3,8,101,10,42,33,0,1,1,-34.024552,151.188675,68,0,2,0,2,0,0,0,0,0,7,80,1,1669,1669,3,10,13,2,0,0,1,0
1233579,2,2020,2020,7,0,11,1,27,7,34609,0,1,1,-33.869111,144.898319,51,1,0,0,0,2,0,0,0,0,7,100,0,782,957,5,10,40,1,0,0,1,0
1233581,2,2020,2020,8,2,6,1,31,73,34609,1,0,9,-33.710156,150.718487,55,0,2,0,1,0,0,0,2,0,7,50,0,782,957,5,23,40,1,0,0,1,0
1233583,4,2020,2020,8,4,4,16,7,148,34609,0,1,10,-36.041724,146.962461,0,2,1,1,1,0,0,0,2,0,15,50,0,6545,6545,4,0,12,2,0,2,1,0
1233586,2,2020,2020,6,6,4,5,27,155,34609,0,1,1,-33.068173,148.155345,53,1,0,0,3,0,0,6,2,0,7,100,0,1957,4009,8,5,40,1,0,0,1,0
1233588,2,2020,2020,8,5,8,23,27,7,47,0,1,1,-34.637504,150.701835,35,1,0,0,3,0,3,4,2,0,7,100,1,1259,5151,8,5,40,1,0,0,1,0
1233589,2,2020,2020,6,3,3,2,18,12,34609,0,1,1,-33.987213,151.237229,59,0,2,1,3,0,0,0,2,0,7,50,0,4026,4026,8,5,40,1,0,0,1,0
1233591,1,2020,2020,6,0,8,229,14,98,237,0,1,3,-33.757063,151.05975,54,0,2,0,3,0,0,0,2,0,7,100,2,1391,1391,1,0,5,2,0,0,0,1
1233592,2,2020,2020,6,5,4,36,1,126,34609,0,1,1,-33.918723,150.814377,41,0,2,1,3,0,3,0,2,0,7,60,0,14295,14295,3,5,5,3,0,0,1,1
1233599,1,2020,2020,8,2,7,195,27,54,186,0,1,2,-33.882607,150.865097,24,0,2,1,3,0,0,0,2,0,7,70,2,1383,1383,1,5,5,2,0,0,0,1
1233602,2,2020,2020,8,3,1,44,31,293,34609,0,1,10,-33.950926,151.240344,59,0,2,1,3,0,0,0,0,0,7,50,0,9859,9859,1,5,5,5,0,0,1,0
1233605,4,2020,2020,0,3,0,68,31,73,331,1,0,1,-34.193034,150.605882,79,2,2,1,1,0,0,0,0,0,7,60,1,9859,9859,8,5,40,1,0,1,0,0
1233607,4,2020,2020,7,1,5,42,27,33,56,0,1,1,-33.900529,151.24206,76,0,2,0,0,0,0,0,2,0,7,50,1,1850,1463,5,15,40,1,0,1,0,0
1233612,1,2020,2020,8,3,8,126,27,30,168,0,1,2,-34.05933,150.780761,12,0,2,0,3,0,0,0,2,0,7,80,2,14295,14295,3,5,13,2,0,0,0,1
1233617,2,2020,2020,8,0,7,293,31,128,369,0,1,1,-33.618209,150.808471,29,2,2,1,1,0,0,0,2,0,7,60,2,1383,1383,1,5,10,3,0,0,1,0
1233624,1,2020,2020,6,6,8,224,27,387,321,0,1,2,-33.938674,151.194781,4,0,2,1,3,0,3,4,3,0,7,60,2,14295,14295,3,10,5,2,0,0,0,1
1233626,1,2020,2020,8,0,8,293,31,532,55,0,1,9,-33.866553,151.212409,69,0,2,1,3,0,0,0,3,2,7,40,1,515,515,1,30,18,2,0,0,0,1
1233628,4,2020,2020,8,4,6,7,10,60,34609,0,1,1,-34.030553,150.731754,12,0,2,1,1,0,0,0,2,0,7,50,0,3775,3775,0,5,10,2,0,1,0,0
1233629,1,2020,2020,0,3,1,68,31,69,23,0,1,1,-28.554077,153.506713,10,2,1,1,2,0,0,0,0,0,7,50,1,4026,4026,8,34,40,1,0,0,0,1
1233631,2,2020,2020,8,0,6,83,31,90,34609,0,1,9,-33.887136,151.247977,81,0,2,1,0,0,0,0,2,0,7,50,0,1850,777,5,15,40,1,0,0,1,0
1233637,2,2020,2020,0,4,11,1,31,234,34609,0,1,9,-34.285332,146.046277,28,2,1,0,2,0,3,0,0,0,0,50,0,4552,985,8,5,40,1,0,0,1,0
1233638,4,2020,2020,6,1,3,77,27,11,58,0,1,1,-34.771032,150.564985,63,2,1,0,0,0,0,0,2,0,7,60,2,15,15,1,5,40,2,0,1,0,0
1233640,4,2020,2020,6,4,0,3371,17,35,3342,0,1,9,-29.944314,153.107357,18,1,0,1,0,0,0,0,0,0,7,100,2,9859,9859,8,5,40,1,0,1,0,0
1233645,4,2020,2020,6,4,4,54,27,646,30,0,1,1,-33.914691,151.038026,15,0,2,1,1,0,0,0,2,0,15,60,1,1981,1981,4,21,27,2,0,1,0,0
1233646,1,2020,2020,6,1,8,105,17,223,136,0,1,9,-33.806649,150.916503,7,0,2,0,1,0,0,3,2,2,7,60,2,2852,2852,4,5,36,2,0,0,0,1
1233647,2,2020,2020,8,2,4,2,31,119,34609,0,1,10,-32.762466,151.754164,57,2,1,1,0,0,0,0,2,0,0,50,0,1259,985,8,5,40,1,0,0,1,0
1233651,4,2020,2020,8,0,3,2261,17,33,2252,0,1,3,-34.028326,150.823852,13,0,2,1,1,0,0,0,1,0,7,110,2,14295,14295,3,33,40,4,0,1,0,0
1233656,4,2020,2020,0,0,10,1052,14,87,928,0,1,3,-33.018103,151.485649,37,0,2,1,0,0,0,0,0,0,8,80,2,14295,14295,3,5,10,2,0,1,0,0
1233658,4,2020,2020,8,5,7,344,27,609,163,1,2,9,-33.758663,150.89577,7,0,2,1,1,0,0,3,2,2,7,40,2,926,926,4,16,5,2,0,1,0,0
1233660,4,2020,2020,8,1,4,44,31,91,34609,0,1,10,-32.798456,151.653655,48,0,2,1,1,0,0,0,2,0,15,50,0,1850,985,5,16,40,1,0,1,0,0
1233661,4,2020,2020,7,2,8,23,10,3,62,0,1,1,-32.882886,151.472417,17,1,0,1,0,0,0,0,2,0,7,90,2,3775,3775,0,10,0,2,0,2,0,0
1233667,4,2020,2020,0,6,6,3,27,2,34609,0,1,1,-33.195188,149.362224,3,1,0,0,0,2,0,0,2,0,7,100,0,1850,1463,5,16,40,1,0,1,0,0
1233689,2,2020,2020,0,1,4,56,1,61,34609,1,2,9,-29.739618,151.723097,51,2,1,1,0,0,0,0,2,0,7,40,0,3775,3775,0,5,5,2,0,0,1,0
1233690,4,2020,2020,7,0,3,191,36,131,34609,0,1,9,-36.081118,146.910362,0,2,1,1,1,0,0,0,2,0,7,50,0,9859,9859,1,0,22,2,0,2,0,0
1233694,1,2020,2020,7,1,8,24,24,85,34609,0,1,2,-33.793573,150.698079,55,0,2,0,3,0,0,0,2,0,7,50,0,1850,1463,5,16,40,1,0,0,0,1
1233695,4,2020,2020,0,6,5,55,36,155,95,0,1,1,-33.097104,148.051803,53,1,0,0,0,0,3,4,2,0,7,100,2,782,957,5,30,40,1,0,1,0,0
1233696,2,2020,2020,8,1,8,3371,17,63,3342,0,1,1,-33.263315,151.479677,16,2,2,1,3,0,3,4,2,0,7,70,2,1945,1945,5,16,40,1,0,0,1,0
1233707,2,2020,2020,6,0,8,22,22,39,22,0,1,2,-33.848732,151.213129,49,0,2,1,3,0,0,0,3,0,7,80,2,1391,1391,1,5,5,2,0,0,1,1
1233708,4,2020,2020,0,3,4,2209,17,49,2205,0,1,2,-33.931018,151.15496,4,0,2,1,1,0,0,0,2,0,7,60,2,1945,1945,5,22,40,1,0,1,0,0
1233709,4,2020,2020,7,0,6,17,27,13,34609,0,1,1,-33.518408,150.762356,29,2,2,1,0,0,0,0,2,0,7,80,0,4026,4026,8,30,40,1,0,1,0,0
1233710,1,2020,2020,7,2,6,296,27,187,293,0,1,2,-33.883831,150.97632,24,0,2,1,3,0,0,0,2,0,7,60,2,14295,14295,3,0,5,2,0,0,0,1
1233711,4,2020,2020,7,4,7,26,31,363,34609,0,1,7,-33.760498,150.70075,55,0,2,1,1,0,0,0,2,0,0,50,0,6545,6545,4,9,19,2,0,1,0,0
1233713,1,2020,2020,8,4,5,162,31,65,34609,0,1,9,-32.927889,151.780257,48,0,2,1,3,0,0,0,2,0,0,40,0,775,775,4,10,5,2,0,0,0,1
1233714,2,2020,2020,6,1,7,17,27,323,25,0,1,10,-33.81209,150.837991,7,0,2,0,3,0,0,0,2,2,7,50,2,5929,5929,1,5,13,2,0,0,1,0
1233718,2,2020,2020,6,1,8,123,36,10,90,0,1,9,-31.905687,151.878802,43,1,0,0,3,0,0,0,3,0,7,90,1,1259,5151,8,5,40,1,0,0,1,0
1233719,1,2020,2020,6,4,8,829,27,165,770,0,1,2,-33.848166,151.15256,14,0,2,1,3,0,0,0,2,0,7,60,2,14295,14295,3,0,5,2,0,0,0,1
1233721,1,2020,2020,0,2,4,12,27,121,15,0,1,2,-33.788452,151.280481,50,0,2,1,3,0,0,0,2,0,15,50,1,14295,14295,3,19,5,2,0,0,0,1
1233723,1,2020,2020,8,3,6,2,27,41,34609,0,1,1,-31.443539,152.785837,56,1,0,1,0,0,0,0,2,0,7,100,0,1089,1089,7,22,40,1,0,0,0,1
1233724,2,2020,2020,0,4,6,283,27,197,702,1,0,10,-33.947129,151.07889,25,0,2,1,1,0,0,0,2,2,9,60,2,591,591,1,22,13,2,0,0,1,0
1233725,2,2020,2020,8,4,7,171,27,52,369,0,1,9,-33.651296,150.775363,55,0,2,1,0,0,0,0,2,0,0,80,2,2852,2852,4,9,25,2,0,0,3,1
1233726,4,2020,2020,0,4,0,2209,17,144,2205,0,1,2,-34.062993,151.021404,68,0,2,1,2,0,3,0,0,0,7,70,2,9859,9859,8,5,40,1,0,1,0,0
1233728,2,2020,2020,8,3,0,24,31,91,160,0,1,7,-33.999799,150.881627,13,0,2,0,2,0,0,0,0,0,0,60,2,2585,4009,8,5,40,1,0,0,1,0
1233733,4,2020,2020,7,6,4,2126,17,204,2149,0,1,9,-33.8847,151.135495,32,0,2,1,0,0,0,0,2,3,7,60,2,1192,1192,1,33,19,2,0,1,0,0
1233735,2,2020,2020,6,5,8,33,31,532,34609,0,1,1,-33.863903,151.206038,69,0,2,1,2,0,0,0,0,0,7,40,0,1981,1981,4,0,19,2,0,0,1,0
1233738,1,2020,2020,7,1,4,829,27,165,770,0,1,2,-33.858246,151.161566,14,0,2,1,1,0,3,0,2,0,7,60,2,14295,14295,3,0,5,5,0,0,0,1
1233741,4,2020,2020,0,0,8,89,27,182,228,1,0,10,-32.839025,151.343178,17,2,1,1,0,0,0,0,2,0,7,60,1,5929,5929,1,9,19,2,0,1,0,0
1233742,4,2020,2020,0,2,8,1,31,66,34609,0,1,9,-33.712411,150.928606,7,0,2,1,1,0,0,0,2,0,7,50,0,14295,14295,3,5,5,2,0,1,0,0
1233743,1,2020,2020,0,5,6,475,31,174,41,0,1,10,-33.896138,151.206696,69,0,2,1,1,0,0,0,2,2,7,50,1,6545,6545,4,0,5,2,0,0,0,1
1233745,2,2020,2020,6,0,3,481,17,96,483,0,1,9,-33.37702,148.014358,51,2,1,1,0,0,0,0,2,0,0,50,2,6545,6545,4,10,13,2,0,0,1,0
1233746,2,2020,2020,7,4,8,1,27,18,34609,0,1,9,-32.750896,151.563401,42,2,1,1,0,0,0,0,2,0,0,50,0,9859,9859,8,5,40,1,0,0,1,0
1233747,4,2020,2020,7,0,5,330,23,293,112,0,1,2,-33.942476,151.239312,59,0,2,1,1,0,0,0,2,0,7,60,2,1220,1220,9,5,28,2,0,1,0,0
1233748,2,2020,2020,8,4,9,2,31,14,148,0,1,10,-30.340125,152.7118,6,2,1,1,2,0,0,0,0,0,7,50,2,4026,4026,8,5,40,1,0,0,1,0
1233753,1,2020,2020,6,6,3,829,27,159,770,0,1,10,-33.807358,151.086894,61,0,2,1,3,0,0,0,2,1,7,60,2,14295,14295,3,8,36,2,0,0,0,1
1233754,1,2020,2020,8,3,7,7,27,10,172,0,1,10,-33.00834,151.643059,37,0,2,1,3,0,0,0,2,2,7,60,2,5929,5929,1,5,0,2,0,0,0,2
1233755,1,2020,2020,7,1,9,2209,17,49,2205,0,1,2,-33.929178,151.156704,4,0,2,1,3,0,0,0,3,0,7,60,2,14295,14295,3,10,13,2,0,0,0,1
1233756,2,2020,2020,6,0,8,5,31,77,34609,0,1,10,-32.560106,151.176538,64,2,1,1,3,0,0,0,2,0,0,50,0,6545,6545,4,9,5,3,0,0,1,0
1233758,2,2020,2020,8,1,8,109,27,204,105,0,1,9,-33.895922,150.93532,24,0,2,1,2,0,3,0,3,2,7,60,2,1383,1383,1,0,19,2,0,0,1,0
1233760,1,2020,2020,6,3,5,39,31,193,145,0,1,10,-33.794978,151.071879,61,0,2,1,3,0,0,0,2,0,15,60,2,6545,6545,4,5,5,2,0,0,0,1
1233766,1,2020,2020,6,0,6,40,31,197,34609,0,1,1,-33.952242,151.08157,25,0,2,1,1,0,0,0,2,0,7,50,0,1981,1981,4,5,27,2,0,0,0,1
1233767,1,2020,2020,6,5,4,3371,17,137,3342,0,1,10,-32.963512,151.695902,37,0,2,1,3,0,3,4,2,2,7,60,2,14295,14295,3,8,5,2,0,0,0,1
1233769,1,2020,2020,0,4,7,14,31,36,34609,0,1,1,-34.060606,150.723881,12,0,2,1,3,0,0,0,2,0,7,50,0,14295,14295,3,5,0,2,0,0,0,1
1233774,1,2020,2020,6,3,10,21,31,252,59,0,1,9,-33.884537,151.211044,69,0,2,1,2,0,3,4,0,0,7,50,1,1945,1945,5,16,40,1,0,0,0,1
1233777,2,2020,2020,6,4,7,3371,17,463,3342,0,1,9,-30.305885,153.101608,19,2,1,1,3,0,3,4,2,2,7,60,2,14295,14295,3,0,13,2,0,0,1,0
1233778,4,2020,2020,8,6,3,229,14,323,237,0,1,3,-33.769391,150.96646,71,0,2,0,0,0,0,0,2,0,7,100,2,14295,14295,3,10,5,3,0,2,0,0
1233779,2,2020,2020,6,1,11,177,22,210,176,0,1,5,-34.035162,151.113454,68,0,2,1,2,0,3,4,0,2,7,60,2,14295,14295,3,30,5,3,0,0,1,0
1233781,4,2020,2020,6,1,8,11,10,148,60,0,1,10,-36.036705,146.96595,0,2,1,1,2,0,3,4,3,2,7,60,1,1850,985,5,16,40,2,0,1,1,0
1233784,4,2020,2020,8,3,7,3371,17,149,3342,0,1,7,-33.345659,151.36991,16,2,2,0,0,0,0,0,2,0,0,60,2,14295,14295,3,5,0,2,0,1,0,0
1233785,1,2020,2020,7,1,3,55,27,24,38,0,1,9,-33.940624,150.739712,12,0,2,1,3,0,3,4,1,0,7,60,2,14295,14295,3,5,0,2,0,0,0,1