Crash ID,Degree of crash - detailed,Reporting year,Year of crash,Month of crash,Day of week of crash,Two-hour intervals,Street of crash,Street type,Town,Route no.,School zone location,School zone active,Type of location,Latitude,Longitude,LGA,Urbanisation,Conurbation 1,Alignment,Street lighting,Road surface,Surface condition,Weather,Natural lighting,Signals operation,Other traffic control,Speed limit,Road classification,RUM - code,DCA - code,First impact type,Key TU type,Other TU type,No. of traffic units involved,No. killed,No. seriously injured,No. moderately injured,No. minor-other injured
1233787,2,2020,2020,6,1,11,1,27,251,34609,0,1,9,-33.779883,150.930007,7,0,2,0,2,0,0,0,0,0,7,50,0,2585,4009,8,5,40,1,0,0,1,0
1233789,1,2020,2020,3,5,4,251,27,64,212,0,1,2,-33.754562,151.222672,50,0,2,1,1,0,0,0,2,0,7,60,2,340,340,9,5,28,2,0,0,0,1
1233792,2,2020,2020,7,6,7,38,27,189,165,0,1,10,-33.946327,151.059906,15,0,2,1,1,0,0,0,2,2,9,50,1,6545,6545,4,5,0,2,0,0,1,0
1233794,4,2020,2020,0,6,5,481,17,25,483,0,1,1,-31.740229,148.64422,51,1,0,1,1,0,0,0,2,0,7,110,2,1669,1669,3,29,5,2,0,1,0,0
1233795,2,2020,2020,6,6,9,123,36,37,90,0,1,1,-31.005038,151.591753,51,1,0,1,0,0,3,4,0,0,7,100,1,404,404,8,10,40,1,0,0,1,0
1233805,4,2020,2020,8,3,4,133,27,6,174,0,1,1,-32.876633,151.441246,17,1,0,1,1,0,0,0,2,0,7,100,2,14295,14295,3,5,13,2,0,1,0,0
1233811,4,2020,2020,8,0,8,829,27,159,770,0,1,9,-33.806993,151.083686,61,0,2,1,1,0,3,3,3,0,7,60,2,14295,14295,3,5,0,7,0,1,0,0
1233814,2,2020,2020,8,2,8,16,31,134,34609,0,1,10,-33.680976,150.875218,7,0,2,1,3,0,0,0,2,0,0,50,0,6545,6545,4,5,19,2,0,0,1,0
1233816,1,2020,2020,6,2,8,20,27,18,34609,0,1,9,-34.05314,150.814126,13,0,2,1,3,0,0,0,3,0,7,50,0,1669,1669,3,30,5,2,0,0,0,1
1233822,1,2020,2020,8,2,5,45,27,80,34609,0,1,1,-33.813825,151.162118,38,0,2,1,3,0,0,0,2,0,7,50,0,1981,1981,4,30,27,2,0,0,0,1
1233827,2,2020,2020,0,0,7,33,31,58,34609,0,1,10,-32.791657,151.726292,57,2,1,1,3,0,0,0,2,0,7,60,0,5929,5929,1,5,5,2,0,0,1,0
1233829,4,2020,2020,8,5,7,2,31,271,34609,0,1,1,-33.935284,150.996549,15,0,2,1,1,0,0,0,2,0,7,50,0,1109,397,1,10,5,2,0,1,1,0
1233832,2,2020,2020,8,6,5,16,27,17,34609,0,1,1,-32.933337,151.586406,37,0,2,0,0,0,0,0,2,0,7,60,0,1850,1463,5,16,40,1,0,0,1,0
1233835,2,2020,2020,0,5,8,4,27,55,34609,0,1,9,-33.882471,151.27918,76,0,2,1,1,0,0,0,2,0,7,50,0,941,941,1,5,27,2,0,0,1,0
1233839,4,2020,2020,7,5,9,51,31,11,34609,0,1,9,-33.84733,151.213589,49,0,2,0,2,0,0,0,3,0,7,50,0,2040,2040,9,0,28,2,0,1,0,0
1233841,4,2020,2020,6,0,8,344,27,164,163,0,1,10,-33.742694,150.870265,7,0,2,1,1,0,0,0,2,2,7,70,2,3775,3775,0,5,5,2,0,1,0,0
1233842,2,2020,2020,0,6,4,2,31,10,103,0,1,1,-28.801102,153.263588,39,2,1,0,1,0,0,0,2,0,7,50,1,3775,3775,0,16,5,2,0,0,1,0
1233843,2,2020,2020,0,2,5,196,10,166,168,0,1,9,-33.941142,150.983133,15,0,2,1,1,0,0,0,2,0,7,60,2,1669,1669,3,9,0,2,0,0,1,0
1233845,1,2020,2020,6,0,9,77,27,16,58,0,1,1,-34.810052,150.571812,63,2,1,0,0,0,0,0,3,0,7,60,2,1259,5151,8,8,40,1,0,0,0,1
1233846,4,2020,2020,0,0,10,18,10,61,18,0,1,1,-33.77143,151.13906,36,0,2,0,0,0,3,4,0,0,7,60,2,4552,5151,8,0,40,1,0,1,0,0
1233847,2,2020,2020,8,3,9,113,27,218,111,0,1,9,-33.783218,150.771058,55,0,2,1,2,0,0,0,0,2,7,60,2,1383,1383,1,16,5,2,0,0,1,0
1233848,1,2020,2020,8,0,10,48,27,70,166,0,1,9,-33.26034,151.516626,16,2,2,1,2,0,3,4,0,0,7,50,2,4026,4026,8,5,40,1,0,0,0,1
1233852,1,2020,2020,3,4,3,147,27,72,605,1,0,2,-33.830403,151.226303,49,0,2,1,1,0,0,0,2,0,7,60,2,312,312,2,19,40,1,0,0,0,1
1233854,2,2020,2020,6,2,3,31,27,17,41,0,1,7,-33.698286,151.148617,36,0,2,1,0,0,3,0,1,0,7,50,1,1945,1945,5,22,40,2,0,0,1,0
1233860,4,2020,2020,8,0,8,6,27,3,34609,0,1,9,-34.184111,148.34408,30,2,1,1,0,0,0,0,2,0,0,50,0,9859,9859,8,5,40,1,0,1,0,0
1233861,1,2020,2020,6,1,10,177,31,174,208,1,0,1,-33.859208,150.918817,24,0,2,1,1,0,0,0,3,0,9,60,1,1220,1220,9,5,28,2,0,0,0,1
1233864,4,2020,2020,8,5,7,2209,17,40,2205,0,1,9,-35.014877,150.58042,63,1,0,1,0,0,3,3,2,0,7,100,2,1669,1669,3,0,5,3,0,2,0,1
1233866,2,2020,2020,0,6,7,67,27,210,55,0,1,5,-34.029913,151.10568,68,0,2,1,0,0,0,0,2,2,7,60,2,926,926,4,0,36,2,0,0,1,1
1233867,4,2020,2020,7,2,6,27,27,5,35,0,1,1,-28.386912,152.639133,51,1,0,0,0,0,0,0,2,0,7,100,1,782,957,5,16,40,1,0,1,0,0
1233874,2,2020,2020,6,1,3,50,27,57,799,0,1,9,-33.89919,151.17151,32,0,2,1,1,0,0,0,2,0,7,50,2,1945,1945,5,22,40,1,0,0,1,0
1233876,4,2020,2020,8,0,9,1,27,1,34609,0,1,1,-28.608617,153.192192,39,2,1,1,0,2,0,0,0,0,7,80,0,9859,9859,8,10,40,1,0,1,1,0
1233878,2,2020,2020,0,4,10,3371,17,54,3342,0,1,9,-33.225341,151.502964,16,2,2,1,2,0,0,0,0,0,7,70,2,2585,777,8,5,40,1,0,0,1,0
1233881,2,2020,2020,0,4,10,102,31,107,53,0,1,10,-33.879053,151.195721,69,0,2,1,2,0,0,0,0,2,9,50,2,2040,2040,9,5,28,2,0,0,1,0
1233883,4,2020,2020,0,2,3,35,27,9,49,0,1,1,-31.220304,150.817915,70,1,0,1,0,0,3,3,1,0,7,100,1,1109,397,1,9,5,2,0,1,1,0
1233884,4,2020,2020,8,2,5,132,31,252,126,0,1,10,-33.889952,151.207908,69,0,2,1,1,0,0,0,2,2,7,50,2,5929,5929,1,5,19,2,0,1,0,0
1233885,2,2020,2020,8,5,6,57,31,38,169,0,1,10,-32.814737,151.46418,17,2,1,1,0,0,0,0,2,0,15,60,2,2852,2852,4,16,0,2,0,0,2,0
1233886,1,2020,2020,6,6,6,346,17,47,332,0,1,1,-28.863418,153.472516,2,1,0,0,0,0,3,4,2,0,7,100,2,1259,5151,8,5,40,1,0,0,0,1
1233887,4,2020,2020,8,4,10,1104,14,167,702,0,1,9,-33.856459,151.070903,54,0,2,0,2,0,3,4,0,2,8,80,2,4552,5151,8,5,40,1,0,1,0,0
1233889,4,2020,2020,8,4,3,35,27,100,34609,0,1,7,-33.896446,150.883896,24,0,2,1,2,0,0,0,1,0,0,60,0,6545,6545,4,0,27,2,0,1,0,0
1233890,4,2020,2020,8,0,3,37,31,38,34609,0,1,1,-33.769099,150.788906,55,0,2,1,0,0,0,0,2,0,7,50,0,4026,4026,1,5,6,2,0,1,0,0
1233891,1,2020,2020,8,4,3,4,31,33,563,0,1,9,-33.966281,151.033092,15,0,2,1,2,0,0,0,2,2,8,50,2,2852,2852,4,9,5,2,0,0,0,1
1233893,4,2020,2020,6,2,4,13,27,110,24,0,1,9,-33.757206,151.04074,71,0,2,1,1,0,0,0,2,0,0,50,1,5929,5929,1,16,0,2,0,1,0,0
1233894,2,2020,2020,8,1,8,90,36,24,102,0,1,1,-34.519167,148.134892,20,1,0,1,0,0,0,0,2,0,7,100,2,3775,3775,0,33,2,2,0,0,1,0
1233895,2,2020,2020,8,6,8,9,1,163,34609,0,1,1,-33.855726,151.095358,14,0,2,1,1,0,0,0,2,0,7,50,0,238,238,9,33,28,2,0,0,1,0
1233897,2,2020,2020,6,3,9,2126,17,80,2149,0,1,5,-33.882866,151.2042,69,0,2,0,2,0,3,4,0,2,9,40,2,1220,1220,9,30,28,2,0,0,1,0
1233899,4,2020,2020,0,5,4,3,27,2,34609,0,1,1,-33.216675,149.317853,11,2,1,1,0,2,0,0,2,0,7,60,0,9859,9859,8,10,40,1,0,1,0,0
1233900,4,2020,2020,8,1,9,485,27,460,34609,0,1,9,-33.83177,150.9866,21,0,2,0,0,0,0,0,0,0,0,50,0,4552,985,8,5,40,1,0,1,0,0
1233901,4,2020,2020,8,5,8,32,27,78,28,0,1,1,-33.899073,150.789237,41,0,2,1,1,0,0,0,0,0,7,70,1,9859,9859,8,5,40,1,0,1,0,0
1233902,2,2020,2020,8,6,9,1104,14,460,962,0,1,3,-33.821613,150.98482,21,0,2,1,2,0,0,0,0,0,7,90,2,14295,14295,3,9,5,2,0,0,1,0
1233906,4,2020,2020,8,5,9,361,32,283,34609,0,1,1,-33.833063,150.99751,21,0,2,1,2,0,3,4,3,0,7,50,0,9859,9859,8,0,40,1,0,1,0,0
1233907,4,2020,2020,6,0,11,334,31,370,256,0,1,10,-34.069186,150.814057,13,0,2,1,2,0,0,0,0,2,7,60,2,4026,4026,8,0,40,1,0,1,0,0
1233909,2,2020,2020,6,6,7,62,31,6,34609,0,1,10,-33.936869,151.135687,4,0,2,1,1,0,0,0,2,0,15,50,0,6545,6545,4,0,0,2,0,0,1,1
1233910,2,2020,2020,8,6,3,59,10,89,34609,0,1,10,-33.894248,151.232957,59,0,2,1,0,0,0,0,1,0,7,30,0,2040,2040,9,22,28,2,0,0,1,0
1233911,2,2020,2020,8,4,2,24,27,201,47,0,1,7,-33.989025,150.859497,13,0,2,0,0,0,3,4,0,0,0,60,1,1383,1383,1,16,5,2,0,0,1,0
1233913,4,2020,2020,6,1,4,10,31,106,34609,0,1,10,-28.869658,153.054109,60,2,1,1,3,0,0,0,2,0,0,50,0,6545,6545,4,5,5,2,0,1,0,0
1233916,1,2020,2020,6,0,5,3371,17,41,3342,0,1,2,-32.820528,151.688341,57,2,1,0,3,0,0,0,2,0,7,80,2,14295,14295,3,5,36,3,0,0,0,1
1233918,2,2020,2020,7,5,9,11,27,136,34609,1,0,2,-33.914574,151.074701,15,0,2,1,2,0,0,0,0,0,9,50,0,1220,1220,9,5,28,2,0,0,1,0
1233920,4,2020,2020,7,1,3,2,31,139,34609,0,1,9,-33.842789,151.206071,49,0,2,1,0,0,3,4,2,0,15,50,0,312,312,2,30,40,2,0,1,0,0
1233924,1,2020,2020,6,6,7,866,17,54,793,0,1,2,-33.723719,151.093632,31,0,2,1,3,0,0,0,2,0,7,70,2,14295,14295,3,5,0,2,0,0,0,1
1233927,2,2020,2020,6,5,10,30,27,133,34609,0,1,7,-33.931953,151.019852,15,0,2,1,3,0,0,0,0,0,0,50,0,5929,5929,1,5,5,2,0,0,1,0
1233928,1,2020,2020,8,3,7,123,27,316,25,0,1,9,-33.90875,151.251804,59,0,2,1,3,0,0,0,2,0,0,50,1,301,301,4,5,5,2,0,0,0,1
1233931,4,2020,2020,8,3,6,5,27,1,34609,0,1,1,-31.863903,151.832212,43,1,0,1,3,2,0,0,2,0,7,100,0,1945,1945,5,16,40,1,0,1,0,0
1233932,1,2020,2020,8,4,4,31,22,58,34609,0,1,9,-33.433819,151.296799,16,2,2,1,3,0,0,0,2,0,6,60,0,1669,1669,3,16,0,2,0,0,0,1
1233935,2,2020,2020,8,6,4,195,27,49,186,0,1,2,-33.917304,150.854131,41,0,2,1,3,0,0,0,2,0,7,70,2,14295,14295,3,9,0,2,0,0,1,1
1233937,2,2020,2020,6,0,6,2209,17,74,2205,0,1,10,-34.446643,150.852412,80,0,2,1,3,0,0,0,2,0,15,60,2,5929,5929,1,30,13,2,0,0,1,0
1233939,2,2020,2020,6,0,8,191,17,24,189,0,1,1,-32.082377,150.076533,73,1,0,1,3,0,0,0,3,0,7,100,2,475,475,5,10,40,1,0,0,1,0
1233942,2,2020,2020,6,5,7,280,10,237,240,0,1,1,-33.857954,150.951032,24,0,2,1,3,0,0,0,2,0,7,60,2,14295,14295,3,5,5,3,0,0,1,0
1233943,1,2020,2020,6,6,8,230,27,100,284,0,1,10,-33.812402,151.170924,38,0,2,1,3,0,0,0,3,2,7,60,2,14295,14295,3,5,12,2,0,0,0,1
1233946,4,2020,2020,8,4,6,77,27,17,58,0,1,1,-34.69175,150.526932,63,2,1,1,0,0,0,0,2,0,7,80,2,945,945,5,16,40,1,0,1,0,0
1233947,2,2020,2020,6,6,3,232,36,34,331,0,1,9,-34.009824,150.770155,12,0,2,1,3,0,0,0,0,2,7,80,2,204,204,1,0,5,2,0,0,1,0
1233948,1,2020,2020,6,6,8,1052,27,69,262,0,1,9,-32.907847,151.697438,48,0,2,1,3,0,3,4,0,0,7,60,2,14295,14295,3,5,5,2,0,0,0,1
1233952,2,2020,2020,6,4,4,1,27,4,34609,0,1,9,-34.307789,145.89534,28,1,0,1,3,2,0,1,2,0,7,100,0,256,256,4,10,13,2,0,0,1,0
1233954,4,2020,2020,8,2,6,2,27,5,34609,0,1,1,-29.118196,153.23553,60,2,1,1,0,2,0,0,2,0,7,80,0,9859,9859,8,5,40,1,0,1,0,0
1233956,4,2020,2020,0,5,8,11,27,42,8,0,1,1,-33.599316,151.275185,50,0,2,0,0,0,0,0,3,0,7,80,2,782,957,5,16,40,1,0,1,0,0
1233958,2,2020,2020,8,6,9,71,31,78,125,0,1,7,-33.857178,151.01091,21,0,2,1,2,0,0,0,0,0,0,50,1,5929,5929,1,15,5,2,0,0,1,0
1233961,4,2020,2020,7,0,5,22,10,13,13,0,1,7,-33.865104,151.145319,14,0,2,1,1,0,0,0,2,0,15,50,1,2040,2040,9,27,28,2,0,1,0,0
1233963,2,2020,2020,6,3,9,1,25,30,34609,0,1,9,-35.357862,149.211098,58,2,1,0,2,0,0,0,0,0,7,50,0,1259,5151,8,10,40,1,0,0,1,0
1233972,1,2020,2020,8,0,8,11,1,337,30,0,1,10,-33.730092,151.008658,71,0,2,1,2,0,0,0,3,2,7,60,2,14295,14295,3,5,0,2,0,0,0,1
1233984,2,2020,2020,6,1,6,49,31,253,34609,0,1,10,-33.967345,151.10664,25,0,2,1,0,0,0,0,2,2,7,50,0,2040,2040,9,5,28,2,0,0,1,0
1233992,4,2020,2020,7,5,2,103,36,13,157,0,1,1,-28.33654,152.673255,51,1,0,0,0,0,0,0,0,0,7,100,2,782,957,5,29,40,1,0,1,0,0
1233993,4,2020,2020,8,4,8,1,31,29,34609,0,1,1,-32.396533,142.421127,51,2,1,1,0,2,0,0,3,0,7,50,0,14295,14295,3,16,19,2,0,2,0,0
1233995,2,2020,2020,8,0,10,10,1,133,34609,0,1,1,-33.927866,151.019249,15,0,2,1,2,0,0,3,0,0,7,50,0,3775,3775,0,30,5,3,0,0,1,1
1233996,4,2020,2020,6,4,6,36,10,66,34609,0,1,9,-32.808104,151.65932,48,0,2,1,1,0,0,0,2,0,7,50,0,3775,3775,0,10,0,2,0,1,0,0
1233998,4,2020,2020,6,4,5,11,27,105,34609,0,1,9,-32.717923,151.536301,42,2,1,1,0,0,0,0,2,0,7,60,0,1669,1669,3,5,5,2,0,1,0,0
1233999,2,2020,2020,6,5,4,7,31,102,34609,1,2,9,-31.10436,150.915619,70,2,1,1,1,0,0,0,2,0,7,40,0,2852,2852,4,0,13,2,0,0,1,1
1234001,2,2020,2020,6,0,9,204,31,28,82,1,0,9,-35.146888,147.350219,75,2,1,1,2,0,0,0,0,0,9,60,1,14295,14295,3,5,5,2,0,0,2,0
1234005,4,2020,2020,8,2,7,3371,17,42,3342,0,1,9,-33.823975,151.192498,77,0,2,1,0,0,0,0,2,3,2,60,2,1850,777,5,16,40,1,0,1,0,0
1234006,2,2020,2020,8,2,1,22,27,32,34609,0,1,1,-33.6558,150.967607,71,0,2,0,0,0,3,1,0,0,7,70,0,4552,5151,8,0,40,1,0,0,1,0
1234010,2,2020,2020,8,0,6,20,31,204,244,0,1,10,-33.891543,151.117124,32,0,2,1,1,0,0,3,2,2,7,60,2,5929,5929,1,5,10,2,0,0,1,0
1234011,4,2020,2020,0,1,9,230,27,100,284,0,1,10,-33.812402,151.170924,38,0,2,1,2,0,0,0,0,2,7,60,2,515,515,1,5,19,2,0,1,0,0
1234020,2,2020,2020,6,0,5,4,27,4,34609,0,1,1,-31.973888,151.776424,43,1,0,0,0,0,0,0,2,0,7,100,0,3775,3775,0,0,13,3,0,0,2,1
1234021,4,2020,2020,3,4,3,1,31,46,34609,0,1,1,-28.818016,153.28474,39,2,1,1,0,0,3,4,2,0,7,50,0,1981,1981,4,9,5,2,0,1,1,0
1234024,4,2020,2020,8,0,6,11,1,234,34609,0,1,2,-34.276527,146.072596,28,2,1,1,1,0,0,0,2,0,7,50,0,623,623,3,5,0,2,0,1,0,0
1234027,4,2020,2020,6,6,5,125,1,137,34609,0,1,2,-34.044938,151.052522,68,0,2,1,1,0,0,0,2,0,7,50,0,1282,1282,1,5,27,2,0,1,0,0
1234029,4,2020,2020,0,5,9,22,10,13,13,0,1,9,-33.86774,151.143236,14,0,2,1,2,0,0,0,0,0,7,50,1,1220,1220,9,16,28,2,0,1,1,0
1234031,4,2020,2020,6,6,8,1,27,1,34609,0,1,1,-30.525748,150.201575,51,1,0,1,0,0,0,0,3,0,7,100,0,1945,1945,5,10,40,1,0,1,0,0
1234032,1,2020,2020,8,5,5,193,27,35,34609,0,1,9,-34.367829,150.90868,80,0,2,1,0,0,0,0,2,0,15,50,0,14295,14295,3,10,5,3,0,0,0,1
1234033,2,2020,2020,6,4,5,2261,17,187,2252,0,1,10,-33.888713,150.969588,24,0,2,0,1,0,0,0,2,3,7,70,2,1259,5151,8,5,40,1,0,0,1,0
1234034,1,2020,2020,0,0,9,133,17,22,121,0,1,10,-36.912251,149.238231,65,2,1,1,2,0,0,0,0,0,0,50,2,6545,6545,4,10,0,2,0,0,0,1
1234036,1,2020,2020,6,3,8,10,27,84,34609,0,1,10,-31.108865,150.891594,70,2,1,1,1,0,0,0,3,0,7,50,0,591,591,1,16,5,2,0,0,0,1
1234037,1,2020,2020,8,5,8,109,27,61,105,0,1,9,-33.897638,150.914191,24,0,2,1,2,0,0,0,0,0,0,60,2,1669,1669,3,0,5,2,0,0,0,1
1234039,4,2020,2020,8,3,6,177,31,237,208,0,1,1,-33.862551,150.957022,24,0,2,0,0,0,0,0,2,0,7,50,1,2040,2040,9,9,28,2,0,1,0,0
1234045,4,2020,2020,8,4,8,25,31,445,103,0,1,10,-33.864208,151.036072,21,0,2,1,1,0,0,0,3,2,7,50,1,5929,5929,1,5,19,2,0,1,0,0
1234049,2,2020,2020,8,5,10,7,27,4,34609,0,1,1,-34.813341,150.716742,63,2,1,1,0,0,0,0,0,0,7,80,0,945,945,5,10,40,1,0,0,1,0
1234051,4,2020,2020,6,5,6,8,31,40,34609,0,1,1,-34.41932,150.884635,80,0,2,0,1,0,0,0,2,0,7,50,0,2585,4009,8,5,40,1,0,1,0,0
1234054,1,2020,2020,6,0,5,39,22,4,34609,0,1,1,-33.384516,151.433684,16,2,2,0,3,0,0,0,2,0,7,60,0,14295,14295,3,5,5,3,0,0,0,1
1234060,2,2020,2020,0,1,1,35,27,84,33,0,1,7,-33.781253,151.100288,61,0,2,1,2,0,0,0,0,0,0,60,1,4026,4026,8,5,40,1,0,0,1,0
1234063,4,2020,2020,7,2,7,16,27,316,34609,0,1,1,-33.909924,151.251009,59,0,2,1,2,0,3,4,2,0,7,50,0,1945,1945,5,16,40,2,0,1,0,0
1234064,1,2020,2020,8,1,8,2209,17,115,2205,0,1,10,-33.91557,151.174624,32,0,2,1,3,0,3,4,2,2,7,60,2,1282,1282,1,33,0,2,0,0,0,1
1234066,1,2020,2020,6,1,8,81,17,10,100,0,1,9,-34.434345,150.478033,78,2,1,1,3,0,0,0,2,2,7,80,2,14295,14295,3,5,0,2,0,0,0,1
1234070,2,2020,2020,6,5,3,117,1,239,121,0,1,10,-34.042649,151.119371,68,0,2,1,3,0,0,0,2,2,7,60,1,6545,6545,4,5,5,2,0,0,1,0
1234072,1,2020,2020,6,4,8,3371,17,149,3342,0,1,7,-33.345131,151.369903,16,2,2,1,3,0,0,0,3,0,7,60,2,14295,14295,3,5,0,2,0,0,0,1
1234080,1,2020,2020,6,0,8,49,27,67,62,0,1,9,-33.696298,150.895067,7,0,2,1,3,0,0,0,3,0,7,50,2,941,941,1,10,5,2,0,0,0,1
1234082,4,2020,2020,7,3,10,4,27,1,34609,0,1,1,-30.583352,152.152641,1,1,0,1,0,2,0,0,3,0,7,100,0,9859,9859,8,5,40,1,0,1,0,0
1234084,2,2020,2020,8,0,2,283,27,129,702,0,1,9,-33.934193,151.073552,15,0,2,1,2,0,3,4,0,2,7,60,2,4026,4026,8,5,40,1,0,0,1,0
1234085,4,2020,2020,7,3,5,348,27,23,15,0,1,9,-33.669493,150.67667,55,0,2,0,1,0,0,0,2,0,0,80,1,2852,2852,4,0,36,2,0,2,2,2
1234086,4,2020,2020,6,5,3,2209,17,32,2205,0,1,9,-33.981429,151.118411,25,0,2,1,2,0,3,4,1,0,7,70,2,2040,2040,9,9,28,2,0,1,0,0
1234089,2,2020,2020,6,4,7,128,27,74,133,0,1,9,-33.770895,150.673849,55,0,2,1,1,0,0,0,2,2,7,60,2,14295,14295,3,10,36,2,0,0,1,0
1234091,2,2020,2020,6,4,7,2261,17,64,2252,0,1,2,-33.885996,151.068689,67,0,2,1,3,0,0,0,2,0,7,60,2,14295,14295,3,10,0,3,0,0,1,0
1234094,1,2020,2020,0,3,8,4,31,92,34609,0,1,7,-33.876644,150.976059,24,0,2,1,3,0,0,0,2,0,7,50,0,926,926,4,5,5,2,0,0,0,1
1234095,4,2020,2020,0,5,9,59,10,89,34609,0,1,9,-33.894064,151.235115,59,0,2,0,3,0,0,0,0,0,7,30,0,1850,1463,5,22,40,1,0,1,0,0
1234096,2,2020,2020,6,2,6,14,27,8,17,0,1,1,-30.112988,150.184525,51,1,0,0,3,0,0,0,2,0,7,100,1,28,28,1,5,12,2,0,0,2,0
1234098,4,2020,2020,6,5,7,11,31,63,34609,0,1,9,-28.186755,153.523132,72,2,1,1,1,0,0,0,2,0,15,50,0,2852,2852,4,5,5,2,0,1,1,0
1234099,1,2020,2020,3,6,2,330,27,43,605,0,1,2,-33.691541,151.305054,50,0,2,0,2,0,0,0,0,0,7,70,2,1957,4009,8,8,40,1,0,0,0,1
1234100,1,2020,2020,8,6,5,89,17,82,34609,0,1,1,-34.379739,150.896761,80,0,2,0,0,0,0,0,2,0,7,60,0,14295,14295,3,5,0,2,0,0,0,1
1234107,2,2020,2020,6,2,5,1,1,337,34609,0,1,1,-33.734945,150.995693,71,0,2,1,3,0,0,0,2,0,7,50,0,9859,9859,8,5,40,1,0,0,1,0
1234111,1,2020,2020,6,0,10,232,36,40,331,0,1,10,-33.950032,150.838569,41,0,2,0,3,0,0,0,0,2,7,70,2,14295,14295,3,5,36,2,0,0,0,1
1234112,2,2020,2020,6,5,9,22,31,38,34609,0,1,10,-32.813475,151.462082,17,2,1,1,3,0,3,4,0,0,15,50,0,6545,6545,4,5,5,2,0,0,1,0
1234113,2,2020,2020,6,4,5,2209,17,273,2205,0,1,1,-34.425442,150.886448,80,0,2,0,3,0,0,0,2,0,7,50,2,1669,1669,3,21,5,2,0,0,1,0
1234116,1,2020,2020,6,4,4,829,27,123,770,0,1,2,-33.808327,151.067534,54,0,2,1,3,0,0,0,2,0,0,70,2,14295,14295,3,5,5,2,0,0,0,1
1234118,2,2020,2020,8,2,7,107,22,210,17,0,1,2,-34.029174,151.100755,68,0,2,1,3,0,0,0,2,0,7,60,1,9859,9859,1,0,0,2,0,0,1,0
1234119,1,2020,2020,6,0,4,53,27,155,51,0,1,7,-33.493645,151.320572,16,2,2,1,3,0,0,0,2,0,0,60,1,6545,6545,4,0,25,2,0,0,0,1
1234121,4,2020,2020,8,5,4,75,10,112,165,0,1,3,-33.910854,151.21295,69,0,2,1,1,0,0,0,2,0,7,80,2,14295,14295,3,5,5,6,0,1,0,0
1234122,2,2020,2020,0,0,3,1,27,87,34609,0,1,1,-34.505439,150.440649,78,2,1,1,0,0,0,0,1,0,7,50,0,9859,9859,8,5,40,1,0,0,1,0
1234127,2,2020,2020,6,1,9,112,27,96,256,0,1,10,-34.049419,150.826864,13,0,2,1,3,0,0,0,0,2,7,60,2,4026,4026,8,5,40,1,0,0,1,0
1234131,4,2020,2020,8,4,9,153,27,290,147,0,1,9,-33.949103,151.112565,4,0,2,1,2,0,0,0,0,0,6,60,2,1669,1669,3,5,27,2,0,1,0,0
1234132,4,2020,2020,8,4,7,73,27,443,78,0,1,1,-33.906714,151.056957,15,0,2,1,1,0,0,0,2,0,7,60,2,1192,1192,1,21,5,21,0,2,10,4
1234142,1,2020,2020,6,4,5,2261,17,204,2252,1,0,9,-33.89028,151.129808,32,0,2,0,3,0,0,0,2,2,7,60,2,1383,1383,1,9,18,2,0,0,0,1
1234148,2,2020,2020,6,0,5,19,27,201,42,0,1,7,-34.887074,150.600444,63,2,1,1,3,0,0,0,2,0,0,60,1,14295,14295,3,5,0,2,0,0,1,0
1234151,2,2020,2020,6,1,6,16,31,35,34609,0,1,7,-33.962016,151.238284,59,0,2,1,3,0,0,0,2,0,0,60,0,6545,6545,4,16,0,2,0,0,1,0
1234152,4,2020,2020,8,2,7,112,27,96,256,0,1,10,-34.049494,150.826967,13,0,2,1,3,0,0,0,2,2,7,60,2,1669,1669,3,5,13,2,0,1,0,0
1234164,2,2020,2020,0,4,6,330,23,6,233,0,1,1,-33.988118,151.232459,59,0,2,1,3,0,0,0,2,0,7,50,1,237,162,8,5,40,1,0,0,1,0
1234166,2,2020,2020,6,6,4,1,1,562,34609,0,1,1,-32.260517,148.634409,22,2,1,0,1,0,0,0,2,0,7,50,0,220,220,1,30,25,2,0,0,1,0
1234170,2,2020,2020,6,0,4,1,36,16,34609,0,1,9,-33.742273,150.72415,55,0,2,1,3,0,0,0,2,0,0,50,0,2852,2852,4,9,5,2,0,0,1,0
1234171,1,2020,2020,6,2,6,2209,17,49,2205,0,1,9,-33.935527,151.150596,4,0,2,1,3,0,0,0,2,0,7,60,2,1391,1391,1,5,5,2,0,0,0,1
1234173,4,2020,2020,7,5,10,2261,17,39,2252,0,1,9,-35.970114,147.00429,0,1,0,1,2,0,0,0,0,0,15,110,2,6545,6545,4,5,5,2,0,1,0,0
1234175,2,2020,2020,6,2,9,7,27,38,34609,0,1,1,-30.264625,153.126371,19,2,1,0,0,0,0,0,0,0,7,60,0,3775,3775,0,30,5,2,0,0,2,0
1234176,2,2020,2020,6,6,3,153,27,188,147,0,1,9,-33.948782,151.108274,4,0,2,0,0,0,3,4,2,0,7,60,2,4552,5151,8,10,40,1,0,0,1,0
1234179,2,2020,2020,8,3,5,40,27,94,40,0,1,1,-33.883481,150.922701,24,0,2,1,1,0,0,0,2,0,7,60,1,1220,1220,9,0,28,2,0,0,1,0
1234180,4,2020,2020,6,0,5,3371,17,40,3342,0,1,9,-31.52774,152.791594,56,1,0,1,0,0,0,0,2,0,15,110,2,2852,2852,4,0,19,2,0,1,0,0
1234182,2,2020,2020,0,2,10,42,31,145,34609,0,1,9,-33.92223,151.07045,15,0,2,1,2,0,0,0,0,0,7,50,0,926,926,4,5,5,4,0,0,2,0