Crash ID,Degree of crash - detailed,Reporting year,Year of crash,Month of crash,Day of week of crash,Two-hour intervals,Street of crash,Street type,Town,Route no.,School zone location,School zone active,Type of location,Latitude,Longitude,LGA,Urbanisation,Conurbation 1,Alignment,Street lighting,Road surface,Surface condition,Weather,Natural lighting,Signals operation,Other traffic control,Speed limit,Road classification,RUM - code,DCA - code,First impact type,Key TU type,Other TU type,No. of traffic units involved,No. killed,No. seriously injured,No. moderately injured,No. minor-other injured
1234183,2,2020,2020,6,5,4,23,27,61,91,0,1,1,-35.233145,149.266142,58,2,1,1,0,0,0,0,2,0,7,80,2,1669,1669,3,0,5,2,0,0,1,0
1234187,4,2020,2020,6,0,5,25,27,147,94,0,1,2,-33.883167,151.001266,15,0,2,1,1,0,0,0,2,0,9,50,1,186,186,9,22,28,2,0,1,0,0
1234188,4,2020,2020,0,1,6,91,27,119,187,0,1,10,-33.874804,151.155154,32,0,2,1,1,0,0,0,2,2,7,70,2,1259,985,8,5,40,1,0,1,0,0
1234189,4,2020,2020,8,6,1,2126,17,23,2149,0,1,1,-33.445717,149.997162,40,1,0,0,0,0,0,1,0,0,7,100,2,4552,5151,8,5,40,1,0,1,0,0
1234191,4,2020,2020,7,2,0,265,17,17,193,0,1,1,-35.59993,147.042593,27,1,0,1,0,0,2,6,0,0,7,100,2,84,84,8,5,40,1,0,1,0,0
1234193,2,2020,2020,3,0,6,1,31,290,34609,0,1,1,-33.852549,150.996645,21,0,2,1,0,0,0,0,2,0,7,50,0,5929,5929,1,0,5,2,0,0,1,0
1234198,2,2020,2020,6,0,5,334,17,53,308,0,1,10,-31.090067,150.929282,70,2,1,1,1,0,0,0,2,3,7,50,2,14295,14295,3,5,5,2,0,0,2,0
1234204,1,2020,2020,8,0,5,500,27,83,799,0,1,9,-33.915254,151.111644,15,0,2,1,1,0,0,0,2,0,7,60,2,2852,2852,4,5,5,3,0,0,0,1
1234207,4,2020,2020,6,3,6,61,10,160,34609,0,1,9,-33.105228,151.476969,37,0,2,1,1,0,0,0,2,0,0,70,0,2852,2852,4,5,19,2,0,1,0,0
1234208,2,2020,2020,6,2,5,69,23,4,34609,0,1,9,-34.254567,150.534535,79,2,2,1,0,0,0,3,2,0,0,60,0,6545,6545,4,0,0,2,0,0,1,0
1234209,4,2020,2020,8,5,7,82,27,3,34609,0,1,1,-29.892296,153.055229,18,1,0,0,0,0,0,0,2,0,7,100,0,1850,1463,5,16,40,1,0,1,0,0
1234214,4,2020,2020,8,3,10,168,17,32,212,0,1,2,-35.345278,149.269051,58,2,1,0,2,0,0,0,0,0,7,80,2,2585,4009,8,5,40,1,0,1,3,0
1234215,2,2020,2020,8,5,7,1,23,48,34609,0,1,9,-36.684929,149.835968,5,2,1,1,0,0,0,0,2,0,7,50,0,1957,777,8,16,40,1,0,0,1,0
1234217,1,2020,2020,6,1,3,101,10,42,33,0,1,7,-34.036319,151.160023,68,0,2,1,1,0,0,0,2,0,7,70,1,926,926,4,22,0,2,0,0,0,1
1234225,1,2020,2020,6,1,5,1052,14,83,928,0,1,3,-33.504981,151.189062,16,1,2,0,3,0,0,0,2,0,7,90,2,14295,14295,3,10,5,2,0,0,0,1
1234226,2,2020,2020,8,0,4,2209,17,6,2205,0,1,9,-36.477414,149.861681,5,1,0,0,3,0,0,0,2,0,7,100,2,4552,5151,8,9,40,1,0,0,1,0
1234228,1,2020,2020,6,5,7,25,23,137,34609,0,1,7,-34.026768,151.061335,68,0,2,1,3,0,0,0,2,0,7,50,0,14295,14295,3,5,5,2,0,0,0,1
1234229,4,2020,2020,7,2,6,1,31,323,34609,0,1,10,-33.785189,150.849073,7,0,2,1,0,0,0,0,2,0,0,50,0,6545,6545,4,22,0,2,0,1,1,0
1234232,4,2020,2020,8,0,3,20,27,12,100,0,1,1,-33.617034,150.685946,29,2,2,1,3,0,0,0,2,0,7,80,2,1192,1192,1,0,27,2,0,1,0,0
1234238,1,2020,2020,8,0,8,3371,17,58,3342,0,1,9,-33.751126,151.147305,36,0,2,1,3,0,0,3,2,2,7,60,2,1391,1391,1,30,5,2,0,0,0,1
1234240,2,2020,2020,0,4,3,225,17,70,180,0,1,9,-34.561023,150.343354,78,2,1,0,3,0,0,0,2,0,7,80,2,1669,1669,3,30,13,3,0,0,1,0
1234241,1,2020,2020,6,1,4,149,10,136,702,0,1,2,-33.858832,151.069199,67,0,2,1,3,0,0,0,2,0,7,80,2,1391,1391,1,5,5,2,0,0,0,1
1234248,2,2020,2020,0,4,7,4,31,92,34609,0,1,7,-33.871216,150.977066,24,0,2,1,0,0,0,0,2,0,0,50,0,9859,9859,8,0,40,2,0,0,1,0
1234249,1,2020,2020,4,6,6,82,31,163,7,0,1,10,-33.861626,151.106015,14,0,2,1,3,0,0,0,2,2,8,50,1,5929,5929,1,0,5,2,0,0,0,1
1234251,2,2020,2020,6,2,4,2,27,67,34609,0,1,9,-33.397644,151.339478,16,2,2,1,0,0,0,0,2,0,0,50,0,926,926,4,10,5,2,0,0,2,0
1234253,2,2020,2020,8,4,11,2209,17,273,2205,0,1,9,-34.425617,150.889955,80,0,2,1,2,0,3,4,0,2,7,50,2,591,591,1,22,0,2,0,0,1,0
1234255,2,2020,2020,8,2,3,117,1,239,121,0,1,9,-34.042649,151.119371,68,0,2,1,1,0,3,0,2,2,9,60,1,380,777,5,16,40,1,0,0,1,0
1234260,2,2020,2020,6,4,8,3,31,363,34609,0,1,1,-33.754977,150.698741,55,0,2,1,1,0,0,0,2,0,7,50,0,2040,2040,9,0,28,2,0,0,1,0
1234262,1,2020,2020,8,0,7,48,31,363,34609,0,1,10,-33.817914,151.008821,54,0,2,1,3,0,0,0,2,2,7,50,0,1391,1391,1,0,5,2,0,0,0,1
1234266,1,2020,2020,8,3,9,4,31,207,34609,0,1,10,-31.954497,141.462681,51,2,1,1,0,0,0,0,3,0,0,50,0,6545,6545,4,5,5,2,0,0,0,1
1234267,2,2020,2020,6,1,4,1,31,68,34609,0,1,10,-34.838469,148.91297,82,2,1,1,0,0,0,0,2,0,0,50,0,6545,6545,4,5,5,2,0,0,1,0
1234268,2,2020,2020,6,4,8,1052,27,219,262,0,1,10,-32.903727,151.682904,48,0,2,1,2,0,0,0,3,2,7,60,2,14295,14295,3,5,5,2,0,0,1,0
1234274,2,2020,2020,6,4,7,6,31,316,34609,0,1,10,-31.437081,152.902901,56,2,1,1,3,0,0,0,2,0,0,50,0,6545,6545,4,10,5,2,0,0,1,0
1234278,1,2020,2020,8,1,6,55,27,137,96,0,1,7,-32.960635,151.694236,37,0,2,1,3,0,3,4,2,0,7,60,2,623,623,3,10,13,2,0,0,0,1
1234281,1,2020,2020,6,3,9,104,27,443,702,0,1,2,-33.90416,151.06422,15,0,2,1,3,0,0,3,0,0,7,70,2,1981,1981,4,5,5,2,0,0,0,1
1234282,1,2020,2020,6,3,5,55,27,64,117,0,1,9,-32.940573,151.688275,48,0,2,1,3,0,3,4,2,2,7,70,2,1391,1391,1,0,5,2,0,0,0,1
1234283,2,2020,2020,6,2,5,52,27,188,140,0,1,9,-33.930203,151.098795,15,0,2,1,3,0,0,0,2,2,7,50,1,5929,5929,1,5,12,2,0,0,1,0
1234285,1,2020,2020,6,5,9,2209,17,137,2205,0,1,10,-34.033079,151.066571,68,0,2,1,2,0,0,0,2,2,9,70,2,591,591,1,22,36,2,0,0,0,1
1234288,1,2020,2020,6,5,6,45,27,304,96,0,1,9,-33.912034,151.16532,32,0,2,1,3,0,0,3,2,0,7,60,2,515,515,1,5,5,2,0,0,0,1
1234289,4,2020,2020,0,2,3,5,27,4,34609,0,1,1,-31.719321,152.461873,43,2,1,0,0,0,0,0,2,0,7,60,0,1259,5151,8,0,40,1,0,1,0,0
1234291,2,2020,2020,6,4,6,41,10,117,34609,0,1,9,-28.186142,153.531501,72,2,1,1,1,0,0,3,2,0,0,50,0,1981,1981,4,5,5,2,0,0,2,0
1234292,4,2020,2020,8,2,7,8,31,77,34609,0,1,10,-32.566084,151.184681,64,2,1,1,1,0,0,0,2,0,0,50,0,1850,777,5,16,40,1,0,1,0,0
1234297,2,2020,2020,6,4,8,829,27,125,770,0,1,2,-33.841252,151.147144,51,0,2,1,1,0,0,0,2,0,7,70,2,14295,14295,3,0,5,2,0,0,1,0
1234299,2,2020,2020,8,5,2,15,27,323,154,0,1,1,-33.822597,150.869438,7,0,2,1,2,0,0,0,0,0,7,60,1,3775,3775,0,5,5,3,0,0,1,0
1234300,4,2020,2020,6,1,6,25,27,147,94,0,1,9,-33.882946,150.999664,15,0,2,1,1,0,0,0,2,0,9,50,1,2040,2040,9,5,28,2,0,1,0,0
1234303,4,2020,2020,8,1,7,69,7,20,34609,0,1,7,-33.97488,151.096803,25,0,2,1,1,0,0,0,2,0,0,50,0,1220,1220,9,5,28,2,0,1,0,0
1234304,1,2020,2020,8,0,6,79,27,46,159,0,1,10,-33.940866,151.116035,4,0,2,1,1,0,0,0,2,2,7,60,2,14295,14295,3,10,5,2,0,0,0,1
1234306,2,2020,2020,6,6,7,13,31,17,17,0,1,9,-30.911218,153.043539,34,2,1,1,1,0,0,0,2,0,0,50,1,1109,787,1,0,5,2,0,0,1,1
1234307,4,2020,2020,6,3,8,2,25,278,34609,0,1,9,-33.785846,151.063195,54,0,2,1,3,0,0,0,2,0,7,50,0,4026,4026,8,5,40,1,0,1,0,0
1234314,4,2020,2020,8,5,7,27,1,132,148,0,1,1,-34.149955,151.026996,68,0,2,0,0,0,0,0,2,0,7,60,2,3775,3775,0,16,5,2,0,1,0,0
1234316,1,2020,2020,6,0,8,54,27,72,563,0,1,9,-34.023552,151.007856,68,0,2,1,3,0,0,0,2,2,7,80,2,14295,14295,3,0,5,2,0,0,0,1
1234317,4,2020,2020,0,4,2,11,27,112,34609,0,1,10,-36.056596,146.923188,0,2,1,1,2,0,3,4,0,0,0,50,0,4026,4026,8,5,40,1,0,1,0,0
1234319,2,2020,2020,8,3,6,330,23,12,233,0,1,10,-33.984313,151.235529,59,0,2,1,0,0,0,0,2,0,7,50,1,515,515,1,30,27,2,0,0,1,0
1234323,4,2020,2020,0,3,2,65,27,646,563,0,1,2,-33.925993,151.038204,15,0,2,0,2,0,0,0,0,0,7,70,2,41,41,8,16,40,1,0,1,0,0
1234324,4,2020,2020,0,6,5,220,14,133,220,0,1,3,-34.498559,150.797456,80,0,2,1,0,0,3,4,2,0,7,100,2,9859,9859,8,5,40,1,0,1,0,0
1234327,2,2020,2020,6,0,8,515,14,271,518,0,1,3,-33.940853,151.017378,15,0,2,1,3,0,0,3,2,0,7,100,2,14295,14295,3,5,0,2,0,0,1,0
1234331,1,2020,2020,8,2,5,2126,17,139,2149,0,1,10,-33.887497,151.141801,32,0,2,1,3,0,0,0,2,2,7,60,2,14295,14295,3,10,0,2,0,0,0,1
1234332,4,2020,2020,6,3,6,4,1,168,34609,0,1,10,-33.6992,150.815931,7,0,2,1,3,0,0,0,2,0,0,50,0,301,301,4,5,0,3,0,1,0,0
1234334,2,2020,2020,8,0,8,515,14,60,518,0,1,3,-33.943019,150.946003,41,0,2,1,3,0,0,0,3,0,7,100,2,14295,14295,3,10,5,2,0,0,1,1
1234337,1,2020,2020,6,2,9,193,27,438,34609,1,0,1,-33.849727,151.030637,21,0,2,1,3,0,0,0,3,0,9,50,0,1391,1391,1,5,5,2,0,0,0,1
1234340,1,2020,2020,6,0,7,40,27,73,34609,1,0,1,-35.134868,147.376385,75,2,1,1,3,0,3,3,2,0,7,60,0,14295,14295,3,5,5,2,0,0,0,1
1234342,4,2020,2020,0,0,3,38,27,78,38,0,1,9,-33.39278,151.452408,16,2,2,0,0,0,0,0,2,0,7,60,1,14295,14295,3,10,5,3,0,1,0,0
1234345,1,2020,2020,6,2,6,2261,17,523,2252,0,1,10,-33.928701,150.917871,41,0,2,0,3,0,0,0,2,2,7,60,2,14295,14295,3,5,36,2,0,0,0,1
1234348,1,2020,2020,8,3,9,24,31,131,60,0,1,10,-36.068775,146.930467,0,2,1,1,3,0,0,0,0,2,7,50,1,5929,5929,1,5,5,2,0,0,0,1
1234350,4,2020,2020,8,2,8,2126,17,140,2149,0,1,2,-33.78679,150.845608,7,0,2,1,1,0,0,0,2,0,7,80,2,14295,14295,3,16,36,2,0,1,0,0
1234358,2,2020,2020,6,0,7,475,10,137,268,0,1,9,-33.913579,150.906813,41,0,2,1,3,0,0,0,2,0,0,70,2,5929,5929,1,5,5,2,0,0,1,0
1234359,2,2020,2020,6,0,5,98,27,128,382,0,1,7,-33.639746,150.784272,29,2,2,1,3,0,0,0,2,0,0,80,2,14295,14295,3,21,5,3,0,0,1,0
1234372,2,2020,2020,6,1,7,6,31,60,34609,1,2,10,-33.638435,150.286424,8,2,2,1,0,0,0,0,2,0,15,40,0,6545,6545,4,0,5,2,0,0,1,0
1234376,2,2020,2020,8,6,7,2261,17,59,2252,0,1,3,-33.968599,150.874185,13,0,2,1,0,0,0,0,2,0,7,100,2,1192,1192,1,34,5,3,0,0,2,0
1234377,1,2020,2020,8,2,9,19,31,532,770,0,1,10,-33.873004,151.204112,69,0,2,1,3,0,0,0,0,2,7,40,2,14295,14295,3,5,5,2,0,0,0,1
1234378,4,2020,2020,0,2,6,119,31,145,140,0,1,1,-33.926978,151.121327,15,0,2,1,1,0,0,0,2,0,7,50,1,1109,787,1,5,10,2,0,1,0,0
1234380,4,2020,2020,0,4,8,19,27,26,34609,0,1,1,-33.110581,151.507779,37,0,2,0,3,0,2,6,2,0,7,70,0,4552,5151,8,0,40,1,0,1,0,0
1234384,1,2020,2020,8,5,6,500,27,293,799,0,1,9,-33.932473,151.049439,15,0,2,1,2,0,0,0,2,2,7,60,2,5929,5929,1,5,5,3,0,0,0,1
1234395,1,2020,2020,6,4,7,265,23,646,34609,0,1,1,-33.919008,151.030744,15,0,2,1,1,0,0,0,2,0,7,40,0,3775,3775,0,0,5,2,0,0,0,1
1234404,4,2020,2020,6,1,0,43,27,16,118,0,1,1,-30.409608,150.617947,70,1,0,1,0,0,0,0,0,0,7,100,2,9859,9859,8,0,40,1,0,1,0,0
1234406,4,2020,2020,8,6,8,196,36,103,15,0,1,1,-34.265907,148.273801,30,2,1,1,1,0,0,0,2,0,7,80,1,1089,1089,7,22,40,1,0,1,0,0
1234409,2,2020,2020,6,3,11,11,27,29,165,0,1,10,-33.977705,151.084107,25,0,2,1,2,0,0,0,0,0,0,50,1,2852,2852,4,5,19,2,0,0,1,0
1234411,2,2020,2020,6,5,4,168,10,387,260,0,1,2,-33.946103,151.172426,4,0,2,1,1,0,0,0,2,0,7,70,2,14295,14295,3,9,12,3,0,0,1,0
1234412,1,2020,2020,6,1,8,344,27,609,163,1,0,9,-33.75866,150.895774,7,0,2,1,2,0,0,0,0,2,9,60,2,591,591,1,22,5,2,0,0,0,1
1234414,2,2020,2020,6,1,6,25,31,201,34609,0,1,9,-34.872476,150.601941,63,2,1,1,1,0,0,0,2,0,9,50,0,1220,1220,9,5,26,2,0,0,1,0
1234415,2,2020,2020,0,0,7,2261,17,204,2252,0,1,10,-33.889341,151.132333,32,0,2,1,1,0,0,0,2,2,7,60,2,6545,6545,4,5,0,2,0,0,1,0
1234416,4,2020,2020,8,3,0,4,31,84,34609,0,1,9,-33.877651,150.936005,24,0,2,1,2,0,0,0,0,0,0,50,0,489,489,8,5,40,1,0,1,0,0
1234421,2,2020,2020,6,3,7,67,27,210,55,0,1,2,-34.034995,151.113198,68,0,2,1,3,0,0,0,2,0,7,60,2,14295,14295,3,30,36,3,0,0,1,0
1234425,1,2020,2020,6,0,6,10,31,193,34609,0,1,1,-33.791011,151.083862,61,0,2,1,3,0,0,0,2,0,7,50,0,14295,14295,3,30,5,2,0,0,0,1
1234427,1,2020,2020,6,4,4,15,27,22,34609,0,1,1,-35.14684,149.957991,26,1,0,0,0,0,0,0,2,0,7,100,0,3775,3775,0,16,13,2,0,0,0,1
1234428,4,2020,2020,6,5,6,113,27,78,111,0,1,9,-33.86848,150.796356,55,0,2,1,1,0,0,0,2,0,7,80,2,4026,4026,8,34,40,1,0,1,0,0
1234431,1,2020,2020,6,0,7,2,27,562,34609,0,1,10,-32.249626,148.675014,22,1,0,1,0,0,0,0,2,0,0,100,0,6545,6545,4,0,13,2,0,0,0,1
1234433,2,2020,2020,6,2,5,103,27,14,98,0,1,1,-33.435629,150.828636,29,2,2,0,3,0,0,0,2,0,7,80,2,2585,4009,8,16,40,1,0,0,1,0
1234438,1,2020,2020,6,3,7,11,31,316,34609,0,1,9,-33.927504,151.243148,59,0,2,1,3,0,0,0,2,0,0,50,0,14295,14295,3,10,5,2,0,0,0,1
1234440,1,2020,2020,6,6,3,1104,14,113,962,0,1,3,-33.785851,150.707732,55,0,2,1,3,0,0,0,2,0,7,110,2,14295,14295,3,5,5,2,0,0,0,1
1234441,1,2020,2020,6,2,1,56,27,323,34609,0,1,9,-33.754665,150.986782,71,0,2,0,2,0,3,1,0,0,7,50,0,4552,5151,8,16,40,1,0,0,0,1
1234443,2,2020,2020,6,5,10,157,17,123,158,0,1,9,-33.834696,148.679789,51,2,1,1,2,0,3,3,0,0,0,50,2,2852,2852,4,5,5,2,0,0,2,0
1234444,1,2020,2020,3,6,10,32,31,131,34609,0,1,1,-36.079121,146.915131,0,2,1,1,2,0,2,6,3,0,7,50,0,9859,9859,1,22,13,2,0,0,0,1
1234448,2,2020,2020,8,1,4,829,27,159,770,0,1,9,-33.807748,151.088713,61,0,2,1,1,0,3,4,2,2,9,60,2,2040,2040,9,33,28,2,0,0,1,0
1234449,2,2020,2020,0,4,9,48,27,70,166,0,1,9,-33.256569,151.507991,16,2,2,1,2,0,0,0,0,0,7,50,2,5929,5929,1,0,19,2,0,0,1,0
1234451,2,2020,2020,6,5,7,9,27,12,38,0,1,1,-33.840718,150.962663,21,0,2,1,1,0,0,0,2,0,7,60,1,14295,14295,3,34,0,3,0,0,1,0
1234452,4,2020,2020,3,1,4,1052,14,118,928,0,1,3,-33.365556,151.332325,16,1,2,0,0,0,0,3,2,0,7,110,2,14295,14295,3,9,2,2,0,1,0,0
1234454,2,2020,2020,6,2,9,14,27,204,34609,0,1,7,-33.894238,150.947403,24,0,2,1,2,0,0,0,0,0,0,50,0,6545,6545,4,10,27,2,0,0,1,0
1234459,1,2020,2020,6,5,9,2126,17,161,2149,0,1,9,-33.888182,151.157613,32,0,2,1,0,0,2,6,0,2,9,60,2,591,591,1,22,33,2,0,0,0,1
1234460,2,2020,2020,8,1,11,4,31,161,96,0,1,1,-33.888841,151.145664,32,0,2,0,1,0,3,4,0,0,7,50,2,4552,5151,1,5,13,2,0,0,1,0
1234462,2,2020,2020,7,5,6,47,31,226,34609,0,1,1,-33.770432,150.80808,7,0,2,1,1,0,0,0,2,0,7,50,0,1383,1383,1,22,5,2,0,0,1,0
1234463,2,2020,2020,7,0,6,500,27,646,799,0,1,9,-33.934304,151.032639,15,0,2,1,1,0,0,0,2,0,0,60,2,2852,2852,4,5,5,2,0,0,3,0
1234464,4,2020,2020,6,2,5,32,27,169,88,0,1,10,-33.623945,150.739887,29,2,2,1,1,0,0,0,2,0,15,80,2,6545,6545,4,5,5,3,0,1,1,0
1234468,4,2020,2020,8,6,3,13,27,234,34609,0,1,9,-34.299743,146.061704,28,2,1,0,3,0,0,0,0,0,0,50,0,1945,1945,5,5,40,1,0,1,0,0
1234471,4,2020,2020,0,0,11,154,27,293,244,0,1,1,-33.925753,151.054538,15,0,2,1,2,0,0,0,0,0,7,60,2,96,96,0,10,13,3,0,1,0,1
1234472,2,2020,2020,8,0,11,6,27,24,34609,0,1,1,-34.019119,150.710776,12,0,2,0,0,0,3,4,0,0,7,70,0,4552,5151,8,0,40,1,0,0,1,0
1234474,2,2020,2020,8,0,10,2,27,90,4,0,1,9,-33.715565,150.297333,8,2,2,0,2,0,3,4,0,0,7,50,1,3775,3775,0,10,5,2,0,0,1,0
1234476,4,2020,2020,8,3,11,79,31,562,34609,1,0,1,-32.250093,148.605781,22,2,1,1,2,0,0,0,0,0,7,50,0,9859,9859,8,0,40,1,0,3,0,1
1234477,4,2020,2020,8,2,8,115,27,55,114,0,1,9,-33.850866,151.286153,81,0,2,1,2,0,0,0,0,0,0,50,1,5929,5929,1,0,18,2,0,1,0,0
1234478,4,2020,2020,8,6,7,3371,17,173,3342,1,2,9,-33.722104,151.118126,36,0,2,1,1,0,0,0,2,0,7,40,2,2040,2040,9,5,28,2,0,1,0,0
1234481,2,2020,2020,8,2,8,2126,17,75,2149,0,1,2,-33.727109,150.393739,8,2,2,0,0,0,0,0,3,0,7,80,2,1192,1192,1,16,13,2,0,0,1,0
1234483,4,2020,2020,8,1,2,348,27,23,88,0,1,1,-33.713977,150.695107,55,0,2,0,0,0,0,0,1,0,7,80,2,3775,3775,0,0,5,2,0,1,1,0
1234484,4,2020,2020,8,1,3,89,36,14,81,0,1,1,-34.05572,148.731179,51,1,0,1,0,0,0,0,2,0,7,100,2,4026,4026,8,10,40,1,0,1,0,0
1234486,4,2020,2020,0,5,4,4,27,4,34609,0,1,1,-33.537915,149.552765,3,1,0,1,0,0,0,0,2,0,7,100,0,9859,9859,8,5,40,1,0,2,0,0
1234487,2,2020,2020,8,0,7,515,14,243,518,0,1,3,-33.947209,150.894494,41,0,2,1,1,0,0,0,2,0,7,100,2,1282,1282,1,8,5,2,0,0,2,0
1234499,4,2020,2020,6,5,9,3371,17,58,3342,0,1,2,-32.787693,151.728744,57,2,1,1,2,0,3,4,0,0,7,80,2,9859,9859,8,5,40,1,0,1,0,0
1234501,2,2020,2020,0,2,4,12,27,58,43,0,1,1,-28.563263,153.536559,10,2,1,0,0,0,0,3,2,0,7,80,1,3775,3775,0,5,5,3,0,0,1,1
1234503,2,2020,2020,6,4,9,481,17,11,483,0,1,1,-32.089732,148.557106,22,1,0,1,0,0,0,0,0,0,7,110,2,945,945,5,5,40,1,0,0,1,0
1234505,2,2020,2020,6,3,11,14,31,53,262,0,1,2,-32.926662,151.757874,48,0,2,1,2,0,0,3,0,0,7,60,2,9859,9859,8,5,40,1,0,0,1,0
1234509,4,2020,2020,6,0,3,4,27,16,34609,0,1,1,-36.434365,150.008882,5,2,1,0,0,2,0,0,0,0,7,70,0,4552,5151,8,5,40,1,0,1,0,0
1234510,2,2020,2020,8,2,4,125,27,155,75,0,1,10,-33.492794,151.315094,16,2,2,1,0,0,0,0,2,0,15,60,1,6545,6545,4,5,12,3,0,0,2,0
1234512,1,2020,2020,0,4,7,2261,17,75,2252,0,1,10,-33.886493,151.111472,9,0,2,1,2,0,3,4,2,2,7,60,2,926,926,4,5,5,2,0,0,0,1
1234513,2,2020,2020,6,0,11,126,31,201,34609,0,1,7,-33.998837,150.866364,13,0,2,1,2,0,3,4,0,0,0,40,0,6545,6545,4,10,27,2,0,0,1,0
1234514,2,2020,2020,6,3,6,4,10,80,34609,0,1,1,-33.747326,150.646571,55,0,2,1,1,0,3,0,2,0,7,50,0,9859,9859,1,30,13,2,0,0,1,0
1234519,2,2020,2020,6,4,6,204,31,53,82,1,0,9,-35.140563,147.351351,75,2,1,1,0,0,0,0,2,0,7,60,1,1669,1669,3,10,36,2,0,0,1,1
1234523,2,2020,2020,7,5,9,31,27,445,34609,0,1,10,-33.863346,151.038147,21,0,2,1,0,0,0,0,3,0,0,50,0,2040,2040,9,10,28,2,0,0,1,0
1234525,1,2020,2020,6,3,7,7,27,45,34609,0,1,1,-33.678915,151.222436,50,0,2,0,1,0,0,0,2,0,7,50,0,1109,787,1,5,0,2,0,0,0,1
1234526,4,2020,2020,6,2,2,117,1,239,121,0,1,1,-34.041894,151.113874,68,0,2,1,2,0,0,0,0,0,7,60,1,9859,9859,1,0,36,2,0,1,0,0
1234527,1,2020,2020,6,6,3,7,27,134,34609,0,1,9,-33.680841,150.892808,7,0,2,1,1,0,0,3,2,0,0,50,0,623,623,3,5,5,2,0,0,0,1
1234530,2,2020,2020,8,3,7,6,31,66,34609,0,1,9,-33.708628,150.925586,7,0,2,0,3,0,0,0,2,0,7,50,0,1850,1463,5,16,40,1,0,0,1,0
1234531,2,2020,2020,8,2,5,60,27,77,44,0,1,10,-33.87233,150.936996,24,0,2,1,1,0,0,0,2,2,7,50,1,5929,5929,1,5,5,2,0,0,2,0
1234532,4,2020,2020,8,2,5,22,27,7,34609,0,1,1,-32.593081,149.653709,44,1,0,0,0,0,3,0,2,0,7,100,0,2585,4009,8,34,40,1,0,1,0,0
1234536,2,2020,2020,0,6,8,33,27,16,41,0,1,1,-33.750133,150.757141,55,0,2,1,1,0,0,0,2,0,7,70,1,1945,1945,5,16,40,1,0,0,1,0
1234537,2,2020,2020,7,2,7,2209,17,40,2205,0,1,1,-35.078397,150.551688,63,1,0,0,0,0,0,0,2,0,7,100,2,4552,5151,8,5,40,1,0,0,1,0
1234538,4,2020,2020,8,4,8,165,31,128,369,0,1,1,-33.63898,150.784868,29,2,2,1,2,0,0,0,3,0,7,60,2,14295,14295,3,0,5,2,0,1,0,0
1234539,2,2020,2020,8,6,8,7,27,309,22,0,1,9,-33.801308,151.116851,61,0,2,1,1,0,0,0,2,0,7,60,1,1669,1669,3,5,0,2,0,0,1,0
1234541,1,2020,2020,8,2,5,1104,11,130,770,0,1,3,-33.871168,151.192251,69,0,2,1,3,0,0,0,2,0,7,60,2,1282,1282,1,8,5,2,0,0,0,1
1234544,2,2020,2020,6,3,5,55,36,3,35,0,1,1,-32.428885,150.093146,44,1,0,1,3,2,3,3,2,0,7,100,1,1945,1945,5,16,40,1,0,0,1,0
1234547,4,2020,2020,6,5,5,2,31,107,3342,0,1,9,-33.283399,151.425398,16,2,2,1,1,0,3,0,2,0,7,50,2,30,30,9,25,28,2,0,1,0,0
1234550,1,2020,2020,6,1,2,2126,17,283,2149,0,1,9,-33.82652,151.004665,54,0,2,1,3,0,3,0,1,2,7,60,2,14295,14295,3,5,13,2,0,0,0,1
1234553,1,2020,2020,6,0,5,29,1,13,34609,0,1,1,-33.813474,151.073308,61,0,2,1,3,0,0,0,2,0,7,50,0,9859,9859,1,22,0,2,0,0,0,1
1234556,4,2020,2020,0,0,4,3371,17,207,3342,0,1,9,-33.589957,151.171131,31,0,2,1,1,0,0,0,2,0,7,60,2,2852,2852,4,0,27,2,0,1,0,0
1234565,1,2020,2020,6,5,5,83,31,523,34609,0,1,10,-33.922224,150.921325,41,0,2,1,3,0,0,0,2,2,7,50,0,301,301,4,5,5,2,0,0,0,1
1234569,2,2020,2020,6,3,6,387,27,18,34609,0,1,1,-34.978669,150.714437,63,2,1,1,3,0,0,0,2,0,7,70,0,941,941,1,5,5,2,0,0,1,0
1234571,1,2020,2020,6,4,5,191,27,193,208,0,1,10,-33.786574,151.085189,61,0,2,1,3,0,0,0,2,3,0,60,2,5929,5929,1,5,5,2,0,0,0,1
1234572,1,2020,2020,8,1,7,21,1,11,115,0,1,10,-33.760296,151.173176,36,0,2,0,3,0,0,0,2,0,0,60,1,6545,6545,4,5,5,2,0,0,0,1
1234574,2,2020,2020,6,2,8,30,27,4,39,0,1,1,-35.607621,149.554835,58,1,0,0,3,2,0,0,0,0,7,100,1,3775,3775,0,5,36,2,0,0,2,0
1234576,2,2020,2020,6,1,8,829,27,309,770,0,1,9,-33.816197,151.104297,61,0,2,0,3,0,0,0,0,0,7,60,2,1192,1192,1,5,19,2,0,0,1,0
1234580,4,2020,2020,6,1,3,308,14,83,311,0,1,3,-33.887475,150.83573,41,0,2,0,3,0,0,0,1,0,7,100,2,14295,14295,3,0,5,3,0,1,0,0
1234586,1,2020,2020,6,1,8,50,31,123,34609,0,1,10,-33.885217,151.229823,81,0,2,1,3,0,0,0,3,0,15,40,0,6545,6545,4,5,5,2,0,0,0,1