Crash ID,Degree of crash - detailed,Reporting year,Year of crash,Month of crash,Day of week of crash,Two-hour intervals,Street of crash,Street type,Town,Route no.,School zone location,School zone active,Type of location,Latitude,Longitude,LGA,Urbanisation,Conurbation 1,Alignment,Street lighting,Road surface,Surface condition,Weather,Natural lighting,Signals operation,Other traffic control,Speed limit,Road classification,RUM - code,DCA - code,First impact type,Key TU type,Other TU type,No. of traffic units involved,No. killed,No. seriously injured,No. moderately injured,No. minor-other injured
1234587,2,2020,2020,6,4,6,7,31,80,34609,0,1,10,-33.880776,151.202803,69,0,2,1,3,0,0,0,2,3,9,40,0,941,941,1,5,27,2,0,0,1,0
1234590,2,2020,2020,6,6,8,1104,14,460,962,0,1,3,-33.823808,150.987664,21,0,2,1,3,0,0,0,2,0,7,80,2,14295,14295,3,5,5,2,0,0,1,0
1234591,2,2020,2020,0,2,6,500,27,198,799,0,1,9,-33.920779,151.098222,15,0,2,1,3,0,0,0,2,0,0,60,2,5929,5929,1,33,18,2,0,0,1,0
1234592,2,2020,2020,8,4,10,2,27,4,34609,0,1,1,-34.288657,145.899175,28,1,0,1,3,0,0,0,0,0,7,100,0,1945,1945,5,10,40,1,0,0,1,0
1234595,2,2020,2020,6,2,7,34,27,5,34609,0,1,1,-33.128018,149.176671,11,1,0,0,3,2,0,0,2,0,7,100,0,1850,1463,5,16,40,1,0,0,1,0
1234601,2,2020,2020,6,1,3,1,31,78,30,1,0,10,-28.323244,153.394287,72,2,1,1,1,0,0,0,2,0,0,50,1,6545,6545,4,10,13,2,0,0,1,0
1234602,2,2020,2020,7,3,7,89,17,21,21,0,1,2,-34.296039,150.918252,80,0,2,0,1,0,0,0,2,0,7,80,1,782,957,5,5,40,1,0,0,1,0
1234605,4,2020,2020,6,6,8,23,31,163,74,1,2,10,-33.862607,151.10809,14,0,2,1,1,0,0,0,2,1,7,40,1,1945,1945,5,16,40,1,0,1,0,0
1234606,1,2020,2020,6,5,11,27,27,54,65,0,1,7,-33.697282,151.000229,71,0,2,1,2,0,0,0,0,0,0,60,1,9859,9859,8,5,40,1,0,0,0,1
1234614,2,2020,2020,6,4,4,60,27,101,262,0,1,7,-32.902571,151.621917,37,0,2,1,1,0,0,0,2,0,0,90,2,1669,1669,3,10,5,2,0,0,1,0
1234615,2,2020,2020,6,1,4,103,36,8,157,0,1,1,-28.776192,152.989776,60,1,0,0,0,0,0,0,2,0,7,100,2,4552,5151,8,5,40,1,0,0,1,0
1234616,4,2020,2020,6,0,8,46,27,39,34609,0,1,1,-32.880089,151.649674,48,0,2,1,1,0,0,0,2,0,7,60,0,4026,4026,8,0,40,1,0,1,0,0
1234619,2,2020,2020,0,5,3,63,27,103,34,0,1,1,-32.949624,151.673094,37,0,2,1,1,0,0,0,2,0,7,60,1,941,941,1,9,12,2,0,0,1,0
1234620,4,2020,2020,6,6,5,12,31,137,34609,0,1,10,-33.912297,151.203652,69,0,2,1,1,0,0,3,2,0,15,40,0,6545,6545,4,30,36,2,0,1,0,0
1234627,2,2020,2020,0,4,10,4,31,163,34609,0,1,1,-33.855947,151.103496,14,0,2,1,2,0,0,0,0,0,7,50,0,175,188,1,5,19,3,0,0,1,0
1234635,4,2020,2020,8,3,7,59,27,5,143,0,1,4,-33.955217,149.325584,3,2,1,0,0,0,0,0,2,0,7,60,2,4552,5151,8,16,40,1,0,1,0,0
1234636,4,2020,2020,6,4,7,1,27,2,34609,0,1,1,-28.582981,153.162436,39,2,1,0,0,2,0,0,2,0,7,50,0,4552,5151,8,10,40,1,0,1,0,0
1234638,2,2020,2020,0,2,4,13,27,1,34609,0,1,1,-35.502051,149.807436,58,1,0,1,0,0,0,0,2,0,7,100,0,9859,9859,8,30,40,1,0,0,1,0
1234639,2,2020,2020,3,1,7,44,31,237,34609,0,1,2,-33.868164,150.956241,24,0,2,1,0,0,0,0,2,0,7,40,0,2040,2040,9,5,28,2,0,0,1,0
1234647,4,2020,2020,8,6,4,2126,17,106,2149,1,0,2,-33.884544,151.193923,69,0,2,1,0,0,0,0,2,0,7,50,2,190,190,1,16,33,2,0,1,0,0
1234648,1,2020,2020,8,3,6,163,27,23,165,0,1,9,-33.731273,150.802662,7,0,2,1,0,0,0,0,2,0,0,60,1,1220,1220,9,5,28,2,0,0,0,1
1234651,4,2020,2020,6,0,7,71,36,26,139,0,1,1,-33.57688,145.521541,51,1,0,1,0,2,0,0,2,0,7,100,2,1945,1945,5,16,40,1,0,1,0,0
1234653,2,2020,2020,8,3,6,2209,17,157,2205,0,1,2,-34.011322,151.094624,68,0,2,0,1,0,0,0,2,0,7,70,2,1850,1463,5,5,40,2,0,0,1,0
1234656,4,2020,2020,0,0,8,19,27,22,122,0,1,2,-34.520324,150.871609,80,0,2,1,1,0,0,0,2,0,7,80,2,9859,9859,1,0,5,5,0,1,0,0
1234657,4,2020,2020,8,1,7,30,27,46,34609,0,1,1,-33.290257,151.39501,16,2,2,0,0,0,3,4,2,0,7,80,0,3775,3775,0,5,25,2,0,1,0,0
1234658,2,2020,2020,8,2,7,7,31,107,157,1,0,10,-29.674146,152.934122,18,2,1,1,1,0,3,4,2,0,0,50,2,6545,6545,4,10,5,2,0,0,3,0
1234662,2,2020,2020,8,2,4,103,27,176,167,0,1,9,-33.97156,151.136338,4,0,2,1,0,0,0,0,2,3,9,60,2,14295,14295,3,5,5,3,0,0,1,0
1234663,2,2020,2020,8,5,2,12,27,35,103,0,1,1,-32.097086,152.370881,43,2,1,0,0,0,3,0,0,0,7,60,1,1957,4009,8,5,40,1,0,0,1,0
1234665,4,2020,2020,0,4,2,52,27,438,103,0,1,10,-33.863758,151.018539,21,0,2,1,1,0,3,0,1,2,7,50,1,6545,6545,4,9,13,2,0,1,0,1
1234666,2,2020,2020,6,6,6,81,31,77,34609,0,1,7,-33.034122,151.658276,37,0,2,0,1,0,0,0,2,0,0,50,0,4552,5151,8,5,40,1,0,0,1,0
1234669,4,2020,2020,8,4,6,1,27,1,34609,0,1,1,-34.960798,150.543776,63,2,1,0,0,0,3,4,2,0,7,60,0,1957,4009,8,10,40,1,0,1,0,0
1234670,2,2020,2020,6,4,4,69,31,155,34609,0,1,10,-33.136408,148.183626,53,2,1,1,0,0,0,0,2,0,0,50,0,6545,6545,4,0,36,2,0,0,3,0
1234671,4,2020,2020,8,6,9,387,27,290,331,0,1,9,-33.960415,151.116655,4,0,2,1,2,0,0,0,3,0,0,60,2,1669,1669,3,30,19,3,0,1,0,0
1234673,2,2020,2020,8,2,5,8,1,63,34609,0,1,1,-33.244454,151.51127,16,2,2,1,1,0,0,0,2,0,7,50,0,945,945,5,5,40,1,0,0,1,0
1234674,4,2020,2020,8,3,10,123,27,304,34609,0,1,1,-33.917965,151.156734,32,0,2,1,0,0,0,0,0,0,7,50,0,9859,9859,1,5,10,2,0,1,0,0
1234675,1,2020,2020,8,5,9,866,17,44,793,0,1,2,-33.797196,150.97611,54,0,2,1,2,0,0,0,0,0,7,70,2,13,188,1,9,0,3,0,0,0,1
1234677,4,2020,2020,8,3,7,114,27,22,65,0,1,1,-33.452142,151.068681,16,2,2,0,0,0,0,0,2,0,7,60,1,4552,5151,8,16,40,1,0,1,0,0
1234679,2,2020,2020,0,6,8,6,31,89,34609,0,1,9,-33.894821,151.230502,69,0,2,1,3,0,0,0,2,0,0,40,0,14295,14295,3,10,18,2,0,0,1,0
1234685,4,2020,2020,8,1,6,3371,17,35,3342,0,1,2,-29.936307,153.095929,18,1,0,1,1,0,0,0,2,0,7,110,2,9859,9859,8,5,40,1,0,1,2,1
1234688,1,2020,2020,6,6,7,2261,17,30,2252,0,1,2,-34.800541,148.506512,30,1,0,1,0,0,0,0,2,0,7,110,2,9859,9859,8,3,40,1,0,0,0,1
1234689,4,2020,2020,7,0,4,19,31,234,34609,0,1,10,-34.289356,146.03508,28,2,1,1,1,0,0,0,2,0,0,50,0,6545,6545,4,5,13,2,0,1,3,0
1234690,4,2020,2020,8,5,10,14,27,44,34609,0,1,1,-30.719383,152.90013,47,1,0,0,0,0,3,4,0,0,7,100,0,1259,5151,8,5,40,1,0,1,0,1
1234693,2,2020,2020,0,4,2,117,1,115,121,0,1,2,-34.036669,151.077096,68,0,2,1,2,0,0,0,1,0,7,60,1,14295,14295,3,0,13,2,0,0,2,0
1234694,4,2020,2020,0,1,7,222,27,54,40,0,1,9,-33.648597,150.879489,29,2,2,1,1,0,0,0,2,0,7,80,1,5929,5929,1,8,0,2,0,1,0,0
1234696,4,2020,2020,8,1,4,346,17,47,332,0,1,1,-28.833059,153.426064,2,1,0,1,0,0,0,0,2,0,7,100,2,3775,3775,0,5,10,2,0,1,0,1
1234699,1,2020,2020,8,4,7,2,1,175,34609,0,1,9,-33.763361,151.064933,54,0,2,1,3,0,0,0,2,0,7,50,0,1391,1391,1,5,25,2,0,0,0,2
1234700,4,2020,2020,0,3,4,1,1,202,34609,0,1,10,-33.9547,151.029068,15,0,2,1,1,0,0,0,2,0,0,60,0,2040,2040,9,5,28,2,0,1,0,0
1234701,4,2020,2020,0,2,6,2,27,19,34609,0,1,9,-33.635612,151.048942,31,0,2,1,0,0,0,0,2,0,7,60,0,1945,1945,5,16,40,2,0,1,1,0
1234702,4,2020,2020,7,4,8,293,31,523,34609,0,1,9,-33.922543,150.923721,41,0,2,1,1,0,3,3,2,2,9,40,0,2040,2040,9,19,28,2,0,1,0,0
1234705,1,2020,2020,6,2,8,3371,17,5,3342,0,1,2,-33.098239,151.632046,37,0,2,1,3,0,0,0,0,0,7,100,2,1383,1383,1,9,5,2,0,0,0,1
1234707,1,2020,2020,3,5,7,177,31,314,208,0,1,10,-33.861977,150.93895,24,0,2,1,3,0,0,0,2,2,7,60,1,14295,14295,3,0,5,2,0,0,0,1
1234709,1,2020,2020,6,5,4,1,7,609,34609,1,2,9,-33.789619,150.902139,7,0,2,1,3,0,0,0,2,0,7,40,0,5929,5929,1,5,5,2,0,0,0,1
1234710,1,2020,2020,7,2,2,387,27,115,331,0,1,1,-33.959313,151.070682,25,0,2,1,3,0,0,0,1,0,7,60,2,9859,9859,1,5,5,2,0,0,0,1
1234711,1,2020,2020,7,2,4,2261,17,443,2252,0,1,9,-33.886008,151.0682,67,0,2,1,3,0,0,0,2,2,7,60,2,14295,14295,3,10,0,2,0,0,0,1
1234712,2,2020,2020,6,5,7,2261,17,187,2252,0,1,10,-33.889499,150.97312,24,0,2,1,3,0,0,0,2,2,7,70,2,14295,14295,3,9,5,2,0,0,1,0
1234714,1,2020,2020,6,2,7,59,10,89,34609,0,1,9,-33.894849,151.231874,59,0,2,0,3,0,0,0,2,0,15,30,0,775,775,4,15,27,2,0,0,0,1
1234715,1,2020,2020,8,0,8,46,1,443,34609,0,1,7,-33.899517,151.04924,15,0,2,1,3,0,0,0,3,0,0,50,0,6545,6545,4,30,27,2,0,0,0,1
1234719,1,2020,2020,6,1,10,46,1,443,34609,0,1,7,-33.901546,151.048737,15,0,2,1,3,0,3,4,0,0,0,60,0,14295,14295,3,5,19,2,0,0,0,1
1234720,4,2020,2020,6,6,4,330,27,147,605,0,1,9,-33.754378,151.284386,50,0,2,0,3,0,0,3,2,2,7,60,2,515,515,1,19,19,2,0,1,0,0
1234724,1,2020,2020,8,0,5,2261,17,443,2252,0,1,9,-33.896944,151.049967,15,0,2,1,3,0,0,0,2,2,7,70,2,14295,14295,3,0,0,2,0,0,0,1
1234726,1,2020,2020,3,2,6,25,31,460,92,0,1,7,-33.837719,150.996796,21,0,2,1,3,0,0,0,2,0,0,60,1,1192,1192,1,0,36,2,0,0,0,1
1234729,2,2020,2019,10,5,7,3,27,8,34609,0,1,1,-36.618882,149.926456,5,1,0,0,3,2,0,0,2,0,7,100,0,782,957,5,10,40,1,0,0,1,0
1234731,1,2020,2020,6,6,6,171,1,387,104,0,1,9,-33.934183,151.197085,4,0,2,1,1,0,0,0,2,0,7,60,2,1282,1282,1,9,5,2,0,0,0,1
1234733,2,2020,2020,6,6,5,133,10,25,121,0,1,1,-31.545154,152.861065,56,2,1,0,1,0,0,0,2,0,7,50,1,1669,1669,3,34,0,2,0,0,1,0
1234734,2,2020,2020,3,4,3,29,31,57,34609,1,0,10,-32.820873,151.476658,17,2,1,1,1,0,0,0,2,0,0,50,0,6545,6545,4,5,36,2,0,0,2,0
1234736,2,2020,2020,8,4,6,15,31,87,72,0,1,1,-28.801962,153.288617,39,2,1,1,0,0,0,0,2,0,7,60,2,1669,1669,3,5,0,2,0,0,1,0
1234737,1,2020,2020,6,0,5,251,27,64,212,1,0,2,-33.758472,151.219553,50,0,2,1,3,0,3,4,2,0,7,70,2,1282,1282,1,21,27,2,0,0,0,1
1234740,1,2020,2020,6,5,3,23,31,52,38,0,1,10,-33.906257,151.264229,76,0,2,1,3,0,0,0,0,0,0,50,1,515,515,1,5,27,2,0,0,0,1
1234741,4,2020,2020,8,1,5,220,27,187,222,0,1,2,-33.791239,150.979497,54,0,2,0,1,0,0,3,2,0,7,80,2,1383,1383,1,5,5,2,0,1,0,1
1234742,2,2020,2020,0,4,10,829,27,165,770,0,1,2,-33.856004,151.159151,14,0,2,1,2,0,0,0,0,0,7,60,2,515,515,1,5,18,2,0,0,1,0
1234743,1,2020,2020,6,5,8,1104,11,34,770,0,1,6,-33.862648,151.204981,69,0,2,1,1,0,0,0,2,0,7,70,2,14295,14295,3,5,0,2,0,0,0,1
1234744,2,2020,2020,6,6,7,15,31,99,30,0,1,1,-33.88582,151.269527,76,0,2,1,0,0,0,0,2,0,7,50,1,387,387,1,22,0,2,0,0,1,0
1234745,1,2020,2020,3,0,3,62,10,122,62,0,1,10,-33.425312,151.34462,16,2,2,1,1,0,3,4,2,2,7,50,2,14295,14295,3,5,36,2,0,0,0,1
1234746,2,2020,2020,3,2,3,2261,17,30,2252,0,1,2,-35.541826,147.539518,27,1,0,1,0,0,0,0,1,0,7,110,2,4026,4026,8,3,40,1,0,0,2,0
1234747,4,2020,2020,6,5,10,109,27,137,105,0,1,9,-33.896655,150.912255,24,0,2,1,2,0,0,0,0,0,7,60,2,941,941,1,5,5,3,0,2,0,0
1234750,4,2020,2020,8,0,8,13,27,278,24,0,1,9,-33.766732,151.043053,54,0,2,1,2,0,0,0,3,0,0,50,1,5929,5929,1,5,19,2,0,1,0,0
1234755,2,2020,2020,8,6,6,51,27,69,63,0,1,9,-34.554401,150.853294,62,0,2,1,1,0,0,0,2,2,7,70,2,2852,2852,4,5,5,2,0,0,1,0
1234759,1,2020,2020,6,2,8,3371,17,31,3342,0,1,9,-30.336114,153.079836,19,2,1,1,1,0,0,0,3,0,15,60,2,6545,6545,4,0,0,2,0,0,0,1
1234775,4,2020,2020,8,2,10,89,27,4,34609,0,1,1,-32.727801,151.521608,42,2,1,0,0,0,0,0,0,0,7,60,0,4552,5151,8,30,40,1,0,1,0,0
1234776,2,2020,2020,6,5,8,191,27,370,68,0,1,1,-34.058561,150.815264,13,0,2,1,2,0,0,0,0,0,7,60,1,395,395,1,8,19,2,0,0,1,0
1234777,4,2020,2020,6,5,7,387,27,290,331,0,1,9,-33.955986,151.118502,4,0,2,1,3,1,2,6,2,0,7,60,2,1669,1669,3,15,5,3,0,1,0,0
1234779,1,2020,2020,8,4,8,20,27,62,31,0,1,9,-33.755751,151.263401,50,0,2,1,1,0,0,0,2,0,15,50,1,6545,6545,4,0,0,2,0,0,0,1
1234783,4,2020,2020,8,6,11,255,27,71,166,0,1,1,-33.264316,151.544521,16,2,2,1,2,0,0,0,0,0,7,50,2,9859,9859,8,5,40,1,0,1,0,0
1234784,4,2020,2020,8,6,5,1,22,106,34609,0,1,1,-34.57697,150.80554,62,0,2,1,0,0,3,0,2,0,7,60,0,1109,787,1,5,19,2,0,1,0,0
1234786,2,2020,2020,0,0,9,2126,17,19,2149,0,1,9,-33.434936,149.921131,40,1,0,1,2,0,0,0,0,0,7,100,2,1850,777,5,16,40,1,0,0,1,0
1234789,2,2020,2020,8,2,9,478,17,45,480,0,1,7,-33.350338,151.492297,16,2,2,1,3,0,0,0,2,0,7,50,2,9859,9859,8,5,40,1,0,0,1,0
1234793,2,2020,2020,8,6,8,10,27,13,34609,0,1,1,-35.197179,150.449611,63,2,1,1,1,2,0,0,2,0,7,40,0,945,945,5,3,40,1,0,0,1,0
1234794,4,2020,2020,8,2,8,283,27,91,702,0,1,9,-33.969796,151.098034,25,0,2,1,0,0,0,0,2,0,0,60,2,926,926,4,16,13,4,0,1,1,0
1234795,4,2020,2020,8,4,8,84,27,252,31,1,0,1,-33.945472,150.890896,41,0,2,1,1,0,0,0,2,0,9,60,1,591,591,1,22,41,2,0,1,0,0
1234798,4,2020,2020,8,0,5,2209,17,25,2205,0,1,2,-34.123602,150.992306,68,0,2,1,1,0,0,0,2,0,7,100,2,1945,1945,5,22,40,1,0,1,0,0
1234803,2,2020,2020,7,6,4,73,24,115,88,0,1,1,-33.761193,151.232404,50,0,2,1,0,0,0,0,2,0,7,80,2,4026,4026,8,5,40,1,0,0,1,0
1234807,4,2020,2020,8,4,9,1,36,35,34609,0,1,1,-30.00856,148.115507,51,2,1,1,0,0,0,0,0,0,7,50,0,14295,14295,3,16,19,2,0,1,0,1
1234808,1,2020,2020,6,5,5,112,17,207,112,0,1,10,-31.951639,141.454107,51,2,1,1,0,0,0,0,2,0,0,50,2,6545,6545,4,0,5,2,0,0,0,1
1234828,2,2020,2020,8,6,6,5,27,2,34609,0,1,1,-36.698065,149.897999,5,1,0,1,0,2,0,0,2,0,7,100,0,9859,9859,8,5,40,1,0,0,1,0
1234829,2,2020,2020,0,6,8,36,27,148,34609,0,1,1,-36.054837,146.952545,0,2,1,0,3,0,0,0,2,0,7,50,0,2585,4009,8,30,40,1,0,0,1,0
1234831,2,2020,2020,6,4,7,19,27,87,34609,0,1,1,-33.688416,150.940258,71,0,2,1,3,0,0,0,2,0,7,60,0,14295,14295,3,5,36,2,0,0,1,1
1234832,4,2020,2020,6,2,0,1,27,15,34609,0,1,1,-33.003434,151.441367,37,0,2,0,0,2,0,0,0,0,7,100,0,418,714,5,30,40,1,0,2,0,0
1234835,4,2020,2020,6,6,7,133,10,316,121,0,1,1,-31.485661,152.913427,56,2,1,1,0,0,3,4,2,0,15,70,1,1981,1981,4,0,0,2,0,2,0,1
1234839,1,2020,2020,3,6,1,14,27,14,34609,0,1,1,-34.448576,148.524025,30,1,0,1,3,0,0,0,0,0,7,100,0,945,945,5,0,40,1,0,0,0,3
1234842,1,2020,2020,0,6,6,27,27,27,49,1,0,1,-33.763074,151.279924,50,0,2,1,1,0,0,0,2,0,7,60,1,1945,1945,5,15,40,1,0,0,0,1
1234844,2,2020,2020,7,1,9,1104,14,113,962,0,1,3,-33.784816,150.725377,55,0,2,1,1,0,0,0,2,0,7,110,2,9859,9859,8,5,40,1,0,0,3,1
1234846,2,2020,2020,8,4,9,2126,17,163,2149,0,1,9,-33.867583,151.097546,14,0,2,1,2,0,3,4,0,0,7,60,2,775,775,4,9,19,2,0,0,1,0
1234847,2,2020,2020,0,6,9,1104,14,445,962,0,1,3,-33.854181,151.061435,54,0,2,1,2,0,0,0,0,0,7,90,2,9859,9859,8,9,40,1,0,0,1,0
1234851,2,2020,2020,8,3,9,104,27,63,140,0,1,2,-33.923419,151.210057,4,0,2,1,3,0,2,6,0,0,7,60,2,186,186,9,22,28,2,0,0,1,0
1234853,4,2020,2020,0,5,3,475,31,204,11,0,1,9,-33.889096,151.131115,32,0,2,1,1,0,0,0,2,0,7,50,1,9859,9859,8,5,40,2,0,1,0,0
1234856,2,2020,2020,6,4,8,346,17,47,332,0,1,9,-28.85137,153.449648,2,2,1,1,3,0,0,0,0,0,0,80,2,5929,5929,1,5,19,2,0,0,1,0
1234857,2,2020,2020,6,1,5,15,27,18,46,0,1,1,-34.937174,150.695972,63,2,1,0,3,0,0,0,2,0,7,80,1,4552,5151,8,30,40,1,0,0,1,0
1234862,1,2020,2020,7,6,4,29,31,139,51,0,1,1,-33.883038,151.140924,32,0,2,1,3,0,0,0,2,0,7,50,1,4026,4026,8,5,40,1,0,0,0,1
1234864,1,2020,2020,6,1,9,220,27,46,222,0,1,2,-33.785623,150.971833,54,0,2,1,3,0,0,0,3,0,7,80,2,1391,1391,1,0,5,2,0,0,0,1
1234867,1,2020,2020,0,4,5,100,31,363,38,0,1,1,-33.813727,151.000078,54,0,2,1,0,0,0,0,2,0,7,60,1,1109,787,1,9,0,2,0,0,0,1
1234868,2,2020,2020,6,6,6,2261,17,45,2252,0,1,10,-33.889645,150.973104,15,0,2,1,3,0,0,0,2,2,8,70,2,1391,1391,1,0,35,2,0,0,1,0
1234869,1,2020,2020,7,2,8,2,27,15,34609,0,1,1,-30.898584,150.661423,70,1,0,1,3,0,0,0,2,0,7,100,0,1945,1945,5,16,40,1,0,0,0,1
1234870,2,2020,2020,6,3,8,46,1,204,34609,0,1,9,-33.898251,151.127391,32,0,2,1,3,0,3,4,2,0,7,50,0,1957,777,1,0,5,2,0,0,1,0
1234873,2,2020,2020,6,4,8,28,31,137,54,0,1,10,-34.028339,151.05535,68,0,2,1,3,0,0,0,2,2,7,60,2,14295,14295,3,10,36,3,0,0,1,0
1234875,1,2020,2020,5,6,5,3,31,271,34609,0,1,10,-33.963123,151.017624,15,0,2,1,3,0,0,0,2,0,15,50,0,6545,6545,4,5,41,2,0,0,0,1
1234878,1,2020,2020,6,6,6,29,1,83,34609,0,1,1,-33.882274,150.846175,41,0,2,1,3,0,0,0,2,0,7,50,0,1391,1391,1,5,5,2,0,0,0,1
1234880,1,2020,2020,6,5,7,10,27,197,34609,0,1,7,-33.805357,151.125793,61,0,2,1,3,0,0,0,2,0,7,50,0,6545,6545,4,5,5,2,0,0,0,1
1234882,2,2020,2020,6,1,10,12,27,43,34609,0,1,1,-33.564142,150.767113,29,2,2,1,0,0,0,0,0,0,7,60,0,9859,9859,8,10,40,1,0,0,1,0
1234887,1,2020,2020,6,6,2,344,27,44,369,0,1,9,-33.742338,150.715903,55,0,2,1,3,0,0,0,1,2,7,70,2,395,395,1,5,0,2,0,0,0,1
1234891,1,2020,2020,6,1,8,2126,17,55,2149,0,1,9,-33.795601,150.8894,7,0,2,1,3,0,0,0,3,0,15,80,2,14295,14295,3,9,5,2,0,0,0,1
1234892,2,2020,2020,6,3,9,13,27,65,208,0,1,9,-33.860939,150.901169,24,0,2,0,3,0,3,4,3,2,7,50,1,5929,5929,1,0,5,2,0,0,1,0
1234895,2,2020,2020,8,2,4,54,27,284,18,0,1,9,-33.898109,151.030014,15,0,2,1,2,0,0,0,2,0,15,60,1,6545,6545,4,5,5,2,0,0,1,1
1234896,4,2020,2020,6,5,5,8,27,20,34609,0,1,9,-32.950905,151.577272,37,0,2,1,1,0,3,4,2,0,0,80,0,14295,14295,3,10,10,2,0,1,0,0
1234898,1,2020,2020,6,0,3,308,14,88,311,0,1,3,-33.752401,150.846524,7,0,2,1,3,0,3,3,2,0,7,100,2,1282,1282,1,8,5,2,0,0,0,1
1234905,1,2020,2020,6,5,3,44,31,41,605,0,1,2,-33.786372,151.266752,50,0,2,1,1,0,0,0,2,0,7,60,2,1220,1220,9,16,28,2,0,0,0,2
1234906,2,2020,2020,6,0,9,3,31,87,34609,0,1,10,-33.697333,150.960849,71,0,2,1,2,0,0,0,0,0,0,60,0,6545,6545,4,5,12,2,0,0,1,0
1234913,4,2020,2020,6,6,6,27,27,84,35,1,0,2,-33.804983,150.986449,54,0,2,1,1,0,0,0,2,0,7,40,1,9859,9859,8,0,40,1,0,1,0,0
1234919,2,2020,2020,6,5,4,481,17,562,483,0,1,10,-32.234055,148.611257,22,2,1,1,0,0,0,0,2,0,0,60,2,6545,6545,4,5,5,2,0,0,1,0
1234921,2,2020,2020,6,2,7,3371,17,15,3342,0,1,2,-30.232531,153.147708,19,1,0,0,0,0,0,3,2,0,7,110,2,14295,14295,3,3,37,2,0,0,1,0
1234925,4,2020,2020,6,0,4,37,1,119,34609,0,1,9,-32.761639,151.755038,57,2,1,1,1,0,0,0,2,0,7,50,0,1669,1669,3,5,36,2,0,1,0,0
1234927,2,2020,2020,8,3,5,77,31,163,69,0,1,10,-33.865795,151.105985,14,0,2,1,1,0,0,0,2,2,7,60,2,5929,5929,1,5,5,2,0,0,1,1
1234929,2,2020,2020,0,1,0,866,17,278,793,0,1,9,-33.758846,151.048935,54,0,2,0,2,0,0,0,0,2,7,60,2,14295,14295,3,5,5,2,0,0,1,0
1234931,4,2020,2020,6,3,5,1,34,182,34609,0,1,1,-32.800579,151.407635,17,2,1,0,0,2,3,4,2,0,7,50,0,1850,1463,5,16,40,1,0,1,0,0
1234938,2,2020,2020,6,4,7,147,27,224,21,0,1,9,-33.827909,151.244052,45,0,2,1,0,0,0,0,2,0,9,50,1,1220,1220,9,9,28,2,0,0,1,0
1234940,2,2020,2020,8,1,3,84,10,51,80,0,1,1,-34.206075,150.971855,80,0,2,1,0,0,0,0,0,0,7,70,2,9859,9859,8,5,40,1,0,0,1,0
1234942,4,2020,2020,8,2,11,6,31,204,34609,0,1,1,-33.894444,150.948129,24,0,2,1,0,0,0,0,0,0,7,50,0,9859,9859,1,5,5,3,0,1,0,0
1234953,4,2020,2020,6,2,8,5,27,1,1,0,1,1,-31.83936,150.522986,51,1,0,0,0,0,0,0,2,0,7,100,1,1850,1463,5,16,40,1,0,1,0,0
1234956,1,2020,2020,8,2,3,330,27,125,25,0,1,1,-33.822513,151.133977,51,0,2,1,3,0,0,0,2,0,7,60,1,1391,1391,1,5,5,2,0,0,0,2
1234963,1,2020,2020,6,6,8,205,27,45,415,0,1,10,-33.700735,151.212493,50,0,2,1,3,0,0,0,2,2,0,80,2,14295,14295,3,10,5,2,0,0,0,1
1234964,1,2020,2020,7,0,4,125,27,55,123,0,1,7,-33.365284,151.461054,16,2,2,0,3,0,0,0,2,0,0,60,2,14295,14295,3,5,5,2,0,0,0,1
1234965,1,2020,2020,0,0,0,102,31,107,53,0,1,9,-33.881998,151.19741,69,0,2,1,3,0,3,4,0,0,7,50,2,1850,985,5,15,40,1,0,0,0,1
1234966,1,2020,2020,6,1,4,154,27,443,244,0,1,10,-33.909582,151.075461,15,0,2,0,3,0,0,3,2,2,7,60,2,515,515,1,0,5,2,0,0,0,1
1234967,2,2020,2020,6,0,3,15,31,228,34609,0,1,7,-34.754188,149.721875,26,2,1,1,3,0,3,6,1,0,0,60,0,4026,4026,8,5,40,1,0,0,1,0
1234968,1,2020,2020,6,5,10,191,17,562,189,0,1,7,-32.241296,148.621951,22,2,1,1,3,0,0,0,0,0,0,60,2,14295,14295,3,0,0,2,0,0,0,1
1234971,2,2020,2020,6,5,4,81,31,133,80,0,1,7,-33.922165,151.013,15,0,2,1,3,0,0,0,2,0,7,60,1,1669,1669,3,5,36,2,0,0,1,0
1234973,1,2020,2020,5,4,9,18,36,3,19,0,1,9,-32.661826,148.739063,22,1,0,1,3,0,0,0,0,0,7,100,1,1089,1089,7,5,40,1,0,0,0,1
1234974,1,2020,2020,6,1,4,10,31,74,34609,0,1,10,-34.02842,150.776953,12,0,2,1,3,0,0,0,2,0,7,50,0,395,395,1,5,36,2,0,0,0,1
1234975,1,2020,2020,6,5,4,125,27,290,103,0,1,1,-33.862614,151.00323,21,0,2,1,3,0,0,0,2,0,7,60,1,14295,14295,3,21,5,2,0,0,0,2
1234980,1,2020,2020,6,1,8,9,27,47,34609,0,1,9,-28.844476,153.444596,2,2,1,1,1,0,0,0,2,0,0,60,0,1669,1669,3,33,27,2,0,0,0,1
1234981,2,2020,2020,0,4,4,6,10,10,6,0,1,1,-35.690627,150.22789,23,2,1,0,0,0,3,4,2,0,7,80,1,380,714,5,5,40,1,0,0,1,0
1234988,2,2020,2020,6,1,8,1,27,1,34609,0,1,1,-35.347658,149.875634,58,2,1,1,0,2,0,0,0,0,7,80,0,475,475,5,10,40,1,0,0,2,1