Crash ID,Degree of crash - detailed,Reporting year,Year of crash,Month of crash,Day of week of crash,Two-hour intervals,Street of crash,Street type,Town,Route no.,School zone location,School zone active,Type of location,Latitude,Longitude,LGA,Urbanisation,Conurbation 1,Alignment,Street lighting,Road surface,Surface condition,Weather,Natural lighting,Signals operation,Other traffic control,Speed limit,Road classification,RUM - code,DCA - code,First impact type,Key TU type,Other TU type,No. of traffic units involved,No. killed,No. seriously injured,No. moderately injured,No. minor-other injured
1234992,4,2020,2020,8,2,7,481,17,27,483,0,1,1,-32.496697,148.305662,51,1,0,1,0,0,0,0,2,0,7,110,2,83,83,5,16,40,1,0,1,0,0
1234994,4,2020,2020,8,0,4,1,27,10,34609,0,1,9,-34.308108,146.071092,28,2,1,1,0,0,0,0,2,0,0,80,0,6545,6545,4,5,13,2,0,1,1,0
1234995,2,2020,2020,6,4,5,500,27,646,799,0,1,2,-33.934629,151.035915,15,0,2,1,1,0,0,0,2,0,7,60,2,1981,1981,4,0,27,2,0,0,1,0
1234996,4,2020,2020,6,1,9,143,31,134,34609,0,1,1,-33.679243,150.864691,7,0,2,1,2,0,0,0,0,0,7,50,0,9859,9859,1,0,5,2,0,1,0,2
1234997,4,2020,2020,6,1,5,6,31,87,34609,0,1,2,-28.810069,153.27499,39,2,1,1,1,0,0,0,2,0,7,50,0,2040,2040,9,5,28,2,0,1,0,0
1234998,4,2020,2020,6,6,3,1,31,28,34609,0,1,10,-33.800908,151.20149,77,0,2,1,0,0,0,0,2,0,7,50,0,5929,5929,1,10,27,2,0,1,0,0
1235000,2,2020,2020,6,6,7,52,27,78,103,0,1,1,-33.862819,151.011423,21,0,2,1,0,0,3,2,2,0,7,50,1,1945,1945,5,16,40,1,0,0,1,0
1235006,2,2020,2020,4,4,8,220,14,12,220,0,1,3,-34.430005,150.867404,80,0,2,1,0,0,3,4,2,0,7,100,2,14295,14295,3,5,5,2,0,0,1,0
1235007,4,2020,2020,8,4,9,45,27,110,45,0,1,9,-33.743496,151.047112,71,0,2,0,2,0,3,4,0,2,7,60,2,1669,1669,3,30,5,2,0,1,0,0
1235010,2,2020,2020,6,5,7,2,1,50,34609,0,1,1,-33.233418,151.555084,16,2,2,1,1,0,0,0,2,0,9,50,0,2040,2040,9,5,28,3,0,0,1,1
1235017,4,2020,2020,6,4,7,21,31,17,34609,0,1,1,-32.726397,151.533689,42,2,1,1,1,0,0,0,2,0,7,50,0,9859,9859,8,5,40,1,0,2,0,0
1235018,4,2020,2020,8,6,5,79,27,145,159,0,1,10,-33.924089,151.107999,15,0,2,1,1,0,0,0,2,2,9,60,2,2040,2040,9,30,28,2,0,1,0,0
1235019,2,2020,2020,5,6,7,97,27,271,799,0,1,2,-33.938451,151.018164,15,0,2,1,1,0,0,0,2,0,7,70,2,238,238,9,5,28,2,0,0,1,0
1235022,2,2020,2020,6,5,8,194,31,105,34609,0,1,1,-32.61255,149.584353,44,2,1,1,2,0,0,0,3,0,7,50,0,1669,1669,3,5,12,2,0,0,2,0
1235029,4,2020,2020,6,5,5,77,31,273,34609,0,1,1,-34.417114,150.891403,80,0,2,1,1,0,0,0,2,0,7,50,0,368,368,9,5,28,2,0,1,0,0
1235030,2,2020,2020,6,0,11,2209,17,70,2205,0,1,9,-34.862036,150.601034,63,2,1,0,2,0,3,4,0,2,7,70,2,5929,5929,1,30,13,2,0,0,1,4
1235031,2,2020,2020,6,2,8,132,31,252,126,0,1,9,-33.89042,151.209134,69,0,2,1,2,0,0,0,0,2,7,50,2,6545,6545,4,15,27,2,0,0,2,0
1235035,2,2020,2020,6,4,3,29,27,147,69,0,1,10,-33.870147,151.130927,14,0,2,1,2,0,3,3,1,2,7,60,2,2852,2852,4,0,5,2,0,0,2,1
1235036,1,2020,2020,6,1,2,8,27,16,34609,0,1,1,-33.268279,151.490566,16,2,2,1,2,0,3,4,0,0,7,50,0,1282,1282,1,5,5,3,0,0,0,1
1235040,4,2020,2020,6,1,3,19,27,11,16,0,1,1,-31.490865,152.630298,56,2,1,0,0,2,0,0,1,0,7,40,1,4552,5151,8,10,40,1,0,1,0,0
1235042,2,2020,2020,3,2,9,60,10,121,84,0,1,2,-28.20756,153.544854,72,2,1,1,1,0,0,0,3,0,7,60,1,1981,1981,4,33,27,2,0,0,1,0
1235043,2,2020,2020,6,0,7,9,1,55,34609,0,1,10,-33.368191,151.466385,16,2,2,1,1,0,0,0,2,0,0,50,0,6545,6545,4,5,5,2,0,0,2,0
1235044,2,2020,2020,6,4,6,123,1,253,34609,0,1,1,-33.964012,151.099192,25,0,2,1,0,0,0,0,2,0,7,50,0,1981,1981,4,0,27,2,0,0,1,0
1235045,2,2020,2020,6,4,8,98,27,294,198,0,1,9,-33.927709,150.929817,41,0,2,1,2,0,0,0,0,0,7,60,2,14295,14295,3,5,5,2,0,0,1,0
1235046,2,2020,2020,6,1,9,475,10,42,268,0,1,10,-33.883561,150.86481,24,0,2,0,2,0,0,0,0,2,7,70,2,14295,14295,3,5,36,3,0,0,1,0
1235051,4,2020,2020,8,3,8,17,27,3,18,0,1,1,-35.259267,148.272436,66,1,0,1,0,0,0,0,3,0,7,100,1,4026,4026,8,10,40,1,0,1,0,0
1235052,2,2020,2020,6,5,5,225,17,50,180,0,1,9,-34.560963,150.664337,62,0,2,0,0,0,0,0,2,0,7,60,2,323,323,1,16,5,2,0,0,1,0
1235055,2,2020,2020,6,4,8,115,27,113,173,0,1,6,-34.366602,150.858888,80,0,2,0,0,0,0,0,2,0,7,100,2,2585,4009,8,16,40,1,0,0,1,0
1235056,1,2020,2020,6,5,8,34,31,79,8,1,0,6,-33.826972,151.209546,49,0,2,0,2,0,0,0,3,0,9,50,1,2040,2040,9,5,28,2,0,0,0,1
1235059,4,2020,2020,6,2,5,7,27,8,11,0,1,1,-33.448172,146.66346,51,1,0,0,0,0,0,0,2,0,7,100,1,4552,5151,8,0,40,1,0,1,0,0
1235060,2,2020,2020,6,5,7,3371,17,31,3342,0,1,9,-30.336114,153.079836,19,2,1,1,1,0,3,3,2,0,15,60,2,6545,6545,4,5,0,2,0,0,1,0
1235063,2,2020,2020,6,4,5,84,10,39,80,0,1,9,-34.319852,150.914922,80,0,2,1,0,0,0,0,2,0,0,50,2,1383,1383,1,22,13,2,0,0,1,0
1235064,2,2020,2020,6,3,6,3,27,2,34609,0,1,1,-33.041214,151.139379,17,2,1,0,0,2,0,0,2,0,7,50,0,1850,1463,5,16,40,1,0,0,1,0
1235065,2,2020,2020,6,6,3,3,31,443,34609,1,0,10,-33.902958,151.058823,15,0,2,1,2,0,0,0,0,0,0,50,0,2040,2040,9,0,28,2,0,0,1,0
1235070,2,2020,2020,6,3,5,3371,17,207,3342,0,1,1,-33.556031,151.193088,31,0,2,0,1,0,3,0,2,0,7,80,2,4552,5151,8,16,40,1,0,0,1,0
1235073,2,2020,2020,8,3,8,9,10,35,34609,0,1,1,-34.19342,150.70962,79,2,2,0,0,0,0,0,2,0,7,60,0,1850,1463,5,16,40,1,0,0,1,0
1235075,1,2020,2020,6,2,10,30,31,78,34609,0,1,7,-33.860046,151.006821,21,0,2,1,2,0,0,0,0,0,0,50,0,1957,777,1,5,40,3,0,0,0,1
1235077,1,2020,2020,8,4,7,35,31,173,34609,0,1,1,-33.877296,151.214916,69,0,2,1,1,0,0,0,2,0,7,40,0,387,387,1,22,5,2,0,0,0,1
1235078,1,2020,2020,8,5,4,75,10,137,165,0,1,3,-33.92368,151.213274,69,0,2,1,1,0,0,0,2,0,7,80,2,14295,14295,3,5,5,2,0,0,0,2
1235081,4,2020,2020,8,6,8,105,27,174,109,0,1,9,-33.864323,150.912369,24,0,2,1,2,0,0,0,0,0,15,60,1,2852,2852,4,5,13,3,0,3,2,0
1235082,1,2020,2020,0,3,5,3,10,18,34609,0,1,1,-28.392921,153.565342,72,2,1,0,1,0,0,0,2,0,7,50,0,14295,14295,3,22,13,2,0,0,0,1
1235083,4,2020,2020,0,4,3,10,31,87,34609,0,1,9,-34.055374,151.15156,68,0,2,0,2,0,0,6,1,0,0,50,0,5929,5929,1,9,27,2,0,1,0,0
1235085,4,2020,2020,8,0,0,1,1,37,34609,0,1,1,-33.020771,151.67766,37,0,2,1,2,0,0,0,0,0,7,50,0,121,121,9,10,28,2,0,1,0,0
1235086,4,2020,2020,0,6,1,12,27,5,103,0,1,1,-32.082435,152.318345,43,2,1,1,0,0,0,0,0,0,7,60,1,4026,4026,8,5,40,1,0,1,0,0
1235087,4,2020,2020,8,0,3,5,31,52,34609,0,1,1,-33.9045,151.26011,76,0,2,1,0,0,0,0,2,0,7,50,0,368,368,9,8,28,3,0,1,0,0
1235088,2,2020,2020,0,4,10,3,31,94,34609,0,1,10,-33.837115,151.038551,54,0,2,1,2,0,0,0,0,0,15,50,0,6545,6545,4,21,0,2,0,0,1,0
1235089,4,2020,2020,8,1,4,1052,14,83,928,0,1,3,-33.513464,151.192372,16,1,2,0,0,0,0,0,2,0,7,90,2,1957,4009,8,5,40,1,0,1,1,0
1235091,2,2020,2020,0,4,11,2209,17,157,2205,0,1,2,-34.00573,151.111974,68,0,2,0,2,0,3,4,0,0,7,70,2,4552,5151,8,5,40,1,0,0,1,0
1235092,2,2020,2020,6,4,5,222,27,71,165,0,1,9,-33.964607,151.068802,25,0,2,1,1,0,0,0,2,0,0,50,1,1850,777,5,16,40,1,0,0,1,0
1235094,4,2020,2020,6,6,9,4,1,155,95,0,1,1,-33.140581,148.152268,53,2,1,0,0,0,0,0,0,0,7,50,2,418,714,5,10,40,1,0,1,0,0
1235095,1,2020,2020,6,4,3,168,10,387,260,0,1,2,-33.946063,151.177616,4,0,2,1,2,0,0,0,1,0,7,60,2,1192,1192,1,8,12,2,0,0,0,2
1235098,4,2020,2020,8,2,5,5,36,106,34609,0,1,9,-34.571546,150.806615,62,0,2,1,1,0,0,0,2,0,0,50,0,6545,6545,4,5,13,2,0,1,2,0
1235100,1,2020,2020,6,4,5,43,2,92,42,0,1,7,-33.738577,150.950053,71,0,2,1,1,0,0,0,2,0,0,70,2,623,623,3,33,0,2,0,0,0,1
1235107,4,2020,2020,6,4,9,1104,14,140,962,0,1,3,-33.796078,150.847749,7,0,2,1,2,0,0,0,0,0,7,100,2,1192,1192,1,8,5,2,0,2,0,0
1235108,1,2020,2020,6,5,8,82,27,134,181,0,1,9,-33.891609,151.253942,76,0,2,1,3,0,0,0,3,0,0,50,2,1391,1391,1,30,5,3,0,0,0,1
1235112,2,2020,2020,8,2,5,2209,17,27,2205,0,1,2,-34.542288,150.784929,80,0,2,1,3,0,0,0,2,0,7,100,2,14295,14295,3,5,5,2,0,0,1,0
1235113,2,2020,2020,6,3,6,866,17,278,793,0,1,9,-33.777714,151.051952,54,0,2,1,3,0,0,0,2,1,7,60,2,14295,14295,3,30,5,2,0,0,1,0
1235114,2,2020,2020,6,5,5,4,27,29,34609,1,0,1,-33.916758,150.889674,41,0,2,1,3,0,0,0,2,0,7,50,0,9859,9859,1,5,25,3,0,0,1,0
1235117,2,2020,2020,8,5,7,481,17,27,483,0,1,1,-32.551648,148.239452,51,1,0,1,3,0,0,0,2,0,7,110,2,9859,9859,8,5,40,1,0,0,1,0
1235120,1,2020,2020,6,2,6,149,10,346,702,0,1,2,-33.877093,151.067786,67,0,2,1,3,0,0,0,2,0,7,80,2,14295,14295,3,30,5,2,0,0,0,1
1235123,2,2020,2020,6,1,9,361,23,84,35,0,1,9,-33.883125,150.946869,24,0,2,1,3,0,0,0,3,0,0,60,1,301,301,4,5,13,2,0,0,1,0
1235125,2,2020,2020,6,6,8,2209,17,11,2205,0,1,10,-34.8103,150.625111,63,1,0,1,3,0,0,0,3,0,7,100,2,14295,14295,3,0,5,2,0,0,1,0
1235129,1,2020,2020,8,4,7,72,31,363,34609,0,1,9,-33.811938,151.002676,54,0,2,1,3,0,0,0,2,2,7,50,0,14295,14295,3,5,0,2,0,0,0,1
1235133,2,2020,2020,6,5,8,829,31,179,70,0,1,10,-31.911666,152.463838,43,2,1,1,2,0,0,0,3,2,7,60,1,5929,5929,1,5,0,2,0,0,1,0
1235136,4,2020,2020,8,5,6,2,27,132,2,0,1,1,-34.136231,151.100137,68,0,2,0,0,0,0,0,2,0,7,80,2,782,957,5,15,40,1,0,1,0,1
1235138,2,2020,2020,6,4,6,916,17,44,917,0,1,1,-32.060276,150.871278,73,1,0,1,3,0,0,0,2,0,7,100,2,1109,787,1,5,35,2,0,0,1,0
1235142,4,2020,2020,6,2,8,1104,14,460,962,0,1,3,-33.8253,150.99048,54,0,2,1,2,0,0,0,0,0,7,80,2,14295,14295,3,5,36,4,0,1,0,0
1235144,2,2020,2020,6,0,11,165,31,182,34609,0,1,1,-32.825408,151.363451,17,2,1,1,0,0,0,0,0,0,7,50,0,9859,9859,1,5,12,2,0,0,1,1
1235146,2,2020,2020,8,5,5,1,31,215,34609,0,1,9,-35.100249,147.365557,75,2,1,1,1,0,0,0,2,0,0,60,0,2852,2852,4,34,19,2,0,0,1,0
1235149,2,2020,2020,6,4,5,78,23,33,34609,0,1,2,-33.79992,151.086893,61,0,2,1,0,0,0,0,2,0,7,50,0,1282,1282,1,5,40,1,0,0,1,0
1235152,4,2020,2020,0,1,4,11,1,72,74,0,1,10,-33.840072,151.091281,14,0,2,1,1,0,0,0,2,0,0,50,1,6545,6545,4,5,27,2,0,1,0,0
1235155,2,2020,2020,6,6,1,150,27,309,415,0,1,9,-33.803214,151.11359,61,0,2,0,2,0,0,0,0,3,7,70,2,380,714,5,30,40,1,0,0,1,0
1235156,4,2020,2020,6,0,4,98,27,251,136,1,0,9,-33.79116,150.919123,7,0,2,1,1,0,0,0,2,2,7,60,2,1850,985,5,16,40,1,0,1,0,0
1235161,2,2020,2020,6,6,6,7,27,74,34609,0,1,1,-33.768636,150.675458,55,0,2,1,0,0,3,4,2,0,7,50,0,1981,1981,4,34,5,2,0,0,1,1
1235165,2,2020,2020,6,4,3,128,27,85,133,0,1,10,-33.774962,150.666682,55,0,2,1,1,0,0,1,2,1,7,60,2,3775,3775,0,5,5,2,0,0,1,0
1235167,4,2020,2020,6,6,7,5,18,176,34609,0,1,0,-33.96408,151.132957,25,0,2,1,0,0,0,0,2,0,7,50,0,121,121,9,33,28,2,0,1,0,0
1235168,2,2020,2020,6,0,0,500,10,7,34609,0,1,1,-32.731627,151.62353,42,2,1,0,2,0,0,0,0,0,7,50,0,4552,5151,8,5,40,1,0,0,1,1
1235178,2,2020,2020,6,4,4,9,31,460,34609,0,1,10,-33.828481,150.984648,21,0,2,1,0,0,0,0,2,0,7,50,0,14295,14295,3,5,5,2,0,0,1,0
1235180,2,2020,2020,8,2,8,1,27,1,34609,0,1,1,-32.1768,152.289222,43,1,0,1,0,0,0,0,2,0,7,100,0,4026,4026,8,0,40,1,0,0,1,0
1235184,4,2020,2020,8,0,2,2,31,2,34609,0,1,1,-32.878996,151.381179,17,2,1,0,0,0,3,5,1,0,7,60,0,4552,5151,8,5,40,1,0,2,0,0
1235186,4,2020,2020,8,2,10,387,27,115,331,0,1,10,-33.958885,151.063904,25,0,2,1,2,0,0,0,0,2,7,60,2,6545,6545,4,5,5,6,0,1,1,0
1235191,4,2020,2020,6,0,4,6,10,25,34609,0,1,1,-33.718306,148.861317,51,2,1,0,0,0,3,3,2,0,7,60,0,4552,5151,8,5,40,1,0,1,1,0
1235193,1,2020,2020,6,5,8,4,27,91,34609,0,1,1,-33.988617,150.880707,13,0,2,1,2,0,0,0,0,0,7,50,0,1981,1981,4,5,5,2,0,0,0,1
1235194,4,2020,2020,6,2,9,25,31,445,103,0,1,10,-33.864208,151.036072,21,0,2,1,2,0,0,0,0,2,7,50,1,5929,5929,1,22,36,2,0,1,0,0
1235199,2,2020,2020,6,4,8,7,27,44,34609,0,1,1,-33.06712,147.197904,51,1,0,0,0,2,0,0,3,0,7,100,0,1259,5151,8,5,40,1,0,0,2,0
1235201,1,2020,2020,8,6,8,64,27,175,284,0,1,10,-33.775737,151.060074,54,0,2,1,1,0,0,0,3,0,2,60,2,6545,6545,4,9,5,2,0,0,0,1
1235203,2,2020,2020,6,6,3,71,27,10,69,0,1,1,-36.363574,148.479244,65,1,0,0,0,0,1,2,1,0,7,100,2,380,714,5,10,40,1,0,0,2,0
1235204,2,2020,2020,6,5,11,55,36,44,10,0,1,9,-33.035121,147.123378,51,1,0,1,0,0,0,0,0,0,7,100,1,475,475,5,10,40,1,0,0,1,0
1235205,1,2020,2020,8,2,8,133,31,438,34609,0,1,7,-33.85422,151.035021,21,0,2,1,0,0,0,0,2,0,0,50,0,14295,14295,3,5,0,2,0,0,0,1
1235211,2,2020,2020,6,1,7,2126,17,139,2149,0,1,9,-33.884688,151.135667,32,0,2,1,1,0,0,0,2,2,7,60,2,5929,5929,1,10,5,2,0,0,2,2
1235214,2,2020,2020,6,4,6,11,23,18,34609,0,1,1,-33.472635,151.319884,16,2,2,0,1,0,0,0,2,0,7,50,0,3775,3775,0,21,5,2,0,0,2,0
1235217,2,2020,2020,8,0,9,3,18,463,34609,0,1,1,-30.283727,153.091767,19,2,1,1,2,0,0,0,0,0,7,50,0,3775,3775,0,0,5,2,0,0,1,0
1235218,2,2020,2020,6,5,8,5,31,71,34609,0,1,10,-33.265788,151.543262,16,2,2,1,0,0,0,0,3,0,15,50,0,2852,2852,4,30,5,2,0,0,1,0
1235219,1,2020,2020,6,3,6,2261,17,30,2252,0,1,2,-34.812586,148.426029,30,1,0,1,0,0,1,5,2,0,7,110,2,14295,14295,3,5,13,2,0,0,0,2
1235222,2,2020,2020,6,6,7,8,31,102,34609,0,1,9,-31.105176,150.918432,70,2,1,1,0,0,0,0,2,0,9,40,0,1220,1220,9,33,28,2,0,0,1,0
1235226,4,2020,2020,6,0,8,224,27,102,321,0,1,9,-33.954847,151.204962,4,0,2,1,2,0,3,4,0,0,9,50,2,2040,2040,9,5,28,2,0,1,0,0
1235227,2,2020,2020,6,0,4,30,31,85,35,0,1,9,-34.579918,150.777692,62,0,2,1,1,0,0,0,2,0,7,60,1,591,591,1,22,0,2,0,0,1,0
1235228,2,2020,2020,6,4,7,79,10,18,231,0,1,1,-33.465961,151.318672,16,2,2,1,1,0,0,0,2,0,7,60,2,14295,14295,3,9,13,2,0,0,1,0
1235229,4,2020,2020,8,3,5,15,27,87,34609,0,1,1,-33.014137,151.459325,37,0,2,0,0,2,3,0,2,0,7,80,0,1850,1463,5,16,40,1,0,1,0,0
1235230,2,2020,2020,6,0,3,829,31,314,240,0,1,10,-33.851189,150.938721,24,0,2,1,2,0,0,0,1,2,7,60,2,2040,2040,9,33,28,2,0,0,1,0
1235233,2,2020,2020,8,3,6,4,27,174,34609,0,1,1,-33.872752,150.921415,24,0,2,1,0,0,0,0,2,0,7,50,0,5929,5929,1,0,5,2,0,0,2,0
1235234,2,2020,2020,6,3,9,2261,17,243,2252,0,1,10,-33.943524,150.911074,41,0,2,1,2,0,3,0,0,2,7,70,2,5929,5929,1,9,5,2,0,0,2,0
1235237,4,2020,2020,8,0,8,133,31,646,97,0,1,9,-33.917225,151.021484,15,0,2,1,2,0,3,4,3,0,0,60,1,2852,2852,4,30,19,2,0,1,0,0
1235240,2,2020,2020,6,6,11,1,1,251,34609,0,1,1,-33.795211,150.924707,7,0,2,1,3,0,0,0,0,0,7,50,0,237,397,1,5,5,2,0,0,1,0
1235241,1,2020,2020,6,3,8,177,31,174,208,0,1,9,-33.859875,150.92392,24,0,2,1,3,0,0,0,3,0,7,50,1,14295,14295,3,5,0,3,0,0,0,2
1235245,2,2020,2020,6,1,7,89,17,82,34609,0,1,9,-34.378353,150.896333,80,0,2,1,3,0,0,0,2,0,7,60,0,9859,9859,1,5,36,2,0,0,1,0
1235248,1,2020,2020,6,2,7,11,31,460,34609,0,1,10,-33.84481,150.985367,21,0,2,1,3,0,0,0,2,0,15,50,0,6545,6545,4,5,5,2,0,0,0,1
1235249,1,2020,2020,6,5,4,175,27,66,220,0,1,2,-33.72137,150.932663,7,0,2,1,3,0,0,0,2,0,7,70,2,14295,14295,3,5,5,2,0,0,0,1
1235251,1,2020,2020,6,6,6,500,27,129,799,0,1,9,-33.930888,151.065505,15,0,2,1,3,0,0,0,2,0,0,60,2,2852,2852,4,0,0,2,0,0,0,1
1235252,2,2020,2020,5,0,4,481,17,155,483,0,1,10,-33.139045,148.172512,53,2,1,1,3,0,0,0,2,0,7,50,2,14295,14295,3,30,5,3,0,0,2,0
1235253,2,2020,2020,6,1,10,89,17,11,34609,0,1,1,-36.277084,150.104727,23,2,1,1,3,2,0,0,0,0,7,80,0,2585,777,8,0,40,1,0,0,1,0
1235255,1,2020,2020,6,0,8,2209,17,67,2205,0,1,1,-34.433177,150.864212,80,0,2,1,3,0,0,0,0,0,7,60,2,14295,14295,3,5,0,3,0,0,0,1
1235264,1,2020,2020,0,3,8,95,31,271,34609,0,1,9,-33.948714,151.009053,15,0,2,1,0,0,0,0,2,0,0,50,0,368,368,9,5,28,2,0,0,0,1
1235265,4,2020,2020,0,5,5,19,27,22,122,0,1,2,-34.532595,150.868712,80,0,2,1,0,0,0,0,2,0,7,60,2,941,941,1,0,19,3,0,1,0,0
1235266,2,2020,2020,6,2,6,14,27,13,34609,0,1,1,-33.358193,149.06915,52,1,0,1,0,0,0,0,2,0,7,100,0,475,475,5,10,40,1,0,0,1,0
1235267,4,2020,2020,6,4,7,79,10,155,231,0,1,1,-33.478786,151.324166,16,2,2,1,0,0,0,0,2,0,7,60,2,14295,14295,3,16,36,2,0,1,0,0
1235268,4,2020,2020,6,6,4,330,23,54,233,0,1,2,-33.896111,151.221658,69,0,2,1,1,0,3,4,2,0,7,60,2,1945,1945,5,15,40,1,0,1,0,0
1235269,1,2020,2020,6,3,9,866,17,174,793,0,1,10,-33.873784,150.925875,24,0,2,1,2,0,3,4,0,2,7,70,2,5929,5929,1,21,5,2,0,0,0,1
1235270,2,2020,2020,6,0,3,4,27,33,34609,0,1,10,-34.069248,150.720224,12,0,2,1,1,0,0,0,2,0,0,60,0,6545,6545,4,10,5,2,0,0,1,0
1235274,2,2020,2020,7,0,6,35,27,11,34,0,1,1,-30.411617,152.306242,1,1,0,1,0,0,3,3,2,0,7,100,1,4026,4026,8,5,40,1,0,0,1,0
1235275,4,2020,2020,6,1,3,25,27,147,94,0,1,1,-33.881932,150.994637,15,0,2,0,0,0,0,0,2,0,7,60,1,1109,787,1,5,13,2,0,1,0,0
1235279,4,2020,2020,6,2,5,21,10,63,34609,0,1,9,-28.194665,153.507279,72,2,1,1,0,0,0,0,2,0,7,50,0,1669,1669,3,5,27,2,0,1,0,0
1235280,2,2020,2020,6,6,5,40,31,273,18,0,1,9,-34.423672,150.888096,80,0,2,1,0,0,3,3,2,0,7,50,1,5929,5929,1,5,5,2,0,0,1,0
1235281,1,2020,2020,6,2,5,12,31,119,34609,1,0,1,-32.756542,151.75588,57,2,1,1,0,0,0,0,2,0,7,50,0,14295,14295,3,5,36,2,0,0,0,1
1235283,2,2020,2020,6,4,6,9,1,290,34609,0,1,10,-33.85741,150.988358,21,0,2,1,1,0,0,0,2,0,15,50,0,6545,6545,4,0,5,2,0,0,1,0
1235284,1,2020,2020,6,5,7,80,27,316,50,0,1,9,-33.906386,151.231071,59,0,2,1,0,0,0,0,2,2,7,60,2,14295,14295,3,0,5,2,0,0,0,1
1235287,2,2020,2020,8,6,8,3,31,82,34609,0,1,10,-31.07866,150.93212,70,2,1,1,1,0,0,0,3,0,15,50,0,6545,6545,4,0,13,2,0,0,1,0
1235290,1,2020,2020,6,2,10,2261,17,140,2252,0,1,2,-33.904346,151.002105,15,0,2,0,2,0,0,0,0,0,7,70,2,782,957,5,5,40,1,0,0,0,1
1235292,2,2020,2020,6,6,4,3,27,2,34609,0,1,1,-34.134996,149.001362,30,1,0,0,0,0,0,1,2,0,7,100,0,4552,5151,8,0,40,1,0,0,1,0
1235293,2,2020,2020,7,4,8,293,27,66,172,0,1,10,-32.929047,151.642334,37,0,2,0,0,0,0,0,2,2,7,60,2,1669,1669,3,9,5,2,0,0,1,0
1235296,4,2020,2020,6,1,5,15,10,132,34609,0,1,1,-34.098674,151.123553,68,0,2,1,1,0,0,0,2,0,7,80,0,1192,1192,1,5,27,2,0,1,0,0
1235298,2,2020,2020,8,2,7,3,1,173,34609,0,1,1,-33.722645,151.107512,31,0,2,1,1,0,0,0,2,0,7,50,0,3775,3775,0,5,0,2,0,0,1,0
1235299,2,2020,2020,6,2,6,2,27,1,34609,0,1,1,-31.453971,152.625355,56,2,1,0,0,2,0,0,2,0,7,80,0,1850,1463,5,16,40,1,0,0,1,0
1235300,2,2020,2020,0,1,2,10,27,9,143,0,1,1,-34.142038,149.334552,74,1,0,0,0,0,0,0,0,0,7,100,2,1957,4009,8,10,40,1,0,0,1,0
1235301,2,2020,2020,6,0,2,4,31,363,34609,1,0,9,-33.811234,151.011592,54,0,2,1,2,0,0,0,0,0,7,50,0,1669,1669,3,5,5,2,0,0,1,0
1235305,2,2020,2020,6,3,10,17,27,16,11,0,1,1,-34.687828,150.16895,78,2,1,1,0,2,3,5,0,0,7,80,1,1089,1089,7,16,40,1,0,0,1,0
1235306,4,2020,2020,6,0,9,87,31,31,34609,0,1,10,-33.864944,151.032104,21,0,2,1,1,0,0,0,3,0,0,50,0,5929,5929,1,0,27,2,0,1,0,0
1235311,1,2020,2020,8,3,6,147,27,224,605,0,1,2,-33.82737,151.231504,45,0,2,1,0,0,0,0,2,0,7,60,2,14295,14295,3,0,5,2,0,0,0,1
1235313,1,2020,2020,6,5,5,2209,17,77,2205,0,1,9,-33.92703,151.158678,32,0,2,1,2,0,0,0,2,2,7,60,2,1383,1383,1,27,5,3,0,0,0,2
1235314,2,2020,2020,7,5,6,8,10,24,14,0,1,1,-36.914933,149.899517,5,2,1,0,0,0,0,0,2,0,7,70,1,1259,5151,8,10,40,1,0,0,1,0
1235319,1,2020,2020,6,3,9,829,27,26,770,1,0,2,-33.838798,151.141799,51,0,2,1,2,0,0,0,3,0,7,70,2,14295,14295,3,5,0,2,0,0,0,1
1235320,4,2020,2020,3,3,4,11,27,8,34609,0,1,1,-33.359371,150.966809,29,2,2,0,0,2,0,0,2,0,7,80,0,1850,1463,5,16,40,1,0,1,0,0
1235326,4,2020,2020,8,3,6,93,1,11,34609,0,1,1,-33.878302,151.058296,21,0,2,0,0,0,0,0,2,0,7,50,0,1220,1220,9,5,28,2,0,1,0,0
1235328,4,2020,2019,11,4,8,7,27,6,48,0,1,1,-32.613234,151.609904,51,1,0,1,1,0,0,0,2,0,7,100,1,14295,14295,3,5,0,2,0,1,0,1
1235329,2,2020,2020,6,1,6,46,31,201,34609,0,1,10,-34.873323,150.59348,63,2,1,1,0,0,0,0,2,0,0,50,0,9859,9859,8,5,40,1,0,0,2,0
1235330,4,2020,2020,8,2,0,4,27,53,34609,0,1,1,-33.363179,151.430463,16,2,2,0,0,0,3,0,0,0,7,60,0,4552,5151,8,5,40,1,0,1,1,0
1235331,2,2020,2020,0,2,10,169,31,44,57,0,1,7,-28.863278,153.539784,2,2,1,1,2,0,0,0,0,0,0,60,1,9859,9859,8,5,40,1,0,0,1,0
1235332,4,2020,2020,0,3,10,19,31,161,96,0,1,10,-33.8842,151.147612,32,0,2,1,2,0,0,0,0,2,7,50,2,6545,6545,4,0,5,3,0,1,0,0
1235337,4,2020,2020,6,4,6,125,27,38,144,0,1,1,-32.789087,151.920838,57,2,1,0,0,0,0,0,2,0,7,80,2,1259,5151,8,15,40,1,0,1,0,0
1235338,2,2020,2020,6,5,10,2,27,1,34609,0,1,1,-33.008592,148.96784,11,1,0,1,0,0,0,0,0,0,7,100,0,9859,9859,8,5,40,1,0,0,1,0
1235342,4,2020,2020,0,3,5,866,17,187,793,0,1,10,-33.795553,150.989666,54,0,2,1,1,0,0,0,2,2,7,70,2,5929,5929,1,30,5,2,0,1,0,0