Crash ID,Degree of crash - detailed,Reporting year,Year of crash,Month of crash,Day of week of crash,Two-hour intervals,Street of crash,Street type,Town,Route no.,School zone location,School zone active,Type of location,Latitude,Longitude,LGA,Urbanisation,Conurbation 1,Alignment,Street lighting,Road surface,Surface condition,Weather,Natural lighting,Signals operation,Other traffic control,Speed limit,Road classification,RUM - code,DCA - code,First impact type,Key TU type,Other TU type,No. of traffic units involved,No. killed,No. seriously injured,No. moderately injured,No. minor-other injured
1235343,1,2020,2020,6,5,7,18,27,58,34609,0,1,7,-34.047769,151.129998,68,0,2,1,3,0,0,0,2,0,7,50,0,6545,6545,4,5,12,2,0,0,0,1
1235344,2,2020,2020,8,0,10,20,10,55,91,0,1,9,-35.377351,149.189088,58,2,1,1,2,0,3,4,0,2,7,60,2,5929,5929,1,30,5,2,0,0,2,0
1235347,2,2020,2020,8,6,4,2261,17,96,2252,0,1,3,-34.2224,150.674326,79,1,2,1,0,0,0,0,2,0,7,110,2,9859,9859,1,30,5,2,0,0,1,0
1235348,2,2020,2020,6,4,4,2126,17,179,2149,0,1,2,-33.758391,150.718617,55,0,2,1,1,0,0,0,2,0,7,60,2,14295,14295,3,10,13,3,0,0,1,0
1235351,4,2020,2020,6,4,10,137,14,16,70,0,1,3,-32.865606,151.562216,17,1,0,0,0,0,0,0,0,0,7,110,2,14295,14295,3,34,5,2,0,1,1,0
1235352,2,2020,2020,5,4,2,220,27,92,222,0,1,2,-33.731899,150.943002,71,0,2,1,3,0,0,6,0,0,7,80,2,14295,14295,3,5,5,3,0,0,1,1
1235354,1,2020,2020,6,5,9,132,31,252,126,0,1,9,-33.891463,151.212152,69,0,2,1,3,0,0,0,3,0,7,50,2,1669,1669,3,5,0,2,0,0,0,1
1235358,1,2020,2020,7,6,5,21,27,140,34609,0,1,1,-33.894222,150.99752,15,0,2,1,3,0,0,0,2,0,7,60,0,623,623,3,5,5,2,0,0,0,1
1235359,1,2020,2020,6,4,8,280,10,314,82,1,0,10,-33.852716,150.935074,24,0,2,1,3,0,0,0,2,0,15,60,1,6545,6545,4,0,5,2,0,0,0,1
1235362,1,2020,2020,8,3,8,41,27,293,91,0,1,7,-33.952884,151.245981,59,0,2,1,3,0,3,4,3,0,0,60,1,1945,1945,5,16,40,1,0,0,0,1
1235363,1,2020,2020,6,0,9,10,27,104,34,0,1,1,-33.839903,151.219397,49,0,2,0,3,0,3,0,0,0,9,50,1,2040,2040,9,5,28,2,0,0,0,1
1235365,1,2020,2020,6,5,7,109,27,247,106,0,1,1,-33.829617,150.956503,21,0,2,1,3,0,0,0,2,0,7,60,1,1192,1192,1,30,36,2,0,0,0,1
1235369,1,2020,2020,0,3,5,5,27,149,34609,0,1,1,-33.323803,151.357141,16,1,2,1,3,2,3,0,2,0,7,100,0,84,84,8,16,40,1,0,0,0,1
1235370,1,2020,2020,6,2,11,2,31,293,34609,0,1,1,-33.940091,151.23491,59,0,2,1,3,0,0,0,0,0,7,50,0,9859,9859,1,5,5,2,0,0,0,1
1235371,4,2020,2020,6,4,7,3,27,49,34609,0,1,1,-34.388371,147.428156,51,1,0,1,3,2,0,3,2,0,7,100,0,1089,1089,7,0,40,1,0,1,0,0
1235373,4,2020,2020,0,2,6,1,27,21,34609,0,1,1,-32.913673,151.566369,37,0,2,1,0,2,0,0,2,0,7,70,0,3775,3775,0,0,19,2,0,1,1,0
1235375,4,2020,2020,8,6,8,82,27,346,59,0,1,7,-33.869804,151.080389,67,0,2,1,1,0,0,0,3,0,0,50,1,3775,3775,0,22,13,2,0,1,0,0
1235377,1,2020,2020,6,4,3,2209,17,106,2205,0,1,9,-34.568024,150.803086,62,0,2,1,3,0,0,0,1,2,7,60,2,14295,14295,3,5,5,2,0,0,0,1
1235379,2,2020,2020,8,6,9,21,10,40,34609,0,1,10,-34.024412,150.770797,12,0,2,1,2,0,0,0,2,2,7,50,0,14295,14295,3,5,5,2,0,0,1,0
1235381,2,2020,2020,8,2,11,2126,17,609,2149,0,1,2,-33.798502,150.898532,7,0,2,1,2,0,0,0,0,0,7,80,2,14295,14295,3,0,5,2,0,0,2,0
1235383,2,2020,2020,8,5,11,33,27,98,260,0,1,1,-33.019415,151.58369,37,0,2,0,0,0,0,0,0,0,7,60,2,4552,5151,8,10,40,1,0,0,1,0
1235388,4,2020,2020,0,4,11,2,27,4,34609,0,1,1,-30.186873,152.87372,19,2,1,0,0,2,0,0,0,0,7,50,0,2585,4009,8,5,40,1,0,1,0,0
1235389,2,2020,2020,6,2,4,478,17,10,480,0,1,1,-33.435717,151.343798,16,2,2,1,1,0,0,0,2,0,7,60,2,1981,1981,4,30,27,3,0,0,1,0
1235391,1,2020,2020,0,2,6,8,27,31,34609,0,1,1,-35.076095,148.109287,20,2,1,0,0,0,3,3,2,0,7,80,0,4552,5151,8,30,40,2,0,0,0,1
1235393,4,2020,2020,6,5,8,15,27,64,34609,0,1,1,-34.38312,150.896943,80,0,2,1,2,0,0,0,0,0,7,50,0,121,121,9,5,28,2,0,1,0,0
1235394,4,2020,2020,6,2,11,37,1,64,34609,0,1,1,-33.700683,150.752853,55,0,2,1,2,0,0,0,0,0,7,70,0,186,186,9,5,28,2,0,1,1,0
1235402,4,2020,2020,8,2,5,9,31,69,34609,0,1,9,-34.552844,150.852898,62,0,2,1,1,0,0,0,2,0,7,50,0,1945,1945,5,16,40,2,0,1,0,0
1235403,2,2020,2020,8,3,6,2261,17,68,2252,0,1,2,-34.825366,148.954177,82,1,0,0,3,0,0,0,2,0,7,110,2,418,714,5,0,40,1,0,0,1,0
1235404,4,2020,2020,6,4,11,60,27,40,167,0,1,2,-34.022507,151.121137,68,0,2,1,3,0,0,0,0,0,7,70,2,9859,9859,8,10,40,1,0,1,0,0
1235405,2,2020,2020,6,2,9,171,1,387,104,0,1,2,-33.934566,151.194587,4,0,2,1,3,0,0,0,0,0,7,60,2,1383,1383,1,0,2,2,0,0,1,0
1235406,1,2020,2020,6,2,2,14,31,25,148,0,1,1,-32.938717,151.765044,48,0,2,1,2,0,0,0,0,0,7,50,1,9859,9859,8,5,40,1,0,0,0,1
1235407,2,2020,2020,6,1,4,46,36,5,46,0,1,1,-33.1934,149.100642,11,2,1,1,0,2,0,0,2,0,7,40,1,945,945,5,29,40,1,0,0,1,0
1235410,1,2020,2020,8,5,1,2,31,11,102,0,1,9,-34.679174,148.641481,82,2,1,0,2,0,0,1,0,0,7,60,2,2585,4009,8,5,40,1,0,0,0,1
1235412,1,2020,2020,6,2,8,3,27,1,34609,0,1,1,-33.18418,150.240071,40,1,0,0,3,2,0,0,2,0,7,100,0,3775,3775,0,10,13,2,0,0,0,1
1235419,4,2020,2020,0,2,2,229,14,323,237,0,1,3,-33.770519,150.987555,71,0,2,1,2,0,0,0,0,0,7,100,2,9859,9859,8,5,40,1,0,1,0,0
1235434,1,2020,2020,0,4,8,82,31,370,49,0,1,1,-34.068943,150.821555,13,0,2,1,2,0,3,4,3,0,7,60,2,945,945,5,0,40,1,0,0,0,1
1235448,1,2020,2020,6,0,3,178,27,189,101,0,1,1,-33.954018,151.0516,25,0,2,1,3,0,3,4,2,0,7,50,1,14295,14295,3,5,5,3,0,0,0,1
1235450,4,2020,2020,5,2,6,1,27,1,34609,0,1,1,-35.34186,150.340361,63,2,1,0,0,2,0,0,2,0,7,50,0,2585,4009,8,16,40,1,0,1,0,0
1235451,1,2020,2020,0,3,0,193,31,58,34609,0,1,9,-28.542445,153.550022,10,2,1,0,2,0,0,0,0,0,7,50,0,4552,5151,8,9,40,1,0,0,0,1
1235452,2,2020,2020,6,5,6,7,31,90,34609,0,1,10,-32.923028,151.740065,48,0,2,1,1,0,0,0,2,0,0,50,0,6545,6545,4,5,5,2,0,0,1,0
1235455,4,2020,2020,6,0,6,50,27,169,382,0,1,1,-33.772688,150.836842,7,0,2,1,0,0,0,0,2,0,7,60,2,3775,3775,0,5,5,2,0,1,0,0
1235458,2,2020,2020,0,3,0,1,31,79,34609,0,1,1,-33.978173,151.120267,25,0,2,1,2,0,0,0,0,0,7,50,0,9859,9859,1,5,5,3,0,0,1,0
1235461,1,2020,2020,6,6,0,49,31,53,34609,0,1,1,-30.642863,152.990423,47,2,1,0,0,0,0,0,0,0,7,50,0,380,714,5,5,40,1,0,0,0,1
1235462,1,2020,2020,6,2,9,6,7,370,34609,0,1,9,-34.074992,150.803761,13,0,2,0,3,0,0,0,0,0,0,50,0,775,775,4,0,27,2,0,0,0,1
1235464,1,2020,2020,6,4,6,13,31,106,34609,0,1,9,-28.855688,153.047539,60,2,1,1,3,0,3,4,2,0,7,50,0,2852,2852,4,5,5,2,0,0,0,1
1235470,1,2020,2020,6,6,5,62,31,32,34609,0,1,1,-33.978777,151.123791,25,0,2,1,1,0,0,0,2,0,7,50,0,1981,1981,4,10,5,2,0,0,0,2
1235476,4,2020,2020,6,1,7,15,27,16,34609,0,1,9,-33.733496,151.278601,50,0,2,1,1,0,0,0,2,0,7,50,0,340,340,9,10,28,2,0,1,0,0
1235477,2,2020,2020,6,5,4,5,27,3,34609,0,1,1,-36.680417,149.877684,5,2,1,0,0,0,1,0,2,0,7,80,0,4552,5151,8,5,40,1,0,0,1,0
1235478,2,2020,2020,8,5,8,37,31,198,41,0,1,9,-33.910072,151.103583,15,0,2,1,2,0,0,0,0,0,7,40,1,1220,1220,9,30,28,2,0,0,1,0
1235479,2,2020,2020,6,6,4,232,36,64,331,0,1,9,-34.038538,150.74219,12,0,2,1,1,0,0,0,2,0,0,60,2,2852,2852,4,0,22,2,0,0,1,0
1235481,2,2020,2020,5,6,1,12,27,18,42,0,1,1,-33.537026,150.771892,29,2,2,0,1,0,3,0,0,0,7,60,1,1957,4009,8,34,40,1,0,0,1,0
1235482,2,2020,2020,5,6,7,64,27,175,284,0,1,1,-33.773205,151.070697,54,0,2,1,1,0,0,3,2,0,7,60,2,1109,397,1,33,19,2,0,0,1,0
1235486,1,2020,2020,6,1,4,55,10,112,47,0,1,9,-33.438377,151.416458,16,2,2,1,3,0,0,0,2,0,7,70,2,14295,14295,3,5,5,3,0,0,0,1
1235490,2,2020,2020,0,2,8,2,7,11,34609,0,1,1,-34.511304,150.776423,80,0,2,1,1,0,0,0,2,0,7,50,0,1981,1981,4,5,19,2,0,0,2,0
1235491,2,2020,2020,8,0,6,866,17,157,793,0,1,2,-33.792229,151.006339,54,0,2,0,1,0,0,0,2,0,7,90,2,190,190,1,5,5,3,0,0,2,0
1235494,2,2020,2020,6,0,6,348,27,21,100,0,1,9,-33.609492,150.717603,29,2,2,1,0,0,0,0,2,0,15,60,2,2852,2852,4,0,19,2,0,0,1,0
1235497,4,2020,2020,6,2,8,111,27,57,104,0,1,9,-33.945881,151.22703,4,0,2,0,2,0,0,0,0,2,7,60,2,5929,5929,1,10,5,2,0,1,0,0
1235499,4,2020,2020,7,6,7,191,17,6,189,0,1,1,-32.290748,150.514801,46,1,0,0,0,0,3,4,2,0,7,100,2,1259,5151,8,10,40,1,0,1,0,0
1235500,4,2020,2020,8,3,9,387,27,290,331,0,1,9,-33.943316,151.129909,4,0,2,0,2,0,0,0,0,0,7,60,2,63,63,4,0,27,2,0,1,0,0
1235501,1,2020,2020,6,4,5,20,27,108,31,1,0,10,-33.762635,151.270073,50,0,2,1,1,0,0,0,2,2,7,50,1,204,204,1,0,5,2,0,0,0,1
1235508,2,2020,2020,6,6,0,3,31,271,34609,0,1,0,-33.95418,151.012956,15,0,2,1,2,0,0,3,0,0,7,50,0,9859,9859,1,5,5,2,0,0,1,0
1235512,2,2020,2020,8,5,10,14,31,87,34609,1,0,1,-34.066575,151.153958,68,0,2,1,2,0,0,0,0,0,7,50,0,9859,9859,1,5,5,2,0,0,1,0
1235513,1,2020,2020,5,4,3,168,10,387,260,0,1,2,-33.947975,151.166516,4,0,2,1,3,0,0,0,1,0,7,70,2,14295,14295,3,10,5,2,0,0,0,1
1235514,2,2020,2020,6,0,6,63,27,187,17,0,1,1,-33.887596,150.992482,15,0,2,1,3,0,0,0,2,0,7,60,1,14295,14295,3,5,5,2,0,0,1,0
1235515,2,2020,2020,5,5,4,1,27,53,34609,0,1,1,-32.231608,147.976087,51,1,0,1,3,2,0,0,2,0,7,100,0,323,323,1,10,2,2,0,0,1,0
1235520,2,2020,2020,6,3,6,1,31,8,34609,0,1,1,-30.980602,150.448518,51,2,1,1,0,2,0,0,2,0,7,50,0,9859,9859,8,16,40,1,0,0,1,0
1235523,2,2020,2020,6,5,4,3,27,2,34609,0,1,1,-35.930195,149.399991,65,1,0,0,0,2,3,2,2,0,7,100,0,4552,5151,8,5,40,1,0,0,1,0
1235529,2,2020,2020,6,0,5,26,27,26,25,0,1,9,-31.968892,152.583985,43,2,1,1,1,0,0,0,2,0,7,50,1,2040,2040,9,5,28,2,0,0,1,0
1235533,4,2020,2020,6,3,6,8,10,112,114,0,1,1,-33.447799,151.429537,16,2,2,1,1,0,0,0,2,0,7,60,2,14295,14295,3,0,5,3,0,1,0,0
1235538,4,2020,2020,6,1,7,19,27,58,34609,1,0,7,-34.051784,151.131673,68,0,2,1,0,0,0,0,2,0,0,50,0,2040,2040,9,30,28,2,0,1,0,0
1235540,2,2020,2020,6,3,9,3,31,283,34609,0,1,10,-33.844372,151.011658,21,0,2,1,2,0,3,4,0,0,15,50,0,6545,6545,4,5,5,2,0,0,1,0
1235541,4,2020,2020,6,1,7,149,10,346,702,0,1,2,-33.875784,151.067258,67,0,2,1,1,0,0,0,2,0,7,80,2,14295,14295,3,3,5,5,0,1,0,0
1235543,2,2020,2020,6,1,9,5,36,106,34609,0,1,1,-34.574852,150.809007,62,0,2,1,2,0,0,0,0,0,7,50,0,4026,4026,1,30,0,3,0,0,1,0
1235544,4,2020,2020,8,5,7,10,31,646,34609,0,1,9,-33.915916,151.036819,15,0,2,1,1,0,0,0,2,0,9,40,0,2040,2040,9,19,28,2,0,1,0,0
1235549,2,2020,2020,6,2,4,109,27,169,34609,0,1,10,-33.763027,150.838764,7,0,2,1,1,0,0,0,2,0,0,50,0,6545,6545,4,5,5,3,0,0,1,0
1235551,2,2020,2020,5,6,7,348,17,12,232,0,1,9,-32.643051,149.648652,44,1,0,0,0,0,0,0,2,0,7,100,2,323,323,1,30,12,2,0,0,1,0
1235555,4,2020,2020,5,4,7,61,31,92,45,0,1,1,-33.870315,150.984147,24,0,2,1,1,0,0,0,2,0,7,60,1,5929,5929,1,0,5,2,0,1,0,0
1235558,2,2020,2020,0,6,9,72,27,121,102,0,1,9,-33.79668,151.283802,50,0,2,1,2,0,0,0,0,0,7,60,2,941,941,1,9,27,2,0,0,1,0
1235560,4,2020,2020,6,2,7,103,27,10,98,0,1,1,-33.446411,150.819213,29,1,2,0,1,0,0,0,2,0,7,100,2,1850,1463,5,16,40,1,0,1,0,0
1235562,4,2020,2020,8,5,7,177,22,239,176,0,1,9,-34.043006,151.122984,68,0,2,1,1,0,0,0,2,2,7,60,2,14295,14295,3,30,5,2,0,1,0,0
1235563,2,2020,2020,8,2,7,1,27,12,34609,0,1,1,-34.956898,150.660744,63,2,1,1,0,0,0,0,2,0,7,50,0,84,84,6,16,40,1,0,0,1,0
1235568,4,2020,2020,5,4,8,63,31,562,34609,1,0,9,-32.243884,148.641983,22,2,1,1,3,0,0,0,3,0,7,50,0,5929,5929,1,10,0,3,0,1,0,0
1235569,2,2020,2020,6,4,8,97,31,460,92,0,1,9,-33.831112,150.992967,21,0,2,1,2,0,0,0,0,0,0,60,1,1109,787,1,10,13,2,0,0,1,0
1235571,2,2020,2020,6,4,2,39,27,5,29,0,1,1,-32.445272,149.686147,44,1,0,1,0,0,0,1,0,0,7,100,1,1089,1089,7,10,40,1,0,0,1,1
1235574,4,2020,2020,8,0,7,59,27,43,53,0,1,1,-34.187353,150.662891,79,1,2,1,1,0,0,0,2,0,7,100,1,4026,4026,8,5,40,1,0,1,0,0
1235576,2,2020,2020,0,6,11,16,27,11,34609,0,1,1,-33.798669,151.226936,77,0,2,1,2,0,0,0,0,0,7,50,0,4026,4026,8,5,40,1,0,0,1,0
1235577,2,2020,2020,8,6,2,2261,17,68,2252,0,1,6,-34.765597,148.763901,82,1,0,0,3,0,0,0,0,0,7,100,2,2585,4009,8,5,40,1,0,0,1,0
1235582,2,2020,2020,6,5,8,829,27,165,770,0,1,9,-33.847322,151.151901,14,0,2,1,2,0,0,0,3,2,7,60,2,5929,5929,1,5,5,2,0,0,1,0
1235586,4,2020,2020,6,3,5,7,27,45,34609,0,1,1,-33.683475,151.228315,50,0,2,1,1,0,0,0,2,0,7,50,0,1192,1192,1,22,40,2,0,1,0,0
1235590,4,2020,2020,6,1,7,1052,14,36,928,0,1,3,-33.634421,151.148618,31,0,2,1,0,0,0,3,2,0,7,110,2,14295,14295,3,16,0,2,0,1,0,0
1235591,4,2020,2020,6,2,8,4,27,39,34609,0,1,9,-33.242836,151.486394,16,2,2,1,1,0,0,0,3,0,7,50,0,5929,5929,1,5,0,2,0,1,0,0
1235594,2,2020,2020,8,0,7,15,10,121,34609,0,1,1,-28.202084,153.537337,72,2,1,0,1,0,0,0,2,0,7,50,0,1850,1463,5,16,40,1,0,0,1,0
1235595,4,2020,2020,8,1,3,101,10,42,121,0,1,1,-34.03968,151.154448,68,0,2,0,1,0,3,3,2,0,7,70,1,1957,4009,8,5,40,1,0,1,0,0
1235598,4,2020,2020,6,3,5,7,27,8,34609,0,1,1,-34.220137,148.233428,30,1,0,1,0,0,3,3,2,0,7,100,0,9859,9859,8,5,40,1,0,1,0,0
1235600,2,2020,2020,8,5,4,515,14,523,518,0,1,3,-33.937983,150.91291,41,0,2,1,0,0,0,0,2,0,7,100,2,1282,1282,1,5,13,4,0,0,1,0
1235603,4,2020,2020,6,1,7,103,27,14,98,0,1,1,-33.403825,150.778038,29,2,2,0,0,0,0,0,2,0,7,80,2,3775,3775,0,0,36,2,0,1,0,1
1235605,2,2020,2020,5,4,4,3,18,96,34609,0,1,7,-33.386351,148.006365,51,2,1,1,3,0,0,0,2,0,0,50,0,6545,6545,4,5,0,2,0,0,1,0
1235606,2,2020,2020,6,0,7,2,31,112,34609,0,1,1,-33.607151,150.817816,29,2,2,1,3,0,0,0,2,0,7,50,0,1981,1981,4,0,36,2,0,0,1,0
1235608,2,2020,2020,5,1,3,308,14,42,311,0,1,3,-33.893411,150.835619,41,0,2,0,3,0,0,0,1,0,7,100,2,14295,14295,3,8,10,2,0,0,1,0
1235610,4,2020,2020,6,0,5,255,31,609,34609,0,1,1,-33.771615,150.911187,7,0,2,1,1,0,0,0,2,0,7,40,0,368,368,9,21,28,2,0,1,0,0
1235613,4,2020,2020,5,3,6,8,18,175,34609,0,1,9,-33.783753,151.068302,54,0,2,1,1,0,0,0,2,0,7,50,0,380,777,5,16,40,1,0,1,0,0
1235620,1,2020,2020,6,5,4,2261,17,187,2252,0,1,10,-33.889499,150.97312,24,0,2,1,3,0,0,0,2,2,7,70,2,1391,1391,1,5,5,2,0,0,0,1
1235622,1,2020,2020,6,3,8,3,1,137,34609,0,1,10,-33.916138,151.203483,69,0,2,1,3,0,2,6,2,0,15,40,0,301,301,4,30,5,2,0,0,0,1
1235625,2,2020,2020,5,5,8,26,27,16,25,0,1,1,-31.947197,152.501269,43,1,0,1,3,0,0,0,0,0,7,100,1,1391,1391,1,30,5,3,0,0,2,0
1235626,2,2020,2020,6,4,9,195,27,89,186,0,1,7,-33.861702,150.87236,24,0,2,1,3,0,0,0,0,0,0,70,2,1945,1945,5,16,40,1,0,0,1,0
1235628,1,2020,2020,8,1,8,9,31,134,34609,0,1,1,-33.89437,151.246898,76,0,2,1,3,0,3,4,2,0,7,50,0,1391,1391,1,5,36,2,0,0,0,1
1235632,2,2020,2020,6,3,6,169,27,3,12,0,1,1,-33.432658,150.946991,71,0,2,1,3,0,0,0,2,0,7,50,1,186,186,1,10,5,2,0,0,1,0
1235635,2,2020,2020,8,0,3,18,1,112,34609,0,1,9,-33.906604,151.208073,69,0,2,1,1,0,0,3,2,0,7,50,0,2040,2040,9,30,28,2,0,0,1,0
1235640,4,2020,2020,5,4,4,42,27,134,30,0,1,10,-33.893723,151.249505,76,0,2,0,1,0,0,0,2,2,7,50,1,5929,5929,1,5,27,2,0,1,0,0
1235642,1,2020,2020,6,1,8,78,17,34,58,0,1,1,-34.946415,149.017301,82,1,0,1,0,0,3,3,3,0,7,100,2,941,941,1,5,13,2,0,0,0,1
1235643,4,2020,2020,5,6,5,31,27,304,34609,1,0,1,-33.909601,151.151621,32,0,2,1,0,0,0,0,2,0,7,50,0,9859,9859,1,5,0,3,0,1,0,0
1235644,4,2020,2020,6,4,7,104,27,443,702,0,1,2,-33.894495,151.066291,15,0,2,1,1,0,0,0,2,0,7,70,2,1282,1282,1,5,40,1,0,1,0,0
1235646,2,2020,2020,6,5,8,500,27,80,160,0,1,9,-33.97108,150.899957,13,0,2,1,0,0,0,0,2,0,7,60,2,3775,3775,0,5,5,2,0,0,2,0
1235649,1,2020,2020,5,3,5,4,27,8,34609,0,1,1,-35.093611,149.778801,26,2,1,0,0,0,0,0,2,0,7,80,0,4552,5151,8,16,40,1,0,0,0,1
1235652,4,2020,2020,6,1,8,84,27,60,32,0,1,9,-33.833545,151.14357,51,0,2,1,1,0,0,0,2,2,7,60,1,340,340,9,16,28,2,0,1,0,0
1235654,4,2020,2020,6,2,8,10,27,56,174,0,1,9,-32.986972,151.518272,37,0,2,1,1,0,0,0,2,0,15,80,2,2852,2852,4,0,0,2,0,1,0,0
1235656,1,2020,2020,6,5,7,32,27,56,62,0,1,9,-33.809868,151.199524,77,0,2,1,0,0,0,0,2,0,7,60,2,14295,14295,3,0,25,2,0,0,0,1
1235660,2,2020,2020,6,5,10,234,27,57,217,0,1,1,-33.57058,151.009015,71,0,2,0,0,0,0,0,0,0,7,80,2,4552,5151,8,5,40,1,0,0,2,0
1235661,4,2020,2020,8,4,5,13,31,120,81,0,1,10,-32.182792,152.516662,43,2,1,1,1,0,0,0,2,2,7,50,2,5929,5929,1,8,5,2,0,1,0,0
1235663,2,2020,2020,6,1,8,4,31,87,34609,1,0,7,-28.8047,153.286138,39,2,1,1,2,0,0,0,3,0,0,50,0,6545,6545,4,0,27,2,0,0,1,0
1235667,4,2020,2020,8,4,4,11,1,234,61,0,1,7,-34.28739,146.064812,28,2,1,1,1,0,0,0,2,0,0,60,1,591,591,1,22,5,2,0,1,0,0
1235668,4,2020,2020,0,2,4,92,27,129,244,0,1,9,-33.899041,151.093237,9,0,2,1,1,0,0,0,2,2,9,60,2,5929,5929,1,5,10,2,0,3,1,1
1235669,2,2020,2020,8,5,5,27,31,438,34609,0,1,7,-33.851685,151.030212,21,0,2,1,1,0,0,0,2,0,0,50,0,2040,2040,9,5,28,2,0,0,1,0
1235670,2,2020,2020,8,2,5,125,27,21,144,0,1,2,-32.769274,152.034216,57,2,1,0,0,0,0,0,2,0,7,80,2,2585,4009,8,5,40,1,0,0,1,0
1235671,2,2020,2020,8,0,5,8,31,463,34609,0,1,9,-30.280862,153.107721,19,2,1,1,1,0,0,0,2,0,7,50,0,1669,1669,3,5,5,2,0,0,1,0
1235673,1,2020,2020,6,1,8,60,27,101,262,0,1,10,-32.894536,151.607198,37,0,2,1,1,0,3,4,3,2,7,90,2,1669,1669,3,9,5,2,0,0,0,1
1235676,2,2020,2020,0,0,1,3371,17,33,3342,0,1,9,-33.657655,151.13234,31,0,2,1,2,0,0,0,0,0,7,80,2,945,945,5,9,40,1,0,0,1,0
1235678,4,2020,2020,6,0,10,21,27,19,22,0,1,7,-32.73739,151.998511,57,2,1,0,2,0,0,0,0,0,0,60,1,4552,5151,8,5,40,1,0,1,0,0
1235681,4,2020,2020,8,4,8,478,17,128,480,0,1,6,-33.42796,151.333274,16,2,2,0,1,0,0,0,2,0,7,70,2,591,591,1,22,22,2,0,1,1,0
1235686,4,2020,2020,6,2,10,1,10,27,34609,0,1,1,-30.190751,153.138626,19,2,1,1,2,0,0,0,0,0,7,50,0,4026,4026,8,5,40,1,0,1,0,0
1235687,2,2020,2020,8,3,5,62,10,122,62,0,1,10,-33.425312,151.34462,16,2,2,1,1,0,0,0,2,2,7,50,2,2852,2852,4,16,36,2,0,0,2,0
1235688,4,2020,2020,6,2,5,26,31,58,34609,0,1,7,-33.757133,151.155867,36,0,2,1,3,0,0,0,2,0,0,50,0,6545,6545,4,5,27,2,0,1,0,0
1235689,2,2020,2020,6,2,5,220,14,133,220,0,1,3,-34.498227,150.797825,80,0,2,1,3,0,0,0,2,0,7,100,2,14295,14295,3,30,0,3,0,0,1,0
1235691,2,2020,2020,8,0,11,37,27,70,34609,0,1,7,-33.903515,150.994781,15,0,2,1,2,0,0,0,0,0,0,50,0,9859,9859,8,5,40,1,0,0,1,0
1235694,4,2020,2020,8,3,10,10,31,70,34609,0,1,9,-34.845235,150.611182,63,2,1,1,2,0,0,0,0,0,0,50,0,256,256,4,22,5,2,0,1,1,0
1235697,2,2020,2020,6,5,9,45,27,134,40,0,1,9,-33.685676,150.849924,7,0,2,0,2,0,0,0,0,0,7,60,2,4552,5151,8,5,40,1,0,0,1,0
1235699,4,2020,2020,6,2,4,158,27,138,207,0,1,9,-33.866288,151.271945,81,0,2,0,3,0,0,1,2,3,7,50,2,14295,14295,3,0,27,2,0,1,0,0
1235701,4,2020,2020,6,6,3,3,4,44,34609,0,1,9,-33.797367,150.877754,7,0,2,1,0,0,3,4,2,0,7,60,0,3775,3775,0,5,5,2,0,1,1,0
1235704,4,2020,2020,6,4,8,133,31,49,34609,1,0,9,-32.991155,151.685182,37,0,2,0,2,2,0,0,3,0,7,60,0,5929,5929,1,5,18,2,0,1,0,0
1235705,4,2020,2020,8,6,5,23,27,7,47,0,1,1,-34.653488,150.703226,35,2,1,0,0,0,0,0,2,0,7,80,1,3775,3775,0,16,36,3,0,1,0,0
1235708,2,2020,2020,8,3,10,15,27,56,18,0,1,9,-31.097701,152.836508,34,2,1,1,2,0,0,0,0,0,7,50,1,5929,5929,1,10,0,2,0,0,1,0
1235709,4,2020,2020,8,4,4,2126,17,136,2149,0,1,10,-33.8599,151.07286,67,0,2,1,1,0,0,0,2,0,15,60,2,6545,6545,4,5,5,2,0,1,0,1
1235713,2,2020,2020,6,0,7,195,27,46,186,0,1,10,-33.929146,150.847137,41,0,2,1,1,0,0,0,2,2,9,70,2,2852,2852,4,10,5,2,0,0,2,0
1235715,4,2020,2020,0,1,2,2261,17,32,2252,0,1,3,-34.292283,150.625604,79,1,2,1,2,0,0,0,0,0,7,110,2,14295,14295,3,0,35,2,0,1,1,0
1235718,4,2020,2020,6,5,6,42,27,128,231,0,1,10,-33.413886,151.333079,16,2,2,1,1,0,0,0,2,0,0,60,2,5929,5929,1,21,19,2,0,1,0,0
1235720,2,2020,2020,6,6,10,10,23,77,34609,0,1,1,-33.026119,151.657937,37,0,2,0,2,0,3,4,0,0,7,50,0,2585,4009,1,5,13,2,0,0,2,0
1235723,4,2020,2020,8,3,8,3,27,21,34609,0,1,1,-33.572584,150.638521,29,2,2,1,2,0,0,0,0,0,7,60,0,9859,9859,8,5,40,1,0,1,0,0
1235725,4,2020,2020,8,4,6,4,31,12,34609,0,1,10,-33.790373,151.251061,50,0,2,1,0,0,0,0,2,0,0,50,0,926,926,4,22,5,2,0,1,0,0
1235726,2,2020,2020,8,2,8,7,31,93,143,0,1,1,-33.397498,149.596675,3,2,1,0,1,0,0,0,2,0,7,60,2,1957,4009,8,5,40,1,0,0,1,0
1235727,2,2020,2020,6,2,10,4,10,57,34609,0,1,1,-33.336161,151.433053,16,2,2,1,2,0,0,0,0,0,7,50,0,9859,9859,1,5,13,3,0,0,1,0
1235730,2,2020,2020,6,6,6,308,14,252,311,0,1,3,-33.934157,150.870972,41,0,2,0,3,0,0,0,2,0,7,100,2,1282,1282,1,29,5,2,0,0,1,0