Crash ID,Degree of crash - detailed,Reporting year,Year of crash,Month of crash,Day of week of crash,Two-hour intervals,Street of crash,Street type,Town,Route no.,School zone location,School zone active,Type of location,Latitude,Longitude,LGA,Urbanisation,Conurbation 1,Alignment,Street lighting,Road surface,Surface condition,Weather,Natural lighting,Signals operation,Other traffic control,Speed limit,Road classification,RUM - code,DCA - code,First impact type,Key TU type,Other TU type,No. of traffic units involved,No. killed,No. seriously injured,No. moderately injured,No. minor-other injured
1235736,4,2020,2020,5,4,7,134,10,363,133,0,1,2,-33.809159,151.023682,54,0,2,1,3,0,0,0,2,0,7,70,2,1391,1391,1,16,0,2,0,1,0,0
1235737,1,2020,2020,6,4,8,222,27,71,165,0,1,10,-33.97023,151.073639,25,0,2,1,3,0,0,0,2,2,7,50,1,14295,14295,3,30,5,3,0,0,0,1
1235738,1,2020,2020,5,2,5,18,10,60,34609,0,1,2,-34.020098,150.760522,12,0,2,1,3,0,0,0,2,0,7,70,0,14295,14295,3,5,5,2,0,0,0,1
1235739,1,2020,2020,4,0,9,485,27,323,769,0,1,9,-33.750006,150.985992,71,0,2,1,3,0,0,3,0,2,7,60,2,14295,14295,3,5,0,2,0,0,0,1
1235740,1,2020,2020,6,1,8,126,27,30,168,0,1,10,-34.053546,150.772756,12,0,2,1,3,0,3,4,3,2,8,80,2,1192,1192,1,5,5,2,0,0,0,1
1235742,1,2020,2020,6,2,5,104,27,443,702,0,1,2,-33.901568,151.064786,15,0,2,1,3,0,0,0,2,0,7,70,2,14295,14295,3,10,0,3,0,0,0,1
1235743,1,2020,2020,6,2,5,72,31,176,62,0,1,1,-33.956232,151.14735,4,0,2,1,3,0,0,0,2,0,7,60,1,1981,1981,4,5,18,2,0,0,0,1
1235744,4,2020,2020,5,3,9,1104,14,460,962,0,1,3,-33.820913,150.984253,21,0,2,1,3,0,0,0,3,0,7,90,2,14295,14295,3,5,13,4,0,1,0,0
1235745,1,2020,2020,6,5,7,11,27,71,34609,0,1,9,-33.9689,151.078677,25,0,2,1,3,0,0,0,2,0,9,40,0,1669,1669,3,5,5,2,0,0,0,1
1235746,2,2020,2020,5,2,4,59,27,38,53,0,1,1,-34.118101,150.738979,79,2,2,0,3,0,0,0,2,0,7,80,1,4552,5151,8,5,40,1,0,0,1,0
1235747,1,2020,2020,6,1,7,69,31,646,563,0,1,9,-33.921305,151.039308,15,0,2,1,3,0,0,0,2,2,7,70,2,83,83,1,5,5,2,0,0,0,1
1235748,4,2020,2020,6,1,11,17,31,316,34609,0,1,7,-33.923399,151.244162,59,0,2,1,2,0,0,0,0,0,0,50,0,6545,6545,4,5,5,3,0,1,3,0
1235749,4,2020,2020,6,0,9,80,31,204,187,0,1,10,-33.879953,151.123534,32,0,2,1,2,0,3,3,0,0,15,60,2,6545,6545,4,22,5,2,0,1,0,0
1235750,1,2020,2020,5,4,4,7,27,94,34609,1,2,1,-33.782442,150.792652,55,0,2,1,0,0,0,0,2,0,7,40,0,941,941,1,0,5,2,0,0,0,1
1235751,2,2020,2020,7,4,5,126,1,226,144,0,1,2,-33.778524,150.814667,7,0,2,1,1,0,0,0,2,0,7,60,2,1383,1383,1,5,36,3,0,0,1,0
1235752,4,2020,2020,6,5,9,27,31,47,40,0,1,10,-33.770105,151.2851,50,0,2,1,2,0,0,0,0,0,15,50,1,5929,5929,1,0,27,2,0,1,0,0
1235753,4,2020,2020,6,4,9,28,27,23,28,0,1,1,-32.774873,151.858884,57,1,0,1,0,0,0,0,0,0,7,100,1,1945,1945,5,10,40,1,0,1,0,0
1235755,1,2020,2020,8,3,9,12,27,79,42,0,1,1,-33.567675,150.741853,29,2,2,0,0,0,0,0,3,0,7,70,1,4552,5151,8,5,40,1,0,0,0,1
1235757,1,2020,2020,8,4,2,113,27,78,111,0,1,1,-33.88008,150.807643,55,0,2,1,3,0,0,0,1,0,7,80,2,1192,1192,1,5,0,2,0,0,0,1
1235759,2,2020,2020,5,3,8,344,27,62,382,0,1,2,-33.717932,150.844241,7,0,2,1,3,0,0,0,2,0,7,80,2,14295,14295,3,5,5,3,0,0,1,0
1235760,4,2020,2020,6,4,7,2,31,42,34609,0,1,10,-35.992239,146.387232,51,2,1,1,1,0,0,0,2,0,7,60,0,2040,2040,9,10,28,2,0,1,0,0
1235761,2,2020,2020,6,3,0,61,27,53,208,0,1,10,-33.850456,150.961136,21,0,2,1,2,0,0,0,0,2,7,60,1,6545,6545,4,5,5,2,0,0,3,0
1235763,2,2020,2020,8,2,10,15,31,609,34609,0,1,1,-33.757574,150.920011,7,0,2,0,2,0,0,0,0,0,7,50,0,1957,4009,8,5,40,1,0,0,1,0
1235768,4,2020,2020,8,2,5,1,27,4,34609,0,1,1,-28.807359,153.445475,2,1,0,1,0,0,0,0,2,0,7,100,0,5929,5929,1,10,19,2,0,1,0,0
1235769,2,2020,2020,5,0,11,133,27,20,260,0,1,10,-32.935582,151.629127,37,0,2,1,2,0,0,0,0,2,15,60,2,256,256,4,5,5,2,0,0,1,0
1235772,2,2020,2020,6,2,9,109,31,25,34609,0,1,1,-32.845219,151.372205,17,2,1,1,0,0,0,0,0,0,7,50,0,190,190,1,16,5,2,0,0,1,0
1235774,4,2020,2020,6,6,9,89,31,133,34609,0,1,1,-33.925277,151.021381,15,0,2,1,2,0,0,0,0,0,7,50,0,9859,9859,1,5,5,2,0,1,0,0
1235776,1,2020,2020,6,0,7,27,27,54,65,0,1,1,-33.695625,150.987228,71,0,2,0,0,0,0,0,2,0,7,60,1,3775,3775,0,11,5,2,0,0,0,1
1235777,4,2020,2020,6,1,6,40,27,36,34609,0,1,1,-32.956001,151.613101,37,0,2,1,0,0,0,0,2,0,7,80,0,1109,397,1,0,5,2,0,1,0,0
1235781,4,2020,2020,8,5,7,3,31,106,34609,0,1,10,-33.92731,151.093542,15,0,2,1,1,0,0,0,2,0,7,50,0,1850,985,5,16,40,1,0,1,0,0
1235783,4,2020,2020,8,2,6,133,31,83,34609,0,1,9,-33.889992,150.850388,41,0,2,0,0,0,0,0,2,0,7,50,0,4552,5151,8,16,40,1,0,1,0,0
1235786,1,2020,2020,5,4,3,1104,14,323,962,0,1,3,-33.798102,150.854914,7,0,2,1,0,0,0,0,1,0,7,100,2,14295,14295,3,9,12,2,0,0,0,1
1235787,2,2020,2020,6,5,4,2,1,47,34609,0,1,1,-33.772213,151.279796,50,0,2,1,0,0,0,0,2,0,7,50,0,2040,2040,9,10,28,2,0,0,1,0
1235791,2,2020,2020,6,4,2,3371,17,104,3342,0,1,2,-32.846988,151.694251,48,0,2,1,2,0,3,3,1,0,7,80,2,4026,4026,8,16,40,1,0,0,1,0
1235792,4,2020,2020,8,6,8,361,23,136,34609,0,1,1,-33.920152,151.074806,15,0,2,1,2,0,0,0,3,0,7,50,0,941,941,1,5,27,2,0,1,0,0
1235793,4,2020,2020,8,4,6,8,25,12,34609,0,1,1,-34.484996,150.78829,80,0,2,1,0,0,0,0,2,0,7,50,0,4026,4026,8,16,40,1,0,1,0,0
1235794,2,2020,2020,6,0,8,22,27,151,34609,0,1,2,-34.033255,150.85267,13,0,2,1,1,0,0,0,2,0,7,60,0,204,204,1,5,13,2,0,0,2,0
1235800,4,2020,2020,8,3,2,26,27,92,25,0,1,1,-33.979709,150.834422,41,0,2,0,2,0,0,0,0,0,7,70,1,1957,4009,8,5,40,1,0,1,0,0
1235802,4,2020,2020,0,1,9,59,27,271,42,1,0,10,-33.94524,151.018036,15,0,2,1,2,0,0,0,0,2,8,60,1,5929,5929,1,0,5,2,0,2,0,1
1235803,2,2020,2020,0,3,9,2209,17,17,2205,0,1,1,-35.095767,150.505026,63,2,1,1,2,0,0,0,0,0,7,80,2,4026,4026,8,30,40,1,0,0,1,0
1235804,4,2020,2020,8,0,8,294,17,44,288,0,1,1,-35.218391,147.78308,75,1,0,0,0,0,3,4,2,0,7,100,2,2585,4009,8,10,40,1,0,1,0,0
1235807,4,2020,2020,8,4,10,65,10,132,148,0,1,1,-34.150204,151.028697,68,0,2,0,0,0,0,0,0,0,7,60,2,380,714,5,16,40,1,0,1,0,0
1235812,1,2020,2020,8,3,3,1,27,12,34609,0,1,1,-34.861412,149.179906,74,1,0,0,0,2,0,1,1,0,7,100,0,1259,5151,8,5,40,1,0,0,0,1
1235813,2,2020,2020,8,2,5,35,27,193,33,0,1,1,-33.785689,151.089995,61,0,2,1,0,0,0,0,2,0,7,60,1,9859,9859,8,5,40,1,0,0,1,0
1235815,2,2020,2020,8,6,11,387,36,86,69,0,1,9,-33.737984,151.220149,50,0,2,1,2,0,0,0,0,0,7,40,2,41,41,8,10,40,2,0,0,1,0
1235816,2,2020,2020,8,0,1,22,31,194,34609,1,0,1,-30.498854,151.658092,1,2,1,1,2,0,0,3,0,0,7,50,0,9859,9859,8,5,40,1,0,0,1,0
1235817,1,2020,2020,6,1,9,4,31,11,34609,0,1,1,-34.378605,150.885599,80,0,2,1,3,2,0,0,3,0,7,50,0,273,985,5,10,40,1,0,0,0,1
1235820,2,2020,2020,6,0,8,229,14,197,237,0,1,3,-33.799234,151.140455,61,0,2,1,0,0,0,0,2,0,7,80,2,14295,14295,3,5,36,4,0,0,1,0
1235822,1,2020,2020,8,6,8,4,27,6,34609,0,1,1,-35.494703,149.229241,58,2,1,0,0,0,0,0,3,0,7,80,0,1259,5151,8,9,40,1,0,0,0,1
1235823,2,2020,2020,6,5,6,98,31,316,34609,0,1,9,-31.429059,152.891339,56,2,1,1,1,0,0,0,2,0,7,50,0,4026,4026,8,5,40,1,0,0,1,0
1235824,2,2020,2020,6,4,5,34,27,57,799,0,1,1,-33.899005,151.169671,32,0,2,1,1,0,0,0,2,0,7,60,2,1945,1945,5,15,40,1,0,0,1,0
1235825,2,2020,2020,6,3,5,478,17,8,480,0,1,9,-33.224795,151.535957,16,2,2,1,1,0,0,0,2,0,15,60,2,14295,14295,3,0,5,2,0,0,1,0
1235826,2,2020,2020,6,6,10,866,17,94,793,1,0,9,-33.88364,150.923766,24,0,2,1,2,0,0,0,0,2,7,70,2,1383,1383,1,5,5,2,0,0,2,1
1235832,1,2020,2020,6,5,9,65,27,646,563,0,1,2,-33.934616,151.036602,15,0,2,1,3,0,0,0,3,0,7,70,2,1391,1391,1,0,13,2,0,0,0,1
1235833,2,2020,2020,6,2,10,2209,17,176,2205,0,1,9,-33.94843,151.139962,4,0,2,1,3,0,0,0,0,2,7,60,2,14295,14295,3,21,5,2,0,0,1,0
1235834,2,2020,2020,5,6,4,1104,14,142,962,0,1,3,-33.827944,150.999935,21,0,2,1,3,0,0,0,2,0,7,80,2,4026,4026,8,5,40,3,0,0,1,0
1235838,1,2020,2020,5,3,6,8,31,609,34609,0,1,1,-33.790721,150.916138,7,0,2,1,3,0,0,0,2,0,7,50,0,9859,9859,1,5,5,2,0,0,0,1
1235841,2,2020,2020,5,4,1,40,27,128,34609,0,1,1,-33.630099,150.781764,29,2,2,0,0,0,3,1,0,0,7,70,0,2585,4009,8,30,40,1,0,0,1,0
1235844,1,2020,2020,8,3,8,93,1,92,220,0,1,1,-33.719526,150.941015,71,0,2,1,0,0,0,0,2,0,7,70,2,14295,14295,3,5,19,2,0,0,0,1
1235846,1,2020,2020,6,0,9,12,1,147,34609,0,1,1,-33.753747,151.287637,50,0,2,1,2,0,0,0,0,0,7,50,0,14295,14295,3,9,5,2,0,0,0,1
1235848,2,2020,2020,6,3,2,163,27,95,165,1,0,7,-33.731076,150.830228,7,0,2,1,2,0,0,1,0,0,0,60,1,4026,4026,8,5,40,1,0,0,2,0
1235849,4,2020,2020,6,5,5,1104,11,130,770,0,1,6,-33.872506,151.193437,69,0,2,0,1,0,0,0,2,2,9,60,2,591,591,1,22,5,2,0,1,0,0
1235853,4,2020,2020,6,5,8,3371,17,19,3342,0,1,2,-31.880138,152.553491,43,1,0,0,1,0,3,0,2,0,7,100,2,1192,1192,1,5,10,2,0,1,0,0
1235858,4,2020,2020,6,2,8,8,31,40,34609,0,1,1,-34.417234,150.885021,80,0,2,1,2,0,0,0,3,0,7,50,0,9859,9859,8,30,40,1,0,2,0,0
1235860,2,2020,2020,6,2,6,3,10,10,34609,1,0,1,-33.106505,151.636701,37,0,2,0,1,0,0,0,2,0,7,50,0,1850,1463,5,16,40,1,0,0,1,0
1235861,2,2020,2020,8,1,7,112,27,370,256,0,1,10,-34.064308,150.823596,13,0,2,1,1,0,0,0,2,2,7,60,2,6545,6545,4,0,5,2,0,0,5,0
1235865,4,2020,2020,5,6,9,127,27,135,103,0,1,9,-32.898855,151.738548,48,0,2,1,2,0,0,0,0,2,7,60,1,2040,2040,9,10,28,2,0,1,0,0
1235866,2,2020,2020,6,1,6,4,27,87,34609,0,1,1,-33.089834,151.449926,37,0,2,1,0,0,0,0,2,0,7,60,0,1282,1282,1,0,40,1,0,0,1,0
1235868,4,2020,2020,5,1,4,1,31,55,34609,0,1,1,-35.712183,150.182819,23,2,1,0,2,0,0,0,2,0,7,50,0,368,368,9,10,28,2,0,1,0,0
1235870,2,2020,2020,6,5,8,32,27,15,563,0,1,7,-33.998207,151.027267,68,0,2,0,0,0,0,0,3,0,0,50,2,14295,14295,3,0,5,2,0,0,2,0
1235872,2,2020,2020,6,0,4,2126,17,445,2149,0,1,9,-33.847155,151.046187,21,0,2,1,1,0,0,0,2,2,9,60,2,2040,2040,9,5,28,2,0,0,1,0
1235874,2,2020,2020,6,0,7,24,31,433,34609,0,1,9,-33.2553,149.102837,52,2,1,1,0,0,0,0,2,0,0,70,0,926,926,4,9,5,2,0,0,2,0
1235878,2,2020,2020,5,1,3,3371,17,58,3342,0,1,2,-32.783128,151.735656,57,2,1,1,1,0,0,0,2,0,7,70,2,1282,1282,1,8,5,2,0,0,1,0
1235880,4,2020,2020,5,2,0,9,27,26,34609,0,1,1,-31.202708,152.966341,34,2,1,1,0,0,0,0,0,0,7,80,0,4026,4026,8,9,40,1,0,1,0,0
1235882,2,2020,2020,6,2,6,512,17,562,441,0,1,10,-32.254428,148.609865,22,2,1,1,0,0,0,0,2,0,0,60,2,14295,14295,3,10,5,3,0,0,2,0
1235883,4,2020,2020,0,4,7,5,27,2,34609,0,1,9,-28.801636,153.107134,60,2,1,0,0,0,3,0,2,0,7,80,0,1850,1463,5,16,40,1,0,1,0,0
1235884,4,2020,2020,8,5,10,109,27,460,34609,0,1,1,-33.836727,150.990989,21,0,2,1,2,0,0,0,0,0,7,40,0,3775,3775,0,5,5,4,0,1,0,1
1235885,4,2020,2020,8,0,11,280,10,46,240,0,1,9,-33.88123,150.966671,24,0,2,1,0,0,3,4,0,0,7,60,2,9859,9859,8,0,40,1,0,1,0,0
1235887,4,2020,2020,8,2,3,3371,17,58,3342,0,1,9,-33.751126,151.147305,36,0,2,0,2,0,0,0,0,2,9,60,2,1220,1220,9,5,28,2,0,1,0,0
1235889,2,2020,2020,8,1,3,71,36,10,139,0,1,1,-33.877006,145.642575,51,1,0,1,0,0,0,0,2,0,7,100,2,4026,4026,8,21,40,1,0,0,3,0
1235890,2,2020,2020,0,1,4,52,27,67,34609,0,1,1,-33.885079,151.008437,15,0,2,1,0,0,0,0,2,0,7,50,0,1981,1981,4,0,21,2,0,0,1,0
1235891,4,2020,2020,8,6,10,63,27,187,17,0,1,1,-33.88308,150.993279,15,0,2,1,2,0,0,0,0,0,7,60,1,9859,9859,8,5,40,1,0,2,0,0
1235893,2,2020,2020,8,3,8,3371,17,13,3342,0,1,2,-33.134571,151.611758,37,0,2,0,0,0,0,0,0,0,7,90,2,204,204,1,9,12,2,0,0,1,0
1235894,1,2020,2020,6,2,9,195,27,49,186,0,1,2,-33.912698,150.855565,41,0,2,0,3,0,0,0,0,0,7,70,2,14295,14295,3,5,5,3,0,0,0,1
1235896,2,2020,2020,5,6,7,44,1,126,34609,0,1,10,-33.921766,150.814314,41,0,2,1,3,0,0,0,2,0,0,60,0,14295,14295,3,0,5,2,0,0,1,0
1235898,2,2020,2020,6,6,9,2209,17,79,2205,0,1,7,-34.914502,150.603623,63,2,1,1,3,0,3,0,0,0,0,70,2,1981,1981,4,5,12,2,0,0,1,0
1235902,2,2020,2020,6,4,5,3371,17,149,3342,0,1,9,-33.359691,151.369659,16,2,2,1,1,0,0,0,2,2,3,60,2,14295,14295,3,0,0,2,0,0,1,0
1235905,2,2020,2020,6,3,4,30,27,44,34609,0,1,1,-32.351931,152.130051,43,1,0,0,0,2,0,0,2,0,7,100,0,404,404,8,16,40,1,0,0,1,0
1235906,4,2020,2020,6,2,1,478,17,50,480,0,1,9,-33.229972,151.543646,16,2,2,1,2,0,0,0,0,0,7,60,2,4026,4026,8,30,40,1,0,1,0,0
1235908,1,2020,2020,6,1,9,126,27,23,168,0,1,2,-34.061868,150.785287,13,0,2,1,3,0,0,0,3,0,7,80,2,14295,14295,3,10,36,2,0,0,0,1
1235909,1,2020,2020,5,1,9,20,22,121,49,0,1,1,-33.792379,151.286984,50,0,2,1,3,0,0,0,0,0,7,40,1,941,941,1,10,19,2,0,0,0,1
1235912,1,2020,2020,6,4,3,19,27,609,34609,0,1,9,-33.769779,150.896438,7,0,2,1,3,0,0,0,2,0,7,50,0,926,926,4,5,5,2,0,0,0,1
1235917,2,2020,2020,8,3,2,10,27,25,80,0,1,1,-33.006105,151.716205,37,0,2,1,3,0,0,0,1,0,7,60,1,945,945,5,5,40,1,0,0,1,0
1235919,2,2020,2020,5,4,9,280,10,314,82,0,1,10,-33.852251,150.931855,24,0,2,1,3,0,0,0,0,0,15,60,1,6545,6545,4,21,5,2,0,0,1,0
1235926,1,2020,2020,5,6,4,43,27,5,46,0,1,9,-28.286548,153.563082,72,2,1,1,3,0,0,0,2,0,7,80,1,623,623,3,5,5,2,0,0,0,1
1235932,1,2020,2020,3,5,9,1,27,12,34609,0,1,1,-36.193213,150.083268,23,2,1,0,0,2,0,0,3,0,7,50,0,1850,1463,5,16,40,2,0,0,0,1
1235933,4,2020,2020,5,0,8,10,1,26,96,0,1,10,-33.915213,151.166121,32,0,2,1,2,0,0,0,0,2,9,50,2,2040,2040,9,30,28,2,0,1,0,0
1235936,4,2020,2020,6,0,11,21,1,123,25,0,1,1,-33.909093,151.218809,59,0,2,1,2,0,0,0,0,0,7,50,1,9859,9859,1,30,22,2,0,2,0,0
1235938,1,2020,2020,6,4,7,296,27,283,293,0,1,1,-33.82861,151.004563,21,0,2,1,1,0,0,0,2,0,7,60,2,14295,14295,3,9,5,3,0,0,0,1
1235941,4,2020,2020,8,6,4,40,27,36,34609,0,1,1,-32.950308,151.61619,37,0,2,1,1,0,0,0,2,0,7,80,0,9859,9859,8,22,40,1,0,1,0,0
1235943,2,2020,2020,5,4,6,4,27,3,4,0,1,1,-31.416333,141.909627,51,1,0,1,0,2,0,0,2,0,7,100,1,1945,1945,5,16,40,1,0,0,1,0
1235947,2,2020,2020,6,2,8,2261,17,30,2252,0,1,3,-34.501043,150.31041,78,1,0,1,0,0,0,0,2,0,7,110,2,1383,1383,1,30,5,2,0,0,1,2
1235948,1,2020,2019,2,2,6,84,10,6,80,0,1,9,-34.307789,150.933659,80,0,2,1,3,0,0,0,2,0,7,50,2,14295,14295,3,5,5,3,0,0,0,2
1235950,2,2020,2020,6,6,7,13,31,49,34609,0,1,10,-32.990708,151.681201,37,0,2,1,3,0,3,3,2,0,7,60,0,3775,3775,0,5,5,2,0,0,1,0
1235952,1,2020,2020,5,3,9,6,1,73,34609,0,1,10,-33.836557,151.083653,14,0,2,1,3,0,0,0,0,2,7,50,0,5929,5929,1,5,0,2,0,0,0,1
1235953,2,2020,2020,5,2,9,40,27,73,34609,1,0,1,-35.149124,147.371692,75,2,1,1,3,0,3,4,0,0,7,60,0,14295,14295,3,0,5,3,0,0,1,0
1235955,2,2020,2020,5,0,3,3371,17,149,3342,0,1,7,-33.356048,151.369486,16,2,2,1,3,0,0,0,1,0,0,60,2,5929,5929,1,16,13,2,0,0,1,0
1235959,1,2020,2020,6,0,5,127,27,135,103,0,1,1,-32.898543,151.738127,48,0,2,1,3,0,0,0,2,0,7,60,1,214,214,9,9,28,2,0,0,0,1
1235960,2,2020,2020,6,2,9,23,23,293,34609,0,1,1,-33.945372,151.257909,59,0,2,1,3,0,0,0,0,0,7,50,0,77,77,1,15,0,2,0,0,1,0
1235964,1,2020,2020,8,0,8,7,31,108,34609,0,1,1,-33.765323,151.268366,50,0,2,1,2,0,0,0,3,0,7,40,0,941,941,1,30,5,2,0,0,0,1
1235967,4,2020,2020,8,2,11,9,31,73,34609,0,1,9,-33.77578,151.165326,36,0,2,0,2,0,0,0,0,0,0,50,0,2585,4009,8,9,40,1,0,1,0,0
1235971,2,2020,2020,6,0,9,2,25,73,34609,0,1,1,-33.720288,150.71587,55,0,2,1,2,0,2,6,0,0,7,50,0,1282,1282,1,0,0,2,0,0,1,0
1235973,1,2020,2020,8,3,5,65,27,202,563,0,1,10,-33.941376,151.035262,15,0,2,1,1,0,0,0,2,0,15,70,2,6545,6545,4,10,5,2,0,0,0,2
1235975,1,2020,2020,6,3,1,2,27,15,34609,0,1,1,-35.204224,148.980088,82,2,1,0,0,0,3,3,0,0,7,80,0,1957,4009,8,5,40,1,0,0,0,1
1235978,1,2020,2020,6,5,5,46,27,104,262,0,1,2,-32.914804,151.724658,48,0,2,0,0,0,0,0,2,0,0,60,2,14295,14295,3,9,5,2,0,0,0,1
1235979,1,2020,2020,5,4,5,916,17,44,917,0,1,1,-32.028581,150.863304,73,1,0,1,0,0,0,0,2,0,7,100,2,14295,14295,3,10,5,3,0,0,0,2
1235983,4,2020,2020,0,1,4,61,27,32,208,0,1,9,-33.857624,150.958664,21,0,2,1,1,0,0,0,2,2,7,60,1,6545,6545,4,22,5,2,0,1,0,0
1235985,4,2020,2020,3,3,5,478,17,128,480,0,1,2,-33.427331,151.317828,16,2,2,1,1,0,0,0,2,0,7,70,2,1383,1383,1,10,19,2,0,1,0,1
1235999,4,2020,2020,0,2,9,265,17,17,193,0,1,1,-34.869036,147.499346,51,1,0,1,0,0,0,0,0,0,7,100,2,4026,4026,8,5,40,1,0,1,0,0
1236002,2,2020,2020,5,1,8,330,1,144,34609,0,1,7,-34.061133,151.011637,68,0,2,1,3,0,0,0,2,0,0,50,0,1282,1282,1,22,5,2,0,0,1,0
1236003,2,2020,2020,5,4,8,195,27,70,186,0,1,9,-33.87916,150.867021,24,0,2,1,3,0,0,0,0,2,7,70,2,14295,14295,3,5,5,3,0,0,1,0
1236006,4,2020,2020,6,3,4,23,27,42,34609,0,1,1,-33.662978,151.313708,50,0,2,0,0,0,3,4,2,0,7,40,0,3775,3775,0,0,0,2,0,1,0,0
1236010,1,2020,2020,6,3,8,145,27,125,34609,0,1,7,-33.86491,151.078568,67,0,2,1,0,0,0,0,2,0,0,50,0,5929,5929,1,15,5,2,0,0,0,1
1236011,1,2020,2020,8,1,4,59,10,89,34609,0,1,9,-33.90445,151.232261,59,0,2,0,0,0,0,0,2,0,7,30,0,1192,1192,1,22,27,2,0,0,0,1
1236012,4,2020,2020,8,1,6,5,27,1,34609,0,1,1,-32.751152,149.655062,44,1,0,0,0,0,0,0,2,0,7,100,0,4552,5151,8,10,40,1,0,1,0,0
1236015,2,2020,2020,8,6,10,21,27,26,11,0,1,1,-32.744703,151.388182,17,2,1,1,3,0,0,0,0,0,7,80,1,1089,1089,7,5,40,1,0,0,1,0
1236016,2,2020,2020,8,0,5,11,1,111,34609,0,1,10,-33.698646,150.887562,7,0,2,1,1,0,0,3,2,0,15,50,0,6545,6545,4,5,0,2,0,0,2,1
1236017,2,2020,2020,8,1,8,12,27,43,39,0,1,9,-33.601657,150.822045,29,2,2,0,1,0,0,0,2,0,0,60,2,6545,6545,4,5,0,2,0,0,1,0
1236018,2,2020,2020,0,3,7,1,34,72,34609,0,1,1,-33.999086,151.011799,68,0,2,0,0,2,0,0,2,0,7,50,0,3775,3775,0,16,27,2,0,0,1,0
1236020,1,2020,2020,5,5,5,90,31,169,165,0,1,9,-33.897622,151.215593,69,0,2,1,2,0,0,0,2,0,9,60,2,2040,2040,9,33,28,2,0,0,0,1
1236021,2,2020,2020,6,2,11,14,27,11,34609,0,1,1,-34.538391,150.764695,80,0,2,1,0,0,0,0,0,0,7,80,0,9859,9859,8,0,40,1,0,0,1,0
1236023,2,2020,2020,5,6,4,255,31,609,220,0,1,9,-33.773557,150.914639,7,0,2,1,3,0,0,0,2,2,7,60,2,5929,5929,1,5,13,2,0,0,1,0
1236025,4,2020,2020,8,5,3,158,27,138,207,0,1,9,-33.870063,151.269173,81,0,2,1,1,0,0,0,2,2,7,50,2,5929,5929,1,8,27,2,0,1,0,0
1236030,2,2020,2020,5,6,8,177,31,174,208,0,1,9,-33.860977,150.931351,24,0,2,1,1,0,0,0,2,0,9,60,1,1220,1220,9,5,28,2,0,0,1,0
1236034,2,2020,2020,5,6,7,39,27,15,563,0,1,9,-33.891827,151.038789,15,0,2,1,3,0,0,0,2,2,7,80,2,1850,985,5,8,40,1,0,0,1,0
1236035,1,2020,2020,5,0,8,2261,17,284,2252,0,1,10,-33.907379,151.020447,15,0,2,1,3,0,0,0,2,2,7,60,2,14295,14295,3,10,5,4,0,0,0,1
1236036,2,2020,2020,5,2,9,71,27,5,69,0,1,9,-36.353881,148.75796,65,1,0,1,3,0,0,0,0,0,7,100,2,1089,1089,7,5,40,1,0,0,1,0
1236038,4,2020,2020,5,2,6,12,31,284,34609,0,1,10,-33.91045,151.013809,15,0,2,1,3,0,0,0,2,0,15,50,0,6545,6545,4,5,5,2,0,1,1,0
1236044,2,2020,2020,5,5,11,76,32,646,34609,0,1,9,-33.917891,151.037605,15,0,2,1,3,0,3,4,0,2,7,40,0,2852,2852,4,5,5,2,0,0,1,0
1236045,1,2020,2020,6,0,8,18,1,293,34609,0,1,10,-33.946419,151.238355,59,0,2,1,3,0,0,0,0,0,7,50,0,14295,14295,3,10,25,3,0,0,0,1
1236047,4,2020,2020,5,5,3,485,27,232,769,0,1,9,-33.682058,150.915458,71,0,2,1,3,0,3,4,1,0,7,80,2,14295,14295,3,10,13,2,0,1,0,0
1236048,2,2020,2020,5,2,6,361,23,176,165,0,1,9,-33.965921,151.131238,25,0,2,0,3,0,3,3,2,2,7,50,1,14295,14295,3,15,5,2,0,0,1,0
1236049,1,2020,2020,5,0,3,916,17,14,917,0,1,9,-32.458562,151.066117,64,1,0,1,3,0,0,3,2,0,15,100,2,2852,2852,4,10,13,3,0,0,0,1
1236054,4,2020,2020,5,2,10,3371,17,225,3342,0,1,10,-33.796129,151.1781,77,0,2,0,3,0,0,0,0,2,7,60,2,2585,4009,8,5,40,1,0,1,0,0
1236061,2,2020,2020,8,0,6,916,17,30,917,0,1,1,-31.056357,151.046461,70,1,0,1,3,0,0,0,2,0,7,100,2,1383,1383,1,0,5,2,0,0,1,0
1236062,2,2020,2020,5,1,9,11,27,134,34609,0,1,9,-33.963402,150.783752,12,0,2,1,2,0,0,0,0,0,7,50,0,4552,985,8,5,40,1,0,0,2,0
1236065,2,2020,2020,5,6,6,2126,17,80,2149,0,1,10,-33.753414,150.660127,55,0,2,1,0,0,0,0,2,0,0,60,2,6545,6545,4,30,0,2,0,0,1,0
1236066,4,2020,2020,5,3,3,334,17,5,308,0,1,1,-31.077043,149.97679,51,1,0,1,0,0,0,0,1,0,7,100,2,4026,4026,8,5,40,1,0,1,1,0
1236067,2,2020,2020,7,3,4,3371,17,12,3342,0,1,2,-28.772479,153.531011,2,1,0,0,0,0,0,0,2,0,7,110,2,1957,4009,8,5,40,1,0,0,1,0
1236071,2,2020,2020,8,6,7,175,27,21,220,0,1,9,-33.733502,150.920301,7,0,2,1,1,0,0,0,2,1,7,70,2,1282,1282,1,0,5,2,0,0,1,0
1236075,1,2020,2020,6,1,7,163,27,73,165,0,1,2,-33.758162,150.808251,7,0,2,1,3,0,0,0,2,0,7,60,1,14295,14295,3,21,36,2,0,0,0,1