Crash ID,Degree of crash - detailed,Reporting year,Year of crash,Month of crash,Day of week of crash,Two-hour intervals,Street of crash,Street type,Town,Route no.,School zone location,School zone active,Type of location,Latitude,Longitude,LGA,Urbanisation,Conurbation 1,Alignment,Street lighting,Road surface,Surface condition,Weather,Natural lighting,Signals operation,Other traffic control,Speed limit,Road classification,RUM - code,DCA - code,First impact type,Key TU type,Other TU type,No. of traffic units involved,No. killed,No. seriously injured,No. moderately injured,No. minor-other injured
1236076,1,2020,2020,6,1,9,23,10,370,34609,0,1,1,-34.075212,150.783126,13,0,2,1,3,0,0,0,0,0,7,50,0,9859,9859,1,5,5,2,0,0,0,1
1236077,2,2020,2020,8,0,5,107,22,293,34609,0,1,1,-33.925755,151.055141,15,0,2,1,3,0,0,0,2,0,7,50,0,2040,2040,9,5,28,2,0,0,1,0
1236079,1,2020,2020,5,5,5,177,31,237,208,0,1,9,-33.863647,150.951157,24,0,2,1,3,0,0,0,2,3,7,60,1,14295,14295,3,5,13,2,0,0,0,1
1236084,1,2020,2020,5,6,6,60,27,101,262,0,1,7,-32.902859,151.622481,37,0,2,1,3,0,0,0,2,0,0,90,2,5929,5929,1,5,5,2,0,0,0,1
1236088,1,2020,2020,5,1,7,293,31,532,55,0,1,10,-33.863272,151.212887,69,0,2,1,3,0,0,0,2,2,7,40,1,5929,5929,1,5,5,2,0,0,0,1
1236090,1,2020,2020,6,5,3,2209,17,10,2205,1,0,2,-33.986392,151.112523,25,0,2,1,3,0,0,0,2,0,7,70,2,1391,1391,1,5,36,2,0,0,0,1
1236092,1,2020,2020,5,1,10,15,27,11,34609,0,1,1,-28.220373,153.47423,72,2,1,0,3,0,0,0,0,0,7,80,0,14295,14295,3,5,5,2,0,0,0,1
1236094,1,2020,2020,5,2,7,4,31,55,34609,0,1,1,-33.884873,151.282114,76,0,2,1,3,0,3,4,2,0,7,50,0,214,214,9,0,28,2,0,0,0,1
1236095,1,2020,2020,5,5,4,36,27,33,36,0,1,9,-34.027798,150.817239,13,0,2,1,3,0,0,3,2,0,15,60,1,1850,777,5,16,40,1,0,0,0,1
1236096,1,2020,2020,6,0,9,232,36,60,331,0,1,10,-34.020301,150.76086,12,0,2,1,3,0,0,0,0,3,9,80,2,14295,14295,3,10,0,2,0,0,0,2
1236097,1,2020,2020,5,6,6,44,27,119,126,0,1,9,-32.757899,151.781458,57,2,1,1,3,0,0,0,2,0,15,70,2,5929,5929,1,30,5,2,0,0,0,1
1236099,1,2020,2020,5,5,5,112,27,18,769,0,1,1,-33.498019,150.521634,29,2,2,1,3,0,3,3,2,0,7,60,2,14295,14295,3,0,36,2,0,0,0,1
1236102,1,2020,2019,9,2,7,147,27,224,605,0,1,10,-33.824417,151.2384,45,0,2,1,3,0,0,0,2,2,9,60,2,2040,2040,9,5,28,2,0,0,0,1
1236104,2,2020,2020,5,5,4,97,31,80,59,0,1,10,-33.881594,151.206005,69,0,2,1,1,0,0,0,2,2,7,40,1,217,217,1,22,27,2,0,0,1,0
1236105,4,2020,2020,6,6,11,10,27,25,80,0,1,1,-33.000199,151.715484,37,0,2,1,0,0,0,0,0,0,7,80,1,9859,9859,8,5,40,1,0,1,0,0
1236108,4,2020,2020,5,3,7,2209,17,201,2205,0,1,10,-34.866802,150.602038,63,2,1,1,1,0,0,0,2,2,9,70,2,591,591,1,22,13,2,0,1,1,0
1236109,4,2020,2020,8,1,10,2126,17,346,2149,0,1,9,-33.866978,151.095154,14,0,2,1,2,0,3,4,0,2,7,60,2,5929,5929,1,10,0,2,0,2,1,1
1236110,4,2020,2020,5,6,3,7,31,108,34609,0,1,7,-28.870062,153.559104,2,2,1,1,0,0,0,0,2,0,0,40,0,6545,6545,4,5,27,2,0,1,0,0
1236112,1,2020,2020,5,6,6,6,27,54,36,0,1,10,-33.610803,150.861992,29,2,2,1,0,0,0,0,2,0,15,70,1,6545,6545,4,0,0,2,0,0,0,2
1236113,4,2020,2020,5,3,8,478,17,122,480,0,1,9,-33.434715,151.342285,16,2,2,1,0,0,0,0,3,0,0,60,2,2040,2040,9,30,28,2,0,1,0,0
1236117,1,2020,2020,5,0,4,348,31,523,34609,0,1,10,-33.922065,150.92012,41,0,2,1,3,0,0,0,2,0,15,50,0,1282,1282,1,18,36,2,0,0,0,1
1236118,2,2020,2020,5,5,4,45,31,112,34609,0,1,9,-33.913269,150.936218,41,0,2,1,3,0,3,4,2,0,7,50,0,775,775,4,5,36,2,0,0,1,0
1236121,4,2020,2020,7,5,8,330,23,293,112,1,0,9,-33.936958,151.238474,59,0,2,1,3,0,0,0,2,0,15,60,2,6545,6545,4,5,0,2,0,1,0,0
1236124,1,2020,2020,5,6,3,1104,14,149,962,0,1,3,-33.816324,150.964656,21,0,2,1,3,0,0,0,2,0,7,90,2,14295,14295,3,8,13,2,0,0,0,1
1236126,1,2020,2020,5,5,7,230,27,100,284,0,1,10,-33.810672,151.163748,38,0,2,1,3,0,3,0,2,2,7,60,2,1391,1391,1,5,0,2,0,0,0,2
1236131,2,2020,2020,6,4,3,387,27,115,34609,0,1,4,-34.040896,151.075874,68,0,2,0,1,0,3,0,2,0,7,50,0,14295,14295,3,8,5,2,0,0,2,0
1236133,1,2020,2020,5,2,6,32,27,42,27,0,1,1,-33.663756,151.253619,50,0,2,0,1,0,3,0,2,0,7,60,2,3775,3775,0,22,5,2,0,0,0,1
1236134,4,2020,2020,6,5,5,1,1,33,34609,1,0,1,-33.967549,151.031744,15,0,2,1,0,0,0,0,2,0,7,50,0,2585,777,8,5,40,1,0,1,0,0
1236142,1,2020,2020,5,0,7,13,31,49,69,1,2,1,-33.942559,151.212361,4,0,2,1,0,0,0,0,2,0,7,40,1,14295,14295,3,10,36,2,0,0,0,1
1236145,2,2020,2020,5,2,4,90,31,252,165,0,1,10,-33.889906,151.217178,69,0,2,1,1,0,3,0,2,2,7,60,2,6545,6545,4,5,39,2,0,0,1,0
1236146,4,2020,2020,5,3,8,62,31,61,34609,0,1,10,-33.891491,150.910538,24,0,2,1,2,0,3,0,3,0,15,50,0,2040,2040,9,0,28,2,0,1,0,0
1236147,2,2020,2020,6,2,11,79,27,188,159,0,1,2,-33.935109,151.111014,15,0,2,1,2,0,0,0,0,0,7,60,2,190,190,1,5,5,3,0,0,1,0
1236149,4,2020,2020,8,4,5,89,36,2,19,0,1,1,-28.685944,152.592557,51,1,0,0,0,0,3,4,2,0,7,100,1,3775,3775,0,10,13,2,0,2,1,0
1236150,4,2020,2020,8,4,5,866,17,278,793,1,0,1,-33.786632,151.030808,54,0,2,1,1,0,0,0,2,0,7,60,2,238,238,9,5,28,2,0,1,0,0
1236151,4,2020,2020,6,4,4,15,27,247,38,0,1,9,-33.813579,150.935998,21,0,2,1,1,0,0,0,2,2,7,60,2,2040,2040,9,5,28,2,0,1,0,0
1236152,2,2020,2020,8,2,4,55,31,172,17,0,1,7,-32.757385,151.583605,42,2,1,1,1,0,0,0,2,0,0,50,1,6545,6545,4,5,0,2,0,0,1,0
1236153,4,2020,2020,8,4,6,6,27,4,34609,0,1,9,-28.891355,153.4288,2,2,1,0,0,0,3,4,2,0,0,80,0,1259,5151,8,5,40,1,0,1,0,0
1236155,2,2020,2020,8,0,9,28,27,346,63,1,0,10,-33.889289,151.08388,67,0,2,1,2,0,0,0,3,2,7,50,1,14295,14295,3,5,5,3,0,0,1,0
1236156,2,2020,2020,6,0,6,95,31,346,59,0,1,9,-33.86937,151.067841,67,0,2,1,1,0,0,0,2,2,7,60,1,5929,5929,1,0,12,2,0,0,2,0
1236158,1,2020,2020,8,4,10,387,27,290,331,1,0,1,-33.946138,151.127989,4,0,2,1,2,0,0,0,0,0,7,60,2,5929,5929,1,5,5,2,0,0,0,1
1236160,2,2020,2020,8,5,5,42,10,16,34609,0,1,1,-32.869066,151.558427,17,2,1,0,0,0,0,0,2,0,7,80,0,1957,4009,8,9,40,1,0,0,1,0
1236162,2,2020,2020,6,2,11,191,27,193,208,0,1,9,-33.791058,151.08732,61,0,2,1,2,0,0,0,0,2,7,60,2,5929,5929,1,5,5,2,0,0,1,1
1236165,2,2020,2020,6,5,6,485,27,187,769,0,1,9,-33.791692,150.997886,54,0,2,1,1,0,0,0,2,2,7,60,2,14295,14295,3,0,36,2,0,0,2,0
1236167,2,2020,2020,6,4,5,127,27,59,103,0,1,10,-32.889695,151.72635,48,0,2,1,0,0,0,0,2,2,7,60,1,5929,5929,1,5,5,2,0,0,2,1
1236168,2,2020,2020,6,5,4,8,18,278,34609,0,1,9,-33.78638,151.062002,54,0,2,1,0,0,0,0,2,0,7,50,0,1669,1669,3,5,0,2,0,0,1,0
1236170,4,2020,2020,5,5,5,125,27,443,34609,0,1,9,-33.902547,151.055847,15,0,2,1,1,0,0,3,2,0,7,60,0,14295,14295,3,10,5,3,0,2,0,0
1236171,1,2020,2020,6,5,7,191,17,24,189,0,1,1,-32.088974,149.240515,51,1,0,1,0,0,0,0,2,0,7,100,2,83,83,5,30,40,1,0,0,0,1
1236172,4,2020,2020,6,4,7,866,17,94,793,0,1,9,-33.87988,150.924679,24,0,2,1,1,0,0,0,2,0,7,70,2,2040,2040,9,0,28,2,0,1,0,0
1236175,4,2020,2020,6,0,7,55,31,75,34609,0,1,9,-33.875307,151.123894,32,0,2,1,1,0,3,4,2,0,7,50,0,312,312,2,5,40,2,0,1,0,0
1236186,4,2020,2020,6,2,11,16,27,17,34609,0,1,1,-33.913672,151.265321,59,0,2,0,2,0,0,0,0,0,7,50,0,1850,1463,5,15,40,1,0,1,0,0
1236190,2,2020,2020,6,6,6,32,10,27,34609,1,0,9,-32.766876,151.611905,42,2,1,1,1,0,3,3,2,0,0,50,0,775,775,4,0,12,2,0,0,2,0
1236195,2,2020,2020,0,4,0,3,27,18,41,0,1,1,-29.002323,153.277262,60,1,0,1,0,0,0,0,0,0,7,100,1,1669,1669,3,5,0,2,0,0,1,0
1236197,4,2020,2020,5,3,0,34,31,104,44,0,1,2,-33.827944,151.216315,49,0,2,1,2,0,0,0,0,0,7,50,1,9859,9859,8,0,40,1,0,1,0,0
1236200,2,2020,2020,6,5,5,18,31,273,34609,0,1,1,-34.425987,150.89189,80,0,2,1,1,0,0,0,2,0,7,50,0,9859,9859,1,10,0,3,0,0,1,0
1236207,4,2020,2020,6,5,4,69,31,646,563,0,1,1,-33.911705,151.042215,15,0,2,1,0,0,3,4,2,0,7,60,2,1383,1383,1,0,19,2,0,1,0,0
1236208,4,2020,2020,8,5,7,9,27,11,34609,0,1,1,-28.317925,153.420378,72,1,0,0,0,0,0,3,2,0,7,100,0,1957,4009,8,0,40,1,0,1,0,0
1236211,2,2020,2020,8,4,8,162,31,532,24,0,1,0,-33.868707,151.205712,69,0,2,1,0,0,0,0,2,0,7,40,1,1945,1945,5,16,40,1,0,0,1,0
1236213,4,2020,2020,6,0,9,5,31,44,34609,0,1,2,-33.078017,147.157404,51,2,1,0,2,0,0,0,0,0,7,50,0,1259,5151,8,10,40,1,0,2,1,0
1236222,2,2020,2020,5,2,6,4,25,646,34609,0,1,9,-33.917294,151.032104,15,0,2,1,0,0,0,0,2,0,0,40,0,2040,2040,9,0,28,2,0,0,1,0
1236224,4,2020,2020,8,1,10,168,17,18,212,0,1,1,-35.615682,150.074659,23,2,1,0,0,0,0,0,0,0,7,40,2,1259,5151,8,5,40,1,0,1,0,0
1236228,4,2020,2020,4,1,5,4,31,39,34609,0,1,4,-34.321095,150.924976,80,0,2,0,0,0,0,0,2,0,7,50,0,1850,1463,5,22,40,1,0,1,0,0
1236229,2,2020,2020,5,4,4,21,27,14,4,0,1,1,-33.46817,146.323242,51,1,0,1,0,0,0,0,2,0,7,100,1,9859,9859,8,5,40,1,0,0,1,0
1236232,2,2020,2020,5,0,5,344,27,62,382,0,1,10,-33.732939,150.848754,7,0,2,1,0,0,0,0,2,2,7,70,2,14295,14295,3,8,12,3,0,0,1,0
1236233,2,2020,2020,5,4,5,103,36,107,157,0,1,10,-29.670785,152.936236,18,2,1,1,0,0,0,0,2,0,0,50,2,6545,6545,4,30,36,2,0,0,1,0
1236235,4,2020,2020,6,6,8,147,27,104,605,0,1,10,-33.830405,151.219489,49,0,2,1,2,0,0,0,0,2,9,60,2,2040,2040,9,5,28,3,0,2,0,0
1236236,2,2020,2020,8,2,3,6,27,105,34609,0,1,1,-32.715933,151.518556,42,2,1,0,0,0,3,1,1,0,7,50,0,1850,1463,5,16,40,1,0,0,1,0
1236237,4,2020,2020,5,4,5,866,1,79,34609,0,1,9,-34.907583,150.587132,63,2,1,1,1,0,0,0,2,0,0,80,0,2852,2852,4,9,5,2,0,1,1,0
1236239,4,2020,2020,6,6,9,104,27,16,140,0,1,2,-33.925268,151.226083,4,0,2,1,2,0,0,0,3,0,14,60,2,1945,1945,5,16,40,1,0,1,0,0
1236244,4,2020,2020,5,4,3,104,27,246,140,0,1,9,-33.921056,151.193476,69,0,2,1,1,0,0,0,2,0,7,60,2,5929,5929,1,10,5,2,0,1,0,0
1236246,4,2020,2020,8,1,5,3371,17,17,3342,0,1,2,-28.887959,153.482879,2,1,0,1,0,0,0,0,2,0,7,110,2,9859,9859,8,29,40,1,0,1,0,0
1236251,1,2020,2020,6,4,5,3,27,39,34609,0,1,1,-33.778733,150.748881,55,0,2,1,0,0,0,0,2,0,7,40,0,1089,1089,7,16,40,1,0,0,0,1
1236252,2,2020,2020,8,6,10,13,27,17,34609,0,1,1,-28.266844,153.552433,72,2,1,0,0,0,3,4,0,0,7,80,0,782,957,5,16,40,1,0,0,1,0
1236253,2,2020,2020,5,5,7,104,27,443,702,0,1,2,-33.901709,151.064755,15,0,2,1,2,0,3,4,2,2,9,70,2,591,591,1,22,40,2,0,0,1,0
1236254,1,2020,2020,6,6,4,123,23,47,34609,0,1,7,-33.776804,151.29333,50,0,2,1,1,0,0,0,2,0,0,50,0,926,926,4,15,13,2,0,0,0,1
1236255,1,2020,2020,5,4,3,33,31,96,34609,1,0,7,-35.355278,149.235731,58,2,1,1,0,0,0,0,2,0,0,50,0,83,83,1,9,0,2,0,0,0,1
1236256,4,2020,2020,8,2,4,35,27,155,231,0,1,7,-33.488871,151.325993,16,2,2,1,1,0,0,0,2,0,0,60,2,926,926,4,16,36,2,0,1,0,1
1236258,4,2020,2020,5,2,7,334,17,2,308,0,1,1,-31.473646,152.613729,56,1,0,1,0,0,0,0,2,0,7,100,2,945,945,5,15,40,1,0,1,0,0
1236260,2,2020,2020,6,1,7,127,27,182,169,1,2,1,-32.82855,151.367537,17,2,1,1,1,0,0,0,2,0,7,40,2,14295,14295,3,10,5,2,0,0,1,0
1236263,4,2020,2020,6,6,8,4,27,53,34609,0,1,1,-33.368849,151.428074,16,2,2,1,2,0,0,0,0,0,7,60,0,9859,9859,1,0,5,2,0,1,0,0
1236264,1,2020,2020,5,3,7,2261,17,74,2252,0,1,3,-34.077537,150.774453,13,0,2,1,0,0,0,0,2,0,7,110,2,4026,4026,1,0,5,2,0,0,0,3
1236265,4,2020,2020,6,0,6,46,31,71,34609,0,1,9,-33.767027,150.702727,55,0,2,1,0,0,0,0,2,0,7,50,0,2040,2040,9,9,28,2,0,1,0,0
1236268,1,2020,2020,6,2,10,1,31,31,34609,0,1,9,-33.507427,151.328842,16,2,2,1,2,0,3,4,0,0,7,50,0,2585,777,1,5,5,2,0,0,0,1
1236274,2,2020,2020,8,2,5,13,27,95,34609,0,1,9,-34.394006,150.892903,80,0,2,1,1,0,0,0,2,2,9,50,0,1220,1220,9,33,28,2,0,0,1,0
1236277,2,2020,2020,6,5,9,3,27,42,34609,0,1,1,-33.895538,150.873345,24,0,2,1,2,0,0,0,0,0,7,50,0,9859,9859,8,5,40,2,0,0,2,0
1236278,4,2020,2020,6,2,8,45,1,294,26,0,1,9,-33.939701,150.924957,41,0,2,1,2,0,0,0,0,2,7,60,2,5929,5929,1,5,5,2,0,4,2,0
1236279,2,2020,2020,6,5,9,11,1,80,59,0,1,2,-33.882424,151.20749,69,0,2,1,2,0,0,0,3,2,9,40,1,2040,2040,9,5,28,2,0,0,1,0
1236291,2,2020,2020,6,1,4,168,10,387,260,0,1,2,-33.946055,151.178575,4,0,2,1,1,0,3,4,2,0,7,60,2,14295,14295,3,5,5,2,0,0,1,0
1236293,2,2020,2020,8,2,4,171,27,89,369,0,1,1,-33.649681,150.77711,55,0,2,1,1,0,0,0,2,0,7,80,2,623,623,3,10,13,2,0,0,1,0
1236297,2,2020,2020,8,6,4,1,7,316,34609,0,1,1,-31.417726,152.892889,56,2,1,1,1,0,0,0,2,0,7,50,0,238,238,9,10,28,2,0,0,1,0
1236298,2,2020,2020,6,2,0,18,36,9,8,0,1,1,-35.677668,146.327711,51,1,0,0,3,0,0,1,0,0,7,100,1,782,957,5,3,40,1,0,0,1,0
1236299,2,2020,2020,6,5,3,73,27,387,13,0,1,9,-33.922331,151.184227,4,0,2,1,1,0,0,0,2,0,6,50,2,2852,2852,4,0,27,2,0,0,1,0
1236303,2,2020,2020,8,6,2,866,31,172,126,0,1,7,-32.744043,151.588298,42,2,1,0,1,0,0,0,1,0,0,60,2,926,926,4,22,0,2,0,0,1,0
1236305,2,2020,2020,6,0,6,1,10,44,34609,0,1,1,-28.862726,153.529159,2,2,1,1,3,0,0,0,2,0,7,60,0,489,489,8,34,40,1,0,0,1,0
1236308,2,2020,2020,6,5,7,19,31,161,96,1,2,10,-33.885898,151.147609,32,0,2,1,1,0,0,0,2,2,7,40,2,2852,2852,4,5,27,2,0,0,1,0
1236310,4,2020,2020,8,4,8,13,27,3,13,0,1,1,-29.353241,153.321337,18,1,0,0,0,0,3,4,0,0,7,100,1,273,957,5,0,40,1,0,1,0,0
1236311,4,2020,2020,6,4,7,108,31,15,34609,1,2,1,-34.558825,148.368006,30,2,1,1,1,0,0,0,2,0,7,40,0,2040,2040,9,19,28,2,0,1,1,0
1236312,2,2020,2020,6,3,7,60,27,237,44,0,1,1,-33.87323,150.949682,24,0,2,1,1,0,0,0,2,0,7,50,1,5929,5929,1,5,18,2,0,0,1,0
1236317,2,2020,2020,6,2,8,10,27,104,34,0,1,2,-33.838618,151.214266,49,0,2,0,0,0,0,0,3,0,7,50,1,1192,1192,1,5,27,2,0,0,1,0
1236318,4,2020,2020,8,4,5,39,27,64,563,0,1,9,-33.887192,151.039501,21,0,2,1,1,0,0,0,2,0,0,80,2,1220,1220,9,5,28,2,0,1,1,0
1236319,4,2020,2020,0,6,5,2209,17,88,2205,0,1,2,-33.994125,151.115801,25,0,2,1,0,0,0,0,2,0,7,70,2,14295,14295,3,8,5,4,0,1,0,0
1236323,1,2020,2020,5,3,10,204,27,134,34609,0,1,7,-33.510834,151.322861,16,2,2,1,3,0,0,0,0,0,0,60,0,6545,6545,4,5,5,2,0,0,0,1
1236326,2,2020,2020,6,5,4,9,31,14,34609,0,1,9,-33.949268,151.226339,4,0,2,1,1,0,3,3,2,0,7,50,0,4026,4026,1,5,3,2,0,0,1,0
1236327,4,2020,2020,8,2,2,478,17,78,480,0,1,7,-33.414888,151.450364,16,2,2,1,2,0,0,0,0,0,0,60,2,78,78,8,30,40,1,0,1,0,0
1236329,4,2020,2020,8,4,9,330,23,24,39,1,0,10,-33.965201,151.245781,59,0,2,1,2,0,3,4,0,2,6,60,1,6545,6545,4,22,0,2,0,1,1,0
1236331,2,2020,2020,6,5,9,3,31,25,34609,0,1,1,-35.039546,150.672337,63,2,1,1,2,0,0,0,0,0,7,50,0,9859,9859,1,9,12,2,0,0,1,0
1236332,4,2020,2020,6,4,2,103,36,6,103,0,1,1,-32.594549,151.899957,43,1,0,0,1,0,0,0,0,0,7,90,1,1957,4009,8,0,40,1,0,1,0,0
1236333,4,2020,2020,8,2,8,10,31,11,34609,1,0,1,-34.380051,150.888477,80,0,2,0,1,0,0,0,2,0,7,50,0,404,404,8,16,40,1,0,1,0,0
1236334,2,2020,2020,6,4,10,62,31,29,52,0,1,9,-34.072903,150.572037,79,2,2,0,2,0,0,0,0,0,7,50,1,4552,5151,8,10,40,1,0,0,1,0
1236338,2,2020,2020,0,6,6,62,27,39,166,0,1,10,-33.243581,151.468692,16,2,2,1,1,0,0,0,2,2,7,70,2,2585,777,8,0,40,2,0,0,1,0
1236339,1,2020,2020,6,4,8,21,31,179,66,0,1,1,-31.90915,152.452194,43,2,1,1,0,0,3,0,3,0,7,60,1,9859,9859,8,5,40,1,0,0,0,1
1236341,4,2020,2020,5,1,8,293,31,225,34609,0,1,1,-33.78861,151.189864,77,0,2,1,2,0,0,0,0,0,7,40,0,2040,2040,9,5,28,2,0,1,0,0
1236342,4,2020,2020,8,1,6,106,27,252,106,0,1,2,-33.926596,150.896424,41,0,2,1,1,0,0,3,2,2,7,70,2,5929,5929,1,5,19,2,0,1,0,0
1236348,1,2020,2020,6,5,4,475,10,100,268,0,1,2,-33.890811,150.885325,24,0,2,1,3,0,0,0,2,0,7,70,2,14295,14295,3,10,5,2,0,0,0,1
1236353,2,2020,2020,5,4,2,45,1,294,26,0,1,1,-33.936602,150.926079,41,0,2,1,3,0,0,0,0,0,7,60,2,1669,1669,3,5,5,2,0,0,1,0
1236354,2,2020,2020,6,4,9,2261,17,45,2252,0,1,2,-33.88955,150.9728,15,0,2,0,3,0,0,0,0,0,7,70,2,14295,14295,3,10,5,3,0,0,2,0
1236355,2,2020,2020,5,0,9,67,27,100,68,0,1,1,-33.805538,151.178188,77,0,2,1,3,0,0,0,3,0,7,50,1,14295,14295,3,30,5,2,0,0,2,0
1236356,2,2020,2020,5,5,4,4,31,78,34609,0,1,9,-34.478654,150.846862,80,0,2,0,3,0,0,0,2,0,7,50,0,775,775,4,0,13,2,0,0,1,0
1236361,2,2020,2020,6,0,4,145,31,160,34609,1,0,10,-33.105727,151.488748,37,0,2,1,1,0,0,0,2,0,0,50,0,6545,6545,4,5,27,2,0,0,1,0
1236363,2,2020,2020,5,5,7,39,27,169,147,0,1,1,-28.637204,153.572557,10,2,1,1,1,0,0,0,2,0,7,60,1,3775,3775,0,5,10,2,0,0,1,0
1236367,1,2020,2020,5,2,7,14,27,8,17,0,1,1,-30.037685,150.283374,51,1,0,0,0,0,3,3,2,0,7,100,1,418,714,5,21,40,1,0,0,0,1
1236368,4,2020,2020,5,6,8,34,31,145,34609,0,1,1,-33.932844,151.111813,15,0,2,0,2,0,0,0,2,0,7,50,0,340,340,9,5,28,2,0,1,0,0
1236369,4,2020,2020,5,2,7,19,27,132,34609,0,1,1,-29.805704,151.149148,33,1,0,0,0,2,3,4,2,0,7,100,0,2585,4009,8,16,40,1,0,1,0,0
1236372,2,2020,2020,5,6,8,2,1,44,34609,0,1,9,-33.209253,151.513434,16,2,2,1,0,0,0,0,3,0,0,50,0,2852,2852,4,30,5,2,0,0,1,1
1236373,4,2020,2020,6,0,4,2261,17,243,2252,0,1,9,-33.943542,150.911222,41,0,2,1,1,0,0,0,2,2,7,70,2,2040,2040,9,30,28,2,0,1,0,0
1236374,4,2020,2020,5,1,5,41,27,58,80,0,1,9,-32.982036,151.668669,37,0,2,1,1,0,0,0,2,2,7,60,1,6545,6545,4,5,0,2,0,2,0,0
1236377,4,2020,2020,3,1,3,515,14,294,518,0,1,3,-33.947367,150.96558,41,0,2,1,2,0,3,4,1,0,7,100,2,14295,14295,3,5,5,6,0,1,0,1
1236379,4,2020,2020,5,2,8,31,27,28,34609,0,1,9,-34.016397,151.066712,68,0,2,1,2,0,3,3,2,0,9,50,0,1850,777,5,16,40,1,0,1,0,1
1236381,1,2020,2020,8,3,5,39,31,102,34609,1,0,10,-31.109136,150.912632,70,2,1,1,1,0,0,0,2,0,7,50,0,1850,777,5,16,40,1,0,0,0,1
1236383,2,2020,2020,6,1,8,1,27,5,34609,0,1,1,-32.249249,152.435849,43,2,1,0,0,2,0,0,2,0,7,50,0,1850,1463,5,16,40,2,0,0,2,0
1236386,4,2020,2020,6,1,10,171,31,523,34609,1,0,10,-33.91804,150.925888,41,0,2,1,3,0,3,4,0,3,7,50,0,9859,9859,1,5,5,2,0,1,0,0
1236387,2,2020,2020,6,3,8,118,27,646,118,0,1,9,-33.926392,151.030563,15,0,2,1,2,0,0,0,0,0,0,60,1,2040,2040,9,10,28,2,0,0,1,0
1236388,2,2020,2020,6,6,8,23,31,33,23,0,1,10,-33.895203,151.244291,76,0,2,1,1,0,0,0,3,0,15,50,1,6545,6545,4,0,18,2,0,0,1,0
1236389,2,2020,2020,6,4,6,344,27,609,163,0,1,9,-33.753102,150.888533,7,0,2,1,1,0,0,0,2,0,7,60,2,5929,5929,1,5,5,2,0,0,1,0
1236390,2,2020,2020,5,5,6,13,27,193,34609,1,0,10,-33.788496,151.075565,61,0,2,1,1,0,3,4,2,1,8,50,0,6545,6545,4,10,0,3,0,0,1,0
1236393,2,2020,2020,5,3,8,2209,17,61,2205,0,1,1,-35.924177,150.09173,23,1,0,0,0,0,3,4,2,0,7,100,2,1259,5151,8,10,40,1,0,0,1,0
1236394,4,2020,2020,5,6,8,4,31,53,34609,1,0,1,-31.870378,152.37571,43,2,1,1,0,0,0,0,3,0,7,50,0,4026,4026,1,0,5,2,0,1,0,0
1236397,2,2020,2020,5,6,5,14,27,163,74,0,1,2,-33.854966,151.10313,14,0,2,1,1,0,0,0,2,0,7,40,1,1282,1282,1,5,40,2,0,0,1,0
1236401,1,2020,2020,8,4,7,36,10,66,34609,0,1,9,-32.808104,151.65932,48,0,2,1,1,0,0,0,2,0,7,50,0,1669,1669,3,9,5,2,0,0,0,1
1236403,2,2020,2020,0,0,8,916,17,105,917,0,1,10,-32.721416,151.53978,42,2,1,1,0,0,0,0,2,2,7,60,2,14295,14295,3,5,13,3,0,0,1,0
1236405,2,2020,2020,6,2,7,19,31,234,34609,0,1,10,-34.28833,146.032852,28,2,1,1,1,0,0,0,2,0,15,50,0,6545,6545,4,0,36,2,0,0,1,1
1236406,2,2020,2020,8,2,11,866,17,98,793,0,1,9,-33.739515,151.066375,31,0,2,1,3,0,0,0,0,2,7,70,2,5929,5929,1,5,0,2,0,0,1,0
1236407,1,2020,2020,8,4,1,7,31,80,34609,0,1,10,-33.880776,151.202803,69,0,2,1,2,0,0,0,0,2,9,40,0,2040,2040,9,5,28,2,0,0,0,1
1236408,4,2020,2020,8,5,2,12,31,98,8,0,1,10,-30.974766,150.252256,51,2,1,1,2,0,0,0,0,0,0,50,1,6545,6545,4,10,27,2,0,1,0,0
1236410,4,2020,2020,8,0,6,1052,14,39,928,0,1,3,-32.895383,151.578674,37,0,2,0,3,0,0,0,2,0,7,110,2,1850,1463,5,16,40,1,0,1,0,0
1236411,4,2020,2020,0,6,8,1,10,33,34609,0,1,1,-33.778334,150.869496,7,0,2,0,3,0,0,0,2,0,7,50,0,3775,3775,0,30,5,3,0,1,0,0
1236413,4,2020,2020,8,1,1,5,31,169,100,1,0,1,-33.598041,150.746156,29,2,2,0,2,0,0,0,0,0,7,60,2,2585,4009,8,5,40,1,0,1,0,0
1236419,1,2020,2020,6,4,6,344,27,73,369,0,1,9,-33.735087,150.71755,55,0,2,1,1,0,0,0,2,2,8,70,2,14295,14295,3,10,5,3,0,0,0,1
1236422,4,2020,2020,6,1,5,32,27,42,27,0,1,1,-33.6602,151.262363,50,0,2,0,1,0,3,0,2,0,7,50,2,3775,3775,0,22,10,2,0,1,0,0
1236424,2,2020,2020,6,5,8,5,27,290,34609,0,1,10,-33.857624,150.989441,21,0,2,1,1,0,0,0,3,0,15,50,0,6545,6545,4,5,19,2,0,0,2,0
1236425,4,2020,2020,6,1,10,21,27,41,34609,0,1,1,-32.968739,151.635594,37,0,2,1,2,0,0,0,0,0,7,50,0,14295,14295,3,16,5,5,0,1,0,0
1236426,1,2020,2020,5,0,9,74,23,30,260,0,1,9,-33.985836,151.147361,4,0,2,1,3,0,3,4,0,2,7,60,2,5929,5929,1,5,5,3,0,0,0,1