Crash ID,Degree of crash - detailed,Reporting year,Year of crash,Month of crash,Day of week of crash,Two-hour intervals,Street of crash,Street type,Town,Route no.,School zone location,School zone active,Type of location,Latitude,Longitude,LGA,Urbanisation,Conurbation 1,Alignment,Street lighting,Road surface,Surface condition,Weather,Natural lighting,Signals operation,Other traffic control,Speed limit,Road classification,RUM - code,DCA - code,First impact type,Key TU type,Other TU type,No. of traffic units involved,No. killed,No. seriously injured,No. moderately injured,No. minor-other injured
1236427,1,2020,2020,6,5,6,150,27,309,415,0,1,2,-33.808436,151.108188,61,0,2,1,3,0,0,0,2,0,7,70,2,14295,14295,3,0,25,2,0,0,0,1
1236432,2,2020,2020,5,1,7,2126,17,438,2149,0,1,9,-33.839583,151.031753,21,0,2,1,3,0,0,0,2,2,7,60,2,3775,3775,0,5,5,2,0,0,1,0
1236433,1,2020,2020,5,5,8,512,27,108,34609,0,1,9,-33.767715,151.273612,50,0,2,1,3,0,0,0,0,0,6,50,0,2852,2852,4,0,27,2,0,0,0,1
1236435,1,2020,2020,5,1,9,195,27,89,186,0,1,10,-33.868992,150.870209,24,0,2,1,3,0,0,0,0,2,7,70,2,14295,14295,3,30,5,2,0,0,0,1
1236436,2,2020,2020,5,3,11,475,10,523,268,0,1,2,-33.918474,150.916015,41,0,2,1,3,0,3,4,0,0,7,70,2,1383,1383,1,5,5,2,0,0,1,0
1236437,1,2020,2020,6,3,7,2,18,13,34609,0,1,1,-35.582469,144.259907,51,1,0,1,3,2,0,1,2,0,7,100,0,1945,1945,5,16,40,1,0,0,0,1
1236438,4,2020,2020,5,5,0,515,14,252,518,0,1,3,-33.949904,150.884486,41,0,2,1,3,0,0,0,0,0,7,100,2,4026,4026,8,10,40,1,0,1,0,0
1236439,1,2020,2019,8,6,8,5,31,134,120,0,1,1,-33.895179,151.254692,76,0,2,1,3,0,0,0,2,0,7,50,2,1391,1391,1,5,19,2,0,0,0,1
1236441,2,2020,2020,5,0,5,21,27,148,60,0,1,1,-36.043373,146.947248,0,2,1,1,3,0,0,0,2,0,7,50,1,1383,1383,1,21,12,2,0,0,1,0
1236449,2,2020,2020,8,5,4,35,27,6,34609,0,1,1,-28.314076,153.446262,72,2,1,0,3,0,0,0,2,0,7,80,0,782,957,5,30,40,1,0,0,1,0
1236456,1,2020,2020,5,1,10,5,31,45,34609,0,1,1,-33.888235,151.19511,69,0,2,1,3,0,0,0,0,0,7,50,0,1945,1945,5,15,40,1,0,0,0,1
1236465,4,2020,2020,5,0,7,308,14,252,311,0,1,3,-33.933089,150.869089,41,0,2,1,3,0,0,0,2,0,7,80,2,14295,14295,3,29,12,2,0,1,0,0
1236466,2,2020,2020,5,2,6,2209,17,157,2205,0,1,2,-34.008912,151.110333,68,0,2,0,3,0,3,3,2,0,7,70,2,2585,4009,8,0,40,1,0,0,1,0
1236476,1,2020,2020,5,2,8,163,27,23,165,1,0,2,-33.729736,150.806282,7,0,2,1,3,0,0,0,2,0,7,60,1,14295,14295,3,5,5,2,0,0,0,1
1236479,2,2020,2020,6,6,8,92,27,129,244,0,1,9,-33.893853,151.114594,32,0,2,1,2,0,0,0,0,0,7,60,2,5929,5929,1,21,19,2,0,0,1,0
1236482,4,2020,2020,5,3,0,7,27,18,34609,0,1,1,-33.338999,149.006266,11,2,1,0,0,0,3,4,0,0,7,80,0,4552,5151,8,10,40,1,0,1,0,0
1236483,2,2020,2020,6,3,0,11,27,14,34609,0,1,1,-28.346231,153.357795,72,2,1,0,2,0,3,3,0,0,7,60,0,418,714,5,5,40,1,0,0,1,3
1236489,4,2020,2020,5,3,7,18,36,4,19,0,1,1,-32.937005,148.42957,11,1,0,0,0,0,1,4,2,0,7,100,1,2585,4009,8,5,40,1,0,1,0,0
1236496,2,2020,2020,6,1,0,15,27,20,34609,0,1,1,-32.935348,151.671403,37,0,2,0,2,0,0,0,0,0,7,60,0,1259,5151,8,5,40,1,0,0,1,1
1236497,2,2020,2020,6,0,4,23,27,179,66,0,1,1,-31.88128,152.435413,43,2,1,1,1,0,0,0,2,0,7,70,1,1945,1945,5,16,40,1,0,0,1,0
1236499,4,2020,2020,5,2,8,63,31,79,79,1,0,1,-33.828476,151.209053,49,0,2,1,1,0,0,0,2,0,7,50,2,1220,1220,9,5,28,2,0,1,0,0
1236505,1,2020,2020,6,6,8,2261,17,41,2252,0,1,2,-35.030577,148.110231,20,1,0,1,0,0,2,6,2,0,7,110,2,945,945,5,16,40,1,0,0,0,1
1236506,2,2020,2020,5,6,8,2,27,562,34609,0,1,10,-32.206221,148.605731,22,1,0,1,0,0,0,0,2,0,0,100,0,6545,6545,4,0,13,2,0,0,2,0
1236507,2,2020,2020,8,5,10,3,27,31,34609,0,1,1,-31.13176,150.920108,70,2,1,1,2,0,0,0,0,0,7,40,0,1109,787,1,5,5,2,0,0,1,0
1236511,2,2020,2020,6,2,5,3371,17,147,3342,0,1,9,-33.749203,151.145969,36,0,2,1,1,0,0,0,2,1,8,60,2,1383,1383,1,30,22,2,0,0,1,0
1236514,1,2020,2020,0,0,8,99,31,237,105,0,1,9,-33.869049,150.947861,24,0,2,1,3,0,0,0,2,0,15,60,1,217,217,1,9,5,2,0,0,0,1
1236520,4,2020,2020,5,0,9,3,27,54,34609,0,1,1,-33.642371,150.871818,29,2,2,0,3,0,3,4,0,0,7,70,0,1957,4009,8,0,40,1,0,1,0,0
1236522,2,2020,2020,5,2,11,35,10,11,148,0,1,1,-34.18575,151.014884,80,0,2,0,3,0,3,3,0,0,7,60,2,3775,3775,0,5,5,2,0,0,1,0
1236526,1,2020,2020,8,2,5,177,22,210,176,0,1,10,-34.034684,151.10685,68,0,2,1,3,0,0,3,2,0,0,60,2,301,301,4,5,5,2,0,0,0,1
1236527,1,2020,2020,6,1,2,515,14,166,518,0,1,3,-33.944925,150.979197,15,0,2,1,3,0,3,4,0,0,7,100,2,14295,14295,3,0,18,2,0,0,0,1
1236529,1,2020,2020,5,6,8,19,31,130,321,0,1,10,-33.87344,151.196083,69,0,2,1,3,0,0,0,2,2,7,50,2,5929,5929,1,5,19,2,0,0,0,1
1236533,2,2020,2020,5,1,3,8,31,128,34609,0,1,7,-33.623311,150.80432,29,2,2,1,3,0,3,1,2,0,0,50,0,6545,6545,4,10,5,2,0,0,1,0
1236536,2,2020,2020,5,1,9,78,17,23,58,0,1,1,-35.046804,149.023558,82,1,0,0,3,0,0,0,0,0,7,100,2,14295,14295,3,5,0,2,0,0,1,0
1236537,2,2020,2020,5,5,5,191,17,24,189,0,1,9,-32.059073,149.908506,73,1,0,1,3,0,0,0,2,0,6,100,2,2852,2852,4,0,0,2,0,0,1,0
1236547,2,2020,2020,6,3,5,18,27,83,100,0,1,9,-34.451544,150.44605,78,2,1,1,1,0,0,0,2,0,7,50,2,9859,9859,1,5,0,3,0,0,1,0
1236557,4,2020,2020,6,5,5,2,27,2,34609,0,1,1,-29.612353,151.576071,51,1,0,0,0,0,0,0,2,0,7,100,0,2585,4009,8,10,40,1,0,1,0,0
1236558,2,2020,2020,0,5,4,13,27,89,34609,0,1,1,-33.869132,150.871277,24,0,2,1,1,0,0,3,2,0,7,50,0,9859,9859,1,9,5,4,0,0,1,0
1236559,1,2020,2020,5,2,11,1,18,252,34609,0,1,9,-33.901187,150.961571,41,0,2,1,2,0,0,0,0,0,7,50,0,1259,985,8,34,40,2,0,0,0,1
1236561,2,2020,2020,8,1,3,31,27,20,46,0,1,1,-33.478738,150.187701,40,2,1,1,0,0,0,0,2,0,7,60,2,9859,9859,1,10,13,2,0,0,2,0
1236564,1,2020,2020,6,4,7,916,17,13,917,0,1,10,-32.556607,151.167633,64,2,1,1,3,0,0,0,2,2,7,60,2,2852,2852,4,0,5,2,0,0,0,1
1236565,1,2020,2020,5,6,9,103,27,176,167,0,1,9,-33.974992,151.1365,4,0,2,1,3,0,0,3,0,0,7,60,2,14295,14295,3,5,5,3,0,0,0,1
1236568,4,2020,2020,8,1,8,169,27,16,54,0,1,2,-34.02203,151.0528,68,0,2,1,1,0,0,0,2,0,7,80,2,14295,14295,3,16,0,2,0,1,0,0
1236571,2,2020,2020,6,2,1,2,10,120,34609,0,1,1,-33.746348,150.874546,7,0,2,0,3,0,3,1,0,0,7,50,0,2585,4009,8,30,40,2,0,0,1,0
1236577,2,2020,2020,5,1,8,39,31,193,145,0,1,10,-33.794978,151.071879,61,0,2,1,3,0,0,0,2,0,15,60,2,6545,6545,4,5,5,2,0,0,1,0
1236578,1,2020,2020,6,4,7,485,27,187,769,0,1,1,-33.772293,151.001094,54,0,2,1,3,0,0,0,2,0,7,60,2,623,623,3,5,5,2,0,0,0,1
1236579,1,2020,2020,6,3,5,79,8,27,769,0,1,9,-33.589747,150.255973,8,2,2,1,3,0,0,0,2,0,0,60,2,2852,2852,4,10,0,2,0,0,0,1
1236581,1,2020,2020,5,2,6,80,27,316,50,0,1,9,-33.906284,151.231141,59,0,2,1,3,0,0,0,2,2,7,60,2,14295,14295,3,0,5,2,0,0,0,2
1236582,2,2020,2020,6,3,9,16,31,72,34609,0,1,9,-33.82671,151.217566,49,0,2,1,2,0,3,3,0,0,7,50,0,10,10,4,5,5,3,0,0,1,1
1236585,2,2020,2020,6,2,7,53,31,67,125,1,0,9,-33.877544,151.007889,15,0,2,1,1,0,0,0,2,0,0,60,1,2852,2852,4,5,19,2,0,0,1,0
1236587,4,2020,2020,5,5,11,78,27,284,61,0,1,7,-33.901128,151.02162,15,0,2,1,2,0,3,0,0,0,7,60,1,3775,3775,0,10,5,2,0,1,1,0
1236589,2,2020,2020,6,1,10,77,31,445,563,0,1,10,-33.884705,151.040113,21,0,2,1,2,0,0,0,0,2,7,80,2,5929,5929,1,5,5,2,0,0,1,0
1236598,4,2020,2020,5,2,6,43,27,136,76,0,1,10,-32.922632,151.717908,48,0,2,1,0,0,0,0,2,0,15,60,1,6545,6545,4,5,5,2,0,2,2,0
1236600,4,2020,2020,5,4,9,2,31,15,34609,0,1,9,-35.149083,147.345828,75,2,1,1,2,0,3,0,3,0,7,70,0,1669,1669,3,0,5,2,0,1,1,0
1236604,2,2020,2020,5,4,11,11,31,194,34609,0,1,7,-30.511579,151.666078,1,2,1,1,2,0,0,3,0,0,0,40,0,9859,9859,8,10,40,1,0,0,1,0
1236605,1,2020,2020,6,5,8,330,27,43,605,0,1,10,-33.692406,151.304694,50,0,2,1,0,0,0,0,2,2,7,70,2,1282,1282,1,30,19,2,0,0,0,1
1236606,2,2020,2020,0,4,2,2,1,18,34609,0,1,9,-34.50914,150.802033,80,0,2,1,2,0,3,4,0,0,7,50,0,1945,1945,5,16,40,1,0,0,1,0
1236613,2,2020,2020,3,6,7,28,10,5,70,0,1,7,-31.939371,152.467785,43,2,1,1,1,0,0,0,2,0,0,70,1,14295,14295,3,5,19,2,0,0,1,0
1236615,2,2020,2020,5,1,10,2261,17,92,2252,0,1,3,-34.002203,150.838951,13,0,2,1,0,0,0,0,0,0,7,110,2,1192,1192,1,5,5,2,0,0,1,0
1236618,2,2020,2020,5,3,5,1,7,10,34609,0,1,1,-34.008281,151.048153,68,0,2,0,3,0,0,0,2,0,7,50,0,2585,4009,8,10,40,1,0,0,1,0
1236620,1,2020,2020,5,3,8,38,27,34,45,0,1,1,-35.080752,150.651347,63,2,1,1,3,0,3,4,2,0,7,70,1,14295,14295,3,5,5,3,0,0,0,1
1236621,1,2020,2020,8,5,7,2209,17,115,2205,0,1,9,-34.03184,151.076263,68,0,2,1,1,0,0,0,2,0,7,60,2,623,623,3,10,5,2,0,0,0,1
1236623,2,2020,2020,5,2,5,916,17,66,917,0,1,2,-32.811506,151.675119,48,0,2,0,1,0,3,3,2,0,7,80,2,14295,14295,3,10,5,2,0,0,1,0
1236626,2,2020,2020,6,1,5,17,27,76,34609,0,1,1,-34.598329,150.441047,78,1,0,0,0,0,0,0,2,0,7,90,0,1259,5151,8,0,40,1,0,0,1,0
1236627,4,2020,2020,6,5,9,9,27,42,29,0,1,9,-33.740677,151.28173,50,0,2,1,2,0,0,0,0,0,0,50,1,5929,5929,1,5,19,2,0,1,0,0
1236628,1,2020,2020,6,3,8,23,27,37,47,0,1,1,-34.662134,150.725764,35,2,1,0,1,0,3,3,3,0,7,60,1,1259,5151,8,5,40,1,0,0,0,1
1236630,1,2020,2020,6,4,4,829,27,125,770,0,1,2,-33.835212,151.12785,61,0,2,1,3,0,3,0,2,0,7,60,2,14295,14295,3,16,13,2,0,0,0,1
1236631,2,2020,2020,6,5,7,224,31,316,34609,0,1,1,-33.915606,151.236782,59,0,2,1,1,0,0,0,2,0,7,50,0,1981,1981,4,5,5,2,0,0,1,0
1236634,1,2020,2020,6,6,6,1,31,30,34609,0,1,9,-35.358835,149.209772,58,2,1,1,0,0,0,0,2,0,7,50,0,6545,6545,4,22,0,2,0,0,0,1
1236635,2,2020,2020,5,6,2,5,27,134,34609,0,1,1,-33.50604,151.31208,16,2,2,1,3,0,3,1,0,0,7,50,0,214,214,9,10,28,2,0,0,1,0
1236636,2,2020,2020,5,6,2,1,27,9,34609,0,1,1,-29.606757,152.648322,18,2,1,1,0,0,0,0,0,0,7,80,0,9859,9859,8,5,40,1,0,0,1,0
1236637,2,2020,2020,6,5,5,9,27,370,53,0,1,2,-34.072473,150.80495,13,0,2,1,1,0,0,0,2,0,9,60,2,1981,1981,4,10,0,2,0,0,1,0
1236638,1,2020,2020,5,4,4,10,23,54,44,0,1,9,-33.721711,151.092642,31,0,2,0,3,0,0,0,2,0,7,60,1,14295,14295,3,0,0,2,0,0,0,1
1236640,1,2020,2020,6,0,4,22,1,166,21,0,1,1,-33.932466,150.990291,15,0,2,1,3,0,0,0,2,0,7,60,1,14295,14295,3,5,13,2,0,0,0,1
1236641,1,2020,2020,5,4,8,55,10,112,47,0,1,10,-33.440007,151.438065,16,2,2,0,3,0,0,0,3,2,7,50,2,14295,14295,3,5,5,2,0,0,0,1
1236642,1,2020,2020,5,1,5,3371,17,69,3342,0,1,10,-32.934571,151.750618,48,0,2,1,3,0,0,0,2,0,15,60,2,301,301,4,10,5,2,0,0,0,1
1236645,4,2020,2020,5,4,10,2261,17,243,2252,0,1,9,-33.957137,150.889099,41,0,2,1,2,0,0,0,0,0,0,70,2,775,775,4,5,19,2,0,1,0,0
1236647,1,2020,2020,5,5,5,11,31,108,34609,0,1,7,-28.86903,153.557021,2,2,1,1,3,0,0,0,2,0,7,50,0,1282,1282,1,5,21,2,0,0,0,1
1236649,2,2020,2020,6,0,5,61,10,56,174,0,1,1,-32.974651,151.481974,37,0,2,0,3,0,0,0,2,0,7,90,2,3775,3775,0,9,13,2,0,0,1,0
1236651,1,2020,2020,6,5,7,3371,17,104,3342,0,1,9,-32.840061,151.689327,48,0,2,1,3,0,0,0,2,2,7,80,2,2852,2852,4,30,5,2,0,0,0,4
1236654,4,2020,2020,6,6,5,13,31,108,34609,0,1,10,-28.862902,153.565712,2,2,1,0,1,0,0,0,2,0,0,50,0,6545,6545,4,5,19,2,0,1,0,0
1236655,2,2020,2020,8,1,1,2,10,6,34609,0,1,0,-33.84671,151.140486,14,0,2,0,3,0,2,6,0,0,7,50,0,1957,4009,1,5,5,3,0,0,1,0
1236656,2,2020,2020,5,6,6,213,17,61,213,0,1,9,-29.733775,151.725192,51,2,1,1,1,0,0,3,2,0,7,50,2,1669,1669,3,10,5,2,0,0,1,1
1236657,2,2020,2020,6,3,11,475,31,169,41,0,1,10,-33.896138,151.206696,69,0,2,1,2,0,3,4,0,2,9,50,1,2040,2040,9,5,28,2,0,0,1,0
1236658,2,2020,2020,6,0,1,30,24,167,34609,0,1,1,-33.839278,151.075065,54,0,2,1,2,0,0,0,0,0,7,60,0,9859,9859,8,5,40,1,0,0,1,0
1236659,4,2020,2020,5,3,10,4,27,89,34609,0,1,9,-33.859501,150.887787,24,0,2,1,2,0,0,0,0,0,7,50,0,2040,2040,9,0,28,2,0,1,0,0
1236660,2,2020,2020,5,0,9,34,1,293,34609,0,1,7,-33.921299,151.057343,15,0,2,1,2,0,0,0,0,0,7,50,0,6545,6545,4,33,18,2,0,0,1,0
1236661,4,2020,2020,8,5,3,916,17,10,917,0,1,1,-29.652673,151.796768,51,1,0,1,0,0,0,0,2,0,7,100,2,9859,9859,8,0,40,1,0,1,0,0
1236665,2,2020,2020,5,2,3,19,27,562,17,0,1,1,-32.146032,148.706551,22,1,0,1,0,0,3,4,2,0,7,100,1,945,945,5,5,40,1,0,0,2,0
1236668,4,2020,2020,6,1,5,171,27,24,369,0,1,10,-34.006458,150.723454,12,0,2,1,0,0,0,0,2,2,7,80,2,6545,6545,4,5,5,2,0,1,1,0
1236669,4,2020,2020,6,2,5,4,10,562,34609,0,1,1,-32.248345,148.641745,22,2,1,1,0,0,0,0,2,0,7,60,0,5929,5929,1,10,19,2,0,1,1,0
1236670,2,2020,2020,5,5,7,81,27,609,115,0,1,9,-33.78509,150.899873,7,0,2,1,0,0,0,0,2,0,7,60,2,926,926,4,5,5,2,0,0,1,0
1236672,4,2020,2020,6,1,4,2209,17,6,2205,0,1,1,-35.83434,150.127256,23,1,0,1,0,0,3,0,2,0,7,100,2,4026,4026,8,34,40,1,0,1,0,0
1236675,2,2020,2020,6,0,11,59,27,271,17,0,1,9,-33.940588,151.018509,15,0,2,1,3,0,0,0,0,2,7,60,2,5929,5929,1,5,5,2,0,0,1,0
1236678,2,2020,2020,6,5,7,97,31,36,34609,0,1,9,-32.969116,151.600218,37,0,2,1,1,0,0,0,2,0,7,50,0,5929,5929,1,5,5,2,0,0,2,0
1236679,1,2020,2020,5,4,9,19,27,14,46,0,1,9,-34.907929,150.685871,63,2,1,1,2,0,3,4,0,0,7,80,1,5929,5929,1,0,5,2,0,0,0,1
1236681,4,2020,2020,6,0,9,293,27,103,172,0,1,9,-32.939628,151.657805,37,0,2,1,2,0,0,0,0,2,7,60,2,1945,1945,5,16,40,1,0,1,0,0
1236685,2,2020,2020,5,2,9,48,31,104,605,0,1,2,-33.82999,151.216244,49,0,2,1,2,0,0,0,0,0,7,60,2,14295,14295,3,0,0,2,0,0,2,0
1236688,4,2020,2020,5,3,8,6,31,226,34609,0,1,1,-33.761446,150.819021,7,0,2,1,0,0,0,0,2,0,7,50,0,2040,2040,9,5,28,2,0,1,0,0
1236689,4,2020,2020,6,5,9,3,27,102,34609,0,1,1,-33.94425,151.201689,4,0,2,1,2,0,0,0,0,0,7,50,0,9859,9859,1,34,5,2,0,1,0,0
1236692,2,2020,2020,6,4,7,8,31,117,34609,0,1,1,-28.179804,153.527731,72,2,1,1,1,0,0,0,2,0,7,50,0,9859,9859,1,5,0,2,0,0,1,0
1236693,2,2020,2020,8,2,10,5,27,61,4,0,1,1,-35.520127,144.911943,51,1,0,1,0,0,0,0,0,0,7,100,1,9859,9859,8,10,40,1,0,0,1,0
1236704,1,2020,2020,5,2,2,3371,17,225,3342,0,1,2,-33.791889,151.180261,77,0,2,1,3,0,3,4,0,0,7,60,2,238,238,9,5,28,2,0,0,0,1
1236705,1,2020,2020,5,5,8,15,27,188,140,0,1,10,-33.933195,151.091492,15,0,2,1,3,0,0,0,0,2,7,50,1,77,77,1,5,5,2,0,0,0,1
1236706,1,2020,2020,5,0,6,81,31,133,80,0,1,7,-33.930782,151.011536,15,0,2,1,3,0,0,0,2,0,0,60,1,9859,9859,1,5,0,3,0,0,0,1
1236709,2,2020,2020,5,6,5,17,31,136,32,0,1,7,-33.916053,151.080459,15,0,2,1,3,0,0,0,2,0,0,50,1,301,301,4,5,18,2,0,0,1,0
1236710,2,2020,2020,8,3,5,7,31,83,34609,0,1,9,-34.451482,150.462021,78,2,1,1,3,0,0,0,2,0,7,50,0,4552,985,8,5,40,1,0,0,1,0
1236713,2,2020,2020,7,1,7,22,27,26,34609,0,1,9,-34.859595,150.588084,63,2,1,1,3,0,0,0,2,0,7,60,0,301,301,4,10,36,2,0,0,1,0
1236717,2,2020,2020,5,3,9,35,27,71,24,1,0,9,-33.762737,150.699563,55,0,2,1,3,0,0,0,0,2,7,60,1,1391,1391,1,16,5,2,0,0,1,0
1236720,1,2020,2020,5,2,7,866,17,204,793,0,1,2,-33.903526,150.91803,24,0,2,1,3,0,0,0,2,0,7,70,2,14295,14295,3,30,5,4,0,0,0,1
1236724,4,2020,2020,8,4,11,28,31,225,34609,0,1,7,-33.798807,151.188528,77,0,2,1,2,0,0,0,0,0,0,50,0,1220,1220,9,16,28,2,0,1,0,0
1236725,2,2020,2020,5,3,5,92,27,28,34609,0,1,9,-34.012118,151.073026,68,0,2,1,0,0,0,0,2,0,7,50,0,591,591,1,22,5,2,0,0,1,0
1236726,2,2020,2020,6,1,3,9,27,57,34609,0,1,9,-32.989285,151.695611,37,0,2,1,1,0,0,0,2,0,0,60,0,926,926,4,0,19,2,0,0,1,0
1236729,2,2020,2020,5,4,8,10,27,346,144,0,1,7,-33.870422,151.093362,14,0,2,1,2,0,0,0,3,0,0,60,2,5929,5929,1,16,5,2,0,0,1,0
1236734,2,2020,2020,6,6,6,2,31,165,34609,1,0,1,-32.268384,150.898987,46,2,1,1,0,0,0,0,2,0,7,50,0,144,144,1,8,19,2,0,0,1,0
1236737,4,2020,2020,5,4,7,71,31,283,125,0,1,9,-33.839115,151.014313,21,0,2,1,0,0,0,0,2,0,0,60,1,368,368,9,5,28,2,0,1,0,0
1236738,2,2020,2020,5,3,6,2209,17,49,2205,0,1,9,-33.930815,151.155024,4,0,2,1,1,0,0,0,2,2,9,60,2,14295,14295,3,30,0,4,0,0,1,2
1236740,4,2020,2020,5,6,5,21,31,316,34609,0,1,1,-31.431188,152.90306,56,2,1,1,0,0,0,0,2,0,7,50,0,2040,2040,9,5,28,2,0,1,0,0
1236744,2,2020,2020,5,2,7,120,36,10,148,0,1,1,-30.498031,152.255933,1,1,0,0,0,0,0,0,2,0,7,100,2,782,957,5,5,40,1,0,0,1,0
1236748,2,2020,2020,6,5,7,22,31,165,78,0,1,10,-33.8498,151.152031,14,0,2,1,1,0,0,0,2,0,15,50,2,6545,6545,4,0,36,2,0,0,1,0
1236753,2,2020,2020,6,5,9,15,10,53,34609,0,1,7,-33.936241,150.840012,41,0,2,1,2,0,0,0,0,0,0,50,0,2040,2040,9,5,28,2,0,0,1,0
1236757,1,2020,2020,5,5,7,46,27,304,39,0,1,10,-33.909596,151.154378,32,0,2,1,0,0,0,0,2,2,7,40,1,5929,5929,1,22,5,2,0,0,0,1
1236760,4,2020,2020,6,1,7,9,10,176,34609,0,1,1,-33.958008,151.143915,4,0,2,1,0,0,0,0,2,0,9,50,0,14295,14295,3,5,13,2,0,1,0,0
1236762,2,2020,2020,8,2,1,1052,14,56,928,0,1,3,-32.992527,151.516011,37,0,2,1,3,0,0,0,0,0,7,110,2,84,84,6,0,40,1,0,0,1,0
1236763,4,2020,2020,6,6,6,38,27,32,35,0,1,1,-34.603296,150.783031,35,2,1,1,0,0,0,0,2,0,7,80,1,323,323,1,16,0,2,0,1,0,0
1236764,2,2020,2020,8,4,9,77,10,43,331,0,1,1,-34.146295,150.684895,79,2,2,0,0,0,0,0,0,0,7,80,1,14295,14295,3,5,0,2,0,0,1,0
1236765,2,2020,2020,6,5,7,1,1,35,34609,0,1,9,-35.35095,149.212329,58,2,1,1,0,0,0,0,2,0,7,60,0,2852,2852,4,0,27,2,0,0,1,0
1236772,2,2020,2020,5,2,6,43,27,136,76,0,1,10,-32.923101,151.722708,48,0,2,1,1,0,0,0,2,2,7,60,1,14295,14295,3,5,13,2,0,0,1,1
1236774,1,2020,2020,5,4,8,9,31,57,34609,0,1,0,-33.899094,151.172886,32,0,2,1,1,0,0,0,2,0,7,50,0,248,248,1,0,19,3,0,0,0,1
1236779,2,2020,2020,5,4,1,15,27,20,91,0,1,1,-35.0126,149.264747,82,2,1,1,0,0,0,1,0,0,7,80,1,475,475,5,5,40,1,0,0,1,0
1236780,4,2020,2020,8,0,3,475,10,42,268,0,1,9,-33.91256,150.904842,41,0,2,1,1,0,0,0,2,3,7,70,2,2040,2040,9,30,28,2,0,1,0,0
1236781,1,2020,2019,9,2,5,387,36,86,69,0,1,2,-33.723919,151.218555,50,0,2,1,1,0,0,0,2,0,7,80,2,84,84,6,16,40,1,0,0,0,1
1236783,1,2020,2020,6,2,1,330,23,102,39,0,1,2,-33.959944,151.246408,59,0,2,0,2,0,3,4,0,0,7,60,2,2585,4009,8,5,40,2,0,0,0,1
1236787,1,2020,2020,5,3,4,3,27,8,34609,0,1,1,-32.750138,152.16847,57,2,1,1,1,0,0,0,2,0,7,50,0,9859,9859,8,5,40,2,0,0,0,1
1236788,4,2020,2020,6,1,8,177,22,239,176,0,1,9,-34.040311,151.120697,68,0,2,1,0,0,0,0,3,0,9,60,2,2040,2040,9,5,28,2,0,1,0,0
1236790,4,2020,2020,5,4,5,2126,17,223,2149,0,1,10,-33.800302,150.903693,7,0,2,1,2,0,3,0,2,2,7,80,2,2852,2852,4,5,13,2,0,2,1,0
1236791,2,2020,2020,5,1,3,13,31,71,34609,1,0,7,-33.77363,150.697773,55,0,2,1,1,0,3,1,0,0,9,50,0,2040,2040,9,9,28,2,0,0,1,0
1236792,2,2020,2020,8,4,5,95,31,64,34609,0,1,1,-33.760024,151.207249,50,0,2,1,1,0,0,0,2,0,7,50,0,9859,9859,1,5,5,2,0,0,1,0
1236795,2,2020,2020,6,3,3,13,27,78,34609,0,1,1,-33.858751,151.010895,21,0,2,1,0,0,0,0,1,0,7,50,0,9859,9859,1,5,10,2,0,0,1,0
1236796,1,2020,2020,5,2,8,1104,14,283,962,0,1,3,-33.826802,151.005344,54,0,2,1,3,0,0,0,2,0,7,90,2,14295,14295,3,0,5,3,0,0,0,2
1236803,2,2020,2020,6,1,9,24,27,12,31,0,1,1,-28.780158,153.116451,60,1,0,1,0,0,0,0,0,0,7,100,1,1089,1089,7,5,40,1,0,0,1,0
1236804,2,2020,2020,5,3,6,4,27,438,34609,0,1,10,-33.840974,151.032912,21,0,2,1,3,0,0,0,2,0,7,50,0,1391,1391,1,33,0,2,0,0,1,0
1236806,4,2020,2020,8,3,4,104,27,137,140,0,1,9,-33.922571,151.204474,69,0,2,1,1,0,0,0,2,0,7,60,2,941,941,1,5,18,2,0,1,1,0
1236807,2,2020,2020,8,3,7,125,27,108,123,0,1,7,-33.319975,151.427171,16,2,2,1,1,0,0,0,2,0,0,50,2,1192,1192,1,22,12,2,0,0,1,0
1236808,2,2020,2020,5,1,4,162,31,53,148,0,1,10,-32.928209,151.767084,48,0,2,1,3,0,0,0,2,2,7,60,1,14295,14295,3,0,0,4,0,0,1,0
1236809,2,2020,2020,8,6,5,127,27,135,103,0,1,9,-32.895444,151.734109,48,0,2,1,1,0,0,0,2,0,0,60,1,2852,2852,4,10,36,2,0,0,1,0
1236810,4,2020,2020,8,4,4,43,27,316,38,0,1,1,-33.903921,151.252322,59,0,2,1,0,0,0,0,2,0,7,50,1,387,387,1,16,0,2,0,1,0,0
1236818,2,2020,2020,6,5,7,36,27,31,36,0,1,7,-34.030015,150.827346,13,0,2,1,1,0,0,0,2,0,0,60,1,6545,6545,4,21,5,2,0,0,1,0
1236820,2,2020,2020,5,6,2,8,27,7,34609,0,1,1,-33.455423,149.120255,51,2,1,1,3,0,0,0,1,0,7,80,0,1945,1945,5,10,40,1,0,0,1,0
1236825,1,2020,2020,5,4,8,9,27,93,34609,0,1,1,-33.400402,149.636394,3,2,1,1,3,0,0,0,2,0,7,80,0,1089,1089,7,5,40,1,0,0,0,1
1236828,1,2020,2020,5,4,7,12,31,111,34609,0,1,1,-33.922861,151.256718,59,0,2,1,3,0,3,4,2,0,7,50,0,941,941,1,34,0,2,0,0,0,1
1236829,1,2020,2020,5,2,9,500,27,271,799,0,1,2,-33.937195,151.020982,15,0,2,1,3,0,0,0,0,0,7,70,2,14295,14295,3,5,0,2,0,0,0,1