Crash ID,Degree of crash - detailed,Reporting year,Year of crash,Month of crash,Day of week of crash,Two-hour intervals,Street of crash,Street type,Town,Route no.,School zone location,School zone active,Type of location,Latitude,Longitude,LGA,Urbanisation,Conurbation 1,Alignment,Street lighting,Road surface,Surface condition,Weather,Natural lighting,Signals operation,Other traffic control,Speed limit,Road classification,RUM - code,DCA - code,First impact type,Key TU type,Other TU type,No. of traffic units involved,No. killed,No. seriously injured,No. moderately injured,No. minor-other injured
1236831,1,2020,2020,5,0,6,1,1,14,34609,0,1,7,-33.722451,151.121982,36,0,2,1,0,0,0,0,2,0,0,50,0,14295,14295,3,10,41,3,0,0,0,1
1236832,4,2020,2020,6,6,6,7,27,70,34609,0,1,10,-32.910306,151.722678,48,0,2,1,1,0,0,0,2,0,15,50,0,2852,2852,4,10,16,2,0,1,0,0
1236834,4,2020,2020,5,5,8,33,1,31,34609,1,0,7,-33.924618,150.889984,41,0,2,1,0,0,0,0,2,0,0,50,0,775,775,4,5,19,2,0,1,0,0
1236838,1,2020,2020,5,1,9,98,31,176,159,0,1,1,-33.956424,151.145718,4,0,2,1,3,0,0,0,0,0,7,60,2,14295,14295,3,5,12,2,0,0,0,1
1236839,4,2020,2020,5,3,4,204,31,112,321,0,1,5,-33.905477,151.202919,69,0,2,1,0,0,0,6,2,2,7,50,2,9859,9859,8,15,40,1,0,1,0,0
1236844,2,2020,2020,5,0,10,59,31,107,321,0,1,10,-33.877873,151.198658,69,0,2,1,2,0,0,0,0,2,7,50,2,5929,5929,1,5,5,2,0,0,1,0
1236846,2,2020,2020,5,1,8,348,27,363,88,0,1,2,-33.730874,150.694079,55,0,2,0,1,0,0,0,2,0,7,60,2,14295,14295,3,5,0,3,0,0,1,0
1236847,2,2020,2020,8,0,7,12,27,12,34609,0,1,1,-32.65528,151.274781,64,2,1,0,0,0,3,4,2,0,7,80,0,3775,3775,0,30,13,2,0,0,3,0
1236849,1,2020,2020,5,4,6,9,31,73,34609,0,1,9,-33.730273,150.705954,55,0,2,1,1,0,0,0,2,0,7,50,0,6545,6545,4,30,5,2,0,0,0,1
1236852,1,2020,2020,6,2,9,62,31,204,34609,0,1,7,-33.893605,150.925507,24,0,2,1,2,0,0,0,3,0,0,50,0,14295,14295,3,0,5,3,0,0,0,1
1236858,2,2020,2020,5,1,0,7,1,445,34609,0,1,9,-33.871628,151.038437,21,0,2,1,2,0,3,0,0,0,15,50,0,6545,6545,4,5,5,2,0,0,2,0
1236859,4,2020,2020,8,0,10,26,10,10,26,0,1,1,-36.79151,149.909579,5,2,1,0,0,0,0,0,0,0,7,80,1,4552,5151,8,5,40,1,0,2,0,0
1236861,2,2020,2020,5,6,7,14,2,234,34609,0,1,9,-34.268524,146.081857,28,2,1,1,1,0,0,0,2,0,0,50,0,3775,3775,0,22,13,2,0,0,1,0
1236864,2,2020,2020,5,6,9,27,36,11,34609,0,1,9,-29.617232,153.035186,18,1,0,1,0,0,0,0,0,0,7,100,0,5929,5929,1,5,0,2,0,0,1,1
1236865,2,2020,2020,5,5,7,1,27,9,34609,0,1,1,-32.728459,149.013602,22,2,1,0,0,2,0,0,2,0,7,50,0,782,957,5,0,40,1,0,0,2,0
1236868,4,2020,2020,8,2,7,8,27,7,36,0,1,1,-33.601911,150.896229,29,2,2,0,0,0,0,0,2,0,7,70,1,1850,1463,5,16,40,2,0,2,0,0
1236869,2,2020,2020,6,3,6,4,27,27,23,0,1,1,-31.408105,143.692803,51,1,0,1,0,2,3,3,2,0,7,100,1,1945,1945,5,16,40,1,0,0,1,0
1236870,4,2020,2020,8,2,9,1,31,54,34609,0,1,9,-33.869048,150.865227,24,0,2,1,0,0,3,0,0,0,7,50,0,1220,1220,9,30,28,2,0,1,0,0
1236871,4,2020,2020,6,2,10,14,1,20,34609,0,1,9,-33.976186,151.091124,25,0,2,1,3,0,2,6,0,0,0,50,0,1282,1282,1,17,5,2,0,1,0,0
1236872,2,2020,2020,8,1,11,2126,17,104,2149,0,1,1,-33.835421,151.022529,54,0,2,1,2,0,3,4,0,0,7,60,2,4026,4026,8,5,40,1,0,0,1,0
1236873,4,2020,2020,5,6,9,478,17,18,480,0,1,1,-33.220295,151.535728,16,2,2,0,0,0,0,0,0,0,7,70,2,3775,3775,0,5,5,2,0,1,2,0
1236874,4,2020,2020,6,0,8,3371,17,12,3342,0,1,10,-33.051329,151.654914,37,0,2,1,1,0,0,0,3,0,7,60,2,5929,5929,1,0,19,2,0,1,0,0
1236875,2,2020,2020,6,6,6,18,27,83,100,0,1,9,-34.453838,150.434454,78,2,1,1,3,0,3,2,2,2,7,50,2,14295,14295,3,10,5,2,0,0,1,0
1236876,1,2020,2020,6,5,5,361,23,44,165,0,1,9,-33.969823,151.117904,25,0,2,1,1,0,0,0,2,0,7,50,1,1192,1192,1,33,27,2,0,0,0,1
1236877,2,2020,2020,6,5,11,2,1,3,34609,0,1,1,-28.515296,153.550723,10,2,1,1,2,0,0,0,0,0,7,50,0,4026,4026,8,5,40,1,0,0,1,0
1236880,4,2020,2020,8,6,8,5,27,85,34609,0,1,2,-33.90532,150.876006,41,0,2,1,2,0,0,0,0,0,7,50,0,340,340,9,5,28,2,0,1,1,0
1236882,1,2020,2020,8,1,7,2,27,3,34609,0,1,1,-29.545063,151.797281,51,1,0,0,0,0,0,0,2,0,7,100,0,418,714,5,3,40,1,0,0,0,1
1236883,4,2020,2020,8,6,6,35,31,207,34609,0,1,10,-31.944081,141.444889,51,2,1,1,0,0,0,0,2,0,0,50,0,1945,1945,5,16,40,1,0,1,0,0
1236884,1,2020,2020,5,5,11,3,1,53,34609,0,1,7,-33.910439,150.842926,41,0,2,1,3,0,0,0,0,0,0,50,0,775,775,4,5,5,2,0,0,0,1
1236889,2,2020,2020,6,5,8,1,18,43,34609,0,1,1,-33.579445,150.859462,29,2,2,1,1,0,0,0,2,0,7,50,0,9859,9859,1,0,5,4,0,0,1,0
1236891,1,2020,2020,6,6,8,31,23,139,187,0,1,10,-33.870761,151.141859,32,0,2,1,3,0,0,0,0,3,7,60,2,14295,14295,3,10,36,2,0,0,0,1
1236892,1,2020,2020,5,3,7,175,27,104,220,0,1,2,-33.720514,150.937544,7,0,2,1,3,0,3,4,2,0,7,70,2,14295,14295,3,5,5,3,0,0,0,1
1236894,1,2020,2020,5,4,9,49,31,70,34609,0,1,10,-32.898989,151.723977,48,0,2,1,3,0,0,0,0,0,0,50,0,6545,6545,4,0,5,2,0,0,0,1
1236895,1,2020,2020,6,0,5,71,31,283,125,0,1,7,-33.846489,151.012833,21,0,2,1,3,0,0,0,2,0,0,60,1,926,926,4,5,5,2,0,0,0,1
1236896,2,2020,2020,5,2,6,34,31,35,18,0,1,9,-33.817697,151.205212,77,0,2,1,3,0,0,0,2,0,7,60,1,14295,14295,3,10,0,2,0,0,1,0
1236897,2,2020,2020,5,3,7,105,27,174,109,0,1,1,-33.863411,150.915063,24,0,2,1,3,0,0,0,2,0,7,60,1,14295,14295,3,5,0,2,0,0,1,0
1236898,2,2020,2020,5,0,6,2261,17,26,2252,0,1,7,-34.404638,150.505564,78,2,1,1,3,0,0,0,2,0,7,60,2,14295,14295,3,34,5,2,0,0,1,0
1236901,1,2020,2020,6,3,7,109,27,71,106,0,1,10,-33.833935,150.977123,21,0,2,1,3,0,0,0,2,2,7,60,1,14295,14295,3,0,41,2,0,0,0,1
1236906,1,2020,2020,5,2,6,2209,17,157,2205,0,1,9,-34.006962,151.11189,68,0,2,1,3,0,0,0,2,1,7,70,2,941,941,1,5,5,3,0,0,0,1
1236910,1,2020,2020,8,1,4,2261,17,32,2252,0,1,2,-34.833382,148.992126,82,1,0,0,0,0,0,0,2,0,7,110,2,1259,5151,8,21,40,1,0,0,0,1
1236912,4,2020,2020,6,4,5,4,27,6,34609,0,1,1,-34.541008,150.137625,78,2,1,1,0,0,0,0,2,0,7,80,0,3775,3775,0,30,13,2,0,1,0,0
1236915,2,2020,2020,5,3,6,90,36,12,102,0,1,10,-34.360579,147.217834,51,1,0,1,3,0,0,0,2,0,7,100,2,5929,5929,1,0,35,2,0,0,1,0
1236918,1,2020,2020,6,4,6,829,27,149,770,0,1,2,-33.868588,151.177915,32,0,2,1,3,0,0,0,2,0,7,60,2,14295,14295,3,10,5,2,0,0,0,1
1236924,4,2020,2020,5,0,7,2,10,46,34609,0,1,9,-35.160634,147.376787,75,2,1,0,1,0,0,0,2,0,0,50,0,775,775,4,5,27,2,0,1,0,0
1236926,2,2020,2020,6,3,2,475,31,463,34609,0,1,1,-30.300301,153.110357,19,2,1,1,2,0,3,4,0,0,7,50,0,9859,9859,8,5,40,1,0,0,1,0
1236931,2,2020,2020,6,3,8,2,1,59,34609,0,1,10,-33.974865,150.861176,13,0,2,1,1,0,0,0,3,0,0,50,0,6545,6545,4,5,5,2,0,0,1,0
1236933,2,2020,2020,5,4,4,125,27,22,144,0,1,7,-32.857641,151.80309,57,2,1,1,1,0,3,4,2,0,0,70,2,475,475,5,8,40,1,0,0,1,0
1236934,4,2020,2020,5,6,5,117,27,72,144,0,1,9,-33.847995,151.089554,14,0,2,1,0,0,0,0,2,0,7,60,2,256,256,4,22,5,2,0,1,0,0
1236936,2,2020,2020,5,2,5,481,17,77,483,0,1,1,-30.317482,149.780245,51,2,1,1,1,0,3,0,2,0,7,50,2,1109,397,1,21,0,2,0,0,1,0
1236939,4,2020,2020,8,6,8,7,27,23,34609,0,1,1,-32.034058,152.401127,43,2,1,1,0,2,0,0,2,0,7,80,0,4026,4026,8,16,40,1,0,1,0,0
1236943,2,2020,2020,8,4,7,21,27,43,34609,0,1,1,-33.557022,150.782153,29,2,2,1,0,0,3,4,2,0,7,80,0,475,475,5,10,40,1,0,0,1,0
1236944,2,2020,2020,6,4,10,2209,17,106,2205,0,1,2,-34.568183,150.803805,62,0,2,0,2,0,0,0,0,0,7,60,2,1957,4009,8,30,40,1,0,0,1,0
1236948,2,2020,2020,5,4,8,9,27,290,34609,0,1,9,-33.866684,151.004059,21,0,2,1,1,0,0,0,2,0,7,50,0,489,489,8,5,40,1,0,0,1,0
1236956,4,2020,2020,8,3,0,42,36,53,34609,0,1,2,-30.652084,152.990295,47,2,1,1,2,0,0,3,0,0,7,60,0,14295,14295,3,5,19,2,0,1,0,0
1236957,4,2020,2020,0,1,3,48,1,3,34609,0,1,9,-34.629394,150.856348,35,2,1,0,1,0,0,0,1,0,0,50,0,5929,5929,1,0,27,2,0,1,0,0
1236960,1,2020,2020,6,6,7,2209,17,10,2205,0,1,1,-36.396473,149.873163,5,1,0,1,0,0,0,0,2,0,7,100,2,9859,9859,8,0,40,1,0,0,0,2
1236961,2,2020,2020,6,5,7,17,31,69,34609,0,1,1,-33.820034,151.020257,54,0,2,1,1,0,0,0,2,0,7,50,0,186,186,9,0,28,2,0,0,1,0
1236962,2,2020,2020,5,2,6,1,27,35,34609,0,1,1,-35.50129,150.319296,63,2,1,0,0,2,0,0,2,0,7,50,0,3775,3775,0,16,19,2,0,0,1,1
1236963,2,2020,2020,0,0,8,9,27,2,34609,0,1,1,-28.59531,152.952828,51,1,0,0,0,0,0,0,3,0,7,100,0,4552,5151,8,0,40,1,0,0,1,0
1236965,4,2020,2020,8,3,5,81,17,35,34609,0,1,1,-34.334316,150.557861,78,1,0,1,0,0,0,0,2,0,7,100,0,3775,3775,0,5,13,3,0,3,1,0
1236967,2,2020,2020,8,5,6,81,27,609,115,0,1,10,-33.776722,150.901586,7,0,2,1,2,0,0,0,2,2,7,60,2,14295,14295,3,5,5,2,0,0,1,1
1236968,2,2020,2020,8,1,5,6,31,87,34609,0,1,7,-34.477851,150.420523,78,2,1,1,0,0,0,0,2,0,7,50,0,9859,9859,1,30,36,2,0,0,1,0
1236969,1,2020,2020,5,2,6,2,27,19,769,0,1,9,-33.546186,150.33668,8,2,2,0,0,0,0,0,2,0,7,80,2,14295,14295,3,0,5,2,0,0,0,3
1236970,2,2020,2020,6,0,7,475,31,532,75,0,1,10,-33.873219,151.209906,69,0,2,1,2,0,0,0,2,2,7,40,1,14295,14295,3,5,10,3,0,0,1,1
1236975,1,2020,2020,5,4,3,4,1,140,34609,0,1,9,-33.894768,150.997421,15,0,2,1,3,0,0,0,2,0,7,60,0,926,926,4,5,36,2,0,0,0,1
1236976,1,2020,2020,5,4,8,13,31,36,212,0,1,10,-35.443907,149.799518,58,2,1,1,3,0,0,0,0,0,0,50,2,2852,2852,4,8,0,2,0,0,0,1
1236977,1,2020,2020,5,5,3,3371,17,104,3342,0,1,2,-32.827142,151.683917,48,0,2,1,3,0,0,0,2,0,7,80,2,14295,14295,3,0,36,2,0,0,0,1
1236978,1,2020,2020,6,0,6,34,31,98,260,0,1,10,-33.013281,151.593204,37,0,2,1,3,0,0,0,2,2,9,60,2,14295,14295,3,0,36,2,0,0,0,1
1236979,2,2020,2020,5,3,11,2261,17,346,2252,0,1,9,-33.887376,151.073623,67,0,2,1,3,0,0,0,0,2,7,60,2,1109,397,1,5,5,2,0,0,1,0
1236980,1,2020,2020,5,4,8,2209,17,64,2205,0,1,10,-34.383514,150.900176,80,0,2,1,3,0,0,0,3,2,7,80,2,14295,14295,3,5,13,2,0,0,0,1
1236981,4,2020,2020,5,1,7,76,24,164,154,0,1,2,-33.724919,150.894231,7,0,2,0,3,0,0,0,2,0,7,70,1,14295,14295,3,10,0,3,0,1,0,0
1236982,1,2020,2020,6,0,7,2,31,314,7,1,2,9,-33.855286,150.917221,24,0,2,1,3,0,0,0,2,2,7,40,1,926,926,4,5,0,2,0,0,0,1
1236983,1,2020,2020,5,4,8,48,31,139,605,0,1,9,-33.829829,151.214013,49,0,2,1,3,0,0,0,2,2,7,60,2,14295,14295,3,10,5,3,0,0,0,1
1236986,1,2020,2020,5,0,10,4,27,438,34609,0,1,7,-33.857922,151.037033,21,0,2,0,2,0,3,4,0,0,7,50,0,1192,1192,1,5,18,2,0,0,0,1
1236988,4,2020,2020,5,4,11,829,27,363,770,0,1,10,-33.808926,151.020942,54,0,2,1,3,0,0,0,0,0,0,60,2,9859,9859,8,30,40,1,0,1,0,0
1236990,1,2020,2020,6,1,3,21,31,293,34609,0,1,1,-33.93951,151.242044,59,0,2,1,3,0,3,0,2,0,7,50,0,1981,1981,4,5,27,2,0,0,0,1
1236993,1,2020,2020,5,5,6,5,27,136,34609,0,1,10,-33.868053,151.068619,67,0,2,1,3,0,0,0,2,0,15,50,0,6545,6545,4,5,5,2,0,0,0,1
1236996,1,2020,2020,7,2,1,21,27,14,15,0,1,1,-32.269093,149.089694,22,1,0,1,3,0,0,0,0,0,7,100,1,1089,1089,7,5,40,1,0,0,0,1
1236997,4,2020,2020,6,5,5,117,1,70,121,0,1,10,-34.037071,151.079865,68,0,2,1,3,0,0,0,2,2,7,60,1,5929,5929,1,5,5,2,0,1,0,0
1237003,2,2020,2020,5,3,9,8,27,96,49,0,1,7,-34.051944,150.849675,13,0,2,1,2,0,3,4,0,0,7,60,1,9859,9859,8,5,40,1,0,0,1,0
1237005,1,2020,2020,6,3,4,17,27,4,18,0,1,1,-34.883263,148.895337,82,2,1,0,0,0,0,0,2,0,7,80,2,380,714,5,0,40,1,0,0,0,3
1237008,1,2020,2020,5,6,9,387,27,115,331,0,1,9,-33.959974,151.071333,25,0,2,1,3,0,0,0,0,0,7,60,2,5929,5929,1,10,5,2,0,0,0,1
1237012,1,2020,2020,7,0,7,63,27,224,605,0,1,9,-33.811983,151.244645,45,0,2,0,0,0,0,0,2,0,7,60,2,14295,14295,3,16,5,2,0,0,0,1
1237013,2,2020,2020,5,5,3,145,27,115,80,0,1,9,-33.877209,151.187806,69,0,2,0,1,0,0,0,2,0,7,40,2,1850,1463,5,22,40,1,0,0,1,0
1237014,4,2020,2020,5,3,6,123,36,6,90,0,1,9,-31.736183,151.868582,43,2,1,0,0,0,0,0,2,0,7,80,1,3775,3775,0,16,0,2,0,1,2,0
1237015,2,2020,2020,6,4,5,3371,17,38,3342,0,1,2,-30.246902,153.14042,19,2,1,1,1,0,3,4,2,0,7,80,2,14295,14295,3,10,5,3,0,0,1,0
1237020,2,2020,2020,5,6,3,829,27,123,770,0,1,10,-33.807101,151.070503,54,0,2,1,3,0,0,1,1,2,7,70,2,14295,14295,3,5,12,3,0,0,1,0
1237023,2,2020,2020,5,1,7,1,31,59,34609,0,1,10,-33.175602,151.488648,37,0,2,1,3,0,0,0,2,0,0,50,0,1109,787,1,10,5,2,0,0,2,0
1237029,4,2020,2020,0,4,6,29,27,17,34609,0,1,1,-28.233299,153.526864,72,2,1,0,0,0,0,0,2,0,7,60,0,1957,4009,8,16,40,2,0,1,0,0
1237031,1,2020,2020,5,4,3,5,31,445,34609,0,1,1,-33.854445,151.05374,21,0,2,1,3,0,0,0,2,0,7,50,0,14295,14295,3,21,5,2,0,0,0,1
1237033,2,2020,2020,5,6,3,16,31,129,34609,0,1,9,-33.892115,151.104688,9,0,2,1,3,0,0,3,2,0,0,50,0,2852,2852,4,5,12,2,0,0,1,0
1237035,1,2020,2020,6,2,5,3,6,21,34609,0,1,1,-33.880317,150.909368,24,0,2,1,3,0,0,0,2,0,7,50,0,1109,787,1,0,13,3,0,0,0,2
1237036,1,2020,2020,5,3,4,515,14,293,518,0,1,3,-33.941075,151.040629,15,0,2,1,3,0,0,0,2,0,7,100,2,1192,1192,1,5,35,2,0,0,0,2
1237038,1,2020,2020,6,1,6,62,27,63,166,0,1,7,-33.249825,151.482882,16,2,2,1,3,0,0,0,2,0,0,70,2,14295,14295,3,0,13,2,0,0,0,1
1237042,4,2020,2020,6,6,5,2261,17,646,2252,1,0,10,-33.907195,151.033309,15,0,2,1,1,0,0,0,2,2,7,60,2,5929,5929,1,5,5,2,0,1,0,0
1237043,1,2020,2020,6,6,4,59,27,7,42,0,1,9,-33.968803,151.015076,15,0,2,1,0,0,0,0,2,0,0,60,1,2852,2852,4,5,5,2,0,0,0,1
1237044,1,2020,2020,6,2,4,234,27,34,228,0,1,1,-33.423729,150.974424,71,0,2,0,0,0,3,1,2,0,7,80,2,4552,5151,8,16,40,1,0,0,0,1
1237047,2,2020,2020,5,2,8,24,31,237,44,0,1,9,-33.874897,150.954041,24,0,2,1,3,0,0,0,2,2,7,60,1,5929,5929,1,5,5,3,0,0,1,0
1237050,1,2020,2019,2,1,5,916,17,75,917,0,1,2,-32.79086,151.629837,42,1,0,1,1,0,0,0,2,0,7,90,2,14295,14295,3,5,0,4,0,0,0,1
1237051,2,2020,2020,6,1,6,149,10,346,702,0,1,2,-33.880204,151.068756,67,0,2,1,0,0,0,0,2,0,7,70,2,14295,14295,3,5,12,2,0,0,1,0
1237052,4,2020,2020,5,0,8,13,27,5,34609,0,1,1,-31.436018,152.701998,56,2,1,0,0,0,0,0,3,0,7,80,0,1220,1220,9,34,28,2,0,1,1,0
1237055,2,2020,2020,5,5,8,62,10,122,62,0,1,2,-33.433518,151.345147,16,2,2,1,1,0,0,0,3,0,7,50,2,1220,1220,9,30,28,2,0,0,1,0
1237056,4,2020,2020,6,4,3,22,31,337,30,0,1,10,-33.731201,151.004191,71,0,2,1,2,0,0,0,1,2,9,60,2,2040,2040,9,30,28,2,0,1,0,0
1237057,1,2020,2020,6,1,7,27,27,108,49,0,1,2,-33.759057,151.280633,50,0,2,0,0,0,0,0,2,0,7,60,1,1282,1282,1,0,27,2,0,0,0,1
1237060,4,2020,2020,5,4,4,14,31,155,231,0,1,7,-33.487301,151.322067,16,2,2,1,1,0,0,0,2,0,0,60,2,2852,2852,4,5,27,2,0,1,0,0
1237065,2,2020,2020,5,0,5,177,31,77,208,0,1,1,-33.862361,150.941751,24,0,2,1,1,0,0,0,2,0,7,60,1,5929,5929,1,5,36,2,0,0,1,0
1237066,2,2020,2020,5,1,5,19,27,6,42,0,1,9,-34.891892,150.593799,63,2,1,1,0,0,0,0,2,0,0,60,1,5929,5929,1,5,0,2,0,0,1,0
1237067,4,2020,2020,5,3,6,2,36,35,12,0,1,1,-30.121134,147.949737,51,1,0,0,0,0,0,0,2,0,7,100,1,782,957,5,10,40,1,0,1,0,0
1237068,2,2020,2020,5,3,8,4,10,22,34609,0,1,1,-34.064172,150.805471,13,0,2,0,1,0,0,0,3,0,7,50,0,4552,5151,8,5,40,1,0,0,1,0
1237069,2,2020,2020,5,0,7,28,27,25,28,0,1,1,-32.709669,151.857161,57,2,1,1,1,0,0,0,2,0,7,80,1,14295,14295,3,8,13,3,0,0,1,0
1237076,1,2020,2020,5,6,6,387,27,253,34609,0,1,1,-33.967332,151.10741,25,0,2,1,0,0,0,3,2,0,7,50,0,387,387,1,22,0,2,0,0,0,1
1237079,2,2020,2020,6,0,7,3371,17,65,3342,0,1,9,-33.382564,151.369901,16,2,2,1,1,0,0,0,2,2,8,60,2,83,83,1,5,5,2,0,0,1,1
1237080,2,2020,2020,5,0,6,2209,17,19,2205,0,1,1,-34.810518,150.635519,63,2,1,1,2,0,0,0,2,0,7,80,2,9859,9859,8,10,40,1,0,0,1,0
1237084,2,2020,2020,8,5,10,2,31,82,34609,1,0,1,-33.795964,151.25659,50,0,2,1,0,0,0,0,0,0,7,50,0,9859,9859,1,5,36,4,0,0,1,0
1237086,4,2020,2020,8,0,3,60,27,253,331,0,1,10,-33.964562,151.101017,25,0,2,1,1,0,0,0,2,2,8,50,2,1220,1220,9,10,28,2,0,1,0,0
1237090,2,2020,2020,6,6,10,117,1,210,121,0,1,9,-34.039634,151.097498,68,0,2,1,2,0,3,4,0,2,7,60,1,1945,1945,5,5,40,1,0,0,1,0
1237091,4,2020,2020,8,5,8,103,27,29,256,0,1,1,-34.194814,150.789614,79,2,2,1,3,0,0,3,2,0,7,50,2,9859,9859,8,5,40,1,0,1,0,0
1237093,4,2020,2020,8,5,6,60,27,239,167,1,0,10,-34.031926,151.119437,68,0,2,1,1,0,0,0,2,2,7,70,2,6545,6545,4,17,5,2,0,1,0,0
1237095,2,2020,2020,8,4,10,293,31,562,34609,0,1,10,-32.259297,148.60084,22,2,1,1,2,0,0,0,0,0,15,60,0,6545,6545,4,5,5,2,0,0,2,2
1237097,1,2020,2020,8,1,1,97,17,61,88,0,1,2,-35.193547,149.221838,58,1,0,1,0,0,0,0,0,0,7,110,2,4026,4026,8,8,40,1,0,0,0,1
1237099,4,2020,2020,8,2,10,2261,17,70,2252,0,1,2,-34.743572,149.893681,26,1,0,1,0,0,0,0,0,0,7,110,2,4026,4026,8,33,40,1,0,1,1,1
1237101,4,2020,2020,0,4,7,117,27,78,144,0,1,10,-33.858415,151.092258,14,0,2,1,1,0,0,0,2,2,9,60,2,2040,2040,9,21,28,2,0,1,0,0
1237102,2,2020,2020,8,6,7,34,31,77,34609,1,2,10,-33.034957,151.661874,37,0,2,1,1,0,0,0,2,0,15,40,0,5929,5929,1,5,36,3,0,0,2,0
1237103,4,2020,2020,8,3,7,195,27,76,186,0,1,10,-33.921137,150.850784,41,0,2,1,1,0,0,0,2,2,7,70,2,1282,1282,1,5,0,3,0,1,1,0
1237105,2,2020,2020,6,5,7,220,27,86,222,0,1,2,-33.758201,150.955133,7,0,2,1,3,0,0,0,2,0,7,80,2,14295,14295,3,5,5,2,0,0,1,0
1237108,2,2020,2020,6,5,8,11,36,12,11,0,1,1,-33.648253,148.80749,51,1,0,0,0,0,0,0,0,0,7,100,1,4552,5151,8,34,40,1,0,0,1,0
1237109,1,2020,2020,5,6,7,5,27,55,34609,0,1,9,-33.367012,151.463593,16,2,2,1,3,0,0,0,2,0,7,50,0,5929,5929,1,5,5,2,0,0,0,1
1237110,4,2020,2020,8,0,7,8,31,70,34609,0,1,1,-33.43842,151.355657,16,2,2,1,0,0,0,0,2,0,7,50,0,9859,9859,1,5,5,3,0,1,0,0
1237115,4,2020,2020,8,3,7,4,27,50,34609,0,1,1,-34.341854,150.901025,80,0,2,1,1,0,0,0,2,0,7,50,0,4026,4026,1,5,13,2,0,1,0,0
1237120,1,2020,2020,5,6,4,35,27,21,96,1,2,7,-32.958387,151.679768,37,0,2,1,3,0,0,0,2,0,0,40,2,14295,14295,3,0,36,2,0,0,0,1
1237121,2,2020,2020,5,0,3,85,10,38,702,0,1,2,-33.841353,151.082936,14,0,2,1,3,0,0,0,2,0,7,80,2,14295,14295,3,5,0,4,0,0,2,0
1237122,4,2020,2020,5,3,9,80,31,23,1,0,1,1,-31.495721,145.83638,51,2,1,1,3,0,3,5,0,0,7,50,1,9859,9859,1,5,5,2,0,1,0,0
1237129,2,2020,2020,5,2,8,829,31,49,102,0,1,10,-34.450471,147.528956,51,2,1,1,3,0,0,0,0,0,0,50,2,6545,6545,4,5,5,2,0,0,1,0
1237130,4,2020,2020,5,3,7,9,31,215,34609,0,1,1,-35.100693,147.364063,75,2,1,0,3,0,0,0,2,0,7,60,0,1109,787,1,0,19,2,0,1,0,0
1237131,1,2020,2020,5,0,8,38,27,218,70,0,1,9,-33.754326,150.775907,55,0,2,1,3,0,3,4,2,0,7,60,1,926,926,4,5,36,2,0,0,0,1
1237134,1,2020,2020,5,2,6,3371,17,149,3342,0,1,7,-33.345069,151.369892,16,2,2,0,3,0,0,0,2,0,0,60,2,14295,14295,3,16,0,2,0,0,0,2
1237135,1,2020,2020,6,2,5,16,31,161,115,0,1,10,-33.726492,151.161663,36,0,2,1,3,0,0,0,2,2,7,60,1,14295,14295,3,30,0,2,0,0,0,1
1237137,1,2020,2020,6,2,8,296,27,460,293,0,1,9,-33.838501,150.999892,21,0,2,1,3,0,0,0,3,2,7,70,2,14295,14295,3,5,5,3,0,0,0,1
1237139,1,2020,2020,5,0,9,63,27,147,34609,0,1,1,-33.88112,150.993628,15,0,2,1,3,0,0,0,0,0,7,50,0,14295,14295,3,0,0,2,0,0,0,1
1237140,1,2020,2020,5,4,9,44,31,143,34609,0,1,10,-33.873759,151.098594,9,0,2,1,3,0,0,0,0,0,0,50,0,301,301,4,5,0,2,0,0,0,1
1237141,1,2020,2020,5,1,3,330,27,147,605,0,1,9,-33.751624,151.288254,50,0,2,1,3,0,0,0,2,2,7,60,2,14295,14295,3,10,5,2,0,0,0,1
1237147,1,2020,2020,5,5,5,44,27,304,21,0,1,9,-33.899953,151.157891,32,0,2,1,3,0,0,0,2,0,0,50,1,301,301,4,5,36,2,0,0,0,1
1237150,4,2020,2020,0,1,9,22,31,174,34609,0,1,9,-33.865768,150.9328,24,0,2,1,2,0,0,0,0,0,0,50,0,5929,5929,1,33,19,2,0,1,0,0
1237152,2,2020,2020,8,0,6,12,27,36,41,0,1,10,-33.562987,148.632862,11,1,0,0,3,0,0,0,2,0,0,100,1,6545,6545,4,10,5,2,0,0,1,0
1237153,1,2020,2020,5,6,6,92,27,129,244,0,1,10,-33.897486,151.099615,15,0,2,1,3,0,0,0,2,2,7,60,2,1391,1391,1,5,5,2,0,0,0,1
1237156,4,2020,2020,5,4,6,62,10,91,169,0,1,2,-32.812247,151.639723,48,0,2,1,1,0,0,0,2,0,7,80,2,368,368,9,29,28,2,0,1,0,0
1237157,4,2020,2020,6,5,6,76,24,164,154,0,1,2,-33.724518,150.892676,7,0,2,0,0,0,0,0,2,0,7,70,1,2585,4009,8,16,40,1,0,1,0,0
1237174,1,2020,2020,5,3,4,63,31,173,34609,0,1,10,-33.877408,151.215623,69,0,2,1,3,0,3,4,2,2,7,40,0,301,301,4,15,5,2,0,0,0,1
1237178,2,2020,2020,5,5,8,2,18,91,34609,0,1,0,-32.974663,151.645727,37,0,2,1,3,0,0,0,3,0,7,40,0,1981,1981,4,22,0,2,0,0,1,0
1237181,1,2020,2020,6,0,9,14,1,198,34609,0,1,10,-33.905464,151.096926,15,0,2,1,3,0,0,0,3,0,0,50,0,301,301,4,30,5,2,0,0,0,1
1237184,2,2020,2020,5,2,9,175,27,104,220,0,1,9,-33.733502,150.920301,7,0,2,1,3,0,0,0,0,2,7,70,2,5929,5929,1,5,5,2,0,0,1,0