Crash ID,Degree of crash - detailed,Reporting year,Year of crash,Month of crash,Day of week of crash,Two-hour intervals,Street of crash,Street type,Town,Route no.,School zone location,School zone active,Type of location,Latitude,Longitude,LGA,Urbanisation,Conurbation 1,Alignment,Street lighting,Road surface,Surface condition,Weather,Natural lighting,Signals operation,Other traffic control,Speed limit,Road classification,RUM - code,DCA - code,First impact type,Key TU type,Other TU type,No. of traffic units involved,No. killed,No. seriously injured,No. moderately injured,No. minor-other injured
1237193,2,2020,2020,5,3,9,71,27,10,69,0,1,1,-36.356032,148.588479,65,2,1,1,3,0,0,0,3,0,7,80,2,14295,14295,3,30,0,2,0,0,1,1
1237196,2,2020,2020,5,6,8,84,27,61,415,0,1,2,-33.773577,151.135406,36,0,2,1,1,0,0,0,3,0,7,70,2,14295,14295,3,0,5,2,0,0,1,0
1237200,4,2020,2020,6,6,3,205,27,45,415,0,1,2,-33.685974,151.227542,50,0,2,1,1,0,0,0,2,0,7,80,2,2040,2040,9,22,28,2,0,2,0,0
1237205,4,2020,2020,6,2,5,50,27,169,382,0,1,10,-33.777236,150.848196,7,0,2,1,1,0,0,3,2,2,7,60,2,2852,2852,4,0,5,2,0,1,0,0
1237206,4,2020,2020,5,6,6,53,31,147,125,0,1,1,-33.885516,151.006435,15,0,2,1,0,0,0,0,2,0,7,60,1,1669,1669,3,9,5,2,0,1,0,0
1237216,2,2020,2020,5,0,9,10,31,239,34609,0,1,1,-34.044932,151.116123,68,0,2,1,2,0,0,0,0,0,7,50,0,9859,9859,1,5,36,2,0,0,1,0
1237218,4,2020,2020,8,2,2,19,31,111,34609,0,1,1,-33.926771,151.250613,59,0,2,1,0,0,0,1,0,0,7,50,0,9859,9859,1,5,13,3,0,1,0,0
1237219,4,2020,2020,6,5,5,92,27,129,29,0,1,9,-33.896137,151.099894,9,0,2,1,1,0,0,0,2,0,7,50,1,5929,5929,1,5,5,2,0,2,0,0
1237223,4,2020,2020,5,2,4,485,27,337,769,0,1,9,-33.738845,150.98413,71,0,2,1,2,0,0,0,2,2,7,70,2,5929,5929,1,5,5,3,0,3,0,0
1237226,2,2020,2020,8,2,10,1,25,26,34609,0,1,1,-33.740835,150.817856,7,0,2,1,2,0,0,0,0,0,7,50,0,248,248,1,10,5,4,0,0,1,0
1237229,2,2020,2020,6,3,6,234,27,34,228,0,1,1,-33.425945,150.985819,31,0,2,1,0,0,0,0,2,0,7,80,2,1109,787,1,5,19,2,0,0,1,0
1237232,2,2020,2020,5,2,6,3371,17,39,3342,0,1,2,-29.754519,153.05157,18,1,0,1,0,0,3,4,2,0,7,110,2,1109,397,1,0,0,2,0,0,2,0
1237238,4,2020,2020,6,6,6,916,17,172,917,0,1,10,-32.752994,151.58689,42,2,1,1,1,0,3,4,2,2,7,60,2,6545,6545,4,5,5,3,0,1,1,0
1237241,2,2020,2020,5,4,7,1104,14,460,962,0,1,3,-33.825205,150.990267,54,0,2,1,1,0,0,0,2,0,7,90,2,14295,14295,3,0,5,3,0,0,2,0
1237245,2,2020,2020,6,1,8,17,10,39,34609,0,1,10,-32.877562,151.647809,48,0,2,1,2,0,3,4,0,2,7,60,0,5929,5929,1,5,5,2,0,0,1,0
1237246,2,2020,2020,7,3,9,2,31,173,34609,0,1,0,-33.876709,151.224409,69,0,2,1,1,0,0,0,3,0,7,40,0,9859,9859,1,10,5,2,0,0,1,0
1237247,2,2020,2020,5,0,7,2126,17,65,2149,0,1,1,-33.550896,150.184521,40,2,1,1,0,0,0,0,2,0,7,80,2,9859,9859,1,5,13,2,0,0,1,0
1237248,4,2020,2020,5,6,7,485,27,323,769,0,1,1,-33.770081,151.000604,54,0,2,0,1,0,0,0,2,0,7,60,2,1850,1463,5,16,40,1,0,1,0,0
1237250,1,2020,2020,5,3,5,5,31,102,34609,0,1,2,-33.960415,151.230905,59,0,2,1,0,0,0,0,2,0,7,60,0,14295,14295,3,30,27,2,0,0,0,1
1237254,1,2020,2020,5,2,6,75,10,112,165,0,1,3,-33.911034,151.212933,69,0,2,1,3,0,0,0,2,0,7,80,2,14295,14295,3,0,5,2,0,0,0,1
1237255,4,2020,2020,8,1,7,103,27,149,167,0,1,2,-33.991922,151.132347,4,0,2,1,1,0,0,0,2,0,7,70,2,1220,1220,9,0,28,2,0,1,0,0
1237257,2,2020,2020,6,1,7,48,10,316,121,0,1,9,-31.432007,152.89077,56,2,1,1,1,0,0,0,2,0,0,60,1,2852,2852,4,5,5,2,0,0,2,0
1237260,4,2020,2020,6,1,8,125,27,21,144,0,1,2,-32.768745,152.030198,57,2,1,1,1,0,0,0,2,0,7,80,2,9859,9859,8,30,40,1,0,2,2,0
1237262,1,2020,2020,6,5,7,24,31,169,382,0,1,10,-33.600674,150.750954,29,2,2,1,2,0,0,0,2,2,7,60,2,2040,2040,9,5,28,2,0,0,0,1
1237263,2,2020,2020,6,5,10,169,27,21,34609,0,1,1,-35.085254,147.325549,75,2,1,0,0,2,3,3,0,0,7,80,0,4552,5151,8,10,40,1,0,0,1,0
1237264,1,2020,2020,5,1,4,866,17,171,793,0,1,10,-33.80287,150.971204,54,0,2,1,3,0,3,4,2,2,7,70,2,14295,14295,3,5,5,2,0,0,0,1
1237265,1,2020,2020,5,0,5,1052,14,56,928,0,1,3,-32.980538,151.525993,37,0,2,1,3,0,0,0,2,0,7,110,2,14295,14295,3,10,5,3,0,0,0,1
1237266,2,2020,2020,5,2,9,15,27,188,140,0,1,7,-33.934417,151.088309,15,0,2,1,3,0,0,0,3,0,0,50,1,14295,14295,3,5,5,2,0,0,1,0
1237267,2,2020,2020,5,6,8,20,31,363,9,1,0,1,-33.81442,151.012804,54,0,2,1,0,0,0,0,2,0,9,60,1,1220,1220,9,5,28,2,0,0,1,0
1237271,2,2020,2020,5,1,3,126,1,226,144,0,1,2,-33.778568,150.814658,7,0,2,1,3,0,3,4,1,0,7,60,2,14295,14295,3,5,5,2,0,0,1,0
1237274,1,2020,2020,5,6,8,105,27,67,109,0,1,9,-33.875874,150.89595,24,0,2,1,3,0,0,0,2,0,7,60,1,14295,14295,3,5,0,2,0,0,0,1
1237276,1,2020,2020,5,3,7,500,27,83,799,0,1,9,-33.912102,151.119218,15,0,2,1,3,0,3,4,2,2,7,60,2,14295,14295,3,10,5,2,0,0,0,1
1237280,2,2020,2020,5,6,4,56,27,323,38,0,1,7,-33.76239,150.977969,71,0,2,1,3,0,0,0,2,0,0,60,1,2852,2852,4,0,5,2,0,0,1,0
1237281,4,2020,2020,5,6,4,2261,17,284,2252,1,0,10,-33.90446,151.006714,15,0,2,0,1,0,0,0,2,2,9,70,2,2040,2040,9,9,28,2,0,1,0,0
1237282,4,2020,2020,5,6,8,97,31,460,92,0,1,9,-33.831112,150.992967,21,0,2,1,2,0,0,0,0,0,7,60,1,926,926,4,0,5,2,0,1,0,1
1237283,2,2020,2020,4,0,8,916,17,66,917,0,1,2,-32.811738,151.666347,48,0,2,1,0,0,0,3,2,0,7,80,2,4026,4026,8,0,40,2,0,0,1,0
1237284,2,2020,2020,6,4,7,31,31,161,34609,0,1,1,-33.881965,151.151015,32,0,2,1,1,0,0,0,2,0,7,50,0,1981,1981,4,5,18,2,0,0,1,0
1237285,4,2020,2020,5,6,5,133,31,120,34609,1,0,1,-32.183279,152.520358,43,2,1,1,0,0,0,0,2,0,7,50,0,9859,9859,1,0,5,2,0,2,0,0
1237286,4,2020,2020,5,0,9,47,27,293,69,0,1,5,-33.941318,151.237191,59,0,2,1,2,0,3,4,0,0,9,60,1,2040,2040,9,5,28,2,0,1,0,0
1237287,1,2020,2020,6,4,8,5,31,49,34609,0,1,1,-33.933018,151.153925,4,0,2,1,3,0,0,0,3,0,7,50,0,1981,1981,4,5,13,2,0,0,0,1
1237288,1,2020,2020,7,4,4,1,27,24,34609,0,1,1,-29.759565,153.161522,18,1,0,0,0,2,0,0,2,0,7,100,0,1850,1463,5,0,40,1,0,0,0,1
1237290,2,2020,2020,6,2,5,55,36,1,35,0,1,1,-32.487024,150.080157,44,1,0,0,0,0,0,0,2,0,7,100,1,1850,1463,5,16,40,1,0,0,1,0
1237291,2,2020,2020,5,0,5,77,10,45,331,0,1,1,-34.261408,150.573738,79,2,2,1,0,0,0,0,2,0,7,80,1,1109,787,1,5,5,2,0,0,1,0
1237293,2,2020,2020,7,2,8,234,27,57,217,0,1,1,-33.553788,151.009274,71,0,2,0,3,0,2,6,2,0,7,80,2,2585,4009,8,10,40,1,0,0,1,0
1237295,4,2020,2020,5,0,8,45,27,60,44,0,1,6,-33.833631,151.145618,51,0,2,1,2,0,0,0,3,0,7,60,2,14295,14295,3,0,5,2,0,1,0,0
1237303,4,2020,2020,8,4,8,92,27,21,36,0,1,9,-35.734654,150.206936,23,2,1,1,0,0,0,0,3,0,7,50,1,9859,9859,8,16,40,1,0,1,0,0
1237310,1,2020,2020,8,1,7,866,27,438,34609,0,1,9,-33.856743,151.024261,21,0,2,1,1,0,0,0,2,0,0,50,0,5929,5929,1,33,5,2,0,0,0,1
1237311,2,2020,2020,0,4,8,70,27,26,100,0,1,1,-33.672339,150.634018,8,2,2,0,0,0,3,3,3,0,7,80,2,4552,5151,1,0,5,2,0,0,1,1
1237315,1,2020,2020,5,0,1,30,27,61,93,0,1,2,-33.745469,150.900163,7,0,2,0,2,0,0,0,0,0,7,60,1,1850,1463,5,9,40,1,0,0,0,1
1237319,4,2020,2020,6,3,5,50,31,44,34609,0,1,2,-33.746065,150.737421,55,0,2,0,0,0,0,0,2,0,7,50,0,1220,1220,9,0,28,2,0,1,0,0
1237325,1,2020,2020,6,6,8,1104,14,223,962,0,1,3,-33.805976,150.919143,7,0,2,1,2,0,0,0,3,0,7,100,2,14295,14295,3,0,5,4,0,0,0,1
1237334,2,2020,2020,5,6,8,177,31,314,208,0,1,1,-33.860066,150.925368,24,0,2,1,2,0,0,0,0,0,7,60,1,14295,14295,3,5,5,3,0,0,1,1
1237335,1,2020,2020,5,1,7,26,27,131,115,0,1,1,-33.783687,151.189032,36,0,2,1,3,0,0,0,2,0,7,60,1,14295,14295,3,9,36,2,0,0,0,1
1237336,2,2020,2020,5,6,3,5,27,127,34609,0,1,9,-33.844296,150.832169,24,0,2,1,3,0,0,1,1,0,7,60,0,6545,6545,4,10,13,2,0,0,2,0
1237337,2,2020,2020,5,2,6,512,17,562,441,0,1,9,-32.227283,148.569839,22,1,0,1,0,0,3,4,2,0,0,90,2,1669,1669,3,30,13,2,0,0,1,0
1237338,2,2020,2020,5,3,5,387,27,91,331,0,1,1,-33.961211,151.07774,25,0,2,1,1,0,0,0,2,0,7,60,2,14295,14295,3,0,5,4,0,0,1,0
1237349,1,2020,2020,6,0,5,6,31,103,45,0,1,1,-34.312664,148.29428,30,2,1,1,3,0,0,0,2,0,7,40,1,214,214,9,0,28,2,0,0,0,1
1237351,2,2020,2020,5,6,7,46,27,96,49,1,0,1,-34.056509,150.847491,13,0,2,1,1,0,0,3,2,0,7,60,1,1981,1981,4,0,5,2,0,0,2,0
1237353,2,2020,2020,5,0,4,103,27,176,167,0,1,1,-33.976424,151.136558,25,0,2,1,3,0,0,0,2,0,7,60,2,1391,1391,1,0,19,2,0,0,1,0
1237356,1,2020,2020,5,0,5,251,27,64,212,0,1,2,-33.761614,151.207505,50,0,2,1,3,0,0,0,2,0,7,70,2,14295,14295,3,30,0,3,0,0,0,1
1237359,4,2020,2020,6,3,9,6,18,243,34609,1,0,1,-33.953337,150.906296,41,0,2,1,2,0,0,0,0,0,7,50,0,9859,9859,8,5,40,1,0,2,1,0
1237360,2,2020,2020,5,6,11,2126,17,149,2149,0,1,9,-33.81692,150.979897,21,0,2,0,2,0,0,0,0,2,7,60,2,5929,5929,1,5,5,3,0,0,1,0
1237361,1,2020,2020,5,1,4,2261,17,523,2252,0,1,9,-33.915265,150.920843,41,0,2,0,3,0,3,4,2,2,7,60,2,14295,14295,3,8,0,2,0,0,0,2
1237362,4,2020,2020,8,1,6,2126,17,163,2149,0,1,2,-33.869185,151.107719,9,0,2,1,0,0,0,3,2,0,7,60,2,945,945,5,9,40,1,0,1,0,0
1237364,4,2020,2020,6,1,5,5,27,102,321,0,1,10,-33.950755,151.19807,4,0,2,1,0,0,0,0,2,0,0,50,2,2585,777,1,5,5,2,0,1,0,0
1237369,2,2020,2020,8,4,7,916,17,18,917,0,1,9,-32.741412,151.560428,42,2,1,1,1,0,0,0,2,0,7,80,2,2852,2852,4,5,5,3,0,0,2,0
1237370,4,2020,2020,0,0,9,8,10,16,34609,0,1,1,-33.383998,149.582057,3,2,1,1,0,0,0,0,3,0,7,80,0,83,83,5,5,40,1,0,1,0,0
1237371,4,2020,2020,5,3,4,72,14,73,71,0,1,3,-33.872134,151.217988,69,0,2,1,2,0,0,0,2,0,7,80,2,1192,1192,1,30,5,2,0,1,0,0
1237374,2,2020,2020,8,1,3,500,27,129,799,0,1,9,-33.929748,151.070984,15,0,2,1,2,0,0,0,0,0,0,60,2,2040,2040,9,5,28,2,0,0,1,0
1237375,2,2020,2020,0,2,9,33,7,26,34609,0,1,1,-33.76422,150.884184,7,0,2,1,2,0,0,0,0,0,7,50,0,4026,4026,8,5,40,1,0,0,1,0
1237381,2,2020,2020,5,2,9,65,27,202,563,0,1,10,-33.941376,151.035262,15,0,2,1,3,0,0,0,3,0,15,70,2,6545,6545,4,5,41,2,0,0,1,1
1237386,2,2020,2020,6,3,7,27,36,11,34609,0,1,1,-30.044362,153.188467,19,1,0,1,0,0,0,6,2,0,7,90,0,1850,777,5,16,40,1,0,0,1,0
1237390,1,2020,2020,5,3,5,68,27,278,67,0,1,9,-33.769567,151.03963,54,0,2,1,3,0,0,0,2,0,0,60,1,775,775,4,0,0,2,0,0,0,1
1237391,1,2020,2020,8,0,6,222,27,115,165,0,1,1,-33.960354,151.065162,25,0,2,1,3,0,0,0,2,0,7,50,1,1391,1391,1,5,5,2,0,0,0,1
1237395,1,2020,2020,5,6,7,2209,17,32,2205,0,1,7,-34.574364,150.822077,62,0,2,1,3,0,0,0,2,0,0,60,2,14295,14295,3,0,5,2,0,0,0,1
1237398,2,2020,2020,5,1,9,829,31,60,34609,0,1,1,-33.757204,150.746121,55,0,2,1,2,0,0,0,0,0,7,50,0,9859,9859,1,5,0,2,0,0,1,0
1237399,1,2020,2020,5,1,7,14,31,80,19,0,1,10,-33.882776,151.174608,32,0,2,1,0,0,3,4,2,0,9,50,1,14295,14295,3,0,0,2,0,0,0,1
1237402,2,2020,2020,5,4,9,61,27,53,208,0,1,10,-33.850456,150.961136,21,0,2,1,2,0,0,0,0,2,7,60,1,6545,6545,4,10,5,2,0,0,2,0
1237403,1,2020,2020,5,5,2,49,27,111,62,0,1,10,-33.701655,150.873382,7,0,2,1,2,0,0,0,0,2,7,70,2,14295,14295,3,8,0,2,0,0,0,1
1237406,2,2020,2020,5,6,3,829,27,124,770,1,0,2,-33.812862,151.04525,54,0,2,1,2,0,0,0,0,2,9,70,2,1220,1220,9,0,28,2,0,0,1,0
1237408,4,2020,2020,5,1,8,265,17,21,193,0,1,1,-35.08423,147.350544,75,2,1,1,1,0,3,4,3,0,7,80,2,14295,14295,3,10,5,2,0,1,0,0
1237409,2,2020,2020,8,5,0,3,31,73,34609,0,1,1,-34.186256,150.608321,79,2,2,1,2,0,0,0,0,0,7,50,0,9859,9859,8,0,40,1,0,0,1,0
1237411,1,2020,2020,6,4,4,2126,17,75,2149,0,1,9,-33.873823,151.127124,32,0,2,1,1,0,0,0,2,2,7,60,2,1282,1282,1,8,12,2,0,0,0,1
1237412,2,2020,2020,5,2,1,2209,17,76,2205,0,1,1,-35.374571,150.462172,63,2,1,0,2,0,0,0,0,0,7,80,2,4552,5151,8,5,40,1,0,0,1,0
1237414,2,2020,2020,5,6,7,191,1,12,34609,0,1,9,-32.549408,151.168477,64,2,1,1,3,0,0,0,2,0,0,60,0,150,150,4,5,25,2,0,0,1,0
1237417,4,2020,2020,5,4,7,330,27,121,102,0,1,10,-33.790647,151.285145,50,0,2,1,2,0,0,0,2,2,9,50,2,2040,2040,9,5,28,2,0,1,0,0
1237418,1,2020,2020,5,2,4,58,31,176,34609,0,1,1,-33.968433,151.130169,25,0,2,1,3,0,0,0,2,0,7,50,0,1981,1981,4,5,36,2,0,0,0,1
1237423,1,2020,2020,5,1,5,46,27,104,262,0,1,10,-32.911932,151.720913,48,0,2,1,3,0,3,4,2,2,7,60,2,14295,14295,3,5,13,2,0,0,0,1
1237426,2,2020,2020,8,3,0,2126,17,33,2149,0,1,10,-33.718865,150.441604,8,2,2,0,2,0,3,4,0,2,7,70,2,2585,4009,8,5,40,1,0,0,1,0
1237428,1,2020,2020,5,0,8,150,27,309,415,0,1,9,-33.807285,151.109523,61,0,2,1,3,0,0,0,0,0,0,70,2,14295,14295,3,5,36,2,0,0,0,1
1237429,1,2020,2020,5,3,11,500,27,41,799,0,1,10,-33.906221,151.12719,15,0,2,1,3,0,3,4,0,2,7,60,2,217,217,1,5,18,2,0,0,0,1
1237430,4,2020,2020,6,5,6,11,27,147,34609,0,1,1,-33.739661,151.142596,36,0,2,1,3,0,0,0,2,0,7,50,0,9859,9859,1,5,5,2,0,1,0,0
1237433,1,2020,2020,5,4,7,39,31,271,21,1,2,1,-33.945008,151.016632,15,0,2,1,3,0,0,0,2,0,9,40,1,14295,14295,3,10,0,2,0,0,0,1
1237435,1,2020,2020,5,5,4,145,31,64,34609,0,1,1,-33.481431,150.161314,40,2,1,1,1,0,0,0,2,0,7,50,0,14295,14295,3,0,5,2,0,0,0,1
1237439,1,2020,2020,5,4,5,39,27,284,563,0,1,9,-33.894855,151.038135,15,0,2,1,3,0,0,0,2,2,7,80,2,3775,3775,0,5,5,2,0,0,0,1
1237443,1,2020,2020,3,4,6,866,17,278,793,0,1,9,-33.758847,151.048931,54,0,2,1,3,0,0,0,2,2,7,70,2,14295,14295,3,10,5,2,0,0,0,1
1237447,4,2020,2020,0,5,8,18,27,27,34609,0,1,10,-32.65128,151.364868,64,2,1,1,2,0,0,0,3,0,7,50,0,3775,3775,0,22,13,2,0,1,0,0
1237448,2,2020,2020,5,2,11,1,31,26,34609,0,1,1,-34.574076,145.994727,51,2,1,1,2,0,0,0,0,0,7,50,0,9859,9859,8,10,40,1,0,0,1,0
1237455,2,2020,2020,5,2,7,125,27,43,144,0,1,7,-32.807912,151.850325,57,2,1,0,0,0,0,0,2,0,0,60,2,186,186,9,30,28,3,0,0,1,0
1237458,2,2020,2020,5,0,8,143,31,90,181,0,1,9,-33.89064,151.237752,81,0,2,1,0,0,0,0,3,0,15,60,2,775,775,4,0,27,2,0,0,1,0
1237462,1,2020,2020,5,1,3,106,27,46,106,0,1,10,-33.925894,150.853638,41,0,2,1,3,0,0,0,2,2,7,70,2,14295,14295,3,0,5,3,0,0,0,1
1237463,2,2020,2020,5,1,10,361,32,460,34609,0,1,9,-33.836096,150.993582,21,0,2,1,2,0,0,0,0,0,7,50,0,14295,14295,3,5,5,2,0,0,1,0
1237464,4,2020,2020,6,1,3,866,17,247,793,0,1,2,-33.821722,150.96227,21,0,2,1,2,0,0,0,2,0,7,70,2,9859,9859,1,16,5,2,0,1,0,0
1237467,4,2020,2020,6,6,6,31,27,17,41,0,1,1,-33.693348,151.151808,36,0,2,1,0,0,3,4,2,0,7,50,1,9859,9859,1,5,0,2,0,1,1,0
1237472,2,2020,2020,6,6,9,1,27,1,34609,0,1,1,-32.597341,151.53365,51,2,1,0,0,2,0,0,0,0,7,80,0,2585,4009,8,10,40,1,0,0,2,0
1237473,2,2020,2020,6,3,7,123,27,37,120,0,1,1,-33.902193,151.253229,76,0,2,1,0,0,0,3,2,0,7,50,2,1981,1981,4,5,27,2,0,0,1,0
1237474,4,2020,2020,5,1,3,4,27,20,6,0,1,9,-33.497583,150.723229,29,2,2,1,0,0,0,1,1,0,7,80,1,2852,2852,4,34,13,2,0,1,0,0
1237478,1,2020,2020,5,1,7,2,27,64,34609,1,2,9,-33.880116,151.028824,21,0,2,1,0,0,0,0,2,0,0,40,0,926,926,4,30,5,2,0,0,0,1
1237480,2,2020,2020,5,3,11,2,18,2,34609,0,1,1,-29.643083,152.919457,18,2,1,1,0,0,3,3,0,0,7,50,0,4026,4026,8,5,40,1,0,0,1,0
1237482,2,2020,2020,6,2,7,1,27,7,34609,0,1,9,-33.048739,151.315934,16,2,2,1,0,2,0,0,2,0,7,50,0,1850,985,5,16,40,1,0,0,1,0
1237490,2,2020,2020,5,2,4,2,10,22,34609,0,1,9,-32.77176,151.592333,42,2,1,1,1,0,0,3,2,0,7,50,0,2852,2852,4,30,36,2,0,0,1,1
1237492,4,2020,2020,5,2,10,1,31,70,34609,0,1,9,-33.974432,151.106786,25,0,2,1,2,0,0,0,0,0,0,50,0,6545,6545,4,16,5,2,0,2,0,0
1237493,1,2020,2020,5,4,7,33,27,89,34609,0,1,1,-33.890013,151.232858,69,0,2,1,1,0,0,0,2,0,7,50,0,14295,14295,3,30,5,2,0,0,0,1
1237496,4,2020,2020,5,0,5,15,18,159,34609,0,1,0,-33.806605,151.088967,61,0,2,1,0,0,0,0,2,0,7,40,0,1282,1282,1,5,40,1,0,1,0,0
1237498,2,2020,2019,2,6,6,916,17,70,917,0,1,7,-32.725678,151.543592,42,2,1,1,0,0,0,0,2,0,0,60,2,6545,6545,4,0,25,2,0,0,1,0
1237499,4,2020,2020,5,0,5,193,1,64,34609,0,1,9,-32.940683,151.709007,48,0,2,1,1,0,0,0,2,1,7,60,0,2040,2040,9,5,28,2,0,1,0,0
1237500,4,2020,2020,5,6,7,1052,27,104,262,0,1,10,-32.908662,151.702122,48,0,2,1,0,0,0,0,2,0,7,60,2,9859,9859,1,5,5,2,0,1,0,0
1237502,4,2020,2020,6,5,9,100,27,109,799,1,0,10,-33.905775,151.135904,32,0,2,1,3,0,2,6,3,0,0,60,2,5929,5929,1,15,5,2,0,1,0,0
1237504,1,2020,2020,5,6,6,348,17,105,232,0,1,10,-32.599924,149.591952,44,2,1,1,1,0,0,0,2,0,0,50,2,6545,6545,4,0,5,2,0,0,0,1
1237505,4,2020,2020,8,3,8,16,36,17,43,0,1,7,-28.490899,153.520759,10,2,1,1,2,0,3,3,3,0,0,60,1,78,78,8,21,40,1,0,1,0,0
1237506,1,2020,2020,8,4,9,31,31,73,19,0,1,10,-33.87252,151.217605,69,0,2,1,2,0,3,3,0,2,9,60,2,1220,1220,9,21,28,2,0,0,0,1
1237511,2,2020,2020,6,1,1,25,27,133,34609,0,1,9,-34.4937,150.792003,80,0,2,1,2,0,0,0,0,0,15,50,0,489,489,8,0,40,1,0,0,2,0
1237512,1,2020,2020,6,4,8,112,27,29,769,0,1,1,-33.540542,150.63751,29,2,2,0,0,0,0,0,2,0,7,60,2,3775,3775,0,10,5,2,0,0,0,2
1237513,1,2020,2020,8,0,6,36,31,363,31,0,1,10,-33.818648,151.016907,54,0,2,1,3,0,0,0,2,2,7,60,1,6545,6545,4,5,0,2,0,0,0,1
1237514,2,2020,2020,6,4,5,280,10,162,82,0,1,9,-33.849754,150.905884,24,0,2,1,3,0,0,0,2,2,7,60,1,5929,5929,1,5,0,2,0,0,1,0
1237515,1,2020,2020,5,5,4,44,31,82,6,0,1,10,-33.790234,151.265692,50,0,2,1,3,0,0,0,2,2,7,60,1,14295,14295,3,5,36,2,0,0,0,1
1237517,4,2020,2020,6,4,4,21,27,98,174,0,1,1,-33.003358,151.564604,37,0,2,0,1,0,3,0,2,0,7,80,2,96,96,0,5,36,2,0,2,0,0
1237519,2,2020,2020,6,6,3,5,31,120,34609,0,1,7,-32.189066,152.514284,43,2,1,1,1,0,0,0,2,0,0,50,0,6545,6545,4,10,27,2,0,0,1,0
1237520,4,2020,2020,5,4,3,5,27,15,34609,0,1,1,-31.763952,147.912456,51,1,0,0,0,0,0,0,2,0,7,100,0,782,957,5,10,40,1,0,1,0,0
1237521,4,2020,2020,8,5,11,71,31,283,125,0,1,10,-33.836607,151.01483,21,0,2,1,2,0,0,0,0,2,9,50,1,5929,5929,1,5,19,2,0,1,0,0
1237522,1,2020,2020,8,4,6,175,27,609,220,0,1,2,-33.765104,150.912793,7,0,2,1,2,0,0,0,2,0,7,70,2,14295,14295,3,5,5,3,0,0,0,1
1237524,4,2020,2020,5,5,3,251,14,139,124,0,1,6,-33.840533,151.210995,49,0,2,1,0,0,0,0,2,0,7,60,2,4026,4026,8,16,40,1,0,1,0,0
1237527,2,2020,2020,5,6,8,20,31,207,34609,0,1,10,-31.954684,141.444772,51,2,1,1,0,0,0,0,3,0,0,50,0,6545,6545,4,5,41,2,0,0,1,0
1237532,1,2020,2020,5,3,10,39,10,154,65,0,1,7,-33.703462,150.947026,71,0,2,1,3,0,0,0,0,0,0,60,2,6545,6545,4,5,5,2,0,0,0,1
1237534,1,2020,2020,5,0,6,916,17,104,917,0,1,2,-32.81713,151.67872,48,0,2,1,3,0,0,0,2,0,7,80,2,14295,14295,3,0,5,2,0,0,0,1
1237537,1,2020,2020,6,2,6,2126,17,62,2149,0,1,10,-33.887577,151.141745,32,0,2,1,3,0,0,0,2,2,7,60,2,14295,14295,3,5,5,2,0,0,0,1
1237538,4,2020,2020,5,3,3,500,27,646,799,0,1,2,-33.934278,151.026121,15,0,2,0,3,0,3,4,1,0,7,60,2,3775,3775,0,5,12,2,0,1,0,0
1237550,1,2020,2020,5,6,6,308,14,42,311,0,1,3,-33.731636,150.863653,7,0,2,1,3,0,0,0,2,0,7,100,2,14295,14295,3,9,5,2,0,0,0,1
1237552,1,2020,2020,5,6,7,916,17,172,917,0,1,10,-32.759973,151.593481,42,2,1,1,3,0,3,0,2,2,7,60,2,14295,14295,3,30,5,2,0,0,0,1
1237554,2,2020,2020,5,2,9,71,27,14,69,0,1,9,-36.414378,148.641342,65,2,1,0,3,2,0,3,2,0,7,80,2,5929,5929,1,0,0,2,0,0,1,0
1237555,2,2020,2020,5,6,8,29,27,106,27,0,1,1,-34.56902,150.795329,62,0,2,1,3,0,0,0,2,0,7,60,2,14295,14295,3,30,36,3,0,0,1,0
1237557,1,2020,2020,5,0,5,143,1,646,34609,0,1,1,-33.918665,151.026211,15,0,2,1,3,0,0,0,2,0,7,50,0,1981,1981,4,5,40,2,0,0,0,1
1237560,2,2020,2020,6,6,2,2126,17,445,2149,0,1,10,-33.854838,151.061433,21,0,2,1,2,0,0,0,1,2,7,60,2,14295,14295,3,5,5,4,0,0,2,0
1237561,2,2020,2020,6,0,9,150,27,173,415,0,1,2,-33.784757,151.128725,61,0,2,1,2,0,0,0,0,0,7,60,2,14295,14295,3,30,13,3,0,0,1,0
1237564,2,2020,2020,5,0,6,3371,17,89,3342,0,1,2,-28.223758,153.554418,72,1,0,1,1,0,3,3,2,0,7,100,2,14295,14295,3,5,5,3,0,0,1,0
1237575,2,2020,2020,6,3,6,2,7,293,34609,0,1,1,-33.95006,151.244408,59,0,2,0,1,0,3,4,2,0,7,50,0,4552,5151,1,5,36,3,0,0,1,0
1237576,4,2020,2020,5,2,6,15,27,188,140,0,1,7,-33.934438,151.088464,15,0,2,1,0,0,0,0,2,0,0,50,1,14295,14295,3,10,5,3,0,1,0,0
1237581,4,2020,2020,5,2,1,18,31,5,34609,0,1,1,-32.54232,148.932626,22,2,1,0,2,0,0,0,0,0,7,60,0,4552,5151,8,5,40,1,0,3,0,0
1237582,2,2020,2020,5,3,9,25,27,147,94,0,1,7,-33.883246,151.002048,15,0,2,1,2,0,0,0,0,0,0,50,1,14295,14295,3,30,5,3,0,0,2,0
1237585,4,2020,2020,5,0,9,80,31,176,159,0,1,9,-33.95279,151.135716,4,0,2,0,2,0,0,0,3,2,9,60,2,1220,1220,9,16,28,2,0,1,0,0
1237589,1,2020,2020,7,3,0,114,27,24,228,0,1,9,-33.549978,150.919102,71,0,2,0,2,0,3,2,0,0,0,80,2,2585,4009,8,10,40,1,0,0,0,1