Crash ID,Degree of crash - detailed,Reporting year,Year of crash,Month of crash,Day of week of crash,Two-hour intervals,Street of crash,Street type,Town,Route no.,School zone location,School zone active,Type of location,Latitude,Longitude,LGA,Urbanisation,Conurbation 1,Alignment,Street lighting,Road surface,Surface condition,Weather,Natural lighting,Signals operation,Other traffic control,Speed limit,Road classification,RUM - code,DCA - code,First impact type,Key TU type,Other TU type,No. of traffic units involved,No. killed,No. seriously injured,No. moderately injured,No. minor-other injured
1237592,1,2020,2019,0,5,9,33,27,16,41,0,1,1,-33.748612,150.753196,55,0,2,1,2,0,0,0,3,0,7,70,1,14295,14295,3,5,0,2,0,0,0,1
1237594,1,2020,2020,6,3,8,74,23,49,260,0,1,9,-33.974171,151.150686,4,0,2,1,2,0,3,4,0,2,7,60,2,1220,1220,9,5,28,2,0,0,0,1
1237595,4,2020,2020,8,0,7,12,31,9,34609,0,1,9,-29.464865,153.216617,18,2,1,1,1,0,0,0,2,0,0,50,0,5929,5929,1,0,19,2,0,1,0,0
1237597,2,2020,2020,6,3,11,2126,17,80,2149,0,1,2,-33.887931,151.16698,32,0,2,1,2,0,3,4,0,0,7,60,2,190,190,1,5,5,2,0,0,1,0
1237599,2,2020,2020,6,3,3,137,14,9,70,0,1,3,-32.734513,151.421039,17,1,0,0,0,0,3,4,1,0,7,110,2,1957,4009,8,10,40,1,0,0,1,0
1237601,2,2020,2020,5,5,5,5,27,1,34609,0,1,1,-33.352036,147.418812,51,1,0,1,0,2,0,0,2,0,7,100,0,945,945,5,0,40,1,0,0,1,0
1237602,4,2020,2020,8,3,11,26,31,18,34609,0,1,9,-36.069737,146.895058,0,2,1,1,2,0,0,0,0,0,7,50,0,2585,777,8,5,40,1,0,1,0,0
1237603,4,2020,2020,8,4,7,2,27,3,34609,0,1,1,-35.89806,146.435805,51,1,0,1,0,0,3,4,2,0,7,100,0,4026,4026,8,9,40,1,0,1,0,0
1237605,2,2020,2020,5,0,3,2209,17,11,2205,0,1,1,-34.815063,150.609072,63,1,0,1,3,0,0,0,1,0,7,100,2,3775,3775,0,10,5,3,0,0,1,0
1237609,2,2020,2020,6,4,11,1104,14,44,962,0,1,3,-33.802602,150.892773,7,0,2,1,2,0,0,0,0,0,7,100,2,14295,14295,3,9,35,2,0,0,1,0
1237611,2,2020,2020,5,4,7,478,17,20,480,0,1,9,-33.309938,151.520546,16,1,2,1,3,0,0,0,2,0,7,90,2,5929,5929,1,0,36,2,0,0,1,1
1237619,4,2020,2020,8,0,4,2,31,646,34609,0,1,9,-33.929443,151.033127,15,0,2,1,1,0,0,0,2,0,0,50,0,489,489,8,5,40,1,0,1,0,0
1237622,1,2020,2020,5,3,8,87,31,77,34609,0,1,9,-32.572699,151.167911,64,2,1,1,2,0,3,0,3,0,7,50,0,14295,14295,3,33,27,2,0,0,0,1
1237623,4,2020,2020,5,6,6,44,31,237,34609,0,1,9,-33.868851,150.95488,24,0,2,1,0,0,0,0,2,0,2,40,0,775,775,4,5,27,2,0,1,0,0
1237625,2,2020,2020,5,0,6,168,17,19,212,0,1,1,-35.545888,149.957053,23,2,1,0,0,0,0,0,2,0,7,70,2,1850,1463,5,16,40,1,0,0,1,0
1237631,4,2020,2020,8,2,8,134,10,157,133,0,1,2,-33.802266,151.023982,54,0,2,0,2,0,0,0,0,0,7,90,2,14295,14295,3,5,36,3,0,1,1,0
1237633,1,2020,2020,5,5,3,2126,17,136,2149,0,1,10,-33.859913,151.072891,67,0,2,1,3,0,3,4,1,0,0,60,2,14295,14295,3,0,5,2,0,0,0,1
1237636,1,2020,2020,5,0,10,19,31,197,34609,0,1,1,-33.94921,151.081559,25,0,2,1,3,0,3,4,0,0,7,50,0,14295,14295,3,5,5,2,0,0,0,2
1237638,4,2020,2020,8,6,8,478,17,122,480,0,1,2,-33.431663,151.339912,16,2,2,0,1,0,0,0,2,0,7,60,2,1192,1192,1,16,0,3,0,1,2,0
1237639,4,2020,2020,0,6,3,55,1,167,34609,0,1,9,-33.83992,151.068649,54,0,2,1,1,0,0,0,2,0,7,60,0,5929,5929,1,5,27,2,0,1,0,0
1237641,1,2020,2020,5,3,8,150,27,309,415,0,1,9,-33.808103,151.108383,61,0,2,1,3,0,0,0,3,2,7,70,2,14295,14295,3,0,5,3,0,0,0,1
1237649,4,2020,2020,5,2,5,19,27,17,46,0,1,10,-34.890209,150.635176,63,2,1,1,1,0,0,0,2,0,15,80,1,6545,6545,4,5,36,2,0,3,1,0
1237650,4,2020,2020,6,5,9,387,27,290,331,0,1,9,-33.952479,151.122719,4,0,2,1,0,0,0,3,3,2,7,60,2,926,926,4,5,5,2,0,1,0,0
1237651,1,2020,2020,5,0,3,2209,17,166,2205,0,1,9,-33.897228,151.179141,32,0,2,1,2,0,0,0,1,2,7,50,2,1383,1383,1,5,13,3,0,0,0,1
1237653,2,2020,2020,5,4,5,7,31,5,34609,0,1,1,-28.340207,153.374919,72,2,1,0,0,0,0,3,2,0,7,50,0,3775,3775,0,0,19,2,0,0,1,0
1237655,2,2020,2020,5,5,7,3371,17,63,3342,0,1,7,-33.238495,151.499388,16,2,2,1,0,0,0,3,2,0,0,70,2,5929,5929,1,0,5,2,0,0,1,0
1237661,2,2020,2020,5,2,2,109,36,18,108,0,1,1,-28.397228,153.431342,72,2,1,0,0,0,3,4,0,0,7,80,1,4552,5151,8,0,40,1,0,0,1,0
1237663,4,2020,2020,6,6,11,36,31,363,31,0,1,10,-33.818893,151.019287,54,0,2,1,2,0,0,0,0,2,7,60,1,4026,4026,8,5,40,1,0,1,1,0
1237664,2,2020,2020,5,2,1,17,1,106,34609,0,1,1,-28.844767,153.041846,60,2,1,1,2,0,0,0,0,0,7,50,0,9859,9859,8,5,40,1,0,0,1,0
1237665,2,2020,2020,5,4,5,171,31,523,34609,1,0,10,-33.918026,150.925781,41,0,2,1,1,0,0,0,2,2,9,50,0,2040,2040,9,5,28,2,0,0,1,0
1237666,2,2020,2020,5,4,10,3,1,46,34609,0,1,9,-35.149535,147.391904,75,2,1,1,0,0,0,1,0,0,0,80,0,9859,9859,8,5,40,1,0,0,1,0
1237667,4,2020,2020,8,6,6,28,27,38,28,0,1,1,-32.748258,151.869217,57,2,1,1,1,0,0,3,2,0,7,60,1,4026,4026,8,30,40,1,0,1,0,0
1237668,2,2020,2020,8,0,7,9,31,78,30,0,1,1,-28.326286,153.395266,72,2,1,1,1,0,0,0,2,0,7,50,1,941,941,1,9,0,2,0,0,1,0
1237669,2,2020,2020,8,4,7,2126,17,223,2149,0,1,10,-33.805033,150.927543,7,0,2,1,1,0,0,0,2,2,7,80,2,6545,6545,4,21,33,2,0,0,2,0
1237670,1,2020,2020,5,6,4,16,27,25,174,1,0,9,-32.841525,151.367332,17,2,1,1,0,0,0,0,2,0,7,60,2,63,63,4,5,5,2,0,0,0,1
1237672,1,2020,2020,5,5,4,115,27,20,173,0,1,1,-34.362381,150.821682,80,0,2,0,3,0,3,0,2,0,7,100,2,2585,4009,8,5,40,1,0,0,0,1
1237673,2,2020,2020,5,4,8,41,27,173,9,0,1,1,-33.716011,151.131765,36,0,2,1,2,0,0,0,0,0,7,60,1,14295,14295,3,21,5,3,0,0,1,0
1237674,2,2020,2020,6,6,8,53,31,147,125,0,1,10,-33.883709,151.006729,15,0,2,1,2,0,0,0,0,2,7,60,1,5929,5929,1,5,5,2,0,0,1,0
1237675,4,2020,2020,5,6,8,230,27,197,284,0,1,2,-33.792914,151.132432,61,0,2,1,1,0,0,0,2,0,7,70,2,14295,14295,3,0,5,4,0,1,1,2
1237676,2,2020,2020,5,3,3,126,1,17,17,0,1,10,-33.75094,150.81948,7,0,2,1,0,0,0,0,2,0,15,60,1,9859,9859,1,5,13,2,0,0,1,0
1237678,1,2020,2020,5,0,10,4,31,136,34609,0,1,1,-33.924284,151.082921,15,0,2,1,2,0,0,0,0,0,7,50,0,4026,4026,1,5,0,3,0,0,0,1
1237683,4,2020,2020,8,3,9,107,22,3,34609,0,1,9,-31.653957,152.803633,56,2,1,1,2,0,3,4,0,0,7,50,0,489,489,8,0,40,1,0,1,0,0
1237685,4,2020,2020,8,6,2,90,36,12,102,0,1,1,-34.347864,147.125323,51,1,0,0,0,0,0,0,0,0,7,100,2,1957,4009,8,5,40,1,0,2,1,0
1237686,4,2020,2020,5,4,8,829,27,124,770,0,1,9,-33.813715,151.051326,54,0,2,1,2,0,0,0,0,0,0,70,2,591,591,1,22,5,2,0,1,0,0
1237688,1,2020,2020,6,0,7,2261,17,140,2252,0,1,9,-33.896388,150.990841,15,0,2,1,0,0,0,0,2,2,7,70,2,14295,14295,3,0,0,2,0,0,0,4
1237695,4,2020,2020,0,2,7,7,18,43,42,0,1,1,-33.571619,150.807117,29,2,2,1,0,0,0,0,2,0,7,80,1,3775,3775,0,5,0,2,0,2,0,0
1237697,2,2020,2020,6,5,5,15,31,166,34609,0,1,10,-33.423325,149.580942,3,2,1,1,1,0,0,0,2,0,0,50,0,6545,6545,4,0,13,2,0,0,1,0
1237698,2,2020,2020,5,4,7,2209,17,106,2205,0,1,9,-34.568024,150.803086,62,0,2,0,3,0,0,0,2,2,7,60,2,4552,5151,8,10,40,1,0,0,1,0
1237699,4,2020,2020,6,1,3,515,14,294,518,0,1,6,-33.939945,150.924485,41,0,2,0,2,0,0,0,1,0,0,60,2,1850,1463,5,16,40,1,0,1,0,0
1237701,2,2020,2020,6,5,7,54,27,38,563,0,1,1,-34.048093,150.981696,68,0,2,1,1,0,0,0,2,0,7,80,2,1669,1669,3,5,5,2,0,0,1,0
1237703,4,2020,2020,5,4,5,2,1,253,34609,0,1,1,-33.970281,151.110576,25,0,2,1,1,0,0,0,2,0,7,50,0,2040,2040,9,5,28,2,0,1,1,0
1237704,1,2020,2020,5,5,8,37,31,80,19,1,0,2,-33.878596,151.171969,32,0,2,1,3,0,0,0,3,0,7,50,2,14295,14295,3,0,5,2,0,0,0,1
1237705,2,2020,2020,6,5,3,38,27,189,165,0,1,10,-33.946327,151.059906,15,0,2,1,3,0,0,0,2,2,9,50,1,6545,6545,4,30,0,4,0,0,1,1
1237708,2,2020,2020,6,0,1,101,10,112,34609,0,1,9,-36.057212,146.920228,0,2,1,1,2,0,0,1,0,0,7,50,0,489,489,8,16,40,1,0,0,1,0
1237710,1,2020,2020,6,1,7,4,31,284,34609,0,1,1,-33.906912,151.018223,15,0,2,1,3,0,0,0,2,0,7,70,0,14295,14295,3,30,13,2,0,0,0,1
1237717,2,2020,2020,5,6,6,34,31,98,260,0,1,10,-33.005633,151.594668,37,0,2,1,3,0,0,0,2,0,0,60,2,1669,1669,3,0,13,2,0,0,1,0
1237718,2,2020,2020,5,5,6,2209,17,57,2205,0,1,9,-34.689361,150.84481,35,2,1,0,3,0,3,4,2,0,0,80,2,2852,2852,4,30,5,2,0,0,1,0
1237723,2,2020,2020,5,4,5,2,27,70,34609,0,1,1,-34.532588,150.272787,78,2,1,1,3,0,0,0,2,0,7,60,0,1945,1945,5,16,40,1,0,0,1,0
1237728,1,2020,2020,3,4,6,97,31,363,92,0,1,1,-33.82071,150.995865,54,0,2,1,1,0,0,3,2,0,7,60,1,9859,9859,8,5,40,1,0,0,0,1
1237739,2,2020,2020,5,1,4,6,27,61,34609,0,1,1,-32.929181,151.73253,48,0,2,1,1,0,0,0,2,0,7,50,0,9859,9859,1,0,4,2,0,0,1,0
1237742,2,2020,2020,5,0,0,20,27,18,34609,0,1,1,-34.049897,150.818871,13,0,2,1,0,0,0,0,0,0,7,50,0,9859,9859,8,5,40,2,0,0,1,0
1237743,2,2020,2020,5,6,7,89,36,49,81,0,1,1,-34.5115,148.725609,30,1,0,0,0,0,0,0,2,0,7,100,2,2585,4009,8,0,40,1,0,0,1,3
1237749,1,2020,2020,5,2,0,7,27,6,18,0,1,1,-31.305485,151.221606,70,2,1,1,0,0,0,0,0,0,7,50,1,4026,4026,8,10,40,1,0,0,0,1
1237750,2,2020,2020,5,4,3,43,27,90,46,0,1,9,-28.246772,153.55428,72,2,1,1,0,0,0,0,2,0,0,60,1,2852,2852,4,8,5,2,0,0,4,0
1237751,2,2020,2020,6,2,1,133,27,219,260,0,1,6,-32.907665,151.665562,48,0,2,0,2,0,3,0,0,0,7,60,2,1957,4009,8,10,40,1,0,0,1,0
1237753,1,2020,2020,6,0,4,17,27,251,28,0,1,1,-33.788217,150.941561,7,0,2,1,3,0,0,0,2,0,7,60,1,14295,14295,3,5,5,2,0,0,0,1
1237755,2,2020,2020,5,5,8,10,31,460,34609,0,1,1,-33.822209,150.984653,21,0,2,1,1,0,0,0,2,0,7,50,0,4026,4026,1,0,5,2,0,0,1,0
1237756,1,2020,2020,5,2,11,57,36,112,769,0,1,2,-33.612255,150.814812,29,2,2,1,3,0,3,4,0,0,0,60,2,1383,1383,1,0,0,2,0,0,0,1
1237758,2,2020,2020,1,6,6,27,27,47,49,0,1,9,-33.77117,151.279173,50,0,2,1,3,0,0,0,2,0,7,60,1,1391,1391,1,30,0,2,0,0,1,0
1237762,1,2020,2020,1,1,7,16,27,11,34609,0,1,7,-33.802304,151.213618,77,0,2,1,3,0,0,0,2,0,0,50,0,2040,2040,9,30,28,2,0,0,0,1
1237763,4,2020,2020,6,5,3,308,14,42,311,0,1,3,-33.865222,150.847374,24,0,2,1,1,0,0,0,2,0,7,100,2,14295,14295,3,9,12,3,0,1,0,1
1237765,1,2020,2020,5,6,9,103,27,41,256,0,1,10,-34.102171,150.802312,13,0,2,1,2,0,0,0,3,2,7,70,2,5929,5929,1,0,5,2,0,0,0,1
1237767,1,2020,2020,8,4,9,500,27,646,799,0,1,9,-33.93458,151.036743,15,0,2,1,3,0,0,0,0,2,7,70,2,14295,14295,3,5,25,2,0,0,0,1
1237769,2,2020,2020,5,0,4,4,1,109,34609,0,1,10,-33.960644,150.862335,41,0,2,1,3,0,0,0,2,0,7,60,0,395,395,1,0,0,2,0,0,1,0
1237771,2,2020,2020,6,1,4,109,27,95,382,0,1,9,-33.734102,150.846947,7,0,2,1,1,0,0,0,2,2,7,60,2,926,926,4,8,0,2,0,0,1,0
1237772,2,2020,2020,5,2,8,2,27,35,34609,0,1,1,-35.347014,149.210813,58,2,1,1,0,0,3,4,2,0,7,50,0,4026,4026,8,34,40,1,0,0,1,0
1237775,4,2020,2020,1,2,7,110,31,53,34609,0,1,7,-31.095098,150.933773,70,2,1,1,1,0,0,0,2,0,0,50,0,6545,6545,4,16,5,2,0,1,0,0
1237776,1,2020,2020,5,4,4,133,10,316,121,0,1,10,-31.447257,152.899585,56,2,1,1,3,0,0,0,2,2,7,70,1,1391,1391,1,30,36,2,0,0,0,1
1237780,4,2020,2020,5,2,10,296,27,290,293,0,1,10,-33.855751,150.995008,21,0,2,1,2,0,0,0,0,2,7,70,2,14295,14295,3,5,0,2,0,1,0,0
1237789,2,2020,2020,5,5,8,110,27,445,40,0,1,9,-33.849545,151.054108,54,0,2,0,2,0,0,0,3,0,9,60,1,591,591,1,22,5,2,0,0,1,0
1237790,2,2020,2020,5,2,9,3,1,523,34609,0,1,7,-33.933971,150.911255,41,0,2,1,2,0,0,0,0,0,0,50,0,6545,6545,4,0,5,2,0,0,1,1
1237791,1,2020,2020,6,6,10,1,10,173,34609,0,1,1,-33.785427,151.126472,61,0,2,1,2,0,0,0,0,0,14,40,0,3775,3775,0,28,5,2,0,0,0,3
1237795,2,2020,2020,6,5,2,4,31,609,34609,0,1,9,-33.777038,150.895048,7,0,2,1,2,0,0,0,0,0,7,50,0,926,926,4,33,27,2,0,0,1,0
1237797,4,2020,2020,5,6,8,6,27,71,34609,0,1,9,-33.835766,150.975252,21,0,2,1,1,0,0,0,2,0,7,50,0,2852,2852,4,5,5,2,0,1,0,0
1237799,2,2020,2020,5,6,6,28,1,31,34609,0,1,9,-30.346183,153.07913,19,2,1,1,0,0,0,0,2,0,7,50,0,14295,14295,3,10,5,2,0,0,1,0
1237802,1,2020,2020,1,2,6,117,27,73,702,0,1,2,-33.831145,151.088211,14,0,2,0,3,0,0,0,2,0,7,70,2,14295,14295,3,5,0,4,0,0,0,1
1237804,4,2020,2020,5,6,9,24,27,246,99,0,1,2,-33.906049,151.191955,69,0,2,1,3,0,0,0,0,0,7,50,2,9859,9859,1,5,5,2,0,1,0,0
1237805,1,2020,2020,5,6,8,36,27,363,34609,0,1,10,-33.753315,150.690519,55,0,2,1,3,0,0,0,3,3,7,50,0,5929,5929,1,30,0,2,0,0,0,1
1237809,2,2020,2020,5,5,5,118,27,646,118,0,1,9,-33.92382,151.030411,15,0,2,1,3,0,3,4,2,2,7,60,1,5929,5929,1,5,5,2,0,0,1,1
1237811,1,2020,2020,6,4,7,5,31,87,103,0,1,9,-28.808314,153.28039,39,2,1,1,3,0,0,0,2,0,7,50,1,14295,14295,3,5,36,3,0,0,0,1
1237816,1,2020,2020,6,4,6,5,27,2,34609,0,1,9,-28.801636,153.107134,60,1,0,0,0,0,3,4,2,0,7,100,0,2585,4009,8,5,40,1,0,0,0,1
1237817,2,2020,2020,5,3,6,10,31,61,34609,0,1,10,-29.746895,151.733963,51,2,1,1,3,0,3,3,2,0,0,50,0,6545,6545,4,5,13,2,0,0,2,0
1237820,4,2020,2020,5,4,9,82,27,134,181,0,1,9,-33.893108,151.258054,76,0,2,1,2,0,0,0,0,0,0,50,2,2852,2852,4,5,18,2,0,1,0,0
1237825,1,2020,2020,8,2,6,82,27,84,181,0,1,9,-33.895158,151.271223,76,0,2,1,0,0,0,0,2,3,7,50,2,14295,14295,3,27,5,2,0,0,0,1
1237827,1,2020,2020,1,6,4,9,31,56,34609,0,1,1,-31.094668,152.83535,34,2,1,1,3,0,0,0,2,0,7,50,0,14295,14295,3,5,5,2,0,0,0,1
1237830,4,2020,2020,8,3,5,103,27,39,98,0,1,10,-33.553563,150.838112,29,2,2,1,0,0,0,0,2,0,15,60,2,6545,6545,4,10,19,2,0,1,0,0
1237834,2,2020,2020,6,5,4,3,27,27,34609,0,1,1,-34.537958,150.77698,80,0,2,1,3,0,0,0,2,0,7,80,0,9859,9859,8,5,40,1,0,0,1,0
1237837,2,2020,2020,6,6,10,192,10,57,114,1,0,1,-33.463332,151.365536,16,2,2,0,3,0,0,0,0,0,7,60,2,782,957,5,10,40,1,0,0,1,0
1237838,2,2020,2020,5,1,6,55,1,167,34609,0,1,10,-33.83992,151.068649,54,0,2,1,0,0,0,0,2,0,15,60,0,5929,5929,1,5,25,2,0,0,2,0
1237839,4,2020,2020,5,4,3,1104,14,44,962,0,1,3,-33.80281,150.895015,7,0,2,1,1,0,0,0,1,0,7,100,2,14295,14295,3,10,36,4,0,1,0,0
1237840,2,2020,2020,6,5,3,32,31,115,34609,0,1,1,-33.962419,151.063234,25,0,2,1,2,0,0,0,0,0,7,50,0,1109,787,1,5,5,5,0,0,1,0
1237841,4,2020,2020,0,3,7,112,27,18,769,0,1,1,-33.49967,150.511176,29,2,2,1,0,2,0,0,2,0,7,60,2,475,475,5,16,40,1,0,1,0,0
1237844,2,2020,2020,6,3,7,1,31,76,34609,0,1,7,-35.363993,150.470391,63,2,1,0,1,2,0,0,2,0,0,50,0,1850,985,5,16,40,1,0,0,1,0
1237847,2,2020,2020,8,0,8,1,1,16,34609,0,1,10,-34.259916,146.030107,28,2,1,1,0,2,0,0,3,0,0,60,0,1089,1089,7,0,40,1,0,0,1,0
1237848,4,2020,2020,1,5,11,60,27,33,34609,0,1,1,-33.714521,150.444981,8,2,2,1,2,0,0,0,0,0,7,50,0,9859,9859,8,5,40,1,0,1,0,0
1237849,2,2020,2020,6,1,7,34,27,57,799,0,1,9,-33.898928,151.169476,32,0,2,1,1,0,0,0,2,2,9,60,2,5929,5929,1,5,27,2,0,0,1,0
1237850,2,2020,2020,6,3,9,500,27,204,799,0,1,10,-33.904703,151.128568,32,0,2,1,2,0,0,0,0,2,8,60,2,6545,6545,4,5,5,2,0,0,1,0
1237851,1,2020,2020,5,6,6,118,31,106,34609,0,1,9,-33.926871,151.087798,15,0,2,1,0,0,0,0,2,0,7,50,0,1669,1669,3,30,5,2,0,0,0,1
1237853,2,2020,2020,5,1,8,4,27,12,34609,0,1,1,-33.400447,149.920777,40,1,0,0,0,0,3,4,0,0,7,100,0,1957,4009,8,5,40,1,0,0,1,0
1237854,4,2020,2020,5,5,6,7,27,26,139,0,1,1,-33.474274,145.53525,51,1,0,1,1,2,0,0,2,0,7,100,1,1945,1945,5,16,40,1,0,1,0,0
1237856,4,2020,2020,6,3,8,485,27,187,769,0,1,9,-33.770622,151.000837,54,0,2,0,1,0,0,0,2,0,7,60,2,4552,5151,8,5,40,2,0,1,2,0
1237857,1,2020,2020,1,4,9,1,27,106,34609,0,1,1,-34.560674,150.796199,62,0,2,1,2,0,0,0,0,0,7,50,0,1981,1981,4,5,36,2,0,0,0,1
1237859,4,2020,2020,8,3,9,2209,17,176,2205,0,1,10,-33.957114,151.137865,4,0,2,1,2,0,0,0,0,2,7,60,2,5929,5929,1,5,5,2,0,3,0,1
1237860,2,2020,2020,8,6,11,17,27,111,65,0,1,7,-33.712845,150.893071,7,0,2,1,2,0,0,0,0,0,0,60,1,9859,9859,8,5,40,1,0,0,1,0
1237862,2,2020,2020,5,4,6,39,27,57,147,0,1,1,-28.636656,153.560105,10,2,1,1,0,0,0,0,2,0,7,60,1,4026,4026,8,22,40,1,0,0,1,0
1237863,1,2020,2020,5,1,9,866,17,110,793,0,1,2,-33.791403,150.998506,54,0,2,1,3,0,0,0,3,0,7,90,2,14295,14295,3,21,5,2,0,0,0,1
1237864,2,2020,2020,6,0,3,168,10,387,260,0,1,2,-33.946013,151.181814,4,0,2,0,2,0,0,0,1,0,7,60,2,4552,5151,8,10,40,1,0,0,1,0
1237866,4,2020,2020,5,6,4,1,9,10,34609,0,1,1,-35.702902,150.217274,23,2,1,1,1,0,0,0,2,0,7,50,0,1089,1089,7,16,40,1,0,1,0,0
1237868,4,2020,2020,8,5,9,150,27,173,415,0,1,2,-33.787163,151.126152,61,0,2,1,2,0,0,0,0,0,7,70,2,1383,1383,1,5,18,2,0,1,0,0
1237869,2,2020,2020,1,4,3,101,10,44,34609,1,0,1,-34.558961,150.84744,62,0,2,1,3,0,0,0,2,0,7,60,0,941,941,1,5,5,3,0,0,1,0
1237871,2,2020,2020,5,6,8,2261,17,112,2252,0,1,2,-33.911401,150.937887,41,0,2,1,3,0,0,0,3,0,7,70,2,14295,14295,3,34,5,3,0,0,1,0
1237875,2,2020,2020,5,0,4,73,27,387,140,0,1,2,-33.92029,151.184704,4,0,2,0,3,0,0,0,2,0,7,60,2,14295,14295,3,0,19,2,0,0,1,0
1237878,1,2020,2020,5,3,5,62,31,29,52,0,1,7,-34.076881,150.571198,79,2,2,1,3,0,0,0,2,0,0,60,1,14295,14295,3,16,19,2,0,0,0,1
1237879,1,2020,2020,5,2,11,21,31,63,34609,0,1,9,-33.928376,151.206336,4,0,2,1,3,0,3,4,0,0,7,50,0,2852,2852,4,5,5,2,0,0,0,1
1237881,2,2020,2020,5,3,9,1052,14,33,928,0,1,3,-33.641298,151.144173,31,0,2,1,3,0,0,0,0,0,7,110,2,14295,14295,3,5,5,2,0,0,1,0
1237882,2,2020,2020,1,1,5,57,36,112,769,0,1,10,-33.612325,150.815103,29,2,2,1,3,0,0,0,2,2,7,60,2,5929,5929,1,5,25,2,0,0,1,0
1237883,1,2020,2020,1,5,10,34,27,53,34609,0,1,7,-35.130643,147.342672,75,2,1,1,3,0,0,0,0,0,0,60,0,6545,6545,4,5,40,2,0,0,0,1
1237885,1,2020,2020,5,4,6,330,27,43,605,0,1,9,-33.697682,151.300646,50,0,2,1,3,0,0,0,2,2,7,70,2,14295,14295,3,5,0,2,0,0,0,1
1237887,2,2020,2020,5,6,4,53,27,155,51,0,1,7,-33.493645,151.320572,16,2,2,1,1,0,0,0,2,0,0,60,1,6545,6545,4,5,36,2,0,0,1,0
1237889,1,2020,2020,5,4,5,1104,14,41,962,0,1,3,-33.827094,151.008269,54,0,2,1,3,0,0,0,2,0,7,90,2,14295,14295,3,3,0,2,0,0,0,1
1237890,4,2020,2020,5,1,6,1,1,147,34609,0,1,1,-33.745999,151.151473,36,0,2,1,1,0,3,4,2,0,7,50,0,1945,1945,5,15,40,1,0,1,0,0
1237891,4,2020,2020,6,6,8,5,1,23,34609,0,1,1,-34.022259,151.035996,68,0,2,0,2,0,0,0,0,0,7,50,0,1957,4009,8,5,40,1,0,1,0,0
1237894,2,2020,2020,5,6,8,2126,17,93,2149,0,1,9,-33.418664,149.604041,3,2,1,1,1,0,0,0,2,2,9,60,2,14295,14295,3,10,0,2,0,0,1,0
1237895,2,2020,2020,6,0,9,10,27,41,34609,0,1,1,-34.097739,150.813253,13,0,2,1,2,0,0,0,0,0,7,60,0,5929,5929,1,5,36,3,0,0,2,0
1237896,4,2020,2020,5,2,5,1,27,83,34609,0,1,1,-30.099324,153.151625,19,1,0,0,0,2,0,0,2,0,7,100,0,1957,4009,8,16,40,1,0,1,0,0
1237898,4,2020,2020,8,2,8,61,10,87,34609,0,1,1,-33.037997,151.4808,37,0,2,1,1,0,3,4,0,0,7,90,0,83,83,5,5,40,1,0,1,0,0
1237900,2,2020,2020,5,2,8,6,27,98,34609,0,1,10,-33.76112,151.056954,54,0,2,1,2,0,0,0,0,0,15,50,0,6545,6545,4,30,0,2,0,0,1,0
1237901,1,2020,2020,5,6,10,2,27,3,34609,0,1,1,-32.538483,151.956282,43,2,1,1,0,0,0,0,0,0,7,50,0,1192,1192,1,16,27,2,0,0,0,1
1237907,2,2020,2020,5,6,10,4,27,207,34609,0,1,1,-31.837913,141.497788,51,2,1,1,0,2,0,0,0,0,7,80,0,945,945,5,10,40,1,0,0,1,0
1237909,4,2020,2020,1,2,8,2,27,24,34609,0,1,1,-33.42601,150.043837,40,2,1,0,0,0,0,0,3,0,7,80,0,4552,5151,8,5,40,1,0,1,0,0
1237910,2,2020,2020,7,5,8,4,32,19,34609,0,1,9,-28.819781,153.533926,2,2,1,0,0,0,0,0,2,0,7,50,0,1957,4009,1,10,5,2,0,0,1,0
1237912,4,2020,2020,5,4,5,3371,17,9,3342,0,1,1,-29.191249,153.275694,60,2,1,1,0,0,0,0,2,0,7,80,2,3775,3775,0,5,0,2,0,4,0,0
1237918,4,2020,2020,5,0,4,1104,14,460,962,0,1,3,-33.825468,150.99087,54,0,2,1,1,0,0,0,2,0,7,90,2,14295,14295,3,0,0,3,0,2,2,0
1237920,1,2020,2020,5,6,4,5,1,133,34609,0,1,1,-33.92369,151.011294,15,0,2,1,1,0,0,0,2,0,7,50,0,941,941,1,30,36,3,0,0,0,1
1237922,2,2020,2020,5,0,10,36,27,7,82,0,1,1,-35.280564,147.305639,75,1,0,1,0,0,0,0,0,0,7,100,1,4026,4026,8,5,40,1,0,0,1,0
1237925,2,2020,2020,1,3,7,2209,17,68,2205,0,1,9,-34.090458,151.004219,68,0,2,1,0,0,0,0,2,0,7,60,2,5929,5929,1,10,5,2,0,0,1,1
1237930,4,2020,2020,1,5,8,35,31,61,34609,0,1,1,-35.908563,150.101554,23,2,1,0,0,2,0,0,2,0,7,50,0,312,312,2,10,40,1,0,2,0,0
1237935,2,2020,2020,5,6,8,7,27,166,52,0,1,9,-33.895199,151.171579,32,0,2,1,2,0,0,0,3,0,0,60,1,591,591,1,22,5,2,0,0,1,0
1237936,4,2020,2020,5,3,5,1,31,8,34609,0,1,1,-31.589585,152.837047,56,2,1,1,1,0,0,0,2,0,7,50,0,9859,9859,1,0,0,2,0,1,0,0
1237941,2,2020,2020,6,4,9,2,1,110,34609,0,1,1,-33.754345,151.042569,71,0,2,1,3,1,2,6,3,0,7,50,0,387,387,1,5,13,2,0,0,1,0
1237948,1,2020,2020,6,5,7,2,9,42,34609,0,1,1,-33.950607,150.938964,41,0,2,0,0,0,0,0,2,0,7,50,0,1850,1463,5,16,40,1,0,0,0,1