Crash ID,Degree of crash - detailed,Reporting year,Year of crash,Month of crash,Day of week of crash,Two-hour intervals,Street of crash,Street type,Town,Route no.,School zone location,School zone active,Type of location,Latitude,Longitude,LGA,Urbanisation,Conurbation 1,Alignment,Street lighting,Road surface,Surface condition,Weather,Natural lighting,Signals operation,Other traffic control,Speed limit,Road classification,RUM - code,DCA - code,First impact type,Key TU type,Other TU type,No. of traffic units involved,No. killed,No. seriously injured,No. moderately injured,No. minor-other injured
1237949,2,2020,2020,5,0,8,7,27,20,34609,0,1,9,-31.035123,152.861615,34,2,1,1,2,0,0,0,3,0,0,50,0,2852,2852,4,0,18,2,0,0,1,0
1237952,4,2020,2020,8,1,7,2,31,36,34609,0,1,1,-36.096238,146.908924,0,2,1,1,0,2,0,0,2,0,7,50,0,1282,1282,1,5,40,1,0,1,0,0
1237954,4,2020,2020,5,4,9,1,1,161,34609,1,0,10,-33.737611,151.168049,36,0,2,1,2,0,0,0,0,0,7,50,0,9859,9859,8,5,40,1,0,1,0,0
1237956,2,2020,2020,6,3,3,61,10,87,34609,0,1,1,-33.049113,151.469364,37,0,2,1,0,0,0,0,1,0,7,90,0,4026,4026,8,5,40,1,0,0,1,0
1237960,2,2020,2020,5,2,9,10,27,18,34609,0,1,1,-34.057356,151.139465,68,0,2,1,2,0,0,0,0,0,7,60,0,14295,14295,3,15,5,2,0,0,1,0
1237961,4,2020,2020,6,6,3,20,27,112,34609,0,1,1,-33.910793,151.206926,69,0,2,1,2,0,3,0,0,0,7,40,0,3775,3775,0,22,27,2,0,1,0,0
1237962,2,2020,2020,6,4,2,7,1,15,34609,0,1,1,-34.436156,150.875901,80,0,2,1,1,0,0,0,0,0,7,50,0,9859,9859,1,5,5,2,0,0,1,0
1237963,4,2020,2020,1,2,7,103,27,16,98,0,1,1,-33.343472,150.704617,29,1,2,1,0,0,0,0,2,0,7,100,2,9859,9859,8,16,40,1,0,1,0,0
1237964,4,2020,2020,6,6,7,45,31,532,55,0,1,10,-33.873658,151.212607,69,0,2,1,1,0,0,0,2,2,7,40,1,1669,1669,3,15,12,2,0,1,0,0
1237966,4,2020,2020,6,4,1,344,27,107,157,0,1,10,-29.670785,152.936236,18,2,1,1,2,0,0,0,0,0,7,50,2,9859,9859,8,5,40,1,0,1,0,0
1237967,4,2020,2020,5,0,8,59,27,252,41,0,1,10,-33.950035,150.865753,41,0,2,1,2,0,0,0,3,2,7,60,1,5929,5929,1,5,5,3,0,2,0,1
1237972,2,2020,2020,8,2,11,361,23,75,34609,0,1,1,-33.722397,150.386463,8,2,2,0,0,0,0,0,0,0,7,50,0,2585,4009,8,5,40,1,0,0,2,0
1237974,2,2020,2020,5,4,5,4,27,1,34609,0,1,1,-33.618611,149.560349,3,1,0,0,0,0,3,3,2,0,7,100,0,1981,1981,4,8,13,2,0,0,1,0
1237975,2,2020,2020,6,5,11,75,1,53,34609,1,0,1,-33.916136,150.838173,41,0,2,1,2,0,0,0,0,0,7,50,0,4026,4026,1,5,5,2,0,0,1,0
1237977,4,2020,2020,6,2,8,234,27,24,228,0,1,1,-33.389253,150.98524,71,0,2,0,0,0,0,0,2,0,7,60,2,4552,5151,8,16,40,1,0,1,0,0
1237978,4,2020,2020,5,1,6,16,27,10,34609,0,1,1,-31.633928,152.497927,56,1,0,0,0,2,0,0,2,0,7,100,0,3775,3775,0,16,0,2,0,1,0,0
1237979,4,2020,2020,6,2,9,1,10,61,34609,0,1,1,-29.742128,151.752787,51,2,1,0,0,0,0,0,3,0,7,40,0,2585,4009,8,5,40,1,0,3,0,0
1237980,4,2020,2020,6,5,7,13,27,223,34609,0,1,9,-33.800862,150.924305,7,0,2,1,0,0,0,0,2,0,0,50,0,6545,6545,4,5,5,2,0,1,0,0
1237981,1,2020,2020,6,5,4,69,31,443,563,0,1,2,-33.904338,151.038664,15,0,2,1,1,0,0,0,2,0,7,70,2,14295,14295,3,5,5,2,0,0,0,1
1237983,1,2020,2020,6,4,7,2261,17,346,2252,0,1,9,-33.887377,151.073624,67,0,2,1,0,0,0,0,2,2,7,60,2,1669,1669,3,10,5,2,0,0,0,2
1237985,2,2020,2020,6,3,0,2,27,70,34609,0,1,1,-34.534156,150.279614,78,2,1,1,0,2,0,1,0,0,7,60,0,1945,1945,5,34,40,1,0,0,1,0
1237986,1,2020,2020,5,1,7,10,27,6,34609,0,1,1,-33.134258,150.14776,40,1,0,0,3,0,0,0,2,0,7,100,0,1850,1463,5,10,40,1,0,0,0,1
1237992,2,2020,2020,5,4,3,29,27,100,30,0,1,1,-33.902612,150.885517,24,0,2,1,1,0,0,0,2,0,7,60,1,4026,4026,8,0,40,1,0,0,1,0
1237996,2,2020,2020,5,3,11,79,10,43,231,0,1,10,-33.437254,151.322127,16,2,2,1,1,0,3,4,0,0,15,60,2,5929,5929,1,0,0,2,0,0,1,0
1237999,4,2020,2020,6,5,8,16,10,74,34609,0,1,1,-33.713925,151.051183,31,0,2,1,3,0,2,6,2,0,7,50,0,9859,9859,8,5,40,1,0,1,0,0
1238000,2,2020,2020,5,3,7,125,27,108,123,0,1,2,-33.307524,151.416767,16,2,2,1,3,0,0,0,2,0,7,50,2,1391,1391,1,30,0,2,0,0,1,0
1238001,4,2020,2020,6,5,5,89,36,9,19,0,1,1,-28.407721,152.595675,51,1,0,0,0,0,0,0,2,0,7,100,1,782,957,5,16,40,1,0,1,0,0
1238002,1,2020,2020,5,4,8,5,10,55,34609,0,1,2,-35.37987,149.192152,58,2,1,1,2,0,0,0,3,0,7,80,0,4026,4026,8,5,40,1,0,0,0,1
1238004,4,2020,2020,5,4,9,2261,17,31,2252,0,1,2,-35.10536,148.063692,20,1,0,1,3,0,0,0,0,0,7,110,2,945,945,5,5,40,1,0,1,0,0
1238006,1,2020,2020,5,0,7,76,24,164,154,0,1,2,-33.724041,150.888639,7,0,2,0,3,0,0,0,2,0,9,70,1,14295,14295,3,0,5,2,0,0,0,1
1238007,4,2020,2020,5,3,9,56,27,80,80,0,1,10,-33.885417,151.176163,32,0,2,1,2,0,0,0,0,2,7,40,2,6545,6545,4,22,5,2,0,1,0,0
1238008,2,2020,2020,5,2,7,132,31,252,126,0,1,9,-33.891666,151.213618,69,0,2,1,1,0,0,0,2,0,7,50,2,6545,6545,4,16,5,2,0,0,1,0
1238010,2,2020,2020,5,1,3,3,1,309,34609,0,1,7,-33.801187,151.109674,61,0,2,1,3,0,0,0,2,0,0,50,0,14295,14295,3,10,5,2,0,0,1,0
1238011,2,2020,2020,1,4,9,57,36,17,769,0,1,1,-33.607403,150.786564,29,2,2,1,3,0,3,0,3,0,7,80,2,14295,14295,3,10,5,2,0,0,1,0
1238013,1,2020,2020,6,0,6,112,27,16,769,0,1,1,-33.55329,150.695417,29,2,2,1,3,0,0,0,2,0,7,60,2,1391,1391,1,0,0,2,0,0,0,1
1238014,1,2020,2020,5,2,5,24,31,204,34609,0,1,9,-33.893339,151.127879,32,0,2,1,3,0,0,0,2,0,0,50,0,256,256,4,0,5,2,0,0,0,1
1238015,1,2020,2020,1,3,5,3371,17,207,3342,0,1,1,-33.603735,151.164323,31,0,2,0,3,0,0,0,2,0,7,80,2,214,214,9,16,28,2,0,0,0,1
1238020,2,2020,2020,6,4,10,296,27,290,293,0,1,10,-33.855751,150.995008,21,0,2,1,3,0,0,0,0,2,9,70,2,1669,1669,3,5,5,2,0,0,1,0
1238021,1,2020,2020,5,0,7,1,1,309,34609,0,1,1,-33.8188,151.093973,61,0,2,1,3,0,0,0,2,0,7,50,0,186,186,1,5,5,2,0,0,0,1
1238023,1,2020,2020,5,3,10,97,27,271,799,0,1,2,-33.936217,151.011733,15,0,2,0,3,0,0,0,0,0,7,70,2,14295,14295,3,5,5,2,0,0,0,1
1238024,2,2020,2020,5,5,10,230,27,197,284,0,1,2,-33.79619,151.136658,61,0,2,1,3,0,0,0,0,0,7,70,2,14295,14295,3,33,5,2,0,0,1,0
1238031,4,2020,2020,5,0,8,829,27,125,770,0,1,9,-33.838045,151.133132,51,0,2,1,3,0,0,0,0,0,0,70,2,775,775,4,0,0,2,0,1,0,1
1238034,2,2020,2020,5,4,6,3,27,3,34609,0,1,1,-31.881412,151.481548,73,1,0,0,3,2,3,3,2,0,7,100,0,1850,1463,5,16,40,1,0,0,1,0
1238044,4,2020,2020,5,0,6,192,31,316,120,0,1,9,-33.919115,151.240766,59,0,2,1,3,0,0,0,2,0,7,50,2,14295,14295,3,5,5,2,0,1,0,0
1238045,2,2020,2020,1,1,9,9,10,176,34609,0,1,1,-33.957128,151.137214,4,0,2,1,3,0,0,0,0,0,7,50,0,14295,14295,3,0,5,2,0,0,1,0
1238047,1,2020,2020,6,4,3,117,27,78,144,0,1,10,-33.858415,151.092258,14,0,2,1,3,0,0,0,2,2,7,60,2,1391,1391,1,5,5,2,0,0,0,1
1238050,1,2020,2020,5,4,8,57,31,174,321,0,1,10,-33.889054,151.2016,69,0,2,1,3,0,0,0,2,2,7,50,2,14295,14295,3,29,5,2,0,0,0,1
1238051,1,2020,2020,1,2,8,125,27,21,144,0,1,2,-32.770985,152.011595,57,2,1,1,3,0,0,0,2,0,7,80,2,9859,9859,8,0,40,1,0,0,0,1
1238053,2,2020,2020,1,1,7,15,31,28,34609,0,1,7,-33.410179,149.568222,3,2,1,1,3,0,0,0,2,0,0,50,0,4026,4026,8,5,40,2,0,0,1,0
1238054,1,2020,2020,5,4,9,387,27,290,331,0,1,9,-33.954402,151.119056,4,0,2,1,3,0,0,0,3,2,7,60,2,14295,14295,3,0,36,2,0,0,0,1
1238059,1,2020,2020,8,1,8,500,27,41,799,0,1,9,-33.906662,151.126786,32,0,2,1,3,0,0,0,2,0,7,60,2,1282,1282,1,16,5,2,0,0,0,1
1238061,1,2020,2020,6,1,3,2209,17,74,2205,0,1,1,-34.437817,150.859656,80,0,2,0,3,0,3,3,2,0,7,60,2,14295,14295,3,0,0,4,0,0,0,1
1238062,2,2020,2020,1,5,4,6,31,316,34609,0,1,10,-31.437081,152.902901,56,2,1,1,3,0,0,0,2,0,7,50,0,6545,6545,4,5,0,2,0,0,1,0
1238064,2,2020,2020,1,2,6,5,27,107,34609,0,1,1,-33.290366,151.424097,16,2,2,1,3,0,0,0,2,0,7,50,0,14295,14295,3,5,5,2,0,0,1,0
1238070,1,2020,2020,5,5,11,866,17,77,793,0,1,10,-33.730728,151.08124,31,0,2,1,3,0,0,0,0,2,7,70,2,1282,1282,1,29,41,4,0,0,0,1
1238075,4,2020,2020,6,2,5,23,31,29,34609,0,1,1,-33.976964,151.077376,25,0,2,1,1,0,0,0,2,0,7,50,0,9859,9859,1,10,23,3,0,1,0,0
1238076,2,2020,2020,6,0,11,92,31,83,34609,1,0,9,-33.917884,151.114768,15,0,2,0,2,0,3,4,0,0,7,50,0,2585,4009,8,0,40,1,0,0,1,0
1238080,2,2020,2020,5,2,7,12,4,34,34609,0,1,1,-34.992685,149.011137,82,2,1,0,0,0,0,0,2,0,7,50,0,4552,5151,8,10,40,1,0,0,1,0
1238082,4,2020,2020,6,6,0,169,27,16,54,0,1,2,-34.0196,151.045221,68,0,2,1,2,0,0,3,0,0,7,80,2,9859,9859,8,5,40,1,0,1,0,0
1238083,4,2020,2020,5,1,5,4,31,104,34609,0,1,10,-33.832688,151.021919,54,0,2,1,1,0,0,0,2,0,15,50,0,6545,6545,4,8,12,2,0,1,0,1
1238085,1,2020,2020,1,3,4,108,31,58,34609,0,1,1,-34.412227,150.892261,80,0,2,1,1,0,0,0,2,0,7,60,0,1981,1981,4,10,27,2,0,0,0,1
1238086,2,2020,2020,5,5,4,8,27,21,34609,0,1,1,-33.874851,151.233591,81,0,2,1,1,0,0,0,2,0,7,50,0,1109,397,1,15,13,2,0,0,1,0
1238088,2,2020,2020,5,0,4,255,31,64,46,0,1,10,-33.483459,150.14653,40,2,1,1,1,0,0,0,2,0,0,50,2,6545,6545,4,5,12,2,0,0,2,0
1238089,1,2020,2020,1,5,6,39,31,246,99,0,1,10,-33.901753,151.200142,69,0,2,1,1,0,0,0,2,2,7,50,2,623,623,3,9,5,2,0,0,0,1
1238090,1,2020,2020,5,0,11,20,10,55,91,0,1,2,-35.37746,149.188284,58,2,1,0,2,0,0,0,0,0,7,80,2,1850,1463,5,16,40,1,0,0,0,1
1238092,4,2020,2020,5,4,8,50,27,304,140,0,1,1,-33.903131,151.168914,32,0,2,1,2,0,0,3,3,0,7,60,1,9859,9859,8,16,40,1,0,1,0,0
1238098,2,2020,2020,5,5,6,348,17,4,232,0,1,1,-33.219318,150.022979,40,1,0,0,0,0,0,0,2,0,7,100,2,2585,4009,8,5,40,1,0,0,1,0
1238100,4,2020,2020,1,5,7,171,27,73,369,0,1,1,-33.716537,150.726093,55,0,2,0,0,0,0,0,2,0,7,70,2,1259,5151,8,0,40,1,0,1,0,0
1238102,4,2020,2020,5,1,6,6,18,3,34609,0,1,1,-30.9792,150.800252,70,1,0,1,0,0,0,0,2,0,7,100,0,1945,1945,5,3,40,1,0,1,0,0
1238103,2,2020,2020,5,2,8,67,27,100,15,0,1,1,-33.805976,151.164797,77,0,2,1,2,0,0,0,0,0,7,50,1,9859,9859,1,5,5,3,0,0,1,0
1238105,1,2020,2020,5,1,8,2126,17,60,2149,0,1,10,-33.76819,150.757915,55,0,2,1,2,0,3,4,0,2,7,80,2,14295,14295,3,5,40,2,0,0,0,1
1238108,4,2020,2020,5,4,6,2126,17,80,2149,0,1,10,-33.754089,150.653271,55,0,2,1,1,0,0,0,2,2,7,60,2,5929,5929,1,5,35,2,0,1,0,0
1238109,4,2020,2020,5,5,4,1,18,39,34609,0,1,1,-35.952014,146.985385,0,1,0,1,0,2,0,1,2,0,7,100,0,9859,9859,8,5,40,1,0,1,0,0
1238111,1,2020,2020,7,5,4,82,27,13,34,0,1,10,-28.618345,153.003996,51,2,1,1,0,0,0,0,2,0,0,50,1,380,777,5,16,40,1,0,0,0,1
1238115,4,2020,2020,5,5,9,161,17,39,161,0,1,10,-35.302854,148.201722,66,2,1,0,2,0,3,0,0,0,0,60,2,6545,6545,4,5,0,2,0,1,0,1
1238116,2,2020,2020,5,6,4,158,27,81,207,0,1,1,-33.870104,151.252735,81,0,2,0,0,0,0,3,2,0,7,60,2,1282,1282,1,8,0,5,0,0,1,0
1238117,2,2020,2020,5,5,4,512,17,562,441,0,1,10,-32.253851,148.605658,22,2,1,1,1,0,0,0,2,2,7,60,2,5929,5929,1,0,5,2,0,0,1,0
1238126,4,2020,2020,5,0,7,6,31,179,34609,0,1,10,-33.763118,150.714751,55,0,2,1,0,0,0,0,2,0,0,50,0,256,256,4,16,5,2,0,1,0,0
1238129,2,2020,2020,5,1,2,40,10,182,174,0,1,9,-32.815809,151.350372,17,2,1,0,2,0,3,1,0,0,0,60,2,2585,4009,8,5,40,1,0,0,1,0
1238132,4,2020,2020,5,4,6,46,27,101,13,0,1,7,-32.911451,151.622795,37,0,2,0,1,0,0,0,2,0,7,60,1,1850,1463,5,16,40,1,0,1,0,0
1238136,2,2020,2020,5,4,1,51,27,85,34609,0,1,10,-33.910862,150.875153,41,0,2,1,2,0,0,0,0,2,7,50,0,5929,5929,1,5,5,2,0,0,2,0
1238139,2,2020,2020,8,1,4,3371,17,24,3342,0,1,2,-29.608647,153.133475,18,1,0,1,0,0,0,0,2,0,7,110,2,945,945,5,0,40,1,0,0,1,0
1238140,1,2020,2020,5,4,11,19,27,26,34609,0,1,1,-33.111789,151.523889,37,0,2,0,0,0,0,0,0,0,7,60,0,1850,1463,5,5,40,1,0,0,0,1
1238141,4,2020,2020,5,0,10,39,31,293,34609,0,1,7,-33.927464,151.060806,15,0,2,1,2,0,3,4,0,0,0,50,0,1945,1945,5,16,40,2,0,1,0,0
1238143,4,2020,2020,8,2,7,916,17,61,917,0,1,1,-29.77547,151.73123,51,1,0,0,0,0,0,0,2,0,7,100,2,4552,5151,8,16,40,1,0,1,0,0
1238145,2,2020,2020,6,4,9,1,4,10,34609,0,1,1,-34.930161,150.763523,63,2,1,0,2,0,0,0,0,0,7,50,0,190,190,1,5,13,2,0,0,1,0
1238146,2,2020,2020,8,1,5,2126,17,65,2149,0,1,2,-33.544208,150.177259,40,2,1,0,0,0,3,4,2,0,7,80,2,1850,1463,5,5,40,1,0,0,1,0
1238147,4,2020,2020,8,4,9,71,31,283,125,0,1,9,-33.844501,151.013199,21,0,2,1,2,0,0,0,0,0,0,50,1,2040,2040,9,5,28,2,0,1,1,0
1238148,4,2020,2020,6,0,4,2,27,36,34609,1,0,1,-33.800065,150.948905,21,0,2,1,0,0,0,0,2,0,7,50,0,1220,1220,9,0,28,2,0,1,0,0
1238150,4,2020,2020,8,2,11,71,36,4,139,0,1,1,-34.109751,145.854199,51,1,0,0,0,0,0,0,0,0,7,100,2,1957,4009,8,21,40,1,0,1,0,0
1238151,2,2020,2020,6,6,3,35,27,120,34609,1,0,7,-33.756281,150.870789,7,0,2,1,0,0,0,0,2,0,9,50,0,1220,1220,9,0,28,2,0,0,1,0
1238153,2,2020,2020,8,3,10,42,36,35,34609,0,1,2,-30.481125,153.005467,6,2,1,1,0,0,0,0,0,0,7,80,0,9859,9859,8,5,40,1,0,0,1,0
1238157,2,2020,2020,6,5,4,57,36,112,769,0,1,10,-33.611868,150.813812,29,2,2,1,3,0,0,0,2,2,7,60,2,5929,5929,1,21,13,2,0,0,1,1
1238158,4,2020,2020,6,6,3,72,14,173,71,0,1,3,-33.879959,151.216956,69,0,2,1,0,0,0,0,2,0,7,80,2,14295,14295,3,9,13,3,0,1,2,0
1238159,2,2020,2020,5,4,7,12,31,363,34609,0,1,9,-33.75819,150.693012,55,0,2,1,1,0,0,0,2,0,7,50,0,78,78,8,5,40,1,0,0,1,0
1238161,2,2020,2020,5,1,2,9,31,17,14,1,0,2,-35.667337,147.039775,27,2,1,1,2,0,3,4,0,0,9,50,1,9859,9859,8,10,40,1,0,0,1,0
1238163,4,2020,2020,5,1,0,10,27,6,11,0,1,1,-32.304354,149.603632,44,1,0,1,0,0,0,1,0,0,7,100,1,9859,9859,8,10,40,1,0,1,1,0
1238164,4,2020,2020,6,6,7,143,31,123,181,0,1,9,-33.884591,151.224121,69,0,2,1,0,0,0,0,2,0,7,50,2,1383,1383,1,22,10,2,0,1,0,0
1238166,4,2020,2020,6,2,8,512,17,28,441,0,1,1,-33.122245,148.964336,11,1,0,1,0,0,0,0,2,0,7,100,2,9859,9859,8,10,40,1,0,1,0,0
1238168,1,2020,2020,5,4,8,85,10,167,702,0,1,2,-33.856423,151.071146,54,0,2,0,3,0,0,0,3,0,7,80,2,14295,14295,3,5,5,3,0,0,0,1
1238169,2,2020,2020,5,4,4,2261,31,562,34609,1,2,10,-32.243372,148.636923,22,2,1,1,0,0,0,0,2,0,0,40,0,775,775,4,0,27,2,0,0,1,0
1238171,4,2020,2020,6,6,6,346,17,106,332,0,1,1,-28.864937,153.045533,60,2,1,1,0,0,3,4,2,0,7,50,2,14295,14295,3,8,5,5,0,1,1,0
1238173,1,2020,2020,5,0,3,125,31,438,44,0,1,1,-33.838354,151.026907,21,0,2,1,0,0,0,0,2,0,7,60,1,1945,1945,5,15,40,1,0,0,0,1
1238176,1,2020,2020,5,4,4,98,27,609,136,0,1,2,-33.776877,150.920143,7,0,2,0,3,0,0,0,2,0,0,60,2,14295,14295,3,30,12,2,0,0,0,1
1238178,1,2020,2020,5,3,4,866,17,174,793,0,1,10,-33.873784,150.925875,24,0,2,1,3,0,0,0,2,2,7,70,2,6545,6545,4,0,5,2,0,0,0,1
1238179,1,2020,2020,5,5,6,234,27,337,217,0,1,2,-33.735068,151.002794,71,0,2,1,3,0,0,0,2,0,7,60,2,3775,3775,0,10,5,2,0,0,0,2
1238184,2,2020,2020,5,4,5,1052,14,21,928,0,1,6,-33.256851,151.403778,16,1,2,1,3,0,0,0,2,0,7,110,2,475,475,5,5,40,1,0,0,1,0
1238185,1,2020,2020,1,4,6,4,31,173,34609,0,1,1,-33.876598,151.224638,69,0,2,1,3,0,0,0,2,0,7,50,0,14295,14295,3,5,5,3,0,0,0,1
1238187,2,2020,2020,1,2,4,330,27,147,605,0,1,9,-33.753443,151.285669,50,0,2,1,3,0,0,0,2,2,7,60,2,1192,1192,1,9,0,2,0,0,1,0
1238188,2,2020,2020,6,0,5,1,27,25,34609,0,1,1,-32.671228,151.858659,57,2,1,0,0,2,3,3,2,0,7,60,0,2585,4009,8,16,40,1,0,0,1,0
1238193,1,2020,2020,5,5,7,2126,17,136,2149,0,1,2,-33.857002,151.065947,21,0,2,1,3,0,0,0,2,0,7,60,2,14295,14295,3,0,13,3,0,0,0,1
1238194,4,2020,2020,8,5,7,2261,17,443,2252,0,1,2,-33.903901,151.042699,15,0,2,1,0,0,3,3,2,0,7,70,2,1282,1282,1,29,19,2,0,1,0,0
1238195,4,2020,2020,8,0,3,98,31,107,34609,0,1,9,-33.882891,151.194894,69,0,2,1,1,0,3,4,2,2,9,50,0,238,238,9,5,26,2,0,1,0,0
1238196,4,2020,2020,6,4,8,2,1,13,34609,0,1,9,-32.793327,151.663961,42,2,1,1,1,0,0,0,2,0,7,50,0,5929,5929,1,30,19,2,0,1,0,0
1238200,4,2020,2020,5,5,3,512,17,6,441,0,1,10,-31.83855,147.71904,51,2,1,1,0,0,0,0,2,0,0,60,2,6545,6545,4,10,13,2,0,1,0,0
1238201,4,2020,2020,5,6,3,49,31,532,34609,0,1,10,-33.865092,151.211596,69,0,2,1,0,0,0,3,2,2,9,40,0,2040,2040,9,27,28,2,0,1,0,0
1238203,4,2020,2020,5,0,8,103,27,17,256,0,1,1,-34.162537,150.789622,13,0,2,1,0,0,0,0,3,0,7,80,2,14295,14295,3,5,5,4,0,1,0,0
1238204,4,2020,2020,5,3,6,39,31,370,256,0,1,10,-34.066572,150.819508,13,0,2,1,1,0,0,0,2,2,7,60,2,6545,6545,4,5,0,2,0,1,1,0
1238207,2,2020,2020,8,6,8,3,27,22,34609,0,1,1,-35.156036,150.599437,63,2,1,1,1,0,0,0,2,0,7,50,0,1981,1981,4,5,0,2,0,0,1,0
1238210,4,2020,2020,5,0,6,2126,17,460,2149,0,1,10,-33.818035,150.981769,21,0,2,1,1,0,0,0,2,2,7,60,2,5929,5929,1,5,5,2,0,1,0,0
1238211,2,2020,2020,5,6,2,2,31,12,34609,0,1,1,-34.435672,150.87255,80,0,2,0,2,0,3,3,0,0,7,40,0,4552,5151,1,5,25,2,0,0,1,0
1238214,1,2020,2020,6,1,4,25,27,67,125,0,1,10,-33.883726,151.006835,15,0,2,1,3,0,0,0,2,3,7,60,1,1383,1383,1,0,0,2,0,0,0,1
1238216,2,2020,2020,1,1,6,916,17,14,917,0,1,9,-32.441006,151.054991,64,1,0,0,3,0,0,0,2,0,0,90,2,926,926,4,8,13,2,0,0,1,0
1238219,2,2020,2020,1,2,7,2261,17,112,2252,0,1,2,-33.906878,150.942761,41,0,2,1,3,0,0,0,2,0,7,70,2,1391,1391,1,0,5,3,0,0,1,0
1238224,1,2020,2020,1,3,7,2126,17,363,2149,1,0,10,-33.818549,150.996413,54,0,2,1,3,0,0,0,2,2,7,60,2,14295,14295,3,5,5,4,0,0,0,2
1238232,2,2020,2020,1,2,4,9,27,5,9,0,1,1,-29.530756,151.673559,51,1,0,1,3,0,3,0,2,0,7,100,1,4026,4026,8,10,40,1,0,0,1,0
1238236,4,2020,2020,5,1,10,162,31,65,122,0,1,10,-34.485386,150.887533,80,0,2,1,2,0,3,4,0,2,9,60,2,2040,2040,9,5,28,2,0,1,1,0
1238239,2,2020,2020,6,3,8,137,14,24,70,0,1,3,-32.87788,151.569533,37,0,2,0,0,0,0,3,3,0,7,110,2,14295,14295,3,5,36,2,0,0,1,0
1238241,4,2020,2020,5,4,3,3371,17,24,3342,0,1,2,-32.508132,152.210958,43,1,0,1,1,0,0,0,1,0,7,110,2,475,475,5,30,40,1,0,1,0,0
1238243,4,2020,2020,5,1,7,22,31,460,34609,0,1,10,-33.846207,150.987366,21,0,2,1,1,0,0,0,2,0,15,50,0,6545,6545,4,5,5,2,0,1,0,1
1238244,4,2020,2020,6,4,7,14,1,198,32,1,2,9,-33.910079,151.095305,15,0,2,1,1,0,0,0,2,0,9,40,1,2040,2040,9,5,28,2,0,1,0,0
1238245,4,2020,2020,5,0,6,98,31,176,159,0,1,9,-33.955269,151.14314,4,0,2,1,1,0,0,0,2,0,7,60,2,1945,1945,5,15,40,1,0,1,0,0
1238251,2,2020,2020,5,6,8,11,27,62,29,0,1,10,-33.753693,151.261062,50,0,2,1,2,0,0,0,0,2,7,60,1,2040,2040,9,10,28,2,0,0,1,0
1238252,1,2020,2020,5,6,7,2126,17,60,2149,0,1,9,-33.767288,150.754171,55,0,2,1,1,0,0,0,2,2,7,80,2,14295,14295,3,5,0,2,0,0,0,1
1238253,2,2020,2020,5,5,0,123,36,16,90,0,1,1,-31.564192,151.728369,51,1,0,0,3,0,0,0,0,0,7,100,1,1089,1089,7,30,40,1,0,0,1,0
1238254,2,2020,2020,5,4,4,12,27,278,34609,0,1,1,-33.785465,151.043886,54,0,2,1,1,0,0,0,2,0,7,50,0,1981,1981,4,0,27,2,0,0,1,0
1238256,4,2020,2020,1,4,6,3,25,38,34609,0,1,1,-33.773264,150.788825,55,0,2,1,1,0,0,0,2,0,7,60,0,1945,1945,5,16,40,1,0,1,0,0
1238257,4,2020,2020,5,1,2,135,17,65,136,0,1,9,-36.067432,146.976095,0,2,1,0,2,0,0,1,0,0,0,80,2,775,775,4,10,13,2,0,2,0,0
1238259,4,2020,2020,6,4,10,3,23,25,34609,1,0,1,-33.748672,150.803217,7,0,2,0,2,0,0,0,0,0,9,50,0,4552,5151,1,5,0,2,0,1,0,0
1238260,4,2020,2020,5,2,5,4,27,35,34609,0,1,9,-34.370737,150.909844,80,0,2,1,1,0,0,0,2,0,0,60,0,323,323,1,16,5,2,0,1,1,0
1238261,2,2020,2020,5,0,4,829,27,123,770,0,1,2,-33.809777,151.065129,54,0,2,1,0,0,0,0,2,0,7,70,2,14295,14295,3,8,41,4,0,0,1,0
1238263,4,2020,2020,5,1,8,330,23,123,233,0,1,9,-33.914856,151.225541,59,0,2,1,2,0,3,4,0,2,7,50,2,2852,2852,4,27,33,2,0,1,2,0
1238264,4,2020,2020,5,6,2,251,14,139,124,0,1,3,-33.835716,151.210975,49,0,2,0,2,0,0,0,1,0,7,80,2,273,957,5,5,40,1,0,1,0,0
1238265,2,2020,2020,6,0,7,3,10,11,34609,0,1,1,-34.027147,150.812364,13,0,2,0,1,0,0,0,2,0,7,50,0,4552,5151,1,30,41,2,0,0,1,0
1238267,1,2020,2020,5,5,10,515,14,271,518,0,1,3,-33.939603,151.010217,15,0,2,0,2,0,0,0,0,0,7,100,2,1282,1282,1,33,5,2,0,0,0,1
1238268,4,2020,2020,1,5,9,11,31,49,56,0,1,1,-34.450344,147.535224,51,2,1,1,0,0,3,0,0,0,7,50,2,2040,2040,9,10,28,2,0,1,0,0
1238271,1,2020,2020,1,1,9,38,31,84,34609,0,1,9,-31.1092,150.894516,70,2,1,1,2,0,0,0,0,0,0,50,0,1391,1391,1,33,19,2,0,0,0,1
1238273,2,2020,2020,5,0,6,1,27,10,34609,0,1,1,-31.602816,152.434455,56,2,1,0,0,0,0,0,2,0,7,80,0,3775,3775,0,5,0,2,0,0,3,0
1238274,1,2020,2020,8,3,9,829,27,309,770,0,1,9,-33.815663,151.103143,61,0,2,0,2,0,0,0,0,2,7,60,2,395,395,1,15,13,2,0,0,0,1
1238277,4,2020,2020,6,6,4,32,10,27,34609,0,1,2,-32.762947,151.60008,42,2,1,1,1,0,0,0,2,0,7,50,0,9859,9859,1,30,5,3,0,1,0,0
1238278,4,2020,2020,8,2,11,2126,17,78,2149,0,1,2,-33.701681,150.575047,8,2,2,0,2,0,3,4,0,0,7,80,2,2585,4009,8,5,40,1,0,2,0,0