Crash ID,Degree of crash - detailed,Reporting year,Year of crash,Month of crash,Day of week of crash,Two-hour intervals,Street of crash,Street type,Town,Route no.,School zone location,School zone active,Type of location,Latitude,Longitude,LGA,Urbanisation,Conurbation 1,Alignment,Street lighting,Road surface,Surface condition,Weather,Natural lighting,Signals operation,Other traffic control,Speed limit,Road classification,RUM - code,DCA - code,First impact type,Key TU type,Other TU type,No. of traffic units involved,No. killed,No. seriously injured,No. moderately injured,No. minor-other injured
1238280,2,2020,2020,5,4,9,2209,17,23,2205,0,1,9,-34.616177,150.837079,62,0,2,1,2,0,0,0,0,0,7,60,2,5929,5929,1,0,5,2,0,0,1,1
1238281,2,2020,2020,5,3,6,23,36,13,62,0,1,1,-30.065172,152.982348,18,1,0,0,0,0,0,3,2,0,7,100,1,1259,5151,8,5,40,1,0,0,1,0
1238283,1,2020,2020,8,4,7,5,27,5,34609,0,1,1,-35.176753,143.45842,51,1,0,1,0,0,0,0,2,0,7,100,0,9859,9859,8,5,40,1,0,0,0,3
1238284,4,2020,2020,5,4,3,3371,17,32,3342,0,1,9,-32.951023,151.717772,48,0,2,1,1,0,0,0,2,2,9,60,2,1220,1220,9,5,28,2,0,1,0,0
1238285,4,2020,2020,5,1,5,19,27,6,17,0,1,1,-31.940572,148.998382,22,1,0,1,0,0,3,4,2,0,7,100,1,1945,1945,5,0,40,1,0,1,0,0
1238287,4,2020,2020,8,0,7,107,22,239,121,1,2,1,-34.031214,151.11473,68,0,2,1,1,0,3,4,2,0,7,40,1,340,340,9,9,28,2,0,1,0,0
1238288,2,2020,2020,5,6,10,10,27,111,34609,0,1,1,-33.71453,150.855107,7,0,2,1,2,0,0,0,0,0,7,60,0,9859,9859,8,5,40,1,0,0,1,0
1238289,4,2020,2020,5,6,10,1,27,9,34609,0,1,1,-33.47382,151.340592,16,2,2,1,2,0,3,0,0,0,7,50,0,312,312,2,0,40,1,0,1,0,0
1238290,4,2020,2020,8,3,7,114,27,22,65,0,1,1,-33.452142,151.068681,16,2,2,0,0,0,0,0,2,0,7,60,1,4552,5151,8,16,40,1,0,1,0,0
1238292,4,2020,2020,8,3,5,12,27,8,15,0,1,1,-32.571122,151.319888,64,1,0,0,0,0,0,0,2,0,7,100,1,4552,5151,8,16,40,1,0,1,0,0
1238296,2,2020,2020,8,3,5,147,27,224,605,0,1,9,-33.824474,151.239629,45,0,2,1,0,0,0,0,2,0,7,60,2,1192,1192,1,30,27,2,0,0,1,0
1238297,2,2020,2020,6,4,7,71,31,35,34609,0,1,9,-31.077336,152.841429,34,2,1,1,1,0,0,0,2,0,7,50,0,1669,1669,3,0,36,2,0,0,2,0
1238299,2,2020,2020,6,4,4,1,25,5,34609,0,1,9,-34.050702,150.66597,12,0,2,0,0,0,0,0,2,0,7,50,0,3775,3775,0,5,5,2,0,0,1,0
1238307,2,2020,2020,6,2,10,36,31,218,70,0,1,9,-33.768952,150.779908,55,0,2,1,2,0,0,3,0,0,15,60,1,2585,777,8,5,40,1,0,0,1,0
1238308,2,2020,2020,5,1,5,3,27,118,34609,0,1,9,-33.41608,151.283203,16,1,2,1,3,0,0,0,2,0,7,100,0,5929,5929,1,5,36,2,0,0,1,0
1238317,2,2020,2020,8,4,11,16,10,67,22,0,1,1,-33.387549,151.348329,16,2,2,1,1,0,3,4,0,0,7,50,1,9859,9859,1,5,13,2,0,0,1,0
1238327,4,2020,2020,5,5,9,192,31,316,56,0,1,10,-33.902835,151.244823,59,0,2,1,2,0,3,4,0,2,7,50,1,5929,5929,1,0,19,2,0,1,0,0
1238329,4,2020,2020,5,3,3,5,27,6,34609,0,1,1,-31.772025,149.24595,51,1,0,0,0,0,3,4,1,0,7,100,0,4552,5151,8,10,40,1,0,1,0,0
1238335,1,2020,2020,5,6,7,10,27,11,115,0,1,9,-33.764422,151.174833,36,0,2,1,3,0,0,0,2,0,7,60,1,1669,1669,3,5,5,2,0,0,0,1
1238336,1,2020,2020,5,6,6,100,31,363,38,0,1,0,-33.817444,150.998909,54,0,2,1,3,0,0,0,2,0,7,60,1,623,623,3,5,5,2,0,0,0,1
1238338,2,2020,2020,5,6,9,5,31,64,34609,0,1,7,-33.949207,151.004913,15,0,2,1,2,0,0,0,0,0,0,50,0,6545,6545,4,5,19,2,0,0,1,0
1238339,4,2020,2020,5,0,11,4,31,130,34609,0,1,9,-33.871407,151.197548,69,0,2,1,2,0,3,4,0,0,7,40,0,14295,14295,3,5,27,2,0,1,0,0
1238340,4,2020,2020,6,1,7,165,31,174,34609,0,1,10,-33.892547,151.202179,69,0,2,1,1,0,0,0,2,2,9,40,0,2040,2040,9,0,28,2,0,1,0,0
1238343,2,2020,2020,5,2,8,13,27,25,13,0,1,9,-33.865322,151.22449,69,0,2,0,2,0,3,4,3,2,7,50,1,5929,5929,1,0,5,2,0,0,1,0
1238344,2,2020,2020,5,5,7,57,36,112,769,0,1,10,-33.612397,150.815027,29,2,2,1,1,0,3,4,2,2,0,60,2,5929,5929,1,0,5,2,0,0,1,0
1238346,4,2020,2020,5,2,10,30,31,163,34609,0,1,10,-33.855593,151.105152,14,0,2,1,2,0,3,4,0,0,0,50,0,6545,6545,4,10,5,3,0,1,0,1
1238348,4,2020,2020,5,6,3,15,27,278,24,0,1,9,-33.77235,151.044478,54,0,2,1,0,0,3,0,2,0,7,50,1,9859,9859,1,5,0,2,0,1,0,0
1238352,1,2020,2020,5,5,5,866,17,314,793,0,1,2,-33.848143,150.946572,21,0,2,1,3,0,0,0,2,0,7,70,2,1391,1391,1,29,5,3,0,0,0,1
1238360,2,2020,2020,5,4,7,220,27,251,222,0,1,2,-33.764717,150.958023,7,0,2,1,3,0,0,0,2,0,7,80,2,404,404,8,15,40,1,0,0,1,0
1238365,2,2020,2020,5,1,7,2,31,129,34609,0,1,7,-33.930353,151.086005,15,0,2,1,1,0,0,0,2,0,0,50,0,6545,6545,4,9,5,2,0,0,1,0
1238366,1,2020,2020,5,4,0,3371,17,24,3342,0,1,2,-32.507215,152.211296,43,1,0,0,0,0,0,3,0,0,7,110,2,4552,5151,8,0,40,1,0,0,0,1
1238367,4,2020,2020,5,6,8,109,27,95,382,0,1,9,-33.740961,150.843369,7,0,2,1,2,0,0,0,0,0,7,60,2,1669,1669,3,5,5,2,0,1,0,1
1238370,2,2020,2020,1,1,4,193,27,32,41,0,1,1,-33.978812,151.122972,25,0,2,1,3,0,0,3,2,0,7,60,1,5929,5929,1,5,36,2,0,0,1,1
1238372,2,2020,2020,1,3,8,103,27,39,98,0,1,1,-33.541176,150.838317,29,2,2,0,3,0,0,0,0,0,7,80,2,1850,1463,5,16,40,1,0,0,1,0
1238375,1,2020,2020,5,4,4,39,31,523,14,0,1,10,-33.922224,150.921325,41,0,2,1,3,0,0,0,2,2,7,50,2,14295,14295,3,5,5,2,0,0,0,1
1238376,2,2020,2020,1,1,2,916,17,16,917,0,1,1,-31.446575,150.871431,51,1,0,1,3,0,0,3,0,0,7,100,2,4026,4026,8,5,40,1,0,0,1,0
1238380,1,2020,2020,5,5,4,2261,17,44,2252,0,1,10,-33.894503,150.95783,24,0,2,1,1,0,0,0,2,1,7,70,2,14295,14295,3,8,36,2,0,0,0,1
1238382,4,2020,2020,6,6,7,24,27,18,41,0,1,10,-28.979094,153.282597,60,2,1,1,0,0,0,0,2,0,0,80,1,6545,6545,4,5,0,2,0,2,0,1
1238383,1,2020,2020,6,2,6,9,27,8,34609,1,0,1,-33.547683,151.216399,31,0,2,1,0,0,0,0,2,0,7,50,0,18,18,2,5,5,2,0,0,0,1
1238384,2,2020,2020,1,0,11,25,27,26,34609,0,1,1,-31.174247,152.967978,34,2,1,1,0,0,3,4,0,0,7,80,0,4026,4026,8,21,40,1,0,0,1,0
1238385,2,2020,2020,1,2,5,110,31,41,34609,0,1,1,-35.122818,147.370298,75,2,1,1,0,0,3,4,2,0,7,50,0,237,162,8,5,40,1,0,0,1,0
1238392,2,2020,2020,5,0,8,2209,17,27,2205,0,1,2,-34.539353,150.784612,80,0,2,1,1,0,0,0,2,0,7,100,2,1383,1383,1,5,5,2,0,0,1,0
1238395,2,2020,2020,5,2,9,22,31,460,34609,0,1,1,-33.845703,150.987513,21,0,2,1,2,0,0,0,0,0,7,50,0,340,340,9,0,28,2,0,0,1,0
1238397,4,2020,2020,5,6,3,515,14,252,518,0,1,6,-33.956417,150.875796,41,0,2,1,0,0,0,0,2,0,7,70,2,1945,1945,5,16,40,1,0,1,0,0
1238398,4,2020,2020,1,3,4,120,36,6,148,0,1,1,-30.370664,152.599162,6,1,0,0,0,0,0,0,2,0,7,100,2,323,323,1,16,0,2,0,1,0,0
1238400,1,2020,2020,5,0,9,1,27,51,34609,0,1,1,-34.182644,150.995019,80,0,2,0,0,0,0,0,0,0,7,50,0,3775,3775,0,30,0,2,0,0,0,1
1238401,2,2020,2020,5,3,11,296,27,290,293,1,0,9,-33.849144,150.99698,21,0,2,1,2,0,3,4,0,2,7,70,2,5929,5929,1,5,5,2,0,0,1,0
1238404,2,2020,2020,1,2,7,485,27,232,769,0,1,2,-33.681664,150.915194,71,0,2,1,0,0,0,0,2,0,7,80,2,14295,14295,3,0,13,3,0,0,3,0
1238405,1,2020,2020,3,6,3,4,31,136,34609,0,1,1,-33.918327,151.070111,15,0,2,1,2,0,0,0,2,0,7,50,0,9859,9859,1,5,12,2,0,0,0,1
1238409,2,2020,2020,1,5,8,2126,17,80,2149,0,1,10,-33.756117,150.652893,55,0,2,1,1,0,0,0,2,0,7,60,2,5929,5929,1,10,0,2,0,0,1,0
1238410,4,2020,2020,6,4,8,1,33,1,34609,0,1,1,-32.093594,151.476125,51,2,1,0,0,2,0,0,2,0,7,50,0,1850,1463,5,16,40,1,0,1,0,0
1238411,2,2020,2020,5,3,8,175,27,86,220,0,1,9,-33.74135,150.917543,7,0,2,1,1,0,0,0,2,2,7,70,2,14295,14295,3,5,0,2,0,0,1,1
1238415,1,2020,2020,1,3,10,13,27,9,34609,0,1,1,-30.979102,152.979232,34,2,1,0,1,0,0,1,0,0,7,80,0,4552,5151,8,10,40,1,0,0,0,1
1238417,4,2020,2020,5,5,9,55,27,112,70,0,1,1,-33.706928,151.025697,31,0,2,0,2,0,0,0,0,0,7,60,2,3775,3775,0,5,0,2,0,2,0,0
1238418,2,2020,2020,6,3,6,19,31,111,34609,0,1,1,-33.919537,151.252169,59,0,2,1,0,0,0,3,2,0,7,50,0,238,238,9,5,28,2,0,0,1,0
1238420,2,2020,2020,6,0,9,515,14,189,518,0,1,3,-33.942089,151.048575,15,0,2,1,2,0,0,0,0,0,7,100,2,14295,14295,3,21,13,3,0,0,1,0
1238421,4,2020,2020,6,0,10,2209,17,77,2205,0,1,1,-33.921337,151.165219,32,0,2,1,2,0,0,0,0,2,7,60,2,5929,5929,1,5,35,2,0,1,0,0
1238424,2,2020,2020,1,4,10,77,31,562,34609,0,1,10,-32.255606,148.609751,22,2,1,1,2,0,3,4,0,0,0,50,0,6545,6545,4,5,13,2,0,0,1,0
1238429,2,2020,2020,5,1,6,222,31,120,34609,0,1,9,-32.199633,152.525841,43,2,1,1,1,0,0,0,2,0,7,50,0,14295,14295,3,9,0,3,0,0,1,0
1238430,2,2020,2020,5,4,7,100,27,68,78,0,1,2,-33.614451,149.781188,51,2,1,0,0,0,0,0,2,0,7,80,2,380,714,5,29,40,1,0,0,1,0
1238432,4,2020,2020,6,0,7,2261,17,14,2252,0,1,3,-34.449044,150.376345,78,1,0,0,1,0,0,0,2,0,7,110,2,1282,1282,1,30,2,3,0,1,0,0
1238434,4,2020,2020,5,2,0,171,27,64,369,0,1,2,-34.035385,150.732054,12,0,2,1,2,0,0,0,0,0,7,60,2,312,312,2,5,40,1,0,1,0,0
1238439,2,2020,2020,5,3,7,162,31,65,122,0,1,2,-34.490544,150.88826,80,0,2,1,1,0,0,0,2,0,7,70,2,9859,9859,8,5,40,1,0,0,1,0
1238441,2,2020,2020,6,1,5,42,27,134,30,0,1,1,-33.893869,151.249632,76,0,2,1,0,0,0,0,2,0,7,50,1,1383,1383,1,27,5,2,0,0,1,0
1238442,4,2020,2020,5,4,9,3,31,283,34609,0,1,9,-33.836796,151.016144,21,0,2,1,3,0,0,0,0,0,7,50,0,28,28,1,8,41,2,0,2,0,0
1238444,1,2020,2020,5,3,9,35,31,22,34609,0,1,1,-28.606389,150.362183,51,2,1,1,2,0,0,0,0,0,7,50,0,1192,1192,1,5,27,2,0,0,0,2
1238446,4,2020,2020,5,0,3,3,10,26,34609,0,1,1,-33.749098,150.878658,7,0,2,1,0,0,0,0,2,0,7,50,0,340,340,9,0,28,2,0,1,0,0
1238450,2,2020,2020,1,4,5,19,31,49,34609,0,1,10,-33.934746,151.149931,4,0,2,1,3,0,0,0,2,0,0,50,0,6545,6545,4,5,5,2,0,0,1,0
1238452,2,2020,2020,1,2,5,475,10,523,268,0,1,10,-33.918344,150.915497,41,0,2,1,3,0,0,0,2,3,7,70,2,623,623,3,10,0,2,0,0,1,0
1238456,1,2020,2020,5,6,4,478,17,45,480,0,1,9,-33.343524,151.493939,16,2,2,1,3,0,0,0,2,0,0,50,2,217,217,1,5,12,2,0,0,0,1
1238457,2,2020,2020,1,1,4,4,27,3,34609,0,1,1,-30.577268,151.094776,70,1,0,0,3,2,0,0,2,0,7,100,0,1259,5151,8,5,40,1,0,0,1,0
1238458,4,2020,2020,1,2,9,234,27,337,217,0,1,1,-33.729603,151.01739,71,0,2,1,3,0,0,0,0,0,7,60,2,14295,14295,3,5,5,3,0,1,0,0
1238460,2,2020,2020,5,6,3,10,31,163,74,0,1,9,-33.846078,151.100685,14,0,2,0,1,0,0,0,1,0,15,50,1,515,515,1,9,27,2,0,0,1,0
1238462,2,2020,2020,5,1,8,35,27,62,96,0,1,9,-33.894028,151.145309,32,0,2,1,2,0,0,0,3,0,7,50,2,5929,5929,1,5,27,5,0,0,1,1
1238464,4,2020,2020,1,6,3,30,27,30,41,0,1,10,-33.985272,151.143823,4,0,2,1,1,0,0,0,2,2,7,60,1,5929,5929,1,5,19,2,0,1,0,0
1238465,2,2020,2020,1,4,6,213,17,132,213,0,1,1,-29.776106,151.113308,33,2,1,1,1,0,0,0,2,0,7,40,2,214,214,9,5,28,2,0,0,1,0
1238472,4,2020,2020,1,6,10,12,27,12,34609,0,1,1,-34.43887,150.792973,80,0,2,0,0,0,0,3,0,0,7,50,0,2585,4009,8,10,40,1,0,1,1,0
1238473,2,2020,2020,1,3,1,2,27,6,34609,0,1,1,-33.597256,150.66765,29,2,2,0,0,0,3,4,0,0,7,60,0,4552,5151,8,10,40,1,0,0,1,0
1238475,2,2020,2020,8,3,5,23,27,37,47,0,1,1,-34.668154,150.712242,35,2,1,0,0,0,0,0,2,0,7,60,1,782,957,5,16,40,1,0,0,1,1
1238478,4,2020,2020,5,4,8,32,31,111,91,0,1,2,-33.92246,151.256493,59,0,2,1,2,0,3,4,0,0,7,40,1,2040,2040,9,27,28,2,0,1,0,0
1238482,4,2020,2020,5,0,5,119,27,189,34609,0,1,1,-33.951138,151.046873,25,0,2,1,0,0,0,0,2,0,7,50,0,9859,9859,1,5,0,2,0,1,0,0
1238484,2,2020,2020,1,5,4,11,31,215,82,0,1,9,-35.120884,147.355478,75,2,1,1,1,0,0,0,2,0,0,50,1,2852,2852,4,5,5,2,0,0,1,0
1238486,4,2020,2020,1,5,8,135,17,93,136,0,1,9,-36.07551,146.928316,0,2,1,1,1,0,0,0,3,2,7,60,2,2585,777,8,5,40,1,0,1,0,0
1238489,1,2020,2020,0,0,7,12,27,1,62,0,1,9,-36.505465,150.052781,5,1,0,0,0,0,2,2,2,0,7,100,1,1850,985,5,22,40,1,0,0,0,1
1238492,4,2020,2020,1,2,7,3,27,124,34609,0,1,1,-33.805814,151.038379,54,0,2,1,1,0,0,0,2,0,7,50,0,340,340,9,5,28,2,0,1,0,0
1238493,2,2020,2020,1,4,7,2,18,48,34609,0,1,1,-36.710553,149.858946,5,2,1,0,0,0,0,0,2,0,7,80,0,2585,4009,8,5,40,1,0,0,1,0
1238495,2,2020,2020,6,2,6,107,22,239,121,1,0,1,-34.031524,151.116908,68,0,2,1,1,0,0,0,2,0,7,60,1,5929,5929,1,0,5,2,0,0,1,1
1238496,2,2020,2020,6,6,10,62,31,445,34609,0,1,1,-33.85021,151.049851,21,0,2,1,2,0,3,4,0,0,7,60,0,3775,3775,0,5,12,2,0,0,2,0
1238499,2,2020,2020,6,4,4,57,27,9,143,0,1,1,-34.561806,149.571661,74,1,0,0,0,0,3,1,2,0,7,100,2,1089,1089,7,5,40,1,0,0,1,0
1238502,2,2020,2020,8,2,8,7,27,232,34609,0,1,9,-33.675432,150.902633,7,0,2,1,0,0,0,0,2,0,7,60,0,775,775,4,30,0,2,0,0,2,0
1238503,2,2020,2020,6,2,5,294,17,14,288,0,1,1,-34.764273,146.543718,51,2,1,0,3,0,3,3,2,0,7,60,2,2585,4009,8,5,40,1,0,0,1,0
1238505,4,2020,2020,5,2,7,308,14,169,311,0,1,3,-33.764526,150.846306,7,0,2,1,2,0,3,3,2,0,7,100,2,1383,1383,1,5,36,2,0,4,0,0
1238506,2,2020,2020,1,5,9,61,27,53,208,1,0,9,-33.847954,150.961853,21,0,2,1,2,0,0,0,0,0,0,60,1,6545,6545,4,5,5,2,0,0,1,0
1238507,1,2020,2020,1,4,0,866,1,53,34609,0,1,1,-33.743689,151.297526,50,0,2,1,2,0,0,0,0,0,7,50,0,9859,9859,1,5,0,2,0,0,0,1
1238508,2,2020,2020,5,1,7,6,27,1,4,0,1,1,-30.227701,150.725303,51,1,0,1,0,0,1,5,2,0,7,100,1,9859,9859,8,10,40,1,0,0,1,0
1238509,2,2020,2020,6,4,0,31,27,28,34609,0,1,9,-34.016125,151.06495,68,0,2,1,2,0,3,2,0,2,7,50,0,9859,9859,8,5,40,1,0,0,1,0
1238511,4,2020,2020,5,2,4,11,27,27,144,0,1,2,-32.883909,151.760921,48,0,2,1,1,0,3,0,2,0,11,80,2,1945,1945,5,22,40,1,0,1,0,0
1238516,2,2020,2020,6,6,10,1,31,193,34609,0,1,1,-33.796392,151.080369,61,0,2,0,2,0,0,0,0,0,7,50,0,2585,4009,1,10,5,6,0,0,1,0
1238517,4,2020,2020,8,2,7,37,27,11,52,0,1,9,-34.055244,150.576523,79,2,2,0,0,0,0,0,2,0,7,80,1,1850,1463,5,16,40,1,0,1,0,0
1238524,2,2020,2020,6,2,11,2261,17,32,2252,0,1,2,-34.836546,149.007981,82,1,0,0,0,0,3,4,0,0,7,110,2,1192,1192,1,9,35,2,0,0,1,0
1238525,4,2020,2020,5,2,11,153,27,188,147,0,1,1,-33.948838,151.107507,4,0,2,1,2,0,0,0,0,0,7,60,2,9859,9859,1,5,10,2,0,1,0,0
1238526,4,2020,2020,5,2,10,5,27,144,34609,0,1,1,-34.055763,151.013036,68,0,2,0,2,0,0,0,0,0,7,50,0,418,714,5,16,40,1,0,1,0,0
1238528,4,2020,2020,8,1,9,82,27,134,181,0,1,10,-33.892807,151.255137,76,0,2,0,2,0,0,0,0,2,7,50,2,5929,5929,1,5,19,2,0,1,1,0
1238529,4,2020,2020,6,4,8,829,27,309,770,0,1,9,-33.814356,151.097584,61,0,2,1,0,0,0,0,2,0,7,60,2,340,340,9,0,28,2,0,1,0,0
1238532,1,2020,2020,6,6,8,296,27,187,293,0,1,2,-33.880285,150.978402,24,0,2,1,2,0,0,0,0,0,7,60,2,14295,14295,3,5,5,3,0,0,0,1
1238533,2,2020,2020,8,4,10,21,27,62,23,0,1,1,-33.742364,150.637134,8,2,2,0,0,0,3,4,0,0,7,50,1,4552,5151,8,5,40,1,0,0,1,0
1238535,4,2020,2020,5,5,10,110,27,167,40,0,1,9,-33.846378,151.05629,54,0,2,1,3,0,2,6,0,2,7,60,1,6545,6545,4,22,5,2,0,1,0,0
1238537,2,2020,2020,6,2,9,293,31,112,769,0,1,10,-33.612325,150.815103,29,2,2,1,2,0,0,0,0,2,7,60,2,5929,5929,1,10,0,2,0,0,1,0
1238539,4,2020,2020,8,5,7,42,1,79,34609,0,1,1,-34.914234,150.601738,63,2,1,1,0,0,0,0,2,0,7,60,0,5929,5929,1,9,19,2,0,1,0,0
1238540,2,2020,2020,6,6,5,106,27,252,106,0,1,9,-33.927575,150.888266,41,0,2,1,1,0,0,0,2,3,3,70,2,1282,1282,1,0,19,2,0,0,1,0
1238542,4,2020,2020,5,6,7,57,27,41,34609,0,1,1,-31.091279,150.898726,70,2,1,1,1,0,0,0,2,0,14,50,0,41,41,8,10,40,2,0,1,0,0
1238543,2,2020,2020,6,2,2,2261,17,243,2252,0,1,9,-33.943524,150.911074,41,0,2,1,2,0,0,0,1,2,7,70,2,9859,9859,8,5,40,1,0,0,1,0
1238545,1,2020,2020,7,6,3,24,27,2,8,0,1,1,-28.936384,153.278011,39,1,0,1,0,0,3,4,2,0,7,100,1,3775,3775,0,10,13,2,0,0,0,2
1238548,4,2020,2020,6,6,3,3371,17,82,3342,0,1,9,-33.829328,151.20198,49,0,2,1,1,0,0,0,2,0,0,60,2,6545,6545,4,5,27,2,0,1,0,0
1238549,4,2020,2020,5,0,8,3371,17,30,3342,0,1,9,-33.190529,151.56545,16,2,2,1,0,0,0,0,0,0,0,80,2,5929,5929,1,30,41,2,0,1,1,0
1238552,4,2020,2020,5,4,9,18,27,89,27,0,1,9,-33.690579,150.785605,55,0,2,0,0,0,0,0,0,0,7,80,1,6545,6545,4,5,13,2,0,1,1,0
1238558,2,2020,2020,1,6,7,16,27,57,34609,0,1,1,-33.447302,151.372545,16,2,2,1,1,0,0,0,2,0,7,50,0,1981,1981,4,5,5,2,0,0,1,0
1238560,2,2020,2020,1,3,7,2209,17,7,2205,0,1,2,-34.747561,150.801605,35,1,0,0,1,0,3,4,2,0,7,100,2,782,957,5,5,40,1,0,0,1,0
1238568,2,2020,2020,5,3,8,2126,17,161,2149,0,1,2,-33.889947,151.148664,32,0,2,1,1,0,3,4,3,0,7,60,2,14295,14295,3,5,0,4,0,0,2,0
1238570,4,2020,2020,5,4,9,9,31,134,34609,0,1,9,-33.891795,151.247452,76,0,2,1,2,0,0,0,0,2,7,50,0,5929,5929,1,5,19,2,0,1,0,0
1238572,2,2020,2020,1,5,8,31,10,78,23,0,1,1,-33.436617,151.442633,16,2,2,1,2,0,0,0,2,0,7,50,1,387,387,1,22,5,2,0,0,1,0
1238573,4,2020,2020,6,0,11,32,27,35,5,1,0,10,-33.819691,151.200759,77,0,2,1,1,0,0,0,0,2,9,50,1,2040,2040,9,5,28,2,0,1,0,0
1238575,2,2020,2020,5,0,8,51,27,74,45,0,1,2,-33.743867,150.829605,7,0,2,1,2,0,3,4,3,0,7,60,1,14295,14295,3,30,0,3,0,0,2,0
1238576,2,2020,2020,8,4,7,4,31,169,34609,0,1,9,-33.896792,151.211623,69,0,2,1,0,0,0,0,2,0,7,40,0,2040,2040,9,5,26,2,0,0,1,0
1238577,2,2020,2020,5,4,7,2,27,9,13,0,1,1,-32.835896,144.007836,51,1,0,1,0,2,3,0,2,0,7,100,1,4026,4026,8,30,40,1,0,0,1,0
1238578,1,2020,2020,1,3,10,1,31,25,34609,0,1,10,-32.384189,150.687533,46,2,1,1,2,0,3,4,0,0,0,50,0,9859,9859,1,10,5,2,0,0,0,1
1238580,4,2020,2020,1,6,7,68,31,76,100,0,1,1,-34.539141,150.388971,78,2,1,1,0,0,0,0,2,0,7,60,2,9859,9859,8,5,40,1,0,1,0,0
1238583,2,2020,2020,5,3,7,48,27,3,42,0,1,1,-35.103444,150.269486,63,2,1,0,0,0,3,4,2,0,7,80,1,4552,5151,8,5,40,1,0,0,1,0
1238589,1,2020,2020,8,0,6,9,27,108,31,0,1,7,-33.762319,151.274593,50,0,2,1,1,0,0,0,2,0,0,60,1,1945,1945,5,22,40,1,0,0,0,1
1238593,2,2020,2020,5,0,7,20,31,204,244,0,1,1,-33.890172,151.117218,32,0,2,1,3,0,0,0,2,0,7,60,2,515,515,1,10,19,2,0,0,1,0
1238594,1,2020,2020,1,2,7,109,27,74,382,1,0,9,-33.749926,150.841548,7,0,2,1,1,0,0,0,2,0,7,60,2,591,591,1,18,0,2,0,0,0,1
1238595,2,2020,2020,1,5,8,344,27,168,382,0,1,10,-33.707095,150.838999,7,0,2,1,2,0,0,0,0,2,7,80,2,1945,1945,5,16,40,1,0,0,1,0
1238600,2,2020,2020,1,4,9,39,27,5,43,0,1,9,-32.551807,149.635533,44,1,0,1,0,0,0,0,0,0,15,100,1,1109,787,1,21,36,2,0,0,2,0
1238602,4,2020,2020,6,4,5,171,31,108,34609,0,1,9,-33.816804,151.187516,77,0,2,1,1,0,0,0,2,2,7,50,0,5929,5929,1,5,36,2,0,1,1,0
1238603,4,2020,2020,6,4,9,17,27,90,28,0,1,9,-33.786958,150.948124,7,0,2,1,2,0,0,0,0,0,7,60,1,2040,2040,9,5,28,2,0,1,0,0
1238604,4,2020,2020,1,5,5,126,27,22,168,0,1,10,-34.067933,150.802517,13,0,2,1,1,0,0,0,2,2,7,60,2,14295,14295,3,5,5,2,0,1,2,0
1238605,2,2020,2020,5,2,8,68,27,175,208,0,1,2,-33.772779,151.081631,54,0,2,1,3,0,0,0,2,0,7,60,2,1383,1383,1,5,0,3,0,0,1,0
1238608,4,2020,2020,5,1,3,4,27,144,34609,0,1,1,-34.05626,151.010793,68,0,2,1,1,0,0,0,2,0,7,50,0,9859,9859,1,16,5,2,0,1,0,0
1238611,2,2020,2020,5,5,5,916,17,5,917,0,1,1,-30.763867,151.361946,70,1,0,1,0,0,0,0,2,0,7,100,2,945,945,5,10,40,1,0,0,1,0
1238612,1,2020,2020,1,6,8,515,14,60,518,0,1,3,-33.947414,150.962945,41,0,2,1,3,0,0,0,2,0,7,100,2,14295,14295,3,5,0,3,0,0,0,1
1238613,2,2020,2020,1,6,3,126,27,39,168,0,1,9,-34.041587,150.748978,12,0,2,1,1,0,0,0,2,2,7,80,2,14295,14295,3,9,12,2,0,0,1,1
1238615,4,2020,2020,5,3,5,225,17,50,180,0,1,1,-34.561896,150.640665,62,0,2,0,0,0,0,0,2,0,7,60,2,2585,4009,8,16,40,1,0,1,0,0
1238616,2,2020,2020,6,5,9,829,1,337,35,0,1,2,-33.733592,150.980801,71,0,2,1,2,0,3,4,0,0,7,50,1,1383,1383,1,5,13,2,0,0,1,0
1238617,1,2020,2020,8,4,6,74,27,609,48,0,1,10,-33.775762,150.895304,7,0,2,1,1,0,3,4,2,2,7,60,1,14295,14295,3,5,5,2,0,0,0,1
1238618,2,2020,2020,1,3,6,9,10,61,40,0,1,1,-35.906025,150.085068,23,2,1,1,1,0,0,0,2,0,7,60,1,14295,14295,3,34,5,3,0,0,2,0
1238619,1,2020,2019,9,5,3,33,7,120,34609,0,1,1,-33.763492,150.869553,7,0,2,1,1,0,0,0,2,0,9,50,0,1220,1220,9,0,28,2,0,0,0,1
1238624,2,2020,2020,5,4,7,36,27,31,36,0,1,1,-34.029707,150.824011,13,0,2,1,1,0,0,0,2,0,7,60,1,14295,14295,3,9,5,4,0,0,1,3
1238626,4,2020,2020,6,6,4,1104,14,140,962,0,1,3,-33.797062,150.851121,7,0,2,1,0,0,0,0,2,0,7,100,2,1192,1192,1,16,10,3,0,1,0,0
1238627,4,2020,2020,5,3,4,11,10,134,181,0,1,9,-33.889804,151.241774,76,0,2,1,1,0,0,0,2,2,7,60,2,5929,5929,1,5,0,2,0,1,0,0
1238629,4,2020,2020,1,1,8,35,31,273,34609,0,1,10,-34.426307,150.902129,80,0,2,1,2,0,0,0,0,3,6,50,0,368,368,9,19,28,3,0,1,0,0
1238630,2,2020,2020,1,2,5,158,27,173,207,0,1,9,-33.876879,151.228411,69,0,2,1,1,0,0,0,2,2,9,60,2,2040,2040,9,5,28,2,0,0,1,0