Crash ID,Degree of crash - detailed,Reporting year,Year of crash,Month of crash,Day of week of crash,Two-hour intervals,Street of crash,Street type,Town,Route no.,School zone location,School zone active,Type of location,Latitude,Longitude,LGA,Urbanisation,Conurbation 1,Alignment,Street lighting,Road surface,Surface condition,Weather,Natural lighting,Signals operation,Other traffic control,Speed limit,Road classification,RUM - code,DCA - code,First impact type,Key TU type,Other TU type,No. of traffic units involved,No. killed,No. seriously injured,No. moderately injured,No. minor-other injured
1238631,4,2020,2020,5,5,4,3371,17,73,3342,0,1,2,-33.771786,151.161787,36,0,2,0,1,0,3,4,2,0,7,60,2,1957,4009,8,0,40,1,0,1,0,0
1238632,2,2020,2020,1,2,7,38,27,34,45,0,1,1,-35.081361,150.649636,63,2,1,1,1,0,0,0,2,0,7,70,1,14295,14295,3,10,5,2,0,0,1,0
1238633,1,2020,2020,5,1,9,9,27,115,140,0,1,10,-33.919644,151.178401,69,0,2,1,3,0,0,0,2,2,9,60,2,14295,14295,3,30,5,2,0,0,0,2
1238638,4,2020,2020,5,6,8,1,27,44,34609,0,1,1,-35.273689,147.702726,75,1,0,0,0,0,0,0,2,0,7,100,0,782,957,5,10,40,1,0,1,0,0
1238641,4,2020,2020,5,2,5,3371,17,44,3342,0,1,9,-33.205803,151.516299,16,2,2,1,0,0,3,4,2,2,7,80,2,2852,2852,4,16,0,2,0,1,0,0
1238645,1,2020,2020,5,1,3,72,14,112,71,0,1,3,-33.906545,151.213579,69,0,2,1,1,0,0,0,2,0,7,80,2,1282,1282,1,9,13,2,0,0,0,1
1238648,2,2020,2020,5,2,9,1104,14,460,962,0,1,3,-33.825992,150.991614,21,0,2,1,0,0,3,4,0,0,7,90,2,9859,9859,8,5,40,2,0,0,1,0
1238649,1,2020,2020,5,6,8,55,1,167,34609,0,1,2,-33.850701,151.074429,54,0,2,1,2,0,0,0,3,0,7,60,0,14295,14295,3,5,5,2,0,0,0,1
1238651,2,2020,2020,5,3,8,10,31,532,34,0,1,10,-33.872805,151.205092,69,0,2,1,2,0,3,4,0,2,7,40,1,1192,1192,1,5,0,2,0,0,2,1
1238652,4,2020,2020,5,4,7,74,27,66,59,0,1,2,-34.474647,150.8873,80,0,2,1,3,0,0,0,2,0,7,60,2,9859,9859,8,30,40,1,0,1,0,0
1238653,1,2020,2020,6,5,11,3,18,10,34609,0,1,1,-34.727135,149.670333,26,2,1,1,0,0,0,0,0,0,7,80,0,1945,1945,5,16,40,1,0,0,0,1
1238654,4,2020,2020,6,1,7,3371,17,29,3342,0,1,9,-29.014569,153.430108,60,2,1,1,1,0,0,0,2,0,15,50,2,782,985,5,8,40,1,0,1,1,0
1238655,2,2020,2020,5,1,3,13,31,106,34609,0,1,9,-33.672889,151.296043,50,0,2,1,2,0,3,3,2,0,0,50,0,1945,1945,5,15,40,1,0,0,1,0
1238657,1,2020,2020,1,5,9,866,17,314,793,0,1,10,-33.853544,150.940641,24,0,2,1,3,0,0,0,2,2,7,70,2,926,926,4,5,5,2,0,0,0,1
1238659,1,2020,2020,5,4,5,6,10,12,34609,0,1,7,-34.487211,150.779979,80,0,2,1,3,0,0,0,2,0,0,50,0,83,83,1,22,5,2,0,0,0,1
1238662,1,2020,2020,1,1,4,22,10,69,34609,0,1,9,-33.779948,150.996554,54,0,2,1,3,0,0,0,2,0,7,50,0,5929,5929,1,0,0,2,0,0,0,1
1238668,2,2020,2020,1,4,4,109,27,44,169,0,1,9,-32.810918,151.43231,17,2,1,1,3,0,0,0,2,0,15,60,2,926,926,4,0,36,2,0,0,1,0
1238672,1,2020,2020,5,2,5,234,27,112,217,0,1,7,-33.696068,151.030356,31,0,2,0,3,0,0,0,2,0,0,60,2,14295,14295,3,0,0,2,0,0,0,1
1238675,2,2020,2020,5,4,7,26,31,94,34609,0,1,10,-33.83521,151.037165,54,0,2,1,1,0,0,0,2,0,15,50,0,6545,6545,4,0,12,3,0,0,1,0
1238678,1,2020,2020,1,6,3,24,27,77,52,1,0,9,-33.920945,151.160116,32,0,2,1,3,0,0,0,2,0,0,50,1,14295,14295,3,0,5,2,0,0,0,1
1238679,1,2020,2020,1,1,9,17,31,106,32,0,1,1,-33.914169,151.085604,15,0,2,1,2,0,3,4,0,0,7,50,1,186,186,9,0,28,2,0,0,0,1
1238680,2,2020,2020,8,5,8,293,1,154,34609,0,1,7,-33.710414,150.937975,71,0,2,1,1,0,0,0,3,0,0,60,0,1192,1192,1,8,0,2,0,0,1,0
1238681,2,2020,2020,6,5,4,78,27,11,228,0,1,1,-33.101083,151.130877,29,1,2,0,0,0,0,0,2,0,7,90,1,4552,5151,8,16,40,1,0,0,1,0
1238682,2,2020,2020,6,0,6,10,31,117,34609,0,1,2,-28.174006,153.544742,72,2,1,1,0,0,0,0,2,0,7,50,0,1945,1945,5,16,40,1,0,0,1,0
1238683,4,2020,2020,5,5,5,2261,17,284,2252,1,0,9,-33.90764,151.025985,15,0,2,1,0,0,0,0,2,2,7,60,2,5929,5929,1,5,5,2,0,1,0,0
1238686,1,2020,2020,5,5,7,2209,17,115,2205,0,1,2,-34.032128,151.07132,68,0,2,1,1,0,0,0,2,0,7,70,2,14295,14295,3,5,5,3,0,0,0,2
1238691,1,2020,2020,5,4,4,5,1,67,34609,0,1,10,-33.712093,150.904357,7,0,2,0,1,0,0,0,2,2,7,60,0,2852,2852,4,0,5,2,0,0,0,1
1238695,2,2020,2020,5,5,8,2,10,39,34609,0,1,1,-33.770273,150.75231,55,0,2,1,1,0,0,0,2,0,7,50,0,9859,9859,1,5,5,3,0,0,1,0
1238697,4,2020,2020,5,4,9,1,27,18,34609,0,1,9,-33.746663,151.112089,36,0,2,1,2,0,0,0,0,0,7,50,0,2040,2040,9,10,28,2,0,1,0,0
1238698,4,2020,2020,8,4,4,6,31,132,34609,0,1,10,-29.78045,151.107993,33,2,1,1,0,0,0,0,2,0,0,50,0,6545,6545,4,10,19,2,0,1,1,0
1238699,1,2020,2020,5,3,6,2,27,40,34609,0,1,1,-35.834899,150.064608,23,2,1,0,0,2,0,0,2,0,7,50,0,4552,5151,8,16,40,1,0,0,0,1
1238704,2,2020,2020,1,5,5,4,27,27,23,0,1,1,-31.485387,143.510553,51,1,0,0,0,2,3,3,2,0,7,100,1,1850,1463,5,16,40,1,0,0,1,0
1238712,2,2020,2020,8,2,0,4,27,151,34609,0,1,9,-34.01932,150.862807,13,0,2,1,2,0,0,0,0,0,7,50,0,2585,777,8,10,40,2,0,0,1,0
1238713,1,2020,2020,6,1,6,39,27,7,29,0,1,1,-32.27068,149.77427,44,1,0,1,0,0,0,3,2,0,7,100,1,101,101,8,0,10,3,0,0,0,1
1238714,4,2020,2020,6,6,4,2209,17,273,2205,0,1,9,-34.426003,150.877329,80,0,2,1,0,0,0,0,2,0,7,60,2,2040,2040,9,5,28,2,0,1,0,0
1238715,4,2020,2020,6,6,8,59,31,77,53,0,1,10,-33.886801,151.198762,69,0,2,1,2,0,3,4,0,0,7,50,2,1220,1220,9,0,28,2,0,1,0,0
1238716,4,2020,2020,8,2,8,39,27,169,147,0,1,1,-28.636419,153.569132,10,2,1,1,0,0,0,0,2,0,7,80,1,3775,3775,0,0,5,2,0,2,0,0
1238719,4,2020,2020,6,2,6,54,27,38,563,0,1,2,-34.046381,150.987431,68,0,2,1,1,0,0,0,2,0,7,80,2,1945,1945,5,16,40,1,0,1,0,0
1238720,2,2020,2020,8,0,8,15,27,36,91,0,1,1,-34.466883,149.441132,74,1,0,0,0,0,3,3,3,0,7,100,1,782,957,5,0,40,1,0,0,1,0
1238721,2,2020,2020,5,5,5,16,27,271,34609,0,1,7,-33.947151,151.022461,15,0,2,1,1,0,0,0,2,0,7,60,0,6545,6545,4,5,27,2,0,0,1,0
1238723,2,2020,2020,5,2,7,21,10,74,34609,0,1,9,-34.027976,150.785646,12,0,2,1,1,0,0,0,2,2,7,60,0,5929,5929,1,5,5,2,0,0,1,0
1238725,1,2020,2020,6,5,4,7,31,284,34609,0,1,7,-33.912643,151.008453,15,0,2,1,1,0,0,0,2,0,0,50,0,6545,6545,4,10,5,2,0,0,0,2
1238727,2,2020,2020,6,0,9,27,27,290,34609,0,1,1,-33.856508,151.000717,21,0,2,1,2,0,3,4,0,0,7,50,0,387,387,1,22,36,2,0,0,1,0
1238728,4,2020,2020,8,2,8,344,27,168,382,0,1,2,-33.721211,150.844167,7,0,2,1,2,0,0,0,0,0,7,80,2,14295,14295,3,5,12,3,0,1,0,1
1238729,2,2020,2020,6,2,5,866,17,314,793,0,1,2,-33.853902,150.940394,24,0,2,1,1,0,0,0,2,0,7,70,2,14295,14295,3,16,5,2,0,0,1,0
1238730,2,2020,2020,6,2,9,515,14,60,518,0,1,3,-33.947245,150.969102,41,0,2,0,2,0,0,0,0,0,7,100,2,4552,5151,8,5,40,1,0,0,1,0
1238735,2,2020,2020,8,3,5,9,31,140,34609,0,1,10,-33.897747,151.002165,15,0,2,1,0,0,0,0,2,0,15,50,0,2852,2852,4,10,19,2,0,0,1,0
1238738,4,2020,2020,5,0,9,293,31,112,769,0,1,9,-33.605402,150.824262,29,2,2,1,2,0,0,0,0,2,7,60,2,14295,14295,3,30,0,2,0,1,0,0
1238742,4,2020,2020,6,4,3,829,27,123,770,0,1,11,-33.808327,151.067534,54,0,2,0,2,0,3,1,0,0,7,70,2,623,623,3,0,36,3,0,1,0,0
1238743,2,2020,2020,8,2,7,15,27,56,13,0,1,1,-32.749095,151.239144,17,1,0,0,0,0,3,0,2,0,7,90,1,4552,5151,8,16,40,1,0,0,1,0
1238744,2,2020,2020,6,4,8,48,10,463,32,0,1,2,-30.289266,153.135125,19,2,1,1,2,0,0,0,0,0,7,60,1,3775,3775,0,30,13,2,0,0,2,1
1238745,2,2020,2020,6,5,7,137,14,24,70,0,1,3,-32.885128,151.593117,37,0,2,1,0,0,3,4,2,0,7,110,2,14295,14295,3,5,5,2,0,0,1,0
1238746,4,2020,2020,8,4,2,7,27,3,8,0,1,1,-34.752288,148.288972,30,1,0,0,0,0,0,0,0,0,7,100,1,4552,5151,8,0,40,1,0,1,0,0
1238747,4,2020,2020,6,2,6,153,27,290,147,0,1,9,-33.949116,151.112742,4,0,2,1,1,0,0,0,2,0,7,60,2,14295,14295,3,5,5,3,0,1,1,0
1238749,4,2020,2020,6,0,8,14,27,4,34609,0,1,1,-32.665495,151.06073,64,1,0,1,0,0,3,0,0,0,7,100,0,1089,1089,7,16,40,1,0,1,0,0
1238750,2,2020,2020,6,1,1,3371,17,173,3342,0,1,9,-33.718321,151.108223,31,0,2,1,2,0,0,0,0,2,7,60,2,4026,4026,8,5,40,1,0,0,1,0
1238751,2,2020,2020,6,5,6,86,27,8,42,0,1,1,-31.027625,152.731515,34,1,0,0,0,0,3,5,2,0,7,100,1,380,714,5,5,40,1,0,0,1,0
1238754,2,2020,2020,6,1,10,330,23,24,39,0,1,2,-33.958794,151.24656,59,0,2,0,2,0,0,0,0,0,7,60,1,1259,5151,8,5,40,1,0,0,1,0
1238755,4,2020,2020,5,5,7,16,31,363,34609,0,1,9,-33.822346,150.999476,54,0,2,1,3,0,0,0,2,0,7,50,0,5929,5929,1,5,0,2,0,1,0,0
1238756,4,2020,2020,5,2,7,72,27,278,56,0,1,9,-33.787241,151.061188,54,0,2,1,1,0,0,0,2,2,7,60,2,2852,2852,4,5,0,5,0,2,0,0
1238757,2,2020,2020,5,0,1,3371,17,463,3342,0,1,2,-30.303905,153.102793,19,2,1,0,2,0,0,0,0,0,7,60,2,4552,5151,8,30,40,1,0,0,1,0
1238758,1,2020,2020,5,4,7,3371,17,31,3342,0,1,2,-30.336383,153.079106,19,1,0,1,3,0,0,0,2,0,7,100,2,14295,14295,3,5,5,2,0,0,0,1
1238760,1,2020,2020,5,1,10,55,27,126,38,0,1,2,-33.94813,150.791254,41,0,2,1,2,0,0,0,0,0,7,80,2,9859,9859,8,5,40,2,0,0,0,1
1238763,1,2020,2020,5,0,6,205,27,161,415,1,0,10,-33.721978,151.171577,36,0,2,1,3,0,0,0,2,2,7,60,2,14295,14295,3,33,0,2,0,0,0,1
1238766,1,2020,2020,8,4,6,2261,17,252,2252,0,1,10,-33.956253,150.872726,41,0,2,1,3,0,3,4,2,2,7,70,2,14295,14295,3,9,5,2,0,0,0,1
1238768,4,2020,2020,5,0,7,6,27,172,34609,0,1,10,-32.744729,151.614964,42,2,1,1,1,0,0,0,2,0,7,50,0,2852,2852,4,30,0,2,0,1,0,1
1238770,2,2020,2020,5,4,9,230,27,84,284,1,0,2,-33.772826,151.101281,61,0,2,1,2,0,0,0,0,0,7,70,2,14295,14295,3,34,0,3,0,0,1,0
1238772,2,2020,2020,6,6,4,82,27,78,103,0,1,9,-28.346869,153.365234,72,1,0,1,1,0,0,0,2,0,7,100,2,5929,5929,1,0,5,2,0,0,1,0
1238775,4,2020,2020,8,4,8,191,27,309,208,0,1,9,-33.810248,151.105991,61,0,2,1,2,0,0,0,3,2,9,60,2,2040,2040,9,0,28,2,0,1,0,0
1238776,1,2020,2020,5,4,6,3371,17,225,3342,0,1,9,-33.793435,151.179746,77,0,2,0,3,0,0,0,2,2,7,60,2,14295,14295,3,8,0,2,0,0,0,1
1238779,1,2020,2020,5,3,6,29,27,85,30,0,1,7,-33.89584,150.867737,41,0,2,1,3,0,3,4,2,0,0,60,1,1282,1282,1,33,5,2,0,0,0,1
1238783,2,2020,2020,1,3,6,87,18,83,34609,0,1,10,-34.450142,150.446488,78,2,1,1,3,0,3,4,2,0,0,50,0,6545,6545,4,5,0,2,0,0,1,0
1238786,2,2020,2020,1,0,9,22,31,309,208,0,1,2,-33.811597,151.105549,61,0,2,1,3,0,0,0,0,0,7,60,2,1391,1391,1,0,5,3,0,0,1,0
1238789,1,2020,2020,1,0,9,195,27,89,186,0,1,2,-33.868541,150.870229,24,0,2,1,3,0,3,4,0,0,7,70,2,14295,14295,3,5,0,2,0,0,0,1
1238790,1,2020,2020,5,2,10,3371,17,108,3342,0,1,9,-33.820854,151.185391,77,0,2,1,3,0,0,0,0,0,7,60,2,6545,6545,4,5,27,2,0,0,0,1
1238791,1,2020,2020,5,4,8,109,36,28,108,0,1,7,-28.329141,153.402951,72,2,1,1,3,0,0,0,3,0,0,60,1,1391,1391,1,5,5,2,0,0,0,1
1238797,1,2020,2020,1,5,4,51,27,44,63,0,1,9,-34.556424,150.84666,62,0,2,1,3,0,0,0,2,2,7,70,2,5929,5929,1,0,5,2,0,0,0,1
1238802,4,2020,2020,1,6,5,8,1,2,34609,0,1,9,-33.801194,151.075767,61,0,2,1,3,0,0,0,2,0,7,50,0,5929,5929,1,10,5,2,0,1,0,0
1238806,4,2020,2020,8,4,6,6,10,133,34609,0,1,1,-34.50351,150.800781,80,0,2,1,1,0,0,0,2,0,7,50,0,2040,2040,9,5,28,2,0,1,1,0
1238808,1,2020,2020,5,0,7,220,27,46,222,0,1,9,-33.786505,150.972983,54,0,2,1,3,0,0,0,2,2,7,80,2,14295,14295,3,9,5,2,0,0,0,1
1238809,1,2020,2020,1,0,3,93,1,154,220,0,1,1,-33.718994,150.942915,71,0,2,1,3,0,0,0,1,0,7,70,2,3775,3775,0,10,0,2,0,0,0,1
1238810,1,2020,2020,6,5,6,126,1,226,144,0,1,9,-33.773808,150.815627,7,0,2,1,3,0,0,0,2,2,7,60,2,1669,1669,3,5,36,2,0,0,0,1
1238811,2,2020,2020,1,5,4,97,31,363,92,0,1,9,-33.821534,150.99565,54,0,2,1,3,0,0,0,2,0,7,60,1,3775,3775,0,5,5,2,0,0,1,0
1238817,1,2020,2020,1,1,9,2126,17,149,2149,0,1,10,-33.814572,150.96463,21,0,2,1,3,0,3,0,2,2,7,70,2,5929,5929,1,30,5,2,0,0,0,1
1238821,1,2020,2020,1,3,9,2261,17,140,2252,0,1,2,-33.900667,150.998118,15,0,2,1,3,0,0,0,0,0,7,70,2,14295,14295,3,5,0,3,0,0,0,1
1238822,1,2020,2020,1,3,6,23,10,87,23,0,1,1,-33.915463,150.954089,41,0,2,1,3,0,3,4,2,0,7,60,1,1945,1945,5,5,40,1,0,0,0,1
1238823,1,2020,2020,7,6,9,296,27,290,293,0,1,10,-33.855762,150.995112,21,0,2,0,3,0,0,0,3,2,8,70,2,1669,1669,3,30,5,2,0,0,0,1
1238824,1,2020,2020,1,0,8,134,10,69,133,0,1,2,-33.824292,151.021259,54,0,2,1,3,0,0,0,2,0,7,70,2,14295,14295,3,5,5,2,0,0,0,1
1238825,1,2020,2020,5,6,7,1,1,161,34609,0,1,1,-33.883545,151.163719,32,0,2,1,3,0,0,0,2,0,7,50,0,14295,14295,3,5,5,2,0,0,0,1
1238826,2,2020,2020,1,3,9,2,27,2,34609,0,1,1,-30.268389,152.779874,6,1,0,1,3,2,0,0,0,0,7,100,0,945,945,5,0,40,1,0,0,1,0
1238827,1,2020,2020,5,2,10,50,27,304,140,0,1,9,-33.90304,151.168964,32,0,2,1,3,0,3,4,0,0,7,60,1,1945,1945,5,16,40,1,0,0,0,1
1238833,1,2020,2020,1,0,9,829,27,125,770,1,0,2,-33.831857,151.126827,61,0,2,1,3,0,3,4,2,0,7,60,2,14295,14295,3,0,5,2,0,0,0,1
1238838,2,2020,2020,6,0,10,74,23,100,260,0,1,9,-33.964514,151.154802,4,0,2,1,2,0,3,4,0,0,6,60,2,395,395,1,5,19,2,0,0,1,0
1238839,4,2020,2020,6,4,6,6,27,1,34609,0,1,1,-35.27308,147.512578,75,1,0,1,0,0,0,0,2,0,7,100,0,4026,4026,8,0,40,1,0,1,0,0
1238840,2,2020,2020,8,0,5,13,27,43,42,0,1,1,-33.581251,150.825029,29,2,2,0,0,0,0,0,2,0,7,80,1,4552,5151,8,10,40,1,0,0,1,0
1238842,2,2020,2020,8,1,7,109,27,71,106,0,1,9,-33.832863,150.972043,21,0,2,1,0,0,3,4,2,0,15,60,1,14295,14295,3,5,25,2,0,0,1,0
1238847,2,2020,2020,6,4,8,20,23,252,16,0,1,1,-33.928913,150.887887,41,0,2,1,3,0,0,0,2,0,7,60,1,5929,5929,1,10,5,2,0,0,1,0
1238850,2,2020,2020,8,4,11,280,10,162,82,0,1,9,-33.849754,150.905884,24,0,2,1,3,0,0,0,0,2,9,60,1,2852,2852,4,5,5,2,0,0,1,0
1238851,4,2020,2020,1,3,10,265,17,74,193,0,1,1,-34.605195,148.077338,20,1,0,0,3,0,0,0,0,0,7,100,2,418,714,5,5,40,1,0,1,0,0
1238852,1,2020,2020,5,0,4,515,14,38,518,0,1,3,-33.943634,151.066156,15,0,2,1,3,0,0,0,2,0,7,100,2,1391,1391,1,8,5,2,0,0,0,1
1238854,4,2020,2020,6,4,6,485,27,67,769,0,1,2,-33.669835,150.902587,71,0,2,0,1,0,0,0,2,0,7,80,2,2585,4009,8,16,40,1,0,1,0,0
1238857,4,2020,2020,5,2,9,16,7,323,34609,0,1,1,-33.75692,151.003317,71,0,2,1,3,0,0,0,3,0,7,50,0,9859,9859,8,5,40,1,0,1,0,0
1238862,1,2020,2020,5,1,8,8,31,363,34609,0,1,7,-33.805661,151.00474,54,0,2,1,3,0,0,0,2,0,0,50,0,9859,9859,8,16,40,1,0,0,0,1
1238865,2,2020,2020,1,0,4,118,27,646,118,1,2,1,-33.92092,151.031384,15,0,2,1,3,0,3,4,2,0,7,40,1,14295,14295,3,0,5,3,0,0,2,0
1238866,1,2020,2020,1,6,7,9,27,370,53,0,1,2,-34.072464,150.804943,13,0,2,1,3,0,0,0,2,0,7,60,2,5929,5929,1,30,5,2,0,0,0,1
1238869,2,2020,2020,8,4,4,5,31,78,34609,0,1,1,-34.472866,150.842893,80,0,2,1,1,0,0,0,2,0,7,50,0,1945,1945,5,22,40,2,0,0,1,0
1238871,2,2020,2020,5,2,11,2209,17,17,2205,0,1,1,-35.546742,150.287808,63,1,0,0,0,0,3,4,0,0,7,100,2,4552,5151,8,5,40,1,0,0,1,0
1238872,2,2020,2020,5,3,6,150,27,173,415,0,1,9,-33.781049,151.132806,61,0,2,1,3,0,3,4,2,2,7,70,2,395,395,1,5,5,2,0,0,1,0
1238873,2,2020,2020,7,1,2,916,17,104,917,0,1,2,-32.818959,151.680509,48,0,2,1,0,0,0,0,1,0,7,80,2,1109,397,1,5,0,2,0,0,1,0
1238876,2,2020,2020,1,2,10,6,31,225,34609,0,1,1,-33.793551,151.182127,77,0,2,1,2,0,3,4,0,0,7,40,0,1945,1945,5,15,40,1,0,0,1,0
1238879,2,2020,2020,1,6,8,11,31,215,82,0,1,2,-35.117287,147.356245,75,2,1,1,0,0,0,0,2,0,7,50,1,941,941,1,34,13,2,0,0,1,1
1238881,2,2020,2020,6,2,10,125,31,160,34609,0,1,1,-33.107252,151.482661,37,0,2,1,2,0,0,0,0,0,7,50,0,9859,9859,1,5,5,2,0,0,1,0
1238882,1,2020,2020,5,6,9,47,18,290,34609,0,1,10,-33.854679,150.987015,21,0,2,1,3,0,0,0,2,0,7,50,0,256,256,4,5,13,2,0,0,0,1
1238884,2,2020,2020,1,6,10,3,27,20,34609,0,1,1,-29.229031,152.238103,51,1,0,0,3,2,0,0,0,0,7,100,0,273,957,5,10,40,1,0,0,1,0
1238885,2,2020,2020,5,0,3,213,17,113,213,0,1,9,-29.478007,149.901497,51,1,0,1,0,0,0,0,1,0,0,100,2,5929,5929,1,10,13,2,0,0,3,0
1238886,1,2020,2020,5,4,5,23,31,37,38,0,1,7,-33.905159,151.257377,76,0,2,0,0,0,0,3,2,0,0,50,1,83,83,1,22,5,2,0,0,0,1
1238887,2,2020,2020,5,6,10,50,31,161,34609,0,1,1,-33.879219,151.154803,32,0,2,1,2,0,3,4,0,0,7,50,0,1945,1945,5,16,40,1,0,0,1,1
1238890,2,2020,2020,1,5,5,4,27,27,23,0,1,1,-31.485387,143.510553,51,1,0,0,0,2,3,3,2,0,7,100,1,1850,1463,5,16,40,1,0,0,1,0
1238894,4,2020,2020,1,0,2,29,31,66,59,0,1,1,-34.473113,150.887638,80,0,2,0,2,0,0,3,0,0,7,60,2,3775,3775,0,5,35,2,0,1,0,0
1238897,1,2020,2020,1,6,5,2,23,120,34609,0,1,2,-32.200239,152.520649,43,2,1,0,1,0,0,0,2,0,9,50,0,591,591,1,22,36,2,0,0,0,1
1238899,2,2020,2020,5,1,7,23,1,64,13,0,1,10,-33.705152,150.757481,55,0,2,1,0,0,0,0,2,0,15,70,1,323,323,1,16,10,2,0,0,1,0
1238900,4,2020,2020,0,2,5,27,17,23,34609,0,1,1,-33.321799,151.400342,16,2,2,0,1,0,0,0,2,0,7,60,0,3775,3775,0,5,36,2,0,1,1,0
1238901,4,2020,2020,1,2,7,225,17,50,180,0,1,1,-34.565153,150.662337,62,0,2,0,0,0,0,0,2,0,7,60,2,323,323,1,16,25,2,0,1,0,0
1238907,2,2020,2020,6,2,6,50,27,125,7,0,1,10,-33.863457,151.083917,67,0,2,0,0,0,0,0,2,0,15,50,1,6545,6545,4,5,36,2,0,0,1,0
1238910,4,2020,2020,5,2,7,165,31,166,34609,0,1,7,-33.419863,149.574308,3,2,1,1,1,0,3,4,2,0,7,50,0,1945,1945,5,22,40,1,0,1,0,0
1238911,2,2020,2020,1,2,4,43,27,56,87,0,1,2,-34.461895,150.872263,80,0,2,1,0,0,3,4,2,0,7,80,2,14295,14295,3,10,13,2,0,0,1,0
1238914,1,2020,2020,6,0,4,251,27,62,212,0,1,10,-33.754601,151.260852,50,0,2,1,0,0,0,0,2,2,7,70,2,926,926,4,5,5,2,0,0,0,2
1238918,4,2020,2020,5,1,2,39,36,18,79,0,1,1,-33.788265,151.205379,77,0,2,0,0,0,0,0,1,0,7,60,2,3775,3775,0,10,41,3,0,1,0,1
1238927,2,2020,2020,5,6,4,361,23,204,35,0,1,9,-33.893792,150.938775,24,0,2,1,1,0,0,0,2,2,7,40,1,4026,4026,8,9,40,1,0,0,1,0
1238942,2,2020,2020,1,0,3,14,1,198,32,0,1,1,-33.909601,151.097333,15,0,2,1,2,0,0,0,1,0,7,50,1,9859,9859,1,5,5,3,0,0,1,0
1238943,2,2020,2020,5,0,6,33,18,71,34609,0,1,0,-33.970451,151.080675,25,0,2,1,1,0,0,0,2,0,7,40,0,1259,5151,1,30,13,4,0,0,1,0
1238945,1,2020,2020,5,1,7,2126,17,609,2149,0,1,2,-33.798791,150.898724,7,0,2,1,2,0,3,4,2,0,7,80,2,14295,14295,3,5,5,2,0,0,0,1
1238947,2,2020,2020,5,6,6,49,22,41,96,0,1,1,-32.962135,151.620373,37,0,2,1,1,0,0,0,2,0,9,60,2,14295,14295,3,9,13,3,0,0,2,0
1238949,4,2020,2020,5,6,6,19,31,121,49,0,1,10,-33.79566,151.285843,50,0,2,1,1,0,0,0,2,0,15,30,1,2040,2040,9,5,28,2,0,1,0,0
1238951,2,2020,2020,1,0,11,51,10,104,34609,1,0,1,-33.794835,150.775378,55,0,2,1,0,0,3,4,0,0,7,50,0,78,78,8,5,40,1,0,0,1,0
1238952,4,2020,2020,1,2,2,113,27,104,111,0,1,1,-33.790243,150.770058,55,0,2,1,2,0,0,0,1,0,7,80,2,9859,9859,8,0,40,1,0,1,0,0
1238958,2,2020,2020,1,0,7,293,27,201,34609,0,1,7,-33.998116,150.865631,13,0,2,1,0,0,0,3,2,0,9,40,0,4026,4026,8,0,40,1,0,0,1,0
1238959,1,2020,2019,11,2,0,12,31,87,72,0,1,9,-28.809842,153.280714,39,2,1,1,2,0,0,0,0,0,7,60,2,1220,1220,9,10,28,2,0,0,0,1
1238960,2,2020,2020,1,4,8,9,27,29,23,0,1,1,-32.477463,142.423852,51,1,0,1,0,2,0,0,2,0,7,100,1,1945,1945,5,16,40,1,0,0,1,0
1238961,2,2020,2020,5,0,2,128,27,61,133,0,1,1,-33.85678,150.646294,55,0,2,0,0,0,0,1,0,0,7,80,2,1957,4009,8,10,40,1,0,0,1,0
1238963,2,2020,2020,5,5,9,15,27,103,34609,0,1,1,-28.81761,153.318336,39,2,1,1,2,0,0,0,0,0,7,50,0,9859,9859,1,0,5,2,0,0,1,0
1238966,1,2020,2020,6,1,4,43,27,17,46,0,1,1,-28.258758,153.560364,72,2,1,0,0,0,3,0,2,0,7,80,1,380,714,5,16,40,1,0,0,0,1
1238970,4,2020,2020,5,2,10,1,2,33,34609,0,1,1,-34.065543,150.729262,12,0,2,0,2,0,0,0,0,0,7,50,0,4552,5151,1,5,5,3,0,1,0,0
1238972,2,2020,2020,8,3,9,14,27,78,34609,0,1,1,-28.330013,153.386483,72,2,1,0,1,0,3,3,0,0,7,50,0,4552,5151,8,10,40,1,0,0,1,0
1238975,4,2020,2020,1,1,8,293,31,112,769,0,1,10,-33.60685,150.822272,29,2,2,1,2,0,3,3,0,2,9,60,2,2040,2040,9,19,28,2,0,1,0,0
1238976,1,2020,2020,5,0,5,2,27,2,34609,0,1,1,-36.191968,148.772086,65,1,0,0,0,0,0,0,2,0,7,100,0,1259,5151,8,10,40,1,0,0,0,1
1238981,2,2020,2020,5,6,6,63,31,92,34609,0,1,1,-33.869496,150.970141,24,0,2,1,1,0,0,0,2,0,7,50,0,3775,3775,0,5,13,2,0,0,2,0
1238983,1,2020,2020,5,1,8,13,27,438,563,0,1,10,-33.851341,151.037064,21,0,2,1,0,0,0,0,3,3,7,70,2,1220,1220,9,5,26,2,0,0,0,1
1238988,2,2020,2020,1,4,7,829,27,149,770,0,1,9,-33.86603,151.173009,32,0,2,0,1,0,0,0,2,1,8,60,2,2852,2852,4,5,0,2,0,0,1,0
1238989,2,2020,2020,5,1,9,10,1,73,34609,0,1,10,-33.833456,151.084469,14,0,2,1,2,0,0,0,0,0,0,50,0,2852,2852,4,0,5,2,0,0,1,0
1238990,2,2020,2020,1,1,11,3371,17,54,3342,0,1,9,-33.089603,151.638246,37,0,2,1,2,0,3,4,0,2,7,60,2,5929,5929,1,30,13,2,0,0,1,0