Crash ID,Degree of crash - detailed,Reporting year,Year of crash,Month of crash,Day of week of crash,Two-hour intervals,Street of crash,Street type,Town,Route no.,School zone location,School zone active,Type of location,Latitude,Longitude,LGA,Urbanisation,Conurbation 1,Alignment,Street lighting,Road surface,Surface condition,Weather,Natural lighting,Signals operation,Other traffic control,Speed limit,Road classification,RUM - code,DCA - code,First impact type,Key TU type,Other TU type,No. of traffic units involved,No. killed,No. seriously injured,No. moderately injured,No. minor-other injured
1238994,4,2020,2020,5,4,8,48,31,139,605,1,0,10,-33.82892,151.208956,49,0,2,1,1,0,0,0,2,2,7,60,2,6545,6545,4,22,0,2,0,1,0,0
1239000,2,2020,2020,1,1,7,33,31,57,62,0,1,1,-32.817096,151.483591,17,2,1,1,1,0,0,0,2,0,7,60,2,14295,14295,3,5,5,2,0,0,2,0
1239001,4,2020,2020,5,4,5,1,27,8,34609,0,1,1,-32.856618,151.802624,57,2,1,1,1,0,0,0,2,0,7,60,0,4026,4026,8,8,40,1,0,1,0,0
1239002,2,2020,2020,6,6,7,27,36,5,27,0,1,1,-31.124927,149.906155,51,1,0,1,0,0,0,0,2,0,7,100,1,14295,14295,3,5,5,2,0,0,1,0
1239005,2,2020,2020,1,0,10,234,27,24,228,0,1,1,-33.419874,150.971883,71,0,2,0,0,0,3,4,0,0,7,80,2,782,957,5,16,40,1,0,0,1,0
1239011,1,2020,2020,1,5,8,3371,17,173,3342,0,1,10,-33.71601,151.108738,31,0,2,0,3,0,0,0,3,2,7,60,2,5929,5929,1,5,5,2,0,0,0,1
1239012,4,2020,2020,8,2,11,26,27,92,25,0,1,1,-33.97373,150.82875,13,0,2,0,0,0,0,0,0,0,7,70,1,1957,4009,8,10,40,1,0,1,0,0
1239015,4,2020,2020,1,2,6,1,27,2,34609,0,1,1,-35.547249,150.380647,63,2,1,1,0,0,0,0,2,0,7,60,0,4026,4026,8,30,40,1,0,1,0,0
1239016,4,2020,2020,5,6,5,15,27,14,34609,0,1,9,-30.13582,153.01946,19,2,1,0,0,0,0,0,2,0,7,50,0,1850,777,5,16,40,1,0,1,0,0
1239017,1,2020,2020,5,5,0,40,27,94,40,0,1,7,-33.882393,150.915161,24,0,2,1,2,0,3,0,0,0,0,60,1,945,945,5,5,40,1,0,0,0,1
1239021,4,2020,2020,1,1,2,5,27,85,34609,1,0,1,-33.907768,150.875703,41,0,2,1,2,0,0,0,1,2,9,50,0,1220,1220,9,10,28,2,0,1,0,0
1239022,2,2020,2020,6,0,11,2261,17,523,2252,0,1,2,-33.920811,150.919246,41,0,2,1,3,0,0,0,0,0,7,60,2,1383,1383,1,5,5,2,0,0,1,0
1239024,2,2020,2020,5,0,7,3,31,117,34609,0,1,1,-28.177855,153.542008,72,2,1,0,1,0,3,3,2,0,7,50,0,3775,3775,0,5,5,2,0,0,1,0
1239025,4,2020,2020,8,3,4,2209,17,59,2205,0,1,1,-34.321719,150.89464,80,0,2,0,1,0,0,0,2,0,7,60,2,4552,5151,8,16,40,1,0,1,0,0
1239026,2,2020,2020,8,6,7,36,1,126,34609,0,1,1,-33.918091,150.809846,41,0,2,1,1,0,0,0,2,0,7,60,0,4026,4026,8,0,40,1,0,0,1,0
1239027,2,2020,2020,6,0,7,40,27,73,34609,1,0,1,-35.136669,147.37601,75,2,1,1,1,0,0,0,2,0,7,60,0,2040,2040,9,30,28,2,0,0,2,0
1239028,4,2020,2020,5,2,8,916,17,9,917,0,1,1,-31.82805,150.925771,73,1,0,0,0,0,3,4,0,0,7,100,2,4552,5151,8,10,40,1,0,1,0,0
1239029,4,2020,2020,5,1,6,2209,17,201,2205,0,1,9,-34.882936,150.603868,63,2,1,1,1,0,0,0,2,0,6,70,2,14295,14295,3,30,5,4,0,1,1,0
1239031,4,2020,2020,6,3,0,35,27,155,231,0,1,1,-33.497514,151.329271,16,2,2,1,2,0,3,0,0,0,7,60,2,4026,4026,1,5,5,2,0,1,0,0
1239035,4,2020,2020,6,4,7,1,27,2,34609,0,1,1,-30.826061,150.367142,51,1,0,1,0,2,0,0,2,0,7,100,0,4026,4026,8,5,40,1,0,1,0,0
1239038,2,2020,2020,5,0,8,17,27,24,34609,0,1,9,-34.014874,150.709383,12,0,2,1,0,0,0,0,2,0,15,80,0,1945,1945,5,16,40,1,0,0,1,0
1239041,1,2020,2020,5,2,4,128,27,61,133,0,1,9,-33.83466,150.652551,55,0,2,1,3,0,3,0,2,0,7,60,2,1391,1391,1,10,5,2,0,0,0,1
1239048,4,2020,2020,6,1,6,265,10,445,563,0,1,10,-33.865002,151.041814,21,0,2,0,1,0,3,0,2,2,7,70,2,1383,1383,1,0,19,2,0,1,0,0
1239052,4,2020,2020,1,4,4,39,31,70,34609,0,1,10,-33.248853,151.509646,16,2,2,0,3,0,0,0,2,0,7,50,0,6545,6545,4,5,5,2,0,1,0,0
1239054,2,2020,2020,6,2,10,13,27,19,143,0,1,10,-33.440112,149.578586,3,2,1,1,3,0,3,4,0,0,7,60,2,9859,9859,8,34,40,1,0,0,1,0
1239055,2,2020,2020,1,6,4,103,27,94,563,0,1,9,-33.828205,151.050419,54,0,2,1,3,0,0,0,2,0,0,70,2,1391,1391,1,5,13,2,0,0,1,0
1239057,1,2020,2020,1,6,7,2126,17,73,2149,0,1,2,-33.88793,151.16814,32,0,2,1,3,0,0,0,2,0,7,60,2,14295,14295,3,9,5,3,0,0,0,1
1239058,4,2020,2020,5,6,11,6,27,85,34609,0,1,1,-32.930978,151.730578,48,0,2,1,1,0,0,0,0,0,7,50,0,4026,4026,1,5,40,4,0,1,0,0
1239060,2,2020,2020,5,0,9,127,31,26,34609,0,1,10,-33.281252,151.566324,16,2,2,1,2,0,0,0,3,0,0,50,0,1850,985,5,16,40,1,0,0,1,0
1239063,2,2020,2020,1,2,5,34,27,17,34609,0,1,1,-33.795925,151.166471,77,0,2,0,3,0,0,0,2,0,7,50,0,1981,1981,4,0,12,2,0,0,1,0
1239066,2,2020,2020,6,3,6,1,31,8,34609,0,1,1,-35.086339,150.645045,63,2,1,1,0,0,0,0,2,0,7,50,0,1981,1981,4,5,5,2,0,0,1,0
1239067,1,2020,2020,5,5,7,10,27,96,160,0,1,7,-34.053552,150.830014,13,0,2,1,3,0,0,0,2,0,0,60,2,1391,1391,1,5,5,2,0,0,0,1
1239071,1,2020,2020,1,1,8,55,27,74,70,0,1,7,-33.724476,151.038374,31,0,2,1,3,0,0,0,2,0,0,60,2,14295,14295,3,10,5,2,0,0,0,1
1239074,2,2020,2020,1,6,7,344,27,363,369,0,1,9,-33.744157,150.715026,55,0,2,1,3,0,0,0,2,0,0,70,2,623,623,3,10,5,2,0,0,1,2
1239076,2,2020,2020,1,1,4,2209,17,35,2205,0,1,1,-35.508466,150.325964,63,1,0,0,3,0,0,0,2,0,7,100,2,14295,14295,3,5,0,2,0,0,1,0
1239077,1,2020,2020,5,0,8,2126,17,44,2149,0,1,2,-33.764372,150.618793,8,2,2,1,0,0,0,0,0,0,7,80,2,404,404,8,22,40,1,0,0,0,1
1239079,4,2020,2020,5,3,9,222,27,54,40,0,1,1,-33.641973,150.88382,71,0,2,0,0,0,3,4,0,0,7,80,1,4552,5151,8,5,40,1,0,1,0,0
1239080,1,2020,2020,5,5,5,2261,17,443,2252,0,1,9,-33.890427,151.058869,67,0,2,1,3,0,0,0,2,2,9,70,2,14295,14295,3,30,36,2,0,0,0,1
1239081,4,2020,2020,1,0,7,31,27,79,33,1,2,9,-33.581627,150.717117,29,2,2,1,3,0,3,4,2,0,15,40,1,926,926,4,0,13,2,0,1,0,0
1239082,1,2020,2020,5,4,7,2,27,202,34609,0,1,1,-33.950482,151.031146,15,0,2,1,3,0,0,0,2,0,7,40,0,14295,14295,3,5,5,2,0,0,0,1
1239083,1,2020,2020,1,5,10,16,27,194,34609,0,1,1,-30.485434,151.662083,1,2,1,0,3,0,0,0,0,0,7,80,0,782,957,5,5,40,1,0,0,0,3
1239085,4,2020,2020,5,4,0,2126,17,323,2149,0,1,10,-33.788972,150.854534,7,0,2,1,2,0,0,0,0,2,7,80,2,5929,5929,1,5,12,2,0,1,1,0
1239087,1,2020,2020,1,1,5,177,22,239,176,0,1,9,-34.040311,151.120697,68,0,2,1,3,0,0,0,2,0,7,60,2,941,941,1,5,13,2,0,0,0,1
1239091,2,2020,2020,5,5,9,14,31,61,49,0,1,2,-32.924112,151.73787,48,0,2,0,2,0,3,3,0,2,9,60,1,591,591,1,22,5,2,0,0,1,0
1239095,2,2020,2020,6,1,7,149,27,149,38,0,1,1,-33.825244,150.969406,21,0,2,1,0,0,0,0,2,0,7,60,2,14295,14295,3,10,5,3,0,0,1,0
1239096,4,2020,2020,5,1,1,1,31,120,34609,0,1,1,-33.744508,150.874986,7,0,2,1,2,0,3,4,0,0,7,50,0,121,121,9,33,28,3,0,1,0,0
1239099,4,2020,2020,6,3,5,31,27,17,41,1,0,1,-33.718996,151.1441,36,0,2,0,0,0,0,0,2,0,7,50,1,1089,1089,7,16,40,1,0,1,0,0
1239109,1,2020,2020,1,2,4,3,31,104,34609,0,1,9,-33.830942,151.023017,54,0,2,1,1,0,0,0,2,0,0,60,0,2852,2852,4,8,0,2,0,0,0,1
1239110,2,2020,2020,1,1,8,192,31,316,120,0,1,9,-33.919026,151.240784,59,0,2,1,1,0,0,0,2,0,7,50,2,926,926,4,5,5,2,0,0,1,0
1239112,2,2020,2020,5,3,11,143,31,290,28,0,1,9,-33.847977,150.990982,21,0,2,1,3,0,3,4,0,0,0,50,1,775,775,4,10,13,2,0,0,1,0
1239113,1,2020,2020,5,2,5,191,27,309,208,0,1,9,-33.813698,151.105975,61,0,2,1,3,0,0,0,2,2,9,60,2,14295,14295,3,5,5,2,0,0,0,2
1239115,2,2020,2020,1,0,7,387,27,290,331,0,1,9,-33.952825,151.121732,4,0,2,0,3,0,0,0,2,0,0,60,2,14295,14295,3,30,0,2,0,0,1,0
1239117,2,2020,2020,5,2,5,2209,17,201,2205,0,1,10,-34.887613,150.604566,63,2,1,1,1,0,0,0,2,2,7,70,2,14295,14295,3,16,0,2,0,0,1,0
1239119,1,2020,2020,5,1,8,153,27,197,147,0,1,9,-33.954014,151.080806,25,0,2,1,3,0,3,4,0,0,7,60,2,14295,14295,3,5,5,2,0,0,0,1
1239120,2,2020,2020,6,0,9,5,27,32,34609,0,1,1,-34.577024,150.795015,62,0,2,0,1,0,0,0,0,0,7,60,0,4552,5151,8,16,40,1,0,0,1,0
1239122,1,2020,2020,6,5,7,829,27,337,35,0,1,7,-33.732298,150.980124,71,0,2,0,3,0,0,0,2,0,7,50,1,6545,6545,4,0,0,2,0,0,0,1
1239125,2,2020,2020,1,6,6,3,10,129,34609,0,1,1,-33.93688,151.073836,15,0,2,1,3,0,0,0,2,0,7,50,0,14295,14295,3,5,5,2,0,0,1,0
1239129,1,2020,2020,1,4,3,25,31,460,55,0,1,9,-33.82477,150.986759,21,0,2,1,3,0,0,0,2,0,7,50,1,1391,1391,1,5,12,2,0,0,0,1
1239130,1,2020,2020,1,6,4,132,31,174,126,0,1,10,-33.892146,151.216944,69,0,2,1,3,0,0,0,2,2,7,60,2,14295,14295,3,0,13,2,0,0,0,1
1239131,1,2020,2020,5,0,7,48,10,59,58,0,1,2,-32.884221,151.724527,48,0,2,1,3,0,0,0,2,0,9,80,2,14295,14295,3,30,5,2,0,0,0,1
1239137,1,2020,2020,5,6,5,23,31,52,38,0,1,7,-33.905137,151.257433,76,0,2,1,3,0,0,0,2,0,0,50,1,14295,14295,3,0,18,2,0,0,0,1
1239138,1,2020,2020,5,1,8,2261,17,44,2252,0,1,2,-33.896391,150.954274,24,0,2,1,3,0,0,0,2,0,7,70,2,14295,14295,3,0,5,2,0,0,0,1
1239139,2,2020,2020,1,0,7,16,27,193,145,0,1,9,-33.795548,151.069605,61,0,2,1,3,0,0,3,2,0,0,60,2,5929,5929,1,0,5,2,0,0,1,0
1239141,1,2020,2020,1,1,6,829,27,159,770,0,1,10,-33.809207,151.092842,61,0,2,1,3,0,0,0,2,2,7,60,2,14295,14295,3,8,0,2,0,0,0,1
1239148,4,2020,2020,1,3,5,866,17,98,793,0,1,9,-33.740182,151.063994,31,0,2,1,1,0,0,0,2,2,7,70,2,5929,5929,1,0,0,2,0,2,1,0
1239149,4,2020,2020,5,6,4,30,27,57,52,0,1,9,-33.901029,151.171616,32,0,2,1,1,0,0,0,2,0,7,60,1,515,515,1,5,27,2,0,1,0,0
1239154,2,2020,2020,1,1,6,57,27,337,47,0,1,2,-33.731086,150.999126,71,0,2,1,1,0,0,0,2,0,7,60,2,1192,1192,1,5,5,2,0,0,1,0
1239157,1,2020,2020,1,6,4,16,27,13,34609,0,1,10,-33.872212,151.228639,69,0,2,0,1,0,0,0,2,0,9,40,0,1220,1220,9,10,28,2,0,0,0,1
1239159,2,2020,2020,5,1,6,118,17,35,118,0,1,1,-30.021218,148.113996,51,2,1,1,1,0,0,3,2,0,7,50,2,4026,4026,1,9,5,3,0,0,1,0
1239164,2,2020,2020,6,3,10,95,31,13,34609,0,1,10,-33.863623,151.140038,14,0,2,1,2,0,0,0,0,0,0,50,0,6545,6545,4,5,27,2,0,0,1,0
1239167,2,2020,2020,1,3,6,109,36,21,108,0,1,1,-28.272656,153.469449,72,2,1,0,1,0,0,0,2,0,7,80,1,1109,787,1,5,5,2,0,0,2,0
1239170,4,2020,2020,5,0,11,1,27,12,34609,0,1,1,-35.60246,145.869554,51,2,1,1,0,2,0,3,0,0,7,80,0,4026,4026,8,0,40,1,0,1,0,0
1239172,4,2020,2020,6,4,6,40,27,59,39,0,1,2,-33.155219,151.478968,37,0,2,1,0,0,0,0,2,0,7,80,1,9859,9859,8,5,40,1,0,1,0,0
1239173,2,2020,2020,5,2,8,191,17,562,189,0,1,9,-32.237227,148.633601,22,2,1,1,1,0,3,4,2,0,7,60,2,1669,1669,3,5,5,2,0,0,1,0
1239174,2,2020,2020,1,0,7,28,27,251,93,0,1,9,-33.767487,150.942716,7,0,2,1,3,2,3,4,2,0,7,60,1,3775,3775,0,5,0,2,0,0,1,1
1239176,1,2020,2020,1,5,6,103,27,41,256,0,1,10,-34.102166,150.802315,13,0,2,1,1,0,0,0,2,2,7,70,2,1669,1669,3,5,5,2,0,0,0,1
1239178,1,2020,2020,1,2,1,168,17,14,212,0,1,1,-35.277642,149.690631,58,1,0,0,0,0,3,4,0,0,7,100,2,273,957,5,5,40,1,0,0,0,1
1239179,2,2020,2020,1,5,4,5,27,5,34609,0,1,1,-35.411235,149.449679,58,1,0,1,3,2,3,0,2,0,7,100,0,1945,1945,5,10,40,1,0,0,1,0
1239180,2,2020,2020,1,2,7,5,27,138,30,0,1,1,-33.876311,151.260749,81,0,2,1,3,0,0,0,2,0,7,50,1,941,941,1,5,5,2,0,0,1,0
1239183,2,2020,2020,1,1,4,5,1,28,34609,0,1,7,-34.547684,150.836802,62,0,2,0,3,0,0,0,2,0,0,50,0,926,926,4,5,5,2,0,0,1,0
1239186,1,2020,2020,5,3,9,2261,17,204,2252,0,1,1,-33.8891,151.125273,32,0,2,1,3,0,3,4,2,0,7,60,2,1391,1391,1,5,5,2,0,0,0,1
1239188,2,2020,2020,1,5,5,27,27,294,27,0,1,10,-33.933804,150.953613,41,0,2,1,3,0,0,0,2,2,7,60,1,6545,6545,4,5,36,2,0,0,1,0
1239189,1,2020,2020,1,6,9,117,27,72,144,0,1,9,-33.847707,151.089499,14,0,2,1,3,0,0,0,0,2,7,60,2,14295,14295,3,5,0,2,0,0,0,1
1239191,4,2020,2020,6,4,8,76,27,15,148,0,1,1,-32.93878,151.761945,48,0,2,1,0,0,0,0,2,0,7,50,1,591,591,1,22,36,2,0,1,0,0
1239192,1,2020,2020,1,6,5,330,27,53,605,0,1,2,-33.744763,151.299655,50,0,2,1,3,0,0,0,2,0,7,60,2,14295,14295,3,5,0,2,0,0,0,1
1239193,4,2020,2020,6,4,2,125,27,55,123,0,1,2,-33.368592,151.472219,16,2,2,1,2,0,0,0,0,0,7,60,2,9859,9859,1,5,5,3,0,1,0,0
1239195,2,2020,2020,6,3,0,2209,17,19,2205,0,1,2,-34.788237,150.674043,63,1,0,1,0,0,0,0,0,0,7,100,2,9859,9859,8,0,40,1,0,0,1,1
1239200,1,2020,2020,1,1,8,11,31,72,44,1,0,10,-33.828804,151.225536,49,0,2,1,3,0,0,0,2,2,6,50,1,14295,14295,3,0,0,2,0,0,0,1
1239201,2,2020,2020,8,3,3,23,27,53,66,0,1,1,-31.866041,152.404372,43,1,0,0,0,0,0,0,2,0,7,90,1,1259,5151,8,5,40,1,0,0,1,0
1239202,2,2020,2020,6,1,8,8,27,11,34609,0,1,9,-34.51681,150.781582,80,0,2,1,1,0,0,3,2,0,15,50,0,2852,2852,4,9,5,2,0,0,1,2
1239203,4,2020,2020,6,0,10,916,17,5,917,0,1,1,-30.765749,151.35525,70,1,0,0,1,0,0,0,0,0,7,100,2,2585,4009,8,5,40,1,0,1,0,0
1239205,4,2020,2020,6,3,6,12,27,41,24,0,1,1,-32.832332,151.725125,57,2,1,1,0,0,0,0,2,0,7,80,2,3775,3775,0,5,0,2,0,2,0,0
1239207,2,2020,2020,6,5,7,68,31,73,331,0,1,9,-34.171086,150.610339,79,2,2,0,1,0,0,0,2,0,7,50,1,3775,3775,0,21,0,2,0,0,1,0
1239208,2,2020,2020,5,6,3,15,31,41,34609,0,1,10,-31.089757,150.91481,70,2,1,1,3,0,0,0,2,0,0,50,0,6545,6545,4,5,5,2,0,0,1,1
1239211,2,2020,2020,5,1,7,12,27,87,34609,0,1,1,-34.480631,150.445198,78,2,1,1,3,0,3,4,2,0,7,80,0,4026,4026,8,5,40,1,0,0,1,0
1239213,2,2020,2020,8,2,11,77,31,39,16,0,1,2,-33.774375,150.751927,55,0,2,1,2,0,0,0,0,0,7,80,2,14295,14295,3,5,5,2,0,0,2,0
1239214,4,2020,2020,1,6,6,2261,17,284,2252,0,1,2,-33.904961,151.010437,15,0,2,1,3,0,0,0,2,0,7,70,2,1282,1282,1,5,5,2,0,1,0,0
1239217,2,2020,2020,6,1,8,2126,17,27,2149,0,1,2,-33.708192,150.34591,8,2,2,0,0,0,0,0,0,0,7,80,2,1850,1463,5,16,40,1,0,0,1,0
1239220,2,2020,2020,6,6,9,178,27,189,101,0,1,10,-33.953121,151.051788,25,0,2,1,2,0,3,3,0,2,9,50,1,2040,2040,9,5,28,2,0,0,1,0
1239222,1,2020,2020,1,6,7,133,31,161,51,0,1,10,-33.884218,151.150012,32,0,2,1,3,0,0,0,2,2,7,50,1,217,217,1,5,5,2,0,0,0,1
1239227,4,2020,2020,6,0,4,2126,17,75,2149,0,1,9,-33.708581,150.35089,8,2,2,1,1,0,0,0,2,0,15,80,2,2852,2852,4,5,5,2,0,1,1,0
1239229,2,2020,2020,1,3,5,5,31,198,34609,0,1,1,-33.910551,151.099082,15,0,2,1,3,0,0,0,2,0,7,50,0,9859,9859,1,5,5,2,0,0,1,0
1239231,1,2020,2020,1,4,4,2209,17,133,2205,0,1,9,-34.505397,150.786952,80,0,2,1,3,0,0,3,2,0,0,60,2,6545,6545,4,10,5,2,0,0,0,1
1239234,2,2020,2020,1,2,11,13,27,210,34609,0,1,1,-34.042537,151.100494,68,0,2,1,3,0,3,4,0,0,7,50,0,9859,9859,1,5,5,2,0,0,1,0
1239236,2,2020,2020,1,1,7,866,17,187,793,0,1,10,-33.795458,150.989598,54,0,2,1,3,0,3,4,2,2,7,70,2,14295,14295,3,5,13,3,0,0,1,0
1239237,1,2020,2020,5,4,4,21,31,60,34609,0,1,7,-34.034147,150.739064,12,0,2,0,3,0,0,0,2,0,7,50,0,301,301,4,5,13,2,0,0,0,1
1239240,2,2020,2020,5,6,8,3371,17,28,3342,0,1,9,-31.822822,152.624361,43,1,0,1,0,0,0,0,2,0,0,100,2,2852,2852,4,10,13,2,0,0,1,0
1239245,4,2020,2020,0,0,8,500,27,293,799,0,1,1,-33.932633,151.041222,15,0,2,1,1,0,0,0,2,0,7,60,2,5929,5929,1,10,36,2,0,1,0,0
1239247,1,2020,2020,5,4,9,330,1,144,34609,0,1,7,-34.062323,151.015756,68,0,2,1,3,0,0,0,4,0,0,50,0,6545,6545,4,30,0,2,0,0,0,1
1239251,4,2020,2020,1,3,11,500,27,198,799,0,1,1,-33.91863,151.103431,15,0,2,1,2,0,3,4,0,0,7,60,2,9859,9859,8,5,40,1,0,1,0,0
1239252,2,2020,2020,1,2,9,46,31,309,34609,1,0,1,-33.811154,151.107757,61,0,2,1,2,0,0,0,0,0,7,50,0,1109,397,1,5,18,2,0,0,1,0
1239256,2,2020,2020,1,2,7,829,31,228,34609,0,1,1,-34.743872,149.722873,26,2,1,1,2,0,0,0,2,0,7,50,0,14295,14295,3,0,0,2,0,0,2,0
1239264,2,2020,2020,8,2,1,22,27,4,34609,0,1,1,-34.843388,150.566591,63,2,1,1,0,0,0,0,0,0,7,80,0,9859,9859,8,5,40,1,0,0,1,0
1239265,2,2020,2020,1,3,5,22,27,94,20,0,1,1,-33.785327,150.805573,55,0,2,0,1,0,0,3,2,0,7,60,1,4552,5151,8,5,40,1,0,0,1,0
1239266,1,2020,2020,5,4,9,829,27,149,770,0,1,10,-33.863814,151.170152,32,0,2,1,2,0,0,0,0,2,7,60,2,14295,14295,3,5,5,2,0,0,0,1
1239271,4,2020,2020,6,1,7,28,27,38,28,0,1,7,-32.741335,151.867546,57,2,1,0,0,0,0,0,2,0,0,50,1,1850,1463,5,16,40,1,0,1,0,0
1239273,4,2020,2020,5,5,7,1,27,14,34609,0,1,1,-28.809476,152.535471,51,1,0,0,0,2,0,0,2,0,7,100,0,4552,5151,8,5,40,1,0,1,1,0
1239274,2,2020,2020,6,5,4,15,27,5,34609,0,1,1,-33.190401,149.162799,11,1,0,1,0,0,0,0,2,0,7,100,0,945,945,5,0,40,1,0,0,1,0
1239275,2,2020,2020,6,2,6,103,27,29,256,0,1,1,-34.185661,150.790734,79,2,2,1,1,0,0,0,2,0,7,50,2,14295,14295,3,5,19,2,0,0,2,0
1239277,4,2020,2020,1,1,7,7,27,5,34609,0,1,1,-28.728412,153.366103,39,1,0,1,0,0,0,0,2,0,7,100,0,4026,4026,8,0,40,1,0,1,0,0
1239279,4,2020,2020,5,6,8,23,31,79,34609,0,1,9,-34.000668,150.728638,12,0,2,1,1,0,0,0,2,0,7,50,0,2040,2040,9,0,28,2,0,1,1,0
1239286,1,2020,2020,1,5,7,829,27,165,770,0,1,1,-33.851173,151.15472,14,0,2,1,0,0,0,0,2,0,7,60,2,14295,14295,3,5,5,2,0,0,0,1
1239287,2,2020,2020,5,6,10,1,31,47,34609,0,1,9,-33.775255,151.287482,50,0,2,1,1,0,0,0,0,0,7,50,0,9859,9859,8,5,40,1,0,0,1,0
1239288,1,2020,2020,1,5,8,36,27,363,34609,0,1,10,-33.753315,150.690519,55,0,2,1,1,0,0,0,2,2,9,50,0,2040,2040,9,10,28,2,0,0,0,1
1239289,2,2020,2020,6,5,11,485,27,323,769,0,1,9,-33.745562,150.981746,71,0,2,1,2,0,0,0,0,2,7,60,2,5929,5929,1,30,5,2,0,0,1,0
1239290,1,2020,2020,1,4,6,3,27,56,34609,1,0,9,-33.853463,151.177318,32,0,2,1,1,0,0,0,2,0,0,40,0,14295,14295,3,33,13,2,0,0,0,1
1239291,4,2020,2020,6,1,7,81,17,83,100,0,1,9,-34.440368,150.469884,78,2,1,1,0,0,0,0,2,2,7,80,2,14295,14295,3,16,13,2,0,1,0,0
1239293,2,2020,2020,5,1,7,45,27,110,45,0,1,9,-33.739814,151.037466,31,0,2,1,1,0,0,0,2,0,7,60,2,14295,14295,3,34,5,3,0,0,1,0
1239296,2,2020,2020,1,5,8,45,31,43,81,0,1,9,-32.179185,152.500491,43,2,1,0,0,0,0,0,3,0,0,50,2,150,150,4,16,40,2,0,0,1,0
1239297,2,2020,2020,1,0,5,6,27,41,34609,0,1,1,-34.042867,150.694816,12,0,2,0,0,0,3,4,2,0,7,70,0,3775,3775,0,9,5,2,0,0,1,1
1239298,1,2020,2020,1,1,7,13,27,25,13,0,1,9,-33.86901,151.222103,69,0,2,0,1,0,0,0,2,0,15,50,1,2040,2040,9,9,28,2,0,0,0,1
1239299,1,2020,2020,1,4,7,829,27,130,770,0,1,2,-33.869359,151.186259,69,0,2,1,1,0,0,0,2,0,7,60,2,14295,14295,3,5,19,3,0,0,0,1
1239301,2,2020,2020,1,2,0,63,27,187,17,0,1,1,-33.893046,150.99152,15,0,2,1,2,0,0,0,0,0,7,60,1,4026,4026,1,5,10,2,0,0,1,0
1239302,1,2020,2020,5,3,6,26,27,149,34609,0,1,1,-33.357624,151.348064,16,2,2,0,0,0,0,0,2,0,7,60,0,14295,14295,3,0,27,2,0,0,0,1
1239304,2,2020,2020,1,2,4,54,31,91,28,0,1,1,-33.958598,151.082464,25,0,2,1,1,0,0,0,2,0,7,50,1,387,387,1,22,5,2,0,0,1,0
1239306,2,2020,2020,1,4,7,24,36,89,34609,0,1,9,-28.21347,153.551351,72,2,1,1,0,0,0,0,2,0,7,50,0,6545,6545,4,22,0,2,0,0,1,0
1239308,1,2020,2020,1,5,8,22,27,26,34609,1,0,1,-34.859927,150.589076,63,2,1,1,2,0,0,0,3,0,7,60,0,14295,14295,3,5,5,2,0,0,0,1
1239309,4,2020,2020,5,3,5,110,27,113,48,0,1,2,-34.351924,150.86614,80,0,2,0,0,0,3,4,2,0,7,100,2,14295,14295,3,5,2,2,0,1,0,0
1239310,4,2020,2020,1,4,7,7,1,226,34609,0,1,9,-33.758928,150.826543,7,0,2,1,0,0,0,0,2,0,7,50,0,1220,1220,9,5,28,2,0,1,0,0
1239315,1,2020,2020,8,1,3,13,27,9,143,0,1,1,-34.569926,149.580356,74,1,0,1,0,0,0,0,1,0,7,100,2,77,77,1,29,5,2,0,0,0,1
1239316,2,2020,2020,1,4,4,19,31,131,12,0,1,10,-33.790223,151.182916,77,0,2,1,1,0,0,0,2,2,9,50,1,591,591,1,22,5,2,0,0,1,0
1239318,1,2020,2020,6,2,3,36,27,43,38,0,1,9,-33.774149,151.261405,50,0,2,1,2,0,0,0,1,0,7,60,1,6545,6545,4,8,27,2,0,0,0,1
1239319,1,2020,2020,1,6,9,12,1,134,34609,0,1,7,-33.506817,151.324051,16,2,2,1,2,0,0,0,0,0,0,50,0,6545,6545,4,5,27,2,0,0,0,1
1239323,1,2020,2020,6,5,11,23,27,61,93,0,1,7,-33.746174,150.898483,7,0,2,0,0,0,0,0,0,0,0,60,1,1957,4009,8,5,40,1,0,0,0,1
1239324,2,2020,2020,6,5,6,7,27,16,36,0,1,1,-32.745971,151.735069,57,2,1,1,1,0,0,0,2,0,7,80,1,323,323,1,0,10,2,0,0,1,0
1239325,2,2020,2020,6,1,4,5,10,59,34609,0,1,10,-33.976639,150.856384,13,0,2,1,1,0,0,0,2,0,0,50,0,6545,6545,4,10,5,2,0,0,1,0
1239326,4,2020,2020,5,3,9,72,31,176,62,0,1,10,-33.949735,151.14888,4,0,2,1,2,0,3,4,0,2,7,60,1,5929,5929,1,5,18,2,0,1,0,0
1239327,1,2020,2020,6,6,7,19,36,112,70,0,1,7,-33.691982,151.01962,71,0,2,1,1,0,0,0,2,0,0,50,1,14295,14295,3,5,5,2,0,0,0,1
1239328,4,2020,2020,8,0,9,866,17,314,793,0,1,9,-33.846469,150.95018,21,0,2,1,2,0,0,0,0,2,7,70,2,5929,5929,1,29,0,2,0,1,0,0
1239330,1,2020,2020,3,0,4,37,27,13,41,0,1,1,-28.856199,153.291504,39,2,1,0,0,0,3,4,2,0,7,80,1,4552,5151,8,10,40,1,0,0,0,1
1239332,4,2020,2020,5,5,8,15,10,69,34609,0,1,10,-33.772915,150.967556,54,0,2,1,1,0,0,3,2,2,9,50,0,2040,2040,9,10,28,2,0,1,0,0