Crash ID,Degree of crash - detailed,Reporting year,Year of crash,Month of crash,Day of week of crash,Two-hour intervals,Street of crash,Street type,Town,Route no.,School zone location,School zone active,Type of location,Latitude,Longitude,LGA,Urbanisation,Conurbation 1,Alignment,Street lighting,Road surface,Surface condition,Weather,Natural lighting,Signals operation,Other traffic control,Speed limit,Road classification,RUM - code,DCA - code,First impact type,Key TU type,Other TU type,No. of traffic units involved,No. killed,No. seriously injured,No. moderately injured,No. minor-other injured
1239333,4,2020,2020,5,0,10,2,27,3,34609,0,1,1,-34.517589,150.213892,78,2,1,0,0,2,0,0,0,0,7,60,0,1957,4009,8,0,40,1,0,3,2,0
1239334,2,2020,2020,8,5,7,1,1,58,34609,0,1,9,-34.412823,150.895978,80,0,2,1,1,0,0,0,2,0,7,50,0,1981,1981,4,0,5,2,0,0,1,0
1239335,1,2020,2020,6,3,6,2261,17,49,2252,0,1,2,-34.743998,149.847271,26,1,0,1,0,0,0,0,2,0,7,110,2,14295,14295,3,5,0,2,0,0,0,1
1239336,2,2020,2020,8,4,11,829,27,149,770,0,1,9,-33.863004,151.16856,32,0,2,1,2,0,3,4,0,2,7,60,2,4026,4026,8,0,40,1,0,0,1,0
1239337,4,2020,2020,6,6,4,2126,17,39,2149,0,1,2,-33.76698,150.752094,55,0,2,1,1,0,3,4,2,0,7,80,2,3775,3775,0,10,5,3,0,1,1,1
1239339,2,2020,2020,0,4,6,2126,17,139,2149,0,1,9,-33.884688,151.135667,32,0,2,1,3,0,3,4,2,2,7,60,2,2852,2852,4,9,5,2,0,0,1,1
1239340,1,2020,2020,1,0,5,143,31,123,181,0,1,2,-33.884069,151.223025,81,0,2,1,3,0,0,0,2,0,7,50,2,14295,14295,3,0,5,2,0,0,0,1
1239344,1,2020,2020,5,4,8,255,27,71,166,0,1,1,-33.262596,151.525855,16,2,2,1,1,0,0,0,2,0,7,50,2,14295,14295,3,16,13,3,0,0,0,2
1239345,1,2020,2020,7,4,5,57,27,155,75,0,1,1,-33.495447,151.29596,16,2,2,1,0,0,3,4,2,0,7,60,1,9859,9859,8,5,40,1,0,0,0,1
1239353,1,2020,2020,8,0,5,296,27,290,293,0,1,10,-33.855751,150.995008,21,0,2,1,3,0,0,0,2,2,7,70,2,14295,14295,3,0,5,2,0,0,0,1
1239357,4,2020,2020,1,1,4,123,27,337,11,0,1,9,-33.727835,150.988161,71,0,2,1,1,0,3,3,2,2,8,50,1,5929,5929,1,10,5,2,0,1,0,0
1239365,2,2020,2020,5,0,7,294,17,9,288,0,1,9,-35.114409,147.258657,75,1,0,0,0,0,0,0,2,0,7,100,2,4552,5151,8,0,40,1,0,0,1,0
1239366,2,2020,2020,1,4,7,8,31,438,34609,0,1,9,-33.840893,151.028534,21,0,2,1,1,0,0,0,2,0,7,50,0,2852,2852,4,0,19,2,0,0,1,0
1239367,2,2020,2020,5,6,8,3,31,137,34609,0,1,10,-32.963874,151.698435,37,0,2,1,2,0,0,0,3,0,0,50,0,404,404,8,16,40,1,0,0,1,0
1239368,4,2020,2020,1,0,8,26,31,646,118,0,1,1,-33.914907,151.031744,15,0,2,1,2,0,3,4,0,0,6,60,1,2040,2040,9,5,28,2,0,1,0,0
1239371,2,2020,2020,1,3,9,2209,17,88,2205,0,1,9,-33.993736,151.115349,25,0,2,1,2,0,0,3,0,0,7,70,2,14295,14295,3,5,0,6,0,0,2,0
1239373,4,2020,2020,1,1,10,22,27,6,34609,0,1,1,-32.660714,149.866585,44,1,0,1,0,0,3,0,0,0,7,100,0,9859,9859,8,5,40,1,0,2,1,0
1239374,1,2020,2020,8,4,6,213,17,9,213,0,1,1,-29.589824,152.570687,18,1,0,0,0,0,0,0,2,0,7,100,2,4552,5151,8,5,40,1,0,0,0,1
1239375,2,2020,2020,1,6,3,8,27,41,18,0,1,9,-33.898484,151.182052,69,0,2,1,0,0,0,0,2,0,9,50,2,2040,2040,9,5,28,2,0,0,1,0
1239386,2,2020,2020,5,0,9,35,1,43,52,0,1,9,-33.724915,150.788253,7,0,2,1,2,0,0,0,0,2,7,70,1,5929,5929,1,10,0,2,0,0,1,0
1239387,4,2020,2020,8,0,8,133,27,46,260,0,1,2,-32.92046,151.65402,48,0,2,1,1,0,3,0,2,0,7,70,2,9859,9859,8,5,40,1,0,2,0,0
1239391,4,2020,2020,5,5,5,26,31,69,34609,0,1,9,-32.902989,151.699604,48,0,2,1,1,0,3,4,2,0,7,50,0,9859,9859,1,5,5,2,0,1,0,0
1239393,1,2020,2020,1,0,9,1052,14,77,928,0,1,3,-33.521447,151.196147,16,1,2,0,3,0,3,4,0,0,7,90,2,1282,1282,1,29,5,2,0,0,0,1
1239396,1,2020,2020,5,1,8,205,27,147,415,0,1,9,-33.748668,151.148447,36,0,2,0,3,0,3,4,3,0,15,70,2,256,256,4,5,0,2,0,0,0,1
1239398,4,2020,2020,6,1,7,13,27,223,34609,0,1,2,-33.800034,150.926061,7,0,2,0,2,0,0,0,2,0,7,60,0,1850,1463,5,16,40,1,0,1,0,0
1239399,2,2020,2020,6,5,8,330,23,293,112,0,1,10,-33.938498,151.238358,59,0,2,1,2,0,0,0,3,0,0,60,2,1220,1220,9,30,28,2,0,0,1,0
1239402,1,2020,2020,1,5,3,117,1,210,121,0,1,10,-34.040124,151.100992,68,0,2,1,3,0,0,0,2,2,7,60,1,14295,14295,3,5,36,2,0,0,0,1
1239403,1,2020,2020,3,0,7,220,27,104,222,0,1,9,-33.732801,150.943201,7,0,2,1,3,0,0,0,2,2,7,80,2,14295,14295,3,5,5,3,0,0,0,1
1239404,1,2020,2020,1,2,5,33,27,27,40,0,1,10,-33.760657,151.295749,50,0,2,1,3,0,0,0,2,0,15,50,1,1282,1282,1,5,27,2,0,0,0,1
1239410,1,2020,2020,5,0,4,11,31,72,44,0,1,9,-33.826302,151.23108,49,0,2,1,3,0,0,0,2,0,9,50,1,214,214,9,0,28,2,0,0,0,1
1239411,1,2020,2020,5,0,7,1,25,100,34609,0,1,9,-33.885254,150.890167,24,0,2,1,3,0,0,0,2,0,0,50,0,14295,14295,3,10,5,2,0,0,0,1
1239413,4,2020,2020,0,1,6,2209,17,144,2205,0,1,9,-34.071789,151.012026,68,0,2,0,1,0,0,0,2,0,7,70,2,4552,5151,1,22,5,2,0,1,0,0
1239415,4,2020,2020,5,5,8,1,27,18,34609,0,1,1,-35.625007,150.102146,23,1,0,0,0,2,3,0,0,0,7,100,0,4552,5151,8,5,40,1,0,1,0,0
1239417,2,2020,2020,1,6,8,2261,17,47,2252,0,1,2,-35.780225,147.27533,27,1,0,0,3,0,3,4,2,0,7,110,2,1850,1463,5,9,40,1,0,0,1,0
1239422,2,2020,2020,1,3,6,158,27,123,207,0,1,10,-33.876819,151.229515,81,0,2,1,1,0,0,0,2,2,7,60,2,623,623,3,0,5,2,0,0,1,0
1239424,4,2020,2020,5,0,3,16,27,88,20,0,1,1,-33.759488,150.850782,7,0,2,1,2,0,0,0,1,0,7,60,1,121,121,9,33,28,2,0,1,0,0
1239426,4,2020,2020,1,2,5,213,17,83,213,0,1,1,-29.70751,152.939158,18,2,1,1,1,0,0,0,2,0,7,50,2,3775,3775,0,16,13,2,0,1,0,0
1239431,2,2020,2020,1,5,7,61,10,87,34609,0,1,1,-33.08386,151.447884,37,0,2,1,1,0,0,0,2,0,7,60,0,14295,14295,3,5,0,3,0,0,1,1
1239433,1,2020,2020,7,3,3,3371,17,19,3342,0,1,2,-28.287067,153.514647,72,1,0,0,0,0,0,0,2,0,7,110,2,3775,3775,0,5,13,3,0,0,0,1
1239434,4,2020,2020,6,0,6,5,31,278,34609,0,1,1,-33.776918,151.046025,54,0,2,0,1,0,0,0,2,0,7,50,0,1957,4009,1,5,0,2,0,1,0,0
1239435,2,2020,2020,1,1,5,40,31,219,262,0,1,10,-32.907537,151.665285,48,0,2,1,1,0,3,0,2,1,7,60,2,1282,1282,1,29,5,2,0,0,1,0
1239438,1,2020,2020,1,5,7,37,31,80,19,0,1,1,-33.88706,151.168094,32,0,2,1,1,0,0,0,2,0,7,50,2,14295,14295,3,10,27,2,0,0,0,1
1239440,1,2020,2020,1,0,6,20,27,108,31,1,0,9,-33.762447,151.269776,50,0,2,0,1,0,3,4,2,0,0,50,1,1850,1463,5,15,40,2,0,0,0,1
1239442,4,2020,2020,6,0,7,4,27,98,34609,0,1,1,-30.953861,150.269126,51,1,0,0,0,0,0,0,2,0,7,100,0,4552,5151,8,10,40,1,0,1,0,0
1239443,2,2020,2020,1,4,7,3371,17,90,3342,0,1,7,-28.245159,153.552757,72,2,1,1,0,0,0,0,2,0,0,60,2,2852,2852,4,30,27,2,0,0,1,0
1239444,2,2020,2020,6,0,7,500,27,198,799,0,1,9,-33.919163,151.102132,15,0,2,1,0,0,0,0,2,0,7,60,2,5929,5929,1,9,0,2,0,0,1,0
1239446,4,2020,2020,5,6,9,2,27,4,27,0,1,1,-34.409212,149.586396,74,1,0,0,0,0,0,0,0,0,7,100,1,2585,4009,8,10,40,1,0,1,0,0
1239447,4,2020,2020,1,5,10,19,27,16,54,0,1,9,-34.020151,151.050771,68,0,2,0,2,0,0,0,0,0,7,80,2,4552,5151,8,5,40,1,0,1,0,0
1239449,4,2020,2020,1,6,8,127,27,19,103,0,1,2,-32.90601,151.747051,48,0,2,1,2,0,0,0,3,0,7,60,1,1945,1945,5,16,40,1,0,1,0,0
1239451,2,2020,2020,1,0,8,76,27,85,148,0,1,10,-32.9339,151.723547,48,0,2,1,2,0,3,4,3,0,0,60,1,256,256,4,5,36,2,0,0,1,0
1239454,2,2020,2020,1,5,7,11,31,64,34609,0,1,1,-33.485329,150.153061,40,2,1,0,1,0,0,0,2,0,7,50,0,14295,14295,3,10,36,2,0,0,1,0
1239455,4,2020,2020,6,4,7,1104,14,39,962,0,1,3,-33.782964,150.758337,55,0,2,1,0,0,0,0,2,0,7,110,2,4026,4026,8,5,40,1,0,1,0,0
1239459,4,2020,2020,6,0,8,16,1,24,25,0,1,1,-33.626245,150.837798,29,2,2,1,1,0,0,0,2,0,7,60,2,1981,1981,4,5,19,2,0,1,0,0
1239460,2,2020,2020,6,1,11,18,27,2,14,0,1,1,-28.73606,153.299107,39,2,1,0,0,0,0,1,0,0,7,80,1,1850,1463,5,0,40,1,0,0,1,0
1239461,2,2020,2020,5,4,2,37,27,10,41,0,1,1,-29.001857,153.343242,39,1,0,0,3,0,0,1,0,0,7,100,1,380,714,5,29,40,1,0,0,1,0
1239463,2,2020,2020,5,3,11,2,10,172,34609,0,1,1,-32.766149,151.568794,42,2,1,0,2,0,3,4,0,0,7,50,0,1259,5151,1,34,5,2,0,0,1,0
1239466,1,2020,2020,1,2,5,102,31,293,28,0,1,1,-33.917491,151.06056,15,0,2,1,3,0,0,0,2,0,7,60,1,14295,14295,3,0,5,2,0,0,0,1
1239467,4,2020,2020,6,1,2,330,27,49,605,0,1,2,-33.712548,151.297256,50,0,2,1,2,0,0,0,0,0,7,60,2,1383,1383,1,9,19,2,0,1,0,0
1239468,4,2020,2020,8,6,10,154,27,136,244,0,1,2,-33.910389,151.074503,15,0,2,1,2,0,3,4,0,0,7,60,2,9859,9859,1,5,12,2,0,2,0,0
1239470,2,2020,2020,5,1,6,1,36,14,34609,0,1,1,-30.54815,149.508429,51,1,0,1,0,2,0,0,2,0,7,100,0,9859,9859,8,0,40,1,0,0,1,0
1239477,4,2020,2020,1,5,3,39,36,11,79,0,1,9,-33.798145,151.209761,77,0,2,1,3,0,0,0,1,0,7,60,2,5929,5929,1,5,19,2,0,1,0,0
1239480,4,2020,2020,1,5,8,1,27,9,34609,0,1,1,-33.541686,150.878483,29,2,2,0,1,0,0,0,3,0,7,60,0,4552,5151,8,16,40,1,0,1,0,0
1239481,2,2020,2020,6,5,7,6,10,112,34609,0,1,1,-33.44161,151.416063,16,2,2,1,1,0,0,0,2,0,7,50,0,9859,9859,8,5,40,1,0,0,1,0
1239498,4,2020,2020,5,1,4,55,27,134,38,0,1,9,-33.950752,150.809104,12,0,2,1,1,0,0,0,2,2,7,80,2,5929,5929,1,5,35,2,0,2,0,0
1239500,4,2020,2020,8,3,7,4,27,50,34609,0,1,1,-34.341485,150.898785,80,0,2,1,1,0,0,0,2,0,7,50,0,4026,4026,1,5,5,3,0,1,0,0
1239502,2,2020,2020,5,4,8,33,31,36,22,0,1,1,-33.883215,151.183092,69,0,2,1,0,0,0,0,2,0,7,50,2,9859,9859,1,5,0,2,0,0,1,0
1239503,2,2020,2020,5,0,7,255,27,37,62,0,1,1,-32.805841,151.506799,17,2,1,1,1,0,3,0,2,0,7,60,2,1669,1669,3,5,13,2,0,0,1,0
1239508,2,2020,2020,5,4,3,2261,17,204,2252,0,1,10,-33.894449,150.95767,24,0,2,1,3,0,0,0,2,2,7,70,2,14295,14295,3,5,5,3,0,0,1,0
1239512,1,2020,2020,6,1,8,500,27,145,799,0,1,2,-33.929332,151.072854,15,0,2,1,2,0,0,0,0,0,7,60,2,14295,14295,3,10,36,2,0,0,0,1
1239515,2,2020,2020,1,4,3,178,31,12,41,0,1,9,-33.423311,148.80978,11,2,1,1,0,0,0,1,2,0,7,50,1,323,323,1,16,5,2,0,0,1,0
1239516,2,2020,2020,1,6,7,48,1,49,34609,0,1,1,-34.448539,147.549251,51,2,1,1,3,0,3,4,2,0,7,50,0,9859,9859,8,10,40,1,0,0,1,0
1239519,1,2020,2020,1,5,8,2,18,57,34609,0,1,1,-28.637045,153.560469,10,2,1,1,3,0,0,0,2,0,7,50,0,14295,14295,3,0,5,2,0,0,0,1
1239520,2,2020,2020,1,6,4,2,31,140,34609,0,1,9,-33.790118,150.839092,7,0,2,1,3,0,0,0,2,0,16,50,0,2585,777,8,0,40,1,0,0,1,0
1239522,2,2020,2020,1,1,8,126,27,27,168,0,1,2,-34.040864,150.745946,12,0,2,1,3,0,0,0,3,0,7,60,2,14295,14295,3,5,5,4,0,0,2,0
1239525,2,2020,2020,6,6,3,44,27,89,38,1,0,9,-33.862095,150.890594,24,0,2,1,2,0,0,0,2,0,0,60,1,2852,2852,4,5,27,2,0,0,1,0
1239533,2,2020,2020,6,3,1,22,31,59,47,0,1,1,-32.889974,151.726079,48,0,2,1,2,0,0,0,0,0,7,60,2,9859,9859,8,0,40,1,0,0,1,0
1239534,4,2020,2020,8,6,7,20,31,387,34609,1,2,9,-33.9264,151.201832,4,0,2,1,0,0,0,0,2,0,7,40,0,214,214,9,15,28,2,0,1,0,0
1239535,2,2020,2020,1,3,0,168,10,387,260,0,1,2,-33.946777,151.168308,4,0,2,1,3,0,2,6,0,0,7,70,2,9859,9859,8,5,40,1,0,0,1,0
1239539,2,2020,2020,6,0,4,75,10,63,104,0,1,9,-33.936238,151.20922,4,0,2,1,3,0,0,0,2,2,7,70,2,14295,14295,3,30,13,2,0,0,1,0
1239545,2,2020,2020,5,3,0,13,27,19,143,0,1,1,-33.450921,149.578818,3,1,0,0,0,0,0,0,0,0,7,100,2,4552,5151,8,10,40,1,0,0,1,0
1239547,4,2020,2020,5,0,7,59,10,89,34609,0,1,10,-33.904124,151.235844,59,0,2,1,0,0,0,0,2,0,15,30,0,6545,6545,4,30,27,2,0,1,0,0
1239550,2,2020,2020,1,2,9,40,27,84,105,0,1,10,-33.885487,150.937027,24,0,2,1,3,0,0,0,0,2,7,60,1,2852,2852,4,5,5,2,0,0,1,0
1239551,1,2020,2020,1,0,11,39,31,246,99,0,1,9,-33.902019,151.199078,69,0,2,1,3,0,3,3,0,0,7,50,2,14295,14295,3,0,5,2,0,0,0,2
1239553,1,2020,2020,0,5,8,515,14,294,518,0,1,3,-33.939715,150.924306,41,0,2,1,3,0,0,0,3,0,7,100,2,1391,1391,1,5,12,2,0,0,0,1
1239554,2,2020,2020,1,3,6,2261,17,5,2252,0,1,3,-34.488455,150.311773,78,1,0,1,3,0,0,0,2,0,7,110,2,945,945,5,0,40,1,0,0,1,0
1239556,1,2020,2020,1,1,2,2,9,42,34609,0,1,9,-33.94754,150.941025,41,0,2,1,3,0,0,0,1,0,7,40,0,515,515,1,5,5,2,0,0,0,1
1239557,2,2020,2020,1,3,4,2209,17,273,2205,0,1,9,-34.425998,150.87722,80,0,2,1,3,0,0,0,2,0,15,60,2,14295,14295,3,5,5,2,0,0,1,0
1239558,4,2020,2020,1,0,5,2126,17,75,2149,1,0,2,-33.871258,151.121441,32,0,2,1,3,0,0,0,2,0,7,60,2,14295,14295,3,16,0,2,0,1,0,0
1239567,4,2020,2020,6,0,4,14,27,59,34609,0,1,1,-33.985563,150.856872,13,0,2,0,0,0,0,0,2,0,7,60,0,1957,4009,1,0,5,3,0,1,0,1
1239568,2,2020,2020,5,6,9,154,27,136,244,0,1,1,-33.91542,151.067814,15,0,2,1,3,0,0,0,0,0,7,60,2,14295,14295,3,5,5,4,0,0,2,0
1239570,2,2020,2020,1,4,9,283,27,145,702,0,1,2,-33.91898,151.066206,15,0,2,1,3,0,0,0,0,0,7,60,2,14295,14295,3,15,25,2,0,0,1,0
1239571,2,2020,2020,6,0,7,346,17,19,332,0,1,9,-28.853078,153.26081,39,1,0,0,3,0,0,0,2,0,7,100,2,1669,1669,3,10,5,2,0,0,1,0
1239573,1,2020,2020,5,2,5,92,27,129,244,0,1,10,-33.894682,151.111097,9,0,2,1,3,0,0,0,2,2,7,60,2,1282,1282,1,0,19,2,0,0,0,1
1239574,1,2020,2020,1,3,8,59,10,34,231,0,1,1,-33.497223,151.358875,16,2,2,0,3,0,0,0,2,0,7,60,2,14295,14295,3,10,0,2,0,0,0,1
1239581,1,2020,2020,1,1,7,177,22,210,176,0,1,5,-34.035303,151.113428,68,0,2,1,3,0,0,0,2,2,8,60,2,1391,1391,1,9,5,2,0,0,0,1
1239584,1,2020,2020,1,0,9,500,27,83,799,0,1,9,-33.912831,151.118106,15,0,2,1,3,0,3,4,2,0,7,60,2,14295,14295,3,5,5,2,0,0,0,2
1239587,1,2020,2020,5,2,2,111,27,57,233,0,1,2,-33.941821,151.227561,4,0,2,1,2,0,3,2,0,0,7,60,2,14295,14295,3,33,27,2,0,0,0,1
1239590,1,2020,2020,6,6,8,67,27,165,78,0,1,10,-33.85567,151.147503,14,0,2,1,2,0,0,0,3,3,7,50,2,1282,1282,1,0,19,2,0,0,0,1
1239591,4,2020,2020,5,2,4,16,27,20,34609,0,1,1,-32.972342,151.541641,37,0,2,1,0,0,3,4,2,0,7,90,0,9859,9859,8,16,40,1,0,1,0,0
1239593,4,2020,2020,1,4,5,2209,17,19,2205,0,1,1,-34.81078,150.63427,63,2,1,0,0,0,3,0,2,0,7,80,2,3775,3775,0,9,13,2,0,1,1,0
1239596,4,2020,2020,5,5,4,46,36,8,46,0,1,1,-32.658446,149.006776,22,1,0,0,0,0,1,0,2,0,7,100,1,1957,4009,8,10,40,1,0,3,0,0
1239599,4,2020,2020,1,2,5,334,17,21,308,0,1,1,-31.434775,152.20298,56,1,0,0,0,0,0,0,2,0,7,100,2,1850,1463,5,16,40,1,0,1,0,0
1239600,2,2020,2020,1,4,9,54,27,38,563,0,1,1,-34.049099,150.978263,68,0,2,1,0,0,0,0,0,0,7,80,2,3775,3775,0,0,5,2,0,0,1,0
1239601,1,2020,2020,1,6,8,31,23,139,187,0,1,9,-33.873428,151.137146,32,0,2,1,1,0,0,0,2,2,7,60,2,14295,14295,3,0,13,2,0,0,0,1
1239604,4,2020,2020,1,5,6,42,31,16,34609,0,1,10,-30.380115,150.607775,70,2,1,1,1,0,0,0,2,0,0,50,0,591,591,1,18,13,2,0,1,0,0
1239606,2,2020,2020,1,2,10,143,31,123,181,1,0,9,-33.886181,151.228946,69,0,2,1,0,0,0,0,0,0,7,50,2,387,387,1,22,5,2,0,0,1,0
1239615,4,2020,2020,8,2,4,63,31,10,34609,0,1,1,-32.66747,152.172369,43,2,1,1,0,0,0,3,2,0,7,50,0,4026,4026,8,30,40,1,0,1,0,0
1239617,1,2020,2020,1,4,11,1052,14,160,928,0,1,3,-33.103037,151.462006,37,0,2,0,0,0,0,0,0,0,7,110,2,14295,14295,3,0,5,2,0,0,0,1
1239618,1,2020,2020,0,4,6,196,10,32,168,0,1,9,-33.927036,150.979508,15,0,2,1,1,0,0,0,2,2,9,60,2,14295,14295,3,5,5,2,0,0,0,1
1239621,4,2020,2020,5,0,4,42,10,39,34609,0,1,1,-32.886897,151.567357,37,0,2,0,0,0,3,4,2,0,7,80,0,1850,1463,5,16,40,1,0,1,0,0
1239622,2,2020,2020,1,3,0,2209,17,64,2205,0,1,10,-34.383514,150.900176,80,0,2,1,2,0,0,0,0,2,9,80,2,6545,6545,4,30,5,2,0,0,1,0
1239627,4,2020,2020,1,0,4,3,27,16,34609,0,1,9,-31.203919,152.846818,34,2,1,0,0,2,0,0,2,0,7,80,0,1850,1463,5,16,40,1,0,1,0,0
1239628,4,2020,2020,5,2,9,10,10,101,34609,0,1,1,-32.911695,151.605467,37,0,2,0,1,0,0,0,0,0,7,50,0,1957,4009,1,34,5,2,0,1,0,1
1239629,2,2020,2020,5,4,2,24,27,201,47,0,1,2,-33.988563,150.860637,13,0,2,1,2,0,0,0,0,0,7,60,1,515,515,1,0,19,2,0,0,1,0
1239633,2,2020,2020,1,1,4,191,27,309,208,0,1,9,-33.804416,151.103648,61,0,2,1,3,0,3,4,2,2,7,60,2,2585,777,8,5,40,1,0,0,1,0
1239634,2,2020,2020,1,5,9,68,27,278,67,0,1,9,-33.769716,151.036978,54,0,2,1,3,0,0,0,3,0,15,60,1,1282,1282,1,5,41,2,0,0,2,0
1239636,1,2020,2020,1,1,8,2126,17,445,2149,0,1,9,-33.847155,151.046187,21,0,2,1,3,0,0,0,3,2,7,60,2,14295,14295,3,30,0,2,0,0,0,1
1239642,1,2020,2020,1,4,5,78,31,134,36,0,1,1,-33.521639,151.320445,16,2,2,1,3,0,0,0,2,0,7,50,1,941,941,1,5,12,4,0,0,0,1
1239645,1,2020,2020,1,2,8,103,27,94,563,0,1,10,-33.839872,151.04607,54,0,2,1,3,0,0,0,3,2,7,70,2,256,256,4,0,36,2,0,0,0,1
1239648,1,2020,2020,6,6,8,17,31,290,33,0,1,7,-33.955823,151.12547,4,0,2,1,3,0,0,0,3,0,0,50,1,6545,6545,4,5,0,2,0,0,0,1
1239649,2,2020,2020,1,0,6,106,27,46,106,0,1,2,-33.927552,150.872408,41,0,2,1,3,0,0,0,2,0,7,70,2,14295,14295,3,5,12,2,0,0,1,0
1239650,1,2020,2020,5,0,7,36,31,131,34609,0,1,9,-33.790787,151.181125,77,0,2,1,3,0,0,0,2,0,0,50,0,926,926,4,0,0,2,0,0,0,1
1239652,1,2020,2020,1,3,10,48,31,79,34609,0,1,1,-33.578916,150.716875,29,2,2,1,3,0,0,0,0,0,7,50,0,214,214,9,5,28,2,0,0,0,1
1239656,2,2020,2020,1,4,9,177,31,314,208,0,1,10,-33.861977,150.93895,24,0,2,1,2,0,0,0,0,2,7,60,1,5929,5929,1,5,0,2,0,0,1,1
1239658,2,2020,2020,1,5,7,21,31,179,66,0,1,9,-31.910599,152.453379,43,2,1,1,3,0,0,0,2,0,7,60,1,9859,9859,1,0,0,3,0,0,1,0
1239659,2,2020,2020,8,5,7,3,31,112,34609,0,1,10,-36.059081,146.943474,0,2,1,1,1,0,0,3,2,0,0,50,0,6545,6545,4,16,13,2,0,0,1,0
1239661,2,2020,2020,1,6,4,27,27,6,34609,0,1,1,-31.898703,152.285042,43,1,0,0,0,0,0,0,2,0,7,100,0,1957,4009,8,0,40,1,0,0,1,0
1239662,2,2020,2020,5,5,2,106,27,76,106,0,1,10,-33.926015,150.866394,41,0,2,1,2,0,0,0,0,2,7,70,2,5929,5929,1,5,12,2,0,0,1,1
1239663,2,2020,2020,1,6,11,232,36,109,331,0,1,10,-33.950248,150.838716,41,0,2,0,2,0,0,0,0,2,7,70,2,2852,2852,4,5,5,2,0,0,1,0
1239665,2,2020,2020,1,6,3,1,31,60,34609,0,1,9,-33.62731,150.295257,8,2,2,1,0,0,0,0,2,0,7,50,0,9859,9859,1,30,5,2,0,0,1,0
1239667,2,2020,2020,6,3,0,59,31,101,34609,0,1,9,-32.911636,151.619811,37,0,2,1,2,0,0,0,0,0,15,50,0,3775,3775,0,16,5,2,0,0,1,0
1239668,2,2020,2020,5,0,6,12,18,10,34609,0,1,9,-36.796924,149.797196,5,2,1,0,0,0,0,0,2,0,7,80,0,1957,4009,8,0,40,1,0,0,1,0
1239677,4,2020,2020,5,3,0,103,27,62,256,0,1,9,-34.088921,150.805991,13,0,2,1,2,0,0,0,0,2,7,80,2,256,256,4,5,5,2,0,2,1,0
1239685,1,2020,2020,1,2,4,1,23,69,34609,0,1,9,-33.786389,150.985129,54,0,2,1,1,0,0,0,2,0,7,50,0,1850,777,5,16,40,1,0,0,0,1
1239687,4,2020,2020,6,6,8,500,27,83,799,0,1,5,-33.909608,151.122971,15,0,2,1,2,0,3,4,3,0,0,60,2,2852,2852,4,5,36,2,0,1,0,0
1239688,4,2020,2020,6,5,3,117,1,115,121,0,1,9,-34.036008,151.072538,68,0,2,1,3,0,0,0,2,0,7,60,1,9859,9859,8,10,40,1,0,1,0,0
1239693,4,2020,2020,1,6,10,8,27,6,34609,0,1,1,-32.367566,149.696437,44,1,0,0,0,0,0,0,2,0,7,100,0,4552,5151,8,0,40,1,0,1,0,0
1239696,2,2020,2020,1,2,6,109,27,137,105,0,1,9,-33.895055,150.904739,24,0,2,1,0,0,0,0,2,0,7,60,2,5929,5929,1,30,5,2,0,0,2,0
1239700,1,2020,2020,6,3,8,1,27,20,34609,0,1,1,-34.987764,149.367611,82,1,0,0,0,2,0,0,2,0,7,100,0,4552,5151,8,10,40,1,0,0,0,2
1239701,2,2020,2020,5,0,2,1,31,105,34609,0,1,1,-32.719805,151.513786,42,2,1,1,2,0,0,1,0,0,7,50,0,9859,9859,1,30,0,2,0,0,1,0
1239704,2,2020,2020,6,5,6,9,31,136,34609,0,1,7,-33.918435,151.081865,15,0,2,1,0,0,0,0,2,0,0,50,0,5929,5929,1,16,22,2,0,0,1,0
1239710,2,2020,2020,1,6,11,4,18,12,34609,0,1,10,-34.312099,145.991455,28,2,1,0,0,0,0,0,0,0,0,80,0,2585,4009,8,5,40,1,0,0,1,0
1239711,4,2020,2020,5,5,7,2,27,132,2,0,1,1,-34.167492,151.055351,68,0,2,0,0,0,3,0,2,0,7,60,2,4552,5151,8,16,40,1,0,1,0,0
1239712,2,2020,2020,5,3,6,119,31,284,34609,0,1,1,-33.909715,151.02004,15,0,2,1,1,0,0,0,2,0,7,50,0,1981,1981,4,5,5,2,0,0,1,0
1239716,2,2020,2020,1,0,5,2,27,3,34609,0,1,1,-29.735324,151.916249,51,2,1,0,0,2,0,0,2,0,7,80,0,4552,5151,8,5,40,1,0,0,1,0
1239719,2,2020,2020,6,5,3,7,27,18,34609,0,1,9,-28.861306,153.587897,2,2,1,1,0,0,0,0,1,0,0,60,0,1669,1669,3,5,13,2,0,0,1,0
1239721,1,2020,2020,1,0,6,92,31,83,34609,0,1,9,-30.113239,153.19335,19,2,1,0,1,0,0,0,2,0,0,50,0,2852,2852,4,0,5,2,0,0,0,1
1239722,2,2020,2020,1,6,6,294,17,11,288,0,1,1,-35.172274,147.648296,75,1,0,1,0,0,3,4,2,0,7,100,2,9859,9859,8,5,40,1,0,0,1,0
1239723,4,2020,2020,5,6,10,7,10,6,34609,0,1,1,-29.406228,153.221399,18,1,0,0,0,0,3,4,0,0,7,100,0,782,957,5,5,40,1,0,1,0,0
1239724,4,2020,2020,5,4,8,255,27,62,172,0,1,10,-32.925901,151.630294,37,0,2,1,1,0,0,0,2,2,7,60,2,14295,14295,3,5,5,2,0,1,0,0
1239725,4,2020,2020,5,0,3,19,31,234,34609,0,1,10,-34.28833,146.032852,28,2,1,1,2,0,0,1,2,0,0,50,0,6545,6545,4,5,12,2,0,1,0,0