Crash ID,Degree of crash - detailed,Reporting year,Year of crash,Month of crash,Day of week of crash,Two-hour intervals,Street of crash,Street type,Town,Route no.,School zone location,School zone active,Type of location,Latitude,Longitude,LGA,Urbanisation,Conurbation 1,Alignment,Street lighting,Road surface,Surface condition,Weather,Natural lighting,Signals operation,Other traffic control,Speed limit,Road classification,RUM - code,DCA - code,First impact type,Key TU type,Other TU type,No. of traffic units involved,No. killed,No. seriously injured,No. moderately injured,No. minor-other injured
1239727,2,2020,2020,5,2,3,15,27,151,160,0,1,2,-34.019166,150.852606,13,0,2,1,2,0,3,4,1,0,7,60,2,9859,9859,8,30,40,1,0,0,1,0
1239732,2,2020,2020,1,4,5,475,10,523,268,0,1,10,-33.91541,150.909669,41,0,2,1,1,0,0,0,2,2,7,70,2,5929,5929,1,5,5,2,0,0,2,0
1239733,4,2020,2020,1,3,4,1,32,122,34609,1,0,7,-33.428997,151.341431,16,2,2,1,1,0,0,0,2,0,0,40,0,6545,6545,4,5,19,2,0,1,0,0
1239734,1,2020,2020,5,3,5,2,31,117,34609,0,1,9,-28.176813,153.52931,72,2,1,0,0,0,0,0,2,0,7,50,0,3775,3775,0,22,0,2,0,0,0,1
1239735,1,2020,2020,6,0,3,220,27,187,222,0,1,2,-33.791239,150.979497,54,0,2,1,0,0,0,0,1,0,7,80,2,14295,14295,3,10,13,3,0,0,0,1
1239736,2,2020,2020,6,2,5,150,27,197,415,1,0,2,-33.793625,151.119204,61,0,2,1,3,0,0,0,2,0,7,70,2,14295,14295,3,30,5,3,0,0,1,0
1239738,1,2020,2020,5,4,6,125,27,17,123,0,1,2,-33.336585,151.430641,16,2,2,1,3,0,0,0,2,0,7,50,2,1282,1282,1,5,0,2,0,0,0,1
1239740,4,2020,2020,6,0,8,20,27,28,34609,0,1,1,-31.846553,152.627479,43,1,0,1,0,0,0,0,2,0,7,90,0,1945,1945,5,16,40,1,0,1,0,0
1239744,2,2020,2020,6,1,5,2209,17,133,2205,0,1,1,-34.489524,150.79726,80,0,2,1,1,0,0,0,2,0,7,40,1,3775,3775,0,5,0,2,0,0,2,0
1239747,2,2020,2020,5,0,8,150,27,197,415,0,1,2,-33.791804,151.121337,61,0,2,1,3,0,0,0,2,0,7,70,2,14295,14295,3,8,0,2,0,0,1,0
1239749,2,2020,2020,5,0,6,4,27,138,34609,0,1,1,-33.875446,151.260084,81,0,2,1,1,0,0,0,2,0,7,50,0,214,214,9,0,28,2,0,0,1,0
1239750,4,2020,2020,5,0,8,13,31,234,34609,0,1,10,-34.284465,146.051169,28,2,1,1,1,0,0,0,2,0,0,50,0,6545,6545,4,0,13,2,0,3,0,0
1239755,4,2020,2020,1,5,6,67,27,56,68,0,1,9,-33.804198,151.204247,77,0,2,1,1,0,0,0,2,2,7,50,1,5929,5929,1,5,0,2,0,2,0,0
1239757,4,2020,2020,5,2,11,128,27,61,133,0,1,1,-33.777884,150.65679,55,0,2,1,0,0,0,0,0,0,7,80,2,1220,1220,9,10,28,2,0,1,1,0
1239759,4,2020,2020,5,5,8,33,27,89,34609,0,1,1,-33.89463,151.230662,69,0,2,1,0,0,0,0,3,0,7,40,0,941,941,1,9,19,2,0,1,0,0
1239760,2,2020,2020,5,1,5,78,31,56,34609,0,1,1,-31.100593,152.828583,34,2,1,1,1,0,0,0,2,0,7,60,0,1669,1669,3,5,25,2,0,0,3,0
1239761,4,2020,2020,1,4,8,6,31,174,34609,0,1,0,-33.891111,151.201677,69,0,2,1,1,0,0,0,3,0,7,40,0,2585,4009,1,15,0,2,0,1,0,0
1239762,2,2020,2020,5,0,6,36,31,56,70,0,1,10,-33.760522,150.781306,55,0,2,1,1,0,0,0,2,2,7,60,1,5929,5929,1,5,5,3,0,0,1,0
1239763,2,2020,2020,6,2,2,28,3,21,117,0,1,2,-32.958122,151.678989,37,0,2,1,2,0,0,0,0,0,7,90,2,14295,14295,3,5,13,2,0,0,1,0
1239767,2,2020,2020,1,0,8,12,27,31,49,1,0,1,-31.11252,150.896041,70,2,1,1,2,0,3,4,0,0,7,60,1,1109,787,1,21,19,2,0,0,1,0
1239768,2,2020,2020,5,5,4,27,27,12,39,0,1,1,-31.137218,151.020127,70,1,0,0,0,0,0,3,2,0,7,100,1,4552,5151,8,5,40,1,0,0,1,0
1239773,2,2020,2020,1,1,7,1104,14,247,962,0,1,3,-33.813463,150.952265,21,0,2,1,1,0,0,0,2,0,7,90,2,14295,14295,3,21,5,2,0,0,1,0
1239775,1,2020,2020,1,0,8,224,27,387,321,1,2,10,-33.929666,151.194569,4,0,2,1,3,0,0,0,2,2,7,40,2,1391,1391,1,5,13,2,0,0,0,1
1239776,1,2020,2020,1,6,8,35,27,91,96,0,1,9,-32.965498,151.656279,37,0,2,1,3,0,0,0,2,2,7,60,2,14295,14295,3,5,5,2,0,0,0,1
1239781,2,2020,2020,5,3,6,15,31,187,34609,1,0,1,-33.788164,150.998076,54,0,2,1,1,0,0,0,2,0,7,50,0,1282,1282,1,16,40,1,0,0,1,0
1239784,1,2020,2020,5,0,5,18,27,89,27,0,1,9,-33.677486,150.787931,55,0,2,1,3,0,0,0,2,0,7,80,1,1669,1669,3,5,5,2,0,0,0,1
1239788,2,2020,2020,1,0,5,12,31,78,103,0,1,10,-28.32725,153.393524,72,2,1,1,3,0,0,0,2,0,0,50,1,6545,6545,4,0,0,2,0,0,1,1
1239789,1,2020,2020,1,4,4,4,31,52,34609,0,1,1,-33.900608,151.263902,76,0,2,1,3,0,0,0,2,0,7,50,0,14295,14295,3,5,5,2,0,0,0,1
1239790,4,2020,2020,5,4,3,2261,17,523,2252,0,1,9,-33.931549,150.917192,41,0,2,1,2,0,0,0,2,0,7,60,2,9859,9859,8,5,40,1,0,1,0,0
1239791,2,2020,2020,5,4,7,80,31,204,187,0,1,1,-33.880068,151.123368,32,0,2,1,1,0,0,0,2,0,7,60,2,9859,9859,8,5,40,1,0,0,1,0
1239800,2,2020,2020,5,3,10,330,27,65,605,0,1,9,-33.705071,151.297292,50,0,2,1,2,0,3,0,0,2,7,70,2,5929,5929,1,30,5,2,0,0,1,0
1239801,2,2020,2020,1,0,10,1,27,2,34609,0,1,1,-28.569025,152.925964,51,2,1,0,0,2,0,0,0,0,7,80,0,4552,5151,8,0,40,1,0,0,1,0
1239802,4,2020,2020,5,3,8,1,34,8,34609,0,1,1,-32.854662,151.824946,57,2,1,1,0,2,0,0,3,0,7,50,0,1945,1945,5,16,40,1,0,1,0,0
1239806,4,2020,2020,1,5,8,7,10,12,34609,0,1,7,-34.495476,150.774223,80,0,2,0,1,0,0,0,2,0,0,50,0,4552,5151,8,16,40,1,0,1,0,0
1239808,1,2020,2020,6,0,7,27,10,91,34609,0,1,1,-32.805553,151.63814,48,0,2,1,1,0,0,0,2,0,7,50,0,1981,1981,4,9,19,2,0,0,0,1
1239812,1,2020,2020,1,4,6,28,1,31,34609,0,1,9,-30.343898,153.085028,19,2,1,1,1,0,0,0,2,0,0,60,0,14295,14295,3,5,36,2,0,0,0,1
1239813,2,2020,2020,1,5,3,1,10,15,34609,0,1,9,-30.699265,152.912078,47,2,1,1,0,0,0,0,2,0,7,70,0,5929,5929,1,5,13,2,0,0,1,0
1239814,1,2020,2020,5,2,11,23,1,198,34609,1,0,1,-33.90713,151.095894,15,0,2,1,2,2,0,0,0,0,7,50,0,3775,3775,0,5,5,5,0,0,0,2
1239815,1,2020,2020,6,1,7,265,10,445,563,0,1,10,-33.861726,151.042279,21,0,2,1,1,0,0,0,2,2,7,70,2,14295,14295,3,9,5,2,0,0,0,1
1239817,1,2020,2020,6,4,5,3,31,15,49,0,1,9,-33.780542,151.282053,50,0,2,1,1,0,0,0,2,0,15,50,1,623,623,3,5,19,2,0,0,0,1
1239818,2,2020,2020,0,1,4,5,27,3,34609,0,1,1,-29.173849,153.389855,60,2,1,0,0,2,0,0,2,0,7,60,0,4552,5151,8,10,40,1,0,0,1,0
1239819,4,2020,2020,1,3,5,3,27,8,34609,0,1,1,-34.959872,150.50842,63,1,0,1,0,0,3,0,2,0,7,100,0,1945,1945,5,16,40,1,0,1,0,0
1239822,2,2020,2020,5,4,8,39,27,143,51,0,1,10,-33.686922,151.096455,31,0,2,1,2,0,0,0,3,0,0,60,2,6545,6545,4,30,27,2,0,0,1,0
1239823,2,2020,2020,1,3,10,224,31,134,34609,0,1,9,-33.892944,151.254269,76,0,2,1,2,0,3,4,0,0,0,50,0,775,775,4,5,27,2,0,0,1,0
1239824,2,2020,2020,6,0,6,866,17,314,793,0,1,2,-33.85422,150.94001,24,0,2,1,1,0,0,0,2,0,7,70,2,1192,1192,1,5,40,2,0,0,2,1
1239825,4,2020,2020,6,3,0,2,27,42,34609,0,1,9,-33.655254,151.316702,50,0,2,1,2,0,0,0,0,0,15,50,0,489,489,8,5,40,1,0,1,0,0
1239826,2,2020,2020,6,0,8,280,10,314,240,0,1,1,-33.855337,150.945729,24,0,2,1,1,0,0,0,2,0,7,60,2,1981,1981,4,5,19,2,0,0,2,0
1239827,2,2020,2020,1,4,4,1052,14,17,169,0,1,10,-32.813906,151.635537,48,0,2,1,1,0,0,0,2,2,7,60,2,1669,1669,3,0,40,2,0,0,1,0
1239829,2,2020,2020,1,5,8,31,31,70,148,0,1,1,-32.903166,151.720475,48,0,2,1,1,0,0,0,2,0,7,60,1,9859,9859,1,5,36,2,0,0,1,0
1239831,2,2020,2020,6,1,6,1,31,28,34609,0,1,9,-33.40392,149.571704,3,2,1,1,1,0,0,0,2,0,7,60,0,1669,1669,3,5,13,2,0,0,1,0
1239833,2,2020,2020,1,0,10,255,27,62,172,0,1,9,-32.924117,151.623843,37,0,2,1,2,0,3,4,0,2,7,60,2,5929,5929,1,30,0,2,0,0,1,0
1239834,2,2020,2020,6,2,9,95,31,90,34609,0,1,1,-33.888129,151.238873,81,0,2,1,2,0,0,0,0,0,7,50,0,387,387,1,22,5,2,0,0,1,0
1239835,4,2020,2020,6,2,3,866,17,314,793,0,1,9,-33.844245,150.955433,21,0,2,1,2,0,0,0,1,2,7,70,2,1282,1282,1,0,5,2,0,2,0,0
1239838,4,2020,2020,6,0,7,178,31,84,34609,0,1,10,-31.099784,150.918935,70,2,1,1,0,0,0,0,2,0,0,50,0,6545,6545,4,30,5,2,0,2,0,0
1239839,2,2020,2020,6,4,5,103,27,24,34609,0,1,1,-32.013684,151.942207,43,2,1,0,0,0,0,0,2,0,7,80,0,1850,1463,5,22,40,1,0,0,1,0
1239843,1,2020,2020,1,3,8,48,31,121,102,0,1,9,-33.798437,151.284679,50,0,2,1,2,0,3,4,2,2,7,40,2,1220,1220,9,5,28,2,0,0,0,1
1239844,1,2020,2020,5,1,8,133,17,4,121,0,1,1,-35.849747,149.160031,65,1,0,1,0,0,0,0,2,0,7,100,2,3775,3775,0,5,36,2,0,0,0,2
1239846,4,2020,2020,1,4,4,16,27,53,7,0,1,9,-30.634556,152.974579,47,2,1,1,1,0,0,0,2,0,0,60,1,2852,2852,4,34,27,2,0,1,0,0
1239848,2,2020,2020,5,0,6,9,27,45,34609,0,1,1,-33.817678,150.801304,55,0,2,1,3,0,0,0,2,0,7,50,0,1981,1981,4,8,10,2,0,0,1,0
1239849,4,2020,2020,5,2,4,40,27,59,39,0,1,1,-33.183517,151.48841,37,0,2,0,1,2,0,0,2,0,7,40,1,3775,3775,0,0,0,2,0,3,0,0
1239850,1,2020,2020,1,4,2,294,17,14,288,0,1,1,-34.778157,146.559625,51,1,0,1,3,0,0,0,1,0,7,100,2,1945,1945,5,8,40,1,0,0,0,2
1239851,2,2020,2020,1,3,5,3371,17,31,3342,0,1,9,-30.336114,153.079836,19,2,1,1,0,0,0,0,2,0,15,60,2,6545,6545,4,30,0,2,0,0,1,0
1239853,4,2020,2020,8,3,8,89,17,82,34609,0,1,10,-34.373176,150.896903,80,0,2,1,1,0,0,0,2,2,7,50,0,9859,9859,8,5,40,1,0,1,1,0
1239857,1,2020,2020,1,3,7,2,27,2,34609,0,1,9,-33.797355,149.031273,51,2,1,1,0,2,3,3,2,0,7,50,0,9859,9859,8,16,40,1,0,0,0,1
1239862,2,2020,2020,1,2,5,2,31,148,34609,0,1,9,-36.039829,146.930636,0,2,1,1,3,0,0,0,2,0,0,50,0,3775,3775,0,5,13,2,0,0,1,1
1239869,2,2020,2020,1,4,9,4,25,12,34609,0,1,9,-32.92818,151.789222,48,0,2,1,3,0,0,0,3,0,0,40,0,2585,777,8,5,40,1,0,0,1,0
1239871,4,2020,2020,6,2,4,150,27,61,415,0,1,9,-33.773305,151.135386,36,0,2,1,1,0,3,3,2,2,7,70,2,14295,14295,3,16,0,2,0,1,0,0
1239872,4,2020,2020,6,3,7,8,31,107,34609,0,1,1,-29.687136,152.941989,18,2,1,1,1,0,3,3,2,0,7,50,0,4026,4026,8,5,40,1,0,1,0,0
1239873,2,2020,2020,5,3,10,70,27,17,100,0,1,1,-33.666262,150.652178,8,2,2,0,0,0,0,0,0,0,7,60,2,1957,4009,8,34,40,1,0,0,2,0
1239875,2,2020,2020,6,1,7,3371,17,58,3342,0,1,2,-32.801312,151.715616,57,2,1,1,1,0,0,3,2,0,7,80,2,14295,14295,3,0,13,2,0,0,1,0
1239878,2,2020,2020,1,6,3,346,17,103,332,0,1,7,-28.811989,153.346996,39,2,1,1,3,0,3,0,2,0,0,60,2,1391,1391,1,5,5,2,0,0,1,0
1239879,4,2020,2020,5,1,0,149,36,3,113,0,1,1,-32.304272,152.520264,43,2,1,1,0,0,0,0,0,0,7,60,1,4026,4026,8,10,40,1,0,1,0,0
1239880,2,2020,2020,6,0,6,117,1,210,121,0,1,1,-34.03928,151.095036,68,0,2,1,0,0,0,0,2,0,7,60,2,3775,3775,0,5,0,2,0,0,1,1
1239881,4,2020,2020,6,6,7,27,31,107,157,0,1,1,-29.690855,152.933629,18,2,1,1,1,0,0,0,2,0,7,40,2,220,220,8,0,40,3,0,1,0,1
1239882,4,2020,2020,5,5,7,2261,17,20,2252,0,1,2,-35.421182,147.640602,75,1,0,1,0,0,0,0,2,0,7,110,2,945,945,5,5,40,1,0,1,0,0
1239883,4,2020,2020,1,3,10,113,27,78,111,0,1,1,-33.865062,150.794228,55,0,2,1,0,0,0,0,0,0,7,80,2,1981,1981,4,8,36,2,0,1,0,0
1239888,1,2020,2020,6,6,8,47,27,293,34609,0,1,10,-33.942721,151.255372,59,0,2,1,2,0,0,0,3,0,15,50,0,2040,2040,9,30,28,2,0,0,0,1
1239894,1,2020,2020,5,6,6,11,7,77,52,0,1,9,-33.922399,151.158079,32,0,2,1,3,0,0,0,2,3,7,50,1,5929,5929,1,30,5,2,0,0,0,1
1239898,1,2020,2020,1,6,3,101,10,239,35,0,1,7,-34.038621,151.134481,68,0,2,1,3,0,0,0,1,0,0,70,2,6545,6545,4,0,13,2,0,0,0,1
1239901,1,2020,2020,1,0,7,3,31,293,34609,0,1,10,-33.942836,151.230879,59,0,2,1,3,0,0,0,2,0,0,50,0,6545,6545,4,5,5,2,0,0,0,1
1239906,2,2020,2020,1,5,7,512,17,562,441,0,1,10,-32.246279,148.591136,22,2,1,1,3,0,0,0,2,0,0,60,2,6545,6545,4,0,5,2,0,0,1,0
1239911,4,2020,2020,1,2,0,55,10,112,47,0,1,2,-33.439027,151.426973,16,2,2,0,3,0,3,4,0,0,7,60,2,4552,5151,8,5,40,1,0,1,0,0
1239912,1,2020,2020,1,6,5,2126,17,140,2149,0,1,10,-33.78893,150.854357,7,0,2,1,3,0,0,0,2,2,7,80,2,1669,1669,3,5,35,2,0,0,0,1
1239914,4,2020,2020,1,1,4,42,27,67,231,0,1,9,-33.401195,151.342632,16,2,2,1,3,0,0,0,2,0,7,50,2,2852,2852,4,5,5,2,0,1,0,0
1239915,1,2020,2020,5,4,8,220,27,92,222,0,1,10,-33.720413,150.937952,71,0,2,1,3,0,0,0,2,2,7,80,2,14295,14295,3,5,5,2,0,0,0,1
1239919,4,2020,2020,6,4,10,6,27,2,34609,0,1,1,-28.768854,153.227188,39,1,0,1,3,0,3,4,0,0,7,100,0,1089,1089,7,5,40,1,0,1,0,0
1239923,4,2020,2020,1,4,8,84,27,252,31,0,1,7,-33.944305,150.882385,41,0,2,0,3,0,0,0,3,0,0,60,1,6545,6545,4,29,0,2,0,1,0,0
1239928,2,2020,2020,1,0,8,48,31,33,45,0,1,10,-33.419033,151.343475,16,2,2,1,3,0,3,4,2,2,7,60,1,1391,1391,1,5,0,3,0,0,2,0
1239931,1,2020,2020,1,2,8,48,31,104,605,0,1,9,-33.829849,151.215219,49,0,2,1,3,0,0,0,0,2,7,60,2,14295,14295,3,0,0,2,0,0,0,1
1239932,4,2020,2020,1,3,2,12,24,29,34609,0,1,1,-33.722821,150.729487,55,0,2,1,2,0,0,0,1,0,7,50,0,9859,9859,1,5,0,2,0,1,0,0
1239934,1,2020,2020,3,1,5,2126,17,363,2149,0,1,10,-33.756855,150.712051,55,0,2,1,1,0,0,0,2,2,9,60,2,14295,14295,3,9,5,2,0,0,0,1
1239936,4,2020,2020,1,6,6,225,17,85,180,0,1,9,-34.572047,150.759656,62,0,2,1,1,0,0,0,2,0,15,60,2,2852,2852,4,30,10,2,0,1,0,0
1239938,4,2020,2020,8,3,1,32,14,56,124,0,1,6,-33.812282,151.195469,77,0,2,0,2,0,0,0,0,0,7,80,2,1957,4009,8,30,40,1,0,1,0,0
1239940,4,2020,2020,5,1,5,48,31,218,34609,0,1,9,-33.737788,150.770411,55,0,2,1,0,0,0,0,2,0,7,60,0,256,256,4,5,5,3,0,1,0,0
1239943,2,2020,2020,1,6,4,2,7,33,34609,0,1,1,-33.483676,150.133301,40,2,1,1,1,0,0,0,2,0,7,50,0,9859,9859,1,5,5,2,0,0,1,0
1239944,1,2020,2020,1,1,10,42,10,16,34609,0,1,1,-32.861141,151.542846,17,2,1,0,0,0,3,0,0,0,7,80,0,1957,4009,8,5,40,1,0,0,0,1
1239949,4,2020,2020,1,3,5,1,34,5,34609,0,1,1,-35.845537,147.54732,27,1,0,0,0,2,3,4,2,0,7,100,0,380,714,5,16,40,1,0,1,0,0
1239950,1,2020,2020,1,6,3,3371,17,104,3342,0,1,2,-32.841744,151.690099,48,0,2,1,1,0,0,0,2,0,7,80,2,14295,14295,3,5,5,2,0,0,0,1
1239953,4,2020,2020,6,1,7,7,27,5,34609,0,1,1,-28.724923,153.366303,39,2,1,0,0,0,0,0,2,0,7,80,0,4552,5151,8,16,40,1,0,1,0,0
1239955,4,2020,2020,1,3,8,2126,17,283,2149,0,1,10,-33.83066,151.012274,54,0,2,1,1,0,0,0,2,2,7,60,2,5929,5929,1,5,0,2,0,1,0,0
1239964,2,2020,2020,5,4,9,57,31,176,165,0,1,1,-33.964529,151.132197,25,0,2,1,1,0,0,0,3,0,9,50,1,2040,2040,9,5,28,3,0,0,1,1
1239968,4,2020,2020,8,1,2,220,27,46,222,0,1,9,-33.786505,150.972983,54,0,2,1,2,0,0,0,1,2,7,80,1,2852,2852,4,9,5,2,0,1,1,0
1239971,2,2020,2020,1,6,8,5,27,16,34609,0,1,1,-32.828015,150.007423,44,1,0,0,0,0,3,4,3,0,7,100,0,782,957,5,0,40,1,0,0,1,0
1239976,4,2020,2020,1,0,4,293,31,160,260,0,1,9,-33.107565,151.493057,37,0,2,1,1,0,3,4,2,0,0,60,2,1669,1669,3,5,5,3,0,1,1,0
1239979,1,2020,2020,1,6,5,114,27,19,65,0,1,10,-33.292466,151.236022,16,2,2,0,1,0,0,0,2,0,15,60,1,2852,2852,4,16,36,2,0,0,0,1
1239982,2,2020,2020,5,0,7,4,31,28,34609,0,1,1,-33.094807,148.87297,11,2,1,1,0,0,0,0,2,0,7,50,0,9859,9859,1,5,13,2,0,0,1,0
1239983,4,2020,2020,5,0,4,916,17,20,917,0,1,2,-30.976954,151.101623,70,1,0,1,0,0,0,0,2,0,7,100,2,9859,9859,8,5,40,1,0,1,0,0
1239984,2,2020,2020,6,5,9,39,31,271,21,0,1,10,-33.944469,151.013107,15,0,2,1,2,0,0,0,0,0,7,60,1,5929,5929,1,0,19,2,0,0,1,0
1239988,1,2020,2020,3,2,1,13,27,13,34609,0,1,1,-32.549588,151.168466,64,2,1,1,2,0,0,0,0,0,7,60,0,9859,9859,8,5,40,1,0,0,0,3
1239989,1,2020,2020,5,3,10,1,27,30,34609,0,1,9,-34.36018,146.019684,28,2,1,1,0,2,0,0,0,0,7,80,0,489,489,8,34,40,1,0,0,0,1
1239991,4,2020,2020,5,6,8,2,1,5,34609,0,1,1,-35.340698,150.473945,63,2,1,1,1,0,0,0,2,0,7,50,0,9859,9859,1,5,5,2,0,1,0,0
1239992,4,2020,2020,5,6,9,255,27,8,62,0,1,9,-32.80076,151.514993,17,2,1,1,0,0,0,0,2,0,7,60,2,1669,1669,3,9,0,2,0,1,1,0
1239995,1,2020,2020,1,5,7,30,27,55,93,0,1,2,-33.745457,150.90034,7,0,2,1,3,0,0,0,2,0,7,60,1,14295,14295,3,5,5,2,0,0,0,1
1239998,2,2020,2020,5,6,6,2261,17,204,2252,0,1,1,-33.887674,151.122562,32,0,2,1,0,0,0,0,2,0,7,60,2,941,941,1,0,27,2,0,0,1,0
1239999,2,2020,2020,1,0,5,77,27,17,58,0,1,1,-34.68234,150.512373,63,2,1,0,0,0,3,4,2,0,7,60,2,1957,4009,8,5,40,1,0,0,1,1
1240000,2,2020,2020,1,5,7,8,27,91,34609,0,1,1,-33.989526,150.883058,13,0,2,1,1,0,0,0,2,0,7,50,0,238,238,9,0,28,2,0,0,1,0
1240003,2,2020,2020,5,5,8,478,17,128,480,0,1,9,-33.427715,151.321609,16,2,2,1,3,0,0,0,2,2,7,70,2,1981,1981,4,5,0,2,0,0,1,0
1240004,2,2020,2020,5,0,4,3,27,78,34609,0,1,10,-33.431404,151.441711,16,2,2,1,3,0,0,0,2,0,0,50,0,6545,6545,4,30,0,2,0,0,1,1
1240005,1,2020,2020,8,5,4,2209,17,115,2205,0,1,9,-33.916239,151.173459,32,0,2,1,3,0,0,0,2,0,7,60,2,14295,14295,3,0,10,2,0,0,0,1
1240006,4,2020,2020,1,5,4,3,10,46,34609,0,1,2,-33.30497,151.409495,16,2,2,0,3,0,0,0,2,0,7,50,0,2585,4009,8,16,40,1,0,1,0,0
1240009,1,2020,2020,1,5,1,133,1,22,34609,0,1,1,-34.47846,150.87165,80,0,2,1,3,0,0,0,0,0,7,50,0,3775,3775,0,16,10,2,0,0,0,1
1240015,1,2020,2020,1,3,4,74,27,66,59,0,1,2,-34.479202,150.901281,80,0,2,1,3,0,0,3,2,0,7,60,2,1981,1981,4,34,5,2,0,0,0,1
1240017,1,2020,2020,1,5,5,7,1,137,34609,0,1,10,-33.91664,151.205644,69,0,2,1,3,0,0,0,2,0,7,40,0,5929,5929,1,5,36,2,0,0,0,1
1240018,2,2020,2020,1,4,8,128,27,61,133,1,0,10,-33.837576,150.650328,55,0,2,1,3,0,0,0,3,0,0,60,2,6545,6545,4,0,0,2,0,0,1,0
1240022,2,2020,2020,1,5,8,296,27,290,293,0,1,10,-33.855751,150.995008,21,0,2,1,1,0,0,0,2,2,7,70,2,14295,14295,3,34,5,2,0,0,1,0
1240023,4,2020,2020,1,6,3,92,27,9,34609,0,1,9,-34.056252,150.865665,13,0,2,1,0,0,0,0,2,0,7,70,0,9859,9859,8,5,40,1,0,1,1,0
1240028,2,2020,2020,5,3,7,177,31,174,208,0,1,9,-33.861263,150.93364,24,0,2,1,1,0,0,0,2,2,7,60,1,1669,1669,3,34,5,3,0,0,1,0
1240029,2,2020,2020,1,1,7,2,31,194,34609,0,1,9,-30.522374,151.647872,1,2,1,1,0,0,0,0,2,0,0,50,0,6545,6545,4,5,5,2,0,0,1,0
1240030,2,2020,2020,1,6,7,27,27,161,9,1,2,0,-33.884082,151.159112,32,0,2,1,1,0,0,0,2,0,7,40,1,9859,9859,8,22,40,2,0,0,1,0
1240033,4,2020,2020,5,0,11,99,31,201,34609,0,1,10,-34.009739,150.860474,13,0,2,1,2,0,0,0,0,0,0,60,0,18,18,2,5,5,2,0,1,0,0
1240034,4,2020,2020,5,5,9,107,22,210,121,0,1,1,-34.030504,151.109735,68,0,2,1,2,0,0,0,0,0,7,60,1,1669,1669,3,0,41,2,0,2,0,0
1240035,2,2020,2020,8,5,5,2,18,22,34609,0,1,1,-33.833435,151.196996,49,0,2,1,1,0,0,0,2,0,7,50,0,237,162,8,5,40,1,0,0,1,0
1240036,4,2020,2020,1,1,8,1,27,6,34609,0,1,9,-35.513758,148.049741,66,2,1,0,0,0,0,0,2,0,7,80,0,1850,1463,5,29,40,1,0,1,0,0
1240041,2,2020,2020,1,2,11,43,27,11,118,0,1,1,-30.627743,150.668831,70,1,0,1,0,0,0,0,0,0,7,100,2,4026,4026,8,34,40,1,0,0,1,0
1240043,1,2020,2020,1,4,10,3371,17,53,3342,0,1,9,-33.687475,151.10863,31,0,2,1,2,0,0,0,2,0,0,60,2,5929,5929,1,5,0,2,0,0,0,1
1240044,4,2020,2020,8,5,11,175,27,21,220,0,1,10,-33.734786,150.919525,7,0,2,1,2,0,0,6,0,2,6,70,2,4026,4026,8,5,40,1,0,1,0,0
1240045,2,2020,2020,6,6,1,1,1,210,34609,0,1,9,-34.030295,151.093079,68,0,2,1,2,0,3,4,0,0,7,50,0,9859,9859,1,0,5,2,0,0,1,0
1240046,2,2020,2020,5,3,8,22,31,182,34609,0,1,10,-32.838418,151.362921,17,2,1,1,2,0,3,4,3,0,15,50,0,6545,6545,4,30,36,2,0,0,1,0
1240048,2,2020,2020,5,5,5,515,14,243,518,0,1,3,-33.93792,150.911776,41,0,2,1,0,0,0,0,2,0,7,100,2,1282,1282,1,33,0,2,0,0,1,0
1240049,2,2020,2020,1,6,5,79,10,43,231,0,1,1,-33.437352,151.32237,16,2,2,1,0,0,0,0,2,0,7,60,2,14295,14295,3,30,36,4,0,0,1,0
1240056,4,2020,2020,1,4,3,866,17,523,793,0,1,2,-33.909422,150.918747,41,0,2,1,1,0,3,0,2,0,7,70,2,14295,14295,3,5,5,4,0,1,1,1
1240061,2,2020,2020,6,5,7,3371,17,16,3342,0,1,9,-28.389002,153.524656,72,2,1,1,1,0,0,0,2,0,15,60,2,6545,6545,4,5,5,2,0,0,1,0
1240062,4,2020,2020,5,5,8,1,10,54,34609,0,1,1,-28.522356,153.541706,10,2,1,0,1,0,0,3,2,0,7,50,0,1850,1463,5,16,40,1,0,1,0,0
1240068,2,2020,2020,6,3,11,21,27,38,22,0,1,1,-32.778698,151.927417,57,2,1,1,2,0,0,0,0,0,7,60,1,9859,9859,8,5,40,1,0,0,1,0
1240069,2,2020,2020,6,4,9,145,31,124,34609,0,1,1,-33.810063,151.031201,54,0,2,1,2,0,0,0,0,0,7,60,0,2040,2040,9,10,28,2,0,0,1,0
1240072,4,2020,2020,5,2,8,213,17,7,213,0,1,1,-29.618993,152.68424,18,1,0,0,0,0,0,0,2,0,7,100,2,4552,5151,8,0,40,1,0,1,1,0
1240073,4,2020,2020,5,3,7,17,27,10,58,0,1,1,-34.649512,150.487914,78,2,1,0,1,0,0,0,2,0,7,60,2,1850,1463,5,16,40,1,0,1,0,0
1240074,2,2020,2020,5,2,8,20,31,57,169,0,1,9,-32.815247,151.468605,17,2,1,1,0,0,0,0,2,0,15,60,2,5929,5929,1,5,5,2,0,0,1,0
1240079,4,2020,2020,1,3,5,84,27,61,415,0,1,9,-33.763407,151.13702,36,0,2,1,1,0,0,0,2,0,0,70,2,2852,2852,4,5,0,2,0,1,0,0
1240089,2,2020,2020,1,3,4,193,1,39,34609,0,1,9,-29.428532,153.327401,18,2,1,1,1,0,0,0,2,0,15,50,0,775,775,4,30,27,2,0,0,1,0
1240090,4,2020,2020,1,3,6,36,31,225,34609,0,1,10,-33.793599,151.181975,77,0,2,1,1,0,0,0,2,0,0,40,0,5929,5929,1,0,27,2,0,1,0,0