Crash ID,Degree of crash - detailed,Reporting year,Year of crash,Month of crash,Day of week of crash,Two-hour intervals,Street of crash,Street type,Town,Route no.,School zone location,School zone active,Type of location,Latitude,Longitude,LGA,Urbanisation,Conurbation 1,Alignment,Street lighting,Road surface,Surface condition,Weather,Natural lighting,Signals operation,Other traffic control,Speed limit,Road classification,RUM - code,DCA - code,First impact type,Key TU type,Other TU type,No. of traffic units involved,No. killed,No. seriously injured,No. moderately injured,No. minor-other injured
1240102,1,2020,2020,1,4,2,48,10,19,121,0,1,1,-31.418873,152.866178,56,2,1,1,3,0,0,1,0,0,7,60,1,1089,1089,7,5,40,1,0,0,0,1
1240106,2,2020,2020,1,5,7,103,27,62,256,0,1,9,-34.094779,150.804847,13,0,2,1,3,0,0,3,2,2,7,80,2,14295,14295,3,0,13,2,0,0,1,0
1240110,2,2020,2020,1,2,11,36,27,290,55,0,1,7,-33.844727,150.974197,21,0,2,1,3,0,0,0,0,0,0,50,1,301,301,4,5,36,2,0,0,1,0
1240113,1,2020,2020,11,4,3,866,17,278,793,0,1,10,-33.7823,151.049886,54,0,2,0,3,0,0,0,1,0,0,60,2,2852,2852,4,5,0,2,0,0,0,1
1240119,1,2020,2020,1,1,7,195,27,85,186,0,1,10,-33.894428,150.857149,24,0,2,0,3,0,0,0,2,2,7,70,2,14295,14295,3,10,5,3,0,0,0,1
1240120,1,2020,2020,1,0,4,192,10,57,114,0,1,2,-33.441305,151.372983,16,2,2,1,3,0,0,0,2,0,7,70,2,14295,14295,3,5,5,2,0,0,0,1
1240125,4,2020,2020,1,3,11,7,27,19,18,0,1,1,-31.236271,151.171243,70,1,0,0,0,0,0,0,0,0,7,100,1,418,714,5,10,40,1,0,1,0,0
1240127,1,2020,2020,1,0,6,2,31,78,34609,0,1,9,-34.483434,150.841201,80,0,2,1,3,0,0,0,2,0,7,50,0,1850,985,5,16,40,1,0,0,0,1
1240128,2,2020,2020,5,6,7,2126,17,33,2149,0,1,9,-33.718775,150.431258,8,2,2,0,3,0,0,0,2,0,7,60,2,14295,14295,3,5,36,3,0,0,1,0
1240131,4,2020,2020,1,1,5,123,1,253,34609,0,1,10,-33.954471,151.090991,25,0,2,1,0,0,0,0,2,0,15,50,0,6545,6545,4,5,5,2,0,1,0,1
1240134,4,2020,2020,5,0,2,24,27,19,34609,0,1,1,-32.923768,151.464293,17,2,1,0,0,0,3,3,0,0,7,80,0,4552,5151,8,10,40,1,0,1,0,0
1240138,4,2020,2020,1,3,5,48,31,83,34609,0,1,1,-33.912479,151.117767,15,0,2,1,1,0,0,0,2,0,7,50,0,340,340,9,16,28,2,0,1,1,0
1240144,2,2020,2020,1,1,7,829,27,124,770,0,1,2,-33.810541,151.032807,54,0,2,1,0,0,0,0,2,0,7,60,2,14295,14295,3,10,5,2,0,0,1,0
1240148,2,2020,2020,1,3,4,11,27,10,34609,0,1,1,-32.847844,151.292844,17,2,1,0,1,2,0,0,2,0,7,60,0,4552,5151,8,21,40,1,0,0,1,0
1240150,2,2020,2020,5,6,1,78,32,646,34609,0,1,1,-33.922263,151.049279,15,0,2,1,2,0,3,3,0,0,7,60,0,9859,9859,8,5,40,1,0,0,1,0
1240155,2,2020,2020,1,2,6,20,27,132,148,0,1,1,-34.065555,151.055814,68,0,2,0,0,0,0,0,2,0,7,60,2,2585,4009,8,16,40,1,0,0,1,0
1240156,1,2020,2020,1,3,8,65,10,132,148,0,1,1,-34.087097,151.069685,68,0,2,0,3,0,0,0,3,0,7,60,2,14295,14295,3,0,5,2,0,0,0,1
1240158,2,2020,2020,1,2,5,1,31,29,34609,0,1,1,-35.099079,150.616122,63,2,1,0,3,0,0,0,2,0,7,50,0,4552,5151,1,0,5,2,0,0,1,0
1240160,4,2020,2020,5,4,9,515,14,294,518,0,1,3,-33.939203,150.921173,41,0,2,1,2,0,0,0,0,0,7,100,2,9859,9859,8,5,40,1,0,1,0,0
1240167,2,2020,2020,1,2,6,2209,17,76,2205,0,1,1,-35.367915,150.470241,63,2,1,1,3,0,0,0,2,0,7,60,2,1981,1981,4,5,19,2,0,0,1,0
1240173,1,2020,2020,1,6,4,43,27,66,87,0,1,2,-34.442864,150.883904,80,0,2,1,3,0,0,0,2,0,7,80,2,14295,14295,3,5,5,2,0,0,0,1
1240176,2,2020,2020,1,2,8,829,27,363,4,1,0,10,-33.80849,151.003814,54,0,2,1,1,0,0,0,2,2,7,60,1,6545,6545,4,5,5,4,0,0,1,0
1240178,2,2020,2020,5,4,7,127,27,135,103,0,1,10,-32.90327,151.744568,48,0,2,1,1,0,0,0,2,2,7,60,1,14295,14295,3,5,12,3,0,0,1,0
1240179,4,2020,2020,1,3,8,220,14,29,220,0,1,9,-34.401854,150.880376,80,0,2,0,0,0,0,0,2,0,0,80,2,2852,2852,4,5,13,2,0,1,1,0
1240182,2,2020,2020,11,4,7,2209,17,11,2205,0,1,9,-35.386613,150.451183,63,2,1,1,1,0,0,0,2,0,0,50,2,2585,777,8,5,40,1,0,0,1,0
1240183,4,2020,2020,5,0,4,90,36,13,102,0,1,1,-34.28247,146.12079,28,1,0,1,0,0,0,3,2,0,7,100,2,9859,9859,8,5,40,3,0,1,0,0
1240185,4,2020,2020,5,0,3,4,31,84,34609,0,1,1,-33.88275,150.944389,24,0,2,1,2,0,0,0,2,0,7,50,0,941,941,1,5,5,2,0,1,0,0
1240187,2,2020,2020,5,1,8,4,27,1,34609,0,1,1,-32.1361,149.412957,44,1,0,1,0,2,3,4,2,0,7,100,0,9859,9859,8,10,40,1,0,0,1,1
1240188,4,2020,2020,1,4,5,103,27,34,98,0,1,1,-32.802376,150.898561,64,2,1,0,0,0,0,0,2,0,7,80,2,4552,5151,8,16,40,1,0,1,0,0
1240191,2,2020,2020,1,1,7,7,27,62,34609,0,1,9,-34.087444,150.822469,13,0,2,1,3,0,0,0,2,0,0,50,0,1669,1669,3,10,36,2,0,0,1,0
1240195,4,2020,2020,1,1,4,38,31,246,64,0,1,9,-33.906162,151.202153,69,0,2,1,3,0,0,0,2,2,7,50,2,926,926,4,8,0,2,0,1,0,0
1240196,1,2020,2020,1,1,5,3,27,5,34609,0,1,1,-28.634383,152.144314,51,1,0,0,0,2,0,0,2,0,7,100,0,4552,5151,8,30,40,1,0,0,0,1
1240199,2,2020,2020,1,3,9,132,31,252,126,0,1,10,-33.891544,151.21272,69,0,2,1,3,0,0,0,0,3,7,50,2,1282,1282,1,9,27,2,0,0,1,0
1240201,2,2020,2020,1,0,4,110,31,22,34609,0,1,1,-33.7942,151.269331,50,0,2,1,3,0,0,0,2,0,7,50,0,1109,397,1,5,0,3,0,0,2,0
1240204,1,2020,2020,1,5,3,171,27,71,369,0,1,9,-33.778083,150.711498,55,0,2,1,3,0,0,0,2,0,15,70,2,775,775,4,5,5,2,0,0,0,1
1240205,1,2020,2020,1,6,8,110,27,113,48,0,1,2,-34.345501,150.873557,80,0,2,1,3,0,0,0,0,0,7,100,2,14295,14295,3,0,5,2,0,0,0,1
1240207,2,2020,2020,5,3,10,1,25,7,34609,0,1,1,-34.087892,151.152965,68,0,2,1,2,0,3,4,0,0,7,50,0,4026,4026,8,0,40,1,0,0,1,0
1240209,1,2020,2020,1,5,9,4,31,49,34609,0,1,1,-33.933321,151.157655,4,0,2,0,2,0,0,0,0,0,7,50,0,2040,2040,9,33,28,2,0,0,0,1
1240211,1,2020,2020,5,5,7,2,10,154,34609,0,1,1,-33.706824,150.948497,71,0,2,0,0,0,0,0,2,0,7,50,0,3775,3775,0,0,0,2,0,0,0,1
1240212,2,2020,2020,1,1,10,192,31,316,120,0,1,10,-33.913163,151.24204,59,0,2,1,2,0,3,4,0,2,7,50,2,6545,6545,4,30,27,2,0,0,1,0
1240213,2,2020,2020,11,0,7,55,36,5,35,0,1,1,-32.634085,150.035991,44,2,1,0,1,0,3,3,2,0,7,80,1,4552,5151,8,16,40,1,0,0,1,0
1240215,1,2020,2020,1,4,5,3371,17,25,3342,0,1,9,-32.66919,151.834052,57,1,0,1,0,0,0,0,2,0,0,100,2,14295,14295,3,5,5,2,0,0,0,1
1240216,2,2020,2020,1,2,5,916,17,29,917,0,1,10,-31.101763,150.946325,70,2,1,0,0,0,0,0,2,0,0,70,2,5929,5929,1,30,0,2,0,0,1,0
1240218,2,2020,2020,1,6,7,23,31,125,34609,0,1,1,-33.823236,151.125014,61,0,2,1,0,0,0,0,2,0,7,40,0,4552,5151,1,5,36,2,0,0,1,0
1240221,2,2020,2020,1,0,9,191,27,20,208,0,1,9,-33.801048,151.100323,61,0,2,1,2,0,3,4,0,0,7,60,2,3775,3775,0,5,5,2,0,0,1,0
1240228,1,2020,2020,1,1,4,330,23,123,233,0,1,10,-33.886648,151.219046,69,0,2,0,3,0,0,0,2,2,7,60,2,14295,14295,3,5,0,2,0,0,0,1
1240229,2,2020,2020,5,5,4,3371,17,73,3342,0,1,2,-33.771909,151.162013,36,0,2,0,1,0,3,4,2,0,7,60,2,1850,1463,5,16,40,1,0,0,1,0
1240237,1,2020,2020,1,2,4,829,27,123,770,0,1,9,-33.80856,151.066763,54,0,2,1,3,0,0,0,2,2,7,70,2,14295,14295,3,9,5,2,0,0,0,1
1240238,2,2020,2020,1,3,10,106,27,252,106,0,1,9,-33.927844,150.873859,41,0,2,1,3,0,0,0,0,2,0,70,2,775,775,4,10,5,2,0,0,1,0
1240239,4,2020,2020,1,2,6,109,27,95,382,0,1,9,-33.735291,150.845533,7,0,2,1,3,0,0,0,2,2,7,60,2,14295,14295,3,16,0,2,0,1,0,0
1240240,1,2020,2020,1,0,6,30,27,86,93,0,1,2,-33.748534,150.922169,7,0,2,1,3,0,0,0,2,0,7,60,1,623,623,3,8,5,2,0,0,0,1
1240244,1,2020,2020,6,5,9,13,31,122,34609,0,1,10,-33.426937,151.341858,16,2,2,1,1,0,0,0,2,2,7,40,0,6545,6545,4,5,5,2,0,0,0,1
1240245,4,2020,2020,5,4,1,916,17,9,917,0,1,1,-31.837297,150.920968,73,1,0,0,0,0,0,0,0,0,7,100,2,418,714,5,5,40,1,0,1,2,0
1240247,2,2020,2020,1,6,8,55,10,96,47,0,1,9,-33.43454,151.394684,16,2,2,1,3,0,0,0,2,0,7,60,2,1391,1391,1,10,0,3,0,0,2,0
1240252,2,2020,2020,1,6,5,6,27,96,34609,0,1,7,-33.383968,148.001581,51,2,1,1,3,0,0,0,2,0,0,50,0,6545,6545,4,10,0,2,0,0,1,0
1240255,2,2020,2020,1,0,6,6,18,7,34609,0,1,1,-33.278835,148.936641,11,1,0,1,0,0,3,3,2,0,7,100,0,1089,1089,7,0,40,1,0,0,1,0
1240260,2,2020,2020,1,2,5,8,27,13,34609,0,1,1,-33.392945,150.215148,40,2,1,0,0,2,0,0,2,0,7,40,0,1850,1463,5,16,40,1,0,0,1,0
1240263,1,2020,2020,1,0,7,1,27,21,34609,0,1,9,-33.697982,151.282897,50,0,2,1,1,0,3,4,2,0,15,50,0,926,926,4,30,5,2,0,0,0,1
1240264,2,2020,2020,6,6,7,2126,17,107,2149,0,1,2,-33.884316,151.196213,69,0,2,1,1,0,0,0,2,0,7,50,2,475,475,5,16,40,1,0,0,1,0
1240267,2,2020,2020,5,1,3,109,27,16,169,0,1,9,-32.827042,151.408299,17,2,1,1,1,0,3,4,2,0,0,60,2,2040,2040,9,30,28,2,0,0,1,0
1240268,2,2020,2020,1,4,9,346,17,46,332,0,1,7,-28.814635,153.281759,39,2,1,1,2,0,0,0,0,0,0,60,2,6545,6545,4,0,12,2,0,0,1,0
1240269,2,2020,2020,5,3,7,18,31,228,34609,0,1,1,-34.742688,149.724894,26,2,1,1,0,0,0,0,2,0,7,50,0,9859,9859,1,5,13,2,0,0,1,0
1240278,2,2020,2020,5,6,3,34,31,145,34609,0,1,9,-33.931396,151.114258,15,0,2,1,0,0,0,0,2,0,7,50,0,14295,14295,3,9,0,3,0,0,1,0
1240280,2,2020,2020,5,0,5,866,17,98,793,1,0,9,-33.740329,151.060592,31,0,2,1,1,0,0,0,2,2,7,70,2,14295,14295,3,5,36,3,0,0,1,0
1240282,2,2020,2020,5,0,7,3371,17,69,3342,0,1,2,-32.936312,151.749066,48,0,2,0,1,0,0,0,2,0,0,60,2,1282,1282,1,5,27,2,0,0,1,0
1240288,1,2020,2020,1,2,8,2,27,2,34609,0,1,1,-32.528767,149.848898,44,2,1,1,0,2,3,4,0,0,7,80,0,4026,4026,8,10,40,1,0,0,0,1
1240289,2,2020,2020,6,2,5,133,1,68,8,1,0,9,-33.874941,151.240085,81,0,2,1,1,0,0,0,2,0,0,50,1,1220,1220,9,0,28,2,0,0,1,0
1240293,2,2020,2020,5,5,4,5,1,562,34609,0,1,10,-32.264227,148.614331,22,2,1,1,1,0,3,0,2,0,0,50,0,9859,9859,1,0,5,2,0,0,1,0
1240295,1,2020,2020,6,3,9,76,31,363,34609,0,1,1,-33.821143,150.999127,54,0,2,1,3,0,0,0,2,0,7,50,0,1981,1981,4,5,5,4,0,0,0,1
1240297,2,2020,2020,6,4,10,98,27,609,136,0,1,2,-33.776364,150.919866,7,0,2,0,2,0,0,0,0,0,7,60,2,1957,4009,8,10,40,1,0,0,1,0
1240298,2,2020,2020,5,2,8,112,27,59,256,0,1,9,-33.969209,150.870161,13,0,2,1,2,0,3,4,0,2,7,70,2,5929,5929,1,30,0,2,0,0,2,0
1240300,4,2020,2020,6,6,7,3371,17,35,3342,0,1,10,-32.113269,152.370532,43,1,0,1,0,0,0,3,2,0,0,100,2,2852,2852,4,34,0,2,0,1,0,4
1240307,1,2020,2020,5,5,7,251,27,64,212,1,0,9,-33.757906,151.219863,50,0,2,1,0,0,3,4,2,0,7,70,2,926,926,4,9,13,2,0,0,0,1
1240311,2,2020,2020,5,0,8,30,31,433,34609,0,1,10,-33.285665,149.113901,52,2,1,1,3,0,0,0,3,0,0,50,0,6545,6545,4,0,5,3,0,0,1,0
1240314,4,2020,2020,5,6,7,39,31,370,256,0,1,10,-34.066683,150.819605,13,0,2,1,1,0,0,0,2,2,7,60,2,5929,5929,1,5,5,2,0,1,0,0
1240315,4,2020,2020,6,4,9,143,1,646,34609,0,1,1,-33.925001,151.024901,15,0,2,1,1,0,0,0,0,0,7,50,0,1220,1220,9,30,28,2,0,1,1,0
1240316,1,2020,2020,1,5,7,204,31,169,2,0,1,9,-33.602227,150.75833,29,2,2,1,0,0,0,0,2,0,7,50,1,2040,2040,9,0,28,2,0,0,0,1
1240321,4,2020,2020,5,6,8,1,27,58,34609,0,1,1,-32.979388,151.668519,37,0,2,1,1,0,0,0,2,0,7,50,0,9859,9859,8,0,40,1,0,2,1,1
1240322,4,2020,2020,5,6,9,162,31,91,172,0,1,7,-32.966815,151.652399,37,0,2,0,2,0,0,0,0,0,0,60,2,6545,6545,4,5,0,2,0,1,2,0
1240326,2,2020,2020,6,5,9,112,27,18,256,0,1,9,-34.045478,150.829291,13,0,2,1,2,0,0,0,0,2,7,60,2,14295,14295,3,5,0,2,0,0,1,0
1240327,2,2020,2020,1,2,2,125,27,22,144,0,1,1,-32.856987,151.804317,57,2,1,1,0,0,0,0,0,0,7,70,2,3775,3775,0,10,5,2,0,0,1,0
1240328,1,2020,2020,1,6,4,165,31,22,369,0,1,1,-33.635895,150.787197,29,2,2,1,3,0,0,0,2,0,7,70,2,14295,14295,3,8,36,2,0,0,0,1
1240334,1,2020,2020,11,5,4,78,17,39,75,0,1,8,-33.845796,151.212243,49,0,2,1,3,0,0,0,2,0,7,70,2,14295,14295,3,9,0,2,0,0,0,1
1240337,1,2020,2020,1,0,6,22,27,136,702,0,1,10,-33.860745,151.068416,67,0,2,1,3,0,0,0,2,0,15,60,2,1391,1391,1,5,5,2,0,0,0,1
1240338,2,2020,2020,1,0,6,346,17,48,332,0,1,10,-29.053549,152.025116,51,2,1,1,0,0,0,0,2,0,15,50,2,6545,6545,4,0,5,2,0,0,1,0
1240339,2,2020,2020,5,6,3,4,1,74,34609,0,1,1,-34.422591,150.855471,80,0,2,1,3,0,0,0,2,0,7,50,0,9859,9859,8,0,40,4,0,0,1,0
1240346,2,2020,2020,1,0,7,9,31,166,34609,0,1,7,-33.424861,149.582594,3,2,1,1,3,0,0,0,2,0,0,60,0,14295,14295,3,5,5,2,0,0,1,0
1240347,1,2020,2020,1,0,7,2126,17,283,2149,0,1,10,-33.827598,151.004833,54,0,2,1,3,0,0,0,2,3,7,60,2,14295,14295,3,0,36,2,0,0,0,1
1240349,4,2020,2020,6,5,8,1104,14,223,962,0,1,3,-33.803688,150.902244,7,0,2,1,2,0,0,0,0,0,7,100,2,2040,2040,9,0,28,2,0,1,1,0
1240351,2,2020,2020,1,4,7,79,10,128,231,0,1,6,-33.42746,151.318064,16,2,2,0,3,0,0,0,2,2,9,60,2,14295,14295,3,16,5,2,0,0,1,0
1240353,1,2020,2020,5,0,9,12,31,111,34609,0,1,7,-33.922117,151.251698,59,0,2,1,2,0,0,0,0,0,0,50,0,1850,985,5,15,40,1,0,0,0,1
1240354,2,2020,2020,6,1,7,294,17,215,288,0,1,9,-35.115315,147.339447,75,2,1,0,0,0,0,0,2,0,7,80,2,1669,1669,3,5,36,2,0,0,2,0
1240355,1,2020,2020,1,0,0,34,1,18,34609,0,1,1,-32.897706,151.712455,48,0,2,1,3,0,0,0,0,0,7,50,0,9859,9859,1,5,13,3,0,0,0,1
1240356,2,2020,2020,6,5,4,481,17,10,483,0,1,1,-29.627046,149.796353,51,1,0,0,0,0,0,0,2,0,7,110,2,1957,4009,8,10,40,1,0,0,2,0
1240357,2,2020,2020,6,3,8,35,10,463,34609,0,1,1,-30.305401,153.130266,19,2,1,1,2,0,3,4,0,0,7,50,0,9859,9859,8,5,40,1,0,0,1,0
1240358,2,2020,2020,5,0,3,2261,17,32,2252,0,1,2,-34.247699,150.658262,79,1,2,1,0,0,0,0,1,0,7,110,2,4026,4026,8,5,40,1,0,0,1,0
1240360,2,2020,2020,5,1,3,123,1,68,78,0,1,10,-33.703699,149.854231,51,2,1,1,1,0,0,0,2,0,0,50,2,6545,6545,4,10,0,2,0,0,2,0
1240364,4,2020,2020,5,0,9,2261,17,23,2252,0,1,2,-34.647367,150.118968,78,1,0,1,0,0,0,0,0,0,7,110,2,404,404,8,5,40,1,0,1,0,0
1240365,2,2020,2020,6,0,11,18,27,6,20,0,1,1,-33.699486,149.959482,51,1,0,0,0,0,1,0,0,0,7,100,2,2585,4009,8,5,40,1,0,0,1,0
1240371,2,2020,2020,6,0,10,8,10,164,34609,0,1,1,-33.726681,150.910942,7,0,2,1,2,0,0,0,0,0,7,50,0,9859,9859,1,5,5,2,0,0,1,0
1240372,2,2020,2020,6,3,3,31,10,78,23,0,1,1,-33.440097,151.441283,16,2,2,1,2,0,3,4,1,0,7,50,1,9859,9859,1,5,13,2,0,0,1,0
1240373,1,2020,2020,5,3,0,3371,17,53,3342,0,1,2,-33.768983,151.159558,36,0,2,1,2,0,0,0,0,0,7,60,2,9859,9859,1,16,0,2,0,0,0,1
1240375,4,2020,2020,5,1,3,3371,17,49,3342,0,1,9,-33.197706,151.524507,16,2,2,1,0,0,3,4,1,0,7,80,2,9859,9859,8,9,40,1,0,1,0,0
1240378,4,2020,2020,5,3,10,9,31,134,34609,1,0,9,-33.524944,151.3134,16,2,2,1,2,0,3,4,0,0,7,50,0,1220,1220,9,10,28,2,0,1,0,0
1240380,4,2020,2020,5,3,5,1,27,14,34609,0,1,1,-33.600235,150.926896,71,0,2,0,0,0,0,0,2,0,7,60,0,2585,4009,8,5,40,1,0,1,0,0
1240383,1,2020,2020,5,3,7,12,31,49,34609,0,1,1,-32.994494,151.680378,37,0,2,1,0,0,0,0,2,0,7,50,0,14295,14295,3,5,27,2,0,0,0,1
1240384,4,2020,2020,5,5,5,71,27,69,122,0,1,9,-34.545878,150.862025,62,0,2,1,2,0,3,4,2,2,7,70,2,9859,9859,8,10,40,1,0,1,0,0
1240386,4,2020,2020,5,4,8,5,27,2,34609,0,1,1,-36.702609,149.912385,5,1,0,0,0,2,0,0,2,0,7,90,0,1850,1463,5,16,40,1,0,1,0,0
1240388,2,2020,2020,1,6,6,1,6,8,34609,0,1,1,-32.746322,152.165252,57,2,1,1,1,0,0,0,2,0,7,50,0,1282,1282,1,5,40,1,0,0,1,0
1240390,2,2020,2020,1,1,6,118,17,8,118,0,1,1,-31.241342,150.424919,51,1,0,1,0,0,3,3,2,0,7,110,2,323,323,1,8,13,2,0,0,2,0
1240391,2,2020,2020,1,1,8,59,27,271,42,0,1,9,-33.941287,151.018417,15,0,2,1,3,0,0,0,2,2,9,60,1,5929,5929,1,30,0,3,0,0,1,0
1240394,4,2020,2020,1,3,1,1,27,25,34609,0,1,1,-31.731128,148.6578,51,2,1,0,0,0,0,0,0,0,7,80,0,2585,4009,8,5,40,1,0,1,0,0
1240397,4,2020,2020,5,0,5,2,1,50,34609,0,1,1,-33.231018,151.555109,16,2,2,1,1,0,3,0,2,0,7,50,0,9859,9859,1,5,5,2,0,1,0,0
1240398,4,2020,2020,1,3,5,2,27,2,34609,0,1,1,-34.70039,150.810607,35,2,1,0,0,0,0,0,2,0,7,60,0,1850,1463,5,16,40,1,0,1,0,0
1240399,4,2020,2020,1,4,8,92,31,17,34609,0,1,1,-31.880859,152.668991,43,2,1,1,0,0,0,0,2,0,7,50,0,1945,1945,5,16,40,1,0,1,0,0
1240400,4,2020,2020,5,2,6,512,17,433,441,0,1,9,-33.313283,149.141619,52,2,1,1,1,0,3,4,2,0,0,80,2,2852,2852,4,5,36,2,0,2,1,0
1240401,4,2020,2020,5,5,9,2126,17,62,2149,0,1,9,-33.751127,150.611563,8,2,2,1,0,0,0,0,0,0,0,80,2,2852,2852,4,5,5,3,0,1,0,0
1240403,1,2020,2020,1,2,9,25,31,127,30,0,1,10,-33.894046,151.157422,32,0,2,1,3,0,0,0,0,2,7,60,1,623,623,3,5,5,2,0,0,0,1
1240404,1,2020,2020,1,6,4,234,27,54,217,0,1,2,-33.714071,151.015644,71,0,2,0,3,0,0,0,2,0,7,60,2,1383,1383,1,5,0,2,0,0,0,1
1240413,1,2020,2020,1,5,9,15,27,609,34609,0,1,7,-33.789351,150.905687,7,0,2,1,3,0,0,0,3,0,0,50,0,926,926,4,5,0,2,0,0,0,1
1240416,2,2020,2020,11,6,5,38,27,8,45,0,1,9,-35.084366,150.646504,63,2,1,1,1,0,0,0,2,0,0,70,1,1192,1192,1,0,5,5,0,0,1,0
1240422,2,2020,2020,1,0,2,115,27,96,46,0,1,2,-34.229814,150.667906,79,2,2,1,2,0,0,0,1,0,7,80,2,14295,14295,3,34,5,2,0,0,1,0
1240424,2,2020,2020,5,6,3,829,27,81,34609,1,0,9,-33.887982,151.258555,81,0,2,1,1,0,0,0,2,0,7,50,0,1850,777,5,15,40,2,0,0,1,0
1240427,2,2020,2020,6,6,5,34,27,57,799,0,1,10,-33.898928,151.169476,32,0,2,1,1,0,0,0,2,2,8,60,2,5929,5929,1,5,13,3,0,0,1,0
1240431,2,2020,2020,1,0,3,8,27,9,34609,0,1,9,-34.429169,148.29903,30,1,0,0,0,0,3,4,2,0,7,100,0,1089,1089,7,30,40,1,0,0,1,0
1240432,4,2020,2020,1,2,4,251,27,17,212,0,1,2,-33.77134,151.205155,50,0,2,0,1,0,0,0,2,0,7,80,2,2585,4009,8,5,40,1,0,1,0,0
1240434,4,2020,2020,6,0,7,3371,17,30,3342,0,1,9,-32.610833,152.08965,43,1,0,1,0,0,0,0,2,0,15,100,2,2852,2852,4,5,5,2,0,1,1,0
1240436,4,2020,2020,1,4,8,14,27,85,34609,0,1,7,-33.901108,150.860794,41,0,2,1,0,0,0,0,2,0,0,50,0,1957,777,1,5,5,2,0,1,0,0
1240438,4,2020,2020,11,5,2,2126,17,226,2149,0,1,10,-33.781481,150.823985,7,0,2,1,1,0,0,0,1,2,7,80,2,5929,5929,1,5,13,2,0,1,0,0
1240439,4,2020,2020,1,5,7,2,6,9,34609,1,0,1,-33.016094,151.664138,37,0,2,1,1,0,0,0,2,0,7,50,0,1282,1282,1,0,5,2,0,1,0,0
1240443,1,2020,2020,1,1,6,86,27,16,65,0,1,1,-30.009904,152.663343,18,1,0,0,0,0,0,0,2,0,7,100,1,4552,5151,8,0,40,1,0,0,0,2
1240453,1,2020,2020,6,5,9,866,17,204,793,0,1,10,-33.899433,150.919235,24,0,2,1,0,0,0,0,0,2,9,70,2,14295,14295,3,5,0,2,0,0,0,1
1240454,1,2020,2020,6,3,1,1,10,10,34609,0,1,1,-35.158221,147.359841,75,2,1,0,2,0,0,0,0,0,7,50,0,1957,4009,8,5,40,1,0,0,0,1
1240455,4,2020,2020,5,1,7,10,27,10,34609,0,1,2,-35.151685,147.359045,75,2,1,1,0,0,0,0,2,0,7,70,0,475,475,5,16,40,1,0,1,0,0
1240456,2,2020,2020,6,0,10,5,22,149,34609,0,1,7,-33.987125,151.131544,25,0,2,1,2,0,0,0,0,0,7,50,0,9859,9859,1,5,5,2,0,0,1,0
1240458,4,2020,2020,5,3,5,84,10,10,80,0,1,1,-34.2227,150.990271,80,0,2,0,1,0,0,0,2,0,7,60,2,2585,4009,8,16,40,1,0,1,0,0
1240462,2,2020,2020,1,0,5,280,10,46,240,0,1,10,-33.880535,150.966509,24,0,2,1,1,0,0,0,2,2,7,60,2,6545,6545,4,5,5,2,0,0,2,0
1240465,4,2020,2020,6,6,10,3,27,2,34609,0,1,1,-34.732247,150.685172,63,2,1,0,0,0,0,0,0,0,7,60,0,1259,5151,8,9,40,1,0,1,0,0
1240466,1,2020,2020,5,4,11,120,36,16,148,0,1,1,-30.418069,152.833928,6,2,1,0,0,0,0,0,0,0,7,80,2,4552,5151,8,5,40,1,0,0,0,1
1240467,1,2020,2020,5,4,5,44,27,89,38,0,1,9,-33.869129,150.889069,24,0,2,1,1,0,0,0,2,0,0,60,1,926,926,4,5,25,2,0,0,0,1
1240469,4,2020,2020,1,5,8,42,27,346,34609,0,1,9,-33.877606,151.08236,67,0,2,1,1,0,0,0,2,0,7,50,0,2852,2852,4,5,13,2,0,1,0,0
1240475,1,2020,2020,1,2,5,110,27,29,173,0,1,2,-34.401403,150.875856,80,0,2,1,3,0,0,0,2,0,7,80,2,14295,14295,3,0,25,3,0,0,0,1
1240477,2,2020,2020,5,6,8,2,31,166,34609,0,1,10,-33.895534,151.176349,32,0,2,1,2,0,0,0,3,0,15,50,0,6545,6545,4,0,19,2,0,0,1,0
1240478,2,2020,2020,5,0,4,1052,27,219,262,0,1,10,-32.903727,151.682903,48,0,2,1,1,0,0,0,2,2,7,60,2,623,623,3,0,5,2,0,0,1,0
1240481,1,2020,2020,5,4,9,4,18,150,34609,0,1,9,-33.920216,151.227374,59,0,2,1,0,0,0,0,0,0,7,50,0,214,214,9,0,28,2,0,0,0,1
1240483,2,2020,2020,1,2,3,2209,17,22,2205,0,1,1,-36.137291,150.092167,23,1,0,1,0,0,3,4,1,0,7,100,2,217,217,1,5,10,2,0,0,2,0
1240484,1,2020,2020,5,0,5,20,31,12,13,0,1,1,-33.896208,151.120235,15,0,2,1,3,0,0,0,2,0,7,50,1,623,623,3,9,5,2,0,0,0,1
1240487,2,2020,2020,6,3,9,2261,17,23,2252,0,1,10,-34.813186,148.641657,82,1,0,1,2,0,0,0,0,0,0,110,2,2852,2852,4,5,13,2,0,0,1,0
1240493,4,2020,2020,1,2,11,149,27,294,198,0,1,1,-33.941992,150.942327,41,0,2,1,2,0,0,0,0,0,7,60,2,14295,14295,3,16,40,2,0,1,0,0
1240496,1,2020,2020,1,0,8,1104,14,323,962,0,1,3,-33.798214,150.855354,7,0,2,1,2,0,3,4,3,0,7,100,2,9859,9859,8,5,40,1,0,0,0,1
1240497,2,2020,2020,1,4,10,3371,17,38,3342,0,1,2,-30.246175,153.141111,19,2,1,1,0,0,0,0,0,0,7,80,2,1383,1383,1,30,36,2,0,0,1,0