Crash ID,Degree of crash - detailed,Reporting year,Year of crash,Month of crash,Day of week of crash,Two-hour intervals,Street of crash,Street type,Town,Route no.,School zone location,School zone active,Type of location,Latitude,Longitude,LGA,Urbanisation,Conurbation 1,Alignment,Street lighting,Road surface,Surface condition,Weather,Natural lighting,Signals operation,Other traffic control,Speed limit,Road classification,RUM - code,DCA - code,First impact type,Key TU type,Other TU type,No. of traffic units involved,No. killed,No. seriously injured,No. moderately injured,No. minor-other injured
1240499,1,2020,2020,1,0,6,45,27,304,96,0,1,9,-33.90921,151.161322,32,0,2,1,3,0,0,0,2,0,0,60,2,14295,14295,3,5,5,3,0,0,0,1
1240504,1,2020,2020,1,1,3,2261,17,443,2252,0,1,10,-33.905894,151.040142,15,0,2,0,3,0,0,0,2,2,7,60,2,14295,14295,3,10,5,2,0,0,0,1
1240508,4,2020,2020,5,5,8,2261,17,646,2252,1,0,10,-33.906521,151.036011,15,0,2,1,3,0,0,0,3,2,7,60,2,4026,4026,8,5,40,1,0,1,0,0
1240510,4,2020,2020,1,4,8,22,31,44,34609,0,1,9,-33.07757,147.153025,51,2,1,1,1,0,0,0,2,0,7,50,0,926,926,4,16,19,2,0,2,0,0
1240511,1,2020,2020,1,3,5,55,1,167,34609,0,1,10,-33.849937,151.073853,54,0,2,1,3,0,0,0,2,2,0,60,0,14295,14295,3,0,36,2,0,0,0,1
1240514,2,2020,2020,6,0,3,1052,27,219,262,0,1,2,-32.903257,151.678798,48,0,2,1,3,0,3,0,2,0,7,60,2,14295,14295,3,5,5,4,0,0,2,0
1240516,1,2020,2020,5,3,8,14,31,130,34609,0,1,1,-33.868448,151.187803,69,0,2,1,3,0,0,0,2,0,7,40,0,3775,3775,0,5,5,2,0,0,0,1
1240522,1,2020,2020,1,1,7,113,27,78,111,0,1,1,-33.877227,150.804192,55,0,2,1,0,0,0,0,2,0,7,80,2,14295,14295,3,0,13,2,0,0,0,1
1240528,4,2020,2020,5,0,5,16,27,12,34609,0,1,7,-32.932109,151.586117,37,0,2,1,1,0,0,0,2,0,7,60,0,9859,9859,8,5,40,1,0,1,0,0
1240529,1,2020,2020,1,0,5,5,1,173,34609,0,1,9,-33.717508,151.1179,36,0,2,1,0,0,0,0,2,0,7,50,0,6545,6545,4,5,5,2,0,0,0,1
1240535,1,2020,2020,1,6,10,2126,17,204,2149,0,1,10,-33.880555,151.132061,32,0,2,1,2,0,0,0,0,3,7,60,2,4026,4026,8,16,40,1,0,0,0,1
1240536,2,2020,2020,6,5,10,485,27,232,769,0,1,9,-33.672628,150.906257,7,0,2,1,2,0,0,0,0,0,2,80,2,1259,985,8,5,40,1,0,0,1,0
1240538,2,2020,2020,1,5,8,9,4,165,34609,0,1,1,-32.286992,150.911911,46,2,1,1,1,0,0,0,2,0,7,50,0,340,340,9,5,28,2,0,0,1,0
1240539,2,2020,2020,5,2,5,14,27,6,34609,0,1,1,-33.445252,150.709747,29,2,2,0,0,2,0,0,2,0,7,50,0,418,714,5,16,40,1,0,0,1,0
1240541,2,2020,2020,6,1,10,10,10,105,34609,0,1,1,-32.703376,151.51836,42,2,1,1,2,0,0,0,0,0,7,50,0,190,190,1,5,5,2,0,0,1,0
1240543,1,2020,2020,5,4,9,475,10,137,268,0,1,9,-33.898879,150.89493,24,0,2,0,2,0,0,0,0,0,0,60,2,256,256,4,0,13,2,0,0,0,1
1240544,2,2020,2020,5,0,6,40,27,19,34609,0,1,10,-35.755489,145.583881,51,1,0,1,3,0,0,0,2,0,0,100,0,6545,6545,4,8,5,2,0,0,1,0
1240547,4,2020,2020,1,0,3,133,10,8,121,0,1,1,-31.600055,152.839248,56,2,1,1,0,0,0,0,2,0,7,50,1,4026,4026,8,10,40,1,0,1,0,0
1240548,4,2020,2020,6,2,6,13,31,64,34609,0,1,10,-33.897409,151.0894,67,0,2,1,1,0,0,0,2,0,0,50,0,6545,6545,4,5,0,2,0,2,1,0
1240551,1,2020,2020,11,5,7,8,31,48,34609,0,1,7,-32.724289,152.142966,57,2,1,0,3,0,0,0,2,0,0,50,0,1282,1282,1,5,40,2,0,0,0,1
1240554,1,2020,2020,1,1,3,73,24,17,88,0,1,9,-33.734774,151.245528,50,0,2,1,3,0,0,0,2,0,15,80,2,2852,2852,4,5,36,2,0,0,0,1
1240558,2,2020,2020,5,6,7,232,36,40,331,0,1,10,-33.949955,150.838593,41,0,2,0,3,0,0,0,2,2,7,70,2,14295,14295,3,5,40,3,0,0,1,0
1240560,1,2020,2020,1,3,5,22,27,46,93,1,0,9,-33.786384,150.965589,54,0,2,1,3,0,0,0,2,2,7,60,1,14295,14295,3,30,5,2,0,0,0,1
1240562,1,2020,2020,1,1,3,10,31,193,34609,0,1,9,-33.790187,151.082767,61,0,2,1,3,0,0,0,1,0,7,50,0,941,941,1,0,36,2,0,0,0,1
1240563,2,2020,2020,1,6,5,17,27,24,34609,1,0,7,-34.013803,150.719313,12,0,2,1,3,0,0,0,2,0,0,80,0,6545,6545,4,5,13,2,0,0,1,0
1240564,2,2020,2020,1,4,8,232,36,134,331,0,1,10,-33.984626,150.796054,12,0,2,1,3,0,0,0,3,0,15,80,2,5929,5929,1,10,5,2,0,0,1,0
1240566,2,2020,2020,11,6,5,5,31,64,46,0,1,10,-33.479824,150.167191,40,2,1,1,1,0,0,0,2,0,7,50,2,1669,1669,3,0,5,2,0,0,1,0
1240568,2,2020,2020,1,1,2,2,27,13,34609,0,1,1,-34.752751,150.483017,63,2,1,1,3,0,0,0,0,0,7,80,0,1945,1945,5,16,40,1,0,0,1,0
1240571,1,2020,2020,1,3,5,866,17,98,793,0,1,10,-33.739431,151.068573,31,0,2,1,3,0,0,0,2,3,7,70,2,14295,14295,3,5,5,2,0,0,0,1
1240580,4,2020,2020,1,3,6,14,27,228,34609,0,1,1,-34.734009,149.713747,26,2,1,0,0,0,3,4,2,0,7,50,0,4552,5151,8,5,40,1,0,1,0,0
1240581,4,2020,2020,1,2,5,16,27,45,34609,0,1,9,-31.791036,152.526642,43,2,1,0,0,0,0,0,2,0,7,80,0,2585,4009,8,16,40,1,0,1,0,0
1240587,2,2020,2020,0,5,7,1,18,463,34609,0,1,9,-30.296872,153.116438,19,2,1,1,1,0,0,0,2,0,0,50,0,591,591,1,22,0,2,0,0,1,0
1240592,2,2020,2020,1,4,8,115,27,138,114,0,1,1,-33.86931,151.276859,76,0,2,1,1,0,0,0,3,0,7,50,2,1981,1981,4,5,27,2,0,0,1,0
1240593,4,2020,2020,1,5,9,283,27,70,702,0,1,9,-33.980608,151.107657,25,0,2,1,2,0,0,0,0,0,0,70,2,2852,2852,4,5,5,2,0,1,0,1
1240594,2,2020,2020,1,5,9,3371,17,65,3342,0,1,2,-30.358753,153.059069,19,1,0,1,0,0,0,0,0,0,7,110,2,204,204,1,10,41,3,0,0,2,1
1240598,2,2020,2020,1,0,3,5,27,112,34609,0,1,1,-33.673984,151.021311,71,0,2,0,1,0,0,0,2,0,7,60,0,1259,5151,8,10,40,1,0,0,1,0
1240601,1,2020,2020,1,2,3,31,27,20,46,0,1,1,-33.47258,150.181827,40,2,1,0,0,0,1,5,1,0,7,60,1,2585,4009,8,0,40,1,0,0,0,1
1240602,2,2020,2020,6,2,9,3371,17,14,3342,0,1,1,-28.941559,153.469112,2,2,1,1,0,0,0,0,0,0,7,80,2,121,121,9,0,28,2,0,0,1,1
1240603,2,2020,2020,5,6,2,133,27,8,11,0,1,1,-33.633247,146.952143,51,1,0,0,0,0,0,0,1,0,7,100,1,4552,5151,8,0,40,1,0,0,1,0
1240606,1,2020,2020,5,6,3,44,27,253,331,1,0,9,-33.962298,151.112782,25,0,2,1,1,0,0,0,2,2,7,60,2,5929,5929,1,0,5,2,0,0,0,1
1240608,1,2020,2020,6,4,8,2209,17,113,2205,0,1,2,-34.310168,150.897768,80,0,2,0,0,0,0,0,3,0,7,80,2,1282,1282,1,5,13,2,0,0,0,1
1240609,2,2020,2020,1,4,7,171,27,60,369,0,1,9,-34.014461,150.724283,12,0,2,1,1,0,0,0,2,2,7,80,2,1669,1669,3,5,5,2,0,0,1,0
1240611,2,2020,2020,1,0,6,13,27,438,563,0,1,9,-33.847046,151.04039,21,0,2,1,1,0,0,0,2,0,15,70,2,623,623,3,0,18,2,0,0,1,0
1240613,1,2020,2020,5,2,6,178,27,189,101,0,1,9,-33.945751,151.053314,15,0,2,1,1,0,0,0,2,0,7,50,1,5929,5929,1,5,0,2,0,0,0,2
1240614,2,2020,2020,1,6,10,11,27,69,34609,1,0,1,-28.544145,153.48563,10,2,1,0,0,0,0,0,0,0,7,80,0,1957,4009,8,0,40,1,0,0,1,0
1240616,4,2020,2020,1,2,5,114,27,21,65,0,1,1,-33.360004,151.15748,16,2,2,0,0,0,0,0,2,0,7,80,1,1850,1463,5,16,40,1,0,1,0,0
1240618,4,2020,2020,1,1,4,89,27,11,228,0,1,1,-32.854063,151.325265,17,2,1,1,1,0,3,4,2,0,7,60,1,1981,1981,4,5,13,3,0,1,1,0
1240624,2,2020,2020,1,2,9,24,31,433,34609,0,1,7,-33.275869,149.10029,52,2,1,0,2,0,3,4,0,0,0,50,0,6545,6545,4,10,5,2,0,0,1,0
1240627,2,2020,2020,6,5,8,177,22,239,176,0,1,2,-34.036079,151.115317,68,0,2,1,2,0,0,0,3,0,7,60,2,14295,14295,3,5,5,3,0,0,3,0
1240628,4,2020,2020,5,1,4,8,27,316,34609,0,1,1,-31.470633,152.93317,56,2,1,0,1,0,0,0,2,0,7,50,0,2585,4009,8,10,40,1,0,1,0,0
1240629,2,2020,2020,1,2,4,109,27,95,382,0,1,2,-33.735052,150.845896,7,0,2,1,1,0,0,0,2,0,7,60,2,1282,1282,1,5,19,2,0,0,1,0
1240630,4,2020,2020,1,4,5,28,31,105,34609,0,1,1,-32.590653,149.585723,44,2,1,1,1,0,0,0,2,0,7,50,0,2040,2040,9,10,28,2,0,1,0,0
1240631,4,2020,2020,6,0,7,17,27,7,39,0,1,1,-31.405768,150.416595,51,1,0,1,0,0,0,0,2,0,13,100,1,945,945,5,30,40,1,0,1,0,0
1240635,4,2020,2020,1,3,2,17,1,85,34609,0,1,1,-33.721164,151.135626,36,0,2,1,1,0,0,0,0,0,7,50,0,9859,9859,1,5,5,2,0,1,0,0
1240637,4,2020,2020,6,4,4,16,31,30,41,0,1,9,-34.870284,147.584832,51,2,1,1,1,0,3,3,2,0,0,50,1,1945,1945,5,16,40,1,0,1,0,0
1240639,2,2020,2020,5,6,6,8,31,137,34609,1,0,1,-34.032144,151.058686,68,0,2,1,3,0,0,0,2,0,9,50,0,941,941,1,0,36,2,0,0,1,0
1240640,2,2020,2020,6,0,6,1104,14,438,962,0,1,6,-33.841742,151.042678,54,0,2,1,1,0,0,0,2,0,7,70,2,14295,14295,3,8,10,2,0,0,1,0
1240643,2,2020,2020,1,3,8,2,27,14,34609,0,1,1,-34.802053,149.507261,26,1,0,1,3,0,3,3,2,0,7,100,0,14295,14295,3,5,5,2,0,0,1,0
1240644,4,2020,2020,5,2,10,36,27,39,83,0,1,1,-29.432238,153.336552,18,2,1,1,2,0,0,0,0,0,7,50,1,30,30,9,5,28,2,0,1,0,0
1240645,4,2020,2020,1,3,1,2,10,120,34609,0,1,1,-33.752526,150.873804,7,0,2,0,2,0,3,0,0,0,7,50,0,4552,5151,1,5,13,2,0,1,1,0
1240646,2,2020,2020,5,1,1,3371,17,18,3342,0,1,2,-30.789418,152.880114,47,1,0,1,1,0,0,0,0,0,7,110,2,9859,9859,8,10,40,1,0,0,1,0
1240647,2,2020,2020,5,2,8,213,17,83,213,0,1,7,-29.705152,152.933347,18,2,1,1,0,0,0,0,2,0,0,50,2,6545,6545,4,33,13,2,0,0,1,0
1240681,2,2020,2020,6,3,9,2261,17,23,2252,0,1,10,-34.813186,148.641657,82,1,0,1,2,0,0,0,0,0,0,110,2,204,204,1,9,5,2,0,0,1,1
1240684,4,2020,2020,5,3,9,6,31,91,34609,0,1,9,-33.966216,151.083283,25,0,2,1,2,0,0,0,0,0,0,50,0,1945,1945,5,15,40,1,0,1,0,0
1240691,2,2020,2020,1,4,7,117,27,72,144,0,1,9,-33.853468,151.090836,14,0,2,1,1,0,0,0,2,0,6,60,2,5929,5929,1,5,27,2,0,0,1,0
1240695,2,2020,2020,1,4,3,67,27,165,78,0,1,10,-33.853958,151.150157,14,0,2,1,2,0,0,0,1,0,0,50,2,5929,5929,1,5,5,2,0,0,1,0
1240696,2,2020,2020,6,5,8,500,27,83,799,0,1,9,-33.908712,151.124303,15,0,2,1,2,0,0,0,0,0,7,60,2,2040,2040,9,10,28,3,0,0,2,0
1240697,1,2020,2020,11,6,8,192,31,316,56,0,1,10,-33.902835,151.244823,59,0,2,1,1,0,0,0,2,2,7,50,1,14295,14295,3,5,0,2,0,0,0,1
1240698,1,2020,2020,1,0,7,194,31,309,702,0,1,2,-33.821554,151.097551,61,0,2,1,3,0,0,0,2,0,7,70,2,14295,14295,3,5,0,2,0,0,0,1
1240700,2,2020,2020,11,5,6,51,27,57,63,0,1,7,-34.570925,150.823701,62,0,2,1,3,0,0,0,2,0,7,60,2,6545,6545,4,8,5,2,0,0,1,0
1240701,2,2020,2020,11,4,9,9,36,39,34609,0,1,1,-32.740501,152.098514,57,2,1,1,3,0,0,0,3,0,7,60,0,14295,14295,3,10,5,3,0,0,1,0
1240703,1,2020,2020,5,1,9,24,31,290,28,0,1,7,-33.845196,150.976868,21,0,2,1,3,0,3,4,0,0,0,50,1,301,301,4,0,13,2,0,0,0,1
1240706,2,2020,2020,5,1,5,41,27,137,80,0,1,2,-32.969941,151.689076,37,0,2,0,0,0,3,4,2,0,7,60,1,1850,1463,5,16,40,1,0,0,1,0
1240713,2,2020,2020,11,0,8,344,27,363,369,0,1,9,-33.737856,150.716916,55,0,2,1,2,0,3,4,0,0,0,70,2,14295,14295,3,5,5,3,0,0,1,1
1240716,4,2020,2020,5,3,11,55,27,337,70,0,1,1,-33.714483,151.027043,31,0,2,1,2,0,3,4,0,0,7,60,2,4026,4026,8,10,40,1,0,1,0,0
1240717,4,2020,2020,1,2,5,72,31,176,62,0,1,1,-33.962516,151.144046,4,0,2,1,0,0,0,0,2,0,7,60,1,1981,1981,4,10,5,2,0,1,0,0
1240719,2,2020,2020,1,0,6,50,27,57,799,0,1,10,-33.899492,151.170934,32,0,2,1,1,0,0,0,2,2,7,60,2,323,323,1,9,27,2,0,0,1,0
1240723,1,2020,2020,5,4,6,48,31,72,44,0,1,10,-33.82905,151.22259,49,0,2,1,1,0,0,0,2,0,15,50,1,5929,5929,1,30,18,2,0,0,0,1
1240724,1,2020,2020,11,4,5,10,31,84,16,0,1,9,-31.098409,150.924046,70,2,1,0,1,0,3,4,2,0,0,60,1,5929,5929,1,0,0,2,0,0,0,1
1240725,4,2020,2020,5,4,8,10,10,105,917,0,1,7,-32.710779,151.516846,42,2,1,1,2,0,0,3,0,0,0,60,2,6545,6545,4,0,19,2,0,1,0,0
1240727,2,2020,2020,11,3,5,33,10,7,34609,0,1,1,-28.586924,153.467285,10,2,1,0,0,0,3,4,2,0,7,60,0,1259,5151,8,0,40,1,0,0,1,0
1240729,1,2020,2020,1,5,6,234,27,112,217,1,0,1,-33.684514,151.027604,31,0,2,1,0,0,0,0,2,0,7,60,2,1669,1669,3,5,0,2,0,0,0,2
1240730,4,2020,2020,1,6,4,475,10,83,268,0,1,9,-33.874737,150.838882,41,0,2,1,3,0,2,6,2,0,8,80,2,1669,1669,3,9,5,3,0,1,0,0
1240731,2,2020,2020,1,5,10,204,31,28,82,1,0,2,-35.146067,147.350377,75,2,1,1,2,0,0,0,0,0,7,60,1,9859,9859,8,10,40,1,0,0,1,0
1240739,1,2020,2020,1,5,8,117,1,115,121,0,1,10,-34.035755,151.070788,68,0,2,1,1,0,0,0,2,2,7,60,1,1945,1945,5,16,40,1,0,0,0,1
1240740,1,2020,2020,1,4,10,63,27,187,17,0,1,1,-33.895859,150.991019,15,0,2,1,2,0,0,0,0,0,7,60,1,14295,14295,3,5,5,2,0,0,0,1
1240741,4,2020,2020,5,6,9,135,17,131,136,0,1,7,-36.082312,146.910149,0,2,1,1,2,0,0,0,3,0,0,60,2,14295,14295,3,5,5,2,0,1,0,0
1240742,2,2020,2020,1,1,7,26,27,111,34609,0,1,10,-33.700472,150.857519,7,0,2,1,1,0,0,0,2,0,15,60,0,6545,6545,4,8,0,2,0,0,1,0
1240744,1,2020,2020,11,2,6,168,10,387,260,0,1,2,-33.946094,151.173509,4,0,2,1,1,0,0,0,2,0,7,70,2,1945,1945,5,15,40,1,0,0,0,1
1240746,1,2020,2020,11,6,6,7,31,179,34609,0,1,1,-31.910298,152.45663,43,2,1,1,0,0,0,0,2,0,7,50,0,368,368,9,5,28,2,0,0,0,1
1240747,1,2020,2020,1,1,7,265,10,445,563,0,1,10,-33.86509,151.041788,21,0,2,1,1,0,0,0,2,2,7,70,2,1192,1192,1,29,0,2,0,0,0,1
1240748,1,2020,2020,1,6,7,1,31,22,34609,0,1,9,-31.897413,152.518224,43,2,1,1,0,0,0,0,2,0,7,50,0,340,340,9,34,28,2,0,0,0,1
1240750,1,2020,2020,1,0,6,119,31,119,34609,0,1,1,-32.762106,151.743345,57,2,1,1,1,0,0,0,2,0,9,40,0,2040,2040,9,33,28,2,0,0,0,1
1240751,4,2020,2020,5,4,4,178,27,189,101,0,1,9,-33.942304,151.054031,15,0,2,1,1,0,0,0,2,2,7,50,1,5929,5929,1,0,5,2,0,2,1,0
1240753,4,2020,2020,11,5,6,65,31,609,115,0,1,10,-33.768888,150.904245,7,0,2,1,2,0,0,0,2,2,7,60,2,6545,6545,4,9,5,2,0,2,0,1
1240755,4,2020,2020,11,2,6,27,1,132,148,0,1,9,-34.151303,151.023187,68,0,2,0,0,0,0,0,2,0,7,60,2,3775,3775,0,16,0,2,0,1,0,0
1240757,2,2020,2020,7,1,6,37,31,198,41,0,1,2,-33.911337,151.103826,15,0,2,1,1,0,0,0,2,0,7,40,1,312,312,2,0,40,2,0,0,1,0
1240760,2,2020,2020,1,3,7,2209,17,35,2205,0,1,2,-34.049691,151.05172,68,0,2,0,1,0,0,0,2,0,7,80,2,2585,4009,8,16,40,1,0,0,2,0
1240763,1,2020,2020,1,2,10,10,31,148,34609,0,1,1,-36.047033,146.933829,0,2,1,1,2,0,0,0,0,0,7,50,0,9859,9859,8,5,40,1,0,0,0,2
1240768,4,2020,2020,1,3,8,128,27,25,133,1,0,1,-33.864383,150.641041,55,0,2,1,0,0,0,0,2,0,7,60,2,2585,777,8,16,40,1,0,1,0,0
1240769,4,2020,2020,1,3,8,224,27,246,321,0,1,9,-33.917207,151.19994,69,0,2,1,0,0,3,4,3,0,0,50,2,1945,1945,5,15,40,1,0,1,0,0
1240770,4,2020,2020,1,6,2,2,31,108,34609,0,1,1,-33.817062,151.183989,77,0,2,1,2,0,0,0,0,0,7,50,0,1282,1282,1,8,5,2,0,1,0,0
1240777,2,2020,2020,8,0,6,3,10,108,34609,0,1,1,-33.320399,151.423578,16,2,2,1,0,0,0,0,2,0,7,50,0,5929,5929,1,10,19,2,0,0,1,0
1240778,2,2020,2020,5,4,5,3371,17,65,3342,0,1,9,-33.382515,151.369992,16,2,2,0,3,0,0,0,2,2,7,60,2,4552,5151,8,5,40,1,0,0,1,0
1240782,2,2020,2020,1,5,9,9,10,16,34609,0,1,1,-33.983148,151.020333,68,0,2,0,2,0,0,0,0,0,7,50,0,4552,5151,1,0,5,4,0,0,1,0
1240784,1,2020,2020,11,5,5,20,31,135,101,0,1,10,-32.897361,151.73651,48,0,2,1,0,0,0,0,2,2,7,60,2,2040,2040,9,10,28,2,0,0,0,1
1240787,4,2020,2020,1,4,3,37,23,443,78,0,1,10,-33.906706,151.057281,15,0,2,1,1,0,0,0,2,2,7,60,2,1220,1220,9,5,28,2,0,1,0,0
1240791,4,2020,2020,1,2,4,192,31,316,56,0,1,9,-33.903197,151.244748,59,0,2,1,1,0,0,0,2,0,7,50,1,1220,1220,9,0,28,2,0,1,0,0
1240792,2,2020,2020,8,4,8,1,7,42,34609,0,1,9,-33.654044,151.313989,50,0,2,1,2,0,0,0,3,0,15,50,0,1220,1220,9,10,28,2,0,0,1,0
1240795,2,2020,2020,1,6,6,3371,17,149,3342,0,1,7,-33.345217,151.369557,16,2,2,1,1,0,0,0,2,0,7,60,2,395,395,1,30,36,2,0,0,2,0
1240798,2,2020,2020,5,4,5,5,31,91,34609,0,1,9,-34.000099,150.89769,13,0,2,1,1,0,0,0,2,0,15,50,0,9859,9859,8,5,40,1,0,0,1,0
1240799,4,2020,2020,5,1,8,6,31,72,34,1,0,10,-33.833787,151.226673,49,0,2,1,2,0,0,0,3,2,7,50,1,4552,985,8,30,40,1,0,1,0,0
1240802,1,2020,2020,5,4,8,1104,11,532,770,0,1,2,-33.872226,151.202698,69,0,2,1,2,0,0,0,2,0,7,60,2,14295,14295,3,5,5,2,0,0,0,1
1240810,4,2020,2020,5,3,7,15,27,64,34609,0,1,1,-34.383209,150.897646,80,0,2,1,1,0,3,4,2,0,7,50,0,9859,9859,1,10,5,3,0,1,0,0
1240812,1,2020,2020,1,1,9,14,31,41,34609,0,1,1,-33.903643,151.183495,69,0,2,1,2,0,0,0,3,0,7,50,0,9859,9859,1,10,0,5,0,0,0,1
1240814,4,2020,2020,5,3,8,2261,17,523,2252,0,1,9,-33.929063,150.918019,41,0,2,1,2,0,3,4,0,0,7,60,2,1282,1282,1,33,19,2,0,1,0,0
1240815,2,2020,2020,6,1,9,113,27,104,111,0,1,1,-33.799944,150.768358,55,0,2,1,2,0,0,0,0,0,7,80,2,3775,3775,0,5,5,2,0,0,1,0
1240817,2,2020,2020,11,6,7,15,27,19,34609,0,1,1,-29.890534,150.613246,51,1,0,0,0,0,0,0,2,0,7,100,0,418,714,5,5,40,1,0,0,1,0
1240818,2,2020,2020,6,1,0,2261,17,523,2252,0,1,10,-33.928647,150.918065,41,0,2,0,2,0,0,0,0,2,7,60,2,926,926,4,5,12,2,0,0,2,0
1240822,2,2020,2020,5,6,5,31,10,78,23,0,1,10,-33.430291,151.445371,16,2,2,1,0,0,0,0,2,0,7,50,1,14295,14295,3,9,5,3,0,0,1,0
1240823,2,2020,2020,5,4,7,2,27,120,34609,0,1,1,-32.189503,152.532063,43,2,1,1,0,0,0,0,2,0,7,50,0,9859,9859,1,16,4,2,0,0,1,0
1240824,2,2020,2020,5,4,3,112,27,151,256,0,1,1,-34.023264,150.834824,13,0,2,1,0,0,0,0,2,0,7,70,2,945,945,5,30,40,1,0,0,1,0
1240826,4,2020,2020,5,0,8,8,27,77,44,0,1,1,-33.721764,151.085717,31,0,2,1,2,0,0,0,0,0,7,60,1,2040,2040,9,5,28,2,0,1,1,0
1240828,2,2020,2020,5,0,8,14,27,251,14,0,1,9,-33.775076,150.958049,7,0,2,1,2,0,0,0,2,0,7,60,1,941,941,1,5,5,2,0,0,1,0
1240829,4,2020,2020,5,5,6,2,31,9,34609,0,1,9,-33.156893,151.53454,16,2,2,0,0,0,3,4,2,0,7,50,0,4552,5151,8,0,40,1,0,1,0,2
1240830,2,2020,2020,5,4,3,1,10,23,34609,0,1,1,-32.870771,151.635946,48,0,2,1,1,0,0,0,2,0,7,50,0,1109,787,1,5,13,2,0,0,2,0
1240833,2,2020,2020,1,0,10,478,17,128,480,0,1,9,-33.427207,151.329651,16,2,2,1,2,0,0,0,0,0,3,70,2,1109,787,1,5,0,2,0,0,1,0
1240834,1,2020,2020,5,4,8,475,10,100,268,0,1,2,-33.890865,150.885412,24,0,2,1,3,0,0,0,2,0,7,70,2,14295,14295,3,5,5,4,0,0,0,1
1240835,4,2020,2020,1,4,10,79,31,562,34609,0,1,1,-32.254295,148.605561,22,2,1,1,2,0,3,4,0,0,7,50,0,1981,1981,4,10,19,3,0,1,0,0
1240838,1,2020,2020,6,6,5,23,27,144,34609,1,0,1,-34.066039,151.006346,68,0,2,1,1,0,0,0,2,0,7,50,0,1981,1981,4,5,36,2,0,0,0,2
1240840,1,2020,2020,1,2,5,2209,17,201,2205,0,1,2,-34.867076,150.602177,63,2,1,1,3,0,0,0,2,0,7,60,2,14295,14295,3,5,0,3,0,0,0,1
1240841,4,2020,2020,11,6,4,87,1,225,34609,0,1,7,-33.795713,151.190529,77,0,2,1,3,0,0,0,2,0,0,50,0,4026,4026,1,5,5,2,0,1,0,0
1240844,1,2020,2020,1,6,8,330,27,106,26,0,1,7,-33.675996,151.303589,50,0,2,1,3,0,0,0,0,0,0,60,1,14295,14295,3,0,5,2,0,0,0,1
1240845,4,2020,2020,1,1,8,35,27,8,19,0,1,1,-34.068579,150.619435,79,1,2,1,3,0,0,0,2,0,7,100,1,945,945,5,5,40,1,0,1,0,0
1240847,1,2020,2020,1,5,8,220,14,29,220,0,1,3,-34.401421,150.879095,80,0,2,0,3,0,0,0,3,0,7,80,2,14295,14295,3,10,13,3,0,0,0,1
1240850,1,2020,2020,11,3,9,163,27,73,165,0,1,2,-33.755162,150.805327,7,0,2,1,3,0,0,0,0,0,7,60,1,623,623,3,5,5,2,0,0,0,1
1240854,2,2020,2020,5,3,10,500,27,293,799,0,1,9,-33.932484,151.046021,15,0,2,1,3,0,3,4,0,0,0,60,2,14295,14295,3,5,5,2,0,0,1,1
1240855,2,2020,2020,1,6,7,8,31,40,34609,0,1,7,-34.419972,150.884146,80,0,2,1,3,0,0,0,2,0,0,50,0,926,926,4,16,13,2,0,0,1,0
1240860,1,2020,2020,5,3,7,73,24,65,88,0,1,9,-33.708886,151.284059,50,0,2,1,3,0,3,4,2,0,0,70,2,256,256,4,0,5,2,0,0,0,1
1240864,1,2020,2020,1,3,5,3371,17,173,3342,1,0,9,-33.718756,151.111458,36,0,2,1,3,0,0,0,2,0,7,60,2,1391,1391,1,16,19,2,0,0,0,1
1240865,1,2020,2020,3,5,4,40,31,219,262,0,1,2,-32.905567,151.672162,48,0,2,1,3,0,0,0,2,0,7,60,2,14295,14295,3,5,0,2,0,0,0,1
1240866,4,2020,2020,5,1,9,37,31,91,34609,0,1,7,-33.957439,151.085571,25,0,2,1,2,0,0,0,0,0,0,50,0,6545,6545,4,9,5,2,0,1,0,0
1240868,1,2020,2020,1,2,8,78,17,39,75,0,1,8,-33.850536,151.211815,49,0,2,1,3,0,0,0,0,0,7,70,2,14295,14295,3,5,5,2,0,0,0,1
1240869,1,2020,2020,1,1,3,866,17,314,793,0,1,10,-33.853544,150.940641,24,0,2,1,3,0,0,0,1,2,7,70,2,14295,14295,3,10,36,2,0,0,0,1
1240871,2,2020,2020,5,1,5,5,27,15,34609,0,1,1,-32.766282,151.70078,42,2,1,0,0,0,0,0,2,0,7,80,0,323,323,1,34,40,2,0,0,1,0
1240873,1,2020,2020,11,0,6,3,31,82,34609,0,1,1,-33.824749,151.201114,49,0,2,1,3,0,0,0,2,0,7,50,0,2040,2040,9,5,28,2,0,0,0,1
1240876,2,2020,2020,11,0,7,500,27,80,160,0,1,9,-33.970226,150.900115,13,0,2,1,3,0,0,0,2,0,0,60,2,775,775,4,5,5,2,0,0,1,0
1240881,1,2020,2020,11,0,5,177,31,165,34609,0,1,10,-33.855216,151.151359,14,0,2,1,3,0,3,3,2,0,0,50,0,1945,1945,5,15,40,1,0,0,0,1
1240882,1,2020,2020,1,6,4,63,31,438,34609,0,1,9,-33.871166,151.020416,21,0,2,1,3,0,0,0,2,0,7,50,0,14295,14295,3,34,0,2,0,0,0,1
1240883,2,2020,2020,1,1,8,12,27,337,34609,0,1,9,-33.722576,151.001053,71,0,2,1,3,0,3,4,2,0,7,50,0,217,217,1,0,0,2,0,0,1,0