Crash ID,Degree of crash - detailed,Reporting year,Year of crash,Month of crash,Day of week of crash,Two-hour intervals,Street of crash,Street type,Town,Route no.,School zone location,School zone active,Type of location,Latitude,Longitude,LGA,Urbanisation,Conurbation 1,Alignment,Street lighting,Road surface,Surface condition,Weather,Natural lighting,Signals operation,Other traffic control,Speed limit,Road classification,RUM - code,DCA - code,First impact type,Key TU type,Other TU type,No. of traffic units involved,No. killed,No. seriously injured,No. moderately injured,No. minor-other injured
1240884,1,2020,2020,1,4,7,11,1,187,34609,0,1,7,-33.881607,150.982071,15,0,2,0,3,0,0,0,2,0,0,50,0,14295,14295,3,30,5,2,0,0,0,1
1240890,1,2020,2020,11,3,4,6,27,5,34609,0,1,1,-28.806685,153.367903,39,2,1,1,3,0,3,4,2,0,7,80,0,4026,4026,8,0,40,1,0,0,0,1
1240895,1,2020,2020,5,0,8,11,10,27,34609,0,1,1,-34.058737,150.734956,12,0,2,1,3,0,0,0,0,0,7,50,0,14295,14295,3,30,5,2,0,0,0,1
1240896,2,2020,2020,1,6,5,3371,17,42,3342,0,1,9,-33.824334,151.191832,38,0,2,1,3,0,0,0,2,0,7,60,2,941,941,1,15,5,2,0,0,1,0
1240902,4,2020,2020,1,5,6,177,31,314,208,0,1,9,-33.862392,150.941986,24,0,2,1,3,0,0,0,2,0,7,60,1,14295,14295,3,16,5,2,0,1,0,0
1240903,2,2020,2020,11,4,8,1104,14,113,962,0,1,3,-33.783818,150.766654,55,0,2,1,3,0,0,0,3,0,7,110,2,1383,1383,1,5,5,2,0,0,1,0
1240904,1,2020,2020,1,1,6,65,27,202,563,0,1,10,-33.941376,151.035262,15,0,2,1,3,0,0,0,2,0,15,70,2,301,301,4,30,13,2,0,0,0,1
1240912,2,2020,2020,5,5,10,3371,17,30,3342,0,1,9,-33.188758,151.557488,16,2,2,0,2,0,0,0,0,2,7,80,2,4552,5151,8,30,40,1,0,0,1,0
1240915,4,2020,2020,6,4,11,177,31,77,208,0,1,9,-33.861614,150.936295,24,0,2,1,2,0,0,0,0,0,0,60,1,1981,1981,4,21,0,3,0,1,0,0
1240917,1,2020,2020,1,4,4,916,17,15,917,0,1,1,-31.789773,150.899287,73,1,0,1,3,0,0,0,2,0,7,100,2,9859,9859,8,10,40,1,0,0,0,1
1240920,2,2020,2020,1,1,8,1104,14,142,2149,0,1,9,-33.826515,151.00458,54,0,2,1,2,0,0,0,2,2,7,60,2,1282,1282,1,0,13,3,0,0,1,0
1240921,4,2020,2020,6,4,7,76,31,273,34609,0,1,1,-34.43156,150.898063,80,0,2,1,0,0,0,0,2,0,7,50,0,238,238,9,5,28,2,0,1,0,0
1240923,4,2020,2020,5,0,8,220,14,78,220,0,1,3,-34.476253,150.829123,80,0,2,1,0,0,0,0,3,0,7,100,2,14295,14295,3,5,41,4,0,2,1,0
1240929,2,2020,2020,5,3,7,59,31,67,34609,0,1,1,-34.42889,150.866118,80,0,2,1,1,0,0,3,2,0,7,50,0,3775,3775,0,5,5,3,0,0,4,0
1240930,2,2020,2020,6,5,4,98,31,169,34609,0,1,10,-28.64103,153.612935,10,2,1,1,1,0,0,0,2,0,7,50,0,1957,777,1,21,0,2,0,0,1,0
1240931,4,2020,2020,5,4,5,178,27,189,101,0,1,1,-33.948877,151.052689,25,0,2,1,1,0,0,0,2,0,7,50,1,238,238,9,5,28,2,0,1,0,0
1240932,4,2020,2020,1,3,7,2,31,75,34609,0,1,1,-33.871728,151.117077,9,0,2,1,0,0,0,0,2,0,7,50,0,312,312,2,5,40,1,0,1,0,0
1240934,2,2020,2020,1,2,7,103,27,33,167,0,1,9,-33.980326,151.136704,4,0,2,1,2,0,0,0,2,0,0,60,2,2852,2852,4,0,0,2,0,0,2,0
1240935,4,2020,2020,1,5,6,10,31,198,34609,0,1,7,-33.915077,151.098915,15,0,2,1,1,0,0,0,2,0,0,50,0,1850,985,5,15,40,1,0,1,0,0
1240939,1,2020,2020,6,0,8,11,1,136,11,0,1,10,-32.934949,151.707244,48,0,2,1,2,0,0,0,3,2,7,60,1,5929,5929,1,0,0,2,0,0,0,1
1240940,2,2020,2020,1,0,4,13,27,173,11,0,1,1,-33.780577,151.128565,61,0,2,1,3,0,0,0,2,0,7,50,1,1669,1669,3,16,5,2,0,0,1,0
1240943,4,2020,2020,1,6,4,75,10,137,165,0,1,3,-33.922447,151.211775,69,0,2,0,1,0,0,0,2,0,7,80,2,1259,5151,8,16,40,1,0,1,0,0
1240946,2,2020,2020,1,2,7,37,31,82,34609,1,0,10,-31.074485,150.917508,70,2,1,1,0,0,0,0,2,0,15,50,0,6545,6545,4,0,0,2,0,0,1,0
1240948,2,2020,2020,1,3,8,5,31,25,34609,0,1,1,-33.866669,151.224792,69,0,2,0,2,0,3,4,0,0,7,50,0,941,941,1,10,27,2,0,0,1,0
1240959,1,2020,2020,11,6,7,4,27,96,34609,0,1,1,-35.355397,149.22551,58,2,1,1,3,0,0,0,2,0,7,50,0,1981,1981,4,21,36,2,0,0,0,1
1240962,1,2020,2020,11,5,4,49,27,232,62,0,1,9,-33.693879,150.907744,7,0,2,1,3,0,0,0,2,2,7,80,2,14295,14295,3,5,5,2,0,0,0,1
1240963,1,2020,2020,11,5,7,31,24,173,36,0,1,10,-33.735918,151.100078,36,0,2,1,3,0,0,0,2,2,8,60,1,14295,14295,3,5,36,3,0,0,0,1
1240972,4,2020,2020,5,4,9,11,27,16,34609,0,1,10,-34.234058,146.034836,28,1,0,1,3,0,0,0,0,0,0,100,0,6545,6545,4,10,13,2,0,1,1,0
1240973,1,2020,2020,5,5,4,31,27,197,69,0,1,2,-33.792298,151.155619,61,0,2,0,3,0,3,4,2,0,7,60,2,4552,5151,8,5,40,1,0,0,0,1
1240974,1,2020,2020,11,5,4,220,14,74,220,0,1,3,-34.441219,150.864057,80,0,2,1,3,0,0,0,2,0,7,100,2,14295,14295,3,5,13,2,0,0,0,1
1240980,1,2020,2020,11,1,7,101,10,239,121,0,1,7,-34.038621,151.134481,68,0,2,0,3,0,0,0,2,0,7,70,1,14295,14295,3,0,0,3,0,0,0,1
1240983,4,2020,2020,11,6,4,51,27,22,34609,0,1,9,-33.924366,150.872299,41,0,2,1,0,0,0,0,2,0,7,50,0,2852,2852,4,0,0,2,0,1,0,0
1240986,2,2020,2020,1,4,6,12,31,41,19,0,1,9,-31.093074,150.898164,70,2,1,1,1,0,0,0,2,0,7,60,1,5929,5929,1,0,24,2,0,0,1,0
1240988,2,2020,2020,1,6,11,26,31,646,34609,0,1,1,-33.911569,151.032446,15,0,2,1,2,0,0,0,0,0,7,60,0,3775,3775,0,5,0,2,0,0,1,0
1240990,4,2020,2020,6,5,5,119,31,73,207,0,1,10,-33.874546,151.218129,69,0,2,1,1,0,0,0,2,2,6,50,2,1282,1282,1,5,27,2,0,1,0,0
1240992,2,2020,2020,1,0,3,44,27,202,563,0,1,2,-33.963172,151.036368,15,0,2,1,1,0,0,0,2,0,7,70,2,14295,14295,3,10,36,3,0,0,1,1
1240994,4,2020,2020,1,3,7,205,27,45,415,0,1,9,-33.684,151.229798,50,0,2,0,1,0,0,0,2,2,7,70,2,926,926,4,0,13,4,0,1,1,0
1240995,4,2020,2020,1,4,9,1,31,137,34609,0,1,9,-32.969237,151.700104,37,0,2,0,2,0,0,0,0,0,7,50,0,2040,2040,9,5,28,2,0,1,0,0
1240998,2,2020,2020,5,4,7,16,1,202,118,0,1,1,-33.935575,151.026776,15,0,2,1,1,0,0,0,2,0,7,60,2,1192,1192,1,5,19,2,0,0,1,0
1241000,2,2020,2020,1,1,3,92,27,143,34609,0,1,7,-33.882937,151.102565,9,0,2,1,0,0,0,0,2,0,0,50,0,2040,2040,9,5,28,2,0,0,1,0
1241002,2,2020,2020,6,5,9,481,17,77,483,0,1,1,-30.180193,149.820438,51,1,0,1,0,0,0,0,0,0,7,110,2,4026,4026,8,26,40,1,0,0,1,0
1241003,1,2020,2020,1,1,8,68,27,278,67,0,1,9,-33.769716,151.036978,54,0,2,1,1,0,0,0,3,0,15,60,1,2040,2040,9,10,28,2,0,0,0,1
1241006,2,2020,2020,1,0,9,2209,17,82,2205,0,1,10,-34.367145,150.903694,80,0,2,1,2,0,3,4,2,2,7,80,2,6545,6545,4,10,5,2,0,0,1,1
1241007,4,2020,2020,0,1,9,4,31,138,34609,1,0,4,-33.87377,151.262139,81,0,2,1,2,0,0,0,0,0,7,50,0,1282,1282,1,30,0,3,0,1,0,0
1241014,2,2020,2020,1,2,10,222,27,74,70,0,1,2,-33.730225,151.048543,31,0,2,0,2,0,0,0,0,0,7,60,2,2585,4009,8,5,40,1,0,0,1,0
1241016,2,2020,2020,6,6,0,1,1,225,34609,0,1,9,-33.8003,151.173375,77,0,2,0,2,0,0,0,0,0,7,50,0,782,985,5,30,40,1,0,0,1,0
1241017,2,2020,2020,1,5,10,20,31,57,169,0,1,9,-32.813698,151.473069,17,2,1,1,2,0,0,0,0,0,15,60,2,1669,1669,3,34,19,2,0,0,1,0
1241020,1,2020,2020,1,4,9,500,27,83,799,0,1,9,-33.914447,151.113636,15,0,2,1,2,0,0,0,0,2,7,60,2,14295,14295,3,5,5,2,0,0,0,1
1241021,2,2020,2020,11,4,5,220,14,67,220,0,1,9,-34.423205,150.868615,80,0,2,1,1,0,0,0,2,0,7,50,2,1669,1669,3,5,25,2,0,0,1,1
1241027,2,2020,2020,1,4,8,3,31,106,34609,0,1,10,-28.868254,153.037635,60,2,1,1,3,0,0,0,2,0,8,50,0,217,217,1,34,5,2,0,0,1,0
1241028,4,2020,2020,1,2,7,2,27,1,34609,0,1,1,-33.55254,149.520032,3,1,0,1,2,0,0,0,2,0,7,100,0,14295,14295,3,22,27,2,0,1,0,0
1241030,2,2020,2020,1,4,8,67,27,100,68,0,1,10,-33.806234,151.166397,38,0,2,1,3,0,0,0,3,2,7,50,1,1391,1391,1,10,5,3,0,0,1,0
1241032,1,2020,2019,2,3,6,10,31,120,34609,0,1,1,-32.182544,152.512665,43,2,1,1,3,0,0,0,2,0,7,40,0,1669,1669,3,0,5,2,0,0,0,1
1241035,1,2020,2020,11,0,8,23,10,112,23,0,1,1,-33.915635,150.948945,41,0,2,1,3,0,3,4,3,0,7,60,1,14295,14295,3,0,13,3,0,0,0,1
1241045,2,2020,2020,11,5,7,2209,17,19,2205,0,1,1,-34.803095,150.658423,63,2,1,0,3,0,0,0,2,0,7,80,2,14295,14295,3,5,10,2,0,0,1,0
1241046,1,2020,2020,8,3,6,9,27,58,34609,0,1,1,-33.252982,151.369332,16,1,2,0,3,2,3,0,2,0,7,100,0,1850,1463,5,16,40,1,0,0,0,1
1241050,1,2020,2020,11,5,4,25,27,202,18,0,1,9,-33.961548,151.030884,15,0,2,1,3,0,0,0,2,0,7,60,1,14295,14295,3,0,5,2,0,0,0,1
1241052,1,2020,2020,11,2,5,2126,17,62,2149,0,1,2,-33.748684,150.613168,8,2,2,0,3,0,0,0,2,0,7,80,2,14295,14295,3,10,13,3,0,0,0,1
1241053,2,2020,2020,1,1,8,110,27,167,40,0,1,9,-33.837569,151.061263,54,0,2,1,0,0,0,0,2,0,0,60,1,2852,2852,4,0,19,2,0,0,1,0
1241057,2,2020,2020,5,5,3,33,27,98,260,0,1,1,-33.030929,151.561419,37,0,2,0,3,0,3,4,2,0,7,80,2,4552,5151,8,5,40,1,0,0,1,0
1241058,1,2020,2020,11,2,11,1,25,7,34609,0,1,1,-35.517137,149.165671,58,2,1,1,3,0,0,0,0,0,7,70,0,1282,1282,1,0,40,1,0,0,0,1
1241059,2,2020,2020,11,3,5,9,10,79,34609,0,1,2,-34.001354,150.735896,12,0,2,0,3,0,0,0,2,0,7,50,0,4552,5151,8,5,40,1,0,0,1,0
1241061,1,2020,2020,1,3,8,220,14,21,220,0,1,3,-34.244699,150.940977,80,0,2,1,3,0,0,0,0,0,7,110,2,14295,14295,3,10,5,2,0,0,0,2
1241062,2,2020,2020,1,3,6,234,27,7,217,0,1,1,-33.632864,151.022881,31,0,2,1,0,0,0,0,2,0,7,80,2,1669,1669,3,16,13,2,0,0,1,0
1241067,1,2020,2020,11,6,8,515,14,271,518,0,1,3,-33.940882,151.019016,15,0,2,1,1,0,0,0,2,0,7,100,2,1391,1391,1,16,0,2,0,0,0,1
1241069,4,2020,2020,6,3,0,35,27,11,34609,0,1,1,-30.585091,150.680687,70,2,1,0,0,2,0,6,0,0,7,60,0,782,957,5,0,40,1,0,3,1,0
1241070,2,2020,2020,11,5,6,2209,17,26,2205,0,1,2,-34.025649,151.08669,68,0,2,1,0,0,0,0,2,0,7,70,2,14295,14295,3,16,5,3,0,0,1,0
1241071,2,2020,2020,5,4,6,866,17,174,793,0,1,10,-33.873744,150.925745,24,0,2,1,1,0,0,0,2,2,7,70,2,775,775,4,5,36,3,0,0,2,0
1241077,2,2020,2020,5,5,0,2261,17,11,2252,0,1,9,-33.888331,151.103424,9,0,2,0,2,0,3,4,0,0,7,60,2,3775,3775,0,5,40,2,0,0,1,0
1241078,2,2020,2020,6,0,9,25,1,80,139,0,1,10,-34.551722,146.40068,51,2,1,1,2,0,0,0,0,0,0,50,2,6545,6545,4,5,19,2,0,0,1,0
1241079,2,2020,2020,11,6,8,171,27,85,369,0,1,1,-33.794987,150.698772,55,0,2,1,0,0,0,0,3,0,7,60,2,14295,14295,3,9,12,3,0,0,1,0
1241080,4,2020,2020,1,1,7,3371,17,54,3342,0,1,1,-33.45515,151.194248,16,2,2,0,0,0,0,0,2,0,7,60,2,4552,5151,8,16,40,1,0,1,0,0
1241082,2,2020,2020,1,0,5,194,31,123,165,0,1,9,-33.884703,151.218375,69,0,2,1,1,0,0,0,2,0,7,50,2,368,368,9,5,28,2,0,0,1,0
1241083,2,2020,2020,5,5,9,2261,17,112,2252,0,1,2,-36.058149,146.950401,0,1,0,1,2,0,0,1,0,0,7,110,2,14295,14295,3,3,36,2,0,0,1,0
1241086,4,2020,2020,1,4,7,7,27,43,34609,0,1,1,-34.118338,150.669819,79,2,2,0,0,0,0,0,2,0,7,60,0,1850,1463,5,16,40,1,0,1,0,0
1241088,1,2020,2020,1,3,6,44,27,253,331,1,0,9,-33.962298,151.112782,25,0,2,1,1,0,0,0,2,2,7,60,2,5929,5929,1,33,0,3,0,0,0,1
1241089,2,2020,2020,5,3,11,12,31,218,34609,0,1,7,-33.776789,150.785239,55,0,2,0,2,0,3,4,0,0,0,50,0,6545,6545,4,5,5,2,0,0,1,2
1241090,2,2020,2020,11,0,8,330,27,147,605,0,1,10,-33.754324,151.284279,50,0,2,1,1,0,3,4,2,1,6,60,2,1383,1383,1,16,36,2,0,0,1,0
1241091,2,2020,2020,1,4,8,916,17,12,917,0,1,1,-32.65125,151.258503,64,1,0,0,0,0,0,0,2,0,7,100,2,14295,14295,3,0,13,2,0,0,1,1
1241092,2,2020,2020,5,6,6,8,31,35,34609,0,1,9,-34.367902,150.909191,80,0,2,1,1,0,0,3,2,0,7,50,0,9859,9859,1,30,5,6,0,0,1,0
1241094,1,2020,2020,6,3,2,481,17,10,483,0,1,1,-31.47382,148.899779,51,1,0,1,3,0,0,0,0,0,7,110,2,9859,9859,8,3,40,1,0,0,0,1
1241097,4,2020,2020,11,1,5,1,31,48,34609,0,1,1,-28.240211,153.563263,72,2,1,1,0,0,0,0,2,0,7,50,0,9859,9859,8,30,40,2,0,1,0,1
1241098,4,2020,2020,5,6,8,115,27,96,173,0,1,1,-34.275719,150.715164,79,1,2,0,0,0,0,3,2,0,7,100,2,2585,4009,8,5,40,1,0,1,0,0
1241102,2,2020,2020,6,5,7,193,31,316,34609,0,1,9,-31.430213,152.899891,56,2,1,1,0,0,0,0,2,2,7,50,0,926,926,4,0,12,2,0,0,1,0
1241104,2,2020,2020,6,1,2,6,27,187,34609,0,1,1,-33.790069,150.992283,54,0,2,1,1,0,0,0,0,0,7,50,0,368,368,9,10,28,2,0,0,1,0
1241105,2,2020,2020,1,0,4,2209,17,130,2205,0,1,9,-34.463053,150.837259,80,0,2,1,2,0,0,0,2,0,7,60,1,14295,14295,3,30,41,2,0,0,2,0
1241106,4,2020,2020,5,0,5,40,31,24,34609,0,1,10,-32.007375,151.960603,43,2,1,1,1,0,0,0,2,0,0,50,0,1109,397,1,5,19,2,0,1,0,0
1241111,4,2020,2020,5,0,7,3371,17,40,3342,0,1,2,-33.817379,151.18039,38,0,2,1,1,0,0,0,2,0,7,60,2,1383,1383,1,0,19,2,0,1,0,0
1241114,4,2020,2020,1,3,6,33,27,2,260,0,1,1,-33.07451,151.507614,37,0,2,0,1,0,0,0,2,0,7,90,2,368,368,9,5,28,4,0,1,2,0
1241116,4,2020,2020,1,4,3,2126,17,62,2149,0,1,9,-33.736339,150.60514,8,2,2,1,1,0,0,0,2,2,7,60,2,1945,1945,5,22,40,1,0,1,0,0
1241117,1,2020,2020,6,0,3,866,17,36,793,1,0,10,-33.793976,151.018129,54,0,2,1,3,0,0,0,2,2,7,60,2,1391,1391,1,0,5,2,0,0,0,1
1241119,4,2020,2020,1,2,0,27,36,15,27,0,1,1,-32.028671,149.496829,51,1,0,1,0,0,3,4,0,0,7,100,1,9859,9859,8,30,40,1,0,1,0,0
1241120,4,2020,2020,1,1,9,75,10,63,165,0,1,3,-33.924623,151.214522,4,0,2,1,2,0,0,0,0,0,7,80,2,2040,2040,9,5,28,2,0,1,0,0
1241122,4,2020,2020,1,3,10,175,27,609,220,0,1,9,-33.766151,150.912655,7,0,2,1,2,0,0,0,0,2,7,60,2,5929,5929,1,5,5,3,0,3,2,2
1241123,2,2020,2020,1,1,6,19,27,1,34609,0,1,1,-31.731337,152.398979,43,2,1,0,0,2,0,0,2,0,7,80,0,4552,5151,8,5,40,1,0,0,1,0
1241124,4,2020,2020,1,6,6,103,27,10,98,0,1,1,-33.464882,150.810087,29,1,2,0,0,0,0,0,2,0,7,100,2,2585,4009,8,5,40,1,0,1,0,0
1241125,2,2020,2020,5,2,4,8,31,171,34609,0,1,9,-33.815508,150.973554,21,0,2,1,0,0,0,0,2,0,0,50,0,1850,777,5,16,40,1,0,0,1,0
1241126,4,2020,2020,5,5,2,1,1,62,34609,0,1,1,-34.088498,150.821971,13,0,2,1,2,0,3,4,0,0,7,50,0,9859,9859,1,10,12,2,0,1,0,0
1241128,1,2020,2020,1,2,9,829,27,124,770,0,1,2,-33.809099,151.028185,54,0,2,1,3,0,0,0,0,0,7,60,2,14295,14295,3,5,5,3,0,0,0,1
1241129,4,2020,2020,1,4,2,37,27,10,36,0,1,1,-32.604893,151.724036,57,2,1,1,1,0,0,0,0,0,7,80,1,1089,1089,7,5,40,1,0,1,0,0
1241130,4,2020,2020,11,4,8,3371,17,63,3342,0,1,10,-28.178671,153.521367,72,2,1,1,1,0,0,0,2,2,6,60,2,6545,6545,4,5,36,2,0,1,0,0
1241133,1,2020,2020,5,4,5,2209,17,77,2205,0,1,9,-33.92703,151.158678,32,0,2,1,3,0,0,0,2,2,7,60,2,14295,14295,3,5,36,2,0,0,0,1
1241135,2,2020,2020,1,3,8,106,27,46,106,0,1,10,-33.9262,150.866533,41,0,2,1,3,0,0,0,2,2,7,70,2,1383,1383,1,30,5,3,0,0,1,0
1241138,1,2020,2020,1,4,7,866,17,157,793,1,2,2,-33.794053,151.0178,54,0,2,1,3,0,0,0,2,0,7,40,2,14295,14295,3,0,36,2,0,0,0,2
1241146,1,2020,2020,11,0,3,2126,17,140,2149,0,1,2,-33.788774,150.853723,7,0,2,1,3,0,0,0,2,2,9,80,2,14295,14295,3,5,5,2,0,0,0,1
1241153,2,2020,2020,5,5,7,2,31,64,34609,0,1,9,-33.487896,150.145981,40,2,1,1,1,0,0,0,2,0,0,50,0,623,623,3,5,5,2,0,0,1,0
1241154,2,2020,2020,5,5,11,79,10,15,231,0,1,1,-33.451914,151.317879,16,2,2,0,2,0,3,4,0,0,7,70,2,418,714,5,5,40,1,0,0,1,0
1241156,1,2020,2020,1,5,7,2126,17,27,2149,0,1,10,-33.720951,150.451485,8,2,2,1,3,0,0,0,2,3,7,60,2,14295,14295,3,29,5,2,0,0,0,1
1241159,4,2020,2020,5,0,8,11,3,96,49,0,1,9,-34.052015,150.838453,13,0,2,0,0,0,3,4,3,0,0,60,1,1669,1669,3,5,5,2,0,1,1,0
1241160,1,2020,2020,5,3,4,3371,17,131,3342,0,1,2,-33.789515,151.180365,77,0,2,0,1,0,0,0,2,0,7,60,2,14295,14295,3,30,27,2,0,0,0,1
1241166,1,2020,2020,1,1,7,55,10,112,47,0,1,9,-33.438377,151.416458,16,2,2,1,3,0,0,0,2,0,15,70,2,14295,14295,3,10,0,2,0,0,0,1
1241170,2,2020,2020,11,2,5,2126,17,62,2149,0,1,2,-33.74747,150.613576,8,2,2,0,1,0,0,0,2,0,7,60,2,1850,1463,5,16,40,1,0,0,1,0
1241174,2,2020,2020,1,1,8,28,10,179,70,1,0,10,-31.897614,152.496056,43,2,1,1,1,0,3,4,3,2,7,60,1,5929,5929,1,30,13,2,0,0,1,0
1241179,4,2020,2020,1,6,6,5,10,93,34609,0,1,1,-33.420611,149.601522,3,2,1,1,1,0,0,3,2,0,7,50,0,1981,1981,4,0,19,2,0,1,0,0
1241181,1,2020,2020,3,2,3,62,10,122,62,0,1,1,-33.431573,151.343901,16,2,2,0,1,0,0,0,2,0,7,50,2,3775,3775,0,5,5,2,0,0,0,1
1241183,2,2020,2020,8,4,3,35,27,12,34609,0,1,1,-34.277908,145.967907,28,1,0,0,0,0,0,0,1,0,7,100,0,1850,1463,5,0,40,1,0,0,1,0
1241184,4,2020,2020,1,2,7,51,27,13,34609,0,1,1,-33.692967,150.026528,40,2,1,1,0,2,1,5,2,0,7,80,0,475,475,5,10,40,1,0,1,0,1
1241185,2,2020,2020,11,4,5,348,17,35,232,0,1,10,-30.017424,148.117362,51,2,1,1,1,0,0,0,2,0,7,50,2,5929,5929,1,10,2,2,0,0,1,0
1241187,2,2020,2020,11,0,6,13,31,91,34609,0,1,10,-33.967717,151.087822,25,0,2,1,2,0,0,0,2,0,0,50,0,926,926,4,5,5,2,0,0,1,0
1241188,1,2020,2020,1,0,4,1104,11,532,770,0,1,3,-33.874165,151.198895,69,0,2,1,2,0,0,0,2,0,14,40,2,368,368,9,8,28,2,0,0,0,1
1241189,4,2020,2020,1,2,1,916,17,30,917,0,1,1,-31.072693,151.029026,70,1,0,1,0,0,0,0,0,0,7,100,2,9859,9859,8,34,40,1,0,1,0,0
1241190,2,2020,2020,5,5,3,118,17,29,118,0,1,1,-30.702386,150.042954,51,2,1,1,0,0,0,0,2,0,7,50,2,1109,787,1,10,13,2,0,0,2,0
1241192,1,2020,2020,1,0,11,120,36,14,148,0,1,1,-30.467967,152.964401,6,1,0,0,0,0,0,0,0,0,7,100,2,4552,5151,8,5,40,1,0,0,0,1
1241197,4,2020,2020,5,6,7,234,27,323,217,0,1,1,-33.751483,150.994167,71,0,2,1,0,0,0,0,2,0,7,60,2,1282,1282,1,30,19,2,0,1,0,0
1241201,4,2020,2020,1,5,5,2261,17,646,2252,1,0,10,-33.907309,151.03334,15,0,2,1,1,0,0,0,2,2,7,60,2,5929,5929,1,5,13,2,0,1,0,1
1241205,1,2020,2020,1,3,5,2126,17,22,2149,0,1,1,-33.580885,150.229226,40,2,1,1,3,0,0,0,2,0,7,60,2,14295,14295,3,5,5,2,0,0,0,1
1241207,4,2020,2020,11,1,4,40,27,346,34609,0,1,7,-33.877872,151.074036,67,0,2,1,0,0,0,0,2,0,0,50,0,1282,1282,1,5,27,2,0,1,0,0
1241212,1,2020,2020,1,1,5,348,31,134,34609,1,0,9,-33.677641,150.867319,7,0,2,1,1,0,0,0,2,0,0,50,0,121,121,9,33,26,2,0,0,0,1
1241219,4,2020,2020,5,6,1,1,27,4,34609,0,1,1,-36.007165,146.957686,0,2,1,0,0,2,0,0,0,0,7,80,0,2585,4009,8,5,40,1,0,1,0,0
1241220,2,2020,2020,5,5,4,2209,17,21,2205,0,1,2,-34.308314,150.903102,80,0,2,0,1,0,3,4,2,0,7,80,2,1192,1192,1,0,5,2,0,0,1,0
1241221,1,2020,2020,11,0,11,6,10,75,34609,0,1,1,-32.778817,151.652505,42,2,1,0,2,0,3,4,0,0,7,50,0,4552,5151,8,10,40,1,0,0,0,1
1241222,4,2020,2020,11,5,8,3371,17,4,3342,0,1,1,-29.305219,153.217152,18,1,0,1,0,0,0,0,0,0,7,100,2,4026,4026,8,10,40,1,0,1,0,0
1241225,1,2020,2020,11,1,11,157,17,25,158,0,1,1,-33.70727,148.896567,51,1,0,1,0,0,0,0,0,0,7,100,2,945,945,5,5,40,1,0,0,0,1
1241227,4,2020,2020,6,4,9,4,31,29,34609,0,1,1,-30.713206,150.049304,51,2,1,1,0,2,0,0,0,0,7,50,0,1945,1945,5,16,40,1,0,1,0,0
1241228,1,2020,2020,11,5,4,44,31,90,34609,0,1,7,-32.928112,151.745951,48,0,2,1,1,0,0,0,2,0,0,50,0,6545,6545,4,30,27,2,0,0,0,1
1241229,2,2020,2020,1,6,7,63,27,103,34,0,1,7,-32.945352,151.664903,37,0,2,1,1,0,0,0,2,0,0,60,1,5929,5929,1,5,5,2,0,0,2,0
1241230,1,2020,2020,1,2,1,8,27,16,34609,0,1,1,-33.275756,151.490042,16,2,2,0,2,0,0,0,0,0,7,50,0,4552,5151,1,10,5,2,0,0,0,1
1241231,4,2020,2020,1,0,4,11,1,337,30,0,1,10,-33.730092,151.008658,71,0,2,1,1,0,0,0,2,2,7,60,2,5929,5929,1,5,5,2,0,2,0,1
1241233,4,2020,2020,1,0,4,147,27,224,605,0,1,2,-33.824452,151.235245,45,0,2,0,1,0,0,0,2,0,7,60,2,190,190,1,22,10,2,0,1,0,0
1241236,1,2020,2020,1,6,3,32,27,42,27,0,1,1,-33.660189,151.262292,50,0,2,0,0,0,0,0,2,0,7,60,2,14295,14295,3,5,27,2,0,0,0,1
1241237,1,2020,2020,1,3,11,35,27,62,96,0,1,1,-33.892872,151.14598,32,0,2,1,2,0,0,0,0,0,8,50,2,1383,1383,1,5,10,2,0,0,0,2
1241238,2,2020,2020,11,2,9,5,10,9,34609,0,1,1,-35.326638,150.459979,63,2,1,1,0,0,0,0,0,0,7,50,0,41,41,8,5,40,1,0,0,1,0
1241240,2,2020,2020,1,5,3,7,27,79,33,0,1,9,-33.960266,151.117471,4,0,2,1,1,0,0,0,2,0,7,50,1,1850,777,5,16,40,1,0,0,1,0
1241249,4,2020,2020,1,0,3,2261,17,443,2252,0,1,2,-33.886032,151.067978,15,0,2,0,0,0,3,4,2,0,7,60,2,1850,1463,5,16,40,1,0,1,0,0
1241252,2,2020,2020,5,6,7,115,27,55,114,0,1,9,-33.861093,151.278257,76,0,2,0,1,0,0,0,2,0,7,50,2,395,395,1,8,27,2,0,0,1,0
1241255,4,2020,2020,1,3,3,2126,17,84,2149,0,1,9,-33.817183,150.981024,21,0,2,1,1,0,0,0,2,2,7,60,2,5929,5929,1,30,5,2,0,1,0,0
1241259,2,2020,2020,5,0,9,32,27,72,563,0,1,2,-34.012941,151.010051,68,0,2,1,2,0,0,0,0,0,7,80,2,14295,14295,3,21,5,4,0,0,1,0
1241260,2,2020,2020,6,0,5,46,27,173,115,0,1,7,-33.70909,151.122494,36,0,2,1,1,0,0,0,2,0,0,60,1,6545,6545,4,5,19,2,0,0,1,0
1241261,2,2020,2020,1,2,8,27,27,2,34609,0,1,1,-31.790605,152.071614,43,1,0,0,0,0,0,0,3,0,7,100,0,1850,1463,5,16,40,1,0,0,1,0
1241264,2,2020,2020,1,6,9,36,10,91,34609,1,0,9,-32.804398,151.653475,48,0,2,1,2,0,0,0,0,2,7,50,0,5929,5929,1,0,19,2,0,0,1,0
1241266,1,2020,2020,1,5,8,866,17,149,793,0,1,2,-33.814767,150.964561,21,0,2,1,3,0,0,0,3,0,7,80,2,14295,14295,3,5,0,2,0,0,0,1