Crash ID,Degree of crash - detailed,Reporting year,Year of crash,Month of crash,Day of week of crash,Two-hour intervals,Street of crash,Street type,Town,Route no.,School zone location,School zone active,Type of location,Latitude,Longitude,LGA,Urbanisation,Conurbation 1,Alignment,Street lighting,Road surface,Surface condition,Weather,Natural lighting,Signals operation,Other traffic control,Speed limit,Road classification,RUM - code,DCA - code,First impact type,Key TU type,Other TU type,No. of traffic units involved,No. killed,No. seriously injured,No. moderately injured,No. minor-other injured
1241267,4,2020,2020,1,3,8,2126,17,90,2149,0,1,2,-33.709094,150.309787,8,2,2,0,1,0,3,4,2,0,7,70,2,14295,14295,3,5,5,2,0,1,1,0
1241269,4,2020,2020,1,0,3,37,27,19,52,0,1,1,-33.939742,150.581548,79,2,2,0,2,0,0,3,1,0,7,80,1,1957,4009,8,5,40,1,0,1,0,0
1241270,4,2020,2020,11,5,8,16,31,363,34609,0,1,9,-33.82164,150.999622,54,0,2,1,1,0,0,0,2,0,7,50,0,9859,9859,8,5,40,1,0,1,1,0
1241271,4,2020,2020,5,1,4,36,31,49,34609,0,1,1,-33.947162,151.213271,4,0,2,1,0,0,0,0,2,0,7,50,0,9859,9859,1,5,4,3,0,1,0,0
1241274,1,2020,2020,5,3,8,3371,17,147,3342,0,1,2,-33.747122,151.14532,36,0,2,1,1,0,0,0,2,0,7,60,2,3775,3775,0,30,5,2,0,0,0,1
1241275,4,2020,2020,6,4,3,512,17,7,441,0,1,1,-32.818707,148.90521,22,1,0,1,0,0,0,0,2,0,7,100,2,3775,3775,0,5,35,2,0,1,0,0
1241298,2,2020,2020,6,4,6,916,17,44,917,0,1,1,-32.060276,150.871278,73,1,0,1,3,0,0,0,2,0,7,100,2,14295,14295,3,0,0,2,0,0,1,0
1241299,4,2020,2020,6,2,4,234,27,34,228,0,1,1,-33.423729,150.974424,71,0,2,0,0,0,3,1,2,0,7,80,2,4552,5151,8,16,40,1,0,1,0,0
1241300,2,2020,2020,6,2,4,234,27,34,228,0,1,1,-33.423729,150.974424,71,0,2,0,0,0,3,1,2,0,7,80,2,4552,5151,8,16,40,1,0,0,1,0
1241310,2,2020,2020,1,2,7,334,17,41,308,0,1,9,-31.463574,152.766197,56,2,1,1,0,0,0,0,2,0,7,80,2,2852,2852,4,0,13,2,0,0,3,0
1241312,2,2020,2020,1,5,8,344,27,89,382,0,1,1,-33.650355,150.792168,55,0,2,1,0,0,0,0,3,0,7,80,2,14295,14295,3,21,13,3,0,0,2,0
1241313,2,2020,2020,11,5,7,23,27,104,144,0,1,2,-33.79532,150.806539,55,0,2,0,1,0,0,0,2,0,7,60,2,14295,14295,3,0,5,2,0,0,1,0
1241314,2,2020,2020,1,4,7,20,31,138,34609,0,1,1,-33.868933,151.278075,76,0,2,1,0,0,0,0,2,0,7,50,0,312,312,2,5,40,2,0,0,1,0
1241324,2,2020,2020,1,0,5,37,1,30,212,0,1,7,-35.355568,149.215412,58,2,1,1,1,0,0,0,2,0,0,60,2,1192,1192,1,5,0,2,0,0,1,0
1241332,1,2020,2020,1,0,7,6,10,104,34609,0,1,1,-33.733266,150.927766,7,0,2,1,1,0,3,3,2,0,7,50,0,1981,1981,4,5,5,2,0,0,0,1
1241333,2,2020,2020,1,6,4,3371,17,225,3342,0,1,2,-33.802547,151.17954,77,0,2,1,1,0,0,0,2,0,7,60,2,14295,14295,3,5,36,2,0,0,1,0
1241335,1,2020,2020,11,4,5,89,27,15,34609,0,1,1,-32.770532,151.100755,64,1,0,0,0,0,0,0,2,0,7,100,0,4552,5151,8,16,40,1,0,0,0,1
1241337,4,2020,2020,1,0,4,62,27,17,166,0,1,9,-33.231138,151.426637,16,2,2,1,3,0,0,0,2,0,7,60,2,1391,1391,1,8,10,3,0,1,0,0
1241341,2,2020,2020,11,0,6,8,27,28,34609,0,1,7,-33.918137,150.881805,41,0,2,0,3,0,3,4,2,0,0,50,0,4552,5151,8,5,40,1,0,0,1,0
1241342,2,2020,2020,1,0,8,48,10,252,34609,0,1,9,-33.946671,150.863632,41,0,2,1,3,0,0,0,2,0,7,50,0,10,10,4,5,0,2,0,0,1,0
1241344,2,2020,2020,11,4,10,387,27,290,331,0,1,10,-33.948206,151.127863,4,0,2,1,3,0,0,0,0,2,7,60,2,6545,6545,4,5,0,2,0,0,1,0
1241345,1,2020,2020,1,1,7,15,27,197,140,0,1,9,-33.93758,151.080744,15,0,2,1,3,0,0,0,2,0,15,50,1,623,623,3,5,5,2,0,0,0,1
1241346,4,2020,2020,5,6,4,41,10,316,34609,0,1,9,-31.466229,152.9245,56,2,1,0,0,0,0,0,2,0,15,50,0,5929,5929,1,5,5,2,0,1,1,0
1241348,2,2020,2020,1,1,7,6,27,13,34609,0,1,1,-33.374176,151.48262,16,2,2,1,3,0,0,0,2,0,7,50,0,1282,1282,1,5,5,2,0,0,1,0
1241351,2,2020,2020,11,1,9,2126,17,27,2149,0,1,2,-33.580156,150.238386,8,2,2,0,3,0,0,0,0,0,7,60,2,2585,4009,8,5,40,1,0,0,1,0
1241357,1,2020,2020,1,4,8,283,27,197,702,1,0,10,-33.947129,151.07889,25,0,2,1,3,0,0,0,2,2,7,60,2,14295,14295,3,19,0,2,0,0,0,1
1241358,1,2020,2020,1,1,8,31,22,168,34609,0,1,7,-33.718317,150.841405,7,0,2,1,3,0,0,0,2,0,0,50,0,6545,6545,4,0,5,2,0,0,0,2
1241360,2,2020,2020,1,0,10,48,27,51,166,0,1,7,-33.25462,151.496966,16,2,2,1,3,0,3,3,0,0,0,50,2,9859,9859,8,5,40,1,0,0,1,0
1241361,1,2020,2020,1,0,6,50,27,169,382,0,1,10,-33.777236,150.848196,7,0,2,1,3,0,0,0,2,3,0,60,2,14295,14295,3,5,5,2,0,0,0,1
1241362,2,2020,2020,11,5,8,44,1,126,34609,1,0,10,-33.933109,150.812042,41,0,2,1,3,0,0,0,2,0,0,60,0,6545,6545,4,5,13,2,0,0,1,0
1241364,1,2020,2020,5,1,4,6,27,443,34609,0,1,9,-33.897625,151.049637,15,0,2,1,3,0,0,0,2,0,7,50,0,14295,14295,3,21,5,2,0,0,0,1
1241367,1,2020,2020,11,1,7,89,31,532,34609,0,1,10,-33.865141,151.204855,69,0,2,1,3,0,0,0,2,2,7,40,0,5929,5929,1,5,18,2,0,0,0,1
1241371,2,2020,2020,1,2,7,22,31,215,34609,0,1,10,-35.108007,147.362523,75,2,1,1,1,0,3,4,2,0,15,60,0,6545,6545,4,0,36,2,0,0,1,0
1241374,2,2020,2020,5,0,7,225,27,304,34609,0,1,1,-33.909881,151.157003,32,0,2,1,0,0,0,0,2,0,7,50,0,2040,2040,9,5,28,2,0,0,1,0
1241375,2,2020,2020,1,3,7,478,17,58,480,0,1,2,-33.435467,151.297467,16,2,2,0,3,0,0,0,2,0,7,60,2,1850,1463,5,16,40,1,0,0,1,0
1241377,4,2020,2020,1,4,1,32,14,82,124,0,1,2,-33.820775,151.204196,49,0,2,1,2,0,0,0,0,0,7,80,2,1945,1945,5,5,40,1,0,1,0,0
1241378,1,2020,2020,11,0,10,42,27,37,30,0,1,5,-33.900321,151.253619,76,0,2,1,3,0,0,0,0,2,7,50,1,14295,14295,3,30,18,2,0,0,0,1
1241379,2,2020,2020,11,5,11,65,7,46,34609,0,1,1,-35.16033,147.366326,75,2,1,1,3,0,0,0,0,0,7,50,0,9859,9859,8,0,40,1,0,0,1,0
1241385,1,2020,2020,11,5,5,866,17,187,793,0,1,9,-33.796681,150.986613,54,0,2,0,3,0,0,0,2,2,7,70,2,14295,14295,3,8,12,2,0,0,0,1
1241388,1,2020,2020,11,1,8,4,10,55,34609,0,1,1,-35.384804,149.204873,58,2,1,0,1,0,0,0,3,0,7,50,0,4552,5151,8,10,40,1,0,0,0,1
1241389,1,2020,2020,11,1,7,4,10,55,34609,0,1,1,-35.376826,149.202139,58,2,1,0,3,0,0,0,2,0,7,50,0,1957,4009,1,22,5,2,0,0,0,1
1241390,1,2020,2020,1,6,8,515,14,166,518,0,1,3,-33.945188,150.977386,15,0,2,1,3,0,0,0,2,0,7,100,2,1391,1391,1,8,5,2,0,0,0,1
1241392,1,2020,2020,8,6,6,5,27,189,34609,0,1,1,-33.939144,151.054473,15,0,2,1,3,0,0,0,2,0,7,50,0,14295,14295,3,5,5,3,0,0,0,1
1241393,2,2020,2020,6,4,9,97,17,7,88,0,1,9,-34.917716,149.436954,74,1,0,1,3,0,0,0,3,0,7,110,2,9859,9859,8,10,40,1,0,0,1,0
1241400,1,2020,2020,11,2,8,100,27,127,799,0,1,9,-33.896304,151.153782,32,0,2,1,3,0,0,0,2,0,7,60,2,1391,1391,1,5,5,2,0,0,0,1
1241401,2,2020,2020,11,6,0,280,10,92,240,0,1,1,-33.876159,150.965485,24,0,2,1,3,0,0,0,0,0,7,60,2,9859,9859,8,5,40,1,0,0,1,0
1241402,2,2020,2020,11,2,7,23,27,523,23,0,1,7,-33.9188,150.909012,41,0,2,1,3,0,0,0,2,0,0,60,1,2852,2852,4,5,5,2,0,0,1,0
1241403,2,2020,2020,11,6,6,6,27,105,34609,0,1,7,-32.726092,151.524488,42,2,1,1,3,0,3,4,2,0,0,60,0,301,301,4,5,5,2,0,0,1,0
1241404,1,2020,2020,1,0,4,112,27,96,256,0,1,9,-34.046343,150.829247,13,0,2,1,3,0,0,0,2,0,7,60,2,14295,14295,3,0,5,3,0,0,0,1
1241409,1,2020,2020,11,2,6,149,10,346,702,0,1,2,-33.88586,151.069121,67,0,2,1,3,0,0,0,2,0,7,70,2,14295,14295,3,5,5,2,0,0,0,1
1241410,1,2020,2020,5,0,4,80,31,204,187,0,1,1,-33.886906,151.11859,32,0,2,1,3,0,0,0,2,0,7,60,2,14295,14295,3,8,5,2,0,0,0,1
1241412,2,2020,2020,1,3,9,54,27,646,118,0,1,10,-33.914482,151.034348,15,0,2,1,3,0,3,3,0,2,7,60,1,5929,5929,1,5,0,2,0,0,2,0
1241414,1,2020,2020,11,2,5,153,27,188,147,0,1,9,-33.951211,151.091809,25,0,2,1,3,0,0,0,2,2,7,60,2,14295,14295,3,5,5,2,0,0,0,1
1241419,1,2020,2020,11,2,9,2261,17,523,2252,0,1,2,-33.930012,150.917651,41,0,2,1,3,0,0,0,0,0,7,60,2,1383,1383,1,29,5,2,0,0,0,1
1241420,2,2020,2020,8,4,9,866,17,278,793,0,1,9,-33.75861,151.049114,71,0,2,1,3,0,0,0,0,2,7,70,2,1282,1282,1,29,5,2,0,0,1,0
1241424,4,2020,2020,5,2,9,169,27,40,61,0,1,10,-33.827126,151.188362,38,0,2,1,2,0,0,0,3,2,7,50,1,3775,3775,0,0,5,2,0,1,1,0
1241426,2,2020,2020,6,2,0,22,31,98,34609,0,1,9,-30.994604,150.249521,51,2,1,1,0,0,0,0,0,0,7,50,0,4026,4026,8,5,40,1,0,0,1,0
1241427,2,2020,2020,11,0,7,2,27,7,34609,0,1,1,-33.172727,151.570901,16,2,2,1,3,0,0,0,2,0,7,50,0,9859,9859,8,5,40,1,0,0,1,0
1241428,2,2020,2020,11,5,4,55,36,155,95,0,1,1,-33.171096,148.44593,53,1,0,1,3,0,0,0,2,0,7,100,2,1945,1945,5,8,40,1,0,0,1,0
1241431,2,2020,2020,1,5,7,293,31,219,34609,0,1,10,-32.891268,151.668051,48,0,2,1,2,0,0,0,2,2,7,60,0,1850,777,5,15,40,1,0,0,2,0
1241432,1,2020,2020,11,4,9,36,27,337,34609,0,1,1,-33.729247,150.97601,71,0,2,1,3,0,0,0,3,0,7,50,0,1109,397,1,10,5,2,0,0,0,1
1241439,4,2020,2020,1,1,9,33,18,9,8,0,1,1,-28.787742,153.537792,2,2,1,0,0,0,0,0,0,0,7,80,1,4552,5151,8,16,40,1,0,1,0,0
1241440,4,2020,2020,1,6,4,23,27,523,23,0,1,1,-33.916114,150.909488,41,0,2,1,1,2,0,0,2,0,7,60,1,14295,14295,3,0,5,3,0,2,0,0
1241441,1,2020,2020,1,1,9,2261,17,140,2252,0,1,2,-33.904617,151.003112,15,0,2,0,3,0,0,0,0,0,7,70,2,14295,14295,3,5,5,2,0,0,0,1
1241446,1,2020,2020,1,0,9,2209,17,79,2205,0,1,7,-34.914361,150.603547,63,2,1,1,2,0,0,0,0,0,0,70,2,1981,1981,4,0,13,2,0,0,0,1
1241447,2,2020,2020,11,4,10,3371,17,108,3342,0,1,9,-33.307283,151.419808,16,2,2,1,2,0,3,4,0,2,7,60,2,5929,5929,1,5,0,2,0,0,1,0
1241451,1,2020,2020,11,0,10,4,31,104,148,0,1,1,-32.913367,151.705837,48,0,2,1,2,0,0,0,0,0,7,60,1,9859,9859,1,5,5,2,0,0,0,1
1241452,4,2020,2020,11,0,5,230,27,175,284,0,1,10,-33.773821,151.087003,54,0,2,0,1,0,3,4,2,2,7,60,2,4552,985,8,5,40,1,0,1,1,0
1241455,2,2020,2020,1,6,6,2209,17,57,2205,0,1,2,-34.661935,150.850679,35,1,0,1,1,0,0,0,2,0,7,100,2,4026,4026,8,5,40,1,0,0,1,0
1241456,1,2020,2020,11,3,6,10,27,68,34609,0,1,1,-33.642576,149.847022,51,1,0,0,0,0,3,4,2,0,7,100,0,1259,5151,8,0,40,1,0,0,0,1
1241457,2,2020,2020,5,2,2,8,27,189,34609,0,1,1,-33.946296,151.059693,15,0,2,1,2,0,0,0,1,0,7,50,0,9859,9859,1,30,0,2,0,0,1,0
1241458,2,2020,2020,6,5,8,38,27,8,45,0,1,9,-35.08443,150.646427,63,2,1,1,2,0,0,0,3,0,0,70,1,4026,4026,8,5,40,1,0,0,1,0
1241460,1,2020,2020,6,5,8,232,36,34,331,0,1,9,-33.99379,150.787478,12,0,2,1,2,0,0,0,0,2,7,80,2,14295,14295,3,5,25,3,0,0,0,1
1241462,2,2020,2020,1,6,7,40,27,73,34609,1,2,1,-35.135079,147.376343,75,2,1,1,1,0,3,4,2,0,7,40,0,14295,14295,3,10,5,2,0,0,1,0
1241465,4,2020,2020,1,0,10,4,10,251,34609,0,1,9,-33.788593,150.925934,7,0,2,1,2,0,0,0,0,0,7,50,0,2852,2852,4,30,19,2,0,1,0,0
1241466,1,2020,2020,1,2,0,38,31,387,64,0,1,2,-33.929206,151.186997,4,0,2,1,2,0,0,0,0,0,7,40,2,312,312,2,10,40,1,0,0,0,1
1241467,4,2020,2020,1,2,0,63,27,224,605,0,1,2,-33.815148,151.243247,45,0,2,0,2,0,3,3,0,0,7,60,2,1850,1463,5,15,40,1,0,1,0,0
1241468,2,2020,2020,5,1,4,39,27,15,563,0,1,9,-33.891815,151.038638,15,0,2,1,0,0,0,0,2,2,7,80,2,14295,14295,3,9,0,2,0,0,1,0
1241469,1,2020,2020,1,1,5,102,31,646,28,0,1,1,-33.917018,151.043098,15,0,2,1,3,0,0,0,2,0,7,60,1,9859,9859,1,5,5,2,0,0,0,1
1241470,2,2020,2020,6,1,3,191,17,13,189,0,1,1,-32.630163,151.144854,64,1,0,1,0,0,0,0,0,0,7,100,2,14295,14295,3,5,0,2,0,0,1,0
1241471,2,2020,2020,6,4,7,143,31,123,181,0,1,9,-33.882549,151.220197,69,0,2,1,1,0,0,0,2,0,7,50,2,1391,1391,1,16,5,2,0,0,1,0
1241473,2,2020,2020,1,5,2,44,27,202,563,0,1,2,-33.948469,151.037435,15,0,2,1,0,0,0,0,1,0,2,70,2,1981,1981,4,10,19,2,0,0,1,0
1241475,1,2020,2020,5,2,9,2,1,51,34609,1,0,10,-33.263295,151.486406,16,2,2,1,2,0,0,0,0,0,15,50,0,6545,6545,4,5,5,2,0,0,0,1
1241476,2,2020,2020,5,1,8,1104,14,142,962,0,1,3,-33.827248,151.002561,54,0,2,1,2,0,0,3,3,0,7,90,2,1383,1383,1,5,35,2,0,0,1,0
1241477,4,2020,2020,1,6,7,2209,17,9,2205,0,1,1,-35.085309,150.532585,63,2,1,1,1,0,0,0,2,0,7,80,2,9859,9859,8,9,40,1,0,1,0,0
1241478,2,2020,2020,1,3,7,103,27,113,256,0,1,1,-34.300002,150.905616,80,0,2,1,1,0,0,0,2,0,7,80,2,1109,787,1,5,36,2,0,0,2,0
1241479,4,2020,2020,1,5,10,132,31,252,126,0,1,10,-33.891042,151.21076,69,0,2,1,2,0,0,0,0,2,7,50,2,1383,1383,1,22,5,2,0,1,0,0
1241480,2,2020,2020,5,2,8,16,31,123,34609,0,1,1,-33.908741,151.214538,59,0,2,1,2,0,0,0,3,0,7,50,0,9859,9859,8,5,40,1,0,0,1,0
1241481,2,2020,2020,5,6,6,133,10,316,121,0,1,10,-31.447257,152.899585,56,2,1,1,1,0,0,0,2,2,7,70,1,2852,2852,4,30,5,3,0,0,1,0
1241484,2,2020,2020,6,4,9,30,31,169,769,0,1,10,-33.596877,150.746963,29,2,2,1,2,0,0,0,3,2,7,60,2,5929,5929,1,5,0,2,0,0,1,0
1241485,2,2020,2020,5,4,6,157,17,36,158,0,1,1,-33.846064,148.041127,51,1,0,0,0,0,0,0,2,0,7,100,2,2585,4009,8,5,40,1,0,0,1,0
1241486,4,2020,2020,5,1,10,10,27,10,143,0,1,1,-34.067852,149.339354,74,1,0,0,0,0,0,0,0,0,7,100,2,418,714,5,5,40,1,0,1,0,0
1241487,2,2020,2020,5,6,10,133,17,12,121,0,1,1,-36.066725,149.158156,65,1,0,1,0,0,0,0,0,0,7,100,2,4026,4026,8,10,40,1,0,0,1,0
1241488,4,2020,2020,1,5,4,280,10,314,82,0,1,10,-33.852251,150.931855,24,0,2,1,1,0,0,0,2,0,15,60,1,2852,2852,4,0,19,2,0,1,0,0
1241490,4,2020,2020,5,4,9,10,31,253,34609,0,1,1,-33.967092,151.109209,25,0,2,1,0,0,0,0,3,0,7,50,0,2040,2040,9,30,28,2,0,1,0,0
1241491,4,2020,2020,1,2,4,2209,17,157,2205,0,1,2,-34.008912,151.110333,68,0,2,0,0,0,0,0,2,0,7,70,2,2585,4009,8,0,40,1,0,1,1,0
1241494,2,2020,2020,1,2,8,2,23,28,34609,0,1,9,-34.547749,150.837427,62,0,2,1,3,0,0,0,3,0,7,50,0,5929,5929,1,5,5,2,0,0,2,0
1241495,2,2020,2020,6,1,7,28,10,22,70,0,1,1,-31.894265,152.504504,43,2,1,1,3,0,2,6,2,0,7,60,1,9859,9859,8,5,40,2,0,0,1,0
1241497,2,2020,2020,1,4,7,2209,17,137,2205,0,1,9,-34.03167,151.066934,68,0,2,1,3,0,0,0,2,2,15,70,2,5929,5929,1,0,41,3,0,0,2,0
1241498,1,2020,2020,11,5,7,22,31,283,125,0,1,10,-33.830741,151.01027,54,0,2,1,3,0,0,0,2,0,0,60,1,301,301,4,33,5,2,0,0,0,1
1241499,2,2020,2020,5,0,7,8,27,3,7,0,1,1,-30.688499,150.456565,51,1,0,1,0,2,0,0,2,0,7,100,1,9859,9859,8,10,40,1,0,0,1,0
1241500,1,2020,2020,11,6,11,133,17,10,121,0,1,1,-35.938378,149.148453,65,1,0,1,3,0,0,0,0,0,7,100,2,475,475,5,9,40,1,0,0,0,1
1241505,4,2020,2020,1,6,8,43,27,46,29,0,1,9,-32.916105,151.675298,48,0,2,1,2,0,0,0,0,0,7,60,1,2040,2040,9,5,28,2,0,1,0,0
1241506,2,2020,2020,1,5,5,387,27,204,2205,0,1,10,-33.939148,151.147619,4,0,2,1,1,0,0,0,2,2,7,60,2,14295,14295,3,0,5,3,0,0,1,0
1241507,2,2020,2020,6,5,3,34,31,57,34609,1,0,9,-33.441906,151.379013,16,2,2,0,1,0,0,0,2,0,15,50,0,1220,1220,9,5,28,2,0,0,1,0
1241508,2,2020,2020,1,3,6,866,17,77,793,0,1,2,-33.731819,151.079561,31,0,2,1,1,0,0,0,2,0,7,70,2,9859,9859,8,0,40,1,0,0,1,0
1241509,4,2020,2020,6,2,7,11,18,8,17,0,1,1,-30.92846,153.028803,34,2,1,1,0,0,0,0,2,0,7,80,1,945,945,5,16,40,1,0,1,0,0
1241513,1,2020,2020,11,4,7,224,27,102,321,0,1,9,-33.95661,151.206013,4,0,2,1,3,0,0,0,2,0,0,50,2,1391,1391,1,9,5,2,0,0,0,1
1241514,2,2020,2020,1,3,3,2,27,8,34609,0,1,1,-34.26566,149.930461,74,1,0,1,3,2,0,0,2,0,7,100,0,1089,1089,7,16,40,1,0,0,1,0
1241515,1,2020,2020,5,4,8,3,31,204,34609,0,1,9,-33.891285,150.940796,24,0,2,1,0,0,0,0,2,0,0,50,0,14295,14295,3,5,5,2,0,0,0,1
1241517,1,2020,2020,6,5,8,2,27,32,34609,0,1,1,-33.857951,150.960238,21,0,2,1,2,0,0,0,3,0,7,50,0,5929,5929,1,10,5,2,0,0,0,1
1241518,4,2020,2020,5,0,9,23,31,218,19,0,1,1,-33.747202,150.773555,55,0,2,0,1,0,0,0,0,0,7,60,1,1981,1981,4,29,5,2,0,1,0,0
1241519,4,2020,2020,5,1,9,2209,17,79,2205,0,1,7,-34.898271,150.602343,63,2,1,1,2,0,3,4,0,0,0,70,2,14295,14295,3,5,5,2,0,1,0,0
1241523,4,2020,2020,1,3,7,916,17,44,917,0,1,2,-32.063814,150.87199,73,1,0,0,0,0,0,0,2,0,7,100,2,1109,787,1,5,13,2,0,1,1,0
1241524,2,2020,2020,1,2,7,2209,17,133,2205,0,1,7,-34.48329,150.802124,80,0,2,1,2,0,0,0,2,0,0,80,1,6545,6545,4,0,13,2,0,0,1,0
1241529,2,2020,2020,1,5,8,1104,11,130,770,0,1,3,-33.872904,151.194273,69,0,2,1,1,0,0,0,3,0,7,60,2,1282,1282,1,15,5,2,0,0,1,0
1241532,2,2020,2020,11,2,7,1,27,1,34609,0,1,1,-34.705692,150.583979,63,2,1,0,0,0,0,0,2,0,7,60,0,273,957,5,10,40,1,0,0,1,0
1241533,2,2020,2020,5,0,11,4,27,22,34609,0,1,1,-36.099096,150.032626,23,2,1,1,0,0,0,3,0,0,7,80,0,9859,9859,8,5,40,1,0,0,1,0
1241534,1,2020,2020,1,0,4,133,27,66,260,0,1,7,-32.9318,151.638865,37,0,2,1,3,0,0,0,2,0,0,60,2,14295,14295,3,0,5,2,0,0,0,1
1241539,4,2020,2020,1,3,8,3371,17,58,3342,0,1,2,-32.795419,151.72168,57,2,1,1,2,0,3,4,0,0,7,80,2,368,368,9,5,28,2,0,1,0,0
1241542,4,2020,2020,1,1,10,5,27,24,34609,0,1,1,-33.705633,151.110729,31,0,2,1,3,0,0,0,0,0,7,50,0,9859,9859,1,5,5,2,0,1,0,0
1241543,1,2020,2020,11,1,4,97,10,6,34609,0,1,9,-28.640667,153.449057,10,1,0,1,3,0,0,0,2,0,0,100,0,2852,2852,4,5,36,2,0,0,0,1
1241546,2,2020,2020,11,1,7,29,27,284,34609,1,2,9,-33.906719,151.025604,15,0,2,1,3,0,0,0,2,0,15,40,0,941,941,1,0,25,2,0,0,1,1
1241549,1,2020,2020,1,3,9,194,31,363,34609,0,1,1,-33.819365,151.003894,54,0,2,1,3,0,0,0,0,0,7,40,0,3775,3775,0,5,5,2,0,0,0,2
1241551,1,2020,2020,11,3,6,103,27,34,98,0,1,1,-32.778849,150.909079,64,2,1,0,0,0,0,0,2,0,7,80,2,418,714,5,16,40,1,0,0,0,1
1241552,2,2020,2020,5,0,8,153,27,197,147,1,0,10,-33.952648,151.083419,25,0,2,1,1,0,0,0,2,2,7,60,2,14295,14295,3,5,5,2,0,0,2,0
1241553,2,2020,2020,6,3,9,4,10,83,34609,0,1,9,-30.097776,153.181203,19,2,1,0,0,0,3,4,0,0,7,50,0,1850,1463,5,16,40,1,0,0,1,0
1241555,2,2020,2020,5,2,4,2209,17,77,2205,0,1,2,-33.921254,151.165182,32,0,2,1,1,0,0,3,2,2,7,60,2,5929,5929,1,30,5,2,0,0,2,1
1241556,1,2020,2020,11,6,8,113,27,113,111,0,1,9,-33.803541,150.769411,55,0,2,0,1,0,3,4,2,0,15,80,2,2852,2852,4,5,36,2,0,0,0,1
1241557,1,2020,2020,1,6,3,112,27,151,256,0,1,2,-34.026053,150.833327,13,0,2,1,3,0,0,0,2,0,7,70,1,14295,14295,3,0,5,2,0,0,0,1
1241558,1,2020,2020,11,5,9,30,27,133,34609,0,1,9,-33.931572,151.017334,15,0,2,1,3,0,0,0,4,0,7,50,0,150,150,4,5,5,2,0,0,0,1
1241563,2,2020,2020,6,6,5,1104,14,323,962,0,1,3,-33.800057,150.862704,7,0,2,1,0,0,3,4,2,0,7,100,2,1282,1282,1,8,5,2,0,0,1,0
1241566,2,2020,2020,1,0,6,3371,17,27,3342,0,1,1,-30.195979,153.146722,19,1,0,0,1,0,0,0,2,0,7,110,2,1957,4009,8,5,40,1,0,0,1,0
1241569,2,2020,2020,1,1,10,283,27,145,702,0,1,10,-33.917551,151.065059,15,0,2,1,2,0,0,0,0,2,7,60,2,5929,5929,1,5,5,2,0,0,1,0
1241571,4,2020,2020,1,6,1,8,10,31,34609,0,1,9,-33.926756,150.88093,41,0,2,1,2,0,0,0,0,0,7,50,0,4026,4026,8,5,40,1,0,1,0,0
1241572,4,2020,2020,1,5,8,110,31,171,34609,0,1,9,-33.806174,150.971017,54,0,2,1,1,0,0,0,3,0,7,50,0,1220,1220,9,5,28,2,0,1,0,0
1241574,4,2020,2020,1,0,4,478,17,35,480,0,1,1,-33.262077,151.560494,16,2,2,1,0,0,0,0,2,0,7,60,2,623,623,3,5,0,2,0,1,1,0
1241578,2,2020,2020,1,1,4,109,27,38,169,0,1,1,-32.814726,151.457755,17,2,1,1,0,0,0,0,2,0,7,60,2,14295,14295,3,10,0,5,0,0,1,0
1241580,2,2020,2020,1,1,9,6,10,104,34609,0,1,9,-33.795183,150.805806,55,0,2,1,2,0,3,4,0,0,0,50,0,2852,2852,4,5,5,2,0,0,1,0
1241582,4,2020,2020,5,6,4,2261,17,74,2252,0,1,3,-34.077355,150.774196,13,0,2,1,0,0,0,0,2,0,7,110,2,14295,14295,3,29,2,2,0,1,0,0
1241586,1,2020,2020,11,5,6,13,31,17,17,1,0,1,-30.891743,153.038969,34,2,1,1,0,0,0,0,2,0,9,50,1,14295,14295,3,5,0,2,0,0,0,1
1241588,1,2020,2020,11,1,7,46,36,11,46,0,1,1,-33.104918,149.104574,11,1,0,1,0,0,0,0,2,0,7,100,1,9859,9859,8,5,40,1,0,0,0,1
1241589,4,2020,2020,1,1,9,6,31,90,34609,0,1,10,-32.920113,151.742635,48,0,2,1,2,0,0,0,0,0,15,50,0,6545,6545,4,21,19,2,0,1,0,0
1241590,2,2020,2020,8,5,6,42,27,438,34609,0,1,7,-33.858788,151.026154,21,0,2,1,0,0,3,0,2,0,0,50,0,6545,6545,4,22,5,2,0,0,1,0
1241594,2,2020,2020,1,2,6,500,27,646,799,0,1,1,-33.933794,151.028098,15,0,2,1,1,0,0,0,2,0,0,60,2,1383,1383,1,5,0,3,0,0,1,1
1241598,1,2020,2020,11,2,1,334,17,15,308,0,1,1,-30.936029,150.60387,70,1,0,1,0,0,3,0,0,0,7,100,2,1089,1089,7,5,40,1,0,0,0,1
1241603,2,2020,2020,1,2,5,330,23,123,233,0,1,10,-33.913102,151.224741,59,0,2,1,1,0,0,0,2,2,7,50,2,340,340,9,5,28,2,0,0,1,0
1241608,2,2020,2020,1,1,9,79,27,46,159,0,1,1,-33.939928,151.115131,4,0,2,1,2,0,0,0,0,0,7,60,2,238,238,9,33,28,2,0,0,1,0
1241609,2,2020,2020,1,2,9,866,17,278,793,0,1,2,-33.760189,151.048753,54,0,2,1,2,0,0,0,0,0,7,60,2,3775,3775,0,0,5,2,0,0,2,1
1241610,1,2020,2020,11,3,7,1,31,5,34,0,1,9,-33.838497,151.222529,49,0,2,0,1,0,0,0,2,0,7,50,1,404,404,8,16,40,1,0,0,0,1