Crash ID,Degree of crash - detailed,Reporting year,Year of crash,Month of crash,Day of week of crash,Two-hour intervals,Street of crash,Street type,Town,Route no.,School zone location,School zone active,Type of location,Latitude,Longitude,LGA,Urbanisation,Conurbation 1,Alignment,Street lighting,Road surface,Surface condition,Weather,Natural lighting,Signals operation,Other traffic control,Speed limit,Road classification,RUM - code,DCA - code,First impact type,Key TU type,Other TU type,No. of traffic units involved,No. killed,No. seriously injured,No. moderately injured,No. minor-other injured
1241614,2,2020,2020,1,1,7,515,14,294,518,0,1,3,-33.941024,150.935384,41,0,2,1,0,0,0,0,2,0,7,100,2,14295,14295,3,10,36,2,0,0,1,0
1241615,2,2020,2020,1,2,8,1,18,11,34609,0,1,9,-33.347538,149.160669,52,2,1,1,0,0,0,0,3,0,7,50,0,1945,1945,5,16,40,1,0,0,1,0
1241620,2,2020,2020,11,5,7,48,31,139,605,1,2,1,-33.828925,151.209173,49,0,2,1,1,0,0,0,2,0,7,40,2,1282,1282,1,9,18,2,0,0,1,0
1241621,2,2020,2020,11,6,6,1,6,139,34609,0,1,1,-33.843106,151.215607,49,0,2,1,1,0,0,6,2,0,7,50,0,312,312,2,5,40,1,0,0,1,0
1241622,4,2020,2020,1,5,3,3371,17,14,3342,1,0,9,-33.728206,151.120428,36,0,2,0,1,0,0,0,2,0,6,60,2,5929,5929,1,5,19,2,0,1,0,0
1241626,4,2020,2020,11,6,9,24,27,201,47,0,1,2,-33.989037,150.859748,13,0,2,0,2,0,3,3,0,0,7,60,1,1957,4009,8,16,40,1,0,1,0,0
1241628,2,2020,2020,11,0,5,866,17,171,793,0,1,10,-33.80287,150.971204,54,0,2,1,0,0,0,0,2,2,7,70,2,256,256,4,0,5,3,0,0,1,1
1241629,2,2020,2020,11,4,9,9,31,304,6,0,1,1,-33.901269,151.152887,32,0,2,1,2,0,0,0,0,0,7,60,1,9859,9859,1,34,18,3,0,0,1,0
1241630,4,2020,2020,1,4,5,72,31,176,62,0,1,9,-33.952031,151.148192,4,0,2,1,0,0,0,0,2,0,0,60,1,6545,6545,4,5,5,2,0,1,1,0
1241632,4,2020,2020,1,3,6,3371,17,60,3342,0,1,1,-33.438147,151.251364,16,2,2,0,0,0,0,0,2,0,7,60,2,4552,5151,8,16,40,1,0,1,0,0
1241635,2,2020,2020,1,3,5,500,27,136,799,0,1,10,-33.925397,151.086895,15,0,2,1,3,0,0,0,2,2,7,60,2,5929,5929,1,5,12,2,0,0,1,0
1241636,2,2020,2020,11,6,5,22,1,443,34609,0,1,1,-33.905875,151.05259,15,0,2,1,3,0,0,0,2,0,7,50,0,9859,9859,1,10,6,2,0,0,1,0
1241638,1,2020,2020,1,5,8,344,27,44,369,0,1,9,-33.742338,150.715903,55,0,2,1,0,0,3,3,2,2,7,70,2,14295,14295,3,5,19,2,0,0,0,1
1241642,2,2020,2020,1,4,5,118,17,77,118,0,1,1,-30.30599,149.763874,51,2,1,1,0,0,0,0,2,0,7,80,2,475,475,5,0,40,1,0,0,1,0
1241648,4,2020,2020,0,4,8,171,1,63,104,0,1,2,-33.936413,151.209324,4,0,2,1,1,0,0,0,2,0,7,70,2,1192,1192,1,5,5,2,0,1,1,0
1241650,2,2020,2020,5,1,10,49,31,532,34609,0,1,10,-33.865092,151.211596,69,0,2,1,2,0,0,0,0,2,9,40,0,2040,2040,9,5,28,2,0,0,1,0
1241655,1,2020,2020,11,0,11,40,31,363,34609,0,1,9,-33.810773,151.00923,54,0,2,1,3,0,3,4,0,0,7,50,0,144,144,1,9,27,2,0,0,0,1
1241656,2,2020,2020,5,1,6,97,27,166,799,0,1,2,-33.929572,150.980725,15,0,2,1,3,0,0,0,2,0,7,70,2,14295,14295,3,5,5,2,0,0,1,0
1241658,1,2020,2020,1,0,5,11,31,198,34609,0,1,1,-33.920616,151.098127,15,0,2,1,3,0,0,0,2,0,7,50,0,1109,787,1,5,5,2,0,0,0,1
1241676,2,2020,2020,6,5,7,59,27,271,42,1,2,1,-33.946188,151.017734,15,0,2,1,0,0,0,0,2,0,7,40,1,1945,1945,5,16,40,1,0,0,1,0
1241680,4,2020,2020,11,2,0,361,18,10,34609,0,1,1,-32.327405,148.749716,22,2,1,1,0,2,0,6,0,0,7,80,0,4026,4026,8,10,40,1,0,1,0,0
1241683,1,2020,2020,1,4,8,100,31,363,38,0,1,9,-33.808203,151.001693,54,0,2,1,2,0,3,0,3,2,7,60,1,14295,14295,3,5,5,2,0,0,0,1
1241684,4,2020,2020,1,2,9,65,10,132,148,0,1,1,-34.076621,151.056316,68,0,2,0,0,0,0,0,0,0,7,50,2,3775,3775,0,5,36,2,0,1,0,0
1241685,1,2020,2020,7,5,10,33,31,532,34609,0,1,9,-33.863454,151.206503,69,0,2,1,2,0,0,0,0,2,7,40,0,1945,1945,5,15,40,1,0,0,0,1
1241687,1,2020,2020,11,2,5,36,36,80,139,0,1,1,-34.540281,146.368756,51,1,0,0,1,0,0,0,2,0,11,100,2,3775,3775,0,5,41,2,0,0,0,1
1241688,2,2020,2020,1,6,8,10,27,96,160,0,1,9,-34.056323,150.826556,13,0,2,1,2,0,0,0,0,0,7,60,2,1383,1383,1,22,13,2,0,0,1,0
1241691,1,2020,2020,1,1,8,75,10,387,165,0,1,3,-33.942571,151.192073,4,0,2,1,0,0,0,0,2,0,7,70,2,14295,14295,3,9,5,3,0,0,0,1
1241694,1,2020,2020,11,3,6,14,27,11,34609,0,1,1,-34.538237,150.765198,80,0,2,0,0,0,0,3,2,0,7,80,0,1259,5151,8,16,40,1,0,0,0,1
1241699,4,2020,2020,6,0,7,1,10,57,34609,0,1,9,-34.686944,150.855634,35,2,1,1,1,0,0,0,2,0,7,50,0,1220,1220,9,10,28,2,0,1,0,0
1241700,2,2020,2020,5,6,9,42,31,532,34609,0,1,0,-33.865311,151.205648,69,0,2,1,2,0,0,0,3,0,7,40,0,340,340,9,5,28,2,0,0,1,0
1241702,4,2020,2020,6,2,2,512,17,562,441,0,1,2,-32.249058,148.594101,22,2,1,1,2,0,0,0,0,0,7,60,2,9859,9859,8,10,40,1,0,1,0,0
1241703,4,2020,2020,5,1,3,2126,17,5,2149,0,1,1,-33.445925,149.76352,3,1,0,1,0,0,3,3,2,0,7,100,2,1669,1669,3,34,13,2,0,1,0,0
1241704,2,2020,2020,1,1,7,32,10,27,34609,0,1,2,-32.762629,151.599584,42,2,1,1,1,0,0,0,2,0,7,50,0,4026,4026,8,0,40,1,0,0,1,0
1241705,4,2020,2020,5,2,10,168,10,387,260,0,1,2,-33.94597,151.172882,4,0,2,1,2,0,3,4,0,0,7,70,2,9859,9859,8,5,40,1,0,1,0,1
1241707,4,2020,2020,1,5,8,103,36,6,103,0,1,1,-32.570096,151.92189,43,1,0,0,0,0,0,0,3,0,7,90,1,4552,5151,8,30,40,1,0,1,0,0
1241708,2,2020,2020,1,4,7,13,31,46,34609,0,1,9,-33.938846,151.108573,4,0,2,1,1,0,0,0,2,0,7,50,0,1220,1220,9,5,28,2,0,0,1,0
1241710,4,2020,2020,1,0,8,3371,17,5,3342,0,1,1,-28.965789,153.462236,2,1,0,1,0,0,3,4,3,0,7,100,2,3775,3775,0,5,5,2,0,5,0,0
1241712,4,2020,2020,1,2,7,9,1,55,34609,0,1,1,-33.369627,151.466078,16,2,2,1,0,0,0,0,2,0,7,50,0,9859,9859,1,5,36,3,0,2,0,0
1241713,2,2020,2020,5,4,5,481,17,562,483,0,1,1,-32.34271,148.493562,22,1,0,1,0,0,3,3,2,0,7,110,2,945,945,5,0,40,1,0,0,1,0
1241715,2,2020,2020,1,2,11,2,7,33,34609,0,1,1,-33.482889,150.132915,40,2,1,1,2,0,0,0,0,0,7,50,0,4026,4026,8,5,40,1,0,0,1,0
1241716,2,2020,2020,6,2,0,3,27,8,34609,0,1,1,-29.394717,148.809012,51,1,0,0,0,0,0,0,0,0,7,100,0,1850,1463,5,10,40,1,0,0,1,0
1241718,2,2020,2020,1,6,7,3371,17,463,3342,0,1,9,-30.30561,153.101882,19,2,1,1,1,0,0,0,2,0,0,60,2,14295,14295,3,9,0,2,0,0,1,0
1241720,4,2020,2020,1,2,8,6,36,25,34609,0,1,1,-33.836593,148.914158,51,1,0,0,0,0,0,0,2,0,7,100,0,380,714,5,16,40,1,0,1,0,0
1241723,2,2020,2020,6,1,8,1104,14,39,962,0,1,3,-33.783357,150.764379,55,0,2,0,1,0,0,0,2,0,7,100,2,1850,1463,5,16,40,1,0,0,1,0
1241731,2,2020,2020,5,4,6,8,27,6,58,0,1,9,-34.509392,150.465451,78,2,1,1,3,0,0,0,2,0,7,80,2,9859,9859,8,5,40,1,0,0,1,0
1241734,4,2020,2020,5,6,5,115,27,113,173,0,1,1,-34.375444,150.84152,80,0,2,0,0,0,0,0,2,0,7,100,2,2585,4009,8,8,40,1,0,1,0,0
1241736,4,2020,2020,5,1,7,2209,17,33,2205,0,1,9,-34.745486,150.815469,35,2,1,1,1,0,0,0,2,0,15,50,2,6545,6545,4,5,13,2,0,1,0,1
1241738,2,2020,2020,1,4,6,112,27,29,769,0,1,1,-33.523842,150.628662,29,2,2,1,3,0,0,0,2,0,7,60,2,1945,1945,5,16,40,1,0,0,1,0
1241742,4,2020,2020,1,5,7,33,27,35,49,0,1,10,-33.882649,150.890529,24,0,2,1,1,0,0,0,2,2,7,60,1,6545,6545,4,0,27,2,0,1,0,0
1241743,4,2020,2020,1,4,9,78,31,134,36,0,1,1,-33.52154,151.319603,16,2,2,1,2,0,0,0,0,0,7,50,1,3775,3775,0,5,5,3,0,1,1,0
1241744,4,2020,2020,1,3,6,92,27,99,34609,0,1,10,-33.888505,151.275637,76,0,2,1,0,0,0,0,2,0,15,40,0,6545,6545,4,0,19,2,0,1,0,0
1241748,2,2020,2020,1,5,4,21,10,74,34609,0,1,10,-34.025393,150.776384,12,0,2,1,3,0,0,0,2,1,7,60,0,1669,1669,3,5,25,2,0,0,1,0
1241751,1,2020,2020,1,6,3,1,1,67,34609,0,1,10,-33.714083,150.899728,7,0,2,1,3,0,0,0,2,0,15,50,0,1391,1391,1,9,5,2,0,0,0,2
1241753,4,2020,2020,11,0,8,32,31,132,26,0,1,1,-29.77211,151.113652,33,2,1,1,1,0,0,0,2,0,7,40,1,1220,1220,9,10,28,2,0,1,1,0
1241756,1,2020,2020,5,3,8,3,27,22,34609,0,1,1,-33.5931,150.205569,40,2,1,0,0,0,0,0,3,0,7,80,0,4552,5151,8,10,40,1,0,0,0,1
1241758,1,2020,2020,11,6,6,50,27,166,799,0,1,10,-33.898552,151.176419,32,0,2,1,3,0,0,0,2,3,7,50,2,5929,5929,1,5,19,2,0,0,0,1
1241759,1,2020,2020,11,3,6,79,27,188,159,0,1,9,-33.936021,151.111731,15,0,2,1,3,0,0,0,2,2,7,60,2,2852,2852,4,30,5,2,0,0,0,1
1241760,1,2020,2020,11,3,9,20,27,13,24,0,1,1,-33.621259,151.053784,31,0,2,1,3,0,0,0,0,0,7,60,1,9859,9859,8,0,40,1,0,0,0,1
1241766,2,2020,2020,11,4,8,1104,14,104,962,0,1,3,-33.791087,150.805457,55,0,2,1,3,0,3,4,3,0,7,110,2,1391,1391,1,10,0,3,0,0,1,0
1241767,1,2020,2020,11,3,5,191,27,309,208,0,1,1,-33.804074,151.103175,61,0,2,1,3,0,0,0,2,0,7,60,2,14295,14295,3,5,5,2,0,0,0,1
1241770,2,2020,2020,1,2,2,3,27,6,34609,0,1,1,-34.584852,150.198833,78,1,0,0,3,0,3,4,0,0,7,100,0,404,404,8,0,40,1,0,0,1,0
1241775,1,2020,2020,11,6,7,222,27,14,40,0,1,10,-33.599764,150.912288,29,2,2,1,1,0,3,4,2,0,0,60,1,2852,2852,4,5,13,2,0,0,0,1
1241780,2,2020,2020,1,4,7,5,31,293,34609,0,1,1,-33.938594,151.233783,59,0,2,1,0,0,0,0,2,0,7,50,0,9859,9859,8,5,40,1,0,0,1,0
1241783,4,2020,2020,5,0,7,2209,17,10,2205,0,1,10,-33.984041,151.114012,25,0,2,1,2,0,0,0,2,2,7,70,2,6545,6545,4,10,5,2,0,1,0,0
1241784,1,2020,2020,11,4,9,1052,14,39,928,0,1,3,-32.895332,151.581972,37,0,2,1,0,0,0,0,0,0,7,80,2,14295,14295,3,34,10,2,0,0,0,1
1241785,2,2020,2020,1,4,3,65,27,646,563,0,1,2,-33.925926,151.038021,15,0,2,0,0,0,0,0,2,0,7,70,2,2040,2040,9,5,28,3,0,0,1,0
1241788,1,2020,2020,11,2,10,3371,17,30,3342,0,1,2,-28.32154,153.517491,72,1,0,1,2,0,0,0,0,0,7,110,2,4026,4026,8,5,40,1,0,0,0,1
1241791,1,2020,2020,6,1,7,4,27,4,34609,0,1,1,-30.655502,152.836254,47,1,0,0,0,0,0,3,2,0,7,100,0,418,714,5,16,40,1,0,0,0,1
1241792,2,2020,2020,1,4,4,80,27,316,50,0,1,1,-33.9083,151.234058,59,0,2,1,1,0,0,0,2,0,7,60,2,2040,2040,9,5,28,2,0,0,1,0
1241793,4,2020,2020,1,2,8,3,31,155,34609,0,1,1,-33.139856,148.173703,53,2,1,1,2,0,3,4,0,0,7,40,0,220,220,8,5,40,1,0,1,0,0
1241794,2,2020,2020,5,2,8,8,1,63,34609,0,1,7,-33.243801,151.506165,16,2,2,1,2,0,0,0,0,0,0,50,0,14295,14295,3,10,5,2,0,0,1,0
1241797,4,2020,2020,11,1,8,3,31,363,34609,0,1,10,-33.759829,150.707335,55,0,2,1,1,0,0,0,2,0,15,50,0,5929,5929,1,5,5,2,0,1,0,0
1241800,2,2020,2020,11,4,8,55,27,74,70,0,1,7,-33.724293,151.038577,31,0,2,0,2,0,0,0,3,0,7,60,2,5929,5929,1,0,0,2,0,0,1,0
1241801,1,2020,2020,11,4,6,2,31,40,34609,0,1,1,-34.226117,150.591592,79,2,2,1,0,0,0,0,2,0,7,50,0,4026,4026,1,5,36,2,0,0,0,1
1241804,1,2020,2020,1,6,8,42,27,37,30,1,0,9,-33.897953,151.252065,76,0,2,1,2,0,0,0,3,0,0,50,1,6545,6545,4,5,27,2,0,0,0,1
1241805,4,2020,2020,1,2,0,13,31,20,34609,0,1,9,-33.41254,151.458511,16,2,2,0,2,0,0,0,0,0,7,50,0,782,957,5,5,40,1,0,1,0,0
1241806,2,2020,2020,11,6,6,1,27,4,34609,0,1,1,-32.998571,149.566753,3,2,1,1,0,2,3,4,2,0,7,80,0,1945,1945,5,16,40,1,0,0,1,0
1241808,4,2020,2020,1,1,4,39,36,16,79,0,1,9,-33.794691,151.208251,77,0,2,1,1,0,0,0,2,2,7,60,2,5929,5929,1,5,19,2,0,1,0,0
1241809,2,2020,2020,1,0,4,48,31,24,34609,0,1,10,-33.907066,150.889297,41,0,2,1,1,0,0,0,2,0,0,50,0,6545,6545,4,0,25,2,0,0,1,0
1241810,4,2020,2020,1,4,8,7,27,290,34609,0,1,1,-33.946216,151.124414,4,0,2,1,1,0,0,0,2,0,7,50,0,237,162,8,0,40,1,0,1,0,0
1241813,1,2020,2020,1,0,8,2,31,119,126,0,1,1,-32.756892,151.747872,57,2,1,1,3,0,0,0,0,0,7,60,2,941,941,1,0,13,2,0,0,0,1
1241815,4,2020,2020,1,0,1,2,1,119,34609,0,1,1,-32.749977,151.758138,57,2,1,0,2,0,0,0,0,0,7,50,0,2585,4009,1,5,24,2,0,2,0,0
1241816,4,2020,2020,5,5,5,11,10,29,34609,0,1,1,-28.786398,153.589977,2,2,1,0,1,0,0,0,2,0,7,40,0,220,220,8,9,40,2,0,1,0,0
1241820,1,2020,2020,5,4,4,2209,17,59,2205,0,1,9,-34.331485,150.913673,80,0,2,1,0,0,0,0,2,2,7,60,2,14295,14295,3,0,5,2,0,0,0,1
1241821,2,2020,2020,11,3,4,34,27,225,69,0,1,1,-33.796615,151.167634,77,0,2,1,1,0,0,0,2,0,7,50,2,1981,1981,4,5,27,2,0,0,1,0
1241826,2,2020,2020,11,3,4,7,23,198,34609,0,1,7,-33.907193,151.108917,15,0,2,1,1,0,0,0,2,0,0,50,0,6545,6545,4,0,27,2,0,0,1,0
1241827,1,2020,2020,11,0,4,1,10,43,34609,0,1,1,-32.170628,152.489595,43,2,1,1,1,0,0,0,2,0,7,50,0,9859,9859,1,5,5,2,0,0,0,1
1241828,1,2020,2020,11,1,5,39,27,284,563,0,1,2,-33.892704,151.038447,15,0,2,1,0,0,0,0,2,0,7,80,2,1383,1383,1,5,10,2,0,0,0,1
1241831,1,2020,2020,11,3,9,500,27,106,799,1,0,9,-33.924148,151.091089,15,0,2,1,2,0,0,0,3,2,7,60,2,1945,1945,5,15,40,1,0,0,0,1
1241833,2,2020,2020,6,4,7,512,17,562,441,0,1,9,-32.24215,148.58656,22,2,1,1,1,0,0,3,2,0,0,60,2,2852,2852,4,10,13,2,0,0,1,0
1241835,4,2020,2020,5,2,10,293,31,532,55,0,1,9,-33.866553,151.212409,69,0,2,1,2,0,0,0,0,2,5,40,1,2040,2040,9,5,28,2,0,1,0,0
1241836,2,2020,2020,11,6,4,2261,17,23,2252,0,1,2,-34.649834,150.099701,78,1,0,0,0,0,3,3,2,0,7,110,2,4552,5151,8,5,40,1,0,0,1,0
1241837,4,2020,2020,1,2,9,103,36,4,157,0,1,1,-28.561237,152.977662,51,1,0,0,0,0,0,0,0,0,7,100,2,1089,1089,7,0,40,1,0,1,0,0
1241844,2,2020,2020,1,0,4,27,27,290,34609,0,1,9,-33.851677,150.974411,21,0,2,1,3,0,0,0,2,0,0,50,0,2852,2852,4,5,5,2,0,0,1,0
1241845,4,2020,2020,1,0,6,2261,17,70,2252,0,1,2,-34.6142,150.218473,78,1,0,1,3,0,3,4,2,0,7,110,2,945,945,5,0,40,1,0,1,0,0
1241846,4,2020,2020,1,6,9,47,27,18,34609,0,1,1,-33.735209,151.289131,50,0,2,1,2,0,3,4,0,0,7,50,0,9859,9859,1,0,12,3,0,1,0,0
1241851,4,2020,2020,5,0,3,29,27,284,34609,1,0,9,-33.907181,151.025848,15,0,2,1,0,0,0,0,1,0,7,50,0,9859,9859,1,5,12,2,0,1,0,0
1241853,1,2020,2020,11,6,5,112,17,27,112,0,1,9,-31.556834,143.375891,51,2,1,1,1,0,0,0,2,0,15,50,2,2585,777,8,30,40,1,0,0,0,1
1241854,4,2020,2020,11,4,10,6,27,13,34609,0,1,1,-34.552993,150.723283,62,0,2,1,0,0,3,4,0,0,7,80,0,9859,9859,8,10,40,1,0,1,0,0
1241856,2,2020,2020,5,4,1,512,17,562,441,0,1,10,-32.254442,148.60997,22,2,1,1,2,0,0,0,0,0,7,60,2,41,41,8,5,40,2,0,0,2,0
1241857,2,2020,2020,5,4,7,3371,17,143,3342,0,1,10,-33.697511,151.100318,31,0,2,1,1,0,0,0,2,2,7,60,2,2852,2852,4,5,5,2,0,0,1,0
1241858,1,2020,2020,6,6,3,90,31,112,165,0,1,2,-33.909802,151.213008,69,0,2,1,0,0,0,0,1,0,7,80,2,14295,14295,3,0,12,3,0,0,0,1
1241859,4,2020,2020,5,5,3,120,36,11,148,0,1,1,-30.483668,152.289591,1,1,0,0,0,0,1,1,0,0,7,100,2,1259,5151,8,5,40,1,0,2,0,0
1241860,2,2020,2020,6,4,3,9,31,48,34609,0,1,1,-28.254232,153.573808,72,2,1,1,0,0,0,0,2,0,7,50,0,9859,9859,1,0,36,2,0,0,1,0
1241861,2,2020,2020,5,6,3,8,31,48,62,0,1,1,-36.67492,149.834441,5,2,1,1,2,0,0,0,1,0,7,50,1,4026,4026,8,10,40,2,0,0,1,0
1241864,1,2020,2020,1,1,3,60,27,77,44,0,1,10,-33.87233,150.936996,24,0,2,1,2,0,0,0,2,2,7,50,1,623,623,3,5,13,2,0,0,0,2
1241865,4,2020,2020,5,4,6,387,27,6,34609,0,1,1,-34.044104,151.101144,68,0,2,1,3,0,0,0,2,0,7,50,0,248,248,1,0,5,2,0,1,0,0
1241866,4,2020,2020,5,5,11,71,36,23,11,0,1,1,-31.706341,145.920954,51,1,0,1,0,0,0,0,0,0,7,100,2,1945,1945,5,0,40,1,0,1,0,0
1241867,4,2020,2020,5,5,0,2261,17,75,2252,0,1,1,-33.886606,151.112348,9,0,2,0,2,0,3,4,0,0,7,60,2,2585,4009,8,5,40,1,0,1,0,0
1241870,2,2020,2020,1,3,11,162,31,65,148,0,1,2,-32.928446,151.767555,48,0,2,0,2,0,3,4,0,0,7,60,1,2585,4009,1,5,5,2,0,0,1,0
1241877,1,2020,2020,5,4,4,27,27,87,34609,1,2,1,-33.927978,150.955582,41,0,2,1,1,0,0,0,2,0,7,40,0,14295,14295,3,5,5,3,0,0,0,1
1241879,4,2020,2020,5,0,3,512,31,31,34609,0,1,7,-33.893619,151.094345,9,0,2,0,1,0,0,1,1,0,0,50,0,6545,6545,4,10,5,2,0,1,0,0
1241880,1,2020,2020,1,0,8,1,25,42,34609,0,1,9,-33.74106,151.268093,50,0,2,0,0,0,0,0,3,0,7,50,0,5929,5929,1,0,5,2,0,0,0,1
1241883,4,2020,2020,1,1,2,103,27,17,256,0,1,1,-34.146124,150.7904,13,0,2,0,0,0,3,4,0,0,7,80,2,273,957,5,34,40,1,0,1,0,0
1241884,2,2020,2020,5,2,4,85,27,53,145,1,0,2,-33.80317,151.03812,54,0,2,1,1,0,0,0,2,0,7,60,2,1192,1192,1,5,0,2,0,0,1,0
1241886,4,2020,2020,11,0,2,2261,17,62,2252,0,1,1,-33.888648,151.133929,32,0,2,1,2,0,0,0,0,0,7,60,2,190,190,1,5,0,2,0,1,0,0
1241887,4,2020,2020,11,3,3,4,1,50,34609,0,1,1,-34.35101,150.912658,80,0,2,1,1,0,3,0,2,0,7,50,0,9859,9859,8,5,40,1,0,1,1,1
1241888,2,2020,2020,1,0,7,163,27,24,165,0,1,9,-33.735284,150.836106,7,0,2,1,0,0,0,0,2,2,9,60,1,2040,2040,9,5,28,2,0,0,1,0
1241891,4,2020,2020,1,6,3,57,27,122,34609,0,1,1,-33.423073,151.341311,16,2,2,1,1,0,0,0,1,0,9,50,0,2040,2040,9,5,28,2,0,1,0,0
1241895,2,2020,2020,1,6,9,2,1,163,34609,0,1,7,-33.85426,151.097943,14,0,2,1,2,0,0,0,3,0,0,50,0,6545,6545,4,0,27,2,0,0,1,0
1241901,1,2020,2020,11,0,5,100,27,109,799,0,1,10,-33.903885,151.140963,32,0,2,1,1,0,3,4,2,2,7,60,2,5929,5929,1,0,5,2,0,0,0,2
1241902,2,2020,2020,11,2,1,4,1,4,34609,0,1,1,-31.041335,152.805389,34,2,1,1,0,0,3,3,0,0,7,80,0,4026,4026,8,30,40,1,0,0,1,0
1241904,4,2020,2020,11,1,2,2209,17,176,2205,0,1,10,-33.969931,151.134999,25,0,2,1,2,0,0,0,1,2,7,60,2,6545,6545,4,16,5,2,0,1,0,1
1241912,2,2020,2020,11,1,7,32,27,33,563,0,1,10,-33.966214,151.033147,15,0,2,1,1,0,0,0,2,2,7,50,2,5929,5929,1,5,5,2,0,0,1,0
1241914,2,2020,2020,11,6,3,220,14,133,220,0,1,3,-34.519724,150.788825,80,0,2,1,0,0,0,0,2,0,7,100,2,1282,1282,1,8,5,2,0,0,1,0
1241915,2,2020,2020,6,2,6,15,23,433,34609,0,1,7,-33.259123,149.113163,52,2,1,1,1,0,0,0,2,0,0,80,0,5929,5929,1,16,13,2,0,0,2,0
1241916,4,2020,2020,6,1,7,308,14,127,311,0,1,3,-33.850516,150.851954,24,0,2,1,1,0,0,0,2,0,7,100,2,14295,14295,3,3,10,7,0,1,3,0
1241920,4,2020,2020,11,4,8,344,27,42,163,0,1,9,-33.74017,150.862502,7,0,2,1,2,0,0,0,3,2,7,70,2,5929,5929,1,5,5,2,0,1,0,0
1241926,2,2020,2019,1,4,8,8,27,6,34609,0,1,1,-33.522698,150.013487,40,1,0,1,0,0,0,0,3,0,7,100,0,9859,9859,8,10,40,1,0,0,1,0
1241928,2,2020,2020,6,5,4,3371,17,51,3342,0,1,7,-33.252158,151.489844,16,2,2,1,0,0,0,0,2,0,0,70,2,1945,1945,5,22,40,1,0,0,1,0
1241941,2,2020,2020,5,2,4,1104,14,323,962,0,1,3,-33.79919,150.858441,7,0,2,1,0,0,0,0,2,0,7,100,2,4026,4026,8,5,40,2,0,0,1,0
1241942,4,2020,2020,5,3,10,5,27,251,34609,0,1,2,-33.784301,150.925977,7,0,2,1,2,0,0,0,0,0,7,50,0,4026,4026,8,16,40,1,0,1,0,0
1241944,4,2020,2020,1,0,9,43,27,15,46,0,1,9,-28.296741,153.569395,72,2,1,1,2,0,3,4,0,2,7,80,1,2852,2852,4,5,5,3,0,1,1,0
1241945,1,2020,2020,11,5,5,2126,17,136,2149,0,1,10,-33.859913,151.072891,67,0,2,1,1,0,0,0,2,0,7,60,2,926,926,4,0,5,2,0,0,0,1
1241946,2,2020,2020,11,2,5,293,27,201,34609,0,1,1,-33.997108,150.866688,13,0,2,1,0,0,0,0,2,0,9,40,0,2040,2040,9,5,28,2,0,0,1,0
1241948,1,2020,2020,5,4,7,829,27,149,770,0,1,2,-33.86848,151.178217,32,0,2,1,1,0,0,0,2,0,7,60,2,14295,14295,3,5,5,2,0,0,0,1
1241952,4,2020,2020,5,6,4,22,10,108,57,0,1,9,-28.852564,153.555725,2,2,1,1,1,0,0,0,2,0,0,60,1,775,775,4,5,27,2,0,1,0,0
1241953,1,2020,2020,1,4,8,2261,17,68,2252,0,1,9,-34.78846,148.857432,82,1,0,1,3,0,0,0,2,0,0,110,2,14295,14295,3,5,5,2,0,0,0,1
1241957,1,2020,2020,6,4,5,21,7,62,14,0,1,1,-33.890979,151.140232,32,0,2,0,0,0,0,0,2,0,7,50,1,1259,5151,1,5,5,2,0,0,0,1
1241960,4,2020,2020,5,4,4,283,27,145,702,0,1,9,-33.927062,151.070956,15,0,2,1,0,0,0,0,2,0,7,60,2,1282,1282,1,5,5,2,0,1,0,0
1241963,4,2020,2020,1,0,7,829,27,125,770,0,1,9,-33.822655,151.12173,61,0,2,1,1,0,0,0,2,2,7,60,2,5929,5929,1,0,19,2,0,1,0,0
1241964,2,2020,2020,5,5,6,2,27,132,2,0,1,1,-34.168027,151.064748,68,0,2,1,1,0,0,0,2,0,7,60,2,1945,1945,5,16,40,1,0,0,1,0
1241965,4,2020,2020,11,5,3,2126,17,90,2149,0,1,1,-33.695689,150.289218,8,2,2,0,0,0,0,0,2,0,7,70,2,4552,5151,8,29,40,1,0,1,0,0
1241966,4,2020,2020,1,4,7,512,17,8,441,0,1,1,-33.391894,149.226333,52,1,0,1,0,0,3,2,2,0,7,100,2,4026,4026,8,0,40,1,0,3,0,0
1241967,2,2020,2020,11,4,4,916,17,91,917,0,1,2,-32.796668,151.635103,48,0,2,1,3,0,3,0,2,0,7,60,2,14295,14295,3,0,5,3,0,0,2,0
1241968,4,2020,2020,5,0,1,1052,14,21,928,0,1,3,-33.264847,151.405022,16,2,2,1,0,0,0,0,0,0,7,60,2,190,190,1,8,10,2,0,1,1,0
1241969,2,2020,2020,5,6,4,2,31,169,34609,0,1,10,-33.763294,150.840518,7,0,2,1,1,0,0,0,2,0,0,50,0,6545,6545,4,5,0,2,0,0,2,0
1241970,1,2020,2020,11,2,6,5,27,3,34609,0,1,10,-33.774112,150.636664,8,2,2,1,3,0,0,0,2,0,0,50,0,5929,5929,1,30,0,2,0,0,0,1
1241971,4,2020,2020,1,6,5,128,27,363,133,0,1,10,-33.757055,150.686247,55,0,2,1,1,0,0,0,2,2,7,60,2,5929,5929,1,5,5,2,0,1,0,1
1241973,2,2020,2020,1,1,9,110,27,167,40,0,1,9,-33.841976,151.05864,54,0,2,1,2,0,0,0,0,2,7,60,1,14295,14295,3,5,0,3,0,0,1,0
1241975,4,2020,2020,5,4,5,3,1,173,34609,0,1,9,-33.719168,151.11731,36,0,2,1,0,0,0,0,2,0,7,50,0,1220,1220,9,10,28,2,0,1,0,0