Crash ID,Degree of crash - detailed,Reporting year,Year of crash,Month of crash,Day of week of crash,Two-hour intervals,Street of crash,Street type,Town,Route no.,School zone location,School zone active,Type of location,Latitude,Longitude,LGA,Urbanisation,Conurbation 1,Alignment,Street lighting,Road surface,Surface condition,Weather,Natural lighting,Signals operation,Other traffic control,Speed limit,Road classification,RUM - code,DCA - code,First impact type,Key TU type,Other TU type,No. of traffic units involved,No. killed,No. seriously injured,No. moderately injured,No. minor-other injured
1241976,4,2020,2020,1,2,11,1,10,370,34609,0,1,9,-34.067335,150.784281,13,0,2,1,2,0,0,0,0,0,7,50,0,3775,3775,0,5,5,2,0,1,0,0
1241977,4,2020,2020,1,6,8,3371,17,36,3342,0,1,9,-33.627975,151.14804,31,0,2,0,1,0,0,3,3,0,0,60,2,2852,2852,4,5,0,2,0,1,1,0
1241978,2,2020,2020,1,3,7,6,31,73,34609,0,1,9,-35.124989,147.377415,75,2,1,0,1,0,0,0,2,2,7,60,0,14295,14295,3,5,36,2,0,0,1,0
1241979,4,2020,2020,1,3,7,2,27,3,3,0,1,1,-30.910915,147.871615,51,1,0,1,0,2,0,0,2,0,7,100,1,1945,1945,5,16,40,1,0,1,0,0
1241980,2,2020,2020,1,5,6,916,17,61,917,0,1,10,-29.726666,151.740182,51,2,1,1,1,0,0,0,2,0,0,80,2,6545,6545,4,30,5,2,0,0,3,0
1241981,2,2020,2020,5,3,6,4,31,132,34609,0,1,1,-29.777655,151.125363,33,2,1,1,0,0,0,0,2,0,7,50,0,623,623,3,16,5,2,0,0,1,0
1241983,4,2020,2020,5,2,7,84,27,61,415,0,1,9,-33.769244,151.136257,36,0,2,1,1,0,0,0,2,2,7,70,2,5929,5929,1,10,5,2,0,1,0,0
1241985,2,2020,2020,1,1,4,5,31,29,34609,0,1,10,-31.089458,150.938091,70,2,1,1,0,0,0,0,2,0,0,50,0,6545,6545,4,21,12,2,0,0,2,0
1241988,1,2020,2020,6,0,6,3,31,12,34609,0,1,9,-32.738435,151.612977,42,2,1,0,0,0,0,0,2,0,7,50,0,4552,5151,8,16,40,1,0,0,0,1
1241990,1,2020,2020,6,1,4,330,23,123,233,0,1,9,-33.903701,151.22358,59,0,2,1,3,0,3,3,2,0,7,60,2,1192,1192,1,32,19,4,0,0,0,1
1241991,4,2020,2020,1,5,5,89,27,182,228,0,1,1,-32.844043,151.333638,17,2,1,1,1,0,0,0,2,0,7,60,1,3775,3775,0,5,13,2,0,2,2,0
1241992,4,2020,2020,1,2,9,294,17,11,288,0,1,1,-35.135613,147.44312,75,2,1,1,2,0,0,0,0,0,7,80,2,4026,4026,1,34,8,2,0,1,0,0
1241993,4,2020,2020,5,0,7,4,31,9,34609,0,1,9,-33.92956,151.145268,4,0,2,1,1,0,0,0,2,0,0,50,0,1109,787,1,5,19,3,0,1,0,0
1241994,2,2020,2020,6,2,8,1,31,304,34609,0,1,1,-33.919,151.149739,32,0,2,1,2,0,0,0,3,0,7,50,0,9859,9859,1,9,5,4,0,0,1,0
1241995,4,2020,2020,5,1,5,36,27,337,34609,0,1,1,-33.728946,150.977,71,0,2,1,1,0,0,0,2,0,7,50,0,323,323,1,16,0,3,0,1,0,0
1241999,2,2020,2020,6,1,4,2261,17,35,2252,0,1,3,-34.177174,150.728722,79,1,2,1,0,0,0,0,2,0,7,110,2,1282,1282,1,30,10,2,0,0,1,0
1242001,4,2020,2020,5,2,7,103,27,16,98,0,1,1,-33.374115,150.746243,29,2,2,0,0,0,0,0,2,0,7,80,2,4552,5151,8,9,40,1,0,2,0,0
1242003,2,2020,2020,5,0,10,55,36,155,95,0,1,1,-33.142205,148.200535,53,2,1,1,2,0,0,0,0,0,7,80,2,9859,9859,8,5,40,1,0,0,3,0
1242005,4,2020,2020,5,1,4,265,17,74,193,0,1,1,-34.682393,147.962713,20,1,0,0,3,0,3,4,2,0,7,100,2,418,714,5,5,40,1,0,1,0,0
1242006,2,2020,2020,5,3,11,133,23,45,34609,0,1,1,-33.348395,151.501718,16,2,2,1,2,0,3,4,0,0,7,50,0,9859,9859,1,10,5,2,0,0,1,0
1242007,2,2020,2020,1,2,5,3371,17,207,3342,0,1,1,-33.563159,151.19117,31,0,2,0,0,0,0,0,2,0,7,80,2,3775,3775,0,16,5,2,0,0,1,0
1242008,2,2020,2020,6,3,10,37,27,6,52,0,1,1,-33.97622,150.573518,79,2,2,0,2,0,0,0,0,0,7,80,1,1089,1089,7,34,40,1,0,0,1,0
1242010,4,2020,2020,5,1,8,18,27,246,52,0,1,9,-33.915971,151.185712,69,0,2,1,2,0,0,0,0,0,0,50,1,775,775,4,30,27,2,0,1,0,0
1242013,2,2020,2020,5,6,1,34,27,36,39,0,1,1,-35.50165,149.710782,58,1,0,1,0,0,3,0,0,0,7,100,1,9859,9859,8,0,40,1,0,0,1,0
1242015,4,2020,2020,1,3,9,57,36,169,769,0,1,1,-33.605971,150.780719,29,2,2,1,0,0,0,0,0,0,7,80,2,9859,9859,8,5,40,1,0,1,0,0
1242016,1,2020,2020,1,1,7,12,27,2,34609,0,1,1,-34.43328,146.10562,28,1,0,1,3,0,0,0,2,0,7,100,0,945,945,5,5,40,1,0,0,0,1
1242017,4,2020,2020,5,0,7,11,36,12,11,0,1,1,-33.657442,148.865609,51,1,0,0,0,0,0,0,2,0,7,100,1,1259,5151,8,5,40,1,0,1,0,0
1242018,4,2020,2020,11,4,2,120,36,14,148,0,1,1,-30.343075,152.689514,6,1,0,0,0,0,3,4,1,0,7,100,2,1957,4009,8,10,40,1,0,1,0,0
1242021,2,2020,2020,1,1,8,191,17,562,189,0,1,1,-32.244088,148.611584,22,2,1,1,0,0,0,0,3,0,0,60,2,14295,14295,3,34,5,2,0,0,1,0
1242022,4,2020,2020,1,2,5,2126,17,218,2149,0,1,2,-33.772908,150.785629,55,0,2,1,1,0,0,0,2,0,7,60,2,14295,14295,3,5,0,3,0,1,1,1
1242023,4,2020,2020,1,0,9,68,27,98,208,1,0,10,-33.749495,151.064533,31,0,2,1,2,0,3,4,0,2,7,60,2,2852,2852,4,5,36,2,0,1,0,0
1242024,2,2020,2020,1,4,6,22,1,443,34609,0,1,10,-33.900223,151.053741,15,0,2,1,1,0,0,0,2,0,15,50,0,6545,6545,4,9,5,2,0,0,1,0
1242026,4,2020,2020,5,1,6,21,1,51,34609,0,1,1,-33.260304,151.487257,16,2,2,1,1,0,0,0,2,0,7,50,0,14295,14295,3,5,0,3,0,1,1,0
1242028,4,2020,2020,1,3,2,169,27,22,12,0,1,1,-33.456653,150.903251,71,0,2,0,0,0,3,0,0,0,7,60,1,1957,4009,8,0,40,1,0,1,0,0
1242029,2,2020,2020,5,3,4,3371,17,54,3342,0,1,1,-33.234341,151.502108,16,2,2,1,1,0,0,0,2,0,7,60,2,3775,3775,0,0,13,3,0,0,1,0
1242030,4,2020,2020,1,1,7,3371,17,29,3342,0,1,9,-31.772372,152.65257,43,1,0,0,1,0,0,0,2,0,0,110,2,2852,2852,4,10,5,2,0,2,0,1
1242034,2,2020,2020,11,1,4,7,1,134,34609,0,1,1,-33.513245,151.312036,16,2,2,1,3,0,0,0,2,0,7,50,0,9859,9859,1,5,5,2,0,0,1,0
1242036,2,2020,2020,1,6,1,74,23,49,260,0,1,2,-33.96713,151.153552,4,0,2,1,2,0,0,0,0,0,7,60,2,9859,9859,8,30,40,1,0,0,1,0
1242037,2,2020,2020,5,3,9,2261,17,70,2252,0,1,2,-34.701122,150.018099,26,1,0,0,3,0,3,4,0,0,7,110,2,1383,1383,1,3,5,2,0,0,1,0
1242039,1,2020,2020,11,3,7,9,31,137,13,0,1,2,-33.923057,151.207023,4,0,2,1,1,0,0,0,2,0,7,50,1,2040,2040,9,30,28,2,0,0,0,1
1242041,4,2020,2020,11,3,5,69,31,445,59,0,1,7,-33.869068,151.047043,21,0,2,1,1,0,0,0,2,0,0,60,1,2040,2040,9,5,28,2,0,1,0,0
1242046,2,2020,2020,11,1,3,515,14,523,518,0,1,3,-33.938811,150.917678,41,0,2,1,3,0,0,0,2,0,7,100,2,14295,14295,3,9,5,3,0,0,1,0
1242048,4,2020,2020,1,0,8,98,27,87,799,0,1,9,-33.929096,150.948154,41,0,2,1,3,0,3,4,0,2,7,70,2,1669,1669,3,5,5,2,0,1,1,0
1242057,4,2020,2020,11,4,7,21,27,6,22,0,1,9,-32.735167,152.027697,57,2,1,1,3,0,0,0,2,0,7,50,1,1669,1669,3,30,5,2,0,1,0,0
1242060,1,2020,2020,1,3,8,35,1,63,52,0,1,9,-33.732582,150.797335,7,0,2,1,3,0,0,0,2,2,6,60,1,217,217,1,30,5,2,0,0,0,1
1242066,1,2020,2020,11,0,8,98,27,294,799,0,1,9,-33.928627,150.968098,41,0,2,1,3,0,3,4,2,0,7,70,2,1391,1391,1,5,25,2,0,0,0,1
1242067,1,2020,2020,11,4,5,16,31,64,18,1,0,1,-33.955992,150.996966,15,0,2,1,3,0,0,0,2,0,7,40,1,1981,1981,4,5,27,2,0,0,0,1
1242068,1,2020,2020,11,2,5,232,36,64,168,0,1,9,-34.040585,150.735622,12,0,2,1,3,0,0,0,2,2,7,50,1,1391,1391,1,5,40,2,0,0,0,1
1242072,4,2020,2020,11,6,4,38,31,30,34609,0,1,9,-31.049946,151.055488,70,2,1,1,0,0,0,0,2,0,0,50,0,6545,6545,4,22,13,2,0,1,0,0
1242073,4,2020,2020,5,2,9,829,31,20,34609,0,1,1,-35.983126,146.627898,51,2,1,1,2,0,0,3,0,0,7,50,0,9859,9859,8,30,40,1,0,1,0,0
1242074,1,2020,2020,11,5,7,1,1,41,34609,0,1,9,-32.821548,151.702319,57,2,1,1,1,0,0,0,2,0,7,60,0,2852,2852,4,0,10,2,0,0,0,1
1242076,4,2020,2020,11,0,11,25,27,26,34609,0,1,1,-31.127858,152.990762,34,2,1,1,0,0,3,3,0,0,7,80,0,9859,9859,8,9,40,1,0,1,0,0
1242078,1,2020,2020,1,5,7,296,27,290,293,1,2,9,-33.849144,150.99698,21,0,2,1,3,0,0,0,2,2,7,40,2,14295,14295,3,5,13,2,0,0,0,1
1242079,2,2020,2020,1,6,6,2,2,80,34609,0,1,10,-33.964821,150.898087,13,0,2,1,1,0,0,0,2,0,0,50,0,6545,6545,4,5,36,2,0,0,1,0
1242081,1,2020,2020,11,0,8,224,27,26,321,0,1,1,-33.91067,151.202173,69,0,2,1,2,0,0,3,3,0,7,50,2,186,186,9,22,28,2,0,0,0,2
1242083,2,2020,2020,11,0,8,6,27,98,34609,0,1,10,-33.76112,151.056954,54,0,2,1,1,0,0,0,2,0,15,50,0,6545,6545,4,5,0,2,0,0,1,0
1242085,2,2020,2020,5,4,4,2261,17,68,2252,0,1,9,-34.78846,148.857432,82,1,0,1,0,0,0,1,2,0,0,110,2,5929,5929,1,29,2,3,0,0,2,1
1242088,1,2020,2020,11,6,6,34,31,35,18,0,1,9,-33.818112,151.205126,77,0,2,1,3,0,0,0,2,0,7,60,1,945,945,5,5,40,1,0,0,0,1
1242090,4,2020,2020,11,0,9,1,1,16,34609,0,1,9,-33.746169,150.746199,55,0,2,1,2,0,0,0,0,0,7,50,0,1220,1220,9,5,28,3,0,1,1,0
1242091,1,2020,2020,11,1,4,4,31,109,34609,0,1,10,-33.909998,151.134741,32,0,2,1,3,0,0,0,2,0,7,50,0,14295,14295,3,5,5,2,0,0,0,1
1242094,2,2020,2020,11,6,3,12,27,56,12,0,1,2,-34.444574,150.871697,80,0,2,1,3,0,0,0,2,0,7,80,2,14295,14295,3,5,13,2,0,0,1,0
1242096,1,2020,2020,1,6,8,2126,17,163,2149,1,0,9,-33.868431,151.101098,9,0,2,1,3,0,0,0,2,0,7,60,2,14295,14295,3,0,25,2,0,0,0,1
1242100,1,2020,2020,11,2,6,2126,17,140,2149,0,1,10,-33.78893,150.854357,7,0,2,1,3,0,0,0,2,2,7,80,2,14295,14295,3,0,0,2,0,0,0,1
1242102,2,2020,2020,1,0,8,127,31,27,34609,0,1,1,-32.65597,151.352901,17,2,1,1,3,0,0,0,3,0,7,60,0,4026,4026,8,16,40,1,0,0,1,0
1242104,1,2020,2020,11,0,7,2261,17,243,2252,0,1,9,-33.946268,150.908968,41,0,2,1,3,0,0,0,2,0,7,70,2,14295,14295,3,21,5,3,0,0,0,1
1242107,1,2020,2020,11,2,9,485,27,323,769,0,1,10,-33.761977,150.992848,71,0,2,1,3,0,0,0,0,2,7,60,2,4026,4026,8,0,40,1,0,0,0,1
1242110,2,2020,2020,11,5,9,115,27,96,46,0,1,9,-34.228916,150.666917,79,2,2,1,3,0,0,0,3,2,7,80,2,14295,14295,3,30,0,2,0,0,1,0
1242113,1,2020,2020,1,6,7,15,27,112,70,1,2,1,-33.687807,151.012623,71,0,2,1,3,0,0,0,2,0,7,40,1,14295,14295,3,9,5,3,0,0,0,1
1242114,2,2020,2020,6,0,3,39,22,4,34609,0,1,1,-32.990272,151.610807,37,0,2,0,1,0,0,0,2,0,7,60,0,14295,14295,3,0,27,2,0,0,1,0
1242115,2,2020,2020,6,0,2,16,27,90,34609,0,1,1,-33.882946,151.242274,81,0,2,1,2,0,0,0,0,0,7,50,0,9859,9859,1,5,5,4,0,0,1,0
1242116,2,2020,2020,11,5,8,361,23,84,35,0,1,9,-33.883869,150.946243,24,0,2,1,1,0,0,0,3,0,0,60,2,2040,2040,9,5,28,2,0,0,1,0
1242119,4,2020,2020,5,4,4,515,14,202,518,0,1,3,-33.939874,151.031831,15,0,2,1,3,0,0,0,2,0,7,100,2,9859,9859,8,5,40,1,0,1,0,0
1242120,2,2020,2020,11,4,7,1052,14,21,928,0,1,3,-33.229917,151.421495,16,1,2,1,1,0,0,0,2,0,7,110,2,9859,9859,8,10,40,1,0,0,1,0
1242122,2,2020,2020,11,6,5,10,27,108,31,1,0,1,-33.762372,151.270639,50,0,2,1,1,0,3,4,2,0,7,50,1,1945,1945,5,16,40,1,0,0,1,0
1242125,1,2020,2020,11,4,9,3371,17,463,3342,0,1,2,-30.26702,153.131518,19,2,1,1,2,0,0,0,0,0,7,80,2,1981,1981,4,5,19,2,0,0,0,1
1242127,1,2020,2020,11,6,5,2126,17,62,2149,0,1,10,-33.745921,150.61261,8,2,2,0,1,0,0,0,2,2,7,60,2,14295,14295,3,8,22,2,0,0,0,1
1242128,1,2020,2020,11,5,4,251,27,115,212,0,1,2,-33.753473,151.224527,50,0,2,1,3,0,0,0,2,0,7,70,2,1391,1391,1,5,0,2,0,0,0,1
1242129,1,2020,2020,11,0,3,59,10,14,231,0,1,1,-33.503504,151.386196,16,2,2,1,1,0,0,3,2,0,7,70,2,340,340,9,5,28,2,0,0,0,1
1242131,2,2020,2020,11,6,8,13,31,122,34609,0,1,10,-33.426937,151.341858,16,2,2,1,1,0,3,4,3,2,7,40,0,2040,2040,9,5,28,2,0,0,1,0
1242132,4,2020,2020,1,4,1,71,31,290,34609,0,1,9,-33.853035,150.981216,21,0,2,1,2,0,0,0,0,0,0,50,0,4552,985,8,0,40,1,0,1,0,0
1242135,2,2020,2020,11,1,4,27,27,5,39,0,1,1,-31.386476,151.137459,70,1,0,1,0,0,0,0,2,0,7,100,1,9859,9859,8,5,40,1,0,0,1,0
1242140,4,2020,2020,1,0,9,515,14,271,518,0,1,3,-33.941121,151.02062,15,0,2,0,2,0,0,0,3,0,7,100,2,1192,1192,1,16,13,3,0,1,0,0
1242141,2,2020,2020,11,0,4,35,27,13,19,0,1,1,-34.072276,150.675338,12,0,2,1,0,0,0,0,2,0,7,80,1,14295,14295,3,5,0,2,0,0,2,1
1242142,2,2020,2020,1,3,11,60,27,147,69,1,0,10,-33.869646,151.122307,14,0,2,1,1,0,0,0,0,2,7,60,2,6545,6545,4,15,5,2,0,0,1,0
1242146,4,2020,2020,5,3,4,84,27,61,415,0,1,2,-33.768371,151.136532,36,0,2,1,1,0,0,0,2,0,7,70,2,1945,1945,5,16,40,1,0,1,0,0
1242150,2,2020,2020,5,5,5,8,31,438,34609,0,1,7,-33.853947,151.029709,21,0,2,1,1,0,0,0,2,0,0,50,0,6545,6545,4,33,27,2,0,0,1,0
1242152,2,2020,2020,5,5,8,109,27,44,169,0,1,1,-32.812748,151.443693,17,2,1,1,2,0,0,0,3,0,7,60,2,941,941,1,5,5,2,0,0,2,0
1242158,4,2020,2020,1,5,4,71,27,44,122,0,1,9,-34.564862,150.860251,62,0,2,1,3,0,0,3,2,1,7,70,2,775,775,4,5,13,4,0,1,1,0
1242160,4,2020,2020,5,3,7,3,27,3,48,0,1,1,-32.471356,151.737955,51,2,1,0,0,0,3,4,2,0,7,80,1,273,957,5,9,40,1,0,1,0,0
1242161,2,2020,2020,5,2,10,171,25,215,34609,0,1,1,-35.11144,147.349636,75,2,1,1,2,0,0,0,0,0,7,50,0,489,489,8,5,40,1,0,0,1,0
1242162,2,2020,2020,1,6,4,3371,17,463,3342,0,1,7,-30.320694,153.085652,19,2,1,0,1,0,0,0,2,0,0,60,2,14295,14295,3,8,0,2,0,0,1,0
1242163,2,2020,2020,5,4,8,500,27,106,799,1,0,9,-33.924148,151.091089,15,0,2,1,2,0,0,0,3,2,7,60,2,4552,985,8,10,40,1,0,0,1,0
1242164,2,2020,2020,5,0,7,1,31,207,34609,0,1,10,-31.963631,141.44521,51,2,1,1,1,0,0,0,2,0,0,50,0,6545,6545,4,5,0,2,0,0,3,0
1242165,1,2020,2020,5,4,8,9,27,36,34609,0,1,1,-33.880948,151.178859,69,0,2,1,3,0,0,0,2,0,7,50,0,14295,14295,3,0,5,2,0,0,0,1
1242166,1,2020,2020,11,6,7,1,31,123,34609,0,1,1,-33.83643,148.688529,51,2,1,1,0,0,0,0,2,0,7,50,0,941,941,1,5,0,2,0,0,0,1
1242167,4,2020,2020,1,0,8,71,27,23,122,0,1,9,-34.576301,150.864092,62,0,2,1,2,0,0,0,3,2,7,80,2,2852,2852,4,5,5,3,0,2,0,0
1242169,4,2020,2020,1,6,5,481,17,15,483,0,1,1,-34.405049,146.887179,51,1,0,0,0,0,0,3,2,0,7,110,2,2585,4009,8,29,40,1,0,1,0,0
1242174,1,2020,2020,1,6,4,111,27,57,233,1,2,2,-33.947119,151.228998,4,0,2,1,0,0,0,0,2,0,7,40,2,387,387,1,22,25,2,0,0,0,1
1242175,2,2020,2020,1,2,10,178,27,115,34609,0,1,7,-33.966811,151.049655,25,0,2,1,2,0,0,0,0,0,0,50,0,4552,985,8,16,40,1,0,0,1,0
1242184,1,2020,2020,11,0,7,193,1,58,34609,0,1,9,-33.754217,151.152529,36,0,2,1,3,0,0,0,2,0,9,50,0,775,775,4,0,0,2,0,0,0,1
1242185,2,2020,2020,11,5,3,7,27,16,34609,0,1,1,-33.273616,151.486791,16,2,2,1,3,0,0,0,2,0,7,50,0,9859,9859,1,9,0,2,0,0,1,0
1242197,1,2020,2020,5,4,6,361,23,44,165,0,1,9,-33.968843,151.110788,25,0,2,1,3,0,3,0,2,0,0,50,1,2852,2852,4,5,13,2,0,0,0,2
1242200,2,2020,2020,11,0,9,19,1,47,44,0,1,10,-33.81399,151.15531,38,0,2,1,3,0,3,4,0,2,7,60,2,6545,6545,4,5,0,2,0,0,1,0
1242201,1,2020,2020,11,2,5,126,1,226,144,0,1,9,-33.772027,150.815991,7,0,2,1,3,0,0,3,2,1,7,60,2,14295,14295,3,5,13,2,0,0,0,1
1242202,1,2020,2020,11,0,5,143,31,123,181,0,1,2,-33.884629,151.224437,81,0,2,1,3,0,0,0,2,0,7,50,2,2040,2040,9,0,28,2,0,0,0,1
1242205,4,2020,2020,11,5,4,177,31,174,208,0,1,9,-33.860977,150.931351,24,0,2,1,3,0,0,0,2,0,15,60,1,2852,2852,4,30,0,2,0,1,1,0
1242209,1,2020,2020,6,5,6,19,31,161,34609,0,1,9,-33.879965,151.156583,32,0,2,1,3,0,0,0,2,0,9,40,0,2040,2040,9,10,28,2,0,0,0,1
1242212,2,2020,2020,11,2,7,77,27,87,100,0,1,2,-34.489723,150.411821,78,2,1,1,3,0,0,0,2,0,7,60,2,4026,4026,8,0,40,1,0,0,1,0
1242213,1,2020,2020,1,4,9,11,36,232,34609,0,1,1,-33.69303,150.927181,71,0,2,1,3,0,0,0,0,0,7,50,0,14295,14295,3,10,0,2,0,0,0,1
1242215,2,2020,2020,11,2,9,194,31,105,34609,0,1,1,-32.592725,149.588287,44,2,1,1,3,0,3,4,0,0,7,50,0,9859,9859,1,5,13,2,0,0,1,0
1242217,1,2020,2020,11,6,6,1,31,609,34609,0,1,9,-33.795595,150.900482,7,0,2,1,3,0,0,0,2,0,7,50,0,144,144,1,5,36,2,0,0,0,2
1242221,1,2020,2020,11,4,6,1,27,30,34609,0,1,9,-30.093275,145.8982,51,1,0,0,3,2,0,0,2,0,7,100,0,1850,1463,5,0,40,1,0,0,0,2
1242223,2,2020,2020,11,0,7,31,27,136,101,0,1,2,-32.918671,151.724376,48,0,2,1,3,0,0,0,2,0,7,60,2,1391,1391,1,5,13,2,0,0,1,0
1242227,4,2020,2020,11,6,7,500,27,293,799,1,2,9,-33.931813,151.056244,15,0,2,1,3,0,3,4,2,3,7,40,2,1391,1391,1,5,0,2,0,1,0,0
1242228,2,2020,2020,11,2,7,63,27,224,605,0,1,2,-33.815203,151.243228,45,0,2,1,3,0,0,0,2,0,7,60,2,941,941,1,5,5,2,0,0,1,0
1242231,2,2020,2020,11,0,8,3371,17,53,3342,0,1,2,-33.771821,151.161655,36,0,2,1,3,0,0,3,3,0,7,60,2,14295,14295,3,5,13,2,0,0,1,0
1242232,2,2020,2020,1,6,10,11,27,10,34609,0,1,1,-29.070501,153.076455,60,1,0,0,0,2,0,0,0,0,7,100,0,4552,5151,8,5,40,1,0,0,1,0
1242233,4,2020,2020,5,6,8,74,23,100,260,0,1,9,-33.9623,151.155676,4,0,2,1,1,0,0,0,2,3,9,60,2,1282,1282,1,10,18,2,0,1,0,0
1242239,2,2020,2020,1,5,6,1,31,39,34609,0,1,9,-33.238744,151.482512,16,2,2,0,3,0,0,0,2,0,7,50,0,1259,985,8,0,40,1,0,0,1,0
1242240,2,2020,2020,11,6,3,168,10,387,260,0,1,2,-33.944915,151.186181,4,0,2,1,3,0,0,0,2,0,7,70,2,14295,14295,3,9,0,3,0,0,1,0
1242242,2,2020,2020,11,0,2,59,31,107,321,0,1,10,-33.879359,151.199495,69,0,2,1,2,0,0,0,0,2,7,50,2,368,368,9,5,28,2,0,0,1,0
1242244,1,2020,2020,1,4,8,512,17,433,441,0,1,9,-33.244036,149.059234,52,1,0,1,3,0,0,0,2,0,0,100,2,1669,1669,3,10,13,2,0,0,0,1
1242245,4,2020,2020,11,2,7,234,27,24,228,0,1,1,-33.387835,150.983995,71,0,2,0,0,0,0,0,2,0,7,60,2,1850,1463,5,16,40,1,0,1,0,0
1242248,2,2020,2020,11,6,9,45,3,20,331,0,1,9,-34.073932,150.69635,12,0,2,0,2,0,0,0,0,2,7,80,2,14295,14295,3,9,0,4,0,0,2,0
1242251,1,2020,2020,11,4,8,2,27,40,34609,0,1,1,-35.788235,150.136399,23,2,1,0,0,2,0,0,3,0,7,60,0,1850,1463,5,10,40,1,0,0,0,1
1242252,1,2020,2020,11,5,3,14,27,6,34609,0,1,7,-35.064561,147.422958,75,2,1,0,0,0,0,0,2,0,7,80,0,1850,985,5,29,40,1,0,0,0,1
1242255,2,2020,2020,1,4,6,485,27,323,769,0,1,10,-33.766613,150.997456,71,0,2,1,1,0,0,0,2,2,7,60,2,515,515,1,9,19,2,0,0,1,0
1242256,2,2020,2020,1,0,7,2,31,8,7,0,1,1,-32.399335,151.75507,51,2,1,1,0,0,0,0,2,0,7,50,1,9859,9859,1,5,5,3,0,0,1,0
1242260,4,2020,2020,11,5,7,2126,17,80,2149,0,1,9,-33.746767,150.676464,55,0,2,1,1,0,0,0,2,0,0,60,2,926,926,4,0,19,2,0,1,0,0
1242262,2,2020,2020,1,5,7,7,27,2,48,0,1,1,-32.368137,151.860212,43,2,1,0,0,0,0,0,2,0,7,80,1,1957,4009,8,8,40,1,0,0,1,0
1242263,4,2020,2020,1,1,8,1104,14,142,962,0,1,3,-33.827117,150.994408,54,0,2,1,1,0,0,0,2,0,7,80,2,14295,14295,3,5,5,3,0,1,1,0
1242265,4,2020,2020,1,0,9,28,27,346,63,0,1,10,-33.875125,151.086557,67,0,2,1,2,0,0,0,0,2,9,50,1,2040,2040,9,5,28,2,0,1,0,0
1242266,4,2020,2020,11,2,10,16,31,228,34609,0,1,9,-34.744139,149.71612,26,2,1,1,2,0,0,0,0,0,0,50,0,4552,985,8,10,40,1,0,1,0,0
1242267,2,2020,2020,11,3,6,34,27,96,25,0,1,9,-35.35955,149.233189,58,2,1,1,1,0,3,4,2,0,0,60,1,6545,6545,4,5,13,2,0,0,1,0
1242268,4,2020,2020,1,2,0,71,36,12,139,0,1,9,-34.259131,146.000689,28,2,1,0,0,0,0,0,0,0,7,80,2,2585,4009,8,5,40,1,0,1,0,0
1242274,2,2020,2020,11,5,6,344,27,168,382,0,1,2,-33.716582,150.843799,7,0,2,1,0,0,0,0,2,0,7,80,2,14295,14295,3,0,36,2,0,0,1,0
1242276,4,2020,2020,5,6,8,196,10,33,168,0,1,2,-33.964317,151.040134,15,0,2,1,1,0,0,0,2,0,7,70,2,9859,9859,8,5,40,1,0,1,0,0
1242277,2,2020,2020,11,5,4,56,27,115,80,0,1,10,-33.879425,151.187664,69,0,2,1,0,0,0,0,2,0,0,40,2,1945,1945,5,22,40,1,0,0,1,0
1242278,4,2020,2020,11,5,8,2,10,20,34609,0,1,7,-32.769511,151.5298,42,2,1,0,0,0,0,0,3,0,0,50,0,6545,6545,4,0,27,2,0,1,0,0
1242279,1,2020,2020,11,4,6,5,10,63,34609,0,1,1,-33.257316,151.478258,16,2,2,0,0,0,0,0,2,0,7,50,0,4552,5151,1,16,5,2,0,0,0,1
1242281,4,2020,2020,5,5,5,3371,17,57,3342,1,0,10,-32.98197,151.692407,37,0,2,1,1,0,0,0,2,2,7,60,2,2852,2852,4,5,5,2,0,1,0,1
1242282,4,2020,2020,5,6,11,346,17,103,332,0,1,2,-28.813063,153.311181,39,2,1,0,2,0,3,1,0,0,7,60,2,4552,5151,8,0,40,2,0,3,1,0
1242283,4,2020,2020,1,5,6,125,27,22,144,0,1,1,-32.856987,151.804317,57,2,1,1,0,0,0,0,2,0,7,70,2,941,941,1,10,13,2,0,1,0,0
1242286,1,2020,2020,11,3,7,163,27,23,165,0,1,9,-33.732577,150.802089,7,0,2,1,1,0,0,0,2,0,7,60,1,2852,2852,4,5,40,2,0,0,0,1
1242289,2,2020,2020,1,5,8,500,27,83,799,0,1,9,-33.912746,151.11823,15,0,2,1,1,0,0,0,2,0,0,60,2,14295,14295,3,22,5,2,0,0,1,0
1242291,4,2020,2020,1,1,2,177,31,65,208,0,1,10,-33.858883,150.916351,24,0,2,1,2,0,0,0,1,2,7,60,1,6545,6545,4,34,5,2,0,1,0,0
1242293,2,2020,2020,11,5,5,17,31,14,96,0,1,1,-32.966309,151.647836,37,0,2,1,1,0,0,0,2,0,7,60,2,14295,14295,3,5,5,3,0,0,1,0
1242300,2,2020,2020,11,4,9,2209,17,40,2205,0,1,10,-35.76599,150.151554,23,1,0,1,0,0,3,0,0,0,7,90,2,5929,5929,1,10,36,2,0,0,2,0
1242301,2,2020,2020,11,6,6,10,31,41,19,0,1,7,-31.083455,150.912595,70,2,1,1,1,0,0,0,2,0,0,60,1,14295,14295,3,5,13,3,0,0,1,0
1242305,2,2020,2020,11,2,6,2126,17,93,2149,0,1,9,-33.41859,149.601598,3,2,1,1,1,0,0,0,2,2,7,70,2,5929,5929,1,10,5,2,0,0,1,0