Crash ID,Degree of crash - detailed,Reporting year,Year of crash,Month of crash,Day of week of crash,Two-hour intervals,Street of crash,Street type,Town,Route no.,School zone location,School zone active,Type of location,Latitude,Longitude,LGA,Urbanisation,Conurbation 1,Alignment,Street lighting,Road surface,Surface condition,Weather,Natural lighting,Signals operation,Other traffic control,Speed limit,Road classification,RUM - code,DCA - code,First impact type,Key TU type,Other TU type,No. of traffic units involved,No. killed,No. seriously injured,No. moderately injured,No. minor-other injured
1242306,4,2020,2020,11,3,5,8,1,53,34609,1,0,1,-33.919086,150.838228,41,0,2,1,1,0,0,0,2,0,7,50,0,4026,4026,1,5,5,3,0,1,0,0
1242308,4,2020,2020,1,1,8,3,10,140,34609,0,1,1,-33.788048,150.83906,7,0,2,1,0,0,0,0,3,0,7,50,0,9859,9859,1,34,5,2,0,1,0,0
1242309,2,2020,2020,1,1,7,49,31,43,34609,0,1,9,-32.177276,152.497377,43,2,1,1,1,0,0,0,2,0,7,50,0,1981,1981,4,18,5,2,0,0,1,0
1242310,2,2020,2020,8,2,6,41,31,137,34609,0,1,10,-32.969888,151.702171,37,0,2,1,0,0,0,0,2,0,0,50,0,6545,6545,4,5,13,2,0,0,1,0
1242311,1,2020,2020,11,1,9,196,10,166,168,0,1,9,-33.931769,150.9784,15,0,2,1,2,0,0,0,0,0,0,60,2,14295,14295,3,10,5,2,0,0,0,1
1242312,1,2020,2020,1,2,10,25,27,35,34609,0,1,10,-34.368066,150.910346,80,0,2,1,2,0,3,4,0,2,7,60,0,591,591,1,22,5,2,0,0,0,1
1242319,4,2020,2020,1,1,6,1,31,125,34609,1,0,1,-33.831502,151.12614,61,0,2,1,0,0,0,0,2,0,7,50,0,1282,1282,1,5,40,1,0,1,0,0
1242322,2,2020,2020,5,0,7,7,27,77,172,0,1,9,-33.020421,151.647643,37,0,2,0,1,0,0,0,2,0,0,60,2,6545,6545,4,0,0,5,0,0,1,0
1242323,4,2020,2020,1,2,8,387,27,204,331,1,0,10,-33.939186,151.14564,4,0,2,1,2,0,3,0,0,2,7,60,2,6545,6545,4,5,0,2,0,1,0,0
1242326,1,2020,2020,5,1,6,125,27,57,123,0,1,10,-33.341652,151.428646,16,2,2,1,1,0,0,0,2,2,7,70,2,14295,14295,3,5,5,2,0,0,0,1
1242328,1,2020,2020,1,3,0,2,31,8,34609,0,1,1,-33.6466,151.314398,50,0,2,1,2,0,0,0,0,0,7,50,0,9859,9859,1,5,36,3,0,0,0,1
1242330,4,2020,2020,11,1,8,34,27,8,83,0,1,1,-29.584135,153.041332,18,2,1,1,0,0,0,0,2,0,7,80,1,4026,4026,8,0,40,1,0,1,0,0
1242332,4,2020,2020,1,5,6,6,18,56,34609,0,1,1,-33.858179,151.181255,32,0,2,1,1,0,0,0,2,0,7,40,0,214,214,9,9,28,2,0,1,0,0
1242334,1,2020,2020,11,5,7,22,27,18,147,0,1,1,-28.691287,153.605881,10,2,1,0,0,0,0,0,2,0,7,50,1,1192,1192,1,33,27,2,0,0,0,1
1242335,1,2020,2020,11,4,3,119,31,73,207,0,1,10,-33.874537,151.218076,69,0,2,1,1,0,0,0,2,2,9,50,2,1220,1220,9,5,28,2,0,0,0,1
1242339,2,2020,2020,1,6,4,5,27,42,34609,0,1,7,-35.989834,146.369315,51,2,1,1,0,0,0,0,2,0,0,80,0,6545,6545,4,10,13,2,0,0,1,0
1242340,1,2020,2020,11,1,8,103,36,4,157,0,1,1,-29.651226,152.930381,18,2,1,1,0,0,3,3,2,0,7,80,2,404,404,8,5,40,1,0,0,0,1
1242344,4,2020,2020,5,6,6,95,31,42,34609,0,1,10,-35.996521,146.389998,51,2,1,1,1,0,0,0,2,0,15,50,0,2585,777,1,0,5,3,0,1,0,0
1242348,2,2020,2020,1,4,6,13,31,36,212,1,0,1,-35.441779,149.799982,58,2,1,1,1,0,0,0,2,0,7,50,2,9859,9859,8,5,40,1,0,0,1,0
1242350,2,2020,2020,1,6,5,13,27,46,34609,0,1,7,-35.153447,147.374003,75,2,1,1,0,0,0,0,2,0,0,60,0,6545,6545,4,10,5,2,0,0,1,0
1242352,2,2020,2020,11,2,11,92,27,129,29,0,1,1,-33.899569,151.099194,9,0,2,1,2,0,0,0,0,0,7,50,1,9859,9859,1,5,5,2,0,0,1,0
1242353,2,2020,2020,11,5,9,30,24,167,34609,0,1,9,-33.83087,151.07131,54,0,2,1,2,0,0,0,0,0,0,50,0,1282,1282,1,22,40,1,0,0,1,0
1242358,2,2020,2020,1,2,6,125,31,438,44,0,1,9,-33.845474,151.029297,21,0,2,1,1,0,0,0,2,0,0,50,1,395,395,1,5,19,2,0,0,2,0
1242363,4,2020,2020,5,3,10,23,10,112,23,0,1,2,-33.914962,150.943901,41,0,2,1,2,0,3,4,0,0,7,60,1,4026,4026,8,16,40,2,0,1,0,0
1242365,4,2020,2020,1,3,4,27,1,132,148,0,1,1,-34.149981,151.026892,68,0,2,0,0,0,0,0,2,0,7,60,2,1850,1463,5,16,40,1,0,1,0,0
1242366,2,2020,2020,5,0,10,34,27,225,69,0,1,9,-33.796357,151.167386,77,0,2,0,2,0,0,0,0,0,15,50,2,4552,5151,8,5,40,1,0,0,1,0
1242368,4,2020,2020,5,0,4,44,31,160,34609,0,1,1,-33.106362,151.494346,37,0,2,1,0,0,0,6,2,0,7,50,0,1109,397,1,5,0,2,0,1,0,0
1242369,2,2020,2020,1,2,11,19,31,172,126,0,1,10,-32.747942,151.592916,42,2,1,1,2,0,0,0,0,0,15,50,2,6545,6545,4,10,0,2,0,0,1,0
1242372,1,2020,2020,11,0,10,224,27,387,321,0,1,1,-33.927637,151.195122,4,0,2,1,0,0,0,6,0,0,7,50,2,214,214,9,33,28,2,0,0,0,1
1242375,4,2020,2020,5,4,9,63,27,147,34609,0,1,9,-33.872684,150.993317,15,0,2,1,2,0,0,0,0,0,7,50,0,2040,2040,9,5,28,2,0,1,0,0
1242376,2,2020,2020,1,3,4,55,27,35,34609,0,1,1,-33.876437,150.900527,24,0,2,1,3,0,0,0,2,0,7,50,0,9859,9859,1,0,5,2,0,0,1,0
1242377,2,2020,2020,1,1,8,32,31,40,34609,1,0,9,-33.689945,150.546217,8,2,2,0,3,0,0,0,3,0,0,50,0,5929,5929,1,5,5,2,0,0,1,0
1242380,2,2020,2020,11,0,9,15,31,237,34609,0,1,10,-33.862003,150.954285,24,0,2,1,3,0,0,0,3,0,0,50,0,941,941,1,5,5,2,0,0,1,0
1242383,1,2020,2020,11,2,8,485,27,50,769,1,0,10,-33.646335,150.858786,29,2,2,1,3,0,0,0,2,2,7,80,2,14295,14295,3,10,0,2,0,0,0,2
1242387,4,2020,2020,5,1,9,38,27,8,35,0,1,1,-34.635095,150.771447,35,2,1,1,0,0,0,0,0,0,7,80,1,9859,9859,8,16,40,1,0,1,0,0
1242388,1,2020,2020,5,3,7,33,31,33,34609,0,1,10,-35.129252,147.325482,75,2,1,1,3,0,0,0,2,0,0,50,0,6545,6545,4,5,0,2,0,0,0,1
1242389,1,2020,2020,1,4,8,1,36,54,34609,0,1,1,-28.500898,153.540875,10,2,1,1,1,0,0,0,2,0,7,50,0,1192,1192,1,33,27,2,0,0,0,1
1242390,1,2020,2020,11,0,9,2,27,22,34609,0,1,10,-33.83323,151.20045,49,0,2,1,3,0,3,4,0,0,15,50,0,6545,6545,4,5,5,2,0,0,0,1
1242395,1,2020,2020,11,2,7,153,27,188,147,1,0,9,-33.949941,151.100245,25,0,2,1,3,0,0,3,2,0,7,60,2,14295,14295,3,5,5,3,0,0,0,2
1242401,2,2020,2020,5,5,3,13,3,370,256,0,1,10,-34.070775,150.811886,13,0,2,1,1,0,3,3,2,2,7,60,2,6545,6545,4,9,5,2,0,0,1,0
1242402,2,2020,2020,5,2,8,2261,17,80,2252,0,1,3,-33.959952,150.884796,13,0,2,1,2,0,0,0,3,0,7,70,2,4026,4026,8,0,40,2,0,0,2,0
1242403,1,2020,2020,11,4,4,57,31,174,321,0,1,2,-33.890731,151.200906,69,0,2,0,1,0,0,0,2,0,7,50,2,14295,14295,3,22,0,2,0,0,0,1
1242406,4,2020,2020,1,1,6,118,17,98,118,0,1,9,-30.938381,150.2019,51,1,0,1,1,0,0,0,2,0,15,100,2,5929,5929,1,10,5,3,0,1,1,0
1242411,4,2020,2020,1,1,8,3371,17,463,3342,0,1,2,-30.272624,153.1348,19,2,1,0,0,0,3,3,2,0,7,60,2,3775,3775,0,0,0,3,0,1,1,1
1242414,2,2020,2020,1,3,7,6,18,32,34609,0,1,1,-34.603667,150.545827,78,2,1,0,0,0,0,0,2,0,7,80,0,2585,4009,8,16,40,1,0,0,1,0
1242416,4,2020,2020,11,6,4,43,27,13,118,0,1,9,-30.967889,150.866393,70,1,0,0,0,0,0,0,2,0,0,100,2,2852,2852,4,10,12,2,0,1,0,0
1242417,1,2020,2020,11,4,9,334,17,56,308,0,1,9,-31.457891,152.726122,56,2,1,1,1,0,0,0,0,0,0,50,2,6545,6545,4,30,13,2,0,0,0,1
1242420,1,2020,2020,11,5,5,13,27,5,17,0,1,1,-29.423885,150.915112,33,1,0,0,0,0,0,0,2,0,7,100,1,782,957,5,10,40,1,0,0,0,1
1242421,4,2020,2020,11,5,3,19,31,161,96,0,1,10,-33.8842,151.147612,32,0,2,1,1,0,0,0,2,2,7,50,2,387,387,1,22,0,2,0,1,0,0
1242425,4,2020,2020,1,1,11,97,31,142,92,0,1,1,-33.830805,150.993057,21,0,2,1,2,0,0,0,0,0,7,60,1,4026,4026,8,5,40,1,0,1,0,0
1242426,1,2020,2020,11,2,8,12,1,149,34609,0,1,9,-33.821391,150.978263,21,0,2,1,1,0,0,0,2,0,7,50,0,5929,5929,1,0,5,2,0,0,0,2
1242431,2,2020,2020,1,0,7,25,27,8,260,0,1,1,-32.983888,151.602633,37,0,2,1,1,0,0,0,2,0,7,80,2,14295,14295,3,19,5,3,0,0,1,0
1242432,4,2020,2020,5,6,8,866,17,44,793,0,1,10,-33.796336,150.978199,54,0,2,1,2,0,0,0,0,2,7,70,2,5929,5929,1,9,19,2,0,1,0,0
1242433,4,2020,2020,11,6,8,19,27,147,8,1,0,9,-33.748986,151.285736,50,0,2,1,2,0,0,0,2,2,9,50,1,2040,2040,9,0,28,2,0,1,0,0
1242437,1,2020,2020,11,4,11,2126,17,445,2149,0,1,9,-33.851257,151.05455,21,0,2,1,2,0,0,0,0,0,7,60,2,775,775,4,33,5,2,0,0,0,1
1242440,2,2020,2020,1,1,8,21,27,36,34609,0,1,1,-34.399175,150.851249,80,0,2,0,0,0,0,0,2,0,7,60,0,1957,4009,8,0,40,1,0,0,1,0
1242441,2,2020,2020,1,3,4,829,27,26,770,0,1,11,-33.840498,151.146476,51,0,2,1,1,0,0,0,2,0,8,70,2,14295,14295,3,34,36,2,0,0,1,0
1242443,1,2020,2020,11,1,8,1,1,7,34609,1,2,1,-33.993582,151.147436,4,0,2,1,1,0,0,0,2,0,7,40,0,340,340,9,5,26,2,0,0,0,1
1242448,2,2020,2020,1,1,8,1,27,11,34609,0,1,11,-33.053257,151.579985,37,0,2,1,3,0,0,0,2,0,0,60,0,489,489,8,5,40,3,0,0,1,0
1242449,2,2020,2020,1,5,8,77,27,25,100,1,0,9,-34.508078,150.404642,78,2,1,1,2,0,0,0,3,0,7,70,2,1981,1981,4,30,13,2,0,0,1,0
1242451,1,2020,2020,11,5,8,125,31,135,34609,0,1,10,-32.901891,151.735426,48,0,2,1,1,0,0,0,2,0,15,50,0,6545,6545,4,0,0,2,0,0,0,1
1242453,2,2020,2020,11,1,3,512,17,19,441,0,1,10,-32.398799,148.831161,22,2,1,1,3,0,0,0,2,0,0,50,2,6545,6545,4,0,5,2,0,0,1,0
1242454,2,2020,2020,1,3,8,1,27,21,34609,0,1,9,-33.246225,151.451034,16,2,2,1,3,0,0,0,2,0,7,50,0,9859,9859,8,30,40,1,0,0,1,1
1242456,1,2020,2020,11,6,4,1052,27,104,262,0,1,10,-32.909737,151.70956,48,0,2,1,3,0,0,0,2,2,7,60,2,14295,14295,3,0,12,4,0,0,0,1
1242460,2,2020,2020,11,6,5,107,22,346,144,1,0,9,-33.878263,151.093134,67,0,2,1,3,0,0,3,2,0,7,60,2,1282,1282,1,22,12,2,0,0,1,0
1242464,2,2020,2020,11,0,8,3371,17,77,3342,0,1,9,-33.031983,151.660886,37,0,2,1,3,0,0,0,2,0,7,60,2,14295,14295,3,0,0,2,0,0,1,0
1242468,1,2020,2020,11,5,9,230,27,197,284,0,1,10,-33.791336,151.130405,61,0,2,1,3,0,0,0,0,2,7,70,2,14295,14295,3,30,5,3,0,0,0,1
1242470,2,2020,2020,1,1,10,65,10,132,148,0,1,1,-34.086338,151.0701,68,0,2,0,3,0,3,4,0,0,7,60,2,273,957,5,16,40,1,0,0,1,0
1242471,1,2020,2020,1,6,6,79,10,43,231,0,1,9,-33.438297,151.324691,16,2,2,1,3,0,0,0,2,0,7,60,2,14295,14295,3,33,0,3,0,0,0,1
1242474,2,2020,2020,1,2,11,81,27,609,115,0,1,9,-33.788596,150.898879,7,0,2,0,3,0,0,0,0,2,7,60,2,1850,777,5,16,40,1,0,0,1,0
1242476,4,2020,2020,1,3,5,12,31,87,34609,0,1,7,-28.809806,153.287872,39,2,1,1,1,0,0,0,2,0,0,50,0,6545,6545,4,5,19,2,0,1,0,0
1242479,1,2020,2020,11,1,5,2,31,316,34609,0,1,10,-31.43688,152.920105,56,2,1,1,3,0,0,0,2,0,0,50,0,6545,6545,4,5,5,2,0,0,0,2
1242480,2,2020,2020,11,0,4,135,17,8,136,0,1,9,-36.07032,146.866403,0,1,0,0,3,0,0,0,2,0,7,100,2,1669,1669,3,0,5,3,0,0,2,0
1242481,2,2020,2020,11,6,3,108,27,90,93,0,1,9,-33.780336,150.947819,54,0,2,1,3,0,0,0,0,0,9,60,1,14295,14295,3,30,5,2,0,0,1,0
1242485,2,2020,2020,11,2,6,83,31,523,7,0,1,9,-33.925743,150.921097,41,0,2,1,1,0,0,0,2,0,0,50,1,6545,6545,4,5,36,2,0,0,1,0
1242486,2,2020,2020,1,5,9,193,27,21,34609,0,1,1,-34.372551,150.90768,80,0,2,1,1,0,0,0,0,0,7,50,0,368,368,9,0,28,2,0,0,1,0
1242491,1,2020,2020,5,0,11,1,7,26,34609,0,1,1,-33.739487,150.819395,7,0,2,1,2,0,3,4,0,0,7,50,0,9859,9859,8,5,40,1,0,0,0,1
1242493,1,2020,2020,11,4,7,191,27,33,208,1,2,10,-33.797527,151.094639,61,0,2,1,1,0,0,0,2,2,7,40,2,515,515,1,5,0,2,0,0,0,1
1242495,1,2020,2020,5,1,4,29,31,290,34609,0,1,10,-33.961698,151.126287,4,0,2,1,3,0,0,0,2,0,15,50,0,6545,6545,4,30,13,2,0,0,0,1
1242497,4,2020,2020,1,2,5,478,17,50,480,0,1,1,-33.234551,151.555377,16,2,2,1,0,0,3,4,2,0,7,50,2,1981,1981,4,0,0,2,0,2,1,0
1242498,2,2020,2020,11,3,7,4,10,463,34609,0,1,9,-30.303172,153.138025,19,2,1,1,1,0,0,0,2,0,0,40,0,5929,5929,1,5,19,2,0,0,1,0
1242503,4,2020,2020,1,0,6,2209,17,40,2205,0,1,2,-34.97557,150.59227,63,1,0,1,1,0,0,0,2,0,7,100,2,1945,1945,5,16,40,1,0,1,0,0
1242506,2,2020,2020,11,0,8,283,27,129,702,0,1,9,-33.934222,151.07356,15,0,2,1,3,0,0,0,2,2,7,60,2,14295,14295,3,0,5,2,0,0,1,0
1242511,1,2020,2020,11,2,9,92,27,143,34609,0,1,9,-33.876765,151.103821,9,0,2,1,3,0,0,0,0,2,7,40,0,186,186,1,5,19,2,0,0,0,1
1242516,1,2020,2020,11,6,3,8,31,204,34609,0,1,9,-33.934604,151.145856,4,0,2,1,3,0,0,0,2,0,7,50,0,2040,2040,9,0,28,2,0,0,0,1
1242518,1,2020,2020,11,2,10,220,14,78,220,0,1,3,-34.475075,150.830489,80,0,2,1,3,0,0,0,0,0,7,100,2,1391,1391,1,9,5,2,0,0,0,1
1242520,1,2020,2020,11,4,8,8,31,93,34609,0,1,1,-33.405622,149.598809,3,2,1,1,3,0,0,0,2,0,7,50,0,14295,14295,3,10,0,3,0,0,0,1
1242524,1,2020,2020,1,5,7,36,27,10,72,0,1,9,-28.719587,153.433133,10,1,0,1,0,0,0,0,2,0,7,100,2,14295,14295,3,8,5,2,0,0,0,2
1242526,2,2020,2020,11,0,3,192,31,316,120,0,1,10,-33.917065,151.24121,59,0,2,1,1,0,0,0,2,2,7,50,2,1192,1192,1,0,19,2,0,0,1,0
1242528,4,2020,2020,5,0,2,37,31,198,41,0,1,10,-33.910596,151.103684,15,0,2,1,1,0,0,0,1,2,9,40,1,340,340,9,5,28,2,0,1,0,0
1242531,1,2020,2020,11,1,10,4,27,26,34609,0,1,7,-34.5779,150.85077,62,0,2,1,2,0,3,0,0,0,0,50,0,2040,2040,9,5,28,2,0,0,0,1
1242533,2,2020,2020,1,0,8,117,1,210,121,0,1,10,-34.041581,151.111595,68,0,2,1,2,0,3,4,0,2,7,60,1,14295,14295,3,10,5,3,0,0,1,0
1242534,4,2020,2020,1,1,7,255,27,62,172,0,1,9,-32.925225,151.627634,37,0,2,1,1,0,0,0,2,0,0,60,2,775,775,4,10,27,3,0,1,1,0
1242535,4,2020,2020,1,0,3,109,27,74,382,1,0,9,-33.749926,150.841548,7,0,2,1,0,0,0,0,1,0,0,60,2,2040,2040,9,10,28,2,0,1,0,0
1242536,2,2020,2020,11,0,9,3,31,77,34609,0,1,1,-33.867356,150.936545,24,0,2,1,2,0,0,3,0,0,7,50,0,368,368,9,5,28,3,0,0,2,0
1242539,2,2020,2020,11,2,4,35,27,53,34609,0,1,1,-35.189865,149.352824,58,1,0,1,0,0,0,0,2,0,7,100,0,4026,4026,8,34,40,1,0,0,1,0
1242542,1,2020,2020,11,1,1,512,17,7,441,0,1,1,-32.810791,148.908457,22,1,0,1,0,0,0,0,0,0,7,100,2,945,945,5,0,40,1,0,0,0,2
1242545,1,2020,2020,11,4,8,1,31,49,34609,0,1,1,-34.463389,147.545587,51,2,1,1,0,2,0,0,2,0,7,50,0,9859,9859,8,16,40,1,0,0,0,1
1242546,4,2020,2020,5,5,3,18,27,234,34609,0,1,9,-34.269447,146.033447,28,2,1,1,0,0,0,0,2,0,7,50,0,1669,1669,3,22,12,3,0,1,1,0
1242547,4,2020,2020,1,3,7,1,18,8,34609,0,1,1,-32.968879,148.770597,11,2,1,1,0,2,3,0,2,0,7,50,0,312,312,2,23,40,1,0,1,2,0
1242552,1,2020,2020,11,3,6,330,27,60,25,0,1,1,-33.827519,151.130521,51,0,2,1,1,0,0,0,2,0,7,60,1,1945,1945,5,22,40,1,0,0,0,1
1242554,2,2020,2020,11,0,8,866,17,77,793,0,1,9,-33.730327,151.082306,31,0,2,1,1,0,0,0,2,0,7,70,2,3775,3775,0,0,41,4,0,0,1,0
1242559,4,2020,2020,5,1,3,171,1,57,104,0,1,9,-33.946104,151.223331,4,0,2,1,2,0,0,0,1,2,7,60,2,5929,5929,1,5,13,3,0,1,0,0
1242577,1,2020,2019,9,5,11,2261,17,201,2252,0,1,3,-34.002822,150.839355,13,0,2,0,0,0,0,0,0,0,7,110,2,190,190,1,0,5,4,0,0,0,3
1242587,1,2020,2019,2,3,7,3,27,2,34609,0,1,1,-29.58366,151.254536,33,1,0,0,0,2,0,0,2,0,7,100,0,1850,1463,5,0,40,1,0,0,0,2
1242589,1,2020,2019,10,1,11,251,27,224,34609,0,1,1,-33.818016,151.245516,45,0,2,1,2,0,0,0,0,0,7,50,0,1282,1282,1,5,40,1,0,0,0,1
1242619,2,2020,2020,1,6,5,67,27,30,78,0,1,9,-33.857329,151.145144,14,0,2,1,1,0,0,0,2,3,7,50,2,1282,1282,1,9,5,3,0,0,1,1
1242622,2,2020,2020,5,3,8,23,27,32,47,0,1,1,-34.596141,150.661682,78,2,1,0,0,0,1,4,3,0,7,70,1,1259,5151,8,5,40,1,0,0,1,0
1242623,2,2020,2020,5,2,10,1,1,387,34609,0,1,1,-33.946655,151.169445,4,0,2,0,2,0,0,0,0,0,7,50,0,1957,4009,8,5,40,1,0,0,1,0
1242629,4,2020,2020,1,2,6,59,27,35,53,0,1,1,-34.170195,150.712858,79,2,2,0,0,0,0,3,2,0,7,80,1,1850,1463,5,16,40,1,0,1,0,0
1242630,2,2020,2020,1,5,4,866,17,314,793,0,1,9,-33.846469,150.95018,21,0,2,1,3,0,0,0,2,2,7,70,2,1383,1383,1,10,0,3,0,0,1,0
1242632,4,2020,2020,1,4,9,57,36,112,769,0,1,10,-33.612325,150.815103,29,2,2,1,2,0,0,0,0,2,7,60,2,5929,5929,1,0,5,2,0,1,3,0
1242636,2,2020,2020,11,4,8,34,27,57,799,0,1,1,-33.898972,151.169588,32,0,2,1,3,0,0,0,2,0,7,60,2,77,77,1,10,5,4,0,0,1,0
1242637,4,2020,2020,11,6,6,103,27,34,98,0,1,1,-32.797841,150.899933,64,2,1,0,0,0,0,0,2,0,7,80,2,418,714,5,16,40,1,0,1,0,0
1242638,2,2020,2020,1,3,11,134,10,69,133,0,1,10,-33.819288,151.021833,54,0,2,1,2,0,0,0,0,2,9,70,2,2040,2040,9,5,28,2,0,0,1,0
1242640,1,2020,2020,1,3,5,387,36,86,69,0,1,9,-33.716267,151.217035,50,0,2,1,0,0,0,0,2,2,7,80,2,1192,1192,1,16,5,2,0,0,0,1
1242647,2,2020,2020,11,0,6,916,17,18,917,0,1,2,-32.741766,151.564463,42,2,1,0,3,0,0,3,2,0,7,80,2,4552,5151,8,5,40,1,0,0,1,0
1242648,2,2020,2020,11,5,10,334,17,15,308,0,1,1,-30.940703,150.571344,70,1,0,1,3,0,0,0,0,0,7,100,2,9859,9859,8,34,40,1,0,0,1,0
1242649,2,2020,2020,1,6,5,20,31,433,34609,0,1,7,-33.281747,149.101721,52,2,1,1,3,0,3,4,2,0,0,50,0,6545,6545,4,0,27,2,0,0,1,0
1242650,2,2020,2020,5,2,9,2126,17,363,2149,0,1,2,-33.750751,150.696469,55,0,2,0,2,0,0,0,0,0,7,50,2,1259,5151,8,5,40,1,0,0,1,0
1242652,4,2020,2020,5,6,0,11,31,22,34609,0,1,1,-36.909788,149.242394,65,2,1,1,2,0,0,0,0,0,7,50,0,9859,9859,8,34,40,1,0,1,0,0
1242653,2,2020,2020,1,3,8,26,1,137,34609,0,1,7,-33.917675,151.20192,69,0,2,1,0,0,0,0,3,0,0,40,0,6545,6545,4,30,27,2,0,0,1,0
1242656,4,2020,2020,1,0,6,37,27,204,105,0,1,1,-33.889388,150.930859,24,0,2,1,1,0,0,0,2,0,7,60,1,4026,4026,1,5,5,3,0,1,0,0
1242658,4,2020,2020,1,1,3,2126,17,23,2149,0,1,1,-33.450783,149.964821,40,1,0,0,0,0,1,0,2,0,7,100,2,4552,5151,8,10,40,1,0,1,0,0
1242660,4,2020,2020,1,0,1,22,27,43,228,0,1,1,-33.602968,150.858261,29,2,2,1,0,0,0,0,0,0,7,80,2,4026,4026,8,5,40,1,0,1,0,0
1242662,2,2020,2020,5,2,5,213,17,11,213,0,1,1,-29.769895,151.469159,33,1,0,0,0,0,0,0,2,0,7,100,2,4552,5151,8,5,40,1,0,0,1,0
1242664,2,2020,2020,5,3,0,37,27,25,52,0,1,1,-33.870657,150.621089,79,2,2,1,0,0,3,4,0,0,7,60,1,475,475,5,0,40,1,0,0,1,0
1242665,1,2020,2020,1,5,3,866,17,171,793,0,1,10,-33.81183,150.965514,21,0,2,1,3,0,0,6,1,2,7,70,2,14295,14295,3,9,0,3,0,0,0,1
1242666,1,2020,2020,11,4,11,101,10,239,35,0,1,2,-34.032599,151.125152,68,0,2,1,3,0,0,0,0,0,7,60,2,3775,3775,0,5,0,2,0,0,0,1
1242667,1,2020,2020,1,0,9,220,27,44,222,0,1,2,-33.793992,150.98287,54,0,2,1,2,0,3,4,0,0,0,70,2,14295,14295,3,0,5,2,0,0,0,1
1242668,2,2020,2020,1,4,10,225,31,44,34609,0,1,1,-33.971509,151.114358,25,0,2,1,2,0,0,0,0,0,7,50,0,9859,9859,1,5,5,2,0,0,1,0
1242670,2,2020,2020,5,3,1,296,27,290,293,0,1,2,-33.851771,150.996342,21,0,2,1,2,0,3,4,0,0,7,70,2,9859,9859,8,5,40,1,0,0,2,0
1242672,1,2020,2020,1,0,6,59,31,77,53,0,1,10,-33.886123,151.198712,69,0,2,1,1,0,0,0,2,2,7,50,2,14295,14295,3,5,36,2,0,0,0,2
1242673,2,2020,2020,5,4,6,171,31,66,34609,0,1,1,-34.48021,150.900758,80,0,2,1,1,0,0,0,2,0,7,40,0,248,248,1,30,5,4,0,0,1,0
1242674,4,2020,2020,1,3,9,30,27,55,93,0,1,9,-33.745653,150.903018,7,0,2,1,2,0,3,4,0,0,7,60,1,5929,5929,1,5,5,2,0,1,0,0
1242675,4,2020,2020,5,1,10,2209,17,82,2205,0,1,10,-34.367145,150.903694,80,0,2,1,2,0,0,0,0,2,7,80,2,14295,14295,3,5,5,2,0,1,0,0
1242677,1,2020,2020,11,0,5,12,31,284,34609,0,1,10,-33.91045,151.013809,15,0,2,1,3,0,3,4,2,0,15,50,0,6545,6545,4,30,36,2,0,0,0,1
1242678,2,2020,2020,5,0,11,11,31,43,34609,1,0,10,-32.547895,148.948865,22,2,1,1,2,0,3,4,0,0,0,50,0,2585,777,8,21,40,1,0,0,1,0
1242680,2,2020,2020,5,5,5,90,31,169,165,0,1,2,-33.900636,151.215194,69,0,2,1,0,0,0,3,2,0,7,60,2,14295,14295,3,5,5,2,0,0,1,0
1242681,2,2020,2020,5,1,0,829,27,363,770,0,1,10,-33.808926,151.020942,54,0,2,1,2,0,0,0,0,0,0,60,2,6545,6545,4,5,5,2,0,0,1,1
1242684,4,2020,2020,5,4,7,1104,14,136,962,0,1,3,-33.858887,151.075662,67,0,2,1,3,0,0,0,2,0,7,50,2,4026,4026,8,30,40,1,0,1,0,0
1242685,2,2020,2020,5,6,3,2209,17,19,2205,0,1,1,-34.797333,150.667819,63,2,1,0,0,0,3,3,1,0,7,80,2,4552,5151,8,5,40,1,0,0,1,0
1242686,1,2020,2020,5,4,0,3,31,94,34609,0,1,7,-33.886707,150.929596,24,0,2,1,2,0,0,0,0,0,0,50,0,6545,6545,4,0,27,2,0,0,0,1
1242690,1,2020,2020,1,1,4,106,27,76,106,0,1,2,-33.926622,150.869662,41,0,2,1,3,0,0,0,2,0,7,70,2,9859,9859,8,5,40,1,0,0,0,1
1242691,2,2020,2020,11,6,9,478,17,18,480,0,1,1,-33.216324,151.533443,16,2,2,1,3,0,3,4,0,0,7,70,2,945,945,5,30,40,1,0,0,1,0
1242694,4,2020,2020,1,5,8,1,31,7,34609,0,1,1,-33.515137,151.34274,16,2,2,1,1,0,0,0,2,0,7,50,0,186,186,9,5,28,2,0,1,0,0
1242695,4,2020,2020,11,2,11,2209,17,88,2205,0,1,2,-33.992655,151.114388,25,0,2,0,2,0,0,0,0,0,7,70,2,3775,3775,0,5,5,4,0,1,2,0
1242698,2,2020,2020,5,6,5,11,1,73,34609,1,0,9,-35.140721,147.379998,75,2,1,1,0,0,0,6,2,0,0,50,0,2852,2852,4,5,27,2,0,0,1,0
1242700,4,2020,2020,1,3,11,13,27,5,17,0,1,1,-29.48931,150.945558,33,1,0,1,0,0,3,0,0,0,7,100,1,9859,9859,8,10,40,1,0,1,0,0
1242701,4,2020,2020,1,2,7,59,10,34,231,1,0,1,-33.505231,151.364016,16,2,2,0,1,0,0,0,2,0,7,60,2,3775,3775,0,5,36,2,0,2,1,1
1242703,2,2020,2020,1,3,9,916,17,61,917,0,1,7,-29.747142,151.736521,51,2,1,1,2,0,0,0,0,0,0,60,2,14295,14295,3,5,5,2,0,0,2,0