Crash ID,Degree of crash - detailed,Reporting year,Year of crash,Month of crash,Day of week of crash,Two-hour intervals,Street of crash,Street type,Town,Route no.,School zone location,School zone active,Type of location,Latitude,Longitude,LGA,Urbanisation,Conurbation 1,Alignment,Street lighting,Road surface,Surface condition,Weather,Natural lighting,Signals operation,Other traffic control,Speed limit,Road classification,RUM - code,DCA - code,First impact type,Key TU type,Other TU type,No. of traffic units involved,No. killed,No. seriously injured,No. moderately injured,No. minor-other injured
1242704,2,2020,2020,1,1,9,67,27,210,55,0,1,9,-34.027822,151.106158,68,0,2,1,3,0,3,4,3,0,15,60,2,775,775,4,5,0,2,0,0,1,0
1242706,2,2020,2020,1,3,5,45,27,134,40,0,1,9,-33.67881,150.862691,7,0,2,1,0,0,0,0,2,0,7,50,2,941,941,1,30,5,2,0,0,1,0
1242707,4,2020,2020,5,2,2,515,14,252,518,0,1,3,-33.947501,150.893412,41,0,2,0,0,0,0,0,1,0,7,100,2,2585,4009,8,5,40,1,0,1,0,0
1242709,2,2020,2020,11,0,7,2,31,67,34609,0,1,1,-33.394385,151.342433,16,2,2,1,0,0,0,0,2,0,7,50,0,9859,9859,8,19,40,1,0,0,3,0
1242713,1,2020,2020,11,1,9,100,27,42,100,0,1,9,-33.863567,150.847107,24,0,2,1,2,0,0,0,0,0,7,80,2,4026,4026,8,30,40,1,0,0,0,1
1242714,2,2020,2020,1,1,9,42,36,33,18,0,1,1,-36.448446,148.609482,65,1,0,1,0,0,0,0,0,0,7,100,1,4026,4026,8,5,40,1,0,0,1,0
1242716,4,2020,2020,11,6,8,74,27,22,59,0,1,9,-34.465702,150.872562,80,0,2,1,1,0,0,0,2,2,7,80,2,1669,1669,3,5,13,3,0,2,0,0
1242717,2,2020,2020,1,6,5,330,23,123,233,0,1,10,-33.886648,151.219046,69,0,2,1,1,0,0,0,2,2,7,60,2,5929,5929,1,5,27,2,0,0,1,0
1242723,4,2020,2020,11,0,9,11,27,27,144,0,1,2,-32.876246,151.734449,48,0,2,0,2,0,0,0,0,0,7,60,2,4552,5151,8,5,40,1,0,1,0,0
1242727,2,2020,2020,11,0,7,1,7,12,34609,0,1,1,-34.430386,150.871992,80,0,2,0,3,0,0,0,2,0,7,50,0,1282,1282,1,10,40,1,0,0,1,0
1242728,4,2020,2020,1,0,4,2209,17,17,2205,0,1,1,-35.535992,150.302216,63,1,0,1,0,0,0,0,2,0,7,100,2,1109,397,1,10,13,2,0,1,1,0
1242729,4,2020,2020,11,0,7,114,27,21,65,0,1,1,-33.330042,151.164948,16,2,2,0,0,0,0,0,2,0,7,60,1,782,957,5,16,40,1,0,1,0,0
1242730,1,2020,2020,11,1,7,10,31,71,34609,0,1,1,-33.771963,150.696954,55,0,2,1,1,0,0,0,2,0,7,50,0,5929,5929,1,30,19,2,0,0,0,1
1242732,2,2020,2020,5,0,7,16,31,54,34609,0,1,10,-33.088808,151.632795,37,0,2,1,1,0,0,0,2,0,15,50,0,6545,6545,4,19,25,2,0,0,1,0
1242734,4,2020,2020,1,5,7,158,27,68,207,0,1,1,-33.873387,151.247249,81,0,2,0,0,0,0,0,2,0,7,60,2,1282,1282,1,5,5,3,0,1,0,0
1242736,4,2020,2020,1,0,5,61,10,87,34609,0,1,9,-33.076755,151.453508,37,0,2,1,1,0,0,0,2,0,15,50,0,1220,1220,9,0,28,2,0,1,0,0
1242737,4,2020,2020,6,1,5,866,17,94,793,0,1,2,-33.874674,150.925702,24,0,2,1,1,0,0,0,2,0,7,70,2,1282,1282,1,5,5,2,0,1,0,1
1242739,1,2020,2020,11,6,5,85,31,316,7,0,1,1,-33.90861,151.235223,59,0,2,1,0,0,3,4,2,0,7,50,1,1945,1945,5,15,40,1,0,0,0,1
1242742,2,2020,2020,1,6,10,361,27,164,34609,0,1,1,-33.73528,150.893517,7,0,2,1,0,0,0,0,0,0,7,50,0,9859,9859,8,30,40,1,0,0,1,0
1242745,4,2020,2020,5,0,7,12,31,460,34609,0,1,1,-33.835267,150.988924,21,0,2,1,1,0,0,0,2,0,7,40,0,14295,14295,3,5,12,3,0,1,0,0
1242755,2,2020,2020,1,0,6,18,27,111,16,0,1,7,-33.920146,151.252119,59,0,2,1,0,0,3,4,2,0,0,50,1,6545,6545,4,5,18,2,0,0,1,0
1242756,1,2020,2020,11,1,4,39,27,16,80,0,1,7,-32.977918,151.707701,37,0,2,1,1,0,0,0,2,0,0,60,1,775,775,4,33,27,2,0,0,0,1
1242759,1,2020,2020,11,0,6,4,27,304,96,0,1,1,-33.913613,151.164794,32,0,2,1,0,0,0,0,2,0,7,60,2,1220,1220,9,5,28,2,0,0,0,1
1242761,2,2020,2020,5,5,8,115,27,138,114,0,1,9,-33.865416,151.278183,81,0,2,1,0,0,0,0,3,0,0,50,2,2040,2040,9,5,28,2,0,0,1,0
1242762,1,2020,2020,1,6,4,21,31,252,59,0,1,9,-33.884268,151.210357,69,0,2,1,2,0,0,0,2,0,7,40,1,368,368,9,5,28,2,0,0,0,1
1242765,2,2020,2020,11,1,9,49,31,147,34609,0,1,9,-33.876572,151.000641,15,0,2,1,2,0,0,0,0,0,7,50,0,5929,5929,1,5,5,2,0,0,1,1
1242771,4,2020,2020,11,5,7,3371,17,21,3342,0,1,6,-31.634842,152.727002,56,2,1,0,3,0,3,0,2,0,7,60,2,1850,1463,5,5,40,1,0,1,0,0
1242774,1,2020,2020,11,5,4,29,27,85,30,0,1,1,-33.896006,150.868227,41,0,2,1,3,0,0,0,2,0,7,60,2,2040,2040,9,5,28,2,0,0,0,1
1242775,1,2020,2020,11,3,6,293,31,112,769,0,1,10,-33.606761,150.822191,29,2,2,1,3,0,0,0,2,2,7,60,2,5929,5929,1,0,5,2,0,0,0,1
1242777,4,2020,2020,1,2,4,1,31,69,34609,0,1,1,-33.360597,151.480567,16,2,2,1,3,0,0,0,2,0,7,50,0,9859,9859,1,5,40,2,0,1,0,0
1242780,1,2020,2020,7,1,7,111,27,80,233,0,1,10,-33.940081,151.228423,4,0,2,1,3,0,0,0,2,2,7,60,2,14295,14295,3,5,36,2,0,0,0,1
1242783,1,2020,2020,11,3,5,2209,17,137,2205,0,1,9,-34.045313,151.052674,68,0,2,1,3,0,0,0,2,2,7,80,2,14295,14295,3,0,0,2,0,0,0,1
1242790,1,2020,2020,11,6,8,51,27,15,34609,0,1,9,-33.793043,151.049076,54,0,2,1,3,0,0,0,4,0,7,50,0,1109,787,1,5,25,2,0,0,0,1
1242795,1,2020,2020,11,4,7,3371,17,49,3342,0,1,2,-33.200021,151.522343,16,2,2,1,3,0,0,0,2,0,7,80,2,14295,14295,3,10,36,2,0,0,0,1
1242797,1,2020,2020,11,4,4,58,27,81,34609,1,2,9,-33.887033,151.258935,81,0,2,1,3,0,0,0,2,2,7,40,0,14295,14295,3,0,5,2,0,0,0,1
1242798,1,2020,2020,11,0,10,387,36,11,34609,0,1,1,-31.433063,151.414035,51,1,0,0,3,2,1,5,0,0,7,100,0,4552,5151,8,10,40,1,0,0,0,1
1242804,1,2020,2020,11,3,5,65,31,609,115,0,1,10,-33.772863,150.90281,7,0,2,1,3,0,0,0,2,2,7,60,2,14295,14295,3,0,13,2,0,0,0,1
1242809,4,2020,2020,5,1,8,80,27,123,50,0,1,10,-33.904499,151.226524,59,0,2,1,2,0,3,4,0,2,9,60,2,1220,1220,9,19,28,2,0,1,0,0
1242812,4,2020,2020,1,3,2,220,14,21,220,0,1,3,-34.244444,150.941331,80,0,2,1,0,0,3,4,0,0,7,110,2,4026,4026,8,0,40,1,0,1,0,0
1242813,2,2020,2020,5,3,7,162,31,63,13,0,1,7,-33.931099,151.205335,4,0,2,1,0,0,3,4,2,0,0,50,1,775,775,4,22,13,2,0,0,1,0
1242823,2,2020,2020,5,4,8,12,27,173,34609,0,1,1,-33.78999,151.131849,61,0,2,1,1,0,0,0,2,0,7,60,0,1981,1981,4,5,19,2,0,0,1,0
1242825,2,2020,2020,11,6,4,7,10,23,34609,0,1,9,-32.868117,151.646338,48,0,2,1,1,0,0,0,2,0,0,50,0,2852,2852,4,5,22,2,0,0,2,0
1242829,2,2020,2020,3,0,7,22,27,26,34609,0,1,1,-34.856813,150.582846,63,2,1,1,1,0,0,0,2,0,7,60,0,1282,1282,1,33,27,2,0,0,1,0
1242830,1,2020,2020,5,3,6,1052,14,77,928,0,1,3,-33.516596,151.195272,16,1,2,0,3,0,3,4,2,0,7,100,2,1192,1192,1,0,5,2,0,0,0,1
1242831,2,2020,2020,5,5,3,2209,17,137,2205,0,1,9,-34.045889,151.05264,68,0,2,0,0,0,3,4,2,2,7,80,2,1957,4009,8,5,40,1,0,0,1,0
1242836,4,2020,2020,1,3,8,829,27,125,770,1,0,2,-33.834296,151.127439,61,0,2,1,1,0,0,0,2,0,0,60,2,1192,1192,1,5,19,2,0,1,0,0
1242837,2,2020,2020,5,0,11,47,10,117,34609,0,1,1,-28.182663,153.526092,72,2,1,1,2,0,0,0,0,0,7,50,0,4026,4026,8,30,40,1,0,0,2,0
1242838,2,2020,2020,11,5,7,171,27,24,369,0,1,1,-33.982463,150.73362,12,0,2,0,3,0,0,0,2,0,7,80,2,14295,14295,3,9,12,2,0,0,1,0
1242839,2,2020,2020,1,2,7,112,27,18,769,0,1,1,-33.498095,150.521887,29,2,2,1,1,0,0,0,2,0,7,60,2,14295,14295,3,0,13,3,0,0,1,3
1242840,4,2020,2020,5,4,4,3,10,41,34609,0,1,7,-34.1035,150.806829,13,0,2,1,1,0,0,0,2,0,0,60,0,5929,5929,1,5,5,2,0,1,0,0
1242841,2,2020,2020,5,5,10,44,31,90,34609,0,1,10,-32.92192,151.747321,48,0,2,1,2,0,3,4,0,0,9,50,0,1220,1220,9,10,28,2,0,0,1,0
1242842,4,2020,2020,1,2,4,2209,17,17,2205,0,1,1,-35.081517,150.527017,63,2,1,1,0,0,3,4,2,0,7,80,2,14295,14295,3,5,13,3,0,1,0,0
1242845,4,2020,2020,1,3,2,92,27,9,34609,0,1,1,-34.056395,150.865389,13,0,2,1,0,0,0,0,0,0,7,70,0,4026,4026,8,0,40,1,0,1,0,0
1242851,1,2020,2020,11,0,4,255,27,71,166,0,1,10,-33.26332,151.531785,16,2,2,1,3,0,0,0,2,0,7,50,2,1669,1669,3,0,5,2,0,0,0,1
1242852,2,2020,2020,11,1,7,916,17,15,917,0,1,1,-31.775271,150.875767,73,1,0,0,3,0,3,4,2,0,7,100,2,1259,5151,8,29,40,1,0,0,1,0
1242857,4,2020,2020,5,4,8,31,27,17,41,0,1,9,-33.718142,151.144842,36,0,2,1,1,0,0,0,3,0,7,50,1,1109,787,1,5,5,2,0,1,1,0
1242859,4,2020,2020,5,3,1,68,27,36,208,1,0,1,-33.758649,151.074694,31,0,2,1,2,0,3,4,0,0,7,60,2,9859,9859,8,10,40,1,0,1,0,0
1242862,2,2020,2020,11,4,9,9,10,63,34609,0,1,9,-33.252009,151.480095,16,2,2,1,3,0,0,0,3,0,7,50,0,5929,5929,1,0,5,3,0,0,1,0
1242868,1,2020,2020,11,5,8,222,27,98,70,1,0,9,-33.737392,151.063204,31,0,2,1,1,0,0,0,3,0,0,60,2,2852,2852,4,5,19,2,0,0,0,1
1242869,4,2020,2020,1,1,5,2,36,243,34609,0,1,9,-33.955894,150.901855,41,0,2,0,1,0,0,0,2,0,7,50,0,4552,5151,1,5,0,2,0,1,0,0
1242870,4,2020,2020,1,6,6,11,31,77,34609,0,1,7,-32.938592,151.749758,48,0,2,1,0,0,0,0,2,0,7,50,0,1945,1945,5,22,40,1,0,1,0,0
1242872,4,2020,2020,1,3,9,115,27,20,173,0,1,2,-34.349546,150.801167,80,0,2,1,0,0,3,4,0,0,7,80,2,84,84,8,30,40,1,0,2,0,0
1242873,2,2020,2020,11,0,6,12,31,179,34609,0,1,1,-33.763276,150.715594,55,0,2,1,1,0,0,0,2,0,7,50,0,9859,9859,1,30,5,3,0,0,1,1
1242876,2,2020,2020,1,6,0,3371,17,119,3342,0,1,2,-32.752905,151.766266,57,1,0,1,2,0,0,0,0,0,7,110,2,9859,9859,8,5,40,1,0,0,1,0
1242877,1,2020,2020,11,5,3,10,27,96,34609,0,1,10,-35.356466,149.222969,58,2,1,1,0,0,0,0,2,0,7,50,0,5929,5929,1,30,5,2,0,0,0,1
1242879,2,2020,2020,11,1,6,32,1,646,34609,0,1,10,-33.922615,151.028702,15,0,2,1,1,0,0,0,2,0,0,50,0,6545,6545,4,5,0,2,0,0,3,0
1242881,4,2020,2020,1,6,1,51,27,26,45,1,0,2,-33.742958,150.812386,7,0,2,1,2,0,0,0,0,0,7,60,1,4026,4026,8,34,40,1,0,1,0,0
1242882,4,2020,2020,5,4,2,2,1,80,139,0,1,1,-34.550824,146.386484,51,2,1,1,0,0,0,1,0,0,7,60,2,3775,3775,0,5,5,2,0,2,0,0
1242886,2,2020,2020,11,2,6,1104,14,460,962,0,1,3,-33.82563,150.991221,54,0,2,1,1,0,0,0,2,0,7,80,2,1282,1282,1,5,5,3,0,0,1,0
1242888,4,2020,2020,1,6,11,132,31,252,126,0,1,9,-33.890104,151.208316,69,0,2,1,2,0,0,0,0,0,7,50,2,2040,2040,9,5,28,2,0,1,0,0
1242901,4,2020,2020,6,2,7,1,27,83,34609,0,1,9,-30.116393,153.180056,19,2,1,0,0,0,0,0,2,0,7,60,0,1850,1463,5,16,40,1,0,1,0,0
1242905,2,2020,2020,11,1,4,32,27,72,563,0,1,10,-34.013385,151.009956,68,0,2,1,1,0,0,0,2,2,7,80,2,14295,14295,3,30,5,3,0,0,1,1
1242906,4,2020,2020,8,4,7,515,14,523,518,0,1,3,-33.938714,150.916795,41,0,2,1,1,0,0,0,2,0,7,100,2,4026,4026,8,5,40,1,0,1,0,0
1242907,1,2020,2020,3,1,3,110,27,113,48,0,1,2,-34.317358,150.891064,80,0,2,0,0,0,3,4,1,0,7,100,2,4552,5151,8,5,40,1,0,0,0,1
1242911,1,2020,2020,11,2,7,205,27,161,415,0,1,2,-33.717179,151.173165,36,0,2,1,1,0,0,0,2,0,7,60,2,14295,14295,3,10,5,4,0,0,0,1
1242913,2,2020,2020,11,3,7,98,27,128,382,0,1,7,-33.639946,150.784281,55,0,2,1,1,0,0,0,2,0,0,80,2,1945,1945,5,16,40,1,0,0,1,0
1242916,1,2020,2020,11,0,5,10,27,115,10,0,1,1,-33.880251,151.187344,69,0,2,1,1,0,3,4,2,0,7,40,1,1220,1220,9,30,28,2,0,0,0,1
1242919,2,2020,2020,11,0,5,45,27,110,45,0,1,9,-33.743496,151.047112,31,0,2,0,1,0,0,0,2,1,7,60,2,5929,5929,1,0,0,2,0,0,1,0
1242924,2,2020,2020,1,6,9,2,31,201,34609,0,1,9,-34.89233,150.604654,63,2,1,1,2,0,0,0,0,0,7,50,0,9859,9859,8,5,40,1,0,0,1,0
1242927,4,2020,2020,1,4,8,13,10,74,12,0,1,9,-33.729408,151.031426,31,0,2,1,1,0,0,0,2,2,7,60,1,775,775,4,5,36,2,0,1,0,0
1242933,4,2020,2020,11,2,11,63,27,224,605,0,1,2,-33.811806,151.244333,45,0,2,0,2,0,0,0,0,0,7,60,2,1259,5151,8,16,40,1,0,1,0,0
1242934,2,2020,2020,11,6,1,2209,17,32,2205,0,1,7,-34.573449,150.82245,62,0,2,0,2,0,0,0,0,0,0,60,2,1259,5151,8,10,40,1,0,0,1,0
1242944,2,2020,2020,11,1,9,39,31,246,99,0,1,9,-33.903405,151.194975,69,0,2,1,2,0,0,0,0,0,7,40,2,926,926,4,5,19,2,0,0,1,0
1242946,1,2020,2020,11,1,0,6,31,82,34609,0,1,1,-33.795174,151.266908,50,0,2,1,2,0,0,0,0,0,7,50,0,4026,4026,1,5,0,3,0,0,0,1
1242947,1,2020,2020,11,3,6,2261,17,68,2252,0,1,6,-34.803866,148.876177,82,2,1,0,1,0,0,0,2,0,7,80,2,4552,5151,8,16,40,1,0,0,0,1
1242948,2,2020,2020,11,6,5,37,31,273,87,0,1,10,-34.426962,150.899561,80,0,2,1,1,0,3,4,2,2,7,60,2,1669,1669,3,30,5,2,0,0,1,0
1242953,2,2020,2020,11,2,6,59,27,9,69,0,1,1,-34.036926,149.827149,51,1,0,0,0,0,3,5,2,0,7,100,1,4552,5151,8,10,40,1,0,0,1,1
1242962,1,2020,2020,1,1,8,24,31,165,34609,0,1,10,-33.854591,151.159022,14,0,2,1,3,0,0,0,3,0,15,50,0,217,217,1,30,36,2,0,0,0,1
1242963,1,2020,2020,11,4,5,35,27,100,34609,0,1,7,-33.896431,150.884048,24,0,2,1,3,0,0,0,2,0,0,60,0,6545,6545,4,5,5,2,0,0,0,1
1242965,2,2020,2020,11,5,2,103,27,62,256,0,1,9,-34.088921,150.805991,13,0,2,1,3,0,0,0,4,2,7,80,2,2852,2852,4,0,10,2,0,0,1,0
1242970,2,2020,2020,11,3,3,2209,17,40,2205,0,1,2,-34.695586,150.843058,35,2,1,0,0,0,3,4,2,0,7,80,2,1259,5151,8,5,40,1,0,0,1,0
1242971,2,2020,2020,11,6,8,48,10,59,58,0,1,2,-32.884285,151.724631,48,0,2,1,3,0,0,0,2,0,7,80,2,1383,1383,1,5,5,2,0,0,1,0
1242979,2,2020,2020,11,0,6,6,27,65,34609,0,1,9,-33.799223,150.958538,54,0,2,1,3,0,0,0,2,0,0,50,0,1282,1282,1,33,41,2,0,0,1,0
1242980,2,2020,2020,11,1,4,475,31,162,34609,0,1,9,-33.840763,150.901047,24,0,2,1,3,0,0,0,2,0,7,50,0,775,775,4,8,10,5,0,0,1,0
1242981,1,2020,2020,11,0,1,104,27,443,702,0,1,9,-33.900567,151.065005,15,0,2,1,3,0,0,0,0,2,7,70,2,14295,14295,3,5,12,2,0,0,0,1
1242987,1,2020,2020,11,0,8,1052,14,83,928,0,1,3,-33.512988,151.191765,16,1,2,0,3,0,0,0,2,0,7,100,2,14295,14295,3,5,5,3,0,0,0,1
1242988,1,2020,2020,1,5,9,1104,11,107,770,0,1,2,-33.874581,151.19794,69,0,2,1,3,0,0,0,0,0,7,60,2,1282,1282,1,5,13,2,0,0,0,1
1242989,1,2020,2020,11,4,7,32,14,82,124,0,1,3,-33.820787,151.204206,49,0,2,1,3,0,0,0,2,0,7,80,2,1391,1391,1,5,13,3,0,0,0,1
1242994,2,2020,2020,11,1,10,283,27,70,702,0,1,9,-33.980608,151.107657,25,0,2,1,3,0,0,0,0,0,15,70,2,2852,2852,4,5,5,2,0,0,1,1
1242995,1,2020,2020,11,1,8,512,27,246,15,1,0,9,-33.899658,151.194294,69,0,2,1,3,0,0,0,3,0,7,50,1,515,515,1,0,5,2,0,0,0,1
1242996,2,2020,2020,11,6,5,21,27,20,34609,1,0,1,-33.267734,151.345618,16,2,2,0,3,0,0,0,2,0,7,60,0,4552,5151,8,16,40,1,0,0,1,0
1242998,2,2020,2020,11,5,8,103,27,94,563,0,1,2,-33.832954,151.048589,54,0,2,1,3,0,0,0,0,0,7,70,2,14295,14295,3,5,5,2,0,0,1,0
1242999,2,2020,2020,11,4,7,56,27,443,44,1,2,9,-33.910755,151.056656,15,0,2,1,3,0,0,0,2,2,7,40,1,14295,14295,3,30,5,3,0,0,1,0
1243000,1,2020,2020,11,6,6,26,27,56,68,0,1,10,-33.804383,151.205578,77,0,2,1,3,0,0,0,2,2,7,60,1,14295,14295,3,0,5,2,0,0,0,1
1243001,1,2020,2020,11,0,7,14,27,24,34609,0,1,9,-33.961317,150.992964,15,0,2,0,3,0,0,0,2,0,7,50,0,380,714,5,5,40,1,0,0,0,1
1243002,4,2020,2020,11,0,6,7,31,228,34609,1,0,1,-34.747399,149.732543,26,2,1,1,3,0,0,0,2,0,7,50,0,1282,1282,1,5,13,3,0,1,0,0
1243004,1,2020,2020,11,1,3,6,23,147,34609,0,1,1,-33.755453,151.284648,50,0,2,1,3,0,0,0,2,0,7,50,0,387,387,1,22,13,2,0,0,0,1
1243007,1,2020,2020,11,6,7,196,10,70,168,0,1,9,-33.912879,150.975665,15,0,2,1,3,0,0,0,2,0,7,60,2,5929,5929,1,5,0,2,0,0,0,1
1243010,1,2020,2020,11,3,7,829,27,165,770,0,1,10,-33.851155,151.154564,14,0,2,1,3,0,0,0,2,2,7,60,2,14295,14295,3,5,5,2,0,0,0,1
1243011,1,2020,2020,11,4,4,1104,14,445,962,0,1,3,-33.85327,151.059634,54,0,2,1,3,0,0,0,2,0,7,90,2,9859,9859,8,0,40,1,0,0,0,1
1243013,4,2020,2020,11,6,5,11,27,29,165,1,0,9,-33.9786,151.080218,25,0,2,1,3,0,3,4,2,2,7,50,1,14295,14295,3,10,5,2,0,1,0,0
1243016,2,2020,2020,11,2,4,1,27,79,34609,0,1,9,-34.013755,150.747221,12,0,2,1,3,0,0,0,2,0,7,50,0,5929,5929,1,5,0,2,0,0,1,0
1243022,2,2020,2020,11,6,5,2209,17,133,2205,0,1,1,-34.512483,150.784607,80,0,2,1,3,0,0,0,2,0,7,60,1,14295,14295,3,5,0,2,0,0,1,0
1243023,2,2020,2020,10,3,9,60,10,121,84,0,1,9,-28.202778,153.544182,72,2,1,1,3,0,0,0,3,2,7,60,1,5929,5929,1,0,25,2,0,0,1,0
1243027,1,2020,2020,10,3,6,2209,17,157,2205,0,1,10,-34.019865,151.09026,68,0,2,1,3,0,0,0,2,2,7,70,2,14295,14295,3,10,36,2,0,0,0,1
1243029,2,2020,2020,10,4,5,500,27,198,799,0,1,9,-33.920779,151.098222,15,0,2,1,3,0,0,0,2,0,7,60,2,14295,14295,3,5,5,3,0,0,1,0
1243032,1,2020,2020,11,6,4,14,27,85,34609,0,1,1,-33.902762,150.871335,41,0,2,1,3,0,0,0,2,0,7,50,0,9859,9859,1,5,0,2,0,0,0,1
1243034,1,2020,2020,10,4,6,100,27,127,100,0,1,10,-33.841627,150.854058,24,0,2,1,3,0,0,0,2,2,7,70,2,1383,1383,1,3,13,2,0,0,0,1
1243039,1,2020,2020,11,0,9,84,10,39,80,0,1,10,-34.314607,150.925026,80,0,2,1,3,0,3,4,0,0,7,50,2,14295,14295,3,5,5,2,0,0,0,1
1243041,2,2020,2020,11,3,6,133,31,646,97,0,1,9,-33.917225,151.021484,15,0,2,1,3,0,0,0,2,0,15,60,1,2852,2852,4,5,5,2,0,0,1,0
1243042,4,2020,2020,5,2,6,150,27,309,415,0,1,9,-33.808111,151.108562,61,0,2,1,1,0,0,0,2,2,7,70,2,5929,5929,1,0,0,2,0,2,0,0
1243046,2,2020,2020,11,3,5,21,27,147,34609,0,1,7,-33.886526,151.000199,15,0,2,1,3,0,0,0,2,0,9,60,0,14295,14295,3,0,5,2,0,0,1,0
1243049,1,2020,2020,11,2,5,2126,17,445,2149,0,1,10,-33.854838,151.061433,21,0,2,1,3,0,0,0,2,2,7,60,2,5929,5929,1,5,36,2,0,0,0,1
1243050,1,2020,2020,11,6,9,34,27,127,799,0,1,9,-33.896041,151.158072,32,0,2,1,3,0,0,0,0,0,0,60,2,926,926,4,5,5,2,0,0,0,1
1243052,1,2020,2020,10,0,6,2126,17,445,2149,0,1,9,-33.846682,151.045193,21,0,2,1,3,0,0,0,2,2,7,60,2,14295,14295,3,9,5,2,0,0,0,1
1243057,1,2020,2020,5,0,4,500,27,293,799,1,0,1,-33.931847,151.054859,15,0,2,1,0,0,0,0,2,0,7,60,2,14295,14295,3,5,5,2,0,0,0,1
1243060,4,2020,2020,1,1,8,3371,17,6,3342,0,1,2,-33.184263,151.590789,16,2,2,0,3,0,0,0,3,0,7,80,2,3775,3775,0,5,12,2,0,1,0,0
1243061,2,2020,2020,11,1,3,1052,14,17,928,0,1,3,-32.814939,151.635728,48,0,2,1,3,0,0,0,2,0,7,60,2,14295,14295,3,0,41,2,0,0,1,0
1243064,1,2020,2020,11,0,9,154,27,145,244,0,1,1,-33.917686,151.064915,15,0,2,1,3,0,3,4,3,0,7,60,2,14295,14295,3,0,5,3,0,0,0,1
1243065,2,2020,2020,11,6,8,1,31,18,34609,0,1,9,-29.424775,147.982579,51,2,1,1,3,0,0,0,2,0,0,50,0,2585,777,8,34,40,1,0,0,1,0
1243069,2,2020,2020,10,4,11,36,27,290,55,0,1,7,-33.851292,150.972092,21,0,2,0,3,0,0,0,0,0,0,50,1,6545,6545,4,9,12,2,0,0,1,0
1243078,1,2020,2020,10,1,6,1052,14,77,928,0,1,3,-33.522604,151.195915,16,1,2,0,3,0,0,0,2,0,7,100,2,14295,14295,3,0,0,3,0,0,0,1
1243081,1,2020,2020,10,4,6,2209,17,27,2205,0,1,2,-34.532983,150.786943,80,0,2,1,3,0,0,0,2,0,7,80,2,14295,14295,3,0,5,2,0,0,0,1
1243082,1,2020,2020,11,6,4,24,31,314,34609,0,1,10,-33.855236,150.924637,24,0,2,1,3,0,0,0,2,0,15,50,0,5929,5929,1,5,0,2,0,0,0,1
1243083,2,2020,2020,10,3,2,3,27,3,34609,0,1,1,-28.822868,152.592526,51,1,0,1,3,0,0,1,0,0,7,100,0,1089,1089,7,0,40,1,0,0,1,0
1243084,4,2020,2020,1,5,4,7,31,232,34609,0,1,7,-33.682854,150.917523,71,0,2,1,0,0,0,0,2,0,7,50,0,1220,1220,9,9,28,2,0,1,0,0
1243086,1,2020,2020,11,4,6,829,27,159,770,0,1,9,-33.807253,151.0859,61,0,2,1,1,0,0,0,2,0,7,60,2,515,515,1,30,19,2,0,0,0,1
1243087,1,2020,2020,11,6,8,78,17,39,75,0,1,8,-33.847974,151.21271,49,0,2,0,3,0,0,0,3,0,7,70,2,14295,14295,3,5,5,4,0,0,0,1
1243088,2,2020,2020,10,6,10,3371,17,463,3342,0,1,2,-30.290137,153.120842,19,2,1,1,3,0,0,0,0,0,7,60,2,1282,1282,1,8,5,2,0,0,1,0
1243090,1,2020,2020,10,5,8,3371,17,19,3342,0,1,7,-31.462704,152.82108,56,2,1,1,3,0,0,0,2,0,0,60,2,14295,14295,3,10,5,2,0,0,0,1
1243091,1,2020,2020,11,2,7,92,27,55,63,0,1,1,-33.90276,151.083955,15,0,2,1,3,0,0,0,2,0,7,50,1,14295,14295,3,5,0,2,0,0,0,2
1243099,2,2020,2020,1,0,4,220,14,40,220,0,1,3,-34.415454,150.880429,80,0,2,1,0,0,0,0,2,0,7,80,2,101,101,8,0,2,2,0,0,1,0
1243103,2,2020,2020,11,6,0,16,27,74,34609,0,1,7,-34.025813,150.762432,12,0,2,1,2,0,0,0,0,0,7,50,0,4552,985,8,5,40,1,0,0,1,0
1243106,1,2020,2020,11,0,7,3,27,44,34609,0,1,9,-30.728296,152.918641,47,2,1,1,1,0,0,0,2,0,7,80,0,256,256,4,5,0,2,0,0,0,1
1243107,2,2020,2020,11,4,7,97,31,169,34609,0,1,7,-33.896913,151.203662,69,0,2,1,0,0,0,0,2,0,7,50,0,2852,2852,4,5,22,2,0,0,1,1
1243111,2,2020,2020,11,5,3,92,27,129,244,0,1,9,-33.89794,151.097753,9,0,2,1,1,0,0,0,2,0,7,60,2,1282,1282,1,5,5,3,0,0,1,0
1243112,1,2020,2020,11,5,7,62,27,21,166,0,1,9,-33.229228,151.423171,16,2,2,1,1,0,0,0,2,2,7,60,2,5929,5929,1,21,36,2,0,0,0,1
1243113,1,2020,2020,1,3,5,3371,17,207,3342,0,1,1,-33.560803,151.189247,31,0,2,0,0,0,0,0,2,0,7,80,2,3775,3775,0,16,19,2,0,0,0,1
1243114,4,2020,2020,1,1,4,55,1,167,34609,0,1,10,-33.83997,151.068527,54,0,2,1,0,0,0,0,2,0,15,60,0,775,775,4,5,27,2,0,1,0,0
1243115,4,2020,2020,11,1,2,5,27,29,6,0,1,1,-30.786006,149.955123,51,1,0,0,0,0,0,0,0,0,7,100,1,1259,5151,8,10,40,1,0,1,0,0