Crash ID,Degree of crash - detailed,Reporting year,Year of crash,Month of crash,Day of week of crash,Two-hour intervals,Street of crash,Street type,Town,Route no.,School zone location,School zone active,Type of location,Latitude,Longitude,LGA,Urbanisation,Conurbation 1,Alignment,Street lighting,Road surface,Surface condition,Weather,Natural lighting,Signals operation,Other traffic control,Speed limit,Road classification,RUM - code,DCA - code,First impact type,Key TU type,Other TU type,No. of traffic units involved,No. killed,No. seriously injured,No. moderately injured,No. minor-other injured
1243120,2,2020,2020,0,0,6,3371,17,43,3342,0,1,10,-33.213716,151.512191,16,2,2,1,1,0,0,0,2,2,7,70,2,3775,3775,0,5,5,2,0,0,2,0
1243121,1,2020,2020,11,0,9,3,31,532,34609,0,1,9,-33.864695,151.208786,69,0,2,1,2,0,3,4,0,0,0,40,0,1220,1220,9,0,28,2,0,0,0,1
1243123,1,2020,2020,11,2,6,2126,17,75,2149,0,1,2,-33.72608,150.386116,8,2,2,1,3,0,0,0,2,0,7,80,2,1383,1383,1,34,5,2,0,0,0,1
1243128,2,2020,2020,1,3,3,2,23,247,34609,0,1,1,-33.826074,150.961393,21,0,2,1,2,0,0,0,1,0,7,50,0,4026,4026,1,30,5,2,0,0,1,0
1243129,1,2020,2020,11,1,10,387,36,86,69,0,1,10,-33.73272,151.221332,50,0,2,1,2,0,0,0,0,2,7,70,2,6545,6545,4,5,5,3,0,0,0,1
1243131,2,2020,2020,1,2,4,79,27,8,159,0,1,1,-33.923788,151.107837,15,0,2,1,0,0,0,0,2,0,7,60,2,9859,9859,8,5,40,1,0,0,2,0
1243132,1,2020,2020,11,2,8,6,27,6,34609,0,1,1,-33.429846,150.816553,29,2,2,0,0,0,0,0,3,0,7,70,0,368,368,9,5,28,2,0,0,0,1
1243133,4,2020,2020,1,1,9,61,27,32,70,0,1,7,-33.682558,150.988561,71,0,2,1,1,0,3,4,0,0,0,70,1,4026,4026,8,5,40,1,0,1,0,0
1243136,4,2020,2020,11,4,4,27,31,82,34609,0,1,7,-31.078,150.927498,70,2,1,1,0,0,0,0,2,0,7,50,0,6545,6545,4,5,36,2,0,1,0,0
1243138,2,2020,2020,11,6,5,56,27,6,44,0,1,2,-33.916031,151.055815,15,0,2,1,0,0,0,0,2,0,7,60,1,941,941,1,5,5,3,0,0,1,0
1243140,1,2020,2020,11,2,5,39,31,460,34609,0,1,1,-33.840667,151.003539,21,0,2,1,3,0,0,0,2,0,7,50,0,1391,1391,1,5,0,2,0,0,0,1
1243143,1,2020,2020,11,2,7,330,27,65,605,1,0,2,-33.700558,151.299468,50,0,2,1,3,0,0,0,2,2,9,70,2,14295,14295,3,0,36,2,0,0,0,1
1243146,1,2020,2020,11,6,7,2126,17,40,2149,1,2,9,-33.692026,150.545767,8,2,2,0,3,0,3,4,2,2,9,40,2,14295,14295,3,8,5,2,0,0,0,2
1243147,1,2020,2020,11,6,9,149,10,346,702,0,1,2,-33.87622,151.067394,67,0,2,1,3,0,0,0,3,0,7,80,2,14295,14295,3,9,5,2,0,0,0,5
1243148,1,2020,2020,5,6,4,98,27,294,799,0,1,2,-33.928918,150.933139,41,0,2,1,3,0,0,0,2,0,7,60,2,1391,1391,1,5,35,2,0,0,0,1
1243149,1,2020,2020,11,6,6,60,10,121,84,0,1,10,-28.202778,153.544182,72,2,1,1,3,0,0,0,2,2,7,60,1,1391,1391,1,5,5,2,0,0,0,1
1243150,1,2020,2020,11,3,5,89,31,316,34609,0,1,10,-31.429177,152.908097,56,2,1,1,3,0,0,3,2,0,7,50,0,14295,14295,3,10,5,2,0,0,0,2
1243152,2,2020,2020,11,3,1,13,27,80,61,0,1,1,-33.825158,151.174086,38,0,2,1,3,0,0,0,0,0,7,50,1,1109,787,1,5,5,2,0,0,1,0
1243153,2,2020,2020,10,4,8,12,27,41,24,0,1,1,-32.818082,151.697503,57,2,1,1,3,0,0,0,2,0,7,60,2,14295,14295,3,5,5,4,0,0,1,0
1243157,1,2020,2020,1,0,9,85,10,38,702,0,1,2,-33.837918,151.083678,14,0,2,0,3,0,0,0,0,0,7,70,2,14295,14295,3,5,5,2,0,0,0,2
1243158,1,2020,2020,11,1,7,22,31,309,702,0,1,6,-33.814413,151.103579,61,0,2,0,3,0,0,0,2,0,7,60,2,1391,1391,1,5,36,2,0,0,0,1
1243160,1,2020,2020,11,3,6,145,27,115,80,0,1,10,-33.879072,151.188272,69,0,2,1,0,0,0,0,2,0,7,40,2,5929,5929,1,5,27,2,0,0,0,1
1243161,4,2020,2020,1,0,4,22,31,82,34609,0,1,10,-33.823829,151.200459,49,0,2,1,1,0,0,0,2,0,7,50,0,2040,2040,9,5,28,2,0,1,0,0
1243162,1,2020,2020,11,3,5,24,27,65,78,0,1,1,-33.567141,150.129648,40,2,1,0,0,0,0,0,2,0,7,80,2,4552,5151,8,16,40,1,0,0,0,1
1243163,2,2020,2020,11,2,7,829,27,125,770,1,0,9,-33.832865,151.126998,51,0,2,1,1,0,0,0,2,2,7,60,2,5929,5929,1,5,19,2,0,0,1,0
1243165,4,2020,2020,1,2,10,98,27,169,382,0,1,10,-33.603877,150.757259,29,2,2,0,2,0,0,0,0,3,7,60,2,1192,1192,1,30,5,5,0,2,0,0
1243170,2,2020,2020,11,1,6,1052,14,60,928,0,1,3,-33.433193,151.25571,16,1,2,1,3,0,0,0,2,0,7,110,2,1945,1945,5,0,40,1,0,0,1,0
1243172,1,2020,2020,11,1,4,149,10,346,702,0,1,2,-33.881077,151.06903,67,0,2,1,3,0,0,0,2,0,7,70,2,14295,14295,3,10,5,2,0,0,0,1
1243174,2,2020,2020,11,0,7,334,17,11,308,0,1,9,-31.464041,152.782682,56,1,0,0,3,0,0,0,2,0,0,90,2,2852,2852,4,5,0,2,0,0,1,0
1243176,4,2020,2020,8,0,9,19,31,224,34609,0,1,1,-33.835101,151.238502,45,0,2,1,0,0,0,6,0,0,7,50,0,387,387,1,22,0,2,0,1,0,0
1243177,2,2020,2020,11,3,8,4,1,16,34609,0,1,9,-34.56659,150.842854,62,0,2,1,1,0,0,0,2,2,7,60,0,5929,5929,1,30,5,2,0,0,1,1
1243181,4,2020,2020,11,4,4,7,27,26,139,0,1,1,-33.386491,145.240109,51,1,0,1,0,2,0,0,2,0,7,100,1,1945,1945,5,16,40,1,0,1,0,0
1243183,4,2020,2020,1,1,9,126,27,370,168,0,1,2,-34.06522,150.793886,13,0,2,1,2,0,0,0,0,2,9,80,2,5929,5929,1,10,5,2,0,1,1,0
1243184,2,2020,2020,5,4,10,6,31,10,34609,0,1,9,-34.65397,150.854131,35,2,1,0,0,0,3,4,0,0,11,60,0,4552,985,8,5,40,1,0,0,1,0
1243185,4,2020,2020,1,0,4,8,18,278,34609,0,1,1,-33.786863,151.061484,54,0,2,1,0,0,0,0,2,0,7,50,0,941,941,1,5,0,2,0,1,0,0
1243188,4,2020,2020,6,4,3,9,27,4,34609,0,1,1,-35.091472,147.436518,75,1,0,0,0,0,0,1,1,0,7,100,0,1259,5151,8,10,40,1,0,1,0,0
1243189,4,2020,2020,5,6,4,45,27,80,44,0,1,1,-33.817255,151.151484,38,0,2,1,1,0,0,0,2,0,7,60,2,1981,1981,4,30,20,2,0,1,0,0
1243190,1,2020,2020,1,6,9,5,27,82,34609,0,1,10,-34.369303,150.891027,80,0,2,1,1,0,0,0,3,0,15,50,0,6545,6545,4,5,5,2,0,0,0,1
1243196,4,2020,2020,11,3,6,59,27,38,53,0,1,1,-34.149781,150.722644,79,2,2,0,0,0,0,3,2,0,7,80,1,3775,3775,0,16,13,2,0,1,0,0
1243198,4,2020,2020,11,3,3,4,10,88,34609,0,1,1,-33.742112,150.849687,7,0,2,0,1,0,0,0,2,0,7,50,0,4552,5151,1,0,0,2,0,1,0,0
1243201,2,2020,2020,10,4,3,515,14,243,518,0,1,3,-33.948341,150.891042,41,0,2,1,3,0,3,4,1,0,7,100,2,4026,4026,8,0,40,1,0,0,1,0
1243202,1,2020,2020,11,2,7,6,31,460,34609,0,1,1,-33.832438,150.990341,21,0,2,1,3,0,0,0,2,0,7,50,0,1669,1669,3,5,5,2,0,0,0,1
1243206,1,2020,2020,11,6,8,5,27,112,34609,0,1,7,-33.668545,151.017441,71,0,2,0,3,0,0,0,3,0,7,60,0,1850,777,5,16,40,1,0,0,0,1
1243208,2,2020,2020,5,3,2,346,17,13,332,0,1,1,-28.901916,152.738976,51,1,0,0,0,0,0,0,0,0,7,100,2,4552,5151,8,10,40,1,0,0,1,0
1243211,1,2020,2020,11,4,6,293,31,523,34609,0,1,10,-33.924896,150.923203,41,0,2,0,1,0,0,0,2,2,9,50,0,2040,2040,9,33,28,2,0,0,0,1
1243213,1,2020,2020,11,6,4,3,27,36,34609,1,2,1,-34.056099,150.721417,12,0,2,1,3,0,0,0,2,0,9,40,0,214,214,9,0,28,2,0,0,0,1
1243215,2,2020,2020,1,6,4,916,17,102,917,0,1,7,-31.120007,150.923786,70,2,1,1,1,0,0,0,2,0,0,60,2,14295,14295,3,5,5,2,0,0,1,0
1243216,2,2020,2020,11,6,7,18,31,201,34609,0,1,9,-34.875244,150.602907,63,2,1,1,3,0,0,3,2,0,7,50,0,14295,14295,3,5,13,2,0,0,1,0
1243220,2,2020,2020,11,1,8,133,31,646,118,0,1,9,-33.917332,151.031237,15,0,2,1,3,0,0,0,2,2,7,50,1,1391,1391,1,5,5,2,0,0,2,0
1243222,4,2020,2020,1,4,6,59,27,271,42,1,0,9,-33.962875,151.015915,15,0,2,1,3,0,0,0,2,0,15,60,1,2852,2852,4,5,5,2,0,1,0,0
1243225,1,2020,2020,11,4,3,48,31,104,605,0,1,2,-33.829846,151.215003,49,0,2,1,3,0,0,0,2,0,7,60,2,1282,1282,1,0,5,2,0,0,0,1
1243226,1,2020,2020,11,5,7,7,31,90,34609,0,1,1,-33.713791,150.31165,8,2,2,1,3,0,0,0,2,0,7,50,0,248,248,1,0,0,2,0,0,0,1
1243231,2,2020,2020,11,4,6,12,24,55,34609,0,1,7,-35.381814,149.198707,58,2,1,0,3,0,0,0,2,0,0,50,0,1391,1391,1,0,5,2,0,0,1,0
1243232,1,2020,2020,11,1,6,7,27,16,62,1,0,9,-36.421391,150.064626,5,2,1,1,3,0,0,0,2,0,7,50,1,6545,6545,4,5,19,2,0,0,0,1
1243234,2,2020,2020,11,2,7,12,27,58,34609,0,1,9,-32.985573,151.670627,37,0,2,1,3,0,0,0,2,0,15,60,0,926,926,4,34,0,2,0,0,1,0
1243235,2,2020,2020,11,6,3,59,27,271,42,0,1,10,-33.955406,151.016907,15,0,2,1,3,0,0,0,2,2,7,60,1,6545,6545,4,30,5,3,0,0,1,0
1243236,1,2020,2020,6,2,10,161,17,18,161,0,1,1,-35.254964,147.928013,66,1,0,0,3,0,3,3,0,0,7,100,2,1089,1089,7,0,40,1,0,0,0,1
1243237,1,2020,2020,11,5,4,1,27,134,34609,0,1,9,-33.989578,150.798584,12,0,2,1,3,0,0,0,2,0,7,50,0,926,926,4,0,0,2,0,0,0,1
1243240,4,2020,2020,11,5,11,2,31,176,34609,0,1,1,-33.951333,151.145308,4,0,2,1,3,0,0,0,0,0,7,50,0,1945,1945,5,16,40,1,0,1,0,0
1243242,4,2020,2020,11,2,10,296,27,290,293,1,0,9,-33.849144,150.99698,21,0,2,1,2,0,0,0,0,2,8,70,2,14295,14295,3,9,5,2,0,1,0,0
1243243,1,2020,2020,11,2,10,293,31,523,34609,0,1,9,-33.926841,150.920283,41,0,2,1,2,0,0,0,0,0,7,50,0,1220,1220,9,5,28,2,0,0,0,1
1243246,2,2020,2020,6,5,4,485,27,52,769,0,1,9,-33.696961,150.927445,7,0,2,1,1,0,0,0,2,2,7,80,2,1282,1282,1,0,10,3,0,0,1,0
1243248,2,2020,2020,10,1,8,230,27,173,284,0,1,10,-33.79122,151.130554,61,0,2,1,3,0,0,0,2,2,7,70,2,14295,14295,3,5,5,2,0,0,1,0
1243253,1,2020,2020,11,6,4,106,27,523,106,0,1,9,-33.927158,150.905655,41,0,2,1,1,0,0,0,2,0,0,70,2,591,591,1,22,5,2,0,0,0,1
1243254,1,2020,2020,1,6,8,512,17,433,441,0,1,10,-33.281989,149.088896,52,2,1,1,1,0,0,0,3,0,0,50,2,5929,5929,1,30,10,2,0,0,0,1
1243255,2,2020,2020,11,5,3,2126,17,26,2149,0,1,2,-33.702355,150.57605,8,2,2,0,1,0,3,0,2,0,7,80,2,1957,4009,8,5,40,1,0,0,1,0
1243257,1,2020,2020,11,4,7,36,27,438,25,0,1,1,-33.855005,151.02017,21,0,2,1,1,0,0,0,2,0,7,50,1,9859,9859,1,0,5,2,0,0,0,1
1243258,1,2020,2020,11,3,4,5,10,18,34609,0,1,10,-32.697221,151.541683,42,2,1,1,0,0,0,0,2,0,0,50,0,6545,6545,4,5,19,2,0,0,0,1
1243261,2,2020,2020,11,6,6,72,27,49,39,0,1,6,-34.740042,149.774586,26,1,0,1,0,0,0,0,2,0,7,110,2,945,945,5,10,40,1,0,0,1,0
1243263,2,2020,2020,1,4,8,125,27,290,103,0,1,1,-33.861809,150.997836,21,0,2,1,1,0,3,0,2,0,7,60,1,623,623,3,5,5,6,0,0,1,0
1243270,2,2020,2020,1,6,4,2126,17,171,2149,0,1,10,-33.815483,150.969528,21,0,2,1,0,0,0,0,2,2,9,80,2,2040,2040,9,5,28,2,0,0,1,0
1243272,2,2020,2020,11,5,8,35,1,43,52,0,1,1,-33.719123,150.776678,7,0,2,1,0,0,0,0,2,0,7,80,1,1669,1669,3,5,5,2,0,0,1,0
1243279,1,2020,2020,11,5,6,6,1,443,702,0,1,9,-33.915768,151.062943,15,0,2,0,1,0,0,0,2,2,7,60,2,5929,5929,1,5,5,2,0,0,0,1
1243280,1,2020,2020,11,5,5,12,27,4,11,0,1,1,-32.76623,152.113885,57,2,1,1,0,0,0,0,2,0,7,70,0,340,340,9,5,28,2,0,0,0,2
1243284,1,2020,2020,11,6,4,7,27,219,34609,0,1,1,-32.914166,151.672746,48,0,2,0,1,0,0,0,2,0,7,50,0,2040,2040,9,5,28,2,0,0,0,1
1243285,1,2020,2020,11,4,8,53,27,134,51,0,1,9,-33.510822,151.318527,16,2,2,1,1,0,0,0,2,0,0,60,1,5929,5929,1,5,27,2,0,0,0,1
1243287,1,2020,2020,11,4,3,73,24,17,88,0,1,1,-33.739026,151.244662,50,0,2,1,0,0,0,0,2,0,7,80,2,14295,14295,3,5,5,3,0,0,0,1
1243288,1,2020,2020,11,5,3,4,27,34,34609,0,1,9,-33.858085,151.202767,69,0,2,0,0,0,0,0,1,0,0,40,0,2852,2852,4,0,27,2,0,0,0,1
1243292,4,2020,2020,11,2,5,3,27,2,34609,0,1,1,-35.298809,147.937674,66,1,0,0,3,2,3,3,2,0,7,100,0,404,404,8,5,40,1,0,1,0,0
1243294,2,2020,2020,11,4,6,59,27,252,41,0,1,10,-33.938472,150.868113,41,0,2,1,3,0,0,0,2,2,7,60,1,5929,5929,1,9,5,2,0,0,2,0
1243296,1,2020,2020,11,4,8,2126,17,139,2149,0,1,2,-33.881072,151.132531,32,0,2,1,3,0,0,0,2,0,7,60,2,1391,1391,1,5,5,2,0,0,0,1
1243300,1,2020,2020,11,3,6,35,27,155,231,0,1,1,-33.496596,151.328918,16,2,2,1,3,0,0,0,2,0,7,60,2,14295,14295,3,5,5,3,0,0,0,2
1243301,1,2020,2020,1,5,10,14,31,80,19,0,1,10,-33.882776,151.174608,32,0,2,1,3,0,3,4,0,0,9,50,1,14295,14295,3,5,5,2,0,0,0,1
1243302,2,2020,2020,11,5,9,104,27,150,140,0,1,9,-33.924996,151.218665,59,0,2,1,3,0,0,0,0,2,7,60,2,941,941,1,0,5,2,0,0,1,0
1243303,1,2020,2020,11,0,6,3,27,16,34609,0,1,1,-34.028521,151.039542,68,0,2,1,3,0,3,4,2,0,7,50,0,1109,397,1,5,12,2,0,0,0,1
1243304,1,2020,2020,11,6,9,515,14,252,518,0,1,3,-33.950328,150.882867,41,0,2,1,3,0,0,0,3,0,7,100,2,14295,14295,3,5,5,2,0,0,0,1
1243306,2,2020,2020,1,2,5,43,2,40,42,0,1,10,-33.734798,150.962687,71,0,2,1,3,0,0,0,2,2,7,70,2,14295,14295,3,10,5,2,0,0,1,0
1243311,2,2020,2020,10,4,1,6,31,90,34609,0,1,1,-32.920556,151.745608,48,0,2,1,3,0,0,0,0,0,7,50,0,1282,1282,1,5,5,2,0,0,1,0
1243312,1,2020,2020,11,4,4,48,31,119,34609,0,1,1,-32.767922,151.746608,57,2,1,1,3,0,0,0,2,0,7,50,0,238,238,9,0,28,2,0,0,0,1
1243314,1,2020,2020,11,6,5,205,27,147,415,0,1,9,-33.744603,151.150159,36,0,2,1,3,0,0,0,2,0,2,70,2,1391,1391,1,5,12,3,0,0,0,1
1243317,1,2020,2020,11,2,5,92,27,129,244,0,1,10,-33.894682,151.111097,15,0,2,1,3,0,0,0,2,1,15,60,2,14295,14295,3,10,0,3,0,0,0,1
1243318,2,2020,2020,1,5,6,6,27,148,34609,0,1,1,-36.048373,146.936592,0,2,1,1,3,0,0,0,2,0,7,40,0,1669,1669,3,19,5,2,0,0,1,0
1243321,1,2020,2020,5,1,4,3371,17,90,3342,0,1,2,-28.245739,153.547236,72,1,0,0,3,0,0,0,2,0,7,110,2,1282,1282,1,33,5,2,0,0,0,1
1243322,2,2020,2020,11,2,5,92,27,129,244,0,1,9,-33.89437,151.112385,32,0,2,1,3,0,0,0,2,0,7,60,2,2852,2852,4,5,0,2,0,0,1,0
1243323,4,2020,2020,10,1,11,334,17,37,308,0,1,1,-31.065278,151.765848,51,1,0,1,3,0,0,0,0,0,7,110,2,9859,9859,8,5,40,1,0,1,0,0
1243326,1,2020,2020,11,6,5,296,27,283,293,0,1,9,-33.830528,151.003852,21,0,2,1,3,0,0,0,2,0,7,60,2,2852,2852,4,5,0,2,0,0,0,1
1243328,4,2020,2020,10,5,4,133,17,22,121,0,1,1,-36.848868,149.276822,65,1,0,0,3,0,3,4,2,0,7,100,2,782,957,5,10,40,1,0,1,0,0
1243329,1,2020,2020,11,0,6,16,27,90,34609,0,1,1,-33.889398,151.250184,81,0,2,1,3,0,0,3,2,0,7,50,0,1391,1391,1,5,19,2,0,0,0,1
1243330,2,2020,2020,11,3,9,7,31,67,34609,0,1,9,-33.889397,151.015289,15,0,2,1,3,0,0,0,2,0,7,50,0,4026,4026,8,5,40,1,0,0,1,0
1243333,1,2020,2020,11,1,3,63,27,224,605,0,1,2,-33.819836,151.243852,45,0,2,1,3,0,0,3,2,0,7,60,2,14295,14295,3,0,0,3,0,0,0,1
1243334,2,2020,2020,1,4,3,154,27,55,244,0,1,10,-33.902142,151.083601,67,0,2,1,3,0,0,0,2,3,7,60,2,1109,787,1,5,18,2,0,0,1,0
1243335,2,2020,2020,11,5,4,515,14,294,518,0,1,3,-33.947261,150.962786,41,0,2,1,3,0,0,0,2,0,7,100,2,9859,9859,8,5,40,2,0,0,1,0
1243336,1,2020,2020,11,5,8,115,27,138,114,0,1,9,-33.883037,151.269276,76,0,2,1,3,0,0,0,2,0,7,50,2,2852,2852,4,30,5,2,0,0,0,1
1243338,2,2020,2020,10,3,10,1052,14,54,928,0,1,3,-33.458114,151.20276,16,1,2,0,3,0,0,0,0,0,7,110,2,14295,14295,3,5,5,4,0,0,1,1
1243342,1,2020,2020,11,1,4,137,31,53,34609,0,1,9,-32.926245,151.761606,48,0,2,1,3,0,0,0,2,0,7,60,0,2040,2040,9,5,28,2,0,0,0,1
1243343,2,2020,2020,10,2,4,178,1,226,165,1,0,7,-33.763228,150.813874,7,0,2,1,3,0,0,0,2,0,0,60,1,2040,2040,9,5,28,2,0,0,1,0
1243346,2,2020,2020,11,5,5,344,27,42,163,0,1,9,-33.74017,150.862502,7,0,2,1,3,0,0,0,2,2,7,70,2,5929,5929,1,5,5,2,0,0,1,0
1243349,2,2020,2020,10,1,8,387,27,115,331,0,1,2,-33.961088,151.058508,25,0,2,0,3,0,0,0,3,0,7,60,2,1282,1282,1,5,27,2,0,0,1,0
1243350,2,2020,2020,1,3,0,22,31,38,2149,0,1,9,-33.776209,150.800869,55,0,2,1,2,0,0,0,0,0,7,50,2,4552,985,8,5,40,1,0,0,1,0
1243351,1,2020,2020,11,4,11,102,31,107,53,0,1,0,-33.878891,151.195626,69,0,2,1,2,0,0,0,0,0,7,50,2,190,190,1,5,41,2,0,0,0,1
1243352,2,2020,2020,5,2,9,1,27,3,34609,0,1,1,-33.193352,151.273774,16,2,2,0,0,2,3,4,0,0,7,10,0,237,162,8,0,40,1,0,0,1,0
1243354,4,2020,2020,1,3,6,112,17,6,112,0,1,1,-31.578824,145.084443,51,1,0,1,0,0,0,3,2,0,7,110,2,4026,4026,8,34,40,1,0,1,0,0
1243356,1,2020,2020,11,2,7,60,10,121,84,0,1,2,-28.198349,153.543765,72,2,1,1,1,0,0,0,2,0,7,60,1,14295,14295,3,10,5,2,0,0,0,1
1243358,1,2020,2020,10,2,6,485,27,232,769,0,1,10,-33.693599,150.925067,71,0,2,1,3,0,0,0,2,2,7,80,2,14295,14295,3,0,36,2,0,0,0,1
1243359,2,2020,2020,1,1,9,18,27,7,41,0,1,1,-33.338387,148.921607,11,1,0,1,0,0,0,0,0,0,7,90,1,4026,4026,1,30,13,3,0,0,1,0
1243362,2,2020,2020,1,3,10,22,27,7,34609,0,1,1,-32.626263,149.701251,44,1,0,0,0,0,0,0,0,0,7,100,0,1089,1089,7,16,40,1,0,0,1,0
1243363,4,2020,2020,5,0,6,13,27,3,18,0,1,1,-32.012366,150.75267,73,1,0,1,0,0,0,0,2,0,7,100,1,57,57,1,9,0,2,0,1,0,0
1243364,2,2020,2020,11,2,0,9,27,4,34609,0,1,1,-33.357387,149.672081,3,1,0,1,0,0,3,1,0,0,7,100,0,4026,4026,8,5,40,1,0,0,1,0
1243365,2,2020,2020,5,1,11,2209,17,106,2205,0,1,2,-34.569971,150.811683,62,0,2,1,2,0,0,0,0,0,7,70,2,4026,4026,1,5,5,3,0,0,1,0
1243368,1,2020,2020,1,1,6,10,23,67,34609,0,1,1,-33.700086,150.906795,7,0,2,0,1,0,0,0,2,0,7,50,0,1259,5151,8,5,40,1,0,0,0,1
1243371,4,2020,2020,1,1,9,8,27,77,44,0,1,1,-33.721465,151.083813,31,0,2,1,2,0,0,0,0,0,7,60,1,1669,1669,3,10,19,2,0,1,0,0
1243373,1,2020,2020,11,6,7,11,27,105,34609,0,1,9,-32.716661,151.536576,42,2,1,1,1,0,0,0,2,0,0,60,0,1981,1981,4,5,0,2,0,0,0,1
1243375,4,2020,2020,1,6,7,2209,17,130,2205,0,1,1,-34.467185,150.830524,80,0,2,1,1,0,0,0,2,0,7,70,1,14295,14295,3,0,5,3,0,1,2,0
1243378,4,2020,2020,1,3,6,11,27,5,34609,0,1,1,-31.894129,151.557782,43,2,1,0,0,2,0,0,2,0,7,80,0,1850,1463,5,16,40,1,0,1,0,0
1243379,4,2020,2020,5,4,8,916,17,32,917,0,1,1,-30.250366,151.673655,1,1,0,1,0,0,0,0,2,0,7,100,2,312,312,2,5,40,1,0,1,0,0
1243383,4,2020,2020,5,3,7,125,27,32,144,0,1,2,-32.769171,152.05055,57,2,1,1,2,0,0,0,2,0,2,80,2,1981,1981,4,0,5,2,0,2,0,0
1243384,4,2020,2020,1,5,7,2,31,174,34609,1,2,9,-33.874065,150.927063,24,0,2,1,1,0,0,0,2,0,7,40,0,5929,5929,1,0,19,2,0,1,0,0
1243386,2,2020,2020,1,0,7,2126,17,75,2149,0,1,2,-33.710978,150.367095,8,2,2,0,1,0,0,0,2,0,7,60,2,2585,4009,8,10,40,1,0,0,1,0
1243387,2,2020,2020,5,5,0,35,27,91,96,0,1,1,-32.966598,151.653007,37,0,2,1,2,0,0,0,0,0,7,60,2,9859,9859,8,5,40,1,0,0,2,0
1243389,1,2020,2020,11,4,7,128,27,26,133,0,1,1,-33.773549,150.669184,55,0,2,0,1,0,0,0,2,0,7,60,2,14295,14295,3,5,25,2,0,0,0,1
1243392,2,2020,2020,5,2,6,1,27,17,34609,0,1,1,-32.071722,152.26314,43,2,1,0,0,0,0,3,2,0,7,80,0,4552,5151,8,0,40,1,0,0,1,0
1243393,2,2020,2020,5,0,11,2209,17,106,2205,0,1,2,-34.563536,150.798187,62,0,2,1,2,0,0,0,0,0,7,60,2,9859,9859,8,5,40,1,0,0,1,0
1243394,4,2020,2020,11,6,11,110,31,433,34609,0,1,1,-33.259982,149.09723,52,2,1,1,0,0,0,0,0,0,7,50,0,9859,9859,8,5,40,1,0,1,0,0
1243395,2,2020,2020,5,3,9,8,10,12,34609,0,1,1,-34.4868,150.769365,80,0,2,1,1,0,0,0,0,0,7,50,0,9859,9859,8,5,40,1,0,0,1,0
1243396,4,2020,2020,5,0,10,40,27,30,74,0,1,1,-33.854904,151.136755,14,0,2,1,2,0,3,4,0,0,7,50,1,4026,4026,1,5,12,2,0,1,0,0
1243398,2,2020,2020,1,5,9,18,27,316,16,0,1,1,-33.919498,151.247714,59,0,2,1,2,0,0,0,0,0,7,50,1,186,186,1,5,18,2,0,0,1,0
1243399,2,2020,2020,1,6,5,70,27,26,100,0,1,1,-33.682054,150.599293,8,2,2,1,1,0,0,0,2,0,7,60,2,623,623,3,5,12,3,0,0,1,0
1243400,4,2020,2020,1,4,6,2209,17,106,2205,0,1,1,-34.564978,150.799497,62,0,2,1,1,0,0,0,2,0,7,60,2,3775,3775,0,30,12,2,0,2,1,1
1243402,2,2020,2020,1,4,3,1,27,21,34609,0,1,1,-33.046013,151.58792,37,0,2,0,0,0,3,0,2,0,7,50,0,2585,4009,8,5,40,1,0,0,2,0
1243405,1,2020,2020,11,6,9,3371,17,23,3342,0,1,10,-32.065368,152.439434,43,1,0,0,0,0,3,4,0,0,7,100,2,782,957,5,9,40,1,0,0,0,1
1243406,4,2020,2020,1,0,7,126,1,140,2149,0,1,10,-33.77943,150.814333,7,0,2,1,1,0,0,0,2,2,7,80,2,1383,1383,1,10,5,4,0,1,1,0
1243409,1,2020,2020,11,6,8,29,27,85,27,0,1,1,-34.570408,150.778855,62,0,2,1,1,0,0,0,3,0,7,50,2,5929,5929,1,10,27,2,0,0,0,1
1243410,4,2020,2020,11,3,1,5,27,13,34609,0,1,1,-30.99497,151.014554,70,2,1,0,0,0,0,0,0,0,7,80,0,4552,5151,8,30,40,1,0,1,0,0
1243412,4,2020,2020,11,0,9,125,27,32,144,0,1,1,-32.763688,152.085919,57,1,0,0,0,0,0,0,3,0,7,90,2,14295,14295,3,0,0,2,0,1,0,1
1243414,2,2020,2020,6,2,8,154,27,293,244,0,1,9,-33.927266,151.050321,15,0,2,1,2,0,0,0,0,0,0,60,2,1220,1220,9,5,28,2,0,0,1,0
1243415,2,2020,2020,1,2,9,12,27,69,23,0,1,9,-28.556846,153.513229,10,2,1,1,0,0,0,0,0,0,7,60,1,312,312,2,10,40,1,0,0,1,0
1243425,2,2020,2020,10,6,3,3,27,11,34609,0,1,1,-33.135655,149.127405,11,1,0,1,0,0,0,0,1,0,7,100,0,4026,4026,8,10,40,1,0,0,1,0
1243426,1,2020,2020,11,3,8,3,31,438,34609,0,1,1,-33.852866,151.027588,21,0,2,1,1,0,0,0,2,0,7,50,0,941,941,1,5,13,2,0,0,0,1
1243427,2,2020,2020,11,4,7,1104,14,247,962,0,1,3,-33.807086,150.931305,21,0,2,0,0,0,0,0,2,0,7,100,2,14295,14295,3,10,13,4,0,0,1,1
1243428,2,2020,2020,10,2,9,2,27,123,34609,0,1,9,-33.818576,148.612465,51,2,1,0,0,2,0,0,3,0,7,50,0,2585,777,8,10,40,1,0,0,1,0