Crash ID,Degree of crash - detailed,Reporting year,Year of crash,Month of crash,Day of week of crash,Two-hour intervals,Street of crash,Street type,Town,Route no.,School zone location,School zone active,Type of location,Latitude,Longitude,LGA,Urbanisation,Conurbation 1,Alignment,Street lighting,Road surface,Surface condition,Weather,Natural lighting,Signals operation,Other traffic control,Speed limit,Road classification,RUM - code,DCA - code,First impact type,Key TU type,Other TU type,No. of traffic units involved,No. killed,No. seriously injured,No. moderately injured,No. minor-other injured
1243432,2,2020,2020,6,2,7,24,27,8,31,0,1,1,-28.71324,153.056537,51,1,0,0,0,2,0,0,2,0,7,100,1,4552,5151,8,5,40,1,0,0,1,0
1243434,2,2020,2020,11,3,8,74,27,66,59,0,1,2,-34.478269,150.895441,80,0,2,1,1,0,0,0,2,0,7,80,2,14295,14295,3,5,13,3,0,0,1,1
1243436,1,2020,2020,11,2,5,25,27,202,18,0,1,1,-33.961147,151.027945,15,0,2,1,0,0,0,0,2,0,7,60,1,238,238,9,9,28,2,0,0,0,1
1243442,2,2020,2020,11,4,3,32,31,111,91,0,1,10,-33.918107,151.257355,59,0,2,1,1,0,0,0,2,0,15,50,1,6545,6545,4,5,5,3,0,0,1,0
1243444,2,2020,2020,10,4,8,42,31,106,34609,0,1,1,-28.864499,153.045116,60,2,1,1,1,0,0,0,2,0,7,50,0,941,941,1,5,19,2,0,0,1,0
1243445,2,2020,2020,11,2,5,13,27,193,34609,0,1,9,-33.785699,151.07477,54,0,2,1,0,0,0,3,2,0,7,50,0,1220,1220,9,0,28,2,0,0,1,0
1243447,1,2020,2020,11,4,5,21,27,19,22,0,1,1,-32.735616,152.003861,57,2,1,1,0,0,0,0,2,0,7,60,1,941,941,1,10,5,2,0,0,0,2
1243450,4,2020,2020,10,0,8,103,27,5,98,0,1,1,-32.917616,150.7303,64,2,1,0,0,0,0,0,2,0,7,80,2,782,957,5,16,40,1,0,1,0,0
1243454,2,2020,2020,11,3,7,348,17,4,232,0,1,1,-33.30895,150.03306,40,1,0,1,0,0,0,0,2,0,7,100,2,3775,3775,0,0,0,3,0,0,2,1
1243455,4,2020,2020,1,3,6,63,36,30,16,0,1,7,-32.611669,152.089574,43,2,1,1,1,0,0,0,2,0,0,60,1,14295,14295,3,16,19,2,0,1,0,0
1243463,1,2020,2020,11,6,4,71,31,283,125,0,1,10,-33.836607,151.01483,21,0,2,1,0,0,0,0,2,2,7,60,1,6545,6545,4,0,5,2,0,0,0,1
1243464,2,2020,2020,6,4,5,103,36,8,157,0,1,1,-28.746622,152.979921,60,1,0,0,0,0,0,0,2,0,7,100,2,4552,5151,8,5,40,1,0,0,1,0
1243465,2,2020,2020,11,5,10,194,31,562,34609,0,1,9,-32.246894,148.601361,22,2,1,1,2,0,0,0,0,0,0,50,0,186,186,9,10,28,2,0,0,1,0
1243467,2,2020,2020,10,5,4,222,27,14,40,0,1,9,-33.611809,150.904352,71,0,2,1,0,0,0,0,2,0,0,80,1,323,323,1,5,0,2,0,0,1,0
1243468,4,2020,2020,11,0,7,3,10,108,147,0,1,1,-28.849417,153.570844,2,2,1,1,1,0,0,0,2,0,7,80,1,3775,3775,0,30,0,2,0,1,2,0
1243469,1,2020,2020,11,5,5,24,31,1,34609,0,1,9,-33.498417,150.132507,40,2,1,0,1,0,0,0,2,0,7,50,0,926,926,4,5,5,2,0,0,0,1
1243470,2,2020,2020,11,6,8,63,31,273,34609,0,1,9,-34.425535,150.897419,80,0,2,1,1,0,0,0,2,2,7,50,0,5929,5929,1,5,13,2,0,0,1,0
1243472,2,2020,2020,1,3,9,9,10,35,34609,0,1,9,-34.20435,150.717667,79,2,2,1,0,0,3,4,0,0,7,80,0,9859,9859,8,5,40,1,0,0,1,0
1243474,4,2020,2020,11,0,11,32,27,29,28,0,1,1,-33.929687,150.781357,41,0,2,0,2,0,3,4,0,0,7,70,1,4552,5151,8,5,40,1,0,1,0,0
1243475,1,2020,2020,11,6,9,36,31,363,31,0,1,10,-33.818648,151.016907,54,0,2,1,2,0,0,0,3,2,7,60,1,1669,1669,3,9,0,2,0,0,0,1
1243476,4,2020,2020,10,4,2,232,36,134,331,0,1,2,-33.959179,150.82441,41,0,2,1,2,0,3,4,1,0,7,80,2,9859,9859,8,10,40,1,0,1,0,0
1243477,2,2020,2020,1,2,10,3,1,304,96,0,1,9,-33.902471,151.154202,32,0,2,1,2,0,0,0,0,0,7,60,2,4552,985,1,5,5,4,0,0,1,0
1243479,1,2020,2020,11,6,5,296,27,290,293,0,1,10,-33.855762,150.995112,21,0,2,1,1,0,0,0,2,2,7,70,2,5929,5929,1,9,0,2,0,0,0,1
1243482,2,2020,2020,10,3,3,2,27,60,34609,0,1,1,-33.635641,150.285217,8,2,2,1,1,0,0,0,2,0,7,50,0,1109,787,1,5,27,2,0,0,1,0
1243486,2,2020,2020,6,5,4,51,27,25,45,0,1,9,-33.742774,150.808275,7,0,2,1,1,0,0,0,2,0,7,60,1,237,162,8,34,40,1,0,0,1,0
1243487,4,2020,2020,11,0,5,2126,17,7,2149,0,1,9,-33.422324,149.65041,3,2,1,1,0,0,0,0,2,0,0,80,2,775,775,4,10,35,2,0,1,0,0
1243489,4,2020,2020,11,6,1,234,27,112,217,0,1,1,-33.660585,151.023796,71,0,2,1,0,1,2,6,0,0,7,70,2,9859,9859,8,5,40,1,0,1,0,0
1243490,1,2020,2020,11,4,4,53,31,46,34609,0,1,7,-33.94221,151.110239,4,0,2,1,1,0,0,0,2,0,0,50,0,6545,6545,4,10,5,2,0,0,0,1
1243491,1,2020,2020,11,3,0,25,31,10,5,0,1,9,-31.632479,152.706536,56,2,1,1,2,0,0,0,0,0,15,50,1,782,985,5,0,40,1,0,0,0,1
1243493,1,2020,2020,1,6,6,27,27,108,49,0,1,2,-33.759012,151.280637,50,0,2,0,0,0,0,0,2,0,7,60,1,1282,1282,1,5,27,2,0,0,0,1
1243495,2,2020,2020,5,0,7,8,27,18,34609,0,1,1,-34.192991,146.236498,28,2,1,1,0,2,0,0,2,0,7,50,0,4026,4026,8,16,40,1,0,0,1,0
1243497,2,2020,2020,10,1,5,15,27,9,34609,0,1,1,-29.795764,150.923261,33,1,0,0,0,0,0,0,2,0,7,100,0,782,957,5,10,40,1,0,0,1,0
1243498,1,2020,2020,11,1,3,137,14,55,70,0,1,3,-32.836404,151.539007,17,1,0,0,0,0,0,1,1,0,7,110,2,1957,4009,8,8,40,1,0,0,0,1
1243500,2,2020,2020,1,0,11,6,27,18,34609,0,1,1,-32.949565,151.660191,37,0,2,1,2,0,0,0,0,0,7,50,0,4026,4026,8,0,40,1,0,0,1,0
1243507,4,2020,2020,11,1,4,478,17,96,480,0,1,2,-33.43784,151.382877,16,2,2,1,1,0,0,0,2,0,7,60,2,1981,1981,4,5,0,5,0,1,0,0
1243508,2,2020,2020,10,4,7,225,17,70,180,0,1,9,-34.561023,150.343354,78,2,1,0,0,0,0,0,2,0,7,80,2,323,323,1,16,13,2,0,0,1,0
1243510,4,2020,2020,10,3,5,67,27,56,68,0,1,10,-33.80276,151.193804,77,0,2,1,1,0,0,0,2,2,9,50,1,2040,2040,9,5,28,2,0,1,0,0
1243512,2,2020,2020,1,6,11,1104,11,532,770,0,1,10,-33.872877,151.204098,69,0,2,1,2,0,0,0,0,2,7,40,2,6545,6545,4,0,18,3,0,0,2,0
1243513,1,2020,2020,11,0,7,4,27,9,34609,0,1,1,-32.197536,149.41257,44,1,0,1,0,2,0,0,2,0,7,100,0,9859,9859,8,5,40,1,0,0,0,2
1243514,2,2020,2020,1,4,11,65,27,154,34609,0,1,7,-33.720945,150.955308,71,0,2,1,2,0,0,0,0,0,7,50,0,4552,985,8,5,40,1,0,0,1,0
1243516,4,2020,2020,5,0,0,27,1,132,148,0,1,1,-34.147461,151.010006,68,0,2,0,0,0,0,0,0,0,7,60,2,52,52,6,5,40,1,0,1,0,0
1243519,1,2020,2020,11,2,5,3371,17,29,3342,0,1,9,-32.216749,152.322497,43,2,1,1,1,0,0,0,2,0,0,80,2,1383,1383,1,0,13,2,0,0,0,1
1243522,1,2020,2020,11,6,8,1052,14,173,793,0,1,9,-33.720004,151.106321,31,0,2,1,1,0,0,0,2,2,7,60,2,14295,14295,3,0,5,2,0,0,0,1
1243524,2,2020,2020,1,2,6,15,1,51,34609,0,1,9,-33.257724,151.489951,16,2,2,0,1,0,0,0,2,0,7,50,0,1282,1282,1,10,5,2,0,0,1,1
1243525,4,2020,2020,5,5,8,51,31,202,563,0,1,9,-33.949084,151.037557,15,0,2,1,2,0,0,0,3,0,7,70,2,2040,2040,9,0,28,3,0,1,1,0
1243527,4,2020,2020,1,2,6,34,27,225,69,0,1,9,-33.796588,151.169992,77,0,2,1,0,0,0,0,2,0,7,50,2,1192,1192,1,5,27,2,0,1,0,0
1243528,4,2020,2020,5,2,11,8,27,5,7,0,1,1,-30.700776,150.491967,70,1,0,0,0,2,0,0,0,0,7,100,1,1259,5151,8,5,40,1,0,1,1,0
1243529,1,2020,2020,11,3,1,40,10,9,174,0,1,1,-32.801005,151.349648,17,2,1,1,0,0,0,0,0,0,7,70,2,1089,1089,7,5,40,1,0,0,0,1
1243530,1,2020,2020,11,1,7,2,7,15,34609,0,1,1,-35.072863,150.684426,63,2,1,1,0,0,2,6,2,0,7,50,0,4026,4026,8,30,40,1,0,0,0,1
1243531,1,2020,2020,5,0,9,20,27,11,45,0,1,1,-34.369487,148.587886,30,1,0,0,0,0,3,0,3,0,7,100,1,1957,4009,8,34,40,1,0,0,0,1
1243534,2,2020,2020,5,0,7,35,27,5,34,0,1,1,-29.915355,151.337395,33,1,0,1,0,0,0,0,2,0,7,100,1,186,186,1,10,41,2,0,0,1,0
1243535,4,2020,2020,1,6,5,2,31,29,165,1,0,7,-33.978172,151.08281,25,0,2,1,0,0,0,0,2,0,0,50,1,1945,1945,5,16,40,1,0,1,0,0
1243537,2,2020,2020,1,3,5,330,27,106,605,0,1,1,-33.687893,151.304623,50,0,2,1,1,0,0,0,2,0,7,70,2,1981,1981,4,5,5,2,0,0,1,1
1243539,4,2020,2020,1,1,9,126,27,30,168,0,1,2,-34.053287,150.771718,12,0,2,1,2,0,0,0,0,0,7,80,2,14295,14295,3,16,5,2,0,1,0,0
1243542,1,2020,2020,11,4,5,283,27,253,702,0,1,1,-33.968008,151.096514,25,0,2,1,1,0,0,0,2,0,7,60,2,1945,1945,5,16,40,1,0,0,0,1
1243544,4,2020,2020,11,5,9,109,36,14,108,0,1,1,-28.305782,153.437332,72,1,0,0,0,0,0,0,0,0,7,100,1,2040,2040,9,30,28,2,0,1,0,0
1243545,2,2020,2020,5,0,7,39,27,169,147,0,1,9,-28.637982,153.585955,10,2,1,1,0,0,3,0,2,0,0,60,1,14295,14295,3,10,5,4,0,0,1,0
1243551,1,2020,2020,1,3,4,11,27,10,34609,0,1,1,-29.012894,153.06421,60,1,0,0,0,0,0,0,2,0,7,100,0,83,83,5,30,40,1,0,0,0,1
1243556,1,2020,2020,11,3,7,40,27,148,34609,0,1,7,-36.051284,146.957569,0,2,1,1,0,0,0,0,2,0,0,60,0,926,926,4,5,36,2,0,0,0,1
1243558,4,2020,2020,1,5,7,18,36,11,19,0,1,1,-32.797552,148.546404,11,1,0,0,0,0,0,0,2,0,7,100,1,4552,5151,8,16,40,1,0,1,0,0
1243559,2,2020,2020,11,4,6,29,1,84,35,0,1,1,-33.808678,150.987448,21,0,2,1,0,0,0,0,2,0,7,50,1,14295,14295,3,5,27,2,0,0,1,0
1243560,1,2020,2020,11,6,7,1052,14,207,928,0,1,3,-33.583646,151.187006,31,0,2,0,0,0,0,0,2,0,7,110,2,1192,1192,1,5,5,2,0,0,0,1
1243567,2,2020,2020,1,1,4,2261,17,204,2252,0,1,10,-33.888516,151.117504,32,0,2,1,1,0,0,0,2,2,7,60,2,5929,5929,1,0,5,2,0,0,3,0
1243568,4,2020,2020,1,4,8,103,27,438,563,0,1,9,-33.842299,151.044201,54,0,2,1,1,0,0,0,3,2,7,70,2,2852,2852,4,5,18,2,0,1,0,0
1243570,4,2020,2020,5,2,7,3,1,173,34609,0,1,1,-33.718863,151.117371,36,0,2,1,1,0,0,0,2,0,7,50,0,14295,14295,3,5,0,7,0,1,1,0
1243573,4,2020,2020,5,6,7,1,27,35,34609,0,1,1,-30.526728,152.982368,6,2,1,1,0,2,0,0,2,0,7,50,0,1945,1945,5,16,40,1,0,1,0,0
1243575,2,2020,2020,10,0,10,12,27,36,15,0,1,9,-32.606065,151.348278,64,2,1,1,2,0,0,0,0,0,0,60,1,14295,14295,3,5,5,2,0,0,1,0
1243578,2,2020,2020,10,4,3,46,36,11,46,0,1,9,-32.941351,149.095899,22,2,1,0,0,0,0,0,2,0,7,50,1,1850,1463,5,9,40,1,0,0,1,0
1243582,2,2020,2020,11,3,6,25,31,57,34609,0,1,1,-34.673044,150.854655,35,2,1,1,1,0,0,0,2,0,7,50,0,1945,1945,5,16,40,1,0,0,1,0
1243586,4,2020,2020,11,1,5,97,27,166,799,0,1,2,-33.930701,150.99532,15,0,2,1,1,0,0,0,2,0,7,70,2,3775,3775,0,5,5,2,0,1,1,0
1243590,1,2020,2020,10,4,8,91,27,119,187,0,1,2,-33.874086,151.165729,32,0,2,1,2,0,0,0,2,0,7,70,2,1383,1383,1,5,19,2,0,0,0,1
1243591,2,2020,2020,5,6,2,30,27,46,34609,0,1,1,-33.285259,151.394315,16,2,2,1,2,0,3,4,0,0,7,80,0,9859,9859,8,5,40,1,0,0,1,0
1243593,1,2020,2020,11,2,9,91,27,119,187,0,1,2,-33.873824,151.166762,32,0,2,0,2,0,0,0,0,0,7,70,2,14295,14295,3,30,5,4,0,0,0,1
1243598,2,2020,2020,10,4,6,2,27,30,34609,0,1,1,-33.268118,151.430221,16,2,2,1,1,0,0,0,2,0,7,50,0,9859,9859,8,16,40,1,0,0,1,0
1243599,4,2020,2020,10,0,9,829,27,309,770,0,1,2,-33.816448,151.104457,61,0,2,0,2,0,0,0,0,0,7,60,2,1850,1463,5,16,40,1,0,1,0,0
1243608,1,2020,2020,11,5,4,11,27,7,25,0,1,1,-35.474579,149.177412,58,1,0,0,1,0,0,0,2,0,7,100,1,782,957,5,5,40,1,0,0,0,1
1243610,1,2020,2020,11,3,5,7,27,70,34609,0,1,10,-32.910306,151.722678,48,0,2,1,0,0,0,0,2,0,15,50,0,6545,6545,4,10,19,2,0,0,0,1
1243613,4,2020,2020,5,5,6,3,10,26,34609,0,1,1,-33.067009,151.576378,37,0,2,0,1,0,0,0,2,0,7,50,0,4552,5151,8,16,40,1,0,1,0,0
1243614,1,2020,2020,11,1,11,32,27,42,27,0,1,1,-33.663601,151.25557,50,0,2,0,2,0,0,0,0,0,7,60,2,4552,5151,8,5,40,1,0,0,0,1
1243616,4,2020,2020,5,3,9,1,10,67,34609,0,1,1,-33.71764,150.908177,7,0,2,0,1,0,0,0,0,0,7,50,0,2040,2040,9,5,28,3,0,1,0,0
1243617,2,2020,2020,11,5,5,64,31,64,94,0,1,1,-33.884247,151.022636,15,0,2,1,0,0,0,0,2,0,7,40,1,3775,3775,0,10,5,2,0,0,1,1
1243618,4,2020,2020,10,4,4,8,1,433,34609,0,1,1,-33.268004,149.09161,52,2,1,1,1,0,0,0,2,0,7,50,0,190,190,1,22,0,2,0,1,0,0
1243621,4,2020,2020,10,4,11,54,31,197,28,0,1,1,-33.951062,151.075874,25,0,2,1,2,0,0,0,0,0,7,50,1,4026,4026,1,5,5,3,0,2,2,0
1243622,2,2020,2020,11,5,6,1,18,49,34609,0,1,1,-34.368813,148.814351,30,1,0,1,0,2,0,0,2,0,7,100,0,4026,4026,8,33,40,1,0,0,1,0
1243624,4,2020,2020,11,6,3,1,27,2,34609,0,1,1,-32.414454,151.196133,64,1,0,0,0,0,3,1,1,0,7,100,0,782,957,5,10,40,1,0,1,0,0
1243627,1,2020,2020,11,5,4,1,25,18,34609,0,1,1,-33.226144,151.5311,16,2,2,1,1,0,0,0,2,0,7,50,0,238,238,9,5,28,2,0,0,0,1
1243628,4,2020,2020,5,2,4,330,23,35,39,0,1,9,-33.9698,151.241551,59,0,2,0,2,0,3,4,2,0,15,60,1,4552,5151,8,5,40,1,0,1,0,0
1243629,4,2020,2020,1,3,6,83,31,523,34609,0,1,10,-33.919827,150.921783,41,0,2,1,1,0,0,0,2,2,7,50,0,515,515,1,30,0,3,0,1,1,0
1243631,4,2020,2020,8,3,4,21,27,36,34609,0,1,9,-34.392249,150.848573,80,0,2,0,0,0,0,0,2,0,7,60,0,4552,5151,8,16,40,1,0,1,0,0
1243632,4,2020,2020,11,1,8,3,27,14,34609,0,1,1,-32.478452,151.045871,64,1,0,0,0,0,0,0,0,0,7,100,0,3775,3775,0,10,5,2,0,1,1,1
1243633,2,2020,2020,11,1,10,2261,17,346,2252,0,1,9,-33.885876,151.069295,67,0,2,0,2,0,0,0,0,2,7,60,2,2852,2852,4,0,5,2,0,0,1,0
1243636,2,2020,2020,6,0,5,192,10,84,114,0,1,7,-33.46911,151.395544,16,2,2,0,1,0,0,0,2,0,0,60,2,5929,5929,1,34,0,2,0,0,1,0
1243637,4,2020,2020,11,3,5,14,27,6,34609,0,1,1,-33.452894,150.720188,29,2,2,0,0,2,0,0,2,0,7,50,0,782,957,5,16,40,1,0,1,0,0
1243641,2,2020,2020,5,5,8,1,7,75,34609,0,1,9,-32.770159,151.653182,42,2,1,1,1,0,0,0,2,0,7,50,0,395,395,1,5,19,2,0,0,1,0
1243642,2,2020,2020,0,4,5,2209,17,67,2205,1,0,1,-34.426005,150.870835,80,0,2,1,1,0,0,0,2,0,7,60,2,14295,14295,3,5,5,2,0,0,1,0
1243643,2,2020,2020,5,2,8,9,31,136,34609,0,1,7,-33.918401,151.082004,15,0,2,1,1,0,3,3,2,0,0,50,0,6545,6545,4,5,5,2,0,0,1,0
1243644,2,2020,2020,10,2,4,485,31,169,769,0,1,9,-33.601405,150.762093,29,2,2,1,1,0,0,0,2,0,0,60,2,5929,5929,1,5,27,2,0,0,1,0
1243645,2,2020,2020,11,3,6,103,27,14,98,0,1,1,-33.410739,150.789057,29,2,2,0,0,0,0,0,2,0,7,80,2,404,404,8,16,40,1,0,0,1,0
1243646,4,2020,2020,1,6,9,296,27,283,293,0,1,9,-33.832905,151.002798,21,0,2,1,2,0,0,0,0,2,7,70,2,14295,14295,3,5,5,4,0,1,1,0
1243649,4,2020,2020,1,6,4,7,31,53,66,0,1,7,-31.869528,152.36675,43,2,1,1,0,0,0,0,2,0,0,50,1,6545,6545,4,30,13,2,0,1,1,0
1243652,2,2020,2020,11,6,4,40,31,105,34609,0,1,10,-32.597548,149.58988,44,2,1,1,0,0,3,4,2,0,0,50,0,6545,6545,4,10,13,2,0,0,1,0
1243654,1,2020,2020,11,5,10,251,14,139,124,0,1,3,-33.830403,151.213742,49,0,2,0,2,0,0,0,0,0,7,80,2,14295,14295,3,0,0,2,0,0,0,1
1243656,1,2020,2020,11,6,7,32,1,646,34609,0,1,10,-33.922615,151.028702,15,0,2,1,1,0,3,4,2,0,0,50,0,6545,6545,4,5,36,2,0,0,0,2
1243658,4,2020,2020,1,4,9,10,27,232,34609,0,1,1,-33.68805,150.904865,7,0,2,1,2,0,0,0,3,0,7,60,0,945,945,5,16,40,1,0,1,0,0
1243662,4,2020,2020,11,0,10,35,27,8,19,0,1,1,-34.070366,150.645869,79,2,2,1,0,0,0,3,0,0,7,60,1,9859,9859,8,5,40,1,0,1,0,0
1243667,1,2020,2020,11,6,11,13,27,438,563,0,1,2,-33.850634,151.037739,21,0,2,1,2,0,3,0,0,0,7,70,2,14295,14295,3,5,5,2,0,0,0,1
1243669,1,2020,2020,11,4,3,177,22,210,176,0,1,10,-34.034144,151.102334,68,0,2,1,1,0,0,0,2,2,7,60,2,5929,5929,1,30,13,2,0,0,0,1
1243673,4,2020,2020,11,4,5,171,31,31,34609,0,1,1,-33.872027,151.032805,21,0,2,1,1,0,0,0,2,0,9,50,0,2040,2040,9,5,28,2,0,1,0,0
1243674,4,2020,2020,10,0,5,4,1,74,34609,0,1,1,-33.762,150.665315,55,0,2,1,1,0,0,0,2,0,7,50,0,1109,787,1,10,19,2,0,1,1,0
1243675,4,2020,2020,5,6,3,137,14,24,70,0,1,3,-32.882138,151.5859,37,0,2,1,0,0,0,3,0,0,7,110,2,14295,14295,3,9,10,2,0,1,1,0
1243683,2,2020,2020,11,6,8,36,27,438,34609,0,1,9,-33.870731,151.017212,21,0,2,1,1,0,0,0,3,0,7,50,0,2040,2040,9,5,28,2,0,0,1,0
1243690,2,2020,2020,11,6,2,481,17,29,483,0,1,1,-31.265474,149.278238,51,2,1,0,0,0,0,0,1,0,7,50,2,4552,5151,8,3,40,1,0,0,1,0
1243691,4,2020,2020,10,2,6,1,1,32,34609,0,1,1,-33.745425,150.821517,7,0,2,1,0,0,0,0,2,0,7,50,0,238,238,9,5,28,2,0,1,0,0
1243697,2,2020,2020,1,3,0,9,27,4,34609,0,1,1,-31.950218,152.561336,43,2,1,0,0,0,0,3,0,0,7,80,0,2585,4009,8,10,40,1,0,0,1,0
1243700,2,2020,2020,1,6,3,1104,14,223,962,0,1,3,-33.805334,150.915363,7,0,2,1,0,0,0,0,2,0,7,100,2,14295,14295,3,9,13,5,0,0,3,0
1243701,2,2020,2020,11,3,8,2209,17,201,2205,0,1,10,-34.878951,150.604529,63,2,1,1,2,0,0,0,3,2,7,70,2,6545,6545,4,0,0,2,0,0,1,1
1243703,2,2020,2020,11,4,9,28,31,523,34609,1,0,10,-33.920624,150.927307,41,0,2,1,2,0,0,0,0,2,7,30,0,5929,5929,1,5,5,2,0,0,1,0
1243706,2,2020,2020,11,0,8,512,17,433,441,0,1,9,-33.284807,149.105218,52,2,1,0,1,0,0,0,2,3,2,50,2,1957,777,8,5,40,3,0,0,1,0
1243708,2,2020,2020,10,6,6,475,31,532,75,0,1,10,-33.873304,151.209896,69,0,2,1,1,0,3,3,2,2,7,40,1,14295,14295,3,27,5,2,0,0,1,0
1243710,4,2020,2020,1,1,3,7,27,232,34609,0,1,9,-33.680841,150.892808,7,0,2,1,1,0,0,0,2,0,7,60,0,5929,5929,1,5,5,2,0,1,0,1
1243711,1,2020,2020,11,1,9,89,17,11,34609,0,1,1,-34.358542,150.900817,80,0,2,0,2,0,0,0,0,0,7,60,0,3775,3775,0,34,5,2,0,0,0,1
1243712,4,2020,2020,10,4,5,15,31,134,34609,0,1,1,-33.522716,151.324179,16,2,2,1,1,0,0,0,2,0,7,50,0,214,214,9,5,28,2,0,1,0,0
1243713,4,2020,2020,5,6,11,3371,17,225,3342,1,0,9,-33.797697,151.178336,77,0,2,1,2,0,0,0,0,2,7,60,2,5929,5929,1,5,19,2,0,1,0,0
1243718,4,2020,2020,6,4,7,13,25,433,34609,0,1,7,-33.287926,149.100468,52,2,1,1,1,0,0,3,2,0,0,50,0,6545,6545,4,5,19,2,0,1,0,0
1243719,1,2020,2020,11,2,6,230,27,175,284,0,1,10,-33.772584,151.087885,54,0,2,1,0,0,0,0,2,0,7,60,2,14295,14295,3,5,5,2,0,0,0,1
1243721,2,2020,2020,1,5,7,30,27,609,93,0,1,9,-33.747807,150.918203,7,0,2,1,0,0,0,0,2,0,7,60,1,5929,5929,1,5,19,2,0,0,1,0
1243723,2,2020,2020,10,4,8,1,27,44,34609,0,1,1,-32.464563,152.210954,43,1,0,1,0,2,0,0,2,0,7,100,0,9859,9859,8,5,40,1,0,0,1,0
1243727,4,2020,2020,1,2,9,3,27,370,34609,0,1,1,-34.059319,150.819483,13,0,2,0,0,0,0,0,0,0,7,60,0,2585,4009,8,5,40,1,0,1,1,0
1243728,1,2020,2020,1,4,8,4,31,80,69,1,0,10,-33.942213,151.212674,4,0,2,1,0,0,0,0,2,0,0,50,1,387,387,1,22,5,2,0,0,0,1
1243729,4,2020,2020,5,4,6,145,31,112,39,0,1,7,-33.604554,150.823651,29,2,2,1,0,0,0,0,2,0,0,60,2,926,926,4,16,0,2,0,1,0,0
1243731,2,2020,2020,11,5,9,4,31,7,34609,0,1,1,-32.789235,152.108843,57,2,1,1,2,0,0,0,0,0,7,50,0,9859,9859,8,5,40,1,0,0,2,0
1243732,1,2020,2020,11,0,6,1,18,363,34609,0,1,9,-33.815399,151.010716,54,0,2,1,1,0,0,0,2,0,7,50,0,186,186,9,8,28,2,0,0,0,1
1243734,1,2020,2020,1,1,4,127,27,182,169,0,1,9,-32.830984,151.358923,17,2,1,1,0,0,0,0,2,0,7,60,2,1383,1383,1,30,10,3,0,0,0,1
1243735,1,2020,2020,5,6,7,1,36,89,34609,0,1,1,-28.216819,153.523421,72,2,1,1,2,0,0,0,2,0,7,50,0,9859,9859,1,10,5,2,0,0,0,1
1243760,2,2020,2020,11,2,5,2261,17,23,2252,0,1,3,-34.057289,150.794538,13,0,2,1,1,0,0,0,2,0,7,110,2,14295,14295,3,10,0,2,0,0,1,0
1243761,2,2020,2020,1,3,5,43,27,13,118,0,1,1,-30.958868,150.866281,70,1,0,1,0,0,0,0,2,0,7,100,2,1192,1192,1,30,27,2,0,0,2,0
1243762,4,2020,2020,5,0,2,65,27,646,563,0,1,2,-33.93001,151.038286,15,0,2,1,2,0,0,0,1,0,7,70,2,1383,1383,1,5,13,2,0,1,1,0
1243765,2,2020,2020,11,0,11,6,27,4,34609,0,1,1,-28.703708,153.142296,39,2,1,1,0,0,0,0,0,0,7,80,0,9859,9859,8,16,40,1,0,0,1,0
1243766,2,2020,2020,11,2,0,22,31,134,34609,0,1,10,-33.890814,151.247594,76,0,2,1,2,0,3,3,0,2,7,50,0,6545,6545,4,30,5,2,0,0,1,0
1243780,4,2020,2020,1,1,3,866,17,112,793,0,1,9,-33.907848,150.918709,41,0,2,1,2,0,0,0,2,2,7,70,2,2852,2852,4,5,12,3,0,1,0,0
1243782,2,2020,2020,1,2,6,77,27,25,100,0,1,10,-34.513446,150.403549,78,2,1,1,0,0,0,0,2,0,7,70,2,323,323,1,10,5,2,0,0,2,1
1243783,2,2020,2020,11,4,9,26,27,92,25,0,1,1,-33.978997,150.83327,13,0,2,0,2,0,0,0,3,0,7,70,1,1850,1463,5,10,40,1,0,0,1,0
1243784,2,2020,2020,1,0,4,7,31,53,34609,0,1,9,-30.64269,153.000353,47,2,1,1,1,0,0,0,2,0,7,50,0,489,489,8,5,40,1,0,0,1,0
1243786,2,2020,2020,11,0,6,92,31,363,34609,0,1,1,-33.754639,150.702227,55,0,2,1,1,0,0,0,2,0,7,50,0,14295,14295,3,5,36,2,0,0,1,0
1243787,2,2020,2020,1,4,3,2,1,69,34609,0,1,10,-34.554803,150.857512,62,0,2,1,3,0,0,0,2,0,0,50,0,301,301,4,0,5,2,0,0,2,0
1243788,2,2020,2020,1,2,8,100,27,41,799,0,1,1,-33.904928,151.130151,32,0,2,1,2,0,0,0,3,0,7,60,2,1383,1383,1,33,18,2,0,0,1,0
1243789,4,2020,2020,5,0,7,10,27,84,34609,0,1,9,-31.106505,150.89206,70,2,1,1,0,0,0,0,2,0,7,50,0,1945,1945,5,16,40,1,0,1,0,0
1243790,4,2020,2020,5,2,2,2209,17,95,2205,0,1,2,-34.395666,150.895606,80,0,2,1,2,0,0,0,1,0,7,90,2,14295,14295,3,5,13,2,0,1,1,0
1243792,4,2020,2020,5,6,8,10,27,161,115,0,1,9,-33.748871,151.174016,36,0,2,0,1,0,0,0,2,0,7,60,1,3775,3775,0,5,5,2,0,2,0,1
1243793,4,2020,2020,5,0,7,8,25,28,34609,0,1,9,-35.145004,147.341662,75,2,1,1,1,0,0,0,2,0,7,50,0,1945,1945,5,16,40,1,0,1,0,0
1243797,2,2020,2020,1,6,6,3371,17,92,3342,0,1,9,-33.405792,151.351151,16,2,2,0,1,0,0,0,2,2,7,60,2,4552,5151,8,5,40,1,0,0,2,0