Crash ID,Degree of crash - detailed,Reporting year,Year of crash,Month of crash,Day of week of crash,Two-hour intervals,Street of crash,Street type,Town,Route no.,School zone location,School zone active,Type of location,Latitude,Longitude,LGA,Urbanisation,Conurbation 1,Alignment,Street lighting,Road surface,Surface condition,Weather,Natural lighting,Signals operation,Other traffic control,Speed limit,Road classification,RUM - code,DCA - code,First impact type,Key TU type,Other TU type,No. of traffic units involved,No. killed,No. seriously injured,No. moderately injured,No. minor-other injured
1243798,1,2020,2020,1,6,8,8,27,34,12,0,1,9,-33.857008,151.203687,69,0,2,1,0,0,0,0,3,0,9,40,1,14295,14295,3,16,5,2,0,0,0,1
1243799,2,2020,2020,1,1,9,5,27,136,34609,0,1,9,-33.867939,151.07045,67,0,2,1,0,0,0,0,0,0,7,50,0,2040,2040,9,5,28,2,0,0,1,0
1243800,4,2020,2020,5,3,0,296,27,92,293,0,1,2,-33.876702,150.980845,24,0,2,1,2,0,3,4,0,0,7,70,2,9859,9859,8,5,40,1,0,1,0,0
1243801,2,2020,2020,1,6,6,8,27,61,8,0,1,1,-33.743273,150.882257,7,0,2,1,3,0,0,0,2,0,7,60,1,1109,787,1,5,5,2,0,0,1,0
1243802,4,2020,2020,5,3,5,1,10,18,34609,0,1,9,-32.70237,151.526908,42,2,1,1,0,0,0,0,2,0,7,60,0,5929,5929,1,5,19,2,0,1,0,0
1243803,2,2020,2020,5,1,4,19,31,445,34609,0,1,9,-33.851824,151.06073,54,0,2,1,0,0,3,3,2,0,7,60,0,2852,2852,4,5,5,3,0,0,1,0
1243804,4,2020,2020,1,5,6,7,31,169,34609,0,1,1,-33.897668,151.210345,69,0,2,1,1,0,0,0,2,0,7,40,0,2040,2040,9,5,28,2,0,1,0,0
1243805,4,2020,2020,1,2,9,143,31,173,19,0,1,9,-33.878444,151.214294,69,0,2,1,2,0,0,0,0,2,7,40,1,9859,9859,8,5,40,1,0,1,0,0
1243808,2,2020,2020,5,1,4,308,14,323,311,0,1,3,-33.806158,150.852493,7,0,2,1,1,0,0,0,2,0,7,100,2,14295,14295,3,9,12,2,0,0,1,0
1243809,1,2020,2020,11,1,7,34,31,98,260,1,2,9,-33.008953,151.594032,37,0,2,1,2,0,0,0,2,2,7,40,2,5929,5929,1,5,5,2,0,0,0,1
1243811,1,2020,2020,5,3,0,63,17,8,63,0,1,1,-34.112265,141.966457,51,1,0,0,0,0,0,0,0,0,7,100,2,273,957,5,10,40,1,0,0,0,1
1243812,4,2020,2020,5,0,6,110,27,36,173,0,1,2,-34.389089,150.85777,80,0,2,1,0,0,0,0,2,0,7,80,2,14295,14295,3,0,10,2,0,1,0,0
1243813,4,2020,2020,1,2,6,57,27,9,75,0,1,1,-33.48524,151.299364,16,2,2,0,0,0,3,4,2,0,7,80,1,3775,3775,0,10,0,2,0,1,0,0
1243818,4,2020,2020,5,6,8,2,27,82,34609,0,1,9,-34.367686,150.907752,80,0,2,1,2,0,0,0,0,0,0,50,0,775,775,4,5,27,2,0,1,0,0
1243819,4,2020,2020,5,1,6,89,31,143,34609,0,1,9,-33.880638,151.10643,9,0,2,1,1,0,0,0,2,0,7,50,0,2585,777,8,5,40,1,0,1,1,0
1243820,4,2020,2020,5,6,0,2209,17,29,2205,0,1,1,-36.981226,149.900583,5,1,0,0,0,0,3,4,0,0,7,100,2,4552,5151,8,0,40,2,0,3,1,0
1243821,4,2020,2020,1,4,5,90,31,123,165,0,1,9,-33.883215,151.21859,69,0,2,1,0,0,0,0,2,0,7,50,2,1220,1220,9,16,28,2,0,1,1,0
1243822,1,2020,2020,5,1,4,1,18,207,34609,0,1,9,-31.953788,141.465085,51,2,1,1,0,0,0,0,2,0,7,50,0,9859,9859,8,34,40,1,0,0,0,1
1243824,2,2020,2020,1,1,6,2126,17,36,2149,0,1,9,-33.808505,150.941614,21,0,2,1,0,0,0,3,2,0,0,80,2,2852,2852,4,5,5,2,0,0,2,0
1243825,2,2020,2020,11,3,8,103,27,176,167,0,1,1,-33.980211,151.136699,25,0,2,1,1,0,0,0,2,0,7,60,2,1981,1981,4,0,27,2,0,0,1,0
1243826,2,2020,2020,5,0,10,80,31,204,187,0,1,10,-33.88415,151.120259,32,0,2,1,2,0,0,0,0,2,7,60,2,5929,5929,1,10,5,2,0,0,1,1
1243831,2,2020,2020,1,1,4,10,31,463,34609,0,1,1,-30.284144,153.124894,19,2,1,1,1,0,0,0,2,0,7,50,0,9859,9859,1,5,5,2,0,0,1,0
1243833,1,2020,2020,11,2,2,1,31,304,34609,0,1,1,-33.908624,151.146292,32,0,2,1,0,0,0,0,1,0,7,50,0,78,78,8,5,40,1,0,0,0,1
1243835,4,2020,2020,1,2,3,2209,17,68,2205,0,1,10,-34.079504,151.010635,68,0,2,1,1,0,0,0,2,2,7,70,2,14295,14295,3,0,27,2,0,1,0,0
1243836,2,2020,2020,11,1,7,361,31,226,382,0,1,1,-33.767894,150.833398,7,0,2,1,1,0,0,0,2,0,7,60,2,14295,14295,3,5,0,3,0,0,1,0
1243837,4,2020,2020,11,2,6,1,7,523,34609,0,1,1,-33.914165,150.918898,41,0,2,1,1,0,0,0,2,0,7,50,0,238,238,9,5,26,3,0,1,1,0
1243840,4,2020,2020,1,0,8,14,1,169,99,0,1,10,-33.90088,151.214942,69,0,2,1,2,0,3,4,0,2,7,50,2,2040,2040,9,5,28,2,0,1,0,0
1243842,4,2020,2020,1,2,5,500,27,129,799,0,1,9,-33.928421,151.076767,15,0,2,1,0,0,0,0,2,2,7,60,2,5929,5929,1,5,5,2,0,1,1,0
1243844,4,2020,2020,11,1,5,5,27,16,34609,0,1,4,-31.143244,152.821915,34,2,1,0,0,0,0,6,2,0,7,80,0,2585,4009,8,16,40,1,0,1,0,0
1243845,1,2020,2020,11,0,10,14,31,438,563,0,1,2,-33.851599,151.037394,21,0,2,1,0,0,3,4,0,0,7,70,2,14295,14295,3,33,18,2,0,0,0,1
1243848,2,2020,2020,5,2,4,21,31,252,59,0,1,0,-33.883798,151.209184,69,0,2,1,0,0,0,0,2,0,7,50,1,144,144,1,10,18,2,0,0,1,0
1243852,1,2020,2020,11,6,6,2261,17,187,2252,0,1,10,-33.889499,150.97312,24,0,2,1,3,0,0,0,2,3,7,70,2,14295,14295,3,5,5,2,0,0,0,1
1243855,2,2020,2020,10,2,8,95,31,463,32,0,1,1,-30.281158,153.135538,19,2,1,1,3,0,0,0,2,0,7,60,1,323,323,1,0,5,2,0,0,1,0
1243856,2,2020,2020,10,0,6,829,27,363,770,0,1,10,-33.808789,151.014772,54,0,2,1,3,0,0,0,2,2,7,60,2,6545,6545,4,5,0,2,0,0,1,0
1243857,4,2020,2020,5,1,6,1,27,78,34609,0,1,1,-33.691085,150.58912,8,2,2,1,0,0,0,0,2,0,7,50,0,1945,1945,5,16,40,1,0,1,0,0
1243861,2,2020,2020,11,4,5,1,31,16,3,0,1,10,-34.637858,143.564726,51,2,1,1,0,0,0,0,2,0,0,50,1,6545,6545,4,5,5,2,0,0,2,0
1243868,2,2020,2020,10,5,7,500,27,646,799,0,1,1,-33.933854,151.028505,15,0,2,1,3,0,0,0,2,0,7,60,2,1981,1981,4,10,12,2,0,0,1,0
1243872,2,2020,2020,5,3,0,26,27,71,38,0,1,1,-33.833844,150.969007,21,0,2,1,1,0,3,4,0,0,7,60,1,3775,3775,0,5,12,2,0,0,1,0
1243873,1,2020,2020,11,4,5,500,27,145,799,0,1,10,-33.929428,151.072388,15,0,2,1,3,0,2,6,2,2,7,60,2,14295,14295,3,5,5,2,0,0,0,1
1243875,4,2020,2020,1,3,2,3,27,2,3,0,1,9,-35.302904,145.181432,51,2,1,0,0,0,3,4,0,0,0,60,1,380,714,5,10,40,1,0,1,0,0
1243876,1,2020,2020,10,5,3,2261,17,243,2252,0,1,2,-33.939282,150.912853,41,0,2,1,0,0,0,0,2,0,7,60,2,1383,1383,1,10,5,2,0,0,0,1
1243878,4,2020,2020,10,5,3,1,31,56,34609,0,1,9,-31.464403,152.723254,56,2,1,1,1,0,0,0,2,0,7,50,0,9859,9859,1,0,6,3,0,1,0,0
1243880,1,2020,2020,11,4,7,2261,17,112,2252,0,1,2,-33.906757,150.942933,41,0,2,0,1,0,0,0,2,0,7,70,2,4552,5151,8,16,40,1,0,0,0,1
1243882,2,2020,2020,10,2,5,829,27,123,770,0,1,9,-33.814194,151.055211,54,0,2,1,1,0,0,0,2,0,2,70,2,14295,14295,3,5,5,2,0,0,1,0
1243884,4,2020,2020,10,0,3,7,27,5,34609,0,1,1,-28.330517,153.346847,72,2,1,0,0,0,0,0,2,0,7,80,0,4552,5151,8,5,40,1,0,1,0,0
1243885,2,2020,2020,10,2,6,48,31,47,34609,0,1,7,-33.780221,151.287608,50,0,2,1,1,0,0,0,2,0,0,50,0,6545,6545,4,0,19,2,0,0,1,0
1243886,1,2020,2020,11,4,7,23,10,64,101,0,1,2,-32.942094,151.712907,48,0,2,1,1,0,0,0,2,0,8,50,2,1981,1981,4,5,5,2,0,0,0,1
1243887,2,2020,2020,1,3,11,5,27,67,34609,0,1,9,-33.656364,150.913307,71,0,2,1,0,0,0,0,0,0,15,70,0,9859,9859,8,30,40,1,0,0,1,0
1243889,2,2020,2020,1,2,9,3371,17,54,3342,0,1,9,-33.233451,151.502288,16,2,2,1,2,0,0,0,0,0,7,70,2,2852,2852,4,5,0,2,0,0,1,0
1243890,4,2020,2020,1,2,4,1,34,9,34609,0,1,1,-30.345376,152.974127,19,2,1,1,0,2,0,0,2,0,7,60,0,404,404,8,16,40,1,0,1,0,0
1243893,1,2020,2020,10,6,8,3371,17,44,3342,0,1,2,-32.440837,152.193597,43,1,0,1,0,0,0,0,3,0,7,110,2,9859,9859,8,29,40,1,0,0,0,1
1243894,4,2020,2020,11,2,6,114,27,34,228,0,1,1,-33.46596,150.98995,71,0,2,0,0,0,0,0,2,0,7,80,2,1850,1463,5,16,40,1,0,1,0,0
1243896,2,2020,2020,10,2,0,9,31,215,34609,0,1,1,-35.106561,147.36699,75,2,1,1,2,0,0,0,0,0,7,50,0,30,30,9,0,28,2,0,0,1,0
1243897,4,2020,2020,10,4,6,1,27,20,34609,0,1,1,-32.277543,152.285258,43,1,0,0,0,2,0,3,2,0,7,100,0,1850,1463,5,16,40,1,0,1,0,0
1243903,2,2020,2020,5,1,9,330,23,102,112,0,1,10,-33.953043,151.241757,59,0,2,1,2,0,3,4,0,2,9,60,2,214,214,9,33,28,2,0,0,1,0
1243906,1,2020,2020,11,2,10,15,31,69,34609,0,1,1,-34.54881,150.859961,62,0,2,0,2,0,0,0,0,0,7,50,0,2585,4009,1,5,0,3,0,0,0,1
1243908,4,2020,2020,5,2,7,7,23,106,34609,0,1,1,-33.919503,151.089995,15,0,2,1,0,0,0,0,2,0,7,50,0,1282,1282,1,30,5,2,0,1,0,0
1243909,2,2020,2020,10,1,6,2,27,2,34609,0,1,1,-32.871045,151.195247,17,2,1,0,0,2,0,0,2,0,7,50,0,782,957,5,10,40,1,0,0,1,1
1243912,1,2020,2020,7,2,6,224,27,246,321,1,0,10,-33.92146,151.196417,4,0,2,1,2,0,0,0,2,2,7,60,2,387,387,1,16,13,2,0,0,0,1
1243913,1,2020,2020,11,0,7,3,18,4,3,0,1,1,-34.09605,145.765396,51,1,0,1,0,0,3,4,2,0,7,100,2,1850,985,5,29,40,1,0,0,0,1
1243916,2,2020,2020,10,1,1,1,10,8,34609,0,1,1,-35.074508,147.352726,75,2,1,1,2,0,0,0,0,0,7,50,0,4026,4026,1,5,5,4,0,0,1,0
1243919,2,2020,2020,1,6,3,107,22,210,121,1,0,9,-34.030937,151.112786,68,0,2,1,0,0,0,0,2,0,7,60,1,1109,787,1,5,36,2,0,0,1,0
1243925,4,2020,2020,10,1,7,34,1,252,34609,0,1,7,-33.948322,150.886276,41,0,2,1,0,0,0,0,2,0,7,60,0,9859,9859,8,21,40,1,0,1,0,0
1243928,4,2020,2020,10,6,9,147,27,72,605,0,1,9,-33.828663,151.229067,49,0,2,1,1,0,0,0,2,2,9,60,2,2040,2040,9,0,28,2,0,1,0,0
1243929,4,2020,2020,10,4,7,35,27,8,34609,0,1,1,-28.333215,153.543835,72,2,1,0,0,0,0,0,2,0,7,70,0,4552,5151,8,30,40,1,0,1,0,0
1243930,1,2020,2020,11,6,9,5,31,47,212,0,1,10,-35.256222,149.440428,58,2,1,1,2,0,3,4,0,0,7,50,2,9859,9859,8,0,40,1,0,0,0,1
1243931,2,2020,2020,11,0,5,34,1,87,34609,0,1,1,-33.914694,150.96164,41,0,2,1,1,0,0,0,2,0,7,50,0,941,941,1,5,19,2,0,0,1,0
1243934,2,2020,2020,10,3,6,2,1,11,34609,0,1,1,-33.932838,150.641158,41,0,2,0,1,0,0,0,2,0,7,80,0,186,186,1,10,0,2,0,0,1,0
1243939,2,2020,2020,11,2,11,2126,17,283,2149,0,1,10,-33.83066,151.012274,54,0,2,1,3,0,0,0,0,2,7,50,2,395,395,1,5,36,2,0,0,1,0
1243940,1,2020,2020,11,4,4,12,27,11,12,0,1,9,-34.438682,150.866816,80,0,2,1,3,0,0,0,2,0,0,50,2,5929,5929,1,5,36,2,0,0,0,1
1243942,1,2020,2020,11,3,6,24,27,6,78,0,1,1,-33.83248,149.999333,51,1,0,1,3,0,0,0,2,0,7,100,2,14295,14295,3,10,5,2,0,0,0,1
1243945,1,2020,2020,11,4,8,1,10,433,34609,0,1,10,-33.268154,149.092638,52,2,1,1,3,0,0,0,3,0,0,50,0,14295,14295,3,5,5,2,0,0,0,1
1243947,1,2020,2020,11,6,3,79,27,46,159,0,1,1,-33.941012,151.116163,4,0,2,1,3,0,0,0,2,0,7,60,2,14295,14295,3,9,5,5,0,0,0,1
1243950,1,2020,2020,10,4,6,251,27,64,212,1,0,2,-33.758993,151.219266,50,0,2,1,3,0,0,0,2,0,7,70,2,14295,14295,3,0,10,3,0,0,0,1
1243951,1,2020,2020,10,6,4,39,1,337,34609,0,1,9,-33.742861,150.997813,71,0,2,1,3,0,0,0,2,0,7,50,0,926,926,4,30,5,2,0,0,0,1
1243954,2,2020,2020,11,1,6,110,27,41,173,0,1,2,-34.392785,150.859306,80,0,2,0,3,0,0,0,2,0,7,80,2,782,957,5,5,40,1,0,0,1,0
1243955,1,2020,2020,10,5,8,6,4,363,34609,0,1,1,-33.749595,150.698291,55,0,2,1,3,0,0,0,2,0,7,50,0,84,84,6,5,13,4,0,0,0,1
1243956,1,2020,2020,10,6,8,24,27,115,52,0,1,9,-33.913996,151.169972,32,0,2,1,3,0,0,0,3,0,0,50,1,5929,5929,1,5,5,2,0,0,0,1
1243957,4,2020,2020,10,0,5,73,24,65,88,0,1,1,-33.708615,151.281925,50,0,2,0,3,0,0,0,2,0,7,70,2,3775,3775,0,5,5,3,0,1,1,0
1243958,2,2020,2020,10,1,9,125,27,443,34609,0,1,1,-33.901888,151.05111,15,0,2,1,3,0,0,0,2,0,7,60,0,1981,1981,4,0,5,2,0,0,1,0
1243959,1,2020,2020,10,6,7,9,31,165,34609,0,1,10,-33.858516,151.151771,14,0,2,1,3,0,0,0,2,0,15,50,0,941,941,1,5,13,2,0,0,0,1
1243962,1,2020,2020,10,3,9,224,27,246,321,0,1,9,-33.915449,151.200552,69,0,2,1,3,0,0,0,0,0,0,50,2,9859,9859,1,5,5,2,0,0,0,1
1243968,1,2020,2020,11,5,9,475,10,70,268,0,1,2,-33.884771,150.868266,24,0,2,1,3,0,0,0,3,0,7,70,2,14295,14295,3,5,5,2,0,0,0,1
1243969,2,2020,2020,10,0,2,194,31,309,702,0,1,10,-33.817937,151.101314,61,0,2,1,3,0,0,0,1,2,7,60,2,14295,14295,3,10,13,2,0,0,1,0
1243972,1,2020,2020,1,2,0,9,31,463,34609,0,1,9,-30.287419,153.105532,19,2,1,1,2,0,0,0,0,0,0,50,0,2585,777,1,0,36,2,0,0,0,1
1243973,4,2020,2020,10,1,5,71,17,7,71,0,1,1,-33.781938,144.924921,51,1,0,1,0,0,0,0,2,0,7,110,2,475,475,5,21,40,1,0,1,0,0
1243975,2,2020,2020,11,6,7,4,1,64,34609,0,1,9,-32.942085,151.704983,48,0,2,1,1,0,0,0,2,0,7,60,0,1669,1669,3,5,0,2,0,0,2,0
1243976,1,2020,2020,10,3,6,1,7,21,34609,0,1,1,-33.736349,150.912022,7,0,2,0,0,0,0,0,2,0,7,50,0,3775,3775,0,0,5,2,0,0,0,1
1243977,1,2020,2020,11,5,3,515,14,166,518,0,1,3,-33.944237,150.98398,15,0,2,1,1,0,0,0,1,0,7,100,2,14295,14295,3,10,5,3,0,0,0,1
1243980,2,2020,2020,10,5,2,14,1,19,22,1,0,1,-33.382165,151.351577,16,2,2,0,0,0,3,4,0,0,7,50,1,3775,3775,0,5,0,2,0,0,2,0
1243983,2,2020,2020,1,2,11,1,10,74,34609,0,1,9,-34.435335,150.850215,80,0,2,1,2,0,0,0,0,0,15,50,0,9859,9859,8,5,40,1,0,0,1,0
1243985,1,2020,2020,11,2,0,1,10,35,34609,0,1,1,-30.442309,152.894282,6,2,1,0,2,0,0,0,0,0,7,50,0,4552,5151,1,0,0,3,0,0,0,1
1243987,2,2020,2020,10,0,10,8,31,67,34609,0,1,9,-34.420371,150.875166,80,0,2,1,2,0,0,0,0,0,0,50,0,515,515,1,5,19,2,0,0,1,0
1243988,1,2020,2020,10,2,7,7,27,22,34609,0,1,1,-33.435029,150.925783,71,0,2,1,0,0,0,0,2,0,7,60,0,475,475,5,10,40,1,0,0,0,2
1243992,4,2020,2020,10,0,4,283,27,197,702,1,0,9,-33.94166,151.07641,15,0,2,1,0,0,0,0,2,3,7,60,2,5929,5929,1,21,5,2,0,1,1,0
1243994,1,2020,2020,11,5,6,18,27,136,148,0,1,10,-32.932764,151.719882,48,0,2,1,1,0,0,0,2,0,0,60,1,1669,1669,3,10,5,2,0,0,0,1
1243996,1,2020,2020,11,6,7,9,27,5,34609,0,1,1,-30.407594,152.883881,6,2,1,0,0,0,0,0,2,0,7,60,0,3775,3775,0,21,13,2,0,0,0,1
1243999,1,2020,2020,1,1,8,21,31,103,34609,0,1,1,-32.936677,151.657841,37,0,2,0,1,0,0,0,2,0,7,50,0,4552,5151,1,5,5,2,0,0,0,1
1244000,2,2020,2020,11,5,7,35,27,127,37,0,1,10,-33.901037,151.149046,32,0,2,1,0,0,0,0,2,2,7,50,1,6545,6545,4,0,0,3,0,0,1,2
1244001,2,2020,2020,6,5,8,3,27,74,34609,1,0,1,-34.436539,150.85452,80,0,2,1,1,0,0,0,0,0,7,50,0,1945,1945,5,17,40,1,0,0,1,0
1244003,1,2020,2020,1,2,8,92,27,129,244,0,1,1,-33.898221,151.0966,9,0,2,1,1,0,0,0,2,0,7,60,2,14295,14295,3,9,5,4,0,0,0,2
1244007,2,2020,2020,11,2,0,1,7,61,34609,0,1,1,-29.754265,151.739723,51,2,1,0,0,0,0,0,0,0,7,50,0,4552,5151,8,10,40,1,0,0,1,0
1244010,2,2020,2020,10,1,7,191,17,32,189,0,1,1,-32.642893,151.230647,64,2,1,1,0,0,0,0,2,0,7,70,2,14295,14295,3,30,5,3,0,0,1,5
1244015,2,2020,2020,5,2,6,15,27,82,34609,0,1,1,-31.070547,150.941874,70,2,1,0,0,0,3,3,2,0,7,80,0,2585,4009,8,10,40,1,0,0,1,0
1244018,4,2020,2020,1,5,9,43,22,125,34609,1,0,1,-33.864886,151.077919,67,0,2,1,2,0,0,0,0,0,7,50,0,1282,1282,1,5,40,1,0,1,0,0
1244019,1,2020,2020,11,1,8,39,27,21,51,0,1,9,-33.667805,151.092595,31,0,2,1,1,0,0,0,2,0,7,60,2,9859,9859,8,5,40,1,0,0,0,2
1244020,2,2020,2020,1,4,0,2209,17,35,2205,0,1,1,-35.508466,150.325964,63,1,0,0,0,0,0,0,0,0,7,100,2,782,957,5,30,40,1,0,0,1,0
1244021,4,2020,2020,1,6,8,16,27,18,34609,0,1,7,-32.801721,151.466516,17,2,1,1,1,0,0,0,2,0,0,60,0,78,78,8,16,40,1,0,1,0,0
1244023,4,2020,2020,1,0,4,149,27,52,198,0,1,1,-33.981315,150.991737,41,0,2,1,0,0,0,0,2,0,7,80,2,3775,3775,0,0,5,2,0,1,1,0
1244024,4,2020,2020,5,0,9,12,10,35,34609,0,1,9,-34.10148,150.797721,13,0,2,0,2,0,0,0,0,0,7,60,0,1669,1669,3,5,5,2,0,1,0,1
1244026,2,2020,2020,1,4,7,74,27,41,260,0,1,2,-32.957583,151.616916,37,0,2,1,1,0,0,0,2,0,7,70,2,14295,14295,3,0,5,3,0,0,1,0
1244027,2,2020,2020,1,5,2,196,36,36,15,0,1,1,-33.91386,148.159484,51,1,0,1,0,0,0,0,0,0,7,100,1,9859,9859,8,10,40,1,0,0,1,0
1244028,2,2020,2020,5,6,8,90,36,11,102,0,1,9,-34.679316,148.641914,82,2,1,0,0,0,0,0,2,0,0,60,2,2852,2852,4,5,35,2,0,0,1,0
1244030,2,2020,2020,1,3,11,195,27,54,186,0,1,2,-33.863435,150.871081,24,0,2,0,2,0,3,4,0,0,7,70,2,3775,3775,0,5,5,3,0,0,2,0
1244031,2,2020,2020,5,4,8,53,36,96,34,0,1,1,-33.396852,148.153715,51,1,0,1,0,0,0,0,3,0,7,100,2,9859,9859,8,5,40,1,0,0,1,0
1244032,1,2020,2020,11,5,9,143,31,71,34609,0,1,1,-33.969704,151.07806,25,0,2,1,2,0,0,0,0,0,7,50,0,4026,4026,1,30,13,3,0,0,0,1
1244036,2,2020,2020,11,5,4,47,31,66,34609,0,1,1,-34.488667,150.897408,80,0,2,1,0,0,0,0,2,0,7,50,0,1981,1981,4,10,27,2,0,0,2,0
1244039,1,2020,2020,11,3,4,19,31,96,34609,0,1,1,-34.060696,150.832149,13,0,2,1,1,0,3,4,2,0,7,60,0,1109,397,1,5,5,2,0,0,0,1
1244041,4,2020,2020,1,3,4,33,27,120,34609,0,1,7,-33.763026,150.864863,7,0,2,1,1,0,0,0,2,0,0,50,0,6545,6545,4,5,27,2,0,1,0,0
1244043,4,2020,2020,11,0,4,133,31,46,34609,0,1,1,-35.171767,147.381888,75,2,1,1,1,0,0,0,2,0,7,50,0,9859,9859,8,5,40,2,0,1,0,0
1244044,4,2020,2020,5,2,0,1,27,9,34609,0,1,1,-28.824313,153.218121,39,2,1,0,0,0,0,0,0,0,7,80,0,4552,5151,8,5,40,1,0,1,2,0
1244046,1,2020,2020,11,0,6,3371,23,147,34609,0,1,1,-33.754575,151.285558,50,0,2,1,1,0,0,0,2,0,7,50,0,1981,1981,4,5,12,2,0,0,0,1
1244049,4,2020,2020,1,6,9,132,31,252,126,0,1,10,-33.890444,151.209199,69,0,2,1,1,0,0,0,3,2,7,50,2,5929,5929,1,5,19,2,0,1,0,0
1244050,4,2020,2020,1,1,5,11,27,3,34609,0,1,1,-33.331625,150.978159,29,2,2,0,0,2,0,0,2,0,7,60,0,4552,5151,8,16,40,1,0,1,0,0
1244052,4,2020,2020,11,4,6,7,27,20,5,0,1,1,-30.296729,149.35664,51,1,0,0,0,0,0,0,2,0,7,100,1,418,714,5,29,40,1,0,1,0,0
1244054,1,2020,2020,10,4,7,35,27,30,34609,0,1,1,-28.328252,153.508041,72,2,1,0,0,0,0,0,2,0,7,80,0,3775,3775,0,5,10,2,0,0,0,1
1244055,4,2020,2020,11,3,9,100,27,68,78,0,1,1,-33.688479,149.841268,51,1,0,0,0,0,3,4,0,0,7,100,2,3775,3775,0,5,12,2,0,1,0,3
1244060,1,2020,2020,11,3,7,85,10,125,51,0,1,7,-33.854037,151.077589,67,0,2,1,3,0,0,0,2,2,9,60,1,14295,14295,3,5,5,2,0,0,0,1
1244061,2,2020,2020,11,0,7,62,10,122,62,0,1,10,-33.42728,151.344223,16,2,2,1,3,0,0,0,2,2,7,50,2,1391,1391,1,10,5,2,0,0,1,0
1244062,1,2020,2020,3,0,3,109,27,74,382,0,1,10,-33.759399,150.839528,7,0,2,1,3,0,0,0,2,2,7,60,2,14295,14295,3,9,5,2,0,0,0,1
1244064,1,2020,2020,11,0,5,28,31,112,34609,0,1,1,-33.914719,150.928441,41,0,2,1,3,0,0,0,2,0,7,50,0,14295,14295,3,0,5,2,0,0,0,1
1244065,2,2020,2020,10,1,10,195,27,20,186,0,1,10,-33.935734,150.843262,41,0,2,1,3,0,0,0,0,2,7,70,2,5929,5929,1,10,5,2,0,0,1,0
1244071,1,2020,2020,10,5,7,44,27,202,563,0,1,10,-33.945072,151.034715,15,0,2,1,3,0,0,0,2,2,7,70,2,14295,14295,3,9,5,2,0,0,0,2
1244083,2,2020,2020,10,3,4,9,27,6,34609,0,1,1,-34.677453,149.982612,26,1,0,1,3,0,0,0,2,0,7,100,0,1089,1089,7,10,40,1,0,0,1,0
1244086,1,2020,2020,1,1,7,10,27,460,34609,1,2,9,-33.836475,150.982266,21,0,2,1,3,0,0,0,2,0,7,40,0,14295,14295,3,5,5,2,0,0,0,1
1244088,4,2020,2020,11,3,8,2261,17,243,2252,0,1,10,-33.950418,150.904572,41,0,2,1,3,0,0,0,2,2,7,70,2,1669,1669,3,0,0,2,0,2,0,0
1244091,2,2020,2020,11,4,9,4,31,108,34609,0,1,10,-33.81507,151.190063,77,0,2,1,3,0,0,0,0,2,7,50,0,926,926,4,5,5,2,0,0,1,0
1244092,4,2020,2020,11,4,9,177,22,210,176,0,1,10,-34.033279,151.09247,68,0,2,1,3,0,3,0,0,2,7,60,2,5929,5929,1,5,36,2,0,1,0,0
1244094,2,2020,2020,1,0,4,41,27,173,34609,0,1,1,-33.710195,151.132824,36,0,2,1,1,0,0,0,2,0,7,50,0,14295,14295,3,16,36,2,0,0,1,0
1244096,2,2020,2020,10,0,5,2,10,84,34609,0,1,1,-33.467766,151.404549,16,2,2,1,0,0,0,0,2,0,7,50,0,4026,4026,8,5,40,1,0,0,1,0
1244097,2,2020,2020,11,5,8,44,27,23,126,0,1,2,-32.76682,151.811871,57,2,1,1,0,0,0,0,3,0,7,80,2,475,475,5,0,40,1,0,0,1,1
1244098,1,2020,2020,10,3,5,205,27,86,415,0,1,2,-33.709014,151.197245,50,0,2,1,3,0,0,0,2,0,7,90,2,14295,14295,3,10,5,3,0,0,0,1
1244104,1,2020,2020,11,6,5,19,31,433,40,0,1,1,-33.29742,149.101037,52,2,1,1,3,0,0,0,2,0,7,50,1,1981,1981,4,5,13,2,0,0,0,1
1244108,1,2020,2020,11,3,7,105,27,65,109,0,1,10,-33.862797,150.917374,24,0,2,1,3,0,0,0,2,2,7,60,1,6545,6545,4,5,5,2,0,0,0,1
1244115,1,2020,2020,11,1,7,9,31,94,34609,0,1,10,-33.838799,151.037277,54,0,2,1,1,0,0,0,2,0,15,50,0,6545,6545,4,0,0,2,0,0,0,1
1244116,2,2020,2020,11,0,3,24,31,70,24,0,1,9,-33.435268,151.351471,16,2,2,1,1,0,0,0,2,0,7,60,1,14295,14295,3,0,0,4,0,0,2,2
1244117,1,2020,2020,10,6,5,31,27,85,41,0,1,10,-33.720043,151.142797,36,0,2,1,3,0,0,0,2,1,7,60,1,14295,14295,3,0,5,3,0,0,0,1
1244118,1,2020,2020,1,2,4,85,10,125,702,0,1,2,-33.8509,151.080879,67,0,2,1,3,0,0,0,2,0,7,80,2,14295,14295,3,0,0,2,0,0,0,1
1244120,1,2020,2020,10,6,8,3371,17,23,3342,0,1,2,-33.000013,151.685624,37,0,2,1,0,0,0,0,2,0,7,70,2,1282,1282,1,5,13,2,0,0,0,1
1244121,4,2020,2020,5,4,5,361,23,21,34609,0,1,1,-33.723059,150.4055,8,2,2,0,0,0,3,0,2,0,7,50,0,1850,1463,5,22,40,1,0,1,0,0
1244122,2,2020,2020,10,5,8,1104,14,460,962,0,1,3,-33.825413,150.990747,54,0,2,1,1,0,0,0,2,0,7,80,2,1383,1383,1,0,5,3,0,0,2,1