Crash ID,Degree of crash - detailed,Reporting year,Year of crash,Month of crash,Day of week of crash,Two-hour intervals,Street of crash,Street type,Town,Route no.,School zone location,School zone active,Type of location,Latitude,Longitude,LGA,Urbanisation,Conurbation 1,Alignment,Street lighting,Road surface,Surface condition,Weather,Natural lighting,Signals operation,Other traffic control,Speed limit,Road classification,RUM - code,DCA - code,First impact type,Key TU type,Other TU type,No. of traffic units involved,No. killed,No. seriously injured,No. moderately injured,No. minor-other injured
1244124,1,2020,2020,1,1,5,15,31,35,31,0,1,1,-28.808674,153.266513,39,2,1,1,0,0,0,0,2,0,7,50,1,591,591,1,22,13,2,0,0,0,1
1244126,4,2020,2020,11,1,4,515,14,243,518,0,1,3,-33.938024,150.912307,41,0,2,1,0,0,0,0,2,0,7,100,2,14295,14295,3,5,5,3,0,1,0,0
1244128,1,2020,2020,11,0,3,59,10,89,34609,0,1,9,-33.897764,151.240504,59,0,2,1,0,0,0,0,2,0,7,30,0,2040,2040,9,22,28,2,0,0,0,2
1244129,2,2020,2020,10,0,6,177,31,162,208,0,1,9,-33.857895,150.908691,24,0,2,1,1,0,0,0,2,0,15,60,1,926,926,4,5,5,2,0,0,1,0
1244132,4,2020,2020,10,4,4,916,17,66,917,0,1,2,-32.812397,151.655285,48,0,2,1,1,0,0,0,2,0,7,90,2,1282,1282,1,30,19,2,0,1,0,0
1244135,1,2020,2020,10,2,9,57,27,337,47,0,1,10,-33.72486,150.97682,71,0,2,1,2,0,0,0,0,2,7,60,2,5929,5929,1,0,13,2,0,0,0,1
1244136,2,2020,2020,11,3,8,11,1,433,34609,1,0,1,-33.290177,149.116844,52,2,1,1,0,0,0,0,2,0,7,50,0,1945,1945,5,16,40,1,0,0,1,0
1244137,4,2020,2020,10,3,4,485,27,232,769,0,1,9,-33.696807,150.927566,71,0,2,1,1,0,0,0,2,2,7,80,2,2852,2852,4,0,0,2,0,2,0,0
1244139,4,2020,2020,1,1,10,2209,17,44,2205,0,1,2,-33.946109,151.141189,4,0,2,1,2,0,0,0,0,0,7,60,2,2040,2040,9,9,28,2,0,1,1,0
1244144,4,2020,2020,10,3,7,1,27,4,34609,0,1,1,-33.678183,149.898395,51,2,1,0,0,2,0,0,2,0,7,80,0,1259,5151,8,10,40,1,0,1,0,0
1244145,2,2020,2020,1,1,7,6,27,3,34609,0,1,9,-37.02872,149.825909,5,2,1,1,0,0,0,0,2,0,7,60,0,323,323,1,16,5,2,0,0,1,0
1244150,4,2020,2020,11,0,7,9,27,4,34609,0,1,1,-34.45672,150.001869,74,1,0,0,0,2,0,0,2,0,7,100,0,2585,4009,8,16,40,1,0,1,0,0
1244156,1,2020,2020,11,4,5,74,27,609,163,0,1,10,-33.77878,150.914232,7,0,2,1,1,0,0,0,2,2,7,60,2,926,926,4,5,5,2,0,0,0,2
1244158,1,2020,2020,1,5,10,145,31,10,103,0,1,7,-28.802926,153.275683,39,2,1,1,0,2,0,0,0,0,0,50,1,214,214,9,33,28,2,0,0,0,1
1244163,2,2020,2020,10,3,5,5,31,198,41,0,1,9,-33.90891,151.103256,15,0,2,1,1,0,0,0,2,0,9,40,1,14295,14295,3,5,5,2,0,0,1,0
1244167,2,2020,2020,11,3,8,2209,17,157,2205,0,1,9,-34.009065,151.1097,68,0,2,0,3,0,0,0,3,0,7,70,2,6545,6545,4,5,5,2,0,0,1,0
1244170,2,2020,2020,1,2,7,15,27,247,38,0,1,9,-33.813622,150.935983,21,0,2,1,3,0,0,0,2,2,7,60,2,14295,14295,3,5,5,2,0,0,1,1
1244171,1,2020,2020,10,4,5,3,27,78,34609,0,1,7,-28.34031,153.362498,72,2,1,1,3,0,0,0,2,0,0,50,0,6545,6545,4,5,22,2,0,0,0,1
1244175,2,2020,2020,10,4,7,31,23,139,187,0,1,2,-33.873314,151.137313,32,0,2,1,3,0,0,0,2,0,7,60,2,14295,14295,3,0,13,3,0,0,1,0
1244178,4,2020,2020,11,4,6,35,2,17,34609,0,1,7,-31.882588,152.662601,43,2,1,1,1,0,0,0,2,0,0,60,0,1259,985,8,5,40,1,0,1,0,0
1244180,2,2020,2020,5,0,8,2209,17,9,2205,0,1,9,-35.085255,150.531542,63,2,1,0,3,0,0,0,0,0,7,80,2,1089,1089,7,30,40,1,0,0,1,0
1244186,2,2020,2020,10,2,7,478,17,5,480,0,1,2,-33.425235,151.407286,16,2,2,1,3,0,0,0,2,0,7,60,2,941,941,1,5,0,2,0,0,1,1
1244187,2,2020,2020,5,0,4,5,31,71,34609,0,1,10,-33.265788,151.543262,16,2,2,1,3,0,0,0,2,0,15,50,0,6545,6545,4,5,5,2,0,0,1,0
1244189,1,2020,2020,10,2,6,50,27,125,51,0,1,7,-33.854126,151.077484,67,0,2,1,1,0,0,0,2,0,0,60,1,1109,397,1,16,5,2,0,0,0,1
1244191,1,2020,2020,11,5,7,5,31,48,34609,0,1,10,-32.717088,152.155203,57,2,1,1,1,0,0,0,2,0,0,50,0,6545,6545,4,5,5,2,0,0,0,1
1244194,2,2020,2020,1,3,5,1,27,7,34609,0,1,1,-31.388712,150.910323,70,1,0,1,0,0,3,0,2,0,7,100,0,945,945,5,16,40,1,0,0,1,0
1244198,1,2020,2020,1,5,3,2126,17,161,2149,1,0,9,-33.888947,151.153138,32,0,2,1,2,0,0,0,1,0,7,60,2,1945,1945,5,15,40,1,0,0,0,1
1244202,1,2020,2020,11,5,5,103,7,210,34609,0,1,1,-34.026532,151.103182,68,0,2,1,0,0,0,0,2,0,7,50,0,4026,4026,1,16,5,2,0,0,0,1
1244203,4,2020,2020,10,1,5,95,27,50,605,0,1,2,-33.635432,151.330577,50,0,2,1,1,0,0,0,2,0,7,60,2,9859,9859,1,5,0,4,0,1,0,0
1244206,1,2020,2020,1,0,8,361,23,193,34609,0,1,9,-33.790097,151.08277,61,0,2,1,1,0,0,0,2,0,7,50,0,2040,2040,9,5,28,2,0,0,0,1
1244207,2,2020,2020,10,2,5,255,31,64,46,0,1,1,-33.48187,150.138578,40,2,1,1,0,0,0,0,2,0,7,50,2,1220,1220,9,16,28,2,0,0,1,0
1244210,2,2020,2020,10,6,3,5,10,91,34609,1,0,9,-33.993347,150.898148,13,0,2,1,1,0,0,0,2,0,7,50,0,14295,14295,3,5,5,2,0,0,1,0
1244211,2,2020,2020,10,2,10,3,27,8,34609,0,1,1,-32.748936,152.169203,57,2,1,1,2,0,0,0,0,0,7,50,0,1945,1945,5,16,40,1,0,0,1,0
1244212,1,2020,2020,11,3,7,2261,17,140,2252,0,1,9,-33.899088,150.996431,15,0,2,1,1,0,0,0,2,2,9,70,2,591,591,1,22,40,2,0,0,0,1
1244215,2,2020,2020,11,0,5,478,17,26,480,0,1,9,-33.275334,151.558255,16,2,2,1,3,0,0,0,2,0,15,60,2,1391,1391,1,5,5,2,0,0,1,0
1244217,2,2020,2020,11,2,5,12,27,8,34609,0,1,1,-33.660997,150.915052,71,0,2,1,1,0,0,0,2,0,7,70,0,14295,14295,3,5,13,2,0,0,1,0
1244218,4,2020,2020,5,3,10,3,31,84,34609,0,1,7,-33.468769,151.397614,16,2,2,1,2,0,3,4,0,0,0,50,0,475,475,5,5,40,1,0,1,0,0
1244219,4,2020,2020,1,0,11,24,1,133,34609,1,0,4,-33.923854,151.003398,15,0,2,0,2,0,0,0,0,0,7,50,0,2585,4009,8,5,40,1,0,1,0,0
1244221,2,2020,2020,1,4,8,220,14,78,220,0,1,3,-34.476902,150.828367,80,0,2,1,0,0,0,0,2,0,7,100,2,4026,4026,8,0,40,1,0,0,1,0
1244222,2,2020,2020,11,2,11,37,23,443,78,0,1,10,-33.906706,151.057281,15,0,2,1,2,0,0,0,0,2,9,60,2,1220,1220,9,5,28,5,0,0,1,2
1244226,2,2020,2020,11,1,3,175,27,609,220,0,1,2,-33.765682,150.912693,7,0,2,0,3,0,0,0,2,2,9,60,2,14295,14295,3,5,40,2,0,0,1,0
1244228,2,2020,2020,10,1,8,205,27,50,415,0,1,1,-33.685306,151.249681,50,0,2,1,3,0,0,0,3,0,7,70,2,14295,14295,3,5,13,2,0,0,1,1
1244232,1,2020,2020,11,3,4,20,31,149,260,0,1,1,-33.9918,151.142247,4,0,2,1,1,0,0,0,2,0,7,60,2,3775,3775,0,5,5,2,0,0,0,2
1244234,1,2020,2020,10,4,7,478,17,69,480,0,1,9,-33.364002,151.478317,16,2,2,1,0,0,0,0,2,0,7,50,2,14295,14295,3,30,13,3,0,0,0,1
1244235,2,2020,2020,10,6,3,74,23,100,260,0,1,9,-33.960953,151.156346,4,0,2,1,2,0,0,3,1,2,9,60,2,1220,1220,9,5,28,2,0,0,1,0
1244236,2,2020,2020,10,6,8,45,27,19,34609,0,1,10,-33.438923,149.56935,3,2,1,1,1,0,0,0,2,0,0,60,0,1282,1282,1,22,5,2,0,0,1,0
1244239,1,2020,2020,11,0,8,2126,17,106,2149,0,1,2,-33.88618,151.179428,69,0,2,1,3,0,0,0,2,0,7,60,2,14295,14295,3,30,0,2,0,0,0,1
1244240,2,2020,2020,10,0,9,512,17,562,441,0,1,1,-32.253465,148.602851,22,2,1,1,3,0,0,0,3,0,7,60,2,14295,14295,3,5,0,3,0,0,1,0
1244242,2,2020,2020,10,0,5,18,31,532,34609,0,1,9,-33.863364,151.205783,69,0,2,1,1,0,0,0,2,0,6,40,0,1850,777,5,16,40,1,0,0,1,0
1244244,1,2020,2020,0,5,6,13,31,103,34609,0,1,10,-34.312219,148.298282,30,2,1,1,1,0,0,0,2,0,0,50,0,5929,5929,1,10,5,2,0,0,0,2
1244246,2,2020,2020,10,1,2,916,17,25,917,0,1,1,-30.891219,151.15721,70,1,0,1,0,0,0,0,1,0,7,100,2,9859,9859,8,30,40,1,0,0,2,0
1244249,2,2020,2020,10,3,10,10,27,9,34609,0,1,1,-34.941727,149.838271,26,1,0,0,0,2,0,0,0,0,7,100,0,1259,5151,8,10,40,1,0,0,1,0
1244250,4,2020,2020,10,1,6,6,31,224,34,0,1,10,-33.830855,151.229789,45,0,2,1,0,0,0,0,2,0,15,50,1,6545,6545,4,0,19,2,0,1,0,0
1244252,4,2020,2020,10,6,5,334,17,98,308,0,1,7,-30.981247,150.250935,51,2,1,1,1,0,0,0,2,0,0,50,2,6545,6545,4,10,19,2,0,1,0,0
1244255,2,2020,2020,10,6,6,916,17,14,917,0,1,9,-32.458562,151.066117,64,1,0,1,0,0,0,0,2,0,15,100,2,150,150,4,8,19,2,0,0,1,0
1244256,4,2020,2020,1,5,8,59,31,101,34609,0,1,9,-32.916824,151.618802,37,0,2,1,1,0,0,0,2,0,0,50,0,1109,787,1,5,19,2,0,1,0,0
1244257,2,2020,2020,11,4,6,194,27,284,34609,0,1,1,-33.905197,151.022949,15,0,2,0,1,0,0,0,2,0,7,50,0,2040,2040,9,5,28,2,0,0,1,0
1244258,4,2020,2020,1,2,0,2,31,58,34609,0,1,1,-34.048873,151.119336,68,0,2,1,2,0,0,0,0,0,7,50,0,238,238,9,0,28,2,0,1,0,0
1244264,4,2020,2020,1,6,4,4,31,76,34609,0,1,9,-33.918304,150.86998,41,0,2,0,0,0,0,0,2,0,7,50,0,2040,2040,9,5,28,2,0,1,0,0
1244266,1,2020,2020,11,3,5,3371,17,43,3342,0,1,2,-33.215435,151.509908,16,2,2,1,1,0,3,4,2,2,7,70,2,5929,5929,1,30,5,2,0,0,0,1
1244269,2,2020,2020,11,2,9,3371,17,37,3342,0,1,9,-33.021493,151.666588,37,0,2,1,2,0,0,0,0,2,7,60,2,5929,5929,1,0,0,2,0,0,1,1
1244272,4,2020,2020,1,0,7,500,27,145,799,0,1,10,-33.930028,151.069641,15,0,2,1,3,1,2,6,2,0,7,60,2,14295,14295,3,0,0,7,0,1,2,0
1244277,1,2020,2020,11,6,8,14,31,165,34609,0,1,10,-32.263889,150.904404,46,2,1,1,0,0,0,0,2,0,0,50,0,6545,6545,4,30,5,2,0,0,0,1
1244278,1,2020,2020,11,6,4,6,1,234,34609,0,1,10,-34.309883,146.031219,28,1,0,1,0,0,3,4,2,0,0,100,0,6545,6545,4,29,13,2,0,0,0,1
1244280,1,2020,2020,11,5,8,19,27,143,34609,0,1,1,-33.879503,151.10666,9,0,2,1,1,0,0,0,3,0,7,50,0,9859,9859,1,5,5,3,0,0,0,1
1244281,1,2020,2020,11,2,7,11,27,6,34609,0,1,1,-37.231711,149.702024,5,1,0,0,0,0,0,0,2,0,7,100,0,2585,4009,8,16,40,1,0,0,0,2
1244282,4,2020,2020,11,0,6,34,27,73,799,1,0,1,-33.896178,151.161995,32,0,2,0,3,0,0,3,2,0,7,60,2,4552,5151,1,9,13,3,0,1,0,0
1244283,1,2020,2020,10,3,6,103,27,33,167,0,1,1,-33.984354,151.136268,4,0,2,1,3,0,0,0,2,0,7,60,2,14295,14295,3,0,13,3,0,0,0,4
1244284,1,2020,2020,10,0,4,143,31,134,34609,0,1,1,-33.890733,151.243767,76,0,2,1,3,0,0,0,2,0,7,50,0,941,941,1,5,27,2,0,0,0,1
1244288,2,2020,2020,11,5,8,4,2,63,34609,0,1,10,-33.260454,151.46517,16,2,2,1,3,0,0,0,2,0,7,50,0,1192,1192,1,10,5,2,0,0,1,0
1244290,1,2020,2020,8,0,8,133,27,66,260,1,0,2,-32.928056,151.644037,37,0,2,1,3,0,0,0,2,0,7,60,2,14295,14295,3,5,0,2,0,0,0,1
1244293,1,2020,2020,10,0,4,36,27,71,55,1,0,9,-33.841465,150.975037,21,0,2,1,3,0,0,0,2,0,0,50,1,14295,14295,3,5,5,3,0,0,0,1
1244295,2,2020,2020,11,0,7,7,27,433,34609,0,1,1,-33.250239,149.10808,52,2,1,1,3,0,0,0,2,0,7,60,0,14295,14295,3,0,13,2,0,0,2,0
1244309,1,2020,2020,11,0,4,42,10,78,39,0,1,7,-34.47411,150.832764,80,0,2,1,3,0,0,0,2,0,0,70,1,14295,14295,3,5,5,2,0,0,0,1
1244319,1,2020,2020,11,5,8,6,31,271,34609,0,1,10,-33.9636,151.020889,15,0,2,1,1,0,0,0,2,0,0,50,0,1220,1220,9,0,26,2,0,0,0,1
1244322,1,2020,2020,11,6,5,3371,17,10,3342,0,1,9,-32.95296,151.711493,37,0,2,0,0,0,0,0,2,2,7,60,2,926,926,4,27,0,2,0,0,0,1
1244323,4,2020,2020,11,4,10,15,31,148,34609,0,1,1,-36.036927,146.944146,0,2,1,1,2,0,0,0,0,0,7,50,0,340,340,9,5,28,2,0,1,0,0
1244326,2,2020,2020,1,5,7,213,17,11,213,0,1,1,-29.683809,152.882355,18,1,0,0,1,0,0,0,2,0,7,100,2,1192,1192,1,0,5,2,0,0,2,0
1244331,2,2020,2020,11,4,7,8,1,433,34609,1,2,10,-33.269431,149.101524,52,2,1,1,0,0,0,0,2,0,9,40,0,1220,1220,9,10,28,2,0,0,1,0
1244333,2,2020,2020,8,3,10,481,17,7,483,0,1,9,-31.38826,149.254012,51,1,0,1,0,0,0,0,0,0,0,100,2,418,777,5,29,40,1,0,0,1,0
1244334,1,2020,2020,11,5,8,22,31,532,34609,0,1,10,-33.866766,151.204364,69,0,2,1,2,0,0,0,0,2,9,40,0,1945,1945,5,22,40,1,0,0,0,1
1244337,1,2020,2020,11,1,8,5,31,111,34609,0,1,7,-33.918496,151.254668,59,0,2,1,0,0,0,0,2,0,0,50,0,2040,2040,9,5,28,2,0,0,0,1
1244338,2,2020,2020,10,0,5,346,17,35,332,0,1,1,-28.822094,153.265168,39,2,1,1,0,0,0,0,2,0,7,60,2,14295,14295,3,10,5,3,0,0,1,0
1244342,1,2020,2020,11,5,6,7,23,136,34609,0,1,7,-33.922004,151.084096,15,0,2,0,0,0,0,0,2,0,7,50,0,4552,985,8,5,40,1,0,0,0,1
1244345,1,2020,2020,11,1,3,46,27,109,39,0,1,9,-33.905366,151.144499,32,0,2,1,1,0,0,0,2,0,0,60,1,926,926,4,30,18,3,0,0,0,1
1244347,2,2020,2020,11,3,1,6,27,96,34609,0,1,1,-33.382286,147.989819,51,2,1,1,2,0,3,4,0,0,7,50,0,9859,9859,8,5,40,1,0,0,1,0
1244348,4,2020,2020,10,3,11,17,27,5,14,0,1,1,-35.761998,147.419841,27,1,0,0,0,0,0,0,0,0,7,100,1,2585,4009,8,16,40,1,0,1,0,0
1244349,2,2020,2020,1,4,6,293,10,23,172,0,1,1,-33.002422,151.643105,37,0,2,1,1,0,0,0,2,0,7,70,2,1945,1945,5,16,40,1,0,0,1,0
1244350,4,2020,2020,1,4,4,5,27,4,34609,0,1,1,-28.768612,153.319469,39,2,1,1,0,0,0,0,2,0,7,80,0,9859,9859,8,0,40,1,0,1,0,0
1244356,1,2020,2020,10,0,1,5,27,223,136,0,1,9,-33.803313,150.91589,7,0,2,1,2,0,0,0,0,0,0,60,2,6545,6545,4,5,5,2,0,0,0,1
1244358,2,2020,2020,1,5,8,21,27,7,61,0,1,1,-34.251116,146.099453,28,2,1,0,0,0,0,0,2,0,7,50,1,4552,5151,8,31,40,1,0,0,1,0
1244362,1,2020,2020,11,5,3,20,1,129,41,0,1,1,-33.898565,151.108204,15,0,2,1,0,0,0,0,2,0,7,50,1,368,368,9,5,28,2,0,0,0,1
1244364,1,2020,2020,10,5,8,829,27,123,770,0,1,2,-33.810946,151.063857,54,0,2,1,1,0,0,0,2,0,7,70,2,186,186,9,22,28,2,0,0,0,1
1244367,2,2020,2020,5,0,3,1,27,14,34609,0,1,1,-30.70627,149.659782,51,1,0,0,0,2,0,0,1,0,7,100,0,4552,5151,8,0,40,1,0,0,1,0
1244370,2,2020,2020,10,4,9,481,17,96,483,0,1,9,-33.481592,147.828392,51,1,0,1,0,0,0,0,2,0,0,110,2,1669,1669,3,0,0,2,0,0,2,1
1244371,4,2020,2020,11,0,4,2261,17,59,2252,0,1,3,-33.975794,150.870888,13,0,2,0,1,0,0,0,2,0,7,110,2,1282,1282,1,29,5,2,0,1,0,0
1244372,2,2020,2020,11,5,11,2209,17,67,2205,0,1,9,-34.432101,150.865312,80,0,2,1,2,0,0,0,0,2,7,60,2,1981,1981,4,5,0,2,0,0,1,1
1244373,2,2020,2020,1,5,9,97,17,34,88,0,1,2,-34.82576,149.597919,26,1,0,0,0,0,0,0,0,0,7,110,2,4552,5151,8,5,40,1,0,0,1,0
1244374,1,2020,2020,11,0,4,3371,10,316,34609,0,1,9,-31.443064,152.925407,56,2,1,1,1,0,0,0,2,0,0,50,0,256,256,4,5,5,2,0,0,0,1
1244376,2,2020,2020,11,0,6,16,31,194,148,0,1,10,-30.518121,151.670409,1,2,1,1,1,0,0,0,2,0,15,50,2,6545,6545,4,5,5,2,0,0,1,0
1244379,1,2020,2020,11,1,7,12,31,56,34609,1,2,1,-31.091015,152.825003,34,2,1,1,1,0,0,0,2,0,7,40,0,2040,2040,9,16,28,2,0,0,0,1
1244381,1,2020,2020,11,6,4,98,27,90,11,0,1,7,-33.802544,150.928157,7,0,2,0,3,0,0,0,2,0,0,60,1,301,301,4,5,5,2,0,0,0,1
1244386,1,2020,2020,10,2,2,42,10,65,39,0,1,9,-34.487974,150.884875,80,0,2,0,3,0,0,0,1,0,0,60,1,1981,1981,4,30,5,2,0,0,0,1
1244387,2,2020,2020,11,4,3,3371,17,147,3342,0,1,9,-33.744017,151.141054,36,0,2,1,3,0,0,0,2,0,7,60,2,14295,14295,3,0,13,3,0,0,1,0
1244391,1,2020,2020,11,6,5,26,27,92,25,0,1,1,-33.980351,150.83681,41,0,2,1,3,0,0,0,2,0,7,70,1,623,623,3,10,5,2,0,0,0,1
1244397,2,2020,2020,10,0,3,17,2,74,34609,0,1,7,-34.02784,150.770974,12,0,2,1,3,0,0,0,2,0,0,50,0,6545,6545,4,10,5,2,0,0,1,0
1244406,1,2020,2020,11,6,8,103,27,33,167,0,1,10,-33.984265,151.136287,25,0,2,1,2,0,0,0,3,2,7,60,2,14295,14295,3,5,5,3,0,0,0,1
1244440,4,2020,2020,5,5,7,2,27,26,34609,0,1,1,-31.239487,152.907508,34,2,1,0,0,2,0,3,2,0,7,80,0,2585,4009,8,0,40,1,0,1,0,0
1244442,2,2020,2020,1,1,4,36,27,106,35,0,1,10,-33.891004,151.179144,32,0,2,1,1,0,0,0,2,0,9,50,1,591,591,1,22,5,2,0,0,1,0
1244443,4,2020,2020,1,5,8,5,31,176,34609,0,1,9,-33.946894,151.13511,4,0,2,1,0,0,0,0,2,0,7,50,0,489,489,8,16,40,1,0,1,0,0
1244444,4,2020,2020,5,0,6,12,31,111,34609,0,1,9,-33.922898,151.256963,59,0,2,1,1,0,0,0,2,0,7,50,0,214,214,9,5,28,2,0,1,0,0
1244445,2,2020,2020,11,5,2,1,27,4,34609,0,1,9,-34.892447,150.552009,63,1,0,1,0,0,0,0,1,0,7,100,0,4026,4026,8,5,40,1,0,0,1,0
1244447,1,2020,2020,5,3,7,59,10,89,34609,0,1,9,-33.894064,151.235115,59,0,2,0,1,0,0,0,2,0,15,30,0,515,515,1,0,27,2,0,0,0,1
1244448,1,2020,2020,11,0,1,2126,17,27,2149,0,1,2,-33.580406,150.238868,8,2,2,0,0,0,3,4,0,0,7,60,2,2585,4009,8,5,40,1,0,0,0,1
1244449,2,2020,2020,1,4,2,21,27,16,23,0,1,10,-33.742468,150.648909,55,0,2,1,2,0,0,0,0,2,7,50,1,2040,2040,9,5,28,2,0,0,1,0
1244450,4,2020,2020,5,5,4,515,14,294,518,0,1,3,-33.946569,150.958621,41,0,2,1,1,0,0,0,2,0,7,100,2,14295,14295,3,5,0,2,0,1,0,0
1244451,1,2020,2020,11,5,8,4,1,316,34609,0,1,1,-33.906128,151.246783,59,0,2,1,2,0,0,0,3,0,7,50,0,941,941,1,30,18,2,0,0,0,1
1244452,4,2020,2020,1,0,7,57,27,30,126,0,1,9,-32.76501,151.63594,42,2,1,1,1,0,0,0,2,2,7,80,2,5929,5929,1,0,0,2,0,1,0,2
1244453,2,2020,2020,1,3,1,48,31,92,45,0,1,1,-33.411687,151.345693,16,2,2,1,1,0,0,0,0,0,7,60,1,3775,3775,0,5,10,2,0,0,1,0
1244456,2,2020,2020,5,1,2,5,31,157,34609,0,1,9,-34.012758,151.108014,68,0,2,1,2,0,3,3,0,0,0,50,0,3775,3775,0,5,13,3,0,0,1,0
1244457,4,2020,2020,1,6,11,32,31,16,34609,0,1,1,-33.266633,151.489861,16,2,2,1,0,0,3,0,0,0,7,50,0,9859,9859,1,10,3,3,0,1,0,0
1244459,4,2020,2020,5,6,11,3,10,26,34609,0,1,2,-33.748157,150.879207,7,0,2,1,0,0,0,0,0,0,0,50,0,1981,1981,4,15,13,2,0,1,0,0
1244461,4,2020,2020,5,5,4,171,1,80,104,0,1,2,-33.94522,151.221416,4,0,2,1,1,0,0,0,2,0,7,70,2,14295,14295,3,8,12,2,0,1,0,0
1244462,4,2020,2020,1,5,9,1104,14,39,962,0,1,3,-33.783079,150.760463,55,0,2,1,0,0,0,0,0,0,7,110,2,945,945,5,30,40,1,0,1,0,0
1244465,4,2020,2020,1,2,5,93,1,31,231,0,1,1,-33.506729,151.331284,16,2,2,1,1,0,0,0,2,0,7,60,2,14295,14295,3,5,5,3,0,1,0,0
1244466,2,2020,2020,11,3,8,33,27,89,34609,0,1,10,-33.89684,151.226989,69,0,2,1,1,0,0,0,2,2,7,50,0,591,591,1,22,5,2,0,0,1,0
1244467,2,2020,2020,5,4,7,1,27,60,41,0,1,9,-33.763053,150.758987,55,0,2,1,1,0,0,0,2,0,0,60,1,6545,6545,4,5,13,2,0,0,2,1
1244469,4,2020,2020,5,0,11,4,1,18,34609,0,1,1,-31.009099,152.844482,34,2,1,1,0,2,0,0,0,0,7,80,0,9859,9859,8,5,40,1,0,1,0,0
1244470,1,2020,2020,11,4,8,9,31,166,34609,0,1,7,-33.423503,149.584342,3,2,1,1,1,0,0,0,2,0,0,60,0,1109,787,1,29,5,2,0,0,0,1
1244471,4,2020,2020,11,5,5,23,14,532,22,0,1,3,-33.861579,151.2127,69,0,2,0,0,0,0,0,2,0,7,70,2,1850,1463,5,16,40,1,0,1,0,0
1244473,2,2020,2020,1,6,4,29,31,139,51,0,1,1,-33.876473,151.135619,32,0,2,1,0,0,0,0,2,0,7,50,1,387,387,1,22,36,2,0,0,1,0
1244475,4,2020,2020,11,0,5,3371,17,40,3342,0,1,9,-31.52774,152.791594,56,1,0,1,1,0,0,0,2,0,15,110,2,2852,2852,4,30,5,2,0,1,1,1
1244477,2,2020,2020,5,4,10,1104,14,163,962,0,1,3,-33.867529,151.10067,14,0,2,1,2,0,0,0,0,0,7,80,2,9859,9859,8,0,40,1,0,0,1,0
1244479,4,2020,2020,11,0,9,3,31,188,34609,0,1,9,-33.939353,151.105112,4,0,2,1,2,0,0,0,3,0,7,50,0,926,926,4,5,19,2,0,1,0,0
1244482,1,2020,2020,11,6,11,46,27,16,34609,0,1,1,-32.881723,151.618784,48,0,2,0,0,0,3,4,0,0,7,50,0,4552,5151,8,5,40,1,0,0,0,1
1244483,1,2020,2020,11,4,3,515,14,294,518,0,1,3,-33.940646,150.931486,41,0,2,1,0,0,0,0,2,0,7,100,2,14295,14295,3,10,5,2,0,0,0,1
1244487,1,2020,2020,5,2,11,23,27,61,91,0,1,1,-35.251186,149.262072,58,1,0,1,0,0,0,0,0,0,7,100,2,945,945,5,30,40,1,0,0,0,1
1244489,1,2020,2020,11,4,9,1,27,1,34609,0,1,1,-33.498585,150.415071,8,2,2,0,0,0,0,0,0,0,7,50,0,2585,4009,8,5,40,1,0,0,0,1
1244491,1,2020,2020,11,6,3,15,27,16,118,0,1,1,-30.316702,150.597049,70,1,0,1,0,0,0,0,2,0,7,100,2,475,475,5,10,40,1,0,0,0,1
1244494,2,2020,2020,11,5,6,481,17,48,483,0,1,10,-33.923393,147.218748,51,2,1,1,3,0,0,0,2,0,7,50,2,1669,1669,3,30,5,2,0,0,1,0
1244497,4,2020,2020,11,1,8,222,27,19,34609,0,1,1,-33.754908,151.092494,31,0,2,1,1,0,0,0,2,0,7,50,0,1981,1981,4,16,5,2,0,1,0,0
1244500,1,2020,2020,10,2,10,54,27,70,34609,0,1,9,-33.977225,151.10038,25,0,2,0,3,0,0,0,0,0,7,50,0,217,217,1,5,5,2,0,0,0,1
1244504,4,2020,2020,11,0,6,40,1,16,34609,0,1,1,-35.099734,147.368077,75,2,1,1,3,0,3,4,2,0,7,60,0,3775,3775,0,5,5,2,0,1,0,0
1244505,2,2020,2020,10,2,0,11,27,6,34609,0,1,9,-32.256567,148.51252,22,1,0,0,0,0,0,0,0,0,7,100,0,782,957,5,5,40,1,0,0,1,0
1244506,1,2020,2020,10,1,4,280,10,92,240,1,2,9,-33.872785,150.964556,24,0,2,1,3,0,0,0,2,0,15,40,2,150,150,4,0,5,2,0,0,0,1
1244509,2,2020,2020,10,3,6,8,27,2,34609,0,1,1,-33.317739,149.42246,3,1,0,0,0,0,0,0,2,0,7,100,0,2585,4009,8,5,40,1,0,0,1,0
1244510,1,2020,2020,10,6,4,3,10,294,34609,0,1,1,-33.941116,150.953095,41,0,2,1,3,0,0,0,2,0,7,50,0,14295,14295,3,5,5,3,0,0,0,2
1244511,2,2020,2020,11,0,9,387,27,115,331,0,1,10,-33.958885,151.063904,25,0,2,1,2,0,3,4,0,2,7,60,2,5929,5929,1,5,5,3,0,0,1,1
1244515,1,2020,2020,10,2,6,2126,17,179,2149,0,1,9,-33.758879,150.720697,55,0,2,1,3,0,0,0,2,1,7,60,2,14295,14295,3,0,0,3,0,0,0,1
1244516,2,2020,2020,10,0,5,3371,17,30,3342,0,1,1,-33.270668,151.431329,16,2,2,0,3,0,0,0,2,0,7,70,2,14295,14295,3,5,13,3,0,0,1,1