Crash ID,Degree of crash - detailed,Reporting year,Year of crash,Month of crash,Day of week of crash,Two-hour intervals,Street of crash,Street type,Town,Route no.,School zone location,School zone active,Type of location,Latitude,Longitude,LGA,Urbanisation,Conurbation 1,Alignment,Street lighting,Road surface,Surface condition,Weather,Natural lighting,Signals operation,Other traffic control,Speed limit,Road classification,RUM - code,DCA - code,First impact type,Key TU type,Other TU type,No. of traffic units involved,No. killed,No. seriously injured,No. moderately injured,No. minor-other injured
1244519,2,2020,2020,10,3,6,109,27,100,105,1,0,9,-33.893192,150.891219,24,0,2,1,3,0,0,0,2,0,7,60,2,2852,2852,4,0,5,2,0,0,1,0
1244520,4,2020,2020,1,6,6,3,31,129,34609,0,1,9,-33.934703,151.076155,15,0,2,1,3,0,0,0,2,0,7,50,0,9859,9859,8,5,40,1,0,1,0,0
1244522,2,2020,2020,11,0,6,61,27,232,70,0,1,9,-33.658662,150.929701,71,0,2,1,3,0,0,0,2,0,0,70,1,14295,14295,3,5,13,2,0,0,1,0
1244523,1,2020,2020,10,1,4,205,27,45,415,0,1,10,-33.700695,151.212578,50,0,2,1,3,0,0,0,2,3,7,80,2,14295,14295,3,10,0,2,0,0,0,1
1244524,1,2020,2020,10,5,1,1052,14,83,928,0,1,3,-33.492413,151.185544,16,1,2,0,3,0,3,4,0,0,7,90,2,4552,5151,8,5,40,1,0,0,0,1
1244525,2,2020,2020,11,1,4,3371,17,107,3342,0,1,9,-33.280612,151.426685,16,2,2,1,3,0,0,0,2,0,0,50,2,14295,14295,3,10,5,2,0,0,1,0
1244529,2,2020,2020,11,0,5,171,31,523,34609,0,1,5,-33.917393,150.921021,41,0,2,1,1,0,3,4,2,0,0,50,0,6545,6545,4,5,5,2,0,0,1,1
1244530,2,2020,2020,11,3,9,5,27,17,34609,0,1,1,-34.918607,150.635997,63,2,1,1,3,0,0,0,0,0,7,60,0,9859,9859,8,10,40,1,0,0,1,0
1244531,2,2020,2020,10,5,3,37,27,438,34609,0,1,1,-33.871508,151.022879,21,0,2,1,3,0,0,3,2,0,7,50,0,14295,14295,3,5,0,2,0,0,1,0
1244536,2,2020,2020,11,2,8,63,27,140,17,0,1,1,-33.894828,150.991203,15,0,2,1,2,0,0,0,0,0,7,60,1,941,941,1,5,5,2,0,0,1,0
1244537,2,2020,2020,1,4,6,12,31,166,34609,0,1,10,-33.414465,149.565889,3,2,1,1,3,0,0,0,2,0,0,50,0,6545,6545,4,5,5,2,0,0,1,0
1244539,2,2020,2020,10,4,5,47,31,309,34609,0,1,9,-33.81046,151.101501,61,0,2,1,3,0,0,0,2,0,7,50,0,5929,5929,1,30,13,2,0,0,2,0
1244540,4,2020,2020,10,4,7,32,14,108,124,0,1,3,-33.812525,151.178805,77,0,2,0,3,0,0,0,2,0,7,60,2,14295,14295,3,5,5,2,0,1,1,1
1244542,2,2020,2020,10,6,8,171,31,252,34609,0,1,1,-33.88038,151.212367,69,0,2,1,1,0,0,0,2,0,7,40,0,14295,14295,3,22,5,2,0,0,1,0
1244543,4,2020,2020,10,2,0,1,27,10,34609,0,1,1,-31.437863,148.846222,51,1,0,1,0,0,0,0,0,0,7,100,0,475,475,5,10,40,1,0,1,0,0
1244546,4,2020,2020,10,2,4,18,27,89,27,0,1,1,-33.67573,150.790208,55,0,2,1,0,0,0,0,2,0,7,80,1,43,43,3,30,5,2,0,1,0,2
1244547,1,2020,2020,5,6,7,77,27,247,38,0,1,9,-33.82965,150.928957,21,0,2,1,1,0,0,0,2,2,7,60,2,14295,14295,3,5,5,2,0,0,0,1
1244549,2,2020,2020,10,0,7,15,31,169,147,0,1,7,-28.642178,153.612487,10,2,1,1,1,0,0,0,2,0,0,40,1,2040,2040,9,8,26,2,0,0,1,0
1244550,1,2020,2020,10,3,9,97,17,7,88,0,1,1,-34.950692,149.410349,82,1,0,1,0,0,0,0,3,0,7,110,2,945,945,5,5,40,1,0,0,0,1
1244554,2,2020,2020,11,0,1,346,17,47,332,0,1,1,-28.858367,153.465213,2,1,0,1,0,0,0,0,0,0,7,100,2,2040,2040,9,9,28,2,0,0,1,1
1244557,2,2020,2020,5,0,7,515,14,294,518,0,1,3,-33.945451,150.952193,41,0,2,0,1,0,0,0,2,0,7,100,2,1383,1383,1,10,13,2,0,0,1,0
1244560,1,2020,2020,5,0,7,6,10,120,34609,0,1,1,-32.213312,152.532483,43,2,1,0,1,0,0,0,2,0,7,40,0,2040,2040,9,30,28,2,0,0,0,1
1244561,2,2020,2020,11,2,9,4,10,22,34609,0,1,1,-33.635078,150.78935,29,2,2,1,2,0,0,0,3,0,7,50,0,3775,3775,0,22,5,3,0,0,1,0
1244565,4,2020,2020,10,5,5,2,7,56,18,0,1,9,-31.097701,152.836508,34,2,1,1,1,0,0,0,2,0,0,50,1,6545,6545,4,5,41,2,0,1,1,0
1244570,1,2020,2020,10,2,5,22,31,337,30,0,1,2,-33.730751,151.004551,71,0,2,1,2,0,0,0,2,0,7,60,2,14295,14295,3,5,36,3,0,0,0,1
1244577,2,2020,2020,5,3,8,344,27,609,163,0,1,9,-33.761306,150.899004,7,0,2,1,0,0,0,0,2,0,7,60,2,312,312,2,0,40,1,0,0,2,0
1244578,2,2020,2020,10,1,2,3371,17,44,3342,0,1,1,-33.213107,151.512984,16,2,2,1,2,0,0,0,1,0,7,70,2,4026,4026,8,30,40,1,0,0,1,0
1244580,1,2020,2020,10,2,8,2209,17,26,2205,0,1,9,-33.919162,151.16927,32,0,2,1,3,0,0,0,2,2,7,60,2,14295,14295,3,5,5,2,0,0,0,2
1244583,1,2020,2020,6,2,9,1,31,290,34609,0,1,1,-33.849889,150.995661,21,0,2,1,3,0,0,0,3,0,7,50,0,1981,1981,4,5,13,3,0,0,0,1
1244586,1,2020,2020,10,3,6,15,31,251,34609,1,0,10,-33.769541,150.93619,7,0,2,1,3,0,0,0,2,0,0,50,0,4552,985,8,10,40,1,0,0,0,1
1244587,1,2020,2020,11,1,10,916,17,77,917,0,1,10,-32.569044,151.180072,64,2,1,1,2,0,3,4,0,2,7,50,2,5929,5929,1,5,5,2,0,0,0,1
1244589,1,2020,2020,10,5,8,4,27,6,34609,0,1,1,-34.472782,150.146246,78,2,1,0,0,0,0,0,2,0,7,80,0,1957,4009,8,21,40,1,0,0,0,1
1244590,2,2020,2020,10,0,0,481,17,113,483,0,1,1,-29.028909,150.058444,51,1,0,1,0,0,0,0,0,0,7,110,2,945,945,5,26,40,1,0,0,1,0
1244592,2,2020,2020,1,3,6,293,27,91,172,0,1,7,-32.966636,151.652689,37,0,2,1,3,0,0,0,2,0,7,60,2,14295,14295,3,21,5,2,0,0,1,0
1244598,1,2020,2020,10,1,4,2209,17,41,2205,0,1,9,-33.907141,151.181529,69,0,2,0,3,0,0,3,2,2,7,60,2,5929,5929,1,5,13,2,0,0,0,1
1244600,1,2020,2020,8,2,5,81,17,30,34609,0,1,1,-34.469558,150.362904,78,1,0,1,3,0,3,4,2,0,7,100,0,14295,14295,3,5,13,2,0,0,0,1
1244603,1,2020,2020,11,6,4,132,31,252,126,0,1,10,-33.891777,151.214442,69,0,2,1,3,0,0,0,2,2,7,50,2,29,29,6,33,0,2,0,0,0,1
1244606,1,2020,2020,6,5,5,9,27,42,29,0,1,7,-33.740344,151.278471,50,0,2,1,1,0,0,0,2,0,0,50,1,6545,6545,4,0,27,2,0,0,0,1
1244608,2,2020,2020,10,0,6,478,17,96,480,0,1,7,-33.437896,151.383494,16,2,2,0,1,0,0,0,2,0,0,60,2,1850,1463,5,16,40,1,0,0,1,0
1244609,4,2020,2020,1,1,7,55,1,167,34609,0,1,10,-33.84655,151.072128,54,0,2,1,1,0,0,0,2,2,7,60,0,2852,2852,4,5,5,2,0,1,0,1
1244611,4,2020,2020,10,1,10,2126,17,80,2149,0,1,9,-33.746733,150.678065,55,0,2,0,2,0,0,0,0,2,7,60,2,2852,2852,4,0,0,2,0,1,0,0
1244613,4,2020,2020,10,2,8,14,1,189,34609,0,1,1,-33.945551,151.052247,15,0,2,1,1,0,0,0,2,0,9,50,0,2040,2040,9,5,28,2,0,1,0,0
1244614,4,2020,2020,10,3,7,4,10,30,34609,0,1,1,-34.046743,150.766938,12,0,2,0,1,0,0,0,2,0,7,50,0,3775,3775,0,5,5,2,0,1,1,0
1244615,1,2020,2020,0,4,7,344,27,168,382,0,1,2,-33.706523,150.838682,7,0,2,1,1,0,0,0,2,2,9,80,2,14295,14295,3,8,0,2,0,0,0,1
1244617,2,2020,2020,10,5,9,13,27,173,34609,0,1,2,-33.771804,151.117153,61,0,2,1,0,0,0,0,3,0,0,50,0,1981,1981,4,5,19,2,0,0,1,0
1244618,1,2020,2020,11,0,7,123,27,316,25,0,1,1,-33.908009,151.251959,59,0,2,1,0,0,0,0,2,0,7,50,1,3775,3775,0,10,5,2,0,0,0,1
1244619,1,2020,2020,11,6,7,1,31,87,34609,0,1,9,-28.802707,153.291529,39,2,1,0,0,0,0,0,2,0,7,50,0,3775,3775,0,5,13,2,0,0,0,1
1244622,4,2020,2020,10,0,9,73,24,65,88,0,1,1,-33.709753,151.287,50,0,2,1,1,0,0,0,2,0,7,70,2,3775,3775,0,5,0,2,0,4,0,0
1244629,1,2020,2020,6,3,7,2,31,5,174,1,0,10,-32.857053,151.397269,17,2,1,0,1,0,3,3,2,0,0,50,2,2852,2852,4,5,0,2,0,0,0,1
1244632,2,2020,2020,10,2,10,5,27,74,12,0,1,1,-34.557781,147.971099,20,1,0,0,0,0,3,4,0,0,7,100,1,2585,4009,8,10,40,1,0,0,2,0
1244634,2,2020,2020,10,2,10,3371,17,77,3342,0,1,2,-32.950353,151.722205,48,0,2,1,2,0,0,0,0,0,7,70,2,9859,9859,8,5,40,1,0,0,1,0
1244638,1,2020,2020,11,1,5,40,27,73,34609,0,1,1,-35.142923,147.374527,75,2,1,1,0,0,0,0,2,0,7,60,0,941,941,1,0,0,2,0,0,0,1
1244639,2,2020,2020,11,4,4,346,17,44,332,0,1,7,-28.860736,153.52013,2,2,1,0,0,0,0,0,2,0,0,60,2,4552,5151,8,16,40,1,0,0,1,0
1244640,4,2020,2020,10,4,6,8,27,77,44,0,1,1,-33.721466,151.083819,31,0,2,1,1,0,0,0,2,0,7,60,1,1669,1669,3,30,0,2,0,1,1,1
1244641,2,2020,2020,11,6,8,2,27,2,34609,0,1,9,-33.490536,150.17609,40,2,1,0,0,0,0,0,2,0,0,60,0,63,63,4,0,5,2,0,0,1,0
1244643,4,2020,2020,1,0,3,32,31,17,91,1,0,9,-33.907919,151.259558,59,0,2,1,0,0,3,3,1,0,7,50,1,941,941,1,0,27,2,0,1,0,0
1244645,2,2020,2020,1,6,9,485,27,232,769,0,1,2,-33.686214,150.918518,7,0,2,1,2,0,0,0,0,0,7,80,2,1383,1383,1,5,36,3,0,0,1,1
1244646,4,2020,2020,1,0,4,53,36,8,95,0,1,1,-33.223677,148.891446,11,1,0,0,1,0,0,0,2,0,7,100,2,1109,397,1,10,0,2,0,1,0,0
1244647,2,2020,2020,5,5,8,2,27,44,34609,0,1,1,-35.287181,147.61155,75,1,0,0,0,0,0,0,3,0,7,100,0,1850,1463,5,16,40,1,0,0,1,0
1244648,1,2020,2020,11,6,10,32,27,42,27,0,1,1,-33.660109,151.26259,50,0,2,0,0,0,0,0,0,0,7,60,2,2585,4009,8,5,40,1,0,0,0,2
1244651,1,2020,2020,5,4,4,3,27,4,34609,0,1,1,-34.015258,146.856911,51,1,0,1,0,0,0,0,2,0,7,100,0,4026,4026,8,5,40,1,0,0,0,2
1244652,1,2020,2020,11,5,9,5,31,293,34609,0,1,1,-33.942425,151.257145,59,0,2,1,2,0,0,0,0,0,7,50,0,2040,2040,9,0,28,2,0,0,0,1
1244654,4,2020,2020,1,5,5,234,27,112,217,0,1,1,-33.66034,151.023583,71,0,2,1,1,0,0,0,2,0,7,70,2,4026,4026,8,5,40,1,0,2,0,0
1244655,1,2020,2020,11,4,9,3371,17,42,3342,0,1,9,-33.823799,151.197254,49,0,2,0,0,0,0,0,2,2,7,60,2,2852,2852,4,5,5,2,0,0,0,1
1244658,2,2020,2020,1,2,3,6,27,14,34609,0,1,1,-32.395753,151.065053,64,2,1,1,0,0,0,0,2,0,7,80,0,9859,9859,8,5,40,1,0,0,1,0
1244660,1,2020,2020,0,0,4,92,27,55,63,0,1,1,-33.904405,151.08491,15,0,2,1,1,0,0,0,2,0,7,50,1,1981,1981,4,10,19,2,0,0,0,1
1244661,2,2020,2020,1,5,4,829,27,149,770,0,1,10,-33.865306,151.172174,32,0,2,1,1,0,0,0,2,2,7,60,2,515,515,1,10,27,2,0,0,1,0
1244663,4,2020,2020,1,2,7,334,17,5,308,0,1,1,-31.449514,152.509905,56,1,0,0,0,0,0,0,2,0,7,100,2,3775,3775,0,16,0,3,0,1,1,0
1244664,2,2020,2020,11,2,5,35,10,132,148,0,1,9,-34.152261,151.028974,68,0,2,1,0,0,0,0,2,0,0,60,2,2852,2852,4,5,19,2,0,0,2,0
1244666,2,2020,2020,1,2,11,10,23,67,34609,0,1,1,-33.700919,150.901531,7,0,2,0,2,0,0,0,0,0,7,50,0,4552,5151,1,0,0,3,0,0,1,0
1244667,4,2020,2020,5,3,7,61,10,87,34609,0,1,9,-33.042773,151.471001,37,0,2,1,0,0,0,0,2,0,7,80,0,1109,787,1,10,19,2,0,1,1,0
1244668,2,2020,2020,1,5,3,1,27,113,34609,0,1,1,-29.485271,149.904444,51,2,1,0,0,0,0,0,2,0,12,60,0,1957,4009,8,30,40,1,0,0,1,1
1244669,4,2020,2020,1,6,4,22,27,12,147,0,1,9,-28.710899,153.593623,10,2,1,1,1,0,3,4,2,0,7,80,1,1669,1669,3,21,5,2,0,1,1,0
1244671,4,2020,2020,11,0,0,35,31,173,34609,1,0,1,-33.878935,151.223074,69,0,2,1,2,0,0,0,0,0,7,40,0,9859,9859,1,15,5,2,0,1,0,0
1244674,4,2020,2020,1,2,7,1,27,80,34609,0,1,1,-34.525146,146.345787,51,2,1,1,0,0,3,3,2,0,7,60,0,1945,1945,5,16,40,1,0,1,0,0
1244675,1,2020,2020,10,4,3,20,31,387,34609,0,1,1,-33.924983,151.191513,4,0,2,1,3,0,0,0,2,0,7,50,0,1981,1981,4,5,5,2,0,0,0,1
1244676,1,2020,2020,11,5,6,2209,17,6,2205,0,1,1,-35.422681,150.418061,63,1,0,1,0,0,0,0,2,0,7,100,2,9859,9859,8,5,40,1,0,0,0,1
1244677,1,2020,2020,5,6,9,866,17,314,793,0,1,9,-33.850883,150.943928,24,0,2,1,2,0,0,0,0,0,7,70,2,14295,14295,3,16,25,2,0,0,0,1
1244680,2,2020,2020,11,1,3,153,27,188,147,1,0,9,-33.949665,151.102057,25,0,2,1,1,0,0,0,2,2,7,60,2,926,926,4,16,13,2,0,0,1,0
1244681,2,2020,2020,1,1,5,294,17,56,288,0,1,1,-35.121207,147.385275,75,2,1,1,1,0,0,0,2,0,7,60,2,591,591,1,22,13,2,0,0,1,0
1244682,4,2020,2020,11,1,6,265,17,103,193,0,1,9,-34.339243,148.282755,30,2,1,0,0,0,0,0,2,0,7,80,2,1669,1669,3,8,0,3,0,2,0,0
1244683,2,2020,2020,11,6,10,4,27,5,34609,0,1,1,-28.292101,153.518636,72,2,1,0,0,0,0,0,0,0,7,80,0,2585,4009,8,5,40,1,0,0,1,0
1244688,1,2020,2020,11,2,6,48,27,14,26,0,1,9,-34.808074,149.686895,26,1,0,1,0,0,0,0,2,0,7,100,2,5929,5929,1,5,19,2,0,0,0,1
1244689,4,2020,2020,1,4,6,33,1,234,139,0,1,10,-34.285485,146.027389,28,2,1,1,1,0,0,0,2,0,0,50,2,6545,6545,4,10,19,2,0,1,0,0
1244692,4,2020,2020,10,2,8,112,27,29,769,0,1,1,-33.54097,150.633245,29,2,2,0,0,0,0,0,2,0,7,60,2,1850,1463,5,16,40,1,0,1,0,0
1244693,1,2020,2020,1,0,6,60,10,89,34609,0,1,1,-33.893982,151.234923,59,0,2,0,0,0,0,0,2,0,7,30,0,1192,1192,1,5,27,2,0,0,0,1
1244696,1,2020,2020,10,3,7,1052,27,219,262,0,1,7,-32.902772,151.676694,48,0,2,1,3,0,0,0,2,0,0,60,2,515,515,1,5,5,2,0,0,0,1
1244699,4,2020,2020,1,2,5,7,27,5,34609,0,1,1,-28.721894,153.361876,39,1,0,0,0,0,0,0,2,0,7,100,0,380,714,5,16,40,1,0,1,0,0
1244701,1,2020,2020,8,6,6,89,17,82,34609,0,1,1,-34.374255,150.896706,80,0,2,1,3,0,0,0,2,0,7,50,0,1981,1981,4,5,27,2,0,0,0,1
1244711,1,2020,2020,10,5,8,2126,17,179,2149,0,1,9,-33.757919,150.716456,55,0,2,1,3,0,0,0,2,0,7,60,2,14295,14295,3,0,5,2,0,0,0,1
1244713,2,2020,2020,10,0,8,195,27,54,186,0,1,2,-33.879685,150.86659,24,0,2,1,3,0,0,0,2,0,7,70,2,14295,14295,3,0,0,2,0,0,1,1
1244714,1,2020,2020,10,3,7,829,27,149,770,0,1,9,-33.86713,151.175309,32,0,2,1,3,0,0,3,2,2,7,60,2,1282,1282,1,5,13,2,0,0,0,1
1244715,1,2020,2020,10,1,5,205,27,161,415,0,1,10,-33.713222,151.174439,36,0,2,1,3,0,0,0,2,2,7,60,2,14295,14295,3,5,5,3,0,0,0,1
1244717,1,2020,2020,11,0,10,168,10,102,260,0,1,9,-33.944689,151.188108,4,0,2,0,3,0,3,4,0,2,7,80,2,404,404,8,5,40,1,0,0,0,1
1244721,4,2020,2020,1,2,7,330,23,35,39,1,0,10,-33.963484,151.2459,59,0,2,1,1,0,0,0,2,0,15,60,1,6545,6545,4,5,19,2,0,1,0,0
1244723,2,2020,2020,10,1,9,3371,17,27,3342,0,1,2,-30.196649,153.146949,19,1,0,1,0,0,0,0,2,0,7,110,2,1383,1383,1,33,5,2,0,0,1,0
1244725,2,2020,2020,10,3,7,1,27,109,34609,0,1,10,-33.955544,150.852921,41,0,2,1,1,0,0,0,2,0,0,50,0,6545,6545,4,10,13,2,0,0,3,0
1244726,2,2020,2020,10,2,6,5,27,7,34609,0,1,1,-35.1805,148.686809,82,1,0,0,0,2,0,0,2,0,7,100,0,1850,1463,5,0,40,1,0,0,2,1
1244727,1,2020,2020,10,0,8,76,27,85,148,0,1,9,-32.933804,151.72291,48,0,2,1,3,0,0,0,3,0,7,60,1,5929,5929,1,0,5,2,0,0,0,1
1244728,1,2020,2020,10,5,9,177,31,174,208,0,1,9,-33.861263,150.93364,24,0,2,1,3,0,0,0,3,2,7,60,1,14295,14295,3,10,5,3,0,0,0,1
1244729,1,2020,2020,10,6,9,110,31,204,34609,0,1,1,-33.893369,150.93396,24,0,2,1,3,0,0,0,3,0,7,40,0,1981,1981,4,5,5,2,0,0,0,1
1244730,1,2020,2020,10,6,9,107,1,3,34609,0,1,1,-31.656466,152.803102,56,2,1,1,3,0,0,0,0,0,7,50,0,9859,9859,8,0,40,1,0,0,0,1
1244732,1,2020,2020,10,3,2,346,17,7,332,0,1,1,-28.864657,153.485352,2,1,0,1,0,0,0,0,1,0,7,100,2,9859,9859,8,5,40,1,0,0,0,1
1244735,2,2020,2020,10,3,9,19,27,37,34609,0,1,1,-33.877227,150.705921,41,0,2,1,0,0,3,3,3,0,7,60,0,5929,5929,1,10,5,2,0,0,1,0
1244738,1,2020,2020,0,2,6,9,27,15,34609,0,1,1,-34.622238,150.2848,78,2,1,1,0,0,0,0,2,0,7,60,0,14295,14295,3,22,27,2,0,0,0,1
1244739,2,2020,2020,10,6,8,36,31,53,34609,1,0,9,-32.929489,151.766742,48,0,2,1,1,0,0,0,3,0,0,60,0,387,387,1,22,5,2,0,0,1,0
1244740,2,2020,2020,11,6,5,7,31,53,34609,0,1,10,-31.867476,152.372111,43,2,1,1,1,0,0,0,2,0,0,50,0,6545,6545,4,0,13,2,0,0,1,1
1244747,4,2020,2020,11,0,11,2,10,28,34609,0,1,1,-28.335465,153.420914,72,2,1,0,0,0,3,0,0,0,7,60,0,2585,4009,8,10,40,1,0,1,1,0
1244748,2,2020,2020,10,0,8,2126,17,44,2149,0,1,2,-33.767855,150.63641,8,2,2,0,0,0,0,0,2,0,7,70,2,1957,4009,8,9,40,1,0,0,1,0
1244749,1,2020,2020,10,5,4,485,27,323,769,0,1,2,-33.767352,150.997866,71,0,2,0,1,0,0,0,2,0,15,60,2,14295,14295,3,0,0,2,0,0,0,1
1244752,4,2020,2020,11,0,4,17,27,106,157,0,1,1,-28.847859,153.046081,60,2,1,0,0,0,0,0,2,0,7,50,2,4552,5151,8,5,40,1,0,1,0,0
1244761,1,2020,2020,10,5,5,1052,27,69,262,0,1,7,-32.905975,151.692917,48,0,2,0,3,0,0,0,2,0,0,60,2,14295,14295,3,0,0,2,0,0,0,1
1244763,4,2020,2020,10,5,5,25,27,5,143,0,1,1,-33.158651,149.688612,3,2,1,0,3,0,0,0,2,0,7,80,2,1850,1463,5,16,40,1,0,1,0,0
1244765,1,2020,2020,11,6,9,39,31,169,99,0,1,9,-33.900512,151.20781,69,0,2,1,3,0,0,0,3,0,0,50,2,14295,14295,3,5,36,2,0,0,0,2
1244768,1,2020,2020,11,5,6,17,31,460,106,0,1,1,-33.833571,150.990809,21,0,2,1,3,0,0,0,2,0,7,60,1,14295,14295,3,30,5,2,0,0,0,1
1244776,4,2020,2020,10,0,4,6,31,87,34609,0,1,1,-28.806219,153.277633,39,2,1,1,0,0,0,0,2,0,7,50,0,2040,2040,9,10,28,2,0,1,0,0
1244777,2,2020,2020,11,6,5,1,27,2,34609,0,1,1,-31.982345,152.364986,43,1,0,0,1,2,0,0,2,0,7,100,0,1089,1089,7,16,40,1,0,0,1,0
1244778,2,2020,2020,11,1,5,16,36,54,43,0,1,7,-28.528854,153.537992,10,2,1,1,1,0,0,0,2,0,0,60,1,4026,4026,8,5,40,1,0,0,1,0
1244783,1,2020,2020,11,5,6,43,31,106,7,0,1,9,-33.674159,151.304745,50,0,2,1,1,0,0,0,2,0,7,50,1,2852,2852,4,5,5,2,0,0,0,1
1244784,1,2020,2020,11,4,3,10,27,84,16,0,1,9,-31.097685,150.924784,70,2,1,0,0,0,3,4,2,0,2,60,1,1259,5151,8,5,40,1,0,0,0,1
1244785,4,2020,2020,10,2,7,29,31,139,51,0,1,9,-33.875972,151.135217,32,0,2,1,1,0,0,0,2,0,7,50,1,2040,2040,9,5,28,2,0,1,0,0
1244788,4,2020,2020,11,6,3,163,27,24,165,0,1,9,-33.735284,150.836106,7,0,2,1,1,0,0,0,1,2,7,60,1,2852,2852,4,5,0,2,0,1,0,1
1244789,2,2020,2020,11,5,4,9,27,57,34609,0,1,2,-32.989019,151.69567,37,0,2,1,1,0,0,0,2,0,7,60,0,623,623,3,10,5,2,0,0,1,0
1244790,2,2020,2020,11,1,4,84,27,243,31,0,1,1,-33.946897,150.900269,41,0,2,1,1,0,0,0,2,0,9,60,1,9859,9859,1,30,0,2,0,0,2,0
1244792,2,2020,2020,10,1,0,2126,17,73,2149,0,1,10,-33.887964,151.16771,32,0,2,1,2,0,3,4,0,2,7,60,2,6545,6545,4,5,5,2,0,0,1,1
1244794,4,2020,2020,10,5,4,63,31,273,34609,1,0,10,-34.426218,150.902147,80,0,2,1,0,0,0,0,2,2,9,50,0,1220,1220,9,8,28,3,0,1,1,1
1244795,4,2020,2020,10,4,0,10,27,96,160,0,1,7,-34.053351,150.830187,13,0,2,1,0,0,0,0,0,0,0,60,2,6545,6545,4,30,0,2,0,1,0,0
1244799,1,2020,2020,10,5,3,49,27,246,15,0,1,10,-33.897141,151.197471,69,0,2,1,0,0,0,0,2,2,7,50,1,1945,1945,5,16,40,1,0,0,0,1
1244802,2,2020,2020,11,0,6,3,27,273,34609,0,1,2,-34.424385,150.882582,80,0,2,1,3,0,0,3,2,0,7,50,0,1282,1282,1,5,5,2,0,0,1,0
1244803,1,2020,2020,11,5,3,2,10,48,34609,0,1,9,-32.725117,152.13257,57,2,1,0,1,0,0,0,2,0,0,50,0,775,775,4,30,27,2,0,0,0,1
1244804,2,2020,2020,10,4,5,8,7,169,34609,0,1,9,-28.642783,153.616639,10,2,1,1,0,0,0,0,2,0,7,50,0,1109,787,1,9,19,2,0,0,1,0
1244806,4,2020,2020,1,4,9,59,27,7,42,0,1,1,-33.968446,151.015138,15,0,2,1,2,0,0,0,2,0,7,60,1,9859,9859,1,5,12,2,0,1,0,0
1244807,1,2020,2020,1,1,7,8,27,72,34609,0,1,1,-34.005086,151.0137,68,0,2,1,1,0,0,0,2,0,7,60,0,340,340,9,0,28,2,0,0,0,1
1244813,4,2020,2020,11,5,7,3371,17,77,3342,0,1,2,-33.041346,151.65744,37,0,2,1,1,0,0,0,2,0,7,60,2,9859,9859,1,0,0,3,0,1,0,1
1244814,2,2020,2020,10,5,6,3371,17,28,3342,0,1,9,-31.835839,152.614283,43,1,0,1,3,0,0,0,2,0,0,100,2,2852,2852,4,10,36,3,0,0,1,0
1244815,1,2020,2020,10,2,7,78,32,293,34609,0,1,1,-33.92555,151.053347,15,0,2,1,3,0,0,0,2,0,7,60,0,14295,14295,3,5,5,2,0,0,0,2
1244816,2,2020,2020,10,1,9,56,27,86,11,0,1,9,-33.762082,150.95117,7,0,2,1,3,0,0,0,2,0,0,60,2,775,775,4,5,5,2,0,0,1,0
1244817,4,2020,2020,11,5,8,76,24,164,154,0,1,9,-33.724691,150.893771,7,0,2,0,1,0,0,0,2,2,7,70,1,5929,5929,1,5,5,2,0,1,0,0
1244819,4,2020,2020,11,6,10,31,1,234,139,0,1,2,-34.290169,146.063129,28,2,1,1,3,0,0,0,0,0,7,60,2,9859,9859,8,10,40,1,0,1,0,0
1244826,1,2020,2020,10,4,10,2261,17,523,2252,0,1,10,-33.924221,150.918232,41,0,2,1,3,0,0,0,0,2,7,60,2,14295,14295,3,5,5,2,0,0,0,2
1244829,4,2020,2020,10,3,6,162,31,30,34609,0,1,10,-34.859459,147.582772,51,2,1,1,0,0,0,0,2,0,0,50,0,6545,6545,4,5,0,3,0,1,6,1
1244831,1,2020,2020,11,3,5,2126,17,65,2149,0,1,2,-33.539633,150.16232,40,2,1,0,0,0,3,3,2,0,7,80,2,1259,5151,8,5,40,1,0,0,0,1
1244833,1,2020,2020,11,0,9,361,23,253,165,0,1,9,-33.968658,151.104995,25,0,2,0,1,0,3,4,0,0,0,50,1,1850,1463,5,15,40,1,0,0,0,1
1244835,4,2020,2020,11,2,7,41,27,228,69,0,1,1,-34.700259,149.767818,26,1,0,0,1,0,0,0,2,0,7,100,1,782,957,5,16,40,1,0,1,0,0
1244837,1,2020,2020,11,6,8,126,1,226,144,0,1,10,-33.764296,150.817323,7,0,2,1,3,0,0,0,2,2,7,60,2,14295,14295,3,0,5,3,0,0,0,1
1244839,1,2020,2020,7,1,3,3,27,15,34609,0,1,1,-34.616192,150.302762,78,2,1,0,0,0,3,4,2,0,7,60,0,3775,3775,0,10,25,2,0,0,0,2
1244840,2,2020,2020,10,5,10,2,27,3,34609,0,1,1,-29.643058,149.184362,51,2,1,0,0,2,0,0,0,0,7,80,0,1957,4009,8,0,40,1,0,0,1,0
1244842,2,2020,2020,10,3,0,2,10,316,34609,0,1,9,-31.469226,152.917438,56,2,1,0,2,0,0,0,0,0,0,60,0,256,256,4,5,5,2,0,0,1,0
1244844,1,2020,2020,10,1,9,3371,17,54,3342,0,1,2,-33.461152,151.191312,16,2,2,0,0,0,0,0,3,0,15,60,2,14295,14295,3,5,5,2,0,0,0,1
1244845,2,2020,2020,1,5,8,126,1,226,144,0,1,2,-33.779021,150.814416,7,0,2,1,1,0,0,0,2,0,7,70,2,1192,1192,1,0,19,2,0,0,1,1