Crash ID,Degree of crash - detailed,Reporting year,Year of crash,Month of crash,Day of week of crash,Two-hour intervals,Street of crash,Street type,Town,Route no.,School zone location,School zone active,Type of location,Latitude,Longitude,LGA,Urbanisation,Conurbation 1,Alignment,Street lighting,Road surface,Surface condition,Weather,Natural lighting,Signals operation,Other traffic control,Speed limit,Road classification,RUM - code,DCA - code,First impact type,Key TU type,Other TU type,No. of traffic units involved,No. killed,No. seriously injured,No. moderately injured,No. minor-other injured
1244846,2,2020,2020,11,1,7,42,10,16,34609,0,1,1,-32.866838,151.551804,17,2,1,0,1,0,0,0,2,0,7,80,0,4552,5151,8,29,40,1,0,0,1,0
1244850,2,2020,2020,11,2,8,177,22,70,176,0,1,2,-34.031979,151.08042,68,0,2,1,1,0,0,0,2,0,7,60,2,190,190,1,16,10,2,0,0,1,0
1244852,2,2020,2020,11,6,8,78,31,168,62,0,1,2,-33.70613,150.843294,7,0,2,1,0,0,0,0,2,0,7,70,2,4026,4026,8,5,40,1,0,0,1,0
1244854,4,2020,2020,10,4,0,2209,17,157,2205,0,1,2,-34.011482,151.094504,68,0,2,0,2,0,3,4,0,0,7,70,2,1957,4009,8,0,40,1,0,1,0,0
1244855,2,2020,2020,10,4,7,4,27,10,34609,0,1,9,-33.118859,151.44675,37,0,2,0,0,0,0,0,2,0,0,80,0,775,775,4,30,10,2,0,0,1,0
1244856,1,2020,2020,11,3,3,32,31,17,91,1,0,7,-33.908897,151.259378,59,0,2,1,1,0,0,0,2,0,0,50,1,9859,9859,1,22,5,2,0,0,0,1
1244862,4,2020,2020,11,6,8,3371,17,73,3342,0,1,9,-33.7719,151.161793,36,0,2,1,2,0,3,4,3,0,7,60,2,3775,3775,0,5,5,2,0,1,1,1
1244864,4,2020,2020,10,5,8,1,31,36,34609,0,1,1,-33.557569,148.664261,11,2,1,1,1,0,0,0,2,0,7,50,0,1945,1945,5,18,40,1,0,1,0,0
1244867,1,2020,2020,11,3,10,4,10,122,34609,0,1,1,-33.429129,151.346464,16,2,2,0,2,0,0,0,0,0,7,50,0,2585,4009,8,5,40,1,0,0,0,1
1244870,4,2020,2020,10,1,11,79,10,43,231,0,1,9,-33.434834,151.317065,16,2,2,1,2,0,0,0,0,0,7,60,2,9859,9859,8,5,40,1,0,2,0,0
1244873,1,2020,2020,11,5,7,1,23,22,34609,0,1,2,-33.822858,150.929219,21,0,2,1,1,0,0,0,2,0,7,50,0,4026,4026,8,5,40,1,0,0,0,1
1244874,4,2020,2020,11,1,8,1,27,22,34609,0,1,1,-35.750266,147.90184,66,1,0,0,0,0,3,4,2,0,7,100,0,1259,5151,8,10,40,1,0,1,0,0
1244876,4,2021,2020,10,0,6,21,10,74,34609,0,1,2,-34.020436,150.76167,12,0,2,1,1,0,0,0,2,0,9,60,0,1383,1383,1,22,36,2,0,1,0,0
1244877,2,2020,2020,11,0,6,31,1,234,139,0,1,2,-34.289943,146.061266,28,2,1,1,0,0,0,0,2,0,7,60,2,941,941,1,5,27,2,0,0,1,0
1244878,2,2020,2020,10,1,3,48,10,463,52,0,1,1,-30.310808,153.117645,19,2,1,1,0,0,0,0,2,0,7,80,1,945,945,5,5,40,1,0,0,1,0
1244884,1,2020,2020,1,0,8,2209,17,95,2205,0,1,9,-34.407243,150.890875,80,0,2,0,3,0,0,0,3,2,7,60,2,5929,5929,1,5,5,2,0,0,0,1
1244885,2,2020,2020,10,4,10,71,27,22,122,0,1,10,-34.529931,150.8691,80,0,2,1,3,0,0,0,0,2,0,60,2,5929,5929,1,5,5,2,0,0,2,0
1244887,2,2020,2020,1,5,5,77,27,87,100,0,1,7,-34.484754,150.415835,78,2,1,1,3,0,0,0,2,0,0,50,2,6545,6545,4,0,13,2,0,0,1,0
1244892,2,2020,2020,10,2,2,31,22,60,34609,1,0,0,-33.834277,151.148758,51,0,2,0,0,0,0,0,0,0,7,50,0,2585,4009,8,10,40,1,0,0,2,0
1244893,4,2020,2020,1,0,9,3371,17,100,3342,0,1,9,-33.809752,151.177877,38,0,2,0,2,0,0,0,0,2,7,60,2,5929,5929,1,5,19,2,0,1,0,0
1244895,4,2020,2020,10,0,3,475,10,78,268,0,1,7,-33.880573,150.807663,55,0,2,1,1,0,0,0,2,0,0,80,2,14295,14295,3,0,35,3,0,1,0,0
1244896,1,2020,2020,11,5,3,135,17,12,136,0,1,9,-36.019125,146.764699,27,1,0,1,0,0,0,0,2,0,7,100,2,1669,1669,3,5,13,2,0,0,0,3
1244900,1,2020,2020,11,0,11,7,27,16,36,0,1,1,-32.706502,151.71208,57,1,0,0,0,0,0,0,0,0,7,90,1,4552,5151,8,0,40,1,0,0,0,1
1244906,1,2020,2020,11,0,11,2,27,36,34609,0,1,1,-34.015925,148.322086,51,1,0,1,0,0,0,0,0,0,7,100,0,9859,9859,8,10,40,1,0,0,0,1
1244911,4,2020,2020,5,0,9,34,31,82,34609,0,1,10,-33.826577,151.206823,49,0,2,1,2,0,3,4,0,2,7,50,0,6545,6545,4,0,5,4,0,1,1,0
1244915,4,2020,2020,10,0,4,107,22,136,34609,0,1,1,-33.919871,151.077978,15,0,2,1,0,0,0,3,2,0,7,50,0,4026,4026,1,5,12,4,0,1,0,0
1244916,4,2020,2020,10,0,10,78,27,11,5,0,1,1,-33.852063,151.129274,14,0,2,1,2,0,0,0,0,0,7,50,1,9859,9859,1,0,4,3,0,1,0,0
1244918,1,2020,2020,11,0,7,251,14,79,124,0,1,3,-33.824466,151.210611,49,0,2,1,1,0,0,3,2,0,7,80,2,1383,1383,1,5,0,2,0,0,0,1
1244920,2,2020,2020,11,6,7,3,10,54,34609,0,1,1,-33.709004,150.999307,71,0,2,1,3,0,0,0,2,0,7,50,0,144,144,1,0,12,2,0,0,1,0
1244921,2,2020,2020,1,0,10,330,23,293,112,0,1,10,-33.934752,151.237966,59,0,2,1,3,0,0,0,0,2,7,60,2,6545,6545,4,30,5,2,0,0,1,0
1244926,1,2020,2020,10,5,5,1,27,3,34609,0,1,9,-29.997712,151.892433,51,1,0,0,3,2,0,3,2,0,7,100,0,4552,5151,8,0,40,1,0,0,0,1
1244931,1,2020,2020,10,6,9,2209,17,204,2205,0,1,9,-33.94387,151.142458,4,0,2,1,3,0,0,0,2,0,7,60,2,5929,5929,1,5,5,2,0,0,0,1
1244932,1,2020,2020,10,0,4,76,24,164,154,0,1,10,-33.730776,150.877663,7,0,2,1,3,0,0,0,2,2,7,70,1,5929,5929,1,5,5,2,0,0,0,1
1244937,1,2020,2020,10,4,6,6,31,460,34609,0,1,10,-33.837177,150.983108,21,0,2,1,3,0,0,0,2,0,15,50,0,6545,6545,4,5,5,2,0,0,0,1
1244939,4,2020,2020,10,0,7,515,14,189,518,0,1,3,-33.941191,151.042527,15,0,2,1,3,0,0,0,2,0,7,100,2,9859,9859,8,5,40,1,0,1,0,0
1244941,1,2020,2020,10,1,4,2261,31,82,34609,0,1,9,-33.826341,151.198799,49,0,2,1,3,0,0,0,2,0,7,50,0,217,217,1,8,5,2,0,0,0,1
1244944,1,2020,2020,10,0,10,2,27,5,34609,0,1,1,-33.397925,151.386381,16,2,2,0,1,0,0,0,0,0,7,50,0,4552,5151,8,5,40,1,0,0,0,1
1244946,2,2020,2020,10,4,11,169,27,16,54,0,1,2,-34.019757,151.049966,68,0,2,0,3,0,0,0,0,0,7,80,2,1957,4009,8,5,40,1,0,0,1,0
1244947,2,2020,2020,10,0,8,115,27,138,114,0,1,1,-33.869926,151.276359,81,0,2,1,1,0,0,0,2,0,7,50,2,1669,1669,3,5,5,3,0,0,1,1
1244958,1,2020,2020,10,0,2,330,27,147,605,0,1,9,-33.755213,151.283586,50,0,2,1,0,0,0,0,1,2,7,60,2,1192,1192,1,22,41,2,0,0,0,1
1244963,1,2020,2020,5,0,11,195,27,53,186,0,1,10,-33.9357,150.843067,41,0,2,1,3,0,0,0,0,2,7,70,2,14295,14295,3,0,5,2,0,0,0,1
1244969,4,2020,2020,11,1,7,2261,17,70,2252,0,1,2,-34.664859,150.071718,26,1,0,1,0,0,0,0,2,0,7,110,2,14295,14295,3,10,12,2,0,1,1,2
1244973,2,2020,2020,11,0,8,34,10,13,40,0,1,1,-35.806205,150.215845,23,2,1,0,3,0,0,0,2,0,7,70,1,4552,5151,8,5,40,1,0,0,1,0
1244975,2,2020,2020,11,4,7,60,27,219,262,0,1,10,-32.907537,151.665285,48,0,2,1,3,0,0,0,2,2,7,70,2,14295,14295,3,0,5,2,0,0,1,0
1244976,1,2020,2020,10,5,7,45,31,194,13,0,1,7,-30.512626,151.669547,1,2,1,1,3,0,0,0,2,0,0,50,1,14295,14295,3,19,36,2,0,0,0,1
1244977,2,2020,2020,1,3,11,866,17,98,793,0,1,10,-33.754067,151.047778,31,0,2,1,3,0,0,0,0,2,7,70,2,6545,6545,4,0,5,2,0,0,1,0
1244980,4,2020,2020,10,6,7,1,31,98,34609,0,1,9,-30.98394,150.252252,51,2,1,1,1,0,0,0,2,0,7,50,0,591,591,1,22,0,2,0,1,0,0
1244983,4,2020,2020,1,4,3,123,36,16,90,0,1,9,-31.429482,151.612112,51,1,0,0,0,0,3,0,2,0,7,100,1,1259,5151,8,10,40,1,0,1,0,0
1244984,2,2020,2020,1,4,8,2,1,38,34609,0,1,9,-32.738047,151.869593,57,2,1,1,0,0,0,0,2,0,7,50,0,1957,777,8,16,40,1,0,0,1,0
1244988,1,2020,2020,10,4,8,38,27,56,70,0,1,1,-33.743038,150.779267,55,0,2,1,3,0,0,0,2,0,7,60,1,14295,14295,3,5,0,2,0,0,0,1
1244989,1,2020,2020,10,6,7,55,27,337,70,0,1,1,-33.71119,151.025127,31,0,2,1,3,0,0,0,2,0,7,60,2,14295,14295,3,5,5,2,0,0,0,1
1244991,1,2020,2020,11,0,0,35,10,17,34609,0,1,1,-28.923388,153.476013,2,2,1,1,0,0,0,0,0,0,7,80,0,1089,1089,7,16,40,1,0,0,0,1
1244992,2,2020,2020,10,2,10,168,10,21,260,0,1,10,-33.951659,151.16136,4,0,2,1,2,0,0,0,0,2,7,60,2,5929,5929,1,5,5,2,0,0,1,0
1244993,2,2020,2020,10,1,2,171,27,85,369,0,1,1,-33.794763,150.698816,55,0,2,1,2,0,0,0,0,0,7,60,2,4026,4026,8,5,40,1,0,0,1,0
1244994,2,2020,2020,1,6,9,25,31,87,100,0,1,7,-34.482809,150.417033,78,2,1,0,2,0,3,4,0,0,0,50,2,6545,6545,4,5,5,2,0,0,1,0
1244996,2,2020,2020,10,2,8,6,27,74,34609,0,1,1,-34.719989,148.210852,20,2,1,1,0,0,0,0,2,0,7,80,0,9859,9859,8,8,40,1,0,0,1,0
1244997,4,2020,2020,10,2,7,334,17,21,308,0,1,1,-31.417088,152.216831,56,1,0,0,0,0,0,0,2,0,7,100,2,1957,4009,8,16,40,1,0,1,0,0
1244998,2,2020,2020,10,5,5,481,17,8,483,0,1,1,-30.454535,149.663684,51,1,0,1,0,0,0,0,2,0,7,110,2,3775,3775,0,29,2,2,0,0,1,0
1245002,2,2020,2020,11,3,9,6,31,189,34609,0,1,1,-33.949051,151.05484,15,0,2,1,2,0,0,0,0,0,7,50,0,3775,3775,0,34,5,2,0,0,1,0
1245005,1,2020,2020,10,0,3,265,17,74,193,0,1,9,-34.601742,148.078898,20,1,0,1,0,0,3,4,0,0,7,100,2,945,945,5,10,40,1,0,0,0,1
1245013,2,2020,2020,1,2,7,8,27,1,34609,0,1,1,-34.934851,150.442376,63,2,1,1,0,2,0,0,2,0,7,50,0,9859,9859,8,0,40,1,0,0,2,0
1245014,2,2020,2020,5,6,6,346,17,12,332,0,1,1,-28.85109,152.885847,60,1,0,0,0,0,0,0,2,0,7,100,2,4552,5151,8,29,40,1,0,0,1,0
1245015,4,2020,2020,11,0,8,1,27,11,34609,0,1,1,-35.399134,150.431822,63,2,1,1,0,2,0,0,2,0,7,80,0,404,404,8,16,40,1,0,1,0,0
1245016,4,2020,2020,1,0,0,16,31,56,34609,0,1,1,-33.855716,151.170345,32,0,2,1,2,0,0,0,0,0,7,50,0,4026,4026,1,22,5,2,0,1,0,0
1245032,4,2020,2020,1,2,8,2,27,14,34609,0,1,1,-33.144593,151.585051,16,2,2,0,2,0,0,0,3,0,7,50,0,96,96,0,16,5,2,0,1,0,0
1245033,1,2020,2020,1,3,6,330,23,293,112,0,1,2,-33.946536,151.240701,59,0,2,1,0,0,0,0,2,0,7,60,2,14295,14295,3,27,5,2,0,0,0,1
1245034,2,2020,2020,11,2,6,40,27,160,39,0,1,1,-33.119483,151.477845,37,0,2,0,0,0,0,0,2,0,7,60,1,2585,4009,8,5,40,1,0,0,1,0
1245035,4,2020,2020,5,0,6,334,17,22,308,0,1,1,-31.248219,151.946497,51,1,0,1,0,0,0,0,2,0,7,110,2,945,945,5,5,40,1,0,1,0,0
1245037,4,2020,2020,1,2,7,30,10,27,30,0,1,1,-33.150493,151.207206,16,2,2,1,0,0,0,0,2,0,7,80,1,4026,4026,8,5,40,1,0,1,0,0
1245038,2,2020,2020,1,4,11,348,27,23,15,0,1,9,-33.669583,150.676683,55,0,2,0,2,0,0,0,0,0,0,80,1,1259,5151,8,5,40,1,0,0,1,0
1245039,2,2020,2020,1,0,11,13,31,463,62,0,1,9,-30.295224,153.10765,19,2,1,0,2,0,0,0,0,0,7,50,1,1259,5151,8,30,40,1,0,0,1,0
1245041,4,2020,2020,1,0,8,485,27,323,769,0,1,9,-33.757108,150.989574,71,0,2,1,1,0,0,0,2,0,7,60,2,1669,1669,3,5,13,4,0,1,1,1
1245042,4,2020,2020,1,3,7,220,27,66,222,0,1,2,-33.719623,150.937366,7,0,2,1,0,0,0,0,2,0,7,80,2,14295,14295,3,16,5,2,0,1,0,0
1245043,2,2020,2020,5,6,11,171,27,71,369,0,1,10,-33.775677,150.711963,55,0,2,0,2,0,0,0,0,2,7,70,2,5929,5929,1,5,36,2,0,0,1,0
1245045,4,2020,2020,1,2,6,6,36,12,34609,0,1,1,-33.902706,148.947142,51,2,1,0,0,0,0,0,2,0,7,40,0,1957,4009,8,16,40,1,0,1,0,0
1245046,1,2020,2020,5,0,9,162,31,29,28,0,1,1,-33.938425,150.783348,41,0,2,1,2,0,0,0,0,0,7,70,1,14295,14295,3,33,27,2,0,0,0,1
1245047,2,2020,2020,1,1,3,17,36,32,2252,0,1,9,-34.837333,149.013348,82,1,0,1,0,0,3,3,0,0,7,110,2,2585,777,8,0,40,1,0,0,1,0
1245048,4,2020,2020,11,6,10,2,18,14,46,0,1,1,-34.9114,150.684883,63,2,1,1,0,0,3,3,0,0,7,80,1,14295,14295,3,5,13,3,0,1,0,0
1245049,4,2020,2020,1,5,2,25,27,133,34609,0,1,9,-34.4937,150.792003,80,0,2,1,2,0,3,3,1,0,15,50,0,2852,2852,4,5,19,2,0,1,0,1
1245050,1,2020,2020,5,3,7,2261,17,68,2252,0,1,2,-34.788106,148.856426,82,1,0,0,0,0,3,4,2,0,7,110,2,1957,4009,8,30,40,1,0,0,0,1
1245051,4,2020,2020,1,3,6,4,1,293,34609,0,1,9,-33.921223,151.056091,15,0,2,1,0,0,0,0,2,0,15,50,0,1945,1945,5,16,40,1,0,1,0,0
1245054,2,2020,2020,11,0,8,5,27,4,10,0,1,1,-36.871251,149.603201,5,2,1,0,0,0,0,0,2,0,7,80,1,418,714,5,16,40,1,0,0,1,0
1245055,2,2020,2020,11,1,8,8,27,2,34609,0,1,1,-28.185723,153.473691,72,2,1,0,0,0,0,0,2,0,7,80,0,4552,5151,8,5,40,1,0,0,3,1
1245056,2,2020,2020,11,2,8,2209,17,40,2205,0,1,2,-34.705819,150.840121,35,2,1,0,0,0,0,0,2,0,7,80,2,2585,4009,8,16,40,1,0,0,1,0
1245057,1,2020,2020,11,2,11,1,27,26,34609,0,1,1,-31.961298,152.544802,43,2,1,0,2,0,0,0,0,0,7,60,0,4552,5151,8,10,40,1,0,0,0,1
1245061,2,2020,2020,11,1,8,916,17,37,917,0,1,10,-32.679089,151.390175,17,2,1,1,3,0,0,0,2,0,15,60,2,1669,1669,3,10,13,2,0,0,1,1
1245063,2,2020,2020,11,6,8,15,31,133,34609,0,1,10,-33.926018,151.021118,15,0,2,1,1,0,0,0,2,0,0,50,0,6545,6545,4,5,5,2,0,0,1,0
1245065,2,2020,2020,11,3,5,5,31,204,34609,0,1,9,-33.936375,151.144334,4,0,2,1,0,0,0,0,2,0,15,50,0,9859,9859,8,5,40,3,0,0,1,1
1245066,2,2020,2020,11,3,7,5,27,106,34609,0,1,1,-34.570117,150.792562,62,0,2,1,3,0,3,4,2,0,7,60,0,1945,1945,5,16,40,1,0,0,1,0
1245067,4,2020,2020,11,1,5,2209,17,106,2205,0,1,2,-34.55863,150.793837,62,0,2,1,1,0,0,0,2,0,7,70,2,14295,14295,3,5,13,3,0,1,0,0
1245069,4,2020,2020,10,4,10,9,27,147,34609,0,1,1,-33.870764,150.990267,15,0,2,1,3,0,0,0,0,0,7,50,0,9859,9859,1,0,5,2,0,1,0,0
1245070,4,2020,2020,10,6,4,1104,14,460,962,0,1,3,-33.821624,150.984833,21,0,2,1,1,0,0,0,2,0,7,90,2,9859,9859,8,5,40,1,0,1,0,0
1245072,2,2020,2020,10,0,10,117,27,72,144,0,1,1,-33.842343,151.088911,14,0,2,1,3,0,0,0,0,0,7,60,2,14295,14295,3,0,13,2,0,0,1,0
1245073,1,2020,2020,10,0,4,39,31,31,34609,0,1,10,-33.867531,151.032776,21,0,2,1,3,0,0,0,2,0,15,50,0,6545,6545,4,5,36,3,0,0,0,1
1245074,1,2020,2020,10,1,5,48,31,72,44,0,1,10,-33.828581,151.220675,49,0,2,1,3,0,0,0,2,0,15,50,1,395,395,1,5,5,2,0,0,0,1
1245075,1,2020,2020,1,3,5,51,27,90,34609,0,1,9,-33.886523,151.236669,81,0,2,1,3,0,0,0,2,0,15,50,0,9859,9859,8,5,40,1,0,0,0,1
1245077,2,2020,2020,10,5,6,9,10,61,40,0,1,1,-35.907349,150.094819,23,2,1,1,0,0,3,4,2,0,7,80,1,4026,4026,8,5,40,1,0,0,1,0
1245079,4,2020,2020,1,1,8,35,1,43,52,0,1,1,-33.725546,150.789025,7,0,2,1,1,0,0,0,2,0,7,70,1,3775,3775,0,0,5,3,0,1,0,0
1245082,4,2020,2020,10,0,10,5,27,74,12,0,1,10,-34.617378,148.009445,20,1,0,1,0,0,0,0,0,0,0,100,1,6545,6545,4,0,5,2,0,1,0,0
1245083,1,2020,2020,10,5,3,76,31,363,92,0,1,9,-33.820556,150.995905,54,0,2,1,3,0,0,0,1,0,15,60,1,6545,6545,4,5,12,2,0,0,0,1
1245084,2,2020,2020,10,2,6,2126,17,438,2149,0,1,1,-33.835876,151.023298,21,0,2,1,3,0,0,0,2,0,7,60,2,14295,14295,3,5,5,2,0,0,1,0
1245085,4,2020,2020,10,1,3,344,27,62,382,0,1,1,-33.730835,150.846824,7,0,2,1,3,0,3,4,1,0,7,70,2,14295,14295,3,29,10,2,0,1,0,0
1245088,1,2020,2020,10,2,5,3,31,646,34609,0,1,1,-33.912085,151.031707,15,0,2,1,3,0,0,0,2,0,7,50,0,387,387,1,5,5,2,0,0,0,1
1245089,1,2020,2020,10,2,4,158,27,138,207,1,0,9,-33.865388,151.273065,81,0,2,0,3,0,0,0,2,0,15,50,2,2040,2040,9,0,28,2,0,0,0,1
1245090,2,2020,2020,10,2,3,2209,17,11,2205,0,1,1,-35.391997,150.438195,63,2,1,1,3,0,0,0,1,0,7,50,2,1981,1981,4,30,10,2,0,0,1,0
1245091,1,2020,2020,10,6,2,475,10,78,268,0,1,9,-33.877684,150.781604,55,0,2,1,3,0,0,0,1,0,7,80,2,2852,2852,4,5,10,2,0,0,0,1
1245092,1,2020,2020,11,4,8,45,7,143,44,1,0,2,-33.710416,151.09809,31,0,2,1,3,0,0,0,2,0,7,50,1,14295,14295,3,10,12,3,0,0,0,1
1245095,2,2020,2020,10,3,10,193,31,532,34,0,1,10,-33.87324,151.209179,69,0,2,1,3,0,3,4,0,2,7,40,1,6545,6545,4,9,5,2,0,0,1,0
1245096,1,2020,2020,10,2,4,115,27,81,114,0,1,9,-33.887611,151.264956,81,0,2,1,2,0,0,0,2,2,7,50,2,9859,9859,8,22,40,1,0,0,0,1
1245100,1,2020,2020,10,5,7,38,27,218,70,0,1,9,-33.75164,150.776354,55,0,2,1,3,0,0,0,2,0,7,60,1,14295,14295,3,5,0,3,0,0,0,1
1245103,1,2020,2020,1,3,7,4,31,169,34609,0,1,1,-33.594748,150.786621,29,2,2,1,0,0,0,0,2,0,7,60,0,1945,1945,5,16,40,1,0,0,0,1
1245104,4,2020,2020,10,3,2,112,17,6,112,0,1,1,-31.545422,145.251861,51,1,0,1,0,0,0,3,0,0,7,110,2,475,475,5,3,40,1,0,1,0,0
1245105,1,2020,2020,10,2,5,2261,17,523,2252,0,1,10,-33.93453,150.915799,41,0,2,1,1,0,3,4,2,2,7,60,2,14295,14295,3,5,5,2,0,0,0,1
1245108,2,2020,2020,1,0,0,31,31,90,34609,0,1,1,-32.923211,151.749471,48,0,2,1,2,0,0,0,0,0,7,50,0,9859,9859,1,5,0,2,0,0,1,0
1245111,2,2020,2020,10,0,10,20,27,132,148,0,1,1,-34.073846,151.055115,68,0,2,0,3,0,0,0,0,0,7,50,2,1850,1463,5,16,40,2,0,0,1,0
1245114,2,2020,2020,11,5,10,65,27,646,563,0,1,2,-33.925394,151.037908,15,0,2,1,0,0,0,0,0,0,7,70,2,3775,3775,0,5,0,2,0,0,1,1
1245115,2,2020,2020,10,0,4,10,25,136,34609,0,1,10,-32.92475,151.712989,48,0,2,1,1,0,0,0,2,0,15,50,0,6545,6545,4,5,12,2,0,0,1,0
1245116,2,2020,2020,11,3,8,89,27,15,34609,0,1,1,-32.818295,151.073505,64,1,0,0,3,0,0,0,2,0,7,100,0,4552,5151,8,5,40,1,0,0,1,0
1245117,1,2020,2020,11,6,6,6,27,5,34609,0,1,1,-28.78001,153.404876,39,2,1,0,0,0,3,3,2,0,7,80,0,1957,4009,8,5,40,1,0,0,0,1
1245118,2,2020,2020,10,1,11,85,10,72,702,0,1,9,-33.837366,151.084459,14,0,2,1,2,0,0,0,0,2,7,50,2,1669,1669,3,0,19,2,0,0,1,0
1245119,2,2020,2020,10,6,2,36,27,39,83,0,1,1,-29.431609,153.334982,18,2,1,1,2,0,0,0,0,0,7,50,1,9859,9859,1,5,0,2,0,0,1,0
1245120,1,2020,2020,10,1,4,25,1,55,34609,0,1,7,-33.938732,150.898285,41,0,2,1,1,0,0,0,2,0,0,50,0,6545,6545,4,5,5,2,0,0,0,1
1245122,4,2020,2020,1,5,7,330,23,102,39,0,1,9,-33.956132,151.243801,59,0,2,0,1,0,0,0,2,0,15,60,1,591,591,1,22,0,2,0,1,0,0
1245123,4,2020,2020,5,0,0,3371,17,54,3342,0,1,9,-33.225431,151.502967,16,2,2,1,2,0,0,0,0,0,7,70,2,9859,9859,8,5,40,1,0,2,0,0
1245133,1,2020,2020,11,6,9,30,27,166,52,0,1,9,-33.905392,151.17351,32,0,2,1,2,0,0,0,0,0,7,60,1,515,515,1,8,27,2,0,0,0,1
1245135,1,2020,2020,11,5,3,7,27,106,34609,0,1,1,-28.82432,153.031477,60,1,0,1,0,0,0,0,2,0,7,100,0,14295,14295,3,16,40,2,0,0,0,1
1245137,2,2020,2020,11,4,3,1,31,103,34609,0,1,7,-28.819842,153.317704,39,2,1,1,1,0,0,0,2,0,7,50,0,1945,1945,5,16,40,1,0,0,1,0
1245141,4,2020,2020,10,5,3,84,27,56,34609,0,1,1,-33.76061,150.781836,55,0,2,1,1,0,0,3,2,0,7,50,0,395,395,1,29,5,2,0,1,0,0
1245142,2,2020,2020,11,3,10,361,23,79,165,0,1,9,-33.968543,151.124429,25,0,2,1,2,0,0,0,0,2,7,50,1,387,387,1,22,5,2,0,0,1,0
1245144,2,2020,2020,10,6,4,5,27,5,34609,1,2,1,-28.557044,153.461546,10,2,1,1,1,0,0,0,2,0,7,40,0,1981,1981,4,10,0,2,0,0,1,0
1245145,1,2020,2020,11,5,9,224,27,246,321,0,1,10,-33.901489,151.201136,69,0,2,1,2,0,0,0,0,2,7,50,2,14295,14295,3,0,5,2,0,0,0,1
1245148,2,2020,2020,10,3,9,1,31,121,34609,0,1,10,-33.800994,151.288207,50,0,2,1,2,0,0,0,3,0,15,30,0,6545,6545,4,5,27,2,0,0,1,0
1245149,2,2020,2020,10,1,7,3371,17,31,3342,0,1,9,-30.336114,153.079836,19,2,1,1,1,0,0,0,2,0,0,60,2,14295,14295,3,5,5,2,0,0,1,0
1245150,2,2020,2020,10,0,8,1,27,1,34609,0,1,1,-35.540709,147.990229,66,1,0,0,2,0,3,4,2,0,7,100,0,380,714,5,5,40,1,0,0,1,0
1245151,1,2020,2020,10,1,4,46,27,104,262,0,1,10,-32.915069,151.72572,48,0,2,1,3,0,0,0,2,2,7,60,2,14295,14295,3,9,13,3,0,0,0,1
1245155,1,2020,2020,8,6,2,2261,17,243,2252,0,1,9,-33.947837,150.907158,41,0,2,1,3,0,0,0,0,0,7,70,2,623,623,3,9,0,2,0,0,0,1
1245156,2,2020,2020,10,5,3,4,1,109,34609,0,1,9,-33.963198,150.861343,41,0,2,1,3,0,3,0,2,2,7,60,0,5929,5929,1,5,5,3,0,0,1,0
1245158,4,2020,2020,10,0,6,128,27,74,133,0,1,9,-33.766227,150.679596,55,0,2,1,1,0,0,0,2,2,7,60,2,14295,14295,3,16,5,2,0,1,0,0
1245160,2,2020,2020,10,1,7,481,17,155,483,0,1,1,-33.115419,148.176057,53,2,1,1,3,0,0,0,2,0,7,50,2,14295,14295,3,8,13,2,0,0,1,0
1245161,1,2020,2020,10,6,2,220,27,251,222,0,1,10,-33.75851,150.955337,7,0,2,1,3,0,0,0,1,2,7,80,2,14295,14295,3,5,5,3,0,0,0,1
1245162,2,2020,2020,10,4,1,3,1,64,34609,0,1,1,-33.474043,150.158272,40,2,1,1,3,0,3,4,0,0,7,50,0,4026,4026,8,0,40,1,0,0,1,0
1245163,1,2020,2020,10,2,7,126,27,370,168,0,1,9,-34.063232,150.786838,13,0,2,1,3,0,3,4,2,2,7,80,2,14295,14295,3,0,13,3,0,0,0,1
1245172,1,2020,2020,10,1,7,866,17,187,793,0,1,9,-33.796576,150.986643,54,0,2,0,3,0,3,4,2,2,7,70,2,14295,14295,3,30,12,2,0,0,0,1
1245173,2,2020,2020,10,4,8,500,27,646,799,0,1,1,-33.93388,151.028713,15,0,2,1,3,0,0,0,2,0,7,60,2,1981,1981,4,0,19,2,0,0,1,0
1245174,1,2020,2020,10,6,8,1052,27,104,262,0,1,10,-32.909185,151.705157,48,0,2,1,3,0,0,0,2,3,16,60,2,14295,14295,3,5,5,2,0,0,0,1
1245176,4,2020,2020,10,3,4,2209,17,137,2205,0,1,9,-34.045313,151.052674,68,0,2,0,3,0,3,4,2,2,7,80,2,782,957,5,5,40,1,0,1,0,0
1245177,2,2020,2020,10,0,8,165,31,22,369,0,1,1,-33.635944,150.78716,29,2,2,1,3,0,0,0,2,0,7,70,2,14295,14295,3,5,5,2,0,0,1,0
1245188,2,2020,2020,10,0,8,500,27,646,799,0,1,9,-33.935141,151.024676,15,0,2,1,3,0,0,0,2,2,7,60,2,14295,14295,3,5,0,2,0,0,1,0
1245191,2,2020,2020,10,5,8,283,27,197,702,1,0,10,-33.952614,151.083519,25,0,2,0,3,0,0,0,3,3,7,60,2,418,777,5,5,40,1,0,0,1,0
1245196,2,2020,2020,10,1,0,109,27,247,106,0,1,9,-33.829653,150.95422,21,0,2,1,2,0,0,0,0,0,7,60,1,9859,9859,8,5,40,1,0,0,1,0