Crash ID,Degree of crash - detailed,Reporting year,Year of crash,Month of crash,Day of week of crash,Two-hour intervals,Street of crash,Street type,Town,Route no.,School zone location,School zone active,Type of location,Latitude,Longitude,LGA,Urbanisation,Conurbation 1,Alignment,Street lighting,Road surface,Surface condition,Weather,Natural lighting,Signals operation,Other traffic control,Speed limit,Road classification,RUM - code,DCA - code,First impact type,Key TU type,Other TU type,No. of traffic units involved,No. killed,No. seriously injured,No. moderately injured,No. minor-other injured
1245197,4,2020,2020,11,1,5,133,31,161,51,0,1,1,-33.884192,151.146447,32,0,2,1,1,0,0,0,2,0,7,50,1,395,395,1,30,0,3,0,1,0,0
1245199,2,2020,2020,10,5,2,98,27,128,382,0,1,9,-33.633106,150.778528,29,2,2,1,1,0,0,0,1,0,15,80,2,2852,2852,4,0,19,2,0,0,1,0
1245204,2,2020,2020,10,5,5,55,27,35,34609,0,1,9,-33.881302,150.89638,24,0,2,1,1,0,0,0,2,0,7,50,0,9859,9859,1,5,5,2,0,0,1,0
1245205,2,2020,2020,10,1,7,17,36,68,19,0,1,10,-34.850464,148.920131,82,2,1,1,0,0,0,0,2,0,7,50,1,9859,9859,8,5,40,1,0,0,1,0
1245206,4,2020,2020,11,4,7,2126,17,179,2149,0,1,2,-33.758756,150.720178,55,0,2,1,1,0,0,0,2,0,7,60,2,1220,1220,9,5,28,2,0,1,0,0
1245207,2,2020,2020,10,0,5,193,27,64,18,1,0,7,-33.955624,150.994064,15,0,2,1,3,0,0,0,2,0,0,50,1,926,926,4,16,5,2,0,0,1,0
1245208,2,2020,2020,10,6,6,35,27,32,34,0,1,1,-30.185601,151.625911,1,1,0,1,0,0,0,0,2,0,7,100,1,9859,9859,8,30,40,1,0,0,1,0
1245211,4,2020,2020,10,2,10,154,27,293,244,0,1,1,-33.922555,151.059185,15,0,2,1,2,0,0,0,3,0,7,60,2,14295,14295,3,5,18,3,0,1,0,0
1245217,4,2020,2020,10,0,2,280,10,314,82,0,1,1,-33.85111,150.924119,24,0,2,1,2,0,0,0,0,0,7,60,1,3775,3775,0,5,5,2,0,2,0,0
1245218,1,2020,2020,10,3,4,26,10,9,26,0,1,1,-36.867599,149.900815,5,2,1,0,1,0,3,4,2,0,7,80,1,1850,1463,5,5,40,1,0,0,0,1
1245219,4,2020,2020,11,4,4,145,27,115,80,0,1,1,-33.875999,151.189339,69,0,2,1,0,0,0,0,2,0,7,40,2,5929,5929,1,5,27,2,0,1,0,0
1245221,4,2020,2020,5,4,7,17,31,117,34609,0,1,1,-28.176181,153.540134,72,2,1,1,0,0,0,3,2,0,7,50,0,9859,9859,1,5,36,2,0,1,0,0
1245222,1,2020,2020,11,2,7,81,31,133,80,0,1,1,-33.931234,151.012222,15,0,2,1,1,0,0,0,2,0,7,50,1,9859,9859,8,5,40,1,0,0,0,1
1245227,1,2020,2020,11,1,4,109,36,90,108,0,1,2,-28.263204,153.517392,72,1,0,1,0,0,0,0,2,0,7,100,1,14295,14295,3,5,41,2,0,0,0,1
1245228,1,2020,2020,11,3,9,2,10,28,34609,0,1,1,-34.551505,150.848258,62,0,2,0,2,0,0,0,0,0,7,50,0,3775,3775,0,10,5,2,0,0,0,2
1245231,2,2020,2020,5,6,6,1052,14,36,928,0,1,3,-33.434273,151.221771,16,1,2,1,0,0,0,0,2,0,7,110,2,4026,4026,8,5,40,1,0,0,1,0
1245234,2,2020,2020,10,3,4,56,31,119,34609,0,1,10,-32.763647,151.745016,57,2,1,1,1,0,3,0,2,1,0,50,0,2585,777,8,0,40,1,0,0,1,0
1245235,2,2020,2020,10,5,8,105,27,67,109,0,1,10,-33.881649,150.889023,24,0,2,1,1,0,0,0,2,2,8,60,1,6545,6545,4,10,12,2,0,0,1,0
1245237,2,2020,2020,10,1,9,5,31,132,34609,1,0,10,-29.765745,151.112098,33,2,1,1,0,0,0,0,2,0,15,50,0,6545,6545,4,0,13,2,0,0,1,1
1245239,1,2020,2020,11,2,9,34,31,145,140,0,1,9,-33.926671,151.125347,15,0,2,1,2,0,0,0,0,2,7,50,1,387,387,1,16,0,2,0,0,0,1
1245241,2,2020,2020,1,1,5,26,31,204,34609,0,1,9,-33.877015,151.126886,32,0,2,1,1,0,0,0,2,0,7,50,0,9859,9859,8,30,40,2,0,0,1,0
1245244,4,2020,2020,1,3,7,5,27,7,34609,0,1,1,-33.515329,151.348493,16,2,2,0,1,0,0,0,2,0,7,50,0,340,340,9,5,28,2,0,1,0,0
1245246,2,2020,2020,1,2,5,7,27,22,34609,0,1,1,-33.440301,150.923537,71,0,2,0,0,0,0,0,2,0,7,60,0,1259,5151,8,16,40,1,0,0,1,0
1245252,1,2020,2020,5,3,7,2209,17,77,2205,0,1,9,-33.921228,151.165638,32,0,2,0,1,0,3,4,2,0,7,60,2,14295,14295,3,8,12,2,0,0,0,1
1245253,4,2020,2020,1,0,6,15,27,20,34609,0,1,9,-32.924887,151.670213,37,0,2,1,1,0,0,0,2,0,7,50,0,3775,3775,0,5,5,2,0,1,0,1
1245254,2,2020,2020,11,0,6,77,27,17,58,0,1,1,-34.680434,150.516259,63,2,1,0,0,0,0,0,2,0,7,60,2,404,404,8,5,40,1,0,0,1,0
1245255,4,2020,2020,1,2,1,132,31,174,126,1,0,9,-33.889469,151.20454,69,0,2,1,2,0,0,0,0,2,7,50,2,1945,1945,5,16,40,1,0,1,0,0
1245256,2,2020,2020,1,5,5,72,31,176,62,0,1,10,-33.949735,151.14888,4,0,2,1,1,0,0,0,2,2,7,60,1,2040,2040,9,5,28,2,0,0,1,0
1245257,4,2020,2020,1,4,3,17,27,8,11,0,1,1,-34.669069,150.232707,78,2,1,0,0,0,0,0,2,0,7,80,1,418,714,5,5,40,1,0,1,0,0
1245259,2,2020,2020,5,0,6,2209,17,204,2205,0,1,9,-33.937152,151.149423,4,0,2,1,3,0,0,0,2,2,7,60,2,926,926,4,0,5,2,0,0,1,0
1245261,1,2020,2020,11,4,2,126,27,64,168,0,1,9,-34.040478,150.74454,12,0,2,1,0,0,0,0,1,0,0,60,2,14295,14295,3,10,0,3,0,0,0,3
1245262,2,2020,2020,11,3,6,2209,17,70,2205,0,1,1,-34.834682,150.596573,63,2,1,0,0,0,3,0,2,0,7,60,2,3775,3775,0,30,0,3,0,0,1,1
1245267,4,2020,2020,11,2,5,55,36,5,35,0,1,1,-32.63437,150.035602,44,2,1,0,0,0,0,0,2,0,7,80,1,4552,5151,8,16,40,1,0,1,0,0
1245268,2,2020,2020,11,5,5,10,27,18,34609,0,1,1,-33.344688,149.050386,52,2,1,0,0,0,0,0,2,0,7,80,0,4552,5151,8,5,40,1,0,0,1,0
1245269,2,2020,2020,11,5,8,1,31,182,228,1,0,10,-32.838944,151.343132,17,2,1,1,1,0,0,0,2,0,0,60,1,2040,2040,9,0,28,2,0,0,1,0
1245271,4,2020,2020,1,0,2,38,27,43,70,0,1,9,-33.737355,150.789982,7,0,2,1,2,0,0,0,0,0,0,70,1,5929,5929,1,5,19,2,0,1,1,0
1245272,2,2020,2020,11,2,10,69,31,19,118,0,1,1,-29.856314,150.571557,51,1,0,1,0,0,0,0,0,0,7,100,2,14295,14295,3,10,0,2,0,0,1,0
1245274,2,2020,2020,11,0,9,145,27,125,34609,1,0,9,-33.867058,151.077643,67,0,2,1,0,0,3,3,0,0,7,50,0,9859,9859,8,0,40,1,0,0,1,1
1245277,2,2020,2020,11,4,7,2209,17,34,2205,0,1,1,-36.995343,149.909236,5,1,0,1,0,0,0,0,2,0,7,100,2,3775,3775,0,0,13,2,0,0,1,0
1245281,4,2020,2020,11,3,1,22,31,237,45,1,0,1,-33.872506,150.958762,24,0,2,1,2,0,0,0,0,0,7,60,1,9859,9859,8,0,40,1,0,1,0,0
1245286,1,2020,2020,11,3,10,100,27,109,799,0,1,9,-33.905035,151.131773,15,0,2,1,2,0,0,0,0,0,7,60,2,387,387,1,22,5,2,0,0,0,1
1245288,4,2020,2020,11,2,10,2,31,22,34609,0,1,9,-34.468626,150.872174,80,0,2,1,2,0,0,0,0,0,7,50,0,1220,1220,9,5,28,2,0,1,0,0
1245292,1,2020,2020,11,4,6,57,27,58,75,0,1,1,-33.462999,151.282608,16,2,2,1,0,0,0,0,2,0,7,80,1,9859,9859,8,0,40,1,0,0,0,1
1245293,2,2020,2020,1,2,4,10,27,9,34609,0,1,1,-34.99666,149.792114,26,2,1,0,1,2,0,0,2,0,7,60,0,782,957,5,0,40,1,0,0,1,0
1245294,4,2020,2020,10,1,3,2,27,13,34609,0,1,1,-29.6662,150.389291,51,1,0,0,0,0,0,0,0,0,7,100,0,4552,5151,8,9,40,1,0,1,1,0
1245297,2,2020,2020,5,1,7,229,14,173,237,0,1,3,-33.776282,151.125713,61,0,2,1,1,0,3,4,2,0,7,100,2,1945,1945,5,16,40,1,0,0,1,0
1245302,2,2020,2020,11,6,4,2,31,119,34609,0,1,1,-32.763177,151.743507,57,2,1,1,1,0,0,0,2,0,7,40,0,5929,5929,1,5,19,2,0,0,1,0
1245303,2,2020,2020,10,6,6,2,27,4,34609,0,1,1,-29.615503,152.913498,18,1,0,1,0,0,0,0,2,0,7,100,0,945,945,5,10,40,1,0,0,1,0
1245304,2,2020,2020,10,1,7,2209,17,157,2205,0,1,2,-34.008094,151.106255,68,0,2,1,1,0,0,0,2,0,7,70,2,14295,14295,3,0,5,3,0,0,1,0
1245305,2,2020,2020,10,4,7,115,27,138,114,0,1,9,-33.881371,151.270168,76,0,2,1,1,0,0,0,2,0,0,50,2,2852,2852,4,5,18,2,0,0,1,0
1245306,2,2020,2020,10,1,6,3,7,532,19,0,1,9,-33.868869,151.218101,69,0,2,0,2,0,0,0,2,2,7,50,2,926,926,4,15,5,2,0,0,2,0
1245307,1,2020,2020,11,0,3,36,27,14,36,0,1,9,-34.007749,150.794389,13,0,2,0,1,0,0,3,2,0,15,80,1,2852,2852,4,5,5,2,0,0,0,2
1245309,2,2020,2020,11,0,5,191,1,363,34609,0,1,1,-33.752622,150.705751,55,0,2,1,0,0,0,0,2,0,7,50,0,4026,4026,1,5,0,2,0,0,1,0
1245311,1,2020,2020,0,5,6,8,27,15,7,0,1,1,-34.620545,150.317256,78,2,1,0,0,0,0,0,2,0,7,50,1,4552,5151,1,0,10,2,0,0,0,2
1245312,2,2020,2020,11,6,7,6,31,103,45,0,1,1,-34.312826,148.29508,30,2,1,1,0,0,0,0,2,0,7,50,1,4026,4026,1,0,13,3,0,0,1,1
1245313,4,2020,2020,11,1,3,103,27,149,167,0,1,9,-33.990889,151.132815,25,0,2,1,0,0,0,0,2,0,7,70,2,9859,9859,8,22,40,1,0,1,0,0
1245316,1,2020,2020,10,5,6,117,27,78,144,0,1,9,-33.860571,151.092922,14,0,2,1,3,0,0,0,2,0,7,60,2,1669,1669,3,0,5,2,0,0,0,1
1245319,2,2020,2020,10,3,4,32,27,33,563,0,1,9,-33.966281,151.033092,15,0,2,1,1,0,3,0,2,1,7,50,2,14295,14295,3,5,0,4,0,0,1,0
1245320,2,2020,2020,10,5,10,6,1,53,34609,0,1,7,-31.094049,150.931198,70,2,1,1,2,0,0,0,0,0,0,50,0,1981,1981,4,10,5,2,0,0,1,0
1245327,4,2020,2020,1,1,8,63,31,35,34609,0,1,1,-30.019985,148.109796,51,2,1,1,1,0,0,0,2,0,7,50,0,4026,4026,8,16,40,1,0,1,0,0
1245329,2,2020,2020,11,6,8,2,27,6,34609,0,1,1,-33.60083,150.690762,29,2,2,0,0,0,3,4,3,0,7,80,0,1957,4009,8,5,40,1,0,0,1,0
1245330,1,2020,2020,11,2,5,153,27,197,147,0,1,1,-33.957605,151.072656,25,0,2,1,3,0,0,0,2,0,7,60,2,14295,14295,3,5,5,2,0,0,0,1
1245331,4,2020,2020,10,0,0,15,10,14,34609,0,1,1,-33.53794,151.293082,16,2,2,0,0,0,0,0,0,0,7,80,0,4552,5151,8,5,40,1,0,3,2,0
1245338,4,2020,2020,11,5,6,12,27,4,62,0,1,1,-36.549123,150.035195,5,2,1,0,3,0,0,0,2,0,7,80,1,1850,1463,5,16,40,1,0,1,0,0
1245339,1,2020,2020,10,1,7,92,31,7,42,0,1,9,-32.935346,151.77687,48,0,2,1,3,0,0,0,2,0,7,50,1,1669,1669,3,5,5,3,0,0,0,1
1245343,2,2020,2020,10,2,7,56,23,31,144,0,1,9,-33.893161,151.090575,9,0,2,1,3,0,0,0,2,0,7,60,2,2852,2852,4,30,5,2,0,0,1,0
1245349,4,2020,2020,10,4,4,107,22,210,17,0,1,10,-34.028224,151.09352,68,0,2,1,3,0,3,3,2,2,7,60,1,5929,5929,1,30,13,2,0,1,0,0
1245353,2,2020,2020,10,6,7,9,27,65,34609,0,1,1,-30.379137,153.019104,19,2,1,1,0,0,3,4,2,0,7,60,0,4026,4026,8,5,40,1,0,0,1,0
1245354,1,2020,2020,10,6,10,10,31,19,34609,0,1,10,-33.430264,149.574789,3,2,1,1,2,0,0,0,0,0,0,60,0,2040,2040,9,5,26,2,0,0,0,1
1245357,1,2020,2020,11,0,6,35,18,237,34609,0,1,0,-33.869582,150.95498,24,0,2,1,3,0,0,0,2,0,7,40,0,214,214,9,5,28,2,0,0,0,1
1245368,2,2020,2020,1,2,11,24,27,165,34609,0,1,1,-32.24165,150.903292,46,2,1,0,1,0,0,0,0,0,11,50,0,4552,5151,8,5,40,1,0,0,1,0
1245371,2,2020,2020,11,6,7,4,10,31,34609,0,1,1,-34.023813,150.828594,13,0,2,1,1,0,0,0,2,0,7,50,0,3775,3775,0,22,5,2,0,0,2,0
1245373,1,2020,2020,11,2,10,296,27,290,293,0,1,10,-33.855751,150.995008,21,0,2,1,2,0,0,0,0,2,7,70,2,5929,5929,1,5,5,2,0,0,0,1
1245374,2,2020,2020,10,3,5,829,27,149,770,0,1,2,-33.868663,151.183984,32,0,2,1,1,0,0,0,2,0,7,60,2,214,214,9,22,26,2,0,0,1,0
1245375,4,2020,2020,10,2,4,3371,17,104,3342,0,1,2,-32.852628,151.700969,48,0,2,1,1,0,0,3,2,0,7,80,2,4026,4026,8,5,40,1,0,1,0,0
1245376,2,2020,2020,11,4,10,3,27,438,34609,0,1,10,-33.858242,151.028549,21,0,2,1,2,0,0,0,0,0,15,60,0,9859,9859,8,5,40,1,0,0,1,0
1245377,2,2020,2020,10,6,3,1052,27,104,262,0,1,2,-32.908256,151.698548,48,0,2,1,1,0,0,0,2,0,7,60,2,1945,1945,5,16,40,1,0,0,1,0
1245382,2,2020,2020,11,5,6,3371,17,207,3342,0,1,1,-33.556332,151.193466,31,0,2,1,1,0,0,0,2,0,6,80,2,1981,1981,4,0,19,2,0,0,1,0
1245384,1,2020,2020,10,5,8,43,2,104,42,0,1,10,-33.742885,150.944005,7,0,2,1,1,0,0,0,2,2,7,70,2,1669,1669,3,30,5,2,0,0,0,1
1245386,2,2020,2020,10,4,1,10,1,316,34609,0,1,1,-31.433561,152.889415,56,2,1,1,2,0,3,4,0,0,7,50,0,237,162,8,30,40,1,0,0,1,0
1245388,4,2020,2020,1,1,3,41,27,293,91,0,1,7,-33.952884,151.245981,59,0,2,0,1,0,0,0,2,0,0,60,1,6545,6545,4,5,27,2,0,1,0,0
1245389,2,2020,2020,11,5,4,3371,17,149,3342,0,1,7,-33.344449,151.368146,16,2,2,0,0,0,0,0,2,0,0,60,2,1850,1463,5,16,40,1,0,0,1,0
1245392,4,2020,2020,11,6,7,220,14,67,220,0,1,3,-34.424274,150.868802,80,0,2,1,3,0,0,0,2,0,7,90,2,4026,4026,8,5,40,4,0,1,1,0
1245399,1,2020,2020,10,0,8,1052,14,118,928,0,1,3,-33.434099,151.268277,16,1,2,0,3,0,0,0,2,0,7,110,2,14295,14295,3,5,36,2,0,0,0,1
1245400,1,2020,2020,11,5,5,8,27,187,34609,0,1,1,-33.798555,150.983068,54,0,2,1,3,0,0,0,2,0,7,50,0,1391,1391,1,5,5,2,0,0,0,1
1245403,1,2020,2020,10,4,4,35,27,71,24,0,1,9,-33.763331,150.704084,55,0,2,1,3,0,0,0,2,0,7,60,1,1669,1669,3,5,0,2,0,0,0,1
1245406,4,2020,2020,1,4,7,40,27,148,2252,0,1,7,-36.053179,146.959721,0,2,1,1,1,0,0,0,2,0,0,60,2,591,591,1,22,12,2,0,1,1,0
1245408,2,2020,2020,10,4,10,18,1,293,34609,0,1,1,-33.948059,151.253502,59,0,2,1,2,0,0,0,0,0,7,50,0,9859,9859,1,9,34,2,0,0,1,0
1245409,2,2020,2020,5,4,7,1104,14,223,962,0,1,3,-33.806512,150.927855,7,0,2,0,1,0,0,0,2,0,7,100,2,1282,1282,1,29,5,3,0,0,1,0
1245412,4,2020,2020,10,2,1,3371,17,54,3342,0,1,1,-33.087216,151.639122,37,0,2,0,2,0,3,4,0,0,7,60,2,2585,4009,8,5,40,1,0,1,0,0
1245417,2,2020,2020,11,5,4,75,10,387,165,0,1,3,-33.936759,151.197918,4,0,2,0,0,0,0,0,2,0,7,80,2,14295,14295,3,30,5,3,0,0,1,0
1245420,4,2020,2020,10,5,4,22,27,151,10,0,1,7,-34.02621,150.835977,13,0,2,0,1,0,0,0,2,0,0,60,1,14295,14295,3,0,19,3,0,1,0,0
1245421,2,2020,2020,10,2,10,35,27,30,34609,0,1,1,-28.328898,153.49623,72,2,1,1,0,0,3,4,0,0,7,80,0,475,475,5,5,40,1,0,0,2,0
1245422,4,2020,2020,11,4,4,1,10,67,34609,0,1,9,-33.388763,151.345932,16,2,2,1,0,0,0,0,2,0,7,50,0,4552,985,8,8,40,1,0,1,0,0
1245423,2,2020,2020,10,6,9,5,31,115,34609,0,1,1,-33.882903,151.18749,69,0,2,1,1,0,0,0,3,0,7,50,0,387,387,1,22,5,2,0,0,1,0
1245424,2,2020,2020,10,1,11,829,27,309,770,0,1,10,-33.815398,151.100653,61,0,2,1,2,0,0,0,0,0,0,60,2,1945,1945,5,16,40,1,0,0,1,0
1245426,2,2020,2020,11,5,6,3,27,103,34609,0,1,9,-34.315043,148.261213,30,1,0,0,0,2,0,0,2,0,7,100,0,418,714,5,10,40,1,0,0,1,0
1245429,4,2020,2020,11,5,8,9,27,110,24,0,1,9,-33.753012,151.045329,71,0,2,1,1,0,0,0,2,0,7,50,1,5929,5929,1,5,5,2,0,1,0,0
1245432,1,2020,2020,1,3,6,330,27,106,605,0,1,2,-33.683469,151.30349,50,0,2,1,1,0,0,0,2,0,7,70,2,14295,14295,3,5,5,3,0,0,0,1
1245434,4,2020,2020,10,6,8,4,27,6,34609,0,1,1,-33.521539,150.054811,40,1,0,0,0,0,0,0,2,0,7,100,0,4552,5151,8,5,40,1,0,1,0,0
1245435,4,2020,2020,11,0,6,44,27,202,563,0,1,9,-33.948086,151.03701,15,0,2,1,0,0,0,0,2,0,0,70,2,926,926,4,9,5,2,0,1,0,0
1245436,1,2020,2020,11,1,5,220,27,251,222,0,1,10,-33.75851,150.955337,7,0,2,1,1,0,0,0,2,2,7,80,2,1669,1669,3,10,5,2,0,0,0,1
1245443,4,2020,2020,10,5,8,53,31,67,125,0,1,9,-33.889194,151.005722,15,0,2,1,1,0,0,0,2,0,15,60,1,2852,2852,4,21,5,2,0,1,0,0
1245446,4,2020,2020,10,2,10,334,17,1,308,0,1,1,-31.463583,152.588041,56,1,0,0,0,0,0,0,0,0,7,100,2,1259,5151,8,5,40,1,0,1,0,0
1245449,1,2020,2020,11,5,8,54,27,443,6,0,1,9,-33.899546,151.041214,15,0,2,1,1,0,0,0,2,0,0,60,2,2852,2852,4,0,5,3,0,0,0,1
1245451,4,2020,2020,1,1,10,3,31,77,34609,0,1,1,-33.864033,150.942129,24,0,2,1,2,0,0,0,0,0,7,50,0,340,340,9,5,28,3,0,1,1,0
1245466,2,2020,2020,10,6,6,500,27,198,799,0,1,10,-33.920184,151.09964,15,0,2,1,0,0,0,0,2,3,7,60,2,14295,14295,3,16,5,2,0,0,2,0
1245473,1,2020,2020,10,0,8,55,1,167,34609,0,1,10,-33.83997,151.068527,54,0,2,1,3,0,0,0,2,0,15,60,0,1391,1391,1,16,5,2,0,0,0,1
1245476,2,2020,2020,10,2,3,512,17,1,441,0,1,1,-31.738983,147.530267,51,1,0,1,3,0,0,6,2,0,7,110,2,9859,9859,8,0,40,1,0,0,1,0
1245477,1,2020,2020,11,1,5,500,27,198,799,0,1,9,-33.917272,151.106724,15,0,2,1,0,0,0,0,2,0,7,60,2,623,623,3,0,5,2,0,0,0,1
1245478,1,2020,2020,3,3,6,2261,17,70,2252,0,1,2,-34.72077,149.994544,26,1,0,1,1,0,3,4,2,0,7,110,2,4026,4026,8,16,40,1,0,0,0,1
1245480,1,2020,2020,11,6,4,17,31,290,33,0,1,10,-33.958927,151.128275,4,0,2,1,1,0,3,4,2,0,7,50,1,2040,2040,9,10,28,2,0,0,0,1
1245484,2,2020,2020,10,2,0,213,17,132,213,0,1,1,-29.772878,151.077966,33,2,1,1,0,0,3,4,0,0,7,80,2,1945,1945,5,16,40,1,0,0,1,0
1245489,4,2020,2020,1,1,11,30,27,4,34609,0,1,1,-32.750699,151.454442,17,2,1,1,0,0,0,0,0,0,7,80,0,1089,1089,7,16,40,1,0,1,0,0
1245491,2,2020,2020,11,6,9,162,31,53,148,0,1,10,-32.927253,151.760823,48,0,2,1,2,0,3,4,0,2,9,60,1,591,591,1,22,0,2,0,0,1,0
1245492,4,2020,2020,10,4,8,149,27,294,198,0,1,1,-33.937395,150.937497,41,0,2,1,0,0,0,3,2,0,7,60,2,1669,1669,3,16,12,2,0,1,0,0
1245493,2,2020,2020,10,4,8,59,10,89,34609,0,1,10,-33.894218,151.233059,59,0,2,0,0,0,0,0,2,0,15,30,0,186,186,1,33,40,2,0,0,1,1
1245494,1,2020,2020,11,2,5,14,27,7,34609,0,1,1,-34.959468,147.523798,51,1,0,0,0,0,3,4,2,0,7,100,0,2585,4009,8,10,40,1,0,0,0,1
1245496,4,2020,2020,10,0,8,128,27,61,133,0,1,1,-33.856319,150.646491,55,0,2,0,0,0,0,0,3,0,7,80,2,3775,3775,0,5,0,3,0,4,1,0
1245497,1,2020,2020,11,6,7,866,17,110,793,0,1,2,-33.757714,151.048965,71,0,2,1,1,0,0,0,2,0,7,70,2,14295,14295,3,3,19,3,0,0,0,1
1245498,4,2020,2020,11,5,9,3,27,93,34609,0,1,1,-36.100533,146.939061,0,2,1,1,1,0,0,0,0,0,7,50,0,945,945,5,30,40,1,0,2,0,1
1245501,4,2020,2020,10,6,9,2261,17,18,2252,0,1,3,-34.039556,150.823121,13,0,2,0,0,0,0,0,0,0,7,110,2,4552,5151,8,30,40,1,0,1,0,0
1245502,1,2020,2020,10,3,10,1,27,29,34609,0,1,10,-34.41833,150.869586,80,0,2,1,2,0,3,4,0,0,7,50,0,5929,5929,1,30,5,2,0,0,0,1
1245508,4,2020,2020,11,4,9,3,1,28,34609,0,1,9,-34.554645,150.847373,62,0,2,1,2,0,3,0,0,0,0,50,0,2585,777,8,5,40,1,0,1,0,0
1245511,2,2020,2020,10,2,0,3371,17,35,3342,0,1,2,-29.934058,153.092589,18,1,0,1,0,0,0,0,0,0,7,110,2,204,204,1,0,36,2,0,0,1,0
1245514,4,2020,2020,11,6,6,6,31,35,34609,0,1,7,-30.445944,152.897979,6,2,1,0,0,0,0,0,2,0,0,50,0,6545,6545,4,5,27,2,0,1,0,0
1245519,2,2020,2020,1,2,7,63,17,207,63,0,1,1,-32.00633,141.43762,51,1,0,1,0,0,0,0,2,0,7,110,2,945,945,5,11,40,1,0,0,1,0
1245520,1,2020,2020,10,0,7,22,27,136,702,0,1,10,-33.860741,151.068406,67,0,2,1,3,0,0,0,2,0,15,60,2,14295,14295,3,10,40,4,0,0,0,1
1245526,1,2020,2020,10,2,6,9,31,290,34609,0,1,10,-33.849861,150.990448,21,0,2,1,3,0,3,4,2,0,0,50,0,941,941,1,5,5,2,0,0,0,1
1245532,1,2020,2020,10,0,4,33,31,165,34609,0,1,7,-32.261154,150.901849,46,2,1,0,1,0,0,0,2,0,0,50,0,6545,6545,4,0,0,2,0,0,0,1
1245536,2,2020,2020,10,1,9,29,27,31,34609,1,0,1,-33.891555,151.026766,15,0,2,1,0,0,0,0,2,0,7,50,0,1109,787,1,30,36,2,0,0,1,0
1245537,1,2020,2020,10,1,5,13,27,24,61,0,1,9,-33.823292,151.172029,38,0,2,1,3,0,0,3,2,2,7,50,1,926,926,4,5,5,2,0,0,0,1
1245538,2,2020,2020,10,2,9,6,31,159,34609,0,1,10,-33.809141,151.094753,61,0,2,1,3,0,3,3,3,0,0,50,0,6545,6545,4,5,0,2,0,0,1,0
1245540,2,2020,2020,1,3,11,2261,17,140,2252,0,1,2,-33.898562,150.99556,15,0,2,1,3,0,0,0,0,0,7,70,2,14295,14295,3,5,0,3,0,0,1,0
1245549,4,2020,2020,10,3,11,2126,17,125,2149,0,1,1,-33.86149,151.076667,67,0,2,1,2,0,0,0,0,0,7,60,2,1981,1981,4,16,5,3,0,1,0,0
1245550,2,2020,2020,10,0,5,171,31,80,34609,0,1,10,-33.879655,151.208459,69,0,2,1,1,0,0,0,2,2,7,40,0,5929,5929,1,5,27,2,0,0,1,0
1245555,2,2020,2020,10,4,6,3,27,77,34609,0,1,1,-30.338873,149.794662,51,2,1,1,0,0,0,0,2,0,14,40,0,3775,3775,0,0,0,2,0,0,3,0
1245556,2,2020,2020,1,4,7,79,27,145,159,1,0,1,-33.928928,151.109182,15,0,2,1,1,0,3,0,2,0,7,60,2,5929,5929,1,5,0,2,0,0,2,0
1245557,1,2020,2020,11,5,7,95,31,218,34609,0,1,1,-33.76515,150.774294,55,0,2,1,1,0,0,0,2,0,7,40,0,1220,1220,9,5,28,2,0,0,0,1
1245558,4,2020,2020,1,3,7,2,27,7,34609,0,1,1,-35.264423,147.271873,75,1,0,1,0,0,0,0,2,0,7,100,0,1945,1945,5,16,40,1,0,1,0,0
1245561,1,2020,2020,10,0,9,485,27,323,769,0,1,9,-33.765352,150.996524,71,0,2,1,3,0,0,0,3,2,7,60,2,395,395,1,5,5,2,0,0,0,1
1245568,2,2020,2020,10,1,8,6,31,102,34609,0,1,9,-31.107666,150.918541,70,2,1,1,0,0,0,0,2,0,7,50,0,1669,1669,3,5,5,2,0,0,1,0
1245569,2,2020,2020,10,2,9,512,17,562,441,0,1,10,-32.254442,148.60997,22,2,1,1,1,0,3,4,3,0,0,60,2,6545,6545,4,5,36,2,0,0,2,0
1245570,4,2020,2020,1,6,7,110,31,204,34609,0,1,7,-33.891617,150.934311,24,0,2,1,1,0,0,0,2,0,0,50,0,6545,6545,4,0,27,2,0,1,0,0
1245573,2,2020,2020,11,5,3,112,27,79,769,0,1,1,-33.584927,150.724202,29,2,2,1,1,0,0,0,2,0,7,60,2,14295,14295,3,5,36,3,0,0,1,1
1245575,1,2020,2020,11,2,10,5,31,100,34609,0,1,1,-33.954837,151.155375,4,0,2,0,2,0,3,4,0,0,7,50,0,1850,1463,5,16,40,1,0,0,0,1
1245576,1,2020,2020,10,5,7,58,31,112,34609,0,1,10,-36.06591,146.927743,0,2,1,1,3,0,0,0,2,0,0,50,0,6545,6545,4,19,13,2,0,0,0,1
1245582,2,2020,2020,10,4,7,6,31,84,34609,0,1,1,-33.89435,151.263476,76,0,2,1,3,0,0,0,2,0,7,50,0,1669,1669,3,5,5,2,0,0,1,0
1245584,4,2020,2020,10,4,8,19,27,72,34609,0,1,7,-34.016616,151.013137,68,0,2,1,3,0,0,0,2,0,0,60,0,14295,14295,3,0,0,2,0,1,0,0
1245586,2,2020,2020,10,1,6,47,27,293,69,0,1,1,-33.942967,151.248463,59,0,2,0,3,0,3,4,2,0,7,60,1,4552,5151,1,5,0,3,0,0,1,0