Crash ID,Degree of crash - detailed,Reporting year,Year of crash,Month of crash,Day of week of crash,Two-hour intervals,Street of crash,Street type,Town,Route no.,School zone location,School zone active,Type of location,Latitude,Longitude,LGA,Urbanisation,Conurbation 1,Alignment,Street lighting,Road surface,Surface condition,Weather,Natural lighting,Signals operation,Other traffic control,Speed limit,Road classification,RUM - code,DCA - code,First impact type,Key TU type,Other TU type,No. of traffic units involved,No. killed,No. seriously injured,No. moderately injured,No. minor-other injured
1245592,2,2020,2020,10,1,6,16,27,182,174,0,1,9,-32.840513,151.360132,17,2,1,1,0,0,0,0,2,0,7,60,2,9859,9859,8,0,40,1,0,0,2,0
1245594,1,2020,2020,10,3,0,39,10,42,65,0,1,7,-33.705546,150.942885,71,0,2,1,2,0,0,0,0,0,0,60,1,5929,5929,1,0,13,2,0,0,0,1
1245601,2,2020,2020,10,1,7,19,27,182,174,0,1,1,-32.8214,151.349978,17,2,1,0,1,0,0,0,2,0,7,60,2,3775,3775,0,30,12,2,0,0,1,0
1245607,2,2020,2020,11,4,5,13,27,135,34609,0,1,1,-35.22523,149.791785,58,1,0,0,3,2,0,0,2,0,7,100,0,1850,1463,5,16,40,1,0,0,1,0
1245618,2,2020,2020,1,6,4,387,27,115,331,0,1,10,-33.958971,151.063978,25,0,2,1,1,0,0,0,2,2,7,60,2,5929,5929,1,9,0,4,0,0,2,2
1245619,4,2020,2020,11,5,8,12,31,55,63,0,1,1,-33.900306,151.083097,67,0,2,1,2,0,0,0,3,0,7,50,1,941,941,1,9,19,2,0,1,1,0
1245620,1,2020,2020,11,5,8,1104,14,460,962,0,1,3,-33.821642,150.984855,21,0,2,1,3,0,0,0,3,0,7,90,2,14295,14295,3,9,5,3,0,0,0,1
1245622,4,2020,2020,1,4,0,204,31,119,34609,0,1,7,-32.759934,151.744224,57,2,1,1,2,0,0,0,0,0,7,50,0,9859,9859,8,16,40,1,0,1,0,0
1245623,4,2020,2020,1,1,7,9,31,219,34609,0,1,1,-32.895753,151.667944,48,0,2,1,0,0,0,0,2,0,7,50,0,1282,1282,1,22,5,2,0,1,0,0
1245624,4,2020,2020,1,3,0,3,27,3,34609,0,1,1,-28.306854,153.338678,72,1,0,0,3,0,0,0,0,0,7,100,0,4552,5151,8,30,40,1,0,1,1,1
1245626,1,2020,2020,11,2,9,1104,14,142,962,0,1,3,-33.827614,151.000685,54,0,2,1,3,0,0,0,0,0,7,90,2,1391,1391,1,30,5,3,0,0,0,1
1245627,2,2020,2020,11,4,3,1104,14,609,962,0,1,3,-33.803019,150.897153,7,0,2,1,0,0,0,0,2,0,7,100,2,14295,14295,3,21,12,2,0,0,1,1
1245629,4,2020,2020,1,6,9,1,27,19,34609,0,1,10,-32.730092,151.999806,57,2,1,1,2,0,0,0,0,0,0,50,0,1945,1945,5,16,40,1,0,1,0,0
1245632,1,2020,2020,11,6,6,7,27,37,34609,0,1,1,-32.711361,151.383699,17,1,0,1,1,0,0,0,2,0,7,100,0,9859,9859,8,0,40,1,0,0,0,1
1245633,1,2020,2020,11,3,5,255,27,62,172,0,1,2,-32.923806,151.621442,37,0,2,1,1,0,0,0,2,0,7,60,2,1981,1981,4,0,19,2,0,0,0,1
1245634,4,2020,2020,1,6,4,6,27,41,34609,0,1,1,-34.042509,150.694863,12,0,2,0,0,0,0,0,2,0,7,70,0,2585,4009,8,5,40,1,0,1,0,0
1245635,4,2020,2020,1,1,5,2,27,15,34609,0,1,1,-31.191749,150.285064,51,2,1,0,0,2,0,0,2,0,7,80,0,4552,5151,8,10,40,1,0,1,0,0
1245636,2,2020,2020,1,6,8,330,23,54,233,0,1,2,-33.89501,151.221591,69,0,2,1,2,0,0,0,3,0,7,60,2,14295,14295,3,5,5,5,0,0,1,1
1245637,1,2020,2020,1,5,4,1,31,61,21,0,1,9,-33.744292,150.892371,7,0,2,1,1,0,0,0,2,0,7,60,1,591,591,1,22,5,2,0,0,0,1
1245638,4,2020,2020,11,4,4,158,27,138,207,0,1,9,-33.870117,151.269086,81,0,2,1,0,0,0,0,2,2,9,50,2,2040,2040,9,0,28,2,0,1,0,1
1245640,1,2020,2020,1,2,8,126,27,370,168,0,1,10,-34.072187,150.805656,13,0,2,1,1,0,0,0,2,2,7,60,2,83,83,1,30,5,2,0,0,0,1
1245643,2,2020,2020,11,0,7,5,27,253,34609,0,1,1,-33.957014,151.10199,25,0,2,1,0,0,2,2,2,0,7,50,0,1981,1981,4,5,19,2,0,0,1,0
1245647,1,2020,2020,11,3,7,3,27,29,34609,0,1,1,-31.804037,152.654637,43,2,1,1,0,2,0,0,2,0,7,60,0,9859,9859,8,10,40,1,0,0,0,1
1245648,2,2020,2020,1,6,8,15,27,136,34609,0,1,10,-32.920865,151.718154,48,0,2,1,1,0,0,0,3,0,15,50,0,6545,6545,4,5,5,2,0,0,2,0
1245650,2,2020,2020,11,0,7,86,27,2,34609,0,1,1,-30.77377,152.331023,1,1,0,1,0,2,0,0,2,0,7,100,0,9859,9859,8,5,40,1,0,0,1,0
1245651,4,2020,2020,11,1,1,92,27,198,29,0,1,1,-33.902829,151.099393,15,0,2,1,2,0,0,0,0,0,7,50,1,4026,4026,8,5,40,1,0,1,0,2
1245652,4,2020,2020,10,4,8,22,31,20,34609,0,1,9,-33.973837,151.095889,25,0,2,1,1,0,0,0,2,0,7,50,0,1109,787,1,5,19,2,0,1,0,0
1245653,2,2020,2020,11,4,3,114,27,24,228,0,1,1,-33.53908,150.923106,71,0,2,0,0,0,0,0,2,0,7,80,2,1850,1463,5,25,40,1,0,0,1,0
1245655,2,2020,2020,10,1,7,48,27,70,166,0,1,1,-33.255665,151.505797,16,2,2,1,1,0,0,0,2,0,7,50,2,14295,14295,3,5,25,3,0,0,1,1
1245656,4,2020,2020,10,4,6,80,31,176,159,0,1,10,-33.951916,151.133511,4,0,2,0,1,0,0,0,2,2,7,60,2,6545,6545,4,10,5,2,0,1,1,0
1245657,1,2020,2020,11,6,1,11,27,5,34609,0,1,1,-31.926542,151.466818,43,2,1,0,0,2,0,0,0,0,7,60,0,4552,5151,8,0,40,1,0,0,0,2
1245659,4,2020,2020,10,1,6,21,10,63,34609,0,1,9,-28.195073,153.506826,72,2,1,0,0,0,3,2,2,0,0,50,0,2852,2852,4,5,0,2,0,1,0,0
1245666,4,2020,2020,10,4,9,51,1,149,34609,0,1,1,-33.992892,151.132933,4,0,2,1,2,0,0,0,0,0,7,50,0,2040,2040,9,5,28,2,0,1,0,0
1245667,2,2020,2020,10,3,5,2209,31,22,70,0,1,9,-31.902093,152.523877,43,2,1,1,1,0,0,0,2,0,7,60,1,1669,1669,3,5,5,2,0,0,1,1
1245669,2,2020,2020,10,3,8,38,31,387,64,0,1,9,-33.922659,151.191535,4,0,2,0,1,0,0,0,2,0,0,50,2,775,775,4,5,36,2,0,0,1,0
1245674,4,2020,2020,10,6,0,500,27,293,799,0,1,9,-33.931695,151.06009,15,0,2,1,2,0,3,3,0,2,7,60,2,6545,6545,4,5,5,2,0,1,1,1
1245679,2,2020,2020,11,5,9,361,23,204,34609,0,1,1,-33.898187,150.937885,24,0,2,1,0,0,0,0,0,0,7,50,0,1109,397,1,5,0,2,0,0,1,1
1245681,1,2020,2020,10,5,10,512,17,562,441,0,1,1,-32.216587,148.390974,22,1,0,0,0,0,0,0,0,0,7,110,2,1089,1089,7,0,40,1,0,0,0,2
1245684,2,2020,2020,10,0,8,3371,17,19,3342,0,1,7,-31.462704,152.82108,56,2,1,0,0,0,0,0,2,0,0,60,2,926,926,4,11,13,2,0,0,1,0
1245689,2,2020,2020,10,0,10,4,27,463,34609,0,1,1,-30.275022,153.102735,19,2,1,1,3,0,0,0,0,0,11,50,0,19,19,10,0,38,2,0,0,1,0
1245691,2,2020,2020,10,2,6,3,31,64,34609,0,1,1,-33.965709,150.996621,15,0,2,1,3,0,3,4,2,0,7,50,0,84,84,6,0,40,1,0,0,1,0
1245693,1,2020,2020,11,5,6,195,27,46,186,0,1,10,-33.924643,150.848472,41,0,2,1,3,0,0,0,2,1,7,70,2,1669,1669,3,10,5,2,0,0,0,1
1245696,1,2020,2020,10,4,4,97,27,271,799,0,1,10,-33.93625,151.011383,15,0,2,1,3,0,0,0,2,3,0,70,2,14295,14295,3,0,5,2,0,0,0,1
1245699,1,2020,2020,10,0,5,13,31,120,81,0,1,7,-32.194214,152.514419,43,2,1,1,3,0,0,0,2,0,0,60,2,515,515,1,29,27,2,0,0,0,1
1245700,4,2020,2020,11,6,9,57,1,193,145,0,1,1,-33.791727,151.085702,61,0,2,1,2,0,3,4,0,0,7,60,2,3775,3775,0,0,5,2,0,1,0,0
1245705,2,2020,2020,10,0,8,30,31,283,34609,0,1,1,-33.837261,151.011412,21,0,2,1,0,0,0,0,2,0,7,50,0,1981,1981,4,5,27,2,0,0,1,0
1245710,2,2020,2020,10,4,7,32,31,237,34609,0,1,1,-33.864321,150.955539,24,0,2,1,1,0,0,0,2,0,7,50,0,9859,9859,1,5,5,3,0,0,1,0
1245711,2,2020,2020,10,0,9,3371,17,63,3342,0,1,7,-33.238745,151.499247,16,2,2,1,3,0,0,0,3,0,0,70,2,6545,6545,4,5,19,2,0,0,1,0
1245712,1,2020,2020,10,6,8,829,27,159,770,0,1,9,-33.806716,151.082457,61,0,2,1,3,0,0,0,2,2,7,60,2,14295,14295,3,0,5,2,0,0,0,1
1245713,4,2020,2020,10,3,4,13,3,370,256,0,1,10,-34.067843,150.8169,13,0,2,1,1,0,0,3,2,2,7,60,2,6545,6545,4,5,0,2,0,1,0,0
1245716,4,2020,2020,1,2,6,1,27,2,34609,0,1,1,-30.455222,152.86956,6,2,1,1,0,2,0,0,2,0,7,60,0,9859,9859,8,16,40,2,0,2,0,0
1245719,4,2020,2020,10,2,7,113,27,78,111,0,1,9,-33.871977,150.799258,55,0,2,1,1,0,0,0,2,0,15,80,2,3775,3775,0,5,5,2,0,3,0,0
1245722,2,2020,2020,10,2,4,13,27,161,34609,0,1,1,-33.885843,151.148735,32,0,2,1,1,0,0,0,2,0,7,50,0,238,238,9,5,28,2,0,0,1,0
1245724,1,2020,2020,10,6,8,475,31,169,41,0,1,9,-33.901794,151.205787,69,0,2,1,1,0,0,0,2,0,0,50,1,1282,1282,1,5,27,2,0,0,0,1
1245727,2,2020,2020,10,4,0,10,27,36,40,0,1,9,-33.526882,149.243993,51,2,1,1,2,0,3,4,0,0,0,50,2,489,489,8,5,40,1,0,0,1,0
1245728,2,2020,2020,10,4,7,515,14,271,518,0,1,3,-33.940991,151.018448,15,0,2,1,1,0,0,0,2,0,7,100,2,14295,14295,3,10,12,2,0,0,1,1
1245729,2,2020,2020,1,3,8,24,31,460,28,0,1,9,-33.846756,150.984802,21,0,2,1,1,0,0,0,2,0,0,50,1,2852,2852,4,5,5,2,0,0,1,1
1245732,1,2020,2020,10,3,8,1,36,28,34609,0,1,1,-34.092579,150.799894,13,0,2,0,1,0,0,0,2,0,7,50,0,1850,1463,5,16,40,1,0,0,0,1
1245733,4,2020,2020,10,4,10,6,10,23,34609,0,1,1,-34.04654,150.814665,13,0,2,0,2,0,0,0,0,0,7,60,0,3775,3775,0,34,5,3,0,1,0,0
1245735,2,2020,2020,10,1,7,109,36,17,108,0,1,1,-28.490823,153.520361,10,2,1,1,1,0,0,0,2,0,7,80,1,1109,787,1,5,19,2,0,0,1,0
1245737,1,2020,2020,6,4,9,2,31,125,34609,0,1,9,-33.832215,151.133657,51,0,2,0,0,0,0,0,0,0,7,50,0,14295,14295,3,33,27,2,0,0,0,1
1245738,4,2020,2020,10,1,4,1052,27,219,262,0,1,2,-32.904324,151.687167,48,0,2,1,1,0,0,0,2,0,7,60,2,1282,1282,1,5,19,3,0,1,1,0
1245744,1,2020,2020,11,0,10,2,1,337,34609,0,1,1,-33.725896,150.980317,71,0,2,1,2,0,0,0,0,0,7,50,0,4026,4026,8,34,40,1,0,0,0,1
1245746,2,2020,2020,1,1,4,283,27,88,702,0,1,10,-33.983423,151.109296,25,0,2,1,1,0,0,0,2,2,0,70,2,4026,4026,8,0,40,2,0,0,1,0
1245747,4,2020,2020,10,5,7,7,27,26,3,0,1,1,-33.570142,145.784339,51,1,0,1,0,2,0,0,2,0,7,100,1,1945,1945,5,16,40,1,0,1,0,0
1245750,2,2020,2020,10,4,6,194,31,37,30,1,0,9,-33.89797,151.252172,76,0,2,1,0,0,0,0,2,0,7,50,1,9859,9859,8,5,40,1,0,0,1,0
1245751,2,2020,2020,5,4,7,22,23,14,6,0,1,10,-36.169198,150.129775,23,2,1,1,0,0,0,0,2,0,7,50,1,6545,6545,4,5,27,2,0,0,1,0
1245753,2,2020,2020,10,6,6,334,31,370,256,0,1,10,-34.069296,150.814142,13,0,2,1,1,0,0,0,2,2,7,60,2,6545,6545,4,5,5,2,0,0,1,0
1245754,2,2020,2020,10,4,1,481,17,7,483,0,1,9,-29.91499,149.791122,51,2,1,1,2,0,3,4,0,0,7,60,2,4026,4026,8,5,40,1,0,0,1,0
1245755,4,2020,2020,10,5,11,10,23,67,34609,0,1,7,-33.698792,150.912734,7,0,2,1,2,0,3,0,0,0,0,50,0,6545,6545,4,0,5,2,0,1,0,0
1245762,1,2020,2020,10,5,5,21,27,98,174,0,1,1,-33.012268,151.586243,37,0,2,0,1,0,0,3,2,0,7,60,2,3775,3775,0,5,12,2,0,0,0,1
1245766,4,2020,2020,1,6,6,45,1,294,34609,0,1,2,-33.940347,150.924942,41,0,2,1,0,0,0,0,2,0,7,60,0,1383,1383,1,0,5,2,0,1,1,0
1245767,2,2020,2020,9,3,0,20,27,34,20,0,1,1,-35.068392,150.645168,63,2,1,0,0,0,0,0,0,0,7,80,1,4552,5151,8,5,40,1,0,0,2,0
1245768,2,2020,2020,11,6,6,1,27,4,34609,0,1,1,-31.887752,141.286254,51,1,0,0,0,2,0,0,2,0,7,100,0,418,714,5,30,40,1,0,0,1,1
1245769,2,2020,2020,10,5,10,56,27,293,44,0,1,2,-33.916684,151.056061,15,0,2,1,1,0,0,0,3,0,7,60,1,941,941,1,0,5,2,0,0,1,0
1245770,2,2020,2020,11,1,3,481,17,14,483,0,1,1,-30.821792,149.473017,51,1,0,1,0,0,0,0,2,0,7,110,2,3775,3775,0,5,36,2,0,0,1,0
1245773,1,2020,2020,11,3,7,2209,17,18,2205,0,1,1,-35.685253,150.202172,23,1,0,0,0,0,0,0,2,0,7,100,2,2585,4009,8,30,40,1,0,0,0,1
1245774,4,2020,2020,11,1,9,4,31,201,34609,0,1,1,-34.001536,150.861907,13,0,2,1,2,0,0,0,0,0,7,50,0,9859,9859,1,5,5,2,0,1,0,1
1245777,4,2020,2020,10,4,7,86,27,5,65,0,1,1,-30.204674,152.543674,18,1,0,0,0,0,3,4,2,0,7,100,1,4552,5151,8,5,40,1,0,2,0,0
1245779,4,2020,2020,1,5,5,125,1,290,34609,0,1,9,-33.959483,151.121147,4,0,2,1,1,0,0,0,2,0,7,50,0,2852,2852,4,5,5,4,0,1,0,0
1245780,2,2020,2020,1,1,8,55,31,562,34609,0,1,1,-32.255785,148.602738,22,2,1,1,1,0,0,3,3,0,7,50,0,4026,4026,8,5,40,1,0,0,1,0
1245785,1,2020,2020,1,4,3,18,10,60,34609,1,0,2,-34.019246,150.753773,12,0,2,1,0,0,0,0,2,0,7,60,0,14295,14295,3,9,5,2,0,0,0,2
1245787,4,2020,2020,1,6,7,14,27,251,14,0,1,1,-33.77454,150.959904,7,0,2,1,1,0,0,0,2,0,7,60,1,2040,2040,9,10,28,2,0,1,0,0
1245788,1,2020,2020,11,3,8,213,17,132,213,0,1,9,-29.775703,151.103186,33,2,1,1,1,0,0,0,3,0,0,50,2,4026,4026,8,16,40,1,0,0,0,1
1245790,4,2020,2020,1,0,10,11,27,18,34609,0,1,1,-32.696758,151.535724,42,2,1,0,0,0,3,4,0,0,7,60,0,4552,5151,8,10,40,1,0,1,0,0
1245791,2,2020,2020,1,4,7,103,27,14,34609,0,1,9,-33.148073,151.577274,16,2,2,1,0,0,0,0,2,0,7,60,0,1957,777,8,16,40,1,0,0,1,0
1245794,4,2020,2020,1,3,5,3371,17,36,3342,0,1,6,-33.427934,151.223669,16,2,2,0,0,0,0,0,2,0,7,80,2,2585,4009,8,10,40,1,0,1,0,0
1245796,2,2020,2020,1,0,3,23,10,30,34609,0,1,9,-32.67035,152.165598,43,2,1,0,1,0,0,0,1,0,7,50,0,4552,5151,8,5,40,1,0,0,1,0
1245800,2,2020,2020,11,0,6,26,10,13,26,0,1,1,-36.825581,149.900841,5,2,1,0,0,0,3,3,2,0,7,80,1,1259,5151,1,0,5,2,0,0,1,0
1245801,4,2020,2020,11,3,9,213,17,83,213,0,1,1,-29.701305,152.925849,18,2,1,1,2,0,0,0,0,0,7,50,2,5929,5929,1,5,5,2,0,1,0,0
1245802,2,2020,2020,11,4,2,36,31,218,70,0,1,2,-33.764202,150.780565,55,0,2,1,2,0,0,0,1,0,7,60,1,3775,3775,0,34,5,2,0,0,2,0
1245803,4,2020,2020,11,5,7,9,27,144,34609,0,1,9,-34.05178,151.018504,68,0,2,1,1,0,0,0,2,0,7,50,0,2040,2040,9,5,28,2,0,1,1,0
1245804,2,2020,2020,1,6,9,1104,11,130,770,0,1,6,-33.872166,151.193828,69,0,2,1,2,0,0,0,0,0,9,60,2,2040,2040,9,5,28,3,0,0,1,1
1245807,4,2020,2020,1,3,7,114,27,10,65,0,1,1,-33.469646,151.092903,16,2,2,0,1,0,0,0,2,0,7,60,1,1850,1463,5,16,40,1,0,1,0,0
1245810,1,2020,2020,11,5,4,76,24,164,154,0,1,9,-33.724691,150.893771,7,0,2,1,3,0,0,0,2,2,7,70,1,5929,5929,1,30,5,2,0,0,0,2
1245813,2,2020,2020,9,5,8,2209,17,70,2205,0,1,2,-34.027774,151.083492,68,0,2,1,3,0,0,0,2,0,7,70,2,14295,14295,3,10,41,4,0,0,1,0
1245814,1,2020,2020,10,4,9,2209,17,77,2205,0,1,2,-33.924715,151.160754,32,0,2,1,3,0,0,0,0,0,7,60,2,1282,1282,1,29,5,3,0,0,0,1
1245816,2,2020,2020,1,5,6,7,27,92,34609,0,1,9,-33.398338,151.357529,16,2,2,0,1,0,0,0,2,0,0,50,0,6545,6545,4,5,36,2,0,0,1,0
1245819,1,2020,2020,10,1,7,2126,17,149,2149,0,1,10,-33.81567,150.969464,21,0,2,1,3,0,3,0,2,2,7,80,2,6545,6545,4,5,5,2,0,0,0,2
1245821,1,2020,2020,11,5,8,512,17,562,441,0,1,10,-32.253851,148.605658,22,2,1,1,1,0,0,0,2,2,7,60,2,1282,1282,1,0,5,2,0,0,0,1
1245823,1,2020,2020,10,2,6,72,14,173,71,0,1,6,-33.874682,151.21724,69,0,2,1,3,0,0,0,2,0,7,50,2,14295,14295,3,5,5,3,0,0,0,1
1245824,1,2020,2020,10,5,5,149,10,136,702,0,1,2,-33.857708,151.069962,67,0,2,1,3,0,0,0,2,0,7,80,2,14295,14295,3,5,5,2,0,0,0,1
1245826,2,2020,2020,10,1,10,6,27,2,34609,0,1,1,-35.001409,143.748219,51,1,0,1,3,0,0,0,0,0,7,100,0,1089,1089,7,5,40,1,0,0,1,0
1245827,2,2020,2020,9,5,6,134,10,69,133,0,1,9,-33.823995,151.021302,54,0,2,1,3,0,3,0,2,2,7,70,2,623,623,3,0,10,2,0,0,1,0
1245830,1,2020,2020,10,1,7,6,27,187,34609,0,1,1,-33.790789,150.980746,54,0,2,1,3,0,3,4,2,0,7,50,0,1981,1981,4,5,5,2,0,0,0,1
1245834,1,2020,2020,11,1,7,4,27,337,34609,0,1,7,-33.736224,150.986751,71,0,2,1,0,0,0,0,2,0,0,50,0,1981,1981,4,5,36,2,0,0,0,1
1245836,1,2020,2020,10,6,4,21,10,74,34609,0,1,10,-34.025393,150.776384,12,0,2,1,3,0,0,0,2,2,7,60,0,623,623,3,8,0,2,0,0,0,1
1245840,4,2020,2020,10,0,8,18,31,132,34609,0,1,9,-29.764618,151.104809,33,2,1,1,1,0,0,0,2,0,7,50,0,5929,5929,1,10,19,2,0,1,0,0
1245844,1,2020,2020,10,1,4,145,27,234,34609,0,1,1,-34.293198,146.059538,28,2,1,1,1,0,0,0,2,0,7,50,0,9859,9859,8,10,40,1,0,0,0,1
1245850,4,2020,2020,10,0,8,16,31,165,34609,0,1,10,-32.2722,150.884423,46,2,1,1,0,0,3,0,2,0,15,50,0,6545,6545,4,16,0,2,0,1,1,0
1245852,1,2020,2020,11,2,6,26,1,112,34609,0,1,10,-33.910439,151.204291,69,0,2,1,1,0,0,0,2,0,15,50,0,5929,5929,1,5,18,2,0,0,0,1
1245853,1,2020,2020,11,3,9,11,27,18,34609,0,1,7,-32.702435,151.538894,42,2,1,1,2,0,0,0,3,0,0,60,0,1945,1945,5,16,40,1,0,0,0,1
1245855,2,2020,2020,10,6,6,20,31,135,101,0,1,4,-32.901951,151.731275,48,0,2,0,1,0,0,0,2,0,9,60,2,1850,1463,5,15,40,1,0,0,1,0
1245859,4,2020,2020,11,6,8,5,31,314,34609,0,1,1,-33.846234,150.95939,21,0,2,1,0,0,3,4,3,0,7,50,0,4026,4026,8,5,40,1,0,1,0,0
1245864,2,2020,2020,10,4,9,18,1,108,34609,0,1,10,-33.814933,151.186159,77,0,2,1,0,0,0,0,3,2,7,50,0,5929,5929,1,5,5,2,0,0,1,0
1245866,2,2020,2020,11,4,8,346,17,35,332,0,1,1,-28.825426,153.26512,39,2,1,1,0,0,0,0,3,0,7,60,2,591,591,1,22,0,2,0,0,1,0
1245868,2,2020,2020,11,3,11,15,27,3,41,0,1,1,-28.896391,153.121545,60,2,1,1,0,2,0,0,0,0,7,60,1,475,475,5,34,40,1,0,0,1,0
1245872,4,2020,2020,10,6,6,61,10,160,34609,0,1,9,-33.105228,151.476969,37,0,2,1,1,0,0,0,2,0,0,70,0,1669,1669,3,0,36,2,0,1,0,0
1245874,1,2020,2020,10,2,6,67,27,58,34609,0,1,10,-34.055041,151.121449,68,0,2,1,3,0,0,0,2,0,0,50,0,217,217,1,5,0,2,0,0,0,1
1245875,1,2020,2020,11,0,4,63,31,273,34609,1,2,10,-34.426218,150.902147,80,0,2,1,3,0,0,0,2,0,7,40,0,14295,14295,3,5,10,2,0,0,0,1
1245876,1,2020,2020,10,2,7,12,27,173,10,0,1,2,-33.775488,151.119926,61,0,2,1,3,0,3,4,2,0,7,50,1,14295,14295,3,5,5,2,0,0,0,1
1245877,4,2020,2020,10,0,7,7,27,3,34609,0,1,1,-32.321905,150.61527,46,1,0,0,0,0,0,0,2,0,7,100,0,4552,5151,8,0,40,1,0,1,1,2
1245879,4,2020,2020,11,6,5,1104,14,247,962,0,1,6,-33.815553,150.962872,21,0,2,1,1,0,0,0,2,0,7,70,2,1383,1383,1,21,19,2,0,1,0,0
1245881,1,2020,2020,10,1,7,92,31,70,34609,1,2,9,-32.735505,151.559227,42,2,1,1,3,0,0,0,2,0,9,40,0,14295,14295,3,0,5,3,0,0,0,1
1245882,4,2020,2020,10,6,10,133,31,646,118,0,1,10,-33.917648,151.029526,15,0,2,0,3,0,0,0,0,2,7,60,1,5929,5929,1,10,19,2,0,1,0,0
1245883,2,2020,2020,10,6,8,232,36,79,331,0,1,2,-34.019918,150.761094,12,0,2,1,3,0,0,0,2,0,7,80,2,1383,1383,1,5,0,2,0,0,1,0
1245885,1,2020,2020,1,2,5,60,27,101,262,0,1,2,-32.892311,151.604943,37,0,2,1,3,0,0,0,2,0,7,90,2,1383,1383,1,5,5,2,0,0,0,1
1245890,1,2020,2020,10,3,7,57,31,176,165,1,0,7,-33.961506,151.135226,25,0,2,1,3,0,0,0,2,0,0,40,1,6545,6545,4,0,36,2,0,0,0,1
1245891,1,2020,2020,10,6,8,12,31,143,34609,0,1,1,-33.873926,151.104817,9,0,2,1,3,0,0,0,3,0,7,40,0,186,186,1,5,18,2,0,0,0,1
1245892,2,2020,2020,11,6,4,3371,17,54,3342,0,1,1,-33.234659,151.50198,16,2,2,0,3,0,0,0,2,0,7,70,2,4552,5151,8,30,40,1,0,0,1,0
1245893,1,2020,2020,10,1,4,163,27,63,165,0,1,10,-33.737082,150.797669,7,0,2,1,3,0,3,4,2,0,0,60,1,6545,6545,4,5,0,2,0,0,0,1
1245897,1,2021,2020,10,6,8,1,31,445,34609,0,1,9,-33.863174,151.036938,21,0,2,1,3,0,0,0,2,0,7,50,0,941,941,1,0,5,2,0,0,0,1
1245898,1,2020,2020,10,6,7,112,27,96,256,0,1,9,-34.052509,150.824242,13,0,2,0,3,0,0,6,2,2,7,60,2,14295,14295,3,5,13,2,0,0,0,1
1245900,1,2020,2020,10,4,4,72,14,532,71,0,1,3,-33.869538,151.218456,69,0,2,1,3,0,0,0,2,0,7,80,2,1391,1391,1,8,5,2,0,0,0,1
1245903,1,2020,2020,11,1,8,47,31,41,31,0,1,10,-33.819351,151.007583,54,0,2,1,3,0,0,0,2,2,7,60,1,14295,14295,3,5,12,2,0,0,0,1
1245906,2,2020,2020,10,4,10,91,27,119,187,0,1,2,-33.875177,151.156269,32,0,2,0,2,0,0,0,0,0,7,70,2,14295,14295,3,5,5,2,0,0,1,0
1245909,1,2020,2020,10,4,3,76,24,164,154,0,1,10,-33.724217,150.888979,7,0,2,1,3,0,0,0,2,2,7,70,1,14295,14295,3,5,5,2,0,0,0,1
1245910,1,2020,2020,10,5,9,344,27,26,163,0,1,9,-33.75189,150.886841,7,0,2,1,3,0,0,0,0,2,7,60,2,14295,14295,3,5,13,2,0,0,0,1
1245912,1,2020,2020,10,1,5,158,27,55,207,1,0,1,-33.862931,151.272157,81,0,2,1,3,0,3,4,2,0,7,50,2,1391,1391,1,10,12,2,0,0,0,2
1245913,1,2020,2020,10,2,5,2261,17,35,2252,0,1,3,-34.352369,150.544933,78,1,0,1,3,0,3,4,2,0,7,110,2,14295,14295,3,5,12,2,0,0,0,1
1245918,1,2020,2020,8,6,3,23,23,293,34609,0,1,9,-33.943657,151.261721,59,0,2,1,0,0,0,0,2,0,7,50,0,1109,397,1,5,5,2,0,0,0,1
1245919,2,2020,2020,11,5,4,11,31,108,34609,0,1,1,-28.860261,153.559635,2,2,1,1,0,0,0,0,2,0,7,50,0,190,190,1,22,40,2,0,0,1,0
1245920,4,2020,2020,10,0,6,3,31,284,34609,0,1,10,-33.901535,151.007309,15,0,2,1,0,0,0,0,2,0,0,50,0,6545,6545,4,5,5,2,0,1,1,0
1245921,1,2020,2020,11,4,5,3371,17,21,3342,0,1,2,-28.610795,153.546616,10,1,0,1,0,0,0,0,2,0,7,100,2,1192,1192,1,5,35,2,0,0,0,1
1245928,4,2020,2020,11,2,7,512,27,346,34609,0,1,1,-33.870014,151.068231,67,0,2,1,0,0,2,6,2,0,7,50,0,4026,4026,8,22,40,1,0,1,0,0
1245929,2,2020,2020,1,3,0,8,27,149,20,0,1,1,-33.354297,151.373718,16,2,2,0,2,0,0,0,0,0,7,60,1,4552,5151,8,5,40,1,0,0,1,0
1245932,2,2020,2020,10,3,7,42,31,100,34609,0,1,10,-33.958311,151.155297,4,0,2,1,0,0,0,0,2,0,15,50,0,6545,6545,4,33,5,2,0,0,1,2
1245933,4,2020,2020,10,1,7,5,10,30,34609,0,1,9,-34.051663,150.773863,12,0,2,1,1,0,0,0,2,0,7,50,0,4552,985,8,10,40,2,0,1,0,0
1245934,2,2020,2020,1,3,6,67,31,25,34609,0,1,10,-33.875378,151.280287,76,0,2,1,1,0,3,4,2,0,0,50,0,9859,9859,1,5,5,4,0,0,1,0
1245935,1,2020,2020,10,2,4,31,27,70,101,0,1,10,-32.910665,151.726712,48,0,2,1,1,0,0,0,2,2,7,60,2,5929,5929,1,5,0,2,0,0,0,1