Crash ID,Degree of crash - detailed,Reporting year,Year of crash,Month of crash,Day of week of crash,Two-hour intervals,Street of crash,Street type,Town,Route no.,School zone location,School zone active,Type of location,Latitude,Longitude,LGA,Urbanisation,Conurbation 1,Alignment,Street lighting,Road surface,Surface condition,Weather,Natural lighting,Signals operation,Other traffic control,Speed limit,Road classification,RUM - code,DCA - code,First impact type,Key TU type,Other TU type,No. of traffic units involved,No. killed,No. seriously injured,No. moderately injured,No. minor-other injured
1245938,4,2020,2020,10,1,5,1104,14,85,962,0,1,3,-33.783683,150.692938,55,0,2,1,0,0,0,0,2,0,7,110,2,9859,9859,8,5,40,1,0,1,0,0
1245946,4,2020,2020,10,4,10,515,14,294,518,0,1,3,-33.939207,150.919934,41,0,2,1,0,0,0,0,3,0,7,100,2,14295,14295,3,5,5,3,0,2,1,0
1245951,4,2020,2020,10,3,11,1,1,7,34609,0,1,1,-36.050984,150.128117,23,2,1,0,2,0,3,4,0,0,7,50,0,3775,3775,0,10,12,2,0,1,1,1
1245953,4,2020,2020,11,5,7,34,27,4,83,0,1,1,-29.488223,153.131678,18,1,0,1,0,0,0,0,2,0,7,100,1,475,475,5,5,40,1,0,1,0,0
1245959,4,2020,2020,10,6,4,346,17,46,332,0,1,9,-28.816627,153.29521,39,2,1,0,0,0,3,4,2,0,7,60,2,4552,5151,1,5,5,2,0,1,0,0
1245960,2,2020,2020,10,2,4,38,27,15,45,1,0,1,-35.073284,150.667351,63,2,1,1,1,0,0,0,2,0,7,60,1,14295,14295,3,33,27,2,0,0,1,0
1245964,2,2020,2020,11,2,5,1,34,19,34609,0,1,1,-35.66824,149.973883,23,1,0,0,3,2,0,0,2,0,7,100,0,1850,1463,5,16,40,1,0,0,1,0
1245966,2,2020,2020,11,2,7,37,27,8,41,0,1,1,-28.876542,153.29544,39,2,1,0,0,0,0,0,2,0,7,80,1,14295,14295,3,5,0,2,0,0,1,0
1245968,2,2020,2020,9,6,4,1,10,179,34609,0,1,9,-31.892953,152.451248,43,2,1,0,0,0,0,0,2,0,7,60,0,1669,1669,3,5,5,2,0,0,1,0
1245969,2,2020,2020,11,5,7,149,36,4,81,0,1,1,-32.179504,152.502168,43,2,1,1,0,0,0,0,2,0,7,50,2,3775,3775,0,5,10,2,0,0,1,1
1245970,4,2020,2020,10,6,8,22,31,67,34609,0,1,1,-33.893069,151.012593,15,0,2,1,1,0,0,0,2,0,7,50,0,340,340,9,30,28,2,0,1,0,0
1245971,2,2020,2020,10,0,6,48,27,2,62,0,1,1,-35.666678,148.049924,66,1,0,0,0,0,0,0,2,0,7,100,2,1089,1089,7,0,40,1,0,0,1,0
1245972,1,2020,2020,9,1,3,43,22,149,187,0,1,9,-33.86994,151.17495,32,0,2,1,1,0,0,0,2,2,9,60,2,14295,14295,3,0,12,3,0,0,0,1
1245974,1,2020,2020,10,2,3,7,27,218,34609,1,0,1,-33.77922,150.778643,55,0,2,1,2,0,0,3,1,0,7,50,0,9859,9859,1,5,5,2,0,0,0,1
1245976,4,2020,2020,10,2,10,169,31,108,57,0,1,2,-28.867518,153.553117,2,2,1,1,2,0,0,0,0,0,7,50,1,1981,1981,4,10,27,2,0,1,0,0
1245977,4,2020,2020,9,4,5,39,36,18,79,0,1,1,-33.789927,151.207334,77,0,2,0,1,0,3,4,2,0,7,60,2,3775,3775,0,5,5,2,0,1,1,0
1245978,4,2020,2020,1,1,8,36,36,30,139,0,1,1,-34.733277,146.529666,51,2,1,1,3,0,0,0,2,0,7,80,2,9859,9859,8,10,40,1,0,1,0,0
1245986,1,2020,2020,10,6,7,34,31,35,18,0,1,9,-33.817785,151.205194,77,0,2,1,3,0,0,3,2,0,7,60,1,395,395,1,0,12,2,0,0,0,1
1245987,1,2020,2020,9,5,8,7,27,47,34609,0,1,1,-33.810999,151.155014,38,0,2,1,3,0,0,0,2,0,7,50,0,14295,14295,3,10,0,2,0,0,0,1
1245988,1,2020,2020,11,0,8,157,17,3,158,0,1,1,-34.254535,145.125959,51,1,0,1,0,0,3,4,2,0,7,110,2,3775,3775,0,5,13,2,0,0,0,1
1245989,2,2020,2020,10,1,9,61,10,87,34609,0,1,1,-33.058016,151.475028,37,0,2,0,3,0,0,0,2,0,7,90,0,782,957,5,0,40,1,0,0,1,0
1245993,4,2020,2020,10,0,4,193,27,438,94,0,1,9,-33.866833,151.026947,21,0,2,1,1,0,3,4,2,0,0,60,1,2852,2852,4,30,19,2,0,1,0,0
1245996,4,2020,2020,10,1,4,63,31,30,16,0,1,10,-32.664502,152.157096,43,2,1,1,0,0,3,4,2,0,15,50,2,6545,6545,4,10,0,2,0,1,0,0
1245997,4,2020,2020,10,0,6,344,27,168,382,0,1,10,-33.70061,150.834453,7,0,2,1,1,0,0,0,2,2,7,60,2,5929,5929,1,5,5,2,0,1,1,0
1245999,2,2020,2020,9,5,7,5,27,169,34609,0,1,1,-33.777071,150.830481,7,0,2,1,3,0,0,0,2,0,7,50,0,1391,1391,1,5,5,2,0,0,1,0
1246000,1,2020,2020,11,6,9,109,27,71,106,0,1,10,-33.832332,150.969496,21,0,2,1,3,0,0,0,0,2,7,60,1,256,256,4,30,36,4,0,0,0,1
1246001,2,2020,2020,10,1,8,2,31,187,769,0,1,9,-33.788248,150.994985,54,0,2,0,3,0,3,4,2,0,0,60,2,14295,14295,3,5,5,2,0,0,1,0
1246002,1,2020,2020,11,2,9,24,27,13,78,0,1,1,-33.661313,150.051523,40,2,1,0,0,0,0,0,0,0,7,40,2,418,714,5,5,40,1,0,0,0,1
1246003,1,2020,2020,1,4,3,5,31,523,34609,0,1,10,-33.926682,150.924484,41,0,2,1,3,0,0,0,2,2,7,50,0,3775,3775,0,5,5,2,0,0,0,1
1246008,1,2020,2020,11,5,5,19,31,161,96,1,0,10,-33.885988,151.147621,32,0,2,1,1,0,0,0,2,2,9,50,2,2040,2040,9,5,28,2,0,0,0,1
1246011,1,2020,2020,11,2,7,251,27,62,212,0,1,2,-33.753236,151.257325,50,0,2,1,1,0,0,0,2,2,9,70,2,591,591,1,18,0,2,0,0,0,1
1246012,2,2020,2020,11,1,7,11,31,316,34609,0,1,10,-31.439168,152.915375,56,2,1,1,1,0,0,0,2,0,15,50,0,6545,6545,4,5,0,3,0,0,1,1
1246015,2,2020,2020,10,3,2,2,9,30,34609,0,1,9,-31.058055,151.049966,70,2,1,1,0,0,3,4,0,0,0,50,0,4026,4026,1,5,13,4,0,0,1,0
1246018,2,2020,2020,1,5,7,500,27,293,799,0,1,9,-33.932477,151.042373,15,0,2,1,1,0,0,0,2,0,7,60,2,591,591,1,22,5,2,0,0,1,0
1246023,2,2020,2020,1,4,9,2,31,337,34609,0,1,9,-33.727043,151.008655,71,0,2,1,2,0,0,0,0,0,7,50,0,2040,2040,9,5,28,3,0,0,1,1
1246024,2,2020,2020,10,0,6,1,7,120,34609,0,1,9,-32.195205,152.529494,43,2,1,1,0,0,0,0,2,0,7,50,0,2852,2852,4,10,19,2,0,0,1,0
1246025,4,2020,2020,10,4,8,17,27,70,34609,0,1,9,-34.039275,151.08415,68,0,2,1,1,0,0,0,2,0,7,50,0,591,591,1,22,5,2,0,1,0,0
1246028,2,2020,2020,10,1,3,112,27,29,769,0,1,1,-33.539983,150.636716,29,2,2,0,0,0,3,3,1,0,7,60,2,4552,5151,8,5,40,1,0,0,1,0
1246029,2,2020,2020,10,3,8,2261,17,252,2252,0,1,10,-33.956253,150.872726,41,0,2,1,0,0,3,4,2,2,7,70,2,14295,14295,3,8,5,2,0,0,2,0
1246032,4,2020,2020,10,5,2,866,27,201,44,0,1,7,-34.004479,150.862868,13,0,2,0,2,0,0,0,0,0,0,60,1,6545,6545,4,5,27,2,0,1,0,0
1246041,2,2020,2020,11,6,7,3371,17,225,3342,0,1,2,-33.796749,151.177961,77,0,2,1,3,0,0,0,2,0,7,60,2,1383,1383,1,10,5,2,0,0,1,0
1246042,1,2020,2020,10,0,8,192,10,6,25,0,1,1,-33.465543,151.413454,16,2,2,1,3,0,0,3,2,0,7,70,1,1669,1669,3,5,36,2,0,0,0,3
1246043,1,2020,2020,10,0,8,177,22,239,176,0,1,10,-34.045617,151.132911,68,0,2,1,3,0,0,3,2,2,7,70,2,14295,14295,3,9,5,2,0,0,0,1
1246044,1,2020,2020,11,2,5,1104,14,149,962,0,1,3,-33.816454,150.964664,21,0,2,1,3,0,0,0,2,0,7,90,2,14295,14295,3,30,36,2,0,0,0,1
1246045,1,2020,2020,10,5,6,45,27,304,96,0,1,1,-33.902097,151.153941,32,0,2,1,3,0,0,0,2,0,7,60,2,14295,14295,3,0,13,2,0,0,0,1
1246046,1,2020,2020,10,0,5,196,10,32,168,0,1,1,-33.91608,150.975181,15,0,2,1,3,0,0,0,2,0,7,60,2,14295,14295,3,5,35,2,0,0,0,1
1246047,1,2020,2020,10,2,3,6,27,53,34609,0,1,7,-31.871859,152.371243,43,2,1,1,3,0,0,0,2,0,0,50,0,6545,6545,4,8,0,2,0,0,0,1
1246048,1,2020,2020,10,6,8,103,27,14,167,0,1,9,-33.980416,151.136707,25,0,2,1,3,0,3,3,2,0,7,60,2,14295,14295,3,5,5,4,0,0,0,1
1246052,1,2020,2020,10,4,8,117,27,72,144,0,1,10,-33.85085,151.090211,14,0,2,1,3,0,0,0,3,0,7,60,2,204,204,1,5,0,2,0,0,0,1
1246058,1,2020,2020,10,0,6,36,27,115,38,0,1,7,-33.753525,151.243497,50,0,2,1,3,0,0,0,2,0,0,60,1,5929,5929,1,0,5,2,0,0,0,1
1246060,1,2020,2020,9,1,5,25,1,79,34609,0,1,7,-33.97057,151.126229,25,0,2,1,3,0,0,0,2,0,0,50,0,6545,6545,4,5,5,2,0,0,0,1
1246061,2,2020,2020,10,0,5,225,17,32,180,0,1,1,-34.564888,150.624759,78,2,1,0,3,0,3,4,2,0,7,60,2,2585,4009,8,30,40,1,0,0,1,1
1246062,1,2020,2020,10,3,0,78,17,39,75,0,1,8,-33.843689,151.211181,49,0,2,1,3,0,3,4,0,0,7,70,2,14295,14295,3,5,5,3,0,0,0,2
1246070,1,2020,2020,10,1,6,330,27,43,605,0,1,9,-33.697682,151.300646,50,0,2,1,3,0,3,4,2,2,7,70,2,14295,14295,3,0,5,2,0,0,0,1
1246071,2,2020,2020,11,1,2,29,31,88,15,0,1,7,-33.753116,150.852066,7,0,2,1,2,0,0,0,0,0,0,60,1,9859,9859,8,5,40,1,0,0,1,0
1246072,1,2020,2020,10,1,3,95,31,346,59,0,1,9,-33.869957,151.069229,67,0,2,1,3,0,0,0,2,0,15,50,1,2852,2852,4,5,36,2,0,0,0,1
1246078,4,2020,2020,1,4,5,361,31,445,59,0,1,7,-33.864678,151.04779,21,0,2,1,1,0,0,0,2,0,0,60,1,9859,9859,8,16,40,1,0,1,0,0
1246079,1,2020,2020,10,0,7,83,27,4,72,0,1,1,-28.795528,153.295478,39,2,1,0,3,0,0,0,2,0,7,80,2,3775,3775,0,5,0,2,0,0,0,1
1246080,2,2020,2020,10,0,6,5,27,6,34609,0,1,1,-29.421609,151.851898,51,1,0,1,3,0,0,0,2,0,7,100,0,9859,9859,8,10,40,1,0,0,1,0
1246086,1,2020,2020,10,3,7,1,4,532,34609,0,1,0,-33.8774,151.200751,69,0,2,1,3,0,0,0,2,0,7,50,0,2040,2040,9,0,28,2,0,0,0,1
1246087,2,2020,2020,11,4,10,283,27,145,702,0,1,2,-33.917827,151.065507,15,0,2,1,3,0,0,0,0,0,7,60,2,1383,1383,1,0,19,2,0,0,1,0
1246091,2,2020,2020,11,2,7,83,31,523,34609,0,1,10,-33.919827,150.921783,41,0,2,1,1,0,0,0,2,2,7,50,0,5929,5929,1,5,5,2,0,0,1,1
1246093,1,2020,2020,11,5,9,95,27,106,605,0,1,10,-33.676532,151.308257,50,0,2,1,2,0,0,0,0,2,7,60,2,5929,5929,1,5,0,2,0,0,0,1
1246098,1,2020,2020,10,6,4,23,31,224,44,0,1,1,-33.82531,151.231383,45,0,2,1,1,0,0,3,2,0,7,50,1,2040,2040,9,30,28,2,0,0,0,1
1246102,1,2020,2020,11,1,7,3,1,123,34609,0,1,1,-33.879759,151.22679,81,0,2,1,0,0,0,0,2,0,7,40,0,9859,9859,1,5,5,4,0,0,0,1
1246109,2,2020,2020,9,1,8,39,27,19,51,0,1,1,-33.655424,151.039711,31,0,2,0,0,0,0,0,3,0,7,60,2,1669,1669,3,5,5,2,0,0,1,1
1246111,4,2020,2020,10,5,7,3371,17,147,3342,0,1,9,-33.740053,151.136769,36,0,2,1,1,0,0,0,2,2,7,60,2,2040,2040,9,9,28,2,0,1,0,0
1246114,4,2020,2020,10,4,3,119,31,173,207,0,1,1,-33.874506,151.216976,69,0,2,1,1,0,0,0,2,0,7,50,2,14295,14295,3,22,5,2,0,1,0,0
1246115,4,2020,2020,10,0,2,165,31,532,16,0,1,10,-33.873024,151.207006,69,0,2,0,2,0,0,0,1,2,7,40,1,2040,2040,9,10,28,2,0,1,0,0
1246118,4,2020,2020,10,1,7,3,1,19,34609,0,1,10,-33.895404,150.604055,79,2,2,1,0,0,0,0,2,0,15,60,0,6545,6545,4,5,25,2,0,1,1,0
1246120,2,2020,2020,11,5,8,8,27,55,34609,0,1,1,-33.376985,151.463358,16,2,2,1,1,0,0,0,2,0,7,50,0,238,238,9,0,28,2,0,0,1,0
1246121,4,2020,2020,10,0,1,2261,17,92,2252,0,1,3,-33.997975,150.845289,13,0,2,1,2,0,0,0,0,0,7,110,2,14295,14295,3,5,10,2,0,1,0,0
1246122,2,2020,2020,10,6,8,145,27,73,3,0,1,9,-33.890401,151.170832,32,0,2,1,1,0,3,3,2,0,7,50,1,1981,1981,4,5,0,2,0,0,1,0
1246124,2,2020,2020,11,6,7,296,27,283,293,0,1,9,-33.832908,151.002702,21,0,2,1,1,0,0,0,2,2,9,70,2,2040,2040,9,21,28,2,0,0,1,0
1246126,4,2020,2020,10,2,2,294,17,11,288,0,1,1,-34.636369,144.276536,51,1,0,1,0,0,3,4,0,0,7,110,2,475,475,5,3,40,1,0,2,0,0
1246127,4,2020,2020,10,3,4,27,36,2,27,0,1,9,-31.476049,149.816422,51,1,0,1,0,0,3,4,2,0,7,100,1,323,323,1,16,13,2,0,1,0,0
1246128,2,2020,2020,11,4,10,1,1,24,34609,0,1,1,-36.223347,150.129665,23,2,1,1,2,0,3,3,0,0,7,50,0,4026,4026,8,0,40,1,0,0,1,0
1246130,4,2020,2020,11,1,7,22,27,6,26,0,1,1,-29.593091,151.145728,33,1,0,1,0,0,3,4,2,0,7,100,1,9859,9859,8,30,40,1,0,1,0,0
1246131,2,2020,2020,10,0,7,49,31,50,34609,0,1,9,-34.347078,150.903889,80,0,2,1,1,0,0,0,2,0,15,60,0,2852,2852,4,30,36,2,0,0,2,0
1246132,4,2020,2020,10,6,4,112,17,12,112,0,1,1,-31.596955,144.962458,51,1,0,1,0,0,0,0,2,0,7,110,2,945,945,5,28,40,1,0,1,0,0
1246133,4,2020,2020,5,4,7,330,27,106,26,1,0,7,-33.670472,151.302293,50,0,2,0,0,0,0,0,2,0,0,60,1,1981,1981,4,0,27,2,0,1,1,0
1246136,4,2020,2020,10,3,11,2209,17,157,2205,0,1,2,-34.008912,151.110333,68,0,2,0,0,0,3,4,0,0,7,70,2,1957,4009,8,5,40,1,0,1,0,0
1246141,2,2020,2020,10,1,4,62,10,122,62,0,1,10,-33.42728,151.344223,16,2,2,1,1,0,3,4,2,2,7,50,2,1192,1192,1,8,0,2,0,0,1,0
1246142,4,2020,2020,10,1,4,14,10,316,34609,0,1,2,-31.454239,152.874693,56,2,1,1,0,0,0,0,2,2,7,50,0,5929,5929,1,0,5,2,0,1,1,0
1246145,4,2020,2020,1,2,6,3,10,323,34609,0,1,1,-33.770916,150.972519,71,0,2,0,1,0,3,4,2,0,7,50,0,3775,3775,0,5,22,2,0,2,0,0
1246148,1,2020,2020,10,1,3,2209,17,1,2205,0,1,2,-34.717813,150.831644,35,2,1,1,0,0,3,4,2,0,7,80,2,9859,9859,8,10,40,1,0,0,0,1
1246151,2,2020,2020,10,4,2,1,27,234,34609,0,1,1,-34.298691,146.060535,28,2,1,0,2,0,3,3,0,0,7,60,0,3775,3775,0,33,5,2,0,0,1,0
1246152,1,2020,2020,10,5,9,48,31,121,102,0,1,9,-33.798437,151.284679,50,0,2,1,1,0,0,0,0,2,7,40,2,5929,5929,1,5,19,2,0,0,0,1
1246153,2,2020,2020,11,5,8,222,27,562,34609,1,0,10,-32.268022,148.609835,22,2,1,1,1,0,0,0,2,0,15,50,0,6545,6545,4,0,13,2,0,0,1,1
1246154,2,2020,2020,11,3,5,27,27,2,34609,0,1,1,-30.290432,152.802797,6,2,1,0,0,0,0,0,2,0,7,80,0,2585,4009,8,16,40,1,0,0,1,0
1246159,4,2020,2020,10,6,8,46,36,11,46,0,1,9,-33.029654,149.065052,22,1,0,0,1,0,0,0,2,0,7,100,1,3775,3775,0,5,0,2,0,1,0,1
1246162,4,2020,2020,10,5,6,2209,17,44,2205,0,1,9,-33.947396,151.140402,4,0,2,1,1,0,0,0,2,0,7,60,2,2852,2852,4,5,19,2,0,1,1,0
1246165,4,2020,2020,11,3,3,2261,17,523,2252,0,1,2,-33.916301,150.919979,41,0,2,0,0,0,0,0,2,0,7,60,2,2585,4009,8,5,40,1,0,1,0,0
1246166,2,2020,2020,1,5,9,293,31,562,34609,0,1,1,-32.246449,148.601448,22,2,1,1,0,0,0,0,2,0,7,50,0,238,238,9,5,28,2,0,0,1,0
1246168,1,2020,2020,1,4,4,8,27,36,7,0,1,1,-33.795237,151.026986,54,0,2,1,1,0,0,0,2,0,7,50,1,14295,14295,3,21,0,2,0,0,0,1
1246170,2,2020,2020,10,3,10,70,27,84,34609,0,1,9,-33.812106,150.985985,21,0,2,1,2,0,0,0,0,0,0,50,0,926,926,4,5,0,2,0,0,2,0
1246171,4,2020,2020,10,0,7,28,1,53,34609,0,1,10,-32.235828,148.237458,51,2,1,1,1,0,0,0,2,0,0,50,0,6545,6545,4,0,41,2,0,1,1,0
1246173,2,2020,2020,10,6,7,213,17,83,213,0,1,1,-29.70751,152.939158,18,2,1,1,0,0,0,0,2,0,7,50,2,1945,1945,5,16,40,1,0,0,1,0
1246174,2,2020,2020,11,3,5,2126,17,75,2149,0,1,2,-33.710991,150.358389,8,2,2,1,3,0,3,4,2,0,7,80,2,475,475,5,5,40,1,0,0,1,0
1246177,4,2020,2020,10,0,8,177,31,314,208,0,1,10,-33.861977,150.93895,24,0,2,1,1,0,0,0,2,2,7,60,1,6545,6545,4,5,5,2,0,1,0,0
1246179,1,2020,2020,10,6,9,2,23,90,34609,0,1,9,-33.787655,150.951152,21,0,2,1,3,0,0,0,0,0,0,50,0,926,926,4,15,0,2,0,0,0,1
1246180,2,2020,2020,10,2,5,2209,17,106,2205,0,1,2,-33.886656,151.193823,69,0,2,1,3,0,0,3,2,0,7,50,2,14295,14295,3,5,0,2,0,0,2,0
1246182,1,2020,2020,11,2,10,3371,17,20,3342,0,1,10,-33.079587,151.650501,37,0,2,0,2,0,0,0,0,2,7,70,2,2585,4009,8,5,40,1,0,0,0,1
1246187,2,2020,2020,1,2,6,145,31,175,34609,0,1,7,-33.77427,151.081112,54,0,2,1,1,0,0,0,2,0,0,50,0,214,214,9,5,28,2,0,0,1,0
1246192,1,2020,2020,10,4,6,4,27,2,4,0,1,1,-31.163821,142.13725,51,1,0,1,3,2,0,0,2,0,7,100,1,1945,1945,5,16,40,1,0,0,0,1
1246195,4,2020,2020,1,3,5,2,27,7,34609,0,1,1,-34.613203,150.53496,78,2,1,0,0,0,0,0,2,0,7,60,0,3775,3775,0,16,0,2,0,2,0,0
1246200,4,2020,2020,11,2,9,27,27,6,34609,0,1,1,-31.898283,152.249269,43,2,1,0,0,0,0,0,0,0,7,80,0,2585,4009,8,30,40,1,0,2,1,0
1246203,2,2020,2020,1,2,8,9,27,113,34609,0,1,9,-33.796431,150.718951,55,0,2,1,0,0,0,0,2,0,7,70,0,4552,985,8,5,40,1,0,0,1,0
1246205,4,2020,2020,1,4,7,7,31,80,34609,0,1,1,-33.880602,151.202746,69,0,2,1,1,0,0,0,2,0,7,40,0,1220,1220,9,5,28,2,0,1,0,0
1246206,4,2020,2020,1,5,6,500,27,293,799,0,1,9,-33.931695,151.06009,15,0,2,1,0,0,0,0,2,2,7,60,2,5929,5929,1,5,5,3,0,1,1,0
1246207,2,2020,2020,1,6,5,1104,14,323,962,0,1,3,-33.798978,150.858644,7,0,2,1,0,0,0,0,2,0,0,100,2,1383,1383,1,5,10,2,0,0,1,0
1246208,4,2020,2020,5,0,7,344,27,62,382,0,1,1,-33.73003,150.846371,7,0,2,1,1,0,0,0,2,0,7,70,2,1945,1945,5,16,40,2,0,1,0,0
1246210,4,2020,2020,1,4,11,6,10,96,34609,0,1,1,-33.440871,151.401526,16,2,2,0,2,0,0,0,0,0,7,50,0,4552,5151,1,10,10,2,0,1,0,0
1246213,4,2020,2020,6,5,5,9,27,144,34609,0,1,9,-34.053359,151.018178,68,0,2,1,0,0,0,0,2,0,7,50,0,4552,985,8,5,40,3,0,1,0,0
1246214,4,2020,2020,1,2,1,4,27,15,34609,0,1,1,-35.184342,148.018613,20,1,0,1,0,0,3,4,0,0,7,100,0,9859,9859,8,10,40,1,0,1,0,0
1246215,2,2020,2020,5,3,10,8,31,460,34609,0,1,7,-33.828682,150.985633,21,0,2,1,3,0,3,4,0,0,0,50,0,6545,6545,4,5,5,2,0,0,1,0
1246216,4,2020,2020,11,5,7,46,31,71,34609,0,1,1,-33.962126,151.079169,25,0,2,1,0,0,0,0,2,0,7,50,0,248,248,1,5,5,2,0,1,0,0
1246217,4,2020,2020,11,0,10,36,27,28,72,0,1,1,-28.698242,153.510846,10,2,1,1,0,0,0,0,0,0,7,80,2,121,121,9,5,26,2,0,1,0,0
1246218,2,2020,2020,5,4,4,196,10,70,168,0,1,1,-33.905796,150.981657,15,0,2,1,0,0,0,0,2,0,7,60,2,14295,14295,3,0,0,2,0,0,1,0
1246220,2,2020,2020,1,0,0,2,10,148,34609,0,1,9,-36.036031,146.953588,0,2,1,0,2,0,0,0,0,0,7,50,0,4552,985,8,5,40,1,0,0,1,0
1246221,4,2020,2020,6,6,6,32,27,33,563,0,1,2,-33.967934,151.031775,15,0,2,1,1,0,3,4,2,0,7,80,2,9859,9859,8,5,40,1,0,1,0,0
1246222,2,2020,2020,1,4,2,294,17,9,288,0,1,1,-35.078195,147.088489,75,1,0,0,0,0,3,1,0,0,7,100,2,2585,4009,8,3,40,1,0,0,1,0
1246223,2,2020,2020,1,6,6,117,1,49,35,0,1,9,-33.966082,151.149136,4,0,2,1,1,0,3,0,2,2,7,60,2,14295,14295,3,0,5,3,0,0,1,0
1246225,2,2020,2020,1,1,3,866,17,314,793,0,1,9,-33.844245,150.955433,21,0,2,0,1,0,0,0,2,2,7,70,2,14295,14295,3,5,0,2,0,0,1,0
1246230,1,2020,2020,11,4,4,22,27,12,147,0,1,1,-28.70844,153.594234,10,2,1,0,0,0,0,0,2,0,7,80,1,404,404,8,22,40,1,0,0,0,1
1246231,4,2020,2020,11,3,4,3371,17,17,3342,0,1,2,-31.952357,152.467628,43,1,0,1,1,0,3,4,2,0,7,110,2,4026,4026,8,0,40,1,0,1,0,0
1246233,1,2020,2020,11,1,8,512,17,562,441,0,1,7,-32.247998,148.593066,22,2,1,0,1,0,0,0,3,0,7,40,2,1192,1192,1,33,19,2,0,0,0,1
1246237,1,2020,2020,11,5,7,26,31,71,34609,1,2,7,-33.773623,150.69772,55,0,2,1,0,0,0,0,2,0,9,40,0,2040,2040,9,0,28,2,0,0,0,1
1246238,2,2020,2020,1,3,2,5,27,25,80,0,1,1,-33.01715,151.698584,37,0,2,1,2,0,0,0,0,0,7,60,1,4026,4026,8,10,40,1,0,0,1,0
1246239,2,2020,2020,11,1,7,194,31,70,34609,0,1,10,-32.73384,151.552967,42,2,1,1,1,0,0,0,2,2,7,40,0,6545,6545,4,5,5,2,0,0,1,1
1246240,2,2020,2020,11,6,9,3,31,26,34609,0,1,1,-34.017391,151.081383,68,0,2,1,0,0,0,0,0,0,7,50,0,1981,1981,4,0,0,2,0,0,2,0
1246241,4,2020,2020,11,6,2,42,31,463,34609,0,1,7,-30.298721,153.115667,19,2,1,1,1,0,0,0,1,0,0,40,0,2040,2040,9,9,28,2,0,1,1,0
1246242,4,2020,2020,10,6,6,20,27,112,34609,0,1,1,-33.910219,151.20266,69,0,2,1,0,0,3,4,2,0,7,50,0,1945,1945,5,15,40,1,0,1,0,0
1246243,4,2020,2020,10,1,10,103,27,41,256,0,1,9,-34.094779,150.804847,13,0,2,1,2,0,0,0,0,2,7,80,2,5929,5929,1,5,0,2,0,1,1,0
1246247,4,2020,2020,10,2,7,3371,17,54,3342,0,1,7,-33.093435,151.637602,37,0,2,0,1,0,0,0,2,0,7,60,2,6545,6545,4,5,19,2,0,1,0,0
1246248,2,2020,2020,1,2,6,12,27,85,34609,0,1,2,-33.904888,150.872036,41,0,2,1,0,0,0,0,2,0,7,50,0,14295,14295,3,10,5,3,0,0,1,0
1246249,2,2020,2020,11,2,5,77,27,25,100,0,1,1,-34.517873,150.402684,78,2,1,1,3,0,0,0,2,0,7,70,2,1109,787,1,34,5,2,0,0,1,0
1246251,1,2020,2020,11,6,7,81,17,24,34609,0,1,1,-34.408251,150.526126,78,2,1,0,0,2,0,0,2,0,7,80,0,3775,3775,0,5,13,2,0,0,0,2
1246253,2,2020,2020,10,6,2,3371,17,35,3342,0,1,2,-32.091649,152.397474,43,1,0,1,3,0,0,0,1,0,7,100,2,4026,4026,8,10,40,1,0,0,1,0
1246254,4,2020,2020,10,6,4,9,10,38,29,0,1,1,-32.92887,151.691728,48,0,2,1,1,0,0,0,2,0,7,60,1,1282,1282,1,5,19,3,0,1,0,0
1246256,1,2020,2020,10,0,6,3371,17,58,3342,0,1,9,-32.785447,151.732424,57,2,1,1,3,0,0,3,2,0,3,70,2,5929,5929,1,10,0,2,0,0,0,1
1246259,1,2020,2020,10,4,6,9,27,46,19,0,1,1,-33.938062,151.114582,4,0,2,1,3,0,0,0,2,0,7,50,1,1981,1981,4,5,5,3,0,0,0,1
1246260,2,2020,2020,10,6,2,83,27,169,147,0,1,1,-28.655985,153.616318,10,2,1,1,2,0,0,0,1,0,7,50,1,591,591,1,22,0,2,0,0,1,0
1246261,1,2020,2020,10,0,4,4,27,41,34609,0,1,1,-34.108222,150.818575,13,0,2,0,3,0,0,0,2,0,7,60,0,4552,5151,8,8,40,1,0,0,0,1
1246264,4,2020,2020,10,5,5,1052,27,219,262,0,1,2,-32.904443,151.687027,48,0,2,1,1,0,0,0,2,0,7,60,2,14295,14295,3,0,5,3,0,1,1,0
1246265,4,2020,2020,1,1,3,137,14,37,70,0,1,3,-32.814416,151.502267,17,1,0,1,0,0,0,0,1,0,7,110,2,1383,1383,1,33,5,2,0,1,0,0
1246267,1,2020,2020,10,6,7,79,31,149,18,0,1,1,-33.859159,151.171989,32,0,2,1,3,0,0,0,2,0,7,40,1,1981,1981,4,5,5,2,0,0,0,1
1246269,4,2020,2020,10,6,5,2126,17,62,2149,0,1,2,-33.749279,150.612664,8,2,2,1,1,0,0,0,2,0,7,80,2,190,190,1,5,13,2,0,1,0,0
1246271,2,2020,2020,10,4,9,56,27,443,44,0,1,1,-33.91247,151.056405,15,0,2,1,3,0,0,0,3,0,7,60,1,14295,14295,3,5,5,3,0,0,1,0
1246273,2,2020,2020,9,3,4,10,27,87,34609,0,1,9,-34.479437,150.41536,78,2,1,1,3,0,0,0,2,0,7,50,0,3775,3775,0,21,0,2,0,0,1,0