Crash ID,Degree of crash - detailed,Reporting year,Year of crash,Month of crash,Day of week of crash,Two-hour intervals,Street of crash,Street type,Town,Route no.,School zone location,School zone active,Type of location,Latitude,Longitude,LGA,Urbanisation,Conurbation 1,Alignment,Street lighting,Road surface,Surface condition,Weather,Natural lighting,Signals operation,Other traffic control,Speed limit,Road classification,RUM - code,DCA - code,First impact type,Key TU type,Other TU type,No. of traffic units involved,No. killed,No. seriously injured,No. moderately injured,No. minor-other injured
1246274,1,2020,2020,11,6,7,81,17,20,331,0,1,9,-34.076068,150.695154,12,0,2,1,3,0,0,0,2,2,8,80,1,14295,14295,3,5,5,2,0,0,0,1
1246278,1,2020,2020,10,0,3,3,31,73,34609,0,1,9,-33.825426,151.089863,14,0,2,1,3,0,0,0,1,0,0,50,0,2852,2852,4,10,5,2,0,0,0,1
1246281,1,2020,2020,10,2,11,18,27,90,13,0,1,7,-33.786967,150.943262,7,0,2,1,3,0,3,4,0,0,0,60,1,301,301,4,5,0,2,0,0,0,1
1246288,1,2020,2020,1,0,8,81,31,646,80,0,1,10,-33.916107,151.014038,15,0,2,1,3,0,3,4,0,2,7,60,1,5929,5929,1,5,13,2,0,0,0,1
1246289,2,2020,2020,10,4,7,14,27,20,6,0,1,1,-33.538877,150.684481,29,2,2,0,3,0,0,0,2,0,7,60,1,2585,4009,8,5,40,1,0,0,1,0
1246293,4,2020,2020,10,0,0,59,27,43,53,0,1,1,-34.192658,150.645031,79,1,2,1,1,0,0,0,0,0,7,100,1,9859,9859,8,16,40,1,0,1,1,0
1246294,1,2020,2020,6,6,7,192,31,316,56,1,2,1,-33.907532,151.244253,59,0,2,1,3,0,0,0,2,0,7,40,1,1391,1391,1,5,5,3,0,0,0,1
1246297,2,2020,2020,9,2,4,2209,17,67,2205,0,1,9,-34.428336,150.867813,80,0,2,1,3,0,0,0,2,2,7,60,2,2852,2852,4,5,5,2,0,0,2,0
1246300,1,2020,2020,9,4,4,22,10,165,34609,0,1,1,-33.858728,151.153707,14,0,2,0,3,0,3,4,2,0,7,50,0,4552,5151,8,5,40,1,0,0,0,1
1246302,2,2020,2020,10,3,4,38,27,53,38,0,1,1,-33.369634,151.449414,16,2,2,0,3,0,3,4,2,0,7,50,1,1957,4009,8,5,40,1,0,0,1,0
1246308,2,2020,2020,10,2,5,330,27,65,605,1,0,9,-33.700182,151.299744,50,0,2,0,3,0,3,4,2,0,7,70,2,14295,14295,3,10,5,3,0,0,1,1
1246310,2,2020,2020,10,0,1,7,27,20,34609,0,1,1,-31.012827,152.846042,34,1,0,0,0,0,0,0,0,0,7,100,0,1957,4009,8,10,40,1,0,0,1,0
1246315,2,2020,2020,10,4,10,61,31,92,45,0,1,9,-33.869644,150.962976,24,0,2,1,2,0,0,0,0,2,7,60,1,2852,2852,4,5,5,2,0,0,1,0
1246316,2,2020,2020,10,0,6,6,27,53,5,0,1,9,-33.760919,151.170374,36,0,2,1,1,0,0,0,2,0,0,50,1,2852,2852,4,0,18,2,0,0,1,0
1246317,1,2020,2020,10,4,8,25,27,202,18,0,1,9,-33.962002,151.03421,15,0,2,1,3,0,0,0,2,0,7,60,1,14295,14295,3,5,0,2,0,0,0,1
1246320,1,2020,2020,5,0,8,27,27,119,9,0,1,1,-33.876118,151.160735,32,0,2,1,3,0,0,0,3,0,7,50,1,14295,14295,3,5,5,2,0,0,0,1
1246324,2,2020,2020,6,5,7,6,31,87,34609,0,1,7,-34.483222,150.419509,78,2,1,1,1,0,0,3,2,0,0,50,0,1945,1945,5,16,40,1,0,0,1,0
1246326,1,2020,2020,9,3,7,8,10,154,34609,0,1,7,-33.710414,150.937975,71,0,2,1,0,0,0,0,2,0,0,60,0,5929,5929,1,5,13,2,0,0,0,1
1246328,1,2020,2020,10,5,3,43,22,125,34609,0,1,1,-33.867853,151.087722,67,0,2,1,0,0,0,0,2,0,7,50,0,14295,14295,3,5,5,3,0,0,0,1
1246329,2,2020,2020,10,2,7,5,27,127,34609,0,1,1,-33.829944,150.842095,24,0,2,1,0,0,3,4,2,0,7,60,0,4026,4026,8,5,40,1,0,0,2,0
1246330,1,2020,2020,9,6,6,123,36,10,90,0,1,1,-31.884472,151.871107,43,1,0,0,0,0,0,0,2,0,7,90,1,101,101,8,5,13,2,0,0,0,2
1246331,2,2020,2020,9,6,3,6,31,119,34609,0,1,10,-32.767804,151.743702,57,2,1,1,0,0,0,0,2,0,0,50,0,926,926,4,21,13,2,0,0,1,0
1246332,4,2020,2020,9,3,7,77,27,17,58,0,1,1,-34.68412,150.50078,63,2,1,0,0,0,0,0,2,0,7,60,2,214,214,9,0,28,2,0,1,0,1
1246334,2,2020,2020,9,2,4,1,31,20,34609,0,1,1,-32.760276,151.527419,42,2,1,1,0,0,0,0,2,0,7,40,0,9859,9859,1,5,0,2,0,0,1,0
1246335,4,2020,2020,1,6,10,4,31,228,34609,1,0,10,-34.758904,149.702395,26,2,1,0,2,0,0,0,0,0,0,50,0,6545,6545,4,5,41,2,0,1,0,1
1246336,2,2020,2020,9,4,11,8,27,73,5,0,1,1,-34.167104,150.607902,79,2,2,0,0,0,3,4,0,0,7,60,1,4552,5151,8,5,40,1,0,0,1,0
1246338,2,2020,2020,11,5,3,220,14,78,220,0,1,3,-34.473829,150.831944,80,0,2,1,0,0,0,0,2,0,7,100,2,9859,9859,8,5,40,1,0,0,1,0
1246342,2,2020,2020,10,0,8,13,27,14,34609,0,1,9,-34.757003,149.565292,26,1,0,1,0,0,0,0,3,0,7,100,0,489,489,8,10,40,1,0,0,2,1
1246343,4,2020,2020,11,0,6,57,31,179,34609,0,1,10,-33.763059,150.721194,55,0,2,1,0,0,0,0,2,0,0,50,0,1669,1669,3,0,5,2,0,1,0,0
1246348,4,2020,2020,9,5,5,4,36,1,34609,0,1,1,-31.160563,152.378952,34,1,0,1,0,2,0,0,2,0,7,100,0,1945,1945,5,16,40,1,0,1,0,0
1246349,4,2020,2020,10,0,7,515,14,60,518,0,1,3,-33.943678,150.947484,41,0,2,1,0,0,0,3,2,0,7,100,2,14295,14295,3,5,13,2,0,1,1,0
1246351,1,2020,2020,10,3,6,2,31,10,34609,0,1,10,-32.724505,148.187902,53,2,1,1,1,0,0,0,2,0,0,50,0,6545,6545,4,5,0,2,0,0,0,1
1246356,2,2020,2020,10,6,7,8,31,117,34609,0,1,1,-28.185912,153.526378,72,2,1,1,1,0,0,0,2,0,7,50,0,1981,1981,4,0,5,2,0,0,1,0
1246358,2,2020,2020,10,0,9,1052,14,14,928,0,1,3,-33.215784,151.447403,16,1,2,1,0,0,0,0,3,0,7,110,2,1089,1089,7,5,40,1,0,0,1,0
1246361,2,2020,2020,10,0,6,42,1,57,34609,0,1,2,-34.559171,150.818591,62,0,2,1,1,0,0,0,2,0,7,60,0,1282,1282,1,10,40,1,0,0,1,0
1246365,2,2020,2020,10,3,1,79,31,247,34609,0,1,1,-33.81795,150.943435,21,0,2,1,2,0,0,0,0,0,7,50,0,4026,4026,1,5,5,4,0,0,1,0
1246368,4,2020,2020,10,6,7,68,31,128,34609,0,1,1,-33.615598,150.806898,29,2,2,1,0,0,0,0,2,0,7,50,0,9859,9859,1,5,5,2,0,1,0,0
1246369,2,2020,2020,11,0,4,95,31,370,15,0,1,1,-34.062282,150.818253,13,0,2,1,1,0,0,0,2,0,7,60,1,1981,1981,4,30,5,2,0,0,1,0
1246371,1,2020,2020,10,6,9,64,27,175,284,0,1,9,-33.775382,151.061595,54,0,2,1,2,0,0,0,3,0,7,60,2,2852,2852,4,5,5,2,0,0,0,1
1246379,2,2020,2020,10,5,7,16,36,3,19,0,1,1,-33.201605,147.974177,53,1,0,1,0,0,0,0,2,0,7,100,1,9859,9859,8,0,40,1,0,0,1,0
1246380,1,2020,2020,6,0,7,3,27,13,34609,0,1,1,-30.119111,152.909986,18,2,1,0,0,2,3,0,2,0,7,60,0,3775,3775,0,10,13,2,0,0,0,1
1246382,4,2020,2020,10,1,4,475,31,174,41,0,1,10,-33.896138,151.206696,69,0,2,1,2,0,3,4,2,2,9,50,1,2040,2040,9,5,28,2,0,1,0,0
1246384,4,2020,2020,10,3,7,255,27,2,34609,0,1,9,-31.84616,152.425047,43,2,1,0,0,2,0,0,2,0,7,60,0,1957,4009,8,16,40,1,0,1,0,0
1246385,4,2020,2020,10,6,10,255,27,62,172,0,1,9,-32.923722,151.622044,37,0,2,0,2,0,3,4,0,2,7,60,2,4552,5151,8,30,40,1,0,1,0,0
1246388,2,2020,2020,10,0,11,70,27,78,100,0,1,1,-33.691044,150.57796,8,2,2,0,2,0,0,0,0,0,7,60,2,4552,5151,8,5,40,1,0,0,1,0
1246390,2,2020,2020,10,0,7,93,1,161,34609,0,1,1,-33.727382,151.161479,36,0,2,1,0,0,0,0,2,0,7,50,0,9859,9859,8,30,40,1,0,0,1,0
1246393,4,2020,2020,10,0,4,334,17,21,308,0,1,1,-31.407833,152.238468,56,2,1,0,0,0,0,0,2,0,7,80,2,380,714,5,16,40,1,0,1,0,0
1246394,1,2020,2020,8,2,1,1,31,32,34609,0,1,9,-32.146263,150.354309,73,2,1,1,0,0,0,0,0,0,7,50,0,9859,9859,1,0,12,2,0,0,0,1
1246395,4,2020,2020,10,6,5,7,31,112,34609,0,1,1,-33.614485,150.814474,29,2,2,1,1,0,0,0,2,0,7,50,0,4026,4026,1,30,0,2,0,1,0,0
1246398,1,2020,2020,11,4,9,57,31,77,321,0,1,1,-33.886333,151.202298,69,0,2,1,2,0,0,0,0,0,7,50,2,1282,1282,1,5,18,2,0,0,0,1
1246404,4,2020,2020,10,3,5,5,27,3,34609,0,1,1,-29.136014,153.379807,60,1,0,1,0,2,0,0,2,0,7,100,0,9859,9859,8,5,40,1,0,1,0,0
1246405,4,2020,2020,9,6,8,51,27,69,63,0,1,2,-34.554336,150.853044,62,0,2,1,1,0,0,0,2,0,7,70,2,591,591,1,22,5,2,0,1,0,0
1246406,1,2020,2020,11,1,3,48,10,463,32,0,1,7,-30.303007,153.123612,19,2,1,1,1,0,0,0,2,0,0,50,1,926,926,4,22,5,2,0,0,0,1
1246407,2,2020,2020,10,4,8,361,23,79,165,0,1,9,-33.969563,151.119107,25,0,2,1,0,0,3,0,3,0,0,50,1,5929,5929,1,30,19,2,0,0,1,0
1246408,4,2020,2020,10,0,5,85,10,38,702,0,1,2,-33.839381,151.083102,14,0,2,1,1,0,0,0,2,0,7,70,2,14295,14295,3,0,5,2,0,1,0,0
1246409,2,2020,2020,10,5,4,485,31,169,769,0,1,1,-33.597973,150.753362,29,2,2,1,0,0,0,3,2,0,7,60,2,340,340,9,5,28,2,0,0,1,0
1246411,4,2020,2020,10,0,11,234,27,7,217,0,1,9,-33.632368,151.022883,71,0,2,0,0,0,0,0,0,0,7,80,2,775,775,4,5,5,2,0,1,1,0
1246412,2,2020,2020,10,2,6,344,27,62,382,0,1,2,-33.725292,150.844603,7,0,2,1,1,0,0,0,2,0,7,80,2,14295,14295,3,0,0,2,0,0,1,1
1246414,1,2020,2020,11,6,3,158,27,138,207,0,1,9,-33.872041,151.264839,81,0,2,1,1,0,0,0,2,2,7,60,2,5929,5929,1,5,27,2,0,0,0,1
1246415,4,2020,2020,10,2,8,196,10,34,168,0,1,10,-33.974303,151.017041,15,0,2,0,0,0,3,4,2,0,15,60,2,6545,6545,4,10,13,2,0,1,1,0
1246420,2,2020,2020,9,3,10,98,27,87,799,0,1,9,-33.928877,150.977636,41,0,2,1,2,0,0,0,0,0,7,70,2,14295,14295,3,5,36,4,0,0,2,2
1246421,4,2020,2020,9,5,6,13,27,73,13,0,1,1,-33.869288,151.220433,69,0,2,1,1,0,0,0,2,2,7,50,1,323,323,1,16,36,2,0,1,0,0
1246422,2,2020,2020,10,0,6,478,17,69,480,0,1,1,-33.3654,151.476633,16,2,2,1,0,0,0,0,2,0,7,50,2,9859,9859,8,5,40,1,0,0,3,0
1246423,1,2020,2020,11,5,6,7,27,8,34609,0,1,1,-30.734273,150.888713,70,1,0,0,0,0,0,0,2,0,7,100,0,1957,4009,8,0,40,1,0,0,0,1
1246424,1,2020,2020,11,5,3,1,27,3,34609,0,1,1,-32.512713,151.721194,51,2,1,0,1,0,3,0,2,0,7,80,0,1259,5151,8,0,40,1,0,0,0,1
1246425,2,2020,2020,11,1,4,85,10,125,702,0,1,9,-33.855937,151.072448,67,0,2,1,0,0,0,0,2,2,7,80,2,5929,5929,1,9,5,3,0,0,1,2
1246427,4,2020,2020,10,2,1,193,31,532,34,0,1,10,-33.87324,151.209179,69,0,2,1,2,0,0,0,0,2,7,40,1,591,591,1,18,33,2,0,1,0,0
1246429,1,2020,2020,1,3,11,177,22,58,176,0,1,10,-34.045745,151.132902,68,0,2,1,2,0,0,0,0,2,7,70,2,14295,14295,3,10,5,2,0,0,0,2
1246430,4,2020,2020,10,1,3,18,27,89,27,0,1,10,-33.676815,150.788483,55,0,2,0,1,0,0,0,2,0,15,80,1,6545,6545,4,10,5,2,0,1,0,0
1246434,2,2020,2020,10,6,7,23,31,37,13,0,1,9,-33.897241,151.260032,76,0,2,1,1,0,0,0,2,2,7,50,1,14295,14295,3,5,5,2,0,0,1,0
1246436,1,2020,2020,11,1,3,12,27,53,55,0,1,9,-33.850624,150.962341,21,0,2,1,1,0,0,0,2,0,7,50,1,1669,1669,3,16,12,2,0,0,0,1
1246437,4,2020,2020,10,1,2,112,27,18,256,0,1,9,-34.046312,150.829073,13,0,2,1,2,0,0,0,1,0,0,60,2,775,775,4,30,18,2,0,1,0,0
1246442,2,2020,2020,10,0,8,3371,17,73,3342,1,0,9,-33.781165,151.170143,36,0,2,1,3,0,0,0,2,2,7,60,2,14295,14295,3,30,0,2,0,0,1,0
1246443,2,2020,2020,9,5,4,20,1,98,34609,0,1,10,-33.01491,151.596529,37,0,2,1,3,0,0,0,2,0,15,50,0,6545,6545,4,0,0,3,0,0,1,0
1246446,2,2020,2020,9,5,6,51,27,95,45,0,1,2,-33.744009,150.835269,7,0,2,1,3,0,0,0,2,0,7,60,1,9859,9859,8,5,40,2,0,0,1,0
1246447,4,2020,2020,10,2,0,34,27,53,34609,0,1,2,-35.130717,147.342272,75,2,1,1,2,0,3,4,0,0,7,50,0,368,368,9,5,28,2,0,1,0,0
1246450,2,2020,2020,9,6,8,2,27,562,34609,0,1,9,-32.249626,148.675014,22,1,0,1,3,0,0,0,3,0,7,100,0,5929,5929,1,10,0,2,0,0,1,0
1246452,2,2020,2020,10,4,3,95,31,81,34609,0,1,9,-33.88146,151.250579,81,0,2,1,3,0,0,0,2,0,0,50,0,1109,397,1,8,5,2,0,0,1,0
1246453,1,2020,2020,9,3,6,500,27,129,799,0,1,9,-33.926014,151.084816,15,0,2,1,3,0,0,0,2,0,15,60,2,1282,1282,1,5,0,2,0,0,0,1
1246456,1,2020,2020,9,4,4,119,31,173,207,0,1,10,-33.874547,151.217246,69,0,2,1,3,0,3,4,2,2,7,50,2,1669,1669,3,5,5,2,0,0,0,2
1246457,1,2020,2020,9,5,6,43,27,121,34609,0,1,1,-33.798718,151.286311,50,0,2,1,1,0,0,0,2,0,7,30,0,368,368,9,5,28,2,0,0,0,1
1246458,4,2020,2020,5,6,7,22,31,44,34609,0,1,1,-33.971823,151.113293,25,0,2,1,1,0,0,0,2,0,7,50,0,9859,9859,1,5,5,2,0,1,0,0
1246460,2,2020,2020,10,4,8,293,31,77,172,0,1,9,-33.035973,151.659396,37,0,2,1,1,0,0,3,2,2,7,40,2,1669,1669,3,5,5,2,0,0,1,0
1246461,4,2020,2020,9,1,8,5,31,123,34609,0,1,9,-33.811066,151.055708,54,0,2,0,1,0,0,0,2,0,0,50,0,4552,5151,8,5,40,1,0,2,0,0
1246464,4,2020,2020,10,6,10,147,27,290,34609,0,1,1,-33.858548,150.980905,21,0,2,0,2,0,0,0,0,0,7,50,0,78,78,8,5,40,1,0,1,0,0
1246465,1,2020,2020,10,3,5,53,27,134,51,0,1,9,-33.515713,151.317657,16,2,2,1,0,0,3,4,2,0,0,60,1,2852,2852,4,5,5,2,0,0,0,1
1246466,4,2020,2020,5,6,5,2209,17,40,2205,0,1,10,-35.76599,150.151554,23,1,0,1,0,0,0,0,2,0,15,90,2,14295,14295,3,30,5,2,0,1,1,0
1246467,4,2020,2020,9,4,0,3371,17,10,3342,0,1,2,-30.334952,153.080267,19,1,0,0,2,0,0,0,0,0,7,100,2,2040,2040,9,9,28,2,0,1,1,0
1246468,4,2020,2020,10,5,4,62,31,445,34609,0,1,1,-33.850043,151.049953,21,0,2,1,0,0,0,0,2,0,7,60,0,190,190,1,22,5,2,0,1,0,0
1246469,2,2020,2020,10,2,10,7,31,78,103,1,0,10,-28.329378,153.391785,72,2,1,1,0,0,0,0,0,0,0,50,1,6545,6545,4,10,5,2,0,0,1,0
1246470,2,2020,2020,1,2,8,98,31,100,159,0,1,9,-33.959266,151.152357,4,0,2,1,0,0,0,0,2,2,7,60,2,14295,14295,3,5,5,2,0,0,3,0
1246476,1,2020,2020,6,2,6,829,27,159,770,0,1,1,-33.807802,151.088976,61,0,2,1,0,0,0,0,2,0,7,60,2,3775,3775,0,5,12,4,0,0,0,2
1246479,2,2020,2020,10,1,7,10,1,234,139,0,1,9,-34.292736,146.068097,28,2,1,1,1,0,0,0,2,0,0,60,2,2852,2852,4,10,13,2,0,0,2,0
1246480,1,2020,2020,11,5,8,1,10,120,34609,0,1,1,-33.7683,150.882205,7,0,2,1,2,0,0,0,3,0,7,50,0,9859,9859,1,5,13,3,0,0,0,1
1246483,2,2020,2020,10,2,3,67,27,18,52,0,1,10,-30.37186,153.085553,19,2,1,1,0,0,0,0,2,0,0,60,1,515,515,1,9,27,2,0,0,1,0
1246484,4,2020,2020,9,1,6,14,31,82,34609,0,1,10,-33.822967,151.200928,49,0,2,1,1,0,0,0,2,0,0,50,0,6545,6545,4,5,27,2,0,1,0,0
1246486,2,2020,2020,10,3,9,55,27,64,117,0,1,2,-32.944504,151.686441,48,0,2,1,2,0,0,0,2,0,7,70,2,1383,1383,1,5,36,2,0,0,1,0
1246487,1,2020,2020,11,2,9,6,27,40,34609,0,1,1,-33.807499,151.220469,77,0,2,1,2,0,0,0,0,0,7,50,0,312,312,2,5,40,1,0,0,0,1
1246489,1,2020,2020,10,4,8,12,31,13,91,0,1,9,-34.540768,149.393233,74,2,1,0,1,0,0,0,2,0,0,50,1,1981,1981,4,30,19,2,0,0,0,1
1246491,2,2020,2020,11,6,10,2126,17,16,2149,0,1,2,-33.728432,150.489821,8,2,2,0,0,0,0,0,0,0,7,80,2,3775,3775,0,10,5,2,0,0,1,0
1246494,1,2020,2020,10,4,7,100,27,323,100,0,1,10,-33.812262,150.850861,7,0,2,1,1,0,0,0,2,1,7,80,2,1282,1282,1,8,0,2,0,0,0,2
1246496,4,2020,2020,10,2,11,31,27,197,69,0,1,1,-33.79279,151.156071,61,0,2,0,2,0,3,4,0,0,7,60,2,1957,4009,8,5,40,1,0,1,0,0
1246497,2,2020,2020,11,6,8,45,31,532,55,0,1,9,-33.870504,151.212924,69,0,2,0,1,0,0,3,2,2,9,40,1,4552,5151,8,5,40,1,0,0,1,0
1246499,2,2020,2020,10,3,5,105,27,67,109,0,1,9,-33.880287,150.89061,24,0,2,1,1,0,0,0,2,0,7,60,1,6545,6545,4,5,5,2,0,0,1,0
1246500,4,2020,2020,1,6,8,222,27,562,34609,0,1,10,-32.269451,148.620066,22,2,1,1,0,0,0,0,2,0,0,50,0,1669,1669,3,10,5,2,0,1,0,0
1246507,1,2020,2020,10,4,3,8,27,29,147,0,1,7,-28.800579,153.591505,2,2,1,1,1,0,0,0,1,0,0,60,1,775,775,4,34,27,2,0,0,0,1
1246509,1,2020,2020,6,0,5,2,18,7,34609,0,1,1,-34.916137,148.909578,82,2,1,0,0,2,0,0,2,0,7,80,0,1957,4009,8,0,40,1,0,0,0,1
1246512,4,2020,2020,10,0,8,135,17,12,136,0,1,9,-35.6988,145.830351,51,1,0,0,1,0,3,4,2,0,7,100,2,1850,1463,5,16,40,1,0,1,0,0
1246515,4,2020,2020,10,2,4,2126,17,75,2149,0,1,2,-33.718901,150.382817,8,2,2,1,1,0,0,0,2,0,7,80,2,1945,1945,5,16,40,2,0,1,1,0
1246517,2,2020,2020,10,4,8,20,31,234,34609,0,1,1,-34.280877,146.054308,28,2,1,1,0,0,0,0,2,0,7,50,0,941,941,1,10,19,2,0,0,1,0
1246518,1,2020,2020,10,4,7,26,27,188,17,0,1,1,-33.940037,151.100396,25,0,2,1,1,0,0,0,2,0,7,50,1,1981,1981,4,9,13,2,0,0,0,1
1246519,1,2020,2020,9,3,9,2,10,79,34609,0,1,9,-34.005039,150.748077,12,0,2,0,2,0,0,0,3,0,0,50,0,5929,5929,1,5,5,2,0,0,0,1
1246521,2,2020,2020,8,6,10,2209,17,273,2205,0,1,10,-34.417358,150.892451,80,0,2,1,2,0,0,0,0,2,7,60,2,3775,3775,0,5,5,2,0,0,1,0
1246525,4,2020,2020,9,3,11,12,10,16,34609,0,1,1,-33.149237,151.578287,16,2,2,0,0,0,0,0,0,0,7,80,0,4552,5151,8,16,40,1,0,1,0,0
1246527,2,2020,2020,10,3,10,500,27,293,799,0,1,10,-33.931978,151.053375,15,0,2,1,2,0,0,0,0,2,7,60,2,6545,6545,4,5,5,2,0,0,2,0
1246531,1,2020,2020,11,1,8,2126,17,163,2149,1,0,2,-33.868395,151.100668,9,0,2,1,1,0,0,0,2,0,7,60,2,14295,14295,3,5,13,3,0,0,0,1
1246533,4,2020,2020,5,6,7,293,16,10,34609,0,1,1,-33.109102,151.644214,37,0,2,0,1,0,0,0,2,0,7,50,0,2585,4009,8,5,40,1,0,1,0,0
1246534,4,2020,2020,5,1,11,21,27,23,26,0,1,1,-34.052264,150.807102,13,0,2,0,0,0,0,0,0,0,7,40,1,2585,4009,8,16,40,1,0,1,0,0
1246536,1,2020,2020,6,5,8,515,14,166,518,0,1,3,-33.946648,150.971836,15,0,2,0,2,0,0,0,3,0,7,100,2,14295,14295,3,0,13,4,0,0,0,1
1246540,4,2020,2020,6,2,4,60,27,239,167,0,1,2,-34.026373,151.120519,68,0,2,1,2,0,0,0,2,0,7,70,2,1220,1220,9,5,28,2,0,1,0,0
1246542,1,2020,2020,11,6,10,35,27,6,34609,0,1,1,-28.322101,153.454386,72,2,1,0,2,0,0,0,0,0,7,80,0,1259,5151,8,30,40,1,0,0,0,1
1246543,2,2020,2020,1,2,8,294,17,56,288,0,1,2,-35.122204,147.392383,75,2,1,1,2,0,3,4,3,0,7,60,2,9859,9859,8,34,40,1,0,0,1,0
1246546,4,2020,2020,1,6,5,7,31,16,34609,0,1,1,-32.874421,151.618659,48,0,2,1,1,0,0,3,2,0,7,50,0,4026,4026,8,30,40,1,0,1,0,0
1246548,2,2020,2020,1,4,7,82,31,179,369,0,1,10,-33.751254,150.713492,55,0,2,1,0,0,0,0,2,0,7,70,2,5929,5929,1,30,5,2,0,0,1,0
1246549,2,2020,2020,11,0,9,60,27,219,262,0,1,10,-32.907573,151.665021,48,0,2,1,2,0,0,0,0,2,7,60,2,2040,2040,9,5,28,2,0,0,1,0
1246550,2,2020,2020,11,1,4,1,27,115,34609,0,1,9,-33.952557,151.064392,25,0,2,1,1,0,0,0,2,0,0,50,0,2585,777,8,5,40,1,0,0,1,0
1246552,1,2020,2020,11,5,6,13,31,103,34609,0,1,7,-34.311816,148.295838,30,2,1,1,1,0,0,0,2,0,0,50,0,1945,1945,5,16,40,1,0,0,0,1
1246554,1,2020,2020,11,6,3,2126,17,78,2149,0,1,9,-33.697895,150.570113,8,2,2,0,1,0,0,0,2,2,7,80,2,2852,2852,4,9,41,2,0,0,0,1
1246555,2,2020,2020,1,3,7,98,27,609,136,0,1,9,-33.776063,150.919686,7,0,2,1,1,0,0,0,2,2,7,60,2,150,150,4,5,5,2,0,0,2,0
1246556,4,2020,2020,11,0,7,1,1,5,34609,0,1,1,-32.735177,151.614535,42,2,1,1,2,0,0,0,2,0,7,50,0,1945,1945,5,16,40,1,0,1,0,0
1246562,2,2020,2020,11,0,9,29,27,4,34609,0,1,1,-28.253464,153.4746,72,2,1,0,0,0,3,3,0,0,7,80,0,2585,4009,8,5,40,1,0,0,1,0
1246563,2,2020,2020,11,1,11,191,27,309,208,0,1,9,-33.810372,151.106055,61,0,2,1,2,0,0,0,0,2,9,70,2,14295,14295,3,5,5,2,0,0,1,0
1246565,4,2020,2020,1,2,6,2,10,2,34609,0,1,1,-31.636739,152.776728,56,2,1,0,0,0,0,0,2,0,7,50,0,3775,3775,0,16,13,2,0,1,0,0
1246569,2,2020,2020,10,1,7,6,4,12,34609,0,1,1,-34.487621,150.766609,80,0,2,0,3,0,0,0,2,0,7,50,0,3775,3775,0,10,5,2,0,0,1,0
1246573,2,2020,2020,5,6,5,177,22,239,176,0,1,9,-34.043676,151.126457,68,0,2,1,0,0,3,3,2,0,0,70,2,2852,2852,4,0,0,2,0,0,2,1
1246583,1,2020,2020,10,1,10,74,23,30,260,0,1,9,-33.985836,151.147361,4,0,2,1,3,0,0,0,4,2,7,60,2,5929,5929,1,0,5,2,0,0,0,1
1246587,1,2020,2020,6,1,0,34,27,73,799,0,1,1,-33.898479,151.168328,32,0,2,1,2,0,0,0,0,0,7,60,2,190,190,1,15,5,2,0,0,0,1
1246588,1,2020,2020,11,2,0,1,25,23,34609,0,1,1,-32.990048,151.656199,37,0,2,0,2,0,0,0,0,0,7,50,0,4552,5151,1,30,36,2,0,0,0,1
1246589,4,2020,2020,10,4,8,35,27,128,34609,0,1,1,-33.429329,151.325918,16,2,2,1,0,0,0,0,2,0,7,10,0,1220,1220,9,0,28,2,0,1,0,0
1246591,4,2020,2020,10,2,10,65,27,646,563,0,1,9,-33.925034,151.037918,15,0,2,0,3,0,3,4,0,2,7,70,2,5929,5929,1,5,0,2,0,1,0,0
1246593,2,2020,2020,10,1,10,7,36,6,7,0,1,1,-31.58771,149.414433,51,1,0,0,0,0,0,0,0,0,7,100,1,1089,1089,7,5,40,1,0,0,2,1
1246595,1,2020,2020,1,0,8,230,27,80,284,0,1,10,-33.812498,151.170914,38,0,2,1,3,0,3,4,3,2,7,60,2,14295,14295,3,5,5,2,0,0,0,1
1246596,1,2020,2020,10,6,6,205,27,161,415,1,0,2,-33.718235,151.172795,36,0,2,1,3,0,0,0,2,0,7,60,2,14295,14295,3,5,12,2,0,0,0,2
1246600,1,2020,2020,6,1,5,2261,17,523,2252,0,1,10,-33.93457,150.915776,41,0,2,1,3,0,0,0,2,2,7,60,2,312,312,2,19,40,1,0,0,0,1
1246601,1,2020,2020,9,6,3,2126,17,60,2149,0,1,10,-33.762106,150.734976,55,0,2,1,3,0,0,0,2,2,9,60,2,1391,1391,1,10,13,3,0,0,0,1
1246603,4,2020,2020,9,0,6,9,10,316,34609,0,1,1,-31.446977,152.869986,56,2,1,0,3,0,0,0,2,0,7,50,0,2585,4009,8,5,40,1,0,1,0,0
1246605,2,2020,2020,9,0,6,6,31,35,34609,0,1,7,-30.446084,152.897962,6,2,1,1,3,0,0,0,2,0,7,50,0,14295,14295,3,0,5,2,0,0,1,0
1246606,2,2020,2020,9,6,2,74,27,22,59,0,1,9,-34.465605,150.871613,80,0,2,1,3,0,0,0,1,2,7,80,2,3775,3775,0,16,13,2,0,0,1,0
1246616,1,2020,2020,10,0,9,150,27,173,415,0,1,10,-33.785107,151.128384,61,0,2,1,3,0,0,0,3,2,7,70,2,623,623,3,30,5,2,0,0,0,1
1246619,2,2020,2020,9,4,7,3,31,94,34609,0,1,10,-33.83605,151.036527,54,0,2,1,3,0,0,0,2,0,0,50,0,6545,6545,4,5,0,2,0,0,1,0
1246622,1,2020,2020,6,2,10,56,27,130,80,0,1,1,-33.873579,151.192861,69,0,2,1,2,0,0,0,0,0,7,40,2,1945,1945,5,22,40,1,0,0,0,1