Crash ID,Degree of crash - detailed,Reporting year,Year of crash,Month of crash,Day of week of crash,Two-hour intervals,Street of crash,Street type,Town,Route no.,School zone location,School zone active,Type of location,Latitude,Longitude,LGA,Urbanisation,Conurbation 1,Alignment,Street lighting,Road surface,Surface condition,Weather,Natural lighting,Signals operation,Other traffic control,Speed limit,Road classification,RUM - code,DCA - code,First impact type,Key TU type,Other TU type,No. of traffic units involved,No. killed,No. seriously injured,No. moderately injured,No. minor-other injured
1246623,4,2020,2020,9,1,7,114,27,10,65,0,1,1,-33.469271,151.138876,16,2,2,0,0,0,0,0,2,0,7,60,1,782,957,5,16,40,1,0,1,0,0
1246624,4,2020,2020,1,0,5,19,31,224,34609,0,1,1,-33.832627,151.241647,45,0,2,1,1,0,0,0,2,0,7,50,0,1282,1282,1,5,40,1,0,1,0,0
1246625,1,2020,2020,10,2,6,296,27,187,293,0,1,10,-33.883692,150.976526,15,0,2,1,3,0,0,0,2,2,6,60,2,5929,5929,1,0,5,2,0,0,0,1
1246626,1,2020,2020,10,0,8,515,14,294,518,0,1,3,-33.939014,150.919498,41,0,2,1,3,0,0,0,2,0,7,100,2,14295,14295,3,0,25,2,0,0,0,1
1246628,2,2020,2020,1,6,7,115,27,81,114,0,1,9,-33.889337,151.256268,81,0,2,1,3,0,0,0,2,0,7,50,2,14295,14295,3,5,5,2,0,0,1,1
1246630,2,2020,2020,10,1,3,916,17,14,917,0,1,9,-32.458562,151.066117,64,1,0,1,0,0,3,4,2,0,0,100,2,2852,2852,4,10,13,2,0,0,2,0
1246631,2,2020,2020,10,6,10,361,31,169,382,0,1,10,-33.770214,150.835065,7,0,2,1,2,0,0,0,0,2,7,60,2,5929,5929,1,0,36,2,0,0,1,1
1246632,2,2020,2020,9,5,8,346,17,24,332,0,1,1,-28.81031,153.369935,39,2,1,1,3,0,0,0,2,0,7,80,2,14295,14295,3,0,5,3,0,0,1,0
1246633,1,2020,2020,10,5,6,512,17,562,441,0,1,10,-32.253851,148.605658,22,2,1,1,1,0,0,0,2,2,7,60,2,14295,14295,3,5,25,2,0,0,0,1
1246634,2,2020,2020,9,0,5,43,27,136,76,1,0,10,-32.922073,151.713415,48,0,2,1,3,0,0,0,2,2,7,60,1,6545,6545,4,5,5,2,0,0,2,0
1246637,1,2020,2020,5,6,7,251,14,139,124,0,1,3,-33.834032,151.211317,49,0,2,1,0,0,0,0,2,0,7,80,2,404,404,8,16,40,1,0,0,0,1
1246643,1,2020,2020,1,2,8,2261,17,284,2252,0,1,2,-33.90732,151.021309,15,0,2,1,3,0,0,0,2,0,7,60,2,14295,14295,3,30,13,2,0,0,0,1
1246645,4,2020,2020,11,0,10,109,27,71,106,0,1,10,-33.833935,150.977123,21,0,2,1,2,0,3,4,0,2,7,60,1,6545,6545,4,5,5,2,0,1,1,0
1246647,1,2020,2020,9,6,4,162,27,174,14,0,1,9,-33.869968,150.917419,24,0,2,1,3,0,0,0,2,0,7,50,1,1282,1282,1,33,5,2,0,0,0,1
1246648,2,2020,2020,9,0,4,177,22,210,176,0,1,10,-34.033118,151.092498,68,0,2,1,3,0,0,0,2,2,7,60,2,5929,5929,1,5,5,2,0,0,1,0
1246651,1,2020,2020,9,3,8,225,17,32,180,0,1,1,-34.567325,150.623343,78,2,1,0,3,0,3,4,2,0,7,60,2,1259,5151,8,5,40,1,0,0,0,1
1246652,2,2020,2020,9,5,8,61,31,32,45,1,0,9,-33.868431,150.969971,24,0,2,1,3,0,3,0,2,2,7,60,1,5929,5929,1,30,36,2,0,0,1,0
1246654,4,2020,2020,10,3,8,11,27,9,34609,0,1,1,-28.93648,153.063104,60,1,0,0,0,0,0,0,2,0,7,100,0,4552,5151,8,16,40,1,0,1,0,0
1246655,4,2020,2020,10,0,7,15,27,82,34609,0,1,1,-31.059154,150.951743,70,2,1,0,0,0,0,0,2,0,7,80,0,3775,3775,0,16,0,3,0,1,1,2
1246656,1,2020,2020,11,2,1,4,30,346,144,0,1,1,-33.870798,151.092773,67,0,2,1,2,0,3,4,0,0,7,60,2,9859,9859,8,10,40,1,0,0,0,2
1246657,4,2020,2020,11,3,4,27,36,83,34609,1,0,2,-30.112504,153.190594,19,2,1,1,1,0,0,0,2,0,9,50,0,4026,4026,8,0,40,1,0,1,0,0
1246662,1,2020,2020,11,6,6,67,27,30,78,0,1,1,-33.857365,151.145097,14,0,2,1,3,0,0,0,2,0,7,50,2,941,941,1,5,5,2,0,0,0,1
1246663,1,2020,2020,10,3,7,1,27,15,34609,0,1,9,-33.054572,151.405006,37,0,2,0,3,0,0,0,2,0,0,80,0,2852,2852,4,0,19,2,0,0,0,1
1246668,1,2020,2020,9,6,4,4,1,73,34609,0,1,1,-33.826264,151.086936,14,0,2,1,3,0,0,0,2,0,7,50,0,1981,1981,4,5,5,2,0,0,0,1
1246670,1,2020,2020,9,6,5,866,17,174,793,0,1,7,-33.860511,150.927496,24,0,2,0,3,0,0,0,2,0,0,70,2,5929,5929,1,5,0,2,0,0,0,1
1246672,1,2020,2020,10,0,8,36,27,43,38,0,1,7,-33.765679,151.252278,50,0,2,1,3,0,0,0,2,0,0,60,1,2852,2852,4,5,19,2,0,0,0,1
1246674,1,2020,2020,9,4,6,866,17,98,793,0,1,9,-33.739515,151.066375,31,0,2,1,3,0,3,4,2,2,7,70,2,14295,14295,3,19,0,2,0,0,0,1
1246679,2,2020,2020,10,5,9,866,17,110,793,0,1,2,-33.750158,151.049142,71,0,2,1,1,0,0,0,2,0,7,70,2,14295,14295,3,5,19,3,0,0,1,0
1246680,1,2020,2020,9,5,7,196,10,166,168,0,1,9,-33.944121,150.982473,15,0,2,1,3,0,0,0,2,2,7,60,2,395,395,1,5,0,2,0,0,0,1
1246682,2,2020,2020,9,0,4,3,27,2,34609,0,1,1,-35.887616,149.357959,65,1,0,1,3,2,0,0,2,0,7,100,0,9859,9859,8,10,40,1,0,0,1,0
1246689,1,2020,2020,10,1,2,75,10,63,165,0,1,3,-33.932774,151.211619,4,0,2,1,3,0,0,0,1,0,7,80,2,9859,9859,8,0,40,1,0,0,0,1
1246691,1,2020,2020,11,4,6,2,31,137,34609,0,1,1,-32.968055,151.690339,37,0,2,1,1,0,0,0,2,0,7,50,0,9859,9859,1,30,5,2,0,0,0,1
1246692,1,2020,2020,11,5,5,44,27,127,21,1,0,1,-33.899607,151.155766,32,0,2,1,1,0,0,0,2,0,7,50,1,1981,1981,4,33,27,2,0,0,0,1
1246696,4,2020,2020,10,1,5,11,27,10,34609,0,1,1,-28.412019,153.341081,72,2,1,0,3,0,0,0,2,0,7,50,0,782,957,5,5,40,1,0,1,0,0
1246697,1,2020,2020,11,3,2,1052,14,13,928,0,1,3,-33.693946,151.121484,36,0,2,1,1,0,0,0,1,0,7,110,2,14295,14295,3,5,13,3,0,0,0,1
1246702,1,2020,2020,10,4,9,80,27,316,50,0,1,2,-33.904773,151.227468,59,0,2,1,3,0,0,3,3,0,7,60,2,14295,14295,3,5,5,2,0,0,0,2
1246708,2,2020,2020,9,2,10,6,1,234,61,0,1,9,-34.292495,146.049699,28,2,1,1,3,0,0,0,0,0,0,60,2,775,775,4,5,13,2,0,0,1,0
1246712,1,2020,2020,11,1,5,7,31,78,34609,0,1,9,-33.850437,151.008636,21,0,2,1,3,0,0,0,2,0,7,50,0,14295,14295,3,30,0,2,0,0,0,1
1246723,2,2020,2020,10,0,4,293,31,128,369,0,1,10,-33.619207,150.807343,29,2,2,1,1,0,0,0,2,0,0,60,2,926,926,4,0,13,3,0,0,1,0
1246728,2,2020,2020,1,5,9,220,27,104,222,0,1,1,-33.72451,150.939521,7,0,2,1,2,0,0,0,0,0,7,80,2,14295,14295,3,5,5,4,0,0,2,0
1246729,4,2020,2020,10,1,4,133,31,90,56,0,1,1,-33.883524,151.238752,81,0,2,1,2,0,3,4,2,0,7,50,1,1945,1945,5,15,40,1,0,1,0,0
1246731,2,2020,2020,10,2,10,67,10,4,34,0,1,1,-34.312488,150.518501,78,2,1,1,0,0,0,0,0,0,7,60,1,1945,1945,5,16,40,1,0,0,1,0
1246733,1,2020,2020,11,0,7,32,31,646,34609,0,1,1,-33.921271,151.03909,15,0,2,1,1,0,3,4,2,0,7,50,0,1669,1669,3,5,5,2,0,0,0,1
1246736,4,2020,2020,11,0,5,108,31,38,169,0,1,1,-32.814564,151.458879,17,2,1,1,1,0,0,0,2,0,7,50,2,1282,1282,1,5,40,2,0,1,1,0
1246738,2,2020,2020,10,1,9,14,31,28,34609,1,0,9,-35.143197,147.342442,75,2,1,1,3,0,3,4,3,0,7,50,0,1669,1669,3,9,5,2,0,0,2,0
1246739,1,2020,2020,10,2,9,829,27,149,770,0,1,2,-33.868149,151.181594,32,0,2,1,0,0,3,4,2,0,7,60,2,14295,14295,3,0,0,2,0,0,0,1
1246741,4,2020,2020,10,3,7,103,27,5,98,0,1,1,-32.922761,150.720094,64,2,1,0,0,0,0,0,2,0,7,80,2,1850,1463,5,16,40,1,0,1,0,0
1246742,2,2020,2020,10,2,4,125,27,43,144,0,1,1,-32.806759,151.863219,57,2,1,1,0,0,0,0,2,0,7,80,2,1981,1981,4,5,5,2,0,0,3,1
1246746,4,2020,2020,10,6,4,46,27,39,34609,0,1,7,-32.887561,151.657086,48,0,2,0,1,0,0,0,2,0,0,60,0,1850,1463,5,16,40,1,0,1,0,0
1246751,2,2020,2020,10,4,7,36,31,363,31,0,1,10,-33.818648,151.016907,54,0,2,1,1,0,0,0,2,2,7,60,1,5929,5929,1,0,5,2,0,0,1,1
1246755,2,2020,2020,10,5,11,2261,17,243,2252,0,1,2,-33.938916,150.913189,41,0,2,1,2,0,0,0,0,0,7,60,2,14295,14295,3,5,5,2,0,0,1,1
1246757,4,2020,2020,10,0,11,2261,17,47,2252,0,1,2,-35.796924,147.244909,27,1,0,0,0,0,3,4,0,0,7,110,2,14295,14295,3,3,2,2,0,1,0,0
1246761,4,2020,2020,10,4,6,2126,17,90,2149,0,1,2,-33.708139,150.308721,8,2,2,0,1,0,0,0,2,0,7,70,2,1383,1383,1,16,5,2,0,1,0,0
1246764,1,2020,2020,10,3,6,205,27,45,415,0,1,10,-33.693466,151.220587,50,0,2,1,1,0,3,4,2,0,0,80,2,2852,2852,4,0,5,2,0,0,0,1
1246766,2,2020,2020,9,5,1,916,17,179,917,0,1,1,-31.163536,150.919021,70,1,0,0,0,0,0,0,0,0,7,100,2,4552,5151,1,5,40,2,0,0,2,0
1246767,1,2020,2020,11,6,2,36,27,73,35,0,1,9,-33.893452,151.164497,32,0,2,1,2,0,0,0,1,0,0,50,1,2852,2852,4,5,27,2,0,0,0,1
1246768,2,2020,2020,5,2,6,2209,17,64,2205,0,1,2,-34.385918,150.899703,80,0,2,0,0,0,0,0,2,0,7,90,2,14295,14295,3,30,0,2,0,0,2,1
1246770,4,2020,2020,9,0,6,5,31,164,34609,0,1,9,-33.738421,150.891024,7,0,2,1,1,0,0,0,2,0,7,50,0,395,395,1,16,36,2,0,1,0,0
1246772,1,2020,2020,1,1,7,42,27,52,30,1,2,7,-33.903703,151.256811,76,0,2,1,1,0,0,0,2,0,0,40,1,14295,14295,3,5,41,2,0,0,0,1
1246773,1,2020,2020,9,1,7,15,27,15,34609,0,1,1,-30.14105,153.057789,19,2,1,1,0,0,0,0,2,0,7,80,0,9859,9859,8,0,40,1,0,0,0,1
1246776,1,2020,2020,11,4,9,224,27,246,321,0,1,10,-33.905528,151.202829,69,0,2,1,2,0,0,0,0,2,7,50,2,5929,5929,1,5,19,2,0,0,0,1
1246779,2,2020,2020,9,0,8,5,31,433,34609,0,1,10,-33.286021,149.101899,52,2,1,1,1,0,0,0,2,0,0,50,0,5929,5929,1,0,5,2,0,0,1,0
1246783,1,2020,2020,11,4,8,251,27,115,212,1,0,9,-33.751584,151.226556,50,0,2,0,1,0,0,0,3,1,7,70,2,1282,1282,1,8,5,2,0,0,0,1
1246784,2,2020,2020,1,3,9,60,27,239,167,0,1,10,-34.026573,151.120342,68,0,2,1,2,0,0,0,0,2,7,70,2,2585,777,8,5,40,1,0,0,1,0
1246786,2,2020,2020,10,4,9,3371,17,147,3342,0,1,2,-33.743363,151.140264,36,0,2,1,3,0,0,0,3,0,7,60,2,14295,14295,3,9,5,2,0,0,1,0
1246787,2,2020,2020,11,0,5,8,31,387,140,0,1,1,-33.921228,151.182334,4,0,2,1,1,0,0,0,2,0,7,60,2,1981,1981,4,0,19,2,0,0,1,0
1246790,4,2020,2020,11,3,5,115,27,113,173,0,1,2,-34.375673,150.832519,80,0,2,0,0,0,0,0,2,0,7,100,2,2585,4009,8,16,40,1,0,1,0,0
1246794,2,2020,2020,6,6,6,478,17,128,480,0,1,10,-33.427079,151.327225,16,2,2,1,1,0,3,4,2,2,7,70,2,14295,14295,3,5,0,3,0,0,1,0
1246798,1,2020,2020,11,4,6,15,18,78,34609,0,1,9,-33.698823,150.564889,8,2,2,1,1,0,0,0,2,0,0,40,0,2040,2040,9,30,28,2,0,0,0,1
1246801,2,2020,2020,10,2,10,4,23,58,80,0,1,1,-32.976686,151.669686,37,0,2,0,0,0,3,0,0,0,7,60,1,3775,3775,0,0,5,2,0,0,1,0
1246805,2,2020,2020,1,2,7,89,17,51,21,0,1,1,-34.200051,150.969977,80,0,2,0,0,0,0,0,2,0,7,70,1,5929,5929,1,10,19,2,0,0,1,0
1246806,4,2020,2020,10,1,6,294,17,215,288,0,1,9,-35.116468,147.351744,75,2,1,1,0,0,3,4,2,0,7,60,2,1669,1669,3,5,5,2,0,1,0,0
1246807,2,2020,2020,5,0,10,1,27,65,34609,0,1,1,-30.372039,153.006571,19,2,1,1,0,0,0,0,0,0,7,80,0,9859,9859,8,5,40,1,0,0,1,0
1246808,2,2020,2020,10,5,4,7,31,77,34609,0,1,10,-32.94376,151.754768,48,0,2,1,1,0,3,4,2,0,15,50,0,5929,5929,1,5,0,2,0,0,2,0
1246810,1,2020,2020,10,2,6,512,17,562,441,0,1,1,-32.254934,148.613605,22,2,1,1,1,0,3,4,2,0,7,60,2,14295,14295,3,5,36,2,0,0,0,1
1246811,4,2020,2020,10,4,7,2126,17,140,2149,0,1,2,-33.788782,150.853754,7,0,2,1,2,0,3,4,2,0,7,80,2,1383,1383,1,33,5,2,0,1,0,0
1246812,4,2020,2020,10,5,4,1,27,26,34609,0,1,1,-33.104402,151.540451,37,0,2,0,1,0,0,0,2,0,7,50,0,2585,4009,8,0,40,1,0,1,0,0
1246815,2,2020,2020,0,2,8,41,27,169,7,0,1,2,-33.776423,150.849544,7,0,2,1,1,0,0,0,2,0,7,60,1,9859,9859,8,16,40,1,0,0,1,0
1246816,4,2020,2020,1,6,6,334,17,31,308,0,1,1,-31.072298,150.842028,70,1,0,1,0,0,0,0,2,0,7,100,2,9859,9859,8,5,40,1,0,1,0,0
1246818,4,2020,2020,10,0,3,27,36,29,27,0,1,1,-31.725072,149.713858,51,1,0,1,0,0,0,0,2,0,7,100,1,945,945,5,5,40,1,0,1,0,0
1246820,4,2020,2020,10,1,10,6,27,23,172,0,1,1,-32.993646,151.632641,37,0,2,0,2,0,0,3,0,0,7,60,2,3775,3775,0,5,5,2,0,3,0,1
1246823,4,2020,2020,11,6,7,101,10,239,35,0,1,2,-34.038104,151.133624,68,0,2,0,1,0,0,3,2,0,7,70,2,14295,14295,3,34,0,2,0,1,0,1
1246824,2,2020,2020,10,4,7,485,27,232,769,0,1,10,-33.690517,150.922224,7,0,2,1,2,0,0,0,2,2,7,80,2,14295,14295,3,5,0,3,0,0,1,0
1246828,1,2020,2020,10,2,8,1104,14,283,962,0,1,3,-33.82698,151.004835,54,0,2,1,3,0,0,0,3,0,7,90,2,14295,14295,3,9,5,2,0,0,0,1
1246829,1,2020,2020,10,4,7,2261,17,140,2252,0,1,9,-33.903589,151.001173,15,0,2,1,0,0,0,0,2,0,0,70,2,775,775,4,5,5,2,0,0,0,1
1246830,2,2020,2020,10,2,2,2126,17,90,2149,0,1,2,-33.707056,150.317303,8,2,2,0,2,0,3,1,0,0,7,70,2,1981,1981,4,5,10,2,0,0,1,0
1246832,4,2020,2020,10,1,8,158,27,46,207,0,1,9,-33.877172,151.233325,81,0,2,0,0,0,0,0,2,2,7,60,2,14295,14295,3,5,0,2,0,1,0,0
1246834,4,2020,2020,11,5,4,15,1,134,36,0,1,9,-33.523502,151.31163,16,2,2,1,1,0,0,0,2,0,7,50,1,1850,777,5,15,40,1,0,1,0,0
1246837,1,2020,2020,10,4,7,97,27,166,799,0,1,10,-33.929521,150.980326,15,0,2,1,1,0,0,0,2,2,8,60,2,1192,1192,1,29,10,2,0,0,0,1
1246840,2,2020,2020,10,3,4,2,31,100,34609,0,1,9,-33.893105,150.887299,24,0,2,1,0,0,3,3,2,0,7,60,0,2852,2852,4,5,36,2,0,0,3,0
1246841,2,2020,2020,10,0,8,16,27,25,174,0,1,10,-32.845084,151.378761,17,2,1,1,1,0,0,0,2,0,0,60,2,5929,5929,1,0,5,2,0,0,1,1
1246842,4,2020,2020,10,1,9,2209,17,74,2205,0,1,7,-34.447332,150.851511,80,0,2,1,1,0,0,3,2,0,0,60,2,5929,5929,1,0,0,2,0,1,1,0
1246843,2,2020,2020,10,4,8,4,31,94,34609,0,1,10,-33.836509,151.049939,54,0,2,1,1,0,3,4,2,0,15,50,0,6545,6545,4,30,5,2,0,0,1,0
1246844,2,2020,2020,1,2,10,4,27,22,34609,0,1,1,-35.979866,146.901504,27,1,0,1,0,0,0,0,0,0,7,100,0,312,312,2,0,40,1,0,0,1,0
1246845,2,2020,2020,11,0,3,10,31,82,34609,1,0,7,-33.795927,151.258818,50,0,2,1,1,0,0,0,2,0,0,50,0,6545,6545,4,22,13,2,0,0,1,0
1246849,1,2020,2020,11,1,8,2,27,43,34609,0,1,1,-35.988153,144.812001,51,1,0,1,0,2,0,0,2,0,7,100,0,9859,9859,8,5,40,1,0,0,0,1
1246858,4,2020,2020,11,3,0,126,1,226,144,0,1,2,-33.760547,150.817916,7,0,2,1,2,0,0,3,0,0,7,60,2,3775,3775,0,5,36,2,0,1,0,2
1246859,2,2020,2020,10,1,9,78,31,41,41,0,1,10,-35.062733,148.100671,20,2,1,1,2,0,0,0,3,0,15,50,1,6545,6545,4,0,0,2,0,0,2,0
1246861,4,2020,2020,5,2,4,35,27,155,34609,0,1,1,-33.486711,151.325242,16,2,2,1,1,0,3,0,2,0,9,40,0,2040,2040,9,5,28,2,0,1,0,0
1246871,2,2020,2020,1,6,11,26,27,26,25,0,1,1,-31.965893,152.563593,43,2,1,1,0,0,0,0,0,0,7,70,1,4026,4026,8,0,40,1,0,0,1,0
1246872,1,2020,2020,11,1,0,20,27,34,20,0,1,1,-35.053982,150.632647,63,2,1,0,0,0,0,0,0,0,7,80,1,273,957,5,0,40,1,0,0,0,1
1246873,2,2020,2020,1,3,5,161,17,1,161,0,1,1,-35.93624,148.644086,65,1,0,0,0,0,1,5,2,0,7,100,2,1850,1463,5,16,40,1,0,0,1,0
1246874,4,2020,2020,1,6,5,22,31,237,45,0,1,1,-33.875403,150.962008,24,0,2,0,1,0,0,0,2,0,7,60,1,1383,1383,1,15,5,2,0,1,0,0
1246875,2,2020,2020,1,0,11,158,27,138,207,1,0,1,-33.864677,151.272771,81,0,2,0,2,0,0,0,0,0,7,50,2,1850,1463,5,16,40,1,0,0,1,0
1246877,4,2020,2020,1,3,10,916,17,15,917,0,1,1,-31.814048,150.924309,73,1,0,1,0,0,0,0,0,0,7,100,2,14295,14295,3,5,13,2,0,3,1,0
1246878,2,2020,2020,1,1,9,11,1,56,34609,0,1,9,-35.142975,147.387353,75,2,1,1,2,0,0,0,0,0,0,60,0,63,63,4,5,5,2,0,0,1,0
1246879,2,2020,2020,1,6,10,163,27,73,165,0,1,2,-33.751169,150.802099,7,0,2,1,2,0,0,0,0,0,7,60,1,368,368,9,5,28,2,0,0,2,0
1246881,2,2020,2020,1,2,2,15,27,26,18,0,1,1,-31.157632,152.920051,34,1,0,0,0,0,2,6,0,0,7,100,1,782,957,5,5,40,1,0,0,1,0
1246882,4,2020,2020,11,0,10,81,27,609,115,0,1,1,-33.784555,150.899983,7,0,2,1,2,0,3,4,0,2,9,60,2,1981,1981,4,21,0,2,0,2,1,0
1246883,1,2020,2020,1,3,6,3,27,6,34609,0,1,1,-34.408405,150.359304,78,2,1,0,0,2,0,0,2,0,7,50,0,14295,14295,3,10,19,2,0,0,0,1
1246884,2,2020,2020,1,0,10,35,27,29,34609,0,1,1,-34.076641,150.56693,79,2,2,0,1,0,0,0,0,0,7,60,0,1259,5151,8,5,40,1,0,0,1,0
1246887,4,2020,2020,11,5,6,6,27,11,34609,0,1,10,-28.309296,153.410721,72,1,0,1,0,0,0,0,2,0,0,100,0,6545,6545,4,5,5,2,0,3,0,0
1246888,2,2020,2020,11,0,8,27,27,290,34609,1,0,1,-33.857357,151.00673,21,0,2,1,2,0,0,0,3,0,7,50,0,3775,3775,0,10,0,2,0,0,1,0
1246889,2,2020,2020,10,4,9,19,31,77,34609,0,1,1,-32.942966,151.741395,48,0,2,1,2,0,0,0,0,0,7,50,0,9859,9859,1,5,40,2,0,0,1,0
1246890,1,2020,2020,11,4,3,89,36,68,81,0,1,1,-34.715709,148.840126,82,1,0,1,0,0,0,0,2,0,7,100,2,9859,9859,8,30,40,1,0,0,0,1
1246891,4,2020,2020,10,3,11,2,27,21,34609,0,1,9,-33.61725,150.720466,29,2,2,0,0,0,0,0,0,0,7,80,0,4552,5151,8,30,40,1,0,1,0,0
1246894,2,2020,2020,11,4,0,48,10,316,121,0,1,2,-31.429319,152.883929,56,2,1,1,2,0,0,0,0,0,7,60,1,9859,9859,1,30,10,2,0,0,1,0
1246897,4,2020,2020,10,3,5,334,17,5,308,0,1,1,-31.439987,152.502992,56,2,1,0,0,0,0,0,2,0,7,80,2,1850,1463,5,16,40,1,0,1,0,0
1246898,2,2020,2020,10,0,4,60,27,40,167,0,1,9,-34.022903,151.121199,68,0,2,1,3,0,0,0,2,0,0,70,2,2852,2852,4,5,5,2,0,0,1,0
1246901,1,2020,2020,11,4,9,1,31,28,34609,0,1,9,-34.023377,151.060551,68,0,2,1,2,0,0,0,0,0,7,50,0,14295,14295,3,5,5,2,0,0,0,1
1246902,4,2020,2020,10,0,10,11,10,179,34609,1,0,1,-31.89329,152.466698,43,2,1,1,2,0,0,0,0,0,7,50,0,14295,14295,3,0,19,2,0,1,1,0
1246903,1,2020,2020,10,2,1,21,31,42,34609,0,1,10,-35.999732,146.382877,51,2,1,1,2,0,0,0,0,2,7,50,0,368,368,9,5,28,2,0,0,0,1
1246904,2,2020,2020,11,0,8,52,27,438,103,0,1,10,-33.863758,151.018539,21,0,2,1,1,0,3,4,3,2,7,50,1,926,926,4,34,5,2,0,0,1,1
1246905,4,2020,2020,10,3,9,1,27,10,34609,0,1,1,-31.151176,152.732166,34,2,1,0,1,2,0,0,2,0,7,80,0,1957,4009,8,16,40,1,0,1,0,0
1246908,1,2020,2020,11,1,7,330,27,106,605,0,1,9,-33.681622,151.303121,50,0,2,1,0,0,0,0,2,0,7,70,2,1383,1383,1,5,13,2,0,0,0,1
1246912,1,2020,2020,10,0,6,2209,17,68,2205,0,1,9,-34.087754,151.007392,68,0,2,1,3,0,0,0,2,2,7,60,2,14295,14295,3,29,5,2,0,0,0,1
1246913,4,2020,2020,10,0,7,15,27,11,34609,0,1,1,-35.290856,148.569394,66,1,0,0,0,2,0,0,2,0,7,100,0,273,957,5,10,40,1,0,3,0,0
1246922,2,2020,2020,10,0,7,38,31,246,64,0,1,10,-33.915653,151.194973,69,0,2,1,3,0,0,0,2,2,7,50,2,5929,5929,1,5,5,2,0,0,1,0
1246928,4,2020,2020,10,2,7,100,27,68,78,0,1,9,-33.623101,149.789687,51,1,0,0,0,0,3,4,2,0,0,100,2,2585,4009,8,5,40,1,0,1,0,0
1246930,2,2020,2020,11,1,2,35,27,22,49,0,1,1,-31.419331,150.652874,51,1,0,0,0,0,0,0,1,0,7,100,1,782,957,5,5,40,1,0,0,1,0
1246933,1,2020,2020,10,4,4,387,27,91,331,0,1,9,-33.961503,151.078906,25,0,2,0,3,0,0,0,2,0,7,60,2,1669,1669,3,5,5,2,0,0,0,1
1246936,1,2020,2020,10,4,8,57,27,337,47,0,1,10,-33.724986,150.976903,71,0,2,1,3,0,3,4,2,2,7,60,1,1391,1391,1,0,5,2,0,0,0,2
1246946,1,2020,2020,10,0,6,2261,17,443,2252,0,1,10,-33.906002,151.040199,15,0,2,1,3,0,0,0,2,2,7,60,2,14295,14295,3,10,5,3,0,0,0,1
1246949,4,2020,2020,9,1,3,4,31,232,34609,0,1,9,-33.696665,150.930099,71,0,2,1,3,0,0,0,2,0,0,50,0,5929,5929,1,9,0,2,0,2,0,0
1246953,1,2020,2020,9,5,4,10,27,96,160,0,1,1,-34.053791,150.829714,13,0,2,1,3,0,0,0,2,0,7,60,2,1669,1669,3,5,25,2,0,0,0,1
1246955,4,2020,2020,1,4,6,59,10,34,231,0,1,9,-33.501045,151.362045,16,2,2,1,1,0,0,0,2,0,15,60,2,1669,1669,3,0,5,3,0,1,1,1
1246957,2,2020,2020,10,0,3,34,27,225,69,0,1,1,-33.796439,151.170384,77,0,2,1,1,0,0,0,2,0,7,50,2,9859,9859,8,5,40,1,0,0,1,0
1246958,2,2020,2020,10,2,10,515,14,202,518,0,1,6,-33.940628,151.034804,15,0,2,0,2,0,0,0,0,0,7,70,2,14295,14295,3,5,5,2,0,0,1,0
1246961,1,2020,2020,10,4,8,1104,14,149,962,0,1,3,-33.817235,150.971345,21,0,2,1,3,0,0,0,2,0,7,90,2,14295,14295,3,5,35,2,0,0,0,1
1246962,1,2020,2020,9,2,4,192,10,84,114,0,1,7,-33.467968,151.383364,16,2,2,1,3,0,0,0,2,0,0,60,2,14295,14295,3,5,0,2,0,0,0,1
1246964,1,2020,2020,10,5,10,1104,14,283,962,0,1,3,-33.827728,151.015552,54,0,2,1,2,0,0,0,0,0,7,90,2,9859,9859,8,10,40,1,0,0,0,1
1246966,4,2020,2020,10,5,7,1,31,12,34609,0,1,1,-32.738027,151.615425,42,2,1,1,0,0,0,0,2,0,7,50,0,1220,1220,9,5,28,2,0,1,0,0
1246967,1,2020,2020,9,5,4,4,31,96,34609,0,1,1,-35.34849,149.233837,58,2,1,1,1,0,0,0,2,0,7,50,0,9859,9859,8,5,40,1,0,0,0,1
1246968,1,2020,2020,9,0,8,57,27,16,126,0,1,1,-32.751515,151.727445,57,2,1,1,3,0,3,4,2,0,7,80,2,14295,14295,3,0,5,3,0,0,0,1
1246971,1,2020,2020,9,5,9,2261,17,284,2252,0,1,9,-33.906122,151.015783,15,0,2,1,3,0,0,0,3,2,7,70,2,14295,14295,3,5,0,2,0,0,0,2
1246975,4,2020,2020,10,6,7,3371,17,63,3342,0,1,7,-33.238731,151.499434,16,2,2,1,3,0,0,0,2,0,0,70,2,14295,14295,3,5,19,2,0,1,0,0
1246976,2,2020,2020,11,5,9,48,31,33,45,0,1,1,-33.414911,151.344322,16,2,2,1,3,0,0,0,3,0,7,60,1,1981,1981,4,9,13,3,0,0,1,0
1246978,2,2020,2020,10,5,10,2209,17,106,2205,0,1,9,-34.556469,150.791785,62,0,2,1,2,0,0,0,0,2,9,70,2,5929,5929,1,5,5,2,0,0,1,0
1246982,2,2020,2020,10,5,4,5,10,39,34609,0,1,9,-33.24491,151.486147,16,2,2,0,3,0,3,3,2,0,7,50,0,2585,4009,8,5,40,1,0,0,1,0
1246983,2,2020,2020,9,2,7,50,27,169,382,0,1,9,-33.774994,150.838625,7,0,2,1,3,0,0,0,2,0,7,60,2,2852,2852,4,5,36,2,0,0,1,0