Crash ID,Degree of crash - detailed,Reporting year,Year of crash,Month of crash,Day of week of crash,Two-hour intervals,Street of crash,Street type,Town,Route no.,School zone location,School zone active,Type of location,Latitude,Longitude,LGA,Urbanisation,Conurbation 1,Alignment,Street lighting,Road surface,Surface condition,Weather,Natural lighting,Signals operation,Other traffic control,Speed limit,Road classification,RUM - code,DCA - code,First impact type,Key TU type,Other TU type,No. of traffic units involved,No. killed,No. seriously injured,No. moderately injured,No. minor-other injured
1246986,1,2020,2020,10,5,7,2126,17,36,2149,0,1,9,-33.885089,151.18449,69,0,2,1,3,0,0,0,2,2,7,60,2,14295,14295,3,5,5,3,0,0,0,1
1246989,1,2020,2020,9,5,8,229,14,110,237,0,1,3,-33.766397,151.00926,54,0,2,1,3,0,0,0,3,0,7,100,2,14295,14295,3,10,0,2,0,0,0,1
1246995,4,2020,2020,9,6,4,49,31,55,34609,0,1,10,-36.240951,149.129109,65,2,1,1,1,0,0,0,2,0,0,50,0,6545,6545,4,5,36,2,0,1,1,0
1246996,2,2020,2020,11,4,5,13,31,55,34609,0,1,2,-33.885576,151.278302,76,0,2,1,1,0,0,0,2,0,7,50,0,9859,9859,1,5,0,3,0,0,1,0
1246999,2,2020,2020,1,5,8,3371,17,63,3342,0,1,2,-28.178788,153.51927,72,1,0,0,1,0,0,0,2,0,7,100,2,1850,1463,5,16,40,1,0,0,1,0
1247000,1,2020,2020,10,2,8,62,10,70,62,0,1,10,-33.43398,151.348403,16,2,2,1,1,0,3,4,2,0,0,50,2,3775,3775,0,19,25,2,0,0,0,1
1247001,4,2020,2020,9,6,4,45,3,36,331,0,1,10,-34.060893,150.727223,12,0,2,1,1,0,0,0,2,2,7,80,2,14295,14295,3,9,0,5,0,1,2,0
1247002,2,2020,2020,9,0,8,2126,17,62,2149,0,1,2,-33.745774,150.612576,8,2,2,1,3,0,0,3,2,0,7,60,2,14295,14295,3,10,0,3,0,0,1,0
1247005,2,2020,2020,9,5,5,7,31,194,34609,0,1,1,-30.511702,151.654788,1,2,1,1,1,0,0,0,2,0,7,50,0,1109,397,1,0,13,2,0,0,1,0
1247007,2,2020,2020,1,1,8,18,27,87,34609,0,1,1,-33.676476,150.939285,71,0,2,1,1,0,0,0,2,0,7,50,0,9859,9859,1,5,5,2,0,0,1,0
1247010,4,2020,2020,9,4,7,829,27,125,770,0,1,2,-33.838236,151.133244,51,0,2,1,1,0,3,4,2,0,7,70,2,3775,3775,0,5,13,2,0,1,0,0
1247014,2,2020,2020,10,4,8,866,17,187,793,0,1,10,-33.793269,150.994368,54,0,2,1,1,0,0,0,2,2,7,70,2,5929,5929,1,5,19,2,0,0,1,0
1247015,4,2020,2020,10,6,11,1,31,91,34609,0,1,9,-32.98009,151.651545,37,0,2,0,2,0,0,0,0,0,0,50,0,1259,5151,8,5,40,1,0,1,0,0
1247018,4,2020,2020,9,0,7,82,31,370,49,0,1,1,-34.064023,150.817315,13,0,2,1,1,0,0,0,2,0,7,60,1,1981,1981,4,0,19,2,0,1,0,0
1247025,1,2020,2020,10,3,11,5,1,35,34609,0,1,10,-34.052524,151.044606,68,0,2,1,0,0,0,0,0,0,0,50,0,6545,6545,4,0,36,2,0,0,0,1
1247026,2,2020,2020,9,0,3,2,22,44,34609,0,1,1,-33.751729,150.642646,8,2,2,0,0,0,3,0,2,0,7,50,0,1259,5151,8,5,40,1,0,0,1,0
1247027,1,2020,2020,11,0,10,46,27,22,43,0,1,1,-35.987068,146.89911,27,1,0,1,0,0,3,4,0,0,7,100,1,323,323,1,10,13,2,0,0,0,1
1247028,4,2020,2020,9,1,8,1104,14,247,962,0,1,3,-33.810994,150.941039,21,0,2,1,0,0,0,0,2,0,7,100,2,14295,14295,3,30,5,2,0,1,1,0
1247032,2,2020,2020,9,3,4,77,31,39,16,0,1,9,-33.770365,150.752839,55,0,2,1,1,0,0,0,2,2,6,80,2,6545,6545,4,0,0,2,0,0,1,1
1247036,4,2020,2020,10,2,7,2261,17,44,2252,0,1,10,-33.902553,150.944012,24,0,2,1,1,0,3,4,2,0,3,70,2,3775,3775,0,5,13,2,0,1,1,1
1247039,4,2020,2020,11,2,5,85,10,38,702,0,1,2,-33.843881,151.082713,14,0,2,1,2,0,0,0,2,0,7,80,2,1192,1192,1,5,0,2,0,1,0,1
1247044,4,2020,2020,10,4,9,2261,17,443,2252,0,1,9,-33.890427,151.058869,67,0,2,1,2,0,0,0,0,2,7,70,2,5929,5929,1,8,0,2,0,1,0,1
1247046,4,2020,2020,9,5,4,2,34,4,34609,0,1,1,-34.335193,149.977156,74,2,1,1,0,2,0,0,2,0,7,60,0,1945,1945,5,16,40,1,0,1,0,0
1247047,4,2020,2020,10,3,3,12,27,85,34609,0,1,2,-33.903572,150.871885,41,0,2,0,0,0,0,0,2,0,7,50,0,1259,5151,8,16,40,2,0,1,0,0
1247049,2,2020,2020,9,5,3,34,31,433,34609,0,1,9,-33.278919,149.121174,52,2,1,1,0,0,0,0,2,0,7,50,0,5929,5929,1,5,27,2,0,0,1,0
1247051,2,2020,2020,1,2,8,11,23,106,34609,0,1,10,-28.863136,153.043491,60,2,1,1,1,0,0,0,2,0,15,50,0,5929,5929,1,10,13,2,0,0,1,0
1247052,4,2020,2020,5,4,2,512,17,21,441,0,1,1,-31.591003,147.251022,51,1,0,1,0,0,0,0,0,0,7,110,2,475,475,5,29,40,1,0,1,0,0
1247053,2,2020,2020,6,1,9,5,31,88,34609,0,1,0,-33.991252,151.114694,25,0,2,1,2,0,0,0,0,0,7,50,0,4026,4026,1,5,36,2,0,0,1,0
1247056,2,2020,2020,10,4,4,1,27,81,34609,1,2,9,-33.878412,151.253607,81,0,2,1,0,0,0,0,2,0,0,40,0,1945,1945,5,22,40,1,0,0,1,0
1247057,1,2020,2020,9,3,9,168,17,13,212,0,1,9,-35.491695,149.925301,58,1,0,1,0,0,0,0,0,0,7,100,2,4026,4026,8,5,40,1,0,0,0,1
1247059,1,2020,2020,9,4,8,103,27,149,167,0,1,10,-33.986697,151.135408,4,0,2,1,1,0,0,0,2,0,7,60,2,5929,5929,1,5,5,2,0,0,0,1
1247065,4,2020,2020,11,6,8,81,27,609,115,0,1,9,-33.783395,150.900221,7,0,2,1,1,0,0,0,2,0,0,60,2,2852,2852,4,0,5,2,0,1,0,3
1247066,2,2020,2020,10,1,4,90,31,123,165,0,1,2,-33.907756,151.213505,59,0,2,1,0,0,0,0,2,0,7,80,2,14295,14295,3,0,5,4,0,0,1,1
1247067,2,2020,2020,10,6,4,56,31,119,34609,0,1,9,-32.762338,151.746813,57,2,1,1,0,0,3,4,2,0,0,60,0,6545,6545,4,5,5,2,0,0,1,0
1247068,2,2020,2020,10,2,10,22,1,346,34609,0,1,11,-33.872489,151.093552,67,0,2,1,2,0,3,4,0,0,9,50,0,1220,1220,9,5,28,2,0,0,1,0
1247069,4,2020,2020,10,2,1,1052,14,59,928,0,1,3,-33.152239,151.472079,37,0,2,1,0,0,3,4,0,0,7,110,2,3775,3775,0,10,0,3,0,2,0,0
1247070,2,2020,2020,10,4,6,117,27,154,34609,0,1,1,-33.711477,150.967017,71,0,2,1,1,0,3,4,2,0,7,50,0,9859,9859,8,5,40,1,0,0,1,0
1247072,4,2020,2020,9,2,7,232,36,134,331,0,1,2,-33.955104,150.831069,41,0,2,1,1,0,0,0,2,0,7,80,2,14295,14295,3,16,36,2,0,1,0,0
1247076,4,2020,2020,9,2,5,346,17,44,332,0,1,1,-28.863156,153.511853,2,2,1,0,0,0,0,0,2,0,7,80,2,3775,3775,0,5,13,2,0,2,0,1
1247082,2,2020,2020,1,3,0,71,36,3,139,0,1,9,-34.17458,145.919616,28,1,0,0,0,0,0,0,0,0,7,100,2,2585,4009,8,5,40,1,0,0,1,0
1247083,1,2020,2020,11,0,3,125,31,438,44,0,1,1,-33.84768,151.031481,21,0,2,1,1,0,0,0,2,0,7,50,2,2040,2040,9,5,28,2,0,0,0,1
1247084,2,2020,2020,11,3,5,51,31,252,59,0,1,10,-33.885209,151.215734,69,0,2,1,1,0,0,0,2,2,5,40,1,1192,1192,1,21,27,2,0,0,1,0
1247086,2,2020,2020,11,1,7,15,1,271,34609,0,1,1,-33.951875,151.016237,15,0,2,1,1,0,0,0,2,0,7,50,0,237,397,1,5,0,6,0,0,1,2
1247087,1,2020,2020,11,4,5,2209,17,144,2205,0,1,2,-34.062491,151.022023,68,0,2,0,1,0,0,0,2,0,7,70,2,190,190,1,22,10,2,0,0,0,1
1247088,1,2020,2020,1,0,9,2261,17,84,2252,0,1,2,-33.892302,150.96299,24,0,2,1,2,0,0,0,0,0,7,70,2,14295,14295,3,5,36,2,0,0,0,1
1247093,4,2020,2020,11,0,5,77,10,43,331,0,1,1,-34.14206,150.692819,79,2,2,0,0,0,0,0,2,0,7,80,1,1282,1282,1,16,10,2,0,1,1,0
1247094,1,2020,2020,11,1,8,104,27,443,702,0,1,2,-33.892082,151.06671,15,0,2,1,1,0,0,0,2,0,7,70,2,3775,3775,0,0,5,2,0,0,0,2
1247095,2,2020,2020,11,4,3,2209,17,133,2205,0,1,1,-34.489524,150.79726,80,0,2,0,1,0,3,3,1,0,7,50,1,4552,5151,8,5,40,1,0,0,1,0
1247096,4,2020,2020,11,1,5,5,27,23,34609,0,1,1,-32.01282,152.381965,43,2,1,1,0,2,0,0,2,0,7,10,0,404,404,8,16,40,1,0,1,0,0
1247097,4,2020,2020,11,6,8,18,31,62,34609,0,1,1,-34.08707,150.817291,13,0,2,1,0,0,0,0,2,0,7,50,0,941,941,1,5,19,2,0,1,0,0
1247098,4,2020,2020,1,5,7,1104,27,78,34609,0,1,1,-33.908473,150.775614,41,0,2,0,0,0,0,0,2,0,7,80,0,3775,3775,0,0,5,2,0,1,1,0
1247099,2,2020,2020,11,6,10,31,27,21,33,0,1,1,-33.588377,150.695006,29,2,2,0,0,0,0,0,0,0,7,70,1,1957,4009,8,10,40,1,0,0,1,0
1247102,1,2020,2020,11,0,11,3371,18,121,34609,0,1,0,-33.7884,151.285315,50,0,2,1,1,0,3,4,0,0,7,20,0,1945,1945,5,16,40,1,0,0,0,1
1247106,4,2020,2020,9,4,7,120,36,43,148,0,1,1,-30.468339,152.985715,6,2,1,0,0,0,3,4,2,0,7,80,2,1957,4009,8,10,40,1,0,1,0,0
1247108,2,2020,2020,9,6,7,1,27,63,34609,1,2,9,-33.738505,150.800806,7,0,2,1,0,0,0,0,2,0,7,40,0,1220,1220,9,5,28,2,0,0,1,0
1247112,2,2020,2020,9,3,0,54,31,197,28,0,1,1,-33.953102,151.077632,25,0,2,1,2,0,0,0,0,0,7,50,1,121,121,9,5,28,2,0,0,1,0
1247115,4,2020,2020,11,5,8,59,10,14,231,0,1,1,-33.495156,151.391357,16,2,2,0,1,0,0,0,3,0,7,70,2,3775,3775,0,5,10,4,0,1,0,2
1247116,2,2020,2020,10,3,8,485,27,232,769,0,1,9,-33.693599,150.925067,71,0,2,1,2,0,3,4,2,2,7,80,2,5929,5929,1,5,5,2,0,0,2,0
1247117,1,2020,2020,9,2,11,4,27,3,34609,0,1,1,-31.906144,152.070128,43,2,1,0,0,0,0,0,0,0,7,80,0,1957,4009,8,0,40,1,0,0,0,1
1247118,2,2020,2020,10,0,5,32,27,29,28,0,1,1,-33.917983,150.785467,41,0,2,1,0,0,0,0,2,0,7,70,1,1109,397,1,10,35,2,0,0,1,0
1247120,4,2020,2020,10,4,3,2209,17,106,2205,0,1,10,-34.568684,150.806054,62,0,2,1,1,0,0,0,2,0,0,60,2,14295,14295,3,30,0,3,0,1,1,0
1247121,1,2020,2020,11,2,9,7,27,7,34609,0,1,1,-32.719933,152.172117,57,2,1,1,2,0,0,0,3,0,7,50,0,9859,9859,1,5,13,3,0,0,0,1
1247122,2,2020,2020,11,5,7,14,27,3,34609,0,1,1,-30.751716,152.757175,47,2,1,0,0,0,0,0,2,0,7,80,0,1259,5151,8,30,40,1,0,0,1,0
1247123,4,2020,2020,10,4,9,7,1,42,34609,0,1,1,-33.917978,150.894893,41,0,2,1,0,0,0,0,3,0,7,50,0,1945,1945,5,16,40,1,0,1,0,0
1247124,2,2020,2020,11,3,9,16,31,253,27,0,1,9,-33.969368,151.115286,25,0,2,1,2,0,0,0,0,0,0,60,1,2852,2852,4,5,18,2,0,0,1,0
1247126,4,2020,2020,9,3,6,13,3,370,256,0,1,10,-34.069186,150.814057,13,0,2,1,1,0,0,3,2,2,9,60,2,6545,6545,4,0,0,2,0,1,0,1
1247127,4,2020,2020,10,6,2,2209,17,59,2205,0,1,9,-34.329975,150.913923,80,0,2,1,2,0,0,0,0,2,7,60,2,256,256,4,5,13,2,0,1,0,0
1247129,4,2020,2020,10,4,5,9,1,77,4,0,1,9,-33.725831,151.083449,31,0,2,1,1,0,0,0,2,0,7,50,1,5929,5929,1,5,18,2,0,1,0,0
1247130,2,2020,2020,11,5,11,38,1,239,34609,0,1,0,-34.041277,151.121807,68,0,2,1,2,0,0,0,0,0,7,50,0,4026,4026,1,0,5,3,0,0,1,0
1247135,2,2020,2020,10,6,4,71,31,283,125,0,1,7,-33.846489,151.012833,21,0,2,0,3,0,0,0,2,0,7,60,1,926,926,4,22,5,2,0,0,1,0
1247148,1,2020,2020,9,2,6,361,23,143,38,0,1,10,-33.877422,151.103689,9,0,2,1,3,0,0,0,2,3,7,40,1,1391,1391,1,30,36,2,0,0,0,1
1247152,4,2020,2020,9,5,3,3,27,7,34609,0,1,1,-31.314654,146.821445,51,1,0,1,3,0,0,0,2,0,7,100,0,1089,1089,7,16,40,1,0,1,0,0
1247161,1,2020,2020,1,5,8,232,36,134,331,0,1,2,-33.961301,150.820882,41,0,2,1,3,0,0,0,2,0,7,70,2,14295,14295,3,5,5,2,0,0,0,1
1247165,1,2020,2020,9,5,7,145,27,125,34609,0,1,1,-33.865172,151.078508,67,0,2,1,3,0,0,0,2,0,7,50,0,214,214,9,5,28,3,0,0,0,1
1247166,2,2020,2020,10,1,7,60,27,239,167,0,1,10,-34.024304,151.120922,68,0,2,1,3,0,0,0,2,2,7,70,2,5929,5929,1,0,0,2,0,0,2,0
1247167,1,2020,2020,10,5,5,2126,17,140,2149,0,1,9,-33.78074,150.820151,7,0,2,1,3,0,3,3,2,2,7,80,2,2852,2852,4,0,5,2,0,0,0,1
1247168,4,2020,2020,10,5,11,2126,17,283,2149,0,1,9,-33.830024,151.010586,54,0,2,1,3,0,0,0,0,2,7,60,2,237,162,8,5,40,1,0,1,0,0
1247169,1,2020,2020,9,0,7,829,27,309,770,1,2,9,-33.819373,151.116732,61,0,2,1,3,0,0,0,2,2,7,40,2,14295,14295,3,9,0,2,0,0,0,1
1247171,2,2020,2020,9,5,9,26,31,75,34609,0,1,0,-33.88999,151.117015,32,0,2,1,3,0,0,0,2,0,7,50,0,9859,9859,8,0,40,1,0,0,1,0
1247173,1,2020,2020,9,1,4,7,31,130,34609,0,1,0,-33.874351,151.197799,69,0,2,1,3,0,0,0,2,0,7,40,0,941,941,1,5,5,3,0,0,0,1
1247174,1,2020,2020,9,4,5,2,27,323,34609,0,1,7,-33.755276,150.979176,71,0,2,1,3,0,3,4,2,0,0,50,0,14295,14295,3,10,5,2,0,0,0,2
1247175,1,2020,2020,9,6,4,829,27,165,770,0,1,2,-33.853241,151.156669,14,0,2,1,3,0,0,0,2,0,7,60,2,14295,14295,3,0,0,2,0,0,0,1
1247177,1,2020,2020,9,6,9,195,27,70,186,0,1,2,-33.877175,150.868136,24,0,2,1,3,0,0,0,2,0,7,70,2,14295,14295,3,5,0,2,0,0,0,1
1247181,4,2020,2020,10,0,4,109,36,90,108,0,1,2,-28.257776,153.524478,72,2,1,1,1,0,0,0,2,0,7,80,1,9859,9859,8,0,40,1,0,1,0,0
1247185,4,2020,2020,10,2,6,61,27,32,70,0,1,1,-33.681291,151.009286,71,0,2,1,1,0,0,0,2,0,7,70,1,144,144,1,5,27,2,0,1,0,0
1247194,2,2020,2020,9,6,4,515,14,294,518,0,1,3,-33.941947,150.942295,41,0,2,1,2,0,0,0,2,0,7,100,2,4026,4026,8,0,40,2,0,0,1,0
1247195,2,2020,2020,9,0,3,5,27,25,80,0,1,1,-33.014582,151.702935,37,0,2,1,1,0,0,0,2,0,7,60,1,9859,9859,1,5,5,2,0,0,1,0
1247196,2,2020,2020,9,5,4,1,1,43,34609,0,1,1,-33.215091,151.521687,16,2,2,1,1,0,0,0,2,0,7,50,0,214,214,9,30,28,2,0,0,1,0
1247197,4,2020,2020,11,2,7,31,27,197,69,0,1,1,-33.795981,151.145266,61,0,2,1,1,0,0,0,2,0,7,60,2,941,941,1,5,36,2,0,1,0,0
1247199,2,2020,2020,9,0,6,11,27,163,34609,0,1,0,-33.852115,151.106743,14,0,2,1,0,1,2,6,2,0,7,50,0,4026,4026,1,0,5,2,0,0,1,0
1247200,1,2020,2020,10,6,3,1052,14,160,928,0,1,3,-33.097517,151.464416,37,0,2,0,0,0,0,0,1,0,7,110,2,273,957,5,21,40,1,0,0,0,1
1247202,2,2020,2020,9,6,7,177,22,239,176,0,1,2,-34.043419,151.125407,68,0,2,1,1,0,0,0,2,0,7,70,2,14295,14295,3,0,13,3,0,0,1,2
1247206,1,2020,2020,11,1,7,4,31,163,34609,0,1,1,-33.856054,151.102995,14,0,2,1,2,0,0,0,2,0,7,50,0,368,368,9,5,28,2,0,0,0,1
1247210,1,2020,2020,11,1,7,224,27,169,321,0,1,10,-33.896661,151.199255,69,0,2,1,1,0,0,0,2,2,7,50,2,2040,2040,9,29,28,2,0,0,0,1
1247225,2,2020,2020,10,0,7,24,31,112,60,0,1,10,-36.052535,146.933525,0,2,1,1,1,0,0,0,2,2,7,60,1,5929,5929,1,30,36,2,0,0,2,0
1247232,2,2020,2020,9,2,5,178,31,32,34609,0,1,10,-32.359937,149.532708,44,2,1,1,1,0,0,0,2,0,0,50,0,6545,6545,4,0,13,2,0,0,2,0
1247233,4,2020,2020,10,6,6,21,36,35,34609,0,1,1,-31.060017,152.848553,34,1,0,1,0,0,0,0,2,0,7,100,0,4026,4026,8,5,40,1,0,1,0,0
1247234,4,2020,2020,10,0,4,3,31,16,34609,0,1,7,-33.795608,151.205236,77,0,2,1,1,0,0,0,2,0,0,50,0,6545,6545,4,0,27,2,0,1,0,0
1247237,4,2020,2020,10,6,8,12,27,30,34609,0,1,1,-34.201411,150.561353,79,2,2,0,0,0,3,4,2,0,7,80,0,3775,3775,0,10,5,2,0,1,0,0
1247238,2,2020,2020,9,3,6,204,31,562,34609,0,1,10,-32.255281,148.607387,22,2,1,1,1,0,0,0,2,0,0,50,0,6545,6545,4,5,0,2,0,0,1,0
1247239,2,2020,2020,9,1,10,21,27,147,34609,0,1,10,-33.884518,151.000351,15,0,2,1,2,0,0,0,0,0,0,60,0,6545,6545,4,0,5,2,0,0,1,0
1247243,1,2020,2020,10,5,11,515,14,243,518,0,1,3,-33.948475,150.890517,41,0,2,1,3,0,0,0,0,0,7,100,2,14295,14295,3,30,5,2,0,0,0,1
1247249,4,2020,2020,9,6,3,229,14,175,237,0,1,3,-33.7643,151.084881,54,0,2,0,1,0,0,0,2,0,7,100,2,1850,1463,5,16,40,1,0,1,0,0
1247253,2,2020,2020,9,1,6,50,36,11,43,0,1,1,-36.234719,148.177752,66,2,1,0,0,0,0,0,2,0,7,80,2,4552,5151,8,16,40,1,0,0,1,0
1247262,1,2020,2020,9,3,9,2261,17,187,2252,0,1,10,-33.889499,150.97312,24,0,2,1,3,0,0,0,3,3,7,70,2,1391,1391,1,5,5,2,0,0,0,2
1247266,1,2020,2020,9,4,3,16,31,44,27,0,1,10,-33.970114,151.115741,25,0,2,1,3,0,0,0,2,2,7,60,1,301,301,4,0,36,2,0,0,0,1
1247267,1,2020,2020,10,1,10,2126,17,149,2149,0,1,10,-33.81567,150.969464,21,0,2,1,3,0,0,0,0,2,7,80,2,14295,14295,3,0,5,2,0,0,0,1
1247271,2,2020,2020,10,4,10,2,31,204,34609,0,1,7,-33.933553,151.144496,4,0,2,1,3,0,3,4,0,0,0,50,0,9859,9859,8,15,40,1,0,0,1,0
1247274,1,2020,2020,11,5,5,133,31,161,51,0,1,1,-33.884216,151.149687,32,0,2,1,3,0,0,0,2,0,7,50,1,941,941,1,5,36,2,0,0,0,1
1247276,1,2020,2020,9,6,7,82,31,163,34609,0,1,1,-33.859219,151.107634,14,0,2,1,3,0,0,0,2,0,7,50,0,14295,14295,3,5,0,2,0,0,0,1
1247278,2,2020,2020,11,1,8,126,1,226,144,0,1,9,-33.773833,150.815628,7,0,2,1,3,0,0,0,2,2,7,60,2,2852,2852,4,5,36,2,0,0,2,0
1247280,4,2020,2020,11,6,8,866,17,174,793,0,1,10,-33.873744,150.925745,24,0,2,1,3,0,0,0,3,2,7,70,2,5929,5929,1,8,5,2,0,1,0,0
1247281,4,2020,2020,1,5,6,31,31,188,34609,0,1,10,-33.945742,151.099494,25,0,2,1,1,0,0,0,2,0,0,50,0,248,248,1,5,5,3,0,1,0,0
1247283,1,2020,2020,10,0,7,1052,27,69,262,0,1,2,-32.907609,151.696517,48,0,2,1,3,0,0,0,2,0,7,60,2,14295,14295,3,5,41,2,0,0,0,1
1247284,1,2020,2020,11,0,10,30,27,32,39,0,1,1,-35.369212,149.346493,58,1,0,1,0,0,0,0,0,0,7,90,1,9859,9859,8,5,40,1,0,0,0,1
1247285,2,2020,2020,10,3,8,6,27,24,34609,0,1,1,-33.400317,151.405814,16,2,2,0,3,0,3,4,2,0,7,60,0,4552,5151,8,9,40,1,0,0,1,0
1247287,2,2020,2020,10,0,5,78,31,62,6,0,1,10,-33.890668,151.148949,32,0,2,0,1,0,0,0,2,0,0,60,1,515,515,1,21,27,2,0,0,1,0
1247288,4,2020,2020,10,2,0,34,27,29,34609,0,1,1,-35.130438,147.340326,75,2,1,1,2,0,3,3,0,0,7,50,0,2040,2040,9,0,28,3,0,1,1,0
1247289,2,2020,2020,10,6,5,24,27,201,47,0,1,2,-33.996196,150.852656,13,0,2,1,1,0,0,0,2,0,7,60,1,5929,5929,1,9,5,2,0,0,2,1
1247292,2,2020,2020,10,2,10,3371,17,32,3342,0,1,2,-32.383586,152.263547,43,1,0,1,0,0,0,0,0,0,7,110,2,4026,4026,8,5,40,1,0,0,1,0
1247295,1,2020,2020,9,6,4,2126,17,80,2149,0,1,10,-33.887338,151.173558,32,0,2,1,3,0,0,0,2,2,7,60,2,1391,1391,1,5,0,2,0,0,0,1
1247296,1,2020,2020,10,5,4,1,10,337,34609,0,1,9,-33.743502,150.991102,71,0,2,1,3,0,3,3,2,0,7,50,0,1669,1669,3,0,13,2,0,0,0,1
1247297,1,2020,2020,1,3,0,43,2,104,42,0,1,10,-33.742799,150.943903,7,0,2,1,3,0,0,0,0,2,7,50,2,5929,5929,1,5,5,2,0,0,0,1
1247298,1,2020,2020,9,6,3,22,22,532,22,0,1,2,-33.858455,151.213683,69,0,2,1,3,0,0,3,2,0,7,80,2,14295,14295,3,10,5,2,0,0,0,1
1247299,1,2020,2020,10,6,8,6,23,86,34609,0,1,7,-33.747299,150.931793,7,0,2,1,3,0,0,0,0,0,0,50,0,14295,14295,3,0,5,2,0,0,0,1
1247300,1,2020,2020,9,4,5,6,10,316,34609,0,1,1,-31.471844,152.905655,56,2,1,1,3,0,0,0,2,0,7,50,0,1282,1282,1,0,5,2,0,0,0,1
1247314,2,2020,2020,10,0,8,204,31,28,82,1,0,9,-35.142521,147.350973,75,2,1,1,3,0,0,3,2,0,7,60,1,6545,6545,4,0,18,2,0,0,1,0
1247316,2,2020,2020,9,2,10,2209,17,157,2205,0,1,10,-34.019888,151.090391,68,0,2,1,3,0,0,0,0,2,7,70,2,2852,2852,4,0,18,2,0,0,1,0
1247317,2,2020,2020,10,6,9,916,17,105,917,0,1,7,-32.70677,151.497997,42,2,1,0,0,0,0,3,2,0,0,80,2,926,926,4,16,5,2,0,0,1,0
1247318,4,2020,2020,10,3,8,11,10,29,52,0,1,1,-34.091434,150.564683,79,1,2,0,0,0,3,4,3,0,7,100,1,1957,4009,8,10,40,1,0,1,0,0
1247319,2,2020,2020,11,4,9,14,31,42,34609,0,1,10,-35.352643,149.242754,58,2,1,1,2,0,0,0,3,0,0,50,0,6545,6545,4,5,13,2,0,0,1,1
1247322,2,2020,2020,9,4,2,512,17,10,441,0,1,1,-32.337757,148.761791,22,1,0,1,3,0,3,4,0,0,7,110,2,9859,9859,8,10,40,1,0,0,1,0
1247323,2,2020,2020,11,3,1,829,27,159,770,0,1,2,-33.806201,151.074611,61,0,2,1,2,0,0,0,0,0,7,70,2,9859,9859,8,0,40,1,0,0,1,0
1247325,2,2020,2020,10,4,4,149,27,68,198,0,1,2,-34.079496,151.009782,68,0,2,0,1,0,3,4,2,0,0,70,2,14295,14295,3,0,5,2,0,0,2,0
1247326,2,2020,2020,10,0,10,143,31,44,34609,0,1,7,-33.748993,150.730517,55,0,2,1,2,0,0,0,0,0,0,50,0,6545,6545,4,5,5,2,0,0,1,0
1247327,4,2020,2020,10,0,8,348,17,12,232,0,1,1,-33.054766,149.921855,44,1,0,0,0,0,0,0,2,0,7,100,2,96,96,0,10,5,3,0,1,1,1
1247330,1,2020,2020,11,5,9,24,31,290,28,0,1,7,-33.845196,150.976868,21,0,2,1,2,0,0,0,3,0,0,50,1,6545,6545,4,16,5,2,0,0,0,1
1247333,2,2020,2020,10,2,4,2261,17,35,2252,0,1,3,-34.387403,150.521603,78,1,0,1,0,0,3,4,2,0,7,110,2,9859,9859,8,10,40,1,0,0,1,0
1247334,4,2020,2020,9,1,8,11,10,29,52,0,1,9,-34.124355,150.558197,79,1,2,0,0,0,0,0,2,0,7,100,1,3775,3775,0,5,0,2,0,1,1,0
1247336,2,2020,2020,9,3,5,147,27,224,21,1,0,1,-33.829255,151.24412,45,0,2,1,1,0,0,0,2,0,7,50,1,387,387,1,22,5,2,0,0,1,0
1247338,1,2020,2020,0,3,7,866,17,278,793,0,1,9,-33.777737,151.05181,54,0,2,1,0,0,0,0,2,2,7,60,2,489,489,8,5,40,2,0,0,0,1
1247340,4,2020,2020,10,2,6,191,27,175,208,0,1,9,-33.781616,151.08399,54,0,2,1,1,0,0,0,2,0,15,60,2,5929,5929,1,5,27,2,0,1,0,0
1247344,4,2020,2020,9,5,6,10,27,1,34609,0,1,1,-30.725809,148.023371,51,2,1,1,0,2,0,0,2,0,7,50,0,14295,14295,3,10,2,2,0,2,0,0
1247349,4,2020,2020,10,0,5,161,17,6,161,0,1,1,-35.385954,148.293176,66,1,0,1,0,0,0,0,2,0,7,100,2,945,945,5,0,40,1,0,1,0,1
1247350,2,2020,2020,10,3,8,5,27,3,34609,0,1,1,-35.256973,149.899476,58,1,0,0,0,2,0,0,2,0,7,100,0,1259,5151,8,16,40,1,0,0,1,1
1247358,1,2020,2020,10,3,4,1,1,19,34609,0,1,0,-32.721824,151.992526,57,2,1,1,1,0,0,0,2,0,7,50,0,9859,9859,8,5,40,2,0,0,0,1
1247359,4,2020,2020,10,5,7,6,31,75,34609,0,1,10,-32.781714,151.639896,42,2,1,1,0,0,0,0,2,0,15,50,0,6545,6545,4,5,12,2,0,1,0,0
1247360,2,2020,2020,9,2,8,2,27,3,34609,0,1,1,-29.945335,151.040005,33,1,0,0,0,0,0,0,2,0,7,100,0,2585,4009,8,5,40,1,0,0,1,0
1247361,1,2020,2020,11,2,7,6,7,57,34609,0,1,1,-33.354612,151.442288,16,2,2,0,0,0,0,0,2,0,7,50,0,4552,5151,1,16,5,2,0,0,0,1
1247362,2,2020,2020,11,5,8,2,31,13,34609,0,1,1,-34.356201,150.493889,78,2,1,1,3,0,0,0,2,0,7,50,0,9859,9859,1,0,12,3,0,0,1,0