Crash ID,Degree of crash - detailed,Reporting year,Year of crash,Month of crash,Day of week of crash,Two-hour intervals,Street of crash,Street type,Town,Route no.,School zone location,School zone active,Type of location,Latitude,Longitude,LGA,Urbanisation,Conurbation 1,Alignment,Street lighting,Road surface,Surface condition,Weather,Natural lighting,Signals operation,Other traffic control,Speed limit,Road classification,RUM - code,DCA - code,First impact type,Key TU type,Other TU type,No. of traffic units involved,No. killed,No. seriously injured,No. moderately injured,No. minor-other injured
1247364,1,2020,2020,10,5,8,361,23,176,165,0,1,9,-33.965921,151.131238,25,0,2,1,1,0,0,0,3,1,7,50,1,14295,14295,3,5,0,2,0,0,0,1
1247365,4,2020,2020,10,1,6,3371,17,24,3342,0,1,2,-29.72429,153.124604,18,1,0,1,0,0,0,0,2,0,7,110,2,4026,4026,8,5,40,1,0,1,1,0
1247366,2,2020,2020,9,4,4,143,31,123,181,0,1,9,-33.882833,151.220574,81,0,2,1,1,0,0,0,2,0,7,50,2,1192,1192,1,27,27,3,0,0,1,0
1247367,4,2020,2020,10,0,9,361,27,61,34609,0,1,1,-33.738533,150.897871,7,0,2,1,0,0,0,0,2,0,7,50,0,14295,14295,3,5,36,2,0,1,1,0
1247372,2,2020,2020,10,3,9,225,17,76,180,0,1,1,-34.553932,150.39181,78,2,1,1,0,0,0,0,2,0,7,80,2,14295,14295,3,5,5,2,0,0,1,0
1247374,1,2020,2020,9,5,8,16,27,34,17,0,1,1,-34.992959,149.059889,82,1,0,0,0,0,0,0,2,0,7,100,1,14295,14295,3,3,5,2,0,0,0,1
1247375,4,2020,2020,10,5,5,87,1,225,34609,0,1,1,-33.796723,151.187257,77,0,2,1,1,0,0,0,2,0,7,40,0,387,387,1,22,5,3,0,1,0,0
1247376,1,2020,2020,11,2,5,2261,17,243,2252,0,1,9,-33.954924,150.896178,41,0,2,1,1,0,0,0,2,2,7,70,2,5929,5929,1,5,5,2,0,0,0,1
1247379,1,2020,2020,11,4,3,205,27,50,415,0,1,1,-33.681394,151.276258,50,0,2,0,0,0,0,0,2,0,7,40,2,1957,4009,8,29,40,1,0,0,0,1
1247380,2,2020,2020,9,1,8,361,23,253,165,0,1,9,-33.968658,151.104995,25,0,2,1,1,0,0,0,2,0,0,50,1,2852,2852,4,5,5,2,0,0,1,0
1247381,4,2020,2020,11,5,9,27,36,83,34609,0,1,1,-30.118242,153.192234,19,2,1,1,2,0,0,0,0,0,7,60,0,1220,1220,9,10,28,2,0,1,1,0
1247383,2,2020,2020,9,4,5,255,27,62,172,0,1,10,-32.925901,151.630294,37,0,2,1,1,0,0,0,2,2,7,60,2,5929,5929,1,5,5,2,0,0,3,0
1247385,2,2020,2020,10,1,4,120,36,35,148,0,1,9,-30.455314,152.911578,6,2,1,1,0,0,0,0,2,0,15,50,2,2852,2852,4,5,0,2,0,0,1,0
1247387,1,2020,2020,10,3,9,92,27,143,34609,0,1,1,-33.874102,151.104343,9,0,2,1,2,0,3,0,3,0,7,40,0,1282,1282,1,5,5,2,0,0,0,1
1247388,2,2020,2020,10,2,9,6,31,283,34609,1,0,9,-33.833617,151.008169,21,0,2,0,2,0,3,4,0,0,0,50,0,4552,5151,8,5,40,1,0,0,1,0
1247392,2,2020,2020,9,5,8,50,31,145,34609,0,1,10,-33.924729,151.115396,15,0,2,1,1,0,0,0,2,0,15,50,0,6545,6545,4,5,5,2,0,0,1,0
1247393,2,2020,2020,9,1,7,24,31,433,34609,0,1,10,-33.290391,149.09741,52,2,1,1,1,0,0,0,2,0,15,50,0,6545,6545,4,0,5,2,0,0,1,0
1247395,2,2020,2020,9,1,11,11,1,76,34609,0,1,1,-35.366935,150.476872,63,2,1,1,2,0,0,0,0,0,7,50,0,4026,4026,1,21,0,2,0,0,1,0
1247396,2,2020,2020,11,5,8,829,27,13,770,0,1,9,-33.806925,151.071529,61,0,2,1,1,0,0,0,2,0,7,70,2,14295,14295,3,10,5,2,0,0,1,0
1247397,2,2020,2020,9,5,5,149,36,120,81,0,1,10,-32.195125,152.513996,43,2,1,1,1,0,0,0,2,0,7,60,2,14295,14295,3,5,13,2,0,0,1,0
1247398,4,2020,2020,10,4,5,57,27,16,126,0,1,7,-32.748296,151.73742,57,2,1,1,0,0,0,0,2,0,0,80,2,926,926,4,16,5,2,0,1,0,0
1247400,4,2020,2020,9,6,8,2,31,107,34609,0,1,1,-29.695144,152.941713,18,2,1,0,1,0,0,0,2,0,7,50,0,1220,1220,9,5,28,2,0,1,0,0
1247401,4,2020,2020,11,5,3,125,1,137,34609,0,1,1,-34.043192,151.053148,68,0,2,1,1,0,0,0,2,0,7,50,0,190,190,1,22,13,2,0,1,0,0
1247402,2,2020,2020,10,0,10,109,27,95,382,0,1,10,-33.744447,150.84271,7,0,2,1,2,0,0,0,0,2,7,60,2,2852,2852,4,5,0,2,0,0,4,0
1247404,2,2020,2020,10,5,10,1,7,85,34609,0,1,1,-33.902236,150.883078,41,0,2,0,3,0,0,0,0,0,7,50,0,4552,5151,1,0,0,3,0,0,1,0
1247408,1,2020,2020,10,3,11,34,27,2,31,0,1,1,-35.803679,149.630563,58,1,0,0,0,0,0,0,0,0,7,100,1,2585,4009,8,10,40,1,0,0,0,1
1247413,2,2020,2020,10,6,6,387,27,433,40,0,1,9,-33.315875,149.091494,52,2,1,1,1,0,0,0,2,2,7,60,1,2852,2852,4,5,5,2,0,0,2,0
1247415,1,2020,2020,10,4,4,92,27,129,244,1,2,10,-33.895616,151.107284,15,0,2,1,3,0,0,0,2,0,7,40,2,5929,5929,1,5,5,2,0,0,0,1
1247416,1,2020,2020,9,4,7,100,27,323,100,0,1,2,-33.789577,150.854704,7,0,2,0,3,0,0,0,2,0,7,60,2,14295,14295,3,8,0,2,0,0,0,1
1247419,2,2020,2020,9,6,9,72,27,72,56,0,1,10,-33.796564,151.065263,61,0,2,1,3,0,0,0,3,2,7,60,2,1850,777,5,5,40,1,0,0,1,0
1247422,2,2020,2020,5,1,9,157,17,6,158,0,1,1,-33.450208,149.496265,3,1,0,0,3,0,0,0,0,0,7,100,2,273,957,5,10,40,1,0,0,1,0
1247424,2,2020,2020,10,5,5,65,27,202,563,0,1,10,-33.941376,151.035262,15,0,2,1,3,0,0,3,2,0,15,70,2,2852,2852,4,5,13,2,0,0,1,0
1247427,2,2020,2020,10,3,7,114,27,4,65,0,1,1,-33.416296,151.15087,16,2,2,0,3,0,3,3,2,0,7,70,1,4552,5151,8,10,40,1,0,0,1,0
1247428,1,2020,2020,11,4,4,158,27,46,207,0,1,10,-33.878549,151.235181,81,0,2,1,3,0,0,0,2,2,7,60,2,1669,1669,3,10,5,2,0,0,0,1
1247429,1,2020,2020,9,1,4,4,10,30,34609,0,1,9,-34.046329,150.768047,12,0,2,1,3,0,0,0,2,0,7,50,0,5929,5929,1,5,5,2,0,0,0,1
1247434,4,2020,2020,10,2,7,158,27,46,207,0,1,10,-33.878683,151.235254,81,0,2,1,0,0,3,4,2,3,7,60,2,1945,1945,5,15,40,1,0,1,0,0
1247436,2,2020,2020,9,6,7,1104,14,323,962,0,1,3,-33.799434,150.859548,7,0,2,1,1,0,0,0,2,0,7,100,2,14295,14295,3,8,13,3,0,0,1,0
1247438,2,2020,2020,10,4,4,114,27,34,228,0,1,1,-33.481136,150.956056,71,0,2,0,0,0,0,0,2,0,7,80,2,1259,5151,8,30,40,1,0,0,1,0
1247440,1,2020,2020,9,2,5,73,24,65,88,0,1,9,-33.708886,151.284059,50,0,2,0,1,0,0,0,2,0,0,70,2,2852,2852,4,33,5,2,0,0,0,1
1247441,4,2020,2020,10,4,8,283,27,253,702,1,0,10,-33.971736,151.099688,25,0,2,1,0,0,0,0,2,0,0,60,2,6545,6545,4,0,36,2,0,2,0,0
1247442,4,2020,2020,9,1,4,18,1,112,34609,0,1,9,-33.906604,151.208073,69,0,2,1,1,0,3,4,2,0,9,50,0,1945,1945,5,15,40,1,0,1,0,0
1247443,1,2020,2020,9,6,3,232,36,134,331,0,1,10,-33.975822,150.809583,12,0,2,1,1,0,0,0,2,2,7,80,2,14295,14295,3,33,5,3,0,0,0,1
1247447,2,2020,2020,9,6,4,77,27,17,58,0,1,1,-34.681658,150.51124,63,2,1,0,0,0,0,3,2,0,7,60,2,4552,5151,8,8,40,1,0,0,1,0
1247448,2,2020,2020,9,3,7,2209,17,59,2205,0,1,10,-34.33726,150.910815,80,0,2,0,1,0,0,0,2,2,7,60,2,14295,14295,3,0,5,3,0,0,1,0
1247449,1,2020,2020,11,5,4,20,10,83,34609,0,1,2,-33.884899,150.853022,41,0,2,0,3,0,0,0,2,0,7,50,0,4552,5151,1,5,5,2,0,0,0,1
1247450,1,2020,2020,10,5,8,59,27,271,42,0,1,9,-33.941287,151.018417,15,0,2,1,1,0,0,0,3,2,7,60,1,5929,5929,1,0,5,2,0,0,0,2
1247453,1,2020,2020,10,2,7,4,31,143,34609,0,1,10,-33.879054,151.098559,9,0,2,1,3,0,3,4,2,0,15,50,0,29,29,6,5,13,2,0,0,0,1
1247454,2,2020,2020,10,2,7,44,31,237,34609,0,1,10,-33.868526,150.955521,24,0,2,1,3,0,0,0,2,2,7,40,0,14295,14295,3,9,5,3,0,0,1,0
1247456,1,2020,2020,9,1,4,1104,14,323,962,0,1,3,-33.797717,150.85344,7,0,2,1,3,0,0,0,2,0,7,100,2,14295,14295,3,5,5,2,0,0,0,1
1247457,2,2020,2020,10,6,4,80,27,316,34609,0,1,9,-33.913488,151.244697,59,0,2,0,3,0,0,3,2,0,7,50,0,515,515,1,15,13,2,0,0,1,0
1247460,2,2020,2020,9,2,11,22,10,108,57,0,1,1,-28.848203,153.545067,2,2,1,1,0,0,3,4,0,0,7,80,1,1089,1089,7,5,40,1,0,0,1,1
1247461,2,2020,2020,9,4,4,3371,17,225,3342,0,1,9,-33.801388,151.179644,77,0,2,1,1,0,3,4,2,0,7,60,2,1282,1282,1,5,40,3,0,0,1,0
1247463,2,2020,2020,1,1,6,19,27,11,16,0,1,3,-31.50994,152.580177,56,2,1,0,0,0,0,0,2,0,7,80,1,1259,5151,8,16,40,1,0,0,1,0
1247465,1,2020,2020,10,3,0,196,10,34,168,0,1,1,-33.9793,151.000056,15,0,2,0,2,0,0,0,0,0,7,60,2,782,957,5,5,40,1,0,0,0,1
1247466,2,2020,2020,11,4,9,3,14,532,770,0,1,10,-33.873004,151.204112,69,0,2,1,2,0,0,0,0,2,7,40,2,1945,1945,5,16,40,1,0,0,1,0
1247467,2,2020,2020,9,0,7,22,27,151,10,0,1,2,-34.025905,150.833962,13,0,2,1,3,0,0,0,2,0,7,50,1,14295,14295,3,10,13,2,0,0,1,0
1247468,2,2020,2020,10,0,3,13,31,120,81,0,1,2,-32.186663,152.515821,43,2,1,1,1,0,0,0,2,0,7,50,2,4026,4026,8,30,40,1,0,0,1,0
1247469,4,2020,2020,10,3,10,16,27,22,34609,0,1,9,-31.876079,152.509178,43,1,0,0,0,0,3,4,0,0,7,90,0,1957,4009,8,0,40,1,0,1,0,0
1247470,2,2020,2020,9,2,11,2,18,31,34609,0,1,9,-31.047564,150.850239,70,2,1,1,2,0,0,0,0,0,0,80,0,489,489,8,10,40,1,0,0,1,0
1247471,4,2020,2020,9,3,5,8,10,31,231,0,1,1,-33.50839,151.344912,16,2,2,1,0,0,0,0,2,0,7,70,2,1669,1669,3,5,27,2,0,1,0,0
1247473,4,2020,2020,10,6,11,125,31,438,44,0,1,2,-33.847296,151.031098,21,0,2,1,2,0,3,4,0,2,9,50,1,2040,2040,9,5,28,2,0,1,0,0
1247474,2,2020,2020,11,1,3,5,2,251,34609,0,1,10,-33.786154,150.935031,7,0,2,1,1,0,0,0,2,0,0,50,0,6545,6545,4,5,0,2,0,0,1,1
1247477,2,2020,2020,10,6,5,265,17,74,193,0,1,10,-34.644297,148.024367,20,2,1,1,0,0,0,0,2,0,0,50,2,6545,6545,4,5,0,2,0,0,1,1
1247478,2,2020,2020,10,1,8,18,31,166,34609,0,1,1,-33.408816,149.573248,3,2,1,1,3,0,3,4,3,0,7,50,0,1981,1981,4,5,5,2,0,0,1,0
1247479,4,2020,2020,10,4,5,387,27,91,331,0,1,9,-33.961009,151.076614,25,0,2,1,0,0,0,0,2,3,7,60,2,3775,3775,0,5,5,2,0,1,0,1
1247481,2,2020,2020,11,1,7,39,27,57,147,0,1,9,-28.636607,153.560354,10,2,1,1,1,0,0,0,2,0,0,60,1,9859,9859,8,0,40,1,0,0,1,0
1247482,4,2020,2020,10,3,5,512,17,11,441,0,1,9,-33.334422,149.154461,52,1,0,1,0,0,3,4,2,0,0,100,2,1109,787,1,5,0,2,0,3,0,3
1247483,4,2020,2020,10,2,6,23,27,104,144,0,1,9,-33.795487,150.806457,55,0,2,0,1,0,0,0,2,0,0,60,2,5929,5929,1,5,5,2,0,1,2,0
1247487,2,2020,2020,10,0,1,4,7,22,34609,0,1,1,-33.642357,150.800766,29,2,2,0,2,0,0,1,0,0,7,50,0,2585,4009,1,10,5,2,0,0,1,0
1247488,4,2020,2020,10,4,9,103,27,29,256,0,1,1,-34.213724,150.79957,79,1,2,0,0,0,0,0,0,0,7,90,2,3775,3775,0,5,5,2,0,1,1,0
1247489,4,2020,2020,10,4,8,175,27,609,220,1,0,10,-33.757919,150.914405,7,0,2,1,1,0,0,0,2,2,7,70,2,6545,6545,4,0,5,3,0,1,0,0
1247492,4,2020,2020,11,5,3,3371,17,65,3342,0,1,2,-33.371927,151.376283,16,2,2,1,1,0,0,0,1,0,7,60,2,9859,9859,8,30,40,1,0,1,0,0
1247496,2,2020,2020,1,5,5,1,27,9,20,0,1,1,-35.209018,146.747777,51,1,0,1,0,0,0,0,2,0,7,100,1,14295,14295,3,0,41,2,0,0,2,0
1247500,4,2020,2020,11,1,6,3,27,2,34609,0,1,1,-32.5709,151.21552,64,2,1,1,0,0,0,0,2,0,7,80,0,4026,4026,8,10,40,1,0,1,0,1
1247502,4,2020,2020,11,0,8,171,31,273,34609,0,1,1,-34.420518,150.900363,80,0,2,1,1,0,3,0,2,0,7,50,0,14295,14295,3,33,27,2,0,1,1,0
1247503,2,2020,2020,1,0,11,4,31,132,34609,0,1,1,-29.77537,151.114445,33,2,1,1,2,0,0,0,0,0,7,50,0,9859,9859,8,30,40,1,0,0,2,0
1247505,4,2020,2020,1,3,7,8,27,121,34609,0,1,1,-28.193136,153.525672,72,2,1,1,0,0,0,0,2,0,7,50,0,3775,3775,0,0,5,5,0,2,2,3
1247506,4,2020,2020,9,1,6,8,27,252,21,0,1,2,-33.929957,150.87315,41,0,2,1,3,0,3,0,2,2,7,50,2,5929,5929,1,5,41,2,0,1,0,0
1247510,1,2020,2020,11,6,8,89,36,123,81,0,1,1,-33.770879,148.589295,51,1,0,1,0,0,3,3,2,0,7,100,2,312,312,2,34,40,1,0,0,0,1
1247519,1,2020,2020,11,6,11,2261,17,243,2252,0,1,2,-33.954709,150.896654,41,0,2,1,3,0,0,0,0,0,7,70,2,1391,1391,1,5,5,2,0,0,0,1
1247520,1,2020,2020,9,1,8,17,36,68,19,0,1,9,-34.817965,148.901452,82,2,1,1,3,0,0,0,2,0,0,70,1,623,623,3,0,5,2,0,0,0,1
1247521,1,2020,2020,9,1,9,60,27,239,167,1,0,9,-34.034229,151.118851,68,0,2,1,3,0,0,0,0,0,7,70,2,14295,14295,3,0,0,3,0,0,0,1
1247522,1,2020,2020,10,2,6,83,31,523,34609,0,1,10,-33.919827,150.921783,41,0,2,1,3,0,0,3,2,2,7,50,0,14295,14295,3,5,0,2,0,0,0,1
1247524,1,2020,2020,9,1,8,229,14,36,237,0,1,3,-33.761206,151.069199,54,0,2,0,3,0,0,0,2,0,7,100,2,14295,14295,3,10,5,3,0,0,0,1
1247527,1,2020,2020,9,0,8,12,27,84,34609,0,1,1,-33.782726,151.112307,61,0,2,1,3,0,0,0,2,0,7,50,0,14295,14295,3,5,0,3,0,0,0,1
1247528,4,2020,2020,10,0,5,1,4,18,34609,0,1,9,-34.508337,150.802277,80,0,2,1,3,0,0,0,2,0,7,50,0,9859,9859,8,5,40,1,0,1,1,0
1247529,1,2020,2020,9,2,6,330,27,65,605,0,1,9,-33.707848,151.29666,50,0,2,1,3,0,0,0,2,1,7,70,2,14295,14295,3,5,0,2,0,0,0,1
1247530,2,2020,2020,9,3,7,127,27,48,103,0,1,9,-32.915596,151.748569,48,0,2,1,3,0,0,0,2,2,7,60,1,2852,2852,4,34,12,2,0,0,1,0
1247531,2,2020,2020,10,5,7,220,27,251,222,0,1,2,-33.765371,150.958157,7,0,2,1,3,0,0,0,2,0,7,80,2,1383,1383,1,5,0,2,0,0,2,0
1247534,1,2020,2020,10,5,5,54,27,646,30,0,1,9,-33.914639,151.040054,15,0,2,1,3,0,0,0,2,2,9,60,1,14295,14295,3,5,0,2,0,0,0,1
1247537,1,2020,2020,9,5,4,11,27,20,34609,0,1,7,-33.97488,151.096803,25,0,2,1,3,0,0,0,2,0,0,50,0,14295,14295,3,5,13,3,0,0,0,1
1247538,1,2020,2020,10,5,4,1052,14,83,928,0,1,3,-33.483818,151.184831,16,1,2,0,3,0,3,4,2,0,7,90,2,1259,5151,8,10,40,1,0,0,0,1
1247541,1,2020,2020,10,5,8,14,31,283,34609,0,1,1,-33.841285,151.009464,21,0,2,1,3,0,0,0,2,0,7,50,0,14295,14295,3,5,5,2,0,0,0,1
1247542,2,2020,2020,10,2,10,475,10,42,268,0,1,9,-33.888275,150.881226,24,0,2,0,2,0,3,4,0,2,7,70,2,5929,5929,1,5,5,2,0,0,1,0
1247547,2,2020,2020,9,2,6,829,27,165,770,0,1,2,-33.855974,151.15923,14,0,2,1,3,0,0,0,2,0,7,60,2,1383,1383,1,0,5,3,0,0,1,1
1247548,2,2020,2020,10,2,5,103,27,41,256,0,1,7,-34.114125,150.797801,13,0,2,1,3,0,0,0,2,0,0,70,2,14295,14295,3,5,36,2,0,0,1,0
1247553,4,2020,2020,9,0,6,8,27,7,36,0,1,1,-33.60211,150.895699,29,2,2,0,0,0,0,0,2,0,7,70,1,273,957,5,16,40,1,0,1,0,0
1247554,4,2020,2020,10,0,5,204,27,134,34609,0,1,1,-33.511156,151.325481,16,2,2,1,0,0,0,0,2,0,7,60,0,1109,787,1,5,13,3,0,1,0,0
1247555,2,2020,2020,9,2,8,481,17,562,483,0,1,10,-32.234055,148.611257,22,2,1,1,3,0,0,0,2,0,0,60,2,6545,6545,4,5,5,2,0,0,1,0
1247556,4,2020,2020,1,4,8,19,27,58,34609,1,0,7,-34.051784,151.131673,68,0,2,1,0,0,0,0,3,0,0,50,0,6545,6545,4,30,19,2,0,1,0,0
1247558,4,2020,2020,9,2,5,24,27,12,31,0,1,1,-28.735845,153.071727,60,1,0,1,0,0,0,0,2,0,7,100,1,9859,9859,8,10,40,1,0,1,1,0
1247560,1,2020,2020,9,6,7,6,27,60,32,0,1,9,-33.833734,151.144082,51,0,2,1,1,0,0,0,2,0,7,50,1,515,515,1,10,0,2,0,0,0,1
1247561,1,2020,2020,9,0,6,40,27,108,34609,0,1,1,-33.813654,151.189219,77,0,2,1,1,0,0,0,2,0,7,50,0,1945,1945,5,22,40,1,0,0,0,1
1247562,4,2020,2020,9,1,5,18,10,53,18,0,1,1,-33.771623,151.144426,36,0,2,0,0,0,0,0,2,0,7,60,1,3775,3775,0,0,5,2,0,1,1,0
1247565,2,2020,2020,5,6,8,44,31,160,260,0,1,1,-33.112755,151.478695,37,0,2,1,2,0,0,0,0,0,7,60,2,14295,14295,3,10,5,3,0,0,1,0
1247566,1,2020,2020,9,4,5,481,17,155,483,0,1,9,-33.124283,148.174094,53,2,1,1,1,0,0,0,2,0,0,50,2,926,926,4,10,5,2,0,0,0,1
1247569,4,2020,2020,9,4,7,10,27,4,34609,0,1,1,-29.872134,152.520494,18,1,0,0,0,2,0,0,2,0,7,100,0,1850,1463,5,16,40,1,0,1,0,0
1247570,1,2020,2020,9,4,4,76,23,169,34609,0,1,9,-33.771823,150.841636,7,0,2,1,0,0,0,0,2,0,7,50,0,14295,14295,3,0,5,2,0,0,0,1
1247571,4,2020,2020,9,4,5,334,17,56,308,0,1,1,-31.457367,152.732435,56,2,1,1,1,0,0,0,2,0,9,50,2,1220,1220,9,10,28,2,0,1,0,0
1247573,4,2020,2020,9,2,6,83,27,16,72,0,1,1,-28.754017,153.357013,39,1,0,0,0,0,0,0,2,0,7,100,2,14295,14295,3,8,25,2,0,1,0,0
1247574,1,2020,2020,10,4,7,2,1,62,34609,0,1,1,-34.077019,150.809849,13,0,2,1,1,0,0,0,2,0,7,50,0,312,312,2,5,40,2,0,0,0,1
1247577,2,2020,2020,9,1,10,48,31,33,45,0,1,10,-33.419033,151.343475,16,2,2,1,2,0,0,0,0,1,7,60,1,5929,5929,1,5,0,2,0,0,1,0
1247582,1,2020,2020,9,3,8,42,27,134,30,0,1,9,-33.894397,151.249997,76,0,2,1,0,0,0,0,2,0,7,50,1,941,941,1,5,18,2,0,0,0,1
1247585,2,2020,2020,11,2,6,1,10,45,34609,0,1,1,-33.810245,150.790822,55,0,2,1,0,0,0,3,2,0,7,50,0,4026,4026,1,16,0,2,0,0,1,0
1247590,2,2020,2020,10,2,6,168,17,13,212,0,1,1,-35.551706,149.941865,58,2,1,0,0,0,0,0,2,0,7,70,2,4552,5151,8,16,40,1,0,0,1,0
1247592,2,2020,2020,10,3,2,3371,17,107,3342,0,1,1,-33.269316,151.440801,16,2,2,1,2,0,3,4,0,0,7,70,2,14295,14295,3,5,5,2,0,0,1,1
1247595,4,2020,2020,1,3,8,84,10,6,80,0,1,1,-34.24981,150.975297,80,0,2,0,0,0,0,0,2,0,7,60,2,4552,5151,8,34,40,1,0,1,1,0
1247597,2,2020,2020,9,2,6,2261,17,523,2252,0,1,2,-33.937678,150.913668,41,0,2,1,2,0,0,0,2,0,7,60,2,312,312,2,0,40,1,0,0,1,0
1247601,4,2020,2020,1,6,10,387,27,290,331,0,1,9,-33.944143,151.129108,4,0,2,1,2,0,0,0,0,0,7,60,2,5929,5929,1,5,18,2,0,1,1,0
1247602,4,2020,2020,1,4,4,11,36,11,13,0,1,1,-32.776793,148.680167,11,1,0,1,0,0,0,0,2,0,7,100,1,83,83,5,5,40,1,0,1,1,0
1247604,2,2020,2020,11,2,6,5,10,228,34609,0,1,1,-34.735317,149.724494,26,2,1,0,0,0,0,3,2,0,7,50,0,4552,5151,8,0,40,1,0,0,1,0
1247608,2,2020,2020,11,0,7,7,27,10,34609,0,1,1,-34.753697,149.632224,26,1,0,0,0,0,0,0,2,0,7,100,0,4552,5151,8,5,40,1,0,0,1,0
1247614,4,2020,2020,10,3,5,3,27,4,34609,0,1,1,-28.325069,153.226901,72,1,0,0,0,0,0,0,2,0,7,100,0,14295,14295,3,16,19,2,0,1,0,1
1247615,4,2020,2020,11,2,0,255,27,62,172,0,1,9,-32.924128,151.615823,37,0,2,1,2,0,0,0,0,2,7,60,2,2852,2852,4,19,5,2,0,4,2,4
1247620,4,2020,2020,10,5,7,103,27,370,256,0,1,9,-34.072218,150.810365,13,0,2,1,1,0,0,0,2,1,7,60,2,190,190,1,5,5,2,0,1,0,0
1247621,4,2020,2020,10,1,8,7,27,8,34609,0,1,1,-30.705854,150.828689,70,1,0,0,0,0,0,0,2,0,7,100,0,3775,3775,0,10,36,2,0,3,0,0
1247623,2,2020,2020,10,2,1,512,17,433,441,0,1,7,-33.282701,149.093698,52,2,1,1,2,0,3,4,0,0,0,50,2,9859,9859,8,10,40,1,0,0,1,0
1247625,1,2020,2020,11,6,10,6,27,14,34609,0,1,1,-30.146676,153.019048,19,2,1,0,0,0,0,0,0,0,7,80,0,2585,4009,8,5,40,1,0,0,0,3
1247627,4,2020,2020,10,4,8,205,27,161,415,0,1,10,-33.727898,151.164528,36,0,2,1,3,0,0,0,3,2,7,60,2,29,29,6,0,40,2,0,1,0,0
1247629,2,2020,2020,11,0,5,10,27,9,13,0,1,1,-32.85749,144.218257,51,1,0,1,1,2,0,0,2,0,7,100,1,1945,1945,5,16,40,1,0,0,1,0
1247631,4,2020,2020,10,2,11,1,27,2,34609,0,1,1,-32.961458,149.960708,44,1,0,1,0,0,0,0,0,0,7,100,0,1089,1089,7,0,40,1,0,1,0,0
1247632,1,2020,2020,11,3,8,7,18,43,42,0,1,1,-33.576569,150.806114,29,2,2,1,0,0,0,0,3,0,7,80,1,9859,9859,8,0,40,1,0,0,0,1
1247633,1,2020,2020,9,3,0,2,27,30,34609,0,1,1,-34.853143,147.590233,51,2,1,0,0,0,0,0,0,0,7,60,0,4552,5151,8,5,40,1,0,0,0,1
1247634,4,2020,2020,9,2,10,225,17,85,180,1,0,9,-34.570935,150.772596,62,0,2,1,2,0,0,0,0,2,9,50,2,2040,2040,9,5,28,2,0,1,0,0
1247638,2,2020,2020,10,0,4,2126,17,80,2149,0,1,1,-33.75567,150.652973,55,0,2,1,0,0,0,0,2,0,7,60,2,1282,1282,1,33,5,2,0,0,1,0
1247639,2,2020,2020,10,4,8,38,31,246,64,0,1,9,-33.909651,151.199138,69,0,2,1,1,0,3,0,2,0,7,50,2,14295,14295,3,0,5,3,0,0,1,0
1247640,4,2020,2020,10,6,9,361,31,32,42,0,1,1,-33.860564,150.979099,24,0,2,1,2,0,0,0,3,0,7,60,1,941,941,1,0,5,3,0,1,1,0
1247641,4,2020,2020,10,0,7,4,36,44,34609,0,1,10,-32.413046,152.208894,43,2,1,0,1,0,0,0,2,0,0,50,0,775,775,4,0,12,2,0,1,1,0
1247642,2,2020,2020,9,2,9,7,31,179,34609,0,1,1,-31.889172,152.45826,43,2,1,1,1,0,0,3,2,0,7,50,0,4026,4026,8,0,40,1,0,0,1,0
1247644,4,2020,2020,10,0,7,177,31,77,208,0,1,9,-33.863633,150.95105,24,0,2,1,1,0,0,0,2,2,7,60,1,14295,14295,3,5,12,2,0,1,0,0
1247646,1,2020,2020,9,4,8,12,31,58,34609,0,1,9,-32.982619,151.669418,37,0,2,1,3,0,0,0,2,0,0,60,0,14295,14295,3,0,13,2,0,0,0,1
1247647,4,2020,2020,10,6,8,36,27,39,34609,0,1,2,-34.032844,150.758072,12,0,2,1,1,0,0,0,2,0,7,60,0,4026,4026,8,5,40,1,0,1,0,0
1247649,1,2020,2020,9,0,8,44,31,160,260,0,1,1,-33.108079,151.48848,37,0,2,1,3,0,0,0,2,0,7,50,2,14295,14295,3,30,13,2,0,0,0,1
1247650,2,2020,2020,9,1,8,1104,14,460,962,0,1,3,-33.826341,150.992762,54,0,2,1,3,0,0,0,2,0,7,90,2,14295,14295,3,5,5,3,0,0,1,0
1247651,4,2020,2020,10,4,8,334,17,22,308,0,1,1,-31.327384,151.978237,51,1,0,0,0,0,3,4,2,0,7,100,2,4552,5151,8,16,40,1,0,1,0,0
1247652,1,2020,2020,9,0,8,2126,17,323,2149,0,1,2,-33.789245,150.856566,7,0,2,1,3,0,0,0,2,0,7,80,2,1391,1391,1,10,5,2,0,0,0,1
1247654,2,2020,2020,11,4,7,255,27,35,166,0,1,9,-33.268539,151.556425,16,2,2,1,0,0,0,0,2,0,7,50,2,14295,14295,3,0,0,3,0,0,1,0
1247655,2,2020,2020,9,5,8,2,1,138,34609,0,1,1,-33.871333,151.266226,81,0,2,1,1,0,0,0,2,0,7,50,0,475,475,5,5,40,1,0,0,2,0
1247657,1,2020,2020,9,0,4,14,27,204,34609,0,1,1,-33.893158,150.947969,24,0,2,1,3,0,0,0,2,0,7,50,0,1109,787,1,5,12,3,0,0,0,1
1247661,1,2020,2020,9,3,10,1052,14,54,928,0,1,3,-33.459158,151.200668,16,1,2,1,3,0,0,0,0,0,7,110,2,1282,1282,1,9,5,2,0,0,0,1