Crash ID,Degree of crash - detailed,Reporting year,Year of crash,Month of crash,Day of week of crash,Two-hour intervals,Street of crash,Street type,Town,Route no.,School zone location,School zone active,Type of location,Latitude,Longitude,LGA,Urbanisation,Conurbation 1,Alignment,Street lighting,Road surface,Surface condition,Weather,Natural lighting,Signals operation,Other traffic control,Speed limit,Road classification,RUM - code,DCA - code,First impact type,Key TU type,Other TU type,No. of traffic units involved,No. killed,No. seriously injured,No. moderately injured,No. minor-other injured
1247662,2,2020,2020,9,2,4,9,1,48,34609,0,1,7,-32.71775,152.159801,57,2,1,1,3,0,0,0,2,0,0,50,0,1282,1282,1,22,0,2,0,0,1,0
1247664,1,2020,2020,9,6,5,45,27,304,96,1,0,1,-33.905035,151.156723,32,0,2,1,3,0,0,0,2,0,7,60,2,14295,14295,3,10,5,2,0,0,0,1
1247667,1,2020,2020,9,6,4,117,27,73,702,0,1,2,-33.828718,151.089098,14,0,2,1,3,0,0,0,2,0,7,70,2,1282,1282,1,5,40,2,0,0,0,1
1247668,1,2020,2020,9,5,6,128,27,74,133,0,1,9,-33.770812,150.673787,55,0,2,1,3,0,0,0,2,1,7,60,2,1282,1282,1,10,5,2,0,0,0,1
1247672,1,2020,2020,9,4,7,9,27,9,34609,0,1,7,-32.731284,152.11092,57,2,1,1,1,0,0,0,2,0,0,50,0,2040,2040,9,30,28,2,0,0,0,1
1247674,2,2020,2020,9,4,4,92,31,363,34609,0,1,9,-33.752086,150.690987,55,0,2,1,1,0,0,0,2,2,7,50,0,5929,5929,1,5,13,2,0,0,1,1
1247675,1,2020,2020,9,4,6,25,31,23,55,0,1,1,-33.819251,150.991431,21,0,2,1,1,0,0,0,2,0,7,60,1,941,941,1,0,12,2,0,0,0,1
1247676,1,2020,2020,9,0,9,33,27,16,41,0,1,9,-33.746819,150.744969,55,0,2,1,1,0,0,0,2,0,15,50,1,2852,2852,4,0,5,2,0,0,0,1
1247677,1,2020,2020,10,5,7,234,27,54,217,0,1,9,-33.714659,151.016143,71,0,2,1,0,0,0,0,2,2,7,60,2,14295,14295,3,30,5,2,0,0,0,1
1247678,4,2020,2020,9,1,7,3371,17,225,3342,0,1,9,-33.800062,151.179257,77,0,2,0,0,0,0,0,2,0,7,60,2,2040,2040,9,5,28,2,0,1,0,0
1247679,2,2020,2020,9,2,9,31,27,21,33,0,1,1,-33.578495,150.653956,29,2,2,0,0,0,3,4,3,0,7,60,1,1957,4009,8,10,40,1,0,0,1,0
1247686,1,2020,2020,1,2,9,2261,17,15,2252,0,1,9,-35.136203,148.009225,20,1,0,1,0,0,0,0,0,0,0,110,2,6545,6545,4,0,5,2,0,0,0,1
1247691,1,2020,2020,10,6,3,308,14,95,311,0,1,3,-33.737979,150.847978,7,0,2,1,1,0,3,4,2,0,7,100,2,14295,14295,3,33,10,3,0,0,0,1
1247692,1,2020,2020,9,1,9,348,17,8,232,0,1,9,-32.479696,149.506813,44,1,0,0,0,0,3,0,2,0,0,100,2,1850,1463,5,29,40,1,0,0,0,1
1247696,2,2020,2020,9,3,5,45,31,43,34609,0,1,10,-32.553076,148.955395,22,2,1,1,0,0,0,3,2,0,0,50,0,6545,6545,4,5,10,2,0,0,2,0
1247698,1,2020,2020,11,6,9,168,17,5,212,0,1,1,-35.245277,149.588718,58,1,0,0,0,0,3,4,0,0,7,100,2,1850,1463,5,10,40,1,0,0,0,1
1247699,4,2020,2020,10,3,6,77,27,17,58,0,1,1,-34.684111,150.500775,63,2,1,0,1,0,0,0,2,0,7,60,2,1850,1463,5,16,40,1,0,1,0,0
1247700,4,2020,2020,9,3,7,3371,17,73,3342,1,0,2,-33.780266,151.169453,36,0,2,0,0,0,3,4,2,0,7,60,2,1957,4009,8,5,40,1,0,1,0,0
1247701,1,2020,2020,11,0,8,3,1,85,34609,0,1,9,-32.940552,151.713217,48,0,2,1,1,0,0,0,2,0,7,60,0,14295,14295,3,0,5,2,0,0,0,2
1247703,2,2020,2020,10,6,9,51,31,30,34609,0,1,10,-33.859162,151.138322,14,0,2,1,1,0,0,0,2,0,15,50,0,1945,1945,5,15,40,1,0,0,1,0
1247704,2,2020,2020,9,4,7,234,27,112,217,0,1,1,-33.655841,151.021176,71,0,2,1,0,0,0,0,2,0,7,70,2,1669,1669,3,8,0,2,0,0,1,0
1247708,1,2020,2020,11,0,7,45,27,74,45,0,1,10,-33.739535,151.036774,31,0,2,1,1,0,0,0,2,2,9,60,2,591,591,1,22,13,2,0,0,0,1
1247709,2,2020,2020,9,2,4,204,31,228,34609,0,1,7,-34.748486,149.720463,26,2,1,1,0,0,0,0,2,0,0,50,0,926,926,4,10,5,2,0,0,1,0
1247710,2,2020,2020,9,6,6,13,27,89,34609,0,1,9,-33.378727,151.471252,16,2,2,1,1,0,0,0,2,2,7,60,0,5929,5929,1,5,5,2,0,0,2,0
1247711,2,2020,2020,9,3,5,6,27,6,34609,0,1,9,-33.41128,150.739434,29,2,2,0,0,2,0,3,2,0,7,70,0,3775,3775,0,0,19,2,0,0,1,0
1247712,2,2020,2020,10,2,1,3371,17,12,3342,0,1,10,-33.051329,151.654914,37,0,2,1,2,0,3,3,0,0,7,60,2,9859,9859,8,10,40,1,0,0,1,0
1247713,2,2020,2020,10,4,7,6,1,234,34609,0,1,10,-34.309883,146.031219,28,1,0,1,0,0,0,0,2,0,0,100,0,6545,6545,4,0,5,2,0,0,3,1
1247714,4,2020,2020,11,5,1,1,27,16,34609,0,1,9,-32.903565,151.710694,48,0,2,1,2,0,0,0,0,0,7,50,0,1850,777,5,16,40,1,0,1,0,0
1247715,4,2020,2020,9,0,8,1104,11,532,770,0,1,6,-33.873204,151.20363,69,0,2,1,0,0,0,0,2,0,7,60,2,14295,14295,3,16,5,2,0,1,0,0
1247718,2,2020,2020,10,2,5,4,31,90,17,0,1,10,-33.713833,150.319672,8,2,2,1,1,0,3,3,2,0,0,50,1,6545,6545,4,5,5,2,0,0,1,0
1247720,1,2020,2020,9,4,9,4,1,96,34609,1,0,1,-34.049569,150.842492,13,0,2,0,1,0,3,4,2,0,7,50,0,14295,14295,3,5,12,2,0,0,0,1
1247724,1,2020,2020,9,1,9,255,27,71,166,0,1,1,-33.26261,151.524168,16,2,2,1,0,0,0,3,3,0,7,50,2,2040,2040,9,10,28,2,0,0,0,1
1247727,1,2020,2020,11,2,11,31,31,53,34609,0,1,1,-33.852281,150.964603,21,0,2,1,2,0,0,0,0,0,7,50,0,1383,1383,1,5,5,4,0,0,0,1
1247728,2,2020,2020,9,5,3,11,27,247,34609,0,1,1,-33.81904,150.947704,21,0,2,1,1,0,0,3,2,0,7,50,0,1669,1669,3,0,5,2,0,0,1,0
1247729,2,2020,2020,1,3,8,12,10,14,34609,0,1,7,-33.148099,151.578178,16,2,2,1,0,0,0,0,3,0,0,60,0,4552,985,8,5,40,1,0,0,1,0
1247731,2,2020,2020,10,1,4,57,36,112,769,0,1,10,-33.611868,150.813812,29,2,2,1,1,0,0,0,2,2,0,60,2,14295,14295,3,9,5,2,0,0,2,0
1247733,4,2020,2020,9,3,3,916,17,91,917,0,1,2,-32.81201,151.651652,48,0,2,0,1,0,0,3,2,0,7,90,2,4552,5151,8,0,40,1,0,2,0,0
1247736,4,2020,2020,10,1,7,97,27,166,799,0,1,9,-33.930747,150.995529,15,0,2,1,0,0,0,0,2,3,7,70,2,5929,5929,1,5,5,3,0,1,1,0
1247737,4,2020,2020,9,1,2,92,27,9,34609,0,1,1,-34.047637,150.884411,13,0,2,1,0,0,3,4,0,0,7,70,0,9859,9859,8,5,40,1,0,1,0,0
1247741,2,2020,2020,11,4,1,56,31,119,126,0,1,2,-32.759507,151.751289,57,2,1,1,2,0,3,4,0,0,7,60,2,945,945,5,5,40,1,0,0,1,0
1247743,1,2020,2020,9,1,10,283,27,88,702,0,1,10,-33.983402,151.10913,25,0,2,1,3,0,0,3,0,2,7,70,2,5929,5929,1,5,41,2,0,0,0,2
1247746,4,2020,2020,9,3,4,334,17,21,308,0,1,1,-31.407062,152.231901,56,1,0,0,0,0,0,0,2,0,7,100,2,782,957,5,16,40,1,0,1,0,0
1247750,1,2020,2020,9,0,6,280,10,54,240,0,1,2,-33.849596,150.876486,24,0,2,1,3,0,0,0,2,0,7,60,2,14295,14295,3,0,36,2,0,0,0,1
1247751,1,2020,2020,10,1,9,48,10,41,52,0,1,7,-30.351218,153.090526,19,2,1,1,2,0,3,3,3,0,0,50,1,14295,14295,3,5,36,2,0,0,0,1
1247752,2,2020,2020,9,2,7,3371,17,107,3342,0,1,1,-33.287191,151.424369,16,2,2,1,0,0,0,3,2,0,7,50,2,941,941,1,0,5,3,0,0,1,0
1247753,4,2020,2020,9,0,3,9,31,48,34609,0,1,10,-32.910467,151.742322,48,0,2,1,1,0,0,0,2,0,0,50,0,6545,6545,4,5,41,2,0,2,0,0
1247755,2,2020,2020,9,3,8,42,36,35,34609,0,1,9,-30.479481,153.004603,6,2,1,1,1,0,0,0,2,0,0,80,0,2852,2852,4,0,13,2,0,0,1,0
1247756,2,2020,2020,9,2,4,225,17,50,180,0,1,1,-34.560714,150.664399,62,0,2,0,0,0,0,0,2,0,7,60,2,1282,1282,1,33,19,2,0,0,1,0
1247758,2,2020,2020,10,5,6,154,27,443,244,0,1,9,-33.90782,151.076507,67,0,2,1,0,0,0,0,2,0,7,60,2,2852,2852,4,0,5,2,0,0,1,0
1247759,4,2020,2020,9,4,3,1,27,1,34609,0,1,1,-32.171984,152.379146,43,2,1,0,0,2,0,0,2,0,7,80,0,1850,1463,5,5,40,1,0,1,0,0
1247762,4,2020,2020,10,2,7,114,27,21,65,0,1,1,-33.351696,151.160586,16,2,2,0,0,0,0,0,2,0,7,80,1,2585,4009,8,16,40,1,0,1,0,0
1247765,4,2020,2020,1,6,8,115,27,73,46,0,1,9,-34.185283,150.615176,79,2,2,1,0,0,0,0,2,0,15,60,2,2852,2852,4,30,13,2,0,1,0,1
1247766,4,2020,2020,11,6,3,1,1,74,34609,0,1,1,-33.750565,150.831204,7,0,2,1,1,0,0,0,2,0,7,50,0,4026,4026,8,5,40,1,0,1,1,0
1247767,2,2020,2020,9,4,5,1052,14,21,928,0,1,3,-32.914334,151.557557,37,0,2,1,0,0,3,4,2,0,7,110,2,475,475,5,34,40,1,0,0,1,0
1247769,4,2020,2020,9,4,4,27,27,119,96,1,2,1,-33.871341,151.160483,32,0,2,0,1,0,0,0,2,0,7,40,2,387,387,1,22,5,2,0,1,0,0
1247770,2,2020,2020,1,6,8,89,17,144,34609,0,1,7,-34.071468,151.009447,68,0,2,1,0,0,0,0,3,0,0,50,0,14295,14295,3,34,19,2,0,0,1,0
1247772,1,2020,2020,11,0,9,133,27,219,260,0,1,2,-32.911901,151.662302,48,0,2,1,2,0,0,0,0,0,7,70,2,9859,9859,8,10,40,4,0,0,0,1
1247773,4,2020,2020,1,5,8,829,27,159,770,0,1,9,-33.81161,151.094812,61,0,2,1,2,0,0,0,3,0,7,60,2,2040,2040,9,5,28,2,0,1,1,0
1247775,1,2020,2020,11,0,6,14,25,92,34609,0,1,1,-33.737789,150.947927,71,0,2,1,3,0,0,0,2,0,7,50,0,3775,3775,0,9,0,2,0,0,0,1
1247777,4,2020,2020,11,5,7,112,27,7,256,0,1,1,-34.015717,150.836797,13,0,2,0,0,0,0,0,2,0,7,70,2,3775,3775,0,0,35,2,0,1,1,1
1247782,4,2020,2020,9,2,4,30,31,169,769,0,1,10,-33.596877,150.746963,29,2,2,1,1,0,0,0,2,2,7,60,2,5929,5929,1,8,41,2,0,1,1,0
1247783,4,2020,2020,1,3,7,1,35,4,34609,0,1,1,-28.796839,152.16726,51,1,0,0,0,2,0,0,2,0,7,100,0,4552,5151,8,10,40,1,0,2,3,0
1247785,2,2020,2020,9,0,6,17,31,290,33,0,1,1,-33.958551,151.127949,4,0,2,1,1,0,0,0,2,0,7,50,1,9859,9859,1,5,5,3,0,0,1,0
1247787,1,2020,2020,9,0,7,2261,17,112,2252,0,1,10,-33.911361,150.937984,41,0,2,0,3,0,0,0,2,3,7,70,2,14295,14295,3,5,5,3,0,0,0,1
1247791,1,2020,2020,10,2,5,9,31,134,34609,0,1,9,-33.891884,151.247432,76,0,2,1,3,0,0,0,2,2,7,50,0,14295,14295,3,5,5,2,0,0,0,1
1247792,1,2020,2020,9,4,6,4,25,154,34609,0,1,9,-33.704162,150.947245,71,0,2,1,3,0,0,0,2,0,7,50,0,775,775,4,5,19,2,0,0,0,1
1247793,1,2020,2020,10,2,7,475,31,169,41,0,1,9,-33.896967,151.206568,69,0,2,1,3,0,3,3,2,0,0,50,1,14295,14295,3,5,5,2,0,0,0,1
1247794,2,2020,2020,9,1,4,168,10,387,260,0,1,2,-33.945951,151.175406,4,0,2,1,3,0,3,4,2,0,7,70,2,1945,1945,5,16,40,1,0,0,1,0
1247796,1,2020,2020,9,5,7,2126,17,78,2149,0,1,9,-33.697992,150.570117,8,2,2,1,3,0,0,0,2,2,7,80,2,1391,1391,1,9,41,2,0,0,0,1
1247798,1,2020,2020,10,0,7,2209,17,64,2205,0,1,10,-34.383514,150.900176,80,0,2,1,3,0,0,0,2,2,7,80,2,14295,14295,3,5,5,3,0,0,0,1
1247799,2,2020,2020,10,1,4,29,27,87,34609,0,1,9,-34.046793,151.150303,68,0,2,1,3,0,0,0,2,0,7,50,0,5929,5929,1,10,0,3,0,0,1,0
1247801,1,2020,2020,9,3,11,2126,17,163,2149,0,1,10,-33.868891,151.105366,9,0,2,1,3,0,0,0,0,2,7,60,2,1391,1391,1,5,19,2,0,0,0,1
1247803,4,2020,2020,9,3,7,135,17,3,136,0,1,1,-35.73428,146.045854,51,1,0,1,3,0,0,0,2,0,7,100,2,9859,9859,8,0,40,1,0,1,0,0
1247808,1,2020,2020,9,5,3,63,27,224,605,0,1,2,-33.807741,151.246681,45,0,2,0,3,0,0,0,2,0,7,60,2,14295,14295,3,10,19,2,0,0,0,1
1247811,2,2020,2020,10,1,4,6,4,363,34609,0,1,1,-33.748882,150.700038,55,0,2,0,0,0,0,0,2,0,7,50,0,387,387,1,22,5,2,0,0,1,0
1247813,2,2020,2020,11,4,7,346,17,12,332,0,1,1,-28.851888,152.909746,60,1,0,0,0,0,0,0,2,0,7,100,2,380,714,5,5,40,1,0,0,1,0
1247815,4,2020,2020,10,4,3,23,10,87,23,0,1,1,-33.922121,150.961988,41,0,2,1,1,0,0,0,1,0,7,60,1,5929,5929,1,5,19,2,0,1,0,0
1247816,2,2020,2020,9,1,4,222,31,131,212,0,1,9,-33.787105,151.180346,36,0,2,1,1,0,3,4,2,0,15,60,2,775,775,4,0,19,2,0,0,1,0
1247817,1,2020,2020,10,2,11,11,27,562,34609,0,1,1,-32.254855,148.577672,22,2,1,1,2,0,0,0,0,0,7,60,0,4026,4026,8,0,40,1,0,0,0,1
1247819,4,2020,2020,9,1,10,8,27,80,284,0,1,10,-33.812542,151.170909,38,0,2,0,2,0,0,0,0,2,7,60,2,2040,2040,9,5,28,2,0,1,0,0
1247820,2,2020,2020,10,2,9,49,31,29,34609,0,1,1,-33.744408,151.277694,50,0,2,1,0,0,0,0,2,0,7,50,0,4026,4026,8,5,40,1,0,0,1,0
1247821,2,2020,2020,9,3,4,17,27,7,18,0,1,1,-35.107852,148.683237,82,1,0,0,0,0,0,3,2,0,7,100,1,1850,1463,5,16,40,1,0,0,1,0
1247822,4,2020,2020,11,4,9,44,27,89,38,1,0,10,-33.867016,150.889496,24,0,2,1,2,0,0,0,3,2,7,60,1,5929,5929,1,5,5,2,0,1,1,1
1247823,4,2020,2020,10,5,7,15,27,609,34609,0,1,1,-33.777475,150.907481,7,0,2,1,1,0,0,0,2,2,9,50,0,2040,2040,9,5,28,2,0,1,0,0
1247824,2,2020,2020,9,4,8,48,10,135,58,0,1,6,-32.88708,151.732603,48,0,2,0,1,0,3,4,2,0,7,80,2,1957,4009,8,5,40,1,0,0,1,0
1247829,2,2020,2020,10,1,10,387,27,82,34609,0,1,1,-31.067309,150.929618,70,2,1,0,1,0,0,0,0,0,7,80,0,1089,1089,7,30,40,1,0,0,1,0
1247830,4,2020,2020,10,6,9,107,22,239,121,1,0,1,-34.031736,151.118397,68,0,2,1,0,0,0,0,2,0,7,60,1,5929,5929,1,5,5,2,0,1,0,0
1247831,2,2020,2020,10,0,10,17,27,10,34609,0,1,1,-34.633984,150.467911,78,1,0,1,0,0,0,3,0,0,7,90,0,4026,4026,8,10,40,1,0,0,1,0
1247832,4,2020,2020,10,3,5,1,27,9,34609,0,1,9,-34.76845,146.099554,51,1,0,1,0,0,0,0,2,0,7,100,0,1669,1669,3,16,19,2,0,1,0,1
1247837,4,2020,2020,10,1,9,348,17,1,232,0,1,1,-31.435992,148.513208,51,1,0,0,1,0,0,0,2,0,7,100,2,2585,4009,8,0,40,1,0,1,0,0
1247844,2,2020,2020,11,3,4,4,27,2,34609,0,1,1,-32.286783,151.710828,51,2,1,0,0,0,0,0,2,0,7,80,0,3775,3775,0,16,13,2,0,0,1,0
1247845,1,2020,2020,11,5,6,234,27,57,217,0,1,1,-33.51913,151.027911,71,0,2,1,1,0,0,0,2,0,7,90,2,9859,9859,8,0,40,1,0,0,0,1
1247852,4,2020,2020,9,6,6,90,36,12,102,0,1,10,-34.360579,147.217834,51,1,0,1,0,0,0,0,2,0,0,100,2,1669,1669,3,3,25,2,0,3,1,0
1247853,4,2020,2020,11,3,8,38,27,8,35,0,1,1,-34.630088,150.77428,35,2,1,0,0,0,0,0,2,0,7,80,1,3775,3775,0,16,5,2,0,1,0,0
1247854,4,2020,2020,9,4,7,163,27,25,165,0,1,2,-33.748951,150.801447,7,0,2,1,3,0,0,0,2,0,7,60,1,14295,14295,3,9,0,3,0,1,0,0
1247857,2,2020,2020,9,3,8,481,17,562,483,0,1,1,-32.195903,148.620822,22,1,0,1,0,0,0,0,2,0,7,90,2,3775,3775,0,5,0,3,0,0,1,0
1247859,2,2020,2020,11,2,10,866,17,171,793,0,1,10,-33.807257,150.969318,21,0,2,1,2,0,0,0,0,2,7,70,2,6545,6545,4,5,5,4,0,0,3,1
1247860,2,2020,2020,9,5,7,51,31,61,34609,0,1,1,-35.918315,150.074113,23,2,1,1,1,0,0,0,2,0,7,50,0,1981,1981,4,22,0,2,0,0,2,0
1247861,2,2020,2020,10,1,7,7,31,48,34609,0,1,1,-36.67054,149.830533,5,2,1,0,0,0,0,0,2,0,7,50,0,418,714,5,0,40,1,0,0,2,0
1247862,4,2020,2020,11,5,8,19,27,23,34609,1,2,1,-34.018294,151.026636,68,0,2,1,1,0,0,0,2,0,7,40,0,1383,1383,1,16,36,2,0,1,0,0
1247865,4,2020,2020,10,2,7,59,27,5,69,0,1,1,-34.080512,149.831224,51,1,0,0,0,0,3,4,2,0,7,100,1,418,714,5,16,40,1,0,1,0,0
1247870,4,2020,2020,11,1,7,346,17,48,332,0,1,1,-29.034505,152.119357,51,1,0,0,0,0,0,0,2,0,7,100,2,4552,5151,8,30,40,1,0,1,0,0
1247871,4,2020,2020,9,2,6,17,27,10,58,0,1,1,-34.645832,150.480614,78,2,1,0,1,0,0,0,2,0,7,60,2,3775,3775,0,16,40,2,0,1,0,0
1247873,4,2020,2020,10,4,7,5,27,32,34609,0,1,4,-29.114614,153.337813,60,2,1,0,0,0,0,0,2,0,7,60,0,418,714,5,16,40,1,0,1,0,0
1247876,1,2020,2020,9,3,5,109,36,28,108,0,1,9,-28.330083,153.402223,72,2,1,1,3,0,0,0,2,0,7,60,1,1669,1669,3,0,13,2,0,0,0,1
1247883,2,2020,2020,9,4,3,16,31,246,12,0,1,10,-33.905706,151.201834,69,0,2,0,3,0,0,0,2,2,7,50,1,14295,14295,3,9,5,2,0,0,1,0
1247885,2,2020,2020,9,2,8,283,27,253,702,0,1,10,-33.965165,151.094239,25,0,2,1,3,0,0,0,2,2,9,60,2,1282,1282,1,22,5,2,0,0,1,0
1247886,2,2020,2020,9,1,5,61,27,32,70,0,1,7,-33.68174,151.010851,71,0,2,0,3,0,0,0,2,0,0,60,1,1850,1463,5,16,40,1,0,0,1,0
1247890,1,2020,2020,9,1,8,115,27,81,114,0,1,9,-33.889332,151.259461,76,0,2,0,3,0,0,0,2,2,7,50,2,14295,14295,3,10,5,2,0,0,0,1
1247891,2,2020,2020,9,5,7,14,27,251,14,0,1,9,-33.775076,150.958049,7,0,2,1,3,0,0,0,2,0,7,60,1,1391,1391,1,5,0,3,0,0,1,0
1247895,1,2020,2020,9,1,9,2261,17,284,2252,0,1,10,-33.907261,151.020447,15,0,2,0,3,0,0,0,3,2,7,60,2,14295,14295,3,5,0,2,0,0,0,1
1247896,1,2020,2020,10,5,4,33,27,11,260,0,1,9,-33.050229,151.567609,37,0,2,1,3,0,0,0,2,0,7,90,2,14295,14295,3,5,5,2,0,0,0,1
1247899,4,2020,2020,10,6,6,2,1,50,34609,0,1,9,-33.230926,151.554748,16,2,2,1,1,0,3,4,2,0,7,50,0,5929,5929,1,5,5,2,0,1,0,0
1247905,4,2020,2020,9,2,6,50,36,10,43,0,1,1,-36.528279,148.247347,66,2,1,0,0,0,0,0,2,0,7,60,2,1850,1463,5,16,40,1,0,1,0,0
1247909,2,2020,2020,9,3,7,3,27,294,34609,0,1,1,-33.933166,150.940373,41,0,2,1,2,0,0,0,2,0,7,60,0,4026,4026,8,0,40,1,0,0,1,0
1247911,2,2020,2020,9,3,6,2,27,7,34609,0,1,9,-35.272525,147.270906,75,1,0,0,0,0,0,0,2,0,7,100,0,4552,5151,8,16,40,1,0,0,1,0
1247913,2,2020,2020,10,2,4,13,27,43,42,0,1,1,-33.57887,150.823206,29,2,2,0,3,0,3,0,2,0,7,80,1,14295,14295,3,5,13,3,0,0,1,0
1247915,1,2020,2020,9,6,3,829,27,159,770,0,1,9,-33.806426,151.080905,61,0,2,1,3,0,0,0,1,2,7,60,2,14295,14295,3,5,13,3,0,0,0,1
1247916,4,2020,2020,9,3,9,5,27,10,34609,0,1,1,-32.389625,152.443912,43,2,1,0,2,0,0,3,3,0,7,70,0,4552,5151,8,5,40,1,0,1,0,0
1247920,2,2020,2020,10,3,0,16,1,202,118,0,1,1,-33.938308,151.027216,15,0,2,1,2,0,0,0,0,0,7,60,1,9859,9859,1,0,13,2,0,0,1,0
1247922,2,2020,2020,10,3,8,39,10,154,65,0,1,7,-33.703462,150.947026,71,0,2,1,0,0,0,0,2,0,0,60,1,256,256,4,0,0,3,0,0,1,0
1247923,2,2020,2020,11,6,4,1,1,99,34609,0,1,2,-33.885834,151.273802,76,0,2,1,1,0,0,0,2,0,7,50,0,2040,2040,9,5,28,2,0,0,1,0
1247924,4,2020,2020,9,0,7,126,27,30,168,0,1,2,-34.053468,150.772444,12,0,2,1,1,0,0,3,2,0,7,80,2,14295,14295,3,16,12,2,0,1,0,0
1247925,2,2020,2020,9,6,8,143,31,90,181,0,1,2,-33.889603,151.233745,81,0,2,1,1,0,0,0,2,0,7,60,2,1981,1981,4,30,27,2,0,0,1,0
1247927,1,2020,2020,10,1,10,20,27,108,31,1,0,10,-33.762635,151.270073,50,0,2,1,2,0,0,0,0,2,7,50,1,301,301,4,22,40,2,0,0,0,1
1247928,4,2020,2020,5,3,7,3371,17,29,3342,0,1,9,-28.992705,153.461728,60,1,0,0,0,0,3,3,2,0,7,100,2,3775,3775,0,29,35,2,0,1,0,0
1247929,2,2020,2020,9,3,2,1104,14,247,962,0,1,3,-33.809145,150.935271,21,0,2,1,2,0,0,0,0,0,7,100,2,14295,14295,3,3,0,2,0,0,1,0
1247932,4,2020,2020,9,1,4,4,10,5,34609,0,1,1,-30.309672,153.093012,19,2,1,0,0,0,0,0,2,0,7,50,0,4552,5151,8,5,40,1,0,1,0,0
1247933,2,2020,2020,10,0,8,1052,27,104,262,0,1,9,-32.909997,151.713107,48,0,2,1,2,0,0,0,2,2,7,60,2,14295,14295,3,10,5,2,0,0,2,0
1247938,4,2020,2020,9,0,7,34,10,19,40,0,1,9,-35.843563,150.167632,23,1,0,1,1,0,0,0,2,0,0,100,1,2852,2852,4,5,0,2,0,1,0,1
1247940,1,2020,2020,10,4,4,74,23,100,260,0,1,2,-33.961121,151.156265,4,0,2,1,1,0,0,0,2,0,7,60,2,18,18,2,0,0,2,0,0,0,1
1247941,4,2020,2020,10,2,10,125,27,55,123,0,1,9,-33.368674,151.47284,16,2,2,1,2,0,0,0,0,0,0,60,2,14295,14295,3,16,41,2,0,1,0,0
1247944,2,2020,2020,9,1,7,74,27,609,163,0,1,10,-33.778869,150.914218,7,0,2,1,3,0,0,0,2,2,7,60,2,5929,5929,1,5,5,2,0,0,1,1
1247946,2,2020,2020,9,5,8,213,17,8,213,0,1,1,-29.622148,150.761919,33,1,0,0,3,0,0,0,2,0,7,100,2,4552,5151,8,21,40,1,0,0,1,0
1247948,1,2020,2020,9,2,6,65,27,202,563,0,1,9,-33.940439,151.035456,15,0,2,1,3,0,0,0,2,1,7,70,2,14295,14295,3,10,5,2,0,0,0,1
1247954,2,2020,2020,9,6,4,293,27,14,172,0,1,1,-32.964715,151.652997,37,0,2,1,3,0,0,0,2,0,7,70,2,14295,14295,3,0,36,3,0,0,1,0
1247958,2,2020,2020,10,5,7,133,31,646,97,0,1,1,-33.917594,151.024106,15,0,2,1,3,0,0,0,2,0,7,60,1,5929,5929,1,5,5,2,0,0,1,0
1247960,4,2020,2020,9,6,4,42,27,134,30,0,1,9,-33.895735,151.250909,76,0,2,1,1,0,0,0,2,0,7,50,1,395,395,1,22,5,2,0,1,0,0
1247966,4,2020,2020,9,0,8,205,27,161,415,0,1,2,-33.708815,151.176066,36,0,2,0,3,0,3,4,2,0,7,90,2,3775,3775,0,5,5,2,0,1,0,0
1247967,1,2020,2020,9,0,8,90,31,174,165,0,1,2,-33.892026,151.216968,69,0,2,1,3,0,0,0,2,0,7,60,2,1391,1391,1,10,5,2,0,0,0,1
1247974,4,2020,2020,9,3,6,348,27,21,15,0,1,1,-33.631777,150.693444,55,0,2,1,1,0,0,0,2,0,7,80,1,4026,4026,8,5,40,1,0,1,1,0
1247976,2,2020,2020,11,3,9,24,31,112,25,0,1,9,-33.613861,150.817347,29,2,2,0,0,0,0,0,0,0,0,60,2,775,775,4,5,13,2,0,0,1,2
1247977,4,2020,2020,9,2,6,5,27,51,34609,0,1,1,-34.468881,150.806648,80,0,2,1,1,0,0,0,2,0,7,50,0,3775,3775,0,10,13,2,0,1,1,0
1247983,2,2020,2020,9,4,9,866,17,110,793,0,1,2,-33.791414,151.001147,54,0,2,0,3,0,0,0,2,0,7,90,2,14295,14295,3,5,0,2,0,0,1,0
1247984,1,2020,2020,9,3,4,330,23,54,233,0,1,10,-33.901485,151.222705,69,0,2,1,3,0,0,0,2,2,7,60,2,14295,14295,3,5,0,2,0,0,0,1
1247986,2,2020,2020,9,5,4,8,31,252,34609,0,1,9,-33.88209,151.210806,69,0,2,1,1,0,0,0,2,0,7,40,0,2040,2040,9,0,28,2,0,0,1,0
1247988,4,2020,2020,9,3,6,3371,17,207,3342,0,1,1,-33.560224,151.189224,31,0,2,0,3,0,0,0,2,0,7,80,2,1850,1463,5,16,40,1,0,1,0,0
1247989,1,2020,2020,9,3,5,47,27,293,69,0,1,10,-33.942751,151.247237,59,0,2,1,3,0,3,4,2,0,0,60,1,5929,5929,1,0,5,2,0,0,0,1
1247991,2,2020,2020,9,2,6,147,27,25,34609,0,1,1,-33.882795,151.282538,76,0,2,1,1,0,0,0,2,0,7,50,0,1109,787,1,5,18,2,0,0,1,0
1247995,1,2020,2020,9,1,5,95,31,463,32,0,1,9,-30.281325,153.134554,19,2,1,0,1,0,0,0,2,0,7,60,1,2852,2852,4,5,0,2,0,0,0,2