Crash ID,Degree of crash - detailed,Reporting year,Year of crash,Month of crash,Day of week of crash,Two-hour intervals,Street of crash,Street type,Town,Route no.,School zone location,School zone active,Type of location,Latitude,Longitude,LGA,Urbanisation,Conurbation 1,Alignment,Street lighting,Road surface,Surface condition,Weather,Natural lighting,Signals operation,Other traffic control,Speed limit,Road classification,RUM - code,DCA - code,First impact type,Key TU type,Other TU type,No. of traffic units involved,No. killed,No. seriously injured,No. moderately injured,No. minor-other injured
1247997,1,2020,2020,9,6,8,1104,14,460,962,0,1,3,-33.826758,150.993259,21,0,2,1,1,0,0,0,2,0,7,90,2,1282,1282,1,5,5,3,0,0,0,1
1247998,4,2020,2020,9,1,8,4,27,42,34609,0,1,1,-33.70044,150.936078,71,0,2,1,1,0,0,3,2,0,7,50,0,1220,1220,9,0,28,2,0,1,0,0
1247999,2,2020,2020,9,5,6,2209,17,10,2205,0,1,9,-36.397041,149.872131,5,1,0,1,0,0,0,0,2,0,7,100,2,1669,1669,3,8,5,2,0,0,1,0
1248002,4,2020,2020,9,4,7,481,17,10,483,1,2,1,-32.728974,148.19296,53,2,1,1,1,0,0,0,2,0,7,40,2,340,340,9,0,28,2,0,1,1,0
1248003,1,2020,2020,9,2,3,63,17,207,63,0,1,10,-31.945095,141.46484,51,2,1,1,0,0,0,0,2,0,0,50,2,5929,5929,1,10,5,2,0,0,0,1
1248004,1,2020,2020,9,0,6,22,27,59,34609,0,1,1,-33.165209,151.397484,37,0,2,0,0,2,0,0,2,0,7,40,0,1850,1463,5,5,40,1,0,0,0,1
1248006,2,2020,2020,9,1,9,2126,17,60,2149,0,1,2,-33.767263,150.754067,55,0,2,1,1,0,0,0,3,0,7,80,2,3775,3775,0,5,13,2,0,0,1,0
1248007,2,2020,2020,10,6,5,168,17,32,212,0,1,7,-35.345442,149.269846,58,2,1,0,1,0,0,0,2,0,0,80,2,14295,14295,3,0,13,2,0,0,1,0
1248010,2,2020,2020,9,6,5,12,31,215,34609,0,1,1,-35.122856,147.344007,75,2,1,1,0,0,0,0,2,0,7,60,0,1981,1981,4,22,12,2,0,0,1,0
1248013,4,2020,2020,9,0,3,83,27,4,72,0,1,1,-28.789255,153.305426,39,1,0,0,0,0,0,0,2,0,7,100,2,14295,14295,3,5,0,2,0,1,0,1
1248019,2,2020,2020,9,1,7,13,31,87,34609,0,1,7,-28.812912,153.284664,39,2,1,1,0,0,0,0,2,0,0,50,0,6545,6545,4,0,36,2,0,0,1,0
1248024,4,2020,2020,9,6,7,23,27,33,34609,0,1,1,-33.803466,151.085265,61,0,2,1,1,0,0,0,2,0,7,50,0,340,340,9,5,28,2,0,1,0,0
1248025,2,2020,2020,9,3,2,11,27,247,34609,1,0,1,-33.818364,150.952294,21,0,2,1,2,0,0,0,0,0,7,50,0,9859,9859,1,5,0,2,0,0,1,0
1248028,1,2020,2020,11,6,9,33,27,16,41,0,1,10,-33.745618,150.73739,55,0,2,1,2,0,0,0,0,2,7,50,1,6545,6545,4,0,5,2,0,0,0,1
1248029,1,2020,2020,11,0,7,220,27,251,222,0,1,9,-33.768565,150.958926,7,0,2,1,1,0,0,0,2,2,7,80,2,14295,14295,3,0,5,2,0,0,0,1
1248030,2,2020,2020,9,0,10,348,17,24,232,0,1,9,-33.409565,150.098007,40,1,0,1,2,0,0,0,0,0,7,100,2,4026,4026,8,10,40,1,0,0,1,0
1248033,2,2020,2020,9,2,7,46,1,79,34609,0,1,7,-34.90061,150.617009,63,2,1,1,1,0,0,0,2,0,0,60,0,6545,6545,4,0,0,2,0,0,1,0
1248037,1,2020,2020,9,5,6,1104,14,85,962,0,1,3,-33.780603,150.683059,55,0,2,1,3,0,0,0,2,0,7,110,2,1391,1391,1,8,0,2,0,0,0,1
1248038,1,2020,2020,11,4,6,71,31,78,103,0,1,9,-33.862595,151.009689,21,0,2,1,3,0,0,0,2,2,7,60,1,217,217,1,10,0,2,0,0,0,1
1248043,1,2020,2020,9,6,8,104,27,443,702,0,1,9,-33.904504,151.064287,67,0,2,1,3,0,0,0,2,0,7,70,2,1391,1391,1,9,36,2,0,0,0,1
1248045,1,2020,2020,10,2,7,2126,17,147,2149,0,1,2,-33.873637,151.127045,14,0,2,1,1,0,3,4,2,0,7,60,2,14295,14295,3,5,5,2,0,0,0,1
1248046,4,2020,2020,10,1,7,24,31,9,34609,0,1,10,-33.007184,151.663529,37,0,2,1,0,0,0,0,2,0,0,50,0,190,190,1,5,0,3,0,1,0,0
1248051,1,2020,2020,9,5,3,2126,17,363,2149,0,1,1,-33.756608,150.71099,55,0,2,1,3,0,0,0,1,0,7,60,2,14295,14295,3,0,5,3,0,0,0,1
1248054,1,2020,2020,11,5,3,3371,17,57,3342,0,1,9,-32.988636,151.691224,37,0,2,1,1,2,0,3,2,2,7,60,2,5929,5929,1,5,10,2,0,0,0,1
1248055,2,2020,2020,10,1,9,100,27,127,799,0,1,10,-33.895677,151.156844,32,0,2,0,1,0,0,0,2,2,7,60,2,591,591,1,22,10,2,0,0,1,0
1248059,4,2020,2020,9,5,6,59,27,271,42,0,1,9,-33.951958,151.017227,15,0,2,1,1,0,0,0,2,2,7,60,1,14295,14295,3,5,0,3,0,2,0,1
1248060,2,2020,2020,9,6,6,15,1,271,34609,0,1,9,-33.951865,151.015533,15,0,2,0,0,0,0,0,2,0,7,40,0,1220,1220,9,21,28,2,0,0,1,0
1248061,2,2020,2020,11,1,7,111,27,102,233,0,1,9,-33.964536,151.231406,59,0,2,1,1,0,0,0,2,0,0,60,2,1945,1945,5,16,40,1,0,0,1,0
1248062,2,2020,2020,9,1,3,123,36,4,90,0,1,9,-31.972449,151.898343,43,1,0,1,0,0,0,0,2,0,7,100,1,3775,3775,0,5,41,2,0,0,2,0
1248063,2,2020,2020,1,1,9,1,23,25,34609,0,1,1,-34.487348,150.865202,80,0,2,1,2,0,3,4,0,0,7,50,0,9859,9859,1,16,5,3,0,0,1,0
1248065,1,2020,2020,9,1,7,478,17,69,480,0,1,1,-33.36325,151.479499,16,2,2,1,2,0,0,0,2,0,7,50,2,1981,1981,4,33,27,2,0,0,0,1
1248068,2,2020,2020,11,6,6,12,27,43,34609,0,1,1,-33.565188,150.771263,29,2,2,1,1,0,3,4,2,0,7,60,0,1669,1669,3,0,5,3,0,0,2,0
1248070,2,2020,2020,9,5,9,3,10,53,34609,0,1,1,-35.141721,147.360258,75,2,1,1,0,0,0,0,3,0,7,50,0,9859,9859,1,5,5,2,0,0,1,0
1248071,4,2020,2020,10,4,4,82,31,163,7,0,1,10,-33.861626,151.106015,14,0,2,1,1,0,0,0,2,2,9,50,1,6545,6545,4,19,5,2,0,1,0,1
1248074,2,2020,2020,10,4,7,1,6,63,34609,0,1,9,-33.246251,151.4745,16,2,2,1,0,0,0,0,2,0,0,50,0,9859,9859,8,30,40,1,0,0,1,0
1248075,2,2020,2020,10,5,5,24,27,11,24,0,1,1,-28.314439,153.387608,72,2,1,0,3,0,0,0,2,0,7,80,1,14295,14295,3,0,5,2,0,0,1,0
1248077,2,2020,2020,11,0,8,2209,17,27,2205,0,1,2,-34.538359,150.785011,80,0,2,1,1,0,0,0,2,0,7,80,2,14295,14295,3,5,0,2,0,0,1,0
1248082,1,2020,2020,11,1,8,9,27,29,23,0,1,1,-32.765351,142.400072,51,1,0,1,0,2,0,0,2,0,7,100,1,1945,1945,5,16,40,1,0,0,0,1
1248087,4,2020,2020,10,4,6,829,27,130,770,0,1,2,-33.869533,151.186939,69,0,2,1,1,0,0,0,2,0,7,60,2,1945,1945,5,0,40,1,0,1,0,0
1248095,4,2020,2020,10,4,5,37,31,273,87,0,1,10,-34.422382,150.900537,80,0,2,1,1,0,0,0,2,2,7,60,2,323,323,1,5,27,2,0,1,0,0
1248099,4,2020,2020,11,0,9,87,31,6,34609,0,1,9,-33.897325,151.185478,69,0,2,0,2,0,3,4,0,0,7,40,0,1282,1282,1,5,27,2,0,1,0,1
1248100,2,2020,2020,11,6,9,55,27,179,34609,0,1,10,-33.759929,150.720475,55,0,2,1,2,0,0,0,0,0,0,50,0,2852,2852,4,0,19,2,0,0,1,0
1248102,4,2020,2020,11,5,5,26,31,370,34609,0,1,1,-34.068822,150.813737,13,0,2,1,0,0,0,0,2,0,7,50,0,1220,1220,9,10,28,2,0,1,0,0
1248103,2,2020,2020,9,3,11,4,31,460,34609,0,1,9,-33.839859,150.986511,21,0,2,1,2,0,0,0,0,0,0,50,0,6545,6545,4,10,18,2,0,0,1,0
1248104,2,2020,2020,9,6,0,57,36,169,769,0,1,1,-33.602568,150.766857,29,2,2,1,0,0,3,4,0,0,7,60,2,9859,9859,8,5,40,1,0,0,1,0
1248105,1,2020,2020,9,6,7,5,1,25,34609,0,1,7,-32.939951,151.763864,48,0,2,1,3,0,0,0,2,0,0,50,0,6545,6545,4,0,27,2,0,0,0,1
1248113,2,2020,2020,9,3,8,5,31,55,34609,0,1,9,-33.906447,151.091457,15,0,2,1,3,0,0,0,2,0,0,50,0,14295,14295,3,10,5,2,0,0,1,1
1248115,4,2020,2020,9,1,5,105,27,62,34609,0,1,1,-33.890287,151.132337,32,0,2,1,3,0,0,0,2,0,7,50,0,14295,14295,3,0,5,3,0,1,0,1
1248118,2,2020,2020,9,2,3,73,27,443,78,0,1,10,-33.905503,151.048035,15,0,2,1,3,0,0,0,1,2,7,60,2,14295,14295,3,0,0,2,0,0,1,0
1248126,2,2020,2020,10,3,6,2126,17,445,2149,0,1,9,-33.849236,151.05044,21,0,2,1,3,0,0,0,2,3,7,60,2,1391,1391,1,5,5,2,0,0,1,0
1248130,2,2020,2020,11,2,6,3,1,64,34609,0,1,9,-33.480686,150.154068,40,2,1,1,3,0,0,0,2,0,0,50,0,9859,9859,8,5,40,1,0,0,1,0
1248131,2,2020,2020,9,1,8,2,31,460,92,0,1,7,-33.835602,150.996139,21,0,2,1,3,0,0,0,2,0,0,60,1,6545,6545,4,0,5,2,0,0,1,0
1248133,1,2020,2020,11,4,5,16,27,20,34609,0,1,1,-32.970133,151.544082,37,0,2,0,0,0,0,0,2,0,7,90,0,4552,5151,8,5,40,1,0,0,0,1
1248134,2,2020,2020,11,0,4,54,31,56,62,0,1,10,-33.800424,151.198822,77,0,2,1,1,0,0,0,2,1,7,60,2,5929,5929,1,5,5,2,0,0,1,0
1248135,1,2020,2020,11,0,6,63,31,173,34609,0,1,1,-33.879568,151.215146,69,0,2,1,1,0,0,0,2,0,7,40,0,186,186,9,8,28,2,0,0,0,1
1248136,1,2020,2020,11,5,8,43,27,121,34609,1,0,1,-33.799888,151.287306,50,0,2,1,1,0,0,0,2,0,7,30,0,18,18,2,33,0,2,0,0,0,1
1248138,4,2020,2020,1,2,7,308,14,127,311,0,1,3,-33.847232,150.853537,24,0,2,1,1,0,0,0,2,0,7,100,2,9859,9859,8,5,40,1,0,1,1,0
1248139,1,2020,2020,9,3,10,192,10,57,114,0,1,1,-33.463536,151.366614,16,2,2,1,3,0,0,0,0,0,7,60,2,14295,14295,3,5,13,2,0,0,0,1
1248142,1,2020,2020,11,0,11,2,27,6,34609,0,1,1,-32.703522,151.594651,42,2,1,1,2,0,3,3,0,0,7,50,0,186,186,9,10,28,2,0,0,0,1
1248143,2,2020,2020,11,2,5,145,31,98,34609,0,1,9,-30.994932,150.249693,51,2,1,1,0,0,0,0,2,0,7,50,0,623,623,3,16,12,2,0,0,1,0
1248144,2,2020,2020,11,1,7,20,31,438,34609,0,1,1,-33.836628,151.02712,21,0,2,1,1,0,0,0,2,0,15,50,0,238,238,9,30,26,2,0,0,1,0
1248147,2,2020,2020,11,6,4,196,10,115,168,0,1,10,-33.961016,151.050565,25,0,2,1,1,0,0,0,2,1,7,40,2,380,777,5,30,40,1,0,0,1,1
1248148,2,2020,2020,11,0,0,17,10,70,34609,0,1,9,-33.904743,150.989987,15,0,2,1,0,0,0,0,0,0,7,50,0,9859,9859,1,10,5,4,0,0,1,0
1248150,1,2020,2020,11,2,6,31,1,40,34609,0,1,1,-33.790304,151.243982,50,0,2,1,0,0,0,0,2,0,7,50,0,1945,1945,5,16,40,1,0,0,0,1
1248151,1,2020,2020,11,0,8,110,27,41,173,0,1,2,-34.396292,150.867108,80,0,2,1,0,0,0,0,2,0,7,80,2,14295,14295,3,5,0,4,0,0,0,1
1248152,4,2020,2020,11,4,5,39,31,293,34609,0,1,9,-33.924831,151.059265,15,0,2,1,0,0,0,0,2,0,0,50,0,1109,397,1,5,5,2,0,1,0,0
1248153,1,2020,2020,11,5,8,22,31,64,61,1,0,1,-33.883754,151.025154,21,0,2,1,3,0,0,0,4,0,7,50,1,14295,14295,3,30,5,2,0,0,0,1
1248155,4,2020,2020,10,5,8,1104,14,142,962,0,1,3,-33.827109,150.994389,54,0,2,1,1,0,0,0,2,0,7,80,2,14295,14295,3,5,13,3,0,1,0,0
1248156,4,2020,2020,10,3,10,3371,17,67,3342,0,1,1,-33.39485,151.347757,16,2,2,0,2,0,3,4,0,0,7,60,2,4552,5151,8,5,40,1,0,2,0,0
1248157,2,2020,2020,10,0,8,11,27,10,25,0,1,1,-35.388166,149.234948,58,2,1,1,0,0,0,0,2,0,7,80,1,9859,9859,8,34,40,1,0,0,1,0
1248158,1,2020,2020,11,2,4,19,31,172,126,0,1,7,-32.748783,151.59362,42,2,1,1,1,0,0,0,2,0,0,50,2,6545,6545,4,34,5,2,0,0,0,2
1248162,2,2020,2020,10,3,1,48,10,463,52,0,1,1,-30.307831,153.120809,19,2,1,1,2,0,3,3,0,0,7,80,1,1089,1089,7,16,40,1,0,0,1,0
1248163,2,2020,2020,10,1,9,108,27,251,93,0,1,1,-33.77104,150.943639,7,0,2,1,1,0,0,0,2,0,7,60,1,5929,5929,1,0,19,2,0,0,1,0
1248167,2,2020,2020,10,4,7,97,31,532,34609,0,1,0,-33.867375,151.20848,69,0,2,1,1,0,0,0,2,2,9,40,0,387,387,1,16,5,3,0,0,1,0
1248169,4,2020,2020,10,5,0,2,27,6,34609,0,1,9,-33.605992,150.683197,29,2,2,1,0,0,0,0,0,0,7,50,0,9859,9859,8,0,40,1,0,1,0,0
1248171,2,2020,2020,10,3,9,62,10,91,169,0,1,1,-32.815223,151.630391,48,0,2,0,3,0,3,4,3,0,7,100,2,4552,5151,8,0,40,1,0,0,1,0
1248172,4,2020,2020,10,0,3,3,27,87,34609,1,0,9,-33.687335,150.933939,71,0,2,0,3,0,0,0,1,2,7,60,0,5929,5929,1,9,12,2,0,1,0,0
1248173,2,2020,2020,10,2,3,222,27,71,165,0,1,10,-33.97023,151.073639,25,0,2,1,1,0,3,4,2,2,7,50,1,14295,14295,3,5,5,2,0,0,1,0
1248174,2,2020,2020,10,2,9,3371,17,104,3342,0,1,2,-32.852022,151.699917,48,0,2,1,2,0,0,0,0,0,7,80,2,475,475,5,5,40,1,0,0,1,0
1248176,2,2020,2020,11,6,4,78,17,34,75,0,1,8,-33.852361,151.210758,69,0,2,1,0,0,0,0,2,0,7,70,2,14295,14295,3,5,5,3,0,0,1,0
1248177,2,2020,2020,9,5,4,916,17,172,917,0,1,10,-32.759973,151.593481,42,2,1,1,1,0,0,0,2,2,7,60,2,6545,6545,4,0,0,2,0,0,1,0
1248179,2,2020,2020,9,3,6,348,27,169,100,1,0,9,-33.598223,150.745994,29,2,2,0,1,0,0,0,2,0,0,60,2,1850,1463,5,16,40,1,0,0,1,0
1248185,2,2020,2020,9,6,2,2126,17,438,2149,0,1,9,-33.841056,151.035313,21,0,2,1,3,0,0,0,0,0,2,60,2,9859,9859,8,30,40,1,0,0,1,0
1248189,2,2020,2020,10,0,8,481,17,113,483,0,1,1,-28.976743,150.079839,51,1,0,1,0,0,0,0,2,0,7,110,2,9859,9859,8,5,40,1,0,0,1,0
1248190,4,2020,2020,9,5,7,14,27,78,34609,0,1,1,-34.466989,150.853105,80,0,2,1,0,0,0,0,2,0,7,60,0,9859,9859,8,5,40,1,0,1,0,0
1248196,4,2020,2020,10,5,11,3371,17,9,3342,0,1,2,-31.089088,152.860905,34,1,0,1,0,0,0,0,0,0,7,110,2,14295,14295,3,5,10,2,0,1,0,2
1248197,1,2020,2020,9,2,6,48,10,463,52,0,1,7,-30.325783,153.098477,19,2,1,1,3,0,0,0,2,0,0,60,1,14295,14295,3,5,0,2,0,0,0,1
1248201,1,2020,2020,9,3,10,265,10,445,563,0,1,2,-33.861374,151.042224,21,0,2,1,3,0,0,0,0,0,7,70,2,14295,14295,3,0,5,2,0,0,0,1
1248203,1,2020,2020,9,6,7,232,36,92,331,0,1,10,-33.969176,150.814496,13,0,2,1,3,0,0,0,2,2,7,60,2,14295,14295,3,0,0,2,0,0,0,1
1248205,2,2020,2020,2,4,7,916,17,11,917,0,1,9,-32.477203,151.089478,64,1,0,1,3,0,0,0,2,0,7,100,2,1669,1669,3,10,13,2,0,0,2,0
1248211,1,2020,2020,9,1,6,19,27,22,122,0,1,9,-34.531956,150.868851,80,0,2,1,3,0,0,0,2,1,9,60,2,775,775,4,5,5,2,0,0,0,1
1248214,4,2020,2020,9,4,6,2,36,27,3,0,1,1,-31.320784,143.19008,51,1,0,0,0,0,0,0,2,0,7,110,1,418,714,5,0,40,1,0,1,0,0
1248215,1,2020,2020,10,1,4,3371,17,100,3342,0,1,9,-33.810579,151.176733,38,0,2,1,3,0,3,4,2,2,7,60,2,14295,14295,3,10,0,2,0,0,0,1
1248216,1,2020,2020,9,0,7,49,27,201,47,0,1,7,-33.994835,150.875275,13,0,2,1,3,0,0,0,2,0,0,60,1,14295,14295,3,5,5,2,0,0,0,2
1248218,2,2020,2020,9,0,4,512,17,562,441,0,1,2,-32.256416,148.624412,22,2,1,1,3,0,0,0,2,0,7,60,2,623,623,3,10,5,2,0,0,1,0
1248220,1,2020,2020,10,4,8,12,27,58,34609,0,1,9,-32.985573,151.670627,37,0,2,1,3,0,0,0,2,0,0,60,0,2852,2852,4,9,5,2,0,0,0,1
1248225,2,2021,2020,2,0,8,15,1,363,16,0,1,1,-33.744401,150.697803,55,0,2,1,3,0,0,0,2,0,7,60,1,5929,5929,1,0,13,2,0,0,1,0
1248226,4,2020,2020,10,4,8,7,27,165,34609,0,1,1,-32.262924,150.864681,46,1,0,0,3,0,0,0,2,0,7,100,0,782,957,5,5,40,1,0,1,0,0
1248227,2,2020,2020,9,1,6,6,27,3,34609,0,1,1,-32.383667,151.063987,64,2,1,0,3,0,0,0,2,0,7,80,0,1850,1463,5,8,40,1,0,0,1,0
1248229,2,2020,2020,11,3,8,100,27,68,78,0,1,1,-33.682092,149.841066,51,1,0,0,3,0,3,4,2,0,7,100,2,1957,4009,8,5,40,1,0,0,1,0
1248230,2,2020,2020,9,0,9,119,31,145,140,0,1,1,-33.927557,151.10998,15,0,2,1,3,0,0,0,0,0,7,50,1,14295,14295,3,0,5,4,0,0,2,0
1248232,2,2020,2020,9,1,7,38,27,189,165,0,1,10,-33.946327,151.059906,15,0,2,1,3,0,0,0,2,2,7,50,1,926,926,4,5,5,2,0,0,1,1
1248233,1,2020,2020,9,1,4,137,31,9,34609,0,1,1,-32.909814,151.733338,48,0,2,1,3,0,0,0,2,0,7,50,0,1282,1282,1,5,5,2,0,0,0,1
1248234,2,2020,2020,9,0,9,204,27,134,34609,0,1,7,-33.510883,151.322784,16,2,2,1,3,0,0,0,2,0,0,60,0,6545,6545,4,5,5,2,0,0,1,0
1248235,4,2020,2020,9,4,3,53,31,67,125,0,1,10,-33.883709,151.006729,15,0,2,0,3,0,0,0,1,2,7,60,1,5929,5929,1,10,13,2,0,1,0,0
1248239,2,2020,2020,9,3,8,29,27,42,30,0,1,7,-33.895813,150.867828,24,0,2,1,3,0,0,0,2,0,7,60,1,6545,6545,4,5,5,2,0,0,1,0
1248243,1,2020,2020,9,5,8,5,10,24,34609,0,1,1,-33.72789,150.836282,7,0,2,0,1,0,0,0,2,0,7,50,0,4552,5151,1,5,0,2,0,0,0,1
1248249,2,2020,2020,10,2,5,8,31,35,34609,0,1,1,-34.368827,150.915716,80,0,2,1,0,0,0,3,2,0,7,50,0,3775,3775,0,10,13,3,0,0,2,0
1248250,1,2020,2020,11,0,8,6,10,130,34609,0,1,9,-34.46307,150.842292,80,0,2,1,1,0,0,0,3,0,7,50,0,368,368,9,33,28,2,0,0,0,1
1248252,4,2020,2020,9,3,5,50,36,11,7,0,1,1,-36.205819,148.101652,66,1,0,0,0,0,0,0,2,0,7,100,1,2585,4009,8,16,40,1,0,1,0,0
1248254,1,2020,2020,11,2,7,1,27,9,34609,0,1,1,-30.300125,153.007204,19,2,1,0,0,0,0,0,2,0,7,80,0,1850,1463,5,16,40,1,0,0,0,1
1248255,2,2020,2020,9,6,5,10,27,197,34609,0,1,9,-33.801925,151.129494,61,0,2,1,1,0,0,0,2,0,7,50,0,9859,9859,1,5,5,2,0,0,1,0
1248256,2,2020,2020,10,6,5,2209,17,176,2205,1,0,9,-33.96181,151.137731,4,0,2,1,3,0,0,0,2,0,7,60,2,4026,4026,8,5,40,1,0,0,1,0
1248258,1,2020,2020,9,2,0,70,27,78,100,0,1,1,-33.692195,150.576462,8,2,2,0,2,0,0,0,0,0,7,60,2,4552,5151,8,0,40,1,0,0,0,5
1248260,2,2020,2020,9,1,8,74,27,56,59,0,1,9,-34.465466,150.871636,80,0,2,1,3,0,0,0,2,2,7,80,2,1391,1391,1,5,5,2,0,0,1,0
1248261,2,2020,2020,9,1,7,78,27,23,228,0,1,1,-32.994502,151.126831,17,2,1,0,0,2,0,0,2,0,7,80,1,782,957,5,16,40,1,0,0,1,0
1248266,1,2020,2020,11,1,5,3,31,54,34609,0,1,9,-33.867161,150.86412,24,0,2,1,1,0,0,0,2,0,7,50,0,2852,2852,4,5,5,2,0,0,0,1
1248267,2,2020,2020,9,4,8,2126,17,33,2149,0,1,10,-33.490376,150.133834,40,2,1,1,1,0,0,0,2,2,7,70,2,5929,5929,1,0,0,2,0,0,1,0
1248281,4,2020,2020,10,5,6,43,27,66,87,0,1,2,-34.443518,150.882058,80,0,2,1,1,0,0,0,2,2,9,80,2,14295,14295,3,5,5,2,0,2,0,0
1248285,4,2020,2020,10,1,3,10,27,161,115,0,1,1,-33.746846,151.173241,36,0,2,0,1,0,3,4,2,0,7,60,1,3775,3775,0,9,0,2,0,1,1,0
1248287,2,2020,2020,5,3,8,171,31,252,34609,0,1,10,-33.880851,151.214873,69,0,2,1,2,0,3,4,3,2,7,40,0,5929,5929,1,5,27,2,0,0,1,0
1248288,4,2020,2020,9,3,7,916,17,6,917,0,1,9,-29.688675,151.760159,51,1,0,1,0,0,0,0,2,0,0,100,2,1669,1669,3,9,10,2,0,2,1,0
1248291,4,2020,2020,9,5,9,27,7,13,34609,0,1,1,-32.549976,151.143244,64,2,1,1,2,0,0,0,3,0,7,50,0,9859,9859,8,23,40,1,0,1,0,0
1248293,4,2020,2020,9,3,8,34,31,17,34609,0,1,9,-33.911602,151.254899,59,0,2,1,1,0,0,0,2,0,7,50,0,5929,5929,1,5,18,2,0,1,0,0
1248294,4,2020,2020,1,6,5,13,1,129,34609,0,1,1,-33.934176,151.070761,15,0,2,1,1,0,0,0,2,0,0,50,0,1282,1282,1,0,40,1,0,2,0,0
1248295,2,2020,2020,10,4,6,65,27,202,563,0,1,10,-33.941376,151.035262,15,0,2,1,0,0,0,0,2,0,15,70,2,926,926,4,10,5,4,0,0,1,0
1248298,4,2020,2020,11,4,7,42,27,33,56,0,1,1,-33.901118,151.244181,76,0,2,1,1,0,0,0,2,0,7,50,1,14295,14295,3,5,0,3,0,1,0,1
1248300,1,2020,2020,9,5,8,204,31,252,34609,0,1,9,-33.889256,151.215143,69,0,2,1,1,0,0,0,3,0,7,40,0,6545,6545,4,33,27,2,0,0,0,1
1248308,1,2020,2020,11,0,3,7,18,46,34609,0,1,9,-35.159108,147.414167,75,1,0,1,0,0,3,4,1,0,0,100,0,945,945,5,5,40,1,0,0,0,1
1248309,4,2020,2020,9,3,8,225,17,32,180,0,1,1,-34.586625,150.555816,78,1,0,0,0,0,0,0,2,0,7,100,2,190,190,1,22,5,2,0,1,0,0
1248311,1,2020,2020,9,1,7,50,27,166,799,0,1,9,-33.898786,151.174,32,0,2,1,3,0,0,0,2,1,7,50,2,1391,1391,1,5,36,2,0,0,0,1
1248313,1,2020,2020,9,0,5,149,10,346,702,0,1,10,-33.86795,151.064387,67,0,2,1,3,0,0,0,2,2,7,80,2,14295,14295,3,5,5,2,0,0,0,1
1248315,1,2021,2020,9,0,4,330,27,147,605,0,1,9,-33.756322,151.282532,50,0,2,1,3,0,0,0,2,0,7,60,2,1383,1383,1,5,0,2,0,0,0,1
1248316,1,2020,2020,9,2,8,11,10,67,34609,0,1,1,-34.429202,150.862929,80,0,2,1,3,0,0,0,2,0,7,50,0,623,623,3,5,5,2,0,0,0,1
1248318,2,2020,2020,10,2,11,2126,17,445,2149,0,1,9,-33.846684,151.045198,21,0,2,1,3,0,3,4,0,2,7,60,2,14295,14295,3,5,5,2,0,0,2,0
1248320,1,2020,2020,9,0,4,344,27,168,382,0,1,2,-33.714512,150.843351,7,0,2,1,3,0,0,0,2,0,7,80,2,14295,14295,3,30,5,2,0,0,0,1
1248325,1,2020,2020,9,3,10,1104,11,532,770,0,1,6,-33.871015,151.203531,69,0,2,0,3,0,0,0,0,0,7,50,2,2585,4009,8,5,40,1,0,0,0,4
1248326,1,2020,2020,9,4,5,5,31,120,34609,0,1,9,-32.187296,152.514745,43,2,1,1,3,0,0,0,2,0,0,50,0,1109,787,1,10,22,2,0,0,0,1
1248329,2,2020,2020,2,6,8,11,27,29,165,1,0,7,-33.978797,151.079603,25,0,2,1,3,0,0,0,2,0,0,50,1,6545,6545,4,5,0,2,0,0,1,0
1248333,2,2020,2020,2,5,4,38,27,34,45,0,1,1,-35.080804,150.651195,63,2,1,1,0,0,0,0,2,0,7,70,1,14295,14295,3,9,5,3,0,0,3,0
1248335,4,2020,2020,9,5,5,2209,17,273,2205,0,1,10,-34.425809,150.887441,80,0,2,0,1,0,3,0,2,2,9,50,2,1220,1220,9,0,26,2,0,1,0,0
1248337,1,2020,2020,2,5,7,478,17,128,480,0,1,2,-33.427013,151.328292,16,2,2,0,3,0,0,0,2,0,7,70,2,14295,14295,3,0,5,4,0,0,0,1
1248339,2,2020,2020,10,3,10,2,10,120,34609,0,1,1,-33.745229,150.87275,7,0,2,1,2,0,3,4,0,0,7,50,0,9859,9859,1,22,0,2,0,0,1,0
1248340,4,2020,2020,5,6,8,103,36,13,157,0,1,9,-28.618002,153.003434,51,2,1,1,1,0,0,0,2,0,0,50,2,1220,1220,9,5,26,2,0,1,0,0
1248342,4,2020,2020,10,6,10,37,27,14,34609,0,1,1,-33.212746,151.42909,16,1,2,1,0,0,0,0,0,0,7,90,0,9859,9859,8,30,40,1,0,1,0,0
1248343,2,2020,2020,9,4,0,112,17,23,112,0,1,1,-31.513687,145.686493,51,1,0,1,0,0,3,6,0,0,7,110,2,9859,9859,8,5,40,1,0,0,1,0
1248344,1,2020,2020,11,4,7,1,31,11,34609,0,1,9,-34.441292,150.868906,80,0,2,0,1,0,0,0,2,0,7,50,0,4552,5151,8,5,40,1,0,0,0,1
1248345,2,2020,2020,10,2,9,27,27,48,35,0,1,10,-29.033069,152.031108,51,2,1,1,0,0,3,3,3,0,0,70,1,6545,6545,4,5,13,2,0,0,3,0
1248347,4,2020,2020,9,6,7,220,14,21,220,0,1,3,-34.249311,150.935854,80,0,2,0,0,0,0,0,2,0,7,110,2,1282,1282,1,8,5,2,0,1,0,0
1248348,2,2020,2020,9,4,3,866,17,44,793,0,1,2,-33.796287,150.977998,54,0,2,1,2,0,0,0,2,0,7,70,2,1220,1220,9,0,28,2,0,0,1,0
1248350,2,2020,2020,2,6,9,512,17,433,441,0,1,9,-33.257893,149.074132,52,2,1,1,0,0,0,0,2,0,0,50,2,2852,2852,4,5,19,2,0,0,1,0