Crash ID,Degree of crash - detailed,Reporting year,Year of crash,Month of crash,Day of week of crash,Two-hour intervals,Street of crash,Street type,Town,Route no.,School zone location,School zone active,Type of location,Latitude,Longitude,LGA,Urbanisation,Conurbation 1,Alignment,Street lighting,Road surface,Surface condition,Weather,Natural lighting,Signals operation,Other traffic control,Speed limit,Road classification,RUM - code,DCA - code,First impact type,Key TU type,Other TU type,No. of traffic units involved,No. killed,No. seriously injured,No. moderately injured,No. minor-other injured
1248351,4,2020,2020,9,1,5,95,31,271,80,0,1,10,-33.940586,151.010834,15,0,2,1,1,0,0,0,2,0,15,60,1,1669,1669,3,5,5,2,0,1,1,0
1248354,4,2020,2020,10,4,7,45,27,304,96,0,1,10,-33.908143,151.159678,32,0,2,1,1,0,0,0,2,0,0,60,2,926,926,4,0,19,2,0,1,0,0
1248356,2,2020,2020,6,0,5,97,17,53,88,0,1,9,-35.140598,149.335893,82,1,0,1,0,0,0,0,2,0,15,110,2,2852,2852,4,0,12,2,0,0,1,3
1248357,2,2020,2020,1,2,4,16,16,95,34609,0,1,9,-33.733594,150.831117,7,0,2,1,1,0,0,0,2,0,7,50,0,2852,2852,4,10,0,2,0,0,1,0
1248358,4,2020,2020,9,5,7,3,31,73,34609,0,1,1,-33.825634,151.091009,14,0,2,1,1,0,0,3,2,0,7,50,0,4026,4026,1,5,5,2,0,1,0,0
1248364,2,2020,2020,9,4,6,19,27,46,34609,0,1,1,-35.14445,147.392611,75,2,1,0,0,0,0,0,2,0,7,80,0,1850,1463,5,15,40,1,0,0,1,0
1248368,2,2020,2020,10,4,7,2,31,86,34609,0,1,1,-33.74453,150.91711,7,0,2,1,1,0,0,0,2,0,7,50,0,9859,9859,8,5,40,1,0,0,1,0
1248372,2,2020,2020,9,2,7,86,27,83,65,0,1,1,-29.719095,152.938646,18,2,1,1,1,0,0,0,2,0,7,50,1,14295,14295,3,10,13,2,0,0,3,0
1248374,4,2020,2020,9,0,7,2209,17,13,2205,0,1,9,-36.632312,149.825922,5,1,0,1,0,0,0,0,2,0,15,100,2,2852,2852,4,0,0,2,0,1,0,0
1248375,4,2020,2020,10,5,6,481,17,3,483,0,1,1,-34.153128,147.118085,51,1,0,1,0,0,0,0,2,0,7,110,2,9859,9859,8,10,40,1,0,1,0,0
1248376,4,2020,2020,2,5,7,84,1,226,34609,0,1,1,-33.765129,150.809038,7,0,2,0,0,0,0,0,2,0,7,50,0,3775,3775,0,5,13,3,0,1,0,0
1248377,1,2020,2020,9,1,8,51,31,119,34609,0,1,9,-32.762215,151.758763,57,2,1,1,1,0,0,0,2,0,7,50,0,150,150,4,0,5,2,0,0,0,1
1248380,1,2020,2020,10,6,11,265,10,445,563,0,1,9,-33.859571,151.042915,21,0,2,1,2,0,0,0,0,0,7,70,2,2852,2852,4,5,5,2,0,0,0,1
1248382,4,2020,2020,11,0,9,866,17,173,793,0,1,9,-33.719914,151.106379,31,0,2,1,2,0,3,4,0,2,7,70,2,5929,5929,1,5,5,3,0,1,0,1
1248383,4,2020,2020,9,3,4,77,31,163,69,0,1,10,-33.864973,151.103778,14,0,2,1,1,0,3,4,2,2,7,60,2,6545,6545,4,9,0,2,0,1,0,1
1248384,2,2020,2020,9,0,8,2,27,28,34609,0,1,1,-33.08966,148.948395,11,1,0,0,0,0,0,0,2,0,7,100,0,3775,3775,0,0,37,2,0,0,1,0
1248390,4,2020,2020,9,0,8,13,22,42,34609,1,0,1,-33.697583,150.945037,71,0,2,1,1,0,0,0,2,0,7,50,0,1220,1220,9,10,28,2,0,1,0,0
1248392,2,2020,2020,9,2,6,24,31,112,60,0,1,10,-36.056511,146.932748,0,2,1,1,0,0,0,0,2,0,0,60,1,6545,6545,4,0,36,2,0,0,1,0
1248393,4,2020,2020,10,4,3,72,27,82,102,1,0,10,-33.794664,151.257939,50,0,2,1,1,0,0,0,2,2,9,60,2,1220,1220,9,5,28,2,0,1,0,0
1248394,4,2020,2020,9,5,8,361,31,363,34609,0,1,1,-33.823826,150.988653,54,0,2,0,1,0,0,0,2,0,7,50,0,1391,1391,1,33,27,2,0,1,0,0
1248398,4,2020,2020,5,5,8,98,27,6,34609,1,0,9,-33.83541,151.203329,49,0,2,1,2,0,3,4,0,0,9,40,0,1220,1220,9,5,28,2,0,1,0,0
1248402,4,2020,2020,9,2,7,2126,17,163,2149,0,1,2,-33.868913,151.105527,14,0,2,1,1,0,0,0,2,0,7,60,2,1282,1282,1,5,19,2,0,1,0,0
1248403,2,2020,2020,9,4,9,15,31,99,34609,1,0,10,-33.887634,151.276459,76,0,2,1,1,0,0,0,2,0,15,40,0,6545,6545,4,22,5,2,0,0,1,0
1248407,2,2020,2020,10,2,9,115,27,81,114,0,1,9,-33.887611,151.264956,76,0,2,1,2,0,3,0,0,2,7,50,2,63,63,4,22,5,2,0,0,1,0
1248410,2,2020,2020,9,1,5,17,1,53,58,0,1,10,-32.925194,151.759388,48,0,2,1,1,0,0,0,2,2,7,60,2,4026,4026,8,5,40,2,0,0,1,0
1248411,4,2020,2020,9,6,4,118,27,646,118,0,1,10,-33.925394,151.030609,15,0,2,1,1,0,0,0,2,0,0,60,1,1220,1220,9,30,28,2,0,1,0,0
1248414,2,2020,2020,10,5,11,500,27,646,799,0,1,9,-33.935037,151.024598,15,0,2,1,2,0,0,0,0,2,7,60,2,2852,2852,4,5,5,2,0,0,2,0
1248420,4,2020,2020,10,4,10,6,31,163,34609,0,1,7,-33.856949,151.098858,14,0,2,1,2,0,0,0,0,0,0,50,0,6545,6545,4,5,0,2,0,1,0,1
1248424,1,2020,2020,9,2,8,1,27,34,34609,0,1,1,-35.059103,150.627527,63,2,1,1,0,2,0,0,2,0,7,50,0,4026,4026,8,0,40,1,0,0,0,1
1248426,2,2020,2020,9,1,7,2,18,9,34609,0,1,1,-32.55546,149.588962,44,1,0,0,0,2,0,0,2,0,7,100,0,1259,5151,8,10,40,1,0,0,1,0
1248429,1,2020,2020,1,2,9,12,27,443,34609,1,0,1,-33.89455,151.060438,15,0,2,1,1,0,0,0,2,0,7,50,0,941,941,1,5,13,2,0,0,0,1
1248430,1,2020,2020,9,5,8,829,27,165,770,0,1,9,-33.855573,151.158853,14,0,2,1,1,0,0,0,2,0,7,60,2,14295,14295,3,9,5,3,0,0,0,1
1248431,1,2020,2020,10,4,3,2126,17,139,2149,0,1,2,-33.884598,151.135481,32,0,2,1,2,0,0,0,1,0,7,60,2,14295,14295,3,5,12,2,0,0,0,1
1248432,4,2020,2020,9,5,4,5,1,438,34609,1,2,7,-33.843006,151.034851,21,0,2,1,1,0,0,0,2,0,0,40,0,2040,2040,9,5,28,2,0,1,0,0
1248436,4,2020,2020,9,0,6,3,31,124,34609,0,1,9,-33.816246,151.040933,54,0,2,1,1,0,3,0,2,0,7,50,0,1109,787,1,0,19,2,0,1,0,0
1248440,4,2020,2020,9,0,4,8,27,10,9,0,1,1,-30.75276,152.942344,47,1,0,0,0,0,3,3,2,0,7,90,1,2585,4009,8,0,40,1,0,1,0,0
1248441,1,2020,2020,9,2,11,137,31,65,18,0,1,9,-32.927211,151.76983,48,0,2,1,1,0,0,0,0,0,7,50,2,9859,9859,8,16,40,1,0,0,0,1
1248442,4,2020,2020,9,2,0,51,10,5,34609,0,1,1,-32.557431,148.917883,22,2,1,0,0,2,0,0,0,0,7,80,0,418,714,5,10,40,1,0,1,0,0
1248445,2,2020,2020,11,1,7,16,10,67,22,0,1,9,-33.394608,151.344025,16,2,2,1,1,0,0,0,2,0,15,50,1,2852,2852,4,5,19,2,0,0,1,0
1248446,1,2020,2020,2,4,5,9,27,26,34609,0,1,1,-31.201553,152.966336,34,2,1,0,0,0,3,4,2,0,7,60,0,4552,5151,8,21,40,1,0,0,0,2
1248447,2,2020,2020,10,1,4,1052,14,83,928,0,1,3,-33.492426,151.185554,16,1,2,0,0,0,3,4,2,0,7,90,2,2585,4009,8,10,40,2,0,0,1,0
1248448,1,2020,2020,10,3,7,103,36,14,103,0,1,1,-32.320422,151.921838,43,1,0,0,0,0,3,4,2,0,7,90,1,1259,5151,8,5,40,1,0,0,0,1
1248449,1,2020,2020,11,2,4,11,31,65,42,0,1,10,-32.927863,151.784334,48,0,2,1,0,0,0,0,2,0,0,40,1,1945,1945,5,22,40,2,0,0,0,1
1248451,2,2020,2020,11,6,5,16,27,48,34609,0,1,1,-32.721342,152.137182,57,2,1,0,1,0,3,4,2,0,7,50,0,2585,4009,8,0,40,1,0,0,1,0
1248453,4,2020,2020,10,5,7,12,27,11,34609,0,1,1,-33.937591,150.678416,41,0,2,0,0,0,0,0,2,0,7,80,0,2585,4009,8,5,40,1,0,2,0,0
1248454,1,2020,2020,11,3,8,171,1,80,104,0,1,9,-33.936345,151.208918,4,0,2,1,1,0,0,0,3,2,7,70,2,489,489,8,30,40,1,0,0,0,1
1248455,4,2020,2020,10,1,7,46,27,15,49,0,1,6,-34.07091,150.842003,13,0,2,1,0,0,0,0,2,0,7,60,1,4026,4026,8,5,40,1,0,1,0,0
1248456,2,2020,2020,10,5,3,2261,17,23,2252,0,1,3,-34.049814,150.814255,13,0,2,0,1,0,0,0,2,0,7,110,2,14295,14295,3,5,5,2,0,0,1,0
1248460,2,2020,2020,9,0,8,30,31,433,34609,0,1,10,-33.280344,149.106484,52,2,1,1,0,0,0,0,2,0,0,50,0,2040,2040,9,0,28,2,0,0,1,0
1248461,2,2020,2020,11,4,9,13,27,3,34609,0,1,1,-32.515078,151.722597,51,2,1,0,0,0,0,0,0,0,7,80,0,4552,5151,8,0,40,1,0,0,1,0
1248462,2,2020,2020,11,3,5,39,31,246,99,0,1,9,-33.903405,151.194975,69,0,2,1,0,0,0,0,2,0,7,50,2,6545,6545,4,5,5,2,0,0,2,0
1248463,1,2020,2020,11,0,10,35,27,3,34,0,1,1,-30.27364,151.905149,1,1,0,0,0,0,0,0,0,0,7,100,1,1259,5151,8,10,40,1,0,0,0,1
1248464,4,2020,2020,10,6,3,8,27,210,34609,0,1,9,-34.037764,151.106826,68,0,2,1,1,0,0,0,1,0,7,50,0,9859,9859,1,5,5,2,0,1,0,0
1248467,2,2020,2020,9,4,9,1,1,39,34609,0,1,1,-31.067869,152.830191,34,2,1,1,1,0,0,0,2,0,7,50,0,14295,14295,3,5,5,2,0,0,2,0
1248468,2,2020,2020,10,3,4,133,31,43,34609,0,1,9,-32.173292,152.499949,43,2,1,1,1,0,0,0,2,0,0,50,0,312,312,2,0,40,1,0,0,1,0
1248469,2,2020,2020,10,6,8,512,17,9,441,0,1,1,-33.385026,149.206147,52,1,0,1,0,0,0,3,2,0,7,100,2,1383,1383,1,5,35,2,0,0,1,0
1248473,2,2020,2020,10,2,10,15,27,3,34609,0,1,1,-35.004172,149.884154,26,2,1,1,0,0,3,4,0,0,7,80,0,3775,3775,0,30,0,2,0,0,1,0
1248476,2,2020,2020,9,5,4,37,1,64,34609,0,1,10,-33.699677,150.745109,55,0,2,1,0,0,0,0,2,0,0,70,0,6545,6545,4,30,5,2,0,0,2,0
1248477,2,2020,2020,9,6,11,280,10,314,82,0,1,10,-33.850836,150.922233,24,0,2,1,2,0,0,0,0,2,7,60,1,5929,5929,1,16,5,2,0,0,1,0
1248478,1,2020,2020,9,6,6,3,31,70,34609,0,1,10,-32.733934,151.554293,42,2,1,1,1,0,0,0,2,2,9,40,0,1220,1220,9,5,28,2,0,0,0,1
1248480,2,2020,2020,10,0,4,194,31,309,702,0,1,9,-33.819373,151.099798,61,0,2,1,1,0,0,0,2,2,7,70,2,14295,14295,3,8,13,2,0,0,2,0
1248483,2,2020,2020,10,5,3,11,36,12,11,0,1,1,-33.657021,148.873026,51,1,0,0,0,0,0,0,2,0,7,100,1,14295,14295,3,10,5,2,0,0,1,0
1248485,4,2020,2020,10,1,7,481,17,25,483,0,1,1,-31.786194,148.637716,51,1,0,0,0,0,0,0,2,0,7,110,2,3775,3775,0,9,5,2,0,2,0,1
1248486,4,2020,2020,9,1,3,55,1,167,34609,0,1,10,-33.83992,151.068649,54,0,2,1,1,0,0,0,2,0,15,60,0,5929,5929,1,5,27,2,0,1,0,0
1248488,4,2020,2020,10,1,5,1,34,50,88,0,1,9,-33.711636,151.273589,50,0,2,1,0,2,0,0,2,0,7,80,2,175,188,8,0,40,1,0,1,0,0
1248489,2,2020,2020,9,5,9,4,31,70,34609,0,1,10,-34.849622,150.605011,63,2,1,1,1,0,0,3,2,0,15,50,0,6545,6545,4,5,0,2,0,0,1,0
1248494,2,2020,2020,10,0,10,387,27,204,331,1,0,10,-33.939186,151.14564,4,0,2,1,2,0,0,0,0,2,7,60,2,6545,6545,4,9,13,2,0,0,1,0
1248500,4,2020,2020,10,5,5,79,10,80,34609,0,1,1,-33.878635,151.200896,69,0,2,1,1,0,0,0,2,2,9,50,0,1109,787,1,9,19,2,0,1,0,0
1248502,1,2020,2020,11,3,8,196,10,32,168,0,1,9,-33.927032,150.979511,15,0,2,1,2,0,0,0,3,2,7,60,2,5929,5929,1,9,5,2,0,0,0,1
1248503,4,2020,2020,10,1,4,95,31,64,34609,0,1,10,-33.759844,151.203472,50,0,2,1,0,0,0,0,2,0,7,50,0,1957,777,8,5,40,1,0,1,0,0
1248507,2,2020,2020,9,4,10,42,27,11,34609,0,1,1,-34.356204,150.909193,80,0,2,1,2,0,0,0,0,0,7,50,0,9859,9859,1,5,0,2,0,0,1,0
1248508,2,2020,2020,11,4,0,92,27,129,244,1,0,10,-33.895616,151.107284,15,0,2,1,2,0,0,0,0,0,7,60,2,6545,6545,4,5,0,2,0,0,1,0
1248509,2,2020,2020,9,0,4,308,14,54,311,0,1,3,-33.87541,150.844534,24,0,2,1,0,0,0,0,2,0,7,100,2,475,475,5,16,40,1,0,0,1,0
1248510,4,2020,2020,9,2,7,15,27,2,34609,0,1,9,-29.996937,150.783596,51,1,0,0,0,0,0,0,2,0,7,100,0,2585,4009,8,16,40,1,0,1,0,0
1248511,1,2020,2020,9,5,8,4,31,96,34609,0,1,1,-35.34986,149.23484,58,2,1,1,1,0,0,0,2,0,7,50,0,1220,1220,9,5,28,2,0,0,0,1
1248517,4,2020,2020,10,6,6,100,31,179,34609,0,1,7,-33.764882,150.734401,55,0,2,1,1,0,0,0,2,0,0,50,0,1850,985,5,16,40,1,0,1,0,0
1248518,4,2020,2020,9,6,9,98,27,87,799,0,1,2,-33.927882,150.974118,41,0,2,0,2,0,0,0,3,0,7,70,2,14295,14295,3,10,5,2,0,1,0,0
1248521,2,2020,2020,10,0,6,361,23,176,165,0,1,9,-33.966597,151.130449,25,0,2,1,3,0,0,0,2,0,7,50,1,5929,5929,1,10,5,2,0,0,1,0
1248522,4,2020,2020,9,4,10,36,31,69,34609,0,1,10,-32.935158,151.739754,48,0,2,1,2,0,0,0,0,0,7,50,0,1945,1945,5,0,40,1,0,1,0,0
1248523,2,2020,2020,9,2,4,481,17,77,483,0,1,2,-30.298262,149.794488,51,1,0,0,1,0,0,0,2,0,7,110,2,2585,4009,8,26,40,1,0,0,1,0
1248526,1,2020,2020,11,2,6,14,27,251,34609,0,1,1,-33.767438,150.927585,7,0,2,1,1,0,0,0,2,0,7,50,0,1981,1981,4,5,27,2,0,0,0,1
1248527,2,2020,2020,9,3,7,3371,17,69,3342,0,1,10,-32.934571,151.750618,48,0,2,1,1,0,3,3,2,0,15,60,2,5929,5929,1,0,0,2,0,0,1,2
1248530,2,2020,2020,11,0,7,485,27,187,769,0,1,10,-33.789107,150.99541,54,0,2,1,1,0,0,0,2,2,9,60,2,2040,2040,9,33,28,2,0,0,1,0
1248533,1,2020,2020,9,0,6,6,31,204,34609,0,1,1,-33.900743,150.935068,24,0,2,1,3,0,0,0,2,0,7,50,0,395,395,1,5,13,2,0,0,0,1
1248534,2,2020,2020,9,4,8,6,31,207,34609,0,1,10,-31.941501,141.457758,51,2,1,1,1,0,0,0,2,0,0,50,0,6545,6545,4,0,5,2,0,0,1,0
1248536,1,2020,2020,9,6,3,60,10,121,84,0,1,2,-28.189214,153.541074,72,2,1,1,3,0,3,4,2,0,7,60,1,14295,14295,3,5,5,2,0,0,0,1
1248544,1,2020,2020,9,0,2,10,31,445,34609,0,1,10,-33.856155,151.050339,21,0,2,1,3,0,0,0,0,0,15,50,0,5929,5929,1,5,5,2,0,0,0,1
1248545,4,2020,2020,9,0,8,1,7,73,34609,0,1,1,-33.756903,150.806848,7,0,2,1,3,0,0,0,3,0,7,50,0,3775,3775,0,5,5,2,0,1,0,0
1248546,2,2020,2020,9,2,8,57,31,174,321,0,1,10,-33.889054,151.2016,69,0,2,1,3,0,0,0,4,2,7,50,2,14295,14295,3,5,5,2,0,0,1,0
1248547,4,2020,2020,9,2,4,866,17,314,793,0,1,10,-33.851807,150.94275,24,0,2,1,3,0,0,0,2,2,7,70,2,14295,14295,3,5,5,2,0,1,0,0
1248549,1,2020,2020,9,3,5,1,10,70,3,0,1,7,-32.733476,151.551245,42,2,1,0,3,0,0,0,2,0,0,50,1,2585,777,8,5,40,2,0,0,0,1
1248550,2,2020,2020,9,4,5,220,27,66,222,0,1,10,-33.712047,150.933509,7,0,2,1,3,0,0,0,2,2,7,80,2,6545,6545,4,5,25,4,0,0,2,0
1248554,2,2020,2020,10,1,5,43,27,273,87,0,1,9,-34.441103,150.888914,80,0,2,1,1,0,0,3,2,1,15,80,2,926,926,4,5,5,3,0,0,2,1
1248555,4,2020,2020,10,3,10,220,14,9,220,0,1,3,-34.217869,150.955194,80,0,2,1,0,0,3,4,0,0,7,110,2,4026,4026,8,9,40,1,0,1,0,0
1248557,1,2020,2020,9,1,7,54,27,443,6,0,1,10,-33.899756,151.042939,15,0,2,1,3,0,0,0,2,2,7,60,2,14295,14295,3,10,5,3,0,0,0,1
1248559,2,2020,2020,9,0,8,2,31,113,34609,0,1,10,-29.462993,149.833315,51,2,1,1,3,0,0,0,2,0,0,50,0,1669,1669,3,0,5,2,0,0,1,0
1248562,2,2020,2020,9,0,8,280,10,314,82,1,0,2,-33.853449,150.940113,24,0,2,1,1,0,0,0,2,0,7,60,1,387,387,1,16,5,6,0,0,1,0
1248563,4,2020,2020,9,6,4,2261,17,30,2252,0,1,2,-35.548527,147.535522,27,1,0,1,0,0,0,0,2,0,7,110,2,4026,4026,8,5,40,1,0,1,0,0
1248564,2,2020,2020,9,2,6,194,31,105,34609,0,1,1,-32.596473,149.58759,44,2,1,1,0,0,0,0,2,0,7,50,0,340,340,9,10,28,2,0,0,1,0
1248565,2,2020,2020,1,4,9,3371,17,24,3342,0,1,2,-32.581924,152.128962,43,1,0,0,0,0,0,0,0,0,7,110,2,2585,4009,8,0,40,1,0,0,1,0
1248568,2,2020,2020,9,3,6,3371,17,40,3342,0,1,9,-31.52774,152.791594,56,1,0,1,0,0,0,0,2,0,15,110,2,2852,2852,4,5,13,2,0,0,3,0
1248569,4,2020,2020,2,6,7,916,17,23,917,0,1,1,-31.682215,150.764853,51,1,0,0,0,0,0,0,2,0,7,100,2,273,957,5,5,40,1,0,1,0,0
1248570,2,2020,2020,2,5,2,220,14,67,220,0,1,3,-34.425347,150.86777,80,0,2,0,2,0,0,0,1,0,7,90,2,4552,5151,8,5,40,1,0,0,1,0
1248571,1,2020,2020,6,4,7,103,27,113,256,0,1,1,-34.26411,150.886238,80,0,2,1,0,0,0,0,2,0,7,90,2,14295,14295,3,5,12,2,0,0,0,1
1248572,2,2020,2020,9,3,10,191,27,33,208,0,1,1,-33.795927,151.092795,61,0,2,1,2,0,0,0,0,0,7,60,2,4026,4026,8,0,40,1,0,0,1,0
1248574,2,2020,2020,9,0,5,31,22,9,34609,0,1,1,-32.913893,151.756403,48,0,2,1,1,0,0,0,2,0,7,50,0,1981,1981,4,21,0,2,0,0,1,1
1248575,2,2020,2020,10,5,7,2,27,4,34609,0,1,1,-35.572459,149.631267,58,2,1,0,0,2,0,0,2,0,7,50,0,1957,4009,8,10,40,2,0,0,1,0
1248576,4,2020,2020,10,6,10,23,1,179,70,0,1,2,-31.901077,152.480408,43,2,1,1,2,0,0,0,0,0,7,60,1,190,190,1,5,0,2,0,1,0,0
1248577,4,2020,2020,1,2,10,1,27,9,34609,0,1,9,-34.824151,145.980657,51,1,0,1,1,0,0,0,0,0,7,100,0,2585,777,8,34,40,1,0,1,0,0
1248579,2,2020,2020,9,1,6,225,27,304,140,0,1,9,-33.917322,151.148555,32,0,2,1,1,0,3,4,2,0,9,50,1,2040,2040,9,0,28,2,0,0,1,0
1248581,4,2020,2020,11,4,7,65,10,132,148,0,1,1,-34.121675,151.078954,68,0,2,0,0,0,0,0,2,0,7,60,2,3775,3775,0,10,13,2,0,1,1,0
1248585,1,2020,2020,9,2,5,10,27,9,34609,0,1,9,-33.472969,151.359146,16,2,2,1,3,0,0,0,2,0,7,50,0,14295,14295,3,10,5,2,0,0,0,1
1248588,4,2020,2020,10,0,4,2209,17,176,2205,1,2,9,-33.968969,151.136161,4,0,2,0,1,0,0,0,2,2,9,40,2,2852,2852,4,21,0,2,0,1,1,0
1248589,2,2020,2020,9,4,4,344,27,44,369,0,1,9,-33.742252,150.715936,55,0,2,1,3,0,0,0,2,2,7,70,2,14295,14295,3,5,5,2,0,0,1,0
1248592,2,2020,2020,2,5,7,14,1,169,99,0,1,10,-33.900901,151.215126,69,0,2,1,3,0,0,0,2,2,7,60,2,14295,14295,3,5,0,2,0,0,1,0
1248597,1,2020,2020,9,3,7,40,31,143,34609,0,1,9,-33.695924,151.101012,31,0,2,1,3,0,0,0,2,0,7,50,0,6545,6545,4,5,0,2,0,0,0,1
1248599,2,2020,2020,11,6,6,3371,17,77,3342,0,1,9,-33.528838,151.200989,16,2,2,1,3,0,0,0,2,0,7,60,2,1945,1945,5,16,40,2,0,0,1,0
1248602,1,2020,2020,10,4,7,4,31,108,34609,0,1,2,-33.306705,151.409021,16,2,2,1,3,0,0,0,2,0,15,60,0,1981,1981,4,10,0,2,0,0,0,1
1248603,1,2020,2020,9,3,6,5,27,47,34609,0,1,1,-35.339081,149.42816,58,1,0,1,3,0,0,0,2,0,7,100,0,9859,9859,8,0,40,1,0,0,0,1
1248604,1,2020,2020,9,6,4,478,17,89,480,0,1,9,-33.385696,151.472515,16,2,2,1,3,0,0,0,2,0,0,60,2,1282,1282,1,5,5,2,0,0,0,1
1248608,1,2020,2020,10,2,8,829,27,165,770,0,1,2,-33.84692,151.151655,14,0,2,1,3,0,0,6,3,0,7,60,2,1981,1981,4,5,13,2,0,0,0,1
1248609,1,2020,2020,9,4,7,478,17,128,480,0,1,10,-33.427124,151.317575,16,2,2,1,3,0,3,4,2,2,7,70,2,14295,14295,3,5,0,2,0,0,0,1
1248610,1,2020,2020,9,3,11,2126,17,60,2149,0,1,1,-33.627535,150.284355,8,2,2,0,3,0,0,0,0,0,7,60,2,1089,1089,7,0,40,1,0,0,0,1
1248611,1,2020,2020,2,5,3,2209,17,157,2205,0,1,2,-34.008657,151.108855,68,0,2,1,3,0,0,0,2,0,7,70,2,14295,14295,3,5,5,2,0,0,0,1
1248612,2,2020,2020,10,0,8,117,1,210,121,0,1,1,-34.039014,151.093189,68,0,2,1,3,0,0,0,2,0,7,60,1,1109,787,1,0,18,2,0,0,1,0
1248614,2,2020,2020,9,2,7,829,27,304,140,0,1,1,-33.908142,151.163477,32,0,2,1,1,0,0,0,2,0,7,60,1,941,941,1,5,36,2,0,0,1,1
1248616,1,2020,2020,9,6,7,2126,17,139,2149,0,1,2,-33.886102,151.139202,32,0,2,1,1,0,0,0,2,0,7,60,2,14295,14295,3,9,13,2,0,0,0,1
1248619,1,2020,2020,9,3,8,3,27,10,34609,0,1,1,-29.068353,153.084865,60,2,1,1,0,2,0,0,2,0,7,40,0,9859,9859,8,16,40,1,0,0,0,1
1248620,1,2020,2020,9,4,7,829,27,165,770,0,1,9,-33.847241,151.151855,14,0,2,1,3,0,0,0,2,1,7,60,2,14295,14295,3,0,0,2,0,0,0,1
1248622,2,2020,2020,9,3,6,3,27,14,34609,0,1,9,-33.433262,150.827637,29,2,2,1,1,0,0,0,2,0,7,60,0,1945,1945,5,16,40,1,0,0,1,0
1248624,2,2020,2020,9,1,6,1,22,9,34609,0,1,1,-33.834523,151.055082,54,0,2,1,1,0,0,0,2,0,9,50,0,2040,2040,9,9,28,2,0,0,1,0
1248629,2,2020,2020,9,5,4,9,31,16,34609,0,1,9,-33.815509,151.089748,61,0,2,0,1,0,3,4,2,0,9,50,0,1220,1220,9,5,28,2,0,0,1,0
1248631,4,2020,2020,9,0,8,83,27,10,72,0,1,1,-28.738418,153.38718,39,1,0,0,0,0,0,0,2,0,7,100,2,14295,14295,3,9,5,2,0,1,1,0
1248632,4,2020,2020,9,2,6,81,17,83,100,0,1,9,-34.448568,150.455311,78,2,1,1,1,0,0,0,2,0,0,60,2,3775,3775,0,5,0,2,0,1,2,0
1248635,4,2020,2020,10,5,8,7,31,237,34609,0,1,10,-33.870049,150.957764,24,0,2,1,1,0,0,0,2,2,6,40,0,2040,2040,9,5,28,2,0,1,0,0
1248637,1,2020,2020,11,6,4,2261,17,443,2252,0,1,2,-33.895254,151.052216,15,0,2,1,1,0,0,0,2,0,7,70,2,1282,1282,1,10,5,2,0,0,0,1
1248640,2,2020,2020,9,3,9,110,31,433,34609,0,1,1,-33.260098,149.097313,52,2,1,1,0,0,0,0,3,0,7,50,0,9859,9859,8,5,40,1,0,0,1,0
1248642,1,2020,2020,9,2,4,120,36,10,148,0,1,1,-30.503293,152.246036,1,1,0,1,2,0,3,0,2,0,7,100,2,4026,4026,8,0,40,1,0,0,0,1
1248644,1,2020,2020,11,5,5,293,31,523,34609,0,1,1,-33.924422,150.923359,41,0,2,1,1,0,0,0,2,0,7,30,0,1220,1220,9,9,28,2,0,0,0,1
1248646,4,2020,2020,9,4,9,162,31,65,122,0,1,2,-34.493102,150.888573,80,0,2,1,1,0,0,0,2,0,7,70,2,623,623,3,30,13,2,0,1,0,0
1248648,1,2020,2020,10,2,4,2126,17,125,2149,0,1,1,-33.864265,151.083006,67,0,2,1,1,0,0,0,2,0,7,60,2,1945,1945,5,15,40,1,0,0,0,1
1248649,1,2020,2020,9,5,3,3371,17,24,3342,0,1,2,-29.705232,153.124189,18,1,0,1,1,0,0,0,2,0,7,110,2,9859,9859,8,29,40,1,0,0,0,1
1248650,2,2020,2020,9,1,3,24,31,433,34609,1,0,7,-33.287593,149.098037,52,2,1,1,1,0,0,0,2,0,0,50,0,6545,6545,4,10,19,2,0,0,1,0
1248652,4,2020,2020,1,3,5,1,27,3,34609,0,1,1,-29.797654,151.976487,51,1,0,0,0,2,0,0,2,0,7,100,0,1850,1463,5,16,40,1,0,1,0,0
1248653,2,2020,2020,2,6,6,293,31,128,369,0,1,10,-33.617487,150.809277,29,2,2,1,1,0,0,0,2,2,7,60,2,2852,2852,4,5,35,2,0,0,1,0
1248654,1,2020,2020,9,3,6,500,27,198,799,0,1,9,-33.916859,151.107725,15,0,2,1,0,0,0,0,2,0,7,60,2,6545,6545,4,5,5,2,0,0,0,1
1248655,2,2020,2020,9,6,9,3371,17,7,3342,0,1,9,-32.928207,151.756654,48,0,2,1,1,0,0,0,2,0,0,60,2,14295,14295,3,10,5,3,0,0,1,0
1248658,4,2020,2020,9,0,3,37,27,62,256,0,1,9,-34.088935,150.806098,13,0,2,1,2,0,0,0,2,2,7,80,2,14295,14295,3,5,13,3,0,1,0,0
1248659,4,2020,2020,10,4,4,1,31,8,34609,0,1,0,-33.897315,151.266201,76,0,2,1,0,0,0,0,2,0,7,50,0,214,214,9,30,28,2,0,1,0,0
1248662,4,2020,2020,9,1,8,145,27,125,34609,0,1,1,-33.863059,151.079485,67,0,2,1,0,0,0,0,2,0,7,50,0,591,591,1,22,0,2,0,1,0,0