Crash ID,Degree of crash - detailed,Reporting year,Year of crash,Month of crash,Day of week of crash,Two-hour intervals,Street of crash,Street type,Town,Route no.,School zone location,School zone active,Type of location,Latitude,Longitude,LGA,Urbanisation,Conurbation 1,Alignment,Street lighting,Road surface,Surface condition,Weather,Natural lighting,Signals operation,Other traffic control,Speed limit,Road classification,RUM - code,DCA - code,First impact type,Key TU type,Other TU type,No. of traffic units involved,No. killed,No. seriously injured,No. moderately injured,No. minor-other injured
1248664,1,2020,2020,8,6,6,20,27,103,45,0,1,1,-34.324382,148.452313,30,1,0,1,0,0,0,0,2,0,7,100,1,9859,9859,8,5,40,1,0,0,0,1
1248665,2,2020,2020,9,4,10,1,27,7,34609,0,1,1,-30.242687,148.782648,51,2,1,1,0,2,0,0,0,0,7,80,0,1089,1089,7,16,40,1,0,0,1,0
1248667,2,2020,2020,10,1,7,51,1,57,34609,0,1,9,-33.943568,151.222589,4,0,2,1,1,0,0,0,2,2,7,50,0,2040,2040,9,5,28,2,0,0,1,0
1248668,4,2020,2020,10,0,7,36,1,53,34609,0,1,1,-33.921085,150.831427,41,0,2,1,1,0,0,0,2,0,7,60,0,941,941,1,5,5,2,0,2,0,0
1248669,2,2020,2020,10,6,8,5,27,57,34609,0,1,7,-34.558683,150.824266,62,0,2,1,1,0,0,0,2,0,0,50,0,945,945,5,0,40,1,0,0,1,0
1248670,2,2020,2020,5,4,3,47,31,117,84,0,1,9,-28.180752,153.539345,72,2,1,1,1,0,0,0,2,2,7,60,1,14295,14295,3,5,5,2,0,0,1,0
1248671,4,2020,2020,10,6,7,92,27,143,34609,0,1,1,-33.874683,151.104227,9,0,2,1,1,0,0,0,2,0,7,40,0,340,340,9,30,28,2,0,1,0,0
1248673,1,2020,2020,9,5,7,45,31,43,81,0,1,7,-32.173191,152.498489,43,2,1,0,1,0,0,0,2,0,0,50,2,1850,985,5,15,40,1,0,0,0,1
1248674,1,2020,2020,9,6,4,2,27,145,34609,0,1,7,-33.925395,151.110821,15,0,2,1,1,0,0,0,2,0,0,50,0,6545,6545,4,0,40,2,0,0,0,1
1248675,2,2020,2020,9,5,11,2209,17,166,2205,0,1,1,-33.892993,151.184724,69,0,2,1,2,0,0,0,0,0,7,40,2,14295,14295,3,5,5,3,0,0,2,0
1248676,4,2020,2020,9,0,4,103,27,34,98,0,1,1,-32.738886,150.936636,64,2,1,0,1,0,0,0,2,0,7,80,2,1259,5151,8,5,40,1,0,2,0,0
1248677,2,2020,2020,9,4,4,62,10,17,169,0,1,9,-32.823386,151.582576,17,2,1,0,1,0,0,0,2,0,7,60,2,41,41,8,5,40,1,0,0,1,0
1248679,2,2020,2020,9,3,7,1,10,85,34609,0,1,1,-33.781742,150.676119,55,0,2,1,0,0,0,0,2,0,7,50,0,4026,4026,8,5,40,2,0,0,2,0
1248681,4,2020,2020,9,1,10,21,7,62,14,0,1,1,-33.889943,151.134862,32,0,2,1,2,0,0,0,0,0,7,50,1,5929,5929,1,5,19,2,0,1,0,0
1248687,4,2020,2020,11,1,2,81,27,609,115,0,1,9,-33.780667,150.900777,7,0,2,1,2,0,0,0,0,0,7,60,2,6545,6545,4,5,5,2,0,1,0,1
1248688,4,2020,2020,10,1,7,41,27,3,69,0,1,1,-34.204772,149.753971,74,1,0,0,0,0,0,0,2,0,7,100,1,4552,5151,8,16,40,1,0,1,0,0
1248689,4,2020,2020,10,5,8,103,27,34,98,0,1,1,-32.807663,150.89692,64,2,1,0,0,0,0,0,2,0,7,80,2,4552,5151,8,16,40,1,0,1,0,0
1248692,1,2020,2020,11,5,9,16,27,17,34609,0,1,0,-33.913436,151.264591,59,0,2,1,2,0,0,0,0,0,7,50,0,941,941,1,5,5,2,0,0,0,1
1248697,4,2020,2020,10,6,6,2126,17,75,2149,1,0,2,-33.709897,150.374509,8,2,2,1,0,0,0,0,2,0,7,60,2,340,340,9,5,28,2,0,1,0,0
1248710,2,2021,2020,2,5,3,2,31,140,34609,0,1,1,-33.790113,150.840273,7,0,2,1,3,0,0,0,1,0,7,50,0,9859,9859,1,0,5,2,0,0,1,0
1248712,4,2020,2020,11,4,6,97,31,137,34609,0,1,9,-34.044786,151.052569,68,0,2,1,0,0,0,0,2,0,0,80,0,775,775,4,0,10,2,0,1,0,0
1248714,1,2020,2020,9,0,5,194,31,309,702,0,1,2,-33.821744,151.097489,61,0,2,1,3,0,0,0,2,1,9,70,2,14295,14295,3,10,5,2,0,0,0,1
1248715,1,2020,2020,9,0,6,829,27,124,770,0,1,2,-33.813803,151.051916,54,0,2,1,3,0,0,0,2,0,7,70,2,14295,14295,3,5,5,2,0,0,0,1
1248716,4,2020,2020,10,4,5,36,36,14,139,0,1,9,-34.506334,146.206595,51,1,0,1,3,0,0,0,2,0,0,100,2,9859,9859,8,5,40,1,0,1,0,0
1248717,1,2020,2020,6,1,10,2,31,78,34609,0,1,9,-28.322814,153.40099,72,2,1,0,3,0,0,0,0,0,7,50,0,2585,4009,8,10,40,1,0,0,0,1
1248720,1,2020,2020,9,0,6,68,31,76,100,0,1,9,-34.542616,150.385455,78,2,1,1,3,0,0,0,2,0,7,60,2,1669,1669,3,30,5,2,0,0,0,1
1248721,1,2020,2020,10,1,6,7,10,172,34609,0,1,1,-32.760943,151.592754,42,2,1,1,3,0,0,0,2,0,7,50,0,14295,14295,3,5,36,2,0,0,0,1
1248726,1,2020,2020,11,3,9,25,31,253,34609,0,1,10,-33.970643,151.101501,25,0,2,1,3,0,0,3,0,0,0,50,0,217,217,1,5,5,2,0,0,0,1
1248727,1,2020,2020,2,0,8,5,31,104,34609,0,1,10,-32.911698,151.709164,48,0,2,1,3,0,0,0,2,0,15,50,0,6545,6545,4,5,36,2,0,0,0,1
1248729,1,2020,2020,9,1,4,109,27,460,106,0,1,9,-33.835844,150.986522,21,0,2,1,3,0,0,0,2,2,7,60,1,14295,14295,3,5,12,2,0,0,0,1
1248731,2,2020,2020,2,0,5,163,27,226,165,0,1,2,-33.765171,150.823232,7,0,2,1,3,0,0,0,2,0,7,60,1,14295,14295,3,30,5,3,0,0,1,0
1248732,1,2020,2020,2,6,6,280,10,92,240,1,0,2,-33.87127,150.962662,24,0,2,1,3,0,0,0,2,0,7,60,2,1192,1192,1,5,35,2,0,0,0,1
1248735,1,2020,2020,9,5,7,478,17,118,480,0,1,9,-33.421154,151.28862,16,2,2,1,3,0,0,0,2,2,7,70,2,14295,14295,3,34,13,2,0,0,0,1
1248736,2,2020,2020,2,1,3,7,31,79,34609,0,1,1,-33.581079,150.719032,29,2,2,1,3,0,0,0,2,0,7,50,0,941,941,1,5,5,3,0,0,1,0
1248738,2,2020,2020,9,3,7,145,31,532,34609,0,1,1,-33.863669,151.208222,69,0,2,1,3,0,0,0,2,0,7,40,0,1109,397,1,5,19,2,0,0,1,0
1248743,1,2020,2020,9,2,6,232,36,34,331,0,1,9,-34.002727,150.777713,12,0,2,1,3,0,0,0,2,2,7,80,2,14295,14295,3,10,0,3,0,0,0,1
1248747,1,2020,2020,2,5,6,485,27,134,769,0,1,10,-33.662594,150.893445,7,0,2,1,3,0,0,0,2,2,7,80,2,14295,14295,3,5,5,2,0,0,0,1
1248748,2,2020,2020,2,4,11,86,27,16,65,0,1,1,-30.006055,152.671656,18,1,0,0,3,0,3,4,0,0,7,100,1,2585,4009,8,30,40,1,0,0,1,0
1248755,2,2020,2020,2,0,9,102,31,107,53,0,1,9,-33.883471,151.198262,69,0,2,1,1,0,0,0,3,0,0,50,2,395,395,1,5,19,2,0,0,1,0
1248758,1,2020,2020,9,0,8,2,27,2,34609,0,1,1,-34.759036,148.383006,30,1,0,0,3,2,0,0,2,0,7,100,0,782,957,5,0,40,1,0,0,0,1
1248760,2,2020,2020,1,4,3,115,27,96,173,0,1,2,-34.230748,150.669381,79,2,2,1,0,0,0,0,2,0,7,80,2,1945,1945,5,16,40,1,0,0,1,0
1248761,4,2020,2020,9,1,8,28,31,273,34609,1,0,0,-34.423289,150.895729,80,0,2,0,2,0,0,0,2,0,7,50,0,1259,5151,8,5,40,1,0,1,0,0
1248765,1,2020,2020,11,4,4,205,27,106,415,0,1,1,-33.676004,151.289082,50,0,2,1,0,0,0,0,2,0,7,40,2,9859,9859,8,8,40,1,0,0,0,1
1248768,4,2020,2020,9,5,7,2126,17,60,2149,0,1,10,-33.762131,150.73508,55,0,2,1,1,0,0,0,2,2,7,60,2,4026,4026,8,0,40,1,0,1,0,0
1248769,4,2020,2020,9,0,7,1104,14,223,962,0,1,3,-33.805463,150.915409,7,0,2,1,0,0,0,0,2,0,7,100,2,14295,14295,3,33,13,3,0,1,0,0
1248770,4,2020,2020,9,5,7,8,27,29,147,0,1,9,-28.797755,153.588072,2,2,1,1,1,0,0,0,2,0,0,80,1,5929,5929,1,5,19,2,0,1,0,0
1248771,1,2020,2020,2,1,3,165,31,128,369,0,1,1,-33.628102,150.79549,29,2,2,1,1,0,0,0,2,0,7,60,2,1192,1192,1,29,5,2,0,0,0,1
1248774,2,2020,2020,10,4,3,67,27,147,74,0,1,7,-33.864582,151.12312,14,0,2,1,1,0,0,0,2,0,0,50,1,1192,1192,1,30,27,2,0,0,1,0
1248775,1,2020,2020,9,1,6,6,31,102,34609,0,1,1,-33.945897,151.191468,4,0,2,1,3,0,0,0,2,0,7,50,0,3775,3775,0,0,0,2,0,0,0,1
1248781,4,2020,2020,10,3,5,103,27,17,256,0,1,1,-34.154818,150.791794,13,0,2,1,0,0,0,0,2,0,7,80,2,3775,3775,0,5,0,3,0,1,0,0
1248788,4,2020,2020,9,5,6,2126,17,78,2149,0,1,10,-33.700714,150.558734,8,2,2,0,1,0,0,3,2,2,7,80,2,14295,14295,3,5,5,2,0,1,0,0
1248795,1,2020,2020,2,1,9,7,31,77,42,0,1,1,-32.94287,151.762968,48,0,2,1,3,0,0,0,2,0,7,50,1,1981,1981,4,5,5,3,0,0,0,1
1248800,2,2020,2020,11,4,3,43,2,40,42,0,1,10,-33.734757,150.962783,71,0,2,1,3,0,2,6,2,2,7,70,2,1383,1383,1,5,0,3,0,0,1,0
1248806,1,2020,2020,2,2,9,225,17,8,180,0,1,7,-34.574179,150.749734,62,0,2,1,1,0,0,0,3,0,7,60,2,9859,9859,8,16,40,1,0,0,0,1
1248807,1,2020,2020,2,4,3,475,10,54,268,0,1,10,-33.883373,150.864655,24,0,2,0,3,0,0,3,2,2,7,70,2,14295,14295,3,10,0,2,0,0,0,1
1248810,4,2020,2020,1,6,3,9,27,204,34609,1,0,2,-33.937884,151.139421,4,0,2,1,1,0,0,0,2,0,9,50,0,1220,1220,9,10,28,2,0,1,0,0
1248811,4,2020,2020,10,4,9,126,27,27,168,0,1,2,-34.042116,150.750597,12,0,2,1,0,0,0,3,2,0,7,80,2,14295,14295,3,5,12,3,0,1,0,0
1248812,4,2020,2020,9,0,9,97,31,363,92,0,1,9,-33.822651,150.995357,54,0,2,1,2,0,0,0,2,0,15,60,1,14295,14295,3,5,5,2,0,1,0,1
1248813,2,2020,2020,10,3,5,3,10,13,34609,0,1,2,-34.557687,150.751196,62,0,2,1,0,0,0,0,2,0,7,50,0,395,395,1,5,19,2,0,0,1,0
1248815,1,2020,2020,11,3,5,2209,17,29,2205,0,1,1,-36.982448,149.897629,5,1,0,0,0,0,3,4,2,0,7,100,2,4552,5151,8,0,40,1,0,0,0,1
1248816,4,2020,2020,11,4,8,2209,17,33,2205,0,1,2,-34.712406,150.839483,35,2,1,0,0,0,0,0,2,0,7,80,2,1259,5151,8,16,40,1,0,1,0,0
1248817,2,2020,2020,2,3,11,118,17,29,118,0,1,1,-30.744448,150.075331,51,1,0,1,3,0,0,0,0,0,7,100,2,1089,1089,7,0,40,1,0,0,1,0
1248818,1,2020,2020,10,5,3,3371,17,173,3342,1,0,9,-33.720196,151.117069,36,0,2,0,2,0,3,4,1,0,7,60,2,14295,14295,3,30,5,2,0,0,0,1
1248819,4,2020,2020,5,4,5,11,10,133,34609,0,1,1,-34.489306,150.79807,80,0,2,1,0,0,0,0,2,0,7,50,0,323,323,1,16,5,2,0,1,0,0
1248822,1,2020,2020,11,6,5,2,10,85,34609,0,1,7,-34.590372,150.784126,62,0,2,0,1,0,0,0,2,0,7,60,0,1850,1463,5,16,40,1,0,0,0,1
1248823,4,2020,2020,10,6,4,30,31,80,34609,0,1,10,-33.887111,151.165283,32,0,2,1,1,0,0,3,2,0,15,50,0,5929,5929,1,30,18,2,0,1,0,0
1248824,2,2020,2020,10,2,6,175,27,609,220,0,1,2,-33.771601,150.911541,7,0,2,0,0,0,0,0,2,0,7,60,2,2585,4009,8,10,40,1,0,0,1,0
1248825,4,2020,2020,10,6,8,2209,17,17,2205,0,1,1,-35.09669,150.503846,63,2,1,0,0,0,3,4,3,0,7,80,2,3775,3775,0,5,36,2,0,1,1,0
1248827,2,2020,2020,11,1,3,829,27,124,770,0,1,9,-33.809934,151.031252,54,0,2,1,0,0,0,0,1,0,7,60,2,14295,14295,3,34,5,2,0,0,1,0
1248829,1,2020,2020,11,4,8,1,18,2,34609,0,1,1,-33.354662,147.7155,51,1,0,1,0,2,0,0,2,0,7,100,0,9859,9859,8,5,40,1,0,0,0,2
1248830,1,2020,2020,11,2,3,43,27,4,46,0,1,1,-28.356485,153.573479,72,2,1,0,0,0,0,0,2,0,7,50,1,14295,14295,3,0,27,2,0,0,0,1
1248832,1,2020,2020,11,6,6,7,27,5,34609,0,1,1,-28.721894,153.361876,39,1,0,0,0,0,0,0,2,0,7,100,0,1957,4009,8,5,40,1,0,0,0,1
1248833,2,2020,2020,10,2,6,2209,17,76,2205,0,1,1,-35.377994,150.459466,63,2,1,1,3,0,3,4,2,0,7,80,2,1282,1282,1,5,40,1,0,0,1,0
1248835,2,2020,2020,9,2,4,9,31,112,34609,0,1,9,-36.062298,146.92622,0,2,1,1,1,0,0,0,2,0,0,60,0,2852,2852,4,0,27,2,0,0,1,0
1248836,2,2020,2020,10,6,7,2126,17,179,2149,0,1,2,-33.757806,150.715933,55,0,2,1,1,0,0,0,2,0,7,60,2,14295,14295,3,0,5,2,0,0,1,1
1248837,2,2020,2020,11,0,2,3,27,12,18,0,1,10,-35.922263,145.750432,51,1,0,1,0,0,3,4,1,0,7,100,1,1089,1089,7,34,40,1,0,0,1,0
1248839,4,2020,2020,10,0,7,86,27,9,65,0,1,1,-29.788039,152.910963,18,1,0,0,0,0,0,0,2,0,7,100,1,1957,4009,8,30,40,1,0,1,0,0
1248840,1,2020,2020,10,3,6,3,36,20,34609,0,1,1,-35.079645,149.262201,82,2,1,0,0,0,0,0,2,0,7,80,0,4552,5151,8,16,40,1,0,0,0,1
1248841,2,2020,2020,9,4,10,47,31,117,84,0,1,9,-28.180752,153.539345,72,2,1,1,2,0,0,0,0,2,3,60,1,5929,5929,1,0,19,2,0,0,1,0
1248842,1,2020,2020,10,5,6,134,10,69,133,0,1,2,-33.818855,151.022033,54,0,2,1,0,0,0,0,2,0,7,70,2,1282,1282,1,0,5,2,0,0,0,1
1248843,4,2020,2020,9,2,7,17,27,3,62,0,1,1,-35.846074,147.795299,66,1,0,1,1,0,0,0,2,0,7,100,2,1945,1945,5,16,40,1,0,1,0,0
1248844,4,2020,2020,9,2,11,178,31,12,41,0,1,9,-33.424946,148.807213,11,2,1,0,2,0,0,0,0,0,7,50,1,2585,4009,8,5,40,2,0,1,2,0
1248845,2,2020,2020,10,3,4,89,36,123,81,0,1,1,-33.835217,148.681362,51,2,1,1,1,0,0,0,2,0,7,50,2,5929,5929,1,5,27,2,0,0,1,0
1248848,1,2020,2020,11,1,3,163,27,73,165,0,1,2,-33.757115,150.807729,7,0,2,1,1,0,0,0,2,0,7,60,1,9859,9859,8,5,40,1,0,0,0,1
1248849,4,2020,2020,9,1,7,9,10,67,34609,0,1,10,-33.712899,150.899368,7,0,2,1,1,0,0,0,2,2,7,60,0,2852,2852,4,5,0,2,0,2,0,0
1248850,2,2020,2020,10,5,3,134,10,363,133,0,1,6,-33.809035,151.026626,54,0,2,1,0,0,0,0,1,0,7,60,2,14295,14295,3,0,5,2,0,0,1,0
1248852,2,2020,2020,9,2,6,2,31,115,34609,0,1,1,-33.961284,151.048628,25,0,2,1,3,0,0,0,2,0,7,50,0,1282,1282,1,5,40,1,0,0,1,0
1248856,4,2020,2020,9,4,3,866,17,247,793,0,1,1,-33.816022,150.963406,21,0,2,1,1,0,0,0,2,0,7,70,2,1192,1192,1,33,18,2,0,1,0,0
1248857,4,2020,2020,11,2,11,84,27,169,769,0,1,10,-33.588616,150.729479,29,2,2,1,1,0,0,0,0,0,0,80,2,6545,6545,4,5,0,2,0,1,2,0
1248858,1,2020,2020,9,3,7,3,31,26,34609,0,1,1,-34.017764,151.081202,68,0,2,1,3,0,0,0,2,0,7,50,0,1981,1981,4,0,5,2,0,0,0,1
1248860,1,2021,2020,9,6,3,251,27,62,212,0,1,2,-33.752344,151.251845,50,0,2,1,3,0,0,0,2,0,7,70,2,14295,14295,3,10,5,4,0,0,0,1
1248863,4,2020,2020,9,5,5,3371,17,6,3342,0,1,2,-28.921832,153.474156,2,1,0,1,0,0,0,0,2,0,7,110,2,1192,1192,1,0,0,2,0,3,0,0
1248864,2,2020,2020,9,5,10,41,10,63,34609,0,1,1,-28.187465,153.520957,72,2,1,1,2,0,0,0,0,0,7,50,0,1669,1669,3,5,5,2,0,0,1,0
1248866,4,2020,2020,9,0,7,24,27,8,34609,0,1,1,-32.921594,151.357979,17,2,1,0,0,0,3,3,2,0,7,80,0,4552,5151,8,16,40,1,0,1,0,0
1248867,2,2020,2020,9,6,6,2209,17,24,2205,0,1,1,-36.215986,150.130119,23,2,1,0,1,0,0,0,2,0,7,50,2,1282,1282,1,5,13,2,0,0,1,0
1248870,2,2020,2020,10,0,4,72,31,176,62,0,1,9,-33.953566,151.147884,4,0,2,1,0,0,0,0,2,0,7,60,1,1669,1669,3,16,5,2,0,0,1,0
1248872,4,2020,2020,9,0,8,14,1,198,32,0,1,1,-33.908288,151.103002,15,0,2,1,1,0,0,0,2,0,7,40,1,1220,1220,9,0,28,2,0,1,0,0
1248873,1,2020,2020,9,5,8,26,31,90,34609,0,1,10,-32.928775,151.750538,48,0,2,1,0,0,0,0,2,0,0,50,0,14295,14295,3,5,5,2,0,0,0,1
1248875,4,2020,2020,10,4,10,12,10,65,34609,0,1,1,-36.051103,146.975124,0,2,1,0,0,0,0,0,3,0,7,80,0,121,121,9,30,28,2,0,1,0,0
1248876,2,2020,2020,10,5,7,74,27,130,59,0,1,7,-34.456543,150.859624,80,0,2,1,0,0,0,0,2,0,0,80,2,2852,2852,4,5,13,2,0,0,1,0
1248880,2,2020,2020,10,2,8,3,18,80,34609,0,1,9,-34.550387,146.39933,51,2,1,1,1,0,0,0,2,0,7,50,0,591,591,1,22,5,2,0,0,1,0
1248885,1,2020,2020,9,2,3,205,27,50,415,0,1,10,-33.679171,151.265656,50,0,2,0,3,0,0,0,1,1,7,70,2,14295,14295,3,5,12,2,0,0,0,1
1248895,4,2020,2020,5,3,5,27,27,54,65,0,1,1,-33.703035,151.006687,71,0,2,1,1,0,0,0,2,0,7,60,1,323,323,1,21,5,2,0,1,0,0
1248900,1,2020,2020,9,5,7,119,31,316,34609,0,1,2,-31.431335,152.907215,56,2,1,1,3,0,0,0,2,0,7,50,0,14295,14295,3,5,5,2,0,0,0,1
1248904,1,2020,2020,11,2,11,192,31,316,120,1,0,10,-33.911292,151.243377,59,0,2,1,2,0,0,0,0,0,0,50,2,2040,2040,9,0,28,2,0,0,0,1
1248907,1,2020,2020,9,1,3,11,27,147,415,0,1,9,-33.738577,151.152195,36,0,2,1,0,0,0,0,2,2,7,60,2,14295,14295,3,5,5,2,0,0,0,1
1248909,2,2020,2020,11,1,3,515,14,42,518,0,1,3,-33.942126,150.942368,41,0,2,1,3,0,0,6,2,0,7,100,2,14295,14295,3,5,0,4,0,0,1,0
1248911,2,2020,2020,9,1,5,55,27,151,160,0,1,1,-34.044042,150.841113,13,0,2,1,1,0,0,0,2,0,7,60,2,14295,14295,3,8,5,2,0,0,1,0
1248912,2,2020,2020,10,3,6,19,27,138,30,0,1,1,-33.879373,151.262204,81,0,2,0,1,0,3,4,2,0,7,50,1,4552,5151,1,16,5,2,0,0,1,0
1248916,4,2020,2020,9,6,9,2126,17,223,2149,0,1,10,-33.805033,150.927543,7,0,2,1,1,0,0,0,2,2,7,80,2,14295,14295,3,5,5,2,0,1,0,0
1248919,2,2020,2020,9,4,7,38,27,438,34609,0,1,4,-33.850574,151.031845,21,0,2,0,1,0,0,0,2,0,7,40,0,1669,1669,3,22,0,2,0,0,1,0
1248920,4,2020,2020,9,4,10,83,27,16,72,0,1,1,-28.761475,153.349454,39,2,1,0,0,0,0,0,0,0,7,50,2,782,957,5,10,40,1,0,1,1,0
1248921,2,2020,2020,10,6,7,44,27,67,38,0,1,9,-33.871555,150.889175,24,0,2,1,1,0,0,0,2,0,7,60,1,1669,1669,3,0,12,2,0,0,1,0
1248922,2,2020,2020,10,6,8,11,27,40,34609,0,1,1,-35.792134,150.149316,23,1,0,0,0,0,3,4,2,0,7,100,0,4552,5151,8,5,40,1,0,0,1,0
1248924,2,2020,2020,9,3,6,82,31,363,369,1,0,10,-33.754263,150.712645,55,0,2,1,0,0,0,0,2,2,7,70,2,6545,6545,4,5,36,2,0,0,1,0
1248928,4,2020,2020,9,6,7,2261,27,87,34609,0,1,9,-34.04453,151.159564,68,0,2,0,1,0,0,0,2,0,7,50,0,2852,2852,4,5,19,2,0,1,0,0
1248929,2,2020,2020,2,2,7,51,27,25,45,0,1,9,-33.742845,150.806693,7,0,2,1,3,0,0,0,2,0,7,60,1,926,926,4,5,0,2,0,0,1,0
1248931,4,2020,2020,9,3,6,3371,17,23,3342,0,1,10,-32.992244,151.688662,37,0,2,0,3,0,0,0,2,2,7,70,2,6545,6545,4,10,36,4,0,1,2,0
1248932,4,2020,2020,9,1,5,133,31,133,97,0,1,9,-33.916382,151.007767,15,0,2,1,3,0,0,0,2,0,15,60,1,1282,1282,1,9,40,1,0,1,0,0
1248935,1,2020,2020,2,0,8,105,27,174,109,0,1,9,-33.862153,150.920821,24,0,2,1,3,0,0,0,2,0,7,60,1,14295,14295,3,0,5,2,0,0,0,1
1248944,1,2020,2020,9,2,5,6,1,443,702,0,1,2,-33.916237,151.063569,15,0,2,1,3,0,0,0,2,0,7,60,2,1391,1391,1,5,13,2,0,0,0,1
1248945,2,2020,2020,2,0,6,255,31,609,220,0,1,10,-33.771775,150.911449,7,0,2,1,3,0,0,0,2,3,7,60,2,14295,14295,3,0,5,2,0,0,1,0
1248951,2,2020,2020,2,5,4,229,14,323,237,0,1,3,-33.766978,151.003734,71,0,2,1,3,0,0,0,2,0,7,100,2,1192,1192,1,5,35,2,0,0,1,0
1248958,1,2020,2020,2,0,4,280,10,162,240,0,1,2,-33.852005,150.878631,24,0,2,0,3,0,0,0,2,0,7,70,2,14295,14295,3,5,0,2,0,0,0,1
1248962,2,2020,2020,2,4,3,133,17,2,121,0,1,1,-36.696294,149.278399,65,1,0,1,3,0,0,0,1,0,7,100,2,9859,9859,8,10,40,1,0,0,1,0
1248964,1,2020,2020,2,5,8,177,31,174,208,0,1,7,-33.860584,150.927826,24,0,2,0,3,0,0,0,2,0,0,60,1,5929,5929,1,5,5,2,0,0,0,1
1248969,1,2020,2020,2,6,8,866,17,278,793,1,0,10,-33.766481,151.04752,54,0,2,1,3,0,0,0,2,2,7,60,2,14295,14295,3,9,5,2,0,0,0,1
1248972,2,2020,2020,2,5,9,137,14,9,70,0,1,3,-32.738736,151.425894,42,1,0,0,0,0,0,0,3,0,7,110,2,782,957,5,10,40,1,0,0,1,0
1248974,2,2020,2020,9,0,10,2,1,77,34609,0,1,1,-33.927385,151.159011,32,0,2,1,2,0,0,0,0,0,7,50,0,591,591,1,22,5,2,0,0,1,0
1248975,4,2020,2020,2,6,6,204,31,112,14,0,1,1,-33.904086,151.205508,69,0,2,1,1,0,0,0,2,0,7,50,1,1981,1981,4,0,27,2,0,1,0,0
1248976,4,2020,2020,9,2,6,13,27,8,212,0,1,2,-33.778714,151.195182,36,0,2,1,2,0,0,0,2,0,7,60,2,14295,14295,3,0,36,2,0,1,0,0
1248977,2,2020,2020,2,4,6,2209,17,49,2205,0,1,9,-33.93644,151.149864,4,0,2,1,3,0,0,0,2,2,7,60,2,6545,6545,4,5,41,2,0,0,1,0
1248981,4,2020,2020,9,1,10,10,31,88,34609,0,1,1,-33.750532,150.857724,7,0,2,1,2,0,0,0,0,0,7,60,0,144,144,1,5,5,2,0,1,0,0
1248986,1,2020,2020,2,0,9,16,31,168,34609,0,1,10,-33.689999,150.819061,7,0,2,1,0,0,0,0,2,0,9,50,0,1282,1282,1,0,27,2,0,0,0,1
1248990,4,2020,2020,2,1,6,3,31,64,34609,0,1,10,-33.482971,150.157902,40,2,1,1,1,0,0,0,2,0,0,50,0,312,312,2,5,40,1,0,1,0,0
1248991,4,2020,2020,10,3,4,2126,17,140,2149,0,1,10,-33.786543,150.844569,7,0,2,1,1,0,0,0,2,2,7,80,2,1383,1383,1,21,5,2,0,1,1,0
1248993,4,2020,2020,9,6,9,24,27,9,34609,0,1,1,-32.928224,151.319681,17,2,1,1,0,0,0,0,2,0,7,80,0,9859,9859,8,10,40,1,0,1,0,0
1248994,4,2020,2020,9,2,5,6,10,13,34609,0,1,1,-29.99833,153.150587,19,2,1,1,0,0,0,0,2,0,7,20,0,9859,9859,1,8,23,3,0,1,0,0
1248995,4,2020,2020,9,2,6,1,27,4,34609,0,1,1,-29.8841,152.975455,18,2,1,1,0,2,0,0,2,0,7,50,0,9859,9859,8,16,40,1,0,1,0,0
1248997,4,2020,2020,1,1,9,38,27,56,70,0,1,2,-33.745539,150.777966,55,0,2,1,0,0,0,0,3,0,7,60,1,1945,1945,5,16,40,1,0,1,0,0
1248998,1,2020,2020,1,5,2,2126,17,23,2149,0,1,1,-33.450111,150.007543,40,1,0,0,0,0,1,5,0,0,7,100,2,3775,3775,0,34,35,2,0,0,0,1
1248999,4,2020,2020,2,6,3,3371,17,13,3342,0,1,2,-28.675264,153.537308,10,1,0,0,0,0,0,0,2,0,7,110,2,14295,14295,3,10,13,2,0,1,0,0
1249003,4,2020,2020,9,5,10,82,27,84,181,0,1,9,-33.893202,151.258761,76,0,2,1,0,0,0,0,3,2,7,50,2,1945,1945,5,22,40,1,0,1,0,0
1249004,4,2020,2020,11,6,8,10,27,18,34609,0,1,1,-34.064457,151.137414,68,0,2,1,1,0,0,0,2,0,7,50,0,340,340,9,0,28,2,0,1,1,0
1249006,1,2020,2020,11,6,0,36,1,53,34609,0,1,10,-33.920849,150.829742,41,0,2,1,2,0,0,0,0,0,15,60,0,1109,787,1,5,19,2,0,0,0,1
1249007,4,2020,2020,9,2,10,178,27,189,101,0,1,9,-33.943127,151.053864,15,0,2,1,2,0,0,0,0,2,7,50,1,5929,5929,1,0,19,2,0,1,0,0
1249008,2,2020,2020,10,4,5,10,31,148,34609,0,1,1,-36.048074,146.933634,0,2,1,1,1,0,0,0,2,0,7,50,0,1981,1981,4,30,25,2,0,0,1,1
1249011,4,2020,2020,9,6,9,5,27,84,34609,0,1,1,-33.765749,151.106143,61,0,2,1,1,0,0,0,2,0,7,50,0,220,220,1,0,40,2,0,1,0,0
1249014,2,2020,2020,1,5,7,1052,14,118,928,0,1,3,-33.434276,151.258664,16,1,2,0,1,0,0,0,2,0,7,110,2,1383,1383,1,0,35,2,0,0,1,0
1249017,1,2020,2020,8,1,5,8,31,9,34609,0,1,1,-33.151144,151.543165,16,2,2,0,1,0,0,0,2,0,7,50,0,1850,1463,5,16,40,1,0,0,0,1