Crash ID,Degree of crash - detailed,Reporting year,Year of crash,Month of crash,Day of week of crash,Two-hour intervals,Street of crash,Street type,Town,Route no.,School zone location,School zone active,Type of location,Latitude,Longitude,LGA,Urbanisation,Conurbation 1,Alignment,Street lighting,Road surface,Surface condition,Weather,Natural lighting,Signals operation,Other traffic control,Speed limit,Road classification,RUM - code,DCA - code,First impact type,Key TU type,Other TU type,No. of traffic units involved,No. killed,No. seriously injured,No. moderately injured,No. minor-other injured
1249020,4,2020,2020,11,4,3,330,23,7,34609,0,1,9,-32.933154,151.775196,48,0,2,1,1,0,0,0,2,0,7,50,0,368,368,9,9,28,3,0,1,0,0
1249025,2,2020,2020,10,2,6,135,17,131,136,0,1,10,-36.077601,146.924755,0,2,1,1,1,0,0,0,2,2,7,60,2,5929,5929,1,5,0,2,0,0,1,0
1249026,2,2020,2020,9,6,4,222,27,73,34609,0,1,9,-33.712944,150.698562,55,0,2,0,1,0,3,3,2,0,0,60,0,2852,2852,4,0,27,2,0,0,1,0
1249027,4,2020,2020,9,4,6,99,31,237,105,0,1,9,-33.869225,150.947754,24,0,2,1,1,0,0,0,2,0,15,60,1,2852,2852,4,0,5,2,0,1,2,0
1249028,1,2020,2020,2,6,5,126,27,370,168,0,1,10,-34.072088,150.805581,13,0,2,1,1,0,0,0,2,2,7,60,2,14295,14295,3,30,5,2,0,0,0,2
1249031,1,2020,2020,10,5,10,10,31,82,34609,0,1,9,-31.077232,150.910298,70,2,1,1,1,0,0,0,0,0,7,50,0,4552,985,8,16,40,1,0,0,0,1
1249032,4,2020,2020,9,2,4,220,27,44,222,0,1,9,-33.788008,150.974997,54,0,2,1,1,0,0,0,2,0,0,80,2,1282,1282,1,16,5,2,0,1,0,0
1249033,4,2020,2020,10,0,11,19,27,26,34609,0,1,1,-33.111923,151.529413,37,0,2,1,2,0,0,3,0,0,7,60,0,121,121,9,5,28,2,0,1,0,0
1249034,1,2020,2020,11,0,7,2261,17,370,2252,0,1,6,-34.063429,150.786422,13,0,2,1,0,0,0,0,2,0,7,80,2,1282,1282,1,0,0,2,0,0,0,1
1249035,2,2020,2020,9,6,8,43,27,161,96,0,1,9,-33.875692,151.151518,32,0,2,1,0,0,0,0,2,0,7,50,2,9859,9859,1,0,5,2,0,0,1,0
1249036,1,2020,2020,10,0,0,24,31,460,28,0,1,1,-33.847551,150.988786,21,0,2,1,2,0,0,0,0,0,7,50,1,3775,3775,0,0,12,2,0,0,0,1
1249037,4,2020,2020,2,2,6,10,27,14,34609,0,1,1,-31.175962,150.849843,70,2,1,1,0,2,0,0,2,0,7,60,0,9859,9859,8,5,40,1,0,1,0,0
1249038,2,2020,2020,10,5,3,41,27,137,80,0,1,7,-32.969935,151.688866,37,0,2,1,1,0,3,4,2,0,0,60,1,6545,6545,4,0,5,2,0,0,1,0
1249046,4,2020,2020,1,4,5,3371,17,149,3342,0,1,7,-33.344512,151.368137,16,2,2,0,0,0,0,0,2,0,0,60,2,14295,14295,3,8,5,3,0,1,1,0
1249047,2,2020,2020,9,1,4,515,14,294,518,0,1,3,-33.939818,150.92524,41,0,2,1,1,0,0,0,2,0,7,100,2,14295,14295,3,5,5,2,0,0,1,0
1249052,1,2020,2020,9,2,9,56,31,159,34609,0,1,10,-33.808601,151.082058,61,0,2,1,1,0,0,0,2,0,0,50,0,323,323,1,16,5,2,0,0,0,1
1249058,4,2020,2020,9,1,6,4,27,194,148,1,0,1,-30.52059,151.644222,1,2,1,1,1,0,0,3,2,0,7,50,2,1981,1981,4,34,19,2,0,1,0,0
1249063,2,2020,2020,9,5,6,56,27,443,44,0,1,1,-33.90608,151.057385,15,0,2,1,1,0,0,0,2,0,9,40,1,2040,2040,9,0,28,2,0,0,1,0
1249065,4,2020,2020,9,6,7,2209,17,133,2205,0,1,1,-34.504168,150.787661,80,0,2,0,1,0,0,0,2,0,7,60,1,3775,3775,0,0,0,8,0,1,4,0
1249067,4,2020,2020,9,1,0,35,27,13,34,0,1,1,-29.937955,151.193149,33,1,0,0,0,0,0,0,0,0,7,100,1,4552,5151,8,5,40,1,0,1,0,0
1249068,4,2020,2020,9,3,6,133,27,46,260,0,1,2,-32.913626,151.660362,48,0,2,0,1,0,0,0,2,0,7,70,2,1850,1463,5,15,40,1,0,1,0,0
1249069,2,2020,2020,10,5,2,33,27,10,260,0,1,1,-33.057919,151.565729,37,0,2,0,0,0,3,4,0,0,7,90,2,4552,5151,8,0,40,1,0,0,1,0
1249074,1,2020,2020,11,2,6,1,31,76,34609,0,1,9,-34.546974,150.371687,78,2,1,1,1,0,0,0,2,0,0,50,0,2852,2852,4,5,19,2,0,0,0,1
1249076,1,2020,2020,11,3,9,485,27,25,769,0,1,1,-33.615571,150.833957,29,2,2,1,2,0,0,0,0,0,7,80,2,1383,1383,1,0,5,2,0,0,0,2
1249078,1,2020,2020,11,0,6,23,27,61,91,0,1,1,-35.167973,149.253346,82,2,1,0,0,0,0,0,2,0,7,50,1,3775,3775,0,10,0,2,0,0,0,2
1249080,1,2020,2020,11,2,0,5,10,22,34609,0,1,1,-33.179788,148.703477,11,1,0,1,0,2,0,0,0,0,7,100,0,4026,4026,8,5,40,1,0,0,0,2
1249081,2,2020,2020,10,2,8,2209,17,79,2205,0,1,10,-33.978474,151.122511,25,0,2,1,1,0,0,3,2,2,7,70,2,5929,5929,1,0,0,2,0,0,1,0
1249084,2,2020,2020,11,6,5,26,10,10,26,0,1,1,-36.766574,149.924949,5,1,0,1,0,0,0,0,2,0,7,100,1,96,96,0,16,5,2,0,0,1,0
1249085,1,2020,2020,9,0,7,35,27,363,24,0,1,1,-33.761811,150.692803,55,0,2,1,3,0,3,4,2,0,7,60,1,1192,1192,1,0,5,2,0,0,0,1
1249086,1,2020,2020,10,4,4,134,10,36,133,0,1,2,-33.802665,151.024319,54,0,2,0,3,0,3,4,2,0,7,90,2,1391,1391,1,0,5,3,0,0,0,1
1249087,4,2020,2020,10,0,8,103,36,6,157,0,1,1,-28.932093,153.004858,60,1,0,1,0,0,0,0,2,0,7,100,2,4026,4026,8,10,40,1,0,2,0,0
1249092,2,2020,2020,9,3,7,3371,17,83,3342,0,1,1,-33.489375,151.185007,16,2,2,0,3,0,3,4,2,0,7,60,2,1850,1463,5,5,40,1,0,0,1,0
1249095,2,2020,2020,9,6,4,478,17,50,480,0,1,7,-33.239897,151.565464,16,2,2,1,1,0,0,0,2,0,0,60,2,5929,5929,1,22,5,2,0,0,1,0
1249098,1,2020,2020,10,1,5,92,27,129,244,1,0,1,-33.895125,151.10929,9,0,2,1,1,0,3,4,2,0,7,60,2,941,941,1,0,13,4,0,0,0,1
1249099,4,2020,2020,9,2,11,224,27,387,321,0,1,10,-33.938102,151.194706,4,0,2,1,2,0,0,0,0,2,7,60,2,6545,6545,4,5,5,2,0,2,1,0
1249100,1,2020,2020,9,1,8,3371,17,121,3342,0,1,6,-28.209584,153.544261,72,2,1,0,1,0,0,0,2,0,7,60,2,2585,4009,8,16,40,1,0,0,0,1
1249107,2,2020,2020,9,1,4,4,27,3,34609,0,1,1,-31.280461,152.679503,56,1,0,1,0,0,0,0,2,0,7,100,0,9859,9859,8,0,40,1,0,0,1,0
1249109,2,2020,2020,10,6,10,4,27,129,34609,0,1,7,-33.932396,151.074814,15,0,2,1,2,0,3,3,0,0,0,50,0,6545,6545,4,10,18,2,0,0,1,0
1249110,2,2020,2020,9,3,8,112,27,29,769,1,0,1,-33.539905,150.638207,29,2,2,0,0,0,3,4,2,0,7,60,2,4552,5151,8,16,40,1,0,0,1,0
1249112,2,2020,2020,9,2,3,512,17,30,441,0,1,1,-30.397773,146.184755,51,1,0,1,0,0,0,0,2,0,7,110,2,9859,9859,8,5,40,1,0,0,1,2
1249114,2,2020,2020,10,1,4,280,10,314,82,1,2,1,-33.85329,150.939021,24,0,2,1,0,0,0,0,2,0,7,40,1,3775,3775,0,5,13,2,0,0,1,1
1249119,1,2020,2020,11,0,7,10,36,2,6,0,1,1,-36.735241,149.223379,65,1,0,0,0,0,0,0,2,0,7,100,1,1259,5151,8,5,40,1,0,0,0,1
1249121,2,2020,2020,2,2,5,7,31,107,34609,0,1,1,-29.690744,152.936647,18,2,1,1,1,0,0,0,2,0,7,50,0,14295,14295,3,5,5,2,0,0,1,0
1249125,2,2020,2020,10,2,11,175,27,55,220,0,1,9,-33.745003,150.916661,7,0,2,1,3,0,0,0,0,0,0,70,2,945,945,5,5,40,1,0,0,1,0
1249126,1,2020,2020,2,1,8,18,27,49,34609,0,1,10,-34.048413,151.134588,68,0,2,1,3,0,0,0,2,0,0,50,0,6545,6545,4,5,5,2,0,0,0,3
1249129,2,2020,2020,1,2,9,135,17,12,136,0,1,10,-35.661425,145.814116,51,2,1,1,2,0,3,4,0,0,0,50,2,6545,6545,4,10,0,2,0,0,1,0
1249136,1,2020,2020,2,4,4,232,36,40,331,0,1,10,-34.009961,150.770356,12,0,2,1,3,0,0,3,2,2,7,80,2,14295,14295,3,8,13,4,0,0,0,1
1249137,4,2020,2020,9,4,9,133,31,161,51,0,1,9,-33.883844,151.156218,32,0,2,1,1,0,0,0,2,0,0,50,1,5929,5929,1,5,19,2,0,1,0,0
1249139,2,2020,2020,9,6,4,1,31,224,34609,0,1,10,-33.826866,151.245223,45,0,2,1,1,0,0,0,2,0,7,50,0,5929,5929,1,5,5,2,0,0,1,0
1249147,2,2020,2020,9,0,4,1,27,3,34609,0,1,1,-34.059142,151.082792,68,0,2,1,0,0,0,0,2,0,7,50,0,312,312,2,19,40,1,0,0,8,48
1249149,1,2020,2020,11,6,5,2,27,57,34609,1,0,1,-34.68159,150.845173,35,2,1,0,0,0,0,0,2,0,7,50,0,312,312,2,16,40,1,0,0,0,1
1249150,2,2020,2020,11,0,5,23,27,36,34609,0,1,1,-33.626277,151.145141,31,0,2,1,2,0,0,0,2,0,7,50,0,4026,4026,8,10,40,1,0,0,1,0
1249151,2,2020,2020,9,4,6,1,7,147,34609,0,1,9,-33.892167,151.001974,15,0,2,1,1,0,0,0,2,0,7,50,0,121,121,9,0,28,2,0,0,1,0
1249153,2,2020,2020,2,6,11,15,31,169,34609,0,1,7,-28.642698,153.613948,10,2,1,1,2,0,0,0,0,0,0,40,0,4026,4026,8,22,40,1,0,0,1,0
1249154,4,2020,2020,9,3,5,13,3,370,256,0,1,10,-34.066572,150.819508,13,0,2,1,1,0,0,0,2,2,7,60,2,6545,6545,4,5,5,2,0,1,1,0
1249155,1,2020,2020,2,5,5,11,1,106,35,0,1,1,-33.891473,151.181233,69,0,2,0,1,0,0,0,2,0,7,50,1,5929,5929,1,5,27,2,0,0,0,1
1249157,1,2020,2020,10,1,7,39,27,137,80,0,1,1,-32.971594,151.699285,37,0,2,1,1,0,0,0,2,0,7,60,1,9859,9859,1,5,5,2,0,0,0,1
1249158,2,2020,2020,1,0,8,1,10,2,34609,0,1,1,-30.461054,153.040827,6,2,1,1,0,0,0,0,2,0,7,80,0,9859,9859,8,0,40,1,0,0,1,0
1249159,2,2020,2020,9,5,6,2209,17,157,2205,0,1,10,-34.019865,151.09026,68,0,2,1,1,0,0,0,2,2,7,70,2,6545,6545,4,5,5,2,0,0,1,0
1249164,2,2020,2020,2,3,9,3371,17,54,3342,0,1,2,-33.091411,151.638237,37,0,2,1,1,0,0,0,2,0,7,60,2,9859,9859,1,0,0,3,0,0,1,0
1249165,2,2020,2020,9,4,7,348,27,363,88,0,1,10,-33.745626,150.691063,55,0,2,1,0,0,0,0,2,2,7,60,2,6545,6545,4,0,13,2,0,0,2,1
1249166,4,2020,2020,2,5,4,6,31,65,34609,0,1,9,-33.856541,150.898087,24,0,2,1,1,0,0,0,2,2,9,60,0,1220,1220,9,5,28,2,0,1,0,0
1249169,4,2020,2020,2,0,11,10,27,2,12,0,1,1,-34.82856,148.121297,20,1,0,1,0,0,0,0,0,0,7,100,1,1089,1089,7,5,40,1,0,1,0,0
1249170,2,2020,2020,11,1,6,361,23,204,35,0,1,9,-33.895335,150.93845,24,0,2,1,0,0,0,0,2,3,7,40,1,340,340,9,5,28,3,0,0,1,0
1249176,2,2020,2020,9,3,8,1,22,609,34609,0,1,9,-33.767314,150.912759,7,0,2,1,1,0,0,0,2,0,0,50,0,1220,1220,9,5,28,2,0,0,1,0
1249178,4,2020,2020,11,2,3,98,27,87,799,0,1,9,-33.929247,150.942994,41,0,2,1,1,0,0,0,1,2,7,70,2,775,775,4,9,5,2,0,1,0,0
1249179,2,2020,2020,10,6,8,2209,17,17,2205,0,1,1,-35.529642,150.305342,63,1,0,1,3,0,3,4,3,0,7,100,2,9859,9859,8,5,40,1,0,0,1,0
1249180,1,2020,2020,10,3,9,4,18,85,34609,0,1,0,-34.570561,150.772899,62,0,2,1,3,0,0,0,0,0,7,50,0,2040,2040,9,5,28,2,0,0,0,1
1249181,2,2020,2020,9,0,4,866,17,174,793,0,1,10,-33.873784,150.925875,24,0,2,1,1,0,0,0,2,2,9,70,2,591,591,1,22,0,2,0,0,1,0
1249183,2,2020,2020,9,6,8,15,31,169,147,0,1,1,-28.642849,153.612196,10,2,1,1,1,0,0,0,2,0,9,50,1,591,591,1,22,19,2,0,0,1,0
1249187,1,2020,2020,11,0,7,134,10,104,133,0,1,9,-33.831639,151.019811,54,0,2,1,1,0,0,0,2,2,7,70,2,2852,2852,4,10,19,2,0,0,0,1
1249190,4,2020,2020,2,1,4,47,31,28,34609,0,1,1,-33.404881,149.572592,3,2,1,1,1,0,0,0,2,0,7,60,0,14295,14295,3,0,5,3,0,1,2,0
1249193,4,2020,2020,1,6,7,2126,17,247,2149,0,1,9,-33.808467,150.937199,21,0,2,0,1,0,0,0,2,2,7,80,2,14295,14295,3,5,13,3,0,1,0,0
1249195,2,2020,2020,9,4,9,120,36,35,148,0,1,1,-30.418108,152.84922,6,2,1,0,0,0,3,4,2,0,7,80,2,2585,4009,8,0,40,1,0,0,1,0
1249197,4,2020,2020,9,2,10,1,31,202,34609,0,1,1,-33.941739,151.025101,15,0,2,0,2,0,0,0,0,0,7,50,0,1850,1463,5,16,40,1,0,1,0,0
1249199,4,2020,2020,9,0,6,4,1,74,34609,0,1,10,-34.027438,150.773182,12,0,2,1,2,0,0,0,2,0,0,50,0,6545,6545,4,10,0,2,0,1,0,0
1249206,4,2020,2020,2,0,7,3371,17,4,3342,0,1,1,-33.51279,151.192361,16,2,2,0,0,0,0,0,2,0,7,60,2,2585,4009,8,9,40,1,0,1,0,0
1249211,4,2020,2020,10,1,3,7,18,562,34609,1,0,2,-32.242135,148.631842,22,2,1,1,0,0,0,0,2,0,7,50,0,9859,9859,8,5,40,1,0,1,0,0
1249212,2,2020,2020,10,2,8,14,31,29,34609,0,1,1,-32.934007,151.769081,48,0,2,1,0,0,0,0,2,0,7,40,0,9859,9859,1,5,0,3,0,0,1,0
1249213,2,2020,2020,11,0,8,46,27,304,39,0,1,10,-33.91274,151.16101,32,0,2,1,1,0,0,0,2,0,0,50,1,6545,6545,4,15,5,2,0,0,1,0
1249214,1,2020,2020,9,5,7,31,27,239,34609,0,1,9,-34.02447,151.122304,68,0,2,1,3,0,0,0,2,0,7,50,0,2852,2852,4,10,5,2,0,0,0,1
1249217,4,2020,2020,11,0,8,15,27,159,34609,0,1,9,-33.806797,151.089574,61,0,2,1,1,0,0,0,2,2,9,50,0,1220,1220,9,5,28,2,0,1,1,0
1249219,1,2020,2020,10,3,9,137,31,228,34609,0,1,1,-34.729478,149.707701,26,2,1,1,0,0,0,6,3,0,7,50,0,591,591,1,22,0,2,0,0,0,1
1249220,2,2020,2020,11,5,10,829,27,125,770,0,1,9,-33.836205,151.128457,51,0,2,1,2,0,0,0,0,2,9,60,2,1220,1220,9,33,28,2,0,0,1,0
1249222,4,2020,2020,10,5,7,50,27,125,7,0,1,10,-33.863457,151.083917,67,0,2,1,0,0,0,0,2,2,7,50,1,1220,1220,9,33,28,2,0,1,0,0
1249223,1,2020,2020,11,6,5,3371,17,173,3342,0,1,9,-33.718321,151.108223,31,0,2,1,1,0,0,0,2,2,7,60,2,1282,1282,1,8,5,2,0,0,0,1
1249224,2,2020,2020,10,5,3,12,27,83,34609,0,1,1,-34.473443,150.462583,78,2,1,0,3,0,0,3,2,0,7,80,0,2585,4009,8,5,40,1,0,0,1,0
1249226,4,2020,2020,9,0,9,48,36,121,34609,0,1,7,-28.197789,153.538367,72,2,1,1,2,0,0,0,0,0,0,50,0,1109,787,1,5,5,3,0,1,0,0
1249228,2,2020,2020,10,6,4,78,17,68,58,0,1,2,-34.829202,148.95696,82,1,0,1,3,0,1,0,2,0,7,110,2,1945,1945,5,34,40,1,0,0,1,0
1249234,1,2020,2020,10,4,3,1104,14,142,962,0,1,3,-33.827718,151.000159,54,0,2,1,0,0,0,0,1,0,7,80,2,14295,14295,3,8,5,2,0,0,0,1
1249235,1,2020,2020,10,1,4,10,27,346,34609,0,1,1,-33.871582,151.094868,9,0,2,1,1,0,3,4,2,0,7,50,0,312,312,2,5,40,1,0,0,0,1
1249237,4,2020,2020,10,2,11,46,31,56,34609,0,1,1,-33.751694,150.776693,55,0,2,1,2,0,3,4,0,0,7,50,0,4026,4026,8,5,40,1,0,1,0,0
1249238,2,2020,2020,11,5,10,916,17,105,917,0,1,9,-32.719465,151.531137,42,2,1,1,2,0,0,0,0,2,7,60,2,5929,5929,1,5,5,3,0,0,1,1
1249240,4,2020,2020,10,1,8,12,27,90,34609,0,1,1,-33.792443,150.944743,21,0,2,1,1,0,3,4,2,0,7,50,0,9859,9859,1,0,5,2,0,1,0,0
1249241,2,2020,2020,11,3,8,3,27,21,34609,0,1,9,-35.081649,147.342663,75,1,0,1,0,0,0,0,2,0,15,100,0,9859,9859,1,10,5,3,0,0,1,0
1249242,1,2020,2020,9,4,6,481,17,29,483,0,1,2,-31.275841,149.278234,51,2,1,1,0,0,0,0,2,0,7,50,2,340,340,9,5,28,2,0,0,0,1
1249243,2,2020,2020,9,6,0,21,27,16,34609,0,1,1,-34.258825,146.032511,28,2,1,1,3,2,0,0,0,0,7,80,0,9859,9859,8,5,40,1,0,0,1,0
1249244,2,2020,2020,9,6,6,2209,17,115,2205,0,1,2,-34.027069,151.084198,68,0,2,1,1,0,0,0,2,0,7,70,2,186,186,1,10,19,4,0,0,1,0
1249245,2,2020,2020,10,0,6,296,27,460,293,0,1,9,-33.839824,150.999401,21,0,2,1,1,0,0,0,2,2,7,70,2,14295,14295,3,9,5,3,0,0,1,1
1249246,1,2020,2020,9,1,7,18,36,3,19,0,1,1,-32.655061,148.755035,22,2,1,0,0,0,0,0,2,0,7,40,1,368,368,9,0,28,2,0,0,0,1
1249252,1,2020,2020,2,5,5,3371,17,77,3342,0,1,9,-32.948037,151.726654,48,0,2,0,3,0,0,0,2,0,7,70,2,6545,6545,4,0,5,2,0,0,0,2
1249255,2,2020,2020,9,1,8,165,31,128,34609,0,1,1,-33.622941,150.801321,29,2,2,1,3,0,0,0,2,0,7,50,0,9859,9859,1,5,13,2,0,0,1,0
1249257,4,2020,2020,9,2,5,2261,17,70,2252,0,1,2,-34.716251,150.004383,26,1,0,1,0,0,0,0,2,0,7,110,2,14295,14295,3,16,19,2,0,1,0,0
1249258,1,2021,2020,2,6,3,387,27,204,331,1,0,10,-33.939186,151.14564,4,0,2,1,3,0,0,0,2,2,7,60,2,1383,1383,1,8,0,2,0,0,0,1
1249266,4,2020,2020,9,2,7,10,27,11,34609,0,1,1,-34.789569,150.588447,63,2,1,1,1,0,0,0,2,0,7,50,0,237,162,8,16,40,1,0,1,0,0
1249267,1,2020,2020,9,3,5,135,17,20,136,0,1,1,-35.98007,146.629781,51,2,1,1,3,0,0,0,2,0,7,50,2,237,397,1,5,13,2,0,0,0,1
1249271,2,2020,2020,10,3,11,8,27,6,34609,0,1,1,-34.038854,151.022128,68,0,2,1,2,0,0,0,0,0,7,50,0,9859,9859,1,5,5,3,0,0,2,0
1249272,2,2020,2020,10,0,5,213,17,61,213,0,1,1,-29.711005,151.632129,51,1,0,1,0,0,0,0,2,0,7,100,2,9859,9859,8,5,40,1,0,0,1,0
1249275,4,2020,2020,10,2,3,2,31,82,34609,1,0,1,-33.795831,151.255692,50,0,2,1,0,0,0,0,2,0,7,50,0,1192,1192,1,22,27,3,0,1,0,0
1249276,4,2020,2020,9,1,5,36,27,12,82,0,1,1,-35.349965,147.281698,75,1,0,0,0,0,0,3,2,0,7,100,1,1957,4009,8,5,40,1,0,1,0,0
1249283,2,2020,2020,2,0,8,45,7,143,44,1,0,1,-33.709333,151.098311,31,0,2,1,3,0,0,0,2,0,7,50,1,941,941,1,0,5,2,0,0,1,0
1249285,2,2020,2020,2,4,3,106,27,31,106,0,1,2,-33.927772,150.875138,41,0,2,1,3,0,0,0,2,0,7,70,2,14295,14295,3,5,35,2,0,0,1,0
1249290,4,2020,2020,2,0,4,4,1,193,34609,0,1,0,-33.790325,151.080792,61,0,2,1,0,0,0,0,2,0,7,50,0,387,387,1,22,5,2,0,1,0,0
1249291,2,2020,2020,9,0,9,18,27,85,148,0,1,1,-32.933233,151.720486,48,0,2,1,3,0,0,0,3,0,7,60,1,3775,3775,0,16,5,2,0,0,1,0
1249292,1,2020,2020,9,1,8,52,27,188,53,1,2,1,-33.932958,151.099392,15,0,2,1,1,0,0,0,2,0,7,40,1,14295,14295,3,9,36,2,0,0,0,1
1249294,4,2020,2020,9,0,9,4,31,46,34609,0,1,10,-33.946231,151.111086,4,0,2,1,1,0,0,0,2,0,15,50,0,6545,6545,4,5,5,3,0,1,0,0
1249295,1,2020,2020,9,1,9,25,31,460,55,0,1,1,-33.831664,150.977571,21,0,2,1,1,0,0,0,2,0,7,50,1,323,323,1,5,0,2,0,0,0,1
1249302,2,2020,2020,9,1,4,515,14,294,518,0,1,3,-33.939812,150.925191,41,0,2,1,1,0,0,0,2,0,7,100,2,14295,14295,3,9,0,3,0,0,1,0
1249303,4,2020,2020,10,5,5,24,31,102,34609,0,1,7,-31.109073,150.909319,70,2,1,1,1,0,0,0,2,0,0,50,0,6545,6545,4,8,5,2,0,1,1,0
1249304,4,2020,2020,9,2,3,10,10,26,34609,0,1,9,-34.862207,150.598516,63,2,1,1,1,0,0,0,2,0,0,60,0,5929,5929,1,5,19,2,0,1,0,0
1249305,4,2020,2020,9,2,6,1,27,3,34609,0,1,1,-34.143288,149.103067,74,1,0,0,0,2,0,0,2,0,7,100,0,3775,3775,0,0,36,2,0,1,0,0
1249307,1,2020,2020,2,5,9,866,17,110,793,0,1,6,-33.74835,151.049472,71,0,2,0,1,0,0,0,3,0,7,70,2,1282,1282,1,0,5,2,0,0,0,1
1249308,1,2020,2020,11,3,4,13,27,128,34609,0,1,1,-33.424257,151.315109,16,2,2,0,0,0,0,0,2,0,7,50,0,1850,1463,5,16,40,2,0,0,0,1
1249311,4,2020,2020,2,0,3,9,31,112,34609,0,1,6,-36.063913,146.939002,0,2,1,1,1,0,0,0,2,0,7,50,0,1981,1981,4,22,13,2,0,1,0,0
1249314,4,2020,2020,9,3,9,35,34,1,34609,0,1,1,-34.016052,149.918144,51,2,1,1,0,2,0,0,2,0,7,60,0,1945,1945,5,16,40,1,0,1,0,0
1249316,2,2020,2020,10,6,0,5,31,204,34609,0,1,1,-33.880178,151.129374,32,0,2,1,2,0,0,0,0,0,7,50,0,1945,1945,5,16,40,1,0,0,1,0
1249320,2,2020,2020,10,2,6,12,31,174,34609,0,1,9,-33.89363,151.205296,69,0,2,1,0,0,0,0,2,0,0,50,0,2040,2040,9,33,26,2,0,0,1,0
1249325,1,2020,2020,2,6,4,512,17,433,441,0,1,9,-33.286198,149.106644,52,2,1,1,1,0,0,0,2,2,9,50,2,1220,1220,9,5,28,2,0,0,0,1
1249328,1,2020,2020,11,1,8,8,27,65,34609,0,1,9,-33.800676,150.962881,54,0,2,1,2,0,0,0,3,2,7,50,0,1981,1981,4,0,12,2,0,0,0,1
1249329,4,2020,2020,9,1,7,4,27,10,34609,1,2,1,-34.066429,151.117719,68,0,2,1,1,0,0,0,2,0,9,40,0,2040,2040,9,5,28,2,0,1,0,0
1249333,4,2020,2020,11,0,3,21,27,7,34609,1,0,1,-33.227519,151.284507,16,2,2,0,0,0,0,0,2,0,7,60,0,2585,4009,8,5,40,1,0,1,1,1
1249335,2,2020,2020,9,1,6,9,27,228,34609,0,1,1,-34.77304,149.729149,26,2,1,1,0,0,0,0,2,0,7,60,0,4026,4026,8,10,40,1,0,0,1,0
1249339,2,2020,2020,2,0,4,26,31,363,34609,0,1,1,-33.752191,150.697025,55,0,2,1,3,0,0,0,2,0,7,50,0,1109,397,1,30,5,2,0,0,1,1
1249340,1,2020,2020,11,0,5,12,31,58,43,0,1,9,-28.538371,153.548385,10,2,1,1,0,0,0,0,2,0,0,50,1,591,591,1,22,36,2,0,0,0,1
1249342,1,2020,2020,9,4,8,61,27,232,70,0,1,10,-33.669494,150.915252,71,0,2,1,3,0,0,0,2,0,15,70,1,14295,14295,3,10,5,2,0,0,0,1
1249343,4,2020,2020,10,0,10,251,27,17,212,0,1,2,-33.773085,151.203755,50,0,2,0,2,0,3,4,0,0,7,80,2,1850,1463,5,16,40,1,0,1,0,0
1249345,4,2020,2020,9,2,8,8,27,91,34609,0,1,9,-33.990522,150.890763,13,0,2,1,1,0,0,0,2,0,0,50,0,2040,2040,9,5,26,2,0,1,0,0
1249347,4,2020,2020,11,1,10,35,31,173,34609,0,1,1,-33.877577,151.216735,69,0,2,1,2,0,0,0,0,0,7,40,0,387,387,1,0,5,2,0,1,0,0
1249349,1,2020,2020,2,4,3,15,27,32,34609,0,1,1,-33.670722,151.00789,71,0,2,0,1,0,0,3,2,0,7,60,0,1109,787,1,9,5,2,0,0,0,1
1249350,2,2020,2020,9,0,9,7,27,2,34609,0,1,9,-32.516491,151.180892,64,2,1,0,0,0,0,0,2,0,0,70,0,6545,6545,4,5,0,2,0,0,1,0
1249351,2,2020,2020,9,4,7,475,31,252,75,0,1,10,-33.879797,151.209083,69,0,2,1,1,0,0,0,2,2,7,40,1,14295,14295,3,15,12,2,0,0,1,0
1249356,4,2020,2020,10,4,9,84,10,10,80,0,1,1,-34.223581,150.986,80,0,2,1,0,0,0,0,2,0,7,50,2,1945,1945,5,22,40,1,0,1,0,0
1249357,2,2020,2020,2,4,3,16,36,7,19,0,1,1,-33.098069,147.804506,53,1,0,0,0,0,0,0,1,0,7,100,1,4552,5151,8,34,40,1,0,0,1,0
1249359,4,2020,2020,10,6,10,16,36,2,41,0,1,1,-34.766772,146.915133,51,2,1,1,0,0,0,0,0,0,7,50,1,4026,4026,8,30,40,1,0,2,0,0
1249362,2,2020,2020,10,5,8,8,36,87,34609,0,1,1,-34.500931,150.443288,78,2,1,0,0,0,0,3,3,0,7,50,0,4552,777,8,16,40,1,0,0,1,0
1249365,1,2020,2020,9,1,8,829,27,124,770,0,1,2,-33.813803,151.051916,54,0,2,1,1,0,0,0,2,0,7,70,2,14295,14295,3,0,5,2,0,0,0,1
1249370,4,2020,2020,11,5,7,220,27,69,222,0,1,2,-33.779526,150.965525,54,0,2,1,3,0,0,0,2,0,7,80,2,14295,14295,3,0,0,2,0,1,0,0
1249372,2,2020,2020,11,4,5,13,27,151,34609,0,1,10,-34.035907,150.83579,13,0,2,1,0,0,0,0,2,0,0,60,0,6545,6545,4,5,13,2,0,0,1,1
1249376,1,2020,2020,3,1,7,71,17,27,71,0,1,1,-32.059824,143.708977,51,1,0,1,0,0,0,0,2,0,7,100,2,190,190,1,25,32,2,0,0,0,1
1249381,2,2020,2020,11,4,3,11,31,21,10,0,1,7,-33.950597,151.153643,4,0,2,1,2,0,0,0,1,0,0,60,1,6545,6545,4,30,27,2,0,0,1,0
1249383,2,2020,2020,10,5,6,7,27,16,36,0,1,9,-32.720008,151.721793,57,1,0,1,0,0,0,0,2,0,7,90,1,2852,2852,4,5,13,2,0,0,1,1