Crash ID,Degree of crash - detailed,Reporting year,Year of crash,Month of crash,Day of week of crash,Two-hour intervals,Street of crash,Street type,Town,Route no.,School zone location,School zone active,Type of location,Latitude,Longitude,LGA,Urbanisation,Conurbation 1,Alignment,Street lighting,Road surface,Surface condition,Weather,Natural lighting,Signals operation,Other traffic control,Speed limit,Road classification,RUM - code,DCA - code,First impact type,Key TU type,Other TU type,No. of traffic units involved,No. killed,No. seriously injured,No. moderately injured,No. minor-other injured
1249384,1,2020,2020,11,6,8,28,31,96,19,0,1,10,-33.375136,148.003548,51,2,1,1,0,0,0,0,2,0,0,50,1,6545,6545,4,5,19,2,0,0,0,1
1249396,4,2020,2020,9,0,11,8,27,52,34609,0,1,1,-33.274784,151.476889,16,2,2,0,2,0,0,0,0,0,7,60,0,2585,4009,8,5,40,1,0,1,0,0
1249398,1,2020,2020,9,3,4,110,27,41,173,0,1,2,-34.396619,150.867452,80,0,2,1,3,0,3,3,2,0,7,80,2,9859,9859,8,21,40,1,0,0,0,1
1249399,2,2020,2020,10,2,6,133,31,90,56,0,1,10,-33.887842,151.239906,81,0,2,1,3,0,0,6,2,3,7,50,1,14295,14295,3,0,0,2,0,0,1,0
1249400,2,2020,2020,9,2,0,18,10,61,18,0,1,1,-33.773049,151.136429,36,0,2,0,3,0,0,0,0,0,7,60,1,1850,1463,5,5,40,1,0,0,1,0
1249403,4,2020,2020,2,3,8,11,31,94,40,0,1,9,-33.831054,151.053337,54,0,2,1,2,0,0,0,2,2,7,60,1,9859,9859,8,0,40,1,0,2,0,0
1249404,1,2020,2020,9,1,5,15,31,131,34609,0,1,1,-36.081121,146.91929,0,2,1,1,3,0,0,0,2,0,9,50,0,1282,1282,1,18,5,2,0,0,0,1
1249407,1,2020,2020,6,5,6,29,31,147,69,0,1,10,-33.870147,151.130927,14,0,2,1,1,0,0,0,2,2,9,60,2,2040,2040,9,5,28,2,0,0,0,1
1249408,2,2020,2020,9,6,4,20,27,12,100,0,1,10,-33.627266,150.672727,29,2,2,1,1,0,0,3,2,0,7,80,2,14295,14295,3,34,5,3,0,0,1,0
1249411,4,2020,2020,9,6,9,19,1,293,34609,0,1,9,-33.94474,151.238076,59,0,2,1,2,0,0,0,3,0,7,50,0,775,775,4,0,27,2,0,1,0,0
1249413,2,2020,2020,10,0,5,72,14,123,71,0,1,3,-33.904409,151.21417,59,0,2,1,3,0,0,0,2,0,7,80,2,14295,14295,3,10,5,2,0,0,1,2
1249416,1,2020,2020,2,5,10,147,27,104,605,0,1,10,-33.830511,151.219478,49,0,2,1,3,0,3,3,0,2,7,60,2,14295,14295,3,5,5,2,0,0,0,1
1249423,1,2020,2020,2,6,7,344,27,168,382,0,1,10,-33.712005,150.842153,7,0,2,1,3,0,0,0,2,2,7,80,2,14295,14295,3,9,13,2,0,0,0,1
1249425,1,2020,2020,9,2,11,387,27,253,34609,0,1,11,-33.967544,151.10505,25,0,2,1,3,0,0,0,0,3,7,50,0,301,301,4,5,5,2,0,0,0,1
1249426,1,2020,2020,2,5,11,82,31,83,34609,0,1,1,-33.90917,151.116103,15,0,2,0,3,0,0,0,0,0,7,50,0,2585,4009,1,5,5,2,0,0,0,1
1249429,2,2020,2020,9,2,6,6,18,204,34609,0,1,9,-33.893234,150.934631,24,0,2,1,3,0,0,0,2,0,2,40,0,775,775,4,5,19,2,0,0,1,0
1249432,4,2020,2020,2,2,9,46,1,443,34609,0,1,9,-33.913364,151.046448,15,0,2,1,3,0,0,0,2,0,15,50,0,6545,6545,4,5,5,3,0,1,0,0
1249433,1,2020,2020,5,0,7,3371,17,14,3342,1,0,9,-33.725581,151.119612,36,0,2,1,3,0,0,0,2,0,7,60,2,5929,5929,1,0,5,2,0,0,0,1
1249436,1,2020,2020,2,4,7,108,31,363,34609,0,1,1,-33.754532,150.694184,55,0,2,1,3,0,0,0,2,0,7,50,0,1391,1391,1,9,5,2,0,0,0,1
1249440,1,2020,2020,2,6,9,2261,17,31,2252,0,1,3,-34.0306,150.824111,13,0,2,1,3,0,0,0,2,0,7,110,2,14295,14295,3,5,0,3,0,0,0,1
1249441,2,2020,2020,2,5,5,9,31,273,34609,0,1,1,-34.429809,150.900087,80,0,2,1,3,0,0,0,2,0,7,50,0,186,186,1,10,0,2,0,0,1,0
1249442,1,2020,2020,9,6,9,39,31,193,145,1,0,10,-33.79297,151.080015,61,0,2,1,3,0,0,0,2,2,7,60,2,5929,5929,1,5,0,2,0,0,0,1
1249449,2,2020,2020,2,4,9,12,1,154,34609,0,1,9,-33.709013,150.972168,71,0,2,0,3,0,3,4,0,0,7,50,0,782,985,5,10,40,1,0,0,1,0
1249450,1,2020,2020,9,2,6,387,27,290,331,0,1,9,-33.944674,151.128669,4,0,2,1,3,0,0,0,2,0,7,60,2,5929,5929,1,5,36,2,0,0,0,1
1249453,2,2020,2020,2,2,5,3371,17,147,3342,0,1,2,-33.739892,151.136753,36,0,2,1,3,0,3,0,2,0,7,60,2,9859,9859,1,9,0,2,0,0,1,2
1249454,1,2020,2020,2,1,3,205,27,106,415,0,1,1,-33.678025,151.297163,50,0,2,1,3,0,0,0,1,0,7,60,2,1981,1981,4,0,5,2,0,0,0,1
1249460,1,2020,2020,5,3,7,37,31,523,198,0,1,10,-33.926236,150.922776,41,0,2,1,3,0,3,4,2,2,7,60,2,14295,14295,3,10,5,2,0,0,0,2
1249463,1,2020,2020,10,4,7,205,27,161,415,0,1,2,-33.7077,151.18667,36,0,2,1,3,0,0,0,2,0,7,90,2,1945,1945,5,15,40,1,0,0,0,1
1249469,1,2020,2020,2,0,5,2,31,145,34609,0,1,9,-33.926125,151.064301,15,0,2,1,3,0,0,0,2,0,7,50,0,5929,5929,1,0,5,2,0,0,0,1
1249470,2,2020,2020,9,1,6,114,27,22,65,0,1,9,-33.395784,151.014006,16,2,2,0,3,0,0,0,2,0,7,80,1,1259,5151,8,0,40,1,0,0,1,0
1249472,1,2020,2020,2,2,11,2261,17,346,2252,0,1,9,-33.885876,151.069295,67,0,2,0,3,0,0,0,0,2,7,60,2,395,395,1,5,0,2,0,0,0,1
1249475,2,2020,2020,2,5,5,3371,17,83,3342,0,1,2,-30.133859,153.194498,19,1,0,1,3,0,3,4,2,0,7,110,2,14295,14295,3,0,36,3,0,0,1,0
1249476,1,2020,2020,2,0,6,150,27,309,415,0,1,10,-33.80383,151.113255,61,0,2,0,3,0,0,0,2,2,7,70,2,14295,14295,3,5,5,2,0,0,0,1
1249479,2,2021,2020,2,0,9,26,27,71,14,1,0,9,-33.840056,150.967121,21,0,2,1,3,0,0,0,2,0,15,60,2,14295,14295,3,5,13,2,0,0,1,0
1249480,4,2020,2020,2,6,3,111,27,35,233,0,1,9,-33.968328,151.233207,59,0,2,1,3,0,0,0,1,0,15,60,1,2852,2852,4,22,13,2,0,1,0,0
1249485,1,2020,2020,2,4,5,3,31,224,34609,0,1,1,-33.823183,151.241009,45,0,2,1,3,0,0,0,2,0,7,50,0,14295,14295,3,30,5,2,0,0,0,1
1249492,1,2020,2020,9,3,7,6,27,224,21,0,1,9,-33.834716,151.245884,45,0,2,1,3,0,0,0,2,0,15,50,1,1669,1669,3,0,0,2,0,0,0,1
1249496,2,2020,2020,9,0,7,8,27,21,34609,0,1,1,-33.875357,151.232941,81,0,2,1,1,0,0,0,2,0,7,50,0,2040,2040,9,16,28,2,0,0,1,0
1249500,2,2020,2020,2,0,10,308,14,323,311,0,1,3,-33.790291,150.856127,7,0,2,1,2,0,0,0,0,0,7,100,2,4026,4026,8,9,40,4,0,0,1,0
1249504,4,2020,2020,1,0,9,1052,14,207,928,0,1,3,-33.542707,151.197798,31,0,2,1,0,0,2,6,3,0,7,110,2,1945,1945,5,9,40,1,0,1,0,0
1249507,4,2020,2020,10,1,2,38,27,438,34609,1,0,1,-33.85511,151.030686,21,0,2,1,1,0,3,4,1,0,7,50,0,2040,2040,9,5,28,2,0,1,0,0
1249508,2,2020,2020,2,4,8,92,27,129,244,0,1,10,-33.899041,151.093237,9,0,2,1,1,0,0,0,2,2,8,60,2,5929,5929,1,5,19,2,0,0,2,0
1249509,2,2020,2020,2,0,0,119,31,135,34609,0,1,2,-32.892062,151.744708,48,0,2,1,2,0,0,0,0,0,0,50,0,2585,4009,8,5,40,1,0,0,1,0
1249511,4,2020,2020,9,2,7,3,31,225,34609,0,1,10,-33.799464,151.186155,77,0,2,1,1,0,0,0,2,0,0,50,0,2852,2852,4,5,0,5,0,1,0,0
1249513,4,2020,2020,9,4,9,2209,17,41,2205,0,1,9,-33.904128,151.180188,69,0,2,1,0,0,0,0,2,2,9,50,2,2040,2040,9,5,28,2,0,1,0,0
1249522,2,2020,2020,9,1,7,5,27,70,34609,0,1,1,-34.843893,150.596864,63,2,1,1,1,0,0,3,2,0,7,60,0,238,238,9,5,28,2,0,0,1,0
1249524,2,2020,2020,9,5,8,41,31,137,34609,0,1,10,-32.969888,151.702171,37,0,2,1,0,0,0,0,2,0,0,50,0,6545,6545,4,5,0,2,0,0,2,1
1249525,4,2020,2020,9,3,4,3,18,179,34609,0,1,1,-31.168534,150.937526,70,1,0,1,0,2,0,0,2,0,7,100,0,1945,1945,5,16,40,1,0,1,0,0
1249526,4,2020,2020,2,0,0,120,36,35,148,0,1,1,-30.450678,152.894653,6,2,1,0,2,0,3,4,0,0,7,50,2,2585,4009,8,5,40,1,0,1,2,0
1249529,2,2020,2020,5,6,9,9,31,136,34609,0,1,1,-33.916933,151.081046,15,0,2,1,2,0,0,0,0,0,7,50,0,9859,9859,1,5,36,2,0,0,1,0
1249531,1,2020,2020,2,2,8,3,10,172,34609,0,1,1,-32.770525,151.583594,42,2,1,0,0,0,0,0,2,0,7,50,0,591,591,1,22,5,2,0,0,0,1
1249538,4,2020,2020,10,0,9,25,31,646,34609,0,1,9,-33.919385,151.034951,15,0,2,1,1,0,0,0,2,0,7,40,0,2040,2040,9,19,28,2,0,1,0,0
1249542,4,2020,2020,11,6,6,73,24,40,88,0,1,1,-33.785609,151.239484,50,0,2,1,0,0,0,0,2,0,7,60,2,14295,14295,3,16,0,2,0,1,0,0
1249544,4,2020,2020,11,6,3,103,27,113,256,0,1,1,-34.299882,150.905624,80,0,2,0,0,0,0,0,2,0,7,80,2,3775,3775,0,5,5,3,0,2,0,1
1249545,4,2020,2020,10,0,5,866,17,314,793,0,1,9,-33.846469,150.95018,21,0,2,1,1,0,0,0,2,2,7,70,2,5929,5929,1,20,13,2,0,1,1,0
1249546,4,2020,2020,11,2,11,7,27,2,34609,0,1,1,-31.94068,147.220116,51,1,0,1,0,2,3,4,0,0,7,100,0,1945,1945,5,10,40,1,0,1,0,1
1249551,2,2020,2020,11,5,9,308,14,169,311,0,1,3,-33.77319,150.851646,7,0,2,1,2,0,0,0,0,0,7,100,2,14295,14295,3,5,0,2,0,0,1,1
1249556,2,2020,2020,10,6,4,196,10,3,34609,0,1,1,-32.406278,149.605746,44,1,0,1,0,0,0,0,2,0,7,100,0,4026,4026,8,5,40,1,0,0,1,0
1249557,4,2020,2020,10,0,9,2126,17,75,2149,0,1,9,-33.708581,150.35089,8,2,2,0,1,0,0,0,2,0,15,80,2,2852,2852,4,0,19,2,0,1,1,0
1249559,2,2020,2020,10,6,6,40,10,56,174,0,1,9,-32.775321,151.34074,17,2,1,1,1,0,0,0,2,0,0,80,2,2852,2852,4,10,5,2,0,0,3,0
1249560,4,2020,2020,10,0,8,63,10,19,34609,0,1,9,-28.199109,153.497004,72,2,1,0,1,0,0,0,2,0,7,60,0,380,777,5,16,40,1,0,1,0,0
1249561,4,2020,2020,10,5,5,2261,17,31,2252,0,1,10,-33.887703,151.09147,67,0,2,1,1,0,0,0,2,2,7,60,2,2852,2852,4,5,5,2,0,1,0,0
1249562,2,2020,2020,10,3,6,27,17,149,34609,0,1,7,-33.334234,151.379822,16,2,2,1,0,0,0,0,2,0,0,70,0,14295,14295,3,5,5,2,0,0,2,0
1249563,4,2020,2020,10,0,4,3,27,210,34609,0,1,7,-34.024652,151.094275,68,0,2,1,0,0,0,0,2,0,0,50,0,6545,6545,4,16,0,2,0,1,0,0
1249564,4,2020,2020,9,3,6,2,27,3,34609,0,1,1,-30.660046,151.005952,70,1,0,0,0,2,0,0,2,0,7,100,0,782,957,5,16,40,1,0,1,0,0
1249565,1,2020,2020,9,4,8,149,27,149,38,0,1,10,-33.816789,150.969259,21,0,2,1,1,0,0,0,2,2,7,60,1,14295,14295,3,5,5,2,0,0,0,1
1249567,2,2020,2020,10,5,4,1,27,38,34609,0,1,1,-32.737981,151.850525,57,2,1,1,0,0,0,0,2,0,7,50,0,945,945,5,5,40,1,0,0,1,0
1249568,4,2020,2020,10,2,3,133,27,6,174,0,1,1,-32.869716,151.423925,17,1,0,1,3,0,3,4,2,0,7,100,2,475,475,5,10,40,1,0,1,0,0
1249569,2,2020,2020,9,5,5,6,27,24,34609,0,1,9,-33.39645,151.402496,16,2,2,1,3,0,0,0,2,0,15,60,0,14295,14295,3,10,0,2,0,0,1,0
1249570,4,2020,2020,9,5,4,7,31,93,34609,0,1,9,-33.408292,149.622194,3,1,0,1,3,0,0,0,2,0,0,100,0,926,926,4,5,0,2,0,1,0,0
1249572,4,2020,2020,11,1,4,77,27,314,38,0,1,9,-33.838808,150.926324,21,0,2,1,0,0,0,0,2,2,7,60,2,14295,14295,3,0,0,3,0,1,0,0
1249574,1,2020,2020,11,0,4,2209,17,95,2205,0,1,2,-34.392174,150.897339,80,0,2,1,1,0,0,0,2,0,7,90,2,1192,1192,1,10,19,2,0,0,0,1
1249575,1,2020,2020,9,0,7,1,25,74,34609,1,2,9,-34.060239,150.759493,12,0,2,0,3,0,0,0,2,0,7,40,0,1981,1981,4,5,36,2,0,0,0,1
1249577,2,2020,2020,9,6,8,481,17,113,483,0,1,1,-29.523064,149.850043,51,1,0,1,0,0,0,0,2,0,7,110,2,9859,9859,8,5,40,1,0,0,1,0
1249579,4,2020,2020,9,2,7,20,27,17,34609,0,1,1,-31.875685,152.647875,43,2,1,0,0,0,0,0,2,0,7,60,0,418,714,5,5,40,1,0,1,0,0
1249581,1,2020,2020,2,6,8,62,31,64,34609,0,1,9,-34.383025,150.896182,80,0,2,1,3,0,0,0,2,0,15,50,0,2852,2852,4,5,0,3,0,0,0,1
1249584,4,2020,2020,10,0,10,1,7,121,34609,0,1,1,-28.196866,153.546227,72,2,1,1,3,0,0,0,0,0,7,50,0,9859,9859,1,5,5,2,0,1,0,0
1249585,2,2020,2020,9,3,5,478,17,70,480,1,0,2,-33.437134,151.352064,16,2,2,1,3,0,0,0,2,0,7,60,2,14295,14295,3,30,0,2,0,0,1,0
1249589,2,2020,2020,9,1,6,38,27,115,165,0,1,1,-33.958666,151.063714,25,0,2,1,1,0,0,0,2,0,7,50,1,1220,1220,9,9,28,2,0,0,1,0
1249591,2,2020,2020,10,0,6,1,10,562,34609,0,1,9,-32.236471,148.648059,22,2,1,1,0,0,0,0,2,0,7,50,0,4026,4026,8,5,40,1,0,0,1,0
1249592,2,2020,2020,9,4,5,3371,17,1,3342,0,1,9,-33.186636,151.584115,16,2,2,1,1,0,0,0,2,0,15,80,2,150,150,4,16,5,2,0,0,1,0
1249593,2,2020,2020,9,6,9,24,31,169,769,0,1,10,-33.597752,150.752892,29,2,2,1,1,0,0,0,2,2,7,60,2,6545,6545,4,5,5,2,0,0,1,0
1249596,1,2020,2020,11,4,8,2261,17,243,2252,0,1,9,-33.957807,150.887226,41,0,2,0,2,0,0,0,3,2,7,70,2,14295,14295,3,30,5,2,0,0,0,1
1249598,2,2020,2020,9,0,3,3371,17,53,3342,0,1,10,-32.925194,151.759388,48,0,2,1,1,0,3,0,2,2,7,60,2,6545,6545,4,34,5,2,0,0,1,0
1249599,2,2020,2020,11,3,7,46,1,20,165,0,1,10,-33.974068,151.091942,25,0,2,1,1,0,0,0,2,0,0,50,1,4552,985,8,16,40,1,0,0,1,0
1249600,2,2020,2020,9,1,9,132,31,45,126,0,1,9,-33.888444,151.197548,69,0,2,1,2,0,0,0,3,0,7,50,2,14295,14295,3,5,5,2,0,0,1,0
1249602,1,2020,2020,10,6,4,3371,17,73,3342,0,1,2,-33.777821,151.168882,36,0,2,1,1,0,0,0,2,0,7,60,2,1383,1383,1,22,10,2,0,0,0,1
1249606,1,2020,2020,9,2,3,1104,14,104,962,0,1,3,-33.787657,150.789071,55,0,2,1,1,0,0,0,2,0,3,110,2,9859,9859,8,5,40,1,0,0,0,1
1249607,2,2020,2020,11,0,5,478,17,8,480,0,1,1,-33.212141,151.529981,16,2,2,1,1,0,0,0,2,0,7,70,2,3775,3775,0,10,0,2,0,0,2,0
1249608,2,2020,2020,11,2,9,20,31,433,34609,0,1,7,-33.280625,149.094115,52,2,1,1,2,0,3,4,0,0,0,50,0,1220,1220,9,0,28,2,0,0,1,0
1249611,2,2020,2020,9,1,3,3371,17,58,3342,0,1,2,-32.781326,151.74102,57,2,1,1,1,0,3,3,1,0,7,70,2,1945,1945,5,16,40,1,0,0,1,0
1249615,2,2020,2020,2,6,8,24,31,31,24,0,1,1,-33.432482,151.367463,16,2,2,0,1,0,0,0,2,0,7,60,1,14295,14295,3,5,5,2,0,0,1,0
1249618,4,2020,2020,9,6,6,54,31,225,62,0,1,1,-33.787578,151.19334,77,0,2,1,0,0,0,0,2,0,7,60,2,1669,1669,3,16,5,2,0,1,0,0
1249619,4,2020,2020,9,2,7,65,10,132,148,0,1,1,-34.149897,151.02905,68,0,2,0,0,0,0,0,2,0,7,60,2,782,957,5,16,40,1,0,1,0,0
1249620,1,2020,2020,2,0,6,20,27,239,34609,0,1,1,-34.027839,151.131022,68,0,2,1,3,0,0,0,2,0,7,50,0,14295,14295,3,10,0,3,0,0,0,1
1249623,1,2020,2020,10,4,8,2261,17,31,2252,0,1,3,-34.034208,150.82401,13,0,2,1,2,0,0,0,2,0,7,110,2,101,101,8,0,40,2,0,0,0,1
1249625,2,2020,2020,10,3,9,24,36,49,56,0,1,1,-34.423066,147.521679,51,1,0,1,3,0,0,0,0,0,7,100,2,9859,9859,8,9,40,1,0,0,1,0
1249627,1,2020,2020,9,2,9,1,10,122,34609,0,1,9,-33.426723,151.339294,16,2,2,0,3,0,0,0,0,0,0,50,0,2852,2852,4,5,5,2,0,0,0,1
1249628,2,2020,2020,2,6,7,83,31,523,34609,0,1,1,-33.920828,150.921585,41,0,2,1,3,0,0,0,2,0,7,50,0,14295,14295,3,5,5,4,0,0,1,0
1249630,1,2020,2020,2,5,6,55,27,24,38,0,1,9,-33.940279,150.734623,12,0,2,1,3,0,0,0,2,2,7,80,2,6545,6545,4,34,13,2,0,0,0,1
1249631,4,2020,2020,2,5,4,1,31,28,34609,0,1,1,-33.905337,150.879842,41,0,2,0,3,0,0,0,2,0,7,50,0,3775,3775,0,5,5,2,0,1,1,0
1249632,2,2020,2020,2,6,6,40,27,73,34609,0,1,1,-35.140915,147.375114,75,2,1,1,3,0,0,0,2,0,7,60,0,9859,9859,1,5,0,3,0,0,1,0
1249635,1,2020,2020,9,2,4,308,14,83,311,0,1,3,-33.88487,150.83773,41,0,2,1,3,0,0,0,2,0,7,100,2,1391,1391,1,8,5,2,0,0,0,1
1249637,2,2020,2020,10,0,6,37,1,95,34609,1,0,1,-34.392,150.892938,80,0,2,1,3,0,0,0,2,0,7,50,0,1192,1192,1,5,5,2,0,0,1,0
1249641,1,2020,2020,2,0,10,213,17,83,213,0,1,7,-29.707374,152.941879,18,2,1,1,3,0,3,3,0,0,0,60,2,1383,1383,1,0,5,2,0,0,0,1
1249642,1,2020,2020,9,1,3,65,27,202,563,0,1,9,-33.940439,151.035456,15,0,2,1,3,0,0,0,1,2,7,70,2,14295,14295,3,10,5,2,0,0,0,1
1249644,1,2020,2020,2,6,8,43,22,80,19,0,1,9,-33.872729,151.174789,32,0,2,1,3,0,0,3,2,2,7,50,2,217,217,1,0,5,2,0,0,0,1
1249652,4,2020,2020,10,3,9,1,10,173,34609,0,1,7,-33.786723,151.130697,61,0,2,1,1,0,0,0,3,0,0,50,0,78,78,8,16,40,1,0,1,0,0
1249654,2,2020,2020,9,0,8,20,31,31,34609,0,1,4,-33.767618,151.272823,50,0,2,0,1,0,0,0,2,0,7,50,0,1850,1463,5,15,40,1,0,0,1,0
1249656,4,2020,2020,9,2,3,2261,17,32,2252,0,1,3,-34.25955,150.653039,79,1,2,1,0,0,0,0,2,0,7,110,2,4026,4026,8,0,40,1,0,1,0,0
1249661,2,2020,2020,9,6,8,44,31,41,10,0,1,1,-34.056354,150.694005,12,0,2,1,1,0,0,0,3,0,9,50,1,1220,1220,9,5,28,2,0,0,1,0
1249662,1,2020,2020,9,3,6,72,14,532,71,0,1,3,-33.86823,151.217999,69,0,2,0,1,0,0,0,2,0,7,80,2,14295,14295,3,15,5,2,0,0,0,1
1249664,4,2020,2020,2,6,2,232,36,252,331,0,1,10,-33.954891,150.864299,41,0,2,1,2,0,0,0,1,2,7,70,2,5929,5929,1,29,5,2,0,1,0,0
1249665,2,2020,2020,9,2,9,344,27,88,163,0,1,9,-33.738304,150.856196,7,0,2,1,1,0,3,4,2,2,7,70,2,2852,2852,4,16,5,2,0,0,1,0
1249667,1,2020,2020,2,2,0,41,31,445,34609,0,1,1,-33.866547,151.046682,21,0,2,1,2,0,0,0,0,0,7,50,0,5929,5929,1,5,5,3,0,0,0,1
1249669,4,2020,2020,9,1,7,1,18,12,34609,0,1,9,-34.061226,150.525624,79,2,2,0,1,0,0,0,2,0,7,60,0,3775,3775,0,0,5,2,0,1,0,0
1249670,2,2020,2020,10,4,9,3,31,30,34609,1,0,10,-34.874444,147.584281,51,2,1,1,0,0,0,0,2,0,0,50,0,6545,6545,4,9,5,2,0,0,1,0
1249672,4,2020,2020,9,2,6,224,27,246,321,0,1,10,-33.905528,151.202829,69,0,2,1,0,0,0,6,2,2,7,50,2,5929,5929,1,9,19,2,0,1,0,0
1249673,4,2020,2020,9,5,6,234,27,1,217,0,1,1,-33.544444,151.010134,31,0,2,0,3,0,0,0,2,0,7,80,2,273,957,5,8,40,1,0,1,0,0
1249674,4,2020,2020,9,6,7,74,27,609,18,0,1,2,-33.774314,150.88427,7,0,2,1,0,0,0,0,2,0,7,60,1,4026,4026,8,5,40,1,0,1,0,0
1249676,2,2020,2020,2,4,4,120,36,43,148,0,1,1,-30.466547,152.984311,6,2,1,0,0,0,3,4,2,0,7,80,2,4552,5151,8,0,40,1,0,0,1,0
1249678,1,2020,2020,9,0,5,36,31,162,34609,0,1,9,-33.839687,150.913513,24,0,2,0,0,0,0,0,2,0,15,60,0,387,387,1,5,5,2,0,0,0,1
1249681,2,2020,2020,9,6,2,34,1,193,34609,0,1,9,-33.793532,151.0891,61,0,2,1,2,0,0,3,1,0,7,50,0,775,775,4,33,27,2,0,0,1,0
1249682,4,2020,2020,10,4,9,3,27,9,34609,0,1,1,-34.242493,150.932357,80,0,2,0,0,0,0,0,2,0,7,80,0,1957,4009,8,0,40,1,0,1,0,0
1249683,4,2020,2020,10,2,1,512,17,3,441,0,1,1,-33.153966,149.005617,11,1,0,1,0,0,0,0,0,0,7,100,2,4026,4026,8,9,40,1,0,1,1,0
1249685,4,2020,2020,2,6,8,120,36,6,148,0,1,1,-30.371195,152.600837,6,1,0,0,0,0,3,4,2,0,7,100,2,1669,1669,3,29,41,2,0,1,0,0
1249687,2,2020,2020,2,2,7,25,31,31,34609,0,1,7,-33.868748,151.030319,21,0,2,1,1,0,0,0,2,0,0,50,0,14295,14295,3,5,18,2,0,0,2,0
1249691,2,2020,2020,2,4,8,21,27,56,174,0,1,9,-32.785884,151.347059,17,2,1,1,0,0,0,0,2,0,15,80,2,926,926,4,5,0,2,0,0,1,0
1249693,1,2020,2020,10,5,3,866,17,247,793,0,1,2,-33.835997,150.958404,21,0,2,1,1,0,0,0,2,0,7,70,2,14295,14295,3,5,5,4,0,0,0,1
1249703,2,2020,2020,10,1,8,2209,17,82,2205,0,1,2,-34.367539,150.903429,80,0,2,1,1,0,0,0,2,0,7,80,2,14295,14295,3,30,13,2,0,0,2,0
1249704,2,2020,2020,2,6,9,6,10,55,34609,0,1,2,-35.380418,149.199946,58,2,1,0,0,0,0,0,3,0,0,50,0,5929,5929,1,10,5,3,0,0,1,0
1249706,4,2020,2020,2,2,5,2,27,3,34609,0,1,1,-30.401977,150.721605,70,1,0,0,0,0,0,0,2,0,7,100,0,1850,1463,5,16,40,1,0,1,0,0
1249710,2,2020,2020,9,0,7,3,31,44,34609,0,1,9,-33.749625,150.725275,55,0,2,1,1,0,0,0,2,0,7,50,0,1220,1220,9,5,28,2,0,0,1,0
1249713,4,2020,2020,2,4,4,36,27,8,36,0,1,9,-34.019406,150.809682,13,0,2,1,1,0,0,0,2,0,7,70,1,2852,2852,4,5,5,2,0,1,0,0
1249716,2,2020,2020,2,3,0,15,31,169,147,0,1,2,-28.647013,153.612897,10,2,1,1,2,0,3,4,0,0,7,50,1,9859,9859,1,5,12,2,0,0,1,0
1249717,2,2020,2020,2,6,4,2,10,93,34609,0,1,9,-33.394874,149.605324,3,2,1,1,1,0,0,0,2,0,0,50,0,926,926,4,5,0,2,0,0,1,0
1249721,1,2020,2020,2,5,8,7,27,7,5,0,1,1,-30.352974,149.032548,51,1,0,1,0,0,0,0,2,0,7,100,1,4026,4026,8,26,40,1,0,0,0,1
1249729,4,2020,2020,9,0,5,1,33,6,34609,0,1,1,-33.802311,150.026661,51,2,1,1,0,2,0,0,2,0,7,50,0,1945,1945,5,16,40,1,0,1,0,0
1249736,2,2020,2020,9,5,5,475,10,15,34609,0,1,1,-35.056896,150.674117,63,2,1,1,1,0,0,0,2,0,7,50,0,9859,9859,1,5,12,2,0,0,1,0
1249737,2,2020,2020,2,3,4,4,1,64,34609,0,1,1,-33.886829,151.033134,21,0,2,0,1,0,0,0,2,0,7,50,0,3775,3775,0,5,5,2,0,0,1,0
1249740,1,2020,2020,6,5,3,3,27,3,34609,0,1,1,-33.22659,150.210036,40,2,1,1,0,0,0,0,2,0,7,60,0,1089,1089,7,0,40,1,0,0,0,1
1249744,2,2020,2020,10,2,6,9,27,6,103,0,1,1,-28.534498,153.192673,39,2,1,0,0,0,0,0,2,0,7,80,1,1850,1463,5,16,40,1,0,0,1,0
1249746,4,2020,2020,2,5,10,1,27,2,34609,0,1,1,-35.564498,150.373512,63,2,1,0,2,0,0,0,0,0,7,20,0,4552,5151,8,5,40,1,0,1,0,0
1249751,2,2020,2020,2,3,9,47,31,106,34609,0,1,9,-33.91975,151.086644,15,0,2,1,1,0,0,0,3,0,7,50,0,9859,9859,1,5,5,2,0,0,1,0
1249752,1,2020,2020,10,0,6,47,31,83,34609,0,1,1,-30.109478,153.200024,19,2,1,1,0,0,0,0,2,0,7,50,0,1981,1981,4,0,5,2,0,0,0,1
1249756,2,2020,2020,9,4,6,31,31,84,34609,0,1,9,-31.101683,150.899713,70,2,1,1,0,0,0,0,2,0,7,50,0,782,985,5,5,40,1,0,0,1,0
1249758,1,2020,2020,9,6,8,9,22,100,237,0,1,3,-33.810138,151.161041,38,0,2,1,2,0,0,0,2,0,7,80,2,14295,14295,3,33,13,2,0,0,0,1
1249759,4,2020,2020,2,3,5,1,27,34,34609,0,1,1,-32.859242,150.922284,64,1,0,0,0,2,0,6,2,0,7,100,0,404,404,8,16,40,1,0,1,0,0
1249761,4,2020,2020,9,4,5,7,10,18,34609,0,1,9,-28.865742,153.587724,2,2,1,1,0,0,0,0,2,0,0,50,0,1945,1945,5,16,40,1,0,1,0,0
1249763,2,2020,2020,9,0,5,103,27,167,563,0,1,10,-33.826834,151.050906,54,0,2,1,2,0,0,0,2,2,7,70,2,5929,5929,1,0,13,2,0,0,1,0