Crash ID,Degree of crash - detailed,Reporting year,Year of crash,Month of crash,Day of week of crash,Two-hour intervals,Street of crash,Street type,Town,Route no.,School zone location,School zone active,Type of location,Latitude,Longitude,LGA,Urbanisation,Conurbation 1,Alignment,Street lighting,Road surface,Surface condition,Weather,Natural lighting,Signals operation,Other traffic control,Speed limit,Road classification,RUM - code,DCA - code,First impact type,Key TU type,Other TU type,No. of traffic units involved,No. killed,No. seriously injured,No. moderately injured,No. minor-other injured
1249765,2,2020,2020,9,3,0,27,27,119,96,0,1,1,-33.865954,151.166701,32,0,2,1,2,0,0,0,0,0,7,50,2,9859,9859,1,5,5,2,0,0,2,0
1249767,4,2020,2020,2,6,3,17,31,445,34609,0,1,1,-33.861655,151.051227,21,0,2,1,0,0,0,0,2,0,7,50,0,312,312,2,5,40,1,0,1,0,0
1249775,4,2020,2020,11,6,5,45,7,143,44,1,0,1,-33.712725,151.098976,31,0,2,1,1,0,0,0,2,0,7,50,1,14295,14295,3,5,36,2,0,1,0,0
1249776,1,2020,2020,10,1,7,1,27,6,34609,0,1,7,-35.064668,147.42315,75,1,0,0,0,0,3,4,2,0,0,100,0,1259,5151,8,0,40,1,0,0,0,1
1249783,2,2020,2020,2,3,2,485,27,25,769,0,1,1,-33.613012,150.831752,29,2,2,1,2,0,0,0,0,0,7,80,2,4026,4026,8,5,40,1,0,0,1,0
1249784,1,2020,2020,9,5,8,14,27,78,34609,0,1,10,-34.480599,150.860396,80,0,2,1,1,0,0,0,3,0,0,50,0,1669,1669,3,0,5,2,0,0,0,2
1249786,2,2020,2020,9,0,4,62,10,55,169,0,1,1,-32.827385,151.537892,17,1,0,1,1,0,0,0,2,0,7,100,2,14295,14295,3,9,13,3,0,0,1,0
1249787,4,2020,2020,2,6,10,11,27,36,34609,0,1,1,-33.79609,150.939244,21,0,2,1,1,0,0,0,2,0,7,50,0,9859,9859,8,5,40,1,0,1,0,0
1249790,4,2020,2020,9,4,4,3371,17,51,3342,0,1,7,-33.252158,151.489844,16,2,2,0,0,0,0,0,2,0,0,70,2,5929,5929,1,5,5,2,0,1,0,0
1249791,4,2020,2020,9,4,4,109,27,460,106,0,1,9,-33.835634,150.985465,21,0,2,1,1,0,0,0,2,0,0,60,1,2040,2040,9,33,28,2,0,1,0,0
1249792,2,2020,2020,11,6,2,9,36,58,32,0,1,1,-34.403213,150.9001,80,0,2,1,2,0,0,0,1,0,7,70,1,4026,4026,8,5,40,1,0,0,1,0
1249796,1,2020,2020,2,0,6,119,31,173,207,0,1,2,-33.875153,151.220721,69,0,2,0,1,0,0,0,2,0,7,50,2,14295,14295,3,5,0,2,0,0,0,1
1249798,1,2020,2020,2,1,4,7,27,77,172,0,1,1,-33.028083,151.650491,37,0,2,0,0,0,0,0,2,0,7,50,2,3775,3775,0,34,5,2,0,0,0,1
1249799,4,2020,2020,9,4,4,3371,17,16,3342,0,1,9,-33.186473,151.58406,16,2,2,1,1,0,0,0,2,0,15,80,2,190,190,1,16,0,2,0,1,0,0
1249800,4,2020,2020,9,1,2,19,7,62,34609,0,1,1,-33.892298,151.144046,32,0,2,0,2,0,0,0,1,0,7,50,0,3775,3775,0,30,10,2,0,1,0,0
1249803,4,2020,2020,11,4,8,1104,14,460,962,0,1,3,-33.818979,150.981658,21,0,2,1,1,0,0,0,2,0,7,90,2,14295,14295,3,9,5,2,0,1,0,0
1249805,1,2020,2020,9,3,11,4,31,135,34609,0,1,1,-32.906604,151.737628,48,0,2,1,2,0,0,0,0,0,7,50,0,3775,3775,0,5,0,2,0,0,0,1
1249806,2,2020,2020,11,1,6,30,27,46,34609,0,1,9,-33.298681,151.398539,16,2,2,1,0,0,0,0,2,0,7,80,0,6545,6545,4,5,13,3,0,0,2,1
1249807,1,2020,2020,11,2,10,5,27,10,34609,0,1,9,-34.290114,146.079456,28,2,1,1,0,0,3,3,0,0,0,70,0,489,489,5,0,40,1,0,0,0,1
1249809,1,2020,2020,11,3,1,61,10,160,34609,0,1,1,-33.099249,151.473605,37,0,2,1,0,0,0,0,0,0,7,60,0,9859,9859,1,0,5,2,0,0,0,1
1249811,4,2021,2020,9,3,6,294,17,11,288,0,1,1,-34.469675,145.385638,51,1,0,0,3,0,0,0,2,0,7,110,2,380,714,5,3,40,1,0,1,0,0
1249812,2,2020,2020,10,2,10,9,10,89,34609,0,1,1,-33.380607,151.48443,16,2,2,0,1,0,0,0,0,0,7,50,0,2585,4009,8,5,40,1,0,0,1,0
1249813,2,2020,2020,10,3,5,1,10,61,34609,0,1,9,-35.905061,150.143268,23,2,1,1,0,0,0,0,2,0,0,80,0,395,395,1,22,0,2,0,0,1,0
1249814,2,2020,2020,9,1,10,1,25,63,34609,0,1,1,-28.195323,153.504943,72,2,1,1,2,0,0,0,0,0,7,50,0,3775,3775,0,5,5,2,0,0,1,0
1249817,2,2020,2020,11,2,9,33,10,69,34609,0,1,1,-28.532684,153.510405,10,2,1,0,0,0,0,0,0,0,7,80,0,4552,5151,8,5,40,1,0,0,1,0
1249819,2,2020,2020,10,3,10,35,27,3,24,0,1,1,-32.588322,149.479407,44,1,0,1,0,0,0,0,0,0,7,100,1,9859,9859,8,10,40,1,0,0,1,0
1249820,4,2020,2020,10,0,3,55,36,22,95,0,1,1,-33.187377,148.542881,11,1,0,0,0,0,0,0,2,0,7,100,2,4552,5151,8,8,40,1,0,1,0,0
1249821,4,2020,2020,9,0,2,2261,17,523,2252,0,1,2,-33.918803,150.91948,41,0,2,1,2,0,0,0,0,0,7,60,2,214,214,9,5,28,2,0,1,1,0
1249822,4,2020,2020,9,5,10,3371,17,29,3342,0,1,2,-32.230547,152.319662,43,1,0,1,2,0,0,0,0,0,7,100,2,312,312,2,29,40,1,0,1,0,0
1249831,2,2020,2020,2,3,10,35,18,20,34609,0,1,9,-31.033067,152.8697,34,2,1,1,0,2,0,0,0,0,7,50,0,368,368,9,34,28,3,0,0,1,0
1249835,1,2020,2020,11,5,6,515,14,189,518,0,1,3,-33.942781,151.053925,15,0,2,1,1,0,0,0,2,0,7,100,2,14295,14295,3,8,0,2,0,0,0,1
1249836,2,2020,2020,9,5,7,7,27,460,34609,0,1,7,-33.828068,150.973436,21,0,2,1,0,0,0,0,2,0,0,50,0,4552,985,8,5,40,1,0,0,1,0
1249837,4,2020,2020,2,1,7,98,31,176,159,0,1,1,-33.95482,151.142099,4,0,2,1,1,0,0,0,2,0,7,60,2,312,312,2,27,40,1,0,1,0,0
1249841,1,2020,2020,2,0,8,1052,14,173,928,0,1,3,-33.706141,151.117692,31,0,2,0,3,0,0,0,2,0,7,110,2,14295,14295,3,0,0,3,0,0,0,1
1249842,1,2020,2020,8,4,6,500,27,145,799,0,1,10,-33.929428,151.072388,15,0,2,1,3,0,0,0,2,2,7,60,2,1669,1669,3,5,0,2,0,0,0,1
1249843,1,2020,2020,2,6,9,70,27,17,100,0,1,1,-33.666253,150.652178,8,2,2,0,3,0,3,4,3,0,7,60,2,3775,3775,0,30,5,2,0,0,0,1
1249847,2,2020,2020,2,0,7,23,10,9,174,0,1,2,-32.95766,151.480872,17,1,0,0,0,0,0,0,2,0,7,90,2,204,204,1,0,22,2,0,0,1,0
1249848,1,2020,2020,2,0,5,224,27,102,321,0,1,9,-33.95309,151.201497,4,0,2,1,3,0,0,0,2,0,0,50,2,515,515,1,8,5,2,0,0,0,2
1249850,4,2020,2020,9,4,5,1,1,46,34609,0,1,9,-33.299116,151.407847,16,2,2,1,1,0,0,0,2,0,7,50,0,1945,1945,5,16,40,1,0,1,0,0
1249851,4,2020,2020,9,4,4,48,27,2,62,0,1,9,-35.653314,148.063081,66,1,0,1,0,0,3,3,2,0,7,100,2,1109,787,1,10,0,2,0,1,1,0
1249855,1,2020,2020,2,5,11,1,36,562,34609,0,1,1,-32.241166,148.636604,22,2,1,1,2,0,0,0,0,0,7,50,0,4026,4026,8,5,40,1,0,0,0,1
1249861,4,2020,2020,9,1,4,11,31,304,21,0,1,1,-33.903369,151.169021,32,0,2,1,0,0,0,0,2,0,7,50,1,404,404,8,22,40,1,0,1,0,0
1249864,2,2020,2020,2,1,10,97,27,166,799,0,1,9,-33.929543,150.989212,15,0,2,1,2,0,3,0,0,2,7,70,2,1192,1192,1,33,5,2,0,0,1,0
1249873,2,2020,2020,11,6,8,1,31,16,483,0,1,10,-35.645401,145.575352,51,2,1,1,0,0,0,0,2,0,7,50,2,9859,9859,8,5,40,1,0,0,1,0
1249874,2,2020,2020,2,6,6,28,27,25,28,0,1,1,-32.703356,151.854338,57,2,1,1,0,0,0,0,2,0,7,80,1,1945,1945,5,5,40,1,0,0,1,0
1249875,4,2020,2020,2,4,5,89,17,82,34609,1,0,10,-34.366445,150.898334,80,0,2,1,1,0,0,0,2,2,9,60,0,6545,6545,4,9,5,2,0,1,0,0
1249877,2,2020,2020,5,4,8,83,27,169,147,0,1,9,-28.660009,153.615345,10,2,1,1,0,0,0,0,2,0,0,50,1,591,591,1,22,36,2,0,0,1,0
1249878,2,2020,2020,9,1,8,13,27,118,34609,0,1,1,-33.392158,151.291446,16,2,2,1,3,0,0,0,2,0,7,50,0,1669,1669,3,5,5,2,0,0,1,0
1249879,4,2020,2020,9,0,8,3,27,26,34609,0,1,1,-33.399611,145.668748,51,1,0,0,0,0,0,0,2,0,7,100,0,273,957,5,10,40,1,0,1,0,0
1249882,1,2020,2020,2,4,7,2,18,121,34609,0,1,9,-28.193374,153.540441,72,2,1,1,3,0,0,0,2,0,7,50,0,2040,2040,9,0,28,2,0,0,0,1
1249885,2,2020,2020,2,2,6,39,22,24,34609,0,1,1,-33.38406,151.411071,16,2,2,0,3,0,0,0,2,0,7,60,0,4552,5151,8,0,40,1,0,0,1,0
1249886,1,2020,2020,2,3,11,2209,17,24,2205,0,1,2,-34.940585,150.601893,63,1,0,1,3,0,0,0,0,0,7,100,2,1089,1089,7,5,40,1,0,0,0,1
1249888,2,2020,2020,9,6,1,3371,17,13,3342,0,1,9,-33.134497,151.612321,37,0,2,0,3,0,0,0,0,0,7,100,2,1957,4009,8,5,40,1,0,0,1,0
1249891,2,2020,2020,9,6,2,3371,17,63,3342,0,1,9,-33.244284,151.494908,16,2,2,1,3,0,0,0,0,0,7,70,2,9859,9859,8,30,40,1,0,0,1,0
1249893,2,2020,2020,2,1,10,361,32,62,96,0,1,9,-33.89408,151.149844,32,0,2,1,3,0,0,0,0,2,7,60,2,5929,5929,1,0,0,2,0,0,1,0
1249896,2,2020,2020,2,4,4,15,27,18,46,0,1,1,-34.937968,150.698784,63,2,1,0,0,0,0,0,2,0,7,80,1,1259,5151,8,5,40,1,0,0,1,0
1249897,2,2020,2020,2,2,8,1,31,52,34609,0,1,1,-33.903258,151.26258,76,0,2,1,3,0,0,0,3,0,7,50,0,4026,4026,1,5,0,3,0,0,1,0
1249901,1,2020,2020,9,4,10,2261,17,243,2252,0,1,9,-33.947837,150.907158,41,0,2,1,3,0,0,0,0,0,15,70,2,14295,14295,3,5,13,2,0,0,0,1
1249904,2,2020,2020,2,1,0,112,17,27,112,0,1,1,-31.576038,144.384976,51,1,0,1,3,0,0,0,0,0,7,110,2,1089,1089,7,5,40,1,0,0,1,0
1249910,2,2020,2020,5,6,6,38,27,15,45,0,1,9,-35.07061,150.671757,63,2,1,1,3,0,0,0,2,0,0,50,1,5929,5929,1,0,5,2,0,0,1,0
1249915,2,2020,2020,2,0,5,220,27,92,222,0,1,10,-33.725286,150.940078,71,0,2,1,3,0,0,0,2,2,7,80,2,1391,1391,1,0,0,2,0,0,1,0
1249919,1,2020,2020,2,1,6,175,27,609,220,0,1,9,-33.766062,150.912666,7,0,2,1,3,0,0,0,2,2,7,60,2,1282,1282,1,5,5,2,0,0,0,1
1249923,1,2020,2020,9,5,5,89,17,50,34609,0,1,1,-34.341043,150.906718,80,0,2,1,1,0,0,0,2,0,7,60,0,387,387,1,22,13,2,0,0,0,1
1249924,2,2020,2020,2,1,7,42,36,35,34609,0,1,1,-30.526977,152.999782,6,2,1,0,0,0,3,3,2,0,7,70,0,1957,4009,8,5,40,1,0,0,1,0
1249926,1,2020,2020,9,5,8,3371,17,28,3342,0,1,2,-31.830284,152.618093,43,1,0,1,3,0,2,6,2,0,7,110,2,9859,9859,8,0,40,1,0,0,0,1
1249929,1,2020,2020,1,5,9,2209,17,32,2205,0,1,10,-33.978527,151.122623,25,0,2,1,3,0,0,0,0,2,7,70,2,6545,6545,4,5,5,2,0,0,0,1
1249940,4,2020,2020,9,5,8,229,14,278,237,0,1,3,-33.760602,151.037569,71,0,2,1,1,0,0,0,2,0,7,80,2,14295,14295,3,33,27,2,0,1,0,0
1249943,4,2020,2020,9,0,7,34,27,29,34609,0,1,7,-35.129807,147.335908,75,2,1,1,0,0,0,0,2,0,0,50,0,1945,1945,5,16,40,1,0,1,0,0
1249945,4,2020,2020,2,2,5,3,10,12,34609,0,1,10,-32.99423,151.669553,37,0,2,1,1,0,0,0,2,0,15,60,0,2852,2852,4,5,19,2,0,1,0,0
1249947,4,2020,2020,2,4,6,57,31,523,34609,0,1,1,-33.917119,150.929309,41,0,2,1,1,0,0,3,2,0,7,30,0,312,312,2,5,40,1,0,1,0,0
1249948,1,2020,2020,9,2,10,15,31,131,34609,0,1,10,-36.081005,146.918193,0,2,1,1,2,0,0,0,0,2,7,50,0,3775,3775,0,5,5,2,0,0,0,1
1249949,2,2020,2020,2,3,7,2,27,70,34609,0,1,1,-33.909757,150.987477,15,0,2,1,1,0,0,0,2,0,7,50,0,2040,2040,9,5,28,2,0,0,1,0
1249950,4,2020,2020,9,6,8,71,17,7,71,0,1,1,-33.943232,144.867666,51,1,0,1,0,0,0,0,2,0,7,110,2,1945,1945,5,5,40,1,0,1,0,0
1249954,2,2020,2020,2,4,3,3371,17,58,3342,0,1,2,-28.572938,153.541096,10,1,0,0,1,0,0,0,2,0,7,110,2,4552,5151,8,5,40,1,0,0,1,0
1249955,2,2020,2020,10,4,7,35,27,3,34609,0,1,1,-34.068359,150.450662,79,2,2,0,0,0,3,4,2,0,7,50,0,1957,4009,8,16,40,1,0,0,1,0
1249959,2,2020,2020,9,4,6,110,31,165,34609,0,1,1,-32.2614,150.890336,46,2,1,1,1,0,0,0,2,0,7,50,0,1981,1981,4,10,13,2,0,0,1,0
1249960,2,2020,2020,10,4,11,31,27,127,96,0,1,1,-33.898651,151.153597,32,0,2,1,3,0,2,6,0,0,7,60,2,9859,9859,1,9,0,3,0,0,1,0
1249961,2,2020,2020,10,0,7,2126,17,27,2149,0,1,2,-33.580156,150.238386,8,2,2,0,3,0,3,4,2,0,7,60,2,1259,5151,8,5,40,1,0,0,1,0
1249962,2,2020,2020,10,0,4,101,10,42,121,1,0,1,-34.039485,151.155562,68,0,2,0,0,0,0,0,2,0,7,70,1,4552,5151,8,0,40,1,0,0,1,0
1249963,1,2020,2020,10,4,2,34,27,57,799,0,1,1,-33.89905,151.169787,32,0,2,1,1,0,3,0,1,0,7,60,2,1981,1981,4,5,27,2,0,0,0,1
1249965,4,2020,2020,10,5,10,1,31,98,34609,0,1,1,-33.73547,151.077867,31,0,2,1,1,0,0,0,0,0,7,50,0,9859,9859,1,5,36,2,0,1,0,0
1249966,4,2020,2020,9,1,9,14,27,1,34609,0,1,1,-30.669169,152.603414,47,2,1,0,0,2,0,0,3,0,7,80,0,214,214,9,10,28,2,0,1,0,0
1249967,2,2020,2020,11,0,8,23,10,87,23,0,1,7,-33.915356,150.9546,41,0,2,1,3,0,0,0,2,0,7,60,1,1945,1945,5,16,40,1,0,0,1,0
1249969,1,2020,2020,10,6,6,25,18,136,34609,0,1,1,-32.922869,151.715257,48,0,2,1,1,0,0,0,2,0,0,50,0,1981,1981,4,5,27,2,0,0,0,1
1249971,4,2020,2020,9,3,4,3,27,14,11,0,1,9,-32.207366,149.009568,22,2,1,1,0,0,0,0,2,0,0,80,1,489,489,8,5,40,1,0,1,0,0
1249972,4,2020,2020,10,2,2,81,27,44,115,0,1,1,-33.798646,150.896771,7,0,2,1,2,0,0,0,1,0,7,60,2,3775,3775,0,5,5,2,0,2,0,0
1249973,2,2020,2020,9,5,9,2261,17,346,2252,0,1,9,-33.885876,151.069295,67,0,2,1,2,0,0,0,0,2,7,60,2,2852,2852,4,0,5,2,0,0,1,1
1249974,4,2020,2020,9,3,9,251,27,62,212,0,1,2,-33.752549,151.252514,50,0,2,1,2,0,0,0,3,0,7,70,2,2040,2040,9,5,28,2,0,1,0,0
1249975,2,2020,2020,9,6,9,229,14,110,237,0,1,3,-33.75944,151.043556,71,0,2,1,0,0,0,0,2,0,7,100,2,1192,1192,1,5,19,2,0,0,1,0
1249977,2,2020,2020,9,3,5,55,10,112,47,0,1,2,-33.438417,151.415922,16,2,2,1,3,0,0,0,2,0,7,70,2,14295,14295,3,5,5,2,0,0,1,0
1249978,4,2020,2020,9,4,11,7,27,38,34609,0,1,1,-32.821009,151.462939,17,2,1,1,2,0,0,0,0,0,7,50,0,4026,4026,8,5,40,1,0,1,0,0
1249980,1,2020,2020,9,3,5,1,33,1,34609,0,1,1,-36.743795,149.475033,5,2,1,0,0,2,0,0,2,0,7,60,0,2585,4009,8,16,40,1,0,0,0,1
1249981,2,2020,2020,9,5,6,1052,14,83,928,0,1,3,-33.4769,151.189063,16,1,2,1,1,0,0,0,2,0,7,90,2,1192,1192,1,29,5,2,0,0,1,0
1249988,1,2020,2020,9,4,7,90,31,123,165,0,1,9,-33.884686,151.218268,69,0,2,1,3,0,0,0,2,0,7,50,2,14295,14295,3,10,0,3,0,0,0,1
1249994,2,2020,2020,2,2,3,2,27,6,34609,0,1,1,-34.77079,147.377037,51,1,0,1,3,0,0,0,1,0,7,100,0,9859,9859,8,5,40,1,0,0,1,0
1249996,1,2020,2020,2,6,4,2209,17,33,2205,0,1,2,-34.770927,150.70645,63,1,0,0,3,0,3,4,2,0,7,100,2,4552,5151,8,5,40,1,0,0,0,1
1249998,2,2020,2020,2,0,7,10,18,96,34609,0,1,10,-33.38469,148.006279,51,2,1,1,3,0,0,0,2,0,15,40,0,6545,6545,4,30,5,2,0,0,1,0
1250000,2,2020,2020,2,3,0,53,36,19,34,0,1,1,-33.415555,148.210632,51,1,0,0,3,0,0,0,0,0,7,100,2,4552,5151,8,16,40,1,0,0,1,0
1250001,1,2020,2020,2,6,7,85,10,38,702,0,1,2,-33.838483,151.083204,14,0,2,1,3,0,0,0,2,0,7,70,2,14295,14295,3,0,5,2,0,0,0,1
1250002,4,2020,2020,9,4,3,500,27,293,799,0,1,10,-33.931978,151.053375,15,0,2,1,1,0,0,0,2,2,8,60,2,6545,6545,4,0,36,2,0,1,0,0
1250008,1,2020,2020,2,0,9,2209,17,58,2205,0,1,9,-34.407327,150.890739,80,0,2,0,3,0,0,0,3,2,7,60,2,1669,1669,3,33,40,2,0,0,0,1
1250010,2,2020,2020,10,6,9,37,27,58,34609,0,1,1,-33.237252,151.40304,16,2,2,0,0,0,0,0,3,0,7,80,0,782,957,5,5,40,1,0,0,1,0
1250016,2,2020,2020,10,6,11,42,27,346,34609,0,1,1,-33.877099,151.078809,67,0,2,1,3,0,0,0,0,0,7,50,0,248,248,1,5,5,3,0,0,1,0
1250018,2,2020,2020,9,3,8,80,27,316,34609,0,1,1,-33.914302,151.248283,59,0,2,1,3,0,0,0,2,0,7,50,0,14295,14295,3,5,0,2,0,0,1,0
1250020,1,2020,2020,2,2,11,62,31,37,34609,0,1,9,-33.018036,151.671702,37,0,2,1,3,0,0,0,0,0,0,50,0,9859,9859,1,9,5,2,0,0,0,1
1250030,2,2020,2020,2,6,6,134,10,69,133,0,1,10,-33.819304,151.021981,54,0,2,1,3,0,0,0,2,2,7,70,2,14295,14295,3,0,13,2,0,0,1,0
1250032,2,2020,2020,10,0,8,51,31,149,34609,0,1,1,-33.864893,151.172392,32,0,2,1,3,0,0,0,2,0,7,40,0,9859,9859,1,5,0,3,0,0,1,0
1250036,4,2020,2020,2,6,9,308,14,127,311,0,1,3,-33.834031,150.856601,24,0,2,1,1,0,0,0,2,0,7,100,2,1383,1383,1,30,0,2,0,1,1,0
1250040,2,2020,2020,9,4,5,107,22,293,34609,0,1,1,-33.925751,151.055097,15,0,2,1,0,0,3,4,2,0,7,50,0,2040,2040,9,5,28,2,0,0,1,0
1250041,2,2020,2020,2,5,5,125,27,108,123,0,1,7,-33.305142,151.403124,16,2,2,1,1,0,0,0,2,0,0,70,2,1192,1192,1,5,5,2,0,0,1,0
1250044,1,2020,2020,10,0,9,8,10,79,34609,0,1,9,-34.012413,150.746338,12,0,2,1,0,0,0,0,2,0,0,50,0,926,926,4,5,5,2,0,0,0,1
1250047,2,2020,2020,2,6,8,109,27,71,106,0,1,9,-33.832863,150.972043,21,0,2,1,0,0,0,0,2,0,15,60,1,926,926,4,10,5,2,0,0,1,0
1250049,1,2020,2020,2,5,7,39,27,337,34609,0,1,9,-33.715819,151.026941,31,0,2,1,0,0,0,0,2,0,7,50,0,256,256,4,5,5,2,0,0,0,1
1250050,2,2020,2020,9,5,3,25,31,460,55,0,1,9,-33.827302,150.981474,21,0,2,1,1,0,0,0,2,0,0,50,1,9859,9859,8,9,40,1,0,0,1,0
1250052,4,2020,2020,2,1,8,6,27,316,34609,0,1,1,-31.449097,152.88516,56,2,1,1,0,0,3,4,2,0,7,50,0,186,186,9,5,28,3,0,1,0,0
1250053,2,2020,2020,9,6,7,6,1,234,61,0,1,9,-34.293614,146.049486,28,2,1,1,0,0,0,0,2,0,0,60,2,5929,5929,1,9,5,2,0,0,1,1
1250057,4,2020,2020,9,6,9,32,10,27,34609,0,1,1,-32.762565,151.599484,42,2,1,1,2,0,0,0,0,0,7,50,0,9859,9859,1,16,4,2,0,1,0,0
1250061,4,2020,2020,1,5,5,11,27,182,34609,0,1,9,-32.82808,151.322529,17,2,1,0,1,0,0,0,2,0,0,60,0,3775,3775,0,5,0,2,0,2,0,0
1250062,4,2020,2020,9,1,7,2,27,3,34609,0,1,1,-32.696258,148.473006,11,1,0,0,0,0,0,0,2,0,7,100,0,1850,1463,5,31,40,1,0,1,0,0
1250064,4,2020,2020,2,6,7,41,31,251,34609,0,1,9,-33.780435,150.921454,7,0,2,1,1,0,3,3,2,0,7,50,0,2852,2852,4,0,5,2,0,1,1,0
1250067,2,2020,2020,2,0,7,80,27,107,6,1,0,1,-33.281556,151.419912,16,2,2,1,0,0,0,3,2,0,7,50,0,3775,3775,0,0,5,2,0,0,1,0
1250070,2,2020,2020,10,3,6,12,27,31,34609,0,1,1,-36.546851,149.085242,65,1,0,1,0,2,0,0,2,0,7,100,0,1945,1945,5,10,40,1,0,0,1,0
1250072,2,2020,2020,2,5,9,102,31,107,53,1,0,9,-33.877563,151.194851,69,0,2,1,2,0,0,0,2,2,7,50,2,14295,14295,3,21,5,2,0,0,1,0
1250073,4,2020,2020,2,0,6,11,31,173,34609,0,1,10,-33.879129,151.219911,69,0,2,1,1,0,0,0,2,2,9,50,0,2040,2040,9,5,28,2,0,1,0,0
1250074,4,2020,2020,9,1,4,125,27,46,123,0,1,6,-33.304931,151.403575,16,2,2,0,1,0,3,0,2,0,7,70,2,2585,4009,8,16,40,1,0,1,0,0
1250075,2,2020,2020,10,1,8,12,31,41,19,0,1,1,-31.097948,150.897204,70,2,1,1,0,0,0,0,2,0,7,60,1,1981,1981,4,5,0,2,0,0,1,0
1250076,4,2020,2020,10,2,6,1,27,4,34609,0,1,1,-33.314891,149.835831,40,1,0,0,0,2,0,0,2,0,7,100,0,4552,5151,8,16,40,1,0,1,0,0
1250080,4,2020,2020,2,1,8,3,31,94,34609,0,1,9,-33.785144,150.795805,55,0,2,1,0,1,2,6,2,0,7,50,0,6545,6545,4,10,27,2,0,1,1,0
1250081,2,2020,2020,2,5,7,72,31,25,34609,1,2,1,-35.0372,150.668707,63,2,1,1,0,0,0,0,2,0,7,40,0,186,186,9,0,28,2,0,0,1,0
1250082,4,2020,2020,10,5,5,30,18,95,34609,0,1,9,-34.397563,150.892308,80,0,2,1,1,0,0,0,2,2,9,60,0,591,591,1,22,5,2,0,1,0,0
1250084,4,2020,2020,10,4,9,73,31,102,34609,0,1,1,-31.103303,150.919254,70,2,1,1,1,0,0,0,2,0,9,40,0,2040,2040,9,5,28,2,0,1,0,0
1250085,4,2020,2020,10,2,8,27,27,19,39,0,1,1,-31.209109,151.092621,70,2,1,0,0,0,0,0,2,0,7,80,1,1259,5151,8,10,40,1,0,1,0,0
1250089,2,2020,2020,10,1,9,213,17,132,213,0,1,9,-29.774836,151.100985,33,2,1,1,0,0,0,0,2,0,7,50,2,2852,2852,4,10,19,2,0,0,1,1
1250090,4,2020,2020,10,1,10,5,27,6,10,0,1,1,-36.744599,149.707975,5,1,0,0,0,0,3,0,0,0,7,100,1,2585,4009,8,0,40,1,0,1,0,0
1250102,1,2020,2020,9,6,9,6,27,130,34609,0,1,1,-33.866257,151.194731,69,0,2,1,1,0,0,0,3,0,7,40,0,1109,397,1,5,27,2,0,0,0,1
1250103,2,2020,2020,9,0,8,308,14,252,311,0,1,3,-33.950465,150.878305,41,0,2,1,1,0,3,4,2,0,7,100,2,14295,14295,3,0,13,5,0,0,1,0
1250109,2,2020,2020,9,0,6,13,27,89,34609,0,1,9,-33.378727,151.471252,16,2,2,1,1,0,0,0,2,2,7,60,0,5929,5929,1,5,0,2,0,0,2,0
1250111,2,2020,2020,9,0,9,19,31,532,34609,0,1,0,-33.872554,151.204062,69,0,2,1,1,0,0,0,2,0,7,40,0,1945,1945,5,16,40,1,0,0,1,0
1250112,2,2020,2020,9,0,9,16,27,90,34609,0,1,10,-33.88937,151.244867,81,0,2,1,3,0,0,0,3,0,7,50,0,941,941,1,5,0,2,0,0,1,0
1250114,4,2020,2020,9,6,3,193,31,532,34,0,1,10,-33.873135,151.208123,69,0,2,1,0,0,0,0,2,2,7,40,1,5929,5929,1,5,18,2,0,1,0,0
1250116,2,2020,2020,10,3,9,1104,14,204,962,0,1,3,-33.875887,151.127124,32,0,2,1,2,0,0,0,0,0,7,80,2,14295,14295,3,16,5,2,0,0,1,0
1250117,4,2020,2020,2,1,1,112,27,79,769,0,1,1,-33.572628,150.712021,29,2,2,0,3,0,3,4,0,0,7,80,2,4552,5151,8,5,40,1,0,1,0,0
1250123,4,2020,2020,10,2,11,1104,11,532,770,0,1,3,-33.866856,151.202987,69,0,2,0,2,0,3,4,0,0,7,70,2,1957,4009,8,0,40,2,0,1,0,1
1250124,2,2020,2020,10,6,3,294,17,17,288,0,1,1,-35.159871,147.502872,75,1,0,1,0,0,0,0,2,0,7,100,2,3775,3775,0,10,10,2,0,0,1,1
1250125,4,2020,2020,10,5,6,117,27,78,144,0,1,10,-33.857409,151.091943,14,0,2,1,1,0,0,3,2,0,7,60,2,5929,5929,1,0,0,2,0,1,1,0
1250126,2,2020,2020,10,1,1,178,27,189,101,0,1,9,-33.939171,151.054687,15,0,2,1,2,0,0,0,0,3,7,50,1,2585,777,8,5,40,1,0,0,1,0
1250127,1,2020,2020,11,5,7,6,27,74,34609,0,1,1,-34.554212,148.033217,20,1,0,0,0,0,0,0,2,0,7,100,0,4552,5151,8,29,40,1,0,0,0,1
1250128,1,2020,2020,6,4,5,485,27,232,769,0,1,9,-33.674815,150.910907,71,0,2,1,1,0,0,0,2,1,7,80,2,14295,14295,3,10,5,2,0,0,0,1
1250129,2,2020,2020,10,6,8,171,27,64,369,0,1,9,-33.691456,150.727881,55,0,2,1,0,0,0,0,2,0,0,80,2,775,775,4,5,0,2,0,0,2,1
1250130,4,2020,2020,10,0,6,1,31,73,34609,0,1,9,-33.757071,150.801712,7,0,2,0,1,0,0,0,2,0,7,50,0,83,83,1,5,19,2,0,1,1,0
1250132,2,2021,2020,9,0,8,1,6,24,34609,0,1,9,-33.402737,151.406372,16,2,2,0,3,0,3,4,2,0,7,60,0,1669,1669,3,10,13,2,0,0,1,0