Crash ID,Degree of crash - detailed,Reporting year,Year of crash,Month of crash,Day of week of crash,Two-hour intervals,Street of crash,Street type,Town,Route no.,School zone location,School zone active,Type of location,Latitude,Longitude,LGA,Urbanisation,Conurbation 1,Alignment,Street lighting,Road surface,Surface condition,Weather,Natural lighting,Signals operation,Other traffic control,Speed limit,Road classification,RUM - code,DCA - code,First impact type,Key TU type,Other TU type,No. of traffic units involved,No. killed,No. seriously injured,No. moderately injured,No. minor-other injured
1250133,4,2020,2020,10,0,8,8,27,532,12,0,1,9,-33.864144,151.203064,69,0,2,1,1,0,0,0,2,2,7,40,1,5929,5929,1,0,19,2,0,1,0,0
1250135,4,2020,2020,10,4,0,230,27,100,284,0,1,9,-33.810483,151.162876,38,0,2,1,2,0,0,0,0,0,0,60,2,1945,1945,5,16,40,1,0,1,0,0
1250136,1,2020,2020,9,3,0,7,1,159,34609,0,1,1,-33.811597,151.085064,61,0,2,1,2,0,0,0,0,0,7,50,0,368,368,9,5,28,2,0,0,0,1
1250138,1,2020,2020,11,5,3,1,27,1,34609,0,1,1,-34.05931,148.051829,30,1,0,0,0,2,0,0,2,0,7,100,0,1259,5151,8,5,40,1,0,0,0,1
1250139,2,2020,2020,11,4,5,42,31,150,34609,0,1,10,-33.920152,151.231748,59,0,2,1,1,0,0,6,2,0,15,50,0,6545,6545,4,33,19,2,0,0,1,0
1250140,4,2020,2020,10,1,4,11,27,73,88,0,1,9,-33.695637,150.713107,55,0,2,1,1,0,3,4,2,0,0,80,2,2852,2852,4,0,5,2,0,1,1,0
1250142,2,2020,2020,10,3,5,110,31,433,34609,0,1,10,-33.286835,149.092939,52,2,1,1,1,0,0,0,2,0,7,50,0,4026,4026,8,0,40,2,0,0,1,0
1250145,2,2020,2020,9,0,6,15,27,4,34609,0,1,1,-33.21365,149.136312,11,1,0,0,0,0,1,4,2,0,7,100,0,1957,4009,8,5,40,1,0,0,1,0
1250147,2,2020,2020,9,0,8,4,10,88,34609,0,1,1,-33.743933,150.854146,7,0,2,1,0,0,0,0,2,0,7,50,0,941,941,1,5,0,2,0,0,1,0
1250150,2,2020,2020,9,3,5,3,27,4,34609,0,1,1,-34.448712,149.978105,74,2,1,1,0,2,0,0,2,0,7,50,0,9859,9859,8,16,40,1,0,0,1,0
1250151,1,2020,2020,10,6,3,19,1,81,34609,0,1,9,-33.881609,151.257648,81,0,2,1,0,0,0,0,2,0,7,50,0,515,515,1,5,27,2,0,0,0,1
1250152,4,2020,2020,9,3,0,3371,17,69,3342,0,1,1,-32.93321,151.751874,48,0,2,1,2,0,0,0,0,0,7,60,2,9859,9859,1,0,0,2,0,1,0,0
1250154,1,2020,2020,9,0,6,1,1,163,34609,0,1,9,-33.857246,151.10791,14,0,2,1,1,0,0,0,2,0,7,50,0,1669,1669,3,30,5,2,0,0,0,1
1250156,2,2020,2020,2,5,7,165,31,128,369,0,1,1,-33.628756,150.794754,29,2,2,1,1,0,0,0,2,0,7,60,2,1220,1220,9,5,28,2,0,0,1,0
1250157,4,2020,2020,9,3,5,5,31,155,34609,0,1,1,-33.14682,148.177725,53,2,1,1,0,0,0,0,2,0,7,50,0,1282,1282,1,5,40,1,0,1,0,0
1250159,4,2020,2020,9,5,10,1,27,4,34609,0,1,1,-35.744366,150.202026,23,2,1,1,2,0,0,0,0,0,7,50,0,2040,2040,9,0,28,2,0,1,0,0
1250160,4,2020,2020,9,2,7,49,27,201,47,0,1,2,-33.988043,150.867056,13,0,2,1,0,0,0,0,2,0,7,60,1,4026,4026,8,5,40,2,0,2,0,1
1250166,4,2020,2020,9,6,9,14,1,167,34609,0,1,2,-33.842398,151.062148,54,0,2,0,1,0,0,0,2,0,7,60,0,1850,1463,5,16,40,1,0,1,0,0
1250167,4,2020,2020,9,1,9,37,27,21,36,0,1,1,-32.573242,151.76567,51,1,0,0,0,0,3,0,3,0,7,90,1,4552,5151,8,5,40,1,0,1,0,1
1250169,4,2020,2020,9,3,7,2209,17,7,2205,0,1,9,-36.87349,149.869805,5,1,0,1,0,0,0,0,2,0,7,100,2,1945,1945,5,16,40,1,0,1,0,0
1250170,4,2020,2020,9,1,9,3371,17,131,3342,0,1,9,-33.785948,151.178203,36,0,2,1,3,0,0,0,2,2,7,60,2,5929,5929,1,30,5,2,0,1,0,0
1250177,2,2020,2020,2,5,2,2126,17,226,2149,0,1,2,-33.778775,150.81284,7,0,2,1,3,0,3,4,1,0,7,80,2,1391,1391,1,5,5,2,0,0,1,0
1250182,4,2020,2020,2,0,9,14,18,102,34609,0,1,1,-31.121251,150.926702,70,2,1,1,0,0,3,4,3,0,7,80,0,9859,9859,8,5,40,1,0,1,0,0
1250184,1,2020,2020,2,1,10,1104,14,460,962,0,1,3,-33.825795,150.991578,54,0,2,1,3,0,0,0,0,0,7,90,2,1391,1391,1,5,5,2,0,0,0,2
1250187,1,2020,2020,2,0,4,39,27,169,34609,0,1,9,-33.778805,150.841161,7,0,2,1,1,0,0,0,2,0,15,50,0,926,926,4,0,5,2,0,0,0,1
1250188,2,2020,2020,11,1,5,177,22,239,176,0,1,9,-34.043052,151.122854,68,0,2,1,1,0,0,0,2,2,7,60,2,1669,1669,3,10,5,2,0,0,1,0
1250189,4,2020,2020,9,0,5,27,27,4,39,0,1,1,-31.172697,151.066942,70,1,0,0,0,0,0,0,2,0,7,100,1,2585,4009,8,10,40,1,0,1,0,0
1250190,2,2020,2020,2,0,10,14,27,20,34609,0,1,1,-33.45841,150.719732,29,2,2,0,0,2,0,0,0,0,7,80,0,418,714,5,10,40,1,0,0,2,0
1250191,2,2020,2020,11,1,10,222,31,117,34609,0,1,0,-28.166053,153.548601,72,2,1,1,2,0,0,0,0,0,7,50,0,9859,9859,1,5,13,2,0,0,1,0
1250192,4,2020,2020,2,5,9,2209,17,79,2205,0,1,7,-34.914502,150.603623,63,2,1,1,1,0,0,0,2,0,0,70,2,775,775,4,5,36,2,0,1,0,0
1250193,2,2020,2020,2,0,4,866,17,278,793,1,0,10,-33.766481,151.04752,54,0,2,1,3,0,0,0,2,2,7,60,2,14295,14295,3,5,5,3,0,0,1,0
1250198,2,2020,2020,2,6,6,3371,17,54,3342,0,1,9,-33.089603,151.638246,37,0,2,1,3,0,0,0,2,2,7,60,2,5929,5929,1,0,0,2,0,0,1,0
1250211,1,2020,2020,2,1,7,38,27,438,34609,0,1,1,-33.853232,151.031128,21,0,2,1,3,0,3,4,2,0,7,50,0,4026,4026,1,5,10,2,0,0,0,1
1250214,2,2020,2020,2,0,7,1,23,18,34609,0,1,9,-33.01509,151.684112,37,0,2,0,3,0,3,3,2,0,7,50,0,4552,5151,1,5,0,2,0,0,1,0
1250216,2,2020,2020,2,5,7,1,27,13,34609,0,1,9,-30.862889,152.924692,34,1,0,1,3,0,3,4,2,0,0,100,0,9859,9859,8,10,40,2,0,0,1,0
1250217,2,2020,2020,2,5,7,47,26,201,160,0,1,10,-34.006765,150.876634,13,0,2,1,3,0,0,0,2,2,7,60,2,14295,14295,3,0,5,2,0,0,1,0
1250219,1,2020,2020,2,0,5,9,27,39,34609,1,0,7,-32.737543,152.108944,57,2,1,1,3,0,0,0,2,0,0,60,0,14295,14295,3,30,5,2,0,0,0,2
1250221,2,2020,2020,9,4,7,18,31,87,34609,0,1,1,-34.483378,150.420319,78,2,1,1,3,0,0,0,2,0,7,50,0,9859,9859,1,5,5,2,0,0,1,0
1250224,1,2020,2020,10,2,11,73,27,443,78,0,1,10,-33.906706,151.057285,15,0,2,1,3,0,3,4,0,2,7,60,2,395,395,1,5,5,2,0,0,0,2
1250233,1,2020,2020,2,0,7,2,31,174,34609,0,1,1,-33.86479,150.928649,24,0,2,1,3,0,0,0,2,0,7,50,0,1109,787,1,0,0,2,0,0,0,1
1250237,2,2020,2020,9,5,4,2126,17,115,2149,0,1,9,-33.884697,151.187878,69,0,2,1,3,0,0,0,2,0,7,60,2,623,623,3,16,5,2,0,0,1,1
1250241,2,2020,2020,2,3,5,177,31,65,34609,0,1,1,-33.856796,150.90007,24,0,2,1,3,0,3,4,2,2,7,60,0,1981,1981,4,5,5,2,0,0,1,0
1250243,2,2020,2020,2,1,10,76,24,164,154,0,1,10,-33.729748,150.904341,7,0,2,1,3,0,3,4,0,2,7,70,1,217,217,1,30,0,2,0,0,1,0
1250246,4,2020,2020,2,0,11,2209,17,17,2205,0,1,1,-35.095512,150.505479,63,2,1,0,3,0,3,4,0,0,7,80,2,273,957,5,5,40,1,0,1,0,0
1250251,2,2020,2020,9,2,4,4,27,32,34609,0,1,1,-34.635599,150.577541,78,2,1,0,3,2,0,0,2,0,7,60,0,1957,4009,8,9,40,1,0,0,1,0
1250253,1,2020,2020,9,6,7,3,27,139,34609,0,1,9,-33.842595,151.20517,49,0,2,1,3,0,0,0,2,2,7,50,0,1109,787,1,5,5,2,0,0,0,1
1250254,1,2020,2020,2,6,3,171,31,50,34609,0,1,7,-34.344382,150.919561,80,0,2,1,3,0,3,4,2,0,0,50,0,1391,1391,1,10,5,2,0,0,0,1
1250257,1,2020,2020,9,2,6,3,7,149,34609,0,1,1,-33.820348,150.979726,21,0,2,1,3,0,0,0,2,0,7,50,0,220,220,8,5,40,1,0,0,0,1
1250258,2,2020,2020,2,2,11,12,27,55,12,0,1,1,-33.905887,151.078497,67,0,2,1,3,0,3,4,0,0,7,60,2,3775,3775,0,5,5,2,0,0,1,0
1250269,1,2020,2020,2,0,8,100,31,363,38,0,1,9,-33.817006,150.999039,54,0,2,1,3,0,0,0,2,2,7,60,1,1391,1391,1,5,13,2,0,0,0,1
1250270,1,2020,2020,10,1,8,2261,17,284,2252,0,1,2,-33.904966,151.009613,15,0,2,1,3,0,0,0,2,0,7,70,2,14295,14295,3,5,13,2,0,0,0,1
1250271,1,2020,2020,2,4,8,3371,23,147,34609,0,1,1,-33.755478,151.292236,50,0,2,1,3,0,0,0,2,0,7,50,0,186,186,1,10,5,2,0,0,0,1
1250279,2,2020,2020,9,2,7,1,27,12,34609,0,1,1,-33.39217,148.811159,11,1,0,0,3,2,0,0,2,0,7,100,0,1957,4009,8,0,40,1,0,0,1,0
1250280,4,2020,2020,11,4,6,59,10,14,231,0,1,1,-33.494832,151.391068,16,2,2,1,0,0,0,0,2,0,7,70,2,9859,9859,8,5,40,1,0,1,0,0
1250282,2,2020,2020,2,6,8,39,23,98,34609,0,1,10,-33.020123,151.600127,37,0,2,1,1,0,0,0,2,0,15,50,0,6545,6545,4,10,0,2,0,0,1,0
1250287,4,2020,2020,10,1,8,35,27,9,24,0,1,1,-32.569533,149.549286,44,1,0,0,0,0,0,0,2,0,7,100,1,1259,5151,8,21,40,1,0,1,0,0
1250289,2,2020,2020,10,0,6,9,27,103,45,0,1,1,-34.305932,148.277389,30,2,1,1,0,0,0,3,2,0,7,80,1,9859,9859,8,5,40,1,0,0,1,0
1250297,2,2020,2020,5,1,2,161,17,10,161,0,1,1,-35.441496,148.286697,66,1,0,0,0,0,0,0,0,0,7,90,2,1089,1089,7,10,40,1,0,0,1,0
1250299,1,2020,2020,5,5,9,10,31,283,34609,0,1,7,-33.835742,151.009534,21,0,2,1,2,0,3,4,0,0,0,50,0,926,926,4,15,5,2,0,0,0,1
1250300,4,2020,2020,2,6,3,5,27,24,7,0,1,1,-33.400842,150.04328,40,1,0,0,0,0,0,0,2,0,7,100,1,2585,4009,8,5,40,1,0,1,0,0
1250301,1,2020,2020,2,4,5,512,17,17,441,0,1,1,-33.42574,149.395551,3,1,0,1,0,0,0,0,2,0,7,100,2,3775,3775,0,33,12,3,0,0,0,1
1250302,2,2020,2020,2,6,1,1052,14,60,928,0,1,3,-33.43271,151.254555,16,1,2,1,0,0,3,4,0,0,7,110,2,4026,4026,8,5,40,1,0,0,1,0
1250305,2,2020,2020,2,3,9,195,27,20,186,0,1,10,-33.935734,150.843262,41,0,2,1,1,0,0,0,2,2,7,70,2,5929,5929,1,5,5,3,0,0,2,0
1250312,2,2020,2020,2,4,2,2,27,9,34609,0,1,1,-32.724031,152.104997,57,2,1,1,2,0,3,4,0,0,7,50,0,9859,9859,1,5,5,2,0,0,1,0
1250315,2,2020,2020,9,1,6,2,27,67,34609,0,1,7,-33.883707,151.01204,15,0,2,1,1,0,0,0,2,0,0,50,0,3775,3775,0,5,13,2,0,0,1,0
1250316,1,2020,2020,11,2,9,13,10,92,34609,0,1,1,-33.736531,150.947563,71,0,2,1,2,0,0,0,0,0,7,50,0,1109,787,1,10,5,3,0,0,0,1
1250317,4,2020,2020,2,0,7,3,27,148,34609,0,1,1,-36.045616,146.955438,0,2,1,1,1,0,0,0,2,0,7,50,0,14295,14295,3,5,13,2,0,1,0,1
1250318,2,2020,2020,10,3,2,2,27,2,34609,0,1,1,-34.268737,147.98937,30,2,1,1,0,2,0,0,1,0,7,50,0,9859,9859,8,10,40,1,0,0,1,0
1250323,1,2020,2020,10,4,3,143,31,252,19,0,1,9,-33.877418,151.212854,69,0,2,1,1,0,3,3,2,0,7,40,1,623,623,3,22,0,2,0,0,0,1
1250324,4,2020,2020,9,3,6,149,27,144,198,0,1,1,-34.079496,151.009781,68,0,2,1,0,0,0,0,2,0,0,70,2,1383,1383,1,0,5,3,0,1,0,0
1250325,4,2020,2020,11,0,4,26,27,73,115,0,1,10,-33.774337,151.181653,36,0,2,1,1,0,0,0,2,0,15,60,1,5929,5929,1,10,5,2,0,1,0,0
1250328,2,2020,2020,2,5,7,8,31,98,34609,0,1,10,-30.977503,150.247865,51,2,1,1,1,0,0,0,2,0,0,50,0,6545,6545,4,5,5,2,0,0,1,1
1250330,2,2020,2020,2,4,6,193,1,64,34609,0,1,1,-32.941987,151.705162,48,0,2,1,1,0,0,0,2,0,7,50,0,9859,9859,8,34,40,1,0,0,1,0
1250334,2,2020,2020,10,6,8,196,10,70,168,0,1,9,-33.907,150.982049,15,0,2,0,1,0,0,0,2,0,7,60,2,1669,1669,3,10,13,2,0,0,1,0
1250335,4,2020,2020,10,0,5,330,23,293,112,0,1,10,-33.941671,151.239561,59,0,2,1,1,0,0,0,2,2,7,60,2,5929,5929,1,10,5,2,0,1,0,0
1250337,4,2020,2020,9,1,2,103,27,94,563,0,1,2,-33.833519,151.048387,54,0,2,1,2,0,3,4,1,0,7,70,2,1282,1282,1,5,35,2,0,1,0,0
1250338,2,2020,2020,11,2,5,6,1,137,34609,0,1,1,-34.027962,151.05945,68,0,2,1,0,0,0,0,2,0,7,50,0,3775,3775,0,5,0,2,0,0,1,2
1250341,4,2020,2020,10,6,7,73,31,34,34609,0,1,1,-33.860569,151.203696,69,0,2,1,1,0,3,4,2,0,7,40,0,1945,1945,5,15,40,1,0,1,0,0
1250344,2,2020,2020,2,6,8,27,27,290,34609,0,1,9,-33.856937,151.003815,21,0,2,1,0,0,0,0,2,0,15,50,0,6545,6545,4,5,19,2,0,0,1,0
1250346,4,2020,2020,9,5,9,4,10,83,34609,0,1,1,-30.097672,153.181384,19,2,1,0,1,0,0,0,3,0,7,60,0,1089,1089,7,16,40,1,0,1,0,0
1250347,4,2020,2020,10,6,4,2,31,28,34609,0,1,1,-35.140682,147.344909,75,2,1,1,1,0,0,0,2,0,7,50,0,591,591,1,16,5,2,0,1,0,0
1250349,2,2020,2020,9,0,10,8,31,133,34609,1,0,7,-33.92276,151.017258,15,0,2,1,2,0,0,0,3,0,7,50,0,6545,6545,4,5,27,2,0,0,1,0
1250350,4,2020,2020,2,4,4,36,31,64,34609,0,1,9,-34.382634,150.907081,80,0,2,1,0,0,0,0,2,0,15,60,0,5929,5929,1,5,27,3,0,1,0,0
1250351,2,2020,2020,9,5,4,57,27,337,47,0,1,7,-33.723771,150.980394,71,0,2,1,1,0,0,0,2,0,7,60,2,623,623,3,5,5,2,0,0,1,0
1250352,2,2020,2020,2,4,9,191,27,33,208,1,0,10,-33.797527,151.094639,61,0,2,1,2,0,0,3,3,2,7,60,2,6545,6545,4,5,36,2,0,0,1,0
1250353,1,2020,2020,2,2,0,87,31,290,34609,0,1,1,-33.844855,150.970816,21,0,2,1,2,0,0,0,0,0,7,50,0,9859,9859,1,5,5,2,0,0,0,1
1250357,4,2020,2020,10,4,7,481,17,562,483,0,1,10,-32.234055,148.611257,22,2,1,1,0,0,0,0,2,0,0,60,2,6545,6545,4,5,2,2,0,1,0,1
1250359,2,2020,2020,2,2,10,14,31,304,140,0,1,9,-33.912947,151.153796,32,0,2,1,2,0,0,0,0,0,7,50,1,2852,2852,4,5,27,2,0,0,1,0
1250361,2,2020,2020,2,1,9,2261,17,284,2252,1,0,9,-33.908729,151.02887,15,0,2,0,1,0,0,0,3,0,6,60,2,2852,2852,4,5,5,2,0,0,2,0
1250362,2,2020,2020,2,6,6,36,31,363,31,0,1,10,-33.818648,151.016907,54,0,2,1,1,0,0,0,2,2,7,60,1,14295,14295,3,16,0,2,0,0,1,0
1250364,1,2020,2020,2,2,8,59,27,26,53,0,1,1,-34.108177,150.752079,13,0,2,0,1,0,0,0,2,0,7,60,2,4552,5151,8,10,40,1,0,0,0,1
1250365,2,2020,2020,1,6,6,6,27,5,34609,0,1,1,-33.395664,149.850678,3,2,1,0,0,0,1,5,2,0,7,80,0,1957,4009,8,5,40,1,0,0,1,0
1250367,2,2020,2020,2,6,6,168,17,32,212,0,1,1,-35.337039,149.288523,58,2,1,0,0,0,3,4,2,0,7,80,2,380,714,5,8,40,2,0,0,1,1
1250370,4,2020,2020,10,0,4,24,1,123,34609,0,1,7,-33.917641,151.22386,59,0,2,1,0,0,0,0,2,0,0,50,0,6545,6545,4,0,27,2,0,1,0,0
1250371,2,2020,2020,2,3,7,109,36,10,108,0,1,1,-28.415085,153.45239,72,2,1,0,0,0,0,0,2,0,7,80,1,4552,5151,8,16,40,1,0,0,1,0
1250373,2,2020,2020,2,3,8,35,10,132,148,0,1,9,-34.152261,151.028974,68,0,2,1,1,0,0,0,2,0,0,60,2,2852,2852,4,5,19,2,0,0,1,0
1250374,2,2020,2020,9,2,5,29,1,198,34609,0,1,10,-33.906532,151.10157,15,0,2,1,1,0,0,0,2,0,15,50,0,2040,2040,9,5,28,2,0,0,1,0
1250376,2,2020,2020,10,6,4,42,27,87,34609,0,1,1,-33.682651,150.947378,71,0,2,1,1,0,0,0,2,0,7,50,0,1109,787,1,10,5,2,0,0,1,0
1250377,1,2020,2020,2,6,4,829,27,130,770,0,1,2,-33.869454,151.187071,69,0,2,1,1,0,0,0,2,0,7,60,2,14295,14295,3,0,0,2,0,0,0,1
1250378,2,2020,2020,2,5,8,204,31,228,34609,0,1,10,-34.762434,149.708704,26,2,1,1,1,0,0,0,2,0,0,50,0,6545,6545,4,5,5,2,0,0,1,0
1250385,2,2020,2020,10,6,4,89,27,182,228,0,1,9,-32.842185,151.336868,17,2,1,1,1,0,3,4,2,0,7,60,1,1669,1669,3,5,5,2,0,0,1,0
1250387,4,2020,2020,1,5,10,2126,17,218,2149,0,1,10,-33.769532,150.768721,55,0,2,1,2,0,0,0,0,2,7,60,2,5929,5929,1,5,19,2,0,1,1,0
1250388,2,2020,2020,10,2,8,251,14,139,124,0,1,3,-33.843268,151.21101,49,0,2,1,0,0,0,0,2,0,7,70,2,14295,14295,3,5,18,3,0,0,2,0
1250390,2,2020,2020,9,5,4,330,1,144,34609,0,1,7,-34.061225,151.011672,68,0,2,1,0,0,0,0,2,0,0,50,0,2585,777,8,5,40,1,0,0,1,0
1250398,2,2020,2020,2,2,5,135,17,93,136,0,1,7,-36.076816,146.940024,0,2,1,1,1,0,0,0,2,0,0,60,2,256,256,4,5,0,2,0,0,1,0
1250401,4,2020,2020,10,4,5,91,27,119,187,0,1,10,-33.875162,151.156162,32,0,2,1,1,0,0,0,2,2,7,70,2,14295,14295,3,0,13,2,0,1,0,0
1250402,2,2020,2020,2,6,4,34,31,35,18,0,1,9,-33.819281,151.204883,77,0,2,1,0,0,3,3,2,2,7,60,1,5929,5929,1,5,5,3,0,0,2,0
1250403,4,2020,2020,10,2,6,9,1,28,260,0,1,7,-32.945475,151.623344,37,0,2,1,1,0,0,0,2,0,0,60,2,1282,1282,1,5,19,2,0,1,0,0
1250404,4,2020,2020,9,3,6,8,27,9,34609,0,1,1,-33.01036,151.664968,37,0,2,1,1,0,0,0,2,0,7,60,0,9859,9859,8,5,40,1,0,1,0,0
1250405,2,2020,2020,10,2,1,4,1,316,34609,0,1,1,-33.906934,151.251631,59,0,2,0,2,0,0,0,0,0,7,50,0,4552,5151,1,0,12,3,0,0,1,0
1250410,2,2020,2020,9,0,10,11,18,207,34609,0,1,1,-31.943171,141.47007,51,2,1,1,1,0,0,0,0,0,7,50,0,220,220,8,5,40,2,0,0,1,0
1250411,1,2020,2020,2,3,4,73,24,115,88,0,1,1,-33.757261,151.233257,50,0,2,1,0,0,3,4,2,0,7,80,2,3775,3775,0,33,5,2,0,0,0,1
1250413,4,2020,2020,11,0,6,14,1,167,34609,0,1,10,-33.852112,151.06395,54,0,2,0,1,0,0,0,2,2,7,60,0,5929,5929,1,5,36,2,0,1,0,1
1250415,2,2020,2020,2,1,7,44,31,80,34609,0,1,1,-33.882912,151.173335,32,0,2,1,0,0,3,4,2,0,7,50,0,9859,9859,1,0,0,2,0,0,1,0
1250416,2,2020,2020,2,5,6,68,27,36,208,1,0,1,-33.757133,151.072415,31,0,2,1,1,0,3,3,2,2,9,60,2,2040,2040,9,5,28,2,0,0,1,0
1250418,2,2020,2020,2,6,6,8,27,2,33,0,1,9,-32.555289,151.211197,64,2,1,1,1,0,0,0,2,0,15,80,1,1669,1669,3,5,13,2,0,0,1,0
1250419,1,2020,2020,2,1,5,72,27,43,34609,0,1,1,-33.695153,151.309475,50,0,2,0,0,0,0,3,2,0,7,50,0,1957,4009,1,22,12,2,0,0,0,1
1250420,2,2020,2020,9,3,4,2126,17,283,2149,0,1,1,-33.831122,151.013149,54,0,2,1,0,0,0,0,2,0,7,60,2,3775,3775,0,5,5,3,0,0,2,0
1250421,4,2020,2020,2,5,0,265,17,21,193,0,1,1,-35.086111,147.349042,75,2,1,0,0,0,3,4,0,0,7,80,2,1850,1463,5,3,40,1,0,1,0,0
1250422,2,2020,2020,9,1,5,916,17,165,917,1,0,9,-32.273544,150.892973,46,2,1,1,1,0,0,0,2,1,7,50,2,5929,5929,1,5,13,2,0,0,2,0
1250423,1,2020,2020,2,1,5,293,31,523,34609,0,1,10,-33.924896,150.923203,41,0,2,1,0,0,0,3,2,1,7,50,0,2040,2040,9,33,28,2,0,0,0,1
1250424,2,2020,2020,2,2,5,28,1,31,34609,0,1,1,-30.34601,153.079828,19,2,1,0,1,0,0,0,2,0,7,50,0,4552,5151,8,10,40,1,0,0,1,0
1250428,4,2020,2020,2,2,2,2,27,55,34609,0,1,1,-33.745673,150.913445,7,0,2,1,2,0,3,4,0,0,7,50,0,9859,9859,1,5,8,2,0,1,0,0
1250429,1,2020,2020,2,2,6,39,27,169,147,0,1,1,-28.63754,153.59552,10,2,1,0,1,0,0,0,2,0,7,60,1,3775,3775,0,10,12,2,0,0,0,1
1250431,2,2020,2020,2,1,9,81,31,646,80,0,1,10,-33.916107,151.014038,15,0,2,0,2,0,3,3,3,2,7,60,1,5929,5929,1,33,5,2,0,0,1,0
1250432,2,2020,2020,11,4,4,76,31,82,34609,0,1,1,-31.079064,150.925069,70,2,1,1,0,0,0,0,2,0,7,50,0,941,941,1,0,5,2,0,0,1,1
1250433,2,2020,2020,2,0,4,36,27,2,39,0,1,1,-32.39463,149.451464,44,1,0,0,0,0,3,4,2,0,7,100,2,273,957,5,8,40,1,0,0,1,0
1250434,4,2020,2020,10,0,5,53,10,23,34609,0,1,9,-34.577003,150.853254,62,0,2,1,0,0,0,0,2,0,0,50,0,5929,5929,1,5,5,2,0,2,1,0
1250435,2,2020,2020,10,4,8,10,27,18,34609,0,1,1,-33.346928,149.036106,52,2,1,1,0,0,0,0,2,0,7,60,0,3775,3775,0,10,5,2,0,0,2,0
1250436,2,2020,2020,10,1,8,89,17,82,34609,1,0,10,-34.366445,150.898334,80,0,2,1,1,0,0,0,2,2,7,60,0,6545,6545,4,0,5,2,0,0,2,0
1250437,4,2020,2020,11,1,8,92,31,39,34609,0,1,10,-34.318769,150.913295,80,0,2,1,1,0,0,0,2,0,15,50,0,6545,6545,4,22,0,2,0,1,0,0
1250438,2,2020,2020,10,0,3,161,17,23,161,0,1,1,-36.660501,149.621589,5,1,0,1,0,0,3,3,1,0,7,100,2,4026,4026,8,8,40,1,0,0,1,0
1250439,2,2020,2020,10,2,4,123,27,304,34609,0,1,10,-33.919065,151.155826,32,0,2,1,1,0,0,0,2,0,7,50,0,3775,3775,0,0,13,2,0,0,1,0
1250441,2,2020,2020,10,0,0,4,31,460,34609,0,1,1,-33.843156,150.98558,21,0,2,1,2,0,0,0,0,0,7,50,0,3775,3775,0,5,5,2,0,0,1,0
1250442,4,2020,2020,9,6,6,30,31,433,34609,0,1,10,-33.278946,149.097133,52,2,1,1,0,0,0,0,2,0,0,50,0,6545,6545,4,0,10,2,0,1,0,0
1250443,1,2020,2020,9,0,8,109,27,460,106,0,1,9,-33.835634,150.985465,21,0,2,1,1,0,0,0,2,0,0,60,1,5929,5929,1,5,5,2,0,0,0,1
1250444,2,2020,2020,10,2,1,192,10,29,34609,0,1,9,-33.471714,151.436279,16,2,2,0,0,0,0,0,0,0,0,50,0,2585,777,8,0,40,1,0,0,1,0
1250446,4,2020,2020,2,2,11,21,27,20,34609,0,1,1,-33.252651,151.315395,16,2,2,0,0,0,0,0,0,0,7,80,0,3775,3775,0,0,5,2,0,1,1,0
1250447,1,2020,2020,9,6,8,866,17,112,793,0,1,2,-33.910541,150.918991,41,0,2,1,1,0,0,0,2,0,7,70,2,1981,1981,4,10,27,2,0,0,0,1
1250452,4,2020,2020,9,3,8,11,1,337,30,0,1,10,-33.730092,151.008658,71,0,2,0,2,0,0,0,2,2,7,60,2,5929,5929,1,0,5,2,0,1,0,1
1250453,1,2020,2020,10,6,8,56,27,115,80,0,1,9,-33.881497,151.183747,69,0,2,1,1,0,0,0,2,0,7,40,2,515,515,1,5,27,2,0,0,0,1
1250456,2,2020,2020,9,2,5,133,31,90,56,0,1,9,-33.886996,151.239685,81,0,2,1,1,0,0,0,2,2,7,50,1,5929,5929,1,30,19,2,0,0,1,0
1250459,1,2020,2020,10,4,7,36,31,218,70,0,1,9,-33.768952,150.779908,55,0,2,1,0,0,0,0,2,0,15,60,1,775,775,4,5,22,2,0,0,0,1
1250461,1,2020,2020,9,1,0,2261,17,34,2252,0,1,2,-34.789659,149.621888,26,1,0,0,0,0,3,4,0,0,7,110,2,1192,1192,1,3,2,2,0,0,0,1
1250464,2,2020,2020,10,2,6,2126,17,445,2149,0,1,9,-33.851256,151.054549,21,0,2,1,0,0,0,0,2,0,7,60,2,2852,2852,4,5,5,2,0,0,2,0
1250467,4,2020,2020,10,6,6,10,1,135,34609,0,1,9,-32.899217,151.728752,48,0,2,1,1,0,0,0,2,0,7,50,0,9859,9859,8,5,40,1,0,1,0,0
1250471,4,2020,2020,2,6,3,3371,17,58,3342,0,1,7,-32.781384,151.738651,57,2,1,1,1,0,0,0,2,0,0,70,2,5929,5929,1,16,13,2,0,1,0,0
1250477,4,2020,2020,9,2,1,25,27,147,94,0,1,9,-33.883579,151.004272,15,0,2,1,2,0,0,0,0,0,7,50,1,1945,1945,5,16,40,1,0,1,0,0
1250478,4,2020,2020,2,4,5,118,17,29,118,0,1,1,-30.716664,150.051987,51,2,1,1,1,0,0,0,2,0,7,80,2,1945,1945,5,10,40,1,0,1,0,0
1250480,2,2020,2020,2,3,6,1052,14,60,928,0,1,3,-33.434038,151.258092,16,1,2,1,3,0,3,3,2,0,7,110,2,14295,14295,3,0,0,5,0,0,1,0
1250483,1,2020,2020,2,2,8,16,27,10,17,0,1,1,-35.032498,149.12793,82,1,0,0,3,0,3,4,2,0,7,100,1,1089,1089,7,10,40,1,0,0,0,1