Crash ID,Degree of crash - detailed,Reporting year,Year of crash,Month of crash,Day of week of crash,Two-hour intervals,Street of crash,Street type,Town,Route no.,School zone location,School zone active,Type of location,Latitude,Longitude,LGA,Urbanisation,Conurbation 1,Alignment,Street lighting,Road surface,Surface condition,Weather,Natural lighting,Signals operation,Other traffic control,Speed limit,Road classification,RUM - code,DCA - code,First impact type,Key TU type,Other TU type,No. of traffic units involved,No. killed,No. seriously injured,No. moderately injured,No. minor-other injured
1250491,2,2020,2020,10,3,7,9,1,370,34609,0,1,9,-34.072393,150.813848,13,0,2,1,1,0,0,0,2,0,0,60,0,301,301,4,0,19,2,0,0,1,0
1250492,4,2020,2020,2,3,3,5,31,194,34609,0,1,1,-30.511836,151.674594,1,2,1,1,1,0,0,0,2,0,7,40,0,340,340,9,21,28,2,0,1,0,0
1250493,2,2020,2020,9,1,4,3371,17,108,3342,0,1,2,-33.818213,151.182696,77,0,2,1,1,0,0,3,2,0,7,60,2,238,238,9,5,28,2,0,0,1,0
1250496,4,2020,2020,9,4,7,515,14,523,518,0,1,3,-33.93821,150.914051,41,0,2,1,0,0,0,0,2,0,7,100,2,14295,14295,3,10,19,2,0,1,1,0
1250501,4,2020,2020,10,2,2,220,27,104,222,0,1,10,-33.720466,150.937752,7,0,2,1,2,0,0,0,0,2,7,80,2,2852,2852,4,0,5,2,0,1,0,1
1250507,1,2020,2020,9,6,8,50,36,14,43,0,1,1,-36.430801,148.557449,65,2,1,1,2,0,0,0,2,0,7,80,2,9859,9859,8,16,40,1,0,0,0,1
1250508,2,2020,2020,2,4,7,75,10,102,165,0,1,3,-33.937322,151.196946,4,0,2,1,2,0,0,0,2,0,7,70,2,14295,14295,3,10,25,3,0,0,1,0
1250512,2,2020,2020,10,3,6,475,31,290,34609,0,1,9,-33.849663,150.987442,21,0,2,1,1,0,0,0,2,0,0,50,0,150,150,4,5,5,2,0,0,1,0
1250516,2,2020,2020,2,1,5,123,36,10,90,0,1,1,-31.877484,151.869647,43,1,0,0,0,0,3,4,2,0,7,100,1,273,957,5,10,40,1,0,0,1,0
1250517,2,2020,2020,9,2,2,3371,17,131,3342,0,1,9,-33.78592,151.178304,36,0,2,1,2,0,0,3,0,2,7,60,2,4026,4026,8,0,40,1,0,0,1,0
1250520,4,2020,2020,2,0,7,44,31,134,34609,0,1,9,-33.890575,151.24326,76,0,2,1,1,0,0,0,2,2,9,60,0,1220,1220,9,5,28,2,0,1,0,0
1250523,2,2020,2020,2,5,6,24,27,201,47,0,1,7,-34.004333,150.840212,13,0,2,0,0,0,0,0,2,0,0,60,1,1669,1669,3,0,36,2,0,0,1,0
1250524,2,2020,2020,10,2,8,2126,17,65,2149,0,1,2,-33.539806,150.164324,40,2,1,0,0,0,3,4,2,0,7,80,2,1192,1192,1,5,0,2,0,0,1,0
1250526,1,2020,2020,11,5,8,1,27,19,34609,0,1,1,-33.899333,150.607428,79,2,2,1,1,0,0,0,2,0,7,50,0,9859,9859,8,5,40,1,0,0,0,1
1250527,4,2020,2020,2,6,5,5,31,166,34609,0,1,1,-33.416996,149.574247,3,2,1,1,0,0,0,0,2,0,7,50,0,1981,1981,4,5,27,2,0,1,0,0
1250530,4,2020,2020,9,3,5,109,36,10,108,0,1,1,-28.421086,153.456901,72,2,1,0,0,0,0,0,2,0,7,80,1,782,957,5,16,40,1,0,1,0,0
1250539,2,2020,2020,10,0,0,4,31,207,34609,0,1,7,-31.959767,141.461077,51,2,1,1,2,0,0,0,0,0,7,50,0,1109,787,1,34,5,2,0,0,1,0
1250543,2,2020,2020,2,5,10,40,31,363,34609,0,1,7,-33.758979,150.703987,55,0,2,1,3,0,3,4,0,0,0,50,0,6545,6545,4,5,13,2,0,0,1,0
1250544,4,2020,2020,2,5,4,2,27,187,34609,0,1,9,-33.779391,151.006272,54,0,2,1,3,0,3,3,2,0,7,50,0,1259,985,8,5,40,1,0,1,0,0
1250547,1,2020,2020,11,2,9,6,27,197,34609,0,1,9,-33.802513,151.132162,61,0,2,1,1,0,0,3,3,0,7,50,0,5929,5929,1,30,19,2,0,0,0,1
1250548,4,2020,2020,10,0,8,7,27,19,18,0,1,1,-31.227167,151.146773,70,1,0,0,1,0,0,0,2,0,7,100,1,2585,4009,8,21,40,1,0,1,0,0
1250555,1,2020,2020,10,0,10,35,27,53,34609,0,1,1,-35.146109,149.335557,58,1,0,0,0,0,0,0,0,0,7,100,0,2585,4009,8,0,40,1,0,0,0,1
1250556,4,2021,2020,2,6,4,3371,17,463,3342,0,1,9,-30.298455,153.112443,19,2,1,0,1,0,0,0,2,0,7,60,2,14295,14295,3,16,13,2,0,1,0,0
1250558,1,2020,2020,2,6,3,2209,17,88,2205,0,1,11,-33.990068,151.113265,25,0,2,1,3,0,0,0,2,2,7,70,2,14295,14295,3,5,5,2,0,0,0,1
1250565,2,2020,2020,2,2,7,3371,17,21,3342,0,1,2,-31.977714,152.467697,43,1,0,1,0,2,3,4,2,0,7,110,2,9859,9859,8,5,40,1,0,0,1,1
1250566,1,2020,2020,2,6,4,133,10,25,121,0,1,9,-31.56337,152.843139,56,2,1,1,1,0,3,4,2,0,15,50,1,926,926,4,0,0,2,0,0,0,1
1250569,4,2020,2020,5,6,7,117,1,176,35,0,1,10,-33.964837,151.140788,4,0,2,1,1,0,0,0,2,0,0,60,2,5929,5929,1,5,19,2,0,1,0,0
1250575,1,2020,2020,2,2,0,866,17,171,793,0,1,9,-33.805898,150.970119,54,0,2,1,3,0,0,0,0,2,7,70,2,623,623,3,5,5,2,0,0,0,1
1250580,1,2020,2020,11,6,3,13,1,562,34609,0,1,9,-32.254651,148.647235,22,2,1,1,1,0,3,4,1,0,0,60,0,395,395,1,8,13,2,0,0,0,2
1250582,4,2020,2020,9,1,2,11,1,187,34609,0,1,7,-33.881466,150.981995,15,0,2,0,0,0,3,3,1,0,0,50,0,1850,1463,5,15,40,1,0,1,0,0
1250583,4,2020,2020,2,6,3,230,27,197,284,0,1,2,-33.795627,151.135946,61,0,2,1,1,0,0,0,2,0,7,70,2,1945,1945,5,16,40,1,0,1,0,0
1250585,2,2020,2020,9,4,8,3371,17,92,3342,0,1,7,-33.409012,151.350113,16,2,2,0,0,0,0,0,2,0,0,60,2,6545,6545,4,5,5,2,0,0,1,1
1250587,1,2020,2020,2,1,8,5,27,57,34609,0,1,10,-33.610316,151.005094,71,0,2,1,3,0,0,3,2,0,0,60,0,6545,6545,4,5,5,2,0,0,0,1
1250588,1,2020,2020,2,2,11,512,17,10,441,0,1,1,-32.320196,148.737582,22,1,0,1,3,0,0,0,0,0,7,110,2,9859,9859,8,5,40,1,0,0,0,1
1250589,2,2020,2020,2,1,6,2,31,148,34609,0,1,9,-36.039162,146.930764,0,2,1,1,3,0,0,0,2,0,7,50,0,3775,3775,0,5,12,2,0,0,1,0
1250593,2,2020,2020,2,2,3,93,1,11,34609,0,1,1,-33.878655,151.05778,21,0,2,0,3,0,3,0,2,0,7,20,0,4552,5151,1,5,5,2,0,0,1,0
1250595,2,2020,2020,2,4,7,5,10,120,34609,0,1,9,-32.197233,152.522512,43,2,1,1,1,0,0,0,2,0,7,50,0,6545,6545,4,22,36,2,0,0,1,0
1250596,2,2020,2020,9,4,3,3,27,252,34609,0,1,9,-33.941048,150.858368,41,0,2,1,3,0,0,0,1,0,5,60,0,14295,14295,3,9,5,2,0,0,1,0
1250598,4,2020,2020,10,3,6,2126,17,17,2149,0,1,1,-33.444847,149.831852,3,1,0,1,0,0,3,4,2,0,7,100,2,1945,1945,5,16,40,1,0,1,0,0
1250600,2,2020,2020,2,3,7,39,22,53,34609,0,1,1,-33.383145,151.424497,16,2,2,0,0,0,3,3,2,0,7,60,0,4552,5151,8,10,40,1,0,0,1,0
1250605,1,2020,2020,2,0,8,32,14,108,124,0,1,6,-33.810718,151.17702,77,0,2,0,0,0,0,0,2,0,7,50,2,18,18,2,0,5,2,0,0,0,1
1250607,2,2020,2020,10,6,6,70,27,17,100,0,1,1,-33.667515,150.649607,8,2,2,0,1,0,0,0,2,0,7,80,2,4552,5151,8,16,40,1,0,0,1,0
1250611,2,2020,2020,1,4,5,4,36,58,34609,0,1,9,-32.980859,151.67336,37,0,2,1,1,0,0,0,2,0,7,50,0,14295,14295,3,16,5,2,0,0,1,0
1250618,2,2020,2020,10,1,6,255,27,62,172,0,1,7,-32.923324,151.609888,37,0,2,0,3,0,3,4,2,0,0,60,2,6545,6545,4,0,36,2,0,0,1,0
1250622,2,2020,2020,9,2,7,17,27,21,12,0,1,1,-35.771753,147.970245,66,1,0,1,0,0,0,0,2,0,7,100,2,9859,9859,8,0,40,1,0,0,1,0
1250623,4,2020,2020,10,0,9,475,10,523,268,0,1,2,-33.915448,150.909953,41,0,2,1,2,0,0,0,3,0,7,70,2,623,623,3,10,5,2,0,1,0,0
1250628,4,2020,2020,9,1,5,2,1,62,34609,0,1,1,-32.921818,151.626831,37,0,2,0,1,0,0,0,2,0,7,50,0,1957,4009,1,5,12,2,0,1,0,0
1250631,4,2020,2020,10,6,7,10,27,14,34609,0,1,1,-33.124101,150.044712,40,1,0,0,0,0,0,0,2,0,7,100,0,4552,5151,8,5,40,1,0,1,0,0
1250638,2,2020,2020,9,4,1,37,27,9,34609,0,1,1,-32.665736,151.714676,57,2,1,0,3,0,0,0,0,0,7,60,0,2585,4009,8,10,40,1,0,0,1,0
1250639,2,2020,2020,10,1,10,72,27,123,56,0,1,1,-33.801581,151.066064,54,0,2,1,2,0,0,0,0,0,7,60,2,3775,3775,0,5,5,2,0,0,2,0
1250640,1,2020,2020,9,5,8,125,27,174,34609,0,1,9,-33.863235,150.930923,24,0,2,1,1,0,0,0,2,0,7,50,0,6545,6545,4,22,5,2,0,0,0,1
1250641,2,2020,2020,11,0,9,1104,14,460,962,0,1,3,-33.825685,150.991342,54,0,2,1,2,0,0,0,0,0,7,80,2,14295,14295,3,5,0,3,0,0,1,0
1250644,2,2020,2020,9,3,7,2,27,6,34609,0,1,1,-32.267301,151.908832,43,1,0,0,0,2,0,0,2,0,7,100,0,4552,5151,8,0,40,1,0,0,2,0
1250648,4,2020,2020,9,6,7,2,27,11,34609,0,1,9,-31.502852,152.744757,56,2,1,1,0,0,0,0,2,0,7,50,0,1109,787,1,16,25,2,0,1,0,0
1250652,4,2020,2020,9,2,10,37,27,5,36,0,1,1,-32.48511,151.75943,51,2,1,0,0,2,0,0,3,0,7,40,1,4552,5151,8,5,40,1,0,1,0,0
1250653,2,2020,2020,2,2,4,293,1,363,34609,0,1,1,-33.751593,150.703524,55,0,2,1,1,0,0,0,2,0,7,50,0,1945,1945,5,16,40,1,0,0,1,0
1250655,1,2020,2020,2,6,7,165,31,80,16,0,1,9,-33.880408,151.204983,69,0,2,1,1,0,3,3,2,2,9,40,1,2040,2040,9,5,26,2,0,0,0,1
1250657,4,2020,2020,9,2,10,15,27,14,5,0,1,1,-34.865278,147.192047,51,1,0,1,0,0,0,0,0,0,7,100,1,945,945,5,5,40,1,0,1,0,0
1250661,2,2020,2020,9,3,6,26,10,370,68,0,1,10,-34.073563,150.800457,13,0,2,1,3,0,0,0,2,2,7,60,1,6545,6545,4,5,0,2,0,0,1,0
1250664,2,2020,2020,10,2,11,6,27,130,34609,0,1,7,-34.459499,150.837281,80,0,2,1,3,0,0,0,0,0,7,50,0,9859,9859,1,8,6,3,0,0,1,0
1250667,1,2020,2020,2,4,7,177,31,65,208,0,1,10,-33.857376,150.904297,24,0,2,1,3,0,0,0,2,3,7,60,1,623,623,3,30,5,2,0,0,0,1
1250668,1,2020,2020,2,5,8,13,31,463,62,0,1,9,-30.295869,153.111706,19,2,1,1,3,0,0,0,2,0,7,50,1,5929,5929,1,30,5,2,0,0,0,1
1250669,1,2020,2020,9,4,3,3371,17,82,3342,0,1,10,-33.827704,151.200636,49,0,2,1,3,0,0,0,2,2,7,60,2,14295,14295,3,5,5,2,0,0,0,1
1250670,1,2020,2020,2,3,4,44,27,119,126,0,1,9,-32.757899,151.781458,57,2,1,1,3,0,3,4,2,0,15,70,2,2852,2852,4,0,5,2,0,0,0,1
1250672,1,2020,2020,9,0,11,7,1,30,34609,0,1,9,-34.496854,150.819107,80,0,2,1,3,0,0,0,0,0,15,50,0,2852,2852,4,10,0,2,0,0,0,1
1250677,4,2020,2020,10,3,10,16,27,113,16,0,1,1,-33.80538,150.766338,55,0,2,1,0,0,0,0,0,0,7,80,1,9859,9859,8,5,40,1,0,1,0,0
1250683,4,2020,2020,9,5,10,2209,17,166,2205,0,1,1,-33.895606,151.1813,69,0,2,1,2,0,0,0,0,0,7,50,2,387,387,1,22,12,2,0,1,0,0
1250684,4,2020,2020,9,3,7,21,27,20,34609,0,1,1,-34.395093,150.844737,80,0,2,0,0,0,0,0,2,0,7,50,0,1192,1192,1,22,27,2,0,1,0,0
1250686,2,2020,2020,10,1,7,158,27,173,207,0,1,9,-33.876879,151.228411,69,0,2,1,0,0,0,0,2,2,7,60,2,515,515,1,0,5,2,0,0,1,0
1250688,2,2020,2020,9,0,6,18,27,253,7,0,1,1,-33.961107,151.095381,25,0,2,1,1,0,0,0,2,0,7,50,1,1109,787,1,0,19,2,0,0,1,0
1250691,4,2020,2020,2,3,4,1052,27,104,262,0,1,2,-32.909463,151.703865,48,0,2,0,1,0,0,0,2,0,0,60,2,14295,14295,3,5,5,3,0,1,0,0
1250693,2,2020,2020,9,1,4,2,27,2,34609,0,1,1,-36.669246,148.83014,65,1,0,0,0,2,0,3,2,0,7,100,0,418,714,5,30,40,1,0,0,1,0
1250694,2,2020,2020,10,0,11,478,17,58,480,0,1,2,-33.426301,151.309194,16,2,2,0,2,2,0,0,0,0,7,70,2,4552,5151,8,5,40,1,0,0,1,0
1250696,4,2020,2020,2,1,6,3371,17,40,3342,0,1,9,-31.52774,152.791594,56,1,0,1,3,0,3,4,2,0,15,110,2,2852,2852,4,5,13,2,0,1,1,0
1250698,1,2020,2020,9,3,7,2,27,20,34609,0,1,1,-34.21077,150.999043,80,0,2,0,0,0,0,0,2,0,7,50,0,4552,5151,8,8,40,1,0,0,0,1
1250700,2,2020,2020,2,3,0,11,31,122,34609,0,1,7,-33.423077,151.342636,16,2,2,1,2,0,0,0,0,0,0,40,0,1945,1945,5,16,40,1,0,0,1,0
1250701,1,2020,2020,10,1,9,2209,17,88,2205,0,1,2,-33.997119,151.116343,25,0,2,1,2,0,0,0,0,0,7,70,2,623,623,3,16,5,2,0,0,0,1
1250703,4,2020,2020,10,2,10,191,27,20,208,0,1,1,-33.80191,151.100441,61,0,2,0,2,0,3,3,0,0,7,60,2,3775,3775,0,0,18,2,0,1,0,0
1250704,1,2020,2020,2,3,6,294,17,16,288,0,1,1,-34.540987,142.996881,51,1,0,1,0,0,0,0,2,0,7,110,2,1669,1669,3,3,0,2,0,0,0,2
1250705,2,2020,2020,10,5,7,11,31,49,56,0,1,1,-34.445747,147.533275,51,2,1,1,1,0,0,0,2,0,7,50,2,1282,1282,1,9,21,2,0,0,1,0
1250706,2,2020,2020,10,5,7,500,27,41,799,0,1,10,-33.906221,151.12719,15,0,2,1,1,0,0,0,2,2,9,60,2,5929,5929,1,5,12,2,0,0,2,0
1250707,4,2020,2020,10,0,9,251,14,139,124,0,1,6,-33.842866,151.211376,49,0,2,1,2,0,0,0,3,0,7,70,2,14295,14295,3,30,0,2,0,1,0,0
1250708,2,2020,2020,9,4,3,2,18,7,34609,0,1,10,-30.026182,149.751535,51,1,0,1,0,2,0,0,2,0,0,100,0,6545,6545,4,0,13,2,0,0,1,1
1250710,4,2020,2020,11,6,7,77,31,163,69,0,1,1,-33.862719,151.097783,14,0,2,1,1,0,0,0,2,0,7,60,2,941,941,1,5,5,3,0,1,0,1
1250711,1,2020,2020,9,2,3,5,23,121,8,0,1,9,-33.798203,151.281238,50,0,2,0,3,0,0,0,2,0,15,50,1,5929,5929,1,0,27,2,0,0,0,1
1250712,2,2020,2020,10,0,6,11,27,136,244,0,1,10,-33.911591,151.072925,15,0,2,1,0,0,0,0,2,2,7,60,2,1383,1383,1,9,5,2,0,0,1,1
1250715,2,2020,2020,9,0,8,50,36,14,43,0,1,1,-36.453903,148.461852,65,2,1,0,0,0,0,0,2,0,7,80,2,4552,5151,8,16,40,1,0,0,1,0
1250717,4,2020,2020,10,6,7,31,31,363,34609,0,1,1,-33.813201,151.007604,54,0,2,1,1,0,0,0,2,0,7,40,0,9859,9859,8,5,40,3,0,1,1,0
1250718,2,2020,2020,9,3,9,38,27,57,47,0,1,9,-34.664544,150.845255,35,2,1,1,1,0,0,0,2,0,0,60,1,5929,5929,1,5,0,2,0,0,1,0
1250719,4,2020,2020,9,1,6,38,27,37,47,0,1,1,-34.65277,150.81206,35,2,1,0,0,0,0,0,2,0,7,80,1,3775,3775,0,16,0,2,0,1,1,0
1250720,4,2020,2020,9,1,7,3,18,31,34609,0,1,9,-31.078402,150.856163,70,2,1,1,1,0,0,0,2,0,7,80,0,1669,1669,3,5,13,2,0,1,1,0
1250721,2,2020,2020,2,0,11,4,27,11,34609,0,1,1,-28.644023,153.481902,10,1,0,0,3,0,3,3,0,0,7,100,0,782,957,5,5,40,1,0,0,1,0
1250722,4,2020,2020,10,2,0,29,7,150,34609,0,1,1,-33.930529,151.230738,59,0,2,0,0,0,0,0,0,0,7,50,0,4552,5151,1,5,0,2,0,1,0,0
1250723,2,2020,2020,9,3,0,2,31,43,34609,0,1,4,-32.556214,148.94674,22,2,1,0,2,0,0,0,0,0,7,50,0,1850,1463,5,10,40,1,0,0,3,2
1250725,1,2020,2020,9,5,6,15,31,99,30,0,1,10,-33.887405,151.271926,76,0,2,1,0,0,0,0,2,2,9,40,1,623,623,3,9,0,2,0,0,0,1
1250726,2,2020,2020,9,3,0,481,17,29,483,0,1,1,-31.228812,149.320679,51,1,0,1,0,0,3,0,0,0,7,110,2,9859,9859,8,29,40,1,0,0,1,0
1250727,4,2020,2020,2,6,9,12,1,201,34609,0,1,9,-34.89048,150.598241,63,2,1,1,1,0,0,0,2,0,7,50,0,1945,1945,5,16,40,1,0,1,0,0
1250729,2,2020,2020,9,0,7,4,31,179,34609,0,1,1,-31.90863,152.467411,43,2,1,1,0,0,0,0,2,0,7,50,0,9859,9859,1,5,0,2,0,0,1,0
1250730,4,2020,2020,9,5,7,105,27,62,34609,1,2,1,-33.898496,151.132194,32,0,2,1,0,0,0,0,2,0,7,40,0,387,387,1,10,0,2,0,1,0,0
1250732,2,2020,2020,9,1,3,2126,17,75,2149,0,1,2,-33.725463,150.396735,8,2,2,0,0,0,3,4,2,0,7,80,2,1192,1192,1,5,0,2,0,0,1,0
1250736,4,2020,2020,9,6,9,5,27,36,34609,0,1,1,-33.757362,151.076191,31,0,2,1,1,0,0,0,0,0,7,50,0,238,238,9,0,28,2,0,2,0,0
1250738,2,2020,2020,9,3,1,162,31,6,48,0,1,9,-32.598938,151.616639,51,2,1,0,2,0,0,1,0,0,7,50,1,2585,4009,8,10,40,1,0,0,1,0
1250743,2,2020,2020,9,1,10,100,27,323,100,0,1,9,-33.798529,150.853138,7,0,2,1,2,0,0,0,0,2,7,70,2,14295,14295,3,0,19,2,0,0,1,0
1250744,4,2020,2020,9,0,11,348,17,10,232,0,1,9,-32.69628,149.71246,44,1,0,1,0,0,0,0,0,0,7,100,2,323,323,1,10,5,2,0,1,1,0
1250745,2,2020,2020,11,4,9,53,31,130,34609,0,1,1,-33.869533,151.19615,69,0,2,1,2,0,0,0,3,0,7,40,0,186,186,9,17,28,2,0,0,1,0
1250746,2,2020,2020,9,6,8,26,27,232,34609,0,1,9,-33.686034,150.924914,71,0,2,1,2,0,0,0,3,0,0,60,0,6545,6545,4,5,5,2,0,0,2,0
1250747,2,2020,2020,2,4,10,71,36,234,139,0,1,1,-34.282444,146.002723,28,2,1,1,0,0,0,0,3,0,15,80,2,14295,14295,3,5,10,2,0,0,1,0
1250749,2,2020,2020,9,4,7,2,31,224,34609,0,1,1,-33.828756,151.24542,45,0,2,1,0,0,0,0,2,0,7,50,0,340,340,9,5,28,2,0,0,1,0
1250753,2,2020,2020,2,1,9,213,17,132,213,0,1,9,-29.772531,151.075343,33,1,0,1,3,2,3,3,4,0,7,100,2,1957,777,8,10,40,1,0,0,1,0
1250758,4,2020,2020,10,4,10,99,31,609,220,0,1,10,-33.763748,150.913326,7,0,2,1,2,0,0,0,0,2,9,70,2,2040,2040,9,5,28,2,0,1,0,0
1250763,2,2020,2020,2,0,3,46,27,104,262,0,1,10,-32.911999,151.720754,48,0,2,1,1,0,0,0,2,2,7,60,2,6545,6545,4,10,0,3,0,0,2,0
1250765,2,2020,2020,11,0,2,168,10,387,260,0,1,2,-33.946043,151.180445,4,0,2,1,2,0,0,0,0,0,7,70,2,9859,9859,8,0,40,1,0,0,1,0
1250766,4,2020,2020,2,2,7,2126,17,140,2149,0,1,9,-33.783493,150.83167,7,0,2,1,1,0,0,0,2,2,7,80,2,1850,777,5,15,40,1,0,1,0,0
1250768,2,2020,2020,9,5,3,1,31,202,34609,0,1,9,-33.95591,151.025528,15,0,2,1,1,0,0,0,2,0,7,50,0,2852,2852,4,0,5,2,0,0,1,0
1250772,1,2020,2020,2,2,9,485,27,154,769,0,1,9,-33.719593,150.96364,71,0,2,1,0,0,3,4,2,0,0,60,2,2852,2852,4,0,0,2,0,0,0,2
1250775,2,2020,2020,10,1,5,19,31,108,34609,0,1,7,-28.86568,153.566729,2,2,1,1,0,0,0,3,2,0,0,50,0,6545,6545,4,30,5,2,0,0,2,0
1250776,4,2020,2020,11,3,4,213,17,13,213,0,1,1,-29.455476,152.360224,51,1,0,0,0,0,3,3,2,0,7,100,2,2585,4009,8,0,40,1,0,1,1,2
1250778,2,2020,2020,2,0,8,213,17,9,213,0,1,1,-29.617736,152.676185,18,1,0,0,0,0,3,4,2,0,7,100,2,2585,4009,8,9,40,1,0,0,1,0
1250781,4,2020,2020,2,3,7,44,31,316,34609,0,1,2,-31.428793,152.910844,56,2,1,1,1,0,0,0,2,0,7,50,0,9859,9859,1,5,0,4,0,1,0,0
1250791,1,2020,2020,10,0,10,5,1,67,34609,0,1,9,-33.713654,150.903777,7,0,2,1,3,0,0,0,0,0,0,50,0,2852,2852,4,5,5,2,0,0,0,1
1250792,2,2020,2020,2,4,8,348,17,25,232,0,1,1,-32.939656,149.858765,44,1,0,1,3,0,0,0,2,0,7,100,2,1109,787,1,34,0,2,0,0,1,1
1250794,1,2020,2020,2,0,9,829,27,165,770,0,1,2,-33.85596,151.159217,14,0,2,1,3,0,0,0,2,0,7,60,2,1981,1981,4,0,27,2,0,0,0,1
1250799,2,2020,2020,2,5,5,475,31,169,41,0,1,10,-33.898455,151.206362,69,0,2,1,3,0,3,3,2,2,7,50,1,3775,3775,0,5,12,2,0,0,1,0
1250803,1,2020,2020,10,5,8,51,27,57,63,0,1,10,-34.562286,150.836557,62,0,2,1,3,0,0,0,2,2,7,70,2,1192,1192,1,5,19,2,0,0,0,1
1250806,1,2020,2020,2,4,8,283,27,253,702,0,1,1,-33.967481,151.096066,25,0,2,1,3,0,0,0,2,0,7,60,2,14295,14295,3,0,5,3,0,0,0,1
1250808,2,2020,2020,2,6,5,2209,17,35,2205,0,1,1,-35.511464,150.325146,63,1,0,0,3,0,0,0,2,0,7,100,2,2585,4009,8,5,40,1,0,0,1,0
1250810,2,2020,2020,2,2,6,16,1,202,118,0,1,1,-33.935546,151.026779,15,0,2,1,3,0,0,3,2,0,7,60,1,941,941,1,5,5,2,0,0,1,0
1250820,1,2020,2020,2,6,7,43,27,273,87,0,1,9,-34.440195,150.890908,80,0,2,1,3,0,0,0,2,2,7,80,2,14295,14295,3,10,5,4,0,0,0,1
1250823,1,2020,2020,2,1,9,84,27,61,415,0,1,9,-33.773305,151.135386,36,0,2,1,3,0,3,4,2,2,15,70,2,14295,14295,3,30,36,2,0,0,0,1
1250824,1,2020,2020,2,0,6,42,36,3,34609,0,1,1,-36.630457,148.49856,65,1,0,0,3,2,0,0,2,0,7,100,0,3775,3775,0,0,0,2,0,0,0,1
1250829,1,2020,2020,2,3,7,43,27,17,46,0,1,10,-28.265676,153.561689,72,2,1,1,3,0,0,0,2,2,7,60,1,6545,6545,4,5,13,4,0,0,0,3
1250833,1,2020,2020,2,6,3,829,31,162,15,0,1,9,-33.843956,150.888611,24,0,2,1,3,0,0,0,2,0,7,60,1,1669,1669,3,9,5,2,0,0,0,1
1250835,4,2020,2020,2,2,9,6,10,65,34609,0,1,9,-32.925533,151.764416,48,0,2,1,3,0,0,0,2,2,7,50,0,1945,1945,5,16,40,1,0,1,0,0
1250840,1,2020,2020,2,6,4,2209,17,144,2205,0,1,2,-34.059781,151.026377,68,0,2,0,3,0,3,4,2,0,7,70,2,14295,14295,3,33,5,3,0,0,0,1
1250842,2,2021,2020,2,0,8,149,36,5,113,0,1,1,-32.319043,152.517579,43,1,0,0,3,0,3,3,2,0,7,100,1,3775,3775,0,5,36,2,0,0,1,1
1250844,2,2020,2020,2,1,10,46,27,62,13,1,0,1,-32.922623,151.622274,37,0,2,1,3,0,3,4,0,0,7,60,1,1282,1282,1,5,36,2,0,0,1,0
1250845,2,2020,2020,2,5,7,12,31,41,19,0,1,9,-31.093074,150.898164,70,2,1,1,3,0,0,3,2,0,7,60,1,19,19,1,10,13,2,0,0,1,0
1250846,1,2020,2020,2,2,6,330,27,53,605,0,1,10,-33.737288,151.302559,50,0,2,1,3,0,0,0,2,2,7,60,2,14295,14295,3,10,13,2,0,0,0,1
1250847,4,2020,2020,2,2,0,232,36,40,331,0,1,9,-33.993885,150.787704,12,0,2,1,3,0,3,4,0,2,7,80,2,5929,5929,1,5,0,2,0,2,0,0
1250849,1,2020,2020,2,1,4,13,27,7,34609,0,1,9,-31.453166,152.720379,56,2,1,1,3,0,3,3,2,0,0,50,0,3775,3775,0,10,5,2,0,0,0,1
1250851,2,2020,2020,2,5,8,9,31,215,34609,0,1,1,-35.100437,147.357918,75,2,1,1,1,0,3,4,2,0,7,60,0,1109,397,1,5,5,2,0,0,1,1
1250853,1,2020,2020,2,6,6,118,27,646,118,0,1,1,-33.923031,151.030657,15,0,2,1,0,0,0,3,2,0,7,60,1,9859,9859,1,5,0,2,0,0,0,1
1250856,2,2020,2020,9,1,6,177,31,314,208,0,1,7,-33.860453,150.9279,24,0,2,1,1,0,0,0,2,0,0,70,1,6545,6545,4,0,5,2,0,0,1,0
1250862,2,2020,2020,2,3,5,56,27,173,34609,0,1,2,-33.783718,151.126519,61,0,2,1,0,0,0,0,2,0,7,50,0,9859,9859,8,5,40,1,0,0,1,0
1250867,2,2020,2020,9,4,8,11,27,80,34609,0,1,1,-33.974727,150.898003,13,0,2,1,3,0,3,4,2,0,7,50,0,941,941,1,5,0,3,0,0,1,0
1250869,4,2020,2020,2,2,8,3,1,18,34609,0,1,1,-32.791784,151.496929,17,2,1,0,0,2,0,3,2,0,7,50,0,4552,5151,8,10,40,1,0,1,0,0
1250871,4,2020,2020,9,0,9,1,31,252,34609,0,1,1,-33.944847,150.869542,41,0,2,1,0,0,0,0,2,0,7,50,0,9859,9859,1,5,5,2,0,1,0,0
1250872,2,2020,2020,2,5,4,2209,17,130,2205,0,1,9,-34.454638,150.845087,80,0,2,1,1,0,0,0,2,2,7,60,1,5929,5929,1,5,0,2,0,0,1,0
1250873,2,2020,2020,9,0,8,11,22,293,34609,0,1,2,-33.927518,151.059445,15,0,2,1,1,0,3,4,2,0,7,50,0,1981,1981,4,10,5,2,0,0,1,0
1250877,1,2020,2020,9,5,4,38,27,154,35,0,1,7,-33.701172,150.970279,71,0,2,1,1,0,0,0,2,0,0,60,1,6545,6545,4,0,27,2,0,0,0,1
1250879,4,2020,2020,9,0,5,27,27,17,62,0,1,1,-30.261349,153.049992,19,2,1,0,0,0,3,4,2,0,7,80,1,782,957,5,5,40,1,0,1,0,0