Crash ID,Degree of crash - detailed,Reporting year,Year of crash,Month of crash,Day of week of crash,Two-hour intervals,Street of crash,Street type,Town,Route no.,School zone location,School zone active,Type of location,Latitude,Longitude,LGA,Urbanisation,Conurbation 1,Alignment,Street lighting,Road surface,Surface condition,Weather,Natural lighting,Signals operation,Other traffic control,Speed limit,Road classification,RUM - code,DCA - code,First impact type,Key TU type,Other TU type,No. of traffic units involved,No. killed,No. seriously injured,No. moderately injured,No. minor-other injured
1250880,2,2020,2020,2,0,9,829,27,130,770,0,1,2,-33.869469,151.187129,69,0,2,1,2,0,0,0,3,0,7,60,2,14295,14295,3,5,5,2,0,0,1,0
1250882,2,2020,2020,2,1,5,512,17,11,441,0,1,1,-33.347181,149.163084,52,2,1,1,1,0,0,0,2,0,7,60,2,14295,14295,3,5,5,4,0,0,4,0
1250883,4,2020,2020,2,0,7,11,31,90,49,0,1,10,-32.924775,151.751396,48,0,2,1,1,0,0,0,2,2,9,60,1,591,591,1,22,5,2,0,1,0,0
1250888,1,2020,2020,9,3,7,90,31,169,165,0,1,10,-33.900969,151.214924,69,0,2,1,1,0,0,0,2,1,7,60,2,1282,1282,1,33,18,2,0,0,0,1
1250889,2,2020,2020,9,3,8,11,27,87,34609,1,0,9,-34.039978,151.156584,68,0,2,1,1,0,0,0,2,0,0,50,0,2040,2040,9,5,28,2,0,0,1,0
1250891,1,2020,2020,2,1,7,330,27,7,25,0,1,1,-33.812715,151.14064,61,0,2,1,0,0,3,4,2,0,7,60,1,4026,4026,1,5,5,5,0,0,0,1
1250892,4,2020,2020,2,4,8,1052,14,77,928,0,1,3,-33.51846,151.196394,16,1,2,0,0,0,0,0,2,0,7,100,2,2585,4009,8,30,40,1,0,1,0,0
1250894,4,2020,2020,9,5,8,2,10,101,34609,0,1,1,-32.915842,151.603762,37,0,2,1,1,0,0,0,2,0,7,50,0,1282,1282,1,5,27,2,0,1,0,0
1250896,4,2020,2020,10,0,5,4,27,8,34609,0,1,1,-32.933309,151.134523,17,2,1,0,0,0,0,0,2,0,7,50,0,1850,1463,5,16,40,1,0,1,0,0
1250897,1,2020,2020,2,6,4,500,27,129,799,0,1,10,-33.929463,151.072226,15,0,2,1,1,0,3,3,2,2,7,60,2,14295,14295,3,29,13,2,0,0,0,1
1250900,1,2020,2020,9,4,10,99,31,609,34609,0,1,7,-33.764578,150.919473,7,0,2,1,0,0,0,0,0,0,9,50,0,1220,1220,9,33,28,2,0,0,0,1
1250901,4,2020,2020,9,4,4,42,31,53,34609,0,1,7,-31.093324,150.932438,70,2,1,1,1,0,0,0,2,0,0,40,0,395,395,1,22,36,2,0,1,0,0
1250903,4,2020,2020,2,0,10,2,31,64,34609,0,1,1,-33.95416,150.992333,15,0,2,1,2,0,0,0,0,0,7,50,0,4026,4026,1,5,5,3,0,1,0,0
1250905,4,2020,2020,2,4,9,55,36,155,95,0,1,1,-33.124743,148.284858,53,1,0,0,0,0,3,3,3,0,7,100,2,2585,4009,8,10,40,1,0,1,0,0
1250906,2,2020,2020,2,2,3,103,36,2,157,0,1,1,-29.529896,152.984868,18,1,0,1,0,0,0,0,1,0,7,100,2,4026,4026,8,0,40,1,0,0,1,2
1250909,4,2020,2020,2,4,11,225,27,304,140,0,1,9,-33.911614,151.155268,32,0,2,1,2,0,0,6,0,0,6,40,1,2040,2040,9,5,28,2,0,1,0,0
1250916,2,2020,2020,10,6,5,44,27,23,126,0,1,1,-32.768902,151.847079,57,2,1,1,0,0,0,0,2,0,7,80,2,323,323,1,5,0,2,0,0,2,0
1250919,2,2020,2020,2,0,7,293,27,78,34609,0,1,1,-33.699613,150.563419,8,2,2,1,0,0,0,0,2,0,7,40,0,387,387,1,22,5,2,0,0,1,0
1250923,4,2020,2020,1,0,5,111,27,80,233,0,1,2,-33.939589,151.228643,4,0,2,1,1,0,0,0,2,0,7,60,2,1383,1383,1,0,27,2,0,1,0,0
1250929,2,2020,2020,2,3,5,123,36,16,90,0,1,1,-31.549136,151.710322,51,1,0,0,0,0,0,0,2,0,7,100,1,2585,4009,8,5,40,1,0,0,1,0
1250933,4,2020,2020,9,2,5,7,27,166,52,0,1,1,-33.894487,151.172015,32,0,2,1,1,0,0,0,2,0,7,50,1,387,387,1,16,5,2,0,1,0,0
1250939,2,2020,2020,2,4,6,16,27,37,16,0,1,1,-33.831106,150.757897,55,0,2,1,1,0,0,0,2,0,7,60,1,3775,3775,0,5,0,2,0,0,1,1
1250940,2,2020,2020,9,5,9,55,27,151,160,1,0,10,-34.029509,150.848438,13,0,2,1,1,0,0,0,2,2,7,60,2,6545,6545,4,5,5,2,0,0,2,0
1250942,2,2020,2020,2,5,3,2209,17,130,2205,0,1,9,-34.449763,150.849301,80,0,2,1,1,0,0,3,2,2,7,60,2,5929,5929,1,5,5,2,0,0,2,0
1250943,4,2020,2020,2,5,3,76,27,69,148,0,1,9,-32.936179,151.736964,48,0,2,1,1,0,0,0,2,0,7,60,1,2852,2852,4,5,0,3,0,1,2,0
1250944,4,2020,2020,10,2,11,67,27,225,68,0,1,9,-33.801477,151.18794,77,0,2,1,2,0,0,0,0,2,7,50,1,5929,5929,1,5,36,2,0,1,2,1
1250947,2,2020,2020,2,3,5,3371,17,54,3342,0,1,2,-33.088762,151.638795,37,0,2,1,1,0,0,0,2,0,7,60,2,14295,14295,3,30,5,2,0,0,1,0
1250948,2,2020,2020,10,1,4,1,27,3,34609,0,1,1,-31.30744,151.146128,70,2,1,0,0,2,0,0,2,0,7,80,0,782,957,5,5,40,1,0,0,1,0
1250949,4,2021,2021,4,0,0,109,27,38,34609,0,1,1,-32.81548,151.462454,17,2,1,0,2,0,3,3,0,0,7,50,0,1259,5151,1,5,0,2,0,1,1,0
1250955,1,2020,2020,10,1,2,6,18,115,34609,0,1,0,-33.884378,151.192073,69,0,2,0,2,0,0,0,1,0,7,30,0,1391,1391,1,5,40,2,0,0,0,1
1250959,2,2020,2020,2,1,8,7,27,19,9,0,1,9,-29.793097,150.620813,51,1,0,1,0,0,3,3,2,0,7,100,1,1089,1089,7,5,40,1,0,0,1,0
1250962,2,2020,2020,10,0,9,82,27,7,34,0,1,1,-28.60488,153.02823,51,1,0,0,0,0,0,0,2,0,7,100,1,1850,1463,5,16,40,1,0,0,1,0
1250966,1,2020,2020,9,4,4,1104,14,142,962,0,1,3,-33.827608,151.000713,54,0,2,0,0,0,0,0,2,0,7,90,2,14295,14295,3,8,0,2,0,0,0,1
1250967,4,2020,2020,11,0,8,29,27,79,34609,0,1,1,-34.907375,150.601512,63,2,1,1,2,0,3,3,2,0,7,50,0,9859,9859,8,5,40,1,0,1,0,0
1250969,4,2020,2020,9,5,4,2126,17,33,2149,0,1,10,-33.792133,150.871332,7,0,2,1,0,0,0,0,2,2,7,80,2,14295,14295,3,9,10,2,0,1,0,0
1250971,4,2020,2020,9,1,7,85,10,38,702,0,1,2,-33.843932,151.082833,14,0,2,1,0,0,0,0,2,0,7,80,2,9859,9859,8,0,40,1,0,1,0,0
1250973,2,2020,2020,2,4,9,2,31,137,34609,0,1,1,-33.905925,150.905118,24,0,2,0,1,0,0,0,3,0,7,50,0,3775,3775,0,5,5,2,0,0,2,1
1250974,2,2020,2020,2,5,3,361,27,26,96,0,1,10,-33.916452,151.166528,32,0,2,1,1,0,3,4,2,2,7,60,2,6545,6545,4,10,5,2,0,0,1,0
1250975,4,2020,2020,2,5,6,916,17,25,917,0,1,1,-30.786865,151.284546,70,1,0,0,0,0,3,4,2,0,7,100,2,1957,4009,8,8,40,1,0,1,0,0
1250979,4,2020,2020,10,0,5,72,31,176,62,0,1,1,-33.962908,151.143764,4,0,2,1,2,0,0,0,2,0,7,60,1,9859,9859,8,0,40,1,0,1,1,0
1250981,2,2020,2020,2,6,4,3371,17,463,3342,0,1,9,-30.268699,153.133361,19,2,1,1,1,0,3,4,2,0,0,80,2,2852,2852,4,5,0,2,0,0,2,0
1250982,4,2020,2020,11,0,4,485,27,337,769,0,1,9,-33.732345,150.972215,71,0,2,1,0,0,0,0,2,2,7,70,2,591,591,1,22,36,2,0,1,1,0
1250983,2,2020,2020,9,5,3,5,27,223,136,0,1,1,-33.803626,150.91745,7,0,2,1,0,0,0,0,2,0,7,60,2,945,945,5,5,40,1,0,0,1,0
1250984,1,2020,2020,2,3,7,101,10,239,35,0,1,10,-34.032766,151.125467,68,0,2,1,3,0,0,0,2,1,9,60,2,14295,14295,3,5,0,2,0,0,0,1
1250992,4,2020,2020,9,3,10,7,27,4,34609,0,1,1,-33.325094,149.240865,11,1,0,0,0,0,0,0,0,0,7,100,0,1089,1089,7,16,40,1,0,1,0,0
1250993,4,2020,2020,10,2,3,43,22,149,187,0,1,9,-33.869908,151.174792,32,0,2,1,1,0,0,0,2,2,7,60,2,14295,14295,3,30,18,2,0,1,0,0
1250998,4,2020,2020,9,6,7,191,27,370,68,0,1,2,-34.053816,150.821907,13,0,2,1,0,0,0,0,2,0,7,60,1,14295,14295,3,5,5,2,0,1,0,0
1250999,4,2020,2020,2,5,5,89,27,182,228,0,1,1,-32.839318,151.342576,17,2,1,1,1,0,0,0,2,0,9,60,1,14295,14295,3,16,13,2,0,1,0,0
1251004,1,2020,2020,9,4,9,21,31,121,34609,0,1,0,-33.788669,151.280857,50,0,2,1,0,0,0,0,3,0,7,40,0,3775,3775,0,22,0,2,0,0,0,1
1251010,4,2020,2020,2,5,7,3371,17,12,3342,0,1,2,-32.143529,152.334447,43,1,0,0,0,0,3,4,2,0,7,100,2,273,957,5,8,40,1,0,1,0,0
1251015,2,2020,2020,2,4,8,2,23,130,34609,0,1,10,-34.452542,150.844116,80,0,2,1,2,0,0,0,2,2,7,50,0,2040,2040,9,0,28,2,0,0,1,0
1251021,2,2020,2020,2,5,7,2209,17,32,2205,0,1,2,-33.97918,151.121679,25,0,2,1,3,0,0,0,2,0,7,70,2,14295,14295,3,5,5,3,0,0,1,0
1251022,1,2020,2020,2,0,7,3,27,96,34609,0,1,7,-34.063124,150.837538,13,0,2,1,3,0,0,0,2,0,0,60,0,14295,14295,3,0,0,2,0,0,0,1
1251032,4,2020,2020,9,2,0,2261,17,44,2252,0,1,2,-33.89539,150.955881,24,0,2,1,2,0,0,0,0,0,7,70,2,9859,9859,8,5,40,1,0,1,0,0
1251033,2,2020,2020,9,2,10,85,10,167,702,0,1,2,-33.854189,151.076764,54,0,2,1,2,0,3,3,0,0,7,80,2,14295,14295,3,5,5,2,0,0,1,0
1251035,2,2020,2020,2,4,0,11,1,363,34609,0,1,1,-33.754732,150.708556,55,0,2,1,2,0,0,0,0,0,7,50,0,9859,9859,8,0,40,1,0,0,1,0
1251042,2,2020,2020,2,5,10,47,31,218,34609,0,1,10,-33.773541,150.774786,55,0,2,1,2,0,0,0,0,0,15,50,0,6545,6545,4,5,0,2,0,0,1,2
1251050,1,2020,2020,2,0,8,1,27,73,34609,0,1,9,-34.163674,150.613401,79,2,2,1,1,0,0,0,2,0,7,50,0,256,256,4,10,5,2,0,0,0,2
1251052,4,2020,2020,2,2,6,1,27,48,34609,0,1,1,-29.025507,151.970721,51,1,0,1,0,0,3,4,2,0,7,100,0,9859,9859,8,0,40,1,0,1,0,0
1251053,1,2020,2020,2,5,8,81,17,7,100,0,1,10,-34.440057,150.470314,78,2,1,1,1,0,0,3,2,2,7,80,2,1850,777,5,10,40,1,0,0,0,3
1251055,2,2020,2020,2,1,7,4,27,87,34609,0,1,1,-28.805492,153.296919,39,2,1,0,0,0,0,0,2,0,7,60,0,1957,4009,8,5,40,1,0,0,1,0
1251056,1,2020,2020,10,3,7,2126,17,445,2149,0,1,1,-33.847888,151.047682,21,0,2,1,1,0,0,0,2,0,7,60,2,1282,1282,1,0,0,2,0,0,0,1
1251058,2,2020,2020,10,0,8,163,27,73,165,0,1,9,-33.754871,150.804801,7,0,2,1,0,0,0,0,2,0,0,60,1,515,515,1,5,19,2,0,0,1,0
1251062,1,2020,2020,11,6,4,103,27,438,563,0,1,2,-33.843492,151.043522,21,0,2,1,1,0,0,0,2,0,0,70,2,14295,14295,3,5,5,2,0,0,0,1
1251064,4,2020,2020,11,1,7,2,27,6,34609,0,1,1,-29.307006,153.161885,18,1,0,1,0,2,0,0,2,0,7,100,0,9859,9859,8,0,40,1,0,1,0,0
1251066,1,2020,2020,10,3,9,2,31,78,34609,0,1,9,-34.476661,150.849226,80,0,2,0,2,0,3,4,3,0,15,50,0,2852,2852,4,5,27,2,0,0,0,1
1251067,4,2020,2020,10,6,6,3371,17,28,3342,0,1,2,-32.6219,151.958019,57,1,0,1,0,0,0,0,2,0,7,110,2,204,204,1,5,36,2,0,1,1,1
1251068,2,2020,2020,10,2,6,23,31,52,13,0,1,9,-33.897416,151.261107,76,0,2,1,1,0,0,0,2,0,7,50,1,323,323,1,22,5,2,0,0,1,0
1251070,4,2020,2020,9,1,4,829,27,363,770,0,1,9,-33.808502,151.018873,54,0,2,1,1,0,0,0,2,2,7,60,2,2852,2852,4,5,5,2,0,1,0,2
1251071,4,2020,2020,10,2,6,9,27,370,53,0,1,10,-34.072954,150.803689,13,0,2,1,0,0,0,0,2,2,7,60,2,2040,2040,9,5,28,2,0,1,1,0
1251075,2,2020,2020,2,6,11,34,31,82,10,0,1,9,-33.822417,151.204011,49,0,2,1,2,0,0,0,0,0,7,50,1,2585,777,8,34,40,1,0,0,1,0
1251077,2,2020,2020,10,2,7,8,27,316,34609,0,1,1,-31.475344,152.936651,56,2,1,0,0,0,3,4,2,0,7,30,0,1259,5151,8,5,40,1,0,0,1,0
1251078,2,2020,2020,2,2,4,21,31,73,34609,0,1,9,-35.147827,147.369605,75,2,1,1,1,0,0,0,2,0,7,50,0,926,926,4,5,27,2,0,0,1,0
1251079,1,2020,2020,11,1,8,16,27,143,19,0,1,10,-33.703316,151.106228,31,0,2,1,1,0,0,0,2,2,9,50,1,2040,2040,9,5,28,2,0,0,0,2
1251080,4,2020,2020,9,1,6,2126,17,247,2149,0,1,9,-33.808467,150.937199,21,0,2,1,1,0,3,4,2,2,7,80,2,6545,6545,4,5,10,2,0,1,0,0
1251081,2,2020,2020,11,2,5,30,27,120,154,0,1,2,-33.763443,150.862888,7,0,2,1,1,0,0,0,2,0,7,60,1,14295,14295,3,5,0,3,0,0,1,0
1251083,2,2020,2020,2,3,0,128,27,363,133,0,1,10,-33.757055,150.686247,55,0,2,1,2,0,0,3,0,2,7,60,2,5929,5929,1,0,5,2,0,0,2,0
1251084,2,2020,2020,9,1,7,147,27,72,605,1,2,9,-33.830326,151.226499,49,0,2,1,2,0,0,0,2,2,7,40,2,1282,1282,1,33,27,2,0,0,1,0
1251086,2,2020,2020,9,5,7,6,18,47,34609,0,1,9,-28.834465,153.423865,2,2,1,1,0,0,0,0,2,0,7,50,0,368,368,9,0,28,2,0,0,1,0
1251087,4,2020,2020,2,6,8,24,27,11,24,0,1,1,-34.849473,150.633617,63,1,0,1,0,0,0,0,2,0,7,100,1,9859,9859,1,10,12,4,0,1,2,0
1251096,2,2020,2020,2,1,8,213,17,113,213,0,1,10,-29.46049,149.841622,51,2,1,1,3,0,0,0,2,2,0,50,2,6545,6545,4,5,5,2,0,0,2,0
1251103,2,2020,2020,2,0,5,4,27,8,34609,0,1,1,-32.948604,151.123371,17,2,1,0,0,2,0,0,2,0,7,50,0,3775,3775,0,16,0,2,0,0,1,0
1251104,2,2020,2020,2,1,9,2209,17,176,2205,1,0,9,-33.966199,151.136844,4,0,2,1,3,0,3,4,3,2,7,60,2,14295,14295,3,5,36,2,0,0,1,0
1251107,1,2020,2020,2,5,4,3371,17,147,3342,0,1,9,-33.739562,151.136385,36,0,2,1,3,0,3,4,2,2,7,60,2,5929,5929,1,5,5,2,0,0,0,1
1251108,2,2020,2020,9,6,7,47,31,28,34609,0,1,7,-33.406172,149.573846,3,2,1,1,0,0,0,0,2,0,0,60,0,14295,14295,3,0,0,2,0,0,1,0
1251111,1,2020,2020,9,4,8,222,27,67,40,0,1,1,-33.655913,150.874738,29,2,2,1,0,0,3,2,2,0,7,60,1,1981,1981,4,10,13,2,0,0,0,3
1251115,2,2020,2020,10,6,7,481,17,4,483,0,1,1,-28.922181,150.12539,51,1,0,1,0,0,0,0,2,0,7,110,2,9859,9859,8,5,40,1,0,0,1,0
1251116,2,2020,2020,9,2,9,3,10,72,34609,1,0,1,-34.017919,151.019423,68,0,2,0,3,0,0,0,3,0,7,50,0,4552,5151,8,10,40,1,0,0,1,0
1251123,2,2020,2020,11,6,1,348,17,5,232,0,1,1,-32.656948,149.673458,44,1,0,0,0,0,0,0,0,0,7,100,2,2585,4009,8,30,40,1,0,0,2,0
1251126,4,2020,2020,2,5,8,16,1,24,25,0,1,1,-33.626263,150.837762,29,2,2,1,0,0,0,0,2,0,7,60,2,5929,5929,1,5,19,2,0,1,0,0
1251127,2,2020,2020,2,4,8,101,10,239,167,1,0,10,-34.03195,151.119542,68,0,2,1,3,0,0,3,3,3,7,70,2,1192,1192,1,30,0,3,0,0,1,0
1251128,2,2020,2020,2,0,11,19,31,445,34609,0,1,1,-33.849436,151.056068,54,0,2,1,0,0,0,0,0,0,7,50,0,368,368,9,0,28,2,0,0,1,0
1251129,4,2020,2020,9,3,5,829,27,123,770,0,1,10,-33.814375,151.056244,54,0,2,0,0,0,0,0,2,2,9,70,2,2040,2040,9,0,28,2,0,1,0,0
1251133,1,2020,2020,9,4,11,82,27,7,34,0,1,1,-28.601658,153.03832,51,2,1,1,0,0,0,0,0,0,7,80,1,1089,1089,7,5,40,1,0,0,0,1
1251134,4,2020,2020,11,5,3,20,31,174,321,0,1,10,-33.894903,151.198263,69,0,2,1,1,0,0,0,2,2,7,50,2,9859,9859,1,5,5,3,0,1,0,0
1251136,2,2020,2020,10,2,4,168,17,18,212,0,1,1,-35.663345,150.163804,23,1,0,0,0,0,0,0,2,0,7,100,2,3775,3775,0,5,0,2,0,0,2,0
1251141,2,2020,2020,10,1,4,1,7,251,34609,0,1,1,-33.77206,150.935801,7,0,2,0,0,0,0,0,2,0,7,50,0,2585,4009,8,30,40,1,0,0,1,0
1251146,2,2020,2020,9,4,2,178,27,189,101,0,1,9,-33.942304,151.054031,15,0,2,1,3,0,0,0,1,2,7,50,1,5929,5929,1,0,36,2,0,0,1,0
1251148,1,2020,2020,2,4,11,4,23,197,34609,0,1,1,-33.943749,151.081319,25,0,2,1,3,0,0,0,0,0,7,50,0,323,323,1,16,0,2,0,0,0,1
1251152,1,2020,2020,2,1,9,485,27,52,769,0,1,9,-33.700128,150.92862,7,0,2,1,3,0,0,0,2,2,7,80,2,515,515,1,8,5,2,0,0,0,1
1251155,2,2020,2020,2,1,10,53,36,19,34,0,1,1,-33.406262,148.407005,11,1,0,1,3,0,0,0,0,0,7,100,2,1089,1089,7,5,40,1,0,0,1,0
1251157,1,2020,2020,10,2,7,13,10,75,34609,0,1,1,-32.790875,151.636582,42,2,1,1,3,0,0,0,2,0,7,60,0,14295,14295,3,0,0,2,0,0,0,1
1251161,1,2020,2020,9,0,7,22,31,337,30,0,1,2,-33.731959,151.003594,71,0,2,1,3,0,0,0,2,0,7,60,2,14295,14295,3,5,0,2,0,0,0,1
1251164,2,2020,2020,2,5,8,3,10,41,34609,0,1,1,-34.114312,150.798938,13,0,2,1,1,0,0,0,2,0,7,60,0,14295,14295,3,5,0,2,0,0,1,1
1251169,2,2020,2020,9,6,4,866,17,171,793,0,1,2,-33.803289,150.97106,54,0,2,1,0,0,0,0,2,0,7,70,2,1383,1383,1,29,5,3,0,0,1,0
1251170,4,2020,2020,2,2,6,44,27,304,21,0,1,1,-33.902477,151.164017,32,0,2,1,0,0,0,3,2,0,7,50,1,340,340,9,0,28,2,0,1,0,0
1251172,2,2020,2020,2,5,8,69,31,646,563,0,1,2,-33.916293,151.041307,15,0,2,1,1,0,3,0,2,0,7,60,2,14295,14295,3,29,5,2,0,0,1,0
1251179,2,2020,2020,9,0,7,13,1,137,34609,0,1,1,-33.919895,151.20705,69,0,2,1,0,0,0,0,2,0,7,40,0,9859,9859,1,5,23,2,0,0,1,0
1251180,1,2020,2020,9,0,6,56,31,134,34609,0,1,10,-33.89154,151.252026,76,0,2,1,1,0,0,0,2,2,9,50,0,1220,1220,9,22,28,2,0,0,0,1
1251186,2,2020,2020,11,2,0,16,31,57,34609,0,1,10,-32.817401,151.474944,17,2,1,1,2,0,0,0,0,0,0,50,0,6545,6545,4,5,5,2,0,0,1,0
1251187,2,2020,2020,10,1,1,2209,17,58,2205,0,1,9,-34.414002,150.892825,80,0,2,1,2,0,3,4,0,2,7,60,2,4026,4026,8,5,40,1,0,0,1,0
1251189,2,2021,2020,2,5,7,103,36,3,157,0,1,1,-29.508021,152.982043,18,1,0,0,0,0,0,0,2,0,7,100,2,4552,5151,8,0,40,1,0,0,1,0
1251190,4,2020,2020,10,6,7,916,17,20,917,0,1,1,-30.939061,151.110536,70,2,1,0,0,0,1,4,2,0,7,80,2,3775,3775,0,0,13,2,0,1,0,1
1251191,2,2020,2020,2,6,7,193,1,64,34609,0,1,9,-32.941385,151.705868,48,0,2,1,1,0,3,3,2,0,0,50,0,14295,14295,3,10,5,3,0,0,1,0
1251192,4,2020,2020,2,2,9,3,25,194,34609,1,0,1,-30.530284,151.673799,1,2,1,1,1,0,3,3,3,0,7,50,0,238,238,9,0,28,2,0,1,0,0
1251193,2,2020,2020,2,2,1,150,27,309,415,0,1,9,-33.808111,151.108562,61,0,2,1,2,0,3,4,0,2,7,70,2,14295,14295,3,21,5,2,0,0,1,0
1251196,2,2020,2020,1,3,9,280,10,92,240,0,1,2,-33.870601,150.961573,24,0,2,1,0,0,0,0,0,0,7,60,2,1945,1945,5,5,40,1,0,0,1,0
1251197,4,2020,2020,1,1,3,13,27,118,34609,0,1,1,-33.418447,151.305729,16,2,2,0,0,0,0,0,2,0,7,50,0,43,43,3,5,0,2,0,1,0,0
1251199,4,2020,2020,9,2,10,2,31,129,34609,0,1,1,-33.930709,151.081709,15,0,2,1,2,0,0,0,0,0,7,50,0,9859,9859,1,0,13,3,0,1,0,0
1251202,2,2020,2020,2,4,0,1,18,1,34609,0,1,9,-35.059146,147.193051,75,1,0,0,0,0,0,0,0,0,7,100,0,1850,1463,5,5,40,1,0,0,2,0
1251204,2,2020,2020,9,2,7,92,27,9,34609,0,1,9,-34.060406,150.862721,13,0,2,1,0,0,0,0,2,0,15,60,0,1945,1945,5,16,40,1,0,0,1,0
1251207,4,2020,2020,2,6,7,71,27,14,69,0,1,1,-36.416102,148.641986,65,2,1,1,0,0,3,4,2,0,7,80,2,945,945,5,5,40,1,0,1,0,0
1251212,2,2020,2020,11,3,9,280,10,46,240,0,1,9,-33.884097,150.967475,24,0,2,0,2,0,0,0,0,0,0,60,2,4552,5151,8,30,40,1,0,0,1,0
1251213,4,2020,2020,10,5,5,109,27,169,34609,1,0,9,-33.767584,150.840792,7,0,2,1,1,0,3,4,2,0,0,50,0,1850,777,5,16,40,1,0,1,0,0
1251215,4,2020,2020,11,1,3,515,14,294,518,0,1,3,-33.943438,150.94739,41,0,2,1,1,0,0,0,1,0,7,100,2,4026,4026,8,5,40,1,0,1,0,0
1251219,4,2020,2020,2,2,7,153,27,290,147,0,1,9,-33.94982,151.123161,4,0,2,1,0,0,0,0,2,2,7,60,2,83,83,1,0,19,2,0,1,0,0
1251221,2,2020,2020,2,5,9,80,31,204,187,0,1,10,-33.879953,151.123534,32,0,2,1,1,0,0,0,2,0,15,60,2,6545,6545,4,5,5,2,0,0,1,0
1251232,1,2020,2020,2,5,8,2209,17,27,2205,0,1,2,-34.542224,150.784921,80,0,2,1,3,0,0,0,2,0,7,80,2,14295,14295,3,0,5,2,0,0,0,1
1251233,2,2020,2020,2,0,9,205,27,147,415,0,1,9,-33.735358,151.153179,36,0,2,1,1,0,0,0,2,0,7,60,2,775,775,4,0,5,2,0,0,2,0
1251234,1,2020,2020,9,6,8,251,27,62,212,0,1,9,-33.753074,151.25687,50,0,2,1,1,0,0,0,2,0,15,70,2,1383,1383,1,5,19,2,0,0,0,1
1251235,4,2020,2020,9,4,5,3371,17,30,3342,0,1,2,-33.188929,151.579558,16,2,2,1,1,0,0,0,2,0,7,80,2,14295,14295,3,5,5,2,0,1,1,0
1251250,4,2020,2020,9,5,8,80,27,316,50,0,1,1,-33.905139,151.228325,59,0,2,1,1,0,0,0,3,2,9,60,2,14295,14295,3,15,40,2,0,1,0,0
1251251,2,2020,2020,11,1,3,15,27,102,69,0,1,10,-33.948582,151.209501,4,0,2,0,1,0,0,0,2,2,9,50,1,1220,1220,9,27,28,2,0,0,1,0
1251253,2,2020,2020,9,1,7,48,10,59,58,0,1,9,-32.884188,151.724259,48,0,2,1,3,0,0,0,2,2,7,80,2,14295,14295,3,0,5,3,0,0,1,0
1251254,2,2020,2020,10,4,8,43,2,104,42,0,1,10,-33.742799,150.943903,7,0,2,1,1,0,0,0,2,2,7,70,2,515,515,1,5,18,2,0,0,1,0
1251255,2,2020,2020,9,5,8,35,27,84,33,0,1,1,-33.778788,151.105771,61,0,2,1,1,0,0,0,2,0,7,60,1,14295,14295,3,16,13,2,0,0,1,0
1251256,2,2020,2020,10,4,8,1,27,5,34609,0,1,1,-32.428782,149.672034,44,1,0,1,0,0,0,0,2,0,7,100,0,3775,3775,0,5,13,2,0,0,2,1
1251257,2,2020,2020,2,2,0,115,27,73,46,0,1,1,-34.189815,150.632677,79,2,2,0,2,0,0,0,0,0,7,80,2,1957,4009,8,10,40,1,0,0,1,0
1251260,1,2020,2020,10,1,5,9,27,5,9,0,1,1,-29.569776,151.667921,51,1,0,0,0,0,0,0,2,0,7,100,1,4552,5151,8,8,40,1,0,0,0,1
1251261,4,2020,2020,10,3,9,59,10,34,231,0,1,1,-33.495414,151.353803,16,2,2,0,1,0,3,4,2,0,7,60,2,3775,3775,0,5,13,3,0,2,1,0
1251264,2,2020,2020,10,3,6,31,27,157,34609,0,1,1,-34.021313,151.100335,68,0,2,1,3,0,0,3,2,0,7,50,0,9859,9859,1,5,5,4,0,0,1,0
1251267,4,2020,2020,10,2,0,63,27,224,605,0,1,9,-33.818639,151.243924,45,0,2,1,2,0,3,4,0,0,7,60,2,3775,3775,0,5,0,2,0,1,0,1
1251268,4,2020,2020,10,3,4,84,27,61,415,0,1,2,-33.769496,151.136325,36,0,2,1,1,0,3,4,2,0,7,70,2,9859,9859,8,5,40,1,0,1,2,0
1251269,2,2020,2020,9,2,6,1,27,17,34609,0,1,1,-33.435564,149.819075,3,2,1,0,0,0,0,0,2,0,7,80,0,273,957,5,16,40,1,0,0,1,0
1251270,2,2020,2020,10,1,8,44,31,237,34609,0,1,10,-33.868526,150.955521,24,0,2,1,1,0,0,6,2,2,7,40,0,5929,5929,1,21,5,2,0,0,1,0
1251271,4,2020,2020,9,4,6,2,27,6,34609,0,1,1,-32.243396,149.61491,44,1,0,1,0,0,0,0,2,0,7,100,0,4026,4026,8,10,40,1,0,1,0,0
1251272,2,2020,2020,9,5,4,12,27,5,34609,0,1,9,-29.541416,153.259385,18,1,0,1,0,0,0,0,2,0,7,100,0,323,323,1,10,36,3,0,0,1,0
1251273,4,2020,2020,10,6,7,72,31,176,62,0,1,9,-33.958904,151.146015,4,0,2,1,0,0,0,0,2,2,7,60,1,14295,14295,3,5,12,2,0,1,0,0
1251274,4,2020,2020,11,6,5,6,1,64,34609,0,1,1,-34.040923,150.739281,12,0,2,1,1,0,3,4,2,0,7,50,0,1669,1669,3,10,0,2,0,1,0,1
1251275,2,2020,2020,9,0,7,16,36,96,19,0,1,9,-33.331637,147.967972,51,1,0,0,3,0,0,0,2,0,0,100,1,4552,5151,8,5,40,1,0,0,1,0
1251276,4,2020,2020,9,0,8,9,27,17,103,0,1,1,-28.578779,153.209144,39,2,1,0,0,0,0,0,2,0,7,80,1,782,957,5,16,40,1,0,1,0,0