Crash ID,Degree of crash - detailed,Reporting year,Year of crash,Month of crash,Day of week of crash,Two-hour intervals,Street of crash,Street type,Town,Route no.,School zone location,School zone active,Type of location,Latitude,Longitude,LGA,Urbanisation,Conurbation 1,Alignment,Street lighting,Road surface,Surface condition,Weather,Natural lighting,Signals operation,Other traffic control,Speed limit,Road classification,RUM - code,DCA - code,First impact type,Key TU type,Other TU type,No. of traffic units involved,No. killed,No. seriously injured,No. moderately injured,No. minor-other injured
1251278,2,2020,2020,9,6,8,2126,17,27,2149,0,1,2,-33.720569,150.451182,8,2,2,0,1,0,0,0,2,0,7,70,2,14295,14295,3,29,5,4,0,0,1,1
1251279,1,2020,2020,9,3,9,10,27,102,16,0,1,2,-31.109628,150.923254,70,2,1,1,2,0,0,0,3,0,7,60,1,1945,1945,5,0,40,1,0,0,0,3
1251280,4,2020,2020,9,3,7,109,27,18,174,0,1,9,-32.989702,151.521852,37,0,2,1,0,0,0,0,2,0,15,80,2,6545,6545,4,5,13,2,0,1,1,0
1251281,1,2020,2020,10,4,8,8,31,136,34609,0,1,7,-33.920577,151.083316,15,0,2,1,1,0,0,0,2,0,0,50,0,6545,6545,4,5,27,2,0,0,0,1
1251286,2,2020,2020,2,4,3,2209,17,40,2205,0,1,2,-34.708431,150.83957,35,2,1,0,0,0,3,4,1,0,7,80,2,1957,4009,8,10,40,1,0,0,1,0
1251288,4,2020,2020,2,4,9,92,27,129,244,0,1,10,-33.897486,151.099615,9,0,2,1,1,0,0,0,2,2,7,60,2,5929,5929,1,5,5,2,0,1,0,1
1251290,4,2020,2020,2,3,10,2261,17,523,2252,0,1,10,-33.93457,150.915776,41,0,2,1,2,0,0,3,0,2,7,60,2,2852,2852,4,0,5,2,0,1,1,0
1251293,2,2020,2020,2,4,11,4,27,96,34609,0,1,10,-35.352831,149.226072,58,2,1,1,2,0,0,0,0,0,15,50,0,6545,6545,4,5,13,2,0,0,2,0
1251294,2,2020,2020,2,1,11,120,36,14,148,0,1,1,-30.468831,152.94225,6,2,1,0,0,0,3,4,0,0,7,70,2,4552,5151,8,0,40,1,0,0,1,0
1251297,4,2020,2020,2,0,4,82,31,41,10,0,1,1,-34.061622,150.69318,12,0,2,1,1,0,0,0,2,0,7,50,1,1981,1981,4,5,5,2,0,1,0,0
1251300,4,2020,2020,10,2,10,72,31,176,62,0,1,10,-33.949735,151.14888,4,0,2,1,2,0,0,0,0,2,7,60,1,5929,5929,1,21,19,2,0,1,0,0
1251303,2,2020,2020,2,2,3,3,10,75,34609,0,1,1,-32.776462,151.639349,42,2,1,1,1,0,0,0,2,0,7,50,0,1981,1981,4,0,13,2,0,0,1,0
1251304,1,2020,2020,9,1,7,11,1,29,13,0,1,9,-33.752632,150.793512,7,0,2,1,1,0,3,3,2,0,7,50,1,489,489,8,5,40,1,0,0,0,1
1251311,4,2020,2020,5,0,8,21,31,44,34609,0,1,1,-32.053223,150.874406,73,2,1,1,0,0,0,3,2,0,7,50,0,9859,9859,8,30,40,1,0,1,0,0
1251313,4,2020,2020,9,5,8,3371,17,14,3342,0,1,2,-28.928827,153.448618,2,1,0,0,1,0,0,0,2,0,7,110,2,380,714,5,5,40,1,0,1,0,0
1251318,2,2021,2021,4,1,5,132,31,252,126,0,1,9,-33.889225,151.202806,69,0,2,1,1,0,0,3,2,2,9,50,2,591,591,1,22,25,2,0,0,1,0
1251319,4,2020,2020,10,1,0,10,27,84,34609,0,1,1,-31.104729,150.901025,70,2,1,1,2,0,0,3,0,0,7,50,0,30,30,9,0,28,2,0,1,1,0
1251321,2,2020,2020,2,2,7,3,23,35,34609,0,1,9,-33.270273,151.554871,16,2,2,1,1,0,0,0,2,0,7,50,0,941,941,1,5,19,2,0,0,1,0
1251322,2,2021,2021,4,6,8,100,31,363,38,0,1,10,-33.805185,151.002597,54,0,2,1,1,0,0,0,2,0,15,60,1,6545,6545,4,5,5,3,0,0,1,0
1251324,2,2020,2020,2,4,6,110,27,113,48,0,1,2,-34.338763,150.879019,80,0,2,1,0,0,0,0,2,0,7,100,2,9859,9859,8,10,40,2,0,0,3,0
1251328,4,2020,2020,9,6,9,6,10,66,34609,0,1,2,-33.720371,150.920378,7,0,2,1,1,0,0,0,2,0,0,50,0,238,238,9,0,28,2,0,1,0,0
1251329,2,2020,2020,9,4,8,157,17,123,158,0,1,1,-33.834287,148.684015,51,2,1,1,0,0,0,0,2,0,7,50,2,1220,1220,9,5,28,2,0,0,1,0
1251331,4,2020,2020,10,4,7,5,27,3,34609,0,1,1,-31.799944,152.503071,43,2,1,1,0,0,0,0,2,0,7,80,0,9859,9859,8,5,40,1,0,1,0,0
1251332,2,2020,2020,2,4,6,17,31,273,34609,0,1,1,-34.427661,150.89653,80,0,2,1,0,0,0,0,2,0,7,50,0,1669,1669,3,10,5,3,0,0,1,0
1251333,4,2020,2020,2,2,6,95,31,204,34609,1,0,1,-33.890767,151.128071,32,0,2,1,3,0,0,0,2,0,7,50,0,312,312,2,15,40,2,0,1,0,0
1251336,4,2020,2020,2,6,2,110,27,113,48,0,1,2,-34.320917,150.887812,80,0,2,0,0,0,3,4,0,0,7,100,2,1957,4009,8,5,40,2,0,1,1,0
1251340,2,2020,2020,2,6,5,2209,17,76,2205,0,1,7,-35.362376,150.473135,63,2,1,1,0,0,0,0,2,0,0,50,2,6545,6545,4,30,22,2,0,0,1,0
1251341,2,2021,2021,4,5,4,55,36,1,95,0,1,1,-33.111285,147.357291,51,1,0,1,0,0,0,0,2,0,7,100,2,4026,4026,8,0,40,1,0,0,1,0
1251343,2,2020,2020,9,3,4,1,27,49,34609,0,1,1,-34.306788,148.742802,30,1,0,0,0,2,0,3,2,0,7,100,0,4552,5151,8,0,40,1,0,0,1,0
1251344,4,2020,2020,2,3,9,100,27,12,78,0,1,1,-33.589912,149.765908,51,1,0,0,0,0,0,0,2,0,7,100,2,4552,5151,8,5,40,1,0,1,0,0
1251345,2,2020,2020,9,3,6,2209,17,106,2205,0,1,2,-34.552575,150.788298,62,0,2,1,1,0,0,0,2,0,7,70,2,14295,14295,3,5,5,2,0,0,1,1
1251346,4,2020,2020,9,4,7,19,31,224,34609,0,1,1,-33.827343,151.250245,45,0,2,0,0,0,0,0,2,0,7,50,0,4552,5151,1,21,5,4,0,1,0,0
1251347,2,2020,2020,2,3,1,3371,17,53,3342,0,1,10,-32.925194,151.759388,48,0,2,1,2,0,0,3,0,2,7,60,2,6545,6545,4,5,0,2,0,0,1,1
1251348,2,2020,2020,2,4,2,213,17,4,213,0,1,1,-29.732747,150.984458,33,1,0,1,0,0,0,0,0,0,7,100,2,475,475,5,0,40,1,0,0,1,0
1251351,4,2020,2020,9,0,8,293,31,112,769,0,1,9,-33.60908,150.819185,29,2,2,1,1,0,0,0,2,0,7,60,2,2852,2852,4,10,36,2,0,2,0,0
1251356,2,2020,2020,10,2,8,58,27,81,34609,0,1,1,-33.877612,151.245515,81,0,2,1,3,0,3,4,2,0,7,50,0,9859,9859,8,0,40,1,0,0,2,0
1251357,2,2020,2020,2,3,9,1,27,5,34609,0,1,1,-30.038188,151.636972,1,1,0,0,0,2,0,0,3,0,7,100,0,1957,4009,8,5,40,1,0,0,1,0
1251359,4,2020,2020,2,5,9,22,31,532,34609,0,1,9,-33.866637,151.205812,69,0,2,1,2,0,3,4,0,2,9,40,0,1220,1220,9,5,28,2,0,1,0,0
1251361,2,2020,2020,9,4,4,44,31,41,605,0,1,10,-33.780766,151.267627,50,0,2,1,1,0,0,0,2,2,9,60,2,1220,1220,9,8,28,2,0,0,1,0
1251362,1,2020,2020,9,6,8,63,27,140,17,0,1,1,-33.89438,150.991283,15,0,2,1,1,0,0,0,2,0,7,60,1,14295,14295,3,0,5,2,0,0,0,1
1251363,4,2020,2020,2,4,2,2126,17,40,2149,0,1,1,-33.710725,150.52255,8,2,2,1,2,0,3,4,1,0,7,60,2,3775,3775,0,0,13,2,0,1,0,0
1251364,2,2020,2020,2,5,4,36,1,8,34609,0,1,1,-33.926929,151.102851,15,0,2,1,1,0,3,4,2,0,7,50,0,1669,1669,3,30,36,2,0,0,1,0
1251370,2,2020,2020,9,6,7,4,1,95,34609,0,1,9,-34.399878,150.891879,80,0,2,1,1,0,0,0,2,0,7,60,0,1383,1383,1,5,36,2,0,0,1,0
1251371,2,2020,2020,2,5,9,13,27,2,17,0,1,1,-29.621988,151.033226,33,1,0,1,0,0,3,3,3,0,7,100,1,9859,9859,8,10,40,1,0,0,1,0
1251375,2,2020,2020,2,0,7,251,27,147,212,0,1,9,-33.757624,151.277792,50,0,2,1,3,0,0,0,2,0,15,70,2,2852,2852,4,5,19,2,0,0,1,0
1251377,4,2020,2020,9,3,4,6,27,224,34609,0,1,1,-33.852771,151.246531,45,0,2,0,0,0,0,0,2,0,7,20,0,3775,3775,0,22,5,2,0,1,0,0
1251379,4,2020,2020,2,5,6,6,31,463,34609,0,1,1,-30.304297,153.12713,19,2,1,1,1,0,3,4,2,0,7,50,0,238,238,9,5,28,2,0,1,0,0
1251380,1,2020,2020,11,2,6,84,27,147,415,0,1,2,-33.749246,151.148306,36,0,2,1,2,0,0,0,2,0,7,70,2,9859,9859,8,16,40,1,0,0,0,1
1251381,4,2020,2020,2,6,6,24,27,5,103,0,1,1,-28.659212,153.22226,39,2,1,1,0,0,0,0,2,0,7,80,1,83,83,5,5,40,1,0,1,0,0
1251384,2,2020,2020,1,2,7,5,31,25,34609,0,1,1,-33.867616,151.225663,69,0,2,0,3,0,0,0,2,0,7,40,0,238,238,9,5,28,2,0,0,1,0
1251386,1,2020,2020,6,5,6,17,27,323,25,0,1,9,-33.81209,150.837991,7,0,2,1,3,0,0,0,2,2,7,80,2,14295,14295,3,8,5,2,0,0,0,1
1251387,2,2020,2020,2,5,8,118,17,98,118,0,1,1,-30.942886,150.205347,51,1,0,0,0,0,3,3,2,0,7,100,2,2585,4009,8,9,40,1,0,0,1,0
1251389,4,2020,2020,10,2,11,1,10,11,34609,0,1,9,-33.78603,151.206535,77,0,2,0,2,0,3,3,0,0,0,50,0,1850,777,5,15,40,1,0,1,0,0
1251391,2,2020,2020,2,4,10,2209,17,76,2205,0,1,9,-35.34256,150.465122,63,2,1,1,2,0,0,0,0,0,0,60,2,14295,14295,3,5,13,2,0,0,1,0
1251392,4,2020,2020,10,2,11,265,10,445,563,0,1,9,-33.869325,151.042396,21,0,2,0,2,0,3,3,0,2,7,70,2,1259,5151,8,5,40,1,0,1,0,0
1251394,4,2020,2020,2,1,7,2261,17,3,2252,0,1,2,-34.744115,149.852796,26,1,0,1,0,0,3,4,2,0,7,110,2,9859,9859,8,10,40,1,0,1,0,0
1251395,4,2020,2020,2,2,5,1052,14,60,928,0,1,3,-33.426413,151.237092,16,1,2,0,1,0,0,0,2,0,7,110,2,14295,14295,3,16,40,2,0,1,0,0
1251398,2,2020,2020,2,5,5,3371,17,463,3342,0,1,9,-30.308415,153.100584,19,2,1,1,1,0,0,0,2,2,7,60,2,14295,14295,3,5,19,2,0,0,1,0
1251399,2,2020,2020,9,6,8,78,31,290,34609,0,1,1,-33.854011,150.992187,21,0,2,1,1,0,0,0,2,0,7,50,0,1981,1981,4,5,0,2,0,0,1,0
1251405,2,2020,2020,9,2,5,478,17,50,480,0,1,7,-33.228891,151.541306,16,2,2,1,3,0,0,0,2,0,0,60,2,9859,9859,8,9,40,1,0,0,1,0
1251408,1,2020,2020,9,4,8,6,31,72,34,0,1,10,-33.830001,151.229967,49,0,2,1,3,0,0,0,2,0,15,50,1,6545,6545,4,9,5,2,0,0,0,1
1251409,1,2020,2020,2,4,7,5,31,90,34609,0,1,1,-33.887914,151.237031,81,0,2,1,3,0,0,0,2,0,7,50,0,14295,14295,3,5,0,2,0,0,0,1
1251410,4,2020,2020,9,4,10,230,27,173,284,0,1,6,-33.788177,151.126779,61,0,2,1,2,0,0,0,0,0,7,70,2,14295,14295,3,16,5,2,0,1,0,0
1251414,1,2020,2020,2,3,6,2261,17,370,2252,0,1,3,-34.067755,150.780057,13,0,2,1,3,0,0,0,2,0,7,110,2,14295,14295,3,0,5,2,0,0,0,1
1251415,4,2020,2020,10,1,10,2209,17,137,2205,0,1,2,-34.047652,151.052182,68,0,2,1,2,0,3,4,0,0,7,80,2,9859,9859,8,30,40,1,0,1,0,0
1251416,1,2020,2020,10,1,3,150,27,61,415,0,1,9,-33.773373,151.135215,36,0,2,1,1,0,3,4,1,2,7,70,2,14295,14295,3,9,5,2,0,0,0,1
1251419,2,2020,2020,2,2,4,63,17,4,63,0,1,1,-29.587787,141.891973,51,1,0,0,0,0,0,0,2,0,7,100,2,1850,1463,5,10,40,1,0,0,1,0
1251433,1,2020,2020,2,5,4,8,1,86,34609,0,1,9,-33.734858,151.213547,50,0,2,0,3,0,0,0,2,0,7,50,0,14295,14295,3,10,5,2,0,0,0,1
1251438,1,2020,2020,2,2,7,296,27,147,293,1,0,2,-33.866494,150.988585,15,0,2,1,3,0,0,0,2,0,7,70,2,14295,14295,3,5,5,2,0,0,0,1
1251442,2,2021,2021,4,1,5,3,27,6,34609,0,1,1,-34.448615,150.834319,80,0,2,0,3,0,0,0,2,0,7,50,0,312,312,2,19,40,2,0,0,1,1
1251444,1,2021,2021,4,0,6,829,27,123,770,0,1,10,-33.814279,151.056237,54,0,2,0,3,0,0,3,2,2,7,70,2,5929,5929,1,5,5,2,0,0,0,1
1251448,1,2020,2020,9,3,9,2261,17,443,2252,0,1,2,-33.885949,151.067539,67,0,2,1,3,0,0,0,2,0,7,60,2,1383,1383,1,5,5,3,0,0,0,1
1251452,2,2021,2021,4,5,8,2,10,562,34609,0,1,1,-32.3528,148.616764,22,1,0,0,3,0,3,0,2,0,7,100,0,4552,5151,8,16,40,1,0,0,1,0
1251453,1,2020,2020,2,0,8,4,27,43,34609,0,1,7,-33.697446,151.299014,50,0,2,1,3,0,3,3,4,0,0,50,0,5929,5929,1,5,5,2,0,0,0,1
1251458,2,2020,2020,9,0,7,3,27,9,34609,0,1,1,-33.774989,150.722415,55,0,2,1,3,0,0,0,2,0,7,50,0,9859,9859,8,0,40,1,0,0,1,0
1251459,2,2020,2020,2,1,8,2209,17,82,2205,0,1,10,-34.37365,150.900639,80,0,2,0,3,0,0,0,2,2,7,80,2,14295,14295,3,5,5,3,0,0,1,0
1251464,1,2020,2020,2,1,8,89,17,11,21,0,1,1,-34.162685,150.96983,80,0,2,1,3,0,3,4,2,0,7,100,1,9859,9859,8,5,40,1,0,0,0,1
1251466,2,2021,2021,4,2,7,45,31,204,331,0,1,9,-33.936055,151.155321,4,0,2,1,3,0,3,3,2,2,7,60,1,2852,2852,4,0,36,2,0,0,1,0
1251468,1,2020,2020,2,5,7,30,31,78,34609,1,2,1,-33.856886,151.007448,21,0,2,1,3,0,0,0,2,0,7,40,0,220,220,1,0,5,2,0,0,0,1
1251471,1,2020,2020,2,6,7,4,31,163,34609,0,1,9,-33.857543,151.096108,14,0,2,1,3,0,0,0,2,0,7,50,0,926,926,4,5,40,2,0,0,0,2
1251478,1,2021,2021,4,5,9,2261,17,523,2252,0,1,10,-33.921877,150.918891,41,0,2,1,3,0,3,4,2,2,2,60,2,775,775,4,5,5,2,0,0,0,1
1251480,1,2020,2020,2,1,3,5,27,13,34609,0,1,7,-35.084892,150.599072,63,2,1,1,3,0,3,4,2,0,0,70,0,4026,4026,8,10,40,1,0,0,0,1
1251485,4,2020,2020,9,6,9,42,10,24,172,0,1,1,-32.878438,151.561957,37,0,2,0,0,0,0,0,3,0,7,80,2,1259,5151,8,5,40,1,0,1,0,0
1251486,4,2020,2020,2,3,5,14,10,10,34609,0,1,2,-34.012715,151.061614,68,0,2,1,1,0,0,0,2,0,7,50,0,1945,1945,5,16,40,1,0,1,0,0
1251490,1,2020,2020,2,4,5,73,24,17,88,0,1,1,-33.737693,151.24494,50,0,2,1,3,0,0,0,2,0,7,80,2,14295,14295,3,9,0,2,0,0,0,1
1251491,1,2020,2020,2,5,3,1104,14,140,962,0,1,3,-33.794414,150.842049,7,0,2,1,2,0,3,4,1,0,7,100,2,14295,14295,3,30,41,3,0,0,0,1
1251492,4,2020,2020,2,6,8,1,18,77,34609,1,0,1,-32.576548,151.182141,64,2,1,1,0,0,0,0,2,0,7,50,0,2040,2040,9,5,28,2,0,1,0,1
1251493,2,2020,2020,10,2,4,92,27,11,36,0,1,10,-35.720627,150.190529,23,2,1,0,3,1,2,6,2,2,7,60,1,5929,5929,1,30,19,2,0,0,1,0
1251495,2,2020,2020,2,4,8,280,10,314,82,0,1,1,-33.850969,150.923139,24,0,2,1,1,0,0,0,2,0,7,60,1,5929,5929,1,5,5,2,0,0,1,1
1251497,4,2020,2020,9,4,6,61,31,32,45,0,1,9,-33.869453,150.977592,24,0,2,1,0,0,3,4,2,2,7,60,1,14295,14295,3,5,0,2,0,1,0,1
1251499,4,2020,2020,2,2,11,77,10,38,331,0,1,1,-34.127429,150.692984,79,2,2,0,0,0,3,4,0,0,7,80,1,2585,4009,8,30,40,1,0,1,0,0
1251500,4,2020,2020,2,3,7,1,34,7,34609,0,1,1,-33.169952,151.579863,16,2,2,0,0,2,0,0,2,0,7,50,0,3775,3775,0,16,13,2,0,1,1,0
1251501,2,2020,2020,2,4,8,5,27,10,11,0,1,1,-36.805762,149.79263,5,1,0,0,0,0,0,0,2,0,7,100,1,4552,5151,8,16,40,1,0,0,1,0
1251507,4,2020,2020,2,5,8,1052,14,13,928,0,1,3,-33.695957,151.120655,36,0,2,1,0,0,3,3,2,0,7,110,2,4026,4026,8,9,40,1,0,1,0,0
1251512,4,2020,2020,9,3,0,2,7,95,34609,0,1,1,-34.393915,150.88637,80,0,2,1,2,0,0,0,0,0,7,50,0,9859,9859,1,5,5,2,0,1,0,0
1251513,2,2020,2020,2,1,5,3371,17,53,3342,0,1,2,-33.766271,151.156826,36,0,2,0,0,0,0,0,2,0,7,60,2,1981,1981,4,0,27,2,0,0,1,0
1251514,2,2020,2020,9,0,4,7,1,147,34609,0,1,1,-33.748251,151.288286,50,0,2,1,0,0,0,0,2,0,7,50,0,591,591,1,22,5,2,0,0,1,0
1251517,2,2020,2020,2,4,8,38,27,53,38,0,1,9,-33.379395,151.4496,16,2,2,1,0,0,0,0,2,0,15,70,1,2852,2852,4,5,12,2,0,0,1,0
1251518,1,2020,2020,2,6,3,39,27,21,51,0,1,1,-33.664807,151.090133,31,0,2,0,0,0,3,4,2,0,7,60,2,3775,3775,0,5,0,2,0,0,0,1
1251520,4,2020,2020,9,3,0,5,31,562,34609,0,1,1,-32.244886,148.601968,22,2,1,1,2,0,0,0,0,0,7,50,0,144,144,1,0,19,2,0,1,0,0
1251523,2,2020,2020,2,4,8,5,27,21,34609,0,1,9,-33.873786,151.236803,81,0,2,1,1,0,0,0,2,0,15,50,0,2040,2040,9,5,28,2,0,0,1,0
1251525,2,2020,2020,2,3,10,191,27,193,208,0,1,1,-33.787407,151.085373,61,0,2,1,2,0,0,0,0,0,7,60,2,2040,2040,9,0,28,2,0,0,1,0
1251527,2,2020,2020,9,0,4,51,31,107,157,0,1,1,-29.69148,152.933698,18,2,1,1,1,0,0,0,2,0,9,40,2,591,591,1,22,5,2,0,0,1,0
1251530,4,2020,2020,9,0,8,39,10,154,65,0,1,2,-33.705772,150.94291,71,0,2,1,0,0,0,0,2,0,7,60,1,1220,1220,9,0,28,2,0,1,0,0
1251531,4,2020,2020,2,6,0,92,27,55,36,0,1,7,-35.712915,150.185734,23,2,1,1,2,0,0,3,0,0,0,60,1,2852,2852,4,5,36,2,0,1,0,0
1251533,4,2020,2020,9,6,9,14,27,163,74,0,1,9,-33.846078,151.100685,14,0,2,0,1,0,0,0,3,0,15,50,1,5929,5929,1,22,5,2,0,1,0,0
1251535,1,2020,2020,10,6,3,515,14,294,518,0,1,3,-33.941317,150.937533,41,0,2,1,0,0,0,0,2,0,7,100,2,14295,14295,3,0,13,3,0,0,0,1
1251538,4,2020,2020,2,0,4,8,10,24,14,0,1,1,-36.910348,149.902164,5,1,0,1,0,0,0,0,2,0,7,90,1,1945,1945,5,22,40,1,0,1,0,0
1251539,4,2020,2020,10,2,10,7,10,30,34609,0,1,1,-33.265185,151.432552,16,2,2,1,2,0,0,0,0,0,7,50,0,4026,4026,1,5,5,2,0,1,0,0
1251540,2,2020,2020,9,5,10,44,1,126,34609,0,1,10,-33.93597,150.811462,41,0,2,1,1,0,0,0,0,0,0,60,0,6545,6545,4,5,5,2,0,0,2,0
1251542,2,2020,2020,2,4,8,5,27,323,34609,0,1,1,-33.749932,150.976411,71,0,2,1,1,0,0,0,2,0,7,50,0,591,591,1,22,40,2,0,0,1,0
1251544,2,2020,2020,9,6,11,45,3,33,331,0,1,2,-34.06535,150.713773,12,0,2,1,2,0,0,0,0,0,8,40,2,14295,14295,3,5,13,4,0,0,3,1
1251547,4,2020,2020,10,2,8,62,27,58,166,0,1,9,-33.228051,151.421256,16,2,2,0,1,0,0,0,2,2,7,60,2,1850,985,5,16,40,1,0,1,0,0
1251548,2,2020,2020,2,0,11,73,31,18,34609,0,1,1,-30.374943,153.101975,19,2,1,0,2,0,3,4,0,0,7,40,0,4552,5151,8,5,40,1,0,0,1,0
1251549,2,2020,2020,2,1,8,500,27,293,799,0,1,10,-33.932466,151.049496,15,0,2,1,0,0,3,4,2,3,7,60,2,1669,1669,3,0,5,2,0,0,1,0
1251552,2,2021,2021,4,6,7,82,31,363,369,0,1,10,-33.751251,150.713308,55,0,2,1,1,0,0,3,2,0,15,70,2,5929,5929,1,5,5,2,0,0,1,0
1251553,4,2020,2020,2,1,7,80,31,204,187,0,1,10,-33.879953,151.123534,32,0,2,1,1,0,0,0,2,0,15,60,2,6545,6545,4,9,19,2,0,1,0,0
1251558,4,2020,2020,2,2,6,28,31,112,34609,0,1,1,-33.914719,150.928441,41,0,2,1,0,0,0,0,2,0,7,50,0,9859,9859,8,0,40,1,0,1,0,0
1251559,2,2020,2020,2,5,9,191,17,24,189,0,1,1,-32.116348,149.184198,22,1,0,0,0,0,0,0,2,0,7,100,2,1259,5151,8,0,40,1,0,0,1,0
1251560,2,2020,2020,9,0,9,2209,17,157,2205,0,1,2,-34.017151,151.091875,68,0,2,1,0,0,0,0,2,0,7,70,2,1192,1192,1,5,5,2,0,0,1,0
1251561,4,2020,2020,2,4,7,13,27,5,13,0,1,1,-29.372587,153.36426,18,2,1,0,0,0,0,0,2,0,7,80,1,4552,5151,8,5,40,1,0,1,0,0
1251566,4,2020,2020,2,0,7,3,1,96,47,0,1,7,-33.43488,151.395832,16,2,2,1,1,0,0,0,2,1,9,60,2,591,591,1,18,0,2,0,1,0,0
1251567,4,2020,2020,2,5,7,19,31,135,34609,0,1,9,-32.907329,151.740084,48,0,2,1,1,0,0,0,2,0,7,50,0,5929,5929,1,5,19,2,0,1,0,0
1251573,1,2020,2020,10,4,4,232,36,134,331,0,1,2,-33.954018,150.832823,41,0,2,1,0,0,3,4,2,2,9,80,2,14295,14295,3,9,5,2,0,0,0,1
1251579,2,2020,2020,10,0,9,8,27,12,13,0,1,1,-33.954862,148.87186,30,1,0,0,0,0,0,3,3,0,7,100,1,4552,5151,8,10,40,1,0,0,1,0
1251581,4,2020,2020,9,5,9,1,27,25,34609,0,1,9,-31.751335,148.656816,51,1,0,0,0,2,0,0,3,0,0,110,0,1850,1463,5,5,40,1,0,1,1,0
1251582,2,2020,2020,9,3,9,2,1,12,34609,0,1,1,-32.541943,151.157668,64,2,1,0,1,0,0,0,2,0,7,50,0,1957,4009,1,5,13,3,0,0,1,0
1251584,2,2020,2020,2,1,6,55,31,78,30,0,1,9,-28.326387,153.39598,72,2,1,1,1,0,3,4,2,0,9,50,1,1220,1220,9,5,28,2,0,0,1,0
1251586,2,2020,2020,2,5,11,2209,17,11,2205,0,1,1,-34.817207,150.60808,63,2,1,1,0,0,0,0,0,0,7,80,2,41,41,8,16,40,1,0,0,1,0
1251588,2,2020,2020,9,0,6,3,1,50,34609,1,0,10,-33.226511,151.547965,16,2,2,1,0,0,0,0,2,0,15,50,0,6545,6545,4,5,12,2,0,0,1,0
1251592,4,2020,2020,2,4,10,27,27,6,34609,0,1,1,-31.898794,152.230365,43,1,0,0,0,0,3,4,0,0,7,90,0,2585,4009,8,10,40,1,0,1,0,0
1251593,2,2020,2020,10,2,2,5,27,144,34609,0,1,1,-34.06854,151.006496,68,0,2,1,2,0,0,0,0,0,7,50,0,9859,9859,1,0,13,2,0,0,1,0
1251594,4,2020,2020,10,4,8,916,17,165,917,0,1,2,-32.281604,150.901391,46,2,1,1,1,0,0,0,2,0,7,50,2,1192,1192,1,3,5,2,0,1,0,0
1251595,4,2020,2020,9,3,5,12,27,123,34609,0,1,1,-33.907381,151.221468,59,0,2,1,0,0,0,0,2,0,7,50,0,238,238,9,5,28,2,0,1,0,0
1251596,4,2020,2020,2,6,6,232,36,252,331,0,1,2,-33.956055,150.872435,41,0,2,1,3,0,0,0,2,0,7,70,2,1981,1981,4,5,35,2,0,1,0,0
1251597,2,2020,2020,9,4,8,98,31,102,34609,0,1,10,-33.943653,151.196473,4,0,2,1,3,0,3,3,2,0,15,50,0,926,926,4,0,5,2,0,0,1,0
1251599,1,2020,2020,2,1,5,127,27,48,103,0,1,10,-32.918575,151.750515,48,0,2,1,1,0,0,0,2,2,7,60,1,14295,14295,3,5,0,2,0,0,0,1
1251603,4,2020,2020,9,6,6,38,27,438,34609,0,1,1,-33.850978,151.031665,21,0,2,1,0,0,0,0,2,0,7,40,0,368,368,9,0,28,2,0,1,0,0
1251606,2,2020,2020,2,2,8,11,27,18,34609,1,0,9,-34.502536,150.808702,80,0,2,1,1,0,0,0,2,0,7,60,0,515,515,1,5,27,2,0,0,1,0
1251611,2,2020,2020,9,4,6,149,10,346,702,0,1,2,-33.884145,151.069622,67,0,2,1,3,0,0,0,2,0,7,70,2,9859,9859,8,5,40,1,0,0,1,0
1251612,1,2020,2020,2,2,5,4,31,108,34609,0,1,1,-33.307007,151.408956,16,2,2,1,3,0,3,4,2,0,7,60,0,1391,1391,1,0,5,2,0,0,0,1
1251613,1,2020,2020,2,2,9,2126,17,223,2149,0,1,10,-33.800302,150.903693,7,0,2,1,3,0,0,0,3,2,7,80,2,14295,14295,3,5,0,2,0,0,0,1
1251614,2,2020,2020,9,1,8,125,27,43,144,0,1,9,-32.811458,151.844306,57,2,1,0,3,0,0,0,2,2,7,80,2,14295,14295,3,0,5,2,0,0,1,0
1251617,2,2020,2020,10,4,4,2261,17,204,2252,0,1,1,-33.888547,151.118044,32,0,2,1,0,0,0,0,2,0,7,60,2,14295,14295,3,0,5,3,0,0,1,0
1251619,2,2020,2020,2,2,11,296,27,460,293,0,1,2,-33.845463,150.997876,21,0,2,1,2,0,3,3,0,0,7,70,2,1192,1192,1,5,5,4,0,0,2,1
1251627,4,2021,2021,4,0,1,296,27,187,293,0,1,9,-33.877246,150.980481,24,0,2,1,3,0,3,4,0,2,7,70,2,1282,1282,1,10,40,2,0,1,0,0
1251628,1,2020,2020,2,1,9,109,27,95,382,0,1,10,-33.744374,150.842662,7,0,2,1,3,0,0,0,3,2,15,60,2,623,623,3,10,5,2,0,0,0,1
1251630,1,2021,2021,4,3,5,21,1,134,34609,0,1,10,-33.515488,151.313034,16,2,2,1,3,0,0,3,2,0,0,50,0,6545,6545,4,30,5,2,0,0,0,1
1251632,1,2021,2021,4,1,4,2261,17,30,2252,0,1,2,-35.543478,147.53763,27,1,0,0,3,0,0,3,2,0,7,110,2,1957,4009,8,3,40,1,0,0,0,1
1251634,2,2020,2020,2,4,4,2209,17,68,2205,0,1,2,-34.08763,151.007549,68,0,2,1,1,0,0,0,2,0,7,60,2,1945,1945,5,22,40,1,0,0,1,0