Crash ID,Degree of crash - detailed,Reporting year,Year of crash,Month of crash,Day of week of crash,Two-hour intervals,Street of crash,Street type,Town,Route no.,School zone location,School zone active,Type of location,Latitude,Longitude,LGA,Urbanisation,Conurbation 1,Alignment,Street lighting,Road surface,Surface condition,Weather,Natural lighting,Signals operation,Other traffic control,Speed limit,Road classification,RUM - code,DCA - code,First impact type,Key TU type,Other TU type,No. of traffic units involved,No. killed,No. seriously injured,No. moderately injured,No. minor-other injured
1251639,2,2020,2020,2,5,10,283,27,253,702,0,1,10,-33.970589,151.098708,25,0,2,1,3,0,0,0,0,2,6,60,1,14295,14295,3,5,5,3,0,0,1,0
1251640,1,2020,2020,2,4,5,2209,17,115,2205,1,0,9,-34.029708,151.080614,68,0,2,1,3,0,0,0,2,2,7,70,2,1391,1391,1,0,5,2,0,0,0,1
1251641,4,2021,2020,2,5,9,1,34,3,34609,0,1,1,-35.321557,148.211223,66,1,0,0,3,2,0,6,3,0,7,100,0,404,404,8,16,40,1,0,1,0,0
1251642,1,2020,2020,2,3,7,16,31,246,12,0,1,10,-33.904073,151.2011,69,0,2,1,3,0,0,3,2,2,7,50,1,515,515,1,0,5,2,0,0,0,1
1251643,1,2020,2020,9,5,4,79,10,18,231,0,1,1,-33.473968,151.323775,16,2,2,0,3,0,0,0,2,0,7,60,2,14295,14295,3,10,0,3,0,0,0,1
1251646,2,2020,2020,2,5,6,2209,17,61,2205,0,1,1,-35.898471,150.083105,23,1,0,1,0,0,0,0,2,0,7,100,2,14295,14295,3,10,0,3,0,0,2,1
1251652,2,2020,2020,2,0,8,224,27,246,321,0,1,1,-33.916056,151.200342,69,0,2,1,1,0,0,0,2,0,7,50,2,1282,1282,1,9,19,2,0,0,1,0
1251653,4,2020,2020,5,1,7,12,27,11,34609,0,1,1,-33.917523,150.673313,41,0,2,0,1,0,0,0,2,0,7,80,0,2585,4009,8,8,40,1,0,1,0,0
1251654,4,2020,2020,2,6,9,30,31,78,34609,1,0,9,-33.858253,151.007187,21,0,2,1,2,0,0,0,0,0,7,50,0,6545,6545,4,9,0,2,0,1,0,1
1251661,2,2021,2021,4,1,6,54,27,85,49,0,1,9,-32.929582,151.730386,48,0,2,1,1,0,0,0,2,0,7,60,1,1669,1669,3,5,5,3,0,0,1,0
1251663,1,2020,2020,2,5,9,133,31,646,97,0,1,9,-33.917713,151.028442,15,0,2,1,2,0,0,0,2,0,7,60,1,5929,5929,1,5,5,2,0,0,0,1
1251671,4,2020,2020,2,6,9,27,31,73,34609,0,1,9,-33.830845,151.083997,14,0,2,0,1,0,0,0,2,0,0,50,0,1850,1463,5,16,40,1,0,1,0,0
1251672,1,2020,2020,2,2,8,109,27,204,105,1,0,9,-33.89931,150.921738,24,0,2,0,2,0,0,0,2,0,0,60,2,14295,14295,3,16,5,2,0,0,0,1
1251673,1,2020,2020,2,2,7,15,27,29,34609,0,1,7,-33.755702,151.278045,50,0,2,1,1,0,0,3,2,0,0,50,0,1945,1945,5,22,40,1,0,0,0,1
1251678,4,2020,2020,2,6,9,296,27,187,293,0,1,9,-33.888171,150.973951,24,0,2,1,1,0,3,4,3,0,7,60,2,1850,777,5,16,40,1,0,1,0,0
1251680,1,2020,2020,7,4,5,38,18,29,34609,0,1,1,-35.089344,150.611089,63,2,1,0,1,0,3,4,2,0,7,50,0,3775,3775,0,0,12,2,0,0,0,1
1251684,2,2020,2020,2,0,11,27,27,27,34609,0,1,1,-33.765785,151.289777,50,0,2,0,2,0,0,0,0,0,7,40,0,1957,4009,1,22,4,2,0,0,1,0
1251687,2,2020,2020,2,3,11,16,31,188,34609,0,1,1,-33.929609,151.096481,15,0,2,1,2,0,0,0,0,0,7,50,0,9859,9859,1,5,41,2,0,0,1,0
1251688,2,2020,2020,2,3,7,153,27,188,147,0,1,10,-33.951043,151.09294,25,0,2,1,1,0,0,0,2,0,0,60,2,6545,6545,4,5,5,2,0,0,1,0
1251691,2,2020,2020,2,5,7,65,10,132,148,0,1,1,-34.162793,151.056095,68,0,2,0,0,0,0,0,2,0,7,80,2,2585,4009,8,5,40,1,0,0,1,0
1251694,2,2020,2020,11,6,4,5,27,13,34609,0,1,1,-32.792971,151.671969,42,2,1,1,0,0,0,0,2,0,7,50,0,96,96,0,5,12,2,0,0,1,0
1251696,2,2020,2020,2,3,8,2261,17,84,2252,0,1,2,-33.891593,150.964716,24,0,2,1,1,0,0,0,2,0,7,70,2,14295,14295,3,5,0,2,0,0,1,0
1251697,4,2020,2020,9,3,0,108,31,77,34609,0,1,1,-33.86658,150.948455,24,0,2,1,2,0,3,4,0,0,7,50,0,3775,3775,0,5,5,2,0,1,1,0
1251701,1,2020,2020,9,5,4,1,27,147,34609,0,1,9,-33.754347,151.136318,36,0,2,1,1,0,0,0,2,0,7,50,0,150,150,4,5,36,2,0,0,0,1
1251702,4,2020,2020,1,6,5,2,27,18,34609,0,1,1,-28.407797,153.422057,72,2,1,1,0,2,0,0,2,0,7,50,0,1945,1945,5,16,40,1,0,1,0,0
1251704,2,2020,2020,9,4,10,2,25,130,34609,0,1,1,-34.45284,150.857172,80,0,2,1,2,0,0,0,0,0,11,60,0,9859,9859,8,10,40,1,0,0,1,0
1251705,2,2020,2020,2,6,7,89,27,4,34609,0,1,1,-32.744935,151.474305,42,2,1,1,1,0,3,4,2,0,7,80,0,623,623,3,5,0,2,0,0,2,0
1251706,4,2020,2020,5,4,5,24,27,19,34609,0,1,1,-32.919593,151.472292,17,2,1,0,0,0,0,0,2,0,7,80,0,4552,5151,8,5,40,1,0,1,0,0
1251707,4,2021,2021,4,0,4,103,36,14,103,0,1,1,-32.304512,151.915406,43,1,0,0,1,0,3,4,2,0,7,90,1,1850,1463,5,0,40,1,0,1,0,0
1251708,4,2020,2020,2,2,11,13,23,64,34609,0,1,9,-32.940679,151.709114,48,0,2,1,2,0,3,4,0,2,7,60,0,5929,5929,1,0,12,2,0,1,0,0
1251712,2,2020,2020,2,3,11,2126,17,163,2149,0,1,9,-33.866978,151.095154,14,0,2,1,2,0,3,4,0,2,8,60,2,5929,5929,1,0,5,2,0,0,2,0
1251714,4,2021,2021,4,2,10,161,17,7,161,0,1,1,-36.625509,149.744378,5,1,0,1,0,0,0,3,0,0,7,100,2,1089,1089,7,16,40,1,0,1,0,0
1251715,1,2020,2020,2,6,2,37,27,9,34609,0,1,1,-32.670514,151.700419,57,1,0,1,0,0,0,0,1,0,7,100,0,945,945,5,5,40,1,0,0,0,1
1251717,4,2020,2020,2,5,8,24,27,115,52,0,1,9,-33.912642,151.171895,32,0,2,1,1,0,0,3,2,2,7,50,1,14295,14295,3,5,13,2,0,1,1,0
1251718,2,2020,2020,9,2,9,866,17,77,793,0,1,10,-33.731363,151.080239,31,0,2,1,2,0,3,4,3,2,7,70,2,14295,14295,3,5,5,2,0,0,1,0
1251721,2,2021,2021,4,2,9,916,17,105,917,0,1,9,-32.719511,151.536296,42,2,1,1,2,0,0,3,3,2,7,60,2,5929,5929,1,5,13,2,0,0,1,1
1251722,4,2021,2021,4,0,7,2261,17,30,2252,0,1,2,-35.669157,147.421681,27,1,0,1,0,0,0,0,2,0,7,110,2,9859,9859,8,5,40,1,0,2,0,0
1251727,4,2020,2020,10,2,1,485,27,69,769,0,1,1,-33.774127,151.001178,54,0,2,1,2,0,0,0,0,0,7,60,2,1945,1945,5,5,40,1,0,1,0,0
1251729,2,2020,2020,9,5,8,16,27,25,174,1,0,10,-32.84084,151.362454,17,2,1,1,3,0,0,0,2,0,0,60,2,6545,6545,4,5,0,2,0,0,1,0
1251732,4,2020,2020,10,6,3,916,17,44,917,0,1,1,-32.062064,150.871839,73,1,0,1,1,0,0,0,2,0,7,100,2,1109,787,1,10,36,2,0,1,0,0
1251733,2,2020,2020,10,6,6,117,1,210,121,0,1,10,-34.041589,151.111651,68,0,2,1,1,0,0,0,2,2,7,60,1,5929,5929,1,0,5,2,0,0,1,0
1251734,4,2020,2020,11,6,9,12,27,53,55,0,1,9,-33.850697,150.962906,21,0,2,1,3,0,0,0,0,0,0,50,1,2852,2852,4,5,5,2,0,1,0,0
1251738,1,2020,2020,11,0,8,296,27,41,293,1,0,9,-33.86708,150.988034,24,0,2,1,3,0,3,4,2,2,7,70,2,14295,14295,3,10,5,5,0,0,0,1
1251740,2,2020,2020,10,4,4,115,27,55,114,0,1,9,-33.862824,151.27838,76,0,2,1,1,0,0,0,2,0,0,50,2,926,926,4,5,18,2,0,0,1,1
1251743,2,2020,2020,2,2,7,78,31,56,34609,0,1,1,-31.100519,152.828066,34,2,1,1,0,0,3,3,2,0,7,60,0,3775,3775,0,30,13,2,0,0,3,0
1251746,2,2020,2020,2,1,5,10,27,11,34609,0,1,1,-29.688487,152.863868,18,1,0,1,0,0,0,0,2,0,7,100,0,1945,1945,5,16,40,1,0,0,1,0
1251749,2,2020,2020,10,6,3,11,10,107,34609,0,1,1,-33.265233,151.454097,16,2,2,1,1,0,0,0,2,0,7,50,0,190,190,1,9,10,2,0,0,2,0
1251750,4,2020,2020,9,0,7,161,17,3,161,0,1,1,-36.106964,148.882693,65,1,0,0,0,0,0,0,2,0,7,100,2,4552,5151,8,16,40,1,0,1,0,0
1251752,4,2020,2020,9,1,4,5,27,44,34609,0,1,1,-32.383857,152.206693,43,1,0,0,0,0,3,4,2,0,7,100,0,4552,5151,8,10,40,1,0,1,0,0
1251753,4,2020,2020,9,6,7,14,27,57,34609,0,1,1,-33.338977,151.417633,16,2,2,1,0,0,0,0,2,0,7,50,0,4026,4026,8,21,40,1,0,1,0,0
1251755,4,2020,2020,10,3,3,12,27,56,34609,0,1,1,-32.721395,151.255839,64,2,1,0,0,0,0,0,2,0,7,80,0,2585,4009,8,5,40,1,0,1,0,0
1251759,4,2020,2020,9,0,7,2,27,6,34609,0,1,9,-33.630265,150.137152,40,2,1,0,0,0,0,0,2,0,7,80,0,782,957,5,10,40,1,0,1,0,1
1251760,4,2020,2020,10,0,11,137,27,4,39,0,1,1,-32.001079,151.007306,73,1,0,1,0,0,3,4,0,0,7,100,1,4026,4026,8,10,40,1,0,1,0,0
1251761,1,2020,2020,9,0,7,98,18,107,34609,0,1,1,-33.881058,151.195145,69,0,2,1,0,0,0,0,2,0,7,40,0,3775,3775,0,5,27,2,0,0,0,1
1251762,2,2020,2020,2,5,8,2209,17,130,2205,0,1,1,-34.466817,150.831739,80,0,2,1,3,0,0,0,2,0,7,70,1,14295,14295,3,30,0,2,0,0,1,0
1251763,4,2020,2020,10,0,8,92,27,143,34609,0,1,7,-33.88284,151.102584,9,0,2,1,0,0,0,0,2,0,0,50,0,2040,2040,9,5,28,2,0,1,0,0
1251764,4,2020,2020,2,5,0,85,31,179,34609,0,1,7,-31.898327,152.477935,43,2,1,1,2,0,0,0,0,0,0,50,0,4026,4026,8,16,40,1,0,1,0,0
1251766,1,2020,2020,10,0,4,11,36,232,34609,0,1,10,-33.688785,150.924665,71,0,2,1,0,0,0,0,2,3,7,60,0,6545,6545,4,10,36,2,0,0,0,1
1251771,2,2020,2020,9,2,11,10,31,166,34609,0,1,9,-33.894706,151.187292,69,0,2,1,2,0,0,0,0,0,7,40,0,1945,1945,5,22,40,1,0,0,1,0
1251775,1,2020,2020,2,5,8,3371,17,63,3342,0,1,9,-33.244284,151.494908,16,2,2,1,3,0,3,4,2,0,15,70,2,14295,14295,3,5,0,2,0,0,0,1
1251777,2,2020,2020,9,2,5,1,27,19,34609,0,1,1,-33.601432,150.334136,8,2,2,0,0,2,0,0,2,0,7,10,0,3775,3775,0,16,0,2,0,0,1,0
1251781,1,2021,2021,4,3,8,1,18,5,34609,0,1,1,-32.671976,149.667533,44,1,0,0,3,2,0,0,2,0,7,100,0,1259,5151,8,10,40,1,0,0,0,2
1251784,1,2020,2020,2,2,6,2126,17,445,2149,0,1,9,-33.847155,151.046187,21,0,2,1,3,0,0,0,2,2,7,60,2,14295,14295,3,0,0,2,0,0,0,1
1251793,4,2020,2020,2,4,4,135,17,65,136,0,1,9,-36.067432,146.976095,0,2,1,1,1,0,0,0,2,0,0,80,2,775,775,4,30,5,2,0,2,0,0
1251794,2,2021,2020,2,6,10,12,27,137,34609,0,1,1,-32.964933,151.700719,37,0,2,1,2,0,0,0,0,0,7,60,0,190,190,1,10,5,3,0,0,1,0
1251804,2,2020,2020,2,4,10,13,10,75,34609,0,1,7,-32.792138,151.637231,42,2,1,1,2,0,3,4,0,0,0,60,0,1109,397,1,16,0,2,0,0,1,0
1251807,2,2020,2020,2,5,4,18,24,67,34609,0,1,2,-33.71587,150.911181,7,0,2,1,0,0,0,0,2,0,7,60,0,4026,4026,8,5,40,1,0,0,1,0
1251808,2,2020,2020,2,3,7,5,10,66,34609,0,1,2,-32.932968,151.641288,37,0,2,1,3,0,2,6,2,0,7,40,0,1383,1383,1,5,0,2,0,0,1,0
1251812,2,2021,2021,4,5,3,5,1,73,34609,0,1,1,-35.148274,147.378187,75,2,1,1,0,0,0,0,2,0,7,50,0,9859,9859,8,5,40,1,0,0,1,0
1251813,4,2020,2020,10,0,2,515,14,166,518,0,1,3,-33.944474,150.982345,15,0,2,1,1,0,0,0,1,0,7,100,2,1282,1282,1,5,5,2,0,1,0,0
1251816,4,2020,2020,9,3,8,7,10,84,34609,0,1,1,-31.110915,150.893422,70,2,1,1,0,0,0,0,2,0,7,50,0,9859,9859,1,16,0,3,0,1,0,0
1251817,2,2020,2020,2,4,10,13,31,463,62,0,1,7,-30.294481,153.102874,19,2,1,1,2,2,0,0,0,0,0,50,1,1220,1220,9,33,28,2,0,0,1,0
1251818,4,2020,2020,2,4,7,20,31,174,321,0,1,9,-33.892981,151.199131,69,0,2,1,1,0,0,0,2,0,7,50,2,1220,1220,9,5,28,2,0,1,0,0
1251822,2,2020,2020,10,4,1,2126,17,22,2149,0,1,1,-33.582037,150.231466,40,2,1,0,0,0,3,4,0,0,7,60,2,4552,5151,8,5,40,1,0,0,1,0
1251829,2,2020,2020,9,6,8,72,14,73,71,0,1,3,-33.870778,151.218298,69,0,2,1,1,0,0,0,2,0,7,80,2,1383,1383,1,16,5,2,0,0,1,0
1251832,2,2020,2020,2,3,3,3,27,75,34609,0,1,1,-33.737448,150.379589,8,2,2,0,0,0,3,0,1,0,7,50,0,2585,4009,8,5,40,1,0,0,1,0
1251833,2,2020,2020,2,3,8,18,1,112,34609,0,1,10,-33.905144,151.212223,69,0,2,1,1,0,0,0,2,2,7,40,0,5929,5929,1,5,18,2,0,0,1,0
1251834,2,2020,2020,10,0,7,7,31,78,34609,0,1,2,-33.853352,151.008792,21,0,2,1,1,0,0,0,2,0,7,50,0,2040,2040,9,5,28,2,0,0,1,0
1251836,2,2020,2020,2,1,8,334,17,25,308,0,1,1,-30.87935,151.221084,70,1,0,0,0,0,3,4,2,0,7,100,2,2585,4009,8,0,40,1,0,0,1,0
1251838,1,2020,2020,2,6,7,5,22,646,34609,0,1,9,-33.917389,151.03421,15,0,2,1,3,0,0,0,2,2,7,40,0,14295,14295,3,5,5,2,0,0,0,1
1251841,1,2020,2020,2,6,8,79,10,128,231,0,1,10,-33.429535,151.3167,16,2,2,1,3,0,0,0,2,2,7,60,2,14295,14295,3,21,5,3,0,0,0,1
1251844,1,2021,2021,4,5,2,9,31,48,34609,0,1,10,-32.910467,151.742322,48,0,2,1,3,0,0,0,0,0,0,50,0,2852,2852,4,10,0,2,0,0,0,1
1251848,1,2020,2020,2,6,6,30,31,7,34609,0,1,1,-33.853251,151.180424,32,0,2,1,3,0,0,0,2,0,7,40,0,9859,9859,8,10,40,2,0,0,0,1
1251849,1,2020,2020,2,6,11,478,17,45,480,0,1,7,-33.340473,151.497127,16,2,2,1,3,0,0,0,0,0,0,50,2,14295,14295,3,0,0,2,0,0,0,1
1251850,1,2020,2020,9,0,6,15,1,225,69,0,1,9,-33.796357,151.167386,77,0,2,0,3,0,0,0,2,0,15,50,2,29,29,6,30,5,2,0,0,0,1
1251851,1,2020,2020,2,3,6,3,27,2,34609,0,1,1,-35.027199,149.52167,58,1,0,0,3,0,0,0,2,0,7,100,0,782,957,5,16,40,1,0,0,0,1
1251852,2,2021,2021,4,3,10,296,27,187,293,0,1,10,-33.881886,150.977493,15,0,2,1,3,0,0,0,0,2,7,60,2,5929,5929,1,5,5,2,0,0,1,0
1251855,2,2020,2020,2,1,9,2,31,174,34609,1,0,9,-33.874065,150.927063,24,0,2,1,3,0,0,0,3,0,7,50,0,301,301,4,33,5,2,0,0,1,0
1251860,4,2020,2020,10,2,7,1,27,149,34609,0,1,1,-33.285042,151.368737,16,2,2,0,0,2,0,0,2,0,7,40,0,1850,1463,5,22,40,1,0,1,0,0
1251873,1,2020,2020,2,4,7,149,10,346,702,0,1,2,-33.869665,151.063998,67,0,2,0,1,0,0,0,2,0,7,80,2,14295,14295,3,10,5,3,0,0,0,1
1251874,4,2020,2020,9,4,9,330,1,39,34609,0,1,9,-34.041921,150.753905,12,0,2,1,1,0,0,0,2,0,0,60,0,2852,2852,4,5,13,2,0,1,1,0
1251876,4,2020,2020,2,3,7,2126,17,60,2149,0,1,10,-33.76819,150.757915,55,0,2,1,1,0,0,0,2,2,7,80,2,14295,14295,3,5,5,2,0,1,0,0
1251878,4,2020,2020,10,0,10,6,31,204,34609,0,1,7,-33.894737,150.949158,24,0,2,1,2,0,0,0,0,0,0,50,0,6545,6545,4,16,5,2,0,1,0,0
1251879,4,2020,2020,9,0,7,109,27,137,105,0,1,9,-33.895236,150.906036,24,0,2,1,1,0,0,3,2,0,0,60,2,1669,1669,3,16,0,2,0,1,0,0
1251882,2,2020,2020,9,5,4,1052,27,219,262,0,1,2,-32.903315,151.679199,48,0,2,1,1,0,0,0,2,0,7,60,2,14295,14295,3,5,0,3,0,0,1,0
1251885,4,2020,2020,11,1,9,48,31,104,605,0,1,9,-33.829608,151.215193,49,0,2,0,2,0,0,0,0,0,7,60,2,1282,1282,1,5,19,2,0,1,0,0
1251888,4,2020,2020,2,0,4,205,27,161,415,0,1,2,-33.709679,151.174854,36,0,2,0,1,0,0,0,2,0,7,60,2,3775,3775,0,5,5,2,0,1,0,0
1251892,4,2020,2020,2,4,8,83,27,5,72,0,1,9,-28.778847,153.333461,39,1,0,1,0,0,0,0,2,0,0,100,2,775,775,4,5,0,2,0,1,0,0
1251893,2,2020,2020,2,2,7,9,27,40,79,0,1,9,-33.81088,151.21094,77,0,2,1,1,0,0,0,2,2,7,50,2,1220,1220,9,0,28,2,0,0,1,0
1251895,4,2020,2020,10,2,4,220,14,12,220,0,1,3,-34.431322,150.867869,80,0,2,1,1,0,3,4,2,0,7,100,2,1383,1383,1,5,0,2,0,2,1,0
1251896,2,2020,2020,2,0,7,512,17,562,441,0,1,9,-32.255446,148.617384,22,2,1,1,1,0,0,0,2,0,0,60,2,1391,1391,1,0,13,2,0,0,1,0
1251910,4,2020,2020,9,4,8,7,27,13,34609,0,1,9,-34.337207,150.487388,78,2,1,1,1,0,0,0,2,0,7,60,0,1945,1945,5,16,40,1,0,1,0,0
1251913,2,2020,2020,10,3,7,92,27,8,40,0,1,7,-35.765421,150.211611,23,2,1,1,0,0,0,0,2,0,0,80,1,14295,14295,3,16,19,2,0,0,1,0
1251914,4,2020,2020,9,1,6,169,27,24,61,0,1,9,-33.823292,151.172029,38,0,2,0,1,0,3,4,2,2,7,50,1,2852,2852,4,10,13,2,0,1,1,0
1251916,4,2020,2020,2,5,5,118,17,10,118,0,1,1,-29.960383,146.856339,51,2,1,1,1,0,0,0,2,0,7,50,2,941,941,1,30,32,3,0,1,0,0
1251919,2,2020,2020,10,2,8,112,27,29,769,0,1,1,-33.54097,150.633245,29,2,2,0,0,0,0,0,2,0,7,60,2,1850,1463,5,16,40,1,0,0,1,0
1251921,4,2020,2020,9,0,4,2,10,25,34609,0,1,1,-31.552799,152.849438,56,2,1,0,0,0,0,0,2,0,7,50,0,121,121,9,5,28,2,0,1,0,0
1251923,2,2020,2020,10,4,10,70,27,26,100,0,1,1,-33.672066,150.635045,8,2,2,0,0,0,0,0,0,0,7,80,2,1259,5151,8,5,40,1,0,0,1,0
1251924,4,2020,2020,10,0,7,149,36,13,113,0,1,1,-32.380117,152.365629,43,1,0,0,0,0,0,0,2,0,7,100,1,1850,1463,5,16,40,1,0,1,0,0
1251925,2,2020,2020,2,5,4,85,31,179,34609,0,1,9,-31.899372,152.468736,43,2,1,1,0,0,0,0,2,0,0,50,0,1669,1669,3,5,5,2,0,0,1,0
1251926,2,2020,2020,9,5,1,98,27,87,799,0,1,2,-33.929061,150.978224,41,0,2,1,2,0,0,0,0,0,7,70,2,14295,14295,3,16,19,2,0,0,1,1
1251927,2,2020,2020,2,4,4,40,31,219,262,0,1,2,-32.903452,151.676329,48,0,2,1,3,0,0,0,2,0,7,60,2,14295,14295,3,5,5,3,0,0,1,1
1251929,2,2020,2020,10,2,5,1,31,115,34609,0,1,1,-33.916483,151.173699,32,0,2,1,1,0,0,3,2,0,7,60,0,9859,9859,1,5,12,2,0,0,1,0
1251930,4,2020,2020,10,5,3,11,31,304,21,0,1,9,-33.904466,151.171852,32,0,2,1,0,0,0,0,2,0,7,50,1,1383,1383,1,5,19,2,0,1,0,0
1251931,2,2020,2020,9,6,10,3371,17,90,3342,0,1,2,-28.24514,153.541859,72,1,0,0,0,0,0,0,0,0,7,110,2,4552,5151,8,0,40,1,0,0,1,0
1251933,2,2020,2020,9,4,5,2209,17,22,2205,0,1,1,-36.122246,150.06845,23,1,0,0,0,0,0,0,2,0,7,100,2,4552,5151,8,0,40,1,0,0,1,0
1251934,1,2020,2020,9,6,9,12,27,18,42,0,1,1,-33.545518,150.754871,29,2,2,0,0,0,0,0,2,0,7,80,1,3775,3775,0,0,0,2,0,0,0,1
1251935,2,2020,2020,2,5,9,3,27,76,34609,0,1,1,-34.537094,150.38668,78,2,1,1,0,0,3,4,2,0,7,50,0,9859,9859,1,10,35,2,0,0,1,0
1251937,4,2020,2020,9,3,8,82,27,5,34,0,1,9,-28.528967,153.152253,51,2,1,0,0,0,0,0,2,0,7,80,1,418,714,5,16,40,1,0,1,0,0
1251939,4,2020,2020,10,3,7,56,27,173,34609,0,1,7,-33.780059,151.121659,61,0,2,1,0,0,0,0,2,0,7,50,0,312,312,2,5,40,1,0,1,0,0
1251941,1,2020,2020,10,0,11,109,36,10,108,0,1,1,-28.429167,153.47033,72,2,1,0,0,0,0,0,0,0,7,80,1,1957,4009,8,5,40,1,0,0,0,1
1251942,4,2021,2021,4,5,4,475,31,112,34609,0,1,1,-33.906384,151.206933,69,0,2,1,1,0,0,0,2,0,7,40,0,312,312,2,0,40,1,0,1,0,0
1251943,2,2020,2020,2,2,1,10,31,12,34609,1,0,9,-33.903179,151.123495,32,0,2,1,2,0,0,0,0,0,7,50,0,2585,777,1,5,4,3,0,0,1,0
1251946,4,2020,2020,9,3,6,133,31,49,34609,1,0,10,-32.993694,151.680615,37,0,2,1,1,0,0,0,2,0,9,50,0,1220,1220,9,5,26,2,0,1,0,0
1251950,4,2020,2020,2,5,8,387,27,253,34609,0,1,1,-33.967235,151.109905,25,0,2,1,1,0,0,0,2,0,7,50,0,2040,2040,9,5,28,2,0,1,0,0
1251952,4,2020,2020,2,6,6,78,27,8,228,0,1,1,-32.959184,151.133202,17,2,1,1,0,0,0,0,2,0,7,80,1,83,83,5,16,40,1,0,1,0,0
1251955,2,2020,2020,2,3,7,829,27,149,770,0,1,10,-33.865441,151.172106,32,0,2,1,1,0,0,0,2,2,7,60,2,6545,6545,4,5,18,2,0,0,1,0
1251956,4,2020,2020,2,3,5,7,27,2,34609,0,1,1,-35.180834,150.574777,63,2,1,1,1,0,0,0,2,0,7,80,0,3775,3775,0,30,0,2,0,1,1,0
1251957,4,2020,2020,10,3,9,114,27,19,65,0,1,1,-33.310008,151.256434,16,2,2,0,0,0,3,4,3,0,7,80,1,4552,5151,8,30,40,1,0,1,0,0
1251958,4,2020,2020,2,4,0,50,27,125,51,0,1,1,-33.854798,151.078189,67,0,2,1,2,0,0,0,0,0,7,50,1,1945,1945,5,16,40,1,0,1,0,0
1251959,4,2020,2020,2,5,7,47,26,201,160,0,1,9,-34.014347,150.867895,13,0,2,0,1,0,0,0,2,0,0,60,2,2852,2852,4,5,5,2,0,1,1,0
1251960,2,2020,2020,9,2,6,3371,17,44,3342,0,1,7,-30.627813,152.974319,47,2,1,0,1,0,0,0,2,0,0,60,2,4552,5151,8,16,40,1,0,0,1,0
1251961,2,2020,2020,2,0,3,1052,14,160,928,0,1,3,-33.114395,151.463289,37,0,2,1,1,0,0,0,2,0,7,110,2,1282,1282,1,34,13,2,0,0,1,0
1251964,2,2020,2020,2,6,4,47,27,18,34609,0,1,1,-35.703006,150.184652,23,2,1,0,0,0,0,0,2,0,7,50,0,1282,1282,1,5,5,2,0,0,1,0
1251965,4,2020,2020,2,6,10,5,10,25,34609,0,1,1,-31.562624,152.823952,56,2,1,0,0,0,0,0,0,0,7,80,0,273,957,5,0,40,1,0,1,1,0
1251966,2,2020,2020,2,4,5,49,27,111,62,0,1,10,-33.697339,150.887422,7,0,2,1,2,0,0,0,2,2,7,70,2,6545,6545,4,10,10,2,0,0,1,0
1251967,1,2020,2020,2,2,3,512,17,562,441,0,1,9,-32.2582,148.636986,22,2,1,1,0,0,0,0,2,0,7,70,2,14295,14295,3,0,13,2,0,0,0,1
1251968,2,2020,2020,2,5,10,27,27,47,49,0,1,10,-33.773129,151.279146,50,0,2,1,2,0,3,4,0,0,15,60,1,1945,1945,5,15,40,1,0,0,1,0
1251969,4,2020,2020,2,2,6,133,27,6,174,0,1,1,-32.879254,151.446883,17,1,0,1,0,0,0,3,2,0,7,100,2,3775,3775,0,10,5,2,0,2,0,0
1251970,4,2020,2020,2,3,7,5,10,13,34609,0,1,1,-33.131419,151.625795,37,0,2,0,0,0,0,0,2,0,7,60,0,2585,4009,8,10,40,1,0,1,0,0
1251974,4,2020,2020,2,0,3,82,27,84,181,0,1,9,-33.894664,151.268545,76,0,2,1,1,0,0,0,2,2,7,50,2,1220,1220,9,5,28,2,0,1,0,0
1251975,2,2020,2020,2,4,5,47,31,82,34609,0,1,10,-34.370317,150.899304,80,0,2,1,0,0,0,0,2,0,15,50,0,775,775,4,5,5,2,0,0,1,0
1251979,4,2020,2020,2,5,0,10,31,148,34609,0,1,1,-36.045677,146.934096,0,2,1,1,2,0,0,0,0,0,7,50,0,9859,9859,8,5,40,1,0,1,0,0
1251980,2,2020,2020,9,0,5,481,17,14,483,0,1,1,-30.714629,149.528277,51,1,0,1,0,0,0,0,2,0,7,110,2,4026,4026,8,30,40,1,0,0,1,1
1251981,4,2020,2020,10,6,4,82,31,73,34609,0,1,9,-33.8728,151.21569,69,0,2,1,0,0,0,0,2,0,0,40,0,5929,5929,1,5,18,2,0,1,0,0
1251985,2,2020,2020,9,1,7,515,14,252,518,0,1,3,-33.949867,150.884626,41,0,2,1,0,0,0,0,2,0,7,100,2,14295,14295,3,5,13,3,0,0,1,0
1251987,2,2020,2020,2,2,8,161,17,10,161,0,1,1,-35.588197,148.341239,66,2,1,0,0,0,3,4,2,0,7,60,2,3775,3775,0,10,10,2,0,0,1,1
1251991,2,2020,2020,2,4,8,3371,17,463,3342,0,1,10,-30.296177,153.113951,19,2,1,1,1,0,0,0,2,2,7,60,2,5929,5929,1,5,36,2,0,0,2,0
1251993,4,2020,2020,2,0,11,3371,17,107,3342,0,1,7,-33.271019,151.453086,16,2,2,0,3,0,3,4,0,0,0,70,2,4552,985,8,5,40,1,0,1,0,0
1251996,1,2020,2020,2,6,7,225,17,4,180,0,1,1,-34.561745,150.633467,78,2,1,0,3,0,3,4,2,0,7,80,2,4552,5151,8,5,40,1,0,0,0,1
1252000,1,2020,2020,2,5,8,177,22,210,176,0,1,10,-34.034684,151.10685,68,0,2,1,3,0,0,0,2,0,7,60,2,6545,6545,4,5,5,2,0,0,0,1