Crash ID,Degree of crash - detailed,Reporting year,Year of crash,Month of crash,Day of week of crash,Two-hour intervals,Street of crash,Street type,Town,Route no.,School zone location,School zone active,Type of location,Latitude,Longitude,LGA,Urbanisation,Conurbation 1,Alignment,Street lighting,Road surface,Surface condition,Weather,Natural lighting,Signals operation,Other traffic control,Speed limit,Road classification,RUM - code,DCA - code,First impact type,Key TU type,Other TU type,No. of traffic units involved,No. killed,No. seriously injured,No. moderately injured,No. minor-other injured
1252005,4,2020,2020,10,0,9,18,27,251,13,1,0,1,-33.779951,150.939444,7,0,2,0,2,0,0,0,0,0,7,60,1,3775,3775,0,5,5,2,0,1,2,0
1252007,1,2020,2020,2,6,10,8,31,290,34609,0,1,1,-33.952903,151.131679,4,0,2,1,3,0,0,0,0,0,7,50,0,14295,14295,3,5,5,2,0,0,0,2
1252008,4,2020,2020,2,4,7,500,27,293,799,0,1,10,-33.932463,151.049519,15,0,2,1,3,0,0,0,2,2,7,60,2,14295,14295,3,5,0,2,0,1,0,0
1252019,2,2020,2020,2,4,0,165,31,532,16,0,1,10,-33.874367,151.206803,69,0,2,1,3,0,2,6,0,2,7,40,1,1220,1220,9,0,28,2,0,0,1,0
1252021,4,2020,2020,9,3,7,1,27,2,34609,0,1,1,-37.000678,149.613812,5,2,1,0,0,2,3,0,2,0,7,60,0,380,714,5,0,40,1,0,1,0,0
1252023,4,2020,2020,1,2,8,22,10,13,13,0,1,7,-33.868217,151.141768,14,0,2,1,1,0,0,0,3,0,0,50,1,926,926,4,22,13,2,0,1,0,0
1252024,4,2020,2020,9,0,6,90,36,4,102,0,1,1,-34.468834,147.753536,51,1,0,1,0,0,0,0,2,0,7,100,2,4026,4026,8,30,40,1,0,1,1,0
1252025,2,2020,2020,2,2,0,35,27,120,34609,0,1,1,-33.759649,150.870134,7,0,2,1,2,0,0,0,0,0,7,50,0,1282,1282,1,16,0,2,0,0,1,0
1252029,2,2020,2020,10,0,3,9,27,3,34609,0,1,1,-32.682634,151.754439,57,2,1,0,1,0,0,0,2,0,7,80,0,4552,5151,8,5,40,1,0,0,1,0
1252031,4,2020,2020,9,5,3,30,31,169,769,0,1,2,-33.598985,150.751448,29,2,2,1,1,0,0,0,2,0,7,60,2,3775,3775,0,10,5,4,0,2,2,0
1252033,1,2020,2020,2,0,8,110,27,445,40,0,1,9,-33.848724,151.054688,54,0,2,1,0,0,0,0,2,0,0,60,1,14295,14295,3,5,5,3,0,0,0,1
1252034,1,2020,2020,2,5,7,17,31,117,34609,0,1,9,-28.175559,153.540241,72,2,1,1,1,0,0,0,2,0,7,50,0,57,57,1,5,5,3,0,0,0,1
1252035,4,2020,2020,9,1,5,4,27,6,34609,0,1,1,-34.431659,150.134051,78,2,1,0,0,2,0,0,2,0,7,80,0,2585,4009,8,5,40,1,0,1,0,0
1252037,4,2020,2020,9,5,5,18,27,13,34609,0,1,1,-32.461596,152.096244,43,1,0,0,0,0,0,0,2,0,7,90,0,2585,4009,8,16,40,1,0,1,0,0
1252038,4,2020,2020,2,3,5,18,27,24,34609,0,1,1,-32.457494,152.123036,43,2,1,0,0,0,0,0,2,0,7,80,0,3775,3775,0,16,13,2,0,1,0,0
1252040,2,2020,2020,2,0,6,512,17,433,441,0,1,2,-33.283424,149.098409,52,2,1,1,2,0,0,0,2,0,7,50,2,9859,9859,8,0,40,1,0,0,1,0
1252041,4,2020,2020,9,1,7,169,27,24,61,0,1,11,-33.823292,151.172029,38,0,2,0,1,0,0,0,2,2,7,50,1,2852,2852,4,5,0,2,0,1,0,0
1252042,2,2020,2020,9,6,6,346,17,12,332,0,1,1,-28.878003,152.769018,51,1,0,1,0,0,0,0,2,0,7,100,2,3775,3775,0,5,10,2,0,0,1,1
1252048,1,2020,2020,2,0,9,35,31,532,34609,0,1,5,-33.864289,151.205516,69,0,2,1,2,0,0,0,3,2,7,40,0,1282,1282,1,5,5,3,0,0,0,1
1252049,2,2020,2020,2,5,8,15,31,169,147,0,1,2,-28.645124,153.612614,10,2,1,1,1,0,3,4,2,0,7,50,1,9859,9859,1,0,5,3,0,0,1,0
1252051,2,2020,2020,2,6,8,56,23,64,144,0,1,2,-33.888111,151.091475,67,0,2,1,3,0,0,0,2,0,7,60,2,1383,1383,1,5,5,2,0,0,1,0
1252053,2,2020,2020,10,6,6,1,27,11,34609,0,1,1,-34.639604,148.644289,82,1,0,0,3,0,0,0,2,0,7,100,0,4552,5151,8,10,40,1,0,0,1,0
1252055,2,2020,2020,9,1,8,4,1,102,34609,0,1,1,-33.95685,151.236002,59,0,2,1,0,0,0,0,2,0,7,50,0,9859,9859,1,5,5,2,0,0,1,0
1252056,2,2021,2021,4,4,2,8,10,16,34609,0,1,1,-33.373176,149.564994,3,2,1,0,3,0,3,4,1,0,7,80,0,1259,5151,8,34,40,1,0,0,1,0
1252060,2,2021,2021,4,4,7,15,1,363,16,0,1,9,-33.746929,150.71323,55,0,2,1,3,0,3,3,2,0,7,50,1,14295,14295,3,5,5,3,0,0,1,0
1252063,4,2021,2021,4,1,8,1,31,48,34609,0,1,9,-32.719528,152.158451,57,2,1,1,1,0,0,0,2,0,0,50,0,2852,2852,4,5,0,2,0,1,0,0
1252064,1,2020,2020,2,5,4,3371,17,58,3342,0,1,2,-32.789867,151.72574,57,2,1,1,0,0,0,3,2,0,7,80,2,515,515,1,8,13,2,0,0,0,1
1252065,4,2020,2020,2,0,4,4,27,12,34609,0,1,1,-35.977435,146.810617,27,2,1,0,0,0,0,0,2,0,7,60,0,1259,5151,8,5,40,1,0,1,0,0
1252067,2,2021,2021,4,5,8,14,27,157,14,0,1,9,-33.802287,151.006825,54,0,2,1,3,0,0,0,2,0,0,60,1,5929,5929,1,5,5,2,0,0,1,0
1252068,1,2021,2021,4,6,4,76,27,69,148,0,1,9,-32.937461,151.746163,48,0,2,1,3,0,0,0,2,0,7,60,1,14295,14295,3,5,5,2,0,0,0,1
1252069,2,2021,2021,4,4,8,133,27,316,34609,0,1,1,-31.448779,152.892834,56,2,1,1,3,0,0,0,2,0,7,50,0,14295,14295,3,0,0,3,0,0,1,0
1252070,1,2021,2021,4,5,7,280,10,162,82,0,1,10,-33.850906,150.918076,24,0,2,1,3,0,0,0,2,2,7,60,1,14295,14295,3,9,0,2,0,0,0,1
1252071,2,2021,2021,4,5,7,1,25,32,34609,0,1,1,-33.754636,150.820916,7,0,2,0,3,0,0,0,2,0,7,50,0,4552,5151,8,16,40,1,0,0,1,0
1252072,2,2020,2020,2,6,8,14,10,316,34609,0,1,2,-31.453892,152.874794,56,2,1,1,3,0,0,0,2,0,7,50,0,14295,14295,3,9,5,3,0,0,1,1
1252074,4,2020,2020,2,4,5,15,4,76,34609,0,1,1,-33.909699,150.857634,41,0,2,1,1,2,0,0,2,0,7,50,0,340,340,9,0,28,2,0,1,0,0
1252080,4,2020,2020,9,4,9,3,27,9,34609,0,1,1,-28.616906,153.426508,10,1,0,0,0,0,0,0,2,0,7,100,0,83,83,5,30,40,1,0,1,0,0
1252081,4,2020,2020,9,6,4,53,36,18,95,0,1,1,-33.267779,149.025489,11,1,0,1,0,0,0,0,2,0,7,100,2,4026,4026,8,10,40,2,0,1,1,0
1252083,2,2021,2021,4,1,8,3371,17,117,3342,0,1,7,-28.185919,153.525273,72,2,1,1,0,0,0,0,2,0,15,60,2,14295,14295,3,5,0,2,0,0,1,0
1252084,2,2021,2021,4,5,9,2,31,98,34609,0,1,10,-30.986564,150.248739,51,2,1,1,1,0,0,0,2,0,0,50,0,6545,6545,4,5,5,2,0,0,1,2
1252085,1,2020,2020,9,6,4,229,14,173,237,0,1,3,-33.768327,151.115195,61,0,2,1,3,0,0,0,2,0,7,100,2,14295,14295,3,0,0,2,0,0,0,1
1252089,2,2020,2020,2,0,7,39,27,19,51,0,1,1,-33.652662,151.04279,31,0,2,0,1,0,3,3,2,0,7,60,2,14295,14295,3,34,25,2,0,0,1,0
1252090,1,2020,2020,9,4,5,60,27,253,331,0,1,1,-33.963101,151.103482,25,0,2,1,3,0,0,0,2,0,7,60,2,3775,3775,0,5,5,2,0,0,0,1
1252093,4,2020,2020,2,5,4,1052,14,101,928,0,1,3,-32.881787,151.607294,37,0,2,1,0,0,0,0,2,0,7,110,2,475,475,5,30,40,1,0,1,0,0
1252096,2,2021,2021,4,1,1,2209,17,24,2205,0,1,1,-36.252909,150.137591,23,1,0,1,0,0,3,1,0,0,7,100,2,404,404,8,0,40,1,0,0,1,0
1252099,4,2021,2021,4,2,6,16,31,197,34609,0,1,1,-33.792181,151.113375,61,0,2,1,3,0,0,0,2,0,7,50,0,489,489,8,5,40,1,0,1,0,0
1252109,1,2020,2020,2,4,5,348,31,532,34609,0,1,10,-33.870738,151.209467,69,0,2,1,2,0,0,0,2,2,9,40,0,2040,2040,9,5,28,2,0,0,0,1
1252111,4,2020,2020,2,5,3,6,36,11,118,0,1,1,-30.634664,150.672732,70,1,0,1,0,0,0,0,2,0,7,100,2,945,945,5,5,40,1,0,1,0,0
1252112,4,2020,2020,2,4,10,7,27,61,34609,0,1,1,-33.830512,150.66022,55,0,2,1,0,0,3,4,0,0,7,60,0,1089,1089,7,5,40,1,0,1,0,0
1252113,2,2020,2020,2,4,8,133,10,2,121,0,1,1,-31.638219,152.789197,56,2,1,1,1,0,0,3,2,0,7,50,1,3775,3775,0,5,22,2,0,0,1,0
1252115,2,2020,2020,9,1,6,24,31,237,44,0,1,9,-33.874897,150.954041,24,0,2,1,1,0,0,0,2,2,7,60,1,5929,5929,1,5,5,2,0,0,1,0
1252119,2,2020,2020,2,6,2,79,10,15,231,0,1,1,-33.452565,151.317396,16,2,2,1,2,0,0,0,1,0,7,70,2,3775,3775,0,30,5,2,0,0,1,0
1252121,2,2021,2021,4,0,5,82,27,9,103,0,1,9,-28.487207,153.218472,72,2,1,0,0,0,3,4,2,0,15,80,1,2852,2852,4,5,0,2,0,0,1,0
1252122,4,2020,2020,10,6,8,39,27,293,91,0,1,2,-33.948325,151.25116,59,0,2,0,1,0,0,0,2,0,7,60,1,623,623,3,22,0,2,0,1,0,0
1252124,4,2020,2020,2,3,0,1052,14,57,928,0,1,6,-33.678905,151.11914,31,0,2,0,2,0,0,0,0,0,7,60,2,2585,4009,8,5,40,1,0,1,0,0
1252127,2,2020,2020,2,3,4,71,17,61,71,0,1,1,-35.527162,144.967409,51,2,1,0,1,0,0,0,2,0,7,50,2,1192,1192,1,0,27,2,0,0,1,0
1252130,1,2020,2020,2,2,7,1,27,5,34609,0,1,1,-35.390861,149.401433,58,2,1,0,0,0,0,0,2,0,7,80,0,1259,5151,8,5,40,1,0,0,0,1
1252131,2,2020,2020,2,0,8,10,31,155,95,0,1,1,-33.141032,148.177298,53,2,1,0,1,0,0,0,2,0,7,50,2,1669,1669,3,10,13,2,0,0,1,0
1252135,4,2020,2020,5,6,8,78,17,39,75,0,1,8,-33.850222,151.211913,49,0,2,1,0,0,0,3,0,0,7,70,2,1282,1282,1,33,19,2,0,1,0,0
1252136,2,2020,2020,9,0,6,4,31,42,34609,0,1,1,-35.997853,146.391212,51,2,1,1,1,0,0,0,2,0,7,50,0,9859,9859,1,5,5,4,0,0,1,0
1252137,1,2020,2020,11,2,3,330,23,35,39,0,1,9,-33.9698,151.241551,59,0,2,0,1,0,0,0,2,0,15,60,2,6545,6545,4,5,27,2,0,0,0,1
1252139,4,2021,2021,4,5,5,515,14,189,518,0,1,8,-33.942061,151.048355,15,0,2,1,0,0,0,0,2,0,7,100,2,14295,14295,3,5,5,2,0,1,0,0
1252140,4,2020,2020,2,5,8,53,27,155,51,0,1,1,-33.498556,151.319566,16,2,2,1,1,0,0,0,2,0,7,60,1,9859,9859,1,5,5,3,0,1,1,0
1252143,4,2020,2020,2,4,7,23,31,197,34609,0,1,7,-33.948098,151.085078,25,0,2,1,2,0,0,6,2,0,7,50,0,9859,9859,8,16,40,1,0,1,0,0
1252144,4,2021,2021,4,1,9,31,24,173,36,0,1,10,-33.735918,151.100078,36,0,2,1,1,0,0,0,2,2,7,60,1,6545,6545,4,22,5,2,0,1,0,0
1252145,4,2021,2021,4,4,11,135,17,18,136,0,1,9,-36.079312,146.888639,0,2,1,1,2,0,0,0,0,0,7,60,2,9859,9859,8,5,40,1,0,1,0,0
1252146,4,2021,2021,4,2,3,106,27,523,106,0,1,9,-33.927586,150.908539,41,0,2,1,0,0,0,0,2,2,7,60,2,2852,2852,4,0,5,2,0,1,0,0
1252149,4,2020,2020,9,5,6,3,27,40,34609,0,1,1,-33.812948,151.211839,77,0,2,1,1,0,0,0,2,0,7,50,0,237,162,8,5,40,1,0,1,0,0
1252153,2,2020,2020,2,5,4,348,17,25,232,0,1,1,-32.926147,149.850801,44,1,0,1,0,0,0,3,2,0,7,100,2,3775,3775,0,5,2,2,0,0,1,0
1252154,2,2020,2020,2,3,9,109,27,169,382,0,1,1,-33.780612,150.850841,7,0,2,1,1,0,0,0,2,0,7,60,2,1192,1192,1,5,0,2,0,0,1,0
1252155,1,2021,2021,4,2,5,4,27,2,31,0,1,1,-36.078682,149.529145,65,1,0,1,0,2,0,0,2,0,7,100,1,9859,9859,8,30,40,1,0,0,0,1
1252156,2,2020,2020,2,4,6,177,31,314,208,0,1,10,-33.861977,150.93895,24,0,2,1,1,0,0,0,2,2,7,60,1,5929,5929,1,0,5,2,0,0,1,0
1252158,2,2020,2020,2,6,6,2209,17,204,2205,0,1,10,-33.94207,151.144454,4,0,2,1,1,0,0,0,2,0,0,60,2,6545,6545,4,5,0,2,0,0,2,0
1252160,1,2020,2020,2,0,3,27,27,54,65,0,1,1,-33.693677,150.972927,71,0,2,0,0,0,0,0,2,0,7,60,1,14295,14295,3,0,27,2,0,0,0,1
1252161,1,2021,2021,4,2,6,3371,17,44,3342,0,1,2,-32.419769,152.214276,43,1,0,0,1,0,3,4,2,0,7,110,2,1259,5151,8,30,40,1,0,0,0,1
1252162,2,2020,2020,9,4,8,1,31,363,34609,0,1,1,-33.730559,150.691597,55,0,2,1,1,0,0,0,2,0,7,50,0,1981,1981,4,30,19,2,0,0,1,0
1252163,1,2021,2021,4,2,0,1,27,463,34609,0,1,1,-30.271541,153.134016,19,2,1,1,0,0,3,4,0,0,7,50,0,945,945,5,5,40,1,0,0,0,1
1252165,2,2020,2020,2,1,10,62,10,122,62,0,1,1,-33.430422,151.34252,16,2,2,0,2,0,0,0,0,0,7,50,2,2585,4009,1,5,5,3,0,0,1,0
1252167,4,2021,2021,4,5,11,1104,14,104,962,0,1,3,-33.785576,150.779223,55,0,2,1,0,0,3,0,0,0,7,110,2,1383,1383,1,33,5,2,0,1,0,0
1252169,4,2020,2020,2,4,9,165,31,179,34609,0,1,1,-33.759917,150.731051,55,0,2,1,1,0,0,0,3,0,7,50,0,1981,1981,4,5,27,2,0,1,0,0
1252171,2,2021,2021,4,4,5,2209,17,55,2205,0,1,9,-35.719585,150.175807,23,2,1,1,1,0,0,3,2,0,7,70,2,5929,5929,1,5,0,2,0,0,1,0
1252172,2,2021,2021,4,4,7,7,18,3,34609,0,1,1,-34.022658,150.686601,12,0,2,1,0,0,0,3,2,0,7,60,0,9859,9859,8,16,40,1,0,0,1,0
1252175,4,2020,2020,9,2,5,7,27,10,34609,0,1,1,-31.072528,152.963231,34,2,1,1,0,0,0,0,2,0,7,80,0,4026,4026,8,5,40,1,0,1,0,1
1252176,2,2021,2021,4,3,3,294,17,215,288,1,0,10,-35.118468,147.365873,75,2,1,1,1,0,0,0,2,2,7,60,2,6545,6545,4,34,5,2,0,0,1,0
1252179,2,2021,2021,4,2,5,98,27,87,799,0,1,9,-33.928753,150.9777,41,0,2,1,1,0,0,0,2,0,0,70,2,5929,5929,1,5,5,2,0,0,2,0
1252183,2,2021,2021,4,0,6,1,18,117,34609,1,0,9,-28.169581,153.542148,72,2,1,1,1,0,3,4,2,0,9,50,0,2040,2040,9,9,28,2,0,0,1,0
1252189,2,2021,2021,4,1,11,15,27,18,46,0,1,1,-34.940997,150.711537,63,1,0,1,0,0,3,4,0,0,7,100,1,9859,9859,8,5,40,1,0,0,1,0
1252190,2,2021,2021,4,0,7,89,36,96,34,0,1,1,-33.409859,147.871174,51,1,0,1,0,0,0,0,2,0,7,100,1,9859,9859,8,29,40,1,0,0,1,0
1252191,4,2020,2020,2,2,8,1104,14,71,962,0,1,3,-33.783887,150.695325,55,0,2,1,0,0,3,4,2,0,7,80,2,14295,14295,3,5,0,2,0,1,0,0
1252192,4,2020,2020,2,5,8,346,17,87,332,0,1,7,-28.810868,153.302247,39,2,1,1,1,0,0,0,2,0,0,60,2,6545,6545,4,5,19,2,0,1,0,0
1252195,4,2020,2020,10,3,3,118,17,15,118,0,1,1,-31.182853,150.341881,51,1,0,1,0,0,3,3,2,0,7,110,2,4026,4026,8,10,40,1,0,2,0,0
1252197,2,2020,2020,9,2,3,28,3,29,117,0,1,2,-32.881982,151.697103,48,0,2,0,1,0,0,0,2,0,7,90,2,1192,1192,1,5,27,3,0,0,1,1
1252200,2,2020,2020,2,4,10,71,31,78,125,0,1,9,-33.853691,151.011597,21,0,2,1,1,0,0,0,3,0,15,60,1,6545,6545,4,5,5,2,0,0,3,0
1252201,4,2020,2020,2,1,8,97,27,166,799,0,1,2,-33.929405,150.979803,15,0,2,1,1,0,3,4,2,0,7,70,2,1383,1383,1,33,18,2,0,1,0,0
1252202,2,2020,2020,9,5,11,2261,27,8,34609,0,1,1,-35.753941,150.207385,23,2,1,1,2,0,0,0,0,0,7,50,0,312,312,2,10,40,1,0,0,1,0
1252203,4,2020,2020,9,3,7,8,10,38,34609,0,1,1,-32.737602,151.885028,57,2,1,1,1,0,0,0,2,0,7,50,0,2040,2040,9,16,28,3,0,2,0,0
1252204,2,2020,2020,9,2,5,1,31,188,34609,0,1,1,-33.936935,151.102479,15,0,2,1,1,0,0,0,2,0,7,50,0,1945,1945,5,22,40,2,0,0,1,0
1252205,2,2020,2020,2,0,8,10,31,155,34609,0,1,9,-33.129488,148.165021,53,2,1,1,1,0,0,0,2,0,7,50,0,6545,6545,4,0,25,2,0,0,4,0
1252206,4,2020,2020,2,6,9,34,27,6,83,0,1,1,-29.560285,153.074114,18,1,0,1,0,0,0,0,2,0,7,100,1,4026,4026,8,5,40,1,0,1,0,0
1252208,2,2020,2020,2,5,4,2126,17,166,2149,0,1,10,-33.415186,149.572997,3,2,1,1,1,0,0,3,2,2,7,60,2,2852,2852,4,0,13,2,0,0,3,0
1252209,4,2020,2020,9,2,7,334,17,21,308,0,1,1,-31.433885,152.2052,56,1,0,0,0,0,0,0,2,0,7,100,2,2585,4009,8,16,40,1,0,1,0,0
1252210,4,2020,2020,2,2,10,113,27,218,111,0,1,9,-33.780583,150.771711,55,0,2,1,2,0,3,4,3,2,7,60,2,2852,2852,4,21,5,2,0,1,0,0
1252212,2,2020,2020,2,4,6,22,23,175,34609,0,1,1,-33.773663,151.059561,54,0,2,1,1,0,0,0,2,0,7,50,0,1282,1282,1,5,40,1,0,0,1,0
1252214,4,2020,2020,10,3,7,168,17,18,212,0,1,1,-35.583975,150.054845,23,2,1,0,0,0,0,3,2,0,7,70,2,3775,3775,0,34,0,3,0,1,2,1
1252216,4,2020,2020,10,0,8,9,31,609,48,0,1,9,-33.763439,150.893353,7,0,2,1,0,0,0,0,2,2,7,60,1,5929,5929,1,5,40,3,0,1,0,0
1252217,1,2020,2020,9,6,8,23,27,53,36,0,1,1,-35.181635,149.283459,58,1,0,1,0,0,0,0,2,0,7,90,1,96,96,0,5,22,2,0,0,0,2
1252219,4,2020,2020,9,4,7,2,27,78,34609,0,1,9,-33.419825,151.444123,16,2,2,1,1,0,3,4,2,0,15,50,0,2040,2040,9,0,28,2,0,1,1,0
1252220,4,2020,2020,9,2,5,42,27,10,34609,0,1,1,-31.572234,151.261901,70,2,1,0,0,2,0,0,2,0,7,80,0,1850,1463,5,16,40,1,0,1,0,0
1252221,1,2020,2020,9,4,6,105,17,251,136,0,1,10,-33.776838,150.933274,7,0,2,1,1,0,0,0,2,3,7,60,2,14295,14295,3,5,5,3,0,0,0,1
1252222,2,2020,2020,9,1,5,30,27,39,93,0,1,2,-33.753577,150.92861,7,0,2,0,1,0,3,4,2,0,7,60,1,1259,5151,8,5,40,1,0,0,1,0
1252223,2,2020,2020,10,6,10,27,31,61,34609,0,1,9,-29.741796,151.725344,51,2,1,1,2,0,3,0,0,0,0,50,0,4552,985,1,30,5,3,0,0,1,0
1252224,4,2020,2020,10,6,9,478,17,50,480,0,1,1,-33.258683,151.560969,16,2,2,1,0,0,0,0,0,0,7,60,2,3775,3775,0,5,0,2,0,1,0,0
1252226,2,2020,2020,9,6,8,84,27,147,415,0,1,9,-33.757635,151.137588,36,0,2,1,0,0,0,0,2,0,0,70,2,775,775,4,9,27,2,0,0,1,0
1252227,2,2020,2020,2,6,1,145,31,64,34609,0,1,1,-33.479498,150.161697,40,2,1,0,0,0,0,0,0,0,7,50,0,4552,5151,8,0,40,1,0,0,1,0
1252229,2,2021,2021,4,3,8,161,17,11,161,0,1,1,-35.883976,148.506009,65,2,1,0,0,0,3,4,2,0,7,80,2,4552,5151,8,0,40,1,0,0,1,0
1252231,1,2020,2020,2,4,11,84,27,20,34609,0,1,7,-33.937363,150.851746,41,0,2,0,3,0,0,0,0,0,7,50,0,301,301,4,5,0,2,0,0,0,1
1252232,1,2021,2021,4,1,8,1104,14,247,962,0,1,3,-33.8136,150.952843,21,0,2,1,3,0,0,0,2,0,7,90,2,14295,14295,3,0,5,2,0,0,0,1
1252235,1,2021,2021,4,1,8,7,27,562,34609,0,1,1,-32.208088,148.619119,22,1,0,1,3,0,0,0,2,0,11,90,0,14295,14295,3,5,0,2,0,0,0,1
1252236,2,2021,2021,4,0,4,3371,17,139,3342,0,1,11,-33.837177,151.209831,49,0,2,0,3,0,3,4,2,0,7,40,2,395,395,1,9,13,2,0,0,1,0
1252237,4,2020,2020,9,2,1,515,14,271,518,0,1,3,-33.941099,151.003808,15,0,2,1,2,0,0,0,0,0,7,100,2,1192,1192,1,5,5,2,0,1,0,0
1252238,4,2020,2020,9,3,5,77,27,16,58,0,1,1,-34.800153,150.570257,63,2,1,0,0,0,0,0,2,0,7,60,2,4552,5151,8,16,40,1,0,1,0,0
1252242,2,2020,2020,9,5,0,1,1,25,34609,0,1,1,-33.748947,150.806338,7,0,2,0,2,0,0,0,0,0,7,50,0,1259,5151,8,5,40,1,0,0,1,0
1252245,2,2020,2020,2,0,5,1,30,252,34609,0,1,1,-33.947137,150.873726,41,0,2,1,0,0,0,0,2,0,7,50,0,3775,3775,0,0,0,2,0,0,1,0
1252254,2,2021,2021,4,3,8,220,27,66,222,0,1,10,-33.712047,150.933509,7,0,2,1,1,0,0,0,2,2,7,80,2,14295,14295,3,10,5,2,0,0,1,0
1252255,4,2020,2020,2,3,9,6,10,44,34609,0,1,1,-33.212169,151.505606,16,2,2,1,1,0,0,0,2,0,7,50,0,14295,14295,3,5,0,3,0,1,0,0
1252258,2,2020,2020,9,5,10,3371,17,18,3342,0,1,9,-33.006095,151.685076,37,0,2,0,2,0,0,0,0,2,14,80,2,14295,14295,3,5,5,3,0,0,3,0
1252259,4,2020,2020,9,4,9,13,31,14,34609,0,1,1,-33.724067,151.126922,36,0,2,1,1,0,0,0,2,0,7,50,0,1945,1945,5,16,40,1,0,1,0,0
1252261,4,2020,2020,2,1,7,224,27,246,321,0,1,10,-33.901489,151.201136,69,0,2,1,1,0,0,0,2,2,9,50,2,1220,1220,9,5,28,2,0,1,0,0
1252262,2,2021,2021,4,4,5,46,31,201,34609,1,0,10,-34.873986,150.59825,63,2,1,1,3,0,0,0,2,0,15,50,0,5929,5929,1,5,0,2,0,0,1,0
1252264,1,2021,2021,4,6,3,54,31,28,62,0,1,1,-33.797545,151.197787,77,0,2,1,3,0,0,0,2,0,7,60,2,14295,14295,3,5,5,2,0,0,0,1
1252266,1,2020,2020,2,0,5,2,31,62,34609,0,1,9,-33.891684,151.136917,32,0,2,1,3,0,0,0,2,0,7,40,0,1391,1391,1,5,0,2,0,0,0,1
1252271,1,2020,2020,2,5,1,16,36,54,43,0,1,1,-28.51394,153.529804,10,2,1,1,0,0,0,0,0,0,7,50,1,3775,3775,0,30,5,2,0,0,0,1
1252272,2,2021,2021,4,2,10,15,27,14,46,0,1,1,-34.926518,150.691854,63,2,1,0,3,0,3,4,0,0,7,80,1,2585,4009,8,9,40,1,0,0,1,0
1252275,2,2021,2021,4,6,7,866,17,204,793,0,1,10,-33.893167,150.922492,24,0,2,1,3,0,0,0,2,2,7,70,2,14295,14295,3,5,12,2,0,0,1,0
1252280,1,2021,2021,4,1,11,21,27,18,26,0,1,7,-34.055642,150.810304,13,0,2,0,3,0,0,0,0,0,0,50,1,5929,5929,1,21,5,2,0,0,0,1
1252282,4,2020,2020,2,5,3,171,1,387,104,0,1,10,-33.934164,151.1972,4,0,2,1,1,0,0,0,2,0,0,60,2,5929,5929,1,10,5,2,0,1,1,0
1252283,2,2020,2020,2,4,8,1,1,3,34609,0,1,1,-35.101413,150.686921,63,2,1,1,1,0,0,0,2,0,7,50,0,945,945,5,5,40,1,0,0,1,1
1252285,2,2020,2020,2,5,5,67,36,62,2149,1,0,9,-33.737786,150.605113,8,2,2,0,0,0,3,4,2,2,7,60,2,1850,777,5,15,40,1,0,0,1,0
1252287,2,2020,2020,10,3,11,1,10,562,34609,0,1,1,-32.244742,148.650795,22,2,1,1,0,0,0,0,0,0,7,50,0,4026,4026,8,10,40,1,0,0,1,0
1252290,2,2021,2021,4,5,11,25,27,54,34609,0,1,1,-33.627977,150.890399,29,2,2,0,0,0,0,3,0,0,7,70,0,2585,4009,8,0,40,1,0,0,1,1
1252292,4,2020,2020,9,0,4,35,27,8,49,0,1,1,-31.294105,150.667537,51,1,0,0,0,0,0,0,2,0,7,100,1,2585,4009,8,29,40,1,0,1,0,0
1252293,1,2020,2020,11,3,8,2126,17,438,2149,1,0,1,-33.842787,151.038645,21,0,2,1,3,0,0,0,2,0,7,60,2,1383,1383,1,21,5,2,0,0,0,1
1252294,2,2020,2020,10,4,9,72,27,121,102,0,1,1,-33.795907,151.279223,50,0,2,0,0,0,0,0,3,0,7,60,2,14295,14295,3,16,0,2,0,0,1,0
1252301,4,2020,2020,10,5,8,3,27,9,34609,0,1,1,-30.267671,153.007126,19,2,1,1,0,0,3,4,2,0,7,80,0,3775,3775,0,5,0,2,0,3,0,0
1252303,1,2020,2020,9,5,10,104,27,443,702,0,1,9,-33.912613,151.063252,15,0,2,1,3,0,0,0,0,0,7,70,2,96,96,0,5,0,2,0,0,0,1
1252305,1,2020,2020,2,0,8,98,27,294,198,0,1,2,-33.92771,150.930051,41,0,2,1,3,0,0,0,2,0,7,60,2,14295,14295,3,5,5,2,0,0,0,1
1252306,1,2020,2020,2,5,5,866,17,98,793,0,1,9,-33.739515,151.066375,31,0,2,0,3,0,3,4,2,2,7,70,2,5929,5929,1,0,35,2,0,0,0,1
1252308,2,2020,2020,10,6,3,71,36,23,11,0,1,1,-31.576515,145.892644,51,1,0,1,0,0,0,0,2,0,7,100,2,945,945,5,26,40,1,0,0,1,0
1252309,2,2020,2020,2,5,8,95,31,463,32,0,1,1,-30.280905,153.132633,19,2,1,1,3,0,0,0,3,0,7,60,1,1981,1981,4,5,5,2,0,0,1,0
1252311,2,2020,2020,2,6,9,105,17,223,136,0,1,9,-33.79935,150.917147,7,0,2,1,3,0,0,0,2,0,7,60,2,4552,985,8,9,40,1,0,0,1,0
1252314,1,2021,2021,4,6,7,77,27,314,38,0,1,1,-33.833875,150.924884,21,0,2,0,3,0,0,0,2,0,7,60,2,1391,1391,1,30,5,2,0,0,0,1
1252316,2,2021,2021,4,1,6,37,27,61,105,0,1,9,-33.886925,150.913193,24,0,2,1,3,0,0,0,2,0,7,60,1,14295,14295,3,10,5,4,0,0,1,0