Crash ID,Degree of crash - detailed,Reporting year,Year of crash,Month of crash,Day of week of crash,Two-hour intervals,Street of crash,Street type,Town,Route no.,School zone location,School zone active,Type of location,Latitude,Longitude,LGA,Urbanisation,Conurbation 1,Alignment,Street lighting,Road surface,Surface condition,Weather,Natural lighting,Signals operation,Other traffic control,Speed limit,Road classification,RUM - code,DCA - code,First impact type,Key TU type,Other TU type,No. of traffic units involved,No. killed,No. seriously injured,No. moderately injured,No. minor-other injured
1252317,1,2020,2020,9,0,6,19,27,35,105,0,1,9,-33.887672,150.903564,24,0,2,1,3,0,0,0,2,0,7,60,1,150,150,4,5,13,2,0,0,0,1
1252319,2,2020,2020,2,0,7,344,27,89,382,0,1,1,-33.674862,150.809563,55,0,2,1,3,0,0,0,2,0,7,80,2,1391,1391,1,5,5,2,0,0,1,0
1252320,1,2021,2021,4,4,9,2,31,78,34609,1,0,10,-33.849014,151.010699,21,0,2,1,3,0,0,0,3,0,15,50,0,6545,6545,4,5,0,2,0,0,0,1
1252321,1,2020,2020,2,5,8,1,22,98,34609,0,1,3,-33.74987,151.050765,31,0,2,1,3,0,0,0,3,0,7,80,2,1391,1391,1,29,36,2,0,0,0,1
1252323,1,2021,2021,4,0,5,3371,17,463,3342,0,1,10,-30.312297,153.094738,19,2,1,0,3,0,0,0,2,2,7,60,2,14295,14295,3,8,0,2,0,0,0,1
1252329,2,2020,2020,2,6,11,4,10,445,34609,0,1,10,-33.878284,151.042297,21,0,2,1,3,0,0,0,0,0,7,50,0,1391,1391,1,0,5,2,0,0,1,0
1252334,2,2021,2021,4,0,7,112,27,151,256,0,1,2,-34.044944,150.829549,13,0,2,0,3,0,0,0,2,0,7,60,2,14295,14295,3,0,0,6,0,0,1,1
1252337,1,2020,2020,9,0,6,102,31,139,187,0,1,2,-33.875853,151.13372,32,0,2,0,3,0,0,0,2,0,7,60,2,14295,14295,3,8,5,2,0,0,0,1
1252340,2,2021,2021,4,2,11,2261,17,31,2252,0,1,9,-33.885596,151.094154,9,0,2,0,3,0,3,4,0,0,7,60,2,1957,4009,8,5,40,1,0,0,1,0
1252342,4,2021,2021,4,1,7,3371,17,28,3342,0,1,2,-32.647317,151.918256,57,1,0,0,0,0,0,0,2,0,7,110,2,14295,14295,3,10,10,2,0,1,0,0
1252343,1,2021,2021,4,5,8,3,27,38,34609,0,1,1,-34.127954,150.716987,79,2,2,0,0,0,0,0,2,0,7,80,0,380,714,5,5,40,1,0,0,0,1
1252346,2,2020,2020,9,2,11,34,27,38,117,1,0,2,-32.923542,151.69832,48,0,2,0,2,0,0,0,0,0,7,60,2,1957,4009,1,5,5,3,0,0,1,0
1252349,2,2021,2021,4,4,5,2126,17,27,2149,0,1,2,-33.721022,150.451707,8,2,2,1,1,0,0,0,2,0,7,70,2,3775,3775,0,10,36,2,0,0,2,0
1252350,4,2020,2020,9,0,5,19,31,39,34609,1,0,1,-32.90376,151.581313,37,0,2,1,1,0,0,3,2,0,7,50,0,1109,787,1,5,19,2,0,1,0,0
1252353,2,2020,2020,2,5,5,98,27,128,382,0,1,9,-33.634081,150.779324,29,2,2,1,0,0,3,3,2,0,0,80,2,14295,14295,3,10,5,3,0,0,2,0
1252354,1,2021,2021,4,1,9,145,27,115,80,0,1,10,-33.879072,151.188272,69,0,2,1,0,0,0,0,2,0,7,50,2,515,515,1,10,27,2,0,0,0,1
1252355,4,2020,2020,2,1,0,19,27,160,34609,0,1,1,-33.109055,151.501303,37,0,2,0,2,0,3,0,0,0,7,70,0,1259,5151,8,5,40,1,0,1,0,0
1252356,4,2021,2021,4,5,10,70,27,84,35,0,1,9,-33.807854,150.987189,54,0,2,1,2,0,3,4,0,2,9,50,1,1220,1220,9,10,28,2,0,1,0,0
1252357,1,2020,2020,11,3,10,46,27,69,34609,0,1,1,-33.772798,150.97733,54,0,2,1,2,0,0,0,0,0,7,50,0,9859,9859,1,10,5,3,0,0,0,1
1252359,2,2021,2021,4,0,4,10,31,433,34609,0,1,9,-33.28483,149.108081,52,2,1,1,1,0,0,0,2,0,7,50,0,1669,1669,3,9,13,2,0,0,1,0
1252361,2,2020,2020,2,5,9,230,27,197,284,0,1,2,-33.792568,151.131992,61,0,2,1,1,0,3,3,3,0,7,70,2,9859,9859,8,5,40,1,0,0,1,0
1252362,4,2020,2020,10,5,5,1,27,39,34609,0,1,1,-32.724209,152.067943,57,2,1,1,0,0,0,0,2,0,7,50,0,4026,4026,8,34,40,1,0,1,0,0
1252366,2,2020,2020,2,1,4,25,27,15,260,0,1,1,-32.988558,151.600988,37,0,2,1,1,0,0,0,2,0,7,80,2,945,945,5,8,40,1,0,0,1,0
1252367,4,2020,2020,9,4,10,485,27,187,769,0,1,10,-33.78641,150.995437,54,0,2,1,2,0,0,0,0,2,7,60,2,5929,5929,1,15,0,2,0,1,0,0
1252368,4,2020,2020,10,5,8,5,27,57,41,0,1,1,-33.678545,151.112884,31,0,2,1,1,0,0,0,2,0,7,60,2,186,186,9,5,28,2,0,1,0,0
1252369,1,2020,2020,2,5,9,78,17,34,58,0,1,9,-34.961795,149.030206,82,1,0,1,0,0,0,0,2,0,0,100,2,2852,2852,4,10,19,2,0,0,0,1
1252370,2,2020,2020,2,0,11,24,31,169,382,0,1,10,-33.600674,150.750954,29,2,2,1,2,0,0,0,0,2,8,60,2,1669,1669,3,10,0,2,0,0,1,0
1252372,4,2020,2020,5,2,6,128,27,61,133,0,1,1,-33.790342,150.651249,55,0,2,1,1,0,3,4,2,0,7,80,2,3775,3775,0,16,13,3,0,1,0,0
1252374,2,2020,2020,2,0,5,57,31,273,34609,0,1,1,-34.423568,150.891432,80,0,2,1,0,0,0,0,2,0,7,50,0,1109,787,1,5,5,2,0,0,1,0
1252375,4,2021,2021,4,6,6,265,10,445,563,0,1,9,-33.869285,151.042523,21,0,2,0,1,0,0,0,2,2,7,70,2,5929,5929,1,5,0,2,0,1,1,1
1252377,2,2020,2020,11,3,8,204,31,58,87,0,1,1,-34.414059,150.893364,80,0,2,1,1,0,0,0,2,0,7,60,2,2040,2040,9,5,28,2,0,0,1,0
1252378,2,2020,2020,9,6,8,21,31,45,34609,0,1,7,-33.346903,151.495566,16,2,2,0,1,0,0,0,2,0,0,50,0,6545,6545,4,0,27,2,0,0,1,0
1252381,4,2020,2020,9,4,6,2209,17,204,2205,0,1,10,-33.942142,151.144496,4,0,2,1,0,0,0,0,2,0,0,60,2,6545,6545,4,10,13,2,0,2,0,0
1252385,4,2020,2020,9,4,8,119,31,147,34609,0,1,1,-33.868695,151.11893,14,0,2,1,0,0,0,0,2,0,7,50,0,387,387,1,15,0,2,0,1,0,0
1252389,2,2021,2021,4,6,6,63,31,252,34609,0,1,9,-33.889423,151.213216,69,0,2,1,0,0,0,0,2,0,0,40,0,926,926,4,5,19,2,0,0,1,0
1252392,4,2020,2020,10,0,3,111,27,102,233,1,0,2,-33.958992,151.231364,59,0,2,0,2,0,0,3,2,2,9,60,2,1220,1220,9,0,28,2,0,1,0,0
1252393,2,2020,2020,9,4,8,2261,17,109,2252,0,1,3,-33.966449,150.874611,41,0,2,1,0,0,0,0,2,0,7,100,2,14295,14295,3,16,13,3,0,0,1,0
1252397,4,2021,2021,4,0,4,1,31,11,34609,0,1,9,-34.356947,150.900382,80,0,2,0,1,0,0,0,2,0,15,60,0,1669,1669,3,5,25,2,0,1,0,0
1252402,2,2020,2020,2,5,7,126,27,30,168,0,1,10,-34.047809,150.761625,12,0,2,1,1,0,0,0,2,2,7,80,2,14295,14295,3,9,0,3,0,0,2,0
1252408,4,2020,2020,9,1,7,866,31,172,34609,1,2,1,-32.744534,151.591706,42,2,1,1,1,0,0,3,2,0,7,40,0,941,941,1,5,5,3,0,1,0,2
1252410,1,2021,2020,2,6,9,829,27,363,770,0,1,2,-33.809251,151.024204,54,0,2,1,3,0,3,4,2,0,7,60,2,14295,14295,3,5,0,2,0,0,0,2
1252412,4,2020,2020,2,1,7,100,27,127,799,0,1,10,-33.896585,151.152514,32,0,2,1,3,0,0,0,2,2,7,60,2,5929,5929,1,0,5,2,0,1,0,0
1252416,2,2020,2020,11,1,8,196,10,70,168,0,1,1,-33.911451,150.975896,15,0,2,0,3,0,0,0,3,0,7,60,2,1850,1463,5,16,40,1,0,0,1,0
1252421,1,2020,2020,2,1,6,19,1,100,44,0,1,10,-33.810672,151.163748,38,0,2,1,3,0,0,0,2,2,9,60,2,1669,1669,3,21,25,2,0,0,0,1
1252424,1,2020,2020,1,0,3,4,10,251,34609,0,1,1,-33.793832,150.926329,7,0,2,1,3,0,0,0,2,0,7,50,0,475,475,5,5,40,1,0,0,0,1
1252426,2,2020,2020,2,1,8,2261,17,284,2252,0,1,9,-33.906109,151.015732,15,0,2,1,3,0,0,0,2,2,7,70,2,5929,5929,1,10,0,3,0,0,1,0
1252427,1,2021,2021,4,2,6,2209,17,133,2205,0,1,7,-34.483252,150.802318,80,0,2,1,3,0,0,0,2,0,0,80,1,6545,6545,4,30,0,2,0,0,0,1
1252428,2,2020,2020,10,3,5,42,10,78,39,0,1,7,-34.483118,150.854777,80,0,2,1,3,0,0,0,2,0,0,70,1,6545,6545,4,10,19,2,0,0,1,0
1252430,1,2020,2020,2,4,8,11,1,136,11,0,1,10,-32.935057,151.707216,48,0,2,1,3,0,0,0,2,2,7,60,1,5929,5929,1,5,5,2,0,0,0,1
1252433,2,2020,2020,2,4,3,13,27,89,34609,0,1,9,-33.378727,151.471252,16,2,2,1,1,0,0,0,2,2,7,60,0,5929,5929,1,5,5,2,0,0,1,1
1252439,1,2021,2021,4,5,6,2126,17,204,2149,0,1,10,-33.876976,151.129654,32,0,2,1,3,0,0,0,2,2,9,60,2,1282,1282,1,10,5,2,0,0,0,2
1252440,1,2020,2020,2,3,8,2126,17,166,2149,0,1,10,-33.413871,149.574935,3,2,1,1,3,0,0,0,4,0,0,60,2,775,775,4,5,5,2,0,0,0,1
1252445,2,2020,2020,2,6,10,3,10,46,34609,0,1,7,-28.821686,153.299146,39,2,1,1,2,0,3,3,0,0,0,50,0,2585,777,8,10,40,1,0,0,1,0
1252446,1,2020,2020,9,4,3,28,31,523,34609,0,1,9,-33.925049,150.926514,41,0,2,0,1,0,0,0,1,0,0,50,0,14295,14295,3,0,5,2,0,0,0,1
1252451,1,2021,2021,4,4,8,3371,17,67,3342,0,1,1,-33.394729,151.348181,16,2,2,1,3,0,0,0,3,0,7,60,2,14295,14295,3,0,36,2,0,0,0,1
1252453,1,2020,2020,2,4,9,84,10,10,80,0,1,1,-34.224589,150.985769,80,0,2,0,3,0,0,0,2,0,7,60,2,217,217,1,5,0,2,0,0,0,1
1252454,2,2021,2021,4,0,8,36,27,7,82,0,1,1,-35.28788,147.303115,75,1,0,1,3,0,0,0,3,0,7,100,1,323,323,1,5,5,2,0,0,1,0
1252455,1,2020,2020,2,0,9,22,31,70,47,0,1,9,-32.895758,151.720511,48,0,2,1,3,0,0,0,2,0,0,60,2,1192,1192,1,5,5,2,0,0,0,1
1252465,2,2020,2020,1,0,3,63,31,79,79,0,1,10,-33.822901,151.210249,49,0,2,1,1,0,0,0,2,2,7,50,2,9859,9859,8,5,40,1,0,0,1,0
1252468,1,2021,2021,4,1,6,2261,17,204,2252,0,1,10,-33.894449,150.95767,24,0,2,1,1,0,0,0,2,2,7,70,2,14295,14295,3,0,5,4,0,0,0,1
1252471,4,2020,2020,2,3,11,72,31,44,62,0,1,9,-33.945844,151.150385,4,0,2,1,2,0,0,0,0,0,7,60,1,1669,1669,3,16,5,2,0,1,0,0
1252473,1,2020,2020,9,0,9,296,27,187,293,0,1,2,-33.87992,150.978773,15,0,2,0,0,0,0,0,2,0,0,60,2,14295,14295,3,5,5,2,0,0,0,2
1252474,1,2020,2020,11,3,3,7,31,59,34609,0,1,9,-34.332575,150.924958,80,0,2,1,1,0,0,0,2,0,7,50,0,1945,1945,5,22,40,1,0,0,0,1
1252476,1,2020,2020,9,4,8,1,31,31,34609,0,1,9,-33.768372,151.272657,50,0,2,1,1,0,0,0,2,0,7,50,0,775,775,4,5,5,2,0,0,0,1
1252479,4,2021,2021,4,3,5,8,27,21,34609,0,1,1,-32.633467,151.487002,42,2,1,0,0,0,0,0,2,0,7,80,0,1850,1463,5,16,40,1,0,1,1,0
1252480,2,2020,2020,2,0,4,346,17,44,332,0,1,1,-28.816769,153.406409,2,2,1,0,1,0,0,0,2,0,7,80,2,3775,3775,0,5,5,2,0,0,1,0
1252481,2,2020,2020,11,0,9,330,23,150,112,0,1,10,-33.926279,151.231269,59,0,2,1,2,0,0,0,0,2,7,60,2,1220,1220,9,5,28,2,0,0,1,0
1252483,4,2020,2020,2,3,1,515,14,243,518,0,1,3,-33.947696,150.893332,41,0,2,0,0,0,3,4,0,0,7,100,2,4552,5151,8,5,40,1,0,1,3,0
1252484,1,2020,2020,2,0,8,2261,17,62,2252,0,1,10,-33.887332,151.136709,32,0,2,1,1,0,0,0,2,2,9,60,2,6545,6545,4,10,0,2,0,0,0,2
1252485,4,2021,2021,4,3,8,1,10,562,34609,0,1,9,-32.255925,148.576397,22,2,1,0,0,0,0,0,2,0,0,50,0,5929,5929,1,0,21,2,0,1,0,0
1252489,2,2021,2021,4,0,3,2209,17,59,2205,0,1,1,-34.314021,150.896186,80,0,2,0,0,0,3,3,2,0,7,60,2,3775,3775,0,5,0,2,0,0,1,0
1252499,2,2020,2020,2,4,6,6,27,14,34609,0,1,1,-34.848084,149.660821,26,1,0,0,3,0,0,0,2,0,7,100,0,1981,1981,4,8,5,2,0,0,1,0
1252500,4,2020,2020,9,1,10,1,27,12,34609,0,1,1,-34.319571,147.184433,51,1,0,1,0,2,0,0,0,0,7,100,0,9859,9859,8,34,40,1,0,1,0,0
1252502,1,2020,2020,9,1,8,2209,17,273,2205,0,1,7,-34.419567,150.892544,80,0,2,0,0,0,0,0,2,0,0,50,2,926,926,4,22,0,2,0,0,0,1
1252503,2,2020,2020,10,1,9,103,27,33,167,0,1,9,-33.980326,151.136704,25,0,2,1,2,0,3,0,0,0,7,60,2,1669,1669,3,5,5,2,0,0,1,0
1252505,4,2020,2020,2,6,9,86,27,9,65,0,1,1,-29.803134,152.900386,18,1,0,0,0,0,3,4,2,0,7,100,1,4552,5151,8,5,40,1,0,1,0,0
1252506,1,2020,2020,10,2,5,3,10,39,34609,0,1,1,-29.430975,153.321226,18,2,1,1,0,0,0,0,2,0,7,50,0,3775,3775,0,18,13,2,0,0,0,1
1252509,2,2020,2020,2,2,9,2261,17,24,2252,0,1,3,-34.401163,150.509506,78,1,0,1,3,0,0,0,3,0,7,110,2,945,945,5,10,40,1,0,0,1,0
1252510,4,2020,2020,9,6,4,50,27,166,799,0,1,1,-33.898613,151.175883,32,0,2,1,1,0,0,0,2,0,7,50,2,1192,1192,1,10,27,3,0,1,0,0
1252511,4,2020,2020,2,4,6,2209,17,23,2205,0,1,2,-34.618182,150.838282,62,0,2,0,0,0,0,0,2,0,7,100,2,14295,14295,3,10,5,2,0,1,0,0
1252512,1,2020,2020,9,3,10,361,23,204,35,0,1,9,-33.895424,150.938431,24,0,2,1,2,0,0,0,0,2,7,40,1,5929,5929,1,21,5,2,0,0,0,2
1252515,4,2020,2020,10,4,6,1,27,21,34609,0,1,1,-32.581933,151.805597,51,2,1,0,0,0,0,0,2,0,7,80,0,380,714,5,16,40,1,0,1,0,0
1252516,2,2020,2020,9,3,11,4,27,5,34609,0,1,1,-31.970366,152.000598,43,2,1,1,0,0,0,3,0,0,7,80,0,945,945,5,0,40,1,0,0,1,0
1252518,4,2020,2020,9,1,8,11,27,6,34609,0,1,1,-37.229365,149.746288,5,1,0,0,3,0,0,0,2,0,7,100,0,782,957,5,5,40,1,0,1,0,0
1252519,4,2020,2020,9,3,7,20,27,34,20,0,1,1,-35.06038,150.635871,63,2,1,0,0,0,0,0,2,0,7,80,1,1850,1463,5,16,40,1,0,1,0,0
1252523,4,2020,2020,2,5,10,20,10,83,34609,1,0,2,-33.886609,150.851118,41,0,2,0,2,0,3,4,0,0,7,50,0,1957,4009,8,34,40,1,0,1,1,0
1252525,2,2020,2020,2,4,10,16,31,169,382,0,1,10,-33.601883,150.753396,29,2,2,1,2,0,3,3,0,2,7,60,2,6545,6545,4,5,0,3,0,0,1,0
1252527,4,2020,2020,2,4,8,3,31,61,34609,0,1,9,-33.758179,150.898821,7,0,2,1,1,0,0,0,2,0,7,50,0,2852,2852,4,5,5,3,0,2,1,0
1252533,2,2020,2020,9,3,6,7,36,11,10,0,1,1,-32.5602,147.648992,53,1,0,0,0,0,0,0,2,0,7,100,1,1957,4009,8,29,40,1,0,0,1,0
1252534,4,2020,2020,9,4,8,81,17,7,100,0,1,9,-34.424546,150.490816,78,2,1,1,0,0,0,0,2,0,0,80,2,775,775,4,16,5,2,0,1,0,1
1252535,4,2020,2020,9,3,6,2126,17,460,2149,0,1,10,-33.818035,150.981769,21,0,2,1,2,0,3,4,2,2,7,60,2,5929,5929,1,5,5,2,0,2,0,0
1252544,4,2020,2020,2,3,0,5,1,80,34609,0,1,2,-34.557622,146.400016,51,2,1,1,2,0,0,0,0,0,7,50,0,9859,9859,8,10,40,1,0,1,0,0
1252546,2,2020,2020,2,2,8,112,17,5,112,0,1,1,-31.559023,146.922105,51,1,0,1,0,0,0,0,2,0,7,110,2,945,945,5,16,40,1,0,0,1,0
1252547,2,2020,2020,10,0,7,46,27,164,34609,0,1,9,-33.732435,150.893327,7,0,2,1,0,0,0,0,2,0,7,50,0,1220,1220,9,5,26,2,0,0,1,0
1252548,2,2020,2020,9,4,0,1,31,8,34609,0,1,9,-33.642841,146.976547,51,2,1,1,2,0,0,0,0,0,7,50,0,489,489,8,10,40,1,0,0,1,0
1252552,2,2020,2020,2,3,6,475,10,42,268,0,1,9,-33.91256,150.904842,41,0,2,1,3,0,0,0,2,2,7,70,2,623,623,3,5,0,2,0,0,1,0
1252554,2,2020,2020,2,4,6,10,10,121,34609,0,1,1,-28.202645,153.541964,72,2,1,1,1,0,0,0,2,0,7,50,0,1981,1981,4,5,0,2,0,0,2,0
1252555,2,2020,2020,2,2,9,30,27,32,39,0,1,1,-35.358758,149.295717,58,1,0,0,0,0,0,0,2,0,7,90,1,4552,5151,8,5,40,1,0,0,1,0
1252556,4,2020,2020,2,6,7,99,31,84,105,0,1,10,-33.881271,150.940201,24,0,2,1,0,0,0,0,2,0,7,60,1,5929,5929,1,5,0,2,0,1,1,0
1252558,2,2020,2020,2,4,8,85,31,65,34609,1,0,9,-34.479545,150.877025,80,0,2,0,1,0,0,0,2,0,15,50,0,2852,2852,4,5,5,2,0,0,2,0
1252562,2,2020,2020,2,4,10,38,27,8,35,0,1,1,-34.63336,150.771411,35,2,1,0,0,0,0,0,3,0,7,80,1,4552,5151,8,5,40,1,0,0,1,1
1252565,1,2020,2020,2,6,7,104,27,137,140,0,1,9,-33.922023,151.200368,69,0,2,1,3,0,0,0,2,0,0,60,2,2852,2852,4,0,5,2,0,0,0,1
1252566,1,2020,2020,2,0,4,119,31,68,8,1,2,1,-33.874504,151.241202,81,0,2,1,3,0,0,0,2,0,7,40,1,14295,14295,3,0,0,2,0,0,0,1
1252567,2,2020,2020,10,2,5,294,17,11,288,0,1,1,-35.13578,147.443254,75,2,1,1,0,0,0,0,2,0,7,40,2,14295,14295,3,10,13,4,0,0,1,0
1252569,2,2020,2020,2,5,7,9,27,370,53,0,1,2,-34.072274,150.805531,13,0,2,1,1,0,0,0,2,0,7,60,2,14295,14295,3,10,0,3,0,0,1,0
1252572,4,2020,2020,2,2,7,485,27,232,769,0,1,2,-33.699635,150.92863,71,0,2,1,1,0,0,0,2,0,7,80,2,14295,14295,3,5,0,2,0,1,0,0
1252573,4,2020,2020,2,5,5,72,31,100,62,0,1,1,-33.954881,151.147621,4,0,2,1,1,0,0,0,2,0,7,60,1,1945,1945,5,16,40,1,0,1,0,0
1252574,4,2021,2021,4,4,9,2,27,3,34609,0,1,1,-34.511296,150.211277,78,2,1,0,0,2,2,6,0,0,7,60,0,4552,5151,8,5,40,1,0,1,1,0
1252577,1,2021,2021,4,0,3,17,27,8,34609,0,1,1,-33.526602,150.743991,29,2,2,0,0,0,3,0,2,0,7,80,0,1259,5151,8,30,40,1,0,0,0,1
1252579,1,2020,2020,2,6,1,72,14,169,71,0,1,3,-33.899861,151.215334,69,0,2,1,3,1,2,6,0,0,7,80,2,9859,9859,8,10,40,1,0,0,0,1
1252580,4,2021,2021,4,1,11,1,4,154,34609,0,1,1,-33.698764,150.963607,71,0,2,1,0,0,0,0,0,0,7,50,0,312,312,2,10,40,1,0,1,0,0
1252581,2,2020,2020,9,6,6,3,1,25,34609,0,1,1,-34.484021,150.872287,80,0,2,1,0,0,2,2,2,0,7,50,0,4026,4026,1,5,0,2,0,0,1,0
1252584,4,2020,2020,2,3,8,1,31,204,96,0,1,9,-33.903853,151.129204,32,0,2,1,0,0,0,0,2,0,6,50,2,591,591,1,22,5,2,0,1,0,0
1252585,2,2020,2020,2,3,8,1052,14,149,928,0,1,3,-33.346178,151.367665,16,1,2,1,1,0,0,3,2,0,7,110,2,9859,9859,8,0,40,1,0,0,1,0
1252587,4,2020,2020,10,1,8,120,36,10,148,0,1,1,-30.505713,152.239645,1,1,0,0,1,0,3,4,2,0,7,100,2,380,714,5,5,40,1,0,1,0,0
1252588,4,2020,2020,9,5,8,2,31,14,4,0,1,10,-33.291853,146.372617,51,2,1,1,0,0,0,0,2,0,0,50,1,1850,985,5,16,40,1,0,1,0,0
1252590,1,2020,2020,9,0,8,1104,14,149,962,0,1,3,-33.817114,150.968865,21,0,2,1,0,0,0,0,2,0,7,90,2,14295,14295,3,5,0,2,0,0,0,1
1252591,2,2020,2020,2,0,10,10,1,26,96,0,1,10,-33.915213,151.166121,32,0,2,1,2,0,0,0,3,2,7,60,2,1192,1192,1,0,19,2,0,0,1,0
1252593,4,2020,2020,10,1,3,330,23,150,112,0,1,9,-33.929272,151.235567,59,0,2,0,1,0,3,4,2,0,0,60,2,775,775,4,0,27,3,0,1,0,0
1252596,1,2021,2020,2,5,7,62,31,445,34609,0,1,1,-33.850406,151.049732,21,0,2,1,3,0,0,0,2,0,7,60,0,1282,1282,1,0,0,2,0,0,0,1
1252597,2,2020,2020,2,5,0,154,27,293,244,0,1,1,-33.930649,151.045565,15,0,2,1,2,0,0,0,0,0,7,60,2,4026,4026,1,5,0,3,0,0,1,0
1252601,4,2021,2021,4,0,5,135,17,16,136,0,1,9,-35.646362,145.636244,51,1,0,1,0,0,0,3,2,0,0,100,2,9859,9859,8,5,40,1,0,1,0,0
1252603,1,2021,2021,4,0,7,36,31,218,70,0,1,2,-33.769846,150.779757,55,0,2,1,3,0,3,4,2,0,7,60,1,14295,14295,3,0,0,4,0,0,0,1
1252604,1,2021,2021,4,0,7,8,10,50,231,0,1,1,-33.509356,151.334192,16,2,2,1,3,0,0,0,2,0,7,70,2,14295,14295,3,10,5,3,0,0,0,1
1252605,1,2020,2020,9,4,4,3,31,646,34609,0,1,0,-33.916359,151.034393,15,0,2,1,3,0,0,0,2,0,7,40,0,1282,1282,1,0,5,2,0,0,0,1
1252606,1,2021,2021,4,6,8,330,27,31,605,0,1,9,-33.768185,151.268095,50,0,2,1,3,0,0,0,2,2,7,60,2,1391,1391,1,30,18,2,0,0,0,1
1252607,2,2020,2020,2,4,4,47,27,293,69,0,1,9,-33.94127,151.236851,59,0,2,1,3,0,0,0,2,1,7,60,1,14295,14295,3,5,5,2,0,0,1,0
1252608,1,2021,2021,4,6,4,137,14,55,70,0,1,3,-32.833042,151.535806,17,1,0,1,3,0,0,0,2,0,7,110,2,14295,14295,3,30,0,2,0,0,0,1
1252611,2,2021,2021,4,6,6,5,1,445,34609,0,1,1,-33.85605,151.058377,21,0,2,1,3,0,0,0,2,0,7,50,0,1981,1981,4,0,5,2,0,0,1,0
1252612,1,2020,2020,2,2,8,2261,17,140,2252,0,1,2,-33.892698,150.983168,15,0,2,1,1,0,0,3,2,0,7,70,2,14295,14295,3,0,0,3,0,0,0,1
1252613,1,2020,2020,11,0,7,220,27,187,222,0,1,2,-33.790537,150.978509,54,0,2,1,1,0,0,0,2,0,7,80,2,14295,14295,3,0,0,2,0,0,0,1
1252614,4,2020,2020,9,1,3,232,36,34,331,0,1,9,-34.002865,150.777901,12,0,2,1,1,0,0,0,2,2,7,80,2,926,926,4,8,5,2,0,1,0,0
1252616,2,2020,2020,2,6,4,30,27,26,34609,0,1,1,-32.801256,151.401764,17,2,1,0,0,2,0,0,2,0,7,80,0,4552,5151,8,30,40,1,0,0,1,0
1252617,2,2021,2021,4,2,11,2261,17,523,2252,0,1,10,-33.93457,150.915948,41,0,2,1,3,0,0,0,0,3,7,60,2,9859,9859,1,5,5,3,0,0,1,0
1252621,1,2021,2021,4,1,8,103,27,149,167,0,1,2,-34.000187,151.127131,25,0,2,1,1,0,3,4,2,0,7,70,2,14295,14295,3,5,5,2,0,0,0,1
1252625,4,2021,2021,4,4,4,1,27,2,34609,0,1,1,-32.578196,149.575128,44,2,1,0,2,0,0,0,2,0,7,50,0,1850,1463,5,0,40,1,0,1,0,0
1252628,4,2021,2021,4,2,10,115,27,138,114,0,1,9,-33.876127,151.271886,81,0,2,1,2,0,3,4,3,0,0,50,2,2852,2852,4,5,18,2,0,1,0,0
1252631,4,2020,2020,9,1,4,251,14,139,124,0,1,10,-33.838292,151.211336,49,0,2,1,0,0,0,0,2,0,15,60,2,6545,6545,4,22,5,2,0,1,0,0
1252633,4,2020,2020,2,6,6,3,27,40,34609,0,1,1,-33.81246,151.208612,77,0,2,1,0,0,0,0,2,0,7,50,0,9859,9859,1,5,5,2,0,1,0,0
1252634,2,2020,2020,9,3,6,86,27,4,65,0,1,9,-29.872302,152.804554,18,1,0,0,0,0,0,3,2,0,7,100,1,782,957,5,16,40,1,0,0,1,0
1252635,4,2020,2020,9,2,8,7,31,111,34609,0,1,7,-33.917819,151.25497,59,0,2,1,1,0,0,0,2,0,0,50,0,6545,6545,4,0,27,2,0,1,0,0
1252641,4,2021,2021,4,0,9,4,31,189,101,0,1,10,-33.949851,151.052422,25,0,2,1,1,0,3,3,3,0,0,50,1,591,591,1,22,0,2,0,1,0,0
1252642,4,2020,2020,2,3,4,26,31,123,38,0,1,1,-33.819064,148.685308,51,2,1,1,1,0,0,0,2,0,7,50,2,4026,4026,8,5,40,1,0,1,0,0
1252644,4,2020,2020,2,6,9,2261,17,284,2252,0,1,9,-33.904988,151.010651,15,0,2,1,1,0,3,3,0,0,0,70,2,2852,2852,4,5,5,2,0,1,0,0
1252646,1,2021,2021,4,1,6,6,27,52,34609,0,1,9,-33.270645,151.455813,16,2,2,1,3,0,0,0,2,0,7,50,0,941,941,1,8,5,2,0,0,0,1
1252651,1,2021,2021,4,3,9,117,27,78,144,0,1,10,-33.858415,151.092258,14,0,2,1,3,0,0,0,0,2,7,60,2,217,217,1,30,19,2,0,0,0,1
1252652,1,2021,2021,4,2,5,73,27,4,34609,0,1,9,-35.245538,150.535329,63,2,1,1,3,0,0,0,2,0,7,50,0,301,301,4,5,13,2,0,0,0,1
1252654,1,2021,2021,4,4,8,168,17,8,212,0,1,9,-35.325705,149.722334,58,1,0,0,3,0,3,0,2,0,7,100,2,1850,1463,5,21,40,1,0,0,0,1
1252656,4,2021,2021,4,0,6,115,27,96,173,0,1,1,-34.244194,150.697884,79,1,2,1,3,0,0,0,2,0,7,100,2,3775,3775,0,10,12,3,0,2,1,0
1252657,4,2020,2020,2,6,3,829,27,165,770,0,1,2,-33.842846,151.148466,14,0,2,1,0,0,3,4,2,0,7,70,2,14295,14295,3,5,5,3,0,1,0,1
1252659,1,2021,2021,4,6,3,361,7,28,34609,0,1,7,-34.016653,151.064548,68,0,2,1,3,0,0,0,2,0,9,50,0,2040,2040,9,5,28,2,0,0,0,1