Crash ID,Degree of crash - detailed,Reporting year,Year of crash,Month of crash,Day of week of crash,Two-hour intervals,Street of crash,Street type,Town,Route no.,School zone location,School zone active,Type of location,Latitude,Longitude,LGA,Urbanisation,Conurbation 1,Alignment,Street lighting,Road surface,Surface condition,Weather,Natural lighting,Signals operation,Other traffic control,Speed limit,Road classification,RUM - code,DCA - code,First impact type,Key TU type,Other TU type,No. of traffic units involved,No. killed,No. seriously injured,No. moderately injured,No. minor-other injured
1252660,1,2021,2021,4,2,5,46,27,284,34609,0,1,10,-33.901722,151.008636,15,0,2,1,3,0,0,0,2,0,0,50,0,6545,6545,4,0,5,2,0,0,0,1
1252662,1,2021,2021,4,5,6,178,27,13,48,0,1,5,-32.723655,151.564466,42,2,1,1,3,0,0,0,2,0,15,50,1,14295,14295,3,9,5,2,0,0,0,1
1252665,4,2021,2021,4,0,5,1104,14,140,962,0,1,3,-33.797081,150.851187,7,0,2,1,1,0,0,0,2,0,7,100,2,1383,1383,1,5,10,2,0,1,0,0
1252670,2,2020,2020,2,4,6,265,17,103,193,0,1,9,-34.350639,148.27693,30,1,0,1,0,0,0,0,2,0,7,100,2,9859,9859,8,10,40,1,0,0,1,0
1252673,4,2020,2020,10,3,8,3,31,46,34609,0,1,9,-35.166612,147.382826,75,2,1,1,2,0,0,0,0,0,7,50,0,489,489,5,16,40,1,0,1,0,0
1252679,1,2021,2021,4,4,5,20,31,72,34609,0,1,1,-33.823347,151.224192,49,0,2,1,1,0,0,0,2,0,7,50,0,57,57,1,9,36,2,0,0,0,1
1252680,2,2020,2020,11,5,2,4,33,5,34609,0,1,1,-33.293664,149.541639,3,1,0,0,0,0,0,0,1,0,7,100,0,380,714,5,5,40,1,0,0,1,0
1252681,2,2021,2021,4,1,7,344,27,168,382,0,1,2,-33.707311,150.839321,7,0,2,1,1,0,3,0,2,0,0,80,2,14295,14295,3,10,0,2,0,0,1,0
1252682,4,2020,2020,2,3,1,3371,17,131,3342,0,1,9,-33.78592,151.178304,36,0,2,0,2,0,0,0,0,2,7,60,2,4552,5151,8,5,40,1,0,1,0,0
1252683,4,2021,2021,4,2,8,37,31,82,34609,0,1,1,-31.076397,150.930941,70,2,1,1,1,0,0,0,2,0,7,50,0,1945,1945,5,16,40,2,0,1,0,0
1252686,2,2020,2020,2,6,8,344,27,44,369,0,1,2,-33.744442,150.715079,55,0,2,1,0,0,0,3,2,0,7,70,2,14295,14295,3,0,5,3,0,0,1,0
1252687,2,2021,2021,4,2,6,1,27,6,34609,0,1,1,-33.138171,150.147338,40,1,0,0,0,2,0,0,2,0,7,100,0,1259,5151,8,9,40,1,0,0,1,0
1252689,2,2020,2020,10,5,8,45,31,57,34609,0,1,1,-34.677422,150.851549,35,2,1,1,1,0,0,0,2,0,7,50,0,515,515,1,5,27,2,0,0,1,0
1252691,4,2020,2020,9,5,0,361,32,290,42,0,1,1,-33.854193,150.984891,21,0,2,1,2,0,0,0,0,0,9,40,1,1945,1945,5,16,40,1,0,1,0,0
1252692,2,2020,2020,9,6,4,3371,17,107,3342,0,1,1,-33.270551,151.453759,16,2,2,0,3,0,0,0,2,0,7,70,2,14295,14295,3,21,5,3,0,0,1,0
1252693,4,2020,2020,2,3,9,29,31,139,51,0,1,10,-33.88232,151.140338,32,0,2,1,1,0,0,0,3,0,0,50,1,591,591,1,22,13,2,0,1,0,0
1252694,4,2020,2020,9,6,3,18,27,253,7,0,1,7,-33.954613,151.089719,25,0,2,1,1,0,0,0,2,0,0,50,1,6545,6545,4,30,27,2,0,1,0,0
1252696,1,2020,2020,9,3,10,69,31,646,563,0,1,2,-33.906904,151.040222,15,0,2,0,2,0,0,0,0,0,7,60,2,14295,14295,3,0,5,3,0,0,0,1
1252705,4,2020,2020,9,1,5,3371,17,143,3342,0,1,9,-33.702344,151.099338,31,0,2,1,1,0,0,0,2,2,7,60,2,5929,5929,1,0,5,2,0,1,0,0
1252706,2,2020,2020,2,3,6,265,17,24,193,0,1,1,-34.473987,148.166757,20,1,0,0,0,0,0,0,2,0,7,100,2,1850,1463,5,16,40,1,0,0,1,0
1252707,4,2020,2020,9,0,8,21,27,12,61,0,1,1,-33.985492,146.112029,51,1,0,0,0,0,0,0,2,0,7,100,1,418,714,5,0,40,1,0,1,0,0
1252712,1,2021,2021,4,5,8,65,31,609,115,0,1,10,-33.768973,150.904211,7,0,2,1,0,0,0,0,2,2,7,60,2,14295,14295,3,5,5,2,0,0,0,1
1252713,1,2021,2021,4,5,3,110,31,117,34609,0,1,1,-28.167494,153.547733,72,2,1,1,0,0,0,0,2,0,7,50,0,312,312,2,9,40,3,0,0,0,1
1252715,2,2021,2021,4,0,6,2126,17,438,2149,0,1,10,-33.837964,151.02709,21,0,2,1,1,0,0,0,2,2,9,60,2,14295,14295,3,10,5,3,0,0,1,0
1252716,4,2021,2021,4,1,4,133,10,8,121,0,1,9,-31.594974,152.840579,56,2,1,1,1,0,0,0,2,0,7,50,1,5929,5929,1,10,27,2,0,1,0,0
1252721,4,2020,2020,2,0,7,346,17,103,332,0,1,2,-28.812793,153.309241,39,2,1,0,1,0,0,0,2,0,7,60,2,3775,3775,0,5,5,3,0,2,1,1
1252730,1,2020,2020,2,2,6,1052,14,54,928,0,1,3,-33.463442,151.195339,16,1,2,0,3,0,3,4,2,0,7,110,2,14295,14295,3,5,13,2,0,0,0,1
1252731,2,2020,2020,2,2,8,2126,17,283,2149,0,1,9,-33.830068,151.01068,54,0,2,1,3,0,3,4,3,2,7,60,2,14295,14295,3,34,5,2,0,0,1,0
1252734,2,2021,2021,4,0,8,1,27,140,34609,0,1,1,-33.781309,150.820039,7,0,2,1,3,0,0,0,2,0,7,50,0,1282,1282,1,0,0,2,0,0,1,0
1252735,1,2020,2020,10,6,6,37,31,198,41,0,1,9,-33.915575,151.104185,15,0,2,1,3,0,0,0,2,0,0,50,1,14295,14295,3,5,5,2,0,0,0,1
1252736,2,2021,2021,4,6,5,133,31,646,97,0,1,9,-33.917225,151.021484,15,0,2,1,3,0,0,0,2,0,0,60,1,2852,2852,4,5,5,2,0,0,1,0
1252746,2,2021,2021,4,3,0,17,31,290,33,0,1,9,-33.953693,151.123759,4,0,2,1,2,0,0,0,0,0,7,50,1,2852,2852,4,5,5,3,0,0,1,0
1252748,2,2021,2021,4,1,5,5,10,86,34609,0,1,1,-33.752271,150.937127,7,0,2,0,0,0,0,0,2,0,7,50,0,1259,5151,8,16,40,1,0,0,1,0
1252753,1,2021,2021,4,5,3,104,27,443,702,0,1,10,-33.907808,151.064409,67,0,2,0,0,0,0,0,2,2,7,70,2,14295,14295,3,8,5,2,0,0,0,1
1252754,4,2021,2021,4,0,5,2,27,31,34609,0,1,1,-33.880713,151.036562,21,0,2,1,0,0,0,0,2,0,7,50,0,9859,9859,1,5,0,2,0,1,0,0
1252755,2,2020,2020,2,5,6,512,17,433,441,0,1,10,-33.283993,149.102329,52,2,1,1,1,0,0,0,2,0,7,50,2,1383,1383,1,5,19,2,0,0,1,0
1252760,4,2021,2021,4,3,9,2,27,7,34609,0,1,1,-29.768084,148.5668,51,1,0,0,0,2,0,0,2,0,7,100,0,782,957,5,29,40,1,0,1,0,0
1252761,2,2020,2020,10,4,4,916,17,102,917,0,1,1,-31.10913,150.930185,70,2,1,1,0,0,0,3,2,0,7,80,2,1109,787,1,0,36,2,0,0,1,0
1252764,4,2021,2021,4,5,5,232,36,60,168,0,1,10,-34.039349,150.739551,12,0,2,1,1,0,0,0,2,2,7,60,2,14295,14295,3,33,5,2,0,1,0,0
1252765,4,2020,2020,2,0,4,2,31,145,34609,0,1,1,-33.924014,151.070909,15,0,2,1,1,0,0,0,2,0,7,50,0,237,162,8,0,40,1,0,1,0,0
1252768,4,2020,2020,2,6,9,81,27,223,115,0,1,2,-33.80298,150.895985,7,0,2,1,1,0,0,3,2,0,7,60,2,14295,14295,3,16,5,2,0,1,0,0
1252771,4,2020,2020,2,3,5,334,17,21,308,0,1,1,-31.399178,152.124454,56,1,0,0,0,0,0,0,2,0,7,100,2,4552,5151,8,16,40,1,0,1,0,0
1252773,4,2020,2020,2,4,6,44,31,237,34609,0,1,1,-33.868433,150.955706,24,0,2,1,1,0,0,0,2,0,7,40,0,368,368,9,9,28,2,0,1,0,0
1252774,2,2021,2021,4,0,9,19,27,5,34609,0,1,1,-34.907928,150.731805,63,2,1,1,1,0,0,0,2,0,7,50,0,1981,1981,4,10,21,2,0,0,1,0
1252777,1,2020,2020,9,1,6,7,27,14,14,0,1,1,-35.19638,149.532167,58,1,0,1,0,0,0,0,2,0,7,100,1,475,475,5,0,40,1,0,0,0,1
1252781,2,2021,2021,4,2,7,8,1,646,34609,0,1,9,-33.917175,151.040146,15,0,2,1,3,0,0,0,2,3,7,50,0,1391,1391,1,5,13,2,0,0,1,0
1252785,4,2020,2020,2,3,5,118,27,646,118,0,1,9,-33.921844,151.031067,15,0,2,1,3,0,0,0,2,0,0,60,1,5929,5929,1,5,41,2,0,1,0,0
1252788,1,2021,2021,4,6,10,18,31,182,34609,0,1,9,-32.834631,151.360719,17,2,1,1,2,0,0,0,0,0,0,50,0,489,489,8,5,5,2,0,0,0,1
1252790,4,2021,2021,4,0,7,31,31,193,145,0,1,1,-33.793459,151.067406,61,0,2,1,0,0,0,0,2,0,7,60,2,14295,14295,3,15,0,2,0,1,0,0
1252791,1,2021,2021,4,2,5,103,27,14,98,0,1,1,-33.412279,150.791513,29,2,2,0,3,0,0,0,2,0,7,80,2,1850,1463,5,16,40,1,0,0,0,1
1252792,2,2021,2021,4,1,7,106,27,22,106,0,1,9,-33.927186,150.871718,41,0,2,1,3,0,0,0,2,2,7,70,2,5929,5929,1,5,5,3,0,0,1,0
1252793,1,2021,2021,4,5,7,232,36,74,331,0,1,2,-34.023885,150.758688,12,0,2,1,3,0,0,0,2,0,7,80,2,14295,14295,3,5,0,2,0,0,0,3
1252801,1,2020,2020,9,4,4,22,27,123,59,0,1,2,-33.887193,151.222992,69,0,2,1,3,0,0,3,2,0,7,40,1,14295,14295,3,5,5,2,0,0,0,1
1252802,1,2021,2021,4,4,3,133,31,46,56,0,1,2,-33.880875,151.2379,81,0,2,1,0,0,0,0,0,0,7,50,1,1383,1383,1,33,27,2,0,0,0,1
1252812,2,2021,2021,4,4,5,8,27,12,13,0,1,1,-33.973711,148.881297,30,1,0,0,0,0,0,0,2,0,7,100,1,418,714,5,16,40,1,0,0,1,0
1252813,2,2020,2020,9,3,8,97,27,166,799,0,1,9,-33.930846,150.9955,15,0,2,1,1,0,0,0,2,2,7,70,2,1669,1669,3,0,5,2,0,0,5,0
1252815,1,2020,2020,2,5,4,22,31,165,78,0,1,9,-33.852327,151.152634,14,0,2,1,3,0,3,3,2,2,7,50,2,1391,1391,1,9,5,3,0,0,0,1
1252822,2,2021,2021,4,5,3,916,17,12,917,0,1,1,-30.34457,151.660166,1,1,0,0,3,0,0,0,2,0,7,100,2,395,395,1,8,13,2,0,0,1,0
1252824,4,2021,2021,4,6,5,3371,17,25,3342,0,1,2,-32.675141,151.825444,57,1,0,1,3,0,0,0,2,0,7,110,2,9859,9859,8,34,40,1,0,1,0,0
1252828,2,2021,2021,4,5,7,916,17,16,917,0,1,9,-31.576309,150.809724,51,1,0,1,3,0,0,0,2,0,7,100,2,301,301,4,10,10,2,0,0,1,0
1252829,2,2020,2020,2,6,11,36,31,218,70,0,1,9,-33.764649,150.780492,55,0,2,1,3,0,0,0,0,2,7,60,1,515,515,1,5,12,2,0,0,1,0
1252833,1,2020,2020,10,4,4,2209,17,64,2205,0,1,2,-34.38262,150.900318,80,0,2,1,3,0,0,0,2,0,7,80,2,14295,14295,3,10,5,2,0,0,0,1
1252835,2,2021,2021,4,0,7,35,27,155,231,1,0,1,-33.491694,151.327027,16,2,2,1,3,0,0,0,2,0,7,60,2,14295,14295,3,9,41,3,0,0,1,0
1252841,4,2020,2020,10,4,7,3,31,87,34609,0,1,9,-28.81386,153.28082,39,2,1,1,1,0,0,0,2,0,7,50,0,9859,9859,1,5,5,3,0,1,0,0
1252845,4,2020,2020,11,3,4,27,27,54,65,0,1,7,-33.697367,151.000522,71,0,2,1,0,0,0,0,2,0,0,60,1,14295,14295,3,5,5,2,0,1,0,0
1252849,2,2020,2020,9,0,11,9,27,81,34609,0,1,2,-33.885711,151.265516,81,0,2,0,2,0,0,0,0,0,7,50,0,312,312,2,15,40,1,0,0,1,0
1252850,1,2021,2021,4,2,11,251,27,115,212,0,1,9,-33.754485,151.223012,50,0,2,1,2,0,0,0,0,0,0,70,2,14295,14295,3,5,5,2,0,0,0,1
1252853,4,2021,2021,4,2,9,105,27,9,34609,0,1,1,-32.944499,151.672877,37,0,2,0,1,0,0,0,2,0,7,50,0,1981,1981,4,0,0,2,0,1,1,0
1252854,4,2020,2020,2,4,4,126,27,370,168,0,1,10,-34.072028,150.805665,13,0,2,1,1,0,0,0,2,2,7,60,2,14295,14295,3,30,36,3,0,2,0,0
1252855,1,2021,2021,4,2,6,1052,27,69,262,0,1,7,-32.905713,151.69227,48,0,2,0,0,0,0,0,2,2,7,60,2,14295,14295,3,0,0,2,0,0,0,1
1252856,1,2020,2020,10,4,8,6,10,323,34609,0,1,7,-33.742499,150.972856,71,0,2,1,0,0,0,0,2,0,0,50,0,6545,6545,4,5,5,2,0,0,0,1
1252859,1,2021,2021,4,4,10,4,31,3,34609,0,1,1,-33.708454,149.215171,51,2,1,1,0,0,3,0,3,0,7,50,0,945,945,5,5,40,1,0,0,0,1
1252860,4,2021,2021,4,5,8,76,27,309,34609,0,1,9,-33.799594,151.103973,61,0,2,1,1,0,0,0,2,0,7,50,0,6545,6545,4,22,36,2,0,1,0,0
1252861,2,2020,2020,9,5,10,154,27,293,244,0,1,1,-33.926173,151.053654,15,0,2,1,2,0,0,0,0,0,7,60,2,941,941,1,0,5,3,0,0,1,0
1252864,1,2021,2021,4,2,9,78,23,438,25,0,1,2,-33.847309,151.029645,21,0,2,1,1,0,3,4,2,0,7,50,1,9859,9859,8,5,40,1,0,0,0,1
1252866,4,2020,2020,2,5,7,37,31,273,87,0,1,10,-34.422382,150.900537,80,0,2,1,1,0,0,0,2,2,7,60,2,6545,6545,4,30,5,2,0,1,0,0
1252872,4,2020,2020,2,0,7,123,36,37,90,0,1,1,-31.253395,151.559783,51,1,0,1,0,0,0,0,2,0,7,100,1,1945,1945,5,16,40,1,0,1,0,0
1252873,2,2021,2021,4,3,11,12,27,35,103,0,1,1,-32.096771,152.364083,43,1,0,1,0,0,0,0,0,0,7,90,1,1089,1089,7,10,40,1,0,0,1,0
1252875,1,2021,2021,4,0,3,72,31,304,34609,0,1,1,-33.912147,151.163325,32,0,2,1,1,0,0,0,2,0,7,50,0,1109,397,1,0,27,2,0,0,0,1
1252876,2,2021,2021,4,2,6,6,31,129,34609,0,1,10,-33.892957,151.105662,9,0,2,1,1,0,0,0,2,0,15,50,0,6545,6545,4,5,18,2,0,0,1,0
1252878,2,2021,2021,4,4,4,39,22,65,34609,0,1,1,-33.389704,151.381907,16,2,2,0,0,0,0,0,2,0,7,50,0,4552,5151,8,30,40,1,0,0,1,0
1252879,2,2021,2021,4,2,11,168,17,32,212,0,1,2,-35.344299,149.28135,58,2,1,0,2,0,0,0,0,0,7,80,2,782,957,5,5,40,1,0,0,4,0
1252880,4,2020,2020,2,6,1,51,27,95,45,0,1,2,-33.744255,150.84105,7,0,2,1,2,0,3,4,0,0,7,60,1,2040,2040,9,33,28,2,0,1,0,0
1252881,1,2020,2020,2,5,8,10,31,74,34609,0,1,1,-33.766598,150.680208,55,0,2,1,1,0,3,4,3,0,7,50,0,1669,1669,3,0,5,2,0,0,0,1
1252885,1,2020,2020,9,0,9,1,27,247,34609,0,1,7,-33.819023,150.93775,21,0,2,1,1,0,0,0,3,0,0,50,0,14295,14295,3,33,27,2,0,0,0,1
1252887,2,2020,2020,9,4,1,15,27,278,24,0,1,1,-33.769694,151.043845,54,0,2,1,3,0,2,6,0,0,7,50,1,9859,9859,8,5,40,1,0,0,2,0
1252889,2,2020,2020,10,4,2,82,31,370,49,0,1,1,-34.069635,150.822146,13,0,2,1,2,0,3,4,0,2,9,60,1,4026,4026,8,5,40,1,0,0,1,0
1252890,2,2020,2020,2,5,6,829,27,309,770,0,1,9,-33.81824,151.114352,61,0,2,0,0,0,0,0,2,2,7,60,2,5929,5929,1,5,0,2,0,0,2,0
1252891,2,2021,2021,4,1,9,916,17,165,917,0,1,10,-32.263226,150.888838,46,2,1,1,2,0,0,0,2,2,9,50,2,2040,2040,9,5,28,2,0,0,1,0
1252892,1,2020,2020,5,0,11,11,31,19,34609,0,1,1,-35.85871,150.17039,23,2,1,1,0,2,0,0,0,0,7,50,0,9859,9859,8,10,40,1,0,0,0,1
1252893,4,2020,2020,9,2,8,4,23,609,34609,0,1,9,-33.778079,150.882838,7,0,2,1,0,0,0,0,2,0,7,50,0,256,256,4,5,0,3,0,1,0,0
1252897,2,2021,2021,4,5,4,2261,17,284,2252,0,1,9,-33.905106,151.010635,15,0,2,1,3,0,0,0,2,0,7,70,2,14295,14295,3,5,5,2,0,0,1,0
1252900,1,2020,2020,10,4,6,6,31,460,34609,0,1,9,-33.831682,150.986625,21,0,2,1,3,0,0,0,2,0,0,50,0,83,83,1,5,13,2,0,0,0,1
1252903,1,2020,2020,2,6,5,293,31,363,92,0,1,0,-33.81413,150.998769,54,0,2,1,3,0,0,0,2,2,9,60,1,14295,14295,3,9,5,2,0,0,0,1
1252904,1,2020,2020,9,6,3,2261,17,243,2252,0,1,9,-33.955877,150.89421,41,0,2,1,3,0,0,0,2,2,7,70,2,5929,5929,1,5,5,2,0,0,0,1
1252908,2,2020,2020,2,0,4,2261,17,112,2252,0,1,10,-33.913767,150.931688,41,0,2,1,3,0,0,0,2,2,7,70,2,6545,6545,4,5,5,2,0,0,1,0
1252909,1,2021,2021,4,2,4,220,27,104,222,0,1,10,-33.720565,150.937797,7,0,2,1,3,0,0,0,2,3,7,80,2,14295,14295,3,0,5,2,0,0,0,1
1252911,1,2020,2020,1,6,3,222,31,57,34609,0,1,10,-32.822441,151.472156,17,2,1,1,3,0,0,0,2,0,0,50,0,1282,1282,1,0,5,2,0,0,0,1
1252913,1,2020,2020,2,6,6,98,27,294,799,0,1,10,-33.92881,150.96228,41,0,2,1,3,0,0,0,2,2,7,70,2,14295,14295,3,10,5,2,0,0,0,1
1252916,4,2021,2021,4,4,8,57,27,11,75,0,1,1,-33.494554,151.298131,16,2,2,0,0,0,3,4,2,0,7,60,1,3775,3775,0,5,5,3,0,3,1,0
1252921,2,2021,2021,4,5,9,8,27,80,34609,0,1,10,-34.546818,146.39975,51,2,1,1,1,0,0,0,2,0,0,50,0,6545,6545,4,10,5,2,0,0,2,0
1252927,1,2020,2020,2,3,6,866,17,278,793,0,1,9,-33.783208,151.045275,54,0,2,0,3,0,0,0,2,2,7,60,2,2852,2852,4,5,5,2,0,0,0,2
1252928,2,2020,2020,2,4,9,6,1,145,34609,0,1,1,-33.923274,151.127152,15,0,2,1,2,0,0,0,0,0,7,50,0,1109,787,1,9,5,2,0,0,1,0
1252929,2,2021,2021,4,6,6,1,1,58,34609,1,0,9,-34.053855,151.121666,68,0,2,1,1,0,0,0,2,0,7,50,0,9859,9859,1,5,13,2,0,0,1,0
1252930,2,2021,2021,4,6,7,3,27,15,34609,0,1,1,-34.338553,146.89818,51,1,0,0,0,0,0,0,2,0,7,100,0,1981,1981,4,9,35,2,0,0,2,0
1252931,2,2021,2021,4,2,4,1052,14,87,928,0,1,3,-33.030865,151.476608,37,0,2,1,1,0,0,0,2,0,7,110,2,9859,9859,8,0,40,1,0,0,1,0
1252933,2,2020,2020,9,2,9,512,17,433,441,0,1,1,-33.310827,149.139094,52,2,1,1,0,0,0,0,2,0,7,80,2,96,96,0,5,13,2,0,0,2,0
1252940,2,2020,2020,2,6,9,133,1,22,34609,0,1,1,-34.477704,150.87216,80,0,2,1,1,0,0,3,2,0,7,50,0,9859,9859,1,9,5,3,0,0,1,0
1252945,2,2021,2021,4,5,6,3,27,15,34609,0,1,1,-35.151635,149.017044,82,2,1,0,0,0,0,0,2,0,7,80,0,3775,3775,0,33,10,2,0,0,1,0
1252946,4,2021,2021,4,1,8,74,27,609,18,0,1,2,-33.775063,150.889152,7,0,2,1,0,0,0,0,2,0,7,60,1,340,340,9,0,28,2,0,1,0,0
1252953,4,2021,2021,4,5,9,2,27,17,34609,0,1,1,-28.875645,153.504172,2,1,0,0,3,0,0,0,2,0,7,100,0,1282,1282,1,30,40,1,0,1,0,0
1252955,1,2020,2020,2,6,4,79,10,43,231,0,1,9,-33.439368,151.32817,16,2,2,1,3,0,0,3,2,0,0,60,2,2852,2852,4,30,5,2,0,0,0,1
1252960,2,2021,2021,4,5,3,255,31,64,46,1,0,1,-33.48376,150.143625,40,2,1,1,3,0,0,0,2,0,9,50,2,14295,14295,3,5,13,2,0,0,1,0
1252961,2,2020,2020,2,2,6,2209,17,32,2205,0,1,2,-34.593311,150.843393,62,0,2,1,3,0,0,0,2,0,7,100,2,9859,9859,8,10,40,1,0,0,1,0
1252972,2,2021,2021,4,2,5,330,27,147,605,0,1,2,-33.746377,151.291889,50,0,2,1,3,0,3,4,2,0,7,60,2,14295,14295,3,5,5,2,0,0,1,1
1252973,1,2021,2021,4,5,7,27,27,47,49,0,1,9,-33.777259,151.280042,50,0,2,1,3,0,0,0,2,0,15,60,1,14295,14295,3,30,5,3,0,0,0,1
1252976,1,2020,2020,2,4,4,2,31,609,34609,0,1,9,-33.781687,150.894101,7,0,2,1,3,0,0,0,2,0,7,50,0,14295,14295,3,10,0,3,0,0,0,1
1252979,2,2021,2021,4,0,9,26,27,232,34609,1,0,10,-33.683646,150.932056,71,0,2,1,3,0,0,0,3,2,7,60,0,5929,5929,1,5,5,2,0,0,1,0
1252982,2,2021,2021,4,2,5,26,31,363,34609,0,1,10,-33.75185,150.695457,55,0,2,1,3,0,0,0,2,2,8,40,0,14295,14295,3,33,0,2,0,0,1,0
1252988,1,2020,2020,9,0,8,22,10,40,34609,0,1,9,-34.018519,150.775465,12,0,2,1,3,0,0,0,2,0,0,50,0,14295,14295,3,21,36,2,0,0,0,1
1252991,1,2021,2021,4,3,7,158,27,68,207,0,1,9,-33.872841,151.248052,81,0,2,1,3,0,0,0,2,2,7,60,2,14295,14295,3,5,5,2,0,0,0,1
1252994,4,2020,2020,9,0,11,8,27,149,34609,0,1,1,-33.365424,151.362711,16,2,2,0,0,2,0,0,0,0,7,50,0,418,714,5,34,40,1,0,1,0,0
1252996,4,2020,2020,2,1,4,3371,17,225,3342,0,1,2,-33.792775,151.180014,77,0,2,1,1,0,0,3,2,0,7,60,2,1383,1383,1,33,0,4,0,1,0,0
1252998,1,2021,2021,4,6,7,2126,17,73,2149,0,1,2,-33.887976,151.167494,32,0,2,1,3,0,0,0,2,0,7,60,2,14295,14295,3,30,5,3,0,0,0,1
1252999,1,2020,2020,2,6,6,162,31,91,172,1,0,1,-32.96768,151.652106,37,0,2,1,3,0,0,0,2,0,7,60,2,14295,14295,3,0,0,3,0,0,0,1
1253001,2,2021,2021,4,5,8,9,31,88,34609,0,1,9,-33.746446,150.856112,7,0,2,1,3,0,0,0,2,0,15,60,0,2852,2852,4,5,5,2,0,0,1,0
1253004,4,2021,2021,4,2,6,3,10,129,34609,0,1,1,-33.936918,151.074158,15,0,2,1,0,0,0,0,2,0,7,60,0,14295,14295,3,5,5,4,0,1,1,0
1253009,2,2020,2020,10,5,4,334,17,84,308,1,2,10,-31.09207,150.922898,70,2,1,1,1,0,0,0,2,2,7,40,2,6545,6545,4,30,13,2,0,0,1,0
1253011,2,2021,2021,4,1,4,6,27,96,34609,0,1,7,-33.383968,148.001581,51,2,1,1,1,0,0,0,2,0,0,50,0,6545,6545,4,34,13,2,0,0,1,0
1253012,4,2020,2020,9,3,5,4,31,102,34609,0,1,1,-33.958556,151.244644,59,0,2,1,0,0,0,0,2,0,7,50,0,238,238,9,30,28,2,0,1,0,0
1253013,4,2021,2021,4,3,9,2,27,29,34609,0,1,1,-32.315993,142.474834,51,1,0,0,1,2,0,0,2,0,7,100,0,2585,4009,8,10,40,1,0,2,0,2
1253014,4,2021,2021,4,2,11,109,27,74,382,0,1,9,-33.747955,150.841977,7,0,2,1,2,0,0,0,0,0,7,60,2,1669,1669,3,15,0,2,0,1,0,0
1253016,2,2021,2021,4,2,10,30,10,27,30,0,1,1,-33.205371,151.201141,16,1,2,0,0,0,0,0,3,0,7,100,1,3775,3775,0,30,5,2,0,0,1,0
1253017,2,2021,2021,4,0,11,11,27,115,34609,1,0,1,-33.742952,151.203404,50,0,2,1,2,0,0,0,0,0,7,50,0,368,368,9,5,28,2,0,0,1,0
1253022,4,2020,2020,10,3,0,1,25,23,34609,0,1,9,-34.045651,150.814689,13,0,2,0,2,0,3,4,0,0,7,60,0,3775,3775,0,5,5,2,0,1,1,0
1253033,4,2020,2020,2,0,2,168,10,102,260,0,1,6,-33.945081,151.187621,4,0,2,0,2,0,0,0,0,0,7,60,2,2585,4009,8,29,40,1,0,1,0,0
1253038,4,2021,2021,4,0,8,39,31,253,34609,0,1,10,-33.956567,151.089901,25,0,2,1,0,0,0,0,2,0,15,50,0,5929,5929,1,10,5,2,0,1,1,0
1253040,2,2021,2021,4,6,8,19,31,161,34609,0,1,9,-33.879965,151.156583,32,0,2,1,1,0,0,0,2,0,0,50,0,515,515,1,27,5,2,0,0,1,0
1253041,4,2021,2021,4,6,1,9,27,29,13,0,1,1,-32.419245,142.471477,51,1,0,1,1,2,0,6,0,0,7,100,1,945,945,5,10,40,1,0,1,0,0
1253043,1,2020,2020,9,1,9,163,27,73,165,0,1,10,-33.761031,150.810019,7,0,2,1,1,0,0,0,0,0,7,60,1,14295,14295,3,5,0,2,0,0,0,1
1253050,4,2020,2020,9,3,5,17,10,12,34609,0,1,1,-34.412157,150.821432,80,0,2,0,0,0,0,0,2,0,7,60,0,4552,5151,8,16,40,1,0,1,0,0
1253051,2,2020,2020,2,5,2,149,10,346,702,0,1,9,-33.875347,151.067121,67,0,2,1,3,0,3,4,1,2,7,80,2,14295,14295,3,0,5,3,0,0,1,0
1253052,4,2020,2020,2,4,9,866,17,98,793,0,1,10,-33.739416,151.068679,31,0,2,1,3,0,0,3,3,2,7,70,2,5929,5929,1,5,0,3,0,1,0,0
1253053,2,2020,2020,10,0,7,86,27,7,42,0,1,1,-31.041491,152.746837,34,1,0,1,0,0,0,0,2,0,7,100,1,14295,14295,3,10,0,2,0,0,1,0
1253054,4,2020,2020,10,0,3,346,17,106,332,0,1,10,-28.859557,153.053924,60,2,1,1,1,0,0,0,2,0,0,50,2,2585,777,8,5,40,1,0,1,0,0
1253055,2,2020,2020,9,5,6,2,31,246,34609,0,1,9,-33.916273,151.199001,69,0,2,1,1,0,0,0,2,0,15,50,0,591,591,1,22,5,2,0,0,1,0
1253058,2,2020,2020,2,0,6,3,31,41,34609,0,1,10,-31.087504,150.91123,70,2,1,1,1,0,0,0,2,0,0,50,0,6545,6545,4,5,13,2,0,0,3,0
1253059,4,2020,2020,9,5,9,213,17,11,213,0,1,9,-29.769874,151.46854,33,1,0,1,0,2,0,0,0,0,7,100,2,1945,1945,5,5,40,1,0,1,0,0
1253060,4,2020,2020,10,1,10,334,17,41,308,0,1,1,-31.464005,152.767121,56,2,1,1,0,0,0,0,0,0,7,80,2,14295,14295,3,30,40,2,0,1,0,0
1253062,4,2020,2020,9,6,5,86,27,7,42,0,1,1,-30.818477,152.535772,34,1,0,0,0,0,0,0,2,0,7,100,1,4552,5151,8,16,40,1,0,1,0,0