Crash ID,Degree of crash - detailed,Reporting year,Year of crash,Month of crash,Day of week of crash,Two-hour intervals,Street of crash,Street type,Town,Route no.,School zone location,School zone active,Type of location,Latitude,Longitude,LGA,Urbanisation,Conurbation 1,Alignment,Street lighting,Road surface,Surface condition,Weather,Natural lighting,Signals operation,Other traffic control,Speed limit,Road classification,RUM - code,DCA - code,First impact type,Key TU type,Other TU type,No. of traffic units involved,No. killed,No. seriously injured,No. moderately injured,No. minor-other injured
1253064,2,2020,2020,9,1,4,42,31,77,34609,0,1,10,-32.942039,151.74393,48,0,2,1,0,0,0,3,2,0,15,50,0,5929,5929,1,5,19,2,0,0,1,0
1253065,4,2020,2020,9,3,4,11,27,8,34609,0,1,1,-33.288624,150.980873,29,2,2,0,0,0,0,0,2,0,7,60,0,3775,3775,0,16,36,2,0,1,0,0
1253068,2,2020,2020,10,4,8,194,31,157,769,0,1,9,-33.795211,151.001019,54,0,2,1,1,0,0,0,2,0,3,60,2,5929,5929,1,0,5,2,0,0,1,0
1253069,4,2020,2020,9,2,5,14,1,54,99,0,1,1,-33.901314,151.22041,69,0,2,1,1,0,0,0,2,0,7,50,2,3775,3775,0,0,36,4,0,1,1,0
1253070,4,2020,2020,2,4,7,2126,17,17,2149,0,1,1,-33.44117,149.837418,3,1,0,1,3,0,0,0,2,0,7,100,2,1981,1981,4,0,5,2,0,1,0,0
1253071,4,2020,2020,9,6,4,58,31,79,34609,0,1,9,-34.907612,150.599417,63,2,1,1,0,0,0,0,2,0,0,80,0,2852,2852,4,5,12,2,0,1,0,1
1253072,2,2020,2020,9,4,11,478,17,22,480,0,1,1,-33.326797,151.510659,16,2,2,0,2,0,0,0,0,0,7,70,2,3775,3775,0,5,5,2,0,0,1,0
1253073,4,2020,2020,9,5,3,481,17,7,483,0,1,1,-30.023236,149.790989,51,1,0,1,0,0,0,0,2,0,7,110,2,9859,9859,8,8,40,1,0,1,0,0
1253075,4,2021,2021,4,0,3,10,27,96,160,0,1,9,-34.054733,150.828524,13,0,2,1,2,0,0,0,2,0,7,60,2,1945,1945,5,16,40,1,0,1,0,0
1253076,1,2020,2020,2,2,8,2126,17,226,2149,0,1,2,-33.779147,150.814173,7,0,2,1,2,0,3,4,2,0,7,80,2,14295,14295,3,5,5,4,0,0,0,1
1253078,2,2020,2020,9,0,4,171,27,113,369,0,1,9,-33.785049,150.704356,55,0,2,1,1,0,0,0,2,2,7,60,2,9859,9859,8,30,40,1,0,0,1,0
1253080,4,2020,2020,10,2,3,2261,17,187,2252,0,1,2,-33.895751,150.990063,15,0,2,1,1,0,3,4,2,0,7,70,2,3775,3775,0,5,5,2,0,3,0,0
1253081,2,2020,2020,10,1,7,35,31,123,34609,0,1,1,-33.834181,148.683753,51,2,1,1,0,0,3,4,2,0,7,50,0,945,945,5,16,40,1,0,0,1,0
1253082,2,2020,2020,2,2,5,11,27,73,88,0,1,1,-33.697049,150.709728,55,0,2,1,0,0,0,0,2,0,7,80,2,14295,14295,3,5,0,3,0,0,1,1
1253086,4,2020,2020,9,4,0,13,31,82,34609,0,1,1,-31.07759,150.92452,70,2,1,1,2,0,0,0,0,0,7,50,0,9859,9859,1,5,41,2,0,1,1,0
1253088,1,2020,2020,9,0,10,105,17,251,136,0,1,10,-33.776727,150.933164,7,0,2,1,2,0,0,0,0,2,7,60,2,5929,5929,1,5,5,2,0,0,0,1
1253089,2,2020,2020,9,0,6,10,31,21,34609,1,0,10,-34.506277,144.841538,51,2,1,1,3,0,0,0,2,0,0,50,0,6545,6545,4,0,5,2,0,0,1,0
1253090,4,2020,2020,2,6,5,348,27,21,100,0,1,9,-33.609003,150.718297,29,2,2,1,0,0,0,0,2,0,0,60,2,3775,3775,0,5,0,2,0,1,1,0
1253092,2,2020,2020,2,5,5,3,27,1,34609,0,1,1,-32.553588,151.210581,64,2,1,1,0,0,0,3,2,0,7,80,0,4026,4026,8,0,40,1,0,0,1,0
1253094,2,2020,2020,9,6,4,251,14,139,124,0,1,3,-33.832786,151.211927,49,0,2,1,0,0,0,0,2,0,7,80,2,1383,1383,1,0,19,2,0,0,1,0
1253096,4,2020,2020,2,6,5,1104,14,247,962,0,1,3,-33.813791,150.954158,21,0,2,1,1,0,0,0,2,0,7,90,2,14295,14295,3,29,35,7,0,1,1,0
1253098,2,2020,2020,2,5,8,1,27,87,34609,0,1,1,-34.503209,150.454318,78,2,1,1,0,0,0,6,2,0,7,50,0,4026,4026,8,0,40,1,0,0,1,0
1253100,2,2020,2020,2,5,11,119,31,73,34,0,1,10,-33.873967,151.214434,69,0,2,1,2,0,0,0,0,2,7,50,1,14295,14295,3,5,5,2,0,0,1,1
1253101,2,2020,2020,2,0,11,2,31,44,34609,0,1,1,-33.087557,147.149949,51,2,1,1,2,0,0,0,0,0,7,50,0,9859,9859,1,5,0,3,0,0,1,0
1253103,4,2020,2020,2,0,6,293,10,74,34609,0,1,9,-33.725475,151.046969,31,0,2,0,0,0,3,4,2,0,7,50,0,2852,2852,4,9,13,2,0,1,0,0
1253106,2,2020,2020,10,0,11,2,1,77,34609,0,1,1,-33.927864,151.159986,32,0,2,1,2,0,0,0,0,0,7,50,0,4026,4026,1,5,13,5,0,0,1,0
1253108,2,2020,2020,9,4,10,13,27,43,42,0,1,1,-33.593731,150.82126,29,2,2,1,0,0,0,0,0,0,7,80,1,3775,3775,0,5,5,2,0,0,2,0
1253109,2,2020,2020,2,3,0,9,27,11,34609,0,1,1,-34.811086,149.743571,26,1,0,1,0,0,0,3,0,0,7,100,0,9859,9859,8,10,40,1,0,0,1,0
1253110,2,2020,2020,2,0,1,7,31,48,144,0,1,9,-32.725654,152.139187,57,2,1,1,2,0,0,0,0,0,7,50,2,14295,14295,3,5,5,2,0,0,4,0
1253112,2,2020,2020,9,3,9,1,33,22,34609,0,1,1,-32.863326,151.81052,57,2,1,1,0,2,0,0,2,0,0,10,0,3775,3775,0,16,13,2,0,0,2,0
1253114,4,2020,2020,9,1,0,2,7,17,34609,0,1,1,-30.891207,153.050496,34,2,1,0,2,0,0,0,0,0,7,50,0,4552,5151,8,5,40,1,0,1,0,0
1253115,4,2020,2020,10,2,8,10,27,2,34609,0,1,1,-29.845714,152.365713,18,2,1,0,0,2,0,3,2,0,7,80,0,1850,1463,5,16,40,1,0,1,0,0
1253116,4,2020,2020,9,6,4,1,27,11,34609,0,1,1,-35.690121,146.670518,27,1,0,1,0,2,0,0,2,0,7,100,0,9859,9859,8,0,40,1,0,1,0,0
1253117,2,2021,2021,4,6,8,8,10,16,34609,0,1,7,-33.373559,149.547374,3,2,1,1,1,0,0,3,2,0,0,50,0,1945,1945,5,16,40,1,0,0,1,0
1253120,2,2020,2020,2,5,7,103,36,8,157,0,1,1,-29.353555,153.01225,18,1,0,1,0,0,0,0,2,0,7,100,2,9859,9859,8,10,40,1,0,0,1,1
1253121,4,2020,2020,9,2,4,3,27,6,34609,0,1,1,-28.537835,153.178695,39,2,1,0,0,0,0,0,2,0,7,60,0,2585,4009,8,10,40,1,0,1,0,1
1253122,4,2020,2020,10,6,9,485,27,67,769,0,1,10,-33.662429,150.89356,71,0,2,1,2,0,0,0,3,2,7,80,2,5929,5929,1,5,5,2,0,2,1,1
1253126,1,2020,2020,2,6,4,73,27,21,34609,0,1,1,-33.729817,150.416902,8,2,2,1,3,0,3,1,2,0,7,50,0,4026,4026,8,9,40,1,0,0,0,1
1253127,2,2020,2020,2,2,9,120,36,10,148,0,1,1,-30.506239,152.233876,1,1,0,0,0,0,3,4,0,0,7,100,2,2585,4009,8,5,40,1,0,0,2,0
1253128,2,2020,2020,2,4,7,6,10,120,34609,0,1,1,-32.214478,152.549006,43,2,1,1,0,0,2,6,2,0,7,60,0,4026,4026,8,5,40,1,0,0,1,0
1253130,1,2020,2020,2,0,9,177,22,87,176,0,1,2,-34.050513,151.150066,68,0,2,1,3,0,0,0,3,0,7,60,2,14295,14295,3,0,40,2,0,0,0,1
1253131,4,2021,2021,4,2,8,30,27,43,24,0,1,1,-32.81841,151.830354,57,2,1,0,0,0,3,3,2,0,7,80,2,2585,4009,8,0,40,1,0,1,4,0
1253133,2,2020,2020,2,0,7,1,7,64,34609,0,1,1,-33.491166,150.148156,40,2,1,0,0,0,0,3,2,0,7,10,0,4552,5151,8,30,40,1,0,0,1,0
1253135,2,2020,2020,10,5,5,866,17,174,793,0,1,2,-33.863199,150.92636,24,0,2,1,3,0,0,0,2,0,7,70,2,9859,9859,8,5,40,1,0,0,1,0
1253137,4,2020,2020,9,1,9,34,18,23,34609,0,1,1,-36.6703,149.566477,5,1,0,0,1,2,0,0,3,0,7,100,0,4552,5151,8,9,40,1,0,1,2,0
1253141,1,2021,2021,4,1,3,150,27,309,415,0,1,2,-33.801693,151.113959,61,0,2,1,3,0,0,0,2,0,7,70,2,515,515,1,10,5,2,0,0,0,1
1253142,2,2021,2021,4,0,8,1052,27,219,262,0,1,10,-32.903727,151.682903,48,0,2,1,3,0,0,0,3,2,7,60,2,14295,14295,3,5,13,3,0,0,1,0
1253145,1,2021,2021,4,0,9,63,27,103,34,0,1,9,-32.947484,151.668217,37,0,2,1,3,0,0,0,3,0,7,60,1,14295,14295,3,9,5,2,0,0,0,1
1253146,1,2021,2021,4,2,7,102,31,107,53,0,1,0,-33.881437,151.197087,69,0,2,1,3,0,0,0,2,0,7,50,2,14295,14295,3,0,0,2,0,0,0,1
1253147,2,2021,2021,4,4,5,71,31,78,125,1,0,9,-33.848934,151.012253,21,0,2,1,3,0,0,0,2,0,0,60,1,301,301,4,0,5,2,0,0,1,0
1253150,1,2021,2021,4,3,3,3371,17,14,3342,0,1,9,-33.064358,151.651776,37,0,2,1,3,0,0,0,2,0,7,70,2,941,941,1,5,27,2,0,0,0,1
1253152,2,2021,2021,4,4,7,20,31,131,60,0,1,10,-36.070062,146.926281,0,2,1,1,3,0,0,0,2,0,7,50,1,1669,1669,3,5,5,2,0,0,1,0
1253154,4,2021,2021,4,2,8,149,27,72,198,0,1,1,-34.016518,150.981538,68,0,2,1,0,0,0,0,2,0,7,90,2,1945,1945,5,16,40,1,0,1,1,0
1253158,2,2020,2020,9,6,8,25,27,22,61,0,1,10,-33.828195,151.199677,49,0,2,1,2,0,0,0,2,0,0,50,1,6545,6545,4,21,19,2,0,0,1,0
1253161,1,2020,2020,2,1,2,113,27,78,111,0,1,1,-33.879754,150.807281,55,0,2,1,3,0,0,0,1,0,7,80,2,14295,14295,3,5,0,3,0,0,0,1
1253164,1,2021,2021,4,1,10,39,10,87,65,0,1,7,-33.699672,150.95882,71,0,2,1,3,0,0,0,3,0,0,60,1,6545,6545,4,5,5,2,0,0,0,1
1253165,1,2021,2021,4,1,8,54,27,20,563,0,1,1,-34.038775,150.999068,68,0,2,1,3,0,0,0,2,0,7,80,2,14295,14295,3,5,5,2,0,0,0,1
1253166,2,2021,2021,4,0,9,14,31,57,34609,0,1,9,-34.565009,150.804596,62,0,2,0,3,0,0,0,3,0,7,50,0,1669,1669,3,5,0,2,0,0,1,0
1253173,1,2021,2021,4,0,3,36,31,363,31,0,1,10,-33.818648,151.016907,54,0,2,1,3,0,0,0,2,2,7,60,1,301,301,4,9,0,2,0,0,0,1
1253175,2,2021,2021,4,0,3,5,1,337,34609,0,1,9,-33.721611,150.999363,71,0,2,1,3,0,0,1,2,0,7,50,0,2852,2852,4,5,0,2,0,0,1,0
1253179,1,2021,2021,4,5,7,3371,17,463,3342,0,1,9,-30.29269,153.117221,19,2,1,1,3,0,0,0,2,2,7,60,2,14295,14295,3,0,13,2,0,0,0,1
1253180,1,2020,2020,9,4,4,24,27,11,24,0,1,1,-34.853571,150.677635,63,2,1,1,0,0,3,4,2,0,7,80,1,14295,14295,3,0,0,2,0,0,0,1
1253183,1,2021,2021,4,6,7,149,27,60,198,0,1,10,-33.949291,150.950073,41,0,2,1,3,0,0,0,2,2,7,60,2,1282,1282,1,33,0,2,0,0,0,1
1253184,2,2021,2021,4,3,6,93,1,161,34609,0,1,1,-33.721881,151.161993,36,0,2,1,3,0,0,0,2,0,7,50,0,9859,9859,1,5,5,3,0,0,1,0
1253186,1,2020,2020,2,4,8,280,10,314,82,0,1,1,-33.851611,150.927519,24,0,2,1,0,0,0,0,2,0,7,60,1,1981,1981,4,5,27,2,0,0,0,1
1253188,1,2021,2021,4,1,7,149,10,346,702,0,1,10,-33.86795,151.064382,67,0,2,1,3,0,0,0,2,2,7,80,2,5929,5929,1,5,5,2,0,0,0,1
1253192,2,2021,2021,4,4,7,1,31,290,34609,0,1,9,-33.957342,151.1208,4,0,2,1,3,0,0,0,2,0,7,50,0,2852,2852,4,5,13,2,0,0,1,1
1253195,2,2021,2021,4,1,6,67,27,18,34609,0,1,1,-35.578505,150.073291,23,1,0,1,0,2,0,0,2,0,7,100,0,1945,1945,5,16,40,1,0,0,1,0
1253196,2,2021,2021,4,5,6,348,17,105,232,0,1,1,-32.585603,149.572972,44,2,1,1,1,0,0,0,2,0,7,50,2,9859,9859,1,30,6,2,0,0,1,0
1253197,2,2020,2020,9,4,10,1,31,112,34609,0,1,9,-33.908947,150.933304,41,0,2,1,2,0,0,0,0,0,7,50,0,1282,1282,1,17,40,1,0,0,1,0
1253198,2,2021,2021,4,4,8,512,17,562,441,0,1,9,-32.256476,148.624939,22,2,1,1,1,0,0,0,2,2,0,60,2,5929,5929,1,10,5,2,0,0,2,0
1253200,2,2020,2020,11,0,10,1,18,6,34609,0,1,1,-28.722417,152.996036,51,1,0,1,0,2,0,0,0,0,7,100,0,312,312,2,0,40,1,0,0,2,0
1253202,4,2021,2021,4,5,6,222,27,54,40,0,1,1,-33.628878,150.892898,71,0,2,1,2,0,0,0,2,0,7,80,1,1945,1945,5,16,40,2,0,2,0,0
1253205,1,2020,2020,10,4,4,10,31,198,34609,1,0,1,-33.912678,151.105045,15,0,2,1,0,0,0,0,2,0,7,50,0,1981,1981,4,5,27,2,0,0,0,1
1253208,4,2021,2021,4,4,2,5,27,13,34609,0,1,1,-32.392111,150.823191,46,2,1,0,0,0,3,5,1,0,7,80,0,4552,5151,8,16,40,1,0,1,0,0
1253210,4,2021,2021,4,2,6,3371,17,463,3342,0,1,2,-30.27386,153.134211,19,2,1,0,0,0,3,3,2,0,7,60,2,1957,4009,8,30,40,3,0,1,1,0
1253212,4,2020,2020,2,5,7,33,27,98,260,0,1,1,-33.028989,151.563445,37,0,2,0,0,0,3,4,2,0,7,80,2,3775,3775,0,10,0,2,0,2,0,1
1253217,1,2020,2020,2,0,6,512,17,11,441,0,1,9,-32.998431,148.862312,11,1,0,0,0,0,0,0,2,0,0,100,2,1850,1463,5,10,40,1,0,0,0,1
1253218,2,2021,2021,4,0,9,2,1,363,34609,0,1,10,-33.748779,150.70121,55,0,2,1,1,0,0,0,3,0,0,50,0,6545,6545,4,10,5,2,0,0,1,0
1253219,1,2020,2020,2,6,7,194,31,88,34609,0,1,10,-33.993815,151.112517,25,0,2,1,1,0,0,0,2,0,0,50,0,6545,6545,4,30,0,2,0,0,0,1
1253224,2,2021,2021,4,4,6,18,27,136,148,0,1,1,-32.929609,151.716404,48,0,2,1,1,0,0,0,2,0,7,60,1,4026,4026,8,5,40,1,0,0,1,0
1253225,4,2021,2021,4,6,4,38,27,8,45,0,1,9,-35.085946,150.64457,63,2,1,1,0,0,0,0,2,0,0,70,1,1669,1669,3,0,5,3,0,1,0,0
1253226,4,2020,2020,2,0,8,44,31,23,34609,1,2,1,-34.57986,150.865485,62,0,2,1,1,0,0,0,2,0,9,40,0,4026,4026,8,0,40,1,0,1,0,0
1253228,2,2020,2020,10,2,6,2126,17,93,2149,0,1,9,-33.418423,149.596151,3,2,1,1,3,0,3,4,2,0,0,70,2,14295,14295,3,9,13,3,0,0,1,0
1253237,1,2020,2020,2,1,7,125,27,22,144,0,1,7,-32.857288,151.803424,57,2,1,1,1,0,0,0,2,0,0,70,2,1282,1282,1,5,0,2,0,0,0,2
1253239,4,2020,2020,9,5,1,43,27,316,38,0,1,7,-33.904911,151.23248,59,0,2,0,0,0,0,0,0,0,7,50,1,1850,1463,5,22,40,1,0,1,0,0
1253241,4,2021,2021,4,1,6,39,31,271,21,0,1,9,-33.943253,151.005157,15,0,2,1,1,0,0,0,2,0,0,60,1,1945,1945,5,16,40,1,0,1,0,0
1253242,4,2021,2021,4,3,11,28,27,346,63,0,1,10,-33.875125,151.086557,67,0,2,1,2,0,0,0,0,2,7,50,1,5929,5929,1,5,18,2,0,1,0,0
1253249,2,2020,2020,9,5,11,98,27,87,799,0,1,9,-33.928794,150.97783,41,0,2,1,2,0,0,0,0,0,0,70,2,14295,14295,3,0,19,2,0,0,1,0
1253251,1,2020,2020,9,0,8,829,27,149,770,0,1,2,-33.868982,151.176823,32,0,2,0,1,0,0,0,2,0,7,60,2,14295,14295,3,10,5,3,0,0,0,1
1253253,4,2020,2020,2,6,10,3371,17,131,3342,0,1,9,-33.788314,151.179706,77,0,2,1,2,0,0,0,0,0,7,60,2,926,926,4,5,5,2,0,1,1,0
1253254,4,2021,2021,4,1,6,30,27,57,52,0,1,9,-33.902244,151.172032,32,0,2,1,1,0,0,0,2,0,0,60,1,14295,14295,3,5,10,2,0,1,0,0
1253256,1,2020,2020,9,1,0,485,27,323,769,0,1,2,-33.761641,150.992487,71,0,2,1,2,0,0,0,0,0,7,60,2,945,945,5,5,40,1,0,0,0,1
1253261,1,2020,2020,5,5,3,7,31,25,34609,0,1,10,-35.040908,150.670537,63,2,1,1,1,0,0,0,2,0,0,50,0,6545,6545,4,30,0,2,0,0,0,4
1253262,2,2020,2020,2,5,11,47,27,293,69,0,1,1,-33.941075,151.235445,59,0,2,1,2,0,0,0,0,0,7,60,1,2040,2040,9,5,28,2,0,0,1,0
1253263,1,2020,2020,9,5,8,866,17,187,793,0,1,10,-33.795458,150.989598,54,0,2,1,2,0,0,0,3,2,7,70,2,14295,14295,3,5,5,2,0,0,0,1
1253264,4,2020,2020,10,5,3,48,10,59,58,0,1,9,-32.88421,151.724296,48,0,2,1,1,0,3,4,1,2,9,80,2,1945,1945,5,8,40,1,0,1,0,0
1253266,4,2020,2020,9,3,11,109,27,204,105,1,0,1,-33.895093,150.941496,24,0,2,1,2,0,0,0,0,0,7,60,2,1220,1220,9,5,28,2,0,1,0,0
1253268,2,2021,2021,4,5,9,3371,17,23,3342,0,1,9,-32.999563,151.685597,37,0,2,0,1,0,0,6,2,2,7,70,2,6545,6545,4,5,0,2,0,0,1,0
1253269,4,2020,2020,9,4,6,42,36,18,34609,0,1,1,-30.686962,152.968421,47,1,0,1,0,0,0,0,2,0,7,100,0,1945,1945,5,16,40,1,0,1,0,0
1253270,2,2020,2020,2,5,7,51,27,85,34609,0,1,10,-33.910862,150.875153,41,0,2,1,3,0,0,0,2,2,7,50,0,5929,5929,1,5,5,2,0,0,1,0
1253271,4,2021,2021,4,4,6,27,10,53,6,0,1,9,-30.647179,152.999306,47,2,1,1,0,0,0,0,2,0,7,50,1,186,186,9,18,28,2,0,1,0,0
1253272,1,2020,2020,10,4,9,35,27,304,37,1,0,9,-33.907903,151.144291,32,0,2,1,1,0,0,0,2,0,0,50,1,2852,2852,4,5,5,2,0,0,0,2
1253273,4,2020,2020,2,1,6,2126,17,60,2149,0,1,1,-33.626399,150.283568,8,2,2,0,1,0,3,3,2,0,7,80,2,3775,3775,0,0,12,2,0,1,0,0
1253274,4,2020,2020,9,1,8,193,27,64,94,0,1,7,-33.883559,151.023313,21,0,2,0,0,0,0,0,2,0,0,50,1,2852,2852,4,16,5,2,0,1,0,0
1253277,4,2020,2020,9,6,9,5,27,144,34609,0,1,1,-34.066641,151.005643,68,0,2,1,1,0,0,0,2,0,7,50,0,340,340,9,5,28,2,0,1,0,0
1253278,2,2020,2020,2,1,6,1,27,234,34609,0,1,10,-34.275547,146.016541,28,1,0,1,3,0,0,0,2,0,0,100,0,6545,6545,4,21,0,2,0,0,2,0
1253282,4,2020,2020,2,1,3,41,27,120,154,0,1,9,-33.767685,150.86397,7,0,2,0,1,0,0,0,2,2,7,60,1,14295,14295,3,5,0,3,0,1,0,0
1253284,2,2021,2021,4,4,4,28,1,31,34609,0,1,1,-30.345097,153.081162,19,2,1,1,0,0,0,0,2,0,7,50,0,9859,9859,8,30,40,1,0,0,1,0
1253285,2,2020,2020,9,4,4,2261,17,112,2252,0,1,10,-33.911318,150.938079,41,0,2,1,1,0,3,4,2,2,7,70,2,14295,14295,3,8,5,2,0,0,1,0
1253287,1,2020,2020,10,0,2,916,17,9,917,0,1,1,-32.405093,150.989782,64,1,0,1,0,0,0,0,0,0,7,100,2,9859,9859,8,21,40,1,0,0,0,1
1253288,4,2020,2020,10,5,6,91,27,139,187,0,1,2,-33.870343,151.147612,32,0,2,0,0,0,0,3,2,0,7,60,2,14295,14295,3,8,0,4,0,1,0,0
1253289,4,2020,2020,9,1,5,222,27,67,40,0,1,10,-33.651423,150.877652,71,0,2,0,0,0,0,3,2,0,0,80,1,6545,6545,4,5,5,3,0,3,2,0
1253290,2,2020,2020,9,5,7,113,27,113,111,0,1,2,-33.787373,150.770386,55,0,2,1,0,0,0,0,2,0,7,60,2,14295,14295,3,9,5,5,0,0,1,0
1253291,2,2020,2020,10,2,6,2,27,30,14,0,1,1,-34.497743,150.313268,78,2,1,1,0,0,0,0,2,0,7,80,1,9859,9859,8,30,40,1,0,0,1,0
1253292,1,2021,2021,4,3,9,22,31,463,34609,0,1,1,-30.300869,153.116092,19,2,1,1,0,0,0,0,2,0,7,50,0,4026,4026,8,5,40,1,0,0,0,1
1253293,4,2021,2021,4,0,0,3371,17,32,3342,0,1,2,-29.101767,153.339886,60,1,0,1,0,0,0,3,0,0,7,110,2,121,121,9,5,26,2,0,1,0,0
1253295,2,2021,2021,4,4,6,348,17,10,232,0,1,1,-32.685295,149.705126,44,1,0,1,0,0,0,0,2,0,7,100,2,1669,1669,3,0,0,2,0,0,1,0
1253296,1,2021,2021,4,0,8,1052,27,69,262,0,1,2,-32.907897,151.697224,48,0,2,1,1,0,0,0,2,0,7,60,2,14295,14295,3,5,36,3,0,0,0,2
1253298,1,2020,2020,10,2,9,11,22,293,34609,0,1,7,-33.925571,151.058411,15,0,2,1,0,0,3,4,2,0,0,50,0,5929,5929,1,16,5,2,0,0,0,1
1253299,2,2021,2021,4,6,5,37,31,135,34609,0,1,2,-32.890754,151.733014,48,0,2,1,0,0,0,0,2,0,7,50,0,14295,14295,3,30,10,3,0,0,1,0
1253302,2,2020,2020,2,0,10,1,27,8,34609,0,1,1,-30.804478,150.928761,70,2,1,0,0,2,0,0,0,0,7,60,0,418,714,5,10,40,1,0,0,1,0
1253304,4,2020,2020,10,1,8,3371,17,65,3342,0,1,2,-30.358752,153.05907,19,1,0,1,0,0,3,4,2,0,7,110,2,14295,14295,3,16,36,2,0,1,0,0
1253314,1,2020,2020,9,3,3,44,31,82,34609,0,1,9,-33.800329,151.263596,50,0,2,1,0,2,0,0,2,0,7,50,0,4026,4026,1,5,0,2,0,0,0,1
1253316,1,2020,2020,7,3,7,330,23,150,233,0,1,2,-33.919701,151.22658,59,0,2,1,3,0,0,0,2,0,7,50,2,14295,14295,3,5,12,2,0,0,0,1
1253317,2,2021,2021,4,5,7,35,27,91,96,0,1,9,-32.965498,151.656279,37,0,2,1,3,0,0,0,2,2,7,60,2,1192,1192,1,5,0,3,0,0,1,0
1253323,2,2021,2021,4,4,9,3,10,103,34609,0,1,9,-32.945186,151.651815,37,0,2,1,3,0,3,4,3,0,7,50,0,5929,5929,1,30,5,2,0,0,1,0
1253329,1,2020,2020,10,4,9,8,27,323,20,0,1,1,-33.761732,151.004203,71,0,2,1,3,0,3,4,0,0,7,50,1,9859,9859,8,9,40,1,0,0,0,1
1253331,2,2021,2021,4,0,3,97,27,166,799,0,1,9,-33.93193,150.999405,15,0,2,1,3,0,0,0,2,2,7,70,2,14295,14295,3,34,5,2,0,0,1,0
1253332,1,2021,2021,4,6,5,27,27,49,28,0,1,2,-33.961707,151.213568,4,0,2,1,3,0,0,0,2,0,7,70,2,14295,14295,3,8,12,4,0,0,0,1
1253336,2,2020,2020,2,5,9,3,10,88,34609,0,1,1,-33.744372,150.854469,7,0,2,0,1,0,3,3,2,0,7,50,0,2585,4009,8,5,40,1,0,0,2,0
1253339,4,2020,2020,2,0,9,27,36,4,34609,0,1,1,-29.664553,152.983913,18,1,0,0,0,0,0,0,2,0,7,100,0,2585,4009,8,5,40,1,0,1,0,0
1253344,1,2020,2020,10,2,8,4,27,95,34609,0,1,1,-33.73694,150.828763,7,0,2,1,2,0,3,4,3,0,7,50,0,1981,1981,4,0,5,2,0,0,0,1
1253345,2,2021,2021,4,0,7,2209,17,106,2205,0,1,2,-34.548581,150.785096,62,0,2,1,1,0,0,0,2,0,7,70,2,1282,1282,1,29,5,2,0,0,1,0
1253346,4,2020,2020,10,6,9,192,10,84,114,0,1,1,-33.465308,151.403231,16,2,2,0,1,0,0,0,3,0,7,60,2,1850,1463,5,5,40,1,0,1,0,0
1253347,2,2021,2021,4,6,5,3,27,16,34609,0,1,9,-33.993301,151.024765,68,0,2,1,1,0,0,0,2,0,7,50,0,9859,9859,1,5,5,2,0,0,1,0
1253348,4,2020,2020,2,5,5,2126,17,445,2149,0,1,9,-33.847154,151.046186,21,0,2,1,1,0,3,3,2,2,7,60,2,14295,14295,3,5,0,2,0,1,0,0
1253349,1,2021,2021,4,3,10,33,31,11,34609,1,0,1,-30.644285,152.854631,47,2,1,1,2,0,0,0,0,0,7,50,0,4026,4026,8,5,40,1,0,0,0,1
1253350,2,2021,2021,4,2,9,67,27,100,68,0,1,1,-33.80771,151.171984,77,0,2,0,0,0,3,4,3,0,7,50,1,3775,3775,0,5,5,2,0,0,2,0
1253355,1,2021,2021,4,2,8,4,27,160,34609,0,1,10,-33.101367,151.504315,37,0,2,1,1,0,0,0,2,0,0,60,0,6545,6545,4,5,0,2,0,0,0,3
1253357,4,2020,2020,9,6,7,10,27,68,34609,0,1,1,-33.636255,149.845159,51,1,0,0,0,0,0,0,2,0,7,100,0,4552,5151,8,16,40,1,0,1,0,0
1253358,2,2020,2020,2,6,1,916,17,53,917,0,1,7,-31.097921,150.936645,70,2,1,1,2,0,0,3,0,0,0,60,2,4026,4026,8,10,40,1,0,0,1,0
1253359,4,2020,2020,9,4,4,43,27,4,46,0,1,1,-28.361667,153.576139,72,2,1,0,0,0,0,0,2,0,7,60,1,1192,1192,1,33,27,2,0,1,0,0
1253361,4,2020,2020,2,4,3,31,27,197,69,0,1,10,-33.794998,151.14087,61,0,2,1,1,0,0,0,2,2,7,60,2,395,395,1,5,5,2,0,1,0,0
1253366,2,2021,2021,4,1,7,3371,17,37,3342,0,1,9,-33.011381,151.678186,37,0,2,0,3,0,1,0,2,0,0,80,2,2852,2852,4,5,0,2,0,0,1,0
1253369,1,2021,2021,4,1,7,32,31,111,91,0,1,9,-33.920868,151.256819,59,0,2,1,3,0,0,0,2,3,7,40,1,14295,14295,3,5,25,2,0,0,0,1
1253370,1,2020,2020,9,3,2,29,27,85,30,0,1,7,-33.895992,150.867798,41,0,2,1,3,0,0,0,0,0,0,60,1,6545,6545,4,10,5,2,0,0,0,1
1253375,1,2021,2021,4,0,8,18,1,24,115,0,1,10,-33.706829,151.10923,31,0,2,1,3,0,0,0,2,2,7,60,1,3775,3775,0,10,5,2,0,0,0,1
1253376,1,2020,2020,2,6,3,103,27,149,167,0,1,10,-34.001098,151.126704,4,0,2,1,3,0,0,0,2,2,6,70,2,14295,14295,3,8,5,2,0,0,0,1
1253378,1,2020,2020,9,4,6,344,27,179,369,0,1,10,-33.747007,150.714452,55,0,2,1,3,0,3,4,2,2,7,70,2,217,217,1,10,5,2,0,0,0,1
1253381,1,2020,2020,11,5,8,2261,17,112,2252,0,1,10,-33.913767,150.931688,41,0,2,1,3,0,0,0,2,1,7,70,2,1391,1391,1,5,36,2,0,0,0,1