Crash ID,Degree of crash - detailed,Reporting year,Year of crash,Month of crash,Day of week of crash,Two-hour intervals,Street of crash,Street type,Town,Route no.,School zone location,School zone active,Type of location,Latitude,Longitude,LGA,Urbanisation,Conurbation 1,Alignment,Street lighting,Road surface,Surface condition,Weather,Natural lighting,Signals operation,Other traffic control,Speed limit,Road classification,RUM - code,DCA - code,First impact type,Key TU type,Other TU type,No. of traffic units involved,No. killed,No. seriously injured,No. moderately injured,No. minor-other injured
1253386,2,2020,2020,2,5,7,19,31,433,34609,0,1,1,-33.281419,149.104177,52,2,1,1,1,0,3,4,2,0,7,50,0,5929,5929,1,5,36,2,0,0,2,0
1253387,2,2020,2020,2,3,6,27,27,290,34609,0,1,1,-33.855926,150.996504,21,0,2,1,1,0,0,0,2,0,7,50,0,387,387,1,15,5,2,0,0,1,0
1253389,1,2021,2021,4,1,9,4,23,42,34609,0,1,1,-33.64829,151.305167,50,0,2,0,3,0,0,0,3,0,7,50,0,3775,3775,0,0,12,2,0,0,0,1
1253396,2,2020,2020,2,2,8,126,1,226,144,0,1,2,-33.774881,150.815274,7,0,2,1,3,0,0,0,2,0,7,60,2,4026,4026,8,0,40,1,0,0,1,0
1253397,2,2021,2021,4,3,4,2,27,4,34609,0,1,9,-33.573409,149.552514,3,1,0,1,0,0,0,0,2,0,7,100,0,489,489,8,5,40,1,0,0,3,0
1253399,4,2020,2020,2,0,8,25,27,7,143,0,1,1,-33.101563,149.695391,3,1,0,0,0,0,3,4,2,0,7,100,2,1957,4009,8,16,40,1,0,1,0,0
1253400,1,2020,2020,2,6,7,149,27,294,198,0,1,9,-33.928102,150.931034,41,0,2,1,3,0,0,0,2,2,7,60,2,14295,14295,3,5,5,2,0,0,0,1
1253408,2,2021,2021,4,3,6,3,1,108,34609,0,1,1,-28.846083,153.555494,2,2,1,1,3,0,0,0,2,0,7,50,0,9859,9859,8,5,40,1,0,0,1,0
1253419,1,2021,2021,4,0,4,8,27,168,34609,0,1,2,-33.718817,150.839358,7,0,2,1,1,0,3,0,2,0,15,50,0,1981,1981,4,0,5,2,0,0,0,1
1253421,4,2021,2021,4,2,5,103,27,149,167,1,0,2,-33.995372,151.130217,4,0,2,1,1,0,0,0,2,2,9,70,2,14295,14295,3,5,5,2,0,1,0,0
1253422,2,2021,2021,4,4,4,7,31,48,34609,0,1,10,-32.723669,152.143109,57,2,1,1,1,0,0,0,2,0,15,50,0,2585,777,8,5,40,1,0,0,1,0
1253423,4,2021,2021,4,3,6,36,27,39,34609,0,1,2,-34.032307,150.757107,12,0,2,1,1,0,0,0,2,0,7,60,0,190,190,1,0,8,2,0,1,1,0
1253429,4,2020,2020,10,3,11,2126,17,73,2149,0,1,10,-33.887964,151.16771,32,0,2,1,2,0,3,4,0,2,9,60,2,1220,1220,9,0,28,2,0,1,0,0
1253431,4,2021,2021,4,0,6,150,27,197,415,1,0,9,-33.793161,151.119708,61,0,2,1,1,0,0,0,2,2,7,70,2,14295,14295,3,10,5,2,0,1,0,1
1253434,1,2020,2020,10,1,8,39,27,36,91,0,1,1,-33.934961,151.257957,59,0,2,1,0,0,0,0,2,0,7,60,1,1109,787,1,5,13,2,0,0,0,2
1253435,4,2021,2021,4,2,8,40,10,9,174,0,1,9,-32.807646,151.349288,17,2,1,1,1,0,0,0,2,0,0,70,2,14295,14295,3,5,0,2,0,1,5,2
1253437,1,2020,2020,2,0,7,361,23,346,38,0,1,10,-33.875226,151.097691,9,0,2,1,1,0,0,0,2,1,7,50,1,14295,14295,3,5,0,2,0,0,0,1
1253440,2,2021,2021,4,0,8,1052,14,57,928,0,1,3,-33.678717,151.120265,31,0,2,1,3,0,3,3,2,0,7,110,2,14295,14295,3,5,13,7,0,0,1,0
1253442,2,2020,2020,2,6,4,3,27,1,34609,0,1,1,-35.983585,150.118977,23,2,1,1,0,0,0,0,2,0,7,80,0,1192,1192,1,21,27,2,0,0,1,0
1253444,2,2021,2021,4,0,6,36,31,15,34609,0,1,1,-34.434709,150.883705,80,0,2,1,3,0,0,0,2,0,7,50,0,4026,4026,1,5,5,2,0,0,1,0
1253447,4,2021,2021,4,5,11,1,6,172,34609,0,1,9,-32.762739,151.578167,42,2,1,1,2,0,0,0,0,0,7,50,0,4026,4026,8,5,40,1,0,1,0,1
1253448,4,2020,2020,2,6,5,916,17,10,917,1,0,1,-32.699249,151.456276,42,2,1,1,0,0,0,3,2,0,14,60,2,14295,14295,3,16,41,2,0,1,0,0
1253453,1,2021,2021,4,3,1,33,27,96,34609,0,1,9,-35.360481,149.222191,58,2,1,1,3,0,0,0,0,0,0,50,0,489,489,8,5,40,1,0,0,0,2
1253458,1,2020,2020,11,5,5,29,31,609,48,1,0,10,-33.769156,150.892413,7,0,2,1,3,0,0,0,2,2,7,60,1,623,623,3,9,5,2,0,0,0,1
1253463,2,2021,2021,4,0,3,31,27,70,101,0,1,10,-32.910654,151.7266,48,0,2,1,3,0,0,0,1,2,7,60,2,301,301,4,0,10,2,0,0,1,0
1253465,2,2021,2021,4,2,1,11,1,251,136,1,0,2,-33.776388,150.925227,7,0,2,1,3,1,2,6,0,0,7,60,2,4026,4026,8,5,40,1,0,0,1,0
1253467,1,2021,2021,4,1,3,485,27,50,769,0,1,9,-33.656624,150.8741,29,2,2,1,3,0,0,0,2,2,7,80,2,14295,14295,3,5,13,2,0,0,0,1
1253470,2,2021,2021,4,5,4,11,1,72,74,0,1,10,-33.840072,151.091281,14,0,2,1,3,0,0,0,2,0,0,50,1,6545,6545,4,5,12,2,0,0,1,0
1253473,4,2020,2020,10,3,6,135,17,20,136,0,1,1,-35.980327,146.631718,51,2,1,1,1,0,0,0,2,0,7,50,2,591,591,1,22,41,2,0,1,0,0
1253477,2,2020,2020,2,5,10,35,27,363,24,0,1,7,-33.761252,150.689322,55,0,2,1,2,0,0,3,0,0,0,60,1,6545,6545,4,5,0,2,0,0,1,0
1253481,2,2021,2021,4,4,3,177,22,239,176,0,1,10,-34.043187,151.123587,68,0,2,1,1,0,0,0,2,2,6,60,2,6545,6545,4,30,5,2,0,0,2,0
1253490,2,2021,2021,4,0,8,2209,17,40,2205,0,1,9,-35.025177,150.578532,63,1,0,1,1,0,0,0,2,0,0,100,2,5929,5929,1,5,5,3,0,0,1,0
1253493,2,2020,2020,10,0,9,1,31,166,34609,0,1,9,-33.894953,151.186483,69,0,2,1,1,0,0,0,2,0,7,40,0,237,397,1,5,0,2,0,0,1,0
1253494,1,2020,2020,1,2,5,37,27,3,41,0,1,1,-28.916732,153.320855,39,2,1,0,0,0,0,0,2,0,7,80,1,14295,14295,3,5,5,3,0,0,0,3
1253495,1,2021,2021,4,6,8,35,27,28,34609,1,0,9,-35.365547,149.223667,58,2,1,1,0,0,0,3,2,0,0,50,0,14295,14295,3,10,5,2,0,0,0,1
1253499,4,2020,2020,2,0,6,346,17,19,332,0,1,1,-28.865401,153.259413,39,1,0,1,0,0,3,4,2,0,7,100,2,14295,14295,3,10,5,2,0,1,0,0
1253500,2,2020,2020,2,3,6,1,27,16,34609,0,1,9,-35.7061,144.926254,51,2,1,1,0,0,0,0,2,0,7,80,0,1850,777,5,16,40,1,0,0,1,0
1253501,4,2020,2020,2,0,2,13,31,87,34609,1,0,1,-28.807478,153.285659,39,2,1,1,2,0,3,4,1,0,7,50,0,1945,1945,5,16,40,1,0,1,0,0
1253505,1,2020,2020,1,2,6,49,31,115,34609,0,1,10,-33.914194,151.172285,32,0,2,1,1,0,0,0,2,0,15,50,0,6545,6545,4,0,5,3,0,0,0,1
1253510,2,2020,2020,2,4,8,8,27,157,34609,0,1,7,-34.021756,151.103989,68,0,2,0,2,0,0,0,2,0,0,50,0,6545,6545,4,5,5,2,0,0,1,0
1253514,4,2020,2020,9,2,10,23,27,337,34609,0,1,9,-33.733532,151.008002,71,0,2,1,2,0,0,0,0,0,7,50,0,323,323,1,16,36,2,0,1,0,0
1253517,2,2021,2021,4,6,8,3371,17,77,3342,0,1,2,-33.043251,151.656725,37,0,2,1,1,0,0,3,2,0,7,60,2,9859,9859,1,5,5,2,0,0,2,0
1253521,2,2021,2021,4,5,10,2209,17,34,2205,0,1,1,-36.996163,149.908777,5,1,0,0,0,0,3,4,0,0,7,100,2,418,714,5,10,40,1,0,0,1,0
1253524,4,2020,2020,9,4,3,2209,17,23,2205,0,1,2,-34.618141,150.838129,62,0,2,1,1,0,0,0,2,0,7,100,2,3775,3775,0,10,10,5,0,2,0,0
1253525,4,2021,2021,4,6,8,220,14,113,220,0,1,3,-34.261375,150.928947,80,0,2,1,0,0,3,1,2,0,7,110,2,1109,787,1,5,5,2,0,1,0,0
1253526,2,2021,2021,4,5,8,3371,17,18,3342,0,1,9,-33.006023,151.684822,37,0,2,0,1,0,0,0,2,2,7,80,2,926,926,4,5,5,3,0,0,1,0
1253530,4,2021,2021,4,4,6,104,27,323,34609,0,1,1,-33.815995,150.837581,7,0,2,1,0,0,0,0,2,0,7,50,0,14295,14295,3,8,36,2,0,1,0,0
1253531,2,2020,2020,2,2,7,109,27,44,169,0,1,1,-32.811401,151.435574,17,2,1,1,1,0,3,4,2,0,7,60,2,9859,9859,1,5,0,3,0,0,1,0
1253532,2,2021,2021,4,0,3,3,31,234,34609,0,1,7,-34.283656,146.040777,28,2,1,1,0,0,0,0,2,0,0,50,0,6545,6545,4,5,27,2,0,0,1,0
1253538,2,2020,2020,2,0,9,222,31,131,212,0,1,9,-33.785392,151.185872,77,0,2,1,1,0,0,6,2,0,7,60,2,2852,2852,4,5,5,2,0,0,1,0
1253539,4,2020,2020,2,0,4,16,27,10,34609,0,1,1,-33.053345,151.570074,37,0,2,0,1,0,0,3,2,0,7,60,0,1981,1981,4,5,19,2,0,1,0,0
1253541,4,2021,2021,4,2,4,115,27,43,46,0,1,9,-34.193072,150.644015,79,2,2,0,1,0,0,0,2,0,7,80,2,4552,5151,8,0,40,1,0,1,0,0
1253542,4,2021,2021,4,6,5,114,27,118,34609,0,1,1,-33.321015,151.265236,16,2,2,0,0,0,3,4,2,0,7,80,0,2585,4009,8,5,40,1,0,1,0,0
1253548,4,2021,2021,4,0,6,8,1,50,34609,0,1,1,-33.22765,151.552723,16,2,2,1,3,0,0,0,2,0,7,50,0,9859,9859,1,0,36,3,0,1,0,0
1253550,1,2020,2020,2,4,9,55,13,112,34609,0,1,0,-33.447134,151.444933,16,2,2,1,3,0,0,0,3,0,7,40,0,14295,14295,3,5,0,2,0,0,0,1
1253551,1,2021,2021,4,3,6,3371,17,36,3342,0,1,9,-33.635438,151.146284,31,0,2,1,3,0,0,0,2,1,7,80,2,9859,9859,8,16,40,1,0,0,0,1
1253552,2,2021,2021,4,2,0,161,17,39,161,0,1,1,-35.311027,148.231199,66,2,1,0,2,0,0,0,0,0,7,50,2,4552,5151,8,5,40,1,0,0,1,0
1253553,1,2021,2021,4,1,6,21,31,28,34609,0,1,9,-34.019604,151.066013,68,0,2,1,3,0,0,0,2,0,7,50,0,2852,2852,4,5,5,2,0,0,0,1
1253556,1,2020,2020,2,2,8,2209,17,176,2205,1,0,9,-33.966203,151.136747,25,0,2,1,3,0,0,0,2,2,7,60,2,14295,14295,3,5,36,2,0,0,0,1
1253558,1,2021,2021,4,3,7,225,17,32,180,0,1,1,-34.572519,150.626486,78,2,1,0,3,0,0,0,2,0,7,60,2,3775,3775,0,5,0,2,0,0,0,1
1253561,2,2021,2021,4,3,9,7,27,9,34609,0,1,9,-32.910757,151.727357,48,0,2,1,3,0,0,0,2,0,0,50,0,5929,5929,1,5,36,2,0,0,1,0
1253562,1,2021,2021,4,4,8,6,1,646,118,0,1,1,-33.920696,151.030746,15,0,2,1,3,0,0,0,2,0,7,50,1,1109,787,1,5,18,2,0,0,0,1
1253566,1,2021,2021,4,5,5,79,27,145,159,0,1,10,-33.932666,151.110005,15,0,2,0,3,0,0,0,2,2,7,60,2,14295,14295,3,0,5,2,0,0,0,1
1253567,2,2021,2021,4,1,9,11,27,87,34609,0,1,9,-33.68523,150.952559,71,0,2,1,3,0,0,0,3,0,7,60,0,2852,2852,4,0,0,2,0,0,1,0
1253570,1,2021,2021,4,3,8,49,31,30,34609,0,1,10,-33.982365,151.146078,4,0,2,1,3,0,0,0,2,0,0,50,0,6545,6545,4,0,5,2,0,0,0,1
1253573,1,2021,2021,4,2,7,195,27,76,186,0,1,10,-33.924449,150.848555,41,0,2,1,3,0,0,0,2,2,7,70,2,14295,14295,3,0,5,2,0,0,0,1
1253575,1,2020,2020,9,0,7,232,36,252,331,0,1,10,-33.954891,150.864299,41,0,2,1,3,0,0,0,2,2,7,70,2,14295,14295,3,5,0,3,0,0,0,1
1253577,2,2021,2021,4,1,8,104,27,443,28,0,1,1,-33.916554,151.062526,15,0,2,1,3,0,3,4,2,0,7,60,2,14295,14295,3,5,5,2,0,0,1,0
1253579,2,2021,2021,4,3,5,19,27,22,122,0,1,2,-34.526313,150.869703,80,0,2,1,1,0,0,0,2,0,7,60,2,14295,14295,3,10,13,4,0,0,2,0
1253580,1,2020,2020,2,1,7,50,27,125,7,0,1,10,-33.863457,151.083917,67,0,2,1,0,0,0,0,2,0,15,50,1,926,926,4,30,5,2,0,0,0,1
1253582,4,2020,2020,5,4,3,109,27,18,174,0,1,1,-32.992883,151.529458,37,0,2,1,0,0,0,0,2,0,7,80,2,9859,9859,8,30,40,1,0,1,0,0
1253583,4,2020,2020,11,0,6,293,31,562,34609,0,1,1,-32.261161,148.601513,22,2,1,1,1,0,0,0,2,0,7,60,0,9859,9859,8,34,40,1,0,1,0,0
1253587,2,2021,2021,4,6,11,163,27,73,165,0,1,9,-33.756255,150.806945,7,0,2,1,2,0,3,4,0,0,0,60,1,4026,4026,8,10,40,1,0,0,1,0
1253590,2,2020,2020,2,2,11,31,10,17,34609,0,1,1,-30.890482,153.052006,34,2,1,1,2,0,3,4,0,0,7,50,0,4026,4026,8,10,40,2,0,0,1,0
1253591,4,2020,2020,9,2,5,481,17,3,483,0,1,9,-33.225098,148.118922,53,1,0,0,1,2,0,0,2,0,0,110,2,1850,985,5,29,40,1,0,2,1,0
1253592,2,2020,2020,2,3,4,60,27,40,167,0,1,2,-34.021547,151.121323,68,0,2,1,3,0,0,0,2,0,7,70,2,9859,9859,8,0,40,1,0,0,1,0
1253593,4,2020,2020,9,2,1,7,27,12,1,0,1,1,-35.607939,145.914455,51,1,0,0,0,0,0,0,0,0,7,100,1,2585,4009,8,10,40,1,0,1,0,0
1253594,4,2020,2020,2,0,9,52,27,106,53,0,1,1,-33.923318,151.095561,15,0,2,1,1,0,0,0,2,0,7,50,1,1109,787,1,5,5,2,0,2,0,1
1253595,2,2020,2020,9,4,7,149,36,4,113,0,1,1,-32.371202,152.482235,43,2,1,0,0,0,0,0,2,0,7,60,1,96,96,0,5,36,2,0,0,3,0
1253596,4,2020,2020,9,2,5,1104,14,609,962,0,1,3,-33.803385,150.900802,7,0,2,1,1,0,0,0,2,0,7,100,2,1192,1192,1,16,0,2,0,1,0,0
1253598,4,2020,2020,2,5,2,125,27,22,144,0,1,2,-32.871036,151.792792,57,2,1,0,0,0,0,0,1,0,7,70,2,2585,4009,8,0,40,1,0,1,0,0
1253600,4,2020,2020,9,5,6,294,17,215,288,1,0,9,-35.118701,147.367454,75,2,1,1,1,0,0,0,2,1,7,60,2,2040,2040,9,0,28,2,0,1,0,0
1253601,4,2020,2020,9,3,7,283,27,197,702,1,0,9,-33.94941,151.080924,25,0,2,1,0,0,0,0,2,2,7,60,2,2852,2852,4,30,5,2,0,1,0,0
1253602,2,2020,2020,2,5,9,98,27,609,220,0,1,9,-33.773869,150.915242,7,0,2,1,2,0,0,0,2,0,7,60,2,1220,1220,9,5,28,2,0,0,1,0
1253604,2,2020,2020,2,2,7,71,31,78,103,0,1,9,-33.862595,151.009689,21,0,2,1,1,0,0,0,2,2,7,60,1,2852,2852,4,5,0,2,0,0,2,0
1253605,2,2020,2020,2,4,5,8,27,4,34609,0,1,1,-36.949372,149.8114,5,2,1,0,0,0,3,4,2,0,7,80,0,1850,1463,5,5,40,1,0,0,1,0
1253607,4,2020,2020,9,6,3,5,31,161,96,1,0,1,-33.887853,151.147249,32,0,2,1,1,0,0,0,2,0,7,50,2,2040,2040,9,0,28,2,0,1,0,0
1253613,2,2020,2020,9,0,8,34,31,169,99,0,1,1,-33.90048,151.212125,69,0,2,1,1,0,0,0,2,0,7,50,2,237,162,8,5,40,1,0,0,1,0
1253614,4,2021,2021,4,3,1,3,27,49,34609,0,1,1,-34.387354,147.426583,51,1,0,0,0,0,0,0,0,0,7,100,0,1259,5151,8,5,40,1,0,1,0,0
1253615,1,2020,2020,9,0,4,20,31,174,34609,0,1,1,-33.89625,151.209647,69,0,2,1,0,0,0,0,2,0,7,40,0,387,387,1,22,5,2,0,0,0,1
1253616,2,2020,2020,2,3,10,6,31,84,23,0,1,1,-33.893245,151.261079,76,0,2,1,2,0,0,0,0,0,7,50,1,14295,14295,3,5,18,2,0,0,3,0
1253619,2,2020,2020,2,4,2,5,27,1,34609,0,1,1,-32.388209,150.529312,46,2,1,0,0,0,0,0,1,0,7,80,0,3775,3775,0,10,13,2,0,0,2,0
1253620,2,2020,2020,10,6,7,9,31,562,34609,0,1,9,-32.253049,148.619728,22,2,1,1,1,0,0,0,2,0,7,50,0,6545,6545,4,5,25,2,0,0,1,0
1253622,1,2020,2020,9,6,4,2126,17,21,2149,0,1,2,-33.725784,150.398388,8,2,2,1,1,0,3,4,2,0,7,80,2,9859,9859,8,5,40,1,0,0,0,1
1253629,2,2020,2020,2,5,5,10,27,463,34609,0,1,7,-30.284125,153.129458,19,2,1,1,0,0,0,0,2,0,0,50,0,591,591,1,22,40,2,0,0,1,0
1253630,2,2020,2020,2,1,9,6,27,36,27,0,1,1,-34.447413,149.401929,74,2,1,1,0,0,0,0,2,0,7,80,1,945,945,5,5,40,1,0,0,1,0
1253631,2,2020,2020,2,6,7,112,17,207,112,0,1,10,-31.955702,141.469773,51,2,1,1,0,0,0,0,2,0,0,50,2,5929,5929,1,0,36,2,0,0,1,0
1253632,2,2020,2020,2,3,11,293,31,160,260,0,1,9,-33.105981,151.497527,37,0,2,1,2,0,0,0,0,0,0,40,2,1945,1945,5,16,40,1,0,0,1,0
1253633,2,2020,2020,10,6,10,2,27,46,34609,0,1,7,-33.791838,150.969183,54,0,2,1,2,0,0,0,0,0,0,50,0,6545,6545,4,0,27,2,0,0,1,0
1253634,1,2020,2020,9,2,6,4,27,4,6,0,1,1,-36.475683,148.85162,65,1,0,0,0,0,0,0,2,0,7,100,1,782,957,5,16,40,1,0,0,0,1
1253635,4,2020,2020,2,3,8,4,27,19,34609,0,1,1,-31.216879,151.099558,70,2,1,0,0,0,0,0,2,0,7,80,0,380,714,5,5,40,1,0,1,0,0
1253636,4,2020,2020,9,1,6,109,27,38,169,0,1,10,-32.814395,151.455733,17,2,1,1,1,0,0,0,2,0,0,60,2,6545,6545,4,5,0,2,0,1,2,0
1253637,2,2020,2020,2,6,8,2126,17,27,2149,0,1,2,-33.708292,150.347839,8,2,2,1,0,0,3,4,2,0,7,80,2,3775,3775,0,5,36,3,0,0,1,0
1253639,4,2020,2020,2,1,10,133,27,316,34609,0,1,1,-31.441367,152.908398,56,2,1,1,2,0,3,4,0,0,7,40,0,4026,4026,8,5,40,1,0,1,1,0
1253641,4,2020,2020,2,2,8,220,27,69,222,0,1,10,-33.774105,150.961388,54,0,2,1,0,0,0,0,2,2,7,80,2,14295,14295,3,10,0,2,0,1,0,0
1253642,1,2020,2020,2,2,2,3371,17,39,3342,0,1,2,-29.872262,153.055411,18,1,0,0,1,0,0,3,1,0,7,110,2,2585,4009,8,5,40,1,0,0,0,1
1253643,4,2020,2020,2,2,11,137,14,27,70,0,1,3,-32.667247,151.358176,17,1,0,1,0,0,3,4,0,0,7,110,2,945,945,5,5,40,1,0,1,0,0
1253644,2,2020,2020,2,1,5,86,27,5,65,0,1,1,-30.260684,152.446543,18,1,0,0,0,0,3,4,2,0,7,100,1,782,957,5,5,40,1,0,0,1,0
1253645,4,2020,2020,2,0,7,2261,17,140,2252,0,1,2,-33.896404,150.9911,15,0,2,1,0,0,0,0,2,0,7,70,2,1383,1383,1,9,5,2,0,1,1,0
1253646,4,2020,2020,2,3,7,118,27,646,118,0,1,9,-33.924052,151.030421,15,0,2,1,1,0,0,0,2,0,7,60,1,1282,1282,1,16,13,2,0,1,0,0
1253652,4,2020,2020,9,0,9,2,10,60,34609,0,1,7,-34.013828,150.730434,12,0,2,1,2,0,0,0,0,0,0,60,0,78,78,8,15,40,1,0,1,0,0
1253653,2,2020,2020,2,2,8,52,27,106,53,0,1,10,-33.925836,151.09708,15,0,2,1,0,0,0,0,2,2,7,50,1,5929,5929,1,0,5,2,0,0,2,1
1253655,1,2020,2020,9,3,3,2126,17,445,2149,0,1,2,-33.8463,151.044381,21,0,2,0,2,0,0,0,1,0,7,60,2,14295,14295,3,5,5,2,0,0,0,1
1253656,1,2021,2021,4,2,4,149,10,136,702,0,1,2,-33.867143,151.06487,67,0,2,1,3,0,0,0,2,0,7,80,2,14295,14295,3,5,5,2,0,0,0,1
1253657,2,2020,2020,9,2,7,12,27,173,10,0,1,10,-33.777469,151.118155,61,0,2,1,0,0,0,0,2,2,9,50,1,1220,1220,9,0,28,2,0,0,1,0
1253660,2,2021,2021,4,0,7,79,27,145,159,0,1,1,-33.924568,151.108152,15,0,2,1,3,0,0,0,2,0,7,60,2,14295,14295,3,30,5,4,0,0,1,0
1253664,2,2021,2021,4,4,8,348,17,105,232,0,1,7,-32.590398,149.583694,44,2,1,1,1,0,0,0,2,0,0,50,2,6545,6545,4,5,13,2,0,0,1,0
1253667,4,2020,2020,2,1,7,14,31,218,34609,0,1,9,-33.780294,150.769335,55,0,2,1,1,0,0,0,2,0,2,50,0,1945,1945,5,16,40,1,0,1,0,0
1253668,1,2021,2021,4,5,7,2126,17,106,2149,0,1,6,-33.88462,151.194477,69,0,2,0,3,0,0,0,2,2,9,50,2,214,214,9,5,28,2,0,0,0,1
1253671,2,2020,2020,11,2,3,93,1,31,231,0,1,1,-33.505788,151.331464,16,2,2,0,3,0,0,0,2,0,7,60,2,782,957,5,5,40,1,0,0,1,0
1253672,2,2020,2020,2,1,9,1104,14,125,962,0,1,3,-33.861087,151.080726,67,0,2,1,1,0,3,4,2,0,7,80,2,4026,4026,8,30,40,1,0,0,1,0
1253674,2,2021,2021,3,1,8,48,27,20,62,0,1,1,-35.591066,148.088884,66,1,0,0,3,0,3,4,2,0,7,100,2,1957,4009,8,5,40,1,0,0,1,0
1253676,2,2020,2020,2,4,3,2261,17,14,2252,0,1,2,-34.792614,149.168471,74,1,0,0,0,0,0,0,2,0,7,110,2,1259,5151,8,3,40,1,0,0,1,0
1253678,1,2020,2020,2,1,3,126,27,23,168,0,1,2,-34.060482,150.782579,13,0,2,1,3,0,0,0,2,0,7,80,2,14295,14295,3,0,13,2,0,0,0,1
1253679,2,2021,2021,4,5,8,10,27,18,34609,0,1,1,-34.068687,151.137864,68,0,2,1,3,0,0,0,2,0,7,50,0,9859,9859,1,0,0,3,0,0,1,0
1253682,2,2020,2020,2,6,7,12,10,26,8,0,1,10,-34.018336,151.079952,68,0,2,1,1,0,0,0,2,2,7,50,1,6545,6545,4,21,5,2,0,0,2,0
1253683,2,2020,2020,2,3,3,481,17,113,483,0,1,1,-29.342671,149.93881,51,1,0,1,0,0,3,0,2,0,7,110,2,475,475,5,30,40,1,0,0,1,0
1253685,2,2021,2021,4,0,9,512,17,562,441,0,1,7,-32.257079,148.629542,22,2,1,1,1,0,0,0,2,0,0,60,2,1945,1945,5,16,40,1,0,0,1,0
1253686,1,2020,2020,2,1,11,916,17,91,917,0,1,7,-32.809647,151.634092,48,0,2,1,3,0,0,0,0,0,7,60,2,84,84,6,30,40,1,0,0,0,1
1253692,2,2021,2021,4,2,6,109,27,204,105,1,0,10,-33.895041,150.941925,24,0,2,1,3,0,0,0,2,2,7,60,2,217,217,1,5,25,2,0,0,1,0
1253693,1,2021,2021,3,1,5,13,27,239,34609,0,1,9,-34.03157,151.125683,68,0,2,1,3,0,0,0,2,0,7,50,0,1981,1981,4,34,5,2,0,0,0,1
1253695,1,2021,2021,4,1,7,475,10,78,268,0,1,9,-33.880592,150.792771,41,0,2,1,3,0,0,0,2,0,15,60,2,14295,14295,3,10,5,2,0,0,0,1
1253698,4,2020,2020,9,5,9,112,17,10,112,0,1,1,-31.733703,142.629052,51,1,0,1,0,0,0,0,3,0,7,110,2,475,475,5,5,40,1,0,1,1,0
1253700,2,2021,2021,4,0,7,330,27,49,605,1,2,2,-33.721419,151.298375,50,0,2,1,3,0,3,4,2,0,7,40,2,14295,14295,3,0,5,2,0,0,1,0
1253701,1,2020,2020,2,5,9,115,27,138,114,0,1,9,-33.882144,151.269781,81,0,2,1,3,0,0,3,2,0,7,50,2,1669,1669,3,10,19,2,0,0,0,1
1253702,1,2020,2020,2,6,4,67,27,58,34609,1,2,9,-34.053444,151.121741,68,0,2,1,3,0,0,0,2,0,9,40,0,14295,14295,3,10,36,2,0,0,0,1
1253704,4,2021,2021,4,3,10,251,27,115,212,0,1,10,-33.752333,151.234443,50,0,2,1,3,0,0,0,0,2,6,70,2,1282,1282,1,0,19,2,0,1,0,0
1253705,1,2021,2021,4,3,6,1,10,31,34609,0,1,9,-34.598493,150.855927,62,0,2,1,3,0,0,0,2,0,7,50,0,2852,2852,4,0,0,2,0,0,0,1
1253706,1,2021,2021,4,1,8,12,6,89,34609,0,1,9,-33.381897,151.456757,16,2,2,1,3,0,0,0,2,0,7,50,0,2040,2040,9,5,28,2,0,0,0,1
1253709,1,2021,2021,4,5,9,133,17,9,121,0,1,1,-36.841836,149.280674,65,1,0,0,3,0,3,4,3,0,7,100,2,1850,1463,5,5,40,1,0,0,0,1
1253711,1,2021,2021,4,0,7,2261,17,284,2252,0,1,9,-33.904988,151.010651,15,0,2,1,3,0,0,0,2,0,0,70,2,5929,5929,1,5,5,2,0,0,0,1
1253713,2,2021,2020,2,1,5,2,31,83,34609,0,1,1,-34.448352,150.431427,78,2,1,1,3,0,0,0,2,0,7,50,0,1981,1981,4,10,5,2,0,0,1,0
1253715,4,2020,2020,11,5,6,69,31,93,34609,0,1,1,-36.086795,146.938309,0,2,1,1,0,0,0,0,2,0,7,60,0,84,84,8,10,40,1,0,1,1,0
1253717,1,2021,2021,4,2,6,63,27,22,34609,1,0,9,-33.922621,150.875589,41,0,2,1,3,0,3,3,2,0,7,50,0,4026,4026,8,5,40,1,0,0,0,1
1253718,1,2021,2021,4,0,8,34,31,111,34609,0,1,7,-33.922467,151.254075,59,0,2,1,3,0,0,0,2,0,0,50,0,6545,6545,4,0,18,2,0,0,0,1
1253720,2,2020,2020,11,0,10,3371,17,57,3342,0,1,1,-33.674441,151.112126,31,0,2,0,2,0,0,0,0,0,7,60,2,4552,5151,1,5,5,3,0,0,1,0
1253721,1,2020,2020,9,1,8,2126,17,283,2149,0,1,2,-33.830743,151.012466,54,0,2,1,0,0,0,0,3,0,7,60,2,14295,14295,3,0,0,2,0,0,0,1
1253725,1,2021,2021,4,3,7,20,27,19,24,0,1,1,-33.6528,151.047043,31,0,2,1,3,0,0,6,2,0,7,60,1,1109,787,1,5,19,2,0,0,0,1
1253726,1,2020,2020,9,6,8,4,27,129,34609,0,1,1,-33.933803,151.073854,15,0,2,1,1,0,0,0,2,0,7,50,0,1109,397,1,5,0,2,0,0,0,1
1253727,1,2021,2021,4,0,4,916,17,91,917,0,1,2,-32.795068,151.635574,48,0,2,1,2,0,0,0,2,0,0,60,2,1383,1383,1,8,12,2,0,0,0,1
1253729,2,2021,2021,4,5,7,17,10,39,34609,0,1,1,-32.735673,152.082932,57,2,1,1,1,0,0,0,2,0,7,50,0,1669,1669,3,0,5,2,0,0,1,0