Crash ID,Degree of crash - detailed,Reporting year,Year of crash,Month of crash,Day of week of crash,Two-hour intervals,Street of crash,Street type,Town,Route no.,School zone location,School zone active,Type of location,Latitude,Longitude,LGA,Urbanisation,Conurbation 1,Alignment,Street lighting,Road surface,Surface condition,Weather,Natural lighting,Signals operation,Other traffic control,Speed limit,Road classification,RUM - code,DCA - code,First impact type,Key TU type,Other TU type,No. of traffic units involved,No. killed,No. seriously injured,No. moderately injured,No. minor-other injured
1253731,4,2021,2021,4,0,6,36,31,56,70,0,1,9,-33.75732,150.779609,55,0,2,0,1,0,0,0,2,0,15,60,1,4552,5151,8,34,40,1,0,1,1,0
1253733,4,2020,2020,2,6,8,12,31,314,34609,0,1,1,-33.853434,150.92619,24,0,2,1,0,0,0,0,2,0,7,50,0,9859,9859,1,5,0,2,0,1,0,0
1253735,4,2021,2021,4,2,3,65,10,132,148,0,1,1,-34.148483,151.061528,68,0,2,1,0,0,0,0,2,0,7,80,2,1945,1945,5,22,40,3,0,2,1,0
1253750,2,2021,2021,4,5,2,7,10,103,34609,0,1,9,-34.308257,148.308584,30,2,1,1,0,0,0,0,1,0,7,50,0,4026,4026,1,34,13,3,0,0,1,0
1253751,2,2021,2021,4,4,9,14,31,131,34609,1,0,10,-36.082766,146.915259,0,2,1,1,1,0,0,0,2,2,9,50,0,2040,2040,9,5,28,2,0,0,1,0
1253753,2,2020,2020,2,2,8,109,27,137,105,0,1,1,-33.8957,150.909329,24,0,2,1,1,0,0,0,2,0,7,60,2,3775,3775,0,22,41,2,0,0,1,0
1253754,4,2020,2020,2,3,11,163,27,63,165,0,1,9,-33.735408,150.799601,7,0,2,1,2,0,0,0,0,2,7,60,1,5929,5929,1,5,19,2,0,1,0,0
1253755,4,2021,2021,4,2,7,2209,17,157,2205,0,1,10,-34.008649,151.10109,68,0,2,1,0,0,0,0,2,3,7,70,2,5929,5929,1,16,5,2,0,1,0,0
1253759,4,2021,2021,4,6,3,3371,17,107,3342,0,1,9,-33.269413,151.441435,16,2,2,1,2,0,3,4,1,0,7,70,2,5929,5929,1,10,13,2,0,1,0,0
1253760,2,2021,2021,4,2,5,1,34,3,34609,0,1,1,-34.49964,150.219085,78,1,0,0,0,2,0,0,2,0,7,100,0,1850,1463,5,16,40,1,0,0,1,0
1253761,4,2020,2020,2,0,6,3,31,96,34609,0,1,1,-34.234606,150.686088,79,2,2,1,1,0,0,0,2,0,7,50,0,368,368,9,8,28,2,0,1,0,0
1253764,2,2020,2020,9,3,8,103,27,29,256,0,1,1,-34.187131,150.790747,79,2,2,0,0,0,0,0,2,0,7,50,2,3775,3775,0,0,5,2,0,0,2,0
1253766,2,2020,2020,2,3,8,205,27,161,415,0,1,9,-33.729189,151.162544,36,0,2,1,1,0,0,0,2,2,7,60,2,5929,5929,1,5,27,2,0,0,1,0
1253767,2,2020,2020,2,4,6,4,27,3,2,0,1,9,-35.804702,145.746306,51,1,0,1,0,0,0,0,2,0,7,100,1,9859,9859,8,5,40,1,0,0,1,0
1253768,2,2020,2020,2,4,6,43,2,104,42,0,1,10,-33.742885,150.944005,7,0,2,1,2,0,0,0,2,2,7,70,2,6545,6545,4,5,5,2,0,0,2,0
1253770,2,2021,2021,4,1,8,20,27,12,100,0,1,1,-33.634323,150.668898,29,2,2,0,0,0,0,0,2,0,7,80,2,3775,3775,0,5,5,2,0,0,1,0
1253774,2,2020,2020,2,4,10,149,36,32,113,0,1,1,-32.400454,152.303479,43,2,1,0,0,0,3,3,0,0,7,80,1,4552,5151,8,9,40,1,0,0,1,0
1253775,4,2020,2020,2,3,5,22,31,237,45,0,1,1,-33.875066,150.961375,24,0,2,1,1,0,3,4,2,0,7,60,1,3775,3775,0,0,5,2,0,1,0,0
1253776,1,2021,2021,4,3,3,82,31,39,34609,0,1,2,-31.066825,152.82992,34,2,1,1,1,0,3,4,2,0,7,50,0,4026,4026,8,30,40,1,0,0,0,1
1253777,2,2020,2020,2,3,8,36,27,134,36,0,1,9,-33.998367,150.791382,12,0,2,1,1,0,0,0,2,2,7,80,1,14295,14295,3,5,5,2,0,0,1,0
1253782,4,2020,2020,2,3,6,14,27,14,34609,0,1,1,-34.38014,148.406466,30,1,0,0,0,0,0,0,2,0,7,100,0,273,957,5,10,40,1,0,1,0,0
1253783,4,2021,2021,4,2,11,265,17,10,193,0,1,1,-35.521307,147.036005,27,2,1,0,2,0,0,0,0,0,7,50,2,1259,5151,8,5,40,1,0,1,1,0
1253784,4,2020,2020,9,2,8,12,27,1,34609,0,1,1,-32.061376,152.08679,43,2,1,0,0,0,0,0,3,0,7,80,0,3775,3775,0,16,19,2,0,3,0,0
1253785,4,2020,2020,2,4,8,4,27,443,34609,0,1,9,-33.913788,151.049408,15,0,2,1,0,0,0,0,2,0,7,50,0,2852,2852,4,5,36,4,0,2,0,0
1253787,4,2020,2020,9,0,4,330,23,150,233,0,1,1,-33.923773,151.227767,59,0,2,1,1,0,0,0,2,2,9,50,2,2040,2040,9,27,28,2,0,1,0,0
1253790,4,2021,2021,4,3,7,21,27,12,61,0,1,1,-34.073262,146.096921,51,1,0,1,0,0,0,0,2,0,7,100,1,945,945,5,5,40,1,0,1,0,0
1253791,2,2021,2021,4,5,6,3,27,31,39,0,1,1,-30.964024,148.352103,51,1,0,1,0,0,0,0,2,0,7,100,1,14295,14295,3,23,19,2,0,0,1,1
1253792,2,2021,2021,4,0,6,10,31,173,34609,0,1,10,-33.875749,151.21504,69,0,2,1,0,0,0,0,2,0,15,40,0,5929,5929,1,34,18,2,0,0,1,0
1253793,1,2020,2020,2,6,2,2261,17,96,2252,0,1,3,-34.222353,150.674379,79,1,2,1,1,0,3,4,0,0,7,110,2,312,312,2,16,40,1,0,0,0,1
1253794,2,2020,2020,2,4,7,2261,17,370,2252,0,1,3,-34.064203,150.782967,13,0,2,1,3,0,0,0,2,0,7,110,2,14295,14295,3,10,0,3,0,0,2,0
1253796,2,2020,2020,2,1,4,117,27,78,144,0,1,9,-33.862938,151.093651,14,0,2,1,1,0,0,0,2,2,7,60,2,2852,2852,4,30,0,2,0,0,2,0
1253798,2,2020,2020,2,4,7,34,10,3,40,0,1,1,-35.832899,150.172415,23,2,1,1,0,0,0,0,2,0,7,80,1,9859,9859,8,5,40,1,0,0,1,0
1253800,1,2020,2020,9,6,4,31,24,85,36,0,1,9,-33.748629,151.11524,36,0,2,1,0,0,0,0,2,0,7,60,1,1669,1669,3,0,5,2,0,0,0,1
1253802,4,2020,2020,9,6,1,2126,17,247,2149,0,1,2,-33.808964,150.943681,21,0,2,0,0,0,0,0,0,0,7,80,2,1850,1463,5,16,40,1,0,1,0,0
1253803,2,2020,2020,9,6,5,133,17,55,121,0,1,7,-36.234555,149.127015,65,2,1,1,0,0,0,0,2,0,0,60,2,1220,1220,9,10,28,2,0,0,1,0
1253804,2,2020,2020,9,5,10,40,31,219,262,0,1,10,-32.906072,151.671131,48,0,2,1,2,0,0,0,0,2,7,60,2,5929,5929,1,5,5,2,0,0,1,0
1253805,2,2020,2020,2,0,6,308,14,83,311,0,1,3,-33.881029,150.840203,41,0,2,1,1,0,0,0,2,0,7,100,2,14295,14295,3,10,13,4,0,0,1,0
1253806,4,2020,2020,9,5,11,204,31,169,14,0,1,10,-33.904234,151.205236,69,0,2,1,2,0,0,0,0,2,7,50,1,14295,14295,3,15,12,2,0,1,0,0
1253807,2,2020,2020,2,1,9,1,7,609,34609,0,1,1,-33.783745,150.890421,7,0,2,1,3,0,3,0,2,0,7,50,0,9859,9859,1,5,5,2,0,0,1,0
1253808,2,2020,2020,9,2,10,58,31,112,34609,0,1,10,-36.06591,146.927743,0,2,1,1,2,0,0,0,0,0,0,50,0,6545,6545,4,5,0,2,0,0,1,2
1253810,2,2020,2020,10,6,3,13,27,278,24,0,1,1,-33.766246,151.04293,54,0,2,1,1,0,0,0,2,0,7,50,1,9859,9859,8,10,40,1,0,0,1,0
1253812,2,2021,2021,4,4,3,348,27,363,88,0,1,1,-33.739784,150.692631,55,0,2,1,1,0,0,0,1,0,7,60,2,515,515,1,5,27,2,0,0,1,0
1253815,2,2021,2021,4,4,8,2,31,55,34609,0,1,1,-33.935851,150.903589,41,0,2,1,0,0,0,0,2,0,7,50,0,9859,9859,1,5,13,3,0,0,1,0
1253816,1,2020,2020,2,3,9,108,27,251,93,0,1,2,-33.768635,150.943026,7,0,2,1,3,0,0,0,3,0,9,60,1,14295,14295,3,5,5,2,0,0,0,1
1253817,1,2020,2020,2,0,5,63,17,5,63,0,1,1,-33.307038,141.680337,51,1,0,1,0,0,0,0,2,0,7,110,2,945,945,5,10,40,1,0,0,0,2
1253821,2,2020,2020,2,2,7,3371,17,108,3342,0,1,9,-33.816319,151.17875,77,0,2,0,3,0,3,0,2,2,7,60,2,14295,14295,3,5,5,2,0,0,1,0
1253823,4,2021,2021,4,0,8,7,27,55,34609,0,1,7,-33.932716,150.900787,41,0,2,1,3,0,0,0,2,0,0,50,0,1391,1391,1,0,5,2,0,1,0,0
1253825,1,2021,2021,4,0,8,50,36,14,43,0,1,1,-36.429134,148.5608,65,1,0,0,3,0,3,4,2,0,7,100,2,2585,4009,8,5,40,1,0,0,0,1
1253826,1,2021,2021,4,0,3,55,27,137,96,0,1,10,-32.958352,151.690122,37,0,2,1,3,0,0,0,2,3,7,60,2,1391,1391,1,5,5,2,0,0,0,1
1253829,2,2021,2021,4,3,5,2261,17,96,2252,0,1,3,-34.225486,150.671524,79,1,2,1,1,0,0,0,2,0,7,110,2,14295,14295,3,5,5,2,0,0,3,1
1253832,1,2020,2020,9,1,8,27,27,17,62,1,0,9,-30.254126,153.047379,19,2,1,0,0,0,0,6,2,0,7,50,1,395,395,1,5,19,2,0,0,0,1
1253834,1,2021,2021,4,6,10,177,31,174,208,0,1,7,-33.860494,150.927487,24,0,2,1,2,0,0,0,0,0,0,60,1,301,301,4,33,5,2,0,0,0,2
1253837,4,2021,2021,4,3,5,3371,17,19,3342,0,1,9,-31.880822,152.552268,43,1,0,0,1,0,0,0,2,0,0,100,2,1109,787,1,10,25,2,0,1,3,2
1253839,4,2020,2020,10,5,2,866,17,77,793,0,1,2,-33.724799,151.086125,31,0,2,0,2,0,3,4,1,0,7,70,2,1957,4009,8,5,40,1,0,1,0,0
1253840,1,2020,2020,2,0,8,2,23,147,34609,0,1,1,-33.75611,151.283095,50,0,2,1,0,0,0,0,2,0,7,50,0,1945,1945,5,15,40,1,0,0,0,1
1253842,2,2021,2021,4,3,5,6,31,207,34609,0,1,1,-31.973804,141.442649,51,2,1,1,0,0,0,0,2,0,7,50,0,9859,9859,8,10,40,1,0,0,1,0
1253847,4,2021,2021,4,3,8,485,27,40,769,0,1,9,-33.732484,150.972096,71,0,2,0,1,0,0,0,2,1,7,70,2,1259,5151,8,16,40,1,0,1,0,0
1253848,2,2020,2020,2,0,1,2126,17,147,2149,0,1,10,-33.873019,151.126104,14,0,2,1,2,0,0,0,0,2,7,60,2,1945,1945,5,15,40,1,0,0,1,0
1253850,1,2020,2020,2,4,10,40,31,219,262,0,1,10,-32.906072,151.671131,48,0,2,1,2,0,0,0,0,2,7,60,2,6545,6545,4,5,5,2,0,0,0,1
1253857,4,2020,2020,2,0,9,3371,17,4,3342,0,1,2,-31.361124,152.804303,56,1,0,1,0,0,3,4,2,0,7,110,2,945,945,5,21,40,1,0,1,0,0
1253858,4,2020,2020,10,1,7,78,27,23,228,0,1,1,-33.010511,151.12134,17,2,1,0,0,0,0,0,2,0,7,80,1,14295,14295,3,16,0,2,0,1,0,0
1253859,4,2021,2021,4,2,5,191,27,309,208,0,1,1,-33.802205,151.100615,61,0,2,0,1,0,3,4,2,0,7,60,2,3775,3775,0,5,5,2,0,1,2,0
1253860,4,2020,2020,9,2,4,25,27,35,34609,0,1,1,-34.371295,150.909727,80,0,2,1,1,0,0,0,2,0,7,60,0,387,387,1,22,12,2,0,1,0,0
1253863,4,2020,2020,2,4,10,61,10,87,34609,0,1,1,-33.093592,151.465254,37,0,2,1,2,0,0,0,0,0,7,70,0,623,623,3,10,13,3,0,1,0,1
1253866,4,2021,2021,4,2,8,49,27,232,62,0,1,9,-33.693879,150.907744,7,0,2,1,0,0,0,0,2,2,7,70,2,5929,5929,1,5,25,2,0,1,0,0
1253873,4,2020,2020,2,4,9,1,31,155,34609,0,1,1,-33.495117,151.310776,16,2,2,0,2,0,0,0,2,0,7,50,0,4552,5151,1,5,13,3,0,1,0,0
1253875,1,2020,2020,9,6,4,2261,17,59,2252,0,1,3,-33.981202,150.864688,13,0,2,0,0,0,0,0,2,0,7,110,2,14295,14295,3,16,40,2,0,0,0,1
1253876,1,2020,2020,10,4,7,147,27,72,605,0,1,2,-33.828448,151.229523,49,0,2,1,3,0,0,0,2,0,7,60,2,14295,14295,3,27,40,2,0,0,0,1
1253880,4,2020,2020,9,6,8,4,23,86,34609,0,1,9,-33.741715,150.920115,7,0,2,1,1,0,0,0,2,0,7,50,0,5929,5929,1,5,5,3,0,1,0,0
1253882,4,2020,2020,2,2,9,83,31,90,34609,0,1,9,-33.887223,151.247952,81,0,2,1,0,0,3,1,2,0,7,50,0,1945,1945,5,15,40,1,0,1,0,0
1253883,4,2020,2020,2,5,4,3,31,646,34609,0,1,1,-33.927466,151.021998,15,0,2,1,0,0,0,0,2,0,7,50,0,3775,3775,0,9,0,2,0,1,2,1
1253888,2,2021,2021,4,5,7,3,31,112,34609,0,1,9,-36.059583,146.941074,0,2,1,1,1,0,0,0,2,0,7,50,0,323,323,1,16,13,2,0,0,1,0
1253889,2,2021,2021,4,6,9,2209,17,19,2205,0,1,1,-34.80571,150.649142,63,2,1,1,3,0,0,0,2,0,7,80,2,945,945,5,5,40,1,0,0,1,0
1253891,1,2021,2021,4,5,7,2,27,61,34609,0,1,1,-33.836903,150.660264,55,0,2,1,0,0,0,0,2,0,7,60,0,1109,787,1,10,19,2,0,0,0,1
1253892,4,2020,2020,2,5,3,12,27,36,41,0,1,1,-33.556146,148.607489,11,1,0,1,0,0,0,3,2,0,7,100,1,323,323,1,29,37,2,0,1,0,0
1253898,4,2020,2020,2,6,7,6,27,15,34609,0,1,1,-30.197876,153.030205,19,2,1,0,0,0,0,0,2,0,7,80,0,2585,4009,8,0,40,1,0,1,0,0
1253899,2,2021,2021,4,6,3,6,27,108,34609,0,1,9,-28.848064,153.557296,2,2,1,1,1,0,0,0,2,0,0,50,0,6545,6545,4,30,0,2,0,0,1,0
1253901,1,2020,2020,9,5,5,169,31,44,57,0,1,2,-28.864215,153.531928,2,2,1,1,0,0,0,3,2,0,7,60,1,14295,14295,3,5,5,2,0,0,0,1
1253907,2,2020,2020,2,1,7,12,31,58,43,0,1,1,-28.543695,153.54741,10,2,1,1,1,0,0,0,2,0,7,50,1,9859,9859,8,5,40,1,0,0,1,0
1253910,4,2021,2021,4,5,3,20,31,316,34609,0,1,7,-31.431342,152.906804,56,2,1,1,0,0,0,0,2,0,0,50,0,6545,6545,4,0,27,2,0,1,0,0
1253911,1,2021,2021,4,0,5,104,27,443,702,0,1,10,-33.895389,151.066141,15,0,2,1,3,0,3,4,2,2,7,70,2,14295,14295,3,5,5,2,0,0,0,1
1253915,1,2021,2021,4,6,7,30,27,166,52,0,1,10,-33.90503,151.173331,32,0,2,1,3,0,3,3,2,2,7,60,1,14295,14295,3,34,5,2,0,0,0,1
1253917,2,2021,2021,4,0,7,4,27,1,34609,0,1,1,-31.69774,152.278081,43,2,1,0,3,2,0,0,2,0,7,80,0,217,217,1,10,0,2,0,0,2,1
1253920,1,2021,2021,4,6,0,30,31,283,34609,0,1,7,-33.845982,151.009521,21,0,2,1,2,0,3,4,0,0,7,50,0,1945,1945,5,16,40,1,0,0,0,1
1253922,2,2020,2020,2,6,11,4,27,6,34609,0,1,1,-28.650091,153.467404,10,1,0,0,0,0,3,4,0,0,7,100,0,4552,5151,8,0,40,1,0,0,1,1
1253925,2,2020,2020,9,4,8,177,31,237,208,0,1,9,-33.863907,150.953064,24,0,2,1,2,0,0,0,2,0,6,60,1,14295,14295,3,33,5,2,0,0,1,0
1253928,2,2021,2021,4,2,10,103,27,370,256,0,1,10,-34.074839,150.808298,13,0,2,1,2,0,3,4,0,2,7,60,2,14295,14295,3,10,0,2,0,0,1,1
1253929,4,2020,2020,2,0,7,5,27,239,34609,0,1,1,-34.037895,151.11273,68,0,2,1,0,0,0,0,2,0,7,50,0,2040,2040,9,5,28,2,0,1,0,0
1253932,2,2021,2021,3,4,10,1,31,35,34609,0,1,1,-30.441662,152.898952,6,2,1,0,0,0,0,0,0,0,7,50,0,4552,5151,1,10,5,2,0,0,1,0
1253933,4,2021,2021,4,4,6,7,27,34,34609,0,1,1,-33.468517,150.943884,71,0,2,0,0,0,0,0,2,0,7,60,0,1850,1463,5,16,40,1,0,1,0,0
1253934,2,2021,2021,4,0,5,21,31,179,66,0,1,1,-31.909161,152.452204,43,2,1,1,1,0,3,4,2,0,7,60,1,941,941,1,0,5,2,0,0,3,0
1253935,2,2021,2021,4,4,9,93,1,92,220,0,1,10,-33.720061,150.939138,71,0,2,1,1,0,0,0,2,2,7,70,2,6545,6545,4,5,22,2,0,0,2,0
1253936,1,2021,2021,4,1,2,192,31,150,120,0,1,9,-33.927349,151.238913,59,0,2,1,1,0,0,0,1,0,0,60,2,775,775,4,10,27,2,0,0,0,1
1253937,4,2021,2021,4,6,4,3,27,8,34609,0,1,1,-32.702646,151.944763,57,1,0,1,0,0,0,0,2,0,7,100,0,9859,9859,8,8,40,1,0,1,0,0
1253941,1,2021,2021,4,4,8,2126,17,445,2149,0,1,1,-33.851976,151.055932,21,0,2,1,1,0,0,0,2,0,7,60,2,14295,14295,3,5,5,4,0,0,0,1
1253948,1,2021,2021,4,4,10,117,27,78,144,0,1,1,-33.862064,151.093382,14,0,2,1,2,0,3,3,0,0,7,60,2,14295,14295,3,0,5,2,0,0,0,1
1253955,2,2020,2020,2,0,7,149,27,38,198,0,1,9,-34.053906,150.971195,68,0,2,1,3,0,0,0,2,2,7,70,2,1669,1669,3,10,0,2,0,0,1,0
1253956,4,2021,2021,4,0,8,14,27,87,34609,0,1,1,-34.048314,151.151579,68,0,2,1,3,0,3,4,2,0,7,50,0,5929,5929,1,5,13,2,0,1,0,0
1253957,2,2020,2020,2,4,6,71,17,5,71,0,1,1,-35.436818,144.907841,51,1,0,0,0,0,0,0,2,0,7,100,2,782,957,5,29,40,1,0,0,1,0
1253961,1,2021,2021,4,3,11,73,24,50,88,0,1,1,-33.716874,151.269021,50,0,2,0,3,0,3,3,0,0,7,80,2,782,957,5,5,40,1,0,0,0,1
1253962,2,2021,2021,4,2,7,171,27,89,369,0,1,7,-33.641791,150.78571,55,0,2,1,3,0,3,3,2,0,7,80,2,9859,9859,8,5,40,1,0,0,1,0
1253967,1,2021,2021,4,1,7,234,27,57,217,0,1,1,-33.556951,151.009357,31,0,2,1,0,0,0,0,2,0,7,80,2,96,96,0,10,25,2,0,0,0,1
1253972,1,2021,2021,3,1,5,475,31,162,240,0,1,9,-33.848812,150.899475,24,0,2,1,3,0,0,0,2,3,7,60,2,1669,1669,3,0,5,2,0,0,0,1
1253973,1,2021,2021,4,3,9,3371,17,54,3342,0,1,9,-33.087613,151.638671,37,0,2,1,3,0,0,0,3,0,0,60,2,301,301,4,5,5,2,0,0,0,1
1253976,1,2021,2021,4,0,7,22,31,94,34609,0,1,1,-33.838197,151.044581,54,0,2,1,3,0,0,0,2,0,7,50,0,1981,1981,4,9,5,2,0,0,0,1
1253979,2,2021,2021,3,5,2,31,31,67,34609,0,1,9,-33.89415,151.012375,15,0,2,1,3,0,3,4,0,0,7,50,0,1945,1945,5,16,40,1,0,0,1,0
1253983,2,2020,2020,2,5,9,21,31,162,34609,0,1,1,-33.850842,150.907541,24,0,2,1,3,0,0,0,2,0,7,50,0,5929,5929,1,5,0,2,0,0,1,1
1253984,2,2021,2021,4,0,9,39,36,18,79,0,1,1,-33.789774,151.207291,77,0,2,0,3,0,3,4,2,0,7,60,2,1192,1192,1,5,0,2,0,0,1,0
1253985,2,2021,2021,4,3,9,26,27,443,34609,0,1,9,-33.908337,151.053879,15,0,2,1,3,0,0,0,2,0,7,50,0,1109,787,1,5,0,2,0,0,1,0
1253986,2,2021,2021,4,5,8,2209,17,67,2205,0,1,9,-34.425545,150.874473,80,0,2,0,3,0,0,0,2,0,7,60,2,14295,14295,3,16,5,2,0,0,1,0
1253993,2,2021,2021,4,2,3,2126,17,445,2149,0,1,10,-33.854838,151.061433,21,0,2,1,3,0,3,4,2,2,7,60,2,5929,5929,1,5,5,2,0,0,2,0
1253997,4,2021,2021,3,6,4,39,23,98,34609,0,1,1,-33.022016,151.602426,37,0,2,1,3,0,0,0,2,0,7,50,0,9859,9859,1,5,5,2,0,1,0,0
1254001,1,2021,2021,4,6,7,177,31,314,208,0,1,7,-33.862766,150.945053,24,0,2,1,3,0,0,0,2,0,7,60,1,6545,6545,4,5,18,2,0,0,0,1
1254003,2,2020,2020,9,2,5,9,31,443,34609,0,1,1,-33.885758,151.065793,67,0,2,1,3,0,0,0,2,0,7,50,0,14295,14295,3,0,36,3,0,0,1,0
1254004,1,2021,2021,4,4,3,137,14,24,70,0,1,3,-32.782302,151.462512,17,1,0,1,3,0,0,0,2,0,7,110,2,14295,14295,3,5,13,2,0,0,0,1
1254006,2,2021,2021,3,6,9,512,17,30,441,0,1,10,-30.088888,145.937768,51,2,1,1,3,0,0,0,3,0,0,50,2,6545,6545,4,5,13,2,0,0,1,0
1254007,1,2020,2020,5,4,8,361,32,460,42,0,1,9,-33.847164,150.989761,21,0,2,1,3,0,0,0,2,0,7,50,1,14295,14295,3,5,13,2,0,0,0,2
1254009,1,2021,2021,4,2,7,44,31,108,605,0,1,9,-33.768149,151.267966,50,0,2,0,1,0,0,0,2,2,7,60,2,926,926,4,5,33,2,0,0,0,2
1254010,4,2021,2021,4,5,1,63,36,30,16,0,1,1,-32.61871,152.112665,43,1,0,0,0,0,3,0,0,0,7,90,1,1957,4009,8,5,40,1,0,1,0,0
1254015,2,2021,2021,3,6,6,145,31,316,34609,0,1,10,-31.433383,152.904968,56,2,1,1,1,0,0,0,2,0,7,50,0,368,368,9,0,28,3,0,0,1,0
1254019,1,2020,2020,11,3,6,3,18,69,34609,0,1,10,-33.825,151.020425,54,0,2,1,1,0,0,0,2,0,0,50,0,6545,6545,4,5,5,2,0,0,0,1
1254020,4,2020,2020,2,5,5,36,36,9,139,0,1,1,-34.524496,146.304386,51,1,0,0,0,0,0,0,2,0,7,100,2,418,714,5,10,40,1,0,1,0,0
1254021,1,2021,2021,4,5,6,109,36,90,108,0,1,2,-28.267217,153.51059,72,1,0,0,1,0,0,0,2,0,7,100,1,1282,1282,1,10,5,2,0,0,0,2
1254026,2,2020,2020,10,0,8,89,17,51,21,0,1,7,-34.198427,150.970415,80,0,2,1,0,0,0,0,2,0,7,70,2,9859,9859,8,3,40,1,0,0,1,0
1254028,4,2021,2021,4,1,2,5,27,224,34609,0,1,1,-33.827885,151.261037,45,0,2,1,1,0,0,0,1,0,7,40,0,14295,14295,3,22,0,2,0,1,0,0
1254029,4,2021,2021,3,1,8,6,27,71,34609,0,1,1,-33.836113,150.973499,21,0,2,1,1,0,0,0,2,0,7,50,0,5929,5929,1,30,19,3,0,1,0,0
1254032,2,2021,2021,4,2,11,12,31,218,34609,0,1,7,-33.776789,150.785239,55,0,2,1,2,0,0,0,0,0,0,50,0,6545,6545,4,5,13,2,0,0,1,0
1254033,4,2021,2021,4,1,8,220,14,78,220,0,1,3,-34.464523,150.849027,80,0,2,0,1,0,3,4,2,0,7,100,2,1259,5151,8,34,40,1,0,1,0,0
1254037,4,2021,2021,4,5,3,4,27,562,34609,0,1,1,-32.139561,148.776616,22,1,0,1,0,2,0,0,1,0,7,100,0,4026,4026,8,10,40,1,0,1,0,0
1254040,1,2021,2021,4,1,9,5,10,323,34609,0,1,1,-33.76966,150.984125,71,0,2,0,1,0,0,0,3,0,7,50,0,312,312,2,5,40,1,0,0,0,1
1254044,1,2020,2020,9,0,10,330,27,43,605,0,1,9,-33.697682,151.300646,50,0,2,1,2,0,0,0,0,2,7,70,2,5929,5929,1,10,5,2,0,0,0,1
1254049,2,2020,2020,10,6,7,230,27,197,284,0,1,2,-33.799905,151.142542,61,0,2,1,0,0,0,0,2,0,7,80,2,14295,14295,3,0,5,5,0,0,2,1
1254050,4,2020,2020,2,0,11,330,23,35,39,0,1,9,-33.967215,151.243338,59,0,2,1,2,0,0,0,0,0,0,60,1,6545,6545,4,5,0,2,0,1,0,0
1254055,4,2021,2021,4,3,4,37,27,6,52,0,1,1,-33.978191,150.572748,79,2,2,1,0,0,0,0,2,0,7,80,1,1945,1945,5,16,40,1,0,1,0,0
1254056,2,2020,2020,2,2,0,82,27,3,31,0,1,1,-28.796658,153.168495,39,1,0,1,0,0,0,0,0,0,7,100,1,1089,1089,7,5,40,1,0,0,1,0
1254057,2,2021,2021,4,3,10,38,27,154,35,0,1,7,-33.709255,150.973949,71,0,2,1,2,0,0,0,0,0,0,60,1,6545,6545,4,0,5,2,0,0,1,0
1254058,1,2020,2020,11,5,7,168,17,8,212,0,1,1,-35.316819,149.722043,58,1,0,1,0,0,0,0,2,0,7,100,2,9859,9859,8,0,40,1,0,0,0,1
1254060,2,2021,2021,4,5,6,829,27,304,140,0,1,1,-33.905745,151.166226,32,0,2,1,0,0,0,0,2,0,7,60,1,14295,14295,3,15,36,2,0,0,1,0
1254062,2,2021,2021,4,2,7,2261,17,17,2252,0,1,2,-34.795604,149.274665,74,1,0,1,0,0,0,0,2,0,7,110,2,9859,9859,8,21,40,1,0,0,1,4
1254065,4,2021,2021,4,0,3,1104,14,142,962,0,1,3,-33.827508,150.995382,54,0,2,0,1,0,0,0,2,0,7,90,2,1391,1391,1,0,40,2,0,1,0,0
1254071,2,2021,2021,3,5,9,4,31,83,34609,0,1,1,-29.717333,152.936991,18,2,1,1,1,0,0,0,2,0,7,50,0,9859,9859,8,5,40,1,0,0,1,0
1254072,2,2021,2021,4,5,9,229,14,98,237,0,1,3,-33.757919,151.053359,31,0,2,1,0,0,0,0,2,0,7,100,2,14295,14295,3,10,13,2,0,0,1,0
1254073,4,2021,2021,4,6,8,31,23,139,187,0,1,2,-33.872261,151.138795,32,0,2,0,1,0,0,0,2,0,7,60,2,1850,1463,5,16,40,1,0,1,0,0
1254078,2,2021,2021,4,6,4,916,17,10,917,0,1,1,-29.639383,151.828094,51,1,0,1,0,0,0,3,2,0,7,100,2,4026,4026,8,5,40,1,0,0,1,1
1254080,2,2020,2020,2,4,11,102,31,293,28,1,0,1,-33.917025,151.05667,15,0,2,1,2,0,3,4,0,0,7,60,1,14295,14295,3,5,36,2,0,0,1,0
1254081,1,2021,2021,4,2,10,67,10,13,34,0,1,1,-34.363994,150.496475,78,2,1,0,3,0,0,0,0,0,7,80,1,4552,5151,8,5,40,1,0,0,0,1
1254086,4,2021,2021,4,6,8,7,27,147,34609,0,1,7,-33.872596,150.988486,15,0,2,0,0,0,0,0,2,0,0,50,0,2585,4009,8,16,40,1,0,1,0,0
1254087,4,2020,2020,2,5,5,38,27,43,70,0,1,9,-33.735439,150.792909,7,0,2,1,1,0,0,0,2,0,7,60,1,3775,3775,0,10,5,3,0,1,0,0
1254090,4,2021,2021,4,1,6,2,10,84,34609,0,1,1,-33.472755,151.406966,16,2,2,1,0,0,0,0,2,0,7,50,0,9859,9859,8,0,40,1,0,1,0,0
1254093,1,2020,2020,2,6,6,103,27,370,256,0,1,2,-34.074583,150.808383,13,0,2,1,1,0,0,0,2,0,7,60,2,1383,1383,1,0,13,2,0,0,0,1
1254095,2,2020,2020,2,6,11,500,27,293,799,1,0,9,-33.931813,151.056244,15,0,2,1,2,0,0,0,0,2,7,60,2,5929,5929,1,5,5,2,0,0,1,0