Crash ID,Degree of crash - detailed,Reporting year,Year of crash,Month of crash,Day of week of crash,Two-hour intervals,Street of crash,Street type,Town,Route no.,School zone location,School zone active,Type of location,Latitude,Longitude,LGA,Urbanisation,Conurbation 1,Alignment,Street lighting,Road surface,Surface condition,Weather,Natural lighting,Signals operation,Other traffic control,Speed limit,Road classification,RUM - code,DCA - code,First impact type,Key TU type,Other TU type,No. of traffic units involved,No. killed,No. seriously injured,No. moderately injured,No. minor-other injured
1254097,4,2020,2020,9,6,1,3371,17,16,3342,0,1,2,-31.924875,152.507854,43,1,0,0,2,0,0,0,0,0,7,110,2,782,957,5,3,40,1,0,1,0,0
1254098,4,2020,2020,2,3,11,21,10,89,34609,0,1,7,-28.227885,153.538197,72,2,1,0,2,0,3,4,0,0,0,50,0,4552,5151,8,0,40,1,0,2,0,0
1254102,1,2021,2021,4,0,8,8,31,304,34609,0,1,9,-33.917298,151.145288,32,0,2,0,1,0,0,0,2,0,7,50,0,3775,3775,0,0,5,2,0,0,0,1
1254107,1,2021,2021,4,2,8,41,27,6,69,0,1,1,-34.49626,149.81269,74,1,0,0,0,0,0,0,2,0,7,100,1,2585,4009,8,16,40,1,0,0,0,1
1254115,1,2021,2021,4,0,7,1,6,87,34609,1,0,10,-33.696032,150.957245,71,0,2,1,3,0,0,0,2,0,15,60,0,6545,6545,4,5,0,2,0,0,0,1
1254123,1,2021,2021,4,0,6,2261,17,646,2252,1,0,2,-33.90727,151.034074,15,0,2,0,3,0,0,0,2,0,7,60,2,217,217,1,5,13,2,0,0,0,1
1254124,1,2020,2020,9,3,8,133,31,46,207,0,1,10,-33.87914,151.237567,81,0,2,1,3,0,0,0,2,2,7,60,2,14295,14295,3,5,0,2,0,0,0,1
1254129,1,2020,2020,9,4,8,55,36,3,43,0,1,1,-32.402868,150.229506,44,1,0,0,3,0,0,0,4,0,7,100,1,1089,1089,7,0,40,1,0,0,0,1
1254130,1,2021,2021,4,6,3,20,31,363,9,0,1,10,-33.815852,151.0121,54,0,2,1,3,0,0,0,2,2,9,60,1,515,515,1,8,36,2,0,0,0,1
1254131,2,2021,2021,4,0,3,348,17,25,232,0,1,1,-33.018792,149.875692,44,1,0,0,0,0,3,1,1,0,7,100,2,1957,4009,8,9,40,1,0,0,1,0
1254132,2,2021,2021,4,4,11,3,27,4,34609,0,1,1,-35.330783,148.36407,66,1,0,0,3,0,3,4,0,0,7,100,0,1957,4009,8,0,40,1,0,0,1,0
1254133,2,2021,2021,4,2,5,9,27,6,41,0,1,1,-34.903531,147.655287,51,1,0,0,0,0,0,0,2,0,7,100,1,782,957,5,25,40,1,0,0,2,0
1254134,1,2021,2021,4,2,9,344,27,62,382,0,1,10,-33.717663,150.844214,7,0,2,1,1,0,0,0,2,2,7,80,2,14295,14295,3,5,0,2,0,0,0,1
1254139,2,2021,2021,4,0,4,7,27,5,34609,0,1,1,-33.210167,149.109216,11,1,0,1,3,0,0,3,2,0,7,100,0,475,475,5,5,40,1,0,0,1,0
1254141,1,2021,2021,4,3,5,171,1,57,104,0,1,9,-33.945378,151.221638,4,0,2,0,3,0,0,0,2,2,7,70,2,1391,1391,1,30,5,2,0,0,0,1
1254143,1,2021,2021,4,5,6,33,31,36,22,0,1,10,-33.883327,151.183183,69,0,2,1,1,0,0,0,2,2,7,50,2,1192,1192,1,5,27,2,0,0,0,1
1254144,4,2020,2020,2,5,5,177,22,210,176,1,0,2,-34.033927,151.098855,68,0,2,1,1,0,0,0,2,0,7,60,2,1383,1383,1,5,0,2,0,1,0,0
1254146,2,2020,2020,2,1,9,7,27,24,34609,0,1,7,-33.910717,150.884247,41,0,2,1,2,0,3,4,3,0,7,50,0,3775,3775,0,10,0,3,0,0,1,0
1254149,4,2021,2021,4,3,5,37,23,443,78,0,1,1,-33.907033,151.059405,15,0,2,1,1,0,0,0,2,0,7,60,2,5929,5929,1,9,0,2,0,1,0,0
1254150,2,2020,2020,2,3,6,14,27,12,34609,0,1,1,-33.50897,151.4015,16,2,2,0,0,0,3,3,2,0,7,60,0,1259,5151,8,5,40,1,0,0,1,0
1254151,2,2021,2021,3,4,9,5,27,155,95,0,1,9,-33.128631,148.155773,53,2,1,1,0,0,0,0,2,0,0,80,2,2585,777,8,10,40,1,0,0,1,0
1254153,4,2021,2021,4,2,7,6,31,370,34609,0,1,9,-34.073899,150.798953,13,0,2,1,3,0,2,6,2,2,7,50,0,5929,5929,1,5,19,2,0,1,0,0
1254155,2,2021,2021,4,3,9,2,27,187,34609,0,1,1,-33.780453,151.006317,54,0,2,1,0,0,0,0,2,0,7,50,0,312,312,2,0,40,1,0,0,1,0
1254158,2,2021,2021,4,0,8,196,10,70,168,0,1,9,-33.904557,150.980992,15,0,2,1,1,0,3,4,3,0,0,60,2,14295,14295,3,5,5,3,0,0,1,0
1254161,2,2020,2020,11,1,9,296,27,283,293,0,1,9,-33.828865,151.004454,21,0,2,1,1,0,0,0,0,1,7,60,2,5929,5929,1,5,36,2,0,0,1,0
1254163,4,2021,2021,4,3,5,33,1,234,139,0,1,10,-34.285485,146.027389,28,2,1,1,1,0,0,0,2,0,0,50,2,6545,6545,4,0,13,3,0,1,0,0
1254164,4,2020,2020,2,2,7,1052,14,33,928,0,1,3,-33.640936,151.144432,31,0,2,1,0,0,0,0,2,0,7,110,2,9859,9859,8,5,40,1,0,1,0,0
1254167,4,2020,2020,10,4,8,308,14,127,311,0,1,3,-33.824175,150.854402,24,0,2,1,0,0,0,0,2,0,7,100,2,14295,14295,3,16,19,3,0,1,0,0
1254170,2,2021,2021,4,3,5,916,17,66,917,0,1,2,-32.811785,151.666141,48,0,2,1,0,0,0,0,2,0,7,80,2,14295,14295,3,5,0,3,0,0,2,0
1254173,2,2021,2021,4,0,7,2,27,96,19,0,1,10,-33.371946,147.999469,51,2,1,1,3,0,0,0,2,0,0,50,1,6545,6545,4,5,13,2,0,0,1,0
1254176,2,2021,2021,4,4,4,194,31,157,769,0,1,10,-33.797286,151.00218,54,0,2,1,3,0,0,0,2,2,7,60,2,217,217,1,21,5,2,0,0,1,0
1254177,1,2021,2021,4,4,10,55,27,137,96,0,1,9,-32.956704,151.686671,37,0,2,0,3,0,3,4,0,2,7,60,2,14295,14295,3,10,5,2,0,0,0,1
1254178,1,2021,2021,3,1,8,308,14,252,311,0,1,3,-33.949054,150.876942,41,0,2,1,3,0,0,0,2,0,7,100,2,1391,1391,1,3,5,2,0,0,0,1
1254182,1,2020,2020,9,5,8,12,10,28,34609,1,0,7,-34.087909,150.798562,13,0,2,1,3,0,0,0,2,0,0,60,0,14295,14295,3,10,5,2,0,0,0,1
1254184,1,2021,2021,4,3,11,56,31,159,34609,0,1,7,-33.814703,151.081666,61,0,2,1,3,0,0,0,0,0,0,50,0,926,926,4,0,0,2,0,0,0,1
1254187,1,2021,2021,4,0,5,2126,17,438,2149,0,1,9,-33.841055,151.035311,21,0,2,1,3,0,0,0,2,0,2,60,2,14295,14295,3,8,5,2,0,0,0,1
1254190,2,2020,2020,2,0,4,16,31,387,34609,0,1,1,-33.931295,151.199804,4,0,2,1,3,0,0,0,2,0,7,50,0,14295,14295,3,10,18,2,0,0,1,0
1254194,1,2021,2021,4,0,8,344,27,363,369,0,1,2,-33.736853,150.717115,55,0,2,1,3,0,0,0,2,0,7,70,2,1391,1391,1,8,5,4,0,0,0,1
1254197,2,2021,2021,4,5,8,74,27,66,59,0,1,9,-34.473148,150.886579,80,0,2,0,3,0,0,0,2,2,7,60,2,14295,14295,3,5,5,2,0,0,1,0
1254200,1,2021,2021,4,3,8,2209,17,115,2205,0,1,10,-33.91557,151.174624,32,0,2,1,3,0,0,0,2,2,7,60,2,14295,14295,3,5,5,2,0,0,0,1
1254202,2,2021,2021,4,2,6,69,31,445,59,0,1,7,-33.864758,151.047989,21,0,2,1,1,0,3,4,2,0,0,60,1,2040,2040,9,19,28,2,0,0,1,0
1254205,1,2021,2021,4,2,3,8,10,101,9,0,1,9,-32.895781,151.60572,37,0,2,1,1,0,0,0,2,0,15,80,1,2852,2852,4,0,27,2,0,0,0,1
1254206,2,2021,2021,4,4,7,77,31,445,563,0,1,10,-33.884727,151.039948,21,0,2,1,1,0,0,0,2,2,7,80,2,14295,14295,3,29,0,2,0,0,1,0
1254207,2,2021,2021,4,4,5,112,17,4,112,0,1,1,-31.529406,146.259693,51,1,0,1,0,0,0,0,2,0,7,110,2,3775,3775,0,10,32,2,0,0,1,0
1254209,2,2020,2020,2,0,10,125,27,108,123,0,1,7,-33.313305,151.421718,16,2,2,1,2,0,3,4,0,0,0,70,2,1945,1945,5,16,40,1,0,0,1,0
1254218,2,2021,2021,4,2,7,41,1,271,34609,0,1,1,-33.958385,151.011434,15,0,2,1,1,0,0,0,2,0,7,50,0,9859,9859,1,5,5,2,0,0,1,0
1254219,1,2021,2021,4,5,9,283,27,91,702,0,1,9,-33.968457,151.096895,25,0,2,1,1,0,0,0,3,0,15,60,2,591,591,1,22,0,2,0,0,0,1
1254220,2,2021,2021,4,4,2,361,32,111,65,0,1,1,-33.697042,150.870473,7,0,2,1,2,0,3,4,0,0,7,50,1,1109,787,1,5,41,2,0,0,1,0
1254222,2,2021,2021,4,5,7,3371,17,27,3342,0,1,7,-30.157864,153.190241,19,2,1,0,0,0,0,0,2,0,0,50,2,6545,6545,4,0,0,2,0,0,1,0
1254228,4,2021,2021,4,0,3,9,31,93,34609,0,1,1,-36.066056,146.955707,0,2,1,0,1,0,0,3,2,0,7,80,0,3775,3775,0,5,12,3,0,1,0,0
1254229,2,2021,2021,4,3,6,27,27,47,49,0,1,7,-33.776223,151.279613,50,0,2,1,0,0,0,0,2,0,0,60,1,6545,6545,4,5,19,2,0,0,1,0
1254236,4,2020,2020,9,2,10,3,27,21,34609,1,0,1,-33.702229,151.284178,50,0,2,0,2,0,0,0,0,0,7,50,0,2585,4009,8,5,40,1,0,1,0,0
1254239,4,2020,2020,2,0,6,10,31,463,34609,0,1,1,-30.286036,153.106803,19,2,1,0,1,0,0,0,2,0,7,50,0,4552,5151,8,10,40,1,0,1,0,0
1254262,2,2020,2020,10,6,7,1,1,37,34609,0,1,1,-33.897323,151.259301,76,0,2,1,1,0,0,0,2,0,7,50,0,248,248,1,5,10,2,0,0,1,0
1254272,2,2020,2020,2,4,10,71,31,290,103,0,1,9,-33.863453,151.009277,21,0,2,0,2,0,0,3,0,2,7,60,1,2852,2852,4,21,12,2,0,0,1,1
1254273,1,2020,2020,9,3,10,3,27,12,18,0,1,1,-35.907741,145.711682,51,1,0,1,0,0,0,0,0,0,7,100,1,9859,9859,8,10,40,1,0,0,0,1
1254274,1,2020,2020,1,4,7,169,31,44,57,0,1,7,-28.864797,153.52827,2,2,1,1,3,0,0,0,2,0,7,60,1,1383,1383,1,10,5,2,0,0,0,1
1254275,4,2020,2020,9,3,7,1,27,57,36,0,1,9,-33.594264,150.969847,71,0,2,1,0,0,0,0,2,0,7,80,1,1945,1945,5,16,40,1,0,1,0,0
1254276,4,2020,2020,9,0,6,127,27,135,103,0,1,1,-32.90193,151.742713,48,0,2,1,1,0,0,0,2,0,7,60,1,14295,14295,3,16,36,2,0,1,0,0
1254277,4,2020,2020,9,3,11,22,10,165,34609,0,1,1,-33.859241,151.156511,14,0,2,0,3,0,0,0,0,0,7,40,0,1850,1463,5,16,40,1,0,1,0,0
1254278,2,2020,2020,9,1,6,9,1,77,4,0,1,9,-33.725831,151.083449,31,0,2,1,3,0,0,0,2,0,7,50,1,2852,2852,4,5,5,2,0,0,1,0
1254280,4,2020,2020,2,4,4,3371,17,137,3342,0,1,2,-32.957883,151.699485,37,0,2,0,1,0,3,3,2,0,7,60,2,623,623,3,16,13,2,0,1,0,0
1254281,2,2020,2020,9,5,0,916,17,53,917,0,1,7,-31.096626,150.938669,70,2,1,1,3,0,0,0,0,0,0,60,2,4552,985,8,0,40,1,0,0,1,0
1254282,4,2020,2020,9,5,4,112,27,201,256,0,1,7,-34.006797,150.837852,13,0,2,1,0,0,0,0,2,0,0,70,2,9859,9859,8,10,40,1,0,1,0,0
1254283,4,2020,2020,9,4,5,3371,17,54,3342,0,1,1,-33.455785,151.203031,16,2,2,0,0,0,0,0,2,0,7,60,2,186,186,1,8,19,2,0,1,0,0
1254284,2,2020,2020,2,2,9,117,1,70,121,1,0,10,-34.037704,151.084475,68,0,2,1,1,0,0,0,2,2,7,60,1,5929,5929,1,5,5,2,0,0,1,0
1254285,2,2020,2020,9,2,9,2126,17,62,2149,0,1,9,-33.757804,150.612191,8,2,2,1,1,0,0,0,3,0,15,80,2,2852,2852,4,10,5,2,0,0,2,0
1254286,2,2020,2020,2,3,10,22,1,73,34609,0,1,1,-35.132632,147.381956,75,2,1,0,2,0,0,0,0,0,7,50,0,4552,5151,1,5,5,2,0,0,1,0
1254287,4,2020,2020,9,3,11,133,31,646,97,0,1,9,-33.917778,151.026413,15,0,2,1,2,0,0,0,0,2,7,60,1,5929,5929,1,5,19,2,0,1,0,0
1254289,2,2020,2020,2,4,7,8,27,3,7,0,1,1,-30.676545,150.425627,51,1,0,0,0,2,0,0,2,0,7,100,1,4552,5151,8,10,40,1,0,0,1,0
1254290,2,2020,2020,9,0,4,15,27,323,154,0,1,1,-33.802159,150.868044,7,0,2,1,1,0,0,0,2,0,7,60,1,3775,3775,0,5,10,4,0,0,1,0
1254291,2,2020,2020,2,2,7,123,36,7,90,0,1,1,-31.860052,151.872964,43,2,1,0,0,0,3,4,2,0,7,80,1,1957,4009,8,0,40,1,0,0,1,0
1254292,4,2020,2020,2,6,7,478,17,89,480,0,1,9,-33.382118,151.473099,16,2,2,1,1,0,0,0,2,0,7,60,2,1981,1981,4,5,19,2,0,1,0,0
1254295,2,2020,2020,9,1,3,9,27,197,34609,0,1,9,-33.797768,151.134788,61,0,2,1,1,0,3,4,2,0,7,50,0,5929,5929,1,5,5,2,0,0,1,0
1254297,4,2020,2020,2,2,11,63,17,112,114,0,1,1,-33.452482,151.423197,16,2,2,0,2,0,3,4,0,0,7,70,2,1259,5151,8,10,40,1,0,1,0,0
1254298,4,2020,2020,2,2,5,2,27,2,34609,0,1,1,-30.640666,150.851034,70,1,0,0,0,2,3,0,2,0,7,100,0,2585,4009,8,5,40,1,0,2,0,0
1254299,2,2020,2020,2,6,4,57,31,174,321,0,1,0,-33.894977,151.199198,69,0,2,0,1,0,0,0,2,0,7,50,2,2040,2040,9,0,28,2,0,0,1,0
1254300,1,2020,2020,2,1,7,195,27,46,186,0,1,2,-33.92494,150.848347,41,0,2,1,0,0,0,0,2,2,9,70,2,1383,1383,1,5,13,2,0,0,0,1
1254301,2,2020,2020,9,2,4,2,1,19,34609,0,1,1,-33.906822,150.611798,79,2,2,0,0,0,0,0,2,0,7,50,0,30,30,9,10,28,2,0,0,1,0
1254302,2,2020,2020,2,5,3,8,31,20,34609,0,1,10,-35.984337,146.637291,51,2,1,1,3,0,0,3,1,0,0,50,0,6545,6545,4,5,13,2,0,0,1,0
1254304,4,2020,2020,9,0,8,6,31,72,34,0,1,9,-33.834739,151.226576,49,0,2,1,0,0,0,0,2,0,15,50,1,1220,1220,9,5,28,2,0,1,0,0
1254305,2,2020,2020,2,0,4,54,31,82,34609,0,1,1,-33.792359,151.259679,50,0,2,1,1,0,0,0,2,0,7,50,0,238,238,9,30,28,2,0,0,1,0
1254306,4,2020,2020,9,4,5,21,31,136,34609,0,1,1,-33.922206,151.082786,15,0,2,1,0,0,0,0,2,0,7,50,0,220,220,8,5,40,1,0,1,0,0
1254308,4,2020,2020,2,3,8,2209,17,23,2205,0,1,1,-35.624369,150.251047,23,1,0,0,0,0,0,0,2,0,7,100,2,1957,4009,8,5,40,1,0,1,0,0
1254309,2,2020,2020,2,4,3,133,1,22,34609,0,1,1,-34.470004,150.871706,80,0,2,1,1,2,0,0,2,0,7,50,0,9859,9859,1,5,13,2,0,0,1,0
1254310,4,2020,2020,9,2,5,5,27,290,19,0,1,1,-33.950266,151.115476,4,0,2,1,1,0,0,0,2,0,7,50,1,14295,14295,3,5,5,2,0,1,0,0
1254311,4,2020,2020,2,2,0,60,27,253,331,0,1,1,-33.963161,151.103382,25,0,2,1,2,0,3,4,0,0,7,60,2,121,121,9,5,28,2,0,1,1,0
1254312,4,2020,2020,2,1,11,10,27,232,34609,0,1,1,-33.682582,150.900927,7,0,2,1,2,0,3,4,0,0,7,60,0,2040,2040,9,10,28,2,0,1,0,1
1254314,1,2020,2020,9,2,2,59,27,271,42,0,1,1,-33.948542,151.017485,15,0,2,1,2,0,0,0,0,0,7,60,1,9859,9859,1,5,13,2,0,0,0,1
1254315,2,2020,2020,9,0,6,916,17,32,917,0,1,1,-30.188654,151.677952,1,1,0,1,0,0,0,0,2,0,7,100,2,945,945,5,10,40,1,0,0,1,0
1254317,1,2020,2020,2,6,0,2261,17,201,2252,0,1,3,-33.990028,150.852732,13,0,2,1,2,0,0,0,0,0,7,110,2,2040,2040,9,5,28,2,0,0,0,1
1254318,4,2020,2020,2,6,9,194,31,105,34609,0,1,1,-32.593588,149.588124,44,2,1,1,1,0,0,0,2,0,7,50,0,1981,1981,4,30,0,3,0,1,0,0
1254320,4,2021,2021,3,4,4,20,1,64,34609,0,1,1,-33.951423,151.001004,15,0,2,0,3,0,0,0,2,0,7,50,0,1957,4009,1,5,41,2,0,1,0,0
1254321,2,2020,2020,9,1,3,1052,14,160,928,0,1,3,-33.094449,151.467299,37,0,2,1,0,0,0,0,2,0,7,110,2,4026,4026,8,5,40,1,0,0,1,0
1254322,2,2020,2020,9,1,5,110,31,19,34609,0,1,2,-30.642009,151.501891,51,2,1,1,1,0,0,0,2,0,7,50,0,144,144,1,0,5,2,0,0,1,0
1254324,2,2020,2020,2,2,11,19,27,48,34609,0,1,9,-29.083655,151.94903,51,2,1,0,0,2,0,1,0,0,7,80,0,418,714,5,5,40,1,0,0,1,0
1254326,2,2021,2021,4,3,11,1,31,609,34609,0,1,4,-33.778985,150.89578,7,0,2,0,3,0,0,0,0,0,7,50,0,14295,14295,3,5,5,2,0,0,1,0
1254327,2,2020,2020,2,0,8,12,31,58,34609,0,1,1,-33.757764,151.156799,36,0,2,1,0,0,0,0,2,0,7,50,0,1981,1981,4,5,27,2,0,0,1,0
1254332,1,2021,2021,3,0,3,829,27,124,770,0,1,2,-33.813803,151.051916,54,0,2,1,3,0,0,0,2,0,0,80,2,1391,1391,1,5,5,2,0,0,0,1
1254333,1,2021,2021,3,5,6,500,27,293,799,0,1,1,-33.932439,151.049715,15,0,2,1,3,0,0,0,2,0,7,60,2,14295,14295,3,5,5,2,0,0,0,1
1254336,1,2021,2021,4,3,9,330,23,123,233,0,1,2,-33.912644,151.224235,59,0,2,1,3,0,0,0,0,0,7,50,2,1192,1192,1,22,0,2,0,0,0,1
1254338,1,2020,2020,2,2,6,293,31,363,34609,0,1,10,-33.814781,151.001717,54,0,2,1,3,0,0,0,2,2,7,50,0,623,623,3,5,0,2,0,0,0,3
1254342,2,2021,2021,3,1,3,16,1,24,25,0,1,9,-33.627112,150.83603,29,2,2,1,1,0,3,3,2,0,7,60,2,14295,14295,3,5,5,3,0,0,1,1
1254344,4,2021,2021,4,2,8,2,27,64,34609,0,1,1,-33.954539,150.993915,15,0,2,1,0,0,0,0,2,0,7,50,0,5929,5929,1,5,19,2,0,1,0,0
1254351,2,2021,2021,4,5,0,916,17,66,917,0,1,2,-32.810427,151.672505,48,0,2,0,0,0,0,0,0,0,7,80,2,2585,4009,8,5,40,1,0,0,1,0
1254352,2,2020,2020,9,2,10,1,1,21,34609,0,1,1,-33.95017,151.161448,4,0,2,1,2,0,0,0,0,0,7,50,0,1282,1282,1,5,0,2,0,0,1,1
1254353,4,2020,2020,11,4,4,205,27,45,415,0,1,10,-33.693498,151.220811,50,0,2,1,0,0,0,0,2,0,7,80,2,5929,5929,1,0,27,2,0,1,1,0
1254354,4,2021,2021,3,0,7,4,27,54,34609,0,1,10,-33.636664,150.870075,29,2,2,1,0,0,0,0,2,0,0,70,0,6545,6545,4,5,5,2,0,1,0,0
1254355,2,2021,2021,4,4,7,27,17,43,34609,0,1,1,-30.458349,153.00759,6,2,1,0,1,0,0,0,2,0,7,50,0,4552,5151,8,5,40,1,0,0,1,0
1254356,4,2021,2021,4,5,4,2261,17,204,2252,0,1,10,-33.888516,151.117504,32,0,2,0,1,0,0,0,2,2,9,60,2,515,515,1,5,27,2,0,1,0,0
1254358,4,2021,2021,3,0,7,2,1,147,125,0,1,9,-33.892376,151.005081,15,0,2,1,1,0,0,0,2,0,7,60,1,204,204,1,5,0,2,0,1,0,0
1254360,2,2021,2021,4,2,7,89,27,6,228,0,1,1,-33.166485,151.064979,29,2,2,0,0,2,0,3,2,0,7,50,1,3775,3775,0,0,10,2,0,0,1,0
1254365,2,2020,2020,2,1,4,38,27,15,45,1,0,9,-35.07061,150.671757,63,2,1,1,1,0,0,3,2,0,0,60,1,5929,5929,1,0,18,2,0,0,1,0
1254366,2,2020,2020,2,6,11,15,31,346,34609,0,1,1,-33.885851,151.082331,67,0,2,1,2,0,0,0,0,0,7,50,0,9859,9859,1,5,5,3,0,0,1,0
1254367,2,2021,2021,4,5,11,2,27,4,34609,0,1,1,-34.471542,146.507641,51,1,0,0,0,0,0,0,0,0,7,100,0,4552,5151,8,3,40,1,0,0,1,0
1254369,4,2021,2021,3,5,7,9,31,215,34609,0,1,10,-35.111012,147.353232,75,2,1,1,1,0,0,0,2,0,0,50,0,6545,6545,4,30,10,2,0,1,0,0
1254370,2,2021,2021,4,3,6,19,27,58,34609,0,1,1,-34.050222,151.121784,68,0,2,1,0,0,0,0,2,0,7,50,0,14295,14295,3,0,19,2,0,0,1,0
1254374,4,2020,2020,2,2,7,38,27,218,70,0,1,2,-33.75406,150.775951,55,0,2,1,0,0,0,3,2,0,7,60,1,9859,9859,1,5,36,3,0,1,0,0
1254377,1,2021,2021,4,4,6,1,1,176,2205,0,1,9,-33.951487,151.138109,4,0,2,1,1,0,3,4,2,2,9,60,2,2040,2040,9,9,28,3,0,0,0,2
1254378,2,2020,2020,2,1,8,51,27,69,63,0,1,9,-34.55263,150.858697,62,0,2,1,0,0,3,4,2,0,7,70,2,5929,5929,1,5,5,2,0,0,1,0
1254381,1,2020,2020,2,4,5,3371,17,57,3342,0,1,9,-33.677325,151.112189,31,0,2,0,1,0,0,0,2,0,7,60,2,2852,2852,4,5,5,2,0,0,0,1
1254383,2,2020,2020,2,5,6,23,31,218,19,0,1,1,-33.747457,150.776696,55,0,2,0,0,0,0,0,2,0,7,60,1,14295,14295,3,9,36,2,0,0,1,0
1254384,1,2021,2021,4,5,8,69,31,55,34609,0,1,10,-33.367413,151.460358,16,2,2,1,1,0,0,0,2,0,0,50,0,6545,6545,4,5,25,2,0,0,0,2
1254385,2,2021,2021,4,2,0,27,1,132,148,0,1,1,-34.152181,151.02148,68,0,2,0,0,0,0,0,0,0,7,60,2,4552,5151,8,5,40,1,0,0,1,0
1254389,2,2020,2020,2,5,6,157,17,36,158,0,1,1,-33.897696,148.185548,51,1,0,1,0,0,0,0,2,0,7,100,2,1945,1945,5,0,40,1,0,0,1,0
1254393,1,2021,2021,4,4,5,13,27,151,34609,0,1,2,-34.029663,150.848888,13,0,2,0,3,0,2,6,2,0,0,50,0,1981,1981,4,10,5,2,0,0,0,1
1254396,1,2020,2020,9,2,2,485,27,50,769,0,1,9,-33.656624,150.8741,29,2,2,1,2,0,0,0,0,2,9,80,2,6545,6545,4,5,19,2,0,0,0,1
1254398,2,2021,2021,4,6,4,251,14,79,124,0,1,3,-33.828782,151.21408,49,0,2,0,3,0,0,0,2,0,7,80,2,1282,1282,1,5,19,2,0,0,1,0
1254400,4,2021,2021,3,1,11,2,27,5,14,0,1,9,-35.705105,146.608613,27,1,0,1,0,0,0,0,0,0,7,100,1,1945,1945,5,0,40,1,0,2,0,0
1254404,2,2020,2020,9,1,10,1104,14,142,962,0,1,3,-33.827511,150.99539,54,0,2,1,2,0,0,0,0,0,7,80,2,404,404,8,8,40,1,0,0,1,0
1254405,1,2020,2020,2,5,9,44,31,43,605,0,1,9,-33.770286,151.265965,50,0,2,1,1,0,0,0,3,2,7,60,2,5929,5929,1,9,5,2,0,0,0,1
1254407,2,2021,2021,4,0,1,76,24,164,154,0,1,2,-33.724583,150.89307,7,0,2,0,3,0,2,6,0,0,7,70,1,1957,4009,8,5,40,1,0,0,1,0
1254413,2,2021,2021,4,3,8,866,17,314,793,0,1,2,-33.856814,150.936371,24,0,2,1,1,0,0,0,2,0,7,70,2,1383,1383,1,5,19,3,0,0,1,0
1254414,1,2020,2020,9,2,7,265,17,123,193,0,1,1,-33.896474,148.624965,51,1,0,1,0,0,0,0,2,0,7,100,2,9859,9859,8,0,40,1,0,0,0,1
1254418,4,2021,2021,4,5,4,149,27,38,198,0,1,1,-34.054525,150.976563,68,0,2,1,0,0,0,0,2,0,7,70,2,14295,14295,3,5,5,6,0,4,1,0
1254421,4,2021,2021,3,3,6,16,31,253,27,0,1,1,-33.967033,151.113274,25,0,2,1,1,0,0,0,2,0,7,60,1,9859,9859,8,16,40,1,0,1,0,0
1254426,4,2020,2020,2,1,10,35,31,25,34609,0,1,10,-33.876287,151.280204,76,0,2,1,2,0,0,0,0,0,0,50,0,78,78,8,16,40,3,0,1,0,0
1254428,4,2021,2021,3,1,4,20,27,438,34609,0,1,7,-33.845131,151.036548,21,0,2,1,1,0,0,0,2,0,7,50,0,30,30,9,28,28,2,0,1,0,0
1254431,4,2020,2020,9,0,9,7,31,53,34609,0,1,10,-31.867476,152.372111,43,2,1,1,0,0,0,0,2,0,0,50,0,14295,14295,3,5,19,2,0,1,0,0
1254432,2,2021,2021,3,6,3,2126,17,62,2149,0,1,9,-33.756178,150.611801,8,2,2,1,1,0,0,0,2,2,8,80,2,14295,14295,3,8,0,2,0,0,1,0
1254436,4,2021,2021,4,3,7,23,27,36,38,0,1,1,-33.424871,148.673872,11,1,0,0,0,0,0,0,2,0,7,100,2,4552,5151,8,16,40,1,0,1,0,0
1254437,1,2021,2021,4,3,7,2209,17,7,2205,0,1,1,-36.338588,150.039867,23,1,0,1,0,0,3,4,2,0,7,100,2,14295,14295,3,0,0,2,0,0,0,1
1254438,2,2021,2021,4,4,7,21,31,179,66,0,1,7,-31.913944,152.455989,43,2,1,0,0,0,0,0,2,0,0,60,1,515,515,1,16,13,2,0,0,1,0
1254443,4,2020,2020,9,4,6,1,27,5,34609,0,1,1,-28.846043,153.07547,60,1,0,0,0,2,0,0,2,0,7,100,0,418,714,5,10,40,1,0,1,0,0
1254444,4,2020,2020,11,0,6,46,27,6,43,0,1,1,-36.004183,146.896493,0,2,1,0,0,0,3,3,2,0,7,80,1,782,957,5,30,40,1,0,1,0,0
1254456,4,2020,2020,2,0,6,118,27,646,118,0,1,9,-33.932747,151.027649,15,0,2,1,0,0,0,0,2,3,7,50,1,1981,1981,4,5,5,2,0,1,0,0
1254461,1,2021,2021,4,0,3,193,27,32,41,0,1,1,-33.978711,151.122863,25,0,2,1,3,0,0,0,2,0,7,60,1,14295,14295,3,0,5,4,0,0,0,1
1254462,4,2021,2021,4,6,11,11,1,80,59,0,1,2,-33.881886,151.206405,69,0,2,1,2,0,0,0,0,0,7,40,1,4026,4026,8,22,40,1,0,1,0,0
1254463,4,2021,2021,4,1,3,2209,17,176,2205,1,0,2,-33.96415,151.137256,4,0,2,1,1,0,0,0,2,0,7,60,2,14295,14295,3,16,40,4,0,1,0,0
1254467,2,2021,2020,2,6,10,8,31,194,34609,0,1,1,-30.510108,151.654295,1,2,1,1,2,0,0,0,0,0,7,50,0,4026,4026,1,10,13,2,0,0,1,0
1254468,2,2021,2021,3,5,7,916,17,2,917,0,1,1,-32.704607,151.479619,42,2,1,1,3,0,0,3,2,0,7,80,2,3775,3775,0,10,5,2,0,0,1,0