Crash ID,Degree of crash - detailed,Reporting year,Year of crash,Month of crash,Day of week of crash,Two-hour intervals,Street of crash,Street type,Town,Route no.,School zone location,School zone active,Type of location,Latitude,Longitude,LGA,Urbanisation,Conurbation 1,Alignment,Street lighting,Road surface,Surface condition,Weather,Natural lighting,Signals operation,Other traffic control,Speed limit,Road classification,RUM - code,DCA - code,First impact type,Key TU type,Other TU type,No. of traffic units involved,No. killed,No. seriously injured,No. moderately injured,No. minor-other injured
1254470,4,2021,2021,4,2,9,11,27,136,34609,0,1,1,-33.917456,151.076438,15,0,2,1,3,0,0,0,2,0,7,50,0,9859,9859,1,5,5,4,0,1,0,0
1254472,1,2021,2021,4,2,10,17,31,149,21,0,1,1,-33.864509,151.176744,32,0,2,1,3,0,0,0,0,0,7,40,1,14295,14295,3,5,5,2,0,0,0,1
1254473,2,2021,2021,4,0,4,112,17,207,112,0,1,7,-31.952719,141.452141,51,2,1,1,1,0,0,0,2,0,0,50,2,6545,6545,4,10,27,2,0,0,1,0
1254478,2,2021,2021,4,2,10,54,27,38,563,0,1,1,-34.045749,150.989586,68,0,2,0,3,0,3,4,0,0,7,60,2,782,957,5,0,40,1,0,0,1,0
1254480,1,2021,2021,3,3,6,192,27,94,14,0,1,9,-33.885967,150.914383,24,0,2,1,3,0,0,0,2,0,7,50,1,150,150,4,5,5,2,0,0,0,2
1254483,2,2021,2021,3,1,7,16,27,88,20,0,1,1,-33.757185,150.851308,7,0,2,1,3,0,0,0,2,0,7,60,1,29,29,6,5,13,3,0,0,1,0
1254484,1,2020,2020,2,1,8,1,31,163,34609,0,1,1,-33.84902,151.107851,14,0,2,1,3,0,3,4,2,0,7,50,0,1391,1391,1,5,36,2,0,0,0,1
1254485,1,2021,2021,3,5,5,1,36,32,34609,0,1,1,-29.111058,153.337984,60,1,0,0,3,0,0,0,2,0,7,100,0,1850,1463,5,16,40,1,0,0,0,1
1254486,1,2020,2020,2,4,6,33,31,71,34609,0,1,9,-33.970365,151.079952,25,0,2,1,3,0,0,0,2,0,9,40,0,217,217,1,5,5,2,0,0,0,1
1254487,2,2021,2021,4,6,5,1,27,5,34609,0,1,1,-33.519435,149.535393,3,1,0,1,3,2,0,0,2,0,7,100,0,9859,9859,8,30,40,1,0,0,1,0
1254488,1,2020,2020,1,6,9,3,1,98,34609,0,1,1,-33.748578,151.053521,31,0,2,1,3,0,0,0,0,0,7,50,0,9859,9859,1,5,12,2,0,0,0,1
1254490,1,2021,2021,4,2,5,25,31,460,55,0,1,1,-33.833045,150.9773,21,0,2,1,3,0,0,0,2,0,7,50,1,14295,14295,3,0,5,2,0,0,0,1
1254491,1,2021,2021,3,0,7,34,7,31,34609,0,1,9,-33.431042,151.367477,16,2,2,1,3,0,0,0,2,0,7,50,0,926,926,4,0,5,2,0,0,0,1
1254492,4,2021,2021,3,3,3,1,27,2,34609,0,1,1,-31.421152,151.216204,70,1,0,0,3,2,3,3,2,0,7,100,0,1850,1463,5,16,40,1,0,1,0,0
1254494,1,2021,2021,3,5,4,23,7,107,34609,0,1,9,-29.668735,152.922384,18,2,1,1,3,0,0,0,2,0,0,50,0,1282,1282,1,22,5,2,0,0,0,1
1254496,2,2021,2021,4,3,8,2,27,2,34609,0,1,1,-30.579721,150.904767,70,2,1,0,0,2,0,0,2,0,7,80,0,2585,4009,8,5,40,1,0,0,3,0
1254498,2,2021,2021,3,5,7,344,27,89,382,0,1,1,-33.674862,150.809563,55,0,2,1,3,0,0,0,2,0,7,80,2,14295,14295,3,10,13,4,0,0,1,0
1254501,1,2021,2021,3,6,9,117,27,78,144,0,1,9,-33.862938,151.093651,14,0,2,1,3,0,0,0,0,2,7,60,2,2852,2852,4,5,5,2,0,0,0,1
1254505,1,2021,2021,3,0,4,14,18,102,34609,0,1,1,-31.121609,150.927544,70,2,1,1,3,0,0,0,2,0,7,80,0,14295,14295,3,0,0,2,0,0,0,1
1254506,4,2021,2021,4,0,8,2209,17,8,2205,0,1,1,-35.085127,150.539747,63,2,1,0,1,0,0,0,2,0,7,80,2,3775,3775,0,0,5,2,0,1,0,1
1254508,4,2020,2020,2,6,3,90,31,174,165,0,1,2,-33.893775,151.2164,69,0,2,1,0,0,3,4,2,3,9,60,2,591,591,1,22,5,2,0,1,0,0
1254511,2,2021,2021,3,6,8,2261,17,284,2252,1,0,9,-33.905282,151.01223,15,0,2,1,3,0,0,0,3,0,0,70,2,14295,14295,3,5,0,2,0,0,1,0
1254513,1,2021,2021,4,3,6,500,27,83,799,0,1,9,-33.914447,151.113636,15,0,2,1,3,0,0,0,2,2,7,60,2,14295,14295,3,0,5,3,0,0,0,1
1254519,1,2020,2020,2,3,7,3371,17,57,3342,0,1,2,-32.989083,151.691147,37,0,2,1,3,0,0,0,2,0,7,60,2,14295,14295,3,9,5,3,0,0,0,1
1254522,2,2021,2021,3,5,8,1,34,48,34609,0,1,1,-32.751452,152.129924,57,1,0,0,3,2,0,0,2,0,7,100,0,4552,5151,8,0,40,1,0,0,1,0
1254528,2,2021,2021,4,4,2,34,1,443,34609,0,1,10,-33.908058,151.060089,15,0,2,1,3,0,3,3,1,0,15,50,0,6545,6545,4,34,36,2,0,0,1,0
1254530,4,2021,2021,3,6,3,3371,17,57,3342,1,0,9,-32.98486,151.691885,37,0,2,1,1,0,3,4,2,2,9,60,2,1220,1220,9,5,28,2,0,1,0,0
1254536,1,2021,2021,3,1,9,35,27,53,36,0,1,1,-35.221002,149.377087,58,1,0,1,0,0,3,4,0,0,7,100,1,4026,4026,8,5,40,1,0,0,0,1
1254540,4,2020,2020,2,1,5,82,27,10,103,0,1,9,-28.436183,153.281326,72,1,0,0,0,0,0,0,2,0,0,100,1,3775,3775,0,16,0,2,0,1,0,0
1254546,4,2021,2021,4,1,3,500,27,145,799,0,1,9,-33.930027,151.069641,15,0,2,1,1,0,0,0,2,0,0,60,2,2852,2852,4,9,19,2,0,1,0,0
1254548,1,2020,2020,10,2,9,387,27,290,331,0,1,9,-33.945714,151.128092,4,0,2,1,3,0,0,0,0,0,0,60,2,775,775,4,5,5,2,0,0,0,1
1254549,2,2020,2020,2,2,5,9,31,53,34609,0,1,10,-31.863854,152.37012,43,2,1,1,1,0,0,0,2,0,0,50,0,6545,6545,4,10,36,2,0,0,1,0
1254550,4,2020,2020,9,5,10,334,31,179,34609,0,1,6,-31.902042,152.477191,43,2,1,1,2,0,0,0,0,0,0,50,0,2040,2040,9,0,28,2,0,1,0,0
1254551,4,2020,2020,9,1,3,157,17,8,158,0,1,1,-33.678578,148.941764,51,1,0,0,0,0,3,3,1,0,7,100,2,4552,5151,8,34,40,1,0,1,0,0
1254558,4,2020,2020,9,3,1,6,27,21,34609,0,1,1,-33.039081,151.591179,37,0,2,0,2,0,0,0,0,0,7,60,0,4552,5151,8,5,40,1,0,2,0,0
1254559,4,2020,2020,9,0,7,35,27,5,34,0,1,1,-29.93313,151.377441,33,1,0,1,0,0,0,0,2,0,7,100,1,475,475,5,5,40,1,0,1,0,0
1254560,2,2020,2020,2,5,3,387,27,13,40,0,1,1,-33.383843,149.085993,52,1,0,0,0,0,3,4,2,0,7,100,1,1259,5151,8,10,40,1,0,0,1,0
1254563,2,2021,2021,4,0,4,346,17,16,332,0,1,1,-28.971401,152.174035,51,1,0,0,0,0,0,3,2,0,7,100,2,4552,5151,8,16,40,1,0,0,2,0
1254565,2,2021,2021,4,3,7,48,31,35,42,0,1,9,-31.080254,152.839228,34,2,1,1,1,0,0,0,2,3,7,50,1,623,623,3,5,19,2,0,0,1,0
1254566,2,2021,2021,4,1,8,2209,17,23,2205,0,1,2,-34.616348,150.837845,62,0,2,1,1,0,0,0,2,0,7,100,2,1391,1391,1,10,5,2,0,0,1,0
1254569,4,2020,2020,2,2,8,57,27,155,75,0,1,1,-33.494318,151.310259,16,2,2,1,1,0,0,3,2,0,7,60,1,9859,9859,1,5,13,2,0,1,0,0
1254572,1,2021,2021,4,0,10,117,1,210,121,0,1,1,-34.039439,151.096146,68,0,2,1,3,0,3,4,0,0,7,60,1,1383,1383,1,5,5,2,0,0,0,1
1254577,4,2021,2021,4,0,10,60,27,174,44,0,1,10,-33.867985,150.917786,24,0,2,1,2,0,0,0,0,2,7,60,1,6545,6545,4,5,5,2,0,1,0,0
1254578,2,2021,2021,4,4,8,1,27,17,34609,0,1,1,-32.836232,151.60747,17,2,1,1,3,0,3,4,2,0,7,80,0,9859,9859,8,5,40,1,0,0,1,0
1254580,4,2021,2021,4,4,3,8,27,189,34609,0,1,1,-33.942993,151.048506,15,0,2,1,3,0,0,0,2,0,7,50,0,9859,9859,1,5,5,4,0,1,0,0
1254581,2,2021,2021,3,2,7,33,1,22,34609,0,1,9,-33.919548,150.885361,41,0,2,1,3,0,0,0,2,0,15,50,0,5929,5929,1,0,5,3,0,0,1,0
1254582,2,2021,2021,4,0,4,9,10,61,40,0,1,1,-35.904163,150.114325,23,2,1,0,3,0,3,4,2,0,7,80,1,2585,4009,8,5,40,1,0,0,1,0
1254584,1,2020,2020,9,4,5,73,31,532,34609,0,1,10,-33.870953,151.204856,69,0,2,1,3,0,0,0,2,2,7,40,0,6545,6545,4,16,12,2,0,0,0,1
1254586,2,2021,2021,3,5,10,485,27,187,769,0,1,9,-33.791525,150.997705,54,0,2,1,3,0,0,0,0,2,7,60,2,14295,14295,3,0,0,2,0,0,1,0
1254587,4,2021,2021,3,4,5,117,27,78,144,0,1,9,-33.862938,151.093651,14,0,2,1,3,0,0,0,2,2,7,60,2,5929,5929,1,5,36,2,0,1,0,1
1254592,2,2020,2020,2,0,5,280,10,314,82,0,1,10,-33.850836,150.922233,24,0,2,1,3,0,0,0,2,2,7,60,1,1391,1391,1,5,5,2,0,0,1,0
1254594,2,2021,2021,4,3,7,92,27,106,63,0,1,1,-33.912999,151.085723,15,0,2,1,1,0,0,0,2,0,7,50,1,9859,9859,1,0,41,3,0,0,1,0
1254595,4,2021,2021,4,0,10,2209,17,68,2205,0,1,2,-34.095993,150.999215,68,0,2,1,3,0,0,0,0,0,7,100,2,14295,14295,3,5,5,3,0,1,0,0
1254597,2,2021,2021,4,1,4,14,31,29,148,0,1,9,-32.929064,151.773577,48,0,2,1,1,0,0,0,2,0,7,40,1,2040,2040,9,5,28,2,0,0,1,0
1254599,2,2021,2021,4,2,6,171,27,64,369,0,1,7,-33.690147,150.728049,55,0,2,1,0,0,0,0,2,0,0,80,2,4026,4026,8,0,40,1,0,0,1,0
1254600,4,2021,2021,4,4,3,40,27,36,34609,0,1,1,-32.949443,151.616894,37,0,2,0,1,0,3,4,2,0,7,80,0,941,941,1,29,13,2,0,1,0,0
1254601,4,2021,2021,4,0,10,3371,17,69,3342,0,1,10,-32.930371,151.754538,48,0,2,1,2,0,3,3,0,2,7,60,2,14295,14295,3,5,0,2,0,1,0,0
1254602,2,2020,2020,2,3,5,222,31,131,79,0,1,9,-33.782365,151.1956,36,0,2,0,1,0,3,4,2,0,7,50,2,1850,1463,5,15,40,1,0,0,1,0
1254603,2,2020,2020,2,4,10,2209,17,176,2205,0,1,9,-33.951502,151.13831,4,0,2,1,2,0,0,0,0,2,9,60,2,1220,1220,9,5,28,2,0,0,1,0
1254604,2,2020,2020,2,0,7,1,27,12,13,0,1,1,-33.978016,148.929204,51,1,0,1,0,0,0,0,2,0,7,100,1,9859,9859,8,10,40,1,0,0,1,0
1254606,1,2021,2021,4,3,8,7,1,445,34609,0,1,1,-33.872574,151.045486,21,0,2,1,3,0,0,0,2,0,7,50,0,14295,14295,3,10,5,3,0,0,0,1
1254607,4,2021,2021,4,1,6,162,31,53,148,0,1,2,-32.927889,151.763328,48,0,2,1,1,0,0,0,2,0,7,60,1,4026,4026,8,5,40,1,0,1,0,0
1254608,2,2020,2020,2,3,9,2209,17,273,2205,0,1,10,-34.421489,150.893821,80,0,2,1,1,0,0,0,3,2,9,50,2,591,591,1,18,5,2,0,0,1,0
1254609,4,2021,2021,4,2,11,103,27,14,98,0,1,1,-33.415701,150.800419,29,2,2,0,0,0,3,3,0,0,7,80,2,4552,5151,8,0,40,1,0,1,0,0
1254612,4,2021,2021,4,4,5,17,10,20,34609,0,1,1,-34.402269,150.829837,80,0,2,0,0,0,0,0,2,0,7,60,0,4552,5151,8,16,40,1,0,1,0,0
1254614,1,2021,2021,4,2,9,175,27,104,220,0,1,10,-33.728246,150.923619,7,0,2,1,3,0,0,0,2,2,7,70,2,1391,1391,1,0,0,2,0,0,0,1
1254618,2,2021,2021,3,6,6,500,27,80,160,0,1,1,-33.970095,150.900139,13,0,2,1,3,0,0,0,2,0,7,60,2,9859,9859,8,10,40,1,0,0,1,0
1254621,1,2021,2021,4,0,4,95,31,11,59,0,1,1,-33.866571,151.061216,21,0,2,1,3,0,3,4,2,0,7,60,1,1192,1192,1,5,5,2,0,0,0,1
1254625,4,2021,2021,4,2,6,7,27,53,12,0,1,1,-32.331963,148.234181,51,1,0,1,0,0,0,0,2,0,7,110,1,9859,9859,8,5,40,1,0,1,0,0
1254631,1,2021,2021,3,0,9,110,27,29,173,0,1,2,-34.401571,150.880213,80,0,2,1,3,0,0,0,2,0,7,60,2,14295,14295,3,10,13,3,0,0,0,1
1254633,2,2021,2021,4,4,4,177,31,314,208,0,1,10,-33.861977,150.93895,24,0,2,1,3,0,0,0,2,2,7,60,1,5929,5929,1,0,0,2,0,0,1,0
1254634,2,2021,2021,3,5,4,193,1,64,34609,0,1,1,-32.942605,151.698254,48,0,2,1,3,0,3,3,2,0,7,50,0,14295,14295,3,0,13,4,0,0,1,0
1254640,4,2020,2020,2,1,9,4,27,3,4,0,1,1,-31.529227,141.761321,51,2,1,1,0,2,0,0,3,0,7,80,1,9859,9859,8,10,40,1,0,1,0,0
1254642,4,2021,2021,4,0,9,168,10,100,260,0,1,2,-33.954634,151.15895,4,0,2,1,2,0,3,4,0,0,7,60,2,3775,3775,0,5,5,2,0,1,0,0
1254643,4,2021,2021,4,4,6,8,10,107,34609,0,1,1,-33.274113,151.425869,16,2,2,0,1,0,0,0,2,0,7,50,0,312,312,2,0,40,1,0,1,0,0
1254652,2,2021,2021,4,6,9,1,31,28,34609,0,1,1,-34.087834,150.794024,13,0,2,0,1,0,0,0,2,0,7,50,0,368,368,9,16,28,2,0,0,1,1
1254653,4,2021,2021,3,2,7,296,27,460,293,0,1,9,-33.8398,150.999308,21,0,2,1,1,0,0,3,2,2,7,70,2,1220,1220,9,0,28,2,0,1,0,0
1254663,2,2021,2021,3,4,4,35,31,194,34609,0,1,10,-30.520029,151.669702,1,2,1,1,0,0,0,0,2,0,0,50,0,6545,6545,4,10,5,2,0,0,1,0
1254671,1,2021,2021,4,6,10,1104,14,85,962,0,1,3,-33.78369,150.692972,55,0,2,1,2,0,3,4,0,0,7,110,2,9859,9859,8,10,40,1,0,0,0,1
1254672,1,2020,2020,5,4,7,162,31,53,34609,1,2,10,-33.846401,150.96582,21,0,2,1,0,0,0,0,2,0,0,40,0,256,256,4,5,5,2,0,0,0,1
1254674,2,2021,2021,3,0,6,22,27,136,702,0,1,2,-33.859224,151.0693,67,0,2,1,1,0,0,0,2,0,7,60,2,1945,1945,5,16,40,2,0,0,2,0
1254678,2,2020,2020,10,6,9,866,17,174,793,1,0,10,-33.869659,150.925125,24,0,2,1,3,0,0,0,3,2,7,70,2,2852,2852,4,5,25,2,0,0,1,0
1254680,2,2021,2021,4,5,7,4,27,39,34609,0,1,1,-33.243804,151.492907,16,2,2,1,3,0,0,0,2,0,7,50,0,9859,9859,1,5,5,2,0,0,1,0
1254682,4,2021,2021,4,6,9,334,31,370,256,0,1,10,-34.069186,150.814057,13,0,2,1,1,0,0,0,2,2,7,60,2,6545,6545,4,16,0,2,0,1,0,0
1254683,4,2021,2021,4,6,11,2,10,43,34609,0,1,1,-33.728804,150.783953,7,0,2,0,2,0,0,0,0,0,7,50,0,220,220,1,10,5,2,0,1,0,0
1254686,2,2021,2021,4,1,3,2209,17,79,2205,0,1,7,-34.898344,150.602359,63,2,1,1,1,0,0,0,2,0,0,70,2,2852,2852,4,0,5,2,0,0,1,0
1254687,4,2021,2021,4,2,9,40,27,94,40,0,1,10,-33.885014,150.933807,24,0,2,1,3,0,0,0,0,0,0,60,1,1109,397,1,0,5,2,0,1,0,0
1254688,4,2021,2021,4,0,9,234,27,112,217,0,1,1,-33.695897,151.025889,31,0,2,1,1,0,0,0,2,0,7,60,2,9859,9859,8,0,40,1,0,1,0,0
1254691,4,2020,2020,2,1,6,3371,17,6,3342,0,1,2,-29.266005,153.226912,18,1,0,1,0,0,0,0,2,0,7,100,2,9859,9859,8,10,40,1,0,1,1,0
1254699,1,2021,2021,4,3,9,51,27,44,63,0,1,2,-34.555791,150.848748,62,0,2,1,0,0,3,4,2,0,7,70,2,144,144,1,5,0,2,0,0,0,1
1254702,1,2021,2021,3,0,4,45,27,8,34609,0,1,9,-32.789241,151.515016,17,2,1,1,3,0,0,0,2,0,0,50,0,3775,3775,0,8,0,2,0,0,0,1
1254708,4,2021,2021,3,3,7,485,27,154,769,0,1,9,-33.713725,150.95942,71,0,2,1,3,0,0,0,2,2,7,60,2,5929,5929,1,5,5,2,0,1,0,0
1254712,1,2021,2021,3,0,7,3371,17,463,3342,0,1,10,-30.289978,153.121215,19,2,1,1,3,0,3,0,2,2,7,60,2,14295,14295,3,10,0,2,0,0,0,1
1254713,1,2021,2021,4,2,9,2,1,40,34609,0,1,1,-34.412096,150.878338,80,0,2,1,3,0,0,0,2,0,7,50,0,1981,1981,4,0,5,2,0,0,0,1
1254716,2,2021,2021,4,1,2,98,27,87,799,0,1,2,-33.929187,150.945062,41,0,2,1,1,0,0,0,1,0,7,70,2,1981,1981,4,0,27,2,0,0,1,0
1254722,2,2021,2021,4,6,4,177,31,174,208,0,1,7,-33.860494,150.927487,24,0,2,1,3,0,0,0,2,0,0,60,1,775,775,4,0,5,2,0,0,1,0
1254725,2,2020,2020,2,1,6,194,31,273,34609,1,0,9,-34.423382,150.895881,80,0,2,0,3,0,0,0,2,0,0,50,0,6545,6545,4,5,40,2,0,0,1,0
1254727,1,2020,2020,9,6,3,19,27,11,16,0,1,1,-31.498268,152.606032,56,1,0,1,3,0,0,0,2,0,7,100,1,1089,1089,7,0,40,1,0,0,0,1
1254729,2,2021,2021,3,6,7,40,27,73,34609,1,2,10,-35.147061,147.372665,75,2,1,1,1,0,0,0,2,2,7,40,0,6545,6545,4,5,0,2,0,0,2,0
1254732,1,2021,2021,4,4,7,22,31,309,208,0,1,2,-33.813214,151.104816,61,0,2,1,3,0,0,0,2,0,7,60,2,14295,14295,3,0,5,3,0,0,0,2
1254733,2,2021,2021,3,0,3,57,27,337,47,0,1,9,-33.726388,150.990221,71,0,2,1,3,0,0,0,2,2,7,60,2,2852,2852,4,0,0,2,0,0,2,1
1254736,1,2021,2021,3,6,7,7,18,104,34609,0,1,1,-33.739928,150.938893,7,0,2,1,3,0,0,0,2,0,7,50,0,14295,14295,3,0,36,2,0,0,0,1
1254737,1,2021,2021,3,5,8,220,14,30,220,0,1,9,-34.488119,150.809056,80,0,2,1,3,0,0,3,2,3,0,60,2,623,623,3,5,0,2,0,0,0,1
1254738,1,2021,2021,3,5,8,1052,27,104,262,0,1,9,-32.909137,151.701873,48,0,2,1,3,0,0,0,2,0,15,60,2,14295,14295,3,0,5,4,0,0,0,1
1254742,4,2021,2021,4,4,6,1,27,22,34609,0,1,1,-35.983046,146.896127,27,2,1,1,3,0,0,0,2,0,7,80,0,9859,9859,8,0,40,1,0,1,0,0
1254746,1,2021,2021,3,4,8,7,27,3,8,0,1,1,-34.761847,148.296981,30,1,0,0,3,0,0,0,2,0,7,100,1,4552,5151,8,0,40,1,0,0,0,1
1254747,1,2021,2021,3,5,4,60,10,121,84,0,1,9,-28.187321,153.540051,72,2,1,1,3,0,0,0,2,2,7,60,1,14295,14295,3,9,0,2,0,0,0,1
1254749,1,2021,2021,3,1,5,8,31,65,34609,1,0,9,-36.04588,146.982284,0,2,1,1,3,0,0,0,2,0,0,60,0,1669,1669,3,9,36,2,0,0,0,1
1254750,2,2020,2020,9,5,8,62,27,63,166,0,1,1,-33.244188,151.471937,16,2,2,1,0,0,0,0,2,0,7,70,2,14295,14295,3,10,5,2,0,0,1,0
1254752,2,2021,2021,4,0,7,117,27,73,702,0,1,9,-33.828831,151.088895,14,0,2,1,0,0,0,0,2,0,7,70,2,14295,14295,3,16,5,2,0,0,1,0
1254754,4,2020,2020,10,5,8,27,10,7,20,0,1,9,-33.346748,151.382034,16,2,2,1,1,0,0,0,2,0,7,60,1,418,777,5,16,40,1,0,1,0,0
1254758,2,2021,2021,3,5,3,11,36,8,13,0,1,1,-32.986962,148.786364,11,1,0,0,0,0,3,1,1,0,7,100,1,404,404,8,8,40,1,0,0,1,0
1254759,2,2020,2020,11,3,10,49,31,83,34609,1,0,9,-29.72444,152.931024,18,2,1,1,2,0,0,0,0,0,7,50,0,14295,14295,3,0,5,2,0,0,1,0
1254760,4,2020,2020,10,4,4,123,36,14,49,0,1,1,-30.570177,151.447252,51,1,0,0,0,0,3,3,2,0,7,100,1,3775,3775,0,3,10,2,0,1,0,0
1254762,4,2021,2021,3,3,6,2,1,13,34609,0,1,9,-32.793327,151.663961,42,2,1,1,1,0,0,0,2,0,7,50,0,5929,5929,1,10,19,2,0,1,0,0
1254764,2,2021,2021,4,2,11,132,31,174,126,0,1,1,-33.890902,151.210396,69,0,2,1,2,0,0,0,0,0,7,50,2,14295,14295,3,5,19,3,0,0,1,0
1254768,2,2021,2021,3,1,6,23,31,218,19,0,1,9,-33.747614,150.767914,55,0,2,1,0,0,0,0,2,0,7,60,1,926,926,4,5,12,2,0,0,1,0
1254769,2,2021,2021,4,2,1,90,36,2,102,0,1,1,-34.343469,146.816933,51,1,0,0,0,0,0,0,0,0,7,100,2,3775,3775,0,10,0,2,0,0,2,0
1254770,2,2021,2021,3,0,4,89,31,15,228,0,1,9,-32.749321,151.102567,64,2,1,1,1,0,0,0,2,0,0,60,1,623,623,3,16,19,2,0,0,1,0
1254777,2,2021,2021,3,6,5,119,31,119,34609,0,1,1,-32.761967,151.743208,57,2,1,1,1,0,0,0,2,0,7,40,0,144,144,1,16,40,2,0,0,1,0
1254781,4,2021,2021,4,0,4,149,36,13,113,0,1,1,-32.380087,152.365839,43,2,1,0,0,0,0,3,2,0,7,80,1,3775,3775,0,9,5,2,0,1,0,0
1254782,2,2021,2021,4,2,3,2126,17,139,2149,0,1,2,-33.877153,151.129933,32,0,2,1,1,0,0,0,2,0,7,60,2,1282,1282,1,0,19,2,0,0,1,0
1254791,2,2021,2021,4,4,5,5,27,61,34609,1,0,10,-32.929887,151.732965,48,0,2,1,1,0,0,0,2,0,0,50,0,6545,6545,4,5,13,2,0,0,2,0
1254793,1,2021,2021,3,6,0,39,31,463,34609,0,1,9,-30.306474,153.134013,19,2,1,1,2,0,0,0,0,0,7,50,0,9859,9859,1,5,35,2,0,0,0,1
1254796,2,2020,2020,2,1,4,191,17,24,189,0,1,1,-32.089172,150.092638,73,1,0,0,0,0,0,0,2,0,7,100,2,1850,1463,5,3,40,1,0,0,1,0
1254800,4,2021,2021,4,5,5,110,31,198,34609,0,1,1,-33.913832,151.105596,15,0,2,1,0,0,0,0,2,0,7,50,0,238,238,9,10,28,2,0,1,0,0
1254803,4,2021,2021,4,4,5,37,23,443,78,0,1,1,-33.909104,151.072347,15,0,2,1,1,0,0,0,2,0,7,60,2,9859,9859,1,5,5,3,0,1,0,0
1254804,4,2021,2021,4,3,9,47,27,293,69,0,1,10,-33.942751,151.247237,59,0,2,1,1,0,0,0,2,0,0,60,1,1945,1945,5,18,40,1,0,1,0,0
1254806,4,2021,2021,4,2,5,3,27,6,34609,0,1,7,-33.851552,151.13578,14,0,2,1,1,0,0,0,2,0,0,50,0,1945,1945,5,15,40,1,0,1,0,0
1254810,4,2021,2021,4,2,4,2261,17,243,2252,0,1,2,-33.956927,150.877597,41,0,2,1,1,0,0,0,2,2,9,70,2,1383,1383,1,8,0,2,0,1,0,0
1254812,4,2021,2021,4,4,5,86,27,16,65,0,1,10,-30.079055,152.637554,18,1,0,0,0,0,3,4,2,0,7,100,1,3775,3775,0,10,0,2,0,1,0,1
1254816,4,2021,2021,3,1,6,8,31,92,34609,1,0,1,-33.876243,150.973023,24,0,2,1,3,0,0,0,2,0,9,50,0,14295,14295,3,0,13,2,0,1,0,0
1254817,2,2021,2021,3,3,0,2,31,53,34609,0,1,10,-32.928089,151.760031,48,0,2,1,2,0,3,4,0,0,0,50,0,214,214,9,33,26,2,0,0,1,0
1254818,4,2020,2020,9,5,5,47,31,117,84,0,1,9,-28.180752,153.539345,72,2,1,1,1,0,0,0,2,2,9,60,1,14295,14295,3,0,12,2,0,1,0,0
1254820,4,2021,2021,3,4,4,22,10,69,34609,0,1,1,-33.778639,150.994006,54,0,2,0,1,0,0,0,2,0,7,50,0,1957,4009,8,5,40,1,0,1,0,1
1254821,2,2020,2020,2,3,5,40,27,59,39,0,1,1,-33.154957,151.478974,37,0,2,1,1,0,0,0,2,0,7,90,1,1109,397,1,34,0,2,0,0,3,0
1254828,4,2021,2021,4,2,8,8,27,20,34609,0,1,1,-33.473816,150.224959,40,2,1,0,1,2,0,0,2,0,7,80,0,404,404,8,16,40,1,0,1,0,0
1254829,2,2021,2021,4,4,10,500,27,293,799,0,1,9,-33.932471,151.044852,15,0,2,1,2,0,3,0,0,2,7,60,2,5929,5929,1,5,13,2,0,0,1,0
1254831,2,2021,2021,4,4,3,1,25,316,34609,0,1,1,-31.451809,152.920519,56,2,1,1,1,0,0,0,2,0,7,50,0,5929,5929,1,10,0,2,0,0,1,0
1254837,4,2021,2021,4,1,9,3371,17,12,3342,0,1,2,-32.142937,152.334261,43,1,0,0,0,0,3,4,2,0,7,100,2,380,714,5,0,40,1,0,1,0,0
1254838,4,2020,2020,2,2,9,24,27,11,24,0,1,9,-34.851473,150.623021,63,2,1,0,1,0,0,0,2,0,7,80,1,2585,4009,8,0,40,1,0,1,0,0
1254839,2,2020,2020,2,5,4,39,27,293,91,1,0,10,-33.946641,151.251835,59,0,2,1,0,0,0,0,2,0,0,60,1,150,150,4,5,0,2,0,0,1,0
1254840,4,2021,2021,4,4,7,77,31,314,34609,0,1,7,-33.852886,150.921783,24,0,2,1,1,0,0,0,2,0,0,50,0,6545,6545,4,5,5,2,0,1,0,0
1254841,1,2021,2021,4,1,5,98,27,45,34609,0,1,1,-33.349616,151.500387,16,2,2,1,0,0,0,0,2,0,7,50,0,238,238,9,5,28,2,0,0,0,1
1254842,2,2021,2021,4,4,6,10,27,207,4,0,1,1,-32.19516,142.119586,51,1,0,1,0,0,0,3,2,0,7,110,1,9859,9859,8,5,40,1,0,0,1,0
1254848,2,2020,2020,2,1,5,1,23,3,34609,0,1,1,-35.838893,150.181112,23,2,1,1,1,0,0,3,2,0,7,50,0,9859,9859,1,0,25,5,0,0,3,0
1254849,2,2020,2020,2,3,0,500,27,145,799,0,1,9,-33.930249,151.068571,15,0,2,1,2,0,3,0,0,0,7,60,2,3775,3775,0,5,5,2,0,0,2,0
1254850,2,2020,2020,9,2,9,40,31,363,34609,0,1,9,-33.755233,150.693488,55,0,2,1,1,0,0,0,3,2,7,50,0,4552,985,8,5,40,1,0,0,1,0
1254852,2,2020,2020,9,2,1,10,31,463,34609,0,1,1,-30.28498,153.104664,19,2,1,1,2,0,0,0,0,0,7,50,0,9859,9859,1,5,5,2,0,0,1,0
1254853,4,2021,2021,4,0,3,255,27,160,260,0,1,1,-33.096954,151.497453,37,0,2,0,0,0,3,4,2,0,7,80,2,4552,5151,8,0,40,1,0,1,0,0
1254855,1,2020,2020,2,1,7,232,36,92,331,0,1,2,-33.968144,150.815167,13,0,2,1,1,0,0,0,2,0,7,80,2,14295,14295,3,0,5,2,0,0,0,1