Crash ID,Degree of crash - detailed,Reporting year,Year of crash,Month of crash,Day of week of crash,Two-hour intervals,Street of crash,Street type,Town,Route no.,School zone location,School zone active,Type of location,Latitude,Longitude,LGA,Urbanisation,Conurbation 1,Alignment,Street lighting,Road surface,Surface condition,Weather,Natural lighting,Signals operation,Other traffic control,Speed limit,Road classification,RUM - code,DCA - code,First impact type,Key TU type,Other TU type,No. of traffic units involved,No. killed,No. seriously injured,No. moderately injured,No. minor-other injured
1254856,2,2020,2020,2,3,11,27,27,102,28,0,1,2,-33.947652,151.18942,4,0,2,1,0,0,0,0,0,0,7,80,2,1282,1282,1,5,19,2,0,0,1,0
1254858,4,2020,2020,9,5,6,33,27,100,34609,0,1,1,-33.964673,151.149428,4,0,2,1,0,0,0,0,2,0,7,50,0,387,387,1,22,0,2,0,1,0,0
1254861,2,2020,2020,2,0,5,49,27,246,15,0,1,9,-33.897361,151.196639,69,0,2,1,1,0,0,0,2,0,15,50,1,1282,1282,1,5,19,2,0,0,1,0
1254862,1,2020,2020,9,5,4,866,17,187,793,0,1,9,-33.79425,150.983293,54,0,2,1,3,0,0,0,2,2,7,70,2,14295,14295,3,9,5,2,0,0,0,1
1254864,2,2020,2020,2,5,8,4,10,6,34609,0,1,9,-35.317754,150.466833,63,2,1,1,0,0,0,0,2,0,7,50,0,9859,9859,8,16,40,1,0,0,1,0
1254865,4,2020,2020,9,0,9,18,36,9,8,0,1,9,-35.59004,146.301232,51,1,0,1,0,0,0,0,2,0,0,100,1,489,489,5,0,40,1,0,1,0,0
1254866,2,2020,2020,9,0,6,26,31,363,34609,0,1,1,-33.75392,150.702806,55,0,2,1,2,0,0,0,2,0,7,50,0,1669,1669,3,16,0,2,0,0,1,0
1254867,4,2020,2020,2,0,7,161,17,7,161,0,1,9,-36.64728,149.691973,5,1,0,0,0,0,0,0,2,0,7,100,2,4552,5151,8,9,40,1,0,1,1,0
1254868,2,2020,2020,9,3,10,2,27,13,34609,0,1,1,-36.799844,149.939613,5,2,1,0,0,2,0,0,0,0,7,60,0,380,714,5,10,40,1,0,0,2,0
1254869,2,2020,2020,2,2,6,40,10,56,174,0,1,9,-32.775321,151.34074,17,2,1,1,1,0,0,0,2,0,15,80,2,6545,6545,4,5,13,2,0,0,1,0
1254872,4,2020,2020,9,1,9,2209,17,29,2205,0,1,1,-36.983574,149.88961,5,1,0,0,0,0,3,0,2,0,7,100,2,4552,5151,8,30,40,1,0,1,0,0
1254874,2,2020,2020,2,1,10,42,31,166,34609,0,1,1,-33.41295,149.572267,3,2,1,1,2,0,3,4,0,0,7,50,0,9859,9859,1,0,5,2,0,0,1,0
1254875,1,2020,2020,2,3,7,157,17,6,158,0,1,9,-33.4388,149.507085,3,1,0,0,0,0,0,0,2,0,0,100,2,1850,1463,5,16,40,1,0,0,0,1
1254876,4,2020,2020,2,0,7,149,27,68,198,0,1,1,-34.073041,151.004042,68,0,2,1,0,0,3,4,2,0,7,70,2,3775,3775,0,0,0,2,0,2,1,0
1254878,4,2020,2020,9,0,11,334,17,316,308,0,1,2,-31.434946,152.89872,56,2,1,1,2,0,0,0,0,0,7,60,2,9859,9859,1,5,10,2,0,1,1,0
1254879,2,2020,2020,2,3,5,1,31,134,34609,0,1,1,-33.657348,150.867825,7,0,2,1,0,0,0,3,2,0,7,50,0,9859,9859,1,0,13,2,0,0,1,0
1254881,2,2020,2020,9,5,8,348,17,12,232,0,1,9,-32.637836,149.636332,44,1,0,1,0,0,0,0,2,0,7,100,2,945,945,5,5,40,1,0,0,1,0
1254882,4,2020,2020,2,3,6,128,27,363,133,0,1,10,-33.757055,150.686247,55,0,2,1,1,0,0,0,2,2,7,60,2,6545,6545,4,0,5,3,0,1,2,0
1254883,4,2020,2020,2,4,3,829,27,363,770,0,1,2,-33.809001,151.027847,54,0,2,1,2,0,0,0,2,0,7,60,2,14295,14295,3,16,5,2,0,1,0,0
1254885,4,2020,2020,9,6,8,15,27,18,46,0,1,9,-34.93966,150.705254,63,2,1,1,2,0,0,0,2,0,0,80,1,2852,2852,4,10,19,2,0,1,1,0
1254886,4,2020,2020,2,0,3,346,17,35,332,0,1,7,-28.820999,153.265074,39,2,1,1,1,0,3,3,2,0,0,60,2,1945,1945,5,16,40,1,0,1,0,0
1254888,4,2020,2020,2,4,6,40,31,75,38,0,1,9,-33.884987,151.115314,32,0,2,1,0,0,0,0,2,0,15,50,1,6545,6545,4,5,5,2,0,1,0,0
1254890,2,2020,2020,2,0,9,1,27,1,34609,0,1,1,-34.222089,147.868229,30,1,0,0,0,0,0,0,2,0,7,100,0,1259,5151,8,5,40,1,0,0,1,0
1254894,1,2021,2021,3,2,7,109,36,8,108,0,1,9,-28.476636,153.51373,10,2,1,0,1,0,3,0,2,0,0,80,1,4552,5151,8,21,40,1,0,0,0,1
1254895,1,2020,2020,2,0,9,13,27,1,34609,0,1,1,-35.826346,149.976009,23,1,0,0,0,2,0,3,3,0,7,100,0,3775,3775,0,16,13,2,0,0,0,1
1254897,1,2020,2020,2,4,7,294,17,3,288,0,1,1,-34.730504,143.678675,51,1,0,1,0,0,0,0,2,0,7,110,2,9859,9859,8,0,40,1,0,0,0,4
1254898,2,2021,2021,4,5,3,19,7,62,34609,0,1,1,-33.891725,151.143929,32,0,2,0,1,0,0,0,1,0,7,50,0,1850,1463,5,15,40,1,0,0,1,0
1254903,4,2020,2020,9,4,10,134,10,157,133,0,1,6,-33.802307,151.023871,54,0,2,0,1,0,0,0,2,0,7,90,2,1957,4009,8,0,40,1,0,1,0,0
1254904,2,2021,2021,4,4,3,119,31,73,207,0,1,10,-33.874393,151.217212,69,0,2,1,1,0,0,3,2,2,7,50,2,5929,5929,1,5,13,2,0,0,1,0
1254907,4,2020,2020,9,2,6,1,27,7,34609,0,1,1,-29.720915,152.571641,18,2,1,0,0,2,0,0,2,0,7,50,0,1850,1463,5,16,40,1,0,1,0,0
1254908,4,2020,2020,2,2,4,2,27,14,3,0,1,9,-34.5746,146.166415,51,1,0,1,3,2,2,6,2,0,0,100,1,489,489,8,0,40,1,0,1,0,0
1254911,2,2021,2021,3,4,5,4,18,84,34609,0,1,9,-33.808289,150.988219,54,0,2,1,1,0,0,0,2,0,7,40,0,2040,2040,9,5,28,2,0,0,1,0
1254912,4,2021,2021,4,4,9,3,27,7,3,0,1,1,-31.444246,151.051106,70,1,0,0,0,0,0,0,0,0,7,100,1,1957,4009,8,30,40,1,0,1,0,0
1254913,2,2021,2021,4,1,7,34,31,136,34609,0,1,1,-33.928082,151.076307,15,0,2,1,3,0,0,0,2,0,7,50,0,941,941,1,5,18,2,0,0,1,0
1254916,2,2020,2020,2,4,7,1,27,9,34609,0,1,1,-34.210958,149.27583,74,1,0,0,0,0,0,3,2,0,7,100,0,1089,1089,7,10,40,1,0,0,1,0
1254917,4,2021,2021,4,2,1,829,27,125,770,0,1,1,-33.824605,151.125199,61,0,2,1,2,0,0,0,0,0,7,60,2,1981,1981,4,30,20,2,0,1,0,0
1254918,4,2021,2021,3,1,4,22,25,174,34609,0,1,9,-33.865311,150.913834,24,0,2,0,0,0,0,0,2,0,7,50,0,3775,3775,0,5,41,2,0,1,0,0
1254924,2,2021,2021,3,4,6,8,31,35,34609,0,1,10,-31.078711,152.842265,34,2,1,1,3,0,3,4,2,2,7,50,0,6545,6545,4,30,5,2,0,0,1,0
1254925,1,2020,2020,2,5,5,2,31,271,34609,0,1,1,-33.950676,151.012405,15,0,2,1,3,0,0,0,2,0,7,50,0,1109,787,1,5,0,2,0,0,0,1
1254926,1,2021,2021,4,0,8,346,17,24,332,0,1,1,-28.812851,153.386838,39,2,1,1,3,0,0,0,2,0,7,80,2,14295,14295,3,0,5,2,0,0,0,1
1254928,1,2021,2021,3,4,3,330,27,31,102,0,1,9,-33.781052,151.277707,50,0,2,1,3,0,0,0,2,0,7,50,2,1109,397,1,0,19,2,0,0,0,1
1254930,2,2021,2021,4,2,8,78,27,284,61,0,1,10,-33.897221,151.021362,15,0,2,1,3,0,0,0,2,2,7,60,1,5929,5929,1,5,5,2,0,0,1,0
1254934,2,2021,2021,4,4,4,255,27,71,166,0,1,1,-33.262598,151.525234,16,2,2,1,3,0,0,0,2,0,7,50,2,1391,1391,1,5,5,2,0,0,1,0
1254936,1,2020,2020,2,6,5,192,27,94,14,0,1,1,-33.876147,150.916361,24,0,2,1,3,0,0,0,2,0,7,50,1,3775,3775,0,5,5,2,0,0,0,1
1254938,1,2021,2021,4,5,2,308,14,83,311,0,1,3,-33.877757,150.842578,41,0,2,1,3,0,0,0,0,0,7,100,2,14295,14295,3,5,35,2,0,0,0,1
1254940,2,2021,2021,3,0,3,4,31,53,12,0,1,10,-32.242788,148.244489,51,2,1,1,3,0,0,0,2,0,0,50,1,301,301,4,0,13,2,0,0,1,0
1254944,1,2021,2021,4,1,6,43,27,316,38,0,1,1,-33.904983,151.232318,59,0,2,1,3,0,0,0,2,0,7,50,1,14295,14295,3,5,0,2,0,0,0,1
1254946,1,2021,2021,3,4,8,2126,17,179,2149,0,1,2,-33.758632,150.719658,55,0,2,1,3,0,0,0,2,0,7,60,2,1192,1192,1,5,10,2,0,0,0,1
1254948,2,2021,2021,3,1,3,3371,17,40,3342,0,1,9,-31.527654,152.791315,56,1,0,1,3,0,0,3,2,0,15,110,2,926,926,4,5,0,2,0,0,1,0
1254953,1,2021,2021,3,5,8,234,27,337,217,0,1,9,-33.746277,150.994594,71,0,2,1,3,0,0,0,2,0,7,60,2,1669,1669,3,5,0,2,0,0,0,1
1254958,4,2021,2021,3,5,6,2261,17,646,2252,1,0,10,-33.90639,151.035995,15,0,2,1,3,0,3,4,2,2,7,60,2,14295,14295,3,19,0,2,0,1,0,0
1254961,4,2020,2020,2,6,4,4,27,40,34609,0,1,1,-35.77134,150.193118,23,2,1,0,0,0,0,0,2,0,7,80,0,4552,5151,8,5,40,1,0,1,0,0
1254963,2,2021,2021,3,5,10,2209,17,33,2205,0,1,2,-34.769518,150.711131,63,1,0,1,1,0,0,0,0,0,7,100,2,14295,14295,3,33,5,2,0,0,1,0
1254964,4,2020,2020,2,5,3,52,27,438,103,0,1,1,-33.863927,151.019836,21,0,2,1,0,0,0,0,2,0,7,50,1,14295,14295,3,16,13,2,0,1,0,0
1254965,4,2021,2021,4,6,4,71,36,23,8,0,1,1,-31.446645,145.852681,51,1,0,1,0,0,0,0,2,0,7,110,2,945,945,5,21,40,1,0,1,0,0
1254967,4,2021,2021,3,5,7,65,27,202,563,0,1,10,-33.941376,151.035262,15,0,2,1,3,0,0,0,2,0,15,70,2,2852,2852,4,10,5,2,0,1,0,1
1254975,2,2020,2020,9,4,7,866,17,171,793,0,1,10,-33.807257,150.969318,21,0,2,1,1,0,0,0,2,2,7,70,2,14295,14295,3,30,5,3,0,0,1,0
1254978,1,2021,2021,3,6,8,109,27,169,34609,0,1,10,-33.763027,150.838764,7,0,2,1,1,0,0,0,2,0,0,50,0,6545,6545,4,5,5,3,0,0,0,1
1254983,1,2021,2021,3,4,5,12,31,283,34609,0,1,9,-33.828895,151.012564,54,0,2,1,0,0,0,0,2,0,7,50,0,323,323,1,5,25,2,0,0,0,1
1254984,2,2021,2021,4,2,3,4,10,70,3,0,1,1,-32.729975,151.551407,42,2,1,0,1,0,0,0,2,0,7,50,1,1957,4009,8,30,40,1,0,0,3,0
1254987,4,2021,2021,4,5,7,49,27,67,62,0,1,9,-33.692649,150.913758,7,0,2,1,1,0,0,0,2,2,7,70,2,14295,14295,3,5,0,3,0,2,0,0
1254989,2,2021,2021,3,6,5,135,17,12,136,0,1,9,-36.019125,146.764699,27,1,0,1,1,0,0,0,2,0,0,100,2,14295,14295,3,0,5,2,0,0,1,0
1254990,2,2021,2021,4,6,5,17,36,57,72,0,1,7,-28.636008,153.547408,10,2,1,0,0,0,0,0,2,0,0,60,2,1850,1463,5,8,40,1,0,0,1,0
1254991,4,2021,2021,4,0,0,46,27,148,43,0,1,2,-36.048045,146.930758,0,2,1,1,2,0,0,0,0,0,7,60,2,5929,5929,1,0,19,2,0,1,0,0
1254995,4,2021,2021,4,0,7,11,10,29,52,0,1,1,-34.094428,150.564843,79,1,2,1,1,0,0,3,2,0,7,100,2,4026,4026,8,5,40,1,0,1,0,0
1254996,2,2021,2021,4,0,8,255,27,37,62,0,1,10,-32.805467,151.507531,17,2,1,1,1,0,3,2,2,0,7,60,2,1669,1669,3,10,5,3,0,0,2,0
1254997,1,2021,2021,3,2,7,55,36,155,95,0,1,1,-33.172334,148.387349,53,1,0,1,0,0,0,0,2,0,7,100,2,4026,4026,8,5,40,1,0,0,0,1
1254998,1,2021,2021,3,4,4,38,1,49,34609,0,1,1,-34.047087,151.144402,68,0,2,1,1,0,0,0,2,0,9,50,0,2040,2040,9,5,28,2,0,0,0,1
1254999,2,2021,2021,4,2,6,153,27,290,147,0,1,1,-33.949756,151.122218,4,0,2,1,0,0,0,0,2,0,7,60,2,9859,9859,1,5,5,2,0,0,1,0
1255003,1,2021,2021,4,1,6,97,17,61,88,0,1,2,-35.202825,149.208656,58,2,1,1,1,0,3,3,2,0,8,60,2,14295,14295,3,9,13,2,0,0,0,1
1255004,2,2020,2020,9,5,7,2261,17,523,2252,0,1,10,-33.921877,150.918891,41,0,2,1,1,0,1,0,2,2,7,60,2,1945,1945,5,22,40,1,0,0,1,0
1255005,2,2021,2021,3,6,9,25,31,87,100,0,1,7,-34.481653,150.41736,78,2,1,1,1,0,0,0,2,0,0,50,2,1945,1945,5,16,40,1,0,0,1,0
1255006,2,2021,2021,3,6,4,485,27,323,769,0,1,2,-33.743813,150.982245,71,0,2,1,0,0,0,3,2,0,7,60,2,14295,14295,3,5,5,2,0,0,1,0
1255007,2,2021,2021,3,2,10,2261,17,523,2252,0,1,10,-33.924242,150.918383,41,0,2,1,2,0,3,3,0,2,7,60,2,4026,4026,8,5,40,1,0,0,1,0
1255008,4,2021,2021,3,3,6,97,17,17,88,0,1,2,-34.848924,149.556056,26,1,0,1,0,0,0,0,2,0,7,110,2,945,945,5,30,40,1,0,1,0,0
1255011,1,2021,2021,3,5,8,7,31,78,34609,0,1,9,-33.850444,151.00869,21,0,2,1,1,0,3,4,2,0,0,50,0,14295,14295,3,33,5,2,0,0,0,1
1255012,2,2021,2021,4,6,10,57,31,532,30,0,1,10,-33.878094,151.207429,69,0,2,1,2,0,0,0,3,2,7,40,1,256,256,4,8,12,2,0,0,1,0
1255014,4,2021,2021,4,1,11,31,10,78,23,0,1,1,-33.43957,151.441463,16,2,2,0,2,0,0,0,0,0,7,50,1,2585,4009,8,5,40,1,0,1,0,0
1255016,2,2021,2021,4,1,4,16,31,64,18,0,1,9,-33.956672,151.002315,15,0,2,1,1,0,0,0,2,0,9,60,1,2040,2040,9,5,28,2,0,0,1,0
1255017,2,2021,2021,3,1,7,512,17,433,441,0,1,1,-33.291814,149.111221,52,2,1,1,1,0,0,0,2,0,7,50,2,14295,14295,3,19,10,2,0,0,2,0
1255019,2,2021,2021,4,6,8,829,27,309,770,0,1,9,-33.81824,151.114352,61,0,2,1,0,0,0,3,2,2,1,60,2,775,775,4,30,33,2,0,0,1,0
1255021,2,2020,2020,2,0,6,2126,17,166,2149,0,1,10,-33.41432,149.58188,3,2,1,1,1,0,0,0,2,2,9,60,2,14295,14295,3,34,5,2,0,0,1,0
1255028,2,2020,2020,2,0,4,125,27,174,34609,0,1,9,-33.870008,150.929656,24,0,2,1,3,0,0,0,2,0,7,50,0,387,387,1,18,40,2,0,0,1,0
1255029,2,2021,2021,4,3,5,3,27,54,34609,0,1,9,-33.876797,150.8647,24,0,2,1,3,0,0,0,2,0,7,50,0,2852,2852,4,0,0,3,0,0,1,0
1255030,4,2021,2021,4,3,7,50,27,125,51,0,1,2,-33.85657,151.07977,67,0,2,1,1,0,0,0,2,0,7,50,1,4026,4026,8,16,40,1,0,1,0,0
1255032,2,2021,2021,3,0,3,478,17,35,480,0,1,7,-33.268949,151.560478,16,2,2,1,1,0,0,0,2,0,0,60,2,6545,6545,4,0,27,2,0,0,1,0
1255034,4,2021,2021,4,6,4,30,27,32,41,0,1,1,-33.982945,151.129974,25,0,2,1,0,0,0,0,2,0,7,60,1,2040,2040,9,0,28,2,0,1,0,0
1255037,2,2021,2021,3,6,9,112,27,370,256,0,1,10,-34.057151,150.823943,13,0,2,1,1,0,0,0,2,2,7,60,2,6545,6545,4,10,5,2,0,0,1,2
1255040,2,2020,2020,2,0,8,163,27,73,165,0,1,10,-33.760131,150.80958,7,0,2,1,1,0,0,0,2,2,7,60,1,5929,5929,1,5,5,2,0,0,1,0
1255041,2,2021,2021,4,3,10,109,36,18,108,0,1,1,-28.406577,153.448501,72,2,1,0,0,0,0,0,0,0,7,80,1,4552,5151,8,5,40,1,0,0,1,0
1255042,2,2020,2020,9,4,8,8,31,215,34609,0,1,9,-35.11202,147.37096,75,2,1,1,3,0,3,0,2,0,7,50,0,941,941,1,0,36,2,0,0,1,1
1255044,4,2021,2021,3,5,10,3371,17,41,3342,0,1,2,-31.428046,152.822853,56,1,0,1,2,0,3,4,0,0,7,100,2,3775,3775,0,33,25,2,0,1,0,0
1255045,2,2021,2021,3,6,8,97,27,166,799,0,1,2,-33.929863,150.99057,15,0,2,1,3,0,0,0,3,0,7,70,2,14295,14295,3,5,0,2,0,0,1,0
1255048,2,2021,2021,3,5,8,22,27,94,144,0,1,1,-33.786682,150.806103,55,0,2,0,0,0,0,0,2,0,7,60,2,14295,14295,3,5,12,2,0,0,1,0
1255054,2,2020,2020,9,0,0,61,27,19,70,0,1,1,-33.66737,150.951368,71,0,2,1,3,0,0,0,0,0,7,70,1,4026,4026,8,0,40,1,0,0,1,0
1255057,1,2021,2021,3,6,8,6,27,202,11,1,2,1,-33.946825,151.032265,15,0,2,1,3,0,0,0,2,0,7,40,1,14295,14295,3,9,13,3,0,0,0,1
1255059,1,2021,2021,3,3,8,143,31,290,28,1,0,9,-33.84869,150.994644,21,0,2,1,3,0,0,0,2,0,7,50,1,14295,14295,3,5,5,2,0,0,0,1
1255061,1,2021,2021,3,6,8,7,31,215,34609,0,1,10,-35.105288,147.363961,75,2,1,1,3,0,0,0,2,0,0,50,0,6545,6545,4,0,0,2,0,0,0,1
1255064,1,2021,2021,3,4,4,866,17,278,793,0,1,9,-33.777714,151.051952,54,0,2,1,3,0,0,0,2,2,7,60,2,1391,1391,1,16,5,2,0,0,0,1
1255067,1,2021,2021,4,0,7,44,27,8,34609,0,1,9,-33.656082,150.913283,71,0,2,0,3,0,0,0,2,0,7,50,0,14295,14295,3,5,0,2,0,0,0,1
1255068,1,2021,2021,3,3,7,95,27,42,605,0,1,9,-33.657574,151.317619,50,0,2,1,1,0,0,0,2,0,7,50,2,14295,14295,3,5,0,2,0,0,0,1
1255073,4,2021,2021,4,1,3,220,14,67,220,0,1,3,-34.425468,150.867934,80,0,2,0,0,0,0,0,2,0,7,90,2,2585,4009,8,0,40,1,0,1,0,0
1255074,2,2021,2021,4,3,0,3371,17,60,3342,0,1,1,-33.432393,151.235625,16,2,2,0,0,0,0,0,0,0,7,60,2,4552,5151,8,5,40,1,0,0,1,0
1255075,2,2021,2021,4,5,10,65,31,609,115,0,1,10,-33.776722,150.901586,7,0,2,1,2,0,3,3,0,2,7,60,2,5929,5929,1,5,5,2,0,0,3,0
1255077,1,2020,2020,2,5,8,2126,17,44,2149,0,1,2,-33.792436,150.871869,7,0,2,1,1,0,0,0,2,0,7,80,2,14295,14295,3,10,13,2,0,0,0,1
1255079,2,2021,2021,3,4,9,9,27,70,34609,0,1,1,-33.885375,150.878469,24,0,2,0,0,0,0,0,2,0,7,50,0,1109,787,1,5,7,2,0,0,1,0
1255080,4,2020,2020,11,4,7,230,27,173,284,0,1,11,-33.79122,151.130554,61,0,2,1,1,0,0,0,2,2,7,70,2,14295,14295,3,0,5,2,0,1,0,1
1255083,4,2021,2021,3,5,8,515,14,80,518,0,1,3,-33.971133,150.87398,13,0,2,0,1,0,0,0,3,0,7,100,2,1850,1463,5,15,40,1,0,1,0,0
1255084,4,2021,2021,3,0,7,27,27,6,34609,0,1,1,-31.86626,152.171817,43,1,0,0,0,0,0,0,2,0,7,100,0,1259,5151,8,10,40,1,0,1,0,0
1255088,2,2021,2021,4,6,3,232,36,134,331,0,1,2,-33.993135,150.788301,12,0,2,1,1,0,0,3,1,0,7,80,2,475,475,5,10,40,1,0,0,1,0
1255090,2,2021,2021,4,0,4,91,27,119,187,0,1,10,-33.874804,151.155154,32,0,2,0,0,0,0,0,2,3,7,70,2,1282,1282,1,33,5,2,0,0,1,0
1255091,2,2020,2020,9,5,8,3,31,95,34609,0,1,1,-33.738818,150.842631,7,0,2,0,1,0,0,0,2,0,7,50,0,1957,4009,8,34,40,2,0,0,1,0
1255092,1,2020,2020,2,1,7,125,27,21,144,0,1,9,-32.76673,152.013265,57,2,1,0,0,0,3,4,2,0,0,80,2,2852,2852,4,5,5,2,0,0,0,1
1255093,2,2020,2020,2,0,9,1,27,68,34609,0,1,1,-33.716574,149.833084,51,2,1,0,0,2,0,0,3,0,7,50,0,273,957,5,30,40,1,0,0,1,0
1255094,2,2021,2021,4,4,6,53,36,18,95,0,1,1,-33.255353,148.9935,11,1,0,0,0,0,3,4,2,0,7,100,2,2585,4009,8,9,40,1,0,0,1,0
1255095,2,2021,2021,3,6,5,7,31,169,34609,0,1,10,-33.897537,151.209384,69,0,2,1,0,0,0,0,2,0,15,40,0,6545,6545,4,5,13,2,0,0,1,1
1255097,1,2021,2021,3,1,5,163,27,95,165,0,1,2,-33.737552,150.841524,7,0,2,1,0,0,0,0,2,0,7,60,1,14295,14295,3,9,5,2,0,0,0,1
1255099,2,2021,2021,3,2,6,21,31,463,34609,0,1,10,-30.290418,153.107622,19,2,1,1,1,0,0,0,2,0,0,50,0,14295,14295,3,10,5,3,0,0,2,0
1255100,2,2020,2020,2,4,7,2209,17,6,2205,0,1,9,-35.848898,150.132452,23,1,0,1,1,0,0,0,2,0,0,100,2,5929,5929,1,5,13,2,0,0,1,0
1255101,2,2020,2020,9,0,4,132,31,45,126,0,1,10,-33.888108,151.195167,69,0,2,1,0,0,3,0,2,2,6,50,2,6545,6545,4,10,5,2,0,0,1,0
1255103,1,2020,2020,9,6,4,4,27,14,34609,0,1,1,-35.785409,150.18394,23,2,1,0,0,0,0,0,2,0,7,80,0,1259,5151,8,16,40,1,0,0,0,1
1255104,1,2021,2021,4,6,10,5,10,92,34609,0,1,1,-33.979784,150.813638,13,0,2,1,2,0,0,0,0,0,7,50,0,9859,9859,1,0,5,2,0,0,0,1
1255106,1,2021,2021,4,3,9,90,36,68,102,0,1,1,-34.741263,148.734168,82,1,0,0,0,0,0,0,2,0,7,100,2,273,957,5,10,40,1,0,0,0,4
1255114,4,2021,2021,3,4,9,109,27,137,105,0,1,9,-33.895055,150.904739,24,0,2,1,3,0,0,0,3,0,0,60,2,256,256,4,9,0,2,0,1,1,0
1255115,2,2021,2021,3,3,6,3,1,167,34609,0,1,1,-33.847371,151.068196,54,0,2,1,3,0,0,0,2,0,7,40,0,14295,14295,3,5,0,2,0,0,1,0
1255120,1,2021,2021,4,0,10,143,31,173,181,0,1,9,-33.881203,151.218066,69,0,2,1,3,0,0,0,0,2,7,50,2,1391,1391,1,5,41,2,0,0,0,1
1255125,2,2021,2021,3,2,5,475,10,42,268,0,1,1,-33.879815,150.817079,24,0,2,0,3,0,3,4,2,0,7,80,2,1957,4009,8,0,40,1,0,0,1,0
1255126,2,2021,2021,3,1,9,163,27,95,165,0,1,7,-33.737479,150.840961,7,0,2,1,3,0,0,0,0,0,0,60,1,2852,2852,4,5,5,2,0,0,1,0
1255127,1,2021,2021,4,6,3,14,31,29,148,0,1,10,-32.934119,151.769248,48,0,2,1,3,0,0,0,2,0,15,60,1,6545,6545,4,5,27,2,0,0,0,1
1255128,1,2021,2021,4,2,6,255,27,62,172,0,1,7,-32.9233,151.610042,37,0,2,0,3,0,0,0,2,0,7,60,2,52,52,6,16,40,1,0,0,0,1
1255132,2,2020,2020,9,1,7,39,27,169,147,0,1,1,-28.63797,153.597708,10,2,1,1,0,0,0,0,2,0,7,60,1,1109,787,1,30,19,2,0,0,1,0
1255133,2,2020,2020,2,5,8,478,17,96,480,0,1,9,-33.437624,151.373672,16,2,2,1,1,0,0,0,2,2,7,70,2,1669,1669,3,0,0,2,0,0,1,0
1255134,4,2021,2021,3,4,7,76,24,164,154,0,1,2,-33.741032,150.871146,7,0,2,1,1,0,0,0,2,0,7,60,1,14295,14295,3,5,5,4,0,1,0,0
1255136,4,2020,2020,10,6,4,114,27,19,65,0,1,1,-33.290938,151.229227,16,2,2,1,0,0,0,0,2,0,9,60,1,4026,4026,8,29,40,1,0,1,0,0
1255138,4,2021,2021,4,6,8,2209,17,166,2205,0,1,1,-33.89593,151.180924,32,0,2,1,3,0,3,4,2,0,7,50,2,387,387,1,16,5,2,0,1,0,0
1255139,2,2021,2021,4,0,6,14,27,25,34609,0,1,9,-34.47935,150.87147,80,0,2,1,1,0,3,4,2,2,7,50,0,5929,5929,1,5,5,2,0,0,2,0
1255140,1,2021,2021,3,0,8,205,27,161,415,0,1,9,-33.727155,151.165758,36,0,2,1,1,0,0,0,2,0,15,60,2,623,623,3,5,5,2,0,0,0,1
1255143,4,2021,2021,4,4,7,168,10,387,260,0,1,9,-33.938172,151.192881,4,0,2,1,1,0,0,0,2,2,7,70,2,9859,9859,8,5,40,1,0,1,0,0
1255144,2,2021,2021,4,3,8,224,27,102,321,0,1,10,-33.946971,151.197319,4,0,2,1,1,0,3,3,3,2,7,50,2,9859,9859,8,9,40,4,0,0,1,1
1255145,4,2021,2021,4,1,5,28,27,346,63,1,0,1,-33.888932,151.083945,67,0,2,1,1,0,0,0,2,0,7,50,1,3775,3775,0,0,36,2,0,1,0,0
1255146,2,2021,2021,4,3,4,91,27,161,187,0,1,2,-33.87531,151.157878,32,0,2,1,1,0,0,0,2,0,7,70,2,9859,9859,8,5,40,1,0,0,1,0
1255148,4,2021,2021,3,6,6,110,31,433,34609,0,1,1,-33.286657,149.092976,52,2,1,1,0,0,0,0,2,0,7,50,0,1945,1945,5,16,40,1,0,1,0,0
1255153,1,2020,2020,2,3,2,330,27,65,605,0,1,9,-33.709922,151.295802,50,0,2,0,1,0,0,0,1,2,7,70,2,4552,5151,8,5,40,1,0,0,0,1
1255154,2,2020,2020,2,0,3,1,25,32,34609,0,1,9,-33.75227,150.822783,7,0,2,1,2,0,0,0,2,0,7,50,0,256,256,4,5,5,2,0,0,1,0
1255155,2,2021,2021,4,1,10,6,10,74,34609,0,1,10,-34.021987,150.765274,12,0,2,1,2,0,0,0,0,2,7,60,0,2040,2040,9,5,28,2,0,0,1,0
1255156,2,2021,2021,4,3,1,2209,17,88,2205,0,1,2,-33.992498,151.114231,25,0,2,0,2,0,0,0,0,0,7,70,2,4552,5151,8,5,40,1,0,0,1,0
1255159,2,2020,2020,2,4,11,5,27,234,34609,0,1,1,-34.310391,146.035219,28,1,0,1,0,0,0,0,0,0,7,100,0,9859,9859,8,5,40,1,0,0,1,0
1255160,2,2020,2020,2,6,5,1,27,18,34609,0,1,1,-31.162315,150.960918,70,2,1,0,0,2,0,0,2,0,7,80,0,2585,4009,8,10,40,1,0,0,1,0
1255161,2,2020,2020,2,5,8,134,10,104,133,0,1,9,-33.831639,151.019811,54,0,2,1,3,0,0,0,2,2,7,70,2,14295,14295,3,5,5,2,0,0,1,0
1255163,2,2020,2020,9,2,5,12,31,24,34609,0,1,1,-32.91189,151.779726,48,0,2,1,1,0,0,0,2,0,7,50,0,9859,9859,1,5,0,2,0,0,1,0
1255166,4,2020,2020,2,4,8,104,27,443,702,0,1,9,-33.908546,151.064275,15,0,2,1,0,0,0,0,2,0,7,70,2,1282,1282,1,33,5,2,0,1,0,0