Crash ID,Degree of crash - detailed,Reporting year,Year of crash,Month of crash,Day of week of crash,Two-hour intervals,Street of crash,Street type,Town,Route no.,School zone location,School zone active,Type of location,Latitude,Longitude,LGA,Urbanisation,Conurbation 1,Alignment,Street lighting,Road surface,Surface condition,Weather,Natural lighting,Signals operation,Other traffic control,Speed limit,Road classification,RUM - code,DCA - code,First impact type,Key TU type,Other TU type,No. of traffic units involved,No. killed,No. seriously injured,No. moderately injured,No. minor-other injured
1255167,2,2020,2020,2,5,8,2,27,15,43,0,1,1,-35.461482,146.419703,51,1,0,1,0,2,0,3,2,0,7,100,1,9859,9859,8,0,40,1,0,0,1,2
1255168,4,2020,2020,2,3,7,15,27,56,13,0,1,1,-32.762369,151.256005,17,2,1,0,1,0,3,3,2,0,7,80,1,1259,5151,8,5,40,1,0,1,1,0
1255172,2,2021,2021,4,0,5,114,27,10,65,0,1,1,-33.464844,151.112628,16,2,2,0,3,0,0,0,2,0,7,60,1,2585,4009,8,5,40,1,0,0,1,0
1255174,1,2021,2021,3,0,7,2261,17,44,2252,0,1,9,-33.893762,150.959745,24,0,2,1,3,0,0,0,2,2,7,70,1,14295,14295,3,21,12,2,0,0,0,1
1255175,1,2021,2021,4,0,5,220,14,133,220,0,1,3,-34.523489,150.788312,80,0,2,1,3,0,0,0,2,0,7,100,2,14295,14295,3,5,5,2,0,0,0,1
1255177,4,2021,2021,4,3,2,3371,17,85,3342,0,1,9,-33.736897,151.13345,36,0,2,0,3,0,3,4,0,0,7,60,2,2585,4009,8,10,40,1,0,1,0,0
1255178,1,2020,2020,2,0,0,162,31,65,122,0,1,2,-34.496375,150.888981,80,0,2,1,2,0,0,0,0,0,7,70,2,4026,4026,8,5,40,1,0,0,0,1
1255179,4,2020,2020,2,1,9,48,31,18,34609,0,1,10,-33.823499,151.108454,61,0,2,1,1,0,0,3,2,2,7,50,0,5929,5929,1,0,5,2,0,3,1,0
1255181,4,2021,2021,4,3,7,42,10,78,39,0,1,7,-34.47411,150.832764,80,0,2,1,3,0,0,0,2,0,0,70,1,515,515,1,30,0,2,0,1,0,0
1255185,2,2021,2021,3,1,11,2261,17,284,2252,0,1,9,-33.907295,151.024071,15,0,2,1,3,0,0,0,0,3,7,60,2,4026,4026,8,5,40,1,0,0,1,0
1255189,1,2020,2020,9,2,7,80,27,111,34609,0,1,7,-33.91543,151.255503,59,0,2,1,3,0,0,0,2,0,0,50,0,1282,1282,1,22,18,2,0,0,0,1
1255192,1,2021,2021,3,5,5,158,27,46,207,1,0,2,-33.87873,151.235464,81,0,2,1,3,0,0,0,2,0,7,60,2,14295,14295,3,0,0,3,0,0,0,1
1255194,1,2021,2021,4,0,0,52,27,31,7,0,1,1,-33.887847,151.020049,15,0,2,1,3,0,0,0,0,0,7,50,1,9859,9859,1,0,36,2,0,0,0,1
1255198,2,2021,2021,3,6,10,387,27,290,331,0,1,10,-33.948206,151.127863,4,0,2,1,3,0,0,0,0,2,7,60,2,14295,14295,3,9,0,3,0,0,1,0
1255200,2,2021,2021,3,3,8,475,31,44,27,0,1,9,-33.971312,151.116878,25,0,2,1,3,0,0,0,2,0,7,60,1,144,144,1,5,5,4,0,0,1,0
1255209,2,2021,2021,4,5,9,59,31,77,53,0,1,9,-33.885688,151.198681,69,0,2,1,0,0,0,0,3,0,4,50,2,775,775,4,22,0,4,0,0,1,0
1255211,2,2021,2021,3,5,8,57,27,337,47,0,1,1,-33.724518,150.977936,71,0,2,1,3,0,3,4,2,0,7,60,2,9859,9859,8,5,40,1,0,0,1,0
1255215,2,2021,2021,4,3,11,296,27,187,293,0,1,2,-33.885264,150.975648,15,0,2,1,2,0,0,0,0,0,7,60,2,1391,1391,1,5,5,2,0,0,1,0
1255216,1,2021,2021,3,4,7,50,27,167,51,0,1,7,-33.853775,151.077118,54,0,2,1,1,0,0,0,2,1,0,60,1,14295,14295,3,5,36,2,0,0,0,1
1255217,4,2021,2021,3,6,8,334,31,370,256,0,1,9,-34.068561,150.815104,13,0,2,1,0,0,0,0,2,0,15,60,2,591,591,1,22,13,2,0,1,0,0
1255218,2,2021,2021,3,2,11,97,17,34,88,0,1,2,-34.805453,149.608973,26,1,0,1,0,0,0,0,0,0,7,110,2,214,214,9,30,28,2,0,0,1,0
1255219,2,2021,2021,3,5,5,481,17,27,483,0,1,1,-32.545646,148.249542,51,1,0,1,0,0,0,0,2,0,7,110,2,9859,9859,8,10,40,1,0,0,1,0
1255222,4,2021,2021,4,5,5,76,31,112,60,0,1,2,-36.068672,146.929927,0,2,1,1,0,0,0,0,2,0,7,60,1,591,591,1,22,0,2,0,1,0,0
1255224,2,2020,2020,11,0,7,82,31,363,369,0,1,10,-33.751251,150.713308,55,0,2,1,1,0,0,0,2,0,15,70,2,14295,14295,3,6,13,3,0,0,3,0
1255225,2,2021,2021,3,6,4,6,31,163,34609,0,1,10,-33.861537,151.100203,14,0,2,1,1,0,0,0,2,0,15,50,0,6545,6545,4,5,36,2,0,0,1,0
1255227,1,2021,2021,3,0,8,31,23,139,187,0,1,2,-33.871187,151.140911,32,0,2,1,1,0,0,0,2,0,7,60,2,14295,14295,3,5,5,4,0,0,0,1
1255228,2,2021,2021,4,2,6,916,17,66,917,0,1,2,-32.812333,151.675668,48,0,2,1,1,0,0,0,2,0,7,80,2,14295,14295,3,5,5,3,0,0,1,0
1255231,1,2020,2020,9,6,6,5,31,91,34609,0,1,9,-33.998188,150.898895,13,0,2,1,1,0,0,0,2,0,0,50,0,6545,6545,4,0,5,2,0,0,0,1
1255232,2,2020,2020,2,3,1,3,27,16,34609,0,1,1,-34.672718,150.142236,78,2,1,0,0,0,3,4,0,0,7,80,0,1957,4009,8,34,40,1,0,0,1,0
1255237,1,2021,2021,4,0,6,127,27,48,103,0,1,1,-32.913017,151.746925,48,0,2,1,1,0,0,0,2,0,7,60,1,9859,9859,1,16,5,2,0,0,0,1
1255238,2,2021,2021,3,6,6,2126,17,283,2149,0,1,10,-33.830735,151.012242,54,0,2,1,1,0,0,0,2,2,7,60,2,5929,5929,1,0,5,2,0,0,1,0
1255241,2,2020,2020,2,1,5,348,17,105,232,0,1,10,-32.594516,149.582903,44,2,1,1,1,0,0,0,2,0,0,50,2,5929,5929,1,5,0,2,0,0,2,0
1255242,2,2021,2021,4,0,9,225,17,50,180,0,1,1,-34.564484,150.664589,62,0,2,0,3,0,3,4,3,0,7,60,2,3775,3775,0,10,0,2,0,0,1,0
1255244,2,2021,2021,4,2,6,3371,17,44,3342,0,1,2,-30.734577,152.921005,47,1,0,0,1,0,3,4,2,0,7,100,2,4552,5151,8,0,40,1,0,0,2,0
1255247,2,2021,2021,4,4,2,2261,17,17,2252,0,1,2,-34.786851,149.241073,74,1,0,0,3,0,0,0,0,0,7,110,2,1259,5151,8,9,40,1,0,0,1,0
1255248,2,2021,2021,4,6,5,9,31,78,30,0,1,1,-28.326315,153.395467,72,2,1,1,3,0,0,0,2,0,7,50,1,144,144,1,0,0,2,0,0,1,0
1255250,4,2021,2021,4,1,4,21,31,65,18,0,1,10,-32.92704,151.784633,48,0,2,1,2,0,0,0,2,2,7,50,2,5929,5929,1,30,19,2,0,1,0,0
1255252,2,2021,2021,4,5,8,330,23,150,233,0,1,10,-33.919433,151.226535,59,0,2,1,0,0,0,0,2,2,7,50,2,1669,1669,3,5,0,2,0,0,1,0
1255255,4,2021,2021,3,6,7,9,22,108,237,0,1,3,-33.813645,151.188856,77,0,2,1,1,0,0,0,2,0,7,80,2,204,204,1,16,5,2,0,1,0,0
1255256,1,2021,2020,2,0,7,27,27,463,62,0,1,7,-30.291049,153.096864,19,2,1,0,3,0,0,0,2,0,0,50,1,14295,14295,3,5,5,2,0,0,0,1
1255257,2,2020,2020,9,4,5,67,31,33,34609,0,1,1,-33.723576,150.429293,8,2,2,1,0,0,0,0,2,0,7,50,0,1945,1945,5,22,40,1,0,0,1,0
1255258,2,2021,2021,4,6,7,478,17,122,480,0,1,2,-33.429145,151.338063,16,2,2,1,1,0,0,0,2,0,7,60,2,14295,14295,3,30,5,2,0,0,1,0
1255259,1,2021,2021,4,3,10,1,22,55,34609,0,1,1,-35.394847,149.201006,58,2,1,0,0,0,0,0,0,0,7,50,0,418,714,5,16,40,1,0,0,0,1
1255261,2,2021,2021,3,1,10,213,17,61,213,0,1,1,-29.728866,151.761481,51,1,0,1,0,0,0,0,0,0,7,100,2,1945,1945,5,16,40,1,0,0,1,0
1255263,2,2021,2021,4,3,9,12,27,19,19,0,1,2,-33.210264,151.481209,16,1,2,1,3,0,0,0,2,0,7,100,2,1945,1945,5,16,40,1,0,0,1,0
1255264,1,2021,2021,3,3,2,3371,17,37,3342,0,1,2,-29.443815,153.234867,18,1,0,1,0,0,0,0,1,0,7,110,2,3775,3775,0,9,0,2,0,0,0,1
1255265,1,2021,2021,3,3,8,37,27,61,105,0,1,9,-33.886841,150.912582,24,0,2,1,3,0,0,0,2,0,7,60,1,5929,5929,1,5,5,2,0,0,0,1
1255271,2,2021,2021,3,0,5,2,27,3,34609,0,1,1,-33.676692,150.155596,40,1,0,0,3,2,0,0,2,0,7,100,0,2585,4009,8,5,40,1,0,0,1,0
1255280,1,2021,2021,4,6,5,1,1,36,34609,0,1,1,-33.805495,150.937602,21,0,2,1,3,0,0,0,2,0,7,50,0,1669,1669,3,30,5,2,0,0,0,1
1255281,1,2021,2021,3,3,9,9,27,98,1,1,0,1,-33.751618,151.062263,31,0,2,1,3,0,0,0,3,0,7,50,1,1109,397,1,5,36,2,0,0,0,1
1255283,2,2021,2021,4,2,4,157,17,9,158,0,1,1,-33.877056,146.598437,51,1,0,1,3,0,0,0,2,0,7,100,2,475,475,5,0,40,1,0,0,1,0
1255285,1,2021,2021,4,1,6,125,27,108,123,0,1,7,-33.312948,151.421804,16,2,2,0,3,0,0,0,2,0,0,50,2,3775,3775,0,5,36,2,0,0,0,2
1255287,1,2021,2021,3,0,5,55,27,74,70,0,1,7,-33.724343,151.03873,31,0,2,1,3,0,0,0,2,0,5,60,1,515,515,1,9,5,2,0,0,0,1
1255291,2,2020,2020,2,2,5,225,17,50,180,0,1,1,-34.560583,150.664402,62,0,2,0,0,0,3,4,2,0,7,50,2,1850,1463,5,16,40,1,0,0,1,0
1255294,1,2021,2021,4,1,0,9,27,21,34609,0,1,1,-32.583386,151.804621,51,2,1,0,0,0,0,0,0,0,7,80,0,204,204,1,5,5,3,0,0,0,1
1255295,2,2021,2021,4,4,10,132,31,54,126,1,0,1,-33.894678,151.220632,69,0,2,1,2,0,0,0,0,0,7,40,2,14295,14295,3,33,5,4,0,0,1,0
1255297,2,2021,2021,4,6,4,2209,17,137,2205,0,1,2,-34.034202,151.066331,68,0,2,1,3,0,0,0,2,0,7,70,2,14295,14295,3,0,13,3,0,0,1,0
1255298,4,2020,2020,2,0,8,13,31,87,34609,0,1,1,-28.810083,153.285217,39,2,1,1,0,0,0,0,2,0,7,50,0,1981,1981,4,0,19,2,0,1,1,1
1255300,2,2021,2021,3,6,6,2,27,8,34609,0,1,1,-34.264596,149.967302,74,1,0,0,0,2,0,0,2,0,7,100,0,782,957,5,10,40,1,0,0,2,0
1255304,4,2021,2021,3,6,6,3371,17,18,3342,0,1,2,-28.780433,153.528029,2,1,0,0,0,0,3,4,2,0,7,110,2,2585,4009,8,0,40,1,0,1,0,0
1255305,1,2020,2020,2,0,8,13,27,460,34609,0,1,9,-33.82616,150.980917,21,0,2,1,0,0,0,0,2,0,7,50,0,941,941,1,30,19,2,0,0,0,1
1255312,2,2021,2021,4,2,6,3371,17,43,3342,0,1,2,-30.452666,153.003232,6,1,0,1,1,0,0,0,2,0,7,110,2,9859,9859,1,0,10,3,0,0,1,0
1255313,4,2021,2021,3,2,7,4,27,1,34609,0,1,1,-36.156038,149.704973,23,1,0,0,0,2,0,3,2,0,7,100,0,273,957,5,16,40,1,0,1,0,0
1255314,2,2021,2021,3,3,3,3371,17,463,3342,0,1,2,-30.298192,153.11255,19,2,1,0,1,0,3,4,1,0,7,60,2,4552,5151,8,30,40,1,0,0,1,0
1255315,4,2021,2021,3,2,5,149,27,294,198,0,1,1,-33.938543,150.939747,41,0,2,0,0,0,3,4,2,0,7,60,2,5929,5929,1,0,0,2,0,1,3,0
1255316,1,2020,2020,2,5,6,71,17,43,71,0,1,7,-36.113667,144.756414,51,2,1,1,0,0,0,0,2,0,0,50,2,2040,2040,9,10,28,2,0,0,0,1
1255317,4,2020,2020,9,0,7,346,17,12,332,0,1,1,-28.84483,152.830872,51,1,0,1,0,0,0,0,2,0,7,100,2,4026,4026,8,5,40,1,0,1,0,0
1255318,2,2021,2021,3,4,7,4,31,174,34609,0,1,10,-33.893435,151.212237,69,0,2,1,1,0,0,0,2,0,15,40,0,1109,787,1,9,19,2,0,0,1,0
1255319,2,2021,2021,3,5,4,3371,17,58,3342,0,1,9,-32.791356,151.72466,57,2,1,1,1,0,3,4,2,2,7,80,2,14295,14295,3,9,0,2,0,0,2,0
1255321,4,2021,2021,4,3,6,84,10,51,80,0,1,1,-34.204435,150.969511,80,0,2,1,0,0,0,0,2,0,7,70,2,14295,14295,3,16,13,2,0,1,0,0
1255326,1,2021,2021,3,4,7,3,18,31,34609,0,1,9,-31.072608,150.864859,70,2,1,1,0,0,0,0,2,0,7,80,0,150,150,4,29,0,2,0,0,0,1
1255327,2,2021,2021,3,3,8,89,17,21,21,1,0,1,-34.247387,150.944081,80,0,2,1,0,0,0,0,2,0,7,100,1,404,404,8,16,40,1,0,0,1,0
1255329,4,2021,2021,4,2,4,265,17,24,193,0,1,1,-34.473916,148.16682,20,1,0,0,0,0,3,3,2,0,7,100,2,4552,5151,8,30,40,1,0,1,0,0
1255330,2,2021,2021,4,3,6,26,31,174,34609,0,1,10,-33.893378,151.208326,69,0,2,1,0,0,0,0,2,0,15,40,0,6545,6545,4,5,27,2,0,0,1,0
1255331,4,2021,2021,4,1,8,150,27,309,415,0,1,2,-33.801421,151.114163,61,0,2,1,1,0,0,0,2,0,7,70,2,14295,14295,3,30,5,6,0,1,3,0
1255332,2,2021,2021,3,6,7,1104,14,140,962,0,1,3,-33.794444,150.842151,7,0,2,1,0,0,2,6,2,0,7,100,2,14295,14295,3,8,0,4,0,0,1,0
1255333,1,2021,2021,4,3,0,1,27,24,34609,0,1,1,-36.220512,150.127341,23,2,1,0,2,0,0,0,0,0,7,50,0,4552,5151,8,0,40,1,0,0,0,1
1255334,2,2020,2020,2,6,4,78,27,147,78,0,1,10,-33.864089,151.130339,14,0,2,1,1,0,0,0,2,2,7,50,2,14295,14295,3,0,5,2,0,0,1,0
1255336,2,2021,2021,4,0,6,3,10,60,34609,0,1,2,-34.029632,150.75197,12,0,2,0,1,0,3,4,2,0,7,50,0,1957,4009,8,5,40,1,0,0,1,0
1255337,4,2021,2021,3,3,4,1,31,58,34609,0,1,9,-34.41407,150.900902,80,0,2,1,1,0,0,0,2,0,7,40,0,5929,5929,1,9,27,2,0,1,0,0
1255338,4,2021,2021,4,1,1,36,27,3,82,0,1,1,-35.240074,147.327785,75,1,0,1,0,0,0,0,0,0,7,100,1,4026,4026,8,0,40,1,0,1,0,0
1255339,4,2020,2020,2,1,8,36,31,363,31,0,1,10,-33.818648,151.016907,54,0,2,1,1,0,0,0,2,2,7,60,1,926,926,4,5,5,2,0,1,0,0
1255340,2,2021,2021,4,1,6,16,31,194,148,0,1,10,-30.517399,151.667802,1,2,1,1,1,0,0,0,2,2,7,50,2,5929,5929,1,5,19,2,0,0,1,0
1255342,4,2020,2020,2,6,8,107,22,346,144,1,0,9,-33.879913,151.092833,67,0,2,1,1,0,0,0,2,0,0,60,2,775,775,4,10,33,3,0,1,0,0
1255346,1,2021,2021,3,2,5,100,31,363,38,0,1,9,-33.812833,151.000353,54,0,2,1,3,0,0,0,2,3,7,60,1,301,301,4,0,27,2,0,0,0,1
1255348,1,2021,2021,4,6,7,500,27,106,799,0,1,9,-33.920779,151.098222,15,0,2,1,0,0,0,0,2,0,0,60,2,2852,2852,4,15,5,2,0,0,0,1
1255349,2,2021,2021,4,0,8,168,17,19,212,0,1,1,-35.546685,149.980221,23,2,1,0,0,0,0,0,2,0,7,70,2,4552,5151,8,8,40,1,0,0,1,0
1255350,4,2021,2021,4,6,6,41,10,117,34609,0,1,1,-28.185426,153.533387,72,2,1,1,1,0,0,0,2,0,7,50,0,2040,2040,9,5,28,2,0,1,0,0
1255351,4,2021,2021,4,3,7,478,17,128,480,0,1,9,-33.427207,151.329651,16,2,2,1,3,0,0,0,2,0,0,70,2,2852,2852,4,5,36,2,0,1,1,0
1255352,1,2021,2021,4,3,10,105,27,67,109,0,1,9,-33.877865,150.893478,24,0,2,1,3,0,0,0,4,2,7,60,1,2852,2852,4,0,5,2,0,0,0,1
1255353,4,2021,2021,3,6,8,5,27,17,34609,0,1,1,-35.085955,150.490961,63,2,1,1,0,2,0,0,2,0,7,60,0,475,475,5,16,40,1,0,1,0,0
1255354,1,2020,2020,2,5,11,13,25,433,34609,0,1,1,-33.282279,149.10149,52,2,1,1,2,0,0,0,0,0,7,50,0,312,312,2,10,40,1,0,0,0,1
1255362,2,2021,2021,4,0,7,1052,14,60,928,0,1,3,-33.432077,151.253358,16,1,2,1,3,0,0,0,2,0,7,110,2,14295,14295,3,9,36,2,0,0,1,0
1255363,1,2021,2021,4,0,7,3371,17,107,3342,0,1,1,-33.286888,151.424364,16,2,2,0,3,0,3,4,2,0,7,50,2,14295,14295,3,19,0,2,0,0,0,1
1255364,2,2021,2021,4,4,10,60,27,239,167,0,1,10,-34.024304,151.120922,68,0,2,1,3,0,3,4,0,2,7,70,2,14295,14295,3,10,5,2,0,0,1,0
1255366,1,2021,2021,4,4,5,280,10,46,240,1,0,9,-33.887044,150.968228,24,0,2,1,3,0,0,0,2,0,0,60,2,1282,1282,1,33,5,2,0,0,0,2
1255368,1,2021,2021,4,0,7,255,31,20,34609,0,1,1,-33.937868,150.843812,41,0,2,1,3,0,0,0,2,0,7,50,0,5929,5929,1,5,12,3,0,0,0,1
1255369,1,2021,2021,3,4,3,98,31,100,159,1,0,9,-33.959106,151.151985,4,0,2,1,3,0,0,0,2,0,0,60,2,775,775,4,30,27,2,0,0,0,1
1255370,1,2021,2021,3,5,9,69,31,646,563,0,1,9,-33.916468,151.041251,15,0,2,1,3,0,0,6,3,2,7,60,2,14295,14295,3,5,5,2,0,0,0,1
1255371,2,2021,2021,4,5,6,78,27,8,228,0,1,1,-32.946709,151.139455,17,2,1,0,3,0,0,0,2,0,7,60,1,1957,4009,8,16,40,1,0,0,1,0
1255372,1,2021,2021,3,4,10,147,27,224,605,0,1,10,-33.824933,151.23435,45,0,2,1,3,0,0,0,0,0,0,60,2,395,395,1,0,5,2,0,0,0,1
1255377,2,2021,2021,3,1,7,916,17,12,917,0,1,1,-31.10005,151.004897,70,1,0,1,3,0,0,0,2,0,7,100,2,1391,1391,1,5,0,2,0,0,1,0
1255381,2,2020,2020,2,5,8,2126,17,75,2149,0,1,9,-33.873823,151.127124,32,0,2,0,0,0,3,4,2,3,7,60,2,256,256,4,5,5,2,0,0,1,0
1255383,2,2021,2021,4,3,3,45,31,532,55,0,1,1,-33.872133,151.212805,69,0,2,1,1,0,0,0,2,2,9,40,1,591,591,1,22,13,2,0,0,1,0
1255386,1,2020,2020,2,5,8,512,17,562,441,0,1,1,-32.259837,148.648613,22,2,1,1,3,0,0,0,3,0,7,70,2,1391,1391,1,8,13,2,0,0,0,1
1255388,2,2021,2021,3,6,7,2126,17,179,2149,0,1,9,-33.757919,150.716456,55,0,2,1,1,0,0,0,2,0,0,60,2,5929,5929,1,5,19,2,0,0,1,0
1255389,4,2020,2020,2,3,7,3371,17,4,3342,0,1,2,-33.134808,151.611302,37,0,2,0,0,0,0,0,2,0,7,90,2,4552,5151,8,16,40,1,0,1,0,0
1255391,1,2021,2021,3,2,6,73,24,50,88,0,1,1,-33.715976,151.269436,50,0,2,0,3,0,3,4,2,0,7,80,2,14295,14295,3,0,0,2,0,0,0,1
1255392,4,2020,2020,9,1,9,18,27,8,34609,0,1,1,-28.674829,153.324524,39,2,1,0,0,0,0,0,3,0,7,80,0,1957,4009,8,5,40,1,0,2,0,0
1255401,1,2021,2021,4,1,6,23,10,64,101,0,1,10,-32.940605,151.712449,48,0,2,1,3,0,0,0,2,2,7,50,2,14295,14295,3,30,0,2,0,0,0,1
1255402,2,2021,2021,3,2,5,112,27,79,769,0,1,9,-33.574657,150.714162,29,2,2,1,3,0,3,0,2,0,7,60,2,5929,5929,1,5,12,2,0,0,1,0
1255403,2,2021,2021,4,5,11,1,9,65,34609,0,1,1,-36.043532,146.988772,0,2,1,0,3,0,0,0,0,0,7,50,0,1282,1282,1,0,40,1,0,0,1,0
1255405,1,2021,2021,3,4,10,147,27,72,605,1,0,10,-33.830326,151.226499,49,0,2,1,3,0,0,0,3,2,7,60,2,5929,5929,1,0,5,2,0,0,0,1
1255406,1,2020,2020,2,3,5,98,27,609,136,0,1,10,-33.779719,150.92036,7,0,2,1,3,0,0,0,2,2,7,60,2,14295,14295,3,9,5,2,0,0,0,1
1255407,1,2021,2021,4,0,7,1052,14,36,928,0,1,3,-33.635555,151.147727,31,0,2,1,3,0,0,0,2,0,7,110,2,14295,14295,3,5,13,2,0,0,0,1
1255409,2,2021,2021,3,2,5,2209,17,133,2205,0,1,1,-34.496005,150.792829,80,0,2,1,3,0,0,3,2,0,7,50,1,5929,5929,1,5,0,2,0,0,1,0
1255410,2,2021,2021,3,1,5,38,31,246,64,0,1,1,-33.916794,151.194254,69,0,2,1,0,0,0,0,2,0,7,50,2,1383,1383,1,5,13,2,0,0,1,0
1255411,4,2021,2021,3,3,7,23,10,9,174,0,1,1,-32.964077,151.47891,17,1,0,0,1,0,0,0,2,0,7,90,2,515,515,1,16,19,2,0,1,0,1
1255413,2,2020,2020,9,5,8,2261,17,75,2252,0,1,10,-33.887982,151.115378,32,0,2,1,0,0,0,0,3,0,7,60,2,14295,14295,3,33,19,3,0,0,1,0
1255419,2,2021,2021,3,1,5,169,31,83,34609,0,1,2,-30.114044,153.193248,19,2,1,1,1,0,0,0,2,0,7,50,0,340,340,9,10,28,2,0,0,1,0
1255422,1,2021,2021,4,0,7,38,31,108,34609,0,1,1,-33.766105,151.266876,50,0,2,1,1,0,0,0,2,0,7,40,0,1981,1981,4,0,27,2,0,0,0,1
1255423,2,2021,2021,4,4,5,13,10,47,34609,0,1,9,-28.843967,153.4504,2,2,1,1,0,0,3,4,2,0,7,50,0,1259,985,1,5,0,3,0,0,1,0
1255424,4,2020,2020,9,3,7,1,34,8,34609,0,1,1,-33.306834,150.09787,40,2,1,0,0,2,3,0,2,0,7,50,0,2585,4009,8,16,40,1,0,1,0,0
1255425,4,2021,2021,4,5,3,2,27,224,34609,0,1,9,-33.818754,151.235257,45,0,2,1,0,0,0,0,2,0,7,50,0,5929,5929,1,5,27,2,0,1,0,0
1255427,1,2021,2021,4,4,8,168,10,387,260,0,1,2,-33.946103,151.172412,4,0,2,1,1,0,0,0,2,0,7,70,2,14295,14295,3,10,5,2,0,0,0,1
1255428,2,2021,2021,3,6,4,36,27,39,83,0,1,1,-29.432991,153.338422,18,2,1,1,0,0,3,4,2,0,7,50,1,941,941,1,0,5,2,0,0,1,0
1255433,4,2021,2021,4,4,7,43,2,40,42,0,1,10,-33.734602,150.963198,71,0,2,1,1,0,3,0,2,2,9,70,2,340,340,9,5,28,2,0,1,0,0
1255435,2,2021,2021,4,0,6,47,31,166,34609,0,1,7,-33.406415,149.574081,3,2,1,1,0,0,0,0,2,0,0,60,0,14295,14295,3,5,13,2,0,0,1,0
1255437,1,2021,2021,4,0,6,16,27,20,17,0,1,1,-35.050968,149.219652,82,1,0,0,0,0,0,0,2,0,7,100,1,3775,3775,0,5,5,2,0,0,0,2
1255439,4,2021,2021,4,2,6,24,1,609,115,0,1,10,-33.765544,150.911054,7,0,2,1,2,0,3,4,2,2,6,60,2,5929,5929,1,0,5,2,0,1,1,0
1255440,4,2021,2021,4,3,7,51,27,5,34609,0,1,9,-33.27467,151.549702,16,2,2,1,0,0,0,0,2,0,7,50,0,1259,985,8,16,40,1,0,1,0,0
1255441,4,2021,2021,3,0,4,85,10,73,702,0,1,2,-33.837046,151.084391,14,0,2,0,1,0,0,0,2,0,7,70,2,1850,1463,5,16,40,1,0,1,0,0
1255442,2,2021,2021,4,6,4,3371,17,49,3342,0,1,2,-33.197473,151.524743,16,2,2,1,0,0,0,0,2,0,7,80,2,14295,14295,3,10,5,2,0,0,1,0
1255446,2,2021,2021,3,4,6,3371,17,40,3342,0,1,2,-33.820148,151.184574,38,0,2,1,1,0,0,0,2,0,7,60,2,14295,14295,3,5,5,3,0,0,1,0
1255450,2,2021,2021,4,0,8,2,31,78,103,1,0,10,-28.330531,153.391571,72,2,1,1,3,0,0,0,2,0,15,50,1,6545,6545,4,5,0,2,0,0,1,0
1255451,2,2021,2021,4,5,5,89,36,68,81,0,1,1,-34.690984,148.827155,82,1,0,0,0,0,0,0,2,0,7,100,2,1850,1463,5,16,40,1,0,0,1,0
1255452,2,2021,2021,4,2,6,1,18,11,34609,0,1,1,-34.107189,141.918562,51,2,1,1,0,0,0,0,2,0,7,50,0,1945,1945,5,16,40,1,0,0,1,0
1255454,1,2021,2021,4,3,5,52,27,188,53,1,0,9,-33.941971,151.101361,25,0,2,1,0,0,0,0,2,0,6,50,1,515,515,1,0,27,2,0,0,0,1
1255458,2,2021,2021,3,6,10,12,31,143,34609,0,1,7,-33.881921,151.096398,9,0,2,1,2,0,0,0,0,0,0,50,0,9859,9859,8,21,40,1,0,0,1,0
1255461,2,2021,2021,4,4,3,37,27,85,115,0,1,9,-33.72125,151.148606,36,0,2,0,3,0,3,4,1,0,7,60,1,1957,4009,8,0,40,1,0,0,1,0
1255462,1,2021,2021,4,3,5,15,10,69,34609,0,1,1,-33.773118,150.968879,71,0,2,1,1,0,0,0,2,0,9,50,0,2040,2040,9,33,28,2,0,0,0,1
1255478,2,2020,2020,9,0,8,9,27,6,8,0,1,1,-34.479132,148.273063,30,1,0,0,0,0,0,0,3,0,7,100,1,418,714,5,21,40,1,0,0,2,0
1255499,2,2020,2020,9,3,6,26,1,137,34609,0,1,7,-33.917501,151.201891,69,0,2,1,0,0,0,0,2,0,0,40,0,14295,14295,3,30,5,2,0,0,1,0
1255500,2,2020,2020,2,4,6,1,7,95,34609,0,1,1,-34.390569,150.888913,80,0,2,0,0,0,0,0,2,0,7,50,0,312,312,2,5,40,1,0,0,1,0
1255502,4,2020,2020,9,0,8,112,27,151,256,0,1,2,-34.044043,150.829596,13,0,2,1,1,0,0,0,2,0,7,70,2,14295,14295,3,10,5,2,0,1,0,0
1255503,4,2020,2020,9,0,9,1,25,100,34609,0,1,9,-33.951274,151.153678,4,0,2,1,1,0,0,0,2,0,7,50,0,368,368,9,5,28,3,0,1,0,0
1255504,1,2020,2020,2,5,3,232,36,74,331,0,1,10,-34.020333,150.76111,12,0,2,1,1,0,0,0,2,2,7,80,2,14295,14295,3,10,5,2,0,0,0,1
1255505,2,2020,2020,2,5,6,916,17,32,917,0,1,1,-30.265913,151.679771,1,1,0,0,0,0,3,4,2,0,7,100,2,2585,4009,8,5,40,1,0,0,1,0
1255508,4,2020,2020,2,2,11,3371,17,90,3342,0,1,6,-28.24389,153.553969,72,1,0,1,2,0,3,4,0,0,7,110,2,9859,9859,8,5,40,1,0,1,0,1
1255509,4,2020,2020,2,5,7,361,32,460,42,0,1,9,-33.837017,150.992432,21,0,2,1,1,0,0,0,2,1,9,50,1,2040,2040,9,5,28,2,0,1,0,0
1255511,1,2020,2020,2,1,3,2,27,11,34609,0,1,1,-34.068297,142.048793,51,1,0,1,0,0,0,3,1,0,7,100,0,475,475,5,10,40,1,0,0,0,1