Crash ID,Degree of crash - detailed,Reporting year,Year of crash,Month of crash,Day of week of crash,Two-hour intervals,Street of crash,Street type,Town,Route no.,School zone location,School zone active,Type of location,Latitude,Longitude,LGA,Urbanisation,Conurbation 1,Alignment,Street lighting,Road surface,Surface condition,Weather,Natural lighting,Signals operation,Other traffic control,Speed limit,Road classification,RUM - code,DCA - code,First impact type,Key TU type,Other TU type,No. of traffic units involved,No. killed,No. seriously injured,No. moderately injured,No. minor-other injured
1255512,2,2020,2020,2,5,5,25,27,43,34609,0,1,1,-33.599866,150.876841,29,2,2,0,0,0,3,4,2,0,7,70,0,1259,5151,8,19,40,1,0,0,1,0
1255514,2,2020,2020,2,3,5,7,27,53,12,0,1,1,-32.436418,148.224244,51,1,0,1,0,0,0,0,2,0,7,110,1,1089,1089,7,16,40,1,0,0,1,0
1255515,4,2020,2020,2,4,4,344,27,168,382,0,1,10,-33.712057,150.841888,7,0,2,1,1,0,0,0,2,2,7,80,2,14295,14295,3,0,0,2,0,2,0,0
1255517,2,2020,2020,9,6,0,135,17,131,136,0,1,9,-36.081663,146.923589,0,2,1,1,2,0,0,0,0,2,9,60,2,3775,3775,0,5,13,2,0,0,2,0
1255518,4,2020,2020,2,3,7,17,31,91,96,1,0,1,-32.966147,151.643506,37,0,2,0,1,0,0,0,2,2,9,60,2,4552,5151,8,0,40,1,0,1,0,0
1255519,2,2021,2021,4,6,3,62,27,63,166,0,1,10,-33.2437,151.468672,16,2,2,1,3,0,3,3,2,2,7,70,2,14295,14295,3,10,5,2,0,0,1,0
1255520,4,2020,2020,2,4,7,62,10,55,169,0,1,7,-32.829554,151.531731,17,2,1,0,0,0,0,3,2,0,7,60,2,1850,985,5,29,40,1,0,1,0,0
1255521,2,2020,2020,2,6,5,9,27,74,12,0,1,1,-34.669732,148.045178,20,1,0,1,0,0,0,0,2,0,7,100,1,945,945,5,0,40,1,0,0,1,0
1255524,4,2020,2020,9,6,0,346,17,103,332,0,1,7,-28.811612,153.354217,39,2,1,1,2,0,3,3,0,0,0,60,2,14295,14295,3,33,19,2,0,1,0,0
1255527,4,2020,2020,2,3,3,3,27,6,34609,0,1,1,-28.310061,153.468821,72,2,1,1,0,0,0,0,2,0,7,80,0,14295,14295,3,22,19,16,0,2,4,10
1255528,1,2020,2020,2,0,8,168,17,19,212,0,1,1,-35.551156,149.99097,23,2,1,0,0,0,0,0,2,0,7,70,2,4552,5151,8,29,40,1,0,0,0,1
1255529,2,2021,2021,3,2,5,475,10,37,268,0,1,1,-33.864772,150.70897,55,0,2,0,3,0,0,0,2,0,7,60,2,1850,1463,5,16,40,1,0,0,1,0
1255533,4,2020,2020,2,1,3,78,17,34,75,0,1,8,-33.854043,151.20952,69,0,2,1,1,0,0,0,2,0,7,70,2,3775,3775,0,10,5,2,0,1,1,0
1255534,4,2020,2020,2,3,10,3371,17,53,3342,0,1,10,-32.926648,151.758205,48,0,2,1,2,0,0,0,3,2,7,60,2,6545,6545,4,22,5,2,0,1,0,0
1255535,2,2020,2020,2,2,6,11,1,337,30,0,1,10,-33.730092,151.008658,71,0,2,1,1,0,0,0,2,2,7,60,2,5929,5929,1,5,5,2,0,0,1,0
1255537,2,2021,2021,4,2,5,102,31,139,187,0,1,10,-33.874939,151.134384,32,0,2,1,3,0,0,0,2,2,7,60,2,1391,1391,1,5,0,2,0,0,1,0
1255543,1,2021,2021,4,0,6,4,31,104,34609,0,1,10,-33.832688,151.021919,54,0,2,1,3,0,0,0,2,0,15,50,0,301,301,4,0,0,2,0,0,0,2
1255547,2,2021,2021,3,4,7,7,27,62,34609,0,1,1,-33.742414,150.623517,8,2,2,1,3,0,3,4,2,0,7,50,0,9859,9859,1,5,0,3,0,0,1,0
1255552,4,2020,2020,2,6,2,25,27,2,143,0,1,1,-33.370831,149.599511,3,2,1,1,0,0,0,0,1,0,7,80,2,4026,4026,8,0,40,1,0,2,1,0
1255553,1,2020,2020,9,5,7,45,27,337,45,0,1,1,-33.731605,151.02113,31,0,2,1,1,0,0,0,2,0,7,60,2,1945,1945,5,16,40,1,0,0,0,1
1255554,4,2021,2021,4,2,8,16,27,316,120,0,1,9,-33.908825,151.245417,59,0,2,1,0,0,0,0,2,0,0,50,2,591,591,1,22,5,2,0,1,1,0
1255555,4,2020,2020,2,2,6,1052,14,207,928,0,1,3,-33.566555,151.192135,31,0,2,0,1,0,3,4,2,0,7,110,2,2585,4009,8,5,40,1,0,1,0,0
1255557,4,2021,2021,4,0,10,13,31,166,34609,0,1,10,-33.426225,149.580488,3,2,1,1,1,0,0,0,3,0,0,60,0,4552,985,1,5,13,2,0,1,0,0
1255558,4,2020,2020,9,1,7,10,31,163,74,0,1,1,-33.848013,151.096842,14,0,2,0,1,0,0,0,2,0,7,50,1,3775,3775,0,10,36,2,0,1,0,0
1255559,4,2021,2021,4,1,3,2126,17,94,2149,0,1,9,-33.774925,150.794012,55,0,2,1,1,0,0,0,2,2,7,60,2,2852,2852,4,10,13,2,0,1,0,1
1255560,4,2021,2021,3,4,5,512,17,562,441,0,1,1,-32.255935,148.620922,22,2,1,1,0,0,0,0,2,0,7,60,2,1383,1383,1,10,19,2,0,1,0,0
1255562,4,2021,2021,4,3,11,829,27,309,770,0,1,2,-33.814437,151.097888,61,0,2,1,0,0,0,0,0,0,7,60,2,1945,1945,5,16,40,1,0,1,0,0
1255564,4,2021,2021,4,2,4,32,27,6,34609,0,1,1,-34.50883,150.490468,78,2,1,0,0,0,0,0,2,0,7,60,0,418,714,5,16,40,1,0,1,0,0
1255567,4,2021,2021,4,1,11,9,31,179,34609,0,1,1,-31.914044,152.452266,43,2,1,1,2,0,3,4,0,0,7,50,0,9859,9859,1,5,5,3,0,2,0,0
1255568,2,2020,2020,2,4,8,829,27,149,770,0,1,2,-33.867317,151.175459,32,0,2,1,1,0,3,4,2,0,7,60,2,368,368,9,5,28,2,0,0,1,0
1255570,1,2021,2021,3,2,6,80,27,316,50,0,1,9,-33.906284,151.231141,59,0,2,1,3,0,3,4,2,2,7,60,2,217,217,1,30,5,2,0,0,0,1
1255571,2,2021,2021,3,1,5,16,31,161,115,0,1,9,-33.725922,151.157335,36,0,2,1,3,0,0,0,2,0,0,60,1,6545,6545,4,10,5,2,0,0,1,0
1255573,1,2021,2021,3,2,6,54,31,131,62,0,1,9,-33.785494,151.192419,77,0,2,1,3,0,3,4,2,0,7,60,2,5929,5929,1,10,36,2,0,0,0,1
1255576,2,2021,2021,3,5,6,24,36,49,56,0,1,1,-34.384349,147.500393,51,1,0,1,3,0,0,0,2,0,7,100,2,1981,1981,4,10,2,2,0,0,1,0
1255581,2,2021,2021,3,4,4,4,31,29,34609,0,1,10,-31.090759,150.936215,70,2,1,1,3,0,0,0,2,0,15,50,0,301,301,4,5,5,4,0,0,1,1
1255594,1,2021,2021,3,4,4,105,17,223,136,0,1,9,-33.806649,150.916503,7,0,2,0,3,0,0,0,2,2,7,60,2,1850,985,5,16,40,1,0,0,0,1
1255600,2,2020,2020,11,6,4,132,31,252,126,0,1,1,-33.891851,151.214976,69,0,2,1,1,0,0,0,2,0,7,50,2,14295,14295,3,22,0,2,0,0,1,0
1255603,4,2021,2021,3,5,6,9,23,22,34609,0,1,1,-34.500333,150.877729,80,0,2,1,1,0,0,0,2,0,7,60,0,9859,9859,1,5,13,2,0,1,1,0
1255604,2,2020,2020,2,5,10,2209,17,176,2205,0,1,10,-33.957114,151.137865,4,0,2,1,2,0,3,0,0,2,7,60,2,5929,5929,1,5,5,2,0,0,1,1
1255605,2,2021,2021,3,5,10,1,31,132,34609,0,1,1,-29.78367,151.105844,33,2,1,1,1,0,0,0,3,0,7,50,0,2040,2040,9,34,28,2,0,0,1,0
1255608,2,2021,2021,4,0,5,31,31,532,34609,0,1,4,-33.869154,151.21105,69,0,2,0,0,0,3,4,2,0,9,40,0,2040,2040,9,0,28,2,0,0,1,0
1255609,1,2021,2021,3,1,3,100,27,12,78,0,1,1,-33.556065,149.74241,51,1,0,1,0,0,0,0,2,0,7,100,2,945,945,5,34,40,1,0,0,0,1
1255612,1,2020,2020,2,2,7,16,27,10,17,0,1,1,-35.015091,149.101568,82,1,0,0,0,0,0,0,2,0,7,100,1,4552,5151,8,10,40,1,0,0,0,1
1255616,4,2021,2021,4,2,10,18,27,6,34609,0,1,7,-36.035385,146.920037,0,2,1,0,2,0,3,0,0,0,0,60,0,6545,6545,4,10,5,2,0,1,0,0
1255617,4,2021,2021,4,4,3,21,27,370,26,0,1,7,-34.055903,150.810316,13,0,2,1,1,0,0,0,1,0,0,60,1,6545,6545,4,9,19,2,0,1,0,0
1255619,4,2021,2021,4,6,8,149,36,40,113,0,1,9,-32.070707,152.481649,43,2,1,1,0,0,0,0,2,0,0,80,1,5929,5929,1,5,5,3,0,1,0,0
1255623,4,2020,2020,11,1,3,60,10,121,84,0,1,2,-28.201408,153.544125,72,2,1,1,1,0,0,0,2,0,2,60,1,1981,1981,4,21,27,2,0,1,0,0
1255624,1,2021,2021,3,4,5,481,17,4,483,0,1,1,-28.911426,150.132256,51,1,0,1,0,0,0,0,2,0,7,110,2,3775,3775,0,26,19,2,0,0,0,1
1255626,4,2021,2021,4,3,11,157,17,123,158,0,1,1,-33.87408,148.542618,51,1,0,0,0,0,0,0,0,0,7,100,2,782,957,5,5,40,1,0,2,0,0
1255627,4,2021,2021,3,6,8,485,27,323,769,0,1,2,-33.766189,150.996988,71,0,2,1,1,0,0,0,2,0,7,60,2,1220,1220,9,5,28,3,0,1,0,0
1255628,4,2021,2021,4,0,7,6,31,224,34,0,1,10,-33.830855,151.229789,49,0,2,1,1,0,0,0,2,0,15,50,1,6545,6545,4,5,19,2,0,1,0,0
1255629,2,2021,2021,3,0,4,35,31,173,34609,0,1,10,-33.878295,151.221415,69,0,2,1,0,0,0,0,2,2,9,40,0,2040,2040,9,5,28,2,0,0,1,0
1255633,1,2021,2021,3,2,6,52,27,188,140,0,1,1,-33.929483,151.098604,15,0,2,1,2,0,0,0,2,0,7,50,1,1192,1192,1,5,5,2,0,0,0,1
1255634,2,2021,2021,4,2,9,63,27,224,605,0,1,1,-33.803351,151.246141,45,0,2,1,3,0,0,0,2,0,7,60,2,14295,14295,3,10,13,3,0,0,1,0
1255635,4,2021,2021,3,4,4,29,1,293,34609,0,1,9,-33.922943,151.044586,15,0,2,1,3,0,0,0,2,0,7,50,0,4026,4026,1,0,5,2,0,1,0,0
1255636,2,2021,2021,3,3,7,2126,17,78,2149,0,1,2,-33.69885,150.572224,8,2,2,1,0,0,0,0,2,0,7,80,2,3775,3775,0,5,36,2,0,0,1,0
1255637,1,2021,2021,4,0,11,73,24,50,88,0,1,1,-33.711474,151.274211,50,0,2,1,3,0,3,4,0,0,7,80,2,1391,1391,1,5,0,2,0,0,0,1
1255641,4,2021,2021,3,5,4,500,27,106,799,0,1,9,-33.920779,151.098222,15,0,2,1,3,0,0,0,2,0,0,60,2,2852,2852,4,5,5,2,0,1,0,0
1255642,1,2021,2021,3,2,6,28,31,523,34609,0,1,9,-33.924393,150.92662,41,0,2,1,3,0,0,0,2,2,7,30,0,186,186,1,0,5,2,0,0,0,1
1255643,2,2021,2021,3,3,8,251,14,139,124,0,1,3,-33.835764,151.21126,49,0,2,1,0,0,0,0,3,0,7,80,2,1383,1383,1,15,5,2,0,0,1,0
1255644,1,2021,2021,3,5,8,9,27,42,34609,0,1,1,-33.734636,151.282199,50,0,2,0,3,0,0,0,2,0,7,50,0,77,77,1,10,25,2,0,0,0,1
1255646,2,2021,2021,3,1,7,4,27,10,34609,0,1,1,-29.559423,151.901835,51,1,0,0,3,0,0,0,2,0,7,100,0,404,404,8,10,40,1,0,0,1,0
1255648,1,2021,2021,4,4,5,89,17,82,34609,0,1,10,-34.373176,150.896903,80,0,2,1,3,0,0,0,2,2,7,50,0,14295,14295,3,5,36,2,0,0,0,1
1255649,4,2021,2021,3,3,9,69,31,646,563,0,1,9,-33.916509,151.041118,15,0,2,1,3,0,0,0,3,2,7,60,2,14295,14295,3,0,5,2,0,1,1,0
1255651,4,2021,2021,3,6,3,2209,17,35,2205,0,1,2,-34.053478,151.047694,68,0,2,1,3,0,3,0,2,0,7,80,2,4026,4026,8,5,40,1,0,1,0,0
1255653,2,2021,2021,3,4,9,119,31,283,34609,0,1,1,-33.835921,151.010912,21,0,2,1,0,0,0,0,2,0,9,50,0,2040,2040,9,5,28,2,0,0,1,0
1255655,2,2021,2021,4,0,11,6,27,51,34609,0,1,1,-33.264521,151.482419,16,2,2,1,0,0,3,4,0,0,7,50,0,190,190,1,5,13,3,0,0,1,0
1255658,2,2021,2021,3,0,9,2261,17,204,2252,0,1,9,-33.889722,151.131383,32,0,2,1,3,0,0,0,2,2,7,60,2,3775,3775,0,10,5,2,0,0,1,0
1255666,2,2021,2021,3,6,5,84,27,112,34609,0,1,1,-33.911101,150.932932,41,0,2,0,1,0,0,0,2,0,7,50,0,4552,5151,8,5,40,1,0,0,1,0
1255668,1,2021,2021,3,0,10,9,27,10,34609,0,1,7,-33.409941,149.551517,3,2,1,1,2,0,0,0,0,0,0,60,0,6545,6545,4,0,0,2,0,0,0,1
1255673,2,2021,2021,3,0,7,2,27,60,34609,0,1,10,-33.632404,150.286057,8,2,2,1,1,0,0,0,2,0,15,50,0,2852,2852,4,22,5,2,0,0,1,0
1255674,2,2021,2021,3,5,8,12,31,41,34609,0,1,1,-35.126619,147.343499,75,2,1,1,1,0,0,0,2,0,7,60,0,14295,14295,3,5,5,2,0,0,1,0
1255677,2,2020,2020,2,4,10,2,27,15,34609,0,1,1,-33.993419,151.041829,68,0,2,1,2,0,0,3,0,0,7,10,0,1282,1282,1,5,40,1,0,0,1,0
1255680,4,2021,2021,3,5,8,1,27,65,34609,0,1,1,-33.379193,151.359189,16,2,2,1,0,0,0,0,2,0,7,50,0,1945,1945,5,25,40,1,0,1,0,0
1255682,2,2020,2020,2,1,0,3371,17,65,3342,0,1,2,-30.417637,153.024887,19,1,0,1,0,0,0,0,0,0,7,110,2,4026,4026,8,5,40,1,0,0,1,0
1255689,4,2020,2020,9,3,6,2,31,167,34609,0,1,1,-33.84819,151.074859,54,0,2,1,0,0,0,0,2,0,7,50,0,312,312,2,16,40,1,0,1,0,0
1255690,4,2020,2020,2,5,9,4,31,135,34609,0,1,9,-32.906089,151.736942,48,0,2,1,2,0,0,0,2,0,7,50,0,312,312,2,5,40,1,0,1,0,0
1255693,2,2020,2020,9,1,4,19,31,18,34609,0,1,9,-28.862941,153.584697,2,2,1,1,3,0,0,0,2,0,7,50,0,1669,1669,3,10,0,2,0,0,1,0
1255696,2,2021,2021,3,4,3,475,10,523,268,0,1,9,-33.91854,150.916246,41,0,2,1,3,0,0,0,2,0,2,70,2,775,775,4,5,19,2,0,0,1,0
1255698,2,2021,2021,4,5,3,78,17,22,75,0,1,8,-33.858712,151.206609,69,0,2,1,1,0,0,0,2,0,7,70,2,1282,1282,1,5,5,2,0,0,1,1
1255700,2,2021,2021,3,3,8,3371,17,18,3342,0,1,2,-30.708463,152.935055,47,1,0,0,3,0,3,4,2,0,7,110,2,4552,5151,8,5,40,1,0,0,1,0
1255702,2,2021,2021,4,5,8,2261,17,243,2252,0,1,10,-33.950356,150.904431,41,0,2,1,3,0,0,0,2,2,6,70,2,5929,5929,1,5,5,2,0,0,1,1
1255705,1,2021,2021,3,2,0,7,27,144,34609,0,1,1,-34.044842,151.017298,68,0,2,0,0,0,3,4,0,0,7,50,0,1957,4009,8,5,40,1,0,0,0,1
1255706,1,2021,2021,3,4,5,57,36,17,769,0,1,9,-33.608807,150.799548,29,2,2,1,1,0,0,0,2,0,0,70,2,515,515,1,9,27,2,0,0,0,1
1255707,2,2021,2021,3,0,8,30,31,85,35,0,1,9,-34.585755,150.779393,62,0,2,1,3,0,0,0,2,0,0,70,1,2852,2852,4,5,0,2,0,0,2,0
1255708,2,2021,2021,3,4,8,478,17,10,480,0,1,10,-33.435841,151.344696,16,2,2,1,1,0,0,0,2,0,7,60,2,1220,1220,9,0,28,2,0,0,1,0
1255714,4,2020,2020,2,0,5,43,27,316,38,0,1,1,-33.902599,151.243206,59,0,2,1,1,0,0,0,2,0,7,50,1,387,387,1,22,41,2,0,1,0,0
1255716,2,2021,2021,3,2,6,2209,17,7,2205,0,1,1,-36.338409,150.032614,23,1,0,0,0,0,0,0,2,0,7,100,2,1850,1463,5,0,40,1,0,0,1,0
1255717,1,2021,2021,4,2,8,175,27,609,220,0,1,10,-33.763693,150.913072,7,0,2,1,2,0,0,0,2,2,7,70,2,5929,5929,1,5,5,2,0,0,0,1
1255718,4,2021,2021,3,6,7,35,27,109,96,0,1,9,-33.901403,151.131561,32,0,2,1,1,0,0,0,2,0,7,50,2,5929,5929,1,5,19,2,0,1,0,0
1255723,1,2020,2020,2,5,4,27,27,119,96,1,0,1,-33.871498,151.159816,32,0,2,1,1,0,0,0,2,0,7,50,2,1220,1220,9,5,28,2,0,0,0,1
1255726,2,2021,2021,4,6,3,478,17,58,480,0,1,9,-33.429456,151.2915,16,2,2,1,1,0,0,0,2,2,7,70,2,5929,5929,1,30,5,2,0,0,1,0
1255727,2,2021,2021,4,0,9,62,10,122,62,0,1,10,-33.427704,151.343979,16,2,2,0,1,0,0,0,2,0,15,50,2,6545,6545,4,0,5,2,0,0,2,0
1255728,2,2021,2021,4,6,11,3,31,33,34609,0,1,4,-33.721153,150.423309,8,2,2,0,2,0,3,4,0,0,7,50,0,1259,5151,8,0,40,1,0,0,1,0
1255734,1,2020,2020,2,1,9,344,27,168,382,0,1,9,-33.696903,150.830876,7,0,2,1,0,0,3,0,2,2,7,80,2,14295,14295,3,0,5,3,0,0,0,1
1255736,2,2020,2020,2,5,7,177,31,162,208,0,1,9,-33.857895,150.908691,24,0,2,1,0,0,3,4,2,0,15,60,1,2852,2852,4,5,5,2,0,0,1,0
1255743,2,2020,2020,11,3,7,500,27,129,799,0,1,1,-33.925701,151.085876,15,0,2,1,1,0,0,0,2,0,7,60,2,3775,3775,0,5,5,3,0,0,1,0
1255745,4,2020,2020,2,2,10,163,27,95,165,0,1,9,-33.736153,150.837149,7,0,2,1,2,0,3,4,0,2,9,60,1,591,591,1,22,41,2,0,1,0,0
1255750,2,2021,2021,3,1,10,44,27,89,38,0,1,9,-33.85886,150.891235,24,0,2,1,0,0,0,0,3,0,0,60,1,926,926,4,0,25,3,0,0,1,0
1255752,1,2021,2021,3,5,9,361,31,57,62,0,1,9,-32.825459,151.482776,17,2,1,1,0,0,3,4,0,0,0,50,2,2852,2852,4,0,25,2,0,0,0,2
1255753,1,2021,2021,3,6,5,1052,27,69,262,0,1,9,-32.90478,151.690537,48,0,2,1,1,0,0,0,2,2,7,60,2,1220,1220,9,5,28,2,0,0,0,1
1255754,4,2021,2021,4,5,11,7,1,145,37,0,1,7,-33.917348,151.119636,15,0,2,1,2,0,3,4,0,0,0,50,1,926,926,4,16,36,2,0,1,1,0
1255763,1,2021,2021,3,6,6,334,17,56,308,0,1,9,-31.457891,152.726122,56,2,1,0,0,0,0,0,2,0,0,50,2,4552,985,8,8,40,1,0,0,0,1
1255768,4,2020,2020,9,2,6,120,36,16,148,0,1,1,-30.408884,152.758709,6,1,0,0,0,0,0,0,2,0,7,100,2,1850,1463,5,16,40,1,0,1,0,0
1255770,1,2021,2021,3,4,6,89,31,532,34609,0,1,9,-33.864394,151.204764,69,0,2,1,0,0,0,0,2,2,9,40,0,2040,2040,9,33,28,2,0,0,0,1
1255771,2,2021,2021,4,2,9,9,31,562,34609,0,1,10,-32.25237,148.610356,22,2,1,1,0,0,0,3,2,0,0,50,0,6545,6545,4,30,5,2,0,0,1,0
1255777,4,2021,2021,3,0,2,175,27,24,220,0,1,10,-33.728178,150.923534,7,0,2,1,2,0,0,0,0,2,7,70,2,1192,1192,1,9,5,2,0,2,0,0
1255780,4,2021,2021,3,2,8,213,17,132,213,0,1,1,-29.774457,151.108869,33,2,1,1,0,0,0,3,2,0,7,50,2,3775,3775,0,5,0,2,0,1,0,1
1255783,1,2021,2021,4,2,7,234,27,112,217,0,1,1,-33.69599,151.028226,71,0,2,1,0,0,0,0,2,0,7,60,2,9859,9859,8,0,40,1,0,0,0,1
1255784,2,2021,2021,3,0,4,26,27,53,34609,0,1,1,-35.131802,147.342431,75,2,1,1,0,0,3,4,2,0,7,70,0,14295,14295,3,5,13,3,0,0,1,0
1255786,1,2021,2021,3,2,8,24,27,7,24,0,1,1,-28.311263,153.321894,72,2,1,1,0,0,0,0,3,0,7,80,1,9859,9859,8,5,40,1,0,0,0,1
1255788,2,2020,2020,11,1,11,74,23,100,260,0,1,9,-33.960953,151.156346,4,0,2,1,2,0,0,0,0,2,7,60,2,1220,1220,9,5,28,2,0,0,1,0
1255790,2,2021,2021,4,0,5,27,27,3,35,0,1,1,-28.667603,152.071393,51,1,0,1,0,2,0,0,2,0,7,100,1,9859,9859,8,9,40,1,0,0,1,0
1255792,1,2021,2021,3,1,8,72,14,123,71,0,1,3,-33.904429,151.214165,59,0,2,1,0,0,0,0,2,0,7,80,2,14295,14295,3,9,0,4,0,0,0,1
1255794,1,2021,2021,4,3,8,3,31,69,23,0,1,9,-28.553456,153.502335,10,2,1,0,1,0,0,0,2,0,7,50,1,186,186,9,22,26,2,0,0,0,1
1255795,2,2020,2020,9,0,4,33,27,33,154,0,1,10,-33.772965,150.874105,7,0,2,1,1,0,0,0,2,2,7,60,1,6545,6545,4,8,0,2,0,0,1,0
1255800,4,2021,2021,3,6,3,478,17,50,480,0,1,1,-33.249662,151.562665,16,2,2,0,0,0,0,0,2,0,7,80,2,2585,4009,8,0,40,1,0,1,0,0
1255801,1,2020,2020,2,0,3,36,27,43,38,0,1,9,-33.760332,151.245551,50,0,2,1,0,0,0,0,2,2,9,60,1,14295,14295,3,5,0,2,0,0,0,1
1255802,2,2021,2021,3,2,8,128,27,61,133,0,1,1,-33.775841,150.65825,55,0,2,0,0,0,3,4,2,0,7,80,2,4552,5151,8,5,40,1,0,0,1,0
1255803,2,2020,2020,2,5,9,2,27,19,34609,0,1,1,-33.209416,151.471088,16,2,2,1,0,2,0,0,2,0,7,60,0,1109,787,1,10,0,2,0,0,2,0
1255804,4,2020,2020,2,2,7,1052,14,118,928,0,1,3,-33.397932,151.296889,16,1,2,0,1,0,0,0,2,0,7,110,2,1282,1282,1,5,10,2,0,1,1,0
1255805,4,2021,2021,4,3,5,2,27,2,34609,0,1,1,-34.690092,150.787112,35,2,1,1,0,0,0,0,2,0,7,50,0,1192,1192,1,16,19,2,0,1,0,1
1255806,2,2021,2021,4,4,9,3,27,15,34609,0,1,1,-32.736368,151.692578,42,2,1,0,0,0,0,0,2,0,7,80,0,4552,5151,8,10,40,1,0,0,1,0
1255808,2,2021,2021,4,4,8,7,27,16,62,0,1,9,-36.414862,150.061284,5,2,1,0,0,0,0,0,2,0,7,50,1,5929,5929,1,5,36,2,0,0,1,0
1255811,1,2020,2020,2,6,8,149,36,43,81,0,1,1,-32.164967,152.493737,43,2,1,1,0,0,3,4,2,0,7,50,2,3775,3775,0,0,12,2,0,0,0,1
1255813,2,2021,2021,4,2,3,308,14,49,311,0,1,3,-33.915409,150.850702,41,0,2,1,1,0,0,0,2,0,7,100,2,9859,9859,8,10,40,1,0,0,1,0
1255815,2,2021,2021,4,6,8,31,31,169,34609,0,1,1,-28.643191,153.619666,10,2,1,1,1,0,0,0,2,0,7,50,0,340,340,9,5,28,2,0,0,1,0
1255816,1,2021,2021,3,4,4,153,27,188,147,0,1,10,-33.951043,151.09294,25,0,2,1,3,0,0,0,2,0,0,60,2,14295,14295,3,5,10,2,0,0,0,1
1255818,2,2021,2021,4,1,6,48,27,70,166,0,1,10,-33.258583,151.512895,16,2,2,1,1,0,0,0,2,0,7,50,2,1669,1669,3,5,5,2,0,0,1,0
1255819,4,2020,2020,10,6,6,1,10,2,34609,0,1,9,-32.695511,151.48515,42,2,1,1,1,0,0,0,2,0,7,50,0,1109,787,1,10,19,2,0,1,0,0
1255823,2,2020,2020,2,2,1,2209,17,24,2205,0,1,7,-34.925763,150.603695,63,2,1,1,2,0,0,0,0,0,0,70,2,945,945,5,10,40,1,0,0,1,0
1255824,4,2021,2021,4,2,10,17,27,3,34609,0,1,1,-34.747065,150.755108,35,2,1,1,0,0,3,4,0,0,7,80,0,4026,4026,8,30,40,1,0,1,0,0
1255825,4,2020,2020,2,5,6,55,27,151,160,0,1,9,-34.02179,150.851177,13,0,2,1,0,0,0,0,2,0,0,60,2,2852,2852,4,5,0,2,0,1,0,1
1255826,1,2021,2021,4,3,7,1,27,32,34609,0,1,1,-33.671596,150.979775,71,0,2,0,0,0,0,0,2,0,7,50,0,782,957,5,5,40,1,0,0,0,1
1255831,4,2021,2021,4,4,7,478,17,26,480,0,1,9,-33.276565,151.557991,16,2,2,1,1,0,3,4,2,0,15,60,2,2852,2852,4,30,5,2,0,1,1,1
1255836,4,2020,2020,2,0,7,2126,17,163,2149,0,1,2,-33.867907,151.09853,14,0,2,1,1,0,0,0,2,0,7,60,2,14295,14295,3,16,5,2,0,1,0,0
1255837,2,2021,2021,4,6,9,12,23,55,34609,0,1,9,-33.88596,151.275897,76,0,2,1,2,0,0,0,3,0,0,50,0,775,775,4,5,19,2,0,0,1,0
1255840,2,2020,2020,2,1,6,3371,17,225,3342,0,1,10,-33.799392,151.178923,77,0,2,1,0,0,0,0,2,2,8,60,2,3775,3775,0,0,0,3,0,0,1,1
1255843,1,2020,2020,2,4,6,36,27,43,38,0,1,7,-33.755945,151.243314,50,0,2,0,1,0,0,0,2,0,0,60,1,14295,14295,3,0,5,3,0,0,0,1
1255845,4,2020,2020,10,2,5,829,27,149,770,0,1,9,-33.869039,151.176397,32,0,2,0,1,0,0,0,2,2,7,60,2,14295,14295,3,9,0,2,0,1,0,0
1255849,4,2021,2021,3,5,7,3371,17,53,3342,0,1,9,-33.688468,151.107906,31,0,2,1,1,0,0,0,2,2,15,60,2,6545,6545,4,9,12,3,0,1,1,0
1255850,2,2021,2021,3,6,9,77,27,314,38,0,1,10,-33.837032,150.9254,21,0,2,0,1,0,0,0,2,2,7,60,2,6545,6545,4,0,22,2,0,0,1,0
1255852,2,2021,2021,4,5,6,12,1,134,34609,0,1,9,-33.979939,150.809662,12,0,2,1,1,0,0,0,2,0,7,50,0,9859,9859,1,0,13,2,0,0,1,0
1255856,2,2021,2021,4,5,5,2,27,194,34609,0,1,10,-30.527995,151.653031,1,2,1,1,0,0,0,0,2,0,0,50,0,6545,6545,4,30,27,2,0,0,1,0
1255858,2,2021,2021,3,4,11,193,27,64,94,0,1,9,-33.881302,151.0242,21,0,2,1,2,0,0,0,0,2,7,60,1,6545,6545,4,0,0,2,0,0,1,0
1255862,4,2021,2021,3,6,3,230,27,173,284,0,1,2,-33.775312,151.104978,61,0,2,1,2,0,3,3,2,0,7,70,2,515,515,1,5,19,2,0,1,0,0
1255863,4,2020,2020,2,2,11,17,31,136,32,1,0,9,-33.916996,151.078262,15,0,2,1,0,0,3,4,0,0,9,50,1,1220,1220,9,0,28,2,0,1,0,0
1255864,2,2020,2020,9,4,0,3,1,105,34609,0,1,1,-32.596829,149.597408,44,2,1,1,2,0,0,0,0,0,7,50,0,4552,985,8,5,40,2,0,0,1,0
1255869,2,2021,2021,3,3,10,7,27,61,34609,0,1,7,-33.829435,150.679506,55,0,2,1,2,0,0,0,0,0,0,60,0,4026,4026,8,16,40,1,0,0,2,0
1255870,4,2020,2020,2,6,7,39,31,370,256,0,1,10,-34.066683,150.819605,13,0,2,1,1,0,0,0,2,2,7,60,2,5929,5929,1,16,41,2,0,1,0,0
1255872,2,2021,2021,4,1,4,1104,14,460,962,0,1,3,-33.819133,150.982082,21,0,2,1,0,0,0,0,2,0,7,90,2,14295,14295,3,5,10,2,0,0,1,0
1255873,2,2021,2021,4,4,5,3371,17,57,3342,0,1,2,-32.988458,151.691255,37,0,2,1,1,0,3,4,2,0,7,60,2,14295,14295,3,5,5,2,0,0,2,0