Crash ID,Degree of crash - detailed,Reporting year,Year of crash,Month of crash,Day of week of crash,Two-hour intervals,Street of crash,Street type,Town,Route no.,School zone location,School zone active,Type of location,Latitude,Longitude,LGA,Urbanisation,Conurbation 1,Alignment,Street lighting,Road surface,Surface condition,Weather,Natural lighting,Signals operation,Other traffic control,Speed limit,Road classification,RUM - code,DCA - code,First impact type,Key TU type,Other TU type,No. of traffic units involved,No. killed,No. seriously injured,No. moderately injured,No. minor-other injured
1255876,4,2021,2021,3,1,10,35,27,32,34,0,1,1,-30.203137,151.648726,1,1,0,1,0,0,3,4,3,0,7,100,1,4026,4026,8,10,40,1,0,1,0,0
1255885,4,2020,2020,2,0,6,1,27,3,34609,0,1,1,-35.975429,148.046636,66,2,1,0,0,2,0,0,2,0,7,80,0,4552,5151,8,8,40,1,0,1,0,0
1255889,2,2021,2021,3,1,3,18,31,42,34609,0,1,9,-33.819366,151.19294,77,0,2,1,1,0,0,0,2,0,9,50,0,1945,1945,5,15,40,1,0,0,1,0
1255891,2,2021,2021,4,2,7,2126,17,445,2149,0,1,9,-33.851254,151.054543,21,0,2,1,1,0,0,0,2,0,7,60,2,2852,2852,4,9,13,2,0,0,2,0
1255893,1,2021,2021,3,3,7,39,31,193,145,0,1,10,-33.794978,151.071879,61,0,2,1,1,0,0,0,2,0,15,60,2,1669,1669,3,16,5,2,0,0,0,1
1255894,2,2021,2021,3,6,7,2,31,169,34609,0,1,10,-33.763294,150.840518,7,0,2,1,1,0,0,0,2,0,0,50,0,6545,6545,4,5,0,2,0,0,2,0
1255899,4,2021,2021,3,6,6,5,27,224,34609,0,1,9,-33.832979,151.245845,45,0,2,1,1,0,0,0,2,0,15,50,0,1945,1945,5,16,40,1,0,1,0,0
1255901,2,2021,2021,4,2,5,9,27,24,34609,0,1,1,-32.615177,151.876278,57,2,1,0,0,0,3,4,2,0,7,80,0,273,957,5,0,40,1,0,0,1,0
1255903,2,2021,2021,3,0,7,4,31,42,34609,0,1,1,-35.996849,146.391201,51,2,1,1,1,0,0,0,2,0,7,50,0,2040,2040,9,34,28,2,0,0,1,0
1255904,1,2021,2021,4,0,8,229,14,278,237,0,1,3,-33.759239,151.045166,54,0,2,1,1,0,3,4,2,0,7,100,2,1282,1282,1,0,13,2,0,0,0,1
1255905,2,2021,2021,3,0,6,3371,17,10,3342,0,1,2,-30.742885,152.918593,47,1,0,1,0,0,3,4,2,0,7,110,2,9859,9859,8,0,40,1,0,0,1,0
1255907,4,2020,2020,2,6,7,1,27,28,34609,0,1,7,-34.087379,150.8005,13,0,2,0,1,0,0,0,2,0,7,60,0,1259,5151,8,16,40,1,0,1,0,0
1255909,2,2021,2021,3,1,6,28,31,105,34609,0,1,1,-32.590587,149.585196,44,2,1,1,0,0,0,0,2,0,7,50,0,9859,9859,1,5,12,2,0,0,1,0
1255911,4,2021,2021,4,2,7,2,31,271,34609,0,1,1,-33.939344,151.010444,15,0,2,1,0,0,0,3,2,0,7,50,0,4026,4026,8,5,40,1,0,1,2,0
1255914,2,2021,2021,3,1,3,24,27,1,24,0,1,1,-34.858889,150.686577,63,2,1,1,1,0,0,0,2,0,7,80,1,9859,9859,8,0,40,1,0,0,1,0
1255916,1,2021,2021,4,3,7,115,27,138,114,0,1,1,-33.868151,151.277391,76,0,2,1,1,0,3,4,2,0,7,50,2,3775,3775,0,5,5,3,0,0,0,1
1255920,2,2021,2021,3,4,7,829,31,179,70,0,1,2,-31.907569,152.470438,43,2,1,1,0,0,0,0,2,0,7,60,1,1192,1192,1,10,5,2,0,0,1,0
1255921,4,2021,2021,3,5,8,829,27,159,770,0,1,2,-33.807207,151.085363,61,0,2,1,1,0,0,3,2,0,7,60,2,1945,1945,5,16,40,1,0,1,0,0
1255922,4,2021,2021,4,1,4,48,27,51,166,0,1,9,-33.253542,151.4936,16,2,2,1,1,0,0,0,2,2,9,50,2,775,775,4,5,5,2,0,3,0,0
1255931,2,2021,2021,3,0,5,3371,17,104,3342,0,1,9,-32.827963,151.684231,48,0,2,1,3,0,0,0,2,2,7,80,2,14295,14295,3,9,12,3,0,0,1,0
1255933,2,2021,2021,3,6,3,44,31,123,34609,1,0,10,-33.911519,151.220677,59,0,2,1,3,0,3,4,2,0,15,50,0,6545,6545,4,5,5,2,0,0,1,0
1255937,4,2020,2020,9,2,8,14,31,445,34609,0,1,6,-33.853251,151.04063,21,0,2,1,1,0,0,3,2,0,7,60,0,14295,14295,3,15,5,2,0,1,0,0
1255938,1,2021,2021,3,1,8,1104,14,26,962,0,1,3,-33.765609,150.660994,55,0,2,1,3,0,3,3,2,0,7,110,2,1192,1192,1,29,0,2,0,0,0,1
1255940,4,2021,2021,4,4,10,8,27,239,34609,0,1,9,-34.02612,151.125572,68,0,2,1,2,0,0,0,0,0,0,50,0,9859,9859,8,9,40,1,0,1,0,0
1255943,2,2021,2021,3,5,7,16,10,91,34609,0,1,9,-33.99411,150.903336,13,0,2,1,3,0,0,0,2,0,7,50,0,2852,2852,4,16,0,2,0,0,1,0
1255945,1,2021,2021,4,1,7,478,17,35,480,0,1,1,-33.269602,151.560401,16,2,2,1,3,0,0,3,2,0,7,60,2,9859,9859,8,5,40,1,0,0,0,1
1255949,1,2021,2021,3,2,5,169,27,137,54,0,1,9,-34.024531,151.055879,68,0,2,0,3,0,0,0,2,2,7,60,2,14295,14295,3,5,13,2,0,0,0,3
1255950,1,2021,2021,3,2,6,251,14,79,124,0,1,3,-33.825161,151.212213,49,0,2,1,3,0,0,0,2,0,7,80,2,14295,14295,3,5,5,2,0,0,0,1
1255951,1,2021,2021,3,0,8,3371,17,40,3342,0,1,9,-33.817501,151.181043,38,0,2,1,3,0,0,0,2,0,7,60,2,14295,14295,3,5,36,3,0,0,0,1
1255954,4,2021,2021,3,2,5,22,27,151,34609,0,1,2,-34.032498,150.84985,13,0,2,1,3,0,3,3,2,0,7,50,0,1981,1981,4,0,0,2,0,1,1,0
1255956,2,2021,2021,3,3,6,3371,17,104,3342,0,1,1,-32.839656,151.689078,48,0,2,1,3,0,0,0,2,0,7,80,2,14295,14295,3,0,0,3,0,0,1,0
1255960,1,2021,2021,4,2,4,24,31,237,44,0,1,9,-33.874897,150.954041,24,0,2,1,3,0,0,0,2,2,7,60,1,217,217,1,5,5,2,0,0,0,1
1255963,4,2021,2021,3,3,9,39,23,98,34609,0,1,1,-33.016361,151.59507,37,0,2,1,0,0,0,0,3,0,7,50,0,9859,9859,1,5,5,2,0,1,0,0
1255964,4,2020,2020,9,4,6,344,27,609,163,0,1,1,-33.763477,150.901381,7,0,2,1,1,0,2,6,2,0,7,60,2,9859,9859,8,5,40,1,0,2,0,0
1255965,2,2021,2021,3,3,11,28,27,104,34609,0,1,7,-33.795203,150.790146,55,0,2,1,1,0,0,0,0,0,0,50,0,14295,14295,3,5,5,2,0,0,2,0
1255967,1,2021,2021,3,5,10,11,10,134,181,0,1,2,-33.890654,151.251334,76,0,2,1,3,0,0,0,0,0,7,80,2,14295,14295,3,5,5,2,0,0,0,1
1255969,1,2021,2021,3,4,4,2,27,37,34609,0,1,1,-33.015164,151.672728,37,0,2,0,3,0,3,4,2,0,7,50,0,323,323,1,10,5,2,0,0,0,2
1255972,1,2021,2021,3,4,9,485,27,154,769,0,1,1,-33.71883,150.963066,71,0,2,1,3,0,3,4,2,0,7,60,2,14295,14295,3,0,0,2,0,0,0,1
1255977,2,2021,2021,3,3,3,205,27,50,415,0,1,9,-33.679476,151.264426,50,0,2,0,1,0,3,4,2,0,0,70,2,515,515,1,5,27,2,0,0,1,0
1255978,2,2021,2021,3,0,0,2126,17,283,2149,0,1,9,-33.830068,151.01068,54,0,2,1,2,0,0,0,0,2,7,60,2,775,775,4,19,10,2,0,0,1,0
1255979,4,2021,2021,4,0,8,1104,14,460,962,0,1,3,-33.822167,150.985481,21,0,2,1,1,0,3,4,2,0,7,90,2,4026,4026,8,16,40,1,0,1,0,0
1255981,4,2021,2021,4,0,7,92,31,83,34609,0,1,9,-33.916481,151.116378,15,0,2,1,0,0,0,0,2,0,7,50,0,2040,2040,9,34,26,2,0,1,0,0
1255984,2,2020,2020,2,1,11,55,36,6,43,0,1,1,-32.410008,150.381436,46,2,1,0,0,0,0,0,0,0,7,80,1,4552,5151,8,10,40,1,0,0,1,0
1255987,2,2021,2021,3,5,8,171,31,96,34609,0,1,10,-35.347913,149.230368,58,2,1,1,1,0,0,0,2,0,0,50,0,6545,6545,4,5,0,2,0,0,1,0
1255988,1,2020,2020,9,5,7,51,27,22,106,0,1,9,-33.927098,150.871738,41,0,2,1,1,0,0,0,2,2,7,70,2,14295,14295,3,5,0,4,0,0,0,2
1255990,4,2020,2020,2,3,9,7,27,11,34609,0,1,1,-30.639264,152.843302,47,1,0,0,0,0,0,0,2,0,7,100,0,1259,5151,8,0,40,1,0,1,0,0
1255991,2,2021,2021,3,3,9,27,36,11,34609,0,1,1,-30.039822,153.189339,19,2,1,0,0,0,3,4,0,0,7,80,0,4552,5151,8,5,40,1,0,0,1,0
1255993,1,2020,2020,2,2,7,85,27,72,145,0,1,9,-33.799094,151.054073,54,0,2,0,1,0,3,4,2,0,0,70,2,14295,14295,3,5,0,2,0,0,0,1
1255994,2,2021,2021,4,4,5,348,17,10,232,0,1,1,-32.343146,149.483731,44,1,0,0,1,0,0,0,2,0,7,100,2,4552,5151,8,0,40,1,0,0,1,1
1255999,4,2021,2021,3,1,5,5,27,106,34609,0,1,1,-28.846521,153.068995,60,1,0,0,0,0,3,4,2,0,7,100,0,1259,5151,8,10,40,1,0,1,0,0
1256001,2,2021,2021,4,3,6,14,27,87,34609,0,1,7,-34.048828,151.155057,68,0,2,1,1,0,0,0,2,0,0,50,0,623,623,3,22,5,2,0,0,1,0
1256005,2,2021,2021,4,4,3,2209,17,17,2205,0,1,1,-36.541263,149.825503,5,1,0,0,0,0,3,4,2,0,7,90,2,1957,4009,8,5,40,1,0,0,1,0
1256009,2,2021,2021,4,6,7,18,27,111,16,1,0,1,-33.91985,151.250102,59,0,2,1,1,0,0,3,2,0,7,50,1,387,387,1,16,5,2,0,0,1,0
1256017,4,2021,2021,4,2,9,1,27,20,34609,0,1,1,-31.082403,149.336206,51,2,1,1,0,2,0,0,3,0,7,50,0,1945,1945,5,0,40,1,0,1,0,0
1256019,4,2021,2021,3,6,4,9,27,10,34609,0,1,9,-31.098413,152.796014,34,2,1,0,0,0,3,3,2,0,0,80,0,2852,2852,4,5,5,2,0,1,0,0
1256020,1,2021,2021,4,6,9,147,27,104,605,0,1,2,-33.830216,151.218998,49,0,2,1,0,0,0,0,2,0,7,60,2,14295,14295,3,15,5,2,0,0,0,1
1256021,1,2021,2021,4,2,6,196,10,32,168,0,1,9,-33.927035,150.979508,15,0,2,1,3,0,0,0,2,2,7,60,2,14295,14295,3,21,13,3,0,0,0,1
1256022,1,2021,2021,3,2,7,63,17,5,63,0,1,1,-30.687877,141.916235,51,1,0,1,0,2,0,0,2,0,7,100,2,475,475,5,0,40,1,0,0,0,1
1256023,2,2020,2020,2,2,5,255,27,62,172,0,1,2,-32.926141,151.633978,37,0,2,1,1,0,0,0,2,0,7,60,2,1981,1981,4,5,27,3,0,0,1,0
1256024,1,2021,2021,3,4,7,45,27,134,40,1,2,9,-33.674578,150.870716,7,0,2,1,3,0,0,0,2,0,7,40,2,14295,14295,3,5,5,2,0,0,0,1
1256025,2,2021,2021,3,4,6,1,1,82,34609,0,1,1,-33.80025,151.262546,50,0,2,1,3,0,3,4,2,0,7,50,0,1109,787,1,0,0,2,0,0,1,0
1256027,4,2021,2021,3,4,4,5,27,85,34609,0,1,1,-33.899787,150.876668,41,0,2,1,1,0,0,0,2,0,7,50,0,1220,1220,9,33,28,2,0,1,0,0
1256028,2,2020,2020,2,6,7,1,18,10,34609,0,1,1,-33.437714,149.178866,51,2,1,0,0,2,0,0,2,0,7,50,0,4552,5151,8,10,40,1,0,0,1,0
1256031,2,2021,2021,4,0,8,48,31,104,605,0,1,9,-33.829849,151.215219,49,0,2,1,2,0,0,0,2,2,7,60,2,1192,1192,1,0,5,2,0,0,1,0
1256034,4,2021,2021,4,5,7,283,27,129,702,0,1,9,-33.939577,151.075549,15,0,2,1,1,0,0,0,2,2,7,60,2,14295,14295,3,5,12,2,0,1,0,1
1256035,2,2021,2021,4,0,8,149,36,40,113,0,1,9,-32.070707,152.481649,43,1,0,1,2,0,0,0,3,0,15,100,1,2852,2852,4,34,5,2,0,0,3,0
1256036,4,2021,2021,4,0,8,161,17,6,161,0,1,9,-35.323953,148.182718,66,1,0,1,0,0,3,4,2,0,0,100,2,2852,2852,4,0,13,2,0,1,0,0
1256038,2,2021,2021,4,6,4,8,36,10,34609,0,1,1,-34.047347,151.091263,68,0,2,0,0,0,0,0,2,0,7,50,0,3775,3775,0,5,12,2,0,0,1,1
1256039,2,2021,2021,3,1,7,149,27,294,198,0,1,2,-33.942022,150.942348,41,0,2,1,3,0,3,0,2,0,7,60,2,1391,1391,1,8,0,2,0,0,1,0
1256041,1,2021,2021,3,4,3,12,27,65,19,0,1,9,-33.702588,151.294551,50,0,2,1,3,0,0,0,2,0,7,50,1,1669,1669,3,9,5,2,0,0,0,1
1256045,1,2021,2021,3,4,8,61,27,232,70,0,1,10,-33.669495,150.915252,71,0,2,1,3,0,0,3,2,0,15,70,1,14295,14295,3,10,36,2,0,0,0,1
1256048,2,2021,2021,4,5,7,2126,17,609,2149,0,1,2,-33.801031,150.905184,7,0,2,0,3,0,0,0,2,0,7,80,2,4552,5151,8,0,40,1,0,0,1,0
1256055,1,2021,2021,3,5,5,27,27,54,65,0,1,1,-33.698014,151.001593,71,0,2,1,3,0,0,0,2,0,7,60,1,14295,14295,3,5,36,2,0,0,0,1
1256057,1,2021,2021,3,0,7,40,27,59,39,0,1,9,-33.180532,151.487442,37,0,2,1,3,0,0,0,2,0,7,60,1,14295,14295,3,9,13,2,0,0,0,1
1256060,2,2021,2021,4,4,6,32,27,164,34609,0,1,10,-33.728655,150.881433,7,0,2,1,3,0,0,0,2,2,7,50,0,5929,5929,1,5,13,2,0,0,1,1
1256062,2,2021,2021,3,4,3,916,17,165,917,0,1,9,-32.325971,150.944527,46,1,0,1,3,0,0,0,2,0,7,100,2,5929,5929,1,5,13,2,0,0,1,0
1256063,1,2020,2020,2,6,6,46,36,9,46,0,1,9,-32.699011,149.058027,22,1,0,0,3,0,0,0,2,0,0,100,1,3775,3775,0,0,13,2,0,0,0,1
1256064,1,2021,2021,3,5,7,19,1,59,34609,0,1,7,-33.978203,150.858002,13,0,2,1,3,0,0,0,2,0,0,60,0,5929,5929,1,0,13,2,0,0,0,1
1256065,2,2021,2021,4,0,6,10,31,82,34609,0,1,7,-31.079102,150.922182,70,2,1,0,1,0,0,0,2,0,0,50,0,4552,5151,8,5,40,1,0,0,1,0
1256068,4,2020,2020,2,6,8,485,27,323,769,0,1,9,-33.755666,150.989721,71,0,2,1,3,0,0,0,2,0,0,60,2,1957,777,8,5,40,1,0,1,0,0
1256071,1,2020,2020,9,1,4,70,27,84,34609,0,1,9,-33.816589,150.983089,21,0,2,1,3,0,0,0,2,0,7,50,0,515,515,1,0,0,2,0,0,0,1
1256072,1,2020,2020,2,1,7,2,31,82,34609,1,0,9,-34.366804,150.901127,80,0,2,1,3,0,0,0,2,0,15,50,0,301,301,4,5,5,2,0,0,0,1
1256073,4,2021,2021,3,2,11,15,27,147,34609,0,1,1,-33.755941,151.279656,50,0,2,1,3,0,0,0,0,0,7,50,0,9859,9859,1,5,5,3,0,1,0,0
1256077,1,2021,2021,3,0,5,2261,17,523,2252,0,1,9,-33.915265,150.920843,41,0,2,0,3,0,0,0,2,2,7,60,2,395,395,1,3,5,2,0,0,0,1
1256078,2,2021,2021,3,3,9,37,1,126,34609,1,0,10,-33.94656,150.802948,41,0,2,1,3,0,0,0,2,0,15,60,0,301,301,4,5,5,2,0,0,1,0
1256080,1,2021,2021,3,0,8,8,27,80,284,0,1,9,-33.812307,151.17274,38,0,2,1,3,0,0,0,2,0,0,60,2,515,515,1,0,27,2,0,0,0,1
1256081,1,2021,2021,3,4,6,2209,17,70,2205,0,1,9,-34.026812,151.084787,68,0,2,1,3,0,3,3,2,2,7,70,2,14295,14295,3,8,5,2,0,0,0,1
1256082,2,2020,2020,2,1,8,60,10,121,84,0,1,9,-28.200065,153.543967,72,2,1,1,0,0,0,0,2,2,7,60,1,5929,5929,1,5,0,2,0,0,2,0
1256113,2,2020,2020,2,4,9,14,31,48,34609,0,1,1,-28.250477,153.570363,72,2,1,1,0,0,0,0,3,0,7,50,0,9859,9859,1,5,5,4,0,0,1,0
1256114,2,2020,2020,2,4,8,500,27,106,799,0,1,9,-33.921552,151.096409,15,0,2,1,1,0,0,0,2,0,7,60,2,1669,1669,3,16,0,2,0,0,1,0
1256115,4,2020,2020,2,4,5,866,27,247,34609,0,1,7,-33.819013,150.94862,21,0,2,1,0,0,0,0,2,0,0,50,0,926,926,4,22,5,2,0,1,0,0
1256116,4,2020,2020,2,1,6,2126,17,323,2149,0,1,9,-33.791725,150.866921,7,0,2,1,1,0,0,0,2,2,7,80,2,14295,14295,3,3,19,4,0,1,1,0
1256127,4,2020,2020,2,4,3,74,23,49,260,0,1,9,-33.969569,151.152407,4,0,2,1,1,0,0,0,2,0,7,60,2,1192,1192,1,9,27,2,0,1,0,0
1256128,4,2020,2020,2,6,4,31,24,61,36,0,1,1,-33.758645,151.121909,36,0,2,0,1,0,3,4,2,0,7,60,1,3775,3775,0,5,5,2,0,1,0,0
1256129,2,2020,2020,2,0,7,41,10,117,84,0,1,6,-28.1829,153.537518,72,2,1,0,3,0,3,4,2,0,7,60,1,1957,4009,8,5,40,1,0,0,1,0
1256131,4,2020,2020,2,3,4,17,27,90,34609,0,1,1,-33.795557,150.928248,7,0,2,1,1,0,0,0,2,0,7,50,0,4026,4026,1,5,12,2,0,1,0,0
1256133,2,2020,2020,2,6,8,3371,17,12,3342,0,1,2,-28.653969,153.548039,10,1,0,1,3,0,0,0,2,0,7,110,2,475,475,5,0,40,2,0,0,1,0
1256134,4,2020,2020,2,3,6,55,36,7,43,0,1,9,-32.388428,150.481771,46,2,1,0,2,0,0,3,2,0,7,80,1,782,957,5,16,40,1,0,1,0,0
1256135,2,2020,2020,2,5,9,89,27,15,34609,0,1,1,-32.8274,151.067708,64,1,0,1,0,0,3,3,2,0,7,100,0,9859,9859,8,30,40,1,0,0,1,0
1256136,2,2020,2020,2,1,7,16,10,30,15,0,1,1,-33.197258,151.582565,16,2,2,1,1,0,0,0,2,0,7,50,2,9859,9859,1,5,0,2,0,0,1,0
1256137,4,2020,2020,2,3,0,346,17,24,332,0,1,1,-28.810827,153.365038,39,2,1,0,0,0,3,4,0,0,7,80,2,1259,5151,8,0,40,1,0,1,0,0
1256138,1,2020,2020,2,3,7,3,27,16,34609,0,1,1,-35.84987,144.993278,51,2,1,0,0,0,0,0,2,0,7,60,0,2585,4009,8,16,40,1,0,0,0,1
1256139,1,2020,2020,2,4,7,1,1,10,34609,0,1,9,-32.66749,152.178344,43,2,1,1,1,0,0,0,2,0,0,50,0,515,515,1,10,27,2,0,0,0,1
1256140,4,2020,2020,2,1,8,916,17,165,917,0,1,1,-32.291605,150.933482,46,1,0,0,0,0,0,3,2,0,7,100,2,14295,14295,3,5,13,2,0,1,0,0
1256141,2,2020,2020,2,5,10,3,27,2,34609,0,1,1,-29.602224,151.245214,33,1,0,0,0,2,0,3,3,0,7,100,0,418,714,5,0,40,1,0,0,1,1
1256142,4,2020,2020,2,0,8,74,23,149,260,0,1,1,-33.988174,151.146853,4,0,2,1,1,0,0,0,2,0,2,60,2,1981,1981,4,5,5,3,0,1,0,0
1256144,2,2021,2021,3,6,6,294,17,215,288,0,1,10,-35.117632,147.359933,75,2,1,1,1,0,0,0,2,0,0,60,2,6545,6545,4,5,13,2,0,0,1,0
1256145,2,2020,2020,2,5,4,105,27,84,34609,1,2,1,-33.885354,150.951148,24,0,2,1,1,0,0,0,2,0,9,40,0,2040,2040,9,5,28,2,0,0,1,0
1256146,2,2020,2020,2,6,4,2,31,96,34609,0,1,10,-33.381437,148.006839,51,2,1,1,1,0,0,0,2,0,0,50,0,6545,6545,4,0,5,2,0,0,1,0
1256149,2,2020,2020,2,4,1,2,31,29,34609,0,1,1,-35.133971,147.322935,75,2,1,1,2,0,0,0,0,0,7,50,0,4026,4026,8,5,40,1,0,0,1,0
1256150,2,2020,2020,2,3,4,1104,11,532,770,0,1,6,-33.87362,151.202431,69,0,2,0,0,0,3,4,2,0,7,50,2,4552,5151,8,21,40,1,0,0,1,0
1256151,2,2020,2020,2,1,9,2261,17,41,2252,0,1,9,-35.003876,148.111956,20,1,0,1,1,0,3,4,2,0,0,110,2,2852,2852,4,30,36,2,0,0,1,0
1256154,1,2021,2021,3,3,2,346,17,8,332,0,1,1,-28.883385,153.209653,39,1,0,1,3,0,0,1,1,0,7,100,2,4026,4026,8,5,40,1,0,0,0,1
1256155,1,2021,2021,3,2,6,220,27,187,222,0,1,2,-33.789625,150.977311,54,0,2,1,3,0,3,4,2,0,7,80,2,1282,1282,1,33,5,3,0,0,0,1
1256158,2,2021,2021,3,6,8,5,10,93,34609,0,1,1,-33.419501,149.601545,3,2,1,1,1,0,0,0,2,0,7,50,0,1981,1981,4,10,5,2,0,0,1,0
1256159,2,2020,2020,2,6,7,125,27,108,123,0,1,7,-33.32423,151.427669,16,2,2,1,3,0,0,0,2,0,0,50,2,9859,9859,8,10,40,1,0,0,1,0
1256162,4,2020,2020,2,3,5,14,1,167,34609,0,1,9,-33.845086,151.060407,54,0,2,1,1,0,0,0,2,2,8,60,0,1981,1981,4,0,5,2,0,1,0,0
1256165,2,2021,2021,7,4,2,11,10,179,34609,0,1,1,-31.888619,152.445117,43,2,1,1,3,0,0,1,0,0,7,60,0,9859,9859,1,0,8,2,0,0,1,0
1256168,1,2021,2021,3,2,8,175,27,104,220,0,1,10,-33.728194,150.923707,7,0,2,1,1,0,0,0,2,2,7,70,2,14295,14295,3,5,13,3,0,0,0,1
1256169,4,2020,2020,2,6,11,7,27,433,34609,0,1,1,-33.234669,149.103416,52,1,0,1,0,0,0,0,0,0,7,100,0,4026,4026,8,5,40,1,0,2,0,0
1256170,2,2021,2021,3,4,1,103,36,14,103,0,1,1,-32.48266,151.949965,43,1,0,1,1,0,0,0,0,0,7,90,1,1089,1089,7,5,40,1,0,0,1,0
1256173,2,2021,2021,3,5,5,37,1,198,29,0,1,1,-33.90781,151.100698,15,0,2,1,0,0,0,0,2,0,7,50,1,1981,1981,4,30,5,4,0,0,1,0
1256174,2,2020,2020,2,4,6,481,17,10,483,0,1,1,-31.456701,148.991512,51,1,0,0,3,0,3,4,2,0,7,100,2,782,957,5,9,40,1,0,0,1,0
1256178,2,2021,2021,7,5,4,171,31,273,34609,0,1,7,-34.420345,150.898516,80,0,2,1,1,0,0,0,2,0,0,50,0,6545,6545,4,5,20,2,0,0,2,0
1256180,4,2021,2021,4,1,4,2209,17,77,2205,0,1,9,-33.92579,151.15952,32,0,2,1,0,0,0,0,2,0,7,60,2,9859,9859,8,16,40,1,0,1,0,0
1256181,4,2020,2020,2,4,8,171,31,187,34609,0,1,1,-33.789015,150.996009,54,0,2,1,1,0,0,0,2,0,7,50,0,312,312,2,0,40,1,0,1,0,0
1256182,2,2020,2020,2,6,11,5,27,17,34609,0,1,1,-34.903167,150.630986,63,2,1,1,2,0,3,4,0,0,7,50,0,9859,9859,8,5,40,1,0,0,1,0
1256183,2,2021,2021,3,3,7,34,27,53,34609,0,1,10,-35.133351,147.361138,75,2,1,1,1,0,0,0,2,0,15,50,0,6545,6545,4,0,13,2,0,0,1,0
1256185,4,2020,2020,2,5,6,28,27,5,62,0,1,1,-36.595697,149.985938,5,2,1,1,0,0,0,0,2,0,7,80,1,323,323,1,16,0,2,0,1,0,0
1256186,1,2021,2021,3,6,5,296,27,460,293,0,1,2,-33.840063,150.999205,21,0,2,1,3,0,0,0,2,0,7,70,2,14295,14295,3,10,5,2,0,0,0,1
1256187,1,2020,2020,2,3,7,11,27,69,34609,0,1,1,-28.536928,153.471067,10,2,1,1,0,0,0,3,2,0,7,80,0,9859,9859,8,5,40,1,0,0,0,1
1256189,2,2021,2021,3,4,8,2,27,5,34609,0,1,1,-32.105449,152.281943,43,2,1,1,0,0,0,0,2,0,7,80,0,121,121,9,33,28,2,0,0,1,0
1256190,4,2020,2020,2,3,4,168,10,100,260,0,1,9,-33.956076,151.158007,4,0,2,1,1,0,0,0,2,0,0,60,2,4026,4026,8,5,40,1,0,1,0,0
1256192,4,2020,2020,2,1,7,22,27,2,34609,0,1,1,-32.61502,149.755471,44,1,0,0,1,0,0,0,2,0,7,100,0,4552,5151,8,10,40,1,0,1,0,0
1256196,2,2020,2020,2,0,4,3371,17,28,3342,0,1,9,-31.835839,152.614283,43,1,0,1,0,0,0,0,2,0,0,100,2,1945,1945,5,22,40,1,0,0,1,0
1256197,4,2021,2021,4,6,9,17,23,53,34609,0,1,1,-33.843317,150.967997,21,0,2,1,2,0,3,4,0,0,7,50,0,9859,9859,8,0,40,1,0,1,0,0
1256203,2,2021,2021,4,0,8,3371,17,16,3342,0,1,9,-31.295237,152.820831,56,1,0,1,0,0,0,0,2,0,7,110,2,418,777,5,5,40,1,0,0,1,0
1256207,2,2021,2021,3,5,5,4,27,31,34609,0,1,9,-34.018451,150.832876,13,0,2,0,1,0,0,3,2,0,0,50,0,5929,5929,1,5,36,2,0,0,2,0
1256208,2,2021,2021,3,6,9,475,10,42,268,0,1,9,-33.91256,150.904842,41,0,2,1,3,0,0,0,0,2,7,70,2,14295,14295,3,34,5,2,0,0,1,0
1256209,1,2021,2021,3,3,4,84,10,10,80,0,1,11,-34.229684,150.98202,80,0,2,1,3,0,0,0,2,0,7,60,2,323,323,1,16,36,2,0,0,0,1
1256210,1,2021,2021,7,1,5,1,1,14,34609,0,1,1,-36.389963,148.651787,65,2,1,1,3,0,0,0,2,0,7,50,0,186,186,1,0,5,2,0,0,0,1
1256217,4,2020,2020,2,0,8,48,10,19,121,0,1,10,-31.416341,152.849781,56,2,1,0,0,0,3,3,2,0,0,80,1,1669,1669,3,5,5,2,0,1,0,0
1256218,2,2021,2021,7,4,7,2126,17,136,2149,0,1,9,-33.858328,151.069225,21,0,2,1,3,0,0,0,2,2,7,60,2,1192,1192,1,5,5,2,0,0,1,0
1256221,1,2021,2021,3,0,8,2126,17,218,2149,0,1,10,-33.76996,150.773492,55,0,2,1,3,0,0,0,2,3,7,60,2,14295,14295,3,10,36,2,0,0,0,1
1256224,2,2020,2020,1,2,7,63,27,224,605,0,1,2,-33.806357,151.246667,45,0,2,1,3,0,0,0,2,0,7,60,2,14295,14295,3,5,5,2,0,0,1,0
1256225,1,2021,2021,7,5,7,2,27,18,34609,0,1,1,-34.265604,146.226166,28,1,0,1,3,0,0,0,2,0,7,100,0,945,945,5,3,40,1,0,0,0,1
1256229,1,2021,2021,3,1,4,220,14,130,220,0,1,3,-34.455411,150.85708,80,0,2,1,3,0,0,3,2,0,7,100,2,14295,14295,3,5,5,2,0,0,0,1
1256230,1,2021,2021,3,6,4,69,31,445,59,0,1,9,-33.865707,151.047775,21,0,2,1,3,0,0,0,2,0,7,60,1,1109,787,1,21,5,2,0,0,0,1
1256231,2,2021,2021,7,1,3,51,27,57,63,0,1,7,-34.570876,150.823154,62,0,2,1,3,0,0,0,2,0,0,60,2,1391,1391,1,30,0,2,0,0,1,1
1256233,1,2021,2021,3,6,9,84,27,61,415,0,1,9,-33.773305,151.135385,36,0,2,1,3,0,0,0,2,2,7,70,2,14295,14295,3,10,0,2,0,0,0,1