Crash ID,Degree of crash - detailed,Reporting year,Year of crash,Month of crash,Day of week of crash,Two-hour intervals,Street of crash,Street type,Town,Route no.,School zone location,School zone active,Type of location,Latitude,Longitude,LGA,Urbanisation,Conurbation 1,Alignment,Street lighting,Road surface,Surface condition,Weather,Natural lighting,Signals operation,Other traffic control,Speed limit,Road classification,RUM - code,DCA - code,First impact type,Key TU type,Other TU type,No. of traffic units involved,No. killed,No. seriously injured,No. moderately injured,No. minor-other injured
1256236,2,2020,2020,9,6,5,1,27,17,34609,0,1,1,-33.542597,147.778701,51,1,0,1,3,0,0,0,2,0,7,100,0,1945,1945,5,5,40,1,0,0,1,0
1256238,4,2021,2021,4,0,8,22,27,59,34609,0,1,1,-33.16358,151.396733,37,0,2,0,3,2,0,0,3,0,7,60,0,418,777,5,16,40,1,0,1,0,0
1256239,1,2021,2021,3,0,7,2209,17,74,2205,0,1,2,-34.434818,150.862346,80,0,2,1,3,0,0,0,2,0,7,60,2,623,623,3,5,5,2,0,0,0,1
1256244,4,2021,2021,3,3,9,1,27,144,34609,0,1,9,-34.04379,151.028979,68,0,2,0,1,0,0,0,2,0,7,50,0,1109,787,1,10,19,2,0,1,0,0
1256248,2,2021,2021,4,2,6,2261,17,80,2252,0,1,2,-33.95974,150.885083,13,0,2,1,3,0,0,0,2,0,7,70,2,14295,14295,3,0,0,2,0,0,1,0
1256250,2,2021,2021,4,4,5,21,31,157,34609,0,1,7,-33.803187,151.013273,54,0,2,1,3,0,0,0,2,0,7,50,0,6545,6545,4,0,5,2,0,0,1,0
1256252,2,2021,2021,3,0,7,29,27,42,30,0,1,7,-33.895813,150.867828,41,0,2,1,1,0,0,0,2,0,0,60,1,5929,5929,1,16,5,2,0,0,1,0
1256255,2,2021,2021,3,0,5,28,27,94,34609,0,1,1,-33.785348,150.790575,55,0,2,1,1,0,3,4,2,0,7,50,0,1945,1945,5,16,40,1,0,0,1,0
1256256,2,2021,2021,4,2,7,230,27,80,284,0,1,9,-33.811644,151.167809,38,0,2,1,0,0,0,0,2,0,15,60,2,256,256,4,5,27,2,0,0,1,0
1256257,4,2021,2021,3,5,5,3,1,309,34609,0,1,9,-33.79718,151.111659,61,0,2,1,1,0,0,0,2,0,7,50,0,1109,787,1,5,25,2,0,1,0,0
1256260,2,2020,2020,2,6,3,100,27,323,100,0,1,9,-33.796983,150.853447,7,0,2,1,1,0,0,0,2,2,7,70,2,926,926,4,8,5,2,0,0,1,0
1256263,4,2021,2021,4,2,6,3,27,2,34609,0,1,1,-31.995736,148.396784,51,1,0,1,0,2,0,0,2,0,7,100,0,9859,9859,8,5,40,1,0,1,0,0
1256264,2,2021,2021,4,2,0,283,27,91,702,0,1,9,-33.965683,151.094594,25,0,2,1,2,0,0,0,0,2,9,60,2,2852,2852,4,5,19,2,0,0,1,0
1256269,4,2021,2021,4,5,2,3371,17,58,3342,0,1,9,-32.791425,151.724769,57,2,1,1,2,0,0,0,1,2,7,80,2,5929,5929,1,5,2,2,0,1,0,1
1256270,4,2021,2021,4,5,8,11,3,72,54,0,1,2,-34.023708,151.008934,68,0,2,1,0,0,0,0,2,0,7,80,2,14295,14295,3,16,13,2,0,1,0,0
1256271,2,2021,2021,4,6,5,43,31,104,117,1,0,9,-32.912461,151.704705,48,0,2,1,3,0,0,0,2,0,7,60,2,1669,1669,3,10,40,2,0,0,1,0
1256273,4,2021,2021,4,3,10,17,31,119,34609,0,1,1,-32.763155,151.739677,57,2,1,1,2,2,0,3,0,0,7,50,0,368,368,9,5,28,2,0,1,0,0
1256282,1,2021,2021,3,3,6,73,18,174,34609,0,1,9,-33.893289,151.214059,69,0,2,1,1,0,0,0,2,0,7,40,0,515,515,1,5,27,2,0,0,0,1
1256285,2,2020,2020,2,4,7,171,27,143,34609,0,1,1,-33.885542,151.095602,9,0,2,1,1,0,3,3,2,0,7,50,0,1109,787,1,16,5,2,0,0,1,0
1256287,1,2021,2021,3,4,5,34,27,225,69,0,1,9,-33.796588,151.169992,77,0,2,1,1,0,0,0,2,0,7,50,2,6545,6545,4,5,5,4,0,0,0,1
1256288,1,2021,2021,4,4,6,126,1,226,144,0,1,9,-33.773833,150.815628,7,0,2,1,1,0,3,3,2,2,7,60,2,2852,2852,4,5,5,2,0,0,0,1
1256289,2,2021,2021,7,5,7,3371,17,21,3342,0,1,2,-31.636511,152.725574,56,1,0,0,0,0,0,0,2,0,7,110,2,1957,4009,8,0,40,1,0,0,1,0
1256291,4,2020,2020,2,4,3,3,27,224,21,0,1,1,-33.84576,151.239851,45,0,2,0,1,0,0,0,2,0,7,50,1,1850,1463,5,22,40,1,0,1,0,0
1256293,2,2021,2021,3,3,11,2261,17,243,2252,0,1,10,-33.940616,150.91229,41,0,2,1,2,0,3,0,0,2,7,70,2,5929,5929,1,5,5,2,0,0,2,0
1256294,2,2021,2021,3,3,3,42,10,24,172,0,1,1,-32.878993,151.563308,37,0,2,0,0,0,3,3,1,0,7,80,2,2585,4009,8,5,40,1,0,0,1,0
1256298,4,2021,2021,3,4,5,55,36,5,35,0,1,1,-32.634125,150.03583,44,2,1,0,0,0,0,0,2,0,7,80,1,4552,5151,8,16,40,1,0,1,0,0
1256310,4,2021,2021,3,4,6,30,27,187,94,0,1,1,-33.880799,150.982012,15,0,2,1,1,0,0,0,2,0,7,60,1,1669,1669,3,0,5,3,0,1,1,0
1256315,2,2021,2021,4,0,8,7,31,50,34609,0,1,1,-33.623427,151.325952,50,0,2,1,1,0,0,0,2,0,7,60,0,175,188,1,9,0,2,0,0,1,0
1256316,2,2021,2021,3,4,7,8,31,215,34609,0,1,9,-35.099847,147.366994,75,2,1,1,1,0,0,0,2,0,7,60,0,5929,5929,1,5,0,2,0,0,1,1
1256317,4,2021,2021,3,3,6,18,24,66,34609,0,1,2,-33.717805,150.91913,7,0,2,1,1,0,0,0,2,2,7,60,0,5929,5929,1,30,13,2,0,2,0,2
1256321,1,2020,2020,2,0,7,387,36,115,69,0,1,10,-33.745719,151.222475,50,0,2,1,1,0,0,0,2,1,7,70,2,623,623,3,8,41,2,0,0,0,1
1256322,2,2020,2020,10,4,9,127,27,182,169,0,1,9,-32.831612,151.35801,17,2,1,1,1,0,0,0,2,2,7,60,2,1669,1669,3,10,5,2,0,0,2,0
1256323,4,2021,2021,7,5,4,196,10,24,168,0,1,10,-33.961517,150.981775,15,0,2,1,1,0,0,0,2,2,9,60,2,1220,1220,9,5,28,2,0,1,0,0
1256324,2,2021,2021,3,6,3,149,10,346,702,0,1,2,-33.880175,151.068747,67,0,2,1,1,0,0,0,2,0,7,70,2,1945,1945,5,16,40,1,0,0,1,0
1256326,2,2020,2020,2,5,9,2126,17,27,2149,0,1,1,-33.58075,150.237806,8,2,2,0,1,0,3,4,3,0,7,60,2,4552,5151,8,5,40,1,0,0,1,0
1256327,2,2021,2021,7,5,7,30,27,46,34609,0,1,1,-33.292818,151.397177,16,2,2,1,1,0,0,0,2,0,7,80,0,1669,1669,3,10,36,2,0,0,1,0
1256332,2,2021,2021,3,1,8,3371,17,15,3342,0,1,2,-29.474045,153.205156,18,1,0,1,0,0,0,0,2,0,7,110,2,9859,9859,8,0,40,1,0,0,1,0
1256334,2,2020,2020,2,2,10,43,27,18,46,0,1,1,-28.329644,153.568883,72,2,1,1,2,0,0,0,0,0,7,50,1,1220,1220,9,5,28,2,0,0,2,0
1256335,2,2021,2021,3,3,4,18,27,14,34609,0,1,1,-32.474025,151.989445,43,1,0,0,0,0,3,3,2,0,7,100,0,1850,1463,5,16,40,1,0,0,1,0
1256338,4,2020,2020,2,4,8,1,23,609,34609,0,1,9,-33.762265,150.891953,7,0,2,1,0,0,0,0,2,0,7,50,0,1945,1945,5,16,40,1,0,1,0,0
1256340,2,2020,2020,2,1,1,5,27,38,34609,0,1,1,-34.136078,150.71142,79,2,2,1,0,0,0,0,0,0,7,80,0,9859,9859,8,0,40,1,0,0,1,0
1256342,1,2021,2021,3,4,5,67,27,225,68,0,1,9,-33.801487,151.189258,77,0,2,1,0,0,3,4,2,0,7,50,1,1850,985,5,15,40,1,0,0,0,1
1256343,2,2021,2021,7,6,5,169,31,39,42,0,1,9,-31.067386,152.819073,34,2,1,1,1,0,0,3,2,0,7,50,1,395,395,1,0,5,2,0,0,2,0
1256345,2,2021,2021,3,0,6,162,31,91,172,0,1,10,-32.97158,151.649964,37,0,2,1,1,0,0,0,2,2,7,60,2,5929,5929,1,0,36,2,0,0,2,0
1256346,4,2021,2021,3,4,4,7,31,232,34609,0,1,1,-33.682431,150.91721,71,0,2,1,1,0,0,0,2,0,7,50,0,5929,5929,1,5,5,2,0,1,0,0
1256348,2,2021,2021,3,2,5,14,27,5,34609,0,1,9,-34.011683,150.645815,79,2,2,1,0,0,3,4,2,0,7,80,0,3775,3775,0,34,25,2,0,0,1,0
1256349,2,2021,2021,3,4,3,22,27,55,34609,0,1,1,-33.853145,151.27599,81,0,2,0,1,0,0,0,2,0,7,50,0,1109,787,1,10,27,2,0,0,1,0
1256351,4,2021,2021,3,6,5,515,14,109,518,0,1,3,-33.960812,150.875729,41,0,2,1,1,0,3,4,2,0,7,100,2,14295,14295,3,29,10,4,0,1,0,0
1256352,2,2021,2021,3,5,7,51,10,104,34609,0,1,7,-33.796687,150.778456,55,0,2,1,1,0,3,3,2,0,0,50,0,6545,6545,4,0,19,2,0,0,1,0
1256354,2,2021,2021,4,1,9,82,27,84,181,0,1,10,-33.894679,151.268652,76,0,2,1,1,0,0,0,2,2,7,50,2,1945,1945,5,22,40,1,0,0,1,0
1256355,2,2021,2021,4,3,3,37,27,140,34609,0,1,2,-33.903738,151.00097,15,0,2,1,1,0,0,0,2,0,7,70,0,475,475,5,21,40,1,0,0,1,0
1256356,4,2021,2021,3,1,10,21,31,562,4,0,1,9,-32.242102,148.589959,22,2,1,1,2,0,3,4,0,0,0,60,1,2852,2852,4,0,19,2,0,1,0,0
1256357,2,2021,2021,3,4,7,8,31,107,34609,0,1,1,-29.692177,152.937842,18,2,1,1,1,0,0,0,2,0,7,50,0,14295,14295,3,0,5,2,0,0,3,0
1256359,2,2021,2021,3,6,3,1104,14,85,962,0,1,3,-33.775411,150.673566,55,0,2,1,1,0,0,0,2,0,7,110,2,14295,14295,3,29,13,3,0,0,1,0
1256360,2,2020,2020,2,3,8,10,31,87,34609,0,1,1,-34.055665,151.151732,68,0,2,0,0,0,0,0,2,2,9,50,0,1220,1220,9,5,28,2,0,0,1,0
1256362,2,2021,2021,3,6,7,23,27,9,34609,0,1,9,-32.911596,151.732684,48,0,2,0,1,0,0,0,2,0,0,50,0,6545,6545,4,0,27,2,0,0,1,0
1256363,2,2021,2021,3,5,4,5,1,239,34609,0,1,9,-34.044101,151.123446,68,0,2,1,0,0,0,0,2,0,7,50,0,591,591,1,22,5,2,0,0,1,0
1256365,4,2021,2021,3,0,7,204,27,246,34609,0,1,2,-33.914409,151.191799,69,0,2,1,0,0,0,0,2,0,8,50,0,3775,3775,0,22,27,2,0,1,0,0
1256366,2,2021,2021,3,3,6,43,27,56,87,0,1,2,-34.4478,150.875208,80,0,2,1,1,0,0,0,2,0,7,80,2,1945,1945,5,16,40,1,0,0,1,0
1256367,4,2021,2021,4,1,6,65,31,609,115,0,1,2,-33.774384,150.902301,7,0,2,1,0,0,0,0,2,0,7,60,2,1282,1282,1,5,0,2,0,1,0,1
1256368,2,2020,2020,2,4,5,334,17,3,308,0,1,1,-31.477013,152.663138,56,2,1,0,0,0,3,4,2,0,7,80,2,3775,3775,0,33,5,2,0,0,1,1
1256369,4,2021,2021,3,3,6,45,27,304,96,0,1,9,-33.910192,151.162986,32,0,2,1,0,0,0,0,2,0,0,60,2,5929,5929,1,5,19,2,0,1,0,0
1256371,1,2021,2021,3,2,10,18,31,273,34609,0,1,1,-34.426244,150.894397,80,0,2,1,2,0,0,0,0,0,7,50,0,941,941,1,0,5,5,0,0,0,1
1256372,2,2020,2020,2,0,9,1,1,36,34609,0,1,1,-33.792735,151.024244,54,0,2,1,1,0,0,0,2,0,7,50,0,1669,1669,3,5,5,3,0,0,1,1
1256373,4,2020,2020,2,1,10,68,31,363,14,0,1,10,-33.816489,151.00117,54,0,2,1,2,0,3,0,0,2,7,50,2,2040,2040,9,5,28,5,0,2,1,1
1256375,1,2020,2020,2,2,2,9,27,10,40,0,1,1,-33.467765,149.186414,51,1,0,0,0,0,0,0,0,0,7,100,2,4552,5151,8,0,40,1,0,0,0,1
1256376,2,2020,2020,2,6,4,9,27,81,34609,0,1,1,-33.878434,151.259468,81,0,2,0,0,0,0,0,2,0,7,50,0,1109,397,1,5,5,2,0,0,1,0
1256379,2,2021,2021,4,0,10,67,27,100,68,0,1,1,-33.806371,151.166734,38,0,2,1,2,0,0,0,0,0,7,50,1,3775,3775,0,5,13,2,0,0,1,0
1256380,2,2020,2020,2,5,8,12,31,49,34609,0,1,1,-34.449278,147.54555,51,2,1,1,1,0,0,0,2,0,7,50,0,237,162,8,30,40,1,0,0,1,0
1256383,2,2020,2020,2,6,6,829,31,173,34609,0,1,0,-33.878472,151.221375,69,0,2,1,1,0,0,0,2,0,7,40,0,387,387,1,22,12,2,0,0,1,0
1256385,1,2020,2020,2,4,0,111,27,7,233,1,0,1,-33.979288,151.236686,59,0,2,1,2,0,3,4,0,0,7,60,1,9859,9859,8,5,40,1,0,0,0,1
1256387,2,2020,2020,2,1,5,475,31,44,27,0,1,10,-33.970115,151.115871,25,0,2,1,0,0,0,0,2,2,7,60,1,5929,5929,1,5,5,2,0,0,1,1
1256389,2,2021,2021,3,3,6,54,27,70,34609,0,1,9,-33.977225,151.10038,25,0,2,1,3,0,0,0,2,0,0,50,0,6545,6545,4,5,5,2,0,0,2,0
1256390,2,2021,2021,4,4,10,387,27,204,331,0,1,10,-33.942239,151.132672,4,0,2,1,3,0,3,4,0,2,7,60,2,6545,6545,4,5,36,2,0,0,2,0
1256391,2,2021,2021,3,4,8,13,27,95,34609,0,1,9,-34.395564,150.898848,80,0,2,1,1,0,0,0,2,0,15,50,0,6545,6545,4,0,36,2,0,0,1,0
1256392,2,2021,2021,3,2,7,916,17,32,917,0,1,9,-32.642644,151.233711,64,2,1,0,1,0,0,0,2,0,15,80,2,489,489,8,0,40,1,0,0,1,0
1256401,4,2020,2020,2,0,9,1,10,53,34609,0,1,1,-33.926698,150.84584,41,0,2,0,1,0,0,0,2,0,7,50,0,1850,1463,5,16,40,1,0,1,0,0
1256403,1,2021,2021,3,0,3,20,27,62,31,0,1,9,-33.759598,151.26715,50,0,2,1,1,0,0,0,2,0,7,50,1,2852,2852,4,5,5,2,0,0,0,2
1256406,2,2021,2021,4,2,10,916,17,3,917,0,1,2,-32.655349,151.314989,64,1,0,1,0,0,0,0,0,0,7,100,2,9859,9859,8,10,40,1,0,0,1,0
1256408,2,2020,2020,9,3,1,15,31,53,34609,0,1,1,-33.80178,151.056129,54,0,2,1,2,0,3,4,0,0,7,50,0,238,238,9,5,28,2,0,0,1,0
1256409,2,2021,2021,3,5,8,2209,17,32,2205,0,1,7,-34.573449,150.82245,62,0,2,0,1,0,0,0,2,0,0,60,2,5929,5929,1,0,5,2,0,0,1,0
1256411,1,2021,2021,3,5,4,14,27,56,34609,0,1,9,-33.857098,151.183267,32,0,2,1,1,0,0,0,2,0,0,40,0,775,775,4,33,27,2,0,0,0,1
1256412,4,2021,2021,4,0,8,84,27,252,31,0,1,7,-33.944199,150.882141,41,0,2,1,3,0,0,0,2,0,0,60,1,6545,6545,4,5,0,2,0,1,0,0
1256415,2,2021,2021,4,3,4,294,17,4,288,0,1,1,-35.056884,147.022457,75,1,0,0,0,0,0,0,2,0,7,100,2,2585,4009,8,5,40,1,0,0,1,0
1256416,2,2021,2021,3,3,9,2,27,7,34609,0,1,1,-32.883997,151.315939,17,2,1,1,1,2,0,0,2,0,7,60,0,9859,9859,8,10,40,1,0,0,1,0
1256417,4,2020,2020,2,5,8,56,27,130,80,0,1,9,-33.873968,151.19241,69,0,2,1,1,0,0,0,2,2,7,40,2,5929,5929,1,5,5,2,0,1,1,0
1256419,1,2021,2021,3,6,11,8,27,5,34609,0,1,1,-33.364714,149.111385,52,2,1,1,0,0,0,0,0,0,7,80,0,475,475,5,16,40,1,0,0,0,1
1256426,4,2021,2021,3,2,9,2,27,9,34609,0,1,1,-31.013013,152.994399,34,2,1,0,0,0,3,4,2,0,7,80,0,2585,4009,8,5,40,1,0,1,0,0
1256427,2,2021,2021,4,6,4,46,27,148,43,0,1,9,-36.035122,146.923458,0,2,1,1,0,0,0,0,2,0,0,60,1,775,775,4,30,27,2,0,0,1,0
1256428,2,2021,2021,3,0,8,1,2,9,34609,0,1,10,-33.825136,151.077787,54,0,2,1,1,0,0,0,2,0,0,50,0,6545,6545,4,5,22,2,0,0,1,0
1256432,4,2021,2021,4,0,10,3,27,47,34609,0,1,1,-28.813006,153.444337,2,2,1,1,0,0,0,0,0,0,7,80,0,1089,1089,7,16,40,1,0,1,0,0
1256433,4,2021,2021,4,6,10,19,27,2,34609,0,1,1,-33.106172,151.546275,37,0,2,1,0,0,0,0,0,0,7,60,0,312,312,2,16,40,1,0,1,0,0
1256437,2,2021,2021,3,6,2,11,27,29,25,0,1,1,-33.480933,151.434149,16,2,2,0,0,0,0,0,0,0,7,50,1,1089,1089,7,22,40,1,0,0,1,0
1256438,4,2021,2021,4,3,7,6,27,23,172,0,1,1,-32.996454,151.634467,37,0,2,0,1,0,0,0,2,0,7,60,2,4552,5151,8,5,40,1,0,1,0,0
1256439,2,2021,2021,4,6,6,51,27,69,63,0,1,9,-34.554053,150.854461,62,0,2,1,3,0,0,0,2,2,7,70,2,14295,14295,3,5,0,3,0,0,2,0
1256440,2,2021,2021,4,0,6,481,17,562,483,0,1,1,-32.234947,148.611094,22,2,1,1,0,0,0,0,2,0,7,60,2,14295,14295,3,10,5,2,0,0,1,0
1256442,2,2021,2021,4,2,7,39,27,57,147,0,1,1,-28.635648,153.565669,10,2,1,0,0,0,3,3,2,0,7,80,1,1259,5151,8,5,40,1,0,0,1,0
1256443,2,2021,2021,3,6,10,61,27,232,70,0,1,10,-33.669495,150.915252,71,0,2,1,3,0,0,0,0,0,7,70,1,5929,5929,1,5,0,2,0,0,1,0
1256448,4,2021,2021,4,2,6,3371,1,8,34609,0,1,1,-33.899673,151.270879,76,0,2,0,1,0,0,3,2,0,7,50,0,121,121,9,16,28,4,0,2,0,0
1256450,1,2020,2020,6,6,7,79,27,46,159,0,1,2,-33.937084,151.113808,4,0,2,0,3,0,3,4,2,0,7,60,2,14295,14295,3,30,5,2,0,0,0,1
1256451,2,2021,2021,3,2,6,512,17,433,441,0,1,1,-33.173206,149.013017,11,1,0,0,0,0,0,0,2,0,7,100,2,273,957,5,5,40,1,0,0,1,0
1256454,1,2021,2021,3,1,3,84,10,39,80,0,1,9,-34.322552,150.91337,80,0,2,0,3,0,0,0,2,0,7,50,2,14295,14295,3,9,5,2,0,0,0,1
1256457,4,2021,2021,4,2,6,515,14,188,518,0,1,3,-33.93668,151.106092,15,0,2,0,0,0,0,0,2,0,7,80,2,1383,1383,1,29,5,2,0,1,0,0
1256465,1,2021,2021,4,3,7,111,27,102,233,0,1,7,-33.975681,151.236712,59,0,2,1,3,0,0,0,2,0,0,60,1,1945,1945,5,16,40,1,0,0,0,1
1256468,1,2021,2021,3,6,7,118,27,646,34609,0,1,9,-33.917236,151.032944,15,0,2,0,3,0,0,0,2,2,7,40,0,14295,14295,3,0,5,2,0,0,0,1
1256469,1,2021,2021,4,4,4,866,17,157,793,1,0,9,-33.788512,151.026082,54,0,2,1,3,0,0,0,2,2,7,60,2,14295,14295,3,9,25,2,0,0,0,1
1256471,1,2021,2021,3,5,8,69,31,646,563,0,1,9,-33.916509,151.041118,15,0,2,1,3,0,0,0,2,2,7,60,2,14295,14295,3,30,5,2,0,0,0,1
1256478,2,2021,2021,7,0,3,65,27,187,34609,0,1,9,-33.796298,150.990168,54,0,2,1,3,0,0,0,2,0,0,50,0,1981,1981,4,30,5,2,0,0,1,0
1256479,1,2021,2021,3,3,7,5,27,21,34609,0,1,1,-33.642913,151.109519,31,0,2,0,3,0,0,0,2,0,7,50,0,1282,1282,1,5,5,2,0,0,0,1
1256482,2,2021,2021,3,0,6,9,10,61,40,0,1,1,-35.906778,150.12701,23,2,1,0,3,0,0,0,2,0,7,80,1,1957,4009,8,5,40,1,0,0,1,0
1256488,4,2021,2021,3,6,4,118,27,646,118,0,1,10,-33.925304,151.030594,15,0,2,1,3,0,0,0,2,0,0,60,1,6545,6545,4,5,13,2,0,1,1,0
1256490,2,2020,2020,2,6,8,5,27,12,7,0,1,9,-33.378279,150.012921,40,1,0,1,3,0,0,0,4,0,7,100,1,1669,1669,3,5,13,2,0,0,2,0
1256492,2,2021,2021,3,0,9,4,27,9,34609,0,1,1,-32.176254,149.414737,44,1,0,0,3,2,0,0,2,0,7,100,0,1957,4009,8,0,40,1,0,0,1,0
1256494,4,2021,2021,7,6,8,8,27,5,34609,0,1,9,-29.256569,149.154796,51,1,0,1,0,2,0,0,2,0,7,100,0,9859,9859,8,10,40,1,0,1,0,0
1256495,2,2021,2021,3,2,5,24,1,609,115,0,1,2,-33.765121,150.907098,7,0,2,0,0,0,0,0,2,0,7,60,2,2585,4009,8,5,40,1,0,0,1,0
1256501,1,2021,2021,7,1,3,2261,17,92,2252,0,1,3,-33.98961,150.852635,13,0,2,1,1,0,0,0,1,0,7,110,2,14295,14295,3,29,0,2,0,0,0,1
1256502,2,2021,2021,3,2,10,23,27,136,101,0,1,7,-32.934305,151.712592,48,0,2,0,2,0,0,0,0,2,0,60,2,1850,1463,5,16,40,1,0,0,1,0
1256504,2,2021,2021,4,3,7,46,27,219,34609,0,1,2,-32.890173,151.664751,48,0,2,1,1,0,0,0,2,0,7,60,0,186,186,9,16,28,2,0,0,1,0
1256509,2,2020,2020,2,0,7,2261,17,201,2252,0,1,3,-33.986674,150.856057,13,0,2,1,0,0,0,0,2,0,7,110,2,1192,1192,1,8,35,3,0,0,1,0
1256510,2,2021,2021,3,3,9,6,31,53,6,0,1,10,-30.64234,153.002782,47,2,1,1,1,0,0,0,2,0,0,40,1,6545,6545,4,5,5,2,0,0,1,0
1256515,1,2021,2021,3,6,4,191,31,60,34609,0,1,1,-33.822407,151.137279,51,0,2,1,1,0,0,0,2,0,7,50,0,340,340,9,0,28,2,0,0,0,1
1256516,2,2021,2021,3,4,8,213,17,8,213,0,1,10,-29.65409,150.829777,33,2,1,1,0,0,3,3,2,0,0,50,2,6545,6545,4,10,2,2,0,0,1,0
1256517,2,2021,2021,3,5,3,16,27,28,34609,0,1,1,-31.805339,152.595125,43,2,1,0,0,0,3,4,1,0,7,80,0,782,957,5,5,40,1,0,0,1,0
1256520,1,2021,2021,3,0,5,23,27,53,36,0,1,1,-35.204007,149.352339,58,1,0,1,0,0,0,0,2,0,7,90,1,9859,9859,8,5,40,1,0,0,0,1
1256521,1,2021,2021,3,3,5,95,27,42,605,0,1,1,-33.653599,151.322126,50,0,2,1,0,0,0,0,2,0,7,50,2,14295,14295,3,5,0,2,0,0,0,1
1256527,2,2021,2021,4,1,8,25,27,65,208,0,1,1,-33.860806,150.899429,24,0,2,1,1,0,0,0,2,2,7,50,1,1981,1981,4,5,5,2,0,0,2,0
1256528,4,2021,2021,4,1,9,2,22,112,34609,0,1,1,-33.60686,150.817194,29,2,2,0,1,0,0,0,2,0,7,50,0,3775,3775,0,16,5,3,0,1,0,0
1256531,2,2021,2021,4,1,8,9,27,1,34609,0,1,1,-33.293913,142.969548,51,1,0,1,0,2,3,3,2,0,7,100,0,1945,1945,5,16,40,1,0,0,1,0
1256533,2,2021,2021,4,5,7,27,36,8,27,0,1,9,-31.352339,149.830887,51,1,0,1,0,0,0,0,2,0,7,100,1,782,985,5,10,40,1,0,0,2,1
1256534,4,2021,2021,3,6,8,77,31,163,69,0,1,1,-33.865343,151.104764,14,0,2,1,3,0,0,0,2,0,7,60,2,1282,1282,1,34,5,2,0,1,0,0
1256535,2,2020,2020,9,6,8,30,27,120,154,0,1,2,-33.743563,150.869678,7,0,2,1,3,0,0,0,2,0,7,60,1,14295,14295,3,10,5,2,0,0,1,0
1256542,1,2021,2021,3,4,10,194,31,363,34609,0,1,1,-33.818648,151.003798,54,0,2,1,3,0,0,0,0,0,7,40,0,14295,14295,3,5,5,2,0,0,0,1
1256543,1,2021,2021,7,1,3,57,1,193,145,0,1,10,-33.792301,151.082853,61,0,2,1,3,0,0,0,1,3,7,60,2,1391,1391,1,5,5,2,0,0,0,1
1256547,1,2021,2021,3,6,6,73,27,387,140,0,1,9,-33.921491,151.18423,4,0,2,0,3,0,0,3,2,2,7,60,2,1391,1391,1,5,35,2,0,0,0,1
1256550,2,2021,2021,3,0,8,15,27,26,18,0,1,1,-31.170492,152.937119,34,1,0,0,3,0,3,3,2,0,7,100,1,2585,4009,8,0,40,1,0,0,1,0
1256551,2,2021,2021,4,2,5,77,10,40,331,0,1,7,-34.222305,150.593735,79,2,2,1,3,0,0,0,2,0,0,50,1,395,395,1,16,0,2,0,0,2,0
1256564,1,2021,2021,7,6,4,1,1,85,34609,0,1,10,-33.802131,150.680529,55,0,2,1,3,0,0,0,2,0,0,50,0,6545,6545,4,0,5,2,0,0,0,1
1256569,1,2021,2021,3,6,10,230,27,84,284,0,1,10,-33.781673,151.113469,61,0,2,1,3,0,0,0,0,2,7,70,2,14295,14295,3,0,0,2,0,0,0,1
1256573,2,2021,2021,4,4,10,109,27,169,34609,1,0,1,-33.767208,150.840525,7,0,2,1,2,0,0,0,3,0,7,50,0,1109,787,1,0,5,2,0,0,1,0
1256576,2,2021,2021,3,2,0,42,10,78,39,0,1,7,-34.47411,150.832764,80,0,2,1,2,0,0,3,0,0,0,70,1,2585,777,8,5,40,1,0,0,1,0
1256580,2,2021,2021,4,6,9,28,1,126,34609,0,1,10,-33.932247,150.805817,41,0,2,1,0,0,3,4,3,0,15,60,0,926,926,4,0,0,2,0,0,1,1
1256581,2,2021,2021,3,4,4,1,27,6,34609,0,1,9,-30.903634,153.062513,34,2,1,1,0,0,0,3,2,0,0,80,0,2852,2852,4,10,27,2,0,0,1,0
1256583,4,2021,2021,3,4,7,34,1,443,34609,1,2,1,-33.91093,151.059433,15,0,2,1,1,0,0,0,2,0,7,40,0,1220,1220,9,5,28,2,0,1,0,0
1256587,1,2021,2021,3,4,4,12,27,173,10,0,1,2,-33.779526,151.11573,61,0,2,1,0,0,0,0,2,0,7,50,1,14295,14295,3,5,5,3,0,0,0,1
1256592,2,2021,2021,7,4,6,16,31,169,382,0,1,10,-33.601883,150.753396,29,2,2,1,1,0,0,0,2,2,7,60,2,5929,5929,1,5,5,2,0,0,1,0
1256593,2,2021,2021,7,6,3,2209,17,12,2205,0,1,1,-35.298943,150.429385,63,1,0,1,0,0,0,0,2,0,7,100,2,3775,3775,0,5,10,2,0,0,1,0
1256594,4,2021,2021,4,4,10,78,27,284,61,0,1,10,-33.897221,151.021362,15,0,2,1,2,0,3,4,0,2,7,60,1,6545,6545,4,10,5,2,0,1,0,0
1256595,4,2021,2021,4,1,8,5,10,6,34609,0,1,9,-32.949037,151.643001,37,0,2,0,1,0,0,0,2,0,7,50,0,4552,5151,8,16,40,1,0,1,0,0
1256597,4,2021,2021,4,0,2,2209,17,10,2205,0,1,7,-34.650385,150.851726,35,2,1,1,0,0,0,0,1,0,0,60,2,4026,4026,8,5,40,1,0,1,0,0
1256599,4,2021,2021,3,0,4,68,27,278,67,0,1,1,-33.76974,151.037755,54,0,2,1,1,0,3,4,2,0,7,60,1,3775,3775,0,5,40,2,0,1,1,0
1256601,2,2021,2021,3,2,6,866,17,110,793,0,1,2,-33.751228,151.049067,31,0,2,0,1,0,0,0,2,0,7,70,2,14295,14295,3,5,5,2,0,0,1,0
1256603,4,2021,2021,3,3,9,4,27,18,34609,0,1,1,-31.163724,150.978603,70,2,1,1,0,2,0,0,2,0,7,60,0,945,945,5,10,40,1,0,2,2,0