Crash ID,Degree of crash - detailed,Reporting year,Year of crash,Month of crash,Day of week of crash,Two-hour intervals,Street of crash,Street type,Town,Route no.,School zone location,School zone active,Type of location,Latitude,Longitude,LGA,Urbanisation,Conurbation 1,Alignment,Street lighting,Road surface,Surface condition,Weather,Natural lighting,Signals operation,Other traffic control,Speed limit,Road classification,RUM - code,DCA - code,First impact type,Key TU type,Other TU type,No. of traffic units involved,No. killed,No. seriously injured,No. moderately injured,No. minor-other injured
1256605,2,2020,2020,11,5,7,6,1,28,34609,0,1,1,-33.915874,150.885642,41,0,2,0,1,0,0,0,2,0,7,50,0,1282,1282,1,5,27,2,0,0,1,0
1256607,2,2021,2021,3,2,11,3371,17,27,3342,0,1,2,-30.203144,153.14889,19,1,0,1,0,0,3,4,0,0,7,110,2,14295,14295,3,5,0,2,0,0,2,0
1256613,2,2021,2021,4,2,9,1052,14,149,928,0,1,3,-33.348169,151.365761,16,1,2,1,0,0,0,0,2,0,7,110,2,1383,1383,1,5,35,3,0,0,1,0
1256615,2,2021,2021,3,5,3,36,27,9,34609,0,1,7,-35.148312,147.339154,75,2,1,1,1,0,0,0,2,0,0,70,0,6545,6545,4,34,27,2,0,0,1,0
1256616,2,2021,2021,3,5,2,1052,14,207,928,0,1,3,-33.563407,151.192301,31,0,2,1,3,0,3,4,0,0,7,110,2,4026,4026,8,9,40,1,0,0,1,0
1256618,4,2021,2021,3,6,10,11,27,9,34609,0,1,1,-28.919805,153.067135,60,1,0,1,0,0,0,0,0,0,7,100,0,1089,1089,7,16,40,1,0,1,0,0
1256619,4,2021,2021,4,2,9,115,27,96,173,0,1,9,-34.233947,150.676451,79,2,2,1,0,0,0,0,2,0,3,80,2,1669,1669,3,10,5,3,0,1,1,0
1256621,4,2021,2021,3,3,7,15,10,14,34609,0,1,1,-33.545825,151.275503,16,2,2,0,0,0,0,0,2,0,7,60,0,4552,5151,8,16,40,1,0,1,0,0
1256622,1,2021,2021,3,6,4,515,14,189,518,0,1,3,-33.942133,151.049719,15,0,2,1,3,0,0,3,2,0,7,100,2,14295,14295,3,5,36,2,0,0,0,1
1256625,1,2021,2021,3,6,10,40,27,73,34609,0,1,1,-35.139937,147.375309,75,2,1,1,3,0,0,0,0,0,7,60,0,14295,14295,3,0,41,2,0,0,0,1
1256629,1,2021,2021,3,1,8,4,27,91,44,0,1,9,-33.990616,150.883072,13,0,2,0,3,0,0,0,2,0,0,60,1,6545,6545,4,5,0,2,0,0,0,1
1256630,4,2021,2021,3,1,10,126,27,22,168,0,1,10,-34.067933,150.802517,13,0,2,1,3,0,0,0,0,2,7,60,2,5929,5929,1,5,5,2,0,1,0,0
1256632,1,2021,2021,3,0,8,78,17,39,75,0,1,8,-33.844518,151.211855,49,0,2,1,3,0,0,0,2,0,7,70,2,14295,14295,3,5,0,2,0,0,0,1
1256634,1,2021,2021,3,3,8,19,27,29,34609,0,1,9,-32.886938,151.694242,48,0,2,1,3,0,0,0,2,0,7,50,0,301,301,4,0,5,2,0,0,0,1
1256636,2,2021,2021,3,6,6,74,27,609,163,0,1,7,-33.777273,150.907614,7,0,2,1,1,0,0,0,2,1,0,60,2,6545,6545,4,33,5,2,0,0,1,1
1256637,2,2021,2021,3,6,8,113,27,113,111,0,1,9,-33.817638,150.775951,55,0,2,1,3,0,0,0,2,2,7,80,2,395,395,1,0,5,2,0,0,1,0
1256639,4,2021,2021,3,3,8,32,27,4,34609,0,1,1,-34.634545,149.528041,26,1,0,0,0,0,0,0,2,0,7,100,0,4552,5151,8,16,40,1,0,1,0,0
1256640,2,2020,2020,2,3,6,25,31,127,30,0,1,1,-33.891975,151.158133,32,0,2,1,0,0,0,0,2,0,7,60,1,14295,14295,3,15,0,2,0,0,1,0
1256644,1,2021,2021,3,4,7,1,1,133,34609,0,1,9,-34.485925,150.806,80,0,2,1,1,0,3,4,2,0,15,50,0,1282,1282,1,33,5,2,0,0,0,1
1256645,2,2021,2021,3,0,11,3371,17,14,3342,0,1,2,-28.928831,153.448617,2,1,0,0,0,0,0,0,0,0,7,110,2,2585,4009,8,0,40,1,0,0,1,0
1256657,2,2020,2020,11,5,3,512,17,8,441,0,1,1,-33.390501,149.222955,52,1,0,1,2,0,0,0,2,0,7,100,2,14295,14295,3,10,0,3,0,0,1,0
1256663,2,2021,2021,3,4,8,3,25,100,34609,0,1,1,-33.890728,150.892824,24,0,2,1,1,0,3,4,2,0,7,50,0,4026,4026,1,5,5,2,0,0,1,0
1256664,4,2021,2021,3,1,9,37,31,523,198,0,1,9,-33.926885,150.921129,41,0,2,1,2,0,0,0,0,0,7,60,2,1981,1981,4,5,12,2,0,1,1,0
1256665,1,2021,2021,3,6,6,1,18,13,34609,0,1,1,-35.567259,149.883502,58,2,1,1,0,2,3,0,2,0,7,50,0,1945,1945,5,16,40,1,0,0,0,1
1256666,2,2021,2021,3,2,10,2126,17,16,2149,0,1,2,-33.724405,150.493047,8,2,2,1,2,0,0,3,0,0,7,80,2,3775,3775,0,0,13,3,0,0,1,0
1256669,4,2020,2020,9,3,7,8,27,2,43,0,1,1,-32.392439,149.83496,44,2,1,0,0,0,0,0,2,0,7,80,1,4552,5151,8,16,40,1,0,1,0,0
1256670,1,2020,2020,1,3,4,17,36,57,72,0,1,7,-28.636302,153.547387,10,2,1,1,1,0,0,0,2,0,0,50,2,395,395,1,5,13,2,0,0,0,1
1256676,4,2021,2021,3,5,5,2126,17,445,2149,0,1,9,-33.851257,151.05455,21,0,2,1,1,0,0,0,2,0,0,60,2,2852,2852,4,5,5,2,0,1,1,0
1256679,2,2020,2020,10,4,5,9,31,36,38,1,0,9,-33.556997,148.668471,11,2,1,1,1,0,0,0,2,0,0,50,2,1282,1282,1,16,40,1,0,0,1,0
1256681,1,2021,2021,7,5,6,191,17,562,189,0,1,10,-32.244134,148.611898,22,2,1,1,0,0,0,0,2,0,0,60,2,5929,5929,1,5,12,2,0,0,0,1
1256696,1,2021,2021,4,6,8,125,27,17,123,0,1,10,-33.34167,151.428504,16,2,2,1,3,0,0,0,0,2,7,50,2,14295,14295,3,10,5,2,0,0,0,1
1256697,2,2021,2021,3,1,5,133,10,7,121,0,1,1,-31.64236,152.809502,56,2,1,1,3,0,0,0,2,0,7,50,1,1192,1192,1,33,19,2,0,0,1,0
1256698,1,2021,2021,4,0,7,10,31,147,34609,0,1,9,-33.745337,151.144292,36,0,2,1,3,0,3,4,2,0,7,50,0,28,28,1,0,5,2,0,0,0,1
1256699,2,2021,2021,7,1,6,125,27,6,123,0,1,10,-33.328173,151.428549,16,2,2,1,3,0,0,0,2,2,7,50,2,14295,14295,3,5,5,2,0,0,1,0
1256700,2,2021,2021,3,2,4,13,27,89,34609,0,1,9,-33.378727,151.471252,16,2,2,1,3,0,0,0,2,2,7,60,0,5929,5929,1,5,5,2,0,0,1,0
1256701,2,2021,2021,4,5,7,62,27,58,166,0,1,1,-33.227219,151.419923,16,2,2,1,3,0,0,0,2,0,0,60,0,1981,1981,4,5,13,2,0,0,1,0
1256702,1,2021,2021,3,1,10,57,27,337,47,0,1,10,-33.72486,150.97682,71,0,2,1,3,0,3,4,0,2,7,60,2,5929,5929,1,0,0,2,0,0,0,1
1256703,1,2020,2020,2,5,3,361,23,44,165,0,1,9,-33.969997,151.114419,25,0,2,1,3,0,0,0,2,0,9,50,1,2040,2040,9,5,28,2,0,0,0,1
1256704,2,2021,2021,3,0,5,293,31,112,769,0,1,9,-33.607565,150.821087,29,2,2,1,3,0,0,0,2,0,7,60,2,775,775,4,21,5,2,0,0,1,0
1256705,1,2021,2021,3,2,6,26,27,131,115,1,0,9,-33.781747,151.187474,36,0,2,1,3,0,3,3,2,2,7,60,1,1383,1383,1,0,0,2,0,0,0,1
1256706,2,2021,2021,4,3,0,1052,14,160,928,0,1,3,-33.118629,151.465419,37,0,2,1,3,0,0,0,0,0,7,110,2,1089,1089,7,5,40,1,0,0,1,0
1256709,4,2020,2020,9,5,4,1,31,290,34609,0,1,10,-33.847786,150.979034,21,0,2,1,3,0,0,0,2,0,0,50,0,150,150,4,0,12,2,0,1,0,0
1256711,1,2021,2021,3,2,6,35,27,109,96,0,1,9,-33.901403,151.131561,32,0,2,1,3,0,0,0,2,0,7,50,2,14295,14295,3,5,13,2,0,0,0,1
1256712,1,2021,2021,3,2,9,16,31,94,20,0,1,1,-33.777419,150.802432,55,0,2,1,3,0,3,4,2,0,7,60,1,5929,5929,1,5,0,3,0,0,0,1
1256713,1,2021,2021,3,1,3,23,31,52,38,0,1,10,-33.90624,151.264123,76,0,2,1,3,0,0,0,2,0,9,50,1,2040,2040,9,9,28,2,0,0,0,1
1256716,2,2020,2020,2,0,11,478,17,20,480,0,1,9,-33.403977,151.466676,16,2,2,1,3,0,0,0,0,0,7,70,2,4026,4026,8,5,40,1,0,0,1,0
1256722,1,2021,2021,4,2,7,153,27,197,147,0,1,10,-33.951889,151.087426,25,0,2,1,3,0,0,0,2,2,16,60,2,5929,5929,1,5,5,2,0,0,0,1
1256727,2,2021,2021,3,3,10,9,1,169,34609,0,1,9,-33.762031,150.83429,7,0,2,1,3,0,0,0,0,0,7,50,0,1109,397,1,30,0,2,0,0,1,0
1256750,2,2020,2020,2,5,3,43,27,46,29,0,1,9,-32.913802,151.663112,48,0,2,1,0,0,3,4,2,0,7,60,1,9859,9859,8,5,40,1,0,0,1,0
1256751,1,2020,2020,2,2,8,485,27,187,769,0,1,1,-33.77387,151.001148,54,0,2,1,3,0,0,0,3,0,7,60,2,14295,14295,3,5,5,2,0,0,0,1
1256753,4,2020,2020,2,2,8,112,27,370,256,0,1,2,-34.057684,150.824056,13,0,2,1,1,0,0,0,2,0,7,60,2,14295,14295,3,5,5,3,0,1,0,0
1256754,4,2020,2020,2,0,9,45,27,134,40,0,1,1,-33.685539,150.850202,7,0,2,0,1,0,0,0,2,0,7,60,2,1192,1192,1,22,35,2,0,1,0,0
1256756,2,2020,2020,9,4,4,46,31,293,34609,0,1,9,-33.928497,151.058563,15,0,2,1,3,0,3,3,2,0,7,50,0,5929,5929,1,0,5,2,0,0,1,0
1256758,1,2020,2020,2,4,6,103,27,28,256,0,1,9,-34.088448,150.805876,13,0,2,1,0,0,0,0,2,2,7,80,2,926,926,4,5,5,2,0,0,0,1
1256759,1,2020,2020,2,5,6,17,36,68,19,0,1,1,-34.809613,148.882791,82,2,1,0,0,0,0,0,2,0,7,80,1,4552,5151,8,30,40,1,0,0,0,1
1256761,2,2020,2020,2,0,8,109,36,14,108,0,1,1,-28.298637,153.451679,72,1,0,1,0,0,0,0,2,0,7,100,1,3775,3775,0,5,0,2,0,0,2,2
1256763,2,2020,2020,2,2,5,1,27,80,34609,0,1,1,-34.57111,146.40133,51,2,1,1,0,0,2,0,2,0,7,60,0,475,475,5,0,40,1,0,0,1,0
1256765,2,2021,2021,4,3,8,194,31,187,769,0,1,9,-33.791694,150.997885,54,0,2,1,1,0,0,0,2,2,7,60,2,14295,14295,3,5,5,2,0,0,1,0
1256768,4,2021,2021,3,0,6,45,1,294,34609,0,1,1,-33.942102,150.924608,41,0,2,1,0,0,0,0,2,0,7,60,0,3775,3775,0,5,5,2,0,2,0,0
1256769,4,2020,2020,2,4,9,4,27,3,34609,0,1,1,-36.145793,149.978568,23,2,1,0,0,0,0,0,2,0,7,80,0,418,714,5,0,40,1,0,1,0,0
1256771,1,2020,2020,2,0,11,294,17,16,288,0,1,1,-34.53665,142.976055,51,1,0,1,0,0,0,0,0,0,7,110,2,1089,1089,7,0,40,1,0,0,0,1
1256777,2,2021,2021,3,6,7,171,27,113,369,0,1,10,-33.793963,150.699162,55,0,2,1,3,0,0,3,2,2,7,70,2,1383,1383,1,8,25,2,0,0,1,0
1256778,2,2020,2020,2,2,7,149,36,32,113,0,1,1,-32.400711,152.30319,43,2,1,0,0,0,0,3,2,0,7,80,1,782,957,5,16,40,1,0,0,1,0
1256781,1,2021,2021,4,6,6,98,27,52,382,0,1,7,-33.639946,150.784281,29,2,2,1,1,0,0,0,2,0,0,80,2,926,926,4,22,5,2,0,0,0,1
1256784,2,2021,2021,3,5,10,234,27,54,217,0,1,9,-33.705924,151.011612,71,0,2,0,3,0,3,4,0,2,7,60,2,5929,5929,1,5,0,2,0,0,1,0
1256789,1,2020,2020,2,0,9,72,27,228,39,0,1,10,-34.747502,149.748887,26,2,1,1,0,0,0,0,0,0,0,80,2,9859,9859,8,16,40,1,0,0,0,1
1256790,2,2021,2021,4,3,8,46,31,204,34609,0,1,7,-33.904245,151.126965,32,0,2,1,0,0,0,6,2,0,0,50,0,14295,14295,3,33,40,2,0,0,1,0
1256791,4,2021,2021,3,5,7,6,36,8,34609,0,1,1,-29.416248,153.01384,18,1,0,0,0,0,3,3,2,0,7,100,0,4552,5151,8,5,40,1,0,1,0,0
1256795,2,2021,2021,4,1,6,2126,17,80,2149,0,1,10,-33.887338,151.173558,32,0,2,1,1,0,0,0,2,2,7,60,2,4026,4026,8,5,40,2,0,0,1,0
1256798,2,2020,2020,2,6,8,1104,14,104,962,0,1,6,-33.830493,151.020606,54,0,2,0,1,0,3,4,2,2,7,70,2,14295,14295,3,5,5,2,0,0,1,0
1256802,1,2021,2021,3,5,7,2261,17,646,2252,1,2,10,-33.906519,151.03601,15,0,2,1,0,0,0,0,2,2,9,40,2,2040,2040,9,5,28,3,0,0,0,2
1256803,1,2021,2021,3,0,11,10,31,532,34,0,1,10,-33.872813,151.204984,69,0,2,1,3,0,3,4,0,2,7,30,1,14295,14295,3,5,0,2,0,0,0,1
1256806,2,2021,2021,7,6,4,2,27,65,34609,0,1,9,-30.375104,153.046318,19,2,1,1,3,0,3,3,2,0,7,60,0,301,301,4,30,5,2,0,0,1,0
1256807,2,2021,2021,3,1,7,10,31,204,331,0,1,9,-33.939555,151.151385,4,0,2,1,0,0,0,0,2,2,8,60,2,5929,5929,1,5,12,2,0,0,1,0
1256808,1,2021,2021,3,2,5,866,17,94,793,1,0,10,-33.883652,150.923887,24,0,2,1,3,0,0,0,2,2,7,70,1,14295,14295,3,10,5,2,0,0,0,1
1256809,2,2021,2021,7,2,5,2,31,70,34609,0,1,9,-32.740066,151.563362,42,2,1,1,3,0,0,3,2,0,7,50,0,1669,1669,3,10,0,2,0,0,1,0
1256815,2,2021,2021,4,3,9,13,27,151,34609,0,1,10,-34.035907,150.83579,13,0,2,1,1,0,0,0,2,0,0,60,0,9859,9859,1,0,8,2,0,0,1,0
1256817,1,2021,2021,7,2,5,54,31,131,62,0,1,1,-33.784657,151.19204,77,0,2,1,3,0,0,3,2,0,7,60,2,1391,1391,1,10,41,3,0,0,0,1
1256819,2,2021,2021,3,4,8,234,27,57,217,0,1,1,-33.613814,151.019174,71,0,2,0,3,0,3,4,2,0,7,80,2,3775,3775,0,34,0,2,0,0,1,0
1256820,1,2021,2021,7,2,5,126,1,226,144,0,1,10,-33.764326,150.81745,7,0,2,1,3,0,0,0,2,2,7,60,2,14295,14295,3,0,5,2,0,0,0,1
1256821,1,2021,2021,3,2,4,39,31,193,145,1,0,10,-33.793497,151.077677,61,0,2,1,3,0,3,4,2,2,7,60,2,5929,5929,1,0,13,3,0,0,0,1
1256824,2,2021,2021,3,6,7,22,27,25,34609,0,1,1,-33.873481,151.224003,69,0,2,1,1,0,0,0,2,0,7,50,0,9859,9859,8,5,40,1,0,0,1,0
1256825,4,2021,2021,7,6,7,10,31,87,34609,0,1,1,-34.0557,151.151746,68,0,2,1,1,0,0,0,2,2,9,50,0,2040,2040,9,0,28,2,0,1,0,0
1256830,1,2021,2021,4,2,7,481,17,22,483,0,1,1,-28.665294,150.32234,51,1,0,1,0,0,0,0,2,0,7,110,2,83,83,5,19,40,1,0,0,0,2
1256831,2,2020,2020,2,1,5,1052,14,33,928,0,1,3,-33.642984,151.141765,31,0,2,1,0,0,0,0,2,0,7,110,2,14295,14295,3,5,13,2,0,0,1,0
1256834,2,2021,2021,4,3,6,17,27,7,18,0,1,1,-35.123845,148.619732,82,1,0,0,0,2,0,0,2,0,7,100,1,3775,3775,0,16,5,2,0,0,1,0
1256837,2,2021,2021,3,3,8,90,36,49,102,0,1,9,-34.448616,147.556416,51,2,1,1,0,0,0,0,2,0,7,70,2,1669,1669,3,21,13,2,0,0,1,1
1256842,1,2021,2021,4,1,9,220,27,92,222,0,1,10,-33.758268,150.955369,71,0,2,1,2,0,0,0,3,2,7,80,2,14295,14295,3,5,0,2,0,0,0,1
1256844,2,2021,2021,3,4,9,8,27,77,44,0,1,1,-33.72147,151.083841,31,0,2,1,1,0,0,3,2,0,7,60,1,1669,1669,3,5,0,2,0,0,1,1
1256845,2,2021,2021,4,5,5,293,31,523,34609,0,1,1,-33.924085,150.923423,41,0,2,1,1,0,0,0,2,0,7,30,0,9859,9859,1,22,0,2,0,0,1,0
1256847,4,2021,2021,4,1,11,5,1,80,34609,0,1,2,-33.812953,151.169196,38,0,2,0,2,0,0,0,0,0,7,40,0,2585,4009,8,15,40,1,0,1,0,0
1256850,4,2021,2021,4,4,9,19,27,18,34609,0,1,1,-34.052833,151.139535,68,0,2,1,1,0,0,0,2,0,7,50,0,9859,9859,1,5,5,3,0,1,0,0
1256852,2,2021,2021,3,0,5,1,31,189,101,0,1,10,-33.953136,151.051895,25,0,2,1,1,0,0,0,2,3,6,50,1,237,397,1,5,5,3,0,0,1,0
1256853,4,2021,2021,3,0,5,114,27,24,65,0,1,1,-33.3825,150.993888,16,2,2,0,0,0,0,0,2,0,7,80,1,1850,1463,5,16,40,1,0,1,0,0
1256856,2,2021,2021,3,0,8,230,27,80,284,0,1,9,-33.811644,151.167809,38,0,2,1,3,0,0,0,2,0,15,60,2,775,775,4,0,19,2,0,0,1,0
1256860,2,2021,2021,3,4,9,17,27,76,34609,0,1,1,-34.60471,150.43613,78,1,0,0,0,0,0,0,2,0,7,90,0,380,714,5,16,40,1,0,0,1,0
1256862,1,2021,2021,4,4,8,54,31,131,62,0,1,9,-33.785494,151.192419,77,0,2,1,1,0,0,0,2,0,7,60,2,5929,5929,1,5,5,2,0,0,0,2
1256864,4,2021,2021,3,3,6,43,27,17,46,0,1,1,-28.285311,153.562472,72,2,1,1,0,0,0,0,2,0,7,80,1,941,941,1,5,5,2,0,1,0,0
1256865,1,2021,2021,3,5,8,3371,17,89,3342,0,1,2,-28.224651,153.555251,72,1,0,1,1,0,0,0,2,0,7,100,2,204,204,1,5,36,2,0,0,0,1
1256866,2,2021,2021,3,6,5,40,27,73,34609,1,0,9,-35.135258,147.376309,75,2,1,1,0,0,0,0,2,0,15,60,0,5929,5929,1,5,5,3,0,0,1,0
1256871,4,2021,2021,7,1,10,20,31,174,34609,0,1,1,-33.896206,151.209656,69,0,2,1,2,0,0,0,0,0,9,40,0,941,941,1,0,27,2,0,1,0,0
1256872,2,2021,2021,3,4,8,150,27,173,415,0,1,2,-33.780627,151.133026,61,0,2,1,1,0,0,0,2,0,7,70,2,9859,9859,8,5,40,1,0,0,1,0
1256873,2,2021,2021,4,4,0,106,27,46,106,0,1,2,-33.927784,150.873481,41,0,2,1,2,0,0,3,0,0,7,70,2,1383,1383,1,5,5,2,0,0,1,0
1256876,4,2021,2021,4,3,7,1,27,5,34609,0,1,1,-30.854084,152.694281,47,2,1,0,0,2,0,0,2,0,7,60,0,1850,1463,5,16,40,1,0,1,0,0
1256877,1,2021,2021,4,4,6,7,27,12,18,0,1,1,-35.898415,145.701049,51,2,1,1,3,0,0,0,2,0,7,80,1,945,945,5,5,40,1,0,0,0,1
1256880,1,2020,2020,0,6,5,330,27,197,25,0,1,9,-33.797532,151.136797,61,0,2,1,3,0,0,0,2,0,0,60,1,623,623,3,5,5,2,0,0,0,1
1256887,4,2021,2021,4,2,3,11,31,228,34609,0,1,9,-34.757593,149.719041,26,2,1,1,1,0,0,0,2,0,0,60,0,6545,6545,4,10,27,2,0,1,0,0
1256888,1,2021,2021,4,2,5,74,27,56,59,0,1,9,-34.465466,150.871636,80,0,2,1,3,0,0,0,2,2,7,80,2,14295,14295,3,5,0,2,0,0,0,1
1256889,2,2021,2021,3,3,6,330,23,35,39,1,0,10,-33.963484,151.2459,59,0,2,1,3,0,0,0,2,0,15,60,1,6545,6545,4,0,5,3,0,0,1,0
1256890,2,2021,2021,7,1,10,133,10,316,121,0,1,9,-31.489111,152.908061,56,2,1,1,3,0,3,3,0,0,7,70,1,9859,9859,8,5,40,1,0,0,1,0
1256891,2,2021,2021,7,6,7,255,27,20,76,0,1,1,-32.936149,151.674817,37,0,2,1,3,0,0,0,2,0,7,60,1,14295,14295,3,0,0,2,0,0,1,0
1256892,2,2021,2021,3,5,5,109,27,20,62,0,1,1,-32.756736,151.533114,42,2,1,1,3,0,0,0,2,0,7,70,2,14295,14295,3,5,5,3,0,0,1,0
1256893,2,2020,2020,11,0,7,294,17,11,288,0,1,1,-35.127606,147.433457,75,2,1,1,0,0,0,0,2,0,7,60,2,14295,14295,3,10,13,3,0,0,2,0
1256895,2,2021,2021,3,4,7,481,17,77,483,0,1,10,-30.328788,149.777305,51,2,1,0,1,0,0,0,2,0,0,50,2,6545,6545,4,5,0,2,0,0,2,0
1256896,4,2021,2021,7,3,1,485,27,25,769,0,1,1,-33.618036,150.835046,29,2,2,1,2,0,0,0,0,0,7,80,2,4026,4026,8,10,40,1,0,1,0,0
1256898,4,2021,2021,3,3,7,5,27,87,34609,0,1,1,-33.667458,150.937993,71,0,2,0,3,0,0,0,2,0,7,50,0,1850,1463,5,10,40,1,0,1,3,0
1256900,2,2021,2021,7,3,5,22,27,21,34609,0,1,9,-33.037741,151.582098,37,0,2,1,1,0,0,0,2,0,7,60,0,1669,1669,3,10,5,2,0,0,1,0
1256902,4,2020,2020,10,0,9,33,27,35,49,0,1,1,-33.883415,150.891641,24,0,2,1,0,0,0,0,2,0,7,60,1,2040,2040,9,5,28,2,0,1,0,0
1256903,2,2021,2021,4,2,0,19,27,143,34609,0,1,10,-33.875383,151.107464,9,0,2,1,2,0,0,0,0,2,9,50,0,2040,2040,9,30,28,2,0,0,1,0
1256905,2,2021,2021,4,2,8,22,1,433,34609,0,1,7,-33.296395,149.10433,52,2,1,1,0,0,0,0,2,0,0,50,0,6545,6545,4,5,13,2,0,0,1,0
1256907,2,2021,2021,3,6,8,7,27,61,34609,1,0,1,-33.748077,150.891039,7,0,2,1,1,0,0,3,2,0,7,50,0,14295,14295,3,30,0,2,0,0,1,0
1256909,2,2021,2021,7,0,5,3371,17,24,3342,0,1,2,-31.576537,152.732295,56,2,1,1,0,0,0,0,2,0,7,60,2,14295,14295,3,8,36,2,0,0,1,0
1256913,4,2020,2020,2,2,6,475,10,100,268,1,0,9,-33.896123,150.892607,24,0,2,1,1,0,0,3,2,2,15,60,2,5929,5929,1,0,5,2,0,1,0,1
1256915,4,2021,2021,4,4,3,56,31,57,34609,0,1,10,-32.823867,151.483502,17,2,1,1,0,0,3,4,2,0,0,60,0,6545,6545,4,0,36,2,0,1,0,0
1256916,4,2020,2020,2,3,11,23,10,32,101,0,1,2,-32.947055,151.714822,48,0,2,0,2,0,0,0,0,0,7,50,2,4552,5151,1,21,0,2,0,1,0,0
1256917,4,2021,2021,7,0,11,2126,17,93,2149,0,1,2,-33.418789,149.605801,3,2,1,1,2,0,0,0,0,0,7,60,2,14295,14295,3,5,19,2,0,1,2,0
1256922,1,2021,2021,3,1,9,1,10,28,34609,0,1,9,-35.377677,149.243417,58,2,1,1,0,0,0,0,2,0,0,50,0,5929,5929,1,5,5,2,0,0,0,2
1256923,1,2021,2021,3,5,8,12,31,119,34609,0,1,10,-32.771019,151.745066,57,2,1,0,2,0,0,0,3,0,15,50,0,6545,6545,4,30,19,2,0,0,0,1
1256926,2,2021,2021,4,2,9,294,17,33,288,0,1,9,-35.122391,147.327164,75,2,1,0,0,0,0,0,2,0,0,80,2,2852,2852,4,30,0,2,0,0,1,0
1256928,1,2020,2020,2,6,3,2,25,133,34609,0,1,1,-34.521378,150.787289,80,0,2,1,1,0,0,0,2,0,7,50,0,1282,1282,1,5,4,2,0,0,0,1
1256931,1,2020,2020,2,2,8,81,31,133,80,1,0,9,-33.924797,151.012558,15,0,2,1,1,0,0,0,2,0,0,60,1,775,775,4,9,0,2,0,0,0,1
1256932,2,2021,2021,4,6,11,65,10,132,148,0,1,1,-34.086338,151.0701,68,0,2,0,0,0,0,0,0,0,7,80,2,1850,1463,5,16,40,2,0,0,1,0
1256934,2,2021,2021,4,2,3,229,14,173,237,0,1,3,-33.772447,151.119107,61,0,2,1,3,0,0,0,2,0,7,100,2,9859,9859,8,9,40,2,0,0,1,0
1256935,2,2021,2021,3,3,4,8,27,4,34609,0,1,1,-33.46183,150.227475,40,2,1,0,0,2,0,0,2,0,7,50,0,2585,4009,8,16,40,1,0,0,1,0
1256937,2,2021,2021,7,2,3,28,31,13,40,0,1,9,-33.769284,151.28562,50,0,2,1,1,0,0,0,2,0,0,50,1,2852,2852,4,0,27,2,0,0,1,0
1256939,2,2021,2021,4,6,7,251,14,139,124,0,1,3,-33.833861,151.211387,49,0,2,1,1,0,0,0,2,0,7,80,2,190,190,1,5,12,2,0,0,1,0
1256942,2,2021,2021,3,0,1,3371,17,29,3342,0,1,2,-31.79544,152.643863,43,1,0,1,0,0,3,4,0,0,7,110,2,945,945,5,5,40,1,0,0,1,0
1256944,2,2021,2021,7,6,8,4,31,96,34609,0,1,7,-35.350577,149.235352,58,2,1,1,0,0,0,0,2,0,7,50,0,1282,1282,1,16,40,2,0,0,1,0
1256946,4,2021,2021,4,1,8,2209,17,204,2205,0,1,10,-33.942142,151.144496,4,0,2,1,0,0,0,0,2,0,7,60,2,5929,5929,1,16,5,2,0,1,0,0
1256948,4,2021,2021,3,4,7,8,10,74,34609,0,1,9,-34.06064,150.768754,12,0,2,1,1,0,3,4,2,0,7,50,0,5929,5929,1,9,0,2,0,1,1,0
1256951,4,2021,2021,3,3,0,157,17,36,158,0,1,7,-33.895217,148.162969,51,2,1,1,2,0,0,0,0,0,0,50,2,4026,4026,8,16,40,1,0,1,0,0
1256953,4,2020,2020,2,2,6,9,10,35,34609,0,1,1,-34.195939,150.706726,79,2,2,0,0,0,0,0,2,0,7,60,0,4552,5151,8,16,40,1,0,1,0,0
1256955,2,2021,2021,3,6,6,22,27,26,34609,0,1,1,-34.862073,150.60082,63,2,1,0,0,0,0,0,2,0,9,70,0,14295,14295,3,16,5,2,0,0,1,0
1256956,2,2020,2020,2,1,1,1,28,316,34609,0,1,9,-31.472011,152.904999,56,2,1,1,0,0,0,0,0,0,7,50,0,84,84,8,22,40,1,0,0,1,0
1256957,2,2021,2021,3,2,5,13,27,21,34609,0,1,1,-35.429924,148.105138,66,2,1,0,0,0,0,0,2,0,7,80,0,782,957,5,16,40,1,0,0,1,0
1256958,4,2021,2021,4,0,5,4,27,21,34609,0,1,1,-33.043515,151.593361,37,0,2,1,0,0,0,0,2,0,7,50,0,2040,2040,9,10,28,2,0,1,0,0
1256959,4,2021,2021,4,6,0,118,31,129,34609,0,1,1,-33.929292,151.089135,15,0,2,1,2,0,0,0,0,0,7,50,0,1945,1945,5,16,40,1,0,1,0,0
1256961,2,2021,2021,4,0,5,512,17,3,441,0,1,1,-30.996716,146.687374,51,1,0,1,0,0,0,0,2,0,7,110,2,4026,4026,8,0,40,1,0,0,1,0
1256963,4,2021,2021,4,0,10,86,27,12,65,0,1,1,-29.983188,152.7219,18,1,0,0,0,0,3,0,0,0,7,100,1,418,714,5,16,40,1,0,1,0,0
1256964,2,2021,2021,3,3,0,1,27,12,34609,0,1,1,-33.906288,148.962446,51,2,1,0,0,0,0,0,0,0,7,80,0,782,957,5,10,40,1,0,0,1,0
1256965,4,2021,2021,4,0,3,132,31,174,126,0,1,2,-33.888993,151.20134,69,0,2,1,0,0,0,0,2,0,7,50,2,14295,14295,3,5,5,2,0,1,0,1