Crash ID,Degree of crash - detailed,Reporting year,Year of crash,Month of crash,Day of week of crash,Two-hour intervals,Street of crash,Street type,Town,Route no.,School zone location,School zone active,Type of location,Latitude,Longitude,LGA,Urbanisation,Conurbation 1,Alignment,Street lighting,Road surface,Surface condition,Weather,Natural lighting,Signals operation,Other traffic control,Speed limit,Road classification,RUM - code,DCA - code,First impact type,Key TU type,Other TU type,No. of traffic units involved,No. killed,No. seriously injured,No. moderately injured,No. minor-other injured
1256966,2,2021,2021,3,4,6,30,24,167,34609,0,1,1,-33.831316,151.071804,54,0,2,0,0,0,0,6,2,0,7,60,0,14295,14295,3,0,0,3,0,0,1,0
1256967,2,2021,2021,4,4,7,4,1,387,34609,0,1,10,-33.934265,151.183247,4,0,2,1,0,0,3,4,2,0,7,40,0,1945,1945,5,16,40,1,0,0,1,0
1256968,2,2021,2021,3,0,6,7,27,8,34609,0,1,1,-30.808933,150.979585,70,1,0,0,0,2,0,0,2,0,7,100,0,782,957,5,30,40,1,0,0,1,0
1256970,1,2021,2021,3,6,3,2126,17,247,2149,0,1,9,-33.808775,150.94259,21,0,2,0,3,0,0,0,2,2,7,80,2,14295,14295,3,10,5,2,0,0,0,1
1256977,4,2021,2021,3,6,2,68,27,98,208,1,0,10,-33.749495,151.064533,31,0,2,1,2,0,3,0,0,2,7,60,2,2852,2852,4,5,12,2,0,1,1,1
1256978,2,2021,2021,3,4,7,103,27,4,98,0,1,1,-32.65135,151.020611,64,2,1,1,1,0,0,0,2,0,7,60,2,9859,9859,8,10,40,1,0,0,1,0
1256979,4,2021,2021,4,1,9,104,1,71,34609,0,1,1,-33.968632,151.060208,25,0,2,1,1,0,0,3,3,0,7,50,0,9859,9859,8,16,40,1,0,1,0,0
1256980,2,2021,2021,4,6,7,150,27,309,415,0,1,10,-33.797721,151.114963,61,0,2,1,0,0,0,0,2,2,0,70,2,5929,5929,1,9,5,2,0,0,1,0
1256981,2,2021,2021,4,5,7,1,31,33,34609,0,1,1,-33.720419,150.431483,8,2,2,1,1,0,0,0,2,0,7,50,0,340,340,9,25,28,2,0,0,1,0
1256983,1,2021,2021,3,6,8,50,36,10,43,0,1,1,-36.509945,148.145402,66,2,1,0,0,0,0,0,2,0,7,60,2,2585,4009,8,16,40,1,0,0,0,1
1256984,1,2021,2021,4,2,5,134,10,104,133,0,1,9,-33.830608,151.020372,54,0,2,1,1,0,0,0,2,2,7,70,2,14295,14295,3,9,0,2,0,0,0,2
1256988,2,2020,2020,2,1,10,3371,17,44,3342,0,1,2,-28.855659,153.523457,2,1,0,1,3,0,3,4,3,0,7,100,2,1945,1945,5,5,40,1,0,0,1,0
1256989,1,2021,2021,7,0,8,1,1,13,34609,0,1,1,-34.565313,150.747451,62,0,2,1,3,0,0,0,2,0,7,50,0,175,188,1,8,5,3,0,0,0,1
1256990,2,2021,2021,3,4,9,2126,17,106,2149,0,1,10,-33.887433,151.173573,32,0,2,1,3,0,0,0,2,2,7,60,2,14295,14295,3,10,0,4,0,0,1,1
1257001,2,2021,2021,3,0,4,14,31,56,34609,1,2,10,-33.85786,151.18272,32,0,2,1,1,0,0,0,2,0,7,40,0,4552,985,1,5,0,2,0,0,1,0
1257003,2,2021,2021,7,3,7,84,27,169,769,0,1,1,-33.592379,150.737487,29,2,2,1,0,0,0,0,2,0,7,80,2,14295,14295,3,5,0,4,0,0,2,0
1257008,2,2021,2021,4,4,5,512,17,7,441,0,1,1,-32.694387,148.945286,22,1,0,0,0,0,0,3,2,0,7,100,2,3775,3775,0,5,5,3,0,0,3,3
1257012,2,2020,2020,2,5,7,98,31,117,34609,0,1,1,-28.170782,153.540832,72,2,1,1,0,0,0,0,2,0,7,50,0,1981,1981,4,5,19,2,0,0,1,0
1257014,4,2021,2021,3,0,8,15,27,134,34609,0,1,9,-33.96508,150.782181,12,0,2,1,0,0,0,0,2,0,7,80,0,5929,5929,1,21,5,2,0,1,0,0
1257016,2,2021,2021,3,1,8,17,27,8,17,0,1,1,-35.258309,148.204158,66,1,0,0,0,0,3,4,2,0,7,100,2,1957,4009,8,5,40,1,0,0,1,0
1257018,4,2021,2021,4,1,11,133,31,133,97,0,1,7,-33.916443,151.005569,15,0,2,1,2,0,0,0,0,0,0,60,1,2852,2852,4,5,5,2,0,2,1,0
1257019,1,2021,2021,7,1,9,4,27,80,34609,0,1,9,-34.539659,146.407342,51,2,1,1,1,0,0,0,2,0,0,60,0,926,926,4,5,0,2,0,0,0,3
1257021,4,2021,2021,4,3,11,7,27,43,34609,0,1,1,-34.117522,150.668963,79,2,2,0,0,0,0,0,0,0,7,60,0,2585,4009,8,10,40,1,0,1,1,0
1257024,4,2020,2020,9,1,6,6,27,102,24,0,1,2,-33.968679,151.224773,59,0,2,1,1,0,0,0,2,0,7,60,2,14295,14295,3,29,5,3,0,1,2,0
1257025,2,2021,2021,7,5,7,6,31,246,34609,0,1,1,-33.907023,151.193105,69,0,2,1,3,0,0,0,2,0,7,50,0,9859,9859,1,0,5,4,0,0,1,0
1257026,1,2021,2021,3,4,4,293,31,128,369,0,1,1,-33.615905,150.811081,29,2,2,1,3,0,0,3,2,0,7,60,2,14295,14295,3,30,5,2,0,0,0,1
1257027,2,2021,2021,3,6,7,45,31,16,49,1,2,10,-29.853912,151.117051,33,2,1,1,1,0,0,0,2,0,0,40,1,14295,14295,3,10,0,3,0,0,1,0
1257028,1,2021,2021,3,6,11,117,27,72,702,0,1,9,-33.835381,151.088167,14,0,2,1,2,0,0,0,0,2,7,70,2,2852,2852,4,0,5,2,0,0,0,1
1257029,2,2021,2021,7,2,5,100,27,323,100,0,1,9,-33.798515,150.853064,7,0,2,1,1,0,0,0,2,2,7,70,2,6545,6545,4,0,0,2,0,0,1,0
1257031,4,2021,2021,4,6,8,2,10,92,34609,0,1,1,-33.740715,150.951005,71,0,2,1,1,0,0,0,2,0,15,50,0,1981,1981,4,10,27,2,0,1,0,0
1257037,4,2021,2021,4,3,6,283,27,253,702,0,1,1,-33.974543,151.102195,25,0,2,1,2,0,0,0,2,0,7,60,2,14295,14295,3,30,0,2,0,1,0,1
1257038,2,2021,2021,4,0,4,10,27,106,34609,0,1,9,-33.88798,151.180827,69,0,2,1,1,0,0,0,2,0,9,40,0,2040,2040,9,5,28,2,0,0,1,0
1257041,2,2020,2020,2,1,11,3,31,207,34609,0,1,1,-31.972847,141.464059,51,2,1,1,2,0,0,0,0,0,7,50,0,4026,4026,8,10,40,1,0,0,1,0
1257043,4,2021,2021,3,3,7,1,27,13,34609,0,1,1,-33.487262,150.847423,29,2,2,1,0,0,0,0,2,0,7,70,0,9859,9859,8,5,40,1,0,2,0,0
1257045,1,2021,2021,7,0,7,1,27,15,34609,0,1,7,-33.905888,150.85141,41,0,2,1,3,0,0,0,2,0,0,50,0,6545,6545,4,0,5,2,0,0,0,1
1257048,2,2021,2021,3,1,5,2261,17,75,2252,0,1,9,-33.886516,151.109947,9,0,2,1,3,0,0,0,2,0,15,60,2,2852,2852,4,5,5,2,0,0,1,0
1257055,1,2021,2021,7,4,4,127,27,135,103,0,1,9,-32.898855,151.738548,48,0,2,1,3,0,0,0,2,2,7,50,1,5929,5929,1,5,5,2,0,0,0,1
1257057,1,2021,2021,3,1,6,39,36,40,79,0,1,9,-33.810427,151.207952,77,0,2,1,3,0,0,0,2,2,7,50,2,1669,1669,3,9,0,2,0,0,0,1
1257076,1,2021,2021,3,4,8,69,31,646,563,0,1,10,-33.910709,151.041911,15,0,2,1,3,0,0,0,2,2,7,60,2,14295,14295,3,5,13,2,0,0,0,1
1257080,1,2021,2021,7,6,6,346,17,87,332,0,1,7,-28.810909,153.30238,39,2,1,0,3,0,0,0,2,0,0,60,2,1192,1192,1,30,5,2,0,0,0,1
1257082,2,2021,2021,3,1,7,30,24,167,34609,0,1,9,-33.83087,151.07131,54,0,2,1,3,0,0,0,2,0,0,50,0,2852,2852,4,5,13,2,0,0,1,0
1257090,1,2021,2021,3,4,8,65,31,609,115,0,1,9,-33.770846,150.903553,7,0,2,1,3,0,0,0,2,2,7,60,2,14295,14295,3,0,5,2,0,0,0,1
1257092,2,2021,2021,4,2,8,133,17,55,121,0,1,10,-36.232781,149.130642,65,2,1,1,3,0,0,0,2,0,7,50,2,14295,14295,3,9,0,2,0,0,1,0
1257094,1,2021,2021,3,2,8,1,31,204,34609,0,1,1,-33.93916,151.138913,4,0,2,1,3,0,0,0,2,0,7,50,0,1282,1282,1,5,40,1,0,0,0,1
1257097,1,2021,2021,7,5,5,2261,17,204,2252,0,1,10,-33.888516,151.117504,32,0,2,1,3,0,0,0,2,2,7,60,2,515,515,1,30,5,2,0,0,0,1
1257098,2,2021,2021,7,2,4,481,17,562,483,0,1,1,-32.399077,148.406457,22,1,0,1,3,0,0,3,2,0,7,110,2,1089,1089,7,0,40,1,0,0,1,0
1257103,2,2021,2021,7,3,6,334,17,19,308,0,1,7,-31.462693,152.824053,56,2,1,1,1,0,0,0,2,0,7,60,2,395,395,1,0,19,2,0,0,1,0
1257105,2,2021,2021,3,6,6,149,36,40,113,0,1,1,-32.051503,152.480569,43,2,1,0,0,0,3,3,2,0,7,80,1,273,957,5,5,40,1,0,0,1,0
1257109,1,2020,2020,2,2,7,50,27,125,51,0,1,1,-33.855035,151.07852,67,0,2,1,3,0,0,0,2,0,7,50,1,941,941,1,0,5,2,0,0,0,1
1257111,1,2021,2021,3,0,11,149,27,149,38,0,1,10,-33.817823,150.969298,21,0,2,1,3,0,0,0,0,2,7,60,1,5929,5929,1,5,5,2,0,0,0,1
1257116,2,2021,2021,7,0,10,95,31,346,59,0,1,9,-33.867593,151.063624,67,0,2,1,3,0,0,0,0,2,7,60,1,5929,5929,1,5,5,2,0,0,1,0
1257119,2,2021,2021,7,2,3,191,27,193,208,0,1,10,-33.786574,151.085189,61,0,2,1,3,0,0,3,2,2,7,60,2,5929,5929,1,5,13,2,0,0,1,0
1257122,2,2021,2021,4,6,11,56,27,106,80,1,0,1,-33.883808,151.179619,69,0,2,1,3,0,2,6,0,0,7,40,2,1945,1945,5,22,40,1,0,0,1,0
1257128,2,2021,2021,4,3,9,485,27,232,769,0,1,9,-33.693599,150.925067,71,0,2,1,2,0,0,3,0,2,7,80,2,2852,2852,4,5,5,2,0,0,1,0
1257129,4,2021,2021,7,2,11,133,10,316,121,0,1,7,-31.468151,152.90889,56,2,1,1,2,0,3,3,0,0,0,70,1,4026,4026,8,16,40,1,0,1,0,0
1257130,1,2021,2021,3,0,8,3,1,204,34609,0,1,1,-33.887305,151.121808,32,0,2,1,0,0,0,0,2,0,7,50,0,14295,14295,3,33,27,2,0,0,0,1
1257131,2,2021,2021,3,4,7,100,27,42,100,0,1,1,-33.867838,150.846135,24,0,2,1,2,0,0,0,2,0,7,80,2,14295,14295,3,34,5,3,0,0,1,0
1257133,4,2020,2020,2,5,1,829,31,162,240,0,1,2,-33.848006,150.9172,24,0,2,1,2,0,3,4,0,0,0,60,2,9859,9859,1,5,35,2,0,1,0,0
1257137,4,2021,2021,3,3,7,1,27,4,34609,0,1,1,-31.584853,152.271225,43,2,1,0,0,2,0,0,2,0,7,50,0,1259,5151,8,21,40,1,0,1,1,0
1257139,2,2021,2021,4,0,11,42,10,39,172,0,1,1,-32.88431,151.566277,37,0,2,1,0,0,0,0,0,0,7,80,2,1945,1945,5,0,40,1,0,0,1,1
1257140,4,2020,2020,9,1,10,2,7,29,34609,0,1,1,-33.919081,150.886912,41,0,2,0,2,0,0,0,0,0,7,50,0,2585,4009,8,5,40,1,0,2,0,0
1257141,1,2021,2021,7,6,10,6,27,168,34609,0,1,1,-33.716563,150.850859,7,0,2,1,0,0,0,0,0,0,7,60,0,3775,3775,0,33,25,2,0,0,0,1
1257143,2,2021,2021,4,4,0,7,10,337,34609,0,1,1,-33.72392,151.024308,31,0,2,0,2,0,0,0,0,0,7,50,0,4552,5151,8,5,40,1,0,0,1,1
1257144,1,2021,2021,7,2,5,1,31,316,34609,0,1,1,-33.90544,151.250074,59,0,2,1,0,0,0,0,2,0,7,50,0,1981,1981,4,22,0,2,0,0,0,1
1257145,4,2020,2020,2,2,11,866,17,278,793,0,1,1,-33.78522,151.040884,54,0,2,0,2,0,0,0,0,0,7,60,2,4552,5151,8,5,40,1,0,1,0,0
1257147,2,2021,2021,4,2,8,21,31,78,34609,0,1,9,-28.328056,153.387853,72,2,1,1,1,0,0,0,2,0,0,50,0,2852,2852,4,19,19,2,0,0,1,0
1257149,2,2020,2020,2,5,4,5,27,7,143,0,1,1,-33.026317,149.709728,44,1,0,0,0,0,3,4,2,0,7,100,2,1850,1463,5,5,40,1,0,0,1,1
1257152,2,2021,2021,3,1,3,348,17,105,232,1,0,1,-32.598784,149.583246,44,2,1,1,0,0,0,0,2,0,9,50,2,14295,14295,3,5,13,3,0,0,2,0
1257155,2,2020,2020,10,0,8,39,36,11,79,0,1,1,-33.784667,151.20054,77,0,2,0,1,0,0,0,2,0,7,60,2,1282,1282,1,5,19,2,0,0,1,0
1257156,2,2021,2021,4,4,5,18,31,137,34609,0,1,9,-32.962884,151.691314,37,0,2,1,0,0,3,4,2,0,0,50,0,2852,2852,4,5,5,2,0,0,1,0
1257158,4,2020,2020,2,5,5,110,27,113,48,0,1,2,-34.321095,150.887527,80,0,2,0,3,0,3,4,2,0,7,100,2,1957,4009,8,5,40,1,0,1,0,0
1257159,2,2020,2020,2,1,0,100,27,140,100,0,1,2,-33.79071,150.854622,7,0,2,1,2,0,0,0,0,0,7,70,2,14295,14295,3,10,25,2,0,0,1,0
1257161,4,2021,2021,4,2,7,3,34,8,34609,0,1,1,-33.375278,150.150798,40,1,0,1,0,2,0,0,2,0,7,100,0,1945,1945,5,16,40,1,0,1,0,0
1257162,2,2021,2021,3,1,6,49,27,246,321,0,1,10,-33.896921,151.198304,69,0,2,1,3,0,0,0,2,2,7,50,2,1391,1391,1,0,5,2,0,0,1,0
1257163,4,2021,2021,4,5,8,80,27,316,50,0,1,2,-33.905865,151.230182,59,0,2,1,1,0,0,0,2,0,7,60,2,14295,14295,3,16,5,4,0,1,3,0
1257165,4,2021,2021,3,4,4,4,27,13,4,0,1,1,-30.853768,152.927031,34,2,1,1,0,0,3,4,2,0,7,80,1,380,714,5,28,40,1,0,1,0,0
1257167,1,2021,2021,7,5,3,10,27,56,174,0,1,9,-32.986972,151.518272,37,0,2,1,1,0,0,0,1,0,15,80,2,2852,2852,4,0,0,2,0,0,0,1
1257168,2,2021,2021,3,4,5,3371,17,39,3342,0,1,2,-29.794564,153.025993,18,1,0,0,0,0,3,0,2,0,7,110,2,1957,4009,8,10,40,1,0,0,1,0
1257169,2,2021,2021,3,3,6,143,31,44,34609,0,1,1,-33.747386,150.7194,55,0,2,1,1,0,0,0,2,0,7,50,0,1109,787,1,10,19,2,0,0,1,0
1257175,2,2021,2021,4,2,11,7,31,48,34609,0,1,9,-33.92113,147.202192,51,2,1,1,2,0,0,0,0,0,7,50,0,489,489,8,5,40,1,0,0,1,0
1257177,4,2021,2021,3,5,6,10,27,108,34609,0,1,1,-33.765085,151.261909,50,0,2,1,0,0,0,0,2,0,7,50,0,2040,2040,9,21,28,2,0,1,0,0
1257179,2,2021,2021,3,2,7,36,27,14,36,0,1,1,-34.012969,150.804232,13,0,2,1,0,0,3,4,2,0,10,80,1,945,945,5,16,40,1,0,0,1,0
1257180,4,2021,2021,4,0,3,2,31,271,34609,0,1,1,-33.945214,151.011386,15,0,2,1,0,0,3,3,2,0,7,50,0,9859,9859,1,21,0,3,0,1,0,0
1257184,2,2021,2021,3,1,4,255,31,609,220,0,1,2,-33.772162,150.91222,7,0,2,1,0,0,0,0,2,0,7,60,2,238,238,9,5,28,2,0,0,1,0
1257187,2,2021,2021,3,0,9,2126,17,166,2149,0,1,10,-33.415109,149.57293,3,2,1,1,1,0,0,0,3,2,7,60,2,5929,5929,1,10,0,2,0,0,2,0
1257196,1,2021,2021,3,0,4,16,27,316,120,0,1,9,-33.907805,151.248847,59,0,2,1,3,0,0,0,2,0,0,50,2,6545,6545,4,0,36,2,0,0,0,1
1257200,1,2021,2021,7,5,9,103,27,167,563,0,1,2,-33.825055,151.051231,54,0,2,1,3,0,0,0,2,0,7,80,2,14295,14295,3,9,0,3,0,0,0,1
1257202,1,2021,2021,7,6,6,112,27,96,256,0,1,2,-34.052228,150.824375,13,0,2,0,3,0,0,0,2,0,7,60,2,1383,1383,1,5,5,2,0,0,0,1
1257204,2,2021,2021,3,5,9,33,31,96,34609,0,1,10,-35.344191,149.227947,58,2,1,1,3,0,0,0,2,0,0,50,0,6545,6545,4,10,36,2,0,0,1,0
1257207,4,2021,2021,7,5,8,11,1,111,34609,0,1,10,-33.698646,150.887562,7,0,2,1,3,0,0,0,2,0,15,50,0,6545,6545,4,5,0,2,0,2,0,0
1257211,2,2021,2021,3,2,3,177,31,314,208,0,1,7,-33.863045,150.947403,24,0,2,1,0,0,0,0,2,0,0,60,1,6545,6545,4,5,19,2,0,0,1,0
1257214,4,2021,2021,4,6,9,117,1,210,121,0,1,1,-34.040893,151.106587,68,0,2,1,1,0,0,0,3,0,7,60,1,1945,1945,5,15,40,1,0,1,0,0
1257215,4,2021,2021,3,0,7,916,17,66,917,0,1,2,-32.811502,151.667856,48,0,2,1,1,0,3,3,2,0,7,80,2,14295,14295,3,10,5,5,0,1,0,0
1257217,4,2021,2021,3,0,4,39,36,131,79,0,1,9,-33.783856,151.199375,77,0,2,1,0,0,0,0,2,0,0,60,2,5929,5929,1,5,5,2,0,2,0,0
1257221,2,2021,2021,3,2,7,220,14,130,220,0,1,3,-34.470246,150.835805,80,0,2,1,1,0,3,0,2,0,7,100,2,4026,4026,8,0,40,1,0,0,1,0
1257222,4,2020,2020,2,0,1,348,17,18,232,0,1,1,-29.565399,148.04538,51,1,0,1,0,0,0,0,0,0,7,110,2,4026,4026,8,34,40,1,0,1,1,0
1257223,2,2021,2021,4,0,11,2261,17,35,2252,0,1,3,-34.204486,150.698735,79,1,2,1,0,0,3,4,0,0,7,110,2,14295,14295,3,5,2,2,0,0,1,0
1257226,2,2021,2021,7,6,4,1,31,56,40,0,1,1,-33.39494,149.153024,52,2,1,0,0,0,0,0,2,0,7,50,1,941,941,1,0,13,2,0,0,1,0
1257227,1,2020,2020,10,0,6,168,17,6,212,0,1,1,-35.483751,149.893341,58,1,0,0,0,0,0,0,2,0,7,100,2,83,83,5,5,40,1,0,0,0,1
1257230,4,2021,2021,3,2,7,51,27,85,34609,0,1,10,-33.910862,150.875153,41,0,2,1,1,0,3,4,2,2,7,50,0,5929,5929,1,10,5,2,0,1,1,0
1257237,2,2021,2021,4,0,8,103,27,35,256,0,1,7,-34.114399,150.797625,13,0,2,1,3,0,2,6,2,0,0,70,2,14295,14295,3,10,5,5,0,0,1,0
1257238,1,2021,2021,7,2,5,153,27,188,147,0,1,1,-33.951136,151.092343,25,0,2,1,1,0,0,0,2,0,7,60,2,14295,14295,3,5,5,2,0,0,0,1
1257239,2,2021,2021,3,4,8,2209,17,4,2205,0,1,9,-36.304326,150.093573,23,1,0,1,0,0,0,0,2,0,0,100,2,5929,5929,1,30,19,2,0,0,1,0
1257241,2,2021,2021,7,3,7,98,31,3,34609,0,1,10,-33.094845,151.547874,37,0,2,1,1,0,0,0,2,0,0,50,0,6545,6545,4,0,5,2,0,0,1,0
1257243,4,2021,2021,3,5,7,7,27,26,139,0,1,1,-33.388058,145.247994,51,1,0,1,0,2,0,0,2,0,7,100,1,945,945,5,9,40,1,0,1,0,0
1257244,2,2021,2021,7,2,6,40,31,179,34609,0,1,1,-33.761391,150.7142,55,0,2,1,0,0,0,0,2,0,7,50,0,14295,14295,3,0,5,2,0,0,1,0
1257245,4,2020,2020,11,4,8,19,27,108,34609,0,1,9,-33.761765,151.278762,50,0,2,1,1,0,0,0,2,0,15,50,0,6545,6545,4,30,19,2,0,1,0,0
1257246,2,2021,2021,7,6,2,1,27,132,49,0,1,1,-29.786562,151.120772,33,2,1,0,0,0,3,3,1,0,7,60,1,1259,5151,8,5,40,1,0,0,1,0
1257247,1,2021,2021,4,5,7,222,27,98,70,0,1,9,-33.733213,151.056283,31,0,2,1,3,0,0,0,2,0,7,60,2,5929,5929,1,5,19,2,0,0,0,1
1257252,2,2021,2021,7,1,5,12,27,18,42,0,1,9,-33.53829,150.79421,29,2,2,0,1,0,0,0,2,0,0,80,1,2852,2852,4,0,5,2,0,0,1,1
1257256,2,2021,2021,7,0,8,53,31,323,34609,0,1,9,-33.749113,150.996654,71,0,2,1,0,0,0,0,2,0,7,50,0,5929,5929,1,0,5,2,0,0,2,1
1257260,1,2021,2021,4,5,7,44,31,41,605,0,1,10,-33.780789,151.267751,50,0,2,1,1,0,0,0,2,2,7,60,2,2040,2040,9,9,28,2,0,0,0,1
1257261,4,2021,2021,4,1,8,5,1,109,34609,0,1,9,-33.964008,150.871567,41,0,2,1,1,0,0,0,2,0,7,50,0,3775,3775,0,5,5,2,0,1,3,0
1257262,4,2021,2021,7,5,8,114,27,118,34609,0,1,1,-33.396656,151.288089,16,2,2,1,0,0,0,0,2,0,7,70,0,1192,1192,1,22,19,2,0,1,1,0
1257264,4,2021,2021,3,0,4,17,27,24,34609,0,1,9,-34.014874,150.709383,12,0,2,1,1,0,0,0,2,0,15,80,0,2852,2852,4,5,5,2,0,1,0,1
1257265,2,2020,2020,2,3,6,251,27,115,212,0,1,2,-33.753195,151.240172,50,0,2,0,1,0,0,0,2,0,7,70,2,623,623,3,5,5,2,0,0,1,0
1257266,2,2021,2021,7,0,9,57,36,112,769,0,1,10,-33.611868,150.813812,29,2,2,1,2,0,0,0,3,2,9,60,2,591,591,1,17,5,2,0,0,1,0
1257267,4,2021,2021,4,5,9,196,10,70,168,0,1,9,-33.914058,150.975531,15,0,2,1,2,0,0,0,3,2,7,60,2,5929,5929,1,5,5,2,0,1,2,0
1257269,4,2021,2021,3,3,6,120,36,10,148,0,1,1,-30.39846,152.7479,6,1,0,0,0,0,0,0,2,0,7,100,2,1957,4009,8,16,40,1,0,1,1,0
1257270,1,2021,2021,3,1,4,16,2,168,34609,0,1,7,-33.694495,150.820989,7,0,2,1,1,0,0,0,2,0,0,50,0,1669,1669,3,5,19,2,0,0,0,1
1257271,4,2021,2021,3,2,5,346,17,35,332,0,1,7,-28.812652,153.267202,39,2,1,1,1,0,0,0,2,0,0,60,2,1945,1945,5,16,40,1,0,1,0,0
1257272,2,2021,2021,4,0,11,15,27,103,34609,0,1,9,-28.821578,153.319493,39,2,1,0,2,0,0,0,0,0,7,50,0,4552,5151,8,5,40,1,0,0,1,0
1257274,2,2021,2021,4,6,7,16,1,202,118,0,1,10,-33.944901,151.028549,15,0,2,1,1,0,0,0,2,0,0,60,1,1669,1669,3,0,5,2,0,0,1,0
1257275,1,2021,2021,3,0,7,143,31,290,28,0,1,9,-33.8484,150.993164,21,0,2,1,3,0,0,0,2,0,7,50,1,623,623,3,0,13,2,0,0,0,2
1257276,1,2021,2021,3,0,7,1052,14,83,928,0,1,3,-33.505154,151.188797,16,1,2,0,3,0,0,0,2,0,7,100,2,14295,14295,3,5,5,3,0,0,0,1
1257278,2,2021,2021,3,3,8,34,27,38,117,0,1,2,-32.922677,151.70075,48,0,2,1,1,0,0,0,2,0,7,60,2,3775,3775,0,5,5,3,0,0,1,1
1257279,2,2021,2021,4,0,4,3,13,12,34609,0,1,0,-32.92911,151.790019,48,0,2,1,1,0,0,0,2,0,7,30,0,387,387,1,22,0,2,0,0,1,0
1257283,2,2021,2021,7,6,1,171,27,89,369,0,1,1,-33.670967,150.752256,55,0,2,0,3,0,3,4,0,0,7,80,2,3775,3775,0,5,35,2,0,0,1,0
1257284,1,2021,2021,7,4,8,178,27,189,101,0,1,1,-33.953495,151.05171,25,0,2,1,3,0,0,0,2,0,7,50,1,14295,14295,3,5,0,2,0,0,0,1
1257285,1,2021,2021,3,6,7,2261,17,523,2252,0,1,2,-33.922098,150.918998,41,0,2,1,3,0,0,0,2,0,7,60,2,14295,14295,3,5,5,2,0,0,0,1
1257286,1,2021,2021,3,5,6,6,31,9,58,0,1,9,-32.911335,151.758711,48,0,2,1,3,0,0,0,2,0,7,70,2,248,248,1,30,5,2,0,0,0,1
1257287,1,2020,2020,2,1,8,97,17,61,88,0,1,9,-35.178786,149.268169,58,1,0,1,0,0,0,0,2,0,7,110,2,515,515,1,5,0,2,0,0,0,1
1257289,2,2021,2021,7,4,8,38,27,337,35,0,1,9,-33.717278,150.974992,71,0,2,1,3,0,0,0,2,0,15,60,1,2852,2852,4,0,0,2,0,0,1,0
1257291,1,2021,2021,3,6,8,478,17,69,480,0,1,10,-33.353627,151.48888,16,2,2,1,3,0,0,0,2,3,7,50,2,5929,5929,1,21,5,2,0,0,0,1
1257293,1,2021,2021,3,6,9,866,17,98,793,0,1,9,-33.739043,151.071129,31,0,2,1,3,0,0,0,3,2,7,70,2,14295,14295,3,10,5,2,0,0,0,1
1257296,1,2021,2021,7,1,5,2261,17,523,2252,0,1,10,-33.919426,150.91936,41,0,2,1,3,0,0,0,2,2,7,60,2,14295,14295,3,9,5,2,0,0,0,1
1257298,1,2021,2021,3,1,11,149,27,60,198,0,1,9,-33.942422,150.942694,41,0,2,1,3,0,3,4,0,2,7,60,2,14295,14295,3,5,5,2,0,0,0,1
1257299,2,2021,2021,7,5,8,149,10,346,702,0,1,2,-33.87968,151.068477,67,0,2,1,3,0,0,0,2,0,7,80,2,14295,14295,3,0,0,2,0,0,1,0
1257305,2,2021,2021,7,5,6,2,27,4,34609,0,1,9,-29.428374,153.176539,18,2,1,1,0,0,0,0,2,0,15,60,0,489,489,8,8,40,1,0,0,1,0
1257308,2,2021,2021,7,1,11,11,27,36,34609,0,1,9,-33.797618,150.942613,21,0,2,1,0,0,0,0,0,0,7,50,0,9859,9859,8,0,40,1,0,0,1,0
1257310,4,2021,2021,4,2,11,21,31,51,34609,0,1,1,-34.211395,150.977274,80,0,2,0,0,0,0,0,0,0,7,70,0,4552,5151,8,10,40,1,0,1,0,0
1257311,2,2021,2021,7,6,2,512,17,562,441,0,1,7,-32.257183,148.629164,22,2,1,1,2,0,0,0,0,0,0,60,2,6545,6545,4,10,13,2,0,0,1,0
1257312,4,2020,2020,11,0,5,485,27,323,769,0,1,10,-33.761977,150.992848,71,0,2,1,3,0,0,0,2,2,9,60,2,591,591,1,22,5,2,0,1,0,0
1257315,2,2021,2021,7,1,5,20,1,113,10,0,1,10,-29.479408,149.838834,51,2,1,1,1,0,0,0,2,0,0,50,1,6545,6545,4,0,13,3,0,0,3,0
1257316,2,2021,2021,3,2,5,92,31,363,34609,0,1,1,-33.753425,150.696706,55,0,2,1,0,0,0,0,2,0,7,40,0,387,387,1,22,0,2,0,0,1,0
1257320,1,2021,2021,7,4,8,916,17,9,917,0,1,1,-32.403116,150.984408,64,1,0,1,0,0,0,0,2,0,7,100,2,14295,14295,3,10,5,2,0,0,0,1
1257323,2,2020,2020,9,3,9,171,27,71,369,0,1,9,-33.785013,150.704232,55,0,2,1,1,0,0,0,2,2,7,60,2,2852,2852,4,10,0,2,0,0,1,0
1257326,2,2020,2020,11,0,4,28,10,12,70,0,1,2,-31.938694,152.467899,43,2,1,1,1,0,0,0,2,0,7,70,1,1945,1945,5,16,40,1,0,0,1,0
1257327,2,2021,2021,3,4,7,165,31,363,34609,0,1,10,-33.813279,151.002233,54,0,2,1,0,0,3,4,2,2,7,40,0,1220,1220,9,5,28,2,0,0,1,0
1257328,2,2021,2021,7,0,11,35,34,316,34609,0,1,1,-31.488705,152.907445,56,2,1,0,0,2,3,4,0,0,7,50,0,4552,5151,8,5,40,1,0,0,1,1
1257330,4,2021,2021,7,5,7,1,1,145,19,0,1,9,-33.929967,151.12451,15,0,2,0,0,0,0,0,2,0,7,50,1,4552,5151,8,16,40,1,0,1,0,0