Crash ID,Degree of crash - detailed,Reporting year,Year of crash,Month of crash,Day of week of crash,Two-hour intervals,Street of crash,Street type,Town,Route no.,School zone location,School zone active,Type of location,Latitude,Longitude,LGA,Urbanisation,Conurbation 1,Alignment,Street lighting,Road surface,Surface condition,Weather,Natural lighting,Signals operation,Other traffic control,Speed limit,Road classification,RUM - code,DCA - code,First impact type,Key TU type,Other TU type,No. of traffic units involved,No. killed,No. seriously injured,No. moderately injured,No. minor-other injured
1257333,2,2021,2021,7,4,5,80,31,77,42,0,1,9,-32.948038,151.755831,48,0,2,1,1,0,0,0,2,0,0,50,1,1259,985,8,30,40,3,0,0,2,0
1257335,1,2021,2021,7,5,7,161,17,9,161,0,1,1,-35.91044,148.580843,65,2,1,0,0,0,0,0,2,0,7,80,2,4552,5151,8,16,40,1,0,0,0,1
1257336,4,2021,2021,3,6,3,44,31,160,260,0,1,9,-33.108347,151.487812,37,0,2,0,2,0,0,0,1,0,0,50,2,2040,2040,9,10,28,2,0,1,0,0
1257338,2,2021,2021,7,5,7,24,31,237,34609,0,1,10,-33.869259,150.953354,24,0,2,1,0,0,0,0,2,2,0,50,0,6545,6545,4,0,13,2,0,0,1,0
1257339,2,2021,2021,3,1,6,2126,17,163,2149,1,0,9,-33.86858,151.102997,14,0,2,1,1,0,0,0,2,2,7,60,2,5929,5929,1,30,10,2,0,0,1,0
1257340,2,2021,2021,3,2,4,5,10,55,34609,0,1,6,-35.377428,149.18931,58,2,1,0,1,0,0,0,2,0,7,80,0,1957,4009,8,0,40,1,0,0,1,0
1257361,2,2020,2020,9,1,3,3371,17,149,3342,0,1,7,-33.345659,151.36991,16,2,2,0,3,0,0,0,1,0,0,60,2,14295,14295,3,5,5,2,0,0,1,1
1257362,4,2021,2021,4,2,11,82,31,370,15,0,1,10,-34.063657,150.816999,13,0,2,1,2,0,3,4,0,2,7,60,1,5929,5929,1,5,19,2,0,1,0,0
1257366,2,2021,2021,3,0,8,916,17,13,917,0,1,9,-32.555048,151.153775,64,2,1,0,0,0,0,0,2,0,0,60,2,2852,2852,4,5,5,2,0,0,1,0
1257367,1,2020,2020,2,6,4,15,27,17,91,0,1,1,-34.82089,149.246546,74,1,0,1,0,0,0,3,2,0,7,100,1,3775,3775,0,5,5,2,0,0,0,4
1257368,2,2020,2020,9,1,3,14,31,36,34609,0,1,1,-36.089413,146.914031,0,2,1,1,3,0,0,0,2,0,14,50,0,220,220,1,10,5,2,0,0,1,0
1257369,2,2020,2020,2,3,8,23,14,34,22,0,1,6,-33.860768,151.204309,69,0,2,0,1,0,0,0,2,0,7,70,2,2585,4009,8,16,40,1,0,0,1,0
1257370,1,2020,2020,2,1,8,168,10,102,260,0,1,2,-33.94492,151.187065,4,0,2,1,3,0,0,0,2,0,7,70,2,14295,14295,3,8,5,3,0,0,0,1
1257373,2,2020,2020,2,0,0,150,27,173,415,0,1,2,-33.786841,151.126516,61,0,2,1,2,0,0,0,0,0,7,70,2,3775,3775,0,30,5,2,0,0,2,0
1257376,1,2020,2020,2,6,7,13,27,6,34609,0,1,1,-35.530537,148.048472,66,1,0,0,0,0,0,0,2,0,7,100,0,4552,5151,8,16,40,1,0,0,0,2
1257378,4,2021,2021,3,3,1,2,10,60,34609,0,1,7,-34.013798,150.730382,12,0,2,1,2,0,0,1,0,0,0,60,0,4026,4026,8,0,40,1,0,1,0,0
1257379,2,2020,2020,2,1,4,7,27,43,34609,0,1,1,-34.127656,150.668048,79,2,2,1,0,0,0,0,2,0,7,80,0,2585,4009,8,0,40,1,0,0,1,0
1257380,4,2021,2021,4,0,0,54,27,32,49,0,1,1,-32.943507,151.723319,48,0,2,0,0,0,3,6,0,0,7,60,1,3775,3775,0,30,13,2,0,1,3,1
1257381,2,2021,2021,3,6,5,2,27,103,34609,0,1,9,-34.28202,148.33322,30,2,1,0,1,2,0,0,2,0,7,50,0,4552,5151,8,8,40,1,0,0,1,0
1257384,2,2020,2020,2,2,2,11,27,62,34609,0,1,1,-33.736936,150.607826,8,2,2,1,2,0,3,4,1,0,7,50,0,1945,1945,5,23,40,1,0,0,2,0
1257385,2,2021,2021,3,3,6,32,1,646,34609,0,1,10,-33.922615,151.028702,15,0,2,1,0,0,0,0,2,0,0,50,0,6545,6545,4,5,19,2,0,0,1,0
1257387,2,2020,2020,2,5,6,866,17,61,793,0,1,10,-33.899424,150.919113,24,0,2,1,1,0,0,0,2,2,7,70,2,14295,14295,3,19,0,2,0,0,1,0
1257389,2,2020,2020,2,4,4,3371,17,49,3342,0,1,2,-33.206979,151.516625,16,2,2,0,0,0,0,0,2,0,7,70,2,14295,14295,3,0,12,2,0,0,1,0
1257392,2,2020,2020,2,6,0,16,36,54,43,0,1,7,-28.514212,153.529722,10,2,1,1,2,0,3,4,0,0,0,50,1,78,78,8,5,40,1,0,0,1,0
1257396,1,2021,2021,7,5,5,126,27,370,168,0,1,9,-34.063232,150.786838,13,0,2,1,3,0,0,3,2,2,7,80,2,5929,5929,1,0,36,2,0,0,0,1
1257400,4,2021,2021,4,6,4,1,31,6,34609,0,1,9,-34.050142,151.033934,68,0,2,1,0,0,0,0,2,0,7,50,0,323,323,1,22,13,2,0,1,0,0
1257401,1,2021,2021,7,0,7,4,27,51,34609,0,1,9,-34.473225,150.791771,80,0,2,1,3,0,0,0,2,0,15,80,0,14295,14295,3,0,0,2,0,0,0,3
1257404,4,2021,2021,7,0,6,916,17,70,917,0,1,2,-32.724603,151.543739,42,2,1,0,3,0,0,0,2,0,7,60,2,14295,14295,3,0,0,3,0,1,0,0
1257405,2,2021,2021,7,6,8,54,27,284,18,0,1,9,-33.898655,151.034317,15,0,2,1,3,0,0,0,2,0,7,60,1,5929,5929,1,5,0,2,0,0,1,1
1257408,2,2021,2021,3,3,7,1,22,169,34609,0,1,1,-33.622673,150.735849,29,2,2,1,3,0,0,0,2,0,7,80,0,77,77,1,5,40,1,0,0,1,0
1257413,1,2021,2021,4,6,4,478,17,69,480,0,1,7,-33.368897,151.475601,16,2,2,1,3,0,0,0,2,0,0,60,2,395,395,1,0,0,2,0,0,0,1
1257414,1,2021,2021,7,4,4,63,27,15,34609,0,1,1,-33.780712,151.282573,50,0,2,1,3,0,3,4,2,0,7,50,0,1945,1945,5,15,40,1,0,0,0,1
1257421,2,2020,2020,2,1,7,149,36,3,113,0,1,1,-32.303664,152.520453,43,2,1,1,0,0,0,0,2,0,7,60,1,14295,14295,3,5,5,3,0,0,1,0
1257422,2,2021,2021,4,6,10,2126,17,26,2149,0,1,2,-33.702371,150.576092,8,2,2,0,0,0,3,4,0,0,7,80,2,1957,4009,8,5,40,1,0,0,1,0
1257423,1,2020,2020,1,2,6,10,1,89,34609,0,1,7,-33.386688,151.46254,16,2,2,1,1,0,0,0,2,0,0,50,0,4026,4026,8,16,40,1,0,0,0,1
1257425,4,2021,2021,3,5,4,5,1,80,34609,0,1,4,-33.814501,151.168718,38,0,2,1,1,0,0,0,2,0,9,40,0,2040,2040,9,0,28,2,0,1,0,0
1257430,2,2021,2021,3,0,8,78,1,24,7,1,0,1,-33.417052,150.071127,40,2,1,1,0,0,0,0,2,0,7,50,1,4026,4026,8,5,40,1,0,0,1,0
1257432,1,2021,2021,7,2,5,5,27,173,34609,0,1,7,-33.767877,151.104936,61,0,2,1,1,0,0,0,2,0,0,50,0,6545,6545,4,5,27,2,0,0,0,1
1257434,2,2021,2021,7,1,11,16,27,18,34609,0,1,1,-29.477553,147.989182,51,1,0,1,0,2,3,4,0,0,7,100,0,9859,9859,8,0,40,1,0,0,1,0
1257437,2,2021,2021,3,2,10,3,7,9,34609,1,0,9,-34.002374,151.068357,68,0,2,1,2,0,0,0,0,0,9,50,0,9859,9859,8,5,40,1,0,0,1,0
1257438,2,2021,2021,7,2,6,14,31,32,34609,0,1,1,-30.220281,151.671594,1,2,1,1,1,0,0,0,2,0,7,50,0,2040,2040,9,0,28,2,0,0,1,0
1257439,2,2021,2021,3,4,4,204,31,252,34609,0,1,1,-33.883575,151.21611,69,0,2,1,0,0,0,0,2,0,7,40,0,1109,787,1,5,27,2,0,0,1,0
1257440,2,2021,2021,7,3,11,18,27,13,20,0,1,1,-33.717496,150.000462,40,1,0,0,0,0,3,4,0,0,7,100,2,1259,5151,8,5,40,1,0,0,1,0
1257442,2,2021,2021,7,0,9,97,17,17,88,0,1,2,-34.891491,149.520414,26,1,0,0,0,0,0,0,2,0,7,110,2,1383,1383,1,30,5,2,0,0,1,0
1257443,1,2021,2021,7,3,7,2209,17,12,2205,0,1,2,-34.926271,150.603953,63,2,1,1,1,0,0,0,2,0,7,70,2,1945,1945,5,16,40,1,0,0,0,1
1257445,2,2021,2021,3,1,7,2209,17,70,2205,0,1,2,-34.840229,150.594778,63,2,1,1,1,0,0,0,2,0,6,60,2,1981,1981,4,5,25,2,0,0,1,1
1257446,4,2021,2021,3,4,4,2126,17,363,2149,0,1,9,-33.823987,151.004427,54,0,2,1,1,0,0,0,2,0,0,60,2,14295,14295,3,5,12,2,0,1,0,0
1257451,2,2021,2021,3,0,7,2,31,16,34609,0,1,9,-36.426826,150.07731,5,2,1,1,1,0,0,0,2,0,0,50,0,1945,1945,5,16,40,1,0,0,1,0
1257452,2,2021,2021,3,2,9,11,27,5,34609,0,1,1,-33.407655,151.38329,16,2,2,0,3,0,3,4,3,0,7,50,0,3775,3775,0,5,13,2,0,0,1,0
1257453,4,2021,2021,3,3,7,7,27,22,34609,0,1,1,-33.436646,150.927323,71,0,2,0,0,0,0,0,2,0,7,60,0,1850,1463,5,16,40,1,0,1,0,0
1257454,2,2020,2020,2,1,9,10,27,7,4,0,1,1,-31.368852,150.491566,51,1,0,0,0,0,3,4,0,0,13,100,1,273,957,5,5,40,1,0,0,1,0
1257459,1,2021,2021,3,3,7,1,1,29,34609,0,1,1,-33.750313,150.799387,7,0,2,1,0,0,0,0,2,0,7,50,0,323,323,1,10,5,2,0,0,0,1
1257461,2,2021,2021,3,2,8,2209,17,35,2205,0,1,1,-35.481065,150.34163,63,1,0,0,0,0,0,0,2,0,7,100,2,101,101,8,0,40,2,0,0,1,0
1257464,2,2021,2021,7,0,5,24,27,65,78,0,1,1,-33.567991,150.126795,40,2,1,0,0,0,3,4,2,0,7,80,2,1850,1463,5,10,40,1,0,0,1,0
1257469,1,2021,2021,4,0,2,1104,14,39,962,0,1,3,-33.783056,150.760108,55,0,2,1,2,0,0,0,0,0,7,110,2,1945,1945,5,16,40,1,0,0,0,1
1257471,2,2021,2021,3,2,8,6,31,171,34609,0,1,1,-33.809503,150.963614,21,0,2,1,0,0,0,0,2,0,7,50,0,237,162,8,5,40,1,0,0,1,0
1257474,2,2021,2021,7,1,4,280,10,237,240,0,1,10,-33.863953,150.954285,24,0,2,1,0,0,0,0,2,2,7,60,2,387,387,1,29,5,2,0,0,1,0
1257476,4,2021,2021,3,3,7,866,17,157,793,0,1,9,-33.795778,151.013569,54,0,2,0,1,0,0,0,2,2,8,60,2,14295,14295,3,0,5,2,0,1,0,0
1257481,2,2021,2021,4,2,5,205,27,161,415,0,1,10,-33.727922,151.164698,36,0,2,1,1,0,0,0,2,3,7,60,2,14295,14295,3,0,5,2,0,0,1,0
1257482,1,2021,2021,3,2,5,9,1,147,34609,0,1,1,-33.871007,151.132185,14,0,2,1,3,0,3,4,2,0,7,50,0,1981,1981,4,5,0,2,0,0,0,1
1257486,4,2021,2021,4,3,1,75,10,387,165,0,1,2,-33.935922,151.207288,4,0,2,0,0,0,0,0,0,0,7,80,2,1259,5151,8,0,40,1,0,1,1,0
1257488,4,2021,2021,7,0,3,191,17,562,189,0,1,7,-32.24142,148.622226,22,2,1,1,1,0,0,0,2,0,0,60,2,775,775,4,10,27,2,0,1,0,0
1257490,4,2021,2021,3,3,4,40,27,162,34609,0,1,1,-33.840492,150.893744,24,0,2,0,1,0,0,0,2,0,7,60,0,4552,5151,8,5,40,1,0,1,0,1
1257493,2,2021,2021,3,1,9,294,31,370,34609,0,1,1,-34.072064,150.821123,13,0,2,1,2,0,3,4,0,0,7,50,0,9859,9859,1,5,5,3,0,0,1,0
1257494,4,2021,2021,4,5,4,2,10,323,34609,0,1,7,-33.737247,150.973469,71,0,2,1,1,0,0,0,2,0,0,50,0,2852,2852,4,0,27,2,0,1,0,0
1257498,2,2021,2021,4,4,9,46,27,148,43,0,1,9,-36.051059,146.932558,0,2,1,1,1,0,0,0,2,2,7,60,1,926,926,4,0,20,2,0,0,1,0
1257499,2,2021,2021,7,6,10,48,31,121,102,0,1,9,-33.799224,151.284376,50,0,2,1,3,0,3,4,0,2,7,30,2,5929,5929,1,5,5,2,0,0,1,0
1257500,1,2021,2021,7,4,2,13,31,122,34609,0,1,7,-33.426544,151.33844,16,2,2,1,3,0,0,0,1,0,7,60,0,3775,3775,0,5,5,2,0,0,0,1
1257502,2,2021,2021,7,0,8,157,17,123,158,0,1,9,-33.836889,148.623341,51,1,0,1,3,0,0,0,2,0,0,100,2,926,926,4,10,0,2,0,0,2,0
1257504,1,2021,2021,3,6,8,15,27,69,34609,0,1,9,-32.901158,151.691265,48,0,2,1,3,0,0,0,2,0,0,40,0,14295,14295,3,0,5,2,0,0,0,1
1257508,1,2021,2021,7,5,8,2,23,120,34609,0,1,2,-32.200509,152.52469,43,2,1,1,3,0,0,6,2,0,7,50,0,1981,1981,4,10,13,2,0,0,0,1
1257511,1,2021,2021,3,4,7,24,27,201,47,0,1,7,-33.989067,150.85939,13,0,2,0,3,0,3,0,2,0,0,60,1,2852,2852,4,29,5,2,0,0,0,1
1257516,2,2021,2021,7,3,5,101,10,239,121,0,1,7,-34.038626,151.134349,68,0,2,1,1,0,0,0,2,0,0,70,1,6545,6545,4,10,27,2,0,0,1,0
1257517,2,2021,2021,7,0,10,171,27,113,369,0,1,10,-33.793881,150.699206,55,0,2,1,2,0,3,4,0,2,7,50,2,5929,5929,1,5,10,2,0,0,1,0
1257521,4,2021,2021,7,5,11,361,31,32,34609,0,1,1,-33.867807,150.965737,24,0,2,1,2,0,0,0,0,0,7,50,0,368,368,9,0,28,2,0,1,0,0
1257524,1,2021,2021,3,2,5,175,27,609,220,0,1,10,-33.763728,150.913221,7,0,2,1,1,0,0,0,2,2,7,70,2,6545,6545,4,9,5,2,0,0,0,1
1257529,1,2021,2021,7,0,9,3,25,10,34609,0,1,9,-33.403642,149.548216,3,2,1,1,2,0,0,0,3,0,7,50,0,186,186,9,5,28,2,0,0,0,1
1257530,2,2021,2021,7,0,10,2126,17,78,2149,0,1,2,-33.702093,150.575367,8,2,2,0,0,0,3,4,3,0,7,80,2,1259,5151,8,29,40,1,0,0,1,0
1257532,1,2021,2021,4,4,3,98,27,294,198,0,1,1,-33.927392,150.929108,41,0,2,1,0,0,0,0,2,0,7,60,2,14295,14295,3,10,36,2,0,0,0,1
1257534,2,2021,2021,7,4,1,103,27,41,256,0,1,10,-34.102171,150.802312,13,0,2,1,2,0,0,0,0,2,7,70,2,14295,14295,3,34,13,2,0,0,2,0
1257536,4,2021,2021,3,1,7,15,31,133,34609,0,1,9,-33.925407,151.016708,15,0,2,1,1,0,0,0,2,0,7,50,0,5929,5929,1,5,0,2,0,1,0,0
1257537,4,2021,2021,4,5,6,2,1,99,34609,1,0,1,-33.888414,151.278101,76,0,2,1,0,0,0,0,2,0,7,40,0,14295,14295,3,0,18,3,0,1,0,0
1257539,2,2020,2020,2,6,6,192,10,57,114,0,1,2,-33.445398,151.372311,16,2,2,1,1,0,3,4,2,0,7,70,2,14295,14295,3,5,36,2,0,0,1,0
1257541,2,2020,2020,2,0,8,308,14,95,311,0,1,3,-33.743568,150.846827,7,0,2,1,1,0,0,0,2,0,7,100,2,9859,9859,8,5,40,1,0,0,1,0
1257542,2,2021,2021,3,0,4,194,31,20,34609,1,2,10,-30.224561,149.442016,51,2,1,1,0,0,0,0,2,0,0,40,0,6545,6545,4,5,5,2,0,0,2,0
1257543,4,2021,2021,3,2,6,35,27,84,33,0,1,1,-33.779028,151.105236,61,0,2,1,3,0,0,0,2,0,7,60,1,14295,14295,3,0,0,3,0,1,0,1
1257545,1,2021,2021,3,2,9,6,31,316,34609,0,1,10,-31.437081,152.902901,56,2,1,1,3,0,3,4,2,0,0,50,0,301,301,4,0,5,2,0,0,0,1
1257549,2,2021,2021,7,5,9,38,1,239,34609,0,1,9,-34.04146,151.124491,68,0,2,1,2,0,0,0,2,0,7,50,0,9859,9859,1,0,5,5,0,0,1,0
1257553,1,2021,2021,7,0,4,4,18,210,34609,1,0,9,-34.033338,151.098784,68,0,2,1,3,0,0,0,2,0,2,50,0,623,623,3,5,5,3,0,0,0,1
1257557,1,2021,2021,7,3,9,150,27,173,415,0,1,2,-33.779422,151.134268,61,0,2,0,3,0,3,4,0,0,7,70,2,1957,4009,8,34,40,1,0,0,0,1
1257560,1,2021,2021,4,1,8,41,10,117,34609,0,1,2,-28.186158,153.526158,72,2,1,1,3,0,0,0,2,0,7,50,0,14295,14295,3,30,5,2,0,0,0,1
1257563,2,2020,2020,11,3,11,1,31,125,34609,0,1,1,-33.861452,151.076081,67,0,2,1,2,0,0,0,0,0,7,50,0,9859,9859,1,28,10,2,0,0,1,0
1257566,2,2021,2021,7,0,9,83,27,169,147,0,1,9,-28.652494,153.615213,10,2,1,1,1,0,0,3,3,0,0,50,1,591,591,1,22,5,2,0,0,1,0
1257570,4,2021,2021,7,4,3,2126,17,62,2149,0,1,2,-33.744814,150.610904,8,2,2,1,3,0,0,0,2,0,7,60,2,14295,14295,3,30,5,2,0,1,0,0
1257573,4,2021,2021,7,2,6,7,27,7,34609,0,1,1,-28.317223,153.261117,72,2,1,0,0,0,0,0,2,0,7,80,0,1850,1463,5,16,40,1,0,1,0,0
1257575,2,2021,2021,7,2,4,5,31,523,34609,1,0,9,-33.930019,150.921799,41,0,2,1,0,0,0,0,2,0,0,50,0,2852,2852,4,0,5,2,0,0,1,0
1257577,4,2021,2021,3,0,7,16,31,271,18,0,1,9,-33.958361,151.01564,15,0,2,1,0,0,0,0,2,0,7,60,1,4026,4026,1,5,5,2,0,1,0,0
1257578,2,2021,2021,7,0,7,61,10,87,5,0,1,1,-33.065535,151.46892,37,0,2,1,0,0,0,3,2,0,7,60,0,1669,1669,3,10,0,2,0,0,2,1
1257581,4,2021,2021,7,5,6,296,27,460,293,0,1,9,-33.846757,150.997656,21,0,2,1,1,0,3,0,2,0,7,70,2,2040,2040,9,30,28,2,0,1,0,0
1257583,2,2021,2021,4,0,7,10,31,21,34609,0,1,10,-34.504788,144.849455,51,2,1,1,1,0,0,0,2,0,0,50,0,6545,6545,4,5,13,2,0,0,1,0
1257584,2,2020,2020,9,0,3,171,31,79,34609,0,1,9,-33.577564,150.714948,29,2,2,1,0,0,0,3,2,0,7,50,0,2852,2852,4,5,5,2,0,0,1,0
1257585,1,2021,2021,7,4,3,3371,17,40,3342,0,1,2,-32.036381,152.463125,43,1,0,0,0,0,0,3,2,0,7,110,2,14295,14295,3,8,10,2,0,0,0,1
1257586,2,2021,2021,3,3,7,334,17,4,308,0,1,1,-31.443818,152.446461,56,1,0,0,0,0,0,0,2,0,7,100,2,14295,14295,3,16,0,2,0,0,1,0
1257587,2,2021,2021,7,0,7,63,27,3,605,0,1,1,-33.803027,151.246178,45,0,2,1,0,0,0,0,2,0,7,60,2,1945,1945,5,15,40,1,0,0,1,0
1257588,2,2021,2021,3,0,6,60,27,253,331,0,1,10,-33.964562,151.101017,25,0,2,1,1,0,0,0,2,2,7,60,2,5929,5929,1,5,5,2,0,0,1,1
1257591,4,2021,2021,7,3,8,13,31,71,34609,0,1,1,-33.774662,150.704634,55,0,2,1,0,0,0,0,2,0,7,50,0,2040,2040,9,5,28,2,0,1,0,0
1257596,4,2021,2021,7,2,8,9,27,29,13,0,1,1,-32.688057,143.184363,51,1,0,1,0,2,0,3,2,0,7,100,1,1945,1945,5,16,40,1,0,1,0,0
1257602,4,2021,2021,4,2,3,2,18,58,34609,0,1,9,-32.979936,151.671685,37,0,2,1,1,0,3,0,1,0,7,50,0,9859,9859,1,0,5,2,0,1,0,0
1257603,2,2020,2020,2,6,3,19,31,108,34609,0,1,9,-28.866176,153.567837,2,2,1,1,1,0,3,4,2,0,7,50,0,591,591,1,18,13,2,0,0,1,0
1257604,2,2020,2020,10,1,8,27,10,24,34609,0,1,1,-36.21582,150.122562,23,2,1,0,1,0,0,0,2,0,7,50,0,1957,4009,8,9,40,1,0,0,1,0
1257609,1,2021,2021,7,5,9,104,27,137,140,0,1,9,-33.922828,151.206322,4,0,2,1,1,0,0,0,2,0,7,60,2,9859,9859,8,5,40,1,0,0,0,1
1257612,4,2021,2021,7,5,3,91,27,119,187,0,1,10,-33.874951,151.155162,32,0,2,1,1,0,0,0,2,2,7,70,2,14295,14295,3,8,12,3,0,1,0,0
1257623,2,2021,2021,3,0,2,103,36,8,103,0,1,1,-32.004835,152.12214,43,1,0,0,0,0,0,0,1,0,7,90,1,1089,1089,7,5,40,1,0,0,1,0
1257624,2,2021,2021,7,0,7,3,31,77,34609,0,1,10,-30.328061,149.786255,51,2,1,1,0,0,0,0,2,0,0,50,0,6545,6545,4,10,36,2,0,0,1,0
1257626,1,2021,2021,7,3,5,4,27,43,34609,0,1,7,-33.697446,151.299014,50,0,2,1,1,0,3,4,2,0,0,50,0,2040,2040,9,5,28,2,0,0,0,1
1257627,4,2020,2020,2,3,6,1,27,3,34609,0,1,1,-31.994757,150.521056,73,2,1,0,0,2,0,0,2,0,7,80,0,1850,1463,5,16,40,1,0,1,0,0
1257630,1,2021,2021,7,2,8,3371,10,316,34609,0,1,1,-31.460845,152.929286,56,2,1,1,1,0,0,0,2,0,7,50,0,9859,9859,1,5,4,2,0,0,0,1
1257631,2,2021,2021,4,0,8,2209,17,133,2205,0,1,9,-34.503027,150.788539,80,0,2,1,0,0,3,4,2,2,7,60,1,1669,1669,3,10,36,2,0,0,1,0
1257633,2,2021,2021,7,3,0,334,17,53,308,0,1,10,-31.090067,150.929282,70,2,1,1,2,0,0,0,0,2,9,50,2,14295,14295,3,10,5,2,0,0,1,0
1257635,2,2021,2021,7,2,2,1,27,73,34609,0,1,9,-33.724341,150.713474,55,0,2,0,2,0,0,0,0,0,7,50,0,2585,4009,8,22,40,1,0,0,1,0
1257637,2,2020,2020,2,6,11,149,36,32,113,0,1,1,-32.388984,152.247685,43,2,1,0,0,0,0,0,0,0,7,80,1,782,957,5,16,40,1,0,0,1,0
1257638,4,2021,2021,7,4,4,35,27,4,34609,0,1,1,-28.896442,153.434728,2,2,1,0,0,0,3,6,2,0,7,80,0,1957,4009,8,10,40,1,0,1,0,0
1257639,4,2021,2021,7,0,8,5,1,155,34609,0,1,1,-33.505762,151.317545,16,2,2,1,1,0,0,0,2,0,7,50,0,1981,1981,4,5,18,2,0,1,0,0
1257641,2,2021,2021,3,2,6,3,27,3,34609,0,1,1,-34.751424,150.701732,63,2,1,0,0,0,3,4,2,0,7,80,0,1957,4009,8,0,40,1,0,0,1,0
1257642,4,2021,2021,3,6,7,2209,17,130,2205,0,1,9,-34.451067,150.848138,80,0,2,1,1,0,0,3,2,0,7,60,2,14295,14295,3,10,41,4,0,1,0,0
1257644,2,2021,2021,7,4,4,475,10,137,268,0,1,2,-33.913838,150.907257,41,0,2,1,3,0,3,4,2,0,7,70,2,14295,14295,3,8,5,4,0,0,1,0
1257646,1,2021,2021,7,4,3,222,27,98,70,1,0,9,-33.737111,151.062742,31,0,2,1,3,0,0,0,2,2,7,60,2,14295,14295,3,5,0,2,0,0,0,1
1257647,1,2021,2021,7,3,6,89,36,10,81,0,1,9,-34.602195,148.753962,82,1,0,0,0,0,0,0,2,0,7,100,2,1957,4009,8,10,40,1,0,0,0,1
1257648,4,2021,2021,4,1,9,916,17,61,917,0,1,10,-29.739442,151.737791,51,2,1,1,1,0,0,0,2,0,0,60,2,6545,6545,4,5,0,2,0,1,0,0
1257649,2,2021,2021,7,0,4,2,27,194,34609,0,1,1,-30.543027,151.702551,1,1,0,0,0,0,3,4,2,0,7,100,0,1957,4009,8,5,40,1,0,0,1,0
1257651,2,2021,2021,3,3,6,196,10,7,168,0,1,1,-33.97192,151.023611,15,0,2,1,3,0,0,0,2,0,7,70,2,14295,14295,3,10,0,2,0,0,1,0
1257653,2,2021,2021,3,2,10,106,27,46,106,0,1,10,-33.926033,150.85347,41,0,2,1,3,0,0,0,3,2,7,70,2,14295,14295,3,10,5,2,0,0,1,0
1257654,1,2021,2021,3,0,7,12,31,80,321,0,1,9,-33.883121,151.204071,69,0,2,1,3,0,0,0,2,0,7,40,2,1391,1391,1,0,5,2,0,0,0,1
1257655,1,2021,2021,7,6,8,7,31,123,34609,0,1,1,-33.883998,151.233469,81,0,2,1,3,0,0,0,2,0,7,40,0,941,941,1,5,18,2,0,0,0,1
1257659,1,2021,2021,7,6,7,64,31,67,94,0,1,7,-33.885185,151.016098,15,0,2,1,3,0,0,0,2,0,0,60,1,14295,14295,3,10,5,2,0,0,0,1
1257668,2,2021,2021,7,2,5,76,27,69,148,1,0,1,-32.936733,151.740901,48,0,2,1,3,0,0,0,2,0,7,60,1,14295,14295,3,5,5,4,0,0,1,0
1257676,1,2021,2021,7,4,7,2126,17,179,2149,0,1,10,-33.756865,150.712192,55,0,2,1,1,0,0,0,2,2,7,60,2,1192,1192,1,16,0,2,0,0,0,1
1257678,1,2021,2021,7,0,9,3371,17,108,3342,0,1,10,-33.805431,151.179394,77,0,2,1,3,0,0,0,2,2,7,60,2,6545,6545,4,5,0,2,0,0,0,1
1257684,4,2021,2021,4,2,5,22,31,38,34609,0,1,1,-33.768062,150.797037,55,0,2,1,0,0,0,0,2,0,7,50,0,9859,9859,8,16,40,1,0,1,0,0
1257685,2,2021,2021,3,0,8,133,27,66,260,0,1,7,-32.93178,151.639412,37,0,2,0,0,0,0,0,2,0,7,60,2,14295,14295,3,5,5,2,0,0,2,0
1257686,2,2021,2021,4,1,7,39,23,98,34609,0,1,1,-33.016273,151.594436,37,0,2,1,1,0,0,0,2,0,7,50,0,1981,1981,4,5,5,2,0,0,1,1
1257687,2,2020,2020,10,4,4,225,17,50,180,0,1,1,-34.557386,150.649455,62,0,2,0,0,0,3,3,2,0,7,60,2,4552,5151,8,0,40,1,0,0,2,0
1257689,4,2021,2021,3,2,3,1,27,29,34609,0,1,1,-33.953665,150.788122,12,0,2,0,2,0,3,4,2,0,7,70,0,4552,5151,8,21,40,1,0,1,0,0
1257690,2,2020,2020,2,4,3,71,36,10,139,0,1,1,-33.932856,145.667158,51,1,0,1,0,0,0,0,1,0,7,100,2,1089,1089,7,10,40,1,0,0,1,0
1257691,2,2021,2021,7,5,7,3,23,43,34609,0,1,7,-33.731648,150.78392,7,0,2,1,0,0,0,3,2,0,0,50,0,2040,2040,9,0,28,2,0,0,1,0
1257693,4,2021,2021,3,0,6,55,10,112,47,0,1,9,-33.436162,151.405868,16,2,2,1,1,0,0,0,2,0,15,70,2,2852,2852,4,30,36,2,0,1,1,1
1257697,4,2021,2021,7,5,5,161,17,7,161,0,1,1,-36.649562,149.702222,5,1,0,0,0,0,3,4,2,0,7,100,2,101,101,8,5,10,2,0,1,1,0
1257698,4,2020,2020,2,0,6,2,27,7,34609,0,1,1,-34.546427,148.410735,30,1,0,0,0,0,0,0,2,0,7,100,0,2585,4009,8,0,40,1,0,2,0,0
1257700,4,2021,2021,3,6,8,5,27,609,34609,0,1,10,-33.758123,150.919375,7,0,2,1,0,0,0,0,2,0,0,50,0,6545,6545,4,5,5,2,0,1,0,0
1257701,2,2021,2021,3,4,3,133,31,133,97,1,0,9,-33.915916,151.01268,15,0,2,1,1,0,0,3,2,0,15,60,1,775,775,4,5,13,2,0,0,1,0
1257706,2,2021,2021,7,3,5,10,27,18,34609,0,1,1,-28.38863,153.400757,72,1,0,0,0,0,0,0,2,0,7,100,0,418,714,5,16,40,1,0,0,1,0