Crash ID,Degree of crash - detailed,Reporting year,Year of crash,Month of crash,Day of week of crash,Two-hour intervals,Street of crash,Street type,Town,Route no.,School zone location,School zone active,Type of location,Latitude,Longitude,LGA,Urbanisation,Conurbation 1,Alignment,Street lighting,Road surface,Surface condition,Weather,Natural lighting,Signals operation,Other traffic control,Speed limit,Road classification,RUM - code,DCA - code,First impact type,Key TU type,Other TU type,No. of traffic units involved,No. killed,No. seriously injured,No. moderately injured,No. minor-other injured
1257708,2,2021,2021,7,1,5,35,31,194,34609,0,1,10,-30.517829,151.661687,1,2,1,1,0,0,0,3,2,0,0,50,0,6545,6545,4,5,0,2,0,0,1,0
1257710,2,2021,2021,3,3,6,7,27,13,34609,0,1,1,-34.747711,150.584249,63,2,1,0,0,0,0,0,2,0,7,60,0,4552,5151,8,16,40,1,0,0,1,0
1257715,1,2021,2021,4,0,4,45,18,43,34609,0,1,10,-32.174774,152.498431,43,2,1,1,1,0,0,0,2,0,0,50,0,1220,1220,9,0,26,2,0,0,0,1
1257716,2,2021,2021,4,2,4,11,27,36,143,0,1,1,-34.44876,149.440597,74,2,1,0,0,0,3,3,2,0,7,80,2,273,957,5,5,40,1,0,0,1,0
1257720,2,2021,2021,3,1,6,47,27,293,69,0,1,2,-33.941315,151.237172,59,0,2,1,2,0,0,0,2,0,7,60,1,1109,787,1,5,5,2,0,0,1,1
1257722,2,2021,2021,7,2,3,1052,14,36,928,0,1,3,-33.426909,151.227671,16,1,2,0,0,0,0,0,1,0,7,110,2,14295,14295,3,29,35,2,0,0,1,0
1257723,4,2021,2021,3,6,7,5,31,35,34609,1,2,2,-34.366262,150.916884,80,0,2,1,1,0,0,0,2,0,7,40,0,340,340,9,5,28,2,0,1,0,0
1257725,2,2020,2020,2,6,6,4,27,3,34609,0,1,1,-31.9246,152.0246,43,2,1,0,0,0,0,0,2,0,7,80,0,1259,5151,8,0,40,1,0,0,1,0
1257728,2,2020,2020,2,1,5,133,31,646,97,0,1,1,-33.916754,151.018281,15,0,2,1,0,0,0,0,2,0,7,60,1,1282,1282,1,5,5,2,0,0,1,0
1257731,2,2021,2021,3,0,6,110,31,207,34609,0,1,1,-31.952765,141.445783,51,2,1,1,0,0,0,0,2,0,7,50,0,175,188,8,30,40,1,0,0,1,0
1257732,4,2021,2021,4,2,7,2126,17,75,2149,0,1,9,-33.710895,150.357864,8,2,2,1,1,0,0,0,2,0,15,80,2,1282,1282,1,5,19,2,0,1,0,0
1257735,1,2021,2021,4,1,5,3,27,1,34609,0,1,1,-31.983537,152.562014,43,1,0,1,0,0,3,0,2,0,7,90,0,9859,9859,8,10,40,1,0,0,0,1
1257736,2,2021,2021,7,5,2,2261,17,92,2252,0,1,3,-33.990789,150.851749,13,0,2,1,3,0,0,0,1,0,7,110,2,186,186,1,10,12,5,0,0,1,0
1257739,2,2021,2021,3,4,5,2,27,7,34609,0,1,1,-34.494214,148.918543,30,1,0,0,0,0,0,0,2,0,7,100,0,782,957,5,10,40,1,0,0,1,0
1257741,2,2021,2021,3,5,8,117,1,176,35,0,1,10,-33.964837,151.140788,4,0,2,1,0,0,0,0,2,0,7,60,2,14295,14295,3,16,5,2,0,0,1,0
1257742,4,2020,2020,2,0,6,8,10,101,9,0,1,1,-32.895997,151.604691,37,0,2,0,0,0,0,0,2,0,7,80,1,3775,3775,0,0,0,2,0,1,1,0
1257743,2,2021,2021,3,0,6,1104,11,107,770,0,1,3,-33.874873,151.197627,69,0,2,0,1,0,0,0,2,0,7,60,2,1282,1282,1,27,0,2,0,0,1,0
1257747,2,2021,2021,7,2,5,4,27,33,34609,0,1,10,-34.069248,150.720224,12,0,2,1,0,0,0,0,2,0,0,50,0,6545,6545,4,5,5,2,0,0,1,0
1257748,2,2021,2021,3,2,7,27,27,19,39,0,1,1,-31.211831,151.109751,70,2,1,0,0,0,3,3,2,0,7,80,1,1957,4009,8,10,40,1,0,0,1,0
1257752,1,2021,2021,7,0,7,112,27,92,256,0,1,1,-33.980661,150.848851,13,0,2,0,3,0,0,0,2,0,7,70,2,14295,14295,3,10,5,2,0,0,0,1
1257758,2,2021,2021,3,2,11,21,31,316,34609,0,1,9,-31.431406,152.899665,56,2,1,1,2,0,0,0,0,2,7,50,0,14295,14295,3,0,5,2,0,0,1,0
1257759,2,2021,2021,7,6,9,30,31,78,34609,1,0,1,-33.857073,151.007412,21,0,2,1,3,0,0,0,3,0,7,50,0,1981,1981,4,9,5,2,0,0,1,0
1257763,2,2021,2021,7,1,9,1,27,49,34609,0,1,1,-34.42598,147.482986,51,1,0,1,3,2,0,0,3,0,8,100,0,9859,9859,8,10,40,1,0,0,1,0
1257764,2,2021,2021,7,1,7,3,27,9,34609,0,1,1,-34.524984,148.313227,30,1,0,1,3,0,0,0,2,0,7,100,0,1089,1089,7,5,40,1,0,0,1,0
1257768,1,2021,2021,3,0,3,2126,17,125,2149,0,1,9,-33.863291,151.080726,67,0,2,1,3,0,3,4,1,0,7,60,2,14295,14295,3,5,0,3,0,0,0,1
1257772,1,2021,2021,3,3,4,149,27,60,198,0,1,10,-33.945282,150.946701,41,0,2,0,3,0,0,3,2,2,7,60,2,1391,1391,1,0,5,4,0,0,0,1
1257774,1,2021,2021,7,5,8,2261,17,62,2252,0,1,9,-33.88684,151.137656,32,0,2,1,3,0,0,0,2,0,0,60,2,14295,14295,3,10,5,2,0,0,0,3
1257775,1,2021,2021,7,2,7,1,27,1,34609,0,1,1,-29.171812,151.698982,51,2,1,0,3,2,0,0,2,0,7,80,0,2585,4009,8,10,40,1,0,0,0,1
1257777,2,2021,2021,7,3,10,107,22,210,17,0,1,2,-34.029651,151.10335,68,0,2,1,3,0,0,0,0,0,7,60,1,9859,9859,8,5,40,2,0,0,1,0
1257778,2,2021,2021,7,0,2,90,31,112,165,0,1,0,-33.905032,151.213812,69,0,2,1,3,0,3,0,1,0,7,60,2,1383,1383,1,16,13,2,0,0,1,0
1257779,2,2021,2021,4,0,5,65,27,202,563,0,1,9,-33.94369,151.034921,15,0,2,1,3,0,0,0,2,0,7,70,2,1850,985,5,15,40,1,0,0,1,0
1257780,1,2021,2021,7,3,9,485,27,337,769,0,1,9,-33.726102,150.973044,71,0,2,0,3,0,3,4,3,2,7,70,2,6545,6545,4,10,0,2,0,0,0,1
1257784,2,2021,2021,7,5,4,10,27,8,33,0,1,1,-32.538338,151.308221,64,1,0,0,3,0,0,0,2,0,7,100,1,1957,4009,8,8,40,1,0,0,1,0
1257787,4,2021,2021,3,0,10,97,31,174,34609,0,1,10,-33.892777,151.203908,69,0,2,1,2,0,0,0,0,2,7,40,0,5929,5929,1,5,19,2,0,1,0,0
1257788,1,2021,2021,3,0,4,175,27,104,220,0,1,2,-33.720655,150.937417,7,0,2,1,1,0,0,0,2,0,7,70,2,14295,14295,3,5,0,2,0,0,0,1
1257790,1,2021,2021,7,6,9,24,31,31,24,0,1,1,-33.430404,151.374305,16,2,2,0,0,0,3,4,0,0,7,60,1,1957,4009,8,5,40,2,0,0,0,1
1257791,2,2021,2021,4,4,11,19,18,89,34609,0,1,1,-33.894375,151.229943,69,0,2,1,2,0,3,4,0,0,7,40,0,220,220,8,5,40,1,0,0,1,0
1257793,2,2021,2021,4,2,11,2126,17,90,2149,0,1,1,-33.692654,150.290927,8,2,2,0,3,0,0,6,0,0,7,70,2,2585,4009,8,8,40,1,0,0,1,0
1257794,2,2021,2021,3,2,5,154,27,55,244,0,1,9,-33.900754,151.085948,15,0,2,1,3,0,3,4,2,0,0,60,2,14295,14295,3,5,5,3,0,0,2,1
1257797,2,2021,2021,7,6,8,98,27,128,382,0,1,1,-33.636382,150.781204,29,2,2,1,3,0,0,0,3,0,7,80,2,14295,14295,3,5,5,3,0,0,1,0
1257802,1,2020,2020,2,2,5,76,24,164,154,0,1,10,-33.730908,150.877623,7,0,2,1,1,0,0,0,2,2,9,60,1,926,926,4,5,5,2,0,0,0,1
1257805,4,2021,2021,7,0,6,15,27,4,34609,0,1,1,-33.360936,149.422396,3,1,0,0,0,0,3,4,2,0,7,100,0,1850,1463,5,16,40,1,0,1,0,0
1257806,4,2021,2021,4,2,5,59,27,147,5,0,1,10,-33.867594,151.122705,14,0,2,1,1,0,0,0,2,0,0,50,1,2852,2852,4,0,5,2,0,1,0,0
1257810,2,2021,2021,7,1,4,12,27,5,34609,0,1,9,-32.085544,152.31066,43,2,1,1,3,0,3,0,2,0,7,80,0,256,256,4,5,5,2,0,0,1,0
1257812,1,2021,2021,7,3,5,3371,17,69,3342,0,1,1,-32.930644,151.754278,48,0,2,1,3,0,2,6,2,0,7,60,2,14295,14295,3,5,0,2,0,0,0,1
1257813,4,2021,2021,7,5,8,36,27,17,34609,0,1,1,-33.357372,151.421862,16,2,2,0,3,0,3,0,2,0,7,50,0,3775,3775,0,10,13,2,0,1,1,0
1257814,1,2021,2021,7,5,9,105,27,174,109,0,1,9,-33.861427,150.924576,24,0,2,1,3,0,0,0,3,0,0,60,1,14295,14295,3,5,5,2,0,0,0,1
1257815,1,2021,2021,7,4,10,59,31,107,2149,0,1,10,-33.883858,151.202138,69,0,2,1,3,0,3,4,0,2,7,40,2,1383,1383,1,30,19,2,0,0,0,1
1257817,2,2021,2021,3,3,9,16,36,17,41,0,1,9,-34.830967,147.419242,51,1,0,0,0,0,0,0,3,0,13,100,1,2585,4009,8,5,40,1,0,0,2,0
1257820,1,2020,2020,3,4,6,13,1,278,34609,0,1,4,-33.773812,151.036805,54,0,2,0,3,0,3,4,2,0,7,50,0,3775,3775,0,10,5,2,0,0,0,1
1257822,1,2021,2021,7,6,5,9,10,35,34609,0,1,1,-34.191754,150.711243,79,2,2,0,3,0,0,0,2,0,7,60,0,1391,1391,1,16,5,2,0,0,0,1
1257823,1,2021,2021,3,0,0,1104,11,532,770,0,1,10,-33.873004,151.204112,69,0,2,1,3,0,0,0,0,3,7,60,2,14295,14295,3,10,5,2,0,0,0,1
1257826,1,2021,2021,3,0,8,5,31,52,34609,0,1,9,-33.90462,151.261098,76,0,2,1,3,0,0,0,2,0,7,50,0,14295,14295,3,5,25,2,0,0,0,1
1257835,2,2020,2020,11,5,6,15,10,30,34609,0,1,1,-34.500648,150.816548,80,0,2,1,1,0,0,0,2,0,7,60,0,190,190,1,5,36,2,0,0,1,0
1257839,1,2021,2021,7,1,3,75,10,137,165,0,1,2,-33.912471,151.212768,69,0,2,1,3,0,0,3,2,0,7,80,2,14295,14295,3,5,13,2,0,0,0,1
1257842,2,2021,2021,4,4,3,515,14,294,518,0,1,3,-33.941377,150.937978,41,0,2,1,0,0,0,0,2,0,7,100,2,14295,14295,3,16,5,2,0,0,1,0
1257844,2,2021,2021,4,4,8,5,31,207,34609,1,0,10,-31.982308,141.460087,51,2,1,1,0,0,0,0,2,0,9,50,0,3775,3775,0,0,36,2,0,0,2,1
1257846,2,2021,2021,4,0,11,15,27,127,154,0,1,1,-33.843454,150.870074,24,0,2,0,0,0,0,0,0,0,7,60,1,1957,4009,8,5,40,1,0,0,1,0
1257848,2,2021,2021,3,4,0,478,17,89,480,1,0,2,-33.371822,151.475031,16,2,2,1,2,0,0,0,0,0,7,60,2,4026,4026,8,5,40,1,0,0,1,0
1257851,4,2021,2021,3,6,8,330,23,123,233,0,1,10,-33.901589,151.222738,59,0,2,1,1,0,3,3,2,2,9,60,2,2040,2040,9,16,28,2,0,1,0,0
1257853,2,2021,2021,7,2,7,114,27,118,34609,0,1,1,-33.373863,151.292736,16,2,2,0,1,0,0,0,2,0,7,80,0,52,52,6,16,40,1,0,0,1,0
1257854,2,2021,2021,7,0,10,109,27,247,106,0,1,1,-33.829692,150.95725,21,0,2,1,2,0,0,0,0,0,7,60,1,9859,9859,8,16,40,1,0,0,1,0
1257856,4,2020,2020,10,4,0,28,27,16,62,0,1,1,-36.724669,149.907002,5,2,1,0,1,0,3,4,0,0,7,80,1,1259,5151,8,5,40,1,0,1,0,0
1257864,4,2021,2021,4,3,5,2261,17,74,2252,0,1,3,-34.077517,150.774464,13,0,2,1,0,0,0,0,2,0,7,110,2,941,941,1,0,0,2,0,1,0,1
1257865,2,2020,2020,9,4,4,65,10,132,148,0,1,1,-34.169188,151.038746,68,0,2,0,0,0,0,0,2,0,7,50,2,1850,1463,5,16,40,1,0,0,1,0
1257866,2,2020,2020,9,5,10,110,31,433,34609,0,1,1,-33.269123,149.096632,52,2,1,1,2,0,0,0,3,0,7,50,0,368,368,9,5,28,2,0,0,1,0
1257867,2,2021,2021,4,0,7,132,31,174,126,0,1,10,-33.892146,151.216944,69,0,2,1,1,0,0,0,2,2,7,50,2,6545,6545,4,5,12,2,0,0,1,0
1257871,2,2020,2020,2,6,3,123,36,17,90,0,1,1,-31.799178,151.916436,43,2,1,0,0,0,3,1,2,0,7,80,1,2585,4009,8,30,40,1,0,0,1,0
1257875,4,2021,2021,3,3,7,3371,17,19,3342,0,1,2,-31.856155,152.601642,43,1,0,0,0,0,3,4,2,0,7,100,2,14295,14295,3,5,0,2,0,1,1,0
1257877,2,2021,2021,3,0,4,100,31,363,38,0,1,10,-33.805185,151.002597,54,0,2,1,1,0,0,0,2,0,0,60,1,775,775,4,0,0,2,0,0,1,0
1257878,4,2021,2021,3,5,10,5,18,609,34609,0,1,1,-33.775249,150.920494,7,0,2,1,0,0,0,0,0,0,7,30,0,238,238,9,33,28,2,0,1,0,0
1257881,4,2021,2021,3,4,10,90,36,2,102,0,1,1,-34.237559,146.26769,51,1,0,1,0,0,0,3,3,0,7,100,2,1109,787,1,0,35,2,0,1,0,1
1257883,2,2021,2021,7,0,5,829,27,165,770,0,1,10,-33.851086,151.154494,14,0,2,1,1,0,0,0,2,2,9,60,2,2040,2040,9,33,28,2,0,0,1,0
1257884,1,2021,2021,3,3,6,1052,14,118,928,0,1,3,-33.366856,151.318085,16,1,2,1,0,0,0,0,2,0,7,110,2,1282,1282,1,34,36,2,0,0,0,1
1257885,2,2021,2021,3,6,1,2,31,219,34609,0,1,1,-32.902934,151.66112,48,0,2,1,2,0,0,0,0,0,7,50,0,9859,9859,1,5,6,2,0,0,1,0
1257886,2,2021,2021,3,1,7,2,6,18,34609,0,1,9,-33.224873,151.535222,16,2,2,1,0,0,0,0,2,0,7,50,0,623,623,3,5,13,2,0,0,1,0
1257887,2,2021,2021,3,6,0,10,27,9,34609,0,1,1,-34.898111,149.929614,26,1,0,1,0,0,0,0,0,0,7,100,0,9859,9859,8,9,40,1,0,0,1,0
1257889,4,2020,2020,2,5,4,866,17,174,793,0,1,10,-33.873784,150.925875,24,0,2,1,3,0,3,4,2,2,7,70,2,14295,14295,3,5,5,2,0,1,0,0
1257890,1,2021,2021,7,6,5,53,31,67,125,0,1,10,-33.883709,151.006729,15,0,2,1,3,0,0,3,2,2,7,60,1,14295,14295,3,5,5,3,0,0,0,2
1257891,1,2021,2021,4,3,8,19,27,57,63,0,1,7,-34.570778,150.82365,62,0,2,1,3,0,0,0,2,0,0,60,2,6545,6545,4,0,5,2,0,0,0,1
1257896,1,2021,2021,7,0,8,44,31,166,34609,0,1,1,-33.897932,151.175419,32,0,2,1,3,0,0,0,2,0,7,50,0,3775,3775,0,5,36,2,0,0,0,1
1257903,1,2021,2021,7,6,7,829,27,149,770,0,1,2,-33.868804,151.184109,32,0,2,1,3,0,0,0,2,0,7,60,2,14295,14295,3,9,10,3,0,0,0,1
1257907,2,2021,2021,3,4,4,2209,17,204,2205,0,1,2,-33.939482,151.147472,4,0,2,1,3,0,0,0,2,0,7,60,2,1391,1391,1,5,5,2,0,0,1,0
1257912,2,2021,2021,3,2,7,3,31,62,3,1,0,10,-33.896258,151.145746,32,0,2,1,0,0,0,0,2,0,15,50,1,1220,1220,9,5,28,2,0,0,1,0
1257914,1,2021,2021,3,0,7,30,27,646,34609,0,1,1,-33.932573,151.026382,15,0,2,1,1,0,0,0,2,0,7,50,0,2040,2040,9,5,28,2,0,0,0,1
1257915,2,2021,2021,7,4,6,59,10,89,34609,0,1,10,-33.894218,151.233059,59,0,2,0,1,0,0,0,2,0,7,30,0,1192,1192,1,33,27,2,0,0,1,0
1257916,2,2021,2021,3,3,8,4,31,174,34609,0,1,9,-33.86272,150.933365,24,0,2,1,1,0,0,0,3,0,0,50,0,2852,2852,4,5,19,2,0,0,1,0
1257919,2,2021,2021,3,1,4,475,10,523,268,0,1,9,-33.918642,150.916152,41,0,2,1,1,0,0,0,2,0,0,70,2,14295,14295,3,10,0,2,0,0,1,0
1257920,2,2021,2021,7,1,4,3371,17,57,3342,0,1,6,-28.63483,153.549523,10,2,1,0,1,0,3,4,2,0,7,60,2,14295,14295,3,0,13,2,0,0,2,0
1257922,1,2021,2021,7,6,5,2209,17,26,2205,0,1,9,-33.91842,151.170268,32,0,2,1,1,0,0,0,2,0,7,60,2,2040,2040,9,33,28,2,0,0,0,1
1257924,4,2021,2021,7,0,7,9,27,7,34609,0,1,1,-31.089977,152.721851,34,1,0,1,0,0,0,0,2,0,7,100,0,57,57,1,10,12,2,0,1,0,0
1257925,4,2021,2021,3,6,4,213,17,13,213,0,1,1,-29.443651,152.385632,51,1,0,0,0,0,3,1,2,0,7,100,2,3775,3775,0,5,35,2,0,1,0,0
1257926,2,2021,2021,3,3,4,3,27,9,34609,0,1,1,-34.221643,150.905546,80,0,2,0,0,0,0,0,2,0,7,80,0,14295,14295,3,22,27,2,0,0,1,1
1257927,4,2021,2021,4,5,9,5,1,25,34609,0,1,1,-32.940242,151.766061,48,0,2,1,0,0,0,0,2,0,7,50,0,9859,9859,8,16,40,1,0,1,0,0
1257931,1,2021,2021,7,6,3,330,27,31,102,0,1,9,-33.777114,151.27372,50,0,2,0,1,0,0,0,2,0,7,50,2,1109,787,1,9,5,2,0,0,0,1
1257934,1,2021,2021,7,2,7,330,27,121,102,0,1,10,-33.790647,151.285145,50,0,2,1,1,0,0,0,2,2,9,50,2,2040,2040,9,22,28,2,0,0,0,1
1257939,2,2021,2021,7,0,4,3,31,77,34609,1,2,1,-30.325445,149.784782,51,2,1,1,0,0,0,0,2,0,7,40,0,941,941,1,0,10,2,0,0,2,0
1257940,4,2021,2021,7,4,8,191,27,193,208,0,1,10,-33.786574,151.085189,61,0,2,1,1,0,0,0,2,2,7,60,2,5929,5929,1,16,5,2,0,1,0,0
1257944,2,2021,2021,7,4,10,15,10,14,34609,0,1,1,-33.542738,151.277998,16,2,2,0,0,0,0,6,0,0,7,80,0,1259,5151,8,5,40,1,0,0,1,0
1257945,2,2020,2020,2,4,6,2261,17,143,2252,1,0,2,-33.887447,151.100066,9,0,2,1,0,0,0,0,2,0,7,60,2,2040,2040,9,5,28,2,0,0,2,0
1257946,1,2020,2020,2,6,7,346,17,46,332,0,1,1,-28.81285,153.269646,39,2,1,1,1,0,3,4,2,0,7,60,2,14295,14295,3,5,5,3,0,0,0,1
1257947,2,2021,2021,7,5,9,515,14,204,518,0,1,3,-33.936376,151.150719,4,0,2,1,3,0,0,0,2,0,7,80,2,1391,1391,1,3,5,2,0,0,1,0
1257951,4,2021,2021,4,6,6,120,36,16,148,0,1,1,-30.415614,152.773796,6,1,0,0,0,1,2,6,2,0,7,100,2,2585,4009,8,5,40,1,0,1,0,0
1257954,1,2021,2021,3,4,7,59,1,159,34609,0,1,9,-33.811943,151.082771,61,0,2,1,3,0,0,0,2,0,7,50,0,941,941,1,0,5,2,0,0,0,1
1257955,1,2021,2021,4,3,3,204,31,169,9,0,1,10,-33.89794,151.21235,69,0,2,1,3,0,0,0,2,2,7,50,1,214,214,9,10,28,2,0,0,0,1
1257959,2,2021,2021,3,3,6,3,10,70,34609,0,1,9,-34.838557,150.605706,63,2,1,1,3,0,0,0,2,0,7,50,0,380,777,5,5,40,1,0,0,1,1
1257967,1,2020,2020,9,5,9,39,31,193,145,0,1,1,-33.793656,151.077057,61,0,2,1,3,0,0,0,2,0,7,60,2,14295,14295,3,5,5,2,0,0,0,1
1257974,2,2021,2021,7,1,6,65,27,202,563,0,1,2,-33.93782,151.036193,15,0,2,1,3,0,0,0,2,0,7,70,2,1282,1282,1,10,19,2,0,0,1,0
1257975,2,2020,2020,2,1,7,35,27,4,24,0,1,1,-32.657272,149.482961,44,1,0,1,0,0,0,0,2,0,7,100,1,9859,9859,8,16,40,1,0,0,1,0
1257976,4,2021,2021,4,0,6,125,27,108,123,0,1,2,-33.318057,151.425786,16,2,2,1,0,0,3,4,2,0,7,70,2,14295,14295,3,10,0,2,0,1,0,0
1257980,4,2021,2021,4,0,0,125,27,32,144,0,1,7,-32.769102,152.065761,57,2,1,1,2,0,3,4,0,0,0,80,2,9859,9859,8,5,40,1,0,3,0,0
1257982,2,2021,2021,4,5,3,213,17,13,213,0,1,1,-29.576485,150.375243,51,1,0,1,0,0,3,3,2,0,7,100,2,1945,1945,5,9,40,1,0,0,2,0
1257984,2,2021,2021,7,5,4,9,27,2,34609,0,1,9,-33.396634,149.556501,3,2,1,1,0,0,0,0,2,0,0,70,0,2852,2852,4,30,5,2,0,0,1,0
1257987,2,2021,2021,3,1,4,101,10,42,33,0,1,1,-34.010783,151.210922,68,0,2,1,3,0,0,0,2,0,7,50,1,9859,9859,1,5,0,3,0,0,1,0
1257989,1,2021,2021,7,2,4,829,27,125,770,1,0,2,-33.83397,151.127379,51,0,2,1,3,0,0,0,2,0,7,60,2,14295,14295,3,9,5,2,0,0,0,1
1257990,2,2021,2021,4,3,6,177,31,65,208,0,1,10,-33.858883,150.916351,24,0,2,1,1,0,0,0,2,2,7,60,1,5929,5929,1,0,5,2,0,0,1,0
1257991,4,2020,2020,2,6,6,2261,17,523,2252,0,1,2,-33.930975,150.917563,41,0,2,1,1,0,0,0,2,0,7,60,2,1192,1192,1,5,5,5,0,1,0,0
1257995,4,2020,2020,2,6,2,110,27,113,48,0,1,2,-34.320917,150.887812,80,0,2,0,0,0,3,4,0,0,7,100,2,14295,14295,3,8,13,3,0,1,2,0
1258017,1,2020,2020,2,2,11,57,31,77,321,0,1,1,-33.886885,151.201716,69,0,2,0,2,0,3,0,0,0,7,50,2,1282,1282,1,19,18,2,0,0,0,1
1258019,4,2021,2021,3,0,7,2126,17,78,2149,0,1,9,-33.702356,150.575803,8,2,2,0,1,0,0,0,2,0,15,80,2,2585,777,8,5,40,1,0,1,1,0
1258020,4,2020,2020,2,5,8,50,27,125,7,0,1,1,-33.862109,151.083576,67,0,2,0,0,0,0,3,2,0,7,50,1,3775,3775,0,33,0,2,0,2,0,0
1258022,4,2021,2021,4,3,5,2209,17,40,2205,0,1,2,-34.701456,150.836739,35,2,1,0,0,0,3,4,2,0,7,80,2,1259,5151,8,5,40,1,0,1,0,0
1258024,4,2020,2020,2,6,8,51,31,562,34609,0,1,9,-32.232804,148.616605,22,2,1,1,0,0,0,0,2,0,7,50,0,1669,1669,3,0,13,2,0,1,0,0
1258025,2,2020,2020,2,1,6,42,27,33,30,0,1,5,-33.900321,151.253619,76,0,2,1,1,0,0,3,2,2,7,50,1,14295,14295,3,5,0,2,0,0,1,0
1258028,4,2021,2021,3,6,6,9,31,112,34609,0,1,10,-36.06458,146.944215,0,2,1,1,3,0,0,0,2,0,0,50,0,6545,6545,4,5,5,2,0,1,1,0
1258029,4,2021,2021,4,0,1,10,27,51,34609,0,1,1,-34.472359,150.792732,80,0,2,0,0,0,0,0,0,0,7,80,0,782,957,5,5,40,1,0,1,0,0
1258030,4,2020,2020,2,5,7,2261,17,32,2252,0,1,2,-34.833409,149.028106,82,1,0,1,0,0,0,0,2,0,7,110,2,14295,14295,3,0,12,2,0,1,0,0
1258031,4,2021,2021,4,6,8,15,27,88,34609,1,0,1,-33.980706,151.112092,25,0,2,1,1,0,0,0,2,0,7,50,0,1669,1669,3,30,5,2,0,1,1,0
1258035,4,2021,2021,3,2,5,24,27,46,34609,0,1,1,-33.879551,151.23305,81,0,2,1,1,0,3,4,2,0,7,40,0,4026,4026,8,0,40,1,0,1,0,0
1258040,2,2021,2021,4,1,10,866,17,110,793,0,1,2,-33.753364,151.047693,71,0,2,1,2,0,0,0,0,0,7,70,2,14295,14295,3,5,5,4,0,0,1,0
1258045,2,2021,2021,3,0,6,2261,17,14,2252,0,1,2,-34.791075,149.172405,74,1,0,0,0,0,0,3,2,0,7,110,2,1957,4009,8,0,40,1,0,0,1,0
1258046,1,2021,2021,4,1,4,110,27,95,173,0,1,7,-34.402874,150.891206,80,0,2,1,1,0,0,0,2,0,0,60,2,1669,1669,3,21,27,2,0,0,0,1
1258049,2,2021,2021,4,2,7,1,27,1,34609,0,1,1,-35.559897,147.39269,75,1,0,1,0,2,0,0,2,0,7,100,0,1945,1945,5,16,40,1,0,0,1,0
1258050,2,2021,2021,4,1,8,36,31,94,34609,0,1,10,-33.885078,150.928711,24,0,2,1,0,0,0,0,2,0,7,50,0,150,150,4,21,19,2,0,0,1,0
1258053,4,2021,2021,7,5,4,44,31,460,34609,0,1,10,-33.839043,150.980087,21,0,2,1,1,0,0,0,2,0,0,50,0,6545,6545,4,5,5,3,0,1,2,0
1258054,1,2021,2021,4,6,8,3371,17,117,3342,0,1,2,-28.189075,153.525969,72,1,0,1,1,0,0,0,2,0,7,100,2,1945,1945,5,16,40,1,0,0,0,1
1258055,2,2021,2021,3,2,10,1,31,129,34609,1,0,1,-33.934328,151.085211,15,0,2,1,0,0,3,4,0,0,7,50,0,3775,3775,0,5,13,4,0,0,1,0
1258057,2,2020,2020,10,4,10,39,36,16,79,0,1,1,-33.800153,151.210637,77,0,2,1,2,0,0,0,0,0,7,60,2,190,190,1,5,0,2,0,0,1,0
1258059,2,2021,2021,3,2,6,76,23,198,34609,0,1,1,-33.909502,151.107046,15,0,2,1,3,0,0,0,2,0,7,50,0,9859,9859,1,5,0,3,0,0,1,0
1258063,1,2021,2021,7,4,4,348,17,105,232,1,2,1,-32.598678,149.582402,44,2,1,1,3,0,0,0,2,0,7,40,2,14295,14295,3,0,5,2,0,0,0,1
1258064,1,2021,2021,7,3,6,293,1,154,34609,0,1,7,-33.710414,150.937975,71,0,2,1,3,0,0,0,2,0,0,60,0,14295,14295,3,5,0,2,0,0,0,1
1258068,4,2021,2021,7,3,5,58,27,81,34609,0,1,1,-33.877487,151.245349,81,0,2,1,3,0,3,4,2,0,7,50,0,1945,1945,5,15,40,1,0,1,0,0
1258069,1,2021,2021,7,1,9,44,31,35,34609,0,1,10,-34.366088,150.911941,80,0,2,1,3,0,0,0,2,0,15,50,0,6545,6545,4,30,5,2,0,0,0,1
1258070,1,2021,2021,7,2,9,48,31,139,605,1,0,1,-33.828872,151.208637,49,0,2,1,3,0,0,0,3,0,9,60,2,14295,14295,3,5,5,2,0,0,0,1
1258077,1,2021,2021,7,3,6,19,31,131,12,0,1,10,-33.788475,151.182137,77,0,2,1,3,0,3,4,2,0,15,50,1,14295,14295,3,5,5,2,0,0,0,1
1258078,1,2021,2021,7,4,4,7,1,151,34609,0,1,1,-34.030515,150.854012,13,0,2,1,3,0,3,3,2,0,7,50,0,1109,787,1,5,5,2,0,0,0,1
1258082,1,2021,2021,7,4,6,2261,17,284,2252,0,1,9,-33.904988,151.010651,15,0,2,1,3,0,0,0,2,0,15,70,2,1391,1391,1,33,5,2,0,0,0,1
1258086,4,2021,2021,3,6,8,9,36,39,34609,0,1,1,-32.737632,152.087494,57,2,1,0,0,0,0,0,2,0,7,50,0,1981,1981,4,5,25,2,0,1,0,0
1258089,4,2021,2021,4,3,8,123,36,14,49,0,1,1,-30.519521,151.398594,51,1,0,0,0,0,0,0,2,0,7,100,1,1957,4009,8,0,40,1,0,1,0,0
1258093,2,2020,2020,2,0,5,1,27,3,34609,0,1,1,-32.180836,147.471106,51,1,0,1,0,0,0,0,2,0,7,100,0,4026,4026,8,5,40,1,0,0,1,0