Crash ID,Degree of crash - detailed,Reporting year,Year of crash,Month of crash,Day of week of crash,Two-hour intervals,Street of crash,Street type,Town,Route no.,School zone location,School zone active,Type of location,Latitude,Longitude,LGA,Urbanisation,Conurbation 1,Alignment,Street lighting,Road surface,Surface condition,Weather,Natural lighting,Signals operation,Other traffic control,Speed limit,Road classification,RUM - code,DCA - code,First impact type,Key TU type,Other TU type,No. of traffic units involved,No. killed,No. seriously injured,No. moderately injured,No. minor-other injured
1258094,1,2021,2021,7,2,11,2209,17,166,2205,0,1,10,-33.897228,151.179141,69,0,2,1,2,0,0,0,0,2,7,50,2,1220,1220,9,5,28,2,0,0,0,1
1258097,4,2021,2021,7,3,3,178,27,293,101,1,0,1,-33.932169,151.056172,15,0,2,1,2,0,3,4,1,0,7,50,1,4026,4026,1,9,41,5,0,1,0,0
1258099,1,2021,2021,7,2,9,5,31,443,34609,0,1,1,-33.910827,151.060086,15,0,2,1,0,0,0,0,2,0,7,50,0,9859,9859,1,0,13,2,0,0,0,1
1258101,2,2021,2021,3,0,7,294,17,56,288,0,1,1,-35.125311,147.419396,75,2,1,1,1,0,0,3,2,0,7,60,2,14295,14295,3,5,13,3,0,0,1,0
1258103,4,2021,2021,7,0,3,103,36,7,157,0,1,1,-29.117418,152.999975,60,1,0,1,0,0,3,4,2,0,7,100,2,9859,9859,8,0,40,1,0,1,0,0
1258105,2,2021,2021,7,5,9,149,27,460,38,0,1,9,-33.831409,150.969514,21,0,2,1,1,0,3,3,2,0,7,60,1,14295,14295,3,10,5,4,0,0,1,0
1258107,4,2021,2021,7,0,5,25,31,127,30,0,1,9,-33.894993,151.157094,32,0,2,1,1,0,0,0,2,0,7,60,1,340,340,9,5,28,2,0,1,0,0
1258108,2,2021,2021,3,5,5,35,31,55,34609,0,1,9,-33.933216,150.905304,41,0,2,1,1,0,0,0,2,0,7,50,0,1669,1669,3,5,36,2,0,0,1,0
1258110,2,2021,2021,7,2,0,1,31,85,34609,0,1,1,-33.730029,151.131519,36,0,2,1,2,0,0,0,0,0,7,50,0,4026,4026,1,30,0,2,0,0,1,0
1258117,2,2021,2021,7,6,3,11,18,8,17,0,1,9,-30.957009,152.987282,34,2,1,0,1,0,3,4,2,0,0,80,1,6545,6545,4,30,5,2,0,0,1,0
1258119,2,2021,2021,7,1,8,512,17,562,441,0,1,7,-32.256909,148.629477,22,2,1,1,0,0,3,4,3,0,0,60,2,301,301,4,0,19,2,0,0,1,0
1258122,4,2021,2021,3,4,6,6,31,98,34609,0,1,1,-33.015225,151.588886,37,0,2,1,3,0,0,0,2,0,7,50,0,9859,9859,1,10,5,2,0,1,0,0
1258123,1,2021,2021,7,6,8,2126,17,136,2149,0,1,2,-33.856308,151.064308,67,0,2,1,3,0,0,0,2,0,7,60,2,14295,14295,3,0,5,2,0,0,0,1
1258124,4,2021,2021,3,5,5,3371,17,11,3342,0,1,2,-31.717249,152.707873,43,1,0,0,0,0,0,0,2,0,7,110,2,380,714,5,0,40,1,0,1,0,0
1258125,1,2021,2021,4,1,6,150,27,173,415,0,1,10,-33.785205,151.1285,61,0,2,1,3,0,0,0,2,2,7,70,2,14295,14295,3,5,0,2,0,0,0,1
1258126,1,2021,2021,7,2,6,92,31,363,34609,0,1,9,-33.752086,150.690987,55,0,2,1,3,0,3,4,2,2,7,50,0,1981,1981,4,5,5,2,0,0,0,1
1258130,2,2021,2021,7,5,8,105,17,22,34609,0,1,7,-33.812605,150.920507,21,0,2,0,3,0,3,0,0,0,0,60,0,4552,985,8,29,40,1,0,0,1,0
1258139,1,2021,2021,7,4,6,50,27,167,51,0,1,7,-33.853775,151.077118,54,0,2,1,3,0,0,0,2,0,0,60,1,14295,14295,3,9,0,2,0,0,0,2
1258140,2,2021,2021,7,2,9,344,27,168,382,0,1,10,-33.712057,150.841888,7,0,2,1,3,0,0,0,2,2,7,80,2,14295,14295,3,5,5,2,0,0,1,0
1258142,2,2021,2021,7,1,2,27,27,19,39,0,1,1,-31.244591,151.129107,70,1,0,0,0,0,0,0,0,0,7,100,1,1850,1463,5,16,40,1,0,0,1,0
1258143,1,2020,2020,9,5,10,3,31,49,34609,0,1,1,-32.996972,151.678641,37,0,2,1,2,0,0,0,0,0,7,50,0,4026,4026,1,0,5,2,0,0,0,1
1258144,2,2021,2021,7,4,10,11,1,252,75,0,1,9,-33.882887,151.208419,69,0,2,1,2,0,0,0,0,2,9,40,1,186,186,9,22,28,2,0,0,1,0
1258146,2,2020,2020,10,0,11,5,7,23,34609,0,1,1,-33.72606,150.805412,7,0,2,0,2,0,3,4,0,0,7,50,0,1957,4009,1,5,0,3,0,0,1,0
1258147,1,2021,2021,7,0,6,50,27,57,140,0,1,9,-33.900765,151.170222,32,0,2,1,1,0,0,0,2,0,0,60,1,2040,2040,9,5,28,2,0,0,0,1
1258149,4,2021,2021,7,1,3,59,27,252,41,0,1,7,-33.934585,150.868982,41,0,2,0,1,0,3,4,2,0,7,60,1,1957,4009,8,9,40,1,0,1,0,0
1258152,2,2021,2021,4,6,11,344,27,62,163,0,1,9,-33.733093,150.848932,7,0,2,1,2,0,0,0,0,2,7,70,2,1850,985,5,21,40,1,0,0,1,0
1258154,1,2021,2021,3,4,2,27,27,3,35,0,1,1,-28.66967,152.071154,51,2,1,0,0,0,3,5,0,0,7,80,1,404,404,8,0,40,1,0,0,0,1
1258160,4,2021,2021,7,6,8,35,27,204,96,0,1,1,-33.904412,151.128825,32,0,2,1,1,0,0,0,2,0,7,50,2,14295,14295,3,33,5,3,0,1,0,0
1258161,2,2021,2021,3,4,10,829,27,309,770,0,1,9,-33.821659,151.120429,61,0,2,1,2,0,0,0,0,0,0,60,2,775,775,4,0,5,2,0,0,1,0
1258162,4,2021,2021,3,3,6,1,31,201,34609,0,1,10,-34.88255,150.601413,63,2,1,1,0,0,0,0,2,0,15,50,0,591,591,1,22,5,2,0,1,0,0
1258163,1,2021,2021,3,5,8,62,10,33,62,0,1,7,-33.416032,151.349024,16,2,2,1,3,0,0,0,2,0,0,60,2,14295,14295,3,30,36,3,0,0,0,1
1258165,1,2021,2021,7,1,11,2261,17,443,2252,0,1,10,-33.906002,151.040199,15,0,2,1,3,0,0,0,0,2,0,60,2,6545,6545,4,5,5,2,0,0,0,1
1258172,1,2021,2021,7,2,7,28,1,251,93,1,0,7,-33.758699,150.942669,7,0,2,1,3,0,3,4,2,0,0,60,1,1192,1192,1,5,12,2,0,0,0,2
1258173,1,2021,2021,7,2,10,24,1,609,115,0,1,2,-33.765309,150.910019,7,0,2,1,3,0,0,0,0,0,7,60,2,623,623,3,16,0,2,0,0,0,1
1258177,1,2021,2021,7,5,4,78,17,22,75,0,1,8,-33.855571,151.208665,69,0,2,1,1,0,0,0,2,0,7,70,2,14295,14295,3,5,5,2,0,0,0,1
1258184,2,2021,2021,7,5,10,31,27,197,69,0,1,1,-33.792447,151.155735,61,0,2,0,2,0,3,4,3,0,7,60,2,4552,5151,8,5,40,1,0,0,1,0
1258186,4,2021,2021,7,2,4,7,31,253,34609,0,1,9,-33.958191,151.097795,25,0,2,1,1,0,0,0,2,0,7,50,0,2040,2040,9,5,28,3,0,1,0,1
1258187,4,2021,2021,7,2,10,2,1,33,34609,0,1,9,-35.124032,147.328426,75,2,1,1,2,0,3,4,0,0,0,50,0,1220,1220,9,30,26,2,0,1,0,0
1258193,4,2021,2021,7,4,7,10,31,16,34609,0,1,9,-32.881678,151.6156,48,0,2,1,1,0,0,0,2,0,7,50,0,3775,3775,0,5,0,2,0,1,1,0
1258199,4,2021,2021,7,1,8,255,27,37,62,0,1,10,-32.805467,151.507531,17,2,1,1,1,0,0,0,2,0,7,60,2,1669,1669,3,9,13,3,0,2,0,0
1258204,1,2021,2021,7,6,8,475,10,42,268,0,1,1,-33.880558,150.809057,41,0,2,1,0,0,3,3,2,0,7,80,2,14295,14295,3,10,0,2,0,0,0,1
1258205,2,2021,2021,3,5,9,14,31,9,7,0,1,9,-31.081979,152.851977,34,2,1,1,1,0,3,4,2,0,7,50,1,926,926,4,5,19,2,0,0,1,0
1258208,2,2021,2021,7,1,3,162,31,65,148,0,1,1,-32.928068,151.772701,48,0,2,1,2,0,0,3,1,0,9,50,1,1220,1220,9,5,28,2,0,0,1,0
1258209,1,2021,2021,3,4,7,61,27,232,70,0,1,10,-33.661072,150.923622,71,0,2,1,1,0,0,0,2,0,15,70,1,623,623,3,5,0,2,0,0,0,1
1258210,2,2021,2021,7,3,10,348,17,4,232,0,1,9,-33.297857,150.033483,40,2,1,1,2,0,3,4,0,0,7,50,2,323,323,1,6,0,2,0,0,1,0
1258213,4,2021,2021,7,1,8,916,17,20,917,0,1,1,-30.944929,151.108714,70,2,1,0,0,0,3,4,2,0,7,80,2,83,83,5,5,40,1,0,1,0,0
1258214,4,2021,2021,4,6,3,3371,17,57,3342,0,1,1,-33.674885,151.112073,31,0,2,0,0,0,0,3,2,0,7,60,2,4552,5151,8,0,40,1,0,1,0,0
1258217,4,2021,2021,3,6,4,512,17,562,441,0,1,7,-32.257079,148.629542,22,2,1,1,0,0,0,0,2,0,0,60,2,6545,6545,4,22,40,2,0,1,0,0
1258219,2,2021,2021,4,1,6,916,17,104,917,0,1,2,-32.82036,151.68189,48,0,2,1,1,0,0,0,2,0,7,80,2,14295,14295,3,5,0,2,0,0,1,0
1258220,4,2021,2021,3,3,5,1104,11,130,770,0,1,3,-33.874191,151.194948,69,0,2,0,1,0,0,0,2,0,7,70,2,14295,14295,3,15,0,2,0,1,0,1
1258222,4,2021,2021,4,4,3,515,14,294,518,0,1,3,-33.942337,150.944502,41,0,2,1,1,0,0,0,2,0,7,100,2,14295,14295,3,8,13,4,0,1,0,0
1258224,1,2021,2021,4,0,2,153,27,188,147,0,1,1,-33.951245,151.091585,25,0,2,1,2,0,3,3,0,0,7,60,2,1282,1282,1,29,0,2,0,0,0,1
1258225,2,2021,2021,3,6,6,1,27,57,34609,0,1,9,-32.98157,151.683352,37,0,2,1,3,0,0,0,2,0,15,50,0,1850,985,5,16,40,1,0,0,1,0
1258227,2,2021,2021,7,1,7,346,17,35,332,0,1,10,-28.81368,153.266551,39,2,1,1,0,0,0,0,2,0,0,60,2,5929,5929,1,5,13,2,0,0,1,0
1258228,4,2021,2021,3,0,1,11,31,90,49,0,1,10,-32.924091,151.746871,48,0,2,1,2,0,0,0,0,2,7,60,1,4026,4026,8,5,40,1,0,1,0,0
1258229,2,2021,2021,3,1,11,3371,17,463,3342,0,1,7,-30.320717,153.086288,19,2,1,1,2,0,3,3,0,0,0,60,2,1945,1945,5,16,40,1,0,0,1,0
1258230,1,2021,2021,4,3,8,80,27,316,50,0,1,9,-33.907291,151.232722,59,0,2,1,2,0,0,0,2,2,7,60,2,14295,14295,3,5,0,2,0,0,0,1
1258231,2,2021,2021,3,6,4,71,27,65,34609,0,1,9,-36.049751,146.992387,0,2,1,1,3,0,0,0,2,0,7,80,0,5929,5929,1,5,13,2,0,0,1,0
1258232,2,2021,2021,3,6,5,171,27,113,369,0,1,10,-33.782102,150.70832,55,0,2,1,1,0,0,0,2,0,0,40,2,1192,1192,1,8,36,2,0,0,1,1
1258235,1,2021,2021,7,5,4,147,27,460,34609,1,2,9,-33.84169,150.990555,21,0,2,1,3,0,0,0,2,0,7,40,0,14295,14295,3,5,13,2,0,0,0,1
1258238,2,2021,2021,4,1,4,1,18,6,34609,0,1,1,-36.500029,149.855448,5,1,0,0,3,2,0,0,2,0,7,100,0,418,714,5,0,40,1,0,0,1,0
1258240,4,2021,2021,3,2,9,103,27,17,256,0,1,1,-34.122836,150.794608,13,0,2,1,0,0,0,0,2,0,7,80,2,1945,1945,5,16,40,1,0,1,0,0
1258245,2,2021,2021,7,5,7,2,31,100,34609,0,1,9,-33.810029,151.173189,38,0,2,1,3,0,0,0,2,0,7,50,0,1391,1391,1,5,5,2,0,0,1,0
1258246,4,2021,2021,7,0,8,5,31,363,38,0,1,10,-33.805185,151.002597,54,0,2,1,1,0,0,0,2,0,15,60,1,6545,6545,4,30,5,2,0,1,1,0
1258247,1,2021,2021,7,2,7,515,14,189,518,0,1,3,-33.943364,151.058832,15,0,2,1,3,0,3,4,2,0,7,100,2,9859,9859,8,5,40,1,0,0,0,1
1258250,1,2021,2021,7,4,6,344,27,61,163,0,1,10,-33.756013,150.892574,7,0,2,1,3,0,0,0,2,0,0,60,2,1391,1391,1,5,5,2,0,0,0,1
1258251,2,2021,2021,7,6,9,512,17,562,441,0,1,1,-32.247219,148.592202,22,2,1,1,3,0,0,0,0,0,7,60,2,941,941,1,5,25,2,0,0,1,0
1258252,2,2021,2021,7,2,7,515,14,523,518,0,1,6,-33.938074,150.914248,41,0,2,1,3,0,0,0,2,0,7,60,2,1192,1192,1,16,5,2,0,0,1,0
1258254,2,2020,2020,2,5,8,53,36,4,34,0,1,1,-33.372611,148.596803,11,1,0,0,0,0,0,0,2,0,7,100,2,2585,4009,8,34,40,1,0,0,1,0
1258256,4,2021,2021,7,3,8,54,31,28,62,0,1,9,-33.794625,151.196482,77,0,2,1,1,0,3,4,2,0,7,60,2,14295,14295,3,0,0,2,0,1,1,1
1258258,2,2021,2021,7,0,8,48,10,19,121,0,1,10,-31.416341,152.849781,56,2,1,1,3,0,0,0,2,0,0,80,1,926,926,4,0,36,2,0,0,1,0
1258262,2,2021,2021,7,0,5,2209,17,76,2205,0,1,1,-35.357894,150.474189,63,2,1,1,1,0,3,4,2,0,7,50,2,2040,2040,9,5,28,2,0,0,1,0
1258265,1,2021,2021,7,1,7,10,27,74,34609,1,0,1,-33.748555,150.83394,7,0,2,1,1,0,0,0,2,0,7,50,0,9859,9859,1,5,5,2,0,0,0,1
1258267,2,2021,2021,7,2,5,829,27,149,770,0,1,2,-33.860201,151.163696,32,0,2,1,1,0,0,0,2,0,7,60,2,14295,14295,3,0,5,2,0,0,1,0
1258268,4,2021,2021,7,2,6,191,17,8,189,0,1,1,-32.205558,148.884199,22,1,0,1,1,0,0,0,2,0,7,100,2,14295,14295,3,16,19,2,0,1,0,0
1258269,4,2021,2021,3,4,0,133,31,646,97,0,1,1,-33.916705,151.017961,15,0,2,1,2,0,0,0,0,0,7,60,1,4026,4026,8,10,40,1,0,1,0,0
1258274,2,2021,2021,3,0,6,118,27,646,34609,0,1,9,-33.918602,151.032227,15,0,2,1,1,0,0,0,2,0,9,40,0,2040,2040,9,10,28,2,0,0,1,0
1258277,2,2021,2021,3,5,8,916,17,30,917,0,1,9,-31.04742,151.053507,70,1,0,1,0,0,0,0,2,0,7,100,2,14295,14295,3,10,5,2,0,0,1,0
1258279,2,2021,2021,4,1,7,58,23,44,34609,0,1,1,-33.973409,151.111945,25,0,2,1,0,0,0,0,2,0,7,50,0,175,188,1,5,12,2,0,0,1,0
1258280,4,2021,2021,3,2,11,220,27,44,222,0,1,2,-33.79204,150.980516,54,0,2,1,2,0,0,0,0,0,7,80,2,4026,4026,8,16,40,1,0,1,0,0
1258282,2,2021,2021,7,2,0,149,36,40,113,0,1,1,-32.051229,152.480683,43,2,1,0,0,0,3,3,0,0,7,80,1,4552,5151,8,5,40,1,0,0,3,0
1258283,2,2021,2021,3,1,3,60,27,101,262,0,1,7,-32.902859,151.622481,37,0,2,1,2,0,0,0,0,0,0,90,2,5929,5929,1,22,13,2,0,0,1,0
1258288,2,2021,2021,3,3,5,36,31,314,38,0,1,10,-33.84682,150.923059,24,0,2,1,1,0,0,0,2,0,0,60,2,6545,6545,4,10,5,2,0,0,1,0
1258297,2,2021,2021,7,3,9,178,27,189,101,0,1,9,-33.942304,151.054033,15,0,2,1,3,0,0,0,0,2,7,50,1,2852,2852,4,0,5,2,0,0,1,0
1258299,2,2021,2021,7,6,10,2126,17,14,2149,0,1,2,-33.715767,150.593823,8,2,2,1,2,0,3,4,0,0,7,80,2,4026,4026,8,5,40,1,0,0,1,0
1258301,1,2021,2021,3,0,4,485,27,337,769,0,1,9,-33.730371,150.972385,71,0,2,1,3,0,0,0,2,0,7,70,2,1391,1391,1,5,5,2,0,0,0,1
1258302,1,2021,2021,3,4,7,2126,17,80,2149,0,1,2,-33.745852,150.679073,55,0,2,1,3,0,0,0,2,0,7,60,2,1383,1383,1,5,5,2,0,0,0,1
1258307,2,2021,2021,7,5,4,515,14,166,518,0,1,3,-33.944695,150.980798,15,0,2,1,3,0,0,0,2,0,7,100,2,14295,14295,3,5,5,3,0,0,1,0
1258315,1,2021,2021,7,1,4,234,27,337,217,0,1,2,-33.731314,151.009591,71,0,2,1,3,0,0,0,2,0,7,60,2,1391,1391,1,5,5,2,0,0,0,1
1258320,1,2021,2021,3,6,8,6,27,57,69,0,1,2,-33.940005,151.227736,4,0,2,1,3,0,0,3,2,0,7,50,1,14295,14295,3,5,5,2,0,0,0,1
1258323,1,2021,2021,7,5,7,8,27,210,34609,0,1,10,-34.03857,151.11243,68,0,2,1,3,0,3,4,2,0,15,50,0,14295,14295,3,5,5,2,0,0,0,1
1258324,1,2021,2021,7,0,7,5,31,460,34609,0,1,10,-33.835938,150.979516,21,0,2,1,3,0,3,3,2,0,0,50,0,6545,6545,4,5,0,2,0,0,0,1
1258326,1,2021,2021,7,4,7,11,27,36,34609,0,1,10,-33.80152,150.951136,21,0,2,1,3,0,3,4,2,2,7,50,0,1282,1282,1,0,5,2,0,0,0,1
1258336,1,2021,2021,7,0,3,330,27,108,605,1,0,10,-33.761876,151.271749,50,0,2,0,3,0,0,0,2,2,7,60,2,14295,14295,3,5,5,2,0,0,0,1
1258338,1,2021,2021,7,1,8,135,17,8,136,0,1,9,-36.08897,147.037473,0,2,1,0,3,0,3,4,2,0,7,80,2,3775,3775,0,5,0,2,0,0,0,1
1258341,2,2021,2021,7,6,9,63,27,243,34609,0,1,1,-33.952688,150.891981,41,0,2,1,3,0,0,0,3,0,7,50,0,1981,1981,4,5,5,2,0,0,1,0
1258348,4,2021,2021,4,0,10,2,27,10,34609,0,1,9,-33.10484,151.645122,37,0,2,1,1,0,0,0,3,0,15,50,0,14295,14295,3,16,19,2,0,1,1,0
1258349,1,2021,2021,4,5,10,149,10,346,702,0,1,10,-33.86791,151.064212,67,0,2,1,3,0,0,0,0,2,0,80,2,14295,14295,3,5,5,2,0,0,0,1
1258351,2,2021,2021,7,6,6,8,27,31,34609,0,1,1,-35.125865,148.192682,20,1,0,0,0,0,0,3,2,0,7,100,0,1957,4009,8,16,40,1,0,0,2,0
1258354,4,2021,2021,3,3,3,3371,17,83,3342,0,1,1,-33.494819,151.188972,16,2,2,0,0,0,3,3,1,0,7,60,2,4552,5151,8,16,40,1,0,1,0,0
1258355,2,2020,2020,9,6,11,4,17,117,4,0,1,2,-28.175272,153.521241,72,2,1,1,2,0,0,0,0,0,7,80,2,4026,4026,8,5,40,1,0,0,1,0
1258357,2,2021,2021,7,0,8,32,27,42,27,0,1,1,-33.660144,151.262557,50,0,2,0,1,0,0,0,2,0,7,60,2,4552,5151,8,16,40,1,0,0,1,0
1258359,4,2021,2021,7,1,4,6,31,460,34609,0,1,10,-33.837178,150.983108,21,0,2,1,1,0,0,0,2,0,15,50,0,387,387,1,22,12,2,0,1,0,0
1258360,4,2021,2021,3,0,8,13,31,80,69,0,1,1,-33.93827,151.218296,4,0,2,0,1,0,0,0,2,0,7,50,1,4552,5151,8,0,40,1,0,1,0,0
1258364,2,2021,2021,7,4,8,79,27,188,159,0,1,9,-33.934305,151.110425,15,0,2,1,1,0,0,0,2,0,7,60,2,3775,3775,0,5,5,2,0,0,1,0
1258372,2,2021,2021,7,0,9,5,31,71,34609,0,1,1,-33.266025,151.545226,16,2,2,1,1,0,0,0,2,0,7,50,0,941,941,1,5,5,2,0,0,1,0
1258383,2,2021,2021,7,5,7,25,27,5,27,0,1,1,-34.393824,149.053573,30,1,0,0,0,0,0,3,2,0,7,100,1,1850,1463,5,16,40,1,0,0,1,0
1258384,2,2021,2021,7,5,6,26,10,13,26,0,1,1,-36.807114,149.90447,5,2,1,0,0,0,3,4,2,0,7,80,1,4552,5151,8,10,40,1,0,0,1,0
1258388,1,2021,2021,7,3,6,330,27,147,605,0,1,9,-33.756011,151.282945,50,0,2,1,1,0,3,4,2,1,7,60,2,14295,14295,3,5,0,3,0,0,0,1
1258391,2,2020,2020,10,5,3,3371,17,54,3342,0,1,2,-33.088107,151.638565,37,0,2,1,2,0,0,0,1,0,7,60,2,1981,1981,4,33,19,2,0,0,1,0
1258395,2,2021,2021,7,0,4,7,27,218,34609,0,1,9,-33.766176,150.76867,55,0,2,1,0,0,0,0,2,3,0,50,0,1669,1669,3,21,5,3,0,0,2,0
1258400,2,2021,2021,7,0,3,6,31,78,125,0,1,1,-33.865916,151.008727,21,0,2,1,2,0,3,4,1,0,7,60,1,1981,1981,4,19,12,2,0,0,1,0
1258404,2,2021,2021,3,0,3,109,27,18,174,0,1,9,-32.989702,151.521852,37,0,2,1,1,0,0,0,2,0,15,80,2,6545,6545,4,0,36,2,0,0,1,0
1258407,1,2021,2021,7,0,10,8,31,16,34609,0,1,7,-33.816826,151.092968,61,0,2,1,2,0,3,3,0,0,0,50,0,1945,1945,5,15,40,1,0,0,0,1
1258409,2,2021,2021,7,3,6,95,31,370,15,0,1,9,-34.06196,150.818542,13,0,2,1,1,0,3,4,2,0,7,60,1,2040,2040,9,5,28,2,0,0,1,0
1258410,4,2021,2021,7,0,7,34,27,127,799,0,1,1,-33.896258,151.15875,32,0,2,1,1,0,0,0,2,0,7,60,2,591,591,1,22,5,3,0,1,0,0
1258414,4,2021,2021,7,4,8,10,27,202,18,0,1,7,-33.956764,151.026199,15,0,2,0,1,0,0,0,2,0,0,60,1,404,404,8,16,40,1,0,1,0,0
1258416,2,2021,2021,7,4,3,18,27,58,34609,0,1,7,-34.047769,151.129998,68,0,2,1,3,0,0,3,2,0,0,50,0,6545,6545,4,5,0,2,0,0,2,0
1258417,2,2021,2021,3,0,3,123,36,7,90,0,1,1,-31.644971,151.793566,43,2,1,0,0,0,0,0,2,0,7,80,1,2585,4009,8,5,40,1,0,0,1,0
1258418,4,2021,2021,7,4,4,361,32,290,42,0,1,1,-33.854758,150.984478,21,0,2,1,0,0,0,3,2,0,7,40,1,5929,5929,1,5,0,3,0,1,0,1
1258419,2,2021,2021,3,1,8,79,10,80,34609,0,1,7,-33.877764,151.20049,69,0,2,1,1,0,0,0,2,0,0,40,0,6545,6545,4,5,19,2,0,0,1,0
1258421,2,2021,2021,4,0,8,5,27,20,34609,0,1,1,-31.011699,151.036702,70,1,0,0,0,0,3,4,2,0,7,100,0,2585,4009,8,30,40,1,0,0,2,0
1258423,2,2020,2020,11,2,11,51,31,17,34609,1,0,1,-32.725017,151.530985,42,2,1,1,2,0,0,0,0,0,7,50,0,368,368,9,16,28,2,0,0,1,0
1258424,4,2021,2021,3,3,8,229,14,98,237,0,1,3,-33.758473,151.06522,31,0,2,1,1,0,0,0,2,0,7,100,2,1282,1282,1,8,5,2,0,1,0,0
1258426,2,2021,2021,4,4,4,308,14,46,311,0,1,3,-33.930152,150.866662,41,0,2,1,1,0,0,0,2,0,0,100,2,1383,1383,1,29,35,3,0,0,1,0
1258427,4,2021,2021,7,5,11,55,27,112,70,0,1,9,-33.710355,151.024718,31,0,2,0,2,0,3,4,0,2,7,60,2,4552,5151,8,5,40,1,0,1,0,0
1258430,2,2021,2021,4,2,7,60,27,239,167,0,1,9,-34.028207,151.120155,68,0,2,1,3,0,0,0,2,2,7,70,2,29,29,6,5,5,3,0,0,1,0
1258433,2,2020,2020,11,5,6,1,31,284,34609,0,1,9,-33.912178,151.026825,15,0,2,1,3,0,0,0,2,0,0,50,0,5929,5929,1,5,0,2,0,0,1,0
1258434,1,2021,2021,7,2,6,14,27,163,74,0,1,2,-33.857104,151.103343,14,0,2,1,3,0,0,0,2,0,9,40,1,14295,14295,3,5,0,2,0,0,0,1
1258435,1,2020,2020,5,0,6,3371,17,63,3342,0,1,7,-33.238731,151.499434,16,2,2,1,3,0,3,0,2,0,0,70,2,6545,6545,4,33,5,2,0,0,0,1
1258438,2,2021,2021,4,0,0,7,27,45,34609,0,1,1,-34.294875,150.583857,79,2,2,1,2,0,3,4,0,0,7,60,0,4026,4026,1,10,10,3,0,0,1,0
1258441,1,2020,2020,9,0,6,29,31,201,34609,0,1,2,-33.989514,150.867335,13,0,2,1,3,0,0,0,2,0,7,60,0,1981,1981,4,5,5,2,0,0,0,1
1258443,1,2021,2021,3,6,3,2209,17,44,2205,0,1,9,-33.947617,151.140284,4,0,2,1,3,0,0,0,2,0,0,60,2,1669,1669,3,5,36,2,0,0,0,1
1258444,1,2021,2021,7,2,8,89,36,14,81,0,1,1,-34.055113,148.731022,51,1,0,0,3,0,3,4,2,0,7,100,2,4552,5151,8,10,40,1,0,0,0,1
1258446,2,2021,2021,3,2,5,158,27,138,207,0,1,9,-33.870063,151.269173,81,0,2,1,3,0,3,4,2,2,7,50,2,1669,1669,3,9,5,2,0,0,1,0
1258450,1,2021,2021,7,2,6,27,31,73,34609,0,1,9,-33.830845,151.083997,14,0,2,1,3,0,0,0,2,0,7,50,0,926,926,4,5,19,2,0,0,0,1
1258461,2,2021,2021,7,4,9,64,27,278,284,0,1,9,-33.777384,151.05347,54,0,2,1,3,0,3,4,0,2,9,60,2,5929,5929,1,5,36,2,0,0,1,0
1258462,2,2021,2021,7,6,8,1,36,8,34609,0,1,1,-33.42477,149.563029,3,2,1,1,1,0,0,3,2,0,7,50,0,1945,1945,5,16,40,1,0,0,1,0
1258463,4,2021,2021,4,1,2,19,18,95,32,0,1,1,-34.394345,150.90124,80,0,2,1,1,0,0,3,1,0,7,60,1,3775,3775,0,5,5,2,0,1,0,0
1258466,1,2021,2021,3,2,7,37,31,91,34609,0,1,1,-33.960143,151.0879,25,0,2,1,0,0,0,0,2,0,7,50,0,83,83,5,16,40,1,0,0,0,1
1258470,4,2021,2021,3,0,3,481,17,25,483,0,1,1,-31.704933,148.679451,51,2,1,1,0,0,0,0,2,0,7,80,2,4026,4026,8,9,40,1,0,1,0,0
1258475,2,2021,2021,7,2,8,4,31,83,34609,0,1,10,-29.703243,152.934606,18,2,1,1,0,0,0,0,2,0,0,50,0,6545,6545,4,5,19,2,0,0,1,0
1258477,2,2021,2021,3,5,9,123,27,37,120,1,0,9,-33.898467,151.254007,76,0,2,1,0,0,0,3,2,0,0,50,2,5929,5929,1,10,19,2,0,0,1,0
1258480,2,2021,2021,3,3,10,43,27,273,87,0,1,9,-34.440195,150.890908,80,0,2,1,2,0,0,0,0,2,7,80,2,2852,2852,4,5,5,2,0,0,1,3
1258481,2,2020,2020,2,4,3,11,27,42,29,0,1,7,-33.74237,151.268085,50,0,2,0,0,0,0,0,2,0,0,50,1,14295,14295,3,8,0,2,0,0,1,0
1258486,4,2021,2021,3,0,4,3371,17,463,3342,0,1,9,-30.277085,153.136466,19,2,1,0,1,0,3,4,2,0,7,60,2,4552,5151,8,5,40,1,0,1,0,0
1258488,2,2021,2021,3,1,11,866,17,157,793,0,1,2,-33.792057,151.004571,54,0,2,1,2,0,3,3,0,0,7,90,2,14295,14295,3,5,19,2,0,0,1,0
1258492,2,2021,2021,7,4,3,475,10,42,268,0,1,1,-33.879572,150.815928,41,0,2,0,0,0,0,0,2,0,7,80,2,1669,1669,3,5,0,3,0,0,3,0
1258495,2,2021,2021,3,6,4,15,27,26,18,0,1,1,-31.174222,152.940222,34,1,0,0,0,0,3,3,2,0,7,100,1,1850,1463,5,16,40,1,0,0,1,0
1258497,1,2020,2020,2,3,9,99,31,84,105,0,1,9,-33.883398,150.938738,24,0,2,1,0,0,0,0,2,0,0,60,1,5929,5929,1,0,27,2,0,0,0,1
1258498,2,2020,2020,2,6,8,110,27,445,40,0,1,9,-33.849545,151.054108,54,0,2,1,1,0,0,0,2,0,15,60,1,6545,6545,4,0,5,2,0,0,2,0