Crash ID,Degree of crash - detailed,Reporting year,Year of crash,Month of crash,Day of week of crash,Two-hour intervals,Street of crash,Street type,Town,Route no.,School zone location,School zone active,Type of location,Latitude,Longitude,LGA,Urbanisation,Conurbation 1,Alignment,Street lighting,Road surface,Surface condition,Weather,Natural lighting,Signals operation,Other traffic control,Speed limit,Road classification,RUM - code,DCA - code,First impact type,Key TU type,Other TU type,No. of traffic units involved,No. killed,No. seriously injured,No. moderately injured,No. minor-other injured
1258499,4,2021,2021,7,6,7,10,31,252,34609,0,1,1,-33.879102,151.214064,69,0,2,1,1,0,0,3,2,0,7,40,0,186,186,9,9,28,2,0,1,0,0
1258500,2,2021,2021,7,3,8,916,17,20,917,0,1,2,-30.983185,151.099303,70,1,0,1,0,0,3,4,2,0,7,100,2,4026,4026,8,0,40,1,0,0,1,0
1258501,1,2021,2021,4,2,5,308,14,323,311,0,1,3,-33.807774,150.852461,7,0,2,1,0,0,0,0,2,0,7,100,2,1192,1192,1,33,0,2,0,0,0,1
1258502,2,2021,2021,3,4,4,92,27,21,36,0,1,1,-35.730991,150.197982,23,2,1,1,1,0,0,0,2,0,7,50,1,1669,1669,3,5,5,2,0,0,1,0
1258504,2,2021,2021,3,1,9,3371,17,19,3342,0,1,2,-31.879027,152.556381,43,1,0,1,0,0,0,0,2,0,7,100,2,4026,4026,8,34,40,1,0,0,1,0
1258505,2,2021,2021,4,5,7,2209,17,79,2205,0,1,7,-34.898271,150.602343,63,2,1,1,1,0,0,3,2,0,0,60,2,14295,14295,3,0,36,2,0,0,1,0
1258506,1,2021,2021,3,5,7,2209,17,4,2205,0,1,1,-37.38299,149.685521,5,1,0,0,0,0,3,4,2,0,7,100,2,1259,5151,8,10,40,1,0,0,0,1
1258508,4,2021,2021,4,1,11,127,27,48,103,0,1,1,-32.916049,151.748862,48,0,2,1,3,1,2,6,0,0,7,60,1,1220,1220,9,0,28,2,0,1,0,0
1258509,2,2021,2021,3,6,7,93,10,283,125,0,1,10,-33.836607,151.01483,21,0,2,1,1,0,0,0,2,2,7,60,1,6545,6545,4,5,13,3,0,0,1,1
1258510,4,2021,2021,4,5,5,1,25,108,34609,0,1,1,-28.847794,153.559915,2,2,1,1,0,0,0,0,2,0,7,50,0,368,368,9,10,28,2,0,1,0,0
1258511,2,2021,2021,3,4,6,135,17,131,136,0,1,10,-36.084803,146.914896,0,2,1,1,3,0,0,0,2,2,7,50,2,6545,6545,4,5,5,2,0,0,2,0
1258516,2,2021,2021,7,4,10,294,17,56,288,0,1,10,-35.120225,147.378365,75,2,1,1,2,0,0,0,0,2,7,60,2,5929,5929,1,33,5,2,0,0,1,0
1258519,1,2021,2021,3,3,5,19,31,166,143,0,1,2,-33.418354,149.584098,3,2,1,1,0,0,0,0,2,0,7,50,2,1981,1981,4,10,5,2,0,0,0,1
1258522,1,2021,2021,7,4,7,916,17,7,917,0,1,1,-31.38473,150.879183,70,1,0,1,3,0,0,0,2,0,7,100,2,4026,4026,8,34,40,1,0,0,0,1
1258523,4,2021,2021,3,1,5,23,27,179,66,0,1,1,-31.870145,152.413122,43,1,0,0,1,0,0,0,2,0,7,90,1,204,204,1,0,5,2,0,1,0,0
1258524,4,2021,2021,3,3,7,2,27,37,18,0,1,9,-31.380431,151.536105,51,1,0,0,1,0,3,4,2,0,0,100,1,418,714,5,16,40,1,0,1,0,0
1258525,4,2021,2021,4,0,11,308,14,33,311,0,1,3,-33.775728,150.855637,7,0,2,0,0,0,0,0,0,0,7,100,2,4552,5151,1,5,5,7,0,3,2,0
1258526,2,2021,2021,3,6,3,2,31,314,34609,0,1,1,-33.842539,150.935702,21,0,2,1,1,0,3,4,2,0,7,60,0,1669,1669,3,9,2,2,0,0,1,0
1258529,4,2021,2021,7,3,9,1052,14,207,928,0,1,3,-33.556644,151.19275,31,0,2,1,0,0,3,4,2,0,7,110,2,4026,4026,8,34,40,1,0,1,0,0
1258530,2,2021,2021,3,3,8,150,27,197,415,0,1,10,-33.797812,151.115071,61,0,2,0,1,0,0,0,2,2,7,70,2,6545,6545,4,0,5,2,0,0,2,0
1258531,2,2021,2021,3,6,7,84,27,61,415,0,1,2,-33.774275,151.135258,36,0,2,1,1,0,0,3,2,0,7,70,2,14295,14295,3,9,0,3,0,0,1,0
1258536,2,2020,2020,2,4,9,8,31,207,34609,0,1,7,-31.953381,141.464739,51,2,1,1,1,0,0,0,2,0,7,50,0,6545,6545,4,5,13,2,0,0,1,1
1258537,1,2021,2021,3,3,9,43,1,32,144,0,1,7,-33.757264,150.825466,7,0,2,1,1,0,0,0,2,0,0,60,2,6545,6545,4,21,27,2,0,0,0,1
1258538,2,2021,2021,7,5,8,125,27,38,144,0,1,2,-32.792438,151.954881,57,1,0,1,0,0,0,0,2,0,7,100,2,945,945,5,10,40,1,0,0,1,0
1258539,4,2021,2021,4,2,8,25,27,5,143,0,1,1,-33.20953,149.666354,3,1,0,0,1,0,0,0,2,0,7,100,2,4552,5151,8,16,40,1,0,1,0,0
1258543,2,2021,2021,3,6,8,348,27,73,88,0,1,9,-33.705091,150.695985,55,0,2,0,1,0,0,0,2,0,15,80,2,5929,5929,1,5,5,2,0,0,1,0
1258544,4,2021,2021,4,6,8,346,17,19,332,0,1,1,-28.889207,153.230741,39,1,0,0,0,0,0,3,2,0,7,100,2,4552,5151,8,5,40,1,0,1,0,0
1258545,4,2020,2020,2,4,9,7,6,463,34609,0,1,9,-30.280528,153.122891,19,2,1,1,2,0,0,0,3,0,7,50,0,1850,985,5,16,40,1,0,1,0,0
1258547,2,2021,2021,3,6,7,62,10,122,62,0,1,1,-33.429528,151.342581,16,2,2,1,3,0,0,0,2,0,7,50,2,14295,14295,3,5,36,4,0,0,2,0
1258548,1,2021,2021,3,5,6,2126,17,80,2149,0,1,10,-33.882866,151.2042,69,0,2,1,0,0,0,0,2,2,7,40,2,312,312,2,16,40,1,0,0,0,1
1258549,2,2021,2021,3,1,5,2209,17,144,2205,0,1,2,-34.059661,151.026726,68,0,2,0,1,0,0,0,2,0,7,70,2,14295,14295,3,5,0,2,0,0,1,0
1258550,2,2021,2021,3,4,7,2,10,154,34609,1,2,1,-33.705623,150.953486,71,0,2,0,0,0,0,0,2,0,7,40,0,2585,4009,8,0,40,1,0,0,1,0
1258551,2,2021,2021,4,6,1,150,27,309,415,0,1,9,-33.808111,151.108562,61,0,2,1,2,0,0,0,0,2,7,70,2,2852,2852,4,27,35,2,0,0,2,0
1258553,4,2021,2021,3,0,11,70,27,78,100,0,1,1,-33.691121,150.577749,8,2,2,0,2,0,3,3,0,0,7,60,2,4552,5151,8,5,40,1,0,1,0,0
1258554,4,2021,2021,3,3,9,1,1,19,34609,0,1,9,-33.761305,151.087166,31,0,2,1,1,0,0,0,2,0,0,50,0,1669,1669,3,5,5,2,0,1,0,0
1258556,4,2021,2021,3,0,10,1,7,13,34609,0,1,1,-34.566375,150.752827,62,0,2,0,1,0,0,0,0,0,7,40,0,312,312,2,0,40,1,0,1,0,0
1258560,1,2021,2021,3,4,11,346,17,16,332,0,1,1,-28.943501,152.219377,51,1,0,1,0,0,0,0,0,0,7,100,2,237,162,8,5,40,1,0,0,0,1
1258561,2,2021,2021,7,5,3,8,27,11,34609,0,1,1,-34.464533,145.691114,51,1,0,1,3,0,0,0,1,0,7,100,0,1089,1089,7,16,40,1,0,0,1,0
1258563,2,2021,2021,7,2,10,103,36,10,157,0,1,1,-29.030032,153.009925,60,1,0,1,0,0,0,0,0,0,7,100,2,1089,1089,7,10,40,1,0,0,1,0
1258564,2,2020,2020,2,5,8,361,32,111,65,0,1,9,-33.703454,150.873916,7,0,2,0,1,0,3,4,2,0,9,60,1,591,591,1,17,5,3,0,0,1,0
1258565,2,2021,2021,4,0,8,1,27,22,95,0,1,1,-33.186981,148.701181,11,1,0,1,0,0,0,0,2,0,11,100,2,4026,4026,8,9,40,2,0,0,1,0
1258566,2,2021,2021,7,5,3,109,27,7,174,0,1,1,-32.999259,151.537174,37,0,2,1,1,0,0,0,2,0,7,80,2,1192,1192,1,10,27,2,0,0,1,0
1258569,4,2021,2021,4,6,0,15,27,363,14,0,1,7,-33.734295,150.711972,55,0,2,1,2,0,0,0,0,0,0,70,1,1945,1945,5,16,40,1,0,1,0,0
1258570,4,2020,2020,2,3,0,4,27,41,34609,0,1,1,-34.10807,150.818423,13,0,2,0,0,0,3,0,0,0,7,60,0,2585,4009,8,5,40,1,0,1,1,0
1258571,4,2021,2021,7,2,6,27,27,5,39,0,1,1,-31.397257,151.120846,70,1,0,0,1,0,0,0,2,0,7,100,1,1089,1089,7,16,40,1,0,1,0,0
1258572,4,2021,2021,7,4,7,3,27,16,34609,0,1,10,-34.590872,146.404559,51,2,1,1,0,0,2,6,2,0,15,80,0,6545,6545,4,0,13,2,0,1,1,0
1258574,1,2021,2021,3,6,7,62,27,63,166,0,1,10,-33.2437,151.468672,16,2,2,1,3,0,0,0,2,2,9,70,2,2040,2040,9,5,28,2,0,0,0,1
1258575,4,2021,2021,4,0,2,17,31,8,13,0,1,1,-32.929965,148.754437,11,2,1,1,2,0,0,0,0,0,7,50,1,4026,4026,1,16,5,2,0,1,0,0
1258576,2,2021,2021,3,5,10,168,10,387,260,0,1,9,-33.94457,151.188136,4,0,2,0,3,0,0,0,0,2,7,70,2,1850,985,5,29,40,1,0,0,1,0
1258580,1,2021,2021,7,5,8,11,27,62,29,0,1,7,-33.747634,151.262445,50,0,2,0,3,0,3,4,2,0,0,60,1,14295,14295,3,9,0,2,0,0,0,1
1258584,1,2021,2021,3,2,10,150,27,197,415,0,1,9,-33.787774,151.125734,61,0,2,1,3,0,0,0,0,3,7,70,2,14295,14295,3,5,5,2,0,0,0,1
1258586,1,2021,2021,7,1,9,2209,17,106,2205,0,1,2,-34.566924,150.801649,62,0,2,1,3,0,3,4,3,0,7,60,2,14295,14295,3,5,0,2,0,0,0,1
1258589,1,2021,2021,7,6,8,115,27,90,114,0,1,1,-33.889755,151.255529,81,0,2,1,3,0,0,0,2,0,7,50,2,14295,14295,3,10,5,2,0,0,0,1
1258590,1,2021,2021,7,6,5,44,31,87,34609,0,1,9,-34.053585,151.151167,68,0,2,1,3,0,0,3,2,0,15,50,0,623,623,3,5,5,2,0,0,0,1
1258592,1,2021,2021,4,3,11,2261,17,187,2252,0,1,9,-33.888713,150.969588,24,0,2,1,3,0,0,0,0,2,7,70,2,2852,2852,4,5,5,2,0,0,0,1
1258593,2,2021,2021,7,4,9,149,10,346,702,0,1,6,-33.885346,151.06961,67,0,2,0,3,0,3,4,3,0,7,70,2,14295,14295,3,5,0,3,0,0,1,0
1258594,2,2021,2021,7,4,7,7,31,135,34609,1,2,10,-32.896003,151.747848,48,0,2,1,3,0,3,4,2,2,7,40,0,6545,6545,4,30,13,2,0,0,1,0
1258595,1,2020,2020,11,2,7,3371,17,63,3342,0,1,7,-33.238745,151.499247,16,2,2,1,3,0,0,0,2,0,0,70,2,1391,1391,1,5,5,2,0,0,0,1
1258597,1,2021,2021,7,4,4,106,27,252,106,0,1,9,-33.927578,150.888153,41,0,2,1,3,0,0,0,2,2,7,70,2,14295,14295,3,10,5,2,0,0,0,1
1258598,1,2021,2021,7,5,8,500,27,83,799,0,1,1,-33.914532,151.113428,15,0,2,1,3,0,0,0,2,0,7,60,2,1391,1391,1,5,0,3,0,0,0,2
1258599,4,2021,2021,7,3,10,2261,17,38,2252,0,1,3,-34.1366,150.742982,79,1,2,1,3,0,3,4,0,0,7,110,2,1383,1383,1,30,0,2,0,1,0,0
1258601,2,2021,2021,7,5,2,916,17,13,917,0,1,1,-32.540753,151.148281,64,2,1,1,3,0,3,4,0,0,7,80,2,14295,14295,3,10,5,4,0,0,1,0
1258602,2,2021,2021,7,1,4,127,27,48,103,0,1,9,-32.910976,151.745899,48,0,2,0,3,0,0,0,2,2,7,60,1,5929,5929,1,5,5,2,0,0,1,0
1258617,4,2021,2021,4,2,8,92,27,9,34609,0,1,1,-34.053156,150.876976,13,0,2,1,0,0,0,0,2,0,7,70,0,1957,4009,8,5,40,1,0,1,1,0
1258618,2,2021,2021,4,2,8,234,27,24,228,0,1,1,-33.399295,150.985311,31,0,2,0,0,0,0,0,2,0,7,60,2,4552,5151,8,16,40,1,0,0,1,0
1258623,2,2021,2021,7,0,10,7,27,12,34609,0,1,1,-30.533178,151.91163,1,1,0,1,0,0,0,0,0,0,7,100,0,3775,3775,0,5,5,2,0,0,1,1
1258624,4,2021,2021,3,5,7,2261,17,204,2252,0,1,10,-33.888516,151.117504,32,0,2,1,1,0,0,0,2,2,7,60,2,14295,14295,3,9,19,2,0,1,0,0
1258625,4,2021,2021,3,3,9,104,27,443,702,0,1,9,-33.915768,151.062943,15,0,2,0,1,0,0,0,2,2,7,60,2,5929,5929,1,0,36,2,0,1,1,0
1258638,2,2020,2020,2,0,8,2,31,84,34609,0,1,9,-31.103602,150.894467,70,2,1,1,1,0,3,4,2,0,7,50,0,1669,1669,3,5,5,2,0,0,1,1
1258648,1,2021,2021,7,2,7,90,31,252,165,0,1,10,-33.889987,151.217163,69,0,2,1,3,0,0,0,2,2,5,60,2,6545,6545,4,5,39,2,0,0,0,1
1258649,1,2020,2020,3,4,7,3371,17,121,3342,0,1,6,-28.196508,153.529259,72,2,1,0,1,0,3,4,2,0,7,60,2,1957,4009,8,5,40,1,0,0,0,2
1258668,4,2021,2021,3,5,8,234,27,57,217,0,1,1,-33.561834,151.011602,31,0,2,0,0,0,0,0,2,0,7,80,2,2585,4009,8,10,40,1,0,1,0,0
1258672,4,2021,2020,2,5,7,128,27,61,133,0,1,9,-33.834578,150.652596,55,0,2,1,1,0,3,4,2,0,0,60,2,1669,1669,3,9,5,3,0,1,2,1
1258673,1,2021,2021,4,6,7,150,27,173,415,0,1,9,-33.780958,151.132681,61,0,2,1,1,0,3,4,2,2,7,70,2,1669,1669,3,10,5,2,0,0,0,1
1258674,4,2021,2021,3,5,4,27,27,463,62,0,1,1,-30.286627,153.080099,19,2,1,0,0,0,3,3,2,0,7,80,1,3775,3775,0,9,13,2,0,2,0,0
1258675,2,2021,2021,4,2,6,481,17,96,483,0,1,9,-33.380081,148.01201,51,2,1,1,1,0,0,0,2,0,0,50,2,1669,1669,3,0,5,3,0,0,1,0
1258676,2,2021,2021,3,0,7,3371,17,463,3342,0,1,2,-30.317857,153.091186,19,2,1,0,2,0,3,4,2,0,7,60,2,3775,3775,0,10,0,2,0,0,1,0
1258679,1,2021,2021,4,0,7,866,17,44,793,0,1,10,-33.79622,150.978139,54,0,2,1,3,0,0,0,2,2,7,70,2,775,775,4,9,5,2,0,0,0,1
1258680,2,2021,2020,2,3,6,2261,17,243,2252,0,1,9,-33.955877,150.89421,41,0,2,1,1,0,0,0,2,2,7,70,2,5929,5929,1,30,19,2,0,0,2,0
1258682,2,2021,2021,3,1,9,478,17,22,480,0,1,1,-33.327443,151.508486,16,2,2,0,0,0,0,0,2,0,7,70,2,3775,3775,0,5,5,2,0,0,1,0
1258683,4,2021,2021,4,6,8,224,27,137,321,0,1,1,-33.910757,151.202143,69,0,2,1,1,0,0,0,2,0,7,50,2,14295,14295,3,15,36,2,0,1,0,0
1258684,4,2021,2020,2,1,8,80,31,77,42,0,1,10,-32.943024,151.757284,48,0,2,1,1,0,0,0,2,0,0,50,1,5929,5929,1,5,19,2,0,2,1,0
1258686,4,2021,2021,7,0,10,24,27,246,99,0,1,10,-33.906192,151.191823,69,0,2,1,2,0,0,0,0,2,7,50,2,5929,5929,1,5,18,2,0,1,0,0
1258688,2,2021,2021,3,2,9,7,27,13,34609,0,1,9,-34.333584,150.491028,78,1,0,0,3,2,3,0,2,0,7,100,0,489,489,5,16,40,1,0,0,1,0
1258689,2,2021,2021,3,6,6,63,10,63,34609,0,1,1,-28.196807,153.503756,72,2,1,0,0,0,3,3,2,0,7,60,0,782,957,5,0,40,1,0,0,1,0
1258690,4,2021,2021,7,4,8,1,31,16,34609,0,1,10,-32.805567,149.971451,44,2,1,1,1,0,0,3,2,0,0,50,0,6545,6545,4,10,13,2,0,1,0,0
1258692,2,2021,2021,3,0,7,11,27,10,25,0,1,9,-35.442646,149.214176,58,2,1,1,1,0,0,0,2,2,7,80,1,2852,2852,4,10,5,2,0,0,1,1
1258693,2,2021,2021,7,0,4,512,17,433,441,0,1,9,-33.257909,149.074147,52,2,1,1,0,0,0,0,2,0,0,50,2,2852,2852,4,0,0,2,0,0,1,0
1258697,2,2021,2021,3,5,10,916,17,105,917,0,1,10,-32.717679,151.526637,42,2,1,1,2,0,0,0,3,2,7,60,2,6545,6545,4,5,0,2,0,0,1,0
1258698,2,2021,2021,4,3,9,4,7,433,34609,0,1,1,-33.274282,149.117811,52,2,1,0,1,0,0,0,2,0,7,50,0,4552,5151,8,5,40,1,0,0,1,0
1258699,2,2021,2021,4,1,11,98,31,176,159,0,1,10,-33.955846,151.144411,4,0,2,1,2,0,0,0,0,0,15,60,2,1282,1282,1,5,5,2,0,0,2,0
1258702,1,2021,2021,7,0,5,59,31,130,321,0,1,10,-33.871375,151.194899,69,0,2,1,3,0,3,3,2,2,7,50,2,14295,14295,3,0,5,2,0,0,0,1
1258711,1,2021,2021,7,1,8,344,27,168,382,0,1,10,-33.70701,150.838952,7,0,2,1,3,0,3,0,2,2,7,80,2,14295,14295,3,3,5,2,0,0,0,1
1258714,2,2021,2021,3,4,11,361,31,76,34609,0,1,1,-34.555636,150.367302,78,2,1,1,3,0,0,0,0,0,7,50,0,475,475,5,5,40,1,0,0,1,0
1258717,4,2021,2020,2,4,6,3,31,30,34609,1,0,10,-34.874444,147.584281,51,2,1,0,1,0,0,0,2,0,0,50,0,1850,1463,5,18,40,1,0,1,0,0
1258718,4,2021,2021,7,2,7,60,10,121,84,0,1,10,-28.202784,153.544295,72,2,1,1,1,0,0,0,2,2,7,60,1,14295,14295,3,0,5,3,0,1,0,0
1258719,2,2021,2021,3,4,3,103,27,17,256,0,1,1,-34.157837,150.790684,13,0,2,1,1,0,0,0,2,0,7,80,2,1669,1669,3,5,5,4,0,0,1,0
1258724,2,2021,2021,7,0,4,3371,17,137,3342,0,1,2,-32.966134,151.69528,37,0,2,1,1,0,0,0,2,0,7,60,2,1220,1220,9,5,28,2,0,0,1,0
1258726,2,2021,2021,4,1,6,18,1,143,3342,0,1,9,-33.705445,151.099247,31,0,2,1,0,0,0,0,2,3,7,50,2,14295,14295,3,5,5,3,0,0,1,0
1258729,2,2021,2021,7,1,7,3,27,12,34609,0,1,1,-35.25811,150.430637,63,2,1,0,0,0,3,4,2,0,7,60,0,2585,4009,8,5,40,1,0,0,1,0
1258731,2,2021,2021,7,4,6,77,31,445,563,0,1,2,-33.871532,151.042236,21,0,2,1,1,0,0,0,2,0,7,70,2,14295,14295,3,5,5,2,0,0,1,0
1258732,4,2021,2020,10,4,6,1,27,2,34609,0,1,1,-32.30843,152.466934,43,2,1,1,0,2,3,3,2,0,7,50,0,1945,1945,5,16,40,1,0,1,0,0
1258735,2,2021,2021,7,3,5,2209,17,70,2205,0,1,2,-34.838121,150.595465,63,2,1,1,0,0,0,0,2,0,7,60,2,14295,14295,3,5,5,2,0,0,1,0
1258736,2,2021,2021,7,1,10,829,27,159,770,0,1,10,-33.809207,151.092842,61,0,2,1,2,0,3,4,0,2,9,60,2,926,926,4,5,5,2,0,0,1,0
1258738,4,2021,2021,3,0,4,8,27,77,44,0,1,1,-33.721258,151.082708,31,0,2,1,0,0,0,0,2,0,7,60,1,9859,9859,8,30,40,1,0,1,1,0
1258740,2,2021,2020,10,4,7,100,27,68,78,0,1,2,-33.608855,149.780042,51,2,1,0,0,0,3,4,2,0,7,80,2,1259,5151,8,10,40,1,0,0,1,0
1258741,2,2021,2021,4,1,8,177,22,210,176,1,0,10,-34.033792,151.098705,68,0,2,1,0,0,0,0,2,2,7,60,2,5929,5929,1,5,0,2,0,0,2,0
1258743,2,2021,2021,3,0,10,52,27,188,53,1,0,1,-33.932573,151.099309,15,0,2,1,2,0,0,0,0,0,7,50,1,5929,5929,1,5,19,2,0,0,1,0
1258744,2,2021,2021,3,5,3,1104,14,142,962,0,1,3,-33.826559,151.004218,54,0,2,0,1,0,3,4,2,0,7,60,2,14295,14295,3,34,5,3,0,0,1,0
1258745,4,2021,2021,3,1,8,2209,17,176,2205,0,1,9,-33.958952,151.137992,4,0,2,1,1,0,0,0,2,0,7,60,2,2040,2040,9,5,28,2,0,1,0,0
1258746,4,2021,2021,7,4,4,15,10,14,34609,0,1,1,-33.536832,151.299302,16,2,2,0,0,0,3,4,2,0,7,80,0,4552,5151,1,9,5,2,0,1,0,0
1258749,4,2021,2021,4,3,5,37,27,10,36,0,1,1,-32.638314,151.718892,57,2,1,1,0,0,0,0,2,0,7,80,1,1945,1945,5,16,40,2,0,1,0,0
1258754,1,2021,2021,7,2,10,72,27,72,56,0,1,9,-33.790906,151.065782,54,0,2,0,3,0,0,0,0,2,7,60,2,2852,2852,4,5,5,2,0,0,0,3
1258756,4,2021,2021,7,2,8,56,27,323,38,0,1,2,-33.762366,150.992114,71,0,2,1,3,0,0,0,2,0,7,60,1,1282,1282,1,0,5,2,0,1,0,0
1258757,1,2021,2021,3,4,6,125,27,290,103,0,1,1,-33.863421,151.009051,21,0,2,0,3,0,3,0,2,0,7,60,1,3775,3775,0,5,10,2,0,0,0,1
1258759,4,2021,2021,7,5,4,5,31,64,34609,0,1,9,-33.952156,151.005432,15,0,2,1,3,0,3,4,2,0,7,50,0,941,941,1,5,0,3,0,1,1,0
1258760,2,2021,2021,7,2,6,2209,17,157,2205,0,1,9,-34.013669,151.094346,68,0,2,1,3,0,0,0,2,0,0,70,2,2852,2852,4,0,0,2,0,0,1,0
1258764,1,2021,2021,7,2,8,145,27,115,80,0,1,9,-33.87712,151.187793,69,0,2,0,3,0,0,0,2,0,7,40,2,14295,14295,3,19,5,2,0,0,0,1
1258765,2,2021,2021,7,4,6,220,27,323,222,0,1,9,-33.763474,150.957951,71,0,2,1,3,0,0,0,2,0,7,80,2,14295,14295,3,5,5,2,0,0,1,0
1258767,4,2021,2021,7,4,5,115,27,113,173,0,1,6,-34.3667,150.859131,80,0,2,0,1,0,0,0,2,0,7,100,2,2585,4009,8,16,40,1,0,1,0,0
1258768,2,2021,2021,3,6,6,8,31,16,34609,0,1,10,-33.79778,151.202999,77,0,2,1,3,0,3,4,2,0,15,50,0,6545,6545,4,5,5,2,0,0,1,0
1258769,1,2021,2021,7,6,4,79,10,43,231,0,1,1,-33.446317,151.328024,16,2,2,1,1,0,0,0,2,0,7,60,2,14295,14295,3,9,5,2,0,0,0,1
1258771,2,2021,2021,7,5,7,100,27,323,100,0,1,2,-33.795826,150.853673,7,0,2,1,1,0,3,4,2,0,7,70,2,3775,3775,0,10,5,2,0,0,1,0
1258772,4,2021,2021,7,1,8,2,31,15,34609,0,1,9,-35.149083,147.345828,75,2,1,1,1,0,0,0,2,0,7,70,0,14295,14295,3,30,13,2,0,1,0,1
1258773,2,2021,2021,7,0,11,5,27,15,34609,0,1,1,-33.78331,151.285847,50,0,2,1,2,0,3,3,0,0,7,50,0,1089,1089,7,16,40,1,0,0,1,0
1258774,4,2021,2021,7,1,7,79,31,56,18,0,1,1,-33.856773,151.179467,32,0,2,1,1,0,0,0,2,0,7,40,1,14295,14295,3,22,5,2,0,1,0,0
1258775,2,2021,2021,7,2,8,24,27,9,24,0,1,1,-28.313362,153.287345,72,2,1,0,0,0,3,4,3,0,7,80,1,782,957,5,30,40,1,0,0,1,0
1258776,2,2021,2021,7,0,7,265,17,3,193,0,1,1,-34.84762,147.640351,51,2,1,0,0,0,0,0,2,0,14,60,2,14295,14295,3,5,0,3,0,0,1,0
1258781,4,2021,2021,3,2,7,1,25,433,34609,0,1,1,-33.262726,149.100589,52,2,1,1,1,0,0,0,2,0,7,50,0,214,214,9,5,28,2,0,1,1,0
1258783,4,2021,2021,4,5,11,1,18,2,34609,0,1,1,-33.576636,150.744147,29,2,2,0,0,2,3,4,0,0,7,60,0,2585,4009,8,10,40,1,0,1,0,0
1258784,1,2021,2021,7,5,5,8,10,112,114,0,1,1,-33.446161,151.429176,16,2,2,1,2,0,3,4,2,0,7,60,2,2040,2040,9,9,28,2,0,0,0,1
1258785,4,2021,2021,7,0,6,265,10,445,563,0,1,2,-33.867302,151.041221,21,0,2,0,0,0,0,0,2,0,7,70,2,1282,1282,1,16,5,2,0,1,0,0
1258786,2,2021,2021,7,1,5,30,27,187,94,0,1,1,-33.881743,150.991927,15,0,2,0,1,0,0,0,2,0,7,60,1,1957,4009,8,0,40,1,0,0,1,0
1258787,2,2021,2021,7,2,11,220,27,46,222,0,1,9,-33.78567,150.972145,54,0,2,1,1,0,3,4,0,2,7,80,2,9859,9859,8,5,40,1,0,0,1,0
1258788,2,2021,2021,7,5,4,79,31,82,34609,0,1,10,-31.081714,150.934001,70,2,1,1,1,0,3,4,2,0,15,50,0,6545,6545,4,0,0,2,0,0,1,0
1258789,2,2021,2021,7,5,4,72,31,165,21,0,1,10,-32.269337,150.884833,46,2,1,1,0,0,0,0,2,0,7,60,2,1669,1669,3,34,0,2,0,0,1,0
1258791,2,2021,2021,3,0,7,99,31,237,105,0,1,9,-33.864693,150.950531,24,0,2,1,0,0,0,0,2,0,15,60,1,1192,1192,1,22,25,2,0,0,1,0
1258792,1,2021,2021,7,1,10,6,27,89,13,0,1,9,-33.661356,150.791694,55,0,2,1,0,0,3,4,3,0,7,80,1,57,57,1,33,5,2,0,0,0,1
1258793,2,2021,2021,3,2,6,53,36,8,95,0,1,1,-33.232803,148.873366,11,1,0,1,0,0,3,4,2,0,7,100,2,9859,9859,8,5,40,1,0,0,1,0
1258794,4,2021,2021,4,2,6,177,31,174,208,0,1,7,-33.860584,150.927826,24,0,2,1,0,0,0,0,2,0,0,60,1,6545,6545,4,33,36,2,0,1,0,0
1258797,2,2021,2021,7,5,10,866,17,278,793,0,1,10,-33.777737,151.05181,54,0,2,1,2,0,3,3,0,2,9,60,2,2040,2040,9,5,28,2,0,0,1,0
1258799,2,2021,2021,7,6,9,68,27,110,67,0,1,1,-33.788273,151.006575,54,0,2,1,2,0,3,4,0,0,7,60,1,9859,9859,8,5,40,1,0,0,1,0
1258800,4,2021,2021,7,3,6,2261,17,646,2252,1,0,2,-33.907321,151.033016,15,0,2,1,1,0,3,4,2,0,7,60,2,9859,9859,8,21,40,1,0,2,0,0
1258801,4,2021,2021,4,2,9,125,27,38,144,0,1,1,-32.786108,151.923428,57,2,1,0,0,0,3,4,2,0,7,80,2,3775,3775,0,10,0,2,0,2,0,1
1258803,2,2021,2021,7,5,7,213,17,11,213,0,1,1,-29.783776,151.380673,33,1,0,1,0,0,0,0,2,0,7,100,2,945,945,5,10,40,1,0,0,3,0
1258807,2,2021,2021,7,1,5,25,27,54,34609,0,1,1,-33.628231,150.890107,29,2,2,0,0,0,0,0,2,0,7,70,0,3775,3775,0,5,13,2,0,0,1,0
1258811,4,2021,2021,7,6,8,829,27,125,770,0,1,9,-33.826204,151.12614,61,0,2,1,0,0,0,0,2,0,7,60,2,775,775,4,5,19,2,0,1,0,0
1258812,1,2021,2020,2,2,10,6,27,6,8,0,1,1,-35.00783,143.854339,51,1,0,1,0,0,0,0,0,0,7,100,1,1945,1945,5,5,40,1,0,0,0,2
1258813,2,2021,2021,3,1,0,1,27,9,34609,0,1,1,-33.484478,151.315333,16,2,2,0,0,0,0,0,0,0,7,50,0,4552,5151,1,5,12,2,0,0,1,0
1258814,4,2021,2021,7,1,7,294,17,56,288,0,1,10,-35.120225,147.378365,75,2,1,1,3,0,3,4,2,2,7,60,2,782,985,5,5,40,1,0,1,0,0
1258815,4,2021,2021,4,6,5,103,36,5,157,0,1,1,-28.38846,152.661359,51,1,0,0,0,0,0,0,2,0,7,100,2,782,957,5,0,40,1,0,2,0,0