Crash ID,Degree of crash - detailed,Reporting year,Year of crash,Month of crash,Day of week of crash,Two-hour intervals,Street of crash,Street type,Town,Route no.,School zone location,School zone active,Type of location,Latitude,Longitude,LGA,Urbanisation,Conurbation 1,Alignment,Street lighting,Road surface,Surface condition,Weather,Natural lighting,Signals operation,Other traffic control,Speed limit,Road classification,RUM - code,DCA - code,First impact type,Key TU type,Other TU type,No. of traffic units involved,No. killed,No. seriously injured,No. moderately injured,No. minor-other injured
1258816,4,2021,2021,7,6,11,75,10,80,165,0,1,3,-33.936066,151.201072,4,0,2,0,0,0,0,0,0,0,7,80,2,368,368,9,16,28,2,0,1,1,0
1258819,2,2021,2021,7,6,9,512,17,562,441,0,1,10,-32.243129,148.587648,22,2,1,1,2,0,0,0,3,0,0,60,2,5929,5929,1,0,19,2,0,0,2,0
1258822,4,2021,2020,2,5,7,133,27,219,260,0,1,9,-32.910643,151.66415,48,0,2,1,1,0,0,0,2,0,2,70,2,256,256,4,30,27,2,0,1,0,0
1258825,4,2021,2021,4,2,11,265,17,10,193,0,1,1,-35.520424,147.03628,27,2,1,0,2,0,0,0,0,0,7,50,2,2585,4009,8,5,40,1,0,1,2,0
1258827,4,2021,2021,3,0,11,2,18,445,34609,0,1,1,-33.863462,151.043775,21,0,2,1,2,0,0,0,0,0,7,50,0,4026,4026,8,16,40,1,0,1,0,0
1258828,4,2021,2021,7,5,4,39,31,57,34609,1,2,7,-34.562191,150.816165,62,0,2,1,1,0,0,0,2,0,0,40,0,6545,6545,4,30,27,2,0,1,0,0
1258833,4,2021,2021,3,6,8,103,27,149,167,1,0,2,-33.995894,151.12977,25,0,2,1,1,0,0,0,2,0,7,70,2,9859,9859,1,15,36,2,0,1,0,0
1258834,4,2021,2021,4,2,4,56,27,323,38,0,1,1,-33.760392,150.967322,71,0,2,1,1,0,3,4,2,0,7,60,1,3775,3775,0,0,5,2,0,1,1,0
1258835,2,2021,2021,4,2,9,6,31,234,34609,0,1,1,-34.27897,146.069232,28,2,1,1,3,0,0,0,2,0,7,50,0,9859,9859,8,5,40,1,0,0,1,0
1258838,2,2021,2021,3,4,4,1,7,32,34609,0,1,1,-32.778744,152.084419,57,2,1,0,1,0,0,0,2,0,7,50,0,4552,5151,1,0,0,2,0,0,1,0
1258842,1,2021,2021,7,6,6,3,31,163,34609,0,1,9,-33.853324,151.107935,14,0,2,1,3,0,3,0,2,0,0,50,0,1282,1282,1,5,0,2,0,0,0,1
1258844,2,2021,2021,7,1,6,916,17,23,917,0,1,1,-31.679983,150.76168,51,1,0,0,3,0,3,4,2,0,7,100,2,1259,5151,8,9,40,1,0,0,1,0
1258849,1,2021,2021,7,1,0,98,27,294,799,0,1,9,-33.92923,150.948135,41,0,2,1,3,0,0,0,0,2,7,70,2,14295,14295,3,5,25,2,0,0,0,1
1258850,4,2021,2021,4,3,11,2,31,4,34609,0,1,1,-33.843214,151.20896,49,0,2,1,2,0,0,0,0,0,7,50,0,1192,1192,1,16,19,2,0,1,0,0
1258851,2,2021,2021,7,3,10,866,17,278,793,0,1,9,-33.776004,151.051325,54,0,2,1,3,0,3,4,0,0,7,60,2,5929,5929,1,0,0,2,0,0,1,1
1258852,4,2021,2021,4,3,5,515,14,197,518,0,1,3,-33.940294,151.085144,15,0,2,0,0,0,0,0,2,0,7,80,2,4552,5151,8,5,40,2,0,1,2,0
1258853,2,2021,2021,7,2,2,192,31,316,120,0,1,10,-33.913163,151.24204,59,0,2,1,3,0,0,0,0,2,0,50,2,14295,14295,3,5,5,2,0,0,1,0
1258859,4,2021,2021,7,3,7,8,31,234,61,0,1,9,-34.28849,146.071921,28,2,1,1,3,0,0,0,2,0,0,50,1,301,301,4,10,19,2,0,1,0,0
1258860,4,2021,2021,4,0,10,91,27,119,187,0,1,2,-33.874884,151.152183,32,0,2,0,2,0,0,0,0,0,7,70,2,3775,3775,0,0,5,3,0,1,0,1
1258861,4,2021,2021,3,3,6,150,27,197,415,1,0,9,-33.793759,151.11906,61,0,2,1,1,0,0,0,2,2,7,70,2,14295,14295,3,9,5,2,0,1,1,0
1258864,2,2021,2021,7,2,7,1,27,18,34609,0,1,1,-33.248969,148.975163,11,1,0,0,3,0,0,0,2,0,7,100,0,782,957,5,16,40,1,0,0,1,0
1258869,2,2021,2021,7,4,9,3,31,523,34609,0,1,1,-33.925832,150.925048,41,0,2,1,1,0,0,0,2,0,7,50,0,1220,1220,9,5,28,2,0,0,1,0
1258870,2,2021,2020,2,2,6,2126,17,166,2149,0,1,10,-33.412836,149.580284,3,2,1,1,3,0,3,4,2,0,0,60,2,2852,2852,4,5,0,2,0,0,1,0
1258873,4,2021,2021,7,6,5,485,27,187,769,0,1,1,-33.790658,150.996856,54,0,2,1,1,0,0,0,2,0,7,60,2,1981,1981,4,5,27,2,0,1,0,0
1258876,4,2021,2021,7,4,10,16,27,36,34609,0,1,1,-33.75563,151.079104,31,0,2,0,0,0,3,6,0,0,7,50,0,1259,5151,8,5,40,1,0,1,0,0
1258877,4,2021,2021,3,2,5,118,18,323,34609,0,1,1,-33.752722,150.961027,71,0,2,1,0,0,3,3,2,0,7,50,0,941,941,1,5,12,2,0,1,0,0
1258880,2,2021,2021,7,5,10,10,25,96,212,0,1,10,-35.3544,149.232058,58,2,1,1,2,0,0,0,3,2,7,50,2,1383,1383,1,21,5,2,0,0,1,0
1258883,4,2021,2021,3,6,5,89,17,137,34609,0,1,1,-34.03097,151.058075,68,0,2,1,1,0,0,0,2,0,0,50,0,1981,1981,4,5,13,4,0,1,0,0
1258884,4,2021,2021,4,1,6,387,27,91,331,0,1,9,-33.963089,151.082227,25,0,2,1,1,0,0,0,2,0,7,60,2,2852,2852,4,5,5,2,0,1,1,0
1258888,1,2021,2020,2,2,6,294,17,6,288,0,1,1,-34.723365,143.897137,51,1,0,1,0,0,0,0,2,0,7,110,2,475,475,5,5,40,1,0,0,0,1
1258889,4,2021,2021,7,1,5,115,27,20,173,0,1,2,-34.371082,150.828635,80,0,2,1,0,0,3,4,2,0,7,100,2,14295,14295,3,0,0,2,0,1,0,0
1258896,1,2021,2020,2,6,4,387,36,86,69,0,1,2,-33.72065,151.216935,50,0,2,1,1,0,0,0,2,0,7,80,2,14295,14295,3,30,5,3,0,0,0,1
1258898,2,2021,2021,7,2,8,2209,17,176,2205,0,1,10,-33.95292,151.137508,4,0,2,0,0,0,3,4,2,2,7,60,2,775,775,4,10,0,2,0,0,1,1
1258902,2,2021,2021,3,3,8,33,27,100,49,0,1,9,-33.884468,150.893188,24,0,2,1,3,0,0,6,2,3,7,60,1,1391,1391,1,0,5,2,0,0,2,0
1258903,2,2021,2021,7,3,7,2,7,63,34609,0,1,1,-33.245456,151.500225,16,2,2,0,1,0,0,0,2,0,7,50,0,4552,5151,1,5,13,2,0,0,1,0
1258905,4,2021,2021,7,0,5,11,27,73,34609,0,1,9,-33.711817,150.698838,55,0,2,1,1,0,0,0,2,0,0,60,0,9859,9859,8,16,40,1,0,1,1,0
1258906,2,2021,2021,4,1,8,33,27,60,41,0,1,1,-33.750487,150.758708,55,0,2,0,1,0,0,0,2,0,7,70,1,3775,3775,0,5,5,2,0,0,1,1
1258911,2,2021,2020,2,6,6,296,27,460,293,0,1,9,-33.838516,150.999997,21,0,2,1,1,0,0,0,2,2,7,70,2,926,926,4,0,13,3,0,0,2,0
1258912,2,2021,2021,4,5,6,33,27,100,49,0,1,7,-33.889967,150.901174,24,0,2,1,1,0,0,0,2,0,0,60,1,1957,777,8,5,40,1,0,0,1,0
1258916,4,2021,2021,7,0,5,2,31,207,34609,0,1,9,-31.960224,141.452436,51,2,1,1,0,0,0,0,2,0,0,50,0,2852,2852,4,5,5,2,0,1,1,0
1258917,4,2021,2021,3,5,4,15,27,16,34609,0,1,7,-33.732468,151.277457,50,0,2,0,1,0,0,0,2,0,7,50,0,623,623,3,5,13,2,0,1,0,1
1258918,2,2021,2021,7,6,4,204,31,169,14,0,1,1,-33.901886,151.208593,69,0,2,1,1,0,0,0,2,0,7,50,1,1981,1981,4,10,27,2,0,0,1,0
1258923,2,2021,2021,3,0,4,11,10,26,34609,0,1,1,-33.755563,150.878654,7,0,2,1,1,0,0,0,2,0,7,50,0,1981,1981,4,0,0,2,0,0,1,0
1258926,1,2021,2021,7,5,8,9,27,110,20,0,1,9,-33.764854,151.015009,54,0,2,1,3,0,0,0,2,2,7,60,1,14295,14295,3,5,0,2,0,0,0,1
1258928,2,2021,2021,3,0,9,829,27,159,770,0,1,9,-33.807748,151.088713,61,0,2,1,1,0,0,0,2,2,7,60,2,2040,2040,9,5,28,2,0,0,1,0
1258930,1,2021,2021,4,5,4,330,27,53,605,0,1,9,-33.744657,151.299116,50,0,2,1,1,0,0,0,2,0,7,60,2,14295,14295,3,22,25,2,0,0,0,1
1258932,2,2021,2021,3,5,4,79,27,46,159,0,1,10,-33.940866,151.116035,4,0,2,1,1,0,0,0,2,2,7,60,2,6545,6545,4,9,0,2,0,0,1,0
1258935,1,2021,2021,7,3,8,1052,14,77,928,0,1,3,-33.52749,151.198663,16,1,2,0,3,0,0,0,3,0,7,110,2,14295,14295,3,10,36,6,0,0,0,3
1258936,1,2021,2021,7,6,3,90,31,123,165,0,1,2,-33.904217,151.214257,59,0,2,1,3,0,0,0,2,0,7,60,2,14295,14295,3,5,19,2,0,0,0,1
1258946,1,2021,2021,7,0,4,2126,17,93,2149,0,1,1,-33.418704,149.604293,3,2,1,1,3,0,0,0,2,0,7,60,2,14295,14295,3,10,5,2,0,0,0,1
1258948,2,2021,2021,7,1,7,46,31,35,34609,0,1,2,-31.079661,152.841955,34,2,1,1,3,0,0,0,2,0,9,40,0,14295,14295,3,8,0,2,0,0,1,0
1258950,2,2021,2021,4,2,5,1,22,6,34609,0,1,1,-35.478816,148.096592,66,1,0,0,3,2,0,0,2,0,7,100,0,1850,1463,5,10,40,1,0,0,1,0
1258954,2,2021,2021,7,1,8,125,27,108,123,0,1,7,-33.313375,151.421945,16,2,2,1,3,0,3,0,2,0,0,70,1,14295,14295,3,5,5,2,0,0,1,1
1258956,2,2021,2021,7,1,3,133,17,22,121,0,1,9,-36.866568,149.260302,65,1,0,0,3,0,3,4,2,0,0,100,2,4552,5151,8,5,40,1,0,0,1,0
1258957,2,2021,2021,7,5,6,232,36,134,331,0,1,10,-33.975943,150.809795,12,0,2,1,3,0,0,0,2,2,7,80,2,14295,14295,3,8,5,2,0,0,1,0
1258961,4,2021,2021,3,1,6,1,36,21,34609,0,1,9,-28.594242,153.545046,10,1,0,1,3,0,0,6,2,0,0,100,0,775,775,4,0,5,2,0,1,0,0
1258963,1,2021,2021,7,0,8,171,1,532,55,0,1,10,-33.878609,151.210744,69,0,2,1,3,0,0,0,3,2,9,40,1,14295,14295,3,5,5,2,0,0,0,1
1258971,1,2021,2021,3,0,7,63,27,224,605,0,1,9,-33.814132,151.243817,45,0,2,0,3,0,0,0,2,0,7,60,2,1391,1391,1,0,13,2,0,0,0,1
1258975,2,2021,2021,7,5,5,52,27,438,103,0,1,9,-33.864166,151.021652,21,0,2,1,1,0,3,4,2,0,0,50,1,2852,2852,4,5,5,2,0,0,1,0
1258976,2,2021,2021,7,0,4,2126,17,78,2149,0,1,2,-33.701826,150.575078,8,2,2,0,1,0,3,4,2,0,7,80,2,4552,5151,8,5,40,1,0,0,1,0
1258977,1,2021,2021,3,5,9,26,1,112,34609,0,1,9,-33.909316,151.204666,69,0,2,1,3,0,0,0,2,0,0,40,0,6545,6545,4,0,19,2,0,0,0,1
1258982,2,2021,2021,7,5,7,178,31,83,34609,0,1,9,-34.447129,150.463931,78,2,1,1,3,0,0,0,2,0,7,50,0,9859,9859,1,5,0,3,0,0,1,0
1258984,1,2021,2021,7,2,9,55,1,167,34609,0,1,10,-33.849819,151.073914,54,0,2,1,3,0,0,0,3,2,7,60,0,5929,5929,1,5,5,2,0,0,0,1
1258990,2,2021,2021,7,4,8,916,17,102,917,0,1,7,-31.110799,150.92337,70,2,1,1,1,0,0,3,2,0,0,60,2,515,515,1,3,5,2,0,0,1,0
1258993,4,2021,2020,2,2,7,346,17,3,332,0,1,1,-28.872967,153.129531,60,1,0,1,0,0,0,0,2,0,7,100,2,9859,9859,8,0,40,1,0,1,0,0
1258994,1,2021,2021,3,1,11,11,27,42,29,0,1,1,-33.741863,151.270832,50,0,2,0,2,0,3,4,0,0,7,50,1,1957,4009,1,5,0,3,0,0,0,1
1258997,2,2021,2021,4,0,5,42,27,128,231,0,1,9,-33.42321,151.319645,16,2,2,1,0,0,0,0,2,2,7,60,2,2852,2852,4,0,5,2,0,0,1,0
1258999,2,2021,2021,7,4,8,101,10,239,35,0,1,9,-34.032279,151.122011,68,0,2,1,0,0,0,0,2,0,0,60,2,2040,2040,9,21,28,2,0,0,1,0
1259001,2,2021,2021,3,4,4,137,14,37,70,0,1,3,-32.814036,151.502288,17,1,0,1,1,0,0,0,2,0,7,110,2,14295,14295,3,5,5,5,0,0,1,0
1259002,2,2021,2021,7,0,7,293,27,14,172,0,1,9,-32.965138,151.652839,37,0,2,1,1,0,0,0,2,0,15,70,2,775,775,4,5,0,2,0,0,1,0
1259003,4,2021,2021,7,3,11,25,27,67,34609,0,1,1,-33.639769,150.906935,71,0,2,1,0,0,0,6,0,0,7,50,0,9859,9859,8,5,40,1,0,1,0,0
1259004,2,2021,2021,7,1,3,916,17,5,917,0,1,1,-31.952768,150.869076,73,1,0,1,0,0,3,3,2,0,7,100,2,14295,14295,3,5,41,2,0,0,1,0
1259005,2,2021,2021,7,4,8,51,31,304,34609,0,1,9,-33.90895,151.166293,32,0,2,1,1,0,0,0,2,0,7,50,0,1945,1945,5,16,40,1,0,0,1,0
1259010,1,2021,2021,3,6,4,234,27,337,217,0,1,2,-33.716977,151.019039,71,0,2,0,1,0,0,0,2,0,7,60,2,14295,14295,3,5,0,2,0,0,0,1
1259012,4,2021,2021,7,1,7,21,1,51,34609,0,1,7,-33.257528,151.489122,16,2,2,1,0,0,0,0,2,0,0,50,0,1259,985,8,16,40,1,0,1,0,0
1259013,4,2021,2021,3,1,6,255,31,145,34609,0,1,1,-33.927679,151.113022,15,0,2,1,1,0,0,0,2,0,7,50,0,238,238,9,5,28,2,0,1,0,0
1259015,1,2021,2021,3,2,7,109,27,204,105,0,1,10,-33.897949,150.925232,24,0,2,1,3,0,0,0,2,2,7,60,2,14295,14295,3,5,5,2,0,0,0,1
1259016,2,2021,2021,3,0,1,35,10,20,148,0,1,1,-34.217028,150.999185,80,0,2,0,0,0,0,0,0,0,7,60,2,2585,4009,8,30,40,1,0,0,1,0
1259020,2,2021,2021,7,6,9,82,27,14,103,0,1,1,-28.35334,153.361115,72,1,0,1,0,0,0,0,3,0,7,100,1,1981,1981,4,34,5,2,0,0,1,0
1259021,4,2021,2021,7,0,8,230,27,47,284,0,1,2,-33.810347,151.161449,38,0,2,1,1,0,0,0,2,0,7,60,2,14295,14295,3,10,5,3,0,2,0,0
1259022,4,2021,2021,3,6,7,5,31,87,34609,0,1,1,-28.809667,153.287605,39,2,1,1,0,0,3,0,2,0,7,50,0,14295,14295,3,10,5,2,0,1,1,0
1259031,2,2021,2021,3,3,6,50,27,169,382,0,1,10,-33.770214,150.835065,7,0,2,1,0,0,0,0,2,2,7,60,2,5929,5929,1,0,5,3,0,0,1,0
1259033,2,2021,2021,3,0,6,3371,17,89,3342,0,1,2,-28.211963,153.545431,72,1,0,1,0,0,0,0,2,0,7,100,2,9859,9859,8,0,40,1,0,0,1,0
1259034,1,2021,2021,3,6,7,53,31,67,125,0,1,9,-33.889194,151.005722,15,0,2,1,0,0,0,0,2,0,15,60,1,2852,2852,4,5,5,2,0,0,0,1
1259038,2,2021,2021,7,3,6,1052,14,21,928,0,1,3,-32.91256,151.559442,37,0,2,0,0,0,3,4,2,0,7,110,2,273,957,5,0,40,1,0,0,2,0
1259045,4,2021,2021,7,3,11,475,10,523,268,0,1,9,-33.917633,150.912708,41,0,2,1,2,0,0,0,0,0,7,70,2,9859,9859,8,16,40,1,0,1,0,0
1259046,2,2021,2021,4,4,3,1,27,9,34609,0,1,1,-32.402536,151.022184,64,1,0,0,0,0,0,0,2,0,7,100,0,1089,1089,7,16,40,1,0,0,1,0
1259050,2,2021,2020,2,5,6,3371,17,173,3342,0,1,9,-33.718599,151.110206,36,0,2,1,2,0,0,0,2,2,7,60,2,2852,2852,4,5,5,2,0,0,1,0
1259052,1,2021,2021,3,0,7,126,1,226,144,0,1,10,-33.764198,150.817334,7,0,2,1,1,0,0,0,2,2,7,60,2,1669,1669,3,5,5,2,0,0,0,1
1259054,2,2021,2021,7,3,8,16,31,161,115,0,1,10,-33.726492,151.161663,36,0,2,1,1,0,3,4,2,2,0,60,1,1220,1220,9,0,28,2,0,0,1,0
1259055,4,2021,2021,3,1,5,191,27,309,208,0,1,6,-33.809995,151.106084,61,0,2,0,2,0,0,0,2,0,9,60,2,2040,2040,9,33,28,2,0,1,0,0
1259056,4,2021,2021,3,1,9,19,31,169,34609,0,1,1,-33.896791,151.20227,69,0,2,1,2,0,0,0,3,0,9,50,0,323,323,1,27,27,2,0,1,0,0
1259057,2,2021,2021,7,3,7,8,36,127,34609,0,1,1,-33.850565,150.836822,24,0,2,1,0,0,3,4,2,0,7,60,0,9859,9859,8,5,40,1,0,0,1,0
1259058,2,2021,2020,2,4,9,50,36,14,43,0,1,1,-36.450969,148.446429,65,2,1,0,0,0,3,4,2,0,7,80,2,2585,4009,8,10,40,1,0,0,1,1
1259061,4,2021,2021,7,0,10,3371,17,41,3342,0,1,2,-31.412086,152.819848,56,1,0,1,0,0,3,4,0,0,7,110,2,14295,14295,3,34,5,3,0,1,1,1
1259062,2,2021,2021,3,4,7,2209,17,79,2205,0,1,7,-34.904691,150.602501,63,2,1,1,1,0,0,0,2,0,0,70,2,6545,6545,4,0,5,2,0,0,1,0
1259065,4,2021,2021,4,3,10,10,1,93,34609,0,1,2,-33.406323,149.602061,3,2,1,0,3,0,2,6,3,0,7,50,0,2585,4009,8,10,40,1,0,1,0,0
1259068,2,2021,2021,3,3,7,3371,17,54,3342,0,1,9,-33.226243,151.502987,16,2,2,1,3,0,0,0,2,0,7,70,2,1669,1669,3,5,5,2,0,0,1,0
1259069,1,2021,2021,7,1,8,150,27,309,415,0,1,9,-33.807975,151.108535,61,0,2,1,3,0,0,0,2,3,7,70,2,14295,14295,3,15,13,2,0,0,0,1
1259070,1,2021,2021,7,1,3,119,31,145,140,0,1,9,-33.926399,151.117761,15,0,2,1,3,0,0,0,2,2,7,50,1,14295,14295,3,5,5,3,0,0,0,1
1259071,1,2021,2021,3,2,7,63,31,134,34609,0,1,10,-33.671351,150.859763,7,0,2,1,3,0,0,0,2,0,15,60,0,3775,3775,0,34,5,3,0,0,0,1
1259076,1,2021,2021,7,1,9,1,31,77,34609,0,1,1,-33.924132,151.158383,32,0,2,0,3,0,3,4,3,0,7,50,0,1850,1463,5,15,40,1,0,0,0,1
1259077,4,2021,2021,3,0,9,110,31,433,34609,0,1,10,-33.286835,149.092939,52,2,1,1,1,0,0,0,2,0,0,50,0,6545,6545,4,0,5,3,0,1,2,0
1259078,2,2021,2021,0,4,6,2,27,30,34609,0,1,1,-34.343183,146.053798,28,2,1,1,3,0,0,0,2,0,7,80,0,14295,14295,3,0,5,3,0,0,1,0
1259080,1,2021,2020,9,6,4,115,27,138,114,0,1,1,-33.867247,151.277641,76,0,2,1,3,0,0,0,2,0,7,50,2,14295,14295,3,5,36,2,0,0,0,1
1259081,1,2021,2021,7,6,4,26,27,41,34609,0,1,1,-35.128957,147.343016,75,2,1,1,3,0,0,0,2,0,7,60,0,14295,14295,3,0,5,3,0,0,0,1
1259082,2,2021,2021,3,0,6,109,36,10,108,0,1,1,-28.368825,153.41188,72,1,0,1,3,0,3,3,2,0,7,90,1,9859,9859,8,21,40,1,0,0,1,0
1259085,1,2021,2021,7,0,7,1,31,107,34609,0,1,1,-33.88056,151.20105,69,0,2,1,3,0,0,0,2,0,7,40,0,1109,397,1,5,27,2,0,0,0,1
1259086,2,2021,2021,7,4,9,11,10,134,181,0,1,2,-33.89053,151.252513,76,0,2,0,3,0,0,0,3,0,7,50,2,14295,14295,3,10,36,3,0,0,1,0
1259088,2,2021,2021,7,5,9,35,27,4,34609,0,1,1,-34.075794,150.54256,79,2,2,1,3,0,3,4,3,0,7,80,0,945,945,5,10,40,1,0,0,1,0
1259090,1,2021,2020,8,2,9,1,1,225,34609,0,1,10,-33.793909,151.190793,77,0,2,1,3,0,3,4,0,0,7,50,0,1282,1282,1,0,27,2,0,0,0,1
1259094,1,2021,2021,7,1,3,63,27,224,605,0,1,9,-33.811485,151.243935,45,0,2,0,3,0,3,4,2,0,0,60,2,1282,1282,1,0,5,2,0,0,0,1
1259096,2,2021,2021,3,1,7,2126,17,44,2149,0,1,2,-33.767331,150.639926,8,2,2,0,3,0,0,3,2,0,7,70,2,1383,1383,1,5,5,2,0,0,2,0
1259099,4,2021,2021,4,6,5,50,31,99,34609,0,1,1,-33.891994,151.268403,76,0,2,1,0,0,0,0,2,0,7,50,0,941,941,1,5,18,3,0,1,0,0
1259100,2,2021,2021,7,0,3,16,2,168,34609,0,1,10,-33.695124,150.819053,7,0,2,1,1,0,0,0,2,0,15,50,0,5929,5929,1,5,5,2,0,0,1,0
1259101,2,2021,2021,3,0,6,2209,17,70,2205,0,1,1,-34.83807,150.595482,63,2,1,1,0,0,0,0,2,0,7,80,2,14295,14295,3,0,5,2,0,0,1,0
1259102,4,2021,2021,3,2,7,55,36,8,43,0,1,1,-32.416449,150.322943,46,1,0,0,0,0,0,0,2,0,7,100,1,4552,5151,8,16,40,1,0,1,0,0
1259103,2,2021,2021,4,3,8,19,18,646,34609,0,1,9,-33.918724,151.037018,15,0,2,1,0,0,0,0,2,0,7,40,0,395,395,1,0,19,2,0,0,1,0
1259105,2,2021,2021,7,1,4,866,17,94,793,0,1,9,-33.879881,150.924679,24,0,2,1,0,0,0,0,2,0,15,70,2,775,775,4,16,5,2,0,0,1,0
1259107,2,2021,2021,3,5,9,52,27,438,103,0,1,1,-33.863729,151.018326,21,0,2,1,0,0,0,0,2,0,7,50,1,9859,9859,8,9,40,1,0,0,1,0
1259109,2,2021,2021,7,1,4,4,27,7,34609,0,1,1,-33.11379,151.551629,37,0,2,1,3,0,0,0,2,0,7,50,0,941,941,1,10,5,2,0,0,2,0
1259110,4,2021,2021,4,5,3,3371,17,108,3342,0,1,2,-33.815495,151.178319,77,0,2,1,1,0,0,0,2,0,7,60,2,9859,9859,8,15,40,1,0,1,0,0
1259113,4,2021,2021,3,3,0,2209,17,273,2205,0,1,10,-34.425809,150.887441,80,0,2,1,2,0,0,0,0,2,7,50,2,6545,6545,4,22,5,2,0,1,0,0
1259114,2,2021,2021,3,3,9,8,10,74,34609,0,1,1,-34.056875,150.770709,12,0,2,0,1,0,0,0,2,0,7,50,0,1259,5151,1,5,5,2,0,0,1,0
1259118,4,2021,2021,7,1,9,2,18,26,34609,0,1,9,-33.279112,151.565773,16,2,2,1,1,0,0,0,2,0,7,50,0,591,591,1,22,0,2,0,1,0,0
1259120,1,2021,2021,3,1,7,64,31,67,94,0,1,1,-33.88474,151.012525,15,0,2,1,0,0,0,0,2,0,7,60,1,9859,9859,1,0,5,8,0,0,0,1
1259122,2,2021,2021,7,2,8,18,31,201,34609,0,1,1,-34.88195,150.601533,63,2,1,1,0,0,0,0,3,0,7,50,0,1981,1981,4,0,27,2,0,0,1,0
1259123,4,2021,2021,7,3,6,5,1,56,34609,0,1,9,-31.454417,152.744216,56,2,1,0,0,0,0,0,2,0,0,80,0,6545,6545,4,30,0,2,0,1,0,1
1259126,2,2021,2021,7,2,7,14,27,646,34609,0,1,1,-33.913323,151.039884,15,0,2,1,2,0,0,0,2,0,7,50,0,5929,5929,1,34,13,4,0,0,1,1
1259128,2,2021,2021,3,5,10,2261,17,80,2252,0,1,1,-33.972872,150.873346,13,0,2,0,2,0,0,0,0,0,7,110,2,4552,5151,1,5,5,2,0,0,1,0
1259129,2,2021,2020,2,4,6,169,31,42,34609,0,1,1,-35.998694,146.392083,51,2,1,1,0,0,0,0,2,0,7,50,0,1282,1282,1,5,5,3,0,0,1,0
1259134,2,2021,2021,7,1,4,145,31,41,34609,1,0,1,-33.901192,151.185514,69,0,2,1,0,0,3,4,2,0,7,40,0,368,368,9,0,28,3,0,0,1,1
1259138,1,2021,2021,7,1,8,14,27,7,34609,0,1,10,-35.008659,147.467208,75,1,0,1,0,0,0,0,2,0,0,100,0,14295,14295,3,10,13,2,0,0,0,1
1259139,1,2021,2021,3,1,11,97,17,17,88,0,1,2,-34.848697,149.556174,26,1,0,1,0,0,0,0,0,0,7,110,2,9859,9859,8,5,40,1,0,0,0,1
1259140,2,2021,2021,3,5,1,3371,17,119,3342,0,1,2,-32.731259,151.782694,57,1,0,1,3,0,3,4,0,0,7,110,2,9859,9859,8,10,40,1,0,0,1,0
1259142,2,2021,2021,3,4,6,829,31,162,15,0,1,2,-33.844909,150.895918,24,0,2,1,3,0,0,3,2,0,7,60,1,3775,3775,0,5,40,2,0,0,1,0
1259145,4,2021,2021,7,5,3,829,27,165,770,0,1,2,-33.844611,151.150258,14,0,2,1,0,0,0,0,2,0,7,60,2,3775,3775,0,5,0,2,0,1,1,0
1259146,2,2021,2021,7,1,6,1104,14,283,962,0,1,3,-33.827918,151.015901,54,0,2,1,3,0,0,0,2,0,7,90,2,1282,1282,1,8,5,2,0,0,1,0
1259148,4,2021,2021,3,4,9,24,31,290,28,0,1,9,-33.846756,150.984802,21,0,2,1,2,0,3,0,3,0,0,50,1,5929,5929,1,5,19,3,0,1,0,0
1259149,2,2021,2021,3,5,8,2126,17,104,2149,0,1,2,-33.833348,151.018257,54,0,2,1,0,0,0,0,2,0,7,60,2,14295,14295,3,0,5,2,0,0,1,1
1259152,4,2021,2021,3,3,8,4,27,89,34609,0,1,7,-33.857349,150.889481,24,0,2,1,1,0,0,0,3,0,0,50,0,2852,2852,4,5,5,2,0,1,1,0
1259154,4,2021,2021,7,3,7,113,27,104,111,0,1,9,-33.798158,150.768672,55,0,2,1,0,0,0,0,2,0,7,80,2,1850,777,5,16,40,1,0,1,0,0
1259155,4,2021,2021,3,6,4,2126,17,62,2149,0,1,2,-33.748388,150.613488,8,2,2,0,1,0,3,3,2,0,7,80,2,515,515,1,5,27,2,0,1,0,0
1259156,2,2021,2021,3,3,7,133,17,7,121,0,1,1,-36.459901,149.243331,65,1,0,0,0,0,0,0,2,0,7,100,2,1850,1463,5,16,40,1,0,0,1,0
1259157,2,2021,2021,4,4,10,60,10,121,84,0,1,10,-28.205849,153.544645,72,2,1,1,2,0,0,0,0,2,7,60,1,5929,5929,1,5,5,2,0,0,4,0
1259158,1,2021,2021,4,0,8,515,14,60,518,0,1,3,-33.945667,150.952334,41,0,2,0,3,0,3,4,2,0,7,100,2,14295,14295,3,5,13,2,0,0,0,1
1259160,2,2021,2021,3,0,8,916,17,66,917,0,1,3,-32.812519,151.656128,48,0,2,1,1,0,0,0,2,0,7,90,2,1282,1282,1,8,5,2,0,0,1,0
1259163,2,2021,2021,7,1,11,204,31,58,87,0,1,10,-34.414921,150.899563,80,0,2,1,3,0,0,0,0,2,7,60,2,301,301,4,5,5,2,0,0,1,0
1259168,1,2021,2021,7,4,4,38,27,189,165,0,1,10,-33.946327,151.059906,15,0,2,1,3,0,3,3,2,2,7,50,1,1391,1391,1,5,36,2,0,0,0,1
1259170,1,2021,2020,2,1,6,7,31,163,34609,0,1,1,-33.846516,151.107336,14,0,2,1,3,0,0,0,2,0,7,50,0,14295,14295,3,10,13,3,0,0,0,1
1259171,1,2021,2021,3,1,4,1,31,50,605,0,1,9,-33.618209,151.329278,50,0,2,1,3,0,0,0,2,0,7,60,2,1981,1981,4,30,5,2,0,0,0,1