Crash ID,Degree of crash - detailed,Reporting year,Year of crash,Month of crash,Day of week of crash,Two-hour intervals,Street of crash,Street type,Town,Route no.,School zone location,School zone active,Type of location,Latitude,Longitude,LGA,Urbanisation,Conurbation 1,Alignment,Street lighting,Road surface,Surface condition,Weather,Natural lighting,Signals operation,Other traffic control,Speed limit,Road classification,RUM - code,DCA - code,First impact type,Key TU type,Other TU type,No. of traffic units involved,No. killed,No. seriously injured,No. moderately injured,No. minor-other injured
1259175,1,2021,2021,3,3,0,3,31,68,34609,0,1,9,-34.829423,148.913871,82,2,1,1,2,0,0,0,0,0,7,50,0,2585,777,8,5,40,1,0,0,0,1
1259182,1,2021,2021,7,1,5,916,17,172,917,0,1,2,-32.763009,151.596826,42,2,1,1,3,0,0,0,2,0,7,60,2,14295,14295,3,5,5,2,0,0,0,1
1259188,4,2021,2021,7,3,9,1,27,10,34609,0,1,1,-29.005536,153.292929,39,1,0,1,0,2,0,0,3,0,7,100,0,9859,9859,8,5,40,1,0,1,1,0
1259191,4,2021,2021,7,4,0,46,36,11,46,0,1,9,-33.158188,149.108814,11,1,0,0,0,0,3,4,0,0,0,100,1,1957,4009,8,0,40,1,0,1,1,0
1259194,4,2021,2021,7,5,8,117,27,72,144,0,1,10,-33.843022,151.089101,14,0,2,1,0,0,3,4,3,0,0,60,2,2040,2040,9,5,28,2,0,1,0,0
1259195,2,2021,2021,7,6,10,8,27,8,24,0,1,9,-33.612422,151.135204,31,0,2,0,2,0,0,0,0,0,15,50,1,782,957,5,5,40,1,0,0,1,0
1259201,2,2021,2020,2,4,9,50,27,169,382,0,1,9,-33.774994,150.838625,7,0,2,1,0,0,0,0,2,0,0,60,2,926,926,4,16,25,2,0,0,1,0
1259203,2,2021,2021,3,0,9,1,31,68,19,0,1,2,-34.829406,148.907965,82,2,1,1,2,0,0,0,0,0,7,50,1,3775,3775,0,10,36,2,0,0,1,0
1259204,4,2021,2021,7,1,5,109,36,28,108,0,1,1,-28.337936,153.401063,72,2,1,1,1,0,0,0,2,0,7,60,1,1669,1669,3,8,13,3,0,1,2,0
1259205,4,2021,2021,7,3,8,3371,17,65,3342,0,1,2,-30.388114,153.038508,19,1,0,1,0,0,3,4,2,0,7,110,2,4026,4026,8,0,40,1,0,1,0,0
1259207,4,2021,2021,3,3,11,5,27,13,45,0,1,2,-35.095368,150.596942,63,2,1,1,2,0,0,0,0,0,7,50,1,4026,4026,8,16,40,1,0,1,0,0
1259210,4,2021,2021,4,4,9,22,31,1,34609,0,1,9,-33.641126,151.289543,50,0,2,0,0,2,3,2,3,0,7,20,0,380,777,5,33,40,1,0,1,0,1
1259211,1,2021,2021,4,3,4,31,27,243,34609,0,1,7,-33.954262,150.889648,41,0,2,1,1,0,0,3,2,0,0,50,0,6545,6545,4,5,5,2,0,0,0,1
1259212,4,2021,2021,7,5,9,3,1,433,34609,0,1,1,-33.304822,149.113252,52,2,1,0,2,0,0,0,3,0,7,50,0,186,186,9,16,28,2,0,1,0,0
1259217,4,2021,2021,4,5,4,39,27,36,91,0,1,1,-33.930199,151.255699,59,0,2,1,0,0,0,0,2,0,7,50,1,1192,1192,1,5,27,2,0,1,0,0
1259218,4,2021,2021,4,5,5,143,31,123,181,0,1,9,-33.88427,151.223518,81,0,2,1,0,0,0,0,2,0,0,50,2,5929,5929,1,30,27,2,0,1,0,0
1259219,2,2021,2021,3,1,4,193,1,85,34609,0,1,2,-32.940584,151.712877,48,0,2,1,1,0,0,0,2,0,7,60,0,14295,14295,3,0,36,2,0,0,1,0
1259220,2,2021,2021,3,0,10,4,31,157,34609,0,1,1,-33.806956,151.016661,54,0,2,1,0,0,0,0,0,0,7,50,0,9859,9859,1,5,0,2,0,0,1,0
1259222,2,2021,2021,4,3,7,6,31,219,34609,0,1,10,-32.909011,151.673151,48,0,2,1,1,0,0,0,2,0,0,50,0,6545,6545,4,5,13,2,0,0,1,0
1259224,4,2021,2021,3,3,5,98,27,13,24,0,1,1,-33.617186,151.082068,31,0,2,0,0,0,0,0,2,0,7,70,1,1957,4009,8,16,40,1,0,1,0,0
1259225,4,2021,2020,2,5,0,40,27,136,34609,0,1,1,-33.916959,151.074234,15,0,2,1,2,0,0,0,0,0,7,50,0,9859,9859,1,5,13,2,0,1,0,0
1259226,2,2021,2021,4,0,4,37,1,198,29,0,1,10,-33.904825,151.099697,15,0,2,1,1,0,0,0,2,2,7,50,1,6545,6545,4,5,0,2,0,0,1,0
1259230,4,2021,2021,3,1,8,23,27,4,34609,0,1,9,-28.759566,153.433113,39,2,1,1,0,0,0,0,2,0,7,80,0,2852,2852,4,5,0,2,0,1,0,0
1259231,2,2021,2021,7,4,8,8,27,102,34609,1,0,1,-31.11437,150.907703,70,2,1,1,0,0,0,0,2,0,7,50,0,1981,1981,4,16,5,2,0,0,1,0
1259234,1,2021,2021,7,4,7,35,27,9,49,0,1,1,-31.258911,150.789464,70,1,0,1,0,0,0,0,2,0,7,100,1,4026,4026,8,5,40,1,0,0,0,1
1259236,2,2021,2021,4,0,2,25,27,89,208,1,0,1,-33.859885,150.892924,24,0,2,1,1,0,0,0,1,0,7,50,1,9859,9859,1,5,5,2,0,0,1,0
1259237,2,2021,2021,4,0,7,3,31,169,34609,0,1,10,-28.646457,153.613492,10,2,1,1,0,0,0,0,2,0,7,50,0,2852,2852,4,0,5,2,0,0,1,0
1259261,4,2021,2021,4,5,6,2261,17,92,2252,0,1,3,-34.002707,150.838121,13,0,2,1,0,0,0,0,2,0,7,110,2,14295,14295,3,29,5,2,0,1,1,0
1259266,2,2021,2021,4,3,4,2209,17,76,2205,0,1,10,-35.352049,150.475368,63,2,1,1,1,0,0,0,2,0,0,60,2,256,256,4,5,27,2,0,0,1,0
1259287,1,2021,2021,7,6,6,109,36,14,108,0,1,10,-28.311787,153.436371,72,2,1,1,0,0,3,4,2,0,0,80,1,6545,6545,4,5,13,2,0,0,0,1
1259288,1,2021,2021,3,0,10,4,27,8,34609,0,1,1,-28.300289,153.519517,72,2,1,1,0,0,0,0,0,0,7,60,0,475,475,5,0,40,1,0,0,0,1
1259289,2,2021,2021,3,3,2,44,31,28,34609,0,1,1,-35.372104,149.22629,58,2,1,0,2,0,0,0,0,0,7,50,0,1259,5151,8,5,40,1,0,0,1,0
1259291,2,2021,2021,3,6,7,225,17,15,180,0,1,1,-34.583878,150.527297,78,1,0,1,0,0,0,0,2,0,7,100,2,9859,9859,8,0,40,1,0,0,1,0
1259292,1,2021,2020,2,0,7,10,31,120,34609,0,1,4,-32.193754,152.511716,43,2,1,1,3,0,3,4,2,0,7,50,0,1981,1981,4,0,0,2,0,0,0,1
1259294,2,2021,2021,4,3,8,109,36,28,108,0,1,1,-28.321202,153.422846,72,2,1,0,1,0,0,0,2,0,7,60,1,4552,5151,1,0,41,2,0,0,1,0
1259296,4,2021,2021,4,0,1,1052,14,21,928,0,1,3,-32.913091,151.558926,37,0,2,0,0,0,0,0,0,0,7,110,2,1259,5151,8,9,40,1,0,1,0,0
1259297,4,2021,2021,7,2,6,1,31,149,34609,0,1,9,-33.988989,151.139287,4,0,2,1,0,0,0,0,2,0,7,50,0,5929,5929,1,5,27,2,0,1,0,0
1259300,1,2021,2021,7,1,9,3371,17,19,3342,0,1,2,-28.280978,153.519435,72,1,0,0,0,0,0,0,0,0,7,110,2,4552,5151,8,0,40,1,0,0,0,1
1259301,1,2021,2021,3,4,7,2,31,29,34609,1,2,1,-32.935119,151.763457,48,0,2,1,3,0,0,0,2,0,7,40,0,1981,1981,4,0,27,2,0,0,0,1
1259303,2,2021,2021,3,4,8,9,27,204,34609,0,1,9,-33.934604,151.145856,4,0,2,1,0,0,0,0,2,0,7,50,0,387,387,1,22,0,2,0,0,1,0
1259305,1,2021,2021,3,2,7,23,27,53,36,0,1,1,-35.204067,149.350169,58,1,0,0,0,0,0,0,2,0,7,90,1,4552,5151,8,30,40,1,0,0,0,1
1259307,2,2021,2021,3,3,7,8,27,12,13,0,1,1,-33.986514,148.91738,30,1,0,0,0,0,0,0,2,0,7,100,1,2585,4009,8,11,40,1,0,0,1,0
1259309,1,2021,2021,3,6,8,1,27,1,34609,0,1,1,-32.763058,150.205775,44,1,0,0,0,2,0,0,2,0,7,100,0,3775,3775,0,0,13,2,0,0,0,1
1259310,2,2021,2021,3,4,5,70,27,84,35,0,1,10,-33.808565,150.986925,21,0,2,1,3,0,0,0,2,2,8,50,1,6545,6545,4,34,5,2,0,0,1,1
1259313,2,2021,2021,7,0,4,46,27,148,43,1,2,9,-36.03787,146.925858,0,2,1,1,1,0,3,0,2,0,0,40,1,6545,6545,4,5,5,2,0,0,1,0
1259314,2,2021,2021,3,3,8,10,31,21,5,0,1,10,-34.502851,144.833353,51,2,1,1,3,0,0,0,2,0,0,50,1,6545,6545,4,0,25,2,0,0,1,0
1259316,4,2021,2021,3,2,5,47,31,117,84,0,1,2,-28.180979,153.539003,72,2,1,1,1,0,0,0,2,0,7,60,1,1282,1282,1,33,27,2,0,1,0,0
1259317,4,2021,2021,7,4,7,1,31,137,34609,0,1,9,-32.978665,151.696218,37,0,2,0,0,0,0,0,2,0,7,50,0,2040,2040,9,10,28,2,0,1,0,0
1259318,2,2021,2021,7,2,1,6,27,98,44,0,1,9,-33.737845,151.072224,31,0,2,1,2,0,3,3,0,2,7,40,1,418,777,5,5,40,1,0,0,1,0
1259320,1,2021,2021,7,6,6,171,1,387,104,0,1,9,-33.934164,151.1972,4,0,2,1,0,0,0,0,2,0,8,60,2,5929,5929,1,0,5,2,0,0,0,1
1259321,2,2021,2021,0,4,6,280,10,46,240,0,1,9,-33.887353,150.968487,24,0,2,1,3,0,0,0,2,0,7,60,2,5929,5929,1,21,5,2,0,0,2,0
1259322,2,2021,2021,0,4,8,126,1,226,144,0,1,2,-33.774811,150.815288,7,0,2,1,1,0,0,0,3,0,7,60,2,1220,1220,9,5,28,2,0,0,1,0
1259328,1,2021,2021,7,6,4,17,31,123,145,0,1,10,-33.797665,151.060362,54,0,2,1,3,0,0,0,2,2,7,70,2,14295,14295,3,10,5,2,0,0,0,1
1259329,1,2021,2021,3,6,3,158,27,68,207,0,1,9,-33.878416,151.242147,81,0,2,1,3,0,3,4,1,2,7,60,2,14295,14295,3,5,36,2,0,0,0,1
1259330,2,2021,2021,7,6,8,515,14,204,518,0,1,3,-33.940321,151.155858,4,0,2,1,1,0,0,0,2,0,7,80,2,14295,14295,3,9,13,3,0,0,1,0
1259332,2,2021,2021,7,5,3,481,17,562,483,0,1,9,-32.220537,148.615911,22,1,0,1,0,0,0,0,2,0,0,90,2,1850,985,5,5,40,1,0,0,1,0
1259333,2,2021,2021,7,5,11,55,31,106,34609,0,1,9,-33.893326,151.176929,32,0,2,1,2,0,3,3,0,0,7,50,0,5929,5929,1,5,18,2,0,0,1,0
1259334,1,2021,2021,7,6,9,204,31,169,14,0,1,10,-33.904648,151.204472,69,0,2,1,2,0,0,0,2,2,7,50,1,5929,5929,1,5,27,2,0,0,0,1
1259341,2,2021,2021,7,0,10,9,31,445,34609,0,1,10,-33.864391,151.045609,21,0,2,0,2,0,0,6,0,0,9,50,0,2585,4009,8,22,40,2,0,0,1,0
1259342,2,2021,2021,7,6,8,10,31,88,34609,0,1,1,-33.749022,150.858046,7,0,2,1,1,0,0,0,2,0,7,60,0,1981,1981,4,5,5,2,0,0,1,0
1259348,4,2021,2021,7,0,9,15,27,6,33,0,1,1,-34.363023,150.293223,78,2,1,1,0,0,0,0,3,0,7,40,1,9859,9859,8,5,40,1,0,1,0,0
1259349,2,2021,2021,0,4,5,68,31,77,34609,0,1,9,-32.568933,151.164536,64,2,1,1,1,0,0,0,2,0,7,50,0,14295,14295,3,5,13,2,0,0,1,1
1259350,4,2021,2021,7,0,8,82,27,134,181,0,1,10,-33.892138,151.254521,76,0,2,1,0,0,0,0,2,0,0,50,2,5929,5929,1,21,19,2,0,1,1,0
1259352,4,2021,2021,3,1,3,1,7,74,34609,0,1,1,-33.75018,150.831701,7,0,2,1,0,0,0,0,2,0,7,50,0,9859,9859,1,0,0,2,0,1,0,0
1259353,1,2021,2021,7,6,6,387,27,91,331,0,1,1,-33.962838,151.08019,25,0,2,0,0,0,0,0,2,0,7,60,2,238,238,9,5,28,3,0,0,0,1
1259355,2,2021,2021,0,4,7,72,14,252,71,0,1,3,-33.8866,151.217958,69,0,2,1,0,0,0,0,2,0,7,80,2,14295,14295,3,5,0,3,0,0,1,0
1259356,4,2021,2021,7,0,7,5,27,26,34609,0,1,1,-33.516049,145.390546,51,1,0,1,0,0,0,0,2,0,7,100,0,945,945,5,30,40,1,0,1,0,0
1259362,2,2021,2021,0,0,9,23,31,226,382,1,0,2,-33.759402,150.830565,7,0,2,1,2,0,0,0,3,0,9,60,2,14295,14295,3,5,5,2,0,0,1,0
1259363,1,2021,2021,7,5,8,25,27,15,260,0,1,1,-32.977069,151.605457,37,0,2,1,3,0,0,0,4,0,7,80,2,14295,14295,3,10,13,2,0,0,0,1
1259364,2,2021,2021,7,4,9,7,31,232,34609,0,1,7,-33.683464,150.918231,71,0,2,0,3,0,0,0,4,0,0,60,0,14295,14295,3,5,13,2,0,0,1,0
1259365,1,2021,2021,7,6,3,296,27,147,293,0,1,2,-33.870346,150.985681,15,0,2,1,3,0,0,0,2,0,7,70,2,14295,14295,3,0,5,2,0,0,0,1
1259366,2,2021,2021,7,6,5,12,31,174,41,0,1,10,-33.892985,151.205414,69,0,2,1,3,0,3,4,2,2,7,50,1,5929,5929,1,0,0,2,0,0,1,0
1259367,4,2021,2020,10,4,5,346,17,3,332,0,1,9,-28.839778,153.263521,39,2,1,1,0,0,0,3,2,0,0,80,2,5929,5929,1,21,5,2,0,2,0,0
1259368,2,2021,2021,4,4,8,89,27,182,228,0,1,1,-32.832474,151.355193,17,2,1,1,1,0,3,4,3,0,7,60,1,1981,1981,4,5,5,2,0,0,3,1
1259370,1,2021,2021,0,0,11,4,31,77,34609,0,1,9,-33.866352,150.946701,24,0,2,1,3,0,3,0,0,0,0,50,0,926,926,4,0,5,2,0,0,0,1
1259371,1,2021,2021,0,4,7,54,27,61,49,0,1,9,-32.925915,151.735695,48,0,2,1,3,0,0,0,2,0,7,60,1,3775,3775,0,9,5,2,0,0,0,1
1259372,1,2021,2021,0,1,9,2261,17,23,2252,0,1,2,-34.65169,150.090423,78,1,0,1,3,0,0,0,3,0,7,110,2,1945,1945,5,16,40,1,0,0,0,1
1259376,1,2021,2021,7,4,7,222,27,71,165,0,1,1,-33.970376,151.073766,25,0,2,1,3,0,0,0,2,0,7,50,1,14295,14295,3,30,5,2,0,0,0,1
1259382,2,2021,2021,0,1,5,3371,17,11,3342,0,1,2,-30.016713,153.178321,19,1,0,1,0,0,3,4,2,0,7,110,2,4026,4026,8,0,40,1,0,0,1,0
1259384,4,2021,2021,0,4,7,5,31,29,34609,0,1,10,-31.089458,150.938091,70,2,1,1,1,0,0,0,2,0,7,50,0,5929,5929,1,0,5,2,0,1,0,0
1259387,1,2021,2021,7,2,5,74,23,30,260,0,1,9,-33.982425,151.148024,4,0,2,1,3,0,0,0,2,0,7,60,2,775,775,4,5,27,2,0,0,0,1
1259390,2,2021,2021,7,3,9,70,27,26,100,1,0,1,-33.672759,150.61482,8,2,2,1,0,0,0,0,0,0,7,60,2,9859,9859,8,5,40,1,0,0,1,0
1259395,4,2021,2021,4,2,1,114,27,21,65,0,1,1,-33.295845,151.205784,16,2,2,0,0,0,0,0,0,0,7,80,1,4552,5151,8,10,40,1,0,2,0,0
1259397,4,2021,2021,0,5,6,36,27,10,72,0,1,9,-28.709565,153.489962,10,2,1,0,0,0,3,4,2,0,0,80,2,418,714,5,29,40,1,0,1,0,0
1259398,1,2021,2021,7,1,8,37,27,204,105,0,1,7,-33.889156,150.92926,24,0,2,1,1,0,0,0,2,0,0,60,1,14295,14295,3,5,5,3,0,0,0,1
1259401,2,2021,2021,7,2,11,2209,17,21,2205,0,1,2,-34.307026,150.903994,80,0,2,0,1,0,0,0,0,0,7,80,2,4552,5151,8,16,40,1,0,0,1,0
1259403,2,2021,2021,3,0,5,46,27,304,39,0,1,2,-33.910345,151.155974,32,0,2,1,0,0,0,0,2,0,7,40,1,4026,4026,1,5,5,2,0,0,1,0
1259404,4,2021,2021,3,0,7,5,27,57,34609,0,1,7,-34.558781,150.824328,62,0,2,1,1,0,0,0,2,0,0,50,0,2040,2040,9,10,28,2,0,1,1,0
1259406,4,2021,2021,4,3,8,1052,14,83,928,0,1,3,-33.513507,151.192404,16,1,2,0,0,0,0,0,2,0,7,90,2,1383,1383,1,16,5,2,0,1,0,0
1259407,4,2021,2021,7,3,6,4,27,18,34609,0,1,9,-31.174292,150.976658,70,1,0,1,0,2,0,0,2,0,7,100,0,2852,2852,4,5,13,2,0,1,0,0
1259409,4,2021,2021,3,3,5,193,31,532,34,0,1,10,-33.873134,151.208122,69,0,2,1,0,0,0,0,2,2,9,40,1,591,591,1,18,27,2,0,1,0,0
1259411,2,2021,2021,0,2,4,9,27,40,34609,0,1,1,-34.69532,150.849822,35,2,1,1,3,0,0,0,2,0,7,50,0,9859,9859,1,5,5,2,0,0,1,0
1259412,1,2021,2021,4,3,7,78,17,23,58,0,1,9,-35.01007,149.020527,82,1,0,0,1,0,0,0,2,0,7,100,1,1109,787,1,30,5,2,0,0,0,3
1259415,1,2021,2020,2,2,0,283,27,145,702,1,0,10,-33.92291,151.06837,15,0,2,1,3,0,0,0,0,2,7,60,2,14295,14295,3,0,0,3,0,0,0,1
1259418,4,2021,2021,3,2,7,500,27,129,799,0,1,9,-33.928421,151.076767,15,0,2,1,0,0,3,4,2,2,7,60,2,5929,5929,1,10,5,2,0,1,0,0
1259419,2,2021,2021,0,4,8,19,31,9,34609,0,1,2,-31.087459,152.840503,34,2,1,1,3,0,0,0,2,0,7,50,0,1391,1391,1,10,5,3,0,0,2,0
1259423,2,2021,2021,7,0,8,2261,17,31,2252,0,1,3,-34.029698,150.824138,13,0,2,1,3,0,0,0,2,0,7,110,2,14295,14295,3,9,12,3,0,0,2,0
1259424,2,2021,2021,7,2,3,866,17,278,793,0,1,9,-33.783208,151.045275,54,0,2,1,3,0,3,4,2,2,7,60,2,2852,2852,4,5,5,2,0,0,1,0
1259428,1,2021,2021,7,2,7,50,27,169,382,0,1,10,-33.777236,150.848196,7,0,2,1,3,0,0,0,2,2,7,60,2,14295,14295,3,0,5,2,0,0,0,1
1259429,2,2021,2021,7,3,1,22,27,10,26,0,1,1,-29.405727,151.077675,33,1,0,0,0,0,3,4,0,0,7,100,1,4552,5151,8,10,40,1,0,0,1,0
1259431,2,2021,2020,10,0,3,265,17,9,193,0,1,1,-34.761792,147.867903,51,1,0,0,2,0,0,0,2,0,7,100,2,1957,4009,8,9,40,1,0,0,1,0
1259432,2,2021,2020,10,6,6,53,31,55,34609,0,1,1,-33.938386,150.90311,41,0,2,0,1,0,0,0,2,3,7,50,0,489,489,5,30,5,4,0,0,1,0
1259437,2,2021,2021,7,6,5,100,27,12,78,0,1,1,-33.526091,149.722889,51,2,1,0,0,0,0,0,2,0,7,80,2,1850,1463,5,16,40,1,0,0,1,0
1259440,1,2021,2020,5,0,9,1,31,21,34609,0,1,1,-31.564627,147.188182,51,2,1,1,2,0,3,4,0,0,7,50,0,2040,2040,9,5,28,2,0,0,0,1
1259442,2,2021,2021,7,3,11,2126,17,445,2149,0,1,9,-33.848129,151.048172,21,0,2,1,2,0,3,4,0,2,7,60,2,14295,14295,3,10,5,2,0,0,1,0
1259443,4,2021,2021,4,3,4,22,31,237,45,0,1,1,-33.87598,150.962537,24,0,2,1,0,0,3,4,2,0,7,60,1,4026,4026,8,5,40,1,0,1,0,0
1259446,2,2021,2021,7,5,8,10,10,41,34609,0,1,1,-35.134171,147.372156,75,2,1,0,0,0,3,4,2,0,7,50,0,1259,5151,8,5,40,1,0,0,1,0
1259448,1,2021,2021,7,1,8,1052,14,160,928,0,1,3,-33.125201,151.469194,37,0,2,1,0,0,0,0,2,0,7,110,2,14295,14295,3,0,0,2,0,0,0,1
1259449,2,2021,2021,7,5,5,90,36,7,102,0,1,1,-34.542328,148.329749,30,1,0,1,0,0,3,4,2,0,7,100,2,4026,4026,8,8,40,1,0,0,1,0
1259450,4,2021,2021,3,4,8,3371,17,85,3342,0,1,10,-33.731498,151.12539,36,0,2,1,1,0,3,4,2,0,15,60,2,1220,1220,9,5,28,2,0,1,0,0
1259451,2,2021,2021,7,0,5,916,17,6,917,0,1,1,-29.381292,151.892762,51,1,0,1,0,0,0,0,2,0,7,100,2,14295,14295,3,29,13,2,0,0,2,0
1259453,2,2021,2021,3,1,4,59,10,89,34609,0,1,0,-33.904631,151.23283,59,0,2,0,1,0,0,0,2,0,0,30,0,515,515,1,9,27,2,0,0,1,0
1259455,2,2021,2021,7,3,10,283,27,91,702,0,1,1,-33.956849,151.087046,25,0,2,1,2,0,0,3,0,0,7,60,2,2040,2040,9,5,28,2,0,0,1,0
1259456,4,2021,2021,7,5,7,2,27,4,34609,0,1,1,-29.62419,152.906468,18,2,1,1,0,0,0,3,2,0,7,80,0,1945,1945,5,16,40,1,0,1,0,0
1259458,2,2021,2021,7,2,6,105,27,67,109,0,1,9,-33.877802,150.893556,24,0,2,1,1,0,0,0,2,2,7,60,1,14295,14295,3,19,13,3,0,0,1,0
1259460,4,2021,2021,7,1,8,481,17,96,483,0,1,1,-33.381954,148.012059,51,2,1,0,1,0,3,4,2,0,7,50,2,3775,3775,0,0,2,2,0,1,1,0
1259462,2,2021,2021,3,2,0,118,17,10,118,0,1,1,-30.097667,147.372901,51,1,0,1,0,0,3,4,0,0,7,100,2,9859,9859,8,34,40,1,0,0,1,0
1259463,2,2021,2021,7,3,7,2,27,107,34609,0,1,1,-33.285198,151.450536,16,2,2,0,1,0,3,4,2,0,7,50,0,368,368,9,5,28,2,0,0,1,0
1259464,4,2021,2021,7,5,8,2,18,176,34609,0,1,1,-33.973533,151.14067,4,0,2,1,0,0,0,0,2,0,7,50,0,2040,2040,9,5,28,2,0,1,0,0
1259465,4,2021,2021,4,0,7,24,27,26,52,0,1,1,-33.915005,151.168555,32,0,2,1,0,0,0,0,2,0,7,50,1,5929,5929,1,5,19,2,0,1,0,0
1259468,2,2021,2021,4,3,6,34,10,13,40,0,1,10,-35.782552,150.231953,23,2,1,1,0,0,0,0,2,0,0,60,1,6545,6545,4,30,0,2,0,0,2,1
1259469,4,2021,2021,4,1,4,2,27,2,34609,0,1,1,-32.093613,151.800397,43,2,1,0,0,2,0,0,2,0,7,80,0,273,957,5,16,40,1,0,1,0,0
1259470,4,2021,2021,4,0,9,15,27,49,69,0,1,10,-33.948582,151.209501,4,0,2,0,0,0,3,4,3,3,7,50,1,2585,4009,8,21,40,1,0,1,1,0
1259472,2,2021,2021,7,3,7,2209,17,12,2205,0,1,1,-35.253743,150.423832,63,1,0,0,0,0,0,0,2,0,7,100,2,1383,1383,1,5,19,2,0,0,1,1
1259474,1,2021,2021,3,6,3,387,36,86,69,0,1,2,-33.739257,151.220137,50,0,2,1,1,0,3,4,2,0,7,70,2,14295,14295,3,9,5,3,0,0,0,1
1259476,2,2021,2021,7,4,7,23,27,45,144,0,1,1,-33.816795,150.77783,55,0,2,1,0,0,0,0,2,0,7,80,2,14295,14295,3,16,13,2,0,0,1,0
1259479,4,2021,2021,3,4,11,61,27,32,70,0,1,1,-33.681462,150.994229,71,0,2,1,2,0,3,3,0,0,7,70,1,9859,9859,8,5,40,1,0,1,1,0
1259483,4,2021,2021,7,4,5,1,18,3,34609,0,1,9,-32.888923,148.071545,53,1,0,1,0,0,0,3,2,0,7,100,0,489,489,8,0,40,1,0,1,0,0
1259486,4,2021,2021,3,3,9,2209,17,18,2205,0,1,1,-35.70127,150.181141,23,2,1,1,1,0,0,0,2,0,7,60,2,1109,787,1,10,19,2,0,2,0,0
1259487,2,2021,2021,7,1,7,224,27,246,321,1,2,9,-33.903455,151.202101,69,0,2,1,1,0,0,0,2,2,7,40,2,5929,5929,1,0,18,2,0,0,1,0
1259490,4,2021,2021,7,0,7,68,27,110,67,0,1,9,-33.790043,151.003868,54,0,2,1,3,0,0,0,2,0,0,60,1,5929,5929,1,5,5,2,0,1,0,0
1259491,2,2021,2021,7,1,8,23,27,53,36,0,1,9,-35.206882,149.365972,58,1,0,0,1,0,0,0,2,0,0,100,1,2852,2852,4,30,5,2,0,0,1,1
1259493,2,2021,2021,7,0,4,14,27,8,17,0,1,1,-30.115822,150.174576,51,2,1,1,0,0,3,0,2,0,7,60,1,1945,1945,5,16,40,1,0,0,1,1
1259494,4,2021,2021,7,4,4,866,17,278,793,0,1,9,-33.758674,151.048925,54,0,2,1,1,0,3,4,2,2,7,70,2,2852,2852,4,5,5,2,0,1,0,0
1259495,4,2021,2021,7,2,5,9,10,243,34609,0,1,1,-33.952557,150.895478,41,0,2,1,1,0,0,0,2,0,7,50,0,1109,397,1,5,5,2,0,1,0,0
1259497,1,2021,2021,7,5,7,2209,17,27,2205,0,1,2,-34.540881,150.784724,80,0,2,1,1,0,3,4,2,0,7,80,2,14295,14295,3,0,0,3,0,0,0,2
1259500,2,2021,2021,3,4,2,3371,10,316,34609,0,1,1,-31.459627,152.929473,56,2,1,1,2,0,3,3,0,0,7,50,0,4026,4026,8,5,40,1,0,0,1,0
1259501,4,2021,2021,4,3,2,103,36,14,103,0,1,1,-32.512925,151.94416,43,2,1,1,0,0,3,3,0,0,7,80,1,9859,9859,8,10,40,1,0,1,0,0
1259502,1,2021,2021,7,0,11,2126,17,27,2149,0,1,2,-33.709862,150.326246,8,2,2,1,2,0,0,0,0,0,7,80,2,1282,1282,1,10,19,2,0,0,0,1
1259507,2,2021,2021,3,4,5,43,27,10,118,0,1,9,-30.929607,150.846875,70,2,1,1,0,0,3,4,2,0,7,80,2,1669,1669,3,10,0,2,0,0,2,0
1259509,4,2021,2021,4,3,7,149,10,346,702,0,1,10,-33.86795,151.064387,67,0,2,1,1,0,0,0,2,2,7,80,2,6545,6545,4,5,5,2,0,1,0,0
1259513,1,2021,2021,3,0,7,44,27,89,38,1,2,9,-33.862568,150.890503,24,0,2,1,3,0,0,0,2,0,7,40,1,1383,1383,1,5,5,2,0,0,0,1
1259517,1,2021,2021,0,4,5,475,31,252,75,0,1,9,-33.88344,151.208304,69,0,2,1,3,0,0,0,2,2,9,40,1,14295,14295,3,9,5,2,0,0,0,1
1259518,2,2021,2021,0,0,6,229,14,278,237,0,1,3,-33.760574,151.037659,71,0,2,1,3,0,0,0,2,0,7,100,2,1383,1383,1,0,13,2,0,0,1,0
1259523,1,2021,2021,3,5,6,26,31,609,34609,0,1,9,-33.771486,150.906076,7,0,2,1,2,0,0,0,2,2,7,40,0,5929,5929,1,5,5,2,0,0,0,1
1259527,1,2021,2021,3,6,8,4,31,136,34609,0,1,1,-33.917921,151.07882,15,0,2,1,3,0,0,0,2,0,7,50,0,5929,5929,1,5,27,2,0,0,0,1
1259531,1,2021,2021,3,3,6,93,10,58,13,0,1,9,-34.412237,150.886403,80,0,2,1,3,0,0,0,2,3,7,50,2,186,186,1,5,5,2,0,0,0,1
1259533,2,2021,2021,3,4,6,280,10,237,240,0,1,2,-33.869435,150.960107,24,0,2,1,3,0,0,0,2,0,7,60,2,1282,1282,1,5,5,2,0,0,1,0
1259537,2,2021,2021,7,6,8,29,1,105,34609,0,1,9,-32.715083,151.525649,42,2,1,1,1,0,0,0,2,0,7,50,0,2040,2040,9,19,28,2,0,0,1,0
1259539,2,2021,2021,7,5,7,4,31,234,34609,0,1,9,-34.286316,146.054956,28,2,1,1,1,0,0,0,2,0,7,50,0,83,83,1,10,19,2,0,0,1,0
1259540,4,2021,2021,7,0,6,205,27,161,415,0,1,10,-33.731782,151.156417,36,0,2,0,1,0,0,3,2,0,9,60,2,2040,2040,9,0,28,2,0,1,0,0