Crash ID,Degree of crash - detailed,Reporting year,Year of crash,Month of crash,Day of week of crash,Two-hour intervals,Street of crash,Street type,Town,Route no.,School zone location,School zone active,Type of location,Latitude,Longitude,LGA,Urbanisation,Conurbation 1,Alignment,Street lighting,Road surface,Surface condition,Weather,Natural lighting,Signals operation,Other traffic control,Speed limit,Road classification,RUM - code,DCA - code,First impact type,Key TU type,Other TU type,No. of traffic units involved,No. killed,No. seriously injured,No. moderately injured,No. minor-other injured
1259543,1,2021,2021,3,2,11,866,17,278,793,0,1,2,-33.762168,151.047896,54,0,2,0,2,0,0,0,0,0,7,60,2,623,623,3,5,5,2,0,0,0,1
1259544,1,2021,2021,7,5,0,63,27,147,17,0,1,2,-33.882643,150.993355,15,0,2,1,2,0,3,4,0,0,7,60,1,404,404,8,15,40,1,0,0,0,1
1259545,2,2021,2021,7,2,5,3,31,41,34609,0,1,9,-31.088212,150.908873,70,2,1,1,0,0,0,0,2,0,0,50,0,926,926,4,10,5,2,0,0,1,0
1259546,2,2021,2021,3,0,7,15,27,4,91,0,1,1,-34.642956,149.332278,74,1,0,0,0,0,0,0,2,0,7,100,1,4552,5151,8,16,40,1,0,0,1,0
1259550,1,2021,2020,1,1,7,42,31,145,34609,0,1,9,-33.92223,151.07045,15,0,2,1,1,0,3,3,2,0,7,50,0,14295,14295,3,10,5,3,0,0,0,1
1259551,4,2021,2021,3,6,7,57,27,10,143,0,1,1,-33.824065,149.329157,3,2,1,0,0,0,0,0,2,0,7,50,2,782,957,5,16,40,1,0,1,0,0
1259552,1,2021,2021,3,5,3,330,23,150,112,0,1,2,-33.925371,151.229238,59,0,2,0,1,0,0,0,2,0,7,50,2,1192,1192,1,22,27,3,0,0,0,3
1259554,4,2021,2021,0,4,4,9,31,27,17,0,1,1,-33.71318,150.333079,8,2,2,1,1,0,0,0,2,0,7,50,1,214,214,9,0,28,2,0,1,0,0
1259557,4,2021,2021,7,4,3,344,27,168,382,0,1,9,-33.703656,150.836905,7,0,2,1,1,0,0,0,1,0,7,80,2,14295,14295,3,10,40,3,0,1,1,0
1259558,1,2021,2021,7,0,5,158,27,68,207,0,1,9,-33.875256,151.246622,81,0,2,0,1,0,0,0,2,2,9,60,2,1220,1220,9,5,28,2,0,0,0,1
1259560,1,2021,2021,7,2,12,175,27,86,220,0,1,10,-33.74746,150.916437,7,0,2,1,1,0,0,0,2,3,7,70,2,14295,14295,3,0,19,2,0,0,0,1
1259561,2,2021,2021,0,3,4,89,36,3,17,0,1,1,-29.570767,152.742064,18,1,0,1,0,0,0,0,2,0,7,100,1,1089,1089,7,16,40,1,0,0,2,0
1259562,4,2021,2021,7,5,8,222,27,54,40,0,1,1,-33.641003,150.884485,29,2,2,1,0,0,0,0,2,0,7,80,1,121,121,9,9,28,2,0,1,0,0
1259563,2,2021,2021,4,0,0,103,36,10,34609,0,1,9,-31.945418,152.393301,43,1,0,1,0,0,0,0,0,0,7,90,0,1945,1945,5,16,40,1,0,0,1,0
1259567,2,2021,2021,7,5,4,5,1,73,34609,0,1,1,-35.144913,147.379926,75,2,1,1,0,0,0,0,2,0,7,50,0,941,941,1,34,5,2,0,0,2,0
1259571,2,2021,2021,3,4,6,12,31,53,34609,0,1,9,-31.868808,152.363518,43,2,1,0,1,0,0,0,2,0,7,50,0,1669,1669,3,5,13,2,0,0,1,0
1259572,4,2021,2021,4,4,2,191,17,32,189,0,1,9,-32.140834,150.366105,73,2,1,0,3,0,2,6,0,0,0,60,2,4552,5151,8,10,40,1,0,1,0,0
1259573,2,2021,2021,4,4,2,60,27,219,262,0,1,10,-32.907559,151.665127,48,0,2,1,2,0,0,0,1,2,7,60,2,5929,5929,1,30,5,2,0,0,1,1
1259575,2,2021,2021,7,1,1,51,10,104,34609,0,1,7,-33.797882,150.781147,55,0,2,0,0,0,0,0,0,0,0,50,0,1850,1463,5,0,40,1,0,0,1,0
1259577,4,2021,2021,7,0,11,27,31,47,40,0,1,1,-33.779204,151.283355,50,0,2,0,2,0,0,0,0,0,7,50,1,4552,5151,1,5,0,3,0,1,0,0
1259581,2,2021,2021,4,6,0,193,27,32,41,0,1,1,-33.981631,151.125742,25,0,2,1,2,0,0,0,0,0,7,60,1,9859,9859,1,5,13,2,0,0,1,0
1259582,2,2021,2021,3,4,2,65,31,609,115,0,1,10,-33.776631,150.901632,7,0,2,1,1,0,0,0,1,2,7,60,2,5929,5929,1,5,5,2,0,0,1,0
1259584,1,2021,2021,3,3,6,62,31,445,34609,1,0,1,-33.860293,151.045163,21,0,2,1,1,0,0,0,2,0,7,50,0,387,387,1,22,0,2,0,0,0,1
1259587,2,2021,2021,7,5,8,18,27,532,34609,1,0,1,-33.871579,151.214779,69,0,2,0,1,0,0,0,2,0,7,40,0,515,515,1,5,27,2,0,0,1,0
1259593,2,2021,2021,4,0,8,77,31,163,69,0,1,10,-33.864973,151.103778,14,0,2,1,1,0,3,4,2,2,7,60,2,6545,6545,4,5,5,3,0,0,1,0
1259596,2,2021,2021,4,1,9,34,31,433,34609,0,1,7,-33.277557,149.109516,52,2,1,1,1,0,0,0,2,0,0,50,0,14295,14295,3,0,5,2,0,0,1,0
1259597,4,2021,2021,4,3,1,10,31,84,16,0,1,2,-31.098062,150.924382,70,2,1,0,2,0,0,0,0,0,7,60,1,4552,5151,8,5,40,1,0,1,1,0
1259598,2,2021,2021,7,5,7,82,31,11,34609,0,1,9,-33.848942,151.213266,49,0,2,1,0,0,0,0,2,0,15,50,0,2040,2040,9,19,28,2,0,0,1,0
1259599,4,2021,2021,3,3,9,4,27,33,34609,0,1,10,-34.069248,150.720224,12,0,2,0,1,0,0,0,2,0,0,50,0,6545,6545,4,5,5,2,0,2,1,0
1259600,2,2021,2021,7,4,11,2261,17,44,2252,0,1,2,-33.898407,150.950877,24,0,2,0,2,0,3,4,0,0,7,70,2,186,186,9,5,28,2,0,0,1,0
1259602,4,2021,2021,7,5,9,27,27,119,96,1,0,10,-33.871549,151.159604,32,0,2,1,1,0,3,4,3,2,7,50,2,5929,5929,1,5,0,2,0,1,1,0
1259603,4,2021,2021,4,2,11,1,27,2,34609,0,1,1,-28.353997,153.435229,72,2,1,0,0,0,0,0,0,0,7,80,0,1259,5151,8,5,40,1,0,1,0,0
1259605,2,2021,2021,7,2,1,20,31,165,34609,0,1,1,-32.286033,150.901419,46,2,1,1,2,0,0,0,0,0,7,50,0,9859,9859,8,34,40,1,0,0,1,0
1259606,2,2021,2021,7,6,6,24,31,237,44,0,1,10,-33.873505,150.953049,24,0,2,1,1,0,0,0,2,2,7,50,1,5929,5929,1,10,22,2,0,0,2,2
1259611,2,2021,2021,7,2,3,2126,17,161,2149,0,1,9,-33.889971,151.146799,32,0,2,1,2,0,0,0,1,2,0,60,2,775,775,4,30,27,2,0,0,1,0
1259613,2,2021,2021,4,2,10,133,31,49,34609,0,1,9,-33.715733,151.299208,50,0,2,1,2,0,0,0,0,0,9,50,0,2040,2040,9,5,28,2,0,0,1,0
1259614,4,2021,2021,4,6,11,1052,14,207,928,0,1,3,-33.548227,151.195451,31,0,2,0,0,0,3,4,0,0,7,110,2,204,204,1,30,5,2,0,2,1,0
1259615,4,2021,2021,7,0,6,2209,17,176,2205,1,0,2,-33.962022,151.137592,25,0,2,1,0,0,0,0,2,0,7,60,2,14295,14295,3,5,5,2,0,1,0,0
1259616,2,2021,2021,3,0,10,3371,10,316,34609,0,1,9,-31.469772,152.913687,56,2,1,1,2,0,0,0,0,0,7,60,0,1945,1945,5,5,40,1,0,0,1,0
1259619,2,2021,2021,7,1,6,24,27,9,24,0,1,1,-28.310905,153.292213,72,2,1,0,0,0,0,0,2,0,7,80,1,1259,5151,8,5,40,1,0,0,1,0
1259620,4,2021,2021,3,2,10,4,4,363,34609,0,1,10,-33.746346,150.70077,55,0,2,1,2,0,0,0,0,0,15,50,0,6545,6545,4,10,5,2,0,2,0,1
1259621,2,2021,2021,3,2,5,149,27,42,198,0,1,9,-33.942422,150.942694,41,0,2,0,1,0,0,3,2,2,7,60,2,2852,2852,4,9,0,2,0,0,1,1
1259622,2,2021,2021,3,4,2,5,27,4,34609,0,1,1,-28.753733,153.322961,39,2,1,0,0,0,3,4,1,0,7,80,0,4552,5151,8,22,40,1,0,0,1,0
1259623,2,2021,2021,7,1,8,19,31,80,34609,0,1,0,-33.878173,151.204769,69,0,2,1,1,0,0,0,2,0,7,40,0,1383,1383,1,5,25,2,0,0,1,0
1259624,4,2021,2021,3,3,10,12,27,7,11,0,1,7,-32.779094,152.109569,57,2,1,0,2,0,0,0,0,0,0,70,0,5929,5929,1,16,5,2,0,1,0,0
1259628,2,2021,2021,3,4,9,2261,17,59,2252,0,1,3,-33.985219,150.857359,13,0,2,0,0,0,3,4,2,0,7,110,2,1259,5151,8,9,40,2,0,0,1,1
1259640,1,2021,2021,7,1,4,475,10,100,268,0,1,10,-33.892417,150.887952,24,0,2,1,3,0,0,0,2,0,15,60,2,14295,14295,3,5,36,2,0,0,0,1
1259642,2,2021,2021,0,4,4,57,27,15,126,0,1,1,-32.758246,151.678202,42,1,0,1,3,0,0,3,2,0,7,100,1,1669,1669,3,10,0,2,0,0,1,0
1259644,2,2021,2021,0,5,5,1,27,2,34609,0,1,1,-36.933763,148.819212,65,1,0,0,3,2,0,0,2,0,7,100,0,782,957,5,10,40,1,0,0,1,0
1259645,1,2021,2021,7,5,9,296,27,187,293,0,1,2,-33.889008,150.973472,24,0,2,1,3,0,0,0,0,0,0,70,2,14295,14295,3,0,36,2,0,0,0,1
1259648,2,2021,2021,7,3,9,17,10,12,34609,0,1,1,-34.412181,150.821459,80,0,2,0,0,0,0,0,0,0,7,60,0,83,83,5,5,40,1,0,0,1,2
1259652,1,2021,2021,0,4,9,15,27,41,15,0,1,7,-33.786998,151.270016,50,0,2,1,3,0,0,0,3,0,0,50,1,217,217,1,5,36,2,0,0,0,1
1259653,4,2021,2021,0,3,5,70,27,26,100,1,0,1,-33.685026,150.58751,8,2,2,1,3,0,0,0,2,0,7,60,2,1282,1282,1,5,40,1,0,1,0,0
1259655,1,2021,2021,7,2,6,123,27,111,25,0,1,10,-33.914522,151.249333,59,0,2,1,3,0,0,0,2,2,7,50,1,204,204,1,0,0,2,0,0,0,1
1259656,1,2021,2021,0,0,6,22,27,136,702,0,1,10,-33.860739,151.068407,67,0,2,1,3,0,0,0,2,0,15,60,2,6545,6545,4,5,5,2,0,0,0,1
1259664,1,2021,2021,7,2,9,23,31,37,38,0,1,7,-33.904656,151.254009,76,0,2,0,3,0,0,0,3,0,0,50,1,301,301,4,5,0,2,0,0,0,1
1259668,4,2021,2021,0,3,9,71,27,22,122,0,1,10,-34.529961,150.869265,80,0,2,1,3,0,0,0,3,2,7,60,2,5929,5929,1,0,13,2,0,1,1,0
1259673,2,2021,2021,7,6,11,1104,14,113,962,0,1,3,-33.783636,150.76464,55,0,2,1,2,0,0,0,0,0,7,110,2,4026,4026,8,9,40,1,0,0,1,0
1259674,1,2021,2021,7,5,11,92,27,129,244,0,1,1,-33.899641,151.090342,9,0,2,0,3,0,0,0,0,0,0,60,2,14295,14295,3,0,0,2,0,0,0,1
1259675,2,2021,2021,0,2,4,2,7,60,34609,0,1,4,-33.819885,151.1391,51,0,2,0,0,0,0,0,2,0,7,50,0,4552,5151,8,5,40,1,0,0,1,0
1259676,2,2021,2021,7,2,6,22,22,532,22,0,1,3,-33.861596,151.213719,69,0,2,1,0,0,0,0,2,0,7,80,2,14295,14295,3,30,5,5,0,0,1,0
1259678,1,2021,2021,4,6,8,2,27,73,34609,0,1,1,-33.777069,151.17226,36,0,2,1,1,0,3,4,2,0,7,50,0,9859,9859,1,5,12,3,0,0,0,1
1259679,1,2021,2020,2,6,6,4,1,22,8,0,1,9,-33.797942,151.271146,50,0,2,1,0,0,0,0,2,0,15,50,1,4026,4026,8,16,40,1,0,0,0,1
1259682,2,2021,2021,7,0,8,13,27,5,143,0,1,1,-33.482437,149.556567,3,2,1,0,0,0,0,0,2,0,7,80,2,14295,14295,3,3,0,2,0,0,1,0
1259683,4,2021,2021,4,5,10,25,27,8,34609,0,1,1,-33.652218,150.910166,71,0,2,1,2,0,0,0,0,0,7,70,0,237,162,8,5,40,1,0,1,2,0
1259684,2,2021,2021,7,6,7,171,27,113,369,0,1,10,-33.793598,150.699214,55,0,2,1,1,0,0,0,2,2,15,60,2,14295,14295,3,5,5,4,0,0,1,1
1259686,4,2021,2020,10,0,10,10,27,10,34609,0,1,1,-28.358026,153.388307,72,2,1,0,0,0,0,0,0,0,7,80,0,4552,5151,8,16,40,1,0,1,0,0
1259688,2,2021,2021,7,0,9,255,31,64,46,1,0,1,-33.483293,150.140986,40,2,1,1,0,0,0,0,3,0,7,50,2,14295,14295,3,10,5,3,0,0,1,0
1259692,4,2021,2021,0,2,9,1,31,4,34609,1,0,1,-33.075101,151.648218,37,0,2,1,0,0,0,0,2,0,7,50,0,1945,1945,5,17,40,1,0,1,0,0
1259696,4,2021,2021,0,5,6,26,1,18,34609,0,1,10,-28.33418,153.569933,72,2,1,1,1,0,0,0,2,0,15,50,0,6545,6545,4,0,5,2,0,3,0,0
1259699,4,2021,2021,7,4,10,118,27,646,118,0,1,1,-33.912754,151.034932,15,0,2,1,2,0,3,4,0,0,7,60,1,2040,2040,9,5,28,2,0,1,0,0
1259700,2,2021,2021,0,2,4,1,23,54,34609,0,1,1,-33.237558,151.506129,16,2,2,1,3,0,0,0,2,0,7,50,0,1282,1282,1,5,5,2,0,0,1,0
1259703,2,2021,2021,0,3,6,220,27,92,222,0,1,10,-33.720413,150.937952,71,0,2,1,3,0,0,0,2,2,7,80,2,14295,14295,3,5,36,3,0,0,1,0
1259704,1,2021,2021,7,0,4,77,31,165,34609,0,1,10,-33.857006,151.148624,14,0,2,1,3,0,0,0,2,0,15,50,0,6545,6545,4,0,36,2,0,0,0,1
1259705,2,2021,2021,7,6,8,37,31,38,34609,0,1,1,-33.770255,150.795285,55,0,2,1,0,0,0,0,2,0,7,50,0,591,591,1,22,0,2,0,0,1,0
1259706,1,2021,2021,0,0,4,224,27,102,321,0,1,1,-33.940941,151.194995,4,0,2,1,1,0,0,0,2,0,7,50,2,9859,9859,1,5,12,2,0,0,0,2
1259710,1,2021,2021,7,6,5,80,31,176,159,0,1,9,-33.95279,151.135716,4,0,2,0,3,0,0,0,2,2,7,60,2,1282,1282,1,5,5,2,0,0,0,1
1259715,1,2021,2021,7,2,6,2126,17,104,2149,0,1,2,-33.833077,151.017646,54,0,2,1,3,0,0,0,2,0,7,60,2,14295,14295,3,5,5,2,0,0,0,1
1259717,4,2021,2021,7,2,6,171,31,149,34609,0,1,10,-33.986917,151.136959,4,0,2,1,1,0,0,0,2,0,0,50,0,6545,6545,4,5,36,3,0,1,0,0
1259720,2,2021,2021,7,0,4,1,7,108,34609,0,1,10,-28.847652,153.556784,2,2,1,1,0,0,0,0,2,0,0,50,0,4026,4026,8,5,40,1,0,0,1,0
1259721,1,2021,2021,3,1,8,38,27,115,165,0,1,1,-33.95699,151.062243,25,0,2,1,1,0,0,0,2,0,7,50,1,14295,14295,3,21,0,3,0,0,0,1
1259722,2,2021,2021,0,4,7,1104,11,532,770,0,1,10,-33.873004,151.204112,69,0,2,1,1,0,0,0,2,2,7,40,2,6545,6545,4,9,5,2,0,0,2,0
1259725,2,2021,2021,7,0,6,22,27,94,20,0,1,1,-33.784919,150.805353,55,0,2,0,1,0,0,0,2,0,7,60,1,4552,5151,8,16,40,1,0,0,1,0
1259728,1,2021,2021,7,0,5,81,27,55,115,0,1,2,-33.797717,150.896952,7,0,2,1,1,0,0,0,2,0,7,60,2,1383,1383,1,30,5,2,0,0,0,2
1259729,2,2021,2021,7,0,9,4,31,176,34609,0,1,1,-33.954859,151.135665,4,0,2,0,1,0,0,0,2,0,7,50,0,1850,1463,5,16,40,1,0,0,1,0
1259730,2,2021,2021,7,0,4,33,27,30,34609,0,1,9,-35.35766,149.222693,58,2,1,1,1,0,3,3,2,0,15,50,0,2852,2852,4,0,5,2,0,0,1,0
1259735,4,2021,2021,0,3,2,2126,17,218,2149,0,1,2,-33.772753,150.784462,55,0,2,1,2,0,0,0,0,0,7,60,2,14295,14295,3,30,12,2,0,1,1,1
1259738,4,2021,2021,3,4,10,1,31,103,34609,0,1,10,-34.30651,148.306213,30,2,1,1,2,0,3,4,0,0,7,50,0,121,121,9,0,28,2,0,1,0,0
1259740,2,2021,2021,0,3,4,161,17,18,161,0,1,1,-35.272276,147.954387,66,1,0,0,0,0,0,0,2,0,7,100,2,782,957,5,21,40,1,0,0,1,0
1259741,2,2021,2021,7,6,9,2,1,337,34609,0,1,9,-33.737838,150.985358,71,0,2,1,2,0,0,0,0,0,7,50,0,5929,5929,1,5,19,2,0,0,1,0
1259742,4,2021,2021,3,3,5,475,10,100,268,0,1,10,-33.889323,150.882905,24,0,2,1,1,0,0,0,2,2,7,70,2,6545,6545,4,0,22,2,0,1,1,0
1259743,2,2021,2021,0,5,4,48,10,316,121,0,1,1,-31.423682,152.873286,56,2,1,1,0,0,0,0,2,0,7,60,1,14295,14295,3,0,25,2,0,0,1,1
1259744,2,2021,2021,7,0,7,225,17,76,180,0,1,9,-34.554561,150.360604,78,2,1,1,1,0,0,3,2,0,0,50,2,926,926,4,5,36,2,0,0,1,0
1259746,4,2021,2021,0,0,10,3371,17,6,3342,0,1,10,-33.181321,151.594767,16,2,2,1,2,0,0,0,0,2,7,80,2,5929,5929,1,5,0,2,0,1,0,1
1259747,2,2021,2020,2,5,8,255,27,37,62,0,1,7,-32.809652,151.498976,17,2,1,0,0,0,0,0,2,0,7,70,2,14295,14295,3,33,5,2,0,0,1,0
1259748,2,2021,2021,4,1,6,31,22,74,34609,0,1,1,-34.438186,150.863944,80,0,2,1,1,0,0,0,2,0,7,50,0,1282,1282,1,33,27,2,0,0,1,0
1259750,2,2021,2021,7,3,10,44,31,23,34609,0,1,9,-34.581606,150.861733,62,0,2,1,2,0,0,0,0,2,7,50,0,5929,5929,1,5,5,2,0,0,1,0
1259754,2,2021,2021,0,3,5,92,27,21,36,0,1,1,-35.730988,150.197978,23,2,1,1,1,0,0,0,2,0,7,50,1,1981,1981,4,0,19,2,0,0,1,0
1259755,2,2021,2021,4,3,8,213,17,10,213,0,1,9,-29.63954,152.037921,51,1,0,0,0,0,3,4,2,0,7,100,2,2585,4009,8,10,40,1,0,0,1,0
1259756,4,2021,2021,7,0,4,222,31,131,212,0,1,2,-33.783874,151.190524,36,0,2,1,1,0,0,0,2,0,7,60,2,1282,1282,1,33,19,2,0,1,0,0
1259757,2,2021,2021,7,6,6,89,27,182,228,1,0,9,-32.834768,151.349425,17,2,1,1,1,0,0,0,2,0,7,60,1,941,941,1,30,13,2,0,0,1,0
1259763,2,2021,2021,7,2,6,8,27,6,34609,0,1,1,-32.362702,151.528952,51,2,1,1,0,0,0,0,2,0,7,80,0,9859,9859,8,16,40,1,0,0,1,0
1259767,2,2021,2021,7,5,8,15,31,99,30,0,1,1,-33.886344,151.27032,76,0,2,1,0,0,0,0,2,0,7,50,1,4026,4026,1,5,36,3,0,0,1,0
1259768,4,2021,2021,7,1,8,3,7,128,34609,0,1,1,-33.628752,150.806541,29,2,2,1,1,0,0,0,2,0,7,50,0,2040,2040,9,5,26,2,0,1,0,0
1259769,4,2021,2021,7,1,7,1,36,37,34609,0,1,1,-32.795539,151.516233,17,2,1,1,0,0,0,0,2,0,7,50,0,340,340,9,5,26,2,0,1,0,0
1259771,1,2021,2021,3,2,7,1104,11,130,770,0,1,3,-33.872552,151.193744,69,0,2,1,3,0,3,3,2,0,7,60,2,14295,14295,3,5,5,2,0,0,0,1
1259775,1,2021,2021,0,2,3,225,17,85,180,0,1,10,-34.570727,150.775037,62,0,2,1,3,0,0,0,2,2,7,60,2,6545,6545,4,30,13,3,0,0,0,1
1259779,1,2021,2021,3,6,8,26,31,161,34609,0,1,1,-33.880712,151.156676,32,0,2,1,3,0,0,0,2,0,7,40,0,14295,14295,3,5,5,2,0,0,0,1
1259782,4,2021,2021,7,5,6,10,6,30,34609,0,1,9,-34.041903,150.818477,13,0,2,0,3,0,0,0,2,0,7,60,0,1109,397,1,30,5,2,0,2,0,0
1259790,1,2021,2020,9,2,4,2261,17,243,2252,0,1,10,-33.957347,150.882457,41,0,2,1,3,0,0,0,2,2,7,70,2,14295,14295,3,29,5,2,0,0,0,1
1259793,4,2021,2021,0,2,9,2126,17,169,2149,0,1,9,-33.786036,150.843236,7,0,2,1,3,0,0,0,3,0,7,80,2,2852,2852,4,5,5,2,0,1,0,0
1259796,2,2021,2021,0,4,7,3371,17,463,3342,0,1,2,-30.318221,153.090879,19,2,1,0,3,0,0,0,2,0,7,60,2,14295,14295,3,5,5,3,0,0,1,0
1259797,2,2021,2021,7,6,9,11,27,189,28,0,1,9,-33.949947,151.061128,25,0,2,1,1,0,0,0,3,0,7,50,1,14295,14295,3,5,5,2,0,0,1,0
1259799,2,2021,2021,7,0,2,2209,17,106,2205,0,1,9,-34.556419,150.791865,62,0,2,1,2,0,3,0,0,2,7,70,2,4026,4026,8,5,40,1,0,0,1,0
1259800,1,2021,2021,0,2,6,34,10,19,40,0,1,10,-35.855808,150.163194,23,1,0,1,0,0,0,0,2,0,0,100,1,5929,5929,1,5,5,3,0,0,0,2
1259804,2,2021,2021,3,6,8,10,31,74,34609,0,1,10,-33.767391,150.681516,55,0,2,1,0,0,0,0,2,0,15,50,0,6545,6545,4,5,36,2,0,0,1,0
1259808,2,2021,2021,3,0,8,26,27,92,25,0,1,1,-33.982835,150.840444,13,0,2,1,1,0,0,0,2,0,7,70,1,1669,1669,3,10,5,2,0,0,1,0
1259813,1,2021,2021,7,5,10,82,27,84,181,0,1,9,-33.893202,151.258761,76,0,2,1,2,0,3,4,0,2,7,50,2,387,387,1,22,36,2,0,0,0,1
1259820,1,2021,2021,7,6,5,16,27,316,120,0,1,5,-33.90835,151.247664,59,0,2,0,1,0,0,0,2,2,7,50,2,623,623,3,0,13,2,0,0,0,1
1259822,1,2021,2021,7,1,7,512,17,562,441,0,1,9,-32.202896,148.536257,22,1,0,0,0,0,0,0,2,0,0,110,2,14295,14295,3,8,0,2,0,0,0,1
1259823,2,2021,2020,9,3,5,6,31,314,7,0,1,9,-33.855286,150.917221,24,0,2,1,0,0,0,0,2,2,7,60,1,14295,14295,3,0,5,2,0,0,1,0
1259830,4,2021,2021,3,5,3,24,27,70,24,0,1,1,-34.855735,150.610818,63,2,1,1,1,0,0,3,2,0,7,60,1,9859,9859,8,0,40,1,0,1,0,0
1259833,2,2021,2021,7,6,5,57,31,38,34609,0,1,1,-32.813258,151.455119,17,2,1,1,0,0,0,3,2,0,7,50,0,9859,9859,8,5,40,1,0,0,1,0
1259834,2,2021,2021,4,6,7,3,31,7,34609,0,1,1,-34.32726,149.369736,74,1,0,1,0,2,0,0,2,0,7,100,0,1981,1981,4,5,12,2,0,0,1,0
1259837,4,2021,2021,7,1,7,230,1,193,34609,1,2,1,-33.788067,151.076778,54,0,2,1,1,0,0,0,2,0,7,40,0,1220,1220,9,0,28,2,0,1,0,0
1259843,2,2021,2021,4,4,7,30,27,120,154,0,1,7,-33.749083,150.866634,7,0,2,0,1,0,0,0,2,0,0,60,1,2852,2852,4,0,5,2,0,0,1,0
1259845,2,2021,2021,7,6,9,24,31,131,60,0,1,10,-36.068775,146.930467,0,2,1,1,3,0,0,0,0,2,7,50,1,217,217,1,34,0,2,0,0,1,0
1259846,4,2021,2021,3,6,6,103,36,24,103,0,1,9,-32.034987,151.953078,43,2,1,1,1,0,3,4,2,0,7,80,1,14295,14295,3,9,0,2,0,1,0,0
1259878,2,2021,2021,3,4,3,2209,17,29,2205,0,1,1,-36.982305,149.894836,5,1,0,0,0,0,0,0,1,0,7,100,2,1957,4009,8,10,40,1,0,0,1,0
1259879,1,2021,2020,1,0,6,2126,17,17,2149,0,1,2,-33.709706,150.586384,8,2,2,0,3,0,0,0,2,0,7,80,2,14295,14295,3,30,0,2,0,0,0,3
1259882,2,2021,2020,9,2,9,4,27,7,5,0,1,1,-35.666738,147.947644,66,2,1,0,0,0,3,0,2,0,7,80,1,782,957,5,16,40,1,0,0,1,0
1259884,2,2021,2021,0,0,7,125,31,438,2149,0,1,10,-33.838011,151.026979,21,0,2,1,1,0,0,0,2,2,7,60,2,14295,14295,3,9,13,2,0,0,1,0
1259888,4,2021,2021,4,2,11,30,27,6,39,0,1,1,-35.43891,149.379383,58,1,0,0,0,0,0,0,0,0,7,100,1,1259,5151,8,10,40,1,0,1,0,1
1259889,2,2021,2021,3,6,10,2209,17,19,2205,0,1,9,-34.803589,150.656321,63,2,1,1,1,0,0,0,0,0,0,80,2,4552,985,8,30,40,1,0,0,1,0
1259890,4,2021,2021,7,5,10,204,31,252,34609,1,0,10,-33.889598,151.215045,69,0,2,1,2,0,0,0,0,2,7,40,0,395,395,1,22,39,2,0,1,0,0
1259891,4,2021,2021,7,0,2,294,17,9,288,0,1,1,-35.079296,147.091484,75,1,0,1,1,0,0,0,0,0,7,100,2,3775,3775,0,29,2,2,0,1,1,0
1259894,2,2021,2021,0,1,6,3371,17,15,3342,0,1,2,-29.519686,153.197992,18,1,0,1,0,0,3,4,2,0,7,110,2,1282,1282,1,30,13,2,0,0,1,0
1259895,2,2021,2021,0,2,11,47,31,117,84,0,1,2,-28.169165,153.543719,72,2,1,1,2,0,0,0,0,0,9,50,1,2040,2040,9,5,28,2,0,0,1,0
1259898,1,2021,2021,0,2,6,8,31,86,34609,1,0,1,-33.739613,151.217459,50,0,2,1,0,0,0,0,2,0,7,50,0,9859,9859,1,5,0,2,0,0,0,2
1259899,1,2021,2021,3,0,3,81,27,66,34609,1,0,9,-32.924601,151.656398,37,0,2,1,1,0,0,0,2,0,7,60,0,775,775,4,5,12,2,0,0,0,1
1259901,2,2021,2021,3,4,6,79,31,562,34609,0,1,10,-32.245515,148.606642,22,2,1,1,1,0,0,0,2,1,8,50,0,1220,1220,9,10,28,2,0,0,1,0
1259906,2,2021,2021,7,5,9,37,23,443,78,0,1,1,-33.909415,151.074397,67,0,2,1,3,0,0,0,0,0,7,60,2,1981,1981,4,0,13,2,0,0,1,0
1259908,2,2021,2021,7,3,9,348,17,10,232,0,1,2,-32.68065,149.692848,44,1,0,0,3,0,3,4,3,0,7,100,2,4552,5151,8,5,40,1,0,0,1,0
1259910,1,2021,2021,7,0,7,866,17,314,793,0,1,9,-33.851014,150.943955,24,0,2,1,3,0,0,0,2,0,0,70,2,6545,6545,4,5,5,2,0,0,0,1
1259911,1,2021,2021,0,4,8,3371,17,20,3342,0,1,2,-33.077473,151.650882,37,0,2,1,3,0,0,0,2,0,7,70,2,14295,14295,3,5,13,2,0,0,0,1
1259912,1,2021,2020,2,2,3,330,23,293,112,1,0,9,-33.936958,151.238474,59,0,2,1,3,0,0,0,1,0,15,50,2,5929,5929,1,30,5,2,0,0,0,1
1259914,2,2021,2021,7,6,3,205,27,161,415,0,1,10,-33.727834,151.164633,36,0,2,1,3,0,0,0,1,2,7,60,2,6545,6545,4,5,13,2,0,0,2,0
1259916,2,2021,2021,7,4,7,32,27,19,34609,0,1,1,-33.419934,149.971308,40,1,0,0,0,0,0,3,2,0,7,100,0,2585,4009,8,16,40,1,0,0,1,0
1259917,2,2021,2021,3,1,11,157,17,123,158,0,1,10,-33.834001,148.686283,51,2,1,1,2,0,0,0,0,2,7,50,2,6545,6545,4,5,0,2,0,0,2,0
1259922,2,2021,2021,4,6,8,14,1,40,2149,0,1,9,-33.70476,150.529619,8,2,2,0,1,0,3,4,2,0,15,80,2,1957,4009,8,30,40,1,0,0,1,0
1259924,1,2021,2021,7,4,4,95,27,50,605,0,1,1,-33.642041,151.330993,50,0,2,0,1,0,0,0,2,0,7,60,2,3775,3775,0,5,36,2,0,0,0,1