Crash ID,Degree of crash - detailed,Reporting year,Year of crash,Month of crash,Day of week of crash,Two-hour intervals,Street of crash,Street type,Town,Route no.,School zone location,School zone active,Type of location,Latitude,Longitude,LGA,Urbanisation,Conurbation 1,Alignment,Street lighting,Road surface,Surface condition,Weather,Natural lighting,Signals operation,Other traffic control,Speed limit,Road classification,RUM - code,DCA - code,First impact type,Key TU type,Other TU type,No. of traffic units involved,No. killed,No. seriously injured,No. moderately injured,No. minor-other injured
1259925,1,2021,2021,3,3,5,37,1,64,34609,0,1,10,-33.699677,150.745109,55,0,2,1,3,0,0,0,2,0,0,70,0,10,10,4,5,5,2,0,0,0,2
1259926,2,2021,2021,7,2,5,28,1,251,93,1,0,9,-33.761507,150.942865,7,0,2,1,0,0,0,0,2,0,7,60,1,5929,5929,1,5,5,2,0,0,1,0
1259927,2,2021,2021,3,1,6,46,27,2,20,0,1,1,-35.295932,146.522282,51,1,0,1,0,0,0,0,2,0,7,100,1,9859,9859,8,29,40,1,0,0,1,0
1259929,2,2021,2021,7,0,5,50,27,125,51,0,1,7,-33.854102,151.077496,67,0,2,1,3,0,3,4,2,3,7,60,1,14295,14295,3,5,0,3,0,0,1,0
1259931,2,2021,2021,3,0,7,1,10,19,34609,0,1,7,-31.45563,152.827837,56,2,1,1,1,0,0,3,2,0,0,60,0,6545,6545,4,5,7,2,0,0,1,0
1259932,4,2021,2021,3,0,6,171,1,57,104,0,1,9,-33.945378,151.221638,4,0,2,0,1,0,0,0,2,2,8,70,2,5929,5929,1,5,19,2,0,1,0,0
1259934,2,2021,2021,7,6,2,192,10,84,114,1,0,1,-33.469387,151.393427,16,2,2,1,2,0,3,3,0,2,9,60,2,4026,4026,8,5,40,1,0,0,1,0
1259936,2,2021,2021,0,2,8,12,27,58,43,0,1,9,-28.573448,153.532775,10,2,1,0,3,0,0,0,2,0,7,80,1,14295,14295,3,5,0,2,0,0,1,0
1259937,4,2021,2021,7,2,5,54,27,70,34609,0,1,9,-33.977225,151.10038,25,0,2,1,0,0,0,0,2,0,0,50,0,926,926,4,0,5,2,0,1,1,0
1259939,2,2021,2021,7,1,6,3,6,57,34609,0,1,1,-33.340246,151.432236,16,2,2,1,1,0,0,0,2,0,7,50,0,1282,1282,1,5,40,2,0,0,2,0
1259946,4,2021,2021,7,5,8,230,27,47,284,0,1,9,-33.809219,151.155814,38,0,2,0,0,0,0,0,2,0,7,60,2,5929,5929,1,5,27,2,0,1,0,0
1259950,2,2021,2021,0,1,8,64,27,175,284,0,1,1,-33.775683,151.060281,54,0,2,1,3,0,0,0,0,0,7,60,2,14295,14295,3,5,0,2,0,0,1,0
1259951,2,2021,2021,7,1,3,10,31,189,34609,0,1,9,-33.938446,151.048615,15,0,2,1,0,0,3,4,1,0,7,50,0,2040,2040,9,5,28,2,0,0,1,0
1259952,4,2021,2021,0,2,6,3,27,131,34609,0,1,10,-33.779514,151.176287,36,0,2,1,0,0,0,0,2,0,15,50,0,6545,6545,4,21,36,2,0,1,0,0
1259954,4,2021,2021,3,2,9,2261,17,284,2252,0,1,9,-33.906808,151.018351,15,0,2,1,0,0,0,0,2,0,7,70,2,1383,1383,1,5,5,2,0,1,0,0
1259955,1,2021,2021,0,0,4,1052,14,77,928,0,1,3,-33.523207,151.195974,16,1,2,0,0,0,2,6,2,0,7,90,2,14295,14295,3,0,36,4,0,0,0,1
1259957,2,2021,2021,7,0,5,43,27,273,87,0,1,9,-34.440195,150.890908,80,0,2,1,1,0,0,0,2,2,7,80,2,2852,2852,4,10,5,2,0,0,1,0
1259958,2,2021,2021,3,5,10,8,31,445,34609,1,0,9,-33.86083,151.044923,21,0,2,1,2,0,3,4,0,0,7,50,0,1220,1220,9,0,28,2,0,0,1,0
1259959,2,2021,2021,3,3,3,12,27,18,42,0,1,1,-33.539885,150.755886,29,2,2,1,1,0,0,1,2,0,7,60,1,1981,1981,4,0,13,2,0,0,1,0
1259963,2,2021,2021,7,0,7,7,18,562,34609,0,1,2,-32.262409,148.628377,22,2,1,1,1,2,0,0,2,0,7,40,0,9859,9859,1,5,34,2,0,0,2,0
1259968,4,2021,2021,7,1,4,78,27,147,78,0,1,10,-33.870551,151.129169,14,0,2,1,1,0,0,0,2,2,9,50,2,2040,2040,9,0,28,2,0,1,0,0
1259969,2,2021,2021,7,0,8,2,27,39,34609,0,1,1,-33.551075,150.866917,29,2,2,1,0,0,0,3,2,0,7,70,0,3775,3775,0,34,0,2,0,0,2,0
1259972,1,2021,2021,7,3,0,500,27,204,799,0,1,10,-33.904703,151.128568,32,0,2,1,2,0,0,0,0,2,7,60,2,3775,3775,0,30,19,2,0,0,0,1
1259973,4,2021,2021,7,2,4,475,31,523,34609,1,0,10,-33.920353,150.925339,41,0,2,1,1,0,0,0,2,2,7,30,0,2040,2040,9,10,28,2,0,1,0,0
1259975,4,2021,2021,3,1,4,71,27,69,122,0,1,2,-34.551502,150.860294,62,0,2,1,1,0,0,0,2,0,7,70,2,14295,14295,3,5,5,3,0,1,1,0
1259976,2,2021,2021,0,1,8,2126,17,438,2149,0,1,9,-33.841171,151.035577,21,0,2,1,3,0,0,0,2,2,7,60,2,14295,14295,3,34,12,2,0,0,1,0
1259977,4,2021,2021,4,4,8,829,27,125,770,0,1,9,-33.826204,151.12614,61,0,2,1,0,0,3,4,2,0,7,60,2,515,515,1,0,19,2,0,1,0,0
1259978,2,2021,2021,0,4,10,2261,17,34,2252,0,1,2,-34.80084,149.612379,26,1,0,1,3,0,0,0,0,0,7,110,2,9859,9859,8,29,40,1,0,0,1,0
1259984,1,2021,2021,0,1,5,195,27,20,186,0,1,10,-33.935734,150.843262,41,0,2,1,3,0,0,0,2,2,7,70,2,14295,14295,3,10,0,2,0,0,0,2
1259986,1,2021,2020,9,0,9,41,31,145,34609,0,1,1,-33.928895,151.065617,15,0,2,1,0,0,0,0,2,0,7,50,0,9859,9859,8,16,40,1,0,0,0,2
1259987,2,2021,2021,7,4,5,7,1,30,34609,0,1,1,-34.496738,150.819023,80,0,2,1,3,0,0,0,2,0,7,50,0,9859,9859,1,5,0,2,0,0,1,0
1259990,1,2021,2021,0,6,8,147,27,224,605,0,1,10,-33.824824,151.234371,45,0,2,1,3,0,3,4,2,0,7,60,2,14295,14295,3,5,25,3,0,0,0,1
1259991,2,2021,2021,7,5,8,194,31,309,702,0,1,2,-33.816541,151.102665,61,0,2,0,2,0,0,0,3,0,7,60,2,14295,14295,3,5,5,2,0,0,1,0
1259992,4,2021,2021,7,6,5,57,27,58,75,0,1,1,-33.473134,151.287801,16,2,2,0,0,0,0,0,2,0,7,80,1,1669,1669,3,16,5,2,0,1,0,0
1259993,4,2021,2021,0,2,2,213,17,132,213,0,1,1,-29.774218,151.099556,33,2,1,0,2,0,0,0,0,0,7,50,2,4552,5151,8,10,40,1,0,1,0,0
1259997,2,2021,2021,0,4,4,2209,17,40,2205,0,1,2,-34.698753,150.842745,35,2,1,0,3,0,0,0,2,0,7,80,2,4552,5151,8,0,40,1,0,0,1,0
1260004,2,2021,2021,7,6,10,255,27,71,166,0,1,1,-33.262629,151.524633,16,2,2,0,2,0,0,0,0,0,7,50,2,4552,5151,8,10,40,1,0,0,1,0
1260011,4,2021,2021,0,2,8,126,27,74,168,0,1,9,-34.060959,150.783302,13,0,2,1,1,0,0,0,2,2,7,80,2,1669,1669,3,5,5,3,0,1,0,0
1260013,1,2021,2020,2,6,3,3371,17,24,3342,0,1,2,-32.651624,151.888959,57,1,0,1,1,0,0,0,2,0,7,110,2,9859,9859,8,30,40,1,0,0,0,1
1260017,2,2021,2021,7,0,9,107,22,346,144,1,0,9,-33.874712,151.093837,9,0,2,1,2,0,0,0,3,2,7,60,2,14295,14295,3,5,0,2,0,0,1,0
1260020,4,2021,2021,7,0,8,6,31,87,34609,0,1,7,-34.483256,150.419265,78,2,1,1,1,0,0,0,2,0,7,50,0,6545,6545,4,5,19,2,0,1,0,0
1260024,2,2021,2021,0,1,5,3,10,31,34609,0,1,1,-31.121445,150.905623,70,2,1,1,1,0,0,0,2,0,7,50,0,1282,1282,1,16,40,1,0,0,1,0
1260025,4,2021,2021,0,4,7,2,10,60,34609,0,1,1,-34.023348,150.733305,12,0,2,1,1,0,0,0,2,0,7,50,0,340,340,9,0,28,2,0,1,0,0
1260027,2,2021,2021,3,5,7,10,31,445,34609,0,1,10,-33.856155,151.050339,21,0,2,1,1,0,0,0,2,0,15,50,0,6545,6545,4,30,5,2,0,0,1,0
1260030,2,2021,2021,0,1,11,196,10,70,168,0,1,1,-33.907935,150.981896,15,0,2,1,2,0,0,0,0,0,7,60,2,1383,1383,1,5,13,4,0,0,1,0
1260031,2,2021,2021,3,1,5,157,17,7,158,0,1,1,-34.129911,145.249085,51,1,0,1,0,0,0,0,2,0,7,110,2,9859,9859,8,5,40,1,0,0,1,0
1260037,2,2021,2020,9,2,11,280,10,237,240,0,1,9,-33.877347,150.965762,24,0,2,1,2,0,0,0,0,2,7,60,2,926,926,4,5,5,2,0,0,1,0
1260038,2,2021,2021,0,2,9,1,1,25,34609,0,1,1,-33.867676,151.224199,69,0,2,1,0,0,0,0,2,0,7,10,0,4026,4026,8,5,40,1,0,0,1,0
1260039,2,2021,2021,4,3,4,6,31,179,34609,0,1,9,-33.758936,150.716119,55,0,2,1,1,0,0,0,2,0,7,50,0,2040,2040,9,0,28,2,0,0,1,0
1260040,4,2021,2021,7,2,10,120,36,10,148,0,1,1,-30.502892,152.247309,1,1,0,1,0,0,3,0,0,0,7,100,2,404,404,8,10,40,1,0,1,0,0
1260043,1,2021,2021,3,1,6,65,31,609,115,0,1,10,-33.776623,150.901574,7,0,2,1,2,0,0,0,2,2,7,60,2,14295,14295,3,10,5,2,0,0,0,1
1260047,4,2021,2021,3,3,10,20,27,61,93,0,1,9,-33.750038,150.897616,7,0,2,1,2,0,0,0,0,0,9,50,1,1220,1220,9,5,28,3,0,2,0,0
1260048,4,2021,2021,4,0,4,475,10,83,268,0,1,9,-33.874737,150.838882,24,0,2,0,0,0,3,4,2,0,7,70,2,3775,3775,0,5,0,2,0,1,1,0
1260049,4,2021,2021,0,2,4,3371,17,35,3342,0,1,2,-30.530632,152.991586,6,1,0,0,0,0,0,0,2,0,7,110,2,1259,5151,8,9,40,1,0,1,0,0
1260050,4,2021,2021,3,2,8,15,27,9,34609,0,1,1,-33.394956,149.49292,3,1,0,0,0,0,0,0,2,0,7,100,0,4552,5151,8,16,40,1,0,2,0,0
1260051,2,2021,2021,0,2,2,161,17,10,161,0,1,1,-35.537172,148.296245,66,1,0,0,0,0,0,0,0,0,7,100,2,1089,1089,7,16,40,1,0,0,1,0
1260052,4,2021,2021,3,2,7,62,31,387,34609,0,1,1,-33.933646,151.200602,4,0,2,1,1,0,3,4,2,0,7,50,0,4026,4026,1,5,25,2,0,1,0,0
1260053,2,2021,2021,3,0,6,46,27,304,39,0,1,9,-33.910116,151.155486,32,0,2,1,1,0,0,0,2,0,9,40,1,2040,2040,9,5,28,2,0,0,1,0
1260056,4,2021,2021,3,4,7,4,27,4,34609,0,1,1,-29.648557,152.88621,18,1,0,0,0,0,3,4,2,0,7,100,0,2585,4009,8,5,40,1,0,1,0,0
1260057,2,2021,2021,7,4,5,7,31,93,143,0,1,1,-33.404823,149.599253,3,2,1,1,0,0,0,6,2,0,7,50,2,14295,14295,3,9,0,2,0,0,1,0
1260059,2,2021,2021,7,6,6,99,31,237,105,0,1,9,-33.871948,150.946075,24,0,2,1,1,0,0,0,2,0,15,60,1,1981,1981,4,22,41,2,0,0,1,0
1260061,4,2021,2021,0,4,3,2209,17,106,2205,0,1,9,-34.563173,150.797864,62,0,2,1,0,0,0,0,1,2,7,60,2,591,591,1,17,13,2,0,1,0,0
1260062,4,2021,2021,4,6,10,78,17,39,75,0,1,8,-33.844949,151.211979,49,0,2,1,2,0,3,4,0,0,7,40,2,41,41,8,5,40,1,0,1,0,0
1260065,2,2021,2021,0,4,5,78,31,70,34609,0,1,1,-34.035164,151.087332,68,0,2,1,3,0,0,0,2,0,7,50,0,248,248,1,5,5,2,0,0,1,0
1260066,2,2021,2021,7,3,8,24,27,65,78,0,1,1,-33.567377,150.127502,40,2,1,0,0,0,0,0,2,0,7,80,2,2585,4009,8,16,40,1,0,0,1,0
1260078,1,2021,2021,0,0,9,1104,14,142,962,0,1,3,-33.827182,150.994172,21,0,2,1,3,0,0,0,0,0,7,90,2,14295,14295,3,5,5,3,0,0,0,1
1260080,2,2021,2021,7,6,3,11,27,59,34609,0,1,1,-33.153469,151.513394,37,0,2,1,3,0,3,3,1,0,7,80,0,3775,3775,0,10,5,2,0,0,1,0
1260082,1,2021,2021,0,3,5,11,27,9,34609,0,1,1,-31.927948,151.288821,73,1,0,0,3,2,0,0,2,0,7,100,0,380,714,5,5,40,1,0,0,0,1
1260083,1,2021,2021,3,6,8,36,31,225,34609,0,1,9,-33.790787,151.181125,77,0,2,1,3,0,0,0,2,0,7,50,0,2852,2852,4,19,5,2,0,0,0,1
1260084,1,2021,2021,3,5,7,866,17,187,793,0,1,2,-33.796112,150.988455,54,0,2,1,3,0,0,0,2,0,7,70,2,1282,1282,1,0,10,5,0,0,0,1
1260088,1,2021,2021,7,6,4,12,1,123,25,1,0,1,-33.909794,151.225396,59,0,2,1,3,0,0,0,2,0,7,50,1,14295,14295,3,0,5,2,0,0,0,2
1260090,4,2021,2020,9,6,7,82,27,12,34,0,1,1,-28.594758,153.070915,51,2,1,0,0,0,0,0,2,0,7,80,1,1850,1463,5,16,40,1,0,1,0,0
1260092,2,2021,2021,4,0,11,2,17,24,34609,0,1,1,-36.237069,150.107086,23,2,1,0,0,0,0,0,0,0,7,80,0,4552,5151,8,10,40,1,0,0,1,0
1260093,4,2021,2021,0,2,7,24,27,19,8,0,1,1,-28.888915,153.261279,39,1,0,0,0,0,0,0,2,0,7,100,1,4552,5151,8,0,40,1,0,1,1,1
1260095,4,2021,2021,7,4,9,1,25,42,34609,0,1,1,-33.866937,150.845768,24,0,2,1,0,0,0,0,2,0,7,50,0,1089,1089,7,16,40,1,0,1,0,0
1260096,2,2021,2021,7,6,6,14,27,133,34609,0,1,10,-34.503415,150.789395,80,0,2,1,1,0,0,0,2,0,0,50,0,4552,985,8,0,40,2,0,0,1,0
1260106,4,2021,2021,0,0,1,2261,17,20,2252,0,1,2,-35.492713,147.565566,75,1,0,0,2,0,0,0,0,0,7,110,2,404,404,8,8,40,1,0,1,0,0
1260108,2,2021,2021,0,3,7,2261,17,70,2252,0,1,9,-34.696844,150.023009,26,1,0,1,0,0,0,0,2,0,0,110,2,1109,397,1,30,2,2,0,0,2,0
1260110,4,2021,2021,7,4,7,916,17,6,917,0,1,1,-29.688097,151.760861,51,1,0,1,0,0,0,0,2,0,7,100,2,945,945,5,11,40,1,0,1,0,0
1260112,2,2021,2021,7,6,0,16,10,67,22,1,0,1,-33.386319,151.349501,16,2,2,1,2,0,0,0,0,0,7,50,1,9859,9859,1,9,13,2,0,0,1,0
1260113,2,2021,2021,0,4,9,255,27,20,76,0,1,1,-32.93678,151.679935,37,0,2,1,0,0,0,0,2,0,7,60,1,4026,4026,1,10,5,3,0,0,1,0
1260114,2,2021,2021,7,3,1,20,27,49,45,0,1,1,-34.408909,148.660326,30,1,0,1,0,0,3,4,0,0,7,100,1,475,475,5,5,40,1,0,0,1,0
1260116,2,2021,2021,0,0,7,1,1,460,34609,0,1,1,-33.843543,150.997556,21,0,2,1,1,0,3,0,2,0,7,50,0,9859,9859,1,5,5,2,0,0,1,0
1260120,2,2021,2021,0,5,8,92,27,21,36,0,1,9,-35.73279,150.20049,23,2,1,0,1,0,0,0,2,0,0,50,1,2585,4009,8,5,40,1,0,0,1,1
1260122,1,2021,2020,1,6,6,196,36,2,15,0,1,1,-34.154535,148.269322,30,1,0,1,0,0,0,0,2,0,7,100,1,945,945,5,5,40,1,0,0,0,2
1260123,2,2021,2021,0,6,8,5,31,47,212,0,1,1,-35.256487,149.442404,58,2,1,1,1,0,0,0,2,0,7,50,2,1220,1220,9,0,28,2,0,0,1,0
1260124,1,2021,2021,3,5,4,15,31,172,34609,0,1,10,-32.754455,151.592815,42,2,1,1,1,0,3,4,2,0,15,50,0,6545,6545,4,0,5,3,0,0,0,2
1260133,2,2021,2021,7,5,8,35,27,21,96,1,0,7,-32.958312,151.679829,37,0,2,1,1,0,0,0,2,0,0,60,2,14295,14295,3,5,0,2,0,0,1,0
1260137,2,2021,2021,0,0,10,3371,17,38,3342,0,1,2,-30.252361,153.13196,19,2,1,1,2,0,0,0,0,0,7,80,2,1192,1192,1,9,36,3,0,0,1,1
1260138,4,2021,2021,7,4,4,191,27,193,208,0,1,9,-33.792103,151.089377,61,0,2,1,1,0,0,0,2,2,7,60,2,2852,2852,4,0,5,2,0,1,0,0
1260139,2,2021,2021,7,0,4,35,27,31,231,0,1,9,-33.500568,151.330871,16,2,2,1,1,0,3,4,2,0,0,60,2,150,150,4,5,19,2,0,0,1,0
1260140,2,2021,2021,7,5,8,334,17,19,308,0,1,7,-31.462626,152.823909,56,2,1,1,0,0,0,0,2,0,0,60,2,2852,2852,4,0,19,2,0,0,1,0
1260143,2,2021,2021,7,1,7,10,27,42,91,0,1,10,-35.341004,149.244012,58,2,1,1,0,0,0,0,2,0,0,60,2,6545,6545,4,5,5,2,0,0,1,0
1260146,2,2021,2021,0,5,8,34,31,433,34609,1,0,10,-33.278312,149.115378,52,2,1,1,2,0,0,6,3,0,15,50,0,5929,5929,1,10,5,2,0,0,1,0
1260147,4,2021,2021,7,5,5,135,17,8,136,0,1,1,-36.075544,147.024096,0,2,1,1,0,0,0,0,2,0,7,80,2,9859,9859,8,5,40,1,0,1,0,0
1260148,1,2021,2021,7,1,6,205,27,161,415,0,1,2,-33.714709,151.174035,36,0,2,1,1,0,0,0,2,0,7,60,2,190,190,1,22,13,2,0,0,0,1
1260152,4,2021,2021,7,6,4,34,31,35,18,0,1,9,-33.816847,151.205397,77,0,2,1,1,0,0,3,2,0,7,60,1,1669,1669,3,0,13,2,0,1,0,0
1260156,4,2021,2021,3,4,6,348,17,2,232,0,1,1,-33.348503,150.038373,40,1,0,0,0,0,0,0,2,0,7,100,2,1957,4009,8,10,40,1,0,1,0,0
1260157,2,2021,2021,0,0,8,5,31,433,34609,0,1,2,-33.285915,149.101143,52,2,1,1,1,0,0,0,2,0,7,50,0,1981,1981,4,5,27,2,0,0,1,0
1260161,1,2021,2021,7,1,8,13,27,159,34609,0,1,7,-33.814846,151.087921,61,0,2,1,1,0,3,4,2,0,0,50,0,14295,14295,3,10,36,2,0,0,0,1
1260168,4,2021,2021,3,4,9,916,17,32,917,0,1,1,-30.28728,151.689725,1,1,0,0,0,0,3,4,3,0,7,100,2,96,96,0,5,2,2,0,1,0,0
1260169,4,2021,2021,7,4,10,5,36,80,34609,0,1,9,-34.553112,146.386505,51,2,1,1,2,0,0,0,0,0,0,60,0,9859,9859,8,5,40,1,0,1,0,0
1260170,4,2021,2021,3,1,8,485,31,169,769,0,1,1,-33.598432,150.754348,29,2,2,1,1,0,0,0,2,0,7,60,2,1981,1981,4,10,21,2,0,1,0,0
1260171,4,2021,2021,7,3,9,829,27,125,770,0,1,2,-33.837763,151.132508,51,0,2,0,2,0,3,4,0,0,7,70,2,1259,5151,8,5,40,1,0,1,0,0
1260172,4,2021,2021,7,6,6,30,27,133,34609,0,1,1,-33.931381,151.015137,15,0,2,1,0,0,0,0,2,0,7,50,0,3775,3775,0,5,0,2,0,1,2,0
1260174,2,2021,2021,7,0,2,4,23,58,80,0,1,1,-32.97657,151.670716,37,0,2,1,2,0,3,4,0,0,7,60,1,9859,9859,8,0,40,1,0,0,1,0
1260175,2,2021,2021,3,3,10,293,31,112,769,0,1,9,-33.610332,150.8173,29,2,2,1,3,0,0,0,0,0,7,60,2,1850,777,5,16,40,1,0,0,1,0
1260177,1,2021,2021,3,5,10,83,31,523,34609,0,1,1,-33.915871,150.922517,41,0,2,1,2,0,0,0,3,0,7,50,0,1220,1220,9,5,28,2,0,0,0,1
1260178,2,2021,2021,3,6,4,17,1,646,11,0,1,1,-33.923922,151.031104,15,0,2,1,3,0,0,0,2,0,7,60,1,1981,1981,4,5,5,2,0,0,1,0
1260179,2,2021,2021,7,0,11,2261,17,346,2252,0,1,9,-33.88553,151.094044,9,0,2,0,2,0,3,4,0,0,7,60,2,4552,5151,8,5,40,1,0,0,1,0
1260181,2,2021,2021,7,1,3,20,27,132,148,0,1,1,-34.066786,151.056866,68,0,2,0,1,0,0,0,2,0,7,60,2,1850,1463,5,16,40,1,0,0,1,0
1260183,1,2021,2021,7,4,4,26,1,137,34609,0,1,10,-33.910439,151.204291,69,0,2,1,3,0,0,0,2,0,15,50,0,6545,6545,4,5,0,2,0,0,0,1
1260187,4,2021,2021,3,6,2,169,27,22,12,0,1,1,-33.452859,150.882572,71,0,2,0,0,0,3,4,0,0,7,60,1,2585,4009,8,10,40,1,0,1,0,0
1260188,2,2021,2021,7,1,9,3,7,30,34609,0,1,9,-33.264107,151.431061,16,2,2,0,1,0,0,0,2,0,0,50,0,1850,1463,5,16,40,1,0,0,1,0
1260196,1,2021,2021,7,0,9,8,27,5,34609,0,1,1,-32.246499,152.472319,43,2,1,0,0,0,0,0,0,0,7,50,0,4552,5151,8,5,40,1,0,0,0,1
1260198,2,2021,2021,7,0,8,7,27,168,34609,0,1,9,-33.700633,150.817574,7,0,2,1,0,0,0,0,2,0,0,50,0,5929,5929,1,5,5,2,0,0,1,0
1260199,4,2021,2021,3,3,4,348,31,523,34609,0,1,10,-33.922065,150.92012,41,0,2,1,1,0,2,0,2,0,15,50,0,6545,6545,4,5,13,2,0,1,0,0
1260203,1,2021,2021,7,4,8,251,27,64,212,0,1,9,-33.759843,151.218754,50,0,2,0,0,0,0,0,2,0,7,70,2,5929,5929,1,0,5,2,0,0,0,1
1260204,1,2021,2021,7,2,9,175,27,86,220,0,1,9,-33.738528,150.917991,7,0,2,1,3,0,3,4,3,2,7,70,2,14295,14295,3,0,5,3,0,0,0,1
1260208,2,2021,2021,0,5,8,2261,17,68,2252,0,1,2,-34.786045,148.850747,82,1,0,0,3,0,0,0,2,0,7,110,2,380,714,5,30,40,1,0,0,1,0
1260209,4,2021,2021,7,0,6,71,36,234,139,0,1,10,-34.285165,146.024719,28,2,1,1,1,0,0,0,2,0,0,50,2,6545,6545,4,9,19,2,0,1,0,0
1260210,1,2021,2021,0,1,9,2126,17,445,2149,0,1,9,-33.853931,151.05969,21,0,2,1,3,0,0,0,0,0,7,60,2,14295,14295,3,5,0,3,0,0,0,1
1260211,1,2021,2020,9,2,7,255,27,66,172,0,1,10,-32.93211,151.652876,37,0,2,1,3,0,0,0,2,2,7,60,2,926,926,4,0,13,2,0,0,0,1
1260214,2,2021,2021,0,1,10,255,27,20,76,0,1,9,-32.93621,151.672264,37,0,2,0,3,0,3,0,0,0,0,60,1,1282,1282,1,0,5,2,0,0,1,0
1260216,2,2021,2021,0,2,5,23,27,523,23,0,1,1,-33.922004,150.908398,41,0,2,1,3,0,0,0,2,0,7,60,1,14295,14295,3,0,25,3,0,0,1,0
1260219,1,2021,2021,0,4,10,387,27,290,331,0,1,9,-33.95866,151.117701,4,0,2,1,3,0,0,0,0,0,7,60,2,1669,1669,3,0,5,2,0,0,0,1
1260220,1,2021,2021,4,0,9,31,31,445,34609,0,1,9,-33.859333,151.04953,21,0,2,1,3,0,0,0,2,0,7,50,0,2852,2852,4,9,33,2,0,0,0,1
1260222,4,2021,2021,0,5,2,515,14,166,518,0,1,3,-33.9465,150.971878,15,0,2,1,3,0,0,0,0,0,7,100,2,14295,14295,3,5,5,4,0,1,0,0
1260223,1,2021,2021,7,6,7,213,17,7,213,0,1,1,-29.63002,152.750294,18,1,0,0,3,0,0,3,2,0,7,100,2,323,323,1,5,13,2,0,0,0,1
1260224,1,2021,2021,7,4,7,2,31,73,34609,0,1,9,-33.889195,151.163516,32,0,2,1,3,0,3,3,2,0,7,50,0,1945,1945,5,15,40,1,0,0,0,1
1260229,2,2021,2021,4,4,6,3371,17,58,3342,0,1,2,-32.782494,151.736314,57,2,1,1,3,0,3,4,2,0,7,70,2,14295,14295,3,10,0,2,0,0,1,0
1260231,4,2021,2021,0,1,6,14,22,82,605,0,1,9,-33.788456,151.265736,50,0,2,0,1,0,0,0,2,2,9,60,1,5929,5929,1,5,12,2,0,3,0,1
1260232,1,2021,2020,9,0,6,103,36,7,157,0,1,1,-29.146284,152.99558,60,1,0,1,0,0,0,0,2,0,7,100,2,9859,9859,8,8,40,1,0,0,0,1
1260235,2,2021,2021,0,6,7,35,31,44,34609,0,1,10,-32.051675,150.873308,73,2,1,1,1,0,0,0,2,0,0,50,0,5929,5929,1,0,5,2,0,0,2,0
1260236,2,2021,2021,0,6,7,7,27,2,48,0,1,1,-32.368341,151.875309,43,2,1,0,0,0,0,0,2,0,7,80,1,4552,5151,8,8,40,1,0,0,1,0
1260240,2,2021,2021,0,0,6,1,27,10,34609,0,1,1,-30.929092,150.906722,70,2,1,1,0,2,0,0,2,0,7,60,0,1945,1945,5,16,40,1,0,0,1,0
1260246,1,2021,2021,0,2,1,7,31,133,34609,0,1,1,-34.511267,150.791831,80,0,2,1,2,0,0,0,0,0,7,50,0,9859,9859,1,9,13,3,0,0,0,1
1260247,2,2021,2021,3,5,5,5,31,136,34609,0,1,9,-33.91259,151.069275,15,0,2,1,1,0,0,0,2,0,7,50,0,2040,2040,9,5,28,2,0,0,1,0
1260250,1,2021,2021,7,2,5,15,27,22,34609,0,1,1,-35.135978,149.959502,26,2,1,1,0,0,0,0,2,0,7,80,0,1089,1089,7,16,40,1,0,0,0,1
1260252,1,2021,2020,10,1,6,37,31,137,34609,0,1,2,-32.965055,151.692664,37,0,2,0,1,0,3,4,2,0,7,50,0,1259,5151,8,0,40,1,0,0,0,1
1260259,4,2021,2021,7,5,5,147,27,72,605,1,0,9,-33.830898,151.225054,49,0,2,1,0,0,3,4,2,0,7,60,2,515,515,1,10,19,2,0,1,0,0
1260260,4,2021,2021,0,1,9,147,27,104,605,0,1,9,-33.831566,151.222397,49,0,2,0,2,0,0,0,3,2,7,60,2,1220,1220,9,21,28,2,0,1,0,0
1260261,4,2021,2021,7,0,8,2126,17,62,2149,0,1,2,-33.886987,151.140928,32,0,2,1,1,0,0,0,2,0,7,60,2,14295,14295,3,16,5,2,0,1,0,0
1260262,2,2021,2021,0,0,6,31,27,21,33,0,1,1,-33.582462,150.658731,29,2,2,0,1,0,0,0,2,0,7,60,1,3775,3775,0,34,0,2,0,0,2,0
1260264,2,2021,2021,7,4,3,475,31,252,75,0,1,9,-33.880439,151.208864,69,0,2,1,1,0,0,0,2,2,7,40,1,5929,5929,1,5,0,2,0,0,1,0
1260265,2,2021,2021,3,4,9,916,17,179,917,0,1,10,-31.144677,150.9225,70,2,1,1,0,0,0,0,2,0,7,80,2,395,395,1,5,41,2,0,0,2,0
1260266,2,2021,2021,4,6,6,3371,17,30,3342,0,1,9,-32.610898,152.089161,43,1,0,1,2,0,0,0,2,0,0,100,2,5929,5929,1,5,19,2,0,0,1,0
1260271,2,2021,2021,7,6,8,16,31,25,34609,0,1,9,-33.86803,151.279049,76,0,2,1,0,0,0,0,2,0,7,50,0,2852,2852,4,5,27,2,0,0,1,0
1260273,1,2021,2021,0,3,7,69,31,9,20,0,1,10,-35.226017,146.725187,51,2,1,1,0,0,0,0,2,0,0,50,1,6545,6545,4,0,5,2,0,0,0,1
1260274,1,2021,2020,2,5,11,28,1,16,34609,0,1,1,-33.799809,151.209227,77,0,2,1,1,0,3,4,0,0,7,50,0,9859,9859,1,5,5,4,0,0,0,1
1260275,4,2021,2021,7,1,11,3371,17,149,3342,0,1,2,-33.344899,151.369175,16,2,2,1,2,0,3,4,0,0,7,60,2,9859,9859,8,0,40,1,0,1,1,0