Crash ID,Degree of crash - detailed,Reporting year,Year of crash,Month of crash,Day of week of crash,Two-hour intervals,Street of crash,Street type,Town,Route no.,School zone location,School zone active,Type of location,Latitude,Longitude,LGA,Urbanisation,Conurbation 1,Alignment,Street lighting,Road surface,Surface condition,Weather,Natural lighting,Signals operation,Other traffic control,Speed limit,Road classification,RUM - code,DCA - code,First impact type,Key TU type,Other TU type,No. of traffic units involved,No. killed,No. seriously injured,No. moderately injured,No. minor-other injured
1260277,2,2021,2021,0,1,7,9,27,9,34609,0,1,1,-34.951635,149.75932,26,1,0,1,0,0,0,0,2,0,7,100,0,9859,9859,8,0,40,1,0,0,1,1
1260280,1,2021,2021,3,6,10,4,27,9,34609,0,1,1,-32.898831,151.313497,17,2,1,0,0,0,0,0,3,0,7,80,0,4552,5151,8,5,40,1,0,0,0,1
1260282,4,2021,2021,3,0,7,149,36,40,113,0,1,1,-32.069724,152.481811,43,2,1,1,0,0,0,3,2,0,7,80,1,14295,14295,3,16,0,2,0,1,0,0
1260285,2,2021,2021,3,2,7,15,27,6,91,0,1,1,-34.867278,149.246164,74,1,0,1,1,0,0,0,2,0,7,100,1,9859,9859,8,0,40,1,0,0,1,0
1260286,2,2021,2021,3,5,8,10,27,2,34609,0,1,9,-34.06382,151.120479,68,0,2,1,0,0,3,0,2,0,0,50,0,6545,6545,4,18,19,3,0,0,1,0
1260287,2,2021,2021,3,2,7,916,17,172,917,0,1,2,-32.752792,151.586847,42,2,1,1,1,0,3,4,2,0,7,60,2,14295,14295,3,10,5,5,0,0,1,0
1260288,2,2021,2021,3,3,8,103,36,14,103,0,1,1,-32.331029,151.924275,43,2,1,1,0,0,0,0,2,0,7,80,1,323,323,1,16,13,2,0,0,1,0
1260289,2,2021,2021,7,2,6,9,27,8,228,0,1,1,-33.355946,150.969856,29,2,2,0,0,0,0,0,2,0,7,80,1,3775,3775,0,16,10,2,0,0,1,0
1260292,4,2021,2021,7,5,10,54,31,197,28,0,1,7,-33.952404,151.076965,25,0,2,1,3,0,0,0,0,0,0,50,1,775,775,4,5,5,2,0,1,0,0
1260293,4,2021,2021,3,1,6,2261,17,30,2252,0,1,3,-34.487908,150.312173,78,1,0,1,0,0,0,0,2,0,7,110,2,9859,9859,8,5,40,1,0,1,2,0
1260294,2,2021,2021,4,2,7,2209,17,19,2205,0,1,9,-34.787842,150.674307,63,2,1,1,1,0,0,0,2,0,7,80,2,5929,5929,1,5,19,2,0,0,1,1
1260295,2,2021,2021,3,3,4,481,17,8,483,0,1,9,-34.34303,147.082557,51,1,0,0,0,0,0,0,2,0,0,110,2,6545,6545,4,10,0,2,0,0,2,0
1260297,4,2021,2021,3,0,10,192,31,293,120,0,1,2,-33.93308,151.23787,59,0,2,1,2,0,0,0,0,0,7,60,2,1945,1945,5,22,40,1,0,1,0,0
1260298,2,2021,2021,4,1,7,3,27,13,24,1,0,9,-33.623182,151.052687,31,0,2,1,0,0,0,0,2,0,7,60,1,4026,4026,8,16,40,1,0,0,1,0
1260302,4,2021,2021,4,4,6,48,31,194,34609,0,1,7,-30.518415,151.656608,1,2,1,1,1,0,0,0,2,0,0,50,0,6545,6545,4,5,27,2,0,1,0,0
1260303,2,2021,2021,3,6,9,2261,17,34,2252,0,1,2,-34.788026,149.642227,26,1,0,1,0,0,0,0,3,0,7,110,2,1192,1192,1,8,35,2,0,0,1,0
1260305,2,2021,2021,4,3,4,21,31,157,34609,0,1,10,-33.801809,151.013254,54,0,2,1,1,0,0,0,2,0,15,50,0,6545,6545,4,0,0,2,0,0,2,1
1260310,1,2021,2021,7,1,4,26,10,370,68,0,1,10,-34.068159,150.802416,13,0,2,1,3,0,3,4,2,3,7,60,1,14295,14295,3,30,10,2,0,0,0,1
1260311,1,2021,2021,0,4,6,106,27,523,106,0,1,9,-33.927586,150.908539,41,0,2,1,3,0,0,0,2,2,7,60,2,623,623,3,8,0,2,0,0,0,1
1260312,1,2021,2021,0,2,5,485,27,232,769,0,1,10,-33.684046,150.916899,71,0,2,1,3,0,0,0,2,2,7,80,2,1391,1391,1,5,5,2,0,0,0,1
1260313,4,2021,2021,0,4,3,3371,17,44,3342,0,1,2,-30.624624,152.973565,47,1,0,1,3,0,3,4,2,0,7,110,2,4026,4026,8,10,40,1,0,1,0,0
1260314,1,2021,2021,0,5,11,85,27,363,145,0,1,9,-33.804286,151.026799,54,0,2,1,3,0,0,0,0,1,7,60,2,301,301,4,5,36,2,0,0,0,1
1260316,1,2021,2021,7,4,7,255,27,98,260,0,1,9,-33.00085,151.596012,37,0,2,1,3,0,0,0,2,0,7,60,2,926,926,4,5,0,2,0,0,0,1
1260318,1,2021,2021,0,4,10,20,22,121,49,0,1,1,-33.793895,151.286958,50,0,2,1,3,0,0,0,0,0,7,30,1,941,941,1,5,5,2,0,0,0,1
1260321,4,2021,2021,7,3,9,2,31,166,34609,0,1,0,-33.897082,151.179025,32,0,2,1,1,0,0,0,2,0,7,10,0,340,340,9,5,28,2,0,1,0,0
1260324,2,2021,2021,3,0,11,30,27,33,41,0,1,1,-33.985024,151.14215,4,0,2,1,2,0,0,0,0,0,7,60,1,9859,9859,1,5,5,4,0,0,1,0
1260329,4,2021,2021,0,4,8,30,31,149,34609,1,0,1,-33.858531,151.171073,32,0,2,1,0,0,0,0,2,0,9,40,0,4026,4026,8,0,40,1,0,1,0,0
1260330,2,2021,2021,7,0,6,125,27,43,144,0,1,2,-32.808222,151.849389,57,2,1,0,1,0,3,3,2,0,7,80,2,1957,4009,8,16,40,1,0,0,1,0
1260331,2,2021,2021,7,0,6,7,27,433,34609,0,1,1,-33.266147,149.117428,52,2,1,1,0,0,0,0,2,0,7,80,0,3775,3775,0,5,2,2,0,0,1,0
1260334,1,2021,2021,7,5,8,481,17,10,483,0,1,1,-29.70156,149.802739,51,1,0,1,0,0,0,0,2,0,7,110,2,3775,3775,0,26,10,2,0,0,0,1
1260336,2,2021,2021,3,5,8,916,17,10,917,1,0,10,-32.699028,151.454804,42,2,1,1,1,0,0,0,2,0,0,60,2,1669,1669,3,8,0,3,0,0,7,0
1260337,4,2021,2021,3,6,7,2261,17,252,2252,0,1,10,-33.956253,150.872726,41,0,2,1,1,0,3,4,2,2,7,70,2,6545,6545,4,5,5,2,0,1,0,0
1260341,1,2021,2021,7,1,8,204,27,246,8,0,1,9,-33.910256,151.195609,69,0,2,1,3,0,0,0,2,2,7,50,1,14295,14295,3,0,5,2,0,0,0,1
1260342,4,2021,2021,3,0,8,5,10,38,34609,0,1,1,-30.258312,153.131733,19,2,1,0,0,0,0,0,2,0,7,50,0,1259,5151,8,0,40,1,0,1,0,0
1260344,1,2021,2021,0,4,9,36,27,438,25,0,1,10,-33.848217,151.021454,21,0,2,1,2,0,0,0,2,2,7,50,1,5929,5929,1,5,5,3,0,0,0,1
1260345,4,2021,2021,7,6,3,153,27,290,147,0,1,9,-33.949764,151.122343,4,0,2,1,0,0,0,0,2,0,7,60,2,14295,14295,3,8,5,3,0,1,0,0
1260349,2,2021,2021,3,3,5,27,36,83,34609,0,1,9,-30.110002,153.190052,19,2,1,1,1,0,0,0,2,0,7,50,0,591,591,1,22,13,2,0,0,1,0
1260350,2,2021,2021,7,6,4,512,17,6,441,0,1,10,-31.83855,147.71904,51,2,1,1,3,0,0,0,2,0,0,60,2,6545,6545,4,5,5,2,0,0,1,0
1260352,2,2021,2021,0,2,5,14,31,215,34609,0,1,10,-35.113981,147.369744,75,2,1,1,1,0,0,0,2,2,7,50,0,6545,6545,4,22,5,2,0,0,1,0
1260359,4,2021,2021,0,5,0,2209,17,13,2205,0,1,1,-36.620735,149.848702,5,1,0,0,0,0,3,4,0,0,7,100,2,4552,5151,8,3,40,1,0,1,0,0
1260360,2,2021,2021,3,6,10,29,27,147,69,0,1,10,-33.870147,151.130927,14,0,2,1,2,0,3,3,0,2,7,60,2,6545,6545,4,0,5,2,0,0,2,0
1260361,4,2021,2021,0,5,10,34,27,8,83,0,1,1,-29.618671,152.997917,18,1,0,0,0,0,3,3,0,0,7,90,1,2585,4009,8,5,40,1,0,1,0,0
1260369,4,2021,2021,0,0,11,10,31,193,34609,0,1,1,-33.790941,151.084178,61,0,2,1,2,0,0,0,0,0,7,60,0,340,340,9,5,28,2,0,1,0,0
1260371,4,2021,2021,7,1,3,916,17,102,917,0,1,1,-31.110551,150.928281,70,2,1,0,1,0,0,3,2,0,7,80,2,1850,1463,5,16,40,1,0,1,0,0
1260372,4,2021,2021,4,5,4,40,31,363,34609,0,1,1,-33.812916,151.020804,54,0,2,1,1,0,0,0,2,0,7,50,0,1981,1981,4,0,27,2,0,1,0,0
1260377,4,2021,2021,4,3,2,330,23,293,112,0,1,10,-33.941589,151.239108,59,0,2,1,2,0,0,0,0,2,7,50,2,6545,6545,4,0,5,2,0,1,0,1
1260384,1,2021,2021,0,0,6,1052,14,59,928,0,1,3,-33.185552,151.467674,37,0,2,0,3,0,0,0,2,0,7,110,2,14295,14295,3,5,5,2,0,0,0,1
1260385,1,2021,2021,3,5,8,866,17,94,793,0,1,2,-33.880774,150.924495,24,0,2,1,3,0,0,0,2,0,7,70,2,14295,14295,3,9,5,2,0,0,0,1
1260387,1,2021,2021,0,2,7,230,27,175,284,0,1,1,-33.773862,151.085601,54,0,2,1,3,0,0,0,2,0,7,60,2,14295,14295,3,30,5,2,0,0,0,1
1260392,1,2021,2021,0,1,3,25,31,127,30,0,1,10,-33.894046,151.157422,32,0,2,1,3,0,0,0,2,2,7,60,1,6545,6545,4,0,36,2,0,0,0,1
1260398,1,2021,2021,7,2,4,829,27,124,770,0,1,2,-33.813803,151.051916,54,0,2,0,0,0,0,0,2,0,7,70,2,14295,14295,3,9,19,2,0,0,0,1
1260402,4,2021,2021,7,1,7,57,31,18,34609,0,1,10,-32.948926,151.662769,37,0,2,1,1,0,0,0,2,0,15,50,0,6545,6545,4,5,19,2,0,1,0,0
1260403,4,2021,2021,7,1,8,3,10,17,34609,0,1,1,-32.831396,151.634905,48,0,2,0,1,0,3,4,2,0,7,80,0,3775,3775,0,5,22,2,0,1,0,0
1260407,4,2021,2021,0,6,7,112,17,12,112,0,1,1,-31.564383,144.687519,51,1,0,1,0,0,0,0,2,0,7,110,2,945,945,5,0,40,1,0,1,1,0
1260410,2,2021,2021,7,3,6,192,10,84,25,0,1,1,-33.465426,151.412648,16,2,2,1,1,0,0,0,2,0,7,60,1,5929,5929,1,0,19,2,0,0,1,0
1260411,1,2021,2021,7,1,2,265,10,445,563,0,1,2,-33.863575,151.042465,21,0,2,0,0,0,3,4,1,3,9,70,2,1220,1220,9,5,28,2,0,0,0,1
1260412,2,2021,2021,0,6,9,916,17,105,917,0,1,10,-32.717679,151.526637,42,2,1,1,2,0,3,4,0,2,7,60,2,5929,5929,1,10,0,2,0,0,1,0
1260414,4,2021,2021,4,3,4,114,27,22,65,0,1,1,-33.42198,151.040973,16,2,2,1,0,0,0,0,2,0,7,80,1,4026,4026,8,16,40,1,0,1,0,0
1260416,2,2021,2021,3,2,4,79,31,56,18,0,1,9,-33.857392,151.180652,32,0,2,1,0,0,0,0,2,0,7,40,1,1945,1945,5,22,40,1,0,0,1,0
1260421,4,2021,2021,7,3,10,3371,17,92,3342,0,1,7,-33.408806,151.350379,16,2,2,0,2,0,3,4,0,0,0,60,2,6545,6545,4,10,5,2,0,1,0,0
1260424,2,2021,2021,4,5,7,294,17,17,288,0,1,1,-35.163525,147.562163,75,1,0,1,0,0,0,0,2,0,7,100,2,4026,4026,8,5,40,1,0,0,1,0
1260425,2,2021,2021,7,1,8,3371,17,19,3342,0,1,1,-33.385283,151.354533,16,2,2,0,1,0,3,4,3,0,7,60,2,3775,3775,0,0,5,2,0,0,2,0
1260430,4,2021,2021,0,2,11,2261,17,523,2252,0,1,9,-33.93059,150.917518,41,0,2,1,3,0,0,0,0,0,7,60,2,14295,14295,3,5,5,2,0,1,0,0
1260431,1,2021,2021,0,6,5,6,31,123,34609,0,1,1,-33.804958,151.055573,54,0,2,1,3,0,0,0,2,0,7,50,0,248,248,1,5,5,3,0,0,0,1
1260436,2,2021,2021,7,2,7,112,27,18,769,0,1,1,-33.502569,150.540745,29,2,2,0,3,0,0,0,2,0,7,80,2,14295,14295,3,0,5,2,0,0,1,0
1260437,4,2021,2021,0,4,2,20,1,219,34609,0,1,10,-32.901238,151.682503,48,0,2,1,2,0,0,0,0,0,0,50,0,5929,5929,1,0,19,2,0,1,0,0
1260438,2,2021,2021,0,0,4,125,27,155,34609,1,0,1,-33.493682,151.321368,16,2,2,1,1,0,0,0,2,0,7,60,0,1981,1981,4,5,36,3,0,0,1,0
1260440,2,2021,2021,7,3,10,39,31,132,34609,1,0,10,-29.777447,151.130926,33,2,1,1,3,0,3,4,0,0,15,50,0,6545,6545,4,5,13,2,0,0,1,0
1260442,2,2021,2021,3,1,6,11,31,228,143,0,1,7,-34.750214,149.71901,26,2,1,1,3,0,0,0,2,0,0,50,2,14295,14295,3,10,5,3,0,0,1,0
1260448,1,2021,2021,0,5,6,230,27,47,284,0,1,2,-33.810516,151.162511,38,0,2,1,3,0,0,0,2,0,7,60,2,14295,14295,3,10,5,2,0,0,0,1
1260453,4,2021,2021,7,0,6,2,10,91,34609,0,1,9,-32.805637,151.639261,48,0,2,1,1,0,3,4,2,0,7,50,0,4552,985,1,5,13,2,0,1,0,0
1260467,1,2020,2020,4,2,7,18,27,36,41,0,1,1,-33.534517,148.695746,11,1,0,1,0,0,0,0,2,0,7,100,1,9859,9859,8,10,40,1,0,0,0,1
1260478,4,2021,2021,7,3,6,6,27,74,34609,0,1,1,-34.711202,148.208223,20,2,1,0,0,2,3,0,2,0,7,50,0,1850,1463,5,16,40,1,0,1,0,0
1260481,1,2021,2021,4,4,11,18,27,251,13,0,1,7,-33.776712,150.936605,7,0,2,1,2,0,0,0,0,0,0,60,1,9859,9859,8,0,40,1,0,0,0,1
1260486,1,2021,2021,7,5,5,89,36,49,81,0,1,1,-34.363058,148.694388,30,1,0,0,0,0,0,0,2,0,7,100,2,1957,4009,8,5,40,1,0,0,0,2
1260487,2,2021,2021,3,6,4,2,27,445,34609,0,1,9,-33.869732,151.038818,21,0,2,1,1,0,0,0,2,0,0,50,0,63,63,4,16,5,2,0,0,1,0
1260489,4,2021,2021,4,2,5,330,27,7,25,0,1,1,-33.811081,151.140105,61,0,2,0,0,0,0,3,2,0,7,60,1,4552,5151,1,5,5,5,0,1,1,0
1260490,2,2021,2021,7,3,11,71,31,78,125,0,1,1,-33.859331,151.010432,21,0,2,1,2,0,0,0,0,0,7,60,1,9859,9859,1,5,13,2,0,0,1,0
1260491,1,2021,2021,4,6,11,3371,17,53,3342,0,1,9,-33.765138,151.156874,36,0,2,1,2,0,0,0,0,2,7,60,2,5929,5929,1,0,12,2,0,0,0,1
1260493,1,2021,2021,0,0,8,478,17,122,480,0,1,7,-33.42926,151.338601,16,2,2,0,3,0,0,0,3,0,0,60,2,5929,5929,1,5,5,2,0,0,0,1
1260495,1,2021,2021,0,5,4,15,27,609,34609,0,1,9,-33.783473,150.906617,7,0,2,1,3,0,0,0,2,0,7,50,0,14295,14295,3,10,5,2,0,0,0,1
1260496,4,2021,2021,0,1,3,48,27,21,62,0,1,1,-35.441952,148.133388,66,1,0,0,3,0,0,0,2,0,7,100,2,3775,3775,0,5,13,2,0,1,0,1
1260499,2,2021,2021,7,1,4,478,17,69,480,0,1,9,-33.363533,151.479065,16,2,2,1,1,0,0,0,2,0,0,50,2,5929,5929,1,5,27,2,0,0,1,0
1260500,2,2021,2021,4,6,0,77,31,445,563,0,1,1,-33.883698,151.040113,21,0,2,1,0,0,3,6,0,0,7,80,2,9859,9859,8,0,40,1,0,0,1,0
1260501,4,2021,2021,7,5,5,16,27,143,19,0,1,10,-33.703316,151.106228,31,0,2,1,3,0,0,0,2,2,7,50,1,2040,2040,9,10,28,2,0,1,0,0
1260503,1,2021,2021,7,2,6,2,31,283,34609,0,1,10,-33.83434,151.00056,21,0,2,1,3,0,0,0,2,0,0,50,0,6545,6545,4,5,13,2,0,0,0,1
1260506,2,2021,2021,0,4,6,2261,17,523,2252,0,1,2,-33.934024,150.916258,41,0,2,1,3,0,0,0,2,0,7,60,2,14295,14295,3,5,5,3,0,0,1,1
1260507,2,2021,2021,4,4,8,3371,17,149,3342,0,1,7,-33.356049,151.369492,16,2,2,1,0,0,0,0,2,0,0,60,2,1192,1192,1,33,19,3,0,0,1,0
1260509,1,2021,2020,11,3,6,204,31,387,34609,0,1,10,-33.922277,151.18737,4,0,2,1,3,0,0,0,2,0,0,50,0,14295,14295,3,30,5,2,0,0,0,1
1260510,2,2021,2021,0,4,11,119,31,173,34,0,1,10,-33.874078,151.214426,69,0,2,1,3,0,0,0,0,2,7,50,1,14295,14295,3,5,0,2,0,0,1,0
1260517,1,2021,2021,0,1,0,916,17,165,917,0,1,2,-32.381724,150.959519,46,1,0,1,3,0,0,0,0,0,7,100,2,9859,9859,8,0,40,1,0,0,0,1
1260518,1,2021,2021,4,5,6,296,27,290,293,0,1,9,-33.861073,150.992876,21,0,2,1,1,0,0,0,2,2,7,70,2,14295,14295,3,8,25,3,0,0,0,1
1260522,1,2021,2021,4,6,8,361,23,84,35,0,1,1,-33.887667,150.942983,24,0,2,1,3,0,0,0,2,0,7,60,1,1981,1981,4,5,5,2,0,0,0,1
1260525,1,2021,2021,0,5,11,123,36,24,90,0,1,1,-32.003301,151.95454,43,2,1,0,3,0,0,0,0,0,7,60,1,1957,4009,8,0,40,1,0,0,0,1
1260527,1,2021,2021,7,2,5,18,31,273,34609,0,1,10,-34.426073,150.893115,80,0,2,1,3,0,0,0,2,2,7,50,0,5929,5929,1,0,0,2,0,0,0,1
1260528,1,2021,2021,7,4,4,109,27,71,106,0,1,10,-33.832318,150.969447,21,0,2,0,3,0,0,0,2,2,7,60,1,5929,5929,1,5,36,2,0,0,0,1
1260529,1,2021,2021,7,6,8,916,17,165,917,0,1,10,-32.263315,150.888821,46,2,1,1,1,0,0,0,2,2,7,50,2,5929,5929,1,5,5,2,0,0,0,1
1260533,4,2021,2021,7,2,2,2261,17,47,2252,0,1,2,-35.747082,147.299243,27,1,0,0,0,0,0,0,0,0,7,110,2,14295,14295,3,9,13,2,0,2,0,0
1260534,1,2021,2021,7,5,7,2126,17,171,2149,0,1,10,-33.815483,150.969528,21,0,2,1,2,0,3,4,2,2,7,80,2,14295,14295,3,0,0,2,0,0,0,1
1260535,2,2021,2021,4,4,3,5,10,90,34609,0,1,7,-28.236636,153.554466,72,2,1,1,0,0,0,0,1,0,0,50,0,6545,6545,4,10,27,2,0,0,1,0
1260536,4,2021,2021,7,0,7,30,27,86,93,0,1,7,-33.754154,150.932801,7,0,2,0,0,0,0,0,2,0,0,60,1,2585,4009,8,16,40,1,0,1,0,0
1260539,1,2021,2021,3,6,4,17,31,8,13,0,1,1,-32.928675,148.754214,11,2,1,1,1,0,0,0,2,0,7,50,1,214,214,9,5,28,2,0,0,0,1
1260540,4,2021,2021,0,4,10,916,17,105,917,0,1,10,-32.721416,151.53978,42,2,1,1,2,0,0,0,0,2,7,60,2,14295,14295,3,21,13,3,0,1,0,0
1260543,2,2021,2021,0,0,9,512,17,28,441,0,1,1,-33.116495,148.929005,11,1,0,0,0,0,0,0,3,0,7,100,2,1109,787,1,0,0,3,0,0,2,0
1260545,2,2021,2021,3,5,6,3,27,28,72,0,1,1,-28.684749,153.522015,10,2,1,0,1,0,0,0,2,0,7,50,2,1259,5151,1,5,5,2,0,0,1,0
1260551,4,2021,2021,0,3,7,103,27,62,256,0,1,10,-34.070775,150.811886,13,0,2,1,1,0,0,0,2,2,7,60,2,14295,14295,3,5,0,2,0,1,2,0
1260553,4,2021,2021,0,2,6,33,27,33,154,0,1,10,-33.772965,150.874105,7,0,2,0,0,0,0,0,2,3,7,60,1,1850,1463,5,16,40,1,0,1,0,0
1260554,1,2021,2021,0,0,5,13,1,29,34609,0,1,0,-33.470875,151.43579,16,2,2,1,0,0,0,0,2,0,7,50,0,368,368,9,0,28,2,0,0,0,1
1260555,2,2021,2021,0,6,4,95,31,16,34609,0,1,1,-32.907707,151.700982,48,0,2,1,1,0,0,0,2,0,7,50,0,175,188,1,10,0,3,0,0,1,0
1260557,1,2021,2021,0,6,10,23,27,144,34609,0,1,7,-34.066369,151.005525,68,0,2,1,2,0,3,4,0,0,0,50,0,5929,5929,1,5,0,2,0,0,0,1
1260562,2,2021,2021,3,6,6,255,27,69,262,0,1,7,-32.905919,151.69293,48,0,2,0,1,0,0,0,2,0,0,60,2,14295,14295,3,5,5,3,0,0,1,1
1260564,2,2021,2021,0,5,4,4,10,39,34609,0,1,1,-29.4271,153.327655,18,2,1,1,1,0,0,0,2,0,7,50,0,1981,1981,4,0,0,4,0,0,1,0
1260566,2,2021,2021,0,2,7,2126,17,73,2149,0,1,2,-33.887695,151.171111,32,0,2,1,1,0,0,0,2,0,7,60,2,14295,14295,3,0,5,2,0,0,1,0
1260567,2,2021,2021,7,6,3,24,27,77,52,0,1,9,-33.918803,151.163151,32,0,2,1,1,0,0,0,2,0,7,50,1,1669,1669,3,10,5,2,0,0,1,0
1260568,4,2021,2021,7,2,9,5,10,41,34609,0,1,1,-34.101375,150.80676,13,0,2,0,0,0,0,0,2,0,7,60,0,418,714,5,16,40,2,0,1,0,0
1260572,2,2021,2021,0,0,8,9,27,9,34609,0,1,7,-32.725068,152.119099,57,2,1,1,1,0,0,0,2,0,0,50,0,6545,6545,4,16,0,2,0,0,1,0
1260573,2,2021,2021,7,6,8,2,31,80,34609,0,1,1,-33.880623,151.169459,32,0,2,1,1,0,0,3,2,0,7,50,0,941,941,1,30,5,2,0,0,1,0
1260574,1,2021,2021,4,0,6,98,27,251,136,0,1,10,-33.779592,150.920353,7,0,2,1,1,0,3,4,2,2,7,60,2,14295,14295,3,0,5,2,0,0,0,1
1260575,2,2021,2021,7,1,8,24,24,85,34609,0,1,1,-33.790161,150.668507,55,0,2,1,0,0,0,0,2,0,7,50,0,4026,4026,8,5,40,1,0,0,1,0
1260576,2,2021,2021,7,5,10,2261,17,523,2252,0,1,10,-33.928542,150.918058,41,0,2,1,3,0,3,4,0,2,7,60,2,14295,14295,3,5,12,3,0,0,1,0
1260577,2,2021,2021,3,3,6,10,1,157,34609,0,1,1,-33.802853,151.01489,54,0,2,1,1,0,0,0,2,0,7,50,0,238,238,9,8,28,2,0,0,1,0
1260583,2,2021,2021,7,5,6,512,17,433,441,0,1,2,-33.274313,149.086326,52,2,1,1,0,0,3,4,2,0,7,50,2,3775,3775,0,9,5,2,0,0,1,0
1260584,4,2021,2021,3,1,6,162,31,204,34609,0,1,1,-33.891471,151.119917,32,0,2,1,0,0,0,0,2,0,7,50,0,340,340,9,0,28,2,0,1,1,0
1260587,2,2021,2021,0,2,5,112,27,79,769,0,1,1,-33.580439,150.720136,29,2,2,1,1,0,0,0,2,0,7,60,2,387,387,1,22,13,2,0,0,1,0
1260588,2,2021,2021,0,1,0,44,1,21,34609,0,1,1,-34.541084,150.860663,62,0,2,0,2,0,0,0,0,0,7,50,0,1259,5151,1,5,0,3,0,0,1,0
1260589,1,2021,2020,10,6,5,92,27,143,34609,0,1,1,-33.880491,151.103074,9,0,2,1,1,0,0,0,2,0,9,40,0,14295,14295,3,16,13,2,0,0,0,1
1260590,2,2021,2021,0,2,3,100,27,93,78,0,1,1,-33.455251,149.642844,3,1,0,1,0,0,3,0,2,0,7,100,2,945,945,5,5,40,1,0,0,1,0
1260595,2,2021,2021,3,0,3,2209,17,44,2205,0,1,9,-33.947617,151.140284,4,0,2,1,0,0,0,0,2,0,0,60,2,1383,1383,1,8,18,2,0,0,1,0
1260598,2,2021,2021,0,1,3,15,27,23,34609,0,1,1,-34.044718,150.812177,13,0,2,1,1,0,0,0,2,0,7,60,0,1192,1192,1,33,27,2,0,0,1,0
1260600,2,2021,2021,0,5,5,5,27,3,10,0,1,1,-32.350285,146.700169,51,1,0,0,0,2,0,0,2,0,7,100,1,4552,5151,8,10,40,1,0,0,1,0
1260602,4,2021,2021,7,5,7,12,31,218,34609,0,1,10,-33.775932,150.78152,55,0,2,1,2,0,0,0,2,0,0,50,0,2852,2852,4,5,5,2,0,1,1,0
1260603,4,2021,2021,7,6,4,22,31,70,47,0,1,1,-32.896248,151.72001,48,0,2,1,1,0,3,4,2,0,7,60,2,1383,1383,1,5,5,2,0,1,0,0
1260604,4,2021,2021,3,2,7,42,27,52,30,0,1,1,-33.903643,151.258642,76,0,2,0,1,0,3,3,2,0,7,50,1,3775,3775,0,5,5,2,0,1,0,0
1260605,2,2021,2021,7,5,4,916,17,66,917,0,1,2,-32.81084,151.674482,48,0,2,1,3,0,3,0,2,0,7,80,2,14295,14295,3,0,5,4,0,0,1,0
1260607,4,2021,2021,0,3,10,12,10,19,34609,0,1,7,-34.087105,150.788791,13,0,2,1,2,0,0,0,0,0,0,60,0,6545,6545,4,5,0,2,0,1,1,0
1260609,2,2021,2021,3,1,10,73,31,532,34609,0,1,10,-33.865166,151.204142,69,0,2,0,2,0,3,4,0,2,9,40,0,2040,2040,9,33,28,2,0,0,1,0
1260610,2,2021,2021,7,1,3,308,14,323,311,0,1,6,-33.802002,150.853858,7,0,2,1,1,0,0,0,2,0,7,80,2,14295,14295,3,29,10,3,0,0,2,2
1260612,4,2021,2021,4,5,5,3371,17,463,3342,0,1,2,-30.292199,153.118101,19,2,1,0,1,0,0,0,2,0,7,60,2,1957,4009,8,5,40,1,0,1,0,0
1260613,2,2021,2021,0,4,10,55,27,179,34609,0,1,1,-33.760743,150.720301,55,0,2,1,2,0,0,0,0,0,9,50,0,2040,2040,9,5,28,3,0,0,2,0
1260614,2,2021,2021,3,3,5,98,27,1,24,0,1,1,-33.606332,151.110782,31,0,2,0,0,0,0,0,2,0,7,40,1,3775,3775,0,16,13,2,0,0,1,0
1260615,1,2021,2021,3,3,5,125,27,27,144,0,1,2,-32.884716,151.783733,48,0,2,1,1,0,0,0,2,0,7,80,2,1945,1945,5,16,40,1,0,0,0,1
1260617,2,2021,2021,3,3,8,4,27,6,34609,0,1,1,-30.726171,152.823962,47,2,1,0,0,0,3,4,2,0,7,80,0,1259,5151,8,0,40,1,0,0,1,0
1260618,2,2021,2021,3,4,8,149,10,346,702,0,1,2,-33.868771,151.063907,67,0,2,0,2,0,0,0,2,0,7,80,2,14295,14295,3,5,0,3,0,0,1,0
1260619,2,2021,2021,3,1,4,2126,17,23,2149,0,1,9,-33.818853,150.991686,21,0,2,1,1,0,0,0,2,2,7,60,2,2852,2852,4,5,5,2,0,0,1,0
1260620,1,2021,2021,4,3,8,19,1,132,148,0,1,1,-34.056736,151.049464,68,0,2,1,0,0,0,0,2,0,7,80,2,14295,14295,3,10,5,3,0,0,0,1
1260621,1,2021,2021,3,4,8,97,31,460,92,0,1,1,-33.830696,150.993088,21,0,2,1,0,0,0,0,2,0,7,60,1,5929,5929,1,0,0,2,0,0,0,1
1260622,4,2021,2021,7,5,10,3,27,31,34609,0,1,1,-31.127087,150.922687,70,2,1,1,2,0,3,3,0,0,7,50,0,1220,1220,9,5,28,2,0,1,0,0
1260623,2,2021,2021,7,6,3,21,36,7,34609,0,1,1,-33.219834,148.317165,51,1,0,1,0,2,3,0,0,0,7,100,0,9859,9859,8,8,40,1,0,0,2,0
1260624,2,2021,2021,0,4,6,4,27,34,34609,0,1,10,-34.01166,150.754805,12,0,2,1,3,0,0,0,2,0,7,50,0,6545,6545,4,0,5,2,0,0,1,0
1260626,1,2021,2021,0,5,4,1104,14,104,962,0,1,3,-33.832449,151.022322,54,0,2,1,3,0,0,0,2,0,7,90,2,14295,14295,3,9,5,2,0,0,0,1
1260627,2,2021,2021,7,2,6,125,27,38,144,0,1,9,-32.787543,151.93481,57,2,1,1,0,0,0,0,2,0,7,80,2,1945,1945,5,16,40,1,0,0,1,0