Crash ID,Degree of crash - detailed,Reporting year,Year of crash,Month of crash,Day of week of crash,Two-hour intervals,Street of crash,Street type,Town,Route no.,School zone location,School zone active,Type of location,Latitude,Longitude,LGA,Urbanisation,Conurbation 1,Alignment,Street lighting,Road surface,Surface condition,Weather,Natural lighting,Signals operation,Other traffic control,Speed limit,Road classification,RUM - code,DCA - code,First impact type,Key TU type,Other TU type,No. of traffic units involved,No. killed,No. seriously injured,No. moderately injured,No. minor-other injured
1260630,1,2021,2021,0,5,3,3371,17,225,3342,0,1,10,-33.799315,151.178986,77,0,2,1,3,0,0,0,1,2,7,60,2,5929,5929,1,5,5,2,0,0,0,2
1260632,4,2021,2021,0,0,5,346,17,44,332,0,1,7,-28.860722,153.519936,2,2,1,1,3,0,0,0,2,0,0,60,2,14295,14295,3,5,0,2,0,1,0,0
1260633,1,2021,2021,3,2,7,39,27,293,91,1,0,1,-33.94574,151.251792,59,0,2,1,3,0,0,0,2,0,7,60,1,186,186,1,0,13,2,0,0,0,1
1260634,2,2021,2021,0,0,7,171,23,55,34609,0,1,0,-33.889995,151.282532,76,0,2,0,3,0,3,0,2,0,7,50,0,1850,1463,5,16,40,1,0,0,1,0
1260636,1,2021,2021,7,5,4,79,27,46,159,0,1,10,-33.940866,151.116035,4,0,2,1,3,0,0,0,2,2,7,60,2,14295,14295,3,33,0,2,0,0,0,1
1260643,4,2021,2021,7,1,5,296,27,147,293,0,1,9,-33.876129,150.981414,15,0,2,1,1,0,0,0,2,0,7,70,2,5929,5929,1,5,5,2,0,1,2,0
1260644,4,2021,2021,0,3,11,95,31,346,59,0,1,9,-33.867593,151.063624,67,0,2,1,2,0,0,0,0,2,7,60,1,5929,5929,1,5,0,2,0,1,0,0
1260647,2,2021,2021,7,1,6,26,27,232,34609,1,0,10,-33.683646,150.932056,71,0,2,1,3,0,0,0,2,2,7,60,0,14295,14295,3,5,5,2,0,0,1,0
1260648,2,2021,2021,0,0,4,11,27,125,34609,0,1,9,-33.820006,151.124978,61,0,2,1,0,0,0,0,2,0,7,50,0,775,775,4,5,5,4,0,0,1,0
1260649,2,2021,2021,3,6,7,53,27,134,51,0,1,9,-33.513805,151.318008,16,2,2,1,1,0,0,0,2,0,0,60,1,591,591,1,22,13,2,0,0,1,0
1260650,2,2021,2021,7,2,0,9,27,10,34609,0,1,1,-33.93189,151.12636,4,0,2,0,2,0,0,0,0,0,7,50,0,4552,5151,8,5,40,1,0,0,1,0
1260651,1,2021,2020,2,2,5,1052,14,149,928,0,1,3,-33.346943,151.366609,16,1,2,1,0,0,0,0,2,0,7,110,2,1192,1192,1,0,5,4,0,0,0,1
1260652,4,2021,2021,7,2,8,1104,14,223,962,0,1,3,-33.806198,150.922311,7,0,2,1,0,0,0,0,2,0,7,100,2,9859,9859,8,5,40,1,0,1,0,0
1260655,4,2021,2021,4,4,9,916,17,102,917,0,1,7,-31.117869,150.923449,70,2,1,1,2,0,0,0,3,0,0,60,2,5929,5929,1,10,13,2,0,1,0,0
1260661,1,2021,2021,7,0,4,35,27,30,34609,0,1,1,-28.331455,153.477034,72,2,1,0,0,0,3,3,2,0,7,80,0,4552,5151,8,16,40,1,0,0,0,1
1260663,2,2021,2021,7,5,7,177,22,70,176,0,1,10,-34.032515,151.085562,68,0,2,1,1,0,3,4,2,2,7,60,2,6545,6545,4,5,13,2,0,0,2,0
1260671,2,2021,2021,4,0,11,60,27,239,167,0,1,10,-34.026573,151.120342,68,0,2,1,3,0,0,0,0,2,7,70,2,5929,5929,1,5,36,2,0,0,1,0
1260672,4,2021,2021,0,2,7,1,27,56,40,0,1,1,-33.4021,149.161169,52,1,0,1,0,0,0,0,2,0,7,100,1,945,945,5,16,40,1,0,1,0,0
1260677,2,2021,2021,7,6,7,22,27,173,34609,0,1,10,-33.878138,151.220389,69,0,2,1,1,0,0,0,2,2,9,40,0,2040,2040,9,5,28,2,0,0,1,0
1260685,4,2021,2021,7,4,3,105,17,223,34609,0,1,7,-33.809596,150.918277,7,0,2,0,1,0,3,3,2,0,0,60,0,5929,5929,1,0,5,2,0,1,0,0
1260687,4,2021,2021,7,1,7,1,31,69,34609,0,1,9,-34.54556,150.849057,62,0,2,1,1,0,0,0,2,0,7,50,0,2852,2852,4,22,13,2,0,1,0,0
1260688,4,2021,2021,4,6,7,13,10,92,34609,0,1,7,-33.734044,150.946362,71,0,2,1,1,0,0,0,2,0,7,50,0,2040,2040,9,5,28,2,0,1,0,0
1260695,2,2021,2021,3,3,8,30,27,120,154,0,1,2,-33.743181,150.869966,7,0,2,1,1,0,0,0,2,0,7,60,1,14295,14295,3,5,5,3,0,0,1,0
1260696,4,2021,2021,7,6,3,55,27,179,34609,0,1,7,-33.762949,150.719837,55,0,2,1,1,0,0,0,2,0,7,50,0,1220,1220,9,5,28,2,0,1,0,0
1260697,2,2021,2021,7,0,5,11,27,40,34609,0,1,1,-35.787052,150.146759,23,1,0,0,0,0,3,4,2,0,7,100,0,1259,5151,8,30,40,2,0,0,1,0
1260698,2,2021,2021,7,3,5,1104,14,460,962,0,1,3,-33.824609,150.988994,54,0,2,1,3,0,0,0,2,0,7,90,2,14295,14295,3,5,0,3,0,0,1,0
1260699,2,2021,2021,7,1,4,9,1,55,34609,0,1,10,-33.938961,150.899261,41,0,2,1,1,0,0,0,2,0,0,50,0,6545,6545,4,5,5,2,0,0,2,0
1260701,4,2021,2021,3,3,3,2261,17,443,2252,0,1,1,-33.89354,151.054782,15,0,2,1,2,0,0,0,1,0,7,70,2,9859,9859,8,5,40,1,0,1,1,1
1260703,4,2021,2021,7,2,9,4,27,137,34609,0,1,9,-33.901234,150.907333,24,0,2,1,0,0,0,0,3,0,7,50,0,5929,5929,1,5,5,2,0,1,0,0
1260704,4,2021,2021,0,2,3,83,27,4,72,0,1,1,-28.78859,153.3068,39,1,0,0,0,0,3,0,2,0,7,100,2,2585,4009,8,5,40,1,0,1,0,0
1260706,2,2021,2021,7,4,6,3371,17,53,3342,0,1,2,-30.636652,152.973588,47,1,0,0,0,0,3,4,2,0,7,110,2,1850,1463,5,9,40,1,0,0,1,0
1260707,2,2021,2021,3,0,5,3371,17,463,3342,0,1,10,-30.296227,153.11403,19,2,1,1,0,0,0,0,2,2,7,60,2,14295,14295,3,0,5,4,0,0,3,0
1260708,4,2021,2021,4,3,7,4,31,134,34609,0,1,10,-33.890905,151.244315,76,0,2,1,1,0,0,0,2,0,0,50,0,6545,6545,4,5,5,2,0,1,0,1
1260710,2,2021,2021,7,1,5,112,27,370,256,0,1,10,-34.057151,150.823943,13,0,2,1,0,0,0,0,2,2,7,60,2,5929,5929,1,5,0,2,0,0,2,0
1260711,2,2021,2021,0,4,5,34,27,38,117,0,1,9,-32.928918,151.693572,48,0,2,1,3,0,0,0,2,2,7,60,2,14295,14295,3,9,5,3,0,0,1,0
1260713,4,2021,2021,7,5,4,72,27,123,56,0,1,9,-33.806148,151.070102,61,0,2,0,1,0,3,4,2,0,7,60,2,5929,5929,1,5,5,2,0,1,0,1
1260715,2,2021,2021,0,3,3,2126,17,78,2149,0,1,9,-33.697992,150.570127,8,2,2,0,0,0,0,0,2,2,7,80,2,14295,14295,3,16,19,2,0,0,1,0
1260716,1,2021,2021,0,5,8,15,27,136,34609,0,1,1,-32.920783,151.716905,48,0,2,1,3,0,0,0,3,0,7,50,0,214,214,9,30,28,2,0,0,0,1
1260717,4,2021,2021,7,4,9,6,31,284,34609,0,1,9,-33.899963,151.011581,15,0,2,0,1,0,0,0,2,0,7,50,0,2585,4009,8,16,40,1,0,1,0,0
1260720,1,2021,2021,0,6,3,3371,17,65,3342,0,1,9,-33.379914,151.374228,16,2,2,0,0,0,0,0,2,0,7,60,2,623,623,3,22,13,2,0,0,0,1
1260722,1,2021,2021,3,5,8,916,17,30,917,0,1,9,-31.04742,151.053507,70,1,0,1,0,0,0,0,2,0,7,100,2,14295,14295,3,10,13,3,0,0,0,2
1260723,4,2021,2021,7,5,8,3,10,25,34609,0,1,9,-31.558959,152.846905,56,2,1,0,1,0,3,3,2,0,7,50,0,4552,5151,8,5,40,1,0,2,0,0
1260724,4,2021,2021,4,0,7,6,27,40,34609,0,1,1,-34.234967,150.574117,79,2,2,0,0,0,3,4,2,0,7,60,0,418,714,5,0,40,1,0,1,0,0
1260725,2,2021,2021,4,3,9,2209,17,201,2205,0,1,9,-34.875017,150.605559,63,2,1,1,1,0,0,0,2,2,9,70,2,14295,14295,3,10,13,2,0,0,1,0
1260727,1,2021,2021,0,4,4,43,27,136,76,0,1,10,-32.922632,151.717908,48,0,2,1,3,0,0,0,2,0,15,60,1,6545,6545,4,0,0,3,0,0,0,1
1260728,2,2021,2021,0,4,8,118,27,646,118,0,1,1,-33.912196,151.035032,15,0,2,1,3,0,0,0,2,0,7,60,1,941,941,1,5,19,2,0,0,1,0
1260729,1,2021,2021,0,4,3,25,31,127,30,0,1,1,-33.894271,151.157343,32,0,2,1,3,0,0,0,2,0,7,60,1,14295,14295,3,10,19,2,0,0,0,1
1260730,1,2021,2021,0,0,8,177,27,239,176,0,1,9,-34.037471,151.118266,68,0,2,1,3,0,0,0,3,2,7,60,2,14295,14295,3,0,13,2,0,0,0,1
1260731,1,2021,2021,0,0,5,15,31,13,118,0,1,1,-29.541854,150.574741,51,2,1,1,3,0,0,0,2,0,7,40,1,945,945,5,16,40,1,0,0,0,1
1260734,2,2021,2021,0,6,5,65,27,202,563,0,1,2,-33.939084,151.035925,15,0,2,1,3,0,0,0,2,0,7,70,2,14295,14295,3,9,12,5,0,0,1,0
1260736,1,2021,2021,0,4,9,387,27,204,331,0,1,9,-33.939243,151.144708,4,0,2,1,3,0,0,0,0,0,0,60,2,5929,5929,1,5,19,2,0,0,0,1
1260738,1,2021,2021,0,6,4,2209,17,137,2205,0,1,10,-34.035088,151.066132,68,0,2,1,3,0,0,0,2,2,7,70,2,14295,14295,3,25,0,2,0,0,0,1
1260753,2,2021,2021,0,2,3,35,27,109,96,0,1,9,-33.897068,151.136554,32,0,2,1,3,0,0,0,2,3,7,50,2,4026,4026,8,10,40,1,0,0,1,0
1260757,2,2021,2021,3,4,6,95,31,43,34609,0,1,9,-32.551773,148.945668,22,2,1,1,3,0,0,0,2,0,0,50,0,1391,1391,1,33,5,2,0,0,1,0
1260759,2,2021,2021,7,1,7,98,27,251,136,0,1,10,-33.779777,150.920462,7,0,2,1,3,0,0,0,2,2,7,60,2,14295,14295,3,8,36,2,0,0,1,0
1260764,1,2021,2021,3,0,9,56,27,443,44,0,1,1,-33.902702,151.057945,15,0,2,1,3,0,0,0,2,0,7,60,1,1383,1383,1,5,5,2,0,0,0,1
1260766,1,2021,2021,0,6,4,3371,17,463,3342,0,1,2,-30.291458,153.119255,19,2,1,1,3,0,0,0,2,0,7,60,2,14295,14295,3,0,13,2,0,0,0,1
1260769,1,2021,2021,0,6,9,2209,17,77,2205,0,1,9,-33.922288,151.163755,32,0,2,1,3,0,0,0,0,0,4,60,2,1109,787,1,5,12,2,0,0,0,1
1260773,1,2021,2021,0,3,4,330,27,147,605,0,1,2,-33.752632,151.28661,50,0,2,1,3,0,0,0,2,0,7,60,2,1282,1282,1,0,27,2,0,0,0,1
1260774,1,2021,2021,7,1,3,330,27,49,605,0,1,9,-33.714208,151.297382,50,0,2,1,3,0,3,4,2,2,7,60,2,14295,14295,3,5,5,3,0,0,0,1
1260776,2,2021,2021,0,5,5,62,31,35,34609,0,1,10,-31.081462,152.840191,34,2,1,1,0,0,0,3,2,0,0,50,0,6545,6545,4,0,5,2,0,0,1,0
1260777,1,2021,2021,0,2,6,63,27,224,605,0,1,9,-33.823349,151.242739,45,0,2,1,3,0,0,0,2,3,7,60,2,14295,14295,3,5,5,2,0,0,0,1
1260782,2,2021,2021,7,6,7,62,10,70,62,0,1,1,-33.433855,151.347423,16,2,2,1,1,0,0,0,2,0,7,50,2,945,945,5,5,40,1,0,0,1,0
1260784,2,2021,2021,0,1,1,2209,17,166,2205,1,0,1,-33.900603,151.178304,69,0,2,1,2,0,0,0,0,0,7,50,2,9859,9859,8,5,40,1,0,0,1,0
1260785,2,2021,2021,3,6,1,2126,17,104,2149,0,1,9,-33.832776,151.016917,54,0,2,1,2,0,3,4,0,2,7,60,2,2852,2852,4,5,5,2,0,0,1,0
1260788,2,2021,2021,7,4,9,5,1,23,34609,0,1,9,-34.020398,151.035838,68,0,2,0,2,0,0,0,0,0,7,60,0,1850,777,5,15,40,1,0,0,1,0
1260790,2,2021,2021,3,0,6,5,27,26,34609,0,1,1,-33.737551,150.816946,7,0,2,1,1,0,0,0,2,0,7,50,0,1981,1981,4,33,0,2,0,0,1,0
1260791,2,2021,2021,0,4,7,1104,11,532,770,0,1,2,-33.874183,151.201813,69,0,2,1,1,0,0,0,2,0,7,60,2,1383,1383,1,5,18,2,0,0,1,0
1260795,1,2021,2021,0,3,6,2,34,4,34609,0,1,1,-35.40229,148.562794,66,1,0,0,0,2,0,0,2,0,7,100,0,404,404,8,16,40,1,0,0,0,1
1260798,1,2021,2021,7,4,7,8,27,63,45,0,1,9,-33.73663,150.798726,7,0,2,0,1,0,0,0,2,0,7,50,1,1259,5151,8,0,40,1,0,0,0,1
1260807,2,2021,2021,4,4,9,27,31,127,14,0,1,9,-33.894045,151.15588,32,0,2,1,2,0,3,4,3,2,9,50,1,2040,2040,9,5,28,2,0,0,1,0
1260808,2,2021,2021,7,6,10,12,27,15,34609,0,1,9,-33.796517,151.039444,54,0,2,0,2,0,0,0,0,0,15,50,0,3775,3775,0,5,0,2,0,0,1,1
1260809,2,2021,2021,7,3,9,829,27,159,770,0,1,9,-33.806426,151.080905,61,0,2,1,0,0,3,4,2,2,7,60,2,5929,5929,1,0,5,2,0,0,1,0
1260810,2,2021,2021,0,2,7,5,36,106,34609,0,1,1,-34.574871,150.80883,62,0,2,0,1,0,0,0,2,0,7,50,0,2585,4009,1,0,36,5,0,0,1,0
1260818,2,2021,2021,7,0,9,113,27,45,111,0,1,9,-33.817638,150.775951,55,0,2,1,2,0,3,4,0,2,7,80,2,1669,1669,3,10,5,3,0,0,1,0
1260819,4,2021,2021,0,4,8,98,31,176,159,0,1,1,-33.956523,151.145941,4,0,2,1,0,0,0,0,2,0,7,60,2,238,238,9,0,28,2,0,1,0,0
1260820,2,2021,2021,0,5,4,2126,17,218,2149,0,1,10,-33.773147,150.786671,55,0,2,1,1,0,0,0,2,2,7,60,2,6545,6545,4,9,5,2,0,0,1,0
1260821,1,2021,2021,7,2,6,2209,17,64,2205,0,1,10,-34.383529,150.900309,80,0,2,1,1,0,0,0,2,2,7,80,2,3775,3775,0,5,5,2,0,0,0,1
1260825,2,2021,2021,3,1,8,119,31,284,34609,0,1,1,-33.907648,151.020411,15,0,2,1,0,0,0,0,2,0,7,50,0,1383,1383,1,0,19,2,0,0,1,0
1260826,1,2021,2021,0,0,10,40,31,61,34609,0,1,9,-32.924714,151.724183,48,0,2,1,2,0,0,0,0,0,7,50,0,340,340,9,10,28,2,0,0,0,1
1260828,2,2021,2021,0,2,5,35,27,5,24,0,1,1,-33.044094,149.638322,3,1,0,0,0,0,0,0,2,0,7,100,1,1850,1463,5,16,40,1,0,0,1,0
1260829,1,2021,2021,0,1,7,2261,17,140,2252,0,1,9,-33.897406,150.993103,15,0,2,1,1,0,0,0,2,0,3,70,2,1109,397,1,5,13,2,0,0,0,2
1260833,4,2021,2021,0,4,4,53,27,155,51,0,1,1,-33.500953,151.320516,16,2,2,1,1,0,0,0,2,0,7,60,1,14295,14295,3,0,5,2,0,1,0,0
1260834,4,2021,2021,0,3,10,866,17,149,793,0,1,10,-33.817644,150.962465,21,0,2,1,2,0,0,0,0,2,7,70,2,5929,5929,1,5,13,2,0,1,0,0
1260836,2,2021,2021,7,2,7,112,27,92,256,0,1,1,-33.994526,150.844012,13,0,2,0,0,0,3,4,2,0,7,70,2,4552,5151,8,0,40,1,0,0,1,0
1260837,4,2021,2021,7,5,8,56,27,443,44,0,1,1,-33.905991,151.0574,15,0,2,1,0,0,3,4,2,0,9,40,1,2040,2040,9,5,28,2,0,1,0,0
1260838,2,2021,2021,3,2,1,512,17,9,441,0,1,1,-33.386326,149.2141,52,1,0,0,0,0,3,4,0,0,7,100,2,1957,4009,8,34,40,1,0,0,1,0
1260840,4,2021,2021,0,4,6,41,31,445,34609,0,1,1,-33.866322,151.044936,21,0,2,1,0,0,1,0,2,0,7,50,0,9859,9859,1,0,0,4,0,1,0,0
1260844,4,2021,2021,7,3,9,308,14,323,311,0,1,3,-33.808178,150.852401,7,0,2,1,2,0,0,0,0,0,7,100,2,1383,1383,1,10,2,2,0,1,0,0
1260848,1,2021,2021,3,4,10,63,10,19,34609,0,1,1,-28.204895,153.489407,72,2,1,0,0,0,0,0,0,0,7,60,0,4552,5151,8,5,40,1,0,0,0,2
1260854,4,2021,2020,2,3,7,2,18,4,41,0,1,9,-29.044975,153.336165,39,1,0,1,0,0,0,0,2,0,0,100,1,782,985,5,16,40,1,0,1,0,0
1260856,2,2021,2021,3,6,7,2209,17,29,2205,0,1,10,-35.317444,150.43731,63,2,1,0,1,0,0,0,2,0,15,50,2,14295,14295,3,0,5,4,0,0,1,0
1260859,2,2021,2021,0,5,8,829,27,309,770,1,0,9,-33.819373,151.116732,61,0,2,1,2,0,0,0,3,2,9,60,2,2040,2040,9,5,28,2,0,0,1,0
1260861,2,2021,2021,4,3,0,512,17,28,441,0,1,1,-33.123986,148.908687,11,1,0,0,0,0,3,4,0,0,7,100,2,2585,4009,8,5,40,1,0,0,1,0
1260864,2,2021,2021,4,4,7,77,27,16,58,0,1,9,-34.824457,150.571065,63,1,0,0,1,0,0,0,2,0,0,100,2,6545,6545,4,30,13,2,0,0,3,0
1260872,1,2021,2021,3,4,7,3371,17,108,3342,0,1,9,-33.294735,151.422614,16,2,2,1,0,0,0,0,2,2,7,60,2,1669,1669,3,0,5,2,0,0,0,1
1260876,2,2021,2021,0,0,6,7,31,316,34609,0,1,2,-31.43061,152.908218,56,2,1,1,0,0,0,0,2,0,7,50,0,1220,1220,9,5,28,2,0,0,1,0
1260878,1,2021,2020,9,4,3,117,1,176,35,0,1,9,-33.964837,151.140788,4,0,2,1,0,0,0,0,2,0,0,60,2,2852,2852,4,30,19,2,0,0,0,1
1260879,2,2021,2021,0,2,3,103,27,35,256,0,1,7,-34.114028,150.797705,13,0,2,1,0,0,0,0,1,0,0,70,2,9859,9859,8,10,40,1,0,0,1,0
1260881,2,2021,2021,0,4,2,34,27,57,799,0,1,9,-33.898928,151.169476,32,0,2,1,1,0,0,0,1,2,7,60,2,5929,5929,1,10,18,2,0,0,1,0
1260888,2,2021,2021,0,0,4,1,27,16,34609,0,1,1,-31.318398,152.741833,56,1,0,0,0,0,0,0,2,0,7,100,0,3775,3775,0,10,0,2,0,0,1,1
1260889,2,2021,2021,7,2,2,20,2,55,34609,0,1,1,-33.892548,151.284031,76,0,2,1,2,0,0,0,0,0,7,50,0,4026,4026,8,16,40,2,0,0,1,0
1260894,4,2021,2021,7,0,5,500,27,293,799,0,1,10,-33.932472,151.049438,15,0,2,1,1,0,3,4,2,2,7,60,2,5929,5929,1,5,5,2,0,1,0,0
1260898,4,2021,2021,3,2,9,1,27,14,15,0,1,1,-32.191679,148.965694,22,1,0,0,0,0,0,0,3,0,7,100,1,1259,5151,8,5,40,1,0,1,0,0
1260900,2,2021,2021,0,4,3,109,36,14,108,0,1,10,-28.311787,153.436371,72,2,1,1,1,0,3,4,1,0,0,80,2,5929,5929,1,5,5,2,0,0,1,0
1260901,4,2021,2021,4,0,9,67,27,100,15,0,1,1,-33.805097,151.1591,77,0,2,1,1,0,0,0,2,0,7,50,1,14295,14295,3,15,5,2,0,1,0,0
1260902,2,2021,2021,7,0,8,515,14,294,518,0,1,3,-33.940194,150.928168,41,0,2,1,1,0,0,0,2,0,7,100,2,14295,14295,3,5,13,2,0,0,1,0
1260904,4,2021,2021,7,0,0,478,17,69,480,0,1,7,-33.368994,151.475408,16,2,2,1,2,0,0,0,0,0,0,60,2,4026,4026,8,5,40,1,0,3,0,0
1260906,4,2021,2021,7,4,9,3371,17,38,3342,0,1,9,-30.248867,153.137237,19,2,1,1,2,0,3,4,0,0,0,80,2,2852,2852,4,0,2,2,0,1,2,0
1260907,4,2021,2021,7,4,9,500,27,80,160,0,1,1,-33.979105,150.898472,13,0,2,1,2,0,0,0,0,0,7,60,2,14295,14295,3,5,5,3,0,1,0,0
1260908,2,2021,2021,3,6,5,178,31,41,34609,0,1,10,-31.086787,150.91358,70,2,1,1,1,0,0,0,2,0,0,50,0,6545,6545,4,30,13,2,0,0,1,0
1260909,1,2021,2021,4,5,8,5,31,445,34609,0,1,1,-33.845149,151.047019,21,0,2,1,0,0,0,0,2,0,7,50,0,9859,9859,1,5,0,2,0,0,0,1
1260911,2,2021,2021,3,3,8,133,31,49,34609,0,1,1,-33.704671,151.304278,50,0,2,1,1,0,0,0,2,0,7,50,0,1192,1192,1,9,27,2,0,0,1,0
1260912,4,2021,2021,3,4,5,6,27,293,34609,0,1,1,-33.934433,151.042513,15,0,2,1,0,0,3,4,2,0,7,50,0,3775,3775,0,30,12,3,0,1,0,0
1260913,4,2021,2021,3,3,3,43,27,10,118,0,1,1,-30.880847,150.814578,70,1,0,1,0,0,0,0,2,0,7,100,2,9859,9859,8,10,40,1,0,2,0,0
1260915,2,2021,2021,7,4,8,45,27,134,40,0,1,9,-33.679981,150.8605,7,0,2,1,1,0,0,0,2,0,7,60,2,217,217,1,5,19,2,0,0,1,0
1260916,2,2021,2021,3,0,7,515,14,294,518,0,1,3,-33.941599,150.939621,41,0,2,1,0,0,0,0,2,0,7,100,2,14295,14295,3,5,5,3,0,0,2,0
1260917,2,2021,2021,7,4,11,15,27,363,14,0,1,9,-33.731849,150.706668,55,0,2,1,2,0,0,0,0,0,7,70,1,5929,5929,1,5,36,2,0,0,1,0
1260919,2,2021,2021,7,5,7,17,31,149,21,0,1,9,-33.865026,151.176837,32,0,2,1,1,0,0,0,2,0,7,40,1,9859,9859,8,0,40,1,0,0,1,0
1260920,2,2021,2021,0,4,9,2209,17,76,2205,0,1,1,-35.334571,150.45596,63,2,1,1,3,0,0,0,3,0,7,80,2,14295,14295,3,0,5,2,0,0,1,0
1260921,2,2021,2021,7,6,7,4,1,363,34609,0,1,1,-33.744666,150.713529,55,0,2,0,0,0,0,0,2,0,7,50,0,4552,5151,1,5,12,2,0,0,1,0
1260923,1,2021,2021,0,3,11,193,27,143,34609,0,1,1,-33.872891,151.101291,9,0,2,1,3,0,0,0,0,0,7,50,0,14295,14295,3,30,5,2,0,0,0,1
1260924,1,2021,2021,0,6,8,12,27,50,19,0,1,9,-33.686388,151.268103,50,0,2,1,3,0,0,0,2,0,7,60,1,1669,1669,3,10,5,2,0,0,0,1
1260926,1,2021,2021,0,4,7,2126,17,363,2149,0,1,9,-33.749401,150.68847,55,0,2,1,3,0,0,0,2,2,7,60,2,14295,14295,3,5,13,2,0,0,0,1
1260929,2,2021,2021,7,4,3,308,14,53,311,0,1,6,-33.918943,150.852292,41,0,2,0,0,0,0,0,2,0,9,70,2,1850,1463,5,16,40,1,0,0,1,0
1260930,2,2021,2021,7,3,5,2209,17,76,2205,0,1,10,-35.360407,150.473662,63,2,1,1,0,0,3,4,2,0,15,50,2,6545,6545,4,0,5,2,0,0,2,0
1260931,1,2021,2021,0,2,8,500,27,106,799,0,1,10,-33.922206,151.094878,15,0,2,1,3,0,0,0,3,2,7,60,2,5929,5929,1,0,5,3,0,0,0,1
1260932,2,2021,2021,0,4,6,126,27,74,168,0,1,9,-34.058067,150.779221,12,0,2,1,3,0,0,0,2,2,7,80,2,1383,1383,1,0,2,3,0,0,1,0
1260934,2,2021,2021,0,6,8,4,27,98,34609,0,1,1,-30.944402,150.276965,51,1,0,1,3,0,0,0,0,0,7,100,0,3775,3775,0,5,13,2,0,0,1,0
1260938,2,2021,2021,0,6,9,10,27,346,144,0,1,7,-33.870422,151.093362,14,0,2,1,3,0,0,0,0,0,0,60,2,1391,1391,1,16,5,2,0,0,1,0
1260941,1,2021,2021,0,1,7,56,23,129,144,0,1,10,-33.896564,151.089911,9,0,2,1,3,0,3,0,2,0,7,60,2,301,301,4,5,13,2,0,0,0,1
1260942,1,2021,2021,7,4,6,2,10,337,34609,0,1,1,-33.718749,150.968113,71,0,2,0,3,0,0,0,2,0,7,50,0,1669,1669,3,5,5,2,0,0,0,1
1260943,2,2021,2021,0,3,6,481,17,96,483,0,1,10,-33.364112,148.022811,51,2,1,1,3,0,0,0,2,0,0,80,2,6545,6545,4,10,5,2,0,0,1,0
1260945,2,2021,2021,0,1,8,481,17,155,483,0,1,9,-33.145533,148.170448,53,2,1,1,0,0,0,0,2,0,0,50,2,775,775,4,5,41,2,0,0,2,0
1260946,2,2021,2021,7,4,6,3371,17,21,3342,0,1,3,-31.63348,152.726509,56,1,0,0,1,0,3,4,2,0,7,110,2,1850,1463,5,0,40,1,0,0,1,0
1260947,2,2021,2021,0,5,11,91,27,119,187,0,1,10,-33.874317,151.164686,32,0,2,1,3,0,0,0,0,2,7,70,2,14295,14295,3,5,5,2,0,0,1,1
1260948,1,2021,2021,0,2,4,178,27,189,101,0,1,1,-33.944614,151.05356,15,0,2,1,3,0,0,0,2,0,7,50,1,1981,1981,4,5,5,2,0,0,0,1
1260952,4,2021,2021,0,4,4,18,27,136,148,0,1,10,-32.92899,151.715921,48,0,2,1,1,0,0,0,2,2,7,60,1,6545,6545,4,5,0,3,0,1,0,0
1260955,2,2021,2021,7,4,3,220,14,9,220,0,1,3,-34.217792,150.955251,80,0,2,1,0,0,3,4,2,0,7,110,2,14295,14295,3,0,0,2,0,0,1,0
1260957,2,2021,2021,0,6,5,6,27,316,34609,0,1,9,-31.447631,152.884196,56,2,1,1,1,0,0,0,2,0,0,50,0,1669,1669,3,8,5,2,0,0,1,0
1260958,4,2021,2021,7,5,5,117,27,72,144,0,1,10,-33.85085,151.090211,14,0,2,1,0,0,0,0,2,0,15,60,2,2852,2852,4,0,5,2,0,2,0,0
1260961,1,2021,2021,0,0,5,7,27,61,34609,0,1,1,-35.151219,149.173428,82,1,0,0,0,0,0,0,2,0,7,100,0,4552,5151,8,5,40,1,0,0,0,1
1260962,1,2021,2021,0,6,6,11,31,90,49,1,0,10,-32.923559,151.744044,48,0,2,1,1,0,0,0,2,2,7,60,2,6545,6545,4,30,5,2,0,0,0,1
1260971,2,2021,2021,0,6,6,74,23,100,260,0,1,2,-33.964362,151.154861,4,0,2,1,1,0,0,0,2,0,7,60,2,14295,14295,3,8,0,5,0,0,1,1
1260974,2,2021,2021,0,4,8,46,18,304,34609,0,1,9,-33.912711,151.159784,32,0,2,1,0,0,0,0,3,0,7,50,0,5929,5929,1,5,5,2,0,0,1,0
1260976,2,2021,2021,7,4,9,54,27,646,30,0,1,9,-33.914639,151.040054,15,0,2,1,3,0,3,4,3,2,7,60,1,5929,5929,1,0,5,2,0,0,1,0
1260980,1,2021,2021,0,2,3,220,27,104,222,0,1,10,-33.720466,150.937752,7,0,2,1,3,0,0,0,2,2,7,80,2,14295,14295,3,10,0,2,0,0,0,2
1260982,2,2021,2021,7,5,7,2126,17,166,2149,0,1,9,-33.418309,149.591118,3,2,1,1,3,0,0,0,2,2,7,70,2,14295,14295,3,5,5,2,0,0,1,0
1260991,2,2021,2021,7,6,9,294,17,56,288,0,1,1,-35.121788,147.389422,75,2,1,1,3,0,0,0,0,0,7,60,2,14295,14295,3,34,5,3,0,0,1,0
1260992,1,2021,2021,0,2,9,11,31,370,14,0,1,2,-34.068688,150.808905,13,0,2,1,3,0,0,0,0,0,7,60,1,5929,5929,1,5,5,2,0,0,0,1