Crash ID,Degree of crash - detailed,Reporting year,Year of crash,Month of crash,Day of week of crash,Two-hour intervals,Street of crash,Street type,Town,Route no.,School zone location,School zone active,Type of location,Latitude,Longitude,LGA,Urbanisation,Conurbation 1,Alignment,Street lighting,Road surface,Surface condition,Weather,Natural lighting,Signals operation,Other traffic control,Speed limit,Road classification,RUM - code,DCA - code,First impact type,Key TU type,Other TU type,No. of traffic units involved,No. killed,No. seriously injured,No. moderately injured,No. minor-other injured
1260993,2,2021,2021,0,6,4,102,27,26,34609,0,1,1,-34.57814,150.851418,62,0,2,1,3,0,0,0,2,0,7,60,0,3775,3775,0,0,5,2,0,0,1,1
1260994,1,2021,2021,0,2,5,344,27,89,382,0,1,1,-33.645323,150.789244,55,0,2,1,3,0,0,0,2,0,7,80,2,14295,14295,3,10,5,2,0,0,0,1
1260998,2,2021,2021,0,0,4,916,17,77,917,0,1,10,-32.568365,151.179627,64,2,1,1,1,0,0,0,2,3,7,50,2,1192,1192,1,33,27,2,0,0,1,0
1261000,2,2021,2021,3,3,3,2261,17,112,2252,0,1,2,-33.908069,150.942261,41,0,2,1,1,0,0,0,1,0,7,70,2,9859,9859,8,5,40,1,0,0,1,0
1261001,2,2021,2021,7,5,8,51,27,136,76,0,1,9,-32.92189,151.704152,48,0,2,1,1,0,0,0,2,0,15,60,1,14295,14295,3,5,0,2,0,0,2,0
1261002,4,2021,2021,7,6,7,2261,17,22,2252,0,1,3,-34.057506,150.794789,13,0,2,1,0,0,0,0,2,0,7,110,2,1383,1383,1,5,10,3,0,1,0,1
1261006,2,2021,2021,0,2,7,10,27,1,34609,0,1,1,-29.731315,152.789455,18,2,1,0,0,0,3,4,2,0,7,80,0,4552,5151,8,10,40,1,0,0,1,0
1261007,1,2021,2021,0,4,10,162,31,532,24,0,1,10,-33.869073,151.209667,69,0,2,1,2,0,0,0,0,2,7,40,1,14295,14295,3,5,0,2,0,0,0,2
1261009,4,2021,2021,4,3,6,1,10,23,34609,0,1,1,-35.659233,150.255053,23,2,1,0,1,2,0,0,2,0,7,80,0,4552,5151,8,5,40,1,0,1,1,0
1261010,2,2021,2021,0,4,9,829,31,143,34609,0,1,1,-33.874843,151.103096,9,0,2,1,2,0,0,0,0,0,7,40,0,9859,9859,1,5,5,2,0,0,1,0
1261011,4,2021,2021,7,5,8,10,31,463,34609,0,1,1,-30.284418,153.127189,19,2,1,1,1,0,0,3,2,0,7,60,0,1220,1220,9,5,28,2,0,1,0,0
1261014,2,2021,2021,7,1,3,26,31,363,34609,0,1,10,-33.7535,150.702934,55,0,2,1,2,0,3,4,2,2,9,50,0,2040,2040,9,33,28,2,0,0,1,0
1261015,1,2021,2020,9,2,11,97,31,363,92,0,1,10,-33.82415,150.994965,54,0,2,1,2,0,0,0,0,2,7,60,1,9859,9859,8,5,40,1,0,0,0,3
1261016,4,2021,2021,7,4,9,2126,17,73,2149,0,1,2,-33.88815,151.162191,32,0,2,1,1,0,0,0,3,0,7,60,2,1220,1220,9,5,28,2,0,1,0,0
1261022,4,2021,2021,4,2,2,512,17,53,441,0,1,1,-32.242462,148.266224,51,1,0,1,0,0,0,0,0,0,7,110,2,368,368,9,10,28,2,0,1,1,0
1261023,1,2021,2021,3,3,5,23,27,523,23,0,1,7,-33.9188,150.909012,41,0,2,1,3,0,0,0,2,0,0,60,1,5929,5929,1,5,5,2,0,0,0,2
1261026,1,2021,2021,3,1,4,2126,17,247,2149,0,1,10,-33.811775,150.95231,21,0,2,1,1,0,0,0,2,2,7,80,2,14295,14295,3,5,13,4,0,0,0,1
1261032,2,2021,2021,3,5,3,46,1,29,165,0,1,2,-33.977046,151.086666,25,0,2,0,2,0,0,0,1,0,7,50,1,14295,14295,3,16,40,2,0,0,1,0
1261033,1,2021,2021,3,3,7,296,27,290,293,0,1,9,-33.861092,150.992986,21,0,2,1,1,0,0,0,2,2,7,70,2,14295,14295,3,10,5,2,0,0,0,1
1261037,1,2021,2021,3,0,9,7,31,80,34609,0,1,1,-33.882189,151.20368,69,0,2,1,3,0,0,0,3,0,7,40,0,941,941,1,5,27,2,0,0,0,1
1261038,2,2021,2021,7,2,3,2261,17,68,2252,0,1,9,-34.766206,148.762047,82,1,0,1,0,0,0,1,2,0,0,110,2,5929,5929,1,8,10,2,0,0,1,1
1261040,2,2021,2021,0,2,6,48,27,70,166,0,1,1,-33.261364,151.51836,16,2,2,1,3,0,0,0,2,0,7,50,2,14295,14295,3,0,13,5,0,0,2,3
1261041,1,2021,2021,3,1,3,143,31,123,181,0,1,2,-33.881808,151.219573,81,0,2,1,3,0,0,0,1,0,7,50,2,1192,1192,1,5,22,2,0,0,0,1
1261045,1,2021,2021,0,4,9,3371,17,4,3342,0,1,2,-29.413892,153.241736,18,1,0,1,0,0,0,0,3,0,7,100,2,475,475,5,9,40,1,0,0,0,1
1261046,2,2021,2021,7,1,1,829,27,159,770,0,1,9,-33.80589,151.075934,61,0,2,1,2,0,0,0,0,0,7,70,2,489,489,8,5,40,1,0,0,1,0
1261047,2,2021,2021,3,2,8,19,27,143,34609,0,1,1,-33.88049,151.10646,9,0,2,1,1,0,0,0,2,0,7,50,0,238,238,9,5,28,2,0,0,1,0
1261048,2,2021,2021,7,1,5,361,32,460,42,0,1,9,-33.84325,150.991501,21,0,2,0,0,0,0,0,2,0,7,50,1,3775,3775,0,5,21,2,0,0,2,0
1261049,1,2021,2021,4,4,10,125,31,438,44,0,1,9,-33.847141,151.030945,21,0,2,1,2,0,0,0,3,2,7,60,1,14295,14295,3,5,0,2,0,0,0,2
1261050,1,2021,2021,7,0,9,22,27,123,59,0,1,9,-33.887866,151.225348,69,0,2,0,3,0,3,4,3,2,7,40,1,14295,14295,3,0,5,2,0,0,0,1
1261052,4,2021,2021,7,1,8,36,27,39,34609,0,1,1,-34.034997,150.761937,12,0,2,1,1,0,3,4,2,0,7,60,0,1981,1981,4,5,36,2,0,1,0,0
1261055,4,2021,2021,7,1,4,6,10,33,34609,0,1,7,-34.062583,150.73246,12,0,2,1,0,0,0,0,2,0,0,50,0,2040,2040,9,5,28,2,0,1,0,0
1261057,2,2021,2021,0,2,8,7,27,19,34609,0,1,9,-33.457943,150.11865,40,2,1,1,0,0,0,0,2,0,7,50,0,1220,1220,9,10,28,2,0,0,1,0
1261061,2,2021,2021,7,6,9,90,31,123,165,0,1,2,-33.908075,151.213439,59,0,2,1,3,0,0,0,3,0,7,80,2,14295,14295,3,5,13,3,0,0,1,0
1261063,4,2021,2021,3,0,9,61,27,53,208,0,1,10,-33.850456,150.961136,21,0,2,1,1,0,0,0,2,2,7,60,1,5929,5929,1,5,5,2,0,1,0,0
1261068,4,2021,2021,7,4,7,2,27,251,34609,0,1,1,-33.767032,150.9558,7,0,2,1,1,0,0,0,2,0,7,50,0,5929,5929,1,30,19,2,0,1,0,0
1261071,4,2021,2021,4,2,3,6,10,15,34609,0,1,1,-33.510141,150.103581,40,2,1,1,0,0,3,4,2,0,7,60,0,4026,4026,8,10,40,1,0,1,0,0
1261072,4,2021,2021,7,3,10,11,27,27,144,0,1,2,-32.886111,151.767303,48,0,2,0,2,0,0,0,0,0,7,80,2,3775,3775,0,9,5,2,0,2,0,0
1261100,2,2021,2020,2,3,10,14,31,283,34609,0,1,1,-33.841357,151.009951,21,0,2,1,2,0,0,0,0,0,7,50,0,2040,2040,9,0,28,2,0,0,1,1
1261101,4,2021,2021,0,0,10,68,31,41,168,0,1,7,-34.054668,150.695816,12,0,2,1,2,0,0,0,0,0,0,50,1,6545,6545,4,5,5,2,0,1,0,0
1261107,2,2021,2021,3,1,3,109,36,14,108,0,1,1,-28.300117,153.441859,72,1,0,0,0,0,0,0,1,0,7,100,1,14295,14295,3,9,27,2,0,0,1,1
1261108,1,2021,2021,3,5,11,6,27,2,34609,0,1,1,-28.872614,153.391665,2,2,1,0,0,0,0,0,0,0,7,80,0,3775,3775,0,0,13,2,0,0,0,2
1261109,4,2021,2021,3,5,10,2126,17,107,2149,0,1,9,-33.884297,151.196483,69,0,2,1,2,0,0,0,0,2,7,50,2,368,368,9,29,28,2,0,1,1,0
1261110,2,2021,2021,3,5,6,8,22,71,34609,0,1,10,-33.969036,151.075684,25,0,2,1,3,0,0,0,2,0,15,50,0,6545,6545,4,9,0,2,0,0,1,0
1261111,2,2021,2021,0,5,9,137,14,37,70,0,1,3,-32.814182,151.502365,17,1,0,1,2,0,3,4,3,0,7,110,2,204,204,1,0,5,3,0,0,1,0
1261115,2,2021,2021,7,1,7,2261,17,24,2252,0,1,3,-34.393998,150.517639,78,1,0,0,3,0,0,0,2,0,7,110,2,1282,1282,1,0,0,2,0,0,1,0
1261117,4,2021,2021,3,0,7,334,17,15,308,0,1,1,-30.937377,150.635167,70,2,1,1,0,0,0,0,2,0,7,80,2,5929,5929,1,0,19,2,0,1,1,0
1261119,4,2021,2021,0,3,4,2209,17,34,2205,0,1,9,-36.994534,149.909733,5,1,0,1,0,0,0,0,2,0,7,100,2,1669,1669,3,5,13,2,0,1,0,0
1261122,1,2021,2021,0,0,1,3,27,50,34609,0,1,1,-33.68049,151.2513,50,0,2,0,0,0,3,0,0,0,7,50,0,2585,4009,8,5,40,1,0,0,0,1
1261123,2,2021,2021,0,3,7,3371,17,53,3342,0,1,9,-32.926006,151.758945,48,0,2,1,1,0,0,0,2,0,9,60,2,1192,1192,1,33,27,2,0,0,1,0
1261124,2,2021,2021,0,6,5,8,31,36,34609,0,1,1,-36.091353,146.911066,0,2,1,1,1,0,0,0,2,0,7,50,0,5929,5929,1,33,18,2,0,0,1,0
1261131,2,2021,2021,4,6,9,2126,17,78,2149,0,1,2,-33.866332,151.093334,14,0,2,1,2,0,3,4,3,0,7,60,2,1282,1282,1,9,5,2,0,0,1,0
1261142,2,2021,2021,3,0,7,11,31,53,34609,0,1,1,-32.928707,151.762782,48,0,2,1,1,0,0,0,2,0,9,50,0,1220,1220,9,0,26,2,0,0,1,0
1261145,1,2021,2021,0,0,8,8,22,77,34609,0,1,3,-33.728814,151.0822,31,0,2,1,3,0,0,0,2,0,7,80,2,14295,14295,3,5,13,2,0,0,0,1
1261146,4,2021,2021,7,2,8,3371,17,463,3342,0,1,2,-30.272492,153.134879,19,2,1,0,0,0,3,3,3,0,7,60,2,2585,4009,8,0,40,2,0,1,1,0
1261147,2,2021,2021,0,4,2,53,31,67,125,0,1,1,-33.886729,151.006203,15,0,2,1,3,0,3,6,0,0,7,60,1,9859,9859,8,5,40,1,0,0,1,0
1261153,1,2021,2021,3,5,6,196,10,166,168,0,1,9,-33.936684,150.98085,15,0,2,1,3,0,0,0,2,0,0,60,2,14295,14295,3,29,13,2,0,0,0,1
1261158,1,2021,2021,0,4,7,1104,11,130,770,0,1,2,-33.870038,151.188716,69,0,2,1,3,0,0,0,2,0,7,60,2,14295,14295,3,5,36,2,0,0,0,1
1261159,2,2021,2021,7,3,9,168,17,32,212,0,1,1,-35.336975,149.290689,58,2,1,0,3,0,3,4,0,0,7,80,2,4552,5151,8,5,40,1,0,0,1,0
1261161,1,2021,2021,0,5,9,3,2,73,34609,0,1,1,-33.834932,151.084429,14,0,2,1,3,0,0,0,0,0,7,50,0,14295,14295,3,5,0,2,0,0,0,2
1261169,1,2021,2021,7,5,10,102,31,107,53,0,1,10,-33.880524,151.196561,69,0,2,1,2,0,0,0,0,0,15,50,2,2040,2040,9,5,28,2,0,0,0,1
1261171,1,2021,2021,7,1,8,2261,17,443,2252,0,1,9,-33.885855,151.068262,67,0,2,1,1,0,0,0,2,2,7,60,2,1109,397,1,5,5,2,0,0,0,1
1261172,1,2021,2021,7,2,6,2261,17,140,2252,0,1,9,-33.899088,150.996431,15,0,2,1,1,0,0,0,2,2,7,70,2,14295,14295,3,5,5,2,0,0,0,1
1261174,1,2021,2021,0,6,4,38,31,188,34609,0,1,9,-33.937815,151.098698,15,0,2,1,0,0,0,0,2,0,7,50,0,4552,985,1,8,5,2,0,0,0,1
1261175,2,2021,2021,0,0,7,109,36,21,108,0,1,9,-28.272702,153.467935,72,2,1,0,1,0,0,0,2,0,7,80,1,3775,3775,0,5,0,3,0,0,1,1
1261176,2,2021,2021,0,0,8,28,3,12,117,0,1,2,-32.949322,151.684245,37,0,2,1,1,0,3,3,3,0,7,90,2,14295,14295,3,10,5,3,0,0,1,0
1261178,2,2021,2021,0,2,8,38,27,34,45,0,1,1,-35.078906,150.656627,63,2,1,1,0,0,0,0,2,0,7,60,1,14295,14295,3,21,0,2,0,0,1,0
1261179,2,2021,2021,0,2,9,9,27,110,34609,0,1,7,-33.753586,151.032715,71,0,2,1,2,0,0,0,3,0,0,50,0,6545,6545,4,0,0,2,0,0,1,0
1261182,2,2021,2021,0,5,6,168,17,55,212,0,1,1,-35.674632,150.172556,23,1,0,0,0,0,0,0,2,0,7,100,2,4552,5151,8,8,40,1,0,0,1,0
1261185,1,2021,2021,0,2,5,11,10,179,34609,0,1,7,-31.893384,152.467473,43,2,1,1,1,0,3,4,2,0,0,60,0,6545,6545,4,0,0,2,0,0,0,1
1261187,4,2021,2021,0,4,5,149,36,13,113,0,1,1,-32.383437,152.342183,43,1,0,1,0,0,0,0,2,0,7,100,1,43,43,3,8,13,2,0,2,2,0
1261188,2,2021,2021,0,2,6,1,27,3,34609,1,0,1,-35.397661,148.246659,66,1,0,0,0,0,0,0,2,0,7,100,0,1850,1463,5,16,40,1,0,0,1,0
1261195,4,2021,2021,0,2,8,147,27,72,605,0,1,9,-33.829231,151.228236,49,0,2,1,1,0,0,0,3,0,7,60,2,1220,1220,9,0,28,2,0,1,0,0
1261196,2,2021,2021,7,6,7,41,27,228,69,0,1,10,-34.726979,149.742204,26,2,1,1,1,0,0,0,2,0,0,60,1,1669,1669,3,5,5,3,0,0,1,0
1261197,1,2021,2021,7,1,8,23,27,523,23,0,1,10,-33.922901,150.908325,41,0,2,1,1,0,0,0,2,2,7,60,1,5929,5929,1,0,5,3,0,0,0,1
1261200,1,2021,2021,7,6,5,109,36,7,108,0,1,1,-28.481458,153.515015,10,2,1,1,0,0,0,0,2,0,7,80,1,9859,9859,8,21,40,1,0,0,0,1
1261201,4,2021,2021,7,1,4,1,1,9,34609,0,1,10,-33.844723,151.051605,54,0,2,1,1,0,0,0,2,0,0,40,0,6545,6545,4,5,19,2,0,1,1,0
1261205,1,2021,2021,0,2,3,149,27,52,198,0,1,7,-33.960912,150.959671,41,0,2,0,3,0,0,0,2,0,0,60,2,2585,4009,8,16,40,1,0,0,0,1
1261209,2,2021,2021,7,4,6,4,31,136,34609,0,1,1,-33.925975,151.076351,15,0,2,1,0,0,0,0,2,0,7,50,0,3775,3775,0,28,0,3,0,0,1,0
1261212,2,2021,2021,0,6,3,85,10,38,702,0,1,2,-33.842081,151.082871,14,0,2,1,3,0,0,0,1,0,7,80,2,14295,14295,3,5,0,2,0,0,1,2
1261216,1,2021,2021,7,5,3,59,31,107,321,0,1,10,-33.879359,151.199495,69,0,2,1,3,0,0,0,1,2,7,50,2,14295,14295,3,9,0,2,0,0,0,1
1261220,1,2021,2021,0,2,6,2126,17,78,2149,0,1,10,-33.866479,151.093618,14,0,2,1,3,0,0,0,2,2,7,60,2,14295,14295,3,0,0,2,0,0,0,1
1261221,2,2021,2021,7,3,2,6,18,243,34609,0,1,1,-33.957118,150.894791,41,0,2,1,0,0,3,0,0,0,7,50,0,9859,9859,1,5,5,2,0,0,1,0
1261222,1,2021,2021,7,1,7,500,27,293,799,0,1,9,-33.932883,151.040359,15,0,2,0,3,0,0,0,2,2,7,60,2,1391,1391,1,0,5,2,0,0,0,1
1261224,1,2021,2021,0,2,7,92,31,70,34609,0,1,1,-32.737556,151.561106,42,2,1,1,3,0,0,0,2,0,7,50,0,1945,1945,5,16,40,1,0,0,0,1
1261227,4,2021,2021,3,4,8,82,31,39,34609,0,1,10,-35.313558,148.224449,66,2,1,1,3,0,0,0,2,0,0,50,0,395,395,1,5,5,2,0,1,1,0
1261234,1,2021,2021,7,2,9,1104,14,142,962,0,1,3,-33.827854,150.999409,54,0,2,0,3,0,0,0,2,0,7,90,2,1391,1391,1,5,5,2,0,0,0,1
1261240,1,2021,2021,7,0,4,2,31,224,34609,0,1,9,-33.837486,151.236017,45,0,2,1,3,0,0,0,2,0,0,50,0,1282,1282,1,22,0,2,0,0,0,1
1261242,1,2021,2021,0,6,4,2,27,144,34609,0,1,9,-34.050867,151.008401,68,0,2,1,3,0,0,0,2,0,7,50,0,238,238,9,0,28,2,0,0,0,2
1261245,1,2021,2021,0,1,8,35,27,47,36,0,1,1,-35.230293,149.40473,58,2,1,1,3,0,0,0,2,0,7,80,1,9859,9859,8,5,40,1,0,0,0,2
1261246,1,2021,2021,0,5,7,3371,17,73,3342,1,2,9,-33.77878,151.169352,36,0,2,1,3,0,0,0,2,0,7,40,2,14295,14295,3,10,5,2,0,0,0,1
1261252,4,2021,2021,7,3,4,4,31,22,34609,0,1,9,-36.061493,146.910345,0,2,1,0,0,0,3,4,2,0,0,50,0,1850,1463,5,16,40,1,0,1,0,0
1261253,4,2021,2021,0,2,5,1,1,99,34609,0,1,9,-33.886164,151.2731,76,0,2,1,1,0,0,0,2,0,7,50,0,2852,2852,4,5,19,2,0,1,0,0
1261256,2,2021,2021,0,1,9,2261,17,45,2252,0,1,10,-33.889643,150.9731,15,0,2,1,2,0,0,0,0,2,7,70,2,14295,14295,3,33,5,3,0,0,1,0
1261261,2,2021,2021,0,6,8,2,31,283,34609,0,1,10,-33.83434,151.00056,21,0,2,1,1,0,0,0,2,0,0,50,0,1945,1945,5,16,40,1,0,0,1,0
1261262,2,2021,2021,3,1,7,8,31,234,34609,0,1,1,-34.285869,146.042725,28,2,1,1,0,0,0,0,2,0,7,50,0,945,945,5,16,40,1,0,0,1,0
1261263,2,2021,2021,7,4,8,147,27,104,605,0,1,2,-33.83108,151.221005,49,0,2,1,1,0,0,0,2,2,9,60,2,1220,1220,9,0,28,2,0,0,1,0
1261264,1,2021,2020,9,3,5,225,17,9,180,0,1,1,-34.579459,150.703787,62,0,2,1,0,0,0,0,2,0,7,90,2,83,83,5,16,40,1,0,0,0,1
1261265,4,2021,2021,0,3,9,17,31,117,34609,0,1,1,-28.176893,153.540012,72,2,1,1,2,0,3,4,0,0,7,50,0,368,368,9,5,26,2,0,1,0,0
1261267,2,2021,2021,0,2,9,97,31,460,92,0,1,9,-33.829835,150.993341,21,0,2,1,0,0,0,0,2,2,7,60,1,5929,5929,1,9,0,2,0,0,1,0
1261272,2,2021,2021,0,5,9,829,31,179,70,0,1,10,-31.912886,152.461818,43,2,1,1,2,0,0,0,3,2,9,40,1,1220,1220,9,5,28,2,0,0,1,0
1261276,2,2021,2021,0,2,6,230,27,100,284,0,1,2,-33.810001,151.15979,38,0,2,1,1,0,0,0,2,0,7,60,2,14295,14295,3,5,0,4,0,0,1,0
1261277,1,2021,2021,0,3,10,17,10,63,34609,0,1,1,-33.245235,151.498393,16,2,2,0,2,0,0,0,0,0,7,50,0,1957,4009,8,30,40,1,0,0,0,1
1261279,1,2021,2020,2,1,8,866,17,278,793,0,1,9,-33.78161,151.050593,54,0,2,1,1,0,0,0,2,0,7,60,2,14295,14295,3,21,5,2,0,0,0,1
1261281,2,2021,2021,3,0,8,45,31,43,81,0,1,2,-32.175435,152.499632,43,2,1,1,1,0,0,0,2,0,7,50,2,214,214,9,10,28,2,0,0,1,0
1261282,2,2021,2021,0,6,11,1,10,142,34609,0,1,1,-33.831566,150.996382,21,0,2,0,2,0,0,0,0,0,7,50,0,2585,4009,1,5,13,4,0,0,2,0
1261284,4,2021,2021,4,5,7,7,31,82,34609,0,1,9,-33.826736,151.201334,49,0,2,1,0,0,0,0,2,0,0,50,0,2852,2852,4,5,19,2,0,1,0,0
1261285,1,2021,2021,0,5,6,35,31,532,11,0,1,2,-33.875294,151.203658,69,0,2,0,1,0,0,0,2,0,7,50,1,1282,1282,1,5,19,2,0,0,0,1
1261287,1,2021,2020,6,3,9,478,17,20,480,0,1,1,-33.297294,151.539785,16,2,2,1,0,0,3,3,0,0,7,80,2,1220,1220,9,5,28,2,0,0,0,1
1261288,4,2021,2021,3,4,5,866,17,174,793,0,1,10,-33.873784,150.925875,24,0,2,1,1,0,0,0,2,2,9,70,2,6545,6545,4,5,5,4,0,1,0,0
1261291,2,2021,2021,7,4,4,2209,17,10,2205,0,1,9,-36.379975,149.922115,5,1,0,1,0,0,0,0,2,0,0,100,2,1089,1089,7,5,40,1,0,0,1,0
1261292,1,2021,2020,9,6,9,5,31,55,34609,1,0,1,-33.367426,151.457128,16,2,2,1,0,0,0,0,0,0,7,50,0,4026,4026,1,16,13,2,0,0,0,1
1261300,2,2021,2021,0,0,9,500,27,41,799,0,1,2,-33.905782,151.127587,15,0,2,1,3,0,0,0,0,0,7,60,2,14295,14295,3,5,5,2,0,0,1,0
1261301,1,2021,2021,0,6,9,104,27,137,140,0,1,1,-33.922558,151.20438,69,0,2,1,3,0,3,4,3,0,7,60,2,14295,14295,3,5,5,2,0,0,0,2
1261308,1,2021,2021,7,1,4,91,27,119,187,0,1,2,-33.871997,151.171279,32,0,2,1,3,0,0,0,2,0,7,70,2,14295,14295,3,0,5,2,0,0,0,1
1261313,1,2021,2020,9,6,8,68,27,175,208,0,1,10,-33.773866,151.083113,54,0,2,1,3,0,0,0,2,1,7,60,2,14295,14295,3,5,13,2,0,0,0,1
1261319,1,2021,2021,0,1,7,387,27,290,331,0,1,10,-33.948206,151.127863,4,0,2,1,3,0,0,0,2,2,7,60,2,14295,14295,3,29,5,2,0,0,0,1
1261320,2,2021,2021,0,0,4,222,31,131,212,0,1,9,-33.783568,151.191545,36,0,2,1,3,0,0,0,2,2,7,60,2,1669,1669,3,5,25,2,0,0,1,0
1261326,2,2021,2021,0,3,7,32,27,29,28,0,1,9,-33.93087,150.784836,41,0,2,0,1,0,0,0,2,0,0,70,1,5929,5929,1,5,5,2,0,0,1,0
1261330,2,2021,2021,3,6,7,14,31,228,34609,0,1,7,-34.748486,149.720463,26,2,1,1,1,0,0,0,2,0,0,50,0,6545,6545,4,10,5,2,0,0,1,0
1261335,2,2021,2021,7,5,10,17,10,4,34609,0,1,7,-32.749373,152.068506,57,2,1,0,2,0,3,0,0,0,0,80,0,273,957,5,10,40,1,0,0,1,0
1261345,4,2021,2021,7,6,3,19,27,143,34609,0,1,10,-33.875383,151.107464,9,0,2,1,1,0,0,0,1,2,9,50,0,2040,2040,9,9,28,2,0,1,0,0
1261347,4,2021,2021,4,4,3,2126,17,9,2149,0,1,1,-33.430217,149.731885,3,1,0,1,0,0,0,0,1,0,7,100,2,14295,14295,3,10,10,2,0,1,0,0
1261350,2,2021,2021,7,6,10,12,27,30,34609,0,1,9,-34.197658,150.554631,79,2,2,1,0,0,3,0,0,0,0,80,0,2852,2852,4,10,0,2,0,0,1,1
1261353,4,2021,2021,7,6,4,330,23,293,112,1,2,9,-33.936967,151.238476,59,0,2,1,1,0,0,0,2,0,15,40,2,2040,2040,9,5,28,2,0,1,0,0
1261354,4,2021,2021,0,4,10,196,10,166,168,0,1,9,-33.944123,150.982473,15,0,2,1,2,0,0,0,0,2,7,60,2,5929,5929,1,5,19,2,0,1,0,1
1261357,1,2021,2021,0,2,2,63,17,11,63,0,1,10,-34.10689,141.91925,51,2,1,1,2,0,0,0,0,0,0,60,2,6545,6545,4,5,5,2,0,0,0,1
1261361,2,2021,2021,0,0,10,3,31,46,34609,0,1,1,-33.793262,150.964813,54,0,2,1,2,0,0,0,0,0,7,50,0,9859,9859,8,5,40,1,0,0,1,1
1261363,4,2021,2021,7,6,10,26,17,9,13,0,1,1,-29.0243,149.065729,51,1,0,1,0,0,0,0,0,0,7,100,2,9859,9859,8,5,40,1,0,1,0,0
1261366,2,2021,2021,4,4,2,916,17,77,917,0,1,1,-32.561746,151.175028,64,2,1,1,2,0,0,0,0,0,7,50,2,941,941,1,10,13,2,0,0,1,0
1261368,2,2021,2021,0,1,7,30,10,27,30,0,1,1,-33.20942,151.202767,16,2,2,0,0,0,0,0,2,0,7,80,1,2585,4009,8,16,40,1,0,0,1,0
1261369,2,2021,2021,7,4,4,81,17,7,100,0,1,9,-34.424546,150.490816,78,2,1,1,1,0,3,4,2,0,0,80,2,256,256,4,5,13,3,0,0,1,0
1261370,4,2021,2021,7,4,8,3371,17,39,3342,0,1,2,-29.838447,153.044927,18,1,0,1,0,0,3,4,2,0,7,110,2,4026,4026,8,16,40,1,0,1,1,0
1261372,4,2021,2021,7,1,8,49,27,201,47,0,1,7,-33.989185,150.867706,13,0,2,1,0,0,3,4,2,0,0,60,1,14295,14295,3,5,5,2,0,1,0,0
1261375,2,2021,2021,7,5,4,4,27,1,34609,0,1,1,-35.365062,144.08334,51,1,0,1,0,0,0,0,2,0,7,100,0,1945,1945,5,16,40,1,0,0,1,0
1261377,2,2021,2021,3,0,10,348,27,23,88,0,1,1,-33.71715,150.695761,55,0,2,1,0,0,0,0,0,0,7,60,2,3775,3775,0,10,0,2,0,0,1,0
1261380,1,2021,2021,7,0,7,4,27,12,34609,0,1,1,-28.712674,153.581559,10,2,1,0,0,0,3,3,2,0,7,60,0,1957,4009,8,5,40,1,0,0,0,1
1261381,1,2021,2021,0,4,8,1104,14,142,962,0,1,3,-33.827408,151.001737,54,0,2,1,3,0,0,0,2,0,7,90,2,14295,14295,3,9,12,2,0,0,0,1
1261391,1,2021,2021,7,1,7,45,31,204,331,0,1,9,-33.937776,151.152909,4,0,2,1,3,0,0,0,2,2,7,60,2,1391,1391,1,21,13,3,0,0,0,1
1261392,4,2021,2021,7,6,5,334,17,19,308,0,1,7,-31.462693,152.824053,56,2,1,1,1,0,0,0,2,0,0,60,2,395,395,1,5,19,2,0,1,0,0
1261396,1,2021,2021,0,4,10,2126,17,147,2149,1,0,2,-33.871312,151.122529,14,0,2,1,3,0,0,0,0,0,7,60,2,1391,1391,1,5,5,3,0,0,0,1
1261403,2,2021,2021,7,0,3,191,17,6,189,0,1,1,-32.344868,150.589643,46,1,0,0,0,0,3,4,2,0,7,100,2,1259,5151,8,0,40,1,0,0,1,0
1261404,1,2021,2021,3,5,4,2,31,56,34609,0,1,7,-33.861115,151.18089,32,0,2,1,0,0,3,4,2,0,0,40,0,775,775,4,5,27,2,0,0,0,1
1261407,1,2021,2021,7,0,8,36,27,43,38,0,1,7,-33.765498,151.250837,50,0,2,1,3,0,0,0,2,0,0,60,1,14295,14295,3,5,0,2,0,0,0,1
1261409,2,2021,2021,0,2,5,481,17,4,483,0,1,1,-30.134739,149.804829,51,1,0,1,0,0,3,4,2,0,7,110,2,1945,1945,5,16,40,1,0,0,1,0
1261412,2,2021,2021,0,1,5,3371,17,463,3342,0,1,9,-30.305607,153.101874,19,2,1,1,0,0,0,0,2,0,0,60,2,775,775,4,5,36,4,0,0,2,0
1261418,2,2021,2021,7,2,4,11,31,273,34609,0,1,7,-34.4354,150.891906,80,0,2,1,1,0,0,0,2,0,0,50,0,6545,6545,4,0,27,2,0,0,1,0
1261421,2,2021,2021,0,2,5,17,27,96,15,0,1,1,-34.229901,150.739747,79,2,2,0,0,0,0,0,2,0,7,60,1,1850,1463,5,16,40,1,0,0,1,0
1261422,4,2021,2021,0,2,5,46,27,173,115,0,1,1,-33.710165,151.130093,36,0,2,1,1,0,0,0,2,0,7,60,1,9859,9859,1,30,0,2,0,1,0,0
1261423,2,2021,2021,0,2,5,334,17,84,308,0,1,10,-31.091998,150.922756,70,2,1,1,1,0,0,0,2,2,7,50,2,14295,14295,3,5,5,2,0,0,2,0
1261428,2,2021,2021,0,5,4,45,31,43,81,0,1,2,-32.172734,152.49863,43,2,1,1,1,0,0,0,2,0,7,50,2,14295,14295,3,10,5,2,0,0,1,0
1261429,4,2021,2021,0,1,9,46,27,15,49,1,0,1,-34.068069,150.842427,13,0,2,1,2,0,0,0,0,0,8,60,1,1981,1981,4,5,19,2,0,1,0,0