Crash ID,Degree of crash - detailed,Reporting year,Year of crash,Month of crash,Day of week of crash,Two-hour intervals,Street of crash,Street type,Town,Route no.,School zone location,School zone active,Type of location,Latitude,Longitude,LGA,Urbanisation,Conurbation 1,Alignment,Street lighting,Road surface,Surface condition,Weather,Natural lighting,Signals operation,Other traffic control,Speed limit,Road classification,RUM - code,DCA - code,First impact type,Key TU type,Other TU type,No. of traffic units involved,No. killed,No. seriously injured,No. moderately injured,No. minor-other injured
1261434,4,2021,2021,3,2,10,5,27,20,34609,0,1,1,-31.011209,151.036113,70,1,0,0,0,0,3,3,0,0,7,100,0,4552,5151,8,5,40,1,0,1,0,0
1261436,2,2021,2021,0,6,6,478,17,70,480,0,1,2,-33.438486,151.358378,16,2,2,1,3,0,0,0,2,0,7,60,2,4026,4026,8,5,40,1,0,0,1,0
1261440,2,2021,2021,7,5,11,234,27,57,217,0,1,1,-33.562308,151.011683,31,0,2,0,0,0,0,0,0,0,7,60,2,2585,4009,8,10,40,1,0,0,1,0
1261441,2,2021,2021,7,6,7,19,27,182,174,0,1,1,-32.826798,151.354083,17,2,1,1,1,0,0,0,2,0,7,60,2,591,591,1,22,0,2,0,0,1,0
1261442,4,2021,2021,7,5,7,105,27,174,109,0,1,9,-33.862171,150.920715,24,0,2,1,1,0,3,4,2,0,7,60,1,591,591,1,22,5,2,0,1,1,0
1261446,2,2021,2021,7,3,5,8,27,4,34609,0,1,1,-34.546084,145.860624,51,1,0,1,0,0,3,4,2,0,7,100,0,1089,1089,7,16,40,1,0,0,1,0
1261447,4,2021,2021,4,3,9,35,27,164,163,0,1,9,-33.74368,150.873215,7,0,2,1,1,0,0,0,2,0,15,70,2,5929,5929,1,5,0,3,0,1,1,1
1261448,2,2021,2021,7,3,5,83,31,10,143,0,1,1,-34.016375,149.327646,74,2,1,1,1,0,0,0,2,0,7,50,2,9859,9859,8,0,40,1,0,0,1,2
1261449,2,2021,2021,0,1,10,153,27,188,147,0,1,10,-33.951043,151.09294,25,0,2,1,2,0,0,0,0,0,7,60,2,5929,5929,1,5,0,2,0,0,2,0
1261459,1,2021,2021,7,5,3,6,27,27,34609,0,1,9,-33.229923,151.235117,16,2,2,0,0,0,3,4,0,0,7,50,0,4552,5151,8,10,40,1,0,0,0,1
1261460,2,2021,2021,7,5,3,15,31,166,34609,0,1,1,-33.422458,149.580088,3,2,1,1,2,0,3,4,1,0,7,50,0,2040,2040,9,30,28,2,0,0,1,0
1261461,2,2021,2021,7,0,7,5,27,2,34609,0,1,1,-31.698648,147.845641,51,1,0,0,0,0,0,0,2,0,7,100,0,1850,1463,5,0,40,1,0,0,1,0
1261462,4,2021,2021,7,4,8,866,17,54,793,1,0,10,-33.724593,151.097,31,0,2,0,1,0,0,0,2,2,7,70,2,14295,14295,3,0,5,2,0,1,0,0
1261465,4,2021,2021,7,2,10,30,24,167,34609,0,1,9,-33.83087,151.07131,54,0,2,1,2,0,3,4,0,0,0,50,0,5929,5929,1,5,5,2,0,1,0,0
1261470,2,2021,2021,7,3,10,41,31,10,34609,0,1,9,-35.365773,145.744383,51,2,1,0,3,2,0,0,0,0,7,50,0,4552,5151,8,10,40,1,0,0,1,1
1261471,2,2021,2021,7,3,7,4,31,84,34609,0,1,9,-33.877651,150.936005,24,0,2,1,0,0,3,4,2,0,7,50,0,6545,6545,4,0,0,2,0,0,1,0
1261473,1,2021,2021,7,0,6,2126,17,136,2149,0,1,10,-33.8599,151.07286,67,0,2,1,3,0,0,3,2,0,15,60,2,6545,6545,4,0,0,3,0,0,0,1
1261474,2,2021,2021,3,1,8,26,27,26,25,0,1,1,-31.966027,152.565853,43,2,1,1,0,0,0,0,2,0,7,70,1,1669,1669,3,10,12,2,0,0,1,1
1261475,4,2021,2021,7,5,9,27,27,19,39,0,1,1,-31.196467,151.083339,70,1,0,0,0,0,3,4,2,0,7,100,1,1957,4009,8,10,40,1,0,2,0,0
1261477,1,2021,2021,7,3,6,478,17,70,480,0,1,10,-33.438514,151.354212,16,2,2,1,3,0,0,0,2,2,7,60,2,14295,14295,3,5,0,2,0,0,0,1
1261479,2,2021,2021,7,6,7,4,1,96,34609,0,1,1,-34.051083,150.842323,13,0,2,1,0,0,0,0,2,0,7,50,0,14295,14295,3,5,0,2,0,0,1,0
1261488,2,2021,2021,7,5,8,171,27,60,369,0,1,9,-34.036669,150.73378,12,0,2,0,1,0,0,0,2,2,7,60,2,395,395,1,0,19,2,0,0,1,0
1261490,4,2021,2021,0,5,5,9,27,58,34609,0,1,1,-33.198967,151.319594,16,2,2,0,0,2,3,0,2,0,7,60,0,1850,1463,5,16,40,1,0,1,0,0
1261491,2,2021,2021,0,4,3,46,1,159,34609,0,1,9,-33.809025,151.099592,61,0,2,1,2,0,0,0,1,0,7,50,0,2852,2852,4,10,18,2,0,0,1,0
1261492,2,2021,2021,0,6,11,1,27,3,34609,0,1,1,-32.823879,151.551073,17,2,1,0,0,2,0,0,0,0,7,80,0,4552,5151,8,0,40,1,0,0,1,0
1261497,2,2021,2021,3,2,4,24,27,12,31,0,1,1,-28.790875,153.14394,60,1,0,1,0,0,3,4,2,0,7,100,1,14295,14295,3,0,13,3,0,0,1,0
1261499,4,2021,2021,7,4,4,9,10,67,34609,0,1,1,-33.708368,150.900862,7,0,2,1,1,0,0,3,2,0,7,50,0,340,340,9,5,28,2,0,1,0,0
1261500,2,2021,2021,0,2,8,8,36,39,34609,0,1,1,-29.423574,153.328417,18,2,1,1,0,0,3,4,3,0,7,50,0,368,368,9,10,28,2,0,0,1,0
1261508,4,2021,2021,0,1,5,3,27,3,34609,0,1,1,-32.180959,151.10104,46,1,0,1,0,2,3,0,2,0,7,100,0,1945,1945,5,16,40,1,0,1,0,0
1261512,2,2021,2021,3,3,5,2126,17,115,2149,0,1,1,-33.884732,151.191204,69,0,2,1,0,0,0,0,2,0,7,60,2,14295,14295,3,10,0,2,0,0,1,0
1261514,4,2021,2021,3,2,6,5,10,44,34609,0,1,9,-32.804842,151.432855,17,2,1,0,1,0,0,0,2,0,0,50,0,380,777,5,16,40,1,0,1,0,0
1261516,4,2021,2021,0,2,9,171,27,64,369,0,1,9,-33.713736,150.723217,55,0,2,0,2,0,0,0,3,2,7,70,2,5929,5929,1,5,13,2,0,1,3,0
1261518,4,2021,2021,7,4,5,3371,17,83,3342,0,1,2,-30.125994,153.187809,19,1,0,1,0,0,3,4,2,0,7,110,2,9859,9859,1,5,36,2,0,2,1,0
1261520,1,2021,2020,5,0,6,222,31,117,34609,0,1,9,-28.166893,153.546675,72,2,1,1,1,0,3,3,2,0,0,50,0,5929,5929,1,0,0,2,0,0,0,1
1261522,2,2021,2021,7,6,9,3371,17,143,3342,1,0,10,-33.708509,151.098479,31,0,2,1,2,0,0,0,3,2,9,60,2,2040,2040,9,30,28,2,0,0,1,0
1261524,2,2021,2021,3,0,4,7,27,3,8,0,1,1,-34.613588,148.304196,30,1,0,0,0,0,0,0,2,0,7,100,1,1259,5151,8,5,40,1,0,0,1,0
1261525,1,2021,2021,0,1,6,3,31,171,34609,0,1,1,-33.804586,150.962725,21,0,2,1,0,0,0,0,2,0,7,50,0,14295,14295,3,0,13,2,0,0,0,1
1261526,2,2021,2020,2,4,11,8,27,65,34609,0,1,7,-33.797012,150.963458,54,0,2,1,2,0,0,0,0,0,0,50,0,1957,777,8,16,40,1,0,0,1,0
1261530,2,2021,2021,7,5,9,106,27,523,106,0,1,2,-33.927669,150.909071,41,0,2,1,2,0,0,0,3,2,9,60,2,340,340,9,0,28,2,0,0,1,0
1261531,1,2021,2020,2,2,2,2,27,6,34609,0,1,1,-33.628815,150.102665,40,2,1,1,0,2,0,0,0,0,7,60,0,1089,1089,7,10,40,1,0,0,0,1
1261532,4,2021,2021,7,2,9,1,34,13,34609,0,1,1,-33.350225,150.258061,40,1,0,1,0,2,0,0,2,0,7,100,0,1945,1945,5,16,40,1,0,1,0,0
1261535,4,2021,2021,4,5,6,191,17,32,189,0,1,1,-32.190968,150.453698,73,1,0,0,0,0,0,0,2,0,7,100,2,3775,3775,0,5,10,2,0,1,1,0
1261537,4,2021,2021,3,4,8,10,31,133,34609,0,1,10,-33.9207,151.017685,15,0,2,1,1,0,0,0,2,0,15,50,0,340,340,9,5,28,2,0,1,0,0
1261538,4,2021,2021,0,4,9,38,27,43,70,0,1,9,-33.737355,150.789982,7,0,2,1,0,0,0,0,3,0,7,70,1,2852,2852,4,0,36,2,0,1,0,1
1261540,2,2021,2021,0,0,11,1,1,609,34609,0,1,1,-33.788856,150.913503,7,0,2,1,2,0,0,0,0,0,7,50,0,9859,9859,1,5,5,2,0,0,1,0
1261544,2,2021,2021,7,5,6,133,27,20,260,0,1,10,-32.935582,151.629127,37,0,2,1,0,0,0,0,2,2,7,60,2,14295,14295,3,33,19,2,0,0,1,0
1261545,2,2021,2021,0,1,7,3371,17,13,3342,0,1,2,-29.987425,153.143237,19,1,0,0,0,0,0,0,2,0,7,110,2,1957,4009,8,0,40,1,0,0,2,1
1261550,4,2021,2021,0,6,9,4,27,16,34609,0,1,1,-36.440391,150.053943,5,1,0,0,0,2,0,0,0,0,7,100,0,4552,5151,8,0,40,1,0,1,0,2
1261553,2,2021,2021,0,2,6,5,31,166,34609,1,0,10,-33.420787,149.568822,3,2,1,1,1,0,0,0,2,0,0,50,0,6545,6545,4,0,5,2,0,0,1,0
1261559,2,2021,2021,3,3,1,1,27,12,18,0,1,1,-35.887687,145.682876,51,1,0,1,0,0,0,0,0,0,7,100,1,1089,1089,7,0,40,1,0,0,1,0
1261561,2,2021,2021,0,6,7,1,27,1,34609,0,1,1,-30.531455,152.816498,6,1,0,1,3,2,3,0,2,0,7,100,0,14295,14295,3,16,19,2,0,0,1,0
1261567,1,2021,2021,0,0,8,10,31,49,34609,0,1,10,-33.711956,151.299014,50,0,2,1,3,0,0,0,4,0,15,50,0,6545,6545,4,0,36,2,0,0,0,1
1261568,1,2021,2021,0,1,5,1052,14,36,928,0,1,3,-33.637621,151.146626,31,0,2,1,3,0,0,0,2,0,7,110,2,14295,14295,3,0,5,2,0,0,0,1
1261571,1,2021,2021,0,6,8,40,27,7,74,0,1,7,-33.855607,151.130606,14,0,2,1,3,0,0,0,2,0,7,50,1,220,220,1,5,5,2,0,0,0,1
1261573,1,2021,2021,0,5,9,255,31,232,34609,0,1,9,-33.691453,150.924144,71,0,2,1,3,0,0,0,0,0,7,50,0,186,186,1,5,0,2,0,0,0,1
1261575,1,2021,2021,0,5,4,387,27,290,331,0,1,10,-33.948206,151.127863,4,0,2,1,3,0,0,0,2,2,7,60,2,14295,14295,3,10,0,2,0,0,0,1
1261578,1,2021,2021,3,6,4,55,27,137,96,0,1,1,-32.957569,151.687455,37,0,2,0,3,0,0,0,2,0,7,60,2,14295,14295,3,34,5,2,0,0,0,1
1261579,2,2021,2021,0,6,10,39,22,65,34609,0,1,1,-33.395813,151.396294,16,2,2,0,3,0,0,0,0,0,7,60,0,1957,4009,8,5,40,1,0,0,1,0
1261586,1,2021,2021,7,6,8,866,17,278,793,0,1,9,-33.783114,151.046323,54,0,2,1,3,0,0,0,3,0,7,60,2,14295,14295,3,5,5,2,0,0,0,1
1261588,2,2021,2021,3,3,3,44,1,126,34609,0,1,10,-33.930244,150.812607,41,0,2,1,1,0,0,0,2,0,0,60,0,6545,6545,4,34,0,2,0,0,1,1
1261592,2,2021,2021,3,5,11,3371,17,57,3342,0,1,9,-32.988636,151.691224,37,0,2,1,2,0,0,0,0,2,7,60,2,1383,1383,1,5,5,3,0,0,1,0
1261594,2,2021,2021,3,5,3,3371,17,173,3342,0,1,10,-33.71601,151.108738,31,0,2,0,1,0,3,4,2,2,7,60,2,5929,5929,1,5,5,2,0,0,2,0
1261595,1,2021,2021,7,2,4,147,27,104,605,0,1,10,-33.830405,151.219489,49,0,2,1,3,0,3,4,2,2,7,60,2,1391,1391,1,10,5,3,0,0,0,1
1261597,2,2021,2021,3,4,8,475,10,523,268,0,1,2,-33.914757,150.908816,41,0,2,1,0,0,0,0,2,0,7,70,2,14295,14295,3,5,5,4,0,0,1,0
1261599,4,2021,2021,4,0,8,16,31,72,34609,0,1,10,-33.827809,151.222358,49,0,2,1,1,0,0,0,2,0,15,50,0,6545,6545,4,5,19,2,0,1,1,0
1261601,4,2021,2021,7,1,8,3,1,234,34609,0,1,1,-34.290966,146.028481,28,2,1,1,1,0,0,0,2,0,7,50,0,220,220,1,5,25,2,0,1,0,0
1261602,2,2021,2021,3,1,2,110,27,55,10,0,1,7,-33.933544,150.895401,41,0,2,1,0,0,0,3,1,0,0,50,0,6545,6545,4,5,13,2,0,0,1,0
1261604,1,2021,2021,0,4,7,78,23,438,34609,1,0,1,-33.847571,151.030582,21,0,2,1,3,0,0,0,2,0,9,50,0,14295,14295,3,10,5,2,0,0,0,1
1261605,2,2021,2021,7,5,7,110,27,113,48,0,1,2,-34.364315,150.859224,80,0,2,1,0,0,3,4,2,0,7,100,2,9859,9859,8,10,40,1,0,0,1,0
1261607,2,2021,2021,7,1,10,27,27,102,28,0,1,9,-33.959718,151.204836,4,0,2,1,2,0,3,4,0,3,7,80,2,945,945,5,5,40,1,0,0,1,0
1261611,2,2021,2021,0,4,10,7,31,202,34609,0,1,1,-33.936973,151.030184,15,0,2,1,2,0,0,0,0,0,7,50,0,2040,2040,9,34,28,2,0,0,2,0
1261612,2,2021,2021,0,0,4,109,27,44,169,0,1,1,-32.81083,151.428714,17,2,1,1,0,0,0,0,2,0,7,60,2,214,214,9,34,28,2,0,0,1,0
1261613,2,2021,2021,7,5,3,109,27,16,169,0,1,10,-32.828552,151.398365,17,2,1,1,0,0,0,0,2,0,7,60,2,6545,6545,4,10,12,2,0,0,2,1
1261614,4,2021,2021,0,4,7,3371,17,52,3342,0,1,1,-33.269752,151.454222,16,2,2,1,0,0,0,0,2,0,7,70,2,3775,3775,0,0,5,2,0,1,1,0
1261615,2,2021,2021,3,5,11,3371,17,16,3342,0,1,2,-31.149812,152.820724,34,1,0,0,2,0,0,0,0,0,7,110,2,782,957,5,5,40,1,0,0,1,0
1261616,4,2021,2021,4,1,9,15,27,143,51,0,1,9,-33.693599,151.098455,31,0,2,0,1,0,0,0,2,2,9,60,2,1220,1220,9,0,28,2,0,1,1,0
1261617,1,2021,2021,0,3,2,15,27,56,13,0,1,1,-32.774023,151.316081,17,2,1,1,1,0,0,1,0,0,7,80,1,1945,1945,5,10,40,1,0,0,0,1
1261619,4,2021,2021,3,4,3,60,27,136,34609,0,1,1,-32.929141,151.708098,48,0,2,1,0,0,0,0,2,0,7,50,0,190,190,1,22,41,2,0,1,0,0
1261620,2,2021,2021,7,2,3,829,31,314,240,0,1,10,-33.851189,150.938721,24,0,2,1,1,0,0,0,1,2,7,60,2,14295,14295,3,5,5,2,0,0,1,0
1261621,2,2021,2021,7,3,10,7,27,79,33,1,0,1,-33.964124,151.120744,4,0,2,1,2,0,0,0,0,0,9,50,1,1220,1220,9,5,28,2,0,0,1,0
1261628,4,2021,2021,3,3,4,43,22,136,34609,0,1,1,-33.865305,151.071105,67,0,2,1,1,0,0,0,2,0,7,50,0,368,368,9,30,28,3,0,1,0,0
1261629,4,2021,2021,3,6,7,3,27,5,34609,0,1,1,-28.77767,153.337536,39,2,1,1,1,0,0,3,2,0,7,80,0,3775,3775,0,5,13,2,0,1,1,0
1261630,2,2021,2021,3,4,2,171,27,37,369,0,1,1,-33.870847,150.69154,41,0,2,0,0,0,3,0,1,0,7,80,2,1259,5151,8,0,40,1,0,0,1,0
1261633,2,2021,2021,7,5,6,5,27,10,34609,0,1,1,-33.455818,151.439127,16,2,2,1,3,0,0,0,2,0,7,50,0,623,623,3,0,5,2,0,0,1,0
1261634,1,2021,2021,0,3,7,2126,17,125,2149,0,1,9,-33.862819,151.079634,67,0,2,1,3,0,0,0,2,2,7,60,2,5929,5929,1,5,5,2,0,0,0,1
1261635,1,2021,2021,0,4,5,137,31,53,34609,0,1,1,-32.926637,151.763415,48,0,2,1,1,0,3,3,2,0,7,60,0,9859,9859,8,10,40,1,0,0,0,1
1261639,1,2021,2021,4,0,7,154,27,443,244,0,1,9,-33.907819,151.076508,67,0,2,1,3,0,0,0,2,0,7,60,2,14295,14295,3,0,5,2,0,0,0,1
1261644,1,2021,2021,0,5,3,109,27,74,382,0,1,2,-33.751101,150.841348,7,0,2,1,3,0,0,0,1,0,8,60,2,14295,14295,3,5,0,3,0,0,0,1
1261646,1,2021,2021,0,5,4,6,1,112,34609,0,1,1,-33.903663,151.209408,69,0,2,1,3,0,0,0,2,0,7,50,0,14295,14295,3,5,19,2,0,0,0,1
1261650,1,2021,2021,0,1,5,1052,14,54,928,0,1,3,-33.460062,151.199512,16,1,2,1,3,0,0,0,2,0,7,110,2,14295,14295,3,10,5,2,0,0,0,1
1261655,2,2021,2021,0,3,6,60,10,121,84,0,1,2,-28.195096,153.542963,72,2,1,1,1,0,0,0,2,0,7,60,1,14295,14295,3,10,5,3,0,0,2,0
1261658,1,2021,2021,0,3,5,69,31,646,563,0,1,9,-33.923572,151.038686,15,0,2,1,3,0,0,0,2,0,7,70,2,14295,14295,3,5,5,2,0,0,0,1
1261661,1,2021,2021,7,6,8,866,17,187,793,0,1,9,-33.79425,150.983293,54,0,2,1,3,0,0,0,2,2,7,70,2,14295,14295,3,5,5,3,0,0,0,1
1261662,4,2021,2021,0,1,5,22,31,218,34609,0,1,1,-33.780518,150.771176,55,0,2,1,1,0,0,0,2,0,7,50,0,9859,9859,1,5,5,2,0,1,0,0
1261667,4,2021,2021,0,3,7,1,32,66,34609,0,1,1,-33.71672,150.932925,7,0,2,0,1,0,0,0,2,0,7,50,0,1957,4009,8,16,40,1,0,1,0,0
1261671,1,2021,2021,7,2,7,9,27,4,45,0,1,1,-34.33815,148.038853,30,1,0,1,0,0,0,0,2,0,7,100,1,9859,9859,8,0,40,1,0,0,0,1
1261673,1,2021,2021,7,6,6,107,22,210,121,0,1,1,-34.030273,151.108116,68,0,2,1,3,0,3,0,2,0,7,60,1,1981,1981,4,9,5,2,0,0,0,1
1261675,1,2021,2021,0,2,8,70,27,26,100,0,1,9,-33.682149,150.593527,8,2,2,1,3,0,0,0,2,0,0,60,2,1669,1669,3,5,0,2,0,0,0,1
1261681,2,2021,2021,3,0,8,26,31,125,34609,0,1,1,-33.869225,151.080577,67,0,2,1,1,0,0,0,2,0,7,50,0,2040,2040,9,5,28,2,0,0,2,0
1261682,2,2021,2021,7,6,0,65,10,132,148,0,1,1,-34.161045,151.032724,68,0,2,0,0,0,0,0,0,0,7,60,2,2585,4009,8,5,40,1,0,0,1,0
1261685,1,2021,2021,0,2,8,2126,17,104,2149,0,1,10,-33.833455,151.018618,54,0,2,1,3,0,0,0,3,2,7,60,2,14295,14295,3,5,5,2,0,0,0,1
1261689,1,2021,2021,0,4,7,178,31,157,34609,0,1,10,-33.800605,151.010816,54,0,2,1,3,0,0,0,2,0,0,50,0,2852,2852,4,5,5,2,0,0,0,1
1261691,1,2021,2021,0,1,4,158,27,46,207,0,1,2,-33.876778,151.231033,81,0,2,1,3,0,0,0,2,0,7,60,2,14295,14295,3,8,5,2,0,0,0,1
1261694,1,2021,2021,0,0,1,330,23,293,112,0,1,2,-33.937136,151.238514,59,0,2,1,3,0,0,0,0,0,7,50,2,14295,14295,3,27,10,4,0,0,0,1
1261695,1,2021,2021,0,0,9,3371,17,131,3342,0,1,9,-33.783331,151.17455,36,0,2,1,3,0,0,0,0,3,7,60,2,14295,14295,3,10,5,2,0,0,0,1
1261697,2,2021,2021,0,0,9,43,27,12,118,0,1,10,-31.06319,150.901414,70,2,1,1,3,0,0,0,0,0,0,60,2,6545,6545,4,5,0,2,0,0,2,0
1261699,1,2021,2021,3,3,6,33,27,100,49,0,1,7,-33.890076,150.901337,24,0,2,1,3,0,0,0,2,0,0,60,1,1391,1391,1,5,0,2,0,0,0,1
1261701,1,2021,2021,0,1,5,6,27,29,34609,0,1,1,-28.803226,153.593099,2,2,1,1,3,0,0,0,2,0,7,60,0,14295,14295,3,5,5,2,0,0,0,1
1261702,2,2021,2021,0,2,6,117,27,73,702,0,1,2,-33.828191,151.089405,14,0,2,1,3,0,0,0,2,0,7,70,2,14295,14295,3,5,0,2,0,0,1,0
1261705,4,2021,2021,7,5,7,2209,17,24,2205,0,1,1,-36.256657,150.133972,23,1,0,1,0,0,3,6,2,0,7,100,2,3775,3775,0,0,5,2,0,1,0,0
1261708,1,2021,2021,7,6,8,23,10,87,23,0,1,7,-33.915371,150.954254,41,0,2,1,3,0,0,0,2,0,0,60,1,14295,14295,3,0,5,2,0,0,0,1
1261709,4,2021,2021,3,4,8,229,14,110,237,0,1,3,-33.766401,151.009242,54,0,2,1,3,0,0,0,3,0,7,100,2,14295,14295,3,5,13,2,0,1,0,0
1261716,4,2021,2021,3,4,9,22,1,346,34609,0,1,10,-33.872139,151.091216,67,0,2,1,2,0,0,0,3,0,0,50,0,1957,777,8,22,40,1,0,1,0,0
1261719,4,2021,2021,4,4,6,2,27,2,34609,0,1,1,-28.683846,153.26285,39,2,1,0,0,2,0,0,2,0,7,80,0,1850,1463,5,16,40,1,0,1,0,0
1261721,4,2021,2021,0,0,4,1,1,50,34609,0,1,10,-33.625142,151.335747,50,0,2,1,1,0,0,0,2,0,0,50,0,2852,2852,4,0,19,2,0,1,0,0
1261723,2,2021,2021,0,5,7,15,10,26,34609,0,1,1,-33.071776,151.579403,37,0,2,0,1,0,0,0,2,0,7,50,0,941,941,1,5,5,2,0,0,1,0
1261726,2,2021,2021,0,5,4,3371,17,89,3342,0,1,2,-28.212805,153.545813,72,1,0,1,0,0,0,0,2,0,7,100,2,4026,4026,8,0,40,1,0,0,1,0
1261728,2,2021,2021,0,2,10,2261,17,32,2252,0,1,2,-34.831132,149.045037,82,1,0,0,0,0,0,0,0,0,7,110,2,1957,4009,8,0,40,1,0,0,2,1
1261730,1,2021,2021,0,1,7,163,27,41,165,1,0,9,-33.730684,150.828968,7,0,2,1,0,0,0,0,2,0,9,60,1,2040,2040,9,30,26,2,0,0,0,1
1261733,2,2021,2021,0,0,6,1052,14,118,928,0,1,3,-33.427298,151.277073,16,1,2,1,1,0,0,0,2,0,7,110,2,14295,14295,3,0,36,3,0,0,1,0
1261739,4,2021,2021,7,1,7,7,27,26,3,0,1,1,-33.560087,145.702138,51,1,0,1,0,2,0,0,2,0,7,100,1,945,945,5,16,40,1,0,1,0,0
1261743,2,2021,2021,7,6,5,55,31,172,17,0,1,7,-32.757385,151.583605,42,2,1,1,1,0,0,0,2,0,0,50,1,6545,6545,4,0,13,2,0,0,1,0
1261745,2,2021,2021,0,4,7,163,27,41,165,1,2,2,-33.729677,150.826882,7,0,2,1,1,0,0,0,2,0,7,40,1,14295,14295,3,10,0,3,0,0,2,0
1261746,4,2021,2021,7,1,6,1052,14,60,928,0,1,3,-33.426115,151.236365,16,1,2,0,1,0,3,4,2,0,7,110,2,14295,14295,3,29,10,2,0,1,0,1
1261747,1,2021,2020,2,2,6,4,31,42,34609,0,1,1,-35.998133,146.391214,51,2,1,1,1,0,0,0,2,0,7,50,0,9859,9859,8,5,40,1,0,0,0,1
1261749,2,2021,2021,0,6,8,3371,17,52,3342,0,1,1,-33.269308,151.454315,16,2,2,1,0,0,0,0,3,0,7,70,2,14295,14295,3,0,13,3,0,0,1,0
1261753,2,2021,2021,7,1,6,3371,17,104,3342,0,1,9,-32.824795,151.683981,48,0,2,1,3,0,0,0,2,2,7,80,2,14295,14295,3,0,13,2,0,0,1,0
1261763,1,2021,2021,0,2,6,25,31,127,30,0,1,10,-33.893434,151.157634,32,0,2,1,0,0,0,0,2,0,7,60,1,1192,1192,1,5,27,2,0,0,0,1
1261771,2,2021,2021,3,4,7,1,31,293,34609,0,1,10,-33.941911,151.247404,59,0,2,1,1,0,0,0,2,0,0,50,0,340,340,9,0,28,2,0,0,1,0
1261773,2,2021,2021,3,5,8,67,27,100,15,0,1,1,-33.804095,151.152392,77,0,2,1,1,0,0,0,2,0,7,50,1,9859,9859,1,5,0,2,0,0,1,0
1261774,1,2021,2021,7,6,5,2261,17,346,2252,1,0,10,-33.891759,151.083419,67,0,2,1,1,0,0,0,2,2,7,60,2,14295,14295,3,10,36,2,0,0,0,1
1261777,2,2021,2021,4,2,7,3371,17,18,3342,0,1,2,-30.823403,152.881548,47,1,0,0,0,0,0,0,2,0,7,100,2,380,714,5,0,40,1,0,0,1,1
1261822,1,2021,2021,3,4,3,56,27,443,44,0,1,1,-33.915396,151.055856,15,0,2,1,3,0,3,0,2,0,7,60,1,77,77,1,5,5,2,0,0,0,1
1261825,1,2021,2021,8,2,6,133,31,139,51,0,1,1,-33.884164,151.144478,32,0,2,1,3,0,0,0,2,0,7,50,1,14295,14295,3,5,5,2,0,0,0,1
1261826,2,2021,2021,0,6,9,34,31,145,140,0,1,10,-33.927406,151.124435,15,0,2,1,2,0,3,4,0,2,9,50,1,2040,2040,9,5,28,2,0,0,1,0
1261828,4,2021,2021,7,4,9,204,31,28,82,1,0,9,-35.144358,147.350618,75,2,1,1,1,0,0,0,2,0,0,60,1,5929,5929,1,5,19,2,0,1,1,0
1261830,2,2021,2021,0,0,4,62,10,122,62,0,1,10,-33.425312,151.34462,16,2,2,1,1,0,0,0,2,2,7,50,2,1669,1669,3,16,5,2,0,0,1,0
1261831,4,2021,2021,3,2,9,10,31,90,34609,0,1,10,-32.927829,151.750739,48,0,2,1,2,0,3,4,3,0,0,50,0,926,926,4,5,12,2,0,3,2,0
1261837,2,2021,2021,0,6,7,1,27,13,34609,0,1,1,-34.729843,150.414519,63,2,1,0,0,0,0,0,2,0,7,60,0,1957,4009,8,5,40,1,0,0,1,0
1261839,2,2021,2021,0,3,6,2261,17,12,2252,0,1,2,-34.821669,149.067361,74,1,0,0,3,0,0,0,2,0,7,110,2,4552,5151,8,15,40,1,0,0,1,0
1261844,1,2021,2020,10,2,5,330,23,150,112,0,1,10,-33.92834,151.23304,59,0,2,1,1,0,0,0,2,2,7,60,2,14295,14295,3,5,27,2,0,0,0,1
1261845,1,2021,2021,0,6,7,97,17,17,88,0,1,2,-34.847002,149.554383,26,1,0,0,0,0,0,0,2,0,7,110,2,782,957,5,10,40,1,0,0,0,2
1261847,1,2021,2021,0,2,10,12,31,84,34609,0,1,9,-33.814217,150.991176,21,0,2,1,3,0,0,0,0,0,7,50,0,1981,1981,4,0,5,2,0,0,0,1
1261849,1,2021,2021,7,6,9,3371,17,121,3342,0,1,2,-28.198091,153.530349,72,1,0,1,3,0,0,3,0,0,7,100,2,101,101,8,5,35,2,0,0,0,2
1261854,1,2021,2021,0,0,8,3371,17,463,3342,0,1,9,-30.29269,153.117221,19,2,1,1,3,0,3,4,2,2,7,60,2,14295,14295,3,0,0,2,0,0,0,1
1261860,4,2021,2021,0,3,3,59,10,89,34609,0,1,10,-33.904124,151.235844,59,0,2,1,0,0,0,0,2,0,7,30,0,515,515,1,0,27,2,0,1,0,0
1261861,2,2021,2021,8,2,5,22,27,25,34609,0,1,9,-33.874946,151.223139,69,0,2,1,1,0,0,0,2,0,7,40,0,2040,2040,9,5,28,2,0,0,1,0
1261862,4,2021,2021,8,3,8,55,27,74,9,0,1,1,-33.734905,151.045001,31,0,2,0,2,0,0,0,3,0,7,60,1,14295,14295,3,5,0,2,0,1,0,0
1261864,2,2021,2021,0,0,4,29,31,163,34609,0,1,10,-33.864252,151.10054,14,0,2,1,0,0,0,0,2,0,7,50,0,591,591,1,17,0,2,0,0,1,0
1261867,4,2021,2021,0,5,8,1,31,149,34609,0,1,9,-33.986397,151.139515,4,0,2,1,0,0,0,0,2,0,7,50,0,5929,5929,1,10,19,2,0,1,0,0