Crash ID,Degree of crash - detailed,Reporting year,Year of crash,Month of crash,Day of week of crash,Two-hour intervals,Street of crash,Street type,Town,Route no.,School zone location,School zone active,Type of location,Latitude,Longitude,LGA,Urbanisation,Conurbation 1,Alignment,Street lighting,Road surface,Surface condition,Weather,Natural lighting,Signals operation,Other traffic control,Speed limit,Road classification,RUM - code,DCA - code,First impact type,Key TU type,Other TU type,No. of traffic units involved,No. killed,No. seriously injured,No. moderately injured,No. minor-other injured
1261868,4,2021,2021,8,2,3,32,27,14,27,0,1,1,-33.658131,151.271578,50,0,2,1,0,0,0,0,2,0,7,50,2,1945,1945,5,22,40,1,0,1,0,0
1261869,4,2021,2021,8,5,0,3,27,112,7,0,1,1,-33.618803,150.815681,29,2,2,1,0,0,0,0,0,0,7,60,1,121,121,9,33,26,2,0,1,0,0
1261871,2,2021,2021,8,2,3,7,31,234,34609,1,0,7,-34.293254,146.041293,28,2,1,1,1,0,0,0,2,0,0,50,0,6545,6545,4,0,5,2,0,0,1,0
1261874,4,2021,2021,0,2,8,47,10,62,34609,0,1,9,-32.920345,151.609865,37,0,2,1,1,0,0,0,2,0,7,50,0,6545,6545,4,22,13,2,0,1,0,0
1261876,2,2021,2021,0,2,6,4,27,15,34609,0,1,1,-33.505804,150.110152,40,2,1,0,0,0,0,3,2,0,7,80,0,4552,5151,8,0,40,1,0,0,2,0
1261879,2,2021,2021,7,2,11,26,31,174,34609,0,1,10,-33.893378,151.208326,69,0,2,1,2,0,0,0,0,0,15,40,0,591,591,1,22,0,2,0,0,1,0
1261881,1,2021,2021,3,2,5,15,27,64,34609,0,1,1,-34.38349,150.89996,80,0,2,1,1,0,3,4,2,0,7,50,0,14295,14295,3,5,5,2,0,0,0,1
1261882,4,2021,2021,3,6,9,9,10,45,25,0,1,2,-33.81364,150.787867,55,0,2,0,0,0,0,0,2,0,7,80,2,782,957,5,8,40,1,0,1,0,0
1261884,4,2021,2021,3,0,5,8,31,273,34609,0,1,7,-34.423845,150.882639,80,0,2,1,1,0,0,0,2,0,0,50,0,926,926,4,22,0,2,0,1,0,0
1261886,2,2021,2021,0,5,9,3371,17,173,3342,0,1,2,-33.716459,151.108684,31,0,2,1,2,0,0,0,0,0,7,60,2,14295,14295,3,5,0,3,0,0,1,1
1261890,2,2021,2021,3,1,5,1,10,92,34609,0,1,9,-33.746684,150.951426,71,0,2,0,1,0,0,0,2,2,7,50,0,14295,14295,3,0,5,2,0,0,1,1
1261891,2,2021,2021,3,5,6,3371,17,65,3342,0,1,9,-33.37767,151.374311,16,2,2,0,1,0,0,0,2,0,7,40,2,14295,14295,3,5,5,3,0,0,1,0
1261897,2,2021,2021,3,0,2,344,27,609,163,1,0,2,-33.759003,150.896165,7,0,2,1,3,1,2,6,1,0,7,60,2,9859,9859,8,5,40,1,0,0,1,0
1261899,4,2021,2021,7,3,10,193,31,11,34609,0,1,9,-30.02845,153.194455,19,2,1,1,2,0,0,0,0,0,7,50,0,782,985,5,10,40,1,0,1,0,0
1261901,2,2021,2021,4,2,7,44,27,67,38,1,0,9,-33.872185,150.88942,24,0,2,1,1,0,0,0,2,2,7,60,1,5929,5929,1,34,5,2,0,0,1,0
1261905,2,2021,2021,0,6,5,475,31,532,75,0,1,10,-33.873304,151.209896,69,0,2,1,1,0,0,0,2,2,7,40,2,1669,1669,3,33,5,2,0,0,1,0
1261907,2,2021,2021,0,6,9,126,27,27,168,0,1,2,-34.043112,150.754197,12,0,2,0,2,0,0,0,3,0,7,80,2,14295,14295,3,8,13,4,0,0,1,0
1261914,4,2021,2021,0,0,7,43,27,46,29,0,1,1,-32.915712,151.67458,48,0,2,0,0,0,0,0,2,0,7,60,1,14295,14295,3,0,5,3,0,1,0,0
1261915,2,2021,2021,0,2,10,348,27,23,15,0,1,1,-33.672354,150.67626,55,0,2,1,0,0,0,0,0,0,7,80,1,1669,1669,3,0,13,2,0,0,1,1
1261917,2,2021,2021,8,3,5,213,17,13,213,0,1,1,-29.446814,152.378784,51,1,0,0,0,0,3,4,2,0,7,100,2,4552,5151,8,16,40,1,0,0,1,0
1261920,2,2021,2021,0,1,5,93,1,31,231,0,1,9,-33.503151,151.330382,16,2,2,0,1,0,0,0,2,0,7,60,2,273,957,5,16,40,1,0,0,1,0
1261921,2,2021,2021,0,0,6,478,17,18,480,0,1,1,-33.220295,151.535728,16,2,2,1,0,0,0,0,2,0,7,70,2,3775,3775,0,5,5,2,0,0,2,0
1261925,4,2021,2021,7,6,7,82,27,134,181,0,1,1,-33.8929,151.256473,76,0,2,1,1,0,0,0,2,2,9,50,2,2040,2040,9,5,28,2,0,1,0,0
1261927,1,2021,2021,0,6,3,168,10,387,260,0,1,2,-33.946276,151.170589,4,0,2,1,0,0,0,0,1,0,7,70,2,14295,14295,3,9,5,2,0,0,0,1
1261932,1,2021,2021,0,2,5,128,27,74,133,0,1,2,-33.760775,150.683999,55,0,2,1,1,0,0,0,2,0,7,60,2,1383,1383,1,5,0,2,0,0,0,1
1261935,2,2021,2021,0,4,7,485,31,169,769,0,1,1,-33.600985,150.760347,29,2,2,1,1,0,0,0,2,0,7,60,2,14295,14295,3,5,5,3,0,0,1,1
1261936,4,2021,2021,7,1,6,24,27,57,36,0,1,1,-33.602434,150.979488,71,0,2,0,0,0,3,4,2,0,7,60,1,3775,3775,0,9,0,2,0,1,0,0
1261937,4,2021,2021,0,3,4,109,36,28,108,0,1,1,-28.318764,153.430568,72,2,1,1,1,0,0,0,2,0,7,60,1,1669,1669,3,5,5,2,0,1,0,0
1261938,2,2021,2021,7,0,5,35,27,30,34609,0,1,1,-28.33073,153.521182,72,2,1,0,0,0,0,0,2,0,7,60,0,1850,1463,5,16,40,1,0,0,1,0
1261940,2,2021,2021,0,5,4,4,27,12,34609,0,1,2,-34.258273,146.001467,28,2,1,1,0,0,0,0,2,0,13,50,0,19,19,10,8,38,2,0,0,1,0
1261941,4,2021,2021,0,6,4,3,27,12,10,0,1,1,-36.772592,149.690368,5,1,0,0,1,0,3,3,2,0,7,100,1,2585,4009,8,5,40,1,0,1,0,0
1261942,2,2021,2021,4,6,10,3,10,70,34609,0,1,1,-34.836835,150.600399,63,2,1,1,2,0,0,0,0,0,7,40,0,3775,3775,0,5,5,2,0,0,1,0
1261945,4,2021,2021,0,5,3,4,31,304,96,0,1,6,-33.914509,151.163963,32,0,2,1,1,0,0,0,2,0,9,60,2,2040,2040,9,5,28,2,0,1,0,0
1261946,1,2021,2021,8,6,4,2,25,41,34609,0,1,9,-34.099783,150.805075,13,0,2,0,0,0,3,4,2,0,7,60,0,2040,2040,9,33,26,2,0,0,0,1
1261947,4,2021,2021,8,2,9,1104,14,142,962,0,1,3,-33.827854,150.999409,54,0,2,0,2,0,0,0,0,0,7,90,2,14295,14295,3,5,0,3,0,1,0,0
1261951,2,2021,2021,0,6,4,1052,14,101,928,0,1,3,-32.886565,151.603201,37,0,2,1,0,0,0,0,2,0,7,110,2,1383,1383,1,10,13,2,0,0,1,0
1261952,2,2021,2021,7,1,5,103,27,34,98,0,1,1,-32.855865,150.827644,64,1,0,0,0,0,0,0,2,0,7,100,2,4552,5151,8,16,40,1,0,0,1,0
1261953,2,2021,2021,0,6,2,100,27,109,799,0,1,10,-33.903921,151.140864,32,0,2,1,1,0,0,0,1,2,7,60,2,1282,1282,1,9,5,2,0,0,1,0
1261954,4,2021,2021,0,0,4,54,27,38,563,0,1,9,-34.046271,150.987797,68,0,2,1,1,0,0,0,2,0,15,80,2,2852,2852,4,9,5,2,0,1,1,0
1261956,4,2021,2021,0,0,8,481,17,96,483,0,1,1,-33.387392,148.008603,51,2,1,1,0,0,0,0,2,0,7,50,2,78,78,8,16,40,1,0,1,0,0
1261957,4,2021,2021,0,2,4,27,27,19,39,0,1,1,-31.225669,151.114835,70,2,1,0,0,0,3,4,2,0,7,80,1,2585,4009,8,16,40,1,0,1,0,0
1261961,1,2021,2021,8,6,4,3,1,29,34609,1,2,1,-33.726219,150.726369,55,0,2,1,1,0,3,3,2,0,7,40,0,1220,1220,9,0,28,2,0,0,0,1
1261963,1,2021,2021,7,6,9,11,27,9,118,0,1,1,-29.99502,150.595186,51,1,0,0,0,0,0,0,2,0,7,100,2,4552,5151,8,29,40,1,0,0,0,1
1261964,1,2021,2021,0,6,8,109,27,71,106,0,1,10,-33.832332,150.969496,21,0,2,1,1,0,3,4,3,2,7,60,1,14295,14295,3,9,5,2,0,0,0,1
1261965,1,2021,2021,0,0,4,1104,14,247,962,0,1,3,-33.807646,150.932472,21,0,2,0,1,0,0,0,2,0,7,100,2,101,101,8,0,40,2,0,0,0,1
1261967,2,2021,2021,0,4,7,111,27,57,233,0,1,9,-33.944112,151.226838,4,0,2,1,1,0,0,0,2,2,7,60,2,5929,5929,1,5,5,2,0,0,2,0
1261973,4,2021,2021,7,5,5,17,27,323,25,0,1,9,-33.81117,150.84708,7,0,2,1,0,0,0,0,2,2,7,80,2,5929,5929,1,9,10,2,0,1,0,1
1261976,1,2021,2021,7,6,4,192,31,316,120,1,2,10,-33.925652,151.23933,59,0,2,1,3,0,0,0,2,2,7,40,2,14295,14295,3,5,5,2,0,0,0,1
1261977,1,2021,2021,0,6,4,8,27,28,34609,0,1,1,-28.684998,153.529291,10,2,1,1,3,0,0,0,2,0,7,50,0,14295,14295,3,0,5,2,0,0,0,1
1261978,2,2021,2021,7,4,3,3371,17,7,3342,0,1,2,-28.478148,153.513183,10,1,0,0,1,2,3,3,2,0,7,110,2,2585,4009,8,3,40,1,0,0,1,0
1261979,4,2021,2021,7,5,6,55,36,44,95,0,1,1,-33.079869,147.168049,51,2,1,1,1,0,0,0,2,0,7,80,2,4026,4026,8,0,40,1,0,2,0,0
1261980,2,2021,2021,7,2,5,21,27,29,34609,0,1,9,-34.078731,150.555004,79,2,2,1,0,0,3,4,2,0,15,80,0,4026,4026,8,0,40,1,0,0,1,0
1261985,1,2021,2021,0,5,4,81,31,646,80,0,1,10,-33.916107,151.014038,15,0,2,1,3,0,0,0,2,2,7,60,1,6545,6545,4,9,0,2,0,0,0,1
1261986,1,2021,2021,8,5,5,3371,17,131,3342,0,1,10,-33.789085,151.180203,77,0,2,1,3,0,3,4,2,2,7,60,2,14295,14295,3,0,0,2,0,0,0,1
1261991,1,2021,2021,0,3,6,3371,17,53,3342,0,1,2,-33.769077,151.159527,36,0,2,1,3,0,0,0,2,0,7,60,2,941,941,1,10,5,2,0,0,0,1
1261995,2,2021,2021,8,1,5,2209,17,11,2205,0,1,1,-35.387611,150.448119,63,2,1,1,1,0,0,0,2,0,7,60,2,3775,3775,0,0,10,2,0,0,2,0
1261998,1,2021,2021,0,5,3,21,1,123,25,0,1,7,-33.909813,151.220995,59,0,2,1,3,0,0,0,2,0,0,50,1,5929,5929,1,16,36,2,0,0,0,1
1262001,2,2021,2021,0,6,6,35,31,532,34609,0,1,0,-33.876761,151.208606,69,0,2,1,1,0,0,0,2,0,7,40,0,387,387,1,10,5,2,0,0,1,0
1262002,1,2021,2021,8,5,6,6,10,387,34609,0,1,2,-33.93084,151.183749,4,0,2,0,0,0,3,4,2,0,7,70,0,3775,3775,0,5,36,3,0,0,0,1
1262005,4,2021,2021,7,4,8,177,22,49,176,0,1,10,-34.048238,151.141446,68,0,2,1,1,0,0,0,2,2,7,70,2,14295,14295,3,5,5,3,0,1,1,0
1262015,1,2021,2021,0,0,4,169,31,44,57,0,1,9,-28.863379,153.537772,2,2,1,1,3,0,3,4,2,0,0,60,1,14295,14295,3,5,5,2,0,0,0,1
1262017,4,2021,2021,0,0,11,19,31,283,34609,0,1,10,-33.844296,151.008972,21,0,2,1,2,0,0,0,0,0,0,50,0,6545,6545,4,0,5,2,0,1,1,2
1262018,2,2021,2021,0,5,4,48,10,316,121,0,1,1,-31.422638,152.871442,56,2,1,1,0,0,0,0,2,0,7,60,1,14295,14295,3,5,13,2,0,0,2,0
1262024,4,2021,2021,0,6,10,1052,14,56,928,0,1,3,-32.964005,151.537987,37,0,2,1,0,0,0,0,0,0,7,110,2,9859,9859,8,0,40,1,0,1,0,0
1262026,2,2021,2021,0,0,6,18,31,20,34609,0,1,1,-31.037797,152.876189,34,2,1,1,1,0,3,4,2,0,7,50,0,9859,9859,8,30,40,2,0,0,1,0
1262027,2,2021,2021,0,6,8,19,27,17,34609,0,1,1,-34.679914,150.525238,63,1,0,1,3,2,0,0,2,0,7,100,0,237,162,8,16,40,1,0,0,1,0
1262029,2,2021,2021,0,1,6,4,27,87,34609,0,1,1,-33.071295,151.474132,37,0,2,0,1,0,0,0,2,0,7,80,0,273,957,5,5,40,1,0,0,1,0
1262031,1,2021,2021,0,4,8,234,27,337,217,0,1,9,-33.730678,151.016828,71,0,2,1,3,0,0,0,2,2,7,60,2,1391,1391,1,0,5,2,0,0,0,2
1262032,4,2021,2021,0,5,10,222,27,54,40,0,1,9,-33.639409,150.885497,29,2,2,1,2,0,0,0,0,0,0,80,1,6545,6545,4,5,5,2,0,1,0,1
1262039,1,2021,2021,7,4,10,6,31,5,34609,0,1,1,-33.998951,151.140275,4,0,2,1,2,0,0,0,0,0,7,50,0,368,368,9,5,28,2,0,0,0,1
1262042,2,2021,2020,2,1,3,7,27,201,34609,0,1,1,-34.86501,150.609459,63,2,1,1,0,0,0,0,2,0,7,20,0,1981,1981,4,0,27,2,0,0,1,0
1262043,2,2021,2021,3,0,9,3371,17,63,3342,0,1,10,-28.178671,153.521367,72,2,1,1,2,0,3,4,0,2,7,60,2,9859,9859,8,5,40,1,0,0,1,0
1262044,2,2021,2021,0,0,9,232,36,4,168,0,1,9,-34.047162,150.71778,12,0,2,1,2,0,0,0,0,0,0,70,1,14295,14295,3,0,13,2,0,0,1,0
1262045,2,2021,2021,8,6,7,2209,17,201,2205,0,1,2,-34.875463,150.605474,63,2,1,1,1,0,3,4,2,0,7,70,2,14295,14295,3,5,13,2,0,0,2,0
1262047,1,2021,2021,7,4,6,3371,17,147,3342,0,1,2,-33.738588,151.13548,36,0,2,1,1,0,3,4,2,0,7,60,2,14295,14295,3,5,5,2,0,0,0,1
1262050,1,2021,2021,3,2,3,62,27,58,166,0,1,9,-33.22795,151.421092,16,2,2,1,1,0,3,4,2,2,7,60,2,489,489,8,0,40,1,0,0,0,1
1262052,4,2021,2021,0,6,7,829,27,337,35,0,1,7,-33.730442,150.979667,71,0,2,1,1,0,0,0,2,0,0,50,1,340,340,9,5,28,2,0,1,0,0
1262053,2,2021,2021,3,0,10,2,27,12,34609,0,1,1,-33.979744,151.237938,59,0,2,1,2,0,0,0,0,0,7,50,0,9859,9859,1,5,0,3,0,0,1,0
1262054,2,2021,2021,7,3,8,16,31,94,20,0,1,9,-33.77909,150.802185,55,0,2,0,1,0,0,0,2,2,7,60,1,5929,5929,1,0,5,2,0,0,3,2
1262055,4,2021,2021,7,1,6,4,31,30,34609,0,1,1,-34.741157,146.564728,51,2,1,1,0,0,0,0,2,0,7,50,0,4026,4026,8,5,40,1,0,1,0,0
1262057,2,2021,2021,3,1,9,22,1,443,34609,0,1,1,-33.900401,151.053705,15,0,2,1,0,0,0,0,2,0,7,50,0,248,248,1,9,36,3,0,0,1,0
1262058,2,2021,2021,3,6,8,81,17,83,100,0,1,1,-34.446294,150.460024,78,2,1,1,1,0,0,0,2,0,7,60,2,14295,14295,3,5,27,2,0,0,1,0
1262059,2,2021,2021,7,4,1,1,31,37,34609,0,1,1,-32.802136,151.511952,17,2,1,1,0,0,0,0,0,0,7,50,0,9859,9859,1,5,13,2,0,0,1,0
1262060,2,2021,2021,7,3,1,224,27,26,321,0,1,9,-33.911891,151.201758,69,0,2,1,2,0,3,4,0,0,7,50,2,775,775,4,5,5,2,0,0,2,0
1262064,4,2021,2021,7,3,0,24,36,3,56,0,1,1,-34.741172,147.560761,51,1,0,1,0,0,3,4,0,0,7,100,2,4026,4026,8,5,40,1,0,1,0,0
1262066,4,2021,2021,3,5,5,46,31,171,34609,1,0,1,-33.812731,150.969351,21,0,2,1,0,0,0,0,2,0,7,50,0,1981,1981,4,0,5,2,0,1,0,0
1262067,2,2021,2021,7,2,2,348,17,12,232,0,1,1,-33.330061,150.036939,40,1,0,0,0,0,0,0,0,0,7,100,2,1850,1463,5,10,40,1,0,0,1,0
1262071,4,2021,2021,0,1,8,232,36,252,331,0,1,2,-33.951967,150.851191,41,0,2,1,0,0,0,6,2,0,7,70,2,475,475,5,5,40,1,0,1,0,0
1262072,2,2021,2021,7,0,8,31,1,234,139,0,1,9,-34.290089,146.062449,28,2,1,1,0,0,0,0,2,0,7,60,2,2852,2852,4,5,5,2,0,0,1,0
1262074,1,2021,2021,7,5,3,84,27,252,31,0,1,2,-33.944111,150.881068,41,0,2,1,0,0,0,0,1,0,7,60,1,14295,14295,3,10,0,2,0,0,0,1
1262079,2,2021,2021,0,1,11,18,36,155,19,0,1,1,-33.134384,148.191524,53,2,1,0,2,0,0,0,0,0,7,80,1,2585,4009,8,5,40,1,0,0,1,0
1262091,1,2021,2021,7,3,5,14,27,31,34609,0,1,1,-33.871268,151.032377,21,0,2,1,1,0,0,0,2,0,7,50,0,2040,2040,9,5,28,2,0,0,0,1
1262093,2,2021,2021,0,4,5,109,27,460,34609,0,1,1,-33.836484,150.989752,21,0,2,1,1,0,0,0,2,0,7,40,0,1220,1220,9,5,28,2,0,0,1,0
1262095,2,2021,2021,0,6,3,3,18,90,34609,0,1,9,-33.888736,151.235604,81,0,2,1,1,0,0,0,2,0,7,50,0,6545,6545,4,0,27,2,0,0,1,0
1262105,2,2021,2021,0,6,6,18,27,68,20,0,1,1,-33.713344,149.888862,51,1,0,0,0,0,0,0,2,0,7,100,2,1957,4009,8,10,40,1,0,0,1,0
1262106,4,2021,2021,7,1,5,1104,14,142,962,0,1,3,-33.827611,151.000695,54,0,2,0,1,0,0,0,2,0,7,90,2,14295,14295,3,29,2,3,0,1,1,0
1262107,1,2021,2021,0,1,7,4,36,40,34609,0,1,7,-33.946198,150.845596,41,0,2,1,0,0,0,0,2,0,0,50,0,1282,1282,1,5,5,2,0,0,0,1
1262109,2,2021,2021,7,5,6,283,27,197,702,1,0,10,-33.952614,151.083519,25,0,2,1,1,0,0,0,2,2,9,60,2,2040,2040,9,5,28,2,0,0,1,0
1262112,2,2021,2021,0,3,1,100,27,109,799,0,1,1,-33.90227,151.144544,32,0,2,0,2,0,0,0,0,0,7,60,2,1259,5151,8,5,40,1,0,0,3,0
1262113,2,2021,2021,7,1,8,478,17,122,480,0,1,9,-33.432875,151.342145,16,2,2,0,1,0,3,4,2,2,9,60,2,1259,5151,8,10,40,2,0,0,1,0
1262115,4,2021,2021,0,3,9,1,7,22,34609,0,1,9,-33.916809,150.878311,41,0,2,1,2,0,0,0,2,0,7,50,0,9859,9859,1,5,5,2,0,3,1,0
1262117,2,2021,2021,7,4,11,45,31,532,55,0,1,10,-33.873753,151.212595,69,0,2,1,2,0,0,0,0,2,7,40,1,1957,777,8,16,40,1,0,0,1,0
1262121,4,2021,2021,3,1,8,296,27,460,293,0,1,9,-33.846496,150.997603,21,0,2,1,1,0,0,3,2,0,7,70,2,5929,5929,1,0,5,2,0,1,1,0
1262122,1,2021,2021,3,0,7,49,27,232,62,0,1,2,-33.690602,150.921907,7,0,2,1,1,0,0,0,2,0,7,70,2,3775,3775,0,5,25,3,0,0,0,1
1262124,2,2021,2021,3,1,10,23,1,90,34609,0,1,1,-33.689282,150.314927,8,2,2,1,2,0,3,4,0,0,7,50,0,84,84,6,16,40,1,0,0,1,0
1262125,1,2021,2021,3,2,7,4,27,65,34609,0,1,1,-33.526022,150.19945,40,2,1,0,3,0,3,4,2,0,7,80,0,380,714,5,5,40,1,0,0,0,1
1262129,4,2021,2021,7,0,7,2261,17,23,2252,0,1,3,-34.057289,150.794538,13,0,2,1,0,0,0,0,2,0,7,110,2,14295,14295,3,16,19,2,0,1,0,0
1262130,4,2021,2021,7,6,7,133,31,90,56,0,1,9,-33.885728,151.239345,81,0,2,1,0,0,0,0,2,0,7,50,1,5929,5929,1,5,19,2,0,1,0,0
1262132,1,2021,2021,3,0,4,44,1,126,34609,0,1,10,-33.947426,150.809189,41,0,2,1,3,0,0,0,2,0,0,60,0,3775,3775,0,0,10,2,0,0,0,1
1262134,4,2021,2021,7,1,2,42,27,12,34609,0,1,9,-34.24086,145.925217,28,2,1,0,0,2,3,4,0,0,7,50,0,4552,985,8,10,40,1,0,1,0,0
1262135,4,2021,2021,7,3,6,3371,17,15,3342,0,1,2,-29.50249,153.20211,18,1,0,1,0,0,0,0,2,0,7,110,2,9859,9859,8,10,40,1,0,1,2,0
1262138,2,2021,2021,7,0,4,6,10,323,34609,0,1,1,-33.806422,150.846718,7,0,2,1,1,0,0,6,2,0,7,50,0,14295,14295,3,8,36,4,0,0,1,0
1262140,2,2021,2021,7,4,7,4,31,33,34609,0,1,1,-33.487496,150.131347,40,2,1,1,1,0,0,0,2,0,7,50,0,1945,1945,5,16,40,1,0,0,1,0
1262142,4,2021,2021,7,1,8,22,22,532,22,0,1,3,-33.861342,151.213719,69,0,2,1,2,0,0,0,2,0,7,80,2,14295,14295,3,16,5,3,0,1,0,0
1262144,2,2021,2021,0,6,9,515,14,109,518,0,1,3,-33.962022,150.875494,41,0,2,1,3,0,0,0,3,0,7,100,2,1282,1282,1,34,2,3,0,0,1,0
1262147,4,2021,2021,7,0,7,46,31,363,34609,0,1,2,-33.813642,151.006535,54,0,2,1,1,0,0,0,2,0,7,40,0,340,340,9,5,28,2,0,1,0,0
1262148,4,2021,2021,3,5,10,5,27,3,34609,0,1,9,-32.718207,151.660348,57,2,1,0,2,0,3,3,0,0,7,50,0,4552,5151,8,5,40,1,0,2,0,0
1262149,2,2021,2021,3,0,7,2,1,646,34609,0,1,2,-33.9201,151.048021,15,0,2,1,1,0,0,0,2,0,7,50,0,2040,2040,9,0,28,2,0,0,1,0
1262150,4,2021,2021,0,0,8,515,14,145,518,0,1,3,-33.936088,151.112584,15,0,2,1,3,0,0,0,2,0,7,80,2,14295,14295,3,16,13,2,0,1,0,0
1262152,2,2021,2021,0,4,5,2126,17,136,2149,0,1,9,-33.857389,151.066924,67,0,2,1,0,0,0,0,2,0,0,60,2,5929,5929,1,16,13,2,0,0,1,0
1262156,1,2021,2021,0,6,9,37,27,187,34609,0,1,1,-33.797552,150.992179,54,0,2,1,2,0,0,0,0,0,7,50,0,4026,4026,1,0,12,3,0,0,0,1
1262157,4,2021,2021,0,5,3,73,31,532,34609,0,1,10,-33.865166,151.204142,69,0,2,1,2,0,0,0,1,2,7,40,0,1220,1220,9,22,28,2,0,1,0,0
1262158,2,2021,2021,0,2,6,24,27,201,47,0,1,7,-33.989147,150.85965,13,0,2,0,1,0,0,0,2,0,0,60,1,1850,1463,5,16,40,1,0,0,1,0
1262159,2,2021,2021,3,4,5,27,36,9,34609,0,1,9,-29.727504,152.965228,18,1,0,1,0,0,0,0,2,0,0,100,0,2852,2852,4,0,13,2,0,0,1,0
1262160,2,2021,2021,0,2,7,4,27,15,34609,0,1,1,-33.063469,151.395011,37,0,2,0,0,2,3,4,2,0,7,50,0,1850,1463,5,16,40,1,0,0,1,0
1262161,4,2021,2021,4,1,9,20,22,121,49,0,1,9,-33.788187,151.287415,50,0,2,1,1,0,0,0,2,0,7,40,1,1109,787,1,34,19,2,0,1,0,0
1262166,2,2021,2021,3,3,1,4,31,228,34609,0,1,1,-34.747939,149.714723,26,2,1,1,2,0,0,0,0,0,7,50,0,9859,9859,8,10,40,1,0,0,1,0
1262167,1,2021,2021,0,5,8,12,27,65,19,0,1,1,-33.698824,151.287782,50,0,2,0,0,0,0,0,3,0,7,50,1,1957,4009,1,10,13,2,0,0,0,1
1262169,4,2021,2021,0,5,6,192,31,316,120,1,0,2,-33.915088,151.24162,59,0,2,1,1,0,0,0,2,0,7,50,2,2040,2040,9,5,28,2,0,1,0,0
1262170,2,2021,2021,0,4,6,119,31,316,34609,0,1,1,-31.431333,152.906594,56,2,1,1,1,0,0,0,2,0,7,50,0,2040,2040,9,0,28,2,0,0,2,0
1262172,1,2021,2021,0,1,8,18,1,293,34609,1,2,1,-33.947364,151.230382,59,0,2,1,3,0,0,0,2,0,7,40,0,14295,14295,3,10,0,2,0,0,0,1
1262173,1,2021,2021,4,5,8,46,27,148,43,0,1,10,-36.04968,146.931689,0,2,1,1,3,0,0,0,2,2,7,60,1,14295,14295,3,10,5,2,0,0,0,1
1262175,1,2021,2021,0,0,10,23,10,87,23,0,1,7,-33.919056,150.961807,41,0,2,1,3,0,0,0,0,0,0,60,1,6545,6545,4,0,5,2,0,0,0,1
1262177,1,2021,2021,0,4,6,251,27,115,212,0,1,10,-33.752333,151.234443,50,0,2,1,1,0,0,0,2,2,7,70,2,6545,6545,4,5,5,2,0,0,0,2
1262179,1,2021,2021,0,3,0,5,1,8,34609,0,1,9,-33.863444,151.201522,69,0,2,1,3,0,0,0,0,0,7,40,0,214,214,9,5,28,2,0,0,0,1
1262180,2,2021,2021,0,2,6,33,27,70,49,0,1,7,-33.880966,150.886047,24,0,2,0,3,0,0,0,2,0,7,60,1,6545,6545,4,5,0,2,0,0,2,0
1262187,1,2021,2021,0,4,9,16,27,169,20,0,1,7,-33.761076,150.850514,7,0,2,1,3,0,0,0,3,0,7,60,1,1282,1282,1,30,27,2,0,0,0,1
1262190,2,2021,2021,0,0,6,20,31,150,140,0,1,1,-33.924658,151.232136,59,0,2,1,3,0,0,0,2,0,7,50,2,14295,14295,3,9,5,2,0,0,1,0
1262192,4,2021,2021,7,0,8,77,10,234,34609,0,1,1,-34.276049,146.054448,28,2,1,1,3,0,0,0,3,0,7,50,0,475,475,5,9,40,1,0,1,0,0
1262195,1,2021,2021,0,0,6,80,27,316,50,1,0,10,-33.912782,151.239402,59,0,2,1,3,0,0,0,2,1,7,50,2,14295,14295,3,0,0,2,0,0,0,1
1262200,2,2021,2021,3,0,3,23,27,13,38,0,1,1,-33.326993,148.704341,11,1,0,0,3,0,0,1,2,0,7,100,2,1089,1089,7,5,40,1,0,0,1,0
1262205,2,2021,2021,0,6,9,39,31,193,145,1,0,1,-33.793433,151.077936,61,0,2,1,3,0,0,0,0,0,7,60,2,14295,14295,3,5,5,3,0,0,1,0
1262210,1,2021,2020,9,5,8,25,1,79,34609,0,1,1,-33.970066,151.1258,25,0,2,1,1,0,0,0,2,0,7,50,0,9859,9859,1,10,5,2,0,0,0,1
1262211,1,2021,2021,0,0,10,30,27,32,39,0,1,1,-35.351225,149.26849,58,2,1,0,0,0,0,0,0,0,7,80,1,273,957,5,10,40,1,0,0,0,1
1262213,2,2021,2021,0,1,6,191,17,24,189,0,1,1,-32.033811,149.321241,51,1,0,0,0,0,0,0,2,0,7,100,2,418,714,5,0,40,1,0,0,1,0
1262215,4,2021,2021,8,1,6,500,31,106,34609,1,0,10,-28.862139,153.043715,60,2,1,1,1,0,0,0,2,0,0,50,0,6545,6545,4,5,0,2,0,1,0,0
1262216,4,2021,2021,7,5,7,13,27,24,12,0,1,1,-29.788703,153.180008,18,2,1,0,0,0,0,0,2,0,7,80,1,3775,3775,0,5,5,2,0,1,1,0
1262218,2,2021,2021,0,6,8,8,27,252,21,0,1,2,-33.92866,150.873447,41,0,2,1,3,0,0,0,2,0,7,60,2,14295,14295,3,5,5,3,0,0,1,0
1262221,2,2021,2021,7,3,9,15,31,228,34609,0,1,1,-34.768462,149.693876,26,2,1,1,0,0,0,0,2,0,7,50,0,1383,1383,1,33,0,2,0,0,1,0
1262223,1,2021,2021,0,0,4,107,22,210,17,0,1,9,-34.028921,151.099041,68,0,2,1,3,0,0,0,2,0,0,60,1,256,256,4,8,5,2,0,0,0,1
1262224,1,2021,2021,0,6,6,168,10,387,260,0,1,2,-33.943562,151.191523,4,0,2,0,1,0,0,0,2,0,7,70,2,1192,1192,1,33,0,2,0,0,0,1
1262230,2,2021,2021,8,0,7,60,10,121,84,0,1,2,-28.197304,153.543634,72,2,1,1,1,0,0,0,2,0,7,60,1,14295,14295,3,5,13,2,0,0,1,0