Crash ID,Degree of crash - detailed,Reporting year,Year of crash,Month of crash,Day of week of crash,Two-hour intervals,Street of crash,Street type,Town,Route no.,School zone location,School zone active,Type of location,Latitude,Longitude,LGA,Urbanisation,Conurbation 1,Alignment,Street lighting,Road surface,Surface condition,Weather,Natural lighting,Signals operation,Other traffic control,Speed limit,Road classification,RUM - code,DCA - code,First impact type,Key TU type,Other TU type,No. of traffic units involved,No. killed,No. seriously injured,No. moderately injured,No. minor-other injured
1262232,2,2021,2021,3,1,10,56,27,251,34609,0,1,1,-33.778549,150.931492,7,0,2,1,2,0,3,4,0,0,7,50,0,1282,1282,1,5,40,2,0,0,1,0
1262234,4,2021,2021,0,2,8,23,10,8,34609,0,1,1,-32.743471,152.169656,57,2,1,1,0,0,3,4,0,0,7,50,0,3775,3775,0,0,0,2,0,1,0,0
1262236,1,2021,2021,3,2,9,59,27,147,5,0,1,1,-33.865989,151.123022,14,0,2,1,3,0,0,0,3,0,7,50,1,14295,14295,3,10,5,2,0,0,0,1
1262237,2,2021,2021,7,6,3,251,14,79,124,0,1,3,-33.827574,151.21448,49,0,2,1,1,0,0,0,2,0,7,80,2,14295,14295,3,10,0,5,0,0,1,0
1262238,2,2021,2021,7,1,9,84,1,80,139,0,1,7,-34.555916,146.410337,51,2,1,1,0,0,0,0,2,0,0,50,2,4026,4026,8,0,40,1,0,0,1,0
1262239,1,2021,2021,0,2,6,3,1,145,19,0,1,1,-33.929069,151.124596,15,0,2,1,1,0,0,0,2,0,7,50,1,4026,4026,8,5,40,1,0,0,0,1
1262241,1,2021,2021,0,5,7,125,27,290,103,0,1,1,-33.863216,151.007597,21,0,2,1,3,0,0,0,2,0,7,60,1,1981,1981,4,0,5,2,0,0,0,1
1262242,2,2021,2021,7,1,10,3371,17,35,3342,0,1,2,-29.913536,153.067265,18,1,0,0,0,0,0,0,0,0,7,110,2,14295,14295,3,10,13,2,0,0,1,0
1262249,1,2021,2021,0,6,5,35,27,62,96,0,1,9,-33.895125,151.143676,32,0,2,1,3,0,0,0,2,0,7,50,2,941,941,1,10,5,2,0,0,0,1
1262250,2,2021,2021,0,0,11,38,27,165,21,0,1,1,-32.298136,150.851346,46,1,0,1,3,0,0,0,0,0,7,100,2,4026,4026,8,5,40,1,0,0,1,0
1262251,1,2021,2021,0,4,8,2126,17,127,2149,0,1,10,-33.889943,151.149053,32,0,2,1,3,0,0,0,2,2,9,60,2,2040,2040,9,5,28,2,0,0,0,1
1262252,1,2021,2021,0,4,8,31,27,136,101,0,1,2,-32.918872,151.724321,48,0,2,1,3,0,0,0,3,0,7,60,2,5929,5929,1,0,5,2,0,0,0,1
1262253,2,2021,2021,8,5,7,38,27,53,38,0,1,9,-33.379395,151.4496,16,2,2,0,3,0,3,3,2,0,15,70,1,4552,5151,8,0,40,1,0,0,1,0
1262254,1,2021,2021,0,0,7,195,27,49,186,0,1,9,-33.917163,150.854265,41,0,2,1,3,0,0,0,2,2,7,70,2,14295,14295,3,5,36,2,0,0,0,1
1262258,1,2021,2021,8,5,5,10,27,31,34609,0,1,6,-30.336309,153.080024,19,2,1,0,3,0,0,0,2,0,0,60,0,14295,14295,3,0,0,2,0,0,0,1
1262259,4,2021,2021,3,0,10,225,17,85,180,1,0,1,-34.570883,150.773193,62,0,2,1,3,0,0,0,0,0,7,50,2,4026,4026,1,0,13,2,0,1,0,0
1262261,2,2021,2021,4,0,7,2126,17,65,2149,0,1,2,-33.53952,150.163383,40,2,1,0,3,0,3,4,2,0,7,80,2,1259,5151,8,5,40,1,0,0,1,0
1262272,1,2021,2020,2,2,4,3371,17,463,3342,0,1,1,-30.26941,153.134001,19,2,1,1,3,0,0,0,2,0,7,80,2,14295,14295,3,5,0,2,0,0,0,1
1262277,4,2021,2021,0,2,11,2209,17,166,2205,1,0,1,-33.898982,151.177802,32,0,2,0,2,0,0,0,0,0,7,50,2,4552,5151,1,16,5,2,0,1,0,0
1262278,2,2021,2021,0,5,3,36,31,35,34609,1,0,1,-34.366345,150.913821,80,0,2,1,1,0,0,0,2,0,7,50,0,387,387,1,22,13,2,0,0,1,0
1262279,2,2021,2021,3,6,2,916,17,5,917,0,1,1,-31.969603,150.86417,73,1,0,1,0,0,0,0,0,0,7,100,2,4026,4026,8,10,40,1,0,0,1,0
1262280,1,2021,2021,7,6,4,7,31,166,52,0,1,7,-33.894777,151.171748,32,0,2,0,0,0,0,0,2,0,0,50,1,6545,6545,4,5,27,2,0,0,0,1
1262286,2,2021,2021,0,4,5,3371,17,29,3342,0,1,2,-31.76268,152.680272,43,1,0,1,0,0,0,0,2,0,7,110,2,4026,4026,8,5,40,1,0,0,3,0
1262288,2,2021,2021,7,0,4,2126,17,26,2149,0,1,2,-33.7025,150.576199,8,2,2,0,1,0,3,4,2,0,7,80,2,14295,14295,3,5,12,2,0,0,1,1
1262289,2,2021,2021,0,5,3,1,27,228,34609,0,1,9,-34.729521,149.743122,26,2,1,1,0,0,0,3,2,0,0,50,0,1850,777,5,16,40,1,0,0,1,0
1262294,2,2021,2021,8,1,3,213,17,132,213,0,1,1,-29.782149,151.139893,33,2,1,1,0,0,0,0,2,0,7,80,2,14295,14295,3,10,12,2,0,0,1,0
1262295,4,2021,2021,0,1,4,118,27,646,118,0,1,9,-33.922901,151.030701,15,0,2,1,1,0,0,0,2,0,15,50,1,2040,2040,9,5,28,2,0,1,0,0
1262296,4,2021,2021,3,3,6,2209,17,23,2205,0,1,9,-35.61199,150.255415,23,1,0,1,0,0,0,0,2,0,7,100,2,1669,1669,3,10,5,3,0,5,0,2
1262299,2,2021,2021,8,3,7,54,27,20,563,0,1,10,-34.035725,151.002611,68,0,2,1,1,0,0,0,2,2,7,80,2,5929,5929,1,0,5,2,0,0,1,0
1262300,1,2021,2021,0,3,8,78,27,147,78,0,1,9,-33.869771,151.129377,14,0,2,1,0,0,0,0,3,0,7,50,2,2852,2852,4,5,5,2,0,0,0,1
1262301,2,2021,2021,0,1,7,23,18,166,34609,0,1,9,-33.89422,151.188865,69,0,2,1,0,0,0,0,2,0,0,50,0,591,591,1,22,0,2,0,0,1,0
1262305,1,2021,2021,0,3,2,92,27,129,244,0,1,1,-33.896626,151.103124,9,0,2,1,2,0,0,0,0,0,7,60,2,9859,9859,1,0,5,2,0,0,0,1
1262309,1,2021,2020,9,3,8,69,32,646,34609,0,1,7,-33.917881,151.038971,15,0,2,1,1,0,0,0,2,0,0,40,0,14295,14295,3,5,5,2,0,0,0,1
1262312,1,2021,2021,0,4,4,51,31,346,34609,0,1,1,-33.876076,151.096407,9,0,2,1,1,0,0,0,2,0,7,50,0,941,941,1,5,5,2,0,0,0,1
1262315,2,2021,2021,7,2,2,61,10,87,34609,0,1,1,-33.033468,151.488805,37,0,2,0,0,0,0,0,0,0,7,100,0,4552,5151,8,5,40,1,0,0,1,0
1262316,1,2021,2021,7,0,10,3371,17,58,3342,0,1,9,-32.791279,151.724715,57,2,1,1,2,0,0,0,0,2,7,80,2,1383,1383,1,0,0,2,0,0,0,1
1262319,2,2021,2021,7,4,8,57,31,77,321,0,1,9,-33.884578,151.202465,69,0,2,1,1,0,0,0,2,0,7,40,2,395,395,1,30,19,2,0,0,1,0
1262320,4,2021,2021,7,5,6,8,31,207,34609,0,1,7,-31.953381,141.464739,51,2,1,1,1,0,0,0,2,0,0,50,0,6545,6545,4,10,19,2,0,1,0,0
1262322,4,2021,2021,3,0,6,55,27,151,160,1,0,9,-34.027468,150.849264,13,0,2,1,0,0,0,0,2,0,0,60,2,2852,2852,4,9,19,2,0,1,0,0
1262323,4,2021,2021,0,2,9,2209,17,273,2205,0,1,1,-34.414892,150.892902,80,0,2,1,2,0,0,3,0,0,7,60,2,5929,5929,1,30,18,2,0,1,0,0
1262327,2,2021,2021,3,5,7,2126,17,23,2149,0,1,1,-33.45534,149.976441,40,1,0,0,0,0,0,0,2,0,7,100,2,3775,3775,0,9,2,2,0,0,1,0
1262329,4,2021,2021,7,1,10,2209,17,45,2205,0,1,9,-33.88966,151.190099,69,0,2,1,2,0,0,0,0,2,9,50,2,1220,1220,9,5,28,2,0,1,0,0
1262330,2,2021,2021,3,5,1,127,27,182,169,1,0,10,-32.828539,151.367342,17,2,1,1,2,0,3,3,0,0,0,60,2,3775,3775,0,10,0,2,0,0,1,0
1262333,2,2021,2021,0,6,8,39,31,25,34609,0,1,11,-32.895003,151.694208,48,0,2,1,1,0,0,0,3,0,15,50,0,1383,1383,1,5,0,2,0,0,1,0
1262334,2,2021,2021,0,2,7,35,31,532,11,0,1,2,-33.876169,151.203415,69,0,2,1,1,0,0,0,2,0,7,50,1,2040,2040,9,9,28,2,0,0,1,0
1262337,2,2021,2021,0,3,11,361,32,62,96,0,1,9,-33.89408,151.149844,32,0,2,1,2,0,0,0,0,2,7,60,2,5929,5929,1,5,5,2,0,0,2,0
1262338,2,2021,2021,3,6,3,36,36,14,139,0,1,9,-34.49724,146.188777,51,1,0,1,0,0,0,0,1,0,0,100,2,489,489,8,10,40,1,0,0,1,0
1262342,2,2021,2021,0,3,4,2209,17,157,2205,0,1,10,-34.019865,151.09026,68,0,2,1,1,0,0,0,2,2,7,70,2,6545,6545,4,5,41,2,0,0,2,0
1262346,2,2021,2021,0,3,5,171,31,273,34609,0,1,9,-34.42083,150.902494,80,0,2,1,1,0,0,0,2,0,15,50,0,1850,985,5,16,40,1,0,0,1,0
1262347,1,2021,2021,0,0,0,48,10,463,52,0,1,1,-30.316481,153.111938,19,2,1,1,0,0,0,0,0,0,7,60,1,4026,4026,8,5,40,1,0,0,0,1
1262348,2,2021,2021,4,0,11,478,17,20,480,0,1,1,-33.298729,151.536857,16,2,2,1,0,0,0,0,0,0,7,80,2,9859,9859,1,5,5,3,0,0,1,0
1262354,4,2021,2021,7,5,6,6,31,36,34609,0,1,1,-34.46647,149.47402,74,2,1,1,1,0,0,0,2,0,7,50,0,1945,1945,5,28,40,1,0,1,0,0
1262360,2,2021,2021,0,6,3,2126,17,166,2149,0,1,10,-33.412777,149.580371,3,2,1,1,1,0,0,0,2,0,7,60,2,1945,1945,5,16,40,1,0,0,1,0
1262361,2,2021,2021,0,0,4,29,31,346,34609,0,1,9,-33.870303,151.094833,14,0,2,1,1,0,0,0,2,0,9,50,0,1220,1220,9,5,28,2,0,0,1,0
1262365,4,2021,2021,0,6,6,13,27,2,7,0,1,1,-31.067879,152.859052,34,2,1,0,0,0,0,0,2,0,7,80,1,782,957,5,16,40,1,0,1,0,0
1262370,4,2021,2021,0,1,9,220,27,104,222,0,1,10,-33.720565,150.937797,7,0,2,1,2,0,0,0,0,2,7,80,2,5929,5929,1,5,19,2,0,1,0,0
1262371,2,2021,2021,0,3,8,293,31,112,769,0,1,10,-33.606761,150.822191,29,2,2,1,1,0,0,0,2,2,7,60,2,5929,5929,1,5,0,3,0,0,1,0
1262372,1,2021,2020,2,2,6,2209,17,201,2205,0,1,10,-34.878969,150.604667,63,2,1,1,1,0,0,0,2,2,7,70,2,19,19,1,5,5,2,0,0,0,1
1262373,1,2021,2021,7,0,10,46,31,82,34609,1,0,7,-33.792673,151.269575,50,0,2,1,2,0,0,0,0,0,0,50,0,6545,6545,4,15,5,2,0,0,0,1
1262375,2,2021,2021,0,5,3,10,27,197,34609,0,1,7,-33.80547,151.125802,61,0,2,1,1,0,0,0,2,0,0,50,0,14295,14295,3,5,27,2,0,0,1,0
1262377,4,2021,2021,0,2,7,5,27,13,34609,0,1,1,-32.454969,152.10215,43,1,0,0,0,2,0,0,2,0,7,100,0,404,404,8,16,40,1,0,1,0,0
1262379,2,2021,2021,8,3,8,35,27,3,24,0,1,1,-32.602256,149.470374,44,1,0,1,0,0,3,3,3,0,7,100,1,4026,4026,8,5,40,1,0,0,2,0
1262384,4,2021,2021,7,6,8,12,31,363,34609,0,1,10,-33.759998,150.698028,55,0,2,1,1,0,0,0,2,0,15,40,0,6545,6545,4,16,22,2,0,1,0,0
1262385,4,2021,2021,3,5,6,485,27,187,769,0,1,10,-33.789107,150.99541,54,0,2,1,1,0,0,0,2,2,9,60,2,2040,2040,9,0,28,2,0,1,0,0
1262391,4,2021,2021,4,3,9,33,27,89,34609,0,1,1,-33.897047,151.228127,69,0,2,0,0,0,3,4,3,0,7,40,0,1850,1463,5,15,40,1,0,1,0,0
1262392,2,2021,2021,4,3,4,78,27,23,228,0,1,1,-33.00615,151.119767,17,2,1,0,0,0,0,0,2,0,7,80,1,2585,4009,8,0,40,1,0,0,1,0
1262393,2,2021,2021,3,5,9,2,1,70,34609,0,1,1,-33.248251,151.511849,16,2,2,1,0,0,0,0,2,0,7,50,0,9859,9859,8,5,40,1,0,0,1,0
1262394,2,2021,2021,7,4,11,7,18,43,42,0,1,9,-33.559288,150.803072,29,2,2,1,0,0,3,4,0,0,0,60,1,489,489,8,10,40,1,0,0,2,1
1262396,4,2021,2021,7,3,2,8,27,24,34609,0,1,1,-31.512101,152.726724,56,2,1,0,0,0,0,0,0,0,7,80,0,2585,4009,8,10,40,1,0,1,0,0
1262398,2,2021,2021,0,0,5,153,27,290,147,0,1,1,-33.949918,151.124635,4,0,2,1,3,0,0,0,2,0,7,60,2,5929,5929,1,5,5,2,0,0,1,0
1262405,1,2021,2021,0,3,8,2209,17,70,2205,0,1,7,-34.842458,150.594309,63,2,1,1,3,0,0,0,2,0,0,70,2,14295,14295,3,16,0,2,0,0,0,1
1262406,1,2021,2021,0,4,6,12,2,232,34609,0,1,9,-33.696383,150.931677,71,0,2,1,3,0,0,0,2,0,0,50,0,2852,2852,4,0,5,2,0,0,0,1
1262407,2,2021,2021,8,6,8,93,1,523,34609,0,1,1,-33.923743,150.91462,41,0,2,1,3,0,3,4,0,0,7,50,0,1669,1669,3,5,5,2,0,0,1,0
1262411,1,2021,2020,9,2,8,149,10,346,702,0,1,10,-33.86795,151.064387,67,0,2,1,3,0,0,0,2,2,7,80,2,1282,1282,1,0,5,3,0,0,0,1
1262416,4,2021,2021,7,2,1,3,31,85,34609,0,1,1,-32.937997,151.733769,48,0,2,1,2,0,0,0,0,0,7,50,0,190,190,1,5,5,2,0,1,0,0
1262420,1,2021,2021,7,6,8,34,31,145,140,0,1,9,-33.926673,151.127697,15,0,2,1,0,0,0,0,2,0,7,50,1,14295,14295,3,5,25,5,0,0,0,2
1262421,4,2021,2021,3,5,6,92,27,143,34609,0,1,9,-33.87428,151.104308,9,0,2,1,1,0,0,3,2,2,7,40,0,14295,14295,3,16,5,2,0,1,0,0
1262422,4,2021,2021,7,0,6,90,36,10,102,0,1,1,-34.297892,146.09086,28,2,1,1,1,0,0,0,2,0,7,50,2,1192,1192,1,8,27,2,0,1,0,0
1262423,2,2021,2021,0,0,10,3,27,6,34609,0,1,1,-28.952535,152.939999,60,1,0,1,0,0,3,4,0,0,7,100,0,9859,9859,8,10,40,1,0,0,2,0
1262424,2,2021,2021,7,1,5,512,17,562,441,0,1,1,-32.259228,148.644526,22,2,1,1,0,0,0,0,2,0,7,70,2,9859,9859,8,8,40,1,0,0,1,0
1262425,1,2021,2021,7,5,4,829,31,179,70,0,1,2,-31.907899,152.470129,43,2,1,1,1,0,0,0,2,0,7,60,1,14295,14295,3,33,19,2,0,0,0,1
1262427,4,2021,2021,3,1,8,60,27,174,44,1,0,1,-33.86876,150.921224,24,0,2,1,2,0,0,0,2,0,7,50,1,1282,1282,1,0,19,2,0,1,1,0
1262433,4,2021,2021,0,0,5,22,31,13,34609,0,1,9,-31.646001,152.796732,56,2,1,1,0,0,0,0,2,0,0,50,0,6545,6545,4,30,5,2,0,1,1,1
1262435,1,2021,2021,7,3,5,234,27,337,217,1,0,1,-33.73177,151.013488,71,0,2,0,3,0,0,0,2,0,7,60,2,14295,14295,3,5,5,3,0,0,0,2
1262437,2,2021,2021,3,4,3,29,31,346,34609,0,1,10,-33.870303,151.094833,9,0,2,1,1,0,0,0,2,0,9,50,0,2040,2040,9,5,28,2,0,0,1,0
1262438,2,2021,2021,0,5,0,75,10,63,165,0,1,3,-33.935195,151.209428,4,0,2,0,0,0,3,4,0,0,7,80,2,4552,5151,8,5,40,1,0,0,1,0
1262441,1,2021,2021,0,4,8,5,27,78,34609,0,1,10,-33.906696,150.775986,41,0,2,0,3,0,0,0,2,0,0,80,0,301,301,4,5,36,2,0,0,0,1
1262447,1,2021,2021,0,5,3,13,31,17,17,0,1,1,-30.894762,153.0397,34,2,1,1,1,0,0,0,2,0,7,50,1,5929,5929,1,8,36,2,0,0,0,1
1262448,4,2021,2021,0,4,10,1,31,65,34609,0,1,9,-33.86525,150.900177,24,0,2,1,0,0,0,0,0,0,7,50,0,30,30,9,5,28,2,0,1,0,0
1262451,1,2021,2021,0,6,4,17,27,111,65,0,1,7,-33.712845,150.893071,7,0,2,1,3,0,0,0,2,0,0,60,1,1391,1391,1,5,0,2,0,0,0,1
1262461,1,2021,2021,0,3,7,55,1,167,34609,0,1,2,-33.850005,151.074048,54,0,2,1,3,0,0,0,2,0,7,60,0,1192,1192,1,0,5,2,0,0,0,1
1262462,1,2021,2021,0,0,8,1052,14,207,928,0,1,3,-33.541641,151.197943,31,0,2,1,3,0,0,0,2,0,7,110,2,14295,14295,3,10,13,3,0,0,0,1
1262465,1,2021,2021,8,3,6,232,36,92,331,0,1,10,-33.969097,150.814549,13,0,2,1,3,0,0,0,2,2,7,80,2,1391,1391,1,5,13,2,0,0,0,1
1262466,1,2021,2021,0,6,4,49,27,67,62,0,1,2,-33.692514,150.914385,7,0,2,1,3,0,0,0,2,0,7,70,2,14295,14295,3,5,5,2,0,0,0,1
1262470,1,2021,2021,0,0,8,11,3,72,54,0,1,2,-34.023836,151.018504,68,0,2,1,3,0,0,0,2,0,7,80,2,14295,14295,3,9,5,2,0,0,0,1
1262471,1,2021,2021,0,2,7,92,31,48,34609,0,1,9,-28.249998,153.568396,72,2,1,1,3,0,0,0,2,0,0,50,0,1259,985,8,5,40,1,0,0,0,1
1262473,2,2021,2021,7,1,6,2,31,56,34609,1,0,10,-31.453593,152.731082,56,2,1,1,1,0,3,4,2,0,15,50,0,6545,6545,4,0,13,2,0,0,1,0
1262475,1,2020,2020,6,1,4,3,27,3,34609,0,1,1,-35.56604,149.259816,58,2,1,1,0,2,0,0,2,0,7,80,0,475,475,5,10,40,1,0,0,0,1
1262477,2,2021,2021,0,0,8,17,27,4,39,0,1,1,-31.456807,149.938254,51,1,0,0,0,0,0,0,2,0,7,100,1,3775,3775,0,0,0,2,0,0,1,0
1262479,2,2021,2021,7,0,10,2126,17,283,2149,0,1,2,-33.829698,151.009814,54,0,2,1,2,0,3,4,0,0,7,60,2,14295,14295,3,5,36,3,0,0,1,0
1262481,2,2021,2021,4,3,3,10,27,6,39,0,1,1,-31.21301,149.193212,51,1,0,1,1,0,0,0,1,0,7,100,1,404,404,8,30,40,1,0,0,1,0
1262501,4,2021,2021,3,4,3,2209,17,17,2205,0,1,9,-36.580025,149.827604,5,1,0,0,0,0,0,0,1,0,7,100,2,782,957,5,10,40,1,0,1,0,0
1262503,2,2021,2021,3,5,7,57,27,9,143,0,1,1,-34.533041,149.563401,74,1,0,0,0,0,0,0,2,0,7,100,2,4552,5151,8,5,40,1,0,0,1,0
1262505,2,2021,2021,3,0,7,86,27,16,65,0,1,1,-30.010286,152.66254,18,1,0,0,0,0,3,4,2,0,7,100,1,4552,5151,8,5,40,1,0,0,1,0
1262508,2,2021,2021,7,5,10,100,27,127,799,0,1,10,-33.895677,151.156844,32,0,2,1,1,0,3,0,0,2,9,60,2,2040,2040,9,33,28,2,0,0,1,0
1262510,4,2021,2021,7,1,6,2209,17,13,2205,0,1,1,-35.172361,150.44293,63,1,0,1,0,0,0,0,2,0,7,100,2,9859,9859,8,5,40,1,0,1,0,0
1262514,2,2021,2021,8,3,5,3,31,132,34609,0,1,1,-29.763488,151.1078,33,2,1,1,1,0,0,0,2,0,7,60,0,9859,9859,1,5,41,2,0,0,1,0
1262515,2,2021,2021,0,2,9,2261,17,30,2252,0,1,3,-34.483557,150.313544,78,1,0,0,0,0,0,0,0,0,7,110,2,14295,14295,3,5,0,2,0,0,1,0
1262518,2,2021,2021,0,2,6,168,17,96,212,0,1,10,-35.3544,149.232058,58,2,1,1,1,0,0,0,2,2,7,50,2,6545,6545,4,5,19,3,0,0,1,2
1262520,2,2021,2021,0,0,4,21,31,25,34609,0,1,10,-32.938637,151.766765,48,0,2,1,1,0,0,0,2,0,15,50,0,941,941,1,5,0,2,0,0,1,0
1262523,2,2021,2021,3,3,4,5,27,3,34609,0,1,1,-35.259111,149.900989,58,2,1,0,0,2,0,0,2,0,7,60,0,1259,5151,8,10,40,1,0,0,1,0
1262526,2,2021,2021,0,0,9,14,27,55,2149,0,1,9,-33.795556,150.889409,7,0,2,1,2,0,0,0,3,0,2,80,2,623,623,3,10,5,2,0,0,1,0
1262530,1,2021,2021,0,4,8,229,14,278,237,0,1,6,-33.759037,151.048424,54,0,2,1,3,0,0,0,2,0,7,70,2,14295,14295,3,10,25,3,0,0,0,1
1262539,4,2021,2021,0,4,7,15,27,26,18,0,1,1,-31.179756,152.950842,34,2,1,1,0,0,0,0,2,0,7,60,1,3775,3775,0,0,0,2,0,1,1,0
1262541,2,2021,2021,7,3,5,1,31,47,34609,0,1,1,-35.258406,149.448268,58,2,1,1,1,0,0,0,2,0,7,50,0,4026,4026,1,30,13,2,0,0,1,0
1262543,4,2021,2021,0,6,10,204,31,15,82,0,1,7,-35.149446,147.349439,75,2,1,1,2,0,0,0,0,0,0,60,1,6545,6545,4,10,19,2,0,1,0,0
1262545,2,2021,2021,0,3,7,15,27,11,34609,0,1,9,-35.385169,148.747334,66,2,1,1,0,0,0,0,2,0,7,80,0,9859,9859,8,16,40,1,0,0,1,0
1262549,4,2021,2021,8,2,5,3,27,1,34609,0,1,1,-28.6473,152.429588,51,1,0,0,0,2,3,3,2,0,7,100,0,1850,1463,5,16,40,1,0,1,1,0
1262551,2,2021,2021,7,5,3,13,27,4,20,0,1,1,-35.175857,146.877038,51,1,0,1,0,0,3,4,1,0,7,100,1,1945,1945,5,5,40,1,0,0,1,0
1262552,2,2021,2021,7,0,3,1052,14,207,928,0,1,3,-33.546987,151.19639,31,0,2,1,0,0,3,4,2,0,7,110,2,9859,9859,8,10,40,1,0,0,1,0
1262554,2,2021,2021,0,3,5,1052,14,77,928,0,1,3,-33.517029,151.19601,16,1,2,0,0,0,0,0,2,0,7,90,2,14295,14295,3,5,0,3,0,0,1,0
1262555,1,2021,2021,0,2,7,224,27,102,321,0,1,9,-33.944778,151.196538,4,0,2,1,3,0,0,0,2,2,7,50,2,2040,2040,9,0,28,2,0,0,0,1
1262556,1,2021,2021,0,6,9,2261,17,12,2252,0,1,2,-34.815437,149.108688,74,1,0,1,0,0,0,0,0,0,7,110,2,14295,14295,3,10,2,2,0,0,0,1
1262559,2,2021,2021,7,6,9,38,27,37,47,0,1,1,-34.653034,150.813281,35,2,1,0,0,0,3,3,3,0,7,80,1,4552,5151,8,5,40,1,0,0,1,0
1262560,4,2021,2021,7,2,10,3,31,69,34609,0,1,10,-32.935943,151.746859,48,0,2,1,0,0,3,4,0,0,0,50,0,6545,6545,4,5,5,2,0,1,0,0
1262561,2,2021,2021,7,1,9,12,31,284,34609,0,1,10,-33.91045,151.013809,15,0,2,1,0,0,0,0,2,0,15,50,0,6545,6545,4,0,5,2,0,0,2,0
1262562,2,2021,2021,7,3,3,3,31,76,34609,0,1,7,-35.361943,150.470787,63,2,1,1,1,0,0,0,2,0,0,50,0,6545,6545,4,5,27,2,0,0,1,0
1262564,4,2021,2021,0,5,3,8,10,149,34609,0,1,9,-33.374226,151.381638,16,2,2,1,2,0,0,1,1,0,15,50,0,2852,2852,4,5,19,2,0,1,0,0
1262565,1,2021,2021,8,1,8,222,31,131,212,0,1,1,-33.786038,151.183774,77,0,2,1,3,0,0,0,3,0,7,60,2,14295,14295,3,10,5,3,0,0,0,1
1262569,4,2021,2021,0,4,3,57,27,337,47,0,1,9,-33.733044,151.002643,71,0,2,1,3,0,0,0,2,2,7,60,2,5929,5929,1,5,5,2,0,2,1,0
1262571,1,2021,2021,7,2,0,2,31,44,34609,1,0,1,-33.084575,147.149711,51,2,1,1,2,0,0,0,0,0,9,50,0,1220,1220,9,10,28,2,0,0,0,1
1262572,1,2021,2021,7,6,2,829,27,165,770,0,1,10,-33.851035,151.154582,14,0,2,1,3,0,3,0,0,2,7,60,2,1192,1192,1,16,36,2,0,0,0,1
1262576,1,2021,2021,8,2,4,177,22,49,176,0,1,2,-34.046672,151.135269,68,0,2,1,3,0,0,0,2,0,7,70,2,14295,14295,3,21,5,3,0,0,0,1
1262579,4,2021,2021,7,0,5,2,27,5,34609,0,1,1,-29.716822,144.246443,51,1,0,1,0,2,3,0,2,0,7,100,0,1945,1945,5,10,40,1,0,2,0,1
1262581,1,2021,2021,8,6,6,829,27,363,770,0,1,9,-33.808565,151.018813,54,0,2,1,3,0,0,0,2,2,7,60,2,14295,14295,3,8,25,2,0,0,0,1
1262582,1,2021,2021,0,0,4,78,17,22,75,0,1,8,-33.856212,151.208176,69,0,2,1,1,0,0,0,2,0,7,70,2,14295,14295,3,10,5,3,0,0,0,4
1262584,4,2021,2021,0,4,8,38,27,189,165,0,1,10,-33.946327,151.059906,15,0,2,1,1,0,0,0,2,2,7,50,1,1282,1282,1,0,19,2,0,1,0,0
1262588,1,2021,2021,0,6,7,2209,17,79,2205,0,1,7,-34.904632,150.602477,63,2,1,1,3,0,0,3,2,0,0,70,2,926,926,4,0,13,2,0,0,0,2
1262592,1,2021,2021,0,1,1,23,10,9,174,0,1,1,-32.958845,151.48062,17,1,0,1,3,0,0,1,0,0,7,90,2,4026,4026,8,5,40,1,0,0,0,1
1262593,2,2021,2021,3,5,10,330,10,5,34609,0,1,1,-28.621518,152.986932,51,2,1,1,2,0,3,4,0,0,7,50,0,4026,4026,8,0,40,1,0,0,1,0
1262594,2,2021,2021,3,2,5,3371,17,13,3342,0,1,2,-33.186133,151.536299,16,2,2,0,1,0,3,4,2,0,7,80,2,3775,3775,0,5,13,2,0,0,2,0
1262595,2,2021,2021,0,1,5,475,10,78,268,0,1,1,-33.880789,150.794379,41,0,2,1,1,0,0,0,2,0,7,60,2,1945,1945,5,16,40,1,0,0,1,0
1262598,4,2021,2021,0,0,8,1,31,29,34609,0,1,1,-32.933678,151.763918,48,0,2,1,2,0,0,0,3,0,7,40,0,340,340,9,0,28,2,0,1,0,0
1262601,2,2021,2021,0,1,6,500,27,136,799,0,1,9,-33.926014,151.084816,15,0,2,1,0,0,0,0,2,0,0,60,2,2852,2852,4,5,19,2,0,0,1,0
1262605,2,2021,2021,0,6,9,3371,17,107,3342,0,1,9,-33.289225,151.424163,16,2,2,1,2,0,0,0,0,0,0,50,2,1669,1669,3,0,13,3,0,0,1,0
1262608,2,2021,2021,8,5,6,1104,14,85,962,0,1,3,-33.78547,150.702478,55,0,2,1,1,2,0,0,2,0,7,110,2,4026,4026,8,30,40,1,0,0,1,0
1262610,4,2021,2021,0,6,6,76,27,85,148,0,1,10,-32.934237,151.725781,48,0,2,1,1,0,0,0,2,3,7,60,1,190,190,1,22,22,2,0,1,0,0
1262612,1,2021,2021,0,1,9,13,31,120,81,0,1,10,-32.182777,152.516544,43,2,1,1,2,0,0,0,0,2,7,50,2,5929,5929,1,5,13,2,0,0,0,1
1262613,1,2021,2021,7,6,3,515,14,166,518,0,1,3,-33.944549,150.982925,15,0,2,1,0,0,0,0,2,0,7,100,2,14295,14295,3,0,5,2,0,0,0,1
1262614,2,2021,2021,0,2,6,280,10,162,240,0,1,9,-33.852039,150.894165,24,0,2,1,1,0,0,0,2,2,7,70,2,14295,14295,3,5,5,3,0,0,1,0