Crash ID,Degree of crash - detailed,Reporting year,Year of crash,Month of crash,Day of week of crash,Two-hour intervals,Street of crash,Street type,Town,Route no.,School zone location,School zone active,Type of location,Latitude,Longitude,LGA,Urbanisation,Conurbation 1,Alignment,Street lighting,Road surface,Surface condition,Weather,Natural lighting,Signals operation,Other traffic control,Speed limit,Road classification,RUM - code,DCA - code,First impact type,Key TU type,Other TU type,No. of traffic units involved,No. killed,No. seriously injured,No. moderately injured,No. minor-other injured
1262616,1,2021,2021,8,2,8,8,27,77,44,1,0,9,-33.722093,151.087996,31,0,2,0,3,0,0,0,3,0,7,60,1,1282,1282,1,5,5,2,0,0,0,1
1262617,1,2021,2021,8,2,7,171,31,129,34609,0,1,9,-33.898496,151.105606,15,0,2,1,0,0,0,0,2,0,7,50,0,9859,9859,1,5,0,3,0,0,0,1
1262621,1,2021,2021,0,2,9,2126,17,75,2149,0,1,9,-33.708581,150.35089,8,2,2,1,3,0,0,0,3,0,15,80,2,5929,5929,1,5,36,2,0,0,0,1
1262624,1,2021,2021,0,1,8,234,27,337,217,0,1,1,-33.729435,151.017468,31,0,2,1,3,0,0,0,2,0,7,60,2,5929,5929,1,0,0,2,0,0,0,1
1262625,1,2021,2021,0,2,7,255,31,609,220,0,1,9,-33.773557,150.914639,7,0,2,1,3,0,0,0,2,3,7,60,2,5929,5929,1,5,0,2,0,0,0,1
1262627,2,2021,2021,0,3,8,74,23,100,260,0,1,9,-33.956076,151.158007,4,0,2,0,3,0,0,0,4,0,0,60,2,775,775,4,5,5,2,0,0,1,0
1262629,1,2021,2021,0,5,7,196,10,166,168,0,1,9,-33.937141,150.982682,15,0,2,0,3,0,0,0,2,2,7,60,2,1669,1669,3,5,5,3,0,0,0,1
1262633,1,2021,2021,0,6,3,117,27,73,702,0,1,2,-33.825096,151.092545,14,0,2,0,3,0,0,0,2,0,7,70,2,14295,14295,3,5,36,2,0,0,0,1
1262637,4,2021,2021,0,4,0,137,31,53,3342,0,1,10,-32.925237,151.759482,48,0,2,1,2,0,0,0,0,2,7,60,2,1957,777,8,5,40,1,0,1,0,0
1262640,1,2021,2021,7,5,5,28,31,13,34609,0,1,9,-33.76951,151.280403,50,0,2,1,0,0,3,3,2,0,7,50,0,2852,2852,4,5,18,2,0,0,0,1
1262643,2,2021,2021,0,0,6,196,10,34,168,0,1,9,-33.966805,150.993865,15,0,2,1,1,0,0,0,2,0,7,60,2,14295,14295,3,9,5,2,0,0,1,0
1262647,2,2021,2021,3,0,4,296,27,290,293,0,1,9,-33.861092,150.992986,21,0,2,1,1,0,0,0,2,1,7,70,2,256,256,4,5,5,4,0,0,3,1
1262649,2,2021,2021,0,0,9,171,31,273,34609,1,0,7,-34.420063,150.896569,80,0,2,1,2,0,0,0,3,0,0,50,0,1220,1220,9,5,28,2,0,0,1,0
1262653,4,2021,2021,0,3,5,38,27,32,35,0,1,1,-34.613027,150.786148,35,2,1,0,0,0,0,0,2,0,7,80,1,3775,3775,0,16,0,2,0,1,0,0
1262654,2,2021,2021,0,6,3,3,1,28,34609,0,1,9,-34.558086,150.843178,62,0,2,1,1,0,0,0,2,0,7,50,0,237,162,8,16,40,1,0,0,1,0
1262655,2,2021,2021,0,2,4,6,4,12,34609,0,1,9,-34.486092,150.766836,80,0,2,0,0,0,0,0,2,0,7,50,0,1850,985,5,16,40,1,0,0,1,0
1262658,2,2021,2021,8,2,8,2126,17,22,2149,0,1,1,-33.581707,150.232485,40,2,1,0,0,0,0,0,2,0,7,60,2,14295,14295,3,0,0,2,0,0,1,0
1262659,2,2021,2021,8,4,10,1,36,5,34609,0,1,1,-35.258573,149.308062,58,2,1,1,0,0,3,4,0,0,7,80,0,1981,1981,4,5,0,2,0,0,1,0
1262660,2,2021,2021,7,0,4,89,27,182,228,0,1,1,-32.840848,151.339431,17,2,1,1,0,0,0,0,2,0,7,60,1,238,238,9,5,28,2,0,0,1,0
1262661,4,2021,2021,8,5,5,76,27,85,148,0,1,1,-32.934285,151.726103,48,0,2,1,1,0,0,0,2,0,7,60,1,3775,3775,0,10,13,6,0,1,1,1
1262662,1,2021,2021,3,5,4,1104,14,460,962,0,1,3,-33.825363,150.990629,54,0,2,1,0,0,0,0,2,0,7,90,2,14295,14295,3,5,5,3,0,0,0,1
1262664,4,2021,2021,8,5,9,6,10,562,34609,0,1,9,-32.246558,148.584391,22,2,1,1,0,0,0,0,0,0,0,50,0,2852,2852,4,10,27,2,0,1,0,0
1262665,1,2021,2021,7,3,3,294,17,11,288,0,1,1,-34.470811,145.448348,51,1,0,1,0,0,3,4,2,0,7,110,2,9859,9859,8,5,40,1,0,0,0,1
1262666,4,2021,2021,0,5,8,3,31,290,34609,0,1,9,-33.855579,150.994019,21,0,2,1,1,0,0,0,2,0,7,50,0,5929,5929,1,5,27,2,0,1,0,0
1262669,1,2021,2021,8,6,8,515,14,204,518,0,1,3,-33.935134,151.143868,4,0,2,1,2,0,0,0,2,0,7,80,2,14295,14295,3,30,0,4,0,0,0,1
1262671,2,2021,2021,0,6,8,19,31,163,34609,0,1,10,-33.849849,151.108108,14,0,2,1,1,0,0,0,2,0,15,50,0,591,591,1,22,5,2,0,0,1,0
1262672,2,2021,2021,3,4,4,46,27,219,34609,0,1,9,-32.888979,151.66032,48,0,2,1,0,0,0,0,2,0,0,60,0,14295,14295,3,5,5,2,0,0,2,0
1262674,4,2021,2021,7,0,8,1052,14,118,928,0,1,3,-33.435221,151.262299,16,1,2,1,3,0,0,0,4,0,7,110,2,14295,14295,3,30,41,7,0,1,0,0
1262676,4,2021,2021,0,4,0,72,31,204,62,0,1,9,-33.938342,151.151639,4,0,2,0,2,0,3,4,0,0,9,60,1,1957,777,8,10,40,1,0,2,1,0
1262677,4,2021,2021,8,2,7,348,27,363,88,0,1,1,-33.747953,150.688928,55,0,2,0,0,0,0,0,2,0,7,60,2,782,957,5,16,40,1,0,1,0,0
1262679,2,2021,2021,0,4,8,1,31,40,34609,1,0,7,-34.012996,150.776497,12,0,2,1,1,0,0,0,3,0,0,50,0,1945,1945,5,16,40,1,0,0,1,0
1262683,2,2021,2021,0,4,7,92,27,143,34609,0,1,1,-33.877933,151.103585,9,0,2,1,1,0,0,0,2,0,7,40,0,1220,1220,9,5,28,2,0,0,1,0
1262687,1,2021,2021,7,3,4,161,17,10,161,0,1,1,-35.588043,148.341035,66,2,1,0,0,0,0,0,2,0,7,60,2,4552,5151,8,16,40,1,0,0,0,1
1262690,2,2021,2021,0,0,9,2209,17,35,2205,0,1,1,-35.484484,150.339801,63,2,1,1,0,0,0,0,0,0,8,60,2,9859,9859,8,8,40,1,0,0,1,0
1262691,1,2021,2021,7,1,3,224,27,49,321,0,1,1,-33.960567,151.212586,4,0,2,1,0,0,0,0,2,0,7,50,2,9859,9859,1,5,33,2,0,0,0,1
1262692,2,2021,2021,3,1,4,109,27,44,169,0,1,9,-32.810874,151.428446,17,2,1,1,1,0,0,0,2,0,7,60,2,1669,1669,3,30,5,3,0,0,1,0
1262697,2,2021,2021,0,1,7,149,36,44,113,0,1,1,-32.394437,152.245971,43,2,1,0,0,0,0,0,2,0,7,80,1,1259,5151,8,5,40,1,0,0,1,1
1262701,2,2021,2021,7,5,7,5,31,30,13,0,1,9,-33.862367,151.145197,14,0,2,0,0,0,3,4,2,0,0,50,1,591,591,1,22,5,2,0,0,1,0
1262702,4,2021,2021,7,2,11,224,27,7,321,0,1,2,-33.965843,151.224437,59,0,2,1,2,0,0,0,0,0,7,70,2,1945,1945,5,16,40,1,0,1,0,0
1262703,2,2021,2021,0,0,9,3371,17,27,3342,0,1,2,-30.204103,153.14863,19,1,0,1,2,0,0,0,0,0,7,110,2,1192,1192,1,10,40,4,0,0,1,0
1262705,2,2021,2021,8,4,8,4,31,29,34609,0,1,10,-32.930444,151.767708,48,0,2,1,1,0,3,4,2,0,15,40,0,6545,6545,4,5,36,2,0,0,1,0
1262706,1,2021,2021,0,1,7,330,27,108,605,0,1,2,-33.762955,151.271531,50,0,2,1,3,0,0,0,2,0,7,60,2,14295,14295,3,21,0,3,0,0,0,1
1262711,1,2021,2021,0,6,8,346,17,24,332,0,1,10,-28.811081,153.367061,39,2,1,1,0,0,0,3,2,0,15,80,2,1945,1945,5,16,40,1,0,0,0,1
1262712,2,2021,2021,7,0,8,9,31,53,34609,0,1,1,-31.863903,152.370432,43,2,1,1,0,0,0,0,2,0,7,50,0,4026,4026,8,10,40,1,0,0,1,0
1262715,4,2021,2021,7,5,4,1,18,4,34609,0,1,1,-34.88334,150.676355,63,2,1,1,1,0,0,0,2,0,7,80,0,1669,1669,3,5,37,2,0,1,0,0
1262716,4,2021,2021,8,4,11,133,10,316,121,0,1,1,-31.437931,152.900746,56,2,1,1,2,0,3,3,0,0,7,50,1,4026,4026,8,5,40,1,0,1,0,0
1262720,2,2021,2021,0,3,8,2,27,2,34609,0,1,1,-31.688862,151.131508,73,1,0,1,3,0,0,0,2,0,7,100,0,84,84,6,16,40,1,0,0,1,0
1262724,1,2021,2021,8,2,9,74,23,100,260,0,1,9,-33.964857,151.15467,4,0,2,1,3,0,0,0,0,0,7,60,2,1391,1391,1,5,0,4,0,0,0,1
1262726,1,2021,2021,0,2,6,12,31,24,34609,0,1,10,-32.914195,151.780353,48,0,2,1,3,0,0,0,2,0,0,50,0,1282,1282,1,5,40,2,0,0,0,1
1262728,1,2021,2021,8,4,9,5,31,166,34609,0,1,1,-33.414842,149.577396,3,2,1,1,3,0,0,0,0,0,7,50,0,941,941,1,5,0,3,0,0,0,1
1262729,1,2021,2021,8,2,5,19,27,22,122,0,1,10,-34.525355,150.869674,80,0,2,1,3,0,0,0,2,2,7,60,2,14295,14295,3,5,0,2,0,0,0,2
1262731,1,2021,2021,7,1,7,2,31,445,34609,0,1,9,-33.861984,151.04924,21,0,2,1,3,0,3,4,2,0,7,50,0,926,926,4,0,0,2,0,0,0,1
1262735,1,2021,2021,0,0,5,19,27,182,174,0,1,9,-32.832197,151.355897,17,2,1,1,3,0,0,0,2,0,7,60,2,14295,14295,3,0,36,2,0,0,0,1
1262736,1,2021,2021,0,4,10,37,23,443,78,0,1,10,-33.906706,151.057281,15,0,2,1,3,0,0,0,0,2,7,60,2,5929,5929,1,5,0,2,0,0,0,1
1262737,1,2021,2021,8,4,7,65,27,154,34609,0,1,9,-33.722755,150.949533,71,0,2,1,3,0,0,6,2,0,7,60,0,5929,5929,1,5,0,2,0,0,0,1
1262744,2,2021,2021,8,2,0,1,1,35,34609,0,1,9,-33.883141,150.911575,24,0,2,0,2,0,0,0,0,0,7,50,0,1259,5151,8,5,40,1,0,0,1,0
1262745,4,2021,2021,0,0,8,196,10,166,168,0,1,1,-33.951231,150.981271,15,0,2,0,0,0,0,0,0,0,7,60,2,3775,3775,0,30,12,4,0,1,0,1
1262748,2,2021,2021,0,5,8,2126,17,438,2149,0,1,1,-33.843353,151.0396,21,0,2,1,3,0,0,0,2,0,7,60,2,14295,14295,3,5,12,2,0,0,1,0
1262750,1,2021,2021,8,5,8,829,27,124,770,0,1,10,-33.813353,151.049216,54,0,2,1,0,0,3,4,3,0,7,70,2,1282,1282,1,9,5,2,0,0,0,1
1262751,4,2021,2021,3,6,4,10,31,13,34609,0,1,1,-33.371522,151.483308,16,2,2,1,1,0,0,0,2,0,7,50,0,1192,1192,1,5,27,2,0,1,0,0
1262753,2,2021,2021,7,6,4,6,31,316,34609,0,1,1,-31.440122,152.902151,56,2,1,1,0,0,3,0,2,0,7,50,0,220,220,8,5,40,1,0,0,1,0
1262758,2,2021,2021,0,2,7,42,27,130,34609,0,1,10,-34.446724,150.840714,80,0,2,1,1,0,0,0,2,0,15,50,0,6545,6545,4,5,5,2,0,0,1,1
1262761,2,2021,2021,8,4,2,916,17,165,917,0,1,1,-32.247613,150.896163,46,2,1,1,0,0,0,0,1,0,7,60,2,1669,1669,3,9,13,2,0,0,1,0
1262762,1,2021,2020,2,4,2,11,23,28,34609,0,1,9,-34.556823,150.841011,62,0,2,1,1,0,0,0,1,0,7,50,0,9859,9859,1,8,12,3,0,0,0,1
1262763,2,2021,2021,7,2,5,158,27,46,207,0,1,2,-33.876752,151.230593,81,0,2,0,3,0,3,4,2,0,7,60,2,14295,14295,3,5,0,2,0,0,2,0
1262764,4,2021,2021,0,1,3,2209,17,204,2205,0,1,10,-33.937118,151.149328,4,0,2,1,1,0,0,0,2,2,7,60,2,1220,1220,9,10,28,2,0,1,0,0
1262765,2,2021,2021,3,1,8,2261,17,65,2252,0,1,6,-36.039698,146.972374,0,2,1,1,1,0,0,0,2,0,7,60,2,14295,14295,3,5,0,2,0,0,1,0
1262766,2,2021,2021,7,4,1,137,31,90,103,0,1,2,-32.921013,151.752241,48,0,2,1,2,0,3,4,0,0,7,60,1,475,475,5,5,40,1,0,0,1,1
1262769,2,2021,2021,0,6,3,4,27,438,34609,0,1,7,-33.857868,151.037094,21,0,2,1,0,0,0,0,2,0,0,50,0,6545,6545,4,5,18,2,0,0,1,0
1262776,2,2021,2021,7,5,6,112,27,109,256,0,1,10,-33.974637,150.856508,13,0,2,1,3,0,3,4,2,2,7,70,2,5929,5929,1,8,13,2,0,0,1,0
1262777,2,2021,2021,0,0,3,2126,17,438,2149,0,1,10,-33.837919,151.026996,21,0,2,1,2,0,0,0,1,2,7,60,2,14295,14295,3,33,5,2,0,0,1,0
1262780,2,2021,2021,3,0,5,916,17,66,917,0,1,2,-32.810598,151.671249,48,0,2,1,3,0,0,0,2,0,7,80,2,14295,14295,3,0,5,4,0,0,1,0
1262783,2,2021,2021,7,6,8,224,27,246,321,0,1,5,-33.905528,151.202829,69,0,2,1,1,0,0,0,2,2,7,50,2,6545,6545,4,10,5,2,0,0,1,0
1262785,2,2021,2021,7,1,4,2,31,90,34609,0,1,10,-33.71505,150.321442,8,2,2,1,1,0,0,0,2,0,15,50,0,2852,2852,4,16,0,2,0,0,1,0
1262786,2,2021,2021,0,4,6,19,27,201,42,0,1,7,-34.887153,150.600568,63,2,1,1,1,0,0,0,2,0,0,60,1,6545,6545,4,5,13,2,0,0,1,0
1262787,4,2021,2021,7,1,11,19,27,29,34609,1,0,1,-32.889968,151.694344,48,0,2,0,2,0,0,0,0,0,7,50,0,4552,5151,1,0,5,3,0,1,0,0
1262788,4,2021,2021,7,1,3,1052,14,57,928,0,1,3,-33.680594,151.120447,31,0,2,1,3,0,0,0,1,0,7,110,2,14295,14295,3,10,5,18,0,1,5,0
1262789,4,2021,2021,7,1,9,4,27,4,34609,0,1,1,-31.233586,150.919307,70,1,0,0,0,0,2,6,3,0,7,100,0,2585,4009,8,30,40,1,0,1,0,0
1262790,2,2021,2021,7,6,7,512,17,17,441,0,1,1,-33.434227,149.376355,3,1,0,1,0,0,0,0,2,0,7,100,2,3775,3775,0,10,0,3,0,0,2,0
1262791,2,2021,2021,7,6,2,8,27,14,34609,0,1,1,-33.498978,151.383775,16,2,2,1,0,0,3,0,0,0,7,50,0,9859,9859,1,5,5,2,0,0,1,0
1262793,4,2021,2021,0,3,4,3,27,2,34609,0,1,10,-32.632928,151.62644,57,2,1,1,0,0,0,0,2,0,0,80,0,6545,6545,4,0,13,2,0,1,1,0
1262794,2,2021,2021,0,5,10,100,31,363,38,0,1,1,-33.808465,151.001612,54,0,2,1,2,0,0,0,0,0,7,60,1,14295,14295,3,5,5,3,0,0,1,0
1262796,1,2021,2021,8,1,9,5,27,84,34609,0,1,1,-33.772859,151.10059,61,0,2,1,3,0,0,0,0,0,7,50,0,9859,9859,1,30,5,2,0,0,0,1
1262797,2,2021,2021,7,5,10,16,31,20,34609,0,1,1,-33.085384,151.499823,37,0,2,0,2,0,3,4,0,0,7,50,0,2585,4009,8,0,40,1,0,0,1,0
1262799,1,2021,2021,0,6,6,105,17,223,136,0,1,9,-33.79935,150.917147,7,0,2,1,3,0,3,0,2,0,7,60,2,14295,14295,3,10,5,2,0,0,0,1
1262800,1,2021,2021,0,6,8,15,27,6,33,0,1,1,-34.344674,150.212093,78,1,0,0,3,2,0,0,2,0,7,100,1,1850,1463,5,0,40,1,0,0,0,1
1262802,1,2021,2021,0,2,6,30,27,120,154,0,1,10,-33.755243,150.864684,7,0,2,1,3,0,0,0,2,2,7,60,1,14295,14295,3,10,5,3,0,0,0,1
1262803,1,2021,2021,8,2,6,500,27,145,799,0,1,10,-33.929463,151.072226,15,0,2,1,3,0,0,0,2,2,7,60,2,1669,1669,3,10,5,2,0,0,0,1
1262808,1,2021,2021,8,2,5,39,31,169,99,0,1,9,-33.900512,151.20781,69,0,2,1,3,0,0,0,2,0,7,50,2,1391,1391,1,5,5,2,0,0,0,1
1262811,1,2021,2021,4,0,2,98,27,87,799,0,1,2,-33.928707,150.961198,41,0,2,1,3,0,3,3,1,0,7,70,2,14295,14295,3,10,0,2,0,0,0,1
1262812,1,2021,2021,8,2,7,2261,17,646,2252,1,0,10,-33.90639,151.035995,15,0,2,1,3,0,0,0,2,2,7,60,2,14295,14295,3,0,5,2,0,0,0,1
1262814,1,2021,2021,0,6,7,1052,27,219,262,0,1,10,-32.904417,151.68687,48,0,2,1,3,0,0,0,2,2,7,70,2,14295,14295,3,5,0,2,0,0,0,1
1262818,1,2021,2021,0,2,4,18,1,143,115,1,0,9,-33.705759,151.101629,31,0,2,1,3,0,0,0,2,2,9,50,1,2040,2040,9,0,28,2,0,0,0,1
1262819,1,2021,2021,0,0,9,71,27,31,122,0,1,7,-34.587973,150.853273,62,0,2,0,3,0,0,0,0,0,0,80,2,14295,14295,3,0,0,2,0,0,0,1
1262820,1,2021,2021,0,4,4,14,31,16,6,0,1,7,-29.112367,153.426264,60,2,1,0,3,0,0,0,2,0,0,50,1,6545,6545,4,5,5,2,0,0,0,1
1262825,4,2021,2021,3,2,4,30,24,167,34609,0,1,10,-33.849851,151.074056,54,0,2,1,1,0,0,0,2,1,7,60,0,3775,3775,0,30,5,2,0,2,0,1
1262828,1,2021,2021,0,0,4,19,31,139,34609,0,1,9,-33.886171,151.143427,32,0,2,0,3,0,0,0,2,0,0,50,0,1669,1669,3,10,36,2,0,0,0,1
1262830,1,2021,2021,0,6,7,1052,14,77,928,0,1,3,-33.535107,151.19969,16,1,2,1,3,0,0,0,2,0,7,110,2,14295,14295,3,0,5,3,0,0,0,1
1262832,1,2021,2020,2,5,7,69,31,646,563,0,1,2,-33.917854,151.040642,15,0,2,1,3,0,0,0,2,0,7,60,2,14295,14295,3,0,0,2,0,0,0,1
1262833,4,2021,2021,3,3,5,20,31,174,34609,0,1,1,-33.89575,151.209749,69,0,2,1,1,0,0,0,2,0,7,40,0,9859,9859,8,5,40,1,0,1,0,0
1262835,2,2021,2021,3,5,9,7,27,10,34609,0,1,1,-28.422396,153.522684,72,2,1,1,0,0,3,4,0,0,7,80,0,9859,9859,8,5,40,1,0,0,1,0
1262836,4,2021,2021,0,0,11,16,27,20,34609,0,1,1,-32.964752,151.545042,37,0,2,0,0,0,0,0,0,0,7,90,0,1259,5151,8,9,40,1,0,1,1,0
1262839,2,2021,2021,7,1,8,4,31,104,148,0,1,10,-32.913786,151.708744,48,0,2,1,1,0,0,0,2,0,15,60,1,4552,985,8,5,40,3,0,0,1,0
1262841,4,2021,2021,0,0,6,34,31,433,34609,0,1,1,-33.275501,149.096568,52,2,1,1,1,0,0,0,2,0,7,50,0,9859,9859,8,5,40,1,0,1,0,0
1262847,2,2021,2021,0,5,8,11,27,73,88,0,1,1,-33.690693,150.724665,55,0,2,1,0,0,0,0,2,0,7,80,2,2040,2040,9,0,28,2,0,0,1,0
1262848,4,2021,2021,3,2,9,71,31,78,125,0,1,7,-33.857048,151.010941,21,0,2,1,1,0,0,0,2,0,0,60,1,2852,2852,4,0,19,2,0,1,0,0
1262853,2,2021,2021,7,0,9,1052,14,17,928,0,1,3,-33.220823,151.437033,16,1,2,1,0,0,0,3,2,0,7,110,2,4026,4026,8,5,40,1,0,0,1,0
1262855,2,2021,2021,3,4,6,40,31,94,34609,0,1,10,-33.838502,151.04924,54,0,2,1,3,0,0,0,2,0,15,50,0,6545,6545,4,5,0,2,0,0,1,0
1262860,2,2021,2021,0,5,4,515,14,166,518,0,1,3,-33.946506,150.971859,15,0,2,1,3,0,0,0,2,0,7,100,2,1391,1391,1,5,13,3,0,0,1,0
1262863,1,2021,2021,7,5,3,150,27,197,415,1,0,9,-33.793163,151.11971,61,0,2,1,3,0,3,4,2,2,7,70,2,14295,14295,3,0,5,2,0,0,0,1
1262866,1,2021,2021,8,4,7,361,32,62,96,0,1,9,-33.89408,151.149844,32,0,2,1,3,0,3,3,2,2,7,60,2,5929,5929,1,0,12,2,0,0,0,1
1262867,1,2021,2021,8,1,7,41,10,316,34609,0,1,9,-31.466229,152.9245,56,2,1,0,3,0,0,0,2,0,15,50,0,775,775,4,5,5,2,0,0,0,1
1262872,1,2021,2021,8,3,9,59,27,271,42,1,0,10,-33.94524,151.018036,15,0,2,1,3,0,0,0,0,2,7,60,1,14295,14295,3,10,5,3,0,0,0,1
1262877,1,2021,2021,0,0,7,133,27,66,260,0,1,10,-32.929047,151.642334,37,0,2,1,3,0,0,0,2,2,7,60,2,14295,14295,3,10,0,2,0,0,0,1
1262880,1,2021,2021,8,6,8,57,27,30,126,0,1,9,-32.76501,151.63594,42,2,1,1,2,0,0,0,3,2,7,80,2,5929,5929,1,5,19,2,0,0,0,1
1262882,1,2021,2021,0,3,7,500,27,646,799,0,1,1,-33.933912,151.038626,15,0,2,1,1,0,0,0,2,0,7,60,2,3775,3775,0,30,5,2,0,0,0,2
1262884,4,2021,2021,8,3,9,478,17,20,480,0,1,1,-33.289847,151.549695,16,2,2,1,0,0,0,0,0,0,7,80,2,96,96,0,5,0,2,0,2,1,0
1262886,2,2021,2021,8,6,11,17,10,4,34609,0,1,1,-32.744936,152.074028,57,2,1,0,0,0,3,4,0,0,7,80,0,1259,5151,8,5,40,1,0,0,1,0
1262887,2,2021,2021,8,0,3,2126,17,26,2149,0,1,2,-33.702128,150.579678,8,2,2,1,1,0,3,4,2,0,7,80,2,14295,14295,3,5,5,2,0,0,1,0
1262888,2,2021,2021,0,4,9,68,27,98,208,1,0,10,-33.751138,151.065144,31,0,2,1,2,0,0,0,0,2,7,60,2,775,775,4,5,36,2,0,0,1,0
1262889,1,2021,2021,0,2,6,14,1,28,34609,0,1,1,-34.015938,151.074772,68,0,2,1,0,0,0,0,2,0,7,50,0,214,214,9,5,28,2,0,0,0,1
1262890,2,2021,2021,0,0,10,11,27,445,34609,0,1,9,-33.871758,151.038406,21,0,2,1,2,0,0,0,0,0,15,50,0,6545,6545,4,5,5,2,0,0,2,1
1262892,4,2021,2021,0,6,8,2,10,92,34609,0,1,1,-33.74477,150.951199,71,0,2,1,0,0,0,0,3,0,7,50,0,9859,9859,1,5,5,3,0,1,0,0
1262893,1,2021,2020,11,1,7,101,10,42,33,0,1,1,-34.024423,151.184885,68,0,2,0,0,0,0,0,2,0,7,80,1,4552,5151,1,22,13,2,0,0,0,1
1262895,2,2021,2021,0,1,1,105,27,67,109,0,1,9,-33.875668,150.89621,24,0,2,1,2,0,0,0,0,0,7,60,1,3775,3775,0,5,5,4,0,0,1,0
1262898,2,2021,2021,8,4,5,916,17,165,917,0,1,10,-32.263315,150.888821,46,2,1,1,1,0,3,3,2,2,7,50,2,5929,5929,1,34,5,2,0,0,1,0
1262899,2,2021,2021,7,3,2,21,36,13,34609,0,1,1,-30.899747,152.944598,34,1,0,0,0,0,0,0,0,0,7,100,0,404,404,8,0,40,1,0,0,1,0
1262900,4,2021,2021,8,5,3,14,22,41,605,0,1,2,-33.788576,151.265184,50,0,2,0,0,0,0,0,1,0,7,60,2,1957,4009,8,16,40,1,0,1,0,0
1262902,2,2021,2021,0,2,5,7,31,234,34609,0,1,10,-34.277438,146.049431,28,2,1,1,0,0,3,0,2,0,0,50,0,1850,777,5,15,40,1,0,0,1,0
1262903,2,2021,2021,3,6,9,2,27,4,34609,0,1,1,-31.549082,146.305405,51,1,0,1,0,0,0,0,2,0,7,100,0,475,475,5,10,40,1,0,0,1,0
1262907,2,2021,2021,3,0,11,110,31,253,34609,0,1,9,-33.967821,151.108983,25,0,2,1,0,0,0,0,0,0,7,50,0,9859,9859,8,5,40,1,0,0,1,0
1262910,2,2021,2021,3,1,10,10,31,85,34609,1,0,1,-32.933444,151.729722,48,0,2,1,2,0,0,0,0,0,7,50,0,941,941,1,5,5,2,0,0,1,0
1262913,4,2021,2021,7,5,4,46,31,22,34609,0,1,1,-33.793289,151.273636,50,0,2,1,1,0,3,4,2,0,7,50,0,323,323,1,15,0,2,0,1,0,0
1262914,4,2021,2021,8,2,4,2,27,31,34609,0,1,7,-31.130038,150.920687,70,2,1,1,1,0,3,0,2,0,0,50,0,6545,6545,4,5,19,2,0,1,0,0
1262921,2,2021,2021,8,2,9,13,27,273,34609,0,1,9,-34.420681,150.881891,80,0,2,1,2,0,0,0,0,0,7,50,0,1109,787,1,30,19,3,0,0,1,0
1262928,2,2021,2021,0,6,6,43,27,46,29,1,0,7,-32.914174,151.665617,48,0,2,0,1,0,0,0,2,0,0,60,1,6545,6545,4,10,18,2,0,0,1,0
1262929,4,2021,2021,0,4,4,5,18,18,34609,0,1,7,-32.80168,151.466502,17,2,1,0,0,0,0,0,2,0,0,60,0,6545,6545,4,5,19,2,0,1,0,0
1262930,1,2021,2021,8,6,9,44,31,82,6,0,1,10,-33.792067,151.265324,50,0,2,1,2,0,3,4,0,0,7,50,1,1945,1945,5,15,40,1,0,0,0,1
1262932,2,2021,2021,8,6,4,98,27,52,382,0,1,7,-33.641524,150.78573,55,0,2,1,0,0,3,3,2,0,0,80,2,5929,5929,1,5,5,2,0,0,1,0
1262933,2,2021,2021,0,0,5,5,31,314,34609,0,1,2,-33.846241,150.959429,21,0,2,1,1,0,0,0,2,0,8,50,0,78,78,8,5,40,2,0,0,1,0
1262935,4,2021,2021,3,4,9,7,31,111,34609,0,1,10,-33.917055,151.250256,59,0,2,1,0,0,0,0,2,0,15,50,0,6545,6545,4,30,27,2,0,1,0,0
1262938,2,2021,2021,8,5,7,19,27,24,42,0,1,1,-34.927666,150.55099,63,2,1,0,0,0,3,4,2,0,7,80,1,1259,5151,8,25,40,1,0,0,1,0
1262940,2,2021,2021,8,0,6,7,27,40,34609,0,1,1,-34.993612,150.6145,63,2,1,0,0,0,3,4,2,0,7,80,0,4552,5151,8,5,40,1,0,0,1,0
1262941,2,2021,2021,8,2,4,3371,17,173,3342,1,0,9,-33.722342,151.118174,36,0,2,1,1,0,0,0,2,0,0,60,2,2040,2040,9,5,28,2,0,0,1,0
1262942,2,2021,2021,8,4,8,3,27,1,34609,0,1,1,-31.774904,151.02935,73,1,0,1,0,0,0,0,2,0,7,100,0,1089,1089,7,0,40,1,0,0,1,0
1262944,2,2021,2021,8,3,9,34,31,36,34609,0,1,1,-33.890611,148.158843,51,2,1,1,2,2,0,0,0,0,7,50,0,9859,9859,1,5,13,2,0,0,1,0
1262945,2,2021,2021,8,4,3,229,14,84,237,0,1,3,-33.76513,151.10062,61,0,2,1,0,0,3,4,2,0,7,100,2,1945,1945,5,16,40,1,0,0,1,0
1262947,4,2021,2021,0,1,5,48,31,104,605,0,1,10,-33.829849,151.215219,49,0,2,1,1,0,0,0,2,2,7,60,2,515,515,1,5,19,2,0,1,0,0
1262950,4,2021,2021,0,0,11,82,27,9,103,0,1,1,-28.499518,153.19556,72,2,1,1,3,0,3,4,0,0,7,80,1,14295,14295,3,5,13,2,0,1,0,0
1262956,4,2021,2021,0,5,2,171,31,523,34609,0,1,7,-33.917881,150.924698,41,0,2,1,3,0,0,0,0,0,0,50,0,926,926,4,0,5,2,0,1,0,0
1262957,4,2021,2021,7,2,5,84,10,51,80,0,1,9,-34.212452,150.976196,80,0,2,1,0,0,0,0,2,0,7,80,2,1850,985,5,16,40,1,0,1,0,0