Crash ID,Degree of crash - detailed,Reporting year,Year of crash,Month of crash,Day of week of crash,Two-hour intervals,Street of crash,Street type,Town,Route no.,School zone location,School zone active,Type of location,Latitude,Longitude,LGA,Urbanisation,Conurbation 1,Alignment,Street lighting,Road surface,Surface condition,Weather,Natural lighting,Signals operation,Other traffic control,Speed limit,Road classification,RUM - code,DCA - code,First impact type,Key TU type,Other TU type,No. of traffic units involved,No. killed,No. seriously injured,No. moderately injured,No. minor-other injured
1262958,4,2021,2021,0,0,9,3371,17,18,3342,0,1,2,-28.795469,153.528148,2,1,0,0,0,0,3,4,0,0,7,110,2,1957,4009,8,30,40,1,0,1,0,0
1262961,2,2021,2021,3,6,4,157,17,48,158,0,1,1,-33.876513,146.993271,51,1,0,1,0,0,0,0,2,0,7,100,2,1945,1945,5,16,40,1,0,0,1,0
1262962,1,2021,2021,8,0,9,2126,17,363,2149,1,0,9,-33.818484,150.994357,54,0,2,1,3,0,3,0,0,0,7,60,2,14295,14295,3,5,5,2,0,0,0,1
1262964,1,2021,2021,8,5,5,59,10,14,231,0,1,1,-33.489354,151.386951,16,2,2,0,3,0,0,0,2,0,7,70,2,1669,1669,3,9,5,2,0,0,0,1
1262965,1,2021,2021,0,4,7,2209,17,201,2205,0,1,2,-34.864266,150.601435,63,2,1,1,3,0,0,0,2,0,7,60,2,14295,14295,3,30,0,2,0,0,0,1
1262973,2,2021,2021,3,2,8,2,31,88,34609,0,1,9,-33.740455,150.859915,7,0,2,1,1,0,0,0,2,0,7,50,0,1282,1282,1,30,5,2,0,0,1,0
1262975,1,2021,2021,7,6,7,4,1,387,34609,0,1,0,-33.933758,151.179857,4,0,2,1,1,0,0,0,2,0,9,40,0,1220,1220,9,21,28,2,0,0,0,1
1262977,1,2021,2021,0,0,8,25,31,445,103,0,1,10,-33.864002,151.034607,21,0,2,1,3,0,0,0,4,0,15,50,1,6545,6545,4,5,5,2,0,0,0,1
1262979,1,2021,2021,8,3,6,81,31,284,80,0,1,1,-33.909054,151.015112,15,0,2,1,3,0,0,0,2,0,7,60,1,14295,14295,3,5,0,2,0,0,0,1
1262988,2,2021,2021,0,6,6,43,31,104,117,0,1,9,-32.913184,151.704558,48,0,2,1,3,0,0,0,2,2,7,60,2,3775,3775,0,0,5,2,0,0,2,0
1262992,2,2021,2021,0,6,0,3371,17,20,3342,0,1,2,-32.301131,152.346213,43,1,0,0,0,0,3,0,0,0,7,110,2,1259,5151,8,0,40,1,0,0,2,0
1262993,4,2021,2021,8,5,4,3,1,45,34609,0,1,9,-33.345698,151.495111,16,2,2,1,1,0,0,0,2,0,9,50,0,2040,2040,9,34,28,2,0,1,0,0
1262995,2,2021,2021,3,1,3,5,27,11,34609,0,1,1,-32.700554,151.617935,42,2,1,0,0,0,0,0,2,0,7,80,0,3775,3775,0,5,13,2,0,0,1,1
1262998,2,2021,2021,0,0,6,829,27,304,140,0,1,1,-33.906339,151.164941,32,0,2,1,1,0,0,0,2,0,7,60,1,387,387,1,22,0,2,0,0,1,0
1262999,4,2021,2021,0,0,5,1052,14,77,928,0,1,7,-33.531273,151.199112,16,2,2,1,0,0,0,0,2,0,0,60,2,1945,1945,5,16,40,1,0,1,0,0
1263000,2,2021,2021,7,4,3,1104,14,223,962,0,1,6,-33.805798,150.919288,7,0,2,1,1,0,0,0,2,2,7,100,2,14295,14295,3,9,12,3,0,0,1,0
1263003,4,2021,2021,0,4,8,4,31,24,34609,0,1,1,-33.968503,151.253073,59,0,2,1,1,0,0,0,2,0,7,50,0,2585,4009,8,5,40,1,0,1,0,0
1263007,4,2021,2021,3,5,8,38,23,54,34609,0,1,1,-33.719602,151.101858,31,0,2,1,1,0,0,0,2,0,7,50,0,9859,9859,1,0,5,2,0,1,0,0
1263009,2,2021,2021,3,3,5,308,14,323,311,0,1,3,-33.790275,150.856399,7,0,2,1,0,0,0,0,2,0,7,100,2,4026,4026,8,5,40,1,0,0,1,0
1263010,1,2021,2021,7,5,3,98,27,87,799,0,1,10,-33.928675,150.96228,41,0,2,1,2,0,3,4,0,2,7,70,2,14295,14295,3,10,12,2,0,0,0,1
1263011,2,2021,2021,7,2,9,21,31,562,4,0,1,9,-32.242738,148.595688,22,2,1,1,0,0,0,0,2,0,7,60,1,623,623,3,0,5,2,0,0,3,0
1263014,2,2021,2021,0,3,9,48,27,5,26,0,1,9,-35.119281,149.652242,58,1,0,1,3,0,0,0,3,0,7,100,2,9859,9859,8,34,40,1,0,0,1,0
1263015,4,2021,2021,0,1,8,25,27,202,18,0,1,1,-33.962148,151.035224,15,0,2,1,3,0,0,0,2,0,7,60,1,1981,1981,4,5,12,2,0,1,0,0
1263016,1,2021,2021,7,3,1,3,27,61,34609,0,1,10,-35.202552,149.210969,58,2,1,1,2,0,0,0,0,0,0,60,0,323,323,1,5,12,2,0,0,0,2
1263017,2,2021,2021,7,4,6,4,27,68,34609,0,1,1,-34.806798,148.931327,82,1,0,0,3,0,0,0,2,0,7,100,0,2585,4009,8,0,40,1,0,0,1,0
1263018,2,2021,2021,0,4,7,13,27,118,34609,0,1,9,-33.414547,151.300079,16,2,2,0,3,0,0,0,2,0,7,50,0,5929,5929,1,0,5,2,0,0,1,1
1263022,4,2021,2021,7,3,5,1,27,14,34609,0,1,1,-30.68354,149.82903,51,2,1,1,0,2,0,0,2,0,7,80,0,9859,9859,8,16,40,1,0,1,0,0
1263024,4,2021,2021,0,3,5,1052,14,160,928,0,1,3,-33.096335,151.465747,37,0,2,1,0,0,0,0,2,0,7,110,2,14295,14295,3,5,0,2,0,1,1,1
1263027,1,2021,2021,8,6,5,12,27,58,43,0,1,9,-28.573448,153.532775,10,2,1,0,3,0,3,4,2,0,7,80,1,150,150,4,5,5,2,0,0,0,1
1263028,4,2021,2021,0,1,8,194,31,445,18,0,1,1,-33.864276,151.052795,21,0,2,1,1,0,0,0,2,0,7,60,1,9859,9859,1,5,10,2,0,2,0,0
1263029,1,2021,2021,8,5,8,1,31,174,34609,1,2,9,-33.873608,150.93129,24,0,2,1,3,0,0,0,2,0,7,40,0,1391,1391,1,5,5,2,0,0,0,1
1263030,2,2021,2021,8,1,8,55,27,137,96,0,1,9,-32.956704,151.686671,37,0,2,0,3,0,3,0,3,2,9,60,2,1391,1391,1,5,0,2,0,0,2,0
1263035,1,2021,2021,0,6,5,46,1,50,34609,0,1,9,-34.34077,150.906952,80,0,2,1,3,0,0,0,2,2,7,60,0,623,623,3,0,0,2,0,0,0,1
1263041,1,2021,2021,8,3,7,2,27,56,34609,0,1,1,-32.793229,151.284241,17,1,0,1,3,2,3,4,2,0,7,100,0,14295,14295,3,5,12,2,0,0,0,1
1263047,1,2021,2021,8,0,9,2261,17,112,2252,0,1,2,-33.914263,150.926501,41,0,2,1,3,0,0,0,0,0,7,70,2,14295,14295,3,0,13,2,0,0,0,1
1263052,1,2021,2021,8,1,4,3,31,65,34609,0,1,1,-36.048121,146.988711,0,2,1,1,3,0,3,3,2,0,7,50,0,14295,14295,3,0,36,2,0,0,0,2
1263054,1,2021,2020,8,1,8,191,27,22,68,0,1,10,-34.064146,150.806896,13,0,2,1,3,0,3,4,2,3,7,60,1,623,623,3,5,0,2,0,0,0,1
1263055,1,2021,2021,0,1,9,17,10,12,34609,0,1,1,-34.412366,150.816341,80,0,2,0,3,0,0,6,0,0,7,60,0,2585,4009,8,30,40,1,0,0,0,2
1263056,1,2021,2021,8,6,3,2261,17,35,2252,0,1,3,-34.324762,150.572849,78,1,0,1,3,0,3,4,2,0,7,110,2,1383,1383,1,8,36,2,0,0,0,1
1263057,1,2021,2021,0,6,11,10,27,18,34609,0,1,1,-28.389481,153.400736,72,2,1,0,0,0,3,3,0,0,7,80,0,4552,5151,8,0,40,1,0,0,0,1
1263059,4,2021,2021,0,6,4,25,27,25,143,0,1,1,-32.979659,149.796749,44,1,0,0,0,0,0,0,2,0,7,100,2,4552,5151,8,5,40,1,0,1,0,0
1263062,1,2021,2021,8,0,8,81,17,83,33,0,1,1,-34.45027,150.444416,78,2,1,1,3,0,3,4,2,0,7,50,1,14295,14295,3,10,36,2,0,0,0,1
1263064,1,2021,2021,8,2,8,125,27,24,144,0,1,7,-32.881798,151.794194,48,0,2,1,3,0,0,0,3,0,0,80,2,775,775,4,5,5,2,0,0,0,1
1263068,2,2021,2021,8,0,4,1104,11,532,770,0,1,10,-33.863398,151.205372,69,0,2,1,3,0,0,0,2,3,7,40,2,1383,1383,1,34,0,2,0,0,1,0
1263069,1,2021,2021,8,6,5,90,36,4,102,0,1,1,-34.475923,147.778361,51,1,0,1,3,0,0,0,2,0,7,100,2,945,945,5,29,40,1,0,0,0,1
1263073,1,2021,2021,0,0,8,7,18,179,34609,0,1,9,-31.90647,152.455963,43,2,1,1,3,0,0,0,2,0,7,50,0,2852,2852,4,5,0,2,0,0,0,1
1263074,1,2021,2021,0,4,3,48,10,13,58,0,1,10,-32.900467,151.753062,48,0,2,0,3,0,0,0,2,2,7,80,2,2852,2852,4,30,5,2,0,0,0,1
1263076,1,2021,2021,0,4,4,2261,17,346,2252,0,1,9,-33.890158,151.089794,67,0,2,1,3,0,0,0,2,0,7,60,2,5929,5929,1,10,13,2,0,0,0,1
1263078,1,2021,2021,0,0,7,80,31,204,187,0,1,10,-33.87797,151.127567,32,0,2,1,3,0,0,0,2,0,9,50,2,14295,14295,3,9,25,3,0,0,0,1
1263082,2,2021,2021,7,6,4,71,31,283,125,0,1,10,-33.845402,151.013016,21,0,2,1,0,0,0,0,2,0,0,60,1,6545,6545,4,5,5,2,0,0,1,0
1263084,4,2021,2021,7,5,7,2209,17,40,2205,0,1,7,-35.071253,150.570543,63,2,1,0,1,0,0,0,2,0,0,80,2,4552,5151,8,16,40,1,0,1,0,0
1263086,2,2021,2021,8,1,7,27,31,107,157,0,1,7,-29.689644,152.934617,18,2,1,1,0,0,0,0,2,0,7,50,2,1282,1282,1,19,36,2,0,0,1,0
1263087,2,2021,2021,8,0,3,7,27,18,34609,0,1,1,-33.337782,149.000245,11,2,1,0,0,0,3,0,1,0,7,50,0,1850,1463,5,5,40,1,0,0,1,0
1263092,1,2021,2021,8,2,4,5,23,49,34609,0,1,1,-33.724273,151.287155,50,0,2,1,1,0,0,0,2,0,7,50,0,1981,1981,4,0,27,2,0,0,0,1
1263093,4,2021,2021,0,6,5,103,27,34,98,0,1,1,-32.833188,150.853519,64,1,0,0,0,0,0,0,2,0,7,100,2,1850,1463,5,16,40,1,0,1,0,0
1263094,1,2021,2021,8,5,8,76,24,164,154,0,1,6,-33.742438,150.870373,7,0,2,1,1,0,0,0,2,0,7,60,1,1383,1383,1,5,5,3,0,0,0,1
1263095,2,2021,2021,7,6,4,255,27,62,172,0,1,9,-32.923722,151.622044,37,0,2,1,1,0,0,0,2,2,7,60,2,14295,14295,3,9,5,3,0,0,1,0
1263097,2,2021,2021,7,1,6,11,27,147,34609,0,1,1,-33.738503,151.147294,36,0,2,1,1,0,0,0,2,0,7,50,0,4026,4026,8,5,40,1,0,0,1,0
1263099,4,2021,2021,0,5,8,5,31,174,34609,0,1,9,-33.861961,150.933517,24,0,2,1,1,0,0,0,2,0,7,50,0,2040,2040,9,9,28,2,0,1,0,0
1263103,1,2021,2021,7,5,8,1,31,23,34609,0,1,9,-33.821481,150.988668,21,0,2,1,3,0,0,0,0,0,7,50,0,5929,5929,1,10,5,2,0,0,0,1
1263104,2,2021,2021,0,3,7,1,27,2,34609,0,1,1,-29.951201,153.247061,19,2,1,1,0,2,0,0,2,0,7,20,0,9859,9859,8,0,40,1,0,0,2,0
1263106,2,2021,2021,0,6,9,9,27,43,34609,0,1,1,-33.552833,150.80921,29,2,2,1,0,0,0,0,3,0,7,50,0,4026,4026,8,5,40,1,0,0,1,0
1263107,4,2021,2021,7,1,7,2209,17,166,2205,0,1,9,-33.905216,151.180721,69,0,2,1,1,0,3,4,2,0,7,50,2,2040,2040,9,5,28,2,0,1,0,0
1263109,4,2021,2021,0,3,3,84,10,6,80,0,1,1,-34.250415,150.975244,80,0,2,0,1,0,0,0,2,0,7,60,2,1850,1463,5,16,40,1,0,1,0,0
1263110,4,2021,2021,0,1,9,6,27,30,34609,0,1,1,-34.355504,146.012145,28,2,1,1,0,2,0,0,0,0,7,80,0,475,475,5,5,40,1,0,1,2,0
1263113,2,2021,2021,0,4,9,12,27,69,23,0,1,1,-28.556706,153.513102,10,2,1,0,0,0,0,0,0,0,7,60,1,4552,5151,8,5,40,1,0,0,1,0
1263115,1,2021,2021,0,1,4,829,27,165,770,0,1,2,-33.855805,151.158964,14,0,2,1,0,0,0,0,2,0,7,60,2,1981,1981,4,0,27,2,0,0,0,1
1263117,1,2021,2021,3,2,6,2,31,6,34609,0,1,10,-34.577889,142.742204,51,2,1,1,1,0,0,0,2,0,0,50,0,6545,6545,4,30,13,2,0,0,0,1
1263118,2,2021,2021,0,5,9,4,27,337,34609,0,1,1,-33.737577,151.000092,71,0,2,1,2,0,0,0,3,0,7,50,0,1945,1945,5,16,40,1,0,0,1,0
1263119,4,2021,2021,8,0,6,2209,17,17,2205,0,1,1,-35.531958,150.303718,63,1,0,0,1,0,3,4,2,0,7,100,2,4552,5151,8,30,40,1,0,1,0,0
1263122,2,2021,2021,0,3,3,1,27,3,34609,0,1,1,-32.70041,151.797389,57,2,1,1,0,2,0,0,1,0,7,80,0,9859,9859,8,30,40,1,0,0,1,0
1263125,2,2021,2021,0,2,8,829,27,124,770,1,0,2,-33.812807,151.044855,54,0,2,1,0,0,0,0,2,0,7,70,2,1282,1282,1,0,5,2,0,0,1,0
1263127,4,2021,2021,0,1,7,79,31,30,34609,0,1,10,-30.088742,145.947525,51,2,1,1,0,0,0,0,2,0,0,50,0,9859,9859,8,5,40,1,0,1,0,0
1263128,2,2021,2021,0,5,8,515,14,294,518,0,1,3,-33.940682,150.931755,41,0,2,1,0,0,0,0,2,0,7,100,2,14295,14295,3,9,10,2,0,0,1,0
1263138,4,2021,2021,0,3,9,4,27,89,34609,0,1,1,-33.396912,151.474348,16,2,2,0,2,0,0,0,0,0,7,50,0,1259,5151,8,9,40,1,0,1,0,0
1263139,1,2021,2021,8,3,7,26,31,161,34609,0,1,1,-33.877549,151.156266,32,0,2,1,1,0,0,0,2,0,9,50,0,1220,1220,9,0,28,2,0,0,0,1
1263140,4,2021,2021,8,1,4,26,31,363,34609,0,1,10,-33.7535,150.702934,55,0,2,1,1,0,0,0,2,2,7,50,0,5929,5929,1,9,0,3,0,1,0,1
1263141,2,2021,2021,7,1,6,53,27,134,51,0,1,1,-33.510505,151.318586,16,2,2,1,3,0,0,0,2,0,7,60,1,515,515,1,5,5,2,0,0,1,0
1263142,2,2021,2021,7,6,6,85,27,53,145,0,1,9,-33.803759,151.031682,54,0,2,0,1,0,0,0,2,0,0,60,2,591,591,1,17,5,2,0,0,1,0
1263147,4,2021,2021,0,3,7,330,23,35,39,0,1,10,-33.9698,151.241551,59,0,2,1,0,0,0,0,2,0,15,60,1,6545,6545,4,5,27,2,0,1,0,0
1263150,1,2021,2021,0,4,11,149,10,346,702,0,1,2,-33.868204,151.064237,67,0,2,1,2,0,0,0,0,0,7,80,2,1383,1383,1,5,12,3,0,0,0,1
1263173,2,2021,2021,0,4,5,10,31,12,34609,0,1,1,-33.805182,151.260363,50,0,2,1,0,0,0,0,2,0,7,50,0,368,368,9,5,28,2,0,0,1,0
1263176,1,2021,2021,3,1,7,2126,17,171,2149,0,1,10,-33.814385,150.964691,21,0,2,1,3,0,0,3,2,2,7,80,2,1391,1391,1,0,5,2,0,0,0,1
1263180,2,2021,2021,8,5,5,4,31,215,34609,0,1,9,-35.120684,147.346954,75,2,1,1,0,0,3,3,2,0,7,50,0,5929,5929,1,0,5,2,0,0,1,0
1263181,2,2021,2021,7,3,7,6,31,102,34609,0,1,7,-31.104274,150.918305,70,2,1,1,1,0,0,0,2,0,0,40,0,6545,6545,4,10,19,2,0,0,1,0
1263183,4,2021,2021,7,5,9,6,1,18,34609,0,1,10,-33.22977,151.531468,16,2,2,1,1,0,3,3,3,0,15,50,0,5929,5929,1,0,19,2,0,1,0,0
1263184,2,2021,2021,0,1,8,193,31,28,34609,0,1,10,-33.100246,148.862405,11,2,1,1,3,0,0,0,3,0,0,50,0,6545,6545,4,0,5,2,0,0,1,0
1263185,2,2021,2021,7,1,8,63,31,139,3,0,1,1,-33.840553,151.20652,49,0,2,1,1,0,0,0,2,0,7,40,1,1109,397,1,5,27,2,0,0,1,0
1263187,2,2021,2021,3,0,3,123,36,14,49,0,1,1,-30.473438,151.374291,51,1,0,1,0,0,0,3,1,0,7,100,1,4026,4026,8,30,40,1,0,0,1,0
1263189,1,2021,2021,0,1,7,205,27,161,415,1,2,10,-33.721978,151.171577,36,0,2,1,1,0,0,0,2,2,7,40,2,4026,4026,8,5,40,2,0,0,0,2
1263190,2,2021,2021,3,2,8,213,17,4,213,0,1,1,-29.727708,150.942777,33,1,0,1,3,0,3,4,2,0,7,100,2,475,475,5,10,40,1,0,0,1,0
1263191,2,2021,2021,7,0,2,3,31,169,34609,1,0,1,-28.64979,153.616125,10,2,1,1,2,0,3,0,0,0,7,50,0,9859,9859,1,0,0,2,0,0,1,0
1263193,2,2021,2021,0,4,8,13,1,562,34609,0,1,1,-32.251703,148.63963,22,2,1,0,0,0,0,0,2,0,7,50,0,4552,5151,1,0,0,2,0,0,1,0
1263194,4,2021,2021,0,6,9,2261,17,70,2252,0,1,2,-34.74208,149.906452,26,1,0,1,0,0,0,0,0,0,7,110,2,9859,9859,8,5,40,1,0,1,1,0
1263195,1,2021,2021,3,3,3,3371,17,58,3342,0,1,9,-32.791425,151.724769,57,2,1,1,1,0,3,4,2,2,7,80,2,9859,9859,8,9,40,1,0,0,0,1
1263198,2,2021,2021,0,0,8,1,27,1,34609,0,1,1,-35.44338,146.965665,51,1,0,0,0,0,0,0,2,0,7,100,0,2585,4009,8,10,40,1,0,0,1,0
1263204,1,2021,2021,7,0,0,866,17,157,793,0,1,2,-33.795566,151.014125,54,0,2,1,3,0,3,4,0,0,7,60,2,404,404,8,0,40,1,0,0,0,1
1263205,1,2021,2021,7,1,7,41,10,117,34609,0,1,9,-28.186407,153.526816,72,2,1,1,1,0,0,0,2,0,7,50,0,14295,14295,3,5,13,3,0,0,0,1
1263206,2,2021,2021,0,4,7,512,17,433,441,0,1,7,-33.282819,149.093791,52,2,1,1,0,0,0,0,2,0,0,50,2,591,591,1,22,25,2,0,0,1,0
1263208,4,2021,2021,0,0,8,330,27,53,605,0,1,10,-33.726008,151.299049,50,0,2,1,1,0,0,0,3,0,0,60,2,5929,5929,1,5,19,2,0,1,0,0
1263210,4,2021,2021,3,0,7,92,27,15,34609,0,1,1,-34.0079,151.076315,68,0,2,1,0,0,0,0,2,0,7,50,0,9859,9859,1,30,4,3,0,1,0,0
1263211,2,2021,2021,7,4,8,15,27,30,34609,0,1,1,-34.03467,150.820078,13,0,2,1,1,0,3,4,2,0,7,60,0,3775,3775,0,5,13,2,0,0,1,0
1263212,4,2021,2021,7,3,4,1052,14,23,928,0,1,3,-33.326131,151.3879,16,1,2,1,0,0,3,4,2,0,7,110,2,9859,9859,8,0,40,1,0,1,0,0
1263213,1,2021,2021,8,2,3,481,17,77,483,0,1,1,-30.271408,149.801087,51,1,0,0,3,0,0,0,2,0,7,110,2,4552,5151,8,16,40,1,0,0,0,1
1263215,2,2021,2021,8,1,5,27,31,562,34609,0,1,1,-32.247015,148.60001,22,2,1,1,0,0,0,0,2,0,7,50,0,5929,5929,1,0,13,2,0,0,1,1
1263219,2,2021,2021,7,0,7,123,27,316,25,0,1,1,-33.910133,151.251514,59,0,2,1,0,0,0,3,2,0,8,50,1,1383,1383,1,15,5,2,0,0,1,0
1263220,1,2021,2021,0,6,8,9,27,72,44,0,1,9,-33.828919,151.219785,49,0,2,0,2,0,0,0,3,2,7,50,1,150,150,4,0,5,2,0,0,0,1
1263221,4,2021,2021,0,6,10,3371,17,89,3342,0,1,2,-28.21168,153.545515,72,1,0,1,2,0,3,4,0,0,7,100,2,1192,1192,1,5,2,2,0,1,0,0
1263223,4,2021,2021,7,2,9,3,18,69,34609,0,1,1,-33.824642,151.02048,54,0,2,1,1,0,0,0,2,0,7,50,0,368,368,9,5,28,2,0,1,0,0
1263224,2,2021,2021,3,2,3,481,17,155,483,0,1,1,-33.000952,148.213821,53,2,1,1,0,0,0,0,2,0,7,60,2,14295,14295,3,10,5,3,0,0,4,0
1263226,4,2021,2021,0,5,6,3371,17,207,3342,0,1,1,-33.565117,151.190734,31,0,2,0,0,0,0,0,2,0,7,80,2,1850,1463,5,16,40,1,0,1,0,0
1263227,4,2021,2021,0,2,3,17,27,8,17,0,1,1,-35.257402,148.203973,66,1,0,0,3,0,0,0,1,0,7,100,2,418,714,5,0,40,1,0,1,0,0
1263229,4,2021,2021,8,0,7,24,31,18,41,0,1,10,-28.979094,153.282597,60,2,1,1,0,0,0,0,2,0,0,80,1,926,926,4,5,5,2,0,1,0,0
1263230,2,2021,2021,3,2,7,48,31,121,102,0,1,10,-33.796871,151.285001,50,0,2,1,1,0,0,0,2,2,9,50,2,5929,5929,1,0,0,2,0,0,1,0
1263233,1,2021,2021,8,4,3,53,31,113,34609,0,1,1,-29.459111,149.835892,51,2,1,1,1,0,0,0,2,0,7,50,0,9859,9859,1,5,10,2,0,0,0,1
1263234,2,2021,2021,8,1,8,14,27,78,34609,1,0,7,-34.479083,150.855105,80,0,2,1,1,0,0,0,2,0,0,60,0,6545,6545,4,0,19,2,0,0,1,0
1263237,4,2021,2021,8,0,7,3371,17,73,3342,0,1,2,-33.782885,151.172588,36,0,2,0,1,0,0,0,2,0,7,60,2,1957,4009,1,5,25,3,0,2,0,0
1263241,4,2021,2021,0,3,6,2,7,70,34609,0,1,9,-33.881725,150.882233,24,0,2,0,1,0,0,0,2,0,7,50,0,5929,5929,1,5,5,2,0,2,1,0
1263247,2,2021,2021,8,2,7,161,17,10,161,0,1,1,-35.574185,148.322543,66,2,1,0,0,0,0,0,2,0,7,60,2,1957,4009,8,16,40,1,0,0,1,0
1263252,2,2021,2021,8,3,4,41,27,228,69,0,1,1,-34.705773,149.76217,26,1,0,1,0,0,0,0,2,0,7,100,2,475,475,5,5,40,1,0,0,3,0
1263253,2,2021,2021,7,4,11,4,1,110,34609,1,0,1,-33.77689,151.023482,54,0,2,1,2,0,3,4,0,0,7,50,0,323,323,1,5,36,2,0,0,1,0
1263254,2,2021,2021,7,6,1,2261,17,16,2252,0,1,2,-34.652638,150.089222,78,1,0,1,0,0,3,4,0,0,7,110,2,4026,4026,8,5,40,1,0,0,1,0
1263257,1,2021,2021,8,5,5,2,1,337,34609,0,1,9,-33.737838,150.985358,71,0,2,1,0,0,0,0,2,0,0,50,0,6545,6545,4,5,27,2,0,0,0,1
1263262,4,2021,2021,3,2,6,3,27,24,34609,0,1,1,-33.402464,151.000283,31,0,2,0,1,0,3,3,2,0,7,60,0,2585,4009,8,5,40,1,0,1,0,0
1263264,4,2021,2021,0,2,7,346,36,4,14,0,1,1,-29.120248,151.296874,33,1,0,0,0,0,0,0,2,0,7,100,1,1850,1463,5,16,40,1,0,1,0,0
1263265,2,2021,2021,0,0,6,74,27,609,163,0,1,2,-33.779291,150.919951,7,0,2,1,1,0,0,0,2,0,7,60,2,14295,14295,3,10,19,2,0,0,1,0
1263270,2,2021,2021,0,5,8,334,17,316,308,1,0,7,-31.438797,152.890359,56,2,1,1,0,0,0,0,3,0,0,60,2,515,515,1,0,0,2,0,0,1,0
1263277,2,2021,2021,8,2,6,11,31,228,143,0,1,10,-34.748894,149.717022,26,2,1,1,1,0,0,0,2,0,0,50,2,6545,6545,4,0,19,2,0,0,1,0
1263279,2,2021,2021,0,5,8,196,10,45,168,0,1,1,-33.892583,150.970751,15,0,2,1,2,0,0,0,3,0,7,70,2,1109,397,1,10,5,2,0,0,1,0
1263280,2,2021,2021,8,1,6,2,23,10,34609,0,1,1,-28.802285,153.280505,39,2,1,0,0,0,0,0,2,0,7,50,0,4552,5151,8,16,40,1,0,0,1,0
1263281,1,2021,2021,8,4,8,220,27,44,222,0,1,9,-33.791216,150.979229,54,0,2,1,3,0,0,0,0,1,7,80,2,14295,14295,3,5,5,2,0,0,0,1
1263282,1,2021,2021,8,3,6,102,31,646,28,0,1,2,-33.916524,151.041457,15,0,2,1,3,0,0,0,2,0,7,60,1,14295,14295,3,0,36,2,0,0,0,1
1263284,2,2021,2021,0,1,7,512,17,433,441,0,1,1,-33.288831,149.108347,52,2,1,1,3,0,0,0,2,0,7,50,2,14295,14295,3,33,5,2,0,0,1,0
1263286,1,2021,2021,8,2,7,485,27,232,769,0,1,10,-33.684046,150.916899,71,0,2,1,3,0,0,0,2,2,7,80,2,14295,14295,3,5,5,3,0,0,0,1
1263287,1,2021,2021,8,2,8,283,27,293,702,0,1,10,-33.917466,151.065154,15,0,2,1,3,0,0,0,2,2,7,60,2,1669,1669,3,5,5,2,0,0,0,1
1263294,2,2021,2021,0,1,6,40,27,136,34609,1,0,1,-33.914093,151.072541,15,0,2,1,1,0,0,0,2,0,7,50,0,312,312,2,30,40,1,0,0,1,0
1263295,4,2021,2021,0,1,4,2126,17,80,2149,0,1,1,-33.882982,151.203866,69,0,2,1,1,0,0,0,2,0,7,40,2,1383,1383,1,15,13,2,0,1,0,0
1263296,4,2021,2021,4,0,7,67,27,76,34609,0,1,1,-33.921795,150.862886,41,0,2,1,1,0,3,4,2,0,7,50,0,1220,1220,9,0,28,2,0,1,0,0
1263298,1,2021,2021,0,5,5,165,31,532,34609,0,1,1,-33.866885,151.207147,69,0,2,1,3,0,0,0,2,0,7,40,0,14295,14295,3,5,25,2,0,0,0,1
1263302,4,2021,2021,8,5,8,35,27,91,96,0,1,2,-32.960569,151.665235,37,0,2,1,2,0,3,4,0,0,7,70,2,14295,14295,3,16,0,2,0,1,0,0
1263304,4,2021,2021,8,0,7,61,10,87,34609,0,1,9,-33.093417,151.464288,37,0,2,1,0,0,0,0,2,0,7,60,0,5929,5929,1,5,5,2,0,1,1,0
1263312,1,2021,2021,8,3,6,44,27,23,126,0,1,9,-32.766649,151.813979,57,2,1,1,3,0,3,3,2,0,0,80,2,1391,1391,1,10,13,2,0,0,0,1
1263316,2,2021,2021,8,0,7,33,10,11,34609,0,1,1,-28.624191,153.485476,10,2,1,0,3,0,0,0,2,0,7,80,0,1981,1981,4,0,5,2,0,0,2,0
1263318,2,2021,2021,8,6,11,2,31,41,34609,0,1,10,-35.123819,147.360269,75,2,1,1,2,0,0,0,0,0,7,50,0,9859,9859,1,5,5,3,0,0,1,0
1263320,4,2021,2021,8,3,11,82,31,163,7,0,1,10,-33.864973,151.103778,14,0,2,1,2,0,0,0,0,2,7,60,1,1669,1669,3,5,5,2,0,1,0,0
1263321,2,2021,2021,8,4,6,59,10,89,34609,0,1,9,-33.894064,151.235115,59,0,2,1,1,0,0,0,2,0,0,30,0,515,515,1,5,27,2,0,0,1,0
1263322,2,2021,2021,8,1,7,4,27,284,34609,0,1,10,-33.901909,151.009979,15,0,2,1,0,0,0,0,2,0,0,50,0,6545,6545,4,5,13,2,0,0,1,0
1263324,2,2021,2021,7,3,5,171,27,113,369,0,1,1,-33.793999,150.699142,55,0,2,1,0,0,3,4,2,0,7,60,2,9859,9859,8,5,40,1,0,0,1,0
1263325,4,2021,2021,8,1,8,90,36,9,102,0,1,9,-34.477417,147.789097,20,1,0,1,0,0,0,0,0,0,7,100,2,3775,3775,0,5,36,2,0,1,0,0
1263326,4,2021,2021,0,5,4,2209,17,176,2205,0,1,10,-33.957114,151.137865,4,0,2,1,0,0,0,0,2,2,7,60,2,2040,2040,9,9,28,2,0,1,0,0
1263328,1,2021,2021,8,6,6,15,1,17,69,0,1,10,-33.792583,151.15765,77,0,2,1,0,0,3,4,2,2,7,60,2,3775,3775,0,0,5,2,0,0,0,1