Crash ID,Degree of crash - detailed,Reporting year,Year of crash,Month of crash,Day of week of crash,Two-hour intervals,Street of crash,Street type,Town,Route no.,School zone location,School zone active,Type of location,Latitude,Longitude,LGA,Urbanisation,Conurbation 1,Alignment,Street lighting,Road surface,Surface condition,Weather,Natural lighting,Signals operation,Other traffic control,Speed limit,Road classification,RUM - code,DCA - code,First impact type,Key TU type,Other TU type,No. of traffic units involved,No. killed,No. seriously injured,No. moderately injured,No. minor-other injured
1263329,4,2021,2021,8,5,9,72,31,176,62,0,1,9,-33.958904,151.146015,4,0,2,1,1,0,3,4,0,2,7,60,1,2040,2040,9,5,28,2,0,1,0,0
1263333,1,2021,2021,8,0,10,4,27,15,34609,0,1,9,-33.893845,151.046906,15,0,2,0,3,0,0,0,0,2,7,60,0,5929,5929,1,5,5,2,0,0,0,1
1263334,1,2021,2021,8,0,4,512,17,3,441,0,1,1,-30.91667,146.619322,51,1,0,1,3,0,0,0,2,0,7,110,2,945,945,5,10,40,1,0,0,0,2
1263340,1,2021,2021,8,5,9,58,1,159,34609,0,1,10,-33.806025,151.08354,61,0,2,1,3,0,0,0,0,0,15,50,0,515,515,1,5,27,2,0,0,0,1
1263342,1,2021,2021,0,4,6,500,27,145,799,0,1,2,-33.929036,151.0745,15,0,2,1,3,0,0,0,2,0,7,60,2,14295,14295,3,0,5,2,0,0,0,1
1263348,1,2021,2021,8,6,7,19,31,433,34609,0,1,1,-33.282952,149.103868,52,2,1,1,3,0,0,0,2,0,7,50,0,14295,14295,3,30,0,2,0,0,0,1
1263349,2,2021,2021,8,0,9,123,27,316,25,0,1,10,-33.91,151.251542,59,0,2,1,2,0,3,4,0,2,7,50,1,3775,3775,0,5,18,2,0,0,1,0
1263355,4,2021,2021,3,3,7,35,27,3,24,0,1,1,-33.014657,149.531314,3,1,0,0,0,0,0,0,2,0,7,100,1,418,714,5,16,40,1,0,1,0,0
1263357,4,2021,2021,7,0,0,220,14,11,220,0,1,3,-34.481627,150.822486,80,0,2,0,0,0,0,0,0,0,7,100,2,2585,4009,8,10,40,1,0,1,0,0
1263360,2,2021,2021,8,4,7,55,36,6,43,0,1,1,-32.402777,150.385926,46,1,0,0,0,0,3,4,2,0,7,100,1,380,714,5,10,40,1,0,0,1,1
1263362,4,2021,2021,0,3,6,8,27,323,34609,0,1,9,-33.768329,150.983774,71,0,2,1,1,0,0,0,2,0,7,50,0,4552,985,8,16,40,1,0,1,0,0
1263370,4,2021,2021,8,2,9,2126,17,179,2149,0,1,9,-33.758787,150.720711,55,0,2,1,2,0,0,0,2,2,7,60,2,1220,1220,9,5,28,2,0,1,0,0
1263371,2,2021,2021,0,0,3,161,17,4,161,0,1,1,-35.71906,148.531051,66,1,0,0,0,0,0,0,2,0,7,100,2,273,957,5,10,40,1,0,0,2,0
1263372,2,2021,2021,0,3,5,224,27,49,321,0,1,1,-33.96271,151.219424,4,0,2,1,1,0,0,0,2,0,7,70,2,9859,9859,8,16,40,1,0,0,1,0
1263373,2,2021,2021,8,5,6,67,36,62,23,0,1,1,-33.739636,150.605781,8,2,2,0,0,0,3,4,2,0,7,50,1,3775,3775,0,10,36,2,0,0,1,0
1263375,2,2021,2021,8,2,7,829,27,149,770,0,1,2,-33.859141,151.162543,32,0,2,1,0,0,0,0,2,0,7,60,2,14295,14295,3,0,5,3,0,0,1,0
1263380,2,2021,2021,7,4,9,1,27,84,34609,0,1,9,-33.468636,151.383423,16,2,2,1,1,0,0,0,3,0,7,60,0,5929,5929,1,0,19,2,0,0,1,0
1263390,2,2021,2021,8,3,0,21,27,370,26,0,1,10,-34.05578,150.810152,13,0,2,1,2,0,0,0,0,2,7,60,1,5929,5929,1,5,13,2,0,0,1,0
1263393,4,2021,2021,0,5,8,154,27,55,244,0,1,9,-33.902829,151.082628,67,0,2,1,0,0,0,0,2,0,7,60,2,238,238,9,10,28,2,0,1,0,0
1263395,2,2021,2021,7,4,9,2126,17,75,2149,0,1,2,-33.727892,150.389571,8,2,2,0,0,0,3,4,0,0,7,80,2,2585,4009,8,5,40,1,0,0,1,0
1263397,2,2021,2021,7,2,5,4,27,4,34609,0,1,1,-31.984239,151.805069,43,2,1,1,0,0,0,0,2,0,7,80,0,1945,1945,5,10,40,1,0,0,1,0
1263398,4,2021,2021,8,5,6,2261,17,112,2252,0,1,2,-33.906662,150.942837,41,0,2,0,1,0,3,4,2,0,7,70,2,1957,4009,8,5,40,1,0,1,0,0
1263401,4,2021,2021,3,3,7,10,27,6,34609,0,1,1,-33.13427,150.134763,40,1,0,0,0,0,0,0,2,0,7,100,0,83,83,5,0,40,1,0,2,0,0
1263402,2,2021,2021,8,3,6,8,1,46,34609,0,1,9,-28.825324,153.290111,39,2,1,1,0,0,0,0,2,0,7,50,0,9859,9859,8,5,40,1,0,0,1,0
1263405,1,2021,2021,8,4,3,3,31,98,34609,0,1,1,-33.749658,151.06347,31,0,2,1,0,0,3,4,1,0,7,50,0,121,121,9,5,28,2,0,0,0,1
1263409,1,2021,2021,4,5,10,80,27,316,50,1,0,9,-33.912038,151.236585,59,0,2,0,2,0,0,0,0,0,7,60,2,1282,1282,1,0,27,2,0,0,0,1
1263410,2,2021,2021,0,6,8,2126,17,33,2149,0,1,9,-33.723324,150.423781,8,2,2,1,0,0,0,0,2,0,0,70,2,591,591,1,22,40,2,0,0,1,0
1263411,1,2021,2021,8,6,9,135,17,2,136,0,1,1,-35.604778,145.414938,51,1,0,1,0,0,0,0,0,0,7,100,2,1089,1089,7,5,40,1,0,0,0,3
1263414,4,2021,2021,0,2,8,1104,14,323,962,0,1,3,-33.798978,150.858644,7,0,2,1,1,0,0,0,2,0,7,100,2,1383,1383,1,5,5,2,0,1,0,0
1263415,4,2021,2021,7,5,5,128,27,363,133,0,1,10,-33.757055,150.686247,55,0,2,1,0,0,0,0,2,2,7,60,2,5929,5929,1,0,13,2,0,1,0,0
1263416,2,2021,2021,8,4,9,85,27,53,145,0,1,9,-33.799219,151.045397,54,0,2,1,2,0,0,0,0,2,7,70,2,2852,2852,4,0,5,2,0,0,1,0
1263418,4,2021,2021,8,3,6,1,27,2,34609,0,1,1,-31.275855,152.577266,56,1,0,0,0,2,3,0,2,0,7,100,0,1850,1463,5,16,40,1,0,1,0,0
1263419,2,2021,2021,0,3,4,59,10,89,34609,0,1,9,-33.894064,151.235115,59,0,2,0,0,0,0,0,2,0,7,30,0,515,515,1,5,27,2,0,0,1,0
1263420,4,2021,2021,7,4,7,5,27,15,41,0,1,1,-28.926092,153.15758,60,1,0,0,0,0,3,4,2,0,7,100,1,4552,5151,8,5,40,1,0,1,0,0
1263421,2,2021,2021,8,5,6,11,31,36,34609,0,1,10,-33.928145,151.247832,59,0,2,1,0,0,3,4,2,0,15,50,0,6545,6545,4,5,5,2,0,0,1,0
1263422,4,2021,2021,0,5,8,85,27,53,145,0,1,9,-33.799219,151.045397,54,0,2,1,2,0,0,0,3,2,7,70,2,2852,2852,4,10,0,2,0,2,0,0
1263427,2,2021,2021,8,6,3,280,10,314,82,1,0,10,-33.852716,150.935074,24,0,2,1,0,0,0,0,2,0,15,60,1,6545,6545,4,5,12,2,0,0,1,0
1263429,4,2021,2021,8,5,4,4,23,120,34609,1,2,1,-33.764452,150.87155,7,0,2,1,1,0,0,0,2,0,7,40,0,9859,9859,1,16,36,2,0,1,0,0
1263432,4,2021,2021,8,3,4,2,27,6,34609,0,1,1,-31.947408,146.333743,51,1,0,1,0,2,0,0,2,0,7,100,0,1089,1089,7,16,40,1,0,1,0,0
1263434,2,2021,2021,7,2,5,177,22,210,176,0,1,9,-34.034613,151.105414,68,0,2,1,3,0,3,4,2,0,7,60,2,2852,2852,4,5,0,2,0,0,1,0
1263436,2,2021,2021,7,0,10,15,27,11,34609,0,1,1,-28.233254,153.479004,72,2,1,0,0,0,3,3,0,0,7,80,0,1259,5151,8,5,40,1,0,0,1,0
1263437,2,2021,2021,0,4,10,2,27,30,34609,0,1,1,-31.058375,151.008877,70,2,1,0,0,2,0,0,0,0,7,80,0,2585,4009,8,5,40,1,0,0,1,0
1263438,2,2021,2021,0,5,9,16,31,188,34609,1,0,7,-33.929693,151.095874,15,0,2,1,2,0,0,0,0,0,0,50,0,6545,6545,4,5,0,2,0,0,1,0
1263439,4,2021,2021,8,4,4,5,31,106,19,0,1,1,-33.887957,151.177032,32,0,2,1,1,0,0,0,2,0,7,40,1,387,387,1,22,5,2,0,1,0,0
1263441,4,2021,2021,7,0,11,1052,14,207,928,0,1,3,-33.570552,151.192873,31,0,2,1,0,0,3,4,0,0,7,110,2,4026,4026,8,5,40,1,0,1,0,0
1263443,4,2021,2021,7,2,8,90,36,24,102,0,1,1,-34.510023,148.106265,20,1,0,1,0,0,3,4,2,0,7,100,2,3775,3775,0,5,36,2,0,1,2,2
1263444,1,2021,2021,3,3,7,22,31,337,30,0,1,1,-33.729101,151.008151,71,0,2,1,1,0,0,0,2,2,7,60,2,1981,1981,4,5,5,2,0,0,0,1
1263445,4,2021,2021,7,3,11,195,27,46,186,0,1,10,-33.924643,150.848472,41,0,2,0,2,0,0,3,0,2,7,70,2,6545,6545,4,5,5,3,0,1,0,0
1263446,2,2021,2021,3,5,5,6,27,5,34609,0,1,9,-32.294644,150.812427,46,1,0,1,0,0,0,3,2,0,7,100,0,323,323,1,5,13,2,0,0,2,0
1263447,1,2021,2021,7,5,4,45,31,171,34609,0,1,10,-33.814177,150.967078,21,0,2,1,3,0,0,0,2,0,0,50,0,5929,5929,1,5,36,2,0,0,0,1
1263448,1,2021,2021,7,1,2,232,36,252,331,0,1,10,-33.954891,150.864299,41,0,2,1,2,0,0,0,0,2,7,70,2,14295,14295,3,9,36,2,0,0,0,1
1263450,2,2021,2021,7,6,3,3,31,64,34609,0,1,1,-33.478666,150.162958,40,2,1,1,0,0,0,0,1,0,7,50,0,190,190,1,22,35,2,0,0,1,0
1263451,2,2021,2021,0,4,10,25,31,562,34609,1,0,1,-32.259461,148.612748,22,2,1,1,2,0,0,0,0,0,7,50,0,9859,9859,1,0,13,2,0,0,1,0
1263455,2,2021,2021,7,3,3,86,27,16,65,0,1,1,-30.024891,152.653754,18,1,0,0,0,0,3,4,2,0,7,100,1,4552,5151,8,0,40,1,0,0,1,0
1263458,2,2021,2021,7,0,4,76,27,107,34609,0,1,1,-33.279826,151.42434,16,2,2,1,3,0,3,4,2,0,7,50,0,9859,9859,1,5,0,2,0,0,1,0
1263460,4,2021,2021,3,3,10,5,27,90,28,0,1,7,-33.792345,150.944209,21,0,2,1,2,0,0,0,0,0,0,60,1,186,186,9,5,28,4,0,1,2,0
1263461,4,2021,2021,0,6,6,3371,17,16,3342,0,1,2,-31.288904,152.81793,56,1,0,0,0,0,3,4,2,0,7,110,2,3775,3775,0,0,2,2,0,1,0,0
1263462,2,2021,2021,0,2,5,23,27,194,8,0,1,1,-30.51157,151.595973,1,1,0,1,0,0,0,0,2,0,7,100,1,1089,1089,7,16,40,1,0,0,1,0
1263463,1,2021,2021,0,1,7,46,31,65,34609,1,2,1,-33.809569,150.955823,21,0,2,1,0,0,0,0,2,0,7,40,0,14295,14295,3,33,5,3,0,0,0,1
1263467,2,2021,2021,0,3,10,74,27,609,163,0,1,10,-33.777186,150.906301,7,0,2,1,2,0,0,0,0,0,15,60,2,2040,2040,9,5,28,2,0,0,1,0
1263469,4,2021,2021,3,3,9,2126,17,107,2149,0,1,9,-33.884373,151.194933,69,0,2,1,2,0,3,0,3,2,9,50,2,2040,2040,9,5,28,2,0,1,0,0
1263475,4,2021,2021,7,5,9,6,36,10,34609,0,1,1,-29.451346,153.054103,18,2,1,1,0,0,3,4,3,0,7,80,0,404,404,8,21,40,1,0,1,0,0
1263477,4,2021,2021,0,4,7,224,27,102,321,0,1,1,-33.949161,151.197235,4,0,2,1,1,0,0,0,2,0,7,50,2,14295,14295,3,10,0,2,0,1,0,0
1263479,4,2021,2021,7,1,6,346,17,106,332,1,0,10,-28.862514,153.04604,60,2,1,1,1,0,3,4,2,0,0,50,2,6545,6545,4,5,5,2,0,1,1,0
1263481,2,2021,2021,7,6,10,12,27,79,42,0,1,1,-33.567682,150.740705,29,2,2,0,0,0,0,0,0,0,7,60,1,4552,5151,8,5,40,1,0,0,2,0
1263484,4,2021,2021,7,5,6,12,27,123,34609,0,1,1,-33.909524,151.221059,59,0,2,1,1,0,3,4,2,0,7,50,0,1945,1945,5,15,40,1,0,1,0,0
1263487,1,2021,2021,0,5,6,24,31,70,24,0,1,1,-33.435529,151.351033,16,2,2,1,3,0,0,0,2,0,7,60,1,1391,1391,1,5,0,2,0,0,0,1
1263489,1,2021,2021,0,3,5,2126,17,171,2149,0,1,10,-33.815458,150.969424,21,0,2,1,1,0,0,0,2,2,7,80,2,1282,1282,1,21,0,2,0,0,0,1
1263491,2,2021,2021,8,2,0,2209,17,157,2205,0,1,2,-34.008743,151.109091,68,0,2,1,3,0,2,6,0,0,7,70,2,9859,9859,8,5,40,3,0,0,1,3
1263493,1,2021,2021,8,2,9,60,27,101,262,0,1,2,-32.903108,151.627798,37,0,2,0,3,0,0,0,3,0,7,90,2,14295,14295,3,5,13,2,0,0,0,1
1263500,1,2021,2021,8,2,7,84,27,252,31,0,1,7,-33.944199,150.882141,41,0,2,1,3,0,0,0,2,0,0,60,1,6545,6545,4,10,13,2,0,0,0,1
1263503,2,2021,2021,0,4,5,78,27,147,78,0,1,10,-33.864089,151.130339,14,0,2,1,3,0,0,0,2,2,7,50,2,14295,14295,3,5,5,3,0,0,1,0
1263516,1,2021,2021,0,0,6,481,17,20,483,0,1,9,-31.006337,149.408785,51,1,0,1,3,0,0,0,2,0,7,110,2,323,323,1,10,36,2,0,0,0,1
1263517,1,2021,2021,0,0,4,2209,17,115,2205,0,1,10,-33.912327,151.179389,32,0,2,1,3,0,0,0,2,2,7,60,2,14295,14295,3,10,5,2,0,0,0,1
1263521,1,2021,2021,0,4,4,500,27,83,799,0,1,1,-33.91479,151.11279,15,0,2,1,3,0,0,0,2,0,7,60,2,238,238,9,0,28,2,0,0,0,1
1263523,1,2021,2021,0,6,3,34,31,145,34609,0,1,1,-33.927689,151.124034,15,0,2,1,3,0,0,0,2,0,7,50,0,14295,14295,3,5,0,2,0,0,0,1
1263525,1,2021,2021,8,4,6,829,1,225,34609,0,1,1,-33.79237,151.195704,77,0,2,1,3,0,0,0,2,0,7,50,0,14295,14295,3,5,12,2,0,0,0,1
1263528,2,2021,2021,8,5,9,8,31,35,34609,0,1,7,-31.078305,152.839645,34,2,1,1,3,0,0,0,3,0,0,50,0,6545,6545,4,5,36,2,0,0,1,0
1263531,1,2021,2021,0,0,8,24,31,31,24,0,1,1,-33.432267,151.365444,16,2,2,1,3,0,0,0,3,0,7,60,1,1981,1981,4,0,5,2,0,0,0,1
1263534,1,2021,2021,0,4,4,8,27,64,34609,0,1,1,-33.958978,151.004706,15,0,2,1,0,0,0,0,2,0,7,50,0,1981,1981,4,5,5,2,0,0,0,1
1263543,4,2021,2021,0,0,7,15,27,4,34609,0,1,1,-33.344346,149.319978,3,1,0,0,0,0,0,0,2,0,7,100,0,4552,5151,8,16,40,1,0,1,0,0
1263544,4,2021,2021,7,1,3,109,27,247,106,0,1,9,-33.829651,150.954328,21,0,2,1,0,0,0,0,2,0,7,60,1,1220,1220,9,0,28,2,0,1,0,0
1263545,2,2021,2021,7,6,5,12,31,80,34609,0,1,1,-33.751905,150.65908,55,0,2,1,0,0,0,0,2,0,7,50,0,9859,9859,1,5,0,3,0,0,1,0
1263548,4,2021,2021,8,1,3,84,27,60,32,0,1,9,-33.831858,151.142018,51,0,2,1,0,0,0,0,2,0,0,60,1,6545,6545,4,0,5,2,0,1,1,0
1263549,4,2021,2021,0,4,3,13,27,8,212,0,1,2,-33.779749,151.195621,36,0,2,1,1,0,0,0,2,0,7,60,2,1282,1282,1,16,36,3,0,1,0,0
1263550,1,2021,2021,7,6,3,36,27,106,35,0,1,1,-33.89165,151.176774,32,0,2,1,1,0,0,0,2,0,7,50,1,1192,1192,1,9,27,2,0,0,0,1
1263551,2,2021,2021,8,4,3,191,17,562,189,0,1,1,-32.243101,148.617868,22,2,1,1,1,0,0,0,2,0,11,60,2,14295,14295,3,8,13,4,0,0,2,0
1263552,4,2021,2021,3,0,11,28,31,137,54,0,1,10,-34.028339,151.05535,68,0,2,1,1,0,0,0,0,2,7,60,2,1220,1220,9,30,28,2,0,1,1,0
1263553,1,2021,2021,8,0,8,78,31,111,62,0,1,2,-33.704134,150.866082,7,0,2,0,3,0,0,0,2,0,7,70,2,14295,14295,3,9,36,3,0,0,0,1
1263554,1,2021,2021,0,1,3,829,27,123,770,0,1,2,-33.813971,151.053083,54,0,2,1,3,0,0,0,2,0,7,70,2,14295,14295,3,5,5,3,0,0,0,1
1263563,1,2021,2021,8,5,4,92,27,109,34609,0,1,10,-33.904545,151.141331,32,0,2,1,3,0,0,0,2,0,15,50,0,1383,1383,1,5,19,2,0,0,0,1
1263568,2,2021,2021,0,0,8,1104,14,283,962,0,1,3,-33.826858,151.004764,54,0,2,1,3,0,0,0,3,0,7,90,2,14295,14295,3,5,5,3,0,0,2,0
1263569,1,2021,2021,8,6,8,24,1,123,34609,0,1,7,-33.917582,151.223953,59,0,2,1,3,0,0,0,4,0,0,50,0,301,301,4,0,27,2,0,0,0,1
1263572,1,2021,2021,0,2,6,128,27,26,133,0,1,2,-33.773549,150.669184,55,0,2,1,3,0,0,0,2,0,7,60,2,14295,14295,3,10,13,2,0,0,0,1
1263577,1,2021,2021,8,1,8,2,34,15,34609,0,1,1,-33.083377,151.40067,37,0,2,0,3,2,0,0,2,0,7,100,0,1850,1463,5,16,40,1,0,0,0,1
1263580,1,2021,2021,0,6,8,15,31,14,34609,0,1,10,-28.951264,153.460428,2,2,1,1,3,0,0,0,3,0,0,50,0,14295,14295,3,9,5,2,0,0,0,1
1263582,1,2021,2020,9,2,10,7,27,26,34609,0,1,10,-33.28075,151.567368,16,2,2,1,3,0,3,4,0,0,0,50,0,6545,6545,4,5,5,2,0,0,0,1
1263583,1,2021,2021,0,1,5,11,27,136,34609,1,0,7,-33.9142,151.074509,15,0,2,1,3,0,0,0,2,0,0,50,0,14295,14295,3,5,5,2,0,0,0,1
1263585,2,2021,2021,0,5,7,2261,17,370,2252,0,1,3,-34.055411,150.801521,13,0,2,1,0,0,0,0,2,0,7,110,2,14295,14295,3,8,25,2,0,0,2,1
1263586,2,2021,2021,8,0,8,866,17,171,793,0,1,10,-33.802838,150.971052,54,0,2,1,0,0,0,0,2,2,7,70,2,14295,14295,3,0,36,2,0,0,1,0
1263588,1,2021,2021,8,0,9,48,31,36,34609,0,1,4,-33.535079,149.257176,51,2,1,0,3,2,0,0,0,0,7,50,0,1850,1463,5,0,40,1,0,0,0,1
1263591,4,2021,2021,8,3,8,23,36,14,62,0,1,1,-30.135136,153.002087,19,1,0,0,0,0,3,4,2,0,7,100,1,1259,5151,8,30,40,1,0,1,2,0
1263594,2,2021,2021,7,1,8,3,31,71,34609,0,1,10,-33.26608,151.545651,16,2,2,1,1,0,0,0,2,0,15,50,0,6545,6545,4,5,13,2,0,0,1,0
1263597,2,2021,2020,2,2,8,15,27,15,34609,0,1,1,-30.151137,153.0779,19,2,1,1,0,0,0,0,3,0,7,80,0,1109,787,1,30,5,3,0,0,1,0
1263599,4,2021,2021,8,4,8,3,10,8,34609,0,1,1,-34.022581,150.803562,13,0,2,1,2,0,0,0,3,0,7,60,0,1383,1383,1,22,13,2,0,1,0,0
1263601,2,2021,2021,8,1,11,10,10,18,34609,0,1,1,-32.701662,151.533635,42,2,1,1,2,0,0,0,0,0,7,50,0,3775,3775,0,30,0,2,0,0,2,0
1263602,4,2021,2021,7,3,9,2126,17,445,2149,0,1,9,-33.851207,151.054454,21,0,2,1,1,0,0,0,3,0,7,60,2,14295,14295,3,5,5,3,0,1,1,0
1263607,2,2021,2021,0,1,7,23,27,36,38,0,1,9,-33.63253,148.661337,51,1,0,1,0,0,0,0,2,0,7,100,2,4026,4026,8,21,40,1,0,0,1,0
1263609,2,2021,2021,7,2,2,1,10,63,34609,0,1,1,-33.242172,151.500866,16,2,2,0,2,0,0,0,0,0,7,50,0,2585,4009,1,0,5,2,0,0,1,0
1263610,4,2021,2021,8,3,3,916,17,12,917,0,1,2,-32.656497,151.300022,64,1,0,1,0,0,0,0,2,0,7,100,2,4026,4026,8,0,40,1,0,1,0,1
1263611,2,2021,2021,0,6,3,109,1,22,34609,1,0,9,-33.92318,150.878952,41,0,2,1,1,0,0,0,2,0,7,50,0,323,323,1,5,13,2,0,0,1,0
1263615,2,2021,2021,0,4,7,3371,17,57,3342,0,1,9,-33.676437,151.1123,31,0,2,1,1,0,0,0,2,2,7,60,2,14295,14295,3,34,13,2,0,0,1,0
1263616,2,2021,2021,8,3,8,2126,17,9,2149,0,1,1,-33.429054,149.718937,3,1,0,0,0,0,0,0,2,0,7,100,2,14295,14295,3,5,13,2,0,0,1,0
1263617,4,2021,2021,0,6,6,2209,17,166,2205,0,1,10,-33.906654,151.181392,32,0,2,1,1,0,0,0,2,2,7,50,2,6545,6545,4,22,5,2,0,1,0,0
1263620,2,2021,2021,8,2,4,27,27,17,62,0,1,1,-30.279772,153.065034,19,2,1,0,0,0,3,3,2,0,7,80,1,3775,3775,0,10,0,2,0,0,2,1
1263621,2,2021,2021,7,5,7,19,18,64,34609,0,1,1,-34.386889,150.902773,80,0,2,1,0,0,0,0,2,0,7,50,0,1391,1391,1,17,13,2,0,0,1,0
1263622,4,2021,2021,8,0,5,225,27,304,140,0,1,9,-33.911614,151.155268,32,0,2,1,0,0,0,0,2,0,9,40,1,2040,2040,9,5,28,2,0,1,0,0
1263630,2,2021,2021,0,1,10,2,17,24,34609,0,1,1,-36.245674,150.108252,23,2,1,0,0,0,0,0,0,0,7,80,0,782,957,5,16,40,1,0,0,1,0
1263637,2,2021,2020,9,4,6,89,27,11,228,0,1,9,-32.856592,151.32314,17,2,1,1,1,0,3,3,2,0,7,50,1,2852,2852,4,5,13,2,0,0,1,0
1263642,2,2021,2021,7,5,7,8,25,10,34609,0,1,9,-35.702298,150.218313,23,2,1,0,1,0,3,4,2,0,7,50,0,4552,5151,8,5,40,1,0,0,1,0
1263648,4,2021,2021,0,6,3,866,27,201,44,0,1,1,-33.996808,150.87151,13,0,2,1,0,0,0,0,2,0,7,60,1,1981,1981,4,5,5,2,0,1,1,0
1263650,2,2021,2021,8,5,7,5,27,316,34609,0,1,10,-31.44997,152.886067,56,2,1,1,1,0,0,0,2,0,7,50,0,5929,5929,1,5,19,2,0,0,1,0
1263652,2,2021,2021,0,4,7,133,31,84,34609,0,1,1,-33.893283,151.26251,76,0,2,1,1,0,0,0,2,0,7,50,0,14295,14295,3,5,5,2,0,0,1,0
1263653,1,2021,2020,2,5,5,1052,27,104,262,0,1,10,-32.909185,151.705157,48,0,2,0,1,0,0,0,2,2,7,60,2,14295,14295,3,5,5,2,0,0,0,1
1263656,2,2021,2021,0,0,10,81,27,609,115,0,1,1,-33.779215,150.901073,7,0,2,1,2,0,0,0,0,0,7,60,2,14295,14295,3,5,12,4,0,0,1,0
1263657,4,2021,2021,4,0,10,29,31,56,34609,0,1,4,-31.452428,152.735133,56,2,1,0,0,0,0,0,0,0,7,50,0,2585,4009,8,16,40,1,0,1,0,0
1263659,2,2021,2021,8,5,8,2126,17,27,2149,0,1,10,-33.720951,150.451485,8,2,2,1,2,0,0,0,3,2,7,70,2,14295,14295,3,5,36,2,0,0,2,0
1263661,1,2021,2021,8,2,11,293,31,112,769,0,1,10,-33.612325,150.815103,29,2,2,1,2,0,0,0,0,2,7,60,2,14295,14295,3,10,5,2,0,0,0,1
1263663,1,2021,2021,0,1,8,2209,17,137,2205,0,1,9,-34.033079,151.066571,68,0,2,1,1,0,0,0,2,2,0,70,2,775,775,4,5,0,2,0,0,0,1
1263665,2,2021,2021,0,0,6,21,31,106,34609,0,1,1,-28.864431,153.048066,60,2,1,1,1,0,0,0,2,0,7,50,0,941,941,1,5,5,2,0,0,1,0
1263668,4,2021,2021,0,3,4,6,27,187,34609,0,1,1,-33.789173,150.995096,54,0,2,1,1,0,0,0,2,0,7,50,0,941,941,1,5,0,2,0,2,0,0
1263670,2,2021,2021,0,5,7,1104,14,113,962,0,1,3,-33.78346,150.739711,55,0,2,1,0,0,0,0,2,0,7,110,2,4026,4026,8,5,40,1,0,0,1,0
1263671,2,2021,2021,7,6,9,3,10,36,34609,0,1,1,-34.382309,150.856541,80,0,2,0,0,0,0,0,0,0,7,60,0,4552,5151,8,0,40,1,0,0,1,0
1263674,2,2021,2021,8,6,2,30,27,32,39,0,1,1,-35.41961,149.379349,58,1,0,1,0,0,3,1,1,0,7,100,1,1089,1089,7,16,40,1,0,0,1,0
1263681,4,2021,2021,8,3,8,38,27,189,165,0,1,9,-33.944592,151.060257,15,0,2,1,1,0,0,0,2,0,7,50,1,1669,1669,3,0,5,2,0,1,0,1
1263682,2,2021,2021,8,3,7,2126,17,5,2149,0,1,1,-33.452613,149.780482,3,2,1,1,0,0,0,0,2,0,7,60,2,14295,14295,3,10,19,2,0,0,1,0
1263694,1,2021,2021,0,0,5,1,31,22,34609,0,1,1,-28.609315,150.361892,51,2,1,1,1,0,0,0,2,0,7,50,0,1945,1945,5,16,40,1,0,0,0,1
1263697,2,2021,2021,8,5,3,2209,17,55,2205,0,1,2,-35.71903,150.176039,23,2,1,1,0,0,0,0,1,0,7,70,2,1383,1383,1,5,10,3,0,0,2,0
1263701,4,2021,2021,8,3,10,63,17,5,63,0,1,1,-33.215089,141.678814,51,1,0,1,0,0,0,0,0,0,7,110,2,9859,9859,8,10,40,1,0,1,0,0
1263703,2,2021,2021,7,0,6,7,2,12,34609,0,1,9,-33.145542,151.573379,16,2,2,1,0,0,0,0,2,0,0,60,0,489,489,8,5,40,1,0,0,1,0
1263705,1,2021,2021,3,0,9,80,27,316,34609,0,1,9,-33.913328,151.243102,59,0,2,1,2,0,0,0,3,0,8,50,0,14295,14295,3,5,0,2,0,0,0,1
1263708,1,2021,2021,8,0,8,47,31,151,34609,0,1,7,-34.023052,150.84848,13,0,2,1,1,0,0,0,2,0,0,50,0,6545,6545,4,30,5,2,0,0,0,1
1263710,2,2021,2021,4,4,5,109,27,460,106,0,1,9,-33.832905,150.972261,21,0,2,1,1,0,3,4,2,0,7,60,1,14295,14295,3,16,5,2,0,0,1,0
1263718,4,2021,2021,0,3,0,64,31,64,94,0,1,1,-33.885294,151.020953,15,0,2,0,2,0,0,0,0,0,7,60,1,4552,5151,8,22,40,1,0,1,0,0
1263723,2,2021,2021,7,5,9,3371,17,57,3342,0,1,2,-28.616711,153.546168,10,1,0,0,3,0,0,0,3,0,7,100,2,1192,1192,1,5,2,2,0,0,1,0
1263724,2,2021,2021,7,1,7,4,27,194,34609,0,1,1,-30.53775,151.668015,1,2,1,1,3,0,0,0,2,0,7,80,0,1391,1391,1,5,10,2,0,0,1,0
1263725,1,2021,2021,0,5,9,13,27,223,34609,0,1,9,-33.801104,150.924474,7,0,2,1,3,0,0,0,3,0,15,50,0,14295,14295,3,0,5,2,0,0,0,1
1263726,1,2021,2021,8,0,8,100,27,127,100,0,1,10,-33.841558,150.85406,24,0,2,1,3,0,3,4,3,2,7,70,2,1669,1669,3,0,36,2,0,0,0,1
1263727,4,2021,2021,8,3,3,61,10,87,34609,0,1,1,-33.044381,151.467179,37,0,2,0,0,0,0,0,2,0,7,90,0,1850,1463,5,16,40,1,0,1,0,0
1263729,4,2021,2021,4,3,6,24,27,6,103,0,1,1,-28.789048,153.251194,39,2,1,1,0,0,0,0,2,0,7,80,1,14295,14295,3,5,13,2,0,1,0,0
1263732,4,2021,2021,8,3,6,2,27,207,9,0,1,1,-31.923325,141.376531,51,1,0,1,0,0,0,0,2,0,7,90,1,1945,1945,5,16,40,1,0,1,0,0