Crash ID,Degree of crash - detailed,Reporting year,Year of crash,Month of crash,Day of week of crash,Two-hour intervals,Street of crash,Street type,Town,Route no.,School zone location,School zone active,Type of location,Latitude,Longitude,LGA,Urbanisation,Conurbation 1,Alignment,Street lighting,Road surface,Surface condition,Weather,Natural lighting,Signals operation,Other traffic control,Speed limit,Road classification,RUM - code,DCA - code,First impact type,Key TU type,Other TU type,No. of traffic units involved,No. killed,No. seriously injured,No. moderately injured,No. minor-other injured
1263736,1,2021,2021,3,5,7,31,27,79,33,1,0,9,-33.580606,150.718568,29,2,2,1,3,0,0,0,2,0,0,60,1,6545,6545,4,5,5,2,0,0,0,1
1263737,1,2021,2021,0,1,5,485,27,187,769,0,1,9,-33.785423,150.995711,54,0,2,1,3,0,0,0,2,0,7,60,2,14295,14295,3,0,36,2,0,0,0,1
1263738,1,2021,2021,0,2,7,829,27,149,770,0,1,10,-33.863814,151.170152,32,0,2,1,3,0,0,0,2,3,7,60,2,14295,14295,3,5,18,2,0,0,0,1
1263743,1,2021,2021,8,1,9,296,27,187,293,0,1,2,-33.889006,150.973474,24,0,2,0,3,0,0,0,0,0,0,60,2,14295,14295,3,5,5,2,0,0,0,1
1263745,1,2021,2021,3,1,7,98,27,609,220,0,1,9,-33.773745,150.915194,7,0,2,1,3,0,0,0,2,0,0,60,2,775,775,4,5,5,2,0,0,0,1
1263746,1,2021,2021,8,4,4,9,1,202,11,0,1,9,-33.948724,151.028909,15,0,2,1,3,0,0,0,2,0,9,60,1,2040,2040,9,5,28,2,0,0,0,1
1263751,1,2021,2021,8,6,4,115,27,138,114,0,1,9,-33.865416,151.278183,81,0,2,1,3,0,0,0,2,0,7,50,2,2852,2852,4,0,5,2,0,0,0,1
1263758,1,2021,2021,8,5,4,84,27,252,31,1,2,2,-33.943342,150.875472,41,0,2,1,3,0,0,0,2,0,7,40,1,1981,1981,4,0,0,2,0,0,0,1
1263760,2,2021,2021,7,6,4,515,14,523,518,0,1,3,-33.938858,150.918101,41,0,2,1,0,0,0,0,2,0,7,100,2,1282,1282,1,5,0,3,0,0,2,0
1263762,1,2021,2021,8,0,8,100,27,109,799,1,0,10,-33.905775,151.135904,32,0,2,1,3,0,0,0,2,0,0,60,2,19,19,1,5,0,2,0,0,0,1
1263765,1,2021,2021,0,0,4,48,27,57,34609,0,1,1,-34.569766,150.815494,62,0,2,1,3,0,0,0,2,0,7,50,0,14295,14295,3,5,5,4,0,0,0,1
1263768,2,2021,2021,3,4,3,92,27,129,244,0,1,9,-33.896835,151.102267,15,0,2,1,1,0,0,0,2,0,7,60,2,1945,1945,5,22,40,2,0,0,1,0
1263773,1,2021,2021,8,3,9,123,27,316,25,0,1,10,-33.91,151.251542,59,0,2,1,3,0,0,0,0,2,7,50,1,217,217,1,5,19,2,0,0,0,1
1263775,1,2021,2021,0,4,6,500,27,198,799,0,1,9,-33.920779,151.098222,15,0,2,1,3,0,0,0,2,0,7,60,2,1669,1669,3,30,5,2,0,0,0,1
1263781,1,2021,2021,8,4,8,3,1,96,34609,0,1,1,-33.435164,151.395762,16,2,2,1,3,0,0,0,3,0,7,40,0,14295,14295,3,5,5,2,0,0,0,1
1263785,1,2021,2021,8,0,8,150,27,309,415,0,1,2,-33.804577,151.11268,61,0,2,1,3,0,0,0,3,0,7,70,2,14295,14295,3,0,5,2,0,0,0,1
1263788,1,2021,2021,8,0,8,1,27,58,34609,0,1,4,-32.984808,151.677838,37,0,2,0,3,0,0,0,2,0,7,50,0,4552,5151,8,0,40,1,0,0,0,1
1263793,4,2021,2021,3,2,9,31,31,253,34609,0,1,1,-33.954536,151.098355,25,0,2,1,1,0,0,0,2,0,7,50,0,1220,1220,9,5,28,2,0,1,0,0
1263797,1,2021,2021,8,6,5,45,27,134,40,0,1,11,-33.688972,150.847417,7,0,2,0,3,0,0,0,2,0,7,60,2,3775,3775,0,0,5,2,0,0,0,1
1263801,2,2021,2021,7,2,1,75,10,63,165,0,1,3,-33.933551,151.211069,4,0,2,0,2,0,0,0,0,0,7,80,2,1192,1192,1,34,27,2,0,0,2,0
1263802,2,2021,2021,7,6,9,78,32,646,34609,0,1,0,-33.917996,151.043174,15,0,2,0,0,0,0,0,2,0,7,60,0,941,941,1,0,0,2,0,0,1,0
1263803,2,2021,2021,7,5,7,39,27,169,34609,0,1,7,-33.782654,150.844298,7,0,2,0,0,0,0,0,2,0,0,50,0,5929,5929,1,16,13,2,0,0,1,0
1263807,2,2021,2021,7,1,6,21,1,27,17,0,1,9,-33.71225,150.34259,8,2,2,1,1,0,0,0,2,0,0,50,1,926,926,4,5,27,2,0,0,1,0
1263808,4,2021,2021,0,6,5,4,27,3,23,0,1,1,-30.396055,145.534327,51,1,0,1,0,2,0,0,2,0,7,110,1,1945,1945,5,16,40,1,0,1,0,0
1263810,4,2021,2021,7,1,6,12,1,197,34609,0,1,10,-33.950289,151.084344,25,0,2,1,0,0,0,0,2,0,0,50,0,6545,6545,4,0,5,2,0,1,1,0
1263812,4,2021,2021,0,4,11,4,27,16,34609,0,1,1,-33.336958,149.546307,3,1,0,1,0,0,0,0,0,0,7,100,0,1945,1945,5,0,40,1,0,1,0,0
1263815,1,2021,2021,0,6,4,36,27,4,39,0,1,1,-32.40712,149.339939,44,1,0,0,0,0,0,0,2,0,7,100,2,3775,3775,0,5,0,2,0,0,0,2
1263819,2,2021,2021,0,5,6,127,27,182,169,0,1,9,-32.828589,151.364103,17,2,1,1,0,0,0,0,2,0,9,60,2,6545,6545,4,10,27,2,0,0,1,0
1263822,2,2021,2021,0,4,7,48,31,104,605,0,1,9,-33.829712,151.214692,49,0,2,1,1,0,0,0,2,2,7,60,2,1192,1192,1,5,19,2,0,0,1,0
1263823,4,2021,2021,0,4,8,29,27,17,34609,0,1,1,-28.246472,153.48579,72,2,1,0,0,0,0,0,2,0,7,80,0,1850,1463,5,16,40,1,0,1,0,0
1263829,2,2021,2021,3,0,8,178,27,189,101,0,1,1,-33.943567,151.053774,15,0,2,1,0,0,0,0,2,0,7,50,1,14295,14295,3,0,5,2,0,0,1,0
1263830,1,2021,2021,0,0,7,109,27,71,106,0,1,1,-33.83282,150.971833,21,0,2,1,1,0,0,0,2,0,7,60,1,14295,14295,3,5,0,2,0,0,0,1
1263837,1,2021,2021,7,2,11,3,27,171,34609,1,0,7,-33.813827,150.97004,21,0,2,1,2,0,3,4,0,0,0,50,0,6545,6545,4,33,5,2,0,0,0,1
1263847,4,2021,2021,3,4,9,17,27,76,34609,0,1,1,-34.604442,150.435927,78,1,0,0,0,0,0,0,2,0,7,90,0,380,714,5,16,40,1,0,1,0,0
1263848,4,2021,2021,7,2,9,3,18,69,34609,0,1,1,-33.824642,151.02048,54,0,2,1,1,0,0,0,2,0,7,50,0,368,368,9,5,28,2,0,1,0,0
1263879,1,2021,2021,7,5,3,3371,17,16,3342,0,1,2,-28.397714,153.526891,72,1,0,0,0,0,0,0,1,0,7,110,2,1957,4009,8,16,40,1,0,0,0,1
1263880,4,2021,2021,8,2,5,71,27,69,122,0,1,9,-34.547795,150.861361,62,0,2,1,1,0,0,0,2,2,7,70,2,775,775,4,0,27,2,0,1,0,0
1263881,2,2021,2021,0,0,5,3371,17,37,3342,0,1,6,-29.43931,153.239975,18,1,0,0,0,0,0,0,2,0,7,100,2,2585,4009,8,9,40,1,0,0,1,0
1263882,2,2021,2021,7,6,4,24,27,74,34609,0,1,1,-33.732746,151.032729,31,0,2,1,0,0,0,0,2,0,7,50,0,9859,9859,1,5,5,3,0,0,1,0
1263887,2,2021,2021,0,3,9,81,31,646,80,0,1,1,-33.911301,151.014659,15,0,2,1,2,0,0,0,0,0,7,60,1,9859,9859,1,0,36,3,0,0,2,0
1263890,4,2021,2021,0,5,4,1104,14,140,962,0,1,3,-33.794384,150.841947,7,0,2,1,0,0,0,0,2,0,7,110,2,1945,1945,5,0,40,1,0,1,1,1
1263891,2,2021,2021,0,2,11,17,31,18,58,0,1,9,-32.921403,151.760099,48,0,2,1,2,0,3,3,0,2,7,60,2,2852,2852,4,30,5,2,0,0,1,0
1263892,1,2021,2021,7,1,10,4,23,147,40,0,1,1,-33.751754,151.289205,50,0,2,1,2,0,0,0,0,0,9,40,1,1220,1220,9,0,28,2,0,0,0,1
1263893,4,2021,2021,0,5,4,85,27,72,145,0,1,9,-33.799075,151.053967,54,0,2,1,1,0,0,0,2,0,0,70,2,5929,5929,1,5,0,2,0,1,0,0
1263895,2,2021,2021,3,4,7,334,17,316,308,0,1,2,-31.45217,152.875376,56,2,1,1,1,0,0,0,2,0,7,70,2,14295,14295,3,10,0,3,0,0,1,0
1263896,4,2021,2021,0,4,10,14,31,109,34609,0,1,9,-33.901074,151.139749,32,0,2,1,2,0,0,0,0,0,7,50,0,489,489,8,5,36,2,0,1,0,0
1263897,2,2021,2021,7,1,8,192,10,57,114,0,1,2,-33.462561,151.358155,16,2,2,0,0,0,0,0,2,0,7,60,2,1383,1383,1,10,13,2,0,0,1,0
1263898,2,2021,2021,7,5,8,39,31,370,256,0,1,10,-34.067732,150.816819,13,0,2,1,1,0,0,0,2,2,9,60,2,2040,2040,9,5,26,2,0,0,1,0
1263903,2,2021,2021,0,6,7,157,17,123,158,0,1,9,-33.834696,148.679789,51,2,1,1,1,0,0,0,2,0,0,50,2,2852,2852,4,10,5,2,0,0,1,0
1263904,2,2021,2021,7,0,0,7,27,9,39,0,1,1,-33.47766,150.920466,71,0,2,0,0,0,3,3,0,0,7,80,1,1259,5151,8,34,40,1,0,0,2,0
1263907,4,2021,2021,0,2,0,1052,14,54,928,0,1,3,-33.457571,151.203422,16,1,2,0,3,0,0,0,0,0,7,110,2,1957,4009,1,10,35,2,0,1,0,0
1263909,4,2021,2021,0,4,7,2209,17,204,2205,0,1,10,-33.942142,151.144496,4,0,2,1,0,0,0,0,2,0,0,60,2,2852,2852,4,5,0,2,0,1,0,0
1263910,4,2021,2021,8,5,9,161,17,23,161,0,1,1,-36.613778,149.536901,5,1,0,1,0,0,3,4,0,0,7,100,2,1089,1089,7,0,40,1,0,1,0,0
1263913,2,2021,2021,0,4,2,5,27,293,34609,0,1,1,-33.94155,151.261197,59,0,2,1,2,0,0,0,0,0,7,50,0,945,945,5,5,40,1,0,0,1,0
1263914,4,2021,2021,0,0,6,59,31,107,321,0,1,10,-33.877873,151.198658,69,0,2,1,0,0,0,0,2,2,7,50,2,6545,6545,4,0,5,3,0,1,1,0
1263915,1,2021,2021,3,6,3,25,1,43,34609,0,1,7,-33.678484,151.288436,50,0,2,1,0,0,0,0,2,0,0,50,0,6545,6545,4,5,13,2,0,0,0,1
1263919,1,2021,2021,7,2,5,2261,17,34,2252,0,1,2,-34.801538,149.610044,26,1,0,1,0,0,0,0,2,0,7,110,2,4026,4026,8,0,40,1,0,0,0,1
1263921,2,2021,2021,3,4,9,35,31,283,34609,0,1,9,-33.832019,151.008876,21,0,2,1,1,0,0,3,2,0,7,10,0,30,30,9,5,28,2,0,0,1,0
1263922,1,2021,2021,7,5,4,1104,14,460,962,0,1,3,-33.82019,150.983387,21,0,2,1,0,0,0,0,2,0,7,90,2,14295,14295,3,9,5,5,0,0,0,1
1263929,1,2021,2021,8,5,6,15,31,169,34609,0,1,7,-28.642517,153.614013,10,2,1,1,1,0,0,0,2,0,0,50,0,6545,6545,4,30,27,2,0,0,0,1
1263931,2,2021,2020,9,4,8,2,27,10,34609,0,1,1,-29.476424,153.126497,18,2,1,0,0,0,0,0,2,0,7,80,0,1089,1089,7,10,40,1,0,0,1,0
1263933,2,2021,2021,7,3,9,6,31,25,34609,0,1,1,-30.894521,151.154815,70,2,1,0,1,0,0,0,2,0,7,60,0,237,162,8,5,40,1,0,0,1,0
1263934,4,2021,2021,8,3,7,14,31,62,34609,0,1,1,-33.743902,150.613885,8,2,2,1,1,0,0,0,2,0,7,50,0,1109,397,1,5,27,2,0,1,0,0
1263935,2,2021,2021,0,2,5,829,27,304,140,0,1,1,-33.910301,151.161741,32,0,2,1,1,0,0,0,2,0,7,60,1,387,387,1,22,0,2,0,0,1,0
1263937,4,2021,2021,8,0,5,2,27,3,34609,0,1,1,-32.30961,151.834328,43,2,1,0,0,2,0,0,2,0,7,60,0,4552,5151,8,0,40,1,0,1,0,0
1263938,4,2021,2021,8,0,5,177,22,239,176,0,1,9,-34.036478,151.11599,68,0,2,1,1,0,0,0,2,0,0,60,2,14295,14295,3,5,0,2,0,1,0,0
1263939,4,2021,2021,8,1,9,35,27,30,34609,0,1,1,-28.329668,153.469914,72,2,1,0,0,0,0,0,0,0,7,80,0,2585,4009,8,30,40,1,0,1,0,0
1263940,2,2021,2021,8,6,4,108,31,363,34609,0,1,1,-33.758081,150.689879,55,0,2,1,1,0,0,0,2,0,9,50,0,2040,2040,9,5,28,2,0,0,1,0
1263943,4,2021,2021,8,1,7,37,27,140,34609,0,1,1,-33.897523,150.985883,15,0,2,1,0,0,0,0,2,0,7,50,0,9859,9859,1,0,12,4,0,1,0,0
1263944,2,2021,2021,8,2,10,475,10,42,268,0,1,9,-33.885471,150.869766,24,0,2,1,2,0,0,0,0,2,7,70,2,515,515,1,33,5,3,0,0,1,0
1263945,4,2021,2021,7,3,0,39,22,53,34609,0,1,1,-33.38655,151.436604,16,2,2,0,0,0,0,0,0,0,7,60,0,1259,5151,8,5,40,1,0,1,0,0
1263947,4,2021,2021,8,3,6,54,31,91,28,0,1,1,-33.965715,151.088866,25,0,2,1,1,0,0,0,2,0,9,50,1,340,340,9,5,28,2,0,1,0,0
1263948,2,2021,2021,3,4,7,39,31,460,34609,0,1,9,-33.850723,151.00116,21,0,2,1,0,0,0,0,2,0,7,50,0,775,775,4,0,5,3,0,0,1,0
1263949,4,2021,2021,0,0,7,19,31,169,34609,0,1,1,-33.896705,151.20054,69,0,2,1,3,0,2,6,2,0,7,50,0,186,186,9,18,28,2,0,1,0,0
1263951,2,2021,2021,7,2,0,5,31,122,34609,0,1,1,-33.420175,151.344443,16,2,2,1,2,0,0,0,0,0,7,50,0,4026,4026,8,0,40,1,0,0,1,0
1263952,4,2021,2021,0,0,4,125,27,32,144,0,1,1,-32.764682,152.084528,57,1,0,0,0,0,0,0,2,0,7,90,2,3775,3775,0,10,10,2,0,4,2,0
1263954,4,2021,2021,0,1,6,3371,17,17,3342,0,1,2,-28.876669,153.488611,2,1,0,1,0,0,3,4,2,0,7,110,2,3775,3775,0,5,36,2,0,2,0,0
1263955,4,2021,2021,0,2,6,2261,17,49,2252,0,1,2,-34.750715,149.768711,26,1,0,1,1,0,0,0,2,0,7,110,2,4026,4026,8,10,40,1,0,1,1,0
1263957,2,2021,2021,7,5,5,97,17,17,88,0,1,2,-34.897896,149.487177,74,1,0,1,0,0,0,0,2,0,7,110,2,475,475,5,0,40,1,0,0,1,0
1263958,2,2021,2021,7,2,4,9,31,22,34609,0,1,1,-33.640058,150.80819,29,2,2,1,0,0,3,4,2,0,7,50,0,9859,9859,8,5,40,1,0,0,1,0
1263959,1,2021,2021,7,4,6,29,31,218,34609,0,1,1,-33.752603,150.775105,55,0,2,1,1,0,0,0,2,0,7,60,0,323,323,1,30,0,2,0,0,0,1
1263960,2,2021,2021,8,1,3,118,17,29,118,0,1,1,-30.63689,150.033629,51,1,0,1,0,0,0,0,1,0,7,100,2,1669,1669,3,10,0,2,0,0,2,0
1263961,2,2021,2021,7,3,0,2209,17,10,2205,0,1,1,-36.37887,149.925157,5,1,0,1,0,0,3,4,0,0,7,100,2,4026,4026,8,0,40,1,0,0,1,0
1263964,4,2021,2021,7,4,10,117,1,115,121,0,1,9,-34.036913,151.078776,68,0,2,1,2,0,0,0,0,0,0,60,1,2852,2852,4,0,18,2,0,1,0,0
1263966,2,2021,2021,8,3,5,2126,17,93,2149,0,1,7,-33.420296,149.625179,3,2,1,1,1,0,0,0,2,0,0,60,2,6545,6545,4,0,13,2,0,0,1,0
1263967,2,2021,2021,8,0,3,36,27,438,25,0,1,10,-33.848217,151.021454,21,0,2,1,3,0,0,0,2,2,7,50,1,301,301,4,5,25,2,0,0,1,0
1263969,1,2021,2020,2,5,2,330,27,108,605,0,1,9,-33.759846,151.278598,50,0,2,1,3,0,0,0,0,0,7,60,2,775,775,4,5,12,2,0,0,0,1
1263977,1,2021,2021,4,4,4,2126,17,218,2149,0,1,10,-33.770072,150.773472,55,0,2,1,3,0,0,0,2,2,7,60,2,14295,14295,3,30,5,2,0,0,0,1
1263979,1,2021,2021,7,6,6,512,17,562,441,0,1,7,-32.257023,148.629098,22,2,1,1,1,0,0,0,2,0,0,60,2,1669,1669,3,5,36,2,0,0,0,1
1263988,2,2021,2021,8,5,8,1052,14,17,928,0,1,3,-32.819323,151.634728,48,0,2,0,2,0,0,0,0,0,7,80,2,14295,14295,3,33,5,2,0,0,1,0
1263989,4,2021,2021,0,3,5,225,17,9,180,0,1,1,-34.577977,150.726188,62,0,2,1,0,0,0,0,2,0,7,90,2,404,404,8,16,40,1,0,1,0,0
1263994,2,2021,2021,8,5,9,12,27,85,34609,0,1,2,-33.900882,150.872466,41,0,2,1,2,0,0,0,3,0,7,50,0,623,623,3,5,5,4,0,0,1,0
1263996,2,2021,2021,8,5,7,2,31,201,34609,1,2,1,-34.882769,150.6064,63,2,1,1,1,0,0,0,2,0,7,40,0,9859,9859,1,22,0,2,0,0,1,0
1263997,1,2021,2021,7,5,5,29,31,120,15,0,1,2,-33.755301,150.864293,7,0,2,1,3,0,0,0,2,0,0,60,1,1383,1383,1,5,25,2,0,0,0,2
1263999,2,2021,2021,0,5,8,35,27,6,34609,0,1,1,-28.319054,153.449929,72,2,1,0,2,0,0,0,3,0,7,70,0,1957,4009,8,5,40,1,0,0,1,0
1264002,2,2021,2021,8,1,2,3371,17,43,3342,0,1,2,-30.452725,153.00322,6,1,0,1,0,0,0,0,0,0,7,110,2,9859,9859,8,29,40,1,0,0,1,0
1264003,4,2021,2021,7,3,10,147,27,224,21,0,1,1,-33.825743,151.243482,45,0,2,0,2,0,3,4,0,0,7,50,1,4552,5151,8,5,40,1,0,1,0,0
1264005,4,2021,2021,8,4,7,112,27,109,256,0,1,9,-33.972186,150.862977,13,0,2,1,0,0,3,4,2,2,7,70,2,4026,4026,8,5,40,1,0,1,0,0
1264007,2,2021,2021,7,5,5,48,27,21,62,0,1,1,-35.436567,148.13353,66,1,0,0,0,0,3,4,2,0,7,100,2,1259,5151,8,5,40,1,0,0,2,0
1264008,2,2021,2021,0,5,7,105,27,174,208,0,1,7,-33.860528,150.927387,24,0,2,1,1,0,0,0,2,0,0,50,1,14295,14295,3,30,0,3,0,0,2,0
1264012,1,2021,2021,8,2,8,19,18,64,34609,0,1,1,-34.384324,150.903317,80,0,2,1,2,0,0,0,0,0,7,50,0,1981,1981,4,5,12,2,0,0,0,1
1264015,1,2021,2021,8,2,4,330,27,147,605,0,1,10,-33.751589,151.288091,50,0,2,1,3,0,0,0,2,2,7,60,2,14295,14295,3,0,5,2,0,0,0,1
1264016,1,2021,2021,8,5,4,16,31,168,34609,0,1,10,-33.690266,150.816437,7,0,2,1,3,0,0,0,2,0,0,50,0,5929,5929,1,5,0,2,0,0,0,1
1264023,1,2021,2021,8,5,9,34,31,145,140,0,1,10,-33.927406,151.124435,15,0,2,1,3,0,0,0,3,2,7,50,1,14295,14295,3,5,0,2,0,0,0,1
1264029,1,2021,2021,8,4,8,109,27,460,106,0,1,1,-33.835251,150.983536,21,0,2,1,3,0,0,0,0,0,7,60,1,14295,14295,3,5,5,2,0,0,0,1
1264030,2,2021,2021,8,1,8,229,14,173,237,0,1,3,-33.775987,151.125305,61,0,2,1,3,0,0,0,3,0,7,100,2,14295,14295,3,0,5,3,0,0,1,1
1264032,1,2021,2021,0,4,6,2209,17,176,2205,0,1,2,-33.970753,151.133637,25,0,2,1,3,0,0,0,2,0,7,60,2,14295,14295,3,5,0,3,0,0,0,1
1264033,1,2021,2021,8,1,7,33,27,35,49,0,1,9,-33.885864,150.895233,24,0,2,1,3,0,0,3,2,0,15,60,1,2852,2852,4,5,0,2,0,0,0,1
1264035,4,2021,2021,0,2,10,104,1,71,34609,0,1,1,-33.969708,151.066376,25,0,2,1,2,0,0,0,0,0,7,50,0,2040,2040,9,0,28,2,0,1,0,0
1264036,4,2021,2021,7,4,10,35,31,7,34609,0,1,1,-32.787685,152.105617,57,2,1,1,0,0,0,0,0,0,7,50,0,312,312,2,0,40,1,0,1,0,0
1264037,2,2021,2021,0,0,6,2209,17,68,2205,0,1,2,-34.088475,151.006708,68,0,2,1,1,0,0,0,2,0,7,60,2,190,190,1,5,5,2,0,0,1,0
1264040,1,2021,2021,8,2,7,485,27,323,769,0,1,2,-33.760494,150.99148,71,0,2,1,3,0,0,0,2,0,7,60,2,14295,14295,3,5,0,2,0,0,0,1
1264041,1,2021,2021,8,0,5,829,31,10,34609,0,1,10,-32.914262,151.765254,48,0,2,1,1,0,0,0,2,0,9,50,0,2040,2040,9,5,26,2,0,0,0,1
1264044,2,2021,2021,0,6,6,24,27,201,47,0,1,7,-33.991089,150.857407,13,0,2,1,1,0,0,0,2,0,0,70,1,14295,14295,3,5,12,2,0,0,1,0
1264047,1,2021,2021,0,6,8,104,27,443,702,0,1,10,-33.895379,151.066287,67,0,2,1,2,0,0,0,2,2,7,70,2,5929,5929,1,10,10,2,0,0,0,1
1264050,2,2021,2021,8,0,11,515,14,42,518,0,1,3,-33.941643,150.938846,41,0,2,1,2,0,0,0,0,0,7,100,2,3775,3775,0,30,5,4,0,0,1,0
1264051,2,2021,2021,8,2,6,1,27,7,34609,0,1,1,-33.189186,148.319882,53,1,0,0,0,2,0,3,2,0,7,100,0,2585,4009,8,5,40,1,0,0,1,0
1264054,4,2021,2021,7,5,7,35,27,11,49,0,1,10,-31.428161,150.650916,51,1,0,1,0,0,0,0,2,0,0,100,1,3775,3775,0,0,36,2,0,3,0,0
1264055,1,2021,2021,0,4,3,3371,17,9,3342,0,1,2,-32.358115,152.307693,43,1,0,1,0,0,0,0,2,0,7,110,2,9859,9859,8,0,40,1,0,0,0,1
1264057,2,2021,2021,8,2,9,23,31,42,10,0,1,10,-33.822797,151.195431,49,0,2,1,2,0,0,0,0,2,9,50,1,2040,2040,9,5,28,2,0,0,1,0
1264058,1,2021,2021,0,1,9,103,27,33,167,0,1,1,-33.985064,151.136115,4,0,2,1,2,0,0,0,3,0,7,60,2,1109,397,1,21,5,4,0,0,0,1
1264061,1,2021,2021,8,5,3,346,17,44,332,0,1,1,-28.82184,153.4116,2,2,1,1,0,0,3,3,2,0,7,80,2,14295,14295,3,10,27,2,0,0,0,1
1264062,4,2021,2021,8,5,7,478,17,78,480,0,1,2,-33.415128,151.450217,16,2,2,0,1,0,3,4,2,0,7,60,2,14295,14295,3,10,5,2,0,1,0,0
1264063,2,2021,2021,8,0,8,58,31,157,34609,0,1,9,-33.799392,151.01333,54,0,2,1,2,0,0,0,0,0,7,50,0,2040,2040,9,10,28,2,0,0,1,0
1264069,2,2021,2021,0,6,11,110,27,29,173,0,1,2,-34.401312,150.878024,80,0,2,1,2,0,0,0,0,0,7,80,2,14295,14295,3,5,2,2,0,0,1,0
1264071,2,2021,2021,0,2,6,24,27,115,52,0,1,10,-33.910177,151.175635,32,0,2,1,1,0,0,0,2,2,7,50,1,5929,5929,1,5,0,2,0,0,1,0
1264075,2,2021,2021,7,1,3,1,17,80,34609,0,1,1,-33.752776,150.649415,55,0,2,1,3,0,3,4,2,0,7,50,0,14295,14295,3,0,0,3,0,0,1,1
1264076,1,2021,2021,8,1,7,24,27,246,99,0,1,2,-33.907416,151.190698,69,0,2,1,3,0,0,0,2,0,7,50,2,14295,14295,3,5,19,2,0,0,0,1
1264077,4,2021,2021,8,1,4,59,27,112,34609,0,1,1,-33.698417,151.036121,31,0,2,0,0,0,0,0,2,0,7,50,0,4552,5151,8,5,40,1,0,1,0,0
1264080,1,2021,2021,8,6,7,255,27,20,260,0,1,10,-33.083458,151.501622,37,0,2,1,3,0,0,0,2,0,15,60,2,5929,5929,1,5,36,2,0,0,0,1
1264087,1,2021,2021,8,4,9,475,10,78,268,0,1,9,-33.880591,150.79277,41,0,2,1,3,0,0,0,0,0,7,60,2,1391,1391,1,16,13,2,0,0,0,1
1264088,1,2021,2021,8,6,5,6,7,370,34609,0,1,9,-34.075377,150.804538,13,0,2,0,3,0,0,0,2,0,7,50,0,2040,2040,9,30,28,2,0,0,0,1
1264093,1,2021,2021,0,2,3,112,17,207,112,0,1,1,-31.832879,141.99853,51,1,0,1,0,0,0,0,2,0,7,110,2,475,475,5,0,40,1,0,0,0,1
1264094,1,2021,2021,8,1,4,18,31,44,34609,1,2,9,-33.752444,150.735974,55,0,2,1,0,0,0,0,2,0,9,40,0,2040,2040,9,33,28,2,0,0,0,1
1264095,1,2021,2021,8,1,6,104,27,443,702,0,1,10,-33.907808,151.064409,67,0,2,0,3,0,3,3,2,2,7,70,2,14295,14295,3,10,5,2,0,0,0,1
1264099,1,2021,2021,8,4,7,8,27,323,20,0,1,1,-33.76196,151.004309,71,0,2,1,3,0,0,0,2,0,7,50,1,14295,14295,3,5,0,3,0,0,0,1
1264102,1,2021,2021,8,6,8,149,27,294,198,0,1,9,-33.941684,150.942119,41,0,2,1,2,0,0,0,0,2,7,60,2,14295,14295,3,5,5,2,0,0,0,1
1264103,2,2021,2021,0,3,8,12,31,77,34609,0,1,10,-33.871021,150.93895,24,0,2,1,1,0,0,0,2,0,7,50,0,6545,6545,4,5,5,2,0,0,1,0
1264105,4,2021,2021,8,3,8,2261,17,96,2252,0,1,3,-34.229372,150.667659,79,1,2,1,1,0,0,0,3,0,8,110,2,14295,14295,3,0,0,3,0,1,0,0
1264108,4,2021,2021,8,3,7,83,31,15,34609,0,1,10,-34.548157,148.350662,30,2,1,1,1,0,0,0,2,0,0,50,0,6545,6545,4,5,13,2,0,1,0,0
1264114,2,2021,2021,8,4,3,194,31,445,18,0,1,9,-33.863926,151.051956,21,0,2,1,1,0,0,0,1,2,7,60,1,150,150,4,10,36,2,0,0,1,1
1264116,2,2021,2021,8,5,6,1104,14,323,962,0,1,3,-33.799227,150.85861,7,0,2,1,0,0,0,0,2,0,7,100,2,9859,9859,8,0,40,1,0,0,1,0
1264120,2,2021,2021,8,5,8,4,27,150,34609,0,1,10,-33.921145,151.228201,59,0,2,1,2,0,3,4,3,0,15,50,0,6545,6545,4,5,19,2,0,0,1,0
1264121,4,2021,2021,8,1,5,42,27,8,34609,0,1,1,-31.465983,151.14769,70,2,1,0,0,0,0,0,2,0,7,80,0,4552,5151,8,16,40,1,0,1,0,0
1264123,2,2021,2021,4,6,5,82,27,84,181,0,1,1,-33.894631,151.268333,76,0,2,1,1,0,0,0,2,0,7,50,2,1945,1945,5,22,40,1,0,0,1,0
1264124,2,2021,2021,8,6,3,2,31,9,34609,0,1,1,-33.609418,150.743152,29,2,2,1,1,0,0,0,2,0,7,50,0,4026,4026,1,10,5,2,0,0,1,0
1264125,1,2021,2021,8,4,5,2209,17,204,2205,0,1,10,-33.94207,151.144454,4,0,2,1,0,0,0,0,2,0,7,60,2,1669,1669,3,0,5,2,0,0,0,1
1264126,1,2021,2021,8,2,6,32,27,13,34609,0,1,1,-34.552715,149.416279,74,1,0,0,0,0,0,0,2,0,7,100,0,2585,4009,8,16,40,1,0,0,0,1
1264127,2,2021,2021,7,2,4,2126,17,65,2149,0,1,2,-33.539314,150.161323,40,2,1,0,1,0,3,4,2,0,7,80,2,1259,5151,8,5,40,1,0,0,1,0
1264129,4,2021,2021,0,1,6,37,27,140,34609,0,1,9,-33.903946,150.997924,15,0,2,1,1,0,0,0,2,0,7,50,0,9859,9859,1,30,12,2,0,1,0,0
1264134,1,2021,2021,8,1,8,18,27,136,148,0,1,10,-32.932764,151.719882,48,0,2,1,3,0,0,0,2,0,0,60,1,5929,5929,1,0,27,2,0,0,0,1