Crash ID,Degree of crash - detailed,Reporting year,Year of crash,Month of crash,Day of week of crash,Two-hour intervals,Street of crash,Street type,Town,Route no.,School zone location,School zone active,Type of location,Latitude,Longitude,LGA,Urbanisation,Conurbation 1,Alignment,Street lighting,Road surface,Surface condition,Weather,Natural lighting,Signals operation,Other traffic control,Speed limit,Road classification,RUM - code,DCA - code,First impact type,Key TU type,Other TU type,No. of traffic units involved,No. killed,No. seriously injured,No. moderately injured,No. minor-other injured
1264144,1,2021,2021,8,2,4,330,27,31,102,0,1,9,-33.770986,151.268489,50,0,2,1,3,0,0,0,2,0,7,50,2,1391,1391,1,0,0,2,0,0,0,1
1264148,2,2021,2021,4,0,2,169,31,108,34609,0,1,1,-28.86851,153.555539,2,2,1,1,3,0,0,0,0,0,7,50,0,1981,1981,4,0,27,2,0,0,1,0
1264149,1,2021,2021,8,0,3,515,14,523,518,0,1,3,-33.938234,150.91418,41,0,2,1,3,0,3,4,2,0,7,100,2,14295,14295,3,10,36,3,0,0,0,2
1264150,1,2021,2021,8,6,2,2209,17,273,2205,0,1,9,-34.426022,150.87776,80,0,2,1,3,0,0,0,0,2,7,60,2,83,83,1,5,5,2,0,0,0,1
1264151,1,2021,2021,8,4,9,220,27,92,222,0,1,2,-33.758108,150.955269,71,0,2,1,3,0,0,0,0,0,7,80,2,14295,14295,3,5,36,3,0,0,0,1
1264152,1,2021,2021,8,5,8,829,27,149,770,0,1,2,-33.868375,151.182895,32,0,2,1,3,0,0,0,2,0,7,60,2,14295,14295,3,16,5,2,0,0,0,1
1264154,1,2021,2021,8,4,8,475,10,37,268,0,1,9,-33.867989,150.716156,55,0,2,1,3,0,0,0,2,0,0,80,2,623,623,3,5,5,2,0,0,0,1
1264155,1,2021,2021,8,2,6,67,27,65,52,1,0,9,-30.363469,153.078398,19,2,1,1,3,0,0,0,2,0,7,60,1,14295,14295,3,10,0,2,0,0,0,1
1264157,1,2021,2021,8,1,4,255,27,25,117,0,1,7,-32.896491,151.694509,48,0,2,0,3,0,0,0,2,0,0,60,2,14295,14295,3,5,5,2,0,0,0,1
1264159,1,2021,2021,8,6,8,1,31,74,34609,0,1,1,-33.757413,150.842123,7,0,2,0,3,0,0,0,2,0,7,50,0,3775,3775,0,5,5,2,0,0,0,1
1264161,1,2021,2021,8,4,4,11,31,53,34609,0,1,1,-32.928698,151.762791,48,0,2,1,3,0,0,0,2,0,9,50,0,2040,2040,9,0,28,2,0,0,0,1
1264166,4,2021,2021,8,4,7,73,1,175,34609,0,1,7,-33.776026,151.071788,54,0,2,1,1,0,3,3,2,0,0,50,0,4552,985,8,5,40,1,0,1,0,0
1264167,4,2021,2021,0,1,8,79,10,18,231,0,1,1,-33.465936,151.318662,16,2,2,1,1,0,0,0,2,0,7,60,2,9859,9859,8,5,40,1,0,1,0,0
1264168,2,2021,2021,8,2,6,25,27,147,94,0,1,7,-33.882595,150.997635,15,0,2,1,1,0,0,0,2,0,0,50,1,2040,2040,9,33,28,2,0,0,1,0
1264175,2,2021,2021,7,6,4,17,31,316,34609,0,1,7,-33.923358,151.244033,59,0,2,1,1,0,0,0,2,0,0,50,0,1192,1192,1,9,27,2,0,0,1,0
1264177,1,2021,2021,0,6,6,36,1,64,34609,0,1,10,-33.955139,150.998306,15,0,2,1,0,0,3,3,2,0,9,40,0,2040,2040,9,5,28,2,0,0,0,1
1264178,1,2021,2021,0,0,10,91,27,119,187,0,1,9,-33.870864,151.173059,32,0,2,1,2,0,0,0,0,2,7,70,2,14295,14295,3,5,5,3,0,0,0,1
1264181,2,2021,2021,7,0,7,22,31,370,34609,0,1,1,-34.057113,150.819634,13,0,2,1,0,0,0,0,2,0,7,60,0,9859,9859,8,5,40,1,0,0,1,0
1264182,2,2021,2021,0,4,10,1104,14,113,962,0,1,3,-33.78564,150.703688,55,0,2,1,2,0,0,0,0,0,7,40,2,14295,14295,3,5,13,2,0,0,1,0
1264185,2,2021,2021,0,4,2,20,31,523,34609,0,1,9,-33.920069,150.92287,41,0,2,1,2,0,0,0,1,2,7,30,0,14295,14295,3,0,0,3,0,0,1,0
1264190,4,2021,2021,8,0,7,6,23,137,34609,0,1,7,-33.920021,151.201238,69,0,2,1,1,0,0,0,2,0,0,40,0,4026,4026,1,0,5,3,0,1,0,0
1264192,2,2021,2021,0,6,9,1,34,14,34609,0,1,1,-33.536582,151.294385,16,2,2,1,0,2,0,0,2,0,7,60,0,404,404,8,16,40,1,0,0,1,0
1264193,4,2021,2021,7,5,6,2,31,2,34609,0,1,9,-32.880768,151.393119,17,2,1,1,0,0,0,0,2,0,7,50,0,9859,9859,8,30,40,1,0,1,0,0
1264195,1,2021,2021,7,4,6,59,10,89,34609,0,1,11,-33.894064,151.235115,59,0,2,0,0,0,0,0,2,0,15,30,0,515,515,1,5,27,2,0,0,0,1
1264196,2,2021,2021,7,2,2,102,31,139,187,0,1,2,-33.876738,151.131442,32,0,2,0,2,0,0,3,0,0,7,60,2,1282,1282,1,5,36,2,0,0,1,0
1264200,2,2021,2021,7,4,7,4,27,207,34609,0,1,1,-31.858468,141.435028,51,1,0,1,0,2,0,0,2,0,7,110,0,1945,1945,5,21,40,1,0,0,2,0
1264201,2,2021,2021,0,4,9,43,27,56,87,0,1,9,-34.446079,150.87583,80,0,2,0,2,0,0,0,0,2,7,80,2,5929,5929,1,10,5,2,0,0,1,0
1264202,1,2021,2021,7,4,9,2261,17,49,2252,0,1,2,-34.74446,149.854941,26,1,0,1,2,0,3,4,3,0,7,110,2,14295,14295,3,5,5,2,0,0,0,1
1264203,2,2021,2021,8,5,4,5,27,54,34609,0,1,1,-28.516584,153.547028,10,2,1,0,1,0,3,3,2,0,7,50,0,1957,4009,8,5,40,1,0,0,1,0
1264207,2,2021,2021,8,6,9,7,27,33,34609,0,1,10,-33.964561,151.031357,15,0,2,1,2,0,0,0,0,0,0,50,0,5929,5929,1,5,0,2,0,0,1,0
1264208,1,2021,2021,8,2,7,3,27,16,34609,0,1,1,-31.20266,152.810061,34,2,1,1,0,2,0,0,2,0,7,40,0,1945,1945,5,16,40,1,0,0,0,1
1264210,1,2021,2021,8,5,7,31,27,20,46,0,1,1,-33.47773,150.221599,40,2,1,1,0,0,0,0,2,0,7,80,2,3775,3775,0,8,0,2,0,0,0,1
1264211,2,2021,2021,8,6,7,361,32,290,42,0,1,9,-33.850292,150.987595,21,0,2,1,2,0,0,0,2,0,7,50,1,9859,9859,8,0,40,1,0,0,1,1
1264217,2,2021,2021,8,1,9,2,31,247,34609,0,1,1,-33.827195,150.936156,21,0,2,1,2,0,0,0,0,0,7,50,0,1981,1981,4,0,0,3,0,0,1,0
1264219,1,2021,2021,8,2,6,32,27,13,34609,0,1,1,-34.552715,149.416279,74,1,0,0,0,0,0,0,2,0,7,100,0,2585,4009,8,16,40,1,0,0,0,1
1264220,4,2021,2021,8,3,10,6,31,72,34,0,1,1,-33.835874,151.22642,49,0,2,1,2,0,0,0,0,0,7,50,1,1945,1945,5,22,40,2,0,1,0,0
1264224,1,2021,2021,8,1,6,100,27,323,100,0,1,9,-33.817004,150.851475,7,0,2,1,3,0,0,0,2,2,7,80,2,14295,14295,3,5,0,3,0,0,0,1
1264227,4,2021,2021,8,4,7,119,31,84,34609,0,1,1,-31.091935,150.915946,70,2,1,1,1,0,0,0,2,0,7,50,0,2040,2040,9,10,28,2,0,1,0,0
1264231,2,2021,2021,8,1,9,133,31,49,34609,0,1,10,-32.992503,151.682676,37,0,2,1,3,0,0,0,3,2,7,60,0,5929,5929,1,0,0,2,0,0,1,1
1264233,1,2021,2021,8,5,3,92,27,129,244,0,1,2,-33.899641,151.090342,9,0,2,1,3,0,0,0,2,0,0,60,2,14295,14295,3,5,5,2,0,0,0,1
1264236,2,2021,2021,0,1,2,1052,14,101,928,0,1,3,-32.894547,151.590248,37,0,2,1,3,0,0,0,0,0,7,110,2,14295,14295,3,10,13,2,0,0,1,0
1264241,4,2021,2021,8,2,7,103,27,149,167,0,1,9,-33.987513,151.134911,25,0,2,1,1,0,0,0,2,2,7,60,2,5929,5929,1,5,19,2,0,1,0,0
1264243,4,2021,2021,7,1,7,3,31,30,34609,0,1,1,-31.04359,151.059519,70,2,1,1,1,0,0,3,2,0,7,50,0,190,190,1,5,41,2,0,1,0,0
1264245,2,2021,2021,7,6,3,39,23,98,34609,0,1,1,-33.018998,151.59908,37,0,2,1,1,0,3,4,1,0,7,50,0,1981,1981,4,5,27,2,0,0,1,0
1264250,2,2021,2021,0,6,6,154,27,293,244,0,1,10,-33.92379,151.057388,15,0,2,1,0,0,0,0,2,0,9,60,2,591,591,1,22,0,2,0,0,1,0
1264251,2,2021,2021,8,5,6,10,27,42,91,0,1,9,-35.339276,149.243225,58,2,1,1,1,0,3,4,2,2,7,60,2,5929,5929,1,5,36,2,0,0,1,1
1264252,2,2021,2021,7,0,9,78,32,646,34609,0,1,1,-33.918371,151.04415,15,0,2,0,2,0,0,0,3,0,7,60,0,1981,1981,4,5,5,5,0,0,1,1
1264254,4,2021,2021,7,1,8,916,17,19,917,0,1,10,-30.64229,151.499258,51,2,1,1,1,0,3,4,2,0,0,50,2,941,941,1,0,10,2,0,1,0,0
1264257,2,2021,2021,7,2,7,478,17,128,480,0,1,9,-33.427207,151.329651,16,2,2,1,3,0,0,0,2,0,0,70,2,2852,2852,4,0,0,2,0,0,2,0
1264259,4,2021,2021,0,3,6,387,27,10,17,0,1,1,-31.856632,149.107809,51,1,0,1,0,0,0,0,2,0,7,100,1,945,945,5,10,40,1,0,1,0,0
1264262,2,2021,2021,0,0,8,38,27,56,70,0,1,9,-33.754343,150.776034,55,0,2,1,0,0,0,0,2,0,7,60,1,2852,2852,4,34,5,2,0,0,1,0
1264263,2,2021,2021,8,2,4,1,10,35,34609,0,1,9,-34.369524,150.922113,80,0,2,0,1,0,0,0,2,0,7,50,0,775,775,4,5,27,2,0,0,1,0
1264264,4,2021,2021,8,5,8,2126,17,218,2149,0,1,10,-33.770072,150.773472,55,0,2,1,2,0,0,0,3,2,7,60,2,1669,1669,3,5,0,2,0,1,0,0
1264265,2,2021,2021,8,3,9,40,31,219,262,0,1,9,-32.907067,151.668444,48,0,2,1,2,0,0,0,0,2,7,60,2,2852,2852,4,5,0,2,0,0,1,1
1264266,1,2021,2020,11,2,7,133,27,8,11,0,1,1,-33.633144,146.95259,51,1,0,0,0,0,0,0,2,0,12,100,1,2585,4009,8,5,40,1,0,0,0,1
1264268,2,2021,2021,8,5,5,2261,17,523,2252,0,1,10,-33.924242,150.918383,41,0,2,1,0,0,0,0,2,2,7,60,2,926,926,4,5,5,3,0,0,3,1
1264270,4,2021,2021,8,1,9,2126,17,161,2149,0,1,9,-33.888182,151.157613,32,0,2,1,2,0,0,0,0,2,7,60,2,1282,1282,1,30,18,2,0,1,0,0
1264271,2,2021,2021,8,3,9,512,17,17,441,0,1,1,-33.421812,149.409483,3,2,1,0,0,0,0,0,0,0,7,80,2,1957,4009,8,0,40,1,0,0,1,0
1264272,1,2021,2021,8,4,8,1,10,11,34609,0,1,9,-30.652054,152.849597,47,2,1,1,2,0,0,0,0,0,7,50,0,3775,3775,0,30,5,2,0,0,0,1
1264276,2,2021,2020,2,2,11,515,14,204,518,0,1,3,-33.942584,151.159229,4,0,2,1,2,0,0,0,0,0,7,80,2,9859,9859,8,5,40,2,0,0,1,0
1264279,2,2021,2021,8,1,8,14,31,165,34609,0,1,7,-32.263528,150.901526,46,2,1,1,0,0,0,0,3,0,0,50,0,6545,6545,4,5,19,2,0,0,1,0
1264280,2,2021,2021,8,3,3,2209,17,115,2205,0,1,10,-33.91557,151.174624,32,0,2,0,1,0,0,0,2,2,7,60,2,5929,5929,1,0,12,2,0,0,1,0
1264282,2,2021,2021,7,6,0,15,27,363,14,0,1,9,-33.730413,150.697295,55,0,2,1,2,0,3,1,0,0,0,70,1,4026,4026,8,16,40,1,0,0,1,0
1264285,2,2021,2021,7,5,4,19,31,182,174,0,1,9,-32.833505,151.356575,17,2,1,1,1,0,0,0,2,0,15,40,2,5929,5929,1,5,19,2,0,0,1,0
1264287,4,2021,2021,8,2,0,51,31,562,34609,0,1,1,-32.23406,148.616335,22,2,1,1,2,0,0,0,0,0,7,50,0,945,945,5,5,40,1,0,1,0,0
1264288,4,2021,2021,0,6,3,19,27,143,34609,0,1,9,-33.874207,151.107654,9,0,2,1,1,0,0,0,2,2,9,50,0,14295,14295,3,9,13,3,0,1,1,0
1264290,2,2021,2021,3,4,3,22,31,64,61,0,1,7,-33.884201,151.028046,21,0,2,1,0,0,0,0,2,0,0,50,1,2040,2040,9,10,28,2,0,0,1,0
1264291,2,2021,2021,8,5,6,17,25,71,34609,0,1,9,-33.969861,151.079507,25,0,2,1,1,0,3,4,2,0,9,40,0,1220,1220,9,5,28,2,0,0,1,0
1264294,2,2021,2021,7,3,8,234,27,54,217,0,1,9,-33.705924,151.011612,71,0,2,1,3,0,0,0,2,2,7,60,2,5929,5929,1,5,0,2,0,0,1,0
1264300,2,2021,2021,7,3,2,2261,17,26,2252,0,1,3,-34.106024,150.762353,13,0,2,1,0,0,3,4,0,0,7,110,2,14295,14295,3,10,13,2,0,0,1,0
1264303,2,2021,2021,0,3,5,2,31,251,34609,0,1,1,-33.761353,150.943373,7,0,2,1,1,0,0,0,2,0,7,50,0,1282,1282,1,5,40,1,0,0,1,0
1264305,4,2021,2021,7,4,7,12,27,443,34609,0,1,9,-33.895187,151.064835,15,0,2,1,1,0,0,0,2,0,7,50,0,926,926,4,5,5,2,0,2,1,0
1264306,1,2021,2021,0,0,2,6,27,2,34609,0,1,9,-32.152981,150.84659,73,1,0,0,0,0,3,1,1,0,8,100,0,4552,5151,8,5,40,1,0,0,0,1
1264308,4,2021,2021,3,4,3,7,27,35,34609,0,1,1,-33.265606,151.552709,16,2,2,1,3,0,0,0,2,0,7,50,0,9859,9859,8,5,40,1,0,1,0,0
1264309,1,2021,2021,7,6,11,1052,14,83,928,0,1,3,-33.507556,151.190061,16,1,2,0,2,0,3,4,0,0,7,90,2,4552,5151,8,5,40,1,0,0,0,1
1264312,1,2021,2021,0,4,9,1104,14,142,962,0,1,3,-33.827805,150.999703,54,0,2,0,0,0,0,0,3,0,7,90,2,14295,14295,3,21,0,2,0,0,0,1
1264314,2,2021,2021,7,0,6,2261,17,62,2252,0,1,10,-33.887332,151.136709,32,0,2,1,1,0,0,0,2,2,7,60,2,5929,5929,1,0,5,2,0,0,2,0
1264315,2,2021,2021,0,0,7,109,36,28,108,0,1,9,-28.326279,153.40976,72,2,1,1,1,0,0,0,2,0,7,50,1,5929,5929,1,5,5,2,0,0,1,0
1264318,2,2021,2021,0,1,6,83,27,169,147,0,1,1,-28.653492,153.615538,10,2,1,1,1,0,0,0,2,0,7,50,1,14295,14295,3,8,5,3,0,0,1,0
1264321,4,2021,2021,7,5,8,125,27,21,144,0,1,2,-32.769047,152.032098,57,2,1,1,0,0,3,4,3,0,7,80,2,4026,4026,8,10,40,1,0,1,0,0
1264327,2,2021,2021,7,1,7,2209,17,55,2205,0,1,1,-35.733853,150.169384,23,1,0,0,0,0,3,4,2,0,7,90,2,3775,3775,0,5,5,3,0,0,3,0
1264330,1,2021,2021,0,4,10,16,31,246,12,0,1,10,-33.898927,151.198997,69,0,2,1,3,0,0,0,0,2,7,50,1,5929,5929,1,5,27,2,0,0,0,1
1264331,2,2021,2021,8,3,5,51,27,278,34609,0,1,1,-33.784226,151.052815,54,0,2,0,3,0,0,0,2,0,7,50,0,3775,3775,0,30,5,3,0,0,1,1
1264332,2,2021,2021,3,0,6,17,27,10,58,0,1,1,-34.670902,150.487533,78,1,0,1,1,0,0,0,2,0,7,100,2,945,945,5,16,40,1,0,0,1,0
1264333,4,2021,2021,7,6,8,33,27,98,260,0,1,2,-33.030929,151.561419,37,0,2,0,0,0,0,0,2,0,7,80,2,3775,3775,0,10,0,2,0,3,1,0
1264336,4,2021,2021,0,0,7,21,31,316,34609,0,1,9,-31.431406,152.899665,56,2,1,1,1,0,0,0,2,2,7,50,0,1220,1220,9,30,28,2,0,1,0,0
1264337,2,2021,2021,8,4,5,26,27,5,34609,0,1,9,-35.256031,149.265246,58,2,1,1,0,0,0,0,2,0,7,80,0,1089,1089,7,0,40,1,0,0,2,0
1264338,2,2021,2021,8,6,8,57,36,17,769,0,1,9,-33.608807,150.799548,29,2,2,1,1,0,0,0,2,0,0,70,2,2852,2852,4,5,19,2,0,0,1,0
1264341,2,2021,2021,8,1,5,194,31,309,702,0,1,2,-33.818467,151.100873,61,0,2,1,1,0,0,0,2,0,7,60,2,1945,1945,5,16,40,1,0,0,1,0
1264342,1,2021,2021,0,5,8,29,27,8,34609,0,1,1,-28.258956,153.472319,72,2,1,0,0,0,0,0,3,0,7,60,0,4552,5151,8,16,40,1,0,0,0,1
1264344,2,2021,2021,8,4,7,79,31,82,34609,0,1,10,-31.081657,150.934086,70,2,1,1,1,0,0,0,2,0,15,50,0,6545,6545,4,0,0,2,0,0,1,0
1264347,1,2021,2021,8,1,7,177,31,65,208,0,1,10,-33.857376,150.904297,24,0,2,1,0,0,0,0,2,2,7,50,1,1669,1669,3,0,5,2,0,0,0,1
1264349,2,2021,2021,8,4,11,2126,17,438,2149,0,1,10,-33.837919,151.026996,21,0,2,1,2,0,0,0,0,2,7,60,2,5929,5929,1,5,5,2,0,0,1,0
1264352,2,2021,2021,8,5,8,3371,17,108,3342,0,1,9,-33.818889,151.183412,77,0,2,1,2,0,0,0,3,2,7,60,2,5929,5929,1,19,19,2,0,0,1,0
1264355,2,2021,2021,8,6,4,11,27,40,34609,0,1,1,-35.792106,150.149176,23,1,0,0,0,0,3,4,2,0,7,100,0,3775,3775,0,5,5,2,0,0,2,0
1264361,1,2021,2021,8,6,4,61,31,237,45,1,2,7,-33.872009,150.958481,24,0,2,0,3,0,0,0,2,0,0,40,1,1669,1669,3,5,0,2,0,0,0,1
1264362,1,2021,2021,8,1,4,37,31,253,34609,0,1,10,-33.965516,151.104911,25,0,2,1,3,0,0,0,2,2,7,50,0,14295,14295,3,21,5,2,0,0,0,1
1264363,1,2021,2021,7,1,3,16,1,197,34609,0,1,1,-33.789791,151.124264,61,0,2,1,1,0,0,0,2,0,7,50,0,1282,1282,1,28,5,2,0,0,0,1
1264371,1,2021,2021,0,6,4,2126,17,166,2149,0,1,9,-33.416809,149.584351,3,2,1,1,3,0,0,0,2,0,0,60,2,5929,5929,1,5,5,2,0,0,0,1
1264373,2,2021,2021,8,0,7,14,31,215,34609,0,1,1,-35.116226,147.369328,75,2,1,1,3,0,0,0,2,0,7,50,0,1109,787,1,30,0,2,0,0,1,0
1264377,1,2021,2021,8,0,8,330,27,147,605,0,1,5,-33.758637,151.280404,50,0,2,0,3,0,0,0,0,2,7,60,2,395,395,1,0,0,2,0,0,0,1
1264378,1,2021,2021,0,2,4,171,27,73,369,0,1,9,-33.697298,150.727405,55,0,2,1,3,0,0,0,2,0,0,80,2,1669,1669,3,9,25,2,0,0,0,1
1264379,1,2021,2021,8,4,8,107,22,239,121,1,2,1,-34.031507,151.116789,68,0,2,1,3,0,0,0,2,0,7,40,1,5929,5929,1,10,5,2,0,0,0,1
1264382,1,2021,2021,8,3,8,829,27,309,770,0,1,9,-33.815859,151.103046,61,0,2,0,3,0,0,0,0,2,7,60,2,14295,14295,3,5,0,2,0,0,0,1
1264383,1,2021,2021,8,1,7,117,1,210,121,0,1,1,-34.041642,151.112035,68,0,2,1,3,0,0,0,2,0,7,60,1,14295,14295,3,5,0,2,0,0,0,1
1264387,1,2021,2021,8,6,5,26,27,131,115,0,1,9,-33.776508,151.183347,36,0,2,1,3,0,0,0,2,0,7,60,1,5929,5929,1,5,5,2,0,0,0,1
1264393,2,2021,2021,8,1,7,1052,27,69,262,0,1,2,-32.905898,151.691906,48,0,2,0,3,0,0,3,2,0,7,60,2,14295,14295,3,0,5,3,0,0,1,0
1264396,1,2021,2021,0,6,2,3371,17,6,3342,0,1,2,-29.393187,153.239633,18,1,0,1,3,0,0,0,0,0,7,100,2,1391,1391,1,5,10,2,0,0,0,1
1264401,2,2021,2021,8,1,3,50,36,14,43,0,1,1,-36.438979,148.524601,65,2,1,0,0,0,1,6,2,0,7,80,2,3775,3775,0,0,0,2,0,0,1,0
1264406,1,2021,2021,7,5,4,133,17,7,121,0,1,1,-36.442439,149.237699,65,1,0,0,0,0,0,0,2,0,7,100,2,418,714,5,16,40,1,0,0,0,1
1264408,1,2021,2021,3,1,8,478,17,118,480,0,1,9,-33.426043,151.287686,16,2,2,1,3,0,0,0,2,2,7,70,2,14295,14295,3,0,0,2,0,0,0,1
1264413,4,2021,2021,8,0,2,1104,14,247,962,0,1,3,-33.813331,150.952266,21,0,2,1,2,0,0,0,1,0,7,90,2,1282,1282,1,29,5,4,0,1,0,0
1264422,2,2021,2021,3,2,5,21,27,26,11,0,1,1,-32.745089,151.388098,17,2,1,1,0,0,3,4,2,0,7,80,1,1669,1669,3,10,13,2,0,0,1,0
1264423,2,2021,2021,8,1,6,2,27,11,34609,0,1,1,-33.786538,151.215278,77,0,2,0,1,0,0,0,2,0,7,50,0,2585,4009,8,0,40,1,0,0,1,0
1264427,2,2021,2021,7,0,0,51,31,23,34609,0,1,1,-34.394363,150.880842,80,0,2,1,2,0,3,4,0,0,7,50,0,9859,9859,1,5,36,3,0,0,1,0
1264429,1,2021,2021,3,1,3,5,31,111,34609,0,1,7,-33.918165,151.252461,59,0,2,1,2,0,0,0,1,0,0,50,0,14295,14295,3,5,19,2,0,0,0,1
1264431,2,2021,2021,7,1,4,16,27,11,10,0,1,1,-35.882929,148.46395,65,2,1,0,0,0,0,0,2,0,7,60,0,4552,5151,8,16,40,1,0,0,1,0
1264432,4,2021,2021,8,2,9,69,31,646,563,0,1,10,-33.921388,151.039274,15,0,2,1,2,0,0,0,0,2,7,70,2,1282,1282,1,5,5,2,0,1,0,0
1264434,2,2021,2021,0,1,10,13,1,29,34609,1,0,1,-33.919944,150.894537,41,0,2,1,2,0,0,0,0,0,7,50,0,9859,9859,1,5,13,2,0,0,1,1
1264435,4,2021,2021,7,5,9,13,10,74,12,0,1,9,-33.726002,151.035604,31,0,2,1,0,0,3,4,0,0,7,60,1,1220,1220,9,30,28,2,0,1,0,0
1264436,2,2021,2021,0,1,5,283,27,91,702,0,1,9,-33.956664,151.086891,25,0,2,1,0,0,0,0,2,0,7,60,2,1669,1669,3,5,5,3,0,0,1,0
1264438,2,2021,2021,7,6,10,11,27,18,34609,0,1,2,-34.503022,150.804193,80,0,2,0,2,0,0,0,0,0,7,60,0,1957,4009,1,5,5,2,0,0,1,0
1264441,1,2021,2021,7,3,10,57,31,77,321,0,1,9,-33.886507,151.202103,69,0,2,1,2,0,0,0,0,2,7,50,2,515,515,1,16,27,2,0,0,0,2
1264442,4,2021,2021,3,6,10,3371,17,24,3342,0,1,2,-32.53219,152.183013,43,1,0,1,0,0,0,0,0,0,7,110,2,204,204,1,29,12,2,0,1,0,0
1264443,4,2021,2021,8,2,7,6,27,253,34609,0,1,1,-33.957511,151.10424,25,0,2,1,1,0,0,0,2,0,7,50,0,9859,9859,1,16,36,3,0,1,0,0
1264444,4,2021,2021,7,4,8,193,27,32,41,0,1,9,-33.980497,151.124714,25,0,2,1,1,0,0,0,3,0,0,60,1,5929,5929,1,0,13,2,0,1,1,0
1264445,2,2021,2021,3,3,11,2209,17,7,2205,0,1,2,-34.751085,150.783577,35,1,0,0,0,0,0,0,0,0,7,100,2,2585,4009,8,16,40,1,0,0,1,0
1264446,4,2021,2021,7,5,7,23,27,37,47,0,1,1,-34.668154,150.712242,35,2,1,0,0,0,0,0,2,0,7,60,1,1850,1463,5,5,40,1,0,1,0,0
1264448,2,2021,2021,0,1,5,91,27,119,187,0,1,10,-33.874993,151.15605,32,0,2,1,1,0,0,0,2,2,9,70,2,2040,2040,9,5,28,2,0,0,2,0
1264449,2,2021,2021,0,3,8,1104,14,149,962,0,1,3,-33.817114,150.968865,21,0,2,1,2,0,0,0,2,0,7,90,2,14295,14295,3,10,0,2,0,0,1,1
1264452,4,2021,2021,3,1,4,83,27,90,17,0,1,7,-33.711769,150.310349,8,2,2,1,2,0,3,4,2,0,0,50,1,2585,777,8,5,40,2,0,2,0,0
1264453,1,2021,2021,7,5,10,117,27,72,144,0,1,9,-33.845978,151.089479,14,0,2,1,2,0,0,0,0,0,7,60,2,14295,14295,3,10,0,3,0,0,0,2
1264455,1,2021,2021,7,0,7,4,31,68,34609,0,1,1,-34.843589,148.908597,82,2,1,1,0,0,0,3,2,0,7,50,0,248,248,1,10,13,2,0,0,0,1
1264456,1,2021,2021,3,2,9,1104,14,142,962,0,1,3,-33.827937,150.998233,54,0,2,0,1,0,0,0,2,0,7,90,2,14295,14295,3,21,5,3,0,0,0,1
1264459,4,2021,2021,0,6,4,1,27,10,34609,0,1,1,-33.463373,150.817972,29,2,2,0,0,2,0,0,2,0,7,60,0,1957,4009,8,10,40,1,0,1,0,0
1264460,1,2021,2021,0,0,7,162,31,65,122,0,1,2,-34.495299,150.888847,80,0,2,1,2,0,0,0,2,0,7,70,2,14295,14295,3,0,0,3,0,0,0,2
1264464,1,2021,2021,8,2,9,7,27,10,34609,0,1,1,-28.412498,153.532503,72,2,1,0,3,0,3,0,0,0,7,80,0,273,957,5,5,40,1,0,0,0,1
1264465,4,2021,2021,7,0,8,112,17,207,112,0,1,1,-32.045995,141.191277,51,1,0,0,0,0,0,0,2,0,7,110,2,1850,1463,5,10,40,1,0,1,0,0
1264467,4,2021,2021,7,5,6,12,31,176,34609,0,1,10,-33.964953,151.135064,25,0,2,1,1,0,0,0,2,2,9,50,0,2040,2040,9,5,28,2,0,1,0,0
1264468,2,2021,2021,0,4,3,2126,17,7,2149,0,1,1,-33.42436,149.666671,3,1,0,1,0,0,0,1,1,0,7,100,2,3775,3775,0,10,13,2,0,0,1,0
1264469,1,2021,2021,7,5,9,62,10,122,62,0,1,10,-33.42728,151.344223,16,2,2,1,1,0,0,0,3,2,9,50,2,2852,2852,4,5,13,2,0,0,0,1
1264471,4,2021,2021,0,6,9,1,31,201,34609,0,1,1,-34.890754,150.614875,63,2,1,1,2,0,0,0,0,0,7,50,0,368,368,9,30,28,2,0,1,0,0
1264473,4,2021,2021,0,6,4,5,10,316,34609,0,1,1,-31.454403,152.91665,56,2,1,0,1,0,0,0,2,0,7,40,0,18,18,2,5,5,2,0,1,0,0
1264475,1,2021,2021,8,1,5,916,17,172,917,0,1,2,-32.763009,151.596826,42,2,1,1,0,0,0,0,2,0,7,60,2,14295,14295,3,16,0,2,0,0,0,1
1264485,1,2021,2021,8,3,9,68,27,157,67,1,0,1,-33.793005,151.000473,54,0,2,1,3,0,0,0,0,0,7,60,1,5929,5929,1,10,5,2,0,0,0,1
1264488,1,2021,2021,8,4,8,168,10,100,260,0,1,9,-33.954345,151.159015,4,0,2,1,3,0,0,0,0,0,7,60,2,14295,14295,3,0,5,2,0,0,0,1
1264489,1,2021,2021,8,6,8,2209,17,95,2205,0,1,2,-34.405002,150.892488,80,0,2,0,3,0,3,4,3,0,7,80,2,14295,14295,3,5,36,2,0,0,0,1
1264491,2,2021,2021,8,2,11,11,31,117,34609,0,1,1,-28.174273,153.544561,72,2,1,1,3,0,3,3,0,0,7,50,0,9859,9859,1,5,5,2,0,0,1,0
1264494,1,2021,2021,8,0,8,2209,17,51,2205,0,1,2,-34.468686,150.826054,80,0,2,1,3,0,0,0,2,0,7,70,1,14295,14295,3,5,5,2,0,0,0,1
1264495,2,2021,2021,8,4,7,3371,17,49,3342,0,1,10,-33.199432,151.522604,16,2,2,1,3,0,0,0,2,2,7,80,2,14295,14295,3,10,5,2,0,0,1,0