Crash ID,Degree of crash - detailed,Reporting year,Year of crash,Month of crash,Day of week of crash,Two-hour intervals,Street of crash,Street type,Town,Route no.,School zone location,School zone active,Type of location,Latitude,Longitude,LGA,Urbanisation,Conurbation 1,Alignment,Street lighting,Road surface,Surface condition,Weather,Natural lighting,Signals operation,Other traffic control,Speed limit,Road classification,RUM - code,DCA - code,First impact type,Key TU type,Other TU type,No. of traffic units involved,No. killed,No. seriously injured,No. moderately injured,No. minor-other injured
1264497,2,2021,2021,8,4,2,225,17,8,180,0,1,1,-34.578946,150.723987,62,0,2,0,3,0,0,0,0,0,7,90,2,1089,1089,7,10,40,1,0,0,1,0
1264498,1,2021,2021,8,0,11,220,14,67,220,0,1,3,-34.425029,150.868208,80,0,2,0,2,0,0,0,0,0,7,90,2,1957,4009,8,5,40,1,0,0,0,1
1264508,2,2021,2021,8,2,8,37,27,58,34609,0,1,1,-33.243254,151.399757,16,2,2,1,0,0,0,0,0,0,7,80,0,1089,1089,7,15,40,1,0,0,1,0
1264509,1,2021,2021,0,6,10,2261,17,49,2252,0,1,2,-34.746506,149.769735,26,1,0,0,0,0,0,0,0,0,7,110,2,14295,14295,3,29,2,2,0,0,0,1
1264511,2,2021,2021,8,3,5,1,18,2,34609,0,1,1,-32.524435,148.78846,22,1,0,1,0,0,0,0,2,0,7,100,0,1192,1192,1,16,19,2,0,0,2,0
1264519,4,2021,2021,8,1,7,49,27,91,47,0,1,7,-33.995022,150.875885,13,0,2,1,1,0,0,0,2,0,0,60,1,6545,6545,4,33,27,2,0,1,0,0
1264522,4,2021,2021,8,6,9,1,1,228,34609,0,1,1,-34.735326,149.721812,26,2,1,1,3,0,0,0,0,0,7,50,0,340,340,9,5,28,2,0,1,0,0
1264524,2,2021,2021,8,0,3,78,31,176,34609,0,1,9,-33.972435,151.141619,4,0,2,1,0,0,0,0,2,0,7,50,0,2852,2852,4,0,27,2,0,0,1,0
1264526,2,2021,2021,7,0,2,57,27,155,75,0,1,9,-33.497208,151.302872,16,2,2,1,3,0,0,0,0,0,7,60,1,4552,985,8,16,40,1,0,0,1,0
1264529,2,2021,2021,8,1,10,19,31,166,34609,1,0,4,-33.428288,149.569752,3,2,1,0,2,0,0,0,0,0,7,50,0,2585,4009,8,0,40,1,0,0,1,0
1264532,4,2021,2021,7,5,5,866,17,71,793,0,1,2,-33.835068,150.95886,21,0,2,1,1,0,0,0,2,0,7,70,2,14295,14295,3,10,12,3,0,1,0,1
1264533,2,2021,2021,8,4,6,79,31,562,34609,0,1,10,-32.245515,148.606642,22,2,1,1,1,0,0,0,2,2,7,50,0,6545,6545,4,10,0,2,0,0,1,0
1264534,2,2021,2021,7,5,3,222,27,54,40,0,1,1,-33.639809,150.885246,29,2,2,1,0,0,3,4,0,0,7,80,1,9859,9859,8,8,40,1,0,0,1,0
1264538,2,2021,2021,7,1,3,12,1,134,34609,0,1,10,-33.983681,150.803574,12,0,2,1,1,0,0,0,2,0,7,50,0,1220,1220,9,30,28,2,0,0,1,0
1264562,4,2021,2021,3,3,8,829,27,159,770,0,1,2,-33.807201,151.085255,61,0,2,1,2,0,0,0,2,0,7,60,2,1220,1220,9,5,28,2,0,1,0,0
1264563,2,2021,2021,7,6,5,30,10,19,30,0,1,1,-33.302156,151.235721,16,2,2,1,0,0,0,0,2,0,7,80,1,3775,3775,0,9,10,2,0,0,1,0
1264564,4,2021,2021,0,5,7,171,31,50,34609,0,1,1,-34.343806,150.915439,80,0,2,1,1,0,0,0,2,0,7,50,0,9859,9859,1,0,5,4,0,1,1,1
1264565,4,2021,2021,7,6,6,3371,17,14,3342,0,1,9,-33.055016,151.654854,37,0,2,0,1,0,0,0,2,0,7,60,2,2585,4009,8,16,40,1,0,1,0,0
1264566,2,2021,2021,0,1,11,2261,17,68,2252,0,1,2,-34.793491,148.867494,82,1,0,0,0,0,0,0,0,0,7,110,2,14295,14295,3,9,36,2,0,0,2,0
1264579,2,2021,2021,0,6,8,105,27,67,109,0,1,9,-33.878132,150.893158,24,0,2,1,1,0,3,3,2,0,7,60,1,14295,14295,3,10,0,3,0,0,1,0
1264580,1,2021,2021,7,0,3,42,31,127,96,0,1,4,-33.89428,151.150996,32,0,2,0,1,0,0,0,2,0,7,60,2,1957,4009,8,22,40,1,0,0,0,1
1264581,2,2021,2021,7,4,7,85,27,85,6,0,1,9,-33.742318,151.115209,36,0,2,1,0,0,0,0,2,0,7,50,1,1109,787,1,5,5,2,0,0,1,1
1264582,4,2021,2021,0,1,8,205,27,45,415,0,1,2,-33.700469,151.213045,50,0,2,1,3,0,0,0,2,0,7,80,2,1383,1383,1,10,0,2,0,1,0,0
1264585,4,2021,2021,0,1,9,296,27,187,293,0,1,10,-33.881886,150.977495,15,0,2,1,2,0,0,0,0,2,7,60,2,5929,5929,1,30,18,2,0,1,0,0
1264586,2,2021,2021,3,4,3,224,27,102,321,0,1,1,-33.945906,151.197214,4,0,2,1,3,0,0,0,2,0,7,50,2,941,941,1,5,5,2,0,0,1,0
1264588,4,2021,2021,8,1,8,60,27,101,262,0,1,2,-32.903108,151.627798,37,0,2,1,0,0,0,0,3,0,7,90,2,1383,1383,1,5,0,2,0,1,0,1
1264589,4,2021,2021,8,2,11,162,31,29,34609,0,1,1,-32.871412,151.688509,48,0,2,1,2,0,0,0,0,0,7,50,0,4026,4026,8,10,40,1,0,1,0,0
1264590,2,2021,2021,7,0,8,102,31,293,28,0,1,10,-33.917483,151.050287,15,0,2,0,1,0,0,0,2,2,7,60,1,1957,4009,8,5,40,1,0,0,1,0
1264591,2,2021,2021,7,2,7,829,1,337,35,0,1,7,-33.726719,150.977679,71,0,2,1,1,0,0,0,2,0,0,50,1,2040,2040,9,5,28,2,0,0,1,0
1264592,4,2021,2021,0,3,6,62,10,55,169,0,1,7,-32.830608,151.527956,17,2,1,0,1,0,0,0,2,0,0,60,2,6545,6545,4,0,19,2,0,1,0,0
1264594,2,2021,2021,7,1,4,1,1,52,34609,0,1,1,-33.264835,151.464699,16,2,2,1,0,0,3,4,2,0,7,50,0,1981,1981,4,5,5,3,0,0,1,0
1264596,2,2021,2021,7,3,5,4,31,87,34609,1,0,7,-28.8047,153.286138,39,2,1,1,0,0,3,4,2,0,0,50,0,6545,6545,4,10,5,2,0,0,1,0
1264598,2,2021,2021,0,3,11,2,27,562,34609,0,1,1,-32.24429,148.717437,22,1,0,1,0,0,0,0,0,0,7,100,0,4026,4026,8,10,40,1,0,0,1,0
1264599,2,2021,2021,0,0,8,12,27,159,34609,0,1,1,-33.807754,151.09427,61,0,2,1,1,0,0,0,2,0,7,50,0,4026,4026,8,0,40,1,0,0,1,0
1264600,2,2021,2021,0,0,9,481,17,27,483,0,1,1,-32.457843,148.347248,51,1,0,0,3,0,0,0,3,0,7,110,2,782,957,5,0,40,1,0,0,1,0
1264601,4,2021,2021,0,5,8,132,31,174,126,0,1,10,-33.888649,151.198898,69,0,2,0,1,0,0,0,2,2,7,50,2,2040,2040,9,5,28,2,0,1,0,0
1264602,2,2021,2021,7,1,3,16,27,90,34609,0,1,9,-33.889442,151.24947,81,0,2,1,1,0,0,0,2,2,9,50,0,2040,2040,9,9,28,2,0,0,1,0
1264603,1,2021,2021,8,1,3,1,31,28,34609,0,1,0,-28.687187,153.523129,10,2,1,0,1,0,0,0,2,0,7,50,0,121,121,9,5,28,2,0,0,0,1
1264604,4,2021,2021,0,5,9,13,27,3,34609,0,1,1,-33.826538,151.175872,38,0,2,1,2,0,0,0,0,0,7,50,0,941,941,1,5,18,2,0,1,0,0
1264606,4,2021,2021,0,2,8,1,27,11,34609,0,1,1,-33.123955,151.168929,17,2,1,0,0,0,0,0,3,0,7,80,0,1850,1463,5,16,40,1,0,1,0,0
1264607,4,2021,2021,7,2,9,35,31,41,34609,0,1,9,-33.866261,150.980911,24,0,2,1,2,0,0,0,3,0,0,50,0,2852,2852,4,0,5,2,0,1,0,0
1264609,4,2021,2021,0,2,11,2209,17,19,2205,0,1,1,-34.803632,150.656109,63,2,1,0,0,0,0,0,0,0,7,80,2,3775,3775,0,10,13,3,0,1,0,1
1264610,2,2021,2021,0,1,7,3371,17,21,3342,0,1,2,-31.629504,152.725821,56,1,0,0,0,0,0,0,2,0,7,110,2,2585,4009,8,30,40,2,0,0,2,0
1264611,2,2021,2021,0,6,3,2261,17,68,2252,0,1,2,-34.776567,148.726668,82,1,0,1,3,0,0,0,2,0,7,110,2,14295,14295,3,29,35,2,0,0,1,0
1264612,1,2021,2021,0,5,7,101,10,112,34609,0,1,9,-36.061588,146.920706,0,2,1,1,1,0,0,0,2,0,7,50,0,3775,3775,0,5,0,2,0,0,0,2
1264613,1,2021,2021,0,0,7,283,27,129,702,0,1,9,-33.93422,151.073559,15,0,2,1,2,0,0,0,2,2,7,60,2,14295,14295,3,5,0,2,0,0,0,1
1264615,1,2021,2021,7,0,7,56,10,433,41,0,1,1,-33.280851,149.075279,52,2,1,1,1,0,0,0,2,0,7,50,1,9859,9859,1,30,36,2,0,0,0,1
1264616,2,2021,2021,8,1,7,1104,14,460,962,0,1,3,-33.822003,150.985523,21,0,2,1,1,0,0,0,2,0,7,90,2,14295,14295,3,0,5,2,0,0,1,0
1264617,4,2021,2021,0,4,5,2,27,10,34609,0,1,1,-30.3343,153.073342,19,2,1,0,0,0,0,0,2,0,7,50,0,3775,3775,0,34,0,2,0,1,1,0
1264618,4,2021,2021,0,3,1,133,10,316,121,0,1,7,-31.468151,152.90889,56,2,1,1,2,0,0,0,0,0,0,70,1,4026,4026,8,16,40,1,0,1,0,0
1264619,2,2021,2021,0,2,5,84,10,39,80,0,1,9,-34.316501,150.919931,80,0,2,1,3,0,0,0,2,0,15,50,2,14295,14295,3,5,5,2,0,0,1,0
1264620,4,2021,2021,7,3,3,62,10,55,169,0,1,1,-32.826262,151.54081,17,1,0,1,0,0,0,0,1,0,7,100,2,4026,4026,8,5,40,1,0,1,0,0
1264623,4,2021,2021,8,6,6,13,31,438,7,0,1,1,-33.847989,151.019719,21,0,2,1,1,0,0,3,2,0,7,50,1,9859,9859,1,5,36,3,0,1,0,0
1264625,4,2021,2021,7,6,7,1104,14,113,962,0,1,3,-33.783116,150.75565,55,0,2,1,1,0,0,0,2,0,7,110,2,204,204,1,16,5,2,0,1,0,0
1264627,4,2021,2021,0,2,8,265,17,30,193,0,1,1,-34.87335,147.569338,51,2,1,1,0,0,0,0,2,0,7,80,2,9859,9859,1,22,19,2,0,2,0,0
1264629,2,2021,2021,8,2,7,11,1,72,74,0,1,10,-33.846378,151.096156,14,0,2,1,0,0,0,0,2,0,0,50,1,6545,6545,4,10,27,2,0,0,1,0
1264632,4,2021,2021,8,5,4,2,23,69,34609,0,1,10,-32.934891,151.757135,48,0,2,1,1,0,0,0,2,0,15,40,0,6545,6545,4,0,36,2,0,1,0,0
1264636,1,2021,2021,8,5,4,3371,17,58,3342,0,1,9,-32.791425,151.724769,57,2,1,1,1,0,0,0,2,2,7,80,2,5929,5929,1,0,12,2,0,0,0,1
1264639,2,2021,2021,0,6,11,3,1,293,34609,0,1,9,-33.934286,151.045021,15,0,2,1,2,0,0,0,0,0,7,50,0,3775,3775,0,5,5,2,0,0,1,1
1264647,2,2021,2021,8,0,2,2126,17,218,2149,0,1,10,-33.773147,150.786671,55,0,2,1,2,0,0,0,0,2,9,60,2,2040,2040,9,5,26,2,0,0,1,0
1264650,2,2021,2021,3,3,7,61,27,53,208,1,0,9,-33.847867,150.961881,21,0,2,1,0,0,0,0,2,0,7,60,1,945,945,5,16,40,1,0,0,1,0
1264654,1,2021,2021,0,1,6,330,27,53,605,0,1,2,-33.737467,151.30258,50,0,2,1,0,0,0,0,2,0,7,60,2,14295,14295,3,10,5,2,0,0,0,1
1264655,1,2021,2021,8,5,7,26,27,131,115,0,1,1,-33.775361,151.182452,36,0,2,1,1,0,0,0,2,2,9,60,1,340,340,9,5,28,2,0,0,0,1
1264657,1,2021,2020,2,0,6,4,27,4,34609,0,1,1,-28.359344,153.505195,72,2,1,0,0,2,0,0,2,0,7,80,0,782,957,5,0,40,1,0,0,0,1
1264659,2,2021,2021,8,0,8,133,31,49,34609,0,1,10,-32.992503,151.682676,37,0,2,1,2,0,0,0,3,2,7,50,0,5929,5929,1,5,5,2,0,0,2,0
1264661,1,2021,2020,1,3,8,12,27,83,34609,0,1,1,-34.473054,150.463731,78,2,1,0,0,0,0,0,2,0,7,80,0,1957,4009,8,0,40,1,0,0,0,2
1264662,2,2021,2021,0,6,7,49,27,246,15,0,1,10,-33.897629,151.195544,69,0,2,1,1,0,0,0,2,2,7,50,1,1850,777,5,16,40,1,0,0,1,0
1264664,1,2021,2020,9,4,3,330,27,121,102,0,1,5,-33.787928,151.284516,50,0,2,1,1,0,0,0,2,2,7,50,2,1282,1282,1,0,19,2,0,0,0,1
1264666,2,2021,2021,0,4,7,68,31,73,331,0,1,7,-34.18586,150.606323,79,2,2,1,0,0,0,0,2,0,0,60,1,5929,5929,1,5,5,2,0,0,1,0
1264667,2,2021,2021,8,3,5,1,27,10,34609,0,1,1,-29.489858,153.101115,18,2,1,0,0,2,1,5,2,0,7,20,0,121,121,9,31,28,2,0,0,1,0
1264668,2,2021,2021,0,4,2,222,27,29,165,0,1,9,-33.972237,151.075394,25,0,2,1,2,0,0,0,1,0,7,50,1,2040,2040,9,10,28,2,0,0,1,0
1264670,4,2021,2021,7,0,6,213,17,7,213,0,1,1,-29.481324,152.446544,18,1,0,0,0,0,0,0,2,0,7,100,2,3775,3775,0,8,35,2,0,1,1,2
1264671,1,2021,2021,8,4,9,829,27,165,770,0,1,10,-33.856187,151.15943,14,0,2,1,2,0,3,4,3,2,7,60,2,1220,1220,9,33,28,2,0,0,0,1
1264674,1,2021,2021,8,5,4,168,17,42,212,0,1,7,-35.350122,149.240818,58,2,1,1,0,0,3,3,2,0,0,60,2,2852,2852,4,33,27,2,0,0,0,1
1264678,4,2021,2021,0,0,7,171,27,60,369,0,1,9,-34.036846,150.733753,12,0,2,1,3,1,2,6,2,2,7,60,2,5929,5929,1,5,0,2,0,1,0,0
1264679,4,2021,2021,0,1,4,1104,14,44,962,0,1,3,-33.763771,150.640209,8,2,2,1,0,0,0,0,2,0,7,70,2,14295,14295,3,21,5,3,0,1,1,0
1264683,1,2021,2021,8,3,5,2126,17,445,2149,0,1,1,-33.850312,151.052752,21,0,2,1,3,0,0,0,2,0,7,60,2,623,623,3,5,0,2,0,0,0,2
1264686,1,2021,2021,8,1,8,57,31,36,143,0,1,1,-34.457668,149.46982,74,2,1,1,3,0,0,0,2,0,9,50,2,2040,2040,9,5,28,2,0,0,0,1
1264691,1,2021,2021,8,0,9,866,17,149,793,0,1,10,-33.817644,150.962465,21,0,2,1,3,0,0,0,0,2,7,70,2,14295,14295,3,5,5,3,0,0,0,1
1264692,1,2021,2021,8,4,8,165,31,128,369,0,1,9,-33.626148,150.797697,29,2,2,1,3,0,0,0,0,0,15,60,2,6545,6545,4,10,5,2,0,0,0,1
1264693,1,2021,2021,8,1,4,2209,17,115,2205,0,1,9,-34.03167,151.066934,68,0,2,1,3,0,0,0,2,2,7,70,2,14295,14295,3,29,5,2,0,0,0,1
1264695,2,2021,2021,3,4,11,3371,17,32,3342,0,1,2,-31.93916,152.47991,43,1,0,1,3,0,3,4,0,0,7,110,2,4026,4026,8,5,40,1,0,0,1,0
1264702,1,2021,2021,8,5,6,3,1,18,34609,0,1,10,-33.820228,151.10304,61,0,2,1,3,0,3,4,2,0,0,50,0,6545,6545,4,5,5,2,0,0,0,1
1264706,1,2021,2021,8,2,9,76,32,646,34609,0,1,0,-33.917318,151.036461,15,0,2,1,3,0,0,0,3,0,7,40,0,14295,14295,3,5,5,3,0,0,0,1
1264708,1,2021,2021,8,2,4,72,27,121,102,0,1,9,-33.796052,151.280096,50,0,2,1,3,0,0,0,2,0,7,60,2,5929,5929,1,5,19,2,0,0,0,1
1264718,1,2021,2021,8,2,4,71,36,3,8,0,1,9,-31.110075,145.910365,51,1,0,1,3,0,0,0,2,0,7,110,2,14295,14295,3,0,0,2,0,0,0,1
1264719,1,2021,2021,0,1,3,134,10,69,133,0,1,9,-33.82128,151.021557,54,0,2,1,3,0,3,0,2,0,7,70,2,14295,14295,3,5,5,2,0,0,0,1
1264724,1,2021,2021,8,5,7,118,27,646,118,0,1,10,-33.925304,151.030594,15,0,2,1,3,2,0,0,2,0,7,60,1,301,301,4,30,12,2,0,0,0,1
1264725,1,2021,2021,8,0,3,38,27,53,38,0,1,9,-33.364647,151.448471,16,2,2,1,3,0,0,0,2,0,7,50,1,301,301,4,0,5,2,0,0,0,1
1264728,1,2021,2021,7,3,5,12,27,197,22,0,1,1,-33.79245,151.129078,61,0,2,1,3,0,3,3,2,0,7,60,1,14295,14295,3,5,5,2,0,0,0,1
1264735,1,2021,2021,0,2,9,177,31,314,208,0,1,10,-33.861977,150.93895,24,0,2,1,3,0,0,0,0,2,7,60,1,1282,1282,1,22,5,2,0,0,0,1
1264738,1,2021,2021,8,5,3,348,27,169,100,0,1,10,-33.602005,150.733855,29,2,2,1,3,0,3,4,2,0,15,60,2,6545,6545,4,10,0,2,0,0,0,1
1264742,2,2021,2021,7,6,6,24,31,237,34609,0,1,10,-33.871025,150.953339,24,0,2,1,3,0,0,0,2,2,7,40,0,5929,5929,1,5,0,2,0,0,1,0
1264745,2,2021,2021,7,3,6,485,27,232,769,0,1,9,-33.700066,150.928791,71,0,2,1,3,0,0,0,2,1,7,80,2,926,926,4,5,5,2,0,0,1,0
1264747,1,2021,2021,8,4,3,153,27,197,147,0,1,9,-33.956233,151.077025,25,0,2,1,3,0,0,0,2,0,7,60,2,14295,14295,3,5,0,2,0,0,0,1
1264749,1,2021,2021,6,6,5,84,27,60,32,0,1,1,-33.828959,151.139361,51,0,2,1,3,0,0,0,2,0,7,60,1,14295,14295,3,5,13,2,0,0,0,1
1264755,1,2021,2021,8,6,7,20,23,252,16,0,1,1,-33.928023,150.888064,41,0,2,1,3,0,0,0,2,0,7,60,0,5929,5929,1,21,5,2,0,0,0,1
1264759,1,2021,2021,8,0,5,37,31,125,34609,0,1,1,-33.826703,151.126532,61,0,2,1,3,0,0,0,2,0,7,60,0,238,238,9,8,28,2,0,0,0,1
1264768,2,2021,2021,7,3,7,6,27,58,34609,0,1,10,-32.979095,151.670056,37,0,2,1,3,0,0,0,2,0,7,50,0,14295,14295,3,5,5,2,0,0,1,0
1264773,1,2021,2021,6,5,4,37,23,443,78,0,1,1,-33.907337,151.061301,15,0,2,1,3,0,0,0,2,0,7,60,2,14295,14295,3,0,5,3,0,0,0,1
1264774,1,2021,2021,8,6,9,515,14,294,518,0,1,3,-33.940049,150.928168,41,0,2,1,3,0,0,0,0,0,7,100,2,14295,14295,3,5,5,3,0,0,0,1
1264777,4,2021,2021,8,2,6,109,27,460,106,0,1,9,-33.833714,150.976164,21,0,2,1,3,0,0,0,2,0,0,60,1,1391,1391,1,0,5,2,0,1,0,0
1264780,2,2021,2021,6,5,8,177,22,49,176,0,1,2,-34.048927,151.144026,68,0,2,1,3,0,0,0,2,0,7,60,2,1391,1391,1,9,0,3,0,0,1,0
1264781,1,2021,2021,8,2,6,106,27,31,106,0,1,9,-33.927493,150.886124,41,0,2,1,3,0,0,0,2,0,2,70,2,775,775,4,5,5,2,0,0,0,1
1264783,1,2021,2021,8,0,3,5,27,337,34609,0,1,9,-33.723674,151.015667,71,0,2,1,3,0,0,0,2,0,7,50,0,5929,5929,1,10,5,2,0,0,0,1
1264784,1,2021,2021,8,2,11,7,31,438,34609,1,0,1,-33.857112,151.031775,21,0,2,1,3,0,0,0,0,0,7,50,0,2585,777,8,30,40,1,0,0,0,2
1264786,4,2021,2021,3,0,4,12,7,174,34609,0,1,1,-33.862431,150.92381,24,0,2,0,3,0,0,0,2,0,7,50,0,3775,3775,0,5,5,2,0,1,0,0
1264787,2,2021,2021,6,0,7,168,10,100,260,0,1,9,-33.957187,151.157991,4,0,2,1,3,0,0,0,2,0,7,60,2,14295,14295,3,5,5,2,0,0,1,0
1264792,2,2021,2021,6,0,7,3371,17,104,3342,0,1,2,-32.838364,151.6886,48,0,2,1,3,0,3,4,2,0,7,80,2,941,941,1,10,13,5,0,0,1,0
1264793,1,2021,2021,8,4,4,866,17,187,793,0,1,9,-33.79425,150.983293,54,0,2,1,3,0,0,0,2,2,7,70,2,1391,1391,1,0,5,2,0,0,0,1
1264797,1,2021,2021,8,4,5,15,27,115,34609,0,1,1,-34.024917,151.077732,68,0,2,1,3,0,0,0,2,0,7,50,0,1981,1981,4,9,5,3,0,0,0,1
1264799,1,2021,2021,8,2,4,2126,17,149,2149,0,1,10,-33.814572,150.96463,21,0,2,1,3,0,0,0,2,2,7,80,2,14295,14295,3,5,0,2,0,0,0,1
1264801,1,2021,2021,8,6,8,6,27,89,34609,0,1,10,-33.381763,151.480576,16,2,2,1,1,0,0,0,2,0,0,50,0,2852,2852,4,5,27,2,0,0,0,1
1264802,2,2021,2021,7,4,10,2126,17,33,2149,0,1,2,-33.496951,150.132254,40,2,1,0,0,0,3,4,0,0,7,70,2,121,121,9,5,28,2,0,0,1,0
1264808,1,2021,2021,8,0,9,829,27,125,770,0,1,9,-33.828148,151.126525,61,0,2,1,3,0,0,0,0,0,7,60,2,14295,14295,3,10,0,3,0,0,0,1
1264811,2,2021,2021,8,3,9,175,27,609,220,0,1,9,-33.752703,150.915401,7,0,2,1,2,0,0,0,0,2,7,70,2,5929,5929,1,5,5,2,0,0,1,0
1264817,2,2021,2021,8,4,7,515,14,60,518,0,1,3,-33.942299,150.94353,41,0,2,1,1,0,0,0,2,0,7,100,2,14295,14295,3,5,12,3,0,0,1,0
1264819,2,2021,2021,8,3,7,11,27,309,34609,1,0,1,-33.817293,151.121252,61,0,2,1,1,0,0,0,2,0,7,50,0,5929,5929,1,19,0,2,0,0,1,1
1264820,4,2021,2021,8,6,5,31,27,210,34609,0,1,10,-34.021988,151.104984,68,0,2,1,1,0,0,0,2,0,0,50,0,6545,6545,4,5,0,2,0,1,0,0
1264823,4,2021,2021,6,6,3,234,27,112,217,0,1,9,-33.699309,151.015704,71,0,2,1,1,0,0,0,2,0,7,60,2,2040,2040,9,10,28,2,0,1,0,0
1264824,4,2021,2021,8,2,0,5,27,96,34609,0,1,1,-33.298414,148.012386,51,2,1,1,0,0,0,0,0,0,7,80,0,475,475,5,5,40,1,0,2,2,1
1264828,2,2021,2021,8,2,7,8,1,29,34609,0,1,1,-33.976224,151.083849,25,0,2,1,0,0,0,0,2,0,7,50,0,5929,5929,1,5,5,2,0,0,1,0
1264830,4,2021,2021,8,6,11,3,27,125,34609,0,1,1,-33.817547,151.124797,61,0,2,1,2,0,3,4,0,0,7,50,0,9859,9859,1,5,5,3,0,1,0,0
1264831,4,2021,2021,8,2,6,1,31,112,34609,0,1,10,-36.052096,146.929993,0,2,1,1,0,0,0,0,2,0,0,60,0,6545,6545,4,5,13,2,0,1,1,0
1264832,4,2021,2021,8,5,2,41,10,117,34609,0,1,1,-28.186618,153.527371,72,2,1,1,2,0,0,0,1,0,7,50,0,1981,1981,4,30,27,2,0,1,0,0
1264834,2,2021,2021,0,5,9,1104,14,142,962,0,1,6,-33.826734,151.003625,54,0,2,1,0,0,0,0,0,0,7,60,2,14295,14295,3,0,5,3,0,0,1,0
1264836,2,2021,2021,8,3,4,1,27,9,34609,0,1,1,-34.929881,149.84998,26,1,0,1,0,2,0,0,2,0,7,100,0,1945,1945,5,16,40,1,0,0,1,0
1264837,4,2021,2021,0,0,1,90,36,7,102,0,1,1,-34.539184,148.302213,30,1,0,1,0,0,0,0,0,0,7,100,2,9859,9859,8,10,40,1,0,1,0,0
1264838,4,2021,2021,8,1,3,2,27,98,260,0,1,1,-33.016875,151.586612,37,0,2,0,0,0,0,0,2,0,7,60,2,1850,1463,5,16,40,1,0,1,0,0
1264841,4,2021,2021,7,6,7,5,1,22,34609,0,1,9,-35.172016,150.585231,63,2,1,1,0,1,2,6,2,0,7,50,0,1282,1282,1,16,19,2,0,2,0,0
1264842,1,2021,2021,7,4,4,255,27,160,260,0,1,9,-33.092691,151.497719,37,0,2,1,1,0,3,4,2,0,15,80,2,14295,14295,3,5,25,2,0,0,0,1
1264843,4,2021,2021,8,1,5,13,27,3,61,0,1,9,-33.82541,151.174705,38,0,2,0,1,0,0,0,2,0,0,50,1,1850,1463,5,16,40,1,0,1,0,0
1264844,4,2021,2021,7,4,9,213,17,13,213,0,1,1,-29.547179,150.553118,51,1,0,0,0,0,0,0,0,0,7,100,2,1850,1463,5,16,40,1,0,1,0,0
1264845,1,2021,2021,8,4,3,205,27,45,415,0,1,2,-33.700916,151.212107,50,0,2,1,0,0,0,0,1,0,7,80,2,14295,14295,3,9,13,2,0,0,0,1
1264846,2,2021,2021,8,4,8,126,1,226,144,0,1,2,-33.766406,150.817063,7,0,2,1,2,0,0,0,3,1,0,60,2,1945,1945,5,16,40,1,0,0,1,0
1264848,4,2021,2021,8,1,3,829,27,123,770,0,1,2,-33.80824,151.067773,54,0,2,1,1,0,0,0,2,0,7,70,2,14295,14295,3,5,0,3,0,1,1,0
1264852,2,2021,2021,7,1,4,111,27,14,233,1,2,2,-33.955151,151.230097,4,0,2,0,0,0,0,0,2,0,7,40,2,14295,14295,3,5,5,4,0,0,2,0
1264854,2,2021,2021,7,6,7,191,17,562,189,0,1,7,-32.244399,148.614505,22,2,1,1,0,0,0,0,2,0,0,60,2,1192,1192,1,8,5,2,0,0,1,0
1264855,2,2021,2021,8,2,8,161,17,13,161,0,1,1,-36.637798,149.758267,5,1,0,0,0,0,0,0,3,0,7,100,2,1259,5151,8,5,40,1,0,0,1,0
1264858,2,2021,2021,8,6,6,387,27,115,331,0,1,10,-33.958885,151.063904,25,0,2,1,1,0,0,0,2,2,7,60,2,5929,5929,1,30,0,3,0,0,2,0
1264863,4,2021,2021,7,1,8,280,10,46,240,0,1,1,-33.880358,150.966466,24,0,2,1,1,0,0,0,2,0,7,60,2,3775,3775,0,5,5,2,0,1,1,0
1264864,2,2021,2021,6,5,3,478,17,58,480,0,1,2,-33.432974,151.305988,16,2,2,0,0,0,0,6,1,0,7,60,2,782,957,5,16,40,1,0,0,1,0
1264870,2,2021,2021,8,0,6,14,1,16,34609,0,1,9,-33.748915,150.745139,55,0,2,1,1,0,0,0,2,0,0,50,0,5929,5929,1,5,0,2,0,0,1,0
1264872,4,2021,2021,8,4,8,2261,17,284,2252,1,0,2,-33.905491,151.013331,15,0,2,1,2,0,0,0,3,2,9,70,2,591,591,1,18,13,2,0,1,0,0
1264873,2,2021,2021,0,0,5,48,31,121,102,0,1,10,-33.795535,151.285196,50,0,2,1,2,0,0,0,2,2,9,50,2,1850,985,5,16,40,1,0,0,1,0
1264874,2,2021,2021,8,1,4,2,27,13,34609,0,1,1,-33.509642,149.9106,40,2,1,0,0,0,3,3,2,0,7,80,0,782,957,5,9,40,1,0,0,1,1
1264878,4,2021,2021,0,1,3,25,27,98,34609,0,1,10,-33.738226,151.058121,31,0,2,1,0,0,0,0,1,0,15,50,0,6545,6545,4,5,36,2,0,1,1,0
1264880,4,2021,2021,8,1,8,1,10,87,34609,0,1,9,-33.063857,151.46258,37,0,2,1,1,0,0,0,0,0,0,50,0,1945,1945,5,22,40,1,0,1,0,0
1264881,2,2021,2021,3,0,11,6,27,14,34609,0,1,9,-28.315796,153.434082,72,2,1,1,2,0,0,0,0,0,15,60,0,312,312,2,16,40,1,0,0,1,0
1264884,4,2021,2021,0,3,5,481,17,15,483,0,1,9,-34.351218,146.917619,51,1,0,1,0,0,0,0,2,0,7,110,2,4026,4026,8,5,40,1,0,1,0,0
1264885,2,2021,2021,3,2,10,177,31,162,208,0,1,9,-33.857895,150.908691,24,0,2,1,2,0,0,0,0,0,15,60,1,3775,3775,0,0,0,2,0,0,1,0