Crash ID,Degree of crash - detailed,Reporting year,Year of crash,Month of crash,Day of week of crash,Two-hour intervals,Street of crash,Street type,Town,Route no.,School zone location,School zone active,Type of location,Latitude,Longitude,LGA,Urbanisation,Conurbation 1,Alignment,Street lighting,Road surface,Surface condition,Weather,Natural lighting,Signals operation,Other traffic control,Speed limit,Road classification,RUM - code,DCA - code,First impact type,Key TU type,Other TU type,No. of traffic units involved,No. killed,No. seriously injured,No. moderately injured,No. minor-other injured
1264886,4,2021,2021,0,1,7,2261,17,14,2252,0,1,3,-34.446697,150.384628,78,1,0,1,1,0,0,0,2,0,7,110,2,14295,14295,3,3,2,3,0,1,2,0
1264888,4,2021,2021,8,0,5,118,17,29,118,0,1,1,-30.738763,150.068822,51,1,0,1,0,0,0,0,2,0,7,100,2,5929,5929,1,5,40,2,0,1,0,0
1264889,2,2021,2021,0,1,7,8,31,149,34609,0,1,1,-33.86064,151.172231,32,0,2,1,0,0,0,0,2,0,7,40,0,4026,4026,8,5,40,1,0,0,1,0
1264893,2,2021,2021,7,4,7,3,10,75,34609,0,1,1,-32.772474,151.644894,42,2,1,0,1,0,3,4,2,0,7,50,0,4552,5151,8,34,40,1,0,0,1,0
1264894,2,2021,2021,8,1,9,51,31,85,34609,1,0,1,-34.57173,150.772965,62,0,2,1,2,0,0,0,0,0,7,50,0,1981,1981,4,5,5,2,0,0,1,0
1264895,2,2021,2021,0,3,5,3,7,24,30,0,1,9,-33.903974,150.887465,41,0,2,1,0,0,0,0,2,0,7,60,1,1957,777,8,5,40,1,0,0,3,0
1264900,2,2021,2021,8,1,8,25,31,169,147,0,1,1,-28.640134,153.605239,10,2,1,1,1,0,0,0,2,0,7,50,1,14295,14295,3,5,0,2,0,0,2,0
1264906,4,2021,2021,0,4,7,5,27,44,34609,0,1,1,-32.381899,152.197218,43,2,1,1,0,0,0,0,2,0,7,80,0,3775,3775,0,5,37,2,0,1,0,0
1264909,4,2021,2021,8,4,8,8,27,43,38,0,1,1,-33.776845,151.264852,50,0,2,1,2,0,0,0,3,0,7,60,1,1981,1981,4,0,19,2,0,1,0,0
1264910,2,2021,2021,8,6,3,22,10,19,34609,0,1,1,-28.808573,153.525149,2,2,1,0,0,0,3,0,1,0,7,80,0,2585,4009,8,5,40,1,0,0,1,0
1264911,2,2021,2021,0,4,4,2261,17,243,2252,0,1,9,-33.957832,150.887135,41,0,2,0,0,0,0,0,2,2,7,70,2,14295,14295,3,8,0,3,0,0,1,0
1264915,1,2021,2021,8,1,8,866,17,314,793,0,1,10,-33.847874,150.947099,21,0,2,1,1,0,0,0,3,2,7,70,2,14295,14295,3,5,5,2,0,0,0,1
1264917,2,2021,2021,8,0,10,82,31,179,369,1,0,10,-33.754285,150.712782,55,0,2,1,2,0,0,0,0,2,7,70,2,1220,1220,9,33,28,2,0,0,1,0
1264921,4,2021,2021,8,6,4,20,27,137,34609,0,1,1,-33.912042,151.211465,69,0,2,1,0,0,0,0,2,0,7,50,0,1669,1669,3,16,5,2,0,1,0,0
1264923,2,2021,2021,8,1,8,234,27,337,217,0,1,1,-33.745132,150.996049,71,0,2,1,2,0,0,0,3,0,7,60,2,9859,9859,8,0,40,1,0,0,1,0
1264924,2,2021,2021,8,1,9,38,27,438,34609,0,1,7,-33.851753,151.031479,21,0,2,1,2,0,0,0,0,0,0,40,0,6545,6545,4,0,27,2,0,0,1,0
1264929,4,2021,2021,0,4,11,1052,14,57,928,0,1,3,-33.679219,151.120117,31,0,2,1,0,0,0,0,0,0,7,110,2,14295,14295,3,0,35,2,0,1,0,0
1264930,1,2021,2021,8,2,5,117,1,210,121,0,1,9,-34.041589,151.111651,68,0,2,1,3,0,0,0,2,2,0,60,1,5929,5929,1,5,5,2,0,0,0,1
1264933,4,2021,2021,7,1,4,7,31,105,34609,0,1,1,-32.594291,149.595067,44,2,1,1,1,0,0,0,2,0,7,50,0,9859,9859,8,0,40,1,0,1,0,1
1264934,4,2021,2021,0,6,11,44,31,228,34609,0,1,1,-34.752846,149.697444,26,2,1,1,2,0,0,0,0,0,7,50,0,9859,9859,1,5,19,3,0,1,0,0
1264937,2,2021,2021,7,0,3,175,27,55,220,0,1,9,-33.743321,150.916971,7,0,2,1,1,2,0,0,2,2,15,70,2,5929,5929,1,9,36,2,0,0,1,0
1264938,2,2021,2021,7,3,0,89,27,182,228,0,1,1,-32.843871,151.333909,17,2,1,1,2,0,0,0,0,0,7,60,1,9859,9859,1,10,12,3,0,0,1,0
1264939,2,2021,2021,8,5,6,40,31,24,34609,0,1,10,-32.006977,151.957969,43,2,1,1,1,0,0,0,2,0,7,50,0,2040,2040,9,10,28,2,0,0,1,0
1264944,4,2021,2021,7,5,9,2,23,55,34609,0,1,1,-33.857128,151.279945,81,0,2,0,1,0,0,0,2,0,7,50,0,387,387,1,22,5,2,0,1,0,0
1264947,2,2021,2021,8,2,9,11,27,134,34609,0,1,10,-33.960133,150.787018,12,0,2,1,2,0,0,0,0,0,7,70,0,1109,397,1,5,5,2,0,0,1,0
1264948,2,2021,2021,8,4,7,14,1,64,34609,0,1,1,-33.955468,151.003876,15,0,2,0,1,0,0,0,2,0,7,50,0,4552,5151,1,30,5,2,0,0,1,0
1264950,2,2021,2021,7,4,8,500,27,271,799,0,1,1,-33.935471,151.023874,15,0,2,1,1,0,0,6,2,0,7,70,2,14295,14295,3,0,13,3,0,0,2,0
1264954,1,2021,2021,7,1,9,829,27,9,770,0,1,10,-33.840147,151.13636,51,0,2,0,3,0,3,4,3,2,7,70,2,14295,14295,3,9,5,2,0,0,0,1
1264955,2,2021,2021,6,4,5,478,17,20,480,0,1,1,-33.283952,151.552332,16,2,2,1,3,0,3,3,2,0,7,80,2,945,945,5,5,40,1,0,0,1,0
1264956,1,2021,2021,8,6,7,829,27,149,770,0,1,11,-33.868878,151.176197,32,0,2,1,3,0,0,0,2,2,7,60,2,14295,14295,3,5,5,2,0,0,0,1
1264957,1,2021,2021,8,1,10,475,10,37,268,0,1,1,-33.868699,150.717353,41,0,2,0,3,0,0,0,0,0,7,80,2,14295,14295,3,5,5,2,0,0,0,1
1264964,1,2021,2021,8,4,8,866,17,278,793,0,1,2,-33.778879,151.052128,54,0,2,1,3,0,0,0,3,0,7,60,2,14295,14295,3,5,13,2,0,0,0,2
1264968,1,2021,2021,8,2,10,177,31,174,208,0,1,1,-33.861155,150.932832,24,0,2,1,3,0,0,0,0,0,7,60,1,14295,14295,3,5,5,3,0,0,0,1
1264974,1,2021,2021,8,5,3,41,27,120,154,0,1,9,-33.767784,150.863846,7,0,2,1,3,0,0,0,2,2,7,60,1,1391,1391,1,5,36,2,0,0,0,1
1264977,1,2021,2021,8,3,5,50,31,82,34609,0,1,1,-34.371868,150.895627,80,0,2,1,3,0,0,0,2,0,7,50,0,5929,5929,1,5,5,2,0,0,0,1
1264979,1,2021,2021,8,2,10,55,27,151,160,0,1,10,-34.02358,150.850463,13,0,2,1,3,0,0,0,0,0,0,60,2,5929,5929,1,34,19,2,0,0,0,1
1264980,1,2021,2021,8,2,0,829,27,149,770,0,1,9,-33.868983,151.176374,32,0,2,0,3,0,0,0,0,2,7,40,2,14295,14295,3,0,0,3,0,0,0,1
1264981,1,2021,2021,8,5,8,60,27,101,262,0,1,7,-32.902859,151.622481,37,0,2,1,3,0,0,0,3,0,7,90,2,14295,14295,3,5,36,2,0,0,0,1
1264984,1,2021,2021,8,2,5,5,27,226,34609,0,1,1,-33.769871,150.81257,7,0,2,1,3,0,0,0,2,0,7,40,0,312,312,2,30,40,1,0,0,0,1
1264986,1,2021,2021,6,5,7,9,1,271,11,0,1,7,-33.95118,151.025528,15,0,2,0,3,0,0,0,2,0,0,60,1,6545,6545,4,5,5,2,0,0,0,1
1264987,1,2021,2021,8,5,3,2126,17,80,2149,0,1,9,-33.746889,150.672555,55,0,2,0,3,0,3,1,1,3,7,60,2,14295,14295,3,5,41,2,0,0,0,1
1264988,1,2021,2021,8,2,7,296,27,290,293,0,1,10,-33.855751,150.995008,21,0,2,1,3,0,0,0,2,3,7,70,2,14295,14295,3,0,0,2,0,0,0,1
1264995,1,2021,2021,8,1,4,33,31,57,34609,0,1,1,-32.817879,151.481891,17,2,1,1,3,0,0,0,2,0,7,50,0,14295,14295,3,0,13,2,0,0,0,1
1264997,1,2021,2021,6,4,4,14,10,10,34609,0,1,1,-34.012743,151.061053,68,0,2,0,3,0,0,3,2,0,7,50,0,3775,3775,0,5,0,2,0,0,0,1
1265001,1,2021,2021,0,4,8,40,27,94,40,0,1,1,-33.883481,150.922701,24,0,2,1,0,0,0,0,2,0,7,60,1,312,312,2,6,40,1,0,0,0,1
1265010,1,2021,2021,0,5,3,515,14,166,518,0,1,3,-33.94462,150.981332,15,0,2,1,2,0,0,0,1,0,7,100,2,14295,14295,3,9,5,4,0,0,0,1
1265011,2,2021,2021,8,5,5,68,27,98,208,0,1,10,-33.744367,151.063702,31,0,2,1,1,0,0,0,2,0,15,60,2,775,775,4,5,13,2,0,0,1,0
1265012,2,2021,2021,8,0,8,3371,17,104,3342,0,1,2,-32.852628,151.700969,48,0,2,1,2,0,3,3,3,0,7,80,2,14295,14295,3,5,0,3,0,0,1,1
1265013,2,2021,2021,8,0,8,293,10,5,172,0,1,9,-33.002852,151.643268,37,0,2,1,2,0,0,0,0,0,0,70,2,1945,1945,5,16,40,1,0,0,1,0
1265016,2,2021,2021,8,0,8,4,18,123,34609,0,1,1,-33.8795,151.224167,81,0,2,1,1,0,0,0,0,0,7,40,0,368,368,9,8,28,2,0,0,1,0
1265018,1,2021,2021,8,4,7,10,31,198,34609,0,1,7,-33.915077,151.098915,15,0,2,1,2,0,0,0,2,0,0,50,0,623,623,3,5,5,2,0,0,0,1
1265020,4,2021,2021,8,5,7,9,1,28,260,0,1,7,-32.945115,151.622801,37,0,2,0,1,0,0,0,2,0,0,60,2,782,957,5,29,40,1,0,1,0,0
1265021,1,2021,2021,8,1,6,481,17,10,483,0,1,1,-31.45145,149.019156,51,1,0,0,0,0,0,0,2,0,7,100,2,941,941,1,10,0,2,0,0,0,1
1265024,2,2021,2021,0,2,7,330,27,121,102,1,0,1,-33.786769,151.281501,50,0,2,1,1,0,0,0,2,0,7,50,2,1945,1945,5,15,40,1,0,0,1,0
1265026,2,2021,2021,8,6,6,3371,17,225,3342,1,0,9,-33.798521,151.178627,77,0,2,1,1,0,0,0,2,0,7,60,2,5929,5929,1,15,0,2,0,0,1,0
1265027,2,2021,2021,8,5,9,95,31,346,59,0,1,9,-33.869957,151.069229,67,0,2,1,2,0,0,0,0,0,15,50,1,2040,2040,9,9,28,2,0,0,1,0
1265032,2,2021,2021,7,2,5,9,1,57,34609,0,1,1,-33.338247,151.438148,16,2,2,1,0,0,0,0,2,0,7,50,0,1109,787,1,5,0,2,0,0,1,1
1265033,4,2021,2021,8,2,6,31,31,174,34609,0,1,10,-33.875465,150.936417,24,0,2,1,1,0,0,0,2,0,0,50,0,6545,6545,4,5,5,2,0,1,0,0
1265036,2,2021,2021,8,6,9,10,27,25,80,0,1,9,-33.007165,151.715876,37,0,2,1,2,0,0,0,0,0,0,60,1,4026,4026,8,10,40,1,0,0,1,0
1265037,2,2021,2021,7,0,7,107,22,346,144,1,2,9,-33.874712,151.093837,9,0,2,1,1,0,0,0,2,2,7,40,2,5929,5929,1,5,5,2,0,0,1,0
1265038,1,2021,2021,6,5,5,866,17,187,793,0,1,2,-33.796662,150.987043,54,0,2,0,1,0,0,0,2,0,7,70,2,14295,14295,3,33,5,2,0,0,0,1
1265040,2,2021,2021,8,6,2,43,27,61,76,0,1,2,-32.924163,151.730773,48,0,2,1,2,0,0,0,1,0,7,60,1,9859,9859,8,0,40,1,0,0,1,0
1265043,2,2021,2021,8,3,5,103,27,34,98,0,1,1,-32.771261,150.920446,64,2,1,0,0,0,0,3,2,0,7,80,2,368,368,9,16,28,2,0,0,1,1
1265045,2,2021,2021,8,1,11,5,27,17,34609,0,1,1,-34.899316,150.632475,63,2,1,0,1,0,0,0,0,0,7,60,0,4552,5151,8,5,40,1,0,0,1,0
1265047,4,2021,2021,8,1,4,120,36,10,148,0,1,1,-30.533191,151.83396,1,1,0,0,0,0,0,1,2,0,7,100,2,3775,3775,0,8,0,2,0,1,0,1
1265050,4,2021,2021,7,4,8,24,1,123,34609,0,1,7,-33.917582,151.223953,59,0,2,1,0,0,0,0,2,0,0,50,0,926,926,4,22,5,2,0,1,0,0
1265057,2,2021,2021,0,4,3,42,27,52,38,0,1,9,-33.905503,151.268464,76,0,2,0,1,0,0,0,2,0,7,50,1,941,941,1,5,27,2,0,0,1,0
1265058,4,2021,2021,8,0,6,3371,17,40,3342,0,1,9,-31.52774,152.791594,56,1,0,1,0,0,2,6,2,0,15,110,2,2852,2852,4,30,5,2,0,1,0,0
1265061,4,2021,2021,8,2,7,2,18,9,34609,0,1,10,-32.548298,149.609318,44,2,1,1,0,0,0,0,2,0,0,50,0,6545,6545,4,5,13,2,0,1,2,0
1265065,4,2021,2021,8,0,5,3371,17,14,3342,1,0,9,-33.729129,151.122126,36,0,2,1,0,0,0,0,2,0,7,60,2,1282,1282,1,5,19,2,0,1,0,0
1265066,2,2021,2021,7,5,7,48,27,106,34609,0,1,9,-34.563483,150.802668,62,0,2,1,1,0,0,0,2,0,0,50,0,14295,14295,3,30,12,2,0,0,1,0
1265067,4,2021,2021,0,0,4,7,27,21,81,0,1,9,-32.090335,152.478379,43,2,1,1,1,0,0,0,2,0,15,80,2,2852,2852,4,0,0,3,0,1,0,0
1265068,2,2021,2021,8,5,6,13,27,11,34609,1,0,1,-33.985283,151.098144,25,0,2,1,1,0,3,4,2,0,7,50,0,9859,9859,1,5,5,2,0,0,1,0
1265069,4,2021,2021,7,0,5,3371,17,20,3342,0,1,2,-29.548296,153.170945,18,1,0,1,1,0,0,0,2,0,7,110,2,14295,14295,3,3,10,3,0,1,2,1
1265070,1,2021,2021,7,5,9,106,27,523,106,0,1,1,-33.928334,150.913511,41,0,2,1,2,0,3,4,3,0,7,60,2,14295,14295,3,5,5,2,0,0,0,1
1265073,1,2021,2021,8,6,8,1,27,346,34609,0,1,1,-33.886515,151.073947,67,0,2,1,2,0,0,0,0,0,7,50,0,237,162,8,30,40,1,0,0,0,1
1265074,2,2021,2021,3,6,7,178,27,189,101,0,1,1,-33.954107,151.051581,25,0,2,1,1,0,0,0,2,0,7,50,1,941,941,1,5,5,2,0,0,2,0
1265081,4,2021,2021,8,2,0,7,31,77,42,0,1,1,-32.942996,151.757711,48,0,2,1,2,0,0,0,0,0,7,50,1,190,190,1,0,5,2,0,1,0,0
1265082,1,2021,2021,8,4,11,27,17,39,34609,0,1,1,-29.810082,153.032433,18,2,1,0,0,0,0,0,0,0,7,80,0,1089,1089,7,16,40,1,0,0,0,1
1265085,1,2021,2021,0,0,6,15,1,363,16,0,1,7,-33.747194,150.704094,55,0,2,1,1,0,0,0,2,0,0,50,1,5929,5929,1,5,12,2,0,0,0,1
1265087,4,2021,2021,8,3,8,866,17,61,793,0,1,10,-33.893154,150.922375,24,0,2,1,1,0,3,4,0,2,7,70,2,14295,14295,3,5,5,2,0,1,0,0
1265095,4,2021,2021,8,6,2,7,31,101,34609,0,1,1,-32.893799,151.607816,37,0,2,1,0,0,0,0,0,0,7,60,0,1109,787,1,10,5,2,0,1,0,0
1265097,4,2021,2021,8,2,5,117,27,78,144,0,1,2,-33.865858,151.093858,14,0,2,1,1,0,0,0,2,0,7,60,2,14295,14295,3,15,0,2,0,1,0,0
1265100,4,2021,2021,7,3,10,126,1,226,144,0,1,2,-33.7633,150.817437,7,0,2,1,2,0,3,3,0,0,7,60,2,9859,9859,8,5,40,1,0,1,0,0
1265101,2,2021,2021,8,4,3,22,27,173,34609,0,1,1,-33.880789,151.218511,69,0,2,1,1,0,0,0,2,0,7,40,0,1192,1192,1,30,27,2,0,0,1,0
1265106,4,2021,2021,7,1,11,1,27,7,34609,0,1,1,-29.764526,148.684842,51,1,0,1,0,2,3,0,0,0,7,100,0,1945,1945,5,10,40,1,0,2,1,0
1265108,2,2021,2021,7,2,7,50,36,14,43,0,1,1,-36.43563,148.544504,65,1,0,0,0,0,3,4,2,0,7,100,2,2585,4009,8,16,40,1,0,0,1,0
1265109,2,2021,2021,8,1,7,3371,17,41,3342,0,1,2,-32.818754,151.691769,57,2,1,1,1,0,0,0,2,0,7,80,2,14295,14295,3,30,0,2,0,0,1,0
1265110,2,2021,2021,8,4,7,1,31,18,34609,0,1,1,-32.948,151.662374,37,0,2,1,1,0,2,6,2,0,7,50,0,9859,9859,8,0,40,3,0,0,2,0
1265111,2,2021,2021,0,3,5,44,31,228,39,0,1,10,-34.757822,149.709572,26,2,1,1,0,0,0,0,2,0,0,60,2,5929,5929,1,0,5,2,0,0,1,0
1265112,2,2021,2021,8,4,7,2209,17,204,2205,0,1,10,-33.94387,151.142458,4,0,2,1,1,0,0,0,2,0,0,60,2,515,515,1,16,0,2,0,0,1,0
1265115,2,2021,2021,8,2,6,47,27,19,15,0,1,1,-33.358387,148.274456,51,1,0,1,0,0,0,0,2,0,7,100,1,4026,4026,8,5,40,1,0,0,2,0
1265116,2,2021,2021,0,6,4,224,27,102,321,0,1,1,-33.953704,151.202806,4,0,2,1,0,0,0,0,2,0,7,50,2,248,248,1,5,5,2,0,0,1,0
1265117,4,2021,2021,8,5,4,162,31,83,13,0,1,9,-33.908964,151.119846,15,0,2,0,1,0,0,0,2,0,0,50,1,5929,5929,1,5,19,2,0,1,0,0
1265121,1,2021,2021,7,6,8,21,27,43,34609,0,1,1,-33.55815,150.790688,29,2,2,1,0,0,0,0,2,0,7,60,0,623,623,3,0,0,2,0,0,0,1
1265122,4,2021,2021,7,3,1,5,31,314,34609,0,1,1,-33.846247,150.959462,21,0,2,1,2,0,3,4,0,0,7,50,0,78,78,8,5,40,1,0,1,0,0
1265123,2,2021,2021,7,1,2,6,1,239,34609,0,1,9,-34.035363,151.125,68,0,2,1,0,0,0,0,0,0,0,50,0,515,515,1,5,27,2,0,0,2,0
1265124,1,2021,2021,7,3,10,6,1,182,34609,0,1,9,-32.824679,151.372458,17,2,1,1,2,0,0,0,0,0,7,50,0,2852,2852,4,5,0,2,0,0,0,1
1265126,2,2021,2021,7,5,3,2126,17,139,2149,0,1,9,-33.884688,151.135667,32,0,2,1,1,0,0,0,2,2,7,60,2,2852,2852,4,0,0,3,0,0,1,0
1265128,2,2021,2021,8,3,3,30,27,32,39,0,1,9,-35.358476,149.280153,58,2,1,0,0,0,0,0,2,0,7,80,1,1957,4009,8,5,40,1,0,0,1,0
1265131,1,2021,2021,0,2,9,56,23,129,144,0,1,9,-33.893161,151.090575,9,0,2,1,2,0,0,0,0,0,7,60,2,2852,2852,4,5,5,2,0,0,0,1
1265132,2,2021,2021,0,0,6,296,27,290,293,0,1,2,-33.860699,150.993251,21,0,2,1,1,0,0,0,2,0,7,70,2,1282,1282,1,5,18,2,0,0,1,0
1265134,2,2021,2021,8,5,8,95,27,42,605,0,1,10,-33.65989,151.316983,50,0,2,1,2,0,0,0,3,0,0,60,2,5929,5929,1,0,5,2,0,0,1,0
1265142,1,2021,2021,7,1,8,100,31,363,38,0,1,10,-33.806235,151.002279,54,0,2,1,1,0,0,0,2,2,7,60,1,14295,14295,3,9,5,2,0,0,0,1
1265144,4,2021,2021,7,6,8,16,31,134,34609,0,1,10,-33.680976,150.875218,7,0,2,1,1,0,0,0,2,0,15,50,0,5929,5929,1,5,5,2,0,2,0,0
1265145,4,2021,2021,0,3,7,220,27,323,222,0,1,1,-33.767673,150.958832,71,0,2,1,0,0,0,0,2,0,7,80,2,3775,3775,0,5,5,2,0,1,1,0
1265146,4,2021,2021,7,6,4,106,27,523,106,0,1,9,-33.926918,150.903137,41,0,2,1,3,0,2,6,2,2,9,70,2,395,395,1,5,22,2,0,1,5,2
1265147,2,2021,2021,0,1,10,3,27,3,34609,0,1,1,-34.76526,150.703958,63,2,1,1,0,0,0,0,0,0,7,60,0,9859,9859,8,5,40,1,0,0,1,0
1265153,2,2021,2021,3,2,1,11,18,18,17,0,1,1,-30.952837,152.968821,34,2,1,0,0,0,0,0,0,0,7,80,1,4552,5151,8,5,40,1,0,0,2,0
1265154,4,2021,2021,0,2,9,134,10,69,133,0,1,10,-33.819288,151.021833,54,0,2,1,2,0,0,0,3,2,7,70,2,5929,5929,1,5,5,2,0,1,0,1
1265156,4,2021,2021,8,3,7,6,31,92,34609,1,0,1,-33.876981,150.970998,24,0,2,1,1,0,0,0,2,0,7,50,0,340,340,9,0,28,2,0,1,0,0
1265157,4,2021,2021,0,6,5,53,27,21,34609,0,1,1,-35.73676,150.195993,23,2,1,1,1,0,0,0,2,0,7,50,0,9859,9859,8,5,40,1,0,1,0,0
1265160,4,2021,2021,8,6,7,13,27,24,61,0,1,1,-33.824464,151.172935,38,0,2,0,1,0,3,0,2,0,7,50,1,3775,3775,0,0,0,2,0,2,0,0
1265161,2,2021,2021,7,3,0,205,27,45,415,0,1,2,-33.689127,151.225136,50,0,2,1,2,0,3,4,0,0,7,80,2,4026,4026,8,5,40,1,0,0,1,0
1265166,2,2021,2021,0,6,4,78,27,147,74,0,1,9,-33.861171,151.130724,14,0,2,1,1,0,0,0,2,0,9,50,1,515,515,1,10,27,2,0,0,1,0
1265170,1,2021,2021,7,1,6,68,27,110,67,1,0,1,-33.775074,151.02268,54,0,2,1,1,0,3,4,2,0,7,60,1,1981,1981,4,30,5,2,0,0,0,1
1265172,2,2021,2021,0,4,3,56,23,64,34609,0,1,10,-33.892521,151.090335,67,0,2,1,0,0,0,0,2,0,15,50,0,6545,6545,4,5,5,2,0,0,1,0
1265173,2,2021,2021,8,3,7,1,31,75,34609,1,0,10,-32.779502,151.641887,42,2,1,1,1,0,0,0,2,0,15,50,0,6545,6545,4,16,13,2,0,0,1,0
1265174,4,2021,2021,0,1,6,1104,14,247,962,0,1,3,-33.81362,150.952923,21,0,2,1,0,0,0,0,2,0,7,90,2,14295,14295,3,0,13,4,0,1,1,1
1265175,2,2021,2021,0,0,11,14,18,18,34609,0,1,1,-31.130642,150.948927,70,2,1,1,2,0,0,0,0,0,7,60,0,4026,4026,8,5,40,1,0,0,2,0
1265176,1,2021,2021,0,0,5,5,27,293,34609,0,1,1,-33.939131,151.257183,59,0,2,1,3,0,0,0,2,0,7,50,0,941,941,1,5,5,2,0,0,0,1
1265177,4,2021,2021,0,0,3,7,10,96,49,0,1,7,-34.046095,150.831711,13,0,2,1,1,0,0,0,2,0,0,60,1,256,256,4,5,35,2,0,1,0,0
1265178,4,2021,2021,0,5,9,42,27,33,56,0,1,9,-33.901097,151.244021,76,0,2,1,2,0,0,0,0,0,7,50,1,5929,5929,1,0,18,2,0,1,1,0
1265181,2,2021,2021,0,6,6,2261,17,187,2252,0,1,9,-33.888713,150.969588,24,0,2,0,1,0,0,0,2,2,7,70,2,1192,1192,1,16,12,3,0,0,1,0
1265182,2,2021,2021,8,5,3,475,31,25,34609,1,0,1,-31.708644,148.665185,51,2,1,1,1,0,0,0,2,0,7,50,0,9859,9859,8,5,40,1,0,0,1,0
1265187,2,2021,2021,8,4,9,22,27,6,26,0,1,1,-34.916421,147.283712,75,1,0,1,0,0,0,3,0,0,7,100,1,404,404,8,0,40,1,0,0,1,0
1265188,4,2021,2021,8,4,7,23,27,61,21,0,1,9,-33.745203,150.89416,7,0,2,1,1,0,0,0,2,3,7,60,1,5929,5929,1,5,0,2,0,1,0,0
1265191,4,2021,2021,0,4,9,192,27,94,14,0,1,9,-33.876893,150.916212,24,0,2,1,2,0,0,0,0,0,7,50,1,2040,2040,9,5,28,2,0,1,0,0
1265193,2,2021,2021,8,2,7,5,18,33,34609,0,1,9,-33.801614,151.094442,61,0,2,0,0,0,0,0,2,0,0,10,0,6545,6545,4,15,5,2,0,0,1,0
1265197,4,2021,2021,8,0,10,3371,17,104,3342,0,1,2,-32.848248,151.695265,48,0,2,1,2,0,0,0,0,0,7,80,2,9859,9859,1,0,10,6,0,1,0,0
1265204,4,2021,2021,7,0,9,1052,14,77,928,0,1,3,-33.524767,151.196528,16,1,2,0,0,0,0,0,3,0,7,110,2,1259,5151,8,5,40,1,0,1,0,0
1265205,2,2021,2021,7,4,3,916,17,165,917,0,1,2,-32.357197,150.964628,46,1,0,0,0,0,0,0,2,0,7,100,2,1957,4009,8,5,40,2,0,0,1,0
1265210,4,2021,2021,8,5,6,115,27,20,173,0,1,2,-34.321358,150.758057,80,0,2,0,0,0,3,4,2,0,7,100,2,4552,5151,8,5,40,2,0,1,0,0
1265214,2,2021,2021,0,2,8,39,31,271,21,0,1,1,-33.942977,151.003347,15,0,2,1,0,0,0,0,3,0,7,60,1,9859,9859,1,0,13,2,0,0,1,0
1265218,2,2021,2021,8,1,11,4,10,316,34609,0,1,1,-31.473187,152.933339,56,2,1,0,2,0,0,0,0,0,7,50,0,4552,5151,8,5,40,1,0,0,1,0
1265219,4,2021,2021,8,2,0,293,27,78,34609,0,1,1,-33.696607,150.549343,8,2,2,1,2,0,0,0,0,0,7,50,0,9859,9859,1,0,13,2,0,1,0,0
1265220,4,2021,2021,7,1,8,103,36,5,103,0,1,1,-32.017633,152.05214,43,2,1,0,0,0,3,4,2,0,7,80,1,3775,3775,0,5,0,2,0,1,1,0
1265221,2,2021,2021,0,0,4,14,31,103,34609,0,1,1,-34.312223,148.293093,30,2,1,1,1,0,0,0,2,0,7,50,0,9859,9859,1,5,13,3,0,0,1,0
1265222,4,2021,2021,0,2,7,2,27,3,34609,0,1,1,-35.621551,150.30659,63,2,1,0,0,0,0,0,2,0,7,60,0,2585,4009,8,5,40,1,0,1,3,0
1265224,2,2021,2021,7,1,4,232,36,134,331,0,1,2,-33.969882,150.814014,12,0,2,1,0,0,0,0,2,0,7,60,2,404,404,8,0,40,1,0,0,1,0
1265225,1,2021,2021,7,2,10,296,27,290,293,0,1,10,-33.855762,150.995112,21,0,2,1,2,0,0,0,0,2,7,70,2,6545,6545,4,5,0,2,0,0,0,1
1265228,2,2021,2021,7,6,0,3,27,202,34609,0,1,10,-33.949337,151.02977,15,0,2,1,2,0,0,0,0,0,15,40,0,9859,9859,8,5,40,1,0,0,1,0
1265229,2,2021,2021,0,1,10,475,10,83,268,0,1,10,-33.883488,150.864563,24,0,2,1,2,0,0,0,0,2,7,70,2,2852,2852,4,5,0,5,0,0,1,1
1265230,4,2021,2021,0,4,9,2,27,26,34609,0,1,1,-33.670123,150.618943,8,2,2,1,2,0,0,0,0,0,7,50,0,9859,9859,1,34,13,4,0,1,0,0
1265232,4,2021,2021,7,0,9,16,27,10,34609,0,1,1,-33.063156,151.576029,37,0,2,0,0,0,0,0,2,0,7,60,0,3775,3775,0,5,0,2,0,1,1,0
1265234,4,2021,2021,0,3,10,10,31,82,34609,0,1,1,-33.797702,151.258524,50,0,2,1,2,0,0,0,0,0,7,50,0,4026,4026,1,5,0,3,0,1,0,0
1265235,1,2021,2021,0,5,7,1104,14,142,962,0,1,3,-33.828033,150.999405,21,0,2,0,1,0,0,0,2,0,7,90,2,14295,14295,3,5,5,2,0,0,0,1
1265236,4,2021,2021,0,1,9,12,31,166,34609,1,0,10,-33.419461,149.570743,3,2,1,1,2,0,0,0,0,0,0,50,0,2040,2040,9,30,28,2,0,1,0,0
1265239,4,2021,2021,0,4,8,47,31,226,34609,0,1,7,-33.77122,150.811875,7,0,2,1,1,0,0,0,2,0,0,50,0,6545,6545,4,10,27,2,0,1,0,0
1265240,1,2021,2021,0,5,6,49,27,246,15,0,1,1,-33.89725,151.197058,69,0,2,1,0,0,0,0,2,0,7,50,1,1981,1981,4,0,27,2,0,0,0,1
1265241,2,2021,2021,8,6,10,67,27,165,78,0,1,1,-33.853047,151.151544,14,0,2,1,2,0,0,0,0,0,7,50,2,190,190,1,5,5,2,0,0,1,0