Crash ID,Degree of crash - detailed,Reporting year,Year of crash,Month of crash,Day of week of crash,Two-hour intervals,Street of crash,Street type,Town,Route no.,School zone location,School zone active,Type of location,Latitude,Longitude,LGA,Urbanisation,Conurbation 1,Alignment,Street lighting,Road surface,Surface condition,Weather,Natural lighting,Signals operation,Other traffic control,Speed limit,Road classification,RUM - code,DCA - code,First impact type,Key TU type,Other TU type,No. of traffic units involved,No. killed,No. seriously injured,No. moderately injured,No. minor-other injured
1265243,2,2021,2021,8,0,11,100,27,109,799,1,0,1,-33.905811,151.135094,32,0,2,1,2,0,0,0,0,0,7,60,2,3775,3775,0,0,12,3,0,0,1,0
1265244,1,2021,2021,8,1,11,133,31,646,97,0,1,9,-33.9175,151.023407,15,0,2,1,0,0,0,0,0,0,7,60,1,4026,4026,8,5,40,1,0,0,0,1
1265247,2,2021,2021,0,2,5,2126,17,21,2149,0,1,9,-33.724481,150.412756,8,2,2,1,0,0,0,0,2,0,0,80,2,6545,6545,4,10,5,2,0,0,2,0
1265252,2,2021,2021,0,5,0,3,1,103,45,0,1,9,-34.313351,148.303198,30,2,1,0,0,0,0,0,0,0,7,50,1,4552,5151,8,16,40,1,0,0,1,0
1265253,4,2021,2021,8,5,4,36,27,39,83,0,1,1,-29.429917,153.315026,18,2,1,1,0,0,0,3,2,0,7,70,1,4026,4026,8,8,40,2,0,1,0,0
1265259,1,2021,2021,0,4,2,14,31,87,34609,0,1,7,-33.690093,150.954672,71,0,2,1,3,0,0,0,0,0,8,60,0,6545,6545,4,5,5,2,0,0,0,1
1265267,1,2021,2021,8,6,9,177,22,49,176,0,1,10,-34.048355,151.14142,68,0,2,1,3,0,0,0,0,0,7,70,2,1391,1391,1,10,0,2,0,0,0,1
1265276,1,2021,2021,8,3,5,3371,17,73,3342,1,0,9,-33.773377,151.165876,36,0,2,1,3,0,0,0,2,2,7,60,2,926,926,4,30,12,2,0,0,0,1
1265279,2,2021,2021,8,3,0,11,1,10,34609,0,1,2,-34.925398,150.76228,63,2,1,0,2,0,0,0,0,0,7,50,0,1259,5151,8,5,40,1,0,0,1,1
1265284,4,2021,2021,3,4,9,4,27,103,34609,0,1,1,-34.275856,148.431387,30,2,1,0,0,2,0,0,0,0,7,60,0,4552,5151,8,10,40,1,0,1,0,0
1265286,2,2021,2021,8,1,11,104,27,443,702,0,1,2,-33.915456,151.062949,15,0,2,0,2,0,3,0,0,0,7,60,2,3775,3775,0,5,0,2,0,0,2,0
1265292,2,2021,2021,8,1,3,2261,17,112,2252,0,1,9,-33.913767,150.931688,41,0,2,1,1,0,3,0,2,2,7,70,2,14295,14295,3,29,5,2,0,0,1,0
1265295,2,2021,2021,8,6,4,293,31,532,55,0,1,10,-33.865712,151.21254,69,0,2,1,2,0,0,0,2,2,7,40,1,5929,5929,1,5,19,2,0,0,1,0
1265312,2,2021,2021,7,1,5,6,31,207,34609,0,1,10,-31.942702,141.455781,51,2,1,1,0,0,3,4,2,0,15,50,0,6545,6545,4,0,5,2,0,0,1,0
1265340,2,2021,2021,0,3,8,4,27,15,34609,0,1,2,-34.069133,150.842995,13,0,2,1,2,0,0,0,3,0,7,60,0,9859,9859,8,5,40,1,0,0,1,0
1265343,4,2021,2021,0,5,6,42,36,18,34609,0,1,9,-30.704931,152.940582,47,1,0,1,1,0,0,0,2,0,0,100,0,2852,2852,4,0,19,2,0,1,0,0
1265346,2,2021,2021,8,1,4,149,36,40,113,0,1,1,-32.038687,152.481134,43,2,1,0,0,0,0,0,2,0,7,80,1,1850,1463,5,0,40,1,0,0,1,0
1265360,2,2021,2021,0,1,4,3,31,41,34609,0,1,10,-31.087504,150.91123,70,2,1,1,1,0,0,0,2,0,0,50,0,6545,6545,4,5,13,2,0,0,1,0
1265362,1,2021,2021,8,5,5,1,1,74,34609,0,1,7,-33.721815,151.04269,31,0,2,0,1,0,3,4,2,0,0,50,0,1282,1282,1,5,40,1,0,0,0,1
1265365,2,2021,2021,0,0,8,42,10,16,172,0,1,1,-32.859828,151.541392,17,2,1,1,1,0,3,0,0,0,7,80,2,3775,3775,0,0,0,2,0,0,2,1
1265366,2,2021,2021,0,1,8,5,31,137,34609,1,0,10,-34.034098,151.059387,68,0,2,1,3,0,0,0,2,0,0,50,0,14295,14295,3,30,0,2,0,0,1,0
1265367,4,2021,2021,0,0,3,3371,17,36,3342,0,1,9,-33.623859,151.151491,31,0,2,1,1,0,0,0,2,2,15,60,2,6545,6545,4,5,36,2,0,1,0,0
1265368,2,2021,2021,8,1,7,2126,17,139,2149,0,1,2,-33.887807,151.142194,32,0,2,1,1,0,0,0,2,0,7,60,2,1282,1282,1,5,0,3,0,0,1,1
1265369,2,2021,2021,8,2,8,4,27,10,34609,1,0,9,-34.06493,151.118752,68,0,2,1,2,0,0,0,3,0,7,50,0,9859,9859,1,10,13,2,0,0,1,0
1265370,2,2021,2021,7,4,3,1,27,105,34609,0,1,1,-32.611314,149.581169,44,2,1,1,1,0,0,0,2,0,7,50,0,190,190,1,5,5,2,0,0,1,0
1265371,1,2021,2021,7,6,10,5,31,107,30,0,1,1,-33.878134,151.197984,69,0,2,1,2,0,3,3,0,0,7,50,1,237,397,1,0,5,2,0,0,0,1
1265372,2,2021,2021,0,4,7,916,17,17,917,0,1,1,-32.163293,150.890729,73,2,1,0,0,0,0,0,2,0,7,50,2,4552,5151,8,5,40,1,0,0,1,0
1265377,2,2021,2021,0,4,6,3371,17,225,3342,0,1,2,-33.791479,151.180252,77,0,2,1,0,0,0,0,2,0,7,60,2,9859,9859,8,5,40,1,0,0,1,0
1265379,2,2021,2021,8,4,9,20,31,204,244,0,1,10,-33.889989,151.117231,32,0,2,1,2,0,3,0,0,2,7,60,2,926,926,4,30,5,2,0,0,1,0
1265380,4,2021,2021,8,5,10,168,17,18,212,0,1,1,-35.57727,150.055404,23,2,1,0,0,0,0,0,0,0,7,70,2,1957,4009,8,5,40,1,0,1,0,0
1265381,4,2021,2021,8,2,11,2261,17,204,2252,0,1,9,-33.897357,150.952855,24,0,2,1,2,0,0,0,0,2,7,70,2,5929,5929,1,5,5,2,0,1,0,1
1265382,2,2021,2021,0,4,8,147,27,104,605,0,1,9,-33.831566,151.222397,49,0,2,0,1,0,0,0,2,2,7,60,2,3775,3775,0,0,5,2,0,0,5,0
1265388,2,2021,2021,8,5,3,1,27,43,34609,0,1,11,-34.142319,150.664566,79,2,2,1,0,0,0,1,1,0,0,60,0,489,489,8,0,40,1,0,0,1,1
1265391,4,2021,2021,8,6,2,125,31,438,44,0,1,9,-33.847141,151.030945,21,0,2,1,2,0,3,4,1,2,7,50,1,5929,5929,1,5,5,2,0,1,0,0
1265393,2,2021,2021,8,4,8,2261,17,32,2252,0,1,3,-34.245831,150.658573,79,1,2,1,0,0,0,0,3,0,7,110,2,1383,1383,1,3,25,2,0,0,2,0
1265394,4,2021,2021,8,2,7,3371,17,173,3342,1,0,9,-33.722104,151.118126,36,0,2,1,1,0,0,0,2,0,7,60,2,1220,1220,9,0,28,2,0,1,0,0
1265395,2,2021,2021,8,5,6,16,31,194,34609,0,1,1,-30.515932,151.662507,1,2,1,1,1,0,0,0,2,0,9,50,0,2040,2040,9,10,28,2,0,0,2,0
1265396,4,2021,2021,8,0,6,15,10,14,34609,0,1,9,-33.536377,151.285309,16,2,2,0,0,0,3,4,2,0,7,80,0,1850,1463,5,16,40,1,0,1,0,0
1265398,2,2021,2021,7,5,4,481,17,3,483,0,1,1,-34.039226,147.146882,51,1,0,1,3,0,3,4,2,0,7,110,2,945,945,5,10,40,1,0,0,1,0
1265399,4,2021,2021,7,4,4,51,31,39,34609,0,1,1,-35.305451,148.225099,66,2,1,1,1,0,0,6,2,0,7,50,0,1220,1220,9,0,28,2,0,1,0,0
1265400,2,2021,2021,0,4,7,153,27,197,147,0,1,1,-33.955637,151.078045,25,0,2,1,1,0,0,0,2,0,7,60,2,3775,3775,0,5,0,2,0,0,1,0
1265401,2,2021,2021,0,4,4,6,27,8,34609,0,1,1,-34.59167,146.464588,51,2,1,0,0,0,0,0,2,0,7,80,0,1850,1463,5,16,40,1,0,0,1,0
1265402,4,2021,2021,7,6,7,103,36,5,103,0,1,1,-31.996923,152.012749,43,1,0,0,0,0,0,0,2,0,7,90,1,3775,3775,0,5,13,2,0,2,0,0
1265404,4,2021,2021,7,5,5,16,31,58,34609,0,1,9,-33.748742,151.157183,36,0,2,1,2,0,0,0,2,0,15,50,0,515,515,1,5,27,2,0,1,0,0
1265405,2,2021,2021,8,3,1,11,1,64,11,0,1,9,-32.940162,151.690077,48,0,2,1,2,0,0,0,0,0,7,70,1,4552,985,8,0,40,1,0,0,1,0
1265407,4,2021,2021,8,4,3,192,10,29,25,0,1,7,-33.464825,151.43103,16,2,2,1,1,0,0,0,2,0,0,40,1,14295,14295,3,22,0,2,0,1,0,0
1265408,4,2021,2021,0,2,6,866,17,204,793,0,1,9,-33.901775,150.918555,24,0,2,1,1,0,0,0,2,2,7,70,2,14295,14295,3,0,5,6,0,1,1,0
1265409,4,2021,2021,8,0,3,475,31,80,75,0,1,5,-33.879797,151.209083,69,0,2,1,1,0,0,0,2,2,9,40,1,1669,1669,3,5,19,2,0,1,0,0
1265413,1,2021,2021,6,4,8,1,6,5,34609,0,1,9,-33.706041,151.164741,36,0,2,1,2,0,3,4,0,0,7,50,0,340,340,9,5,28,2,0,0,0,1
1265415,2,2021,2021,6,5,4,2209,17,11,2205,0,1,7,-35.387266,150.449336,63,2,1,1,1,0,0,0,2,0,0,60,2,926,926,4,15,12,2,0,0,1,0
1265416,2,2021,2021,8,2,2,8,27,37,34609,0,1,1,-33.022419,151.661586,37,0,2,0,2,0,0,0,0,0,7,60,0,4552,5151,8,5,40,1,0,0,1,0
1265417,2,2021,2021,7,4,6,481,17,48,483,0,1,1,-33.929438,147.188798,51,1,0,0,0,0,3,4,2,0,7,110,2,4552,5151,8,8,40,1,0,0,2,0
1265419,4,2021,2021,3,6,6,89,17,137,54,0,1,9,-34.030449,151.063735,68,0,2,1,0,0,0,0,2,0,3,70,2,1109,397,1,8,13,2,0,1,0,0
1265424,1,2021,2021,6,6,5,5,10,11,34609,0,1,9,-33.486069,151.431534,16,2,2,1,3,0,0,0,2,0,7,50,0,4026,4026,8,0,40,1,0,0,0,1
1265427,1,2021,2021,6,6,8,84,27,169,769,0,1,10,-33.595726,150.744516,29,2,2,1,3,0,0,0,0,0,15,50,2,6545,6545,4,5,5,2,0,0,0,1
1265429,4,2021,2021,8,4,3,34,31,145,34609,0,1,9,-33.929745,151.117073,15,0,2,1,1,0,0,0,1,0,7,50,0,5929,5929,1,5,25,2,0,1,1,0
1265430,2,2021,2021,6,4,8,3,22,5,8,0,1,1,-29.705831,143.494493,51,1,0,1,0,2,3,0,3,0,7,100,1,1945,1945,5,16,40,1,0,0,1,0
1265435,2,2021,2021,6,5,8,512,17,4,441,0,1,1,-33.411948,149.519346,3,1,0,1,0,0,0,0,3,0,7,100,2,1383,1383,1,8,36,2,0,0,1,0
1265437,1,2021,2021,6,0,8,296,27,187,293,0,1,10,-33.881886,150.977493,24,0,2,1,3,0,3,4,2,2,7,70,2,3775,3775,0,5,5,2,0,0,0,1
1265439,1,2021,2021,8,4,7,294,17,44,288,0,1,1,-35.209244,147.762124,75,1,0,1,3,0,0,0,2,0,7,100,2,14295,14295,3,10,13,2,0,0,0,1
1265441,2,2021,2021,3,3,6,105,27,174,109,0,1,9,-33.861862,150.922409,24,0,2,1,1,0,0,0,2,0,0,60,1,3775,3775,0,5,5,2,0,0,1,0
1265443,2,2021,2021,8,6,6,2126,17,78,2149,0,1,2,-33.702288,150.575663,8,2,2,0,1,0,3,4,2,0,7,80,2,1259,5151,8,5,40,1,0,0,1,0
1265447,2,2021,2021,6,1,8,9,27,93,34609,0,1,9,-33.403871,149.630223,3,2,1,1,0,0,0,0,0,0,0,80,0,6545,6545,4,10,13,2,0,0,1,0
1265449,1,2021,2021,8,1,4,251,27,64,212,0,1,9,-33.756005,151.220966,50,0,2,0,1,0,0,0,2,0,7,70,2,1981,1981,4,0,27,2,0,0,0,1
1265451,4,2021,2021,0,6,8,12,27,53,55,0,1,1,-33.850745,150.963274,21,0,2,1,1,0,0,0,3,0,7,50,1,1981,1981,4,21,5,2,0,1,1,0
1265454,2,2021,2021,8,4,8,26,31,194,34609,0,1,10,-30.513266,151.672185,1,2,1,1,1,0,0,0,3,0,0,50,0,6545,6545,4,10,13,3,0,0,1,1
1265458,2,2021,2021,0,0,8,13,27,24,61,0,1,1,-33.824341,151.172832,38,0,2,1,1,0,0,0,2,0,7,50,1,1981,1981,4,0,18,2,0,0,1,0
1265460,2,2021,2021,6,4,3,42,36,33,18,0,1,1,-36.416785,148.611282,65,2,1,0,0,0,3,4,2,0,7,60,1,5929,5929,1,10,5,2,0,0,1,0
1265461,2,2021,2021,8,0,0,2209,17,61,2205,0,1,1,-35.877048,150.096253,23,1,0,1,0,0,0,0,0,0,7,100,2,9859,9859,8,0,40,1,0,0,1,0
1265469,1,2021,2021,6,6,9,2126,17,73,2149,0,1,2,-33.888185,151.162369,32,0,2,1,3,0,0,0,0,0,7,60,2,14295,14295,3,0,12,2,0,0,0,1
1265470,1,2021,2021,6,5,9,77,27,13,58,0,1,8,-34.756514,150.563705,63,2,1,1,3,0,0,0,0,0,7,80,2,1391,1391,1,10,13,2,0,0,0,1
1265471,2,2021,2021,6,0,6,2126,17,139,2149,0,1,10,-33.876842,151.129745,32,0,2,1,3,0,0,0,2,2,7,60,2,14295,14295,3,29,13,2,0,0,1,0
1265476,1,2021,2021,6,0,3,2,4,74,34609,0,1,10,-34.028297,150.770108,12,0,2,1,3,0,0,0,1,0,7,50,0,1391,1391,1,10,5,2,0,0,0,1
1265484,1,2021,2021,8,4,6,177,22,210,176,0,1,2,-34.034346,151.103139,68,0,2,1,3,0,0,0,2,0,7,60,2,14295,14295,3,16,5,2,0,0,0,1
1265487,2,2021,2021,6,2,10,330,23,150,112,0,1,9,-33.929336,151.234825,59,0,2,1,3,0,0,0,0,0,0,60,2,926,926,4,5,5,2,0,0,1,0
1265495,1,2021,2021,8,3,6,55,10,112,47,0,1,1,-33.440688,151.439123,16,2,2,1,3,0,0,0,2,0,7,50,2,14295,14295,3,10,5,3,0,0,0,2
1265499,1,2021,2021,0,6,6,3371,17,17,3342,0,1,2,-28.905522,153.479388,2,1,0,1,3,0,0,0,2,0,7,110,2,475,475,5,10,40,1,0,0,0,1
1265500,1,2021,2021,6,4,7,2126,17,80,2149,0,1,6,-33.758223,150.652674,55,0,2,0,3,0,3,4,2,0,7,60,2,1957,4009,8,10,40,1,0,0,0,1
1265502,1,2021,2021,8,2,3,10,27,58,34609,0,1,1,-34.414583,150.900873,80,0,2,1,3,0,0,0,1,0,7,10,0,1945,1945,5,16,40,1,0,0,0,1
1265503,2,2021,2021,7,4,7,110,31,122,34609,0,1,1,-33.422616,151.343944,16,2,2,1,3,0,0,0,2,0,7,40,0,1945,1945,5,16,40,1,0,0,1,0
1265505,1,2021,2021,6,2,9,4,31,133,34609,0,1,1,-34.498154,150.801531,80,0,2,1,3,0,0,0,0,0,7,50,0,77,77,1,22,41,2,0,0,0,1
1265511,1,2021,2021,8,4,5,3,27,131,34609,0,1,10,-33.779514,151.176287,36,0,2,1,3,0,0,0,2,0,15,50,0,775,775,4,10,5,2,0,0,0,1
1265514,1,2021,2021,6,6,8,34,4,3,34609,0,1,9,-32.548046,151.168605,64,2,1,1,3,0,3,4,3,0,0,60,0,775,775,4,0,0,3,0,0,0,1
1265517,1,2021,2021,8,2,8,40,27,609,24,0,1,7,-33.772396,150.895825,7,0,2,1,3,0,0,0,0,0,0,50,1,6545,6545,4,0,5,2,0,0,0,1
1265519,1,2021,2021,6,2,6,126,27,74,168,0,1,2,-34.047408,150.760778,12,0,2,1,3,0,0,0,2,0,7,80,2,1391,1391,1,0,5,2,0,0,0,1
1265521,1,2021,2021,6,1,7,77,27,16,58,0,1,9,-34.824457,150.571065,63,1,0,0,3,0,0,0,2,0,0,100,2,2852,2852,4,5,13,2,0,0,0,1
1265522,1,2021,2021,8,4,4,866,17,110,793,0,1,2,-33.747799,151.050098,31,0,2,0,3,0,0,0,2,0,7,70,2,14295,14295,3,5,0,2,0,0,0,1
1265530,1,2021,2021,0,5,4,296,27,283,293,0,1,2,-33.832051,151.003089,21,0,2,1,3,0,0,0,2,0,7,70,2,1282,1282,1,9,5,2,0,0,0,1
1265531,1,2021,2021,8,1,4,829,27,363,770,0,1,10,-33.809198,151.009544,54,0,2,1,3,0,0,0,2,0,15,60,2,301,301,4,5,5,2,0,0,0,1
1265534,4,2021,2021,0,4,4,2126,17,166,2149,0,1,9,-33.418309,149.591118,3,2,1,1,3,0,0,0,2,2,7,70,2,14295,14295,3,5,5,2,0,1,0,0
1265535,4,2021,2021,4,0,9,1052,14,207,928,0,1,3,-33.58581,151.181641,31,0,2,1,3,0,0,0,2,0,7,110,2,9859,9859,8,34,40,1,0,1,0,0
1265538,1,2021,2021,8,0,6,196,10,32,168,0,1,10,-33.915633,150.975258,15,0,2,1,3,0,0,0,2,0,15,60,2,6545,6545,4,5,5,2,0,0,0,1
1265546,4,2021,2021,8,2,6,63,36,30,16,0,1,1,-32.633029,152.136766,43,2,1,0,0,0,0,0,2,0,7,80,1,4552,5151,8,5,40,1,0,1,0,0
1265551,1,2021,2021,8,3,5,2126,17,223,2149,0,1,2,-33.801796,150.912289,7,0,2,1,3,0,0,0,2,0,7,80,2,1391,1391,1,9,0,2,0,0,0,1
1265553,1,2021,2021,8,2,4,2,1,187,34609,0,1,9,-33.881481,150.973633,24,0,2,1,3,0,0,0,2,0,7,50,0,301,301,4,9,5,2,0,0,0,1
1265561,1,2021,2021,8,1,4,2126,17,226,2149,0,1,10,-33.779236,150.814523,7,0,2,1,3,0,0,0,2,2,7,80,2,1391,1391,1,5,5,2,0,0,0,1
1265565,4,2021,2021,0,5,5,5,27,69,34609,0,1,10,-33.357929,151.495932,16,2,2,1,1,0,0,0,2,0,15,50,0,6545,6545,4,0,36,2,0,1,0,0
1265567,1,2021,2021,8,6,7,515,14,166,518,0,1,3,-33.944708,150.981831,15,0,2,1,3,0,0,0,2,0,7,100,2,14295,14295,3,5,12,2,0,0,0,1
1265569,1,2021,2021,6,4,8,26,10,9,26,0,1,1,-36.856592,149.917246,5,2,1,1,3,0,3,4,2,0,7,80,1,1981,1981,4,8,5,2,0,0,0,1
1265571,1,2021,2021,8,2,10,225,17,32,180,0,1,1,-34.588549,150.578021,78,2,1,0,3,0,0,0,0,0,7,50,2,1089,1089,7,5,40,1,0,0,0,1
1265572,1,2021,2021,6,6,4,15,27,278,24,0,1,10,-33.777039,151.045616,54,0,2,1,3,0,0,0,2,2,7,50,1,14295,14295,3,10,36,3,0,0,0,1
1265580,4,2021,2021,6,5,7,8,18,143,34609,0,1,9,-33.701697,151.097974,31,0,2,1,1,0,0,0,2,0,7,50,0,312,312,2,0,40,1,0,1,0,0
1265581,4,2021,2021,4,1,4,32,27,5,34609,0,1,1,-34.56566,149.453765,74,1,0,0,0,0,0,0,2,0,7,100,0,2585,4009,8,15,40,1,0,1,0,0
1265586,1,2021,2021,0,0,7,157,17,5,158,0,1,1,-33.498523,149.298086,51,1,0,0,0,0,0,0,2,0,7,100,2,3775,3775,0,5,10,2,0,0,0,1
1265588,4,2021,2021,6,4,11,866,17,98,793,0,1,9,-33.740182,151.063994,31,0,2,1,2,0,3,3,0,2,7,70,2,5929,5929,1,5,5,2,0,1,1,0
1265592,4,2021,2021,6,3,7,1,34,22,34609,0,1,1,-31.105587,152.235895,51,2,1,1,0,0,0,0,2,0,7,50,0,1089,1089,7,16,40,1,0,1,0,0
1265596,4,2021,2021,0,4,2,37,31,198,41,0,1,9,-33.909435,151.103462,15,0,2,1,2,0,0,0,1,2,7,40,1,2040,2040,9,5,28,2,0,1,0,0
1265600,2,2021,2021,6,4,7,126,1,226,144,0,1,9,-33.776647,150.814909,7,0,2,1,1,0,3,4,2,0,7,60,2,1220,1220,9,5,28,2,0,0,1,0
1265604,2,2021,2021,8,6,7,293,27,103,172,0,1,10,-32.942395,151.657987,37,0,2,1,1,0,0,0,2,2,7,60,2,2852,2852,4,0,13,2,0,0,1,0
1265605,4,2021,2021,6,3,8,1,31,87,34609,0,1,1,-33.062836,151.456916,37,0,2,1,1,0,0,0,2,0,7,50,0,1220,1220,9,5,28,2,0,1,0,0
1265607,1,2021,2021,6,1,2,225,17,4,180,0,1,1,-34.560037,150.637561,78,2,1,1,0,0,0,0,1,0,7,80,2,14295,14295,3,16,40,2,0,0,0,1
1265612,1,2021,2021,6,2,5,6,31,145,34609,0,1,9,-33.919235,151.119195,15,0,2,1,1,0,0,0,2,0,7,50,0,1945,1945,5,16,40,1,0,0,0,1
1265614,2,2021,2021,8,4,2,2126,17,65,2149,0,1,2,-33.537037,150.16066,40,2,1,0,0,0,0,0,0,0,7,40,2,1192,1192,1,29,35,2,0,0,1,0
1265615,2,2021,2021,0,4,5,283,27,197,702,1,0,2,-33.947856,151.079372,25,0,2,0,1,0,0,0,2,0,7,60,2,14295,14295,3,5,35,2,0,0,2,0
1265616,4,2021,2021,8,1,7,6,1,370,34609,1,2,1,-34.070666,150.831053,13,0,2,1,0,0,0,0,2,0,9,40,0,1981,1981,4,9,5,3,0,1,0,0
1265618,4,2021,2021,6,2,6,16,31,94,20,0,1,1,-33.777158,150.802515,55,0,2,1,0,0,0,0,2,0,7,60,1,14295,14295,3,0,36,3,0,1,0,0
1265620,4,2021,2021,8,6,5,38,27,189,165,0,1,10,-33.946327,151.059906,15,0,2,1,1,0,0,0,2,2,7,50,1,6545,6545,4,5,13,2,0,1,0,0
1265621,4,2021,2021,0,3,3,220,27,104,222,0,1,10,-33.720466,150.937752,7,0,2,1,1,0,0,0,2,2,7,80,2,6545,6545,4,0,5,2,0,1,1,0
1265622,1,2021,2021,8,3,8,55,27,179,34609,0,1,9,-33.761054,150.720235,55,0,2,1,1,0,0,0,2,0,7,50,0,591,591,1,22,5,2,0,0,0,1
1265625,2,2021,2021,6,4,8,12,27,60,41,0,1,1,-33.760725,150.760586,55,0,2,1,2,0,3,4,0,0,7,70,1,14295,14295,3,9,5,3,0,0,1,1
1265626,2,2021,2021,0,2,6,34,31,145,140,0,1,9,-33.92672,151.128041,15,0,2,1,0,0,0,0,2,0,7,50,1,5929,5929,1,16,5,2,0,0,1,0
1265629,2,2021,2021,7,2,1,1,33,16,34609,0,1,1,-32.81232,151.415194,17,1,0,1,0,2,3,4,0,0,7,100,0,1945,1945,5,16,40,1,0,0,1,0
1265630,4,2021,2021,0,5,2,92,27,129,244,0,1,10,-33.897486,151.099615,9,0,2,1,2,0,0,0,0,2,7,60,2,6545,6545,4,5,0,2,0,1,0,0
1265632,4,2021,2021,6,6,7,293,31,219,34609,0,1,1,-32.897644,151.665952,48,0,2,1,1,0,0,0,2,0,7,50,0,9859,9859,1,5,5,2,0,1,0,1
1265633,4,2021,2021,6,4,8,79,10,155,231,0,1,2,-33.484726,151.324117,16,2,2,1,2,0,3,4,0,0,7,60,2,2040,2040,9,0,28,2,0,1,0,0
1265636,2,2021,2021,8,6,5,346,17,16,332,0,1,1,-28.925665,152.318762,51,1,0,0,0,0,0,0,2,0,7,100,2,782,957,5,10,40,1,0,0,1,0
1265642,2,2021,2021,8,2,10,515,14,197,518,0,1,3,-33.943279,151.076411,15,0,2,1,2,0,0,0,0,0,7,80,2,204,204,1,16,5,2,0,0,1,0
1265645,1,2021,2021,6,6,6,78,31,127,6,0,1,1,-33.890891,151.148985,32,0,2,1,3,0,0,0,2,0,7,60,1,14295,14295,3,5,5,2,0,0,0,1
1265646,1,2021,2021,0,0,8,118,31,188,34609,0,1,7,-33.931463,151.090454,15,0,2,1,3,0,0,0,3,0,0,50,0,14295,14295,3,0,27,2,0,0,0,1
1265648,2,2021,2021,7,1,8,12,27,69,23,0,1,1,-28.558273,153.514474,10,2,1,1,1,0,0,0,2,0,7,60,1,3775,3775,0,5,22,2,0,0,1,0
1265650,1,2021,2021,0,5,9,515,14,202,518,0,1,3,-33.940219,151.028822,15,0,2,1,0,0,0,0,0,0,7,100,2,14295,14295,3,5,5,2,0,0,0,1
1265651,4,2021,2021,0,2,5,1104,14,460,962,0,1,3,-33.826285,150.992641,54,0,2,1,1,0,0,0,2,0,7,90,2,14295,14295,3,16,5,2,0,1,0,0
1265653,2,2021,2021,8,2,6,133,31,90,56,0,1,1,-33.886662,151.239596,81,0,2,1,1,0,0,0,2,0,7,50,1,387,387,1,22,0,2,0,0,1,0
1265660,2,2021,2021,8,5,7,293,1,370,34609,0,1,9,-34.068176,150.828872,13,0,2,1,0,0,3,4,2,0,7,50,0,1109,787,1,5,0,2,0,0,2,0
1265662,4,2021,2021,0,4,9,153,27,290,147,0,1,1,-33.949263,151.11493,4,0,2,1,1,0,0,0,0,0,7,60,2,1981,1981,4,5,0,2,0,1,0,0
1265663,2,2021,2021,0,3,6,1,31,79,34609,0,1,1,-33.966709,151.117596,4,0,2,1,1,0,0,0,2,0,7,50,0,9859,9859,1,16,0,2,0,0,1,0
1265664,4,2021,2021,7,0,11,20,27,49,45,0,1,1,-34.405105,148.637495,30,1,0,0,0,0,0,0,0,0,7,100,1,418,714,5,9,40,1,0,1,0,0
1265665,2,2021,2021,0,2,5,8,31,53,66,0,1,1,-31.868944,152.373212,43,2,1,1,0,0,0,0,2,0,7,40,1,941,941,1,5,19,2,0,0,1,0
1265666,1,2021,2021,8,5,8,99,31,237,105,0,1,9,-33.875331,150.94397,24,0,2,1,3,0,0,0,2,0,7,60,1,84,84,6,5,40,1,0,0,0,1
1265667,2,2021,2021,0,4,4,157,17,36,158,0,1,1,-33.908522,148.28916,51,1,0,1,0,0,0,0,2,0,7,100,2,14295,14295,3,9,0,2,0,0,1,0
1265668,1,2021,2021,8,6,7,2209,17,50,2205,0,1,10,-34.354452,150.910001,80,0,2,1,3,0,0,0,2,2,7,80,2,926,926,4,0,22,2,0,0,0,1
1265670,1,2021,2021,8,0,4,2,27,147,34609,0,1,10,-33.873421,150.984848,15,0,2,1,3,0,0,0,2,0,0,50,0,14295,14295,3,5,5,2,0,0,0,1
1265677,1,2021,2021,8,0,7,36,1,126,34609,0,1,7,-33.917923,150.808594,41,0,2,1,3,0,0,0,2,0,0,60,0,1669,1669,3,0,5,2,0,0,0,2
1265682,1,2021,2021,7,2,8,346,27,14,34609,0,1,1,-28.872158,152.509765,51,1,0,0,0,2,0,0,2,0,7,100,0,3775,3775,0,16,13,2,0,0,0,1
1265683,4,2021,2021,7,0,10,2209,17,176,2205,0,1,10,-33.957114,151.137865,4,0,2,1,2,0,3,0,0,2,7,60,2,5929,5929,1,0,18,2,0,1,1,0
1265684,4,2021,2021,0,2,10,92,31,26,139,0,1,2,-33.48366,145.534541,51,2,1,0,2,0,0,0,0,0,7,50,2,2585,4009,8,21,40,1,0,2,0,0
1265687,1,2021,2021,0,6,3,2,10,562,34609,0,1,9,-32.275284,148.625815,22,2,1,1,3,0,0,0,1,0,7,60,0,1669,1669,3,10,5,2,0,0,0,2
1265688,1,2021,2021,6,5,7,26,27,56,68,0,1,10,-33.804383,151.205578,77,0,2,1,3,0,0,0,2,2,7,60,1,395,395,1,0,5,2,0,0,0,1
1265689,1,2021,2021,0,4,3,13,27,532,13,0,1,9,-33.868632,151.218838,69,0,2,0,3,0,0,0,0,2,7,50,1,1391,1391,1,10,5,2,0,0,0,1
1265693,1,2021,2021,6,2,6,149,10,346,702,0,1,2,-33.883508,151.069552,67,0,2,1,3,0,0,0,2,0,7,70,2,14295,14295,3,9,5,4,0,0,0,1
1265696,4,2021,2021,8,2,4,2209,17,68,2205,0,1,9,-34.084031,151.011057,68,0,2,0,0,0,0,0,2,0,7,70,2,190,190,1,22,0,2,0,1,0,0