Crash ID,Degree of crash - detailed,Reporting year,Year of crash,Month of crash,Day of week of crash,Two-hour intervals,Street of crash,Street type,Town,Route no.,School zone location,School zone active,Type of location,Latitude,Longitude,LGA,Urbanisation,Conurbation 1,Alignment,Street lighting,Road surface,Surface condition,Weather,Natural lighting,Signals operation,Other traffic control,Speed limit,Road classification,RUM - code,DCA - code,First impact type,Key TU type,Other TU type,No. of traffic units involved,No. killed,No. seriously injured,No. moderately injured,No. minor-other injured
1265700,2,2021,2021,8,0,7,7,27,79,33,1,2,9,-33.964088,151.120713,4,0,2,1,1,0,0,0,2,0,9,40,1,1220,1220,9,30,28,2,0,0,1,0
1265704,2,2021,2021,8,6,8,3,1,64,34609,0,1,10,-33.703438,150.744403,55,0,2,1,0,0,0,0,2,0,0,70,0,6545,6545,4,5,0,2,0,0,1,0
1265706,2,2021,2021,0,5,10,2261,17,44,2252,0,1,9,-33.897357,150.952855,24,0,2,1,2,0,0,0,0,2,7,70,2,5929,5929,1,5,5,3,0,0,1,0
1265711,4,2021,2021,8,2,5,2,31,21,34609,0,1,9,-35.783356,148.010231,66,2,1,1,0,0,0,0,2,0,7,50,0,4552,985,8,5,40,1,0,1,0,0
1265714,1,2021,2021,8,1,8,15,27,69,34609,0,1,1,-32.903,151.690894,48,0,2,1,1,0,0,0,3,0,7,40,0,30,30,9,5,28,2,0,0,0,1
1265717,1,2021,2021,0,6,9,82,27,134,181,0,1,10,-33.892138,151.254521,76,0,2,0,2,0,0,0,3,0,0,50,2,926,926,4,0,0,2,0,0,0,1
1265718,2,2021,2021,8,5,7,224,27,102,321,1,2,1,-33.942526,151.195298,4,0,2,0,0,0,0,0,2,0,7,40,2,3775,3775,0,5,25,2,0,0,1,1
1265719,4,2021,2021,8,0,10,346,17,35,332,0,1,1,-28.812735,153.268014,39,2,1,1,2,0,0,0,0,0,7,60,2,2040,2040,9,5,28,2,0,1,0,0
1265723,2,2021,2021,8,3,5,2126,17,161,2149,0,1,10,-33.889851,151.149072,32,0,2,1,1,0,0,0,2,2,7,60,2,6545,6545,4,16,36,2,0,0,1,0
1265725,2,2021,2021,8,0,11,15,23,433,34609,0,1,7,-33.259538,149.113102,52,2,1,1,2,0,0,0,0,0,0,80,0,6545,6545,4,33,19,2,0,0,1,0
1265726,1,2021,2021,6,5,6,2126,17,104,2149,0,1,10,-33.833422,151.018578,54,0,2,1,1,0,0,0,2,2,7,60,2,14295,14295,3,5,0,2,0,0,0,1
1265730,4,2021,2021,8,1,9,92,31,22,34609,0,1,1,-31.898166,152.519131,43,2,1,1,2,0,0,0,0,0,7,50,0,190,190,1,10,13,2,0,1,1,0
1265736,2,2021,2021,6,5,5,21,36,35,34609,0,1,9,-31.069751,152.845354,34,1,0,1,0,0,0,0,2,2,7,100,0,14295,14295,3,10,0,4,0,0,2,0
1265737,1,2021,2021,8,2,5,62,31,445,34609,0,1,1,-33.861241,151.044944,21,0,2,1,3,0,0,0,2,0,7,50,0,214,214,9,33,28,2,0,0,0,1
1265739,2,2021,2021,8,2,6,78,17,34,58,0,1,1,-34.989603,149.024584,82,1,0,1,0,0,0,0,2,0,7,100,2,14295,14295,3,5,5,3,0,0,2,4
1265746,1,2021,2021,8,2,6,60,27,147,69,0,1,9,-33.868774,151.116119,14,0,2,1,3,0,0,0,2,0,15,60,2,623,623,3,0,5,2,0,0,0,1
1265751,2,2021,2021,6,3,5,78,27,11,228,0,1,1,-33.084119,151.126929,17,2,1,0,3,0,0,0,2,0,7,80,1,3775,3775,0,16,19,2,0,0,1,0
1265753,4,2021,2021,8,2,4,28,31,159,34609,0,1,1,-33.806256,151.08798,61,0,2,0,1,0,0,0,2,0,15,50,0,1981,1981,4,16,0,2,0,1,1,0
1265763,2,2021,2021,8,6,4,346,17,24,332,0,1,1,-28.811039,153.366553,39,2,1,1,0,0,0,0,2,0,7,80,2,14295,14295,3,0,5,2,0,0,1,0
1265764,4,2021,2021,6,0,7,6,27,74,34609,0,1,1,-33.730769,151.057348,31,0,2,0,1,0,0,0,2,0,7,50,0,1981,1981,4,5,27,2,0,1,0,0
1265765,2,2021,2021,0,2,5,110,31,37,34609,0,1,10,-30.981761,151.598937,51,2,1,1,1,0,0,0,2,0,15,50,0,6545,6545,4,5,13,2,0,0,1,0
1265766,2,2021,2021,6,6,9,475,10,100,268,1,0,9,-33.896123,150.892607,24,0,2,1,2,0,0,0,0,2,7,60,2,5929,5929,1,30,13,2,0,0,3,0
1265770,2,2021,2021,8,4,8,204,31,73,34609,0,1,1,-33.869866,151.219112,69,0,2,1,2,0,3,4,2,0,9,40,0,340,340,9,15,28,2,0,0,1,0
1265778,2,2021,2021,3,0,8,280,10,46,240,1,0,10,-33.886613,150.967938,24,0,2,0,0,0,0,0,2,2,7,60,2,5929,5929,1,5,19,2,0,0,1,0
1265785,2,2021,2021,7,0,8,220,14,58,220,0,1,3,-34.408298,150.883448,80,0,2,1,3,0,0,0,2,0,7,80,2,14295,14295,3,5,5,2,0,0,1,0
1265789,2,2021,2021,8,1,10,39,27,284,563,0,1,10,-33.899047,151.037197,15,0,2,1,2,0,0,0,0,2,7,70,2,6545,6545,4,5,5,5,0,0,2,1
1265798,4,2021,2021,0,6,9,1,31,84,34609,0,1,9,-33.896565,151.261804,76,0,2,1,0,0,0,0,0,0,7,50,0,1945,1945,5,15,40,1,0,1,0,0
1265799,1,2021,2021,8,1,11,866,17,54,793,1,0,10,-33.724467,151.097026,31,0,2,0,2,0,0,0,0,2,7,70,2,14295,14295,3,5,5,2,0,0,0,1
1265803,2,2021,2021,6,1,4,7,27,70,34609,0,1,10,-32.908887,151.715711,48,0,2,1,0,0,0,0,2,0,15,50,0,6545,6545,4,0,5,2,0,0,1,0
1265805,2,2021,2021,8,3,6,3371,17,37,3342,0,1,9,-33.015797,151.66923,37,0,2,1,1,0,0,0,2,0,7,60,2,9859,9859,8,5,40,2,0,0,1,0
1265807,2,2021,2021,6,3,4,44,27,253,331,0,1,9,-33.959078,151.110126,25,0,2,1,1,0,0,0,2,2,7,60,2,5929,5929,1,21,27,2,0,0,1,0
1265808,2,2021,2021,0,4,3,3371,17,92,3342,0,1,2,-33.403446,151.350235,16,2,2,0,0,0,0,0,2,0,7,60,2,14295,14295,3,5,5,2,0,0,2,0
1265809,2,2021,2021,8,2,7,1,31,70,34609,1,0,9,-32.735735,151.554077,42,2,1,1,1,0,0,0,2,0,7,40,0,3775,3775,0,5,5,3,0,0,1,0
1265810,2,2021,2021,0,5,5,18,1,173,115,1,0,9,-33.707658,151.112608,31,0,2,1,1,0,0,0,2,0,15,60,1,926,926,4,5,19,2,0,0,1,0
1265811,2,2021,2021,8,2,0,2261,17,284,2252,0,1,2,-33.907012,151.019416,15,0,2,1,2,0,0,0,0,0,7,70,2,9859,9859,1,5,5,4,0,0,1,0
1265813,2,2021,2021,8,5,9,1,27,85,34609,0,1,1,-33.723059,151.133168,36,0,2,1,2,0,3,4,0,0,7,50,0,9859,9859,1,5,5,3,0,0,1,0
1265814,2,2021,2021,6,4,6,4,31,43,34609,0,1,10,-32.552428,148.950547,22,2,1,1,1,0,3,4,2,0,0,50,0,6545,6545,4,0,0,2,0,0,1,0
1265815,1,2021,2021,6,4,8,60,27,239,167,0,1,9,-34.028183,151.120032,68,0,2,1,2,0,3,4,3,2,7,70,2,14295,14295,3,5,0,4,0,0,0,1
1265817,2,2021,2021,0,2,11,3,27,273,34609,0,1,1,-34.426842,150.877608,80,0,2,1,2,0,0,0,0,0,7,50,0,4026,4026,1,5,36,3,0,0,1,0
1265819,4,2021,2021,8,3,7,103,27,13,98,0,1,1,-33.490533,150.818787,29,2,2,1,0,0,0,0,2,0,7,80,2,1945,1945,5,16,40,1,0,1,0,1
1265820,4,2021,2021,8,5,8,31,27,239,34609,0,1,9,-34.02447,151.122304,68,0,2,1,1,0,0,0,2,0,7,50,0,1220,1220,9,5,28,2,0,1,0,0
1265821,4,2021,2021,0,1,6,2209,17,59,2205,0,1,9,-34.333469,150.913313,80,0,2,1,1,0,0,0,2,2,7,60,2,5929,5929,1,5,41,2,0,1,0,0
1265822,2,2021,2021,8,2,5,82,31,163,7,0,1,10,-33.864973,151.103778,14,0,2,1,1,0,0,0,2,2,7,50,1,5929,5929,1,30,19,2,0,0,1,0
1265827,4,2021,2021,7,3,5,3,27,38,34609,0,1,1,-34.1317,150.710097,79,2,2,0,0,0,3,4,2,0,7,80,0,1957,4009,8,0,40,1,0,1,0,0
1265829,2,2021,2021,8,2,7,11,27,16,34609,0,1,10,-34.251389,146.031647,28,2,1,1,0,0,0,0,2,0,0,80,0,6545,6545,4,9,41,2,0,0,1,0
1265831,2,2021,2021,8,0,4,31,27,173,69,0,1,2,-33.794027,151.136567,61,0,2,0,0,0,3,4,2,0,0,60,2,14295,14295,3,0,5,3,0,0,1,0
1265833,2,2021,2021,8,6,7,133,31,646,97,0,1,9,-33.917225,151.021484,15,0,2,1,1,0,0,0,2,0,7,60,1,5929,5929,1,10,5,3,0,0,1,0
1265834,2,2021,2021,8,5,4,1,1,87,34609,0,1,10,-33.695879,150.960212,71,0,2,1,1,0,0,0,2,0,0,50,0,6545,6545,4,0,0,2,0,0,1,0
1265837,2,2021,2021,8,0,8,85,10,38,702,0,1,2,-33.839374,151.083226,14,0,2,1,2,0,0,0,0,0,7,70,2,14295,14295,3,0,5,2,0,0,1,1
1265838,2,2021,2021,6,6,7,8,27,29,147,0,1,9,-28.790268,153.584753,2,2,1,0,1,0,0,0,2,0,0,80,1,2852,2852,4,30,5,2,0,0,1,0
1265839,4,2021,2021,6,3,3,829,27,309,770,1,0,9,-33.819373,151.116732,61,0,2,1,2,0,0,0,1,2,7,60,2,5929,5929,1,5,5,2,0,1,0,1
1265841,4,2021,2021,7,2,11,1052,14,36,928,0,1,3,-33.444295,151.218652,16,1,2,1,0,0,3,4,0,0,7,110,2,9859,9859,8,10,40,1,0,1,0,1
1265842,2,2021,2021,0,4,7,7,31,53,66,0,1,10,-31.868133,152.376194,43,2,1,1,1,0,0,0,2,0,0,50,1,2852,2852,4,5,13,2,0,0,1,0
1265845,4,2021,2021,0,4,4,125,31,438,44,0,1,10,-33.849953,151.034637,21,0,2,1,2,0,0,0,2,2,7,50,1,1220,1220,9,5,28,2,0,1,1,0
1265847,2,2021,2021,0,4,7,25,27,8,260,0,1,1,-32.980908,151.603871,37,0,2,1,3,0,0,0,2,0,7,80,2,14295,14295,3,5,5,3,0,0,1,0
1265848,2,2021,2021,0,1,9,334,17,84,308,0,1,10,-31.091967,150.922858,70,2,1,1,3,0,0,0,0,2,7,50,2,5929,5929,1,5,13,2,0,0,2,0
1265850,2,2021,2021,0,1,4,79,31,82,34609,0,1,10,-31.081534,150.933971,70,2,1,1,1,0,0,0,2,0,15,50,0,6545,6545,4,5,5,2,0,0,1,0
1265851,4,2021,2021,0,5,8,916,17,29,917,0,1,10,-31.101763,150.946325,70,2,1,1,1,0,0,0,2,0,0,70,2,6545,6545,4,34,0,3,0,1,1,0
1265853,4,2021,2021,0,0,6,63,31,79,79,1,0,1,-33.82062,151.210717,49,0,2,1,3,0,0,0,2,0,7,50,2,9859,9859,1,5,0,2,0,1,0,0
1265855,4,2021,2021,7,1,8,346,17,106,332,0,1,10,-28.858792,153.049273,60,2,1,1,3,0,0,0,2,0,0,50,2,6545,6545,4,5,36,2,0,1,0,0
1265858,4,2021,2021,0,3,6,2261,17,346,2252,0,1,9,-33.889367,151.07788,67,0,2,1,0,0,0,0,2,0,7,60,2,945,945,5,5,40,1,0,1,0,0
1265859,2,2021,2021,0,0,0,2126,17,107,2149,0,1,10,-33.884258,151.198535,69,0,2,1,2,0,0,0,0,2,9,50,2,1220,1220,9,9,28,2,0,0,1,1
1265860,2,2021,2021,7,2,1,6,31,609,34609,1,0,1,-33.774695,150.899438,7,0,2,1,2,0,0,0,0,0,7,50,0,3775,3775,0,5,5,3,0,0,1,0
1265861,2,2021,2021,7,3,2,11,1,10,34609,0,1,1,-34.924263,150.765701,63,2,1,1,2,0,0,0,0,0,7,50,0,9859,9859,8,0,40,1,0,0,1,0
1265863,2,2021,2021,8,5,8,515,14,271,518,0,1,3,-33.939567,151.007792,15,0,2,0,3,0,0,0,3,0,7,100,2,14295,14295,3,5,0,10,0,0,1,0
1265865,4,2021,2021,7,1,8,481,17,17,483,0,1,1,-33.686389,147.525393,51,1,0,1,0,0,3,4,2,0,7,110,2,475,475,5,5,40,1,0,1,0,0
1265866,2,2021,2021,8,2,7,2261,17,15,2252,0,1,10,-35.143853,147.993063,20,1,0,0,0,0,0,0,2,0,0,110,2,6545,6545,4,9,5,2,0,0,1,1
1265868,4,2021,2021,0,2,10,330,27,106,26,1,0,7,-33.670472,151.302293,50,0,2,0,2,0,0,0,0,0,0,60,1,4552,5151,8,10,40,1,0,1,0,0
1265869,4,2021,2021,8,1,8,2209,17,157,2205,0,1,1,-34.021505,151.09002,68,0,2,1,1,0,0,0,2,0,7,70,2,9859,9859,1,5,5,3,0,1,0,0
1265873,4,2021,2021,8,6,7,125,27,22,144,0,1,2,-32.863649,151.793671,57,2,1,0,1,0,0,0,2,0,0,70,2,1981,1981,4,9,13,2,0,1,0,0
1265875,4,2021,2021,8,4,6,59,31,77,53,0,1,10,-33.886123,151.198712,69,0,2,1,1,0,0,0,2,2,9,50,2,1220,1220,9,5,28,2,0,1,1,0
1265877,2,2021,2021,8,4,8,6,27,98,44,0,1,9,-33.738753,151.071377,31,0,2,1,2,0,3,4,3,0,6,40,1,1220,1220,9,0,28,2,0,0,1,0
1265879,4,2021,2021,0,0,4,16,27,161,115,0,1,9,-33.726994,151.163934,36,0,2,0,1,0,0,0,2,0,0,60,1,2852,2852,4,5,19,2,0,1,0,0
1265886,1,2021,2021,6,2,4,76,24,164,154,0,1,9,-33.727099,150.896642,7,0,2,1,0,0,0,0,2,2,7,70,1,2852,2852,4,30,13,2,0,0,0,4
1265887,4,2021,2021,8,0,7,6,31,316,34609,0,1,1,-31.431513,152.909641,56,2,1,1,1,0,0,0,2,0,7,40,0,5929,5929,1,0,5,5,0,2,0,2
1265888,4,2021,2021,8,0,7,7,31,19,34609,0,1,1,-33.370561,151.358588,16,2,2,0,0,0,3,4,2,0,7,50,0,1957,4009,8,10,40,1,0,1,0,0
1265890,2,2021,2021,8,6,8,5,27,69,34609,0,1,1,-33.769147,150.961494,54,0,2,1,1,0,0,0,2,0,7,50,0,941,941,1,5,19,2,0,0,1,0
1265894,2,2021,2021,8,1,5,39,27,112,217,0,1,9,-33.699309,151.015704,31,0,2,1,0,0,3,3,2,0,7,60,2,14295,14295,3,5,5,3,0,0,1,1
1265897,1,2021,2021,7,5,4,2,27,155,34609,0,1,1,-33.494908,151.328763,16,2,2,1,1,0,0,0,2,0,7,60,0,1981,1981,4,10,5,2,0,0,0,1
1265899,4,2021,2021,0,0,2,177,22,210,176,0,1,2,-34.034742,151.107405,68,0,2,1,2,0,0,1,1,0,7,60,2,14295,14295,3,5,27,2,0,1,0,0
1265902,4,2021,2021,8,2,6,78,27,10,228,0,1,1,-33.049986,151.135759,17,2,1,0,0,0,0,0,2,0,7,80,1,4552,5151,8,16,40,1,0,1,0,0
1265908,2,2021,2021,7,3,8,161,17,3,161,0,1,1,-35.334867,148.170053,66,2,1,0,0,0,3,4,2,0,7,80,2,3775,3775,0,10,5,2,0,0,1,0
1265909,1,2021,2021,0,3,0,22,27,173,34609,0,1,10,-33.875389,151.221989,69,0,2,1,2,0,0,0,0,2,9,50,0,1220,1220,9,5,28,2,0,0,0,1
1265912,4,2021,2021,8,0,5,2,25,293,34609,0,1,4,-33.925076,151.055313,15,0,2,0,0,0,0,0,2,0,9,50,0,1220,1220,9,10,28,2,0,1,0,0
1265915,2,2021,2021,8,2,5,10,31,41,19,0,1,1,-31.082396,150.917997,70,2,1,1,0,0,0,0,2,0,7,60,1,14295,14295,3,0,5,3,0,0,1,0
1265916,2,2021,2021,8,2,9,3371,17,35,3342,0,1,2,-29.957419,153.132725,18,1,0,0,0,0,0,0,0,0,7,110,2,4552,5151,8,30,40,1,0,0,1,0
1265921,2,2021,2021,6,6,7,3371,17,38,3342,0,1,2,-30.250051,153.134717,19,2,1,1,0,0,0,0,2,0,7,80,2,14295,14295,3,10,5,2,0,0,1,0
1265922,1,2021,2021,8,6,4,72,27,278,56,0,1,9,-33.787241,151.061188,54,0,2,1,0,0,0,0,2,3,7,60,2,5929,5929,1,5,5,2,0,0,0,1
1265924,4,2021,2021,0,2,7,12,27,49,19,0,1,1,-33.207578,151.49163,16,1,2,1,1,0,0,0,2,0,7,100,2,3775,3775,0,5,0,5,0,1,1,2
1265926,4,2021,2021,8,0,3,2126,17,163,2149,0,1,9,-33.869514,151.11018,9,0,2,1,1,0,0,3,2,2,7,60,2,2852,2852,4,27,0,2,0,1,0,0
1265927,2,2021,2021,6,2,6,149,10,346,702,0,1,2,-33.876541,151.067629,67,0,2,1,1,0,0,0,2,0,7,80,2,14295,14295,3,9,36,2,0,0,1,0
1265929,2,2021,2021,0,6,8,387,27,253,34609,0,1,10,-33.967345,151.106573,25,0,2,1,0,0,0,0,2,2,7,50,0,2040,2040,9,5,28,2,0,0,1,0
1265931,1,2021,2021,8,4,8,23,31,52,38,0,1,9,-33.905581,151.258778,76,0,2,1,2,0,0,0,3,0,7,50,1,14295,14295,3,5,0,2,0,0,0,1
1265934,2,2021,2021,6,6,10,9,31,226,34609,0,1,1,-33.762807,150.821773,7,0,2,1,2,0,0,0,0,0,7,50,0,9859,9859,1,0,0,3,0,0,1,0
1265936,2,2021,2021,6,5,3,1,27,2,34609,0,1,1,-31.64071,152.831928,56,2,1,0,0,0,0,0,0,0,7,50,0,4552,5151,8,5,40,1,0,0,1,0
1265942,4,2021,2021,8,1,8,16,31,77,34609,0,1,10,-30.323209,149.786663,51,2,1,1,0,0,0,0,3,0,0,50,0,6545,6545,4,10,27,2,0,1,0,0
1265945,2,2021,2021,6,1,3,45,27,304,96,0,1,10,-33.903332,151.155108,32,0,2,1,1,0,0,0,2,2,7,60,2,1220,1220,9,5,28,2,0,0,1,0
1265952,4,2021,2021,0,6,2,481,17,3,483,0,1,1,-31.53699,148.825772,51,1,0,0,0,0,0,0,0,0,7,110,2,4552,5151,8,3,40,2,0,1,1,0
1265953,1,2021,2021,0,4,8,4,25,70,34609,0,1,9,-33.886253,150.87764,24,0,2,1,0,0,0,0,2,0,7,50,0,1945,1945,5,16,40,1,0,0,0,1
1265955,2,2021,2021,8,0,10,916,17,31,917,0,1,1,-31.135915,150.923296,70,2,1,1,0,0,3,4,0,0,7,80,2,14295,14295,3,5,13,2,0,0,1,0
1265961,4,2021,2021,8,6,6,8,31,463,34609,0,1,9,-30.30699,153.132701,19,2,1,0,1,0,0,0,2,0,0,50,0,1850,985,5,16,40,1,0,1,0,0
1265966,1,2021,2021,8,4,7,126,31,138,34609,0,1,9,-33.871194,151.271313,81,0,2,1,3,0,0,0,2,0,7,50,0,1391,1391,1,0,36,2,0,0,0,1
1265971,1,2021,2021,8,2,4,251,27,115,212,1,0,2,-33.75151,151.228726,50,0,2,1,3,0,0,0,2,0,7,70,2,1391,1391,1,30,13,2,0,0,0,2
1265977,1,2021,2021,8,2,6,12,1,134,34609,0,1,7,-33.506817,151.324051,16,2,2,1,3,0,0,0,2,0,0,50,0,1282,1282,1,30,27,2,0,0,0,1
1265983,1,2021,2021,0,4,9,3371,17,65,3342,0,1,9,-33.382564,151.369901,16,2,2,0,3,0,0,0,0,2,7,60,2,1391,1391,1,5,0,2,0,0,0,1
1265989,1,2021,2021,8,4,2,3,18,21,34609,0,1,10,-33.60314,150.710857,29,2,2,1,3,0,0,1,0,0,7,60,0,945,945,5,10,40,1,0,0,0,1
1265992,4,2021,2021,8,1,5,2126,17,84,2149,0,1,9,-33.818758,150.991741,21,0,2,1,1,0,0,0,2,2,7,60,2,404,404,8,15,40,2,0,2,0,0
1265994,2,2021,2021,8,5,7,916,17,172,917,0,1,2,-32.753581,151.587388,42,2,1,1,1,0,3,4,2,0,7,60,2,14295,14295,3,0,0,3,0,0,1,0
1265996,1,2021,2021,0,6,6,2261,17,32,2252,0,1,2,-34.835908,149.020483,82,1,0,1,0,0,0,0,2,0,7,110,2,4026,4026,8,0,40,1,0,0,0,4
1266019,2,2021,2021,8,3,1,105,17,223,34609,0,1,7,-33.809487,150.918452,21,0,2,1,2,0,0,1,0,0,7,60,0,9859,9859,8,5,40,1,0,0,4,0
1266020,2,2021,2021,8,5,5,13,31,108,34609,0,1,1,-28.858884,153.567215,2,2,1,1,0,0,0,0,2,0,7,50,0,489,489,8,5,40,1,0,0,1,0
1266022,1,2021,2021,7,3,10,105,27,65,109,0,1,9,-33.869728,150.904526,24,0,2,1,2,0,0,0,0,2,7,60,1,1981,1981,4,5,5,2,0,0,0,1
1266023,4,2021,2021,8,5,6,53,36,8,95,0,1,1,-33.231362,148.875368,11,1,0,0,1,0,3,4,2,0,7,100,2,2585,4009,8,34,40,1,0,1,0,0
1266025,2,2021,2021,0,2,6,19,31,370,34609,0,1,1,-34.066025,150.824386,13,0,2,1,0,0,0,0,2,0,7,60,0,5929,5929,1,5,5,3,0,0,1,0
1266028,4,2021,2021,0,1,9,3371,17,43,3342,0,1,2,-33.215435,151.509908,16,2,2,1,2,0,0,0,0,2,7,70,2,14295,14295,3,30,0,3,0,1,1,0
1266029,4,2021,2021,7,3,9,39,31,63,34609,0,1,7,-33.244285,151.510521,16,2,2,1,1,0,0,0,2,0,0,50,0,9859,9859,8,0,40,1,0,1,2,0
1266030,4,2021,2021,0,1,10,177,31,314,208,0,1,10,-33.861977,150.93895,24,0,2,1,2,0,0,0,0,2,7,60,1,5929,5929,1,9,0,2,0,1,0,0
1266031,4,2021,2021,0,5,4,2126,17,62,2149,0,1,2,-33.750714,150.611843,8,2,2,0,1,0,0,0,2,0,7,80,2,1282,1282,1,29,5,2,0,1,0,0
1266032,1,2021,2021,0,4,8,22,22,139,22,0,1,3,-33.841146,151.210669,49,0,2,1,1,0,0,0,2,0,7,80,2,14295,14295,3,5,5,2,0,0,0,1
1266034,2,2021,2021,0,4,8,7,31,562,34609,0,1,1,-32.249267,148.603066,22,2,1,1,0,0,0,0,2,0,7,50,0,248,248,1,5,5,2,0,0,1,0
1266035,4,2021,2021,0,6,1,10,31,198,34609,0,1,1,-33.913486,151.102989,15,0,2,1,2,0,3,3,0,0,7,40,0,4026,4026,8,22,40,1,0,1,0,0
1266036,2,2021,2021,7,0,7,515,14,189,518,0,1,3,-33.942197,151.049425,15,0,2,1,1,0,0,0,2,0,7,100,2,1383,1383,1,5,12,2,0,0,1,0
1266037,2,2021,2021,8,5,4,27,27,119,96,0,1,1,-33.870088,151.162061,32,0,2,1,1,0,0,0,2,0,7,50,2,368,368,9,33,28,2,0,0,1,0
1266038,2,2021,2021,0,0,8,500,27,293,799,0,1,10,-33.931978,151.053375,15,0,2,1,1,0,0,0,2,2,7,60,2,926,926,4,5,5,3,0,0,2,1
1266040,1,2021,2021,8,5,4,2261,17,49,2252,0,1,9,-34.735577,149.831732,26,1,0,1,0,0,3,4,2,0,0,110,2,6545,6545,4,5,35,2,0,0,0,1
1266041,4,2021,2021,0,2,0,44,1,92,34609,0,1,9,-33.410889,151.358627,16,2,2,1,2,0,0,0,0,0,7,50,0,2852,2852,4,5,5,2,0,1,0,0
1266042,2,2021,2021,7,5,8,7,27,433,34609,0,1,1,-33.256443,149.091193,52,2,1,1,1,0,3,4,2,0,7,70,0,4026,4026,8,0,40,1,0,0,1,0
1266043,2,2021,2021,8,6,4,55,27,12,34,0,1,9,-32.94878,151.685993,37,0,2,1,1,0,0,0,2,2,7,60,1,368,368,9,5,28,2,0,0,1,0
1266045,4,2021,2021,8,2,6,225,17,85,180,1,0,1,-34.571618,150.764567,62,0,2,1,1,0,0,0,2,0,7,60,2,14295,14295,3,0,13,2,0,1,0,0
1266046,4,2021,2021,8,2,6,90,36,13,102,0,1,1,-34.271017,146.142925,28,1,0,1,0,0,0,0,2,0,7,100,2,5929,5929,1,0,13,2,0,1,2,0
1266048,4,2021,2021,0,3,5,11,27,4,30,0,1,1,-28.252531,153.374,72,2,1,0,0,0,0,0,2,0,7,60,1,4552,5151,8,16,40,1,0,1,0,0
1266049,2,2021,2021,0,6,7,5,27,5,11,0,1,1,-36.787212,149.742426,5,1,0,0,0,0,0,0,2,0,7,100,1,3775,3775,0,0,13,2,0,0,3,0
1266052,2,2021,2021,8,2,9,132,31,174,126,0,1,9,-33.888832,151.200198,69,0,2,1,2,0,0,0,0,0,7,50,2,1282,1282,1,5,5,2,0,0,1,0
1266053,4,2021,2021,6,1,8,47,31,166,34609,0,1,10,-33.409581,149.577191,3,2,1,1,1,0,0,3,3,0,0,60,0,775,775,4,10,10,2,0,1,0,0
1266057,2,2021,2021,8,1,6,346,17,44,332,0,1,1,-28.81524,153.403654,2,2,1,1,0,0,0,0,2,0,7,80,2,1981,1981,4,5,19,2,0,0,2,0
1266058,1,2021,2021,0,2,5,20,31,171,34609,0,1,1,-33.807169,150.960398,21,0,2,1,1,0,0,0,2,0,7,50,0,5929,5929,1,10,5,2,0,0,0,1
1266059,2,2021,2021,8,0,7,39,31,193,145,0,1,2,-33.792778,151.080849,61,0,2,1,1,0,0,0,2,0,7,60,2,14295,14295,3,5,0,2,0,0,1,1
1266060,1,2021,2021,7,2,5,32,27,5,34609,0,1,1,-34.565838,149.45408,74,1,0,0,0,0,0,0,2,0,7,100,0,3775,3775,0,16,5,2,0,0,0,2
1266062,2,2021,2021,8,2,4,1,31,10,34609,0,1,1,-30.167037,153.18193,19,2,1,0,1,0,0,0,2,0,7,50,0,4552,5151,8,0,40,3,0,0,1,0
1266064,2,2021,2021,8,3,5,23,27,123,38,0,1,1,-33.754579,148.69335,51,1,0,1,0,0,0,0,2,0,7,100,2,9859,9859,8,30,40,1,0,0,1,0
1266065,2,2021,2021,6,5,5,1,27,15,20,0,1,1,-35.334454,146.270929,51,2,1,1,0,2,0,0,2,0,7,50,1,312,312,2,30,40,1,0,0,1,0
1266066,4,2021,2021,7,2,6,2209,17,55,2205,0,1,2,-35.740807,150.162155,23,1,0,0,0,0,3,4,2,0,7,90,2,2585,4009,8,5,40,1,0,1,0,0
1266076,4,2021,2021,8,5,7,334,31,370,256,0,1,10,-34.069186,150.814057,13,0,2,1,1,0,0,0,2,2,7,60,2,6545,6545,4,16,5,2,0,1,0,0
1266078,1,2021,2021,8,2,6,308,14,323,311,0,1,6,-33.812172,150.852685,7,0,2,0,3,0,3,4,2,0,7,60,2,1850,1463,5,16,40,1,0,0,0,1
1266084,1,2021,2021,8,5,6,2,27,12,34609,0,1,1,-34.199719,146.175115,28,2,1,1,3,0,0,0,2,0,7,80,0,475,475,5,8,40,1,0,0,0,1
1266088,2,2021,2021,8,0,3,133,27,46,260,0,1,2,-32.913793,151.660183,48,0,2,0,2,0,0,0,0,0,7,70,2,4552,5151,8,5,40,1,0,0,1,0
1266089,4,2021,2021,8,0,4,18,10,79,34609,0,1,10,-34.001209,150.739563,12,0,2,1,1,0,3,0,2,2,7,60,0,5929,5929,1,21,0,2,0,1,0,1
1266092,2,2021,2021,8,6,10,829,27,125,770,0,1,2,-33.822211,151.121312,61,0,2,1,2,0,3,4,0,0,7,60,2,1282,1282,1,5,13,2,0,0,1,0
1266093,2,2021,2021,6,5,7,123,4,96,34609,0,1,1,-34.059553,150.839656,13,0,2,0,3,0,0,3,2,0,7,50,0,5929,5929,1,5,5,2,0,0,1,0
1266095,1,2021,2021,8,2,6,51,27,16,63,0,1,10,-34.562422,150.836579,62,0,2,1,3,0,0,0,2,2,7,70,2,14295,14295,3,5,5,2,0,0,0,1