Crash ID,Degree of crash - detailed,Reporting year,Year of crash,Month of crash,Day of week of crash,Two-hour intervals,Street of crash,Street type,Town,Route no.,School zone location,School zone active,Type of location,Latitude,Longitude,LGA,Urbanisation,Conurbation 1,Alignment,Street lighting,Road surface,Surface condition,Weather,Natural lighting,Signals operation,Other traffic control,Speed limit,Road classification,RUM - code,DCA - code,First impact type,Key TU type,Other TU type,No. of traffic units involved,No. killed,No. seriously injured,No. moderately injured,No. minor-other injured
1266099,1,2021,2021,8,4,4,55,31,166,34609,0,1,9,-33.893951,151.177202,32,0,2,1,0,0,0,0,2,0,0,50,0,6545,6545,4,5,27,2,0,0,0,1
1266101,2,2021,2021,8,0,7,39,27,20,34609,0,1,1,-34.031878,151.01099,68,0,2,1,0,0,0,0,2,0,7,50,0,1109,787,1,30,0,3,0,0,1,0
1266102,4,2021,2021,7,6,8,105,17,223,136,0,1,7,-33.804355,150.915307,7,0,2,0,3,2,0,0,2,0,0,60,2,14295,14295,3,5,5,2,0,1,0,0
1266104,2,2021,2021,0,3,8,31,1,234,139,0,1,9,-34.290248,146.06374,28,2,1,0,3,0,0,0,2,2,7,60,2,2585,985,8,0,40,1,0,0,1,0
1266105,1,2021,2021,6,1,4,63,17,8,63,0,1,1,-34.110817,141.98516,51,2,1,0,3,0,0,0,2,0,7,60,2,1981,1981,4,10,0,2,0,0,0,1
1266108,1,2021,2021,6,6,8,162,31,65,122,0,1,2,-34.480568,150.886947,80,0,2,1,3,0,0,0,0,0,7,60,2,14295,14295,3,5,5,2,0,0,0,1
1266112,2,2021,2021,6,5,5,293,31,112,369,0,1,10,-33.614066,150.813146,29,2,2,1,3,0,0,0,2,0,15,60,2,6545,6545,4,5,5,2,0,0,1,0
1266113,1,2021,2021,8,2,8,2209,17,79,2205,0,1,10,-33.973551,151.129591,25,0,2,1,3,0,0,0,3,2,7,70,2,1391,1391,1,10,0,3,0,0,0,1
1266114,1,2021,2021,6,3,6,47,31,80,51,0,1,7,-33.882743,151.167273,32,0,2,1,3,0,0,0,2,0,0,50,1,6545,6545,4,0,36,2,0,0,0,1
1266116,1,2021,2021,8,1,6,71,27,14,69,0,1,1,-36.417305,148.642399,65,2,1,0,3,0,3,4,2,0,7,80,2,1957,4009,8,0,40,1,0,0,0,1
1266123,4,2021,2021,8,1,4,40,31,62,34609,0,1,1,-32.92638,151.626468,37,0,2,1,1,0,0,6,2,0,7,50,0,13,188,1,10,10,2,0,1,0,0
1266124,2,2021,2021,8,6,9,33,27,35,49,0,1,1,-33.882996,150.891028,24,0,2,1,0,0,0,0,0,0,7,60,1,2040,2040,9,5,28,2,0,0,1,0
1266127,1,2021,2021,6,5,3,49,27,91,47,0,1,7,-33.997536,150.880341,13,0,2,1,3,0,0,0,1,0,0,60,1,301,301,4,30,5,2,0,0,0,1
1266129,1,2021,2021,8,0,6,346,17,44,332,0,1,7,-28.86113,153.519341,2,2,1,1,3,0,0,0,2,0,0,60,2,14295,14295,3,0,5,2,0,0,0,1
1266130,1,2021,2021,6,4,9,204,27,50,34609,0,1,10,-33.512058,151.332916,16,2,2,1,3,0,3,4,3,0,15,60,0,301,301,4,0,5,2,0,0,0,1
1266132,2,2021,2021,8,0,9,165,31,134,34609,0,1,10,-33.67503,150.862531,7,0,2,1,0,0,0,6,0,0,0,50,0,6545,6545,4,5,13,2,0,0,3,0
1266133,2,2021,2021,8,2,7,18,1,293,34609,0,1,1,-33.947029,151.233258,59,0,2,1,0,0,0,0,2,0,7,50,0,1109,397,1,15,18,2,0,0,1,0
1266136,1,2021,2021,8,0,7,866,17,171,793,0,1,10,-33.807257,150.969318,21,0,2,1,1,0,0,0,2,1,7,70,2,14295,14295,3,10,5,2,0,0,0,1
1266139,1,2021,2021,6,5,6,13,31,137,34609,0,1,7,-32.96198,151.694774,37,0,2,1,1,0,0,0,2,0,0,50,0,9859,9859,8,0,40,1,0,0,0,1
1266142,4,2021,2021,8,6,10,33,31,36,22,0,1,10,-33.884268,151.183933,69,0,2,1,0,0,0,0,0,0,15,50,2,2040,2040,9,5,28,2,0,1,0,0
1266143,4,2021,2021,6,0,3,11,18,18,17,0,1,1,-30.951298,152.978626,34,2,1,0,0,2,0,0,2,0,7,60,1,3775,3775,0,5,0,2,0,1,1,0
1266146,2,2021,2021,6,2,10,2126,17,169,2149,0,1,9,-33.786036,150.843236,7,0,2,1,2,0,0,0,0,0,7,80,2,5929,5929,1,30,19,2,0,0,1,1
1266148,4,2021,2021,6,2,6,10,10,74,34609,0,1,7,-34.04691,150.75349,12,0,2,1,1,0,0,0,2,0,7,50,0,1850,777,5,16,40,1,0,1,0,0
1266157,2,2021,2021,8,4,10,21,31,65,18,0,1,10,-32.92704,151.784633,48,0,2,1,2,0,0,0,0,2,7,40,2,5929,5929,1,5,5,2,0,0,1,0
1266160,1,2021,2021,6,4,7,2126,17,44,2149,0,1,9,-33.795614,150.888654,7,0,2,1,1,0,3,4,2,2,7,80,2,2852,2852,4,5,5,2,0,0,0,1
1266161,2,2021,2021,7,5,2,110,27,36,173,0,1,2,-34.382351,150.859252,80,0,2,1,2,0,0,0,1,0,7,80,2,9859,9859,1,30,12,2,0,0,2,1
1266166,1,2021,2021,8,3,5,68,27,110,67,0,1,9,-33.768966,151.031131,54,0,2,1,0,0,0,0,2,2,7,60,1,5929,5929,1,5,5,2,0,0,0,1
1266167,2,2021,2021,8,1,9,26,31,171,19,0,1,7,-33.806741,150.967091,21,0,2,1,2,0,0,0,0,0,0,50,1,2040,2040,9,21,28,2,0,0,1,0
1266169,2,2021,2021,8,3,5,132,31,252,126,0,1,10,-33.889952,151.207908,69,0,2,1,1,0,0,0,2,2,7,50,2,5929,5929,1,5,27,2,0,0,1,0
1266170,2,2021,2021,8,4,8,60,27,237,44,0,1,1,-33.873193,150.949197,24,0,2,1,0,0,0,0,2,0,7,50,1,14295,14295,3,5,0,2,0,0,1,0
1266179,1,2021,2021,7,5,7,296,27,283,293,0,1,2,-33.833363,151.002615,21,0,2,1,3,0,0,0,2,0,7,70,2,3775,3775,0,10,5,3,0,0,0,1
1266181,2,2021,2021,7,5,9,37,31,273,87,0,1,10,-34.424351,150.900116,80,0,2,1,3,0,3,4,3,2,7,60,2,14295,14295,3,5,5,2,0,0,1,0
1266182,1,2021,2021,8,1,5,11,7,72,34609,0,1,1,-34.011682,151.017913,68,0,2,1,3,0,0,3,2,0,7,50,0,3775,3775,0,0,5,2,0,0,0,1
1266186,2,2021,2021,8,5,5,78,31,53,34609,0,1,1,-30.643084,152.998569,47,2,1,1,1,0,0,0,2,0,7,50,0,1981,1981,4,21,5,3,0,0,2,0
1266191,1,2021,2021,6,2,10,89,31,532,34609,0,1,10,-33.865141,151.204855,69,0,2,1,3,0,0,0,0,2,7,40,0,6545,6545,4,0,5,2,0,0,0,1
1266192,1,2021,2021,6,4,9,39,27,15,563,0,1,9,-33.891815,151.038638,15,0,2,1,3,0,3,4,0,2,7,80,2,14295,14295,3,33,5,2,0,0,0,1
1266194,1,2021,2021,6,5,2,7,27,11,34609,0,1,1,-32.857471,151.509882,17,2,1,0,3,0,0,6,0,0,7,80,0,1259,5151,8,10,40,1,0,0,0,1
1266196,1,2021,2021,6,4,6,7,22,173,7,0,1,2,-33.876651,151.226645,69,0,2,1,3,0,3,4,2,0,7,60,2,1391,1391,1,8,0,2,0,0,0,1
1266197,1,2021,2021,8,5,9,515,14,197,518,0,1,3,-33.941158,151.082541,15,0,2,1,3,0,0,0,0,0,7,80,2,14295,14295,3,10,5,2,0,0,0,1
1266199,1,2021,2021,8,3,6,2209,17,68,2205,0,1,2,-34.088475,151.006708,68,0,2,1,3,0,0,0,2,0,7,60,2,14295,14295,3,10,5,2,0,0,0,1
1266200,2,2021,2021,0,6,11,5,27,40,34609,0,1,7,-35.071976,150.571986,63,2,1,1,3,0,0,0,0,0,0,80,0,78,78,8,5,40,1,0,0,1,0
1266204,2,2021,2021,8,1,6,45,27,47,44,0,1,10,-33.816944,151.151552,38,0,2,1,1,0,0,0,2,2,7,60,2,14295,14295,3,5,5,3,0,0,1,0
1266205,2,2021,2021,6,1,6,60,27,239,167,1,0,10,-34.031926,151.119437,68,0,2,1,1,0,0,0,2,2,7,70,2,6545,6545,4,5,12,2,0,0,3,1
1266206,4,2021,2021,8,1,4,3371,17,10,3342,0,1,2,-30.165468,153.179716,19,1,0,1,0,0,3,0,2,0,7,110,2,9859,9859,8,30,40,1,0,1,0,0
1266213,2,2021,2021,6,2,1,3,31,137,34609,0,1,1,-32.96216,151.698643,37,0,2,1,0,0,0,0,0,0,7,50,0,121,121,9,33,26,2,0,0,1,0
1266215,4,2021,2021,0,4,2,7,27,43,34609,0,1,1,-34.118622,150.670704,79,2,2,0,0,0,3,5,0,0,7,60,0,1850,1463,5,16,40,1,0,1,0,0
1266217,2,2021,2021,6,2,5,44,27,119,126,0,1,7,-32.754965,151.761997,57,2,1,1,1,0,0,0,2,0,0,60,2,1850,985,5,16,40,1,0,0,1,0
1266218,2,2021,2021,8,4,8,22,31,157,34609,0,1,9,-33.798801,151.005167,54,0,2,1,0,0,0,0,3,0,0,50,0,1669,1669,3,0,0,2,0,0,1,0
1266219,1,2021,2021,7,0,8,9,27,72,34,1,0,1,-33.83355,151.227626,49,0,2,1,0,0,0,0,2,0,7,50,1,14295,14295,3,5,27,2,0,0,0,1
1266224,4,2021,2021,0,2,3,3371,17,19,3342,0,1,2,-31.867816,152.588574,43,1,0,1,1,0,0,0,2,0,7,100,2,3775,3775,0,5,0,2,0,1,1,0
1266226,4,2021,2021,8,6,9,916,17,44,917,0,1,1,-32.039528,150.864781,73,2,1,1,2,0,0,0,0,0,7,50,2,1981,1981,4,34,0,2,0,2,0,0
1266227,4,2021,2021,8,3,8,230,27,197,284,0,1,2,-33.785273,151.118892,61,0,2,0,0,0,0,0,2,0,7,70,2,1957,4009,8,0,40,1,0,1,0,0
1266228,2,2021,2021,8,4,5,293,31,532,55,0,1,1,-33.868147,151.212188,69,0,2,1,0,0,0,0,2,0,7,40,1,387,387,1,22,13,2,0,0,1,0
1266231,1,2021,2020,2,5,5,334,17,22,308,0,1,1,-31.398376,152.078247,51,2,1,0,0,0,0,0,2,0,7,80,2,2585,4009,8,2,40,1,0,0,0,1
1266242,4,2021,2021,6,6,9,2209,17,29,2205,0,1,1,-35.325423,150.443626,63,2,1,0,2,0,3,3,0,0,7,60,2,1259,5151,8,9,40,1,0,1,0,0
1266243,2,2021,2021,4,6,8,20,27,17,34609,0,1,7,-31.87642,152.651132,43,2,1,1,0,0,3,3,2,0,0,60,0,945,945,5,5,40,1,0,0,1,0
1266247,2,2021,2021,6,5,8,78,31,76,34609,1,0,10,-35.360061,150.471162,63,2,1,1,1,0,0,0,3,0,7,50,0,1669,1669,3,10,36,2,0,0,1,0
1266248,1,2021,2021,6,6,8,17,31,48,34609,0,1,9,-32.918943,151.749871,48,0,2,1,2,0,0,0,0,0,15,50,0,1109,397,1,5,5,2,0,0,0,1
1266251,1,2021,2020,2,1,8,478,17,128,480,0,1,2,-33.42782,151.321823,16,2,2,1,0,0,0,0,2,0,7,70,2,14295,14295,3,30,5,2,0,0,0,1
1266252,2,2021,2021,8,1,9,9,27,19,34609,0,1,9,-34.088458,150.830303,13,0,2,1,0,0,0,0,2,0,0,50,0,1945,1945,5,16,40,1,0,0,1,0
1266254,1,2021,2021,0,0,8,110,27,41,173,0,1,2,-34.395259,150.865985,80,0,2,0,1,0,0,0,2,0,7,80,2,14295,14295,3,10,5,3,0,0,0,1
1266258,4,2021,2021,8,5,3,40,27,122,45,0,1,1,-33.41953,151.332831,16,2,2,1,2,0,0,1,0,0,7,60,1,9859,9859,1,29,10,2,0,1,0,0
1266259,4,2021,2021,8,5,5,81,27,609,115,0,1,9,-33.782504,150.900403,7,0,2,1,1,0,0,0,2,0,7,60,2,14295,14295,3,5,12,2,0,1,0,0
1266262,4,2021,2021,8,4,7,52,1,188,34609,0,1,1,-33.937485,151.111513,4,0,2,1,0,0,0,0,2,0,7,50,0,9859,9859,1,5,8,2,0,1,0,0
1266263,1,2021,2021,0,6,3,2,27,8,34609,0,1,1,-35.068119,147.346499,75,2,1,1,1,0,0,0,1,0,7,70,0,121,121,9,10,28,2,0,0,0,1
1266266,2,2021,2021,3,0,9,22,27,14,26,0,1,9,-35.067827,147.378098,75,2,1,1,0,0,0,0,3,0,7,80,1,1850,985,5,15,40,1,0,0,1,0
1266268,2,2021,2021,6,5,7,387,27,204,331,0,1,1,-33.93958,151.140675,4,0,2,1,1,0,0,0,2,0,7,60,2,9859,9859,8,5,40,1,0,0,1,0
1266269,4,2021,2021,7,2,3,53,31,67,125,0,1,9,-33.893768,151.004807,15,0,2,1,1,0,0,0,2,0,7,60,1,4026,4026,8,5,40,1,0,1,1,0
1266274,4,2021,2021,0,0,5,1,31,43,228,0,1,10,-33.586208,150.860193,29,2,2,1,1,0,0,0,2,0,15,60,2,782,985,5,29,40,1,0,1,0,0
1266275,2,2021,2021,0,3,1,21,31,160,34609,0,1,9,-33.104774,151.479872,37,0,2,1,2,0,0,0,0,0,7,60,0,9859,9859,1,5,0,3,0,0,1,0
1266278,4,2021,2021,0,2,8,3371,17,24,3342,0,1,2,-32.580007,152.128724,43,1,0,0,0,0,0,0,2,0,7,110,2,4552,5151,8,16,40,1,0,1,0,0
1266279,4,2021,2021,8,5,9,98,31,102,34609,0,1,10,-33.942716,151.19998,4,0,2,1,2,0,0,0,3,0,7,50,0,5929,5929,1,5,19,2,0,1,0,0
1266280,2,2021,2021,0,3,4,29,27,79,34609,0,1,1,-34.905478,150.601415,63,2,1,0,0,0,0,0,2,0,7,50,0,4552,5151,8,16,40,1,0,0,1,0
1266281,2,2021,2021,7,2,11,3371,17,63,3342,0,1,2,-28.17893,153.519125,72,1,0,1,0,0,0,0,0,0,7,100,2,1282,1282,1,29,5,2,0,0,2,0
1266282,2,2021,2021,0,6,7,33,27,16,41,0,1,1,-33.743966,150.725697,55,0,2,1,0,0,0,0,2,0,7,70,1,9859,9859,8,30,40,1,0,0,1,0
1266284,1,2021,2021,7,5,8,7,27,15,34609,0,1,1,-35.811031,146.950859,27,1,0,0,0,0,3,4,2,0,7,100,0,2585,4009,8,10,40,1,0,0,0,1
1266285,1,2021,2021,8,1,5,132,31,174,126,1,0,9,-33.889469,151.20454,69,0,2,1,3,0,0,0,2,2,7,50,2,5929,5929,1,5,27,2,0,0,0,1
1266289,4,2021,2021,6,6,9,280,10,237,240,0,1,1,-33.858756,150.951406,24,0,2,1,2,0,0,0,0,0,7,60,2,1220,1220,9,5,28,2,0,1,0,0
1266290,2,2021,2021,8,2,8,829,27,123,770,0,1,10,-33.814375,151.056244,54,0,2,1,2,0,0,0,3,2,9,70,2,591,591,1,18,13,2,0,0,1,0
1266292,4,2021,2021,6,5,6,191,27,175,208,0,1,9,-33.780216,151.084212,54,0,2,1,0,0,0,0,2,0,15,60,2,1669,1669,3,0,19,2,0,1,0,0
1266293,2,2021,2021,0,4,3,515,14,271,518,0,1,3,-33.940917,151.019554,15,0,2,1,1,0,0,0,2,0,7,100,2,14295,14295,3,16,0,2,0,0,1,0
1266296,2,2021,2021,8,6,2,829,27,98,34609,0,1,9,-33.73771,151.061546,31,0,2,1,2,0,0,0,0,0,7,50,0,1220,1220,9,15,28,2,0,0,2,0
1266297,4,2021,2021,8,1,4,2,27,123,34609,0,1,1,-33.844697,148.620489,51,1,0,0,0,0,0,0,2,0,7,100,0,782,957,5,29,40,1,0,1,0,0
1266298,2,2021,2021,0,1,4,132,31,45,126,0,1,1,-33.888047,151.194675,69,0,2,1,1,0,0,0,2,0,7,50,2,14295,14295,3,10,5,2,0,0,1,0
1266299,4,2021,2021,8,1,4,20,31,174,321,0,1,0,-33.892856,151.199193,69,0,2,1,1,0,0,0,2,0,7,50,2,340,340,9,0,28,2,0,1,0,0
1266301,2,2021,2021,7,4,6,346,17,16,332,0,1,1,-28.924455,152.320163,51,1,0,0,0,0,3,4,2,0,7,100,2,4552,5151,8,16,40,1,0,0,1,0
1266302,4,2021,2021,7,2,8,20,31,149,260,0,1,1,-33.991875,151.142781,4,0,2,1,1,0,3,4,2,0,7,60,2,14295,14295,3,10,0,3,0,1,1,0
1266308,1,2021,2021,0,6,7,1104,14,460,962,0,1,3,-33.821624,150.984833,21,0,2,1,3,0,0,0,2,0,7,90,2,14295,14295,3,33,41,2,0,0,0,1
1266311,4,2021,2021,8,1,4,4,31,83,34609,0,1,1,-29.71671,152.932782,18,2,1,1,1,0,0,0,2,0,7,50,0,238,238,9,30,26,2,0,1,0,0
1266313,1,2021,2021,8,4,11,73,24,17,88,0,1,1,-33.734952,151.24549,50,0,2,1,0,0,0,0,0,0,7,80,2,1945,1945,5,16,40,1,0,0,0,1
1266315,2,2021,2021,6,2,3,475,10,83,268,0,1,9,-33.883572,150.857651,41,0,2,1,1,0,0,0,2,2,7,70,2,926,926,4,5,5,2,0,0,1,0
1266320,2,2021,2021,6,1,3,4,1,646,34609,0,1,9,-33.921108,151.043564,15,0,2,1,1,0,0,0,2,0,7,50,0,9859,9859,1,5,40,2,0,0,1,0
1266321,4,2021,2021,8,5,5,89,36,14,6,0,1,1,-33.333073,146.271417,51,1,0,1,0,0,0,0,2,0,7,100,1,323,323,1,29,13,2,0,1,0,0
1266324,1,2021,2021,8,3,9,1104,14,460,962,0,1,3,-33.826783,150.993683,54,0,2,1,3,0,0,0,0,0,7,90,2,1282,1282,1,21,0,2,0,0,0,1
1266328,2,2021,2021,0,3,6,27,27,290,34609,0,1,9,-33.855466,150.993437,21,0,2,1,1,0,0,0,2,0,7,50,0,340,340,9,0,28,2,0,0,1,0
1266331,2,2021,2021,7,4,5,40,27,609,24,0,1,7,-33.772508,150.895925,7,0,2,1,1,0,0,0,2,0,0,50,1,6545,6545,4,16,0,2,0,0,1,0
1266337,2,2021,2021,6,1,3,28,31,137,54,0,1,2,-34.028164,151.055277,68,0,2,1,3,0,0,0,0,0,7,60,2,1945,1945,5,8,40,1,0,0,1,0
1266338,1,2021,2021,8,2,6,177,22,239,176,0,1,10,-34.043786,151.128313,68,0,2,1,3,0,0,0,2,0,0,70,2,14295,14295,3,5,0,2,0,0,0,1
1266346,1,2021,2021,6,5,4,169,1,187,94,0,1,9,-33.880512,150.977631,24,0,2,1,3,0,0,0,2,0,0,60,1,14295,14295,3,0,5,2,0,0,0,1
1266347,1,2021,2021,7,0,7,485,27,232,769,0,1,9,-33.693599,150.925067,71,0,2,1,3,0,0,0,2,2,7,80,2,1391,1391,1,0,5,2,0,0,0,1
1266353,1,2021,2021,0,6,6,33,7,26,34609,0,1,7,-33.763038,150.874121,7,0,2,1,3,0,0,0,2,0,7,50,0,6545,6545,4,5,5,2,0,0,0,1
1266358,1,2021,2021,6,4,9,57,27,337,47,0,1,9,-33.733044,151.002643,71,0,2,1,3,0,3,4,0,2,7,60,2,14295,14295,3,5,5,2,0,0,0,1
1266360,1,2021,2021,8,5,3,1104,14,283,962,0,1,3,-33.828125,151.016024,54,0,2,1,3,0,0,0,2,0,7,90,2,1383,1383,1,8,13,2,0,0,0,1
1266364,1,2021,2021,8,5,4,44,1,126,34609,0,1,10,-33.944654,150.80975,41,0,2,1,3,0,0,0,2,0,7,60,0,775,775,4,5,0,2,0,0,0,1
1266365,1,2021,2021,8,6,8,475,31,169,41,0,1,9,-33.901794,151.205787,69,0,2,1,3,0,0,0,3,0,7,50,1,5929,5929,1,5,0,3,0,0,0,1
1266366,1,2021,2021,0,5,8,2209,17,57,2205,0,1,2,-34.663049,150.847539,35,1,0,0,3,0,0,0,2,0,7,100,2,1391,1391,1,0,2,2,0,0,0,1
1266368,1,2021,2021,6,0,7,4,31,48,34609,0,1,2,-28.255773,153.574135,72,2,1,1,3,0,0,0,2,0,7,50,0,941,941,1,30,36,2,0,0,0,1
1266371,1,2021,2021,8,4,8,13,27,438,563,0,1,9,-33.849224,151.038696,21,0,2,1,3,0,0,0,3,2,7,70,2,14295,14295,3,5,5,2,0,0,0,2
1266373,1,2021,2021,8,4,5,500,27,293,799,0,1,10,-33.931978,151.053375,15,0,2,1,3,0,0,0,2,2,7,60,2,6545,6545,4,5,0,2,0,0,0,1
1266376,2,2021,2021,6,6,7,2126,17,283,2149,0,1,9,-33.828681,151.00739,54,0,2,1,3,0,0,0,2,0,7,60,2,1282,1282,1,5,5,2,0,0,1,0
1266379,1,2021,2021,6,5,11,39,23,98,34609,0,1,10,-33.020123,151.600127,37,0,2,0,3,0,0,0,0,0,15,50,0,4552,5151,8,0,40,1,0,0,0,1
1266383,1,2021,2021,6,6,8,63,10,43,34609,0,1,10,-33.210531,151.528677,16,2,2,1,3,0,0,0,2,0,15,50,0,2852,2852,4,27,5,2,0,0,0,1
1266385,2,2021,2021,7,3,5,59,27,10,143,0,1,1,-33.957317,149.319073,74,1,0,0,3,0,3,4,2,0,7,100,2,1850,1463,5,16,40,1,0,0,1,0
1266389,1,2021,2021,8,3,7,114,27,34,228,0,1,9,-33.481844,150.953291,71,0,2,0,3,0,0,0,2,0,0,80,2,1850,985,5,16,40,1,0,0,0,1
1266390,2,2021,2021,6,1,4,2126,17,44,2149,0,1,10,-33.798115,150.896892,7,0,2,1,3,0,0,0,2,2,7,80,2,1391,1391,1,8,5,2,0,0,1,0
1266395,1,2021,2021,7,0,4,98,27,87,799,0,1,9,-33.928502,150.968094,41,0,2,1,3,0,3,4,2,0,0,70,2,1391,1391,1,29,5,2,0,0,0,1
1266397,1,2021,2021,6,4,7,149,27,294,198,0,1,9,-33.929142,150.931229,41,0,2,1,3,0,3,4,2,2,7,60,2,14295,14295,3,5,5,2,0,0,0,1
1266399,1,2021,2021,6,3,4,866,17,314,793,0,1,10,-33.856918,150.936183,24,0,2,1,3,0,0,0,2,2,7,70,2,14295,14295,3,0,5,2,0,0,0,1
1266401,1,2021,2021,6,0,9,293,27,14,172,0,1,1,-32.966107,151.652546,37,0,2,1,2,0,0,0,0,0,7,60,2,1220,1220,9,5,28,2,0,0,0,1
1266404,2,2021,2021,3,4,8,19,27,40,605,0,1,9,-33.799905,151.248802,50,0,2,1,1,0,0,0,2,0,7,60,2,5929,5929,1,30,19,2,0,0,1,0
1266405,4,2021,2021,7,4,6,29,31,88,15,0,1,9,-33.753733,150.857044,7,0,2,1,0,0,0,0,2,0,0,60,1,6545,6545,4,16,22,2,0,1,0,0
1266406,4,2021,2021,6,4,8,9,27,28,256,0,1,9,-34.081259,150.807731,13,0,2,1,2,0,3,4,3,2,7,60,2,14295,14295,3,5,5,3,0,1,0,0
1266409,2,2021,2021,7,4,8,117,1,115,121,0,1,2,-34.035909,151.071856,68,0,2,1,0,0,0,0,2,0,7,60,1,14295,14295,3,5,0,3,0,0,1,0
1266412,2,2021,2021,8,2,5,78,31,41,41,0,1,10,-35.062733,148.100671,20,2,1,1,0,0,0,3,2,0,0,50,1,6545,6545,4,5,5,3,0,0,1,1
1266413,1,2021,2021,8,6,5,12,27,21,19,0,1,1,-33.697259,151.285883,50,0,2,0,1,0,0,0,2,0,7,50,1,591,591,1,18,5,2,0,0,0,1
1266415,4,2021,2021,0,3,6,1,27,96,34609,0,1,1,-33.438934,147.949729,51,2,1,1,0,2,0,0,2,0,7,80,0,9859,9859,8,10,40,1,0,1,0,0
1266417,2,2021,2021,6,6,11,32,27,4,34609,0,1,1,-34.676308,149.556973,26,1,0,1,0,0,0,0,0,0,7,100,0,1089,1089,7,0,40,1,0,0,1,0
1266419,2,2021,2021,6,5,8,85,10,38,702,0,1,2,-33.837578,151.083961,14,0,2,1,2,0,0,0,3,0,7,70,2,1282,1282,1,16,40,2,0,0,1,0
1266420,2,2021,2021,8,0,8,2,27,1,34609,0,1,2,-31.44259,152.57429,56,2,1,0,0,2,0,0,3,0,7,80,0,3775,3775,0,19,13,2,0,0,1,0
1266427,4,2021,2021,0,2,9,39,31,460,34609,0,1,9,-33.849247,151.00148,21,0,2,1,2,0,0,0,3,0,7,50,0,9859,9859,1,5,5,2,0,1,0,0
1266429,4,2021,2021,0,3,7,86,27,12,65,0,1,1,-29.992886,152.708774,18,2,1,0,0,0,0,0,2,0,7,40,1,782,957,5,16,40,1,0,1,0,0
1266431,2,2021,2021,8,5,9,222,27,71,165,0,1,9,-33.973583,151.076584,25,0,2,1,0,0,0,0,2,0,0,50,1,775,775,4,10,19,2,0,0,1,0
1266432,1,2021,2021,8,6,5,330,27,49,605,0,1,2,-33.71561,151.297462,50,0,2,1,1,0,0,0,2,0,7,60,2,1391,1391,1,5,40,2,0,0,0,1
1266433,4,2021,2021,8,6,9,87,31,157,34609,0,1,7,-33.804174,151.010394,54,0,2,1,2,0,0,0,0,0,0,50,0,6545,6545,4,0,19,2,0,1,0,0
1266434,2,2021,2021,6,1,4,6,27,4,34609,0,1,1,-32.066331,152.520529,43,2,1,1,1,0,0,0,2,0,7,70,0,9859,9859,8,5,40,1,0,0,1,0
1266435,2,2021,2021,8,2,10,39,27,16,80,0,1,7,-32.977737,151.707953,37,0,2,0,2,0,0,0,0,0,0,60,1,6545,6545,4,0,5,2,0,0,1,0
1266437,1,2021,2021,0,5,5,194,31,309,702,0,1,2,-33.822492,151.096641,61,0,2,0,1,0,0,0,2,0,7,70,2,14295,14295,3,5,5,2,0,0,0,1
1266438,2,2021,2021,6,2,5,8,31,215,34609,0,1,7,-35.103838,147.368757,75,2,1,1,1,0,0,3,2,0,0,50,0,6545,6545,4,0,27,2,0,0,2,0
1266445,4,2021,2021,8,2,11,348,27,23,88,0,1,1,-33.709534,150.69555,55,0,2,1,0,0,0,0,0,0,7,80,2,3775,3775,0,10,0,2,0,1,1,0
1266447,4,2021,2021,8,3,10,9,31,290,34609,0,1,10,-33.849861,150.990448,21,0,2,1,2,0,0,0,0,0,0,50,0,6545,6545,4,5,0,2,0,1,1,1
1266450,1,2021,2021,0,1,3,27,31,15,40,0,1,10,-33.779849,151.282215,50,0,2,1,1,0,0,0,2,2,6,50,1,6545,6545,4,30,0,2,0,0,0,1
1266451,4,2021,2021,6,3,6,20,27,132,148,0,1,1,-34.065331,151.055763,68,0,2,0,0,0,0,0,2,0,7,60,2,3775,3775,0,5,19,2,0,1,0,0
1266452,2,2021,2021,6,3,7,230,27,173,284,0,1,2,-33.775312,151.104978,61,0,2,1,0,0,0,0,2,0,7,70,2,515,515,1,5,19,2,0,0,1,0
1266453,2,2021,2021,8,1,3,3,27,3,31,0,1,1,-36.205346,149.177814,65,1,0,0,0,0,0,0,1,0,7,100,1,1089,1089,7,16,40,1,0,0,1,0
1266456,1,2021,2021,0,3,9,3,23,163,34609,0,1,1,-33.857437,151.107969,14,0,2,1,2,0,0,0,0,0,7,50,0,9859,9859,1,5,5,2,0,0,0,1
1266466,2,2021,2021,6,2,7,3371,17,27,3342,0,1,7,-30.157864,153.190241,19,2,1,0,1,0,0,0,2,0,0,50,2,19,19,1,9,5,2,0,0,1,0
1266468,2,2021,2021,0,6,7,168,10,387,260,0,1,2,-33.945943,151.1765,4,0,2,1,3,0,0,0,2,0,7,70,2,9859,9859,8,0,40,1,0,0,1,0
1266480,2,2021,2021,8,1,6,34,27,57,799,0,1,9,-33.898928,151.169476,32,0,2,1,1,0,0,0,2,2,7,60,2,5929,5929,1,16,0,2,0,0,1,0
1266481,1,2021,2021,8,2,8,2209,17,35,2205,0,1,1,-35.494257,150.336065,63,1,0,0,0,0,0,0,3,0,7,100,2,4552,5151,8,30,40,1,0,0,0,2
1266482,4,2021,2021,6,4,6,10,31,148,34609,0,1,4,-36.048956,146.93341,0,2,1,0,1,0,0,0,2,0,0,50,0,4552,5151,8,5,40,1,0,2,0,0
1266484,4,2021,2021,6,3,8,1,27,16,34609,0,1,1,-32.820466,151.419602,17,2,1,0,0,2,0,0,2,0,7,60,0,1850,1463,5,16,40,1,0,1,0,0
1266495,2,2021,2021,6,6,1,481,17,20,483,0,1,1,-31.048805,149.396951,51,1,0,1,0,0,3,2,0,0,7,110,2,1089,1089,7,5,40,1,0,0,1,0