Crash ID,Degree of crash - detailed,Reporting year,Year of crash,Month of crash,Day of week of crash,Two-hour intervals,Street of crash,Street type,Town,Route no.,School zone location,School zone active,Type of location,Latitude,Longitude,LGA,Urbanisation,Conurbation 1,Alignment,Street lighting,Road surface,Surface condition,Weather,Natural lighting,Signals operation,Other traffic control,Speed limit,Road classification,RUM - code,DCA - code,First impact type,Key TU type,Other TU type,No. of traffic units involved,No. killed,No. seriously injured,No. moderately injured,No. minor-other injured
1266496,2,2021,2021,8,5,2,829,27,149,770,0,1,2,-33.867795,151.175971,32,0,2,1,2,0,0,0,1,0,7,60,2,14295,14295,3,10,5,2,0,0,1,0
1266498,2,2021,2021,7,5,4,135,17,6,136,0,1,1,-35.594721,145.329438,51,1,0,1,0,0,0,0,2,0,7,100,2,3775,3775,0,21,13,2,0,0,1,1
1266502,1,2021,2021,6,1,4,65,31,609,115,0,1,10,-33.776722,150.901586,7,0,2,1,2,0,0,0,2,2,7,60,2,5929,5929,1,5,5,2,0,0,0,1
1266509,4,2021,2021,6,6,6,1,31,69,34609,0,1,9,-34.549568,150.855279,62,0,2,1,0,0,0,0,2,0,7,50,0,9859,9859,1,22,36,2,0,1,0,0
1266514,4,2021,2021,6,3,4,2,27,232,34609,0,1,9,-33.696661,150.928503,71,0,2,1,0,0,0,0,2,0,0,50,0,2852,2852,4,0,19,2,0,1,0,0
1266518,2,2021,2021,8,0,11,3371,17,58,3342,0,1,9,-33.751126,151.147305,36,0,2,1,2,0,0,0,0,2,7,60,2,5929,5929,1,5,5,2,0,0,1,1
1266520,2,2021,2021,8,6,8,109,27,169,34609,1,0,9,-33.764304,150.838536,7,0,2,0,2,0,0,0,3,0,0,50,0,3775,3775,0,5,0,2,0,0,1,0
1266522,2,2021,2021,8,2,6,8,27,3,34609,0,1,1,-33.123293,149.599157,3,1,0,0,0,0,3,4,2,0,7,100,0,1850,1463,5,16,40,1,0,0,1,0
1266524,4,2021,2021,6,5,9,98,27,87,799,0,1,2,-33.928526,150.976985,41,0,2,1,2,0,3,4,0,0,7,70,2,623,623,3,5,0,2,0,1,0,0
1266528,1,2021,2021,8,3,4,1,27,4,34609,0,1,1,-33.04201,151.325465,17,2,1,0,0,2,0,0,2,0,7,50,0,404,404,8,16,40,1,0,0,0,1
1266531,1,2021,2021,6,6,9,7,31,215,34609,0,1,1,-35.103837,147.368462,75,2,1,1,2,0,3,3,0,0,7,50,0,14295,14295,3,0,25,2,0,0,0,1
1266536,2,2021,2021,7,5,8,113,27,78,268,0,1,1,-33.880099,150.807663,55,0,2,1,0,0,0,0,2,0,7,80,2,14295,14295,3,9,5,4,0,0,1,0
1266538,2,2021,2021,8,4,5,515,14,166,518,0,1,3,-33.944389,150.982932,15,0,2,1,0,0,0,0,2,0,7,100,2,1282,1282,1,16,5,2,0,0,1,0
1266539,2,2021,2021,8,4,9,72,31,204,62,0,1,9,-33.935587,151.152542,4,0,2,1,2,0,0,0,0,0,0,60,1,5929,5929,1,5,5,2,0,0,1,0
1266540,4,2021,2021,6,4,6,161,17,8,161,0,1,9,-35.30907,148.047811,66,2,1,0,0,0,3,3,2,0,7,80,2,4552,5151,8,9,40,1,0,1,0,0
1266541,2,2021,2021,8,3,5,344,27,88,163,0,1,2,-33.740395,150.862876,7,0,2,1,0,0,0,0,2,0,7,70,2,14295,14295,3,10,0,4,0,0,1,1
1266545,2,2021,2021,0,2,4,32,27,56,62,0,1,9,-33.80712,151.199331,77,0,2,1,1,0,0,0,2,2,7,60,2,77,77,1,5,5,3,0,0,1,0
1266547,4,2021,2021,8,5,7,18,1,143,115,1,2,9,-33.705878,151.102514,31,0,2,1,1,0,0,0,2,0,7,40,1,2040,2040,9,9,28,2,0,1,0,0
1266548,2,2021,2021,0,4,3,2,31,562,34609,0,1,9,-32.239684,148.58477,22,2,1,1,1,0,0,0,2,0,7,50,0,9859,9859,8,16,40,1,0,0,1,0
1266550,2,2021,2021,8,2,4,109,27,18,174,0,1,9,-32.996128,151.535634,37,0,2,1,0,2,0,0,2,0,7,80,2,1850,777,5,16,40,1,0,0,1,0
1266551,1,2021,2021,0,6,7,1,27,93,78,0,1,10,-33.424774,149.614974,3,2,1,1,1,0,0,0,2,0,0,60,2,14295,14295,3,10,0,2,0,0,0,1
1266552,4,2021,2021,8,1,9,5,27,70,34609,0,1,1,-34.546262,150.304683,78,1,0,1,0,0,0,0,0,0,7,100,0,4026,4026,8,5,40,1,0,1,0,0
1266554,4,2021,2021,0,1,8,1,27,64,369,0,1,9,-33.697298,150.727405,55,0,2,1,0,0,0,0,2,0,0,80,2,2852,2852,4,10,19,2,0,1,0,0
1266555,4,2021,2021,0,0,10,2,36,27,3,0,1,1,-31.346918,143.187984,51,1,0,1,0,0,0,0,0,0,7,100,1,1089,1089,7,0,40,1,0,1,0,0
1266556,2,2021,2021,0,0,11,485,27,67,769,0,1,9,-33.656624,150.8741,71,0,2,1,2,0,0,0,0,2,15,80,2,5929,5929,1,10,12,2,0,0,1,0
1266557,1,2021,2021,8,1,8,4,31,246,34609,0,1,9,-33.920168,151.196587,69,0,2,1,2,0,0,0,3,0,7,50,0,217,217,1,22,5,2,0,0,0,1
1266560,4,2021,2021,8,6,6,1,27,64,34609,0,1,1,-34.386054,150.904558,80,0,2,1,1,0,3,4,2,0,7,50,0,9859,9859,1,0,5,2,0,1,0,0
1266564,2,2021,2021,8,2,3,8,27,6,34609,0,1,1,-32.36314,151.529161,51,2,1,0,0,0,0,0,2,0,7,80,0,4552,5151,8,8,40,1,0,0,1,0
1266566,4,2021,2021,0,6,5,117,27,72,144,0,1,9,-33.841844,151.088776,14,0,2,1,1,0,0,0,2,0,7,60,2,1192,1192,1,0,12,5,0,1,0,0
1266568,2,2021,2021,8,5,7,50,27,304,140,0,1,9,-33.902454,151.169287,32,0,2,1,1,0,3,4,2,0,7,60,1,340,340,9,10,28,2,0,0,1,0
1266569,1,2021,2021,0,0,9,127,27,135,103,0,1,10,-32.896539,151.735647,48,0,2,1,2,0,0,0,0,0,7,60,1,1945,1945,5,16,40,1,0,0,0,2
1266570,4,2021,2021,8,3,10,103,36,14,103,0,1,1,-32.447147,151.969137,43,1,0,0,0,0,0,0,0,0,7,90,1,2585,4009,8,10,40,1,0,1,0,0
1266571,2,2021,2021,0,0,8,8,31,25,34609,0,1,10,-32.840842,151.378389,17,2,1,1,0,0,0,6,2,0,0,50,0,6545,6545,4,5,0,2,0,0,1,1
1266572,4,2021,2021,0,5,7,78,27,11,74,0,1,9,-33.855603,151.130357,14,0,2,1,1,0,0,0,2,0,7,50,1,926,926,4,22,5,2,0,1,0,0
1266573,1,2021,2021,8,0,8,1,27,2,1,0,1,1,-33.74731,142.98469,51,1,0,0,0,2,0,3,2,0,7,100,1,1850,1463,5,16,40,1,0,0,0,1
1266575,2,2021,2021,0,2,5,57,31,77,321,0,1,9,-33.88542,151.202882,69,0,2,1,1,0,0,0,2,2,9,50,2,1220,1220,9,5,28,2,0,0,1,0
1266576,4,2021,2021,7,6,3,6,31,219,34609,0,1,7,-32.904926,151.663715,48,0,2,1,2,0,3,3,1,0,0,50,0,6545,6545,4,22,5,2,0,1,0,0
1266584,1,2021,2021,0,5,8,38,31,387,64,0,1,1,-33.921004,151.191732,4,0,2,1,0,0,0,0,2,0,7,50,2,1109,397,1,5,19,2,0,0,0,1
1266587,2,2021,2021,7,5,9,2209,17,166,2205,0,1,9,-33.894856,151.182043,69,0,2,1,1,0,0,0,3,3,7,50,2,1383,1383,1,22,5,2,0,0,1,0
1266588,2,2021,2021,0,5,5,60,31,50,34609,0,1,10,-33.655126,150.856026,7,0,2,1,1,0,0,0,2,0,0,60,0,6545,6545,4,10,0,2,0,0,1,0
1266589,2,2021,2021,0,0,4,280,10,89,240,0,1,2,-33.852274,150.893582,24,0,2,1,1,0,0,0,2,0,7,70,2,1383,1383,1,0,5,2,0,0,2,0
1266590,1,2021,2021,6,2,6,232,36,60,331,0,1,2,-34.036721,150.745706,12,0,2,1,1,0,0,0,2,0,7,80,2,14295,14295,3,5,0,2,0,0,0,1
1266591,2,2021,2021,0,5,7,1,27,60,34609,0,1,1,-33.434015,151.252434,16,2,2,0,0,2,0,0,2,0,7,40,0,1957,4009,8,30,40,1,0,0,1,0
1266592,2,2021,2021,8,1,8,161,17,8,161,0,1,1,-35.309074,148.048031,66,2,1,0,0,0,3,4,3,0,7,80,2,4552,5151,8,29,40,1,0,0,1,0
1266600,1,2021,2021,8,2,5,95,27,50,605,0,1,9,-33.621778,151.333264,50,0,2,1,3,0,0,0,2,0,7,60,2,1391,1391,1,5,5,3,0,0,0,1
1266601,1,2021,2021,6,1,6,515,14,202,518,0,1,3,-33.940199,151.03492,15,0,2,1,3,0,0,3,2,0,7,100,2,4026,4026,8,5,40,2,0,0,0,1
1266603,1,2021,2021,6,0,5,330,23,150,112,0,1,9,-33.926178,151.230421,59,0,2,1,3,0,0,0,2,2,7,60,2,1391,1391,1,10,36,2,0,0,0,1
1266610,1,2021,2021,6,2,8,193,27,32,41,0,1,10,-33.982171,151.126252,25,0,2,1,3,0,0,0,3,0,0,60,1,6545,6545,4,5,5,2,0,0,0,1
1266613,1,2021,2021,6,6,4,1052,27,104,262,0,1,10,-32.908997,151.70513,48,0,2,1,3,0,0,0,2,2,7,60,2,14295,14295,3,0,5,2,0,0,0,1
1266617,1,2021,2021,7,5,8,308,14,127,311,0,1,3,-33.85911,150.849064,24,0,2,1,3,0,0,0,3,0,7,100,2,14295,14295,3,9,0,3,0,0,0,1
1266620,2,2021,2021,0,0,7,62,10,55,169,0,1,7,-32.829863,151.53031,17,2,1,1,3,0,0,0,2,0,7,60,2,14295,14295,3,0,5,2,0,0,1,0
1266621,2,2021,2021,7,1,3,57,36,112,769,0,1,10,-33.611868,150.813812,29,2,2,1,0,0,0,0,2,2,0,60,2,5929,5929,1,30,5,2,0,0,1,0
1266623,4,2021,2021,8,4,10,5,27,1,34609,0,1,1,-32.173199,152.096947,43,2,1,0,0,0,3,4,0,0,6,80,0,2585,4009,8,5,40,1,0,1,0,0
1266624,2,2021,2021,0,1,6,3371,17,173,3342,0,1,10,-33.71601,151.108738,31,0,2,0,1,0,0,0,2,2,7,60,2,5929,5929,1,5,5,2,0,0,1,1
1266625,1,2021,2021,8,3,8,1,27,4,34609,0,1,1,-29.810684,152.642754,18,1,0,0,3,2,0,0,2,0,7,100,0,1850,1463,5,0,40,1,0,0,0,2
1266626,2,2021,2021,8,1,7,2126,17,223,2149,0,1,10,-33.800302,150.903693,7,0,2,1,1,0,0,0,2,2,7,80,2,5929,5929,1,5,5,4,0,0,1,0
1266629,4,2021,2021,8,6,7,7,27,11,34609,0,1,1,-31.484692,152.751148,56,2,1,0,0,0,0,0,2,0,7,80,0,3775,3775,0,5,12,2,0,1,1,0
1266630,2,2021,2021,8,0,4,81,17,2,100,0,1,1,-34.437149,150.474386,78,2,1,1,1,0,0,0,2,0,7,80,2,14295,14295,3,29,12,4,0,0,2,1
1266637,4,2021,2021,8,5,8,5,27,90,28,0,1,1,-33.791526,150.943709,21,0,2,1,2,0,0,0,0,0,7,60,1,3775,3775,0,22,0,2,0,1,0,0
1266638,2,2021,2021,6,5,3,2,1,58,34609,0,1,9,-34.054508,151.117231,68,0,2,1,1,0,0,0,2,0,7,50,0,5929,5929,1,0,5,2,0,0,2,0
1266653,2,2021,2021,8,0,5,6,31,237,34609,0,1,1,-33.87094,150.956487,24,0,2,1,2,0,3,4,2,0,7,40,0,340,340,9,5,28,2,0,0,1,0
1266654,2,2021,2021,7,0,9,38,27,290,159,0,1,10,-33.949164,151.128688,4,0,2,1,2,0,0,0,0,0,0,60,2,14295,14295,3,5,5,3,0,0,3,0
1266655,4,2021,2021,7,0,10,3,1,167,34609,0,1,1,-33.849381,151.062733,54,0,2,1,2,0,0,0,0,0,7,50,0,340,340,9,5,28,2,0,1,1,0
1266656,2,2021,2021,7,5,8,168,10,387,260,0,1,2,-33.946107,151.17221,4,0,2,1,0,0,3,3,2,0,7,70,2,4026,4026,8,9,40,3,0,0,1,0
1266659,2,2021,2021,0,5,9,105,27,67,109,0,1,1,-33.874667,150.897476,24,0,2,1,2,0,0,0,0,0,7,60,1,9859,9859,1,0,0,2,0,0,1,0
1266660,4,2021,2021,0,1,5,7,27,46,34609,0,1,9,-35.163356,147.382285,75,2,1,0,0,0,0,0,2,0,15,50,0,515,515,1,5,27,2,0,1,0,0
1266661,1,2021,2021,7,1,5,47,27,53,34609,1,0,1,-33.740807,151.289932,50,0,2,1,0,0,3,4,2,0,7,50,0,9859,9859,1,5,0,3,0,0,0,1
1266662,2,2021,2021,7,6,4,157,17,5,158,0,1,1,-33.500458,149.290422,51,1,0,0,0,0,0,0,2,0,7,100,2,3775,3775,0,5,13,2,0,0,2,0
1266663,2,2021,2021,8,0,10,157,17,36,158,0,1,1,-33.547304,149.236916,51,1,0,0,0,0,0,0,0,0,7,100,2,782,957,5,30,40,1,0,0,1,1
1266664,4,2021,2021,0,2,5,3371,17,57,3342,0,1,9,-33.674705,151.112082,31,0,2,1,1,0,0,0,2,0,7,60,2,515,515,1,5,27,2,0,1,0,0
1266667,4,2021,2021,0,4,3,251,27,64,212,0,1,9,-33.759843,151.218754,50,0,2,0,2,0,3,0,1,0,7,70,2,5929,5929,1,10,27,2,0,1,0,0
1266668,1,2021,2021,7,1,4,67,27,30,78,0,1,9,-33.859478,151.14242,14,0,2,1,3,0,0,3,2,2,7,50,2,1282,1282,1,0,5,2,0,0,0,1
1266669,4,2021,2021,0,0,8,1,27,12,34609,0,1,1,-33.678789,149.103607,51,1,0,0,0,0,0,0,3,0,7,100,0,4552,5151,8,5,40,1,0,2,0,0
1266670,4,2021,2021,8,0,5,14,27,125,32,0,1,10,-33.822965,151.124648,61,0,2,1,1,0,0,0,2,0,15,50,1,1220,1220,9,5,28,2,0,1,0,0
1266672,4,2021,2021,8,1,6,232,36,40,331,0,1,10,-33.949825,150.838837,41,0,2,1,1,0,0,0,2,2,7,70,2,14295,14295,3,10,5,2,0,1,0,0
1266673,4,2021,2021,8,2,6,485,27,460,34609,0,1,7,-33.829139,150.987379,21,0,2,1,1,0,0,0,2,0,0,50,0,1259,985,8,0,40,1,0,1,0,0
1266674,4,2021,2021,6,1,4,5,27,39,34609,0,1,1,-35.992282,147.039356,0,1,0,1,0,0,0,6,2,0,7,100,0,395,395,1,30,19,2,0,1,0,0
1266675,4,2021,2021,8,4,10,87,1,225,19,0,1,10,-33.79809,151.182878,77,0,2,1,2,0,0,0,0,2,7,40,1,5929,5929,1,5,19,2,0,1,0,0
1266676,4,2021,2021,8,4,1,3371,17,36,3342,0,1,2,-33.621367,151.155373,31,0,2,1,1,0,3,0,0,0,7,80,2,1089,1089,7,16,40,1,0,1,0,0
1266679,4,2021,2021,0,3,8,1052,14,207,928,0,1,3,-33.554464,151.192378,31,0,2,1,0,0,0,0,2,0,7,110,2,4026,4026,8,0,40,1,0,1,2,0
1266682,2,2021,2021,6,3,4,192,10,57,114,0,1,1,-33.455651,151.357663,16,2,2,0,1,0,0,0,2,0,7,60,2,1981,1981,4,5,5,2,0,0,2,0
1266683,2,2021,2021,6,4,9,280,10,237,240,0,1,7,-33.857198,150.950562,24,0,2,1,2,0,3,3,0,0,0,60,2,5929,5929,1,5,5,3,0,0,1,0
1266684,2,2021,2021,6,5,9,8,27,61,8,0,1,9,-33.745806,150.880738,7,0,2,1,2,0,3,4,0,0,7,60,1,14295,14295,3,10,5,2,0,0,1,0
1266685,4,2021,2021,6,1,3,171,27,113,369,0,1,10,-33.775677,150.711963,55,0,2,1,2,0,0,0,1,2,7,70,2,5929,5929,1,34,5,3,0,1,1,0
1266693,2,2021,2021,6,1,4,107,22,346,144,1,0,9,-33.879913,151.092833,9,0,2,1,1,0,0,0,2,0,0,60,2,1669,1669,3,0,5,2,0,0,1,0
1266696,4,2021,2021,0,0,8,4,31,70,34609,0,1,1,-33.912277,150.97981,15,0,2,1,1,0,0,0,3,0,7,50,0,1109,397,1,9,19,2,0,1,0,0
1266700,2,2021,2021,0,4,4,481,17,17,483,0,1,1,-33.625346,147.603998,51,1,0,0,0,0,0,0,2,0,7,110,2,1383,1383,1,5,2,2,0,0,1,0
1266701,2,2021,2021,6,1,4,19,23,52,34609,0,1,9,-33.955959,150.947449,41,0,2,0,1,0,0,0,2,0,0,50,0,5929,5929,1,5,5,2,0,0,1,0
1266702,2,2021,2021,7,5,5,149,10,85,34609,0,1,1,-33.78413,150.673157,55,0,2,1,1,0,0,0,2,0,7,50,0,1282,1282,1,5,40,1,0,0,2,0
1266704,2,2021,2021,0,2,6,220,27,323,222,0,1,9,-33.763474,150.957951,71,0,2,1,3,0,2,6,2,3,7,80,2,5929,5929,1,0,5,2,0,0,2,0
1266707,2,2021,2021,8,0,8,32,27,42,27,0,1,1,-33.66037,151.2347,50,0,2,0,0,0,3,3,2,0,7,60,2,4552,5151,8,5,40,1,0,0,2,0
1266710,2,2021,2021,6,4,9,224,27,246,321,0,1,10,-33.901489,151.201136,69,0,2,1,2,0,3,4,0,2,7,50,2,2040,2040,9,5,28,2,0,0,1,0
1266711,4,2021,2021,6,5,7,191,27,309,208,0,1,9,-33.813698,151.105975,61,0,2,1,0,0,0,0,2,2,9,60,2,2040,2040,9,5,28,2,0,1,0,0
1266716,2,2021,2021,6,2,6,1052,14,17,928,0,1,3,-32.931811,151.550032,37,0,2,0,0,0,0,0,2,0,7,110,2,1259,5151,8,10,40,1,0,0,1,0
1266717,2,2021,2021,6,3,9,220,14,113,220,0,1,3,-34.266829,150.926723,80,0,2,0,0,0,0,0,0,0,7,110,2,4552,5151,8,5,40,1,0,0,1,0
1266718,2,2021,2020,2,2,9,36,27,9,72,0,1,8,-28.716928,153.482408,10,2,1,0,0,0,0,0,2,0,7,80,2,3775,3775,0,0,0,2,0,0,2,3
1266720,2,2021,2021,6,3,10,213,17,9,213,0,1,1,-29.588763,152.56829,18,2,1,0,0,0,0,0,0,0,7,80,2,4552,5151,8,0,40,1,0,0,2,0
1266722,1,2021,2021,6,0,6,50,27,125,51,0,1,1,-33.854898,151.078328,67,0,2,1,1,0,0,0,2,2,9,50,1,1220,1220,9,0,28,2,0,0,0,1
1266723,2,2021,2021,6,3,4,13,27,5,34609,0,1,9,-32.47219,151.172839,64,1,0,1,0,0,0,0,2,0,7,100,0,9859,9859,8,5,40,1,0,0,1,0
1266724,4,2021,2021,0,1,6,916,17,66,917,0,1,2,-32.810437,151.671944,48,0,2,1,1,0,0,0,2,0,7,80,2,14295,14295,3,29,5,5,0,1,1,1
1266727,2,2021,2021,6,5,6,60,27,101,262,0,1,2,-32.902801,151.623001,37,0,2,1,1,0,0,0,2,0,7,90,2,14295,14295,3,8,13,4,0,0,1,0
1266729,2,2021,2021,6,4,8,24,27,106,41,0,1,1,-28.878971,153.07072,60,1,0,1,0,0,0,0,3,0,7,100,1,623,623,3,0,0,2,0,0,1,0
1266730,4,2021,2021,0,6,10,2209,17,166,2205,0,1,1,-33.89287,151.185244,69,0,2,1,2,0,0,0,0,0,7,50,2,941,941,1,5,19,2,0,1,0,0
1266731,2,2021,2021,6,4,9,2209,17,176,2205,0,1,10,-33.957114,151.137865,4,0,2,1,2,0,0,0,0,2,7,60,2,1945,1945,5,16,40,1,0,0,1,0
1266734,2,2021,2021,8,2,6,115,27,99,114,0,1,1,-33.887767,151.264692,76,0,2,1,1,0,0,0,2,0,7,50,2,9859,9859,8,15,40,1,0,0,1,0
1266740,2,2021,2021,3,5,7,829,27,149,770,0,1,10,-33.863757,151.170068,32,0,2,1,2,0,0,0,2,2,7,60,2,1383,1383,1,15,12,2,0,0,1,0
1266741,1,2021,2021,0,1,4,3371,17,89,3342,0,1,2,-28.219534,153.549571,72,1,0,1,0,0,0,0,2,0,7,100,2,1282,1282,1,3,5,2,0,0,0,1
1266742,1,2021,2021,6,1,4,19,1,80,44,0,1,10,-33.810728,151.163556,38,0,2,1,3,0,0,0,2,2,7,60,2,14295,14295,3,30,0,2,0,0,0,1
1266745,1,2021,2021,8,1,7,234,27,337,217,0,1,9,-33.738342,151.000856,71,0,2,1,3,0,0,0,2,0,7,60,2,2852,2852,4,5,12,2,0,0,0,1
1266747,4,2021,2021,0,1,5,157,17,4,158,0,1,1,-33.499867,149.37677,3,2,1,0,0,0,0,0,2,0,7,80,2,273,957,5,5,40,1,0,1,0,0
1266749,1,2021,2021,6,5,3,34,27,38,117,1,0,2,-32.925905,151.696007,48,0,2,1,3,0,3,4,1,2,7,60,2,14295,14295,3,8,13,3,0,0,0,1
1266753,1,2021,2021,6,3,10,2,10,72,34609,0,1,1,-33.794737,151.051622,54,0,2,1,3,0,0,0,0,0,7,50,0,214,214,9,0,28,2,0,0,0,1
1266755,1,2021,2021,8,5,5,1104,14,283,962,0,1,3,-33.82768,151.015453,54,0,2,0,3,0,3,4,2,0,7,90,2,14295,14295,3,5,5,3,0,0,0,1
1266757,1,2021,2021,8,5,3,13,27,438,563,0,1,2,-33.848387,151.039351,21,0,2,1,3,0,0,0,1,0,7,70,2,1391,1391,1,8,5,2,0,0,0,1
1266760,1,2021,2021,8,4,5,2261,17,96,2252,0,1,3,-34.229836,150.667674,79,1,2,1,3,0,0,0,2,0,7,110,2,14295,14295,3,9,5,2,0,0,0,1
1266762,1,2021,2021,6,5,10,100,27,42,100,0,1,1,-33.863127,150.847255,24,0,2,1,3,0,0,0,0,0,7,80,2,1391,1391,1,30,5,2,0,0,0,1
1266766,2,2021,2021,0,4,3,2209,17,70,2205,0,1,7,-34.842474,150.594128,63,2,1,1,1,0,0,0,2,0,0,70,2,19,19,1,0,19,2,0,0,1,0
1266770,1,2021,2021,3,3,6,42,36,6,6,0,1,1,-36.78436,148.411787,65,2,1,0,0,2,0,0,2,0,7,80,1,3775,3775,0,16,13,2,0,0,0,1
1266771,4,2021,2021,8,3,2,24,27,11,24,0,1,1,-34.850372,150.626606,63,1,0,0,0,0,0,0,0,0,7,100,1,1957,4009,8,0,40,1,0,1,0,0
1266773,4,2021,2021,0,2,11,115,27,113,173,0,1,6,-34.366618,150.858938,80,0,2,0,0,0,0,0,0,0,7,80,2,2585,4009,8,5,40,1,0,1,1,0
1266774,2,2021,2021,6,2,9,41,31,445,34609,0,1,1,-33.866396,151.045515,21,0,2,1,2,0,0,0,0,0,7,50,0,1220,1220,9,5,28,2,0,0,1,0
1266785,2,2021,2021,8,2,7,20,27,17,34609,0,1,1,-31.872203,152.637545,43,1,0,1,0,0,0,0,2,0,7,90,0,9859,9859,8,5,40,1,0,0,1,0
1266789,4,2021,2021,6,6,8,334,17,15,308,0,1,1,-30.967511,150.666296,70,1,0,0,0,0,0,0,2,0,7,100,2,14295,14295,3,10,41,4,0,1,1,0
1266790,2,2021,2021,6,0,10,99,31,609,34609,0,1,10,-33.76409,150.915704,7,0,2,1,2,0,0,0,0,0,15,50,0,2040,2040,9,5,28,2,0,0,1,0
1266791,4,2021,2021,8,4,6,2,31,253,34609,1,0,1,-33.964397,151.10823,25,0,2,1,0,0,0,0,2,0,7,50,0,1220,1220,9,5,28,2,0,1,0,0
1266796,2,2021,2021,6,5,10,38,31,387,64,0,1,10,-33.924781,151.190127,4,0,2,1,2,0,0,0,0,2,9,50,2,2040,2040,9,5,28,2,0,0,1,0
1266797,4,2021,2021,6,2,5,4,31,370,34609,0,1,10,-34.071839,150.814775,13,0,2,1,1,0,0,0,2,0,15,60,0,6545,6545,4,0,0,4,0,1,0,1
1266798,2,2021,2021,7,3,6,29,31,609,48,1,0,10,-33.769156,150.892413,7,0,2,1,2,0,0,0,2,2,7,60,1,5929,5929,1,5,0,2,0,0,2,0
1266799,2,2021,2021,7,1,7,109,27,38,169,0,1,1,-32.814726,151.457755,17,2,1,1,1,0,0,0,2,0,7,60,2,14295,14295,3,5,5,2,0,0,1,1
1266801,2,2021,2021,0,5,6,3371,17,44,3342,0,1,1,-33.214018,151.511793,16,2,2,1,1,0,0,0,2,0,7,70,2,1383,1383,1,10,5,2,0,0,1,0
1266807,4,2021,2021,0,3,5,1,4,323,34609,1,0,1,-33.758634,150.962416,71,0,2,1,0,0,0,0,2,0,7,50,0,9859,9859,8,5,40,1,0,1,1,0
1266808,4,2021,2021,8,3,8,83,31,43,34609,0,1,1,-33.586262,150.858775,29,2,2,1,2,0,0,0,0,0,7,50,0,1669,1669,3,16,19,2,0,1,0,0
1266810,2,2021,2021,8,3,9,293,31,112,769,0,1,9,-33.607565,150.821087,29,2,2,1,2,0,0,0,0,0,7,60,2,2852,2852,4,5,0,2,0,0,2,0
1266811,2,2021,2021,8,1,1,220,14,51,220,0,1,3,-34.169975,150.97809,80,0,2,1,2,0,0,1,0,0,7,110,2,14295,14295,3,5,13,2,0,0,1,1
1266816,1,2021,2021,6,1,5,1052,14,33,928,0,1,3,-33.660253,151.129731,31,0,2,1,3,0,0,0,2,0,7,110,2,1945,1945,5,10,40,1,0,0,0,1
1266818,1,2021,2021,8,0,9,31,27,157,34609,0,1,10,-34.020573,151.095121,68,0,2,1,3,0,0,0,0,0,15,50,0,6545,6545,4,0,5,2,0,0,0,1
1266833,1,2021,2021,6,1,3,5,1,154,34609,0,1,10,-33.714472,150.951418,71,0,2,0,3,0,0,0,2,0,0,50,0,6545,6545,4,5,5,2,0,0,0,1
1266834,1,2021,2021,3,4,4,35,31,15,262,0,1,10,-32.918081,151.738495,48,0,2,1,3,0,0,0,2,0,15,60,2,14295,14295,3,33,0,2,0,0,0,1
1266837,2,2021,2021,8,4,8,127,27,59,103,0,1,1,-32.891984,151.729398,48,0,2,1,1,0,0,0,2,0,7,60,1,9859,9859,1,5,13,2,0,0,1,0
1266843,2,2021,2021,6,0,4,1,18,5,34609,0,1,9,-32.436858,149.621289,44,1,0,1,0,0,3,3,2,0,7,100,0,4026,4026,8,8,40,1,0,0,1,0
1266848,4,2021,2021,8,2,5,59,10,14,231,0,1,1,-33.503703,151.385594,16,2,2,1,0,0,0,0,2,0,7,70,2,9859,9859,1,5,13,2,0,1,0,0
1266850,4,2021,2021,8,3,6,157,17,36,158,0,1,10,-33.532688,149.255193,51,2,1,1,0,0,0,0,2,0,0,50,2,1109,397,1,5,5,2,0,1,0,0
1266854,2,2021,2021,8,3,10,13,27,7,34609,0,1,1,-31.453165,152.720168,56,2,1,1,2,0,3,3,0,0,7,50,0,4026,4026,8,5,40,1,0,0,1,0
1266857,4,2021,2021,0,0,2,205,27,161,415,0,1,10,-33.713222,151.174439,36,0,2,1,2,0,0,0,0,2,7,60,2,9859,9859,8,29,40,1,0,1,0,0
1266859,4,2021,2021,0,3,7,334,17,21,308,0,1,1,-31.409047,152.147849,56,1,0,0,0,0,3,4,2,0,7,100,2,1850,1463,5,16,40,1,0,1,0,0
1266868,4,2021,2021,8,3,8,11,31,72,44,1,0,10,-33.828826,151.225489,49,0,2,1,2,0,0,0,0,2,7,50,1,4026,4026,8,0,40,1,0,2,0,0
1266869,2,2021,2021,0,5,2,515,14,166,518,0,1,3,-33.943817,150.98683,15,0,2,1,0,0,0,0,0,0,7,100,2,1383,1383,1,8,5,2,0,0,1,0
1266872,2,2021,2021,8,3,4,2126,17,38,2149,0,1,9,-33.776298,150.800889,55,0,2,1,1,0,0,0,2,0,0,80,2,2852,2852,4,5,5,2,0,0,2,1
1266875,2,2021,2021,8,2,4,83,27,169,147,0,1,9,-28.657301,153.616233,10,2,1,1,1,0,0,0,2,0,7,50,1,41,41,8,22,40,2,0,0,1,1
1266876,2,2021,2021,8,4,4,478,17,96,480,0,1,2,-33.437741,151.37417,16,2,2,1,3,0,0,0,2,0,7,70,2,14295,14295,3,9,5,2,0,0,1,0
1266881,1,2021,2021,6,4,1,1052,14,108,928,0,1,3,-33.307463,151.40133,16,1,2,1,3,0,0,0,0,0,7,110,2,14295,14295,3,29,0,2,0,0,0,1