Crash ID,Degree of crash - detailed,Reporting year,Year of crash,Month of crash,Day of week of crash,Two-hour intervals,Street of crash,Street type,Town,Route no.,School zone location,School zone active,Type of location,Latitude,Longitude,LGA,Urbanisation,Conurbation 1,Alignment,Street lighting,Road surface,Surface condition,Weather,Natural lighting,Signals operation,Other traffic control,Speed limit,Road classification,RUM - code,DCA - code,First impact type,Key TU type,Other TU type,No. of traffic units involved,No. killed,No. seriously injured,No. moderately injured,No. minor-other injured
1266883,1,2021,2021,6,5,8,31,22,74,34609,0,1,1,-34.437893,150.863019,80,0,2,0,3,0,0,0,2,2,9,50,0,5929,5929,1,0,5,2,0,0,0,1
1266890,1,2021,2021,6,1,8,72,27,82,102,1,0,9,-33.79536,151.255562,50,0,2,1,3,0,3,3,0,0,7,60,2,623,623,3,5,0,2,0,0,0,1
1266891,1,2021,2021,8,4,6,79,10,18,231,0,1,1,-33.464608,151.317824,16,2,2,0,3,0,0,0,2,0,7,60,2,14295,14295,3,10,5,2,0,0,0,1
1266892,2,2021,2021,4,2,6,2209,17,14,2205,0,1,10,-33.973573,151.129754,25,0,2,1,3,0,0,0,2,2,7,70,2,1192,1192,1,5,12,4,0,0,1,0
1266893,1,2021,2021,6,5,3,9,27,57,34609,0,1,9,-32.989285,151.695611,37,0,2,1,3,0,3,3,0,0,0,60,0,2852,2852,4,0,5,2,0,0,0,1
1266894,2,2021,2021,6,5,7,3,31,646,34609,0,1,7,-33.912102,151.032333,15,0,2,1,3,0,0,0,2,0,7,60,0,1391,1391,1,5,5,2,0,0,1,0
1266899,2,2021,2021,6,2,5,57,27,155,75,0,1,1,-33.495769,151.29538,16,2,2,0,0,0,0,0,2,0,7,60,1,3775,3775,0,10,0,3,0,0,1,1
1266900,1,2021,2021,6,2,7,25,31,363,34609,0,1,10,-33.825481,150.998691,54,0,2,1,1,0,0,0,2,0,15,50,0,6545,6545,4,0,5,2,0,0,0,1
1266902,4,2021,2021,7,2,7,1,27,12,34609,0,1,1,-34.141361,147.375901,51,1,0,1,0,0,0,0,2,0,7,100,0,4026,4026,8,5,40,1,0,1,0,0
1266903,4,2021,2021,8,6,0,2,10,337,34609,0,1,1,-33.719193,151.021609,31,0,2,1,0,0,0,0,0,0,7,50,0,4026,4026,1,0,13,2,0,1,0,0
1266905,1,2021,2021,8,1,3,27,27,251,136,0,1,9,-33.767372,150.948888,7,0,2,1,1,0,0,0,2,2,7,60,2,515,515,1,29,5,2,0,0,0,1
1266907,1,2021,2021,6,3,5,133,31,139,51,0,1,1,-33.884216,151.143393,32,0,2,1,1,0,0,0,2,0,7,50,1,1981,1981,4,5,5,2,0,0,0,1
1266909,4,2021,2021,6,0,3,8,27,187,34609,0,1,9,-33.79904,150.982031,54,0,2,1,1,0,3,3,2,2,7,50,0,14295,14295,3,16,0,2,0,1,0,0
1266910,4,2021,2021,8,0,4,27,1,202,34609,0,1,1,-33.945491,151.032682,15,0,2,1,1,0,0,0,2,0,7,50,0,238,238,9,10,28,2,0,1,0,0
1266913,4,2021,2021,8,0,7,4,7,22,34609,0,1,1,-33.641174,150.811451,29,2,2,1,1,0,0,0,2,0,7,40,0,340,340,9,0,28,2,0,1,0,0
1266914,2,2021,2021,8,5,6,916,17,44,917,0,1,9,-32.037263,150.864365,73,1,0,1,1,0,0,0,2,0,15,100,2,2852,2852,4,10,5,2,0,0,1,1
1266917,2,2021,2021,0,0,7,10,10,121,34609,0,1,9,-28.202722,153.542911,72,2,1,1,0,0,0,0,2,0,0,50,0,926,926,4,10,19,2,0,0,1,0
1266918,2,2021,2021,4,1,9,478,17,35,480,0,1,9,-33.260041,151.56088,16,2,2,1,1,0,0,0,2,0,7,60,2,1669,1669,3,5,0,2,0,0,1,1
1266919,2,2021,2021,6,6,3,48,10,13,58,0,1,2,-32.899659,151.752979,48,0,2,1,3,0,2,6,2,0,7,80,2,9859,9859,8,10,40,1,0,0,1,0
1266920,2,2021,2021,6,0,8,20,31,387,34609,1,0,1,-33.926429,151.202046,4,0,2,1,2,0,0,0,3,0,9,50,0,2040,2040,9,5,28,2,0,0,1,0
1266921,1,2021,2021,7,4,4,866,17,173,793,0,1,9,-33.719386,151.107081,31,0,2,1,1,0,0,0,2,0,7,60,2,5929,5929,1,0,5,2,0,0,0,1
1266924,4,2021,2021,6,0,5,17,27,24,34609,0,1,1,-34.01581,150.69042,12,0,2,1,0,0,0,0,2,0,7,60,0,9859,9859,1,5,5,3,0,1,0,0
1266928,2,2021,2021,6,2,9,1,1,31,34609,1,0,9,-33.926567,150.890411,41,0,2,1,2,0,0,0,0,0,7,50,0,5929,5929,1,5,5,2,0,0,1,0
1266933,2,2021,2021,0,4,6,10,27,2,34609,0,1,1,-29.845034,152.362943,18,2,1,0,0,2,0,0,2,0,7,50,0,1850,1463,5,16,40,1,0,0,1,0
1266934,2,2021,2021,7,6,7,512,17,11,441,0,1,1,-32.9121,148.890086,11,1,0,0,0,0,0,0,2,0,7,100,2,1981,1981,4,15,35,2,0,0,1,0
1266937,1,2021,2021,6,4,9,54,31,56,62,0,1,1,-33.802469,151.198408,77,0,2,1,2,0,3,0,0,0,7,60,2,1945,1945,5,16,40,1,0,0,0,1
1266941,1,2021,2020,2,2,6,25,27,49,27,0,1,1,-34.354663,148.844359,30,1,0,1,0,0,0,0,2,0,7,100,1,9859,9859,8,5,40,1,0,0,0,1
1266943,4,2021,2021,0,0,8,1052,14,118,928,0,1,3,-33.427988,151.275617,16,1,2,1,1,0,0,0,3,0,7,110,2,14295,14295,3,16,0,2,0,1,0,0
1266944,4,2021,2021,8,1,5,475,31,252,75,0,1,9,-33.881665,151.208646,69,0,2,1,1,0,0,0,2,1,7,40,1,515,515,1,5,19,2,0,1,0,0
1266949,4,2021,2021,6,1,8,5,31,224,34609,0,1,9,-33.833017,151.241005,45,0,2,1,2,0,0,0,3,0,7,50,0,5929,5929,1,30,19,2,0,1,0,0
1266952,2,2021,2021,6,5,8,126,27,27,168,0,1,9,-34.041697,150.749051,12,0,2,1,2,0,0,0,0,2,7,80,2,14295,14295,3,0,5,3,0,0,1,0
1266958,2,2021,2021,6,5,6,125,27,24,144,0,1,2,-32.876342,151.794374,48,0,2,1,1,0,0,0,2,0,7,70,2,9859,9859,8,5,40,1,0,0,1,0
1266959,2,2021,2021,6,4,8,308,14,42,311,0,1,3,-33.867002,150.84702,24,0,2,1,2,0,0,0,3,0,7,100,2,14295,14295,3,0,0,4,0,0,1,0
1266960,2,2021,2021,6,1,10,2126,17,19,2149,0,1,9,-33.439558,149.936519,40,2,1,1,2,0,0,6,0,0,0,60,2,41,41,8,5,40,1,0,0,1,0
1266961,4,2021,2021,6,5,7,42,25,323,34609,0,1,7,-33.759653,150.991911,71,0,2,0,1,0,0,0,2,0,9,50,0,238,238,9,33,28,2,0,1,0,0
1266962,1,2021,2021,0,2,7,86,27,3,65,0,1,1,-30.160097,152.583625,18,1,0,0,0,0,0,0,2,0,7,100,1,4552,5151,8,16,40,1,0,0,0,1
1266965,4,2021,2021,0,6,6,12,27,36,41,0,1,1,-33.544306,148.578427,11,1,0,0,0,0,0,0,2,0,7,100,1,14295,14295,3,34,0,2,0,1,1,0
1266968,4,2021,2021,0,4,2,1,27,80,34609,0,1,1,-34.542321,146.342685,51,2,1,1,0,0,0,0,1,0,7,80,0,1089,1089,7,16,40,1,0,1,0,0
1266971,2,2021,2021,8,4,4,14,1,64,34609,0,1,10,-33.705754,150.732638,55,0,2,1,0,0,0,0,2,0,15,70,0,6545,6545,4,34,0,2,0,0,1,0
1266972,1,2021,2021,0,0,4,85,31,316,7,0,1,1,-33.909092,151.238794,59,0,2,1,1,0,0,0,2,0,7,50,1,1220,1220,9,30,28,2,0,0,0,1
1266974,4,2021,2021,7,5,10,8,31,207,34609,0,1,1,-31.952194,141.461583,51,2,1,1,2,0,0,0,0,0,7,50,0,2040,2040,9,5,28,3,0,2,1,0
1266975,4,2021,2021,0,6,5,42,27,1,34609,0,1,1,-28.455769,153.349454,72,2,1,0,0,0,0,0,2,0,7,60,0,782,957,5,16,40,1,0,1,0,0
1266977,2,2021,2021,6,5,10,177,22,239,176,0,1,10,-34.037471,151.118266,68,0,2,0,3,0,3,0,0,2,7,60,2,623,623,3,30,5,2,0,0,1,0
1266978,4,2021,2021,8,5,4,18,1,108,34609,0,1,1,-33.817004,151.182017,77,0,2,1,0,0,0,0,2,0,7,50,0,186,186,9,5,28,2,0,1,0,0
1266979,1,2021,2021,8,2,5,2,27,15,34609,0,1,1,-33.089353,151.391936,37,0,2,0,3,2,0,0,2,0,7,100,0,404,404,8,16,40,1,0,0,0,1
1266982,1,2021,2021,8,3,9,829,27,363,770,0,1,2,-33.809253,151.023664,54,0,2,1,3,0,0,0,0,0,7,60,2,1391,1391,1,5,5,2,0,0,0,1
1266983,2,2021,2021,6,2,11,3,27,65,34609,0,1,1,-33.38547,151.401466,16,2,2,0,3,0,3,4,0,0,7,60,0,4552,5151,8,5,40,1,0,0,1,0
1266985,1,2021,2021,6,5,8,3371,17,92,3342,0,1,7,-33.403698,151.350342,16,2,2,0,3,0,3,5,0,0,0,60,2,14295,14295,3,10,5,2,0,0,0,1
1266987,4,2021,2021,8,5,5,294,17,11,288,0,1,1,-34.466576,145.412785,51,1,0,0,0,0,0,0,2,0,7,110,2,782,957,5,26,40,1,0,1,0,0
1266988,4,2021,2021,6,3,8,475,31,80,75,0,1,9,-33.881665,151.208646,69,0,2,1,3,0,3,4,2,2,7,40,1,5929,5929,1,5,36,2,0,1,0,0
1266996,1,2021,2021,8,2,6,222,27,74,70,0,1,7,-33.728671,151.041299,31,0,2,0,3,0,0,0,2,0,0,60,2,14295,14295,3,21,5,2,0,0,0,1
1266998,1,2021,2021,8,6,4,2126,17,94,2149,0,1,9,-33.774925,150.794012,55,0,2,1,3,0,0,0,2,2,7,60,2,5929,5929,1,0,5,2,0,0,0,1
1266999,1,2021,2021,6,5,10,2126,17,445,2149,0,1,1,-33.851489,151.054995,21,0,2,1,3,0,0,0,0,0,7,60,2,14295,14295,3,5,5,2,0,0,0,1
1267003,2,2021,2021,8,5,6,48,27,20,62,0,1,1,-35.533082,148.13995,66,1,0,0,0,0,3,4,2,0,7,100,2,1957,4009,8,5,40,1,0,0,4,0
1267004,2,2021,2021,8,6,3,2261,17,70,2252,0,1,2,-34.716212,150.003748,26,1,0,1,0,0,0,0,2,0,7,110,2,14295,14295,3,5,35,2,0,0,1,0
1267006,4,2021,2021,8,0,6,829,27,125,770,0,1,9,-33.822568,151.121785,61,0,2,1,1,0,3,4,2,2,7,60,2,14295,14295,3,6,5,2,0,1,0,0
1267008,1,2021,2021,6,5,5,11,31,224,44,0,1,9,-33.826312,151.231187,49,0,2,1,3,0,0,0,2,0,2,50,1,5929,5929,1,5,5,2,0,0,0,1
1267012,2,2021,2021,8,1,6,38,31,246,64,0,1,10,-33.915653,151.194973,69,0,2,1,1,0,0,0,2,2,7,50,2,2040,2040,9,30,28,2,0,0,1,0
1267013,2,2021,2021,0,6,9,7,31,41,34609,1,0,1,-33.86702,150.987495,24,0,2,1,2,0,3,4,2,0,7,50,0,5929,5929,1,5,5,2,0,0,1,0
1267014,4,2021,2021,8,3,10,308,14,252,311,0,1,7,-33.934507,150.868827,41,0,2,1,2,0,0,0,0,0,7,60,2,78,78,8,5,40,1,0,1,0,0
1267019,4,2021,2021,8,6,4,916,17,8,917,0,1,1,-31.289831,150.906149,70,1,0,1,0,0,0,0,2,0,7,100,2,1669,1669,3,10,13,3,0,1,1,0
1267020,4,2021,2021,8,2,1,222,27,24,34609,0,1,9,-28.834066,153.384079,39,2,1,1,0,0,3,4,0,0,7,50,0,9859,9859,8,10,40,1,0,1,0,0
1267031,1,2021,2021,6,4,4,53,36,18,95,0,1,10,-33.256251,148.995297,11,1,0,1,3,0,3,5,2,0,7,100,2,3775,3775,0,8,13,2,0,0,0,1
1267033,2,2021,2021,0,4,10,4,31,34,34609,0,1,10,-37.061861,149.907252,5,2,1,1,2,0,0,0,0,0,0,50,0,6545,6545,4,10,5,2,0,0,1,0
1267034,1,2021,2021,0,3,6,177,31,314,208,0,1,7,-33.860347,150.927517,24,0,2,1,1,0,0,0,2,0,0,60,1,14295,14295,3,0,5,2,0,0,0,2
1267037,1,2021,2021,8,1,4,147,27,72,605,0,1,2,-33.828559,151.229295,49,0,2,1,1,0,0,0,2,0,7,60,2,1383,1383,1,5,5,2,0,0,0,1
1267038,2,2021,2021,6,1,2,195,27,53,186,0,1,9,-33.918928,150.852633,41,0,2,1,2,0,0,0,1,2,7,70,2,5929,5929,1,5,5,2,0,0,1,0
1267042,4,2021,2021,8,2,5,147,27,104,605,0,1,0,-33.829271,151.215986,49,0,2,0,0,0,0,0,2,0,7,60,2,4552,5151,8,16,40,1,0,1,0,0
1267045,1,2021,2021,8,0,2,230,27,100,284,0,1,2,-33.80544,151.151879,38,0,2,1,3,0,3,4,0,0,7,60,2,1391,1391,1,5,0,2,0,0,0,2
1267047,1,2021,2021,8,2,10,42,31,127,96,0,1,9,-33.894848,151.151392,32,0,2,1,2,0,0,0,0,2,7,60,2,14295,14295,3,5,5,3,0,0,0,1
1267048,4,2021,2021,7,4,7,103,27,94,563,0,1,2,-33.836781,151.047359,54,0,2,1,1,0,0,0,2,0,7,70,2,1383,1383,1,0,19,2,0,1,0,0
1267049,2,2021,2021,8,6,7,72,27,159,56,0,1,1,-33.806752,151.070395,61,0,2,1,1,0,0,0,2,0,7,60,2,2040,2040,9,5,28,2,0,0,1,0
1267052,1,2021,2021,0,4,9,485,27,52,769,0,1,2,-33.700774,150.92886,7,0,2,1,3,0,0,6,0,0,7,80,2,14295,14295,3,5,5,3,0,0,0,2
1267055,1,2021,2021,6,6,4,78,31,106,157,0,1,9,-28.851616,153.046068,60,2,1,1,3,0,3,4,2,0,7,50,2,84,84,6,5,40,1,0,0,0,1
1267057,2,2021,2021,6,3,9,916,17,70,917,0,1,7,-32.739319,151.551984,42,2,1,0,3,0,3,3,0,0,0,60,2,5929,5929,1,0,5,2,0,0,1,0
1267059,1,2021,2021,6,1,2,35,27,100,34609,0,1,7,-33.896446,150.883896,24,0,2,1,3,0,0,0,1,0,0,60,0,6545,6545,4,9,5,2,0,0,0,1
1267062,2,2021,2021,7,2,7,115,27,20,173,0,1,2,-34.32281,150.769652,80,0,2,0,3,0,3,4,2,0,7,100,2,380,714,5,5,40,1,0,0,1,0
1267065,2,2021,2021,6,1,8,9,27,63,45,1,0,1,-33.737232,150.800976,7,0,2,1,2,0,0,0,3,0,9,50,1,2040,2040,9,0,28,2,0,0,1,0
1267066,4,2021,2021,4,3,9,2,31,115,34609,0,1,9,-33.880105,151.189106,69,0,2,1,1,0,0,0,2,0,7,50,0,9859,9859,1,22,36,2,0,1,0,0
1267068,2,2021,2021,6,1,4,7,27,38,76,0,1,1,-32.937005,151.687442,48,0,2,1,3,0,0,0,2,0,7,60,1,14295,14295,3,5,0,3,0,0,1,0
1267069,2,2021,2021,6,3,6,82,27,12,34,0,1,1,-28.592181,153.113289,51,1,0,0,3,0,0,0,2,0,7,100,1,3775,3775,0,16,19,2,0,0,1,0
1267070,4,2021,2021,6,3,7,6,10,323,154,0,1,7,-33.802211,150.869956,7,0,2,1,1,0,0,0,2,0,0,60,1,404,404,8,16,40,1,0,1,0,0
1267072,2,2021,2021,6,5,10,192,10,57,114,0,1,7,-33.445995,151.372009,16,2,2,0,2,0,0,0,0,0,7,70,2,4552,5151,8,16,40,1,0,0,1,0
1267073,2,2021,2021,6,4,7,69,31,646,563,0,1,2,-33.917674,151.040705,15,0,2,1,0,0,0,0,2,0,7,60,2,14295,14295,3,0,19,3,0,0,1,0
1267075,4,2021,2021,0,0,11,47,27,293,69,0,1,1,-33.942888,151.249088,59,0,2,0,2,0,0,0,0,0,7,60,1,4552,5151,1,30,5,3,0,1,0,0
1267083,2,2021,2021,6,5,4,191,27,75,34609,0,1,9,-33.695099,150.364334,8,2,2,1,1,0,0,0,2,0,0,50,0,2852,2852,4,5,27,2,0,0,1,0
1267085,4,2021,2021,6,4,6,27,17,23,34609,0,1,1,-33.323062,151.394341,16,2,2,1,0,0,3,4,2,0,7,70,0,3775,3775,0,5,10,2,0,1,1,0
1267086,1,2021,2021,8,0,10,150,27,309,415,0,1,9,-33.80804,151.108459,61,0,2,1,2,0,0,0,0,2,7,70,2,395,395,1,9,36,2,0,0,0,1
1267093,2,2021,2021,6,2,10,12,31,106,34609,0,1,1,-28.869887,153.065248,60,2,1,0,0,0,0,0,0,0,7,80,0,2585,4009,8,5,40,1,0,0,1,0
1267095,4,2021,2021,3,3,8,20,27,34,20,0,1,9,-35.056288,150.631825,63,2,1,0,0,0,0,0,2,0,9,80,1,4552,5151,8,5,40,1,0,1,0,0
1267097,4,2021,2021,6,1,7,69,31,646,563,0,1,2,-33.916901,151.041103,15,0,2,1,1,0,0,0,2,0,7,60,2,591,591,1,24,0,2,0,1,0,0
1267100,2,2021,2021,8,5,6,32,27,14,26,0,1,1,-33.648263,151.279029,50,0,2,1,1,0,0,0,2,0,7,50,1,1945,1945,5,16,40,1,0,0,1,0
1267103,2,2021,2021,6,1,5,123,36,6,90,0,1,1,-31.735053,151.869929,43,2,1,0,0,0,0,0,2,0,7,80,1,4552,5151,8,10,40,1,0,0,1,0
1267104,4,2021,2021,4,2,8,12,27,74,34609,0,1,1,-34.443715,150.84249,80,0,2,0,2,0,3,4,2,0,7,50,0,4552,5151,8,16,40,1,0,1,0,0
1267107,2,2021,2021,6,0,3,22,27,2,34609,0,1,1,-34.834871,150.514581,63,2,1,1,1,0,3,3,1,0,7,60,0,4026,4026,8,10,40,1,0,0,1,0
1267109,2,2021,2021,6,6,7,21,31,179,66,0,1,9,-31.905373,152.448965,43,2,1,1,1,0,0,0,2,0,7,60,1,14295,14295,3,0,25,2,0,0,1,0
1267114,2,2021,2021,8,6,9,195,27,15,186,0,1,2,-33.900816,150.855293,41,0,2,0,2,0,0,0,0,0,7,70,2,4552,5151,8,5,40,1,0,0,1,0
1267115,4,2021,2021,6,2,5,115,27,55,114,0,1,1,-33.860646,151.278693,76,0,2,1,0,0,3,4,2,0,7,50,2,2040,2040,9,15,28,2,0,1,0,0
1267117,4,2021,2021,6,5,3,16,10,4,12,0,1,1,-30.682667,152.923283,47,2,1,0,0,0,3,0,2,0,7,80,1,4552,5151,8,29,40,1,0,1,0,0
1267121,4,2021,2021,8,5,7,1052,14,56,928,0,1,3,-33.00762,151.500317,37,0,2,1,0,0,0,0,2,0,7,110,2,4026,4026,8,5,40,3,0,1,0,0
1267122,1,2021,2021,6,1,6,18,31,149,34609,0,1,9,-33.986199,151.131925,25,0,2,1,1,0,3,3,2,0,7,50,0,1945,1945,5,16,40,1,0,0,0,1
1267123,4,2021,2021,8,0,0,192,10,57,114,0,1,2,-33.45245,151.360197,16,2,2,1,2,0,0,0,0,0,7,60,2,9859,9859,8,5,40,1,0,1,0,0
1267124,1,2021,2021,0,2,9,68,31,17,34609,0,1,4,-33.859096,151.207913,69,0,2,1,2,0,0,0,0,0,7,40,0,214,214,9,5,28,2,0,0,0,1
1267125,2,2021,2021,8,1,3,1052,14,149,928,0,1,3,-33.356938,151.346481,16,1,2,0,0,0,0,1,1,0,7,110,2,1850,1463,5,21,40,1,0,0,1,0
1267126,2,2021,2021,8,5,4,34,31,123,34609,0,1,7,-33.826384,148.687923,51,2,1,1,1,0,3,4,2,0,0,50,0,4552,985,8,5,40,1,0,0,1,1
1267128,1,2021,2021,0,2,10,1,31,31,34609,0,1,7,-33.769653,151.275763,50,0,2,1,2,0,0,0,0,0,0,50,0,775,775,4,5,12,3,0,0,0,1
1267129,2,2021,2021,7,6,8,251,14,79,124,0,1,3,-33.823367,151.207544,49,0,2,0,3,1,2,6,2,0,7,80,2,14295,14295,3,30,5,3,0,0,1,0
1267131,2,2021,2021,0,3,11,3371,17,54,3342,0,1,1,-33.222501,151.504243,16,2,2,1,2,0,0,0,0,0,7,70,2,475,475,5,5,40,1,0,0,1,0
1267133,1,2021,2021,0,0,6,44,31,90,34609,0,1,10,-32.920847,151.747545,48,0,2,1,1,0,0,0,2,0,0,50,0,2040,2040,9,33,28,2,0,0,0,1
1267137,2,2021,2021,0,2,1,485,27,323,769,0,1,9,-33.758653,150.9898,71,0,2,0,2,0,0,0,0,0,7,60,2,4552,5151,8,5,40,4,0,0,3,0
1267141,2,2021,2021,0,0,10,49,27,246,321,0,1,10,-33.896921,151.198304,69,0,2,1,2,0,0,0,0,2,7,50,2,515,515,1,30,18,2,0,0,1,0
1267142,1,2021,2021,8,2,7,2261,17,23,2252,0,1,2,-34.820112,148.66494,82,1,0,1,0,0,0,0,2,0,7,110,1,945,945,5,9,40,1,0,0,0,1
1267147,4,2021,2021,8,3,9,113,27,218,111,0,1,9,-33.777339,150.772256,55,0,2,1,2,0,0,0,0,0,0,60,2,1669,1669,3,5,0,2,0,1,1,0
1267148,2,2021,2021,8,2,5,1,31,92,34609,0,1,10,-33.398884,151.350586,16,2,2,1,1,0,0,0,2,0,15,50,0,6545,6545,4,5,5,3,0,0,2,0
1267155,1,2021,2021,6,2,6,72,31,44,62,0,1,9,-33.944898,151.150352,4,0,2,1,3,0,0,0,2,0,7,60,1,84,84,6,5,40,1,0,0,0,1
1267156,1,2021,2021,0,5,9,32,27,134,34609,0,1,10,-33.965652,150.810089,12,0,2,1,3,0,0,0,3,0,15,70,0,6545,6545,4,5,5,2,0,0,0,1
1267157,4,2021,2021,0,3,6,35,27,3,34609,0,1,1,-34.062066,150.46226,79,1,2,0,0,2,0,0,2,0,7,100,0,4552,5151,8,16,40,1,0,1,0,0
1267168,1,2021,2021,6,6,6,37,31,253,34609,0,1,1,-33.96533,151.105222,25,0,2,1,3,0,0,0,2,0,7,50,0,1981,1981,4,0,5,2,0,0,0,1
1267174,2,2021,2021,6,5,7,3,27,63,34609,0,1,1,-28.192115,153.481596,72,2,1,1,0,0,0,0,2,0,7,60,0,1192,1192,1,33,27,2,0,0,1,0
1267176,4,2021,2021,0,2,5,3,27,60,34609,0,1,1,-33.649619,150.294557,8,2,2,1,1,0,0,0,2,0,7,50,0,5929,5929,1,30,19,2,0,1,0,0
1267183,2,2021,2021,6,0,9,22,31,237,34609,0,1,1,-33.871777,150.941832,24,0,2,1,0,0,0,0,0,0,7,50,0,9859,9859,8,5,40,1,0,0,1,0
1267184,2,2021,2021,6,0,7,1,4,20,34609,0,1,1,-33.403806,151.466446,16,2,2,0,1,0,0,0,2,0,7,50,0,591,591,1,22,0,2,0,0,1,0
1267186,2,2021,2021,6,4,7,361,23,204,35,0,1,11,-33.890541,150.940475,24,0,2,1,1,0,0,0,2,2,7,50,1,5929,5929,1,5,5,2,0,0,1,1
1267189,4,2021,2021,8,0,10,2209,17,88,2205,0,1,10,-33.987901,151.111784,25,0,2,1,2,0,0,0,0,2,7,70,2,5929,5929,1,0,5,2,0,1,1,0
1267192,2,2021,2021,6,1,7,2,27,4,34609,0,1,9,-33.947327,149.533104,51,2,1,0,0,0,0,0,2,0,7,50,0,380,714,5,0,40,1,0,0,2,0
1267196,2,2021,2021,6,4,6,387,27,12,34609,0,1,1,-34.960638,150.648363,63,1,0,0,0,0,3,4,2,0,7,90,0,4552,5151,8,5,40,1,0,0,2,0
1267198,2,2021,2021,6,4,10,10,31,169,34609,0,1,7,-33.896693,151.200324,69,0,2,1,2,0,3,4,3,0,0,50,0,926,926,4,22,5,2,0,0,1,0
1267199,2,2021,2021,8,3,8,97,17,17,88,0,1,2,-34.847237,149.557052,26,1,0,0,0,0,0,0,2,0,7,110,2,380,714,5,21,40,1,0,0,1,0
1267202,2,2021,2021,6,6,5,2126,17,80,2149,0,1,10,-33.888096,151.164881,32,0,2,1,2,0,0,0,2,2,9,60,2,2040,2040,9,5,28,3,0,0,1,1
1267204,2,2021,2021,8,2,9,26,31,102,321,0,1,9,-33.944747,151.196639,4,0,2,1,2,0,0,6,0,2,7,50,2,14295,14295,3,0,5,3,0,0,1,0
1267206,2,2021,2021,8,6,3,2126,17,80,2149,0,1,2,-33.888187,151.16287,32,0,2,1,1,0,0,0,1,0,7,60,2,1945,1945,5,15,40,1,0,0,1,0
1267207,2,2021,2021,6,0,4,4,10,62,34609,0,1,1,-32.926276,151.602828,37,0,2,1,1,0,0,0,2,0,7,60,0,1669,1669,3,0,5,2,0,0,1,0
1267208,2,2021,2021,6,0,7,195,27,85,186,0,1,1,-33.900177,150.855642,41,0,2,1,1,0,0,3,2,0,7,70,2,1220,1220,9,5,28,2,0,0,1,0
1267211,4,2021,2021,7,1,3,296,27,187,293,0,1,10,-33.881869,150.977367,24,0,2,1,2,0,0,0,2,2,9,60,2,1220,1220,9,0,28,2,0,1,0,0
1267219,2,2021,2021,8,1,4,37,23,443,78,0,1,9,-33.908487,151.068482,15,0,2,1,3,0,0,0,2,0,7,60,2,14295,14295,3,0,5,3,0,0,1,1
1267223,1,2021,2021,6,1,8,229,14,323,237,0,1,3,-33.769145,150.993237,71,0,2,1,3,0,0,0,0,0,7,100,2,14295,14295,3,5,5,3,0,0,0,1
1267227,1,2021,2021,6,4,6,29,27,106,27,1,0,9,-34.568553,150.800982,62,0,2,1,3,0,0,0,2,0,0,60,2,2852,2852,4,30,5,2,0,0,0,1
1267233,1,2021,2021,6,5,0,14,27,14,34609,0,1,1,-34.360506,148.369972,30,1,0,1,3,0,0,0,0,0,7,100,0,945,945,5,5,40,1,0,0,0,1
1267234,2,2021,2021,6,5,3,4,31,65,34609,0,1,1,-34.484416,150.887084,80,0,2,1,3,0,0,0,2,0,7,50,0,1109,787,1,5,0,2,0,0,1,0
1267236,1,2021,2021,8,1,9,3,31,79,34609,0,1,9,-34.012962,150.736271,12,0,2,1,3,0,0,0,0,0,7,50,0,387,387,1,9,13,2,0,0,0,1
1267237,1,2021,2021,6,4,3,2261,17,92,2252,0,1,3,-33.989235,150.852937,13,0,2,1,3,0,0,0,2,0,7,110,2,1383,1383,1,10,13,2,0,0,0,1
1267240,2,2021,2021,6,6,9,33,31,33,34609,0,1,10,-35.129252,147.325482,75,2,1,1,3,0,3,4,0,0,0,50,0,6545,6545,4,10,5,2,0,0,1,0
1267242,1,2021,2021,8,3,6,1052,14,173,928,0,1,3,-33.714538,151.113324,36,0,2,1,3,0,0,0,2,0,7,80,2,14295,14295,3,5,5,5,0,0,0,1
1267250,1,2021,2021,6,0,11,3,31,646,34609,1,0,7,-33.931965,151.021042,15,0,2,1,3,0,0,0,0,0,0,50,0,1981,1981,4,5,13,2,0,0,0,1
1267262,4,2021,2021,0,5,6,29,1,84,35,0,1,10,-33.808565,150.986925,21,0,2,1,1,0,0,0,2,1,7,50,2,515,515,1,0,22,2,0,1,0,0
1267263,2,2021,2021,0,4,9,45,18,90,34609,0,1,0,-33.714118,150.310786,8,2,2,1,2,0,0,0,0,0,7,10,0,1945,1945,5,22,40,1,0,0,1,0
1267264,4,2021,2021,8,1,4,36,36,14,139,0,1,9,-34.503024,146.18847,51,1,0,0,0,0,0,0,2,0,0,100,2,5929,5929,1,3,19,2,0,1,0,0
1267268,1,2021,2021,6,6,5,80,31,42,34609,0,1,1,-33.817025,151.190398,77,0,2,1,3,0,0,0,2,0,7,50,0,217,217,1,30,0,2,0,0,0,1
1267273,4,2021,2021,0,0,8,157,17,6,158,0,1,9,-33.907664,148.454892,51,1,0,0,0,0,0,0,2,0,0,100,2,4552,5151,8,5,40,1,0,1,0,0
1267275,4,2021,2021,8,3,0,27,36,29,27,0,1,1,-31.900892,149.684454,51,1,0,1,0,0,0,0,0,0,7,100,1,4026,4026,8,10,40,1,0,1,0,0
1267276,2,2021,2021,7,6,5,8,31,33,34609,0,1,9,-33.729084,150.426468,8,2,2,1,0,0,3,0,2,0,0,50,0,9859,9859,8,16,40,1,0,0,1,0