Crash ID,Degree of crash - detailed,Reporting year,Year of crash,Month of crash,Day of week of crash,Two-hour intervals,Street of crash,Street type,Town,Route no.,School zone location,School zone active,Type of location,Latitude,Longitude,LGA,Urbanisation,Conurbation 1,Alignment,Street lighting,Road surface,Surface condition,Weather,Natural lighting,Signals operation,Other traffic control,Speed limit,Road classification,RUM - code,DCA - code,First impact type,Key TU type,Other TU type,No. of traffic units involved,No. killed,No. seriously injured,No. moderately injured,No. minor-other injured
1267277,2,2021,2021,8,2,7,2,31,234,34609,0,1,9,-34.276259,146.03895,28,2,1,1,3,0,0,0,2,0,0,50,0,1109,787,1,0,5,2,0,0,1,0
1267279,2,2021,2021,8,5,3,251,27,147,212,0,1,9,-33.757513,151.277858,50,0,2,1,1,0,0,3,1,0,15,60,2,6545,6545,4,10,27,2,0,0,1,0
1267281,2,2021,2021,8,2,10,916,17,37,917,0,1,9,-32.673954,151.38519,17,2,1,0,0,0,0,0,0,0,0,60,2,14295,14295,3,5,0,2,0,0,3,0
1267289,4,2021,2021,8,6,3,361,23,176,34609,1,0,1,-33.961478,151.133348,25,0,2,0,0,0,3,4,1,0,9,50,0,1220,1220,9,30,28,2,0,1,0,0
1267290,1,2021,2021,0,0,8,114,27,24,228,0,1,1,-33.530167,150.920906,71,0,2,1,0,0,0,0,3,0,7,80,2,1945,1945,5,16,40,1,0,0,0,1
1267292,2,2021,2021,7,2,10,22,22,39,22,0,1,3,-33.850064,151.21333,49,0,2,1,2,0,0,0,0,0,7,80,2,14295,14295,3,5,13,2,0,0,1,0
1267293,2,2021,2021,7,6,9,1,27,30,34609,0,1,9,-34.370617,146.003891,28,2,1,1,0,2,0,0,0,0,7,60,0,489,489,8,0,40,1,0,0,1,0
1267294,4,2021,2021,0,5,3,829,27,309,770,0,1,2,-33.814536,151.098069,61,0,2,1,0,0,0,0,2,0,7,60,2,1282,1282,1,5,13,2,0,1,0,0
1267296,1,2021,2021,6,2,5,17,27,8,11,0,1,1,-34.684774,150.191703,78,2,1,0,3,0,3,4,2,0,7,80,1,1850,1463,5,16,40,1,0,0,0,1
1267299,1,2020,2020,10,5,10,13,27,3,34609,0,1,1,-30.938035,153.033176,34,2,1,1,0,2,3,4,0,0,7,40,0,475,475,5,0,40,1,0,0,0,1
1267307,2,2021,2021,7,2,6,196,10,32,168,0,1,9,-33.927035,150.979503,15,0,2,1,1,0,0,0,2,2,7,60,2,14295,14295,3,5,13,2,0,0,1,0
1267308,2,2021,2021,0,4,8,225,17,15,180,0,1,9,-34.580232,150.500111,78,1,0,1,0,0,0,0,2,0,15,100,2,623,623,3,10,0,2,0,0,2,0
1267313,2,2021,2021,7,5,11,2261,17,243,2252,0,1,10,-33.940616,150.91229,41,0,2,1,2,0,0,0,0,2,7,70,2,5929,5929,1,5,36,2,0,0,1,0
1267315,1,2021,2021,5,4,4,11,31,64,46,1,0,9,-33.483482,150.152908,40,2,1,1,3,0,0,0,2,2,7,50,2,186,186,1,0,10,2,0,0,0,1
1267316,1,2021,2021,6,5,8,232,36,39,331,0,1,2,-34.031145,150.751237,12,0,2,1,3,0,0,0,3,0,7,80,2,14295,14295,3,8,5,2,0,0,0,1
1267319,1,2021,2021,6,2,6,204,27,134,34609,0,1,7,-33.510883,151.322784,16,2,2,1,3,0,0,0,2,0,0,60,0,926,926,4,22,5,2,0,0,0,1
1267322,2,2021,2021,0,6,7,1,25,562,34609,0,1,1,-32.23513,148.650004,22,2,1,1,1,0,0,0,2,0,7,50,0,1945,1945,5,16,40,1,0,0,1,0
1267323,2,2021,2021,8,5,6,2126,17,363,2149,0,1,10,-33.819396,151.000213,54,0,2,1,3,0,0,0,2,2,7,60,2,1391,1391,1,5,5,2,0,0,1,1
1267324,2,2021,2021,6,1,3,37,27,1,41,0,1,2,-28.950725,153.319498,39,1,0,1,3,0,0,0,2,0,7,100,1,14295,14295,3,10,0,2,0,0,1,0
1267326,1,2021,2021,6,2,5,12,1,48,34609,0,1,1,-32.914106,151.751949,48,0,2,1,3,0,0,0,2,0,7,40,0,1981,1981,4,5,13,2,0,0,0,1
1267328,1,2021,2021,6,2,2,30,24,167,34609,0,1,1,-33.837802,151.076322,54,0,2,0,3,0,0,0,0,0,7,60,0,4552,5151,8,9,40,1,0,0,0,1
1267329,1,2021,2021,6,2,9,12,27,76,34609,0,1,2,-33.922613,150.867024,41,0,2,1,3,0,0,0,0,0,7,50,0,1981,1981,4,5,0,2,0,0,0,2
1267339,1,2021,2021,8,1,9,866,17,174,793,1,0,10,-33.869694,150.925265,24,0,2,1,3,0,0,0,0,2,7,70,2,14295,14295,3,5,5,3,0,0,0,1
1267349,1,2021,2021,6,5,3,43,2,92,42,0,1,7,-33.738439,150.950133,71,0,2,1,3,0,0,0,2,0,0,70,2,1282,1282,1,22,5,2,0,0,0,1
1267351,2,2021,2021,7,3,7,158,27,138,207,0,1,1,-33.870786,151.254081,81,0,2,1,1,0,0,0,2,0,7,60,2,1220,1220,9,9,28,2,0,0,1,0
1267352,2,2021,2021,6,5,9,1,25,30,34609,0,1,1,-34.040025,150.80967,13,0,2,1,0,0,0,0,3,0,7,50,0,489,489,8,16,40,1,0,0,1,0
1267354,4,2021,2021,6,4,4,76,24,164,154,0,1,10,-33.728117,150.880988,7,0,2,1,1,0,0,0,2,2,9,70,1,5929,5929,1,5,0,3,0,1,0,1
1267355,4,2021,2021,6,4,7,916,17,5,917,0,1,1,-31.091382,151.014342,70,1,0,1,0,0,0,0,2,0,7,100,2,14295,14295,3,16,19,2,0,1,1,0
1267357,2,2021,2021,6,4,5,866,31,204,34609,0,1,10,-33.892788,150.942383,24,0,2,1,1,0,3,0,2,2,7,50,0,5929,5929,1,5,25,2,0,0,2,0
1267358,2,2021,2021,6,3,5,119,31,145,140,0,1,9,-33.927329,151.111391,15,0,2,1,1,0,3,4,2,0,7,50,1,14295,14295,3,8,5,5,0,0,1,0
1267359,4,2021,2021,8,3,7,107,22,145,34609,0,1,9,-33.921879,151.071503,15,0,2,1,1,0,0,0,2,0,0,50,0,515,515,1,0,5,2,0,1,1,0
1267361,4,2021,2021,6,3,6,12,27,18,42,0,1,1,-33.535707,150.766236,29,2,2,1,1,0,0,0,2,0,7,60,1,1669,1669,3,10,5,3,0,2,0,1
1267362,4,2021,2021,8,6,5,20,27,239,34609,0,1,1,-34.027861,151.13103,68,0,2,1,1,0,0,0,2,0,7,50,0,1981,1981,4,5,19,2,0,1,0,0
1267363,4,2021,2021,8,5,9,3,31,161,34609,0,1,1,-33.883489,151.154654,32,0,2,1,0,0,0,0,0,0,7,50,0,2040,2040,9,5,28,2,0,1,0,0
1267367,2,2021,2021,6,2,6,916,17,5,917,0,1,1,-31.081541,151.021779,70,1,0,1,0,0,0,0,2,0,7,100,2,14295,14295,3,5,5,3,0,0,3,0
1267368,4,2021,2021,0,3,4,82,27,84,181,0,1,9,-33.893188,151.258654,76,0,2,1,2,0,0,0,2,2,7,50,2,1945,1945,5,22,40,1,0,1,0,0
1267370,2,2021,2021,0,4,9,18,1,169,34609,0,1,2,-33.901059,151.212944,69,0,2,1,2,0,0,0,3,0,7,50,0,248,248,1,0,27,2,0,0,1,0
1267374,4,2021,2021,6,6,3,4,27,7,34609,0,1,9,-33.113659,151.550926,37,0,2,1,1,0,0,3,2,0,7,50,0,186,186,9,9,28,2,0,1,0,0
1267375,1,2021,2021,6,5,2,89,17,137,34609,0,1,1,-34.032101,151.057458,68,0,2,1,3,0,2,6,0,2,9,50,0,591,591,1,22,5,2,0,0,0,1
1267377,1,2021,2021,6,6,6,31,24,18,36,0,1,1,-33.745147,151.110154,36,0,2,0,1,0,0,0,2,0,7,60,1,3775,3775,0,5,5,2,0,0,0,1
1267379,2,2021,2021,6,6,5,12,25,562,34609,0,1,1,-32.269178,148.602538,22,2,1,0,1,0,0,0,2,0,7,50,0,2585,4009,8,10,40,1,0,0,1,0
1267381,2,2021,2021,6,4,9,81,17,83,33,0,1,10,-34.450513,150.444874,78,2,1,1,2,0,0,0,0,0,0,50,1,6545,6545,4,5,13,2,0,0,1,0
1267383,4,2021,2021,6,3,8,40,27,148,34609,0,1,7,-36.051285,146.957763,0,2,1,1,0,0,0,0,3,0,0,60,0,1850,777,5,16,40,1,0,1,0,0
1267389,2,2021,2021,5,0,5,5,27,53,7,0,1,1,-30.640229,152.973992,47,2,1,0,0,0,0,0,2,0,7,80,1,2585,4009,8,5,40,1,0,0,1,0
1267390,2,2021,2021,8,5,9,829,27,159,770,0,1,9,-33.808404,151.091563,61,0,2,1,2,0,0,3,0,0,0,60,2,775,775,4,33,19,2,0,0,1,0
1267395,2,2021,2021,6,4,9,20,31,57,169,0,1,1,-32.815356,151.46787,17,2,1,1,2,0,3,4,0,0,7,60,2,3775,3775,0,0,0,4,0,0,2,0
1267397,2,2021,2021,6,0,9,126,31,45,34609,0,1,9,-34.308296,150.578357,79,1,2,0,2,0,0,0,0,0,0,100,0,2852,2852,4,10,13,2,0,0,1,1
1267398,2,2021,2021,8,3,8,1,31,79,34609,0,1,10,-34.0095,150.727489,12,0,2,1,1,0,0,0,2,0,0,50,0,9859,9859,1,16,36,2,0,0,1,0
1267399,2,2021,2021,6,1,9,18,27,68,20,0,1,1,-33.728803,149.931791,51,1,0,0,0,0,0,0,0,0,7,100,2,1089,1089,7,0,40,1,0,0,1,0
1267402,2,2021,2021,8,3,9,13,27,173,11,0,1,10,-33.774823,151.12065,61,0,2,1,2,0,0,0,0,2,7,50,1,5929,5929,1,10,5,2,0,0,1,0
1267403,4,2021,2021,0,4,5,485,31,169,769,0,1,1,-33.599072,150.755716,29,2,2,1,1,0,0,0,2,0,7,60,2,1109,787,1,5,5,2,0,1,1,0
1267404,1,2021,2021,6,2,8,39,31,94,34609,0,1,10,-33.839813,151.041443,54,0,2,1,0,0,0,0,2,0,15,50,0,6545,6545,4,5,36,2,0,0,0,1
1267406,2,2021,2021,8,6,6,48,27,11,34609,0,1,9,-34.380077,150.894653,80,0,2,1,1,0,0,0,2,0,7,50,0,387,387,1,22,12,2,0,0,1,0
1267407,2,2021,2021,0,0,6,177,22,239,176,0,1,2,-34.041698,151.121698,68,0,2,1,1,0,0,0,2,2,9,60,2,14295,14295,3,5,0,2,0,0,1,0
1267411,2,2021,2021,6,4,3,224,27,246,321,0,1,1,-33.901242,151.201003,69,0,2,1,1,0,0,0,2,0,7,50,2,3775,3775,0,10,5,3,0,0,2,0
1267412,1,2021,2021,6,3,10,485,27,232,769,0,1,9,-33.693599,150.925067,71,0,2,1,3,0,0,3,0,3,7,80,2,1391,1391,1,0,0,2,0,0,0,1
1267413,4,2021,2021,8,2,1,10,27,1,12,0,1,1,-31.584108,147.725276,51,1,0,0,1,0,0,0,0,0,7,100,1,782,957,5,10,40,1,0,1,0,0
1267414,4,2021,2021,0,6,9,13,27,78,34609,0,1,1,-33.858367,151.00803,21,0,2,1,0,0,0,0,3,0,7,50,0,3775,3775,0,16,5,2,0,1,0,0
1267416,1,2021,2021,6,4,9,512,17,562,441,0,1,1,-32.256203,148.622839,22,2,1,1,3,0,3,0,0,0,15,60,2,14295,14295,3,5,5,4,0,0,0,2
1267418,4,2021,2021,6,3,7,35,33,26,34609,0,1,1,-34.56135,145.987434,51,2,1,0,0,2,3,3,2,0,7,50,0,1850,1463,5,16,40,1,0,1,0,0
1267422,2,2021,2021,8,1,3,168,10,387,260,0,1,2,-33.945927,151.178809,4,0,2,1,0,0,0,0,1,0,7,70,2,14295,14295,3,10,12,3,0,0,1,0
1267424,2,2021,2021,8,2,4,485,27,187,769,0,1,1,-33.782882,150.996471,54,0,2,1,1,0,0,0,2,0,7,60,2,1282,1282,1,10,0,2,0,0,1,0
1267425,1,2021,2021,8,5,9,97,27,271,799,0,1,2,-33.93619,151.011703,15,0,2,1,2,0,0,3,0,0,7,70,2,1109,397,1,5,0,2,0,0,0,2
1267429,4,2021,2021,8,4,10,109,36,19,108,0,1,1,-28.274313,153.506658,72,1,0,1,0,0,0,0,0,0,7,100,1,1109,787,1,0,13,2,0,1,0,0
1267436,1,2021,2021,6,6,5,51,27,136,76,0,1,9,-32.922236,151.707202,48,0,2,1,3,0,0,0,2,0,15,60,1,14295,14295,3,5,5,2,0,0,0,1
1267438,1,2021,2021,8,4,8,34,31,433,34609,0,1,10,-33.274707,149.090453,52,2,1,1,2,0,0,0,3,0,0,50,0,6545,6545,4,33,0,2,0,0,0,1
1267443,2,2021,2021,6,3,6,6,27,41,99,0,1,9,-33.907581,151.187007,69,0,2,1,3,0,0,0,2,2,7,50,2,14295,14295,3,5,5,2,0,0,1,0
1267446,4,2021,2021,6,5,8,1,27,18,34609,0,1,1,-28.345578,153.565019,72,2,1,0,0,2,0,0,3,0,7,50,0,2585,4009,8,16,40,1,0,1,0,0
1267448,1,2021,2021,6,6,10,308,14,62,311,0,1,3,-33.730201,150.852896,7,0,2,0,3,0,3,4,0,0,7,100,2,1192,1192,1,5,35,2,0,0,0,1
1267449,4,2021,2021,0,0,9,8,27,20,34609,0,1,1,-34.024797,151.007884,68,0,2,1,2,0,0,0,0,0,7,60,0,1669,1669,3,0,5,2,0,1,1,0
1267452,1,2021,2021,6,5,9,98,27,609,136,0,1,9,-33.777122,150.920029,7,0,2,1,3,0,3,4,0,0,7,60,2,14295,14295,3,5,5,2,0,0,0,1
1267454,2,2021,2021,8,4,6,3371,17,90,3342,0,1,2,-28.242929,153.558046,72,1,0,0,1,0,0,0,2,0,7,110,2,1850,1463,5,16,40,1,0,0,1,0
1267456,4,2021,2021,6,4,3,50,36,11,43,0,1,1,-36.245333,148.182885,66,2,1,0,0,0,3,1,1,0,7,80,2,2585,4009,8,10,40,1,0,1,0,0
1267459,4,2021,2021,8,3,1,30,27,187,94,0,1,1,-33.881337,150.987706,15,0,2,1,2,0,0,0,0,0,7,60,1,4026,4026,1,5,10,2,0,1,0,0
1267460,1,2021,2021,0,0,9,195,27,53,186,0,1,2,-33.924175,150.848506,41,0,2,1,2,0,0,0,0,2,9,70,2,14295,14295,3,0,5,2,0,0,0,1
1267461,2,2021,2021,6,0,8,387,27,290,331,0,1,9,-33.950411,151.126083,4,0,2,1,2,0,0,3,0,0,0,60,2,6545,6545,4,5,19,2,0,0,1,0
1267462,2,2021,2021,6,2,7,52,31,169,34609,0,1,1,-33.898301,151.204389,69,0,2,1,0,0,0,0,2,0,7,50,0,237,397,1,5,5,3,0,0,1,0
1267466,4,2021,2021,0,3,8,224,27,246,321,0,1,10,-33.905528,151.202829,69,0,2,1,1,0,0,0,2,2,7,50,2,14295,14295,3,22,27,2,0,1,0,0
1267470,4,2021,2021,8,6,5,13,31,438,34609,0,1,1,-33.848561,151.024082,21,0,2,1,0,0,0,0,2,0,7,50,0,9859,9859,1,21,3,3,0,1,0,0
1267472,1,2021,2021,6,0,2,4,27,204,34609,0,1,7,-33.891899,150.937469,24,0,2,1,3,0,0,0,0,0,0,50,0,6545,6545,4,5,5,2,0,0,0,1
1267473,1,2021,2021,6,6,4,2,10,22,34609,0,1,7,-34.061148,150.806583,13,0,2,1,3,0,3,0,2,0,0,50,0,6545,6545,4,5,5,2,0,0,0,1
1267475,1,2021,2021,7,3,5,9,27,5,45,0,1,1,-34.395808,147.664215,51,1,0,1,3,0,0,0,2,0,7,100,1,475,475,5,0,40,1,0,0,0,1
1267480,1,2021,2021,6,4,3,3371,17,147,3342,0,1,2,-33.740742,151.137805,36,0,2,1,3,0,0,0,2,0,7,60,2,14295,14295,3,5,5,2,0,0,0,1
1267485,4,2021,2021,8,5,6,149,27,52,198,0,1,1,-33.986516,150.992469,68,0,2,1,0,0,0,0,2,0,7,80,2,4026,4026,8,5,40,1,0,1,1,0
1267488,1,2021,2021,6,2,4,387,27,290,331,0,1,9,-33.951897,151.123752,4,0,2,1,3,0,0,0,2,0,7,60,2,1669,1669,3,5,5,3,0,0,0,1
1267489,2,2021,2021,8,6,9,21,31,123,34609,0,1,9,-33.886212,151.226519,69,0,2,1,2,0,0,0,3,0,0,40,0,5929,5929,1,5,27,2,0,0,1,0
1267491,4,2021,2021,0,6,8,3371,17,49,3342,0,1,10,-33.199478,151.522745,16,2,2,1,2,0,3,0,0,2,7,80,2,14295,14295,3,0,12,3,0,1,1,0
1267497,4,2021,2021,8,3,5,30,10,11,30,0,1,1,-33.137121,151.195585,17,1,0,0,0,0,3,4,2,0,7,100,1,1259,5151,8,5,40,1,0,1,1,0
1267498,4,2021,2021,0,2,2,1,27,7,34609,0,1,1,-29.724616,149.030796,51,1,0,0,0,2,0,0,0,0,7,100,0,1957,4009,8,10,40,1,0,1,0,2
1267499,2,2021,2021,8,5,7,2209,17,130,2205,0,1,2,-34.452751,150.846687,80,0,2,1,0,0,0,0,2,0,7,60,1,1945,1945,5,16,40,1,0,0,1,0
1267502,2,2021,2021,0,4,4,84,10,51,80,0,1,9,-34.212452,150.976196,80,0,2,1,0,0,0,0,2,0,15,80,2,5929,5929,1,0,27,2,0,0,1,0
1267503,1,2021,2021,6,0,7,31,10,78,23,0,1,9,-33.424164,151.4422,16,2,2,1,3,0,0,0,2,0,15,50,1,14295,14295,3,5,0,2,0,0,0,2
1267505,2,2021,2021,6,4,6,177,22,49,176,0,1,10,-34.048355,151.14142,68,0,2,1,1,0,3,4,2,2,7,70,2,623,623,3,10,0,2,0,0,1,0
1267507,2,2021,2021,8,4,7,2,27,2,34609,0,1,1,-36.941103,149.903483,5,2,1,1,0,0,0,3,2,0,7,80,0,945,945,5,5,40,1,0,0,1,0
1267508,4,2021,2021,6,0,6,18,36,15,3,0,1,1,-35.317948,146.283367,51,1,0,0,0,0,0,0,2,0,7,100,1,782,957,5,8,40,1,0,1,0,0
1267509,4,2021,2021,6,6,9,1104,14,71,962,0,1,3,-33.785261,150.702708,55,0,2,1,2,0,0,0,0,0,7,80,2,1383,1383,1,0,19,2,0,1,0,0
1267513,2,2021,2021,7,6,8,10,31,460,34609,0,1,10,-33.837085,150.977737,21,0,2,1,1,0,0,0,2,0,0,50,0,6545,6545,4,5,5,2,0,0,2,0
1267515,4,2021,2021,0,6,2,55,27,151,160,0,1,7,-34.031673,150.847146,13,0,2,0,2,0,3,0,1,0,0,60,2,1220,1220,9,5,28,2,0,1,0,0
1267517,2,2021,2021,7,3,7,110,27,29,173,0,1,2,-34.401402,150.878888,80,0,2,1,1,0,0,0,2,0,7,40,2,9859,9859,8,8,40,1,0,0,1,0
1267519,2,2021,2021,8,1,10,348,17,1,232,0,1,1,-31.771161,148.759645,51,1,0,0,0,0,0,0,0,0,7,100,2,782,957,5,9,40,1,0,0,1,1
1267520,2,2021,2021,6,5,4,191,17,562,189,0,1,1,-32.24425,148.615005,22,2,1,1,1,0,0,0,2,0,7,60,2,1109,787,1,5,0,2,0,0,1,0
1267523,2,2021,2021,6,6,5,294,17,56,288,0,1,1,-35.120762,147.382101,75,2,1,1,0,0,0,3,2,0,7,60,2,4026,4026,8,0,40,4,0,0,1,0
1267525,2,2021,2021,6,1,7,14,31,80,19,0,1,7,-33.882973,151.175166,32,0,2,1,1,0,0,0,2,0,7,50,1,2040,2040,9,5,28,2,0,0,1,0
1267530,2,2021,2021,0,2,6,4,2,23,34609,0,1,9,-34.049735,150.808161,13,0,2,1,1,0,0,0,2,0,7,50,0,256,256,4,5,5,3,0,0,1,0
1267532,1,2021,2021,0,6,7,57,31,134,34609,1,2,1,-33.679508,150.871087,7,0,2,1,1,0,0,0,2,0,9,40,0,591,591,1,22,0,2,0,0,0,1
1267533,4,2021,2021,8,3,8,28,27,78,34609,0,1,9,-33.853016,151.014832,21,0,2,1,2,0,0,0,3,0,7,50,0,1945,1945,5,16,40,1,0,1,0,0
1267536,2,2021,2021,6,6,7,2,27,3,34609,0,1,1,-31.650358,152.827603,56,2,1,1,1,0,0,0,2,0,7,50,0,2040,2040,9,10,28,2,0,0,1,0
1267538,2,2021,2021,3,1,4,1,27,2,34609,0,1,9,-34.867792,146.896534,75,1,0,1,3,0,0,0,2,0,7,100,0,4026,4026,8,10,40,1,0,0,1,0
1267539,1,2021,2021,6,5,4,15,27,201,34609,0,1,7,-33.999016,150.863327,13,0,2,0,3,0,0,0,2,0,7,60,0,5929,5929,1,0,13,2,0,0,0,1
1267540,1,2021,2021,6,1,7,2126,17,218,2149,0,1,10,-33.770072,150.773472,55,0,2,1,3,0,0,0,2,2,7,60,2,1391,1391,1,10,0,2,0,0,0,1
1267542,1,2021,2021,8,1,6,192,31,316,120,0,1,5,-33.917172,151.241193,59,0,2,1,3,0,0,0,2,2,7,50,2,14295,14295,3,30,5,3,0,0,0,1
1267546,1,2021,2021,0,0,8,171,23,99,34609,0,1,2,-33.88969,151.275739,76,0,2,1,3,0,0,0,3,0,7,40,0,1391,1391,1,0,19,2,0,0,0,1
1267547,1,2021,2021,8,2,7,308,14,62,311,0,1,3,-33.729833,150.855159,7,0,2,0,3,0,0,0,2,0,7,100,2,14295,14295,3,5,36,2,0,0,0,1
1267548,1,2021,2021,6,5,8,500,27,646,799,0,1,9,-33.932883,151.040359,15,0,2,0,3,0,0,0,3,2,7,60,2,1282,1282,1,5,5,2,0,0,0,1
1267551,1,2021,2021,6,1,6,39,27,284,563,1,0,9,-33.905132,151.03624,15,0,2,1,3,0,0,0,2,2,7,60,2,1391,1391,1,5,5,2,0,0,0,1
1267552,1,2021,2021,6,2,7,2261,17,284,2252,0,1,9,-33.907122,151.022781,15,0,2,1,3,0,0,0,2,0,0,60,2,2852,2852,4,5,19,2,0,0,0,1
1267555,2,2021,2021,6,4,8,2209,17,201,2205,0,1,10,-34.878969,150.604667,63,2,1,1,3,0,3,4,2,2,7,70,2,14295,14295,3,5,5,2,0,0,1,0
1267556,4,2021,2021,8,4,8,1,27,68,34609,0,1,9,-34.084614,151.011455,68,0,2,0,2,0,3,0,3,0,7,50,0,6545,6545,4,9,0,2,0,1,0,0
1267557,4,2021,2021,0,1,7,1,27,463,34609,0,1,1,-30.273126,153.120678,19,2,1,0,0,0,0,0,2,0,7,50,0,418,714,5,30,40,1,0,1,1,0
1267563,2,2021,2021,6,6,7,50,27,167,51,0,1,7,-33.853859,151.076965,54,0,2,0,3,0,0,0,2,3,0,60,1,6545,6545,4,5,5,2,0,0,1,0
1267564,1,2021,2021,6,6,7,178,27,189,101,0,1,9,-33.943127,151.053864,15,0,2,1,3,0,0,0,2,2,7,50,1,5929,5929,1,0,0,2,0,0,0,1
1267566,1,2021,2021,6,1,8,56,31,119,126,0,1,9,-32.759734,151.750655,57,2,1,1,3,0,0,0,2,3,7,60,2,623,623,3,5,5,2,0,0,0,1
1267569,1,2021,2021,6,6,7,1052,14,160,928,0,1,3,-33.135159,151.474244,37,0,2,1,3,0,0,0,2,0,7,110,2,14295,14295,3,5,36,2,0,0,0,1
1267571,1,2021,2021,6,6,3,1052,14,83,928,0,1,3,-33.511514,151.191222,16,1,2,0,3,0,3,4,1,0,7,90,2,14295,14295,3,9,13,4,0,0,0,1
1267572,1,2021,2021,6,3,6,87,1,225,19,0,1,10,-33.79915,151.179453,77,0,2,1,3,0,0,3,2,0,15,60,1,14295,14295,3,30,0,2,0,0,0,1
1267574,1,2021,2021,7,4,8,220,27,44,222,0,1,2,-33.793992,150.98287,54,0,2,1,3,0,0,0,2,0,0,70,2,14295,14295,3,10,5,2,0,0,0,1
1267575,2,2021,2021,8,2,10,3371,17,52,3342,0,1,10,-33.262809,151.464678,16,2,2,1,2,0,0,0,0,2,7,70,2,1957,777,8,5,40,1,0,0,1,0
1267585,2,2021,2021,0,6,7,3371,17,13,3342,0,1,2,-33.186507,151.549396,16,2,2,0,0,0,0,0,2,0,7,80,2,1850,1463,5,16,40,1,0,0,1,0
1267587,1,2021,2021,6,2,8,125,27,22,144,0,1,1,-32.856759,151.804909,57,2,1,1,2,0,0,0,3,0,7,70,2,368,368,9,5,28,2,0,0,0,1
1267589,4,2021,2021,6,1,9,22,31,64,61,0,1,9,-33.884003,151.027069,21,0,2,1,0,0,0,0,0,0,7,50,1,2040,2040,9,5,28,2,0,1,0,0
1267590,4,2021,2021,3,0,9,1,31,188,34609,0,1,1,-33.938879,151.09222,15,0,2,1,1,0,0,0,2,0,7,50,0,368,368,9,17,28,2,0,2,0,0
1267591,4,2021,2021,6,3,6,2261,17,523,2252,0,1,2,-33.922365,150.918948,41,0,2,1,1,0,0,0,2,0,7,60,2,14295,14295,3,5,0,4,0,1,0,0
1267599,2,2021,2021,6,6,9,13,1,112,34609,0,1,9,-33.911803,151.209997,69,0,2,1,2,0,0,0,0,2,7,50,0,941,941,1,16,5,2,0,0,1,0
1267600,4,2021,2021,6,4,9,194,31,309,702,0,1,2,-33.821622,151.097481,61,0,2,1,2,0,3,4,0,3,9,70,2,9859,9859,8,16,40,1,0,1,0,0
1267601,2,2021,2021,4,3,10,2126,17,75,2149,0,1,2,-33.726028,150.386045,8,2,2,1,2,0,3,4,0,0,7,80,2,1945,1945,5,5,40,1,0,0,1,0
1267602,1,2021,2021,8,4,5,2261,17,140,2252,0,1,2,-33.904617,151.003112,15,0,2,0,0,0,0,0,2,0,7,70,2,14295,14295,3,9,5,2,0,0,0,1
1267609,4,2021,2021,6,0,11,2261,17,443,2252,0,1,10,-33.905894,151.040142,15,0,2,1,2,0,0,0,0,2,6,60,2,5929,5929,1,5,5,2,0,1,0,0
1267610,2,2021,2021,0,4,5,25,31,127,30,0,1,9,-33.892401,151.157988,32,0,2,1,1,0,0,0,2,2,7,60,1,2852,2852,4,30,5,2,0,0,1,0
1267611,1,2021,2021,8,2,7,866,17,171,2149,0,1,10,-33.814297,150.964718,21,0,2,1,2,0,0,0,2,2,7,80,2,1282,1282,1,5,5,4,0,0,0,1
1267613,2,2021,2021,6,3,6,55,1,167,34609,0,1,2,-33.853302,151.076434,54,0,2,1,0,0,0,0,2,0,7,60,0,1945,1945,5,16,40,1,0,0,2,0
1267617,2,2021,2021,0,1,7,71,17,43,71,0,1,10,-36.099971,144.752948,51,2,1,1,3,0,0,0,2,0,0,50,2,6545,6545,4,5,0,2,0,0,1,0
1267618,2,2021,2021,7,3,8,84,27,169,769,0,1,1,-33.590824,150.73418,29,2,2,1,1,0,0,0,2,0,7,80,2,14295,14295,3,10,5,3,0,0,1,0
1267619,1,2021,2021,6,2,9,2,1,215,34609,0,1,1,-35.104446,147.36297,75,2,1,1,0,0,3,3,0,0,7,50,0,214,214,9,5,28,3,0,0,0,2
1267620,2,2021,2021,6,6,9,3,27,2,34609,0,1,1,-32.331726,150.730118,46,2,1,0,0,1,2,6,0,0,13,80,0,418,714,5,10,40,1,0,0,1,0
1267624,4,2021,2021,0,0,8,126,31,201,34609,0,1,7,-34.001766,150.863174,13,0,2,1,0,0,0,0,2,0,0,50,0,6545,6545,4,22,5,2,0,1,0,0
1267625,1,2021,2021,8,0,4,8,7,36,22,0,1,10,-33.879707,151.177491,69,0,2,0,3,0,0,0,2,2,7,50,2,6545,6545,4,0,36,2,0,0,0,1
1267626,1,2021,2021,8,0,5,117,27,78,144,1,0,10,-33.855598,151.091386,14,0,2,1,3,0,0,0,2,2,7,60,2,6545,6545,4,0,5,3,0,0,0,1
1267627,2,2021,2021,6,6,4,19,27,6,17,0,1,1,-32.070519,148.850897,22,1,0,1,0,0,0,0,2,0,7,110,1,945,945,5,0,40,1,0,0,1,0
1267630,2,2021,2021,6,3,7,1,27,7,34609,0,1,1,-29.62014,146.457265,51,1,0,1,0,2,3,0,2,0,7,100,0,1089,1089,7,16,40,1,0,0,1,0
1267633,2,2021,2021,8,5,3,224,27,387,321,0,1,2,-33.931941,151.194069,4,0,2,1,1,0,0,0,2,0,7,50,2,1282,1282,1,5,19,2,0,0,1,0
1267635,2,2021,2021,0,5,4,118,17,77,118,0,1,1,-30.280088,149.7445,51,1,0,0,0,0,0,0,2,0,7,100,2,782,957,5,0,40,1,0,0,1,0