Crash ID,Degree of crash - detailed,Reporting year,Year of crash,Month of crash,Day of week of crash,Two-hour intervals,Street of crash,Street type,Town,Route no.,School zone location,School zone active,Type of location,Latitude,Longitude,LGA,Urbanisation,Conurbation 1,Alignment,Street lighting,Road surface,Surface condition,Weather,Natural lighting,Signals operation,Other traffic control,Speed limit,Road classification,RUM - code,DCA - code,First impact type,Key TU type,Other TU type,No. of traffic units involved,No. killed,No. seriously injured,No. moderately injured,No. minor-other injured
1267636,2,2021,2021,7,6,7,12,27,137,34609,0,1,10,-33.918409,151.205045,69,0,2,1,1,0,0,0,2,0,15,40,0,6545,6545,4,22,5,2,0,0,1,0
1267637,4,2021,2021,8,2,10,15,31,346,38,0,1,1,-33.874867,151.094903,9,0,2,1,2,0,0,0,0,0,7,50,1,2040,2040,9,5,28,2,0,1,0,0
1267638,2,2021,2021,8,2,6,56,27,323,38,0,1,2,-33.762824,150.990955,71,0,2,0,1,0,0,0,2,0,7,60,1,1383,1383,1,5,18,2,0,0,1,0
1267643,4,2021,2021,8,3,6,13,27,8,14,0,1,1,-34.510748,150.342769,78,2,1,0,0,0,0,0,2,0,7,80,1,782,957,5,16,40,1,0,1,0,0
1267648,2,2021,2021,0,3,7,17,27,60,34609,1,0,7,-34.013803,150.719313,12,0,2,1,1,0,0,0,2,0,0,80,0,14295,14295,3,5,5,2,0,0,1,0
1267650,2,2021,2021,8,4,8,3,20,27,4,0,1,10,-33.715687,150.329742,8,2,2,1,1,0,3,4,3,0,15,50,1,6545,6545,4,5,0,2,0,0,1,0
1267651,2,2021,2021,0,3,5,31,7,433,34609,0,1,1,-33.283126,149.080796,52,2,1,1,1,0,0,0,2,0,7,50,0,9859,9859,8,5,40,1,0,0,1,0
1267655,1,2021,2021,8,2,8,387,27,68,34609,0,1,9,-33.880246,151.243853,81,0,2,1,3,0,0,0,2,0,7,50,0,1669,1669,3,30,19,2,0,0,0,1
1267657,1,2021,2021,6,2,5,2,31,166,34609,0,1,10,-33.894045,151.181184,69,0,2,1,3,0,0,0,2,0,15,40,0,6545,6545,4,5,5,2,0,0,0,1
1267659,1,2021,2021,6,3,7,3,31,108,34609,0,1,10,-28.864518,153.559465,2,2,1,1,3,0,0,0,2,0,0,50,0,6545,6545,4,10,12,2,0,0,0,1
1267661,1,2021,2021,8,1,9,29,31,88,15,0,1,7,-33.753144,150.852344,7,0,2,1,3,0,3,3,0,0,0,60,1,623,623,3,5,5,2,0,0,0,1
1267662,2,2021,2021,8,6,8,220,14,56,220,0,1,3,-34.441176,150.864405,80,0,2,1,3,0,3,0,2,0,7,100,2,14295,14295,3,0,13,3,0,0,1,0
1267667,1,2021,2021,6,6,4,5,27,3,4,0,1,1,-35.47439,144.334467,51,1,0,0,3,0,3,4,2,0,7,100,1,380,714,5,8,40,1,0,0,0,1
1267672,1,2021,2021,8,6,5,110,27,55,10,0,1,1,-33.935413,150.894678,41,0,2,1,3,0,0,0,2,0,7,50,0,14295,14295,3,0,22,2,0,0,0,1
1267674,4,2021,2021,8,4,3,1052,14,207,928,0,1,3,-33.551959,151.193016,31,0,2,0,0,0,3,4,1,0,7,110,2,2585,4009,8,10,40,1,0,1,0,0
1267677,1,2021,2021,6,6,5,31,24,173,36,0,1,10,-33.735918,151.100078,36,0,2,1,3,0,0,0,2,2,7,60,1,14295,14295,3,10,5,2,0,0,0,1
1267678,1,2021,2021,6,5,3,232,36,79,331,0,1,2,-34.018678,150.761806,12,0,2,1,3,0,0,3,1,0,7,80,2,14295,14295,3,5,0,3,0,0,0,2
1267681,4,2021,2021,6,1,7,280,10,162,82,0,1,9,-33.849754,150.905884,24,0,2,1,1,0,0,0,2,2,7,60,1,5929,5929,1,5,5,4,0,1,0,0
1267685,2,2021,2021,6,1,3,11,27,147,34609,0,1,1,-33.738188,151.149362,36,0,2,0,1,0,3,3,2,0,7,50,0,4552,5151,8,5,40,1,0,0,1,0
1267687,4,2021,2021,0,1,9,40,31,363,34609,0,1,9,-33.811984,151.015469,54,0,2,1,1,0,0,0,2,0,7,50,0,9859,9859,1,5,5,2,0,1,0,0
1267690,4,2021,2021,6,2,7,6,7,243,34609,0,1,1,-33.946148,150.903992,41,0,2,1,1,0,0,0,2,0,7,50,0,340,340,9,5,28,2,0,1,0,0
1267691,1,2021,2021,7,0,6,283,27,145,702,0,1,10,-33.921323,151.067603,15,0,2,1,1,0,0,0,2,2,7,60,2,5929,5929,1,15,5,2,0,0,0,1
1267693,2,2021,2021,6,3,9,168,10,387,260,0,1,9,-33.93584,151.192846,4,0,2,1,2,0,0,0,0,2,7,70,2,5929,5929,1,5,0,2,0,0,1,1
1267696,4,2021,2021,6,0,2,2209,17,64,2205,0,1,10,-34.383514,150.900176,80,0,2,1,2,0,0,0,0,2,7,80,2,6545,6545,4,5,13,2,0,1,0,0
1267697,2,2021,2021,6,6,4,95,31,463,32,0,1,1,-30.281524,153.139301,19,2,1,0,1,0,3,4,2,0,7,60,1,1957,4009,8,30,40,1,0,0,1,0
1267701,4,2021,2021,8,0,9,4,1,109,34609,0,1,9,-33.961746,150.850113,41,0,2,1,2,0,0,0,0,0,7,50,0,6545,6545,4,5,5,2,0,1,2,0
1267702,2,2021,2021,0,0,4,89,27,182,228,1,0,9,-32.836583,151.34646,17,2,1,1,0,0,0,0,2,0,0,60,1,1109,787,1,5,0,2,0,0,1,0
1267703,4,2021,2021,6,3,1,126,27,74,168,0,1,2,-34.057387,150.77851,12,0,2,1,2,0,0,0,0,0,7,80,2,9859,9859,8,9,40,1,0,1,0,0
1267704,1,2021,2021,6,4,7,6,31,387,34609,0,1,9,-33.932924,151.19947,4,0,2,1,3,0,0,0,2,0,9,50,0,3775,3775,0,5,36,2,0,0,0,1
1267709,2,2021,2021,7,5,10,171,27,113,369,0,1,2,-33.787005,150.702254,55,0,2,0,2,0,0,0,0,0,7,60,2,14295,14295,3,0,36,2,0,0,1,0
1267711,2,2021,2021,6,4,1,50,36,14,43,0,1,1,-36.440373,148.51573,65,1,0,0,0,0,3,4,0,0,7,100,2,1089,1089,7,30,40,1,0,0,1,0
1267715,1,2021,2021,6,0,6,126,31,138,34609,1,0,1,-33.870165,151.272792,81,0,2,1,3,0,0,0,2,0,7,50,0,387,387,1,15,0,2,0,0,0,1
1267722,2,2021,2021,6,6,4,62,10,91,169,0,1,10,-32.813628,151.635585,48,0,2,1,3,0,0,3,2,2,7,60,2,14295,14295,3,0,0,2,0,0,1,0
1267727,1,2021,2021,6,0,7,21,27,147,34609,0,1,10,-33.884518,151.000351,15,0,2,1,3,0,0,0,2,0,0,60,0,6545,6545,4,5,22,2,0,0,0,1
1267728,2,2021,2021,6,1,8,8,27,9,34609,0,1,9,-33.011134,151.665004,37,0,2,1,3,0,0,0,3,0,7,60,0,14295,14295,3,9,0,2,0,0,1,0
1267731,1,2021,2021,6,0,7,2,27,32,34609,0,1,1,-33.747357,150.822476,7,0,2,1,3,0,0,0,2,0,7,50,0,941,941,1,5,0,2,0,0,0,1
1267732,1,2021,2021,6,6,9,475,10,42,268,0,1,7,-33.880749,150.807999,41,0,2,1,3,0,0,0,3,0,0,80,2,14295,14295,3,8,5,3,0,0,0,1
1267734,1,2021,2021,6,4,6,108,31,159,34609,0,1,1,-33.808935,151.086484,61,0,2,1,3,0,0,0,2,0,7,50,0,1391,1391,1,10,0,2,0,0,0,1
1267735,2,2021,2021,8,5,1,45,27,60,44,0,1,2,-33.835459,151.145251,51,0,2,0,2,0,3,0,0,0,7,70,2,1259,5151,8,5,40,1,0,0,1,0
1267737,2,2021,2021,6,0,9,4,31,251,34609,1,0,1,-33.780894,150.94561,7,0,2,1,2,0,0,0,0,0,7,50,0,9859,9859,1,0,0,2,0,0,1,0
1267739,2,2021,2021,6,6,10,2261,17,15,2252,0,1,10,-35.143853,147.993063,20,1,0,0,0,0,3,4,0,0,0,110,2,14295,14295,3,29,2,2,0,0,2,0
1267741,1,2021,2021,8,3,9,481,17,15,483,0,1,1,-34.459824,146.837604,51,1,0,0,0,0,0,0,3,0,7,110,2,101,101,8,0,2,2,0,0,0,1
1267742,2,2021,2021,8,4,7,11,27,73,88,0,1,9,-33.702458,150.698432,55,0,2,1,0,0,0,0,2,0,0,80,2,515,515,1,16,19,2,0,0,1,0
1267744,2,2021,2021,8,6,6,346,17,46,332,0,1,1,-28.813071,153.271865,39,2,1,1,1,0,0,0,2,0,7,60,2,14295,14295,3,5,13,2,0,0,1,0
1267751,2,2021,2021,6,1,10,1052,14,17,928,0,1,3,-33.22804,151.423222,16,1,2,1,2,0,0,0,0,0,7,110,2,14295,14295,3,29,0,2,0,0,1,0
1267756,2,2021,2021,8,6,7,2,31,52,34609,0,1,9,-33.700323,150.925732,7,0,2,1,1,0,0,0,2,0,7,50,0,489,489,8,5,40,1,0,0,1,0
1267757,2,2021,2021,4,1,6,4,27,8,4,0,1,10,-33.307781,146.747571,51,1,0,1,0,0,0,0,2,0,7,100,1,14295,14295,3,10,13,2,0,0,1,0
1267758,4,2021,2021,6,4,9,2,31,41,34609,0,1,9,-33.905766,151.185609,69,0,2,1,2,0,0,0,0,0,7,40,0,144,144,1,5,27,2,0,1,0,0
1267764,1,2021,2021,8,0,8,2,31,363,34609,0,1,9,-33.82074,150.999844,54,0,2,1,3,0,0,0,4,0,0,50,0,2852,2852,4,0,27,2,0,0,0,1
1267767,4,2021,2021,8,1,6,478,17,45,480,0,1,10,-33.342638,151.494428,16,2,2,1,0,0,0,0,2,0,15,50,2,9859,9859,8,5,40,1,0,1,0,0
1267770,2,2021,2021,6,5,4,229,14,323,237,0,1,3,-33.765272,150.962649,71,0,2,0,0,0,0,0,2,0,7,80,2,14295,14295,3,10,2,2,0,0,1,0
1267771,1,2021,2021,8,6,9,4,27,2,34609,0,1,1,-36.714116,149.838067,5,2,1,0,3,0,3,4,0,0,7,80,0,4552,5151,8,5,40,1,0,0,0,1
1267773,1,2021,2021,6,2,6,126,1,226,144,0,1,10,-33.764326,150.81745,7,0,2,1,3,0,0,0,2,3,7,60,1,14295,14295,3,5,0,2,0,0,0,1
1267775,1,2021,2021,6,2,7,177,31,174,208,0,1,7,-33.860494,150.927487,24,0,2,1,3,0,0,0,2,0,0,60,1,6545,6545,4,5,0,2,0,0,0,1
1267778,2,2021,2021,6,6,7,1104,14,140,962,0,1,3,-33.790841,150.821423,7,0,2,1,1,0,0,0,2,0,7,110,2,14295,14295,3,33,13,3,0,0,1,0
1267780,2,2021,2021,6,4,9,500,27,109,799,0,1,10,-33.904703,151.128568,32,0,2,1,2,0,3,0,0,2,7,60,2,1383,1383,1,5,0,2,0,0,1,0
1267782,4,2021,2021,6,6,8,308,14,323,311,0,1,3,-33.807774,150.852461,7,0,2,1,2,0,3,4,0,0,7,100,2,14295,14295,3,10,5,3,0,1,0,0
1267784,2,2021,2021,6,4,3,2,18,5,34609,0,1,1,-31.073586,151.024744,70,2,1,1,0,0,3,4,2,0,7,80,0,4026,4026,8,5,40,1,0,0,1,0
1267786,2,2021,2021,6,4,10,2126,17,363,2149,0,1,9,-33.821907,151.004152,54,0,2,1,2,0,0,0,0,0,0,60,2,2852,2852,4,5,25,2,0,0,2,0
1267787,1,2021,2021,8,1,8,7,27,79,33,0,1,1,-33.96475,151.121615,4,0,2,1,3,0,0,0,2,0,7,50,1,14295,14295,3,5,36,2,0,0,0,1
1267788,1,2021,2021,6,2,7,4,1,73,34609,0,1,9,-33.826355,151.08763,14,0,2,1,3,0,0,0,2,0,7,40,0,1669,1669,3,9,5,2,0,0,0,1
1267790,2,2021,2021,6,6,9,4,27,83,34609,0,1,1,-34.45662,150.426224,78,2,1,0,0,0,3,3,0,0,7,50,0,1957,4009,8,5,40,1,0,0,1,0
1267791,2,2021,2021,6,6,2,42,10,78,39,0,1,7,-34.476889,150.838943,80,0,2,1,3,0,3,3,1,0,0,70,1,6545,6545,4,5,5,2,0,0,1,0
1267797,4,2021,2021,6,6,6,13,10,74,12,0,1,9,-33.731286,151.028507,31,0,2,0,0,0,0,0,2,0,15,60,1,2852,2852,4,5,5,2,0,1,1,0
1267800,4,2021,2021,6,2,8,2,27,3,34609,0,1,1,-29.042663,152.57843,18,2,1,0,0,0,0,0,2,0,7,50,0,312,312,2,10,40,1,0,1,1,0
1267819,2,2021,2021,8,3,10,133,31,41,34609,0,1,7,-33.822445,151.009154,54,0,2,1,2,0,0,0,0,0,7,50,0,368,368,9,5,28,3,0,0,1,0
1267821,2,2021,2021,0,0,5,3371,17,39,3342,0,1,2,-29.85365,153.050746,18,1,0,0,0,0,0,0,2,0,7,110,2,2585,4009,8,5,40,1,0,0,1,0
1267823,1,2021,2021,0,0,11,103,36,17,103,0,1,9,-32.051715,152.261855,43,2,1,0,0,0,0,0,0,0,7,60,1,3775,3775,0,10,0,2,0,0,0,2
1267825,4,2021,2021,8,2,11,2,1,69,34609,1,0,9,-34.544301,150.85229,62,0,2,0,2,0,0,0,0,0,7,50,0,4552,5151,1,0,5,3,0,1,0,4
1267826,4,2021,2021,8,3,7,3,27,5,34609,0,1,1,-28.53042,153.15483,51,2,1,0,0,0,0,0,2,0,7,80,0,782,957,5,16,40,1,0,1,0,0
1267829,2,2021,2021,8,2,6,103,27,34,98,0,1,1,-32.881038,150.786782,64,1,0,0,0,0,0,0,2,0,7,100,2,1259,5151,8,16,40,1,0,0,1,0
1267831,1,2021,2021,6,6,8,108,27,90,93,0,1,1,-33.783485,150.952651,54,0,2,1,3,0,0,0,2,0,7,60,1,14295,14295,3,5,5,3,0,0,0,1
1267833,1,2021,2021,8,1,3,5,10,523,34609,0,1,1,-33.928272,150.92509,41,0,2,1,3,0,0,0,2,0,7,50,0,5929,5929,1,5,5,2,0,0,0,1
1267835,2,2021,2021,8,5,4,6,27,197,34609,1,2,1,-33.794521,151.121463,61,0,2,1,0,0,2,6,2,0,7,40,0,1981,1981,4,0,17,2,0,0,1,0
1267837,2,2021,2021,0,0,6,12,31,24,34609,0,1,1,-32.90131,151.785511,48,0,2,1,1,0,0,3,2,0,7,50,0,4026,4026,1,5,13,2,0,0,1,0
1267838,2,2021,2021,8,4,11,481,17,113,483,0,1,9,-29.484426,149.850648,51,2,1,1,2,0,0,0,0,0,7,60,2,9859,9859,8,5,40,1,0,0,1,0
1267839,4,2021,2021,6,5,8,9,31,68,34609,0,1,1,-34.084897,151.008259,68,0,2,1,1,0,0,0,3,0,7,50,0,1109,787,1,5,0,3,0,1,0,0
1267841,4,2021,2021,8,5,7,12,31,284,34609,0,1,9,-33.908085,151.009521,15,0,2,1,1,0,0,0,2,0,0,50,0,1945,1945,5,16,40,1,0,1,0,0
1267842,2,2021,2021,6,1,9,33,27,44,41,0,1,9,-33.743463,150.722165,55,0,2,1,2,0,0,0,0,0,15,70,1,2852,2852,4,30,5,2,0,0,1,0
1267844,1,2021,2021,6,2,8,17,31,9,58,0,1,2,-32.908792,151.75973,48,0,2,1,1,0,0,0,2,2,9,60,2,591,591,1,22,5,2,0,0,0,1
1267850,2,2021,2021,8,1,5,3371,17,58,3342,0,1,7,-32.781447,151.738575,57,2,1,0,1,0,0,3,2,0,0,70,2,1957,4009,8,10,40,1,0,0,2,0
1267852,2,2021,2021,6,0,3,2,31,25,34609,0,1,1,-35.033442,150.660745,63,1,0,0,1,0,3,0,2,0,7,100,0,14295,14295,3,5,36,2,0,0,1,0
1267854,2,2021,2021,8,6,10,387,27,12,34609,0,1,1,-34.948503,150.623165,63,1,0,0,0,0,3,4,0,0,7,90,0,4552,5151,8,5,40,1,0,0,2,0
1267855,2,2021,2021,0,6,8,3,31,131,34609,0,1,1,-33.785495,151.195096,77,0,2,1,1,0,3,4,2,0,7,50,0,9859,9859,1,16,5,2,0,0,1,0
1267856,2,2021,2021,0,4,9,177,31,314,208,0,1,7,-33.860347,150.927517,24,0,2,1,2,0,0,0,3,0,7,50,1,1391,1391,1,5,5,2,0,0,1,0
1267857,4,2021,2021,6,0,2,26,27,1,34609,0,1,1,-31.057425,152.757829,34,2,1,0,0,0,0,0,0,0,7,70,0,2585,4009,8,9,40,1,0,1,0,0
1267868,2,2021,2021,6,6,5,87,1,225,19,0,1,9,-33.797395,151.185086,77,0,2,1,1,0,0,0,2,2,7,40,1,5929,5929,1,0,5,2,0,0,2,0
1267877,4,2020,2020,2,2,9,204,31,28,34609,1,0,2,-35.147643,147.350178,75,2,1,1,1,0,0,0,2,0,7,50,0,4026,4026,8,5,40,1,0,1,0,0
1267879,4,2021,2021,0,1,8,22,31,64,61,0,1,1,-33.885365,151.037107,21,0,2,0,1,0,0,0,2,0,7,50,1,4552,5151,8,16,40,1,0,1,0,0
1267881,4,2021,2021,0,6,7,6,27,14,6,0,1,1,-30.324502,152.696806,6,1,0,0,0,0,0,0,2,0,7,100,1,3775,3775,0,16,36,2,0,2,0,0
1267883,1,2021,2021,0,6,10,48,27,6,62,0,1,9,-35.358735,148.161762,66,1,0,0,0,0,3,0,0,0,7,100,2,4552,5151,8,10,40,1,0,0,0,1
1267888,2,2021,2021,0,5,8,1,31,155,34609,0,1,1,-33.492665,151.320433,16,2,2,1,1,0,0,0,2,0,7,50,0,9859,9859,1,0,5,3,0,0,1,0
1267889,4,2021,2021,0,0,7,47,31,117,84,0,1,2,-28.174814,153.542217,72,2,1,1,1,0,0,0,2,0,7,60,1,1220,1220,9,5,28,2,0,1,0,0
1267891,2,2021,2021,0,3,4,89,17,137,34609,0,1,1,-34.030808,151.05818,68,0,2,1,1,0,0,0,2,0,7,50,0,1945,1945,5,22,40,1,0,0,1,0
1267894,2,2021,2021,6,0,8,36,27,70,34609,1,0,9,-33.872959,150.878891,24,0,2,1,3,0,0,0,0,0,7,50,0,150,150,4,5,0,2,0,0,1,0
1267900,1,2021,2021,6,4,5,23,27,523,23,0,1,7,-33.922836,150.908295,41,0,2,1,3,0,0,0,2,0,0,60,1,1669,1669,3,5,0,3,0,0,0,1
1267905,1,2021,2021,0,4,8,22,10,30,13,0,1,1,-33.862311,151.145638,14,0,2,0,3,0,0,0,3,0,7,50,1,941,941,1,5,5,2,0,0,0,1
1267907,1,2021,2021,6,5,3,80,27,123,50,0,1,9,-33.904396,151.226598,59,0,2,1,3,0,3,6,2,2,7,60,2,14295,14295,3,5,5,2,0,0,0,1
1267908,2,2021,2021,5,2,4,7,1,145,37,0,1,10,-33.917428,151.121762,15,0,2,1,3,0,0,0,2,0,0,50,1,9859,9859,8,5,40,1,0,0,1,0
1267909,2,2021,2021,5,0,6,2,31,55,34609,0,1,1,-33.881496,151.275953,76,0,2,1,3,0,0,0,2,0,7,50,0,4026,4026,8,5,40,1,0,0,1,0
1267910,1,2021,2021,6,6,4,80,27,316,50,0,1,9,-33.906284,151.231141,59,0,2,1,3,0,0,0,2,2,7,60,2,1383,1383,1,5,19,2,0,0,0,1
1267914,1,2021,2021,6,0,6,72,27,82,102,0,1,10,-33.795017,151.269047,50,0,2,1,3,0,0,0,2,3,7,60,2,1282,1282,1,0,19,2,0,0,0,1
1267918,1,2021,2021,3,1,4,4,1,28,34609,0,1,1,-34.545066,150.839273,62,0,2,1,3,0,0,0,2,0,7,50,0,220,220,1,30,0,2,0,0,0,1
1267919,2,2021,2021,5,0,8,866,17,110,793,0,1,2,-33.746808,151.051161,31,0,2,1,3,0,0,0,3,0,7,70,2,238,238,9,30,28,2,0,0,1,0
1267920,1,2021,2021,8,3,7,1,31,460,34609,0,1,1,-33.836723,150.996769,21,0,2,1,3,0,0,0,2,0,7,50,0,248,248,1,5,0,2,0,0,0,1
1267921,1,2021,2021,6,0,0,16,1,202,118,0,1,1,-33.937461,151.027044,15,0,2,1,3,0,0,0,0,0,7,60,1,9859,9859,1,0,35,2,0,0,0,1
1267922,1,2021,2021,6,0,3,36,27,43,38,0,1,1,-33.765425,151.250439,50,0,2,1,3,0,0,0,1,0,7,60,1,941,941,1,33,27,2,0,0,0,1
1267923,1,2021,2021,6,0,6,3371,17,58,3342,0,1,7,-32.781707,151.739358,57,2,1,1,3,0,0,0,2,0,0,70,2,5929,5929,1,30,5,2,0,0,0,1
1267928,2,2021,2021,5,4,8,62,31,445,34609,0,1,7,-33.858474,151.04552,21,0,2,1,3,0,0,0,3,0,0,50,0,2040,2040,9,5,28,2,0,0,1,0
1267931,1,2021,2021,5,4,8,14,27,130,34609,0,1,9,-34.456631,150.848426,80,0,2,1,3,0,0,0,2,0,0,50,0,1669,1669,3,5,5,2,0,0,0,1
1267935,1,2021,2021,8,4,8,4,1,107,34609,0,1,9,-33.287471,151.430901,16,2,2,1,3,0,0,0,2,0,15,50,0,14295,14295,3,5,5,2,0,0,0,1
1267936,1,2021,2021,6,4,6,23,31,115,34609,0,1,1,-34.028424,151.072966,68,0,2,1,3,0,3,4,2,0,7,50,0,1981,1981,4,8,13,2,0,0,0,1
1267938,2,2021,2021,8,6,5,100,27,109,799,0,1,10,-33.903885,151.140963,32,0,2,1,1,0,0,0,2,2,7,60,2,5929,5929,1,5,5,2,0,0,2,0
1267940,1,2021,2020,5,2,6,76,24,164,154,0,1,2,-33.727862,150.897554,7,0,2,1,3,0,3,4,2,0,7,70,1,14295,14295,3,21,5,3,0,0,0,1
1267942,1,2021,2021,6,6,9,2261,17,243,2252,0,1,9,-33.957137,150.889099,41,0,2,1,3,0,3,4,0,0,7,70,2,1192,1192,1,16,5,2,0,0,0,1
1267943,2,2021,2021,6,0,8,104,27,443,702,0,1,9,-33.901931,151.064708,15,0,2,1,3,0,3,4,0,0,7,70,2,14295,14295,3,5,0,2,0,0,1,0
1267944,1,2021,2021,8,3,4,76,27,85,148,0,1,10,-32.933495,151.720901,48,0,2,1,1,0,3,3,2,0,0,60,1,5929,5929,1,30,5,2,0,0,0,1
1267949,1,2021,2021,6,0,11,2261,17,443,2252,0,1,2,-33.894471,151.053375,15,0,2,1,3,0,0,0,0,0,7,70,2,14295,14295,3,9,5,3,0,0,0,1
1267951,1,2021,2021,8,4,9,3371,17,54,3342,0,1,2,-33.085926,151.639691,37,0,2,1,3,0,0,0,3,0,7,60,2,14295,14295,3,0,0,4,0,0,0,1
1267957,2,2021,2021,6,6,4,280,10,92,240,1,2,2,-33.871798,150.963395,24,0,2,1,1,0,0,0,2,0,7,40,2,14295,14295,3,0,5,2,0,0,1,0
1267958,2,2021,2021,8,4,4,3371,17,139,3342,0,1,2,-33.839916,151.20983,49,0,2,1,1,0,0,0,2,0,7,50,2,1282,1282,1,0,19,2,0,0,1,0
1267963,4,2021,2021,0,2,10,220,27,46,222,0,1,2,-33.786327,150.972746,54,0,2,1,2,0,0,0,0,0,7,80,2,1945,1945,5,16,40,1,0,1,0,0
1267965,1,2021,2021,6,3,6,26,31,609,34609,0,1,9,-33.77144,150.905877,7,0,2,1,1,0,0,0,2,2,7,50,0,6545,6545,4,5,0,2,0,0,0,1
1267967,2,2021,2021,5,0,3,100,27,127,100,0,1,2,-33.840685,150.853956,24,0,2,1,2,0,3,1,1,0,7,70,2,190,190,1,0,13,5,0,0,3,0
1267971,1,2021,2021,6,3,0,31,24,77,36,0,1,1,-33.733172,151.092355,31,0,2,0,2,0,0,0,0,0,7,60,1,2585,4009,8,0,40,1,0,0,0,1
1267972,2,2021,2021,6,4,2,17,27,323,25,0,1,9,-33.812271,150.83792,7,0,2,1,2,0,0,0,0,2,7,80,2,14295,14295,3,29,5,6,0,0,2,0
1267978,2,2021,2021,5,4,4,67,27,30,78,0,1,1,-33.857445,151.144993,14,0,2,1,0,0,0,0,2,0,7,50,2,186,186,9,33,28,2,0,0,1,0
1267979,4,2021,2021,5,4,4,4,27,2,143,0,1,1,-33.750352,149.372033,3,1,0,0,0,0,0,0,2,0,7,100,2,3775,3775,0,0,13,2,0,1,0,0
1267983,4,2021,2021,6,4,6,44,1,126,34609,0,1,10,-33.947426,150.809189,41,0,2,1,0,0,0,0,2,0,0,60,0,6545,6545,4,30,41,2,0,1,0,1
1267984,2,2021,2021,8,1,11,234,27,337,217,1,0,1,-33.739441,151.000279,71,0,2,1,2,0,0,0,0,0,7,60,2,9859,9859,8,5,40,1,0,0,1,0
1267986,4,2021,2021,8,6,7,11,31,14,34609,0,1,9,-33.06171,151.650419,37,0,2,0,0,0,0,0,2,0,0,50,0,256,256,4,5,13,4,0,1,1,0
1267987,2,2021,2021,6,2,5,44,31,460,34609,0,1,10,-33.839043,150.980087,21,0,2,1,1,0,0,0,2,0,0,50,0,6545,6545,4,0,5,3,0,0,1,0
1267994,2,2021,2021,6,0,7,11,27,136,32,0,1,9,-33.917617,151.076535,15,0,2,1,1,0,0,0,2,3,7,50,1,14295,14295,3,5,5,3,0,0,1,0
1267997,4,2021,2021,6,3,6,9,27,232,34609,0,1,10,-33.676638,150.922915,71,0,2,1,1,0,3,4,2,2,7,60,0,5929,5929,1,5,5,2,0,1,2,0
1268004,1,2021,2021,8,4,11,15,31,609,34609,0,1,1,-33.766245,150.918958,7,0,2,1,2,0,0,0,0,0,7,50,0,1282,1282,1,5,0,3,0,0,0,2
1268007,4,2021,2021,6,2,6,1,6,65,34609,0,1,9,-30.359524,153.054516,19,2,1,1,0,0,0,0,2,0,7,80,0,941,941,1,0,5,2,0,1,1,1
1268010,2,2021,2021,6,0,6,12,18,25,34609,0,1,0,-33.872476,151.223809,69,0,2,1,0,0,0,0,2,0,7,40,0,121,121,9,9,28,2,0,0,1,0
1268011,1,2021,2021,6,6,8,280,10,89,240,0,1,6,-33.852478,150.892654,24,0,2,1,2,0,3,4,3,2,9,70,2,2040,2040,9,5,28,2,0,0,0,1
1268012,2,2021,2021,8,0,4,2,31,78,34609,0,1,9,-28.325033,153.401031,72,2,1,0,1,0,0,0,2,0,0,50,0,5929,5929,1,0,36,2,0,0,1,0
1268014,4,2021,2021,6,5,5,866,17,314,793,0,1,10,-33.856918,150.936183,24,0,2,1,2,0,3,4,2,2,7,70,2,1282,1282,1,8,0,3,0,1,0,0
1268015,2,2021,2021,5,1,6,348,1,53,34609,0,1,1,-35.136724,147.356174,75,2,1,1,1,0,0,0,2,0,7,50,0,238,238,9,34,28,2,0,0,1,0
1268019,2,2021,2021,8,1,4,26,31,204,11,0,1,7,-33.891338,151.127914,32,0,2,1,1,0,0,0,2,0,0,50,1,6545,6545,4,0,27,2,0,0,1,0
1268022,1,2021,2021,6,5,9,195,27,83,186,0,1,2,-33.884633,150.863701,41,0,2,1,2,0,0,0,0,0,7,70,2,14295,14295,3,0,5,3,0,0,0,1
1268023,2,2021,2021,0,6,10,12,27,19,19,0,1,1,-33.212742,151.471594,16,2,2,1,2,0,0,0,0,0,14,40,2,14295,14295,3,5,5,3,0,0,1,0
1268027,2,2021,2021,6,4,11,500,27,646,799,0,1,1,-33.933981,151.0296,15,0,2,1,2,0,0,0,0,0,7,60,2,1669,1669,3,5,5,2,0,0,1,0
1268032,2,2021,2021,8,5,10,149,27,149,38,0,1,1,-33.821873,150.969346,21,0,2,1,2,0,0,0,0,0,7,60,1,3775,3775,0,5,5,2,0,0,1,1
1268033,2,2021,2021,6,6,4,44,31,226,34609,0,1,1,-33.772796,150.81355,7,0,2,1,0,0,0,0,2,0,7,50,0,387,387,1,5,0,2,0,0,1,0
1268034,4,2021,2021,8,2,2,2126,17,33,2149,0,1,6,-33.791995,150.871099,7,0,2,0,2,0,0,0,0,0,9,70,2,2585,4009,8,16,40,1,0,1,0,0
1268036,2,2021,2021,6,6,4,32,27,52,88,0,1,1,-33.659842,150.733428,55,0,2,0,0,0,0,0,2,0,7,80,2,1957,4009,8,5,40,1,0,0,1,0
1268037,2,2021,2021,6,4,4,43,27,17,46,0,1,1,-28.275906,153.561623,72,2,1,0,0,0,0,0,2,0,7,80,1,4552,5151,8,30,40,1,0,0,1,0
1268049,1,2021,2021,8,2,9,361,32,290,42,0,1,9,-33.853889,150.985125,21,0,2,1,2,0,0,0,3,0,9,40,1,2040,2040,9,5,28,2,0,0,0,1