Crash ID,Degree of crash - detailed,Reporting year,Year of crash,Month of crash,Day of week of crash,Two-hour intervals,Street of crash,Street type,Town,Route no.,School zone location,School zone active,Type of location,Latitude,Longitude,LGA,Urbanisation,Conurbation 1,Alignment,Street lighting,Road surface,Surface condition,Weather,Natural lighting,Signals operation,Other traffic control,Speed limit,Road classification,RUM - code,DCA - code,First impact type,Key TU type,Other TU type,No. of traffic units involved,No. killed,No. seriously injured,No. moderately injured,No. minor-other injured
1268050,2,2021,2021,0,6,8,92,23,5,34609,0,1,7,-33.268867,151.541056,16,2,2,1,0,0,3,4,3,0,0,50,0,2852,2852,4,0,0,3,0,0,2,0
1268051,4,2021,2021,0,0,11,500,27,41,799,0,1,9,-33.908091,151.125216,15,0,2,1,2,0,0,0,0,0,0,60,2,1220,1220,9,5,28,2,0,1,1,0
1268052,2,2021,2021,0,0,11,361,32,127,96,0,1,1,-33.894545,151.15121,32,0,2,1,0,0,0,0,0,0,7,60,2,312,312,2,33,40,1,0,0,1,0
1268053,1,2021,2021,8,6,8,346,17,8,332,0,1,10,-28.876249,153.181337,60,1,0,1,3,0,0,0,2,0,0,100,2,14295,14295,3,5,13,2,0,0,0,1
1268055,4,2021,2021,6,6,7,22,27,43,228,0,1,10,-33.604531,150.856981,29,2,2,1,1,0,0,0,2,0,0,80,2,2852,2852,4,0,19,2,0,1,0,0
1268058,2,2021,2021,8,3,1,30,10,42,26,0,1,1,-36.013666,146.350984,51,1,0,1,0,0,3,0,0,0,7,100,2,9859,9859,8,5,40,1,0,0,1,0
1268060,2,2021,2021,6,1,9,3371,17,57,3342,0,1,2,-28.645114,153.548859,10,1,0,1,3,0,0,0,0,0,7,110,2,4026,4026,8,30,40,1,0,0,1,0
1268062,2,2021,2021,6,1,8,1104,11,130,770,0,1,2,-33.869615,151.187686,69,0,2,1,1,0,0,0,2,0,7,60,2,1282,1282,1,5,36,3,0,0,1,0
1268063,1,2021,2021,5,4,4,123,27,304,34609,0,1,9,-33.920283,151.15499,32,0,2,0,3,0,3,1,2,0,0,50,0,14295,14295,3,5,5,3,0,0,0,1
1268064,1,2021,2021,6,6,3,42,31,145,34609,0,1,9,-33.92223,151.07045,15,0,2,1,3,0,0,0,1,0,7,50,0,2852,2852,4,5,5,2,0,0,0,1
1268067,1,2021,2021,6,6,6,30,27,32,39,0,1,1,-35.361892,149.309016,58,1,0,1,0,0,0,0,2,0,7,90,1,9859,9859,8,0,40,1,0,0,0,1
1268068,2,2021,2021,8,1,6,3371,17,44,3342,0,1,2,-28.854765,153.523582,2,1,0,1,0,0,0,0,2,0,7,100,2,14295,14295,3,5,40,2,0,0,2,0
1268073,1,2021,2021,6,4,9,330,27,147,605,0,1,9,-33.752547,151.286942,50,0,2,1,3,0,3,4,3,2,7,60,2,214,214,9,5,28,2,0,0,0,1
1268074,1,2021,2021,6,4,4,16,36,17,43,0,1,9,-28.497796,153.527035,10,2,1,1,3,0,0,0,2,0,7,80,1,14295,14295,3,0,5,2,0,0,0,1
1268076,1,2021,2021,8,0,3,15,27,609,34609,0,1,9,-33.778186,150.907382,7,0,2,1,3,0,0,0,2,0,7,50,0,2852,2852,4,30,5,2,0,0,0,1
1268078,2,2021,2021,7,0,3,191,27,75,34609,0,1,9,-33.695099,150.364334,8,2,2,1,3,0,0,0,2,0,7,50,0,4026,4026,8,30,40,1,0,0,1,0
1268080,2,2021,2021,0,2,6,56,31,119,34609,0,1,10,-32.763662,151.744892,57,2,1,1,1,0,0,0,2,2,7,50,0,5929,5929,1,10,5,3,0,0,1,0
1268082,2,2021,2021,8,3,10,265,17,17,193,0,1,1,-34.86814,147.527976,51,1,0,1,0,0,0,0,0,0,7,100,2,9859,9859,8,10,40,1,0,0,1,0
1268087,1,2021,2021,6,5,7,6,31,314,7,0,1,9,-33.854187,150.917435,24,0,2,1,3,0,0,0,2,0,7,60,1,301,301,4,0,5,2,0,0,0,1
1268089,1,2021,2021,6,0,6,2,18,438,34609,0,1,1,-33.852803,151.03325,21,0,2,1,0,0,0,0,2,0,7,40,0,30,30,9,5,28,2,0,0,0,1
1268090,2,2021,2021,3,2,10,53,27,134,51,0,1,9,-33.510326,151.318619,16,2,2,1,2,0,0,0,0,0,7,60,1,5929,5929,1,0,19,2,0,0,1,0
1268092,4,2021,2021,0,2,5,109,27,137,105,0,1,1,-33.895698,150.909317,24,0,2,1,1,0,0,0,2,0,7,60,2,623,623,3,0,5,2,0,2,1,0
1268096,2,2021,2021,5,4,9,171,31,61,34609,0,1,1,-35.911324,150.07444,23,2,1,1,2,0,3,4,0,0,7,50,0,9859,9859,8,10,40,1,0,0,1,0
1268098,4,2021,2021,6,0,8,1,27,96,34609,0,1,1,-34.226032,150.654648,79,2,2,1,1,0,0,0,2,0,7,80,0,1220,1220,9,0,28,2,0,1,0,0
1268099,4,2021,2021,0,6,6,2126,17,149,2149,0,1,2,-33.817159,150.980679,21,0,2,0,1,0,0,0,2,0,7,60,2,1282,1282,1,5,19,2,0,1,0,0
1268100,2,2021,2021,6,6,6,387,36,115,69,0,1,2,-33.749081,151.224461,50,0,2,1,0,0,0,0,2,0,7,70,2,9859,9859,8,5,40,1,0,0,1,0
1268101,2,2021,2021,0,1,7,103,27,94,563,0,1,10,-33.835941,151.047661,54,0,2,1,0,0,0,0,2,0,7,70,2,14295,14295,3,0,13,2,0,0,1,0
1268102,2,2021,2021,6,2,6,68,27,278,67,0,1,10,-33.767975,151.043402,54,0,2,1,1,0,3,4,2,2,7,60,1,6545,6545,4,5,5,5,0,0,1,0
1268103,2,2021,2021,8,5,3,51,31,252,34609,0,1,0,-33.884364,151.21404,69,0,2,1,1,0,0,0,0,0,7,10,0,237,162,8,0,40,1,0,0,1,0
1268105,1,2021,2021,8,1,2,24,31,91,160,0,1,7,-33.996224,150.891686,13,0,2,1,0,0,0,0,0,0,0,60,2,14295,14295,3,0,5,2,0,0,0,1
1268106,2,2021,2021,6,2,6,68,27,98,208,1,0,10,-33.751138,151.065144,31,0,2,0,1,0,0,0,2,2,7,60,2,14295,14295,3,9,5,5,0,0,1,0
1268111,2,2021,2021,6,0,4,51,31,562,34609,0,1,7,-32.23477,148.616182,22,2,1,1,0,0,0,0,2,0,0,50,0,6545,6545,4,5,12,2,0,0,1,1
1268112,2,2021,2021,8,1,0,829,27,149,770,0,1,2,-33.868312,151.176046,32,0,2,0,2,0,3,4,0,0,7,60,2,2585,4009,8,5,40,1,0,0,1,0
1268117,4,2021,2021,8,4,8,3371,17,42,3342,0,1,9,-33.823498,151.193779,77,0,2,1,1,0,0,0,3,2,9,60,2,1220,1220,9,5,28,2,0,1,0,0
1268118,1,2021,2021,6,6,7,100,27,109,799,0,1,1,-33.90356,151.141805,32,0,2,1,2,0,0,0,2,0,7,60,2,368,368,9,16,28,2,0,0,0,1
1268120,2,2021,2021,0,6,9,2126,17,44,2149,0,1,2,-33.767751,150.639676,8,2,2,0,2,0,3,4,0,0,7,70,2,4552,5151,8,10,40,1,0,0,1,0
1268121,4,2021,2021,8,2,6,123,36,10,90,0,1,1,-31.867489,151.862887,43,2,1,0,0,0,0,0,2,0,7,80,1,2585,4009,8,16,40,1,0,1,0,0
1268123,2,2021,2021,8,4,4,16,27,89,34609,0,1,1,-33.677129,150.784723,55,0,2,0,0,0,0,0,2,0,7,70,0,3775,3775,0,19,0,2,0,0,1,0
1268124,1,2021,2021,5,3,7,34,27,57,799,0,1,9,-33.898928,151.169476,32,0,2,1,1,0,0,0,2,2,7,60,2,14295,14295,3,9,36,4,0,0,0,2
1268126,1,2021,2021,8,0,4,2,1,323,34609,0,1,9,-33.757769,150.979408,71,0,2,1,0,2,0,0,2,0,7,50,0,6545,6545,4,5,27,2,0,0,0,1
1268129,2,2021,2021,0,6,9,916,17,70,917,0,1,7,-32.725678,151.543592,42,2,1,1,2,0,0,0,0,0,0,60,2,368,368,9,16,28,3,0,0,2,0
1268130,1,2021,2021,0,5,5,48,31,121,102,0,1,9,-33.799224,151.284376,50,0,2,1,1,0,0,0,2,2,9,30,2,1220,1220,9,5,28,2,0,0,0,1
1268131,1,2021,2021,6,4,7,296,27,187,293,0,1,10,-33.883664,150.976414,24,0,2,1,1,0,3,4,2,2,7,60,2,14295,14295,3,10,0,3,0,0,0,1
1268133,4,2021,2021,5,6,8,4,27,2,34609,0,1,1,-33.777615,149.564632,51,1,0,0,0,0,0,0,2,0,7,100,0,1957,4009,8,10,40,1,0,2,1,0
1268138,1,2021,2021,8,0,3,15,31,99,30,0,1,1,-33.887293,151.271757,76,0,2,1,1,0,0,0,2,0,7,40,1,941,941,1,16,18,2,0,0,0,1
1268141,2,2021,2021,6,6,2,73,10,1,34609,0,1,7,-33.963284,150.972961,41,0,2,1,2,0,3,0,0,0,0,50,0,1945,1945,5,16,40,1,0,0,1,0
1268145,2,2021,2021,5,5,7,916,17,70,917,0,1,7,-32.739246,151.552047,42,2,1,1,0,0,0,0,2,0,0,60,2,14295,14295,3,5,5,2,0,0,1,0
1268148,2,2021,2021,5,1,5,19,31,74,34609,0,1,10,-34.636059,148.02861,20,2,1,1,1,0,0,0,2,0,0,50,0,6545,6545,4,10,0,2,0,0,2,0
1268151,4,2021,2021,6,4,2,2209,17,88,2205,0,1,2,-33.988311,151.112004,25,0,2,1,2,0,0,0,0,0,7,70,2,1282,1282,1,9,19,2,0,1,0,0
1268152,4,2021,2021,6,0,0,42,10,62,172,0,1,7,-32.923173,151.609681,37,0,2,0,2,0,3,4,0,0,7,60,2,1957,4009,8,5,40,1,0,1,0,0
1268154,1,2021,2021,8,0,4,67,27,165,78,0,1,9,-33.851743,151.153524,14,0,2,1,3,0,0,0,2,2,7,50,2,6545,6545,4,5,0,2,0,0,0,1
1268155,2,2021,2021,6,2,6,2126,17,78,2149,0,1,2,-33.69866,150.553561,8,2,2,1,1,0,0,0,2,0,7,80,2,1383,1383,1,0,5,2,0,0,1,0
1268163,1,2021,2021,8,2,6,12,1,61,36,0,1,9,-33.757691,151.124497,36,0,2,0,1,0,0,0,2,0,7,60,1,2852,2852,4,5,5,2,0,0,0,1
1268165,1,2021,2021,6,5,9,103,27,149,167,0,1,10,-34.001098,151.126704,4,0,2,1,3,0,0,0,0,2,7,70,2,5929,5929,1,5,5,2,0,0,0,1
1268172,2,2021,2021,0,1,6,149,36,21,113,0,1,9,-32.090317,152.478275,43,2,1,1,1,0,0,0,2,0,15,80,2,14295,14295,3,5,13,2,0,0,1,0
1268173,2,2021,2021,0,1,11,46,31,293,34609,0,1,9,-33.928497,151.058563,15,0,2,1,2,0,0,0,0,0,7,50,0,6545,6545,4,5,5,2,0,0,1,0
1268174,2,2021,2021,8,2,11,1,27,12,34609,0,1,1,-36.595881,149.390695,5,1,0,0,0,2,0,0,0,0,7,100,0,1850,1463,5,10,40,1,0,0,1,1
1268175,2,2021,2021,6,2,7,829,31,21,34609,0,1,1,-34.506878,144.843226,51,2,1,1,0,0,0,3,2,0,7,50,0,2040,2040,9,10,28,2,0,0,1,0
1268176,2,2021,2021,0,4,6,126,27,370,168,0,1,2,-34.068464,150.802827,13,0,2,1,1,0,0,0,2,0,7,60,2,14295,14295,3,10,19,2,0,0,1,0
1268178,2,2021,2021,0,5,9,11,31,72,44,1,0,1,-33.828579,151.226004,49,0,2,1,2,0,0,0,3,0,7,50,1,3775,3775,0,5,33,2,0,0,1,0
1268185,1,2021,2021,0,2,2,330,27,147,605,0,1,2,-33.758486,151.28063,50,0,2,1,2,0,0,0,0,0,7,60,2,9859,9859,8,0,40,1,0,0,0,1
1268186,2,2021,2021,6,1,2,2126,17,136,2149,0,1,9,-33.85845,151.069509,67,0,2,1,2,0,0,0,1,2,6,60,2,5929,5929,1,9,0,2,0,0,2,0
1268187,2,2021,2021,8,0,4,1,27,5,34609,0,1,1,-33.161126,149.24224,11,2,1,0,0,2,0,0,2,0,7,40,0,1850,1463,5,10,40,1,0,0,1,0
1268189,2,2021,2021,6,2,8,7,27,74,34609,0,1,1,-33.762872,150.672073,55,0,2,1,0,0,0,0,3,0,7,50,0,9859,9859,1,30,5,2,0,0,1,0
1268190,2,2021,2021,6,6,7,5,31,60,34609,0,1,10,-33.640734,150.287862,8,2,2,1,1,0,0,0,2,0,0,50,0,6545,6545,4,9,27,2,0,0,1,0
1268191,1,2021,2021,6,4,7,72,14,173,71,0,1,3,-33.879019,151.217069,69,0,2,1,3,0,0,0,2,0,7,80,2,1282,1282,1,8,5,2,0,0,0,1
1268192,1,2021,2021,0,6,10,123,27,52,34609,0,1,1,-33.646954,150.750227,55,0,2,1,3,0,0,0,0,0,7,70,0,9859,9859,8,0,40,1,0,0,0,1
1268198,4,2021,2021,0,1,6,177,31,174,208,0,1,1,-33.859686,150.922472,24,0,2,1,1,0,0,0,2,0,7,60,1,9859,9859,1,5,12,2,0,1,1,0
1268199,1,2021,2021,6,5,8,330,27,31,102,0,1,9,-33.775453,151.270578,50,0,2,1,1,0,3,4,2,2,7,60,2,2852,2852,4,5,0,2,0,0,0,2
1268201,2,2021,2021,6,5,4,4,27,8,34609,0,1,1,-29.443305,141.903674,51,1,0,1,3,2,0,0,2,0,7,100,0,1945,1945,5,16,40,1,0,0,1,0
1268204,2,2021,2021,5,1,5,91,27,119,187,0,1,2,-33.875066,151.156584,32,0,2,0,3,0,0,0,2,0,7,70,2,14295,14295,3,8,5,2,0,0,1,0
1268209,1,2021,2021,8,1,8,32,27,35,5,0,1,9,-33.818672,151.200907,77,0,2,1,3,0,0,0,2,0,15,50,1,2852,2852,4,5,27,2,0,0,0,1
1268211,1,2021,2021,8,4,4,19,27,16,63,0,1,10,-34.564017,150.830201,62,0,2,1,3,0,0,0,2,3,0,70,2,14295,14295,3,5,19,2,0,0,0,1
1268212,4,2021,2021,5,1,2,5,31,103,34609,0,1,10,-28.822772,153.346259,39,2,1,1,3,0,0,0,1,0,0,60,0,1089,1089,7,16,40,1,0,1,0,0
1268215,1,2021,2021,6,6,3,220,27,92,222,0,1,2,-33.755759,150.953877,71,0,2,1,3,0,0,0,1,0,7,80,2,14295,14295,3,0,5,3,0,0,0,1
1268218,1,2021,2021,0,4,9,50,18,57,34609,0,1,10,-33.899499,151.172072,32,0,2,1,3,0,0,0,4,0,15,50,0,1850,777,5,16,40,1,0,0,0,1
1268221,1,2021,2021,6,3,6,330,27,65,605,0,1,2,-33.710854,151.296362,50,0,2,1,3,0,0,0,2,0,7,70,2,14295,14295,3,0,0,3,0,0,0,2
1268222,1,2021,2021,6,0,4,34,31,161,34609,0,1,9,-33.8855,151.152277,32,0,2,1,3,0,0,0,2,0,7,50,0,1945,1945,5,15,40,1,0,0,0,1
1268223,2,2021,2021,6,0,3,28,31,84,23,0,1,1,-33.894373,151.260625,76,0,2,1,3,0,0,0,2,0,7,50,1,14295,14295,3,0,5,2,0,0,1,0
1268231,1,2021,2021,6,0,3,3371,17,149,3342,0,1,7,-33.345659,151.36991,16,2,2,0,3,0,0,0,2,0,0,60,2,5929,5929,1,0,5,2,0,0,0,1
1268241,1,2021,2021,0,0,4,1052,27,104,262,0,1,9,-32.908478,151.700821,48,0,2,1,3,0,0,0,2,0,15,60,2,14295,14295,3,5,0,3,0,0,0,2
1268243,1,2021,2021,6,3,5,3371,17,173,3342,1,0,9,-33.720253,151.116961,36,0,2,0,3,0,0,0,2,0,6,60,2,1192,1192,1,0,27,2,0,0,0,1
1268244,1,2021,2021,6,5,7,22,31,135,101,0,1,10,-32.894706,151.739667,48,0,2,0,3,0,3,3,2,0,15,60,2,5929,5929,1,5,5,2,0,0,0,1
1268249,1,2021,2021,6,4,5,330,27,125,25,0,1,1,-33.821706,151.134529,61,0,2,1,3,0,3,4,2,0,7,60,1,14295,14295,3,10,0,2,0,0,0,1
1268250,1,2021,2021,5,4,5,4,31,70,34609,0,1,10,-34.851224,150.609454,63,2,1,1,3,0,0,0,2,0,15,50,0,6545,6545,4,0,0,2,0,0,0,1
1268251,1,2021,2021,6,5,5,866,17,98,793,0,1,10,-33.738921,151.072426,31,0,2,0,3,0,3,3,2,2,7,70,2,14295,14295,3,5,5,2,0,0,0,1
1268252,2,2021,2021,6,5,8,35,27,91,96,0,1,1,-32.966219,151.654525,37,0,2,1,1,0,0,0,3,0,7,60,2,14295,14295,3,5,0,2,0,0,1,0
1268254,2,2021,2021,5,0,6,90,36,3,102,0,1,1,-34.458796,147.683078,51,1,0,0,0,0,3,3,2,0,7,100,2,4552,5151,8,10,40,1,0,0,1,0
1268256,2,2021,2021,6,0,2,308,14,252,311,0,1,3,-33.938023,150.878141,41,0,2,0,2,0,0,0,0,0,7,100,2,1282,1282,1,29,5,2,0,0,1,0
1268260,1,2021,2021,5,2,8,220,27,92,222,0,1,2,-33.75456,150.95321,71,0,2,1,2,0,0,0,0,0,7,80,2,14295,14295,3,10,0,2,0,0,0,1
1268261,2,2021,2021,8,0,6,280,10,237,240,0,1,1,-33.858461,150.951268,24,0,2,1,1,0,0,0,2,0,7,60,2,14295,14295,3,9,5,2,0,0,1,0
1268262,2,2021,2021,8,3,4,3371,17,30,3342,0,1,2,-33.190953,151.569802,16,2,2,0,1,0,0,0,2,0,7,80,2,273,957,5,16,40,1,0,0,1,0
1268263,2,2021,2021,5,3,3,44,31,90,34609,0,1,10,-32.918597,151.748008,48,0,2,1,1,0,0,0,2,0,0,50,0,1945,1945,5,16,40,1,0,0,1,0
1268265,2,2021,2021,6,0,6,61,27,32,70,0,1,9,-33.680505,151.006595,71,0,2,1,1,0,0,0,2,0,7,70,1,5929,5929,1,8,5,2,0,0,2,0
1268268,4,2021,2021,0,0,10,25,27,89,208,0,1,7,-33.86277,150.884186,24,0,2,1,2,0,0,1,0,0,0,50,1,1945,1945,5,16,40,1,0,1,0,0
1268271,2,2021,2021,5,1,9,3,27,3,34609,0,1,1,-35.725893,150.12836,23,2,1,0,0,2,0,0,0,0,7,80,0,52,52,6,10,40,1,0,0,1,0
1268272,4,2021,2021,0,1,8,43,27,121,34609,1,0,10,-33.799212,151.286721,50,0,2,1,1,0,0,6,2,2,7,30,0,5929,5929,1,5,19,2,0,1,0,0
1268274,2,2021,2021,6,0,9,2,31,169,34609,0,1,9,-33.769786,150.835996,7,0,2,1,2,0,0,0,0,0,7,50,0,1669,1669,3,5,18,2,0,0,1,0
1268275,4,2021,2021,8,5,0,2261,17,30,2252,0,1,2,-35.513645,147.561842,27,1,0,0,0,0,3,3,0,0,7,110,2,14295,14295,3,8,2,2,0,1,0,0
1268277,2,2021,2021,8,0,9,81,17,15,34609,0,1,1,-35.105585,147.942174,20,1,0,0,0,0,0,0,0,0,7,100,0,3775,3775,0,5,0,2,0,0,1,0
1268283,2,2021,2021,6,4,8,515,14,252,518,0,1,3,-33.950443,150.882458,41,0,2,1,2,0,0,0,3,0,7,100,2,14295,14295,3,0,0,2,0,0,1,1
1268285,2,2021,2021,6,4,10,2,31,387,34609,0,1,7,-33.933138,151.186885,4,0,2,1,2,0,0,0,0,0,0,40,0,6545,6545,4,9,0,2,0,0,1,0
1268289,2,2021,2021,6,4,8,3371,17,32,3342,0,1,7,-31.942059,152.475692,43,2,1,0,2,0,3,4,0,0,7,70,2,2852,2852,4,0,0,2,0,0,1,1
1268290,2,2021,2021,5,4,7,24,31,112,60,0,1,9,-36.068775,146.930467,0,2,1,1,1,0,3,3,2,2,7,50,1,3775,3775,0,5,5,2,0,0,1,0
1268292,2,2021,2021,6,0,10,82,27,84,181,0,1,9,-33.893188,151.258654,76,0,2,1,2,0,0,0,0,2,7,50,2,83,83,1,15,27,2,0,0,1,0
1268294,1,2021,2021,6,0,7,1,31,8,34609,1,2,1,-34.853747,150.740796,63,2,1,1,1,0,0,0,2,0,9,40,0,368,368,9,5,28,2,0,0,0,1
1268296,2,2021,2021,5,3,10,10,27,11,34609,0,1,1,-34.808667,149.779692,26,2,1,1,0,2,0,0,0,0,7,40,0,4026,4026,8,5,40,1,0,0,1,0
1268297,4,2021,2021,5,5,8,10,31,460,34609,0,1,10,-33.837085,150.977737,21,0,2,1,0,0,0,0,2,0,0,50,0,926,926,4,10,0,2,0,1,1,0
1268298,2,2021,2021,8,3,5,3371,23,147,34609,0,1,9,-33.7552,151.290161,50,0,2,1,1,0,0,3,2,2,7,40,0,14295,14295,3,5,5,3,0,0,1,0
1268299,4,2021,2021,6,1,6,10,27,6,34609,0,1,7,-33.482464,151.360901,16,2,2,0,1,0,0,0,2,0,0,50,0,1850,1463,5,16,40,1,0,1,0,0
1268302,2,2021,2021,5,2,4,12,31,316,34609,0,1,1,-31.445199,152.922393,56,2,1,1,0,0,3,3,2,0,7,50,0,9859,9859,1,5,5,2,0,0,1,0
1268303,2,2021,2021,8,5,7,125,27,108,123,0,1,10,-33.308893,151.418447,16,2,2,1,1,0,0,0,2,2,7,70,2,4026,4026,8,0,40,1,0,0,1,0
1268305,4,2021,2021,6,0,4,361,31,226,382,0,1,1,-33.764023,150.830456,7,0,2,1,1,0,0,0,2,0,7,60,2,387,387,1,22,0,2,0,1,0,0
1268307,4,2021,2021,6,2,8,120,36,35,148,0,1,1,-30.418925,152.850216,6,2,1,0,0,0,0,0,2,0,7,80,2,3775,3775,0,0,5,2,0,4,1,0
1268313,2,2021,2021,8,4,10,62,31,445,34609,0,1,9,-33.861688,151.04484,21,0,2,1,2,0,0,0,0,0,7,50,0,9859,9859,1,5,5,2,0,0,1,0
1268314,2,2021,2021,8,4,4,103,27,10,98,0,1,1,-33.435905,150.824854,29,2,2,0,0,0,3,0,2,0,7,80,2,4552,5151,8,8,40,1,0,0,1,0
1268315,4,2021,2021,7,4,2,63,27,224,605,0,1,2,-33.807247,151.246721,45,0,2,0,2,0,3,3,0,0,7,60,2,4552,5151,8,10,40,1,0,1,0,0
1268317,4,2021,2021,0,0,7,43,27,273,87,0,1,9,-34.440195,150.890908,80,0,2,1,1,0,0,0,2,2,7,80,2,2852,2852,4,21,5,2,0,1,0,0
1268319,2,2021,2021,8,2,6,8,33,1,2,0,1,1,-29.679326,145.295679,51,1,0,1,0,2,0,0,2,0,7,100,1,1945,1945,5,16,40,1,0,0,1,0
1268321,1,2021,2021,6,5,11,1,27,9,34609,0,1,1,-28.961436,152.388939,51,2,1,0,0,0,3,1,0,0,7,60,0,2585,4009,8,10,40,1,0,0,0,1
1268322,1,2021,2021,6,6,5,92,27,55,63,0,1,9,-33.90323,151.084224,15,0,2,1,0,0,0,0,2,0,7,50,1,2040,2040,9,10,28,2,0,0,0,1
1268323,4,2021,2021,8,4,3,829,27,124,770,0,1,9,-33.811305,151.034778,54,0,2,0,1,0,0,0,2,0,7,60,2,1850,1463,5,16,40,1,0,1,0,0
1268326,4,2021,2021,0,4,7,16,27,57,34609,0,1,10,-32.805737,151.466141,17,2,1,1,1,0,0,0,2,0,7,50,0,5929,5929,1,5,5,2,0,1,0,1
1268327,2,2021,2021,8,6,5,1104,14,609,962,0,1,3,-33.804358,150.908273,7,0,2,1,0,0,3,4,2,0,7,100,2,14295,14295,3,5,5,2,0,0,1,0
1268331,1,2021,2021,8,1,4,2261,17,252,2252,0,1,2,-33.956286,150.873918,41,0,2,1,1,0,0,0,2,0,7,70,2,14295,14295,3,8,13,2,0,0,0,1
1268333,2,2021,2021,5,4,4,5,10,90,34609,0,1,10,-28.232998,153.556339,72,2,1,1,3,0,3,4,2,0,0,50,0,6545,6545,4,9,35,2,0,0,1,0
1268336,4,2021,2021,0,0,10,149,36,2,113,0,1,9,-32.370808,152.498406,43,1,0,0,2,0,0,0,0,0,7,100,1,2852,2852,4,5,18,2,0,1,1,0
1268337,2,2021,2021,0,5,5,1,31,182,34609,0,1,1,-32.829019,151.363696,17,2,1,1,0,0,0,0,2,0,7,50,0,9859,9859,1,0,13,2,0,0,1,0
1268338,4,2021,2021,8,3,9,4,27,87,34609,0,1,1,-34.478487,150.374104,78,2,1,0,0,0,0,0,0,0,7,80,0,1957,4009,8,9,40,1,0,1,0,0
1268341,2,2021,2021,5,4,3,31,27,157,34609,0,1,10,-34.020573,151.095121,68,0,2,1,3,0,3,0,2,0,15,50,0,6545,6545,4,10,5,2,0,0,1,0
1268344,2,2021,2021,6,1,8,82,31,74,34609,0,1,1,-34.637878,148.024906,20,2,1,1,2,0,0,0,3,0,7,50,0,2040,2040,9,10,28,2,0,0,1,0
1268347,4,2021,2021,6,1,8,7,27,32,34609,0,1,1,-32.349231,149.586999,44,1,0,0,0,0,0,0,3,0,7,100,0,1259,5151,8,10,40,1,0,2,0,0
1268348,4,2021,2021,0,0,1,133,27,316,34609,0,1,1,-31.440356,152.908839,56,2,1,1,2,0,3,6,0,0,7,50,0,9859,9859,1,10,5,2,0,1,0,0
1268349,1,2021,2021,8,3,5,177,22,49,176,0,1,9,-34.046588,151.134959,68,0,2,1,3,0,0,0,2,0,7,70,2,14295,14295,3,10,5,2,0,0,0,1
1268350,2,2021,2021,0,4,6,475,31,166,34609,0,1,1,-33.413936,149.583603,3,2,1,1,3,0,0,0,2,0,7,50,0,5929,5929,1,30,41,2,0,0,2,0
1268351,1,2021,2021,6,5,9,32,27,609,34609,0,1,7,-33.782479,150.893939,7,0,2,1,3,0,3,4,0,0,0,50,0,926,926,4,5,5,2,0,0,0,2
1268354,1,2021,2021,5,4,6,478,17,20,480,0,1,9,-33.405759,151.465062,16,2,2,1,3,0,3,0,2,0,0,70,2,5929,5929,1,0,5,2,0,0,0,1
1268356,1,2021,2021,6,1,5,8,31,83,34609,0,1,1,-34.44677,150.457256,78,2,1,1,3,0,0,0,2,0,7,50,0,9859,9859,8,10,40,1,0,0,0,1
1268357,2,2021,2021,0,2,5,133,31,133,97,1,0,1,-33.915881,151.011822,15,0,2,1,3,0,0,0,2,0,7,60,1,217,217,1,0,5,2,0,0,1,1
1268359,2,2021,2021,6,5,7,3,27,145,34609,0,1,9,-33.921422,151.133256,15,0,2,1,3,0,0,0,2,0,7,50,0,1282,1282,1,16,40,1,0,0,1,0
1268361,1,2021,2021,6,1,8,2261,17,523,2252,0,1,2,-33.935757,150.915168,41,0,2,1,3,0,0,0,3,0,7,60,2,14295,14295,3,0,5,4,0,0,0,1
1268364,2,2021,2021,0,5,11,51,27,57,63,0,1,2,-34.560572,150.841988,62,0,2,1,2,0,0,0,0,0,7,70,2,9859,9859,8,0,40,1,0,0,2,0
1268366,4,2021,2021,8,0,7,280,10,314,240,0,1,7,-33.856998,150.950547,24,0,2,0,1,0,0,0,2,0,0,60,2,926,926,4,5,10,2,0,1,0,0
1268369,2,2021,2021,0,0,8,92,27,55,36,0,1,7,-35.712986,150.185872,23,2,1,1,1,0,0,0,2,0,0,60,1,6545,6545,4,5,5,2,0,0,2,0
1268370,1,2021,2021,8,2,3,2261,17,346,2252,0,1,10,-33.887569,151.091467,67,0,2,1,3,0,0,0,1,2,7,60,2,14295,14295,3,10,5,2,0,0,0,1
1268373,4,2021,2021,6,6,3,1052,14,33,928,0,1,3,-33.648348,151.138223,31,0,2,1,0,0,0,0,2,0,7,110,2,14295,14295,3,0,5,4,0,1,0,0
1268378,4,2021,2021,0,6,9,55,27,96,160,0,1,7,-34.053486,150.830087,13,0,2,1,2,0,0,0,0,0,0,60,2,591,591,1,22,5,2,0,1,0,0
1268379,2,2021,2021,0,4,10,1052,14,83,928,0,1,3,-33.48373,151.184478,16,1,2,1,0,0,0,0,0,0,7,100,2,4026,4026,8,30,40,1,0,0,1,0
1268380,2,2021,2021,0,0,7,143,31,44,34609,0,1,1,-33.747221,150.718206,55,0,2,1,0,0,0,0,2,0,7,50,0,323,323,1,16,5,2,0,0,1,0
1268382,1,2021,2021,0,0,8,56,27,86,11,1,0,9,-33.75967,150.954318,7,0,2,1,1,0,0,6,2,2,7,60,2,14295,14295,3,10,13,2,0,0,0,1
1268383,4,2021,2021,8,6,10,500,27,106,799,0,1,10,-33.922752,151.09375,15,0,2,1,1,0,0,0,0,0,0,60,2,1669,1669,3,5,19,2,0,1,0,0