Crash ID,Degree of crash - detailed,Reporting year,Year of crash,Month of crash,Day of week of crash,Two-hour intervals,Street of crash,Street type,Town,Route no.,School zone location,School zone active,Type of location,Latitude,Longitude,LGA,Urbanisation,Conurbation 1,Alignment,Street lighting,Road surface,Surface condition,Weather,Natural lighting,Signals operation,Other traffic control,Speed limit,Road classification,RUM - code,DCA - code,First impact type,Key TU type,Other TU type,No. of traffic units involved,No. killed,No. seriously injured,No. moderately injured,No. minor-other injured
1268384,2,2021,2021,6,6,4,5,31,83,34609,1,2,1,-33.906584,151.122995,32,0,2,1,1,0,0,0,2,0,7,40,0,941,941,1,5,5,2,0,0,1,0
1268390,1,2020,2020,2,1,10,361,23,204,35,0,1,9,-33.894672,150.938599,24,0,2,1,2,0,3,4,0,2,7,40,1,1220,1220,9,0,28,2,0,0,0,1
1268392,1,2020,2020,10,6,5,9,27,27,34609,0,1,1,-33.241061,151.261068,16,2,2,0,0,0,0,0,2,0,7,80,0,4552,5151,8,16,40,1,0,0,0,1
1268399,2,2021,2021,0,1,2,2261,17,59,2252,0,1,3,-33.983198,150.860894,13,0,2,1,0,0,0,0,1,0,7,110,2,1383,1383,1,0,13,2,0,0,2,0
1268400,4,2021,2021,0,4,8,10,27,8,115,0,1,1,-33.770008,151.178098,36,0,2,0,1,0,0,0,2,0,7,60,1,1850,1463,5,16,40,1,0,1,0,0
1268403,4,2021,2021,8,4,7,95,31,105,34609,0,1,9,-32.716738,151.529919,42,2,1,1,1,0,3,3,2,0,7,50,0,6545,6545,4,22,41,2,0,1,1,0
1268404,4,2021,2021,0,6,7,14,10,19,34609,0,1,1,-31.458352,152.8486,56,2,1,0,0,0,0,0,2,0,7,80,0,4552,5151,8,5,40,1,0,1,0,0
1268409,4,2021,2021,0,0,9,5,1,445,6,0,1,9,-33.860603,151.055557,21,0,2,1,2,0,0,0,0,0,0,60,1,5929,5929,1,22,5,2,0,1,1,0
1268410,4,2021,2021,0,0,7,330,27,121,102,0,1,1,-33.786998,151.283023,50,0,2,1,1,0,0,0,2,0,7,50,2,1220,1220,9,10,28,2,0,1,0,0
1268411,2,2021,2021,0,1,5,11,31,173,34609,0,1,10,-33.878565,151.216286,69,0,2,1,1,0,0,0,2,0,15,50,0,5929,5929,1,5,27,2,0,0,1,0
1268412,2,2021,2021,0,0,1,3371,17,63,3342,0,1,2,-28.175722,153.511885,72,1,0,1,2,0,0,0,0,0,7,100,2,14295,14295,3,30,5,2,0,0,1,0
1268413,2,2021,2021,8,0,11,3371,17,108,3342,0,1,7,-33.30325,151.420613,16,2,2,1,2,0,0,0,0,0,0,60,2,945,945,5,5,40,1,0,0,1,0
1268414,2,2021,2021,6,4,5,44,1,126,34609,0,1,10,-33.938835,150.810898,41,0,2,1,1,0,0,0,2,0,0,60,0,6545,6545,4,5,0,3,0,0,3,0
1268415,1,2021,2021,5,0,3,308,14,53,311,0,1,3,-33.910693,150.848048,41,0,2,1,3,0,0,0,1,0,7,100,2,14295,14295,3,5,13,2,0,0,0,1
1268416,2,2021,2021,5,2,5,10,27,15,12,0,1,1,-31.683264,147.822214,51,1,0,0,3,0,0,0,2,0,7,100,1,2585,4009,8,0,40,1,0,0,1,0
1268418,2,2021,2021,6,4,10,110,27,113,48,0,1,2,-34.346361,150.87143,80,0,2,0,0,0,3,4,0,0,7,100,2,380,714,5,5,40,1,0,0,1,0
1268419,4,2021,2021,0,3,8,1,1,562,34609,0,1,9,-32.264037,148.630822,22,2,1,1,0,0,0,0,3,0,7,50,0,14295,14295,3,17,13,2,0,1,0,0
1268420,2,2021,2021,0,2,6,76,31,15,34609,0,1,10,-34.547016,148.35733,30,2,1,1,1,0,0,0,2,0,0,50,0,6545,6545,4,10,0,2,0,0,1,0
1268425,2,2021,2021,5,0,6,8,27,102,34609,1,0,1,-31.114256,150.906992,70,2,1,1,3,0,3,3,2,0,7,50,0,14295,14295,3,5,5,3,0,0,2,0
1268426,1,2021,2021,6,6,10,53,31,67,125,1,0,9,-33.877544,151.007889,15,0,2,1,3,0,0,0,0,0,0,60,1,2852,2852,4,5,0,2,0,0,0,2
1268429,4,2021,2021,6,4,9,57,1,18,52,0,1,1,-30.358394,153.102801,19,2,1,1,2,0,0,0,0,0,7,50,1,368,368,9,5,28,2,0,1,1,0
1268432,2,2021,2021,6,5,8,2209,17,4,2205,0,1,9,-36.022341,150.102811,23,1,0,1,2,0,0,0,2,0,15,100,2,5929,5929,1,0,0,2,0,0,1,0
1268436,1,2021,2021,6,6,6,134,10,69,133,0,1,2,-33.825787,151.021055,54,0,2,1,3,0,0,0,2,0,7,70,2,1391,1391,1,0,0,2,0,0,0,1
1268441,4,2021,2021,5,6,6,133,31,133,97,0,1,1,-33.91652,151.003881,15,0,2,1,3,0,0,0,2,0,7,60,1,9859,9859,1,16,12,2,0,1,0,0
1268442,1,2021,2021,6,6,10,9,31,16,34609,0,1,7,-33.815853,151.08973,61,0,2,0,3,0,0,0,0,0,0,50,0,14295,14295,3,0,0,2,0,0,0,1
1268443,2,2021,2021,5,5,11,110,27,167,40,0,1,9,-33.841927,151.058777,54,0,2,1,3,0,0,0,0,2,7,60,1,5929,5929,1,5,0,2,0,0,1,1
1268445,1,2021,2021,5,4,10,43,31,104,117,0,1,9,-32.913184,151.704558,48,0,2,1,3,0,3,4,0,2,7,60,2,14295,14295,3,0,5,2,0,0,0,1
1268446,2,2021,2021,6,0,5,1,27,5,34609,0,1,1,-33.182045,151.353257,16,2,2,1,3,0,0,0,2,0,7,60,0,1945,1945,5,16,40,1,0,0,1,0
1268449,1,2021,2021,6,4,9,78,17,39,75,0,1,2,-33.843726,151.211442,49,0,2,1,3,0,0,0,0,0,7,70,2,1391,1391,1,5,25,2,0,0,0,1
1268452,2,2021,2021,5,4,8,478,17,128,480,0,1,2,-33.427132,151.32912,16,2,2,1,3,0,0,0,2,0,7,70,2,238,238,9,5,28,2,0,0,1,0
1268455,1,2021,2021,6,1,7,63,27,187,17,0,1,9,-33.893581,150.991425,15,0,2,1,3,0,0,0,2,0,15,60,1,2852,2852,4,5,0,2,0,0,0,1
1268457,1,2021,2021,6,2,6,294,17,10,288,0,1,7,-34.171049,142.180753,51,2,1,0,3,0,0,0,2,0,0,60,2,5929,5929,1,29,13,2,0,0,0,1
1268465,2,2021,2020,2,6,7,1,27,2,34609,0,1,1,-35.930408,150.156955,23,2,1,1,0,2,0,0,2,0,7,60,0,1945,1945,5,16,40,1,0,0,1,0
1268466,2,2021,2021,4,2,5,17,27,70,34609,0,1,1,-34.034859,151.085069,68,0,2,1,1,0,0,0,2,0,9,40,0,2040,2040,9,5,28,2,0,0,1,0
1268468,1,2021,2021,8,5,7,85,31,65,34609,1,0,9,-34.480967,150.878514,80,0,2,1,3,0,0,0,2,0,7,50,0,29,29,6,5,25,2,0,0,0,1
1268470,4,2021,2021,6,5,4,829,27,124,770,0,1,10,-33.813353,151.049216,54,0,2,1,1,0,0,0,2,0,15,70,2,2040,2040,9,5,28,2,0,1,0,0
1268472,4,2021,2021,6,4,9,64,27,175,284,0,1,10,-33.773143,151.070973,54,0,2,1,2,0,3,4,0,2,7,60,2,14295,14295,3,5,5,3,0,1,0,0
1268479,2,2021,2021,7,5,3,111,27,102,233,0,1,2,-33.964369,151.231576,59,0,2,1,0,0,0,0,2,0,7,60,2,1383,1383,1,8,19,2,0,0,1,0
1268485,2,2021,2021,6,4,8,14,27,24,34609,0,1,9,-33.622874,150.835803,29,2,2,1,1,0,0,0,3,0,7,50,0,5929,5929,1,10,5,3,0,0,1,0
1268486,2,2021,2021,8,6,9,361,31,36,34609,0,1,9,-32.95837,151.608011,37,0,2,1,2,0,0,0,0,0,7,50,0,1850,985,5,15,40,1,0,0,1,0
1268487,1,2021,2021,6,0,8,41,31,304,34609,0,1,7,-33.914625,151.142972,32,0,2,1,2,0,0,0,3,0,0,50,0,14295,14295,3,5,0,2,0,0,0,1
1268488,2,2021,2021,7,4,8,171,31,363,34609,0,1,10,-33.818371,151.000545,54,0,2,1,2,0,0,0,2,2,9,40,0,5929,5929,1,5,19,2,0,0,1,0
1268489,1,2021,2021,5,5,6,163,27,63,165,0,1,9,-33.73541,150.799541,7,0,2,1,0,0,0,0,2,2,7,60,1,2852,2852,4,0,0,2,0,0,0,1
1268490,2,2021,2021,5,6,6,5,10,23,34609,0,1,1,-32.885383,151.64804,48,0,2,1,1,0,0,0,2,0,7,50,0,591,591,1,12,12,2,0,0,1,0
1268491,2,2021,2021,8,2,0,3,31,54,34609,0,1,1,-33.867187,150.869181,24,0,2,1,2,0,0,0,0,0,7,50,0,9859,9859,1,16,4,2,0,0,1,0
1268499,4,2021,2021,6,0,11,8,31,35,34609,0,1,9,-34.366843,150.922284,80,0,2,0,2,0,0,0,0,0,7,50,0,4552,5151,1,5,5,4,0,1,0,0
1268500,2,2021,2021,7,4,3,163,27,24,165,0,1,9,-33.735284,150.836106,7,0,2,1,0,0,0,0,2,1,7,60,1,14295,14295,3,5,10,2,0,0,1,0
1268502,4,2021,2021,6,5,9,154,27,293,244,0,1,1,-33.923052,151.058462,15,0,2,1,2,0,0,0,0,0,7,60,2,1981,1981,4,0,19,2,0,1,0,0
1268506,2,2021,2021,6,1,7,225,17,50,180,0,1,9,-34.565774,150.662402,62,0,2,0,0,0,3,4,2,0,7,60,2,3775,3775,0,5,10,2,0,0,1,0
1268514,2,2021,2021,5,0,7,59,10,89,34609,0,1,10,-33.896096,151.239073,59,0,2,1,0,0,0,0,2,0,15,30,0,6545,6545,4,0,27,2,0,0,1,0
1268515,2,2021,2021,6,6,4,51,31,80,10,0,1,10,-33.750015,150.654044,55,0,2,1,1,0,0,0,2,0,0,50,1,5929,5929,1,8,12,2,0,0,1,0
1268516,2,2021,2021,5,6,3,2126,17,283,2149,0,1,10,-33.830735,151.012242,54,0,2,1,2,0,0,0,1,2,7,60,2,5929,5929,1,5,5,2,0,0,2,0
1268520,2,2021,2021,5,0,6,37,27,4,41,0,1,9,-29.017185,153.340265,39,1,0,0,0,0,0,0,2,0,7,100,1,1669,1669,3,5,13,2,0,0,1,0
1268522,2,2021,2021,5,6,6,178,27,70,48,0,1,10,-32.729734,151.55239,42,2,1,1,1,0,0,0,2,2,7,50,2,9859,9859,1,5,25,2,0,0,1,0
1268523,4,2021,2021,0,6,5,62,10,122,62,0,1,9,-33.4333,151.343964,16,2,2,0,0,0,0,0,2,0,7,50,2,4552,5151,8,5,40,1,0,1,0,0
1268527,2,2021,2021,6,4,3,20,23,252,16,0,1,1,-33.928023,150.888064,41,0,2,1,1,0,3,0,1,0,7,60,0,2040,2040,9,33,28,2,0,0,1,0
1268528,2,2021,2021,8,2,10,113,27,218,111,0,1,2,-33.77023,150.773447,55,0,2,1,2,0,0,0,0,0,7,60,2,14295,14295,3,5,0,2,0,0,1,0
1268530,1,2021,2021,6,6,1,8,27,112,34609,0,1,1,-33.439496,151.41028,16,2,2,1,2,0,3,4,0,0,7,50,0,4026,4026,8,0,40,1,0,0,0,1
1268533,2,2021,2021,5,4,0,12,27,54,34609,0,1,1,-33.710408,151.024568,31,0,2,0,3,0,0,0,0,0,7,60,0,4552,5151,8,0,40,1,0,0,1,0
1268535,1,2021,2021,5,5,5,132,31,45,126,0,1,10,-33.888108,151.195167,69,0,2,1,3,0,0,0,2,2,7,50,2,926,926,4,5,41,2,0,0,0,1
1268538,2,2021,2021,5,0,7,72,31,204,331,0,1,1,-33.939357,151.151416,4,0,2,1,3,0,0,0,2,2,9,60,2,1945,1945,5,16,40,2,0,0,1,0
1268543,1,2021,2021,6,4,4,1,9,42,34609,0,1,7,-33.96257,150.936371,41,0,2,1,3,0,0,0,2,0,0,50,0,926,926,4,10,5,2,0,0,0,1
1268545,1,2021,2021,6,5,1,2126,17,323,2149,0,1,10,-33.792374,150.871441,7,0,2,1,3,0,0,0,0,2,7,80,2,14295,14295,3,5,13,2,0,0,0,1
1268546,1,2021,2021,5,2,7,35,27,193,33,0,1,1,-33.781565,151.099597,61,0,2,1,3,0,3,4,2,0,7,60,1,14295,14295,3,30,36,2,0,0,0,1
1268548,1,2021,2021,8,1,4,2126,17,23,2149,0,1,9,-33.819325,150.988326,21,0,2,1,3,0,0,0,2,0,7,60,2,14295,14295,3,5,40,2,0,0,0,1
1268549,1,2021,2021,6,4,9,13,27,252,34609,0,1,9,-33.946053,150.886627,41,0,2,1,3,0,0,0,3,0,0,50,0,1109,397,1,5,5,2,0,0,0,1
1268550,1,2021,2021,5,3,6,53,27,155,51,0,1,9,-33.490891,151.321152,16,2,2,0,3,0,0,0,2,0,7,60,1,5929,5929,1,0,19,2,0,0,0,1
1268553,1,2021,2021,5,2,8,132,31,174,126,0,1,9,-33.8898,151.207008,69,0,2,1,3,0,3,4,3,0,0,50,2,14295,14295,3,0,5,3,0,0,0,1
1268568,1,2021,2021,5,0,9,5,31,228,34609,0,1,1,-34.765138,149.706652,26,2,1,1,0,0,0,0,0,0,7,50,0,9859,9859,1,5,36,2,0,0,0,1
1268570,4,2021,2021,0,4,11,1,27,7,34609,0,1,1,-29.684991,148.826269,51,1,0,1,1,0,0,0,0,0,7,100,0,9859,9859,8,10,40,1,0,1,0,0
1268573,4,2021,2021,0,6,8,2261,17,39,2252,0,1,2,-35.971654,147.004277,0,1,0,1,0,0,0,0,2,0,7,110,2,1282,1282,1,8,0,2,0,1,1,1
1268577,2,2021,2021,5,6,8,69,31,155,34609,0,1,10,-33.138477,148.183226,53,2,1,1,2,0,0,0,3,0,0,50,0,6545,6545,4,10,13,2,0,0,1,0
1268581,2,2021,2021,6,6,9,194,31,204,34609,0,1,1,-33.879876,151.126192,32,0,2,1,2,0,0,0,0,0,7,50,0,340,340,9,0,28,2,0,0,2,0
1268584,2,2021,2021,8,6,5,37,31,337,217,0,1,10,-33.732833,151.00689,71,0,2,1,1,0,0,0,2,2,7,60,2,5929,5929,1,0,5,2,0,0,3,0
1268587,2,2021,2021,8,4,8,308,14,169,311,0,1,3,-33.773059,150.85189,7,0,2,1,0,0,0,0,2,0,7,100,2,14295,14295,3,9,13,4,0,0,2,0
1268591,2,2021,2021,5,2,5,78,31,64,34609,0,1,9,-33.481068,150.14534,40,2,1,1,0,0,0,0,2,0,0,50,0,1192,1192,1,10,27,2,0,0,1,0
1268593,2,2021,2021,6,2,8,69,23,137,34609,0,1,9,-34.032658,151.056041,68,0,2,1,2,0,3,4,0,0,7,50,0,1220,1220,9,9,28,2,0,0,1,0
1268597,1,2021,2021,5,0,10,32,27,149,34609,0,1,1,-33.821771,150.966572,21,0,2,1,2,0,0,0,0,0,7,50,0,4026,4026,1,5,5,2,0,0,0,1
1268599,2,2021,2021,6,0,8,97,31,363,92,0,1,1,-33.815722,150.997359,54,0,2,1,1,0,0,0,3,0,7,60,1,1383,1383,1,5,5,5,0,0,2,1
1268600,1,2021,2021,6,6,4,2209,17,79,2205,0,1,2,-33.980239,151.11996,25,0,2,1,1,0,0,0,2,0,7,70,2,1192,1192,1,33,5,3,0,0,0,1
1268602,2,2021,2021,5,3,9,22,27,26,34609,0,1,7,-34.856968,150.582958,63,2,1,1,2,0,0,0,0,0,0,60,0,3775,3775,0,10,36,3,0,0,1,0
1268606,2,2021,2021,6,1,7,14,27,17,34609,1,2,1,-33.746499,150.815014,7,0,2,0,1,0,0,3,2,0,7,40,0,340,340,9,5,28,2,0,0,1,0
1268610,4,2021,2021,6,6,7,18,27,134,34609,0,1,9,-33.96442,150.793121,12,0,2,1,1,0,0,3,2,0,0,70,0,5929,5929,1,5,5,2,0,1,1,0
1268615,2,2021,2021,6,3,11,361,23,253,165,0,1,9,-33.96857,151.108372,25,0,2,1,2,0,0,6,0,2,7,50,1,2040,2040,9,5,28,2,0,0,1,0
1268616,1,2021,2021,6,6,3,230,27,175,284,0,1,2,-33.773865,151.084804,54,0,2,1,2,0,0,0,0,0,7,60,2,14295,14295,3,5,5,2,0,0,0,1
1268621,4,2021,2021,5,4,2,50,27,166,799,0,1,9,-33.897732,151.178504,32,0,2,1,2,0,3,1,0,2,9,40,2,2040,2040,9,0,28,2,0,1,0,0
1268624,2,2021,2021,5,4,6,59,10,89,34609,0,1,10,-33.904124,151.235844,59,0,2,0,1,0,0,0,2,0,15,30,0,515,515,1,30,27,2,0,0,1,0
1268628,2,2021,2021,6,6,7,1,18,207,34609,0,1,1,-31.984794,141.457827,51,2,1,1,0,0,0,0,2,0,7,50,0,4026,4026,8,10,40,1,0,0,1,0
1268629,4,2021,2021,6,5,11,3,27,3,3,0,1,1,-31.012571,152.9402,34,1,0,1,0,0,0,0,0,0,7,100,1,9859,9859,8,10,40,1,0,1,0,0
1268630,4,2021,2021,6,1,8,3,31,290,34609,1,0,1,-33.945243,151.127254,4,0,2,1,2,0,3,4,0,0,7,50,0,5929,5929,1,0,19,2,0,1,0,0
1268631,2,2021,2021,5,6,5,1,23,271,34609,0,1,1,-33.950745,151.01294,15,0,2,1,0,0,0,0,2,0,7,50,0,238,238,9,21,28,2,0,0,1,0
1268637,4,2021,2021,8,1,11,3371,17,60,3342,0,1,1,-33.442076,151.240159,16,2,2,0,0,0,0,0,0,0,7,60,2,3775,3775,0,5,5,2,0,1,1,1
1268638,4,2021,2021,8,0,2,12,27,83,34609,0,1,1,-34.460543,150.479007,78,2,1,0,0,0,0,0,1,0,7,80,0,1957,4009,8,5,40,1,0,1,0,0
1268642,2,2021,2021,6,4,8,44,31,41,605,1,0,9,-33.782897,151.267543,50,0,2,1,1,0,3,4,2,2,7,60,2,5929,5929,1,0,18,2,0,0,1,0
1268643,2,2021,2021,6,0,4,15,27,56,13,0,1,1,-32.757842,151.254414,17,2,1,1,0,0,0,0,2,0,7,80,1,1981,1981,4,9,13,2,0,0,1,0
1268644,2,2021,2021,6,3,6,60,27,40,167,1,0,2,-34.018624,151.121848,68,0,2,1,1,0,0,0,2,0,7,70,2,14295,14295,3,0,0,2,0,0,1,0
1268646,2,2021,2021,8,1,9,196,36,36,15,0,1,1,-33.97315,148.185362,51,1,0,0,0,0,3,4,0,0,7,100,1,782,957,5,10,40,1,0,0,1,1
1268647,4,2021,2021,8,2,5,103,27,149,167,0,1,1,-33.986294,151.135653,25,0,2,1,1,0,0,0,2,0,7,60,2,9859,9859,8,5,40,1,0,1,0,0
1268648,4,2021,2021,5,4,3,12,31,215,34609,0,1,1,-35.116012,147.34539,75,2,1,1,1,0,0,0,2,0,7,60,0,2040,2040,9,5,28,2,0,1,1,0
1268649,2,2021,2021,8,6,8,255,27,103,172,0,1,2,-32.932725,151.653949,37,0,2,1,1,0,0,0,2,0,7,60,2,1945,1945,5,16,40,1,0,0,1,0
1268650,4,2021,2021,6,5,8,161,17,39,161,0,1,1,-35.295333,148.214055,66,2,1,1,2,0,3,4,0,0,7,50,2,5929,5929,1,5,19,2,0,1,0,0
1268654,4,2021,2021,5,2,7,334,17,25,308,0,1,10,-31.711694,148.663327,51,2,1,1,1,0,0,0,2,0,0,50,2,6545,6545,4,5,19,2,0,1,0,0
1268664,1,2021,2021,8,0,5,1,27,2,34609,0,1,1,-33.691072,142.749888,51,1,0,1,0,2,0,0,2,0,7,100,0,1945,1945,5,16,40,1,0,0,0,1
1268666,4,2021,2021,6,3,9,35,27,2,34609,0,1,1,-29.054936,148.724276,51,2,1,0,0,2,0,0,0,0,7,50,0,4552,5151,8,5,40,1,0,1,0,0
1268667,2,2021,2021,8,5,2,48,27,14,26,0,1,1,-34.917323,149.680152,26,2,1,1,1,0,3,1,0,0,7,80,2,9859,9859,8,8,40,1,0,0,1,0
1268671,4,2021,2021,6,4,8,45,27,304,96,0,1,9,-33.903332,151.155108,32,0,2,1,1,0,0,0,3,2,9,60,2,2040,2040,9,30,28,2,0,1,0,0
1268672,2,2021,2021,6,5,4,35,27,42,212,0,1,7,-35.348161,149.244888,58,2,1,0,1,0,0,0,2,0,0,60,2,5929,5929,1,5,10,2,0,0,1,0
1268674,2,2021,2021,8,2,6,485,27,52,769,0,1,2,-33.695703,150.926558,7,0,2,0,0,0,0,0,2,0,7,80,2,14295,14295,3,16,19,3,0,0,1,0
1268675,1,2021,2021,5,2,7,11,1,29,13,0,1,9,-33.752632,150.793512,7,0,2,1,1,0,0,0,2,0,7,50,1,14295,14295,3,5,27,2,0,0,0,1
1268676,4,2021,2021,8,0,3,916,17,22,917,0,1,2,-32.773835,151.609385,42,2,1,1,1,0,3,4,2,0,7,80,2,14295,14295,3,0,5,5,0,1,0,1
1268677,2,2021,2021,6,0,11,1,10,3,34609,0,1,1,-29.872187,153.020689,18,2,1,0,0,0,3,0,0,0,7,80,0,4552,5151,8,5,40,1,0,0,1,0
1268679,2,2021,2021,8,2,9,8,10,74,34609,0,1,1,-34.058352,150.770507,12,0,2,0,0,0,0,0,0,0,7,50,0,1109,787,1,0,19,2,0,0,2,0
1268684,2,2021,2021,8,6,2,127,27,135,103,0,1,10,-32.902049,151.742874,48,0,2,1,2,0,0,0,1,2,7,50,1,6545,6545,4,22,12,2,0,0,2,0
1268689,2,2021,2021,6,6,7,3371,17,19,3342,0,1,2,-28.815072,153.528861,2,1,0,0,3,0,3,0,2,0,7,110,2,1192,1192,1,30,35,2,0,0,1,0
1268692,4,2021,2021,6,6,9,8,27,70,34609,1,0,7,-33.97817,151.111603,25,0,2,1,2,0,3,4,0,0,0,50,0,6545,6545,4,0,5,2,0,1,1,0
1268695,2,2021,2021,6,5,10,5,27,51,34609,0,1,1,-34.466904,150.805864,80,0,2,0,2,0,0,0,0,0,7,50,0,4552,5151,8,29,40,1,0,0,1,0
1268696,4,2021,2021,8,4,8,73,31,532,34609,0,1,10,-33.870953,151.204856,69,0,2,1,0,0,0,0,2,2,7,40,0,5929,5929,1,5,19,2,0,2,0,0
1268698,2,2021,2021,8,0,6,26,27,71,38,0,1,1,-33.833054,150.969272,21,0,2,1,0,0,0,0,2,0,7,60,1,1981,1981,4,5,13,2,0,0,1,0
1268701,2,2021,2021,0,2,4,1,7,17,34609,0,1,9,-28.235013,153.522707,72,2,1,0,0,0,0,0,2,0,7,60,0,1089,1089,7,16,40,1,0,0,1,0
1268704,2,2021,2021,8,2,9,42,31,44,34609,0,1,10,-33.087343,147.154992,51,2,1,1,2,0,3,4,0,0,0,50,0,6545,6545,4,5,0,2,0,0,1,2
1268705,4,2021,2021,8,1,5,19,27,81,30,0,1,1,-33.876021,151.260482,81,0,2,0,0,0,3,4,2,0,7,50,1,1957,4009,1,5,0,2,0,1,1,0
1268706,1,2021,2021,8,6,4,283,27,197,702,1,2,9,-33.940562,151.07593,15,0,2,1,1,0,0,0,2,0,2,40,2,1220,1220,9,10,28,2,0,0,0,1
1268707,4,2021,2021,0,5,9,512,17,21,441,0,1,1,-31.523416,147.141738,51,1,0,1,0,0,0,0,0,0,7,110,2,945,945,5,10,40,1,0,2,0,0
1268708,1,2021,2021,6,6,7,2,7,12,34609,0,1,1,-33.790992,151.252441,50,0,2,1,0,0,0,0,2,0,7,50,0,9859,9859,1,16,13,3,0,0,0,1
1268710,2,2021,2021,5,3,8,387,27,115,34609,0,1,9,-34.039858,151.071709,68,0,2,1,2,0,0,0,0,0,7,50,0,9859,9859,1,10,5,4,0,0,1,0
1268717,4,2021,2021,6,4,6,1052,14,36,928,0,1,3,-33.426931,151.227115,16,1,2,0,1,0,3,4,2,0,7,110,2,1259,5151,8,5,40,2,0,1,0,0
1268720,4,2021,2021,5,2,7,13,27,131,34609,0,1,1,-36.065545,146.909393,0,2,1,0,0,0,0,0,2,0,7,60,0,3775,3775,0,5,0,2,0,1,1,0
1268721,4,2021,2021,5,4,11,137,14,55,70,0,1,6,-32.828722,151.529817,17,2,1,0,2,0,0,0,0,0,7,60,2,4552,5151,8,5,40,1,0,1,0,0
1268723,2,2021,2021,0,3,5,3371,17,51,3342,0,1,10,-33.264169,151.473059,16,2,2,1,0,0,0,0,2,0,15,70,2,623,623,3,0,19,2,0,0,1,0
1268725,2,2021,2021,5,1,6,72,14,252,71,0,1,3,-33.886502,151.217966,69,0,2,1,2,0,0,0,2,0,7,80,2,1192,1192,1,33,5,2,0,0,1,0
1268730,4,2021,2021,6,1,5,102,31,139,187,0,1,9,-33.875225,151.134613,32,0,2,1,1,0,3,4,2,2,7,60,2,6545,6545,4,0,5,2,0,1,1,0
1268731,2,2021,2021,6,3,9,9,1,187,34609,0,1,9,-33.89222,150.985107,15,0,2,1,2,0,0,0,0,0,7,50,0,2040,2040,9,5,28,2,0,0,1,0
1268736,1,2021,2021,8,1,6,196,10,33,168,0,1,10,-33.966607,151.035448,15,0,2,1,1,0,0,0,2,2,7,70,2,14295,14295,3,33,19,3,0,0,0,1
1268737,2,2021,2021,7,0,8,48,27,70,166,0,1,1,-33.255826,151.506182,16,2,2,1,1,0,0,0,2,0,7,50,2,14295,14295,3,16,5,2,0,0,1,0
1268739,2,2021,2021,0,4,8,22,31,64,61,0,1,1,-33.883875,151.026113,21,0,2,1,1,0,0,0,2,0,9,50,1,591,591,1,22,0,2,0,0,2,0
1268740,4,2021,2021,0,2,6,84,10,39,80,0,1,1,-34.320973,150.91379,80,0,2,1,3,0,0,0,2,0,7,50,2,14295,14295,3,5,13,2,0,1,0,0
1268741,2,2021,2021,6,4,5,59,27,370,53,0,1,9,-34.071023,150.803099,13,0,2,1,1,0,3,3,2,0,0,60,2,926,926,4,5,5,2,0,0,2,0
1268742,4,2021,2021,0,0,7,294,17,215,288,0,1,7,-35.115617,147.34571,75,2,1,1,1,0,0,0,2,0,0,60,2,1282,1282,1,21,10,3,0,1,2,1
1268744,2,2021,2021,6,4,9,71,17,61,71,0,1,1,-35.527561,144.965167,51,2,1,0,2,0,3,1,0,0,7,50,2,1957,4009,8,0,40,1,0,0,1,0
1268745,1,2021,2021,8,2,7,18,27,111,34609,1,0,1,-33.920178,151.252332,59,0,2,1,0,0,0,0,2,0,7,50,0,387,387,1,22,0,2,0,0,0,1
1268746,4,2021,2021,0,2,5,59,27,38,53,0,1,9,-34.14835,150.721736,79,2,2,0,0,0,0,0,2,0,0,80,1,2852,2852,4,10,19,2,0,1,0,0
1268747,4,2021,2021,8,6,8,27,27,102,28,0,1,2,-33.956644,151.199496,4,0,2,1,2,0,0,0,3,2,9,80,2,1669,1669,3,0,5,2,0,2,0,0
1268748,4,2021,2021,6,0,11,31,1,234,139,0,1,1,-34.288549,146.050074,28,2,1,1,2,0,0,0,0,0,7,50,2,1220,1220,9,10,28,2,0,1,0,0
1268749,2,2021,2021,6,4,9,43,27,2,46,0,1,1,-28.345404,153.570893,72,2,1,0,0,0,0,3,0,0,7,80,1,4552,5151,8,5,40,1,0,0,1,0
1268752,2,2021,2021,6,5,9,308,14,323,311,0,1,3,-33.797452,150.854212,7,0,2,1,2,0,0,0,3,0,7,100,2,14295,14295,3,5,40,3,0,0,1,0
1268753,2,2021,2021,6,5,8,35,1,63,52,0,1,9,-33.732582,150.797335,7,0,2,1,2,0,0,0,3,2,7,60,1,5929,5929,1,34,5,2,0,0,2,0
1268754,4,2021,2021,6,1,7,2126,17,106,2149,0,1,2,-33.886003,151.180211,69,0,2,1,0,0,0,0,2,0,7,60,2,190,190,1,5,5,2,0,1,0,0
1268758,1,2021,2021,6,1,6,1,18,9,34609,0,1,9,-34.95224,149.760131,26,1,0,1,0,0,0,0,2,0,7,100,0,4026,4026,8,5,40,1,0,0,0,1
1268760,2,2021,2021,6,2,6,15,27,18,41,0,1,1,-28.975781,153.281091,60,2,1,1,0,0,0,0,2,0,7,80,1,9859,9859,8,0,40,1,0,0,1,0
1268761,2,2021,2021,0,2,1,2,18,13,34609,0,1,9,-32.789713,151.679589,42,2,1,0,2,0,0,0,0,0,0,50,0,4552,5151,8,0,40,1,0,0,1,0
1268767,4,2021,2021,0,4,9,8,31,225,34609,0,1,9,-33.794589,151.188624,77,0,2,1,1,0,0,0,3,0,0,50,0,1220,1220,9,0,28,3,0,2,0,0