Crash ID,Degree of crash - detailed,Reporting year,Year of crash,Month of crash,Day of week of crash,Two-hour intervals,Street of crash,Street type,Town,Route no.,School zone location,School zone active,Type of location,Latitude,Longitude,LGA,Urbanisation,Conurbation 1,Alignment,Street lighting,Road surface,Surface condition,Weather,Natural lighting,Signals operation,Other traffic control,Speed limit,Road classification,RUM - code,DCA - code,First impact type,Key TU type,Other TU type,No. of traffic units involved,No. killed,No. seriously injured,No. moderately injured,No. minor-other injured
1268776,4,2021,2021,6,1,9,26,31,61,34609,1,0,1,-35.535834,144.959277,51,2,1,1,2,0,0,0,0,0,7,50,0,9859,9859,1,5,0,2,0,1,0,0
1268777,4,2021,2021,8,5,9,63,27,187,17,0,1,7,-33.888405,150.992493,15,0,2,1,2,0,0,0,0,0,0,60,1,2040,2040,9,5,28,2,0,1,0,0
1268778,1,2021,2021,8,4,3,1104,14,142,962,0,1,3,-33.827614,151.000685,54,0,2,1,3,0,0,0,2,0,7,90,2,14295,14295,3,10,0,2,0,0,0,1
1268779,2,2021,2021,6,5,7,82,31,363,369,0,1,10,-33.762276,150.710286,55,0,2,1,1,0,0,0,2,0,15,70,2,6545,6545,4,9,36,2,0,0,1,0
1268780,4,2021,2021,8,2,7,1,1,31,34609,0,1,9,-34.026495,150.827347,13,0,2,1,0,0,0,0,2,0,7,50,0,4552,985,8,5,40,1,0,1,0,0
1268781,4,2021,2021,0,0,4,7,27,27,34609,0,1,9,-33.721228,150.451147,8,2,2,1,0,0,0,0,2,0,15,50,0,2040,2040,9,5,28,2,0,1,1,0
1268783,4,2021,2021,6,6,3,2126,17,226,2149,0,1,2,-33.781719,150.825028,7,0,2,1,2,0,0,1,1,0,7,80,2,14295,14295,3,9,41,3,0,1,0,0
1268787,4,2021,2021,0,0,9,3371,17,30,3342,0,1,2,-33.189961,151.577473,16,2,2,1,2,0,0,0,0,0,7,80,2,1220,1220,9,30,28,2,0,1,0,0
1268789,4,2021,2021,8,1,3,42,31,149,34609,0,1,9,-33.988174,151.139453,4,0,2,1,1,0,0,0,2,0,15,50,0,6545,6545,4,5,5,2,0,1,0,0
1268790,1,2021,2021,0,4,7,153,27,197,147,0,1,9,-33.957709,151.071976,25,0,2,1,0,0,0,0,2,2,7,60,2,14295,14295,3,5,5,3,0,0,0,1
1268791,2,2021,2021,0,6,6,11,27,36,143,0,1,1,-34.450469,149.445271,74,2,1,0,0,0,0,0,2,0,7,80,2,782,957,5,16,40,1,0,0,1,0
1268795,4,2021,2021,5,6,4,5,25,36,34609,0,1,1,-33.802989,151.029687,54,0,2,0,3,0,0,0,2,0,7,50,0,2585,4009,8,0,40,2,0,1,0,0
1268796,4,2021,2021,8,6,4,485,27,232,769,0,1,9,-33.700066,150.928791,71,0,2,1,1,0,0,0,2,2,7,80,2,1220,1220,9,5,28,2,0,1,0,0
1268799,1,2021,2021,6,4,7,92,31,83,34609,0,1,9,-30.116123,153.193575,19,2,1,1,3,0,3,4,2,0,0,50,0,2852,2852,4,5,13,2,0,0,0,1
1268800,2,2021,2021,5,0,5,135,17,93,136,0,1,10,-36.07551,146.928316,0,2,1,1,3,0,0,0,2,2,7,60,2,1282,1282,1,0,10,2,0,0,1,0
1268801,1,2021,2021,6,3,5,36,27,9,72,0,1,1,-28.714891,153.461804,10,2,1,0,3,0,0,0,2,0,7,80,2,1850,1463,5,16,40,1,0,0,0,1
1268803,1,2021,2021,8,5,6,15,27,8,33,0,1,1,-34.300483,149.859711,74,1,0,0,3,2,0,0,2,0,7,100,1,3775,3775,0,30,13,2,0,0,0,1
1268804,1,2021,2021,5,3,7,4,27,165,34609,0,1,9,-32.281016,150.897142,46,2,1,1,3,0,0,0,2,0,7,50,0,1669,1669,3,0,5,2,0,0,0,1
1268817,1,2021,2021,6,6,6,192,31,316,120,0,1,9,-33.912255,151.242681,59,0,2,1,3,0,0,0,2,0,0,50,2,941,941,1,5,5,2,0,0,0,1
1268818,1,2021,2021,6,4,8,8,27,46,34609,0,1,7,-33.791367,150.964743,54,0,2,1,3,0,3,1,4,0,0,50,0,6545,6545,4,0,0,2,0,0,0,1
1268819,2,2021,2021,5,4,9,150,27,197,415,1,0,9,-33.793726,151.119096,61,0,2,1,3,0,0,0,0,2,7,70,2,5929,5929,1,27,0,2,0,0,1,0
1268820,1,2021,2021,6,4,7,293,27,91,34609,0,1,1,-32.963742,151.653962,37,0,2,1,3,0,0,0,2,0,7,50,0,1981,1981,4,30,5,2,0,0,0,1
1268821,1,2021,2021,5,4,6,2,1,24,34609,0,1,9,-33.907181,150.893036,41,0,2,1,3,0,0,0,2,0,7,50,0,14295,14295,3,0,13,3,0,0,0,2
1268823,4,2021,2021,3,2,4,1052,14,58,928,0,1,3,-33.232165,151.419021,16,1,2,1,1,0,0,3,2,0,7,110,2,4026,4026,8,9,40,1,0,1,0,0
1268825,2,2021,2021,0,5,8,14,31,140,34609,0,1,9,-33.912075,151.00386,15,0,2,1,1,0,0,0,2,0,7,50,0,5929,5929,1,5,5,2,0,0,1,0
1268826,2,2021,2021,6,2,10,39,10,42,65,0,1,7,-33.703384,150.946738,71,0,2,1,1,0,0,0,0,0,0,60,1,14295,14295,3,5,19,2,0,0,1,0
1268831,1,2021,2021,0,0,10,361,32,460,42,0,1,9,-33.847164,150.989761,21,0,2,1,2,0,0,0,0,0,7,50,1,926,926,4,5,18,2,0,0,0,1
1268832,2,2021,2021,5,2,4,12,31,166,34609,0,1,1,-33.415786,149.585734,3,2,1,1,0,0,0,0,2,0,7,50,0,1981,1981,4,9,0,2,0,0,1,0
1268834,1,2021,2020,2,0,8,5,31,460,34609,0,1,10,-33.835938,150.979516,21,0,2,1,3,0,2,6,2,0,0,50,0,6545,6545,4,5,5,2,0,0,0,1
1268835,2,2021,2021,6,5,6,8,31,150,34609,0,1,1,-33.92119,151.227826,59,0,2,1,1,0,0,0,2,0,7,50,0,5929,5929,1,5,18,2,0,0,1,0
1268839,4,2021,2021,4,1,8,18,10,73,18,0,1,7,-33.777597,151.150633,36,0,2,1,1,0,0,0,2,0,0,60,1,6545,6545,4,30,27,2,0,1,0,0
1268841,2,2021,2021,8,3,9,2209,17,70,2205,0,1,9,-34.862024,150.601162,63,2,1,0,2,0,0,0,0,2,7,60,2,3775,3775,0,16,0,2,0,0,1,0
1268843,2,2021,2021,6,5,9,46,27,304,39,0,1,1,-33.914236,151.163177,32,0,2,1,2,0,0,0,0,0,7,50,1,387,387,1,22,13,3,0,0,1,0
1268844,4,2021,2021,8,4,2,73,24,50,88,0,1,1,-33.716489,151.26928,50,0,2,0,0,0,3,4,1,0,7,80,2,3775,3775,0,5,0,3,0,1,0,0
1268847,2,2021,2021,6,1,7,133,31,8,80,0,1,9,-32.987458,151.713862,37,0,2,0,1,0,0,0,2,0,15,60,1,1669,1669,3,5,13,2,0,0,1,0
1268851,2,2021,2021,5,1,0,2,1,53,34609,0,1,10,-33.922474,150.847549,41,0,2,1,2,0,0,0,0,0,7,50,0,2852,2852,4,10,5,2,0,0,1,0
1268852,4,2021,2021,5,0,3,334,17,98,308,0,1,7,-30.981204,150.251111,51,2,1,1,1,0,3,0,2,0,0,50,2,6545,6545,4,5,19,2,0,1,0,0
1268859,1,2021,2021,0,2,10,3371,17,30,3342,0,1,2,-28.319557,153.517221,72,1,0,1,0,0,3,4,0,0,7,110,2,3775,3775,0,5,5,2,0,0,0,2
1268860,1,2021,2021,8,2,4,8,27,22,11,0,1,1,-35.125326,150.516929,63,2,1,0,3,0,0,0,2,0,7,80,1,1109,787,1,5,5,2,0,0,0,1
1268861,2,2021,2021,0,2,7,7,36,44,34609,0,1,9,-34.56911,150.856792,62,0,2,1,1,0,0,0,2,0,7,60,0,2585,777,8,30,40,1,0,0,1,0
1268862,4,2021,2021,8,2,8,10,10,9,34609,0,1,1,-35.147856,147.335141,75,2,1,1,2,0,0,0,3,0,7,50,0,3775,3775,0,0,0,2,0,1,0,0
1268863,2,2021,2021,0,1,3,49,27,67,62,0,1,9,-33.696298,150.895067,7,0,2,1,2,0,0,0,1,2,7,70,2,9859,9859,8,5,40,1,0,0,1,0
1268866,1,2021,2021,6,1,7,92,31,7,34609,0,1,9,-36.053904,150.136381,23,2,1,1,1,0,0,0,2,0,7,50,0,6545,6545,4,22,0,2,0,0,0,1
1268869,4,2021,2021,8,6,0,77,27,25,100,1,0,1,-34.507424,150.404746,78,2,1,1,2,0,0,0,0,0,7,70,2,1945,1945,5,16,40,1,0,1,0,0
1268871,4,2021,2021,8,2,7,54,27,72,563,0,1,2,-34.017245,151.009235,68,0,2,1,1,0,0,0,2,0,8,80,2,190,190,1,22,13,2,0,1,0,0
1268872,2,2021,2021,0,6,3,866,17,187,793,0,1,10,-33.795458,150.989598,54,0,2,1,2,0,0,0,1,2,7,70,2,5929,5929,1,5,27,2,0,0,1,0
1268873,4,2021,2021,0,4,3,37,1,52,34609,0,1,1,-33.971361,150.918239,41,0,2,1,1,0,0,0,2,0,7,60,0,3775,3775,0,34,12,2,0,2,1,0
1268874,1,2021,2021,0,5,4,103,27,113,256,0,1,1,-34.239427,150.834789,79,1,2,1,0,0,0,0,2,0,7,90,2,14295,14295,3,5,5,2,0,0,0,1
1268875,4,2021,2021,8,1,3,485,27,337,769,0,1,9,-33.732345,150.972215,71,0,2,1,1,0,0,0,2,2,9,70,2,1220,1220,9,19,28,2,0,1,0,0
1268876,2,2021,2021,8,1,2,100,27,323,100,0,1,2,-33.793652,150.854157,7,0,2,1,2,0,0,0,1,2,7,70,2,14295,14295,3,8,0,2,0,0,1,0
1268879,4,2021,2021,8,4,5,2209,17,130,2205,0,1,9,-34.451903,150.847409,80,0,2,1,1,0,0,6,2,0,15,60,1,5929,5929,1,5,36,2,0,1,1,1
1268881,1,2021,2021,6,5,4,54,27,646,30,0,1,10,-33.914742,151.03688,15,0,2,1,3,0,0,0,2,2,7,60,1,14295,14295,3,5,5,3,0,0,0,1
1268885,2,2021,2021,5,6,10,7,18,562,441,0,1,7,-32.257301,148.629395,22,2,1,1,3,0,3,4,0,0,0,60,2,9859,9859,8,5,40,1,0,0,1,0
1268887,4,2021,2021,8,4,7,35,27,26,49,0,1,1,-31.465674,150.65256,51,1,0,1,0,0,0,0,2,0,7,100,1,9859,9859,8,0,40,1,0,1,0,0
1268895,1,2021,2021,5,5,2,2209,17,79,2205,0,1,7,-34.904784,150.602181,63,2,1,1,3,0,0,0,1,0,0,70,2,6545,6545,4,5,13,2,0,0,0,1
1268896,1,2021,2021,0,4,5,2261,17,140,2252,0,1,9,-33.895349,150.989272,15,0,2,1,3,0,0,0,2,0,7,70,2,14295,14295,3,5,5,2,0,0,0,1
1268900,1,2021,2021,6,5,5,9,31,136,34609,0,1,7,-33.918367,151.081905,15,0,2,1,3,0,0,0,2,0,0,50,0,301,301,4,10,0,2,0,0,0,1
1268902,4,2021,2021,6,6,0,2261,17,30,2252,0,1,2,-35.511233,147.563229,27,1,0,0,2,0,0,0,0,0,7,110,2,14295,14295,3,9,2,2,0,1,0,0
1268903,2,2021,2021,5,0,9,117,1,70,121,0,1,10,-34.037071,151.079865,68,0,2,1,3,0,3,4,0,2,7,60,1,5929,5929,1,0,13,2,0,0,1,0
1268906,2,2021,2021,6,6,9,11,1,370,34609,0,1,2,-34.070262,150.792453,13,0,2,1,2,0,0,0,3,0,9,50,0,2040,2040,9,5,28,2,0,0,1,0
1268907,1,2021,2021,6,5,10,71,27,33,69,0,1,1,-36.403608,148.597156,65,1,0,0,3,0,0,0,0,0,7,100,2,1089,1089,7,9,40,1,0,0,0,1
1268908,1,2021,2021,6,0,4,80,31,204,187,0,1,1,-33.877414,151.12871,32,0,2,1,3,0,0,0,2,0,7,60,2,14295,14295,3,5,5,2,0,0,0,1
1268910,4,2021,2021,8,6,7,45,27,80,44,0,1,9,-33.815632,151.151867,38,0,2,0,0,0,0,0,2,0,0,60,2,2040,2040,9,5,28,2,0,1,0,0
1268911,4,2021,2021,6,5,0,62,10,122,62,0,1,9,-33.427704,151.343979,16,2,2,0,2,0,0,0,0,0,15,50,2,4552,5151,8,5,40,1,0,1,1,1
1268912,2,2021,2021,6,3,8,280,10,162,240,0,1,9,-33.852024,150.894272,24,0,2,1,2,0,3,4,0,2,7,70,2,5929,5929,1,21,0,2,0,0,1,1
1268922,2,2021,2021,6,4,8,78,27,64,61,1,0,9,-33.885708,151.023361,15,0,2,1,0,0,3,4,3,0,15,60,1,2852,2852,4,10,5,2,0,0,1,0
1268923,1,2021,2021,8,0,4,10,31,82,34609,0,1,1,-33.798313,151.261811,50,0,2,1,1,0,0,0,2,0,7,50,0,368,368,9,5,28,2,0,0,0,1
1268925,4,2021,2021,5,5,8,26,10,370,68,0,1,10,-34.075474,150.79992,13,0,2,1,2,0,0,0,0,2,9,60,1,2040,2040,9,5,28,2,0,1,0,0
1268931,2,2021,2021,6,2,5,916,17,165,917,0,1,1,-32.268462,150.887089,46,2,1,1,1,0,0,0,2,0,7,50,2,9859,9859,1,10,13,2,0,0,2,0
1268934,2,2021,2021,5,3,6,2,31,169,34609,0,1,1,-33.760106,150.832472,7,0,2,1,0,0,0,0,2,0,7,50,0,1981,1981,4,5,27,2,0,0,1,0
1268936,4,2021,2021,4,5,3,330,23,6,233,0,1,7,-33.987794,151.231665,59,0,2,0,1,0,0,0,2,0,7,50,1,1259,5151,8,22,40,1,0,1,0,0
1268937,1,2021,2021,6,1,6,84,27,169,769,0,1,10,-33.595726,150.744516,29,2,2,1,3,1,2,6,2,0,7,60,2,2040,2040,9,5,28,2,0,0,0,1
1268940,1,2021,2020,2,2,8,916,17,9,917,0,1,1,-30.413838,151.690029,1,1,0,0,3,0,3,3,2,0,7,100,2,3775,3775,0,5,36,2,0,0,0,2
1268981,2,2021,2021,0,6,8,3371,17,63,3342,0,1,3,-28.175465,153.511516,72,1,0,1,2,0,0,0,3,0,7,100,2,1383,1383,1,29,5,2,0,0,1,0
1268984,2,2021,2021,6,4,3,829,27,309,770,1,0,9,-33.819373,151.116732,61,0,2,1,1,0,0,0,2,2,7,60,2,5929,5929,1,30,19,2,0,0,1,0
1268987,2,2021,2021,0,6,6,97,31,80,34609,0,1,1,-33.882459,151.204844,69,0,2,1,0,0,0,0,2,0,7,40,0,14295,14295,3,9,0,2,0,0,1,0
1268989,4,2021,2021,0,4,8,32,31,252,34609,0,1,9,-33.887628,151.210897,69,0,2,1,1,0,0,0,2,0,7,40,0,3775,3775,0,5,39,2,0,1,0,0
1268991,2,2021,2021,6,1,8,2,27,49,34609,0,1,9,-34.782086,149.780275,26,2,1,1,0,0,0,0,3,0,15,80,0,2852,2852,4,5,12,2,0,0,1,0
1268992,2,2021,2021,8,0,9,55,1,8,34609,0,1,1,-33.770067,151.183615,36,0,2,1,2,0,0,0,0,0,7,50,0,9859,9859,1,0,25,2,0,0,1,0
1268993,1,2021,2021,0,4,4,11,27,42,34609,1,2,9,-33.888577,150.869232,24,0,2,1,0,0,0,0,2,0,7,40,0,1220,1220,9,0,28,2,0,0,0,1
1268996,2,2021,2021,8,1,4,47,31,117,84,0,1,2,-28.17897,153.540832,72,2,1,1,1,0,0,0,2,0,7,60,1,3775,3775,0,10,36,2,0,0,1,1
1268997,2,2021,2021,0,0,5,81,17,83,100,0,1,9,-34.447994,150.457132,78,2,1,1,3,0,0,0,2,0,0,60,2,14295,14295,3,10,5,3,0,0,1,0
1268998,2,2021,2021,0,2,5,11,31,108,34609,0,1,7,-28.862064,153.563597,2,2,1,1,1,0,3,3,2,0,0,50,0,6545,6545,4,0,27,2,0,0,2,0
1269000,2,2021,2021,6,2,8,35,27,2,34609,0,1,1,-28.863581,153.434446,2,2,1,0,0,0,3,0,3,0,7,80,0,1957,4009,8,5,40,1,0,0,1,0
1269001,1,2021,2021,8,6,10,102,31,139,187,0,1,2,-33.875913,151.132563,32,0,2,1,0,0,0,0,0,0,7,60,2,14295,14295,3,8,0,3,0,0,0,1
1269002,2,2021,2021,5,6,2,11,27,1,118,0,1,1,-30.169984,150.587794,51,1,0,1,0,0,0,1,1,0,7,100,2,4026,4026,8,10,40,1,0,0,1,0
1269005,1,2021,2021,5,6,7,34,31,145,140,0,1,5,-33.927406,151.124435,15,0,2,1,3,0,0,3,2,2,7,50,1,1391,1391,1,0,13,2,0,0,0,1
1269017,2,2021,2021,5,1,4,175,27,66,220,0,1,9,-33.721103,150.934486,7,0,2,1,3,0,0,0,2,0,0,70,2,14295,14295,3,10,40,4,0,0,1,1
1269022,1,2021,2021,8,4,9,4,31,228,34609,0,1,1,-34.753932,149.709704,26,2,1,1,3,0,0,3,0,0,7,50,0,9859,9859,1,9,13,2,0,0,0,1
1269023,1,2021,2021,5,0,5,2,25,104,34609,0,1,1,-33.794932,150.803556,55,0,2,1,3,0,0,0,2,0,7,50,0,237,397,1,5,13,2,0,0,0,1
1269024,1,2021,2021,6,3,7,3,31,23,34609,0,1,1,-34.576975,150.868236,62,0,2,1,3,0,0,0,2,0,7,50,0,9859,9859,1,16,0,2,0,0,0,1
1269025,2,2021,2021,5,3,6,154,27,293,244,0,1,9,-33.926017,151.054,15,0,2,1,3,0,0,0,2,2,7,60,2,14295,14295,3,0,5,2,0,0,1,0
1269029,2,2021,2021,6,6,8,512,17,562,441,0,1,10,-32.253851,148.605658,22,2,1,1,3,0,0,0,3,2,7,60,2,623,623,3,0,25,2,0,0,1,1
1269034,2,2021,2021,6,2,7,8,31,147,34609,0,1,10,-33.865084,151.138099,14,0,2,1,1,0,0,0,2,0,0,50,0,6545,6545,4,5,0,2,0,0,1,0
1269038,1,2021,2021,6,3,3,1104,14,323,962,0,1,3,-33.797952,150.854332,7,0,2,1,3,0,0,0,2,0,7,100,2,14295,14295,3,0,0,2,0,0,0,1
1269040,2,2021,2021,5,0,4,72,27,228,39,0,1,2,-34.743674,149.757764,26,2,1,0,3,0,0,3,2,0,7,80,2,4552,5151,8,10,40,1,0,0,1,0
1269041,2,2021,2021,5,6,2,161,17,1,161,0,1,1,-36.207113,148.932812,65,1,0,0,3,0,1,5,0,0,7,100,2,1850,1463,5,9,40,1,0,0,1,0
1269042,2,2021,2021,6,5,7,6,23,137,34609,0,1,7,-33.920651,151.204359,69,0,2,1,1,0,0,0,2,0,0,40,0,6545,6545,4,30,27,2,0,0,1,0
1269043,4,2021,2021,5,1,6,8,27,7,34609,0,1,1,-30.023054,153.036236,18,1,0,1,3,2,0,0,2,0,7,100,0,1945,1945,5,16,40,1,0,1,0,0
1269045,1,2021,2021,5,4,6,18,31,108,57,0,1,10,-28.859985,153.559243,2,2,1,1,0,0,0,0,2,2,7,60,1,6545,6545,4,0,27,2,0,0,0,1
1269046,1,2021,2021,0,6,4,90,31,123,165,0,1,2,-33.907558,151.213542,69,0,2,1,1,0,0,0,2,0,7,80,2,14295,14295,3,9,0,2,0,0,0,1
1269050,2,2021,2021,5,0,7,7,27,2,139,0,1,1,-33.306576,144.765532,51,1,0,0,3,2,3,0,2,0,7,100,1,1850,1463,5,5,40,1,0,0,1,0
1269051,2,2021,2021,6,4,3,118,17,8,118,0,1,1,-31.245384,150.445845,51,1,0,1,0,0,3,4,0,0,7,110,2,475,475,5,8,40,1,0,0,1,0
1269054,4,2021,2021,0,5,1,500,27,80,160,0,1,1,-33.976397,150.898969,13,0,2,1,2,0,0,0,0,0,7,60,2,9859,9859,8,0,40,1,0,1,0,0
1269055,2,2021,2021,6,4,4,3,31,123,34609,0,1,10,-33.804622,151.052787,54,0,2,1,1,0,0,0,2,0,0,50,0,6545,6545,4,0,5,2,0,0,1,0
1269056,2,2021,2021,8,1,5,481,17,6,483,0,1,1,-33.804942,147.480796,51,1,0,1,0,0,0,0,2,0,7,110,2,9859,9859,8,5,40,1,0,0,1,0
1269057,2,2021,2021,5,0,9,72,27,278,56,0,1,9,-33.790906,151.065782,54,0,2,0,2,0,0,6,0,2,7,60,2,2852,2852,4,5,12,2,0,0,1,0
1269058,1,2021,2021,0,4,8,61,10,87,34609,0,1,1,-33.069858,151.463783,37,0,2,1,1,0,0,0,2,0,7,60,0,623,623,3,5,0,2,0,0,0,1
1269065,1,2021,2021,8,5,3,39,31,271,21,0,1,9,-33.943581,151.007309,15,0,2,1,2,0,0,0,1,0,7,60,1,14295,14295,3,10,5,3,0,0,0,1
1269067,4,2021,2021,0,4,8,62,27,39,166,0,1,1,-33.251639,151.48837,16,2,2,1,0,0,3,0,2,0,7,70,2,57,57,1,16,0,3,0,1,0,0
1269069,2,2021,2021,6,3,9,348,27,363,88,0,1,10,-33.745626,150.691063,55,0,2,1,2,0,3,4,0,2,7,70,2,14295,14295,3,5,0,3,0,0,2,0
1269070,2,2021,2021,6,0,9,192,31,316,120,1,0,10,-33.925652,151.23933,59,0,2,1,2,0,0,0,0,2,7,50,2,1850,985,5,15,40,1,0,0,1,0
1269073,4,2021,2021,5,0,5,17,27,20,6,0,1,1,-35.462578,147.623003,75,1,0,0,0,0,3,4,2,0,7,100,1,2585,4009,8,10,40,1,0,1,0,0
1269074,2,2021,2021,8,3,6,2126,17,140,2149,0,1,2,-33.786053,150.842489,7,0,2,1,0,0,0,0,2,0,7,80,2,1945,1945,5,16,40,1,0,0,2,0
1269076,2,2021,2021,8,2,6,361,23,253,165,0,1,9,-33.968891,151.102004,25,0,2,1,0,0,0,0,2,2,7,50,1,6545,6545,4,5,0,2,0,0,2,1
1269077,1,2021,2021,7,5,8,168,17,6,212,0,1,1,-35.484294,149.885743,58,1,0,0,0,0,3,4,2,0,7,100,2,3775,3775,0,10,13,3,0,0,0,5
1269078,2,2021,2021,5,1,6,348,17,12,232,0,1,1,-33.336999,150.036391,40,1,0,0,0,0,0,0,2,0,7,100,2,3775,3775,0,5,41,2,0,0,1,0
1269080,4,2021,2021,5,0,7,3371,17,58,3342,0,1,9,-33.754365,151.15205,36,0,2,1,1,0,0,0,2,1,7,60,2,4552,985,8,16,40,1,0,1,0,0
1269081,2,2021,2021,6,6,10,7,31,49,34609,0,1,9,-33.93169,151.151821,4,0,2,1,2,0,3,4,0,0,9,50,0,2040,2040,9,5,28,2,0,0,1,0
1269088,1,2021,2021,4,3,4,6,10,9,34609,0,1,1,-33.773083,150.727685,55,0,2,0,1,0,0,0,2,0,7,50,0,1957,4009,1,0,41,2,0,0,0,1
1269092,2,2021,2021,6,6,7,37,27,25,52,0,1,1,-33.874272,150.618222,79,2,2,1,0,0,0,0,2,0,7,60,1,1669,1669,3,9,13,2,0,0,1,0
1269098,1,2021,2021,6,5,8,171,27,113,369,0,1,10,-33.793598,150.699214,55,0,2,1,0,0,0,0,2,2,7,60,2,14295,14295,3,5,0,2,0,0,0,2
1269099,1,2021,2021,5,6,8,15,31,166,34609,0,1,10,-33.418082,149.575794,3,2,1,1,2,0,0,0,0,0,7,50,0,256,256,4,22,5,2,0,0,0,1
1269102,4,2021,2021,5,4,3,18,27,111,16,0,1,10,-33.919579,151.248247,59,0,2,1,1,0,3,3,1,2,9,50,1,1220,1220,9,8,28,2,0,1,0,0
1269105,2,2021,2021,5,5,4,3371,17,58,3342,0,1,9,-33.754748,151.152259,36,0,2,1,1,0,0,0,2,2,9,60,2,1220,1220,9,10,28,2,0,0,1,0
1269106,1,2021,2021,4,6,6,6,27,12,34609,0,1,1,-28.608613,153.101514,51,1,0,0,0,0,0,0,2,0,7,100,0,1850,1463,5,5,40,1,0,0,0,1
1269107,2,2021,2021,6,2,6,3,27,17,34609,0,1,1,-33.447132,149.294443,11,1,0,0,0,0,0,0,2,0,7,100,0,1957,4009,8,0,40,1,0,0,1,0
1269110,4,2021,2021,8,6,7,77,31,445,563,0,1,9,-33.870254,151.042474,21,0,2,1,1,0,0,0,2,0,7,70,2,775,775,4,0,19,2,0,1,0,0
1269112,4,2021,2021,5,5,3,28,31,89,34609,0,1,9,-28.223582,153.54548,72,2,1,1,0,0,0,0,2,0,7,50,0,1669,1669,3,21,5,3,0,1,0,0
1269116,2,2021,2021,6,1,7,2126,17,445,2149,0,1,1,-33.851166,151.054375,21,0,2,1,3,0,0,0,2,0,7,60,2,14295,14295,3,5,5,4,0,0,1,0
1269117,2,2021,2021,5,0,7,5,31,10,34609,0,1,1,-31.938469,152.413664,43,2,1,1,0,0,0,0,2,0,7,50,0,340,340,9,5,28,2,0,0,1,0
1269121,2,2021,2021,5,0,1,2126,17,179,2149,0,1,2,-33.759117,150.72174,55,0,2,1,2,0,0,6,0,0,7,60,2,214,214,9,5,28,2,0,0,1,0
1269123,4,2021,2021,8,1,5,330,27,43,605,0,1,2,-33.697385,151.300776,50,0,2,0,1,0,0,0,2,0,7,70,2,4552,5151,8,9,40,1,0,1,0,0
1269124,2,2021,2021,6,4,9,12,27,197,22,0,1,10,-33.796769,151.124361,61,0,2,1,0,0,0,0,0,2,7,60,1,2040,2040,9,5,28,2,0,0,1,0
1269125,2,2021,2021,6,4,7,1052,14,207,928,0,1,3,-33.558859,151.192774,31,0,2,0,1,0,0,0,2,0,7,110,2,1192,1192,1,5,2,2,0,0,1,0
1269127,4,2021,2021,5,0,8,72,31,165,21,0,1,1,-32.270926,150.88235,46,2,1,1,2,0,0,0,3,0,7,60,2,1669,1669,3,15,5,2,0,1,0,0
1269131,1,2021,2021,8,1,3,35,27,10,14,0,1,1,-35.085029,149.62871,26,1,0,0,0,0,3,3,1,0,7,100,1,380,714,5,5,40,1,0,0,0,1
1269134,2,2021,2021,8,4,5,6,27,45,34609,1,0,9,-33.347705,151.492942,16,2,2,0,1,0,0,0,2,0,7,50,0,1957,4009,1,5,5,3,0,0,1,0
1269137,2,2021,2021,6,3,0,213,17,11,213,0,1,1,-29.781336,151.389376,33,1,0,1,0,0,0,0,0,0,7,100,2,4026,4026,8,5,40,1,0,0,1,1
1269138,2,2021,2021,8,4,7,60,27,253,331,0,1,10,-33.962186,151.104998,25,0,2,1,0,0,0,0,2,0,7,60,2,926,926,4,5,0,4,0,0,1,1
1269139,2,2021,2021,5,0,8,44,31,237,34609,0,1,10,-33.868526,150.955521,24,0,2,1,2,0,0,0,3,2,7,40,0,1850,777,5,16,40,1,0,0,1,0
1269140,4,2021,2021,8,5,3,169,27,80,34609,0,1,1,-33.751668,150.673819,55,0,2,1,0,0,0,3,1,0,7,50,0,5929,5929,1,5,19,3,0,1,0,0
1269143,1,2021,2021,0,6,9,72,31,176,62,0,1,10,-33.949735,151.14888,4,0,2,1,3,0,3,4,3,3,7,60,1,1391,1391,1,0,5,2,0,0,0,1
1269145,1,2021,2021,5,6,4,8,27,147,34609,0,1,1,-33.874783,150.999165,15,0,2,1,3,0,0,0,2,0,7,50,0,14295,14295,3,5,5,2,0,0,0,1
1269147,1,2021,2020,2,6,7,4,27,443,34609,0,1,9,-33.91473,151.056,15,0,2,1,3,0,0,0,2,0,7,60,0,14295,14295,3,30,5,2,0,0,0,1
1269154,2,2021,2021,6,6,4,25,31,87,100,0,1,9,-34.478867,150.41786,78,2,1,1,0,0,0,0,2,0,9,50,2,1220,1220,9,21,28,2,0,0,1,0
1269155,4,2021,2021,6,6,4,18,27,10,14,0,1,1,-28.779165,153.281503,39,2,1,0,0,0,3,3,2,0,7,80,1,782,957,5,16,40,1,0,1,0,0
1269158,4,2021,2021,6,3,5,4,27,69,34609,0,1,1,-33.772148,150.967855,71,0,2,1,1,0,0,0,2,0,7,50,0,1981,1981,4,5,19,2,0,1,0,0
1269159,2,2021,2021,6,2,10,348,17,105,232,0,1,9,-32.600522,149.596719,44,2,1,0,2,0,0,0,0,0,7,50,2,1850,1463,5,16,40,1,0,0,1,0
1269161,2,2021,2021,8,0,2,163,27,63,165,0,1,10,-33.737207,150.797704,7,0,2,0,2,0,0,0,0,0,0,60,1,190,190,1,5,36,3,0,0,1,0
1269162,1,2021,2021,3,6,3,32,31,111,91,0,1,7,-33.924787,151.255973,59,0,2,1,0,0,0,0,2,0,0,50,1,926,926,4,16,0,2,0,0,0,1