Crash ID,Degree of crash - detailed,Reporting year,Year of crash,Month of crash,Day of week of crash,Two-hour intervals,Street of crash,Street type,Town,Route no.,School zone location,School zone active,Type of location,Latitude,Longitude,LGA,Urbanisation,Conurbation 1,Alignment,Street lighting,Road surface,Surface condition,Weather,Natural lighting,Signals operation,Other traffic control,Speed limit,Road classification,RUM - code,DCA - code,First impact type,Key TU type,Other TU type,No. of traffic units involved,No. killed,No. seriously injured,No. moderately injured,No. minor-other injured
1269163,1,2021,2021,5,0,9,64,27,278,284,0,1,9,-33.777384,151.05347,54,0,2,1,2,0,3,4,0,2,7,60,2,926,926,4,5,0,2,0,0,0,1
1269166,2,2021,2021,6,0,4,18,27,53,5,0,1,10,-33.768548,151.163623,36,0,2,1,0,0,3,3,2,0,0,50,1,14295,14295,3,0,0,2,0,0,1,0
1269169,2,2021,2021,8,4,8,23,31,218,19,0,1,1,-33.747457,150.776696,55,0,2,0,0,0,3,4,3,0,7,60,1,1981,1981,4,5,5,2,0,0,1,3
1269172,2,2021,2021,5,3,8,1,6,29,34609,0,1,1,-33.729581,150.736633,55,0,2,1,0,0,0,0,2,0,7,50,0,1981,1981,4,5,27,2,0,0,1,0
1269175,2,2021,2021,6,2,3,475,10,100,268,1,0,9,-33.893098,150.889132,24,0,2,1,1,0,0,0,2,2,7,60,2,14295,14295,3,10,13,2,0,0,1,0
1269177,2,2021,2021,5,5,8,25,27,22,61,0,1,9,-33.829117,151.198977,49,0,2,1,0,0,0,0,2,2,7,50,1,1282,1282,1,0,19,2,0,0,1,0
1269178,2,2021,2021,6,4,11,2261,17,523,2252,0,1,9,-33.915265,150.920843,41,0,2,0,2,0,0,0,0,2,9,60,2,1220,1220,9,5,28,2,0,0,1,0
1269180,1,2021,2021,6,6,7,3,27,175,34609,0,1,1,-33.778991,151.08213,54,0,2,1,0,0,0,0,2,0,7,50,0,3775,3775,0,5,12,3,0,0,0,1
1269181,4,2021,2021,8,4,9,361,32,62,96,0,1,9,-33.89408,151.149844,32,0,2,1,2,0,3,4,0,2,7,60,2,2040,2040,9,5,28,2,0,1,0,0
1269186,1,2021,2021,6,0,10,112,27,109,256,0,1,9,-33.973225,150.860077,41,0,2,1,2,0,0,0,0,2,7,70,2,1220,1220,9,0,28,2,0,0,0,1
1269190,2,2021,2021,6,3,7,296,27,187,293,0,1,2,-33.883856,150.976436,24,0,2,1,0,0,0,0,2,0,7,60,2,14295,14295,3,16,5,2,0,0,1,0
1269191,4,2021,2021,8,5,7,89,17,137,54,0,1,10,-34.030928,151.065325,68,0,2,1,0,0,0,0,2,0,7,70,2,5929,5929,1,5,19,2,0,1,0,0
1269192,1,2021,2021,8,1,4,2209,17,67,2205,1,2,2,-34.427978,150.868326,80,0,2,1,1,0,0,6,2,0,7,40,2,14295,14295,3,5,5,2,0,0,0,1
1269193,1,2021,2021,8,0,4,76,27,77,148,0,1,10,-32.938524,151.753801,48,0,2,1,1,0,3,0,2,2,7,60,1,14295,14295,3,10,36,2,0,0,0,1
1269196,1,2021,2021,5,4,8,52,27,188,53,1,0,9,-33.941971,151.101361,25,0,2,1,3,0,0,3,2,0,7,50,1,5929,5929,1,10,0,2,0,0,0,1
1269200,2,2021,2021,6,4,8,330,27,31,102,0,1,9,-33.782141,151.279157,50,0,2,1,2,0,0,0,3,0,7,60,2,5929,5929,1,10,19,2,0,0,1,2
1269202,1,2021,2021,6,4,8,63,27,20,34609,0,1,9,-32.957032,151.55992,37,0,2,0,0,0,3,0,2,0,7,80,0,1669,1669,3,30,10,2,0,0,0,1
1269203,2,2021,2021,0,6,9,192,31,316,120,1,0,1,-33.914777,151.241687,59,0,2,1,2,0,0,0,0,0,7,50,2,1945,1945,5,15,40,1,0,0,1,0
1269204,2,2021,2021,6,4,11,8,1,63,34609,0,1,2,-33.243229,151.503312,16,2,2,0,2,0,3,3,0,0,7,50,0,1957,4009,8,5,40,1,0,0,2,0
1269206,2,2021,2021,0,6,5,31,27,136,101,0,1,9,-32.921651,151.723432,48,0,2,1,0,0,0,0,2,0,7,60,2,1383,1383,1,10,19,2,0,0,1,0
1269209,1,2021,2021,5,2,5,52,27,78,103,0,1,1,-33.863216,151.014508,21,0,2,1,3,0,0,0,2,0,7,50,1,14295,14295,3,9,0,2,0,0,0,1
1269212,1,2021,2021,6,6,8,126,27,30,168,0,1,10,-34.047866,150.761709,12,0,2,1,3,0,0,0,3,2,7,80,2,1391,1391,1,0,0,2,0,0,0,1
1269213,1,2021,2021,6,5,6,2209,17,76,2205,0,1,1,-35.365244,150.472279,63,2,1,1,3,0,0,0,2,0,7,60,2,14295,14295,3,10,10,3,0,0,0,1
1269216,1,2021,2021,8,5,7,37,27,161,115,0,1,1,-33.724388,151.150405,36,0,2,0,1,0,0,0,2,0,7,60,1,1850,1463,5,22,40,1,0,0,0,1
1269220,1,2021,2021,5,0,6,283,27,145,702,0,1,10,-33.917551,151.065059,15,0,2,1,3,0,0,0,2,3,7,60,2,1391,1391,1,5,35,2,0,0,0,1
1269221,2,2021,2021,0,5,4,500,27,106,799,0,1,9,-33.921552,151.096409,15,0,2,1,0,0,0,0,2,0,7,60,2,2852,2852,4,5,5,2,0,0,1,0
1269224,2,2021,2021,8,3,7,11,27,6,34609,0,1,1,-32.256565,148.512519,22,1,0,0,0,0,0,0,2,0,7,100,0,1259,5151,8,34,40,1,0,0,1,0
1269228,1,2021,2021,6,6,7,60,27,101,262,0,1,2,-32.902608,151.621708,37,0,2,1,3,0,0,0,2,0,7,90,2,14295,14295,3,30,12,2,0,0,0,1
1269229,1,2021,2021,5,6,4,346,17,44,332,0,1,7,-28.860721,153.519893,2,2,1,1,3,0,3,3,2,0,0,60,2,14295,14295,3,5,0,2,0,0,0,1
1269232,4,2021,2021,8,0,9,348,27,23,88,0,1,9,-33.717416,150.695816,55,0,2,1,1,0,0,0,3,0,15,80,2,2852,2852,4,5,12,2,0,1,1,0
1269235,2,2021,2021,6,2,8,2209,17,176,2205,0,1,10,-33.95712,151.137755,4,0,2,1,2,0,0,0,0,2,7,60,2,5929,5929,1,10,19,2,0,0,2,0
1269238,1,2021,2021,6,6,1,6,10,23,34609,0,1,1,-34.04998,150.812795,13,0,2,0,2,0,0,0,0,0,7,60,0,1282,1282,1,5,5,2,0,0,0,1
1269239,4,2021,2021,8,0,9,19,27,10,16,0,1,1,-31.580715,152.497949,56,1,0,0,0,0,3,4,0,0,7,100,1,2585,4009,8,10,40,1,0,1,0,0
1269241,4,2021,2021,5,6,8,50,27,166,799,0,1,1,-33.898146,151.177543,32,0,2,1,2,0,0,0,3,0,7,40,2,1282,1282,1,27,27,2,0,1,0,0
1269242,2,2021,2021,5,0,7,169,27,123,34609,0,1,1,-33.816182,151.05366,54,0,2,1,1,0,0,0,2,0,7,50,0,4026,4026,8,5,40,1,0,0,1,0
1269251,2,2021,2021,8,4,7,2209,17,201,2205,0,1,1,-34.881613,150.604128,63,2,1,1,1,0,0,0,2,0,7,70,2,1282,1282,1,29,0,2,0,0,1,0
1269252,4,2021,2021,8,0,7,9,27,6,8,0,1,1,-34.479143,148.273076,30,1,0,0,0,0,0,0,2,0,7,100,1,380,714,5,10,40,1,0,1,1,1
1269253,2,2021,2021,6,2,6,36,27,363,34609,0,1,10,-33.753315,150.690519,55,0,2,1,1,0,0,0,2,2,7,50,0,2040,2040,9,5,28,3,0,0,2,0
1269255,4,2021,2021,6,6,7,19,27,82,605,0,1,10,-33.796144,151.252921,50,0,2,1,0,0,0,3,2,2,7,60,2,1945,1945,5,15,40,1,0,1,0,0
1269257,4,2021,2021,8,3,10,12,27,15,34609,0,1,1,-33.791363,151.044626,54,0,2,0,2,0,0,0,0,0,7,50,0,4552,5151,8,16,40,1,0,1,0,0
1269260,4,2021,2021,8,3,8,74,27,41,260,0,1,2,-32.958638,151.615455,37,0,2,1,2,0,0,0,3,0,7,80,2,3775,3775,0,5,0,2,0,1,0,0
1269261,2,2021,2021,6,6,3,2209,31,22,70,0,1,1,-31.900249,152.525978,43,2,1,1,2,0,0,0,2,0,7,60,1,1669,1669,3,10,5,2,0,0,1,0
1269265,2,2021,2021,0,2,5,1052,14,17,169,0,1,10,-32.813888,151.635524,48,0,2,1,1,0,3,3,2,2,7,60,2,1282,1282,1,0,5,2,0,0,1,0
1269266,1,2021,2021,0,6,6,387,27,115,331,1,0,9,-33.961148,151.07373,25,0,2,1,1,0,0,0,2,0,7,60,2,591,591,1,22,5,2,0,0,0,1
1269267,4,2021,2021,0,0,10,8,1,646,34609,0,1,9,-33.917175,151.040146,15,0,2,1,2,0,0,0,0,2,7,60,0,5929,5929,1,0,19,2,0,1,0,0
1269269,2,2021,2021,6,5,9,6,27,41,99,0,1,1,-33.907252,151.18488,69,0,2,1,2,0,0,0,0,0,7,40,2,2040,2040,9,21,28,2,0,0,1,0
1269270,2,2021,2021,0,6,6,11,27,133,34609,0,1,10,-34.500248,150.799544,80,0,2,1,1,0,0,0,2,0,15,60,0,6545,6545,4,10,5,2,0,0,2,0
1269272,4,2021,2021,0,3,9,31,31,174,34609,1,0,10,-33.874336,150.931152,24,0,2,1,2,0,0,0,0,0,7,50,0,5929,5929,1,0,27,2,0,1,2,0
1269273,2,2021,2021,0,2,6,213,17,6,213,0,1,1,-29.661144,151.889469,51,1,0,0,0,0,3,4,2,0,7,100,2,1957,4009,8,0,40,1,0,0,1,0
1269275,2,2021,2021,8,2,7,34,10,7,40,0,1,1,-35.822703,150.186107,23,2,1,1,0,0,0,0,2,0,7,80,1,1945,1945,5,22,40,1,0,0,1,0
1269276,4,2021,2021,6,0,2,97,31,363,92,0,1,10,-33.82415,150.994965,54,0,2,1,2,0,0,0,0,2,7,60,1,5929,5929,1,10,0,2,0,1,0,0
1269278,1,2021,2021,0,0,11,79,27,188,159,0,1,9,-33.936021,151.111731,15,0,2,1,2,0,0,0,0,2,7,60,2,5929,5929,1,5,5,2,0,0,0,3
1269279,4,2021,2021,0,0,7,39,27,57,147,0,1,1,-28.636806,153.559359,10,2,1,1,0,0,0,0,2,0,7,60,1,14295,14295,3,0,13,2,0,1,0,0
1269282,4,2021,2021,0,0,2,2261,17,24,2252,0,1,3,-34.412592,150.500866,78,1,0,1,0,0,0,0,0,0,7,110,2,14295,14295,3,8,35,2,0,1,0,0
1269285,4,2021,2021,0,4,11,334,17,8,308,0,1,1,-30.963699,150.50694,51,1,0,1,0,0,0,0,0,0,7,100,2,945,945,5,0,40,1,0,1,0,0
1269286,2,2021,2021,0,2,8,2,27,53,10,0,1,1,-32.247562,148.234521,51,1,0,1,0,0,0,0,2,0,7,100,1,1109,787,1,0,32,2,0,0,2,0
1269288,2,2021,2021,8,3,3,283,27,70,702,0,1,9,-33.980608,151.107657,25,0,2,1,1,0,0,0,2,0,15,70,2,2852,2852,4,5,5,3,0,0,2,0
1269295,2,2021,2021,8,4,8,132,31,54,126,1,0,1,-33.894038,151.219857,69,0,2,1,2,0,0,0,3,0,7,50,2,5929,5929,1,5,19,2,0,0,1,0
1269299,2,2021,2021,8,2,9,224,27,102,321,1,0,9,-33.942088,151.19517,4,0,2,1,2,0,0,0,0,0,7,50,2,941,941,1,0,27,2,0,0,1,0
1269301,4,2021,2021,5,2,5,2209,17,7,2205,0,1,1,-36.885852,149.869689,5,1,0,0,0,0,0,0,2,0,7,100,2,4552,5151,8,0,40,2,0,2,2,2
1269305,1,2021,2021,5,6,4,11,27,42,29,0,1,1,-33.739511,151.271378,50,0,2,0,3,0,0,0,2,0,7,50,1,3775,3775,0,16,5,2,0,0,0,1
1269309,2,2021,2021,6,6,9,3,1,79,34609,0,1,1,-34.014171,150.750726,12,0,2,1,2,0,0,0,0,0,7,50,0,1981,1981,4,10,5,2,0,0,1,0
1269311,2,2021,2021,5,4,0,12,27,60,41,1,0,7,-33.765566,150.758064,55,0,2,1,2,0,0,0,0,0,0,60,1,1850,985,5,16,40,1,0,0,1,0
1269312,1,2021,2021,6,6,4,85,31,179,34609,1,2,1,-31.898942,152.481883,43,2,1,1,3,0,0,0,2,0,9,40,0,14295,14295,3,0,5,2,0,0,0,1
1269316,1,2021,2021,5,6,9,1,31,77,172,0,1,9,-33.029325,151.650952,37,0,2,1,3,0,0,0,0,0,7,50,2,14295,14295,3,5,0,2,0,0,0,1
1269318,1,2021,2021,6,5,8,1,31,107,34609,0,1,7,-33.882809,151.196037,69,0,2,1,3,0,3,4,3,0,9,40,0,14295,14295,3,0,5,2,0,0,0,1
1269321,1,2021,2021,5,4,3,1052,27,69,262,0,1,2,-32.907128,151.694424,48,0,2,1,3,0,0,0,2,0,7,60,2,14295,14295,3,21,12,4,0,0,0,1
1269322,4,2021,2021,0,6,5,1,27,3,34609,0,1,1,-29.571769,152.799587,18,2,1,0,0,0,0,0,2,0,7,80,0,3775,3775,0,16,0,2,0,1,0,0
1269325,2,2021,2021,5,5,8,22,31,165,78,0,1,0,-33.850112,151.150556,14,0,2,1,3,0,0,0,3,0,7,50,2,14295,14295,3,5,0,4,0,0,1,0
1269329,2,2021,2021,8,3,8,2126,17,60,2149,0,1,1,-33.648402,150.284443,8,2,2,1,1,0,0,0,2,0,7,60,2,3775,3775,0,5,5,3,0,0,3,1
1269331,1,2021,2021,5,1,3,39,27,169,34609,0,1,9,-33.778805,150.841161,7,0,2,1,3,0,0,0,2,0,7,50,0,945,945,5,5,40,1,0,0,0,1
1269335,1,2021,2021,6,0,10,50,27,169,382,0,1,7,-33.778436,150.84152,7,0,2,1,2,0,0,0,0,0,7,60,2,2852,2852,4,5,5,2,0,0,0,1
1269338,2,2021,2021,5,2,9,224,27,169,321,0,1,10,-33.898769,151.200003,69,0,2,1,3,0,0,0,0,2,7,50,2,14295,14295,3,0,33,2,0,0,1,0
1269339,2,2021,2021,5,6,3,916,17,30,917,0,1,10,-31.074166,151.027815,70,1,0,1,3,0,0,0,2,0,0,100,2,6545,6545,4,10,35,2,0,0,1,0
1269342,1,2021,2021,5,1,6,85,10,38,702,0,1,9,-33.837653,151.083604,14,0,2,1,3,0,0,0,2,1,15,70,2,14295,14295,3,0,0,2,0,0,0,1
1269344,2,2021,2021,6,1,9,100,31,363,38,0,1,10,-33.815284,150.99956,54,0,2,1,2,0,0,0,0,2,7,60,1,1383,1383,1,0,5,2,0,0,1,1
1269346,1,2021,2021,7,6,8,1052,14,149,928,0,1,3,-33.350657,151.363438,16,1,2,0,1,0,3,4,3,0,7,110,2,4552,5151,8,9,40,1,0,0,0,1
1269347,2,2021,2021,5,0,7,344,27,89,382,0,1,9,-33.658847,150.795814,55,0,2,1,0,0,0,0,2,0,15,80,2,14295,14295,3,0,13,3,0,0,1,0
1269348,2,2021,2021,8,5,4,3,27,304,34609,0,1,9,-33.898186,151.159149,32,0,2,1,1,0,0,0,2,0,0,50,0,6545,6545,4,5,5,2,0,0,2,0
1269351,2,2021,2021,5,0,0,37,27,173,115,0,1,10,-33.715114,151.131874,36,0,2,1,2,0,0,0,0,2,7,60,2,9859,9859,8,5,40,1,0,0,1,0
1269353,1,2021,2021,6,3,7,133,31,49,34609,0,1,1,-33.71377,151.299764,50,0,2,1,1,0,0,0,2,0,7,50,0,14295,14295,3,10,18,2,0,0,0,1
1269359,2,2021,2021,6,0,7,63,17,8,63,0,1,9,-29.445833,142.003196,51,1,0,1,3,0,0,0,2,0,7,100,2,1850,777,5,16,40,1,0,0,1,0
1269360,4,2021,2021,8,0,8,44,31,100,34609,0,1,4,-33.807519,151.175698,38,0,2,0,0,0,0,0,0,0,7,50,0,4552,5151,8,5,40,1,0,1,0,0
1269361,2,2021,2021,8,1,9,19,18,64,34609,0,1,1,-34.385681,150.90303,80,0,2,1,2,0,0,0,0,0,7,50,0,4026,4026,8,5,40,1,0,0,1,0
1269363,4,2021,2021,5,6,5,103,36,3,157,0,1,1,-28.485636,152.92838,51,1,0,1,0,0,0,0,2,0,7,100,2,5929,5929,1,31,0,2,0,1,2,0
1269364,2,2021,2021,6,2,7,44,31,157,34609,0,1,10,-33.801671,151.008353,54,0,2,1,1,0,0,0,2,0,15,50,0,6545,6545,4,5,19,2,0,0,1,0
1269365,2,2021,2021,6,4,9,103,36,5,157,0,1,1,-28.615891,153.000477,51,2,1,0,2,0,3,4,0,0,7,50,2,2585,4009,8,5,40,1,0,0,1,0
1269366,4,2021,2021,8,0,10,17,27,323,25,0,1,9,-33.812562,150.835685,7,0,2,1,2,0,0,0,0,2,7,80,2,2852,2852,4,0,10,2,0,1,0,0
1269368,2,2021,2021,6,6,9,68,27,278,67,0,1,9,-33.769716,151.036978,54,0,2,1,0,0,0,0,0,0,15,60,1,775,775,4,5,5,2,0,0,1,0
1269369,4,2021,2021,5,2,8,10,1,108,34609,0,1,1,-33.813318,151.181153,77,0,2,0,0,0,0,0,2,0,7,50,0,1850,1463,5,16,40,1,0,1,0,0
1269372,2,2021,2021,5,4,7,16,27,35,34609,0,1,10,-28.81221,153.264158,39,2,1,1,0,0,0,0,2,0,7,50,0,340,340,9,10,28,2,0,0,1,0
1269374,1,2021,2021,5,3,6,68,27,98,208,0,1,10,-33.754271,151.067472,31,0,2,1,0,0,0,0,2,0,15,60,2,6545,6545,4,5,5,2,0,0,0,1
1269375,2,2021,2021,5,1,10,481,17,562,483,0,1,10,-32.208052,148.618697,22,2,1,1,2,0,0,0,0,0,0,80,2,926,926,4,3,0,2,0,0,1,2
1269379,4,2021,2021,5,3,9,7,27,8,34609,0,1,1,-34.09076,150.617065,79,2,2,1,0,0,0,0,0,0,7,80,0,238,238,9,0,28,3,0,1,1,1
1269380,1,2021,2021,8,1,4,1,31,247,34609,0,1,1,-33.835322,150.945745,21,0,2,1,0,0,0,0,2,0,7,50,0,190,190,1,5,0,2,0,0,0,1
1269384,2,2021,2021,0,0,11,110,27,7,34609,0,1,7,-35.511678,149.159349,58,2,1,0,2,0,0,0,0,0,0,70,0,1259,5151,8,5,40,1,0,0,1,0
1269386,2,2021,2021,5,1,6,46,27,173,115,0,1,1,-33.709241,151.123626,36,0,2,1,3,0,0,0,2,0,7,60,1,14295,14295,3,9,5,2,0,0,1,0
1269387,2,2021,2021,5,6,4,5,27,1,34609,0,1,1,-30.265752,150.798773,70,1,0,0,0,2,0,0,2,0,7,100,0,1089,1089,7,0,40,1,0,0,1,0
1269388,2,2021,2021,6,0,5,26,27,50,34609,0,1,9,-33.647536,150.875074,29,2,2,0,1,0,0,0,2,0,0,70,0,4552,5151,8,5,40,1,0,0,1,0
1269391,4,2021,2021,5,5,7,1104,14,9,962,0,1,3,-33.757337,150.649457,55,0,2,0,0,0,0,0,2,0,7,90,2,1282,1282,1,29,5,2,0,1,0,0
1269392,1,2021,2021,5,3,10,9,31,460,34609,0,1,1,-33.829186,150.984572,21,0,2,1,2,0,0,0,0,0,7,50,0,4026,4026,1,5,36,3,0,0,0,1
1269394,2,2021,2021,8,1,9,1,23,31,34609,0,1,9,-34.595653,150.851123,62,0,2,0,2,0,0,0,0,0,7,50,0,5929,5929,1,5,19,2,0,0,1,0
1269399,4,2021,2021,0,3,9,1,10,70,34609,0,1,1,-34.841564,150.609538,63,2,1,1,2,0,0,0,0,0,7,50,0,4026,4026,1,5,13,2,0,1,0,0
1269401,2,2021,2021,5,1,10,72,31,165,21,0,1,1,-32.276785,150.873581,46,2,1,0,3,0,0,0,0,0,7,60,2,3775,3775,0,5,13,2,0,0,1,0
1269402,2,2021,2021,5,2,4,22,31,172,126,0,1,10,-32.744789,151.584658,42,2,1,0,3,0,0,0,2,2,7,60,2,14295,14295,3,21,13,4,0,0,1,0
1269403,1,2021,2021,6,5,2,2126,17,140,2149,0,1,10,-33.78893,150.854357,7,0,2,1,3,0,0,0,0,2,7,80,2,14295,14295,3,5,5,2,0,0,0,1
1269406,1,2021,2021,6,4,9,81,27,137,34609,0,1,7,-33.911346,150.90593,24,0,2,1,3,0,0,0,0,0,0,50,0,301,301,4,5,5,2,0,0,0,1
1269408,2,2021,2021,5,5,8,133,17,9,121,0,1,1,-36.815076,149.282437,65,1,0,1,3,0,3,4,2,0,7,100,2,9859,9859,8,5,40,1,0,0,1,0
1269409,1,2021,2021,5,6,8,1104,14,142,962,0,1,3,-33.827918,150.997511,54,0,2,0,3,0,0,0,3,0,7,90,2,14295,14295,3,0,0,3,0,0,0,1
1269410,2,2021,2021,6,1,6,135,17,20,136,1,0,10,-35.980807,146.635392,51,2,1,1,1,0,0,0,2,0,0,50,2,6545,6545,4,5,19,2,0,0,1,0
1269411,2,2021,2021,5,0,11,2,27,4,34609,0,1,1,-34.920201,148.807506,82,2,1,0,0,2,0,0,0,0,7,60,0,4552,5151,8,10,40,1,0,0,1,0
1269412,2,2021,2021,5,4,8,213,17,132,213,0,1,10,-29.775492,151.105095,33,2,1,1,2,0,0,3,3,0,15,50,2,6545,6545,4,0,13,2,0,0,1,0
1269413,4,2021,2021,5,4,2,75,10,102,165,0,1,2,-33.93738,151.196278,4,0,2,1,2,0,3,1,1,0,7,70,2,9859,9859,8,0,40,1,0,1,0,0
1269415,4,2021,2021,5,0,3,24,27,11,24,0,1,1,-34.847312,150.659535,63,1,0,1,0,0,3,1,1,0,7,100,1,3775,3775,0,5,0,2,0,2,0,0
1269416,2,2021,2021,5,1,4,916,17,66,917,0,1,2,-32.810563,151.671397,48,0,2,1,0,0,0,0,2,0,7,80,2,9859,9859,8,5,40,1,0,0,1,0
1269421,2,2021,2021,5,2,2,126,1,17,17,0,1,10,-33.751029,150.819462,7,0,2,1,2,0,0,0,0,0,15,60,1,6545,6545,4,21,0,2,0,0,1,0
1269424,4,2021,2021,0,4,11,71,31,78,103,0,1,9,-33.862595,151.009689,21,0,2,1,2,0,0,0,0,2,7,60,1,623,623,3,5,5,2,0,1,1,0
1269427,1,2021,2021,3,3,7,2,27,2,34609,0,1,1,-28.416957,152.977137,51,1,0,0,0,0,3,4,2,0,7,100,0,1850,1463,5,16,40,1,0,0,0,1
1269428,4,2021,2021,6,5,9,39,22,65,34609,0,1,1,-33.391532,151.392207,16,2,2,0,0,0,0,0,0,0,7,60,0,4552,5151,8,34,40,1,0,1,0,0
1269429,1,2021,2021,8,2,2,2209,17,59,2205,0,1,1,-34.311864,150.897196,80,0,2,0,2,0,0,0,1,0,7,60,2,1089,1089,7,5,40,1,0,0,0,1
1269430,1,2021,2021,6,1,8,27,27,5,35,0,1,1,-28.40536,152.423447,51,1,0,0,0,0,0,0,0,0,7,100,1,418,714,5,29,40,1,0,0,0,1
1269436,4,2021,2021,5,0,8,21,10,89,34609,0,1,2,-28.213678,153.542362,72,2,1,1,2,0,0,0,0,0,7,60,0,312,312,2,22,40,1,0,1,0,0
1269437,2,2021,2021,6,2,6,32,31,18,34609,0,1,1,-33.828294,151.11037,61,0,2,1,0,0,0,0,2,0,7,50,0,9859,9859,1,0,5,2,0,0,1,0
1269440,2,2021,2021,5,6,4,100,31,157,38,0,1,2,-33.798416,151.001346,54,0,2,1,0,0,0,0,2,0,7,60,1,9859,9859,8,5,40,1,0,0,1,0
1269441,2,2021,2021,5,6,6,34,31,132,34609,0,1,1,-29.770849,151.113569,33,2,1,1,1,0,0,0,2,0,7,40,0,186,186,9,10,28,2,0,0,1,0
1269442,2,2021,2021,6,5,9,1,31,316,34609,0,1,9,-33.9156,151.244639,59,0,2,1,2,0,3,4,0,0,7,50,0,2040,2040,9,5,28,2,0,0,1,0
1269444,1,2021,2021,6,4,5,387,36,86,69,0,1,2,-33.7371,151.220323,50,0,2,0,1,0,3,4,2,0,7,70,2,14295,14295,3,10,22,2,0,0,0,1
1269445,2,2021,2021,8,0,6,32,31,173,34609,0,1,10,-33.875871,151.215855,69,0,2,1,1,0,0,0,2,3,7,40,0,941,941,1,9,18,2,0,0,1,0
1269449,4,2021,2021,8,3,3,135,17,12,136,0,1,1,-35.702191,145.851915,51,1,0,1,0,0,0,0,1,0,7,100,2,3775,3775,0,10,13,2,0,2,2,0
1269453,2,2021,2021,6,3,7,89,31,316,34609,0,1,9,-31.429098,152.909473,56,2,1,1,0,0,3,5,2,0,9,50,0,1220,1220,9,5,26,2,0,0,1,0
1269454,4,2021,2021,6,6,2,916,17,30,917,0,1,10,-31.074166,151.027815,70,1,0,1,0,0,0,0,1,0,7,100,2,1089,1089,7,16,40,1,0,1,0,0
1269455,1,2021,2021,8,6,4,193,23,134,34609,0,1,1,-33.893511,151.259693,76,0,2,1,1,0,0,0,2,0,7,50,0,186,186,1,5,36,2,0,0,0,1
1269456,1,2021,2021,8,6,8,1,31,143,34609,0,1,9,-33.873481,151.107797,9,0,2,1,2,0,0,0,0,0,0,50,0,2040,2040,9,5,28,2,0,0,0,1
1269457,4,2021,2021,0,5,8,2261,17,24,2252,0,1,3,-34.397864,150.513314,78,1,0,1,0,0,0,0,2,0,7,110,2,14295,14295,3,16,36,2,0,1,1,0
1269463,1,2021,2021,5,1,8,500,27,41,799,0,1,10,-33.906221,151.12719,15,0,2,1,1,0,0,0,3,2,7,60,2,1220,1220,9,30,28,3,0,0,0,1
1269464,2,2021,2021,6,6,9,9,10,73,34609,0,1,1,-33.729037,150.700397,55,0,2,1,2,0,3,4,0,0,7,50,0,1945,1945,5,16,40,1,0,0,1,0
1269467,1,2021,2021,6,2,6,3,10,54,34609,0,1,7,-33.238285,151.497185,16,2,2,1,3,0,0,0,2,0,0,50,0,1981,1981,4,0,5,2,0,0,0,1
1269469,2,2021,2021,6,6,2,2209,17,144,2205,0,1,2,-34.0608,151.024348,68,0,2,1,3,0,3,4,0,0,7,70,2,4026,4026,8,10,40,1,0,0,1,0
1269471,4,2021,2021,5,0,5,8,10,24,14,0,1,1,-36.914698,149.899696,5,2,1,0,0,0,0,0,2,0,7,70,1,3775,3775,0,5,5,2,0,1,2,0
1269472,4,2021,2021,0,6,8,27,27,290,34609,0,1,1,-33.854942,150.990796,21,0,2,1,1,0,0,0,3,0,7,50,0,323,323,1,16,13,2,0,1,0,0
1269473,2,2021,2021,0,2,4,99,31,237,105,0,1,10,-33.876606,150.943161,24,0,2,1,0,0,0,0,2,0,15,60,2,6545,6545,4,0,5,2,0,0,2,0
1269482,4,2021,2021,6,3,5,4,1,5,34609,0,1,1,-33.708181,151.1631,36,0,2,1,0,0,0,0,2,0,7,50,0,9859,9859,8,5,40,1,0,1,0,0
1269483,2,2021,2021,5,3,7,9,7,22,34609,0,1,1,-33.799926,151.273042,50,0,2,1,0,0,0,0,2,0,7,50,0,1981,1981,4,0,27,2,0,0,1,0
1269484,4,2021,2021,5,0,6,3371,17,92,3342,0,1,7,-33.403698,151.350342,16,2,2,0,1,0,0,0,2,0,0,60,2,6545,6545,4,8,19,3,0,1,0,0
1269485,2,2021,2021,8,1,4,2,31,31,34609,0,1,10,-35.078901,148.102433,20,2,1,1,0,0,0,0,2,0,0,50,0,6545,6545,4,5,13,2,0,0,3,0
1269486,2,2021,2021,8,1,2,2,27,9,34609,0,1,1,-30.290886,153.028981,19,2,1,0,1,0,0,0,1,0,7,60,0,4552,5151,8,10,40,1,0,0,1,0
1269487,1,2021,2021,5,5,5,1,36,19,34609,0,1,10,-31.464748,152.823807,56,2,1,0,1,0,0,0,2,0,7,50,0,6545,6545,4,0,0,2,0,0,0,1
1269488,2,2021,2021,0,6,9,230,27,80,284,0,1,2,-33.811191,151.165668,38,0,2,1,2,0,0,0,0,0,7,60,2,591,591,1,22,5,2,0,0,1,0
1269490,2,2021,2021,8,0,4,89,31,532,34609,0,1,10,-33.866706,151.205036,69,0,2,1,1,0,3,3,2,2,9,40,0,2040,2040,9,27,28,2,0,0,1,0
1269494,2,2021,2021,5,5,2,3,31,194,34609,1,0,10,-30.510339,151.649904,1,2,1,1,3,0,0,0,1,0,0,50,0,6545,6545,4,5,5,2,0,0,2,0