Crash ID,Degree of crash - detailed,Reporting year,Year of crash,Month of crash,Day of week of crash,Two-hour intervals,Street of crash,Street type,Town,Route no.,School zone location,School zone active,Type of location,Latitude,Longitude,LGA,Urbanisation,Conurbation 1,Alignment,Street lighting,Road surface,Surface condition,Weather,Natural lighting,Signals operation,Other traffic control,Speed limit,Road classification,RUM - code,DCA - code,First impact type,Key TU type,Other TU type,No. of traffic units involved,No. killed,No. seriously injured,No. moderately injured,No. minor-other injured
1269499,4,2021,2021,8,0,11,2209,17,88,2205,0,1,2,-33.991861,151.1141,25,0,2,0,2,0,0,0,0,0,7,70,2,3775,3775,0,5,5,2,0,3,0,0
1269500,4,2021,2021,8,1,8,2126,17,65,2149,0,1,2,-33.811974,150.954135,21,0,2,1,1,0,0,0,2,0,7,80,2,9859,9859,8,10,40,1,0,1,0,0
1269539,2,2021,2021,8,3,3,12,27,79,42,0,1,1,-33.567671,150.740668,29,2,2,0,0,0,0,0,2,0,7,70,1,4552,5151,8,5,40,1,0,0,1,0
1269546,2,2021,2021,5,4,8,89,17,137,54,0,1,9,-34.03025,151.063553,68,0,2,1,3,0,3,4,3,0,7,70,2,775,775,4,5,5,2,0,0,1,0
1269549,2,2021,2021,0,6,5,478,17,118,480,0,1,9,-33.425961,151.287796,16,2,2,1,1,0,0,0,2,2,7,70,2,1850,985,5,29,40,1,0,0,1,0
1269551,1,2021,2021,3,5,3,1104,14,223,962,0,1,3,-33.805557,150.916966,7,0,2,1,0,0,0,0,2,0,7,100,2,14295,14295,3,33,13,3,0,0,0,1
1269553,4,2021,2021,6,2,4,2126,17,127,2149,0,1,9,-33.887985,151.159133,32,0,2,1,2,0,0,0,2,2,7,60,2,14295,14295,3,16,13,2,0,1,0,0
1269554,2,2021,2021,6,6,3,916,17,18,917,0,1,2,-32.745326,151.574056,42,2,1,0,2,0,3,1,2,0,7,80,2,204,204,1,5,5,2,0,0,1,0
1269560,2,2021,2021,5,0,8,161,17,11,161,0,1,1,-35.880283,148.497219,65,1,0,0,3,0,1,5,0,0,7,100,2,782,957,5,10,40,1,0,0,1,0
1269563,2,2021,2021,8,3,5,23,27,7,47,0,1,1,-34.653488,150.703226,35,2,1,0,0,0,0,0,2,0,7,80,1,4552,5151,8,16,40,1,0,0,1,0
1269564,2,2021,2021,8,0,7,10,31,532,34,0,1,10,-33.873036,151.207114,69,0,2,1,1,0,0,0,2,2,9,40,1,1282,1282,1,5,19,3,0,0,1,1
1269565,2,2021,2021,8,0,0,71,27,9,69,0,1,1,-36.314437,148.934356,65,1,0,1,0,0,0,0,0,0,7,100,2,945,945,5,5,40,1,0,0,2,0
1269567,4,2021,2021,8,3,11,30,31,78,34609,1,0,1,-33.84821,151.00908,21,0,2,1,2,0,0,0,0,0,9,50,0,3775,3775,0,5,0,2,0,2,1,0
1269571,2,2021,2021,5,0,8,361,1,75,34609,0,1,7,-32.781377,151.643788,42,2,1,1,2,0,3,4,0,0,0,50,0,14295,14295,3,10,0,3,0,0,1,0
1269577,2,2021,2021,8,1,4,191,27,22,68,0,1,1,-34.062358,150.809227,13,0,2,1,0,0,0,0,2,0,7,60,1,14295,14295,3,5,5,2,0,0,1,0
1269578,4,2021,2021,5,1,4,2209,17,67,2205,0,1,1,-34.42535,150.873678,80,0,2,1,0,0,0,0,2,0,7,60,2,1220,1220,9,21,28,2,0,1,0,0
1269580,2,2021,2021,5,3,10,4,27,40,34609,0,1,9,-35.053282,150.599867,63,2,1,1,0,0,0,0,0,0,0,50,0,9859,9859,8,5,40,1,0,0,1,0
1269583,1,2021,2021,5,5,8,15,27,115,34609,0,1,7,-34.02901,151.076972,68,0,2,1,3,0,0,0,0,0,0,50,0,6545,6545,4,5,0,2,0,0,0,1
1269584,2,2021,2021,5,5,7,29,31,182,34609,0,1,10,-32.835775,151.358316,17,2,1,1,1,0,0,0,2,0,0,50,0,6545,6545,4,16,0,2,0,0,1,0
1269585,2,2021,2021,5,6,3,165,31,523,34609,0,1,10,-33.91568,150.926239,41,0,2,1,3,0,0,0,2,0,7,50,0,1282,1282,1,5,0,2,0,0,1,0
1269591,2,2021,2021,5,1,9,2,27,55,34609,0,1,1,-36.295574,149.101489,65,1,0,1,3,0,0,0,0,0,7,100,0,1945,1945,5,5,40,1,0,0,1,0
1269594,2,2021,2021,5,0,5,23,27,53,66,0,1,1,-31.860882,152.390999,43,1,0,1,3,0,0,0,2,0,7,90,1,1945,1945,5,0,40,1,0,0,1,0
1269595,2,2021,2021,5,4,7,5,10,523,34609,0,1,1,-33.928819,150.924821,41,0,2,0,0,0,0,0,2,0,7,50,0,3775,3775,0,5,5,3,0,0,1,0
1269597,1,2021,2021,5,4,7,169,31,39,42,0,1,9,-31.065311,152.816657,34,2,1,1,3,0,0,0,2,0,7,50,1,14295,14295,3,10,0,2,0,0,0,1
1269600,2,2021,2021,6,6,10,118,27,646,118,0,1,9,-33.92382,151.030411,15,0,2,1,2,0,0,0,0,2,7,60,1,5929,5929,1,27,0,2,0,0,1,0
1269605,1,2021,2021,5,1,6,225,27,304,140,0,1,9,-33.911851,151.155022,32,0,2,1,1,0,0,0,2,0,7,40,1,1669,1669,3,16,5,2,0,0,0,1
1269608,1,2021,2021,5,2,9,54,31,131,62,0,1,1,-33.78639,151.192825,77,0,2,1,2,0,0,0,0,0,7,60,2,9859,9859,1,5,12,2,0,0,0,3
1269610,2,2021,2021,5,6,1,20,31,150,140,1,0,1,-33.925446,151.237968,59,0,2,1,2,0,0,0,0,0,7,50,2,9859,9859,1,0,0,3,0,0,1,0
1269611,2,2021,2021,5,0,4,109,36,10,108,0,1,1,-28.369493,153.411692,72,1,0,0,0,0,3,4,2,0,7,90,1,4552,5151,8,5,40,1,0,0,1,0
1269613,2,2021,2021,5,1,8,2,27,140,34609,0,1,7,-33.783168,150.81442,7,0,2,1,0,0,0,0,2,0,0,50,0,14295,14295,3,16,35,2,0,0,1,0
1269617,4,2021,2021,8,1,6,866,27,201,44,0,1,10,-34.010376,150.861285,13,0,2,1,1,0,0,0,2,2,7,60,1,6545,6545,4,5,0,3,0,1,0,0
1269624,2,2021,2021,5,1,9,22,27,14,26,0,1,9,-34.998544,147.35279,75,1,0,1,0,0,0,3,3,0,15,100,1,14295,14295,3,21,0,4,0,0,1,1
1269628,2,2021,2021,5,2,4,4,27,71,34609,0,1,7,-33.969254,151.063232,25,0,2,1,0,0,0,0,2,0,0,50,0,1220,1220,9,10,28,2,0,0,1,0
1269630,2,2021,2021,6,6,3,4,27,98,34609,0,1,1,-30.961814,150.258754,51,1,0,0,1,0,0,0,1,0,7,100,0,1259,5151,8,10,40,1,0,0,1,0
1269631,2,2021,2021,6,2,5,916,17,23,917,0,1,1,-31.667242,150.740857,51,1,0,1,0,0,0,0,2,0,7,100,2,475,475,5,5,40,1,0,0,1,0
1269632,2,2021,2021,5,2,5,2,27,17,34609,0,1,1,-28.596188,153.256351,39,2,1,0,0,0,0,0,2,0,7,60,0,1259,5151,8,10,40,1,0,0,1,0
1269633,4,2021,2021,6,2,6,7,31,202,34609,0,1,1,-33.93788,151.038376,15,0,2,1,1,0,3,4,2,0,7,50,0,1981,1981,4,5,5,2,0,3,0,0
1269634,2,2021,2021,5,6,5,2209,17,201,2205,0,1,9,-34.876917,150.605172,63,2,1,1,1,0,0,0,2,2,7,70,2,14295,14295,3,9,0,3,0,0,1,0
1269635,2,2021,2021,5,4,8,4,31,20,260,0,1,9,-33.083458,151.501622,37,0,2,1,0,0,0,0,2,0,7,60,2,150,150,4,5,5,2,0,0,1,0
1269638,4,2021,2021,5,5,11,31,23,139,187,0,1,2,-33.869949,151.144961,32,0,2,0,2,0,0,0,0,0,7,70,2,2585,4009,8,16,40,1,0,1,0,0
1269641,2,2021,2021,5,1,11,213,17,132,213,0,1,10,-29.782272,151.138909,33,2,1,1,2,0,0,0,0,0,7,50,2,3775,3775,0,5,5,2,0,0,1,0
1269643,1,2021,2021,5,6,10,13,27,5,34609,0,1,1,-32.458129,151.178894,64,1,0,0,0,0,0,0,0,0,7,100,0,273,957,5,10,40,1,0,0,0,1
1269646,2,2021,2021,5,6,9,178,27,189,101,0,1,9,-33.942318,151.05403,15,0,2,1,2,0,0,0,0,2,7,50,1,5929,5929,1,0,5,2,0,0,1,0
1269647,2,2021,2021,5,5,6,204,31,53,82,1,0,9,-35.140574,147.351438,75,2,1,1,1,0,0,0,2,0,7,60,1,2852,2852,4,10,5,2,0,0,2,0
1269650,1,2021,2021,6,6,7,204,31,61,34609,0,1,1,-29.738115,151.728503,51,2,1,1,2,0,0,0,2,0,7,50,0,1259,985,1,5,40,2,0,0,0,2
1269652,4,2021,2021,0,6,3,95,31,346,59,0,1,7,-33.869255,151.077545,67,0,2,1,0,0,0,0,2,0,0,50,1,6545,6545,4,5,27,2,0,1,0,0
1269653,2,2021,2021,8,1,0,1104,14,223,962,0,1,3,-33.806378,150.923281,7,0,2,1,2,0,0,0,0,0,7,100,2,14295,14295,3,5,13,2,0,0,1,0
1269654,2,2021,2021,8,6,6,3,27,3,34609,0,1,1,-35.317114,148.351091,66,1,0,0,0,0,0,0,2,0,7,100,0,1259,5151,8,5,40,1,0,0,1,0
1269657,4,2021,2021,5,2,5,4,31,370,34609,0,1,10,-34.071839,150.814775,13,0,2,1,1,0,0,0,2,0,15,60,0,6545,6545,4,10,5,2,0,1,1,0
1269658,4,2021,2021,8,0,4,2209,17,40,2205,0,1,1,-35.023524,150.578743,63,1,0,1,1,0,0,0,2,0,7,100,2,3775,3775,0,5,36,3,0,2,0,0
1269659,2,2021,2021,6,5,10,866,17,204,793,0,1,10,-33.893167,150.922492,24,0,2,1,2,0,0,0,0,2,7,70,2,5929,5929,1,5,36,2,0,0,2,0
1269664,2,2021,2021,5,4,6,17,31,48,34609,0,1,1,-32.915678,151.746182,48,0,2,1,1,0,0,0,2,0,7,50,0,941,941,1,10,5,4,0,0,2,0
1269667,2,2021,2021,6,0,8,361,23,143,38,1,0,9,-33.875508,151.098251,9,0,2,1,2,0,0,0,0,0,7,50,1,5929,5929,1,5,0,2,0,0,1,0
1269669,4,2021,2021,6,2,5,2,27,13,34609,0,1,1,-29.133896,153.257519,60,1,0,1,0,2,0,0,2,0,7,100,0,1089,1089,7,16,40,1,0,1,0,0
1269672,4,2021,2021,6,5,5,125,31,94,34609,0,1,1,-33.887791,150.926599,24,0,2,1,0,0,0,0,2,0,7,50,0,9859,9859,8,0,40,1,0,1,0,0
1269675,2,2021,2021,6,5,5,251,14,79,124,0,1,3,-33.827574,151.21448,49,0,2,0,1,0,0,0,2,0,7,80,2,14295,14295,3,19,5,2,0,0,1,0
1269676,2,2021,2021,5,1,9,2261,17,11,2252,0,1,2,-35.870912,147.185527,27,1,0,0,0,0,3,3,0,0,7,110,2,1192,1192,1,0,40,2,0,0,2,0
1269677,1,2021,2021,5,2,6,35,31,8,34609,0,1,10,-32.401457,151.755173,51,2,1,1,1,0,0,0,2,0,0,50,0,6545,6545,4,10,0,2,0,0,0,1
1269678,1,2021,2021,5,1,4,2261,17,112,2252,0,1,9,-33.914458,150.924774,41,0,2,1,1,0,0,0,2,2,7,70,2,14295,14295,3,0,13,2,0,0,0,1
1269679,2,2021,2021,5,1,6,2,31,103,34609,0,1,1,-34.314433,148.297615,30,2,1,1,1,0,0,0,2,0,7,50,0,2040,2040,9,10,28,2,0,0,1,0
1269680,2,2021,2021,8,1,2,13,27,24,61,0,1,1,-33.824373,151.172859,38,0,2,0,2,0,3,3,0,0,7,50,1,1259,5151,8,5,40,1,0,0,1,0
1269682,1,2021,2021,7,6,7,3371,17,108,3342,0,1,2,-33.814973,151.178094,77,0,2,1,1,0,0,0,2,0,7,60,2,1282,1282,1,5,27,3,0,0,0,1
1269685,2,2021,2021,5,2,10,37,1,30,212,0,1,10,-35.346362,149.206596,58,2,1,1,1,0,0,0,0,2,7,80,2,1282,1282,1,10,40,2,0,0,1,0
1269686,2,2021,2021,5,6,8,6,18,79,34609,0,1,1,-33.556899,150.722457,29,2,2,0,3,0,3,4,2,0,7,80,0,4552,5151,8,5,40,1,0,0,1,0
1269692,4,2021,2021,5,4,11,15,27,56,18,0,1,1,-31.137995,152.899003,34,1,0,0,0,0,3,0,0,0,7,100,1,2585,4009,8,0,40,1,0,1,0,0
1269693,4,2021,2021,8,1,8,15,31,172,34609,0,1,1,-32.744198,151.601729,42,2,1,1,1,0,0,0,2,0,7,50,0,9859,9859,8,5,40,1,0,1,0,0
1269703,1,2021,2021,5,2,4,40,27,94,40,0,1,9,-33.883411,150.922318,24,0,2,1,3,0,0,0,2,0,7,60,1,775,775,4,10,5,2,0,0,0,1
1269705,2,2021,2021,0,6,4,2126,17,609,2149,0,1,10,-33.79815,150.896996,7,0,2,1,1,0,0,0,2,2,7,80,2,1669,1669,3,5,5,3,0,0,1,1
1269707,1,2021,2021,6,4,8,77,31,445,563,0,1,10,-33.872158,151.042278,21,0,2,1,3,0,0,0,2,2,7,70,2,14295,14295,3,5,25,2,0,0,0,2
1269710,2,2021,2021,5,6,8,8,31,271,34609,0,1,1,-33.941653,150.999349,15,0,2,1,3,0,0,0,0,0,7,60,0,9859,9859,1,5,5,3,0,0,1,0
1269711,1,2021,2021,6,6,3,515,14,271,518,0,1,3,-33.941214,151.003261,15,0,2,1,3,0,0,0,1,0,7,100,2,14295,14295,3,10,13,2,0,0,0,1
1269712,2,2021,2021,8,4,7,22,27,3,34609,0,1,1,-32.585665,149.591663,44,2,1,0,0,0,0,0,2,0,7,50,0,186,186,9,9,28,2,0,0,1,0
1269715,1,2021,2021,5,4,4,33,27,27,40,0,1,7,-33.764645,151.294995,50,0,2,1,3,0,0,0,2,0,0,50,1,301,301,4,0,13,2,0,0,0,1
1269723,4,2021,2021,5,0,3,19,27,164,65,0,1,9,-33.716598,150.892691,7,0,2,1,3,0,3,1,2,2,7,60,1,2852,2852,4,5,5,2,0,1,0,0
1269724,4,2021,2021,0,6,8,14,31,48,34609,0,1,1,-33.919249,147.208264,51,2,1,0,2,0,0,0,3,0,7,50,0,4552,5151,8,0,40,2,0,1,0,0
1269725,1,2021,2021,8,5,6,90,31,252,165,0,1,10,-33.886129,151.217948,69,0,2,1,1,0,0,0,2,2,9,60,2,1220,1220,9,0,28,2,0,0,0,1
1269726,2,2021,2021,6,1,8,6,31,132,34609,0,1,10,-29.78045,151.107993,33,2,1,1,1,0,0,0,2,0,7,50,0,1669,1669,3,21,5,2,0,0,1,0
1269729,2,2021,2021,6,3,7,7,27,134,34609,0,1,1,-33.678546,150.897382,7,0,2,1,1,0,0,0,2,0,7,60,0,1945,1945,5,16,40,1,0,0,1,0
1269731,2,2021,2021,6,5,5,361,23,84,35,0,1,9,-33.883085,150.946913,24,0,2,1,0,0,0,0,2,0,7,60,1,2040,2040,9,5,28,2,0,0,1,0
1269732,2,2021,2021,8,1,6,48,31,92,45,0,1,1,-33.410789,151.346859,16,2,2,1,1,0,0,0,2,0,7,60,1,941,941,1,5,5,2,0,0,1,0
1269733,2,2021,2021,6,2,4,76,27,85,148,0,1,10,-32.9339,151.723547,48,0,2,1,1,0,0,0,2,0,0,60,1,2852,2852,4,5,27,2,0,0,1,0
1269734,1,2021,2021,7,5,7,280,10,127,240,0,1,9,-33.841687,150.855192,24,0,2,1,2,0,0,0,2,2,7,70,2,14295,14295,3,5,12,2,0,0,0,1
1269735,2,2021,2021,6,5,4,89,17,137,34609,0,1,1,-34.03086,151.058145,68,0,2,1,0,0,0,3,2,0,7,50,0,1282,1282,1,0,40,1,0,0,1,1
1269737,2,2021,2021,6,5,9,294,17,215,288,0,1,9,-35.118259,147.364379,75,2,1,1,2,0,0,0,0,2,7,60,2,14295,14295,3,5,5,4,0,0,2,0
1269740,4,2021,2021,8,2,4,8,27,5,34609,0,1,1,-28.50243,153.443798,10,2,1,0,0,0,0,0,2,0,7,80,0,1981,1981,4,8,19,2,0,1,0,0
1269741,2,2021,2021,0,0,1,22,27,10,26,0,1,1,-29.330362,151.093337,33,2,1,0,0,0,0,0,0,0,7,60,1,2585,4009,8,10,40,1,0,0,1,0
1269742,4,2021,2021,6,2,7,89,36,14,81,0,1,1,-34.029714,148.711613,51,1,0,1,0,0,0,0,2,0,7,100,2,4026,4026,8,10,40,1,0,1,0,0
1269746,1,2021,2021,5,4,9,33,27,27,40,0,1,10,-33.762552,151.295517,50,0,2,1,2,0,0,0,0,2,7,50,1,14295,14295,3,16,36,4,0,0,0,1
1269748,1,2021,2021,8,0,5,12,27,121,15,0,1,9,-33.788452,151.280481,50,0,2,1,1,0,0,0,2,0,0,50,1,623,623,3,5,0,2,0,0,0,1
1269750,2,2021,2021,6,4,6,63,17,3,63,0,1,1,-31.718193,141.57339,51,1,0,0,0,0,3,3,2,0,7,110,2,1957,4009,8,0,40,1,0,0,1,0
1269751,2,2021,2021,5,3,4,42,31,113,34609,0,1,7,-29.47134,149.843029,51,2,1,1,1,0,0,0,2,0,0,50,0,6545,6545,4,10,19,2,0,0,2,0
1269752,2,2021,2021,8,2,5,16,31,94,20,0,1,9,-33.778498,150.802131,55,0,2,0,1,0,0,0,2,0,7,60,1,3775,3775,0,10,12,2,0,0,2,0
1269756,2,2021,2021,5,4,3,7,27,11,34609,0,1,1,-32.857384,151.507975,17,2,1,0,0,0,3,1,1,0,7,80,0,4552,5151,8,5,40,1,0,0,1,0
1269757,2,2021,2021,5,0,10,14,31,56,34609,0,1,7,-33.858266,151.184185,32,0,2,0,2,0,0,0,0,0,0,40,0,4552,5151,8,5,40,1,0,0,1,0
1269760,2,2021,2021,6,5,2,40,31,94,34609,0,1,9,-33.834584,151.040471,54,0,2,1,0,0,0,1,0,0,7,50,0,1220,1220,9,5,28,2,0,0,1,0
1269761,2,2021,2021,6,0,7,3371,17,63,3342,0,1,2,-28.177299,153.516445,72,1,0,1,1,0,0,0,2,0,7,100,2,14295,14295,3,5,5,2,0,0,2,0
1269762,2,2021,2021,6,6,3,866,17,523,793,0,1,9,-33.910323,150.918798,41,0,2,1,2,0,0,0,1,2,7,70,2,14295,14295,3,10,13,2,0,0,1,0
1269767,2,2021,2021,8,0,9,13,27,11,34609,1,0,1,-33.984512,151.099032,25,0,2,1,2,0,0,0,0,0,9,50,0,9859,9859,8,30,40,2,0,0,1,0
1269770,4,2021,2021,8,1,10,3,31,523,34609,0,1,9,-33.918373,150.906941,41,0,2,1,2,0,0,0,0,0,7,50,0,9859,9859,8,21,40,1,0,1,1,0
1269774,2,2021,2021,5,1,4,107,22,57,34609,0,1,1,-34.554799,150.816485,62,0,2,1,1,0,0,0,2,0,7,50,0,1192,1192,1,5,27,4,0,0,1,1
1269778,1,2021,2021,0,4,9,42,27,33,30,0,1,10,-33.896162,151.251209,76,0,2,1,2,0,0,0,3,2,7,50,1,5929,5929,1,22,0,2,0,0,0,1
1269784,2,2021,2021,8,4,3,134,10,36,133,0,1,2,-33.796462,151.01391,54,0,2,1,0,0,3,4,2,0,7,90,2,14295,14295,3,5,36,5,0,0,2,0
1269785,4,2021,2021,8,6,4,1,27,147,34609,0,1,9,-33.736393,151.140155,36,0,2,1,0,0,0,0,2,0,0,50,0,2852,2852,4,10,27,2,0,1,0,0
1269786,2,2021,2021,8,2,4,296,27,187,293,0,1,2,-33.889011,150.973464,24,0,2,1,1,0,0,3,2,0,0,60,2,14295,14295,3,10,5,2,0,0,2,0
1269790,4,2021,2021,8,3,5,63,10,19,34609,0,1,1,-28.198976,153.498282,72,2,1,0,1,0,0,0,2,0,7,60,0,1850,1463,5,16,40,1,0,1,0,0
1269792,2,2021,2021,6,3,8,3,31,207,9,0,1,7,-31.967922,141.445649,51,2,1,1,1,0,0,0,2,0,0,50,1,6545,6545,4,0,19,2,0,0,1,0
1269793,4,2021,2021,6,6,9,31,27,127,96,0,1,9,-33.900457,151.153475,32,0,2,1,2,0,0,3,0,0,0,60,2,5929,5929,1,5,19,2,0,1,0,0
1269795,4,2021,2021,6,2,11,1,25,45,34609,0,1,9,-34.287659,150.571927,79,2,2,1,2,0,0,0,0,0,7,50,0,4026,4026,8,0,40,2,0,1,1,0
1269797,1,2021,2021,6,1,5,26,31,363,34609,0,1,7,-33.760498,150.70075,55,0,2,0,0,0,0,0,2,0,0,50,0,6545,6545,4,9,19,2,0,0,0,1
1269801,2,2021,2021,6,3,9,1,31,36,34609,1,0,10,-33.893333,148.168539,51,2,1,1,2,0,0,0,0,0,0,50,0,4026,4026,8,5,40,1,0,0,1,0
1269803,2,2021,2021,0,1,11,346,17,12,332,0,1,1,-28.852743,152.907951,60,1,0,1,0,0,0,1,0,0,7,100,2,1089,1089,7,30,40,1,0,0,1,1
1269804,4,2021,2021,8,1,9,10,31,27,34609,0,1,10,-33.715092,150.338989,8,2,2,1,0,0,0,0,0,0,0,50,0,2040,2040,9,5,28,2,0,1,0,0
1269805,2,2021,2021,8,3,8,1,27,144,34609,0,1,1,-34.051389,151.019737,68,0,2,0,1,0,0,0,3,0,7,50,0,1259,5151,8,5,40,1,0,0,1,0
1269806,2,2021,2021,6,3,9,14,27,157,14,0,1,9,-33.796012,151.012555,54,0,2,1,2,0,0,0,3,0,0,60,1,5929,5929,1,5,5,2,0,0,1,0
1269810,4,2021,2021,8,0,8,8,27,2,34609,0,1,1,-35.188448,148.228731,66,1,0,0,0,0,0,0,2,0,7,100,0,4552,5151,8,0,40,1,0,1,2,0
1269815,2,2021,2021,0,4,5,2209,17,106,2205,0,1,2,-34.569997,150.811743,62,0,2,0,3,0,0,0,2,0,7,70,2,14295,14295,3,30,36,3,0,0,1,0
1269818,2,2021,2021,6,5,7,178,31,143,34609,0,1,10,-33.878912,151.103385,9,0,2,1,1,0,0,0,2,2,7,40,0,5929,5929,1,0,19,2,0,0,1,0
1269819,2,2021,2021,8,3,9,55,36,3,10,0,1,1,-32.463146,146.786075,51,1,0,1,0,2,0,0,0,0,7,100,1,9859,9859,8,10,40,1,0,0,1,0
1269820,2,2021,2021,0,0,7,171,27,52,369,0,1,1,-33.678352,150.744102,55,0,2,1,1,0,0,0,2,0,7,80,2,623,623,3,10,36,2,0,0,1,0
1269822,2,2021,2021,6,4,3,12,27,134,34609,0,1,1,-33.6813,150.874572,7,0,2,1,1,0,0,0,2,0,7,50,0,9859,9859,1,5,10,2,0,0,1,0
1269823,4,2021,2021,8,2,1,512,17,7,441,0,1,1,-31.138404,146.808654,51,1,0,1,0,0,0,0,0,0,7,110,2,9859,9859,8,0,40,1,0,1,1,0
1269824,2,2021,2021,0,5,10,16,27,316,120,0,1,9,-33.908825,151.245417,59,0,2,1,2,0,0,0,0,0,7,50,2,5929,5929,1,10,19,2,0,0,1,0
1269825,1,2021,2021,5,5,6,63,17,207,63,0,1,1,-31.976447,141.453016,51,2,1,0,1,0,0,0,2,0,7,60,2,186,186,9,33,28,2,0,0,0,1
1269831,2,2021,2021,5,6,8,107,22,70,17,1,0,2,-34.027668,151.089647,68,0,2,1,3,0,0,0,3,0,7,60,1,1282,1282,1,29,5,2,0,0,1,0
1269834,1,2021,2021,6,6,3,251,27,62,212,0,1,2,-33.752449,151.251822,50,0,2,1,3,0,0,0,1,0,7,70,2,14295,14295,3,30,5,4,0,0,0,1
1269835,1,2021,2021,8,1,8,361,23,176,165,0,1,1,-33.967452,151.128942,25,0,2,1,3,0,0,0,2,0,7,50,1,9859,9859,1,5,5,4,0,0,0,1
1269837,4,2021,2021,0,4,9,92,27,11,29,1,0,1,-33.887835,151.101613,9,0,2,1,2,0,0,0,3,0,7,50,1,3775,3775,0,0,25,2,0,1,0,0
1269844,2,2021,2021,5,1,9,21,27,11,115,0,1,1,-33.758931,151.171956,36,0,2,1,3,0,0,0,0,0,7,60,1,14295,14295,3,5,36,3,0,0,1,0
1269845,2,2021,2021,6,4,3,149,27,52,198,0,1,1,-34.060999,150.996109,68,0,2,0,3,0,0,0,1,0,7,70,2,14295,14295,3,10,12,2,0,0,1,0
1269846,1,2021,2021,5,0,9,2209,17,79,2205,0,1,7,-34.914502,150.603623,63,2,1,1,3,0,3,3,0,0,0,70,2,1981,1981,4,5,5,2,0,0,0,3
1269851,2,2021,2021,5,0,3,149,27,68,198,0,1,1,-34.074028,151.006376,68,0,2,0,3,0,0,0,1,0,7,70,2,1391,1391,1,10,5,2,0,0,1,0
1269853,2,2021,2021,5,2,10,23,31,52,38,0,1,10,-33.906257,151.264229,76,0,2,1,3,0,0,0,0,0,0,50,1,6545,6545,4,10,5,2,0,0,1,1
1269861,2,2021,2021,0,1,9,67,10,13,34,0,1,1,-34.334088,150.495138,78,2,1,1,3,0,0,0,0,0,7,80,1,9859,9859,8,5,40,1,0,0,1,0
1269867,2,2021,2021,5,1,7,8,10,3,34609,0,1,1,-33.514609,151.372281,16,2,2,1,3,0,0,0,2,0,7,50,0,9859,9859,8,5,40,1,0,0,1,0
1269870,2,2021,2021,5,0,8,191,17,32,189,0,1,1,-32.169754,150.416921,73,1,0,1,3,0,0,0,0,0,7,100,2,4026,4026,1,5,23,2,0,0,1,0
1269890,2,2021,2021,5,4,5,15,27,15,34609,0,1,1,-30.134925,153.051648,19,2,1,0,0,0,0,0,2,0,7,80,0,4552,5151,8,0,40,1,0,0,1,0
1269891,4,2021,2021,5,2,8,56,27,251,11,0,1,9,-33.76286,150.950253,7,0,2,1,0,0,0,0,3,0,7,60,2,1669,1669,3,5,5,2,0,1,0,0
1269892,1,2021,2021,6,5,4,39,31,161,19,0,1,1,-33.879406,151.164651,32,0,2,1,0,0,0,0,2,0,7,50,1,387,387,1,22,5,2,0,0,0,1
1269893,1,2021,2021,5,2,9,500,27,293,799,0,1,9,-33.931695,151.06009,15,0,2,1,2,0,0,0,0,2,7,60,2,14295,14295,3,5,18,2,0,0,0,1
1269894,2,2021,2021,4,3,8,10,31,16,34609,0,1,1,-29.12111,153.431085,60,2,1,1,0,0,0,3,2,0,7,50,0,2040,2040,9,30,28,2,0,0,1,1
1269895,1,2021,2021,5,0,6,48,31,121,102,0,1,9,-33.799224,151.284376,50,0,2,1,1,0,3,4,2,2,7,30,2,5929,5929,1,5,5,2,0,0,0,1
1269897,1,2021,2021,6,6,4,35,31,41,34609,0,1,9,-33.866261,150.980911,24,0,2,1,0,0,0,0,2,0,15,50,0,150,150,4,9,5,2,0,0,0,1
1269899,4,2021,2021,6,0,11,1,31,131,34609,0,1,9,-33.778668,151.174693,36,0,2,1,2,0,0,0,0,0,7,50,0,4026,4026,8,30,40,1,0,1,0,0
1269901,2,2021,2021,5,0,8,123,36,17,90,0,1,1,-31.781475,151.901852,43,2,1,0,0,0,0,0,2,0,7,80,1,2585,4009,8,29,40,1,0,0,1,0
1269902,4,2021,2021,5,3,4,169,31,44,57,0,1,7,-28.864717,153.528943,2,2,1,1,1,0,0,0,2,0,0,60,1,14295,14295,3,5,27,2,0,1,0,0
1269903,4,2021,2021,6,2,7,25,1,243,34609,0,1,7,-33.94009,150.907166,41,0,2,1,1,0,0,0,2,0,0,50,0,6545,6545,4,0,5,2,0,1,0,0
1269904,1,2021,2021,5,1,9,92,31,60,34609,0,1,1,-33.819843,151.136649,51,0,2,1,2,0,0,0,0,0,7,50,0,9859,9859,1,0,13,2,0,0,0,1
1269912,2,2021,2021,6,6,8,22,22,532,22,0,1,3,-33.85741,151.213638,69,0,2,1,2,0,0,0,3,0,7,80,2,14295,14295,3,9,5,3,0,0,1,0
1269913,2,2021,2021,5,3,6,485,27,110,769,1,0,2,-33.793073,150.999551,54,0,2,1,1,0,0,0,2,0,7,60,2,9859,9859,8,0,40,1,0,0,1,0
1269917,2,2021,2021,5,1,9,346,17,87,332,0,1,7,-28.813128,153.272911,39,2,1,1,2,0,0,0,0,0,0,60,2,6545,6545,4,5,5,2,0,0,1,0
1269918,2,2021,2021,5,2,8,9,31,68,34609,0,1,1,-33.70363,149.847908,51,2,1,1,0,0,3,3,2,0,7,50,0,4026,4026,8,10,40,1,0,0,1,0