Crash ID,Degree of crash - detailed,Reporting year,Year of crash,Month of crash,Day of week of crash,Two-hour intervals,Street of crash,Street type,Town,Route no.,School zone location,School zone active,Type of location,Latitude,Longitude,LGA,Urbanisation,Conurbation 1,Alignment,Street lighting,Road surface,Surface condition,Weather,Natural lighting,Signals operation,Other traffic control,Speed limit,Road classification,RUM - code,DCA - code,First impact type,Key TU type,Other TU type,No. of traffic units involved,No. killed,No. seriously injured,No. moderately injured,No. minor-other injured
1269920,2,2021,2021,8,3,5,78,27,108,34609,0,1,9,-33.811129,151.187478,77,0,2,1,1,0,0,0,2,0,7,50,0,1850,985,5,16,40,1,0,0,1,0
1269924,1,2021,2021,5,1,11,10,27,309,34609,0,1,9,-33.808626,151.122532,61,0,2,1,2,0,0,0,0,0,7,50,0,9859,9859,1,0,5,2,0,0,0,1
1269927,2,2021,2021,0,5,7,15,27,9,34609,0,1,1,-29.782058,150.970456,33,1,0,1,0,0,0,0,2,0,7,100,0,9859,9859,8,5,40,1,0,0,1,0
1269931,4,2021,2021,0,3,8,346,17,46,332,0,1,9,-28.816622,153.295107,39,2,1,0,0,0,0,0,2,0,7,60,2,1669,1669,3,5,5,2,0,2,1,0
1269932,4,2021,2021,8,1,9,1,10,40,34609,0,1,1,-34.693598,150.846982,35,2,1,0,2,0,0,0,0,0,7,60,0,83,83,5,16,40,1,0,1,0,0
1269934,2,2021,2021,5,4,6,42,31,10,34609,0,1,9,-33.059174,151.584305,37,0,2,1,0,0,0,0,2,0,0,50,0,1850,985,5,16,40,1,0,0,1,0
1269935,2,2021,2021,6,6,8,1,7,234,34609,0,1,1,-34.272331,146.033432,28,2,1,1,2,0,3,4,0,0,7,50,0,4026,4026,1,0,5,2,0,0,1,0
1269937,2,2021,2021,5,0,1,31,1,234,139,0,1,2,-34.287667,146.04461,28,2,1,1,2,0,3,4,0,0,7,50,2,9859,9859,8,5,40,1,0,0,1,0
1269939,4,2021,2021,8,6,11,31,24,18,36,0,1,1,-33.744762,151.111767,36,0,2,0,0,0,0,0,0,0,7,60,1,3775,3775,0,5,5,2,0,2,0,0
1269943,4,2021,2021,0,1,11,19,31,433,34609,0,1,1,-33.271374,149.106138,52,2,1,1,2,0,0,0,0,0,7,50,0,1220,1220,9,5,28,3,0,1,0,0
1269945,4,2021,2021,6,4,8,6,31,39,42,0,1,2,-31.080006,152.829886,34,2,1,1,1,0,3,4,2,0,7,40,1,1220,1220,9,21,28,2,0,1,1,0
1269946,2,2021,2021,6,3,6,10,1,100,34609,0,1,2,-33.888346,150.886714,24,0,2,0,0,0,0,0,2,0,7,50,0,4552,5151,8,5,40,1,0,0,1,0
1269948,1,2021,2021,5,1,6,11,10,179,34609,0,1,1,-31.889353,152.449644,43,2,1,1,0,0,0,0,2,0,7,60,0,121,121,9,33,28,2,0,0,0,1
1269951,2,2021,2021,6,3,7,112,27,19,769,0,1,1,-33.527616,150.310129,8,1,2,0,0,0,0,0,2,0,7,100,2,4552,5151,8,16,40,1,0,0,1,0
1269955,2,2021,2021,8,5,7,6,31,41,34609,0,1,7,-33.904741,151.189586,69,0,2,1,0,0,0,0,2,0,0,50,0,1981,1981,4,0,27,2,0,0,1,0
1269958,4,2021,2021,8,3,10,5,27,4,5,0,1,1,-30.867236,150.591414,70,1,0,0,0,0,0,0,0,0,7,100,1,1259,5151,8,10,40,1,0,1,0,0
1269960,1,2021,2021,6,3,5,168,17,18,212,0,1,1,-35.633171,150.083341,23,1,0,0,0,0,0,0,2,0,7,90,2,1109,787,1,0,19,2,0,0,0,1
1269964,2,2021,2021,5,5,10,4,31,460,34609,0,1,1,-33.841099,150.986163,21,0,2,1,2,0,0,3,0,0,7,50,0,9859,9859,1,5,5,3,0,0,1,0
1269966,4,2021,2021,8,5,7,49,27,91,47,0,1,7,-33.995132,150.875732,13,0,2,1,0,0,3,4,2,0,0,60,1,1259,985,8,5,40,1,0,1,0,0
1269969,4,2021,2021,6,1,6,32,27,52,88,0,1,1,-33.626514,150.739441,55,0,2,1,0,0,0,0,2,0,7,80,2,1669,1669,3,9,0,2,0,2,0,1
1269972,4,2021,2021,5,6,5,293,31,160,260,0,1,9,-33.092691,151.497719,37,0,2,1,1,0,0,0,2,0,0,80,2,1669,1669,3,5,5,2,0,1,0,0
1269973,2,2021,2021,5,4,8,132,27,133,34609,1,0,10,-34.502031,150.787845,80,0,2,1,2,0,0,0,0,2,7,50,0,6545,6545,4,22,36,2,0,0,1,0
1269977,4,2021,2021,6,5,6,475,10,137,268,0,1,9,-33.912458,150.904937,41,0,2,1,2,0,0,0,2,2,7,70,2,926,926,4,10,27,2,0,1,0,0
1269980,1,2021,2021,7,5,10,1,27,14,3,0,1,1,-34.539342,146.172398,51,2,1,1,0,0,0,0,0,0,7,80,1,9859,9859,8,5,40,1,0,0,0,1
1269988,2,2021,2021,5,4,3,126,1,94,144,0,1,7,-33.785786,150.805956,55,0,2,0,1,0,0,0,2,0,0,60,2,14295,14295,3,0,5,2,0,0,1,0
1269991,2,2021,2021,6,6,5,9,27,6,8,0,1,1,-34.491539,148.280251,30,1,0,0,0,2,0,3,2,0,7,100,1,1850,1463,5,5,40,1,0,0,1,0
1269992,1,2021,2021,5,0,2,16,27,36,34609,0,1,1,-32.933747,151.586195,37,0,2,0,0,0,3,4,0,0,7,60,0,4552,5151,8,30,40,1,0,0,0,1
1269998,2,2021,2021,5,0,1,27,36,12,34609,0,1,1,-29.692805,152.961588,18,1,0,1,0,0,0,0,0,0,7,100,0,9859,9859,8,5,40,1,0,0,1,0
1270000,2,2021,2021,5,0,3,55,36,155,95,0,1,1,-33.156857,148.407544,53,1,0,0,3,0,0,0,0,0,7,100,2,4552,5151,8,30,40,1,0,0,1,0
1270002,1,2021,2021,0,0,5,33,7,120,34609,0,1,1,-33.763399,150.870465,7,0,2,1,3,0,0,0,2,0,7,50,0,9859,9859,8,0,40,1,0,0,0,1
1270003,1,2021,2021,5,6,10,866,17,278,793,0,1,9,-33.785313,151.040356,54,0,2,0,3,0,0,0,0,2,7,60,2,14295,14295,3,5,5,2,0,0,0,1
1270005,2,2021,2021,5,2,7,2261,17,284,2252,1,0,2,-33.90857,151.028365,15,0,2,1,3,0,0,0,2,0,7,60,2,14295,14295,3,5,5,2,0,0,1,0
1270012,1,2020,2020,1,3,5,10,27,32,34609,1,0,7,-33.7491,150.827266,7,0,2,1,1,0,0,0,2,0,0,50,0,1192,1192,1,22,5,2,0,0,0,1
1270028,1,2021,2020,5,3,5,2,10,27,34609,0,1,1,-34.541781,150.784784,80,0,2,1,1,0,0,0,2,0,7,50,0,3775,3775,0,5,0,2,0,0,0,1
1270029,2,2021,2021,0,6,8,1052,27,69,262,0,1,9,-32.904957,151.690613,48,0,2,1,2,0,0,0,3,2,7,60,2,14295,14295,3,10,19,3,0,0,1,0
1270032,2,2021,2021,8,1,10,60,27,174,44,0,1,10,-33.867985,150.917786,24,0,2,1,2,0,0,0,0,2,7,50,1,6545,6545,4,5,36,3,0,0,3,0
1270033,2,2021,2021,5,2,6,23,31,106,34609,0,1,10,-33.677509,151.302739,50,0,2,1,1,0,0,0,2,0,7,40,0,1957,777,8,0,40,2,0,0,1,0
1270038,4,2021,2021,8,6,10,35,27,100,34609,0,1,9,-33.896828,150.888794,24,0,2,1,2,0,3,3,0,0,7,60,0,2585,777,8,5,40,1,0,1,1,0
1270039,4,2021,2021,6,2,7,193,27,253,34609,0,1,0,-33.966755,151.105986,25,0,2,1,1,0,0,0,2,0,7,50,0,2040,2040,9,5,28,2,0,1,0,0
1270040,4,2021,2021,6,4,3,19,27,6,17,0,1,1,-32.022685,148.904467,22,1,0,1,0,0,3,4,2,0,7,100,1,945,945,5,3,40,1,0,1,0,0
1270042,1,2021,2021,5,2,7,2261,17,33,2252,0,1,3,-34.015289,150.825837,13,0,2,0,3,0,0,0,2,0,7,110,2,14295,14295,3,0,5,2,0,0,0,2
1270049,2,2021,2021,6,6,7,42,10,78,39,1,2,2,-34.483068,150.853679,80,0,2,1,1,0,0,0,2,0,7,40,1,1383,1383,1,5,0,4,0,0,1,0
1270050,4,2021,2021,6,6,8,157,17,10,158,0,1,1,-33.951573,145.803308,51,1,0,1,0,0,3,4,2,0,7,110,2,3775,3775,0,9,2,2,0,1,0,0
1270051,2,2021,2021,8,2,6,47,31,28,34609,0,1,7,-33.406242,149.573914,3,2,1,1,1,0,0,0,2,0,0,60,0,1669,1669,3,10,19,2,0,0,1,0
1270053,2,2021,2021,6,6,6,7,1,149,34609,0,1,7,-33.993877,151.140161,4,0,2,1,0,0,0,0,2,0,0,50,0,6545,6545,4,0,19,2,0,0,1,0
1270054,4,2021,2021,6,5,4,17,31,433,441,0,1,10,-33.282304,149.09135,52,2,1,1,1,0,0,0,2,0,0,50,2,14295,14295,3,33,5,2,0,1,0,0
1270056,4,2021,2021,5,2,7,1,27,48,34609,0,1,7,-32.720616,152.145021,57,2,1,0,0,0,0,0,2,0,7,40,0,1957,777,8,0,40,1,0,1,0,0
1270064,2,2021,2021,6,2,10,334,17,98,308,0,1,10,-30.982247,150.253206,51,2,1,0,0,0,0,0,0,0,0,50,2,1220,1220,9,0,28,2,0,0,1,0
1270068,2,2021,2021,0,5,9,56,31,218,34609,1,0,7,-33.770436,150.78761,55,0,2,1,2,0,0,0,0,0,0,50,0,6545,6545,4,5,19,2,0,0,1,0
1270070,4,2021,2021,8,4,7,1,25,293,34609,0,1,1,-33.941004,151.236906,59,0,2,1,0,0,0,0,2,0,7,50,0,1981,1981,4,5,5,2,0,1,0,0
1270073,2,2021,2021,5,6,9,344,27,363,369,0,1,9,-33.737856,150.716916,55,0,2,1,2,0,0,0,0,0,15,70,2,2852,2852,4,5,5,2,0,0,1,0
1270074,1,2021,2021,5,4,8,6,10,10,6,0,1,9,-35.689033,150.220524,23,2,1,1,3,0,0,0,3,0,0,80,1,1192,1192,1,10,27,2,0,0,0,1
1270075,4,2021,2021,8,2,0,59,10,34,231,0,1,9,-33.499203,151.360718,16,2,2,1,2,0,0,0,0,0,15,60,2,3775,3775,0,10,5,2,0,1,1,0
1270078,2,2021,2021,5,0,10,153,27,290,147,0,1,1,-33.949478,151.118068,4,0,2,1,2,0,3,4,0,0,7,60,2,368,368,9,0,28,2,0,0,1,0
1270081,4,2021,2021,8,0,5,91,27,119,187,0,1,10,-33.874951,151.155162,32,0,2,1,1,0,3,4,2,2,7,70,2,6545,6545,4,5,5,2,0,1,1,0
1270082,4,2021,2021,8,2,8,169,27,16,34609,0,1,1,-34.609845,146.403427,51,2,1,1,0,2,0,0,3,0,7,60,0,9859,9859,8,5,40,1,0,1,0,0
1270083,2,2021,2021,6,6,3,39,22,65,34609,0,1,1,-33.397305,151.400821,16,2,2,0,1,0,3,4,2,0,7,60,0,4552,5151,8,5,40,1,0,0,1,0
1270086,1,2021,2021,8,5,7,49,22,41,172,0,1,1,-32.965241,151.623142,37,0,2,1,3,0,0,0,2,0,7,60,2,1945,1945,5,16,40,1,0,0,0,1
1270088,4,2021,2021,5,4,3,19,1,59,34609,0,1,10,-33.978077,150.862152,13,0,2,1,1,0,0,0,2,0,0,50,0,6545,6545,4,0,19,2,0,1,0,0
1270090,1,2021,2021,5,2,6,84,10,7,80,0,1,9,-34.275088,150.955763,80,0,2,0,3,0,0,0,2,0,7,50,2,323,323,1,16,5,2,0,0,0,1
1270092,1,2021,2021,1,0,7,478,17,89,480,0,1,2,-33.382898,151.472784,16,2,2,1,3,0,0,0,2,0,7,60,2,623,623,3,10,0,2,0,0,0,1
1270094,2,2021,2021,5,0,8,280,10,92,240,0,1,9,-33.876956,150.965672,24,0,2,1,3,0,0,0,3,2,7,60,2,14295,14295,3,5,5,2,0,0,1,0
1270095,2,2021,2021,5,3,5,78,32,293,34609,0,1,1,-33.924037,151.051487,15,0,2,1,0,0,0,0,2,0,7,60,0,9859,9859,1,5,5,2,0,0,1,0
1270098,1,2021,2021,1,3,9,13,27,17,34609,0,1,9,-33.693871,147.807999,51,1,0,1,3,0,0,1,0,0,0,100,0,489,489,8,29,40,1,0,0,0,1
1270100,1,2021,2021,5,3,9,4,31,562,34609,0,1,10,-32.261236,148.615004,22,2,1,1,2,0,0,0,0,0,0,50,0,6545,6545,4,5,5,2,0,0,0,1
1270104,1,2021,2021,8,5,3,280,10,46,240,1,0,1,-33.886173,150.967819,24,0,2,1,1,0,0,0,2,0,7,60,2,1383,1383,1,5,5,3,0,0,0,1
1270105,4,2021,2021,6,3,1,48,10,316,121,0,1,7,-31.432573,152.896128,56,2,1,1,2,0,0,0,0,0,0,50,1,945,945,5,5,40,1,0,1,0,0
1270108,1,2021,2021,6,0,9,330,27,147,605,0,1,9,-33.747808,151.29066,50,0,2,1,3,0,0,0,0,2,7,60,2,9859,9859,8,5,40,1,0,0,0,1
1270115,4,2021,2021,0,4,7,6,31,79,34609,0,1,10,-33.977915,151.117587,25,0,2,1,1,0,0,0,2,0,0,50,0,6545,6545,4,0,5,2,0,1,1,0
1270129,4,2021,2021,5,0,6,330,23,293,112,0,1,10,-33.946214,151.240625,59,0,2,1,2,0,0,0,2,2,7,60,2,14295,14295,3,5,40,2,0,1,0,0
1270134,1,2021,2021,5,1,10,5,36,104,34609,0,1,1,-33.793242,150.791835,55,0,2,1,2,0,0,0,0,0,7,50,0,3775,3775,0,5,36,2,0,0,0,1
1270135,2,2021,2021,5,3,5,222,27,21,34609,0,1,1,-32.91306,151.573098,37,0,2,0,0,2,0,0,2,0,7,70,0,1957,4009,8,16,40,1,0,0,1,0
1270140,2,2021,2021,5,0,8,3,27,72,34609,0,1,10,-33.826814,151.222791,49,0,2,1,2,0,0,0,0,0,15,50,0,2585,777,8,16,40,1,0,0,1,0
1270142,4,2021,2021,5,5,6,232,36,134,331,0,1,9,-33.975822,150.809583,12,0,2,1,1,0,0,0,2,2,0,80,2,6545,6545,4,5,5,2,0,2,0,0
1270150,2,2021,2021,5,1,4,17,36,12,72,0,1,9,-28.654451,153.536274,10,2,1,0,3,0,0,0,2,0,7,80,2,14295,14295,3,30,0,2,0,0,1,0
1270154,1,2021,2021,5,6,7,163,27,73,165,0,1,1,-33.759385,150.809,7,0,2,1,3,0,0,0,2,0,7,60,1,1282,1282,1,5,36,3,0,0,0,1
1270155,1,2021,2021,8,6,5,29,31,139,51,0,1,10,-33.880495,151.138846,32,0,2,1,3,0,0,0,2,2,7,50,1,5929,5929,1,5,19,2,0,0,0,1
1270157,1,2021,2021,6,4,9,67,27,30,78,0,1,10,-33.861789,151.137413,14,0,2,1,3,0,0,0,0,2,7,50,2,5929,5929,1,5,5,2,0,0,0,1
1270159,2,2021,2021,5,2,1,19,27,57,63,0,1,7,-34.571097,150.823588,62,0,2,1,3,0,0,0,0,0,0,60,2,945,945,5,5,40,1,0,0,1,0
1270162,1,2021,2021,5,1,11,32,14,108,124,0,1,3,-33.812276,151.177047,77,0,2,1,2,0,0,0,0,0,7,60,2,1383,1383,1,0,0,2,0,0,0,1
1270163,2,2021,2021,6,6,5,2209,17,6,2205,0,1,1,-35.816928,150.12924,23,1,0,1,0,0,0,0,2,0,7,100,2,9859,9859,8,0,40,1,0,0,1,0
1270165,2,2021,2021,5,0,7,28,10,32,70,0,1,2,-31.939612,152.471122,43,2,1,1,1,0,3,0,2,0,7,70,1,3775,3775,0,34,10,2,0,0,1,0
1270166,2,2021,2021,5,6,4,109,27,44,169,0,1,9,-32.810874,151.428446,17,2,1,1,0,0,0,0,2,0,0,60,2,1669,1669,3,0,5,2,0,0,1,0
1270167,1,2021,2021,5,6,5,283,27,197,702,1,0,9,-33.94941,151.080924,25,0,2,1,3,0,0,0,2,2,7,60,2,14295,14295,3,0,5,2,0,0,0,1
1270168,2,2021,2021,5,0,3,30,31,252,9,0,1,10,-33.883532,151.214358,69,0,2,1,1,0,0,0,2,2,7,40,1,926,926,4,5,5,2,0,0,1,0
1270170,4,2021,2021,5,0,6,225,17,70,180,0,1,9,-34.585854,150.283706,78,1,0,1,0,0,0,0,2,0,0,100,2,1669,1669,3,5,0,2,0,1,0,0
1270172,1,2021,2021,7,5,8,72,14,173,71,0,1,3,-33.874689,151.217588,69,0,2,1,2,0,0,0,2,0,7,80,2,14295,14295,3,16,10,2,0,0,0,1
1270178,4,2021,2021,5,4,10,149,36,13,113,0,1,1,-32.398148,152.308718,43,2,1,0,0,0,3,4,0,0,7,80,1,1957,4009,8,9,40,1,0,1,0,0
1270180,4,2021,2021,5,4,8,296,27,187,293,0,1,10,-33.883663,150.976411,24,0,2,1,1,0,0,0,2,2,7,60,2,6545,6545,4,5,5,2,0,1,1,0
1270182,1,2021,2021,5,0,6,9,31,56,21,0,1,7,-33.85884,151.177505,32,0,2,1,0,0,0,0,2,0,0,40,1,1282,1282,1,33,27,2,0,0,0,1
1270183,2,2021,2021,5,2,7,251,27,64,212,0,1,10,-33.76091,151.216697,50,0,2,0,2,0,0,0,2,2,7,70,2,14295,14295,3,0,27,2,0,0,1,0
1270190,4,2021,2021,5,4,8,12,31,140,34609,0,1,1,-33.907728,151.003368,15,0,2,1,1,0,0,0,2,0,7,50,0,9859,9859,8,0,40,2,0,1,0,0
1270192,4,2021,2021,8,4,10,35,1,43,52,0,1,9,-33.724915,150.788253,7,0,2,1,2,0,3,4,0,2,7,60,1,5929,5929,1,5,0,2,0,1,0,0
1270193,4,2021,2021,8,4,7,4,10,38,34609,0,1,1,-32.731411,151.86265,57,2,1,0,0,0,0,0,2,0,7,50,0,1259,5151,8,8,40,2,0,1,1,0
1270195,1,2021,2021,5,1,9,1,18,293,34609,0,1,10,-33.926147,151.057205,15,0,2,1,3,0,0,0,0,0,7,50,0,2852,2852,4,21,5,2,0,0,0,1
1270198,2,2021,2021,8,1,5,4,1,316,34609,0,1,9,-33.906879,151.251632,59,0,2,1,0,0,0,0,2,0,7,50,0,2040,2040,9,5,28,2,0,0,1,0
1270199,2,2021,2021,8,5,11,134,10,104,133,0,1,9,-33.831639,151.019811,54,0,2,1,2,0,0,0,0,2,7,70,2,2852,2852,4,8,5,2,0,0,2,0
1270205,2,2021,2021,1,6,6,34,27,38,117,0,1,2,-32.925057,151.696884,48,0,2,1,3,0,0,0,2,0,7,60,2,14295,14295,3,9,13,3,0,0,1,0
1270208,4,2021,2021,6,4,5,2261,17,49,2252,0,1,2,-34.743883,149.844579,26,1,0,0,0,0,0,3,2,0,7,110,2,14295,14295,3,5,0,2,0,1,0,0
1270209,4,2021,2021,5,0,5,330,23,36,34609,0,1,10,-32.963726,151.605045,37,0,2,1,3,0,0,3,2,0,15,50,0,6545,6545,4,5,10,2,0,1,0,0
1270212,2,2021,2021,6,3,7,192,31,316,56,1,0,10,-33.904687,151.244445,59,0,2,1,1,0,0,0,2,2,7,50,1,5929,5929,1,22,5,2,0,0,1,0
1270215,2,2021,2021,5,4,8,71,36,26,139,0,1,1,-33.566384,145.5232,51,1,0,1,0,0,0,0,3,0,7,100,2,4026,4026,8,0,40,1,0,0,1,0
1270217,2,2021,2021,6,0,3,3,31,25,34609,0,1,1,-32.838244,151.370737,17,2,1,1,1,0,0,0,2,0,7,50,0,9859,9859,1,0,5,2,0,0,1,0
1270220,4,2021,2021,1,3,10,133,27,3,174,0,1,7,-32.887154,151.470264,17,1,0,0,2,0,0,0,0,0,0,90,2,3775,3775,0,16,5,2,0,1,0,0
1270224,2,2021,2021,6,5,6,2,27,4,34609,0,1,9,-33.047124,151.616863,37,0,2,0,1,0,3,3,2,0,0,50,0,782,985,5,16,40,1,0,0,1,0
1270225,4,2021,2021,1,3,6,95,31,463,32,0,1,9,-30.281106,153.136841,19,2,1,1,1,0,0,0,2,0,0,60,1,1669,1669,3,10,5,2,0,1,1,0
1270226,4,2021,2021,1,1,9,31,1,53,34609,0,1,1,-35.13737,147.362745,75,2,1,0,2,0,0,0,0,0,7,50,0,312,312,2,5,40,1,0,1,0,0
1270227,2,2021,2021,5,2,9,1,27,210,34609,0,1,1,-34.026898,151.104358,68,0,2,1,2,0,0,0,0,0,7,50,0,9859,9859,1,5,40,2,0,0,1,0
1270230,4,2021,2021,6,5,5,7,27,54,34609,0,1,1,-28.528506,153.542562,10,2,1,0,0,0,3,4,2,0,7,50,0,14295,14295,3,5,12,2,0,1,1,0
1270231,2,2021,2021,3,1,7,6,27,15,34609,0,1,1,-30.178716,153.019146,19,2,1,1,0,0,0,0,2,0,7,80,0,9859,9859,8,0,40,1,0,0,1,0
1270232,1,2021,2021,5,0,6,67,27,165,78,0,1,9,-33.851743,151.153524,14,0,2,1,1,0,0,0,2,2,7,50,2,6545,6545,4,5,13,2,0,0,0,1
1270236,2,2021,2021,5,0,9,59,27,10,69,0,1,1,-34.1921,149.736855,51,1,0,0,3,0,3,4,2,0,7,100,1,2585,4009,8,9,40,1,0,0,1,0
1270238,4,2021,2021,6,6,9,9,27,6,34609,0,1,1,-34.646556,149.964068,26,2,1,1,0,0,3,0,0,0,7,80,0,9859,9859,8,34,40,1,0,1,0,0
1270239,2,2021,2021,6,4,7,83,31,532,21,0,1,10,-33.87449,151.208013,69,0,2,1,0,0,3,4,2,2,9,40,1,1220,1220,9,30,28,2,0,0,1,0
1270240,4,2021,2021,6,0,7,7,27,2,34609,0,1,1,-30.141672,150.459908,51,1,0,1,0,2,0,0,2,0,7,100,0,9859,9859,8,5,40,1,0,1,0,0
1270242,4,2021,2021,6,6,5,48,10,316,121,0,1,1,-31.424562,152.874868,56,2,1,1,1,0,3,3,2,0,7,60,1,9859,9859,1,5,0,3,0,1,1,1
1270243,1,2021,2021,8,4,6,17,31,136,32,0,1,9,-33.918965,151.073453,15,0,2,1,0,0,0,3,2,0,9,50,1,591,591,1,22,5,2,0,0,0,1
1270244,1,2021,2021,8,6,9,3,31,44,10,0,1,10,-33.083888,147.14415,51,2,1,1,3,0,3,3,3,0,0,50,1,6545,6545,4,0,13,2,0,0,0,1
1270248,1,2021,2021,8,3,7,1052,14,57,928,0,1,3,-33.678729,151.120267,31,0,2,1,0,0,0,0,2,0,7,110,2,14295,14295,3,5,0,3,0,0,0,1
1270252,1,2021,2021,8,3,8,220,27,46,222,0,1,9,-33.785715,150.971952,54,0,2,1,1,0,0,0,2,2,7,80,2,14295,14295,3,0,5,3,0,0,0,1
1270254,1,2021,2021,6,4,7,42,36,53,34609,0,1,1,-30.654287,152.989126,47,2,1,1,3,0,2,6,2,0,7,60,0,591,591,1,18,5,2,0,0,0,1
1270255,4,2021,2021,8,4,9,916,17,165,917,0,1,1,-32.357197,150.964628,46,1,0,0,0,0,0,0,0,0,7,100,2,4552,5151,1,5,5,2,0,1,1,0
1270256,4,2021,2021,8,5,7,916,17,4,917,0,1,10,-30.564057,151.578286,51,1,0,1,0,0,3,4,2,0,0,100,2,2852,2852,4,5,5,2,0,1,2,1
1270257,2,2021,2021,5,6,3,3,27,40,34609,0,1,1,-35.063788,150.575178,63,2,1,0,0,0,0,0,2,0,7,80,0,4552,5151,8,5,40,1,0,0,1,0
1270258,1,2021,2021,5,5,0,3371,17,463,3342,0,1,2,-30.316597,153.091728,19,2,1,1,2,0,0,0,0,0,7,60,2,9859,9859,8,5,40,1,0,0,0,1
1270259,4,2021,2021,8,5,2,220,27,251,222,0,1,2,-33.76616,150.958481,71,0,2,1,2,0,0,0,1,0,7,80,2,14295,14295,3,8,0,3,0,1,0,0
1270260,4,2021,2021,6,6,5,1052,14,56,928,0,1,3,-32.983779,151.521702,37,0,2,1,1,0,0,0,2,0,7,110,2,1109,787,1,0,0,2,0,1,1,0
1270261,4,2021,2021,6,0,7,9,27,41,34609,0,1,9,-34.09316,150.820591,13,0,2,1,0,0,0,0,2,0,0,60,0,6545,6545,4,16,0,2,0,1,0,0
1270263,4,2021,2021,8,5,8,18,27,83,100,0,1,9,-34.452749,150.438582,78,2,1,1,2,0,0,0,0,0,0,50,2,926,926,4,5,19,2,0,1,0,0
1270265,1,2021,2021,3,0,9,2126,17,23,2149,0,1,1,-33.819391,150.987856,21,0,2,1,2,0,0,0,3,0,7,60,2,9859,9859,8,19,40,2,0,0,0,1
1270266,1,2021,2021,6,2,4,193,31,532,34,0,1,10,-33.87324,151.209179,69,0,2,1,2,0,0,0,2,2,7,40,1,1220,1220,9,0,26,2,0,0,0,1
1270270,2,2021,2021,8,2,5,916,17,25,917,0,1,1,-30.839874,151.216113,70,1,0,0,0,0,0,0,2,0,7,100,2,3775,3775,0,34,0,3,0,0,1,0
1270272,1,2021,2021,6,4,7,99,31,84,105,0,1,9,-33.884773,150.937637,24,0,2,1,1,0,0,0,2,0,7,60,1,186,186,9,5,28,3,0,0,0,1
1270275,2,2021,2021,8,5,4,1104,11,532,770,0,1,10,-33.870975,151.203853,69,0,2,1,2,0,0,0,2,2,9,40,2,1220,1220,9,5,28,2,0,0,1,0
1270276,2,2021,2021,6,1,5,7,31,139,34609,0,1,1,-33.874042,151.145866,32,0,2,1,1,0,3,0,2,0,7,50,0,9859,9859,8,30,40,1,0,0,1,0
1270277,4,2021,2021,6,3,0,35,27,155,231,0,1,1,-33.493175,151.3276,16,2,2,1,2,0,0,0,0,0,7,60,2,9859,9859,1,5,5,2,0,1,0,0
1270278,2,2021,2021,6,5,8,40,27,73,34609,1,0,9,-35.132873,147.376798,75,2,1,1,2,0,3,4,0,0,7,60,0,1945,1945,5,16,40,1,0,0,1,0
1270279,2,2021,2021,6,6,10,1,31,316,34609,0,1,9,-31.442845,152.891358,56,2,1,1,2,0,0,0,0,0,7,50,0,2852,2852,4,22,5,2,0,0,1,0
1270280,2,2021,2021,6,3,10,81,17,30,34609,0,1,1,-34.478129,150.351761,78,2,1,1,0,0,0,0,0,0,7,80,0,4026,4026,8,10,40,1,0,0,1,0
1270282,2,2021,2021,6,1,7,103,36,5,103,0,1,1,-32.009337,152.050419,43,2,1,0,0,0,0,0,2,0,7,80,1,4552,5151,8,0,40,2,0,0,2,0
1270283,2,2021,2021,6,2,7,22,31,237,34609,0,1,1,-33.871722,150.941438,24,0,2,1,0,0,0,0,2,0,7,50,0,9859,9859,1,0,5,2,0,0,1,0
1270284,1,2021,2021,8,5,9,81,31,133,80,0,1,1,-33.92922,151.011794,15,0,2,1,3,0,0,0,0,0,7,60,1,14295,14295,3,10,5,2,0,0,0,1
1270285,2,2021,2021,0,1,8,22,10,69,34609,0,1,1,-33.775935,150.989153,54,0,2,0,1,0,0,0,3,0,7,50,0,1383,1383,1,30,5,2,0,0,1,0
1270287,1,2021,2021,7,6,8,192,31,316,120,0,1,1,-33.913813,151.241895,59,0,2,1,3,0,0,0,0,0,7,50,2,214,214,9,5,28,2,0,0,0,1
1270289,2,2021,2021,5,0,6,3371,17,57,3342,0,1,2,-28.640587,153.548379,10,1,0,1,3,0,3,4,2,0,7,110,2,1945,1945,5,0,40,1,0,0,1,0
1270295,2,2021,2021,5,6,9,55,31,77,34609,0,1,10,-32.566884,151.18227,64,2,1,1,2,0,3,4,0,0,0,50,0,6545,6545,4,5,0,2,0,0,2,0
1270299,4,2021,2021,8,0,1,47,26,201,160,0,1,1,-34.01613,150.862271,13,0,2,1,2,0,0,0,0,0,7,60,2,9859,9859,8,5,40,1,0,3,0,0
1270301,2,2021,2021,5,5,10,14,1,38,34609,0,1,1,-33.942261,151.067227,15,0,2,1,2,0,0,0,0,0,7,50,0,2040,2040,9,5,28,2,0,0,1,0
1270304,2,2021,2021,1,3,4,191,27,6,34609,0,1,1,-32.954544,151.653711,37,0,2,1,3,0,0,0,2,0,7,50,0,9859,9859,8,5,40,1,0,0,1,0
1270308,2,2021,2021,5,1,10,90,31,54,165,0,1,10,-33.889969,151.217609,69,0,2,1,2,0,3,0,0,2,7,60,2,6545,6545,4,30,39,2,0,0,1,0
1270313,1,2021,2021,6,3,10,348,17,31,232,0,1,1,-31.023631,148.378776,51,1,0,1,3,0,0,0,0,0,7,90,2,475,475,5,10,40,1,0,0,0,1