Crash ID,Degree of crash - detailed,Reporting year,Year of crash,Month of crash,Day of week of crash,Two-hour intervals,Street of crash,Street type,Town,Route no.,School zone location,School zone active,Type of location,Latitude,Longitude,LGA,Urbanisation,Conurbation 1,Alignment,Street lighting,Road surface,Surface condition,Weather,Natural lighting,Signals operation,Other traffic control,Speed limit,Road classification,RUM - code,DCA - code,First impact type,Key TU type,Other TU type,No. of traffic units involved,No. killed,No. seriously injured,No. moderately injured,No. minor-other injured
1270316,2,2021,2021,5,0,7,41,31,194,34609,0,1,10,-30.526954,151.671991,1,2,1,1,3,0,0,0,2,0,0,50,0,6545,6545,4,0,41,2,0,0,1,0
1270321,1,2021,2021,5,6,5,19,31,283,34609,0,1,10,-33.844296,151.008972,21,0,2,1,3,0,0,6,2,0,15,50,0,775,775,4,5,5,2,0,0,0,1
1270326,4,2021,2021,5,1,4,3,31,316,34609,0,1,10,-31.445279,152.920058,56,2,1,1,0,2,0,0,2,0,15,50,0,5929,5929,1,21,27,2,0,1,0,0
1270327,1,2021,2021,5,2,5,22,1,443,34609,0,1,10,-33.894321,151.054886,15,0,2,1,3,0,0,0,2,0,15,50,0,6545,6545,4,0,36,2,0,0,0,2
1270329,2,2021,2021,1,3,4,916,17,66,917,0,1,9,-32.81255,151.656339,48,0,2,1,3,0,0,0,2,0,7,90,2,1391,1391,1,8,5,2,0,0,1,0
1270340,2,2021,2021,5,4,6,11,27,87,34609,0,1,1,-34.045457,151.155656,68,0,2,1,0,0,0,0,2,0,7,50,0,5929,5929,1,0,19,2,0,0,1,0
1270341,2,2021,2021,5,2,5,2,27,1,34609,0,1,1,-30.575359,152.571557,47,1,0,0,0,2,0,0,2,0,7,100,0,404,404,8,16,40,1,0,0,1,0
1270349,2,2021,2021,1,4,7,63,10,19,34609,0,1,1,-28.212344,153.483492,72,2,1,1,0,0,0,0,2,0,7,60,0,380,714,5,5,40,1,0,0,1,0
1270351,1,2021,2021,6,5,5,4,7,445,34609,0,1,9,-33.878124,151.044235,21,0,2,0,1,0,3,3,2,0,7,50,0,3775,3775,0,30,0,2,0,0,0,1
1270354,2,2021,2021,8,1,8,103,27,53,563,0,1,2,-33.800223,151.054714,54,0,2,1,0,0,0,0,2,0,7,70,2,14295,14295,3,0,0,3,0,0,1,0
1270356,2,2021,2021,0,4,8,42,27,346,34609,0,1,9,-33.877216,151.079606,67,0,2,1,2,0,0,0,0,0,7,50,0,5929,5929,1,5,19,2,0,0,1,0
1270359,2,2021,2021,6,4,5,26,27,78,34609,0,1,0,-28.328221,153.398681,72,2,1,1,1,0,0,0,2,0,7,50,0,1282,1282,1,5,40,1,0,0,1,0
1270360,4,2021,2021,5,0,6,85,27,363,145,0,1,2,-33.804358,151.026571,54,0,2,1,1,0,0,0,2,0,7,60,2,14295,14295,3,0,27,2,0,1,0,0
1270362,1,2021,2021,1,0,5,3371,17,90,3342,0,1,7,-28.245163,153.552743,72,2,1,0,1,0,0,0,2,0,0,60,2,1282,1282,1,10,27,2,0,0,0,1
1270366,2,2021,2021,5,2,8,204,27,5,8,0,1,1,-29.82786,144.582709,51,1,0,0,0,0,0,0,3,0,7,110,1,1850,1463,5,26,40,1,0,0,1,0
1270368,2,2021,2021,6,5,5,4,1,74,34609,0,1,2,-33.764417,150.662174,55,0,2,1,1,0,0,0,2,0,7,50,0,4026,4026,8,0,40,1,0,0,1,0
1270369,2,2021,2021,5,5,3,916,17,5,917,0,1,9,-30.052655,151.718942,1,1,0,0,0,0,1,5,1,0,7,100,2,1957,4009,8,5,40,1,0,0,1,0
1270370,4,2021,2021,5,1,5,1,36,9,34609,0,1,9,-33.770908,150.736908,55,0,2,1,0,0,0,0,2,0,0,50,0,6545,6545,4,5,5,2,0,1,1,0
1270373,4,2021,2021,8,3,10,916,17,9,917,0,1,1,-31.817714,150.927292,73,1,0,0,0,0,0,0,0,0,7,100,2,3775,3775,0,0,0,2,0,1,1,0
1270375,4,2021,2021,5,4,4,6,27,316,34609,0,1,7,-33.920203,151.242611,59,0,2,1,0,0,0,0,2,0,0,40,0,6545,6545,4,5,27,2,0,1,0,0
1270379,2,2021,2021,1,6,3,27,31,107,157,0,1,10,-29.686441,152.937265,18,2,1,1,1,0,0,0,2,0,0,50,2,6545,6545,4,5,36,2,0,0,2,0
1270380,2,2021,2021,6,0,8,45,1,294,26,0,1,1,-33.930042,150.930751,41,0,2,1,0,0,3,4,3,0,7,60,2,5929,5929,1,5,5,2,0,0,1,0
1270384,2,2021,2021,0,4,2,12,27,19,23,0,1,9,-28.566426,153.524021,10,1,0,0,0,0,0,0,0,0,7,100,1,4552,5151,8,5,40,1,0,0,1,0
1270385,2,2021,2021,6,3,0,224,27,169,321,0,1,1,-33.898336,151.199853,69,0,2,1,2,0,3,4,0,0,7,50,2,3775,3775,0,5,5,2,0,0,1,1
1270386,4,2021,2021,6,0,8,191,10,15,34609,0,1,7,-33.999785,151.023968,68,0,2,1,2,0,0,0,0,0,9,50,0,2040,2040,9,0,28,2,0,1,0,0
1270387,2,2021,2021,5,6,4,40,31,219,262,0,1,10,-32.907537,151.665285,48,0,2,1,1,0,0,0,2,2,7,60,2,14295,14295,3,29,5,2,0,0,1,0
1270390,2,2021,2021,6,2,6,46,27,219,34609,0,1,2,-32.890651,151.666079,48,0,2,1,1,0,0,0,2,0,3,60,0,14295,14295,3,0,5,4,0,0,2,0
1270392,2,2021,2021,8,1,4,49,27,91,47,0,1,7,-33.994625,150.875458,13,0,2,0,0,0,0,0,2,0,0,60,1,775,775,4,5,19,2,0,0,1,0
1270396,4,2021,2021,6,6,7,126,27,30,168,0,1,10,-34.053533,150.772704,12,0,2,1,1,0,0,0,2,2,7,80,2,14295,14295,3,8,5,2,0,1,2,0
1270402,4,2021,2021,6,0,6,1052,14,54,928,0,1,3,-33.469778,151.193715,16,1,2,1,0,0,0,0,2,0,7,110,2,14295,14295,3,5,5,3,0,1,0,0
1270403,4,2021,2021,6,5,4,3371,17,27,3342,0,1,2,-30.148169,153.191966,19,1,0,1,0,0,0,0,2,0,7,110,2,41,41,8,22,40,1,0,1,0,0
1270404,4,2021,2021,5,3,6,1,27,7,34609,0,1,1,-36.688671,149.812745,5,2,1,0,0,0,0,0,2,0,7,80,0,4552,5151,8,16,40,1,0,1,0,0
1270407,2,2021,2021,0,3,5,46,36,11,46,0,1,1,-33.150251,149.112666,11,1,0,0,0,0,0,0,2,0,7,100,1,1669,1669,3,9,13,2,0,0,1,0
1270409,1,2021,2021,5,6,8,14,27,25,34609,0,1,9,-34.47935,150.87147,80,0,2,1,2,0,0,0,0,2,7,50,0,5929,5929,1,5,5,2,0,0,0,1
1270411,2,2021,2021,6,4,8,175,27,609,220,0,1,10,-33.769452,150.912121,7,0,2,1,2,0,0,0,0,2,6,60,2,5929,5929,1,5,0,2,0,0,1,0
1270412,1,2021,2021,7,2,6,916,17,10,917,1,0,1,-32.700189,151.449638,42,2,1,1,1,0,3,3,2,0,7,60,2,1669,1669,3,5,13,2,0,0,0,1
1270413,2,2021,2021,1,1,4,34,31,123,34609,1,2,1,-33.822544,148.688605,51,2,1,1,1,0,0,1,2,0,7,40,0,1220,1220,9,33,28,2,0,0,1,0
1270414,2,2021,2021,6,2,6,55,36,22,95,0,1,1,-33.191879,148.518648,11,1,0,0,0,0,3,4,2,0,7,100,2,1259,5151,8,34,40,1,0,0,1,0
1270415,4,2021,2021,0,6,6,175,27,609,220,0,1,9,-33.766062,150.912666,7,0,2,1,1,0,0,0,2,2,7,60,2,14295,14295,3,5,5,2,0,2,0,0
1270416,4,2021,2021,8,0,6,3,27,2,34609,0,1,1,-31.168173,149.691437,51,1,0,1,0,2,0,0,2,0,7,100,0,1089,1089,7,16,40,1,0,1,0,0
1270421,1,2021,2021,6,3,1,2,7,523,34609,0,1,1,-33.93199,150.9199,41,0,2,0,2,0,0,0,0,0,7,50,0,4552,5151,8,10,40,1,0,0,0,1
1270422,4,2021,2021,8,0,1,3,1,9,34609,0,1,1,-33.845893,151.051231,54,0,2,1,2,0,0,0,0,0,7,40,0,312,312,2,33,40,1,0,1,0,0
1270423,2,2021,2021,0,3,8,1,31,278,34609,0,1,1,-33.777735,151.05698,54,0,2,1,1,0,0,0,3,0,7,50,0,4026,4026,1,5,36,2,0,0,1,0
1270427,4,2021,2021,5,3,6,1,7,42,34609,0,1,1,-33.701721,150.944698,71,0,2,1,1,0,0,0,2,0,7,50,0,1259,985,8,0,40,1,0,1,0,0
1270428,2,2021,2021,8,4,3,13,27,438,563,0,1,10,-33.851341,151.037064,21,0,2,1,2,0,0,0,1,2,7,50,2,6545,6545,4,5,36,2,0,0,1,0
1270429,4,2021,2021,8,4,7,21,23,77,172,0,1,1,-33.034382,151.657053,37,0,2,1,1,0,0,0,2,0,7,40,2,340,340,9,0,28,3,0,1,1,0
1270430,2,2021,2021,8,2,10,115,27,55,114,0,1,1,-33.85464,151.284233,81,0,2,1,2,0,0,0,0,0,7,50,1,9859,9859,1,5,5,2,0,0,1,0
1270431,2,2021,2021,5,0,5,191,17,562,189,0,1,9,-32.244305,148.613087,22,2,1,1,0,0,0,0,2,0,7,60,2,1669,1669,3,5,36,2,0,0,1,1
1270432,2,2021,2021,6,6,7,280,10,92,240,0,1,1,-33.876153,150.965484,24,0,2,1,1,0,0,0,2,0,7,60,2,1282,1282,1,5,5,2,0,0,1,0
1270437,2,2021,2021,5,5,6,1104,14,223,962,0,1,3,-33.805239,150.913801,7,0,2,1,1,0,0,0,2,0,7,100,2,1282,1282,1,8,5,2,0,0,1,0
1270438,2,2021,2021,6,2,5,234,27,57,217,0,1,9,-33.601543,151.007983,71,0,2,1,0,0,0,0,2,0,7,60,2,5929,5929,1,10,19,2,0,0,1,0
1270447,1,2021,2021,5,2,4,17,31,56,21,0,1,1,-33.861765,151.176374,32,0,2,0,3,0,0,0,2,0,7,40,1,1669,1669,3,10,0,2,0,0,0,1
1270459,2,2021,2021,5,1,6,38,27,53,38,0,1,1,-33.37442,151.450311,16,2,2,0,3,0,0,0,2,0,7,70,1,2585,4009,8,5,40,1,0,0,1,0
1270467,1,2020,2020,0,0,6,515,14,243,518,0,1,3,-33.948397,150.890828,41,0,2,1,3,0,2,6,2,0,7,100,2,4026,4026,8,0,40,1,0,0,0,1
1270488,2,2021,2021,0,3,8,1104,14,149,962,0,1,3,-33.817114,150.968865,21,0,2,1,2,0,0,0,2,0,7,90,2,14295,14295,3,5,0,3,0,0,2,0
1270508,1,2020,2020,1,0,3,168,10,387,260,0,1,1,-33.946079,151.175528,4,0,2,1,2,0,0,0,2,0,8,60,2,3775,3775,0,5,10,3,0,0,0,1
1270509,4,2021,2021,8,0,9,5,27,6,34609,0,1,1,-32.713905,151.647543,42,2,1,1,2,0,0,0,0,0,0,60,0,1945,1945,5,16,40,1,0,1,0,0
1270510,2,2021,2021,8,6,4,5,27,19,118,0,1,1,-29.835007,150.554806,51,1,0,0,1,0,0,0,2,0,7,100,2,1259,5151,8,0,40,1,0,0,1,0
1270511,4,2021,2021,5,4,11,36,36,10,139,0,1,1,-34.31531,146.107125,28,1,0,1,3,0,0,0,0,0,7,100,2,945,945,5,5,40,1,0,1,0,0
1270512,2,2021,2021,5,6,6,39,27,293,91,1,0,10,-33.946641,151.251835,59,0,2,1,3,0,0,0,2,0,0,50,1,6545,6545,4,30,0,2,0,0,1,0
1270515,2,2021,2021,5,6,3,19,27,100,34609,0,1,1,-33.894586,150.897324,24,0,2,1,0,0,0,0,1,0,7,50,0,2040,2040,9,5,28,2,0,0,1,0
1270517,2,2021,2021,6,3,4,33,1,12,34609,0,1,10,-32.740041,151.611918,42,2,1,1,3,0,0,0,2,0,15,50,0,6545,6545,4,5,0,2,0,0,1,0
1270518,2,2021,2021,6,3,6,3371,17,65,3342,0,1,9,-33.374663,151.375895,16,2,2,1,1,0,3,4,2,2,7,60,2,14295,14295,3,5,5,2,0,0,3,1
1270519,4,2021,2021,5,1,9,69,31,646,563,0,1,10,-33.910709,151.041911,15,0,2,1,2,0,0,0,0,2,7,60,2,6545,6545,4,16,5,3,0,1,0,0
1270520,1,2021,2021,6,3,11,294,17,11,288,0,1,1,-34.611941,144.388885,51,1,0,1,0,0,3,3,0,0,7,110,2,475,475,5,5,40,1,0,0,0,1
1270521,1,2021,2021,5,0,9,330,23,123,233,0,1,10,-33.886616,151.21891,69,0,2,1,2,0,3,4,0,2,7,60,2,1192,1192,1,10,18,2,0,0,0,1
1270522,2,2021,2021,5,2,9,81,31,646,80,0,1,1,-33.911006,151.014721,15,0,2,1,0,0,0,0,0,0,7,60,1,9859,9859,1,5,5,3,0,0,1,0
1270526,2,2021,2021,6,0,4,1,27,5,3,0,1,1,-31.09953,143.109086,51,1,0,0,0,0,0,3,2,0,7,110,1,273,957,5,0,40,1,0,0,1,0
1270529,2,2021,2021,1,5,7,2209,17,68,2205,0,1,2,-34.08143,151.010982,68,0,2,1,1,0,0,0,2,0,7,70,2,1220,1220,9,9,28,2,0,0,1,0
1270530,4,2021,2021,5,4,9,115,27,81,114,0,1,9,-33.88894,151.257599,81,0,2,0,2,0,3,4,0,2,7,50,2,2852,2852,4,10,0,3,0,1,0,1
1270531,1,2021,2021,8,2,11,158,27,138,207,1,0,1,-33.866063,151.272157,81,0,2,1,3,0,3,4,0,0,7,50,2,3775,3775,0,5,5,2,0,0,0,2
1270532,4,2021,2021,6,3,5,334,17,316,308,0,1,2,-31.448726,152.878795,56,2,1,1,1,0,3,3,2,0,7,70,2,3775,3775,0,30,12,2,0,1,1,1
1270533,2,2021,2021,6,1,11,13,31,103,34609,0,1,1,-34.311747,148.296035,30,2,1,1,0,0,0,0,0,0,7,50,0,2040,2040,9,0,28,2,0,0,2,0
1270534,2,2021,2021,5,6,8,232,36,74,331,0,1,9,-34.023743,150.758821,12,0,2,1,3,0,0,0,3,2,7,80,2,14295,14295,3,5,5,2,0,0,1,0
1270538,1,2021,2021,6,5,8,3371,17,139,3342,0,1,9,-33.837994,151.206225,49,0,2,0,1,0,0,0,3,0,15,60,2,623,623,3,5,19,2,0,0,0,1
1270539,1,2021,2021,5,3,6,2209,17,35,2205,0,1,10,-34.362069,150.907251,80,0,2,1,0,0,0,0,2,2,7,80,2,150,150,4,5,18,2,0,0,0,1
1270541,2,2021,2021,8,6,8,74,27,609,163,0,1,7,-33.777341,150.907503,7,0,2,0,2,0,0,0,0,2,0,60,2,5929,5929,1,16,5,2,0,0,1,0
1270543,2,2021,2021,6,2,10,2261,17,252,2252,0,1,9,-33.956092,150.872757,41,0,2,1,2,0,0,0,0,2,7,70,2,1669,1669,3,10,13,2,0,0,1,0
1270549,4,2021,2021,8,2,1,27,27,290,34609,0,1,1,-33.853916,150.985648,21,0,2,1,2,0,0,0,0,0,9,40,0,4026,4026,8,34,40,3,0,2,0,0
1270551,2,2021,2021,8,3,7,110,31,18,34609,0,1,10,-28.866632,153.579204,2,2,1,1,1,0,0,0,2,0,0,60,0,1669,1669,3,5,0,2,0,0,1,0
1270552,4,2021,2021,5,0,4,4,31,64,34609,0,1,7,-34.043441,150.736232,12,0,2,1,1,0,3,0,2,0,0,50,0,6545,6545,4,0,19,2,0,1,0,0
1270553,2,2021,2021,5,0,6,7,18,37,34609,0,1,10,-29.449854,153.201763,18,2,1,1,0,0,0,0,2,0,0,50,0,2585,777,8,30,40,1,0,0,1,0
1270556,2,2021,2021,5,4,7,194,31,166,34609,0,1,9,-33.416682,149.578699,3,2,1,1,1,0,0,0,2,0,0,50,0,1220,1220,9,10,28,2,0,0,1,0
1270559,1,2021,2021,5,2,0,1,31,11,34609,0,1,1,-30.646835,152.854614,47,2,1,1,2,0,0,0,0,0,7,50,0,4026,4026,8,34,40,1,0,0,0,1
1270562,1,2021,2021,5,5,4,104,27,387,140,0,1,2,-33.920355,151.188411,4,0,2,1,3,0,0,0,2,0,7,60,2,14295,14295,3,8,0,2,0,0,0,2
1270565,2,2021,2021,1,5,5,15,27,3,33,0,1,1,-34.340293,150.203204,78,1,0,0,3,2,0,0,2,0,7,100,1,4552,5151,8,10,40,1,0,0,1,0
1270568,1,2021,2021,6,4,8,54,27,646,30,0,1,10,-33.914742,151.03688,15,0,2,1,3,0,0,0,2,2,7,50,1,775,775,4,5,13,2,0,0,0,1
1270574,2,2021,2021,6,6,9,18,31,53,34609,0,1,9,-33.936211,150.837936,41,0,2,1,0,0,0,0,0,0,7,50,0,1850,985,5,16,40,1,0,0,1,0
1270577,2,2021,2021,5,1,7,512,17,21,441,0,1,1,-31.374415,147.012169,51,1,0,1,0,0,0,0,2,0,7,110,2,9859,9859,8,9,40,1,0,0,1,0
1270578,2,2021,2021,1,6,11,3,31,39,34609,0,1,1,-31.063653,152.831602,34,2,1,1,3,0,0,0,0,0,7,50,0,1089,1089,7,5,40,1,0,0,1,0
1270585,1,2021,2021,5,4,4,60,10,121,84,0,1,2,-28.206299,153.544596,72,2,1,1,1,0,0,0,2,0,7,60,1,1282,1282,1,10,5,2,0,0,0,1
1270588,2,2021,2021,5,6,2,195,27,49,186,0,1,9,-33.9173,150.85437,41,0,2,1,0,0,0,0,0,2,7,70,2,489,489,8,16,40,1,0,0,1,0
1270589,1,2021,2021,3,4,6,512,17,28,441,0,1,9,-33.124431,148.90962,11,1,0,1,0,0,0,0,2,0,7,100,2,1109,787,1,5,10,2,0,0,0,1
1270591,1,2021,2021,6,6,11,1,27,11,34609,0,1,1,-34.324772,148.494637,30,2,1,0,0,2,3,4,0,0,7,80,0,4552,5151,8,5,40,1,0,0,0,1
1270592,2,2021,2021,8,6,10,2,31,23,34609,0,1,1,-31.506316,145.826201,51,2,1,1,2,0,0,0,0,0,7,50,0,1220,1220,9,5,28,2,0,0,2,0
1270597,4,2021,2021,6,6,7,169,10,3,34609,0,1,1,-28.901725,153.523531,2,2,1,1,0,0,3,0,2,0,7,80,0,945,945,5,16,40,1,0,1,0,0
1270601,2,2021,2021,8,4,5,1,31,77,34609,0,1,9,-30.326966,149.783096,51,2,1,1,0,0,0,0,2,0,9,50,0,591,591,1,22,5,2,0,0,1,0
1270603,2,2021,2021,5,6,11,118,27,646,118,0,1,9,-33.92382,151.030411,15,0,2,1,2,0,0,0,0,2,7,60,1,1669,1669,3,0,5,2,0,0,1,0
1270605,2,2021,2021,6,3,9,6,27,7,34609,0,1,1,-33.512312,151.344422,16,2,2,0,0,0,0,0,0,0,7,50,0,1957,4009,1,5,25,3,0,0,1,0
1270608,2,2021,2021,6,3,9,44,27,89,38,1,0,1,-33.867268,150.889446,24,0,2,1,2,0,3,4,0,0,7,60,1,9859,9859,8,5,40,1,0,0,1,0
1270609,1,2021,2021,5,3,6,147,27,224,21,0,1,1,-33.826919,151.243948,45,0,2,1,2,0,0,0,2,0,7,50,1,186,186,9,22,28,2,0,0,0,1
1270613,2,2021,2021,6,0,4,38,31,76,34609,1,2,7,-35.356848,150.471819,63,2,1,1,1,0,0,0,2,0,0,40,0,6545,6545,4,0,27,2,0,0,1,0
1270614,4,2021,2021,5,0,2,3,27,41,34609,0,1,1,-32.81842,151.707983,57,2,1,1,0,0,0,0,0,0,7,60,0,5929,5929,1,10,19,2,0,1,0,0
1270618,2,2021,2021,6,3,9,74,23,149,260,0,1,9,-33.991737,151.146177,4,0,2,1,2,0,0,0,3,0,0,60,2,2852,2852,4,10,18,2,0,0,1,0
1270620,4,2021,2021,8,4,7,62,31,204,34609,0,1,0,-33.895009,150.935472,24,0,2,1,0,0,0,0,2,0,7,40,0,2040,2040,9,5,28,2,0,1,0,0
1270622,2,2021,2021,4,6,4,3,1,54,34609,0,1,1,-33.895299,151.223851,69,0,2,1,1,0,0,0,2,0,7,40,0,41,41,8,22,40,1,0,0,1,0
1270623,2,2021,2021,5,4,5,127,27,59,103,0,1,2,-32.886199,151.720194,48,0,2,0,1,0,3,4,2,0,7,60,1,1957,4009,1,30,5,4,0,0,1,0
1270624,2,2021,2021,1,0,3,330,31,18,34609,0,1,1,-32.743516,151.563615,42,2,1,1,1,0,0,0,2,0,7,50,0,312,312,2,10,40,1,0,0,1,0
1270625,2,2021,2021,5,2,4,34,31,5,31,0,1,1,-36.177467,149.343853,65,2,1,0,0,0,0,0,2,0,7,50,1,2585,4009,8,10,40,1,0,0,2,0
1270634,1,2021,2021,6,2,8,16,27,143,19,0,1,10,-33.703316,151.106228,31,0,2,1,2,0,0,0,3,2,7,50,1,5929,5929,1,30,5,2,0,0,0,1
1270636,2,2021,2021,8,4,4,4,31,173,34609,0,1,10,-33.87591,151.222082,69,0,2,1,2,0,0,0,2,2,7,50,0,9859,9859,8,5,40,2,0,0,1,0
1270637,1,2021,2021,6,6,4,149,10,346,702,0,1,10,-33.867828,151.064259,67,0,2,1,1,0,0,0,2,3,7,80,2,1282,1282,1,10,5,2,0,0,0,1
1270639,2,2021,2021,5,2,8,3,31,273,34609,0,1,9,-34.426823,150.881703,80,0,2,1,1,0,0,0,3,0,7,50,0,301,301,4,0,5,2,0,0,1,0
1270645,4,2021,2021,5,6,8,6,18,13,34609,0,1,1,-30.96774,150.865361,70,1,0,1,0,0,0,0,3,0,7,100,0,945,945,5,29,40,1,0,1,0,0
1270647,2,2021,2021,5,3,7,1,27,1,34609,0,1,1,-30.861797,152.297008,34,2,1,0,0,2,3,0,2,0,7,60,0,1850,1463,5,16,40,1,0,0,1,0
1270650,2,2021,2021,5,1,7,1,10,31,34609,0,1,1,-31.112983,150.89734,70,2,1,0,1,0,0,0,2,0,7,50,0,220,220,1,5,5,2,0,0,1,0
1270654,2,2021,2021,1,3,0,4,27,1,34609,0,1,1,-33.506706,150.151017,40,2,1,0,1,2,0,0,0,0,7,50,0,782,957,5,34,40,1,0,0,2,0
1270655,4,2021,2021,5,2,4,9,27,65,34609,0,1,9,-30.389745,152.976338,19,1,0,0,0,2,0,0,2,0,7,100,0,3775,3775,0,10,5,2,0,1,1,0
1270659,2,2021,2021,1,1,6,512,17,11,441,0,1,10,-32.022668,147.973126,51,2,1,1,0,0,0,0,2,0,0,80,2,623,623,3,10,5,2,0,0,1,0
1270661,4,2021,2021,6,4,7,45,31,173,55,1,2,1,-33.875131,151.21242,69,0,2,1,1,0,3,4,2,0,7,40,1,214,214,9,0,28,2,0,1,0,0
1270662,2,2021,2021,5,1,5,4,7,294,34609,0,1,1,-33.930824,150.940106,41,0,2,1,1,0,0,0,2,0,7,50,0,121,121,9,20,28,2,0,0,1,0
1270664,4,2021,2021,6,0,8,5,27,4,34609,0,1,9,-28.777421,153.318788,39,2,1,0,0,0,0,0,2,0,7,80,0,782,957,5,16,40,1,0,1,0,0
1270665,2,2021,2021,1,5,8,6,27,8,34609,0,1,1,-35.816592,147.012973,27,1,0,0,0,0,0,0,2,0,7,100,0,2585,4009,8,0,40,1,0,0,1,0
1270667,2,2021,2021,5,0,2,2126,17,136,2149,0,1,9,-33.858328,151.069225,21,0,2,1,2,0,3,1,1,2,7,60,2,14295,14295,3,8,5,5,0,0,1,1
1270668,4,2021,2021,5,5,4,4,27,15,34609,0,1,9,-34.006449,151.073945,68,0,2,1,0,0,0,0,2,0,0,50,0,3775,3775,0,22,5,2,0,1,0,0
1270672,4,2021,2021,1,5,4,12,27,36,15,0,1,1,-32.601401,151.336461,64,2,1,1,0,0,3,3,2,0,7,60,1,9859,9859,1,10,22,2,0,1,1,0
1270673,4,2021,2021,5,2,8,348,27,363,88,0,1,7,-33.743147,150.692101,55,0,2,0,0,0,0,0,3,0,0,60,2,6545,6545,4,30,5,2,0,1,0,0
1270674,4,2021,2021,5,4,10,9,31,130,34609,0,1,1,-33.871135,151.192301,69,0,2,0,0,0,0,0,0,0,7,50,0,4552,5151,8,16,40,1,0,1,0,0
1270675,2,2021,2021,1,0,3,112,17,207,112,0,1,10,-31.954058,141.468331,51,2,1,1,0,0,0,3,2,0,0,50,2,6545,6545,4,5,36,2,0,0,1,0
1270677,2,2021,2021,8,0,11,14,27,78,34609,0,1,9,-28.33346,153.371643,72,2,1,1,2,0,0,0,0,0,7,60,0,9859,9859,8,5,40,1,0,0,1,0
1270680,1,2021,2021,5,6,9,191,27,193,208,0,1,10,-33.786574,151.085189,61,0,2,1,3,0,3,4,0,2,7,60,2,1669,1669,3,0,13,2,0,0,0,1
1270685,4,2021,2021,5,4,6,478,17,70,480,1,0,9,-33.436988,151.351101,16,2,2,1,1,0,0,0,2,2,7,60,2,14295,14295,3,30,19,3,0,1,0,1
1270687,4,2021,2021,5,0,4,71,27,23,122,0,1,10,-34.580758,150.861226,62,0,2,1,1,0,0,0,2,2,7,80,2,1850,777,5,16,40,1,0,1,0,0
1270688,1,2021,2021,7,0,3,13,27,36,39,0,1,1,-35.451309,149.79397,58,2,1,1,0,0,3,4,2,0,7,60,1,1109,787,1,9,13,2,0,0,0,1
1270689,2,2021,2021,6,6,3,41,31,174,34609,0,1,10,-33.889885,151.202583,69,0,2,1,3,0,0,0,2,0,7,40,0,387,387,1,22,13,2,0,0,1,0
1270691,1,2021,2021,4,1,7,20,31,433,34609,0,1,1,-33.281546,149.100311,52,2,1,1,3,0,0,0,2,0,7,50,0,1981,1981,4,5,41,2,0,0,0,1
1270692,2,2021,2021,5,3,7,5,31,137,34609,0,1,10,-32.962444,151.697411,37,0,2,1,3,0,0,0,2,0,15,50,0,6545,6545,4,5,0,2,0,0,1,0
1270695,1,2021,2021,1,5,4,171,1,80,104,0,1,9,-33.936345,151.208918,4,0,2,1,3,0,0,0,2,2,7,70,2,14295,14295,3,9,12,2,0,0,0,1
1270696,2,2021,2021,5,6,3,161,17,11,161,0,1,1,-36.004616,148.797904,65,1,0,1,0,0,0,1,2,0,7,100,2,1945,1945,5,8,40,1,0,0,1,0
1270698,2,2021,2021,5,1,5,1,27,6,34609,0,1,1,-35.520473,148.059841,66,1,0,1,3,0,3,4,2,0,7,100,0,4026,4026,8,29,40,1,0,0,1,0
1270704,2,2021,2021,1,5,9,3371,17,92,3342,0,1,9,-33.405823,151.350983,16,2,2,0,2,0,0,0,0,2,9,60,2,591,591,1,22,5,2,0,0,1,0
1270706,4,2021,2021,0,1,7,4,31,136,34609,0,1,1,-33.918524,151.070228,15,0,2,1,0,0,0,0,2,0,7,50,0,340,340,9,5,28,2,0,1,0,0
1270707,2,2021,2021,1,0,10,22,27,5,34609,0,1,1,-32.668151,149.881206,44,1,0,1,0,0,0,0,0,0,7,100,0,3775,3775,0,10,5,2,0,0,1,0
1270708,2,2021,2021,6,5,11,92,31,17,34609,0,1,1,-31.871783,152.682741,43,2,1,0,2,0,3,4,0,0,7,50,0,2585,4009,1,10,4,3,0,0,1,0
1270711,2,2021,2021,5,6,9,2,31,168,34609,0,1,1,-33.710156,150.843255,7,0,2,1,2,0,0,0,0,0,7,50,0,4026,4026,1,5,0,2,0,0,1,0
1270712,2,2021,2021,8,1,5,1,27,1,34609,0,1,1,-28.507984,153.045811,51,1,0,0,0,0,0,0,2,0,7,100,0,1259,5151,8,5,40,1,0,0,1,0
1270715,1,2021,2021,1,6,5,17,31,56,21,0,1,1,-33.859469,151.177387,32,0,2,1,1,0,0,0,2,0,7,40,1,387,387,1,9,0,2,0,0,0,1
1270716,2,2021,2021,5,6,9,39,27,169,147,0,1,7,-28.637562,153.592674,10,2,1,1,2,0,0,0,0,0,0,60,1,4026,4026,8,16,40,2,0,0,1,0
1270717,1,2021,2021,3,3,5,6,10,31,34609,0,1,1,-34.585343,150.863839,62,0,2,1,0,0,0,0,2,0,7,40,0,1945,1945,5,22,40,1,0,0,0,1
1270719,2,2021,2021,1,6,7,3371,17,44,3342,0,1,2,-30.597153,152.989806,47,1,0,0,0,0,0,0,2,0,7,110,2,4552,5151,8,5,40,1,0,0,1,0
1270724,2,2021,2021,6,1,3,12,18,10,34609,0,1,1,-36.795819,149.783709,5,1,0,0,1,0,0,0,1,0,7,100,0,380,714,5,0,40,1,0,0,1,0