Crash ID,Degree of crash - detailed,Reporting year,Year of crash,Month of crash,Day of week of crash,Two-hour intervals,Street of crash,Street type,Town,Route no.,School zone location,School zone active,Type of location,Latitude,Longitude,LGA,Urbanisation,Conurbation 1,Alignment,Street lighting,Road surface,Surface condition,Weather,Natural lighting,Signals operation,Other traffic control,Speed limit,Road classification,RUM - code,DCA - code,First impact type,Key TU type,Other TU type,No. of traffic units involved,No. killed,No. seriously injured,No. moderately injured,No. minor-other injured
1270725,2,2021,2021,6,3,0,2,27,10,34609,0,1,1,-29.48915,153.119364,18,2,1,0,2,0,0,1,0,0,7,80,0,2585,4009,8,5,40,1,0,0,1,0
1270726,2,2021,2021,8,5,3,57,36,112,769,0,1,10,-33.611868,150.813812,29,2,2,1,1,0,0,0,2,2,7,60,2,14295,14295,3,10,0,2,0,0,1,0
1270730,2,2021,2021,6,6,9,1,27,18,34609,0,1,1,-29.440092,147.972267,51,2,1,1,0,0,0,0,0,0,7,80,0,380,714,5,0,40,1,0,0,1,0
1270732,4,2021,2021,8,6,10,75,10,63,165,0,1,3,-33.934381,151.210335,4,0,2,0,2,0,0,0,0,0,7,80,2,2585,4009,8,5,40,1,0,1,0,0
1270734,1,2021,2021,8,5,9,14,31,438,563,0,1,2,-33.851641,151.037467,21,0,2,1,2,0,3,4,0,0,7,70,2,1383,1383,1,10,5,3,0,0,0,1
1270736,4,2021,2021,6,1,6,234,27,112,217,0,1,1,-33.661228,151.024378,71,0,2,1,0,0,0,0,2,0,7,70,2,1669,1669,3,9,13,2,0,1,0,0
1270738,2,2021,2021,6,5,4,2,31,18,7,0,1,10,-29.427791,147.978955,51,2,1,1,3,0,0,0,2,0,0,50,1,6545,6545,4,10,41,2,0,0,1,1
1270739,2,2021,2021,8,2,11,6,31,90,34609,0,1,1,-33.710818,150.309625,8,2,2,1,2,0,0,0,0,0,7,50,0,3775,3775,0,30,0,2,0,0,4,0
1270743,2,2021,2021,6,4,8,1052,14,53,928,0,1,3,-33.683769,151.120749,31,0,2,1,1,0,3,4,3,0,7,110,2,1192,1192,1,8,5,2,0,0,1,0
1270745,4,2021,2021,8,1,4,178,27,189,101,0,1,10,-33.950901,151.052429,25,0,2,1,1,0,0,0,2,0,9,50,1,2040,2040,9,0,28,2,0,1,1,0
1270747,2,2021,2021,8,2,10,1,27,1,34609,0,1,9,-32.786796,152.091521,57,2,1,0,2,0,3,4,0,0,0,50,0,2585,4009,8,0,40,1,0,0,1,0
1270748,4,2021,2021,8,5,5,224,27,49,321,0,1,9,-33.958611,151.208039,4,0,2,1,1,0,0,0,2,0,8,50,2,9859,9859,1,5,0,4,0,1,0,0
1270749,2,2021,2021,8,6,5,79,10,128,231,0,1,2,-33.427643,151.317187,16,2,2,1,0,0,0,0,2,0,7,60,2,1282,1282,1,34,5,2,0,0,1,0
1270750,4,2021,2021,6,5,7,1,31,145,34609,0,1,1,-33.920055,151.067917,15,0,2,1,1,0,0,6,2,0,7,50,0,220,220,1,0,5,2,0,1,0,0
1270752,2,2021,2021,8,5,1,57,27,337,47,0,1,2,-33.723451,150.985022,71,0,2,0,0,0,0,1,0,0,7,60,2,1259,5151,8,16,40,1,0,0,1,0
1270753,1,2021,2021,8,5,8,7,27,36,34609,0,1,1,-34.471335,149.468226,74,2,1,0,2,0,0,0,0,0,7,50,0,4552,5151,8,34,40,1,0,0,0,1
1270754,2,2021,2021,6,2,0,3371,17,42,3342,0,1,2,-33.824737,151.197932,38,0,2,1,2,0,0,0,0,0,7,60,2,1192,1192,1,0,5,4,0,0,3,0
1270755,2,2021,2021,6,6,8,1,27,133,34609,0,1,10,-34.506103,150.785206,80,0,2,1,1,0,0,3,3,0,15,50,0,6545,6545,4,5,19,2,0,0,2,0
1270756,4,2021,2021,8,2,9,9,31,157,34609,0,1,1,-33.807513,151.009863,54,0,2,1,2,0,0,0,0,0,7,50,0,9859,9859,1,5,36,5,0,1,2,1
1270758,4,2021,2021,8,1,7,7,31,78,34609,0,1,7,-33.85351,151.009484,21,0,2,1,1,0,0,0,2,0,0,50,0,6545,6545,4,22,5,2,0,1,0,0
1270759,4,2021,2021,6,2,5,3371,17,89,3342,0,1,2,-28.223529,153.554151,72,1,0,1,0,0,0,0,2,0,7,100,2,9859,9859,8,9,40,1,0,1,0,0
1270760,4,2021,2021,6,2,6,9,27,370,68,0,1,7,-34.080083,150.803585,13,0,2,1,0,0,0,0,2,0,0,60,1,623,623,3,10,0,2,0,1,0,0
1270763,2,2021,2021,8,4,5,4,31,41,34609,0,1,1,-35.128975,147.362057,75,2,1,1,1,0,0,0,2,0,7,50,0,941,941,1,30,5,2,0,0,1,0
1270764,2,2021,2021,6,6,6,6,27,41,41,0,1,1,-35.069443,148.086221,20,2,1,0,0,0,3,4,2,0,7,80,1,1957,4009,8,10,40,1,0,0,2,0
1270767,2,2021,2021,8,4,5,65,10,132,148,0,1,1,-34.120499,151.071429,68,0,2,0,0,0,0,0,2,0,7,60,2,2585,4009,8,16,40,2,0,0,1,0
1270768,4,2021,2021,6,0,8,6,10,323,34609,0,1,1,-33.80393,150.841538,7,0,2,1,2,0,0,0,3,0,7,50,0,941,941,1,30,0,3,0,1,1,0
1270769,2,2021,2021,5,1,2,2209,17,76,2205,0,1,9,-35.35825,150.47412,63,2,1,1,2,0,0,0,0,2,7,60,2,14295,14295,3,10,13,3,0,0,1,0
1270770,4,2021,2021,6,4,6,27,27,5,34609,0,1,1,-31.619046,151.94464,43,2,1,0,0,2,0,0,2,0,7,80,0,1850,1463,5,0,40,1,0,1,0,0
1270771,4,2021,2021,6,2,7,20,27,132,148,0,1,1,-34.068816,151.056997,68,0,2,0,0,0,3,4,2,0,7,60,2,3775,3775,0,5,5,2,0,1,0,0
1270773,2,2021,2021,8,4,3,89,31,66,34609,0,1,9,-32.930261,151.654826,37,0,2,1,1,0,0,0,2,0,0,50,0,237,162,8,5,40,1,0,0,1,0
1270774,4,2021,2021,6,2,7,103,36,4,157,0,1,1,-28.589504,152.984388,51,1,0,1,0,0,0,0,2,0,7,100,2,9859,9859,8,5,40,1,0,2,0,0
1270775,2,2021,2021,5,1,10,149,36,13,113,0,1,1,-32.396725,152.311428,43,2,1,0,0,0,3,4,0,0,7,80,1,782,957,5,5,40,1,0,0,1,0
1270776,4,2021,2021,8,3,7,82,27,9,34,0,1,1,-28.519689,153.170842,72,2,1,0,0,0,0,0,2,0,7,80,1,1850,1463,5,16,40,1,0,1,1,0
1270777,2,2021,2021,8,6,7,43,27,17,46,0,1,1,-28.279007,153.562124,72,2,1,1,0,0,3,4,2,0,7,80,1,3775,3775,0,0,12,2,0,0,2,0
1270780,4,2021,2021,8,2,9,39,31,438,34609,0,1,9,-33.851257,151.02652,21,0,2,1,2,0,0,0,0,0,0,50,0,1220,1220,9,0,28,2,0,1,0,0
1270781,1,2021,2021,5,0,7,108,31,144,34609,0,1,1,-34.06708,151.014761,68,0,2,1,3,0,0,0,2,0,7,50,0,186,186,9,5,28,2,0,0,0,1
1270783,1,2021,2021,5,5,4,10,31,228,39,0,1,1,-34.748461,149.724539,26,2,1,1,1,0,0,0,2,0,7,60,2,238,238,9,5,28,2,0,0,0,1
1270786,2,2021,2021,5,0,3,916,17,37,917,0,1,10,-32.675754,151.387367,17,2,1,1,2,0,3,1,1,0,15,60,2,6545,6545,4,5,5,2,0,0,1,0
1270788,1,2021,2021,5,4,7,23,27,61,91,0,1,1,-35.154475,149.250738,82,1,0,1,0,0,0,0,2,0,7,100,1,4026,4026,8,5,40,1,0,0,0,1
1270789,4,2021,2021,5,0,10,222,31,123,15,0,1,11,-33.878899,151.225559,69,0,2,1,2,0,3,4,0,0,7,40,1,1945,1945,5,15,40,1,0,1,0,1
1270791,1,2021,2021,5,1,8,2126,17,104,2149,0,1,9,-33.832776,151.016917,54,0,2,1,1,0,0,0,2,2,7,60,2,775,775,4,5,5,2,0,0,0,1
1270792,2,2021,2021,1,6,8,7,31,131,34609,0,1,10,-36.080055,146.910539,0,2,1,1,2,0,3,0,3,2,7,50,0,5929,5929,1,0,5,2,0,0,1,0
1270797,1,2021,2021,3,5,3,154,27,145,244,0,1,1,-33.920886,151.061316,15,0,2,1,2,0,0,0,2,0,7,60,2,14295,14295,3,8,12,3,0,0,0,1
1270798,4,2021,2021,5,1,5,1,27,68,34609,0,1,1,-34.079487,151.005892,68,0,2,0,0,0,0,0,2,0,7,50,0,4552,5151,8,0,40,1,0,1,0,0
1270802,1,2021,2021,5,4,9,475,10,523,268,1,0,2,-33.917308,150.912078,41,0,2,1,2,0,3,4,0,0,7,70,2,1850,777,5,16,40,1,0,0,0,1
1270803,1,2021,2021,6,2,10,9,10,45,25,0,1,9,-33.815598,150.797029,55,0,2,1,2,0,0,0,0,2,7,80,2,1945,1945,5,16,40,1,0,0,0,1
1270812,2,2021,2021,5,3,8,916,17,172,917,0,1,10,-32.759901,151.593615,42,2,1,1,2,0,0,0,0,2,7,60,2,926,926,4,5,5,2,0,0,2,0
1270816,2,2021,2021,6,2,6,4,27,5,34609,0,1,1,-32.869248,151.0826,17,2,1,1,0,0,0,0,2,0,7,80,0,1945,1945,5,16,40,1,0,0,1,0
1270820,4,2021,2021,1,2,8,149,36,40,113,0,1,1,-32.056245,152.481392,43,2,1,0,0,0,0,0,2,0,7,80,1,3775,3775,0,5,12,2,0,1,0,0
1270821,4,2021,2021,1,2,6,2,27,18,34609,0,1,1,-33.826643,151.106618,61,0,2,1,0,0,0,0,2,0,7,50,0,9859,9859,1,30,5,2,0,2,0,0
1270822,2,2021,2021,8,6,8,296,27,187,293,0,1,10,-33.883663,150.97641,24,0,2,1,2,0,0,0,3,2,9,60,2,1282,1282,1,33,27,2,0,0,1,0
1270823,2,2021,2021,5,4,6,2261,17,32,2252,0,1,3,-34.254791,150.656205,79,1,2,1,1,0,0,0,2,0,7,110,2,1192,1192,1,9,10,2,0,0,1,0
1270825,1,2021,2021,5,4,7,12,1,92,34609,0,1,7,-33.977795,150.812363,13,0,2,1,3,0,0,0,2,0,0,50,0,1391,1391,1,5,5,2,0,0,0,1
1270826,2,2021,2021,1,6,4,43,27,90,46,0,1,1,-28.256596,153.559758,72,2,1,1,3,0,0,0,2,0,7,80,1,14295,14295,3,5,36,2,0,0,2,0
1270829,1,2021,2021,1,6,7,6,31,53,34609,0,1,9,-30.641016,153.001166,47,2,1,0,3,0,0,0,2,0,7,40,0,14295,14295,3,30,5,2,0,0,0,1
1270831,1,2021,2021,4,3,6,866,17,187,793,0,1,10,-33.795553,150.989666,54,0,2,1,3,0,0,0,2,2,7,70,2,14295,14295,3,5,5,2,0,0,0,1
1270833,2,2021,2021,6,4,2,500,27,136,799,0,1,10,-33.925397,151.086895,15,0,2,1,2,0,0,0,1,2,9,60,2,1220,1220,9,0,28,2,0,0,1,0
1270834,2,2021,2021,6,3,11,10,27,460,34609,0,1,7,-33.84079,150.981018,21,0,2,1,2,0,3,0,0,0,7,50,0,9859,9859,8,5,40,1,0,0,1,0
1270837,2,2021,2021,5,5,7,55,27,74,9,1,0,1,-33.731525,151.043509,31,0,2,1,1,0,0,0,2,0,7,60,1,1669,1669,3,5,0,2,0,0,1,1
1270838,2,2021,2021,1,4,5,133,10,21,121,0,1,1,-31.63827,152.748495,56,2,1,0,1,0,0,0,2,0,7,70,1,380,714,5,5,40,1,0,0,1,0
1270839,2,2021,2021,5,2,5,10,31,155,34609,0,1,1,-33.135961,148.174465,53,2,1,1,1,0,3,4,2,0,7,40,0,2040,2040,9,0,28,2,0,0,1,0
1270840,2,2021,2021,6,6,7,194,31,35,34609,0,1,9,-30.454838,152.895981,6,2,1,1,1,0,0,0,2,0,7,50,0,1109,787,1,5,19,2,0,0,1,0
1270841,2,2021,2021,1,1,4,1,27,4,34609,0,1,9,-34.789843,149.735363,26,1,0,1,0,0,0,1,2,0,0,100,0,5929,5929,1,10,5,2,0,0,1,0
1270844,4,2021,2021,8,5,6,56,27,323,38,0,1,9,-33.75559,150.963027,71,0,2,1,1,0,0,0,2,2,7,60,1,2852,2852,4,9,5,2,0,2,0,1
1270846,2,2021,2021,6,1,10,2,27,23,34609,0,1,1,-35.223496,147.053741,51,1,0,1,0,0,0,0,0,0,7,100,0,9859,9859,8,10,40,1,0,0,1,0
1270849,2,2021,2021,1,0,5,283,27,197,702,1,0,10,-33.94989,151.081121,25,0,2,1,0,0,0,0,2,2,7,60,2,14295,14295,3,29,5,2,0,0,1,0
1270854,1,2021,2021,1,1,7,78,31,49,34609,0,1,1,-32.991939,151.682232,37,0,2,1,1,0,0,0,2,0,7,60,0,14295,14295,3,0,5,3,0,0,0,1
1270856,4,2021,2021,1,3,7,61,27,19,70,0,1,1,-33.658083,150.934665,71,0,2,0,0,1,2,6,2,0,7,70,1,3775,3775,0,16,41,2,0,1,1,0
1270857,2,2021,2021,1,5,7,26,17,113,13,0,1,1,-29.433433,149.848667,51,1,0,1,1,0,0,0,2,0,7,100,2,9859,9859,8,30,40,1,0,0,1,0
1270859,2,2021,2021,6,5,4,36,27,30,36,0,1,7,-34.02904,150.81815,13,0,2,0,0,0,3,3,2,0,0,40,1,1669,1669,3,0,0,2,0,0,1,0
1270863,4,2021,2021,6,4,6,9,31,36,38,0,1,9,-33.551719,148.669854,11,2,1,0,1,0,3,4,2,0,7,50,2,3775,3775,0,8,0,3,0,1,0,0
1270865,1,2021,2021,6,0,3,515,14,166,518,0,1,3,-33.9465,150.971878,15,0,2,1,1,0,0,0,2,0,7,100,2,14295,14295,3,5,5,2,0,0,0,1
1270866,2,2021,2021,5,1,6,2261,17,36,2252,0,1,2,-36.100342,146.909808,0,1,0,0,3,0,3,3,2,0,7,110,2,14295,14295,3,9,36,2,0,0,2,0
1270868,2,2021,2021,6,1,10,478,17,20,480,0,1,1,-33.297364,151.539642,16,2,2,1,3,0,0,0,0,0,14,80,2,14295,14295,3,9,25,4,0,0,1,0
1270869,4,2021,2021,5,4,6,3,27,12,34609,0,1,1,-36.815307,149.687698,5,2,1,0,0,0,0,0,2,0,7,80,0,4552,5151,8,10,40,1,0,1,0,0
1270874,2,2021,2021,6,3,9,85,10,38,702,0,1,2,-33.838585,151.083356,14,0,2,0,2,0,3,4,0,0,7,70,2,204,204,1,0,5,2,0,0,2,0
1270875,4,2021,2021,1,1,6,12,27,151,34609,0,1,1,-34.018656,150.866205,13,0,2,1,0,0,0,0,2,0,7,60,0,1945,1945,5,16,40,1,0,1,0,0
1270876,1,2021,2021,5,2,6,294,17,5,288,0,1,1,-34.226843,142.248316,51,1,0,1,0,0,0,0,2,0,7,100,2,1192,1192,1,16,5,2,0,0,0,1
1270879,2,2021,2021,1,4,8,29,1,126,34609,0,1,10,-33.937973,150.804672,41,0,2,1,3,0,0,0,3,0,7,60,0,6545,6545,4,0,5,2,0,0,1,0
1270881,2,2021,2021,5,6,3,20,31,149,260,0,1,10,-33.991186,151.137154,4,0,2,1,3,0,0,0,2,1,7,60,2,6545,6545,4,10,5,2,0,0,1,0
1270882,2,2021,2021,5,1,3,162,31,387,13,0,1,1,-33.930316,151.199336,4,0,2,1,2,0,0,0,1,0,7,50,1,1981,1981,4,0,27,2,0,0,1,0
1270885,2,2021,2021,1,0,2,1,27,1,34609,0,1,1,-28.631074,152.875268,51,1,0,1,3,2,0,1,1,0,7,100,0,9859,9859,8,0,40,1,0,0,1,0
1270887,1,2021,2021,1,1,7,104,27,443,702,0,1,9,-33.900598,151.065146,67,0,2,1,3,0,0,0,2,2,7,70,2,5929,5929,1,5,12,2,0,0,0,1
1270891,1,2021,2021,5,1,3,20,23,252,16,0,1,7,-33.93462,150.886551,41,0,2,1,3,0,0,0,2,0,7,60,0,6545,6545,4,5,10,2,0,0,0,1
1270893,2,2021,2021,5,0,7,71,27,31,122,0,1,7,-34.587906,150.853615,62,0,2,1,0,0,0,0,2,0,0,80,2,1259,985,8,5,40,1,0,0,1,0
1270895,2,2021,2021,5,2,11,84,27,60,32,0,1,1,-33.833029,151.143095,51,0,2,1,2,0,0,0,0,0,7,50,1,4026,4026,8,5,40,1,0,0,1,0
1270896,4,2021,2021,1,0,3,53,36,18,95,0,1,1,-33.26723,149.024877,11,1,0,1,0,0,0,0,2,0,7,100,2,4026,4026,8,10,40,1,0,1,0,0
1270901,4,2021,2021,0,1,8,220,14,56,220,0,1,3,-34.44746,150.860421,80,0,2,1,0,0,0,3,3,0,7,100,2,4026,4026,8,5,40,1,0,1,0,0
1270903,4,2021,2021,5,2,8,45,27,47,44,0,1,10,-33.820102,151.150479,38,0,2,0,2,0,3,4,0,2,7,60,2,4552,5151,8,5,40,1,0,1,1,0
1270904,2,2021,2021,1,4,3,13,27,5,34609,0,1,1,-36.16034,149.298688,65,1,0,0,0,2,0,0,2,0,7,100,0,1089,1089,7,16,40,1,0,0,1,0
1270905,2,2021,2021,8,5,8,23,27,136,101,0,1,9,-32.926874,151.717459,48,0,2,0,1,0,0,0,3,0,7,60,2,14295,14295,3,5,5,3,0,0,1,0
1270906,4,2021,2021,1,3,7,59,27,10,69,0,1,1,-34.103752,149.806074,51,1,0,0,0,0,3,4,2,0,7,100,1,1957,4009,8,5,40,1,0,1,0,0
1270907,2,2021,2021,1,5,8,36,27,106,35,0,1,10,-33.891841,151.174946,32,0,2,1,0,0,0,0,2,0,9,50,1,1220,1220,9,5,28,2,0,0,1,0
1270913,2,2021,2021,8,1,6,225,17,32,180,0,1,1,-34.567686,150.623236,78,2,1,0,0,0,0,0,2,0,7,60,2,1259,5151,8,16,40,1,0,0,1,0
1270916,1,2021,2021,8,2,6,90,31,252,165,0,1,10,-33.889969,151.217166,69,0,2,1,0,0,0,0,2,0,9,60,2,591,591,1,22,12,2,0,0,0,1
1270917,4,2021,2021,8,5,8,1,36,87,34609,0,1,9,-33.686703,150.94914,71,0,2,1,2,0,0,0,0,0,0,50,0,256,256,4,5,5,2,0,1,0,1
1270918,2,2021,2021,8,3,0,34,10,8,34609,0,1,9,-35.764874,150.206688,23,2,1,0,2,0,0,0,0,0,0,80,0,489,489,8,0,40,1,0,0,1,0
1270919,4,2021,2021,6,6,10,85,31,179,34609,1,0,1,-31.899126,152.483218,43,2,1,1,2,0,0,0,0,0,7,50,0,1945,1945,5,16,40,1,0,1,0,0
1270920,4,2021,2021,5,4,4,42,1,57,34609,0,1,7,-34.565875,150.819499,62,0,2,1,3,0,0,0,2,0,0,60,0,775,775,4,10,0,2,0,1,0,0
1270928,2,2021,2021,5,2,3,1,25,370,34609,0,1,1,-34.048695,150.825806,13,0,2,0,1,0,0,0,2,0,7,50,0,3775,3775,0,5,12,2,0,0,1,0
1270929,4,2021,2021,1,3,5,55,13,112,34609,0,1,1,-33.445547,151.443708,16,2,2,0,1,0,0,0,2,0,4,40,0,5929,5929,1,10,27,2,0,1,0,0
1270937,4,2021,2021,6,4,4,22,31,59,47,0,1,9,-32.891842,151.724251,48,0,2,1,1,0,3,4,2,0,7,60,2,2852,2852,4,5,5,2,0,1,0,0
1270940,2,2021,2021,5,6,8,829,31,179,70,0,1,10,-31.909174,152.467872,43,2,1,1,1,0,0,0,2,0,0,60,1,6545,6545,4,0,0,2,0,0,3,0
1270946,2,2021,2021,1,6,0,56,1,127,34609,1,0,1,-33.901133,151.155826,32,0,2,1,2,0,0,0,0,0,7,50,0,489,489,8,5,40,1,0,0,1,0
1270949,1,2021,2021,1,3,0,3,27,9,34609,0,1,1,-32.37962,151.965727,43,1,0,0,0,0,0,0,0,0,7,90,0,1957,4009,8,10,40,1,0,0,0,1
1270952,2,2021,2021,8,6,4,15,27,134,34609,0,1,7,-33.962749,150.806213,12,0,2,1,1,0,0,0,2,0,0,70,0,6545,6545,4,0,19,2,0,0,1,0
1270956,1,2020,2020,1,4,8,89,31,27,17,0,1,1,-33.713998,150.323518,8,2,2,0,1,0,0,0,2,0,7,50,1,2585,4009,8,30,40,1,0,0,0,1
1270959,1,2021,2021,1,6,11,34,31,28,25,0,1,1,-35.362821,149.233818,58,2,1,1,2,0,0,0,0,0,7,60,1,4026,4026,8,16,40,1,0,0,0,1
1270960,2,2021,2021,8,4,11,2126,17,19,2149,0,1,2,-33.427623,150.104415,40,1,0,1,0,0,0,0,0,0,7,100,2,4026,4026,8,5,40,1,0,0,1,0
1270966,4,2021,2021,8,1,3,1052,14,149,928,0,1,3,-33.359655,151.338285,16,1,2,0,0,0,0,1,1,0,7,110,2,1391,1391,1,9,0,2,0,1,1,1
1270967,2,2021,2021,0,6,9,1,31,61,34609,0,1,4,-29.775095,151.741257,51,2,1,0,0,2,0,0,0,0,7,60,0,4552,5151,8,0,40,1,0,0,3,0
1270989,2,2021,2021,8,4,7,60,27,253,331,0,1,10,-33.962186,151.104998,25,0,2,1,0,0,0,0,2,0,7,60,2,368,368,9,21,28,2,0,0,1,1
1270990,4,2021,2021,6,2,8,2261,17,201,2252,0,1,3,-33.987481,150.855128,13,0,2,1,0,0,0,0,2,0,7,110,2,9859,9859,8,5,40,2,0,1,1,0
1270991,2,2021,2021,6,1,4,916,17,70,917,0,1,7,-32.739068,151.551549,42,2,1,0,1,0,0,0,2,0,0,60,2,5929,5929,1,5,5,2,0,0,1,0
1270993,4,2021,2021,6,5,3,1,27,98,34609,0,1,9,-30.996327,150.205436,51,2,1,1,0,0,0,0,2,0,0,80,0,6545,6545,4,5,13,2,0,1,1,0
1270994,2,2021,2021,1,6,6,3,10,16,34609,0,1,1,-32.866,151.617926,48,0,2,1,3,0,0,0,2,0,7,80,0,1945,1945,5,16,40,1,0,0,1,0
1270997,1,2020,2020,4,0,7,308,14,62,311,0,1,3,-33.730056,150.857226,7,0,2,1,1,0,3,0,2,0,7,100,2,9859,9859,8,16,40,1,0,0,0,1
1270999,2,2021,2021,8,5,8,137,14,24,70,0,1,3,-32.883753,151.59032,37,0,2,1,0,0,0,0,3,0,7,110,2,14295,14295,3,5,5,4,0,0,3,0
1271002,2,2021,2021,8,2,7,485,27,187,769,0,1,9,-33.777731,150.999506,54,0,2,1,1,0,0,0,2,0,7,60,2,9859,9859,8,5,40,1,0,0,1,0
1271007,2,2021,2021,5,2,10,10,31,18,34609,0,1,10,-32.955636,151.661893,37,0,2,1,2,0,3,4,0,0,0,50,0,6545,6545,4,5,5,2,0,0,1,0
1271009,4,2021,2021,8,1,4,63,31,173,34609,0,1,1,-33.875177,151.21612,69,0,2,1,1,0,0,0,2,0,7,40,0,387,387,1,16,5,2,0,1,0,1
1271010,2,2021,2021,5,3,2,137,14,27,70,0,1,3,-32.655961,151.329578,64,1,0,1,2,0,0,0,0,0,7,110,2,4026,4026,8,10,40,1,0,0,1,0
1271011,2,2021,2021,6,4,4,361,23,176,165,0,1,1,-33.967452,151.128942,25,0,2,1,1,0,0,0,2,0,7,50,1,14295,14295,3,5,5,4,0,0,2,0
1271012,4,2021,2021,5,3,7,3,27,14,34609,0,1,1,-34.520836,146.195311,51,1,0,1,0,0,0,0,2,0,7,100,0,1945,1945,5,16,40,1,0,1,0,0
1271013,2,2021,2021,5,1,10,2126,17,283,2149,0,1,10,-33.830735,151.012242,54,0,2,1,2,0,0,0,0,2,7,60,2,1220,1220,9,5,28,2,0,0,1,0
1271014,1,2021,2021,6,0,7,330,27,65,605,1,0,2,-33.70092,151.299351,50,0,2,1,2,0,0,0,2,0,7,70,2,1282,1282,1,10,19,2,0,0,0,1
1271017,1,2021,2021,6,2,9,143,31,173,181,0,1,10,-33.879316,151.215201,69,0,2,1,2,0,0,0,3,3,7,40,2,14295,14295,3,5,27,2,0,0,0,1
1271023,2,2021,2021,5,4,5,77,27,29,34609,0,1,7,-34.414403,150.870439,80,0,2,1,1,0,0,0,2,0,0,50,0,6545,6545,4,5,27,2,0,0,1,0
1271025,2,2021,2021,5,1,5,59,31,73,46,0,1,9,-34.179574,150.613777,79,2,2,1,1,0,0,0,2,0,7,60,2,1669,1669,3,10,0,2,0,0,3,0
1271026,2,2021,2021,6,4,9,42,31,77,34609,0,1,10,-32.942039,151.74393,48,0,2,1,0,0,0,3,3,0,15,50,0,6545,6545,4,0,12,2,0,0,1,1
1271027,4,2021,2021,6,6,4,115,27,138,114,0,1,9,-33.871002,151.275418,76,0,2,1,1,0,0,0,2,0,0,50,2,5929,5929,1,0,27,2,0,1,0,0
1271028,2,2021,2021,8,0,3,25,1,243,34609,0,1,7,-33.939903,150.907211,41,0,2,1,3,0,0,0,2,0,0,50,0,1850,985,5,16,40,1,0,0,1,0
1271030,2,2021,2021,8,0,4,2,27,5,34609,0,1,1,-30.782031,144.733301,51,1,0,0,0,2,0,0,2,0,7,100,0,1850,1463,5,16,40,1,0,0,1,0
1271031,2,2021,2021,8,6,3,3,10,24,3,0,1,1,-36.87644,149.873997,5,1,0,0,0,0,0,1,1,0,7,100,1,3775,3775,0,10,5,2,0,0,1,1
1271033,2,2021,2021,8,4,10,2,7,179,34609,0,1,1,-31.879967,152.42749,43,2,1,0,2,0,0,0,0,0,7,50,0,1259,5151,1,0,10,2,0,0,1,0
1271037,4,2021,2021,8,5,7,177,31,314,208,0,1,7,-33.860453,150.9279,24,0,2,1,1,0,0,0,2,0,0,60,1,6545,6545,4,5,19,2,0,1,0,0
1271038,2,2021,2021,8,5,4,34,27,225,69,0,1,9,-33.795892,151.177404,77,0,2,1,1,0,0,0,2,0,7,50,2,5929,5929,1,5,5,3,0,0,1,0
1271042,1,2021,2021,8,0,4,73,24,65,88,0,1,9,-33.710928,151.29249,50,0,2,0,0,0,0,0,2,0,7,70,2,591,591,1,22,5,2,0,0,0,1
1271043,2,2021,2021,6,6,0,118,27,646,118,1,0,1,-33.909802,151.035489,15,0,2,1,2,0,0,0,0,0,7,60,1,9859,9859,1,5,0,2,0,0,1,0
1271044,1,2021,2021,8,2,7,43,27,121,34609,1,0,1,-33.799578,151.287038,50,0,2,1,1,0,0,3,2,0,7,30,0,144,144,1,5,36,2,0,0,0,1
1271048,2,2021,2021,5,5,3,48,27,13,42,0,1,1,-35.058891,150.426272,63,1,0,0,0,0,1,0,1,0,7,100,1,1259,5151,8,5,40,1,0,0,1,0
1271050,1,2021,2021,1,1,8,475,31,19,34609,0,1,10,-32.907724,151.752674,48,0,2,1,1,0,0,0,2,0,15,40,0,6545,6545,4,22,0,2,0,0,0,1
1271053,4,2021,2021,5,5,2,9,36,39,34609,0,1,9,-32.738791,152.091024,57,2,1,1,1,0,0,0,1,0,7,50,0,1981,1981,4,8,0,2,0,1,0,0
1271054,1,2021,2021,6,4,11,4,27,532,34609,0,1,0,-33.871643,151.202624,69,0,2,1,2,0,0,0,0,0,7,20,0,312,312,2,5,40,1,0,0,0,1
1271058,2,2021,2021,1,6,8,15,27,24,228,1,0,9,-33.559973,150.907365,29,2,2,1,3,0,0,0,2,0,0,80,2,6545,6545,4,5,12,2,0,0,1,0
1271059,2,2021,2021,6,6,7,57,27,337,47,0,1,2,-33.725977,150.973562,71,0,2,1,0,0,0,0,2,0,7,60,2,14295,14295,3,5,0,4,0,0,1,0
1271060,1,2021,2021,1,5,8,37,31,523,198,0,1,9,-33.925675,150.925155,41,0,2,1,3,0,0,0,0,2,7,60,2,14295,14295,3,5,19,2,0,0,0,1
1271064,2,2021,2021,1,4,0,3371,17,21,3342,0,1,2,-31.973107,152.463367,43,1,0,0,3,0,0,0,0,0,7,110,2,782,957,5,10,40,1,0,0,1,0
1271065,2,2021,2021,8,2,8,2209,17,133,2205,0,1,7,-34.483252,150.802318,80,0,2,1,1,0,0,0,2,0,0,80,1,6545,6545,4,5,13,2,0,0,1,0
1271066,4,2021,2021,1,5,9,162,31,532,24,0,1,10,-33.86874,151.205277,69,0,2,1,2,0,0,0,3,2,9,40,1,1220,1220,9,30,28,2,0,1,0,0
1271067,1,2021,2021,1,6,6,13,27,460,34609,0,1,1,-33.826467,150.982366,21,0,2,1,3,0,0,0,2,0,7,50,0,1391,1391,1,5,5,2,0,0,0,1
1271068,2,2021,2021,5,3,2,10,27,463,34609,0,1,1,-30.28593,153.13438,19,2,1,1,3,0,0,0,1,0,7,50,0,9859,9859,1,5,0,2,0,0,1,0