Crash ID,Degree of crash - detailed,Reporting year,Year of crash,Month of crash,Day of week of crash,Two-hour intervals,Street of crash,Street type,Town,Route no.,School zone location,School zone active,Type of location,Latitude,Longitude,LGA,Urbanisation,Conurbation 1,Alignment,Street lighting,Road surface,Surface condition,Weather,Natural lighting,Signals operation,Other traffic control,Speed limit,Road classification,RUM - code,DCA - code,First impact type,Key TU type,Other TU type,No. of traffic units involved,No. killed,No. seriously injured,No. moderately injured,No. minor-other injured
1271070,4,2021,2021,1,6,5,2209,17,133,2205,0,1,10,-34.492751,150.795234,80,0,2,1,1,0,0,0,2,2,7,50,1,6545,6545,4,34,18,2,0,1,0,0
1271071,4,2021,2021,6,3,4,2,31,224,34609,0,1,9,-33.837178,151.236236,45,0,2,1,1,0,0,0,2,0,7,50,0,5929,5929,1,5,27,2,0,1,1,0
1271073,2,2021,2021,5,6,9,4,27,15,34609,0,1,9,-34.077245,150.833849,13,0,2,0,1,0,0,0,0,0,7,50,0,1850,1463,5,16,40,2,0,0,1,0
1271076,4,2021,2021,1,1,6,56,31,119,34609,0,1,10,-32.765051,151.743035,57,2,1,1,1,0,0,0,2,2,7,50,0,14295,14295,3,8,10,2,0,1,1,0
1271081,1,2021,2021,1,1,9,283,27,145,702,0,1,2,-33.917821,151.065505,15,0,2,1,3,0,0,0,0,0,7,60,2,14295,14295,3,5,0,2,0,0,0,1
1271092,4,2021,2021,0,0,9,27,1,103,34609,0,1,7,-28.823923,153.322079,39,2,1,1,3,0,0,0,0,0,0,50,0,14295,14295,3,5,5,2,0,1,0,0
1271093,1,2021,2021,1,1,8,293,31,562,34609,0,1,9,-32.254918,148.600488,22,2,1,1,3,0,0,0,2,0,7,60,0,1669,1669,3,10,36,3,0,0,0,1
1271095,2,2021,2021,1,4,7,829,31,107,34609,0,1,1,-29.692976,152.933791,18,2,1,1,1,0,0,0,2,0,7,40,0,4026,4026,8,0,40,1,0,0,1,0
1271096,4,2021,2021,1,3,4,92,27,129,244,1,0,9,-33.895301,151.108576,9,0,2,1,2,0,0,0,2,2,9,60,2,2040,2040,9,9,28,2,0,1,0,0
1271097,2,2021,2021,8,2,7,77,10,73,331,0,1,1,-34.163261,150.619796,79,2,2,1,3,0,0,0,2,0,7,80,1,1945,1945,5,16,40,1,0,0,1,0
1271101,1,2021,2021,5,0,6,28,31,28,34609,0,1,10,-32.952916,151.625172,37,0,2,1,3,0,0,0,2,0,0,50,0,6545,6545,4,0,13,2,0,0,0,2
1271102,1,2021,2021,1,5,4,13,27,132,17,0,1,9,-29.716468,151.078498,33,1,0,1,3,0,0,0,2,0,7,100,1,1089,1089,7,10,40,1,0,0,0,1
1271104,1,2021,2021,6,2,8,230,27,197,284,0,1,2,-33.796199,151.136988,61,0,2,1,3,0,0,0,0,0,7,70,2,1282,1282,1,5,40,2,0,0,0,1
1271105,1,2021,2021,8,0,8,500,27,83,799,0,1,1,-33.910276,151.121984,15,0,2,1,3,0,0,0,3,0,7,60,2,1282,1282,1,10,0,2,0,0,0,1
1271109,1,2021,2021,1,4,6,308,14,323,311,0,1,3,-33.793474,150.855185,7,0,2,1,1,0,0,0,2,0,7,110,2,14295,14295,3,3,0,2,0,0,0,1
1271114,2,2021,2021,6,0,7,2261,17,284,2252,1,2,9,-33.90764,151.025985,15,0,2,1,1,0,0,0,2,2,7,40,2,4552,985,8,0,40,1,0,0,1,0
1271118,1,2021,2021,1,5,7,478,17,78,480,0,1,2,-33.424215,151.427531,16,2,2,0,1,0,0,0,2,0,7,60,2,14295,14295,3,0,5,4,0,0,0,1
1271120,4,2021,2021,1,3,6,10,7,12,34609,0,1,1,-31.055667,150.895894,70,2,1,1,0,0,0,0,2,0,7,50,0,2040,2040,9,5,28,2,0,1,0,0
1271123,2,2021,2021,5,1,4,1,31,10,26,1,2,10,-29.320318,151.094087,33,2,1,1,1,0,0,0,2,0,0,40,1,6545,6545,4,5,12,2,0,0,1,0
1271124,2,2021,2021,6,3,7,15,27,3,34609,0,1,1,-29.905643,150.922079,51,1,0,0,0,0,0,0,2,0,7,100,0,1089,1089,7,16,40,1,0,0,1,0
1271126,1,2021,2021,6,2,6,24,27,9,24,0,1,9,-28.296393,153.270714,72,2,1,1,0,0,0,0,2,0,0,80,1,1945,1945,5,16,40,1,0,0,0,1
1271127,2,2021,2021,5,3,7,123,23,13,34609,0,1,1,-33.773651,151.29217,50,0,2,1,1,0,0,0,2,0,7,50,0,1981,1981,4,5,27,2,0,0,1,0
1271129,4,2021,2021,8,4,7,157,17,9,158,0,1,1,-33.881362,146.637619,51,1,0,0,0,0,0,0,2,0,7,100,2,1850,1463,5,9,40,1,0,1,0,0
1271132,2,2021,2021,0,4,6,45,1,52,34609,0,1,1,-33.969701,150.919641,41,0,2,1,1,0,0,0,2,0,7,60,0,3775,3775,0,5,5,2,0,0,2,1
1271135,4,2021,2021,1,0,7,55,31,562,34609,0,1,1,-32.23882,148.605459,22,2,1,0,0,0,0,0,2,0,7,60,0,4552,5151,8,9,40,1,0,1,0,0
1271138,4,2021,2021,0,2,11,61,27,19,70,0,1,1,-33.658869,150.931353,71,0,2,0,0,1,2,6,0,0,7,70,1,3775,3775,0,10,5,2,0,1,0,0
1271139,4,2021,2021,0,3,9,7,27,12,7,0,1,1,-33.883248,150.741412,41,0,2,0,0,0,0,0,3,0,7,60,1,2585,4009,8,5,40,1,0,1,0,0
1271140,1,2021,2021,3,6,7,866,17,278,793,1,2,9,-33.786043,151.038445,54,0,2,1,3,0,2,6,2,0,7,40,2,186,186,9,0,28,2,0,0,0,1
1271144,2,2021,2021,1,1,1,916,17,194,917,0,1,1,-30.487914,151.676633,1,2,1,0,0,0,0,0,0,0,7,80,2,4552,5151,8,16,40,1,0,0,1,0
1271146,2,2021,2021,5,3,7,30,27,24,34609,0,1,1,-32.754662,151.447889,17,2,1,1,1,0,0,0,2,0,7,80,0,14295,14295,3,34,0,2,0,0,1,0
1271147,4,2021,2021,6,2,1,255,27,103,76,0,1,1,-32.941864,151.664127,37,0,2,1,2,0,0,0,0,0,7,50,1,9859,9859,1,10,5,2,0,1,0,0
1271152,1,2021,2021,5,0,5,8,31,67,34609,0,1,9,-34.420371,150.875166,80,0,2,1,1,0,0,0,2,0,0,50,0,775,775,4,5,27,2,0,0,0,1
1271154,2,2021,2021,5,4,10,11,27,59,34609,0,1,1,-33.154106,151.510278,37,0,2,0,2,0,0,0,0,0,7,80,0,1259,5151,8,5,40,1,0,0,1,0
1271155,4,2021,2021,5,3,5,5,31,65,34609,0,1,7,-32.92552,151.773178,48,0,2,1,1,0,0,0,2,0,0,30,0,387,387,1,22,5,2,0,1,0,0
1271160,1,2021,2021,0,3,11,3371,17,11,3342,0,1,2,-28.461045,153.5045,72,1,0,1,0,0,0,0,0,0,7,110,2,9859,9859,8,5,40,1,0,0,0,2
1271161,4,2021,2021,8,0,10,118,27,98,34609,0,1,1,-30.98643,150.26283,51,2,1,1,2,0,0,0,0,0,7,50,0,9859,9859,1,5,5,2,0,1,0,0
1271163,4,2021,2021,8,3,7,2126,17,438,2149,0,1,1,-33.83977,151.032253,21,0,2,1,0,0,0,0,2,0,7,60,2,14295,14295,3,0,5,2,0,1,0,0
1271164,1,2021,2021,1,3,9,34,31,115,34609,0,1,1,-33.960402,151.058929,25,0,2,0,2,0,0,0,0,0,7,50,0,4552,5151,1,5,5,3,0,0,0,1
1271167,4,2021,2021,1,6,7,27,31,82,34609,0,1,10,-31.079257,150.925651,70,2,1,1,0,0,0,0,2,0,15,50,0,775,775,4,34,19,2,0,1,0,0
1271171,2,2021,2021,6,4,11,16,27,316,120,0,1,10,-33.908386,151.247752,59,0,2,0,2,0,0,0,0,2,7,50,2,1220,1220,9,5,28,2,0,0,1,0
1271174,4,2021,2021,8,0,6,3371,17,207,3342,0,1,1,-33.559554,151.191636,31,0,2,0,0,0,0,0,2,0,7,80,2,3775,3775,0,16,10,3,0,1,2,0
1271177,1,2021,2021,1,1,6,18,31,201,34609,0,1,1,-34.883626,150.601207,63,2,1,1,1,0,0,0,2,0,7,50,0,941,941,1,30,5,2,0,0,0,1
1271178,2,2021,2021,1,6,8,2,27,2,34609,0,1,1,-30.70933,152.795659,47,2,1,0,0,0,0,0,2,0,7,80,0,3775,3775,0,5,13,2,0,0,1,0
1271179,4,2021,2021,5,0,9,36,1,17,34609,1,0,10,-32.725873,151.531342,42,2,1,1,2,0,0,0,3,0,15,50,0,6545,6545,4,16,0,2,0,1,0,0
1271187,2,2021,2021,1,2,9,1,1,133,34609,0,1,10,-34.506103,150.785206,80,0,2,1,3,0,0,0,0,0,15,50,0,6545,6545,4,5,5,2,0,0,1,0
1271188,1,2021,2021,1,1,7,1,27,20,34609,0,1,1,-32.302168,152.339316,43,1,0,0,3,2,0,0,2,0,7,100,0,3775,3775,0,30,13,2,0,0,0,1
1271190,2,2021,2021,1,4,7,106,27,31,106,0,1,2,-33.927608,150.882192,41,0,2,1,3,0,0,0,2,0,7,70,2,9859,9859,8,10,40,1,0,0,1,0
1271192,4,2021,2021,1,4,3,224,27,102,321,0,1,1,-33.954297,151.20427,4,0,2,1,2,0,0,0,1,0,7,50,2,1220,1220,9,0,28,2,0,1,0,0
1271194,4,2021,2021,5,3,6,11,27,9,34609,0,1,1,-31.951212,151.438322,73,1,0,1,0,2,0,3,2,0,7,100,0,475,475,5,0,40,1,0,2,1,0
1271195,2,2021,2021,1,2,10,3,1,433,34609,0,1,1,-33.295064,149.109757,52,2,1,1,2,0,0,0,0,0,7,50,0,4026,4026,8,5,40,1,0,0,1,1
1271202,4,2021,2021,8,3,11,149,36,40,113,0,1,1,-32.058272,152.47967,43,2,1,0,0,0,0,0,0,0,7,80,1,2585,4009,8,0,40,1,0,1,0,0
1271208,2,2021,2021,1,6,8,6,27,316,34609,0,1,9,-31.447631,152.884196,56,2,1,1,1,0,0,0,2,0,15,50,0,2852,2852,4,5,0,2,0,0,1,0
1271209,4,2021,2021,1,1,9,178,27,293,101,0,1,1,-33.934249,151.055737,15,0,2,1,2,0,0,0,0,0,7,50,1,941,941,1,0,5,2,0,1,0,0
1271210,1,2021,2021,1,1,9,2126,17,169,2149,0,1,9,-33.782316,150.827632,7,0,2,1,2,0,0,0,0,2,7,80,2,256,256,4,33,5,2,0,0,0,1
1271213,2,2021,2021,6,4,9,2,31,165,34609,1,0,9,-32.271001,150.898403,46,2,1,1,2,0,3,4,0,0,7,50,0,489,489,8,5,40,1,0,0,1,1
1271214,4,2021,2021,1,4,6,3,31,124,34609,0,1,1,-33.810618,151.049776,54,0,2,0,1,0,0,0,2,0,7,50,0,340,340,9,5,28,2,0,1,1,0
1271216,4,2021,2021,8,1,3,515,14,294,518,0,1,3,-33.940495,150.930378,41,0,2,1,2,0,0,0,1,0,7,100,2,9859,9859,8,9,40,1,0,1,0,0
1271218,2,2021,2021,5,4,3,2,27,37,34609,0,1,1,-30.970682,151.66089,51,1,0,1,0,0,1,6,2,0,7,100,0,9859,9859,8,0,40,1,0,0,1,0
1271222,4,2021,2021,1,5,6,2126,17,77,2149,0,1,10,-33.884358,151.198574,69,0,2,1,1,0,0,6,2,2,7,50,2,6545,6545,4,5,27,2,0,1,0,1
1271223,4,2021,2021,6,1,5,3371,17,13,3342,0,1,10,-33.130969,151.62577,37,0,2,1,0,0,0,0,2,0,15,90,2,2852,2852,4,5,0,3,0,3,1,1
1271225,2,2021,2021,8,5,8,6,1,28,34609,0,1,9,-33.91861,150.885452,41,0,2,0,1,0,0,0,2,0,0,50,0,6545,6545,4,5,5,2,0,0,1,0
1271226,2,2021,2021,8,2,4,112,27,20,769,0,1,1,-33.549032,150.671064,29,2,2,1,0,0,0,0,2,0,7,60,2,14295,14295,3,5,13,2,0,0,2,0
1271228,2,2021,2021,5,3,2,3371,17,41,3342,0,1,2,-31.46553,152.819597,56,1,0,1,2,0,0,0,0,0,7,110,2,9859,9859,8,0,40,1,0,0,1,0
1271229,2,2021,2021,8,4,7,120,36,9,148,0,1,1,-30.372583,152.554186,6,1,0,1,0,0,0,0,2,0,7,100,2,9859,9859,8,16,40,1,0,0,1,0
1271230,2,2021,2021,1,0,2,161,17,23,161,0,1,1,-36.60197,149.448476,5,2,1,0,0,0,0,0,0,0,7,60,2,2585,4009,8,8,40,1,0,0,1,0
1271231,2,2021,2021,6,2,4,99,31,237,105,0,1,1,-33.86847,150.948212,24,0,2,1,0,0,0,0,2,0,7,60,1,9859,9859,1,5,5,4,0,0,1,0
1271232,2,2021,2021,8,4,8,110,31,64,34609,1,0,9,-33.892402,151.089426,67,0,2,1,0,0,0,0,3,0,7,50,0,2040,2040,9,0,28,2,0,0,1,0
1271238,1,2021,2021,8,5,6,2261,17,96,2252,0,1,6,-34.228753,150.667385,79,2,2,0,1,0,0,0,2,0,7,80,2,2585,4009,8,29,40,1,0,0,0,1
1271242,2,2021,2021,6,4,3,23,1,294,34609,0,1,9,-33.958202,150.921722,41,0,2,1,0,0,3,4,2,2,7,60,0,5929,5929,1,10,36,3,0,0,1,0
1271244,2,2021,2021,6,3,11,40,27,35,40,0,1,1,-33.881442,150.909334,24,0,2,1,2,0,0,0,0,0,7,60,1,9859,9859,8,16,40,1,0,0,1,0
1271247,1,2021,2021,6,1,9,1104,14,247,962,0,1,3,-33.814006,150.954527,21,0,2,1,2,0,0,0,0,0,7,90,2,14295,14295,3,5,5,2,0,0,0,1
1271249,4,2021,2021,6,0,9,41,31,304,34609,1,0,1,-33.91389,151.145656,32,0,2,1,2,0,3,4,0,0,7,50,0,2040,2040,9,5,28,2,0,1,0,0
1271250,2,2021,2021,5,5,7,64,27,175,284,0,1,10,-33.772139,151.075663,54,0,2,1,0,0,0,0,2,0,15,60,2,2852,2852,4,0,5,2,0,0,1,0
1271252,2,2021,2021,8,4,5,18,36,155,19,0,1,1,-33.059835,148.259056,53,1,0,1,0,0,0,0,2,0,7,100,1,9859,9859,8,0,40,1,0,0,1,0
1271254,4,2021,2021,8,2,8,34,31,433,34609,0,1,10,-33.274707,149.090453,52,2,1,1,2,0,0,0,0,0,0,50,0,6545,6545,4,10,27,2,0,1,0,0
1271256,2,2021,2021,5,0,8,27,31,47,40,0,1,10,-33.779849,151.282215,50,0,2,0,3,0,0,0,0,1,7,50,1,1850,777,5,16,40,1,0,0,1,0
1271257,2,2021,2021,6,1,6,177,31,65,208,0,1,10,-33.858883,150.916351,24,0,2,1,1,0,0,0,2,2,7,60,1,6545,6545,4,5,5,3,0,0,1,0
1271259,4,2021,2021,5,4,4,2209,17,77,2205,0,1,9,-33.92703,151.158678,32,0,2,1,0,0,0,0,2,2,7,60,2,2040,2040,9,10,28,2,0,1,0,0
1271260,1,2021,2021,6,1,3,89,36,10,81,0,1,1,-34.585533,148.740778,82,1,0,0,0,0,0,0,2,0,7,100,2,2585,4009,8,10,40,1,0,0,0,1
1271261,4,2021,2021,5,6,1,8,27,3,34609,0,1,1,-33.523236,149.936849,40,2,1,0,0,0,0,0,0,0,7,80,0,4552,5151,8,10,40,1,0,1,0,0
1271264,2,2021,2021,5,0,0,30,27,187,94,0,1,1,-33.881467,150.988777,15,0,2,1,0,0,0,0,0,0,7,60,1,14295,14295,3,5,5,2,0,0,2,0
1271265,4,2021,2021,5,2,7,39,27,143,51,0,1,9,-33.691477,151.099054,31,0,2,1,3,0,0,0,2,2,7,60,2,5929,5929,1,5,5,2,0,1,0,0
1271268,1,2021,2021,6,6,9,3,10,30,34609,0,1,10,-32.755655,151.628505,42,2,1,1,3,0,0,0,0,0,0,50,0,6545,6545,4,5,13,2,0,0,0,1
1271269,1,2021,2021,5,4,5,17,31,228,39,1,0,7,-34.756645,149.713436,26,2,1,1,3,0,0,0,2,0,0,50,2,6545,6545,4,10,0,2,0,0,0,1
1271276,4,2021,2021,5,4,8,14,10,67,34609,0,1,10,-33.638991,150.904403,71,0,2,1,0,0,3,4,0,0,0,70,0,150,150,4,0,5,2,0,1,0,1
1271278,1,2021,2021,1,0,2,225,17,50,180,0,1,1,-34.564655,150.664879,62,0,2,0,3,0,0,0,0,0,7,60,2,2585,4009,8,10,40,1,0,0,0,1
1271282,2,2021,2021,6,5,7,916,17,12,917,0,1,1,-31.927194,150.879058,73,2,1,0,1,0,2,6,2,0,7,80,2,1957,4009,8,5,40,1,0,0,2,0
1271283,2,2021,2021,5,2,4,2209,17,40,2205,0,1,9,-34.983299,150.587752,63,1,0,1,1,0,3,3,2,0,15,100,2,2852,2852,4,5,36,2,0,0,1,1
1271284,4,2021,2021,1,6,6,135,17,12,136,0,1,1,-36.020163,146.772357,27,1,0,1,0,0,0,3,2,0,7,100,2,83,83,5,5,40,1,0,1,0,0
1271286,2,2021,2021,5,0,6,15,31,131,34609,0,1,1,-36.080793,146.916581,0,2,1,1,0,0,3,4,2,0,9,50,0,2040,2040,9,5,28,2,0,0,1,0
1271287,2,2021,2021,6,3,6,59,10,89,34609,0,1,10,-33.904124,151.235844,59,0,2,1,1,0,0,0,2,0,15,30,0,1945,1945,5,22,40,1,0,0,1,0
1271293,2,2021,2021,1,2,8,22,31,13,34609,0,1,10,-31.646001,152.796732,56,2,1,1,2,0,0,0,3,0,0,50,0,6545,6545,4,5,13,2,0,0,1,0
1271296,2,2021,2021,6,6,8,52,27,438,103,0,1,10,-33.863758,151.018539,21,0,2,1,1,0,0,0,2,2,7,50,1,1282,1282,1,9,18,2,0,0,1,0
1271298,2,2021,2021,5,0,2,26,27,34,34609,0,1,1,-34.980293,148.978059,82,1,0,0,0,2,3,1,0,0,7,100,0,1957,4009,8,5,40,1,0,0,1,0
1271306,1,2021,2021,1,5,6,2209,17,77,2205,0,1,9,-33.886566,151.193987,69,0,2,1,1,0,0,0,2,0,7,50,2,14295,14295,3,15,0,2,0,0,0,1
1271307,4,2021,2021,5,5,9,7,27,24,7,0,1,1,-33.917757,150.730226,41,0,2,1,1,0,0,0,0,0,7,80,1,9859,9859,8,5,40,1,0,1,0,0
1271309,4,2021,2021,1,5,6,149,36,15,113,0,1,1,-32.337529,152.522306,43,2,1,0,0,0,0,0,2,0,7,80,1,3775,3775,0,0,36,2,0,1,0,0
1271311,1,2021,2021,1,3,6,57,27,5,143,0,1,1,-33.925724,149.351916,3,1,0,0,0,0,0,0,2,0,7,100,2,4552,5151,8,5,40,1,0,0,0,1
1271317,1,2021,2021,1,6,2,829,27,159,770,0,1,10,-33.813467,151.096298,61,0,2,1,2,0,0,0,1,2,7,60,2,1383,1383,1,5,19,2,0,0,0,1
1271321,4,2021,2021,1,3,6,10,27,84,34609,0,1,9,-31.108138,150.898461,70,2,1,1,0,0,0,0,2,0,7,50,0,9859,9859,8,30,40,1,0,1,0,0
1271323,2,2021,2021,5,4,5,69,31,30,34609,0,1,10,-34.746973,146.553089,51,2,1,1,0,0,0,0,2,0,9,50,0,2040,2040,9,0,28,2,0,0,1,0
1271325,2,2021,2021,1,1,5,1,31,278,34609,0,1,1,-33.780508,151.046573,54,0,2,1,3,0,0,0,2,0,7,50,0,9859,9859,1,0,0,2,0,0,1,0
1271329,1,2021,2021,8,5,9,192,31,316,120,1,0,9,-33.915221,151.241591,59,0,2,1,3,0,3,2,2,0,7,60,2,6545,6545,4,16,5,2,0,0,0,1
1271331,2,2021,2021,1,3,4,194,31,42,34609,0,1,10,-35.997966,146.390021,51,2,1,1,3,0,0,0,2,0,0,50,0,6545,6545,4,0,13,2,0,0,1,0
1271335,1,2021,2021,5,3,5,8,27,13,11,0,1,1,-35.586027,144.179783,51,1,0,1,0,0,0,0,2,0,7,100,1,945,945,5,29,40,1,0,0,0,1
1271337,2,2021,2021,1,2,6,55,1,167,34609,0,1,10,-33.849869,151.073807,54,0,2,1,3,0,0,0,2,2,7,60,0,515,515,1,5,27,2,0,0,1,0
1271338,1,2021,2021,0,1,6,34,10,8,34609,0,1,9,-35.764874,150.206688,23,2,1,1,3,0,0,0,2,0,7,80,0,14295,14295,3,5,0,2,0,0,0,1
1271342,1,2021,2021,5,0,3,31,31,532,34609,0,1,9,-33.865087,151.206404,69,0,2,1,1,0,0,0,1,1,7,40,0,312,312,2,33,40,1,0,0,0,1
1271343,2,2021,2021,1,1,0,7,27,2,34609,0,1,1,-30.621543,152.814437,47,1,0,0,0,0,0,3,0,0,7,100,0,4552,5151,8,5,40,1,0,0,1,0
1271353,2,2021,2021,1,5,3,45,31,204,331,0,1,9,-33.938377,151.151707,4,0,2,1,3,0,0,0,1,2,7,60,2,1669,1669,3,5,5,2,0,0,1,0
1271355,1,2021,2021,8,4,1,17,31,149,21,0,1,9,-33.865816,151.176847,32,0,2,0,2,0,3,3,0,0,7,50,1,4552,5151,8,0,40,1,0,0,0,1
1271356,4,2021,2021,6,4,0,128,27,363,133,0,1,10,-33.756982,150.686097,55,0,2,1,2,0,0,0,0,2,7,60,2,5929,5929,1,5,0,2,0,1,1,0
1271359,2,2021,2021,1,0,10,109,27,95,382,0,1,9,-33.737826,150.844064,7,0,2,0,2,0,0,0,0,2,7,60,2,63,63,4,5,36,2,0,0,1,0
1271360,1,2021,2021,5,2,8,33,31,323,20,0,1,1,-33.763263,150.998553,71,0,2,1,1,0,0,0,2,0,7,50,1,623,623,3,5,5,2,0,0,0,1
1271361,4,2021,2021,8,3,8,2261,17,64,2252,0,1,9,-33.8875,151.073654,67,0,2,1,2,0,0,0,0,2,7,60,2,5929,5929,1,5,5,2,0,1,2,0
1271364,1,2021,2021,1,0,11,153,27,290,147,0,1,1,-33.949029,151.111471,4,0,2,1,3,0,0,0,0,0,7,60,2,1391,1391,1,5,5,3,0,0,0,1
1271368,1,2021,2021,5,0,8,330,27,31,102,0,1,9,-33.775453,151.270578,50,0,2,1,3,0,0,0,3,2,7,60,2,2852,2852,4,0,13,2,0,0,0,1
1271370,2,2021,2021,8,1,2,5,31,134,120,0,1,10,-33.896509,151.254399,76,0,2,1,2,0,3,4,0,2,7,50,2,9859,9859,8,5,40,1,0,0,1,0
1271371,2,2021,2021,6,4,7,12,27,5,34609,0,1,10,-33.542606,151.30571,16,2,2,1,1,0,0,0,2,0,0,50,0,6545,6545,4,5,25,2,0,0,2,0
1271372,2,2021,2021,6,0,7,4,31,90,17,0,1,7,-33.713833,150.319672,8,2,2,1,1,0,0,3,2,0,0,50,1,6545,6545,4,30,5,2,0,0,1,0
1271374,4,2021,2021,5,5,8,1052,27,219,262,0,1,7,-32.902894,151.676562,48,0,2,0,1,0,0,0,2,0,0,60,2,1850,1463,5,16,40,1,0,1,0,0
1271375,2,2021,2021,8,3,6,161,17,6,161,0,1,1,-35.366083,148.272747,66,1,0,0,0,0,1,0,2,0,7,100,2,418,714,5,10,40,1,0,0,1,2
1271380,4,2021,2021,6,2,4,101,10,3,33,0,1,7,-34.036307,151.160223,68,0,2,1,0,0,0,0,2,0,0,70,1,5929,5929,1,22,0,2,0,1,0,0
1271382,4,2021,2021,8,5,8,225,17,85,180,0,1,9,-34.572047,150.759656,62,0,2,1,2,0,0,0,0,0,15,60,2,1669,1669,3,10,36,2,0,1,2,0
1271385,2,2021,2021,5,6,6,36,27,10,83,0,1,1,-29.430043,153.269668,18,1,0,0,0,0,0,0,2,0,7,90,1,4552,5151,8,9,40,1,0,0,1,0
1271386,2,2021,2021,1,5,2,161,17,11,161,0,1,1,-35.875151,148.494058,65,2,1,0,0,0,1,5,0,0,7,40,2,2585,4009,8,29,40,1,0,0,1,0
1271389,2,2021,2021,8,4,3,1104,14,9,962,0,1,3,-33.757705,150.650388,55,0,2,1,0,0,0,0,1,0,7,90,2,9859,9859,8,0,40,1,0,0,1,0
1271390,2,2021,2021,8,3,8,18,36,73,34,0,1,1,-34.185956,150.603644,79,2,2,0,1,0,0,0,3,0,7,60,1,2585,4009,8,11,40,1,0,0,1,1
1271392,4,2021,2021,8,1,7,35,31,532,34609,0,1,10,-33.876643,151.207843,69,0,2,1,1,0,0,0,2,2,7,40,0,5929,5929,1,5,27,2,0,1,0,0
1271393,4,2021,2021,5,1,6,28,27,48,62,0,1,10,-36.692156,149.856634,5,2,1,1,1,0,0,0,2,0,0,80,1,6545,6545,4,5,5,2,0,1,3,0
1271394,4,2021,2021,5,1,7,153,27,197,147,0,1,9,-33.951526,151.08979,25,0,2,1,1,0,0,0,2,0,0,60,2,775,775,4,0,19,2,0,1,1,0
1271395,2,2021,2021,1,2,7,330,27,147,605,0,1,9,-33.753898,151.284931,50,0,2,1,1,0,0,0,2,2,9,60,2,14295,14295,3,0,19,2,0,0,1,0
1271397,2,2021,2021,1,6,8,2126,17,90,2149,0,1,9,-33.710756,150.311022,8,2,2,0,2,0,0,0,3,2,7,70,2,5929,5929,1,9,0,2,0,0,1,0
1271422,2,2021,2021,1,4,7,108,31,176,34609,0,1,1,-33.961161,151.132372,4,0,2,1,1,0,0,0,2,0,7,50,0,1220,1220,9,0,28,2,0,0,1,0
1271426,2,2021,2021,6,5,6,3371,17,4,3342,0,1,2,-33.129196,151.629532,37,0,2,1,0,0,3,3,2,0,7,90,2,9859,9859,8,30,40,1,0,0,1,0
1271437,4,2021,2021,8,4,6,2209,17,88,2205,0,1,2,-33.993931,151.115574,25,0,2,1,1,0,0,0,2,0,7,70,2,14295,14295,3,9,13,3,0,1,0,1
1271438,1,2021,2021,8,1,1,220,14,51,220,0,1,3,-34.169989,150.978089,80,0,2,1,2,0,0,1,0,0,7,110,2,204,204,1,0,5,3,0,0,0,1
1271441,2,2021,2021,1,3,8,5,27,25,80,0,1,11,-33.011445,151.707509,37,0,2,0,3,0,0,0,2,0,7,60,1,1850,1463,5,16,40,1,0,0,1,0
1271443,2,2021,2021,1,3,6,20,31,523,34609,0,1,0,-33.920874,150.922784,41,0,2,1,1,0,0,0,2,0,7,30,0,214,214,9,0,28,2,0,0,1,0
1271444,1,2021,2021,6,5,8,39,27,21,51,0,1,1,-33.660879,151.087786,31,0,2,0,0,0,0,6,2,0,7,60,2,2585,4009,8,5,40,1,0,0,0,1
1271447,4,2021,2021,6,1,6,3371,17,54,3342,0,1,7,-33.093116,151.637393,37,0,2,1,1,0,0,0,2,0,7,60,2,214,214,9,33,26,2,0,1,0,0
1271453,2,2021,2021,1,6,8,2126,17,75,2149,0,1,9,-33.870835,151.11792,9,0,2,1,1,0,0,0,2,0,7,60,2,1383,1383,1,5,19,2,0,0,1,0
1271456,2,2021,2021,1,4,5,2,31,194,34609,0,1,9,-30.511543,151.649457,1,2,1,1,1,0,0,0,2,0,7,50,0,926,926,4,5,0,3,0,0,1,0
1271459,4,2021,2021,6,0,4,39,31,26,34609,0,1,1,-33.067504,151.579869,37,0,2,1,1,0,0,0,2,0,7,50,0,489,489,8,5,40,1,0,1,0,0
1271460,2,2021,2021,6,4,7,17,31,445,34609,0,1,10,-33.860775,151.051437,21,0,2,1,1,0,0,0,2,0,15,50,0,6545,6545,4,5,0,2,0,0,1,0
1271461,2,2021,2021,1,5,10,103,36,3,157,0,1,1,-29.46902,152.978943,18,1,0,1,0,0,0,0,0,0,7,100,2,1089,1089,7,5,40,1,0,0,1,0
1271464,4,2021,2021,6,4,8,2126,17,60,2149,0,1,1,-33.762622,150.737041,55,0,2,1,2,0,3,4,0,0,7,80,2,3775,3775,0,5,5,4,0,3,1,0
1271465,1,2021,2021,1,6,7,150,27,309,415,0,1,2,-33.80415,151.112978,61,0,2,1,1,0,0,0,2,0,7,70,2,14295,14295,3,10,0,2,0,0,0,1
1271467,2,2021,2021,1,5,5,3,27,273,34609,0,1,1,-34.4262,150.877727,80,0,2,1,1,0,0,0,2,0,7,50,0,9859,9859,1,0,0,2,0,0,1,0
1271469,4,2021,2021,5,1,6,3,27,47,34609,0,1,1,-33.807186,151.151599,38,0,2,0,0,0,0,0,2,0,7,60,0,1383,1383,1,33,13,2,0,1,0,0