Crash ID,Degree of crash - detailed,Reporting year,Year of crash,Month of crash,Day of week of crash,Two-hour intervals,Street of crash,Street type,Town,Route no.,School zone location,School zone active,Type of location,Latitude,Longitude,LGA,Urbanisation,Conurbation 1,Alignment,Street lighting,Road surface,Surface condition,Weather,Natural lighting,Signals operation,Other traffic control,Speed limit,Road classification,RUM - code,DCA - code,First impact type,Key TU type,Other TU type,No. of traffic units involved,No. killed,No. seriously injured,No. moderately injured,No. minor-other injured
1271470,1,2021,2021,6,4,10,125,27,290,103,0,1,10,-33.862389,151.001587,21,0,2,1,2,0,3,0,0,2,7,60,1,5929,5929,1,5,0,2,0,0,0,1
1271471,1,2021,2021,5,6,9,37,1,96,212,0,1,10,-35.356706,149.225351,58,2,1,1,2,0,3,3,0,2,0,60,2,5929,5929,1,30,0,2,0,0,0,1
1271472,2,2021,2021,5,1,11,61,10,56,174,0,1,7,-32.984237,151.485559,37,0,2,1,2,0,0,0,0,0,0,70,2,4026,4026,8,16,40,1,0,0,1,0
1271474,4,2021,2021,1,2,11,3,27,19,34609,0,1,1,-31.422885,152.841934,56,2,1,0,0,0,0,0,0,0,7,80,0,4552,5151,8,0,40,1,0,1,0,0
1271475,4,2021,2021,8,6,5,6,27,562,34609,0,1,1,-32.291172,148.626764,22,1,0,0,0,0,0,0,2,0,7,100,0,1259,5151,8,5,40,1,0,1,0,0
1271476,2,2021,2021,1,1,4,35,27,145,37,0,1,9,-33.915049,151.134956,15,0,2,1,1,0,0,0,2,0,9,50,1,591,591,1,22,5,2,0,0,1,0
1271479,4,2021,2021,5,5,10,17,10,63,34609,0,1,1,-33.241812,151.502346,16,2,2,0,2,0,0,0,0,0,7,50,0,4552,5151,8,5,40,1,0,1,2,0
1271482,4,2021,2021,8,1,5,24,27,8,34609,0,1,9,-32.926402,151.391279,17,1,0,0,0,0,0,0,2,0,0,100,0,3775,3775,0,5,0,2,0,2,0,0
1271484,2,2021,2021,6,6,4,84,10,39,80,0,1,9,-34.319447,150.916372,80,0,2,0,0,0,0,0,2,2,7,50,2,3775,3775,0,5,12,2,0,0,1,0
1271485,4,2021,2021,5,1,11,6,1,182,34609,0,1,9,-32.823997,151.371816,17,2,1,0,2,2,0,0,0,0,7,50,0,4552,5151,1,16,5,3,0,1,0,0
1271488,4,2021,2021,1,5,5,107,22,57,34609,0,1,1,-34.557406,150.821271,62,0,2,1,1,0,0,0,2,0,7,50,0,14295,14295,3,9,27,2,0,1,0,0
1271492,4,2021,2021,1,2,11,103,36,3,157,0,1,1,-28.508486,152.965527,51,2,1,1,2,0,0,0,0,0,7,50,2,1220,1220,9,5,28,2,0,1,0,0
1271494,2,2021,2021,8,6,1,89,36,4,19,0,1,1,-28.702495,152.602591,51,1,0,0,0,0,3,1,0,0,7,100,1,782,957,5,0,40,1,0,0,1,0
1271495,2,2021,2021,1,4,5,18,27,239,33,0,1,10,-34.044361,151.133163,68,0,2,1,1,0,0,0,2,2,7,50,1,6545,6545,4,10,5,2,0,0,1,0
1271497,2,2021,2021,6,3,6,3371,17,463,3342,0,1,9,-30.30561,153.101882,19,2,1,1,0,0,0,0,2,0,0,60,2,14295,14295,3,16,0,2,0,0,1,0
1271498,1,2021,2021,5,5,5,500,27,129,799,0,1,9,-33.930759,151.066128,15,0,2,1,1,0,0,0,2,2,7,60,2,14295,14295,3,30,19,2,0,0,0,1
1271500,2,2021,2021,5,3,5,7,31,234,34609,1,0,7,-34.293134,146.041508,28,2,1,1,1,0,0,0,2,0,0,50,0,6545,6545,4,5,19,2,0,0,1,0
1271501,4,2021,2021,6,4,10,149,36,32,113,0,1,1,-32.401398,152.260486,43,2,1,0,0,0,3,3,0,0,7,80,1,4552,5151,8,10,40,1,0,2,3,0
1271504,2,2021,2021,6,4,8,169,31,83,34609,0,1,1,-30.118204,153.192609,19,2,1,1,2,0,3,0,0,0,7,50,0,3775,3775,0,21,5,2,0,0,1,0
1271506,1,2021,2021,8,3,7,7,31,169,34609,0,1,10,-33.897537,151.209384,69,0,2,1,1,0,0,0,2,0,15,40,0,14295,14295,3,5,0,2,0,0,0,1
1271510,2,2021,2021,6,4,7,2209,17,49,2205,0,1,9,-33.930815,151.155024,4,0,2,1,1,0,3,4,2,2,7,60,2,1945,1945,5,15,40,1,0,0,1,0
1271513,2,2021,2021,5,6,10,150,27,309,415,0,1,9,-33.804801,151.112229,61,0,2,1,2,0,0,0,0,0,7,70,2,4026,4026,8,5,40,1,0,0,1,0
1271514,4,2021,2021,1,5,7,77,10,20,331,0,1,2,-34.081195,150.694695,12,0,2,1,1,0,0,0,2,0,7,80,2,4026,4026,8,0,40,1,0,1,0,0
1271515,1,2021,2021,6,5,4,4,31,107,34609,0,1,1,-29.67656,152.937977,18,2,1,1,1,0,0,0,2,0,7,50,0,1192,1192,1,33,27,2,0,0,0,1
1271516,2,2021,2021,8,1,11,2261,17,68,2252,0,1,2,-34.767983,148.77056,82,1,0,1,0,0,0,0,0,0,7,110,2,475,475,5,10,40,1,0,0,1,0
1271517,2,2021,2021,8,6,2,196,10,166,168,0,1,9,-33.944929,150.9823,15,0,2,1,2,0,0,0,1,2,7,60,2,5929,5929,1,10,0,2,0,0,1,0
1271519,2,2021,2021,6,4,7,481,17,155,483,0,1,1,-33.182819,148.134672,53,1,0,1,0,0,3,4,2,0,7,110,2,9859,9859,8,3,40,1,0,0,1,0
1271520,2,2021,2021,5,0,7,36,36,10,139,0,1,10,-34.316624,146.109384,28,1,0,1,3,0,0,0,2,0,7,100,2,1669,1669,3,9,13,2,0,0,1,0
1271524,2,2021,2021,5,6,8,34,31,77,34609,0,1,10,-33.033689,151.662155,37,0,2,1,3,0,0,0,3,0,0,50,0,6545,6545,4,10,13,3,0,0,1,0
1271526,2,2021,2021,3,2,6,17,27,202,34609,0,1,1,-33.952214,151.031255,15,0,2,1,0,0,3,4,2,0,7,40,0,9859,9859,1,9,5,2,0,0,1,0
1271529,4,2021,2021,1,0,6,115,27,99,114,0,1,1,-33.885478,151.267561,76,0,2,0,0,0,0,0,2,0,7,50,2,1850,1463,5,22,40,1,0,1,0,0
1271532,1,2021,2021,8,0,8,39,10,154,65,0,1,7,-33.705537,150.943164,71,0,2,0,2,0,3,4,3,0,0,60,1,1850,1463,5,16,40,2,0,0,0,1
1271536,2,2021,2021,5,2,4,1,27,10,34609,0,1,1,-36.750756,149.926736,5,2,1,1,0,2,0,0,2,0,7,60,0,1089,1089,7,0,40,1,0,0,1,0
1271537,4,2021,2021,1,6,3,1,6,463,34609,0,1,1,-30.277018,153.098602,19,2,1,0,1,0,0,0,1,0,7,50,0,1192,1192,1,0,27,2,0,1,0,0
1271538,2,2021,2021,4,2,10,23,31,33,23,0,1,10,-33.895522,151.246658,76,0,2,1,0,0,0,0,0,3,7,50,1,6545,6545,4,33,27,2,0,0,1,0
1271539,2,2021,2021,8,3,4,133,31,161,51,1,0,10,-33.883791,151.157064,32,0,2,1,1,0,0,0,2,2,9,50,1,2040,2040,9,5,28,2,0,0,2,0
1271542,4,2021,2021,5,5,8,23,14,532,22,0,1,3,-33.861579,151.2127,69,0,2,0,1,0,0,0,2,0,7,70,2,2585,4009,8,5,40,1,0,1,0,0
1271543,1,2021,2021,5,0,8,6,1,234,61,0,1,7,-34.29949,146.047096,28,2,1,1,3,0,0,0,2,0,0,60,2,6545,6545,4,10,0,2,0,0,0,1
1271544,4,2021,2021,6,6,4,171,1,80,104,0,1,2,-33.939462,151.214328,4,0,2,0,0,0,0,0,2,0,7,70,2,2585,4009,8,16,40,2,0,1,0,0
1271545,2,2021,2021,6,0,10,41,27,91,80,0,1,1,-32.983834,151.659365,37,0,2,1,2,0,0,0,0,0,7,60,1,4026,4026,8,5,40,1,0,0,1,0
1271546,2,2021,2021,8,6,5,829,1,337,35,0,1,2,-33.729708,150.979197,71,0,2,1,1,0,0,6,2,0,7,50,1,623,623,3,9,0,2,0,0,1,0
1271549,2,2021,2021,8,3,1,115,27,96,173,0,1,2,-34.275749,150.715167,79,1,2,0,1,0,0,1,0,0,7,100,2,4552,5151,8,5,40,1,0,0,1,0
1271551,2,2021,2021,8,2,7,30,10,11,30,0,1,1,-33.112965,151.14999,16,2,2,1,0,0,0,0,2,0,7,80,1,404,404,8,16,40,1,0,0,2,0
1271552,2,2021,2021,5,4,3,191,17,562,189,0,1,7,-32.237839,148.632078,22,2,1,0,1,0,0,0,2,0,0,60,2,6545,6545,4,5,19,2,0,0,1,0
1271555,2,2021,2021,5,0,9,1104,14,80,962,0,1,3,-33.76046,150.654347,55,0,2,1,2,0,0,0,3,0,7,110,2,186,186,1,5,0,2,0,0,1,0
1271556,1,2021,2021,5,2,9,481,17,562,483,0,1,7,-32.243498,148.607183,22,2,1,1,0,0,0,0,3,0,0,60,2,6545,6545,4,33,27,2,0,0,0,1
1271557,2,2021,2021,5,2,11,2,31,151,34609,0,1,1,-34.041672,150.856945,13,0,2,0,2,0,0,6,0,0,7,50,0,4552,5151,1,5,0,3,0,0,1,0
1271558,4,2021,2021,6,5,8,23,27,36,38,0,1,9,-33.594948,148.659244,51,1,0,1,0,0,0,0,2,0,8,100,2,1669,1669,3,5,5,3,0,1,1,1
1271560,4,2021,2021,5,0,10,22,31,532,34609,0,1,10,-33.866766,151.204364,69,0,2,1,2,0,0,0,0,2,7,40,0,6545,6545,4,5,27,2,0,1,0,0
1271565,2,2021,2021,5,2,3,1,27,44,56,0,1,9,-33.344421,147.102218,51,1,0,1,0,0,0,0,2,0,7,100,1,4026,4026,8,5,40,1,0,0,1,0
1271566,1,2021,2021,5,6,3,23,27,3,49,0,1,1,-29.959135,151.119635,33,1,0,0,0,0,0,1,1,0,7,100,1,1089,1089,7,0,40,1,0,0,0,1
1271567,4,2021,2021,1,6,4,171,31,50,34609,0,1,7,-34.344382,150.919561,80,0,2,1,0,0,0,0,2,0,0,50,0,775,775,4,9,27,2,0,1,0,0
1271568,4,2021,2021,1,6,0,916,17,37,917,0,1,7,-32.668782,151.361387,17,2,1,0,0,0,0,0,0,0,0,80,2,2585,4009,8,5,40,1,0,1,0,0
1271569,2,2021,2021,6,1,8,71,27,33,69,0,1,1,-36.413507,148.595509,65,2,1,0,0,0,0,0,3,0,7,80,2,4552,5151,8,16,40,1,0,0,1,0
1271571,2,2021,2021,1,4,8,2,27,39,34609,0,1,9,-33.553556,150.842133,29,2,2,1,1,0,0,0,2,0,7,60,0,945,945,5,16,40,1,0,0,1,0
1271572,2,2021,2021,1,1,8,5,27,13,34609,0,1,1,-34.272374,146.092977,28,1,0,1,0,0,0,0,2,0,7,100,0,9859,9859,8,16,40,1,0,0,1,0
1271574,4,2021,2021,6,1,0,475,10,523,268,0,1,2,-33.918168,150.914107,41,0,2,0,2,0,0,3,0,0,7,70,2,1957,4009,8,5,40,1,0,2,0,0
1271575,2,2021,2021,6,6,0,118,17,6,118,0,1,10,-30.598186,149.952354,51,2,1,1,2,0,3,4,0,0,7,80,2,945,945,5,10,40,1,0,0,1,0
1271577,4,2021,2021,5,4,8,2261,17,36,2252,0,1,2,-36.097324,146.917116,0,1,0,1,3,0,0,0,3,0,7,110,2,14295,14295,3,5,0,2,0,1,1,0
1271578,2,2021,2021,8,4,4,27,31,82,34609,0,1,10,-31.079257,150.925651,70,2,1,0,0,0,0,0,2,0,15,50,0,775,775,4,0,0,2,0,0,3,1
1271580,2,2021,2021,6,4,9,133,27,6,174,0,1,1,-32.87439,151.438472,17,1,0,1,0,0,0,0,0,0,7,100,2,96,96,0,5,0,2,0,0,1,1
1271581,1,2021,2021,1,4,4,204,31,15,82,0,1,7,-35.149446,147.349439,75,2,1,0,3,0,0,0,2,0,0,60,1,6545,6545,4,10,5,2,0,0,0,1
1271583,1,2021,2021,6,6,7,23,1,90,34609,0,1,1,-33.691775,150.314811,8,2,2,1,0,0,0,0,2,0,7,50,0,1945,1945,5,22,40,1,0,0,0,1
1271584,4,2021,2021,5,2,6,34,27,3,83,0,1,1,-29.638854,152.954064,18,1,0,1,0,0,0,0,2,0,7,90,1,9859,9859,8,16,40,1,0,1,0,0
1271586,1,2021,2021,5,1,5,112,27,109,256,0,1,10,-33.973225,150.860077,13,0,2,1,3,0,0,0,2,2,7,70,2,1391,1391,1,5,35,2,0,0,0,1
1271593,2,2021,2021,1,2,4,916,17,172,917,0,1,10,-32.746654,151.581581,42,2,1,1,3,0,3,4,2,2,7,60,2,5929,5929,1,5,5,2,0,0,1,0
1271594,4,2021,2021,1,4,4,3,27,2,34609,0,1,1,-33.115137,151.193793,17,1,0,0,3,2,0,0,2,0,7,100,0,2585,4009,8,0,40,1,0,1,0,0
1271596,1,2021,2021,1,5,6,31,27,197,69,0,1,1,-33.792198,151.155505,61,0,2,0,3,0,3,4,2,0,7,60,2,1259,5151,8,5,40,1,0,0,0,1
1271598,2,2021,2021,1,5,5,40,31,219,262,0,1,10,-32.906153,151.671187,48,0,2,1,3,0,0,0,2,2,7,60,2,14295,14295,3,5,25,2,0,0,1,0
1271606,1,2021,2021,1,3,6,60,27,40,167,1,0,10,-34.019078,151.121914,68,0,2,1,3,0,0,0,2,2,7,70,2,14295,14295,3,30,0,2,0,0,0,2
1271609,2,2021,2021,1,6,10,177,22,239,176,0,1,10,-34.037507,151.118171,68,0,2,1,3,0,0,0,0,2,7,60,2,6545,6545,4,30,13,2,0,0,1,0
1271613,2,2021,2021,5,6,5,1052,27,219,262,0,1,10,-32.903838,151.68289,48,0,2,1,3,0,0,0,2,2,7,60,2,515,515,1,9,0,2,0,0,1,0
1271615,4,2021,2021,8,1,7,3,22,5,8,0,1,1,-29.717134,143.1903,51,1,0,1,0,2,0,0,2,0,7,110,1,1945,1945,5,16,40,1,0,1,0,0
1271616,4,2021,2021,5,6,0,2,31,316,34609,0,1,9,-33.905348,151.237203,59,0,2,0,2,0,0,0,0,0,0,50,0,1957,4009,1,5,3,2,0,1,0,0
1271618,2,2021,2021,5,3,7,165,31,25,34609,0,1,10,-33.86761,151.281902,76,0,2,1,3,0,0,0,2,0,7,50,0,5929,5929,1,0,27,2,0,0,1,0
1271621,4,2021,2021,6,6,6,67,27,42,34609,0,1,1,-33.895146,150.867963,24,0,2,1,1,0,0,0,2,0,7,60,0,144,144,1,0,23,2,0,1,1,0
1271622,4,2021,2021,8,1,4,191,31,60,34609,0,1,7,-33.822959,151.13691,51,0,2,1,1,0,0,0,2,0,7,50,0,1220,1220,9,5,28,2,0,1,0,0
1271624,2,2021,2021,8,1,7,916,17,6,917,0,1,1,-30.610995,151.537587,51,2,1,1,0,0,0,0,2,0,15,60,2,14295,14295,3,30,25,3,0,0,3,0
1271628,1,2021,2021,8,2,3,63,17,8,63,0,1,1,-34.113382,141.958242,51,1,0,1,0,0,0,0,0,0,7,100,2,4026,4026,8,10,40,1,0,0,0,2
1271629,2,2021,2021,6,0,5,481,17,10,483,0,1,1,-35.346566,145.761399,51,2,1,1,0,0,0,0,2,0,14,40,2,14295,14295,3,3,5,3,0,0,3,0
1271630,2,2021,2021,6,4,4,3371,17,18,3342,0,1,9,-33.011198,151.678176,37,0,2,0,1,0,3,4,2,0,7,80,2,1957,4009,8,5,40,1,0,0,1,0
1271631,1,2021,2021,8,0,6,56,31,252,59,0,1,10,-33.884766,151.211374,69,0,2,1,1,0,3,0,2,0,7,40,1,144,144,1,5,27,2,0,0,0,1
1271633,4,2021,2021,8,3,5,8,27,13,34609,0,1,1,-33.393719,150.211064,40,1,0,0,0,2,0,0,2,0,7,100,0,1109,787,1,16,19,2,0,1,1,0
1271635,2,2021,2021,8,5,8,6,27,30,34609,0,1,1,-34.762856,146.637752,51,1,0,0,1,0,3,4,2,0,7,100,0,2585,4009,8,5,40,1,0,0,1,0
1271636,2,2021,2021,6,2,2,69,31,106,34609,0,1,4,-28.871676,153.053678,60,2,1,0,2,0,0,0,0,0,7,50,0,4552,5151,8,16,40,1,0,0,1,0
1271637,4,2021,2021,6,2,1,3,27,11,34609,0,1,1,-35.725761,150.183618,23,2,1,0,2,0,0,0,0,0,7,50,0,4552,5151,8,9,40,1,0,1,1,0
1271638,2,2021,2021,0,4,4,171,27,60,369,0,1,9,-34.036726,150.73373,12,0,2,1,3,0,0,0,2,2,7,60,2,5929,5929,1,0,0,2,0,0,2,0
1271640,2,2021,2021,6,2,8,213,17,132,213,0,1,9,-29.781018,151.128648,33,2,1,1,2,0,0,0,3,0,7,50,2,1669,1669,3,34,41,2,0,0,1,0
1271641,2,2021,2021,5,0,6,5,31,131,34609,0,1,2,-36.079173,146.920459,0,2,1,1,1,0,0,0,2,0,7,50,0,1981,1981,4,30,19,2,0,0,1,0
1271643,2,2021,2021,5,4,2,128,27,61,133,0,1,1,-33.81691,150.651494,55,0,2,0,0,0,0,0,1,0,7,80,2,1089,1089,7,16,40,1,0,0,1,0
1271644,4,2021,2021,5,1,7,6,31,75,34609,0,1,1,-32.782554,151.640869,42,2,1,1,1,0,0,0,2,0,7,50,0,3775,3775,0,5,36,2,0,2,0,0
1271645,1,2021,2021,3,5,6,110,27,167,34609,0,1,1,-33.8256,151.075802,54,0,2,1,1,0,0,0,2,0,7,50,0,387,387,1,22,5,2,0,0,0,1
1271646,4,2021,2021,6,5,8,34,31,35,18,0,1,9,-33.819281,151.204883,77,0,2,1,1,0,0,0,2,2,7,60,1,5929,5929,1,16,0,2,0,1,0,0
1271647,2,2021,2021,6,3,4,512,17,7,441,0,1,1,-32.585638,148.953438,22,1,0,1,0,0,0,0,2,0,7,100,2,14295,14295,3,0,5,2,0,0,1,1
1271648,2,2021,2021,5,1,8,1,1,7,34609,0,1,9,-36.063129,150.125348,23,2,1,0,2,0,0,0,0,0,0,50,0,489,489,5,16,40,1,0,0,1,0
1271649,2,2021,2021,5,5,5,3,27,11,34609,0,1,1,-32.180407,148.621196,22,2,1,1,3,0,0,0,2,0,7,50,0,9859,9859,8,5,40,1,0,0,1,0
1271651,2,2021,2021,8,1,9,14,1,54,34609,0,1,1,-33.725763,151.090296,31,0,2,1,2,0,0,0,0,0,7,50,0,9859,9859,1,5,0,2,0,0,2,0
1271652,4,2021,2021,8,1,9,37,1,198,29,0,1,10,-33.904825,151.099697,15,0,2,1,2,0,0,0,3,2,9,50,1,214,214,9,33,28,2,0,1,0,0
1271653,2,2021,2021,5,6,4,191,17,562,189,0,1,2,-32.244297,148.614881,22,2,1,1,3,0,0,0,2,0,7,60,2,14295,14295,3,10,0,3,0,0,1,0
1271654,4,2021,2021,5,3,7,5,31,98,34609,0,1,1,-33.011991,151.592087,37,0,2,1,0,0,0,0,2,0,7,50,0,1981,1981,4,5,5,2,0,1,0,0
1271655,2,2021,2021,8,1,5,2126,17,106,2149,0,1,2,-33.886203,151.179323,69,0,2,1,1,0,3,4,2,0,7,60,2,238,238,9,9,28,2,0,0,1,0
1271656,4,2021,2021,5,5,7,2,31,290,34609,0,1,1,-33.85498,151.004436,21,0,2,1,0,0,0,0,2,0,7,50,0,489,489,8,30,40,1,0,1,1,0
1271657,2,2021,2021,5,5,8,1,25,433,34609,0,1,9,-33.268565,149.095547,52,2,1,1,1,0,0,0,2,0,7,50,0,4026,4026,8,5,40,1,0,0,1,0
1271659,4,2021,2021,6,4,6,2209,17,204,2205,0,1,10,-33.943688,151.142515,4,0,2,0,1,0,3,4,2,0,7,60,2,14295,14295,3,5,18,3,0,1,0,0
1271660,1,2021,2021,5,4,11,25,31,445,103,0,1,9,-33.864799,151.040329,21,0,2,1,3,2,0,0,0,0,7,50,1,3775,3775,0,10,25,2,0,0,0,1
1271669,2,2021,2021,5,0,10,76,24,164,154,0,1,9,-33.727099,150.896642,7,0,2,1,2,0,0,0,0,2,7,70,1,5929,5929,1,5,5,2,0,0,1,0
1271671,4,2021,2021,6,0,7,224,27,7,321,0,1,2,-33.965603,151.224141,59,0,2,1,2,0,0,0,2,2,7,70,2,1981,1981,4,8,0,2,0,1,0,0
1271673,4,2021,2021,5,6,7,3,27,18,34609,0,1,1,-29.024521,153.251803,60,1,0,0,0,0,0,0,2,0,7,100,0,4552,5151,8,5,40,1,0,1,1,0
1271674,2,2021,2021,5,0,11,5,27,29,34609,0,1,1,-29.039208,153.431417,60,1,0,1,0,0,3,0,0,0,7,100,0,475,475,5,10,40,1,0,0,1,0
1271678,4,2021,2021,5,3,8,4,27,37,34609,0,1,1,-30.994719,151.562586,51,1,0,1,0,2,0,3,3,0,7,100,0,1089,1089,7,16,40,1,0,1,0,0
1271685,2,2021,2021,5,4,5,361,32,111,65,0,1,1,-33.705626,150.874657,7,0,2,1,0,0,0,0,2,0,14,40,1,14295,14295,3,5,0,2,0,0,2,0
1271687,4,2021,2021,1,1,5,2,27,609,34609,0,1,1,-33.775792,150.9065,7,0,2,1,1,0,0,0,2,0,7,50,0,9859,9859,1,9,0,2,0,1,0,0
1271688,1,2021,2021,1,6,2,12,27,30,34,0,1,7,-34.204411,150.572281,79,2,2,1,3,0,0,0,1,0,0,60,1,6545,6545,4,5,13,2,0,0,0,1
1271692,2,2021,2021,1,0,3,133,17,22,121,0,1,1,-36.911532,149.2393,65,2,1,1,3,0,0,1,2,0,7,50,2,220,220,8,5,40,1,0,0,1,0
1271695,2,2021,2021,5,5,8,133,10,25,121,0,1,1,-31.541796,152.863672,56,1,0,1,0,0,0,0,2,0,7,100,1,1109,787,1,0,0,2,0,0,1,0
1271698,1,2021,2021,5,0,2,2261,17,243,2252,0,1,2,-33.956961,150.876819,41,0,2,1,3,0,0,0,0,0,7,70,2,14295,14295,3,5,5,2,0,0,0,1
1271700,1,2021,2021,1,1,4,125,27,17,123,0,1,10,-33.34167,151.428504,16,2,2,1,3,0,0,0,2,3,7,70,2,14295,14295,3,0,0,2,0,0,0,1
1271702,1,2021,2021,1,0,9,2126,17,80,2149,0,1,7,-33.758193,150.652178,55,0,2,0,3,0,0,0,3,0,0,60,2,14295,14295,3,10,36,2,0,0,0,1
1271711,1,2021,2021,1,4,7,13,31,438,34609,0,1,1,-33.847548,151.041707,21,0,2,1,3,0,0,0,2,0,7,50,0,248,248,1,29,5,2,0,0,0,1
1271718,1,2021,2021,1,1,5,3,31,161,34609,0,1,9,-33.889389,151.149175,32,0,2,1,3,0,0,0,2,0,7,50,0,1282,1282,1,17,5,2,0,0,0,1
1271719,2,2021,2021,5,5,7,135,17,131,136,0,1,10,-36.081663,146.923589,0,2,1,1,3,0,3,3,2,2,7,60,2,5929,5929,1,5,0,2,0,0,1,0
1271720,2,2021,2021,5,5,5,28,10,12,70,0,1,1,-31.933166,152.466436,43,2,1,1,0,0,0,0,2,0,7,40,1,1981,1981,4,31,0,2,0,0,1,0
1271721,4,2021,2021,1,2,3,195,27,40,186,0,1,2,-33.948514,150.838476,41,0,2,1,2,0,0,0,1,0,7,70,2,1192,1192,1,30,27,2,0,1,0,0
1271724,1,2021,2021,1,5,8,191,27,20,208,0,1,9,-33.802038,151.100493,61,0,2,0,1,0,3,4,3,0,7,60,2,4552,5151,8,5,40,1,0,0,0,1
1271725,4,2021,2021,5,0,11,25,31,460,55,0,1,10,-33.826596,150.98297,21,0,2,1,2,0,0,0,0,2,7,50,1,9859,9859,8,9,40,1,0,1,0,0
1271726,4,2021,2021,1,4,9,78,23,30,34,0,1,10,-34.192398,150.577011,79,2,2,1,0,0,0,0,0,0,0,80,1,6545,6545,4,10,5,2,0,1,0,0
1271731,2,2021,2021,1,0,5,145,27,115,80,0,1,1,-33.881746,151.183295,69,0,2,1,1,0,0,0,2,0,7,40,2,1669,1669,3,5,12,2,0,0,1,0
1271733,2,2021,2021,1,1,8,34,18,106,34609,0,1,9,-33.919426,151.090177,15,0,2,1,0,0,0,0,2,0,0,50,0,6545,6545,4,5,27,2,0,0,1,0
1271734,4,2021,2021,5,5,5,9,27,4,34609,0,1,1,-28.577673,152.928042,51,1,0,0,0,0,0,0,2,0,7,100,0,1850,1463,5,16,40,1,0,1,0,0
1271736,2,2021,2021,1,0,6,478,17,45,480,0,1,10,-33.348077,151.491578,16,2,2,1,0,0,0,0,2,0,7,50,2,9859,9859,1,0,5,2,0,0,1,0
1271738,2,2021,2021,5,1,9,280,10,237,240,0,1,10,-33.863953,150.954285,24,0,2,1,2,0,0,0,0,2,7,60,2,6545,6545,4,5,0,2,0,0,1,0
1271740,2,2021,2021,5,6,1,137,31,61,34609,0,1,1,-29.747989,151.745029,51,2,1,1,0,0,3,4,0,0,7,50,0,4026,4026,8,5,40,1,0,0,2,3
1271741,2,2021,2021,1,2,7,84,27,60,32,0,1,10,-33.825371,151.135258,51,0,2,1,1,0,0,0,2,0,0,60,1,6545,6545,4,5,13,2,0,0,1,1
1271748,2,2021,2021,6,2,4,2,27,11,34609,0,1,9,-32.704585,151.601999,42,2,1,1,1,0,0,0,2,0,0,50,0,2852,2852,4,5,27,2,0,0,1,0
1271755,4,2021,2021,1,2,9,5,27,13,34609,0,1,1,-32.414956,150.825166,46,1,0,0,2,0,0,0,0,0,7,100,0,1089,1089,7,10,40,1,0,1,0,0
1271756,4,2021,2021,1,0,3,6,25,115,34609,0,1,1,-33.750809,151.238306,50,0,2,1,1,0,0,0,2,0,7,50,0,368,368,9,8,28,2,0,1,0,0
1271759,1,2021,2021,1,1,4,89,17,51,21,0,1,1,-34.201122,150.969196,80,0,2,1,3,0,0,0,2,0,7,70,1,1669,1669,3,10,5,2,0,0,0,1
1271760,2,2021,2021,1,4,6,1104,14,167,962,0,1,3,-33.855942,151.065699,54,0,2,1,0,0,0,0,2,0,7,90,2,1282,1282,1,9,19,2,0,0,1,0
1271762,2,2021,2021,5,0,2,346,17,8,332,0,1,1,-28.868492,153.10469,60,1,0,1,0,0,0,1,0,0,7,100,2,1089,1089,7,10,40,1,0,0,1,0
1271765,4,2021,2021,5,0,6,34,31,29,34609,0,1,10,-33.975937,151.074829,25,0,2,1,0,0,0,3,2,0,0,50,0,6545,6545,4,5,10,2,0,1,0,0
1271768,4,2021,2021,5,6,7,24,1,123,34609,0,1,7,-33.917582,151.223953,59,0,2,1,1,0,0,0,2,0,0,50,0,6545,6545,4,0,27,2,0,1,0,0
1271769,4,2021,2021,1,0,9,80,27,316,50,0,1,2,-33.905865,151.230182,59,0,2,1,2,0,0,0,0,0,7,60,2,1945,1945,5,22,40,1,0,1,0,0
1271770,2,2021,2021,1,2,5,1,18,53,34609,0,1,1,-31.089565,150.927897,70,2,1,1,0,0,0,0,2,0,7,50,0,9859,9859,1,5,5,4,0,0,1,0
1271771,4,2021,2021,1,6,5,2,27,87,34609,0,1,7,-34.046892,151.155516,68,0,2,1,0,0,0,0,2,0,0,50,0,6545,6545,4,5,27,2,0,1,0,0
1271774,2,2021,2021,0,0,8,916,17,104,917,0,1,2,-32.816981,151.678737,48,0,2,0,1,0,0,3,3,0,7,80,2,14295,14295,3,10,5,4,0,0,3,0
1271775,1,2021,2021,6,4,1,161,17,55,161,0,1,1,-36.240401,149.097032,65,1,0,1,0,0,0,0,0,0,7,100,2,2040,2040,9,33,28,2,0,0,0,1
1271776,4,2021,2021,6,5,3,154,27,55,244,0,1,9,-33.901171,151.085239,15,0,2,1,2,0,3,3,0,0,0,60,2,2852,2852,4,5,12,2,0,1,0,0
1271779,2,2021,2021,1,2,9,1,31,16,34609,0,1,9,-33.379619,149.546242,3,2,1,1,2,0,0,0,0,0,7,50,0,190,190,1,16,13,2,0,0,1,0
1271782,2,2021,2021,5,6,0,348,17,105,232,0,1,7,-32.599213,149.587109,44,2,1,1,2,0,3,4,0,0,0,50,2,6545,6545,4,5,10,2,0,0,1,0
1271784,1,2021,2021,8,6,6,330,27,49,605,0,1,2,-33.716296,151.297499,50,0,2,1,0,0,0,0,2,0,7,60,2,14295,14295,3,33,5,4,0,0,0,1
1271785,4,2021,2021,1,1,8,77,31,247,38,0,1,1,-33.82977,150.928727,21,0,2,0,1,0,0,0,2,0,7,60,2,782,957,5,16,40,1,0,1,0,0