Crash ID,Degree of crash - detailed,Reporting year,Year of crash,Month of crash,Day of week of crash,Two-hour intervals,Street of crash,Street type,Town,Route no.,School zone location,School zone active,Type of location,Latitude,Longitude,LGA,Urbanisation,Conurbation 1,Alignment,Street lighting,Road surface,Surface condition,Weather,Natural lighting,Signals operation,Other traffic control,Speed limit,Road classification,RUM - code,DCA - code,First impact type,Key TU type,Other TU type,No. of traffic units involved,No. killed,No. seriously injured,No. moderately injured,No. minor-other injured
1271786,2,2021,2021,5,3,5,11,27,4,34609,0,1,1,-28.352992,153.24833,72,2,1,0,0,0,0,0,2,0,7,80,0,591,591,1,0,19,2,0,0,1,0
1271788,1,2021,2021,1,4,8,255,27,37,62,0,1,7,-32.809169,151.500484,17,2,1,0,2,0,0,0,0,0,0,70,2,515,515,1,5,5,2,0,0,0,1
1271789,1,2021,2021,1,5,6,163,27,41,165,0,1,9,-33.729102,150.819876,7,0,2,1,3,0,0,0,2,2,7,60,1,2852,2852,4,5,13,2,0,0,0,1
1271791,4,2021,2021,6,4,11,512,17,21,441,0,1,1,-31.626673,147.318417,51,2,1,1,0,0,3,0,0,0,7,80,2,945,945,5,10,40,1,0,2,0,0
1271792,2,2021,2021,6,5,9,109,27,460,106,1,0,9,-33.835083,150.98267,21,0,2,1,2,0,0,0,0,2,7,60,1,1220,1220,9,5,28,2,0,0,1,0
1271793,2,2021,2021,5,0,2,3371,17,17,3342,0,1,2,-28.494186,153.522042,10,1,0,1,2,0,0,0,1,0,7,110,2,9859,9859,8,0,40,1,0,0,1,0
1271794,1,2021,2021,5,0,3,120,36,9,148,0,1,1,-30.383345,152.564696,6,1,0,0,3,0,3,4,2,0,7,100,2,1957,4009,8,5,40,1,0,0,0,1
1271795,4,2021,2021,5,5,7,10,27,197,34609,0,1,7,-33.801211,151.130227,61,0,2,1,0,0,0,0,2,0,0,50,0,775,775,4,22,0,2,0,1,0,0
1271799,2,2021,2021,8,1,9,48,27,6,62,0,1,1,-35.354404,148.163198,66,1,0,1,0,0,0,0,0,0,7,100,2,3775,3775,0,10,0,2,0,0,2,0
1271808,2,2021,2021,6,4,3,17,27,29,15,0,1,1,-34.226288,150.745014,79,2,2,0,0,0,0,3,2,0,7,60,1,3775,3775,0,29,12,2,0,0,2,0
1271809,2,2021,2021,8,1,8,2126,17,136,2149,0,1,2,-33.858904,151.070538,67,0,2,1,0,0,0,0,3,0,7,60,2,9859,9859,8,15,40,1,0,0,1,0
1271832,1,2021,2021,1,1,7,47,31,37,34609,0,1,1,-29.459031,153.2097,18,2,1,0,3,0,0,0,2,0,7,50,0,782,957,5,5,40,1,0,0,0,1
1271839,2,2021,2021,1,5,8,2261,17,109,2252,0,1,9,-33.956829,150.875717,41,0,2,1,3,0,0,0,2,2,7,70,2,1669,1669,3,30,5,2,0,0,1,0
1271844,1,2021,2021,1,1,6,77,31,445,563,0,1,10,-33.884727,151.039953,21,0,2,1,3,0,0,0,2,2,7,80,2,5929,5929,1,5,5,2,0,0,0,1
1271848,1,2021,2021,1,4,6,45,31,204,331,0,1,9,-33.938431,151.15162,4,0,2,1,3,0,0,0,2,2,7,60,2,395,395,1,30,19,2,0,0,0,1
1271852,2,2021,2021,1,1,4,30,31,37,34609,1,2,1,-33.903076,151.254959,76,0,2,1,3,0,0,0,2,0,7,40,0,387,387,1,22,5,2,0,0,1,0
1271855,1,2021,2021,1,2,6,2209,17,106,2205,0,1,9,-33.889575,151.190031,69,0,2,1,1,0,0,0,2,2,7,50,2,30,30,9,0,28,2,0,0,0,1
1271860,1,2021,2021,1,6,8,2126,17,346,2149,0,1,9,-33.867243,151.096321,9,0,2,1,3,0,0,0,2,3,7,60,2,14295,14295,3,5,5,4,0,0,0,1
1271863,2,2021,2021,1,5,7,70,27,26,100,0,1,9,-33.683093,150.59723,8,2,2,0,3,0,3,4,2,0,0,60,2,1669,1669,3,10,5,2,0,0,1,0
1271868,1,2021,2021,5,1,7,89,27,11,228,0,1,9,-32.856348,151.323289,17,2,1,1,1,0,0,0,2,0,7,60,1,14295,14295,3,0,5,3,0,0,0,1
1271874,1,2021,2021,6,0,9,1,31,247,106,0,1,9,-33.828185,150.937575,21,0,2,1,2,0,0,0,0,0,0,60,1,14295,14295,3,5,5,3,0,0,0,2
1271876,2,2021,2021,1,1,3,19,27,37,34609,0,1,1,-33.876046,150.709557,41,0,2,0,0,0,0,1,2,0,7,70,0,418,714,5,5,40,1,0,0,1,0
1271877,4,2021,2021,1,3,5,23,10,19,174,0,1,10,-32.916907,151.478625,17,1,0,0,0,0,0,0,2,0,15,90,2,256,256,4,16,13,2,0,1,0,0
1271878,2,2021,2021,5,4,7,33,27,70,49,0,1,1,-33.877173,150.881828,24,0,2,0,1,0,0,0,2,0,7,60,1,1109,397,1,5,19,2,0,0,1,0
1271879,2,2021,2021,5,4,8,95,31,107,34609,0,1,1,-29.677546,152.943666,18,2,1,1,0,0,3,4,0,0,7,50,0,175,188,8,0,40,1,0,0,1,0
1271880,4,2021,2021,5,0,7,171,31,273,34609,0,1,7,-34.420345,150.898516,80,0,2,1,1,0,0,0,2,0,0,50,0,6545,6545,4,0,19,2,0,1,0,0
1271882,2,2021,2021,5,4,6,36,27,112,34609,0,1,1,-36.054547,146.94921,0,2,1,1,1,0,0,3,2,0,7,60,0,941,941,1,5,5,2,0,0,2,0
1271884,2,2021,2021,1,0,5,2,27,25,34609,0,1,1,-33.867572,150.634648,79,2,2,0,0,0,0,0,2,0,7,80,0,1850,1463,5,0,40,1,0,0,1,0
1271885,4,2021,2021,1,2,7,95,27,42,605,0,1,2,-33.665514,151.316801,50,0,2,1,0,0,0,0,2,0,7,60,2,144,144,1,5,27,2,0,1,0,0
1271886,2,2021,2021,1,5,7,2,31,70,24,0,1,9,-33.431343,151.358215,16,2,2,0,0,0,3,4,2,0,7,60,1,3775,3775,0,9,13,2,0,0,1,0
1271887,1,2021,2021,1,3,2,103,27,17,256,0,1,1,-34.147452,150.790582,13,0,2,0,0,0,0,0,1,0,7,80,2,1850,1463,5,5,40,1,0,0,0,1
1271888,2,2021,2021,1,2,9,44,31,53,34609,0,1,1,-31.869521,152.360832,43,2,1,1,0,0,0,0,0,0,7,50,0,4026,4026,8,0,40,1,0,0,2,1
1271896,4,2021,2021,1,2,8,25,10,22,34609,0,1,1,-35.962332,146.882914,27,1,0,1,0,2,0,0,2,0,7,100,0,4026,4026,8,10,40,1,0,2,0,0
1271901,2,2021,2021,6,3,7,85,10,72,702,0,1,9,-33.835381,151.088167,14,0,2,0,0,0,0,0,2,2,7,70,2,1109,787,1,5,5,2,0,0,1,0
1271904,1,2021,2021,3,4,4,3,27,17,34609,0,1,1,-28.591025,153.262066,39,2,1,0,0,0,0,0,2,0,7,80,0,1957,4009,8,10,40,1,0,0,0,1
1271909,4,2021,2021,0,4,11,3,27,3,34609,0,1,1,-28.60817,153.269689,39,1,0,0,0,0,0,0,0,0,7,100,0,782,957,5,0,40,1,0,1,0,0
1271912,2,2021,2021,5,6,8,20,27,11,45,0,1,9,-34.317911,148.499529,30,2,1,0,1,0,3,4,2,0,7,80,1,623,623,3,30,13,2,0,0,2,1
1271915,2,2021,2021,6,5,7,157,17,25,158,0,1,1,-33.768085,148.782636,51,1,0,1,0,0,0,0,2,0,7,100,2,323,323,1,10,37,2,0,0,1,0
1271916,2,2021,2021,1,3,7,7,27,5,34609,0,1,1,-28.331732,153.349203,72,2,1,1,0,0,0,0,2,0,7,80,0,1981,1981,4,10,5,2,0,0,1,0
1271919,2,2021,2021,5,0,5,27,31,107,157,0,1,10,-29.686441,152.937265,18,2,1,1,1,0,0,3,2,0,0,50,2,591,591,1,22,5,2,0,0,1,0
1271920,4,2021,2021,6,3,7,42,27,2,34609,0,1,1,-28.469136,153.373668,72,2,1,0,0,2,0,0,2,0,7,50,0,4552,5151,8,0,40,1,0,1,0,0
1271925,4,2021,2021,5,1,8,24,31,237,34609,0,1,10,-33.871025,150.953339,24,0,2,1,1,0,0,0,3,2,7,40,0,5929,5929,1,5,0,2,0,1,0,0
1271927,2,2021,2021,1,1,5,59,10,89,34609,0,1,0,-33.896506,151.239511,59,0,2,0,0,0,0,0,2,0,7,30,0,1192,1192,1,5,27,2,0,0,1,0
1271929,4,2021,2021,6,1,10,45,27,304,96,0,1,10,-33.909724,151.162208,32,0,2,1,2,0,0,0,0,2,7,60,2,6545,6545,4,5,0,2,0,1,2,0
1271931,1,2021,2021,6,3,0,171,1,252,55,0,1,10,-33.876951,151.212087,69,0,2,1,2,0,3,4,0,2,9,40,1,1220,1220,9,5,28,2,0,0,0,1
1271932,2,2021,2021,6,3,0,5,10,63,34609,0,1,1,-33.256545,151.476551,16,2,2,1,2,0,3,4,0,0,7,50,0,9859,9859,8,5,40,1,0,0,3,1
1271936,2,2021,2021,6,3,11,2261,17,646,2252,1,0,2,-33.9073,151.033556,15,0,2,1,0,0,0,0,0,0,7,60,2,9859,9859,8,5,40,1,0,0,1,0
1271940,1,2021,2021,5,5,8,3,27,4,34609,0,1,1,-35.366631,148.414205,66,1,0,0,0,0,0,0,2,0,7,100,0,1259,5151,8,5,40,1,0,0,0,1
1271942,2,2021,2021,5,3,7,115,27,73,46,0,1,7,-34.190352,150.631019,79,2,2,0,3,0,0,0,2,0,0,80,2,1957,4009,8,16,40,1,0,0,1,0
1271944,4,2021,2021,1,6,5,8,27,102,34609,0,1,1,-31.111979,150.914866,70,2,1,1,1,0,0,0,2,0,7,50,0,340,340,9,5,28,2,0,1,1,0
1271946,2,2021,2021,1,5,3,2,27,323,25,0,1,2,-33.812357,150.85039,7,0,2,1,3,0,3,3,2,0,7,60,2,3775,3775,0,5,0,2,0,0,1,0
1271948,2,2021,2021,1,1,3,177,22,58,176,0,1,2,-34.04509,151.131479,68,0,2,1,3,0,0,0,1,0,7,70,2,14295,14295,3,10,13,2,0,0,1,0
1271951,2,2021,2021,5,0,1,475,31,44,27,0,1,1,-33.972364,151.117953,25,0,2,0,2,0,3,3,0,0,7,60,1,4552,5151,1,5,25,4,0,0,1,0
1271952,2,2021,2021,5,4,6,7,27,29,7,0,1,1,-31.932945,149.854681,51,1,0,0,0,0,3,4,2,0,7,100,1,2585,4009,8,10,40,1,0,0,1,0
1271957,4,2021,2021,5,4,8,19,31,84,34609,0,1,10,-31.10835,150.894677,70,2,1,1,2,0,0,0,3,0,0,50,0,6545,6545,4,16,5,2,0,1,0,0
1271959,4,2021,2021,5,1,3,35,27,3,24,0,1,1,-32.930211,149.461383,44,1,0,0,0,0,0,0,1,0,7,100,1,1089,1089,7,16,40,1,0,1,0,0
1271960,2,2021,2021,1,1,9,4,31,70,34609,0,1,1,-33.872944,150.874228,24,0,2,1,2,0,0,0,0,0,7,50,0,9859,9859,1,10,0,2,0,0,1,0
1271961,2,2021,2021,5,0,10,2,27,22,8,0,1,1,-35.942167,146.884986,27,1,0,1,0,0,3,3,0,0,7,100,1,9859,9859,8,10,40,1,0,0,1,0
1271962,2,2021,2021,6,6,7,251,14,139,124,0,1,3,-33.830283,151.213787,49,0,2,1,1,0,0,0,2,0,7,80,2,14295,14295,3,0,0,3,0,0,2,1
1271964,4,2021,2021,1,3,7,13,27,6,34609,0,1,1,-35.676146,147.962881,66,1,0,0,0,0,0,0,2,0,7,100,0,782,957,5,16,40,1,0,1,0,0
1271965,4,2021,2021,1,2,6,1,34,1,34609,0,1,1,-28.556851,153.304094,39,2,1,1,0,2,0,0,2,0,7,60,0,9859,9859,8,16,40,1,0,1,0,0
1271966,4,2021,2021,1,0,7,27,10,21,34609,0,1,9,-28.271052,153.466075,72,2,1,0,1,0,0,0,2,0,0,60,0,5929,5929,1,0,5,2,0,1,0,0
1271967,2,2021,2021,5,6,6,26,27,26,25,0,1,9,-31.967766,152.580543,43,2,1,1,1,0,0,0,2,0,7,50,1,5929,5929,1,5,13,2,0,0,1,0
1271969,4,2021,2021,1,0,5,2209,17,40,2205,0,1,9,-35.051909,150.576227,63,1,0,1,0,0,0,0,2,0,15,100,2,3775,3775,0,5,10,2,0,1,1,0
1271971,1,2021,2021,8,1,11,2209,17,58,2205,0,1,9,-34.410879,150.892397,80,0,2,0,2,0,3,4,0,2,7,60,2,2585,4009,8,5,40,1,0,0,0,2
1271972,2,2021,2021,1,2,11,2,31,10,34609,0,1,1,-35.581546,148.298888,66,2,1,1,2,0,0,0,0,0,7,50,0,9859,9859,8,5,40,1,0,0,1,0
1271973,2,2021,2021,6,4,11,308,14,164,311,0,1,3,-33.732866,150.871274,7,0,2,1,0,0,3,1,0,0,7,100,2,14295,14295,3,0,0,2,0,0,1,1
1271974,2,2021,2021,6,4,6,76,27,85,148,0,1,9,-32.935895,151.734955,48,0,2,1,1,0,0,0,2,0,7,60,1,4026,4026,1,5,5,2,0,0,1,0
1271975,4,2021,2021,6,6,9,478,17,58,480,0,1,9,-33.435112,151.297134,16,2,2,0,2,0,0,0,0,2,7,60,2,14295,14295,3,5,36,2,0,1,0,0
1271977,1,2021,2021,1,6,7,41,31,137,34609,0,1,10,-32.969888,151.702171,37,0,2,1,0,0,0,0,2,0,15,50,0,6545,6545,4,5,25,2,0,0,0,1
1271978,1,2021,2021,5,6,7,8,31,463,34609,0,1,1,-30.282432,153.118461,19,2,1,1,3,0,0,0,2,0,7,50,0,9859,9859,1,5,41,2,0,0,0,1
1271981,2,2021,2021,5,0,0,39,31,131,34609,0,1,1,-36.068354,146.923885,0,2,1,1,2,0,0,0,0,0,7,60,0,9859,9859,8,5,40,1,0,0,1,0
1271989,2,2021,2021,5,3,10,348,17,12,232,0,1,1,-33.018162,149.872122,44,1,0,0,0,0,0,0,0,0,7,100,2,4552,5151,8,29,40,1,0,0,1,0
1271992,4,2021,2021,5,2,3,512,17,19,441,0,1,9,-32.417439,148.847493,22,1,0,1,0,0,0,1,1,0,7,110,2,9859,9859,8,10,40,1,0,1,0,0
1271993,4,2021,2021,6,5,1,1052,14,107,928,0,1,3,-33.275455,151.405622,16,1,2,1,0,0,0,0,0,0,14,110,2,14295,14295,3,3,10,4,0,3,0,0
1271994,2,2021,2021,5,5,6,866,17,110,793,0,1,9,-33.752927,151.047823,71,0,2,0,1,0,0,0,2,2,7,70,2,14295,14295,3,0,0,2,0,0,1,0
1271995,2,2021,2021,5,2,6,171,31,56,34609,0,1,1,-31.457406,152.730278,56,2,1,1,1,0,0,0,2,0,7,50,0,1282,1282,1,0,40,1,0,0,1,0
1271996,4,2021,2021,6,5,7,77,10,40,331,0,1,10,-34.214875,150.596676,79,2,2,1,1,0,0,0,2,0,7,60,1,1669,1669,3,16,0,2,0,1,0,0
1271997,2,2021,2021,6,6,10,3,27,9,34609,0,1,1,-33.320106,148.980281,11,2,1,0,0,0,0,0,0,0,7,50,0,1259,5151,8,5,40,1,0,0,1,0
1271998,4,2021,2021,6,6,8,2,1,70,34609,0,1,1,-33.248155,151.511198,16,2,2,1,1,0,0,0,3,0,7,50,0,220,220,8,5,40,1,0,1,0,0
1272000,4,2021,2021,6,3,7,387,27,82,34609,0,1,1,-31.054174,150.92697,70,2,1,1,0,0,0,0,2,0,7,80,0,3775,3775,0,5,5,2,0,3,1,0
1272004,4,2021,2021,6,0,4,2209,17,201,2205,0,1,1,-34.872027,150.605856,63,2,1,0,1,0,0,0,2,0,7,60,2,14295,14295,3,0,5,4,0,1,0,0
1272005,4,2021,2021,6,5,6,105,17,251,136,0,1,10,-33.776727,150.933164,7,0,2,1,1,0,0,0,2,2,7,60,2,926,926,4,5,0,2,0,1,1,0
1272006,1,2021,2021,0,0,9,229,14,278,237,0,1,3,-33.760643,151.038395,54,0,2,1,3,0,0,0,3,0,7,100,2,14295,14295,3,5,0,3,0,0,0,1
1272007,2,2021,2021,6,4,3,22,27,132,26,0,1,9,-29.734324,151.139976,33,1,0,1,0,0,0,1,2,0,0,100,1,5929,5929,1,10,5,2,0,0,2,0
1272008,1,2021,2021,6,4,4,8,31,204,34609,1,0,9,-33.940033,151.145743,4,0,2,1,1,0,3,4,2,0,7,50,0,220,220,8,6,40,1,0,0,0,3
1272009,2,2021,2021,6,0,4,77,27,25,100,0,1,10,-34.495815,150.409005,78,2,1,1,0,0,3,3,2,0,0,60,2,926,926,4,0,19,2,0,0,1,0
1272010,2,2021,2021,6,0,8,224,27,102,321,0,1,10,-33.946971,151.197319,4,0,2,1,0,0,0,0,3,2,7,50,2,83,83,5,30,40,1,0,0,1,0
1272011,2,2021,2021,5,4,3,2,31,90,17,0,1,1,-33.71287,150.314812,8,2,2,0,1,0,1,3,2,0,7,50,1,3775,3775,0,5,0,2,0,0,1,0
1272017,2,2021,2021,5,6,4,5,27,58,34609,0,1,2,-32.98405,151.671165,37,0,2,0,0,0,0,0,2,0,7,60,0,4552,5151,8,12,40,1,0,0,1,0
1272019,2,2021,2021,5,2,5,3,27,304,34609,0,1,7,-33.900337,151.165362,32,0,2,1,0,0,0,0,2,0,0,50,0,6545,6545,4,5,27,2,0,0,1,0
1272021,2,2021,2021,5,4,4,32,27,6,34609,0,1,9,-34.384744,150.894708,80,0,2,1,3,0,0,0,2,0,7,60,0,14295,14295,3,5,5,2,0,0,1,0
1272022,2,2021,2021,1,0,6,40,27,73,34609,0,1,9,-35.15011,147.371314,75,2,1,1,3,0,0,0,2,0,15,60,0,775,775,4,5,36,2,0,0,1,0
1272023,4,2021,2021,5,1,5,14,31,69,34609,0,1,1,-28.555465,153.499231,10,2,1,1,1,0,0,0,2,0,7,50,0,144,144,1,5,27,2,0,1,0,0
1272024,4,2021,2021,1,6,6,126,1,226,144,0,1,10,-33.764206,150.817468,7,0,2,1,1,0,0,0,2,2,7,60,2,9859,9859,8,30,40,1,0,1,0,0
1272026,1,2021,2021,1,4,9,2126,17,65,2149,0,1,2,-33.811423,150.951718,21,0,2,1,3,0,0,0,3,0,7,80,2,14295,14295,3,0,0,2,0,0,0,1
1272029,4,2021,2021,1,0,8,334,17,5,308,0,1,1,-31.448714,152.509763,56,2,1,0,0,0,0,0,2,0,7,80,2,3775,3775,0,9,0,3,0,2,1,0
1272033,2,2021,2021,1,5,5,1,27,10,34609,0,1,1,-33.108682,151.416379,37,0,2,1,3,0,0,0,2,0,7,100,0,1089,1089,7,16,40,1,0,0,1,0
1272034,2,2021,2021,8,2,1,348,17,31,232,0,1,1,-30.972064,148.387685,51,1,0,0,2,0,0,0,0,0,7,100,2,273,957,5,29,40,1,0,0,1,0
1272037,4,2021,2021,1,1,5,387,27,204,331,0,1,10,-33.942239,151.132672,4,0,2,1,1,0,0,0,2,2,7,60,2,6545,6545,4,16,5,2,0,1,0,0
1272038,2,2021,2021,1,2,2,220,14,130,220,0,1,3,-34.470273,150.835775,80,0,2,1,0,0,0,0,0,0,7,100,2,475,475,5,9,40,1,0,0,1,0
1272039,4,2021,2021,5,2,6,35,27,4,24,0,1,1,-33.031522,149.593884,3,1,0,0,0,0,0,0,2,0,7,100,1,1850,1463,5,16,40,1,0,1,0,0
1272040,1,2021,2021,1,0,4,37,1,96,212,0,1,10,-35.35689,149.222965,58,2,1,1,3,0,0,0,2,2,7,60,2,14295,14295,3,5,5,2,0,0,0,1
1272046,4,2021,2021,1,6,6,55,10,112,47,0,1,9,-33.436162,151.405868,16,2,2,1,0,0,0,0,2,0,15,70,2,2852,2852,4,10,5,2,0,1,0,0
1272051,1,2021,2021,1,3,8,475,10,42,268,0,1,9,-33.876057,150.842363,24,0,2,1,1,0,0,0,2,2,7,80,2,623,623,3,10,5,2,0,0,0,1
1272053,2,2021,2021,1,2,7,2126,17,106,2149,0,1,10,-33.886842,151.176557,69,0,2,1,1,0,0,0,2,3,7,60,2,1383,1383,1,22,5,2,0,0,1,0
1272054,2,2021,2021,1,4,7,33,1,31,34609,0,1,2,-33.923388,150.88951,41,0,2,1,1,0,0,0,2,0,7,50,0,1282,1282,1,5,27,2,0,0,1,0
1272055,2,2021,2021,0,3,5,37,31,323,34609,0,1,1,-33.753658,150.995454,71,0,2,1,0,0,0,0,2,0,7,50,0,1981,1981,4,5,5,3,0,0,1,0
1272057,4,2021,2021,6,4,7,7,27,54,34609,0,1,1,-28.528779,153.54153,10,2,1,0,1,0,3,4,2,0,7,50,0,3775,3775,0,10,0,2,0,1,1,0
1272058,4,2021,2021,6,5,9,5,27,15,24,0,1,1,-28.80977,153.49044,2,2,1,1,0,0,3,4,0,0,7,80,1,4026,4026,8,0,40,1,0,1,0,0
1272060,2,2021,2021,1,2,8,2126,17,363,2149,0,1,9,-33.750624,150.695951,55,0,2,1,1,0,0,0,2,2,7,50,2,5929,5929,1,22,5,2,0,0,1,0
1272063,2,2021,2021,5,0,5,3,31,148,34609,0,1,9,-36.046902,146.927153,0,2,1,1,0,0,3,4,2,0,7,50,0,2852,2852,4,5,36,2,0,0,1,0
1272066,2,2021,2021,6,1,3,113,27,113,111,0,1,2,-33.784438,150.770836,55,0,2,1,1,0,0,0,2,0,7,60,2,14295,14295,3,16,13,2,0,0,1,0
1272070,2,2021,2021,5,5,8,22,31,283,125,0,1,10,-33.831828,151.009894,21,0,2,1,1,0,0,0,2,2,7,50,1,2040,2040,9,5,28,2,0,0,1,0
1272071,2,2021,2021,1,4,10,133,10,5,121,0,1,2,-31.6355,152.756147,56,2,1,1,2,0,0,0,0,0,7,70,1,2040,2040,9,5,28,2,0,0,1,0
1272072,2,2021,2021,6,0,8,58,27,74,34609,0,1,10,-34.426865,150.85327,80,0,2,1,2,0,0,0,3,0,0,50,0,2852,2852,4,34,27,2,0,0,1,0
1272075,2,2021,2021,1,1,7,56,31,119,126,0,1,9,-32.759734,151.750655,57,2,1,1,1,0,0,0,2,2,7,60,2,4552,985,8,5,40,1,0,0,1,0
1272076,4,2021,2021,0,3,0,193,31,9,5,0,1,1,-32.432682,151.552685,51,2,1,1,0,0,0,0,0,0,7,50,1,237,162,8,5,40,1,0,1,0,0
1272079,2,2021,2021,1,1,2,2126,17,60,2149,0,1,1,-33.662721,150.277832,8,2,2,0,0,0,0,0,0,0,7,80,2,4552,5151,8,0,40,1,0,0,1,0
1272085,2,2021,2021,1,4,7,6,31,76,34609,0,1,1,-35.358702,150.472735,63,2,1,1,1,0,0,0,2,0,9,40,0,1282,1282,1,5,40,1,0,0,1,0
1272089,2,2021,2021,5,6,3,478,17,69,480,0,1,7,-33.368994,151.475408,16,2,2,0,1,0,0,0,2,0,0,60,2,2852,2852,4,5,27,2,0,0,1,0
1272094,2,2021,2021,5,1,3,213,17,10,213,0,1,1,-29.63399,152.098973,51,1,0,1,0,0,3,0,0,0,7,100,2,4026,4026,8,8,40,1,0,0,1,0
1272098,2,2021,2021,5,4,7,204,31,169,99,0,1,9,-33.900811,151.209758,69,0,2,1,1,0,0,0,2,2,7,50,2,14295,14295,3,5,13,2,0,0,1,0
1272099,2,2021,2021,1,1,5,36,31,363,31,0,1,10,-33.818648,151.016907,54,0,2,1,3,0,0,0,2,1,7,60,1,926,926,4,9,0,2,0,0,1,1
1272100,1,2021,2021,0,5,5,72,14,173,71,0,1,3,-33.875912,151.217237,69,0,2,1,3,0,0,0,2,0,7,50,2,14295,14295,3,8,25,2,0,0,0,1
1272101,2,2021,2021,1,4,4,26,27,5,34609,0,1,1,-35.248279,149.326865,58,2,1,0,3,0,0,0,2,0,7,80,0,2585,4009,8,5,40,1,0,0,1,0
1272106,2,2021,2021,1,2,5,7,31,182,34609,0,1,1,-32.834232,151.352736,17,2,1,1,1,0,0,0,2,0,7,50,0,1981,1981,4,0,18,2,0,0,1,0
1272111,1,2021,2021,1,0,6,3,31,54,34609,0,1,10,-33.083202,151.633907,37,0,2,1,3,0,0,0,2,0,0,50,0,6545,6545,4,9,5,2,0,0,0,1
1272115,2,2021,2021,1,0,7,1,27,4,34609,0,1,1,-30.837071,152.9944,34,1,0,1,1,0,0,0,2,0,7,100,0,1089,1089,7,5,40,1,0,0,1,0
1272117,1,2021,2021,1,2,9,21,31,316,34609,0,1,10,-31.431108,152.904494,56,2,1,1,2,0,0,0,0,0,0,50,0,775,775,4,0,19,2,0,0,0,1
1272118,2,2021,2021,7,2,7,21,31,52,34609,0,1,1,-33.908312,151.260747,76,0,2,1,0,0,3,4,2,0,7,50,0,387,387,1,5,5,2,0,0,1,0
1272120,2,2021,2021,5,0,3,145,27,201,34609,0,1,10,-34.872355,150.601038,63,2,1,0,1,0,0,0,2,2,7,50,0,6545,6545,4,10,0,2,0,0,1,0
1272122,2,2021,2021,1,1,7,39,31,166,21,0,1,1,-33.942301,150.996952,15,0,2,1,0,0,0,0,2,0,7,60,1,340,340,9,10,28,2,0,0,1,0
1272123,4,2021,2021,5,5,3,3371,17,17,3342,0,1,2,-28.900509,153.480348,2,1,0,1,0,0,0,0,1,0,7,110,2,14295,14295,3,0,35,2,0,1,0,0
1272124,1,2021,2021,0,2,3,104,27,443,702,0,1,9,-33.900598,151.065146,67,0,2,1,1,0,0,0,2,2,7,70,2,14295,14295,3,33,13,2,0,0,0,1
1272126,4,2021,2021,5,3,4,2,27,5,34609,0,1,1,-35.743933,146.598896,27,1,0,1,0,2,3,3,2,0,7,100,0,1089,1089,7,16,40,1,0,1,0,0
1272129,2,2021,2021,5,4,6,3371,17,104,3342,0,1,2,-32.846988,151.694251,48,0,2,1,0,0,0,0,2,0,7,80,2,14295,14295,3,5,0,4,0,0,1,0
1272131,4,2021,2021,1,3,4,1,1,58,34609,0,1,9,-33.759248,151.14578,36,0,2,1,0,0,0,0,2,0,7,50,0,9859,9859,1,30,11,2,0,1,0,0
1272134,1,2021,2021,6,0,1,15,27,3,9,0,1,1,-29.765155,150.736886,33,2,1,1,0,0,0,0,0,0,7,80,1,1089,1089,7,10,40,1,0,0,0,1
1272135,2,2021,2021,5,1,4,7,27,21,34609,0,1,9,-33.038086,151.584835,37,0,2,1,1,0,0,0,2,0,0,50,0,6545,6545,4,30,13,2,0,0,1,0
1272137,4,2021,2021,1,2,10,230,27,197,284,0,1,2,-33.78932,151.127887,61,0,2,1,2,0,0,0,0,0,7,70,2,9859,9859,8,30,40,1,0,1,0,0
1272146,1,2021,2021,1,2,6,177,22,49,176,0,1,2,-34.046835,151.136318,68,0,2,1,3,0,0,0,2,0,7,70,2,14295,14295,3,5,5,3,0,0,0,1
1272149,2,2021,2021,6,3,5,330,23,54,233,0,1,10,-33.89532,151.221661,69,0,2,1,1,0,0,0,2,2,7,60,2,14295,14295,3,16,5,2,0,0,1,0
1272150,1,2021,2021,5,5,9,194,1,84,34609,0,1,9,-33.812394,150.985826,21,0,2,1,2,0,0,0,0,0,0,50,0,5929,5929,1,5,0,3,0,0,0,1
1272151,2,2021,2021,1,2,11,101,10,11,34609,0,1,9,-33.727966,150.796149,7,0,2,1,2,0,0,0,0,0,7,50,0,9859,9859,1,5,5,2,0,0,1,0
1272154,1,2021,2021,1,5,5,103,27,33,167,0,1,10,-33.984176,151.136306,25,0,2,1,3,0,0,0,2,3,7,60,2,14295,14295,3,9,5,2,0,0,0,1
1272155,2,2021,2021,1,1,7,42,10,65,39,0,1,9,-34.487864,150.884805,80,0,2,0,3,0,0,0,2,0,0,60,1,5929,5929,1,5,41,2,0,0,1,0
1272156,4,2021,2021,6,2,10,5,27,13,34609,0,1,1,-33.311932,148.77115,11,1,0,0,0,0,3,4,0,0,7,100,0,1957,4009,8,10,40,1,0,1,0,0
1272157,1,2021,2021,1,3,5,11,27,9,34609,0,1,1,-31.92432,151.288881,73,1,0,0,3,2,0,0,2,0,7,100,0,1850,1463,5,16,40,1,0,0,0,1
1272158,2,2021,2021,1,2,8,20,2,99,34609,0,1,0,-33.887932,151.279961,76,0,2,1,3,0,0,0,2,0,7,50,0,1259,985,8,0,40,1,0,0,2,0
1272162,4,2021,2021,6,3,8,118,17,8,118,0,1,1,-30.423104,149.851384,51,1,0,1,0,0,0,0,2,0,7,100,2,9859,9859,8,5,40,1,0,2,0,0
1272164,2,2021,2021,1,2,6,1,27,8,34609,0,1,1,-33.397755,150.087865,40,2,1,0,0,0,0,0,2,0,7,50,0,418,714,5,5,40,1,0,0,1,0