Crash ID,Degree of crash - detailed,Reporting year,Year of crash,Month of crash,Day of week of crash,Two-hour intervals,Street of crash,Street type,Town,Route no.,School zone location,School zone active,Type of location,Latitude,Longitude,LGA,Urbanisation,Conurbation 1,Alignment,Street lighting,Road surface,Surface condition,Weather,Natural lighting,Signals operation,Other traffic control,Speed limit,Road classification,RUM - code,DCA - code,First impact type,Key TU type,Other TU type,No. of traffic units involved,No. killed,No. seriously injured,No. moderately injured,No. minor-other injured
1272166,2,2021,2021,5,6,2,348,17,19,232,0,1,1,-33.416785,150.10063,40,1,0,1,0,0,1,2,1,0,7,100,2,9859,9859,8,10,40,1,0,0,1,0
1272167,1,2021,2021,1,5,5,22,27,6,26,0,1,1,-29.553455,151.131013,33,1,0,1,3,0,0,0,2,0,7,100,1,1089,1089,7,0,40,1,0,0,0,1
1272171,4,2021,2021,6,5,11,1052,14,83,928,0,1,3,-33.486586,151.184861,16,1,2,0,2,0,3,4,0,0,7,90,2,4552,5151,8,5,40,2,0,1,0,0
1272172,2,2021,2021,1,0,3,11,1,168,34609,0,1,1,-33.713205,150.835113,7,0,2,1,0,0,0,0,1,0,7,60,0,9859,9859,1,9,35,2,0,0,1,0
1272175,2,2021,2021,0,0,8,8,31,77,42,0,1,10,-32.942892,151.758034,48,0,2,1,3,0,0,0,2,0,15,50,1,9859,9859,1,0,5,2,0,0,1,0
1272179,1,2021,2021,6,6,9,22,31,293,34609,0,1,9,-33.935871,151.047348,15,0,2,1,3,0,0,0,3,0,7,50,0,1669,1669,3,0,0,3,0,0,0,1
1272182,2,2021,2021,1,3,8,7,31,105,34609,0,1,1,-32.592625,149.584543,44,2,1,1,2,0,0,0,3,0,7,50,0,9859,9859,8,0,40,1,0,0,1,0
1272184,4,2021,2021,7,3,5,5,36,29,34609,0,1,1,-32.261288,152.325944,43,2,1,0,0,0,0,0,2,0,7,80,0,4552,5151,8,16,40,1,0,1,0,0
1272189,2,2021,2021,5,2,10,107,22,98,174,0,1,10,-33.012766,151.589766,37,0,2,1,2,0,0,0,0,2,9,60,2,5929,5929,1,22,5,2,0,0,1,0
1272190,4,2021,2021,1,1,7,3,1,3,34609,0,1,10,-33.895404,150.604055,79,2,2,1,0,0,0,0,2,0,15,60,0,6545,6545,4,9,5,2,0,2,1,0
1272198,2,2021,2021,1,6,5,58,23,79,34609,0,1,1,-33.978041,151.115542,25,0,2,1,1,0,0,0,2,0,7,50,0,175,188,1,9,13,3,0,0,1,0
1272200,2,2021,2021,5,1,8,15,31,169,34609,0,1,10,-28.643821,153.613557,10,2,1,1,2,0,0,0,0,0,0,50,0,1220,1220,9,0,28,2,0,0,2,0
1272223,4,2021,2021,5,5,7,1,27,1,34609,0,1,1,-28.711944,152.557044,51,1,0,0,0,2,0,0,2,0,7,100,0,4552,5151,8,8,40,1,0,1,0,0
1272225,2,2021,2021,1,6,3,6,31,148,34609,0,1,1,-36.034358,146.951484,0,2,1,1,1,0,0,0,2,0,7,50,0,3775,3775,0,5,5,2,0,0,1,0
1272227,2,2021,2021,1,4,5,3,27,6,34609,0,1,1,-34.647826,149.964181,26,2,1,1,0,2,0,0,2,0,7,80,0,4026,4026,8,30,40,1,0,0,1,0
1272228,2,2021,2021,5,6,6,118,17,23,118,0,1,1,-31.624526,150.716158,51,1,0,1,0,0,0,0,2,0,7,100,2,4026,4026,8,0,40,1,0,0,1,1
1272229,4,2021,2021,1,6,5,5,31,36,34609,0,1,7,-36.092837,146.913378,0,2,1,1,1,0,0,0,2,0,0,50,0,6545,6545,4,5,27,2,0,1,0,0
1272230,4,2021,2021,1,5,8,35,10,463,34609,0,1,1,-30.299483,153.118652,19,2,1,1,1,0,0,0,2,0,9,40,0,2040,2040,9,5,26,2,0,1,0,0
1272232,1,2021,2021,11,0,6,112,27,96,256,0,1,10,-34.049507,150.826774,13,0,2,1,3,0,0,0,2,2,7,60,2,14295,14295,3,8,5,2,0,0,0,1
1272233,1,2021,2021,7,0,5,8,27,3,34609,0,1,1,-34.560005,150.561616,78,2,1,1,3,0,0,0,2,0,7,80,0,9859,9859,8,34,40,1,0,0,0,1
1272234,2,2021,2021,5,0,8,80,27,123,50,0,1,2,-33.902958,151.224516,59,0,2,1,3,0,0,0,0,0,7,60,2,9859,9859,1,16,36,2,0,0,1,0
1272236,2,2021,2021,6,0,7,916,17,17,917,0,1,9,-32.161038,150.888813,73,2,1,1,0,0,0,0,2,0,7,50,2,2852,2852,4,10,19,2,0,0,1,0
1272238,1,2021,2021,5,6,9,2,27,68,34609,0,1,1,-33.877742,151.244775,81,0,2,1,3,0,0,6,0,0,7,50,0,1945,1945,5,15,40,1,0,0,0,1
1272239,1,2021,2021,11,5,8,48,31,104,605,0,1,10,-33.829849,151.215219,49,0,2,1,3,0,0,0,2,2,7,60,2,14295,14295,3,5,25,2,0,0,0,1
1272241,4,2021,2021,5,2,4,3371,17,207,3342,0,1,9,-33.545203,151.197537,31,0,2,0,0,0,0,0,2,0,7,80,2,1282,1282,1,0,27,3,0,2,0,0
1272246,2,2021,2021,6,4,7,195,27,20,186,0,1,9,-33.937489,150.842178,41,0,2,1,3,0,3,4,2,0,0,70,2,14295,14295,3,5,5,2,0,0,1,1
1272248,2,2021,2021,1,1,8,213,17,113,213,0,1,1,-29.556017,149.487681,51,1,0,1,0,0,3,4,3,0,7,100,2,1109,787,1,10,5,2,0,0,3,0
1272253,2,2021,2021,1,0,3,485,27,337,769,0,1,9,-33.738845,150.98413,71,0,2,1,3,0,0,0,2,2,7,70,2,5929,5929,1,21,36,3,0,0,1,1
1272257,2,2021,2021,6,6,5,2261,17,284,2252,0,1,9,-33.907276,151.023967,15,0,2,1,1,0,0,0,2,2,7,60,2,1383,1383,1,5,5,3,0,0,1,0
1272263,1,2021,2020,5,0,8,866,17,314,793,0,1,9,-33.844342,150.955567,21,0,2,0,0,0,3,4,2,2,7,70,2,14295,14295,3,0,5,2,0,0,0,1
1272264,1,2021,2021,11,6,10,133,17,10,121,0,1,1,-35.958434,149.150054,65,2,1,0,2,0,0,0,0,0,7,60,2,2585,4009,8,3,40,1,0,0,0,1
1272265,4,2021,2021,1,4,7,118,17,6,118,0,1,1,-30.588815,149.947944,51,2,1,1,0,2,0,0,2,2,7,60,2,14295,14295,3,10,0,3,0,1,2,0
1272266,2,2021,2021,1,0,11,232,36,109,331,0,1,10,-33.955077,150.864255,41,0,2,1,2,0,0,0,0,2,7,70,2,6545,6545,4,0,13,2,0,0,1,0
1272267,4,2021,2021,1,6,6,15,27,433,34609,0,1,1,-33.229886,149.131123,52,1,0,1,0,0,3,3,2,0,7,100,0,4026,4026,8,5,40,1,0,1,0,0
1272268,1,2021,2021,8,5,8,387,36,115,69,0,1,9,-33.749453,151.224767,50,0,2,1,3,0,0,0,3,1,0,70,2,5929,5929,1,0,5,2,0,0,0,1
1272269,2,2021,2021,11,4,7,1,25,154,34609,0,1,10,-33.709741,150.972804,71,0,2,1,3,0,0,0,2,0,7,50,0,5929,5929,1,30,5,2,0,0,1,0
1272273,1,2021,2021,1,6,7,65,31,23,34609,0,1,9,-34.390149,150.881623,80,0,2,1,3,0,0,0,2,0,0,50,0,5929,5929,1,0,5,2,0,0,0,1
1272280,2,2021,2021,11,6,8,133,27,46,260,0,1,9,-32.913382,151.660796,48,0,2,1,3,0,0,0,2,2,7,70,2,14295,14295,3,0,19,2,0,0,1,0
1272281,1,2021,2021,11,0,4,515,14,188,518,0,1,3,-33.936191,151.108676,15,0,2,1,3,0,0,0,2,0,7,80,2,14295,14295,3,10,36,2,0,0,0,1
1272283,1,2021,2021,1,0,9,147,27,224,21,1,0,1,-33.829369,151.244131,45,0,2,1,3,0,0,0,0,0,7,50,1,387,387,1,22,36,2,0,0,0,1
1272284,1,2021,2021,5,1,11,108,31,171,34609,0,1,1,-33.809223,150.971672,21,0,2,1,2,0,0,0,0,0,7,50,0,9859,9859,1,0,5,2,0,0,0,1
1272285,2,2021,2021,1,4,10,3,27,8,34609,0,1,1,-32.673179,151.910562,57,2,1,1,0,0,0,0,0,0,7,80,0,4026,4026,8,5,40,1,0,0,1,0
1272291,4,2021,2021,6,0,6,230,27,84,284,0,1,10,-33.775225,151.104575,61,0,2,1,0,0,0,0,2,0,15,70,2,5929,5929,1,5,5,2,0,2,0,1
1272292,2,2021,2021,11,5,9,21,27,62,23,0,1,1,-33.742462,150.637248,8,2,2,0,0,0,0,0,0,0,7,50,1,3775,3775,0,5,0,2,0,0,1,0
1272297,2,2021,2021,8,0,10,7,31,232,34609,0,1,9,-33.674834,150.918116,71,0,2,0,2,0,0,0,0,0,7,50,0,1957,4009,8,5,40,1,0,0,1,0
1272301,2,2021,2021,1,5,5,54,27,20,563,0,1,9,-34.032848,151.005121,68,0,2,1,1,0,0,0,2,2,7,80,2,775,775,4,9,0,2,0,0,4,0
1272302,1,2021,2021,7,2,7,71,27,9,69,0,1,1,-36.316241,148.900908,65,1,0,0,0,0,0,0,2,0,7,100,2,2585,4009,8,10,40,1,0,0,0,1
1272303,2,2021,2021,6,4,6,98,31,176,159,0,1,9,-33.953728,151.139576,4,0,2,1,1,0,0,0,2,2,7,60,2,9859,9859,1,5,13,2,0,0,1,0
1272304,2,2021,2021,1,1,5,25,1,80,139,0,1,10,-34.551709,146.402328,51,2,1,1,0,0,0,0,2,0,0,50,2,1669,1669,3,0,5,2,0,0,1,0
1272305,1,2021,2021,1,0,8,5,27,5,34609,0,1,1,-35.446789,149.460838,58,1,0,0,0,2,0,0,2,0,7,100,0,273,957,5,0,40,1,0,0,0,2
1272309,2,2021,2021,1,1,6,24,27,1,41,0,1,1,-28.955665,153.265843,60,1,0,1,0,0,0,0,2,0,7,100,1,9859,9859,8,21,40,1,0,0,1,0
1272311,1,2021,2021,5,0,7,294,17,9,288,0,1,9,-35.095636,147.156798,75,1,0,1,0,0,0,0,2,0,0,100,2,6545,6545,4,0,5,2,0,0,0,1
1272312,2,2021,2021,5,4,8,15,31,169,147,0,1,9,-28.647593,153.612955,10,2,1,1,2,0,0,0,2,0,7,40,1,515,515,1,21,27,2,0,0,1,0
1272313,4,2021,2021,5,3,7,25,23,137,34609,0,1,1,-34.023543,151.063611,68,0,2,1,1,0,0,0,2,0,7,50,0,9859,9859,1,22,23,2,0,1,0,0
1272314,2,2021,2021,5,4,3,9,27,11,56,0,1,1,-32.670463,147.473914,51,1,0,1,0,0,3,0,1,0,7,100,1,4026,4026,8,26,40,1,0,0,1,0
1272315,4,2021,2021,1,2,5,10,31,106,34609,0,1,9,-28.863841,153.03448,60,2,1,1,0,0,0,0,2,0,7,50,0,1259,985,8,34,40,1,0,1,1,0
1272316,1,2021,2021,1,0,9,8,22,75,38,0,1,1,-33.883544,151.114575,9,0,2,1,3,0,0,0,2,0,7,50,1,9859,9859,1,0,5,2,0,0,0,1
1272318,4,2021,2021,5,2,4,1,31,137,34609,1,0,10,-32.970268,151.705798,37,0,2,1,0,0,0,0,2,0,15,50,0,6545,6545,4,5,0,2,0,1,1,0
1272321,1,2021,2021,8,2,5,92,31,28,34609,0,1,1,-33.793408,151.199452,77,0,2,1,0,0,0,0,2,0,7,50,0,3775,3775,0,5,5,2,0,0,0,4
1272324,4,2021,2021,5,0,6,3,31,14,34609,0,1,9,-33.291309,146.377135,51,2,1,1,0,0,0,0,2,0,7,50,0,1850,985,5,16,40,1,0,1,0,0
1272325,4,2021,2021,6,3,7,3371,17,6,3342,0,1,2,-29.277722,153.217205,18,1,0,1,0,0,0,0,2,0,7,110,2,3775,3775,0,0,5,2,0,2,2,0
1272326,1,2021,2021,6,0,5,2,31,187,34609,0,1,9,-33.893582,150.990342,15,0,2,0,3,0,0,0,2,0,7,50,0,1957,4009,1,5,5,3,0,0,0,1
1272327,2,2021,2021,6,0,9,866,17,174,793,0,1,10,-33.873784,150.925875,24,0,2,1,1,0,0,0,2,2,7,70,2,5929,5929,1,5,12,2,0,0,2,0
1272329,2,2021,2021,5,0,8,57,27,15,126,0,1,1,-32.762933,151.712416,42,2,1,1,2,0,3,3,3,0,7,80,2,9859,9859,8,0,40,1,0,0,1,0
1272330,2,2021,2021,5,3,7,37,1,52,34609,0,1,1,-33.970392,150.913136,41,0,2,1,0,0,0,0,2,0,7,60,0,4026,4026,8,5,40,1,0,0,1,0
1272332,2,2021,2021,5,0,10,512,17,562,441,0,1,9,-32.253441,148.602673,22,2,1,1,2,0,3,4,0,0,0,60,2,5929,5929,1,0,5,2,0,0,1,0
1272338,2,2021,2021,11,1,4,6,31,87,34609,0,1,9,-34.490605,150.430236,78,2,1,1,3,0,0,0,2,0,7,50,0,9859,9859,8,0,40,1,0,0,1,0
1272340,2,2021,2021,1,4,6,92,27,129,29,0,1,1,-33.897975,151.099515,15,0,2,1,3,0,0,0,2,0,7,50,1,515,515,1,5,0,4,0,0,1,0
1272346,1,2021,2021,7,6,7,2,31,64,34609,0,1,9,-33.487896,150.145981,40,2,1,1,0,0,3,4,2,0,7,50,0,14295,14295,3,5,40,2,0,0,0,1
1272348,1,2021,2021,5,2,8,30,27,120,154,0,1,9,-33.762802,150.863099,7,0,2,1,3,0,0,0,2,2,7,60,1,14295,14295,3,5,0,2,0,0,0,1
1272349,2,2021,2021,1,3,10,2,27,35,34609,0,1,1,-34.902776,148.150703,20,1,0,0,0,2,0,0,0,0,7,100,0,2585,4009,8,10,40,1,0,0,2,0
1272350,4,2021,2021,8,2,3,191,17,13,189,0,1,1,-32.465533,150.871182,64,1,0,0,0,0,0,0,1,0,7,100,2,4552,5151,8,8,40,1,0,2,0,0
1272351,1,2021,2021,11,0,10,109,27,169,382,0,1,1,-33.781601,150.851362,7,0,2,1,2,0,0,0,0,0,7,60,2,9859,9859,8,30,40,1,0,0,0,1
1272353,4,2021,2021,6,4,4,296,27,41,293,1,2,9,-33.86708,150.988034,24,0,2,1,1,0,0,0,2,2,7,40,2,1282,1282,1,5,13,2,0,1,0,0
1272354,2,2021,2021,5,5,4,20,34,21,34609,0,1,1,-34.37795,144.534684,51,1,0,1,0,2,3,0,2,0,7,100,0,1945,1945,5,10,40,1,0,0,1,1
1272355,4,2021,2021,8,5,5,150,27,197,415,0,1,2,-33.787804,151.125462,61,0,2,1,1,0,0,0,2,0,7,70,2,3775,3775,0,30,5,3,0,1,0,0
1272357,4,2021,2021,5,0,0,6,31,73,34609,0,1,10,-33.872388,151.216737,69,0,2,1,2,0,3,4,0,2,9,40,0,1850,777,5,22,40,1,0,1,0,0
1272358,2,2021,2021,1,1,3,1,36,5,34609,0,1,9,-35.690613,150.197292,23,2,1,1,0,0,0,0,2,0,7,50,0,475,475,5,9,40,1,0,0,1,0
1272359,2,2021,2021,8,4,3,1052,14,87,928,0,1,3,-33.070926,151.477859,37,0,2,0,0,0,0,0,1,0,7,110,2,14295,14295,3,10,13,5,0,0,2,2
1272362,4,2021,2021,1,6,3,1,27,8,34609,0,1,9,-35.895768,146.97119,27,1,0,1,0,0,3,1,0,0,7,100,0,489,489,8,10,40,1,0,2,1,0
1272364,4,2021,2021,8,1,5,478,17,50,480,0,1,7,-33.23376,151.553615,16,2,2,1,1,0,0,0,2,0,7,50,2,6545,6545,4,5,0,2,0,1,1,0
1272367,2,2021,2021,1,1,6,97,31,460,34609,0,1,9,-33.83529,150.991747,21,0,2,1,1,0,0,0,2,2,7,40,0,515,515,1,33,27,2,0,0,1,0
1272368,4,2021,2021,1,5,7,62,27,17,166,0,1,1,-33.236247,151.435834,16,2,2,1,1,0,0,0,2,0,7,80,2,941,941,1,30,13,2,0,1,0,0
1272369,2,2021,2021,1,5,8,78,31,134,36,0,1,1,-33.522387,151.326504,16,2,2,1,0,0,0,0,2,0,7,50,1,9859,9859,1,5,0,2,0,0,1,0
1272370,2,2021,2021,5,4,7,3371,17,18,3342,0,1,2,-28.790246,153.524958,2,1,0,0,1,0,3,4,2,0,7,110,2,380,714,5,9,40,1,0,0,1,0
1272371,2,2021,2021,8,3,10,53,31,113,10,0,1,10,-29.479411,149.836002,51,2,1,1,2,0,0,0,0,0,0,50,1,2852,2852,4,10,5,2,0,0,1,0
1272373,4,2021,2021,6,0,3,478,17,70,480,1,0,9,-33.436897,151.35112,16,2,2,1,1,0,3,0,2,2,7,60,2,5929,5929,1,5,13,2,0,1,0,0
1272375,4,2021,2021,6,1,6,1,36,463,34609,0,1,1,-30.287818,153.099289,19,2,1,1,0,0,0,0,2,0,7,50,0,387,387,1,22,0,2,0,1,0,0
1272376,4,2021,2021,1,1,7,18,27,115,52,0,1,1,-33.918334,151.179745,69,0,2,0,0,0,0,0,2,0,7,50,1,1850,1463,5,15,40,1,0,1,0,0
1272377,2,2021,2021,1,6,5,41,23,39,34609,0,1,1,-33.765695,150.93688,7,0,2,1,1,0,0,0,2,0,7,50,0,9859,9859,8,5,40,1,0,0,1,0
1272378,2,2021,2021,7,0,9,2,22,32,34609,0,1,1,-29.130467,153.368102,60,1,0,0,0,0,0,0,3,0,7,100,0,418,714,5,0,40,1,0,0,2,2
1272380,2,2021,2021,5,2,8,134,10,69,133,0,1,10,-33.819288,151.021833,54,0,2,1,1,0,0,0,2,1,9,70,2,591,591,1,17,36,2,0,0,1,0
1272382,1,2021,2021,11,0,6,34,27,225,69,0,1,1,-33.796413,151.167421,77,0,2,0,2,0,0,0,2,0,7,50,2,3775,3775,0,5,10,3,0,0,0,1
1272384,2,2021,2021,1,0,5,15,27,136,34609,0,1,9,-32.919183,151.713339,48,0,2,1,1,0,0,0,2,0,7,50,0,4026,4026,8,5,40,1,0,0,1,0
1272392,4,2021,2021,1,0,4,5,23,21,34609,1,2,7,-34.538986,150.856134,62,0,2,1,0,0,0,0,2,0,0,40,0,5929,5929,1,16,13,2,0,1,0,0
1272393,4,2021,2021,11,3,6,37,23,443,78,0,1,1,-33.908145,151.066361,67,0,2,1,1,0,0,0,2,0,7,60,2,2040,2040,9,5,28,2,0,1,0,1
1272397,2,2021,2021,1,6,10,2,27,55,34609,0,1,1,-33.748644,150.910594,7,0,2,1,2,0,0,0,0,0,7,50,0,4026,4026,8,10,40,1,0,0,1,0
1272398,4,2021,2021,5,2,9,87,31,53,34609,0,1,10,-33.844559,150.968369,21,0,2,1,0,0,3,4,0,0,15,50,0,6545,6545,4,5,0,2,0,1,0,0
1272399,2,2021,2021,5,1,5,59,10,84,231,0,1,10,-33.474106,151.394608,16,2,2,0,1,0,0,0,2,0,0,60,2,6545,6545,4,5,0,2,0,0,2,1
1272400,2,2021,2021,6,4,5,37,31,32,34609,0,1,9,-32.946247,151.720831,48,0,2,1,0,0,0,0,2,0,7,50,0,941,941,1,5,12,3,0,0,1,0
1272402,4,2021,2021,6,0,4,2261,17,39,2252,0,1,2,-35.962514,147.004648,0,1,0,1,0,0,3,3,2,0,7,110,2,1192,1192,1,10,0,2,0,1,1,0
1272403,1,2021,2020,2,6,5,512,27,41,34609,0,1,1,-33.907004,151.187548,69,0,2,1,0,0,0,0,2,0,15,50,0,1945,1945,5,16,40,1,0,0,0,1
1272404,2,2021,2021,5,6,9,196,10,166,168,0,1,9,-33.944121,150.982473,15,0,2,1,2,0,3,0,0,2,7,60,2,5929,5929,1,5,0,2,0,0,3,0
1272405,4,2021,2021,5,0,6,7,27,59,34609,0,1,1,-34.33648,150.908855,80,0,2,1,1,0,0,0,2,0,7,50,0,1981,1981,4,0,12,2,0,1,1,0
1272409,1,2021,2021,5,3,6,44,31,12,34609,0,1,9,-32.928154,151.598816,37,0,2,1,3,0,0,0,2,0,7,60,0,1669,1669,3,5,0,2,0,0,0,1
1272412,1,2021,2021,6,6,9,56,23,129,144,0,1,2,-33.899308,151.089539,9,0,2,1,2,0,0,0,3,0,0,60,2,14295,14295,3,5,0,2,0,0,0,1
1272415,1,2021,2021,1,0,6,2209,17,166,2205,0,1,10,-33.896444,151.180011,69,0,2,1,0,0,0,0,2,2,7,40,2,2040,2040,9,10,28,2,0,0,0,1
1272417,2,2021,2021,5,2,8,2,31,35,34609,0,1,10,-35.355098,149.223185,58,2,1,1,1,0,0,0,3,0,15,50,0,6545,6545,4,30,36,2,0,0,1,0
1272418,4,2021,2021,8,0,3,13,27,438,34609,0,1,10,-33.861008,151.028076,21,0,2,1,1,0,0,0,2,2,9,60,0,5929,5929,1,9,19,2,0,1,0,0
1272419,1,2021,2021,6,5,6,56,31,106,34609,0,1,9,-33.687409,151.305573,50,0,2,1,1,0,0,0,2,0,0,50,0,5929,5929,1,5,27,2,0,0,0,1
1272421,1,2021,2021,6,5,9,11,27,10,34609,0,1,1,-32.835298,151.304393,17,2,1,0,0,0,3,4,0,0,7,80,0,4552,5151,8,5,40,1,0,0,0,1
1272422,2,2021,2021,1,6,6,18,36,4,19,0,1,1,-32.908543,148.455011,11,1,0,1,0,0,3,4,2,0,7,100,1,4026,4026,8,0,40,1,0,0,1,0
1272423,4,2021,2021,1,4,8,6,27,9,34609,0,1,1,-32.91319,151.301505,17,2,1,1,0,0,0,0,0,0,7,80,0,9859,9859,8,5,40,1,0,1,0,0
1272426,2,2021,2021,5,4,9,49,31,147,34609,0,1,9,-33.880722,151.000092,15,0,2,1,2,0,0,0,0,0,7,50,0,5929,5929,1,5,5,2,0,0,1,0
1272428,2,2021,2021,0,3,8,171,23,99,34609,0,1,9,-33.893863,151.273087,76,0,2,1,1,0,0,0,3,0,0,50,0,1945,1945,5,16,40,1,0,0,2,0
1272429,4,2021,2021,6,2,11,1,4,232,34609,0,1,1,-33.674684,150.916614,71,0,2,1,2,0,0,0,0,0,7,50,0,312,312,2,5,40,1,0,1,0,0
1272430,4,2021,2021,5,2,5,82,27,9,34,0,1,1,-28.510373,153.179962,72,2,1,0,0,0,0,0,2,0,7,80,1,1850,1463,5,16,40,1,0,1,0,0
1272433,4,2021,2021,6,1,5,103,36,2,157,0,1,1,-29.428518,152.988812,18,1,0,1,0,0,0,0,2,0,7,100,2,9859,9859,8,5,40,1,0,1,0,0
1272435,4,2021,2021,6,0,8,22,27,1,34609,0,1,1,-32.727887,149.960318,44,1,0,0,0,0,0,0,2,0,7,100,0,4552,5151,8,21,40,1,0,1,0,1
1272436,2,2021,2021,6,3,1,3,27,26,34609,0,1,4,-33.4003,145.716029,51,1,0,1,0,2,0,0,0,0,7,100,0,489,489,8,5,40,1,0,0,1,0
1272438,4,2021,2021,1,2,4,59,10,89,34609,0,1,0,-33.90445,151.232261,59,0,2,0,0,0,0,0,2,0,7,30,0,121,121,9,22,28,2,0,1,1,0
1272440,1,2021,2021,5,6,8,294,17,56,288,0,1,7,-35.122091,147.391586,75,2,1,1,2,0,0,0,2,0,0,60,2,1391,1391,1,16,35,2,0,0,0,1
1272441,4,2021,2021,5,5,8,9,31,304,6,0,1,9,-33.901134,151.150632,32,0,2,1,1,0,0,0,2,0,0,60,1,1669,1669,3,30,0,2,0,1,0,0
1272442,2,2021,2021,8,4,4,6,10,96,34609,0,1,1,-33.437778,151.404553,16,2,2,0,1,0,0,6,2,0,7,50,0,3775,3775,0,0,5,2,0,0,1,0
1272443,4,2021,2021,6,1,0,4,10,31,34609,0,1,9,-34.027981,150.827325,13,0,2,0,2,0,0,0,0,0,7,50,0,2585,4009,8,5,40,1,0,1,0,0
1272445,4,2021,2021,5,5,8,2209,17,40,2205,0,1,1,-35.009427,150.581592,63,1,0,1,0,0,0,0,3,0,7,100,2,9859,9859,8,34,40,1,0,1,0,0
1272446,4,2021,2021,5,0,7,21,27,23,15,0,1,1,-32.318213,149.205319,44,1,0,0,0,0,0,3,2,0,7,100,1,2585,4009,8,9,40,1,0,1,0,0
1272447,4,2021,2021,6,4,6,10,27,41,52,0,1,1,-30.351401,153.09755,19,2,1,1,1,0,0,0,2,0,7,50,1,3775,3775,0,0,0,3,0,3,1,0
1272449,4,2021,2021,5,1,5,6,31,123,34609,0,1,9,-33.883687,151.231591,81,0,2,1,1,0,0,0,2,0,7,40,0,340,340,9,0,28,2,0,1,0,0
1272451,2,2021,2021,6,4,3,265,17,74,193,0,1,1,-34.711173,147.925838,20,1,0,1,0,0,3,4,2,0,7,100,2,1089,1089,7,5,40,1,0,0,1,0
1272453,2,2021,2021,8,1,7,171,27,113,369,0,1,1,-33.805091,150.696185,55,0,2,1,1,0,0,0,2,0,7,80,2,14295,14295,3,0,5,4,0,0,1,0
1272454,2,2021,2021,8,0,3,49,31,562,34609,0,1,10,-32.244841,148.592911,22,2,1,1,0,0,0,0,2,0,0,50,0,6545,6545,4,21,12,2,0,0,2,0
1272455,4,2021,2021,8,1,8,3371,17,40,3342,0,1,2,-33.824133,151.187657,38,0,2,0,1,0,0,0,2,0,7,60,2,4552,5151,8,21,40,2,0,2,0,0
1272456,4,2021,2021,6,1,6,1,27,6,34609,0,1,1,-32.379847,149.15562,22,1,0,1,0,2,0,0,2,0,7,100,0,4026,4026,8,5,40,1,0,1,0,0
1272457,4,2021,2021,0,4,7,8,1,78,34609,0,1,1,-33.857638,151.008776,21,0,2,1,1,0,0,0,2,0,7,50,0,1109,787,1,5,19,2,0,1,0,0
1272458,4,2021,2021,6,1,8,171,27,37,369,0,1,1,-33.840249,150.684252,55,0,2,1,2,0,0,0,0,0,7,60,2,623,623,3,9,13,4,0,1,3,0
1272460,2,2021,2021,6,0,5,10,27,18,34609,1,0,1,-28.393424,153.40361,72,2,1,1,0,0,0,0,2,0,7,50,0,1945,1945,5,16,40,1,0,0,1,0
1272461,2,2021,2021,6,2,7,3,18,80,34609,0,1,10,-34.550953,146.402252,51,2,1,1,1,0,0,0,2,0,0,50,0,6545,6545,4,16,5,2,0,0,2,0
1272462,4,2021,2021,6,1,3,6,27,77,34609,0,1,1,-30.336852,149.599035,51,1,0,1,0,0,0,0,1,0,7,100,0,3775,3775,0,0,0,2,0,1,0,0
1272470,1,2021,2021,6,2,11,2,27,20,34609,0,1,1,-35.507834,148.099735,66,1,0,0,0,0,3,0,0,0,7,100,0,1957,4009,8,10,40,1,0,0,0,1
1272471,2,2021,2021,5,2,8,6,31,64,34609,0,1,1,-33.488365,150.149644,40,2,1,1,2,0,1,5,2,0,7,50,0,9859,9859,8,5,40,1,0,0,2,0
1272474,4,2021,2021,5,5,8,11,31,47,82,1,0,10,-35.719208,147.317206,27,2,1,1,1,0,0,0,2,0,0,50,1,6545,6545,4,34,27,2,0,1,0,0
1272475,4,2021,2021,1,5,6,135,17,12,136,0,1,1,-36.006614,146.730223,27,1,0,0,0,0,0,0,2,0,7,100,2,4552,5151,8,5,40,1,0,1,1,0
1272479,1,2021,2021,1,3,9,27,31,106,34609,0,1,1,-33.925018,151.089174,15,0,2,1,2,0,0,0,0,0,7,50,0,4026,4026,1,10,0,3,0,0,0,1
1272482,4,2021,2021,1,5,5,31,22,133,34609,0,1,1,-33.917249,151.012393,15,0,2,1,3,0,0,0,2,0,7,50,0,3775,3775,0,0,0,2,0,1,0,0
1272486,4,2021,2021,1,5,7,137,31,53,34609,0,1,10,-32.926766,151.764039,48,0,2,1,1,0,0,0,2,2,7,50,0,6545,6545,4,30,13,3,0,1,0,1
1272489,2,2021,2021,5,0,8,39,31,70,34609,0,1,10,-33.247954,151.509838,16,2,2,1,2,0,0,0,0,0,0,50,0,6545,6545,4,5,19,2,0,0,1,0
1272492,4,2021,2021,1,5,2,85,27,53,145,0,1,9,-33.798835,151.046463,54,0,2,1,2,0,0,0,1,1,7,70,2,404,404,8,16,40,1,0,1,0,0
1272500,2,2021,2021,5,6,8,89,17,35,34609,0,1,1,-35.489002,150.324762,63,2,1,0,0,0,0,0,3,0,7,60,0,4552,5151,8,0,40,1,0,0,1,0
1272502,4,2021,2021,11,5,6,109,27,16,169,0,1,1,-32.826364,151.412813,17,2,1,0,1,0,0,0,2,0,7,60,2,4552,5151,8,16,40,1,0,1,0,0