Crash ID,Degree of crash - detailed,Reporting year,Year of crash,Month of crash,Day of week of crash,Two-hour intervals,Street of crash,Street type,Town,Route no.,School zone location,School zone active,Type of location,Latitude,Longitude,LGA,Urbanisation,Conurbation 1,Alignment,Street lighting,Road surface,Surface condition,Weather,Natural lighting,Signals operation,Other traffic control,Speed limit,Road classification,RUM - code,DCA - code,First impact type,Key TU type,Other TU type,No. of traffic units involved,No. killed,No. seriously injured,No. moderately injured,No. minor-other injured
1272503,4,2021,2021,11,4,6,2126,17,27,2149,0,1,9,-33.720819,150.451493,8,2,2,1,1,0,0,0,2,2,7,70,2,1192,1192,1,0,5,3,0,1,0,0
1272507,4,2021,2021,11,6,4,1,10,65,34609,0,1,9,-30.361,153.067247,19,2,1,0,0,0,0,0,2,0,7,50,0,5929,5929,1,0,27,2,0,1,0,0
1272508,1,2021,2021,6,5,3,133,10,25,121,0,1,1,-31.566679,152.838249,56,2,1,0,0,0,0,0,2,0,7,70,1,14295,14295,3,0,27,2,0,0,0,1
1272511,2,2021,2021,5,3,8,71,27,1,69,0,1,1,-36.429229,148.359302,65,2,1,1,0,0,1,5,2,0,7,60,2,475,475,5,33,40,1,0,0,1,0
1272513,4,2021,2021,1,6,10,5,1,123,34609,0,1,1,-33.816125,151.052638,54,0,2,1,2,0,0,0,0,0,7,50,0,368,368,9,5,28,2,0,1,0,0
1272514,4,2021,2021,1,2,6,45,27,304,96,0,1,9,-33.903332,151.155108,32,0,2,1,0,0,0,0,2,2,9,60,2,2040,2040,9,5,26,2,0,1,0,0
1272515,2,2021,2021,1,5,11,17,31,290,33,0,1,1,-33.959603,151.128863,4,0,2,1,2,0,0,0,0,0,7,50,1,9859,9859,1,0,12,4,0,0,1,0
1272518,1,2021,2021,5,4,8,45,27,80,44,0,1,2,-33.81486,151.153172,38,0,2,1,0,0,0,0,2,0,15,60,2,14295,14295,3,0,5,2,0,0,0,1
1272520,2,2021,2021,11,3,0,17,27,106,157,0,1,9,-28.842656,153.036152,60,2,1,1,3,0,0,0,0,0,7,50,2,4552,985,8,30,40,1,0,0,1,0
1272527,4,2021,2021,1,4,8,25,27,5,143,0,1,1,-33.16928,149.681623,3,1,0,0,0,0,3,0,2,0,7,100,2,1957,4009,8,30,40,1,0,1,0,0
1272529,1,2021,2021,1,6,8,2,1,30,34609,0,1,10,-34.339417,146.055037,28,2,1,1,3,0,0,0,2,0,15,80,0,9859,9859,8,5,40,2,0,0,0,1
1272530,1,2021,2021,11,6,9,6,31,159,34609,0,1,10,-33.807034,151.096792,61,0,2,1,3,0,0,0,3,0,15,50,0,6545,6545,4,5,5,2,0,0,0,1
1272532,1,2021,2021,1,2,7,2261,17,30,2252,0,1,6,-34.033122,150.823364,13,0,2,1,3,0,0,3,2,0,7,80,2,1391,1391,1,0,12,2,0,0,0,1
1272533,1,2021,2021,1,5,8,1,1,179,34609,0,1,9,-31.901224,152.47475,43,2,1,1,3,0,0,0,3,0,7,50,0,5929,5929,1,0,5,2,0,0,0,1
1272535,4,2021,2021,1,1,8,1,10,19,34609,0,1,1,-34.082888,150.828623,13,0,2,0,3,0,0,0,2,0,7,50,0,1981,1981,4,5,19,2,0,1,0,1
1272538,1,2021,2021,1,2,5,45,31,43,81,0,1,10,-32.174462,152.49912,43,2,1,1,3,0,0,0,2,3,7,50,2,14295,14295,3,10,5,2,0,0,0,1
1272541,1,2021,2020,0,4,4,135,17,65,136,0,1,9,-36.064725,146.989334,0,2,1,0,0,0,0,0,2,0,0,80,2,2852,2852,4,5,27,2,0,0,0,1
1272549,2,2021,2021,6,0,7,2,27,9,34609,0,1,1,-28.945216,153.06287,60,2,1,0,0,0,3,4,2,0,7,80,0,782,957,5,10,40,1,0,0,1,0
1272550,2,2021,2021,11,1,3,56,27,115,80,0,1,9,-33.873968,151.19241,69,0,2,1,1,0,0,0,2,2,7,40,2,5929,5929,1,5,27,2,0,0,1,0
1272551,4,2021,2021,11,5,8,103,36,4,157,0,1,1,-29.230399,152.989086,60,1,0,0,0,0,0,0,2,0,7,100,2,1259,5151,8,5,40,1,0,1,0,0
1272553,4,2021,2021,5,6,3,2126,17,33,2149,0,1,10,-33.718865,150.441604,8,2,2,0,1,0,0,0,2,2,7,70,2,6545,6545,4,9,22,2,0,1,2,1
1272554,2,2021,2021,5,2,10,30,27,24,34609,0,1,1,-32.782768,151.421358,17,2,1,0,0,2,3,3,0,0,7,80,0,2585,4009,8,0,40,1,0,0,3,0
1272555,2,2021,2021,5,3,10,38,27,165,21,0,1,1,-32.279816,150.872411,46,2,1,1,2,0,0,0,0,0,7,80,2,4026,4026,8,0,40,1,0,0,1,0
1272556,2,2021,2021,1,3,0,1,1,234,34609,0,1,1,-34.28309,146.062106,28,2,1,1,2,0,0,0,0,0,7,50,0,3775,3775,0,5,5,2,0,0,1,0
1272557,2,2021,2021,5,2,9,481,17,77,483,0,1,1,-30.358223,149.742787,51,1,0,1,0,0,0,0,0,0,7,110,2,1945,1945,5,0,40,1,0,0,2,0
1272562,4,2021,2021,5,6,9,3,27,8,34609,0,1,1,-32.219865,148.906746,22,1,0,0,0,0,0,0,0,0,7,100,0,4552,5151,8,0,40,1,0,1,0,0
1272564,1,2021,2021,1,0,3,2,31,52,34609,0,1,1,-33.90656,151.264164,76,0,2,1,3,0,0,0,2,0,7,50,0,1981,1981,4,5,0,2,0,0,0,1
1272565,2,2021,2021,8,4,6,37,23,443,78,0,1,1,-33.906886,151.058497,15,0,2,1,1,0,0,0,2,0,7,60,2,14295,14295,3,5,5,3,0,0,2,0
1272566,2,2021,2021,5,5,10,26,10,370,68,0,1,7,-34.078454,150.79777,13,0,2,1,2,0,3,0,0,0,0,60,1,9859,9859,8,5,40,1,0,0,1,0
1272569,2,2021,2021,6,3,8,3,31,29,34609,0,1,1,-31.273297,149.277734,51,2,1,1,1,0,0,0,3,0,7,50,0,1220,1220,9,0,28,2,0,0,2,0
1272571,2,2021,2021,5,0,6,2261,17,31,2252,0,1,2,-33.887572,151.09162,9,0,2,1,0,0,0,0,2,0,7,60,2,9859,9859,1,5,13,3,0,0,1,1
1272573,1,2021,2021,6,4,0,2261,17,49,2252,0,1,2,-34.759843,149.766592,26,1,0,0,0,0,3,4,0,0,7,110,2,14295,14295,3,29,32,2,0,0,0,1
1272576,1,2021,2021,1,1,4,40,31,219,262,0,1,10,-32.906072,151.671131,48,0,2,1,1,0,0,0,2,2,7,60,2,1850,777,5,16,40,1,0,0,0,1
1272577,2,2021,2021,6,6,3,2261,17,96,2252,0,1,3,-34.223601,150.67302,79,1,2,1,0,0,0,0,2,0,7,110,2,1383,1383,1,5,13,2,0,0,1,0
1272581,1,2021,2021,11,1,3,20,22,121,49,0,1,1,-33.7911,151.287012,50,0,2,1,3,0,0,0,1,0,7,30,1,623,623,3,22,25,3,0,0,0,1
1272587,2,2021,2021,6,3,2,1104,11,532,770,0,1,2,-33.873614,151.202427,69,0,2,1,2,0,3,4,0,0,7,50,2,368,368,9,33,28,2,0,0,1,0
1272589,2,2021,2021,6,1,3,24,36,49,56,0,1,1,-34.394231,147.504954,51,1,0,1,0,0,0,3,2,0,7,100,2,9859,9859,8,5,40,1,0,0,1,0
1272590,1,2021,2021,1,1,4,2,25,112,34609,0,1,1,-33.447326,151.43622,16,2,2,0,0,0,0,0,2,0,7,50,0,175,188,8,10,40,1,0,0,0,1
1272594,2,2021,2021,1,0,11,1,27,14,34609,0,1,1,-33.988197,148.5516,51,1,0,1,0,2,0,0,0,0,7,100,0,9859,9859,8,9,40,1,0,0,1,0
1272595,2,2021,2021,1,4,3,5,27,18,24,0,1,1,-28.798709,153.501897,2,2,1,1,0,0,0,0,2,0,7,80,1,4026,4026,8,5,40,1,0,0,1,0
1272598,4,2021,2021,1,6,5,1,27,1,34609,0,1,1,-32.253213,151.47445,51,1,0,0,0,2,0,0,2,0,7,100,0,1957,4009,8,16,40,1,0,1,0,0
1272601,2,2021,2021,8,0,7,74,27,609,163,0,1,7,-33.777141,150.907542,7,0,2,0,3,0,0,0,2,0,0,60,2,1282,1282,1,21,5,2,0,0,1,0
1272603,1,2021,2021,1,4,8,18,27,239,34609,0,1,10,-34.047176,151.125745,68,0,2,1,0,0,0,0,3,0,15,50,0,6545,6545,4,0,5,2,0,0,0,1
1272609,4,2021,2021,1,0,7,19,31,316,34609,0,1,7,-31.430749,152.91732,56,2,1,1,1,0,0,0,2,0,0,50,0,6545,6545,4,5,19,2,0,1,0,0
1272610,2,2021,2021,6,6,1,35,27,11,49,0,1,1,-31.462744,150.650127,51,1,0,1,0,0,0,0,0,0,7,100,1,1089,1089,7,10,40,1,0,0,1,0
1272611,1,2021,2021,11,6,7,20,27,25,20,0,1,9,-35.037408,150.629003,63,2,1,1,1,0,0,0,2,0,7,80,1,14295,14295,3,10,24,3,0,0,0,2
1272614,4,2021,2021,0,6,8,1052,14,207,928,0,1,3,-33.597834,151.171737,31,0,2,0,1,0,0,0,2,0,7,110,2,1192,1192,1,0,5,2,0,1,0,0
1272618,2,2021,2021,6,6,9,48,27,21,62,0,1,1,-35.449495,148.137033,66,2,1,0,0,0,3,0,0,0,7,80,2,2585,4009,8,10,40,1,0,0,1,0
1272627,2,2021,2021,5,0,5,59,10,89,34609,0,1,10,-33.904124,151.235844,59,0,2,1,0,0,0,0,2,0,15,30,0,6545,6545,4,5,27,2,0,0,1,0
1272629,1,2021,2021,1,5,0,46,1,29,165,0,1,4,-33.977045,151.086667,25,0,2,0,2,0,3,4,0,0,7,50,1,2585,4009,8,0,40,1,0,0,0,1
1272632,1,2021,2021,1,6,8,5,27,57,41,0,1,1,-33.675205,151.137679,31,0,2,0,0,0,0,0,2,0,7,80,2,1850,1463,5,16,40,1,0,0,0,1
1272633,1,2021,2021,5,1,5,13,10,75,34609,0,1,7,-32.792083,151.637603,42,2,1,1,1,0,0,0,2,0,0,60,0,4026,4026,8,9,40,1,0,0,0,1
1272671,1,2021,2021,6,4,3,14,27,115,34609,1,0,9,-33.74949,151.231663,50,0,2,1,1,0,0,0,2,0,7,50,0,14295,14295,3,30,36,2,0,0,0,1
1272673,2,2021,2021,1,3,11,31,10,78,23,0,1,1,-33.440289,151.441217,16,2,2,1,3,0,0,0,0,0,7,50,1,9859,9859,1,5,4,2,0,0,1,0
1272678,4,2021,2021,1,6,4,6,27,4,34609,0,1,1,-34.036055,150.700919,12,0,2,1,0,0,0,0,2,0,7,70,0,1192,1192,1,10,27,2,0,1,0,0
1272679,4,2021,2021,6,0,11,204,27,134,34609,0,1,1,-33.511255,151.326286,16,2,2,1,2,0,0,0,0,0,7,60,0,4026,4026,8,5,40,1,0,1,0,0
1272682,4,2021,2021,5,4,8,2,27,40,34609,0,1,10,-35.768041,150.064357,23,1,0,1,0,2,0,0,2,0,7,100,0,2585,777,8,16,40,1,0,1,0,0
1272683,2,2021,2021,1,5,10,150,27,309,415,0,1,2,-33.809133,151.107198,61,0,2,1,2,0,0,0,0,0,7,70,2,1192,1192,1,3,5,2,0,0,1,0
1272685,2,2021,2021,5,5,7,1,18,49,34609,0,1,1,-33.927342,151.154805,4,0,2,1,3,0,0,0,2,0,7,50,0,489,489,8,5,40,1,0,0,1,0
1272687,1,2021,2021,6,6,9,3,31,132,34609,0,1,1,-29.762244,151.113557,33,2,1,1,2,0,0,0,0,0,7,60,0,14295,14295,3,5,0,2,0,0,0,1
1272691,4,2021,2021,6,0,7,515,14,202,518,0,1,3,-33.940465,151.027044,15,0,2,1,1,0,0,0,2,0,7,100,2,14295,14295,3,16,0,2,0,1,0,2
1272692,4,2021,2021,1,2,7,2,27,96,34609,0,1,1,-33.28065,148.034937,51,1,0,1,0,2,0,0,2,0,7,100,0,1945,1945,5,16,40,1,0,1,0,0
1272695,2,2021,2021,6,4,10,512,31,17,34609,0,1,1,-30.895594,153.041544,34,2,1,1,2,0,0,0,0,0,7,50,0,9859,9859,1,16,13,2,0,0,1,0
1272696,2,2021,2021,1,2,8,46,36,11,46,0,1,1,-33.134333,149.116496,11,2,1,1,0,0,0,3,3,0,7,80,1,9859,9859,8,5,40,1,0,0,1,0
1272697,4,2021,2021,6,6,7,3371,17,463,3342,0,1,9,-30.285652,153.125194,19,2,1,1,1,0,0,0,2,2,7,60,2,5929,5929,1,5,19,2,0,1,0,0
1272698,2,2021,2021,5,5,8,2261,17,112,2252,0,1,9,-33.914452,150.924882,41,0,2,1,2,0,0,0,0,0,7,70,2,2040,2040,9,10,28,2,0,0,1,1
1272699,4,2021,2021,5,6,3,3,27,9,34609,0,1,1,-33.527793,150.888361,29,2,2,0,0,0,0,1,1,0,7,80,0,5929,5929,1,9,13,2,0,1,0,0
1272700,1,2021,2021,6,1,8,158,27,68,207,0,1,9,-33.878659,151.240051,81,0,2,1,3,0,2,6,3,0,6,60,2,2040,2040,9,5,28,2,0,0,0,1
1272701,2,2021,2021,5,0,4,1,31,17,34609,0,1,1,-30.896962,153.025106,34,2,1,1,0,0,0,3,2,0,7,50,0,4026,4026,8,0,40,1,0,0,1,0
1272703,4,2021,2021,1,0,5,162,31,12,13,0,1,1,-33.902386,151.119109,15,0,2,1,2,0,0,0,2,0,7,50,1,9859,9859,1,0,0,2,0,1,0,0
1272704,4,2021,2021,11,0,0,9,27,6,103,0,1,1,-28.532664,153.195422,39,2,1,0,0,2,0,0,0,0,7,60,1,1957,4009,8,5,40,1,0,2,0,1
1272705,2,2021,2021,11,0,8,9,27,93,34609,0,1,1,-33.401051,149.635259,3,2,1,1,0,0,0,0,2,0,7,80,0,1669,1669,3,5,5,2,0,0,1,0
1272710,2,2021,2021,5,4,10,35,27,14,49,0,1,1,-31.189115,150.841013,70,1,0,1,0,0,0,0,0,0,7,100,1,14295,14295,3,5,40,2,0,0,1,0
1272711,4,2021,2021,5,4,6,20,27,11,45,0,1,1,-34.321103,148.484617,30,1,0,1,0,0,0,0,2,0,7,100,1,14295,14295,3,30,10,2,0,1,0,0
1272712,1,2021,2021,11,5,11,7,10,42,9,0,1,1,-33.638204,151.216616,50,0,2,0,0,0,0,0,0,0,7,60,2,4552,5151,8,5,40,1,0,0,0,1
1272717,4,2021,2021,5,1,7,1,27,51,34609,0,1,1,-34.469223,150.812399,80,0,2,1,1,0,0,0,2,0,7,50,0,9859,9859,8,0,40,1,0,1,0,0
1272718,1,2021,2021,5,3,0,12,31,77,34609,0,1,0,-33.884702,151.201637,69,0,2,1,3,0,2,6,0,0,7,10,0,2040,2040,9,22,28,2,0,0,0,1
1272721,2,2021,2021,5,4,8,916,17,48,917,0,1,10,-29.05938,152.018036,51,2,1,1,0,0,0,0,2,0,15,50,2,2852,2852,4,0,0,2,0,0,2,1
1272724,4,2021,2021,1,4,9,1052,14,19,928,0,1,3,-33.194936,151.465792,16,1,2,1,0,0,0,0,0,0,7,110,2,9859,9859,1,30,5,2,0,1,0,0
1272728,4,2021,2021,6,4,6,2261,17,243,2252,0,1,9,-33.957137,150.889099,41,0,2,1,2,0,0,0,2,0,0,70,2,1383,1383,1,0,5,2,0,1,0,1
1272729,2,2021,2021,5,2,11,127,27,135,103,0,1,1,-32.897059,151.736188,48,0,2,1,2,0,0,0,0,0,7,50,1,1109,397,1,5,18,2,0,0,1,0
1272735,2,2021,2021,1,0,4,481,17,27,483,0,1,1,-32.552998,148.23759,51,1,0,1,0,0,0,0,2,0,7,110,2,9859,9859,8,8,40,1,0,0,1,0
1272736,2,2021,2021,1,3,6,60,10,121,84,0,1,2,-28.198602,153.543684,72,2,1,1,1,0,3,0,2,0,7,60,1,1981,1981,4,10,5,2,0,0,1,0
1272737,4,2021,2021,6,1,2,55,10,112,47,0,1,1,-33.438364,151.417534,16,2,2,1,2,0,3,0,0,0,7,70,2,4026,4026,8,9,40,1,0,1,0,0
1272739,4,2021,2021,5,5,1,2209,17,70,2205,0,1,2,-34.862926,150.601212,63,2,1,1,2,0,0,0,0,0,7,60,2,1945,1945,5,16,40,1,0,1,0,0
1272740,2,2021,2021,6,6,4,213,17,132,213,0,1,9,-29.77449,151.107075,33,2,1,0,1,0,0,0,2,0,7,50,2,14295,14295,3,5,27,2,0,0,1,0
1272741,2,2021,2021,6,2,9,296,27,187,293,0,1,2,-33.879758,150.978762,24,0,2,1,2,0,0,0,3,0,7,70,2,14295,14295,3,0,0,3,0,0,1,0
1272742,1,2021,2021,6,6,8,132,31,45,126,0,1,10,-33.888268,151.196326,69,0,2,1,1,0,0,0,2,2,7,50,2,14295,14295,3,5,5,2,0,0,0,1
1272743,2,2021,2021,6,4,0,4,27,4,5,0,1,1,-36.919752,149.175335,65,1,0,0,0,0,0,0,0,0,7,100,1,4552,5151,8,10,40,1,0,0,1,0
1272746,4,2021,2021,1,3,2,478,17,20,480,0,1,1,-33.321653,151.514737,16,2,2,1,0,0,0,0,0,0,7,80,2,9859,9859,8,10,40,1,0,1,0,0
1272747,1,2021,2021,6,2,9,2209,17,106,2205,0,1,7,-34.549279,150.78535,62,0,2,1,2,0,0,0,0,2,7,70,2,14295,14295,3,5,0,2,0,0,0,1
1272748,1,2021,2021,6,1,6,26,27,23,34609,0,1,1,-35.023674,148.978233,82,2,1,0,0,2,0,0,2,0,7,80,0,418,714,5,5,40,1,0,0,0,1
1272749,4,2021,2021,6,6,5,83,27,3,72,0,1,1,-28.788595,153.321156,39,1,0,0,0,0,3,4,2,0,7,100,2,3775,3775,0,9,13,2,0,1,0,0
1272750,2,2021,2021,5,2,10,1,1,112,34609,0,1,1,-33.44278,151.409362,16,2,2,1,2,0,3,4,0,0,7,50,0,9859,9859,1,0,0,2,0,0,1,0
1272751,4,2021,2021,5,6,6,1,31,9,34609,0,1,1,-34.001677,151.06203,68,0,2,1,1,0,0,0,2,0,7,50,0,2040,2040,9,5,28,2,0,1,1,0
1272752,2,2021,2021,5,4,6,2,1,9,34609,0,1,1,-34.400526,150.880657,80,0,2,0,0,0,0,0,2,0,7,50,0,4552,5151,8,10,40,1,0,0,1,0
1272754,2,2021,2021,1,6,3,86,27,7,42,0,1,1,-31.036405,152.738729,34,1,0,1,0,0,0,0,2,0,7,100,1,1282,1282,1,8,0,2,0,0,1,0
1272757,2,2021,2021,6,1,3,5,27,74,12,0,1,1,-34.602003,148.000684,20,1,0,1,0,0,0,0,0,0,7,100,1,9859,9859,8,10,40,1,0,0,1,0
1272758,1,2021,2021,5,0,7,15,31,90,34609,0,1,1,-33.888557,151.250006,81,0,2,1,1,0,0,0,2,0,7,50,0,941,941,1,0,18,2,0,0,0,1
1272761,2,2021,2021,1,4,8,1,9,154,34609,0,1,9,-33.70968,150.950074,71,0,2,1,1,0,0,0,2,0,7,50,0,256,256,4,22,5,2,0,0,1,0
1272764,1,2021,2021,5,3,6,2126,17,75,2149,0,1,10,-33.717098,150.382855,8,2,2,0,1,0,0,0,2,2,7,80,2,5929,5929,1,5,5,2,0,0,0,2
1272765,1,2021,2021,11,5,8,177,22,210,176,0,1,5,-34.035303,151.113428,68,0,2,1,3,0,0,0,2,2,7,60,2,14295,14295,3,9,5,3,0,0,0,2
1272767,4,2021,2021,1,4,5,1,25,89,34609,0,1,1,-28.21216,153.540039,72,2,1,1,0,0,0,0,2,0,7,50,0,1109,787,1,5,5,2,0,1,0,0
1272771,2,2021,2021,11,1,7,2,27,234,34609,0,1,1,-34.273105,146.014324,28,2,1,0,3,0,3,4,2,0,7,80,0,2585,4009,1,5,13,4,0,0,1,0
1272774,2,2021,2021,6,6,5,127,27,182,169,0,1,9,-32.831956,151.356974,17,2,1,1,3,0,0,0,2,2,7,60,2,14295,14295,3,9,5,3,0,0,1,0
1272775,2,2021,2021,1,4,9,193,1,64,34609,0,1,1,-32.942437,151.704128,48,0,2,0,2,0,0,0,0,0,7,60,0,1957,4009,1,5,5,3,0,0,1,0
1272777,4,2021,2021,11,4,3,1,10,48,2205,0,1,9,-36.710309,149.835983,5,1,0,1,0,0,0,0,2,0,0,100,2,14295,14295,3,22,5,2,0,1,0,0
1272778,2,2021,2021,11,0,5,40,27,73,34609,1,0,10,-35.147061,147.372665,75,2,1,1,3,0,0,0,2,2,7,50,0,6545,6545,4,5,0,2,0,0,1,0
1272780,2,2021,2021,11,6,7,225,17,85,180,1,2,9,-34.571026,150.771518,62,0,2,1,3,0,0,0,2,0,0,40,2,775,775,4,0,5,2,0,0,1,0
1272782,1,2021,2021,11,4,3,41,27,137,80,0,1,7,-32.974871,151.67862,37,0,2,1,3,0,0,0,1,0,0,60,1,14295,14295,3,10,5,2,0,0,0,1
1272785,2,2021,2021,5,1,7,192,31,316,120,1,0,9,-33.915221,151.241591,59,0,2,1,1,0,0,0,2,0,0,50,2,2852,2852,4,10,19,2,0,0,1,0
1272786,4,2021,2021,1,0,4,4,1,316,34609,0,1,1,-33.906264,151.247577,59,0,2,1,1,0,0,0,2,0,7,50,0,1109,787,1,0,27,2,0,1,0,0
1272790,2,2021,2021,5,3,6,55,27,74,9,0,1,2,-33.729116,151.041301,31,0,2,0,1,0,0,0,2,0,7,60,1,14295,14295,3,5,19,3,0,0,1,0
1272794,4,2021,2021,11,2,7,2,10,12,34609,0,1,1,-32.987972,150.700464,64,2,1,0,0,0,3,4,2,0,7,40,0,3775,3775,0,5,13,2,0,1,0,0
1272796,4,2021,2021,1,0,6,1,27,1,34609,0,1,1,-36.853961,149.178858,65,2,1,0,0,2,0,0,2,0,7,80,0,782,957,5,10,40,1,0,1,0,0
1272797,4,2021,2021,5,2,6,16,36,54,43,0,1,1,-28.511882,153.531252,10,2,1,1,0,0,0,0,2,0,7,80,1,1945,1945,5,16,40,1,0,1,0,0
1272802,1,2021,2021,7,1,10,117,1,176,35,0,1,9,-33.965101,151.142642,4,0,2,1,2,0,0,0,0,2,7,60,2,2040,2040,9,10,28,3,0,0,0,2
1272808,1,2021,2021,1,3,11,20,31,149,260,0,1,9,-33.991172,151.137054,4,0,2,1,2,0,0,0,0,2,7,60,2,1383,1383,1,5,5,2,0,0,0,1
1272809,4,2021,2021,11,3,10,9,31,609,48,0,1,9,-33.763439,150.893353,7,0,2,1,2,0,0,0,0,2,7,60,1,5929,5929,1,5,5,2,0,1,1,0
1272810,1,2021,2021,1,0,6,15,27,73,14,0,1,7,-33.734295,150.711972,55,0,2,1,1,0,0,0,2,0,0,70,1,6545,6545,4,0,5,2,0,0,0,1
1272812,2,2021,2021,11,6,6,293,31,523,198,0,1,10,-33.927048,150.920319,41,0,2,1,0,0,0,0,2,2,7,60,2,14295,14295,3,5,5,2,0,0,1,0
1272813,4,2021,2021,11,6,3,135,17,12,136,0,1,9,-36.019125,146.764699,27,1,0,1,0,0,0,1,2,0,0,100,2,6545,6545,4,34,5,2,0,3,0,0
1272815,2,2021,2021,1,4,8,47,10,89,34609,0,1,0,-33.898372,151.23307,59,0,2,1,0,0,0,0,2,0,7,30,0,1109,787,1,9,27,2,0,0,1,0
1272816,2,2021,2021,11,2,6,38,27,293,165,0,1,7,-33.935199,151.061962,15,0,2,1,1,0,3,4,2,0,0,50,1,14295,14295,3,5,13,3,0,0,1,0
1272819,4,2021,2021,11,6,9,334,17,98,308,0,1,7,-30.977961,150.242866,51,2,1,1,2,0,0,0,0,0,0,50,2,6545,6545,4,10,0,2,0,1,0,1
1272823,4,2021,2021,1,4,5,63,10,234,34609,0,1,1,-34.253429,146.079455,28,2,1,0,0,0,0,0,2,0,7,80,0,4552,5151,8,5,40,1,0,1,0,0
1272827,4,2021,2021,11,2,8,3,27,26,34609,0,1,1,-34.858537,150.583161,63,2,1,1,1,0,0,0,2,0,7,60,0,1282,1282,1,5,40,1,0,1,0,0
1272835,2,2021,2021,11,4,3,103,27,35,256,0,1,10,-34.102166,150.802315,13,0,2,1,1,0,0,0,2,2,7,70,2,5929,5929,1,0,12,2,0,0,1,0
1272836,4,2021,2021,11,6,7,52,27,188,53,0,1,1,-33.935186,151.099875,15,0,2,1,1,0,0,0,2,0,7,50,1,1282,1282,1,5,5,3,0,1,0,0
1272838,4,2021,2021,6,3,6,2261,17,14,2252,0,1,3,-34.445033,150.395327,78,1,0,1,0,0,0,0,2,0,7,110,2,4026,4026,8,9,40,1,0,1,0,0
1272842,2,2021,2021,11,0,6,84,10,7,80,0,1,9,-34.292776,150.944259,80,0,2,1,1,0,0,0,2,0,15,50,2,14295,14295,3,5,19,3,0,0,1,0
1272843,2,2021,2021,5,0,8,53,27,155,51,0,1,1,-33.496524,151.319988,16,2,2,1,0,0,0,0,2,0,7,60,1,9859,9859,1,5,5,3,0,0,1,0
1272844,4,2021,2021,1,1,0,344,27,61,163,1,0,9,-33.757568,150.8946,7,0,2,1,2,0,0,6,0,2,7,60,2,489,489,5,0,40,1,0,1,0,0
1272845,2,2021,2021,5,4,4,34,31,35,18,0,1,9,-33.81937,151.204864,77,0,2,1,2,0,0,0,2,2,7,60,1,14295,14295,3,0,12,2,0,0,1,0
1272847,2,2021,2021,6,5,2,205,27,42,415,0,1,11,-33.705881,151.204051,50,0,2,1,2,0,3,4,0,0,7,90,2,4026,4026,8,16,40,1,0,0,1,0
1272850,2,2021,2021,11,0,5,16,27,20,17,0,1,1,-35.065097,149.251759,82,1,0,1,3,0,0,3,2,0,7,100,1,945,945,5,10,40,1,0,0,1,0
1272857,2,2021,2021,5,6,4,92,27,21,36,1,2,9,-35.729022,150.195923,23,2,1,0,3,0,0,0,2,2,9,40,1,14295,14295,3,0,5,2,0,0,1,0
1272862,1,2021,2021,11,0,7,916,17,66,917,0,1,2,-32.813083,151.660861,48,0,2,0,1,0,0,0,2,0,7,90,2,14295,14295,3,5,0,2,0,0,0,1
1272863,4,2021,2021,11,2,3,147,27,55,34609,0,1,1,-33.88746,151.283633,76,0,2,1,0,0,0,0,2,0,7,50,0,1945,1945,5,22,40,1,0,1,0,0
1272864,4,2021,2021,1,2,10,20,31,387,3,0,1,1,-33.924544,151.188528,4,0,2,1,2,0,0,0,0,0,7,50,1,14295,14295,3,15,5,2,0,1,0,0
1272869,2,2021,2021,11,4,6,2209,17,76,2205,0,1,2,-35.359785,150.473789,63,2,1,1,1,0,0,0,2,0,7,60,2,1282,1282,1,5,40,2,0,0,1,0
1272871,2,2021,2021,11,3,3,47,27,104,34609,0,1,10,-32.916963,151.711536,48,0,2,1,1,0,0,0,2,2,0,50,0,5929,5929,1,5,27,2,0,0,1,0
1272879,2,2021,2021,11,5,9,31,27,70,101,1,0,9,-32.905115,151.728169,48,0,2,1,0,0,0,0,3,2,7,60,2,5929,5929,1,9,19,2,0,0,1,0
1272880,4,2021,2021,5,0,5,43,27,18,46,0,1,9,-28.333611,153.570803,72,2,1,1,1,0,0,0,2,0,7,50,1,2852,2852,4,0,5,2,0,1,0,0
1272883,2,2021,2021,6,4,8,3371,17,73,3342,0,1,2,-33.775711,151.168873,36,0,2,1,1,0,0,0,2,0,7,60,2,368,368,9,5,28,2,0,0,1,0
1272884,2,2021,2021,5,4,9,224,27,246,321,0,1,10,-33.905528,151.202829,69,0,2,0,2,0,0,0,0,2,9,50,2,591,591,1,22,5,2,0,0,1,0
1272885,2,2021,2021,11,1,8,13,27,239,34609,0,1,9,-34.041421,151.12392,68,0,2,1,3,0,0,0,3,0,7,50,0,1391,1391,1,30,27,2,0,0,1,0
1272886,2,2021,2021,11,6,8,10,27,11,34609,0,1,9,-32.922164,151.675842,48,0,2,1,3,0,0,0,0,0,7,50,0,5929,5929,1,30,5,2,0,0,1,0
1272889,4,2021,2021,5,1,8,2209,17,5,2205,0,1,2,-36.959712,149.873294,5,1,0,0,0,0,0,0,2,0,7,100,2,4552,5151,8,29,40,1,0,1,0,0
1272891,2,2021,2021,6,1,2,64,27,278,284,0,1,9,-33.777384,151.05347,54,0,2,1,2,0,0,0,0,2,7,60,2,5929,5929,1,5,5,2,0,0,1,0
1272892,2,2021,2021,5,6,5,67,27,147,74,0,1,7,-33.864454,151.12169,14,0,2,1,1,0,0,0,2,0,0,50,1,2852,2852,4,0,27,2,0,0,1,0
1272897,1,2021,2021,11,0,7,387,27,290,331,0,1,9,-33.955986,151.118502,4,0,2,1,3,0,0,0,2,0,0,60,2,5929,5929,1,5,12,3,0,0,0,1