Crash ID,Degree of crash - detailed,Reporting year,Year of crash,Month of crash,Day of week of crash,Two-hour intervals,Street of crash,Street type,Town,Route no.,School zone location,School zone active,Type of location,Latitude,Longitude,LGA,Urbanisation,Conurbation 1,Alignment,Street lighting,Road surface,Surface condition,Weather,Natural lighting,Signals operation,Other traffic control,Speed limit,Road classification,RUM - code,DCA - code,First impact type,Key TU type,Other TU type,No. of traffic units involved,No. killed,No. seriously injured,No. moderately injured,No. minor-other injured
1272899,4,2021,2021,1,6,10,20,27,137,34609,0,1,9,-33.911402,151.208784,69,0,2,1,2,0,0,0,0,0,15,50,0,4552,985,8,16,40,1,0,1,0,0
1272900,4,2021,2021,5,1,10,17,27,1,39,0,1,1,-31.443597,150.161085,51,1,0,1,0,0,0,3,0,0,7,100,1,945,945,5,10,40,1,0,1,0,0
1272903,2,2021,2021,11,4,3,829,27,165,770,0,1,2,-33.856876,151.160086,14,0,2,1,3,0,0,0,1,0,7,60,2,14295,14295,3,10,0,2,0,0,1,0
1272904,4,2021,2021,1,4,3,55,10,112,47,0,1,9,-33.438377,151.416458,16,2,2,1,0,0,0,0,2,0,15,70,2,2852,2852,4,0,19,2,0,1,0,0
1272905,2,2021,2021,5,5,9,60,27,147,69,0,1,9,-33.868774,151.116119,14,0,2,1,2,0,0,0,0,0,15,60,2,1220,1220,9,10,28,2,0,0,1,1
1272907,1,2021,2021,1,5,4,60,27,147,69,0,1,1,-33.869231,151.119482,14,0,2,1,3,0,3,4,2,0,7,60,2,5929,5929,1,5,13,2,0,0,0,2
1272909,1,2021,2021,3,4,5,175,27,609,220,0,1,10,-33.763693,150.913072,7,0,2,1,3,0,0,0,2,2,7,70,2,1669,1669,3,5,5,2,0,0,0,1
1272910,2,2021,2021,6,4,4,1,31,28,34609,0,1,1,-33.907064,150.877775,41,0,2,0,0,0,0,0,2,0,7,50,0,121,121,9,5,28,2,0,0,1,0
1272911,4,2021,2021,1,5,7,4,1,129,34609,0,1,1,-33.901952,151.094243,9,0,2,0,0,0,0,0,2,0,7,50,0,2040,2040,9,33,28,2,0,1,0,0
1272912,2,2021,2021,1,0,6,7,27,8,34609,0,1,1,-30.725216,150.79721,70,1,0,0,0,0,0,0,2,0,7,100,0,273,957,5,5,40,1,0,0,1,0
1272913,1,2021,2021,5,2,11,2,1,145,34609,0,1,1,-33.923275,151.11624,15,0,2,1,2,0,0,0,0,0,7,50,0,9859,9859,1,0,13,2,0,0,0,1
1272915,1,2021,2021,1,3,7,2,27,10,34609,0,1,9,-34.052138,151.09065,68,0,2,0,3,0,0,0,2,0,7,50,0,1391,1391,1,5,27,2,0,0,0,1
1272916,1,2021,2021,1,5,8,1,7,15,34609,0,1,1,-28.29218,153.57514,72,2,1,1,1,0,0,0,2,0,7,50,0,340,340,9,0,28,2,0,0,0,1
1272918,2,2021,2021,1,2,8,115,27,81,114,0,1,1,-33.885977,151.26702,76,0,2,1,0,0,0,0,3,0,7,50,2,186,186,9,22,28,2,0,0,1,0
1272926,2,2021,2021,11,2,5,3,31,316,34609,0,1,7,-31.433363,152.908339,56,2,1,1,1,0,0,0,2,0,0,50,0,6545,6545,4,5,0,2,0,0,1,0
1272927,1,2021,2021,11,4,6,61,27,32,70,0,1,1,-33.682198,150.991005,71,0,2,1,3,0,0,0,2,0,7,70,1,14295,14295,3,0,13,3,0,0,0,1
1272928,4,2021,2021,11,4,3,475,31,10,1,0,1,10,-32.907683,151.764024,48,0,2,1,1,0,0,0,2,0,0,50,1,6545,6545,4,22,0,2,0,1,0,0
1272931,2,2021,2021,1,3,10,5,27,9,34609,0,1,1,-28.841145,153.243896,39,2,1,0,0,0,3,0,0,0,7,80,0,273,957,5,0,40,1,0,0,1,0
1272935,1,2021,2021,11,1,5,74,27,609,48,0,1,10,-33.775762,150.895304,7,0,2,1,3,0,0,0,2,2,7,60,1,14295,14295,3,30,0,2,0,0,0,1
1272936,1,2021,2021,11,2,6,39,27,36,91,0,1,9,-33.936571,151.257721,59,0,2,1,3,0,0,0,2,0,7,50,1,14295,14295,3,0,5,2,0,0,0,1
1272938,4,2021,2021,11,6,4,25,31,127,30,0,1,9,-33.894993,151.157094,32,0,2,1,0,0,0,0,2,0,7,60,1,6545,6545,4,22,5,2,0,1,0,0
1272939,2,2021,2021,11,1,5,128,27,74,133,0,1,9,-33.770832,150.673751,55,0,2,1,1,0,0,0,2,2,7,60,2,6545,6545,4,5,5,2,0,0,1,0
1272940,1,2021,2021,1,6,4,1104,14,142,962,0,1,3,-33.827614,151.000685,54,0,2,1,0,0,0,0,2,0,7,90,2,1192,1192,1,5,12,2,0,0,0,1
1272945,1,2021,2021,11,3,8,866,17,278,793,0,1,2,-33.774195,151.051313,54,0,2,1,3,0,0,0,0,0,7,60,2,1383,1383,1,0,5,2,0,0,0,1
1272948,4,2021,2021,1,3,4,224,27,137,321,1,0,9,-33.919379,151.198564,69,0,2,1,1,0,0,0,2,2,7,50,2,5929,5929,1,0,27,2,0,1,0,0
1272949,1,2021,2021,1,0,4,12,27,69,23,0,1,1,-28.563641,153.521432,10,2,1,1,0,0,0,0,2,0,7,80,1,14295,14295,3,5,36,2,0,0,0,2
1272950,2,2021,2021,11,2,4,31,10,78,23,0,1,9,-33.423592,151.441376,16,2,2,0,1,0,0,0,2,0,7,50,1,591,591,1,22,0,2,0,0,1,0
1272953,2,2021,2021,6,6,4,1,27,1,34609,0,1,1,-28.409568,152.891028,51,1,0,1,0,2,0,0,2,0,7,100,0,9859,9859,8,5,40,1,0,0,1,0
1272957,2,2021,2021,11,2,6,168,17,55,212,0,1,1,-35.673808,150.172115,23,1,0,0,3,0,0,0,2,0,7,100,2,4552,5151,8,5,40,1,0,0,1,0
1272963,2,2021,2021,1,2,7,5,31,149,34609,0,1,1,-33.864242,151.176937,32,0,2,1,1,0,0,0,2,0,7,40,0,3775,3775,0,5,5,2,0,0,1,0
1272965,2,2021,2021,11,1,5,5,27,40,34609,0,1,1,-34.247977,150.607163,79,2,2,0,3,0,0,0,2,0,7,80,0,4552,5151,8,16,40,1,0,0,1,0
1272967,2,2021,2021,11,2,9,2,7,54,34609,0,1,9,-28.521217,153.534492,10,2,1,0,0,0,0,0,3,0,7,50,0,3775,3775,0,5,5,2,0,0,1,0
1272968,1,2021,2021,1,0,8,280,10,314,82,1,0,2,-33.85337,150.93958,24,0,2,1,1,0,0,0,3,0,7,60,1,368,368,9,5,28,2,0,0,0,1
1272971,4,2021,2021,6,2,9,149,10,136,702,0,1,2,-33.86463,151.066005,67,0,2,1,2,0,0,0,0,0,7,80,2,14295,14295,3,16,40,3,0,1,0,0
1272976,1,2021,2021,1,0,9,296,27,460,293,0,1,9,-33.839824,150.999401,21,0,2,0,3,0,0,0,3,2,7,70,2,14295,14295,3,5,0,3,0,0,0,1
1272977,2,2021,2021,1,5,10,117,27,78,144,0,1,9,-33.862938,151.093651,14,0,2,1,3,0,0,0,0,2,7,60,2,1391,1391,1,9,0,2,0,0,1,0
1272979,2,2021,2021,5,1,6,89,36,14,81,0,1,1,-34.020842,148.702984,51,1,0,1,0,0,0,3,2,0,7,100,2,3775,3775,0,0,10,2,0,0,1,0
1272982,4,2021,2021,11,4,6,1,1,86,34609,1,0,1,-33.728221,151.216727,50,0,2,1,0,0,0,0,2,0,7,50,0,2040,2040,9,0,28,2,0,1,0,0
1272983,4,2021,2021,1,4,9,19,31,139,34609,0,1,0,-33.839086,151.20866,49,0,2,1,2,0,0,0,0,0,7,40,0,368,368,9,5,28,2,0,1,0,0
1272985,1,2021,2021,1,4,8,45,27,304,96,0,1,10,-33.907603,151.159162,32,0,2,1,3,0,0,0,2,2,7,60,2,214,214,9,5,28,2,0,0,0,1
1272989,2,2021,2021,8,6,9,475,31,290,34609,0,1,9,-33.848843,150.983322,21,0,2,1,2,0,0,0,0,0,7,50,0,5929,5929,1,0,0,2,0,0,1,0
1272991,4,2021,2021,6,3,6,1,27,16,34609,0,1,1,-35.775238,144.916779,51,2,1,1,0,2,0,0,2,0,7,60,0,1945,1945,5,16,40,1,0,1,0,0
1272995,4,2021,2021,11,6,6,44,31,316,34609,0,1,7,-31.431072,152.911129,56,2,1,1,0,0,0,0,2,0,0,50,0,1850,777,5,16,40,1,0,1,0,0
1272996,4,2021,2021,11,5,4,21,27,36,34609,0,1,1,-34.406099,150.858323,80,0,2,0,0,0,0,0,2,0,7,50,0,1192,1192,1,0,27,2,0,1,0,0
1272997,4,2021,2021,11,5,6,3,16,201,34609,0,1,1,-34.00555,150.885623,13,0,2,1,2,0,0,0,2,0,7,60,0,9859,9859,8,5,40,1,0,1,0,0
1272998,4,2021,2021,11,1,5,5,7,463,34609,0,1,9,-30.282726,153.103226,19,2,1,1,1,0,0,0,2,0,7,50,0,1669,1669,3,5,36,2,0,1,1,1
1272999,2,2021,2021,1,0,3,19,27,182,174,0,1,9,-32.832197,151.355897,17,2,1,1,3,0,0,0,1,2,9,60,2,1669,1669,3,10,5,2,0,0,1,0
1273000,1,2021,2021,1,4,4,500,27,129,799,0,1,9,-33.928421,151.076767,15,0,2,1,3,0,0,0,2,2,7,60,2,14295,14295,3,5,5,2,0,0,0,1
1273005,2,2021,2021,5,6,9,82,31,363,369,0,1,10,-33.760632,150.710826,55,0,2,1,3,0,0,0,0,2,7,70,2,623,623,3,5,5,2,0,0,1,0
1273007,1,2021,2021,8,1,11,60,27,40,167,0,1,2,-34.015053,151.124177,68,0,2,1,3,0,0,0,0,0,7,80,2,1192,1192,1,5,12,2,0,0,0,1
1273008,4,2021,2021,8,2,3,5,31,198,34609,0,1,9,-33.909414,151.101975,15,0,2,1,1,0,0,0,1,0,7,50,0,340,340,9,5,28,2,0,1,0,0
1273009,1,2021,2021,8,4,9,9,27,87,100,0,1,1,-34.460367,150.424622,78,2,1,1,3,0,0,3,0,0,7,70,2,1669,1669,3,10,40,2,0,0,0,1
1273012,4,2021,2021,1,6,7,1,31,87,34609,0,1,2,-28.810078,153.278295,39,2,1,1,0,0,0,0,2,0,7,50,0,4026,4026,8,5,40,1,0,1,0,0
1273013,4,2021,2021,0,4,7,195,27,54,186,0,1,2,-33.851817,150.875901,24,0,2,0,1,0,0,0,2,0,7,70,2,404,404,8,16,40,1,0,1,0,0
1273017,4,2021,2021,11,6,7,1,27,7,34609,0,1,9,-35.392026,150.368324,63,2,1,0,0,0,0,0,2,0,0,80,0,1850,1463,5,16,40,1,0,1,0,0
1273018,4,2021,2021,8,1,5,308,14,169,311,0,1,3,-33.774319,150.853594,7,0,2,1,1,0,0,0,2,0,7,100,2,14295,14295,3,0,13,2,0,1,1,0
1273020,4,2021,2021,11,3,3,512,17,433,441,0,1,1,-33.311999,149.140725,52,2,1,0,0,0,0,0,2,0,7,80,2,1192,1192,1,10,27,2,0,1,0,0
1273021,4,2021,2021,11,0,5,133,10,40,121,0,1,1,-31.502765,152.897566,56,1,0,1,0,0,0,0,2,0,7,100,1,14295,14295,3,16,12,2,0,1,0,0
1273024,4,2021,2021,1,2,8,35,27,273,34609,0,1,1,-34.420875,150.906461,80,0,2,1,1,0,0,0,2,0,7,10,0,84,84,8,5,40,1,0,2,0,0
1273025,4,2021,2021,1,6,4,5,31,135,34609,0,1,10,-32.903158,151.737699,48,0,2,1,1,0,0,0,2,0,15,50,0,6545,6545,4,5,19,3,0,1,0,0
1273026,4,2021,2021,1,4,5,8,27,7,34609,0,1,1,-30.038974,153.084571,18,2,1,0,0,2,0,0,2,0,7,80,0,1957,4009,8,10,40,1,0,1,0,0
1273029,1,2021,2021,6,0,8,63,17,207,63,0,1,7,-31.941724,141.470363,51,2,1,1,2,0,3,0,0,0,0,50,2,78,78,8,5,40,1,0,0,0,1
1273030,4,2021,2021,5,5,7,145,31,15,18,1,2,9,-34.439489,150.886938,80,0,2,1,1,0,0,0,2,0,7,40,1,926,926,4,0,0,2,0,1,1,0
1273031,2,2021,2021,11,4,6,8,31,16,34609,0,1,9,-33.875849,151.226001,69,0,2,0,1,0,0,0,2,0,9,50,0,1220,1220,9,5,28,2,0,0,1,0
1273040,4,2021,2021,6,6,7,18,31,129,34609,0,1,1,-33.92776,151.083777,15,0,2,1,1,0,0,0,2,0,7,50,0,9859,9859,1,16,40,2,0,1,0,0
1273041,4,2021,2021,5,1,9,42,10,16,4,0,1,1,-32.868435,151.558148,17,2,1,0,0,0,0,0,0,0,7,80,2,2585,4009,8,16,40,1,0,1,0,0
1273043,2,2021,2021,6,2,8,4,27,70,34609,0,1,10,-33.981668,151.103731,25,0,2,1,3,0,0,0,2,0,0,50,0,6545,6545,4,10,5,2,0,0,1,0
1273045,2,2021,2021,1,5,2,296,27,283,293,0,1,10,-33.834704,151.001928,21,0,2,1,1,0,0,0,1,2,9,70,2,2040,2040,9,21,28,2,0,0,1,0
1273047,2,2021,2021,5,4,3,10,31,198,34609,0,1,1,-33.914174,151.101245,15,0,2,1,1,0,0,0,2,0,7,50,0,9859,9859,1,5,5,2,0,0,1,0
1273049,2,2021,2021,1,5,9,30,27,646,34609,1,0,1,-33.931998,151.021673,15,0,2,1,2,0,0,0,0,0,7,50,0,9859,9859,8,0,40,1,0,0,2,0
1273051,4,2021,2021,6,0,7,3371,17,20,3342,0,1,2,-32.304034,152.345796,43,1,0,1,0,0,0,0,2,0,7,110,2,1383,1383,1,8,13,2,0,2,0,0
1273053,4,2021,2021,1,0,8,98,31,176,159,0,1,9,-33.953687,151.13948,4,0,2,1,1,0,0,0,2,2,7,60,2,5929,5929,1,5,19,2,0,1,0,1
1273056,4,2021,2021,5,1,3,31,27,210,34609,0,1,10,-34.021988,151.104984,68,0,2,1,2,0,0,3,1,0,0,50,0,1220,1220,9,5,28,2,0,1,0,0
1273058,1,2021,2021,1,2,11,5,31,228,34609,0,1,1,-34.763862,149.708142,26,2,1,0,2,0,0,0,0,0,7,50,0,418,714,5,16,40,1,0,0,0,1
1273059,1,2021,2021,1,5,10,79,27,145,159,0,1,10,-33.932666,151.110005,15,0,2,1,2,0,0,0,0,2,7,60,2,4026,4026,8,5,40,1,0,0,0,1
1273060,4,2021,2021,5,3,10,3371,17,23,3342,0,1,10,-32.992244,151.688662,37,0,2,1,2,0,3,4,0,2,7,70,2,4026,4026,8,5,40,1,0,1,0,0
1273061,1,2021,2021,6,5,4,478,17,50,480,0,1,1,-33.229465,151.542974,16,2,2,0,1,0,0,0,2,0,7,60,2,4552,5151,1,5,36,2,0,0,0,1
1273062,2,2021,2021,6,3,5,9,27,36,40,0,1,1,-33.506868,149.222297,51,1,0,0,0,0,0,0,2,0,7,100,2,312,312,2,10,40,1,0,0,1,0
1273064,2,2021,2021,5,3,0,11,27,73,34609,0,1,1,-33.713097,150.69825,55,0,2,0,2,0,0,0,0,0,7,60,0,4552,5151,8,34,40,1,0,0,1,0
1273065,2,2021,2021,6,0,7,82,27,5,103,0,1,1,-28.336676,153.379962,72,2,1,1,0,0,0,0,2,0,7,50,1,1669,1669,3,10,5,3,0,0,2,0
1273067,4,2021,2021,1,2,2,2126,17,73,2149,0,1,10,-33.887964,151.16771,32,0,2,1,2,0,3,4,1,2,9,60,2,1220,1220,9,5,28,2,0,1,0,0
1273068,2,2021,2021,5,2,4,111,27,102,233,0,1,9,-33.967192,151.231245,59,0,2,0,3,0,0,0,2,2,7,60,2,1850,985,5,16,40,1,0,0,1,0
1273069,1,2021,2021,11,3,6,8,31,197,34609,0,1,1,-33.955419,151.076337,25,0,2,1,1,0,0,0,2,0,7,50,0,238,238,9,5,28,2,0,0,0,1
1273072,4,2021,2021,1,1,5,27,31,82,34609,0,1,7,-31.078,150.927498,70,2,1,1,0,0,0,0,2,0,0,50,0,6545,6545,4,0,36,3,0,1,0,0
1273074,2,2021,2021,5,6,7,100,31,363,38,0,1,1,-33.81327,151.000218,54,0,2,1,1,0,0,0,2,0,7,60,1,9859,9859,8,5,40,1,0,0,1,0
1273076,4,2021,2021,1,3,9,63,31,79,79,0,1,1,-33.821788,151.210476,49,0,2,1,2,0,0,0,3,2,9,50,2,2040,2040,9,5,28,2,0,1,1,0
1273077,2,2021,2021,5,0,11,103,36,5,103,0,1,1,-32.010395,152.105406,43,2,1,1,0,0,0,6,0,0,7,80,1,9859,9859,8,5,40,1,0,0,1,0
1273078,4,2021,2021,5,3,6,3,27,16,34609,0,1,1,-28.976584,152.264409,51,2,1,1,0,2,0,0,2,0,7,50,0,404,404,8,16,40,1,0,1,0,0
1273080,2,2021,2021,1,5,7,16,31,134,34609,1,2,10,-33.678356,150.87327,7,0,2,1,1,0,0,0,2,0,0,40,0,6545,6545,4,5,5,2,0,0,1,1
1273084,4,2021,2021,1,3,1,3371,17,12,3342,0,1,9,-33.049034,151.655088,37,0,2,0,2,0,0,0,0,2,7,60,2,2585,4009,8,5,40,1,0,1,0,0
1273085,4,2021,2021,1,2,8,169,27,16,54,0,1,2,-34.020085,151.050542,68,0,2,0,1,0,0,0,2,0,7,80,2,14295,14295,3,9,5,2,0,1,0,0
1273086,2,2021,2021,5,5,0,12,27,35,103,0,1,1,-32.096526,152.36243,43,1,0,1,2,0,0,0,0,0,7,100,1,475,475,5,0,40,1,0,0,1,0
1273087,1,2021,2021,5,0,10,255,31,64,34609,0,1,1,-33.482499,150.153488,40,2,1,0,2,0,3,4,0,0,7,40,0,1957,4009,8,30,40,1,0,0,0,1
1273088,2,2021,2021,5,6,6,1,27,3,34609,0,1,1,-33.156364,151.271216,16,2,2,0,0,0,0,0,2,0,7,60,0,1259,5151,8,16,40,1,0,0,2,0
1273090,1,2021,2021,1,3,5,11,27,71,34609,0,1,9,-33.96817,151.078049,25,0,2,1,0,2,0,0,2,0,0,50,0,9859,9859,1,5,5,2,0,0,0,1
1273092,2,2021,2021,1,4,10,5,10,323,34609,0,1,7,-33.771359,150.985789,54,0,2,1,2,0,0,0,0,0,0,50,0,945,945,5,5,40,1,0,0,1,0
1273093,2,2021,2021,6,2,3,46,27,101,13,0,1,1,-32.907448,151.622449,37,0,2,1,1,0,0,0,2,0,7,70,1,3775,3775,0,5,25,2,0,0,2,0
1273094,2,2021,2021,6,2,1,51,31,304,34609,0,1,1,-33.909308,151.165877,32,0,2,1,2,0,0,0,0,0,7,50,0,1109,397,1,0,5,2,0,0,1,0
1273095,2,2021,2021,5,1,7,4,6,21,34609,0,1,1,-33.871382,150.909852,24,0,2,1,1,0,0,0,2,0,7,50,0,489,489,5,16,40,1,0,0,1,0
1273096,1,2021,2021,5,5,6,9,27,42,29,0,1,7,-33.740404,151.278521,50,0,2,1,1,0,0,0,2,0,0,50,1,1945,1945,5,15,40,1,0,0,0,1
1273099,1,2021,2021,6,2,10,344,27,609,163,0,1,10,-33.766834,150.905173,7,0,2,1,2,0,0,0,0,2,7,60,2,14295,14295,3,5,5,2,0,0,0,2
1273100,4,2021,2021,1,2,5,9,31,28,34609,0,1,1,-33.092156,148.870175,11,2,1,1,1,0,0,0,2,0,7,50,0,220,220,8,15,40,1,0,1,0,0
1273101,2,2021,2021,6,5,3,81,31,646,80,0,1,10,-33.916107,151.014038,15,0,2,0,2,0,0,0,1,2,7,60,1,186,186,1,5,5,2,0,0,1,0
1273102,2,2021,2021,5,1,6,112,27,109,256,0,1,2,-33.972763,150.861008,13,0,2,1,1,0,0,0,2,0,7,70,2,475,475,5,5,40,1,0,0,1,0
1273103,1,2021,2021,5,5,3,1104,14,247,962,0,1,3,-33.814597,150.957485,21,0,2,1,3,0,0,0,2,0,7,90,2,14295,14295,3,5,0,4,0,0,0,1
1273104,2,2021,2021,6,5,3,119,31,173,207,0,1,2,-33.87528,151.220859,69,0,2,1,2,0,0,0,1,0,7,50,2,4026,4026,8,5,40,1,0,0,2,0
1273105,2,2021,2021,5,0,4,35,27,9,49,0,1,1,-31.228367,150.811845,70,1,0,1,0,0,3,3,2,0,7,100,1,9859,9859,8,9,40,1,0,0,1,1
1273107,2,2021,2021,5,0,9,79,27,145,159,0,1,10,-33.92773,151.108917,15,0,2,1,2,0,0,0,0,2,9,60,2,2040,2040,9,5,28,2,0,0,1,0
1273108,1,2021,2021,8,3,5,177,22,87,176,0,1,9,-34.049576,151.146039,68,0,2,1,3,0,0,0,2,0,15,70,2,623,623,3,0,19,2,0,0,0,1
1273110,2,2021,2021,5,6,6,137,14,18,70,0,1,3,-32.804089,151.494863,17,1,0,0,1,0,0,0,2,0,7,110,2,1282,1282,1,8,0,3,0,0,1,0
1273111,4,2021,2021,1,6,4,5,27,127,34609,0,1,1,-33.838121,150.834736,24,0,2,1,0,0,0,0,2,0,7,60,0,4026,4026,8,29,40,1,0,1,0,0
1273112,2,2021,2021,1,2,7,3371,17,18,3342,0,1,2,-30.919662,152.888216,34,1,0,1,0,0,0,0,2,0,7,110,2,9859,9859,8,9,40,1,0,0,1,0
1273113,2,2021,2021,1,5,11,1104,11,130,770,0,1,2,-33.870865,151.191145,69,0,2,1,1,0,3,4,0,0,7,60,2,4026,4026,8,5,40,1,0,0,1,0
1273114,4,2021,2021,5,2,9,16,31,113,34609,0,1,1,-29.479777,149.845891,51,2,1,1,2,0,0,0,0,0,7,50,0,1945,1945,5,16,40,1,0,1,0,0
1273115,1,2021,2021,6,1,2,22,31,64,61,0,1,7,-33.884083,151.027985,21,0,2,1,2,0,0,0,1,0,0,50,1,5929,5929,1,5,0,2,0,0,0,1
1273117,2,2021,2021,5,4,0,346,17,103,332,0,1,1,-28.808294,153.361313,39,2,1,0,2,0,0,0,0,0,7,80,2,1957,4009,8,5,40,1,0,0,1,0
1273118,4,2021,2021,5,4,5,8,27,210,34609,0,1,1,-34.036622,151.098655,68,0,2,1,1,0,0,0,2,0,7,50,0,1109,787,1,5,0,2,0,1,0,0
1273122,2,2021,2021,1,5,8,2,1,13,34609,0,1,9,-33.871473,151.225167,69,0,2,1,1,0,0,0,3,2,9,40,0,14295,14295,3,9,5,3,0,0,1,1
1273124,4,2021,2021,5,0,7,161,17,9,161,0,1,1,-35.778527,148.510175,65,1,0,0,0,0,1,5,2,0,7,100,2,3775,3775,0,0,13,2,0,2,1,1
1273125,1,2021,2021,11,6,6,2,27,290,34609,0,1,1,-33.855035,150.973441,21,0,2,1,3,0,0,0,2,0,7,50,0,9859,9859,1,0,0,2,0,0,0,1
1273127,4,2021,2021,1,4,7,4,27,3,34609,0,1,9,-31.328587,152.724357,56,2,1,0,0,0,0,0,2,0,7,80,0,1957,4009,8,5,40,1,0,1,0,0
1273133,1,2021,2021,11,6,8,11,27,139,34,0,1,10,-33.842654,151.213944,49,0,2,1,3,0,0,0,2,3,7,50,1,14295,14295,3,10,0,2,0,0,0,1
1273141,4,2021,2021,1,0,5,220,14,74,220,0,1,3,-34.437833,150.86696,80,0,2,0,0,0,0,0,2,0,7,90,2,2585,4009,8,5,40,1,0,1,0,0
1273144,2,2021,2021,11,5,3,5,10,10,34609,0,1,10,-35.421505,149.229574,58,2,1,1,1,0,0,0,2,0,0,50,0,6545,6545,4,9,5,2,0,0,1,0
1273147,4,2021,2021,11,1,7,515,14,204,518,0,1,3,-33.939659,151.155123,4,0,2,1,1,0,0,0,2,0,7,80,2,14295,14295,3,33,5,2,0,1,0,0
1273149,2,2021,2021,11,3,8,4,25,76,34609,0,1,1,-35.336226,150.456209,63,2,1,1,0,0,0,0,2,0,7,50,0,312,312,2,5,40,1,0,0,1,0
1273152,2,2021,2021,11,4,5,30,27,32,39,0,1,1,-35.353841,149.270554,58,2,1,0,0,0,0,0,2,0,7,80,1,782,957,5,5,40,1,0,0,1,0
1273153,2,2021,2021,11,5,11,280,10,46,240,0,1,9,-33.882475,150.967401,24,0,2,1,2,0,0,0,0,2,15,60,2,489,489,8,0,40,1,0,0,1,0
1273162,1,2021,2021,5,6,8,330,23,98,260,0,1,2,-32.999141,151.59632,37,0,2,0,3,0,0,0,3,0,7,60,2,14295,14295,3,10,13,4,0,0,0,3
1273163,2,2021,2021,1,0,7,2126,17,80,2149,0,1,10,-33.88786,151.167733,32,0,2,1,3,0,0,0,2,2,7,60,2,14295,14295,3,8,5,3,0,0,1,0
1273164,2,2021,2021,1,4,6,12,31,77,34609,0,1,9,-33.039915,151.657751,37,0,2,0,0,0,0,0,2,0,7,50,0,418,777,5,5,40,1,0,0,1,0
1273166,2,2021,2021,11,6,4,9,27,11,56,0,1,9,-32.650952,147.491577,51,1,0,1,3,0,0,0,2,0,7,100,1,323,323,1,9,5,2,0,0,1,0
1273167,1,2021,2021,1,2,7,1,27,2,34609,0,1,1,-37.104217,149.612992,5,2,1,0,0,2,0,0,2,0,7,80,0,1850,1463,5,16,40,1,0,0,0,2
1273169,2,2021,2021,11,0,11,35,27,22,49,0,1,1,-31.40301,150.648616,51,1,0,1,0,0,0,0,0,0,7,100,1,9859,9859,8,0,40,1,0,0,1,0
1273173,1,2021,2021,1,6,5,14,10,316,34609,0,1,2,-31.453448,152.874863,56,2,1,0,3,0,0,0,2,0,7,50,0,1383,1383,1,5,5,2,0,0,0,2
1273175,1,2021,2021,11,5,9,251,14,79,124,0,1,6,-33.829529,151.213842,49,0,2,0,3,0,3,4,0,0,7,60,2,1850,1463,5,9,40,1,0,0,0,1
1273177,1,2021,2021,11,3,8,24,27,9,103,0,1,1,-28.522244,153.190035,72,2,1,0,0,0,0,0,3,0,7,80,1,1850,1463,5,0,40,1,0,0,0,1
1273185,1,2021,2021,0,5,7,13,1,42,34609,0,1,1,-33.913266,150.904169,41,0,2,1,3,0,0,0,2,0,7,50,0,1391,1391,1,5,5,3,0,0,0,1
1273190,2,2021,2021,5,2,8,234,27,337,217,0,1,10,-33.743491,150.998624,71,0,2,1,3,0,0,0,2,2,7,60,2,2852,2852,4,5,5,2,0,0,1,1
1273191,2,2021,2021,11,2,8,15,31,62,34609,0,1,9,-33.744847,150.609062,8,2,2,1,3,0,0,0,2,0,7,50,0,9859,9859,8,5,40,1,0,0,1,0
1273192,1,2021,2021,6,0,5,8,31,22,34609,0,1,9,-33.830006,151.198417,49,0,2,1,3,0,0,0,2,0,7,50,0,5929,5929,1,30,0,2,0,0,0,1
1273193,2,2021,2021,11,0,8,3,27,12,34609,0,1,10,-32.629581,149.634064,44,2,1,1,0,0,0,0,2,0,0,80,0,6545,6545,4,5,5,2,0,0,1,0
1273194,2,2021,2021,5,2,7,2261,17,75,2252,0,1,9,-33.887242,151.113909,32,0,2,1,1,0,0,0,2,0,0,60,2,926,926,4,5,5,2,0,0,1,0
1273195,4,2021,2021,6,1,7,8,1,115,34609,0,1,7,-33.749175,151.223142,50,0,2,0,0,0,0,0,2,0,0,40,0,3775,3775,0,5,5,4,0,1,0,0
1273196,2,2021,2021,5,0,7,47,31,117,84,0,1,2,-28.170621,153.543508,72,2,1,1,0,0,0,0,2,0,7,50,1,9859,9859,8,22,40,1,0,0,1,0
1273198,4,2021,2021,1,1,4,9,18,33,34609,0,1,9,-33.899729,151.249986,76,0,2,1,0,0,0,0,2,0,7,50,0,323,323,1,22,5,2,0,1,0,0
1273199,2,2021,2021,11,4,8,2,31,21,34609,0,1,10,-34.373428,150.90749,80,0,2,1,2,0,0,0,3,0,0,50,0,6545,6545,4,5,36,3,0,0,1,0
1273201,2,2021,2021,1,2,6,7,31,53,34609,0,1,10,-31.867476,152.372111,43,2,1,1,1,0,0,0,2,0,0,50,0,6545,6545,4,34,5,2,0,0,1,0
1273203,4,2021,2021,1,6,6,59,27,10,69,0,1,1,-34.108297,149.793655,51,1,0,0,0,0,3,4,2,0,7,100,1,3775,3775,0,10,13,2,0,1,1,0
1273204,4,2021,2021,5,2,5,103,27,28,256,0,1,2,-34.095624,150.80448,13,0,2,1,0,0,0,0,2,0,7,80,2,1282,1282,1,10,13,2,0,1,0,0
1273209,2,2021,2021,8,2,3,10,27,314,34609,0,1,1,-33.843469,150.950016,21,0,2,0,0,0,0,0,1,0,7,50,0,1109,787,1,9,19,2,0,0,2,0