Crash ID,Degree of crash - detailed,Reporting year,Year of crash,Month of crash,Day of week of crash,Two-hour intervals,Street of crash,Street type,Town,Route no.,School zone location,School zone active,Type of location,Latitude,Longitude,LGA,Urbanisation,Conurbation 1,Alignment,Street lighting,Road surface,Surface condition,Weather,Natural lighting,Signals operation,Other traffic control,Speed limit,Road classification,RUM - code,DCA - code,First impact type,Key TU type,Other TU type,No. of traffic units involved,No. killed,No. seriously injured,No. moderately injured,No. minor-other injured
1273214,4,2021,2021,5,0,3,308,14,62,311,0,1,3,-33.730708,150.860442,7,0,2,1,2,0,3,0,1,0,7,100,2,14295,14295,3,9,12,3,0,1,0,0
1273217,2,2021,2021,6,3,4,11,10,29,52,0,1,9,-34.109444,150.561035,79,1,2,1,0,0,0,6,2,0,7,100,1,323,323,1,16,0,2,0,0,1,0
1273219,4,2021,2021,11,0,9,153,27,290,147,0,1,9,-33.949043,151.111687,4,0,2,1,2,0,0,0,0,0,7,60,2,5929,5929,1,0,5,2,0,1,1,1
1273226,4,2021,2021,1,5,8,361,23,204,35,0,1,9,-33.890541,150.940475,24,0,2,1,0,0,3,4,2,2,7,50,1,1669,1669,3,5,5,2,0,1,0,0
1273228,1,2021,2021,11,6,6,163,27,41,165,0,1,9,-33.728956,150.822689,7,0,2,1,1,0,0,0,2,2,7,60,1,14295,14295,3,5,13,2,0,0,0,1
1273229,4,2021,2021,1,6,6,62,31,37,34609,0,1,1,-33.018692,151.675293,37,0,2,1,1,0,0,0,2,0,7,50,0,238,238,9,5,28,2,0,1,0,0
1273237,4,2021,2021,11,4,4,334,17,316,308,0,1,2,-31.436756,152.895528,56,2,1,1,1,0,0,0,2,0,7,60,2,9859,9859,1,5,5,3,0,1,0,0
1273241,2,2021,2021,1,1,4,38,27,189,165,0,1,9,-33.951691,151.058823,25,0,2,1,1,0,0,0,2,0,7,50,1,1669,1669,3,5,5,2,0,0,1,0
1273242,2,2021,2021,1,0,2,4,31,69,34609,1,0,9,-33.824802,151.018518,54,0,2,1,2,0,0,0,0,0,15,50,0,1220,1220,9,5,28,2,0,0,1,0
1273244,1,2021,2021,11,6,4,24,31,165,34609,0,1,7,-33.855451,151.157703,14,0,2,1,0,0,0,0,2,0,0,50,0,6545,6545,4,0,5,2,0,0,0,1
1273246,1,2021,2021,1,4,6,2,23,168,34609,0,1,10,-33.694823,150.813002,7,0,2,1,1,0,0,0,2,0,0,50,0,6545,6545,4,9,5,2,0,0,0,1
1273250,4,2021,2021,1,3,7,11,31,36,34609,0,1,10,-33.928145,151.247832,59,0,2,1,3,0,0,0,2,0,15,50,0,6545,6545,4,30,22,2,0,1,0,0
1273254,1,2021,2021,11,2,7,196,10,166,168,0,1,9,-33.944123,150.982473,15,0,2,1,3,0,0,0,2,2,7,60,2,14295,14295,3,0,5,2,0,0,0,1
1273261,1,2021,2021,8,1,4,39,31,67,34609,0,1,9,-34.421475,150.875145,80,0,2,1,0,0,0,0,2,0,7,50,0,5929,5929,1,0,27,2,0,0,0,1
1273262,2,2021,2021,11,4,3,7,31,107,157,0,1,10,-29.670785,152.936236,18,2,1,1,1,0,0,0,2,0,0,50,2,6545,6545,4,5,13,2,0,0,2,0
1273265,2,2021,2021,11,0,4,10,31,207,34609,0,1,7,-31.956402,141.46427,51,2,1,1,1,0,0,0,2,0,0,50,0,6545,6545,4,30,19,2,0,0,1,0
1273270,2,2021,2021,11,1,7,2126,17,149,2149,0,1,10,-33.818035,150.981769,21,0,2,1,2,0,0,0,2,2,9,60,2,623,623,3,9,5,2,0,0,1,0
1273271,2,2021,2021,11,4,8,37,1,96,212,0,1,10,-35.356706,149.225351,58,2,1,1,1,0,0,0,2,2,7,60,2,6545,6545,4,5,13,2,0,0,1,0
1273272,2,2021,2021,0,0,0,3371,17,38,3342,0,1,9,-30.250281,153.134627,19,2,1,1,2,0,0,0,0,0,0,80,2,4026,4026,8,22,40,1,0,0,1,0
1273275,1,2021,2021,7,5,8,1,27,87,34609,0,1,9,-33.084472,151.445295,37,0,2,1,1,0,0,3,2,0,7,50,0,9859,9859,8,0,40,1,0,0,0,1
1273277,4,2021,2021,1,1,4,22,31,64,61,0,1,9,-33.884747,151.032639,21,0,2,1,1,0,0,0,2,0,7,50,1,2040,2040,9,8,28,2,0,1,0,0
1273278,2,2021,2021,6,5,11,149,36,21,81,0,1,1,-32.107708,152.476251,43,1,0,0,0,0,3,4,0,0,7,100,2,2585,4009,8,30,40,1,0,0,1,0
1273281,4,2021,2021,1,6,5,54,27,20,563,0,1,9,-34.035725,151.002611,68,0,2,1,1,0,0,0,2,2,7,80,2,5929,5929,1,10,5,2,0,1,1,0
1273286,4,2021,2021,11,3,6,17,27,3,62,0,1,1,-35.845642,147.822183,66,2,1,0,0,0,0,0,2,0,7,80,2,1850,1463,5,16,40,1,0,1,0,0
1273287,4,2021,2021,11,4,6,334,17,21,308,0,1,1,-31.397579,152.121673,56,2,1,0,0,0,0,0,2,0,7,80,2,3775,3775,0,16,40,2,0,1,0,0
1273288,2,2021,2021,1,5,3,2,1,91,34609,1,0,1,-32.968855,151.65304,37,0,2,1,3,0,0,0,2,0,7,50,0,9859,9859,1,5,5,2,0,0,1,0
1273289,2,2021,2021,5,3,6,63,31,79,79,0,1,10,-33.82299,151.210233,49,0,2,1,0,0,0,0,2,2,9,50,2,1220,1220,9,0,28,2,0,0,1,0
1273292,4,2021,2021,1,5,3,25,27,43,34609,0,1,1,-33.593517,150.87611,29,2,2,0,1,0,0,0,2,0,7,70,0,3775,3775,0,9,12,2,0,1,1,0
1273297,1,2021,2021,11,3,6,7,10,387,34609,0,1,9,-33.929857,151.165176,32,0,2,1,3,0,0,0,2,3,7,60,0,395,395,1,30,5,2,0,0,0,1
1273301,1,2021,2021,1,1,6,475,10,523,268,1,0,2,-33.916618,150.911423,41,0,2,1,0,0,0,0,2,0,7,70,2,238,238,9,5,28,2,0,0,0,1
1273303,1,2021,2021,11,4,8,45,27,134,40,0,1,1,-33.680837,150.858891,7,0,2,1,3,0,0,0,2,0,7,60,2,941,941,1,9,5,2,0,0,0,1
1273307,2,2021,2021,11,0,6,1,27,1,34609,0,1,1,-34.617327,150.686431,35,2,1,0,0,2,0,0,2,0,7,50,0,1850,1463,5,33,40,1,0,0,1,1
1273315,2,2021,2021,1,0,10,1,27,132,34609,0,1,1,-29.748259,151.182498,33,1,0,1,0,0,0,0,0,0,7,100,0,9859,9859,8,10,40,1,0,0,1,0
1273317,1,2021,2021,11,5,6,19,31,370,34609,0,1,1,-34.065946,150.824517,13,0,2,1,1,0,0,0,2,0,7,60,0,186,186,9,5,28,2,0,0,0,1
1273318,1,2021,2021,11,0,5,829,27,149,770,0,1,2,-33.864712,151.171367,32,0,2,1,0,0,0,0,2,0,7,60,2,14295,14295,3,0,0,2,0,0,0,1
1273323,4,2021,2021,11,3,4,4,27,194,34609,0,1,1,-30.576894,151.681633,1,1,0,1,0,0,0,0,2,0,7,100,0,1089,1089,7,16,40,1,0,1,0,0
1273326,1,2021,2021,3,4,6,500,27,198,799,0,1,10,-33.91823,151.104401,15,0,2,1,3,0,0,0,2,3,7,60,2,14295,14295,3,5,0,2,0,0,0,1
1273330,1,2021,2021,5,2,5,1052,14,58,928,0,1,3,-33.222273,151.432489,16,1,2,1,1,0,0,0,2,0,7,110,2,4026,4026,8,5,40,1,0,0,0,1
1273332,2,2021,2021,11,6,8,42,31,82,118,0,1,7,-31.078519,150.918596,70,2,1,1,1,0,0,0,2,0,0,60,2,2852,2852,4,5,5,2,0,0,1,0
1273334,4,2021,2021,5,2,6,46,36,8,46,0,1,1,-32.639877,149.003284,22,1,0,0,0,0,3,4,2,0,7,100,1,4552,5151,8,10,40,1,0,1,0,0
1273339,2,2021,2021,1,2,9,866,17,314,793,0,1,10,-33.851807,150.94275,24,0,2,1,2,0,0,0,0,2,7,70,2,2852,2852,4,5,5,2,0,0,1,0
1273344,2,2021,2021,11,4,8,77,31,445,563,0,1,9,-33.869285,151.042523,21,0,2,0,3,0,0,0,0,2,7,70,2,5929,5929,1,0,5,2,0,0,1,0
1273346,1,2021,2021,1,3,3,3371,17,35,3342,0,1,2,-29.940991,153.102103,18,1,0,1,3,0,0,0,2,0,7,110,2,9859,9859,1,8,5,2,0,0,0,1
1273354,2,2021,2021,1,2,4,1,10,33,34609,1,0,9,-34.01455,150.817946,13,0,2,1,1,0,0,0,2,0,7,60,0,3775,3775,0,10,0,2,0,0,1,0
1273358,4,2021,2021,11,0,2,3,27,56,34609,0,1,1,-32.808107,151.284255,17,2,1,1,3,0,0,0,1,0,7,80,0,9859,9859,8,30,40,1,0,1,0,0
1273362,1,2021,2021,5,5,10,6,36,5,6,0,1,1,-35.025992,143.357955,51,1,0,0,0,0,0,0,0,0,7,100,2,4552,5151,8,5,40,1,0,0,0,1
1273364,4,2021,2021,5,2,7,334,17,6,308,0,1,1,-31.647082,147.918317,51,1,0,0,1,0,0,0,2,0,7,110,2,273,957,5,10,40,1,0,1,0,0
1273365,2,2021,2021,11,5,10,125,27,57,123,0,1,7,-33.336033,151.431163,16,2,2,0,3,0,3,3,0,0,7,70,2,52,52,6,5,40,1,0,0,1,0
1273370,2,2021,2021,5,4,8,3,10,26,34609,0,1,1,-33.107044,151.534482,37,0,2,1,3,0,0,0,2,0,7,50,0,9859,9859,1,0,5,2,0,0,1,0
1273373,1,2021,2021,11,1,7,61,31,92,45,0,1,1,-33.870068,150.982226,24,0,2,1,3,0,0,0,2,0,7,60,1,5929,5929,1,5,13,3,0,0,0,1
1273377,2,2021,2021,11,0,3,346,17,12,332,0,1,1,-28.853181,152.917842,60,1,0,0,3,0,0,0,1,0,7,100,2,3775,3775,0,29,5,2,0,0,1,0
1273378,1,2021,2021,11,6,3,45,27,110,45,0,1,9,-33.743496,151.047112,31,0,2,0,3,0,0,0,2,2,7,60,2,14295,14295,3,0,5,2,0,0,0,1
1273382,2,2021,2021,8,5,7,50,31,169,34609,0,1,9,-33.595123,150.751376,29,2,2,1,1,0,0,0,2,0,0,50,0,2852,2852,4,0,13,2,0,0,1,0
1273383,2,2021,2021,11,0,8,1,23,79,34609,0,1,9,-34.012444,150.745379,12,0,2,1,1,0,0,0,2,0,7,50,0,3775,3775,0,0,5,2,0,0,2,0
1273385,4,2021,2021,6,2,10,32,10,27,34609,1,0,1,-32.765865,151.609004,42,2,1,1,2,0,0,0,0,0,7,50,0,4026,4026,8,30,40,1,0,1,0,0
1273392,2,2021,2021,11,2,9,18,27,89,27,0,1,1,-33.670596,150.798385,55,0,2,1,2,0,3,4,0,0,7,80,1,1282,1282,1,29,13,2,0,0,1,0
1273396,2,2021,2021,11,1,5,28,27,94,34609,1,0,10,-33.782203,150.791611,55,0,2,1,1,0,0,0,2,2,7,50,0,6545,6545,4,5,5,2,0,0,1,0
1273404,2,2021,2021,1,5,3,9,27,3,34609,0,1,1,-32.689192,151.753925,57,2,1,1,0,0,3,3,2,0,7,80,0,9859,9859,8,5,40,1,0,0,1,0
1273417,4,2021,2021,5,5,5,485,27,42,769,0,1,2,-33.708184,150.941002,71,0,2,1,0,0,0,0,2,0,7,80,2,14295,14295,3,9,5,3,0,1,0,0
1273419,2,2021,2021,1,4,8,475,10,523,268,0,1,10,-33.91854,150.916246,41,0,2,1,1,0,0,0,2,0,7,70,2,1957,777,8,5,40,1,0,0,1,0
1273420,1,2021,2021,1,6,8,7,31,115,34609,0,1,1,-33.749402,151.247736,50,0,2,1,1,0,0,0,2,0,7,50,0,1089,1089,7,15,40,1,0,0,0,1
1273421,4,2021,2021,1,2,6,109,27,20,62,0,1,10,-32.758017,151.531609,42,2,1,1,0,0,0,0,2,2,7,60,2,1220,1220,9,5,28,3,0,2,0,0
1273427,2,2021,2021,1,4,3,485,27,25,769,0,1,1,-33.61455,150.833248,29,2,2,1,3,0,0,1,2,0,7,80,2,14295,14295,3,10,12,3,0,0,1,0
1273428,2,2021,2021,11,6,8,330,23,293,112,0,1,10,-33.940099,151.239199,59,0,2,1,3,0,0,0,3,2,7,50,2,301,301,4,5,5,2,0,0,1,0
1273438,2,2021,2021,11,5,10,114,27,19,65,0,1,1,-33.293223,151.238857,16,2,2,0,0,0,0,0,0,0,7,60,1,404,404,8,5,40,1,0,0,1,0
1273455,2,2021,2021,1,1,5,24,31,91,160,0,1,10,-33.990775,150.892756,13,0,2,1,1,0,0,0,2,2,7,60,2,5929,5929,1,5,12,2,0,0,1,0
1273467,4,2021,2021,5,2,10,82,27,10,103,0,1,1,-28.417557,153.325239,72,2,1,1,0,0,0,0,0,0,7,80,1,4026,4026,8,0,40,1,0,1,0,1
1273468,4,2021,2021,1,1,7,5,31,87,103,0,1,2,-28.807311,153.278353,39,2,1,1,0,0,0,0,2,0,9,50,1,2040,2040,9,5,28,2,0,1,0,0
1273470,4,2021,2021,1,0,4,18,10,53,18,0,1,7,-33.775422,151.148847,36,0,2,0,1,0,0,0,2,0,0,60,1,6545,6545,4,0,27,2,0,1,0,0
1273472,4,2021,2021,5,4,7,23,10,5,62,0,1,1,-32.838047,151.483037,17,1,0,0,0,0,3,3,2,0,7,90,2,3775,3775,0,30,5,2,0,2,0,0
1273475,4,2021,2021,5,2,0,2261,17,4,2252,0,1,2,-35.827636,147.230961,27,1,0,1,2,0,3,4,0,0,7,110,2,945,945,5,3,40,1,0,1,0,0
1273477,4,2021,2021,1,2,7,2,27,19,34609,0,1,1,-32.419575,148.817283,22,2,1,1,0,0,0,0,2,0,7,80,0,9859,9859,8,10,40,1,0,1,0,0
1273479,1,2021,2021,11,6,8,20,10,30,91,0,1,9,-35.357186,149.214066,58,2,1,1,0,0,0,0,2,0,0,60,2,2852,2852,4,5,19,2,0,0,0,1
1273480,2,2021,2021,5,5,10,137,14,37,70,0,1,6,-32.80982,151.500609,17,2,1,1,2,0,0,0,0,0,7,70,2,4026,4026,8,0,40,1,0,0,1,0
1273481,2,2021,2021,6,6,8,98,27,128,382,0,1,9,-33.633106,150.778528,29,2,2,1,3,0,0,0,4,0,15,80,2,2852,2852,4,0,0,2,0,0,2,0
1273482,4,2021,2021,5,5,0,6,10,101,34609,0,1,2,-32.911613,151.622298,37,0,2,0,2,0,0,0,0,0,7,50,0,4552,5151,8,10,40,1,0,2,0,0
1273483,2,2021,2021,1,5,8,81,17,83,100,0,1,1,-34.448333,150.45628,78,2,1,0,2,0,3,4,3,0,7,60,2,4552,5151,8,5,40,1,0,0,1,0
1273487,1,2021,2021,5,6,5,3371,17,463,3342,0,1,10,-30.296227,153.11403,19,2,1,1,1,0,0,0,2,2,7,60,2,6545,6545,4,5,5,3,0,0,0,2
1273488,2,2021,2021,5,1,4,9,31,48,34609,0,1,10,-32.910467,151.742322,48,0,2,1,0,0,0,0,2,0,0,50,0,6545,6545,4,5,0,2,0,0,1,0
1273489,2,2021,2021,5,0,4,5,27,15,34609,0,1,1,-31.764225,147.912732,51,1,0,0,3,0,0,0,2,0,7,100,0,1850,1463,5,10,40,1,0,0,1,0
1273490,2,2021,2021,1,1,11,35,27,31,231,0,1,9,-33.502565,151.331467,16,2,2,0,3,0,0,0,0,0,7,60,2,4552,5151,8,5,40,1,0,0,1,0
1273491,2,2021,2021,11,3,5,1,31,316,34609,0,1,1,-31.475916,152.923712,56,2,1,1,0,0,0,3,2,0,7,50,0,9859,9859,8,0,40,1,0,0,1,1
1273492,4,2021,2021,5,0,11,2209,17,11,2205,0,1,1,-35.39511,150.431436,63,1,0,1,0,0,0,0,0,0,7,100,2,9859,9859,8,0,40,1,0,1,1,0
1273493,2,2021,2021,5,5,1,2261,17,346,2252,1,0,9,-33.886352,151.070893,67,0,2,1,2,0,0,0,0,0,15,60,2,4026,4026,8,0,40,1,0,0,2,0
1273494,2,2021,2021,1,5,10,20,1,98,34609,0,1,1,-33.018973,151.602981,37,0,2,1,2,0,0,0,0,0,7,50,0,9859,9859,1,5,5,2,0,0,1,0
1273496,2,2021,2021,5,0,3,14,31,15,49,0,1,9,-34.065139,150.843563,13,0,2,1,2,0,0,0,1,0,7,60,1,6545,6545,4,5,5,2,0,0,1,0
1273498,4,2021,2021,5,1,11,1052,14,207,928,0,1,3,-33.561109,151.19258,31,0,2,1,0,0,0,0,0,0,7,110,2,9859,9859,8,29,40,1,0,1,0,0
1273500,2,2021,2021,5,0,2,348,17,9,232,0,1,1,-32.217337,149.427615,44,1,0,1,0,0,0,1,0,0,7,100,2,9859,9859,8,9,40,1,0,0,1,0
1273501,2,2021,2021,1,3,8,866,17,247,793,0,1,9,-33.816417,150.963069,21,0,2,1,2,0,3,3,3,2,7,70,2,1850,985,5,16,40,1,0,0,1,0
1273506,1,2021,2021,5,1,5,3,27,3,34609,0,1,1,-32.687035,151.500841,42,2,1,0,0,0,0,0,2,0,7,80,0,2585,4009,8,0,40,1,0,0,0,1
1273509,4,2021,2021,11,6,4,12,31,22,34609,0,1,10,-32.857661,149.975797,44,2,1,1,0,0,0,0,2,0,0,50,0,6545,6545,4,22,5,2,0,1,0,0
1273510,4,2021,2021,1,0,4,10,31,41,19,0,1,10,-31.087,150.90797,70,2,1,1,0,0,0,0,2,0,0,60,1,5929,5929,1,10,19,2,0,1,0,0
1273512,4,2021,2021,1,0,5,89,27,31,34609,0,1,9,-33.42881,151.382889,16,2,2,1,1,0,3,0,2,0,7,50,0,2852,2852,4,9,5,2,0,1,0,1
1273514,4,2021,2021,1,6,0,2209,17,201,2205,0,1,10,-34.872204,150.605895,63,2,1,0,2,0,0,0,0,2,9,70,2,2040,2040,9,8,28,2,0,1,0,0
1273521,4,2021,2021,1,5,5,2209,17,32,2205,0,1,2,-34.592441,150.843681,62,0,2,1,1,0,3,4,2,0,7,100,2,3775,3775,0,9,12,3,0,3,1,1
1273522,2,2021,2021,1,6,7,255,27,37,62,0,1,10,-32.805467,151.507531,17,2,1,1,3,0,0,0,2,0,0,60,2,1669,1669,3,8,5,2,0,0,1,0
1273525,2,2021,2021,11,2,6,16,31,228,34609,0,1,10,-34.765892,149.697624,26,2,1,1,0,0,3,4,2,0,0,50,0,6545,6545,4,0,0,2,0,0,2,0
1273526,2,2021,2021,11,1,3,829,27,123,770,0,1,2,-33.814254,151.055698,54,0,2,0,1,0,0,0,2,0,7,70,2,14295,14295,3,8,0,4,0,0,1,0
1273532,2,2021,2021,1,1,7,4,31,12,34609,0,1,7,-33.787069,151.251766,50,0,2,1,0,0,0,0,2,0,0,50,0,6545,6545,4,0,27,2,0,0,1,0
1273533,2,2021,2021,11,5,11,37,31,523,198,0,1,10,-33.926236,150.922776,41,0,2,1,2,0,0,0,0,2,7,60,2,6545,6545,4,21,0,2,0,0,1,0
1273536,4,2021,2021,11,6,3,3371,17,137,3342,0,1,2,-32.95651,151.702998,37,0,2,0,2,0,0,0,1,0,7,60,2,14295,14295,3,33,27,2,0,1,0,0
1273538,2,2021,2021,11,4,4,1,31,29,34609,0,1,10,-35.111477,150.630615,63,2,1,1,0,0,0,3,2,0,0,50,0,6545,6545,4,5,12,2,0,0,1,0
1273539,2,2021,2021,11,0,7,361,31,82,34609,0,1,1,-34.373344,150.898523,80,0,2,1,1,0,0,0,2,0,7,50,0,1981,1981,4,5,0,2,0,0,1,0
1273540,2,2021,2021,11,4,6,2126,17,90,2149,0,1,2,-33.80619,150.932048,7,0,2,1,0,0,0,0,2,0,7,80,2,3775,3775,0,5,0,2,0,0,1,0
1273546,2,2021,2021,8,5,8,33,27,147,40,0,1,9,-33.755391,151.296385,50,0,2,1,1,0,0,0,3,0,7,40,1,775,775,4,0,27,2,0,0,1,0
1273547,2,2021,2021,11,2,7,13,10,75,34609,0,1,7,-32.790128,151.635814,42,2,1,1,1,0,0,0,2,0,0,60,0,2040,2040,9,30,28,3,0,0,2,0
1273548,2,2021,2021,8,5,8,13,27,2,20,0,1,1,-35.115075,147.064018,75,1,0,1,0,0,3,4,3,0,7,100,1,1089,1089,7,9,40,2,0,0,1,0
1273549,4,2021,2021,1,4,4,916,17,70,917,0,1,7,-32.739018,151.551631,42,2,1,0,0,0,0,0,2,0,0,60,2,6545,6545,4,30,19,2,0,1,0,0
1273550,2,2021,2021,11,5,3,26,27,7,34609,0,1,1,-31.058242,152.781295,34,2,1,1,1,0,0,0,2,0,7,80,0,14295,14295,3,0,5,2,0,0,2,0
1273551,2,2021,2021,11,1,9,2209,17,176,2205,0,1,2,-33.95199,151.138067,4,0,2,1,2,0,0,0,0,0,7,60,2,14295,14295,3,16,5,2,0,0,1,0
1273552,2,2021,2021,11,3,11,22,27,4,34609,0,1,1,-34.837241,150.551067,63,2,1,1,0,0,0,0,0,0,7,80,0,1089,1089,7,16,40,1,0,0,1,0
1273556,2,2021,2021,11,0,7,334,17,84,308,0,1,7,-31.094246,150.915175,70,2,1,1,1,0,0,0,2,0,0,50,2,6545,6545,4,5,19,2,0,0,1,0
1273557,2,2021,2021,11,1,4,135,17,93,136,0,1,7,-36.075651,146.930324,0,2,1,1,0,0,0,0,2,0,0,60,2,14295,14295,3,5,5,5,0,0,2,0
1273559,2,2021,2021,1,5,4,2209,17,88,2205,0,1,2,-33.997892,151.115814,25,0,2,1,0,0,0,0,2,0,7,70,2,9859,9859,1,16,40,2,0,0,1,0
1273562,2,2021,2021,5,5,7,12,31,166,34609,1,2,1,-33.413869,149.565309,3,2,1,1,0,0,3,4,2,0,7,40,0,9859,9859,1,5,5,3,0,0,1,1
1273564,1,2021,2021,6,2,9,13,27,96,34609,0,1,7,-34.049747,150.829727,13,0,2,1,3,0,0,0,0,0,7,60,0,301,301,4,30,0,2,0,0,0,1
1273565,2,2021,2021,6,4,3,168,10,387,260,0,1,2,-33.948173,151.166221,4,0,2,1,2,0,0,0,1,0,7,70,2,14295,14295,3,16,40,2,0,0,1,0
1273570,1,2021,2021,1,4,3,73,31,532,34609,0,1,1,-33.864987,151.204121,69,0,2,1,3,0,0,0,2,0,7,40,0,515,515,1,5,27,2,0,0,0,1
1273571,2,2021,2021,11,2,6,36,1,53,34609,0,1,7,-33.922253,150.839844,41,0,2,1,3,0,0,0,2,0,0,60,0,6545,6545,4,0,5,2,0,0,1,0
1273573,2,2021,2021,1,3,6,56,10,433,41,0,1,9,-33.282945,149.068872,52,2,1,1,1,0,0,0,2,0,0,50,1,121,121,9,5,28,2,0,0,1,0
1273577,2,2021,2021,5,1,6,5,36,18,7,0,1,9,-29.430038,147.973892,51,2,1,1,1,0,0,0,2,0,7,50,1,1850,777,5,16,40,1,0,0,1,0
1273580,2,2021,2021,11,1,7,2,31,25,34609,0,1,10,-32.839086,151.367807,17,2,1,1,1,0,0,0,2,0,0,50,0,6545,6545,4,5,5,2,0,0,2,1
1273581,1,2021,2021,11,4,7,230,27,47,284,0,1,2,-33.810689,151.163381,38,0,2,1,1,0,0,0,2,0,7,60,2,14295,14295,3,0,5,2,0,0,0,1
1273582,2,2021,2021,11,1,10,3,27,2,11,0,1,1,-36.722554,149.603614,5,1,0,1,0,2,0,0,0,0,7,100,1,1089,1089,7,16,40,1,0,0,1,0
1273584,4,2021,2021,1,5,2,475,10,42,268,0,1,1,-33.880504,150.821409,41,0,2,0,0,0,3,4,0,0,7,80,2,3775,3775,0,5,10,2,0,1,0,0
1273585,2,2021,2021,11,2,3,8,27,8,34609,0,1,10,-28.847961,153.356311,39,2,1,0,0,0,0,0,2,0,15,80,0,782,957,5,0,40,1,0,0,1,0
1273587,4,2021,2021,11,2,6,334,17,98,308,0,1,10,-30.98474,150.263948,51,2,1,1,0,0,0,0,2,0,0,50,2,2852,2852,4,0,19,2,0,1,0,1
1273597,2,2021,2021,11,4,8,12,10,16,34609,0,1,1,-33.174186,151.588872,16,2,2,1,3,0,0,0,2,0,7,80,0,14295,14295,3,10,0,2,0,0,1,0
1273599,2,2021,2021,5,5,4,3371,17,30,3342,0,1,1,-33.269828,151.43151,16,2,2,1,3,0,0,0,2,0,7,70,2,14295,14295,3,10,0,3,0,0,1,1
1273602,1,2021,2021,11,4,3,103,27,94,563,0,1,10,-33.830176,151.049572,54,0,2,1,3,0,0,0,2,2,7,70,2,5929,5929,1,5,5,2,0,0,0,1
1273606,2,2021,2021,6,1,10,111,27,102,233,0,1,7,-33.975861,151.236717,59,0,2,1,2,0,0,0,0,0,0,60,1,9859,9859,8,16,40,1,0,0,1,0
1273608,2,2021,2021,1,0,7,30,27,166,52,0,1,10,-33.904965,151.173299,32,0,2,1,0,0,0,0,2,3,7,60,1,5929,5929,1,5,18,2,0,0,1,0
1273612,1,2021,2021,11,6,8,39,36,11,79,0,1,9,-33.785075,151.200771,77,0,2,1,1,0,0,0,2,2,7,60,2,1391,1391,1,9,5,2,0,0,0,1
1273613,2,2021,2021,11,6,4,39,31,193,145,1,0,10,-33.793497,151.077677,61,0,2,1,1,0,0,0,2,2,7,60,2,6545,6545,4,10,5,3,0,0,2,0
1273614,4,2021,2021,11,1,8,38,27,290,159,0,1,10,-33.952795,151.131853,4,0,2,1,2,0,0,0,0,2,7,50,2,6545,6545,4,5,5,3,0,1,0,0
1273615,2,2021,2021,1,4,6,4,31,90,34609,0,1,1,-33.716398,150.309409,8,2,2,1,0,0,0,0,2,0,7,50,0,9859,9859,1,30,5,2,0,0,1,0
1273618,4,2021,2021,11,2,7,194,31,56,34609,0,1,10,-33.855387,151.180597,32,0,2,1,1,0,3,4,2,0,0,40,0,6545,6545,4,5,27,2,0,1,0,0
1273621,1,2021,2021,0,6,6,515,14,252,518,0,1,3,-33.949144,150.887382,41,0,2,1,3,0,0,0,2,0,7,100,2,1282,1282,1,8,5,2,0,0,0,1
1273622,1,2021,2021,11,2,9,123,27,316,25,0,1,10,-33.91,151.251542,59,0,2,1,3,0,3,4,3,2,7,50,1,6545,6545,4,30,0,2,0,0,0,1
1273624,1,2021,2021,11,2,5,17,27,96,15,0,1,1,-34.227511,150.740536,79,2,2,0,3,0,0,0,2,0,7,60,1,3775,3775,0,0,19,2,0,0,0,1
1273625,1,2021,2021,11,4,5,150,27,309,415,0,1,9,-33.808111,151.108562,61,0,2,1,3,0,0,0,2,2,7,70,2,14295,14295,3,5,13,2,0,0,0,1
1273626,1,2021,2021,11,5,5,85,10,167,702,0,1,2,-33.850526,151.081017,54,0,2,1,3,0,0,0,2,0,7,80,2,14295,14295,3,5,5,3,0,0,0,1
1273627,1,2021,2021,6,3,9,2126,17,204,2149,0,1,2,-33.877174,151.129802,32,0,2,1,3,0,3,3,0,0,7,60,2,14295,14295,3,5,5,2,0,0,0,1
1273628,2,2021,2021,5,2,6,1,31,67,34609,0,1,7,-33.698307,150.915385,7,0,2,1,3,0,0,0,2,0,0,50,0,1282,1282,1,16,40,1,0,0,1,0
1273629,2,2021,2021,11,0,6,5,27,224,34609,0,1,1,-33.833177,151.249479,45,0,2,1,3,0,0,0,2,0,7,50,0,14295,14295,3,30,5,2,0,0,1,0
1273635,2,2021,2021,11,0,3,1104,14,460,962,0,1,3,-33.824381,150.988552,54,0,2,1,3,0,0,0,1,0,7,90,2,1282,1282,1,29,5,6,0,0,1,0
1273637,1,2021,2021,6,2,5,191,27,309,208,0,1,1,-33.80777,151.105242,61,0,2,1,3,0,3,4,2,0,7,60,2,941,941,1,19,13,2,0,0,0,1
1273638,1,2021,2021,11,4,10,60,27,253,331,0,1,10,-33.964562,151.101017,25,0,2,1,3,0,0,0,0,2,7,60,2,14295,14295,3,0,18,2,0,0,0,1
1273639,1,2021,2021,11,0,7,829,27,309,770,0,1,9,-33.815841,151.102917,61,0,2,1,3,0,0,0,2,2,7,60,2,14295,14295,3,0,5,2,0,0,0,1
1273647,1,2021,2021,11,6,7,500,27,293,799,0,1,10,-33.932464,151.049507,15,0,2,1,3,0,0,0,2,2,7,60,2,14295,14295,3,5,0,2,0,0,0,1