Crash ID,Degree of crash - detailed,Reporting year,Year of crash,Month of crash,Day of week of crash,Two-hour intervals,Street of crash,Street type,Town,Route no.,School zone location,School zone active,Type of location,Latitude,Longitude,LGA,Urbanisation,Conurbation 1,Alignment,Street lighting,Road surface,Surface condition,Weather,Natural lighting,Signals operation,Other traffic control,Speed limit,Road classification,RUM - code,DCA - code,First impact type,Key TU type,Other TU type,No. of traffic units involved,No. killed,No. seriously injured,No. moderately injured,No. minor-other injured
1273648,2,2021,2021,6,4,11,515,14,294,518,0,1,3,-33.941603,150.939649,41,0,2,1,3,0,0,0,0,0,14,40,2,14295,14295,3,0,5,3,0,0,1,0
1273652,2,2021,2021,11,3,7,17,31,112,34609,0,1,9,-33.453625,151.446075,16,2,2,1,0,0,0,3,2,0,0,50,0,2852,2852,4,5,5,2,0,0,1,0
1273657,4,2021,2021,11,3,7,2,1,11,34609,0,1,1,-33.923496,150.653563,41,0,2,1,0,0,0,0,2,0,7,80,0,9859,9859,8,16,40,1,0,1,0,0
1273659,2,2021,2021,11,0,7,18,1,293,34609,0,1,1,-33.946606,151.236789,59,0,2,1,0,0,0,0,2,0,7,50,0,186,186,9,0,28,2,0,0,1,1
1273662,2,2021,2021,11,1,5,119,31,73,207,0,1,10,-33.874537,151.218076,69,0,2,1,1,0,0,0,2,2,9,50,2,6545,6545,4,10,20,2,0,0,1,0
1273666,4,2021,2021,11,1,7,478,17,20,480,0,1,1,-33.40796,151.463183,16,2,2,1,0,0,0,0,2,0,7,70,2,3775,3775,0,5,12,3,0,1,0,0
1273675,1,2021,2021,11,2,6,3,27,3,34609,0,1,9,-34.595379,150.3489,78,1,0,1,3,0,3,4,2,0,7,90,0,4552,985,8,5,40,1,0,0,0,1
1273679,2,2021,2021,11,6,5,3,27,13,34609,0,1,1,-32.723705,151.564671,42,2,1,1,1,0,0,0,2,0,7,60,0,1945,1945,5,16,40,1,0,0,1,0
1273680,2,2021,2021,5,6,8,361,31,169,382,0,1,10,-33.770214,150.835065,7,0,2,1,2,0,0,0,3,2,7,60,2,5929,5929,1,5,5,2,0,0,1,0
1273681,2,2021,2021,5,4,3,330,27,106,26,0,1,7,-33.66652,151.301184,50,0,2,1,0,0,0,0,2,0,0,60,1,5929,5929,1,0,27,2,0,0,1,0
1273682,1,2021,2021,5,1,10,3,31,201,34609,1,0,4,-34.873239,150.607402,63,2,1,0,3,0,1,5,0,0,7,50,0,2585,4009,8,0,40,1,0,0,0,2
1273685,1,2021,2021,11,0,10,829,27,159,770,0,1,10,-33.807101,151.070503,54,0,2,1,3,0,0,0,0,2,7,70,2,14295,14295,3,5,0,2,0,0,0,1
1273688,4,2021,2021,11,6,5,112,17,207,112,0,1,1,-32.007171,141.283641,51,1,0,1,0,0,0,0,2,0,7,110,2,945,945,5,5,40,1,0,1,0,0
1273691,2,2021,2021,11,4,3,2126,17,445,2149,0,1,9,-33.849236,151.05044,21,0,2,1,3,0,0,0,2,2,7,60,2,14295,14295,3,0,5,2,0,0,1,0
1273692,1,2021,2021,11,6,8,1,27,438,34609,0,1,9,-33.873566,151.021957,21,0,2,1,3,0,0,0,2,0,7,50,0,3775,3775,0,5,5,2,0,0,0,1
1273693,1,2021,2021,11,4,7,24,31,314,34609,0,1,7,-33.854694,150.921448,24,0,2,1,0,0,0,0,2,0,0,50,0,6545,6545,4,5,27,2,0,0,0,1
1273698,2,2021,2021,11,3,9,2126,17,60,2149,0,1,2,-33.613809,150.271137,8,2,2,1,2,0,0,0,0,0,7,80,2,4026,4026,8,5,40,1,0,0,1,0
1273700,2,2021,2021,5,6,3,109,36,28,108,0,1,1,-28.330588,153.401967,72,2,1,1,3,0,0,0,1,0,7,60,1,1669,1669,3,10,5,3,0,0,1,0
1273701,1,2021,2021,11,1,5,163,27,73,165,0,1,9,-33.750124,150.801716,7,0,2,1,3,0,0,0,2,2,7,60,1,2852,2852,4,0,13,2,0,0,0,1
1273705,2,2021,2021,1,4,4,18,27,13,34609,0,1,1,-32.46608,152.070788,43,1,0,0,0,0,0,0,2,0,7,100,0,1850,1463,5,16,40,1,0,0,1,0
1273714,2,2021,2021,11,2,8,25,23,137,34609,0,1,1,-34.023816,151.063446,68,0,2,1,3,0,3,4,2,0,7,50,0,14295,14295,3,0,5,2,0,0,1,0
1273717,2,2021,2021,6,6,7,1052,14,17,928,0,1,3,-32.952796,151.545506,37,0,2,0,0,0,0,0,2,0,7,110,2,1383,1383,1,10,0,3,0,0,1,0
1273719,4,2021,2021,1,5,8,330,27,108,605,0,1,2,-33.763433,151.271451,50,0,2,1,1,0,0,0,2,0,7,60,2,515,515,1,9,19,2,0,1,0,0
1273720,1,2021,2021,11,4,0,85,10,125,702,0,1,2,-33.854645,151.076024,67,0,2,0,2,0,0,0,0,0,7,80,2,190,190,1,0,0,2,0,0,0,1
1273721,2,2021,2021,11,3,6,30,27,18,34609,0,1,9,-33.667432,151.296891,50,0,2,0,3,0,0,0,2,0,7,50,0,1957,4009,8,5,40,1,0,0,1,0
1273722,1,2021,2021,11,4,8,829,31,162,240,0,1,9,-33.846767,150.90889,24,0,2,1,3,0,0,0,3,2,7,60,2,2852,2852,4,10,40,2,0,0,0,1
1273723,1,2021,2021,11,1,3,76,24,164,154,0,1,9,-33.727099,150.896642,7,0,2,1,3,0,0,0,2,2,7,70,1,5929,5929,1,5,0,2,0,0,0,1
1273725,1,2021,2021,11,6,6,56,27,106,80,0,1,10,-33.884392,151.178581,69,0,2,1,3,0,0,0,2,2,9,50,2,1282,1282,1,8,18,2,0,0,0,1
1273727,2,2021,2021,11,4,7,4,31,69,34609,1,0,1,-33.82495,151.019943,54,0,2,1,0,0,0,0,2,0,7,50,0,1981,1981,4,5,13,3,0,0,1,0
1273728,1,2021,2021,11,5,3,154,27,55,244,0,1,10,-33.902142,151.083601,15,0,2,1,1,0,0,0,2,2,7,60,2,6545,6545,4,5,36,2,0,0,0,1
1273731,4,2021,2021,11,0,5,40,27,35,40,0,1,7,-33.881691,150.9095,24,0,2,0,0,0,0,0,2,0,0,60,1,6545,6545,4,10,5,2,0,1,1,0
1273733,2,2021,2021,11,3,9,117,1,49,35,0,1,9,-33.966082,151.149136,4,0,2,1,2,0,0,0,0,2,7,60,2,5929,5929,1,5,19,3,0,0,3,0
1273735,4,2021,2021,11,1,3,25,1,43,34609,0,1,7,-33.678513,151.288673,50,0,2,1,1,0,0,0,2,0,0,50,0,6545,6545,4,10,27,3,0,2,0,0
1273738,4,2021,2021,11,6,3,7,27,433,34609,0,1,1,-33.255075,149.093155,52,2,1,1,0,0,0,0,2,0,7,70,0,475,475,5,0,40,1,0,1,0,0
1273739,2,2021,2021,11,0,10,12,27,151,34609,0,1,1,-34.04074,150.852718,13,0,2,1,2,0,0,0,0,0,7,60,0,3775,3775,0,5,5,2,0,0,1,0
1273746,2,2021,2021,11,6,3,18,27,68,20,0,1,1,-33.72998,149.929486,51,1,0,0,0,0,0,0,2,0,7,100,2,3775,3775,0,10,35,2,0,0,1,0
1273755,1,2021,2021,11,0,7,1,25,162,34609,0,1,9,-33.848721,150.884338,24,0,2,1,3,0,0,0,2,0,7,60,0,926,926,4,29,12,2,0,0,0,1
1273756,2,2021,2021,11,3,7,30,24,167,34609,0,1,9,-33.839195,151.074947,54,0,2,0,2,0,0,0,2,0,0,60,0,775,775,4,0,27,2,0,0,1,0
1273757,4,2021,2021,11,0,8,10,31,56,34609,0,1,1,-31.454528,152.724448,56,2,1,1,1,0,0,0,2,0,7,50,0,9859,9859,1,5,13,3,0,1,0,0
1273766,4,2021,2021,11,3,6,120,36,16,148,0,1,9,-30.414405,152.772584,6,2,1,0,0,0,3,4,2,0,7,60,2,1850,1463,5,16,40,1,0,1,0,0
1273767,2,2021,2021,1,5,6,38,31,76,34609,0,1,1,-35.354771,150.457424,63,2,1,1,1,0,0,6,2,0,7,50,0,1945,1945,5,16,40,1,0,0,1,0
1273772,2,2021,2021,11,0,11,2,31,82,34609,0,1,1,-31.068925,150.919156,70,2,1,0,0,0,0,0,0,0,7,50,0,4552,5151,8,0,40,1,0,0,2,0
1273776,2,2021,2021,11,6,7,31,27,70,101,0,1,2,-32.912829,151.726225,48,0,2,1,2,0,0,0,2,0,7,60,2,387,387,1,22,5,2,0,0,1,0
1273780,4,2021,2021,1,2,7,30,10,27,30,0,1,1,-33.260579,151.214792,16,1,2,0,0,0,0,0,2,0,7,100,1,4552,5151,8,8,40,1,0,1,0,0
1273781,2,2021,2021,11,6,8,13,10,11,6,0,1,1,-36.200616,150.12065,23,2,1,1,0,0,0,0,2,0,7,80,1,3775,3775,0,30,13,2,0,0,1,0
1273782,2,2021,2021,6,3,6,115,27,134,114,0,1,9,-33.889337,151.256268,76,0,2,1,1,0,0,0,2,0,0,50,2,2040,2040,9,30,28,2,0,0,1,0
1273784,1,2021,2021,11,6,5,2126,17,142,2149,0,1,10,-33.827567,151.004726,21,0,2,1,3,0,3,4,2,3,7,60,2,14295,14295,3,10,13,2,0,0,0,1
1273788,1,2021,2021,11,5,8,36,27,30,36,0,1,7,-34.029764,150.822889,13,0,2,1,3,0,0,0,3,0,0,50,1,14295,14295,3,5,5,3,0,0,0,1
1273790,1,2021,2021,11,4,6,31,27,21,33,0,1,1,-33.581913,150.683485,29,2,2,1,3,0,3,0,2,0,7,60,1,1981,1981,4,0,5,2,0,0,0,1
1273791,4,2021,2021,1,6,4,84,27,58,415,0,1,2,-33.754471,151.141037,36,0,2,0,3,0,0,3,2,0,7,70,2,4552,5151,8,29,40,1,0,1,0,0
1273792,2,2021,2021,11,6,3,149,10,346,702,0,1,10,-33.86791,151.064212,67,0,2,1,3,0,0,0,1,3,7,80,2,14295,14295,3,9,5,2,0,0,1,1
1273798,1,2021,2021,1,3,5,2261,17,45,2252,0,1,2,-33.8898,150.973521,15,0,2,1,3,0,0,0,2,0,7,70,2,14295,14295,3,0,5,2,0,0,0,1
1273800,2,2021,2021,1,2,6,43,27,136,76,0,1,9,-32.922325,151.715764,48,0,2,1,3,0,0,0,2,0,15,60,1,623,623,3,5,5,2,0,0,2,0
1273803,1,2021,2021,11,1,6,3371,17,463,3342,0,1,9,-30.316157,153.091843,19,2,1,1,3,0,0,0,2,2,7,60,2,14295,14295,3,29,41,3,0,0,0,1
1273804,2,2021,2021,11,2,6,1,10,3,34609,0,1,1,-33.123444,151.53685,37,0,2,1,0,0,0,0,2,0,7,50,0,4026,4026,8,5,40,1,0,0,1,0
1273808,1,2021,2021,11,0,10,3371,17,29,3342,0,1,2,-32.229633,152.319619,43,1,0,1,0,0,0,0,0,0,7,100,2,1089,1089,7,0,40,1,0,0,0,1
1273809,4,2021,2021,5,1,4,3,27,201,34609,0,1,4,-34.895807,150.616261,63,2,1,0,2,0,0,0,2,0,7,50,0,1850,1463,5,16,40,1,0,1,0,0
1273810,4,2021,2021,8,0,5,118,31,106,34609,0,1,1,-33.930946,151.090141,15,0,2,1,1,0,0,0,2,0,7,50,0,14295,14295,3,16,0,2,0,1,0,0
1273813,4,2021,2021,1,6,7,8,27,58,34609,0,1,1,-33.23387,151.376121,16,2,2,1,0,0,0,0,2,0,7,80,0,9859,9859,8,16,40,1,0,1,0,0
1273819,2,2021,2021,11,2,5,1,27,2,34609,0,1,1,-32.523782,149.704113,44,1,0,0,0,2,0,0,2,0,7,100,0,1850,1463,5,16,40,1,0,0,1,0
1273827,2,2021,2021,1,1,0,2,31,12,34609,0,1,1,-34.43522,150.874392,80,0,2,1,2,0,0,0,0,0,7,40,0,9859,9859,1,5,0,3,0,0,1,0
1273828,1,2021,2021,1,2,5,19,27,8,605,0,1,2,-33.798307,151.252185,50,0,2,0,1,0,0,0,2,0,7,60,2,4552,5151,8,5,40,1,0,0,0,1
1273830,4,2021,2021,5,3,8,1,10,7,34609,0,1,1,-33.983866,151.212227,59,0,2,0,0,0,0,0,3,0,7,40,0,1192,1192,1,0,27,2,0,1,0,0
1273831,2,2021,2021,5,0,10,224,27,102,321,0,1,1,-33.946067,151.197299,4,0,2,0,2,0,0,0,0,0,7,50,2,4552,5151,1,5,13,2,0,0,1,0
1273836,1,2021,2021,11,5,7,1,27,10,34609,0,1,1,-28.404945,153.451172,72,2,1,0,0,2,0,0,2,0,7,40,0,380,714,5,10,40,1,0,0,0,1
1273837,2,2021,2021,5,2,5,82,27,99,181,0,1,2,-33.895384,151.273064,76,0,2,0,1,0,0,0,2,0,7,50,2,387,387,1,22,5,2,0,0,1,0
1273838,2,2021,2021,1,3,7,77,10,45,331,0,1,1,-34.274403,150.575984,79,2,2,1,0,0,0,0,2,0,7,80,1,4026,4026,8,5,40,1,0,0,1,0
1273840,1,2021,2021,1,5,11,5,36,18,7,0,1,1,-29.435496,147.962062,51,2,1,0,0,0,0,0,0,0,7,80,1,782,957,5,0,40,1,0,0,0,1
1273841,1,2021,2021,5,0,9,20,27,137,34609,0,1,9,-33.911402,151.208784,69,0,2,1,2,0,3,4,0,0,15,50,0,1220,1220,9,5,28,2,0,0,0,1
1273842,2,2021,2021,5,4,2,2209,17,57,2205,0,1,2,-34.649781,150.841606,35,1,0,0,2,0,0,1,1,0,7,100,2,14295,14295,3,9,10,2,0,0,1,0
1273843,4,2021,2021,1,4,2,1,31,443,34609,0,1,1,-33.904019,151.061101,15,0,2,1,2,0,0,0,0,0,7,50,0,9859,9859,8,5,40,1,0,1,0,0
1273847,2,2021,2021,1,2,2,481,17,155,483,0,1,1,-33.188293,148.131065,53,1,0,1,0,0,0,0,0,0,7,110,2,4026,4026,8,29,40,1,0,0,1,0
1273848,4,2021,2021,1,1,6,12,2,33,34609,0,1,7,-34.07377,150.724676,12,0,2,1,0,0,0,0,2,0,0,50,0,9859,9859,8,16,40,1,0,1,0,0
1273849,4,2021,2021,11,5,7,23,31,84,23,0,1,9,-33.897093,151.258953,76,0,2,1,1,0,0,0,2,0,7,50,1,5929,5929,1,0,27,2,0,1,0,0
1273852,1,2021,2021,1,6,9,97,27,271,799,0,1,9,-33.938185,151.017606,15,0,2,1,2,0,0,0,3,0,7,70,2,1981,1981,4,5,35,2,0,0,0,1
1273853,4,2021,2021,1,5,5,2,27,9,34609,0,1,1,-32.911287,151.732298,48,0,2,0,1,0,0,0,2,0,7,50,0,4552,5151,8,5,40,1,0,1,0,0
1273857,2,2021,2021,5,5,2,4,25,26,34609,0,1,9,-33.750683,150.87707,7,0,2,0,2,0,0,0,0,0,0,50,0,418,714,5,5,40,1,0,0,1,0
1273859,4,2021,2021,1,5,7,19,27,38,34609,0,1,1,-32.724822,151.865346,57,2,1,1,0,0,0,0,2,0,7,50,0,4026,4026,8,0,40,1,0,1,0,0
1273861,2,2021,2021,5,2,5,3371,17,21,3342,0,1,2,-31.631708,152.726538,56,1,0,0,0,0,0,0,2,0,7,110,2,4552,5151,8,16,40,1,0,0,1,1
1273863,4,2021,2021,1,1,9,6,27,13,34609,0,1,1,-34.550709,150.720084,62,0,2,0,0,0,0,0,0,0,7,80,0,1957,4009,8,5,40,1,0,1,0,0
1273864,4,2021,2021,5,5,6,60,10,121,84,0,1,2,-28.200594,153.543917,72,2,1,1,1,0,0,0,2,0,7,60,1,1220,1220,9,5,28,2,0,1,0,0
1273865,2,2021,2021,5,2,7,14,27,5,34609,0,1,1,-34.003658,150.616055,79,2,2,0,0,0,0,0,2,0,7,60,0,4552,5151,8,16,40,1,0,0,1,0
1273866,2,2021,2021,1,1,8,47,31,51,34609,0,1,1,-34.190798,150.98157,80,0,2,1,1,0,0,0,2,0,9,50,0,1981,1981,4,5,0,3,0,0,2,0
1273869,2,2021,2021,5,4,7,55,36,22,35,0,1,1,-32.86166,149.952184,44,1,0,0,0,0,3,4,2,0,7,100,1,418,714,5,5,40,1,0,0,1,0
1273871,4,2021,2021,5,4,9,2261,17,93,2252,0,1,2,-36.087577,146.925018,0,1,0,1,2,0,0,0,0,0,7,110,2,14295,14295,3,10,13,4,0,1,1,0
1273872,2,2021,2021,1,0,11,11,31,133,34609,0,1,1,-34.504243,150.786352,80,0,2,1,2,0,0,0,0,0,7,50,0,4026,4026,1,5,0,4,0,0,2,0
1273874,2,2021,2021,5,1,8,19,27,22,122,0,1,2,-34.514641,150.872999,80,0,2,1,2,0,0,0,0,0,7,80,2,1981,1981,4,8,0,2,0,0,1,0
1273876,4,2021,2021,1,3,9,481,17,562,483,0,1,10,-32.208052,148.618697,22,2,1,1,2,0,0,0,0,0,0,80,2,6545,6545,4,10,13,3,0,2,2,0
1273877,2,2021,2021,5,4,5,4,27,53,34609,0,1,1,-33.771928,151.156249,36,0,2,1,1,0,0,0,2,0,7,50,0,4026,4026,1,5,0,2,0,0,1,0
1273878,2,2021,2021,1,1,7,2,27,5,34609,0,1,1,-33.276927,151.486884,16,2,2,1,1,0,0,0,2,0,7,50,0,4026,4026,1,5,13,3,0,0,1,0
1273879,1,2021,2021,11,1,6,1104,14,80,962,0,1,3,-33.758258,150.642586,55,0,2,0,0,0,0,0,2,0,7,90,2,14295,14295,3,0,5,3,0,0,0,1
1273880,2,2021,2021,11,4,6,2126,17,26,2149,0,1,9,-33.702007,150.58136,8,2,2,0,1,0,0,0,2,0,7,80,2,4552,5151,8,21,40,1,0,0,1,0
1273882,4,2021,2021,11,3,6,9,27,15,34609,0,1,1,-35.716664,146.83907,27,2,1,0,0,2,0,0,2,0,7,80,0,418,714,5,16,40,1,0,1,0,0
1273883,4,2021,2021,11,6,10,7,31,562,34609,0,1,1,-32.251165,148.618769,22,2,1,1,2,0,0,0,0,0,7,50,0,83,83,5,5,40,2,0,1,0,0
1273886,4,2021,2021,1,0,9,194,31,105,34609,0,1,1,-32.612983,149.584271,44,2,1,1,2,0,0,0,0,0,7,50,0,340,340,9,30,28,2,0,1,0,0
1273890,1,2021,2021,1,5,7,59,10,89,34609,0,1,0,-33.89777,151.22779,59,0,2,1,0,0,0,0,2,0,7,30,0,1192,1192,1,5,27,2,0,0,0,1
1273891,2,2021,2021,5,1,7,3,27,3,34609,0,1,1,-32.178707,151.100896,46,2,1,0,0,2,0,0,2,0,7,80,0,4552,5151,8,16,40,1,0,0,1,0
1273892,4,2021,2021,1,2,1,83,27,169,147,1,0,1,-28.664098,153.614517,10,2,1,0,0,0,0,0,0,0,7,50,1,1957,4009,8,5,40,1,0,1,0,0
1273895,1,2021,2021,11,5,1,76,31,433,34609,0,1,1,-33.295666,149.108273,52,2,1,1,2,0,0,0,0,0,7,50,0,4026,4026,8,0,40,1,0,0,0,1
1273896,4,2021,2021,11,2,9,3,33,23,34609,0,1,1,-32.996977,151.083992,17,2,1,0,0,2,0,0,0,0,7,50,0,1850,1463,5,33,40,1,0,1,0,0
1273897,2,2021,2021,11,2,7,2,27,36,34609,0,1,1,-34.058685,150.720399,12,0,2,0,0,0,0,0,2,0,7,50,0,1850,1463,5,16,40,1,0,0,1,0
1273898,1,2021,2021,1,1,5,2261,17,47,2252,0,1,2,-35.710803,147.305479,27,1,0,0,0,0,0,0,2,0,7,110,2,273,957,5,29,40,1,0,0,0,1
1273901,1,2021,2021,11,4,8,5,10,83,34609,0,1,1,-33.894811,150.846609,41,0,2,0,3,0,0,0,2,0,7,50,0,3775,3775,0,5,13,2,0,0,0,1
1273903,1,2021,2021,11,6,7,2126,17,323,2149,0,1,10,-33.788773,150.854467,7,0,2,0,3,0,0,0,2,3,7,80,2,623,623,3,0,0,2,0,0,0,1
1273907,2,2021,2021,1,4,7,346,17,106,332,0,1,1,-28.865114,153.045496,60,2,1,1,1,0,0,0,2,0,7,50,2,14295,14295,3,0,13,3,0,0,1,1
1273910,2,2021,2021,1,0,8,26,27,118,34609,0,1,1,-33.351209,151.29539,16,2,2,0,0,0,0,0,2,0,7,80,0,4552,5151,8,10,40,1,0,0,1,0
1273913,2,2021,2021,5,4,9,5,10,63,34609,0,1,1,-33.257303,151.478713,16,2,2,0,1,0,0,0,3,0,7,50,0,4552,5151,1,22,40,2,0,0,1,0
1273914,2,2021,2021,11,5,8,21,27,148,60,0,1,9,-36.042893,146.950635,0,2,1,1,0,0,0,0,2,0,7,60,1,1669,1669,3,0,5,2,0,0,1,0
1273918,2,2021,2021,10,6,5,191,17,562,189,0,1,10,-32.244134,148.611898,22,2,1,1,0,0,0,0,2,0,7,60,2,1669,1669,3,5,0,2,0,0,1,0
1273919,2,2021,2021,1,6,7,59,10,89,34609,0,1,10,-33.904124,151.235844,59,0,2,0,0,0,0,0,2,0,15,30,0,515,515,1,0,27,2,0,0,1,0
1273922,2,2021,2021,11,4,3,3,1,71,34609,0,1,1,-33.256374,151.546889,16,2,2,1,1,0,3,4,2,0,7,50,0,4026,4026,8,5,40,1,0,0,1,0
1273923,4,2021,2021,11,2,9,15,27,69,34609,0,1,1,-32.901692,151.691156,48,0,2,1,2,0,3,4,0,0,7,40,0,1220,1220,9,0,28,2,0,1,0,0
1273924,4,2021,2021,1,5,2,2209,17,9,2205,0,1,9,-35.085255,150.531542,63,2,1,0,0,0,0,0,0,0,7,80,2,4552,5151,8,10,40,1,0,1,0,0
1273925,2,2021,2021,5,0,10,55,1,167,34609,0,1,10,-33.849944,151.073841,54,0,2,1,2,0,0,0,0,2,7,60,0,5929,5929,1,5,5,2,0,0,1,0
1273926,1,2021,2021,11,4,3,3,31,79,34609,0,1,9,-33.821845,151.214259,49,0,2,0,0,0,3,0,2,0,7,50,0,418,714,5,0,40,1,0,0,0,1
1273927,2,2021,2021,11,5,4,133,10,7,121,0,1,1,-31.642185,152.812734,56,2,1,0,1,0,0,0,2,0,7,50,1,1220,1220,9,5,28,2,0,0,1,0
1273934,2,2021,2021,11,4,4,344,27,7,382,0,1,7,-33.641632,150.785967,29,2,2,1,3,0,3,3,2,0,7,80,2,1981,1981,4,0,13,2,0,0,1,1
1273936,1,2021,2021,11,5,6,2126,17,445,2149,0,1,1,-33.846362,151.044512,21,0,2,1,3,0,0,0,2,0,7,60,2,14295,14295,3,5,36,3,0,0,0,2
1273937,4,2021,2021,1,2,8,19,27,11,16,0,1,1,-31.50623,152.571931,56,1,0,0,0,0,0,0,2,0,7,100,1,2585,4009,8,5,40,1,0,1,0,0
1273938,1,2021,2021,7,2,6,15,27,18,41,0,1,10,-28.979126,153.282611,60,2,1,1,0,0,0,0,2,0,0,80,1,623,623,3,0,13,2,0,0,0,1
1273939,2,2021,2021,5,6,8,10,31,41,34609,0,1,1,-31.084199,150.913384,70,2,1,1,2,0,3,4,3,0,7,50,0,14295,14295,3,5,0,2,0,0,1,0
1273940,2,2021,2021,11,4,4,5,27,15,24,0,1,1,-28.807841,153.492277,2,2,1,0,0,0,3,4,2,0,7,80,1,782,957,5,0,40,1,0,0,1,0
1273947,1,2021,2021,11,6,8,34,27,127,799,0,1,9,-33.896475,151.160846,32,0,2,1,3,0,0,0,3,0,0,60,2,775,775,4,30,19,2,0,0,0,1
1273949,1,2021,2021,10,0,4,19,27,609,34609,0,1,9,-33.767317,150.886081,7,0,2,1,3,0,0,0,2,0,7,50,0,1945,1945,5,15,40,1,0,0,0,1
1273952,2,2021,2021,10,6,10,50,27,169,382,0,1,10,-33.770214,150.835065,7,0,2,1,3,0,0,0,0,2,7,60,2,5929,5929,1,5,0,2,0,0,1,0
1273953,1,2021,2021,11,4,3,171,1,80,104,0,1,10,-33.940619,151.215482,4,0,2,1,3,0,0,0,2,2,7,70,2,395,395,1,9,19,2,0,0,0,1
1273962,2,2021,2021,11,3,2,33,31,323,34609,0,1,1,-33.757737,151.003847,71,0,2,1,1,0,0,0,0,0,7,50,0,9859,9859,8,10,40,2,0,0,1,0
1273963,2,2021,2021,6,0,7,39,27,6,34609,0,1,9,-33.704689,149.707192,51,1,0,1,3,2,1,5,2,0,7,100,0,1945,1945,5,16,40,1,0,0,1,0
1273965,4,2021,2021,5,2,9,11,27,309,34609,1,0,7,-33.816403,151.120031,61,0,2,1,2,0,3,4,0,0,0,50,0,6545,6545,4,0,5,2,0,1,1,0
1273967,4,2021,2021,8,5,7,3371,17,108,3342,0,1,9,-33.307283,151.419808,16,2,2,1,1,0,0,0,2,2,7,60,2,2852,2852,4,5,0,2,0,1,0,0
1273971,4,2021,2021,11,3,6,334,31,62,256,0,1,10,-34.070775,150.811886,13,0,2,1,0,0,0,0,2,2,7,60,2,6545,6545,4,5,5,2,0,1,1,0
1273973,2,2021,2021,10,6,5,143,31,252,19,0,1,9,-33.877418,151.212854,69,0,2,1,1,0,0,0,2,0,7,40,1,186,186,9,17,28,2,0,0,1,0
1273974,2,2021,2021,11,2,8,32,31,28,34609,0,1,1,-28.686747,153.522987,10,2,1,1,1,0,0,0,3,0,7,50,0,248,248,1,10,5,2,0,0,1,0
1273976,1,2021,2021,10,5,8,224,27,387,321,0,1,9,-33.926183,151.195314,4,0,2,1,1,0,0,0,2,0,0,50,2,368,368,9,5,28,2,0,0,0,1
1273981,2,2021,2021,1,4,11,43,27,4,118,0,1,1,-30.817383,150.772224,70,1,0,1,0,0,0,0,0,0,7,100,2,475,475,5,8,40,1,0,0,2,0
1273987,4,2021,2021,11,2,8,6,1,4,34609,0,1,9,-34.562415,150.870135,62,0,2,1,1,0,0,0,2,0,7,50,0,6545,6545,4,22,5,2,0,1,0,0
1273989,1,2021,2021,11,2,6,48,27,14,26,0,1,1,-34.844053,149.683181,26,1,0,1,0,0,0,0,2,0,7,100,2,1945,1945,5,21,40,1,0,0,0,1
1273993,2,2021,2021,11,3,4,33,1,12,34609,0,1,1,-32.739767,151.609961,42,2,1,1,0,0,0,0,2,0,7,50,0,312,312,2,5,40,1,0,0,2,0
1274004,4,2021,2021,11,4,9,109,27,20,62,0,1,9,-32.75463,151.535703,42,2,1,1,1,0,0,0,3,0,0,70,2,2852,2852,4,5,0,2,0,1,1,0
1274006,2,2021,2021,10,0,7,387,36,86,69,0,1,10,-33.722182,151.21728,50,0,2,0,1,0,0,0,2,2,7,80,2,6545,6545,4,0,5,2,0,0,1,0
1274009,2,2021,2021,11,4,8,12,27,293,34609,0,1,10,-33.94084,151.244642,59,0,2,1,0,0,0,0,3,0,15,50,0,6545,6545,4,5,0,2,0,0,1,0
1274018,2,2021,2021,11,4,1,346,17,8,332,0,1,1,-28.862208,153.082907,60,1,0,1,0,0,3,4,0,0,7,100,2,9859,9859,8,5,40,1,0,0,1,0
1274020,4,2021,2021,10,2,9,12,27,19,43,0,1,1,-28.577122,153.531336,10,2,1,0,0,0,0,0,0,0,7,80,1,273,957,5,16,40,1,0,1,0,0
1274022,2,2021,2021,11,0,8,1,4,85,34609,0,1,1,-34.588811,150.781135,62,0,2,1,0,0,0,0,2,0,7,50,0,214,214,9,0,28,2,0,0,1,0
1274025,2,2021,2021,5,0,8,99,31,237,105,0,1,9,-33.875896,150.943604,24,0,2,1,0,0,0,0,2,0,7,60,1,1945,1945,5,22,40,1,0,0,1,0
1274026,2,2021,2021,11,6,9,23,27,136,101,0,1,7,-32.934511,151.712707,48,0,2,1,2,0,0,0,0,0,0,60,2,2852,2852,4,5,0,2,0,0,2,1
1274028,2,2021,2021,10,2,6,265,17,9,193,0,1,1,-34.744532,147.890036,51,1,0,0,0,0,3,4,2,0,7,100,2,323,323,1,10,13,2,0,0,1,0
1274032,4,2021,2021,1,1,2,3371,17,25,3342,0,1,9,-32.863699,151.70548,48,0,2,1,2,0,0,0,0,2,7,80,2,5929,5929,1,10,12,2,0,2,0,0
1274033,2,2021,2021,5,5,8,11,31,122,34609,0,1,1,-33.422217,151.337422,16,2,2,1,3,0,0,0,0,0,7,50,0,1981,1981,4,5,36,2,0,0,1,0
1274034,2,2021,2021,5,6,10,49,27,67,62,0,1,9,-33.692757,150.913905,7,0,2,1,3,0,0,0,0,2,7,70,2,9859,9859,8,0,40,1,0,0,1,0
1274038,4,2021,2021,11,4,10,334,17,56,308,0,1,9,-31.462254,152.723205,56,2,1,0,2,0,0,0,0,0,7,50,2,83,83,5,16,40,2,0,1,0,0