Crash ID,Degree of crash - detailed,Reporting year,Year of crash,Month of crash,Day of week of crash,Two-hour intervals,Street of crash,Street type,Town,Route no.,School zone location,School zone active,Type of location,Latitude,Longitude,LGA,Urbanisation,Conurbation 1,Alignment,Street lighting,Road surface,Surface condition,Weather,Natural lighting,Signals operation,Other traffic control,Speed limit,Road classification,RUM - code,DCA - code,First impact type,Key TU type,Other TU type,No. of traffic units involved,No. killed,No. seriously injured,No. moderately injured,No. minor-other injured
1274041,2,2021,2021,1,3,9,3,31,44,34609,0,1,1,-33.946664,151.1443,4,0,2,1,2,0,3,4,0,0,7,50,0,9859,9859,1,5,12,3,0,0,1,0
1274045,1,2021,2021,11,6,11,1,18,43,34609,0,1,1,-36.054964,144.729907,51,1,0,1,0,2,0,0,0,0,7,100,0,9859,9859,8,34,40,1,0,0,0,2
1274048,2,2021,2021,11,4,5,162,31,53,148,0,1,10,-32.928221,151.76719,48,0,2,1,1,0,0,0,2,2,7,60,1,6545,6545,4,0,19,2,0,0,1,0
1274051,4,2021,2021,1,5,8,2,27,21,34609,0,1,1,-32.12647,152.493714,43,2,1,1,0,2,0,0,2,0,7,50,0,1945,1945,5,16,40,1,0,1,0,0
1274057,2,2021,2021,11,2,6,10,27,11,34609,0,1,1,-32.818713,149.861367,44,1,0,0,0,0,0,0,2,0,7,100,0,1089,1089,7,16,40,1,0,0,1,0
1274061,2,2021,2021,5,3,8,81,27,609,115,0,1,1,-33.780889,150.90073,7,0,2,1,1,0,0,0,2,0,7,60,2,9859,9859,1,10,12,3,0,0,1,0
1274062,2,2021,2021,11,0,8,2261,17,443,2252,0,1,10,-33.906004,151.04019,15,0,2,1,1,0,0,0,2,2,7,60,2,14295,14295,3,5,5,4,0,0,1,0
1274063,1,2021,2021,11,4,6,5,25,41,34609,1,0,0,-33.782924,151.266977,50,0,2,1,0,0,0,0,2,0,7,30,0,1282,1282,1,5,40,1,0,0,0,1
1274065,2,2021,2021,11,0,9,4,31,133,34609,0,1,9,-34.49715,150.79993,80,0,2,1,2,0,0,0,0,0,7,50,0,1945,1945,5,22,40,1,0,0,1,0
1274066,2,2021,2021,11,0,8,8,27,9,34609,0,1,9,-34.409983,148.306437,30,1,0,1,0,0,0,0,2,0,7,100,0,9859,9859,8,5,40,1,0,0,1,0
1274067,2,2021,2021,1,5,6,3,27,12,34609,0,1,1,-32.61164,149.60559,44,2,1,1,0,0,0,0,2,0,7,50,0,1981,1981,4,10,27,2,0,0,1,0
1274069,2,2021,2021,11,6,7,2209,17,29,2205,0,1,10,-35.317784,150.440217,63,2,1,1,0,0,0,0,2,0,0,50,2,6545,6545,4,5,13,2,0,0,1,0
1274072,1,2021,2021,11,5,7,3,31,316,34609,0,1,10,-31.434949,152.917449,56,2,1,1,3,0,0,0,2,0,15,60,0,6545,6545,4,0,5,2,0,0,0,1
1274079,4,2021,2021,11,6,8,196,36,2,15,0,1,1,-34.063874,148.243153,30,1,0,0,0,0,0,0,2,0,7,100,1,1109,787,1,5,0,2,0,1,1,0
1274083,2,2021,2021,1,6,7,387,36,86,69,0,1,9,-33.716267,151.217035,50,0,2,1,3,0,0,0,2,2,7,80,2,1109,787,1,30,0,2,0,0,1,0
1274089,2,2021,2021,11,2,7,89,17,144,34609,0,1,9,-34.064436,151.015727,68,0,2,1,1,0,3,4,2,0,2,50,0,591,591,1,22,5,2,0,0,1,0
1274095,4,2021,2021,11,1,7,24,27,2,34609,0,1,1,-33.748565,147.772822,51,1,0,1,3,0,0,0,2,0,7,100,0,1945,1945,5,16,40,1,0,1,0,0
1274097,1,2021,2021,10,6,4,1052,14,16,928,0,1,3,-32.860264,151.617451,48,0,2,1,3,0,0,0,2,0,7,110,2,14295,14295,3,8,12,2,0,0,0,1
1274099,1,2021,2021,10,3,4,8,27,13,11,0,1,1,-35.585548,144.180504,51,1,0,0,3,0,0,3,2,0,7,100,1,1259,5151,8,5,40,1,0,0,0,1
1274101,2,2021,2021,5,2,5,23,27,15,34609,0,1,1,-28.80665,153.484459,2,2,1,1,3,0,0,0,2,0,7,80,0,14295,14295,3,30,40,2,0,0,1,0
1274102,1,2021,2021,11,1,7,85,10,38,702,0,1,9,-33.837653,151.083604,14,0,2,0,3,0,0,0,2,2,7,70,2,14295,14295,3,10,0,2,0,0,0,1
1274105,4,2021,2021,10,0,5,14,27,25,34609,0,1,9,-34.478977,150.868532,80,0,2,1,3,0,0,0,2,0,0,50,0,775,775,4,5,5,3,0,1,0,0
1274110,2,2021,2021,1,6,7,102,31,139,187,0,1,10,-33.874938,151.134386,32,0,2,1,3,0,0,0,2,2,7,60,2,6545,6545,4,0,25,2,0,0,1,0
1274111,1,2021,2021,10,2,7,3371,17,54,3342,0,1,7,-33.23858,151.49917,16,2,2,0,3,0,0,3,2,0,0,70,2,14295,14295,3,0,13,2,0,0,0,1
1274117,2,2021,2021,11,4,3,171,27,113,369,0,1,9,-33.82107,150.685324,55,0,2,1,3,0,0,0,2,3,8,80,2,14295,14295,3,10,13,2,0,0,1,0
1274118,1,2021,2021,11,6,4,2,31,137,34609,0,1,9,-33.907158,150.907883,24,0,2,1,0,0,0,0,2,0,7,50,0,1669,1669,3,5,5,2,0,0,0,1
1274123,4,2021,2021,10,1,8,4,27,65,34609,0,1,1,-33.806132,150.953939,21,0,2,1,1,0,0,0,2,0,7,50,0,2040,2040,9,0,28,2,0,1,0,0
1274124,2,2021,2021,10,4,5,515,14,197,518,0,1,6,-33.942735,151.077058,15,0,2,0,3,0,0,0,2,2,9,60,2,14295,14295,3,3,5,2,0,0,1,0
1274127,1,2021,2021,10,2,6,294,17,44,288,0,1,1,-35.217124,147.776717,75,1,0,1,3,0,3,3,2,0,7,100,2,9859,9859,8,10,40,1,0,0,0,1
1274128,4,2021,2021,1,2,0,1,10,19,34609,0,1,1,-35.802772,145.573344,51,2,1,0,0,0,0,3,0,0,7,80,0,2585,4009,8,10,40,1,0,1,0,0
1274129,2,2021,2021,11,2,5,334,17,56,308,0,1,1,-31.458648,152.742297,56,2,1,1,0,0,0,0,2,0,7,80,2,14295,14295,3,10,41,4,0,0,1,1
1274130,4,2021,2021,1,1,8,49,31,64,34609,0,1,9,-33.484993,150.153122,40,2,1,0,3,0,0,0,3,0,0,50,0,5929,5929,1,30,36,2,0,1,1,0
1274134,1,2021,2021,11,2,6,2126,17,346,2149,0,1,2,-33.866844,151.094662,14,0,2,1,3,0,0,0,2,0,7,60,2,9859,9859,8,0,40,1,0,0,0,1
1274135,1,2021,2021,11,6,8,134,10,104,133,0,1,9,-33.830608,151.020372,54,0,2,1,3,0,3,4,2,2,7,70,2,5929,5929,1,16,10,4,0,0,0,1
1274138,1,2021,2021,1,5,5,12,27,21,19,0,1,1,-33.697362,151.28634,50,0,2,0,1,0,0,0,2,0,7,50,1,3775,3775,0,0,13,2,0,0,0,1
1274140,2,2021,2021,1,5,5,100,27,127,100,0,1,10,-33.836497,150.854167,24,0,2,1,1,0,0,0,2,0,0,70,2,926,926,4,8,0,2,0,0,1,0
1274143,2,2021,2021,1,1,3,2126,17,139,2149,0,1,2,-33.876455,151.12947,32,0,2,1,1,0,3,0,2,0,7,60,2,1945,1945,5,16,40,1,0,0,1,0
1274147,2,2021,2021,0,1,5,7,1,29,34609,0,1,9,-35.103483,150.623955,63,2,1,1,0,0,0,3,2,0,0,50,0,256,256,4,10,27,2,0,0,1,0
1274148,1,2021,2021,11,3,9,2126,17,60,2149,0,1,2,-33.768313,150.758434,55,0,2,1,2,0,0,0,0,0,7,80,2,1383,1383,1,5,5,2,0,0,0,1
1274157,4,2021,2021,11,5,4,10,31,87,34609,0,1,10,-28.804216,153.281801,39,2,1,1,1,0,0,0,2,0,0,50,0,9859,9859,8,16,40,1,0,1,0,0
1274158,2,2021,2021,10,3,7,76,24,21,154,0,1,2,-33.72978,150.914431,7,0,2,1,1,0,0,0,2,0,7,70,1,1192,1192,1,0,5,3,0,0,1,0
1274163,4,2021,2021,1,0,3,14,31,22,34609,0,1,1,-33.829557,151.20089,49,0,2,1,0,0,0,0,2,0,7,50,0,1109,787,1,0,27,2,0,1,0,0
1274166,1,2021,2021,11,0,7,8,31,253,34609,0,1,9,-33.9566,151.09415,25,0,2,1,1,0,0,0,2,0,7,50,0,395,395,1,16,12,2,0,0,0,1
1274167,2,2021,2021,11,5,8,40,27,108,34609,0,1,1,-33.812378,151.188394,77,0,2,1,1,0,0,0,2,0,7,50,0,1981,1981,4,5,27,2,0,0,1,0
1274168,2,2021,2021,11,3,9,196,10,70,168,0,1,1,-33.913604,150.975611,15,0,2,1,2,0,0,0,0,0,7,60,2,2040,2040,9,33,28,2,0,0,1,0
1274169,2,2021,2021,6,4,8,99,31,77,105,0,1,10,-33.865715,150.949905,24,0,2,1,2,0,3,4,0,0,15,60,1,775,775,4,5,5,2,0,0,2,0
1274170,1,2021,2021,11,3,7,57,31,290,34609,0,1,1,-33.954416,151.111922,4,0,2,1,0,0,0,0,2,0,7,50,0,84,84,8,5,40,1,0,0,0,1
1274175,4,2021,2021,11,3,9,13,22,62,34609,0,1,9,-34.080464,150.81211,13,0,2,1,2,0,0,0,0,0,7,60,0,9859,9859,1,10,5,2,0,1,0,0
1274178,2,2021,2021,11,2,10,512,17,433,441,0,1,1,-33.262451,149.077131,52,2,1,0,2,0,0,0,0,0,7,50,2,1957,4009,8,5,40,1,0,0,1,0
1274179,2,2021,2021,1,3,7,33,27,70,49,0,1,9,-33.879147,150.884216,24,0,2,1,2,0,0,0,2,0,7,60,2,1669,1669,3,5,5,2,0,0,1,0
1274180,4,2021,2021,11,4,8,2261,17,284,2252,0,1,9,-33.907093,151.019263,15,0,2,1,1,0,0,0,2,0,7,70,2,1192,1192,1,5,5,4,0,1,1,0
1274182,2,2021,2021,11,1,6,481,17,155,483,0,1,2,-33.141646,148.171373,53,2,1,0,1,0,0,0,2,0,7,50,2,1259,5151,8,5,40,1,0,0,2,0
1274184,2,2021,2021,10,1,6,158,27,46,207,0,1,10,-33.879055,151.237598,81,0,2,1,1,0,0,0,2,2,7,60,2,6545,6545,4,5,10,2,0,0,1,0
1274188,1,2021,2021,11,2,0,4,31,93,34609,0,1,9,-33.413862,149.611868,3,2,1,1,2,0,0,0,0,0,7,50,0,9859,9859,1,0,36,3,0,0,0,1
1274192,1,2021,2021,5,5,4,36,27,43,38,0,1,9,-33.763639,151.24724,50,0,2,0,1,0,0,0,2,0,7,60,1,4552,5151,8,5,40,1,0,0,0,2
1274194,2,2021,2021,11,4,8,2,27,52,34609,0,1,1,-33.706498,150.917295,7,0,2,1,1,0,0,0,2,0,7,50,0,1669,1669,3,16,13,2,0,0,1,0
1274198,4,2021,2021,1,4,8,2126,17,179,2149,0,1,9,-33.758787,150.720711,55,0,2,1,1,0,0,0,2,2,7,60,2,1220,1220,9,33,28,2,0,1,1,0
1274211,2,2021,2021,11,2,9,39,27,293,91,1,0,1,-33.9438,151.2518,59,0,2,1,2,0,3,4,0,0,7,50,1,1981,1981,4,5,19,2,0,0,1,0
1274215,1,2021,2021,11,0,3,2209,17,166,2205,0,1,10,-33.896444,151.180011,69,0,2,1,2,0,0,0,1,2,7,40,2,6545,6545,4,8,0,2,0,0,0,1
1274216,4,2021,2021,1,3,9,481,17,7,483,0,1,1,-31.400494,149.249309,51,1,0,0,0,0,0,0,0,0,7,100,2,1259,5151,8,5,40,1,0,1,0,0
1274217,2,2021,2021,11,6,8,147,27,104,605,1,0,2,-33.830887,151.224866,49,0,2,1,1,0,3,3,2,0,7,60,2,9859,9859,8,0,40,1,0,0,1,0
1274219,4,2021,2021,5,4,9,36,27,438,25,0,1,9,-33.852413,151.020676,21,0,2,1,2,0,3,4,0,0,0,50,1,2852,2852,4,0,0,2,0,1,0,0
1274220,2,2021,2021,5,3,2,76,24,164,154,0,1,10,-33.739154,150.871853,7,0,2,1,2,0,0,0,1,2,7,60,1,1109,787,1,5,0,2,0,0,1,0
1274221,4,2021,2021,1,4,5,3,27,201,34609,0,1,9,-34.897103,150.620977,63,2,1,0,0,0,0,0,2,0,7,70,0,5929,5929,1,5,19,2,0,1,0,0
1274222,4,2021,2021,11,2,10,35,27,84,33,1,0,1,-33.779619,151.103922,61,0,2,1,1,0,3,4,0,0,7,60,1,404,404,8,15,40,1,0,1,0,0
1274224,4,2021,2021,5,3,8,1,27,134,34609,0,1,1,-33.532439,151.304249,16,2,2,1,0,0,0,0,3,0,7,50,0,368,368,9,0,28,2,0,1,0,0
1274226,2,2021,2021,1,5,5,28,31,137,34609,0,1,1,-34.030878,151.054876,68,0,2,1,1,0,0,0,2,0,7,50,0,9859,9859,1,5,5,4,0,0,1,0
1274227,2,2021,2021,1,6,7,30,10,27,30,0,1,1,-33.266253,151.215635,16,1,2,0,0,0,0,0,2,0,7,100,2,4552,5151,8,5,40,1,0,0,4,1
1274228,1,2021,2021,5,5,4,79,10,43,231,0,1,1,-33.434516,151.316817,16,2,2,1,1,0,0,0,2,0,7,60,2,3775,3775,0,5,5,2,0,0,0,1
1274229,4,2021,2021,5,5,11,204,27,246,34609,0,1,1,-33.908892,151.196875,69,0,2,1,2,0,0,0,0,0,7,50,0,4026,4026,8,0,40,2,0,1,0,1
1274231,2,2021,2021,5,6,6,10,1,100,34609,0,1,2,-33.88541,150.890442,24,0,2,1,2,0,0,0,2,0,7,50,0,1282,1282,1,5,40,1,0,0,1,0
1274232,4,2021,2021,1,1,2,478,17,22,480,0,1,1,-33.32743,151.508915,16,2,2,0,2,0,0,0,0,0,7,70,2,4552,5151,8,5,40,1,0,1,0,0
1274233,4,2021,2021,1,2,10,50,27,304,140,0,1,9,-33.90541,151.167677,32,0,2,0,2,0,0,0,0,2,7,60,1,3775,3775,0,16,5,2,0,1,1,0
1274234,4,2021,2021,5,1,1,10,27,84,34609,0,1,9,-31.106172,150.892083,70,2,1,1,2,0,0,0,0,0,7,50,0,4026,4026,8,5,40,1,0,1,0,0
1274235,2,2021,2021,5,0,9,7,27,21,34609,0,1,10,-33.038086,151.584835,37,0,2,1,2,0,0,0,0,0,0,50,0,6545,6545,4,5,0,2,0,0,3,0
1274237,4,2021,2021,11,3,8,1,1,105,34609,0,1,1,-32.700805,151.50894,42,2,1,1,0,0,0,0,2,0,7,50,0,1220,1220,9,5,28,2,0,1,0,0
1274238,2,2021,2021,5,0,6,123,23,13,34609,0,1,1,-33.774156,151.292252,50,0,2,1,1,0,0,0,2,0,7,50,0,1981,1981,4,10,27,2,0,0,1,0
1274239,2,2021,2021,1,1,4,10,27,14,11,0,1,1,-32.245043,148.994527,22,1,0,1,0,0,0,0,2,0,7,100,1,9859,9859,8,5,40,1,0,0,1,0
1274241,4,2021,2021,1,6,8,3,10,201,34609,0,1,9,-34.893864,150.621643,63,2,1,0,1,0,0,0,2,0,7,70,0,2585,777,8,15,40,1,0,1,0,0
1274242,2,2021,2021,1,6,9,11,31,64,34609,0,1,1,-33.487438,150.15134,40,2,1,0,2,0,0,0,0,0,7,50,0,4552,5151,8,5,40,1,0,0,1,0
1274243,2,2021,2021,1,6,11,478,17,69,480,0,1,9,-33.355371,151.486987,16,2,2,1,2,0,0,0,0,0,7,50,2,9859,9859,8,10,40,1,0,0,1,0
1274244,4,2021,2021,1,2,8,3371,17,53,3342,0,1,10,-33.689196,151.106814,31,0,2,1,0,0,0,0,2,2,9,60,2,2040,2040,9,30,28,3,0,1,0,1
1274245,4,2021,2021,5,5,9,22,27,73,34609,0,1,7,-33.890589,151.165194,32,0,2,0,2,0,0,0,3,0,0,50,0,1850,1463,5,15,40,1,0,1,0,0
1274248,4,2021,2021,1,6,0,21,27,79,34609,0,1,1,-33.551629,150.745848,29,2,2,0,0,0,0,0,0,0,7,80,0,1850,1463,5,0,40,1,0,1,0,0
1274249,4,2021,2021,5,6,6,2261,17,39,2252,0,1,2,-35.96436,147.004696,0,1,0,1,0,0,3,4,2,0,7,110,2,1945,1945,5,16,40,1,0,1,0,0
1274250,2,2021,2021,5,6,8,2126,17,33,2149,0,1,10,-33.490376,150.133834,40,2,1,1,2,0,3,4,3,0,15,70,2,3775,3775,0,30,13,2,0,0,2,0
1274251,2,2021,2021,5,5,4,25,27,64,34609,0,1,1,-34.381742,150.90724,80,0,2,1,1,0,0,0,2,0,7,60,0,4026,4026,1,5,5,3,0,0,1,0
1274253,1,2021,2021,1,5,4,15,27,6,91,0,1,1,-34.950713,149.25141,82,1,0,1,0,0,3,4,2,0,7,100,1,4026,4026,8,0,40,1,0,0,0,1
1274254,2,2021,2021,5,0,7,3,27,23,34609,0,1,1,-32.025243,152.387757,43,2,1,1,0,2,0,0,2,0,7,50,0,4026,4026,8,10,40,1,0,0,1,0
1274258,2,2021,2021,1,0,7,110,27,167,34609,0,1,9,-33.823081,151.077971,54,0,2,1,0,0,0,0,2,0,15,50,0,1109,787,1,5,27,2,0,0,1,0
1274259,2,2021,2021,1,4,9,1,31,33,34609,0,1,9,-34.020313,150.818347,13,0,2,1,0,0,0,0,0,0,7,50,0,4026,4026,1,0,5,2,0,0,1,0
1274260,2,2021,2021,5,2,8,1104,14,85,962,0,1,3,-33.78372,150.693113,55,0,2,1,0,0,0,0,3,0,7,110,2,14295,14295,3,5,5,2,0,0,1,0
1274261,2,2021,2021,11,4,9,72,27,278,56,0,1,9,-33.787683,151.061677,54,0,2,0,1,0,0,0,2,0,15,60,2,1669,1669,3,10,0,2,0,0,2,0
1274271,1,2021,2021,11,1,10,25,31,460,92,0,1,7,-33.837864,150.996887,21,0,2,1,3,0,0,0,0,0,0,60,1,14295,14295,3,5,12,2,0,0,0,1
1274272,1,2021,2021,10,2,6,2261,17,44,2252,0,1,2,-35.353188,147.651285,75,1,0,0,3,0,0,3,2,0,7,110,2,1850,1463,5,5,40,1,0,0,0,1
1274280,4,2021,2021,10,3,7,74,27,66,59,0,1,9,-34.473148,150.886579,80,0,2,0,1,0,3,4,2,1,7,60,2,3775,3775,0,10,5,2,0,1,0,0
1274284,2,2021,2021,5,0,7,6,31,207,34609,0,1,1,-31.960176,141.462473,51,2,1,1,0,0,0,0,2,0,7,50,0,1220,1220,9,5,28,2,0,0,1,0
1274287,1,2021,2021,1,6,8,67,27,30,78,0,1,9,-33.859726,151.142097,14,0,2,1,1,0,0,0,2,0,0,50,2,1669,1669,3,0,0,2,0,0,0,1
1274288,2,2021,2021,10,5,5,31,27,4,78,0,1,1,-33.802146,149.943133,51,1,0,0,0,0,3,4,2,0,7,100,1,2585,4009,8,10,40,1,0,0,1,0
1274291,4,2021,2021,11,1,2,916,17,91,917,0,1,0,-32.803186,151.633946,48,0,2,1,2,0,0,0,1,0,7,60,2,9859,9859,8,10,40,1,0,1,0,0
1274296,2,2021,2021,11,0,9,12,31,87,34609,0,1,7,-28.809662,153.287894,39,2,1,1,2,0,0,0,0,0,0,50,0,6545,6545,4,0,5,2,0,0,1,1
1274299,4,2021,2021,1,3,8,19,27,87,34609,0,1,9,-34.053567,151.145203,68,0,2,1,0,0,0,0,2,0,0,50,0,6545,6545,4,22,0,2,0,1,0,0
1274300,4,2021,2021,11,2,6,512,17,562,441,0,1,9,-32.253309,148.601718,22,2,1,1,1,0,0,0,2,0,0,60,2,9859,9859,8,10,40,1,0,1,1,0
1274301,4,2021,2021,1,6,5,95,31,64,34609,0,1,1,-33.760096,151.2088,50,0,2,0,1,0,0,0,2,0,7,50,0,4552,5151,8,5,40,2,0,1,0,1
1274304,2,2021,2021,5,4,6,475,31,532,75,0,1,10,-33.873304,151.209896,69,0,2,1,1,0,0,0,2,2,7,40,2,4026,4026,8,5,40,1,0,0,1,0
1274305,4,2021,2021,11,1,2,4,27,562,34609,0,1,1,-32.143126,148.775951,22,2,1,1,3,2,2,6,0,0,7,40,0,9859,9859,8,10,40,1,0,1,0,0
1274306,2,2021,2021,1,5,5,71,36,10,61,0,1,1,-34.444768,146.036636,28,1,0,0,3,0,0,0,2,0,7,100,2,3775,3775,0,3,2,2,0,0,1,0
1274307,4,2021,2021,11,4,4,13,27,210,7,0,1,9,-34.032413,151.103577,68,0,2,1,1,0,0,0,2,0,7,50,1,2040,2040,9,0,28,2,0,1,0,0
1274308,2,2021,2021,11,2,6,42,27,128,231,0,1,1,-33.42043,151.319527,16,2,2,1,1,0,0,0,2,0,7,60,2,1109,787,1,9,5,2,0,0,1,0
1274309,2,2021,2021,1,4,4,2126,17,75,2149,0,1,2,-33.708769,150.351187,8,2,2,0,1,0,0,0,2,0,7,80,2,1957,4009,8,10,40,1,0,0,1,0
1274310,2,2021,2021,11,6,3,168,10,387,260,0,1,2,-33.945966,151.173403,4,0,2,1,3,0,0,0,2,0,7,70,2,14295,14295,3,5,13,2,0,0,1,0
1274311,4,2021,2021,11,6,8,18,31,134,34609,1,0,9,-33.50531,151.3069,16,2,2,1,1,0,0,0,3,0,0,50,0,5929,5929,1,10,25,2,0,1,0,0
1274312,2,2021,2021,5,2,5,67,27,30,78,0,1,1,-33.861085,151.13953,14,0,2,1,1,0,0,0,2,0,7,50,2,2040,2040,9,5,28,2,0,0,1,0
1274314,2,2021,2021,1,5,3,361,32,111,65,0,1,9,-33.69663,150.870252,7,0,2,1,1,0,3,4,2,0,9,50,1,2040,2040,9,34,28,2,0,0,2,0
1274317,2,2021,2021,1,6,5,49,25,29,34609,0,1,9,-28.804425,153.593749,2,2,1,1,0,0,3,4,2,0,7,60,0,83,83,1,5,5,2,0,0,1,0
1274318,4,2021,2021,11,0,11,1052,14,87,928,0,1,3,-33.043844,151.473471,37,0,2,1,0,0,0,0,0,0,7,110,2,14295,14295,3,3,10,2,0,1,1,0
1274322,4,2021,2021,10,1,5,33,27,11,260,0,1,2,-33.048545,151.565856,37,0,2,1,1,0,3,4,2,0,7,90,2,945,945,5,5,40,1,0,1,0,0
1274331,4,2021,2021,1,5,7,344,27,168,382,0,1,2,-33.707315,150.839323,7,0,2,1,1,0,0,0,2,2,9,80,2,14295,14295,3,10,0,2,0,1,0,0
1274332,2,2021,2021,10,6,5,13,27,3,34609,0,1,1,-30.943492,153.020871,34,2,1,1,1,0,0,0,2,0,7,80,0,4026,4026,8,5,40,1,0,0,1,0
1274333,2,2021,2021,10,1,8,8,31,207,34609,0,1,10,-31.940962,141.454327,51,2,1,1,1,0,0,0,2,0,0,50,0,6545,6545,4,10,5,2,0,0,1,0
1274334,2,2021,2021,10,6,3,1052,14,53,928,0,1,3,-33.684844,151.120858,31,0,2,1,0,0,3,4,2,0,7,110,2,14295,14295,3,33,5,2,0,0,1,0
1274343,1,2021,2021,10,6,8,485,27,154,769,0,1,1,-33.719447,150.963514,71,0,2,1,0,0,0,0,2,0,7,60,2,1282,1282,1,0,13,3,0,0,0,1
1274345,2,2021,2021,11,4,2,3371,17,51,3342,0,1,9,-33.262513,151.481578,16,2,2,1,2,0,0,0,1,2,7,70,2,2852,2852,4,10,13,2,0,0,1,0
1274346,1,2021,2021,11,6,9,8,31,134,34609,0,1,10,-33.893351,151.247109,76,0,2,1,2,0,0,0,0,2,9,50,0,2040,2040,9,5,28,2,0,0,0,1
1274348,1,2021,2021,8,2,10,3371,17,69,3342,1,0,9,-32.932127,151.752873,48,0,2,1,2,0,0,0,0,0,7,60,2,9859,9859,8,16,40,1,0,0,0,2
1274349,4,2021,2021,1,6,6,230,27,173,284,0,1,10,-33.78163,151.113684,61,0,2,1,1,0,0,0,2,2,7,70,2,340,340,9,5,28,2,0,1,0,0
1274352,4,2021,2021,11,1,5,3371,17,63,3342,0,1,7,-33.238745,151.499247,16,2,2,1,3,0,0,0,2,0,0,70,2,926,926,4,16,5,2,0,1,0,0
1274354,4,2021,2021,11,5,11,61,10,87,34609,0,1,1,-33.038983,151.479006,37,0,2,0,0,0,0,0,0,0,7,90,0,1957,4009,8,5,40,1,0,1,0,0
1274357,2,2021,2021,5,0,6,1,27,1,34609,0,1,1,-31.545575,150.029596,51,1,0,1,0,2,3,4,2,0,7,100,0,4026,4026,8,0,40,1,0,0,1,0
1274359,1,2021,2021,11,5,9,32,27,148,34609,0,1,7,-36.038614,146.935578,0,2,1,1,3,0,0,0,0,0,0,50,0,1282,1282,1,22,5,2,0,0,0,1
1274361,1,2021,2021,10,1,3,57,27,15,126,0,1,1,-32.759136,151.687645,42,1,0,1,3,0,3,4,2,0,7,100,2,1089,1089,7,10,40,1,0,0,0,1
1274362,1,2021,2021,10,6,8,192,10,84,114,0,1,9,-33.466049,151.398148,16,2,2,1,3,0,0,3,2,0,7,60,2,1669,1669,3,9,5,3,0,0,0,1
1274364,1,2021,2021,6,4,9,1,31,460,34609,0,1,9,-33.844924,151.002403,21,0,2,1,3,0,0,0,0,0,7,50,0,5929,5929,1,5,5,2,0,0,0,1
1274368,4,2021,2021,11,6,7,7,10,387,331,0,1,2,-33.933705,151.162253,4,0,2,1,3,0,0,0,2,0,7,60,2,4026,4026,8,5,40,1,0,1,0,0
1274369,1,2021,2021,10,2,9,154,27,293,244,0,1,9,-33.927557,151.049158,15,0,2,1,3,0,0,0,0,0,7,60,2,14295,14295,3,10,5,2,0,0,0,1
1274375,2,2021,2021,10,4,8,2,27,56,34609,0,1,1,-32.792603,151.312249,17,1,0,0,3,0,0,0,3,0,7,100,0,1259,5151,8,10,40,1,0,0,1,0
1274376,2,2021,2021,10,5,8,109,36,21,108,0,1,1,-28.293334,153.46005,72,1,0,0,3,0,0,0,3,0,7,100,1,1192,1192,1,30,10,2,0,0,1,0
1274382,2,2021,2021,1,0,6,2209,17,166,2205,0,1,1,-33.892704,151.185919,69,0,2,1,3,0,0,0,2,0,7,40,2,4026,4026,1,0,5,4,0,0,2,0
1274383,1,2021,2021,11,5,5,12,27,36,28,0,1,9,-33.799041,150.938037,21,0,2,1,3,0,0,0,2,0,15,60,1,14295,14295,3,8,36,2,0,0,0,1
1274386,2,2021,2021,10,1,3,7,27,27,34609,0,1,1,-33.713658,150.453803,8,2,2,1,3,0,3,4,2,0,7,50,0,1945,1945,5,16,40,1,0,0,1,0
1274387,2,2021,2021,1,4,4,161,17,5,161,0,1,1,-35.926947,148.591256,65,2,1,0,0,0,0,0,2,0,7,80,2,4552,5151,8,29,40,1,0,0,1,0
1274389,2,2021,2021,10,1,4,147,27,104,605,0,1,2,-33.829887,151.218204,49,0,2,1,3,0,3,4,2,0,7,60,2,14295,14295,3,5,12,2,0,0,1,0
1274390,1,2021,2021,11,1,8,2126,17,163,2149,0,1,2,-33.86782,151.098258,9,0,2,1,3,0,0,0,2,0,7,60,2,1391,1391,1,0,0,2,0,0,0,1
1274394,2,2021,2021,5,4,10,475,31,290,34609,0,1,9,-33.849194,150.985077,21,0,2,1,2,0,2,2,0,0,7,50,0,83,83,1,5,27,2,0,0,1,0
1274396,1,2021,2021,6,6,6,30,27,14,41,0,1,1,-33.983265,151.131329,25,0,2,1,1,0,0,0,2,0,7,60,1,14295,14295,3,0,10,2,0,0,0,1
1274401,2,2021,2021,11,4,5,3,27,201,34609,0,1,7,-33.991695,150.864456,13,0,2,0,0,0,0,0,2,0,0,60,0,1850,1463,5,16,40,1,0,0,1,0
1274408,2,2021,2021,10,3,3,361,32,62,96,0,1,9,-33.89408,151.149844,32,0,2,1,1,0,0,3,1,2,7,60,2,5929,5929,1,0,5,2,0,0,1,1
1274411,2,2021,2021,1,0,7,255,27,71,166,0,1,9,-33.26356,151.538857,16,2,2,1,0,0,0,0,2,0,7,40,2,14295,14295,3,0,5,2,0,0,1,0
1274413,1,2021,2021,6,4,4,515,14,294,518,0,1,3,-33.939519,150.923885,41,0,2,1,1,0,0,0,2,0,7,100,2,14295,14295,3,0,5,3,0,0,0,1
1274415,2,2021,2021,10,2,4,112,27,151,256,0,1,9,-34.025727,150.833456,13,0,2,1,1,0,0,0,2,2,7,70,1,5929,5929,1,5,13,2,0,0,1,0