Crash ID,Degree of crash - detailed,Reporting year,Year of crash,Month of crash,Day of week of crash,Two-hour intervals,Street of crash,Street type,Town,Route no.,School zone location,School zone active,Type of location,Latitude,Longitude,LGA,Urbanisation,Conurbation 1,Alignment,Street lighting,Road surface,Surface condition,Weather,Natural lighting,Signals operation,Other traffic control,Speed limit,Road classification,RUM - code,DCA - code,First impact type,Key TU type,Other TU type,No. of traffic units involved,No. killed,No. seriously injured,No. moderately injured,No. minor-other injured
1274420,1,2021,2021,11,3,5,3371,1,8,34609,0,1,1,-33.899481,151.269832,76,0,2,0,0,0,0,0,2,0,7,50,0,1850,1463,5,16,40,1,0,0,0,1
1274422,2,2021,2021,11,6,8,47,27,293,69,0,1,10,-33.942769,151.247343,59,0,2,1,0,0,0,0,3,0,9,50,1,1220,1220,9,5,28,2,0,0,1,0
1274423,4,2021,2021,1,3,4,21,1,123,25,0,1,1,-33.906419,151.216848,59,0,2,1,1,0,3,4,2,0,7,50,1,9859,9859,8,33,40,3,0,1,0,0
1274426,1,2021,2021,10,0,8,9,27,232,34609,0,1,1,-33.675188,150.9242,71,0,2,1,0,0,0,3,2,0,7,50,0,9859,9859,1,5,0,4,0,0,0,1
1274428,1,2021,2021,10,2,6,24,31,433,34609,0,1,9,-33.2553,149.102837,52,2,1,1,0,0,0,0,2,0,0,70,0,2852,2852,4,0,0,2,0,0,0,1
1274438,2,2021,2021,5,6,3,6,10,323,154,0,1,7,-33.802121,150.869952,7,0,2,1,0,0,0,0,2,0,0,60,1,14295,14295,3,5,5,3,0,0,1,0
1274439,1,2021,2021,5,5,8,5,36,18,7,0,1,1,-29.450434,147.946065,51,1,0,1,0,0,0,0,3,0,7,100,1,1089,1089,7,34,40,1,0,0,0,1
1274440,2,2021,2021,11,1,7,204,31,169,99,0,1,9,-33.900811,151.209758,69,0,2,1,1,0,0,0,2,2,7,50,2,4552,985,8,5,40,1,0,0,1,0
1274441,2,2021,2021,10,2,11,44,31,69,34609,0,1,1,-32.933592,151.744878,48,0,2,1,3,0,0,0,0,0,7,50,0,9859,9859,8,5,40,1,0,0,1,0
1274442,2,2021,2021,10,1,9,79,10,43,231,0,1,9,-33.440636,151.329578,16,2,2,0,3,0,3,4,3,0,15,60,2,3775,3775,0,0,12,2,0,0,2,0
1274446,4,2021,2021,11,0,8,2209,17,49,2205,0,1,9,-33.933826,151.15273,4,0,2,0,1,0,0,0,2,2,9,60,2,1220,1220,9,9,28,2,0,1,0,0
1274448,1,2021,2021,10,5,10,3,27,35,34609,0,1,9,-33.978553,151.243712,59,0,2,1,0,0,0,0,0,0,15,50,0,14295,14295,3,22,5,2,0,0,0,1
1274450,4,2021,2021,1,4,3,10,31,53,34609,0,1,1,-31.084156,150.926948,70,2,1,0,1,0,0,0,2,0,7,50,0,4552,5151,8,5,40,1,0,1,0,0
1274451,4,2021,2021,10,2,7,1104,14,80,962,0,1,6,-33.759107,150.653337,55,0,2,1,3,0,0,0,2,0,7,60,2,1945,1945,5,16,40,1,0,1,0,0
1274453,1,2021,2021,8,6,11,65,10,132,148,0,1,1,-34.132768,151.080311,68,0,2,0,0,0,3,4,0,0,7,80,2,782,957,5,16,40,1,0,0,0,1
1274457,4,2021,2021,1,5,2,1,27,43,34609,0,1,1,-30.470589,152.987273,6,2,1,0,0,0,3,4,1,0,7,70,0,2585,4009,8,5,40,1,0,1,0,0
1274459,1,2021,2021,10,2,7,387,27,91,331,0,1,9,-33.961503,151.078906,25,0,2,0,3,0,0,0,2,0,7,60,2,14295,14295,3,5,0,2,0,0,0,1
1274462,4,2021,2021,1,5,9,4,1,202,34609,0,1,1,-33.954941,151.035053,15,0,2,1,2,0,0,0,0,0,7,50,0,4026,4026,1,0,5,2,0,1,1,0
1274464,2,2021,2021,5,6,8,6,31,27,144,0,1,2,-32.877781,151.733504,48,0,2,1,2,0,0,0,3,0,7,60,2,4026,4026,8,5,40,1,0,0,1,0
1274465,4,2021,2021,1,5,10,3,31,61,34609,0,1,10,-35.912025,150.06501,23,2,1,1,2,0,0,0,0,0,0,50,0,9859,9859,8,5,40,3,0,1,1,0
1274467,4,2021,2021,1,5,1,481,17,11,483,0,1,1,-32.102818,148.561084,22,1,0,1,2,0,3,0,0,0,7,110,2,4026,4026,8,3,40,1,0,1,0,0
1274470,2,2021,2021,1,2,4,149,27,52,198,0,1,7,-33.960912,150.959671,41,0,2,1,1,0,0,0,2,1,0,60,2,9859,9859,8,5,40,1,0,0,1,0
1274472,4,2021,2021,1,1,9,3371,17,52,3342,0,1,10,-33.262809,151.464678,16,2,2,1,2,0,0,0,0,2,7,70,2,6545,6545,4,0,13,2,0,1,0,1
1274473,1,2021,2021,10,3,5,92,27,55,36,0,1,7,-35.712758,150.185808,23,2,1,1,1,0,0,0,2,0,0,60,1,6545,6545,4,5,27,2,0,0,0,1
1274474,4,2021,2021,10,6,4,27,27,27,49,1,2,1,-33.762171,151.280116,50,0,2,1,0,0,3,4,2,0,7,40,1,2040,2040,9,0,28,2,0,1,0,0
1274477,1,2021,2021,11,4,5,12,31,6,34609,0,1,1,-33.83968,151.20036,49,0,2,1,0,0,0,0,2,0,7,50,0,941,941,1,5,19,2,0,0,0,1
1274482,2,2021,2021,11,3,4,225,17,50,180,0,1,1,-34.569886,150.668373,62,0,2,0,0,0,0,0,2,0,7,60,2,4552,5151,8,16,40,1,0,0,1,0
1274485,2,2021,2021,10,4,8,34,31,145,140,0,1,1,-33.926373,151.130659,15,0,2,1,1,0,0,0,3,0,7,50,1,591,591,1,22,0,2,0,0,1,0
1274486,2,2021,2021,11,1,7,26,31,204,11,0,1,9,-33.889398,151.122711,32,0,2,1,1,0,0,0,2,0,9,50,1,2040,2040,9,5,26,2,0,0,2,0
1274487,2,2021,2021,11,4,5,1,31,65,34609,0,1,9,-36.050762,147.014394,0,2,1,1,0,0,3,4,2,0,0,50,0,1850,777,5,16,40,1,0,0,1,0
1274492,1,2021,2021,6,2,8,3371,17,225,3342,0,1,9,-33.793435,151.179746,77,0,2,1,3,0,0,0,0,2,7,60,2,2852,2852,4,33,0,2,0,0,0,1
1274493,2,2021,2021,11,6,6,2209,17,115,2205,0,1,10,-34.032036,151.071549,68,0,2,1,3,0,0,0,2,2,0,70,2,2040,2040,9,33,28,2,0,0,1,0
1274494,2,2021,2021,11,4,4,296,27,147,293,0,1,9,-33.865904,150.989041,15,0,2,1,3,0,0,0,2,0,15,70,2,775,775,4,5,5,2,0,0,1,0
1274497,2,2021,2021,11,6,6,2126,17,323,2149,0,1,10,-33.792374,150.871441,7,0,2,1,1,0,0,0,2,2,7,80,2,1669,1669,3,9,25,2,0,0,1,0
1274499,2,2021,2021,5,6,3,10,27,30,34609,0,1,1,-34.445037,150.350576,78,1,0,0,3,0,0,0,2,0,7,100,0,1957,4009,8,34,40,1,0,0,1,0
1274500,1,2021,2021,1,3,11,15,31,228,34609,0,1,2,-34.753023,149.720094,26,2,1,1,3,0,0,3,0,0,7,50,0,248,248,1,30,5,2,0,0,0,1
1274504,2,2021,2021,10,6,3,22,27,14,26,0,1,9,-35.067827,147.378098,75,2,1,1,3,0,0,0,2,0,7,80,1,1669,1669,3,5,5,2,0,0,2,0
1274506,2,2021,2021,11,1,8,4,27,194,148,0,1,1,-30.525402,151.63005,1,2,1,0,0,0,3,4,3,0,7,80,2,623,623,3,10,13,2,0,0,1,0
1274508,1,2021,2021,10,6,8,158,27,46,207,0,1,10,-33.879055,151.237598,81,0,2,1,1,0,3,4,2,2,7,60,2,14295,14295,3,10,13,2,0,0,0,1
1274514,2,2021,2021,11,6,7,1052,14,46,928,0,1,6,-33.305383,151.4015,16,2,2,0,1,0,0,0,2,0,7,60,2,2585,4009,8,3,40,1,0,0,1,0
1274516,1,2021,2021,10,6,0,64,27,175,284,0,1,10,-33.773143,151.070973,54,0,2,1,2,0,0,0,0,2,7,60,2,2852,2852,4,5,5,2,0,0,0,1
1274521,4,2021,2021,10,3,6,14,27,6,34609,0,1,1,-33.426181,150.725829,29,2,2,0,0,2,0,0,2,0,7,50,0,418,714,5,16,40,1,0,1,0,0
1274522,4,2021,2021,11,1,5,8,27,149,20,0,1,1,-33.352937,151.375099,16,2,2,1,0,0,0,0,2,0,7,60,1,9859,9859,8,9,40,1,0,1,0,0
1274524,4,2021,2021,10,6,6,14,31,80,19,0,1,1,-33.883676,151.175587,32,0,2,1,1,0,3,4,2,0,7,50,1,1945,1945,5,15,40,1,0,1,0,0
1274526,2,2021,2021,11,6,6,109,27,460,106,0,1,9,-33.833284,150.974095,21,0,2,1,1,0,3,4,2,0,0,60,1,5929,5929,1,5,5,2,0,0,1,0
1274529,4,2021,2021,10,1,7,1,27,3,34609,0,1,1,-31.078437,153.040642,34,2,1,0,0,2,0,0,2,0,7,50,0,2585,4009,8,5,40,1,0,1,0,0
1274530,2,2021,2021,1,0,9,52,27,188,53,1,0,10,-33.941127,151.10118,25,0,2,1,2,0,0,0,0,2,7,50,1,5929,5929,1,5,19,2,0,0,1,0
1274531,1,2021,2021,6,0,4,37,31,80,19,0,1,1,-33.874583,151.173798,32,0,2,1,0,0,3,3,2,0,7,50,2,1945,1945,5,16,40,1,0,0,0,1
1274532,1,2021,2021,0,5,4,55,31,160,34609,1,2,1,-33.103096,151.488395,37,0,2,1,1,0,0,0,2,0,7,40,0,248,248,1,34,5,2,0,0,0,1
1274533,2,2021,2021,10,0,1,5,31,41,34609,0,1,9,-33.909929,151.132229,15,0,2,0,2,0,0,0,0,0,7,50,0,1957,4009,8,5,40,1,0,0,1,0
1274539,1,2021,2021,6,3,7,361,31,176,33,0,1,1,-33.96565,151.130746,4,0,2,0,1,0,0,0,2,0,7,50,1,623,623,3,9,5,2,0,0,0,1
1274540,2,2021,2021,11,5,6,191,17,32,189,0,1,1,-32.16919,150.422137,73,1,0,1,0,0,0,0,2,0,7,100,2,941,941,1,0,5,2,0,0,1,0
1274545,2,2021,2021,10,6,5,193,27,87,34609,0,1,7,-34.489322,150.430589,78,2,1,1,0,0,0,0,2,0,0,50,0,1220,1220,9,5,26,2,0,0,1,0
1274546,2,2021,2021,10,5,7,37,27,11,52,0,1,1,-34.039098,150.57376,79,2,2,0,1,0,3,4,2,0,7,80,1,4552,5151,8,5,40,1,0,0,1,0
1274547,2,2021,2021,11,0,6,8,31,113,34609,0,1,9,-29.48122,149.845888,51,2,1,1,1,0,0,0,2,0,7,50,0,1669,1669,3,0,5,2,0,0,1,1
1274548,1,2021,2021,10,0,7,4,31,204,34609,0,1,1,-33.938956,151.136942,4,0,2,1,1,0,3,3,2,0,7,50,0,941,941,1,30,5,3,0,0,0,1
1274553,2,2021,2021,10,5,8,5,31,78,34609,0,1,1,-34.466426,150.846025,80,0,2,1,1,0,0,0,2,0,7,50,0,1109,787,1,5,19,2,0,0,1,0
1274555,2,2021,2021,5,4,6,8,31,137,34609,0,1,1,-34.032005,151.06322,68,0,2,1,1,0,0,0,2,0,7,50,0,941,941,1,0,5,4,0,0,1,0
1274560,2,2021,2021,11,4,11,2209,17,201,2205,0,1,2,-34.866041,150.601903,63,2,1,1,2,0,0,0,0,0,7,60,2,1945,1945,5,17,40,1,0,0,1,0
1274562,2,2021,2021,1,6,5,20,27,13,24,0,1,9,-33.619671,151.043939,31,0,2,1,0,0,0,0,2,0,0,60,1,6545,6545,4,5,12,2,0,0,1,0
1274566,1,2021,2021,11,3,7,6,31,29,34609,0,1,9,-30.708217,150.039893,51,2,1,1,1,0,0,0,2,0,7,50,0,2852,2852,4,12,13,2,0,0,0,1
1274571,2,2021,2021,10,4,7,829,27,124,770,0,1,2,-33.813803,151.051916,54,0,2,1,3,0,0,0,2,0,9,70,2,14295,14295,3,9,13,2,0,0,1,0
1274573,1,2021,2021,5,1,5,230,27,175,284,0,1,10,-33.773792,151.087106,54,0,2,0,3,0,0,0,2,2,7,60,2,6545,6545,4,5,36,2,0,0,0,1
1274581,2,2021,2021,10,6,3,1052,14,207,928,0,1,3,-33.549847,151.194554,31,0,2,1,3,0,3,4,2,0,7,110,2,14295,14295,3,0,5,2,0,0,1,0
1274583,1,2021,2021,11,0,5,22,27,18,147,0,1,1,-28.692199,153.6053,10,2,1,1,3,0,0,0,2,0,7,50,1,14295,14295,3,0,0,2,0,0,0,1
1274584,1,2021,2021,10,4,8,515,14,202,518,0,1,3,-33.940195,151.029004,15,0,2,1,3,0,3,3,2,0,7,100,2,14295,14295,3,5,5,2,0,0,0,1
1274587,2,2021,2021,11,4,11,1,27,9,34609,0,1,1,-34.960382,149.78741,26,2,1,0,0,0,0,1,0,0,7,80,0,4552,5151,8,0,40,1,0,0,2,0
1274590,4,2021,2021,11,0,8,1,27,1,34609,0,1,1,-30.906658,150.513696,51,1,0,0,0,0,0,0,2,0,7,100,0,4552,5151,8,10,40,1,0,1,0,0
1274591,2,2021,2021,11,6,3,1,27,44,34609,0,1,1,-32.099864,150.867891,73,2,1,1,0,0,0,3,2,0,13,60,0,19,19,10,8,38,2,0,0,1,0
1274592,4,2021,2021,11,5,8,78,27,147,78,0,1,10,-33.864089,151.130339,14,0,2,1,1,0,0,0,2,2,7,50,2,6545,6545,4,30,12,2,0,1,0,0
1274593,4,2021,2021,10,1,3,2126,17,40,2149,0,1,9,-33.696872,150.534314,8,2,2,0,1,0,0,0,2,0,0,60,2,2585,4009,8,5,40,1,0,1,1,0
1274596,1,2021,2021,10,0,5,204,31,15,82,0,1,7,-35.149446,147.349439,75,2,1,1,3,0,0,3,2,0,0,60,1,6545,6545,4,10,5,2,0,0,0,1
1274600,4,2021,2021,11,6,6,59,10,89,34609,0,1,0,-33.895518,151.23839,59,0,2,0,0,0,0,0,2,0,7,30,0,1220,1220,9,22,28,2,0,1,0,0
1274603,1,2021,2021,10,2,8,500,27,136,799,0,1,1,-33.928604,151.076144,15,0,2,1,3,0,3,4,2,0,7,60,2,14295,14295,3,5,5,2,0,0,0,1
1274604,1,2021,2021,10,6,10,2261,17,49,2252,0,1,9,-34.732061,149.825041,26,1,0,0,3,0,0,0,0,0,7,110,2,404,404,8,10,40,1,0,0,0,1
1274607,1,2021,2021,3,0,9,387,27,115,331,0,1,10,-33.961292,151.057968,25,0,2,1,3,0,0,0,0,2,7,60,2,5929,5929,1,5,40,2,0,0,0,1
1274612,2,2021,2021,11,6,10,2,27,103,34609,0,1,7,-28.816274,153.312944,39,2,1,1,2,0,3,4,0,0,0,50,0,5929,5929,1,5,5,2,0,0,1,0
1274621,2,2021,2021,11,3,8,25,27,21,34609,0,1,1,-34.380062,150.907859,80,0,2,1,2,0,0,0,3,0,7,60,0,591,591,1,22,5,2,0,0,1,0
1274625,1,2021,2021,10,3,7,294,17,18,288,0,1,9,-35.12199,147.318155,75,2,1,1,3,0,0,3,2,0,0,80,2,6545,6545,4,29,13,2,0,0,0,1
1274629,2,2021,2021,10,0,4,866,17,157,793,0,1,6,-33.795404,151.013854,54,0,2,1,3,0,3,4,2,0,7,60,2,1391,1391,1,5,12,3,0,0,1,0
1274631,1,2021,2021,11,6,3,296,27,283,293,0,1,9,-33.828891,151.004558,54,0,2,1,3,0,0,0,2,2,7,60,2,14295,14295,3,8,41,2,0,0,0,1
1274633,1,2021,2020,10,1,7,3371,17,24,3342,0,1,2,-32.583012,152.128804,43,1,0,0,0,0,0,0,2,0,7,110,2,1957,4009,8,5,40,1,0,0,0,1
1274636,2,2021,2021,1,1,2,1052,14,77,928,0,1,3,-33.516013,151.194647,16,1,2,1,2,0,0,0,1,0,7,100,2,4026,4026,8,10,40,1,0,0,1,0
1274637,1,2021,2021,10,0,7,74,23,49,260,0,1,9,-33.968166,151.153043,4,0,2,1,3,0,0,0,2,0,7,60,2,1391,1391,1,20,13,2,0,0,0,1
1274657,1,2021,2021,7,1,4,133,17,6,121,0,1,1,-35.636704,149.163249,65,1,0,1,1,0,0,0,2,0,7,100,2,3775,3775,0,16,10,3,0,0,0,3
1274658,4,2021,2021,5,2,7,8,27,202,34609,0,1,9,-33.954052,151.033585,15,0,2,1,0,0,0,0,2,0,9,40,0,2040,2040,9,5,28,2,0,1,0,0
1274660,2,2021,2021,1,6,11,31,27,2,34609,0,1,1,-33.547278,147.279313,51,1,0,0,0,0,0,6,0,0,7,100,0,1850,1463,5,10,40,1,0,0,1,0
1274661,2,2021,2021,1,2,3,57,31,77,321,0,1,9,-33.886507,151.202103,69,0,2,1,2,0,0,0,1,2,9,50,2,2040,2040,9,30,28,2,0,0,1,0
1274664,2,2021,2021,5,6,9,2209,17,176,2205,1,0,9,-33.964314,151.137121,4,0,2,1,2,0,0,0,3,2,9,60,2,1669,1669,3,10,12,2,0,0,1,0
1274666,2,2021,2021,1,0,4,1,7,144,34609,0,1,4,-34.055047,151.003493,68,0,2,0,0,0,0,0,2,0,7,50,0,1957,4009,8,16,40,1,0,0,1,0
1274668,2,2021,2021,1,2,7,27,27,102,28,0,1,9,-33.946478,151.189039,4,0,2,1,1,0,0,0,2,2,7,80,2,14295,14295,3,9,10,2,0,0,1,0
1274671,2,2021,2021,1,6,3,2,1,234,34609,1,0,10,-34.279949,146.044087,28,2,1,1,3,0,0,0,1,0,0,50,0,6545,6545,4,0,13,2,0,0,1,0
1274673,1,2021,2021,5,1,9,15,23,646,34609,0,1,9,-33.919441,151.032929,15,0,2,1,2,0,0,0,0,2,7,40,0,1981,1981,4,5,13,2,0,0,0,1
1274674,2,2021,2021,5,2,6,5,27,3,34609,0,1,1,-32.990424,151.584564,37,0,2,1,1,0,3,3,2,0,7,60,0,1669,1669,3,10,5,2,0,0,1,0
1274676,2,2021,2021,1,5,4,7,31,438,34609,0,1,7,-33.85643,151.028961,21,0,2,1,1,0,3,2,2,0,0,60,0,5929,5929,1,15,12,2,0,0,1,0
1274677,2,2021,2021,1,0,8,3371,17,19,3342,0,1,2,-28.279977,153.519677,72,1,0,0,2,0,0,0,3,0,7,110,2,14295,14295,3,5,0,2,0,0,1,1
1274678,2,2021,2021,5,4,8,5,27,4,56,0,1,9,-33.704089,147.071994,51,1,0,1,0,0,0,0,3,0,0,100,1,489,489,8,0,40,1,0,0,1,0
1274681,2,2021,2021,5,4,8,191,27,370,68,0,1,1,-34.058405,150.815482,13,0,2,1,1,0,0,0,3,0,7,60,1,1945,1945,5,16,40,1,0,0,1,0
1274683,2,2021,2021,5,4,3,3371,17,58,3342,0,1,9,-32.791403,151.724626,57,2,1,1,1,0,0,0,1,2,7,80,2,14295,14295,3,5,5,2,0,0,1,0
1274685,2,2021,2021,1,3,5,13,27,278,24,0,1,7,-33.763564,151.04221,54,0,2,1,0,0,0,0,2,0,0,50,1,6545,6545,4,5,19,3,0,0,1,0
1274686,1,2021,2021,10,3,10,13,27,438,34609,0,1,10,-33.86071,151.025818,21,0,2,1,2,0,3,4,0,0,15,50,0,6545,6545,4,33,5,2,0,0,0,2
1274687,2,2021,2021,1,2,6,77,10,43,331,0,1,1,-34.129762,150.688259,79,2,2,0,3,0,0,0,2,0,7,80,1,1669,1669,3,9,0,2,0,0,2,0
1274689,4,2021,2021,1,0,1,866,17,314,793,0,1,2,-33.8563,150.937051,24,0,2,0,2,0,0,0,0,0,7,70,2,2585,4009,8,5,40,3,0,1,1,0
1274693,4,2021,2021,5,4,7,15,1,363,16,0,1,9,-33.747345,150.709787,55,0,2,1,1,0,0,0,2,0,0,50,1,2852,2852,4,5,19,2,0,1,0,0
1274697,4,2021,2021,11,1,3,8,27,110,20,0,1,2,-33.765106,151.008931,71,0,2,1,1,0,0,0,2,0,7,60,1,4026,4026,8,9,40,1,0,1,0,0
1274699,1,2021,2021,5,2,10,481,17,14,483,0,1,9,-30.603987,149.581322,51,1,0,1,0,0,3,4,0,0,7,110,2,9859,9859,8,26,40,1,0,0,0,1
1274700,2,2021,2021,5,0,8,41,27,293,91,0,1,7,-33.952765,151.245822,59,0,2,1,0,0,3,4,3,0,0,50,1,1850,777,5,15,40,1,0,0,1,0
1274701,2,2021,2021,10,4,8,65,27,202,563,0,1,2,-33.940856,151.035559,15,0,2,1,3,0,3,4,2,2,9,70,2,1391,1391,1,8,5,2,0,0,1,0
1274702,2,2021,2021,1,6,7,1,31,109,34609,0,1,1,-33.902193,151.141995,32,0,2,1,0,0,0,0,2,0,7,50,0,9859,9859,1,5,5,3,0,0,1,0
1274704,1,2021,2021,11,0,7,2126,17,161,2149,0,1,9,-33.888182,151.157613,32,0,2,1,3,0,0,0,2,2,7,60,2,5929,5929,1,30,5,2,0,0,0,1
1274708,2,2021,2021,10,1,3,515,14,294,518,0,1,3,-33.940749,150.933335,41,0,2,1,3,0,3,4,2,0,7,100,2,14295,14295,3,5,13,7,0,0,2,0
1274717,4,2021,2021,11,0,5,481,17,20,483,0,1,1,-30.909723,149.436339,51,1,0,1,0,0,0,0,2,0,7,110,2,4026,4026,8,29,40,1,0,1,0,0
1274719,2,2021,2021,10,1,3,512,17,433,441,0,1,10,-33.287815,149.1077,52,2,1,1,1,0,0,0,2,0,7,50,2,4026,4026,8,22,40,1,0,0,1,0
1274721,1,2021,2021,8,4,9,296,27,283,293,0,1,9,-33.828865,151.004454,21,0,2,1,2,0,3,4,0,2,7,60,2,5929,5929,1,5,0,2,0,0,0,3
1274723,2,2021,2021,10,5,5,2126,17,139,2149,0,1,2,-33.884555,151.135395,32,0,2,1,1,0,0,0,2,0,7,60,2,1945,1945,5,16,40,1,0,0,1,0
1274724,1,2021,2021,11,5,5,2,27,7,34609,0,1,1,-34.899093,149.447452,74,2,1,0,0,0,0,0,2,0,7,80,0,418,714,5,16,40,1,0,0,0,1
1274725,1,2021,2021,10,3,8,330,27,53,605,0,1,2,-33.729274,151.300097,50,0,2,1,1,0,0,0,2,0,7,60,2,387,387,1,22,0,2,0,0,0,1
1274726,1,2021,2021,10,3,7,2126,17,363,2149,0,1,2,-33.756735,150.71153,55,0,2,1,1,0,0,0,2,0,7,60,2,1282,1282,1,33,27,2,0,0,0,1
1274729,1,2021,2021,11,4,7,283,27,145,702,0,1,10,-33.917551,151.065059,15,0,2,1,0,0,0,0,2,2,7,60,2,312,312,2,0,40,1,0,0,0,1
1274732,4,2021,2021,10,5,8,348,17,31,232,0,1,1,-31.111687,148.401148,51,1,0,1,0,0,0,0,2,0,7,110,2,9859,9859,8,10,40,1,0,1,0,0
1274733,4,2021,2021,10,2,6,916,17,194,917,0,1,1,-30.504026,151.641063,1,1,0,0,0,0,0,3,2,0,7,100,2,1850,1463,5,5,40,1,0,1,0,0
1274737,2,2021,2021,10,0,7,348,17,5,232,0,1,9,-32.668327,149.67981,44,1,0,0,0,0,3,4,2,0,7,100,2,4552,5151,8,0,40,1,0,0,2,0
1274738,4,2021,2021,10,6,7,2209,17,61,2205,0,1,1,-35.95652,150.100965,23,1,0,1,0,0,0,0,2,0,7,100,2,9859,9859,8,5,40,1,0,1,0,0
1274739,1,2021,2021,11,2,3,1104,14,142,962,0,1,6,-33.827458,151.003724,54,0,2,1,1,0,0,0,2,0,7,90,2,14295,14295,3,5,5,3,0,0,0,1
1274741,4,2021,2021,10,6,5,2,31,113,34609,0,1,1,-29.474243,149.852261,51,2,1,1,0,0,0,0,2,0,7,50,0,4026,4026,1,10,5,2,0,1,0,0
1274743,2,2021,2021,10,4,6,11,27,104,34,0,1,1,-33.84012,151.214417,49,0,2,0,0,0,0,0,2,0,7,50,1,1850,1463,5,16,40,1,0,0,1,0
1274746,4,2021,2021,11,6,8,35,27,4,34609,0,1,9,-34.075369,150.538958,79,2,2,1,1,0,0,0,3,0,7,80,0,5929,5929,1,10,19,2,0,1,0,0
1274747,2,2021,2021,10,0,4,8,27,37,34609,0,1,9,-33.023897,151.661854,37,0,2,1,0,0,3,0,2,0,7,60,0,5929,5929,1,30,5,2,0,0,3,0
1274749,2,2021,2021,11,4,4,4,27,3,34609,0,1,1,-31.93804,152.01895,43,1,0,0,0,0,0,0,2,0,7,90,0,4552,5151,8,10,40,1,0,0,1,0
1274750,4,2021,2021,11,2,5,2,31,129,34609,0,1,10,-33.93176,151.082383,15,0,2,1,0,0,0,0,2,0,7,50,0,9859,9859,8,5,40,1,0,1,0,0
1274752,2,2021,2021,10,3,1,1104,14,104,962,0,1,3,-33.833407,151.024839,54,0,2,1,2,0,0,0,0,0,7,90,2,404,404,8,5,40,1,0,0,1,0
1274753,2,2021,2021,10,2,4,13,27,11,13,0,1,1,-29.36524,153.301635,18,1,0,0,0,0,0,0,2,0,7,100,1,2585,4009,8,10,40,1,0,0,1,1
1274754,1,2021,2021,11,4,9,31,27,85,41,0,1,10,-33.720043,151.142797,36,0,2,1,2,0,0,0,0,2,7,60,1,5929,5929,1,5,5,2,0,0,0,1
1274755,1,2021,2021,6,5,9,168,10,100,260,0,1,2,-33.953935,151.159509,4,0,2,1,2,0,3,4,0,0,7,60,2,186,186,1,5,19,2,0,0,0,1
1274756,2,2021,2021,6,0,7,9,27,35,34609,0,1,1,-30.468286,152.871797,6,2,1,0,0,0,0,0,2,0,7,80,0,380,714,5,0,40,1,0,0,1,0
1274765,4,2021,2021,10,1,9,11,18,150,34609,0,1,1,-33.923778,151.226863,59,0,2,1,1,0,3,4,3,0,7,50,0,1981,1981,4,5,18,2,0,1,0,0
1274766,1,2021,2021,6,3,5,51,31,149,34609,0,1,10,-33.993996,151.131808,4,0,2,1,0,0,0,0,2,0,0,50,0,2040,2040,9,10,28,2,0,0,0,1
1274768,1,2021,2021,1,1,8,3,10,129,34609,0,1,1,-33.936478,151.071228,15,0,2,1,0,0,0,0,3,0,7,50,0,1669,1669,3,10,5,2,0,0,0,1
1274771,2,2021,2021,10,1,6,3371,17,77,3342,0,1,2,-33.031283,151.660886,37,0,2,1,1,0,0,0,2,0,7,60,2,1981,1981,4,0,27,2,0,0,1,0
1274774,4,2021,2021,10,2,8,56,27,443,44,0,1,1,-33.91247,151.056405,15,0,2,1,2,0,3,4,2,0,7,60,1,2040,2040,9,5,28,2,0,1,0,0
1274775,2,2021,2021,1,0,3,4,27,5,34609,0,1,1,-33.383273,149.12816,52,2,1,0,0,0,0,0,2,0,7,80,0,2585,4009,8,0,40,1,0,0,1,0
1274780,1,2021,2021,10,6,10,10,27,10,10,0,1,1,-34.482166,148.599304,30,1,0,1,0,0,0,0,0,0,7,100,1,1089,1089,7,16,40,1,0,0,0,1
1274781,1,2021,2021,10,4,3,73,24,115,88,0,1,1,-33.742886,151.238859,50,0,2,1,0,0,0,0,2,0,7,80,2,14295,14295,3,30,0,3,0,0,0,1
1274782,4,2021,2021,1,4,5,9,1,443,34609,0,1,9,-33.894638,151.057114,15,0,2,1,3,0,0,0,2,0,0,50,0,2852,2852,4,5,5,2,0,1,0,0
1274786,2,2021,2021,5,2,2,5,23,21,34609,0,1,1,-34.540142,150.865715,62,0,2,1,1,0,3,4,1,0,7,50,0,9859,9859,1,0,5,5,0,0,1,0
1274787,4,2021,2021,11,0,7,13,31,128,34609,0,1,1,-33.425781,151.333943,16,2,2,1,0,0,0,0,2,0,7,50,0,4026,4026,8,5,40,1,0,1,0,0
1274789,4,2021,2021,11,0,10,28,3,9,117,0,1,2,-32.953141,151.68243,37,0,2,1,2,0,0,0,3,0,7,90,2,1282,1282,1,5,5,2,0,1,0,0
1274790,4,2021,2021,11,2,9,1,31,12,34609,0,1,9,-33.801883,151.266371,50,0,2,1,1,0,0,6,0,0,7,50,0,1957,777,1,15,0,2,0,1,0,0
1274791,1,2021,2021,10,2,4,22,10,30,34609,0,1,1,-33.862258,151.146104,14,0,2,1,1,0,0,0,2,0,7,50,0,1945,1945,5,22,40,1,0,0,0,1
1274792,4,2021,2021,11,6,5,111,27,102,233,0,1,10,-33.960354,151.231271,59,0,2,1,1,0,0,0,2,2,9,60,2,9859,9859,8,5,40,1,0,1,0,0