Crash ID,Degree of crash - detailed,Reporting year,Year of crash,Month of crash,Day of week of crash,Two-hour intervals,Street of crash,Street type,Town,Route no.,School zone location,School zone active,Type of location,Latitude,Longitude,LGA,Urbanisation,Conurbation 1,Alignment,Street lighting,Road surface,Surface condition,Weather,Natural lighting,Signals operation,Other traffic control,Speed limit,Road classification,RUM - code,DCA - code,First impact type,Key TU type,Other TU type,No. of traffic units involved,No. killed,No. seriously injured,No. moderately injured,No. minor-other injured
1274793,1,2021,2021,10,2,5,330,27,31,102,0,1,2,-33.781477,151.278126,50,0,2,1,0,0,0,0,2,0,7,60,2,186,186,9,22,28,2,0,0,0,1
1274796,2,2021,2021,10,1,11,2261,17,112,2252,0,1,9,-33.914166,150.928513,41,0,2,1,3,0,0,0,0,2,7,70,2,1945,1945,5,16,40,1,0,0,1,0
1274797,2,2021,2021,1,5,6,2126,17,75,2149,0,1,9,-33.711265,150.361893,8,2,2,0,2,0,3,4,2,0,0,80,2,775,775,4,0,5,2,0,0,2,0
1274803,1,2021,2021,10,3,6,330,27,108,605,0,1,9,-33.760981,151.277067,50,0,2,0,3,0,0,0,2,0,15,60,2,5929,5929,1,0,19,2,0,0,0,1
1274810,1,2021,2021,11,4,7,106,27,55,106,0,1,9,-33.926559,150.898651,41,0,2,1,3,0,0,0,2,2,7,70,2,775,775,4,5,0,2,0,0,0,1
1274811,2,2021,2021,10,4,8,25,27,67,34609,0,1,10,-33.638991,150.904403,71,0,2,1,3,0,0,3,3,0,15,50,0,6545,6545,4,5,12,3,0,0,1,0
1274813,4,2021,2021,11,2,8,78,27,31,61,1,0,1,-33.896063,151.021173,15,0,2,1,0,0,0,3,2,0,7,60,1,5929,5929,1,5,5,2,0,1,0,0
1274820,4,2021,2021,10,1,5,9,27,36,34609,0,1,1,-33.905332,148.172869,51,2,1,0,0,2,0,6,2,0,7,50,0,3775,3775,0,5,19,2,0,1,0,0
1274821,4,2021,2021,11,2,5,18,27,251,13,1,0,9,-33.783372,150.941082,7,0,2,1,1,0,0,0,2,0,0,60,1,489,489,8,5,40,1,0,1,0,0
1274822,2,2021,2021,10,0,5,10,31,44,34609,0,1,1,-34.561884,150.861306,62,0,2,1,0,0,0,0,2,0,7,50,0,2040,2040,9,5,28,2,0,0,1,0
1274825,2,2021,2021,11,0,9,56,27,323,38,0,1,2,-33.762323,150.992223,71,0,2,1,2,0,0,0,0,0,7,60,1,1220,1220,9,5,28,2,0,0,1,0
1274827,2,2021,2021,11,5,8,26,10,24,26,0,1,9,-36.88605,149.906733,5,2,1,1,1,0,0,0,3,0,7,50,1,1669,1669,3,16,0,2,0,0,1,0
1274828,1,2021,2021,11,6,4,48,31,64,2252,1,2,9,-33.886527,151.070752,67,0,2,1,3,0,0,0,2,0,0,40,2,1109,397,1,5,5,2,0,0,0,1
1274830,2,2021,2021,10,3,8,29,31,123,233,0,1,10,-33.885041,151.218198,69,0,2,1,3,0,0,0,2,2,7,50,2,14295,14295,3,5,5,2,0,0,1,0
1274833,4,2021,2021,10,0,7,213,17,132,213,0,1,10,-29.775047,151.094777,33,2,1,0,1,0,0,0,2,0,15,50,2,5929,5929,1,5,19,2,0,1,0,0
1274834,2,2021,2021,5,1,4,485,27,66,769,0,1,9,-33.704301,150.930286,7,0,2,1,3,0,0,0,2,1,7,80,2,14295,14295,3,33,5,3,0,0,1,0
1274836,1,2021,2021,11,2,8,330,23,293,112,0,1,2,-33.942032,151.23921,59,0,2,1,1,0,0,0,2,0,7,50,2,2040,2040,9,0,28,2,0,0,0,1
1274838,4,2021,2021,5,0,11,3371,17,63,3342,0,1,1,-33.255892,151.486886,16,2,2,1,0,0,0,0,0,0,7,70,2,214,214,9,5,28,2,0,1,0,0
1274843,1,2021,2021,10,5,4,294,17,215,288,0,1,10,-35.118902,147.368827,75,2,1,1,3,0,0,0,2,2,7,60,2,515,515,1,5,0,2,0,0,0,1
1274844,2,2021,2021,10,4,6,191,17,562,189,0,1,1,-32.24425,148.615005,22,2,1,1,1,0,0,0,2,0,7,60,2,1282,1282,1,5,19,2,0,0,1,0
1274845,4,2021,2021,10,3,8,95,31,370,15,0,1,1,-34.063146,150.817469,13,0,2,1,1,0,0,0,2,0,7,60,1,9859,9859,8,30,40,1,0,1,0,0
1274846,4,2021,2021,10,0,8,1,27,17,34609,0,1,1,-35.551362,150.333534,63,2,1,0,0,2,0,0,2,0,7,50,0,1850,1463,5,16,40,1,0,1,0,0
1274856,1,2021,2021,11,0,4,37,31,273,87,0,1,10,-34.422382,150.900537,80,0,2,1,3,0,0,0,2,1,7,60,2,14295,14295,3,5,5,2,0,0,0,1
1274861,1,2021,2021,10,6,9,4,31,70,34609,0,1,1,-33.97638,151.106171,25,0,2,1,3,0,0,0,3,0,7,50,0,1981,1981,4,5,5,2,0,0,0,1
1274864,2,2021,2021,6,6,5,346,17,16,332,0,1,1,-28.927045,152.334412,51,1,0,0,3,0,3,4,2,0,7,100,2,52,52,6,10,40,1,0,0,1,0
1274875,2,2021,2021,5,2,9,39,31,25,34609,0,1,1,-32.893751,151.694115,48,0,2,1,0,0,0,0,0,0,7,50,0,9859,9859,1,5,5,2,0,0,1,0
1274879,2,2021,2021,11,4,6,37,23,443,78,0,1,9,-33.908826,151.070588,15,0,2,1,0,0,0,3,2,0,7,60,2,926,926,4,5,19,2,0,0,1,0
1274883,1,2021,2021,10,4,7,48,31,35,42,0,1,1,-31.079797,152.835636,34,2,1,1,3,0,0,0,2,0,7,50,1,1109,397,1,5,5,2,0,0,0,1
1274885,1,2021,2021,10,0,3,485,27,232,769,0,1,10,-33.684133,150.916724,7,0,2,0,3,0,0,0,2,2,7,60,2,14295,14295,3,5,5,2,0,0,0,1
1274893,2,2021,2021,11,0,8,4,25,41,34609,0,1,9,-34.112026,150.801684,13,0,2,1,1,0,0,0,2,0,7,60,0,1945,1945,5,16,40,1,0,0,1,0
1274897,1,2021,2021,11,4,5,72,27,523,34609,0,1,1,-33.914434,150.913134,41,0,2,1,3,0,0,0,2,0,7,50,0,14295,14295,3,0,5,2,0,0,0,1
1274899,1,2021,2021,10,2,8,25,31,445,103,0,1,10,-33.864002,151.034607,21,0,2,1,3,0,0,0,2,0,15,50,1,14295,14295,3,5,0,3,0,0,0,1
1274900,2,2021,2021,10,6,4,280,10,314,82,0,1,10,-33.850836,150.922233,24,0,2,1,3,0,3,4,2,2,7,60,1,6545,6545,4,5,5,2,0,0,1,0
1274904,2,2021,2021,6,5,8,83,27,169,147,0,1,1,-28.65782,153.616064,10,2,1,1,0,0,0,3,2,0,7,50,1,14295,14295,3,10,0,2,0,0,1,0
1274905,1,2021,2021,11,1,8,163,27,24,165,0,1,2,-33.73553,150.836452,7,0,2,1,0,0,0,0,2,0,7,60,1,238,238,9,5,28,2,0,0,0,1
1274906,2,2021,2021,11,6,3,344,27,363,369,0,1,9,-33.742358,150.715741,55,0,2,1,1,0,0,0,2,2,7,70,2,14295,14295,3,10,36,2,0,0,1,1
1274908,2,2021,2021,11,4,7,12,27,58,34609,0,1,9,-32.985573,151.670627,37,0,2,1,3,0,0,0,2,0,15,60,0,2852,2852,4,5,5,2,0,0,1,0
1274913,4,2021,2021,1,3,7,2209,17,11,2205,0,1,1,-36.274896,150.127384,23,1,0,1,0,0,2,6,2,0,7,100,2,945,945,5,10,40,1,0,1,0,0
1274921,4,2021,2021,10,3,7,9,27,8,228,0,1,1,-33.362482,150.956228,29,2,2,0,0,0,0,0,2,0,7,80,1,2585,4009,8,16,40,1,0,1,0,0
1274923,4,2021,2021,1,3,6,18,31,13,34609,0,1,1,-33.872741,151.224942,69,0,2,1,1,0,0,0,2,0,7,50,0,9859,9859,8,5,40,1,0,1,0,0
1274927,1,2021,2021,11,1,8,100,27,127,799,0,1,10,-33.896585,151.152514,32,0,2,1,3,0,0,0,2,2,7,60,2,14295,14295,3,5,12,3,0,0,0,1
1274928,2,2021,2021,10,4,9,92,23,71,34609,0,1,9,-33.268063,151.540182,16,2,2,0,3,0,0,0,3,0,0,50,0,5929,5929,1,5,5,2,0,0,1,0
1274930,1,2021,2021,10,5,6,12,31,143,34609,0,1,1,-33.87401,151.105458,9,0,2,1,3,0,0,0,2,0,7,40,0,14295,14295,3,5,0,2,0,0,0,1
1274931,4,2021,2021,10,3,5,1,10,110,34609,0,1,1,-33.740656,151.026829,71,0,2,0,3,0,0,0,2,0,7,50,0,175,188,8,30,40,1,0,1,0,0
1274932,1,2021,2021,0,2,6,2261,17,44,2252,0,1,10,-33.902553,150.944012,24,0,2,1,3,0,0,0,2,0,0,70,2,14295,14295,3,0,5,2,0,0,0,1
1274934,1,2021,2021,11,4,8,22,31,165,78,0,1,1,-33.851519,151.153342,14,0,2,1,3,0,0,0,3,0,7,50,2,14295,14295,3,5,0,2,0,0,0,1
1274943,4,2021,2021,10,0,8,24,31,70,24,0,1,1,-33.435503,151.351077,16,2,2,1,1,0,0,3,3,0,7,60,1,1220,1220,9,30,28,2,0,1,0,0
1274944,1,2021,2021,10,4,8,11,27,87,34609,0,1,10,-33.68523,150.952559,71,0,2,1,3,0,0,0,2,0,0,60,0,623,623,3,0,0,2,0,0,0,1
1274947,1,2021,2021,11,5,8,73,27,443,78,0,1,10,-33.906142,151.052536,15,0,2,1,3,0,0,0,2,2,7,60,2,14295,14295,3,0,5,2,0,0,0,1
1274949,4,2021,2021,1,5,2,111,27,7,233,0,1,10,-33.982255,151.236181,59,0,2,1,2,0,0,0,1,0,0,60,1,2852,2852,4,5,19,2,0,1,0,0
1274953,4,2021,2021,10,2,6,330,27,108,605,0,1,9,-33.761264,151.274896,50,0,2,1,1,0,0,0,2,2,7,60,2,5929,5929,1,5,13,2,0,1,0,0
1274962,4,2021,2021,10,6,11,2209,17,29,2205,0,1,1,-36.982412,149.893091,5,1,0,0,0,0,3,4,0,0,7,100,2,782,957,5,3,40,1,0,1,0,0
1274965,1,2021,2021,10,6,4,103,27,94,563,0,1,2,-33.827699,151.050598,54,0,2,1,3,0,3,4,2,0,7,70,2,204,204,1,0,5,2,0,0,0,1
1274967,1,2021,2021,11,5,7,177,22,239,176,0,1,10,-34.045617,151.132911,68,0,2,1,3,0,3,4,2,2,9,70,2,14295,14295,3,9,36,2,0,0,0,1
1274973,4,2021,2021,1,4,9,8,27,4,34609,0,1,1,-31.910527,152.407071,43,2,1,0,0,0,0,0,0,0,7,80,0,1957,4009,8,5,40,1,0,1,0,0
1274980,1,2021,2021,4,3,7,2209,17,23,2205,0,1,1,-35.669906,150.219609,23,1,0,1,0,0,0,0,2,0,7,100,2,1669,1669,3,0,13,2,0,0,0,2
1274981,2,2021,2021,11,4,5,3,10,463,34609,0,1,9,-30.283384,153.103088,19,2,1,1,1,0,0,0,2,0,0,50,0,775,775,4,8,5,2,0,0,1,0
1274982,1,2021,2021,6,1,7,30,31,225,34609,0,1,1,-33.796929,151.184881,77,0,2,1,1,0,0,0,2,0,7,40,0,1220,1220,9,0,28,2,0,0,0,1
1274983,2,2021,2021,11,4,6,346,17,44,332,0,1,1,-28.823969,153.412682,2,2,1,1,1,0,0,0,2,0,7,80,2,3775,3775,0,5,5,2,0,0,4,0
1274986,4,2021,2021,10,1,7,35,34,58,34609,0,1,1,-32.973214,151.670792,37,0,2,1,0,2,0,0,2,0,7,70,0,3775,3775,0,16,19,2,0,1,0,1
1274987,4,2021,2021,10,6,3,109,27,18,174,0,1,9,-32.989702,151.521852,37,0,2,1,1,0,3,4,2,0,15,80,2,2852,2852,4,10,0,2,0,1,1,0
1274992,4,2021,2021,10,6,7,500,27,129,799,0,1,1,-33.927636,151.079394,15,0,2,1,1,0,3,4,2,0,7,60,2,14295,14295,3,16,36,2,0,1,0,0
1274993,4,2021,2021,1,0,9,41,27,102,91,0,1,10,-33.955049,151.233323,59,0,2,1,2,0,0,0,0,0,15,50,1,1945,1945,5,16,40,3,0,1,0,0
1274994,2,2021,2021,10,0,9,387,27,290,331,0,1,9,-33.943255,151.129989,4,0,2,1,2,0,3,4,0,0,7,60,2,14295,14295,3,9,0,3,0,0,1,0
1274996,2,2021,2021,10,1,1,34,27,15,8,0,1,1,-35.710103,146.881339,27,1,0,1,0,0,0,0,0,0,7,100,1,475,475,5,5,40,1,0,0,1,0
1274999,1,2021,2021,8,0,4,37,1,198,29,0,1,10,-33.904825,151.099697,15,0,2,1,1,0,0,0,2,2,7,50,1,5929,5929,1,5,5,2,0,0,0,2
1275000,2,2021,2021,10,2,9,2209,17,18,2205,0,1,1,-35.69417,150.188298,23,1,0,0,0,0,0,0,3,0,7,100,2,273,957,5,5,40,1,0,0,1,0
1275001,2,2021,2021,10,2,5,225,17,50,180,0,1,9,-34.565772,150.662402,62,0,2,0,0,0,0,0,2,0,15,60,2,5929,5929,1,0,19,3,0,0,1,0
1275002,4,2021,2021,11,0,3,330,27,18,26,0,1,1,-33.654345,151.289959,50,0,2,0,1,0,0,0,2,0,7,50,1,323,323,1,22,13,2,0,1,0,0
1275005,4,2021,2021,11,4,5,6,10,43,34609,0,1,1,-30.45112,153.008504,6,2,1,1,0,0,0,0,2,0,7,50,0,14295,14295,3,10,27,3,0,2,0,0
1275014,1,2021,2021,1,0,9,123,23,13,34609,0,1,7,-33.771974,151.292896,50,0,2,1,2,0,0,0,0,0,0,50,0,2852,2852,4,30,27,2,0,0,0,1
1275018,2,2021,2021,10,2,8,22,31,24,26,0,1,1,-35.985421,146.009251,51,2,1,1,1,0,0,0,2,0,7,50,2,340,340,9,5,26,2,0,0,1,1
1275019,4,2021,2021,11,6,5,16,27,17,34609,0,1,1,-33.911962,151.257312,59,0,2,1,2,0,0,0,2,0,7,50,0,9859,9859,1,22,0,2,0,1,0,0
1275021,4,2021,2021,1,0,8,115,27,96,173,0,1,2,-34.233789,150.675923,79,2,2,1,2,0,0,0,3,0,7,80,2,14295,14295,3,10,5,4,0,1,1,0
1275022,1,2021,2021,11,6,3,13,27,56,34609,1,0,1,-35.134036,147.389243,75,2,1,1,3,0,3,4,4,0,7,70,0,14295,14295,3,21,5,3,0,0,0,1
1275025,2,2021,2021,10,6,9,11,27,16,34609,0,1,1,-34.258039,146.030414,28,2,1,1,0,0,0,0,2,0,7,80,0,9859,9859,8,5,40,1,0,0,1,0
1275030,2,2021,2021,10,6,5,92,31,26,6,0,1,10,-33.486594,145.529494,51,2,1,1,0,0,0,0,2,0,0,50,1,1850,777,5,16,40,1,0,0,1,0
1275033,1,2021,2021,11,2,6,2261,17,68,2252,0,1,2,-34.770435,148.794324,82,1,0,1,0,0,0,0,2,0,7,110,2,1383,1383,1,0,2,2,0,0,0,1
1275036,1,2021,2021,10,5,4,12,27,85,34609,0,1,2,-33.902096,150.872362,41,0,2,1,0,0,0,0,2,0,7,50,0,9859,9859,1,5,5,2,0,0,0,1
1275037,2,2021,2021,1,3,4,22,27,173,34609,0,1,10,-33.878057,151.220436,69,0,2,1,1,0,0,0,2,3,7,40,0,1192,1192,1,0,18,2,0,0,1,0
1275041,2,2021,2021,1,5,6,44,1,126,34609,0,1,10,-33.921677,150.814331,41,0,2,1,0,0,0,0,2,0,0,60,0,6545,6545,4,9,5,2,0,0,2,0
1275042,2,2021,2021,1,6,8,330,27,53,605,0,1,2,-33.745063,151.294472,50,0,2,1,1,0,0,0,2,0,7,60,2,1282,1282,1,5,5,2,0,0,1,0
1275045,2,2021,2021,11,6,3,1052,14,118,928,0,1,3,-33.372075,151.307275,16,1,2,1,0,0,0,0,2,0,7,110,2,1282,1282,1,5,13,2,0,0,1,0
1275050,1,2021,2021,10,2,9,85,31,219,34609,0,1,10,-32.902,151.671861,48,0,2,1,2,0,0,0,0,0,15,60,0,6545,6545,4,0,0,2,0,0,0,1
1275052,1,2021,2021,10,4,6,59,27,271,42,0,1,9,-33.958488,151.016632,15,0,2,1,3,0,0,0,2,2,7,60,1,623,623,3,30,5,2,0,0,0,1
1275055,2,2021,2021,10,0,5,2,6,41,34609,0,1,9,-34.099186,150.805439,13,0,2,1,3,0,0,0,2,0,0,60,0,941,941,1,9,5,2,0,0,1,0
1275060,4,2021,2021,11,0,7,35,27,84,49,0,1,2,-31.10155,150.904357,70,2,1,1,0,0,0,0,2,0,7,60,1,4026,4026,8,21,40,1,0,1,0,0
1275067,2,2021,2021,10,0,7,220,27,104,222,0,1,2,-33.722817,150.938771,7,0,2,1,3,0,0,0,2,0,7,80,2,14295,14295,3,0,5,3,0,0,1,0
1275068,1,2021,2021,10,5,6,5,27,108,34609,0,1,10,-33.804812,151.18977,77,0,2,1,3,0,0,0,2,0,15,50,0,6545,6545,4,5,5,2,0,0,0,1
1275069,4,2021,2021,11,0,2,161,17,3,161,0,1,1,-36.662817,149.641469,5,2,1,1,0,0,0,0,1,0,7,60,2,9859,9859,8,5,40,1,0,1,0,0
1275070,4,2021,2021,10,3,3,1,10,48,34609,0,1,1,-36.684359,149.847983,5,2,1,1,3,0,2,6,2,0,7,50,0,475,475,5,16,40,1,0,1,0,0
1275072,4,2021,2021,11,2,0,103,36,24,103,0,1,1,-31.997107,151.985711,43,2,1,1,0,0,0,0,0,0,7,80,1,9859,9859,8,10,40,1,0,1,0,0
1275073,4,2021,2021,11,2,5,27,27,5,39,0,1,1,-31.37792,151.136657,70,1,0,0,0,0,0,0,2,0,7,100,1,782,957,5,5,40,1,0,2,0,0
1275076,2,2021,2021,11,1,7,2126,17,166,2149,0,1,2,-33.418266,149.568483,3,2,1,1,0,0,0,3,2,0,7,60,2,387,387,1,33,5,2,0,0,1,0
1275077,2,2021,2021,11,6,7,4,1,80,34609,0,1,7,-34.544695,146.40738,51,2,1,1,1,0,0,0,2,0,0,50,0,6545,6545,4,0,27,2,0,0,2,0
1275082,2,2021,2021,10,6,3,6,31,463,34609,0,1,10,-30.305844,153.125959,19,2,1,1,1,0,0,0,2,0,0,50,0,6545,6545,4,5,0,2,0,0,1,0
1275084,2,2021,2021,10,2,8,56,10,433,41,0,1,10,-33.28111,149.081767,52,2,1,1,2,0,3,4,3,0,0,50,1,2040,2040,9,33,28,2,0,0,1,0
1275086,4,2021,2021,1,6,7,23,27,179,66,0,1,1,-31.873572,152.416486,43,2,1,0,0,0,0,0,2,0,7,70,1,1957,4009,8,5,40,1,0,1,0,0
1275088,1,2021,2021,10,4,11,90,31,252,165,0,1,10,-33.886195,151.218068,69,0,2,1,2,0,0,0,0,2,7,60,2,6545,6545,4,5,5,2,0,0,0,1
1275089,4,2021,2021,1,6,10,103,36,3,157,0,1,1,-28.522565,152.968241,51,1,0,0,0,0,0,0,0,0,7,100,2,1089,1089,7,10,40,1,0,1,0,0
1275094,2,2021,2021,10,2,9,8,31,460,34609,0,1,7,-33.829099,150.987391,21,0,2,1,1,0,0,0,2,0,0,50,0,591,591,1,22,5,2,0,0,1,0
1275102,2,2021,2021,10,3,0,255,27,35,166,1,0,1,-33.267296,151.550385,16,2,2,1,2,0,0,0,0,0,7,50,2,9859,9859,1,10,5,3,0,0,2,0
1275103,4,2021,2021,1,1,7,296,27,142,293,0,1,6,-33.827726,151.004629,21,0,2,0,1,0,0,0,2,0,9,60,2,14295,14295,3,5,5,2,0,1,0,0
1275107,2,2021,2021,10,4,4,51,31,252,59,0,1,9,-33.885589,151.216715,69,0,2,1,1,0,0,0,2,0,9,40,1,515,515,1,10,27,2,0,0,1,0
1275108,2,2021,2021,11,4,9,18,24,67,34609,0,1,2,-33.712268,150.903249,7,0,2,1,2,0,3,4,0,0,7,60,0,4026,4026,8,5,40,1,0,0,1,0
1275109,4,2021,2021,1,0,9,115,27,90,114,0,1,5,-33.889378,151.256172,81,0,2,1,2,0,3,0,0,2,7,50,2,1220,1220,9,30,28,3,0,1,1,0
1275119,2,2021,2021,11,6,9,30,27,57,52,0,1,9,-33.899801,151.171196,32,0,2,1,2,0,0,0,0,0,0,60,1,2040,2040,9,5,28,2,0,0,1,0
1275120,4,2021,2021,11,5,6,92,31,1,34609,0,1,1,-32.69111,151.649892,57,2,1,1,0,0,0,0,2,0,7,50,0,9859,9859,1,5,0,2,0,1,1,0
1275122,4,2021,2021,11,0,8,361,31,445,59,0,1,1,-33.864836,151.051996,21,0,2,1,0,0,0,0,2,0,7,60,1,3775,3775,0,5,5,2,0,2,1,0
1275126,2,2021,2021,11,4,11,3,10,32,34609,0,1,1,-32.951274,151.704916,48,0,2,0,2,0,0,0,0,0,7,50,0,2585,4009,1,0,0,3,0,0,1,0
1275127,1,2021,2021,8,0,8,2126,17,445,2149,0,1,2,-33.84738,151.046649,21,0,2,1,1,0,0,0,2,0,7,60,2,14295,14295,3,0,5,2,0,0,0,1
1275129,2,2021,2021,5,1,7,2209,17,23,2205,0,1,1,-35.647686,150.239243,23,1,0,1,0,0,0,0,2,0,7,100,2,9859,9859,8,5,40,1,0,0,1,0
1275130,2,2021,2021,1,0,7,31,31,169,34609,0,1,7,-33.896524,151.20969,69,0,2,1,1,0,0,0,2,0,0,40,0,6545,6545,4,5,27,2,0,0,1,0
1275131,2,2021,2021,5,2,0,2,27,44,18,0,1,1,-32.046451,150.848115,73,2,1,0,2,0,0,0,0,0,7,50,1,2585,4009,8,10,40,1,0,0,1,0
1275134,1,2021,2021,10,6,3,2,27,27,34609,0,1,9,-30.199365,153.145139,19,2,1,1,0,0,0,0,2,0,0,60,0,926,926,4,5,27,2,0,0,0,1
1275137,2,2021,2021,5,3,6,2209,17,40,2205,0,1,1,-35.0131,150.580799,63,1,0,1,1,0,0,0,2,0,7,100,2,4026,4026,8,5,40,1,0,0,1,0
1275138,2,2021,2021,5,2,10,45,31,11,34609,0,1,9,-34.673943,148.63349,82,2,1,1,2,0,3,3,0,0,0,50,0,489,489,8,5,40,1,0,0,1,0
1275139,2,2021,2021,1,5,3,12,10,140,34609,1,0,1,-33.787584,150.831733,7,0,2,1,1,0,0,1,1,0,7,50,0,4026,4026,1,5,5,2,0,0,1,0
1275141,4,2021,2021,5,6,8,5,27,87,34609,0,1,1,-33.674365,150.943028,71,0,2,1,1,0,0,0,2,0,7,50,0,3775,3775,0,16,0,2,0,1,0,0
1275142,2,2021,2021,1,6,5,255,27,37,62,0,1,7,-32.808905,151.499573,17,2,1,0,0,0,0,0,2,0,7,70,2,3775,3775,0,5,25,2,0,0,1,0
1275143,4,2021,2021,5,4,6,294,17,18,288,0,1,9,-35.12199,147.318155,75,2,1,1,1,0,0,0,2,0,0,80,2,5929,5929,1,0,5,2,0,1,2,0
1275144,4,2021,2021,1,6,4,1,31,173,34609,0,1,9,-33.712426,151.135692,36,0,2,1,0,0,0,0,2,0,7,50,0,926,926,4,0,19,2,0,1,0,0
1275146,4,2021,2021,1,2,1,1,31,44,34609,0,1,1,-28.865075,153.539084,2,2,1,0,2,0,0,0,0,0,7,60,0,1259,5151,1,5,5,2,0,1,0,1
1275148,4,2021,2021,5,4,10,191,17,562,189,0,1,1,-32.190799,148.770052,22,1,0,0,0,0,0,0,0,0,7,100,2,4552,5151,8,5,40,1,0,1,0,0
1275149,4,2021,2021,1,0,8,1,27,2,34609,0,1,1,-33.607917,151.052875,31,0,2,1,1,0,0,0,2,0,7,70,0,4026,4026,8,30,40,1,0,1,0,0
1275150,2,2021,2021,1,6,3,10,27,87,34609,0,1,9,-34.478211,150.416248,78,2,1,1,1,0,3,2,2,0,15,50,0,9859,9859,1,30,0,3,0,0,1,0
1275151,1,2021,2021,11,4,3,75,10,112,165,0,1,2,-33.911573,151.212873,69,0,2,1,3,0,0,0,1,0,7,80,2,14295,14295,3,9,13,3,0,0,0,2
1275152,2,2021,2021,11,4,6,18,27,136,34609,0,1,1,-32.927852,151.70874,48,0,2,1,3,0,0,0,2,0,7,50,0,220,220,8,0,40,1,0,0,1,0
1275154,4,2021,2021,1,4,10,224,27,246,321,0,1,10,-33.905528,151.202829,69,0,2,1,2,0,0,0,0,2,7,50,2,5929,5929,1,16,5,2,0,1,0,0
1275164,4,2021,2021,11,0,7,38,27,37,47,0,1,9,-34.654542,150.810872,35,2,1,1,0,0,2,6,2,0,0,80,1,2852,2852,4,22,22,2,0,1,0,0
1275167,2,2021,2021,1,5,6,213,31,144,34609,0,1,10,-34.053497,151.003458,68,0,2,1,0,0,0,0,2,0,0,50,0,6545,6545,4,22,5,2,0,0,1,0
1275179,2,2021,2021,10,6,4,866,17,171,793,0,1,10,-33.802838,150.971052,54,0,2,1,3,0,0,0,2,2,7,70,2,14295,14295,3,0,5,2,0,0,1,0
1275181,1,2021,2021,10,2,5,135,17,131,136,0,1,10,-36.084803,146.914896,0,2,1,1,3,0,3,4,2,2,7,60,2,5929,5929,1,5,0,2,0,0,0,1
1275182,2,2021,2021,10,2,8,177,31,77,208,0,1,7,-33.862873,150.94519,24,0,2,1,3,0,3,0,2,0,0,60,1,214,214,9,5,28,2,0,0,1,0
1275186,1,2021,2021,10,2,6,265,10,445,563,0,1,10,-33.865002,151.041814,21,0,2,1,3,0,0,0,2,2,7,70,2,623,623,3,5,5,2,0,0,0,1
1275187,4,2021,2021,10,4,4,2209,17,64,2205,0,1,2,-34.38442,150.900141,80,0,2,1,3,0,0,0,2,0,7,80,2,14295,14295,3,10,36,3,0,1,0,0
1275188,1,2021,2021,10,6,8,205,27,161,415,0,1,2,-33.708372,151.188375,36,0,2,1,3,0,0,0,2,0,7,90,2,14295,14295,3,10,0,2,0,0,0,1
1275197,2,2021,2021,10,4,7,2261,17,59,2252,0,1,3,-33.974297,150.871917,13,0,2,1,3,0,0,0,2,0,7,110,2,14295,14295,3,8,5,4,0,0,1,1
1275200,4,2021,2021,10,5,8,3,1,129,34609,0,1,9,-33.933628,151.066803,15,0,2,1,3,0,0,0,2,0,7,50,0,5929,5929,1,0,5,2,0,1,0,1
1275207,2,2021,2021,10,2,10,2,27,1,34609,0,1,1,-28.531121,153.086319,51,1,0,0,3,2,3,0,0,0,7,100,0,2585,4009,8,10,40,1,0,0,1,0
1275208,1,2021,2021,10,2,8,8,27,33,34609,0,1,1,-33.97066,151.039994,15,0,2,1,3,0,0,0,2,0,7,50,0,3775,3775,0,5,19,2,0,0,0,1
1275213,2,2021,2021,10,6,8,17,27,20,6,0,1,1,-35.468761,147.627602,75,1,0,0,0,0,0,3,3,0,7,100,1,1259,5151,8,8,40,1,0,0,1,0
1275214,2,2021,2021,11,4,7,1,27,8,34609,0,1,1,-30.943631,153.004398,34,1,0,1,0,2,0,0,2,0,7,100,0,4026,4026,8,5,40,1,0,0,1,0
1275216,2,2021,2021,10,1,6,5,27,138,30,0,1,1,-33.872944,151.259897,81,0,2,1,1,0,0,0,2,0,7,50,1,1192,1192,1,22,27,3,0,0,1,0
1275218,4,2021,2021,10,3,6,346,17,3,332,0,1,1,-28.832621,153.264731,39,2,1,1,0,0,0,0,2,0,7,80,2,5929,5929,1,5,5,2,0,1,1,0
1275220,2,2021,2021,1,2,7,3371,17,63,3342,0,1,1,-33.244134,151.495028,16,2,2,1,1,0,0,0,2,0,7,70,2,14295,14295,3,5,5,2,0,0,1,0
1275230,4,2021,2021,1,5,9,28,1,126,34609,0,1,10,-33.932247,150.805817,41,0,2,1,2,0,3,4,0,0,15,60,0,6545,6545,4,21,0,2,0,2,0,0
1275231,2,2021,2021,11,5,4,2,31,460,34609,0,1,9,-33.829803,150.991119,21,0,2,1,0,0,0,0,2,0,7,50,0,9859,9859,8,5,40,1,0,0,1,0
1275234,2,2021,2021,5,4,8,255,27,37,62,0,1,10,-32.805514,151.507439,17,2,1,1,2,0,0,0,3,0,0,60,2,1669,1669,3,5,0,2,0,0,1,0
1275236,1,2021,2021,1,5,6,51,27,26,45,1,0,9,-33.743048,150.814221,7,0,2,1,0,0,0,0,2,0,7,60,1,3775,3775,0,0,5,5,0,0,0,1