Crash ID,Degree of crash - detailed,Reporting year,Year of crash,Month of crash,Day of week of crash,Two-hour intervals,Street of crash,Street type,Town,Route no.,School zone location,School zone active,Type of location,Latitude,Longitude,LGA,Urbanisation,Conurbation 1,Alignment,Street lighting,Road surface,Surface condition,Weather,Natural lighting,Signals operation,Other traffic control,Speed limit,Road classification,RUM - code,DCA - code,First impact type,Key TU type,Other TU type,No. of traffic units involved,No. killed,No. seriously injured,No. moderately injured,No. minor-other injured
1275237,1,2021,2021,10,1,8,95,31,204,34609,0,1,7,-33.903444,151.127022,32,0,2,1,0,0,0,0,2,0,7,50,0,14295,14295,3,9,13,2,0,0,0,1
1275238,2,2021,2021,10,0,6,10,31,44,34609,0,1,10,-32.809674,151.431798,17,2,1,1,1,0,0,0,2,0,7,50,0,96,96,0,0,5,2,0,0,1,0
1275239,2,2021,2021,10,0,4,109,36,10,108,0,1,1,-28.368618,153.41193,72,1,0,0,0,0,3,3,2,0,7,90,1,3775,3775,0,5,5,2,0,0,1,1
1275240,2,2021,2021,10,2,4,22,31,13,34609,0,1,10,-31.654824,152.796777,56,2,1,1,1,0,0,0,2,0,15,50,0,9859,9859,8,5,40,1,0,0,1,0
1275242,1,2021,2021,6,5,8,55,31,218,34609,0,1,9,-33.767787,150.781604,55,0,2,1,2,0,3,6,3,0,7,50,0,4552,985,8,5,40,1,0,0,0,1
1275243,1,2021,2021,10,0,8,500,27,293,799,1,0,9,-33.93177,151.057648,15,0,2,1,1,0,0,0,2,2,7,60,2,14295,14295,3,10,5,2,0,0,0,1
1275245,4,2021,2021,10,3,8,15,27,9,34609,0,1,1,-29.830639,150.895075,33,1,0,0,0,0,0,0,2,0,7,100,0,1850,1463,5,16,40,1,0,1,0,0
1275246,2,2021,2021,10,5,4,97,27,166,799,0,1,2,-33.929578,150.981402,15,0,2,0,0,0,0,0,2,0,7,70,2,1282,1282,1,8,5,3,0,0,1,0
1275250,4,2021,2021,10,5,7,30,27,182,34609,1,2,1,-32.827328,151.36946,17,2,1,1,1,0,3,4,2,0,7,40,0,1945,1945,5,16,40,1,0,1,0,0
1275255,4,2021,2021,10,4,9,31,23,139,187,0,1,9,-33.873375,151.13707,32,0,2,1,2,0,0,0,2,3,7,60,2,1383,1383,1,5,10,2,0,1,0,0
1275256,4,2021,2021,10,4,7,2209,17,49,2205,0,1,1,-33.929462,151.156438,4,0,2,1,1,0,0,0,2,0,7,60,2,101,101,8,15,13,2,0,1,0,0
1275258,1,2021,2021,10,1,6,29,27,106,27,1,0,9,-34.568553,150.800982,62,0,2,1,1,0,0,0,2,0,15,60,2,6545,6545,4,5,5,2,0,0,0,1
1275260,2,2021,2021,11,5,7,29,27,85,27,0,1,1,-34.570634,150.776122,62,0,2,1,1,0,0,0,2,0,7,50,2,2040,2040,9,30,28,2,0,0,1,0
1275261,1,2021,2021,11,3,10,2,1,165,34609,0,1,9,-33.846918,151.149815,14,0,2,0,2,0,0,0,0,0,0,50,0,273,985,5,5,40,1,0,0,0,1
1275269,2,2021,2021,10,2,10,1104,14,247,962,0,1,3,-33.80866,150.934661,21,0,2,1,3,0,0,0,0,0,7,100,2,14295,14295,3,0,5,3,0,0,1,1
1275270,2,2021,2021,1,0,4,168,10,387,260,0,1,2,-33.94583,151.182211,4,0,2,0,0,0,0,0,2,0,7,70,2,14295,14295,3,29,5,4,0,0,1,0
1275271,1,2021,2021,10,2,10,829,27,123,770,0,1,9,-33.812365,151.061534,54,0,2,1,3,0,3,4,0,0,7,70,2,14295,14295,3,5,5,3,0,0,0,1
1275274,2,2021,2021,11,0,5,77,27,25,100,0,1,1,-34.516542,150.402969,78,2,1,1,0,0,0,0,2,0,7,70,2,3775,3775,0,0,12,2,0,0,2,0
1275279,2,2021,2021,10,1,11,3371,17,35,3342,0,1,2,-29.956373,153.13113,18,1,0,0,0,0,0,0,0,0,7,110,2,4552,5151,8,3,40,1,0,0,1,0
1275281,2,2021,2021,10,2,5,28,1,126,34609,0,1,10,-33.932247,150.805817,41,0,2,1,3,0,0,0,2,0,15,60,0,6545,6545,4,0,5,2,0,0,1,1
1275285,2,2021,2021,1,4,10,123,27,316,120,0,1,1,-33.906487,151.252279,59,0,2,1,2,0,0,0,0,0,7,50,2,515,515,1,0,19,2,0,0,1,0
1275286,4,2021,2021,10,1,8,169,31,4,42,0,1,1,-31.058209,152.796977,34,2,1,1,0,0,0,0,2,0,7,60,1,4026,4026,8,0,40,1,0,1,0,0
1275287,4,2021,2021,11,0,7,7,27,4,34609,0,1,1,-34.826935,150.724362,63,2,1,0,0,0,0,0,2,0,7,80,0,2585,4009,8,5,40,1,0,1,0,0
1275289,1,2021,2021,1,5,8,65,27,646,563,0,1,9,-33.925093,151.038131,15,0,2,0,3,0,0,0,2,2,15,70,2,1383,1383,1,8,5,2,0,0,0,1
1275290,2,2021,2021,10,1,3,9,27,4,34609,0,1,1,-31.946435,152.56318,43,2,1,0,3,0,0,0,2,0,7,70,0,1957,4009,8,30,40,1,0,0,1,0
1275294,1,2021,2021,10,3,9,37,1,126,34609,1,0,10,-33.94656,150.802948,41,0,2,1,3,0,0,0,3,0,15,60,0,6545,6545,4,0,0,2,0,0,0,1
1275296,1,2021,2021,10,0,9,19,27,16,54,0,1,9,-34.020567,151.050145,68,0,2,0,3,0,3,4,2,0,7,50,2,217,217,1,5,5,2,0,0,0,1
1275297,2,2021,2021,10,6,7,6,31,90,34609,0,1,1,-33.717933,150.312348,8,2,2,1,3,0,2,6,2,0,7,50,0,4026,4026,1,5,0,2,0,0,2,0
1275299,2,2021,2021,11,5,5,9,1,77,34609,0,1,7,-33.723883,151.078675,31,0,2,1,3,0,0,0,2,0,7,50,0,387,387,1,22,12,2,0,0,1,0
1275302,2,2021,2021,10,5,5,6,31,107,34609,0,1,1,-29.683759,152.941237,18,2,1,1,3,0,0,0,2,0,7,50,0,14295,14295,3,5,0,2,0,0,1,0
1275307,4,2021,2021,10,2,3,3,2,18,34609,0,1,9,-33.725004,151.293744,50,0,2,1,0,0,0,0,1,0,7,50,0,1945,1945,5,17,40,1,0,1,0,0
1275312,1,2021,2021,10,3,9,2126,17,323,2149,0,1,2,-33.788601,150.853787,7,0,2,1,2,0,0,0,0,0,7,80,2,1383,1383,1,5,5,3,0,0,0,2
1275313,4,2021,2021,11,1,8,78,27,147,78,0,1,9,-33.866571,151.13012,14,0,2,1,1,0,0,0,2,0,7,50,2,14295,14295,3,16,5,2,0,1,0,0
1275314,4,2021,2021,10,4,4,13,31,39,83,0,1,7,-29.436817,153.358164,18,2,1,1,1,0,0,0,2,0,0,50,1,6545,6545,4,10,27,2,0,1,0,0
1275318,4,2021,2021,10,1,8,2,31,119,34609,0,1,1,-32.762563,151.755972,57,2,1,0,1,0,0,0,3,0,7,50,0,238,238,9,5,28,2,0,1,1,0
1275320,2,2021,2021,11,6,4,2126,17,283,2149,0,1,9,-33.831812,151.014954,54,0,2,1,1,0,3,4,2,0,0,60,2,2852,2852,4,5,5,3,0,0,1,0
1275325,4,2021,2021,10,5,4,125,27,22,144,0,1,1,-32.862614,151.794425,57,2,1,0,1,0,0,0,2,0,7,70,2,14295,14295,3,0,5,5,0,1,2,1
1275328,2,2021,2021,10,6,7,500,27,129,799,0,1,1,-33.930575,151.067004,15,0,2,1,0,0,0,0,2,0,7,60,2,1282,1282,1,5,0,2,0,0,1,0
1275329,4,2021,2021,1,0,6,82,27,84,181,0,1,1,-33.895272,151.271517,76,0,2,1,1,0,0,0,2,0,7,50,2,1945,1945,5,22,40,1,0,1,0,0
1275333,2,2021,2021,11,3,11,515,14,252,518,0,1,3,-33.951822,150.879561,41,0,2,0,2,0,0,0,0,0,7,100,2,1957,4009,8,10,40,1,0,0,1,0
1275336,2,2021,2021,10,2,5,41,31,137,34609,0,1,10,-32.969888,151.702171,37,0,2,1,1,0,0,0,2,0,15,50,0,6545,6545,4,0,13,2,0,0,1,0
1275347,1,2021,2021,10,0,7,387,27,210,34609,0,1,9,-34.042535,151.089943,68,0,2,1,0,0,0,0,2,0,7,50,0,6545,6545,4,22,25,2,0,0,0,1
1275354,2,2021,2021,10,2,5,2126,17,14,2149,0,1,9,-33.721418,150.600224,8,2,2,1,1,0,0,0,2,0,7,80,2,101,101,8,16,40,2,0,0,1,0
1275355,4,2021,2021,10,4,2,2261,17,30,2252,0,1,2,-35.586937,147.527341,27,1,0,1,0,0,0,3,0,0,7,110,2,204,204,1,3,2,3,0,2,1,0
1275356,1,2021,2021,10,6,7,85,27,72,145,0,1,9,-33.799075,151.053967,54,0,2,1,0,0,0,0,2,0,0,70,2,5929,5929,1,5,0,2,0,0,0,1
1275359,2,2021,2021,10,0,9,2126,17,125,2149,0,1,1,-33.862736,151.079442,67,0,2,1,2,0,0,0,0,0,7,60,2,1282,1282,1,8,5,2,0,0,1,0
1275363,2,2021,2021,5,4,4,6,27,3,34609,0,1,1,-33.935406,149.841999,51,1,0,1,0,0,0,0,2,0,7,100,0,14295,14295,3,10,13,2,0,0,1,0
1275365,1,2021,2021,6,0,3,48,27,6,62,0,1,1,-35.690525,148.041772,66,1,0,1,0,0,3,1,1,0,7,100,2,9859,9859,8,0,40,1,0,0,0,1
1275366,2,2021,2021,10,2,6,14,27,115,34609,0,1,10,-33.748738,151.226523,50,0,2,1,1,0,0,0,2,2,7,50,0,5929,5929,1,5,27,2,0,0,1,0
1275372,1,2021,2021,11,4,7,294,17,10,288,0,1,1,-34.183282,142.173436,51,2,1,1,1,0,0,0,2,0,7,60,2,3775,3775,0,10,35,2,0,0,0,2
1275374,4,2021,2021,10,5,5,346,17,106,332,0,1,1,-28.865097,153.017492,60,2,1,1,0,0,0,0,2,0,7,80,2,3775,3775,0,5,22,2,0,1,0,0
1275375,4,2021,2021,10,5,4,43,1,226,144,0,1,7,-33.757454,150.825626,7,0,2,1,3,0,0,0,2,0,0,60,2,1391,1391,1,0,13,2,0,1,0,0
1275377,2,2021,2021,10,4,7,3371,17,16,3342,0,1,2,-31.231128,152.823685,34,1,0,1,0,0,0,0,2,0,7,110,2,9859,9859,8,9,40,1,0,0,1,0
1275378,4,2021,2021,10,6,3,23,23,293,34609,0,1,1,-33.944685,151.260823,59,0,2,1,0,0,0,0,2,0,7,50,0,387,387,1,22,0,3,0,1,1,0
1275379,2,2021,2021,10,4,8,92,27,129,244,0,1,10,-33.897486,151.099615,9,0,2,1,1,0,3,3,2,2,7,60,2,1945,1945,5,15,40,1,0,0,1,0
1275381,4,2021,2021,10,5,4,3,10,18,147,0,1,9,-28.845416,153.596574,2,2,1,0,1,0,0,0,2,0,0,80,1,5929,5929,1,0,19,2,0,1,0,0
1275383,4,2021,2021,5,3,5,7,27,11,34609,0,1,1,-32.88096,151.494264,17,2,1,0,0,0,0,0,2,0,7,80,0,1850,1463,5,16,40,1,0,1,0,0
1275388,2,2021,2021,11,0,7,73,31,43,34609,0,1,1,-32.177023,152.498251,43,2,1,1,1,0,0,0,2,0,7,50,0,9859,9859,1,0,5,2,0,0,1,0
1275389,2,2021,2021,10,3,8,2209,17,70,2205,0,1,9,-34.862024,150.601162,63,2,1,1,1,0,0,0,2,1,7,60,2,1945,1945,5,16,40,1,0,0,1,0
1275391,1,2021,2021,10,1,10,133,31,133,97,0,1,9,-33.916374,151.009811,15,0,2,0,3,0,0,0,0,0,0,60,1,623,623,3,5,5,2,0,0,0,1
1275397,2,2021,2021,5,2,9,1,31,10,34609,0,1,1,-33.403634,149.544876,3,2,1,0,3,0,3,4,0,0,7,50,0,782,957,5,5,40,1,0,0,1,0
1275400,2,2021,2021,10,2,5,2,31,7,34609,0,1,1,-33.854264,151.179094,32,0,2,1,0,0,0,0,2,0,7,40,0,3775,3775,0,5,0,3,0,0,2,0
1275403,4,2021,2021,10,2,7,5,10,83,34609,0,1,1,-33.892519,150.846863,41,0,2,0,0,0,0,0,2,0,7,50,0,4552,5151,8,5,40,2,0,1,0,0
1275411,1,2021,2021,10,1,9,43,22,149,770,0,1,9,-33.869167,151.176179,32,0,2,1,3,0,0,0,0,2,7,70,2,14295,14295,3,0,5,2,0,0,0,1
1275413,2,2021,2021,11,2,3,53,31,67,125,0,1,9,-33.894123,151.004745,15,0,2,1,0,0,0,0,2,0,7,60,1,2852,2852,4,5,5,2,0,0,1,1
1275414,1,2021,2021,1,4,8,178,31,36,34609,1,0,9,-33.799869,151.022274,54,0,2,1,1,0,0,0,2,0,7,50,0,14295,14295,3,10,5,2,0,0,0,1
1275416,2,2021,2021,5,6,8,77,31,163,69,0,1,1,-33.865612,151.105491,14,0,2,1,0,0,0,0,0,0,7,60,2,3775,3775,0,9,0,2,0,0,1,0
1275417,2,2021,2021,10,2,3,916,17,172,917,0,1,2,-32.76024,151.593969,42,2,1,1,3,0,0,1,1,0,7,60,2,9859,9859,8,10,40,1,0,0,1,0
1275419,1,2021,2021,8,6,9,5,27,44,39,0,1,1,-32.066987,150.897571,73,1,0,0,0,0,2,6,0,0,7,100,1,4552,5151,8,5,40,1,0,0,0,1
1275424,4,2021,2021,10,4,6,334,17,22,308,0,1,1,-31.353643,152.031516,51,1,0,1,0,0,0,0,2,0,7,100,2,1945,1945,5,16,40,1,0,1,0,0
1275426,2,2021,2021,10,2,9,2,31,28,34609,0,1,1,-33.913231,150.880614,41,0,2,1,3,0,0,0,3,0,7,50,0,9859,9859,1,5,5,2,0,0,1,0
1275428,1,2021,2021,10,0,4,64,27,278,284,0,1,1,-33.777593,151.052472,54,0,2,1,3,0,0,0,2,0,7,60,2,14295,14295,3,5,5,2,0,0,0,2
1275433,1,2021,2021,1,1,4,45,31,204,331,0,1,9,-33.938431,151.15162,4,0,2,1,0,0,0,0,2,2,7,60,2,14295,14295,3,30,10,3,0,0,0,1
1275436,4,2021,2021,5,1,3,76,31,201,34609,1,0,7,-34.871664,150.596267,63,2,1,1,1,0,0,0,1,0,0,50,0,6545,6545,4,22,0,2,0,1,0,0
1275437,1,2021,2021,11,0,3,195,27,76,186,0,1,10,-33.924449,150.848555,41,0,2,1,1,0,0,0,2,2,7,70,2,1669,1669,3,8,13,2,0,0,0,1
1275439,2,2021,2021,11,4,11,16,27,113,16,0,1,1,-33.828449,150.758895,55,0,2,1,0,0,0,0,0,0,7,80,1,1089,1089,7,16,40,1,0,0,1,0
1275443,2,2021,2021,11,2,8,6,31,35,34609,0,1,1,-30.447758,152.897591,6,2,1,1,0,0,0,0,2,0,7,50,0,9859,9859,8,0,40,1,0,0,1,0
1275444,2,2021,2021,10,5,3,25,31,87,100,0,1,7,-34.482809,150.417033,78,2,1,1,3,0,0,0,2,0,0,50,2,6545,6545,4,10,5,2,0,0,1,0
1275446,1,2021,2021,10,6,5,3371,17,225,3342,0,1,10,-33.796129,151.1781,77,0,2,1,3,0,3,3,2,2,7,60,2,6545,6545,4,5,12,3,0,0,0,1
1275448,4,2021,2021,11,6,9,33,31,175,34609,0,1,9,-33.768815,151.079554,54,0,2,1,2,0,0,0,3,0,0,50,0,395,395,1,22,5,2,0,1,0,0
1275450,4,2021,2021,11,0,5,8,27,5,34609,0,1,1,-33.280787,151.483917,16,2,2,1,1,0,0,0,2,0,7,50,0,2040,2040,9,30,28,2,0,1,1,0
1275451,1,2021,2021,10,6,3,37,31,80,19,0,1,1,-33.880851,151.170947,32,0,2,1,2,0,0,0,1,0,7,50,2,2040,2040,9,33,28,2,0,0,0,1
1275454,1,2021,2021,10,4,4,78,27,31,61,1,2,1,-33.89565,151.02126,15,0,2,1,3,0,3,0,2,0,7,40,1,9859,9859,1,30,0,2,0,0,0,1
1275459,1,2021,2021,11,2,9,3,27,2,34609,0,1,1,-31.088974,152.620116,34,2,1,0,0,0,0,0,0,0,7,50,0,782,957,5,16,40,1,0,0,0,1
1275460,2,2021,2021,11,6,5,1,31,155,34609,1,0,10,-33.146864,148.173994,53,2,1,1,1,0,3,4,2,0,0,50,0,6545,6545,4,5,36,2,0,0,1,0
1275461,2,2021,2021,10,2,8,37,27,173,115,0,1,9,-33.716287,151.138125,36,0,2,0,3,0,3,3,2,0,0,60,1,4552,985,8,5,40,1,0,0,1,0
1275463,1,2021,2021,11,1,9,7,27,225,34609,0,1,1,-33.800076,151.182632,77,0,2,0,2,0,0,0,3,0,7,50,0,4552,5151,1,5,5,3,0,0,0,2
1275465,4,2021,2021,11,4,7,1,18,53,34609,0,1,1,-32.347683,148.211413,51,2,1,1,0,2,0,0,2,0,7,80,0,1945,1945,5,10,40,1,0,3,0,0
1275466,1,2021,2021,10,1,9,6,27,74,34609,0,1,1,-34.534723,148.043546,20,1,0,1,3,0,0,0,3,0,7,100,0,4026,4026,8,5,40,1,0,0,0,1
1275469,2,2021,2021,10,2,7,27,27,102,28,0,1,2,-33.95991,151.205637,4,0,2,1,3,0,0,0,2,0,7,80,2,1391,1391,1,10,0,2,0,0,1,0
1275471,2,2021,2021,10,2,3,3371,17,463,3342,0,1,10,-30.300784,153.110611,19,2,1,1,1,0,0,0,2,2,7,60,2,1669,1669,3,0,5,2,0,0,1,0
1275474,1,2021,2021,10,3,6,51,27,76,34609,0,1,1,-33.918662,150.873503,41,0,2,1,3,0,0,0,2,0,7,50,0,623,623,3,5,5,2,0,0,0,2
1275477,2,2021,2021,10,1,9,150,27,309,415,0,1,9,-33.803198,151.113785,61,0,2,0,3,0,0,0,0,2,7,70,2,395,395,1,0,5,3,0,0,1,0
1275479,2,2021,2021,5,4,6,2,27,39,34609,0,1,1,-33.237201,151.473587,16,2,2,1,3,0,0,0,2,0,7,50,0,237,162,8,5,40,1,0,0,1,0
1275482,2,2021,2021,10,2,6,3,27,22,34609,0,1,10,-32.833939,150.015457,44,1,0,1,0,0,0,0,2,0,0,100,0,9859,9859,8,5,40,1,0,0,1,0
1275487,1,2021,2021,10,4,9,2126,17,77,2149,0,1,2,-33.884438,151.195675,69,0,2,1,3,0,0,0,0,0,7,50,2,1391,1391,1,5,5,2,0,0,0,1
1275490,4,2021,2021,10,3,9,75,10,63,165,0,1,6,-33.93464,151.210421,4,0,2,1,0,0,0,0,2,0,7,70,2,4026,4026,8,5,40,1,0,1,0,0
1275491,2,2021,2021,10,0,9,133,27,46,260,0,1,2,-32.920254,151.654377,48,0,2,0,2,0,0,0,0,0,7,70,2,2585,4009,8,0,40,1,0,0,1,0
1275496,1,2021,2021,10,4,7,44,1,126,34609,0,1,10,-33.9417,150.810318,41,0,2,1,3,0,0,0,2,0,15,60,0,217,217,1,10,5,2,0,0,0,1
1275498,2,2021,2021,11,5,4,4,27,54,34609,0,1,10,-33.636664,150.870075,29,2,2,0,0,0,0,0,2,0,0,70,0,6545,6545,4,30,13,2,0,0,1,0
1275500,2,2021,2021,10,4,6,104,27,443,702,0,1,9,-33.90514,151.064002,15,0,2,1,0,0,0,0,2,1,7,70,2,1192,1192,1,8,5,2,0,0,1,0
1275502,4,2021,2021,10,2,7,3,24,64,34609,0,1,1,-33.731351,150.743698,55,0,2,1,0,0,0,0,2,0,7,50,0,323,323,1,5,13,2,0,1,1,0
1275503,1,2021,2021,11,6,7,34,31,47,49,0,1,1,-33.778518,151.281696,50,0,2,1,1,0,0,0,2,0,7,60,1,14295,14295,3,5,36,2,0,0,0,1
1275504,2,2021,2021,10,0,4,171,27,64,369,0,1,9,-33.697298,150.727405,55,0,2,1,1,0,0,0,2,0,0,80,2,2852,2852,4,30,5,2,0,0,3,0
1275506,4,2021,2021,11,0,4,8,22,75,38,0,1,2,-33.8837,151.114421,9,0,2,1,1,0,0,0,2,0,9,50,1,1220,1220,9,0,28,2,0,1,0,0
1275508,4,2021,2021,11,4,7,153,27,290,147,0,1,9,-33.94982,151.123161,4,0,2,1,1,0,0,0,2,1,7,60,2,14295,14295,3,8,5,3,0,1,0,0
1275511,2,2021,2021,10,2,4,24,24,85,34609,0,1,2,-33.793816,150.679243,55,0,2,0,1,0,0,0,2,0,7,50,0,4552,5151,8,5,40,1,0,0,1,0
1275512,4,2021,2021,10,2,6,2261,17,284,2252,1,0,9,-33.908403,151.02829,15,0,2,1,0,0,0,0,2,0,7,60,2,623,623,3,5,13,2,0,1,0,0
1275515,2,2021,2021,11,4,11,165,31,370,34609,0,1,7,-34.073608,150.821884,13,0,2,1,2,0,0,0,0,0,0,50,0,4026,4026,8,16,40,1,0,0,1,0
1275516,1,2021,2021,10,2,10,2261,17,243,2252,0,1,2,-33.942443,150.911689,41,0,2,1,3,0,3,4,0,0,7,70,2,14295,14295,3,5,5,2,0,0,0,5
1275517,2,2021,2021,10,0,4,2126,17,22,2149,0,1,9,-33.564644,150.201017,40,2,1,1,1,0,0,0,2,0,7,80,2,3775,3775,0,9,40,2,0,0,1,0
1275518,4,2021,2021,10,2,5,1,31,106,34609,0,1,1,-33.892504,151.173038,32,0,2,1,3,0,0,0,2,0,7,50,0,941,941,1,5,41,2,0,1,0,0
1275521,2,2021,2021,10,3,5,2,27,3,34609,0,1,1,-33.131598,151.21048,16,1,2,0,3,0,0,0,2,0,7,100,0,404,404,8,16,40,1,0,0,1,0
1275522,2,2021,2021,10,1,7,7,31,87,34609,0,1,10,-28.812909,153.281365,39,2,1,1,3,0,0,3,2,0,0,50,0,1109,397,1,5,5,2,0,0,1,0
1275523,1,2021,2021,1,2,8,361,23,304,96,0,1,0,-33.914189,151.16622,32,0,2,1,3,0,0,0,2,0,7,60,2,9859,9859,8,19,40,1,0,0,0,1
1275524,2,2021,2021,10,1,8,3371,17,147,3342,0,1,2,-33.739412,151.136125,36,0,2,1,3,0,3,4,3,0,7,60,2,9859,9859,8,0,40,1,0,0,1,0
1275529,4,2021,2021,10,1,7,80,31,25,34609,0,1,9,-33.012735,151.717823,37,0,2,1,0,0,0,0,2,0,7,50,0,1945,1945,5,16,40,1,0,1,0,0
1275531,1,2021,2021,5,6,5,49,31,460,34609,0,1,10,-33.830466,150.989798,21,0,2,1,1,0,0,0,2,0,0,50,0,6545,6545,4,5,5,2,0,0,0,1
1275533,2,2021,2021,10,3,5,7,27,22,34609,0,1,1,-33.458119,150.861275,29,2,2,0,0,0,0,0,2,0,7,70,0,1850,1463,5,16,40,1,0,0,1,0
1275541,4,2021,2021,10,2,7,2209,17,201,2205,0,1,9,-34.875014,150.605422,63,2,1,1,1,0,0,0,2,2,9,70,2,591,591,1,22,0,2,0,1,0,0
1275545,4,2021,2021,11,0,4,916,17,8,917,0,1,9,-31.76487,150.838444,73,2,1,1,1,0,0,0,2,0,7,50,2,2040,2040,9,5,28,2,0,1,0,0
1275546,4,2021,2021,5,2,8,5,27,138,30,0,1,1,-33.876532,151.26107,81,0,2,1,2,0,0,0,0,0,7,50,1,1109,787,1,5,19,2,0,1,0,0
1275547,2,2021,2021,10,0,8,14,31,54,34609,0,1,1,-33.096047,151.639465,37,0,2,1,0,0,0,0,3,0,7,50,0,1669,1669,3,5,13,2,0,0,1,0
1275550,1,2021,2021,10,1,3,104,27,63,140,0,1,9,-33.923634,151.211278,4,0,2,1,1,0,0,3,2,2,7,60,2,14295,14295,3,30,5,3,0,0,0,1
1275554,2,2021,2021,10,0,8,162,25,39,34609,0,1,1,-35.322096,148.235331,66,2,1,1,1,0,0,0,2,0,7,50,0,1220,1220,9,0,28,2,0,0,1,0
1275556,1,2021,2021,10,4,7,22,27,151,10,0,1,7,-34.027267,150.83911,13,0,2,1,1,0,3,3,2,0,0,60,1,6545,6545,4,0,19,2,0,0,0,1
1275561,2,2021,2021,11,1,5,36,27,438,34609,0,1,1,-33.872188,151.016955,21,0,2,1,0,0,0,0,2,0,7,50,0,186,186,1,8,18,2,0,0,1,0
1275562,1,2021,2021,10,3,5,387,36,86,69,0,1,10,-33.722182,151.21728,50,0,2,1,2,0,0,0,2,2,7,80,2,1220,1220,9,19,28,2,0,0,0,1
1275565,4,2021,2021,10,2,5,11,18,8,17,0,1,1,-30.933472,153.026474,34,2,1,1,0,0,0,0,2,0,7,80,1,9859,9859,8,0,40,1,0,1,0,0
1275566,2,2021,2021,10,2,8,829,27,304,140,0,1,9,-33.905572,151.167325,32,0,2,1,1,0,0,0,2,2,9,60,1,2040,2040,9,10,28,2,0,0,1,0
1275572,2,2021,2021,10,2,5,4,1,74,34609,0,1,1,-33.762,150.665315,55,0,2,1,0,0,0,0,2,0,7,50,0,14295,14295,3,5,0,2,0,0,1,1
1275574,2,2021,2021,10,3,8,3,10,67,34609,0,1,10,-33.708259,150.893706,7,0,2,1,1,0,3,4,2,2,7,60,0,6545,6545,4,0,0,2,0,0,1,1
1275577,4,2021,2021,5,3,7,6,31,35,34609,0,1,1,-30.454307,152.893126,6,2,1,1,1,0,0,0,2,0,7,50,0,9859,9859,8,5,40,1,0,2,1,0
1275584,2,2021,2021,1,5,3,3371,17,30,3342,0,1,9,-33.188758,151.557488,16,2,2,0,0,0,0,0,2,2,7,80,2,14295,14295,3,0,5,2,0,0,2,0
1275585,2,2021,2021,1,0,3,4,1,110,34609,0,1,1,-33.777766,151.023684,54,0,2,1,1,0,0,0,2,0,7,50,0,1383,1383,1,22,5,2,0,0,1,1
1275596,2,2021,2021,1,2,7,23,10,87,23,0,1,7,-33.918903,150.961792,41,0,2,1,1,0,0,0,2,0,0,60,1,1850,985,5,16,40,1,0,0,1,0
1275600,1,2021,2021,6,1,11,10,1,8,34609,0,1,1,-28.80547,153.304896,39,2,1,1,3,0,3,4,0,0,7,50,0,9859,9859,8,5,40,1,0,0,0,1
1275601,1,2021,2021,5,2,9,1,31,62,34609,0,1,9,-32.930511,151.614321,37,0,2,1,2,0,0,0,0,0,7,50,0,4552,985,8,0,40,1,0,0,0,1
1275602,2,2021,2021,1,5,2,48,27,14,26,0,1,1,-34.865291,149.684175,26,1,0,1,0,0,3,4,0,0,7,100,2,1089,1089,7,9,40,1,0,0,1,0
1275604,2,2021,2021,5,6,3,20,1,75,34609,0,1,1,-32.783255,151.627238,42,2,1,1,2,0,0,0,2,0,7,60,0,1109,787,1,0,19,2,0,0,1,0
1275605,1,2021,2021,5,0,4,6,31,23,34609,0,1,10,-33.820388,150.994204,54,0,2,1,1,0,0,3,2,0,15,50,0,6545,6545,4,5,5,2,0,0,0,1
1275608,2,2021,2021,6,1,4,7,31,53,10,0,1,10,-32.237806,148.238568,51,2,1,1,3,0,0,0,2,0,0,50,1,4026,4026,8,5,40,1,0,0,1,0
1275609,4,2021,2021,11,5,8,89,17,95,34609,0,1,9,-34.399967,150.891862,80,0,2,1,1,0,0,0,2,0,7,60,0,1981,1981,4,5,19,3,0,1,0,0
1275611,2,2021,2021,1,0,7,255,27,71,166,0,1,1,-33.263537,151.538675,16,2,2,1,3,0,0,0,2,0,7,40,2,9859,9859,1,10,0,2,0,0,1,0
1275612,4,2021,2021,1,2,0,12,31,41,19,0,1,1,-31.089784,150.898826,70,2,1,0,0,0,0,0,0,0,7,60,1,3775,3775,0,5,5,2,0,2,0,0
1275613,4,2021,2021,1,1,10,137,14,37,70,0,1,3,-32.700531,151.381847,17,1,0,1,0,0,0,0,0,0,7,110,2,14295,14295,3,33,13,2,0,1,0,0
1275614,1,2021,2021,5,3,6,82,27,6,103,0,1,1,-28.462693,153.264955,72,2,1,0,0,0,0,0,2,0,7,80,1,1850,1463,5,16,40,1,0,0,0,1
1275615,4,2021,2021,10,2,5,475,10,137,268,0,1,1,-33.901245,150.896059,24,0,2,1,3,0,0,0,2,0,7,60,2,14295,14295,3,0,5,3,0,1,0,0
1275617,2,2021,2021,5,1,4,24,31,112,60,0,1,10,-36.056525,146.932864,0,2,1,1,1,0,3,4,2,0,0,60,1,926,926,4,5,5,2,0,0,1,0
1275618,4,2021,2021,1,0,11,84,27,147,415,0,1,2,-33.75674,151.137632,36,0,2,0,2,0,0,0,0,0,7,70,2,4552,5151,8,5,40,1,0,1,0,0
1275619,2,2021,2021,1,1,6,7,27,47,14,0,1,1,-35.233725,149.445542,58,1,0,1,3,0,0,0,2,0,7,100,1,1945,1945,5,8,40,1,0,0,1,0