Crash ID,Degree of crash - detailed,Reporting year,Year of crash,Month of crash,Day of week of crash,Two-hour intervals,Street of crash,Street type,Town,Route no.,School zone location,School zone active,Type of location,Latitude,Longitude,LGA,Urbanisation,Conurbation 1,Alignment,Street lighting,Road surface,Surface condition,Weather,Natural lighting,Signals operation,Other traffic control,Speed limit,Road classification,RUM - code,DCA - code,First impact type,Key TU type,Other TU type,No. of traffic units involved,No. killed,No. seriously injured,No. moderately injured,No. minor-other injured
1275620,2,2021,2021,5,4,7,346,17,106,332,0,1,1,-28.865405,153.016867,60,2,1,1,1,0,0,0,2,0,7,80,2,945,945,5,5,40,1,0,0,1,0
1275624,1,2021,2021,10,3,11,1104,14,460,962,0,1,3,-33.82362,150.987182,21,0,2,1,3,0,3,0,0,0,7,90,2,404,404,8,0,40,1,0,0,0,1
1275626,1,2021,2021,10,2,6,296,27,290,293,1,0,9,-33.849144,150.99698,21,0,2,1,3,0,0,0,2,2,7,70,2,14295,14295,3,5,5,2,0,0,0,2
1275630,2,2021,2021,1,5,4,6,31,48,34609,0,1,1,-29.050932,152.015513,51,2,1,1,3,0,3,4,2,0,7,50,0,9859,9859,8,0,40,1,0,0,1,0
1275631,2,2021,2021,5,0,2,346,17,48,332,0,1,1,-29.047232,152.087298,51,1,0,0,0,0,0,3,1,0,7,100,2,2585,4009,8,9,40,1,0,0,1,0
1275632,2,2021,2021,9,6,3,72,14,174,71,0,1,3,-33.892121,151.216796,69,0,2,1,3,0,0,0,2,0,7,80,2,1282,1282,1,0,5,2,0,0,1,1
1275639,1,2021,2021,10,2,8,19,27,147,605,0,1,9,-33.753808,151.284757,50,0,2,1,3,0,0,0,2,2,7,60,2,312,312,2,27,40,1,0,0,0,1
1275641,2,2021,2021,11,3,7,293,31,443,34609,0,1,10,-33.911518,151.068695,15,0,2,1,1,0,0,0,2,0,0,50,0,6545,6545,4,5,0,2,0,0,2,0
1275647,2,2021,2021,10,2,8,168,10,387,260,0,1,9,-33.946583,151.168715,4,0,2,0,0,0,0,0,2,0,15,70,2,14295,14295,3,10,5,2,0,0,1,0
1275648,4,2021,2021,10,1,4,4,27,3,34609,0,1,1,-31.936056,150.8022,73,1,0,0,1,0,0,0,2,0,7,100,0,1850,1463,5,22,40,1,0,1,0,0
1275649,4,2021,2021,10,3,6,3371,17,207,3342,0,1,1,-33.547868,151.196569,31,0,2,0,1,0,0,0,2,0,7,80,2,4552,5151,8,16,40,1,0,1,0,0
1275651,2,2021,2021,10,5,5,12,27,8,15,0,1,1,-32.56314,151.320177,64,2,1,0,0,0,0,0,2,0,7,80,1,782,957,5,16,40,1,0,0,1,0
1275655,1,2021,2021,10,5,11,2,18,105,34609,0,1,1,-32.587836,149.568256,44,2,1,0,2,0,0,0,0,0,7,50,0,380,714,5,10,40,1,0,0,0,1
1275656,4,2021,2021,11,2,11,1,23,433,34609,0,1,9,-33.251535,149.094619,52,2,1,1,2,0,0,0,0,0,7,50,0,4026,4026,1,5,36,2,0,1,0,0
1275659,4,2021,2021,10,0,7,280,10,314,82,0,1,10,-33.850836,150.922233,24,0,2,1,1,0,0,0,2,2,7,60,1,6545,6545,4,9,13,2,0,1,0,0
1275663,4,2021,2021,10,4,1,149,10,346,702,0,1,6,-33.885476,151.069146,67,0,2,0,2,0,0,0,0,0,0,60,2,2585,4009,8,5,40,1,0,1,0,0
1275666,2,2021,2020,2,6,4,23,23,293,34609,0,1,1,-33.945028,151.258882,59,0,2,1,0,0,0,6,2,0,9,50,0,14295,14295,3,22,27,2,0,0,1,1
1275667,2,2021,2021,10,5,8,193,1,165,34609,0,1,10,-33.855754,151.160091,14,0,2,1,0,0,0,0,2,0,0,50,0,6545,6545,4,22,5,2,0,0,1,0
1275669,2,2021,2021,10,0,6,21,31,139,34609,0,1,1,-33.835497,151.20952,49,0,2,1,1,0,0,0,2,0,7,40,0,1220,1220,9,0,28,2,0,0,1,0
1275671,2,2021,2021,9,1,6,8,27,11,34609,0,1,1,-28.570345,153.462773,10,2,1,0,0,0,0,0,2,0,7,80,0,1259,5151,8,5,40,1,0,0,1,0
1275673,1,2021,2021,1,3,0,7,18,1,34609,0,1,1,-30.292295,152.676551,6,2,1,1,0,0,3,0,0,0,7,50,0,4026,4026,8,9,40,1,0,0,0,1
1275677,2,2021,2021,10,3,8,5,36,18,7,0,1,1,-29.443246,147.953404,51,1,0,1,0,0,0,0,2,0,7,100,1,9859,9859,8,30,40,1,0,0,1,0
1275682,4,2021,2021,10,6,6,50,27,120,34609,0,1,9,-32.196067,152.535977,43,2,1,0,1,0,0,0,2,0,7,50,0,4552,5151,1,5,5,2,0,1,0,0
1275683,2,2021,2021,1,4,3,3371,17,53,3342,0,1,2,-33.688592,151.10766,31,0,2,1,1,0,0,0,2,2,9,60,2,1192,1192,1,22,5,2,0,0,1,0
1275685,2,2021,2021,10,1,3,19,31,161,96,0,1,10,-33.8842,151.147612,32,0,2,1,1,0,0,0,2,2,7,50,2,14295,14295,3,5,13,3,0,0,1,0
1275686,4,2021,2021,5,0,10,51,27,293,34609,0,1,9,-33.953174,151.235387,59,0,2,0,2,0,0,0,0,0,7,50,0,782,957,5,15,40,1,0,1,0,0
1275688,2,2021,2021,10,6,7,12,10,16,34609,0,1,9,-33.172221,151.587469,16,2,2,1,0,0,0,0,2,0,7,80,0,1669,1669,3,9,5,3,0,0,1,0
1275690,2,2021,2021,11,4,0,866,17,174,793,0,1,2,-33.872006,150.925731,24,0,2,1,2,0,3,4,0,0,7,70,2,9859,9859,8,0,40,1,0,0,1,0
1275695,4,2021,2021,11,0,1,481,17,10,483,0,1,1,-31.451248,149.019529,51,1,0,1,0,0,0,0,0,0,7,100,2,945,945,5,29,40,1,0,1,0,0
1275698,1,2021,2021,5,0,10,12,27,22,34609,0,1,1,-35.172127,149.974265,58,1,0,0,0,2,3,2,0,0,7,100,0,4552,5151,8,0,40,1,0,0,0,1
1275699,4,2021,2021,11,3,8,829,31,8,34609,0,1,0,-33.840076,151.279388,81,0,2,1,0,0,0,0,2,0,7,50,0,1945,1945,5,16,40,1,0,1,0,0
1275706,4,2021,2021,10,6,3,8,31,194,148,0,1,10,-30.522312,151.655176,1,2,1,1,0,0,0,0,2,0,15,50,2,6545,6545,4,0,13,2,0,1,1,0
1275708,1,2021,2021,9,1,8,2126,17,323,2149,0,1,2,-33.789245,150.855672,7,0,2,1,3,0,3,0,2,0,7,80,2,14295,14295,3,5,5,2,0,0,0,1
1275709,2,2021,2021,10,3,4,346,17,14,332,0,1,1,-28.900895,152.592711,51,1,0,0,3,0,3,4,2,0,7,100,2,4552,5151,8,0,40,1,0,0,1,0
1275713,2,2021,2021,9,1,2,2261,17,243,2252,0,1,9,-33.957835,150.887126,41,0,2,1,3,0,0,6,1,2,7,70,2,1192,1192,1,5,5,2,0,0,1,0
1275719,1,2021,2021,10,5,7,62,27,17,166,0,1,9,-33.2419,151.445305,16,2,2,1,3,0,3,0,2,2,7,80,2,1945,1945,5,9,40,1,0,0,0,1
1275720,1,2021,2021,10,2,8,14,31,445,34609,0,1,7,-33.854706,151.043396,21,0,2,1,3,0,0,0,2,0,0,60,0,5929,5929,1,5,19,2,0,0,0,1
1275721,2,2021,2021,1,1,2,112,17,207,112,0,1,1,-31.846733,141.937237,51,1,0,1,0,0,0,0,0,0,7,110,2,945,945,5,30,40,1,0,0,2,0
1275722,1,2021,2021,10,2,7,1,31,31,34609,1,0,9,-33.889778,151.095113,9,0,2,1,3,0,0,0,2,0,7,50,0,1669,1669,3,5,0,2,0,0,0,1
1275725,1,2021,2021,10,2,8,4,27,43,34609,0,1,1,-33.693587,151.298338,50,0,2,0,0,0,0,0,2,0,7,50,0,1192,1192,1,10,27,2,0,0,0,1
1275728,1,2021,2021,10,2,6,9,27,6,34609,0,1,1,-34.659684,149.979019,26,1,0,1,3,0,0,0,2,0,7,100,0,14295,14295,3,5,13,2,0,0,0,1
1275729,1,2021,2021,10,2,6,2126,17,346,2149,0,1,9,-33.867217,151.096217,14,0,2,1,3,0,0,0,2,2,7,60,2,1669,1669,3,5,5,2,0,0,0,1
1275731,1,2021,2021,8,4,10,24,27,3,24,0,1,1,-28.260745,153.235779,72,2,1,0,3,0,3,0,0,0,7,80,1,380,714,5,10,40,1,0,0,0,1
1275737,1,2021,2021,10,0,8,230,27,197,284,0,1,9,-33.796547,151.136986,61,0,2,1,3,0,0,0,2,2,7,80,2,14295,14295,3,9,0,2,0,0,0,1
1275739,2,2021,2021,10,4,8,147,27,224,21,0,1,1,-33.831552,151.244368,45,0,2,1,1,0,3,4,2,0,7,50,1,941,941,1,5,27,2,0,0,1,0
1275740,4,2021,2021,10,6,9,47,31,166,34609,0,1,10,-33.409581,149.577191,3,2,1,1,0,0,0,0,2,0,0,60,0,6545,6545,4,5,5,2,0,1,0,0
1275741,2,2021,2021,10,6,6,6,27,5,34609,0,1,9,-33.378093,149.872444,3,2,1,0,0,0,0,0,2,0,0,80,0,1850,985,5,16,40,1,0,0,1,0
1275746,4,2021,2021,10,5,5,89,27,182,174,0,1,9,-32.831979,151.356871,17,2,1,1,0,0,0,0,2,2,7,60,2,2852,2852,4,0,0,2,0,1,0,0
1275748,2,2021,2021,10,4,6,481,17,155,483,0,1,1,-33.081699,148.179858,53,1,0,1,0,0,0,3,2,0,7,110,2,9859,9859,8,5,40,1,0,0,1,0
1275750,2,2021,2021,10,4,8,204,31,228,34609,1,0,1,-34.756107,149.714078,26,2,1,1,1,0,3,3,2,0,7,50,0,9859,9859,1,5,5,4,0,0,1,0
1275760,4,2021,2021,11,5,5,2,31,316,34609,0,1,1,-33.920311,151.243305,59,0,2,1,0,0,0,0,2,0,7,40,0,144,144,1,5,5,2,0,1,0,0
1275761,4,2021,2021,11,0,5,16,36,54,43,0,1,7,-28.514332,153.529462,10,2,1,1,1,0,0,0,2,0,0,50,1,6545,6545,4,0,0,2,0,1,1,0
1275762,1,2021,2021,10,6,8,8,1,194,34609,0,1,9,-30.522891,151.668644,1,2,1,1,0,0,0,0,2,0,0,50,0,6545,6545,4,22,5,2,0,0,0,1
1275765,2,2021,2021,5,4,8,162,31,532,24,0,1,10,-33.86874,151.205277,69,0,2,1,2,0,3,0,0,2,9,40,1,1220,1220,9,21,28,2,0,0,1,0
1275770,2,2021,2021,10,4,7,100,31,157,38,0,1,10,-33.803199,151.003199,54,0,2,1,3,0,0,0,2,2,7,60,1,5929,5929,1,5,5,2,0,0,1,1
1275771,4,2021,2021,10,1,5,3,27,3,34609,0,1,1,-28.312741,153.344413,72,2,1,1,0,0,0,0,2,0,7,80,0,1945,1945,5,16,40,1,0,1,0,0
1275772,1,2021,2021,10,5,7,512,17,433,441,0,1,7,-33.260966,149.076202,52,2,1,1,1,0,0,3,2,0,0,50,2,475,475,5,29,40,1,0,0,0,1
1275775,1,2021,2021,10,0,10,72,31,204,62,0,1,1,-33.94436,151.150416,4,0,2,1,3,0,0,0,0,0,7,60,1,14295,14295,3,5,19,2,0,0,0,1
1275776,1,2021,2021,1,6,7,28,3,21,117,0,1,2,-32.965515,151.675888,37,0,2,0,1,0,0,0,2,0,7,90,2,1391,1391,1,30,0,2,0,0,0,1
1275778,2,2021,2021,10,2,6,45,27,110,45,0,1,2,-33.747901,151.049489,71,0,2,0,1,0,0,0,2,0,15,60,2,1109,397,1,5,13,2,0,0,1,0
1275779,2,2021,2021,10,3,4,92,31,42,34609,0,1,9,-35.348173,149.242491,58,2,1,1,0,0,0,0,2,0,0,50,0,1945,1945,5,16,40,1,0,0,1,0
1275781,2,2021,2021,10,6,5,46,36,433,46,0,1,7,-33.258083,149.08474,52,2,1,1,1,0,0,3,2,0,0,70,1,6545,6545,4,10,12,2,0,0,1,0
1275787,4,2021,2021,11,2,4,1,25,29,34609,0,1,9,-32.885686,151.695868,48,0,2,1,1,0,0,0,2,0,0,50,0,1109,397,1,0,19,2,0,1,0,0
1275788,4,2021,2021,10,3,8,2126,17,161,2149,0,1,10,-33.887881,151.161338,32,0,2,1,1,0,3,4,2,2,9,60,2,186,186,9,5,28,2,0,1,1,0
1275789,4,2021,2021,1,4,3,171,31,252,34609,0,1,10,-33.880851,151.214873,69,0,2,1,0,0,0,0,2,2,7,40,0,1850,777,5,15,40,1,0,1,0,0
1275790,4,2021,2021,10,3,6,344,27,168,382,0,1,10,-33.717694,150.843996,7,0,2,1,0,0,3,3,2,2,7,80,2,1192,1192,1,0,19,2,0,1,0,0
1275791,2,2021,2021,11,2,6,114,27,118,34609,0,1,1,-33.373199,151.288738,16,2,2,1,0,0,0,0,2,0,7,70,0,1945,1945,5,16,40,1,0,0,1,0
1275793,4,2021,2021,10,1,8,22,27,10,34609,0,1,1,-33.118588,151.449346,37,0,2,1,0,0,0,0,2,0,7,80,0,1109,397,1,16,19,2,0,1,0,1
1275794,4,2021,2021,11,5,10,27,36,83,34609,0,1,1,-30.104854,153.18806,19,2,1,1,2,0,0,0,0,0,7,80,0,3775,3775,0,21,5,2,0,1,1,0
1275804,2,2021,2021,10,3,10,2209,17,7,2205,0,1,1,-35.165386,150.444353,63,1,0,0,3,0,3,4,0,0,7,100,2,1259,5151,8,5,40,1,0,0,1,0
1275809,2,2021,2021,10,6,6,829,1,18,34609,0,1,1,-28.397146,153.561574,72,2,1,0,1,0,0,0,2,0,7,50,0,4552,5151,1,10,5,4,0,0,1,0
1275810,1,2021,2021,10,6,10,10,27,14,11,0,1,9,-32.207366,149.009568,22,1,0,1,0,0,0,0,0,0,0,100,1,489,489,8,0,40,1,0,0,0,1
1275812,2,2021,2021,10,0,2,9,36,12,9,0,1,1,-34.161441,147.454733,51,1,0,1,0,0,0,0,0,0,7,100,1,1089,1089,7,16,40,1,0,0,1,0
1275816,2,2021,2021,10,4,11,3,31,29,34609,0,1,9,-33.915009,150.885925,41,0,2,1,3,0,0,0,0,0,7,50,0,5929,5929,1,5,5,2,0,0,1,0
1275822,1,2021,2021,10,6,4,478,17,155,480,0,1,10,-33.494835,151.328232,16,2,2,1,1,0,3,3,2,2,7,60,2,6545,6545,4,9,5,2,0,0,0,1
1275824,4,2021,2021,5,6,8,19,27,87,34609,0,1,1,-34.463422,150.39648,78,2,1,0,0,0,0,0,3,0,7,80,0,2585,4009,8,5,40,1,0,1,0,0
1275825,2,2021,2021,10,0,3,113,27,104,111,0,1,9,-33.798158,150.768672,55,0,2,1,1,0,0,0,1,0,15,80,2,2852,2852,4,5,0,2,0,0,2,1
1275827,1,2021,2021,10,6,6,17,31,204,34609,0,1,1,-33.884511,151.128822,32,0,2,1,3,0,0,0,2,0,7,50,0,1981,1981,4,5,5,2,0,0,0,1
1275830,2,2021,2021,11,1,8,14,27,14,34609,0,1,1,-34.382378,148.430346,30,1,0,0,3,0,0,0,3,0,7,100,0,1669,1669,3,9,12,2,0,0,2,0
1275831,2,2021,2021,10,4,3,49,22,50,34609,0,1,1,-33.515525,151.334686,16,2,2,1,1,0,0,0,2,0,7,50,0,57,57,1,9,27,2,0,0,1,0
1275836,1,2021,2021,11,6,11,4,27,87,34609,0,1,1,-34.483242,150.40646,78,2,1,0,2,0,3,4,0,0,7,60,0,2585,4009,8,5,40,1,0,0,0,1
1275838,4,2021,2021,11,6,7,294,17,18,288,0,1,9,-35.121828,147.321317,75,2,1,1,0,0,0,0,2,0,0,80,2,5929,5929,1,0,2,2,0,1,0,0
1275841,2,2021,2021,5,3,4,1,27,1,1,0,1,1,-29.514478,147.001179,51,1,0,0,0,0,0,0,2,0,7,110,1,380,714,5,5,40,1,0,0,1,0
1275854,2,2021,2021,11,0,8,10,27,9,34609,0,1,10,-34.991629,149.795739,26,1,0,1,0,0,0,0,2,0,0,100,0,6545,6545,4,10,0,2,0,0,1,1
1275856,1,2021,2021,10,6,6,125,27,155,75,0,1,10,-33.493004,151.316574,16,2,2,1,3,0,0,0,2,0,0,60,1,6545,6545,4,5,0,2,0,0,0,1
1275860,2,2021,2021,10,2,5,866,17,278,793,0,1,2,-33.776182,151.051361,54,0,2,1,0,0,0,0,2,0,7,60,2,1282,1282,1,16,40,4,0,0,1,0
1275863,1,2021,2021,11,2,9,829,31,143,34609,0,1,1,-33.875104,151.105435,9,0,2,1,2,0,0,0,3,0,7,50,0,238,238,9,0,28,2,0,0,0,1
1275865,1,2021,2021,10,6,3,251,14,139,124,0,1,3,-33.843268,151.21101,49,0,2,1,3,0,0,0,1,0,7,70,2,14295,14295,3,10,0,2,0,0,0,1
1275868,2,2021,2021,10,5,9,26,27,71,38,1,0,1,-33.837063,150.968024,21,0,2,1,3,0,0,0,3,0,7,60,1,1383,1383,1,30,5,2,0,0,1,0
1275870,1,2021,2021,10,5,8,387,27,290,331,0,1,9,-33.944143,151.129108,4,0,2,1,3,0,0,0,2,0,7,60,2,623,623,3,0,13,2,0,0,0,2
1275871,2,2021,2021,9,5,4,21,27,38,22,0,1,1,-32.78046,151.919295,57,2,1,0,3,0,0,0,2,0,7,70,1,782,957,5,5,40,1,0,0,1,0
1275875,1,2021,2021,10,1,4,31,22,74,34609,0,1,9,-34.436524,150.861809,80,0,2,1,2,0,0,0,2,2,9,50,0,238,238,9,21,28,2,0,0,0,1
1275884,2,2021,2021,1,1,7,169,27,80,61,0,1,10,-33.81846,151.162963,38,0,2,1,0,0,0,0,2,0,0,50,1,6545,6545,4,10,12,2,0,0,2,0
1275886,2,2021,2021,10,2,3,4,2,31,34609,0,1,7,-34.590829,150.857962,62,0,2,1,1,0,0,0,1,0,0,50,0,775,775,4,5,19,2,0,0,1,0
1275899,2,2021,2021,11,4,7,24,31,433,34609,1,0,1,-33.296361,149.096269,52,2,1,1,0,0,0,0,2,0,7,50,0,14295,14295,3,5,5,2,0,0,1,0
1275902,1,2021,2021,1,2,11,6,31,56,34609,0,1,1,-35.128225,147.400814,75,2,1,1,0,0,0,0,0,0,7,60,0,9859,9859,1,30,8,2,0,0,0,1
1275905,1,2021,2021,10,1,9,2261,17,44,2252,0,1,2,-33.898539,150.950008,24,0,2,1,3,0,0,0,3,0,7,70,2,1391,1391,1,5,5,3,0,0,0,1
1275906,1,2021,2021,10,1,0,1,1,4,34609,0,1,1,-33.743818,151.198073,50,0,2,0,2,0,0,0,0,0,7,50,0,4552,5151,1,5,5,2,0,0,0,1
1275908,2,2021,2021,11,2,7,103,36,24,103,0,1,1,-32.615572,151.890406,57,1,0,1,1,0,0,0,2,0,7,90,1,3775,3775,0,0,5,2,0,0,2,1
1275909,1,2021,2021,11,4,7,251,27,115,212,0,1,2,-33.752326,151.243955,50,0,2,1,1,0,0,0,2,0,7,70,2,1282,1282,1,8,5,2,0,0,0,1
1275910,4,2021,2021,11,3,8,12,1,123,25,0,1,9,-33.905909,151.226155,59,0,2,1,1,0,0,0,2,0,7,50,1,1220,1220,9,5,28,2,0,1,0,0
1275911,2,2021,2021,11,0,9,11,27,133,34609,0,1,10,-34.500248,150.799544,80,0,2,1,2,0,0,0,0,0,15,60,0,2852,2852,4,5,0,2,0,0,1,0
1275914,4,2021,2021,10,6,5,3,27,16,34609,0,1,1,-30.429252,152.755563,6,1,0,0,0,0,0,0,2,0,7,100,0,2585,4009,8,0,40,1,0,1,0,0
1275915,2,2021,2021,10,4,8,192,31,316,120,0,1,9,-33.918168,151.24098,59,0,2,1,0,0,0,0,2,2,9,50,2,2040,2040,9,9,28,2,0,0,1,0
1275916,4,2021,2021,10,0,6,361,23,50,34609,0,1,1,-34.353312,150.914033,80,0,2,1,1,0,0,0,2,0,7,40,0,1282,1282,1,33,27,2,0,1,0,0
1275922,4,2021,2021,10,1,3,41,1,150,34609,0,1,7,-33.922112,151.219282,59,0,2,1,1,0,0,0,2,0,0,50,0,6545,6545,4,10,27,2,0,1,0,0
1275923,1,2021,2021,10,4,7,9,27,98,34609,0,1,1,-33.750933,151.065413,31,0,2,0,1,0,0,0,2,0,7,50,0,238,238,9,0,28,2,0,0,0,1
1275926,4,2021,2021,5,4,8,21,27,20,34609,0,1,1,-33.257413,151.331505,16,2,2,1,0,0,0,0,2,0,7,80,0,404,404,8,16,40,1,0,1,0,0
1275930,4,2021,2021,10,5,5,35,27,32,34,0,1,1,-30.212755,151.736479,1,1,0,0,0,0,0,0,2,0,7,100,1,1259,5151,8,5,40,1,0,1,0,0
1275941,2,2021,2021,10,3,2,22,31,37,47,1,0,1,-34.642263,150.773105,35,2,1,1,3,0,3,4,0,0,7,50,1,9859,9859,1,10,13,3,0,0,1,0
1275943,1,2021,2021,10,0,8,6,27,154,34609,0,1,1,-33.716204,150.966538,71,0,2,1,3,0,0,0,2,0,7,50,0,14295,14295,3,9,5,2,0,0,0,1
1275946,1,2021,2021,11,4,8,1,1,71,34609,0,1,1,-33.780812,150.689194,55,0,2,0,0,0,0,0,3,0,7,50,0,3775,3775,0,0,36,2,0,0,0,1
1275954,4,2021,2021,10,4,3,4,27,12,34609,0,1,9,-34.184348,147.558393,51,1,0,0,0,0,0,0,1,0,7,100,0,380,714,5,10,40,1,0,1,0,0
1275963,2,2021,2021,11,2,9,19,27,11,16,0,1,1,-31.551049,152.499869,56,2,1,0,0,0,3,3,0,0,7,60,1,2585,4009,8,10,40,1,0,0,2,0
1275967,2,2021,2021,10,4,10,11,27,59,34609,0,1,1,-33.156079,151.508127,37,0,2,0,0,0,0,0,0,0,7,80,0,273,957,5,34,40,1,0,0,1,0
1275981,1,2021,2021,10,3,9,15,10,14,34609,0,1,1,-33.548411,151.274028,16,2,2,0,3,0,0,0,3,0,7,60,0,3775,3775,0,0,5,2,0,0,0,1
1275984,1,2021,2021,10,0,8,72,27,40,88,0,1,9,-33.797121,151.250977,50,0,2,1,3,0,0,0,2,2,7,50,2,14295,14295,3,0,5,2,0,0,0,1
1275985,2,2021,2021,10,2,2,1,27,112,34609,0,1,1,-33.688585,151.019083,71,0,2,1,3,0,0,0,1,0,7,50,0,1089,1089,7,16,40,1,0,0,1,0
1275986,2,2021,2021,10,3,0,28,27,94,34609,0,1,9,-33.780703,150.792105,55,0,2,1,3,0,3,0,0,0,7,50,0,3775,3775,0,5,0,2,0,0,1,0
1275987,2,2021,2021,9,1,1,112,27,18,769,0,1,1,-33.49718,150.51362,29,2,2,0,3,0,0,0,0,0,7,60,2,1957,4009,8,5,40,1,0,0,1,0
1275992,2,2021,2021,10,1,3,57,27,30,126,0,1,9,-32.767369,151.63072,42,2,1,1,0,0,0,0,1,0,7,80,2,5929,5929,1,5,13,2,0,0,1,0
1275993,1,2021,2021,10,2,10,48,31,79,605,0,1,9,-33.829656,151.213815,49,0,2,1,3,0,0,0,0,2,7,60,2,1669,1669,3,5,5,2,0,0,0,1
1275994,1,2021,2021,10,5,4,123,31,59,34609,0,1,9,-34.339603,150.920414,80,0,2,1,3,0,0,0,2,0,15,50,0,14295,14295,3,5,5,2,0,0,0,1
1275995,2,2021,2021,10,2,5,18,36,30,34,0,1,10,-34.192398,150.577011,79,2,2,1,3,0,0,0,2,0,0,80,1,3775,3775,0,0,36,2,0,0,1,1
1275998,2,2021,2021,10,0,3,92,27,204,244,0,1,9,-33.893333,151.116999,32,0,2,1,0,0,0,0,2,3,7,60,2,14295,14295,3,30,5,2,0,0,1,0
1276001,4,2021,2021,10,2,5,79,31,168,34609,0,1,1,-33.715712,150.838646,7,0,2,1,1,0,0,0,2,0,7,50,0,18,18,2,5,2,2,0,1,0,0
1276002,1,2021,2021,10,2,5,25,31,445,34609,0,1,1,-33.865079,151.042429,21,0,2,1,3,0,0,0,2,0,7,50,0,1981,1981,4,5,5,2,0,0,0,1
1276004,1,2021,2021,10,3,8,4,1,147,34609,0,1,1,-33.733344,151.154789,36,0,2,1,3,0,0,0,3,0,7,50,0,9859,9859,1,5,40,2,0,0,0,1
1276008,2,2021,2021,11,4,9,2261,17,204,2252,0,1,9,-33.88883,151.124898,32,0,2,1,2,0,0,0,3,2,7,60,2,2040,2040,9,10,28,2,0,0,1,0
1276013,4,2021,2021,10,3,4,916,17,23,917,0,1,1,-31.641502,150.723795,51,1,0,1,0,0,0,0,2,0,7,100,2,9859,9859,8,10,40,1,0,1,0,0
1276016,2,2021,2021,10,6,11,2261,17,38,2252,0,1,3,-34.149302,150.737425,79,1,2,1,0,0,0,0,0,0,7,110,2,14295,14295,3,9,35,2,0,0,1,0
1276018,4,2021,2021,10,1,3,24,27,4,78,0,1,1,-33.584964,150.120158,40,1,0,0,0,0,0,0,2,0,7,100,2,1089,1089,7,16,40,1,0,1,0,0
1276019,4,2021,2021,11,1,6,26,27,26,25,0,1,9,-31.96603,152.565641,43,2,1,1,1,0,0,0,2,0,7,70,1,5929,5929,1,5,5,2,0,1,0,0
1276020,4,2021,2021,10,2,9,3371,17,83,3342,0,1,2,-30.118883,153.178783,19,1,0,1,0,0,3,4,2,0,7,110,2,4026,4026,8,10,40,1,0,1,1,0
1276021,2,2021,2021,5,1,7,3,31,157,2205,0,1,10,-34.008649,151.10109,68,0,2,1,0,0,0,0,2,0,0,70,2,256,256,4,9,5,2,0,0,1,0
1276023,2,2021,2021,10,4,7,42,27,128,231,0,1,9,-33.416946,151.324768,16,2,2,1,1,0,0,0,2,2,7,60,2,14295,14295,3,5,5,2,0,0,2,0
1276024,2,2021,2021,11,5,7,31,10,78,23,0,1,9,-33.423214,151.440353,16,2,2,1,1,0,0,0,2,0,7,50,1,1669,1669,3,5,13,2,0,0,1,1
1276025,1,2021,2021,10,0,4,330,27,147,605,0,1,2,-33.75768,151.281544,50,0,2,1,1,0,0,0,2,0,7,60,2,14295,14295,3,16,0,2,0,0,0,1
1276028,2,2021,2021,11,5,4,12,1,107,34609,0,1,1,-33.291402,151.436256,16,2,2,1,0,0,0,0,2,0,7,50,0,238,238,9,5,28,2,0,0,1,0
1276039,4,2021,2021,1,3,6,1,18,4,34609,0,1,1,-35.268693,146.870841,51,1,0,1,0,2,0,0,2,0,7,100,0,1945,1945,5,23,40,1,0,1,0,0
1276041,4,2021,2021,1,0,5,191,17,13,189,0,1,1,-32.618549,151.113485,64,1,0,1,0,0,0,0,2,0,7,100,2,4026,4026,8,10,40,1,0,1,0,0
1276043,1,2021,2021,1,1,8,27,31,83,34609,0,1,9,-29.704813,152.928124,18,2,1,1,1,0,0,0,2,0,7,50,0,14295,14295,3,33,27,2,0,0,0,1
1276044,2,2021,2021,10,5,6,17,27,252,34609,0,1,1,-33.954584,150.873062,41,0,2,1,1,0,0,0,2,0,7,50,0,941,941,1,5,0,2,0,0,1,0
1276045,2,2021,2021,9,1,6,213,17,132,213,0,1,1,-29.763777,151.060347,33,1,0,0,0,0,0,0,2,0,7,100,2,1981,1981,4,5,0,2,0,0,2,0
1276046,2,2021,2021,10,2,0,2,27,17,34609,0,1,1,-31.97652,152.440398,43,2,1,0,0,2,2,2,0,0,7,50,0,2585,4009,8,10,40,1,0,0,2,0
1276047,1,2021,2021,1,4,8,22,31,237,45,0,1,9,-33.874146,150.959412,24,0,2,1,0,0,0,0,2,2,7,60,1,1282,1282,1,21,5,2,0,0,0,1
1276048,2,2021,2021,1,1,8,2,27,13,34609,0,1,1,-36.798427,149.940559,5,2,1,0,0,2,0,0,2,0,7,60,0,1259,5151,8,21,40,1,0,0,1,0
1276049,2,2021,2021,1,4,1,2,2,30,34609,0,1,1,-32.761525,151.625289,42,2,1,1,2,0,0,0,0,0,7,50,0,4026,4026,1,5,0,2,0,0,1,0
1276050,2,2021,2021,9,1,8,344,27,89,382,0,1,1,-33.667985,150.803263,55,0,2,1,1,0,3,0,2,0,7,80,2,14295,14295,3,10,0,3,0,0,1,0
1276052,4,2021,2021,10,0,7,21,31,224,34609,0,1,1,-33.821147,151.244502,45,0,2,1,1,0,0,0,2,0,7,50,0,1282,1282,1,15,5,2,0,1,0,0