Crash ID,Degree of crash - detailed,Reporting year,Year of crash,Month of crash,Day of week of crash,Two-hour intervals,Street of crash,Street type,Town,Route no.,School zone location,School zone active,Type of location,Latitude,Longitude,LGA,Urbanisation,Conurbation 1,Alignment,Street lighting,Road surface,Surface condition,Weather,Natural lighting,Signals operation,Other traffic control,Speed limit,Road classification,RUM - code,DCA - code,First impact type,Key TU type,Other TU type,No. of traffic units involved,No. killed,No. seriously injured,No. moderately injured,No. minor-other injured
1276053,2,2021,2021,9,5,4,33,31,36,34609,0,1,10,-33.880323,151.180789,69,0,2,1,0,0,0,0,2,0,7,50,0,340,340,9,33,28,2,0,0,1,0
1276055,2,2021,2021,11,4,8,500,27,293,799,0,1,9,-33.931695,151.06009,15,0,2,1,1,0,0,0,2,2,7,60,2,515,515,1,29,5,2,0,0,1,0
1276059,2,2021,2021,9,1,0,83,31,523,34609,0,1,10,-33.917545,150.922195,41,0,2,1,2,0,3,4,0,2,7,40,0,1669,1669,3,5,5,2,0,0,1,0
1276061,2,2021,2021,9,6,7,20,31,433,34609,0,1,7,-33.282371,149.105935,52,2,1,1,1,0,3,4,2,0,0,50,0,6545,6545,4,0,5,2,0,0,1,0
1276063,2,2021,2021,10,1,7,74,27,609,163,0,1,7,-33.777273,150.907614,7,0,2,1,1,0,0,0,2,0,0,60,2,6545,6545,4,5,27,2,0,0,1,0
1276064,4,2021,2021,9,4,6,2209,17,95,2205,0,1,2,-34.405028,150.89248,80,0,2,1,1,0,3,4,2,0,7,80,2,9859,9859,8,5,40,1,0,1,0,0
1276065,1,2021,2021,1,1,8,500,27,145,799,0,1,1,-33.929926,151.070133,15,0,2,1,1,0,0,0,2,0,7,60,2,14295,14295,3,0,36,2,0,0,0,1
1276066,4,2021,2021,10,0,4,5,31,161,96,1,2,1,-33.887573,151.147313,32,0,2,1,1,0,0,0,2,0,7,40,2,9859,9859,1,5,10,3,0,1,0,0
1276067,1,2021,2021,1,6,6,51,31,562,34609,0,1,9,-32.246497,148.613958,22,2,1,1,0,0,0,0,2,0,0,50,0,5929,5929,1,34,13,2,0,0,0,2
1276071,4,2021,2021,11,5,10,230,27,80,284,0,1,2,-33.812441,151.170535,38,0,2,1,2,0,0,6,0,0,7,60,2,1383,1383,1,21,19,2,0,1,0,0
1276073,2,2021,2021,10,0,10,109,27,61,105,0,1,10,-33.894814,150.903061,24,0,2,1,2,0,0,0,3,2,7,60,2,5929,5929,1,5,5,2,0,0,1,0
1276074,1,2021,2021,10,0,6,32,27,52,88,0,1,9,-33.630253,150.738693,55,0,2,1,0,0,0,0,2,0,7,80,2,1282,1282,1,5,40,2,0,0,0,1
1276075,4,2021,2021,10,6,4,60,10,89,34609,0,1,1,-33.893982,151.234923,59,0,2,0,0,0,0,0,2,0,7,30,0,3775,3775,0,22,40,2,0,1,0,0
1276078,4,2021,2021,11,1,5,10,31,204,34609,0,1,10,-33.89785,151.12964,32,0,2,1,0,0,0,0,2,0,7,50,0,186,186,9,0,28,2,0,1,1,0
1276083,4,2021,2021,9,1,9,5,27,1,34609,0,1,1,-37.057451,149.681873,5,2,1,0,0,2,0,0,2,0,7,80,0,1850,1463,5,5,40,1,0,1,0,0
1276086,4,2021,2021,9,2,6,12,1,123,34609,1,0,1,-33.910373,151.225281,59,0,2,1,1,0,0,0,2,0,7,50,0,387,387,1,22,0,2,0,1,0,0
1276087,4,2021,2021,1,5,8,118,27,646,118,0,1,9,-33.92382,151.030411,15,0,2,1,1,0,0,0,3,2,7,60,1,14295,14295,3,16,40,2,0,1,0,0
1276092,2,2021,2021,10,5,8,70,27,26,100,0,1,1,-33.674717,150.606416,8,2,2,1,1,0,3,3,2,0,7,60,2,1669,1669,3,0,0,2,0,0,1,1
1276094,4,2021,2021,9,2,7,23,31,103,34609,0,1,10,-28.822996,153.317815,39,2,1,1,1,0,0,0,2,0,0,50,0,926,926,4,5,13,2,0,2,0,0
1276097,2,2021,2021,10,5,8,161,17,11,161,0,1,9,-36.081629,148.868308,65,1,0,1,0,0,3,4,3,0,7,100,2,945,945,5,8,40,1,0,0,1,0
1276099,2,2021,2021,10,2,8,3,31,69,23,0,1,10,-28.553141,153.499641,10,2,1,1,1,0,0,0,2,0,0,50,1,5929,5929,1,0,18,2,0,0,1,0
1276100,4,2021,2021,10,1,4,26,1,6,22,0,1,9,-32.732406,152.033362,57,2,1,1,1,0,0,0,2,0,7,50,1,9859,9859,1,0,6,2,0,1,0,0
1276102,2,2021,2021,1,4,6,120,36,14,148,0,1,9,-30.468926,152.941959,6,2,1,0,0,0,0,0,2,0,7,70,2,3775,3775,0,5,13,2,0,0,1,0
1276103,2,2021,2021,10,6,7,149,36,40,113,0,1,1,-32.038996,152.481218,43,2,1,1,0,0,0,0,2,0,7,80,1,9859,9859,8,0,40,1,0,0,1,0
1276104,1,2021,2021,11,3,7,34,31,433,34609,0,1,1,-33.277487,149.109851,52,2,1,1,0,0,3,4,2,0,7,50,0,14295,14295,3,33,5,2,0,0,0,1
1276105,4,2021,2021,10,2,9,71,1,39,34609,0,1,9,-31.056975,152.829294,34,2,1,1,2,0,3,4,0,0,7,60,0,2852,2852,4,5,19,2,0,1,0,0
1276108,2,2021,2021,10,6,5,4,31,445,34609,0,1,1,-33.849249,151.047287,21,0,2,1,0,0,3,4,2,0,7,50,0,9859,9859,1,0,12,2,0,0,1,0
1276109,4,2021,2021,11,4,3,515,14,109,518,0,1,3,-33.957829,150.876314,41,0,2,1,1,0,0,0,2,0,7,100,2,14295,14295,3,5,5,3,0,1,1,0
1276110,1,2021,2021,10,2,1,308,14,104,311,0,1,3,-33.740289,150.925241,7,0,2,1,2,0,0,0,0,0,7,100,2,14295,14295,3,5,5,2,0,0,0,1
1276114,4,2021,2021,9,2,5,5,27,11,34609,0,1,1,-32.529176,151.499492,64,2,1,0,0,2,0,0,2,0,7,80,0,418,714,5,16,40,1,0,1,0,0
1276116,4,2021,2021,10,1,3,95,27,14,605,0,1,1,-33.647199,151.32635,50,0,2,0,0,0,0,0,2,0,7,60,2,1850,1463,5,16,40,1,0,1,0,0
1276118,2,2021,2021,10,2,3,15,27,188,140,0,1,10,-33.933195,151.091492,15,0,2,1,1,0,0,0,2,2,7,50,1,14295,14295,3,5,27,2,0,0,1,0
1276120,2,2021,2021,10,5,8,2,27,9,34609,0,1,1,-30.331907,153.031488,19,2,1,0,0,2,0,0,2,0,7,80,0,1850,1463,5,16,40,1,0,0,1,0
1276121,2,2021,2021,5,3,3,21,27,67,34609,0,1,9,-34.424108,150.86842,80,0,2,1,0,0,0,0,2,2,7,50,0,1220,1220,9,5,28,2,0,0,2,0
1276127,2,2021,2021,1,0,11,481,17,155,483,0,1,10,-33.140764,148.171822,53,2,1,0,2,0,0,0,0,0,0,50,2,1957,777,8,16,40,1,0,0,1,0
1276132,2,2021,2021,9,2,0,10,27,51,34609,0,1,1,-34.478884,150.782614,80,0,2,1,3,0,3,0,0,0,7,80,0,4026,4026,8,5,40,1,0,0,1,0
1276134,2,2021,2021,10,0,3,149,10,346,702,0,1,2,-33.883915,151.069597,67,0,2,1,3,0,0,0,1,0,7,70,2,14295,14295,3,9,0,2,0,0,1,0
1276137,2,2021,2021,9,4,6,1,18,49,34609,0,1,1,-34.45862,148.716877,30,2,1,1,3,2,3,3,2,0,7,50,0,4026,4026,8,10,40,1,0,0,1,0
1276138,2,2021,2021,10,0,9,475,31,252,75,0,1,9,-33.882887,151.208419,69,0,2,1,3,0,0,0,3,2,7,40,1,14295,14295,3,0,18,3,0,0,1,0
1276139,2,2021,2021,9,0,7,98,27,128,382,0,1,9,-33.633106,150.778528,29,2,2,1,3,0,3,4,2,0,15,80,2,5929,5929,1,5,36,2,0,0,1,0
1276142,1,2021,2021,6,1,5,1,31,198,34609,0,1,1,-33.915223,151.105582,15,0,2,1,0,0,3,4,2,0,7,50,0,3775,3775,0,33,5,3,0,0,0,1
1276143,2,2021,2021,9,3,7,224,27,387,321,0,1,10,-33.935197,151.193978,4,0,2,1,3,0,3,4,2,1,7,60,2,14295,14295,3,5,5,2,0,0,1,0
1276144,4,2021,2021,9,1,5,74,27,609,18,0,1,9,-33.774512,150.88507,7,0,2,1,1,0,0,0,2,0,7,60,1,2852,2852,4,21,0,2,0,1,0,0
1276145,1,2021,2021,8,5,8,500,27,83,799,0,1,9,-33.915254,151.111644,15,0,2,1,2,0,0,0,3,0,7,60,2,2852,2852,4,5,5,2,0,0,0,1
1276146,2,2021,2021,5,0,8,21,27,4,34609,0,1,1,-28.833611,153.346487,39,2,1,1,0,0,0,0,2,0,7,80,0,1981,1981,4,22,36,2,0,0,1,1
1276147,2,2021,2021,9,4,7,71,27,19,69,0,1,1,-36.354051,148.773632,65,1,0,0,3,0,3,4,2,0,7,100,2,782,957,5,5,40,1,0,0,1,0
1276148,1,2021,2021,9,6,9,24,31,172,34609,0,1,10,-32.749415,151.590462,42,2,1,1,3,0,0,0,2,0,15,50,0,14295,14295,3,5,5,2,0,0,0,1
1276149,1,2021,2021,9,1,9,158,27,68,207,0,1,1,-33.873742,151.247193,81,0,2,0,3,0,0,0,0,0,7,60,2,1282,1282,1,5,19,2,0,0,0,1
1276152,1,2021,2021,10,2,6,31,27,85,41,0,1,10,-33.720043,151.142797,36,0,2,1,1,0,0,0,2,2,7,60,1,5929,5929,1,0,0,2,0,0,0,4
1276153,2,2021,2021,9,1,3,77,31,39,16,0,1,1,-33.767691,150.754062,55,0,2,1,1,0,3,4,1,0,7,80,2,9859,9859,8,5,40,1,0,0,1,0
1276154,2,2021,2021,9,1,8,334,17,41,308,0,1,1,-31.461673,152.817353,56,1,0,1,3,0,0,0,2,0,7,90,2,14295,14295,3,5,0,2,0,0,1,0
1276156,2,2021,2021,10,4,6,2,31,234,34609,0,1,1,-34.290825,146.075987,28,2,1,1,0,0,0,0,2,0,7,50,0,368,368,9,10,28,2,0,0,1,0
1276162,2,2021,2021,9,3,9,81,31,284,2252,0,1,9,-33.906197,151.015708,15,0,2,1,0,0,0,3,2,2,7,70,2,14295,14295,3,5,5,4,0,0,1,0
1276165,4,2021,2021,1,0,4,42,31,166,21,1,2,9,-33.904403,151.174959,32,0,2,1,0,0,0,0,2,0,9,40,1,2040,2040,9,0,28,2,0,1,0,0
1276167,1,2021,2021,9,6,4,2126,17,75,2149,0,1,9,-33.708581,150.35089,8,2,2,1,0,0,3,1,2,0,7,80,2,14295,14295,3,5,5,4,0,0,0,1
1276169,1,2021,2021,10,2,5,1,22,523,34609,0,1,9,-33.924324,150.922134,41,0,2,1,0,0,0,0,2,0,7,30,0,368,368,9,5,28,2,0,0,0,1
1276173,2,2021,2021,1,2,9,112,27,201,256,0,1,7,-34.006806,150.837852,13,0,2,1,2,0,0,0,3,0,0,70,2,6545,6545,4,30,5,2,0,0,1,0
1276175,1,2021,2021,1,4,8,178,27,189,101,0,1,9,-33.940737,151.05437,15,0,2,1,0,0,0,0,2,0,7,50,1,1669,1669,3,21,5,2,0,0,0,2
1276179,2,2021,2021,10,5,8,8,10,165,34609,0,1,2,-32.284073,150.90605,46,2,1,1,1,0,0,0,2,0,7,50,0,4026,4026,8,5,40,1,0,0,1,0
1276184,4,2021,2021,10,3,7,10,27,2,34609,0,1,1,-33.547569,149.607637,3,2,1,1,0,0,0,0,2,0,7,80,0,1945,1945,5,16,40,1,0,1,0,0
1276189,1,2021,2021,10,1,3,68,31,363,34609,0,1,10,-33.816489,151.00117,54,0,2,1,1,0,0,0,2,2,9,40,0,2040,2040,9,27,28,2,0,0,0,1
1276192,4,2021,2021,1,5,8,31,31,445,34609,0,1,9,-33.853447,151.047882,21,0,2,1,2,0,0,0,2,0,7,60,0,6545,6545,4,0,19,2,0,1,1,0
1276194,2,2021,2021,11,6,8,11,31,207,34609,0,1,10,-31.941732,141.474543,51,2,1,1,0,0,0,0,2,0,0,50,0,6545,6545,4,5,0,2,0,0,1,1
1276195,4,2021,2021,10,2,6,13,27,151,34609,0,1,1,-34.029667,150.848895,13,0,2,0,0,0,0,0,2,0,0,50,0,5929,5929,1,0,5,2,0,1,2,0
1276201,4,2021,2021,9,5,11,346,17,8,332,0,1,9,-28.879699,153.195156,39,1,0,1,3,0,0,0,0,0,7,100,2,14295,14295,3,5,0,3,0,1,0,0
1276206,1,2021,2021,9,2,9,232,36,134,331,0,1,2,-33.970204,150.813794,12,0,2,1,3,0,0,0,3,0,7,80,2,14295,14295,3,9,5,2,0,0,0,1
1276211,2,2021,2021,9,2,11,294,17,215,288,0,1,7,-35.115617,147.34571,75,2,1,1,3,0,3,4,0,0,0,60,2,2852,2852,4,5,5,2,0,0,1,0
1276215,4,2021,2021,11,2,5,175,27,86,220,0,1,9,-33.74135,150.917543,7,0,2,1,1,0,3,0,2,2,7,70,2,2852,2852,4,5,13,2,0,1,0,0
1276217,2,2021,2021,11,4,8,8,1,69,34609,1,0,7,-32.933115,151.758785,48,0,2,1,1,0,0,0,2,0,0,50,0,6545,6545,4,5,27,2,0,0,1,0
1276221,1,2021,2021,10,1,5,34,31,98,260,0,1,10,-33.013235,151.593106,37,0,2,1,3,0,3,4,2,2,15,60,2,6545,6545,4,5,5,2,0,0,0,1
1276222,2,2021,2021,11,2,9,27,1,134,34609,0,1,1,-33.520293,151.32115,16,2,2,1,2,0,0,0,3,0,7,50,0,9859,9859,1,5,0,2,0,0,1,0
1276226,2,2021,2021,10,2,6,2126,17,247,2149,0,1,10,-33.813192,150.958651,21,0,2,1,1,0,0,0,2,2,7,80,2,2852,2852,4,5,0,2,0,0,1,0
1276227,4,2021,2021,11,6,2,1,27,31,34609,0,1,7,-33.891853,151.017105,15,0,2,1,0,0,0,0,1,0,0,50,0,6545,6545,4,21,19,2,0,1,0,0
1276231,2,2021,2021,11,5,7,18,31,149,34609,0,1,9,-33.986199,151.131925,25,0,2,1,0,0,0,0,2,0,7,50,0,6545,6545,4,22,5,2,0,0,1,0
1276232,4,2021,2021,10,2,2,5,27,226,34609,0,1,1,-33.772155,150.811544,7,0,2,1,0,0,0,0,1,0,7,50,0,9859,9859,1,0,36,2,0,1,0,0
1276233,4,2021,2021,11,5,10,20,31,363,34609,0,1,1,-33.825222,150.994521,54,0,2,1,2,0,0,0,0,0,7,50,0,2040,2040,9,0,28,2,0,1,0,0
1276234,4,2021,2021,5,6,11,24,1,609,115,0,1,10,-33.765628,150.911037,7,0,2,1,2,0,0,0,0,2,7,60,2,9859,9859,8,5,40,1,0,1,0,0
1276236,2,2021,2021,10,6,9,51,31,80,10,0,1,1,-33.75316,150.653458,55,0,2,1,1,0,3,3,2,0,7,50,1,9859,9859,1,5,13,2,0,0,1,0
1276239,4,2021,2021,10,3,6,916,17,165,917,0,1,2,-32.278803,150.898495,46,2,1,1,0,0,0,0,2,0,7,50,2,515,515,1,0,27,2,0,1,0,0
1276241,4,2021,2021,10,3,5,93,1,11,34609,0,1,9,-33.877733,151.061926,21,0,2,1,0,0,0,0,2,0,7,50,0,9859,9859,8,5,40,1,0,1,0,0
1276244,2,2021,2021,9,4,9,15,27,151,160,0,1,9,-34.019292,150.852181,13,0,2,1,1,0,3,3,2,0,15,60,2,1282,1282,1,5,19,2,0,0,1,0
1276247,1,2021,2021,9,6,4,87,1,225,34609,0,1,10,-33.79663,151.187561,77,0,2,1,1,0,0,0,2,2,7,40,0,5929,5929,1,5,19,2,0,0,0,1
1276249,2,2021,2021,11,5,6,63,27,103,34,0,1,9,-32.9427,151.659667,37,0,2,1,0,0,3,3,2,0,0,60,1,2852,2852,4,5,5,2,0,0,2,0
1276250,4,2021,2021,1,1,7,61,10,87,34609,0,1,9,-33.076801,151.453357,37,0,2,1,1,0,0,0,2,0,0,50,0,5929,5929,1,10,27,2,0,1,0,0
1276254,4,2021,2021,10,2,0,196,36,103,15,0,1,1,-34.227262,148.258356,30,2,1,1,0,2,0,0,0,0,7,80,1,14295,14295,3,5,5,2,0,1,2,2
1276257,2,2021,2021,9,1,8,2209,17,17,2205,0,1,1,-35.531958,150.303718,63,1,0,0,0,0,3,4,2,0,7,100,2,3775,3775,0,5,12,2,0,0,1,0
1276260,4,2021,2021,10,5,7,28,27,251,93,0,1,2,-33.76655,150.942704,7,0,2,1,1,0,3,4,2,0,7,60,1,1282,1282,1,5,5,4,0,1,1,0
1276263,4,2021,2021,9,4,7,3,10,251,34609,0,1,1,-33.776298,150.960657,7,0,2,0,3,0,3,4,2,0,7,50,0,1981,1981,4,30,5,2,0,1,0,0
1276265,4,2021,2021,10,2,11,33,27,16,41,0,1,10,-33.745618,150.73739,55,0,2,1,3,0,0,0,0,2,7,50,1,1383,1383,1,5,5,2,0,1,0,1
1276271,1,2021,2021,10,4,7,40,27,136,34609,1,2,1,-33.91545,151.073341,15,0,2,1,3,0,0,0,2,0,7,40,0,1282,1282,1,0,0,2,0,0,0,1
1276273,1,2021,2021,10,4,8,14,31,165,34609,0,1,10,-33.85458,151.150761,14,0,2,1,3,0,0,0,2,0,15,50,0,6545,6545,4,5,5,2,0,0,0,1
1276277,2,2021,2021,10,3,10,107,22,136,34609,0,1,7,-33.920479,151.075867,15,0,2,1,3,0,0,6,0,0,0,50,0,926,926,4,5,5,2,0,0,1,0
1276279,1,2021,2021,9,2,6,3,27,224,34609,0,1,1,-33.807227,151.247292,45,0,2,1,3,0,0,0,2,0,7,50,0,220,220,8,0,40,2,0,0,0,1
1276281,1,2021,2021,9,2,9,25,27,219,34609,0,1,1,-32.913244,151.665323,48,0,2,1,3,0,0,0,4,0,7,50,0,9859,9859,1,0,13,2,0,0,0,1
1276283,1,2021,2021,9,5,4,194,31,445,18,0,1,1,-33.862857,151.043837,21,0,2,1,3,0,0,0,2,0,7,50,1,1981,1981,4,5,13,3,0,0,0,1
1276287,1,2021,2021,10,5,3,220,27,251,222,0,1,10,-33.774157,150.961216,7,0,2,1,3,0,0,0,2,2,7,80,2,14295,14295,3,0,5,2,0,0,0,1
1276288,1,2021,2021,6,1,3,110,27,113,48,0,1,2,-34.322368,150.882661,80,0,2,0,3,0,0,0,1,0,7,100,2,14295,14295,3,33,12,5,0,0,0,1
1276292,2,2021,2021,10,2,8,24,36,49,56,0,1,1,-34.509842,147.50419,51,1,0,1,3,0,0,0,4,0,7,100,2,475,475,5,5,40,1,0,0,1,0
1276293,1,2021,2021,9,0,3,153,27,290,147,0,1,9,-33.949604,151.119937,4,0,2,1,3,0,3,4,2,0,7,60,2,1391,1391,1,0,5,3,0,0,0,1
1276295,1,2021,2021,0,6,9,5,22,41,34609,0,1,10,-33.864887,150.982272,24,0,2,1,1,0,0,0,2,0,7,50,0,941,941,1,10,5,2,0,0,0,1
1276296,1,2021,2021,9,0,6,3371,31,26,18,0,1,1,-31.188216,152.972263,34,2,1,1,3,0,0,3,2,0,7,50,1,1669,1669,3,0,0,2,0,0,0,1
1276299,1,2021,2021,10,2,8,4,31,346,34609,0,1,1,-33.873432,151.096206,9,0,2,1,3,0,0,0,3,0,7,50,0,9859,9859,8,5,40,1,0,0,0,1
1276304,2,2021,2021,10,3,4,12,27,10,34609,0,1,1,-32.958614,151.711117,37,0,2,1,0,0,0,0,2,0,7,60,0,14295,14295,3,0,13,3,0,0,1,0
1276307,1,2021,2021,11,6,8,485,27,232,769,0,1,10,-33.690517,150.922224,7,0,2,1,3,0,0,0,2,2,7,80,2,14295,14295,3,10,25,2,0,0,0,1
1276311,4,2021,2021,9,2,10,62,10,55,169,0,1,1,-32.826207,151.540951,17,2,1,1,0,0,0,0,0,0,7,60,2,83,83,5,16,40,1,0,1,0,0
1276314,2,2021,2021,11,4,7,4,10,323,34609,0,1,7,-33.804084,150.836863,7,0,2,1,0,0,0,0,2,0,0,50,0,1850,777,5,29,40,3,0,0,1,1
1276315,4,2021,2021,10,3,4,3371,17,16,3342,0,1,2,-31.927117,152.501077,43,1,0,0,0,0,0,0,2,0,7,110,2,4552,5151,8,5,40,1,0,2,0,0
1276316,4,2021,2021,10,6,6,5,27,107,34609,0,1,1,-33.290413,151.431643,16,2,2,1,0,0,3,3,2,0,7,50,0,214,214,9,5,28,2,0,1,0,0
1276318,4,2021,2021,10,2,6,3,27,3,34609,0,1,1,-32.195979,151.099512,46,1,0,0,0,2,0,3,2,0,7,100,0,782,957,5,10,40,1,0,1,0,0
1276319,4,2021,2021,10,3,6,5,27,56,34609,0,1,1,-32.725371,151.324359,17,2,1,1,0,0,0,0,2,0,7,80,0,945,945,5,16,40,1,0,1,0,0
1276321,4,2021,2021,10,6,9,2,27,2,34609,0,1,1,-31.812577,145.710851,51,1,0,1,0,0,0,0,2,0,7,100,0,945,945,5,10,40,1,0,1,0,0
1276322,2,2021,2021,10,0,5,12,31,460,34609,0,1,1,-33.835117,150.988189,21,0,2,1,1,0,0,0,2,2,9,40,0,1981,1981,4,5,0,2,0,0,1,0
1276323,4,2021,2021,10,4,6,97,27,271,799,0,1,10,-33.936085,151.011337,15,0,2,1,2,0,0,0,2,2,7,70,2,14295,14295,3,0,13,2,0,1,0,0
1276326,2,2021,2021,10,6,6,308,14,88,311,0,1,3,-33.752228,150.846472,7,0,2,1,0,0,3,4,2,0,7,100,2,1282,1282,1,3,13,2,0,0,1,0
1276327,2,2021,2021,11,5,8,34,31,12,34609,0,1,1,-33.804589,151.259299,50,0,2,1,1,0,0,0,2,0,7,50,0,9859,9859,1,5,5,2,0,0,1,0
1276330,1,2021,2021,11,0,10,72,27,22,102,0,1,1,-33.795936,151.278686,50,0,2,1,2,0,0,0,0,0,7,60,2,9859,9859,1,0,5,3,0,0,0,1
1276333,2,2021,2021,10,0,8,3371,17,21,3342,0,1,7,-28.584127,153.543589,10,2,1,1,3,0,0,0,2,0,0,60,2,14295,14295,3,5,36,2,0,0,1,0
1276334,1,2021,2021,10,4,9,82,31,83,34609,0,1,9,-33.910417,151.11767,15,0,2,1,3,2,0,0,2,0,0,50,0,14295,14295,3,5,5,2,0,0,0,1
1276337,4,2021,2021,10,6,6,77,27,25,100,0,1,1,-34.522784,150.398404,78,1,0,0,0,0,0,0,2,0,7,90,2,3775,3775,0,0,0,2,0,3,0,0
1276338,1,2021,2021,10,1,7,46,27,173,115,0,1,1,-33.709848,151.127883,36,0,2,0,3,0,0,0,2,0,7,60,1,14295,14295,3,5,5,3,0,0,0,1
1276339,1,2021,2021,10,5,9,6,27,438,34609,0,1,7,-33.848648,151.037476,21,0,2,1,3,0,0,0,3,0,0,50,0,6545,6545,4,0,5,2,0,0,0,1
1276343,1,2021,2021,9,1,10,63,27,29,34609,0,1,1,-31.083554,150.949151,70,2,1,0,3,0,0,0,0,0,7,50,0,3775,3775,0,5,5,2,0,0,0,1
1276347,1,2021,2021,9,6,6,2209,17,12,2205,0,1,1,-36.19166,150.117392,23,1,0,0,3,0,0,0,2,0,7,100,2,4552,5151,8,30,40,1,0,0,0,1
1276349,1,2021,2021,9,4,7,154,27,293,244,0,1,10,-33.923849,151.057306,15,0,2,1,3,0,0,0,2,1,7,60,2,1391,1391,1,5,0,2,0,0,0,1
1276350,1,2021,2021,5,0,8,2,27,2,34609,0,1,9,-31.833558,152.286694,43,2,1,0,3,0,3,3,2,0,7,80,0,1850,1463,5,16,40,1,0,0,0,1
1276352,1,2021,2021,10,6,4,90,31,173,165,0,1,9,-33.88322,151.218589,69,0,2,1,1,0,0,0,2,0,7,50,2,591,591,1,22,40,2,0,0,0,1
1276353,2,2021,2021,10,2,8,48,31,79,34609,0,1,10,-33.579954,150.715409,29,2,2,1,1,0,0,0,2,0,0,50,0,6545,6545,4,5,0,2,0,0,1,0
1276357,4,2021,2021,10,4,7,62,10,55,169,0,1,7,-32.830187,151.527798,17,2,1,0,1,0,0,0,2,0,0,60,2,2585,4009,8,16,40,1,0,1,0,0
1276358,4,2021,2021,10,0,6,330,1,39,34609,0,1,9,-34.037676,150.758056,12,0,2,1,1,0,0,0,2,0,7,60,0,775,775,4,30,12,2,0,1,0,0
1276363,2,2021,2021,9,2,4,2,27,2,34609,0,1,1,-32.623662,149.378512,44,1,0,0,0,0,0,0,2,0,7,100,0,1089,1089,7,16,40,1,0,0,1,0
1276367,1,2021,2021,10,3,8,1,31,94,34609,0,1,1,-33.888102,150.934265,24,0,2,1,0,0,0,0,2,0,7,50,0,9859,9859,1,16,0,3,0,0,0,1
1276368,4,2021,2021,9,5,5,67,27,157,55,0,1,9,-34.01719,151.106254,68,0,2,1,1,0,0,0,2,2,7,70,2,5929,5929,1,5,10,2,0,1,0,1
1276370,4,2021,2021,10,2,8,100,27,62,799,1,0,9,-33.897632,151.147104,32,0,2,1,1,0,0,0,2,2,7,60,2,404,404,8,15,40,1,0,1,0,0
1276371,2,2021,2021,9,5,9,10,31,67,34609,0,1,1,-33.705385,150.89838,7,0,2,1,1,0,0,0,3,0,7,50,0,9859,9859,1,0,0,2,0,0,1,0
1276373,2,2021,2021,10,6,7,60,27,253,331,0,1,10,-33.962761,151.104046,25,0,2,1,1,0,0,0,2,2,7,60,2,6545,6545,4,30,19,2,0,0,1,0
1276374,4,2021,2021,10,6,8,109,27,460,106,0,1,9,-33.835734,150.985969,21,0,2,1,0,0,3,4,2,0,0,60,1,340,340,9,0,28,2,0,1,0,0
1276376,1,2021,2021,9,2,5,2,31,32,34609,1,0,9,-33.865288,150.972504,24,0,2,1,3,0,0,0,2,0,0,50,0,2852,2852,4,30,25,2,0,0,0,1
1276377,4,2021,2021,10,3,10,109,27,70,62,0,1,1,-32.745395,151.545749,42,2,1,1,0,0,0,0,0,0,7,70,2,2040,2040,9,5,28,2,0,1,0,0
1276382,1,2021,2021,10,6,7,9,27,224,44,0,1,1,-33.823134,151.242516,45,0,2,1,3,0,0,0,2,0,7,50,1,14295,14295,3,0,12,2,0,0,0,1
1276385,2,2021,2021,9,2,6,10,27,42,91,0,1,9,-35.338888,149.242944,58,2,1,1,3,0,0,3,2,0,7,60,2,5929,5929,1,34,0,2,0,0,1,0
1276394,2,2021,2021,10,0,8,65,27,202,563,0,1,9,-33.937642,151.03623,15,0,2,1,3,0,0,0,2,0,0,70,2,14295,14295,3,5,5,3,0,0,1,0
1276404,1,2021,2021,11,1,6,11,27,239,34609,0,1,9,-34.031657,151.132316,68,0,2,1,3,0,0,0,2,0,7,50,0,14295,14295,3,0,41,3,0,0,0,1
1276406,1,2021,2021,10,5,5,20,31,204,244,0,1,10,-33.889989,151.117231,32,0,2,1,3,0,0,0,2,2,7,60,2,6545,6545,4,5,13,2,0,0,0,1
1276409,1,2021,2021,9,1,3,192,10,57,114,0,1,7,-33.445817,151.37214,16,2,2,0,3,0,3,4,2,0,0,70,2,273,985,5,5,40,1,0,0,0,1
1276410,2,2021,2021,10,4,5,11,27,38,6,0,1,9,-33.947999,151.073394,25,0,2,1,1,0,0,0,2,0,7,50,1,3775,3775,0,5,35,2,0,0,1,0
1276411,1,2021,2021,8,1,9,4,27,63,34609,0,1,1,-33.256156,151.47474,16,2,2,1,2,0,0,0,0,0,7,50,0,368,368,9,10,28,2,0,0,0,1
1276412,4,2021,2021,11,4,8,500,27,293,799,0,1,9,-33.932541,151.041855,15,0,2,1,1,0,0,0,2,1,7,60,2,5929,5929,1,5,5,2,0,1,0,1
1276416,2,2021,2021,11,6,8,178,27,189,101,0,1,1,-33.944013,151.053682,15,0,2,1,1,0,0,0,2,0,7,50,1,2040,2040,9,5,28,2,0,0,1,0
1276417,1,2021,2021,10,2,8,133,31,90,56,0,1,1,-33.889673,151.240422,81,0,2,1,3,0,0,0,2,0,7,50,1,14295,14295,3,5,0,2,0,0,0,1
1276418,2,2021,2021,10,4,9,69,31,445,59,0,1,9,-33.865707,151.047772,21,0,2,1,3,0,0,0,0,0,7,60,1,256,256,4,0,0,3,0,0,1,0