Crash ID,Degree of crash - detailed,Reporting year,Year of crash,Month of crash,Day of week of crash,Two-hour intervals,Street of crash,Street type,Town,Route no.,School zone location,School zone active,Type of location,Latitude,Longitude,LGA,Urbanisation,Conurbation 1,Alignment,Street lighting,Road surface,Surface condition,Weather,Natural lighting,Signals operation,Other traffic control,Speed limit,Road classification,RUM - code,DCA - code,First impact type,Key TU type,Other TU type,No. of traffic units involved,No. killed,No. seriously injured,No. moderately injured,No. minor-other injured
1276421,4,2021,2021,9,6,3,38,27,43,70,0,1,1,-33.733127,150.796475,7,0,2,1,0,0,0,0,2,0,7,60,1,9859,9859,1,0,5,2,0,1,0,0
1276422,2,2021,2021,11,6,4,23,1,179,70,0,1,9,-31.905552,152.473371,43,2,1,1,1,0,0,3,2,0,7,60,1,14295,14295,3,5,5,2,0,0,1,0
1276425,1,2021,2021,9,4,6,4,10,28,34609,1,0,1,-34.081867,150.8035,13,0,2,0,0,0,3,4,2,0,7,60,0,4552,5151,1,5,0,3,0,0,0,1
1276427,4,2021,2021,1,1,2,145,31,80,61,0,1,9,-33.817065,151.15964,38,0,2,1,2,0,0,0,0,0,7,50,1,2040,2040,9,5,28,2,0,1,0,0
1276435,4,2021,2021,10,6,5,2261,17,35,2252,0,1,3,-34.199206,150.705385,79,1,2,1,0,0,0,0,2,0,7,110,2,14295,14295,3,21,35,2,0,1,0,0
1276440,2,2021,2021,9,6,4,27,31,438,34609,0,1,7,-33.851604,151.03009,21,0,2,1,0,0,3,3,2,0,0,50,0,6545,6545,4,0,0,2,0,0,1,0
1276449,2,2021,2021,10,4,4,1,10,85,34609,0,1,1,-33.803568,150.680642,55,0,2,1,1,0,0,0,2,0,7,50,0,1192,1192,1,5,27,3,0,0,1,0
1276450,2,2021,2021,9,4,9,6,27,438,34609,0,1,7,-33.848625,151.037613,21,0,2,1,2,0,3,4,0,0,0,50,0,5929,5929,1,15,5,2,0,0,1,0
1276451,2,2021,2021,10,2,5,2209,17,51,2205,0,1,1,-34.468717,150.825952,80,0,2,1,0,0,0,0,2,0,0,70,2,1945,1945,5,16,40,1,0,0,1,0
1276452,2,2021,2021,11,0,7,3,10,7,34609,0,1,1,-32.848025,151.628962,48,0,2,0,0,0,0,0,2,0,7,80,0,4552,5151,8,16,40,1,0,0,1,0
1276456,4,2021,2021,11,4,6,41,27,53,34609,0,1,1,-33.375031,151.455476,16,2,2,0,1,0,0,0,2,0,7,50,0,2585,4009,8,9,40,2,0,1,0,0
1276458,4,2021,2021,10,1,3,134,10,104,133,0,1,2,-33.830127,151.02055,54,0,2,0,1,0,3,4,2,0,7,70,2,1957,4009,8,34,40,1,0,1,0,0
1276459,1,2021,2021,9,3,6,1052,14,207,928,0,1,3,-33.543087,151.19753,31,0,2,1,3,0,3,3,2,0,7,110,2,14295,14295,3,5,0,2,0,0,0,1
1276461,2,2021,2021,11,0,9,2209,17,27,2205,0,1,2,-34.539329,150.784758,80,0,2,1,2,0,0,0,0,0,7,80,2,4026,4026,8,0,40,1,0,0,1,0
1276465,4,2021,2021,10,5,8,8,27,28,34609,0,1,1,-33.915451,150.880829,41,0,2,1,1,0,0,0,2,0,7,50,0,5929,5929,1,30,19,2,0,1,0,0
1276467,4,2021,2021,1,6,3,133,10,316,121,0,1,2,-31.461609,152.896396,56,2,1,1,1,0,0,0,2,0,7,70,1,9859,9859,8,5,40,1,0,1,0,0
1276468,2,2021,2021,1,2,3,2209,17,157,2205,0,1,2,-34.013267,151.094197,68,0,2,1,1,0,0,0,2,2,9,70,2,9859,9859,8,9,40,2,0,0,1,0
1276469,1,2021,2021,10,4,4,11,27,134,34609,0,1,9,-33.955742,150.791245,12,0,2,1,0,0,0,0,2,0,0,70,0,5929,5929,1,5,5,2,0,0,0,1
1276470,2,2021,2021,10,1,3,3371,17,24,3342,0,1,2,-32.65168,151.887328,57,1,0,1,0,0,0,0,1,0,7,110,2,9859,9859,8,29,40,1,0,0,1,0
1276472,4,2021,2021,11,3,6,1,27,4,34609,0,1,1,-34.601797,149.757614,26,1,0,0,0,0,0,0,2,0,7,100,0,1850,1463,5,10,40,1,0,1,0,0
1276473,2,2021,2021,11,1,2,2126,17,62,2149,0,1,2,-33.886631,151.140213,32,0,2,1,1,0,0,0,0,0,7,60,2,1981,1981,4,9,20,2,0,0,2,0
1276474,2,2021,2021,11,0,7,1104,14,41,962,0,1,3,-33.826929,151.01019,54,0,2,1,0,0,0,0,2,0,7,90,2,14295,14295,3,5,0,2,0,0,1,0
1276475,4,2021,2021,11,2,8,38,27,189,165,0,1,10,-33.946327,151.059906,15,0,2,1,1,0,0,0,2,2,7,50,1,5929,5929,1,5,27,2,0,1,0,0
1276477,4,2021,2021,11,5,10,65,27,202,563,0,1,2,-33.938514,151.035913,15,0,2,1,2,0,0,0,0,0,7,70,2,4026,4026,8,0,40,1,0,1,0,0
1276478,2,2021,2021,11,0,11,83,27,3,72,0,1,1,-28.789281,153.316145,39,1,0,1,0,0,0,0,0,0,7,100,2,4026,4026,8,5,40,1,0,0,1,0
1276480,4,2021,2021,11,6,5,150,27,197,415,0,1,10,-33.797812,151.115071,61,0,2,1,2,0,0,0,2,2,7,70,2,5929,5929,1,0,0,3,0,2,2,0
1276482,4,2021,2021,9,6,8,1,31,215,34609,0,1,9,-35.109712,147.368985,75,2,1,0,3,0,3,4,2,0,7,50,0,941,941,1,5,13,2,0,1,0,0
1276483,2,2021,2021,11,6,8,9,31,166,143,0,1,7,-33.428873,149.576841,3,2,1,1,1,0,3,3,2,0,0,60,2,6545,6545,4,5,27,2,0,0,2,0
1276484,4,2021,2021,11,4,4,54,27,61,49,0,1,10,-32.9287,151.731758,48,0,2,1,0,0,0,0,2,0,0,60,1,1669,1669,3,30,19,2,0,1,0,0
1276485,2,2021,2021,11,4,10,17,31,433,34609,0,1,1,-33.286207,149.090534,52,2,1,1,2,0,0,0,0,0,7,50,0,9859,9859,1,34,0,3,0,0,1,0
1276486,1,2021,2021,11,5,0,2261,17,44,2252,0,1,2,-35.304779,147.694873,75,1,0,1,0,0,0,0,0,0,7,110,2,204,204,1,3,2,2,0,0,0,1
1276487,2,2021,2021,11,1,6,1,25,14,34609,0,1,1,-36.174098,150.129885,23,2,1,1,1,0,0,0,2,0,7,50,0,9859,9859,8,30,40,1,0,0,2,0
1276488,4,2021,2021,11,0,7,24,31,314,34609,0,1,9,-33.856178,150.93103,24,0,2,1,0,0,0,0,2,0,0,50,0,1669,1669,3,16,5,2,0,1,0,0
1276492,2,2021,2021,10,3,7,169,27,40,61,0,1,10,-33.827126,151.188362,38,0,2,1,1,0,0,0,2,2,7,50,1,1669,1669,3,5,13,2,0,0,1,0
1276494,1,2021,2021,10,0,11,2126,17,223,2149,0,1,10,-33.805017,150.927436,7,0,2,1,2,0,0,0,0,2,7,80,2,782,985,5,5,40,1,0,0,0,1
1276500,1,2021,2021,9,3,8,3371,17,60,3342,0,1,1,-33.437921,151.252744,16,2,2,0,3,0,3,4,2,0,7,60,2,2585,4009,8,5,40,1,0,0,0,2
1276501,2,2021,2021,9,0,8,40,27,136,32,0,1,9,-33.918316,151.075043,15,0,2,1,3,0,0,0,4,0,0,50,1,14295,14295,3,5,5,2,0,0,1,0
1276502,4,2021,2021,9,6,10,515,14,188,518,0,1,3,-33.936207,151.110735,15,0,2,1,3,0,0,0,0,0,7,80,2,9859,9859,8,16,40,1,0,1,0,0
1276505,1,2021,2021,9,3,5,2126,17,247,2149,0,1,9,-33.808467,150.937199,21,0,2,1,3,0,3,4,2,2,9,80,2,14295,14295,3,30,5,3,0,0,0,1
1276506,1,2021,2021,10,6,9,8,31,86,34609,0,1,7,-33.73991,151.216207,50,0,2,1,1,0,0,0,3,0,0,50,0,6545,6545,4,5,19,2,0,0,0,1
1276507,1,2021,2021,10,4,4,195,27,49,186,0,1,2,-33.906567,150.854901,41,0,2,1,3,0,3,3,2,0,7,70,2,14295,14295,3,5,5,3,0,0,0,1
1276513,1,2021,2021,9,5,3,8,27,4,34609,0,1,1,-34.028141,150.876777,13,0,2,1,0,0,0,0,2,0,7,70,0,9859,9859,8,5,40,1,0,0,0,1
1276515,1,2021,2021,11,3,0,296,27,460,293,0,1,9,-33.838273,151.000114,21,0,2,1,1,0,0,0,0,0,7,70,2,1282,1282,1,16,40,1,0,0,0,1
1276516,1,2021,2021,11,2,9,21,31,46,34609,0,1,1,-28.825293,153.295061,39,2,1,1,2,0,0,0,0,0,7,50,0,4026,4026,8,5,40,1,0,0,0,1
1276517,2,2021,2021,10,3,6,59,27,252,41,0,1,10,-33.942242,150.867401,41,0,2,1,1,0,0,0,2,2,7,60,1,5929,5929,1,5,36,2,0,0,1,0
1276518,4,2021,2021,11,1,0,103,36,14,103,0,1,1,-32.355592,151.944365,43,1,0,0,1,0,0,0,0,0,7,90,1,1089,1089,7,0,40,1,0,1,1,0
1276520,1,2021,2021,10,6,7,485,27,187,769,0,1,9,-33.791692,150.997886,54,0,2,1,1,0,0,0,2,2,7,60,2,14295,14295,3,8,0,2,0,0,0,1
1276521,1,2021,2021,6,3,0,251,27,62,212,0,1,2,-33.753393,151.258434,50,0,2,0,2,0,0,0,0,0,7,70,2,2585,4009,8,17,40,1,0,0,0,1
1276524,1,2021,2021,10,3,8,26,27,243,160,0,1,1,-33.961079,150.891854,41,0,2,1,3,0,0,0,3,0,7,60,2,14295,14295,3,0,5,2,0,0,0,2
1276525,4,2021,2021,10,6,7,2261,17,243,2252,0,1,9,-33.954924,150.896178,41,0,2,1,1,0,0,0,2,2,7,70,2,5929,5929,1,5,0,2,0,1,1,0
1276530,4,2021,2021,10,4,6,95,31,76,34609,0,1,1,-34.556852,150.372112,78,2,1,1,0,0,0,0,2,0,7,50,0,9859,9859,1,0,5,2,0,2,0,0
1276531,4,2021,2021,10,1,9,127,27,182,169,0,1,1,-32.828808,151.362692,17,2,1,1,1,0,0,0,3,0,9,60,2,591,591,1,22,5,2,0,1,0,0
1276533,2,2021,2021,11,6,10,74,23,100,260,0,1,1,-33.958722,151.157409,4,0,2,1,2,0,0,0,0,0,7,60,2,4026,4026,8,5,40,1,0,0,1,0
1276536,2,2021,2021,1,6,4,2126,17,136,2149,0,1,1,-33.860792,151.074945,67,0,2,1,1,0,0,0,2,0,7,60,2,9859,9859,8,9,40,1,0,0,1,0
1276537,4,2021,2021,10,2,6,19,27,36,19,0,1,1,-33.398634,151.212122,16,1,2,0,1,0,0,0,2,0,7,100,1,782,957,5,16,40,1,0,1,0,0
1276538,2,2021,2021,10,3,4,98,27,128,382,0,1,7,-33.639746,150.784272,29,2,2,1,0,0,0,0,2,0,0,80,2,2852,2852,4,5,19,2,0,0,1,0
1276542,1,2021,2021,9,0,9,3,31,96,34609,0,1,10,-35.349742,149.231691,58,2,1,1,2,0,0,3,3,0,0,50,0,2852,2852,4,5,5,2,0,0,0,1
1276543,2,2021,2021,5,1,8,4,31,8,169,0,1,9,-32.827581,151.488802,17,2,1,1,3,0,0,0,2,0,7,60,2,3775,3775,0,5,5,2,0,0,1,0
1276547,2,2021,2021,11,4,8,829,27,149,770,0,1,2,-33.868885,151.176199,32,0,2,1,1,0,0,6,2,0,7,40,2,1192,1192,1,5,0,2,0,0,1,0
1276548,2,2021,2021,10,0,3,2126,17,283,2149,0,1,9,-33.831812,151.014954,54,0,2,1,1,0,0,0,2,0,7,60,2,2852,2852,4,33,0,2,0,0,1,0
1276549,4,2021,2021,1,4,3,2209,17,79,2205,0,1,9,-33.981353,151.118349,25,0,2,1,0,0,0,0,1,0,0,70,2,6545,6545,4,5,13,2,0,1,1,0
1276550,2,2021,2021,10,6,7,13,27,243,34609,0,1,10,-33.955555,150.884766,41,0,2,1,1,0,0,0,2,0,15,50,0,6545,6545,4,0,13,2,0,0,2,1
1276553,1,2021,2021,10,0,4,11,31,176,34609,0,1,1,-33.969717,151.139231,4,0,2,1,3,0,0,0,2,0,7,50,0,1282,1282,1,21,27,2,0,0,0,1
1276554,1,2021,2021,9,4,7,62,27,39,166,0,1,9,-33.24265,151.46312,16,2,2,1,3,0,3,4,2,2,7,80,2,14295,14295,3,29,0,3,0,0,0,1
1276556,1,2021,2021,9,6,8,111,27,102,233,0,1,9,-33.967192,151.231245,59,0,2,0,3,0,0,0,2,2,7,60,1,5929,5929,1,0,12,2,0,0,0,1
1276557,2,2021,2021,10,0,8,6,27,443,44,0,1,9,-33.898878,151.058487,15,0,2,1,1,0,0,0,2,0,0,60,1,1220,1220,9,10,28,2,0,0,1,0
1276559,2,2021,2021,9,1,7,829,27,124,770,0,1,9,-33.811379,151.034761,54,0,2,0,1,0,3,0,2,0,7,60,2,1282,1282,1,33,19,2,0,0,1,0
1276562,2,2021,2021,9,4,5,8,31,171,34609,0,1,1,-33.81327,150.971697,21,0,2,0,1,0,0,3,2,0,7,50,0,78,78,8,5,40,2,0,0,1,0
1276566,1,2021,2021,10,4,7,9,1,224,34609,0,1,1,-33.831823,151.230336,45,0,2,1,3,0,0,0,2,0,7,50,0,1282,1282,1,0,36,2,0,0,0,1
1276567,1,2021,2021,9,0,4,33,31,36,22,0,1,10,-33.884268,151.183933,69,0,2,1,3,0,3,3,2,0,0,50,2,6545,6545,4,5,5,2,0,0,0,1
1276568,1,2021,2021,9,5,6,829,27,165,770,0,1,10,-33.851035,151.154582,14,0,2,1,3,0,0,0,2,2,7,60,2,14295,14295,3,5,5,3,0,0,0,1
1276569,1,2021,2021,7,2,6,2,31,309,34609,0,1,9,-33.816394,151.097763,61,0,2,1,3,0,0,0,2,0,7,50,0,9859,9859,1,5,5,2,0,0,0,1
1276576,1,2021,2021,10,3,7,1052,14,173,928,0,1,3,-33.709765,151.116727,36,0,2,1,3,0,0,0,2,0,7,80,2,14295,14295,3,10,13,3,0,0,0,1
1276578,1,2021,2021,9,0,9,11,10,2,34609,0,1,1,-36.045619,147.019898,0,2,1,1,3,2,3,4,3,0,7,80,0,9859,9859,8,10,40,1,0,0,0,1
1276579,2,2021,2021,9,5,7,83,27,4,34609,0,1,9,-28.669304,153.582429,10,2,1,0,3,0,0,0,2,0,7,80,0,14295,14295,3,19,36,2,0,0,2,0
1276581,1,2021,2021,10,1,8,1104,14,142,962,0,1,3,-33.827858,150.999378,54,0,2,1,3,0,0,0,2,0,7,90,2,14295,14295,3,8,5,2,0,0,0,1
1276584,1,2021,2021,9,4,5,34,31,169,99,0,1,1,-33.900308,151.210846,69,0,2,1,3,0,0,3,2,0,7,50,2,1282,1282,1,10,5,2,0,0,0,1
1276589,1,2021,2021,9,0,6,14,27,5,41,0,1,1,-29.032716,153.26653,60,1,0,0,3,0,0,0,2,0,7,100,1,14295,14295,3,0,13,2,0,0,0,1
1276590,1,2021,2021,10,4,9,387,27,290,331,0,1,1,-33.960555,151.116517,4,0,2,1,3,0,0,0,3,0,7,60,2,1282,1282,1,0,0,2,0,0,0,1
1276591,1,2021,2021,9,4,4,15,31,75,34609,0,1,10,-33.881536,151.118175,32,0,2,1,3,0,0,0,2,0,15,50,0,6545,6545,4,5,0,2,0,0,0,1
1276594,4,2021,2021,9,5,9,33,1,31,34609,1,0,9,-33.926567,150.890314,41,0,2,1,3,0,0,0,0,0,7,50,0,1282,1282,1,10,5,2,0,1,0,0
1276595,1,2021,2021,9,5,4,92,27,55,63,0,1,1,-33.904097,151.08473,15,0,2,1,3,0,0,0,2,0,7,50,1,14295,14295,3,5,0,3,0,0,0,1
1276599,1,2021,2021,9,1,8,251,27,62,212,0,1,9,-33.755027,151.262944,50,0,2,0,3,0,0,0,2,3,7,70,2,1391,1391,1,10,5,2,0,0,0,1
1276600,2,2021,2021,1,2,8,330,23,123,233,0,1,10,-33.901485,151.222705,69,0,2,1,3,0,0,0,2,2,7,60,2,14295,14295,3,0,5,2,0,0,1,0
1276601,2,2021,2021,10,1,4,478,17,96,480,0,1,10,-33.433761,151.389936,16,2,2,1,3,0,0,0,2,2,7,60,2,4552,985,8,0,40,2,0,0,1,0
1276605,2,2021,2021,9,5,7,104,27,443,702,0,1,9,-33.915768,151.062943,15,0,2,0,1,0,0,0,2,2,7,60,2,5929,5929,1,10,13,3,0,0,1,0
1276612,1,2021,2021,9,2,8,4,31,77,34609,0,1,1,-33.869231,150.937906,24,0,2,1,1,0,0,0,2,0,7,50,0,2040,2040,9,5,28,2,0,0,0,1
1276614,4,2021,2021,10,6,2,1052,14,83,928,0,1,3,-33.494652,151.18687,16,1,2,1,2,0,3,4,0,0,7,90,2,9859,9859,8,5,40,1,0,1,0,0
1276615,2,2021,2021,1,2,9,3,31,44,34609,0,1,9,-33.946919,151.146305,4,0,2,1,2,0,0,0,0,0,7,50,0,1109,787,1,5,5,2,0,0,1,0
1276617,4,2021,2021,10,3,5,35,34,13,34609,0,1,1,-35.114002,150.45785,63,2,1,1,0,2,0,0,2,0,7,40,0,404,404,8,16,40,1,0,1,0,0
1276623,2,2021,2021,9,1,3,60,27,40,167,1,0,10,-34.019078,151.121914,68,0,2,1,3,0,0,0,2,2,7,70,2,5929,5929,1,9,5,2,0,0,1,0
1276624,2,2021,2021,10,5,4,78,17,532,75,0,1,8,-33.854007,151.209542,69,0,2,1,3,0,0,0,2,0,7,70,2,1391,1391,1,9,5,2,0,0,1,0
1276638,2,2021,2021,9,0,10,11,1,73,34609,0,1,9,-35.14038,147.375207,75,2,1,1,2,0,0,0,0,2,7,60,0,5929,5929,1,5,5,2,0,0,1,1
1276643,2,2021,2021,10,0,8,149,27,294,198,0,1,9,-33.929142,150.931229,41,0,2,0,1,0,0,0,2,2,7,60,2,14295,14295,3,8,5,3,0,0,1,0
1276647,4,2021,2021,9,6,4,119,27,189,34609,0,1,1,-33.951045,151.052167,25,0,2,1,1,0,0,3,2,0,7,50,0,186,186,9,0,28,2,0,1,0,0
1276650,4,2021,2021,10,5,10,128,27,61,133,0,1,1,-33.800816,150.652936,55,0,2,1,2,0,3,5,0,0,7,80,2,3775,3775,0,5,13,2,0,2,1,0
1276651,2,2021,2021,10,6,3,7,27,14,34609,0,1,1,-34.719454,149.543588,26,2,1,1,0,0,0,0,2,0,7,40,0,623,623,3,8,13,2,0,0,1,0
1276652,4,2021,2021,10,4,7,1,27,10,34609,0,1,1,-32.816176,148.282808,53,1,0,1,0,2,0,0,2,0,7,100,0,945,945,5,30,40,1,0,2,1,0
1276653,4,2021,2021,10,2,7,195,27,46,186,0,1,10,-33.929145,150.84713,41,0,2,1,1,0,0,0,2,2,7,70,2,2852,2852,4,0,5,2,0,2,0,0
1276657,1,2021,2021,1,4,7,59,10,89,34609,0,1,10,-33.896096,151.239073,59,0,2,0,0,0,0,0,2,0,15,30,0,515,515,1,5,27,2,0,0,0,1
1276660,2,2021,2021,11,1,7,1,31,14,34609,0,1,1,-33.063876,151.647825,37,0,2,0,0,2,0,0,2,0,7,50,0,4552,5151,8,5,40,1,0,0,1,0
1276662,4,2021,2021,10,6,6,4,31,443,34609,0,1,1,-33.907032,151.066411,67,0,2,1,1,0,0,3,2,0,7,50,0,14295,14295,3,5,5,2,0,1,0,0
1276666,2,2021,2021,1,4,9,89,36,3,17,0,1,1,-29.182464,152.629971,18,2,1,0,2,0,0,0,0,0,7,50,1,52,52,8,33,40,1,0,0,1,0
1276667,2,2021,2021,1,4,7,1104,14,438,962,0,1,3,-33.840869,151.040529,21,0,2,1,1,0,0,0,2,0,7,90,2,1192,1192,1,8,0,2,0,0,1,0
1276668,2,2021,2021,10,6,6,3371,17,143,3342,0,1,9,-33.700156,151.099961,31,0,2,1,1,0,0,0,2,0,2,60,2,2852,2852,4,5,0,2,0,0,2,0
1276671,2,2021,2021,10,6,7,348,17,10,232,0,1,1,-32.684363,149.704416,44,1,0,1,0,0,0,0,2,0,7,100,2,9859,9859,8,5,40,1,0,0,1,0
1276674,2,2021,2021,10,6,4,204,27,134,34609,0,1,7,-33.510883,151.322784,16,2,2,1,1,0,0,0,2,0,0,50,0,6545,6545,4,0,27,2,0,0,1,0
1276675,4,2021,2021,10,1,5,103,27,33,167,0,1,9,-33.981355,151.136746,25,0,2,1,1,0,1,0,2,0,0,60,2,926,926,4,5,0,4,0,1,0,0
1276676,4,2021,2021,10,5,4,2209,17,29,2205,0,1,1,-36.971863,149.879127,5,1,0,0,0,0,3,4,2,0,7,100,2,3775,3775,0,5,5,3,0,1,0,1
1276677,2,2021,2021,10,4,3,2209,17,82,2205,0,1,10,-34.373572,150.900773,80,0,2,1,1,0,3,3,2,2,7,80,2,14295,14295,3,16,0,2,0,0,1,0
1276678,4,2021,2021,1,2,4,15,27,159,34609,0,1,1,-33.805262,151.087988,61,0,2,1,0,0,0,0,2,0,7,50,0,9859,9859,8,5,40,1,0,1,0,0
1276680,2,2021,2021,1,6,10,2261,17,201,2252,0,1,3,-34.003806,150.837732,13,0,2,1,2,0,0,0,0,0,7,110,2,1192,1192,1,5,2,2,0,0,1,0
1276682,2,2021,2021,10,6,7,125,27,55,123,1,2,7,-33.363958,151.454391,16,2,2,0,3,0,0,0,2,0,0,40,2,6545,6545,4,30,13,2,0,0,1,2
1276683,2,2021,2021,11,2,6,330,27,147,605,0,1,9,-33.745201,151.294331,50,0,2,1,0,0,0,0,2,1,7,60,2,1850,985,5,16,40,1,0,0,1,0
1276684,2,2021,2021,10,4,5,1,16,30,34609,0,1,1,-32.653354,152.150663,43,2,1,1,3,0,0,0,2,0,7,50,0,214,214,9,0,28,2,0,0,1,0
1276685,4,2021,2021,10,0,7,3371,17,147,3342,0,1,2,-33.741436,151.138567,36,0,2,1,3,0,0,0,2,0,7,60,2,14295,14295,3,0,0,3,0,1,0,0
1276687,2,2021,2021,11,4,5,1,7,137,34609,0,1,9,-33.904327,150.906967,24,0,2,0,1,0,0,0,2,0,7,50,0,1850,1463,5,22,40,1,0,0,1,0
1276688,4,2021,2021,10,4,8,2,27,17,34609,0,1,1,-33.468891,149.810382,3,1,0,1,0,2,0,0,2,0,7,100,0,1945,1945,5,16,40,1,0,1,0,0
1276689,2,2021,2021,11,4,6,9,31,78,30,0,1,9,-28.326258,153.395065,72,2,1,1,1,0,0,0,2,0,0,50,1,623,623,3,10,5,2,0,0,1,0
1276690,4,2021,2021,11,3,10,2,27,118,34609,0,1,1,-33.381096,151.285563,16,2,2,1,2,0,3,2,0,0,7,80,0,1089,1089,7,16,40,1,0,1,0,0
1276696,2,2021,2021,10,4,7,5,31,131,34609,0,1,1,-36.074897,146.923063,0,2,1,1,1,0,0,0,2,0,7,50,0,14295,14295,3,0,25,4,0,0,2,1
1276698,4,2021,2021,11,4,7,387,27,20,34609,0,1,9,-35.535276,148.155928,66,2,1,0,0,0,0,0,2,0,7,80,0,2852,2852,4,10,13,2,0,1,0,0
1276699,4,2021,2021,11,4,6,829,31,314,240,0,1,10,-33.849992,150.930221,24,0,2,1,1,0,0,0,2,0,15,60,2,2852,2852,4,15,36,2,0,1,0,0
1276701,2,2021,2021,10,3,0,92,27,143,34609,0,1,9,-33.87428,151.104308,9,0,2,1,2,0,0,0,0,2,7,40,0,4026,4026,8,0,40,1,0,0,1,0
1276702,4,2021,2021,10,2,9,3371,17,25,3342,0,1,2,-32.857362,151.704583,48,0,2,0,2,0,3,4,0,0,7,80,2,1383,1383,1,5,22,2,0,2,2,0
1276704,1,2021,2021,10,3,5,1,18,133,34609,1,0,10,-34.494468,150.796938,80,0,2,1,1,0,0,0,2,0,0,50,0,6545,6545,4,5,0,2,0,0,0,1
1276705,2,2021,2021,9,3,9,60,27,219,262,0,1,2,-32.910662,151.646715,48,0,2,1,2,0,3,4,0,0,7,90,1,9859,9859,8,5,40,1,0,0,1,0
1276706,2,2021,2021,10,6,11,481,17,17,483,0,1,1,-33.562631,147.65816,51,1,0,1,0,0,0,0,0,0,7,110,2,1089,1089,7,0,40,1,0,0,2,1
1276712,2,2021,2021,10,1,3,23,31,84,13,0,1,9,-33.897519,151.261713,76,0,2,1,0,0,0,0,2,0,7,50,1,1220,1220,9,0,28,2,0,0,1,0
1276713,4,2021,2021,10,6,4,105,27,70,109,0,1,1,-33.883984,150.88626,24,0,2,1,0,0,0,0,2,0,7,60,1,1383,1383,1,5,5,4,0,1,0,0
1276714,2,2021,2021,11,3,8,3371,17,9,3342,0,1,2,-29.187621,153.277184,60,1,0,1,0,0,0,0,2,0,7,110,2,204,204,1,8,13,2,0,0,2,1
1276717,2,2021,2021,10,2,4,177,31,314,208,0,1,1,-33.860311,150.92725,24,0,2,1,0,0,0,0,2,0,7,60,2,1109,787,1,5,12,2,0,0,1,0
1276719,4,2021,2021,10,4,9,387,27,290,331,0,1,9,-33.944674,151.128669,4,0,2,1,1,0,0,0,2,0,0,60,2,2852,2852,4,5,19,2,0,1,0,0
1276722,4,2021,2021,10,1,9,1,27,18,34609,0,1,1,-29.269874,148.139998,51,1,0,1,0,2,0,0,0,0,7,100,0,945,945,5,0,40,1,0,2,1,1
1276723,4,2021,2021,1,5,8,224,27,387,321,0,1,2,-33.932624,151.194057,4,0,2,1,0,0,0,0,2,0,7,50,2,1945,1945,5,16,40,1,0,1,0,0
1276727,2,2021,2021,10,5,5,6,31,70,34609,0,1,1,-32.726082,151.542631,42,2,1,0,1,0,0,0,2,0,15,50,0,1981,1981,4,5,13,2,0,0,1,0
1276732,2,2021,2021,10,4,8,1,27,80,34609,0,1,9,-33.964306,150.891113,13,0,2,1,1,0,0,0,2,0,7,50,0,6545,6545,4,22,5,2,0,0,1,0
1276733,2,2021,2021,9,6,4,1,27,23,34609,0,1,1,-31.48139,145.858567,51,2,1,1,0,2,0,0,2,0,7,50,0,312,312,2,16,40,1,0,0,1,0
1276734,2,2021,2021,9,6,3,21,27,26,11,0,1,1,-32.731818,151.392195,17,2,1,0,3,0,3,4,2,0,7,80,1,273,957,5,5,40,1,0,0,1,0
1276735,2,2021,2021,9,5,3,20,31,433,34609,1,0,10,-33.283297,149.1124,52,2,1,1,3,0,0,0,2,0,15,50,0,5929,5929,1,5,5,3,0,0,1,0
1276736,1,2021,2021,9,6,7,2261,17,20,2252,0,1,2,-35.433921,147.625465,75,1,0,1,3,0,0,0,2,0,7,110,2,14295,14295,3,8,32,2,0,0,0,1
1276738,4,2021,2021,10,5,11,204,31,252,34609,1,0,9,-33.890106,151.214905,69,0,2,1,2,0,0,0,0,0,7,40,0,9859,9859,1,17,0,2,0,1,0,0
1276739,4,2021,2021,1,4,4,68,27,98,208,1,2,10,-33.749538,151.064549,31,0,2,1,1,0,0,0,2,2,7,40,2,14295,14295,3,0,0,3,0,1,0,1
1276740,2,2021,2021,9,4,10,27,1,103,34609,0,1,7,-28.823923,153.322079,39,2,1,1,2,0,3,4,0,0,0,50,0,9859,9859,8,5,40,1,0,0,1,0
1276744,2,2021,2021,9,6,3,866,17,171,793,0,1,9,-33.80595,150.970263,54,0,2,1,3,0,0,0,2,2,7,70,2,14295,14295,3,5,5,2,0,0,1,0
1276748,2,2021,2021,9,5,3,27,31,119,96,0,1,9,-33.872919,151.155438,32,0,2,1,1,0,0,0,2,0,0,50,2,2852,2852,4,5,12,2,0,0,2,0
1276749,1,2021,2021,10,4,8,330,27,108,605,0,1,9,-33.761264,151.274896,50,0,2,1,0,0,0,0,2,3,8,60,2,623,623,3,0,40,2,0,0,0,1
1276750,2,2021,2021,9,2,6,11,31,370,14,0,1,9,-34.066576,150.811776,13,0,2,1,1,0,0,0,2,2,7,60,1,5929,5929,1,5,5,2,0,0,1,1
1276753,2,2021,2021,9,4,8,59,31,41,34609,0,1,7,-33.8226,151.010639,54,0,2,1,1,0,3,4,2,0,0,50,0,1220,1220,9,5,28,3,0,0,1,1
1276754,2,2021,2021,9,5,4,829,27,124,770,0,1,2,-33.813113,151.047508,54,0,2,1,1,0,0,0,2,0,7,70,2,1192,1192,1,8,5,2,0,0,1,1