Crash ID,Degree of crash - detailed,Reporting year,Year of crash,Month of crash,Day of week of crash,Two-hour intervals,Street of crash,Street type,Town,Route no.,School zone location,School zone active,Type of location,Latitude,Longitude,LGA,Urbanisation,Conurbation 1,Alignment,Street lighting,Road surface,Surface condition,Weather,Natural lighting,Signals operation,Other traffic control,Speed limit,Road classification,RUM - code,DCA - code,First impact type,Key TU type,Other TU type,No. of traffic units involved,No. killed,No. seriously injured,No. moderately injured,No. minor-other injured
1276761,2,2021,2021,9,5,7,17,1,106,34609,0,1,9,-34.569418,150.801093,62,0,2,1,1,0,0,0,2,0,7,50,0,1220,1220,9,0,28,2,0,0,1,0
1276762,4,2021,2021,11,4,7,1104,14,323,962,0,1,3,-33.79772,150.85251,7,0,2,1,0,0,0,0,2,0,7,100,2,9859,9859,8,16,40,1,0,1,0,0
1276767,1,2021,2021,9,6,10,31,27,197,69,0,1,1,-33.79639,151.147091,61,0,2,0,0,0,3,4,0,0,7,60,2,3775,3775,0,29,5,2,0,0,0,1
1276769,2,2021,2021,9,5,4,76,27,85,148,0,1,10,-32.933495,151.720901,48,0,2,0,1,0,0,0,2,0,15,60,1,2852,2852,4,0,0,2,0,0,1,0
1276770,1,2021,2021,11,1,6,330,27,43,605,0,1,2,-33.695682,151.302031,50,0,2,1,0,0,0,0,2,2,9,70,2,14295,14295,3,30,36,2,0,0,0,2
1276772,4,2021,2021,9,6,4,6,31,95,34609,0,1,9,-34.385901,150.894464,80,0,2,1,1,0,3,4,2,0,0,60,0,4026,4026,8,10,40,1,0,1,0,0
1276773,2,2021,2021,9,6,0,6,27,32,34609,0,1,1,-30.191486,151.701473,1,1,0,0,0,0,0,0,0,0,7,100,0,1259,5151,8,5,40,1,0,0,1,0
1276774,4,2021,2021,9,4,11,11,27,18,34609,0,1,1,-33.826128,151.114923,61,0,2,1,2,0,3,4,0,0,7,50,0,9859,9859,8,0,40,1,0,1,0,0
1276782,1,2021,2021,9,3,5,361,32,460,42,0,1,1,-33.845095,150.991103,21,0,2,1,3,0,0,0,2,0,7,50,1,186,186,9,17,28,2,0,0,0,1
1276784,2,2021,2021,10,0,5,1052,14,101,928,0,1,3,-32.889652,151.600469,37,0,2,0,3,0,0,0,2,0,7,110,2,204,204,1,3,0,2,0,0,1,0
1276785,1,2021,2021,10,0,11,475,31,532,75,0,1,10,-33.873304,151.209896,69,0,2,1,3,0,0,0,0,2,7,40,1,1391,1391,1,5,5,2,0,0,0,1
1276787,2,2021,2021,9,6,8,57,31,174,321,0,1,9,-33.889698,151.2016,69,0,2,1,3,0,0,0,2,0,7,50,2,1945,1945,5,16,40,1,0,0,1,0
1276788,2,2021,2021,9,4,8,294,17,26,288,0,1,1,-34.669614,146.189397,51,1,0,0,0,0,0,0,2,0,7,110,2,96,96,0,10,13,2,0,0,1,0
1276790,2,2021,2021,9,0,5,135,17,16,136,0,1,1,-35.648264,145.678937,51,1,0,1,3,0,3,4,2,0,7,100,2,1945,1945,5,16,40,1,0,0,1,0
1276795,1,2021,2021,9,0,6,2209,17,14,2205,0,1,2,-33.974718,151.128081,25,0,2,1,3,0,0,0,2,0,7,70,2,1981,1981,4,0,13,2,0,0,0,1
1276798,1,2021,2021,9,1,5,43,27,136,76,0,1,10,-32.923107,151.722758,48,0,2,1,3,0,0,0,2,2,7,60,1,14295,14295,3,5,40,2,0,0,0,1
1276800,2,2021,2021,10,3,1,229,14,323,237,0,1,3,-33.769322,150.966401,71,0,2,0,2,0,3,0,0,0,7,100,2,1957,4009,8,5,40,1,0,0,1,0
1276801,2,2021,2021,10,5,8,11,1,72,74,0,1,10,-33.840072,151.091281,14,0,2,1,0,0,0,0,2,0,15,50,1,6545,6545,4,5,0,2,0,0,1,0
1276802,2,2021,2021,9,0,10,27,27,102,28,0,1,9,-33.946478,151.189039,4,0,2,1,2,0,3,0,0,2,7,80,2,14295,14295,3,5,5,3,0,0,1,0
1276805,4,2021,2021,10,3,7,29,1,64,34609,0,1,9,-33.709521,150.731994,55,0,2,1,0,0,3,4,2,0,7,60,0,1669,1669,3,16,19,2,0,1,1,0
1276807,4,2021,2021,9,1,6,265,17,21,193,0,1,9,-35.084589,147.350212,75,2,1,0,0,0,0,0,2,0,0,80,2,2852,2852,4,5,19,2,0,1,0,0
1276808,2,2021,2021,9,1,5,866,17,77,793,0,1,10,-33.730782,151.081153,31,0,2,1,1,0,0,0,2,2,7,70,2,14295,14295,3,0,5,3,0,0,2,0
1276810,2,2021,2021,9,2,9,2261,17,243,2252,0,1,9,-33.938504,150.913409,41,0,2,1,2,0,0,0,3,2,7,60,2,14295,14295,3,16,0,2,0,0,1,0
1276811,2,2021,2021,9,0,10,2209,17,21,2205,0,1,2,-34.310172,150.898991,80,0,2,0,2,0,3,4,0,0,7,80,2,418,714,5,16,40,1,0,0,1,0
1276812,4,2021,2021,9,4,8,3371,17,42,3342,0,1,2,-33.82383,151.192891,77,0,2,1,1,0,3,3,2,0,7,60,2,3775,3775,0,30,5,3,0,1,0,0
1276819,2,2021,2021,11,3,10,18,31,182,34609,0,1,10,-32.834778,151.361781,17,2,1,1,2,0,0,0,0,0,7,50,0,186,186,9,33,28,4,0,0,3,0
1276824,2,2021,2021,10,5,8,2209,17,130,2205,0,1,9,-34.461898,150.83849,80,0,2,1,1,0,0,0,2,2,7,60,2,14295,14295,3,5,40,2,0,0,1,0
1276826,2,2021,2021,10,1,8,1,25,25,34609,0,1,1,-33.745811,150.807629,7,0,2,1,1,0,3,4,3,0,7,50,0,217,217,1,33,27,2,0,0,1,0
1276828,2,2021,2021,10,6,3,2,27,3,34609,0,1,1,-29.87114,148.579175,51,1,0,0,0,2,0,0,2,0,7,100,0,4552,5151,8,0,40,1,0,0,2,0
1276830,1,2021,2021,10,4,5,5,31,293,34609,0,1,10,-33.943436,151.256043,59,0,2,1,1,0,0,0,2,0,15,50,0,6545,6545,4,17,0,2,0,0,0,2
1276836,4,2021,2021,10,4,6,6,31,219,34609,0,1,1,-32.904093,151.664093,48,0,2,1,1,0,0,0,2,0,7,50,0,9859,9859,1,5,13,4,0,1,0,0
1276840,2,2021,2021,10,4,4,10,31,15,34609,1,0,10,-31.702878,147.835977,51,2,1,1,1,0,0,0,2,0,0,50,0,6545,6545,4,10,5,2,0,0,1,0
1276843,4,2021,2021,10,6,10,12,27,34,34609,0,1,1,-34.007762,150.767289,12,0,2,0,0,0,0,0,0,0,7,80,0,4552,5151,8,16,40,1,0,1,0,0
1276844,4,2021,2021,11,1,7,8,31,463,34609,0,1,9,-30.280862,153.107721,19,2,1,1,1,0,0,0,2,0,7,50,0,5929,5929,1,5,19,2,0,1,0,0
1276845,2,2021,2021,11,3,6,224,27,246,321,1,0,9,-33.919379,151.198564,69,0,2,1,1,0,0,3,2,2,7,50,2,14295,14295,3,0,18,2,0,0,1,0
1276846,1,2021,2021,9,6,9,829,27,125,770,0,1,2,-33.823293,151.122777,61,0,2,1,2,0,3,4,3,0,7,60,2,3775,3775,0,10,5,2,0,0,0,1
1276852,4,2021,2021,9,6,7,19,31,224,34609,1,2,9,-33.826337,151.251334,45,0,2,1,0,0,0,0,2,0,9,40,0,1220,1220,9,9,28,3,0,2,0,0
1276855,2,2021,2021,11,6,6,17,10,20,34609,0,1,1,-34.409594,150.816162,80,0,2,1,3,0,0,0,2,0,7,60,0,945,945,5,34,40,1,0,0,1,0
1276858,2,2021,2021,10,3,7,8,18,73,34609,0,1,9,-33.874662,151.220951,69,0,2,1,0,0,0,0,2,0,15,40,0,1669,1669,3,33,20,2,0,0,1,0
1276860,2,2021,2021,1,1,4,5,10,22,34609,0,1,9,-33.818536,150.930936,21,0,2,1,1,0,0,0,2,0,0,50,0,2852,2852,4,0,19,2,0,0,1,0
1276862,2,2021,2021,10,3,9,7,27,18,34609,0,1,1,-33.7919,151.212086,77,0,2,0,0,0,0,0,2,0,7,50,0,2585,4009,1,5,0,2,0,0,1,0
1276866,2,2021,2021,11,4,7,1052,14,207,928,0,1,3,-33.55802,151.19254,31,0,2,1,1,0,0,0,2,0,7,110,2,4026,4026,8,5,40,1,0,0,1,0
1276867,4,2021,2021,11,1,9,103,27,149,167,0,1,9,-33.990609,151.133156,4,0,2,1,2,0,0,0,0,2,7,70,2,5929,5929,1,16,5,2,0,1,0,0
1276868,4,2021,2021,1,3,8,2,27,17,34609,0,1,1,-28.242599,153.508415,72,2,1,1,0,0,0,0,2,0,7,50,0,3775,3775,0,16,0,2,0,1,1,0
1276872,4,2021,2021,1,5,10,42,18,61,34609,0,1,1,-29.731574,151.732367,51,2,1,1,0,0,0,0,0,0,7,50,0,4026,4026,8,16,40,1,0,1,0,0
1276873,1,2021,2021,9,1,4,866,17,98,793,0,1,10,-33.738921,151.072426,31,0,2,1,3,0,3,0,2,2,7,70,2,14295,14295,3,9,0,2,0,0,0,1
1276874,4,2021,2021,9,1,8,2209,17,144,2205,0,1,2,-34.069406,151.013174,68,0,2,0,3,0,0,0,2,0,7,70,2,14295,14295,3,5,5,2,0,1,1,0
1276875,1,2021,2021,10,0,5,26,1,29,34609,1,0,9,-28.79306,153.589752,2,2,1,1,3,0,0,0,2,0,0,50,0,1669,1669,3,8,36,2,0,0,0,1
1276880,2,2021,2021,10,2,11,1,1,80,34609,0,1,9,-33.97578,150.893631,13,0,2,1,2,0,3,4,0,0,7,50,0,9859,9859,8,5,40,1,0,0,1,2
1276882,2,2021,2021,9,5,7,1,1,609,34609,0,1,1,-33.780752,150.9085,7,0,2,1,3,0,0,0,2,0,7,50,0,941,941,1,5,5,3,0,0,1,0
1276883,4,2021,2021,10,1,9,478,17,58,480,0,1,1,-33.43812,151.300201,16,2,2,0,1,0,0,0,2,0,7,60,2,2585,4009,8,16,40,1,0,1,0,0
1276884,2,2021,2021,10,0,8,15,27,253,34609,1,0,1,-33.970448,151.103359,25,0,2,1,3,0,0,0,2,0,7,50,0,14295,14295,3,5,18,2,0,0,1,0
1276887,2,2021,2021,10,4,5,866,27,438,34609,0,1,7,-33.848785,151.025848,21,0,2,1,3,0,0,0,2,0,0,50,0,1669,1669,3,10,25,2,0,0,1,0
1276888,2,2021,2021,9,3,10,515,14,271,518,0,1,9,-33.941287,151.018417,15,0,2,1,3,0,3,4,0,2,7,60,2,5929,5929,1,0,5,2,0,0,2,0
1276889,1,2021,2021,9,1,3,120,36,10,148,0,1,9,-30.396454,152.749781,6,1,0,0,3,0,3,4,4,0,7,100,2,3775,3775,0,0,13,2,0,0,0,1
1276892,1,2021,2021,10,3,5,153,27,197,147,0,1,9,-33.951708,151.088612,25,0,2,1,3,0,0,0,2,0,15,60,2,6545,6545,4,5,19,2,0,0,0,1
1276894,4,2021,2021,11,4,8,3,25,143,34609,0,1,9,-33.703847,151.085838,31,0,2,0,0,0,0,0,2,0,7,50,0,121,121,9,0,26,2,0,1,0,0
1276899,4,2021,2021,9,0,7,39,1,73,34609,0,1,2,-33.77727,151.147892,36,0,2,1,1,0,0,0,2,0,7,50,0,9859,9859,1,0,5,2,0,1,0,1
1276901,4,2021,2021,11,2,7,1,31,40,34609,0,1,9,-33.947998,150.841797,41,0,2,1,1,0,0,0,2,0,7,50,0,1220,1220,9,5,26,2,0,1,0,0
1276906,2,2021,2021,11,5,9,37,27,85,115,0,1,1,-33.72007,151.143011,36,0,2,1,2,0,0,0,3,0,7,60,1,14295,14295,3,16,5,2,0,0,1,0
1276910,1,2021,2021,9,5,3,17,31,149,21,0,1,9,-33.865816,151.176847,32,0,2,0,1,0,0,0,2,0,0,40,1,5929,5929,1,9,12,2,0,0,0,1
1276912,2,2021,2021,10,1,4,171,10,38,34609,0,1,1,-33.83832,151.084362,14,0,2,1,0,0,0,0,2,0,7,20,0,368,368,9,5,28,2,0,0,1,0
1276913,2,2021,2021,10,6,2,475,10,42,268,0,1,10,-33.883518,150.864716,24,0,2,0,2,0,0,0,0,2,9,70,2,623,623,3,5,5,3,0,0,1,0
1276920,4,2021,2021,10,1,9,9,27,8,34609,0,1,1,-33.549015,151.2042,31,0,2,0,1,0,3,4,3,0,7,50,0,1957,4009,8,10,40,1,0,1,0,0
1276921,4,2021,2021,11,1,6,1,1,13,34609,0,1,1,-32.791284,151.66481,42,2,1,1,1,0,0,0,2,0,7,50,0,368,368,9,8,28,2,0,1,0,0
1276922,2,2021,2021,9,6,5,191,17,24,189,0,1,1,-32.0962,150.118149,73,1,0,1,0,0,0,0,2,0,7,100,2,14295,14295,3,8,35,2,0,0,1,0
1276923,1,2021,2021,9,2,4,78,27,147,78,0,1,1,-33.868327,151.129714,14,0,2,1,1,0,0,0,2,0,7,50,2,14295,14295,3,5,5,2,0,0,0,1
1276928,4,2021,2021,10,5,8,4,18,251,34609,0,1,1,-33.779876,150.920643,7,0,2,1,1,0,0,0,2,0,7,50,0,14295,14295,3,5,5,2,0,1,0,0
1276929,2,2021,2021,11,3,11,4,27,2,34609,0,1,1,-29.618611,152.884739,18,2,1,0,0,2,0,0,0,0,7,60,0,1850,1463,5,5,40,1,0,0,1,0
1276930,2,2021,2021,10,0,1,1052,14,56,928,0,1,3,-32.99525,151.514686,37,0,2,1,0,0,0,0,0,0,7,110,2,4026,4026,8,29,40,1,0,0,1,0
1276936,2,2021,2021,9,4,3,31,1,91,34609,0,1,1,-32.800822,151.658255,48,0,2,1,1,0,0,0,2,0,7,50,0,144,144,1,5,5,2,0,0,1,0
1276937,2,2021,2021,10,0,7,4,1,80,34609,0,1,1,-33.749727,150.670005,55,0,2,1,0,0,0,0,2,0,7,50,0,591,591,1,22,36,2,0,0,1,1
1276941,4,2021,2021,9,3,4,283,27,88,702,0,1,10,-33.983423,151.109296,25,0,2,1,3,1,0,0,2,2,7,70,2,6545,6545,4,5,0,2,0,1,0,1
1276943,4,2021,2021,9,1,3,16,27,37,16,0,1,1,-33.860901,150.72389,55,0,2,1,0,0,3,4,1,0,7,80,1,9859,9859,8,5,40,1,0,1,0,0
1276946,4,2021,2021,10,0,4,133,27,66,260,0,1,10,-32.929047,151.642135,37,0,2,1,1,0,0,0,2,2,7,60,2,14295,14295,3,16,5,2,0,1,0,0
1276948,2,2021,2021,11,5,10,10,27,115,10,0,1,10,-33.882144,151.189705,69,0,2,1,2,0,0,0,0,0,0,40,1,6545,6545,4,5,18,2,0,0,1,0
1276949,2,2021,2021,10,6,7,2,27,74,34609,0,1,9,-33.721466,151.035656,31,0,2,1,1,0,0,0,2,0,7,50,0,591,591,1,22,0,2,0,0,1,0
1276950,2,2021,2021,9,2,2,36,27,6,39,0,1,1,-32.391111,149.150334,22,1,0,1,0,0,3,0,0,0,7,100,2,4026,4026,8,10,40,1,0,0,1,0
1276954,2,2021,2021,9,0,3,57,27,30,126,0,1,9,-32.763367,151.650507,42,2,1,1,1,0,3,4,2,0,15,80,2,2852,2852,4,0,13,2,0,0,1,0
1276955,2,2021,2021,11,6,11,44,31,20,34609,0,1,1,-33.08786,151.521123,37,0,2,0,2,0,0,0,0,0,7,50,0,2585,4009,8,0,40,1,0,0,1,0
1276963,2,2021,2021,10,0,3,69,31,204,34609,0,1,9,-33.937508,151.135854,4,0,2,1,0,0,0,0,2,0,0,50,0,2040,2040,9,21,28,2,0,0,1,0
1276969,2,2021,2021,9,0,6,53,31,113,10,0,1,9,-29.478639,149.83598,51,2,1,1,0,0,0,0,2,0,7,50,1,144,144,1,5,0,2,0,0,2,0
1276970,2,2021,2021,10,6,6,10,27,14,34609,0,1,1,-33.126664,150.015504,40,1,0,0,0,0,0,0,2,0,7,100,0,4552,5151,8,10,40,1,0,0,1,0
1276972,2,2021,2021,10,0,8,3,31,194,34609,0,1,1,-30.504169,151.652169,1,2,1,1,0,0,0,0,2,0,9,50,0,591,591,1,22,5,2,0,0,1,0
1276974,2,2021,2021,10,2,5,55,10,96,47,0,1,9,-33.436162,151.405868,16,2,2,1,3,0,0,0,2,0,7,70,2,14295,14295,3,0,0,2,0,0,1,0
1276975,2,2021,2021,10,6,9,192,10,29,25,0,1,9,-33.4622,151.427048,16,2,2,1,1,0,0,0,2,0,0,60,1,2852,2852,4,5,0,2,0,0,1,0
1276976,4,2021,2021,10,0,6,5,27,70,34609,0,1,1,-34.033183,151.08902,68,0,2,1,1,0,3,4,2,0,7,50,0,9859,9859,1,18,5,2,0,1,0,0
1276981,2,2021,2021,9,1,3,2126,17,106,2149,0,1,10,-33.887433,151.173573,32,0,2,1,1,0,0,0,2,2,7,60,2,6545,6545,4,5,19,2,0,0,1,0
1276983,2,2021,2021,10,1,7,8,1,201,34609,0,1,10,-34.876814,150.603841,63,2,1,1,1,0,0,0,2,2,7,50,0,6545,6545,4,9,13,2,0,0,1,2
1276984,2,2021,2021,10,0,9,3,31,290,34609,0,1,9,-33.859703,150.979523,21,0,2,1,2,0,0,0,0,0,7,50,0,6545,6545,4,0,0,2,0,0,2,0
1276985,4,2021,2021,10,6,9,103,27,94,34609,0,1,1,-33.106225,151.561018,37,0,2,0,0,0,0,0,0,0,7,50,0,1259,5151,8,34,40,1,0,1,0,0
1276989,1,2021,2021,10,4,6,2126,17,169,2149,0,1,9,-33.786036,150.843236,7,0,2,1,3,0,0,0,2,0,7,80,2,14295,14295,3,0,5,2,0,0,0,1
1276990,1,2021,2021,9,3,6,26,27,40,18,0,1,9,-33.807861,151.204812,77,0,2,1,3,0,0,3,2,0,7,60,1,926,926,4,5,0,3,0,0,0,1
1276992,2,2021,2021,9,0,2,916,17,32,917,0,1,1,-32.6453,151.243757,64,2,1,1,3,0,3,4,1,0,7,80,2,14295,14295,3,0,5,3,0,0,2,0
1276993,1,2021,2021,9,3,11,125,27,290,103,0,1,10,-33.863022,151.006226,21,0,2,1,3,0,0,0,0,2,7,60,1,5929,5929,1,5,5,2,0,0,0,1
1276996,1,2021,2021,10,3,5,168,17,19,212,0,1,1,-35.547595,149.981869,23,2,1,0,0,0,0,0,2,0,7,70,2,2585,4009,8,5,40,1,0,0,0,1
1276997,2,2021,2021,11,5,10,79,31,562,34609,0,1,1,-32.257203,148.605005,22,2,1,1,2,0,0,0,0,0,7,50,0,43,43,3,34,0,2,0,0,1,0
1276999,2,2021,2021,10,5,6,3371,17,25,3342,0,1,2,-32.855464,151.703541,48,0,2,1,3,0,0,0,2,0,7,80,2,14295,14295,3,10,13,2,0,0,1,0
1277002,1,2021,2021,10,0,8,12,31,7,34609,0,1,10,-28.816739,153.275947,39,2,1,1,3,0,0,0,2,0,0,50,0,6545,6545,4,0,5,2,0,0,0,1
1277004,1,2021,2021,11,0,9,67,27,56,68,0,1,1,-33.802833,151.194347,77,0,2,1,2,0,0,0,3,0,7,50,1,190,190,1,16,13,2,0,0,0,1
1277006,4,2021,2021,10,6,1,2126,17,346,2149,0,1,2,-33.866761,151.094369,14,0,2,1,2,0,0,0,0,0,7,60,2,9859,9859,8,16,40,1,0,1,0,0
1277007,1,2021,2021,9,2,9,109,27,95,382,0,1,2,-33.737698,150.844008,7,0,2,1,2,0,3,3,0,2,9,60,2,14295,14295,3,10,40,2,0,0,0,1
1277013,2,2021,2021,10,0,8,25,31,127,30,0,1,1,-33.892574,151.157929,32,0,2,1,1,0,0,0,2,0,7,60,1,9859,9859,8,15,40,1,0,0,1,0
1277014,1,2021,2021,9,6,4,30,27,32,39,0,1,1,-35.359027,149.278373,58,1,0,0,0,0,0,0,2,0,7,100,1,4552,5151,8,5,40,1,0,0,0,1
1277016,2,2021,2021,1,0,5,2209,17,40,2205,0,1,9,-35.051909,150.576227,63,1,0,1,0,0,0,0,2,0,15,100,2,14295,14295,3,5,13,3,0,0,1,0
1277017,2,2021,2021,11,4,7,478,17,20,480,0,1,1,-33.304881,151.524293,16,2,2,0,0,0,0,0,2,0,7,80,2,273,957,5,5,40,1,0,0,1,0
1277026,1,2021,2021,8,5,3,478,17,58,480,0,1,1,-33.435234,151.297321,16,2,2,1,1,0,0,0,2,0,7,60,2,238,238,9,5,28,2,0,0,0,1
1277027,1,2021,2021,8,6,4,11,27,4,30,0,1,1,-28.242598,153.376023,72,2,1,1,0,0,2,6,2,0,7,60,1,945,945,5,5,40,1,0,0,0,1
1277028,2,2021,2021,5,1,3,19,27,53,34609,0,1,9,-31.857861,152.37262,43,2,1,1,0,0,0,0,2,0,0,60,0,9859,9859,8,10,40,1,0,0,1,0
1277030,2,2021,2021,9,4,10,3,31,149,34609,0,1,10,-34.001735,151.132329,4,0,2,1,1,0,3,4,0,0,0,50,0,6545,6545,4,5,5,2,0,0,2,0
1277031,1,2021,2021,1,6,5,251,27,64,212,0,1,9,-33.760111,151.209159,50,0,2,0,1,0,0,0,2,2,7,70,2,1282,1282,1,5,5,4,0,0,0,1
1277033,4,2021,2021,9,1,11,112,27,29,769,0,1,1,-33.539836,150.636375,29,2,2,0,1,0,3,4,0,0,7,60,2,4552,5151,8,8,40,1,0,1,0,0
1277034,4,2021,2021,1,1,5,40,27,73,34609,0,1,9,-35.143357,147.374378,75,2,1,1,0,0,0,0,2,0,7,60,0,2852,2852,4,5,0,2,0,1,1,0
1277036,2,2021,2021,10,4,2,205,27,161,415,0,1,10,-33.730158,151.160906,36,0,2,1,2,0,3,0,0,2,7,60,2,9859,9859,8,21,40,1,0,0,1,0
1277046,2,2021,2021,9,0,11,481,17,562,483,0,1,10,-32.208052,148.618697,22,1,0,1,0,0,0,0,0,0,0,90,2,6545,6545,4,0,5,2,0,0,3,0
1277047,4,2021,2021,1,6,8,16,27,113,16,0,1,1,-33.805158,150.76668,55,0,2,1,0,0,0,0,2,0,7,80,1,9859,9859,8,5,40,1,0,1,0,0
1277048,4,2021,2021,10,6,8,14,31,69,34609,0,1,1,-28.553586,153.499566,10,2,1,1,1,0,0,0,2,0,7,50,0,1945,1945,5,22,40,1,0,1,0,0
1277051,4,2021,2021,10,0,5,15,27,73,14,0,1,9,-33.731849,150.706668,55,0,2,0,0,0,0,0,2,0,15,70,1,1850,985,5,16,40,1,0,1,0,0
1277056,2,2021,2021,11,5,0,2126,17,77,2149,0,1,10,-33.884047,151.202241,69,0,2,1,2,0,0,0,0,2,7,50,2,945,945,5,5,40,1,0,0,1,0
1277058,4,2021,2021,10,3,10,154,27,55,244,0,1,10,-33.902142,151.083601,15,0,2,1,2,0,3,4,0,2,7,60,2,5929,5929,1,5,5,2,0,3,0,0
1277060,2,2021,2021,11,1,6,14,31,61,49,0,1,10,-32.923783,151.741896,48,0,2,1,1,0,0,0,2,2,7,60,1,6545,6545,4,15,0,2,0,0,2,0
1277061,4,2021,2021,10,4,7,512,17,9,441,0,1,9,-32.473986,148.906845,22,1,0,1,1,0,0,0,2,0,0,110,2,14295,14295,3,9,13,3,0,1,0,0
1277062,2,2021,2021,11,5,3,85,27,72,145,0,1,2,-33.798552,151.050614,54,0,2,1,1,0,0,0,2,0,7,70,2,9859,9859,8,5,40,1,0,0,1,0
1277066,2,2021,2021,10,1,9,103,36,17,103,0,1,1,-32.039224,152.235556,43,1,0,0,0,0,0,0,2,0,7,90,1,1259,5151,8,10,40,1,0,0,1,0
1277067,2,2021,2021,10,0,5,30,27,33,41,0,1,10,-33.984683,151.139854,4,0,2,1,1,0,0,0,2,0,15,60,1,6545,6545,4,5,5,2,0,0,1,1
1277068,2,2021,2021,10,0,4,8,27,43,34609,0,1,1,-33.21342,151.517796,16,2,2,1,1,0,0,0,2,0,7,50,0,9859,9859,1,5,5,2,0,0,1,0
1277069,4,2021,2021,10,2,10,12,27,11,12,0,1,10,-34.438682,150.866816,80,0,2,1,2,0,3,3,0,0,0,50,2,5929,5929,1,5,36,2,0,1,1,0
1277073,2,2021,2021,10,6,10,68,27,278,67,0,1,1,-33.769442,151.032042,54,0,2,0,2,0,0,3,0,0,7,60,2,4552,5151,8,5,40,1,0,0,1,0
1277074,4,2021,2021,10,3,6,114,27,22,65,0,1,1,-33.450866,151.083622,16,2,2,1,0,0,0,0,2,0,0,40,1,14295,14295,3,16,19,2,0,1,0,0
1277076,2,2021,2021,11,6,9,1,31,39,34609,0,1,1,-35.313983,148.214933,66,2,1,1,2,0,0,0,0,0,7,50,0,1945,1945,5,16,40,1,0,0,1,0
1277077,4,2021,2021,11,4,11,3,31,10,34609,0,1,4,-31.933584,152.409691,43,1,0,0,2,0,0,0,0,0,7,100,0,2585,4009,8,30,40,1,0,1,0,0
1277078,2,2021,2021,10,6,10,224,27,102,321,0,1,9,-33.954847,151.204962,4,0,2,0,2,0,0,0,0,0,0,50,2,6545,6545,4,10,5,2,0,0,1,0
1277081,2,2021,2021,10,2,10,109,27,460,106,0,1,9,-33.834269,150.97854,21,0,2,1,2,0,3,4,0,0,0,60,1,1669,1669,3,5,36,2,0,0,1,1
1277082,2,2021,2021,11,0,8,43,22,363,34609,0,1,1,-33.752791,150.705134,55,0,2,1,1,0,0,0,2,0,7,50,0,941,941,1,5,19,2,0,0,2,0
1277083,2,2021,2021,11,3,0,39,27,36,34609,0,1,1,-33.928283,151.251734,59,0,2,1,2,0,3,4,0,0,7,50,0,9859,9859,1,5,0,3,0,0,1,0
1277084,4,2021,2021,10,1,8,7,31,74,12,0,1,10,-34.617378,148.009445,20,1,0,1,0,0,0,0,3,0,0,100,1,6545,6545,4,10,35,2,0,3,1,0
1277086,4,2021,2021,10,3,0,1,31,98,34609,0,1,1,-30.987089,150.256497,51,2,1,1,2,0,2,6,0,0,7,50,0,9859,9859,1,16,0,2,0,1,0,0
1277088,2,2021,2021,10,3,0,100,31,179,34609,0,1,7,-33.764965,150.73447,55,0,2,1,2,0,0,0,0,0,0,50,0,4026,4026,8,0,40,1,0,0,1,2
1277089,4,2021,2021,1,5,2,485,27,323,769,0,1,9,-33.760095,150.991038,71,0,2,1,2,0,0,0,1,2,7,60,2,9859,9859,8,5,40,1,0,1,0,0
1277091,2,2021,2021,10,2,4,77,10,45,331,0,1,10,-34.276617,150.576502,79,2,2,1,0,0,0,0,2,0,15,80,1,6545,6545,4,10,41,2,0,0,1,0
1277092,2,2021,2021,11,2,3,225,27,304,140,0,1,1,-33.917423,151.148376,32,0,2,1,1,0,0,0,2,0,7,50,1,186,186,9,19,28,2,0,0,1,0
1277094,4,2021,2021,11,3,7,109,27,204,105,0,1,9,-33.895683,150.946106,24,0,2,1,1,0,0,0,2,0,0,60,2,926,926,4,5,19,2,0,1,0,0
1277098,4,2021,2021,10,2,10,2,27,1,34609,0,1,1,-32.548439,150.718378,46,1,0,1,0,0,0,0,0,0,7,100,0,4026,4026,8,0,40,1,0,1,0,0
1277100,2,2021,2021,11,2,6,17,27,115,121,0,1,10,-34.035843,151.070769,68,0,2,1,3,0,0,3,2,3,7,60,1,14295,14295,3,0,0,2,0,0,1,0
1277102,2,2021,2021,11,0,4,234,27,24,228,0,1,1,-33.387928,150.983952,71,0,2,0,0,0,0,0,2,0,7,60,2,4552,5151,8,8,40,1,0,0,1,0
1277103,2,2021,2021,1,2,7,2,27,1,34609,0,1,1,-29.832632,151.044561,33,1,0,1,0,0,0,0,2,0,7,100,0,1945,1945,5,10,40,1,0,0,1,0
1277104,2,2021,2021,9,0,5,2209,17,40,2205,0,1,2,-34.70052,150.839276,35,2,1,0,2,0,3,4,2,0,7,80,2,4552,5151,8,16,40,1,0,0,1,0
1277105,4,2021,2021,9,5,4,222,27,54,40,0,1,7,-33.6334,150.889675,71,0,2,1,1,0,0,0,2,0,0,80,1,4026,4026,8,30,40,1,0,1,0,1
1277106,4,2021,2021,11,0,10,5,27,8,8,0,1,1,-29.608771,148.722876,51,1,0,1,0,0,0,0,0,0,7,100,1,475,475,5,5,40,1,0,1,0,0
1277107,4,2021,2021,10,2,5,123,27,52,34609,0,1,1,-33.648469,150.766318,55,0,2,1,0,0,0,0,2,0,7,70,0,5929,5929,1,10,19,3,0,1,0,0