Crash ID,Degree of crash - detailed,Reporting year,Year of crash,Month of crash,Day of week of crash,Two-hour intervals,Street of crash,Street type,Town,Route no.,School zone location,School zone active,Type of location,Latitude,Longitude,LGA,Urbanisation,Conurbation 1,Alignment,Street lighting,Road surface,Surface condition,Weather,Natural lighting,Signals operation,Other traffic control,Speed limit,Road classification,RUM - code,DCA - code,First impact type,Key TU type,Other TU type,No. of traffic units involved,No. killed,No. seriously injured,No. moderately injured,No. minor-other injured
1277108,2,2021,2021,11,6,6,22,31,337,34609,0,1,1,-33.731827,151.005297,71,0,2,1,1,0,0,0,2,0,9,50,0,1981,1981,4,5,27,2,0,0,1,0
1277109,2,2021,2021,11,1,6,2261,17,15,2252,0,1,2,-35.15793,147.903181,20,1,0,1,0,2,0,0,2,0,7,110,2,4026,4026,8,29,40,1,0,0,1,0
1277110,2,2021,2021,10,2,9,5,27,9,34609,0,1,1,-32.660013,151.743349,57,1,0,0,0,0,0,0,2,0,7,90,0,4552,5151,8,9,40,1,0,0,1,0
1277113,2,2021,2021,11,4,3,515,14,294,518,0,1,3,-33.947369,150.965886,41,0,2,1,1,0,0,0,1,0,7,100,2,14295,14295,3,8,0,7,0,0,1,0
1277115,2,2021,2021,1,5,3,475,10,78,268,0,1,9,-33.880591,150.79277,41,0,2,1,1,0,3,4,1,0,0,60,2,217,217,1,29,25,2,0,0,1,1
1277117,2,2021,2021,10,5,8,63,27,20,34609,0,1,1,-32.968597,151.562291,37,0,2,0,1,0,3,4,2,0,7,80,0,1957,4009,8,5,40,1,0,0,1,0
1277118,2,2021,2021,10,2,5,89,36,4,34,0,1,1,-33.405779,147.824213,51,1,0,1,3,0,3,0,2,0,7,100,1,4026,4026,8,10,40,1,0,0,1,0
1277119,4,2021,2021,9,1,9,20,27,137,34609,0,1,9,-33.910889,151.207598,69,0,2,1,1,0,0,0,3,0,15,50,0,14295,14295,3,5,5,3,0,1,0,0
1277128,2,2021,2021,10,6,6,43,22,136,34609,0,1,1,-33.865304,151.074186,67,0,2,0,3,0,0,6,2,0,7,60,0,1957,4009,1,10,36,2,0,0,1,0
1277129,1,2021,2021,10,4,6,222,31,123,15,0,1,9,-33.878847,151.226202,81,0,2,1,3,0,0,0,2,0,7,40,1,14295,14295,3,5,0,2,0,0,0,2
1277130,2,2021,2021,9,2,4,2261,17,187,2252,0,1,10,-33.88956,150.973286,15,0,2,1,3,0,0,0,2,3,7,70,2,1391,1391,1,10,5,2,0,0,1,0
1277131,1,2021,2021,9,2,6,168,17,36,212,0,1,1,-35.476485,149.871427,58,1,0,1,3,0,3,4,2,0,7,100,2,14295,14295,3,10,5,2,0,0,0,1
1277132,2,2021,2021,9,0,2,99,27,39,39,0,1,1,-33.551158,150.859854,29,2,2,0,3,0,3,4,1,0,7,80,1,1850,1463,5,0,40,1,0,0,1,0
1277133,1,2021,2021,9,2,5,330,27,65,605,0,1,9,-33.709922,151.295802,50,0,2,0,3,0,0,0,2,2,7,70,2,14295,14295,3,10,5,2,0,0,0,1
1277135,1,2021,2021,9,5,8,1,1,173,34609,0,1,10,-33.718434,151.12703,36,0,2,1,3,0,0,0,2,0,15,50,0,6545,6545,4,5,5,2,0,0,0,1
1277136,2,2021,2021,9,5,3,27,27,294,27,0,1,9,-33.938133,150.953064,41,0,2,1,3,0,3,4,2,0,0,60,1,926,926,4,5,0,2,0,0,1,0
1277141,2,2021,2021,9,3,7,8,31,460,34609,0,1,7,-33.828682,150.985633,21,0,2,1,3,0,3,4,2,0,0,50,0,4026,4026,8,5,40,1,0,0,1,0
1277145,2,2021,2021,10,2,9,22,31,134,34609,0,1,10,-33.890814,151.247594,76,0,2,1,3,0,3,4,0,2,7,50,0,5929,5929,1,0,5,2,0,0,1,0
1277146,2,2021,2021,9,4,7,2261,17,243,2252,0,1,9,-33.947837,150.907158,41,0,2,1,3,0,0,0,2,0,0,70,2,2852,2852,4,5,5,2,0,0,1,0
1277148,1,2021,2021,9,0,9,73,1,175,34609,0,1,7,-33.776026,151.071788,54,0,2,1,3,0,0,0,3,0,0,50,0,14295,14295,3,5,5,2,0,0,0,1
1277150,1,2021,2021,9,5,3,1052,14,173,928,0,1,3,-33.702986,151.11815,36,0,2,1,3,0,0,3,2,0,7,110,2,1391,1391,1,10,13,2,0,0,0,1
1277151,1,2021,2021,6,0,2,103,27,35,256,0,1,7,-34.114295,150.79761,13,0,2,1,3,0,0,0,1,0,0,70,2,1282,1282,1,33,13,2,0,0,0,1
1277154,4,2021,2021,9,6,10,43,1,74,382,0,1,7,-33.758253,150.83194,7,0,2,1,2,0,0,0,0,0,0,60,2,6545,6545,4,5,19,2,0,1,0,0
1277156,1,2021,2021,9,5,9,8,27,5,34609,0,1,1,-32.244261,152.472302,43,2,1,1,0,0,0,0,3,0,7,50,0,1383,1383,1,16,5,2,0,0,0,1
1277158,1,2021,2021,9,3,7,829,27,309,770,0,1,2,-33.814801,151.098398,61,0,2,1,3,0,3,4,2,0,7,60,2,9859,9859,8,21,40,1,0,0,0,1
1277161,2,2021,2021,9,2,9,4,31,609,34609,0,1,10,-33.778816,150.888679,7,0,2,1,3,0,3,4,0,0,0,50,0,6545,6545,4,5,5,2,0,0,1,0
1277162,2,2021,2021,9,6,4,7,27,197,34609,0,1,9,-33.950495,151.080082,25,0,2,1,3,0,0,0,2,0,7,50,0,1109,397,1,0,5,2,0,0,1,0
1277166,4,2021,2021,9,2,11,6,4,74,34609,0,1,10,-34.025304,150.776368,12,0,2,1,2,0,3,3,0,0,7,60,0,4552,985,8,5,40,1,0,1,0,0
1277167,2,2021,2021,1,1,10,35,27,21,96,0,1,2,-32.958562,151.677165,37,0,2,1,2,0,0,0,0,0,7,60,2,4026,4026,8,16,40,1,0,0,1,0
1277169,4,2021,2021,9,2,9,361,32,111,65,0,1,10,-33.692813,150.867949,7,0,2,1,1,0,0,3,3,2,7,50,1,5929,5929,1,5,19,2,0,1,0,0
1277170,4,2021,2021,9,4,7,2209,17,17,2205,0,1,1,-35.530919,150.30419,63,1,0,0,0,0,3,4,2,0,7,100,2,1259,5151,8,10,40,1,0,1,0,0
1277173,1,2021,2021,11,4,9,4,27,50,34609,1,0,1,-33.640129,151.327063,50,0,2,1,2,0,0,0,0,0,7,50,0,4026,4026,8,5,40,1,0,0,0,1
1277174,2,2021,2021,9,3,9,18,31,228,34609,0,1,7,-34.742349,149.723127,26,2,1,1,1,0,3,4,2,0,0,50,0,6545,6545,4,0,27,2,0,0,1,0
1277175,4,2021,2021,9,0,7,475,31,204,11,0,1,10,-33.886746,151.125859,32,0,2,1,0,0,0,0,2,2,7,50,1,2040,2040,9,5,28,2,0,1,0,0
1277179,4,2021,2021,9,2,9,27,27,147,49,0,1,2,-33.759028,151.280674,50,0,2,1,1,0,0,0,3,0,7,60,1,1981,1981,4,10,20,2,0,1,0,0
1277180,2,2021,2021,10,6,10,2126,17,163,2149,0,1,10,-33.868891,151.105366,14,0,2,1,2,0,0,0,0,2,7,60,2,14295,14295,3,5,5,3,0,0,2,1
1277183,1,2021,2021,10,1,8,49,18,201,34609,0,1,0,-34.875124,150.602708,63,2,1,1,0,0,0,0,2,0,7,50,0,1220,1220,9,5,28,2,0,0,0,1
1277184,2,2021,2021,9,5,11,37,23,443,78,0,1,2,-33.907908,151.064974,15,0,2,1,2,0,0,0,0,0,7,60,2,14295,14295,3,0,0,2,0,0,1,0
1277185,4,2021,2021,10,4,8,1104,14,609,962,0,1,3,-33.803019,150.897149,7,0,2,1,0,0,0,0,2,0,7,100,2,14295,14295,3,10,0,2,0,1,0,0
1277188,2,2021,2021,10,0,6,3371,17,25,3342,0,1,2,-32.860494,151.704949,48,0,2,1,1,0,0,0,2,0,7,80,2,14295,14295,3,8,10,2,0,0,1,0
1277190,4,2021,2021,11,6,6,149,36,5,113,0,1,1,-32.31076,152.512695,43,2,1,0,0,0,3,4,2,0,7,70,1,4552,5151,8,5,40,1,0,1,0,0
1277195,2,2021,2021,9,4,4,45,31,76,34609,1,2,1,-35.357745,150.469058,63,2,1,1,0,0,3,4,2,0,7,40,0,186,186,9,0,28,2,0,0,1,0
1277196,2,2021,2021,9,1,11,3371,17,25,3342,0,1,9,-32.860966,151.704454,48,0,2,1,2,0,3,4,0,2,7,80,2,1282,1282,1,0,0,2,0,0,1,1
1277198,4,2021,2021,10,0,5,8,27,103,34609,0,1,1,-34.351458,148.290743,30,2,1,1,0,0,3,4,2,0,7,80,0,1981,1981,4,5,41,2,0,1,0,0
1277202,2,2021,2021,9,5,4,113,27,45,111,0,1,1,-33.813129,150.775798,55,0,2,0,1,0,0,0,2,0,7,80,2,14295,14295,3,5,25,3,0,0,2,0
1277203,1,2021,2021,9,4,7,330,23,24,39,0,1,10,-33.972964,151.242878,59,0,2,1,0,0,0,3,2,0,15,60,1,6545,6545,4,0,27,2,0,0,0,1
1277208,4,2021,2021,9,5,10,63,27,103,34,0,1,7,-32.945146,151.664614,37,0,2,1,2,0,0,0,0,0,0,60,1,6545,6545,4,21,0,2,0,1,0,0
1277212,2,2021,2021,9,6,3,109,27,18,174,0,1,9,-32.989702,151.521852,37,0,2,0,1,0,0,0,2,0,15,80,2,2852,2852,4,5,5,2,0,0,2,0
1277213,1,2021,2021,10,1,8,8,27,121,34609,0,1,9,-28.19199,153.533657,72,2,1,1,1,0,0,0,2,0,7,50,0,14295,14295,3,5,5,2,0,0,0,3
1277214,4,2021,2021,9,1,7,161,17,1,161,0,1,9,-35.628566,148.390131,66,1,0,0,0,0,3,4,2,0,7,100,2,1850,1463,5,16,40,1,0,1,0,0
1277218,4,2021,2021,9,0,9,330,23,293,112,0,1,2,-33.938029,151.23872,59,0,2,1,2,0,3,4,0,0,7,50,2,14295,14295,3,10,5,2,0,1,0,0
1277219,1,2021,2021,10,3,9,2126,17,346,2149,0,1,2,-33.867537,151.097404,9,0,2,1,2,0,0,0,3,0,7,60,2,14295,14295,3,5,0,2,0,0,0,1
1277220,2,2021,2021,10,2,0,387,27,115,331,0,1,2,-33.959804,151.062112,25,0,2,1,2,0,0,0,0,0,7,60,2,2040,2040,9,5,28,2,0,0,1,0
1277221,4,2021,2021,9,0,11,72,31,204,62,0,1,1,-33.942096,151.150879,4,0,2,1,2,0,0,0,0,0,7,60,1,9859,9859,8,5,40,1,0,2,0,0
1277222,4,2021,2021,11,2,7,195,27,54,186,0,1,2,-33.882607,150.865097,24,0,2,1,2,0,0,0,2,0,7,70,2,14295,14295,3,0,36,8,0,1,1,0
1277224,2,2021,2021,10,6,8,1,25,17,34609,0,1,9,-34.89886,150.626263,63,2,1,0,1,0,0,0,2,0,7,50,0,4552,5151,8,5,40,1,0,0,1,0
1277226,4,2021,2021,9,3,6,2209,17,9,2205,0,1,1,-35.08377,150.529004,63,2,1,1,0,0,0,0,2,0,7,80,2,1669,1669,3,5,5,2,0,1,1,0
1277234,2,2021,2021,9,5,3,213,17,113,213,0,1,1,-29.46257,149.82253,51,2,1,1,3,0,0,0,2,0,7,50,2,623,623,3,5,13,2,0,0,1,0
1277235,2,2021,2021,9,5,6,361,23,44,165,0,1,1,-33.969687,151.118533,25,0,2,1,3,0,0,0,2,0,7,50,1,1391,1391,1,10,5,2,0,0,1,0
1277239,1,2021,2021,9,1,4,39,27,284,563,0,1,9,-33.897041,151.037564,15,0,2,1,3,0,0,0,2,3,7,80,2,1391,1391,1,5,5,2,0,0,0,1
1277240,1,2021,2021,9,5,5,50,27,125,7,0,1,1,-33.861358,151.083072,67,0,2,1,3,0,0,0,2,0,7,50,1,14295,14295,3,0,5,2,0,0,0,1
1277241,1,2021,2021,9,6,6,1104,11,130,770,0,1,2,-33.874836,151.197123,69,0,2,1,3,0,3,3,2,0,7,60,1,1282,1282,1,0,0,2,0,0,0,1
1277242,2,2021,2021,9,2,8,82,27,84,181,0,1,9,-33.895158,151.271223,76,0,2,1,3,0,0,3,2,2,7,50,2,14295,14295,3,0,5,2,0,0,1,1
1277243,4,2021,2021,9,5,5,204,31,77,34609,0,1,5,-32.566083,151.176593,64,2,1,1,3,0,0,0,2,0,0,50,0,6545,6545,4,10,18,2,0,1,0,0
1277244,1,2021,2021,10,0,6,2209,17,35,2205,0,1,10,-34.052989,151.048604,68,0,2,1,3,0,0,0,2,2,7,80,2,14295,14295,3,0,13,2,0,0,0,1
1277246,2,2021,2021,10,3,5,169,27,24,12,0,1,1,-33.408137,150.969379,71,0,2,1,1,0,0,0,2,0,7,60,1,1945,1945,5,16,40,1,0,0,1,0
1277249,2,2021,2021,9,5,5,334,17,1,308,0,1,1,-31.807936,147.740842,51,1,0,1,3,0,0,0,2,0,7,110,2,1981,1981,4,10,13,2,0,0,1,0
1277252,4,2021,2021,10,1,7,2261,17,523,2252,0,1,10,-33.928542,150.918058,41,0,2,0,1,0,0,0,2,2,7,60,2,2585,4009,8,16,40,2,0,1,0,0
1277253,4,2021,2021,10,0,8,2261,17,15,2252,0,1,2,-35.114605,148.04119,20,1,0,0,1,0,0,0,2,0,7,110,2,1957,4009,8,5,40,1,0,1,0,0
1277254,2,2021,2021,10,1,9,1,31,89,34609,0,1,1,-33.866893,150.882109,24,0,2,1,0,0,0,0,2,0,7,50,0,2040,2040,9,5,28,2,0,0,1,0
1277257,2,2021,2021,10,3,11,55,36,6,43,0,1,1,-32.402892,150.385755,46,1,0,0,0,0,3,4,0,0,7,100,1,2585,4009,8,5,40,1,0,0,1,0
1277262,2,2021,2021,9,5,8,5,27,5,34609,0,1,1,-31.882071,148.036517,51,2,1,1,0,0,0,0,2,0,7,80,0,9859,9859,8,10,40,1,0,0,1,0
1277268,2,2021,2021,10,2,4,6,27,15,34609,0,1,1,-33.06303,151.414903,37,0,2,1,0,2,0,0,2,0,7,40,0,1945,1945,5,16,40,1,0,0,1,0
1277270,1,2021,2021,6,5,4,9,31,112,34609,1,2,9,-36.062576,146.928388,0,2,1,1,3,0,0,0,2,0,0,40,0,1282,1282,1,21,5,2,0,0,0,1
1277271,4,2021,2021,9,2,6,67,27,85,34609,0,1,1,-33.904563,150.866173,41,0,2,1,3,0,0,3,2,0,7,50,0,9859,9859,1,5,4,2,0,1,0,0
1277272,2,2021,2021,9,5,4,165,31,128,369,0,1,1,-33.630822,150.792491,29,2,2,1,3,0,3,4,2,0,7,60,2,14295,14295,3,5,0,4,0,0,1,0
1277277,1,2021,2021,9,5,4,255,27,66,172,0,1,1,-32.929079,151.642545,37,0,2,1,3,0,3,4,2,0,7,60,2,3775,3775,0,10,36,2,0,0,0,1
1277279,2,2021,2021,9,0,8,192,31,150,120,0,1,9,-33.928867,151.238615,59,0,2,1,3,0,0,0,4,0,0,60,2,1282,1282,1,5,27,2,0,0,1,0
1277280,4,2021,2021,9,6,8,13,27,25,13,0,1,1,-33.865405,151.224447,69,0,2,1,1,0,0,0,2,0,7,50,1,1945,1945,5,16,40,1,0,1,0,0
1277281,2,2021,2021,9,1,5,27,36,9,34609,0,1,9,-29.727504,152.965228,18,1,0,1,3,0,3,4,2,0,0,100,0,926,926,4,8,0,2,0,0,1,0
1277282,1,2021,2021,10,6,7,2,27,13,34609,0,1,1,-33.524093,149.909255,40,1,0,1,3,0,0,0,2,0,7,100,0,1945,1945,5,16,40,1,0,0,0,1
1277283,2,2021,2021,9,3,5,3371,17,119,3342,0,1,2,-32.758198,151.764999,57,1,0,1,3,0,3,4,2,0,7,110,2,1282,1282,1,8,13,5,0,0,1,0
1277284,4,2021,2021,9,1,3,25,27,22,61,0,1,10,-33.828195,151.199677,49,0,2,0,0,0,0,0,1,0,0,50,1,1850,1463,5,16,40,1,0,1,0,0
1277285,4,2021,2021,10,0,7,22,27,5,34609,0,1,1,-30.107776,151.680074,1,1,0,1,0,0,0,0,2,0,7,100,0,5929,5929,1,5,19,2,0,1,0,0
1277287,4,2021,2021,11,5,10,37,31,198,41,0,1,9,-33.908235,151.103231,15,0,2,1,2,0,0,0,0,2,7,40,1,4026,4026,8,10,40,1,0,1,0,0
1277289,4,2021,2021,10,5,2,81,27,55,115,0,1,9,-33.79632,150.897235,7,0,2,1,1,0,0,0,0,0,7,60,2,2852,2852,4,9,19,2,0,1,0,0
1277290,2,2021,2021,11,1,6,14,27,7,34609,0,1,1,-35.412124,150.352516,63,2,1,0,0,2,0,0,2,0,7,50,0,2585,4009,8,5,40,1,0,0,1,0
1277291,4,2021,2021,9,5,2,2209,17,106,2205,0,1,9,-33.887664,151.19307,69,0,2,0,2,0,3,4,1,2,7,50,2,1850,1463,5,16,40,1,0,1,0,0
1277297,1,2021,2021,9,2,9,18,10,89,34609,0,1,1,-28.222923,153.52584,72,2,1,0,2,0,0,0,0,0,7,60,0,3775,3775,0,5,0,2,0,0,0,2
1277300,2,2021,2021,10,5,3,39,31,271,21,0,1,10,-33.944004,151.010071,15,0,2,1,2,0,0,0,2,2,7,60,1,6545,6545,4,10,0,3,0,0,2,0
1277304,4,2021,2021,9,5,2,2209,17,273,2205,0,1,7,-34.419465,150.892658,80,0,2,0,0,0,0,0,1,0,0,50,2,1850,1463,5,16,40,1,0,1,0,0
1277305,2,2021,2021,9,2,3,5,10,41,34609,0,1,1,-34.09838,150.806186,13,0,2,0,1,0,0,0,2,0,7,60,0,4552,5151,8,16,40,2,0,0,1,0
1277309,2,2021,2021,9,5,4,51,31,107,157,0,1,7,-29.692047,152.934937,18,2,1,1,1,0,0,0,2,0,0,50,2,6545,6545,4,5,27,2,0,0,1,0
1277310,1,2021,2021,9,6,11,175,27,104,220,0,1,2,-33.720655,150.937417,7,0,2,0,2,0,0,0,0,0,0,70,2,14295,14295,3,10,5,2,0,0,0,1
1277313,4,2021,2021,11,0,11,224,27,102,321,0,1,10,-33.943783,151.195988,4,0,2,1,2,0,0,0,0,2,7,50,2,9859,9859,8,10,40,1,0,1,1,0
1277314,2,2021,2021,9,6,9,10,27,3,34609,0,1,1,-33.684262,150.263321,8,2,2,0,0,0,0,0,2,0,7,70,0,2585,4009,8,0,40,1,0,0,1,0
1277317,2,2021,2021,9,1,9,5,1,173,34609,0,1,9,-33.714973,151.114196,36,0,2,1,1,0,3,3,2,0,0,50,0,2852,2852,4,0,0,2,0,0,1,0
1277318,2,2021,2021,9,3,5,15,23,433,34609,0,1,1,-33.267138,149.108918,52,2,1,1,0,0,3,4,2,0,7,50,0,1109,787,1,5,0,2,0,0,2,0
1277326,2,2021,2021,9,4,8,5,27,77,34609,0,1,1,-33.722273,151.090778,31,0,2,0,0,0,3,4,3,0,7,60,0,3775,3775,0,5,10,2,0,0,1,0
1277327,4,2021,2021,11,1,4,92,27,129,244,1,2,1,-33.89535,151.108368,9,0,2,1,1,0,0,0,2,0,7,40,2,340,340,9,5,28,2,0,1,0,0
1277328,2,2021,2021,11,4,10,171,27,29,369,0,1,2,-33.722329,150.722463,55,0,2,1,2,0,0,0,0,0,7,70,2,121,121,9,5,28,2,0,0,1,0
1277329,4,2021,2021,11,3,7,866,17,98,793,0,1,10,-33.739535,151.068654,31,0,2,1,0,0,0,0,2,2,7,70,2,775,775,4,5,13,2,0,2,0,0
1277330,2,2021,2021,9,6,9,147,27,224,605,0,1,9,-33.826976,151.231784,45,0,2,1,2,0,0,0,2,2,7,60,2,14295,14295,3,5,19,2,0,0,1,0
1277331,2,2021,2021,9,1,4,103,27,34,98,0,1,1,-32.772524,150.92148,64,2,1,0,0,0,0,0,2,0,7,80,2,1259,5151,8,16,40,1,0,0,1,0
1277332,1,2021,2021,9,4,7,63,31,139,5,1,2,10,-33.832827,151.208092,49,0,2,1,0,0,0,0,2,2,9,40,1,1220,1220,9,33,28,2,0,0,0,1
1277338,1,2021,2021,9,6,7,134,10,104,133,0,1,1,-33.832196,151.019471,54,0,2,1,1,0,3,4,2,0,7,60,2,1391,1391,1,33,0,2,0,0,0,1
1277339,1,2021,2021,9,0,10,73,24,17,88,0,1,1,-33.722993,151.243503,50,0,2,0,0,0,0,3,0,0,7,80,2,1259,5151,8,5,40,1,0,0,0,1
1277340,1,2021,2021,10,6,6,866,17,187,793,0,1,10,-33.793372,150.994447,54,0,2,1,0,0,0,0,2,2,7,70,2,14295,14295,3,5,40,3,0,0,0,1
1277344,1,2021,2021,10,1,10,33,27,16,41,0,1,9,-33.744045,150.726229,55,0,2,1,2,0,0,0,0,2,7,70,1,14295,14295,3,10,5,2,0,0,0,2
1277347,4,2021,2021,9,2,8,1,31,18,34609,0,1,1,-34.499775,150.80628,80,0,2,0,1,0,0,0,2,0,7,50,0,2585,4009,1,5,12,2,0,1,0,0
1277348,4,2021,2021,9,2,7,33,27,61,49,0,1,7,-33.891609,150.903732,24,0,2,1,0,0,3,3,2,0,0,60,1,1945,1945,5,16,40,1,0,1,0,0
1277349,1,2021,2021,9,5,4,1,18,18,34609,0,1,9,-32.961943,151.710451,37,0,2,1,1,0,0,0,2,0,15,60,0,6545,6545,4,5,27,2,0,0,0,1
1277355,4,2021,2021,9,5,6,21,31,82,34609,0,1,10,-33.82326,151.20293,49,0,2,1,1,0,0,0,2,0,15,50,0,6545,6545,4,5,19,2,0,1,0,0
1277356,4,2021,2021,9,4,8,10,27,25,80,0,1,9,-32.99066,151.713562,37,0,2,0,1,0,3,3,2,0,7,60,1,5929,5929,1,5,0,2,0,1,0,0
1277357,2,2021,2021,9,1,5,2,27,6,34609,0,1,1,-32.127405,146.020813,51,2,1,1,0,2,0,0,2,0,7,80,0,14295,14295,3,8,32,2,0,0,1,0
1277358,4,2021,2021,9,4,8,32,27,112,34609,0,1,1,-33.433605,151.435614,16,2,2,0,1,0,3,4,2,0,7,50,0,186,186,9,5,28,3,0,1,0,1
1277363,1,2021,2021,9,5,3,1104,14,247,962,0,1,3,-33.813408,150.952035,21,0,2,1,3,0,0,0,1,0,7,100,2,14295,14295,3,10,12,3,0,0,0,1
1277367,2,2021,2021,9,1,7,2126,17,65,2149,0,1,9,-33.563585,150.199767,40,2,1,1,0,0,0,3,2,0,0,80,2,775,775,4,10,5,2,0,0,1,0
1277368,1,2021,2021,9,2,9,829,27,123,770,0,1,10,-33.814375,151.056244,54,0,2,0,3,0,0,3,3,2,7,70,2,14295,14295,3,9,5,2,0,0,0,1
1277370,4,2021,2021,9,6,4,14,18,102,34609,0,1,1,-31.1232,150.931309,70,2,1,1,3,0,0,0,2,0,7,80,0,14295,14295,3,10,5,3,0,1,0,1
1277372,1,2021,2021,9,5,6,308,14,74,311,0,1,3,-33.747005,150.846115,7,0,2,1,3,0,0,0,2,0,7,100,2,1391,1391,1,8,5,2,0,0,0,1
1277375,4,2021,2021,9,6,2,196,10,34,168,0,1,1,-33.977752,151.01672,15,0,2,0,3,0,3,0,0,0,7,60,2,4552,5151,8,5,40,1,0,1,0,0
1277377,2,2021,2021,9,5,4,11,31,90,49,0,1,2,-32.924742,151.751064,48,0,2,1,3,0,0,0,2,0,7,60,1,1981,1981,4,10,17,2,0,0,1,0
1277378,2,2021,2021,9,4,3,191,17,15,189,0,1,1,-32.035751,149.489146,51,1,0,0,3,0,3,4,2,0,7,100,2,4552,5151,8,10,40,1,0,0,1,0
1277379,2,2021,2021,9,6,1,8,27,271,34609,0,1,9,-33.948814,151.008926,15,0,2,1,3,0,0,0,0,0,0,50,0,4026,4026,8,0,40,1,0,0,1,0
1277381,2,2021,2021,9,4,4,18,31,87,34609,0,1,1,-34.482883,150.415691,78,2,1,1,3,0,0,3,2,0,7,50,0,237,162,8,5,40,1,0,0,1,0
1277386,4,2021,2021,9,2,11,7,23,87,34609,0,1,9,-34.071189,151.152622,68,0,2,0,2,0,3,3,0,0,7,50,0,1957,4009,1,22,12,2,0,1,0,0
1277387,2,2021,2021,10,1,8,47,27,293,69,0,1,9,-33.942174,151.250647,59,0,2,0,3,0,0,0,3,0,7,50,1,775,775,4,5,19,2,0,0,1,0
1277391,2,2021,2021,10,5,6,512,17,433,441,0,1,10,-33.283993,149.102329,52,2,1,1,2,0,0,3,2,0,7,50,2,9859,9859,1,5,5,3,0,0,1,0
1277394,2,2021,2021,10,1,8,1,31,224,34609,0,1,9,-33.833199,151.246894,45,0,2,1,1,0,0,0,2,0,7,50,0,3775,3775,0,5,5,3,0,0,2,0
1277396,4,2021,2021,9,2,6,89,36,1,34609,0,1,1,-33.091886,146.625832,51,1,0,1,0,2,0,0,2,0,7,100,0,945,945,5,10,40,1,0,2,0,0
1277400,2,2021,2021,9,3,5,47,31,226,34609,0,1,7,-33.771259,150.812067,7,0,2,1,1,0,0,3,2,0,0,50,0,6545,6545,4,0,27,2,0,0,1,0
1277401,2,2021,2021,11,6,7,2261,17,45,2252,0,1,2,-33.89103,150.976132,15,0,2,1,0,0,3,4,2,0,7,70,2,9859,9859,8,5,40,1,0,0,1,0
1277407,4,2021,2021,11,3,6,6,7,28,34609,0,1,1,-34.01206,151.071335,68,0,2,1,0,0,0,0,2,0,7,50,0,2040,2040,9,16,28,2,0,1,1,0
1277408,2,2021,2021,9,1,3,75,10,63,165,0,1,3,-33.93161,151.212447,4,0,2,1,1,0,0,3,2,0,7,80,2,9859,9859,8,30,40,1,0,0,1,0
1277410,4,2021,2021,9,1,5,35,18,219,34609,0,1,1,-32.903362,151.674461,48,0,2,1,1,0,0,0,2,0,7,50,0,1220,1220,9,21,28,2,0,1,0,0
1277414,2,2021,2021,9,0,5,73,27,443,78,0,1,1,-33.904726,151.042528,15,0,2,1,3,0,0,0,2,0,7,60,2,14295,14295,3,10,36,2,0,0,1,0
1277415,1,2021,2021,9,5,7,105,27,174,109,0,1,9,-33.865177,150.911057,24,0,2,1,3,0,0,3,2,0,15,60,1,83,83,1,0,5,2,0,0,0,1
1277425,2,2021,2021,9,1,8,79,10,43,231,0,1,9,-33.435507,151.317871,16,2,2,1,3,0,0,0,2,0,7,60,2,14295,14295,3,5,5,2,0,0,1,1
1277426,2,2021,2021,9,2,1,11,10,74,34609,1,0,9,-34.059048,150.761425,12,0,2,1,3,0,0,3,0,0,7,50,0,9859,9859,1,5,13,2,0,0,1,0
1277430,1,2021,2021,9,4,8,2209,17,95,34609,0,1,9,-34.397563,150.892308,80,0,2,1,3,0,0,3,2,2,7,60,0,1391,1391,1,5,5,2,0,0,0,1
1277433,2,2021,2021,9,1,10,76,32,646,34609,0,1,9,-33.917373,151.03756,15,0,2,1,2,0,0,0,0,2,7,40,0,926,926,4,5,40,2,0,0,1,0
1277436,1,2021,2021,9,2,8,1,31,99,34609,0,1,1,-33.889652,151.273511,76,0,2,1,3,0,0,0,2,0,7,40,0,1282,1282,1,22,5,2,0,0,0,1
1277439,2,2021,2021,9,4,8,34,27,127,799,0,1,9,-33.896041,151.158072,32,0,2,1,3,0,0,0,2,0,7,60,2,5929,5929,1,0,36,2,0,0,1,0
1277441,1,2021,2021,9,5,4,82,31,179,369,0,1,2,-33.761968,150.710531,55,0,2,1,3,0,0,0,2,0,7,70,2,14295,14295,3,9,36,3,0,0,0,1
1277442,1,2021,2021,11,2,9,67,27,100,68,0,1,1,-33.807632,151.171452,38,0,2,1,3,0,3,4,0,0,7,50,1,475,475,5,5,40,1,0,0,0,1
1277445,4,2021,2021,9,5,6,47,31,117,84,0,1,10,-28.175792,153.541808,72,2,1,1,1,0,0,0,2,0,9,60,1,1220,1220,9,5,28,2,0,1,0,0
1277448,4,2021,2021,9,0,5,117,27,73,702,0,1,9,-33.831512,151.088272,14,0,2,1,3,0,0,0,2,2,7,70,2,14295,14295,3,8,0,2,0,1,0,0
1277450,4,2021,2021,9,3,11,14,27,157,14,0,1,2,-33.795815,151.013326,54,0,2,0,3,0,3,4,0,0,7,60,1,1957,4009,8,5,40,1,0,1,0,0
1277452,1,2021,2021,10,0,8,30,27,166,52,0,1,9,-33.905392,151.17351,32,0,2,1,0,0,0,0,2,0,7,60,1,5929,5929,1,5,19,2,0,0,0,1