Crash ID,Degree of crash - detailed,Reporting year,Year of crash,Month of crash,Day of week of crash,Two-hour intervals,Street of crash,Street type,Town,Route no.,School zone location,School zone active,Type of location,Latitude,Longitude,LGA,Urbanisation,Conurbation 1,Alignment,Street lighting,Road surface,Surface condition,Weather,Natural lighting,Signals operation,Other traffic control,Speed limit,Road classification,RUM - code,DCA - code,First impact type,Key TU type,Other TU type,No. of traffic units involved,No. killed,No. seriously injured,No. moderately injured,No. minor-other injured
1277456,2,2021,2021,1,0,2,3371,17,30,3342,0,1,6,-28.327547,153.519533,72,2,1,0,2,0,0,0,0,0,7,60,2,2585,4009,8,5,40,1,0,0,1,0
1277457,2,2021,2021,9,6,3,2126,17,65,2149,0,1,2,-33.537037,150.16066,40,2,1,0,0,0,3,0,2,0,7,80,2,2585,4009,8,30,40,1,0,0,1,0
1277460,1,2021,2021,9,5,7,13,31,44,34609,0,1,1,-30.707399,152.920555,47,2,1,1,1,0,0,0,2,0,7,50,0,14295,14295,3,5,5,3,0,0,0,1
1277464,2,2021,2021,10,2,7,119,31,145,140,0,1,1,-33.927311,151.123708,15,0,2,1,0,0,0,0,2,0,7,50,1,4026,4026,8,16,40,1,0,0,1,0
1277465,2,2021,2021,11,1,4,7,31,71,34609,0,1,1,-33.268049,151.548121,16,2,2,1,1,0,0,0,2,0,7,50,0,9859,9859,1,0,5,2,0,0,1,0
1277467,4,2021,2021,9,2,7,2209,17,33,2205,0,1,2,-34.714233,150.833994,35,2,1,0,1,0,3,4,2,0,7,80,2,2585,4009,8,5,40,1,0,1,0,0
1277468,4,2021,2021,9,1,9,1052,14,77,928,0,1,3,-33.519202,151.19685,16,1,2,0,1,0,0,0,2,0,7,90,2,4552,5151,8,5,40,1,0,1,0,0
1277470,1,2021,2021,10,2,7,22,10,69,34609,0,1,7,-33.776425,150.990526,54,0,2,1,1,0,0,0,2,0,0,50,0,301,301,4,33,27,2,0,0,0,1
1277489,1,2021,2021,9,5,2,2209,17,106,2205,0,1,9,-34.571367,150.815884,62,0,2,1,3,0,3,3,0,0,7,80,2,475,475,5,34,40,1,0,0,0,1
1277491,4,2021,2021,9,4,9,126,1,140,144,0,1,7,-33.782362,150.813429,7,0,2,0,3,0,3,4,3,0,0,70,2,1850,1463,5,15,40,1,0,1,0,0
1277494,4,2021,2021,11,3,8,1,7,83,34609,0,1,1,-33.889267,150.858628,41,0,2,0,0,0,0,0,2,0,7,50,0,1850,1463,5,16,40,1,0,1,0,0
1277495,4,2021,2021,10,6,9,3,27,39,34609,0,1,1,-32.890778,151.540712,37,0,2,0,0,0,0,0,0,0,7,20,0,4552,5151,8,16,40,1,0,1,0,0
1277496,1,2021,2021,9,4,8,3,27,8,34609,0,1,1,-32.240569,148.903276,22,2,1,0,1,0,3,4,2,0,7,80,0,1957,4009,8,10,40,1,0,0,0,1
1277502,2,2021,2021,10,0,3,41,27,102,91,0,1,10,-33.955049,151.233323,59,0,2,1,0,0,3,0,2,0,15,50,1,6545,6545,4,10,13,2,0,0,1,0
1277506,1,2021,2021,9,0,6,196,10,34,168,0,1,10,-33.974304,151.017044,15,0,2,0,0,0,0,0,2,0,15,60,2,6545,6545,4,5,5,3,0,0,0,2
1277507,1,2021,2021,9,3,0,8,27,13,11,0,1,1,-35.596122,144.150997,51,1,0,0,0,0,0,0,0,0,7,100,1,1259,5151,8,34,40,1,0,0,0,1
1277508,4,2021,2021,9,6,7,361,31,36,34609,0,1,1,-32.963257,151.601328,37,0,2,1,1,0,0,0,2,0,7,50,0,238,238,9,0,28,2,0,1,0,0
1277509,4,2021,2021,11,5,8,62,27,17,166,0,1,1,-33.231204,151.426837,16,2,2,1,1,0,0,0,2,0,7,60,2,1109,787,1,5,12,2,0,1,0,0
1277512,4,2021,2021,9,6,6,2,31,113,34609,0,1,1,-29.462993,149.835447,51,2,1,1,1,0,0,0,2,0,7,50,0,9859,9859,1,5,13,4,0,1,1,0
1277513,2,2021,2021,9,3,0,1,27,53,34609,0,1,1,-30.617619,152.994156,47,1,0,1,0,0,3,4,0,0,7,90,0,4026,4026,8,0,40,1,0,0,1,1
1277516,1,2021,2021,9,3,1,193,27,25,133,0,1,1,-33.870216,150.660186,55,0,2,1,3,0,3,4,0,0,7,80,2,14295,14295,3,10,5,2,0,0,0,1
1277518,4,2021,2021,11,0,6,9,31,523,34609,0,1,1,-33.933796,150.909927,41,0,2,1,1,0,0,0,2,0,7,50,0,5929,5929,1,5,19,2,0,1,0,0
1277519,4,2021,2021,11,4,7,9,31,532,34609,0,1,9,-33.876081,151.204058,69,0,2,1,1,0,0,0,2,0,7,40,0,591,591,1,17,27,2,0,1,0,0
1277520,2,2021,2021,10,3,9,2261,17,24,2252,0,1,2,-34.413556,150.499454,78,1,0,0,2,0,3,4,0,0,7,110,2,1957,4009,8,5,40,2,0,0,3,0
1277521,2,2021,2021,10,3,10,3371,17,54,3342,0,1,9,-33.089603,151.638246,37,0,2,1,2,0,0,0,0,2,7,60,2,14295,14295,3,5,5,2,0,0,1,0
1277522,2,2021,2021,11,2,10,118,17,77,118,0,1,1,-30.271597,149.731729,51,1,0,1,0,0,0,0,0,0,7,100,2,1089,1089,7,5,40,1,0,0,2,0
1277523,2,2021,2021,9,1,7,92,27,129,244,0,1,2,-33.89964,151.090349,9,0,2,1,3,0,0,0,2,0,0,60,2,14295,14295,3,9,5,2,0,0,1,0
1277525,1,2021,2021,11,0,5,39,27,169,147,0,1,9,-28.637931,153.581684,10,2,1,0,3,0,0,0,2,0,0,60,2,301,301,4,30,19,2,0,0,0,1
1277528,1,2021,2021,10,2,5,117,27,78,144,0,1,1,-33.85859,151.092309,14,0,2,1,3,0,0,0,2,0,7,60,2,14295,14295,3,5,0,2,0,0,0,1
1277529,1,2021,2021,9,6,7,46,27,62,13,1,2,9,-32.920442,151.622744,37,0,2,1,3,0,3,4,2,0,0,40,1,775,775,4,5,13,2,0,0,0,1
1277530,1,2021,2021,9,6,4,195,27,85,186,0,1,9,-33.905315,150.855152,41,0,2,1,3,0,0,0,2,2,7,70,2,14295,14295,3,5,25,2,0,0,0,1
1277537,2,2021,2021,9,2,5,59,27,252,41,0,1,7,-33.942181,150.867462,41,0,2,1,3,0,0,0,2,0,0,60,1,14295,14295,3,0,5,2,0,0,1,0
1277539,2,2021,2021,10,3,5,10,27,60,34609,0,1,1,-33.640262,150.277509,8,2,2,0,1,0,0,0,2,0,7,60,0,1850,1463,5,16,40,1,0,0,1,0
1277540,2,2021,2021,9,0,5,23,27,61,91,0,1,9,-35.183655,149.258536,58,2,1,1,0,0,3,4,2,0,7,80,2,5929,5929,1,5,25,2,0,0,1,1
1277544,4,2021,2021,9,6,5,5,1,33,34609,0,1,10,-33.802783,151.091218,61,0,2,1,1,0,0,0,2,0,9,50,0,1220,1220,9,33,28,2,0,1,0,0
1277550,2,2021,2021,9,0,3,1,31,15,34609,0,1,10,-31.703477,147.839118,51,2,1,1,1,0,0,0,2,0,7,50,0,9859,9859,8,30,40,1,0,0,1,0
1277554,2,2021,2021,10,4,9,3,10,88,34609,0,1,1,-33.741069,150.856129,7,0,2,1,1,0,0,0,2,0,7,50,0,9859,9859,1,0,5,3,0,0,1,0
1277559,4,2021,2021,10,2,3,296,27,290,293,0,1,2,-33.854901,150.995412,21,0,2,1,0,0,0,0,2,0,7,70,2,9859,9859,8,5,40,1,0,1,0,0
1277560,2,2021,2021,11,5,10,515,14,189,518,0,1,8,-33.943576,151.061542,15,0,2,1,2,0,0,0,0,0,7,100,2,14295,14295,3,5,5,3,0,0,1,0
1277561,1,2021,2021,1,4,9,330,23,123,233,0,1,5,-33.886648,151.219046,69,0,2,1,2,0,0,0,3,2,7,60,2,14295,14295,3,27,27,2,0,0,0,1
1277564,1,2021,2021,9,0,11,12,31,58,43,0,1,1,-28.538221,153.548407,10,2,1,1,2,0,0,0,0,0,7,50,2,312,312,2,8,40,1,0,0,0,1
1277565,1,2021,2021,7,4,5,5,27,56,34609,0,1,1,-32.772026,151.303473,17,2,1,1,0,0,0,0,2,0,7,60,0,4026,4026,8,0,40,1,0,0,0,2
1277568,2,2021,2021,9,3,8,2209,17,17,2205,0,1,9,-36.540609,149.8257,5,1,0,0,0,0,3,4,2,0,7,90,2,3775,3775,0,10,0,2,0,0,1,0
1277572,4,2021,2021,11,0,6,10,27,7,34609,0,1,1,-33.839572,151.226114,49,0,2,1,1,0,0,0,2,0,7,50,0,323,323,1,22,5,2,0,1,0,0
1277574,4,2021,2021,10,2,5,3,1,42,34609,0,1,9,-33.734039,150.864785,7,0,2,1,0,0,0,0,2,0,0,50,0,2852,2852,4,5,36,2,0,1,1,0
1277575,2,2021,2021,11,4,8,4,1,33,34609,1,0,7,-33.899111,151.245308,76,0,2,1,0,0,0,3,3,0,0,50,0,489,489,8,5,40,1,0,0,1,0
1277576,2,2021,2021,11,2,10,145,31,41,34609,0,1,4,-33.902513,151.185014,69,0,2,0,2,0,3,3,0,0,7,40,0,4552,5151,8,34,40,1,0,0,1,0
1277578,4,2021,2021,11,4,0,43,27,2,118,0,1,1,-31.020903,150.880521,70,1,0,1,0,0,0,0,0,0,7,100,2,4026,4026,8,10,40,1,0,1,0,0
1277580,4,2021,2021,11,0,7,24,27,201,47,0,1,2,-34.006626,150.838335,13,0,2,0,0,0,0,0,2,0,7,60,1,782,957,5,16,40,1,0,1,0,0
1277581,2,2021,2021,1,3,8,1,31,223,34609,0,1,9,-33.797706,150.914696,7,0,2,1,3,0,0,0,2,0,7,50,0,9859,9859,8,5,40,1,0,0,1,0
1277584,4,2021,2021,10,3,1,87,31,155,34609,1,0,10,-33.13288,148.18003,53,2,1,1,2,0,3,0,0,0,0,50,0,6545,6545,4,0,5,2,0,1,1,0
1277587,4,2021,2021,9,4,9,4,27,15,34609,0,1,1,-34.632397,150.321538,78,2,1,1,0,0,3,4,3,0,7,50,0,945,945,5,30,40,1,0,1,0,0
1277589,2,2021,2021,9,1,2,13,27,6,143,0,1,1,-34.683513,149.691026,26,1,0,0,0,0,0,0,0,0,7,100,2,782,957,5,5,40,1,0,0,1,0
1277592,4,2021,2021,11,3,2,3371,17,20,3342,0,1,2,-29.587236,153.137777,18,1,0,1,0,0,0,0,1,0,7,110,2,4026,4026,8,5,40,1,0,1,0,0
1277595,1,2021,2021,10,5,7,12,27,197,22,0,1,9,-33.795852,151.125284,61,0,2,1,0,0,0,0,2,0,7,60,1,6545,6545,4,5,5,2,0,0,0,1
1277596,2,2021,2021,10,6,5,18,1,159,34609,0,1,1,-33.806277,151.086299,61,0,2,1,0,0,0,0,2,0,7,50,0,237,162,8,5,40,1,0,0,1,0
1277598,2,2021,2021,10,1,7,89,31,316,34609,0,1,2,-31.429123,152.909053,56,2,1,1,0,0,3,3,2,0,7,50,0,248,248,1,10,0,2,0,0,1,0
1277599,4,2021,2021,10,2,2,916,17,6,917,0,1,1,-29.659428,151.780381,51,1,0,0,0,0,0,1,0,0,7,100,2,4552,5151,8,10,40,1,0,1,0,0
1277601,2,2021,2021,10,6,8,118,17,29,118,0,1,1,-30.664672,150.042862,51,1,0,0,0,0,0,0,2,0,7,100,2,1957,4009,8,5,40,1,0,0,1,0
1277602,4,2021,2021,10,6,9,154,27,145,244,0,1,9,-33.919223,151.063266,15,0,2,1,1,0,0,0,2,0,15,60,2,5929,5929,1,5,19,2,0,1,0,0
1277603,2,2021,2021,10,4,6,2,1,29,45,0,1,1,-35.101077,150.613682,63,2,1,0,0,0,0,0,2,0,7,50,1,1282,1282,1,16,40,1,0,0,1,0
1277606,2,2021,2021,11,4,6,194,31,273,34609,0,1,9,-34.433642,150.893354,80,0,2,1,0,0,0,0,2,0,15,50,0,5929,5929,1,5,0,4,0,0,1,0
1277609,2,2021,2021,11,6,4,51,1,7,34609,0,1,1,-33.993996,151.141071,4,0,2,1,1,0,0,0,2,0,9,50,0,4026,4026,8,5,40,1,0,0,1,0
1277610,2,2021,2021,10,1,9,296,27,290,293,0,1,10,-33.855751,150.995008,21,0,2,1,2,0,0,0,2,2,9,70,2,6545,6545,4,5,5,3,0,0,1,1
1277611,4,2021,2021,11,6,8,361,23,84,35,0,1,1,-33.885962,150.944438,24,0,2,1,0,0,0,0,2,0,7,60,1,9859,9859,8,5,40,1,0,1,0,0
1277612,4,2021,2021,10,1,6,4,31,148,34609,0,1,9,-36.041664,146.947923,0,2,1,1,1,0,0,3,2,0,0,50,0,1669,1669,3,5,5,2,0,1,0,0
1277613,4,2021,2021,10,2,9,2,23,10,34609,0,1,1,-28.794361,153.284008,39,2,1,1,0,0,0,0,3,0,7,80,0,9859,9859,8,0,40,1,0,1,0,0
1277615,4,2021,2021,10,3,6,91,27,119,187,0,1,10,-33.875033,151.160843,32,0,2,1,1,0,0,0,2,2,7,70,2,5929,5929,1,5,19,2,0,1,0,0
1277619,4,2021,2021,10,6,9,2,27,33,34609,0,1,1,-33.471083,150.128977,40,2,1,0,2,0,0,0,0,0,7,50,0,1259,5151,8,0,40,1,0,1,0,0
1277620,2,2021,2021,10,1,10,78,31,106,157,0,1,10,-28.855349,153.045192,60,2,1,1,2,0,0,0,0,0,0,50,2,2852,2852,4,5,0,2,0,0,1,0
1277623,4,2021,2021,9,6,8,178,27,189,101,0,1,9,-33.939171,151.054687,15,0,2,1,1,0,0,0,2,2,7,50,1,2040,2040,9,33,28,2,0,1,0,0
1277625,2,2021,2021,10,0,10,19,27,164,65,0,1,9,-33.718216,150.892516,7,0,2,1,2,0,0,0,0,2,7,60,1,14295,14295,3,10,5,3,0,0,2,0
1277626,4,2021,2021,1,3,7,117,1,210,121,0,1,1,-34.038914,151.092512,68,0,2,1,3,0,0,0,2,0,7,60,1,9859,9859,1,5,0,2,0,1,0,0
1277627,2,2021,2021,10,6,0,916,17,44,917,0,1,1,-32.119202,150.873221,73,1,0,1,3,0,0,0,0,0,7,100,2,1089,1089,7,5,40,1,0,0,1,0
1277628,4,2021,2021,10,2,6,16,36,17,41,0,1,1,-34.830873,147.41942,51,1,0,0,0,0,0,0,2,0,7,100,1,4552,5151,8,30,40,1,0,2,0,0
1277629,2,2021,2021,11,6,10,9,27,46,19,0,1,1,-33.936781,151.116634,4,0,2,1,2,0,0,0,0,0,7,50,1,1282,1282,1,10,5,4,0,0,1,0
1277631,2,2021,2021,11,6,7,4,10,66,34609,0,1,7,-33.719169,150.929154,7,0,2,1,0,0,0,0,2,0,0,60,0,6545,6545,4,5,13,2,0,0,2,0
1277632,4,2021,2021,10,0,7,8,27,4,34609,0,1,1,-31.919866,152.40542,43,2,1,0,0,0,0,0,2,0,7,80,0,1109,787,1,10,19,2,0,1,0,0
1277634,1,2021,2021,9,2,8,515,14,202,518,0,1,6,-33.939942,151.034738,15,0,2,1,1,0,0,0,2,0,7,70,2,4026,4026,8,10,40,1,0,0,0,1
1277639,2,2021,2021,10,1,1,10,27,4,34609,0,1,1,-35.213803,150.459242,63,2,1,0,0,0,0,0,0,0,7,80,0,4552,5151,8,10,40,1,0,0,1,0
1277640,4,2021,2021,10,2,4,8,1,6,34609,0,1,1,-33.224643,151.552715,16,2,2,0,0,0,0,0,2,0,7,50,0,3775,3775,0,5,5,2,0,1,0,0
1277641,4,2021,2021,10,6,3,60,27,239,167,0,1,9,-34.028207,151.120155,68,0,2,1,1,0,0,0,2,2,7,70,2,5929,5929,1,0,5,2,0,1,0,0
1277644,2,2021,2021,9,6,5,108,27,251,93,0,1,2,-33.778263,150.945546,7,0,2,0,1,0,0,3,2,0,7,60,1,3775,3775,0,16,5,2,0,0,1,0
1277646,2,2021,2021,10,2,9,20,31,433,34609,0,1,7,-33.282728,149.108394,52,2,1,1,2,0,0,0,0,0,0,50,0,945,945,5,0,40,1,0,0,1,0
1277647,2,2021,2021,9,0,2,62,31,41,34609,1,0,10,-34.052691,150.69467,12,0,2,1,3,0,0,0,1,0,0,50,0,6545,6545,4,0,36,2,0,0,1,0
1277648,1,2021,2021,9,4,7,251,27,62,212,0,1,10,-33.752603,151.252887,50,0,2,1,3,0,3,0,2,2,7,70,2,2852,2852,4,0,5,2,0,0,0,2
1277651,2,2021,2021,2,4,8,481,17,96,483,0,1,9,-33.380081,148.01201,51,2,1,1,3,0,0,0,2,0,0,50,2,1669,1669,3,0,13,2,0,0,1,0
1277654,4,2021,2021,10,5,7,21,27,370,26,0,1,10,-34.055777,150.810153,13,0,2,1,1,0,0,0,2,2,7,60,1,5929,5929,1,5,41,2,0,2,1,0
1277655,4,2021,2021,11,5,5,2209,17,95,2205,0,1,2,-34.394864,150.896122,80,0,2,1,1,0,0,3,2,0,7,90,2,9859,9859,1,0,13,2,0,1,0,0
1277659,1,2021,2021,9,5,9,3,31,29,34609,0,1,10,-33.977978,151.074417,25,0,2,1,3,0,0,0,3,0,0,50,0,6545,6545,4,5,5,2,0,0,0,1
1277660,2,2021,2021,9,1,6,5,10,323,34609,0,1,1,-33.76808,150.978824,71,0,2,0,3,0,0,3,2,0,7,50,0,941,941,1,5,5,2,0,0,1,0
1277661,1,2021,2021,8,1,5,4,31,225,34609,0,1,9,-33.795371,151.186119,77,0,2,1,3,0,0,0,2,0,0,40,0,2040,2040,9,0,28,2,0,0,0,1
1277662,1,2021,2021,9,4,9,866,27,201,44,0,1,7,-34.004506,150.863145,13,0,2,0,3,0,0,0,0,0,0,60,2,6545,6545,4,9,5,2,0,0,0,1
1277664,1,2021,2021,9,4,4,37,31,82,34609,0,1,10,-31.074485,150.917508,70,2,1,1,3,0,0,3,2,0,15,50,0,301,301,4,5,0,3,0,0,0,1
1277665,2,2021,2021,9,1,9,2261,17,243,2252,0,1,2,-33.954712,150.896975,41,0,2,1,3,0,0,0,3,0,7,70,2,14295,14295,3,5,5,3,0,0,1,0
1277666,1,2021,2021,9,6,6,251,27,115,212,0,1,10,-33.752256,151.243781,50,0,2,1,3,0,0,0,2,2,7,70,2,14295,14295,3,0,5,2,0,0,0,1
1277670,2,2021,2021,9,5,7,481,17,96,483,0,1,10,-33.368011,148.021478,51,2,1,1,3,0,0,0,2,0,0,80,2,2852,2852,4,5,0,2,0,0,1,0
1277673,2,2021,2021,10,1,3,145,27,234,34609,0,1,7,-34.293432,146.060587,28,2,1,1,3,0,0,0,2,0,0,60,0,9859,9859,8,5,40,1,0,0,1,0
1277674,2,2021,2021,10,0,8,177,31,174,208,0,1,9,-33.860841,150.930222,24,0,2,1,0,0,0,0,2,0,7,60,1,9859,9859,8,0,40,1,0,0,1,0
1277678,4,2021,2021,9,2,3,344,27,168,382,0,1,10,-33.70701,150.838952,7,0,2,1,3,0,0,0,2,2,7,80,2,14295,14295,3,29,12,5,0,1,1,1
1277681,1,2021,2021,9,4,7,104,27,443,702,0,1,2,-33.911933,151.063393,15,0,2,1,3,0,3,4,2,0,7,70,2,14295,14295,3,0,19,2,0,0,0,1
1277683,1,2021,2021,9,0,10,5,1,133,34609,0,1,9,-33.91811,151.012207,15,0,2,1,3,0,3,4,0,0,7,50,0,3775,3775,0,5,5,2,0,0,0,1
1277687,2,2021,2021,2,6,4,3371,17,463,3342,0,1,1,-30.324728,153.083521,19,2,1,1,3,0,3,4,2,0,7,60,2,14295,14295,3,10,13,3,0,0,1,0
1277688,1,2021,2021,9,0,9,2126,17,363,2149,0,1,10,-33.820265,151.003978,54,0,2,1,3,0,0,0,3,2,7,60,2,14295,14295,3,5,5,2,0,0,0,1
1277690,1,2021,2021,10,4,5,2261,17,112,2252,0,1,2,-33.914417,150.925606,41,0,2,1,3,0,0,0,2,0,7,70,2,14295,14295,3,5,25,2,0,0,0,1
1277691,2,2021,2021,2,6,8,18,27,83,100,0,1,1,-34.452211,150.442176,78,2,1,1,3,0,0,0,2,0,7,50,2,14295,14295,3,5,13,2,0,0,1,0
1277696,2,2021,2021,9,0,8,32,27,609,34609,0,1,9,-33.781151,150.882852,7,0,2,1,1,0,0,0,2,0,7,50,0,9859,9859,1,10,5,2,0,0,1,0
1277699,1,2021,2021,7,3,9,63,27,147,34609,1,0,1,-33.875333,150.994201,15,0,2,1,3,0,3,4,0,0,9,50,0,945,945,5,16,40,1,0,0,0,1
1277701,1,2021,2021,9,0,6,21,31,18,34609,0,1,4,-33.732033,151.296157,50,0,2,0,3,0,3,4,2,0,7,50,0,3775,3775,0,5,12,2,0,0,0,1
1277703,1,2021,2021,9,0,4,7,27,9,34609,0,1,1,-35.013616,150.654095,63,2,1,0,3,0,3,4,2,0,7,80,0,3775,3775,0,5,0,2,0,0,0,1
1277704,2,2021,2021,9,4,10,475,10,137,268,0,1,10,-33.907691,150.898662,41,0,2,1,3,0,0,0,0,2,7,60,2,14295,14295,3,5,0,2,0,0,1,0
1277706,4,2021,2021,10,2,5,3,27,33,34609,0,1,1,-33.795649,151.090928,61,0,2,1,1,0,0,0,2,0,7,50,0,387,387,1,22,5,2,0,1,0,0
1277708,2,2021,2021,6,3,7,57,31,80,30,0,1,10,-33.877616,151.203956,69,0,2,1,1,0,0,0,2,3,9,40,1,1220,1220,9,16,28,2,0,0,1,0
1277710,2,2021,2021,9,1,5,137,31,134,34609,0,1,10,-33.680929,150.865961,7,0,2,1,0,0,0,0,2,0,0,50,0,6545,6545,4,5,5,2,0,0,2,1
1277717,4,2021,2021,11,2,4,24,27,246,34609,0,1,2,-33.909016,151.189215,69,0,2,1,0,0,0,0,2,0,7,60,0,1981,1981,4,0,27,2,0,1,0,0
1277719,1,2021,2021,9,6,5,16,1,130,34609,0,1,1,-34.465089,150.841537,80,0,2,1,1,0,0,0,2,0,7,50,0,5929,5929,1,0,40,2,0,0,0,1
1277724,2,2021,2021,10,3,11,25,31,37,34609,0,1,1,-29.465593,153.208682,18,2,1,0,0,0,0,0,0,0,7,50,0,1259,5151,8,10,40,1,0,0,2,0
1277725,2,2021,2021,9,6,6,95,31,107,83,0,1,1,-29.677878,152.940803,18,2,1,1,1,0,0,0,2,0,7,50,1,14295,14295,3,5,36,2,0,0,1,0
1277731,2,2021,2021,9,3,3,213,17,83,213,0,1,7,-29.707503,152.941764,18,2,1,0,3,0,0,0,1,0,0,60,2,5929,5929,1,29,0,2,0,0,1,0
1277736,1,2021,2021,10,4,8,515,14,202,518,0,1,3,-33.940788,151.024733,15,0,2,1,3,0,3,4,2,0,7,100,2,14295,14295,3,0,5,2,0,0,0,1
1277739,4,2021,2021,9,2,5,114,27,21,65,0,1,1,-33.36539,151.163455,16,2,2,0,3,0,0,0,2,0,7,80,1,2585,4009,8,16,40,1,0,1,0,0
1277751,1,2021,2021,9,1,3,866,17,278,793,0,1,1,-33.784777,151.043364,54,0,2,1,3,0,3,3,2,0,7,60,2,1981,1981,4,5,25,3,0,0,0,1
1277752,4,2021,2021,9,1,5,177,22,210,176,0,1,2,-34.034299,151.102655,68,0,2,1,1,0,0,0,2,0,7,60,2,14295,14295,3,5,5,2,0,1,0,0
1277753,4,2021,2021,9,3,8,3,27,42,34609,0,1,1,-33.896837,150.876078,24,0,2,0,0,0,0,0,2,0,7,50,0,3775,3775,0,16,0,3,0,1,0,1
1277754,4,2021,2021,2,4,4,3371,17,147,3342,0,1,9,-33.745908,151.144317,36,0,2,0,1,0,0,0,2,0,7,60,2,5929,5929,1,0,5,2,0,1,0,0
1277757,2,2021,2021,9,2,6,118,17,26,118,0,1,1,-31.552285,150.691907,51,1,0,0,0,0,3,3,2,0,7,100,2,4552,5151,8,10,40,1,0,0,1,0
1277759,2,2021,2021,9,6,5,2209,17,144,2205,0,1,9,-34.059181,151.028247,68,0,2,1,3,0,3,4,2,2,7,70,2,5929,5929,1,5,5,2,0,0,1,1
1277760,4,2021,2021,10,2,4,1,4,49,34609,0,1,1,-33.94637,151.221665,4,0,2,1,1,0,0,0,2,0,7,50,0,1945,1945,5,22,40,1,0,1,0,0
1277761,4,2021,2021,9,3,4,330,23,293,112,0,1,9,-33.948433,151.240678,59,0,2,1,0,0,3,4,2,0,0,60,2,6545,6545,4,34,27,2,0,1,0,0
1277762,2,2021,2021,9,3,3,829,27,363,770,0,1,10,-33.808926,151.020942,54,0,2,1,3,0,0,3,2,2,7,60,2,2852,2852,4,5,36,2,0,0,1,0
1277765,4,2021,2021,10,0,8,1,27,96,34609,0,1,1,-33.333877,148.047712,51,2,1,0,0,0,0,0,2,0,7,80,0,591,591,1,16,13,2,0,1,0,0
1277766,1,2021,2021,9,1,8,308,14,92,311,0,1,3,-33.752927,150.952306,71,0,2,1,3,0,0,0,2,0,7,100,2,14295,14295,3,10,0,2,0,0,0,1
1277767,2,2021,2021,9,2,1,56,27,36,80,1,0,10,-33.882275,151.182334,69,0,2,1,2,0,0,0,0,2,7,50,2,6545,6545,4,5,5,2,0,0,1,0
1277769,1,2021,2021,9,6,8,3,4,67,34609,0,1,1,-33.403339,151.331984,16,2,2,1,3,0,0,0,4,0,7,50,0,1981,1981,4,5,0,2,0,0,0,1
1277780,2,2021,2021,9,2,7,123,36,14,49,0,1,1,-30.412094,151.329503,51,1,0,0,3,0,0,0,2,0,7,100,1,418,714,5,10,40,1,0,0,1,0
1277783,1,2021,2021,9,5,6,109,27,95,382,0,1,9,-33.737829,150.843965,7,0,2,1,3,0,0,0,2,2,15,60,2,623,623,3,5,36,2,0,0,0,1
1277785,1,2021,2021,9,6,8,119,31,173,207,0,1,10,-33.874673,151.21804,69,0,2,1,3,0,0,0,3,2,9,50,2,1282,1282,1,22,0,2,0,0,0,1
1277786,2,2021,2021,9,1,8,387,27,253,331,0,1,9,-33.963785,151.094413,25,0,2,1,3,0,0,3,2,0,7,60,2,1669,1669,3,0,0,2,0,0,1,0
1277787,1,2021,2021,9,6,8,255,27,3,260,0,1,1,-32.996327,151.598487,37,0,2,1,3,0,3,4,2,0,7,60,2,14295,14295,3,10,0,2,0,0,0,1
1277792,2,2021,2021,10,3,8,2261,17,243,2252,0,1,10,-33.957489,150.882385,41,0,2,1,1,0,0,0,2,2,7,70,2,14295,14295,3,10,0,2,0,0,1,0
1277796,4,2021,2021,9,0,10,11,27,73,88,0,1,1,-33.690168,150.726902,55,0,2,1,2,0,0,0,0,0,7,80,2,9859,9859,8,5,40,1,0,1,1,0
1277797,1,2021,2021,9,6,4,38,27,115,165,0,1,1,-33.958526,151.063595,25,0,2,1,3,0,0,0,2,0,7,50,1,14295,14295,3,9,5,2,0,0,0,1
1277803,2,2021,2021,9,4,5,33,31,36,22,1,0,9,-33.881543,151.181745,69,0,2,1,1,0,0,0,2,0,7,50,2,1945,1945,5,15,40,1,0,0,1,0
1277804,1,2021,2021,9,3,8,2126,17,23,2149,1,0,9,-33.818484,150.994357,54,0,2,1,1,0,3,4,2,0,0,60,2,6545,6545,4,9,0,3,0,0,0,1
1277805,4,2021,2021,9,6,9,334,17,31,308,0,1,9,-31.095579,150.877709,70,2,1,1,1,0,0,0,3,0,7,70,2,1669,1669,3,10,5,2,0,1,0,0
1277809,2,2021,2021,10,6,7,24,27,57,36,0,1,9,-33.584878,150.960651,71,0,2,0,1,0,0,0,2,0,0,80,1,1850,1463,5,16,40,1,0,0,1,0
1277811,1,2021,2021,10,4,8,59,27,41,34609,0,1,9,-34.060742,150.695428,12,0,2,1,0,0,0,0,2,0,7,50,0,9859,9859,1,0,0,2,0,0,0,1
1277815,2,2021,2021,9,2,6,2261,17,243,2252,0,1,9,-33.954924,150.896178,41,0,2,1,1,0,0,0,2,2,7,70,2,5929,5929,1,0,13,2,0,0,2,1
1277818,2,2021,2021,9,3,5,196,10,70,168,0,1,9,-33.911394,150.975927,15,0,2,0,0,0,0,3,2,0,7,60,2,14295,14295,3,0,5,4,0,0,1,0
1277819,2,2021,2021,9,2,11,103,36,2,66,0,1,1,-31.9497,152.287894,43,1,0,0,0,0,3,3,0,0,7,90,1,2585,4009,8,5,40,1,0,0,1,0