Crash ID,Degree of crash - detailed,Reporting year,Year of crash,Month of crash,Day of week of crash,Two-hour intervals,Street of crash,Street type,Town,Route no.,School zone location,School zone active,Type of location,Latitude,Longitude,LGA,Urbanisation,Conurbation 1,Alignment,Street lighting,Road surface,Surface condition,Weather,Natural lighting,Signals operation,Other traffic control,Speed limit,Road classification,RUM - code,DCA - code,First impact type,Key TU type,Other TU type,No. of traffic units involved,No. killed,No. seriously injured,No. moderately injured,No. minor-other injured
1277820,2,2021,2021,9,1,6,1,27,38,34609,0,1,9,-30.237686,153.118021,19,2,1,0,1,2,0,0,2,0,7,50,0,404,404,8,16,40,1,0,0,1,0
1277821,4,2021,2021,10,6,7,149,36,5,113,0,1,1,-32.314822,152.512134,43,2,1,0,0,0,3,3,2,0,7,80,1,4552,5151,8,16,40,1,0,1,0,0
1277822,2,2021,2021,10,6,6,916,17,165,917,1,0,9,-32.273544,150.892973,46,2,1,1,0,0,0,0,2,3,7,50,2,1669,1669,3,5,5,2,0,0,1,0
1277831,2,2021,2021,10,2,0,5,27,7,8,0,1,9,-29.771963,148.978323,51,2,1,1,0,0,0,0,0,0,7,60,1,475,475,5,10,40,1,0,0,1,0
1277832,2,2021,2021,9,1,9,2261,17,443,2252,0,1,9,-33.893319,151.054825,15,0,2,1,2,0,0,0,3,0,7,70,2,1383,1383,1,5,13,2,0,0,2,0
1277836,2,2021,2021,9,3,7,8,27,90,34609,0,1,9,-33.789275,150.965046,54,0,2,1,0,0,0,0,2,0,7,50,0,256,256,4,5,12,2,0,0,1,0
1277849,4,2021,2021,9,2,6,97,31,363,92,0,1,9,-33.820556,150.995905,54,0,2,1,1,0,0,0,2,0,0,60,1,926,926,4,5,5,2,0,1,0,0
1277851,4,2021,2021,9,6,2,1104,14,223,962,0,1,3,-33.806183,150.922187,7,0,2,1,2,0,0,0,0,0,7,100,2,14295,14295,3,0,5,3,0,2,0,0
1277853,4,2021,2021,9,6,7,280,10,162,82,0,1,9,-33.849754,150.905884,24,0,2,1,1,0,3,4,2,2,7,60,1,5929,5929,1,5,0,2,0,1,1,2
1277856,1,2021,2021,6,4,9,65,27,3,34609,0,1,9,-33.714253,149.170975,51,1,0,1,0,2,3,3,0,0,7,100,0,2585,777,8,5,40,1,0,0,0,1
1277858,2,2021,2021,10,3,9,24,31,169,382,0,1,10,-33.600674,150.750954,29,2,2,1,2,0,0,0,2,2,7,60,2,5929,5929,1,5,19,2,0,0,1,0
1277862,4,2021,2021,9,6,7,84,27,252,34609,0,1,9,-33.941345,150.860626,41,0,2,1,1,0,0,0,2,0,15,60,0,2852,2852,4,5,13,2,0,1,1,0
1277864,4,2021,2021,9,4,6,103,36,4,103,0,1,1,-32.018097,152.080917,43,2,1,1,0,0,0,0,2,0,7,80,1,4026,4026,8,30,40,1,0,1,0,0
1277866,4,2021,2021,9,2,6,1,18,443,34609,0,1,0,-33.90708,151.0577,15,0,2,1,0,0,3,0,2,0,7,50,0,1220,1220,9,0,28,2,0,1,0,0
1277869,4,2021,2021,9,0,7,829,27,26,770,0,1,6,-33.840194,151.145453,51,0,2,0,1,0,0,0,2,0,7,70,2,4552,5151,8,16,40,1,0,1,0,0
1277871,2,2021,2021,10,3,4,20,31,149,260,0,1,1,-33.99173,151.141754,4,0,2,1,0,0,0,0,2,0,7,60,2,5929,5929,1,9,19,2,0,0,1,0
1277872,2,2021,2021,9,3,2,35,1,63,52,0,1,9,-33.732655,150.797398,7,0,2,1,2,0,0,6,0,2,7,60,1,9859,9859,1,5,5,2,0,0,1,0
1277874,4,2021,2021,9,1,7,8,1,43,34609,0,1,1,-33.214066,151.512529,16,2,2,1,1,0,0,0,2,0,7,50,0,1220,1220,9,10,28,2,0,1,0,0
1277882,2,2021,2021,11,0,5,13,27,151,34609,1,0,1,-34.02816,150.849705,13,0,2,1,0,0,0,0,2,0,7,50,0,4026,4026,1,5,12,2,0,0,1,0
1277884,4,2021,2021,11,4,4,3371,17,40,3342,0,1,2,-32.02871,152.466304,43,1,0,1,0,0,3,3,2,0,7,110,2,1981,1981,4,10,5,2,0,2,1,0
1277885,2,2021,2021,10,1,7,84,27,125,32,0,1,9,-33.823118,151.128985,61,0,2,1,3,0,3,4,2,0,7,60,1,3775,3775,0,5,5,2,0,0,1,0
1277887,4,2021,2021,11,3,5,77,27,16,58,0,1,1,-34.811832,150.571561,63,2,1,0,0,0,0,0,2,0,7,60,2,2585,4009,8,16,40,1,0,1,0,0
1277892,2,2021,2021,10,5,8,8,27,16,34609,0,1,1,-33.369852,149.522725,3,1,0,0,0,0,0,0,2,0,7,100,0,4552,5151,8,5,40,1,0,0,2,1
1277893,2,2021,2021,10,4,6,42,27,210,34609,0,1,10,-34.033521,151.100537,68,0,2,1,1,0,0,0,2,0,0,50,0,1109,397,1,0,5,2,0,0,1,0
1277895,1,2021,2021,9,1,4,192,31,316,120,0,1,9,-33.919905,151.240597,59,0,2,1,3,0,0,0,2,2,7,50,2,14295,14295,3,10,0,2,0,0,0,1
1277898,2,2021,2021,9,6,7,10,1,173,15,0,1,0,-33.87825,151.226699,69,0,2,1,3,0,0,0,2,0,7,40,1,4026,4026,1,30,5,2,0,0,1,0
1277899,1,2021,2021,9,3,4,35,27,6,34609,0,1,1,-28.320132,153.452544,72,2,1,1,3,0,0,0,2,0,7,60,0,14295,14295,3,5,36,2,0,0,0,1
1277906,1,2021,2021,9,0,4,334,17,84,308,1,2,10,-31.092368,150.921538,70,2,1,1,3,0,3,4,2,0,7,40,2,6545,6545,4,5,5,2,0,0,0,1
1277909,2,2021,2021,9,1,3,31,1,234,139,0,1,9,-34.290089,146.062449,28,2,1,1,3,0,0,0,2,0,0,60,2,2852,2852,4,9,5,2,0,0,1,0
1277913,2,2021,2021,9,6,7,3,1,145,19,0,1,9,-33.929967,151.12451,15,0,2,0,3,0,0,3,2,0,0,50,1,1850,1463,5,5,40,1,0,0,1,0
1277917,1,2021,2021,9,3,7,19,27,40,605,0,1,2,-33.800613,151.246894,50,0,2,0,3,0,3,4,2,0,7,60,2,3775,3775,0,0,0,2,0,0,0,1
1277921,4,2021,2021,10,6,6,2,27,8,34609,0,1,1,-29.696211,150.839932,33,2,1,1,0,2,0,0,2,0,7,80,0,1945,1945,5,16,40,1,0,1,0,0
1277923,4,2021,2021,9,0,10,348,17,35,232,0,1,1,-30.122859,148.103008,51,1,0,1,0,0,0,0,0,0,7,110,2,4026,4026,8,10,40,1,0,1,0,0
1277928,1,2021,2021,9,1,5,133,31,646,97,0,1,9,-33.917442,151.02298,15,0,2,1,3,0,0,0,2,0,15,60,1,6545,6545,4,5,12,2,0,0,0,1
1277937,4,2021,2021,9,2,7,1,18,44,34609,0,1,1,-28.839826,153.406329,2,1,0,1,0,2,0,3,2,0,7,100,0,9859,9859,8,23,40,1,0,1,0,0
1277938,4,2021,2021,9,0,4,7,31,161,34609,0,1,9,-33.882502,151.150034,32,0,2,1,0,0,3,4,2,0,7,50,0,5929,5929,1,5,5,2,0,1,0,0
1277946,1,2021,2021,9,4,8,829,31,175,34609,0,1,10,-33.77591,151.080389,54,0,2,1,3,0,0,0,2,0,0,50,0,6545,6545,4,0,0,2,0,0,0,1
1277947,1,2021,2021,9,0,10,829,27,123,770,0,1,10,-33.813996,151.053661,54,0,2,1,3,0,0,0,0,2,7,70,2,14295,14295,3,5,5,2,0,0,0,1
1277954,1,2021,2021,9,2,8,177,22,87,176,0,1,9,-34.050674,151.150203,68,0,2,1,3,0,0,0,2,0,0,60,2,2852,2852,4,16,5,2,0,0,0,1
1277962,2,2021,2021,10,5,4,3371,17,207,3342,0,1,1,-33.599449,151.16463,31,0,2,0,3,0,0,0,2,0,7,80,2,1957,4009,8,10,40,1,0,0,1,0
1277966,2,2021,2021,9,1,3,19,1,59,34609,0,1,10,-33.978077,150.862152,13,0,2,1,3,0,0,0,1,0,0,50,0,6545,6545,4,5,0,2,0,0,1,0
1277967,2,2021,2021,9,1,4,19,27,32,2205,0,1,7,-34.573352,150.822436,62,0,2,0,3,0,0,0,2,2,7,60,2,2585,777,8,21,40,1,0,0,1,0
1277969,2,2021,2021,9,1,6,5,2,134,34609,0,1,9,-33.990879,150.794479,12,0,2,1,1,0,0,3,2,0,0,50,0,775,775,4,8,5,4,0,0,2,0
1277971,4,2021,2021,10,3,9,15,31,201,46,0,1,7,-34.888102,150.607746,63,2,1,1,1,0,0,0,3,0,0,60,1,926,926,4,16,5,2,0,1,0,0
1277973,4,2021,2021,9,1,9,308,14,86,311,0,1,8,-33.745372,150.939281,7,0,2,1,1,0,0,0,3,0,7,100,2,1282,1282,1,10,35,2,0,1,0,0
1277976,2,2021,2021,10,3,1,41,31,290,34609,0,1,1,-33.861795,151.003912,21,0,2,1,2,0,0,0,0,0,7,50,0,4026,4026,1,5,5,3,0,0,1,0
1277977,2,2021,2021,9,0,4,19,31,166,143,0,1,10,-33.424392,149.575528,3,2,1,1,1,0,3,3,2,0,0,50,2,6545,6545,4,19,5,2,0,0,1,0
1277982,1,2021,2021,9,1,4,3,31,61,34609,0,1,10,-35.912025,150.06501,23,2,1,1,3,0,0,0,2,0,0,60,0,1391,1391,1,5,0,3,0,0,0,1
1277985,2,2021,2021,9,3,5,8,27,43,38,0,1,7,-33.775802,151.26305,50,0,2,1,3,0,0,3,2,0,0,60,1,9859,9859,1,22,0,2,0,0,1,0
1277990,2,2021,2021,9,4,9,40,27,73,34609,0,1,9,-35.15011,147.371314,75,2,1,1,3,0,3,4,3,0,15,60,0,2852,2852,4,10,25,2,0,0,1,0
1277991,1,2021,2021,2,6,8,3,27,27,34609,0,1,1,-34.54,150.784196,80,0,2,0,3,0,0,0,2,0,7,60,0,1981,1981,4,5,19,2,0,0,0,1
1277993,1,2021,2021,9,0,6,2261,17,443,2252,0,1,10,-33.901037,151.045328,15,0,2,1,3,0,0,0,2,2,7,70,2,14295,14295,3,5,13,2,0,0,0,1
1277995,4,2021,2021,9,2,7,6,10,130,34609,0,1,9,-34.46307,150.842292,80,0,2,1,1,0,3,4,2,0,7,50,0,4026,4026,8,30,40,1,0,1,0,0
1277999,4,2021,2021,9,2,10,30,10,27,30,0,1,1,-33.243422,151.216379,16,2,2,0,0,0,3,4,0,0,7,80,1,3775,3775,0,5,5,2,0,1,1,1
1278003,1,2021,2021,9,3,9,20,22,121,49,0,1,9,-33.79074,151.287018,50,0,2,1,2,0,0,0,2,0,7,30,1,1945,1945,5,22,40,1,0,0,0,1
1278004,4,2021,2021,9,1,5,478,17,128,480,0,1,2,-33.427682,151.321336,16,2,2,1,2,0,0,0,2,0,7,70,2,1981,1981,4,0,10,2,0,1,0,0
1278005,1,2021,2021,8,1,3,1104,14,247,962,0,1,3,-33.815425,150.960914,21,0,2,1,0,0,3,4,1,0,7,90,2,1282,1282,1,8,5,2,0,0,0,1
1278007,4,2021,2021,9,1,8,17,31,93,34609,0,1,9,-33.416446,149.608142,3,2,1,1,1,0,0,0,2,0,7,50,0,9859,9859,8,22,40,1,0,2,0,0
1278009,4,2021,2021,9,4,6,346,17,103,332,0,1,2,-28.813796,153.31259,39,2,1,1,1,0,0,3,2,0,7,60,2,14295,14295,3,16,10,2,0,1,0,0
1278011,2,2021,2021,9,6,0,293,31,523,34609,0,1,10,-33.924896,150.923203,41,0,2,0,2,0,0,0,0,2,7,50,0,4552,985,8,5,40,1,0,0,1,0
1278019,2,2021,2021,9,4,7,2126,17,26,2149,0,1,2,-33.70251,150.577021,8,2,2,0,0,0,3,4,2,0,7,80,2,14295,14295,3,5,5,2,0,0,1,1
1278025,2,2021,2021,9,4,5,3371,17,15,3342,0,1,2,-30.228799,153.147197,19,1,0,1,0,0,0,0,2,0,7,110,2,4026,4026,8,0,40,1,0,0,1,0
1278027,4,2021,2021,9,6,7,3,1,20,34609,0,1,1,-34.080757,150.6961,12,0,2,1,1,0,0,3,2,0,7,50,0,1220,1220,9,0,28,2,0,1,0,0
1278028,4,2021,2021,9,4,6,3,33,23,34609,0,1,1,-32.989129,151.074796,17,1,0,0,0,2,0,0,2,0,7,100,0,782,957,5,16,40,1,0,1,0,0
1278029,4,2021,2021,10,2,1,6,10,65,34609,0,1,2,-32.925907,151.765932,48,0,2,0,2,0,0,0,0,0,7,30,0,1259,5151,1,5,10,2,0,1,0,0
1278031,1,2021,2021,11,0,1,293,27,103,172,1,0,1,-32.945585,151.657336,37,0,2,1,2,0,0,0,0,0,7,60,2,4026,4026,1,5,5,3,0,0,0,1
1278033,2,2021,2021,10,4,3,829,31,162,15,0,1,2,-33.843764,150.887585,24,0,2,1,0,0,0,0,2,0,7,60,1,204,204,1,3,2,3,0,0,2,0
1278037,4,2021,2021,9,5,8,2,27,5,34609,0,1,1,-34.317873,147.816759,51,1,0,1,0,0,0,0,2,0,7,100,0,9859,9859,8,30,40,1,0,1,1,1
1278038,2,2021,2021,11,4,1,213,17,7,213,0,1,1,-29.754902,151.552283,51,1,0,0,0,0,3,4,0,0,7,100,2,2585,4009,8,5,40,1,0,0,1,2
1278040,4,2021,2021,10,2,4,82,31,228,34609,0,1,11,-34.767737,149.710986,26,2,1,0,0,0,0,0,2,0,7,50,0,2585,4009,8,5,40,1,0,1,0,0
1278046,4,2021,2021,9,4,4,24,1,609,115,0,1,10,-33.76563,150.911037,7,0,2,1,1,0,0,3,2,2,7,60,2,5929,5929,1,5,36,2,0,1,1,0
1278047,1,2021,2021,6,3,5,8,27,58,34609,0,1,1,-33.234758,151.37604,16,2,2,0,0,0,0,0,2,0,7,60,0,3775,3775,0,0,19,2,0,0,0,2
1278048,2,2021,2021,9,1,5,19,31,445,34609,0,1,1,-33.850248,151.057648,54,0,2,1,0,0,0,0,2,0,7,60,0,9859,9859,1,5,5,4,0,0,1,0
1278051,4,2021,2021,11,1,5,98,31,68,207,0,1,9,-33.878416,151.24136,81,0,2,1,1,0,0,0,2,0,7,60,2,1850,985,5,16,40,1,0,1,0,0
1278052,4,2021,2021,9,0,10,1,27,113,48,0,1,2,-34.357353,150.857272,80,0,2,0,0,0,3,4,0,0,7,100,2,404,404,8,5,40,1,0,1,0,0
1278058,4,2021,2021,9,0,7,24,1,251,34609,0,1,1,-33.776945,150.939203,7,0,2,1,0,0,3,4,2,0,7,50,0,121,121,9,33,26,2,0,1,0,0
1278060,2,2021,2021,11,3,3,1,27,5,34609,0,1,1,-32.476753,149.639845,44,1,0,1,0,0,0,0,2,0,7,100,0,84,84,8,22,40,1,0,0,1,0
1278061,1,2021,2021,9,3,3,296,27,460,293,0,1,9,-33.845287,150.997924,21,0,2,1,1,0,3,4,2,0,2,70,2,9859,9859,8,5,40,1,0,0,0,1
1278064,1,2021,2021,9,4,8,17,31,106,32,0,1,1,-33.915206,151.083045,15,0,2,1,0,0,3,3,2,0,7,50,1,1981,1981,4,0,27,2,0,0,0,1
1278067,4,2021,2021,9,3,4,23,31,218,19,0,1,1,-33.747258,150.771444,55,0,2,0,0,0,0,0,2,0,7,60,1,4552,5151,1,0,5,4,0,1,2,0
1278071,4,2021,2021,10,2,9,19,31,225,34609,0,1,1,-33.796038,151.185525,77,0,2,1,2,0,0,0,0,0,7,40,0,4026,4026,8,5,40,1,0,1,1,0
1278073,2,2021,2021,2,4,11,22,31,143,34609,0,1,4,-33.884418,151.09897,9,0,2,0,2,0,0,0,0,0,7,50,0,312,312,2,5,40,1,0,0,1,0
1278079,2,2021,2021,9,6,10,14,1,49,18,0,1,10,-33.978265,151.145021,4,0,2,1,2,0,0,0,0,0,0,60,1,6545,6545,4,10,18,2,0,0,1,0
1278081,1,2021,2021,6,6,1,293,27,103,172,1,0,1,-32.94456,151.657526,37,0,2,1,2,0,3,3,0,0,7,60,2,9859,9859,1,0,5,4,0,0,0,1
1278083,2,2021,2021,9,2,1,6,10,323,34609,0,1,1,-33.805602,150.850611,7,0,2,0,2,0,0,0,0,0,7,50,0,4552,5151,1,5,8,2,0,0,1,0
1278084,4,2021,2021,9,6,7,3,27,193,34609,0,1,1,-33.792764,151.088216,61,0,2,1,0,0,0,0,2,0,7,50,0,3775,3775,0,10,5,2,0,1,1,0
1278088,2,2021,2021,9,0,1,178,1,226,34609,0,1,7,-33.753879,150.815689,7,0,2,1,2,0,3,4,0,0,0,60,0,9859,9859,8,10,40,1,0,0,1,0
1278090,4,2021,2021,9,4,9,232,36,74,331,0,1,9,-34.023743,150.758821,12,0,2,1,2,0,0,3,2,2,7,80,2,5929,5929,1,0,0,2,0,1,0,1
1278091,2,2021,2021,9,0,8,2209,17,76,2205,0,1,7,-35.364243,150.472842,63,2,1,1,2,0,3,4,2,0,0,60,2,6545,6545,4,0,13,2,0,0,1,0
1278098,2,2021,2021,11,2,9,2,31,218,34609,1,0,9,-33.778744,150.775597,55,0,2,1,2,0,0,0,0,0,7,50,0,5929,5929,1,10,19,3,0,0,1,0
1278106,1,2021,2021,8,0,9,99,31,237,105,0,1,1,-33.864143,150.95086,24,0,2,1,2,0,0,0,0,0,7,60,1,9859,9859,8,5,40,1,0,0,0,1
1278108,1,2021,2021,3,2,4,44,31,31,605,0,1,9,-33.770351,151.266099,50,0,2,1,1,0,3,4,2,2,7,60,2,489,489,8,9,40,1,0,0,0,1
1278111,4,2021,2021,10,2,9,95,31,81,34609,0,1,1,-33.881612,151.249423,81,0,2,0,0,0,0,0,2,0,7,50,0,1259,5151,8,5,40,1,0,1,1,0
1278118,1,2021,2021,6,1,5,2,10,24,34609,0,1,1,-31.543752,152.76303,56,2,1,0,0,2,0,0,2,0,7,80,0,2585,4009,8,10,40,1,0,0,0,1
1278123,2,2021,2021,5,2,11,23,23,45,34609,0,1,1,-33.341994,151.498389,16,2,2,0,2,0,0,0,0,0,7,40,0,52,52,6,30,40,1,0,0,2,0
1278125,2,2021,2021,10,2,6,478,17,69,480,0,1,1,-33.354273,151.488129,16,2,2,1,0,0,0,0,2,0,7,50,2,14295,14295,3,5,5,3,0,0,1,0
1278126,1,2021,2021,9,1,6,5,31,120,34609,0,1,9,-32.199459,152.540539,43,2,1,1,0,0,0,0,2,0,7,50,0,220,220,8,5,40,1,0,0,0,2
1278128,4,2021,2021,10,3,6,4,27,2,34609,0,1,1,-32.309615,151.301801,64,1,0,0,0,0,0,0,2,0,7,100,0,4552,5151,8,16,40,1,0,1,0,0
1278129,2,2021,2021,9,5,8,500,27,646,799,0,1,9,-33.934984,151.024686,15,0,2,1,3,0,0,0,3,3,7,60,2,14295,14295,3,5,5,2,0,0,1,0
1278130,2,2021,2021,11,2,0,30,27,6,39,0,1,1,-35.481765,149.444681,58,1,0,0,0,0,0,0,0,0,7,100,1,1089,1089,7,10,40,1,0,0,2,0
1278132,2,2021,2021,11,0,0,1,6,63,34609,0,1,1,-33.243862,151.465867,16,2,2,0,2,0,0,0,0,0,7,50,0,4552,5151,8,0,40,1,0,0,1,0
1278133,2,2021,2021,10,4,5,10,27,49,10,0,1,1,-34.467845,148.673198,30,1,0,0,0,0,0,0,2,0,7,100,1,418,714,5,16,40,1,0,0,1,0
1278136,1,2021,2021,11,4,2,481,17,22,483,0,1,1,-28.612264,150.348748,51,2,1,0,0,0,3,3,1,0,7,80,2,3775,3775,0,5,2,2,0,0,0,1
1278138,2,2021,2021,1,1,4,1,18,433,34609,0,1,1,-33.244188,149.082866,52,2,1,1,0,2,0,0,2,0,7,50,0,475,475,5,10,40,1,0,0,1,0
1278139,1,2021,2021,10,1,7,3371,17,463,3342,0,1,10,-30.312383,153.094845,19,2,1,1,1,0,3,4,2,2,7,60,2,14295,14295,3,5,0,2,0,0,0,1
1278142,2,2021,2021,10,6,8,25,27,15,260,0,1,1,-32.990324,151.600467,37,0,2,1,1,0,0,0,2,0,7,60,2,1383,1383,1,10,19,2,0,0,1,0
1278143,2,2021,2021,10,4,7,3371,17,11,3342,0,1,2,-31.718262,152.706549,43,1,0,0,0,0,0,0,2,0,7,110,2,2585,4009,8,8,40,1,0,0,1,0
1278144,4,2021,2021,10,3,2,3,27,4,34609,0,1,1,-32.541718,151.246666,64,1,0,0,0,0,0,0,0,0,7,100,0,4552,5151,8,10,40,1,0,1,0,0
1278146,4,2021,2021,11,4,4,916,17,37,917,0,1,2,-32.679306,151.390746,17,2,1,1,1,0,0,0,2,0,7,50,2,9859,9859,8,0,40,1,0,1,0,0
1278147,2,2021,2021,10,5,3,515,14,109,518,0,1,3,-33.958302,150.876222,41,0,2,1,0,0,0,0,2,0,7,100,2,9859,9859,8,5,40,2,0,0,1,0
1278148,2,2021,2021,11,2,9,2,31,463,34609,0,1,1,-30.303776,153.111854,19,2,1,1,0,0,0,0,0,0,7,50,0,9859,9859,1,5,5,2,0,0,1,0
1278149,4,2021,2021,10,5,11,80,31,77,34609,0,1,1,-32.942036,151.757825,48,0,2,0,2,0,3,4,0,0,7,50,0,4552,5151,8,5,40,1,0,1,0,0
1278151,2,2021,2021,11,4,10,2261,17,38,2252,0,1,3,-34.123452,150.753857,79,1,2,1,0,0,0,0,0,0,7,110,2,4026,4026,8,5,40,1,0,0,1,0
1278152,2,2021,2021,5,6,9,19,31,188,34609,0,1,1,-33.945945,151.092385,25,0,2,1,2,0,0,0,0,0,7,50,0,144,144,1,5,19,2,0,0,1,0
1278153,2,2021,2021,10,3,6,7,31,438,34609,0,1,7,-33.85738,151.034134,21,0,2,1,1,0,0,0,2,0,0,50,0,1220,1220,9,5,26,2,0,0,1,0
1278154,2,2021,2021,11,3,11,3371,17,28,3342,0,1,2,-32.650635,151.899842,57,1,0,1,0,0,0,0,0,0,7,110,2,4026,4026,8,3,40,1,0,0,1,0
1278155,2,2021,2021,10,3,10,1,36,66,34609,1,0,9,-32.924302,151.653761,37,0,2,0,2,0,0,0,0,0,7,60,0,4552,5151,8,5,40,2,0,0,1,0
1278156,4,2021,2021,10,2,11,24,7,179,34609,0,1,10,-31.908477,152.4456,43,2,1,1,2,0,0,0,0,0,0,50,0,6545,6545,4,10,5,2,0,1,2,0
1278158,4,2021,2021,11,0,6,3,27,79,34609,1,0,1,-34.903323,150.614902,63,2,1,1,1,0,0,0,2,0,7,60,0,1109,397,1,8,5,2,0,1,0,0
1278159,2,2021,2021,11,0,5,2261,17,201,2252,0,1,6,-34.006119,150.835634,13,0,2,0,0,0,0,0,2,0,7,70,2,14295,14295,3,16,12,2,0,0,1,0
1278161,4,2021,2021,10,3,5,103,36,17,66,0,1,1,-32.013111,152.259455,43,1,0,0,0,0,0,0,2,0,7,90,1,2585,4009,8,16,40,1,0,1,0,0
1278162,4,2021,2021,10,4,4,2,10,3,34609,0,1,1,-34.038341,151.161455,68,0,2,0,1,0,0,0,2,0,7,50,0,387,387,1,22,13,3,0,2,0,0
1278164,4,2021,2021,9,6,8,6,31,119,34609,0,1,10,-32.762637,151.750305,57,2,1,1,1,0,3,4,2,0,15,50,0,6545,6545,4,5,0,2,0,1,0,0
1278167,4,2021,2021,10,3,1,1,23,3,34609,0,1,1,-35.096756,150.651187,63,2,1,1,2,0,0,0,0,0,7,50,0,4026,4026,8,30,40,1,0,1,0,0
1278169,2,2021,2021,10,2,6,2,27,4,34609,0,1,1,-29.423837,153.182778,18,2,1,0,0,0,0,0,2,0,7,80,0,1259,5151,8,0,40,1,0,0,1,0
1278170,2,2021,2021,11,4,4,19,31,108,34609,0,1,7,-28.869377,153.57503,2,2,1,0,2,0,0,0,2,0,0,60,0,2585,4009,8,0,40,1,0,0,1,0
1278171,2,2021,2021,10,1,11,4,31,107,157,0,1,1,-29.695456,152.941281,18,2,1,0,2,0,3,4,0,0,7,50,2,4552,5151,8,5,40,1,0,0,1,0
1278172,1,2021,2021,10,0,9,9,27,26,34609,0,1,1,-31.309798,152.963324,34,1,0,0,0,2,0,0,2,0,7,100,0,2585,4009,8,10,40,1,0,0,0,1
1278173,2,2021,2021,10,3,8,10,31,122,34609,0,1,1,-33.424059,151.340017,16,2,2,1,0,0,0,0,2,0,7,50,0,121,121,9,5,28,2,0,0,1,0
1278180,1,2021,2021,10,2,7,51,31,107,157,0,1,1,-29.693168,152.936392,18,2,1,1,3,0,3,4,2,0,7,50,2,14295,14295,3,10,13,2,0,0,0,1
1278181,4,2021,2021,10,5,10,293,31,219,34609,0,1,10,-32.891268,151.668051,48,0,2,1,2,0,3,4,0,2,7,60,0,4026,4026,8,0,40,1,0,1,0,0
1278182,1,2021,2021,9,6,10,2261,17,284,2252,0,1,9,-33.907295,151.024067,15,0,2,1,3,0,3,4,0,2,7,60,2,14295,14295,3,10,0,2,0,0,0,1
1278183,1,2021,2021,9,2,9,153,27,197,147,0,1,10,-33.951889,151.087426,25,0,2,1,3,0,0,0,4,2,7,60,2,3775,3775,0,30,5,2,0,0,0,1
1278184,1,2021,2021,9,5,7,2,31,108,34609,0,1,1,-33.766943,151.278503,50,0,2,1,3,0,0,0,2,0,7,50,0,1981,1981,4,16,0,2,0,0,0,1
1278187,4,2021,2021,9,0,3,3,31,27,144,0,1,9,-32.883886,151.771621,48,0,2,1,3,0,3,4,1,0,0,80,2,9859,9859,8,5,40,1,0,1,0,0
1278189,2,2021,2021,9,4,5,47,31,253,34609,0,1,1,-33.967148,151.110978,25,0,2,1,3,0,0,3,2,0,7,50,0,4026,4026,8,5,40,1,0,0,1,0
1278191,1,2021,2021,10,0,7,103,27,94,563,0,1,10,-33.839872,151.04607,54,0,2,1,3,0,3,4,2,2,7,70,2,14295,14295,3,0,36,2,0,0,0,1
1278192,1,2021,2021,2,6,6,2126,17,438,2149,0,1,10,-33.845062,151.042205,21,0,2,1,3,0,0,0,2,2,7,60,2,1669,1669,3,0,19,2,0,0,0,1
1278194,1,2021,2021,9,2,4,149,10,136,702,0,1,2,-33.867569,151.06441,67,0,2,1,3,0,0,0,2,0,7,80,2,14295,14295,3,5,36,2,0,0,0,1
1278197,1,2021,2021,9,0,7,9,1,77,44,0,1,9,-33.724669,151.081318,31,0,2,1,3,0,0,0,2,2,7,50,1,5929,5929,1,5,5,2,0,0,0,1
1278199,2,2021,2021,9,1,6,2126,17,93,2149,0,1,7,-33.420359,149.625356,3,2,1,1,3,0,0,0,2,0,0,60,2,14295,14295,3,30,36,2,0,0,1,0
1278203,4,2021,2021,9,1,9,38,31,84,34609,0,1,9,-31.109612,150.897351,70,2,1,1,1,0,0,0,2,0,7,50,0,6545,6545,4,16,12,2,0,1,1,0
1278204,2,2021,2021,9,2,8,6,25,36,60,0,1,2,-36.090744,146.908018,0,2,1,0,1,0,0,0,2,0,7,60,1,1957,4009,8,10,40,1,0,0,1,0
1278209,4,2021,2021,9,1,8,16,27,193,145,0,1,1,-33.79414,151.069087,61,0,2,1,3,0,0,0,2,0,7,60,2,14295,14295,3,10,5,2,0,1,0,0
1278211,2,2021,2021,10,1,11,361,23,14,34609,0,1,9,-33.721524,150.603674,8,2,2,0,2,0,3,4,0,0,7,50,0,1957,777,8,5,40,1,0,0,1,0
1278212,1,2021,2021,2,4,4,866,17,110,793,0,1,2,-33.791274,150.999023,54,0,2,0,3,0,0,0,2,0,7,90,2,1391,1391,1,0,25,2,0,0,0,1
1278214,2,2021,2021,10,6,8,1104,14,460,962,0,1,3,-33.82024,150.983203,21,0,2,1,0,0,0,0,2,0,7,90,2,1282,1282,1,29,5,2,0,0,1,0
1278218,4,2021,2021,9,1,5,27,27,5,34609,0,1,1,-31.608206,151.92422,43,1,0,0,3,2,0,0,2,0,7,100,0,1850,1463,5,16,40,1,0,1,0,0
1278220,1,2021,2021,9,6,6,36,27,106,35,0,1,9,-33.891538,151.172562,32,0,2,1,3,0,0,0,2,2,7,50,1,14295,14295,3,5,18,2,0,0,0,1
1278222,1,2021,2021,9,4,8,100,27,62,799,0,1,1,-33.896784,151.1489,32,0,2,0,3,0,0,3,2,0,7,60,2,1981,1981,4,5,5,2,0,0,0,1
1278223,2,2021,2021,11,6,8,44,1,21,34609,0,1,1,-34.541402,150.862363,62,0,2,1,3,0,0,0,2,0,7,50,0,28,28,1,10,27,2,0,0,1,0