Crash ID,Degree of crash - detailed,Reporting year,Year of crash,Month of crash,Day of week of crash,Two-hour intervals,Street of crash,Street type,Town,Route no.,School zone location,School zone active,Type of location,Latitude,Longitude,LGA,Urbanisation,Conurbation 1,Alignment,Street lighting,Road surface,Surface condition,Weather,Natural lighting,Signals operation,Other traffic control,Speed limit,Road classification,RUM - code,DCA - code,First impact type,Key TU type,Other TU type,No. of traffic units involved,No. killed,No. seriously injured,No. moderately injured,No. minor-other injured
1278224,4,2021,2021,9,0,4,1104,14,140,962,0,1,3,-33.791764,150.831832,7,0,2,0,3,0,0,0,2,0,7,110,2,1282,1282,1,8,5,3,0,1,0,0
1278231,1,2021,2021,5,4,5,171,31,61,34609,0,1,10,-35.910791,150.070686,23,2,1,1,3,0,0,0,2,0,0,60,0,9859,9859,8,16,40,1,0,0,0,1
1278232,4,2021,2021,9,1,8,17,27,9,12,0,1,1,-35.589771,147.720716,27,1,0,0,0,0,0,0,2,0,7,100,2,1957,4009,8,0,40,1,0,1,0,0
1278236,2,2021,2021,2,4,8,1052,27,69,262,0,1,2,-32.904816,151.690747,48,0,2,1,3,0,0,0,2,0,7,60,2,14295,14295,3,8,5,3,0,0,1,0
1278238,4,2021,2021,10,3,4,2209,17,32,2205,0,1,2,-34.575285,150.82788,62,0,2,1,1,0,0,0,2,0,7,100,2,404,404,8,22,40,1,0,1,0,0
1278240,4,2021,2021,9,1,7,3371,17,37,3342,0,1,2,-33.016968,151.669276,37,0,2,1,1,0,0,0,2,0,7,60,2,1981,1981,4,5,5,2,0,1,1,0
1278241,4,2021,2021,2,1,0,112,27,109,256,0,1,9,-33.972179,150.863028,13,0,2,1,2,0,0,3,0,2,9,70,2,4026,4026,8,5,40,1,0,1,0,0
1278244,2,2021,2021,9,6,2,2261,17,70,2252,0,1,2,-34.710086,150.01078,26,1,0,1,1,0,0,0,1,0,7,110,2,404,404,8,8,40,1,0,0,1,0
1278250,2,2021,2021,9,4,9,2261,17,284,2252,0,1,9,-33.905994,151.015745,15,0,2,1,1,0,0,0,3,2,7,70,2,1220,1220,9,5,28,3,0,0,1,1
1278251,2,2021,2021,2,4,10,40,27,73,34609,0,1,1,-35.125165,147.377465,75,2,1,1,2,0,3,4,0,0,7,60,0,475,475,5,5,40,1,0,0,1,0
1278252,2,2021,2021,11,4,1,103,36,1,157,0,1,1,-28.444419,152.869068,51,1,0,0,0,0,0,0,0,0,7,100,2,782,957,5,29,40,1,0,0,1,0
1278256,2,2021,2021,9,0,10,2126,17,23,2149,0,1,1,-33.819207,150.989177,21,0,2,1,2,0,3,4,0,2,9,60,2,14295,14295,3,5,19,2,0,0,1,0
1278258,4,2021,2021,10,2,6,125,31,438,44,0,1,10,-33.849953,151.034637,21,0,2,1,0,0,0,0,2,2,9,50,2,2040,2040,9,5,28,2,0,1,0,0
1278259,4,2021,2021,10,5,7,2,27,68,34609,0,1,1,-33.878277,151.24499,81,0,2,1,1,0,0,0,2,0,9,50,0,1282,1282,1,0,40,1,0,1,0,0
1278260,2,2021,2021,10,4,5,109,36,11,108,0,1,1,-28.457033,153.498627,72,2,1,1,0,0,3,3,2,0,7,80,1,3775,3775,0,10,5,2,0,0,1,1
1278261,2,2021,2021,2,3,7,3371,17,463,3342,0,1,10,-30.289957,153.121076,19,2,1,1,0,0,0,0,2,2,7,60,2,14295,14295,3,9,0,2,0,0,1,0
1278264,1,2021,2021,9,1,4,387,36,86,69,0,1,2,-33.714442,151.217269,50,0,2,1,1,0,0,0,2,0,7,80,2,14295,14295,3,33,27,2,0,0,0,1
1278268,4,2021,2021,9,5,8,28,31,523,34609,1,0,10,-33.918282,150.927765,41,0,2,1,0,0,0,0,2,2,7,30,0,2040,2040,9,5,28,2,0,1,0,0
1278269,4,2021,2021,2,3,10,2261,17,26,2252,0,1,3,-34.406325,150.505082,78,1,0,1,0,0,0,0,0,0,7,110,2,14295,14295,3,29,5,3,0,1,0,0
1278270,4,2021,2021,10,5,0,74,27,66,59,0,1,2,-34.475343,150.887526,80,0,2,0,2,0,0,0,0,0,7,80,2,2585,4009,8,5,40,1,0,1,1,0
1278272,4,2021,2021,9,2,6,39,27,21,51,0,1,1,-33.662761,151.082762,31,0,2,0,0,0,0,3,2,0,7,60,2,1850,1463,5,16,40,1,0,1,0,0
1278277,2,2021,2021,11,4,6,101,10,239,35,0,1,10,-34.032279,151.122011,68,0,2,1,0,0,0,0,2,0,0,60,2,5929,5929,1,5,5,2,0,0,1,0
1278278,4,2021,2021,2,2,4,4,27,138,34609,0,1,1,-33.875446,151.260084,81,0,2,1,1,0,0,0,2,0,7,50,0,1220,1220,9,5,28,2,0,1,0,0
1278287,2,2021,2021,9,5,7,18,27,136,148,1,2,9,-32.932101,151.718999,48,0,2,1,0,0,0,0,2,0,7,40,1,340,340,9,5,28,2,0,0,1,0
1278288,4,2021,2021,9,6,8,8,31,204,34609,0,1,1,-33.930821,151.148495,4,0,2,1,1,0,0,0,2,0,7,50,0,1220,1220,9,22,28,2,0,2,0,0
1278289,2,2021,2021,9,6,0,3371,17,35,3342,0,1,2,-29.951442,153.118809,18,1,0,1,0,0,0,0,0,0,7,110,2,1945,1945,5,29,40,1,0,0,1,0
1278290,1,2021,2021,10,2,11,16,27,112,34609,0,1,6,-33.910635,151.212855,69,0,2,0,2,0,0,0,0,0,7,50,0,2585,4009,8,16,40,1,0,0,0,1
1278291,2,2021,2021,9,0,9,1,31,72,34609,0,1,1,-33.795716,151.054578,54,0,2,1,0,0,3,4,3,0,7,50,0,9859,9859,1,30,13,3,0,0,1,0
1278292,1,2021,2021,9,2,6,117,27,78,144,0,1,9,-33.859566,151.09261,14,0,2,1,1,0,0,3,2,0,0,60,2,14295,14295,3,5,0,2,0,0,0,1
1278295,2,2021,2021,2,6,6,154,27,443,244,0,1,2,-33.909175,151.075693,67,0,2,1,1,0,0,0,2,0,7,60,2,1383,1383,1,5,2,3,0,0,1,0
1278297,4,2021,2021,10,3,10,42,27,197,34609,0,1,9,-33.951851,151.066849,25,0,2,1,0,0,0,0,3,0,7,50,0,214,214,9,5,28,2,0,1,0,0
1278300,2,2021,2021,2,5,6,55,27,179,34609,0,1,9,-33.75935,150.720598,55,0,2,1,1,0,0,0,2,0,7,50,0,941,941,1,10,5,2,0,0,1,0
1278302,1,2021,2021,2,6,8,2126,17,445,2149,0,1,1,-33.848486,151.048899,21,0,2,1,3,0,0,0,2,0,7,60,2,14295,14295,3,10,5,3,0,0,0,1
1278308,1,2021,2021,9,4,6,7,31,161,34609,0,1,1,-33.883316,151.150023,32,0,2,1,3,0,3,4,2,0,7,50,0,14295,14295,3,0,5,2,0,0,0,1
1278309,4,2021,2021,9,3,5,3371,17,149,3342,0,1,10,-33.348956,151.369445,16,2,2,1,1,0,3,4,2,2,7,60,2,5929,5929,1,34,5,2,0,1,0,0
1278310,2,2021,2021,9,4,4,3371,17,52,3342,0,1,2,-33.262763,151.46436,16,2,2,1,3,0,0,3,2,0,7,70,2,14295,14295,3,5,25,3,0,0,1,0
1278313,1,2021,2021,9,1,7,158,27,55,207,1,2,1,-33.864238,151.272351,81,0,2,0,3,0,0,0,2,0,7,40,2,1282,1282,1,0,5,2,0,0,0,1
1278315,1,2021,2021,2,6,5,475,31,532,75,0,1,10,-33.869269,151.210378,69,0,2,1,3,0,0,0,2,2,9,40,1,2040,2040,9,10,28,2,0,0,0,1
1278318,2,2021,2021,2,0,8,3371,17,463,3342,0,1,2,-30.281281,153.129864,19,2,1,1,3,0,0,0,2,0,7,60,2,1282,1282,1,21,0,2,0,0,1,0
1278319,4,2021,2021,10,2,10,4,31,92,34609,0,1,7,-33.871143,150.977188,24,0,2,1,2,0,3,4,0,0,0,50,0,9859,9859,8,10,40,1,0,1,0,0
1278323,4,2021,2021,10,2,6,1,27,10,34609,0,1,1,-32.603954,151.712258,57,2,1,0,0,2,0,0,2,0,7,50,0,1850,1463,5,16,40,1,0,1,0,0
1278324,2,2021,2021,10,0,5,12,27,123,34609,0,1,1,-33.908482,151.221259,59,0,2,1,1,0,0,0,2,0,7,50,0,4026,4026,1,5,5,5,0,0,1,0
1278330,2,2021,2021,9,5,9,28,27,346,63,0,1,7,-33.878963,151.085866,67,0,2,1,0,0,0,0,2,0,0,50,1,6545,6545,4,0,19,2,0,0,1,0
1278333,2,2021,2021,1,6,4,42,31,113,34609,0,1,7,-29.47134,149.843029,51,2,1,1,0,0,0,0,2,0,0,50,0,6545,6545,4,0,5,2,0,0,1,0
1278336,4,2021,2021,9,5,9,23,31,226,382,1,0,1,-33.75932,150.830583,7,0,2,1,1,0,0,0,2,0,9,60,2,591,591,1,22,5,2,0,1,0,0
1278337,4,2021,2021,10,2,5,145,31,112,769,0,1,9,-33.605999,150.824771,29,2,2,1,0,0,0,0,2,0,7,50,2,5929,5929,1,10,19,2,0,1,0,0
1278338,2,2021,2021,2,6,8,478,17,118,480,0,1,9,-33.4226,151.288895,16,2,2,1,0,0,0,0,2,0,7,70,2,1383,1383,1,30,5,2,0,0,1,1
1278341,1,2021,2021,10,4,8,224,27,169,321,0,1,1,-33.897525,151.199568,69,0,2,1,3,0,0,0,2,0,7,50,2,5929,5929,1,9,19,2,0,0,0,1
1278344,4,2021,2021,10,3,9,53,31,147,125,0,1,9,-33.892559,151.005051,15,0,2,1,3,0,3,4,0,0,0,60,1,2852,2852,4,5,36,2,0,1,1,0
1278347,4,2021,2021,10,0,8,330,1,159,34609,0,1,7,-33.806794,151.093265,61,0,2,1,0,0,0,0,2,0,0,50,0,6545,6545,4,5,5,2,0,1,1,0
1278349,4,2021,2021,10,0,7,39,31,246,99,0,1,9,-33.902397,151.197565,69,0,2,1,0,0,0,6,2,0,7,50,2,1945,1945,5,22,40,1,0,1,0,0
1278351,1,2021,2021,2,6,2,97,31,363,92,0,1,0,-33.815821,150.997319,54,0,2,1,3,0,3,4,1,0,7,60,1,14295,14295,3,0,12,2,0,0,0,1
1278353,1,2021,2021,2,4,4,916,17,13,917,0,1,1,-32.555427,151.16249,64,2,1,1,3,0,0,0,2,0,7,60,2,14295,14295,3,0,13,2,0,0,0,1
1278358,1,2021,2021,9,5,6,5,31,304,34609,0,1,9,-33.913856,151.149321,32,0,2,1,3,0,3,4,2,0,0,50,0,301,301,4,5,5,2,0,0,0,1
1278360,1,2021,2021,2,2,10,29,31,219,34609,0,1,10,-32.8982,151.676585,48,0,2,1,3,0,0,0,0,2,7,60,0,1391,1391,1,5,5,2,0,0,0,1
1278362,1,2021,2020,10,6,8,100,31,363,38,0,1,1,-33.80864,151.001558,54,0,2,1,3,0,0,0,2,0,7,60,1,14295,14295,3,5,36,2,0,0,0,1
1278367,2,2021,2021,9,0,10,2,27,9,34609,0,1,1,-28.950421,153.088949,60,1,0,1,0,0,3,4,0,0,7,100,0,9859,9859,8,0,40,1,0,0,1,0
1278379,2,2021,2021,10,2,6,168,10,387,260,0,1,2,-33.945544,151.183523,4,0,2,1,1,0,0,0,2,0,7,70,2,1945,1945,5,15,40,1,0,0,1,0
1278381,1,2021,2021,11,6,11,192,31,316,120,0,1,9,-33.919905,151.240597,59,0,2,1,2,0,0,0,0,2,7,50,2,1669,1669,3,5,19,2,0,0,0,1
1278383,1,2021,2021,10,0,9,69,31,646,563,0,1,2,-33.90788,151.040844,15,0,2,1,0,0,0,0,2,0,7,60,2,238,238,9,5,28,2,0,0,0,1
1278384,1,2021,2021,9,0,8,65,27,202,563,0,1,10,-33.941398,151.035441,15,0,2,1,1,0,0,0,2,0,15,70,2,5929,5929,1,5,36,3,0,0,0,1
1278385,4,2021,2021,9,1,3,98,27,294,799,0,1,1,-33.929285,150.946234,41,0,2,1,2,0,0,0,2,0,7,70,2,1282,1282,1,8,10,2,0,1,1,0
1278386,1,2021,2021,9,5,4,334,17,56,308,0,1,9,-31.462578,152.723061,56,2,1,1,1,0,0,0,2,0,7,50,2,395,395,1,0,0,2,0,0,0,1
1278388,1,2021,2021,2,1,4,105,17,251,136,0,1,2,-33.768698,150.942592,7,0,2,1,1,0,0,0,2,0,9,60,2,1220,1220,9,8,28,2,0,0,0,1
1278389,2,2021,2021,9,6,3,82,27,84,181,0,1,1,-33.89442,151.266941,76,0,2,1,1,0,0,0,2,0,7,50,2,387,387,1,22,0,2,0,0,1,0
1278390,4,2021,2021,9,4,3,3371,17,108,3342,0,1,2,-33.817282,151.180279,77,0,2,1,1,0,3,4,2,0,7,60,2,1192,1192,1,33,5,3,0,1,0,0
1278391,4,2021,2021,9,3,5,10,1,71,34609,0,1,9,-33.766056,150.695426,55,0,2,1,1,0,0,0,2,0,7,50,0,2585,777,8,10,40,1,0,1,0,0
1278394,4,2021,2021,10,0,9,1,18,60,34609,0,1,9,-33.838771,151.160225,51,0,2,1,1,0,0,0,2,0,7,50,0,9859,9859,1,0,36,2,0,1,0,0
1278401,2,2021,2021,9,1,11,60,27,174,44,0,1,9,-33.870865,150.930344,24,0,2,1,2,0,0,0,0,2,7,50,1,1669,1669,3,5,5,2,0,0,1,0
1278406,4,2021,2021,10,6,10,2,27,12,34609,0,1,1,-33.142245,151.565107,16,2,2,0,2,0,0,0,0,0,7,50,0,4552,5151,1,5,0,2,0,1,0,0
1278407,4,2021,2021,10,5,7,2126,17,75,2149,0,1,2,-33.725442,150.385316,8,2,2,0,1,0,0,6,2,0,7,80,2,2585,4009,8,30,40,1,0,1,0,0
1278408,2,2021,2021,9,1,3,150,27,61,415,0,1,2,-33.775111,151.13548,36,0,2,1,0,0,0,0,2,0,7,70,2,14295,14295,3,5,0,2,0,0,1,0
1278409,2,2021,2021,9,6,7,1052,14,33,928,0,1,3,-33.649758,151.137843,31,0,2,0,1,0,3,4,2,0,7,110,2,4552,5151,8,5,40,1,0,0,2,0
1278411,2,2021,2021,1,0,4,1104,14,167,962,0,1,6,-33.856348,151.070735,54,0,2,0,0,0,0,0,2,0,7,80,2,1850,1463,5,16,40,1,0,0,1,0
1278412,4,2021,2021,11,3,8,1,10,2,34609,0,1,1,-33.983877,150.874664,13,0,2,0,1,0,0,0,2,0,7,50,0,2585,4009,8,5,40,1,0,1,0,0
1278414,2,2021,2021,9,3,10,79,27,46,159,0,1,9,-33.936931,151.113418,4,0,2,0,2,0,3,4,0,2,7,60,2,186,186,1,0,36,2,0,0,1,0
1278415,4,2021,2021,9,0,4,73,24,50,88,0,1,1,-33.716892,151.269005,50,0,2,0,1,0,3,0,2,0,7,80,2,3775,3775,0,5,0,4,0,1,0,1
1278417,2,2021,2021,11,3,9,147,27,104,605,0,1,10,-33.830405,151.219489,49,0,2,1,2,0,0,0,3,2,7,60,2,5929,5929,1,0,5,2,0,0,1,0
1278418,1,2021,2021,11,5,3,1,31,70,34609,0,1,1,-33.97604,151.10789,25,0,2,1,1,0,0,0,1,0,7,50,0,941,941,1,21,5,2,0,0,0,1
1278421,4,2021,2021,1,3,6,478,17,78,480,0,1,7,-33.414886,151.450363,16,2,2,1,0,0,0,0,2,0,0,60,2,4026,4026,8,5,40,1,0,1,0,0
1278422,4,2021,2021,9,1,5,92,27,21,36,0,1,9,-35.732111,150.19954,23,2,1,1,1,0,0,0,2,2,7,50,1,2040,2040,9,30,28,2,0,1,0,0
1278426,4,2021,2021,9,3,7,5,1,109,34609,0,1,9,-33.960587,150.872116,41,0,2,1,0,0,3,4,2,0,7,50,0,5929,5929,1,21,5,3,0,1,1,0
1278428,2,2021,2021,9,4,8,32,27,83,34609,0,1,1,-34.459053,150.453315,78,2,1,1,3,0,3,3,2,0,7,70,0,9859,9859,8,30,40,1,0,0,1,0
1278429,4,2021,2021,9,2,3,149,36,40,113,0,1,1,-32.052635,152.480479,43,2,1,0,0,0,3,4,2,0,7,80,1,1957,4009,8,10,40,1,0,1,1,0
1278430,4,2021,2021,9,5,11,78,27,284,61,0,1,7,-33.901226,151.021515,15,0,2,1,3,0,0,0,0,0,0,60,1,1945,1945,5,16,40,1,0,1,0,0
1278434,1,2021,2021,9,2,10,54,27,284,18,0,1,9,-33.898655,151.034317,15,0,2,1,3,0,3,4,0,0,0,60,1,2852,2852,4,5,5,2,0,0,0,1
1278436,1,2021,2021,9,1,7,76,32,646,34609,0,1,9,-33.917373,151.03756,15,0,2,1,3,0,0,0,2,2,7,40,0,14295,14295,3,10,0,2,0,0,0,1
1278438,1,2021,2021,9,4,11,204,31,169,99,0,1,9,-33.900239,151.210311,69,0,2,1,2,0,3,0,0,2,7,50,2,5929,5929,1,33,27,2,0,0,0,1
1278440,2,2021,2021,9,5,8,29,27,85,27,0,1,1,-34.570588,150.776647,62,0,2,1,3,0,0,0,2,0,7,50,2,214,214,9,5,28,2,0,0,1,0
1278442,2,2021,2021,9,1,3,69,31,443,563,0,1,9,-33.90442,151.039124,15,0,2,1,3,0,0,0,2,2,7,70,2,1383,1383,1,10,0,4,0,0,1,0
1278444,2,2021,2021,9,4,3,294,17,16,288,0,1,1,-34.604617,143.278203,51,1,0,1,0,0,0,3,2,0,7,110,2,475,475,5,29,40,1,0,0,1,0
1278446,4,2021,2021,9,0,11,3371,17,173,3342,1,0,10,-33.719693,151.115876,36,0,2,1,2,0,0,0,0,2,7,60,2,5929,5929,1,5,19,2,0,1,0,0
1278447,1,2021,2021,2,4,7,115,27,84,114,0,1,10,-33.88802,151.262089,76,0,2,1,3,0,0,0,2,2,7,50,2,1391,1391,1,5,22,2,0,0,0,1
1278449,1,2021,2021,9,3,9,10,10,40,34609,1,0,7,-33.725906,150.95475,71,0,2,0,3,0,0,0,2,0,0,50,0,4552,5151,8,16,40,1,0,0,0,1
1278455,2,2021,2021,9,3,3,916,17,165,917,0,1,2,-32.352502,150.961109,46,1,0,0,0,0,0,3,2,0,7,100,2,1957,4009,8,10,40,1,0,0,1,0
1278457,2,2021,2021,9,2,7,62,10,91,169,0,1,1,-32.811697,151.641323,48,0,2,1,0,0,0,0,2,0,7,80,2,3775,3775,0,0,0,2,0,0,1,0
1278458,4,2021,2021,9,5,4,113,27,78,111,0,1,9,-33.868558,150.796423,55,0,2,0,0,0,3,4,2,0,15,80,2,5929,5929,1,0,5,2,0,2,0,0
1278462,2,2021,2021,10,5,10,500,27,129,799,0,1,9,-33.93139,151.063078,15,0,2,1,2,0,3,3,0,2,9,60,2,1220,1220,9,5,28,2,0,0,1,0
1278468,4,2021,2021,9,6,0,3371,17,4,3342,0,1,2,-31.36286,152.80348,56,1,0,1,0,0,0,0,0,0,7,110,2,945,945,5,10,40,1,0,1,0,0
1278474,2,2021,2021,11,3,9,1,23,112,34609,0,1,10,-33.904487,151.210553,69,0,2,1,2,0,0,0,0,0,0,40,0,6545,6545,4,22,5,2,0,0,1,0
1278475,2,2021,2021,11,5,10,7,27,293,34609,0,1,1,-33.93854,151.23936,59,0,2,1,2,0,3,4,0,0,7,50,0,9859,9859,1,16,36,2,0,0,1,0
1278476,1,2021,2021,5,2,5,330,23,35,39,0,1,10,-33.9698,151.241551,59,0,2,0,1,0,0,0,2,0,15,60,1,6545,6545,4,5,27,2,0,0,0,1
1278477,4,2021,2021,9,2,8,16,27,149,34609,0,1,1,-33.366331,151.388034,16,2,2,0,0,0,0,0,2,0,7,70,0,782,957,5,16,40,1,0,1,0,0
1278479,2,2021,2021,10,1,6,27,31,107,34609,0,1,10,-29.692185,152.932534,18,2,1,1,1,0,3,4,2,0,0,40,0,6545,6545,4,5,5,2,0,0,2,0
1278484,1,2021,2021,9,6,7,43,1,74,144,0,1,7,-33.757276,150.825631,7,0,2,1,1,0,0,0,2,0,0,60,2,5929,5929,1,5,5,2,0,0,0,1
1278485,2,2021,2021,2,5,6,77,27,16,58,0,1,1,-34.809633,150.571687,63,2,1,0,0,0,3,4,2,0,7,60,2,3775,3775,0,34,13,2,0,0,1,0
1278489,4,2021,2021,9,0,4,71,36,10,61,0,1,1,-34.515911,146.007268,28,1,0,1,0,0,0,3,2,0,7,100,2,3775,3775,0,34,5,3,0,1,0,0
1278491,4,2021,2021,9,4,6,24,27,57,36,0,1,1,-33.581335,150.945477,71,0,2,0,0,0,0,3,2,0,7,80,1,4552,5151,8,10,40,1,0,1,0,0
1278494,4,2021,2021,9,0,5,251,27,115,212,0,1,9,-33.751919,151.231813,50,0,2,1,1,0,0,0,2,2,7,70,2,5929,5929,1,0,0,2,0,1,0,0
1278496,1,2021,2021,9,1,5,485,27,69,769,0,1,9,-33.776852,151.000193,54,0,2,1,0,0,0,0,2,0,7,60,2,2852,2852,4,0,12,2,0,0,0,1
1278500,4,2021,2021,10,5,9,61,10,87,34609,0,1,1,-33.068865,151.465149,37,0,2,1,1,0,3,0,2,0,7,60,0,623,623,3,5,12,2,0,1,0,1
1278504,4,2021,2021,10,4,11,3,31,460,34609,0,1,1,-33.839147,150.982913,21,0,2,1,2,0,0,0,0,0,7,50,0,9859,9859,1,16,5,2,0,1,0,0
1278506,4,2021,2021,2,0,8,2126,17,247,2149,0,1,2,-33.812725,150.956563,21,0,2,1,1,0,0,0,2,0,7,80,2,14295,14295,3,0,5,3,0,1,0,0
1278507,2,2021,2021,10,4,9,1,27,50,34609,0,1,1,-33.51372,151.339809,16,2,2,1,2,0,0,3,0,0,7,50,0,4026,4026,8,5,40,1,0,0,1,0
1278509,4,2021,2021,10,1,7,42,1,57,34609,0,1,7,-34.565967,150.819265,62,0,2,1,1,0,0,3,2,0,0,50,0,9859,9859,8,16,40,2,0,1,0,0
1278511,4,2021,2021,9,6,7,1,36,137,34609,0,1,9,-33.912454,151.208449,69,0,2,1,1,0,0,0,2,0,0,40,0,14295,14295,3,9,5,2,0,1,0,0
1278512,2,2021,2021,10,0,5,195,27,76,186,0,1,10,-33.924449,150.848555,41,0,2,1,1,0,0,0,2,2,7,70,2,14295,14295,3,10,5,2,0,0,1,0
1278513,4,2021,2021,9,0,11,92,31,17,34609,0,1,1,-31.869344,152.678984,43,2,1,1,0,2,0,0,0,0,7,50,0,489,489,8,10,40,1,0,1,0,0
1278515,2,2021,2021,9,1,6,10,27,13,31,0,1,9,-35.940264,149.574895,58,1,0,0,0,2,0,0,2,0,7,100,1,4552,5151,8,16,40,1,0,0,1,0
1278518,2,2021,2021,2,0,8,9,1,57,34609,0,1,1,-33.346007,151.439546,16,2,2,1,1,0,0,0,2,0,7,50,0,5929,5929,1,30,25,2,0,0,2,2
1278519,1,2021,2021,9,1,5,7,1,387,321,0,1,9,-33.923236,151.195812,4,0,2,1,1,0,0,0,2,0,0,50,2,1282,1282,1,33,5,2,0,0,0,1
1278522,4,2021,2021,9,2,3,11,31,182,34609,0,1,9,-32.842446,151.357343,17,2,1,1,1,0,0,0,2,0,7,50,0,9859,9859,8,0,40,1,0,1,0,0
1278524,2,2021,2021,9,4,4,24,31,157,34609,0,1,1,-33.805141,151.009774,54,0,2,1,3,1,2,6,2,0,7,50,0,312,312,2,0,40,1,0,0,1,0
1278525,4,2021,2021,9,3,6,103,27,34,98,0,1,1,-32.849566,150.830513,64,2,1,1,0,0,0,0,2,0,7,80,2,14295,14295,3,16,19,3,0,1,1,1
1278526,4,2021,2021,9,4,6,15,27,49,69,0,1,1,-33.956291,151.206396,4,0,2,1,0,0,3,4,2,0,7,50,1,3775,3775,0,5,0,3,0,1,0,0
1278527,2,2021,2021,2,0,7,1,31,80,34609,0,1,1,-34.550345,146.416874,51,2,1,1,3,0,0,0,2,0,7,50,0,1669,1669,3,5,0,2,0,0,1,0
1278528,1,2021,2021,9,4,7,1104,14,149,962,0,1,3,-33.816185,150.963531,21,0,2,1,3,0,0,0,2,0,7,90,2,1391,1391,1,10,0,2,0,0,0,2
1278529,2,2021,2021,10,2,5,1,27,51,34609,0,1,1,-34.157151,150.980872,80,0,2,0,3,0,0,0,2,0,7,100,0,1850,1463,5,16,40,1,0,0,1,0
1278530,2,2021,2021,2,5,3,120,36,9,148,0,1,1,-30.366647,152.541375,6,1,0,1,3,0,3,0,1,0,7,100,2,3775,3775,0,9,13,2,0,0,1,0
1278535,4,2021,2021,9,4,6,12,27,12,34609,0,1,1,-32.994397,151.669564,37,0,2,0,0,0,0,3,2,0,7,60,0,3775,3775,0,16,25,2,0,1,0,0
1278537,4,2021,2021,9,0,6,27,36,2,27,0,1,1,-31.468147,149.821286,51,1,0,0,0,0,0,3,2,0,7,100,1,2585,4009,8,0,40,1,0,2,0,1
1278538,2,2021,2021,2,0,4,255,27,37,62,0,1,1,-32.803768,151.510898,17,2,1,1,3,0,0,0,2,0,7,60,2,14295,14295,3,0,12,2,0,0,1,0
1278541,1,2021,2021,9,2,7,3371,17,27,3342,0,1,7,-30.203816,153.149675,19,2,1,1,3,0,0,0,2,0,0,60,2,14295,14295,3,5,0,2,0,0,0,2
1278542,4,2021,2021,10,6,9,13,27,239,34609,0,1,9,-34.029099,151.126128,68,0,2,1,3,0,0,0,0,0,7,50,0,1850,777,5,16,40,1,0,1,0,0
1278545,1,2021,2021,9,0,7,14,27,25,34609,0,1,9,-34.479424,150.872186,80,0,2,1,3,0,3,4,2,0,15,50,0,926,926,4,0,0,2,0,0,0,1
1278547,2,2021,2021,2,6,5,3371,17,10,3342,0,1,2,-32.954785,151.708685,37,0,2,1,3,0,0,3,2,0,7,40,2,9859,9859,8,5,40,1,0,0,1,0
1278548,1,2021,2021,9,0,4,194,31,273,34609,0,1,9,-34.429995,150.894118,80,0,2,1,1,0,3,4,2,0,15,50,0,5929,5929,1,5,5,2,0,0,0,1
1278551,4,2021,2021,9,2,11,143,1,646,34609,0,1,1,-33.921716,151.025571,15,0,2,1,2,0,0,0,0,0,7,50,0,9859,9859,1,0,5,2,0,1,0,0
1278553,4,2021,2021,10,4,6,280,10,162,82,0,1,9,-33.849754,150.905884,24,0,2,1,0,0,0,0,2,2,7,60,1,5929,5929,1,5,5,2,0,1,0,0
1278555,2,2021,2021,11,3,8,103,36,6,157,0,1,1,-28.670367,152.995527,51,1,0,0,0,0,0,0,2,0,7,100,2,4552,5151,8,0,40,1,0,0,1,0
1278557,1,2021,2021,8,4,6,475,10,42,268,0,1,2,-33.912056,150.903945,41,0,2,0,1,0,0,0,2,0,7,70,2,14295,14295,3,5,10,2,0,0,0,1
1278558,2,2021,2021,9,6,9,22,27,94,20,0,1,9,-33.77909,150.802185,55,0,2,0,2,0,3,4,0,2,7,60,1,5929,5929,1,5,5,2,0,0,1,1
1278559,2,2021,2021,9,1,3,82,31,363,369,0,1,2,-33.75589,150.712289,55,0,2,1,0,0,3,4,2,0,7,70,2,14295,14295,3,9,0,4,0,0,1,0
1278561,2,2021,2021,9,1,4,4,27,6,34609,0,1,1,-32.39347,149.639213,44,1,0,0,0,0,0,3,2,0,7,100,0,4552,5151,8,0,40,1,0,0,1,0
1278565,4,2021,2021,10,4,4,154,27,55,244,0,1,1,-33.90188,151.084041,67,0,2,1,0,0,0,0,2,0,7,60,2,2040,2040,9,29,28,2,0,1,1,0
1278569,4,2021,2021,10,4,10,56,27,115,80,0,1,9,-33.873968,151.19241,69,0,2,1,2,0,0,0,0,2,7,40,2,5929,5929,1,5,18,2,0,1,0,0
1278570,2,2021,2021,9,0,8,1104,14,142,962,0,1,3,-33.827616,151.000675,54,0,2,1,0,0,0,0,2,0,7,90,2,14295,14295,3,5,5,2,0,0,1,0
1278576,2,2021,2021,10,5,8,56,31,70,34609,0,1,7,-33.437855,151.355179,16,2,2,1,0,0,0,0,2,0,0,50,0,6545,6545,4,0,27,2,0,0,1,0
1278577,2,2021,2021,9,0,8,1,27,1,34609,0,1,1,-33.556306,148.196565,51,1,0,1,0,2,3,4,2,0,7,100,0,9859,9859,8,10,40,1,0,0,1,0
1278585,2,2021,2021,11,3,1,1052,14,207,928,0,1,3,-33.567998,151.192164,31,0,2,1,0,0,3,4,0,0,7,110,2,4026,4026,8,5,40,1,0,0,1,0