Crash ID,Degree of crash - detailed,Reporting year,Year of crash,Month of crash,Day of week of crash,Two-hour intervals,Street of crash,Street type,Town,Route no.,School zone location,School zone active,Type of location,Latitude,Longitude,LGA,Urbanisation,Conurbation 1,Alignment,Street lighting,Road surface,Surface condition,Weather,Natural lighting,Signals operation,Other traffic control,Speed limit,Road classification,RUM - code,DCA - code,First impact type,Key TU type,Other TU type,No. of traffic units involved,No. killed,No. seriously injured,No. moderately injured,No. minor-other injured
1278587,2,2021,2021,10,4,5,2126,17,19,2149,0,1,9,-33.426651,150.102081,40,1,0,1,0,0,0,0,2,0,0,100,2,2852,2852,4,0,0,2,0,0,1,0
1278589,2,2021,2021,9,4,4,43,22,96,34609,0,1,1,-35.354156,149.224584,58,2,1,1,3,0,0,0,2,0,7,50,0,1981,1981,4,5,5,2,0,0,1,0
1278595,2,2021,2021,2,4,7,104,27,387,140,0,1,10,-33.920825,151.191757,69,0,2,1,3,0,0,0,2,2,7,60,2,217,217,1,0,5,4,0,0,1,0
1278596,1,2021,2021,9,3,5,117,27,72,144,0,1,10,-33.843022,151.089101,14,0,2,1,3,0,0,0,2,0,7,60,2,3775,3775,0,5,5,2,0,0,0,1
1278602,4,2021,2021,10,2,7,866,27,201,44,1,0,10,-33.999958,150.86795,13,0,2,1,3,0,0,0,2,2,7,60,1,5929,5929,1,5,5,2,0,2,0,0
1278605,2,2021,2021,2,4,8,515,14,252,518,0,1,3,-33.950192,150.883387,41,0,2,1,3,0,3,3,2,0,7,100,2,14295,14295,3,9,0,3,0,0,1,0
1278608,1,2021,2021,9,4,6,37,27,85,115,0,1,1,-33.719658,151.140067,36,0,2,1,3,0,0,0,2,0,7,60,1,1391,1391,1,33,0,2,0,0,0,1
1278609,1,2021,2021,9,2,7,2,27,7,34609,0,1,1,-34.42461,150.490959,78,2,1,1,3,0,3,4,2,0,7,50,0,84,84,6,5,40,1,0,0,0,1
1278610,2,2021,2021,2,6,8,220,14,11,220,0,1,3,-34.484619,150.816305,80,0,2,1,3,0,3,4,2,0,7,100,2,4026,4026,8,10,40,1,0,0,1,0
1278612,1,2021,2021,9,2,4,265,10,445,563,0,1,10,-33.864983,151.041659,21,0,2,1,3,0,0,0,2,2,7,70,2,186,186,1,8,5,2,0,0,0,1
1278613,2,2021,2021,9,5,4,77,31,445,34609,0,1,9,-33.863728,151.043934,21,0,2,1,0,0,0,0,2,0,7,50,0,941,941,1,5,5,3,0,0,1,0
1278615,1,2021,2021,2,1,3,866,17,174,793,1,0,10,-33.86975,150.925107,24,0,2,1,1,0,0,0,2,2,7,70,2,14295,14295,3,5,5,2,0,0,0,1
1278616,1,2021,2021,2,1,8,105,17,223,136,0,1,9,-33.803313,150.91589,7,0,2,1,0,0,0,3,2,0,0,60,2,2852,2852,4,8,25,2,0,0,0,1
1278620,2,2021,2021,2,0,6,11,36,232,34609,0,1,9,-33.690214,150.925974,71,0,2,1,0,0,0,0,2,0,9,40,0,2040,2040,9,5,28,2,0,0,1,0
1278622,1,2021,2021,9,0,4,82,31,41,34609,0,1,9,-33.86639,150.982025,24,0,2,1,1,0,3,4,2,0,0,50,0,2852,2852,4,33,5,2,0,0,0,1
1278628,1,2021,2021,9,2,4,25,31,204,34609,0,1,9,-33.884928,151.133271,32,0,2,1,1,0,3,4,2,0,7,50,0,2040,2040,9,5,28,2,0,0,0,1
1278631,2,2021,2021,10,0,7,4,10,91,34609,0,1,1,-33.99055,150.897719,13,0,2,0,1,0,0,0,2,0,7,50,0,4552,5151,8,0,40,1,0,0,1,0
1278637,2,2021,2021,9,1,6,294,17,7,288,0,1,1,-34.920683,146.64546,51,2,1,1,0,0,0,0,2,2,7,60,2,14295,14295,3,8,36,4,0,0,2,0
1278638,1,2021,2021,10,3,8,15,27,147,29,0,1,7,-33.741287,151.289685,50,0,2,1,1,0,0,0,2,0,0,50,1,1945,1945,5,16,40,1,0,0,0,1
1278639,4,2021,2021,2,2,5,293,31,363,92,0,1,0,-33.813963,150.99804,54,0,2,0,1,0,0,3,2,0,7,60,1,3775,3775,0,0,0,3,0,1,0,2
1278643,2,2021,2021,9,0,4,1,31,7,34609,0,1,9,-35.826193,150.195428,23,2,1,1,1,0,3,4,2,0,7,50,0,312,312,2,0,40,2,0,0,1,0
1278647,2,2021,2021,9,5,7,123,27,337,11,0,1,10,-33.727835,150.988161,71,0,2,1,1,0,0,0,2,2,7,50,1,5929,5929,1,5,0,2,0,0,1,0
1278652,2,2021,2021,9,0,5,59,10,34,231,0,1,1,-33.507509,151.372913,16,2,2,0,0,0,0,0,2,0,7,60,2,1109,787,1,0,5,2,0,0,1,0
1278654,2,2021,2021,10,5,8,3,27,155,34609,0,1,10,-33.137346,148.162963,53,2,1,0,1,0,0,0,3,0,0,50,0,150,150,4,16,13,2,0,0,1,0
1278666,1,2021,2021,2,6,4,72,31,44,62,0,1,9,-33.945844,151.150385,4,0,2,1,3,0,0,0,2,0,7,60,1,1282,1282,1,0,5,2,0,0,0,1
1278668,2,2021,2021,2,5,4,1,27,3,34609,0,1,1,-30.804003,152.613396,34,1,0,0,3,2,0,0,2,0,7,100,0,3775,3775,0,30,5,2,0,0,2,0
1278671,1,2021,2021,3,6,10,9,31,234,34609,1,0,9,-34.283592,146.059388,28,2,1,0,3,0,0,0,0,0,0,50,0,301,301,4,5,5,2,0,0,0,1
1278673,1,2021,2021,10,0,5,829,27,123,770,0,1,2,-33.808748,151.066368,54,0,2,0,3,0,0,0,2,0,7,70,2,14295,14295,3,0,13,2,0,0,0,1
1278675,1,2021,2021,2,6,7,191,27,309,208,0,1,9,-33.810248,151.105991,61,0,2,1,3,0,0,0,2,2,7,60,2,14295,14295,3,5,12,2,0,0,0,1
1278677,1,2021,2021,2,1,6,7,27,22,34609,0,1,1,-33.473406,150.868758,29,2,2,0,3,0,0,0,2,0,7,60,0,3775,3775,0,0,5,2,0,0,0,2
1278678,2,2021,2021,2,4,7,71,27,69,122,0,1,10,-34.552408,150.860045,62,0,2,1,3,0,0,0,2,1,7,70,2,14295,14295,3,0,5,2,0,0,1,0
1278679,1,2021,2021,8,2,8,330,23,293,112,0,1,2,-33.943332,151.239947,59,0,2,1,3,0,0,0,2,0,7,50,2,214,214,9,10,28,2,0,0,0,1
1278681,1,2021,2021,2,1,2,2126,17,283,2149,0,1,2,-33.828528,151.007241,54,0,2,1,3,0,0,0,1,0,7,60,2,1391,1391,1,5,5,3,0,0,0,1
1278685,2,2021,2021,2,4,6,168,17,96,212,0,1,10,-35.3544,149.232058,58,2,1,1,3,0,0,3,2,2,7,50,2,14295,14295,3,5,5,3,0,0,1,0
1278687,1,2021,2021,2,6,6,171,31,173,34609,0,1,1,-33.881147,151.216431,69,0,2,1,3,0,0,6,2,0,7,40,0,941,941,1,0,0,2,0,0,0,1
1278690,1,2021,2021,9,0,8,63,27,224,605,0,1,9,-33.813026,151.244291,45,0,2,1,3,0,0,0,2,1,7,60,2,1669,1669,3,0,5,2,0,0,0,1
1278693,1,2021,2021,9,2,8,3,31,28,34609,0,1,10,-33.406335,149.566129,3,2,1,1,3,2,0,0,2,0,0,50,0,6545,6545,4,0,13,2,0,0,0,1
1278696,1,2021,2021,0,4,4,81,31,133,80,0,1,1,-33.92992,151.011648,15,0,2,1,3,0,0,0,2,0,7,60,1,14295,14295,3,5,12,2,0,0,0,1
1278701,2,2021,2021,2,4,4,2,10,27,34609,0,1,7,-32.770997,151.615831,42,2,1,0,3,0,0,0,2,0,0,50,0,6545,6545,4,5,18,2,0,0,1,0
1278704,4,2021,2021,2,2,3,2126,17,445,2149,0,1,9,-33.848129,151.048172,21,0,2,1,3,0,0,0,2,2,7,60,2,14295,14295,3,8,5,2,0,1,0,0
1278706,2,2021,2021,2,1,4,100,27,127,100,0,1,10,-33.832048,150.855482,24,0,2,1,3,0,0,0,2,0,15,70,2,1669,1669,3,0,10,2,0,0,1,0
1278710,2,2021,2021,2,6,7,108,31,87,4,0,1,1,-34.477991,150.417294,78,2,1,1,3,0,0,3,2,0,7,50,1,14295,14295,3,34,5,2,0,0,1,0
1278717,2,2021,2021,2,5,5,15,1,89,34609,0,1,1,-28.213734,153.552221,72,2,1,1,3,0,0,0,2,0,7,50,0,9859,9859,1,0,0,2,0,0,1,0
1278718,2,2021,2021,2,2,5,123,1,253,34609,0,1,9,-33.964645,151.099734,25,0,2,1,3,0,0,0,2,0,7,50,0,237,397,1,5,5,5,0,0,1,0
1278719,1,2021,2021,9,3,7,67,27,100,68,0,1,1,-33.80771,151.171984,77,0,2,0,3,0,3,4,2,0,7,50,1,3775,3775,0,5,12,2,0,0,0,1
1278721,2,2021,2021,2,1,7,11,27,18,34609,0,1,2,-33.824868,151.112411,61,0,2,1,3,0,0,0,2,0,7,50,0,3775,3775,0,5,0,2,0,0,1,0
1278726,2,2021,2021,2,5,7,71,27,2,69,0,1,9,-36.394194,148.427657,65,2,1,0,3,0,0,0,2,0,0,80,2,1850,1463,5,16,40,1,0,0,1,0
1278727,2,2021,2021,2,4,10,485,27,40,769,0,1,2,-33.725868,150.972839,71,0,2,0,3,0,3,4,0,0,7,60,2,1192,1192,1,5,0,2,0,0,1,0
1278731,2,2021,2021,9,3,5,9,10,35,34609,0,1,1,-34.21522,150.722481,79,2,2,1,3,0,3,4,2,0,7,80,0,945,945,5,5,40,1,0,0,1,0
1278733,1,2021,2021,9,4,4,2126,17,80,2149,0,1,7,-33.758115,150.652313,55,0,2,1,3,0,3,4,2,0,0,60,2,84,84,8,10,40,1,0,0,0,1
1278743,4,2021,2021,2,4,5,6,7,89,34609,0,1,1,-28.212219,153.553831,72,2,1,1,3,0,0,0,2,0,7,50,0,9859,9859,1,0,3,2,0,1,0,0
1278744,1,2021,2021,2,1,4,48,27,14,26,0,1,1,-34.841564,149.683106,26,1,0,1,3,0,0,3,2,0,7,100,2,4026,4026,1,5,12,2,0,0,0,1
1278747,2,2021,2021,2,3,7,3,31,61,34609,0,1,10,-35.531886,144.96202,51,2,1,1,3,0,0,0,2,0,0,50,0,6545,6545,4,0,13,2,0,0,1,0
1278748,1,2021,2021,2,6,6,3371,17,90,3342,0,1,2,-28.245537,153.545369,72,1,0,1,3,0,0,0,2,0,7,110,2,4026,4026,8,9,40,2,0,0,0,1
1278750,1,2021,2021,2,6,7,194,31,309,702,0,1,9,-33.821756,151.097477,61,0,2,1,3,0,0,0,2,2,9,70,2,14295,14295,3,9,5,2,0,0,0,1
1278752,2,2021,2021,9,0,3,98,27,87,799,0,1,10,-33.928675,150.96228,41,0,2,1,3,0,3,4,2,2,7,70,2,14295,14295,3,0,0,2,0,0,1,0
1278757,1,2021,2021,2,6,7,48,10,135,58,0,1,2,-32.891402,151.743821,48,0,2,1,3,0,0,0,2,0,7,80,2,14295,14295,3,30,5,3,0,0,0,1
1278759,1,2021,2021,9,4,9,23,27,523,23,1,0,9,-33.927135,150.908447,41,0,2,1,3,0,0,0,4,0,0,60,1,2852,2852,4,5,0,2,0,0,0,1
1278760,1,2021,2021,2,1,5,27,27,147,49,0,1,1,-33.759252,151.280613,50,0,2,1,3,0,0,3,2,0,7,60,1,14295,14295,3,10,0,2,0,0,0,1
1278762,2,2021,2021,2,6,10,137,14,16,70,0,1,3,-32.863076,151.559696,17,1,0,1,3,0,3,4,0,0,7,110,2,4026,4026,8,10,40,1,0,0,1,0
1278763,1,2021,2021,9,4,7,2126,17,140,2149,0,1,9,-33.78074,150.820151,7,0,2,1,3,0,0,0,2,2,7,80,2,14295,14295,3,10,0,2,0,0,0,1
1278764,1,2021,2021,2,3,5,3371,17,14,3342,1,0,9,-33.728965,151.121853,36,0,2,1,3,0,0,0,2,0,7,60,2,2852,2852,4,30,5,2,0,0,0,1
1278769,1,2021,2021,2,0,7,15,27,188,140,0,1,10,-33.933195,151.091492,15,0,2,1,3,0,3,4,2,2,7,50,1,6545,6545,4,5,5,2,0,0,0,1
1278771,1,2021,2021,9,4,8,98,27,294,799,0,1,9,-33.930307,150.938217,41,0,2,1,3,0,0,0,2,0,7,70,2,5929,5929,1,10,5,2,0,0,0,2
1278772,1,2021,2021,9,4,9,330,23,123,233,0,1,10,-33.886616,151.21891,69,0,2,1,3,0,3,4,3,2,7,60,2,29,29,6,33,36,2,0,0,0,1
1278773,1,2021,2021,2,0,6,125,31,438,44,0,1,10,-33.850662,151.035904,21,0,2,1,3,0,3,4,2,0,15,70,1,941,941,1,5,13,2,0,0,0,1
1278774,1,2021,2021,2,5,9,77,31,445,563,0,1,9,-33.878147,151.041256,21,0,2,1,3,0,0,0,2,2,7,80,2,5929,5929,1,30,0,2,0,0,0,1
1278778,1,2021,2021,9,1,4,69,31,646,563,0,1,10,-33.921299,151.03931,15,0,2,1,3,0,0,0,2,2,7,70,2,14295,14295,3,5,0,2,0,0,0,1
1278781,2,2021,2021,2,5,0,8,23,35,34609,0,1,1,-33.972894,151.24126,59,0,2,0,3,0,0,0,0,0,7,50,0,1957,4009,8,10,40,1,0,0,1,0
1278784,1,2021,2021,10,0,8,2261,17,112,2252,0,1,10,-33.911318,150.938079,41,0,2,1,3,0,0,0,2,2,7,70,2,14295,14295,3,5,5,2,0,0,0,1
1278787,2,2021,2021,2,4,8,3371,17,19,3342,0,1,2,-31.883235,152.550797,43,1,0,0,3,0,3,4,2,0,7,100,2,380,714,5,3,40,1,0,0,1,0
1278789,1,2021,2021,2,2,8,829,27,149,770,0,1,2,-33.863168,151.169118,32,0,2,1,3,0,0,0,2,0,7,60,2,14295,14295,3,0,5,3,0,0,0,1
1278791,1,2021,2021,9,6,8,829,27,124,770,1,0,9,-33.8131,151.04696,54,0,2,1,3,0,0,0,2,0,7,70,2,14295,14295,3,5,5,3,0,0,0,1
1278792,2,2021,2021,2,0,5,103,27,14,167,0,1,9,-33.981872,151.136748,4,0,2,1,3,0,3,4,2,0,7,60,2,6545,6545,4,5,5,2,0,0,2,0
1278794,1,2021,2021,2,4,5,485,27,134,769,0,1,10,-33.662551,150.893334,7,0,2,1,3,0,0,3,2,2,7,80,2,14295,14295,3,9,0,2,0,0,0,1
1278800,1,2021,2021,9,3,5,29,31,56,34609,0,1,9,-31.460484,152.733611,56,2,1,1,3,0,0,3,2,0,7,50,0,14295,14295,3,5,27,2,0,0,0,1
1278804,4,2021,2021,10,5,3,82,31,163,7,0,1,10,-33.864973,151.103778,14,0,2,1,1,0,0,0,2,2,7,60,1,6545,6545,4,5,25,2,0,2,0,0
1278805,4,2021,2021,10,6,7,26,10,13,26,0,1,1,-36.793145,149.907655,5,2,1,1,0,0,0,0,2,0,7,80,1,4026,4026,8,0,40,1,0,1,0,0
1278808,1,2021,2021,9,1,2,69,31,646,563,0,1,10,-33.921301,151.039309,15,0,2,1,3,0,0,3,0,2,7,70,2,14295,14295,3,0,5,2,0,0,0,1
1278809,2,2021,2021,9,5,11,13,22,62,34609,0,1,1,-34.094736,150.811086,13,0,2,0,2,0,0,0,0,0,7,50,0,4552,5151,1,10,0,4,0,0,1,0
1278810,2,2021,2021,9,4,3,9,27,11,34609,0,1,1,-34.85885,149.743366,26,1,0,1,0,0,3,4,2,0,7,100,0,4026,4026,8,10,40,1,0,0,1,0
1278812,1,2021,2021,11,1,10,71,17,16,71,0,1,1,-35.909352,144.89686,51,1,0,1,0,0,0,0,0,0,7,100,2,4026,4026,8,30,40,1,0,0,0,1
1278813,2,2021,2021,9,5,8,33,31,197,34609,0,1,1,-33.791794,151.111739,61,0,2,0,1,0,0,0,2,0,7,50,0,220,220,8,30,40,2,0,0,1,0
1278816,4,2021,2021,9,4,3,8,22,147,40,0,1,7,-33.75485,151.29633,50,0,2,1,1,0,3,3,2,0,9,40,1,4552,985,8,22,40,1,0,1,0,0
1278817,2,2021,2021,9,2,5,31,31,562,34609,0,1,1,-32.270826,148.614471,22,2,1,1,1,0,0,0,2,0,7,50,0,9859,9859,1,5,5,3,0,0,1,0
1278818,1,2021,2021,9,2,5,1,27,22,34609,0,1,1,-36.885129,149.204892,65,2,1,0,0,0,3,4,2,0,7,80,0,4552,5151,8,10,40,1,0,0,0,1
1278819,2,2021,2021,11,6,3,23,27,15,34609,0,1,1,-28.786344,153.463249,2,2,1,0,0,0,0,0,2,0,7,80,0,1259,5151,8,10,40,1,0,0,1,0
1278821,1,2021,2021,9,1,1,2126,17,78,2149,0,1,2,-33.699582,150.555486,8,2,2,1,2,0,0,0,0,0,7,80,2,9859,9859,1,10,0,2,0,0,0,2
1278823,4,2021,2021,10,1,2,149,27,294,198,0,1,9,-33.934878,150.934862,41,0,2,1,2,0,0,0,1,0,8,60,2,2852,2852,4,5,19,2,0,1,1,0
1278824,2,2021,2021,10,1,6,475,10,42,268,0,1,9,-33.91256,150.904842,41,0,2,1,1,0,0,0,2,2,7,70,2,591,591,1,22,5,2,0,0,1,0
1278825,2,2021,2021,10,3,7,145,27,115,80,0,1,10,-33.879016,151.188357,69,0,2,1,1,0,0,0,2,0,0,40,2,9859,9859,8,16,40,1,0,0,1,0
1278829,2,2021,2021,11,6,7,2126,17,23,2149,0,1,9,-33.818853,150.991686,54,0,2,1,1,0,0,0,2,2,7,60,2,5929,5929,1,5,36,2,0,0,2,0
1278831,2,2021,2021,11,4,9,5,13,463,34609,0,1,1,-30.308945,153.138415,19,2,1,1,2,0,3,4,0,0,7,50,0,9859,9859,8,0,40,1,0,0,1,0
1278832,4,2021,2021,10,5,9,8,27,10,34609,0,1,1,-32.863332,151.299307,17,2,1,0,1,0,0,0,2,0,7,80,0,4552,5151,8,5,40,1,0,1,0,0
1278834,4,2021,2021,9,0,8,109,27,16,169,0,1,10,-32.827949,151.402384,17,2,1,1,0,0,0,0,2,0,7,60,2,14295,14295,3,16,41,2,0,1,0,0
1278837,1,2021,2021,10,1,3,2209,17,27,2205,0,1,2,-34.52673,150.787157,80,0,2,1,1,0,0,0,2,0,7,40,2,14295,14295,3,5,5,2,0,0,0,1
1278838,2,2021,2021,10,6,9,916,17,165,917,0,1,2,-32.345772,150.959207,46,2,1,1,0,0,3,3,0,0,7,40,2,9859,9859,1,10,12,2,0,0,2,0
1278840,4,2021,2021,10,4,2,7,31,49,34609,0,1,7,-33.930217,151.154325,4,0,2,1,0,0,2,6,0,0,0,50,0,945,945,5,15,40,1,0,1,0,0
1278841,4,2021,2021,10,6,7,7,27,433,34609,0,1,1,-33.25553,149.103299,52,2,1,1,0,0,0,3,2,0,7,70,0,3775,3775,0,5,10,2,0,1,1,0
1278843,4,2021,2021,10,2,8,82,27,84,181,0,1,1,-33.893629,151.261776,76,0,2,1,1,0,0,0,3,0,7,50,2,1981,1981,4,5,19,2,0,1,0,0
1278844,2,2021,2021,9,1,7,346,17,44,332,0,1,9,-28.821541,153.411373,2,2,1,1,1,0,0,3,2,0,0,80,2,2852,2852,4,5,5,2,0,0,1,0
1278849,2,2021,2021,11,3,2,512,17,30,441,0,1,1,-30.075972,145.9553,51,1,0,1,0,0,0,0,0,0,7,90,2,1089,1089,7,0,40,1,0,0,1,0
1278850,4,2021,2021,9,4,5,98,27,609,220,0,1,2,-33.775879,150.919526,7,0,2,1,0,0,0,3,2,0,7,60,2,2040,2040,9,0,28,2,0,1,0,0
1278852,2,2021,2021,9,1,4,500,27,145,799,0,1,9,-33.930028,151.069641,15,0,2,1,1,0,0,0,2,0,0,60,2,2852,2852,4,5,36,2,0,0,1,0
1278853,4,2021,2021,9,6,3,6,1,239,34609,1,0,9,-34.035098,151.121439,68,0,2,1,1,0,0,0,2,0,0,50,0,395,395,1,5,19,3,0,1,0,0
1278857,4,2021,2021,2,4,5,11,31,129,34609,0,1,10,-33.895249,151.091323,9,0,2,1,1,0,0,0,2,0,15,50,0,6545,6545,4,0,36,2,0,1,0,0
1278858,2,2021,2021,2,2,0,11,31,173,34609,0,1,10,-33.879129,151.219911,69,0,2,1,2,0,0,0,0,2,7,40,0,591,591,1,22,5,2,0,0,1,0
1278859,2,2021,2021,2,5,10,68,31,41,168,0,1,1,-34.053708,150.701593,12,0,2,1,2,0,0,0,0,0,7,60,1,1669,1669,3,5,5,2,0,0,1,0
1278865,1,2021,2021,2,1,3,30,27,166,34609,0,1,1,-33.90802,151.174789,32,0,2,1,0,0,0,0,2,0,7,60,0,14295,14295,3,33,27,2,0,0,0,1
1278871,2,2021,2021,9,2,4,1052,14,77,928,0,1,3,-33.523635,151.196097,16,1,2,0,0,0,3,4,2,0,7,90,2,1282,1282,1,3,5,2,0,0,1,0
1278872,2,2021,2021,2,6,8,3,27,4,34609,0,1,1,-30.221617,152.916745,19,2,1,1,0,0,0,0,2,0,7,80,0,3775,3775,0,10,0,2,0,0,1,0
1278873,4,2021,2021,2,6,8,11,10,29,52,0,1,1,-34.126903,150.558205,79,1,2,1,0,0,0,0,2,0,7,100,1,3775,3775,0,10,13,2,0,2,0,1
1278876,2,2021,2021,9,1,10,5,10,92,34609,0,1,1,-33.981217,150.814964,13,0,2,1,1,0,0,0,0,0,9,50,0,1220,1220,9,0,28,2,0,0,1,0
1278877,2,2021,2021,9,6,5,481,17,155,483,0,1,9,-33.109361,148.174326,53,2,1,0,0,0,3,3,2,0,0,80,2,418,714,5,8,40,1,0,0,1,0
1278878,4,2021,2021,9,1,9,2261,17,32,2252,0,1,3,-34.275136,150.642868,79,1,2,1,0,0,0,0,3,0,7,110,2,1282,1282,1,5,5,2,0,2,1,0
1278879,4,2021,2021,9,6,8,118,27,646,118,0,1,9,-33.931454,151.028809,15,0,2,1,0,0,3,4,2,0,15,60,1,2852,2852,4,0,5,2,0,1,0,0
1278880,2,2021,2021,2,1,7,4,31,107,34609,0,1,1,-29.689923,152.946953,18,2,1,1,1,0,3,4,2,0,7,50,0,1220,1220,9,10,28,2,0,0,1,1
1278884,4,2021,2021,2,3,9,4,1,79,34609,0,1,1,-33.82277,151.216096,49,0,2,1,1,0,0,0,3,0,7,50,0,1220,1220,9,5,28,2,0,1,0,0
1278889,1,2021,2021,2,4,2,19,1,100,68,0,1,2,-33.807608,151.165857,38,0,2,1,0,0,0,0,1,0,7,60,1,1945,1945,5,22,40,1,0,0,0,1
1278890,4,2021,2021,10,6,6,6,18,79,34609,0,1,1,-33.572254,150.717845,29,2,2,0,0,0,0,0,2,0,7,70,0,1957,4009,8,0,40,1,0,1,0,0
1278893,2,2021,2021,11,2,7,51,27,57,63,0,1,10,-34.562286,150.836557,62,0,2,1,1,0,0,0,2,2,7,70,2,14295,14295,3,10,5,2,0,0,1,0
1278898,4,2021,2021,9,0,7,41,27,1,69,0,1,1,-34.364715,149.81547,74,1,0,0,0,0,0,0,2,0,7,100,1,782,957,5,16,40,1,0,1,0,0
1278900,4,2021,2021,10,3,2,2261,17,204,2252,0,1,10,-33.88958,151.12597,32,0,2,1,2,0,0,0,1,2,7,60,2,4026,4026,8,5,40,1,0,1,0,0
1278903,2,2021,2021,2,4,8,512,17,433,441,0,1,9,-33.274656,149.086893,52,2,1,1,1,0,0,0,2,0,0,50,2,775,775,4,5,5,2,0,0,2,0
1278904,4,2021,2021,9,0,5,3371,17,58,3342,0,1,9,-32.791356,151.72466,57,2,1,1,1,0,3,4,2,2,9,80,2,14295,14295,3,8,36,2,0,1,0,0
1278908,2,2021,2021,9,2,10,113,27,218,111,0,1,9,-33.777339,150.772256,55,0,2,1,2,0,3,4,0,0,7,60,2,1669,1669,3,10,5,2,0,0,2,0
1278912,4,2021,2021,10,5,5,29,27,85,30,0,1,7,-33.89584,150.867737,24,0,2,0,1,0,0,0,2,0,0,60,1,926,926,4,16,0,2,0,1,0,0
1278918,1,2021,2021,6,2,3,153,27,188,147,1,0,1,-33.950248,151.098212,25,0,2,1,2,0,0,0,1,0,7,60,2,3775,3775,0,5,35,2,0,0,0,1
1278922,2,2021,2021,9,2,4,59,27,252,41,0,1,10,-33.950035,150.865753,41,0,2,1,1,0,0,0,2,2,7,60,1,5929,5929,1,5,5,2,0,0,1,0
1278926,1,2021,2021,9,4,6,78,27,23,228,1,0,1,-32.993765,151.130267,17,2,1,0,1,0,3,4,2,0,7,70,1,4552,5151,8,5,40,1,0,0,0,1
1278928,4,2021,2021,2,1,3,28,27,38,28,0,1,1,-32.748408,151.869249,57,2,1,0,0,0,0,0,2,0,7,80,1,14295,14295,3,0,5,2,0,1,0,0
1278930,1,2021,2021,2,3,8,145,31,112,39,0,1,9,-33.605402,150.824262,29,2,2,1,1,0,0,0,2,2,7,50,2,14295,14295,3,33,19,2,0,0,0,1
1278931,1,2021,2021,9,3,1,12,24,28,34609,0,1,2,-35.382139,149.220367,58,2,1,1,2,0,3,4,0,0,7,70,0,9859,9859,8,5,40,1,0,0,0,1
1278935,4,2021,2021,10,1,4,3,27,15,34609,0,1,1,-31.156968,150.310149,51,1,0,1,0,2,0,0,2,0,7,100,0,4026,4026,8,30,40,1,0,1,0,0
1278936,2,2021,2021,9,0,8,12,31,134,34609,0,1,1,-33.514416,151.322993,16,2,2,1,1,0,0,0,2,0,7,50,0,4026,4026,1,10,5,3,0,0,1,0
1278937,2,2021,2021,9,2,5,234,27,57,217,0,1,1,-33.55881,151.01063,31,0,2,0,0,0,3,4,2,0,7,80,2,1669,1669,3,0,5,2,0,0,2,0
1278938,4,2021,2021,9,6,11,196,10,166,168,0,1,1,-33.939325,150.983479,15,0,2,1,2,0,3,4,0,0,7,60,2,4026,4026,8,5,40,1,0,1,0,0
1278939,2,2021,2021,10,4,6,515,14,202,518,0,1,3,-33.940837,151.038765,15,0,2,1,1,0,3,4,2,0,7,100,2,945,945,5,0,40,1,0,0,1,0
1278941,2,2021,2021,2,4,8,23,27,39,34609,0,1,1,-33.756382,150.922967,7,0,2,0,1,0,0,0,2,0,7,50,0,3775,3775,0,0,13,2,0,0,2,0
1278944,2,2021,2021,9,5,10,2,31,44,34609,0,1,1,-33.747264,150.727084,55,0,2,1,2,0,0,0,0,0,7,50,0,9859,9859,8,5,40,1,0,0,1,0
1278946,4,2021,2021,9,2,7,13,1,54,34609,0,1,7,-33.22866,151.506058,16,2,2,1,1,0,0,0,2,0,0,50,0,2852,2852,4,5,5,3,0,1,0,0
1278947,4,2021,2021,9,4,8,10,10,108,34609,0,1,1,-33.312426,151.422183,16,2,2,1,1,0,0,3,2,0,7,50,0,591,591,1,22,5,2,0,1,0,0
1278948,4,2021,2021,9,5,9,387,36,115,69,0,1,10,-33.745819,151.222629,50,0,2,1,1,0,3,4,3,2,7,70,2,1850,985,5,16,40,1,0,1,0,0
1278950,2,2021,2021,9,3,7,126,27,370,168,0,1,9,-34.06293,150.786783,13,0,2,1,1,0,0,3,2,2,7,80,2,1383,1383,1,5,5,5,0,0,2,0
1278952,4,2021,2021,11,6,6,74,27,66,59,0,1,1,-34.478183,150.899631,80,0,2,0,1,0,0,0,2,0,7,80,2,1259,5151,8,5,40,1,0,1,0,0
1278957,4,2021,2021,9,5,3,7,27,9,39,0,1,1,-33.481154,150.908466,71,0,2,0,0,0,0,0,2,0,7,80,1,3775,3775,0,30,0,2,0,1,0,0
1278958,4,2021,2021,9,4,8,3,31,284,34609,0,1,10,-33.912121,151.004822,15,0,2,1,2,0,3,4,3,0,15,50,0,6545,6545,4,5,13,2,0,1,1,0
1278960,2,2021,2021,9,0,9,118,27,646,118,1,0,1,-33.921224,151.03128,15,0,2,1,1,0,3,4,2,0,7,60,1,1981,1981,4,5,5,2,0,0,1,0
1278961,1,2021,2021,9,4,8,39,31,523,14,0,1,10,-33.922699,150.924896,41,0,2,1,0,0,0,0,2,3,7,30,2,2040,2040,9,33,28,2,0,0,0,1
1278962,2,2021,2021,2,2,0,2209,17,77,2205,0,1,2,-33.884653,151.194816,69,0,2,1,2,0,0,0,0,0,7,50,2,9859,9859,8,5,40,1,0,0,1,0
1278963,4,2021,2021,9,2,10,10,31,445,34609,0,1,9,-33.858929,151.048615,21,0,2,1,2,0,0,0,0,0,0,50,0,2585,777,8,5,40,1,0,1,0,0