Crash ID,Degree of crash - detailed,Reporting year,Year of crash,Month of crash,Day of week of crash,Two-hour intervals,Street of crash,Street type,Town,Route no.,School zone location,School zone active,Type of location,Latitude,Longitude,LGA,Urbanisation,Conurbation 1,Alignment,Street lighting,Road surface,Surface condition,Weather,Natural lighting,Signals operation,Other traffic control,Speed limit,Road classification,RUM - code,DCA - code,First impact type,Key TU type,Other TU type,No. of traffic units involved,No. killed,No. seriously injured,No. moderately injured,No. minor-other injured
1278965,1,2021,2021,10,2,9,57,31,174,321,0,1,2,-33.889922,151.201384,69,0,2,0,0,0,3,4,2,0,7,50,2,1282,1282,1,8,5,2,0,0,0,1
1278968,1,2021,2021,9,6,4,8,31,290,159,0,1,10,-33.952795,151.131853,4,0,2,1,1,0,0,0,2,2,7,50,2,5929,5929,1,5,5,4,0,0,0,1
1278969,1,2021,2021,9,0,4,6,31,172,34609,0,1,1,-32.753499,151.591997,42,2,1,1,1,0,0,0,2,0,7,50,0,238,238,9,5,26,2,0,0,0,1
1278972,2,2021,2021,9,4,4,92,27,143,34609,0,1,9,-33.884002,151.102386,9,0,2,1,0,0,0,3,2,0,7,50,0,3775,3775,0,5,33,3,0,0,1,0
1278978,4,2021,2021,11,4,8,194,31,309,702,0,1,9,-33.820856,151.098374,61,0,2,1,1,0,0,0,2,0,7,70,2,9859,9859,8,9,40,1,0,1,0,1
1278986,2,2021,2021,11,0,7,2,27,30,34609,0,1,1,-34.188371,150.547193,79,2,2,0,0,0,0,0,2,0,7,80,0,1850,1463,5,16,40,1,0,0,1,0
1278988,2,2021,2021,2,4,4,916,17,10,917,0,1,1,-32.704492,151.437463,42,2,1,1,1,0,0,0,2,0,7,60,2,14295,14295,3,8,5,3,0,0,1,0
1278989,4,2021,2021,9,4,8,2261,17,523,2252,0,1,10,-33.924242,150.918383,41,0,2,1,1,0,3,4,2,2,7,60,2,6545,6545,4,0,5,2,0,1,0,0
1278990,2,2021,2021,10,4,3,2126,17,179,2149,0,1,2,-33.760813,150.729153,55,0,2,1,1,0,0,3,2,0,7,60,2,9859,9859,1,34,5,3,0,0,1,0
1278993,1,2021,2021,10,4,9,4,31,48,34609,0,1,1,-28.257649,153.571075,72,2,1,1,0,0,3,4,0,0,7,60,0,1945,1945,5,22,40,1,0,0,0,1
1278995,2,2021,2021,9,0,7,31,31,73,19,0,1,10,-33.87252,151.217605,69,0,2,1,1,0,0,0,2,2,7,50,2,6545,6545,4,5,5,2,0,0,1,0
1278996,2,2021,2021,10,3,8,48,27,20,62,0,1,9,-35.521635,148.144928,66,2,1,1,0,0,0,3,3,0,7,50,2,782,985,5,30,40,1,0,0,1,0
1278997,2,2021,2021,10,4,7,143,31,123,181,0,1,9,-33.885049,151.227039,81,0,2,1,1,0,0,0,2,0,7,50,2,1109,787,1,10,19,2,0,0,1,0
1278999,2,2021,2021,10,5,9,4,27,61,34609,0,1,10,-29.757744,151.760861,51,2,1,1,0,0,0,0,3,0,7,80,0,1089,1089,7,16,40,1,0,0,1,0
1279000,2,2021,2021,9,1,8,2126,17,75,2149,0,1,9,-33.724673,150.384586,8,2,2,0,1,0,0,6,3,0,0,80,2,217,217,1,9,13,3,0,0,1,0
1279003,2,2021,2021,9,0,7,334,17,41,308,0,1,1,-31.461678,152.817382,56,1,0,1,0,0,3,3,2,0,7,90,2,3775,3775,0,5,13,2,0,0,1,0
1279004,2,2021,2021,9,4,3,169,27,16,54,0,1,2,-34.019865,151.050176,68,0,2,0,0,0,0,0,2,0,7,80,2,14295,14295,3,5,5,2,0,0,1,1
1279008,2,2021,2021,9,5,0,17,27,29,15,0,1,1,-34.230773,150.743142,79,2,2,0,2,0,3,4,0,0,7,60,1,4552,5151,8,5,40,1,0,0,1,0
1279010,1,2021,2021,2,1,6,114,27,22,65,0,1,1,-33.395504,151.014426,16,2,2,0,1,0,0,0,2,0,7,80,1,1850,1463,5,16,40,1,0,0,0,1
1279011,2,2021,2021,9,3,6,9,27,49,45,0,1,1,-34.437036,147.560839,51,1,0,1,0,0,0,0,2,0,7,100,1,9859,9859,8,10,40,1,0,0,1,0
1279014,2,2021,2021,2,0,3,23,27,61,36,0,1,1,-35.180415,149.270609,58,1,0,1,0,0,0,0,2,0,7,90,1,1669,1669,3,9,0,2,0,0,1,0
1279015,2,2021,2021,1,1,7,3,31,438,34609,0,1,10,-33.836869,151.027577,21,0,2,1,0,0,0,0,2,0,0,50,0,6545,6545,4,10,12,4,0,0,1,0
1279017,2,2021,2021,2,6,10,22,27,16,34609,0,1,1,-32.760772,149.977368,44,1,0,1,0,0,0,0,0,0,7,100,0,1089,1089,7,10,40,1,0,0,2,0
1279020,4,2021,2021,2,1,11,25,10,9,34609,0,1,9,-34.830948,145.875567,51,2,1,0,0,0,3,4,0,0,7,80,0,2585,777,8,0,40,1,0,1,0,0
1279022,2,2021,2021,9,1,5,2261,17,523,2252,0,1,2,-33.91792,150.919652,41,0,2,1,1,0,0,0,2,0,7,60,2,190,190,1,30,25,3,0,0,2,1
1279025,2,2021,2021,2,3,7,2261,17,523,2252,0,1,2,-33.934973,150.915703,41,0,2,1,1,0,0,0,2,0,7,60,2,14295,14295,3,30,5,2,0,0,1,0
1279026,2,2021,2021,2,6,8,24,31,314,34609,0,1,7,-33.854851,150.921417,24,0,2,1,1,0,0,0,2,0,0,50,0,6545,6545,4,9,5,3,0,0,2,0
1279027,4,2021,2021,2,4,2,1,27,4,34609,0,1,9,-32.571846,151.16403,64,2,1,1,2,0,3,4,0,0,7,50,0,9859,9859,8,5,40,1,0,1,0,1
1279028,1,2021,2021,2,6,7,330,27,106,605,0,1,2,-33.681546,151.303101,50,0,2,1,0,0,0,0,2,0,7,70,2,9859,9859,8,30,40,1,0,0,0,1
1279031,4,2021,2021,9,5,7,31,31,309,34609,0,1,1,-33.820775,151.117805,61,0,2,1,1,0,0,0,2,0,7,50,0,312,312,2,9,40,1,0,1,0,0
1279032,2,2021,2021,2,4,6,56,31,119,34609,0,1,10,-32.763706,151.744936,57,2,1,1,0,0,0,0,2,2,7,50,0,1220,1220,9,10,28,2,0,0,1,0
1279035,4,2021,2021,2,2,7,37,27,133,34609,0,1,10,-34.500248,150.799544,80,0,2,1,1,0,0,0,2,0,15,60,0,6545,6545,4,10,19,2,0,1,0,0
1279044,2,2021,2021,9,2,6,3371,17,107,3342,0,1,9,-33.276531,151.428624,16,2,2,1,0,0,0,0,2,0,15,70,2,2852,2852,4,34,19,2,0,0,2,0
1279050,2,2021,2021,9,1,8,40,27,49,39,0,1,1,-33.198258,151.521886,16,2,2,1,1,0,0,0,2,0,7,60,1,1109,787,1,0,13,2,0,0,1,0
1279051,1,2021,2021,9,3,10,361,27,164,34609,0,1,1,-33.735962,150.894447,7,0,2,1,2,0,0,6,3,0,7,50,0,3775,3775,0,10,5,2,0,0,0,1
1279057,2,2021,2021,9,6,11,104,27,443,702,0,1,2,-33.905923,151.063887,15,0,2,0,2,0,0,0,0,0,7,70,2,1981,1981,4,5,5,2,0,0,2,0
1279058,2,2021,2021,2,2,8,512,17,433,441,0,1,10,-33.283823,149.101181,52,2,1,1,1,0,0,0,2,2,7,50,2,2040,2040,9,5,28,2,0,0,1,0
1279060,4,2021,2021,2,1,3,1,27,12,34609,0,1,9,-36.799615,149.724728,5,1,0,1,1,2,0,0,2,0,7,100,0,9859,9859,8,5,40,1,0,1,0,0
1279061,2,2021,2021,2,6,5,72,31,57,34609,0,1,2,-32.981776,151.691173,37,0,2,1,1,0,0,0,2,0,7,50,0,4026,4026,8,5,40,1,0,0,2,0
1279063,4,2021,2021,2,0,2,361,32,62,96,0,1,9,-33.89408,151.149844,32,0,2,1,0,0,0,0,1,2,7,60,2,5929,5929,1,5,5,2,0,1,0,0
1279064,1,2021,2021,9,4,1,2126,17,226,2149,0,1,10,-33.779199,150.814379,7,0,2,1,2,0,0,0,0,2,7,80,2,14295,14295,3,0,0,2,0,0,0,1
1279065,1,2021,2021,9,1,8,222,31,44,34609,0,1,9,-30.713485,152.923675,47,2,1,1,1,0,3,3,2,0,7,50,0,4552,985,8,5,40,1,0,0,0,2
1279068,4,2021,2021,9,6,4,109,27,56,174,0,1,9,-32.987924,151.520056,37,0,2,1,1,0,0,0,2,0,15,80,2,2852,2852,4,9,12,2,0,1,0,0
1279069,2,2021,2021,2,2,11,31,10,78,23,0,1,9,-33.423593,151.441375,16,2,2,0,2,0,3,4,0,0,0,50,2,4552,5151,1,5,5,3,0,0,1,0
1279073,4,2021,2021,10,3,7,8,27,239,34609,0,1,1,-34.042818,151.119295,68,0,2,1,1,0,0,0,2,0,7,50,0,1945,1945,5,22,40,1,0,1,0,0
1279078,2,2021,2021,9,5,6,2,27,7,34609,0,1,1,-34.289866,149.38828,74,1,0,1,0,2,0,0,2,0,7,100,0,9859,9859,8,0,40,1,0,0,1,0
1279079,4,2021,2021,9,5,9,24,31,433,34609,1,0,7,-33.285489,149.098178,52,2,1,0,1,0,0,0,2,0,0,50,0,775,775,4,0,27,2,0,1,0,0
1279080,4,2021,2021,9,3,6,3,27,5,34609,0,1,1,-30.720836,152.884739,47,2,1,0,0,0,0,0,2,0,7,60,0,3775,3775,0,0,19,2,0,1,0,0
1279081,2,2021,2021,9,0,8,3,27,119,34609,0,1,10,-32.761989,151.757312,57,2,1,1,1,0,0,3,2,0,0,50,0,6545,6545,4,0,36,2,0,0,3,0
1279086,2,2021,2021,2,4,11,308,14,83,311,0,1,3,-33.881006,150.840523,41,0,2,1,2,0,3,4,0,0,7,100,2,14295,14295,3,33,0,2,0,0,1,0
1279090,4,2021,2021,2,6,8,14,27,40,88,1,2,9,-33.79379,151.25044,50,0,2,1,1,0,0,0,2,0,15,40,2,14295,14295,3,34,19,2,0,1,0,0
1279091,2,2021,2021,2,6,8,21,23,316,34609,0,1,1,-31.455535,152.92638,56,2,1,1,0,0,0,3,2,0,7,50,0,1089,1089,7,16,40,1,0,0,1,0
1279093,2,2021,2021,2,2,8,49,31,532,34609,0,1,10,-33.865092,151.211596,69,0,2,1,1,0,0,3,2,2,7,40,0,5929,5929,1,5,5,2,0,0,2,0
1279096,2,2021,2021,9,0,10,1,27,18,34609,0,1,1,-33.662495,151.284351,50,0,2,0,0,0,3,4,0,0,7,50,0,273,957,5,10,40,1,0,0,1,0
1279098,2,2021,2021,9,2,7,65,10,132,148,0,1,1,-34.106506,151.060194,68,0,2,0,0,0,0,0,2,0,7,80,2,96,96,0,0,0,2,0,0,2,0
1279100,4,2021,2021,2,4,4,10,36,65,34609,0,1,1,-30.366003,153.042728,19,2,1,1,0,0,0,0,2,0,7,80,0,9859,9859,1,5,5,2,0,1,1,0
1279104,2,2021,2021,9,3,4,154,27,443,244,0,1,2,-33.91029,151.074497,15,0,2,1,1,0,0,0,2,0,7,60,2,1383,1383,1,10,5,2,0,0,2,1
1279105,4,2021,2021,2,6,3,13,31,87,34609,0,1,7,-28.812827,153.284798,39,2,1,1,1,0,0,0,2,0,0,10,0,6545,6545,4,9,27,2,0,1,0,0
1279107,4,2021,2021,9,5,5,15,31,460,34609,0,1,10,-33.830944,150.984982,21,0,2,1,1,0,0,0,2,0,0,50,0,6545,6545,4,5,0,2,0,1,1,0
1279110,2,2021,2021,2,2,0,171,31,273,34609,0,1,7,-34.420257,150.89844,80,0,2,1,2,0,3,0,0,0,0,50,0,6545,6545,4,0,5,2,0,0,1,0
1279112,1,2021,2021,9,3,3,475,31,252,75,0,1,0,-33.887192,151.208238,69,0,2,1,2,0,3,4,1,0,7,40,1,9859,9859,1,5,5,2,0,0,0,1
1279113,4,2021,2021,2,1,10,204,31,53,34609,0,1,1,-35.138296,147.351989,75,2,1,1,2,0,0,0,0,0,7,50,0,1220,1220,9,22,28,2,0,1,0,0
1279114,1,2021,2021,2,5,7,10,23,50,34609,0,1,1,-33.629185,151.31763,50,0,2,1,0,0,0,0,2,0,7,50,0,9859,9859,1,5,5,3,0,0,0,2
1279116,4,2021,2021,9,1,8,56,10,433,41,0,1,9,-33.280824,149.078113,52,2,1,1,0,0,0,0,2,0,7,50,1,5929,5929,1,30,19,2,0,1,0,0
1279118,4,2021,2021,2,4,6,2261,17,70,2252,0,1,2,-34.622154,150.208525,78,1,0,1,0,0,0,0,2,0,7,110,2,14295,14295,3,8,2,2,0,1,1,1
1279124,2,2021,2021,2,0,8,43,22,36,34609,0,1,1,-33.756945,151.079611,31,0,2,0,0,0,3,4,2,0,7,50,0,1282,1282,1,5,40,1,0,0,1,0
1279126,2,2021,2021,2,4,10,22,31,532,34609,0,1,9,-33.866637,151.205812,69,0,2,1,2,0,0,0,0,2,7,40,0,2040,2040,9,5,28,2,0,0,1,0
1279127,2,2021,2021,1,6,3,168,17,18,212,0,1,1,-35.640523,150.116174,23,1,0,0,0,0,0,0,2,0,7,90,2,3775,3775,0,0,22,2,0,0,2,0
1279131,4,2021,2021,2,4,9,28,31,532,34609,0,1,10,-33.870843,151.206306,69,0,2,1,1,0,0,0,2,2,7,40,0,6545,6545,4,5,22,4,0,1,2,0
1279132,2,2021,2021,2,5,7,111,27,102,233,1,0,2,-33.959508,151.231439,59,0,2,1,0,0,0,0,2,0,7,60,2,1981,1981,4,5,20,2,0,0,1,0
1279133,2,2021,2021,10,0,6,1,31,96,34609,0,1,1,-33.360691,148.006873,51,2,1,1,0,0,0,0,2,0,7,50,0,9859,9859,8,5,40,1,0,0,1,0
1279134,2,2021,2021,10,4,5,255,27,71,166,0,1,10,-33.264608,151.545939,16,2,2,1,1,0,0,0,2,0,7,50,2,5929,5929,1,0,19,2,0,0,1,0
1279135,2,2021,2021,2,3,7,125,27,155,75,0,1,10,-33.492794,151.315094,16,2,2,1,0,0,0,0,2,0,15,60,1,6545,6545,4,5,5,2,0,0,1,0
1279139,4,2021,2021,9,6,3,2261,17,32,2252,0,1,3,-34.27862,150.640957,79,1,2,1,0,0,0,0,2,0,7,110,2,1383,1383,1,5,12,2,0,1,0,0
1279143,2,2021,2021,10,5,7,1,27,33,34609,0,1,1,-34.742201,150.821412,35,2,1,1,1,0,0,0,2,0,7,50,0,1945,1945,5,22,40,1,0,0,1,0
1279144,4,2021,2021,9,0,7,3371,17,57,3342,0,1,9,-32.988614,151.691093,37,0,2,1,1,0,0,0,2,2,7,60,2,5929,5929,1,0,19,2,0,1,1,0
1279145,4,2021,2021,10,1,2,113,27,104,111,0,1,9,-33.803541,150.769411,55,0,2,1,2,0,3,4,0,0,0,80,2,5929,5929,1,5,5,2,0,1,1,0
1279146,2,2021,2021,10,6,7,42,10,78,39,0,1,7,-34.483147,150.854673,80,0,2,1,1,0,0,0,2,0,0,70,1,5929,5929,1,16,5,2,0,0,1,0
1279158,4,2021,2021,2,4,9,229,14,98,237,0,1,3,-33.757713,151.054409,31,0,2,1,2,0,3,4,3,0,7,100,2,1945,1945,5,16,40,1,0,1,0,0
1279161,2,2021,2021,9,3,7,3371,17,143,3342,0,1,9,-33.704619,151.098721,31,0,2,1,1,0,3,4,2,0,7,60,2,4026,4026,8,21,40,1,0,0,1,0
1279180,4,2021,2021,10,3,6,8,27,13,34609,0,1,1,-35.079218,150.427718,63,2,1,1,0,2,0,0,2,0,7,50,0,1945,1945,5,16,40,1,0,1,0,0
1279181,4,2021,2021,9,6,9,28,31,24,14,0,1,9,-36.889699,149.910676,5,2,1,1,2,0,0,0,0,2,7,50,1,5929,5929,1,0,5,2,0,1,0,0
1279182,1,2021,2021,6,4,4,18,31,129,34609,0,1,1,-33.927429,151.083636,15,0,2,1,0,0,0,0,2,0,7,60,0,9859,9859,1,16,12,3,0,0,0,1
1279183,1,2021,2021,11,1,6,40,27,73,34609,0,1,9,-35.15011,147.371314,75,2,1,1,3,0,3,3,2,0,15,60,0,2852,2852,4,5,13,2,0,0,0,1
1279184,1,2021,2021,11,5,5,2261,17,41,2252,0,1,9,-35.003878,148.111956,20,1,0,1,3,0,0,0,2,0,7,110,2,9859,9859,8,5,40,1,0,0,0,1
1279185,4,2021,2021,10,3,9,3,27,30,34609,0,1,1,-34.362486,145.983208,28,1,0,1,0,0,0,0,0,0,7,100,0,3775,3775,0,10,5,2,0,1,0,0
1279187,2,2021,2021,10,0,11,916,17,48,917,0,1,1,-29.039609,152.01275,51,2,1,1,2,0,3,4,0,0,7,50,2,9859,9859,8,5,40,1,0,0,1,0
1279188,1,2021,2021,10,3,11,2126,17,136,2149,0,1,9,-33.85845,151.069509,67,0,2,1,2,0,0,0,0,2,7,60,2,5929,5929,1,0,5,2,0,0,0,2
1279189,1,2021,2021,10,4,11,7,31,99,34609,0,1,7,-33.888663,151.26656,76,0,2,1,2,0,0,0,0,0,0,50,0,6545,6545,4,5,5,2,0,0,0,1
1279190,2,2021,2021,10,4,11,45,27,19,34609,0,1,9,-33.899212,150.606401,79,2,2,0,2,0,0,0,0,0,15,60,0,4552,5151,8,5,40,1,0,0,1,0
1279191,2,2021,2021,9,6,6,1,27,112,34609,1,0,1,-33.441989,151.431163,16,2,2,1,1,0,0,0,2,0,7,50,0,175,188,1,5,36,2,0,0,1,0
1279192,1,2021,2021,1,3,7,18,1,112,34609,0,1,9,-33.906604,151.208073,69,0,2,1,0,0,0,0,2,0,7,40,0,775,775,4,5,27,2,0,0,0,1
1279194,2,2021,2021,9,4,11,62,31,77,33,0,1,10,-32.563197,151.169193,64,2,1,1,2,0,3,4,0,2,7,50,1,6545,6545,4,5,0,2,0,0,1,0
1279195,2,2021,2021,10,3,6,7,27,53,12,0,1,1,-32.250914,148.243047,51,1,0,1,0,0,0,0,2,0,7,110,1,323,323,1,5,0,2,0,0,1,1
1279196,1,2021,2021,10,3,6,330,23,12,233,0,1,10,-33.984313,151.235529,59,0,2,1,1,0,0,0,2,0,0,50,1,395,395,1,0,19,2,0,0,0,1
1279197,4,2021,2021,9,4,9,1,27,1,34609,0,1,1,-32.189487,148.449582,22,1,0,1,0,2,3,4,2,0,7,100,0,9859,9859,8,34,40,1,0,1,0,0
1279201,4,2021,2021,9,4,5,18,27,89,27,0,1,9,-33.677486,150.787931,55,0,2,0,1,0,3,4,2,0,0,80,1,1957,4009,8,5,40,1,0,1,0,0
1279202,2,2021,2021,10,4,2,98,27,87,799,0,1,2,-33.928471,150.969222,41,0,2,1,1,0,0,0,1,0,7,70,2,14295,14295,3,33,5,3,0,0,1,0
1279203,4,2021,2021,10,2,7,4,27,169,34609,0,1,1,-28.645287,153.604674,10,2,1,0,0,0,0,0,2,0,7,50,0,3775,3775,0,10,0,2,0,3,0,0
1279204,4,2021,2021,9,6,9,83,27,16,72,0,1,1,-28.742739,153.375942,39,1,0,1,0,0,0,0,3,0,7,100,2,9859,9859,8,5,40,1,0,2,0,1
1279205,2,2021,2021,11,4,8,103,27,149,167,0,1,9,-33.990969,151.132767,25,0,2,1,1,0,0,0,2,0,7,70,2,9859,9859,1,5,5,2,0,0,1,0
1279206,4,2021,2021,10,1,7,4,1,182,34609,0,1,10,-32.82724,151.346033,17,2,1,1,0,0,0,0,2,0,15,50,0,6545,6545,4,16,0,2,0,2,0,0
1279207,4,2021,2021,10,3,0,3,27,41,34609,1,0,1,-30.362094,153.079743,19,2,1,1,2,0,0,0,0,0,7,60,0,9859,9859,8,0,40,1,0,1,0,0
1279208,2,2021,2021,10,2,11,37,27,58,34609,0,1,1,-33.219925,151.422566,16,1,2,0,0,0,0,0,0,0,7,90,0,418,714,5,10,40,1,0,0,1,0
1279209,4,2021,2021,11,6,8,3371,17,173,3342,1,0,2,-33.722262,151.118231,36,0,2,0,1,0,3,4,2,0,7,60,2,1192,1192,1,5,10,2,0,1,1,0
1279211,2,2021,2021,10,0,5,15,10,121,34609,0,1,1,-28.206682,153.536883,72,2,1,0,0,0,0,0,2,0,7,50,0,3775,3775,0,5,36,2,0,0,1,0
1279212,4,2021,2021,10,6,10,21,10,89,34609,0,1,1,-28.223074,153.540957,72,2,1,0,2,0,0,0,0,0,7,50,0,4552,5151,8,5,40,1,0,1,0,0
1279213,4,2021,2021,10,0,11,1,27,43,34609,0,1,1,-34.176063,150.664009,79,2,2,0,0,0,0,0,0,0,7,80,0,368,368,9,10,28,2,0,1,0,0
1279215,2,2021,2021,10,1,4,31,27,50,34609,0,1,9,-33.513798,151.336121,16,2,2,1,1,0,0,0,2,0,9,50,0,2040,2040,9,5,28,3,0,0,1,1
1279216,2,2021,2021,10,1,5,112,17,10,112,0,1,1,-31.738871,142.587513,51,1,0,1,0,0,0,0,2,0,7,110,2,475,475,5,3,40,1,0,0,1,0
1279217,4,2021,2021,10,2,1,4,10,148,34609,0,1,1,-36.049002,146.945251,0,2,1,1,2,0,3,4,0,0,7,50,0,4026,4026,8,5,40,1,0,1,0,0
1279218,2,2021,2021,10,1,9,916,17,179,917,0,1,10,-31.165828,150.919399,70,1,0,1,0,0,0,0,2,0,0,100,2,1957,777,8,5,40,1,0,0,1,0
1279219,4,2021,2021,10,1,5,330,23,293,112,0,1,10,-33.934752,151.237966,59,0,2,1,1,0,0,0,2,2,7,50,2,6545,6545,4,30,5,2,0,3,0,0
1279220,2,2021,2021,10,0,7,1,27,6,34609,0,1,1,-33.425726,149.532188,3,2,1,1,0,0,0,0,2,0,7,50,0,312,312,2,5,40,1,0,0,1,0
1279221,2,2021,2021,10,2,6,4,31,11,34609,0,1,9,-30.736561,150.71715,70,2,1,0,0,0,0,0,2,0,0,50,0,6545,6545,4,5,13,2,0,0,1,0
1279222,4,2021,2021,10,3,6,77,12,7,331,0,1,7,-34.096991,150.695061,79,2,2,1,1,0,0,0,2,0,0,80,1,1383,1383,1,0,19,2,0,1,0,0
1279223,4,2021,2021,10,6,8,10,27,41,34609,0,1,1,-34.097661,150.812674,13,0,2,1,1,0,0,0,2,0,7,60,0,941,941,1,30,19,2,0,1,0,0
1279225,4,2021,2021,10,0,8,6,31,363,34609,0,1,1,-33.756874,150.702293,55,0,2,1,1,0,0,0,2,0,7,50,0,9859,9859,1,5,0,2,0,1,0,0
1279227,2,2021,2021,11,4,7,84,4,23,34609,0,1,9,-31.491022,145.8263,51,2,1,1,1,0,0,0,2,0,7,50,0,9859,9859,8,5,40,1,0,0,1,0
1279228,1,2021,2021,10,1,8,42,10,78,39,0,1,2,-34.483203,150.85527,80,0,2,1,1,0,0,0,2,0,7,70,1,186,186,9,16,28,2,0,0,0,1
1279229,2,2021,2021,11,2,8,133,17,55,121,0,1,1,-36.206068,149.157646,65,2,1,0,0,0,0,0,2,0,7,80,2,1259,5151,8,30,40,1,0,0,1,0
1279232,4,2021,2021,10,6,9,4,27,3,34609,0,1,8,-31.294306,152.697289,56,2,1,1,0,0,0,0,0,0,7,80,0,9859,9859,8,0,40,1,0,1,0,0
1279233,2,2021,2021,10,2,11,2,31,71,34609,0,1,1,-33.764405,150.702175,55,0,2,1,2,0,0,0,0,0,7,50,0,9859,9859,1,5,5,2,0,0,1,0
1279234,2,2021,2021,10,2,4,127,27,48,103,0,1,9,-32.910976,151.745899,48,0,2,1,1,0,0,0,2,2,9,60,1,1220,1220,9,0,28,2,0,0,1,0
1279235,4,2021,2021,10,5,8,829,27,125,770,0,1,9,-33.823745,151.123701,61,0,2,1,1,0,0,0,2,2,9,60,2,1220,1220,9,5,28,2,0,1,0,0
1279236,2,2021,2021,10,2,7,135,17,61,136,0,1,1,-35.543191,145.000599,51,1,0,1,0,0,0,0,2,0,7,100,2,14295,14295,3,26,5,2,0,0,1,0
1279238,2,2021,2021,10,3,0,1,27,9,34609,0,1,9,-35.094642,146.880735,75,2,1,1,0,2,0,0,0,0,7,50,0,9859,9859,8,10,40,1,0,0,1,0
1279240,2,2021,2021,10,0,2,60,31,134,34609,0,1,10,-33.66381,150.862577,7,0,2,1,2,0,0,0,0,0,0,60,0,14295,14295,3,10,35,2,0,0,1,0
1279241,2,2021,2021,9,6,2,103,27,13,98,0,1,9,-33.499853,150.809571,29,2,2,0,0,2,0,0,1,0,7,80,2,1957,985,8,5,40,1,0,0,1,0
1279242,2,2021,2021,10,3,0,916,17,104,917,0,1,2,-32.819516,151.681179,48,0,2,0,0,0,3,4,0,0,7,80,2,2585,4009,8,19,40,1,0,0,1,0
1279243,2,2021,2021,10,1,3,19,31,188,34609,0,1,1,-33.946553,151.091094,25,0,2,1,1,0,0,0,2,0,7,50,0,9859,9859,1,10,12,3,0,0,1,0
1279245,4,2021,2021,9,4,10,220,14,21,220,0,1,3,-34.270681,150.927073,80,0,2,1,0,0,0,0,0,0,7,110,2,368,368,9,5,28,2,0,1,0,0
1279246,4,2021,2021,9,1,10,2261,17,140,2252,0,1,9,-33.897109,150.992246,15,0,2,1,2,0,0,3,0,0,0,70,2,5929,5929,1,5,19,2,0,1,0,1
1279249,4,2021,2021,10,0,3,42,27,128,231,0,1,1,-33.411162,151.335179,16,2,2,0,1,0,0,0,2,0,7,60,2,4552,5151,8,5,40,1,0,1,0,0
1279250,4,2021,2021,10,4,10,7,27,19,9,0,1,1,-29.802387,150.578252,51,1,0,0,0,0,0,0,0,0,7,100,1,1957,4009,8,29,40,1,0,1,0,0
1279251,2,2021,2021,9,1,0,27,31,127,14,0,1,1,-33.894007,151.156774,32,0,2,0,2,0,0,0,0,0,7,50,1,4552,5151,8,5,40,1,0,0,1,0
1279252,2,2021,2021,11,4,6,44,27,67,38,1,0,9,-33.874428,150.890274,24,0,2,1,0,0,0,0,2,0,7,60,1,2852,2852,4,8,5,2,0,0,1,0
1279253,1,2021,2021,10,1,5,5,27,32,34609,0,1,7,-34.57885,150.794504,62,0,2,1,1,0,0,0,2,0,0,60,0,14295,14295,3,0,0,2,0,0,0,1
1279255,2,2021,2021,10,2,3,1,31,10,34609,0,1,1,-31.935535,152.411723,43,2,1,1,1,0,0,0,1,0,7,50,0,945,945,5,10,40,1,0,0,1,0
1279258,1,2021,2021,10,5,3,84,10,9,80,0,1,9,-34.223351,150.994824,80,0,2,0,1,0,0,0,2,0,15,60,2,1259,5151,8,22,40,1,0,0,0,1
1279259,1,2021,2021,9,0,3,481,17,30,483,0,1,1,-34.738393,146.577031,51,1,0,1,0,0,3,4,1,0,7,110,2,3775,3775,0,5,10,2,0,0,0,3
1279260,1,2021,2021,10,0,6,2209,17,115,2205,1,0,9,-34.029708,151.080614,68,0,2,1,1,0,0,0,2,2,7,70,2,5929,5929,1,0,41,2,0,0,0,1
1279263,2,2021,2021,10,4,6,5,10,120,34609,0,1,7,-32.197514,152.526096,43,2,1,1,1,0,0,0,2,0,0,50,0,256,256,4,5,0,2,0,0,2,0
1279264,4,2021,2021,9,4,2,21,27,74,34609,0,1,1,-34.043028,150.794651,13,0,2,1,1,0,0,0,1,0,7,70,0,1945,1945,5,22,40,1,0,1,0,0
1279268,4,2021,2021,10,2,8,512,17,433,441,0,1,9,-33.286198,149.106644,52,2,1,1,1,0,0,0,2,2,7,50,2,1192,1192,1,30,13,6,0,1,2,1
1279272,2,2021,2021,2,0,5,193,31,532,34,0,1,0,-33.873046,151.207207,69,0,2,1,0,0,3,0,2,0,7,40,2,186,186,9,22,28,2,0,0,1,0
1279273,4,2021,2021,2,2,8,916,17,30,917,0,1,1,-31.048924,151.052621,70,1,0,1,0,0,0,0,2,0,7,100,2,475,475,5,9,40,1,0,1,0,0
1279274,1,2021,2021,0,2,7,109,36,18,108,0,1,1,-28.404496,153.441538,72,2,1,0,0,0,0,0,2,0,7,80,1,4552,5151,8,16,40,1,0,0,0,1
1279275,1,2021,2021,2,6,5,8,27,239,34609,0,1,1,-34.026461,151.123186,68,0,2,1,0,0,0,6,2,0,7,50,0,368,368,9,9,28,2,0,0,0,1
1279276,4,2021,2021,11,1,7,149,36,40,113,0,1,9,-32.070707,152.481649,43,2,1,1,1,0,0,0,2,0,15,80,1,2852,2852,4,5,0,2,0,2,2,1