Crash ID,Degree of crash - detailed,Reporting year,Year of crash,Month of crash,Day of week of crash,Two-hour intervals,Street of crash,Street type,Town,Route no.,School zone location,School zone active,Type of location,Latitude,Longitude,LGA,Urbanisation,Conurbation 1,Alignment,Street lighting,Road surface,Surface condition,Weather,Natural lighting,Signals operation,Other traffic control,Speed limit,Road classification,RUM - code,DCA - code,First impact type,Key TU type,Other TU type,No. of traffic units involved,No. killed,No. seriously injured,No. moderately injured,No. minor-other injured
1279277,4,2021,2021,2,4,4,8,31,271,34609,0,1,1,-33.938001,150.999365,15,0,2,1,0,0,0,0,2,0,7,60,0,9859,9859,1,0,0,3,0,1,0,0
1279281,4,2021,2021,9,0,8,28,3,12,117,0,1,2,-32.95016,151.683851,37,0,2,1,1,0,3,4,2,0,7,90,2,14295,14295,3,16,13,2,0,1,0,0
1279282,2,2021,2021,2,0,7,12,27,55,12,0,1,9,-33.903456,151.077426,67,0,2,1,1,0,0,0,2,0,7,60,1,1981,1981,4,5,0,2,0,0,1,0
1279287,2,2021,2021,9,4,4,59,31,77,53,0,1,10,-33.886801,151.198762,69,0,2,1,0,0,0,0,2,0,7,50,2,6545,6545,4,0,0,4,0,0,1,1
1279294,2,2021,2021,2,2,6,149,27,68,198,0,1,1,-34.070461,150.998249,68,0,2,1,0,0,0,0,2,0,7,70,2,14295,14295,3,16,5,2,0,0,1,0
1279296,4,2021,2021,2,0,0,866,17,278,793,0,1,9,-33.777714,151.051952,54,0,2,1,2,0,0,0,0,2,7,60,2,5929,5929,1,21,5,2,0,1,2,0
1279297,2,2021,2021,2,0,6,512,17,7,441,0,1,1,-32.6979,148.948948,22,1,0,0,0,0,0,0,2,0,7,100,2,1850,1463,5,9,40,1,0,0,1,0
1279299,2,2021,2021,9,5,3,475,10,42,268,0,1,9,-33.91256,150.904842,41,0,2,1,1,0,0,0,2,2,9,70,2,591,591,1,22,5,2,0,0,1,0
1279302,2,2021,2021,2,4,3,161,17,9,161,0,1,1,-35.929899,148.61105,65,2,1,0,3,0,3,4,4,0,7,80,2,1850,1463,5,29,40,2,0,0,1,0
1279307,2,2021,2021,2,6,8,112,17,207,112,0,1,10,-31.953121,141.474048,51,2,1,1,0,0,0,0,2,0,0,50,2,6545,6545,4,10,5,2,0,0,1,0
1279308,2,2021,2021,2,0,9,10,27,84,34609,0,1,1,-31.110366,150.896774,70,2,1,1,1,0,0,0,2,0,7,50,0,3775,3775,0,5,13,2,0,0,1,0
1279311,1,2021,2021,10,6,5,45,27,80,34609,0,1,7,-33.814918,151.166368,38,0,2,1,1,0,3,3,2,1,9,50,0,2040,2040,9,5,28,2,0,0,0,1
1279317,2,2021,2021,9,3,1,15,27,82,34609,0,1,1,-31.064023,150.941278,70,2,1,0,3,0,3,4,0,0,7,80,0,782,957,5,34,40,1,0,0,1,0
1279318,2,2021,2021,9,2,6,21,27,148,60,0,1,1,-36.047696,146.939757,0,2,1,1,3,0,3,3,2,0,7,60,1,1981,1981,4,0,27,2,0,0,1,0
1279323,1,2021,2021,9,6,3,109,27,71,106,0,1,10,-33.833935,150.977123,21,0,2,1,3,0,0,0,2,1,7,60,1,14295,14295,3,5,0,2,0,0,0,1
1279326,1,2021,2021,9,5,8,1104,14,223,962,0,1,3,-33.802971,150.89549,7,0,2,1,3,0,0,0,4,0,7,100,2,1391,1391,1,10,13,3,0,0,0,1
1279327,4,2021,2021,2,4,6,105,27,67,109,0,1,10,-33.881649,150.889023,24,0,2,1,3,0,0,0,2,3,7,60,1,1383,1383,1,5,5,2,0,1,0,0
1279328,1,2021,2021,2,4,6,1052,14,77,928,0,1,3,-33.538173,151.199003,16,1,2,1,3,0,0,0,2,0,7,110,2,14295,14295,3,0,13,3,0,0,0,1
1279331,2,2021,2021,2,3,6,2261,17,15,2252,0,1,2,-35.118527,148.025681,20,1,0,1,0,0,3,4,2,0,7,110,2,4026,4026,8,10,40,1,0,0,2,0
1279339,4,2021,2021,2,1,6,485,27,323,769,0,1,2,-33.768209,150.998817,54,0,2,1,1,0,0,0,2,0,15,60,2,14295,14295,3,5,5,2,0,1,0,0
1279344,2,2021,2021,2,1,10,1,1,85,34609,0,1,9,-33.800388,150.685933,55,0,2,1,2,0,0,3,3,0,7,50,0,1945,1945,5,16,40,1,0,0,1,0
1279345,4,2021,2021,10,3,6,3,27,3,34609,0,1,1,-35.744667,150.140021,23,2,1,0,0,2,0,0,2,0,7,50,0,1850,1463,5,16,40,1,0,1,0,0
1279348,2,2021,2021,9,5,11,3,31,179,66,0,1,9,-31.897327,152.446033,43,2,1,1,2,0,3,4,0,0,15,60,2,2585,777,8,5,40,1,0,0,2,1
1279351,4,2021,2021,2,2,11,99,31,84,105,0,1,10,-33.879742,150.941162,24,0,2,1,2,0,0,3,0,2,7,60,1,14295,14295,3,5,5,2,0,1,0,0
1279352,4,2021,2021,2,2,8,3,27,201,34609,0,1,1,-34.005362,150.884664,13,0,2,1,0,0,0,0,2,0,7,60,0,945,945,5,16,40,1,0,1,0,0
1279353,2,2021,2021,2,1,10,29,10,106,19,0,1,9,-33.883951,151.175802,69,0,2,1,0,0,3,4,2,0,7,50,1,1220,1220,9,5,28,2,0,0,1,0
1279354,4,2021,2021,9,2,9,55,27,35,34609,0,1,9,-33.88371,150.897066,24,0,2,0,1,0,0,0,2,0,7,50,0,1850,1463,5,16,40,1,0,1,0,0
1279357,2,2021,2021,2,0,8,2261,17,17,2252,0,1,2,-34.800902,149.29276,74,1,0,1,0,0,0,0,2,0,7,110,2,475,475,5,5,40,1,0,0,1,0
1279362,4,2021,2021,9,1,10,78,31,134,36,0,1,9,-33.521824,151.32193,16,2,2,1,2,0,0,0,0,0,7,50,1,5929,5929,1,5,19,2,0,1,0,0
1279363,2,2021,2021,10,0,4,35,27,179,34609,0,1,9,-33.764583,150.713325,55,0,2,1,1,0,0,0,2,0,7,50,0,14295,14295,3,5,25,2,0,0,3,0
1279365,2,2021,2021,2,2,5,75,10,63,165,0,1,2,-33.927408,151.215163,4,0,2,0,0,0,0,0,2,0,7,80,2,1259,5151,8,5,40,1,0,0,1,0
1279366,4,2021,2021,2,6,3,1,27,8,34609,0,1,1,-36.848173,149.386281,65,2,1,1,0,2,0,3,2,0,7,60,0,1089,1089,7,23,40,1,0,1,0,0
1279367,2,2021,2021,2,4,7,9,31,136,34609,0,1,1,-33.916772,151.080948,15,0,2,1,1,0,0,0,2,0,7,50,0,591,591,1,22,5,2,0,0,1,0
1279368,4,2021,2021,10,0,7,2126,17,60,2149,0,1,2,-33.613521,150.270982,8,2,2,1,0,0,3,4,2,0,7,80,2,9859,9859,1,5,5,3,0,1,1,0
1279369,4,2021,2021,10,2,5,120,36,6,148,0,1,1,-30.364132,152.623418,6,2,1,0,0,0,0,0,2,0,7,80,2,4552,5151,8,16,40,1,0,1,0,0
1279371,4,2021,2021,2,4,7,224,27,246,321,0,1,5,-33.905528,151.202829,69,0,2,1,1,0,0,0,2,2,7,50,2,5929,5929,1,5,18,2,0,1,0,0
1279372,4,2021,2021,2,3,6,36,27,12,82,0,1,1,-35.361764,147.263593,75,1,0,1,0,0,0,0,2,0,7,100,1,1945,1945,5,29,40,1,0,1,0,0
1279373,1,2021,2021,2,5,10,1,1,90,34609,0,1,1,-33.788506,150.947538,21,0,2,1,2,0,3,4,0,0,7,50,0,1945,1945,5,22,40,1,0,0,0,1
1279374,2,2021,2021,9,1,9,5,36,106,34609,0,1,9,-34.570937,150.80602,62,0,2,1,1,0,0,0,2,0,7,50,0,1259,985,1,5,5,2,0,0,1,0
1279375,2,2021,2021,2,4,4,2261,17,20,2252,0,1,2,-35.46644,147.597047,75,1,0,0,0,0,0,0,2,0,7,110,2,418,714,5,0,40,1,0,0,3,0
1279376,4,2021,2021,9,5,8,232,36,134,331,0,1,2,-33.959819,150.823636,41,0,2,1,1,0,0,0,2,0,7,80,2,14295,14295,3,16,13,2,0,1,0,0
1279377,4,2021,2021,2,2,4,6,27,10,34609,0,1,1,-33.013049,151.641411,37,0,2,1,1,0,0,0,2,0,7,50,0,9859,9859,1,0,5,2,0,1,1,0
1279380,2,2021,2021,2,1,5,13,27,76,14,0,1,9,-34.521892,150.350439,78,2,1,1,0,0,0,0,2,0,7,80,1,1669,1669,3,5,5,2,0,0,1,1
1279381,1,2021,2021,9,4,11,3371,17,29,3342,0,1,2,-32.176681,152.32762,43,1,0,1,0,0,3,3,0,0,7,100,2,14295,14295,3,3,5,2,0,0,0,1
1279383,2,2021,2021,9,5,6,2209,17,106,2205,0,1,9,-34.567898,150.803077,62,0,2,1,1,0,0,0,2,2,9,60,2,591,591,1,22,10,2,0,0,1,0
1279384,2,2021,2021,2,3,6,63,31,48,34609,0,1,10,-29.05526,152.017557,51,2,1,1,1,0,0,3,2,0,15,40,0,1220,1220,9,5,26,2,0,0,1,0
1279385,2,2021,2021,9,6,0,55,27,64,117,0,1,9,-32.940573,151.688275,48,0,2,1,2,0,0,0,0,2,7,70,2,14295,14295,3,10,5,2,0,0,1,0
1279387,1,2021,2021,9,1,6,72,27,82,102,0,1,1,-33.793914,151.261373,50,0,2,1,0,0,0,0,2,0,7,60,2,237,162,8,5,40,1,0,0,0,1
1279389,2,2021,2021,10,4,7,500,27,136,799,0,1,9,-33.926014,151.084816,15,0,2,1,0,0,0,0,2,0,0,60,2,926,926,4,5,5,2,0,0,1,0
1279390,2,2021,2021,9,2,6,1,10,63,34609,0,1,9,-33.925465,151.207678,4,0,2,1,1,0,3,3,2,0,7,40,0,2585,777,8,5,40,1,0,0,1,0
1279391,1,2021,2021,2,0,5,330,27,65,605,1,0,2,-33.702559,151.297988,50,0,2,0,1,0,0,0,2,0,7,70,2,238,238,9,0,28,2,0,0,0,1
1279393,1,2021,2021,2,5,3,4,10,88,34609,0,1,1,-33.73929,150.855161,7,0,2,0,1,0,0,0,2,0,7,50,0,4552,5151,1,5,5,3,0,0,0,1
1279394,1,2021,2021,2,5,5,1104,14,142,962,0,1,3,-33.827655,151.000476,54,0,2,1,0,0,0,0,2,0,7,90,2,14295,14295,3,5,5,3,0,0,0,1
1279395,2,2021,2021,2,0,0,21,27,24,34609,0,1,9,-33.420845,151.395416,16,2,2,0,2,0,0,1,0,0,7,50,0,4552,5151,8,5,40,1,0,0,1,0
1279396,2,2021,2021,2,3,0,8,9,132,34609,0,1,9,-29.763838,151.077847,33,1,0,1,2,0,0,0,0,0,7,100,0,4552,985,8,0,40,1,0,0,1,0
1279397,2,2021,2021,2,2,1,1,27,7,34609,0,1,1,-33.048146,151.314749,16,1,2,0,0,2,0,0,0,0,7,100,0,2585,4009,8,0,40,1,0,0,1,0
1279400,2,2021,2021,2,2,3,195,27,83,186,0,1,2,-33.888079,150.861596,24,0,2,1,1,0,0,0,2,0,7,70,2,9859,9859,8,0,40,1,0,0,1,0
1279404,2,2021,2021,10,5,5,9,31,218,34609,0,1,9,-33.764162,150.774466,55,0,2,1,1,0,0,3,2,0,7,40,0,256,256,4,10,5,4,0,0,1,0
1279409,2,2021,2021,10,2,6,5,10,62,34609,0,1,2,-33.729297,150.865879,7,0,2,1,0,0,0,0,2,0,7,50,0,186,186,1,10,27,2,0,0,1,0
1279412,4,2021,2021,10,3,8,12,1,123,34609,0,1,1,-33.916784,151.224021,59,0,2,1,3,0,2,6,2,0,7,50,0,84,84,6,17,40,1,0,1,0,0
1279418,1,2021,2021,9,0,3,10,23,67,34609,0,1,7,-33.698634,150.912699,7,0,2,1,3,0,3,3,1,0,0,50,0,301,301,4,5,0,2,0,0,0,1
1279420,1,2021,2021,2,0,6,2126,17,80,2149,0,1,10,-33.88786,151.167733,32,0,2,1,3,0,0,0,2,2,7,60,2,6545,6545,4,5,5,2,0,0,0,1
1279421,1,2021,2021,2,0,8,11,31,167,40,0,1,2,-33.83408,151.06389,54,0,2,1,3,0,0,6,2,0,7,60,1,14295,14295,3,5,5,2,0,0,0,1
1279423,1,2022,2022,4,2,7,10,31,204,331,0,1,9,-33.939264,151.148758,4,0,2,1,3,0,0,0,2,0,6,60,2,1391,1391,1,16,5,2,0,0,0,1
1279426,2,2021,2021,9,1,6,1,22,73,34609,0,1,1,-33.787161,151.158715,36,0,2,1,1,0,0,3,2,0,7,50,0,186,186,1,8,5,2,0,0,1,0
1279427,2,2021,2021,2,0,7,387,27,290,331,0,1,1,-33.949124,151.127226,4,0,2,1,3,0,0,0,2,2,9,60,2,1383,1383,1,5,35,4,0,0,1,0
1279430,2,2021,2021,2,4,9,71,27,44,122,0,1,9,-34.557793,150.859493,62,0,2,0,3,0,0,0,2,2,7,70,2,1259,5151,8,10,40,1,0,0,1,0
1279431,1,2021,2021,2,1,5,1,31,41,34609,0,1,9,-33.898553,151.18809,69,0,2,1,3,0,0,0,2,0,7,50,0,1282,1282,1,5,27,2,0,0,0,1
1279434,2,2021,2021,2,0,6,13,31,66,34609,0,1,10,-33.717673,150.92105,7,0,2,1,3,0,0,0,2,2,7,60,0,301,301,4,5,0,2,0,0,1,0
1279439,1,2022,2022,4,3,6,866,17,149,793,0,1,10,-33.817644,150.962465,21,0,2,1,3,0,0,0,2,2,7,70,2,926,926,4,5,5,2,0,0,0,1
1279440,1,2022,2022,4,5,7,3371,17,4,3342,0,1,2,-33.135413,151.610574,37,0,2,0,3,0,0,0,2,0,7,90,2,14295,14295,3,5,13,2,0,0,0,1
1279442,1,2021,2021,2,2,5,2,27,11,34609,0,1,1,-28.631506,153.504377,10,1,0,0,3,0,0,0,2,0,7,100,0,3775,3775,0,0,19,2,0,0,0,1
1279456,4,2021,2021,9,1,7,1,31,30,34609,0,1,1,-30.096138,145.947476,51,2,1,1,3,0,0,0,2,0,7,50,0,5929,5929,1,5,36,2,0,1,0,0
1279457,1,2021,2021,10,1,4,9,10,16,34609,0,1,9,-33.982911,151.020893,68,0,2,0,1,0,0,0,2,0,7,50,0,941,941,1,9,27,2,0,0,0,1
1279458,1,2022,2022,4,3,4,229,14,98,237,0,1,3,-33.757862,151.054858,54,0,2,1,1,0,0,0,2,0,7,100,2,1282,1282,1,22,40,2,0,0,0,1
1279461,1,2021,2021,2,6,8,143,31,460,34609,0,1,1,-33.8358,150.9835,21,0,2,1,1,0,0,0,2,0,7,50,0,248,248,1,5,5,2,0,0,0,1
1279462,2,2021,2021,2,3,8,348,17,4,232,0,1,1,-32.505236,149.514516,44,1,0,1,0,0,0,0,2,0,7,100,2,3775,3775,0,10,41,3,0,0,1,0
1279465,2,2021,2021,2,4,6,500,27,198,799,0,1,1,-33.915648,151.110681,15,0,2,1,0,0,0,0,2,0,7,60,2,9859,9859,8,5,40,3,0,0,3,0
1279472,1,2021,2021,2,6,8,1,1,10,34609,0,1,1,-35.416795,149.237445,58,2,1,0,0,0,0,0,2,0,7,50,0,1957,4009,1,0,5,2,0,0,0,1
1279474,2,2021,2021,2,6,10,2209,17,88,2205,0,1,9,-33.991061,151.113696,25,0,2,1,2,0,0,0,0,3,7,70,2,3775,3775,0,5,5,2,0,0,2,0
1279476,1,2021,2021,9,6,7,916,17,105,917,0,1,1,-32.706689,151.496934,42,2,1,1,0,0,0,0,2,0,7,80,2,941,941,1,5,13,2,0,0,0,2
1279479,2,2021,2021,2,0,8,7,10,63,34609,0,1,1,-33.248246,151.505992,16,2,2,0,1,0,0,0,2,0,7,50,0,4552,5151,1,10,5,2,0,0,1,0
1279486,4,2021,2021,9,1,8,18,27,24,34609,0,1,1,-32.454407,152.124088,43,1,0,0,0,0,0,0,2,0,7,100,0,4552,5151,8,0,40,1,0,1,0,0
1279489,4,2021,2021,9,1,9,11,2,30,34609,0,1,2,-32.758533,151.635382,42,2,1,0,0,0,0,0,2,0,7,50,0,4552,5151,8,16,40,1,0,1,0,0
1279491,4,2021,2021,9,2,5,1,27,15,34609,0,1,1,-31.207036,150.293174,51,1,0,1,0,1,2,6,2,0,7,100,0,9859,9859,8,16,40,1,0,1,0,0
1279492,2,2021,2021,10,4,8,2209,17,77,2205,0,1,2,-33.924715,151.160754,32,0,2,1,1,0,0,0,2,0,7,60,2,5929,5929,1,19,36,2,0,0,1,0
1279494,1,2021,2021,2,6,6,3371,17,100,3342,0,1,10,-33.805458,151.179265,77,0,2,1,1,0,0,3,2,2,7,60,2,5929,5929,1,5,5,2,0,0,0,1
1279496,2,2021,2021,2,4,10,478,17,35,480,0,1,7,-33.268949,151.560478,16,2,2,1,2,0,0,0,0,0,0,60,2,6545,6545,4,33,5,2,0,0,1,0
1279500,2,2021,2021,2,2,8,334,17,84,308,0,1,2,-31.09933,150.901118,70,2,1,1,1,0,0,0,2,0,7,60,2,14295,14295,3,10,0,2,0,0,1,0
1279501,2,2021,2021,9,2,8,3,1,6,34609,1,0,10,-33.226511,151.547965,16,2,2,0,1,0,3,3,2,0,15,50,0,6545,6545,4,5,22,2,0,0,3,0
1279502,4,2021,2021,2,5,6,24,27,70,24,0,1,1,-34.852717,150.620109,63,2,1,1,0,0,0,0,2,0,7,40,1,14295,14295,3,5,5,4,0,1,0,0
1279503,4,2021,2021,9,6,6,283,27,129,702,0,1,2,-33.933398,151.073347,15,0,2,1,1,0,0,0,2,0,7,60,2,9859,9859,8,5,40,1,0,1,0,0
1279504,2,2021,2021,9,1,9,24,27,77,52,1,0,1,-33.92139,151.159473,32,0,2,1,0,0,0,0,3,0,7,50,1,1945,1945,5,16,40,1,0,0,1,0
1279508,4,2021,2021,2,0,5,114,27,34,228,0,1,1,-33.481113,150.956001,71,0,2,0,0,0,0,0,2,0,7,80,2,782,957,5,16,40,1,0,1,0,0
1279510,4,2021,2021,9,1,10,11,1,234,34609,0,1,1,-34.277805,146.069004,28,2,1,1,2,0,0,0,0,0,7,50,0,1945,1945,5,16,40,1,0,1,0,0
1279511,4,2021,2021,9,4,9,18,27,58,34609,0,1,1,-34.046635,151.132719,68,0,2,1,1,0,0,0,2,0,7,50,0,941,941,1,5,27,2,0,1,0,0
1279512,1,2021,2021,2,4,4,36,31,363,31,0,1,10,-33.818648,151.016907,54,0,2,1,3,0,0,0,2,2,7,60,1,6545,6545,4,5,0,2,0,0,0,1
1279513,2,2021,2021,2,4,10,42,27,134,30,0,1,10,-33.893723,151.249505,76,0,2,1,3,0,3,4,0,2,7,50,1,5929,5929,1,5,5,2,0,0,1,0
1279514,1,2021,2021,9,6,6,3371,17,43,3342,0,1,9,-33.215996,151.509137,16,2,2,1,3,0,0,0,2,0,0,70,2,14295,14295,3,5,5,2,0,0,0,1
1279515,1,2021,2021,2,0,4,103,36,2,157,0,1,1,-29.210549,152.990563,60,1,0,0,3,0,0,0,2,0,7,100,2,4552,5151,8,30,40,1,0,0,0,1
1279516,1,2021,2021,9,5,7,115,27,81,114,0,1,1,-33.888366,151.260633,81,0,2,1,3,0,3,4,2,0,7,50,2,1192,1192,1,5,19,2,0,0,0,1
1279518,4,2021,2021,2,5,8,191,17,8,189,0,1,1,-32.185778,148.934758,22,1,0,0,0,0,0,0,2,0,7,100,2,1957,4009,8,0,40,1,0,1,0,0
1279521,2,2021,2021,2,1,7,2209,17,23,2205,0,1,9,-35.636645,150.244837,23,1,0,1,0,0,0,0,2,0,7,100,2,4552,985,8,5,40,1,0,0,1,0
1279522,4,2021,2021,2,4,6,512,17,53,441,0,1,10,-32.23665,148.247248,51,2,1,1,0,0,0,0,2,0,0,50,2,6545,6545,4,0,19,2,0,1,0,0
1279530,1,2021,2021,2,2,5,108,31,363,34609,0,1,1,-33.755881,150.692674,55,0,2,1,3,0,0,0,2,0,7,50,0,14295,14295,3,0,5,5,0,0,0,1
1279535,4,2021,2021,2,2,5,24,27,57,36,0,1,1,-33.594279,150.970936,71,0,2,0,3,0,0,0,2,0,7,70,1,1957,4009,8,5,40,1,0,1,0,0
1279536,2,2021,2021,11,1,5,3371,17,90,3342,0,1,6,-28.251361,153.530766,72,1,0,1,1,0,0,0,2,0,7,110,2,14295,14295,3,5,12,2,0,0,1,0
1279539,1,2021,2021,2,4,5,26,27,111,34609,0,1,10,-33.700472,150.857519,7,0,2,1,3,0,3,3,2,0,15,60,0,6545,6545,4,5,0,2,0,0,0,1
1279540,2,2021,2021,2,5,5,230,27,173,284,0,1,2,-33.781699,151.113778,61,0,2,1,3,0,0,0,2,0,7,70,2,14295,14295,3,10,5,2,0,0,2,0
1279545,4,2021,2021,9,3,5,11,31,228,143,0,1,9,-34.750661,149.72009,26,2,1,1,1,0,0,0,2,0,7,50,2,5929,5929,1,30,41,2,0,1,1,0
1279546,4,2021,2021,10,4,8,37,31,80,19,0,1,1,-33.879313,151.171644,32,0,2,1,1,0,0,0,2,0,7,50,2,1383,1383,1,0,19,2,0,1,0,0
1279547,2,2021,2021,2,5,4,4,27,8,34609,0,1,1,-32.927072,151.128302,17,2,1,0,0,0,0,0,2,0,7,80,0,4552,5151,8,16,40,1,0,0,1,0
1279549,4,2021,2021,2,3,0,512,17,562,441,0,1,9,-32.254199,148.608197,22,2,1,1,2,0,3,4,0,0,0,60,2,9859,9859,8,30,40,1,0,1,0,0
1279550,4,2021,2021,9,4,5,2126,17,26,2149,0,1,9,-33.702007,150.58136,8,2,2,0,1,0,3,4,2,0,15,80,2,2852,2852,4,5,1,2,0,1,0,0
1279552,2,2021,2021,9,5,8,195,27,54,186,0,1,2,-33.879685,150.86659,24,0,2,1,0,0,0,0,2,0,7,70,2,3775,3775,0,5,5,2,0,0,1,0
1279553,4,2021,2021,10,3,7,2209,17,157,2205,0,1,2,-34.010453,151.095269,68,0,2,0,1,0,3,4,2,0,7,70,2,4552,5151,8,16,40,1,0,1,0,0
1279554,2,2021,2021,9,6,11,9,27,87,100,0,1,1,-34.473212,150.420131,78,2,1,0,2,0,3,4,0,0,7,50,2,4552,5151,8,0,40,1,0,0,1,0
1279555,1,2021,2021,2,0,11,118,27,646,118,0,1,10,-33.9132,151.034851,15,0,2,1,3,0,0,0,0,2,7,60,1,6545,6545,4,0,36,2,0,0,0,1
1279557,4,2021,2021,9,6,9,192,10,84,114,0,1,7,-33.468002,151.383667,16,2,2,1,1,0,0,0,2,0,0,60,2,6545,6545,4,5,19,2,0,1,0,0
1279558,2,2021,2021,2,0,3,157,17,4,158,0,1,1,-33.499896,149.377091,3,2,1,0,0,0,0,0,2,0,7,80,2,782,957,5,10,40,1,0,0,1,0
1279560,2,2021,2021,9,2,10,56,31,70,34609,0,1,9,-33.437309,151.356277,16,2,2,1,2,0,3,4,0,3,7,50,0,4026,4026,8,0,40,1,0,0,1,0
1279562,2,2021,2021,1,6,9,478,17,78,480,0,1,9,-33.418426,151.445709,16,2,2,0,2,0,0,0,0,2,7,60,2,782,957,5,5,40,1,0,0,1,0
1279565,2,2021,2021,5,5,11,3371,17,5,3342,0,1,2,-29.654868,153.134677,18,1,0,1,0,0,0,0,0,0,7,110,2,14295,14295,3,29,35,2,0,0,1,0
1279568,2,2021,2021,9,0,7,84,27,169,769,0,1,1,-33.594366,150.741718,29,2,2,1,1,0,3,4,2,0,7,80,2,14295,14295,3,5,13,3,0,0,1,0
1279569,4,2021,2021,9,1,8,115,27,55,114,0,1,9,-33.861093,151.278257,81,0,2,0,0,0,0,0,2,0,0,50,2,1669,1669,3,5,5,2,0,1,0,0
1279570,1,2021,2021,2,6,5,3371,17,100,3342,0,1,10,-33.805458,151.179265,38,0,2,1,2,0,0,0,2,2,7,60,2,1669,1669,3,0,13,2,0,0,0,1
1279571,4,2021,2021,9,4,5,40,31,90,34609,0,1,10,-32.925534,151.748988,48,0,2,1,0,0,0,0,2,0,15,50,0,6545,6545,4,5,13,2,0,2,1,1
1279572,4,2021,2021,2,6,2,1052,14,83,928,0,1,3,-33.503146,151.189471,16,1,2,0,0,0,3,3,1,0,7,90,2,4552,5151,8,9,40,1,0,1,1,0
1279575,4,2021,2021,9,5,2,9,27,18,34609,0,1,1,-32.80013,151.471096,17,2,1,1,0,0,0,0,1,0,7,70,0,9859,9859,8,30,40,1,0,1,0,0
1279577,4,2021,2021,9,5,8,11,27,54,34609,0,1,7,-33.706858,151.006252,71,0,2,0,1,0,0,0,2,0,7,50,0,4552,5151,8,0,40,1,0,1,0,0
1279578,2,2021,2021,11,5,2,103,27,17,256,0,1,1,-34.149158,150.791335,13,0,2,1,0,0,0,0,1,0,7,80,2,9859,9859,8,0,40,1,0,0,1,0
1279580,2,2021,2021,2,0,6,255,27,37,62,0,1,10,-32.805467,151.507531,17,2,1,1,0,0,0,0,2,0,0,60,2,1669,1669,3,10,5,3,0,0,3,0
1279582,1,2021,2021,2,0,3,37,31,337,217,0,1,2,-33.732932,151.006779,71,0,2,1,1,0,0,0,2,0,7,60,2,368,368,9,5,28,2,0,0,0,1
1279584,2,2021,2021,2,5,8,14,27,6,34609,0,1,1,-35.082856,147.406296,75,2,1,1,3,0,0,0,2,0,7,80,0,475,475,5,21,40,1,0,0,1,0
1279594,4,2021,2021,2,4,0,2,27,61,34609,0,1,1,-32.920819,151.73296,48,0,2,0,2,0,0,0,0,0,7,50,0,4552,5151,8,16,40,1,0,1,0,0
1279599,1,2021,2021,2,0,6,175,27,55,220,0,1,10,-33.747706,150.916266,7,0,2,1,3,0,0,0,2,2,7,70,2,14295,14295,3,5,5,2,0,0,0,1
1279600,2,2021,2021,2,1,6,866,17,98,793,0,1,10,-33.739535,151.068654,31,0,2,1,3,0,0,0,2,2,7,70,2,1192,1192,1,3,5,2,0,0,1,1
1279601,1,2021,2021,2,4,6,4,27,43,34609,0,1,1,-33.582673,150.883967,29,2,2,0,3,0,3,3,2,0,7,70,0,1259,5151,8,10,40,1,0,0,0,1
1279604,2,2021,2021,2,5,9,1104,11,532,770,0,1,2,-33.873809,151.202539,69,0,2,1,3,0,0,0,3,0,7,50,2,1383,1383,1,5,19,2,0,0,1,0
1279607,2,2021,2021,2,6,5,35,27,304,37,0,1,1,-33.907455,151.144765,32,0,2,1,0,0,0,0,2,0,7,50,1,1981,1981,4,33,27,2,0,0,1,0
1279608,4,2021,2021,2,2,6,16,27,271,34609,1,0,1,-33.945555,151.018693,15,0,2,1,1,0,0,0,2,0,7,50,0,1981,1981,4,5,0,2,0,1,0,0
1279610,4,2021,2021,2,3,6,48,10,463,52,0,1,7,-30.303284,153.123663,19,2,1,1,1,0,0,0,2,0,0,60,1,186,186,9,22,26,2,0,1,0,1
1279611,1,2021,2021,2,3,4,97,17,61,88,0,1,2,-35.20378,149.206419,58,1,0,1,0,0,0,0,2,0,7,110,2,1383,1383,1,5,27,3,0,0,0,2
1279612,2,2021,2021,2,6,4,4,27,9,34609,0,1,1,-28.590749,153.447918,10,2,1,0,0,0,0,3,2,0,7,60,0,4552,5151,8,5,40,1,0,0,1,0
1279613,2,2021,2021,2,2,1,1,7,23,34609,1,0,1,-31.503004,145.827288,51,2,1,1,2,0,0,0,0,0,7,50,0,9859,9859,1,5,5,3,0,0,2,1
1279616,2,2021,2021,2,2,7,133,10,316,121,0,1,1,-31.438201,152.900772,56,2,1,1,1,0,0,0,2,0,7,50,1,4026,4026,8,5,40,1,0,0,1,0
1279617,2,2021,2021,2,0,6,2126,17,60,2149,0,1,1,-33.663859,150.278304,8,2,2,0,0,0,0,0,2,0,7,80,2,2585,4009,8,0,40,1,0,0,1,0
1279618,4,2021,2021,2,3,7,32,10,27,34609,1,0,1,-32.766039,151.609696,42,2,1,1,1,0,0,0,2,0,7,50,0,1981,1981,4,5,19,2,0,1,0,0
1279620,4,2021,2021,10,6,11,866,17,110,793,0,1,9,-33.748074,151.04983,71,0,2,0,2,0,0,0,0,2,7,70,2,5929,5929,1,5,5,2,0,1,0,0
1279622,4,2021,2021,9,0,8,12,31,41,19,0,1,9,-31.093074,150.898164,70,2,1,1,0,0,3,3,2,0,7,60,1,5929,5929,1,29,13,2,0,1,0,0
1279624,2,2021,2021,10,2,10,2,36,19,34609,0,1,1,-31.465827,152.82585,56,2,1,1,2,0,3,4,0,0,7,50,0,1282,1282,1,30,0,3,0,0,1,0