Crash ID,Degree of crash - detailed,Reporting year,Year of crash,Month of crash,Day of week of crash,Two-hour intervals,Street of crash,Street type,Town,Route no.,School zone location,School zone active,Type of location,Latitude,Longitude,LGA,Urbanisation,Conurbation 1,Alignment,Street lighting,Road surface,Surface condition,Weather,Natural lighting,Signals operation,Other traffic control,Speed limit,Road classification,RUM - code,DCA - code,First impact type,Key TU type,Other TU type,No. of traffic units involved,No. killed,No. seriously injured,No. moderately injured,No. minor-other injured
1279625,2,2021,2021,2,3,8,63,17,207,63,0,1,7,-31.961537,141.462562,51,2,1,1,0,0,0,0,2,0,0,50,2,6545,6545,4,5,0,2,0,0,1,1
1279626,1,2021,2021,2,1,8,2209,17,24,2205,0,1,1,-36.215998,150.12652,23,2,1,1,0,0,0,0,2,0,7,50,2,1669,1669,3,10,0,2,0,0,0,2
1279631,2,2021,2021,9,4,10,57,31,80,30,0,1,10,-33.878094,151.207429,69,0,2,1,2,0,3,4,0,2,7,40,1,1259,985,8,0,40,1,0,0,1,0
1279632,4,2021,2021,10,6,9,112,17,5,112,0,1,1,-31.567691,146.977091,51,1,0,1,0,0,0,0,0,0,7,110,2,3775,3775,0,9,13,2,0,1,0,1
1279633,4,2021,2021,9,4,6,2,31,41,34609,1,0,1,-30.35727,153.082659,19,2,1,1,0,0,0,0,2,0,7,50,0,1282,1282,1,8,21,2,0,1,0,0
1279634,2,2021,2021,2,6,5,137,31,98,34609,0,1,7,-30.985005,150.249058,51,2,1,1,0,0,0,0,2,0,0,50,0,6545,6545,4,0,5,2,0,0,2,0
1279635,4,2021,2021,9,5,4,19,27,18,34609,0,1,10,-34.052328,151.13606,68,0,2,1,1,0,0,0,2,0,15,50,0,5929,5929,1,21,27,2,0,1,0,0
1279636,2,2021,2021,9,6,4,40,27,122,45,1,2,9,-33.418697,151.341125,16,2,2,1,1,0,0,0,2,0,0,40,1,2852,2852,4,0,0,2,0,0,2,0
1279638,4,2021,2021,2,5,9,4,27,18,34609,0,1,1,-31.163741,150.978599,70,1,0,1,0,2,0,0,2,0,7,100,0,4026,4026,8,10,40,1,0,1,0,0
1279639,2,2021,2021,2,5,8,916,17,12,917,0,1,1,-32.652256,151.265329,64,2,1,1,1,0,0,0,2,0,7,80,2,3775,3775,0,0,5,3,0,0,1,0
1279640,4,2021,2021,2,3,9,8,27,6,34609,0,1,1,-32.370982,151.550022,51,2,1,0,0,0,0,0,3,0,7,80,0,1259,5151,8,0,40,1,0,1,0,0
1279641,2,2021,2021,2,1,5,118,17,20,118,0,1,1,-30.193925,149.544011,51,1,0,1,0,0,0,0,2,0,7,100,2,3775,3775,0,0,12,2,0,0,1,0
1279644,4,2021,2021,10,0,5,46,27,4,43,0,1,9,-35.774981,146.777027,27,1,0,1,0,0,0,0,2,0,0,100,1,1089,1089,7,16,40,1,0,1,0,0
1279648,4,2021,2021,2,6,7,18,31,75,34609,0,1,1,-33.716889,150.365018,8,2,2,1,1,0,0,0,2,0,7,50,0,1282,1282,1,0,40,1,0,1,0,0
1279651,4,2021,2021,2,1,8,3,27,16,34609,0,1,1,-30.427934,152.740039,6,1,0,0,0,0,0,6,2,0,7,100,0,2585,4009,8,16,40,1,0,1,0,0
1279653,1,2021,2021,2,6,9,13,31,128,34609,0,1,10,-33.425053,151.328918,16,2,2,1,1,0,0,0,2,0,0,50,0,1945,1945,5,16,40,1,0,0,0,1
1279655,2,2021,2021,2,5,9,2261,17,284,2252,0,1,9,-33.905037,151.010147,15,0,2,1,3,0,0,0,2,0,0,70,2,515,515,1,0,5,2,0,0,1,0
1279659,2,2021,2021,9,4,5,77,31,562,34609,0,1,10,-32.240006,148.612692,22,2,1,1,1,0,3,0,2,0,0,50,0,4026,4026,8,5,40,1,0,0,1,0
1279662,2,2021,2021,9,6,7,128,27,61,133,0,1,9,-33.834496,150.652641,55,0,2,1,1,0,0,0,2,0,7,60,2,1945,1945,5,16,40,1,0,0,1,0
1279663,4,2021,2021,10,5,7,103,27,149,167,0,1,2,-34.007736,151.127704,4,0,2,1,1,0,0,0,2,0,7,80,2,204,204,1,5,41,2,0,1,1,0
1279665,2,2021,2021,2,2,10,25,1,55,34609,0,1,9,-33.939191,150.901001,41,0,2,1,0,0,0,0,0,0,7,50,0,591,591,1,22,5,2,0,0,1,0
1279666,1,2021,2021,2,6,6,5,27,29,34609,0,1,1,-33.466888,151.422566,16,2,2,0,0,0,2,6,2,0,7,50,0,2585,4009,1,0,5,2,0,0,0,1
1279667,2,2022,2022,4,5,5,2261,17,11,2252,0,1,2,-34.843745,148.300218,30,1,0,0,3,0,3,0,2,0,7,110,2,1089,1089,7,5,40,1,0,0,1,0
1279668,2,2021,2021,2,0,10,2126,17,179,2149,0,1,2,-33.762098,150.734455,55,0,2,1,3,0,3,0,0,0,7,60,2,14295,14295,3,5,5,2,0,0,1,0
1279674,4,2021,2021,9,4,5,47,27,293,69,0,1,10,-33.94193,151.241558,59,0,2,1,1,0,3,4,2,2,9,50,1,1220,1220,9,5,28,3,0,1,0,0
1279678,2,2022,2022,4,5,8,2,27,2,34609,0,1,1,-35.352382,146.703575,51,1,0,1,3,2,0,0,2,0,7,100,0,9859,9859,1,10,35,2,0,0,1,0
1279679,1,2021,2021,2,6,7,154,27,293,244,0,1,10,-33.92379,151.057388,15,0,2,1,3,0,0,0,2,2,7,60,2,14295,14295,3,5,0,3,0,0,0,2
1279680,1,2021,2021,2,5,6,84,10,51,80,0,1,7,-34.203125,150.967449,80,0,2,1,1,0,0,0,2,0,0,70,2,6545,6545,4,9,27,2,0,0,0,1
1279684,1,2021,2021,2,1,10,2261,17,204,2252,0,1,10,-33.902526,150.943872,24,0,2,1,3,0,0,0,0,0,7,70,2,14295,14295,3,0,5,2,0,0,0,1
1279685,1,2021,2021,2,5,7,478,17,128,480,0,1,9,-33.427207,151.329651,16,2,2,1,3,0,0,0,2,0,0,70,2,2852,2852,4,5,5,2,0,0,0,1
1279687,2,2021,2021,2,3,7,78,31,111,62,0,1,2,-33.705418,150.849098,7,0,2,1,3,0,0,0,2,0,7,70,2,623,623,3,0,5,2,0,0,1,0
1279690,2,2021,2021,2,4,5,15,27,73,14,0,1,9,-33.730413,150.697295,55,0,2,1,3,0,3,3,2,0,0,70,1,2852,2852,4,0,36,2,0,0,1,0
1279691,4,2021,2021,2,1,5,109,27,100,105,1,0,9,-33.893297,150.891959,24,0,2,1,3,0,0,0,2,2,7,60,2,5929,5929,1,5,5,2,0,1,0,0
1279692,2,2021,2021,2,6,6,132,31,252,126,0,1,9,-33.891666,151.213618,69,0,2,1,3,0,0,0,2,0,7,50,2,14295,14295,3,5,5,3,0,0,1,1
1279693,2,2021,2021,2,5,7,17,31,117,34609,0,1,9,-28.175559,153.540241,72,2,1,1,3,0,0,0,2,0,0,50,0,5929,5929,1,5,5,2,0,0,1,0
1279700,4,2021,2021,2,0,6,2261,17,284,2252,0,1,9,-33.907107,151.022365,15,0,2,0,0,0,0,0,2,0,0,60,2,1383,1383,1,22,5,2,0,1,0,0
1279703,4,2021,2021,2,2,9,5,27,35,34609,0,1,1,-30.457015,152.922611,6,2,1,0,0,0,0,0,2,0,7,60,0,380,714,5,16,40,1,0,1,0,0
1279705,4,2021,2021,2,1,9,97,27,166,799,0,1,2,-33.931984,150.999554,15,0,2,1,0,0,0,0,3,0,7,70,2,1383,1383,1,5,5,4,0,1,0,0
1279706,4,2021,2021,2,5,6,168,10,387,260,0,1,2,-33.946033,151.18147,4,0,2,1,0,0,0,0,2,0,7,70,2,9859,9859,8,5,40,1,0,1,0,0
1279707,2,2021,2021,2,4,6,2,27,2,34609,0,1,1,-34.350753,145.736579,51,1,0,1,3,2,0,0,2,0,7,100,0,945,945,5,0,40,1,0,0,1,0
1279708,1,2021,2020,9,1,4,12,10,65,34609,1,2,7,-36.041018,146.980915,0,2,1,1,3,0,0,0,2,0,0,40,0,14295,14295,3,5,12,2,0,0,0,1
1279710,2,2021,2021,9,6,4,39,27,646,563,1,2,1,-33.905983,151.036077,15,0,2,1,0,0,0,0,2,0,7,40,2,238,238,9,0,28,2,0,0,1,0
1279712,2,2021,2021,2,6,7,4,27,1,3,0,1,1,-34.977385,148.623129,82,2,1,0,3,0,0,0,2,0,7,60,1,4552,5151,8,5,40,1,0,0,1,0
1279714,2,2021,2021,2,2,8,20,31,91,34609,1,0,1,-33.963045,151.088424,25,0,2,1,0,0,0,0,2,0,7,50,0,312,312,2,33,40,1,0,0,1,0
1279717,4,2021,2021,2,6,5,39,31,193,145,0,1,10,-33.794978,151.071879,61,0,2,1,0,0,0,3,2,0,15,60,2,6545,6545,4,5,0,2,0,1,0,0
1279718,2,2021,2021,9,4,10,4,27,445,34609,0,1,7,-33.871395,151.03595,21,0,2,1,2,0,3,4,0,0,0,50,0,6545,6545,4,5,5,3,0,0,1,0
1279719,2,2021,2021,2,1,3,348,17,12,232,0,1,10,-32.612579,149.604688,44,2,1,1,1,0,0,0,2,0,0,50,2,6545,6545,4,0,35,2,0,0,1,0
1279721,4,2021,2021,2,2,10,35,27,29,19,0,1,1,-34.06948,150.583983,79,1,2,0,0,0,0,0,0,0,7,100,1,3775,3775,0,21,5,2,0,2,0,0
1279724,4,2021,2021,2,2,9,157,17,6,158,0,1,1,-33.438034,149.521922,3,1,0,0,0,0,0,0,2,0,7,100,2,4552,5151,8,5,40,1,0,1,0,0
1279725,2,2021,2021,9,6,4,78,17,39,75,0,1,8,-33.846693,151.212533,49,0,2,1,1,0,0,0,2,0,7,80,2,1383,1383,1,16,5,3,0,0,1,0
1279726,2,2021,2021,2,0,1,27,27,251,136,0,1,10,-33.768324,150.942794,7,0,2,0,2,0,3,4,0,2,7,60,2,1850,1463,5,16,40,1,0,0,1,0
1279727,4,2021,2021,2,3,6,135,17,12,136,0,1,9,-36.019992,146.771057,27,1,0,1,0,0,3,4,2,0,0,100,2,775,775,4,5,5,2,0,2,0,0
1279729,2,2021,2021,2,4,6,866,17,98,793,0,1,2,-33.736971,151.074486,31,0,2,1,1,0,0,0,2,0,7,70,2,238,238,9,0,28,2,0,0,1,0
1279730,2,2021,2021,2,5,9,13,27,9,34609,0,1,1,-30.968047,152.981975,34,2,1,1,0,0,3,0,3,0,7,80,0,3775,3775,0,0,0,2,0,0,1,0
1279733,2,2021,2021,9,3,0,330,23,293,112,0,1,10,-33.934752,151.237966,59,0,2,1,2,0,3,4,0,2,7,50,2,6545,6545,4,9,5,2,0,0,4,0
1279734,1,2021,2021,2,4,5,161,17,39,161,0,1,9,-35.360947,148.257001,66,1,0,1,0,0,0,0,2,0,7,100,2,1850,985,5,16,40,1,0,0,0,1
1279736,4,2021,2021,2,3,7,225,27,304,140,0,1,10,-33.916522,151.149496,32,0,2,1,1,0,0,0,2,0,15,50,1,5929,5929,1,5,18,2,0,1,0,0
1279740,4,2021,2021,9,6,4,60,27,239,167,1,2,2,-34.034051,151.118886,68,0,2,1,0,0,0,0,2,0,7,40,2,9859,9859,8,0,40,1,0,1,0,0
1279741,1,2021,2021,9,4,7,78,17,23,58,0,1,1,-35.047237,149.023405,82,1,0,0,0,0,3,4,2,0,7,100,2,380,714,5,10,40,1,0,0,0,1
1279742,4,2021,2021,2,4,11,6,7,433,34609,0,1,1,-33.303315,149.110416,52,2,1,0,2,0,0,0,0,0,7,50,0,2585,4009,8,16,40,1,0,1,0,0
1279744,2,2021,2021,2,4,4,3,31,433,34609,0,1,10,-33.283024,149.110477,52,2,1,1,1,0,0,0,2,0,0,50,0,6545,6545,4,5,13,2,0,0,2,0
1279748,4,2021,2021,2,6,7,10,23,67,34609,0,1,9,-33.699168,150.909024,7,0,2,1,1,0,0,3,2,0,7,50,0,186,186,9,9,28,2,0,1,0,0
1279751,2,2021,2021,2,2,6,171,1,387,104,0,1,9,-33.934378,151.195862,4,0,2,1,1,0,0,0,2,0,2,60,2,2852,2852,4,0,18,2,0,0,1,0
1279757,4,2021,2021,2,1,8,283,27,253,702,0,1,9,-33.965683,151.094594,25,0,2,1,1,0,0,0,2,2,7,60,2,14295,14295,3,30,0,2,0,1,0,0
1279759,2,2021,2021,2,0,9,15,31,460,34609,0,1,10,-33.830776,150.984112,21,0,2,1,0,0,0,0,2,0,15,50,0,6545,6545,4,5,0,3,0,0,1,0
1279760,2,2022,2022,4,3,4,2209,17,76,2205,0,1,10,-35.360407,150.473662,63,2,1,1,1,0,0,0,2,0,15,50,2,5929,5929,1,10,27,2,0,0,1,0
1279763,1,2021,2021,2,5,8,251,14,139,124,0,1,3,-33.835154,151.210966,49,0,2,1,3,0,3,4,2,0,7,80,2,14295,14295,3,10,0,2,0,0,0,1
1279765,1,2021,2021,2,0,3,220,27,104,222,0,1,2,-33.728572,150.941319,7,0,2,1,3,0,0,0,2,0,7,80,2,14295,14295,3,5,5,2,0,0,0,1
1279770,1,2022,2022,4,5,7,42,25,323,34609,0,1,7,-33.759686,150.99185,71,0,2,0,1,0,0,0,2,0,0,50,0,380,714,5,5,40,1,0,0,0,1
1279773,1,2021,2021,2,6,3,2,27,52,34609,0,1,1,-33.706422,150.916776,7,0,2,1,3,0,0,0,2,0,7,50,0,3775,3775,0,5,5,2,0,0,0,1
1279782,1,2021,2021,2,4,3,109,27,61,105,0,1,9,-33.895588,150.908617,24,0,2,1,3,0,0,0,4,0,15,60,2,5929,5929,1,10,5,2,0,0,0,1
1279785,2,2021,2021,2,1,3,29,1,84,35,0,1,1,-33.809323,150.989567,21,0,2,1,3,0,0,0,1,0,7,50,2,1981,1981,4,5,5,2,0,0,1,0
1279787,1,2021,2021,2,2,4,2261,17,112,2252,0,1,9,-33.91141,150.93817,41,0,2,1,3,0,0,0,2,2,7,70,2,1109,397,1,5,5,2,0,0,0,3
1279790,4,2021,2021,9,0,7,36,27,2,39,0,1,1,-32.394442,149.440309,44,1,0,1,0,0,0,3,2,0,7,100,2,14295,14295,3,0,5,3,0,1,0,0
1279791,4,2021,2021,10,4,3,361,31,36,34609,0,1,9,-32.963107,151.601446,37,0,2,1,1,0,0,0,2,0,0,50,0,2585,777,8,8,40,1,0,1,0,0
1279795,1,2021,2021,2,0,6,296,27,460,293,1,0,9,-33.84772,150.997446,21,0,2,1,3,0,0,0,2,0,7,70,2,14295,14295,3,5,5,2,0,0,0,1
1279799,4,2021,2021,9,1,3,22,22,532,22,0,1,3,-33.861162,151.213719,69,0,2,1,2,0,0,3,2,0,7,80,2,14295,14295,3,16,13,2,0,1,0,0
1279801,4,2021,2021,9,4,5,22,27,12,147,0,1,1,-28.718207,153.592684,10,2,1,0,0,0,3,4,2,0,7,80,1,418,714,5,9,40,1,0,1,0,0
1279804,1,2021,2021,9,1,10,153,27,290,147,0,1,10,-33.949244,151.114593,4,0,2,1,2,0,0,0,0,2,7,60,2,6545,6545,4,33,0,2,0,0,0,1
1279807,2,2021,2021,2,5,9,115,27,113,173,0,1,6,-34.366077,150.857253,80,0,2,0,3,0,0,0,0,0,7,80,2,1383,1383,1,16,41,2,0,0,1,0
1279810,2,2021,2021,2,0,7,7,27,1,34609,0,1,1,-36.917032,149.84099,5,2,1,1,3,0,0,0,2,0,7,50,0,14295,14295,3,21,0,2,0,0,1,0
1279820,1,2021,2021,2,6,3,866,17,77,793,0,1,9,-33.730782,151.081153,31,0,2,1,3,0,0,0,1,2,7,70,2,186,186,1,8,5,2,0,0,0,1
1279822,2,2021,2021,2,4,10,61,31,92,45,0,1,9,-33.869633,150.962974,24,0,2,1,3,0,0,0,0,2,7,60,1,9859,9859,8,5,40,1,0,0,1,0
1279823,2,2021,2021,2,6,6,330,23,36,34609,0,1,9,-32.965804,151.607108,37,0,2,1,3,0,0,0,2,0,7,50,0,941,941,1,5,5,2,0,0,1,0
1279824,2,2021,2021,2,4,5,158,27,68,207,0,1,10,-33.87713,151.244873,81,0,2,1,3,0,3,4,2,2,7,60,2,14295,14295,3,15,0,2,0,0,1,0
1279834,1,2021,2021,2,5,8,2261,17,243,2252,0,1,10,-33.943524,150.911074,41,0,2,1,3,0,0,0,2,2,7,70,2,14295,14295,3,10,5,2,0,0,0,1
1279840,2,2021,2021,2,3,0,8,27,33,34609,0,1,1,-33.968316,151.037309,15,0,2,1,2,0,3,4,0,0,7,50,0,9859,9859,1,5,5,3,0,0,1,0
1279841,1,2021,2021,2,6,4,19,27,164,65,0,1,9,-33.718216,150.892516,7,0,2,1,1,0,0,0,2,2,7,60,1,312,312,2,5,40,1,0,0,0,1
1279842,1,2021,2021,2,5,8,137,31,363,34609,0,1,10,-33.815676,151.00143,54,0,2,1,0,0,0,0,2,2,9,40,0,1220,1220,9,0,28,2,0,0,0,1
1279845,4,2021,2021,10,1,2,3371,17,225,3342,0,1,2,-33.792707,151.179968,77,0,2,1,2,0,0,0,1,0,7,60,2,368,368,9,30,28,2,0,1,0,0
1279846,4,2021,2021,9,5,0,104,27,137,140,0,1,10,-33.922923,151.207044,4,0,2,1,2,0,3,4,0,2,7,60,2,9859,9859,8,5,40,1,0,1,0,0
1279848,2,2021,2021,2,0,7,56,27,323,38,0,1,9,-33.76284,150.990186,71,0,2,1,3,0,0,0,2,2,6,60,1,395,395,1,5,5,2,0,0,1,0
1279856,4,2021,2021,9,3,8,21,27,14,15,0,1,1,-32.278804,149.10763,22,1,0,0,0,0,0,0,3,0,7,100,1,1957,4009,8,10,40,1,0,1,0,0
1279858,4,2021,2021,2,4,3,36,27,12,82,0,1,1,-35.34131,147.291538,75,1,0,0,1,0,0,0,2,0,7,100,1,418,714,5,10,40,1,0,1,0,0
1279859,4,2021,2021,10,0,2,20,10,52,34609,0,1,2,-33.961775,150.959448,41,0,2,0,3,1,2,6,1,0,7,50,0,14295,14295,3,5,27,2,0,1,0,0
1279860,2,2021,2021,2,4,5,4,27,1,34609,0,1,1,-36.153737,149.935372,23,1,0,1,0,2,3,4,2,0,7,100,0,945,945,5,8,40,1,0,0,1,0
1279861,2,2021,2021,2,6,7,7,36,11,10,0,1,1,-32.536214,147.815376,53,1,0,1,0,0,0,0,2,0,7,100,1,9859,9859,8,10,40,1,0,0,1,0
1279864,2,2021,2021,2,1,10,162,31,65,122,0,1,10,-34.485386,150.887533,80,0,2,1,2,0,3,4,0,2,7,60,2,6545,6545,4,10,5,2,0,0,1,0
1279865,4,2021,2021,10,2,5,916,17,30,917,0,1,10,-31.074166,151.027815,70,1,0,1,0,0,0,0,2,0,0,100,2,6545,6545,4,9,13,2,0,3,1,1
1279866,2,2021,2021,10,0,8,7,31,59,34609,0,1,1,-34.330975,150.926029,80,0,2,1,1,0,0,0,3,0,7,50,0,238,238,9,30,28,2,0,0,1,0
1279867,4,2021,2021,10,6,8,9,27,21,34609,0,1,1,-32.618679,151.843115,51,1,0,1,0,0,0,3,2,0,7,90,0,83,83,5,5,40,1,0,1,0,0
1279869,2,2021,2021,10,0,3,2209,17,34,2205,0,1,1,-36.990851,149.913714,5,1,0,0,3,0,3,4,1,0,7,100,2,4552,5151,8,5,40,1,0,0,1,0
1279870,2,2021,2021,9,1,3,192,10,84,114,1,0,7,-33.469273,151.392365,16,2,2,1,3,0,0,0,1,0,0,60,2,5929,5929,1,9,5,2,0,0,1,0
1279872,2,2021,2021,9,4,11,2,27,24,26,0,1,1,-35.981964,146.012993,51,2,1,0,2,0,0,0,0,0,7,60,2,4552,5151,8,16,40,1,0,0,1,0
1279873,2,2021,2021,11,6,11,10,27,3,11,0,1,1,-32.35618,148.963711,22,1,0,0,0,0,3,0,0,0,7,100,1,1259,5151,8,5,40,1,0,0,1,0
1279879,4,2021,2021,9,6,6,21,10,74,34609,0,1,2,-34.025269,150.777465,12,0,2,1,1,0,0,0,2,0,2,60,0,1981,1981,4,0,0,2,0,1,0,1
1279881,4,2021,2021,11,0,11,24,36,7,56,0,1,1,-34.538555,147.508747,51,1,0,0,0,0,0,0,0,0,7,100,2,782,957,5,16,40,1,0,1,0,0
1279882,2,2021,2021,2,3,4,34,31,433,34609,0,1,1,-33.275096,149.093605,52,2,1,1,1,0,0,0,2,0,7,50,0,1981,1981,4,0,21,2,0,0,1,0
1279885,2,2022,2022,4,3,3,117,27,72,144,1,0,9,-33.839704,151.088191,14,0,2,1,3,0,0,0,2,2,7,60,2,2852,2852,4,0,0,2,0,0,1,0
1279892,1,2021,2021,2,5,6,334,17,316,308,0,1,2,-31.458726,152.859132,56,1,0,0,3,0,0,0,2,0,7,100,2,1850,1463,5,16,40,1,0,0,0,1
1279895,2,2021,2021,2,4,4,191,27,193,208,0,1,10,-33.786574,151.085189,61,0,2,1,1,0,0,0,2,2,7,60,2,5929,5929,1,5,41,2,0,0,1,0
1279896,2,2021,2021,2,0,3,19,31,445,34609,0,1,1,-33.850075,151.05731,54,0,2,1,0,0,0,0,2,0,7,60,0,5929,5929,1,5,19,3,0,0,1,1
1279897,1,2021,2021,2,3,6,98,27,128,382,0,1,9,-33.633106,150.778528,29,2,2,1,3,0,0,0,2,0,7,80,2,1282,1282,1,0,40,2,0,0,0,1
1279902,4,2021,2021,2,5,11,4,27,2,34609,0,1,1,-28.345809,153.46281,72,2,1,0,0,0,0,0,0,0,7,80,0,4552,5151,8,5,40,1,0,1,0,0
1279904,2,2021,2021,10,0,7,7,31,107,157,0,1,10,-29.670785,152.936236,18,2,1,1,1,0,0,3,2,0,0,50,2,6545,6545,4,5,0,2,0,0,1,0
1279905,2,2021,2021,9,5,7,8,18,278,34609,0,1,1,-33.786274,151.062177,54,0,2,0,0,0,0,0,2,0,7,50,0,4552,5151,1,5,5,4,0,0,1,0
1279909,2,2021,2021,10,2,10,111,27,102,233,0,1,2,-33.973076,151.236313,59,0,2,1,2,0,0,0,0,0,7,60,1,475,475,5,5,40,1,0,0,1,0
1279911,1,2021,2021,9,6,2,481,17,22,483,0,1,1,-28.680375,150.305482,51,1,0,1,0,0,0,0,0,0,7,110,2,9859,9859,8,3,40,1,0,0,0,2
1279913,1,2021,2021,10,6,7,2261,17,243,2252,0,1,2,-33.940175,150.912646,41,0,2,1,0,0,3,4,2,0,7,70,2,1383,1383,1,33,5,2,0,0,0,1
1279914,2,2021,2021,11,0,9,15,31,201,46,0,1,2,-34.887819,150.606078,63,2,1,1,0,0,0,0,0,0,7,60,1,1981,1981,4,10,27,2,0,0,1,0
1279917,1,2021,2021,2,3,1,71,17,43,71,0,1,9,-36.112659,144.755556,51,2,1,1,3,0,3,4,0,0,0,50,2,4552,985,8,5,40,1,0,0,0,1
1279922,1,2021,2021,9,6,4,2261,17,44,2252,0,1,9,-33.899145,150.947481,24,0,2,1,3,0,0,0,2,0,7,70,2,14295,14295,3,5,0,2,0,0,0,1
1279925,2,2021,2021,9,1,7,3371,17,5,3342,0,1,1,-33.131137,151.626818,37,0,2,0,3,0,0,3,2,0,7,90,2,1850,1463,5,16,40,1,0,0,1,0
1279928,2,2021,2021,2,4,4,100,31,363,38,0,1,10,-33.805185,151.002597,54,0,2,1,3,0,0,0,2,0,15,60,1,6545,6545,4,21,5,2,0,0,1,0
1279932,1,2021,2021,10,2,4,112,27,16,769,0,1,1,-33.549634,150.680101,29,2,2,1,3,0,0,0,2,0,7,60,2,14295,14295,3,5,0,2,0,0,0,1
1279933,1,2021,2021,2,3,5,2209,17,144,2205,0,1,9,-34.064768,151.017645,68,0,2,0,3,0,0,0,2,2,7,70,2,1391,1391,1,30,5,2,0,0,0,1
1279936,2,2021,2021,2,0,10,193,27,438,103,0,1,9,-33.863079,151.027679,21,0,2,1,3,0,0,0,0,2,7,60,1,1669,1669,3,10,5,2,0,0,2,0
1279939,1,2021,2021,9,1,7,49,31,30,34609,0,1,2,-33.985319,151.145723,4,0,2,1,3,0,0,0,2,0,7,50,0,144,144,1,9,5,2,0,0,0,1
1279942,2,2021,2021,10,5,8,21,27,7,61,0,1,9,-34.268319,146.093488,28,1,0,1,0,0,0,0,2,0,7,100,1,4026,4026,8,0,40,1,0,0,1,0
1279946,2,2021,2021,2,5,6,71,27,66,34609,0,1,1,-34.492073,150.893492,80,0,2,1,1,0,0,0,2,0,7,50,0,9859,9859,1,0,5,3,0,0,1,0
1279947,2,2021,2021,2,6,4,3,27,8,34609,0,1,1,-31.006341,152.745274,34,2,1,0,0,2,0,0,2,0,7,80,0,4552,5151,8,5,40,1,0,0,1,0
1279948,4,2021,2021,9,2,7,4,31,232,34609,0,1,9,-33.696665,150.930099,71,0,2,1,1,0,0,0,2,0,7,50,0,1109,787,1,5,19,2,0,1,0,0
1279951,2,2021,2021,10,3,5,82,27,12,34,0,1,1,-28.595222,153.063578,51,2,1,0,0,0,0,0,2,0,7,80,1,83,83,5,5,40,1,0,0,1,0
1279953,4,2021,2021,9,5,11,10,27,25,80,0,1,1,-32.99927,151.715485,37,0,2,1,0,0,0,0,0,0,7,80,1,9859,9859,8,5,40,1,0,2,1,0
1279954,2,2021,2021,2,3,6,1052,14,36,928,0,1,3,-33.631927,151.149305,31,0,2,1,3,0,0,0,2,0,7,110,2,14295,14295,3,5,0,2,0,0,1,0
1279956,4,2021,2021,2,3,5,2126,17,65,2149,0,1,2,-33.536175,150.157058,40,2,1,0,0,0,0,3,2,0,7,80,2,2585,4009,8,16,40,1,0,1,0,0
1279959,1,2021,2021,2,1,8,103,36,6,157,0,1,9,-28.680848,153.00024,51,1,0,0,0,0,0,0,2,0,7,100,2,14295,14295,3,10,13,3,0,0,0,1
1279960,2,2021,2021,2,2,10,178,27,189,101,0,1,9,-33.940826,151.054352,15,0,2,1,2,0,0,0,0,0,7,50,1,6545,6545,4,0,5,2,0,0,1,0
1279962,4,2021,2021,2,1,3,83,27,16,72,0,1,1,-28.769485,153.340937,39,2,1,0,0,0,0,0,2,0,7,50,2,1957,4009,8,10,40,1,0,1,0,0
1279963,1,2021,2021,10,4,2,11,31,14,34609,0,1,1,-33.060813,151.650319,37,0,2,1,2,0,0,0,0,0,7,50,0,9859,9859,1,0,3,3,0,0,0,1
1279966,2,2021,2021,2,2,4,8,27,210,34609,0,1,1,-34.022266,151.103521,68,0,2,1,3,0,0,0,2,0,7,50,0,9859,9859,1,0,5,2,0,0,1,0
1279967,1,2021,2021,2,3,4,13,1,129,34609,0,1,9,-33.933189,151.070236,15,0,2,1,3,0,0,0,2,0,0,50,0,623,623,3,30,0,2,0,0,0,1
1279969,1,2021,2021,9,5,8,11,1,646,34609,0,1,1,-33.930999,151.031432,15,0,2,1,3,0,0,0,2,0,7,50,0,1945,1945,5,0,40,1,0,0,0,1
1279971,1,2021,2021,2,0,8,2261,17,64,2252,0,1,2,-33.888233,151.075267,67,0,2,1,3,0,0,3,3,0,7,60,2,1391,1391,1,5,5,2,0,0,0,1
1279972,2,2021,2021,10,4,11,2261,17,140,2252,0,1,10,-33.904791,151.003998,15,0,2,1,3,0,0,0,0,0,0,70,2,5929,5929,1,5,5,2,0,0,1,0
1279980,1,2021,2021,2,3,7,1,27,123,34609,0,1,1,-33.859838,148.630493,51,1,0,1,0,2,0,3,2,0,7,100,0,9859,9859,8,5,40,1,0,0,0,1
1279982,1,2021,2021,2,6,4,19,27,35,105,0,1,1,-33.88842,150.902842,24,0,2,1,1,0,0,0,2,0,7,60,1,9859,9859,1,5,25,2,0,0,0,1
1279987,1,2021,2021,10,4,3,150,27,309,415,0,1,9,-33.803198,151.113785,61,0,2,1,3,0,0,0,1,2,7,70,2,1391,1391,1,0,36,2,0,0,0,1
1279990,2,2021,2021,9,6,6,11,27,69,34609,0,1,1,-28.546732,153.489738,10,2,1,0,1,0,3,4,2,0,7,50,0,4552,5151,1,0,36,2,0,0,1,0
1279991,2,2021,2021,10,1,6,177,31,65,208,0,1,1,-33.858751,150.915281,24,0,2,1,0,0,0,0,2,0,7,60,1,14295,14295,3,5,0,2,0,0,1,0
1279992,4,2021,2021,9,6,8,2126,17,609,2149,0,1,10,-33.79815,150.896996,7,0,2,1,1,0,0,0,2,2,7,80,2,14295,14295,3,10,5,2,0,1,0,0