Crash ID,Degree of crash - detailed,Reporting year,Year of crash,Month of crash,Day of week of crash,Two-hour intervals,Street of crash,Street type,Town,Route no.,School zone location,School zone active,Type of location,Latitude,Longitude,LGA,Urbanisation,Conurbation 1,Alignment,Street lighting,Road surface,Surface condition,Weather,Natural lighting,Signals operation,Other traffic control,Speed limit,Road classification,RUM - code,DCA - code,First impact type,Key TU type,Other TU type,No. of traffic units involved,No. killed,No. seriously injured,No. moderately injured,No. minor-other injured
1279994,2,2021,2021,10,0,9,512,31,129,34609,0,1,9,-33.894282,151.098508,9,0,2,1,0,0,0,0,2,0,7,50,0,5929,5929,1,0,19,2,0,0,1,0
1279995,4,2021,2021,2,1,0,2261,17,284,2252,0,1,9,-33.907398,151.023941,15,0,2,1,2,0,0,0,0,2,7,60,2,5929,5929,1,5,5,2,0,1,0,0
1279997,2,2021,2021,1,1,3,143,31,123,181,0,1,9,-33.885148,151.227487,81,0,2,0,1,0,0,0,1,0,7,50,2,4552,5151,8,10,40,1,0,0,1,0
1279998,2,2021,2021,2,1,5,45,27,304,96,0,1,10,-33.903403,151.155175,32,0,2,1,0,0,3,0,2,3,7,60,2,1945,1945,5,15,40,1,0,0,1,0
1280000,2,2021,2021,10,4,7,255,27,66,172,0,1,9,-32.929649,151.646528,37,0,2,1,1,0,0,0,2,0,7,60,2,1669,1669,3,5,5,2,0,0,1,0
1280001,2,2021,2021,2,2,6,481,17,7,483,0,1,1,-35.137762,146.055868,51,1,0,1,0,0,0,0,2,0,7,110,2,14295,14295,3,10,5,2,0,0,1,0
1280008,4,2021,2021,9,3,7,3371,17,11,3342,0,1,2,-31.748053,152.68966,43,1,0,0,0,0,0,0,2,0,7,110,2,782,957,5,0,40,1,0,1,0,0
1280010,2,2021,2021,2,1,6,916,17,44,917,0,1,2,-32.048147,150.86806,73,2,1,1,1,0,2,6,2,0,7,50,2,238,238,9,10,28,2,0,0,1,0
1280015,2,2021,2021,2,1,2,500,27,271,799,0,1,9,-33.937304,151.020797,15,0,2,1,3,0,0,0,1,0,7,70,2,2852,2852,4,8,12,2,0,0,1,0
1280016,4,2021,2021,2,6,11,515,14,202,518,0,1,3,-33.940911,151.02384,15,0,2,1,3,0,3,4,0,0,7,100,2,14295,14295,3,5,13,2,0,1,0,0
1280017,1,2021,2021,2,5,6,20,31,363,9,1,0,10,-33.811696,151.013962,54,0,2,1,3,0,0,0,2,2,7,60,1,6545,6545,4,0,5,2,0,0,0,1
1280023,1,2022,2022,4,3,11,2,4,40,34609,0,1,7,-33.732523,150.959781,71,0,2,0,3,0,0,0,0,0,0,50,0,1259,5151,8,5,40,1,0,0,0,1
1280027,1,2021,2021,2,2,0,19,31,204,34609,0,1,1,-33.943043,151.141127,4,0,2,1,0,0,0,0,0,0,7,50,0,3775,3775,0,33,5,2,0,0,0,1
1280028,2,2021,2021,2,1,10,500,27,145,799,0,1,10,-33.929428,151.072388,15,0,2,1,2,0,3,4,0,2,7,60,2,6545,6545,4,10,5,4,0,0,1,1
1280031,1,2021,2021,10,6,3,3,10,14,34609,0,1,1,-35.112552,149.361777,82,1,0,0,0,0,0,0,1,0,7,100,0,1089,1089,7,16,40,1,0,0,0,1
1280032,2,2021,2021,2,0,8,178,27,115,34609,0,1,7,-33.964767,151.049677,25,0,2,1,1,0,0,0,2,0,0,50,0,2040,2040,9,5,28,2,0,0,1,0
1280033,4,2022,2022,4,6,9,25,10,15,34609,0,1,1,-34.571115,150.829719,62,0,2,0,0,0,3,4,2,0,7,70,0,2585,4009,8,30,40,1,0,1,0,0
1280038,2,2021,2021,10,2,4,2,27,144,34609,0,1,1,-34.050335,151.011448,68,0,2,0,0,0,0,0,2,0,7,50,0,1850,1463,5,16,40,1,0,0,1,0
1280040,2,2021,2021,2,5,10,387,27,290,331,1,0,9,-33.946136,151.127989,4,0,2,0,2,0,0,3,0,0,7,60,2,5929,5929,1,0,19,2,0,0,1,0
1280041,1,2021,2021,2,5,7,485,27,154,769,1,2,1,-33.712783,150.958504,71,0,2,1,0,0,0,0,2,0,7,40,2,238,238,9,0,28,2,0,0,0,1
1280042,2,2021,2021,2,4,7,10,27,84,16,0,1,9,-31.098409,150.924046,70,2,1,0,1,0,0,0,2,0,0,60,1,2852,2852,4,5,5,2,0,0,1,0
1280043,4,2021,2021,9,1,6,5,10,18,41,1,0,1,-28.993627,153.281668,60,2,1,1,0,0,3,4,2,0,7,50,1,14295,14295,3,16,19,2,0,1,0,0
1280044,4,2021,2021,9,4,3,14,27,57,34609,0,1,1,-33.33839,151.4144,16,2,2,0,0,0,3,4,2,0,7,70,0,1957,4009,8,5,40,1,0,2,0,0
1280048,2,2021,2021,2,5,5,7,27,24,18,0,1,1,-35.969001,145.996722,51,1,0,0,0,0,0,0,2,0,7,100,1,3775,3775,0,0,0,2,0,0,1,1
1280050,2,2021,2021,2,3,4,43,27,9,118,0,1,1,-30.483376,150.620546,70,1,0,0,0,0,0,0,2,0,7,100,2,1957,4009,8,10,40,1,0,0,1,0
1280057,2,2021,2021,10,0,2,204,31,387,34609,0,1,10,-33.923591,151.187101,4,0,2,1,2,0,0,0,1,0,9,50,0,591,591,1,22,5,2,0,0,1,0
1280058,2,2021,2021,9,0,7,8,27,10,34609,0,1,1,-33.449388,149.152524,51,1,0,0,0,0,3,4,2,0,7,100,0,1259,5151,8,0,40,1,0,0,1,0
1280059,4,2021,2021,2,4,9,2126,17,161,2149,1,0,2,-33.889047,151.15261,32,0,2,1,1,0,0,0,3,0,7,60,2,9859,9859,8,5,40,1,0,1,0,0
1280060,4,2021,2021,9,5,9,31,27,85,41,0,1,10,-33.720043,151.142797,36,0,2,0,0,0,0,0,2,3,9,60,1,2040,2040,9,5,28,2,0,1,0,0
1280061,2,2021,2021,2,2,11,829,27,149,770,0,1,2,-33.868422,151.182625,32,0,2,1,3,0,3,4,0,0,7,60,2,14295,14295,3,0,5,4,0,0,1,1
1280063,1,2021,2021,9,5,3,866,17,173,793,0,1,2,-33.720374,151.105753,31,0,2,0,3,0,3,4,2,0,7,70,2,380,714,5,5,40,1,0,0,0,1
1280065,4,2021,2021,9,5,3,32,27,16,563,0,1,1,-33.99675,151.025864,68,0,2,1,3,0,0,0,1,0,7,80,2,1391,1391,1,10,5,2,0,1,0,0
1280069,2,2021,2021,2,2,7,10,31,131,34609,0,1,2,-36.072152,146.910678,0,2,1,1,3,0,0,0,2,0,7,50,0,9859,9859,8,0,40,2,0,0,1,0
1280070,1,2021,2021,2,1,7,60,27,253,331,0,1,10,-33.962761,151.104046,25,0,2,1,3,0,0,0,2,2,7,60,2,1391,1391,1,5,5,2,0,0,0,1
1280071,2,2021,2021,2,3,4,294,17,215,288,0,1,10,-35.118902,147.368827,75,2,1,1,3,0,3,4,2,2,7,60,2,5929,5929,1,0,0,2,0,0,1,0
1280078,2,2021,2021,2,4,7,15,31,201,42,0,1,9,-34.887403,150.603061,63,2,1,1,0,0,0,3,2,0,7,60,1,1220,1220,9,5,28,2,0,0,1,0
1280079,2,2021,2021,9,1,5,500,27,129,799,0,1,9,-33.927025,151.081426,15,0,2,1,1,0,0,0,2,2,7,60,2,1282,1282,1,5,5,2,0,0,1,0
1280082,2,2021,2021,2,0,8,25,31,127,30,0,1,1,-33.889411,151.158556,32,0,2,0,1,0,0,3,2,2,9,60,1,3775,3775,0,21,5,5,0,0,1,1
1280087,1,2021,2021,2,0,7,8,27,58,34609,0,1,1,-32.983028,151.680924,37,0,2,1,0,0,0,0,2,0,7,50,0,214,214,9,16,28,2,0,0,0,1
1280088,4,2021,2021,9,0,8,15,31,460,34609,0,1,10,-33.830944,150.984982,21,0,2,1,0,0,0,3,2,0,0,50,0,6545,6545,4,5,13,2,0,1,0,0
1280090,4,2021,2021,10,6,10,23,1,53,34609,0,1,1,-33.926894,150.839049,41,0,2,1,2,0,0,0,0,0,7,60,0,9859,9859,8,5,40,1,0,1,1,0
1280091,2,2021,2021,9,0,6,2,18,91,34609,0,1,0,-32.974491,151.645095,37,0,2,1,1,0,3,4,2,0,7,10,0,2040,2040,9,5,28,2,0,0,1,0
1280095,1,2021,2021,9,2,5,5,22,646,34609,0,1,9,-33.918602,151.032227,15,0,2,0,3,0,0,0,2,0,9,40,0,2040,2040,9,5,28,2,0,0,0,1
1280096,2,2021,2021,2,5,7,18,27,6,66,0,1,1,-31.90042,152.315417,43,1,0,1,3,0,0,0,2,0,7,100,1,9859,9859,8,5,40,1,0,0,1,0
1280097,4,2021,2021,9,0,9,50,31,123,34609,0,1,0,-33.885772,151.230656,81,0,2,1,1,0,0,0,2,0,7,40,0,387,387,1,22,36,2,0,1,0,0
1280100,2,2021,2021,11,0,7,5,27,54,34609,0,1,7,-28.521626,153.540591,10,2,1,0,1,0,0,0,2,0,0,50,0,1850,1463,5,15,40,1,0,0,1,0
1280101,4,2021,2021,10,2,11,39,31,316,34609,0,1,9,-33.921688,151.247691,59,0,2,1,2,0,3,4,0,0,7,50,0,1945,1945,5,16,40,1,0,1,0,0
1280102,4,2021,2021,2,1,7,123,23,47,34609,0,1,9,-33.778153,151.293205,50,0,2,0,1,0,0,0,2,0,15,50,0,2852,2852,4,0,5,2,0,2,0,0
1280106,2,2021,2021,2,3,7,71,17,16,71,0,1,1,-35.875925,144.900805,51,1,0,1,3,0,0,0,2,0,7,100,2,3775,3775,0,5,0,2,0,0,1,0
1280115,1,2021,2021,2,6,11,361,23,253,165,0,1,9,-33.96857,151.108372,25,0,2,1,2,0,3,4,0,2,7,50,1,5929,5929,1,5,5,2,0,0,0,1
1280120,2,2021,2021,2,0,7,33,27,96,34609,0,1,1,-35.356715,149.22297,58,2,1,1,1,0,0,0,2,0,7,60,0,14295,14295,3,8,0,5,0,0,2,2
1280121,1,2021,2021,2,3,11,330,27,108,605,0,1,2,-33.761084,151.273725,50,0,2,1,2,0,3,4,0,0,7,60,2,368,368,9,19,28,2,0,0,0,1
1280122,2,2021,2021,2,3,0,1,27,11,34609,0,1,1,-28.456859,153.49768,72,2,1,0,0,0,3,3,0,0,7,50,0,4552,5151,8,30,40,1,0,0,1,0
1280124,2,2021,2021,10,3,9,54,27,34,34609,0,1,1,-33.494213,151.362411,16,2,2,1,0,0,0,0,3,0,7,50,0,9859,9859,1,16,13,2,0,0,1,0
1280126,2,2021,2021,10,1,9,85,31,66,34609,0,1,10,-34.48724,150.898951,80,0,2,1,2,0,0,0,0,2,7,60,0,9859,9859,8,0,40,1,0,0,1,0
1280127,1,2021,2021,2,2,10,171,1,90,28,0,1,1,-33.785262,150.952259,54,0,2,1,2,0,3,4,0,0,7,60,1,14295,14295,3,5,5,2,0,0,0,1
1280128,1,2021,2021,2,0,5,175,27,55,220,0,1,2,-33.743951,150.91685,7,0,2,1,1,0,0,0,2,0,7,70,2,14295,14295,3,8,35,2,0,0,0,1
1280129,2,2021,2021,2,5,4,126,1,226,144,0,1,9,-33.766213,150.816956,7,0,2,1,2,0,0,0,2,2,7,60,2,1981,1981,4,0,5,3,0,0,1,1
1280130,2,2021,2021,2,5,7,2209,17,7,2205,0,1,9,-36.90231,149.872857,5,1,0,1,0,0,0,0,2,0,7,100,2,14295,14295,3,5,5,3,0,0,1,0
1280134,2,2021,2021,9,1,2,334,17,98,308,0,1,1,-30.993324,150.141196,51,1,0,1,0,0,3,4,1,0,7,100,2,945,945,5,10,40,1,0,0,1,0
1280138,2,2021,2021,2,0,7,19,31,172,126,0,1,7,-32.748927,151.593745,42,2,1,1,0,0,0,0,2,0,0,50,2,5929,5929,1,16,5,2,0,0,1,0
1280141,2,2021,2021,2,6,4,2209,17,48,2205,0,1,9,-36.699628,149.840399,5,1,0,1,1,0,0,3,2,0,0,100,2,5929,5929,1,5,0,2,0,0,1,2
1280143,4,2021,2021,2,3,10,512,17,562,441,0,1,10,-32.221768,148.563505,22,1,0,1,2,0,0,0,0,0,0,90,2,6545,6545,4,5,32,2,0,2,2,1
1280144,1,2022,2022,4,1,6,41,31,49,34609,0,1,10,-32.991598,151.681946,37,0,2,1,3,0,0,0,2,0,0,50,0,5929,5929,1,10,5,2,0,0,0,1
1280145,4,2021,2021,11,2,7,4,27,11,27,0,1,1,-34.416584,149.075025,74,1,0,0,0,0,0,0,2,0,7,100,1,782,957,5,16,40,1,0,1,0,0
1280149,4,2021,2021,11,0,5,125,31,175,34609,0,1,1,-33.772644,151.080732,54,0,2,1,0,0,0,0,2,0,9,50,0,14295,14295,3,5,5,2,0,1,0,0
1280151,4,2021,2021,9,0,7,154,27,293,244,0,1,9,-33.923138,151.058337,15,0,2,1,0,0,3,4,2,0,7,60,2,5929,5929,1,0,5,2,0,1,1,0
1280155,2,2021,2021,9,1,7,177,22,239,176,0,1,9,-34.036823,151.117091,68,0,2,1,1,0,0,6,2,0,7,60,2,5929,5929,1,5,0,2,0,0,1,2
1280159,2,2021,2021,9,0,8,48,31,72,44,0,1,10,-33.828876,151.221873,49,0,2,1,3,0,2,6,2,2,7,50,1,4026,4026,1,0,0,3,0,0,1,0
1280161,1,2021,2021,2,1,5,478,17,96,480,0,1,10,-33.433826,151.389862,16,2,2,1,3,0,0,0,2,2,7,60,2,14295,14295,3,5,0,2,0,0,0,1
1280162,1,2021,2021,2,0,4,31,27,157,34609,0,1,10,-34.020573,151.095121,68,0,2,1,3,0,0,0,2,0,15,50,0,6545,6545,4,8,19,2,0,0,0,1
1280163,1,2021,2021,2,6,8,195,27,89,186,0,1,10,-33.868992,150.870209,24,0,2,1,3,0,0,0,2,2,7,70,2,14295,14295,3,5,0,2,0,0,0,1
1280164,2,2021,2021,2,1,6,17,31,61,34609,0,1,10,-33.891949,150.913971,24,0,2,1,1,0,0,0,2,0,15,50,0,6545,6545,4,5,5,2,0,0,1,1
1280166,2,2021,2021,11,1,8,346,17,103,332,1,2,2,-28.816456,153.319436,39,2,1,1,1,0,0,0,2,0,7,40,2,1945,1945,5,16,40,1,0,0,1,0
1280167,2,2021,2021,2,6,8,92,27,129,244,0,1,9,-33.897162,151.100929,15,0,2,1,0,0,0,0,2,0,7,60,2,2852,2852,4,5,12,2,0,0,1,0
1280172,2,2021,2021,2,3,10,866,17,278,793,0,1,1,-33.78522,151.040884,54,0,2,0,2,0,0,0,0,0,7,60,2,4552,5151,8,5,40,1,0,0,1,0
1280173,2,2021,2021,11,4,7,1104,14,140,962,0,1,3,-33.790889,150.823779,7,0,2,1,0,0,0,0,2,0,7,110,2,1109,787,1,8,0,2,0,0,1,0
1280174,2,2021,2021,9,0,9,3371,17,44,3342,0,1,2,-30.732363,152.921494,47,1,0,0,0,0,3,4,2,0,7,110,2,380,714,5,5,40,1,0,0,1,0
1280179,2,2022,2022,4,2,0,24,27,6,103,0,1,1,-28.79528,153.256049,39,2,1,0,0,0,0,0,0,0,7,80,1,4552,5151,8,5,40,1,0,0,1,0
1280180,2,2021,2021,11,0,6,7,27,26,34609,0,1,9,-33.275921,151.563988,16,2,2,1,1,0,0,0,2,0,0,50,0,1669,1669,3,16,5,2,0,0,1,0
1280182,2,2021,2021,2,4,7,111,27,80,233,0,1,9,-33.936473,151.229902,59,0,2,1,1,0,0,0,2,0,0,60,2,1669,1669,3,10,36,2,0,0,1,0
1280186,2,2021,2021,2,0,10,2126,17,44,2149,0,1,10,-33.798115,150.896892,7,0,2,1,2,0,0,0,0,2,7,80,2,5929,5929,1,30,0,2,0,0,3,0
1280187,2,2021,2021,2,3,10,59,27,43,53,0,1,1,-34.191557,150.656554,79,1,2,0,0,0,0,0,0,0,7,100,1,1259,5151,8,5,40,1,0,0,2,0
1280194,1,2021,2021,2,1,5,165,31,166,34609,0,1,1,-33.414956,149.581177,3,2,1,1,3,0,0,0,2,0,7,50,0,14295,14295,3,34,0,2,0,0,0,1
1280195,1,2021,2021,10,0,10,2126,17,78,2149,0,1,10,-33.865165,151.088814,14,0,2,1,3,0,0,0,0,2,7,60,2,14295,14295,3,5,5,2,0,0,0,1
1280198,2,2021,2021,2,4,7,2,31,143,34609,0,1,1,-33.706335,151.103597,31,0,2,1,3,0,0,0,2,0,7,50,0,238,238,9,0,28,2,0,0,1,0
1280199,2,2021,2021,2,5,5,3371,17,24,3342,0,1,2,-32.651545,151.876683,57,1,0,1,3,0,0,0,2,0,7,100,2,475,475,5,0,40,1,0,0,1,0
1280202,4,2021,2021,2,4,3,11,27,59,34609,0,1,1,-33.152047,151.522682,37,0,2,0,1,0,0,0,2,0,7,60,0,3775,3775,0,5,0,3,0,1,2,0
1280203,4,2021,2021,10,0,9,330,27,121,102,0,1,1,-33.793478,151.285501,50,0,2,0,2,0,0,0,3,0,7,50,2,1850,1463,5,16,40,1,0,1,0,0
1280206,2,2021,2021,9,6,3,10,27,14,11,0,1,9,-32.207366,149.009568,22,1,0,1,0,0,0,0,1,0,0,100,1,489,489,8,10,40,1,0,0,2,0
1280208,1,2021,2021,2,6,8,11,27,125,34609,0,1,7,-33.83236,151.123086,61,0,2,1,0,0,0,0,2,0,0,50,0,926,926,4,16,13,2,0,0,0,1
1280209,2,2021,2021,2,1,9,165,31,166,34609,1,0,10,-33.421097,149.572298,3,2,1,1,1,0,0,0,3,0,0,50,0,6545,6545,4,5,5,2,0,0,3,0
1280211,4,2021,2021,2,2,9,109,27,56,174,0,1,1,-32.98791,151.500873,37,0,2,0,2,0,0,0,3,0,7,80,2,4552,5151,8,5,40,1,0,1,0,0
1280213,1,2021,2021,2,6,11,5,6,12,34609,0,1,9,-32.739239,151.613262,42,2,1,1,2,0,0,0,0,0,7,50,0,2040,2040,9,5,28,2,0,0,0,1
1280214,4,2021,2021,2,1,8,100,27,68,78,0,1,1,-33.675808,149.829594,51,1,0,0,0,0,0,0,2,0,7,100,2,1957,4009,8,10,40,1,0,1,0,0
1280215,1,2021,2021,2,6,2,40,27,136,34609,0,1,1,-33.918154,151.074946,15,0,2,1,1,0,0,0,1,0,7,50,0,368,368,9,33,28,2,0,0,0,1
1280216,4,2021,2021,2,0,8,112,17,207,112,0,1,10,-31.950364,141.456169,51,2,1,1,0,0,0,0,2,0,0,50,2,6545,6545,4,5,13,2,0,1,0,0
1280220,2,2021,2021,2,0,11,177,22,239,176,0,1,10,-34.043289,151.123574,68,0,2,1,2,0,3,4,0,2,7,60,2,2040,2040,9,10,28,2,0,0,1,0
1280222,1,2021,2021,2,3,5,1,27,18,34609,0,1,1,-35.687891,150.078422,23,1,0,1,0,2,0,0,2,0,7,100,0,945,945,5,16,40,1,0,0,0,1
1280223,4,2021,2021,2,0,11,19,27,138,30,0,1,1,-33.874358,151.260127,81,0,2,1,2,0,0,0,0,0,7,50,1,2040,2040,9,5,28,2,0,1,0,0
1280225,4,2021,2021,9,2,4,1,27,2,34609,0,1,1,-30.919002,152.680297,34,1,0,0,0,2,0,0,2,0,7,100,0,404,404,8,16,40,1,0,1,0,0
1280230,2,2021,2021,9,5,6,7,23,136,34609,0,1,7,-33.921934,151.084127,15,0,2,1,0,0,0,0,2,0,0,50,0,6545,6545,4,5,5,2,0,0,2,0
1280231,2,2021,2021,9,2,7,37,27,10,36,0,1,1,-32.606314,151.72225,57,2,1,0,0,0,3,4,2,0,7,80,1,1957,4009,8,5,40,1,0,0,1,0
1280232,1,2021,2021,2,6,3,13,27,210,34609,0,1,2,-34.035942,151.10181,68,0,2,1,1,0,0,0,2,0,7,50,0,387,387,1,19,10,2,0,0,0,1
1280235,2,2021,2021,10,6,6,515,14,197,518,0,1,3,-33.941999,151.080532,15,0,2,1,0,0,0,0,2,0,7,80,2,14295,14295,3,8,0,3,0,0,3,1
1280238,2,2021,2021,9,4,10,175,27,609,220,0,1,10,-33.763693,150.913072,7,0,2,1,2,0,3,4,0,2,7,60,2,5929,5929,1,5,13,2,0,0,1,0
1280241,1,2021,2021,2,2,2,3,27,2,34609,0,1,1,-28.196973,153.47579,72,1,0,1,0,0,0,0,0,0,7,100,0,1945,1945,5,5,40,1,0,0,0,1
1280242,1,2021,2021,2,0,11,251,27,115,212,0,1,10,-33.752355,151.234565,50,0,2,1,2,0,0,3,0,2,7,70,2,5929,5929,1,5,5,2,0,0,0,1
1280244,1,2021,2021,2,0,7,23,27,104,144,0,1,9,-33.809974,150.787436,55,0,2,0,1,0,0,0,2,0,0,70,2,6545,6545,4,5,5,2,0,0,0,1
1280245,4,2021,2021,2,4,7,1,18,6,34609,0,1,1,-31.200899,151.052871,70,2,1,0,0,2,0,0,2,0,7,80,0,2585,4009,8,10,40,1,0,1,0,0
1280246,2,2021,2021,2,6,10,361,32,111,65,0,1,9,-33.698375,150.870973,7,0,2,1,2,0,3,4,0,0,7,50,1,14295,14295,3,5,5,3,0,0,1,0
1280252,1,2021,2021,2,1,5,916,17,27,917,0,1,9,-32.663077,151.368778,17,2,1,0,3,0,0,0,2,0,0,80,2,5929,5929,1,0,0,2,0,0,0,1
1280253,4,2021,2021,2,2,6,49,31,4,34609,0,1,7,-33.843673,151.210536,49,0,2,0,3,0,0,0,2,0,0,50,0,782,957,5,5,40,1,0,1,0,0
1280254,4,2021,2021,9,3,10,829,27,363,770,0,1,2,-33.809127,151.022178,54,0,2,1,3,0,3,4,0,0,7,60,2,9859,9859,8,5,40,1,0,1,0,0
1280255,2,2021,2021,2,2,10,60,27,253,331,0,1,10,-33.964562,151.101017,25,0,2,1,3,0,3,5,0,2,7,60,2,5929,5929,1,5,19,2,0,0,1,0
1280259,1,2021,2021,2,1,5,26,27,232,34609,1,0,10,-33.683646,150.932056,71,0,2,1,3,0,0,0,2,1,7,60,0,217,217,1,0,13,2,0,0,0,1
1280264,1,2021,2021,2,6,5,20,27,62,31,0,1,9,-33.759598,151.26715,50,0,2,1,3,0,0,0,2,0,15,50,1,14295,14295,3,5,5,2,0,0,0,1
1280265,1,2021,2021,2,0,8,24,31,91,160,1,0,7,-33.998386,150.887253,13,0,2,1,3,0,0,0,3,0,0,60,2,5929,5929,1,5,5,2,0,0,0,2
1280266,2,2021,2021,2,4,5,23,10,64,101,0,1,10,-32.940605,151.712449,48,0,2,1,3,0,0,0,2,2,7,60,2,14295,14295,3,5,5,3,0,0,1,0
1280267,1,2021,2021,2,0,9,63,36,30,16,0,1,1,-32.620017,152.11534,43,1,0,1,3,0,0,0,3,0,7,90,1,1669,1669,3,21,5,2,0,0,0,1
1280275,2,2021,2021,11,6,6,22,31,165,78,0,1,9,-33.848939,151.149459,14,0,2,1,1,0,3,4,2,0,7,50,2,1850,985,5,16,40,1,0,0,1,0
1280277,1,2021,2021,2,0,7,296,27,283,293,0,1,2,-33.834577,151.002108,21,0,2,1,3,0,3,4,2,0,7,70,2,14295,14295,3,5,0,2,0,0,0,1
1280281,4,2021,2021,9,3,8,77,31,165,34609,0,1,10,-33.857006,151.148624,14,0,2,1,1,0,0,0,2,0,15,50,0,6545,6545,4,5,19,2,0,1,0,0
1280285,4,2021,2021,10,3,3,6,1,112,34609,0,1,9,-33.906029,151.212503,69,0,2,1,1,0,0,0,2,0,15,40,0,4026,4026,8,16,40,1,0,1,0,0
1280286,4,2021,2021,2,3,7,24,27,7,24,0,1,1,-34.862125,150.706405,63,2,1,1,0,0,3,4,2,0,7,80,1,1945,1945,5,22,40,1,0,1,0,0
1280289,4,2021,2021,2,1,3,1,27,21,34609,0,1,1,-28.277441,153.497055,72,2,1,0,0,0,0,0,1,0,7,80,0,4552,5151,8,29,40,1,0,1,0,0
1280290,4,2021,2021,10,4,3,48,13,11,34609,0,1,9,-34.020337,151.115491,68,0,2,0,0,0,0,0,2,0,7,50,0,5929,5929,1,5,27,2,0,1,0,0
1280292,2,2021,2021,2,0,11,13,31,284,34609,0,1,1,-33.906049,151.007623,15,0,2,1,2,0,0,0,0,0,7,50,0,14295,14295,3,30,5,4,0,0,1,1
1280294,2,2021,2021,2,5,7,149,36,40,113,0,1,1,-32.052709,152.480506,43,2,1,0,0,0,0,0,2,0,7,80,1,1669,1669,3,30,5,2,0,0,1,0
1280302,4,2021,2021,10,5,3,77,31,163,69,0,1,1,-33.866488,151.107872,14,0,2,1,0,0,0,0,1,0,7,60,2,387,387,1,22,5,2,0,1,0,0
1280303,2,2021,2021,10,1,3,2209,17,12,2205,0,1,1,-35.270832,150.424178,63,1,0,1,0,0,0,0,2,0,7,100,2,9859,9859,8,0,40,1,0,0,1,0
1280304,4,2021,2021,10,2,4,11,27,9,118,0,1,1,-30.090881,150.612326,51,1,0,0,0,0,0,0,2,0,7,100,2,273,957,5,8,40,1,0,1,0,0
1280305,4,2021,2021,10,0,4,114,27,22,65,0,1,1,-33.395601,151.014237,16,2,2,0,0,0,3,3,2,0,7,80,1,3775,3775,0,16,19,2,0,1,1,0
1280307,1,2021,2021,9,0,6,61,27,53,208,0,1,10,-33.850374,150.961181,21,0,2,1,1,0,3,4,2,1,7,60,1,14295,14295,3,8,5,2,0,0,0,1
1280311,2,2021,2021,2,4,9,2209,17,133,2205,0,1,10,-34.498346,150.791258,80,0,2,1,3,0,0,0,0,2,7,60,1,14295,14295,3,0,5,2,0,0,1,0
1280314,2,2021,2021,2,2,8,18,36,16,34609,0,1,1,-31.302673,152.803417,56,2,1,0,0,0,0,0,2,0,7,60,0,1850,1463,5,16,40,1,0,0,1,0
1280316,1,2021,2021,11,2,4,7,27,45,34609,1,0,1,-33.675881,151.203108,50,0,2,1,1,0,0,0,2,0,7,60,0,1192,1192,1,10,27,2,0,0,0,1
1280317,4,2021,2021,2,0,3,43,22,188,34609,0,1,1,-33.941574,151.089004,25,0,2,1,0,0,0,0,2,0,7,50,0,368,368,9,9,28,2,0,1,0,0
1280324,4,2021,2021,10,3,10,100,27,109,799,0,1,9,-33.904495,151.139366,32,0,2,1,2,0,3,4,0,0,0,60,2,1109,787,1,5,19,2,0,1,0,0
1280326,4,2021,2021,11,0,11,123,27,304,34609,0,1,9,-33.916685,151.157796,32,0,2,1,2,0,0,0,0,0,7,50,0,4026,4026,1,20,5,2,0,1,0,0
1280330,4,2021,2021,9,6,4,16,31,188,34609,0,1,1,-33.929462,151.097535,15,0,2,1,0,0,0,3,2,0,7,50,0,14295,14295,3,21,5,2,0,1,0,0
1280332,4,2021,2021,2,2,10,2209,17,201,2205,0,1,10,-34.866731,150.602158,63,2,1,1,2,0,3,4,0,2,2,60,2,926,926,4,5,19,2,0,1,0,0
1280333,2,2021,2021,9,3,0,89,36,3,17,0,1,1,-29.55544,152.734249,18,1,0,1,0,0,0,0,0,0,7,100,1,9859,9859,8,10,40,1,0,0,1,0
1280334,2,2021,2021,2,0,8,13,27,5,34609,0,1,1,-35.574653,149.808952,58,1,0,0,0,0,3,1,2,0,7,100,0,2585,4009,8,10,40,1,0,0,1,0
1280339,4,2021,2021,9,4,9,22,31,283,125,0,1,10,-33.830741,151.01027,54,0,2,1,2,0,3,4,0,0,0,60,1,5929,5929,1,0,19,3,0,1,0,0
1280341,4,2021,2021,2,3,5,4,1,247,34609,1,0,1,-33.820105,150.958299,21,0,2,1,0,0,0,0,2,0,7,50,0,9859,9859,8,33,40,1,0,1,0,0
1280343,2,2021,2021,2,1,3,334,17,15,308,0,1,1,-30.939883,150.580614,70,1,0,1,0,0,0,0,2,0,7,100,2,945,945,5,10,40,1,0,0,1,0
1280344,4,2021,2021,9,2,7,37,27,59,34609,0,1,1,-33.181278,151.468084,37,0,2,1,0,0,0,0,2,2,7,40,0,14295,14295,3,5,19,2,0,2,0,0
1280347,2,2021,2021,10,4,8,2261,17,44,2252,0,1,2,-33.902937,150.943729,24,0,2,1,1,0,0,0,2,0,7,70,2,14295,14295,3,0,19,3,0,0,1,0
1280351,2,2021,2021,10,4,9,109,27,169,382,0,1,1,-33.777614,150.848492,7,0,2,1,1,0,0,0,3,0,7,60,2,14295,14295,3,0,5,3,0,0,1,0