Crash ID,Degree of crash - detailed,Reporting year,Year of crash,Month of crash,Day of week of crash,Two-hour intervals,Street of crash,Street type,Town,Route no.,School zone location,School zone active,Type of location,Latitude,Longitude,LGA,Urbanisation,Conurbation 1,Alignment,Street lighting,Road surface,Surface condition,Weather,Natural lighting,Signals operation,Other traffic control,Speed limit,Road classification,RUM - code,DCA - code,First impact type,Key TU type,Other TU type,No. of traffic units involved,No. killed,No. seriously injured,No. moderately injured,No. minor-other injured
1280352,4,2021,2021,2,2,9,15,27,15,228,0,1,1,-32.725399,151.091614,64,1,0,0,0,0,0,3,2,0,7,100,1,273,957,5,10,40,1,0,1,0,0
1280353,2,2021,2021,2,5,6,10,31,169,34609,0,1,1,-28.651674,153.61647,10,2,1,1,1,0,2,2,2,0,7,50,0,4026,4026,1,0,5,2,0,0,1,0
1280355,2,2021,2021,9,6,3,59,10,89,34609,0,1,0,-33.904631,151.23283,59,0,2,0,0,0,0,0,2,0,7,30,0,1282,1282,1,5,27,2,0,0,1,0
1280357,4,2021,2021,9,5,7,14,1,46,34609,0,1,1,-28.818374,153.285872,39,2,1,1,0,0,0,0,2,0,7,50,0,9859,9859,8,5,40,1,0,1,0,0
1280358,4,2021,2021,9,2,5,145,27,125,34609,0,1,10,-33.864426,151.078675,67,0,2,1,0,0,0,0,2,0,15,50,0,2852,2852,4,5,27,2,0,1,0,0
1280361,1,2021,2021,9,4,8,17,31,228,39,0,1,10,-34.757952,149.71564,26,2,1,1,1,0,0,3,2,2,7,60,2,6545,6545,4,16,5,2,0,0,0,1
1280365,4,2021,2021,2,4,4,49,27,87,34609,0,1,1,-33.923066,150.965423,41,0,2,1,3,0,3,4,2,0,7,50,0,1945,1945,5,16,40,1,0,1,0,0
1280367,2,2021,2021,10,6,4,63,31,35,34609,0,1,10,-28.809527,153.264797,39,2,1,1,3,0,0,0,2,0,0,50,0,6545,6545,4,0,22,2,0,0,1,0
1280368,1,2021,2021,2,1,3,33,27,33,154,0,1,10,-33.772965,150.874105,7,0,2,1,3,0,3,0,2,2,7,60,1,623,623,3,0,5,2,0,0,0,1
1280369,2,2021,2021,2,6,7,63,31,29,34609,0,1,10,-33.977779,151.073135,25,0,2,1,3,0,0,0,2,0,15,50,0,1391,1391,1,5,36,2,0,0,2,1
1280371,2,2021,2021,2,1,9,4,27,70,34609,0,1,10,-33.980402,151.105861,25,0,2,1,3,0,0,0,2,0,0,50,0,6545,6545,4,9,5,2,0,0,1,0
1280374,2,2021,2021,11,1,3,8,31,111,34609,0,1,1,-33.925575,151.249236,59,0,2,1,1,0,0,0,2,0,7,50,0,9859,9859,1,5,5,3,0,0,1,0
1280377,1,2021,2021,2,6,4,21,27,140,34609,0,1,1,-33.892034,150.997859,15,0,2,1,3,0,0,0,2,0,7,60,0,1282,1282,1,5,40,1,0,0,0,1
1280386,4,2021,2021,9,3,7,1052,14,54,928,0,1,3,-33.460729,151.198378,16,1,2,1,0,0,0,0,2,0,7,110,2,14295,14295,3,16,0,3,0,1,0,0
1280389,1,2022,2022,4,2,7,109,36,11,108,0,1,1,-28.455149,153.497711,72,1,0,0,0,0,3,3,2,0,7,90,1,2585,4009,8,0,40,1,0,0,0,1
1280391,4,2021,2021,10,6,8,195,27,83,186,0,1,9,-33.889263,150.860809,24,0,2,1,2,0,0,3,2,2,7,70,2,14295,14295,3,5,5,3,0,1,0,0
1280392,2,2021,2021,2,4,7,1,10,78,34609,0,1,1,-28.342257,153.366326,72,2,1,1,1,0,0,0,2,0,7,50,0,4026,4026,8,0,40,1,0,0,1,0
1280394,2,2021,2021,2,0,6,5,31,204,34609,1,0,1,-33.884659,151.123583,32,0,2,1,1,0,0,0,2,0,7,50,0,1220,1220,9,5,28,2,0,0,1,0
1280396,1,2021,2021,2,2,3,229,14,110,237,0,1,3,-33.764553,151.028303,71,0,2,1,2,0,0,0,1,0,7,100,2,368,368,9,10,28,2,0,0,0,1
1280399,2,2021,2021,2,3,6,32,1,106,34609,0,1,1,-33.924608,151.098174,15,0,2,1,0,0,0,0,2,0,7,50,0,2040,2040,9,5,28,2,0,0,1,0
1280402,4,2022,2022,4,3,5,23,10,19,174,0,1,10,-32.916907,151.478625,17,1,0,1,0,0,0,0,2,0,15,90,2,6545,6545,4,5,19,2,0,1,0,0
1280405,2,2021,2021,2,5,8,11,27,6,34609,0,1,10,-34.047655,151.105041,68,0,2,1,0,0,0,0,2,0,0,50,0,6545,6545,4,0,13,2,0,0,1,0
1280407,1,2021,2021,2,2,8,2,31,20,91,0,1,1,-35.030259,149.265011,82,2,1,1,1,0,0,3,2,0,7,50,1,5929,5929,1,5,5,2,0,0,0,1
1280409,2,2021,2021,9,6,7,3371,17,100,3342,0,1,9,-33.81065,151.176792,77,0,2,1,1,0,3,4,2,2,7,60,2,14295,14295,3,10,5,2,0,0,1,0
1280410,4,2021,2021,2,5,3,6,18,44,34609,0,1,9,-28.830429,153.423393,2,2,1,1,1,0,0,3,2,0,7,70,0,5929,5929,1,5,0,2,0,1,1,0
1280411,4,2021,2021,2,0,5,2209,17,6,2205,0,1,1,-36.448671,149.856338,5,1,0,0,0,0,0,0,2,0,7,100,2,1850,1463,5,16,40,1,0,1,0,0
1280413,4,2021,2021,2,5,7,71,27,33,69,0,1,10,-36.419346,148.623216,65,2,1,1,0,0,0,0,2,0,0,60,2,14295,14295,3,10,0,2,0,1,0,0
1280414,4,2021,2021,2,4,8,6,27,2,34609,0,1,1,-33.867891,149.855116,51,1,0,0,0,0,0,0,2,0,7,100,0,1259,5151,8,10,40,1,0,1,0,0
1280415,1,2021,2021,2,0,4,1104,11,130,770,0,1,2,-33.874836,151.197122,69,0,2,1,1,0,0,0,2,0,7,60,2,14295,14295,3,5,5,3,0,0,0,1
1280416,2,2022,2022,4,5,0,346,17,16,332,0,1,1,-28.933856,152.221329,51,1,0,0,0,0,0,0,0,0,7,100,2,4552,5151,8,5,40,1,0,0,1,0
1280418,1,2021,2021,2,4,5,112,27,109,256,0,1,10,-33.973225,150.860077,41,0,2,1,3,0,0,0,2,2,7,70,2,6545,6545,4,0,0,3,0,0,0,1
1280422,2,2021,2021,2,3,0,32,27,33,563,0,1,9,-33.966281,151.033092,15,0,2,1,0,0,0,0,0,2,9,50,2,6545,6545,4,0,5,2,0,0,1,2
1280425,2,2021,2021,2,6,10,87,31,198,32,0,1,9,-33.911734,151.091885,15,0,2,1,2,0,0,0,0,0,0,50,1,6545,6545,4,0,5,2,0,0,2,1
1280426,4,2021,2021,2,4,3,35,10,20,148,0,1,1,-34.220036,150.999651,80,0,2,0,0,0,3,3,2,0,7,60,2,1850,1463,5,16,40,1,0,1,0,0
1280427,2,2021,2021,2,5,9,153,27,290,147,0,1,9,-33.948868,151.109334,4,0,2,1,0,0,0,0,2,0,0,60,2,1282,1282,1,5,0,3,0,0,1,0
1280428,4,2021,2021,9,4,5,230,27,47,284,0,1,2,-33.808563,151.155079,38,0,2,0,1,0,0,0,2,0,7,60,2,14295,14295,3,15,5,2,0,1,0,0
1280429,1,2021,2021,2,3,8,205,27,161,415,0,1,2,-33.716888,151.173267,36,0,2,1,0,0,0,0,2,0,7,60,2,1282,1282,1,0,19,2,0,0,0,1
1280430,2,2022,2022,4,1,10,3371,17,463,3342,0,1,1,-30.29882,153.112164,19,2,1,1,2,0,3,4,0,0,7,60,2,9859,9859,8,9,40,1,0,0,1,0
1280431,4,2021,2021,9,5,4,5,27,13,34609,0,1,9,-35.080184,150.592169,63,2,1,1,0,0,0,0,2,0,7,70,0,1669,1669,3,5,5,2,0,1,0,0
1280433,4,2021,2021,9,3,4,348,31,532,34609,0,1,10,-33.876786,151.208766,69,0,2,1,1,0,3,4,2,2,7,40,0,2040,2040,9,0,28,2,0,1,0,0
1280434,4,2021,2021,2,6,6,83,27,16,72,0,1,1,-28.749405,153.362786,39,2,1,1,0,0,3,4,2,0,7,80,2,9859,9859,8,5,40,1,0,1,0,0
1280435,4,2021,2021,2,2,10,232,36,64,168,0,1,9,-34.039737,150.738496,12,0,2,1,2,0,0,0,0,3,7,60,2,5929,5929,1,5,0,2,0,1,0,1
1280442,4,2021,2021,2,3,7,14,10,67,34609,0,1,10,-33.638991,150.904403,71,0,2,1,0,0,0,0,2,0,15,70,0,6545,6545,4,5,13,2,0,1,0,0
1280445,2,2021,2021,11,6,6,34,31,96,34609,0,1,1,-33.384169,148.008345,51,2,1,1,0,0,3,4,2,0,7,40,0,2040,2040,9,10,28,2,0,0,1,0
1280447,2,2021,2021,2,5,8,154,27,293,244,0,1,1,-33.926648,151.052676,15,0,2,1,2,0,0,0,2,0,7,60,2,14295,14295,3,5,5,2,0,0,1,0
1280448,1,2021,2021,10,4,6,77,10,35,34609,0,1,1,-34.321264,150.575596,78,2,1,1,3,1,3,4,2,0,7,80,0,9859,9859,8,5,40,1,0,0,0,1
1280449,2,2021,2021,9,1,5,12,27,79,42,0,1,1,-33.569438,150.735258,29,2,2,0,1,0,0,0,2,0,7,70,1,1259,5151,8,30,40,1,0,0,1,0
1280451,2,2021,2021,9,1,2,7,22,532,7,0,1,6,-33.873338,151.20311,69,0,2,0,2,0,3,4,1,0,7,70,2,1850,1463,5,16,40,1,0,0,1,0
1280452,4,2021,2021,10,2,9,35,27,30,34609,0,1,1,-28.329116,153.497787,72,2,1,0,0,0,3,4,3,0,7,80,0,4552,5151,8,5,40,1,0,1,1,0
1280453,4,2021,2021,10,6,7,7,27,26,34609,0,1,1,-33.7351,150.821375,7,0,2,1,1,0,3,3,2,0,7,50,0,340,340,9,5,28,2,0,1,0,0
1280454,4,2021,2021,9,2,1,2,27,32,34609,0,1,1,-32.150017,150.336313,73,1,0,1,0,0,0,0,0,0,7,100,0,9859,9859,8,0,40,1,0,1,0,0
1280456,4,2021,2021,9,6,6,109,27,204,105,1,0,2,-33.895145,150.941065,24,0,2,1,1,0,0,0,2,0,7,60,2,9859,9859,8,5,40,1,0,1,0,0
1280458,2,2021,2021,10,1,7,387,27,82,34609,0,1,1,-31.066485,150.929212,70,2,1,0,0,0,0,0,2,0,7,80,0,782,957,5,0,40,1,0,0,1,0
1280459,4,2021,2021,9,5,6,19,27,46,34609,0,1,1,-35.15676,147.388659,75,2,1,1,1,0,0,0,2,0,7,50,0,4026,4026,8,5,40,1,0,1,0,0
1280463,4,2021,2021,9,5,9,1104,14,460,962,0,1,6,-33.824126,150.988593,54,0,2,0,0,0,0,0,2,0,7,60,2,14295,14295,3,30,5,2,0,1,0,0
1280464,2,2021,2021,9,3,5,18,27,13,34609,0,1,1,-32.477556,152.039201,43,2,1,0,2,2,0,0,2,0,7,80,0,1850,1463,5,16,40,1,0,0,1,0
1280467,4,2021,2021,9,4,4,224,27,26,321,0,1,9,-33.9108,151.202128,69,0,2,1,1,0,3,3,2,0,0,50,2,1220,1220,9,5,28,2,0,1,0,0
1280468,4,2021,2021,9,0,7,4,18,210,34609,1,2,9,-34.033338,151.098784,68,0,2,1,0,0,3,4,2,0,7,40,0,2040,2040,9,5,28,2,0,1,1,0
1280469,2,2021,2021,10,6,7,14,27,8,17,0,1,1,-30.115812,150.174611,51,1,0,1,0,0,0,0,2,0,7,100,1,475,475,5,8,40,1,0,0,1,0
1280470,2,2021,2021,10,0,10,5,1,145,37,0,1,1,-33.917197,151.130337,15,0,2,1,2,0,0,0,0,0,7,50,1,9859,9859,1,30,13,2,0,0,1,0
1280471,4,2021,2021,9,6,8,3,18,207,34609,0,1,1,-31.934244,141.463164,51,2,1,1,0,0,0,3,2,0,7,50,0,4026,4026,1,5,5,2,0,1,1,0
1280472,4,2021,2021,10,5,3,9,27,40,34609,1,0,1,-33.811449,151.214711,77,0,2,1,1,0,0,0,2,0,9,50,0,2040,2040,9,10,28,2,0,1,0,0
1280473,2,2021,2021,9,5,4,2209,17,106,2205,0,1,2,-34.571513,150.816431,62,0,2,1,1,0,0,0,2,0,7,80,2,14295,14295,3,5,5,2,0,0,1,0
1280474,4,2021,2021,10,4,9,1,4,20,34609,0,1,1,-33.404365,151.465477,16,2,2,0,0,0,0,0,3,0,7,50,0,368,368,9,10,28,2,0,1,0,0
1280475,1,2021,2021,2,6,11,916,17,66,917,0,1,9,-32.81255,151.656339,48,0,2,1,2,0,3,4,0,0,0,90,2,775,775,4,5,0,3,0,0,0,1
1280476,2,2021,2021,10,2,6,296,27,187,293,0,1,9,-33.886001,150.975237,15,0,2,1,1,0,0,0,2,1,7,60,2,14295,14295,3,10,0,2,0,0,3,0
1280477,2,2021,2021,9,3,6,82,31,370,49,0,1,10,-34.074474,150.826408,13,0,2,1,0,0,0,0,2,2,7,60,1,14295,14295,3,5,13,2,0,0,1,0
1280479,2,2021,2021,2,2,8,1,27,9,34609,0,1,10,-32.551211,149.630897,44,2,1,1,0,0,0,0,2,0,15,60,0,6545,6545,4,0,5,2,0,0,4,1
1280490,4,2021,2021,9,2,7,103,36,10,34609,0,1,1,-31.943653,152.440759,43,2,1,1,0,0,0,0,2,0,7,80,0,4026,4026,8,0,40,1,0,1,0,0
1280512,4,2021,2021,9,4,5,3,27,2,34609,0,1,11,-33.57386,150.627853,29,2,2,0,0,0,3,4,2,0,15,50,0,3775,3775,0,22,10,2,0,1,0,0
1280513,2,2021,2021,10,3,9,4,27,91,34609,0,1,1,-33.986451,150.87753,13,0,2,1,2,0,0,0,0,0,7,50,0,9859,9859,8,10,40,1,0,0,1,0
1280514,2,2021,2021,9,3,8,9,27,1,34609,0,1,1,-34.467029,150.012388,74,1,0,0,0,2,3,3,3,0,7,100,0,1850,1463,5,16,40,1,0,0,1,0
1280515,4,2021,2021,9,1,7,2126,17,80,2149,0,1,9,-33.746681,150.678478,55,0,2,0,1,0,0,0,2,0,0,60,2,4552,5151,8,16,40,1,0,1,0,0
1280518,4,2021,2021,9,0,10,2,31,67,34609,0,1,1,-33.403976,151.33661,16,2,2,1,2,0,0,0,0,0,7,50,0,1945,1945,5,0,40,1,0,1,0,0
1280520,2,2021,2021,10,4,11,2,27,4,34609,0,1,1,-31.756285,152.748442,43,1,0,0,2,2,0,0,0,0,7,100,0,4552,5151,8,9,40,1,0,0,2,0
1280522,2,2021,2021,9,4,4,39,27,57,147,0,1,1,-28.636304,153.551696,10,2,1,1,0,0,0,0,2,0,7,60,1,14295,14295,3,5,13,3,0,0,3,1
1280524,2,2022,2022,4,3,3,2126,17,179,2149,0,1,2,-33.761976,150.733935,55,0,2,1,1,0,0,3,1,0,7,60,2,9859,9859,1,30,0,3,0,0,1,0
1280525,2,2021,2021,2,0,9,9,1,163,34609,0,1,10,-33.855105,151.098224,14,0,2,1,1,0,0,0,2,0,15,50,0,6545,6545,4,5,5,2,0,0,1,0
1280529,4,2021,2021,9,1,2,21,31,179,66,0,1,1,-31.909038,152.452098,43,2,1,1,1,0,3,4,0,0,7,60,1,9859,9859,8,0,40,1,0,3,1,0
1280537,4,2021,2021,9,4,8,1,10,194,34609,0,1,1,-30.502309,151.685905,1,1,0,1,0,2,3,4,2,0,7,100,0,4026,4026,8,10,40,1,0,1,0,0
1280540,4,2021,2021,2,5,9,3,36,3,34609,0,1,1,-29.197566,152.121541,51,1,0,1,0,2,3,4,2,0,7,100,0,1945,1945,5,16,40,1,0,1,0,0
1280544,4,2021,2021,9,2,2,35,27,9,49,0,1,1,-31.226353,150.813338,70,1,0,1,0,0,0,0,0,0,7,100,1,1945,1945,5,0,40,1,0,1,0,0
1280545,4,2021,2021,2,5,4,2126,17,40,2149,0,1,1,-33.711938,150.520829,8,2,2,0,0,0,0,0,2,0,7,80,2,204,204,1,5,5,2,0,1,0,0
1280547,2,2022,2022,4,3,6,222,27,562,34609,1,0,10,-32.268022,148.609835,22,2,1,1,1,0,0,0,2,0,15,50,0,6545,6545,4,0,5,2,0,0,1,0
1280548,4,2021,2021,2,2,2,15,31,99,34609,0,1,0,-33.888926,151.27524,76,0,2,1,2,0,0,0,0,0,7,40,0,4026,4026,8,5,40,1,0,1,0,0
1280552,2,2021,2021,2,5,9,230,27,173,284,0,1,10,-33.78155,151.113575,61,0,2,1,1,0,0,0,2,1,7,70,2,14295,14295,3,5,5,2,0,0,2,0
1280553,2,2021,2021,9,6,1,829,27,125,770,0,1,2,-33.824809,151.125498,61,0,2,0,2,0,0,3,0,0,7,60,2,4552,5151,8,30,40,1,0,0,1,0
1280555,2,2021,2021,2,1,3,916,17,8,917,0,1,1,-31.766438,150.846764,73,1,0,1,0,0,0,1,1,0,7,100,2,14295,14295,3,3,35,2,0,0,1,0
1280556,4,2021,2021,2,5,7,348,17,105,232,0,1,1,-32.599375,149.58774,44,2,1,1,0,0,0,0,2,0,7,50,2,4026,4026,8,5,40,1,0,1,0,0
1280559,1,2021,2021,10,3,5,5,1,179,34609,0,1,9,-31.897583,152.462601,43,2,1,1,1,0,0,0,2,0,7,50,0,1282,1282,1,33,27,2,0,0,0,1
1280569,4,2021,2021,2,3,10,224,27,387,321,0,1,1,-33.924251,151.195712,4,0,2,1,2,0,0,0,0,0,7,50,2,1669,1669,3,16,36,2,0,1,0,0
1280579,1,2021,2021,2,1,7,50,27,169,382,0,1,10,-33.777236,150.848196,7,0,2,1,3,0,0,0,2,3,7,60,2,14295,14295,3,21,13,2,0,0,0,1
1280580,1,2022,2022,4,0,5,100,27,127,799,0,1,10,-33.896585,151.152514,32,0,2,1,3,0,3,3,2,2,7,60,2,256,256,4,5,36,2,0,0,0,1
1280583,2,2022,2022,4,5,6,224,27,26,321,0,1,9,-33.910162,151.202342,69,0,2,1,3,0,0,0,2,2,7,50,2,1391,1391,1,5,5,2,0,0,1,0
1280584,4,2021,2021,2,0,8,154,27,55,244,0,1,10,-33.902142,151.083601,67,0,2,1,3,0,0,0,2,2,7,60,2,9859,9859,8,5,40,1,0,1,0,0
1280589,1,2021,2021,2,5,7,330,27,106,605,0,1,10,-33.684263,151.303697,50,0,2,1,3,0,0,0,2,0,7,70,2,14295,14295,3,30,5,3,0,0,0,1
1280592,1,2021,2021,9,0,7,230,27,197,284,0,1,11,-33.79651,151.137084,61,0,2,1,3,0,0,0,2,2,7,80,2,14295,14295,3,5,5,3,0,0,0,1
1280596,1,2021,2021,11,1,6,4,27,91,2,0,1,9,-33.991272,150.884598,13,0,2,1,0,0,0,0,2,0,0,60,1,2852,2852,4,5,19,2,0,0,0,1
1280597,2,2022,2022,4,1,6,18,27,111,16,1,0,10,-33.919787,151.249668,59,0,2,1,3,0,0,0,2,0,15,50,1,6545,6545,4,5,5,2,0,0,1,0
1280600,2,2022,2022,4,4,8,12,31,58,43,0,1,1,-28.550906,153.546799,10,2,1,1,3,0,3,0,2,0,7,60,1,941,941,1,21,5,2,0,0,1,0
1280610,1,2021,2021,1,5,7,194,27,294,26,0,1,9,-33.935337,150.927099,41,0,2,1,2,0,0,0,2,0,0,60,2,1945,1945,5,16,40,1,0,0,0,1
1280611,4,2021,2021,9,2,0,2209,17,166,2205,1,0,1,-33.900468,151.17824,32,0,2,1,2,0,0,0,0,0,7,40,2,190,190,1,22,5,2,0,1,0,0
1280612,4,2021,2021,2,0,3,222,27,54,40,0,1,10,-33.616037,150.901486,29,2,2,1,1,0,3,3,2,0,0,80,1,6545,6545,4,5,22,2,0,1,0,0
1280613,1,2021,2021,2,0,6,191,27,33,208,1,0,1,-33.797803,151.095594,61,0,2,1,0,0,0,0,2,0,7,60,2,3775,3775,0,5,25,3,0,0,0,1
1280622,1,2021,2021,9,2,11,133,17,22,121,0,1,1,-36.918958,149.228358,65,2,1,0,0,0,0,0,0,0,7,80,2,2585,4009,8,10,40,1,0,0,0,1
1280626,2,2021,2021,2,3,10,2,7,5,34609,0,1,4,-35.704502,150.192206,23,2,1,0,1,0,0,0,3,0,7,50,0,4552,5151,8,5,40,1,0,0,1,0
1280627,2,2021,2021,9,5,8,16,31,161,115,0,1,1,-33.726129,151.158841,36,0,2,1,2,0,0,0,2,2,9,60,1,2040,2040,9,21,28,2,0,0,1,0
1280628,2,2021,2021,2,1,9,3371,17,44,3342,0,1,9,-32.386731,152.237528,43,1,0,1,1,0,0,0,2,0,0,100,2,14295,14295,3,5,5,2,0,0,1,0
1280632,1,2021,2021,2,4,8,346,17,46,332,0,1,1,-28.812845,153.269575,39,2,1,1,3,0,0,0,2,0,7,60,2,1391,1391,1,5,36,2,0,0,0,1
1280635,1,2021,2021,2,1,8,829,27,124,770,0,1,2,-33.809526,151.030052,54,0,2,1,3,0,3,4,2,0,7,60,2,14295,14295,3,0,5,3,0,0,0,2
1280637,2,2021,2021,9,2,5,829,27,165,770,0,1,2,-33.846963,151.151854,14,0,2,1,3,0,0,0,2,0,7,60,2,1282,1282,1,5,19,2,0,0,1,0
1280638,2,2022,2022,4,1,4,2261,17,30,2252,0,1,9,-34.805178,148.565378,30,1,0,0,3,0,0,0,2,0,0,110,2,1957,4009,8,0,40,1,0,0,1,0
1280639,2,2021,2021,9,6,3,1104,14,149,962,0,1,3,-33.817061,150.9683,21,0,2,1,0,0,0,6,2,0,7,90,2,14295,14295,3,5,0,2,0,0,1,0
1280643,2,2021,2021,2,6,8,222,27,74,70,0,1,9,-33.730243,151.052742,31,0,2,1,1,0,3,4,2,0,7,60,2,2852,2852,4,0,41,2,0,0,1,0
1280650,4,2021,2021,2,2,7,2,27,36,27,1,0,9,-34.4533,149.468365,74,2,1,1,1,0,0,0,2,0,7,50,1,1945,1945,5,15,40,1,0,1,0,0
1280660,4,2021,2021,11,6,1,10,31,49,34609,0,1,10,-32.989845,151.680423,37,0,2,1,2,0,0,0,0,0,9,60,0,9859,9859,8,16,40,1,0,1,0,1
1280661,1,2021,2021,9,0,8,36,27,290,55,0,1,10,-33.84547,150.973907,21,0,2,1,1,0,3,4,2,0,15,50,1,591,591,1,22,13,2,0,0,0,1
1280662,2,2021,2021,2,3,0,13,10,14,6,0,1,1,-36.179195,150.131245,23,2,1,1,0,0,0,0,0,0,7,80,1,4026,4026,8,10,40,1,0,0,1,0
1280663,1,2021,2021,2,2,2,92,27,129,244,0,1,10,-33.897486,151.099615,9,0,2,1,2,0,0,0,1,2,7,60,2,6545,6545,4,0,5,2,0,0,0,1
1280665,4,2021,2021,2,2,8,117,27,154,34609,0,1,1,-33.710733,150.96949,71,0,2,1,3,0,0,0,2,0,7,50,0,9859,9859,1,5,5,2,0,1,0,0
1280666,2,2021,2021,9,0,7,39,27,169,147,0,1,1,-28.63746,153.573588,10,2,1,1,0,0,0,0,2,0,7,80,1,1109,787,1,10,36,2,0,0,1,0
1280669,2,2021,2021,2,2,9,31,23,139,187,0,1,9,-33.873373,151.137143,32,0,2,1,1,0,0,0,3,3,7,60,2,395,395,1,0,5,2,0,0,1,0
1280671,2,2021,2021,10,4,3,177,31,314,208,0,1,7,-33.860453,150.927899,24,0,2,1,0,0,0,0,2,0,0,60,1,6545,6545,4,0,5,2,0,0,1,1
1280672,4,2021,2021,10,3,5,137,31,98,34609,0,1,1,-33.004836,151.596673,37,0,2,1,1,0,0,0,2,0,7,50,0,238,238,9,10,28,2,0,1,0,0
1280673,2,2021,2021,9,0,4,2126,17,75,2149,0,1,9,-33.709232,150.352707,8,2,2,1,0,0,3,1,2,0,15,80,2,2852,2852,4,5,5,2,0,0,1,0
1280680,2,2021,2021,9,0,9,89,27,182,228,1,0,10,-32.839025,151.343178,17,2,1,1,2,0,0,0,3,0,0,60,1,14295,14295,3,5,0,2,0,0,2,0
1280681,1,2021,2021,9,5,7,127,31,19,118,0,1,2,-29.868571,150.571744,51,2,1,1,1,0,0,0,2,0,7,50,2,14295,14295,3,10,5,2,0,0,0,1
1280682,4,2021,2021,2,3,11,2,1,12,34609,0,1,1,-34.43136,150.87268,80,0,2,0,2,0,0,0,0,0,7,50,0,4552,5151,1,5,0,2,0,1,2,0
1280686,2,2021,2021,2,4,10,39,10,42,65,0,1,7,-33.705546,150.942885,71,0,2,0,2,0,3,4,0,0,0,60,1,3775,3775,0,5,12,2,0,0,1,0
1280688,1,2021,2021,2,1,3,102,31,139,187,0,1,9,-33.873428,151.137146,32,0,2,1,3,0,0,0,2,2,7,60,2,395,395,1,0,5,2,0,0,0,1
1280694,2,2022,2022,4,6,8,51,31,166,34609,0,1,10,-33.421988,149.58281,3,2,1,1,3,0,0,0,2,0,0,50,0,6545,6545,4,5,5,2,0,0,1,0
1280697,4,2021,2021,2,0,9,1,27,3,34609,0,1,1,-34.533791,146.951415,51,1,0,1,0,0,0,0,0,0,7,100,0,1945,1945,5,9,40,1,0,1,0,0
1280700,4,2021,2021,9,5,8,2209,17,176,2205,0,1,10,-33.95712,151.137755,4,0,2,1,1,0,0,0,2,2,7,60,2,6545,6545,4,5,27,2,0,1,0,0
1280701,2,2021,2021,9,0,5,14,27,50,34609,0,1,1,-33.622877,150.835937,29,2,2,1,0,0,3,4,2,0,7,50,0,1981,1981,4,30,5,2,0,0,2,0
1280706,2,2022,2022,4,0,6,2261,17,68,2252,0,1,2,-34.773399,148.821392,82,1,0,0,3,0,3,4,2,0,7,110,2,1850,1463,5,9,40,1,0,0,1,0
1280711,2,2022,2022,4,0,4,40,27,143,34609,0,1,1,-33.701516,151.113941,31,0,2,1,3,0,3,3,2,0,7,50,0,1282,1282,1,5,40,3,0,0,1,0
1280713,2,2022,2022,4,6,5,1,31,83,34609,0,1,2,-29.706034,152.942894,18,2,1,1,3,0,0,0,2,2,9,50,0,14295,14295,3,0,5,2,0,0,1,0
1280714,2,2021,2021,2,2,6,5,31,60,34609,0,1,1,-33.836738,151.155821,51,0,2,1,0,0,0,0,2,0,7,50,0,1981,1981,4,0,19,2,0,0,1,0
1280715,2,2021,2021,9,0,9,1052,14,77,928,0,1,3,-33.538635,151.198751,16,1,2,1,1,0,0,0,3,0,7,110,2,14295,14295,3,10,0,5,0,0,2,1
1280716,2,2021,2021,9,0,8,100,27,41,799,0,1,1,-33.904909,151.12985,15,0,2,1,1,0,3,3,2,0,7,60,2,1981,1981,4,21,19,2,0,0,1,0
1280717,2,2022,2022,4,3,1,13,27,5,34609,0,1,1,-35.564556,149.806223,58,1,0,0,3,0,3,4,0,0,7,100,0,4552,5151,8,5,40,1,0,0,1,0
1280719,1,2021,2021,9,5,7,23,27,179,66,0,1,9,-31.891755,152.444898,43,2,1,1,3,0,0,0,2,0,0,60,1,2852,2852,4,30,5,2,0,0,0,1
1280725,4,2021,2021,2,4,7,104,27,63,140,0,1,2,-33.924251,151.213191,4,0,2,0,1,0,0,0,2,0,7,60,2,3775,3775,0,5,0,2,0,1,0,0
1280726,4,2021,2021,2,1,11,1,27,1,34609,0,1,1,-32.282417,150.939051,46,2,1,0,0,2,3,4,0,0,7,60,0,1259,5151,8,5,40,1,0,1,2,0
1280731,2,2021,2021,2,4,3,119,31,188,140,0,1,9,-33.928488,151.103935,15,0,2,1,1,0,0,0,2,0,15,50,1,515,515,1,9,19,2,0,0,1,0
1280732,4,2021,2021,2,0,5,1,31,69,34609,0,1,10,-28.551249,153.49867,10,2,1,1,1,0,0,0,2,0,0,50,0,14295,14295,3,16,0,2,0,1,0,0
1280735,2,2021,2021,2,3,0,175,27,21,220,0,1,9,-33.731262,150.921332,7,0,2,1,2,0,0,0,0,2,7,70,2,5929,5929,1,5,5,2,0,0,1,0
1280739,2,2022,2022,4,6,1,4,31,22,34609,0,1,1,-36.061966,146.909921,0,2,1,1,2,0,0,0,0,0,7,60,0,1945,1945,5,16,40,1,0,0,1,0
1280740,4,2022,2022,4,3,8,475,10,42,268,0,1,9,-33.910799,150.900755,41,0,2,1,0,0,0,0,2,2,7,70,2,312,312,2,16,40,1,0,1,0,0
1280743,4,2021,2021,9,5,6,84,27,147,415,0,1,9,-33.752015,151.144294,36,0,2,0,0,0,0,3,2,0,7,70,2,4552,5151,8,0,40,4,0,1,0,0
1280744,2,2021,2021,2,4,8,109,27,18,174,0,1,9,-32.989702,151.521852,37,0,2,1,1,0,0,0,2,0,15,80,2,2852,2852,4,5,5,2,0,0,2,0