Crash ID,Degree of crash - detailed,Reporting year,Year of crash,Month of crash,Day of week of crash,Two-hour intervals,Street of crash,Street type,Town,Route no.,School zone location,School zone active,Type of location,Latitude,Longitude,LGA,Urbanisation,Conurbation 1,Alignment,Street lighting,Road surface,Surface condition,Weather,Natural lighting,Signals operation,Other traffic control,Speed limit,Road classification,RUM - code,DCA - code,First impact type,Key TU type,Other TU type,No. of traffic units involved,No. killed,No. seriously injured,No. moderately injured,No. minor-other injured
1280745,2,2022,2022,4,4,5,916,17,31,917,0,1,9,-31.12688,150.924023,70,2,1,1,0,0,0,0,2,0,7,60,2,1109,787,1,0,0,2,0,0,1,0
1280746,2,2021,2021,11,0,5,63,27,224,605,0,1,2,-33.822925,151.243391,45,0,2,0,1,0,0,0,2,0,7,60,2,2040,2040,9,5,28,2,0,0,1,0
1280748,2,2021,2021,2,3,5,45,3,33,331,0,1,2,-34.061114,150.727163,12,0,2,1,1,0,0,0,2,0,0,80,2,14295,14295,3,21,0,2,0,0,1,0
1280750,2,2021,2021,2,5,4,168,27,20,34609,1,2,1,-33.794921,151.097238,61,0,2,1,0,0,0,0,2,0,7,40,0,2040,2040,9,5,28,2,0,0,1,0
1280751,4,2021,2021,2,1,5,89,17,82,34609,0,1,1,-34.371594,150.897155,80,0,2,1,1,0,0,0,2,0,7,50,0,1220,1220,9,5,28,2,0,1,0,0
1280752,4,2022,2022,4,5,10,5,27,132,34609,0,1,1,-29.849015,151.096974,33,1,0,0,0,0,0,0,0,0,7,100,0,2585,4009,8,5,40,1,0,1,1,0
1280753,2,2021,2021,2,2,10,42,27,128,231,0,1,10,-33.42321,151.319645,16,2,2,1,2,0,0,0,0,2,7,60,2,5929,5929,1,10,0,2,0,0,1,0
1280754,1,2021,2021,9,3,5,3371,17,73,3342,0,1,9,-33.7719,151.161793,36,0,2,1,0,0,3,4,2,0,7,60,2,14295,14295,3,10,0,2,0,0,0,1
1280756,2,2021,2021,2,0,7,149,36,120,113,1,2,9,-32.218195,152.529107,43,2,1,1,1,0,0,0,2,0,0,40,1,1669,1669,3,9,5,2,0,0,2,0
1280760,4,2021,2021,2,1,6,293,27,15,34609,0,1,9,-32.991857,151.597233,37,0,2,1,1,0,0,0,2,0,7,60,0,2852,2852,4,0,36,2,0,1,0,0
1280761,2,2022,2022,4,2,9,5,27,194,34609,0,1,1,-30.459067,151.591523,1,1,0,1,0,0,0,0,2,0,7,100,0,4026,4026,8,10,40,1,0,0,2,0
1280766,4,2021,2021,10,2,10,51,18,12,34609,0,1,1,-34.09002,150.511016,79,2,2,1,0,0,3,4,0,0,7,80,0,4026,4026,8,5,40,1,0,1,0,1
1280769,2,2021,2021,2,6,5,9,31,226,34609,0,1,10,-33.777988,150.821341,7,0,2,1,0,0,0,0,2,0,0,50,0,6545,6545,4,10,5,2,0,0,1,1
1280775,1,2021,2021,2,5,4,15,27,247,38,0,1,10,-33.81762,150.933852,21,0,2,1,3,0,0,0,2,2,7,60,2,14295,14295,3,5,5,3,0,0,0,1
1280777,1,2021,2021,9,2,11,251,27,115,212,0,1,2,-33.753492,151.224302,50,0,2,1,1,0,3,4,0,0,7,70,2,190,190,1,5,33,2,0,0,0,1
1280778,2,2022,2022,4,1,6,9,27,4,34609,0,1,1,-31.898953,152.610301,43,2,1,1,1,0,0,0,2,0,7,80,0,1945,1945,5,8,40,1,0,0,1,0
1280782,4,2021,2021,9,3,9,54,27,646,30,0,1,9,-33.914597,151.040054,15,0,2,1,1,0,3,4,2,2,7,60,1,5929,5929,1,5,0,2,0,2,0,0
1280785,2,2021,2021,9,6,6,348,17,32,232,0,1,9,-32.370986,149.531923,44,2,1,0,3,0,0,0,2,0,7,80,2,2585,777,8,5,40,1,0,0,1,0
1280788,2,2021,2021,9,3,6,47,27,161,34609,0,1,10,-33.717531,151.160881,36,0,2,1,1,0,3,4,2,0,15,50,0,6545,6545,4,5,5,3,0,0,2,0
1280789,1,2021,2021,2,6,7,69,31,646,563,0,1,10,-33.921534,151.039424,15,0,2,1,3,0,0,0,2,2,7,70,2,14295,14295,3,10,0,2,0,0,0,2
1280791,4,2021,2021,9,0,7,9,27,7,10,0,1,1,-35.993415,148.399046,66,2,1,0,3,2,3,6,2,0,7,60,0,380,714,5,16,40,1,0,1,0,0
1280796,1,2021,2021,2,3,5,19,27,72,34609,0,1,2,-34.016154,151.012875,68,0,2,1,3,0,0,0,2,0,7,60,0,14295,14295,3,0,0,2,0,0,0,1
1280800,2,2021,2021,2,1,7,42,36,6,6,0,1,1,-36.810427,148.403366,65,1,0,0,3,2,0,0,2,0,7,100,1,3775,3775,0,0,0,2,0,0,1,0
1280801,2,2022,2022,4,6,4,2,10,5,34609,0,1,1,-28.559806,153.473404,10,2,1,0,0,0,3,4,2,0,7,50,0,273,957,5,0,40,1,0,0,1,0
1280803,2,2021,2021,2,0,7,330,23,150,233,0,1,2,-33.923876,151.227824,59,0,2,1,0,0,3,4,2,0,7,50,2,340,340,9,32,28,2,0,0,1,0
1280807,4,2022,2022,4,3,6,1,27,2,34609,0,1,1,-28.537574,152.937472,51,2,1,0,0,2,0,0,2,0,7,80,0,3775,3775,0,5,13,2,0,1,0,0
1280809,4,2021,2021,9,6,8,23,27,8,34609,0,1,1,-28.753807,153.411285,39,1,0,0,0,0,3,4,3,0,7,100,0,2585,4009,8,0,40,1,0,1,0,0
1280816,4,2021,2021,10,3,6,6,27,202,34609,0,1,1,-33.953481,151.034999,15,0,2,1,1,0,0,0,2,0,7,40,0,3775,3775,0,5,5,3,0,1,2,0
1280818,2,2022,2022,4,5,5,149,36,32,113,0,1,1,-32.388972,152.247728,43,2,1,0,0,0,3,4,2,0,7,80,1,3775,3775,0,5,0,2,0,0,1,1
1280819,4,2021,2021,2,3,3,19,27,18,34609,0,1,1,-34.052793,151.139264,68,0,2,1,0,0,0,3,2,0,7,50,0,1282,1282,1,5,27,2,0,1,0,0
1280821,4,2021,2021,9,3,11,234,27,34,217,0,1,1,-33.491335,151.020304,31,0,2,0,0,0,0,0,0,0,7,90,2,4552,5151,8,0,40,1,0,1,1,0
1280822,4,2021,2021,2,3,5,137,14,24,70,0,1,3,-32.881449,151.583907,37,0,2,1,1,0,0,0,2,0,7,110,2,9859,9859,8,10,40,1,0,1,0,0
1280824,2,2021,2021,9,1,7,153,27,197,147,0,1,9,-33.956233,151.077025,25,0,2,1,3,0,0,0,2,0,0,60,2,2852,2852,4,0,25,2,0,0,1,0
1280825,4,2021,2021,2,2,6,27,27,19,39,0,1,1,-31.196467,151.083339,70,2,1,0,0,0,0,0,2,0,7,80,1,101,101,8,10,13,3,0,1,1,0
1280826,2,2021,2021,9,3,0,62,10,91,169,0,1,1,-32.815587,151.627501,48,0,2,1,0,0,3,4,0,0,7,100,2,9859,9859,8,5,40,1,0,0,1,0
1280829,1,2021,2021,2,6,2,99,27,39,39,0,1,9,-33.55176,150.859303,29,2,2,0,0,0,0,0,1,0,7,80,1,2040,2040,9,10,28,2,0,0,0,1
1280834,2,2021,2021,10,0,10,30,10,3,26,0,1,1,-36.019465,146.232442,51,1,0,0,0,0,0,0,0,0,7,100,2,1259,5151,8,10,40,1,0,0,1,0
1280835,2,2021,2021,2,0,9,2,1,84,34609,0,1,1,-31.108405,150.895039,70,2,1,1,0,0,0,0,2,0,7,50,0,9859,9859,8,5,40,1,0,0,1,0
1280836,4,2021,2021,9,2,7,4,10,85,34609,1,0,1,-33.795255,150.677413,55,0,2,0,1,0,0,0,2,0,7,50,0,4552,5151,8,16,40,1,0,1,0,0
1280837,4,2021,2021,10,0,3,115,27,138,114,0,1,1,-33.884633,151.268235,81,0,2,1,0,0,0,0,2,0,7,50,2,1981,1981,4,5,19,2,0,1,0,0
1280841,4,2021,2021,10,4,4,2,10,83,34609,0,1,1,-30.123999,153.192232,19,2,1,1,1,0,0,0,2,0,7,50,0,1220,1220,9,10,28,2,0,1,0,0
1280844,4,2021,2021,2,2,10,481,17,20,483,0,1,1,-31.10017,149.382983,51,1,0,0,0,0,0,0,0,0,7,110,2,1850,1463,5,3,40,1,0,1,0,0
1280845,2,2021,2021,9,1,4,77,31,5,34609,0,1,1,-32.536319,148.931326,22,2,1,1,1,0,0,3,2,0,7,50,0,4026,4026,1,5,36,3,0,0,1,0
1280853,2,2021,2021,9,4,7,168,10,387,260,0,1,9,-33.935957,151.192855,4,0,2,1,1,0,0,3,2,2,7,60,2,1282,1282,1,15,5,2,0,0,1,0
1280854,2,2021,2021,9,2,7,147,27,224,605,0,1,9,-33.826976,151.231784,45,0,2,1,1,0,0,0,2,2,7,60,2,1383,1383,1,16,5,2,0,0,1,0
1280858,1,2021,2021,2,6,2,2261,17,20,2252,0,1,2,-35.481684,147.577082,75,1,0,1,0,0,0,0,0,0,7,110,2,475,475,5,3,40,1,0,0,0,1
1280859,2,2021,2021,2,0,8,2,31,20,91,0,1,9,-35.024722,149.266112,82,2,1,1,0,0,3,4,2,0,0,50,1,591,591,1,22,40,2,0,0,1,0
1280864,4,2021,2021,2,2,10,18,1,42,26,0,1,10,-36.010069,146.374115,51,2,1,1,2,0,0,0,0,0,0,60,2,6545,6545,4,5,0,2,0,1,0,0
1280866,4,2021,2021,9,1,9,53,36,19,34,0,1,1,-33.386585,148.426586,11,1,0,1,0,0,0,3,3,0,7,100,2,4026,4026,8,10,40,1,0,1,0,0
1280871,2,2022,2022,4,1,7,15,31,460,34609,0,1,10,-33.830776,150.984112,21,0,2,1,3,0,0,0,2,0,15,50,0,6545,6545,4,0,0,2,0,0,1,0
1280872,2,2021,2021,2,2,9,20,31,134,34609,0,1,1,-33.683853,150.874608,7,0,2,1,3,0,0,0,3,0,7,50,0,9859,9859,1,5,0,3,0,0,1,0
1280875,2,2022,2022,4,6,8,11,1,136,11,0,1,2,-32.934956,151.707737,48,0,2,1,3,0,0,0,3,0,7,60,1,1391,1391,1,5,12,2,0,0,1,0
1280876,2,2021,2021,2,1,3,3371,17,14,3342,0,1,9,-33.059737,151.651986,37,0,2,1,3,0,0,0,1,0,7,60,2,14295,14295,3,30,13,8,0,0,1,0
1280878,1,2022,2022,4,6,5,119,31,316,34609,0,1,1,-31.430611,152.921221,56,2,1,1,3,0,0,0,2,0,7,50,0,1981,1981,4,5,0,2,0,0,0,1
1280884,4,2021,2021,9,5,4,31,27,17,41,0,1,1,-33.681486,151.151217,36,0,2,0,0,0,3,4,2,0,7,60,2,1850,1463,5,22,40,2,0,1,0,0
1280887,2,2022,2022,4,4,6,5,27,40,34609,0,1,1,-34.246205,150.603967,79,2,2,0,3,0,3,3,2,0,7,80,0,4552,5151,8,10,40,1,0,0,1,0
1280891,1,2022,2022,4,1,7,44,27,121,34609,0,1,10,-33.802644,151.289566,50,0,2,1,3,0,0,0,2,0,15,50,0,6545,6545,4,5,41,2,0,0,0,1
1280893,4,2021,2021,10,6,3,191,17,8,189,0,1,1,-32.551569,151.012609,64,1,0,1,0,0,0,0,2,0,7,100,2,3775,3775,0,34,10,2,0,1,0,0
1280894,1,2021,2021,9,6,8,205,27,86,415,0,1,9,-33.708843,151.198923,50,0,2,1,3,0,0,0,2,0,7,90,2,14295,14295,3,9,13,2,0,0,0,1
1280896,1,2021,2021,9,2,1,2209,17,6,2205,0,1,1,-35.802417,150.132155,23,1,0,0,0,0,3,4,0,0,7,100,2,1850,1463,5,16,40,1,0,0,0,1
1280897,4,2022,2022,4,1,8,481,17,8,483,0,1,1,-34.342787,147.083016,51,1,0,0,0,0,0,0,2,0,7,110,2,3775,3775,0,34,2,2,0,1,0,0
1280900,2,2021,2021,10,0,4,481,17,562,483,0,1,9,-32.243773,148.6094,22,2,1,1,1,0,0,0,2,2,7,60,2,5929,5929,1,10,5,2,0,0,2,0
1280901,1,2021,2021,2,4,5,30,25,225,34609,0,1,9,-33.796331,151.184617,77,0,2,1,1,0,0,0,2,0,7,40,0,2040,2040,9,5,28,2,0,0,0,1
1280903,1,2021,2021,2,0,5,34,27,29,34609,0,1,7,-35.129837,147.336119,75,2,1,1,1,0,0,0,2,0,0,50,0,14295,14295,3,0,0,3,0,0,0,1
1280908,2,2021,2021,2,6,9,34,31,145,140,0,1,1,-33.926259,151.130953,15,0,2,1,0,0,0,0,2,0,7,50,1,3775,3775,0,5,41,2,0,0,1,0
1280909,2,2021,2021,2,2,0,3,31,103,34609,0,1,9,-34.308554,148.304467,30,2,1,1,2,0,0,0,0,0,7,50,0,186,186,9,10,28,2,0,0,1,0
1280910,4,2022,2022,4,0,9,6,31,147,125,0,1,1,-33.87322,151.007093,21,0,2,1,1,0,0,0,2,0,7,60,1,3775,3775,0,5,5,2,0,1,1,0
1280911,2,2022,2022,4,1,5,112,27,79,769,0,1,1,-33.572123,150.711133,29,2,2,0,0,0,3,0,2,0,7,80,2,1957,4009,8,10,40,1,0,0,1,0
1280912,1,2022,2022,4,1,7,30,27,9,39,0,1,1,-35.62254,149.479557,58,1,0,0,0,2,0,0,2,0,7,100,1,1957,4009,8,0,40,1,0,0,0,1
1280918,1,2022,2022,4,5,6,114,27,9,228,0,1,1,-33.51966,150.952472,71,0,2,1,3,2,0,0,2,0,7,80,2,9859,9859,8,5,40,1,0,0,0,1
1280921,1,2021,2021,2,0,9,2126,17,323,2149,0,1,10,-33.787231,150.848235,7,0,2,1,3,0,0,0,3,0,0,80,2,2852,2852,4,5,5,2,0,0,0,1
1280923,1,2021,2021,9,4,10,9,10,46,29,0,1,9,-32.919323,151.677862,48,0,2,0,3,0,3,6,0,0,7,60,1,214,214,9,33,28,2,0,0,0,1
1280925,4,2021,2021,2,5,8,135,17,93,136,0,1,10,-36.076473,146.936459,0,2,1,1,2,0,0,0,2,0,0,60,2,6545,6545,4,10,0,2,0,1,0,0
1280929,1,2021,2021,2,4,9,330,27,108,605,1,0,2,-33.76154,151.272181,50,0,2,0,1,0,3,4,2,0,7,60,2,1282,1282,1,30,18,2,0,0,0,1
1280935,2,2021,2021,9,1,6,43,31,104,117,0,1,1,-32.915663,151.703802,48,0,2,1,0,0,0,0,2,0,7,60,2,190,190,1,10,5,2,0,0,1,0
1280937,4,2021,2021,9,5,11,11,27,92,34609,0,1,1,-33.409372,151.362484,16,2,2,1,0,0,0,0,0,0,7,50,0,4026,4026,8,5,40,1,0,1,0,0
1280938,1,2022,2022,4,6,3,26,27,140,34609,0,1,9,-33.785342,150.823152,7,0,2,1,1,0,3,0,2,0,7,50,0,2852,2852,4,0,12,2,0,0,0,1
1280940,2,2021,2021,2,6,9,20,31,149,260,0,1,9,-33.991986,151.143569,4,0,2,1,1,0,0,0,2,0,0,60,2,2852,2852,4,10,5,2,0,0,2,0
1280942,2,2021,2021,9,6,8,161,17,10,161,0,1,1,-35.588324,148.341305,66,2,1,0,0,0,3,3,2,0,7,60,2,2585,4009,8,8,40,1,0,0,1,0
1280943,4,2021,2021,10,3,5,1,27,2,34609,0,1,1,-34.021053,148.816118,30,1,0,0,0,2,0,0,2,0,7,100,0,4552,5151,8,0,40,1,0,1,1,0
1280946,4,2021,2021,9,1,9,2126,17,104,2149,0,1,9,-33.835001,151.021825,54,0,2,1,1,0,0,0,2,0,6,60,2,5929,5929,1,0,5,2,0,1,1,0
1280948,2,2021,2021,10,5,11,330,23,6,233,0,1,2,-33.985648,151.234791,59,0,2,1,2,0,0,0,0,0,7,50,1,4026,4026,1,5,22,2,0,0,1,0
1280949,1,2021,2021,10,3,6,32,27,5,34609,0,1,1,-34.565939,149.454188,74,1,0,0,0,0,0,0,2,0,7,100,0,782,957,5,16,40,1,0,0,0,1
1280950,4,2021,2021,10,3,9,21,27,26,11,0,1,1,-32.75277,151.381945,17,2,1,0,0,0,0,0,2,0,7,80,1,2585,4009,8,5,40,1,0,2,0,0
1280952,4,2021,2021,10,2,9,2,27,4,34609,0,1,1,-33.340221,149.094426,52,2,1,1,0,2,0,0,3,0,7,80,0,3775,3775,0,16,5,2,0,1,1,0
1280953,4,2022,2022,4,6,3,1052,14,173,928,0,1,3,-33.7093,151.116725,31,0,2,1,0,0,0,0,2,0,7,80,2,1383,1383,1,8,13,3,0,1,1,0
1280954,1,2022,2022,4,5,8,3,31,12,2,0,1,9,-35.655636,145.810628,51,2,1,1,0,0,0,0,2,0,0,50,1,4026,4026,8,34,40,1,0,0,0,1
1280955,2,2021,2021,10,0,9,20,1,113,10,0,1,1,-29.479411,149.83629,51,2,1,1,2,0,0,0,3,0,7,50,1,14295,14295,3,16,19,2,0,0,1,2
1280960,2,2021,2021,9,1,3,2,31,228,34609,0,1,1,-34.748952,149.707748,26,2,1,1,3,0,0,3,1,0,7,50,0,9859,9859,8,5,40,1,0,0,1,0
1280962,4,2021,2021,2,6,10,255,27,160,260,0,1,9,-33.088141,151.499575,37,0,2,1,1,0,0,0,0,0,7,60,2,5929,5929,1,5,13,2,0,1,1,0
1280963,1,2021,2021,2,4,10,118,31,129,34609,0,1,1,-33.925557,151.086994,15,0,2,1,2,0,3,4,2,0,7,50,0,14295,14295,3,10,0,3,0,0,0,2
1280964,2,2021,2021,2,5,7,110,27,41,173,0,1,2,-34.396675,150.867509,80,0,2,1,0,0,0,0,2,0,7,80,2,14295,14295,3,10,5,3,0,0,1,0
1280967,2,2021,2021,2,2,7,280,10,46,240,1,0,1,-33.885183,150.967593,24,0,2,1,1,0,0,0,2,0,7,60,2,5929,5929,1,5,5,2,0,0,4,0
1280978,2,2021,2021,9,1,9,293,31,532,55,0,1,10,-33.863272,151.212887,69,0,2,1,1,0,0,0,2,2,9,40,1,5929,5929,1,5,19,2,0,0,1,0
1280979,2,2022,2022,4,0,5,2261,17,523,2252,0,1,10,-33.919475,150.919506,41,0,2,1,3,0,3,4,2,2,7,60,2,14295,14295,3,0,0,2,0,0,1,0
1280982,1,2022,2022,4,6,6,225,17,50,180,0,1,1,-34.570649,150.66818,62,0,2,0,3,0,3,4,2,0,7,60,2,1957,4009,8,10,40,1,0,0,0,1
1280984,4,2021,2021,2,1,6,7,36,6,103,0,1,1,-32.242878,151.929723,43,2,1,1,0,0,0,0,2,0,7,80,1,4026,4026,8,10,40,1,0,1,0,0
1280985,4,2021,2021,9,5,7,43,1,169,16,0,1,9,-33.760568,150.846801,7,0,2,1,1,0,0,3,2,2,7,60,2,2852,2852,4,8,13,2,0,1,1,0
1280986,1,2022,2022,4,0,8,293,31,179,34609,1,0,1,-31.910807,152.463101,43,2,1,1,3,0,0,0,2,0,7,50,0,941,941,1,5,0,2,0,0,0,1
1280988,4,2021,2021,2,4,8,10,31,169,34609,0,1,1,-28.642497,153.61078,10,2,1,1,0,0,0,0,2,0,7,50,0,2040,2040,9,5,28,2,0,1,0,0
1280989,2,2022,2022,4,0,2,1052,14,207,928,0,1,3,-33.576804,151.192793,31,0,2,0,3,0,3,4,1,0,7,110,2,4552,5151,8,10,40,1,0,0,1,0
1280992,2,2021,2021,2,5,10,133,31,91,34609,0,1,9,-32.970572,151.649117,37,0,2,1,2,0,0,0,0,0,0,50,0,4552,985,8,5,40,1,0,0,1,0
1280996,2,2021,2021,2,2,6,120,36,43,148,0,1,1,-30.468339,152.985715,6,2,1,0,0,0,3,4,2,0,7,80,2,380,714,5,9,40,1,0,0,1,0
1280998,2,2021,2021,2,5,10,36,31,218,70,0,1,9,-33.767638,150.779989,55,0,2,1,2,0,0,0,0,2,7,60,1,5929,5929,1,10,5,2,0,0,1,0
1281000,2,2021,2021,2,0,8,6,27,562,34609,0,1,10,-32.194139,148.564425,22,1,0,1,0,0,0,0,2,0,0,100,0,6545,6545,4,30,0,2,0,0,2,1
1281002,1,2021,2021,9,2,7,39,27,112,51,0,1,1,-33.665818,151.07938,31,0,2,0,0,0,3,4,2,0,0,60,2,1850,1463,5,15,40,1,0,0,0,1
1281003,2,2022,2022,4,5,5,26,27,16,25,0,1,9,-31.947198,152.50148,43,1,0,1,1,0,0,0,2,0,7,90,1,1669,1669,3,0,13,2,0,0,1,0
1281006,4,2021,2021,10,3,6,866,17,157,793,1,0,10,-33.793912,151.018077,54,0,2,1,1,0,0,0,2,2,7,60,2,14295,14295,3,16,5,2,0,1,0,0
1281008,1,2021,2021,2,1,4,9,31,226,34609,0,1,10,-33.780132,150.820899,7,0,2,1,3,0,0,0,2,0,0,50,0,6545,6545,4,5,0,2,0,0,0,1
1281011,4,2021,2021,10,6,0,387,27,1,34609,0,1,9,-31.795393,152.602972,43,2,1,1,0,2,0,0,0,0,7,50,0,945,945,5,16,40,1,0,1,0,0
1281014,1,2021,2021,10,5,8,205,27,86,415,0,1,6,-33.701169,151.211889,50,0,2,1,1,0,0,0,2,0,7,80,2,14295,14295,3,0,0,2,0,0,0,2
1281015,2,2021,2021,2,0,6,115,27,138,114,0,1,1,-33.881898,151.269906,76,0,2,1,1,0,0,0,2,0,7,50,2,1282,1282,1,0,27,2,0,0,1,0
1281016,4,2021,2021,2,2,3,48,27,70,166,0,1,10,-33.254771,151.498354,16,2,2,1,0,0,0,0,2,0,0,50,2,6545,6545,4,10,5,2,0,1,0,0
1281017,2,2022,2022,4,1,6,7,10,66,34609,0,1,7,-32.933423,151.643559,37,0,2,0,1,0,0,0,2,0,0,40,0,256,256,4,0,5,2,0,0,1,0
1281020,4,2021,2021,2,1,8,53,31,147,125,1,0,1,-33.879887,151.007411,15,0,2,1,0,0,0,0,2,0,7,60,1,1109,397,1,5,5,2,0,1,0,0
1281025,2,2022,2022,4,3,9,2126,17,78,2149,0,1,10,-33.865165,151.088814,14,0,2,1,1,0,0,0,2,2,7,60,2,5929,5929,1,5,5,2,0,0,1,0
1281029,4,2022,2022,4,1,8,2,23,20,34609,0,1,1,-33.978875,151.093124,25,0,2,1,1,0,0,0,2,0,7,50,0,9859,9859,1,16,5,2,0,1,0,0
1281031,2,2021,2021,9,0,8,500,27,91,160,0,1,7,-33.984841,150.893784,13,0,2,1,1,0,0,0,2,0,0,60,2,9859,9859,8,5,40,1,0,0,1,0
1281034,2,2021,2021,2,4,5,25,27,89,208,1,0,7,-33.860287,150.890854,24,0,2,1,0,0,0,0,2,0,0,50,1,6545,6545,4,5,5,2,0,0,1,0
1281035,2,2021,2021,9,2,7,7,23,106,34609,0,1,1,-33.919584,151.089801,15,0,2,1,0,0,0,0,2,0,7,50,0,9859,9859,1,30,36,3,0,0,1,0
1281036,4,2021,2021,9,2,9,118,27,646,118,0,1,10,-33.914482,151.034348,15,0,2,1,2,0,0,0,0,2,7,60,1,5929,5929,1,30,5,2,0,1,0,0
1281037,4,2021,2021,2,4,5,25,31,7,34609,0,1,1,-34.083779,151.151845,68,0,2,0,1,0,0,0,2,0,7,50,0,4552,5151,8,5,40,1,0,1,0,0
1281038,4,2021,2021,2,1,6,3,27,2,34609,0,1,1,-35.340778,150.217364,63,2,1,1,0,2,0,3,2,0,7,50,0,9859,9859,8,16,40,1,0,1,0,0
1281042,1,2021,2021,9,4,5,26,31,65,19,0,1,9,-33.804588,150.957876,21,0,2,1,0,0,0,0,2,2,7,50,1,2852,2852,4,0,5,2,0,0,0,1
1281044,4,2021,2021,9,5,1,916,17,75,917,0,1,2,-32.78572,151.623886,42,1,0,1,0,0,0,0,0,0,7,90,2,9859,9859,8,30,40,1,0,1,0,0
1281047,1,2021,2021,2,1,6,31,27,157,34609,0,1,1,-34.022101,151.105996,68,0,2,1,0,0,0,0,2,0,7,50,0,1981,1981,4,0,10,2,0,0,0,1
1281049,4,2021,2021,2,3,6,19,27,120,34609,0,1,1,-33.765557,150.872977,7,0,2,1,1,0,0,3,2,0,7,50,0,340,340,9,5,28,2,0,1,0,0
1281051,4,2021,2021,9,2,4,25,27,15,260,0,1,9,-32.971592,151.606459,37,0,2,1,0,0,3,0,2,2,9,70,2,1282,1282,1,10,5,2,0,1,0,0
1281052,2,2021,2021,2,4,1,2126,17,62,2149,0,1,10,-33.745921,150.61261,8,2,2,1,2,0,0,0,0,2,7,60,2,395,395,1,5,35,2,0,0,1,0
1281055,2,2021,2021,2,3,7,1052,14,207,928,0,1,3,-33.602869,151.167084,31,0,2,1,0,0,0,0,2,0,7,110,2,4026,4026,8,5,40,1,0,0,1,0
1281056,4,2021,2021,9,1,5,6,10,562,34609,0,1,9,-32.246558,148.584391,22,2,1,1,1,0,0,0,2,0,0,50,0,5929,5929,1,10,19,2,0,1,0,0
1281057,4,2021,2021,2,5,2,308,14,86,311,0,1,3,-33.740315,150.924287,7,0,2,1,1,0,0,0,0,0,7,100,2,4026,4026,8,5,40,1,0,1,0,0
1281058,2,2021,2021,2,6,7,82,27,10,103,0,1,1,-28.414536,153.331746,72,2,1,1,0,0,0,0,2,0,7,50,1,941,941,1,0,13,2,0,0,1,0
1281060,4,2021,2021,2,4,6,1052,14,53,928,0,1,3,-33.681499,151.120534,31,0,2,1,1,0,3,4,2,0,7,110,2,1282,1282,1,10,12,2,0,1,1,0
1281061,2,2021,2021,2,6,10,916,17,172,917,0,1,10,-32.759901,151.593615,42,2,1,1,2,0,3,3,0,2,7,60,2,14295,14295,3,5,5,2,0,0,1,0
1281063,2,2022,2022,4,2,11,1052,14,160,928,0,1,3,-33.114421,151.463303,37,0,2,1,0,0,0,0,0,0,7,110,2,14295,14295,3,3,12,2,0,0,1,0
1281066,4,2022,2022,4,6,7,3,27,562,34609,0,1,9,-32.253065,148.647523,22,2,1,1,1,0,0,0,2,0,7,60,0,4026,4026,8,10,40,1,0,1,0,0
1281067,2,2021,2021,2,2,5,6,31,137,34609,0,1,0,-32.96366,151.696949,37,0,2,1,1,0,0,0,2,0,7,50,0,4026,4026,1,5,0,2,0,0,1,0
1281068,4,2021,2021,9,0,8,1,27,2,34609,0,1,1,-31.034935,151.169668,70,2,1,0,0,2,3,0,2,0,7,80,0,3775,3775,0,5,0,2,0,4,1,1
1281069,2,2021,2021,2,6,6,17,27,24,34609,0,1,9,-34.014874,150.709383,12,0,2,1,0,0,0,0,2,0,15,80,0,2852,2852,4,0,0,2,0,0,1,0
1281070,1,2021,2021,9,5,11,283,27,197,702,1,0,10,-33.952614,151.083519,25,0,2,1,2,0,0,0,0,2,9,60,2,14295,14295,3,16,36,2,0,0,0,1
1281071,4,2021,2021,2,4,6,330,23,98,34609,0,1,9,-30.985348,150.251341,51,2,1,1,0,0,0,0,2,0,15,50,0,2585,777,8,5,40,1,0,1,0,0
1281072,4,2021,2021,9,6,6,2,31,70,34609,0,1,9,-32.740066,151.563362,42,2,1,1,1,0,0,0,2,0,0,50,0,2852,2852,4,16,5,2,0,1,1,0
1281073,2,2021,2021,2,3,0,133,31,139,51,0,1,9,-33.884172,151.143946,32,0,2,1,2,0,0,0,0,0,7,50,1,9859,9859,8,5,40,1,0,0,1,0
1281075,4,2022,2022,4,5,5,6,31,182,174,0,1,1,-32.847414,151.381213,17,2,1,0,1,0,0,0,2,0,7,60,2,3775,3775,0,10,0,2,0,2,2,0
1281078,2,2021,2021,2,2,10,3371,17,13,3342,0,1,2,-29.990774,153.150436,19,1,0,1,3,0,3,4,0,0,7,110,2,9859,9859,8,0,40,1,0,0,1,0
1281079,2,2021,2021,9,0,7,485,27,323,769,1,2,9,-33.753912,150.989831,71,0,2,1,1,0,0,0,2,1,7,40,2,1220,1220,9,5,28,2,0,0,1,0
1281080,2,2022,2022,4,1,10,23,27,523,23,0,1,9,-33.920742,150.90863,41,0,2,1,3,0,0,0,4,0,0,60,1,1282,1282,1,0,5,2,0,0,1,0
1281085,1,2021,2021,2,0,5,31,27,3,46,0,1,1,-33.477264,150.173435,40,2,1,0,3,2,3,1,2,0,7,50,2,4552,5151,8,5,40,1,0,0,0,1
1281089,2,2021,2021,2,6,7,230,27,84,284,1,0,10,-33.772523,151.10088,61,0,2,1,3,0,0,0,2,2,7,70,2,14295,14295,3,0,5,2,0,0,1,1
1281090,2,2022,2022,4,0,7,14,3,82,605,0,1,9,-33.788456,151.265736,50,0,2,0,3,0,0,0,2,2,7,60,2,5929,5929,1,5,5,2,0,0,1,0