Crash ID,Degree of crash - detailed,Reporting year,Year of crash,Month of crash,Day of week of crash,Two-hour intervals,Street of crash,Street type,Town,Route no.,School zone location,School zone active,Type of location,Latitude,Longitude,LGA,Urbanisation,Conurbation 1,Alignment,Street lighting,Road surface,Surface condition,Weather,Natural lighting,Signals operation,Other traffic control,Speed limit,Road classification,RUM - code,DCA - code,First impact type,Key TU type,Other TU type,No. of traffic units involved,No. killed,No. seriously injured,No. moderately injured,No. minor-other injured
1281093,4,2021,2021,9,2,7,1,31,57,34609,0,1,9,-33.358162,151.44516,16,2,2,1,3,0,0,0,2,0,7,50,0,1282,1282,1,22,0,2,0,2,0,0
1281104,1,2022,2022,4,6,7,3371,17,173,3342,1,0,2,-33.718873,151.113655,36,0,2,0,3,0,3,4,2,0,7,60,2,14295,14295,3,5,13,2,0,0,0,1
1281105,1,2022,2022,4,6,3,2,31,119,126,0,1,7,-32.757051,151.748297,57,2,1,1,3,0,3,4,1,0,0,60,2,6545,6545,4,10,19,2,0,0,0,1
1281106,1,2021,2021,2,1,6,158,27,68,207,0,1,1,-33.877404,151.243785,81,0,2,1,3,0,0,0,2,0,7,60,2,144,144,1,5,10,2,0,0,0,1
1281107,2,2021,2021,2,0,6,158,27,68,207,0,1,1,-33.877795,151.242839,81,0,2,0,3,0,3,4,2,0,7,60,2,3775,3775,0,5,12,2,0,0,1,0
1281109,1,2022,2022,4,6,6,125,31,438,44,0,1,9,-33.848462,151.032345,21,0,2,1,3,0,3,0,2,0,0,50,1,14295,14295,3,5,5,3,0,0,0,2
1281110,2,2021,2021,2,1,3,20,27,243,6,0,1,10,-33.953197,150.882836,41,0,2,1,3,0,0,0,2,2,7,60,2,6545,6545,4,5,5,2,0,0,2,0
1281112,1,2022,2022,4,4,6,515,14,271,518,0,1,3,-33.94095,151.018127,15,0,2,1,3,0,3,4,2,0,7,100,2,14295,14295,3,9,13,2,0,0,0,1
1281117,2,2021,2021,10,6,8,2209,17,44,2205,0,1,9,-33.944542,151.14191,4,0,2,1,3,0,0,0,2,2,7,60,2,5929,5929,1,33,5,2,0,0,1,0
1281121,1,2021,2021,2,0,5,108,31,159,34609,0,1,1,-33.808958,151.086474,61,0,2,1,3,0,0,0,2,0,7,50,0,1391,1391,1,5,5,2,0,0,0,1
1281123,2,2022,2022,4,4,8,515,14,42,518,0,1,3,-33.942062,150.941906,41,0,2,1,3,0,3,4,2,0,7,100,2,14295,14295,3,0,10,2,0,0,1,0
1281127,1,2021,2021,3,6,9,7,31,90,34609,1,0,1,-33.715363,150.311333,8,2,2,1,3,0,0,0,0,0,7,50,0,186,186,1,0,5,2,0,0,0,1
1281128,1,2021,2021,9,2,7,283,27,91,702,0,1,9,-33.957793,151.087845,25,0,2,1,3,0,3,4,2,0,7,60,2,14295,14295,3,5,5,3,0,0,0,1
1281129,1,2022,2022,4,6,8,11,7,77,52,0,1,9,-33.922399,151.158079,32,0,2,1,3,0,3,4,2,2,7,50,1,1669,1669,3,0,5,2,0,0,0,1
1281130,1,2022,2022,4,1,3,251,14,79,124,0,1,3,-33.826563,151.212942,49,0,2,0,3,0,0,0,2,0,7,80,2,1383,1383,1,8,5,2,0,0,0,1
1281132,1,2021,2021,2,4,8,12,27,64,12,0,1,7,-33.895458,151.073883,67,0,2,1,3,0,0,6,2,0,7,60,1,1109,787,1,10,0,3,0,0,0,1
1281133,2,2021,2021,2,0,8,475,31,108,34609,0,1,9,-33.804653,151.182793,77,0,2,1,0,0,3,3,2,0,7,50,0,395,395,1,30,18,2,0,0,1,0
1281134,4,2021,2021,2,4,4,51,27,69,63,0,1,9,-34.552772,150.858744,62,0,2,1,3,0,0,0,2,0,7,70,2,1981,1981,4,0,19,2,0,1,0,0
1281136,2,2021,2021,2,3,0,515,14,197,518,0,1,3,-33.943103,151.077606,15,0,2,1,2,0,0,0,0,0,7,80,2,9859,9859,8,5,40,3,0,0,1,0
1281139,2,2021,2021,9,0,7,149,10,346,702,0,1,2,-33.876258,151.067553,67,0,2,1,1,0,0,0,2,0,7,80,2,14295,14295,3,8,0,3,0,0,1,0
1281143,4,2021,2021,9,0,11,25,1,35,34609,0,1,1,-34.054863,151.041254,68,0,2,1,2,0,3,4,0,0,7,50,0,9859,9859,8,0,40,1,0,1,0,0
1281146,1,2021,2021,9,5,10,71,27,69,122,0,1,9,-34.545874,150.862165,62,0,2,1,2,0,3,0,3,2,6,70,2,5929,5929,1,5,5,2,0,0,0,1
1281147,4,2021,2021,5,0,8,12,27,64,12,0,1,1,-33.887945,151.073563,67,0,2,1,2,0,0,0,3,0,7,60,1,9859,9859,1,5,13,3,0,1,0,0
1281149,4,2022,2022,4,4,5,1,10,18,34609,0,1,1,-28.683626,153.613484,10,2,1,0,0,0,3,4,2,0,7,50,0,3775,3775,0,22,0,2,0,1,0,0
1281150,4,2021,2021,9,6,11,23,27,2,34609,0,1,1,-28.775784,153.443442,39,2,1,0,0,0,3,4,0,0,7,80,0,4552,5151,8,0,40,1,0,1,0,0
1281153,2,2021,2021,2,6,3,35,27,32,34,0,1,1,-30.204504,151.650068,1,1,0,0,0,0,0,0,1,0,7,100,1,14295,14295,3,16,5,2,0,0,1,0
1281163,4,2021,2021,9,3,8,71,17,21,71,0,1,10,-34.500518,144.845107,51,2,1,1,1,0,0,3,2,0,0,50,2,6545,6545,4,5,27,2,0,1,0,0
1281165,2,2022,2022,4,1,6,161,17,55,161,0,1,1,-36.236219,149.123308,65,2,1,1,1,0,0,0,2,0,7,50,2,941,941,1,30,13,2,0,0,1,0
1281168,1,2021,2021,2,1,1,4,36,44,56,0,1,1,-33.233027,147.103628,51,1,0,1,0,0,0,0,0,0,7,100,1,9859,9859,8,0,40,1,0,0,0,1
1281170,1,2021,2021,2,6,8,1,10,59,34609,0,1,1,-34.331816,150.910766,80,0,2,0,1,0,0,0,2,0,7,50,0,3775,3775,0,16,0,2,0,0,0,1
1281172,2,2021,2021,10,2,9,71,36,3,11,0,1,1,-33.323927,145.833821,51,1,0,1,0,0,0,0,3,0,7,110,2,4026,4026,8,10,40,1,0,0,1,0
1281178,4,2022,2022,4,4,6,126,27,74,168,0,1,10,-34.048065,150.761704,12,0,2,1,3,0,3,4,2,2,7,80,2,14295,14295,3,0,13,2,0,1,0,0
1281179,1,2021,2021,2,0,11,109,27,460,106,0,1,1,-33.832455,150.970077,21,0,2,1,2,0,0,0,0,0,7,60,1,1282,1282,1,5,5,2,0,0,0,1
1281180,4,2021,2021,10,2,1,4,31,135,34609,1,0,1,-32.896227,151.744137,48,0,2,1,2,0,3,0,0,0,7,50,0,9859,9859,8,5,40,1,0,1,0,0
1281181,2,2021,2021,2,0,3,475,10,83,268,0,1,1,-33.877774,150.825429,41,0,2,1,0,0,0,0,2,0,7,80,2,14295,14295,3,21,5,3,0,0,1,0
1281183,4,2021,2021,2,6,7,26,27,103,34609,0,1,9,-32.943202,151.651693,37,0,2,0,0,0,0,0,2,0,0,60,0,1850,1463,5,16,40,1,0,1,0,0
1281184,1,2022,2022,4,5,5,110,31,433,34609,0,1,10,-33.286835,149.092939,52,2,1,1,1,0,3,4,2,0,0,50,0,6545,6545,4,21,5,2,0,0,0,2
1281185,2,2021,2021,10,3,2,109,27,95,382,0,1,1,-33.740865,150.84339,7,0,2,1,2,0,0,0,0,0,7,60,2,4026,4026,8,5,40,1,0,0,1,0
1281186,1,2021,2021,9,5,3,2261,17,14,2252,0,1,1,-34.798631,149.159068,74,1,0,0,0,0,0,0,2,0,7,110,2,2585,4009,8,9,40,1,0,0,0,2
1281187,4,2021,2021,2,5,3,98,27,609,136,0,1,2,-33.77775,150.920229,7,0,2,1,1,0,0,0,2,0,7,60,2,5929,5929,1,5,0,2,0,1,0,1
1281188,4,2021,2021,9,3,5,1,22,120,34609,0,1,1,-32.215741,152.522598,43,2,1,1,1,0,0,0,2,0,7,50,0,312,312,2,16,40,1,0,1,0,0
1281194,2,2022,2022,4,3,0,37,27,5,36,0,1,1,-32.505194,151.762219,51,2,1,1,0,2,3,0,0,0,7,60,1,41,41,8,5,40,1,0,0,1,0
1281195,2,2022,2022,4,0,9,103,36,7,157,0,1,1,-29.172755,152.990708,60,1,0,1,0,0,0,0,2,0,7,100,2,4026,4026,8,30,40,1,0,0,1,0
1281203,1,2021,2021,10,6,8,196,10,33,168,0,1,2,-33.966742,151.035173,15,0,2,0,1,0,0,0,2,0,7,70,2,14295,14295,3,19,5,2,0,0,0,1
1281204,4,2021,2021,9,1,3,61,10,56,174,0,1,1,-32.979692,151.483853,37,0,2,1,0,0,0,0,2,0,7,90,2,9859,9859,8,5,40,1,0,2,1,0
1281205,2,2021,2021,9,1,4,57,1,55,34609,0,1,7,-33.90614,151.093891,15,0,2,1,0,0,0,0,2,0,0,50,0,6545,6545,4,10,5,2,0,0,1,0
1281207,4,2021,2021,2,0,5,3,31,136,148,1,0,9,-32.925411,151.715477,48,0,2,1,1,0,0,0,2,0,0,50,1,2040,2040,9,0,26,2,0,1,0,0
1281212,2,2022,2022,4,6,6,79,31,562,34609,1,0,10,-32.249648,148.605864,22,2,1,0,1,0,0,0,2,2,7,50,0,14295,14295,3,0,5,2,0,0,2,0
1281220,4,2021,2021,9,3,6,283,27,70,702,0,1,9,-33.980608,151.107657,25,0,2,1,1,0,3,4,2,0,15,70,2,2852,2852,4,0,5,2,0,2,0,0
1281221,4,2021,2021,2,4,5,16,31,102,34609,0,1,1,-33.961303,151.235868,59,0,2,0,1,0,0,0,2,0,7,60,0,3775,3775,0,30,25,2,0,1,1,1
1281222,1,2021,2021,2,0,7,255,27,66,172,0,1,2,-32.92643,151.635123,37,0,2,1,0,0,0,0,2,0,7,60,2,14295,14295,3,10,0,2,0,0,0,1
1281224,4,2021,2021,2,1,5,23,36,14,62,0,1,1,-30.097897,153.004375,19,1,0,1,0,0,0,0,2,0,7,100,1,9859,9859,8,5,40,1,0,1,0,0
1281227,1,2021,2021,2,4,4,10,27,49,34609,1,0,1,-34.039601,151.143027,68,0,2,1,3,0,0,0,2,0,7,50,0,1383,1383,1,5,5,2,0,0,0,1
1281229,2,2022,2022,4,1,5,4,31,49,34609,0,1,10,-34.443746,147.529259,51,2,1,1,3,0,0,0,2,0,0,50,0,4552,985,8,10,40,1,0,0,1,0
1281230,4,2021,2021,9,0,7,62,31,204,34609,0,1,1,-33.894707,150.933336,24,0,2,1,1,0,0,0,2,0,7,40,0,3775,3775,0,16,0,2,0,1,0,0
1281232,2,2021,2021,2,6,9,79,31,53,118,0,1,7,-31.085631,150.928137,70,2,1,1,1,0,0,0,2,0,0,60,2,6545,6545,4,0,13,2,0,0,1,0
1281234,2,2021,2021,9,1,0,213,17,5,213,0,1,9,-29.50776,149.280651,51,1,0,1,0,0,3,4,0,0,7,110,2,9859,9859,8,10,40,1,0,0,1,0
1281235,4,2021,2021,9,2,3,74,27,609,163,0,1,2,-33.778624,150.913525,7,0,2,1,1,0,0,0,2,0,7,60,2,190,190,1,5,5,2,0,1,0,0
1281238,4,2021,2021,9,5,4,123,27,37,120,1,2,1,-33.899474,151.253799,76,0,2,1,1,0,0,0,2,0,7,40,2,312,312,2,0,40,1,0,1,0,0
1281239,2,2021,2021,9,4,9,2126,17,149,2149,0,1,2,-33.817088,150.980506,21,0,2,0,1,0,0,0,2,0,9,60,2,1957,4009,8,16,40,1,0,0,1,0
1281240,4,2021,2021,9,4,1,2261,17,44,2252,0,1,2,-35.329481,147.645985,75,1,0,0,0,0,3,4,0,0,7,110,2,380,714,5,3,40,1,0,1,0,0
1281241,4,2021,2021,2,6,7,387,36,115,69,0,1,9,-33.749453,151.224767,50,0,2,1,0,0,0,0,2,0,0,70,2,5929,5929,1,0,5,2,0,1,0,1
1281242,2,2021,2021,2,0,3,2,1,59,34609,0,1,10,-33.974865,150.861176,13,0,2,1,1,0,0,0,2,0,0,50,0,6545,6545,4,10,5,2,0,0,2,0
1281243,2,2021,2021,9,4,9,3,31,31,34609,0,1,1,-30.949666,148.376441,51,2,1,1,1,0,3,0,3,0,7,50,0,4026,4026,8,10,40,1,0,0,1,0
1281244,4,2021,2021,9,4,7,19,31,433,40,0,1,7,-33.286175,149.10309,52,2,1,1,0,0,3,4,2,0,0,50,1,2852,2852,4,0,27,2,0,1,0,0
1281246,2,2021,2021,2,1,9,3,10,463,34609,0,1,1,-30.2834,153.099974,19,2,1,1,0,0,3,4,0,0,7,50,0,1945,1945,5,15,40,1,0,0,1,0
1281247,4,2021,2021,9,4,3,28,27,4,62,0,1,1,-36.716546,149.88632,5,1,0,1,0,0,0,0,2,0,7,100,1,83,83,5,16,40,1,0,1,0,0
1281250,2,2021,2021,2,5,8,168,17,32,212,0,1,7,-35.345447,149.269561,58,2,1,0,1,0,0,0,2,0,0,80,2,273,957,5,3,40,1,0,0,1,0
1281254,4,2021,2021,2,5,6,2,10,1,34609,0,1,1,-30.602917,153.004883,47,2,1,1,1,0,0,0,2,0,7,50,0,9859,9859,8,0,40,1,0,1,0,0
1281255,2,2021,2021,2,3,8,6,27,5,34609,0,1,1,-35.229282,147.422955,75,1,0,1,0,0,0,3,2,0,7,100,0,4026,4026,8,10,40,1,0,0,1,0
1281256,2,2021,2021,2,3,8,17,27,24,34609,0,1,9,-34.014874,150.709383,12,0,2,1,3,0,0,0,2,0,15,80,0,2852,2852,4,5,36,2,0,0,1,0
1281258,2,2021,2021,9,2,10,255,1,16,139,0,1,9,-34.60177,146.410478,51,2,1,1,1,0,0,0,3,0,0,50,2,84,84,6,16,40,1,0,0,1,0
1281259,4,2021,2021,2,2,10,2,27,10,34609,1,0,7,-34.046896,151.084391,68,0,2,1,2,0,0,0,0,0,0,50,0,6545,6545,4,0,13,4,0,1,0,0
1281260,4,2021,2021,2,2,8,2,1,6,34609,0,1,9,-32.699579,151.58934,42,2,1,1,1,0,0,0,2,0,0,60,0,3775,3775,0,5,5,2,0,1,2,0
1281264,4,2021,2021,2,3,10,105,17,223,136,0,1,9,-33.798147,150.917707,7,0,2,1,2,0,0,0,0,2,7,60,2,5929,5929,1,0,5,2,0,1,0,0
1281265,2,2022,2022,4,6,6,119,31,316,34609,0,1,1,-31.431187,152.909841,56,2,1,1,1,0,0,0,2,0,7,50,0,186,186,9,5,28,2,0,0,1,0
1281272,4,2022,2022,4,5,7,21,27,23,15,0,1,1,-32.320065,149.225643,44,1,0,1,0,0,3,4,2,0,7,100,1,475,475,5,8,40,1,0,1,0,0
1281273,2,2022,2022,4,1,4,6,27,8,34609,0,1,1,-34.593148,146.46755,51,2,1,0,0,0,0,0,2,0,7,60,0,3775,3775,0,5,0,2,0,0,2,0
1281276,4,2022,2022,4,3,4,103,36,13,157,0,1,1,-28.380103,152.707789,51,1,0,1,0,0,0,0,2,0,7,100,2,14295,14295,3,5,0,2,0,3,0,1
1281279,1,2021,2021,9,0,6,334,17,56,308,0,1,1,-31.459989,152.723278,56,2,1,0,1,0,0,3,2,0,7,50,2,3775,3775,0,10,5,3,0,0,0,2
1281281,2,2021,2021,2,1,7,109,36,14,108,0,1,10,-28.311787,153.436371,72,2,1,1,1,0,3,4,2,0,0,80,1,6545,6545,4,0,5,2,0,0,2,0
1281282,2,2021,2021,10,3,6,149,27,294,198,0,1,9,-33.929141,150.931228,41,0,2,0,2,0,0,0,2,2,7,60,2,1957,4009,8,5,40,1,0,0,1,0
1281289,4,2021,2021,2,2,7,5,31,102,34609,0,1,7,-33.947216,151.199775,4,0,2,1,0,0,0,0,2,0,0,50,0,6545,6545,4,22,0,2,0,1,0,0
1281291,4,2021,2021,9,0,6,2126,17,40,2149,0,1,1,-33.708209,150.52424,8,2,2,1,0,0,0,0,2,0,7,80,2,9859,9859,8,0,40,1,0,1,0,0
1281292,4,2021,2021,9,1,7,3371,17,85,3342,0,1,2,-33.733541,151.131244,36,0,2,0,1,0,0,0,2,0,7,60,2,1981,1981,4,10,21,2,0,1,0,0
1281293,2,2022,2022,4,0,3,12,27,60,41,0,1,7,-33.754204,150.760314,55,0,2,1,1,0,3,4,2,0,0,70,1,623,623,3,5,0,2,0,0,2,0
1281294,2,2021,2021,2,0,7,2,31,433,34609,1,2,10,-33.291915,149.119576,52,2,1,1,0,0,0,0,2,0,0,40,0,1850,985,5,22,40,1,0,0,1,0
1281295,2,2021,2021,2,4,7,90,31,252,165,0,1,2,-33.889195,151.217325,69,0,2,1,1,0,0,0,2,0,7,60,2,1945,1945,5,15,40,1,0,0,1,0
1281299,1,2021,2021,8,3,3,17,31,316,34609,0,1,1,-33.923569,151.24335,59,0,2,1,3,0,0,0,2,0,7,50,0,1981,1981,4,10,5,2,0,0,0,2
1281300,1,2021,2021,9,3,6,154,27,293,244,0,1,9,-33.925651,151.054716,15,0,2,1,1,0,3,4,2,2,7,60,2,2852,2852,4,5,0,2,0,0,0,1
1281304,2,2022,2022,4,0,5,3,31,17,103,0,1,1,-28.596355,153.222997,39,2,1,1,1,0,3,3,2,0,9,50,1,2040,2040,9,0,28,2,0,0,1,0
1281305,2,2021,2021,2,5,9,1,27,18,34609,0,1,1,-29.438197,147.983698,51,2,1,0,0,2,3,3,3,0,7,50,0,1850,1463,5,16,40,1,0,0,1,0
1281308,1,2021,2021,10,5,9,59,27,252,21,0,1,7,-33.932621,150.869154,41,0,2,1,3,0,3,0,3,0,0,60,2,1391,1391,1,5,35,2,0,0,0,1
1281310,2,2021,2021,9,3,7,11,27,38,28,0,1,9,-33.948271,151.071622,15,0,2,0,1,0,0,0,2,0,7,50,1,1850,1463,5,16,40,1,0,0,1,0
1281314,2,2021,2021,10,2,11,7,31,49,34609,0,1,1,-33.972872,151.149653,4,0,2,1,0,0,3,4,0,0,7,50,0,1109,787,1,10,36,2,0,0,1,0
1281316,4,2021,2021,2,6,3,134,10,36,133,0,1,2,-33.798748,151.016558,54,0,2,1,0,0,0,0,2,0,7,90,2,14295,14295,3,30,5,2,0,1,0,0
1281318,4,2021,2021,2,3,3,4,1,173,34609,0,1,9,-33.787005,151.140972,61,0,2,1,0,0,0,0,2,0,7,10,0,237,162,8,0,40,1,0,1,0,0
1281319,1,2022,2022,4,3,7,916,17,12,917,0,1,1,-30.333212,151.664785,1,1,0,0,0,0,3,4,2,0,7,100,2,1957,4009,8,0,40,1,0,0,0,1
1281320,2,2022,2022,4,5,9,147,27,290,34609,0,1,1,-33.858543,150.98091,21,0,2,0,0,0,0,0,2,0,7,50,0,78,78,8,0,40,1,0,0,1,0
1281326,4,2021,2021,2,6,9,1,27,8,34609,0,1,1,-34.600128,146.724217,51,2,1,1,0,2,0,0,2,0,7,80,0,475,475,5,10,40,1,0,2,0,0
1281329,2,2021,2021,2,6,6,346,17,35,332,0,1,1,-28.823454,153.26516,39,2,1,1,1,0,0,0,2,0,7,60,2,14295,14295,3,16,5,2,0,0,1,0
1281330,2,2021,2021,2,0,6,28,1,31,34609,0,1,9,-30.344209,153.082308,19,2,1,0,1,0,0,0,2,0,7,50,0,1669,1669,3,30,5,3,0,0,2,0
1281331,4,2021,2021,9,5,7,6,10,74,34609,0,1,2,-34.051202,150.754578,12,0,2,1,0,0,0,0,2,0,9,50,0,591,591,1,22,0,2,0,1,0,0
1281334,4,2021,2021,2,3,9,251,27,29,212,0,1,9,-33.754819,151.270573,50,0,2,1,1,0,3,3,2,0,7,70,2,945,945,5,16,40,1,0,1,0,0
1281337,1,2022,2022,4,6,8,2261,17,14,2252,0,1,2,-34.807562,149.521061,26,1,0,0,0,0,0,0,2,0,7,110,2,1957,4009,8,34,40,1,0,0,0,2
1281338,2,2021,2021,10,4,7,3,1,144,34609,0,1,9,-34.069121,151.011513,68,0,2,1,1,0,0,0,2,0,0,50,0,256,256,4,9,5,2,0,0,1,0
1281346,1,2021,2021,2,6,7,48,10,41,121,0,1,9,-31.413055,152.824349,56,2,1,1,1,0,0,0,2,0,15,80,1,5929,5929,1,5,5,2,0,0,0,2
1281348,2,2021,2021,2,0,4,4,4,93,34609,0,1,9,-33.391113,149.599549,3,2,1,0,0,0,0,0,2,0,7,50,0,2852,2852,4,5,22,2,0,0,1,0
1281354,1,2022,2022,4,0,11,89,36,49,81,0,1,1,-34.547079,148.732837,30,1,0,1,3,0,0,0,0,0,7,100,2,1089,1089,7,5,40,1,0,0,0,2
1281359,2,2022,2022,4,3,5,147,27,104,605,0,1,2,-33.830478,151.219687,49,0,2,1,1,0,0,0,2,0,7,60,2,14295,14295,3,30,5,3,0,0,1,1
1281360,2,2021,2021,2,5,10,110,27,167,40,0,1,9,-33.837569,151.061263,54,0,2,0,2,0,0,0,0,0,0,60,1,2852,2852,4,5,13,2,0,0,1,0
1281362,1,2021,2021,11,5,9,4,27,5,34609,0,1,1,-33.845701,151.224861,49,0,2,0,2,0,0,0,0,0,7,50,0,2585,4009,1,10,5,5,0,0,0,1
1281368,1,2022,2022,4,0,0,9,1,169,34609,0,1,9,-33.771817,150.831606,7,0,2,1,3,0,0,0,0,0,7,50,0,1259,985,8,5,40,1,0,0,0,1
1281377,2,2022,2022,4,0,4,73,27,443,78,0,1,10,-33.906142,151.052536,15,0,2,1,3,0,0,0,2,2,7,60,2,6545,6545,4,0,5,2,0,0,1,0
1281383,1,2021,2021,2,3,6,251,27,62,212,0,1,10,-33.752603,151.252887,50,0,2,1,1,0,0,0,2,2,7,70,2,14295,14295,3,5,5,3,0,0,0,2
1281384,4,2021,2021,2,2,8,68,27,175,208,0,1,9,-33.770969,151.081141,54,0,2,0,1,0,0,0,2,2,7,60,2,2585,777,8,0,40,1,0,2,2,2
1281387,2,2021,2021,2,0,5,2261,17,140,2252,0,1,9,-33.897109,150.992246,15,0,2,1,1,0,0,0,2,0,0,70,2,6545,6545,4,5,13,2,0,0,2,0
1281389,4,2021,2021,9,1,7,475,31,44,27,0,1,10,-33.970114,151.115741,25,0,2,1,1,0,0,0,2,3,6,50,1,5929,5929,1,0,19,2,0,1,0,0
1281391,1,2021,2021,10,6,4,387,36,86,69,0,1,10,-33.722182,151.21728,50,0,2,1,2,0,0,0,2,2,7,80,2,14295,14295,3,0,5,2,0,0,0,1
1281395,4,2021,2021,2,4,7,63,31,73,34609,0,1,9,-33.873941,151.216391,69,0,2,1,1,0,0,0,2,0,7,40,0,2040,2040,9,10,28,2,0,1,0,0
1281396,4,2021,2021,9,6,6,55,36,5,35,0,1,1,-32.627767,150.055482,44,2,1,0,0,0,0,0,2,0,7,80,1,4552,5151,8,16,40,1,0,1,0,0
1281397,1,2022,2022,4,5,5,2209,17,157,2205,0,1,10,-34.008057,151.105716,68,0,2,1,1,0,0,0,2,2,7,70,2,14295,14295,3,10,0,2,0,0,0,1
1281399,4,2021,2021,2,6,6,109,36,19,108,0,1,1,-28.272906,153.50858,72,2,1,0,0,0,3,4,2,2,7,50,1,14295,14295,3,0,0,2,0,1,0,0
1281400,1,2021,2021,2,1,6,2126,17,44,2149,0,1,2,-33.797931,150.896343,7,0,2,1,2,0,0,0,2,0,7,80,2,14295,14295,3,0,5,2,0,0,0,1
1281405,1,2021,2021,10,2,9,229,14,197,237,0,1,3,-33.799229,151.140445,61,0,2,1,2,0,0,0,3,0,7,70,2,1282,1282,1,5,5,2,0,0,0,1
1281421,1,2022,2022,4,0,4,1052,14,17,928,0,1,3,-32.813863,151.635507,48,0,2,1,3,0,0,0,2,0,7,60,2,14295,14295,3,8,10,2,0,0,0,1
1281422,4,2021,2021,10,3,6,32,27,42,27,0,1,1,-33.660373,151.234693,50,0,2,0,0,0,0,0,2,0,7,60,2,4552,5151,8,16,40,1,0,1,0,0
1281423,4,2021,2021,10,4,8,13,24,2,34609,0,1,1,-32.053617,152.506711,43,2,1,0,0,0,0,0,2,0,7,50,0,3775,3775,0,5,5,2,0,1,0,0
1281425,4,2021,2021,9,6,8,27,27,17,62,0,1,1,-30.261346,153.049993,19,2,1,0,0,0,0,0,2,0,7,80,1,3775,3775,0,10,5,2,0,2,1,0
1281426,1,2021,2021,10,5,5,4,31,463,34609,0,1,9,-30.295755,153.118432,19,2,1,0,1,0,3,4,2,0,0,40,0,1259,5151,8,15,40,1,0,0,0,1
1281431,4,2021,2021,9,5,10,35,31,132,34609,0,1,1,-29.767304,151.104502,33,2,1,1,0,0,0,0,0,0,7,50,0,4026,4026,1,16,13,2,0,1,0,0
1281432,4,2021,2021,10,4,3,28,27,346,63,1,0,10,-33.889378,151.083864,67,0,2,1,1,0,0,0,2,3,7,50,1,2040,2040,9,33,28,2,0,1,0,0
1281434,2,2021,2021,9,5,6,2126,17,139,2149,0,1,9,-33.88946,151.14438,32,0,2,0,1,0,0,0,2,0,7,60,2,3775,3775,0,5,13,2,0,0,1,0
1281436,4,2021,2021,2,4,9,1,31,52,34609,0,1,9,-33.273728,151.460238,16,2,2,1,0,0,0,0,2,0,0,50,0,1945,1945,5,16,40,1,0,1,0,0
1281438,4,2022,2022,4,6,0,8,27,10,34609,0,1,1,-32.85618,151.288118,17,2,1,0,0,0,0,0,0,0,7,60,0,4552,5151,8,30,40,1,0,1,4,0
1281440,4,2021,2021,9,1,6,866,17,314,793,0,1,10,-33.839729,150.957318,21,0,2,1,0,0,0,0,2,2,7,70,2,6545,6545,4,5,0,3,0,1,1,0
1281441,4,2021,2021,2,4,7,32,27,72,563,0,1,10,-34.013385,151.009956,68,0,2,1,1,0,0,0,2,2,7,80,2,2852,2852,4,10,5,2,0,1,1,0
1281444,4,2021,2021,9,3,8,1,27,8,34609,0,1,1,-29.869763,152.858169,18,2,1,0,0,2,0,0,2,0,7,50,0,4552,5151,8,16,40,1,0,1,0,0
1281446,4,2021,2021,10,5,10,82,27,134,181,0,1,1,-33.893006,151.257279,76,0,2,1,2,0,0,0,0,0,7,50,2,9859,9859,1,16,0,2,0,1,0,0
1281447,4,2021,2021,9,5,8,38,27,337,35,0,1,2,-33.716194,150.975027,71,0,2,1,0,0,0,0,2,0,7,60,1,4026,4026,8,0,40,1,0,1,0,0
1281448,2,2021,2021,2,6,3,27,27,4,34609,0,1,1,-31.832853,152.100043,43,2,1,0,0,0,0,0,2,0,7,80,0,418,714,5,10,40,1,0,0,1,0
1281449,2,2021,2021,2,6,11,39,10,42,65,0,1,7,-33.703378,150.946753,71,0,2,1,2,0,0,0,0,0,0,60,1,78,78,8,16,40,1,0,0,1,0
1281450,4,2021,2021,2,4,7,1,9,169,34609,1,2,1,-28.666219,153.614385,10,2,1,1,1,0,0,0,2,0,7,40,0,368,368,9,10,28,2,0,1,0,0
1281451,2,2021,2021,2,5,6,5,22,646,34609,0,1,9,-33.918285,151.035187,15,0,2,1,2,0,0,0,2,2,7,40,0,623,623,3,10,0,2,0,0,1,0
1281456,4,2021,2021,2,2,4,103,27,34,98,0,1,1,-32.875409,150.816176,64,1,0,0,0,0,0,0,2,0,7,100,2,1089,1089,7,16,40,1,0,1,0,0
1281457,4,2021,2021,2,4,9,27,31,107,157,0,1,2,-29.690713,152.933737,18,2,1,1,1,0,0,0,2,0,9,40,2,2040,2040,9,10,28,2,0,1,1,0
1281459,2,2021,2021,9,2,8,481,17,11,483,0,1,1,-32.11677,148.573066,22,1,0,1,0,0,0,0,2,0,7,110,2,945,945,5,0,40,1,0,0,2,0
1281460,4,2022,2022,4,4,8,196,10,5,34609,0,1,1,-32.481813,149.630327,44,1,0,0,0,0,0,0,2,0,7,100,0,1259,5151,8,0,40,1,0,1,1,0
1281462,4,2021,2021,2,0,6,866,17,98,793,0,1,2,-33.737327,151.074466,31,0,2,1,0,0,3,4,2,0,7,70,2,9859,9859,8,5,40,1,0,1,1,1
1281466,1,2021,2021,2,2,0,485,27,323,769,0,1,10,-33.761857,150.992934,71,0,2,1,3,0,0,0,0,2,7,60,2,5929,5929,1,0,5,2,0,0,0,1
1281467,4,2022,2022,4,1,4,10,27,13,34609,0,1,1,-35.206349,150.462865,63,2,1,1,0,0,0,3,2,0,7,80,0,3775,3775,0,0,5,2,0,1,1,0