Crash ID,Degree of crash - detailed,Reporting year,Year of crash,Month of crash,Day of week of crash,Two-hour intervals,Street of crash,Street type,Town,Route no.,School zone location,School zone active,Type of location,Latitude,Longitude,LGA,Urbanisation,Conurbation 1,Alignment,Street lighting,Road surface,Surface condition,Weather,Natural lighting,Signals operation,Other traffic control,Speed limit,Road classification,RUM - code,DCA - code,First impact type,Key TU type,Other TU type,No. of traffic units involved,No. killed,No. seriously injured,No. moderately injured,No. minor-other injured
1281469,2,2022,2022,4,1,4,232,36,74,331,0,1,2,-34.020333,150.76111,12,0,2,1,3,0,0,0,2,0,7,80,2,14295,14295,3,5,0,2,0,0,1,0
1281470,2,2022,2022,4,2,0,14,27,157,14,0,1,10,-33.799284,151.009561,54,0,2,1,3,0,3,4,0,0,15,60,1,4552,985,8,0,40,1,0,0,1,0
1281474,2,2021,2021,2,5,6,2261,17,284,2252,0,1,2,-33.907179,151.023318,15,0,2,1,1,0,0,0,2,0,7,60,2,387,387,1,16,5,3,0,0,1,0
1281477,1,2022,2022,4,4,6,9,27,232,34609,0,1,9,-33.671894,150.927019,71,0,2,1,3,0,0,0,2,0,7,50,0,5929,5929,1,5,0,2,0,0,0,1
1281478,2,2021,2021,10,2,6,387,27,433,40,0,1,9,-33.325076,149.085256,52,2,1,1,1,0,0,0,2,0,7,80,1,1945,1945,5,22,40,1,0,0,1,0
1281480,1,2022,2022,4,6,7,9,1,77,44,0,1,9,-33.724669,151.081318,31,0,2,1,3,0,0,0,2,2,7,50,1,150,150,4,5,5,2,0,0,0,1
1281481,2,2021,2021,10,0,2,7,27,9,34609,0,1,1,-35.013616,150.654095,63,2,1,1,3,0,0,0,1,0,7,80,0,1089,1089,7,16,40,1,0,0,1,0
1281482,2,2022,2022,4,1,3,2209,17,176,2205,0,1,2,-33.95916,151.138008,4,0,2,1,3,0,0,0,2,0,7,60,2,14295,14295,3,0,5,3,0,0,1,0
1281484,1,2022,2022,4,4,7,168,10,387,260,0,1,9,-33.946852,151.16818,4,0,2,1,3,0,3,4,2,0,0,70,2,14295,14295,3,10,13,3,0,0,0,2
1281486,1,2021,2021,9,2,9,1,27,32,34609,0,1,9,-29.103338,153.339977,60,2,1,1,0,0,0,0,2,0,0,60,0,9859,9859,8,0,40,1,0,0,0,1
1281487,4,2021,2021,9,5,7,24,27,32,41,0,1,1,-29.069839,153.332686,60,1,0,1,0,0,3,4,2,0,7,100,1,9859,9859,8,0,40,1,0,1,0,0
1281490,2,2021,2021,9,0,10,2209,17,166,2205,1,0,1,-33.899664,151.177921,32,0,2,1,2,0,0,0,0,0,7,40,2,387,387,1,22,0,2,0,0,1,0
1281492,4,2021,2021,2,2,5,13,31,87,34609,0,1,7,-28.812912,153.284664,39,2,1,1,0,0,0,0,2,0,0,50,0,6545,6545,4,10,0,2,0,2,0,0
1281495,1,2021,2021,9,2,7,9,27,6,10,0,1,1,-36.075127,148.211411,66,1,0,0,0,0,3,4,2,0,7,100,0,1850,1463,5,16,40,1,0,0,0,1
1281496,4,2021,2021,2,0,1,1,10,109,34609,0,1,1,-33.953597,150.844961,41,0,2,1,2,0,0,0,0,0,7,50,0,9859,9859,1,5,36,2,0,1,0,0
1281500,4,2021,2021,2,2,4,3371,17,225,3342,0,1,10,-33.805341,151.179379,77,0,2,1,1,0,0,0,2,2,7,60,2,1383,1383,1,5,19,2,0,1,0,0
1281502,4,2021,2021,2,6,1,916,17,165,917,1,0,9,-32.273564,150.892854,46,2,1,1,2,0,3,6,0,2,7,50,2,9859,9859,8,29,40,1,0,1,0,0
1281503,2,2021,2021,9,3,4,36,31,218,70,0,1,9,-33.767638,150.779989,55,0,2,1,1,0,3,4,2,2,7,60,1,5929,5929,1,5,19,2,0,0,1,0
1281506,2,2021,2021,2,2,7,120,36,14,148,0,1,9,-30.467509,152.92678,6,1,0,1,0,0,0,0,2,0,7,100,2,404,404,8,16,40,1,0,0,1,0
1281507,2,2021,2021,2,1,7,1,31,120,34609,0,1,10,-32.190349,152.523756,43,2,1,1,1,0,0,0,2,0,0,50,0,6545,6545,4,0,0,2,0,0,1,0
1281508,1,2021,2021,2,1,9,27,36,83,34609,0,1,1,-30.09453,153.187967,19,2,1,1,0,0,0,0,3,0,7,80,0,9859,9859,8,10,40,1,0,0,0,1
1281509,2,2021,2021,2,0,10,7,31,463,34609,0,1,9,-30.30223,153.112995,19,2,1,0,2,0,0,0,0,0,0,50,0,4552,5151,8,5,40,1,0,0,1,0
1281510,2,2021,2021,2,6,5,42,31,82,118,0,1,9,-31.081889,150.921741,70,2,1,1,1,0,0,0,2,0,0,60,2,2852,2852,4,10,13,2,0,0,3,0
1281512,2,2022,2022,4,5,7,81,31,133,80,1,0,1,-33.924456,151.012484,15,0,2,0,3,0,3,4,2,0,7,60,1,3775,3775,0,10,12,2,0,0,1,1
1281513,4,2021,2021,2,5,7,4,27,65,34609,0,1,1,-33.512026,150.185691,40,2,1,0,0,0,0,0,2,0,7,80,0,3775,3775,0,30,13,2,0,2,2,0
1281516,2,2021,2021,9,2,1,133,27,8,11,0,1,1,-33.617491,146.898566,51,1,0,1,0,0,0,0,0,0,7,100,1,9859,9859,8,10,40,1,0,0,3,0
1281517,1,2021,2021,9,5,8,3371,17,139,3,0,1,10,-33.840725,151.20851,49,0,2,1,1,0,0,0,2,2,9,60,1,2040,2040,9,30,28,2,0,0,0,1
1281522,2,2022,2022,4,5,3,5,27,234,34609,0,1,1,-34.294163,146.071132,28,2,1,1,3,0,3,4,1,0,13,60,0,19,19,10,10,38,2,0,0,1,0
1281539,2,2022,2022,4,5,5,51,1,7,34609,0,1,1,-33.994418,151.144234,4,0,2,1,1,0,3,3,2,0,7,50,0,9859,9859,1,5,5,2,0,0,1,0
1281540,1,2021,2021,2,5,7,1,31,80,34609,0,1,1,-33.9682,150.899322,13,0,2,0,1,0,0,0,2,0,7,50,0,4552,5151,1,5,5,2,0,0,0,2
1281541,2,2021,2021,10,0,0,4,27,2,34609,0,1,1,-29.788144,151.193342,33,1,0,1,0,0,3,4,0,0,7,100,0,204,204,1,5,19,3,0,0,1,0
1281542,2,2021,2021,9,4,0,119,31,166,34609,1,0,1,-33.421118,149.576249,3,2,1,1,2,0,0,0,0,0,7,50,0,1282,1282,1,0,40,1,0,0,1,0
1281546,2,2022,2022,4,0,9,2261,17,70,2252,0,1,2,-34.528289,150.289153,78,1,0,1,0,0,0,3,3,0,7,110,2,4026,4026,8,5,40,1,0,0,1,0
1281548,2,2021,2021,10,1,8,3,31,69,34609,0,1,1,-33.82708,151.02283,54,0,2,1,1,0,0,0,2,0,7,50,0,9859,9859,1,0,10,2,0,0,1,0
1281550,2,2022,2022,4,6,11,2,27,5,34609,0,1,1,-29.43431,150.872604,51,2,1,1,0,2,0,0,0,0,7,80,0,475,475,5,10,40,1,0,0,2,0
1281551,4,2021,2021,9,2,6,1,31,25,121,0,1,9,-31.545527,152.860595,56,2,1,1,0,0,0,0,2,0,7,50,1,3775,3775,0,0,5,2,0,1,0,0
1281554,2,2021,2021,2,1,4,2261,17,35,2252,0,1,2,-34.883266,148.225907,20,1,0,0,0,0,0,0,2,0,7,110,2,2585,4009,8,10,40,1,0,0,1,0
1281555,4,2021,2021,10,0,6,7,31,50,34609,1,0,1,-34.347163,150.908253,80,0,2,1,0,0,0,0,2,0,7,50,0,9859,9859,1,10,13,2,0,1,0,0
1281556,4,2021,2021,2,1,9,82,31,39,34609,0,1,9,-35.315957,148.218743,66,2,1,1,1,0,0,0,3,0,7,50,0,5929,5929,1,5,19,2,0,1,1,0
1281558,2,2022,2022,4,0,3,346,17,87,332,0,1,9,-28.810551,153.304153,39,2,1,0,1,0,3,3,1,0,0,60,2,2852,2852,4,5,5,2,0,0,1,0
1281559,4,2021,2021,9,5,8,59,27,252,41,0,1,10,-33.938472,150.868113,41,0,2,1,0,0,0,0,3,2,7,60,1,5929,5929,1,29,19,2,0,1,0,0
1281560,2,2022,2022,4,2,8,8,10,74,34609,0,1,1,-34.417545,150.852837,80,0,2,1,1,0,3,0,2,0,7,50,0,9859,9859,1,16,0,2,0,0,1,0
1281563,4,2021,2021,2,2,10,500,27,145,799,0,1,9,-33.930494,151.067397,15,0,2,1,2,0,0,0,0,0,7,60,2,1192,1192,1,5,0,3,0,3,0,0
1281565,2,2021,2021,2,1,3,10,36,65,34609,0,1,9,-30.41921,153.025513,19,2,1,1,0,0,0,0,2,0,7,80,0,4552,985,8,10,40,1,0,0,1,0
1281566,1,2021,2021,2,6,8,3,27,112,34609,1,0,9,-33.441502,151.43808,16,2,2,1,1,0,3,4,3,0,0,50,0,2852,2852,4,5,5,2,0,0,0,1
1281572,1,2021,2021,9,3,9,192,31,316,120,0,1,10,-33.91318,151.242147,59,0,2,1,0,0,3,0,2,3,7,50,2,175,188,1,5,5,3,0,0,0,1
1281573,4,2021,2021,9,0,11,47,27,65,34609,0,1,1,-32.925624,151.775734,48,0,2,1,2,0,3,4,0,0,7,30,0,78,78,8,5,40,1,0,1,0,0
1281576,4,2021,2021,9,6,5,1,18,4,34609,0,1,1,-31.782292,152.662225,43,2,1,1,0,2,0,0,2,0,13,40,0,19,19,10,0,38,2,0,1,1,0
1281577,2,2021,2021,2,1,6,15,31,41,34609,0,1,7,-31.089332,150.916195,70,2,1,1,0,0,0,0,2,0,0,50,0,6545,6545,4,5,13,2,0,0,2,0
1281578,4,2021,2021,2,5,3,14,18,18,34609,0,1,1,-31.140838,150.97306,70,1,0,1,0,0,0,0,2,0,7,100,0,14295,14295,3,5,27,2,0,1,1,0
1281579,4,2021,2021,9,5,8,133,31,90,56,0,1,10,-33.88793,151.239928,81,0,2,1,1,0,0,0,2,1,7,50,1,1850,777,5,22,40,1,0,1,0,0
1281580,4,2021,2021,9,1,8,123,36,3,49,0,1,1,-29.937685,151.114007,33,1,0,0,0,0,0,0,2,0,7,100,1,273,957,5,10,40,1,0,1,0,0
1281584,1,2021,2021,2,2,7,13,31,463,62,0,1,9,-30.295256,153.107747,19,2,1,1,1,0,3,4,2,0,7,50,1,2852,2852,4,5,5,2,0,0,0,1
1281590,1,2022,2022,4,4,8,2261,17,49,2252,0,1,2,-34.731421,149.819553,26,1,0,0,3,0,0,3,3,0,7,110,2,2585,4009,8,5,40,1,0,0,0,1
1281591,4,2022,2022,4,3,6,26,10,10,26,0,1,1,-36.753277,149.936165,5,1,0,1,0,0,0,0,2,0,7,100,1,9859,9859,8,10,40,1,0,1,0,0
1281595,2,2021,2021,9,3,5,293,31,532,55,0,1,10,-33.863272,151.212887,69,0,2,1,1,0,3,4,2,2,7,40,1,1669,1669,3,16,19,2,0,0,1,0
1281597,2,2021,2021,2,4,4,30,31,433,34609,0,1,1,-33.280491,149.107545,52,2,1,1,0,0,0,6,2,0,7,50,0,323,323,1,0,0,2,0,0,1,0
1281598,4,2022,2022,4,5,9,9,27,29,13,0,1,1,-32.460651,142.596499,51,1,0,0,1,2,0,0,2,0,7,100,1,1850,1463,5,10,40,1,0,2,0,1
1281600,4,2021,2021,10,3,7,73,31,18,34609,0,1,1,-30.36809,153.097515,19,2,1,1,1,0,0,0,2,0,7,50,0,1981,1981,4,0,27,2,0,1,0,0
1281604,4,2021,2021,9,2,8,154,27,136,244,0,1,9,-33.915112,151.068222,15,0,2,1,0,0,0,0,2,0,7,60,2,5929,5929,1,0,19,2,0,1,1,0
1281608,2,2022,2022,4,2,6,2209,17,6,2205,0,1,1,-35.844538,150.131054,23,1,0,1,0,0,0,0,2,0,7,100,2,1109,787,1,5,13,2,0,0,1,0
1281617,2,2022,2022,4,5,6,512,17,433,441,0,1,10,-33.283471,149.098723,52,2,1,1,3,0,0,3,2,2,7,50,2,5929,5929,1,0,5,2,0,0,1,0
1281618,2,2022,2022,4,0,1,13,31,106,34609,0,1,9,-28.855688,153.047539,60,2,1,1,2,0,0,0,0,0,0,50,0,782,985,5,5,40,1,0,0,1,0
1281619,2,2022,2022,4,2,6,2126,17,445,2149,0,1,9,-33.851258,151.05455,21,0,2,1,3,0,0,0,2,0,7,60,2,5929,5929,1,5,5,2,0,0,1,0
1281622,1,2022,2022,4,4,6,9,1,290,34609,0,1,1,-33.858174,150.992231,21,0,2,1,3,0,0,0,2,0,7,50,0,217,217,1,5,10,2,0,0,0,1
1281624,1,2022,2022,4,4,3,1,1,104,34609,0,1,1,-33.742931,150.936836,7,0,2,1,3,0,0,0,1,0,7,50,0,1282,1282,1,5,5,2,0,0,0,1
1281627,2,2022,2022,4,6,3,265,17,23,193,0,1,1,-35.294903,147.089794,51,1,0,1,3,0,0,0,2,0,7,100,2,1089,1089,7,21,40,1,0,0,1,0
1281631,2,2021,2021,2,3,5,145,27,143,51,0,1,10,-33.697185,151.09817,31,0,2,1,2,0,0,0,2,2,7,60,2,926,926,4,21,0,2,0,0,1,0
1281633,1,2021,2021,2,0,8,500,27,129,799,0,1,9,-33.926014,151.084816,15,0,2,1,0,0,0,0,2,0,15,60,2,2852,2852,4,5,5,2,0,0,0,1
1281635,1,2021,2021,9,2,6,475,10,137,268,0,1,10,-33.902705,150.896741,24,0,2,1,1,0,0,3,2,1,7,60,2,6545,6545,4,10,5,2,0,0,0,1
1281639,2,2021,2021,2,6,5,9,10,61,40,0,1,1,-35.906395,150.130045,23,2,1,0,0,0,0,0,2,0,7,80,1,1669,1669,3,0,5,2,0,0,2,0
1281640,4,2022,2022,4,6,6,14,27,25,34609,0,1,1,-34.479527,150.873267,80,0,2,1,1,0,0,0,2,0,7,50,0,3775,3775,0,5,5,2,0,1,1,0
1281641,2,2021,2021,10,3,4,120,36,194,148,0,1,9,-30.542481,151.739818,1,1,0,1,0,0,0,0,2,0,7,100,2,323,323,1,16,12,2,0,0,1,0
1281644,1,2021,2021,9,4,8,475,10,137,268,0,1,9,-33.913528,150.906724,41,0,2,1,1,0,0,0,2,0,0,70,2,1383,1383,1,10,36,2,0,0,0,1
1281648,4,2022,2022,4,5,10,110,27,55,10,0,1,7,-33.93346,150.89537,41,0,2,1,2,0,0,0,0,0,0,50,0,945,945,5,5,40,1,0,1,0,0
1281651,4,2022,2022,4,3,8,866,17,523,793,0,1,9,-33.910294,150.918974,41,0,2,1,1,0,0,0,2,2,7,70,2,1945,1945,5,16,40,2,0,1,0,0
1281654,4,2021,2021,9,5,0,512,17,9,441,0,1,1,-32.49613,148.914946,22,1,0,1,0,0,0,0,0,0,7,110,2,9859,9859,8,5,40,1,0,1,0,0
1281663,2,2021,2021,9,4,3,105,27,65,109,0,1,10,-33.862797,150.917374,24,0,2,1,2,0,3,0,2,2,7,60,1,5929,5929,1,5,5,2,0,0,1,0
1281664,1,2021,2021,9,5,7,3371,17,5,3342,0,1,1,-29.670625,153.132098,18,2,1,1,0,0,3,4,2,0,7,80,2,3775,3775,0,10,13,2,0,0,0,1
1281668,2,2022,2022,4,4,4,57,36,17,769,0,1,1,-33.609229,150.793664,29,2,2,0,1,0,0,3,2,0,7,70,2,3775,3775,0,5,0,3,0,0,2,0
1281673,2,2022,2022,4,5,5,512,17,53,441,0,1,10,-32.23665,148.247248,51,2,1,1,1,0,0,0,2,0,0,50,2,6545,6545,4,5,5,2,0,0,1,1
1281676,1,2021,2021,10,0,5,3371,17,18,3342,0,1,9,-33.006173,151.685023,37,0,2,0,1,0,0,0,2,2,9,80,2,2040,2040,9,0,28,2,0,0,0,1
1281677,1,2022,2022,4,4,2,68,27,110,67,1,0,9,-33.775038,151.023814,54,0,2,0,2,0,0,0,1,0,7,60,1,5929,5929,1,0,0,2,0,0,0,1
1281679,2,2021,2021,2,6,5,475,10,523,268,1,0,2,-33.91697,150.911663,41,0,2,1,0,0,0,0,2,0,7,70,2,1981,1981,4,0,27,2,0,0,1,0
1281680,4,2022,2022,4,2,10,168,10,387,260,0,1,9,-33.94457,151.188138,4,0,2,1,2,0,0,0,0,2,7,70,2,4552,985,8,5,40,1,0,1,2,0
1281681,4,2021,2021,10,3,7,2,27,5,34609,0,1,1,-28.578884,153.131282,51,2,1,0,0,0,0,0,2,0,7,80,0,418,714,5,10,40,1,0,1,0,0
1281682,4,2022,2022,4,2,8,1,27,16,34609,0,1,1,-34.697337,150.156054,78,2,1,1,0,0,0,6,3,0,7,50,0,404,404,8,16,40,1,0,1,0,0
1281683,1,2022,2022,4,5,8,34,31,145,140,0,1,9,-33.924422,151.135106,15,0,2,1,1,0,0,0,2,0,7,50,1,591,591,1,17,5,2,0,0,0,1
1281685,2,2022,2022,4,0,7,128,27,61,133,0,1,9,-33.834578,150.652596,55,0,2,1,1,0,3,3,2,0,7,60,2,4026,4026,8,5,40,1,0,0,1,0
1281688,2,2021,2021,2,0,5,15,27,2,34609,0,1,1,-29.997069,150.789568,51,2,1,1,0,0,3,0,2,0,7,80,0,1945,1945,5,16,40,1,0,0,1,0
1281689,2,2021,2021,2,1,5,35,10,17,34609,0,1,7,-28.922039,153.47615,2,2,1,0,0,0,0,0,2,0,0,80,0,2585,4009,8,16,40,1,0,0,1,0
1281690,2,2021,2021,2,1,11,55,1,134,34609,0,1,7,-33.516441,151.312866,16,2,2,1,2,0,0,0,0,0,0,50,0,6545,6545,4,5,5,2,0,0,1,0
1281693,1,2021,2021,9,3,5,2126,17,78,2149,0,1,10,-33.866479,151.093618,14,0,2,1,3,0,3,0,2,2,7,60,2,14295,14295,3,9,5,2,0,0,0,1
1281697,2,2021,2021,2,0,1,2126,17,104,2149,0,1,1,-33.834544,151.020983,54,0,2,1,2,0,0,0,0,0,7,60,2,9859,9859,8,0,40,1,0,0,1,0
1281698,4,2022,2022,4,0,9,68,31,73,331,0,1,1,-34.190384,150.604996,79,2,2,1,1,0,0,3,2,0,7,60,1,1981,1981,4,10,0,2,0,1,0,3
1281699,1,2022,2022,4,1,5,4,7,443,34609,0,1,9,-33.90247,151.055267,15,0,2,1,1,0,0,0,2,0,7,60,0,1669,1669,3,10,0,3,0,0,0,2
1281700,2,2021,2021,2,1,9,1,7,130,34609,0,1,9,-34.458355,150.833978,80,0,2,1,2,0,3,4,3,0,15,50,0,6545,6545,4,0,5,2,0,0,2,0
1281703,2,2021,2021,2,5,6,11,27,17,34609,0,1,1,-32.018908,152.435619,43,1,0,0,0,2,0,3,2,0,7,100,0,4552,5151,8,16,40,1,0,0,1,0
1281707,2,2022,2022,4,6,9,232,36,252,331,0,1,10,-33.956241,150.872619,41,0,2,1,3,0,3,0,3,0,7,70,2,14295,14295,3,10,0,3,0,0,1,0
1281713,2,2022,2022,4,1,8,171,27,73,369,0,1,9,-33.715028,150.724966,55,0,2,1,3,0,0,0,2,2,7,70,2,1282,1282,1,5,5,2,0,0,1,0
1281715,2,2022,2022,4,0,6,1,7,104,34609,0,1,1,-33.803319,150.781918,55,0,2,0,3,0,0,3,2,0,7,50,0,3775,3775,0,0,5,2,0,0,1,2
1281717,4,2021,2021,2,2,5,40,10,6,174,0,1,1,-32.690738,151.342471,17,1,0,1,0,0,0,0,2,0,7,90,2,1945,1945,5,16,40,1,0,1,0,0
1281720,4,2021,2021,2,2,0,37,27,21,36,0,1,1,-32.559037,151.764531,51,2,1,1,0,2,0,0,0,2,7,60,2,3775,3775,0,16,0,2,0,1,0,0
1281723,2,2021,2021,9,5,0,149,27,52,198,0,1,1,-33.973851,150.983908,41,0,2,1,0,0,0,0,0,0,7,80,2,9859,9859,8,5,40,1,0,0,1,0
1281727,4,2021,2021,2,3,6,81,17,30,34609,0,1,1,-34.478668,150.351028,78,2,1,1,0,0,0,0,2,0,7,80,0,945,945,5,30,40,1,0,1,0,0
1281729,4,2021,2021,9,5,6,30,31,252,9,0,1,10,-33.883302,151.213101,69,0,2,1,1,0,0,0,2,2,7,40,1,2040,2040,9,5,26,2,0,1,0,0
1281730,2,2021,2021,2,6,6,45,31,179,34609,0,1,1,-31.910175,152.459554,43,2,1,1,1,0,0,0,2,0,7,50,0,941,941,1,0,5,2,0,0,1,0
1281731,4,2021,2021,10,0,5,32,31,37,91,1,0,1,-33.907475,151.259654,76,0,2,1,1,0,0,3,2,3,9,50,1,9859,9859,1,22,36,2,0,1,0,0
1281732,1,2021,2021,9,6,0,4,27,118,34609,0,1,1,-33.370152,151.334305,16,2,2,0,0,0,0,0,0,0,7,60,0,2585,4009,8,16,40,1,0,0,0,1
1281733,1,2021,2021,2,6,8,8,31,92,34609,0,1,9,-33.410942,151.35289,16,2,2,0,0,0,0,0,2,0,0,50,0,2852,2852,4,5,13,2,0,0,0,1
1281735,4,2021,2021,2,6,7,2,27,9,34609,0,1,1,-32.717854,152.11574,57,2,1,1,1,0,0,0,2,0,7,50,0,9859,9859,1,5,13,3,0,1,0,0
1281739,4,2021,2021,9,4,7,8,27,164,8,0,1,9,-33.740684,150.884544,7,0,2,1,0,0,0,3,2,0,7,60,1,4026,4026,8,16,40,1,0,2,1,0
1281741,2,2021,2021,9,0,11,2,7,85,34609,0,1,9,-33.789138,150.661499,55,0,2,0,2,0,3,4,0,0,0,50,0,4552,5151,1,5,0,3,0,0,1,0
1281742,2,2021,2021,2,2,7,3371,17,65,3342,0,1,2,-30.359151,153.05869,19,1,0,1,0,0,3,4,2,0,7,110,2,941,941,1,10,13,2,0,0,1,0
1281744,2,2021,2021,2,2,5,2261,17,24,2252,0,1,3,-34.401163,150.509506,78,1,0,1,0,0,0,0,2,0,7,110,2,14295,14295,3,9,5,2,0,0,2,0
1281745,1,2021,2021,2,5,2,100,27,109,799,0,1,9,-33.900755,151.144834,32,0,2,1,1,0,0,0,1,2,7,60,2,5929,5929,1,0,19,2,0,0,0,2
1281746,2,2021,2021,2,2,2,12,27,19,34609,0,1,1,-28.594952,153.502044,10,2,1,0,0,2,0,0,0,0,7,40,0,4552,5151,8,30,40,1,0,0,1,0
1281747,4,2021,2021,2,5,7,3371,17,463,3342,0,1,9,-30.30561,153.101882,19,2,1,1,1,0,0,0,2,0,0,60,2,5929,5929,1,10,5,2,0,1,0,0
1281748,1,2021,2021,9,1,5,34,31,18,34609,0,1,10,-33.725866,151.288099,50,0,2,1,1,0,0,0,2,0,0,50,0,6545,6545,4,5,0,2,0,0,0,1
1281751,4,2021,2021,9,1,6,18,31,179,34609,0,1,2,-31.894901,152.46204,43,2,1,1,1,0,3,4,2,0,7,50,0,591,591,1,22,5,2,0,1,0,0
1281753,2,2021,2021,2,0,0,334,10,57,34609,0,1,1,-33.653916,151.113532,31,0,2,0,2,0,0,0,0,0,7,50,0,1957,4009,1,5,5,3,0,0,1,0
1281754,4,2021,2021,2,2,11,36,31,109,34609,0,1,1,-33.903298,151.135722,32,0,2,1,2,0,0,0,0,0,7,50,0,9859,9859,1,0,5,4,0,1,0,0
1281755,1,2022,2022,4,2,0,168,17,55,212,0,1,1,-35.690563,150.181201,23,1,0,0,0,0,0,0,0,0,7,100,2,1259,5151,8,5,40,1,0,0,0,1
1281756,2,2021,2021,2,1,11,3,31,171,34609,0,1,1,-33.805246,150.967593,21,0,2,1,2,0,0,0,0,0,7,50,0,489,489,8,16,40,1,0,0,1,0
1281757,2,2021,2021,10,2,8,11,31,30,41,0,1,10,-34.867079,147.582315,51,2,1,1,1,0,0,0,2,0,0,50,1,6545,6545,4,5,5,2,0,0,2,0
1281758,2,2021,2021,2,4,5,916,17,37,917,0,1,7,-32.667739,151.361717,17,2,1,0,1,0,0,0,2,0,0,80,2,3775,3775,0,21,12,2,0,0,1,0
1281759,4,2021,2021,2,0,11,38,27,165,21,0,1,1,-32.278491,150.872738,46,2,1,1,2,0,0,0,0,0,7,60,2,9859,9859,8,30,40,1,0,1,0,0
1281761,2,2021,2021,2,4,9,2,31,225,34609,0,1,9,-33.795129,151.186895,77,0,2,1,1,0,0,0,2,2,7,40,0,5929,5929,1,10,27,2,0,0,1,0
1281767,1,2021,2021,10,2,6,1,27,23,34609,0,1,1,-32.998623,151.090296,17,2,1,0,0,2,0,0,2,0,7,50,0,3775,3775,0,16,19,2,0,0,0,1
1281768,1,2021,2021,9,5,8,78,17,34,75,0,1,8,-33.860193,151.206217,69,0,2,0,1,0,0,0,2,0,7,70,2,14295,14295,3,10,5,2,0,0,0,1
1281770,4,2021,2021,2,1,8,30,31,283,34609,0,1,9,-33.838799,151.011124,21,0,2,1,1,0,0,0,2,0,7,50,0,5929,5929,1,5,19,2,0,1,0,0
1281772,4,2021,2021,2,4,10,346,17,24,332,0,1,1,-28.812729,153.38307,39,2,1,1,0,0,3,4,0,0,7,80,2,1109,787,1,5,5,2,0,2,0,0
1281774,4,2021,2021,2,1,8,9,27,110,34609,0,1,7,-33.753586,151.032715,71,0,2,1,1,0,0,0,2,0,0,50,0,926,926,4,16,5,2,0,1,0,0
1281777,1,2021,2021,2,2,7,3371,17,463,3342,0,1,10,-30.297168,153.113087,19,2,1,1,1,0,0,3,2,2,7,60,2,5929,5929,1,5,27,2,0,0,0,1
1281778,4,2021,2021,2,3,5,71,27,69,122,0,1,10,-34.552462,150.859877,62,0,2,1,1,0,0,0,2,2,7,70,2,2585,777,8,16,40,1,0,1,0,0
1281780,4,2021,2021,9,0,9,161,17,7,161,0,1,1,-36.632251,149.729798,5,1,0,0,0,0,3,4,3,0,7,100,2,273,957,5,10,40,1,0,1,0,0
1281782,1,2021,2021,10,0,6,63,17,112,34609,0,1,1,-33.451371,151.439124,16,2,2,1,0,0,0,0,2,0,7,50,0,14295,14295,3,0,5,4,0,0,0,2
1281787,2,2022,2022,4,3,5,1,31,39,34609,0,1,1,-33.754846,150.931559,7,0,2,1,3,0,0,0,2,0,7,50,0,1282,1282,1,5,5,2,0,0,1,0
1281790,1,2022,2022,4,0,6,3371,17,20,3342,0,1,10,-33.079686,151.650607,37,0,2,0,3,0,0,0,2,2,7,70,2,14295,14295,3,10,13,2,0,0,0,1
1281792,2,2021,2021,2,1,10,5,2,48,34609,0,1,7,-28.277124,153.57557,72,2,1,0,2,0,0,0,0,0,0,50,0,2585,4009,8,16,40,1,0,0,1,0
1281796,4,2021,2021,2,0,10,916,17,77,917,0,1,1,-32.56505,151.177326,64,2,1,1,2,0,0,0,0,0,7,50,2,2040,2040,9,30,28,2,0,1,1,0
1281798,2,2021,2021,2,0,5,213,17,83,213,0,1,7,-29.707361,152.941496,18,2,1,0,0,0,0,0,2,0,0,60,2,1220,1220,9,5,28,2,0,0,2,0
1281801,2,2022,2022,4,4,8,2126,17,125,2149,0,1,9,-33.862819,151.079634,67,0,2,1,3,0,0,0,2,2,7,60,2,14295,14295,3,5,13,2,0,0,1,0
1281808,1,2021,2021,2,2,7,12,31,79,34609,0,1,1,-33.823011,151.220462,49,0,2,1,3,0,0,0,2,0,7,50,0,2040,2040,9,0,28,2,0,0,0,1
1281810,1,2022,2022,4,3,4,150,27,309,415,0,1,10,-33.803923,151.113423,61,0,2,1,3,0,0,0,2,2,6,70,2,217,217,1,5,5,2,0,0,0,1
1281811,1,2021,2021,2,4,9,8,1,70,34609,0,1,9,-33.904415,150.987411,15,0,2,1,3,0,0,0,3,0,7,40,0,4026,4026,8,5,40,1,0,0,0,2
1281820,2,2022,2022,4,4,5,92,31,17,34609,0,1,9,-31.873953,152.67961,43,2,1,1,3,0,0,3,2,0,7,50,0,9859,9859,8,30,40,1,0,0,1,0
1281824,1,2022,2022,4,0,10,19,27,16,63,0,1,10,-34.564017,150.830201,62,0,2,1,3,0,0,0,0,2,7,70,2,6545,6545,4,0,0,2,0,0,0,1
1281828,2,2021,2021,10,3,5,21,27,36,34609,0,1,1,-34.396769,150.849499,80,0,2,0,1,0,0,0,2,0,7,60,0,1850,1463,5,16,40,1,0,0,1,0
1281831,4,2021,2021,2,0,6,3,31,57,34609,1,0,1,-34.677909,150.847964,35,2,1,1,0,0,0,0,2,0,7,50,0,9859,9859,1,22,5,2,0,1,0,0
1281832,4,2022,2022,4,2,3,15,27,15,41,0,1,1,-28.938653,153.216031,60,1,0,0,0,0,3,4,2,0,7,100,1,4552,5151,8,5,40,1,0,1,0,0