Crash ID,Degree of crash - detailed,Reporting year,Year of crash,Month of crash,Day of week of crash,Two-hour intervals,Street of crash,Street type,Town,Route no.,School zone location,School zone active,Type of location,Latitude,Longitude,LGA,Urbanisation,Conurbation 1,Alignment,Street lighting,Road surface,Surface condition,Weather,Natural lighting,Signals operation,Other traffic control,Speed limit,Road classification,RUM - code,DCA - code,First impact type,Key TU type,Other TU type,No. of traffic units involved,No. killed,No. seriously injured,No. moderately injured,No. minor-other injured
1281833,1,2022,2022,4,4,9,168,17,14,212,0,1,1,-35.260717,149.681507,58,1,0,0,0,0,0,0,2,0,7,100,2,1957,4009,8,5,40,1,0,0,0,1
1281838,4,2022,2022,4,3,9,13,27,5,34609,0,1,9,-32.484379,151.168494,64,2,1,0,0,0,0,0,2,0,7,80,0,4552,5151,8,10,40,1,0,1,0,0
1281844,4,2022,2022,4,4,0,7,31,36,34609,0,1,1,-33.577565,148.657411,11,2,1,1,1,0,0,0,0,0,7,50,0,9859,9859,8,34,40,1,0,1,1,0
1281848,1,2021,2021,9,2,1,475,1,13,34609,0,1,1,-35.151803,147.456951,75,2,1,1,3,0,3,3,0,0,7,50,0,9859,9859,8,10,40,1,0,0,0,1
1281852,1,2021,2021,1,1,8,105,27,70,109,0,1,1,-33.885018,150.885052,24,0,2,1,0,0,0,0,2,0,7,60,1,1981,1981,4,5,12,3,0,0,0,1
1281856,2,2021,2021,2,6,8,19,27,138,30,0,1,9,-33.873595,151.260004,81,0,2,1,1,0,0,0,2,0,0,50,1,3775,3775,0,0,5,2,0,0,2,1
1281857,2,2022,2022,4,3,3,22,27,14,26,0,1,1,-34.867748,147.248008,51,1,0,1,2,0,0,0,2,0,7,100,1,1089,1089,7,22,40,1,0,0,1,0
1281858,2,2021,2021,9,4,11,1,1,8,34609,0,1,1,-32.985247,151.718971,37,0,2,0,2,0,0,0,0,0,7,50,0,2585,4009,1,9,6,4,0,0,1,0
1281861,2,2022,2022,4,4,7,33,27,100,34609,0,1,1,-33.959526,151.152254,4,0,2,1,1,0,3,4,2,0,7,50,0,1220,1220,9,0,28,2,0,0,1,0
1281866,2,2021,2021,10,0,9,57,27,337,47,0,1,9,-33.726388,150.990221,71,0,2,1,1,0,0,0,3,2,7,60,2,2852,2852,4,30,0,2,0,0,1,0
1281876,2,2021,2021,10,0,3,34,27,127,799,0,1,9,-33.896041,151.158072,32,0,2,1,0,0,0,0,2,0,0,60,2,926,926,4,10,5,2,0,0,1,0
1281878,1,2022,2022,4,0,3,1,27,14,34609,0,1,1,-34.813232,146.657877,51,1,0,0,0,0,0,0,2,0,7,100,0,4552,5151,8,10,40,1,0,0,0,1
1281883,2,2022,2022,4,5,8,133,17,22,121,0,1,9,-36.92474,149.221896,65,1,0,0,3,0,0,3,4,0,0,100,2,1957,777,8,29,40,1,0,0,1,0
1281891,1,2021,2021,2,4,9,500,27,80,160,0,1,2,-33.980993,150.898108,13,0,2,0,3,0,0,0,3,0,7,60,2,14295,14295,3,5,5,2,0,0,0,1
1281892,2,2022,2022,4,6,5,153,27,290,147,0,1,10,-33.948967,151.11057,4,0,2,1,3,0,0,0,2,0,7,60,2,1282,1282,1,29,5,3,0,0,1,0
1281895,1,2022,2022,4,4,7,117,1,115,121,0,1,1,-34.036889,151.078611,68,0,2,1,3,0,0,0,2,0,7,60,1,14295,14295,3,5,36,2,0,0,0,1
1281897,1,2021,2021,9,5,7,9,31,112,34609,0,1,7,-33.913998,150.933823,41,0,2,0,3,0,0,0,2,0,0,50,0,623,623,3,5,12,2,0,0,0,1
1281900,2,2022,2022,4,4,2,1052,27,104,262,0,1,10,-32.909615,151.709583,48,0,2,1,3,0,0,0,0,2,15,60,2,6545,6545,4,5,5,3,0,0,1,0
1281901,4,2021,2021,9,4,9,67,27,100,68,0,1,1,-33.807679,151.171771,77,0,2,0,2,0,3,4,3,0,7,50,1,3775,3775,0,5,5,2,0,1,0,0
1281910,4,2021,2021,10,4,8,2,18,109,34609,0,1,1,-33.952409,150.849928,41,0,2,1,0,0,0,0,2,0,7,50,0,238,238,9,5,26,2,0,1,0,0
1281941,4,2021,2021,9,1,6,36,27,9,72,0,1,1,-28.712658,153.456411,10,2,1,0,0,0,0,0,2,0,7,80,2,418,714,5,9,40,1,0,1,0,0
1281942,1,2021,2021,6,5,3,104,27,443,702,0,1,9,-33.915768,151.062943,15,0,2,0,3,0,3,0,2,2,7,60,2,2852,2852,4,10,5,2,0,0,0,1
1281944,2,2022,2022,3,6,2,6,1,18,34609,0,1,1,-33.235295,151.543499,16,2,2,1,3,0,0,3,1,0,7,50,0,237,162,8,5,40,1,0,0,1,0
1281948,2,2021,2021,10,1,8,9,1,18,34609,1,0,1,-33.758819,151.114875,36,0,2,0,3,0,0,0,2,0,7,50,0,237,162,8,5,40,1,0,0,1,0
1281952,4,2022,2022,4,2,0,71,36,234,139,0,1,1,-34.284062,146.016042,28,2,1,1,3,0,3,4,0,0,7,80,2,4026,4026,8,30,40,1,0,1,0,0
1281953,1,2022,2022,4,3,1,294,17,11,288,0,1,1,-35.12607,147.424072,75,2,1,1,3,0,3,0,0,0,7,60,2,1669,1669,3,34,41,2,0,0,0,1
1281955,1,2022,2022,3,6,9,2209,17,88,2205,0,1,2,-33.990921,151.113731,25,0,2,1,3,0,3,4,2,0,7,70,2,1981,1981,4,5,5,2,0,0,0,1
1281968,2,2022,2022,4,0,10,11,27,149,34609,0,1,1,-33.817473,150.963604,21,0,2,1,3,0,0,0,0,0,7,50,0,1981,1981,4,5,5,2,0,0,1,0
1281971,1,2022,2022,3,5,5,15,27,32,34609,0,1,1,-33.653411,150.957792,71,0,2,0,0,0,0,0,2,0,7,60,0,1957,4009,8,9,40,1,0,0,0,1
1281972,2,2022,2022,4,5,6,2126,17,140,2149,0,1,10,-33.781607,150.823918,7,0,2,1,1,0,0,0,2,2,7,80,2,2852,2852,4,5,5,2,0,0,1,2
1281974,2,2021,2021,2,3,9,225,17,70,180,0,1,1,-34.562635,150.339982,78,2,1,1,0,0,0,0,2,0,7,80,2,4026,4026,8,5,40,1,0,0,1,0
1281976,4,2022,2022,4,1,8,171,27,64,369,0,1,9,-33.704523,150.724146,55,0,2,1,0,0,0,3,2,0,7,80,2,3775,3775,0,5,19,2,0,1,0,0
1281977,4,2022,2022,4,6,4,1,31,41,34609,0,1,7,-33.903023,151.191235,69,0,2,1,1,0,3,4,2,0,0,50,0,121,121,9,0,28,2,0,1,0,0
1281978,2,2021,2021,10,4,6,280,10,237,240,0,1,7,-33.857198,150.950562,24,0,2,0,1,0,0,0,2,0,0,60,2,6545,6545,4,5,19,2,0,0,1,0
1281982,4,2022,2022,4,2,8,2,27,1,34609,0,1,1,-32.751172,146.614925,51,1,0,0,0,2,3,4,2,0,7,100,0,4552,5151,8,10,40,1,0,1,0,1
1281986,2,2022,2022,4,4,6,6,27,160,34609,0,1,1,-33.104302,151.50629,37,0,2,1,1,0,0,0,2,0,7,60,0,4026,4026,8,10,40,1,0,0,1,0
1281987,1,2021,2021,6,1,8,3,31,523,34609,0,1,1,-33.918051,150.907761,41,0,2,0,3,0,0,0,2,0,7,50,0,1282,1282,1,5,13,2,0,0,0,1
1281988,1,2022,2022,4,0,2,2261,17,92,2252,0,1,3,-33.988123,150.853925,13,0,2,1,3,0,3,3,0,0,7,110,2,1383,1383,1,5,5,2,0,0,0,1
1281989,2,2022,2022,4,4,6,1,10,18,34609,0,1,9,-34.207272,146.241359,28,1,0,0,3,2,0,0,2,0,7,100,0,4552,5151,8,0,40,1,0,0,1,0
1281992,2,2022,2022,4,0,7,14,31,215,34609,0,1,10,-35.116048,147.36936,75,2,1,1,3,0,0,0,2,3,7,50,0,1282,1282,1,33,0,2,0,0,1,0
1281997,4,2021,2021,9,6,7,866,17,98,793,0,1,9,-33.739515,151.066375,31,0,2,1,1,0,0,0,2,3,7,70,2,4552,985,8,5,40,1,0,1,0,0
1281998,2,2021,2021,2,5,6,1104,14,223,962,0,1,3,-33.803587,150.901388,7,0,2,1,3,0,0,0,2,0,7,100,2,1383,1383,1,5,5,2,0,0,1,0
1282000,4,2022,2022,4,3,2,3,31,32,232,0,1,7,-32.365529,149.525902,44,2,1,1,3,0,2,6,0,0,0,50,2,1945,1945,5,17,40,1,0,1,0,0
1282002,1,2022,2022,4,6,4,163,27,41,165,0,1,9,-33.728885,150.822708,7,0,2,1,3,0,0,0,2,2,7,60,1,14295,14295,3,5,0,2,0,0,0,2
1282003,4,2021,2021,9,0,7,2126,17,27,2149,0,1,2,-33.712094,150.336963,8,2,2,1,1,0,0,0,2,0,7,80,2,9859,9859,8,5,40,1,0,1,0,0
1282005,2,2021,2021,9,2,1,26,6,86,34609,0,1,1,-33.756593,150.941354,7,0,2,1,0,0,0,0,0,0,7,50,0,4026,4026,1,5,0,2,0,0,1,0
1282009,4,2022,2022,4,0,11,1,27,5,34609,0,1,1,-30.541006,145.089331,51,1,0,1,0,0,0,0,0,0,7,100,0,9859,9859,8,0,40,1,0,1,0,0
1282010,2,2021,2021,9,4,7,265,17,14,193,0,1,1,-34.026836,148.561612,30,1,0,1,0,0,3,4,2,0,7,100,2,9859,9859,8,3,40,1,0,0,1,0
1282012,2,2022,2022,4,6,8,1052,27,104,262,0,1,10,-32.909737,151.70956,48,0,2,1,1,0,0,0,2,1,7,60,2,14295,14295,3,5,0,3,0,0,1,0
1282013,4,2021,2021,10,0,7,2,22,346,144,1,2,1,-33.882155,151.092399,67,0,2,1,0,0,0,0,2,0,7,40,2,3775,3775,0,0,13,2,0,1,1,0
1282016,2,2022,2022,4,3,7,5,27,202,34609,0,1,1,-33.956883,151.035698,15,0,2,1,0,0,0,0,2,0,7,50,0,2040,2040,9,5,28,2,0,0,1,0
1282018,4,2021,2021,9,0,1,1,27,7,34609,0,1,1,-33.111856,151.55496,37,0,2,0,2,0,3,4,0,0,7,50,0,2585,4009,8,5,40,1,0,1,0,0
1282019,2,2022,2022,4,1,8,22,31,33,34609,0,1,0,-34.745662,150.82818,35,2,1,1,1,0,0,0,2,0,7,40,0,368,368,9,5,28,3,0,0,1,0
1282024,4,2021,2021,2,0,8,2126,17,93,2149,0,1,2,-33.419362,149.620583,3,2,1,1,1,0,0,0,2,0,7,60,2,591,591,1,16,0,2,0,1,0,0
1282025,4,2021,2021,2,2,8,30,27,120,154,0,1,10,-33.762802,150.863099,7,0,2,1,1,0,0,0,2,2,7,60,1,2852,2852,4,5,5,3,0,1,0,0
1282027,4,2022,2022,4,2,0,137,14,24,70,0,1,3,-32.877504,151.568599,37,0,2,0,0,0,0,0,0,0,7,110,2,4552,5151,8,16,40,1,0,1,0,0
1282028,4,2022,2022,4,1,6,12,27,5,34609,0,1,1,-32.095624,152.280259,43,2,1,0,0,0,0,0,2,0,7,80,0,2585,4009,8,5,40,1,0,2,0,1
1282030,2,2022,2022,4,3,5,55,36,22,35,0,1,1,-32.864194,149.949992,44,1,0,0,0,0,0,0,2,0,7,100,1,380,714,5,16,40,1,0,0,1,0
1282033,2,2022,2022,4,5,7,113,27,104,111,0,1,9,-33.803541,150.769411,55,0,2,1,0,0,3,4,2,0,0,80,2,2852,2852,4,0,0,2,0,0,1,1
1282039,2,2022,2022,4,4,4,71,27,66,34609,0,1,1,-34.493412,150.892747,80,0,2,1,1,0,0,0,2,0,7,50,0,9859,9859,1,0,12,2,0,0,1,0
1282040,2,2021,2021,9,2,6,60,31,134,34609,0,1,10,-33.660565,150.860127,7,0,2,1,1,0,3,4,2,0,15,60,0,6545,6545,4,5,13,2,0,0,1,0
1282043,4,2021,2021,2,1,7,178,27,189,101,0,1,9,-33.945751,151.053314,15,0,2,1,1,0,0,0,2,0,0,50,1,5929,5929,1,5,5,2,0,1,0,0
1282045,2,2021,2021,2,6,6,133,27,46,260,0,1,9,-32.913382,151.660796,48,0,2,1,1,0,0,0,2,2,7,70,2,2852,2852,4,0,0,2,0,0,1,0
1282050,4,2021,2021,9,0,8,512,17,10,441,0,1,9,-32.331642,148.753972,22,1,0,1,0,0,3,4,2,0,0,110,2,1383,1383,1,5,13,2,0,1,0,0
1282051,2,2021,2021,2,6,5,515,14,166,518,0,1,3,-33.943995,150.986764,15,0,2,1,0,0,0,0,2,0,7,100,2,1383,1383,1,29,12,2,0,0,1,0
1282052,4,2021,2021,2,5,2,3371,17,49,3342,0,1,2,-33.20529,151.517706,16,2,2,0,0,0,0,0,1,0,7,80,2,1850,1463,5,16,40,1,0,1,0,0
1282053,1,2022,2022,4,4,6,54,27,61,49,0,1,10,-32.9287,151.731758,48,0,2,1,3,0,0,0,2,0,15,60,1,6545,6545,4,0,5,2,0,0,0,1
1282057,4,2021,2021,9,4,11,19,27,1,7,0,1,1,-31.677951,149.201152,51,1,0,1,0,0,3,4,0,0,7,100,2,4026,4026,8,10,40,1,0,1,0,0
1282058,1,2021,2021,2,6,3,80,27,316,50,1,0,9,-33.912501,151.237626,59,0,2,1,1,0,0,0,2,2,7,60,2,5929,5929,1,0,27,2,0,0,0,1
1282059,2,2022,2022,4,6,10,15,27,30,34609,0,1,1,-34.490057,150.811776,80,0,2,1,2,0,3,4,0,0,7,60,0,945,945,5,5,40,1,0,0,1,0
1282061,1,2021,2021,2,5,7,1,25,120,34609,0,1,9,-33.769083,150.882658,7,0,2,1,3,0,3,3,2,0,0,50,0,3775,3775,0,0,5,2,0,0,0,1
1282062,4,2022,2022,4,6,7,55,36,7,43,0,1,1,-32.386129,150.522669,46,1,0,0,0,0,0,0,2,0,7,100,1,4552,5151,8,16,40,1,0,1,0,0
1282063,2,2022,2022,4,6,8,10,31,169,34609,0,1,1,-28.643663,153.610889,10,2,1,1,0,0,0,0,2,0,9,50,0,78,78,8,22,40,1,0,0,1,0
1282065,1,2021,2021,2,1,5,74,23,100,260,0,1,9,-33.963736,151.155032,4,0,2,1,3,0,0,3,2,0,7,60,2,1282,1282,1,5,27,2,0,0,0,1
1282069,2,2021,2021,2,5,7,3371,17,173,3342,0,1,10,-33.71601,151.108738,31,0,2,1,1,0,0,3,2,2,7,60,2,5929,5929,1,0,0,2,0,0,1,0
1282070,1,2021,2021,9,1,3,515,14,109,518,0,1,3,-33.96176,150.875544,41,0,2,1,3,0,0,0,2,0,7,100,2,14295,14295,3,3,5,3,0,0,0,1
1282075,2,2021,2021,2,3,8,21,31,194,34609,0,1,1,-30.506065,151.674833,1,2,1,1,1,0,0,0,2,0,7,50,0,4026,4026,1,0,5,2,0,0,1,0
1282078,4,2021,2021,9,0,3,27,27,251,136,0,1,10,-33.766975,150.951552,7,0,2,1,0,0,3,4,2,2,9,60,2,2040,2040,9,0,28,2,0,1,0,0
1282079,1,2022,2022,4,5,8,866,17,98,793,0,1,10,-33.754067,151.047778,31,0,2,0,3,0,3,4,2,2,7,70,2,14295,14295,3,19,5,2,0,0,0,1
1282081,4,2021,2021,9,3,5,8,1,40,79,0,1,2,-33.813993,151.211416,77,0,2,0,1,0,0,0,2,0,7,50,2,2585,4009,8,5,40,1,0,1,0,0
1282091,4,2022,2022,4,2,5,3,10,85,34609,0,1,7,-33.793936,150.684703,55,0,2,0,1,0,0,0,2,0,0,50,0,1957,4009,8,16,40,1,0,1,0,0
1282093,4,2022,2022,3,6,4,24,31,102,34609,1,0,1,-31.109446,150.91185,70,2,1,0,1,0,3,4,2,0,7,50,0,3775,3775,0,5,22,2,0,1,1,0
1282094,1,2022,2022,4,0,7,30,27,39,93,0,1,9,-33.754514,150.933444,7,0,2,1,1,0,0,0,2,0,0,60,1,9859,9859,1,0,13,3,0,0,0,1
1282096,1,2021,2021,9,2,5,2126,17,106,2149,0,1,2,-33.886187,151.179396,69,0,2,1,1,0,3,3,2,0,7,60,2,1945,1945,5,15,40,1,0,0,0,1
1282097,4,2022,2022,4,0,8,89,36,3,17,0,1,1,-29.066022,152.603724,18,2,1,0,0,2,3,4,3,0,7,60,1,4552,5151,8,10,40,1,0,1,0,0
1282098,1,2022,2022,3,5,3,2261,17,284,2252,1,0,2,-33.907521,151.025309,15,0,2,1,0,0,0,0,2,0,7,60,2,121,121,9,33,28,2,0,0,0,1
1282099,2,2021,2021,2,2,0,51,31,77,5,1,0,1,-33.028621,151.657653,37,0,2,1,2,0,0,0,0,0,7,50,1,9859,9859,8,5,40,1,0,0,1,0
1282100,2,2021,2021,2,1,7,916,17,66,917,0,1,9,-32.81255,151.656339,48,0,2,1,3,0,0,0,2,0,0,90,2,14295,14295,3,9,36,3,0,0,1,0
1282101,4,2021,2021,2,2,11,7,23,24,34609,0,1,7,-33.708676,151.102928,31,0,2,1,2,0,3,4,0,0,0,50,0,4026,4026,8,30,40,1,0,4,2,0
1282102,2,2022,2022,4,4,3,283,27,91,702,0,1,9,-33.962011,151.091415,25,0,2,1,0,0,2,6,0,0,7,60,2,9859,9859,8,0,40,1,0,0,1,0
1282104,4,2022,2022,4,3,0,3,27,57,34609,0,1,1,-33.570796,150.959812,71,0,2,0,0,0,3,0,0,0,7,100,0,782,957,5,16,40,1,0,1,0,0
1282105,2,2021,2021,2,0,1,500,27,41,799,0,1,10,-33.904703,151.128568,32,0,2,1,2,0,0,0,0,2,7,60,2,6545,6545,4,0,13,2,0,0,1,1
1282107,2,2022,2022,4,4,4,23,31,37,23,0,1,9,-33.897145,151.259339,76,0,2,1,1,0,0,0,2,0,7,50,1,387,387,1,22,0,2,0,0,1,0
1282108,1,2021,2021,9,4,10,296,27,460,293,0,1,2,-33.845891,150.997858,21,0,2,1,2,0,0,0,0,0,7,70,2,14295,14295,3,5,5,2,0,0,0,2
1282110,4,2021,2021,9,1,6,6,27,6,11,0,1,1,-34.828702,144.246525,51,1,0,1,0,0,0,0,2,0,7,100,1,9859,9859,8,5,40,1,0,1,0,0
1282111,4,2021,2021,9,0,4,2261,17,70,2252,0,1,2,-34.538308,150.279783,78,1,0,1,0,0,3,4,2,0,7,110,2,14295,14295,3,8,0,2,0,1,0,0
1282113,2,2021,2021,2,6,8,7,31,53,34609,0,1,10,-31.867476,152.372111,43,2,1,1,1,0,3,4,2,0,0,50,0,6545,6545,4,0,13,2,0,0,1,0
1282115,4,2021,2021,2,1,8,344,27,89,382,0,1,1,-33.649159,150.791624,29,2,2,1,0,0,0,0,2,0,7,80,2,14295,14295,3,9,25,4,0,1,0,3
1282118,4,2021,2021,2,5,5,515,14,387,518,0,1,6,-33.946166,151.17189,4,0,2,1,0,0,0,0,2,0,7,80,2,1282,1282,1,8,5,2,0,1,0,0
1282119,1,2022,2022,4,0,3,10,23,67,34609,0,1,7,-33.700872,150.90331,7,0,2,1,3,0,0,0,2,0,0,50,0,6545,6545,4,0,27,2,0,0,0,1
1282120,1,2022,2022,4,4,8,1,1,82,34609,0,1,9,-33.79623,151.260961,50,0,2,1,3,0,3,4,2,0,7,50,0,14295,14295,3,0,5,2,0,0,0,1
1282121,1,2021,2021,2,2,6,2261,17,30,2252,0,1,2,-35.519983,147.556608,27,1,0,1,0,0,0,0,2,0,7,110,2,14295,14295,3,9,2,2,0,0,0,1
1282123,1,2021,2021,9,1,3,82,27,134,181,0,1,10,-33.892879,151.256313,76,0,2,1,0,0,0,0,2,0,0,50,2,6545,6545,4,10,27,2,0,0,0,1
1282125,4,2022,2022,4,5,10,27,36,12,34609,0,1,1,-29.70316,152.956602,18,2,1,0,2,0,0,0,0,0,7,80,0,14295,14295,3,16,19,2,0,1,0,0
1282126,4,2022,2022,4,1,3,3,27,14,34609,0,1,1,-28.92153,152.534093,51,1,0,0,0,0,0,0,2,0,7,100,0,4552,5151,8,10,40,1,0,1,0,0
1282127,1,2021,2021,9,0,11,255,27,66,172,0,1,2,-32.9268,151.636099,37,0,2,1,2,0,3,3,0,0,7,60,2,9859,9859,1,5,5,3,0,0,0,1
1282128,2,2022,2022,4,3,5,1,18,2,34609,0,1,1,-32.578133,149.60167,44,2,1,1,0,0,0,0,2,0,7,50,0,121,121,9,5,28,2,0,0,1,0
1282133,2,2022,2022,4,5,5,43,27,15,46,0,1,9,-28.296741,153.569395,72,2,1,1,1,0,0,0,2,0,7,60,2,5929,5929,1,30,0,3,0,0,1,1
1282134,2,2022,2022,4,5,5,128,27,61,133,0,1,1,-33.85661,150.646358,55,0,2,0,0,0,3,4,2,0,7,80,2,380,714,5,5,40,1,0,0,1,0
1282136,2,2022,2022,4,3,9,3,27,3,34609,0,1,1,-33.69321,147.351162,51,2,1,0,0,0,0,0,2,0,7,80,0,1850,1463,5,10,40,1,0,0,1,0
1282137,4,2022,2022,4,6,7,500,27,646,799,0,1,9,-33.935037,151.024598,15,0,2,1,1,0,0,0,2,2,7,60,2,2852,2852,4,30,0,3,0,1,0,0
1282144,2,2022,2022,4,1,4,48,27,6,62,0,1,1,-35.533486,148.099186,66,1,0,1,0,0,0,0,2,0,7,100,2,1945,1945,5,29,40,1,0,0,1,0
1282146,4,2021,2021,2,0,5,19,31,225,12,0,1,9,-33.791058,151.183288,77,0,2,1,1,0,0,0,2,0,7,50,1,1192,1192,1,5,27,2,0,1,0,0
1282147,2,2022,2022,4,5,5,28,27,16,62,0,1,1,-36.720473,149.903801,5,2,1,0,0,0,3,4,2,0,7,80,1,2585,4009,8,0,40,1,0,0,1,0
1282152,1,2022,2022,4,0,7,225,17,70,180,0,1,1,-34.564757,150.329565,78,2,1,1,3,0,0,0,2,0,7,80,2,1981,1981,4,0,12,2,0,0,0,1
1282153,1,2022,2022,4,4,10,251,27,115,212,0,1,10,-33.752333,151.234443,50,0,2,1,3,0,0,0,0,2,7,70,2,5929,5929,1,5,0,2,0,0,0,1
1282157,4,2022,2022,4,3,6,2,27,2,34609,0,1,1,-35.272519,148.264638,66,1,0,1,0,0,0,0,2,0,7,100,0,1945,1945,5,22,40,2,0,1,1,0
1282159,2,2022,2022,4,0,10,8,7,36,22,0,1,10,-33.879709,151.177495,69,0,2,0,3,0,0,0,0,2,7,50,2,5929,5929,1,5,13,2,0,0,1,0
1282161,2,2022,2022,4,0,6,2,27,7,34609,0,1,1,-35.444916,150.324702,63,1,0,0,3,0,3,0,2,0,7,100,0,1850,1463,5,16,40,1,0,0,1,0
1282165,2,2022,2022,4,6,3,126,1,32,17,0,1,10,-33.751048,150.819604,7,0,2,1,1,0,0,3,2,0,15,60,1,6545,6545,4,5,5,2,0,0,2,0
1282168,2,2021,2021,2,4,4,13,27,278,24,0,1,7,-33.763484,151.042284,54,0,2,1,0,0,0,0,2,0,0,50,1,6545,6545,4,0,5,2,0,0,1,0
1282170,2,2022,2022,3,5,7,22,27,94,144,0,1,1,-33.789692,150.807311,55,0,2,1,0,0,0,0,2,0,7,60,2,14295,14295,3,0,13,3,0,0,1,0
1282171,2,2022,2022,4,3,8,2261,17,523,2252,0,1,2,-33.925913,150.918044,41,0,2,1,1,0,0,0,2,0,7,60,2,9859,9859,8,5,40,1,0,0,1,0
1282178,4,2022,2022,4,3,8,59,27,9,69,0,1,1,-34.00835,149.791118,51,1,0,0,0,0,0,0,2,0,7,100,1,4552,5151,8,16,40,1,0,1,0,0
1282180,2,2021,2021,2,0,6,2209,17,88,2205,0,1,2,-33.995116,151.116759,25,0,2,0,1,0,0,0,2,0,7,70,2,4552,5151,8,16,40,1,0,0,1,0
1282182,4,2022,2022,4,3,5,25,27,8,260,0,1,2,-32.982022,151.603433,37,0,2,1,1,0,0,3,2,0,7,80,2,1192,1192,1,0,0,2,0,1,0,1
1282183,4,2022,2022,4,2,8,481,17,30,483,0,1,9,-34.739763,146.563542,51,2,1,1,1,0,0,0,2,0,7,50,2,9859,9859,8,5,40,1,0,1,0,0
1282184,4,2021,2021,2,1,6,8,27,52,34609,0,1,1,-33.272431,151.462148,16,2,2,1,0,0,0,0,2,0,7,60,0,2040,2040,9,21,26,2,0,1,0,0
1282188,4,2022,2022,4,2,4,4,27,2,34609,0,1,1,-31.62864,151.052933,73,1,0,1,0,2,0,0,2,0,7,100,0,3775,3775,0,16,13,2,0,1,0,0
1282189,4,2021,2021,2,2,4,59,10,89,34609,0,1,10,-33.894218,151.233059,59,0,2,1,0,0,0,0,2,0,15,30,0,6545,6545,4,22,5,2,0,1,0,0
1282190,1,2022,2022,4,3,7,1052,14,83,928,0,1,3,-33.492544,151.185644,16,1,2,1,3,0,0,0,2,0,7,90,2,14295,14295,3,5,0,2,0,0,0,1
1282191,2,2022,2022,4,5,3,34,27,38,117,0,1,9,-32.928918,151.693572,48,0,2,1,3,0,0,0,2,2,7,60,2,14295,14295,3,5,5,4,0,0,1,0
1282193,1,2022,2022,4,2,4,10,31,87,34609,0,1,2,-28.808641,153.278738,39,2,1,1,3,0,0,3,2,0,7,50,0,14295,14295,3,10,0,2,0,0,0,1
1282194,1,2022,2022,4,2,7,2126,17,363,2149,0,1,2,-33.821097,151.004019,54,0,2,1,3,0,0,0,2,0,7,60,2,14295,14295,3,5,0,3,0,0,0,1
1282196,4,2021,2021,9,1,6,101,10,239,35,0,1,10,-34.032766,151.125467,68,0,2,1,1,0,0,0,2,1,7,70,2,14295,14295,3,10,0,3,0,1,0,1
1282197,4,2022,2022,4,6,9,1,10,316,34609,0,1,1,-31.426035,152.883088,56,2,1,1,1,0,0,3,3,0,7,50,0,3775,3775,0,22,0,2,0,1,0,0
1282198,2,2021,2021,2,3,7,2261,17,284,2252,0,1,2,-33.90724,151.023745,15,0,2,1,3,0,0,0,2,0,7,60,2,14295,14295,3,10,5,2,0,0,1,0
1282202,2,2022,2022,3,6,10,234,27,112,217,0,1,9,-33.693714,151.019697,71,0,2,1,3,0,0,0,0,2,7,60,2,217,217,1,5,5,2,0,0,1,0
1282204,2,2022,2022,4,1,8,30,27,32,41,0,1,9,-33.982732,151.126996,25,0,2,0,1,0,0,0,2,0,6,60,1,5929,5929,1,0,18,2,0,0,1,0
1282206,1,2021,2021,11,6,7,916,17,10,917,0,1,1,-32.506959,151.118097,64,1,0,1,0,0,0,0,2,0,7,100,2,1945,1945,5,16,40,1,0,0,0,1
1282212,4,2022,2022,3,5,7,829,27,124,770,0,1,2,-33.811486,151.035285,54,0,2,1,1,0,3,3,2,0,7,70,2,14295,14295,3,5,5,3,0,1,1,0
1282213,4,2022,2022,4,0,3,11,1,80,59,0,1,10,-33.881663,151.205936,69,0,2,1,1,0,0,0,2,2,7,40,1,1220,1220,9,5,28,2,0,1,0,0
1282214,4,2022,2022,4,3,4,1,27,6,34609,0,1,1,-34.866397,150.622915,63,2,1,1,0,0,0,0,2,0,7,60,0,9859,9859,8,5,40,1,0,1,0,0
1282216,2,2021,2021,9,1,7,2261,17,284,2252,1,2,9,-33.90764,151.025985,15,0,2,1,1,0,0,0,2,2,7,40,2,14295,14295,3,5,5,3,0,0,1,0
1282218,1,2022,2022,4,1,4,330,27,43,605,0,1,9,-33.697677,151.300787,50,0,2,1,0,0,0,0,2,2,7,70,2,1669,1669,3,0,19,2,0,0,0,1
1282219,2,2022,2022,4,3,6,1,1,160,34609,0,1,1,-33.118638,151.473403,37,0,2,1,1,0,0,0,2,0,7,50,0,312,312,2,16,40,1,0,0,1,0
1282222,4,2022,2022,4,3,9,22,31,25,34609,0,1,1,-32.837016,151.370452,17,2,1,1,1,0,0,0,2,0,7,50,0,190,190,1,15,0,2,0,1,0,0
1282223,4,2021,2021,9,2,10,102,31,293,28,0,1,1,-33.917558,151.05009,15,0,2,1,2,0,0,3,0,0,7,60,1,14295,14295,3,5,5,2,0,1,0,0
1282224,4,2022,2022,4,6,4,55,27,137,96,0,1,9,-32.959334,151.69243,37,0,2,1,1,0,0,0,2,2,7,60,2,4026,4026,8,5,40,1,0,1,0,0
1282225,1,2022,2022,4,5,8,2126,17,163,2149,1,0,1,-33.868688,151.104065,9,0,2,1,1,0,0,0,2,0,7,60,2,14295,14295,3,5,5,2,0,0,0,1
1282226,4,2022,2022,4,1,6,115,27,55,114,0,1,1,-33.860972,151.278347,81,0,2,0,0,0,0,0,2,0,7,50,2,4552,5151,8,5,40,1,0,1,0,0