Crash ID,Degree of crash - detailed,Reporting year,Year of crash,Month of crash,Day of week of crash,Two-hour intervals,Street of crash,Street type,Town,Route no.,School zone location,School zone active,Type of location,Latitude,Longitude,LGA,Urbanisation,Conurbation 1,Alignment,Street lighting,Road surface,Surface condition,Weather,Natural lighting,Signals operation,Other traffic control,Speed limit,Road classification,RUM - code,DCA - code,First impact type,Key TU type,Other TU type,No. of traffic units involved,No. killed,No. seriously injured,No. moderately injured,No. minor-other injured
1282227,1,2021,2021,9,0,5,15,27,247,38,0,1,2,-33.817488,150.933886,21,0,2,1,1,0,0,0,2,0,9,60,2,2040,2040,9,5,28,2,0,0,0,1
1282228,4,2021,2021,2,6,6,1,27,6,34609,0,1,1,-37.234448,149.839295,5,1,0,1,0,0,0,0,2,0,7,100,0,9859,9859,8,0,40,1,0,1,0,1
1282229,2,2021,2021,9,0,11,1,27,21,34609,0,1,1,-33.728057,150.407754,8,2,2,0,3,0,2,6,0,0,7,50,0,1957,4009,8,5,40,1,0,0,1,0
1282231,4,2021,2021,2,3,5,123,36,17,90,0,1,1,-31.772592,151.898466,43,2,1,0,0,0,0,0,2,0,7,80,1,1259,5151,8,16,40,1,0,1,0,0
1282234,2,2022,2022,4,4,2,2261,17,33,2252,0,1,3,-34.01961,150.824433,13,0,2,1,0,0,3,4,1,0,7,110,2,941,941,1,0,10,2,0,0,1,0
1282236,4,2022,2022,4,2,10,2261,17,443,2252,0,1,9,-33.897012,151.049886,15,0,2,1,2,0,0,0,0,2,9,70,2,1220,1220,9,5,28,2,0,1,0,0
1282237,2,2022,2022,4,3,10,25,27,8,143,0,1,1,-33.348001,149.615387,3,1,0,1,0,0,0,0,0,0,7,100,2,1089,1089,7,0,40,1,0,0,1,0
1282238,2,2021,2021,2,5,3,22,31,215,34609,0,1,10,-35.108007,147.362523,75,2,1,1,1,0,0,0,2,0,15,50,0,6545,6545,4,9,0,2,0,0,1,0
1282244,2,2021,2021,2,4,1,196,10,34,168,0,1,9,-33.974304,151.017044,15,0,2,0,2,0,0,0,0,0,15,60,2,6545,6545,4,5,5,2,0,0,1,1
1282245,4,2022,2022,4,1,3,20,31,387,3,0,1,1,-33.924387,151.187474,4,0,2,1,1,0,0,0,2,0,7,50,1,2040,2040,9,0,28,2,0,1,0,0
1282246,2,2022,2022,4,1,8,18,27,10,14,0,1,1,-28.78029,153.28081,39,2,1,0,0,0,0,0,2,0,7,80,1,3775,3775,0,30,5,2,0,0,1,0
1282247,2,2021,2021,2,1,5,28,27,94,34609,0,1,10,-33.778532,150.792819,55,0,2,1,1,0,0,3,2,2,6,50,0,6545,6545,4,0,5,2,0,0,1,0
1282250,4,2021,2021,10,2,7,120,36,14,148,0,1,9,-30.472046,152.934221,6,1,0,1,0,0,0,0,2,0,7,100,2,3775,3775,0,0,5,2,0,1,5,1
1282251,1,2022,2022,4,1,1,21,31,65,34609,1,0,1,-33.700288,151.294874,50,0,2,1,2,0,0,0,0,0,7,50,0,9859,9859,1,9,12,4,0,0,0,1
1282252,1,2021,2021,9,5,9,5,1,8,34609,0,1,1,-33.862587,151.201403,69,0,2,1,2,0,0,0,3,0,7,40,0,323,323,1,22,5,2,0,0,0,1
1282253,1,2022,2022,4,3,5,133,31,646,34609,0,1,1,-33.917305,151.031886,15,0,2,1,1,0,0,0,2,0,7,40,0,2040,2040,9,5,28,2,0,0,0,1
1282254,4,2021,2021,2,0,3,344,27,168,382,0,1,2,-33.706042,150.838409,7,0,2,1,1,0,0,0,2,0,7,80,2,14295,14295,3,29,35,4,0,1,0,0
1282257,4,2022,2022,4,5,10,7,1,29,34609,0,1,1,-33.915292,150.894955,41,0,2,1,2,0,0,0,0,0,7,50,0,1109,787,1,34,18,2,0,1,1,0
1282258,2,2021,2021,2,4,8,2209,17,13,2205,0,1,1,-36.627555,149.84388,5,1,0,0,0,0,3,4,2,0,7,100,2,1957,4009,8,5,40,1,0,0,1,0
1282259,2,2022,2022,4,1,5,161,17,11,161,0,1,10,-35.996665,148.777614,65,2,1,1,1,0,0,0,2,0,7,70,2,395,395,1,0,36,2,0,0,3,0
1282260,4,2021,2021,9,5,7,2,14,115,34609,0,1,6,-33.913987,151.178496,32,0,2,0,1,0,0,0,2,0,7,60,2,4552,5151,8,8,40,1,0,1,0,0
1282261,4,2021,2021,9,6,2,5,10,13,34609,0,1,1,-33.142364,151.625885,37,0,2,0,0,0,0,0,0,0,7,80,0,1957,4009,8,5,40,1,0,1,0,0
1282263,2,2022,2022,4,3,6,485,27,187,769,0,1,9,-33.791692,150.997886,54,0,2,1,3,0,0,0,2,2,7,60,2,14295,14295,3,10,13,2,0,0,1,0
1282271,1,2022,2022,3,4,7,14,27,143,34609,0,1,7,-33.875688,151.11048,9,0,2,0,3,2,0,0,2,0,0,50,0,14295,14295,3,0,19,2,0,0,0,1
1282273,1,2021,2021,10,2,6,3,27,72,34609,0,1,10,-33.826788,151.222708,49,0,2,1,3,0,0,0,2,0,15,50,0,6545,6545,4,0,5,2,0,0,0,1
1282274,2,2022,2022,4,1,4,2126,17,73,2149,0,1,9,-33.887655,151.17165,32,0,2,1,3,0,0,0,2,2,9,60,2,5929,5929,1,5,5,2,0,0,1,0
1282283,2,2022,2022,4,2,5,5,18,106,34609,0,1,0,-33.675827,151.302505,50,0,2,1,1,0,0,6,2,0,7,40,0,2040,2040,9,34,28,2,0,0,1,0
1282284,2,2022,2022,4,3,0,95,31,72,34609,1,0,1,-33.838868,151.086375,14,0,2,1,1,0,0,0,0,0,7,50,0,9859,9859,1,5,0,2,0,0,1,0
1282285,4,2022,2022,4,4,9,500,27,129,799,0,1,2,-33.926058,151.084669,15,0,2,1,0,0,0,0,2,0,7,60,2,4026,4026,8,5,40,1,0,1,0,0
1282286,2,2021,2021,2,1,3,14,1,167,34609,0,1,4,-33.854317,151.065964,54,0,2,0,1,0,0,0,1,1,7,60,0,14295,14295,3,22,41,2,0,0,1,0
1282287,2,2022,2022,4,5,8,6,31,134,34609,0,1,10,-33.684481,150.87787,7,0,2,1,1,0,0,0,2,0,15,50,0,6545,6545,4,0,5,2,0,0,1,1
1282289,2,2021,2021,2,5,8,230,27,100,284,0,1,9,-33.801716,151.145386,77,0,2,1,1,0,0,0,2,2,7,60,2,6545,6545,4,0,19,2,0,0,1,0
1282292,4,2021,2021,2,5,7,84,10,39,80,0,1,9,-34.315304,150.922606,80,0,2,1,1,0,0,0,2,0,0,50,2,2852,2852,4,9,19,3,0,1,0,0
1282297,4,2021,2021,9,5,7,119,31,119,34609,1,2,1,-32.764571,151.745788,57,2,1,1,0,0,3,0,2,0,7,40,0,368,368,9,33,28,2,0,1,0,0
1282300,2,2022,2022,4,4,6,31,31,218,34609,0,1,9,-33.763638,150.774557,55,0,2,1,0,0,0,0,2,0,7,40,0,14295,14295,3,5,0,3,0,0,2,0
1282303,2,2021,2021,2,5,5,143,31,123,181,0,1,2,-33.883031,151.22061,81,0,2,1,1,0,0,0,2,0,7,50,2,1282,1282,1,5,27,2,0,0,1,0
1282308,4,2021,2021,2,3,8,22,4,134,34609,0,1,1,-33.520842,151.299615,16,2,2,0,1,0,0,0,2,0,7,50,0,4552,5151,8,10,40,2,0,1,0,0
1282309,2,2021,2021,2,6,5,84,27,61,415,0,1,9,-33.767929,151.136798,36,0,2,1,1,0,0,0,2,0,15,70,2,2852,2852,4,5,5,2,0,0,1,1
1282313,4,2021,2021,2,6,6,33,27,10,260,0,1,2,-33.052855,151.569194,37,0,2,0,0,0,0,0,2,0,7,90,2,2585,4009,8,16,40,1,0,1,0,0
1282314,2,2022,2022,4,6,7,158,27,173,207,0,1,9,-33.876879,151.228411,69,0,2,1,1,0,0,3,2,2,7,60,2,6545,6545,4,5,36,2,0,0,1,0
1282315,2,2022,2022,4,6,8,5,27,57,41,0,1,9,-33.678279,151.115702,31,0,2,0,3,0,3,3,2,0,7,60,2,14295,14295,3,0,0,2,0,0,1,0
1282317,2,2022,2022,4,4,4,500,27,136,799,0,1,1,-33.926332,151.083752,15,0,2,1,1,0,0,0,2,0,7,60,2,1192,1192,1,8,5,2,0,0,1,0
1282319,4,2022,2022,4,0,3,3371,17,225,3342,0,1,9,-33.791763,151.18029,77,0,2,1,1,0,0,0,2,0,7,60,2,340,340,9,30,28,2,0,1,0,0
1282323,1,2022,2022,4,2,10,13,27,3,7,0,1,1,-31.034304,152.93714,34,2,1,1,3,0,0,0,0,0,7,80,1,9859,9859,8,5,40,1,0,0,0,1
1282326,1,2021,2021,2,5,4,31,27,197,69,0,1,1,-33.792301,151.153787,61,0,2,0,3,0,3,4,2,0,7,60,2,1850,1463,5,16,40,1,0,0,0,1
1282328,2,2022,2022,4,3,7,334,17,19,308,0,1,2,-31.4624,152.821675,56,2,1,0,1,0,0,0,2,0,7,60,2,1282,1282,1,10,19,2,0,0,1,0
1282331,1,2021,2021,2,0,8,24,27,115,52,0,1,9,-33.911982,151.172833,32,0,2,1,1,0,3,4,2,0,7,50,1,5929,5929,1,5,5,2,0,0,0,2
1282333,4,2021,2021,9,1,7,42,31,166,21,1,2,1,-33.904605,151.174358,32,0,2,1,3,0,0,0,2,0,7,40,1,340,340,9,5,28,2,0,1,1,0
1282335,2,2021,2021,2,4,6,50,27,169,382,0,1,1,-33.771198,150.835709,7,0,2,1,0,0,0,0,2,0,7,60,2,3775,3775,0,5,5,2,0,0,2,0
1282338,2,2021,2021,2,6,6,62,10,55,169,0,1,1,-32.829966,151.514275,17,2,1,1,1,0,0,0,2,0,7,60,2,14295,14295,3,5,41,2,0,0,1,0
1282339,4,2021,2021,9,3,0,255,27,35,166,0,1,1,-33.268454,151.555854,16,2,2,1,2,0,3,4,0,0,7,50,2,9859,9859,8,21,40,1,0,1,0,0
1282341,2,2022,2022,4,1,6,143,31,57,34609,0,1,1,-32.978054,151.683105,37,0,2,1,3,0,0,0,2,0,7,50,0,1282,1282,1,5,40,1,0,0,1,0
1282344,2,2022,2022,4,3,0,52,27,438,103,1,0,1,-33.864571,151.024763,21,0,2,1,3,0,0,0,0,0,9,50,1,1945,1945,5,16,40,1,0,0,1,0
1282353,1,2022,2022,4,4,6,485,27,154,769,0,1,10,-33.708399,150.941491,71,0,2,1,3,0,0,0,2,2,7,80,2,6545,6545,4,5,0,2,0,0,0,1
1282354,1,2021,2021,7,0,9,3,31,112,34609,0,1,10,-36.059081,146.943474,0,2,1,1,3,0,0,0,3,0,0,50,0,6545,6545,4,10,41,2,0,0,0,1
1282355,1,2022,2022,4,5,8,251,27,115,212,1,0,9,-33.751919,151.231813,50,0,2,1,3,0,0,0,2,2,7,70,2,5929,5929,1,5,0,3,0,0,0,1
1282361,1,2022,2022,4,3,5,35,27,173,34609,0,1,1,-33.777465,151.108732,61,0,2,1,3,0,0,0,2,0,7,50,0,1383,1383,1,5,25,2,0,0,0,1
1282362,1,2022,2022,4,1,10,3371,17,39,3342,0,1,2,-29.794614,153.026081,18,1,0,1,3,0,0,0,0,0,7,110,2,14295,14295,3,30,35,2,0,0,0,1
1282364,2,2021,2021,2,4,3,23,36,14,62,0,1,1,-30.164511,153.002497,19,1,0,0,0,0,3,0,2,0,7,100,1,1957,4009,8,10,40,1,0,0,1,0
1282365,2,2022,2022,4,2,8,55,27,64,117,0,1,2,-32.942222,151.687626,48,0,2,1,3,0,0,0,2,0,7,70,2,14295,14295,3,10,0,4,0,0,1,0
1282368,1,2022,2022,4,0,7,134,10,4,133,0,1,10,-33.818028,151.022128,54,0,2,1,3,0,0,0,2,0,7,70,2,14295,14295,3,0,25,2,0,0,0,1
1282373,1,2022,2022,4,0,5,3371,17,173,3342,1,0,9,-33.727889,151.120066,36,0,2,0,3,0,0,0,2,2,7,60,2,14295,14295,3,8,5,2,0,0,0,1
1282375,4,2021,2021,9,2,8,6,31,105,34609,0,1,9,-32.706738,151.535355,42,2,1,1,0,0,0,0,2,0,7,50,0,9859,9859,8,16,40,1,0,1,0,0
1282377,1,2021,2021,9,5,3,2,6,23,34609,0,1,1,-32.884036,151.652445,48,0,2,0,3,0,0,0,2,0,7,50,0,3775,3775,0,10,0,2,0,0,0,1
1282378,2,2021,2021,9,0,11,48,10,19,58,0,1,2,-32.90319,151.753136,48,0,2,0,2,0,3,4,0,0,7,60,2,3775,3775,0,5,41,2,0,0,1,0
1282379,2,2022,2022,4,3,5,2126,17,323,2149,0,1,10,-33.791725,150.866921,7,0,2,1,3,0,0,0,2,2,7,80,2,1383,1383,1,5,36,3,0,0,1,0
1282386,2,2022,2022,4,2,5,10,27,53,34609,0,1,10,-33.737194,151.303745,50,0,2,1,1,0,3,0,2,0,15,50,0,214,214,9,5,26,2,0,0,1,0
1282387,1,2022,2022,4,3,8,222,27,111,34609,0,1,1,-33.688995,150.882987,7,0,2,1,3,0,0,0,2,0,7,60,0,14295,14295,3,0,0,2,0,0,0,3
1282389,4,2022,2022,4,0,5,3,31,143,34609,0,1,10,-33.877493,151.097829,9,0,2,1,3,0,0,3,2,0,15,50,0,6545,6545,4,5,0,2,0,1,0,0
1282394,2,2022,2022,4,3,8,103,36,4,157,0,1,9,-29.272447,152.991959,60,1,0,1,0,0,0,0,2,0,7,100,2,945,945,5,10,40,1,0,0,1,0
1282396,2,2022,2022,4,5,3,4,31,132,213,0,1,9,-29.779338,151.117705,33,2,1,1,0,0,0,0,2,0,0,50,2,1220,1220,9,5,28,2,0,0,1,0
1282397,2,2022,2022,4,3,5,11,27,9,34609,0,1,1,-28.42924,153.390874,72,1,0,0,0,0,0,0,2,0,7,100,0,14295,14295,3,16,19,2,0,0,2,0
1282399,2,2022,2022,4,2,0,14,27,59,34609,0,1,2,-33.979022,150.858046,13,0,2,1,2,0,0,0,0,0,7,60,0,3775,3775,0,5,41,2,0,0,1,0
1282400,2,2021,2021,2,2,10,62,31,90,34609,0,1,7,-33.889482,151.237445,81,0,2,1,2,0,0,0,0,0,0,50,0,6545,6545,4,22,13,2,0,0,1,0
1282402,2,2022,2022,4,1,7,2126,17,93,2149,0,1,9,-33.41859,149.601598,3,2,1,1,1,0,0,0,2,2,7,70,2,5929,5929,1,0,0,2,0,0,1,0
1282403,2,2022,2022,4,6,8,3371,17,104,3342,0,1,9,-32.852126,151.700092,48,0,2,1,1,0,0,0,2,1,7,80,2,1192,1192,1,5,5,2,0,0,1,0
1282404,2,2022,2022,4,1,3,22,31,215,34609,0,1,10,-35.10605,147.36159,75,2,1,1,1,0,0,0,2,0,0,50,0,6545,6545,4,10,0,2,0,0,1,0
1282407,2,2021,2021,2,5,7,3,27,92,34609,0,1,1,-33.397079,151.356009,16,2,2,1,1,0,0,0,2,0,7,50,0,4026,4026,1,21,5,2,0,0,1,0
1282408,2,2022,2022,4,0,7,485,27,232,769,0,1,2,-33.686981,150.919375,71,0,2,1,1,0,0,0,2,0,7,80,2,14295,14295,3,0,13,2,0,0,1,0
1282410,1,2022,2022,4,0,3,34,27,57,799,0,1,1,-33.899005,151.169671,32,0,2,1,0,0,3,4,2,0,7,60,2,1383,1383,1,8,5,3,0,0,0,1
1282411,1,2022,2022,4,5,4,5,1,67,34609,0,1,10,-33.712192,150.90432,7,0,2,1,1,0,3,4,2,2,7,60,0,6545,6545,4,5,0,2,0,0,0,1
1282414,4,2021,2021,2,5,5,205,27,161,415,0,1,10,-33.727834,151.164633,36,0,2,1,1,0,0,0,2,2,7,60,2,2852,2852,4,0,13,2,0,1,0,1
1282415,2,2021,2021,2,1,6,67,31,131,34609,0,1,1,-36.077327,146.922595,0,2,1,1,1,0,0,0,2,0,7,50,0,1945,1945,5,16,40,1,0,0,1,0
1282416,2,2022,2022,4,4,7,57,1,609,34609,0,1,1,-33.767842,150.910323,7,0,2,1,0,0,0,0,2,0,7,50,0,368,368,9,0,28,2,0,0,1,0
1282418,4,2021,2021,10,3,7,72,31,204,62,0,1,1,-33.934417,151.152756,4,0,2,1,1,0,0,0,2,0,7,60,1,623,623,3,5,19,2,0,1,1,0
1282420,2,2022,2022,4,3,9,11,27,112,34609,0,1,10,-36.057606,146.931227,0,2,1,1,1,0,0,0,2,0,0,50,0,6545,6545,4,5,5,2,0,0,1,0
1282426,4,2021,2021,2,1,3,27,36,15,27,0,1,1,-32.006786,149.562002,51,1,0,1,0,0,0,0,1,0,7,100,1,9859,9859,8,0,40,1,0,1,0,0
1282427,2,2022,2022,3,0,9,77,31,562,34609,0,1,1,-32.253996,148.610053,22,2,1,1,1,0,0,0,2,0,7,50,0,941,941,1,5,12,2,0,0,1,0
1282430,4,2022,2022,4,4,5,3,31,438,34609,1,0,1,-33.853382,151.033752,21,0,2,1,1,0,0,0,2,0,15,50,0,591,591,1,22,13,2,0,1,0,0
1282431,4,2022,2022,4,0,5,78,27,10,228,0,1,1,-33.053607,151.134676,17,2,1,0,0,0,0,0,2,0,7,80,1,1850,1463,5,16,40,1,0,1,0,0
1282437,2,2022,2022,4,3,7,2261,17,243,2252,0,1,10,-33.957337,150.882362,41,0,2,1,0,0,0,3,2,2,7,70,2,14295,14295,3,16,19,2,0,0,2,2
1282438,4,2022,2022,4,6,7,95,31,252,34609,0,1,9,-33.886928,151.213702,69,0,2,1,1,0,0,0,2,0,9,40,0,2852,2852,4,10,27,2,0,1,0,0
1282442,2,2021,2021,10,6,9,475,10,523,268,0,1,2,-33.915913,150.910603,41,0,2,1,3,0,0,0,0,0,7,70,2,1391,1391,1,5,5,2,0,0,1,1
1282443,4,2022,2022,3,2,5,1052,14,77,928,0,1,3,-33.533864,151.200157,16,1,2,1,3,0,0,0,2,0,7,110,2,204,204,1,30,25,2,0,1,1,0
1282449,2,2022,2022,3,1,3,35,1,63,52,0,1,9,-33.734646,150.798965,7,0,2,1,3,0,0,0,2,0,15,60,1,2852,2852,4,5,5,2,0,0,1,1
1282453,2,2022,2022,3,6,8,58,27,74,34609,0,1,1,-34.43499,150.861819,80,0,2,1,3,0,0,0,2,0,7,50,0,1981,1981,4,5,5,2,0,0,1,0
1282457,1,2022,2022,3,2,3,515,14,109,518,0,1,3,-33.95783,150.876314,41,0,2,1,3,0,0,0,2,0,7,100,2,4026,4026,8,5,40,1,0,0,0,1
1282461,1,2021,2021,2,5,8,205,27,45,415,0,1,9,-33.684,151.229798,50,0,2,0,3,0,0,0,2,2,7,70,2,14295,14295,3,0,0,2,0,0,0,1
1282463,2,2022,2022,3,2,4,3371,17,149,3342,0,1,7,-33.345634,151.369649,16,2,2,1,3,0,0,0,2,0,0,60,2,515,515,1,5,19,2,0,0,1,0
1282465,2,2022,2022,3,2,5,500,27,145,799,0,1,10,-33.93001,151.069728,15,0,2,1,3,0,3,4,2,0,0,60,2,1109,397,1,5,5,2,0,0,1,0
1282467,1,2022,2022,4,0,6,344,27,609,163,0,1,2,-33.762526,150.900438,7,0,2,1,3,0,0,0,2,0,7,60,2,14295,14295,3,5,0,2,0,0,0,4
1282468,2,2022,2022,4,6,5,12,31,84,5,0,1,1,-33.889739,150.945396,24,0,2,1,3,0,3,3,2,0,7,50,1,9859,9859,1,0,5,3,0,0,1,0
1282469,2,2022,2022,4,1,8,100,27,323,100,0,1,2,-33.80277,150.852243,7,0,2,1,3,0,0,0,3,0,7,70,2,14295,14295,3,5,0,2,0,0,1,0
1282471,2,2022,2022,3,3,9,5,1,73,34609,0,1,1,-35.150505,147.378698,75,2,1,1,3,0,0,0,0,0,7,50,0,9859,9859,8,5,40,1,0,0,1,0
1282472,2,2022,2022,4,0,3,4,10,123,34609,0,1,1,-33.864975,148.737437,51,2,1,0,3,0,0,0,2,0,7,80,0,2585,4009,8,0,40,1,0,0,1,0
1282475,2,2022,2022,3,0,8,89,36,49,81,0,1,1,-34.382967,148.700318,30,1,0,1,3,0,0,0,2,0,7,100,2,9859,9859,8,5,40,1,0,0,1,0
1282483,1,2021,2021,2,4,6,32,1,175,34609,0,1,10,-33.778812,151.07772,54,0,2,1,3,0,0,0,2,0,15,50,0,6545,6545,4,5,5,2,0,0,0,1
1282496,1,2021,2021,2,5,5,866,17,98,793,0,1,2,-33.734082,151.076909,31,0,2,1,3,0,0,0,2,0,7,70,2,14295,14295,3,5,5,2,0,0,0,1
1282500,1,2022,2022,3,2,3,1,27,1,34609,0,1,9,-33.742126,143.122589,51,1,0,1,3,2,0,0,2,0,7,100,0,1850,985,5,0,40,1,0,0,0,1
1282504,2,2022,2022,4,2,4,265,17,123,193,0,1,1,-33.835799,148.679127,51,2,1,1,3,0,0,0,2,0,7,50,2,77,77,1,10,19,2,0,0,1,0
1282510,1,2021,2021,2,2,0,265,10,445,563,0,1,2,-33.861513,151.042314,21,0,2,1,2,0,0,0,0,0,7,70,2,1282,1282,1,0,5,2,0,0,0,1
1282512,4,2021,2021,9,6,7,149,10,346,702,0,1,2,-33.876657,151.067531,67,0,2,1,1,0,0,0,2,0,7,80,2,14295,14295,3,8,0,4,0,1,0,0
1282513,2,2022,2022,3,6,11,132,31,45,126,0,1,9,-33.888217,151.195953,69,0,2,1,2,0,0,0,0,0,7,50,2,395,395,1,17,5,2,0,0,1,0
1282517,1,2022,2022,4,6,5,485,27,232,769,0,1,9,-33.700066,150.928791,71,0,2,1,3,0,3,4,2,2,7,80,2,14295,14295,3,9,5,3,0,0,0,1
1282519,2,2022,2022,4,2,9,2126,17,127,2149,0,1,2,-33.889733,151.149969,32,0,2,1,1,0,0,0,2,0,7,60,2,1945,1945,5,22,40,1,0,0,1,0
1282521,1,2021,2021,6,1,5,10,27,10,33,0,1,1,-32.492929,151.417401,64,1,0,1,1,0,0,0,2,0,7,100,1,14295,14295,3,16,19,2,0,0,0,2
1282522,1,2022,2022,4,2,2,255,27,71,166,0,1,1,-33.262596,151.525856,16,2,2,1,1,0,0,0,1,0,7,50,2,368,368,9,33,28,2,0,0,0,1
1282523,2,2022,2022,3,0,4,2126,17,166,2149,0,1,10,-33.417807,149.569149,3,2,1,1,1,0,0,0,2,2,7,60,2,6545,6545,4,30,0,3,0,0,2,0
1282525,2,2022,2022,4,4,8,2126,17,140,2149,0,1,2,-33.781755,150.824542,7,0,2,1,1,0,0,0,2,0,7,80,2,1981,1981,4,0,19,2,0,0,1,0
1282526,4,2022,2022,4,5,5,296,27,187,293,0,1,9,-33.877246,150.980481,24,0,2,1,1,0,3,4,2,1,7,70,2,14295,14295,3,33,19,2,0,1,0,0
1282528,2,2022,2022,3,5,9,20,31,523,34609,0,1,1,-33.916818,150.923572,41,0,2,1,1,0,3,4,2,0,7,50,0,1981,1981,4,5,19,2,0,0,1,0
1282530,4,2022,2022,3,0,2,74,23,149,260,0,1,1,-33.988441,151.146798,4,0,2,1,2,0,0,0,1,0,7,60,2,190,190,1,10,0,2,0,1,0,0
1282535,2,2021,2021,9,4,5,4,31,22,34609,0,1,9,-36.061493,146.910345,0,2,1,0,3,0,3,4,2,0,7,50,0,4552,5151,8,5,40,1,0,0,1,0
1282536,4,2021,2021,9,3,8,78,27,147,74,0,1,9,-33.862472,151.130473,14,0,2,1,1,0,0,0,2,0,7,50,1,1109,787,1,5,12,2,0,1,1,0
1282538,2,2022,2022,4,6,3,48,31,121,102,0,1,10,-33.796871,151.285001,50,0,2,1,1,0,0,0,2,2,9,60,2,2040,2040,9,10,28,2,0,0,1,0
1282539,2,2022,2022,4,1,8,334,17,316,308,0,1,7,-31.45299,152.874864,56,2,1,1,1,0,0,0,2,0,0,60,2,14295,14295,3,0,19,2,0,0,1,0
1282540,4,2022,2022,4,2,11,255,27,71,166,0,1,1,-33.264456,151.545461,16,2,2,0,2,0,0,0,0,0,7,50,2,1957,4009,1,30,5,2,0,1,0,0
1282543,4,2021,2021,9,4,9,171,1,57,104,0,1,10,-33.945378,151.221638,4,0,2,0,1,0,0,0,2,2,7,70,2,5929,5929,1,5,18,2,0,1,1,0
1282548,4,2022,2022,4,0,7,62,10,122,62,0,1,10,-33.42728,151.344223,16,2,2,1,1,0,0,0,2,2,7,50,2,6545,6545,4,5,0,2,0,1,0,1
1282550,2,2021,2021,2,1,8,49,31,41,34609,0,1,1,-33.819948,151.016725,54,0,2,1,0,2,0,0,2,0,7,50,0,4026,4026,8,5,40,1,0,0,1,0
1282553,1,2021,2021,9,0,7,15,27,42,34609,1,0,1,-33.738401,151.282632,50,0,2,1,0,0,0,0,2,0,7,50,0,1109,787,1,21,19,2,0,0,0,1
1282554,1,2022,2022,4,0,7,866,17,247,793,0,1,9,-33.816417,150.963069,21,0,2,1,1,0,0,0,2,2,9,70,2,1192,1192,1,33,5,2,0,0,0,1
1282555,4,2022,2022,3,1,5,72,31,176,62,0,1,9,-33.953566,151.147884,4,0,2,1,1,0,0,0,2,0,7,60,1,2040,2040,9,8,28,2,0,1,0,0
1282561,2,2022,2022,3,4,3,16,31,64,18,0,1,7,-33.956886,151.00339,15,0,2,1,1,0,0,0,1,0,0,60,1,6545,6545,4,0,27,2,0,0,1,0
1282562,1,2022,2022,3,6,3,251,27,115,212,1,0,2,-33.751891,151.2316,50,0,2,1,1,0,3,4,2,0,7,70,2,14295,14295,3,5,13,2,0,0,0,1
1282563,4,2022,2022,4,4,9,515,14,197,518,0,1,3,-33.94196,151.080911,15,0,2,1,1,0,0,0,2,0,7,80,2,9859,9859,8,16,40,1,0,1,0,0
1282564,4,2022,2022,4,5,5,84,10,6,80,0,1,9,-34.244946,150.973793,80,0,2,0,0,0,0,0,2,0,15,60,2,5929,5929,1,5,27,2,0,1,1,0
1282565,2,2021,2021,11,2,9,84,10,39,80,0,1,9,-34.319447,150.916372,80,0,2,0,2,0,3,4,0,2,7,50,2,3775,3775,0,10,5,3,0,0,1,1
1282566,2,2022,2022,3,5,8,1104,14,149,962,0,1,3,-33.81715,150.970483,21,0,2,1,0,0,3,4,2,0,7,90,2,14295,14295,3,5,5,4,0,0,1,0
1282567,2,2022,2022,4,3,7,178,31,48,34609,1,0,9,-36.679982,149.844544,5,2,1,1,0,0,3,0,2,0,7,50,0,489,489,8,5,40,1,0,0,1,0
1282568,2,2022,2022,3,4,7,9,31,166,34609,0,1,7,-33.423503,149.584342,3,2,1,1,1,0,0,0,2,0,0,60,0,6545,6545,4,5,5,3,0,0,1,0
1282569,4,2021,2021,2,5,0,2,1,609,34609,0,1,1,-33.770005,150.888565,7,0,2,1,2,0,3,2,0,0,7,50,0,9859,9859,1,5,5,3,0,1,0,0
1282576,2,2022,2022,4,0,8,1,6,93,34609,0,1,1,-33.401881,149.610012,3,2,1,1,0,2,0,0,2,0,7,50,0,175,188,8,5,40,1,0,0,1,0
1282580,2,2022,2022,4,6,2,3,27,13,34609,0,1,1,-33.614231,150.051144,40,2,1,0,0,0,3,4,1,0,7,80,0,273,957,5,0,40,1,0,0,1,0
1282584,4,2021,2021,9,4,8,18,31,273,34609,0,1,9,-34.427291,150.901931,80,0,2,0,1,0,0,0,2,0,15,50,0,2040,2040,9,9,28,2,0,1,0,0
1282586,1,2022,2022,4,6,6,171,1,49,104,0,1,9,-33.942338,151.216912,4,0,2,0,3,0,0,0,2,0,0,70,2,2852,2852,4,5,5,2,0,0,0,1
1282590,2,2022,2022,4,4,4,11,1,104,34609,1,0,9,-33.793942,150.787766,55,0,2,1,0,0,0,0,2,0,9,50,0,2040,2040,9,0,28,2,0,0,1,0
1282592,1,2022,2022,4,4,8,15,27,161,34609,0,1,9,-33.720989,151.164105,36,0,2,1,3,0,0,0,2,0,0,50,0,6545,6545,4,5,0,2,0,0,0,2
1282593,4,2022,2022,4,1,7,5,27,278,34609,0,1,1,-33.772501,151.039589,54,0,2,1,3,0,0,0,2,0,7,50,0,4026,4026,1,0,5,2,0,1,0,0
1282595,1,2022,2022,4,1,10,3371,17,58,3342,0,1,9,-32.791356,151.72466,57,2,1,1,3,0,3,4,2,1,7,80,2,14295,14295,3,29,0,2,0,0,0,1
1282596,4,2022,2022,3,2,9,48,10,463,32,0,1,9,-30.281311,153.133934,19,2,1,0,3,0,3,4,3,0,7,60,1,6545,6545,4,5,0,2,0,1,0,0