Crash ID,Degree of crash - detailed,Reporting year,Year of crash,Month of crash,Day of week of crash,Two-hour intervals,Street of crash,Street type,Town,Route no.,School zone location,School zone active,Type of location,Latitude,Longitude,LGA,Urbanisation,Conurbation 1,Alignment,Street lighting,Road surface,Surface condition,Weather,Natural lighting,Signals operation,Other traffic control,Speed limit,Road classification,RUM - code,DCA - code,First impact type,Key TU type,Other TU type,No. of traffic units involved,No. killed,No. seriously injured,No. moderately injured,No. minor-other injured
1282599,2,2022,2022,3,5,6,296,27,147,293,0,1,9,-33.872108,150.984344,15,0,2,1,3,0,0,0,2,0,0,70,2,1383,1383,1,8,12,2,0,0,1,0
1282600,1,2022,2022,4,1,8,10,31,387,64,0,1,9,-33.931314,151.184175,4,0,2,1,3,0,0,0,2,2,7,40,2,14295,14295,3,19,5,2,0,0,0,1
1282602,1,2022,2022,3,6,6,177,22,210,176,1,0,10,-34.033911,151.098693,68,0,2,1,3,0,0,3,2,2,7,60,2,14295,14295,3,0,5,2,0,0,0,2
1282605,1,2022,2022,3,3,2,1052,14,14,928,0,1,3,-33.204483,151.458258,16,1,2,1,3,0,3,4,0,0,7,110,2,404,404,8,10,40,1,0,0,0,1
1282607,1,2022,2022,4,3,5,10,31,61,34609,0,1,7,-29.740805,151.735063,51,2,1,1,3,0,0,0,2,0,7,50,0,248,248,1,30,0,2,0,0,0,1
1282609,2,2022,2022,3,3,6,78,27,23,228,0,1,1,-33.040952,151.138604,17,2,1,1,3,2,0,3,2,0,7,80,1,9859,9859,8,0,40,1,0,0,2,0
1282610,2,2022,2022,3,0,4,11,27,16,34609,0,1,10,-34.234058,146.034836,28,1,0,1,3,0,0,0,2,0,0,100,0,6545,6545,4,10,5,2,0,0,1,0
1282611,2,2022,2022,3,0,6,5,31,104,34609,0,1,1,-32.912064,151.711694,48,0,2,1,1,0,3,4,2,0,7,50,0,1109,787,1,5,0,2,0,0,1,0
1282612,2,2021,2021,9,1,4,16,27,16,68,0,1,2,-33.802437,151.208534,77,0,2,1,1,0,0,0,2,0,7,50,1,4026,4026,8,5,40,1,0,0,1,0
1282614,4,2022,2022,4,0,10,118,27,646,118,0,1,9,-33.92382,151.030411,15,0,2,1,2,0,0,0,0,2,7,60,1,5929,5929,1,19,5,2,0,1,0,1
1282615,2,2022,2022,4,1,7,9,10,176,34609,0,1,1,-33.958001,151.143899,4,0,2,1,0,0,0,0,2,0,7,50,0,1669,1669,3,16,5,2,0,0,1,0
1282619,4,2021,2021,9,3,6,5,27,6,34609,0,1,1,-31.787691,149.239418,51,1,0,0,0,0,0,3,2,0,7,100,0,1850,1463,5,16,40,1,0,1,0,0
1282622,1,2022,2022,3,1,7,10,27,11,34609,0,1,1,-29.693303,152.853796,18,2,1,0,0,0,0,0,2,0,7,80,0,1089,1089,7,5,40,1,0,0,0,1
1282623,2,2021,2021,2,0,10,102,31,107,53,0,1,10,-33.880605,151.196608,69,0,2,1,0,0,0,0,2,0,15,50,2,395,395,1,5,5,2,0,0,1,0
1282624,4,2021,2021,2,0,11,45,27,21,34609,0,1,1,-32.77278,151.977565,57,2,1,0,0,0,0,0,0,0,7,80,0,4552,5151,8,5,40,1,0,1,0,0
1282631,4,2021,2021,2,1,7,3371,17,32,3342,0,1,2,-31.939402,152.47894,43,1,0,1,1,0,0,0,2,0,7,110,2,945,945,5,30,40,1,0,1,0,0
1282632,2,2021,2021,2,5,0,1,31,4,34609,0,1,10,-33.072001,151.645644,37,0,2,1,1,0,0,0,0,0,0,50,0,6545,6545,4,16,0,2,0,0,1,0
1282633,2,2022,2022,4,3,7,6,27,35,34609,0,1,10,-35.347826,149.218961,58,2,1,1,3,0,0,0,2,0,15,50,0,6545,6545,4,0,5,2,0,0,2,0
1282634,1,2022,2022,3,6,4,2126,17,62,2149,0,1,10,-33.887577,151.141745,32,0,2,1,3,0,3,4,2,2,7,60,2,14295,14295,3,0,0,2,0,0,0,1
1282637,2,2021,2021,2,6,9,5,18,24,34609,0,1,1,-33.398989,150.069628,40,2,1,0,0,0,0,0,3,0,7,50,0,4552,5151,8,10,40,1,0,0,1,1
1282640,1,2022,2022,4,2,7,38,31,246,64,0,1,1,-33.913453,151.19636,69,0,2,1,3,0,0,0,2,0,7,50,2,14295,14295,3,9,5,2,0,0,0,1
1282641,1,2022,2022,3,3,10,27,31,252,34609,0,1,10,-33.881286,151.210139,69,0,2,1,3,0,0,0,2,0,7,40,0,1282,1282,1,22,5,2,0,0,0,1
1282643,2,2022,2022,3,2,7,3371,17,225,3342,0,1,10,-33.799392,151.178923,77,0,2,1,3,0,0,0,2,2,7,60,2,1391,1391,1,5,0,2,0,0,1,0
1282655,1,2022,2022,4,0,3,11,27,4,34609,0,1,1,-33.845171,151.115822,14,0,2,1,0,0,0,0,2,0,7,50,0,14295,14295,3,5,27,2,0,0,0,1
1282657,2,2022,2022,3,2,7,89,17,21,21,0,1,2,-34.294485,150.922395,80,0,2,1,3,0,0,0,2,0,7,80,1,14295,14295,3,5,5,2,0,0,1,0
1282661,2,2022,2022,4,1,5,74,27,609,163,0,1,10,-33.77878,150.914232,7,0,2,1,2,0,0,0,2,2,7,60,2,775,775,4,10,0,2,0,0,1,0
1282662,4,2022,2022,4,2,8,67,31,346,34609,1,0,9,-33.873776,151.094076,9,0,2,0,0,0,0,0,2,0,6,50,0,5929,5929,1,5,19,2,0,1,0,0
1282663,4,2022,2022,3,5,9,24,1,123,34609,0,1,7,-33.917496,151.223882,59,0,2,1,1,0,0,0,2,0,0,50,0,1945,1945,5,22,40,1,0,1,0,0
1282664,2,2022,2022,4,4,7,478,17,8,480,0,1,9,-33.210543,151.528985,16,2,2,1,0,0,0,0,2,0,7,70,2,1383,1383,1,22,13,2,0,0,1,0
1282666,2,2021,2021,9,2,4,334,17,316,308,0,1,7,-31.45299,152.874864,56,2,1,0,1,0,0,3,2,0,0,70,2,395,395,1,0,10,2,0,0,1,0
1282667,4,2022,2022,4,4,5,485,27,187,769,0,1,1,-33.782781,150.996505,54,0,2,1,1,0,3,4,2,0,7,60,2,14295,14295,3,9,0,2,0,1,1,0
1282668,4,2022,2022,4,3,10,2,7,69,34609,0,1,1,-34.548845,150.855823,62,0,2,0,2,0,0,0,0,0,7,50,0,2585,4009,8,5,40,1,0,1,0,0
1282674,2,2021,2021,9,5,7,54,27,85,49,1,0,1,-32.936299,151.725456,48,0,2,1,1,0,0,0,2,0,7,40,1,9859,9859,1,5,0,2,0,0,1,0
1282675,2,2021,2021,2,3,5,18,31,87,34609,0,1,9,-34.484428,150.427775,78,2,1,1,0,0,0,3,2,0,7,50,0,5929,5929,1,5,5,2,0,0,2,0
1282677,2,2022,2022,3,6,8,118,17,6,118,0,1,2,-30.580948,149.944224,51,1,0,1,0,0,0,3,2,0,7,100,2,4026,4026,8,30,40,1,0,0,1,0
1282680,4,2022,2022,4,3,9,2,7,108,34609,0,1,1,-33.304313,151.418038,16,2,2,1,0,0,3,3,2,0,7,50,0,1945,1945,5,16,40,1,0,1,0,0
1282681,4,2022,2022,4,1,5,3,10,25,34609,0,1,9,-31.559228,152.844883,56,2,1,1,0,0,0,0,2,0,0,50,0,6545,6545,4,22,36,2,0,1,0,0
1282682,1,2022,2022,3,0,7,32,14,108,124,0,1,3,-33.813441,151.189689,77,0,2,1,1,0,3,4,2,0,7,80,2,14295,14295,3,5,13,10,0,0,0,1
1282683,2,2021,2021,2,2,6,1,31,83,34609,1,0,1,-29.710863,152.94019,18,2,1,1,1,0,0,0,2,0,7,50,0,9859,9859,1,34,13,2,0,0,2,0
1282686,2,2021,2021,10,2,5,4,27,5,34609,0,1,1,-28.777672,153.337331,39,2,1,0,0,0,0,0,2,0,7,50,0,1850,1463,5,16,40,1,0,0,1,0
1282689,1,2021,2021,9,2,6,12,27,173,10,0,1,2,-33.776898,151.118781,61,0,2,1,0,0,0,0,2,0,9,50,1,238,238,9,5,28,2,0,0,0,1
1282690,2,2021,2021,9,3,1,36,36,4,139,0,1,1,-34.438546,146.199541,51,1,0,1,0,0,0,0,0,0,7,100,2,4026,4026,8,10,40,1,0,0,1,0
1282691,2,2021,2021,2,2,5,2126,17,21,2149,0,1,9,-33.723706,150.415291,8,2,2,1,1,0,0,0,2,2,7,80,2,6545,6545,4,5,0,2,0,0,1,1
1282692,2,2022,2022,4,4,7,4,27,165,34609,0,1,2,-32.280025,150.898823,46,2,1,1,1,0,0,0,2,0,7,50,0,237,162,8,0,40,1,0,0,1,0
1282693,4,2021,2021,2,0,9,4,1,62,34609,0,1,1,-34.082683,150.816526,13,0,2,1,1,0,0,0,2,0,7,50,0,323,323,1,16,5,3,0,1,0,0
1282696,2,2022,2022,4,3,6,346,17,35,332,0,1,1,-28.821464,153.265177,39,2,1,1,1,0,0,3,2,0,7,60,2,3775,3775,0,0,0,2,0,0,1,0
1282697,2,2022,2022,4,2,8,22,31,215,34609,0,1,10,-35.108007,147.362523,75,2,1,1,1,0,0,0,2,0,15,50,0,6545,6545,4,5,36,2,0,0,2,0
1282698,1,2021,2021,9,4,4,361,31,363,34609,0,1,1,-33.825138,150.995986,54,0,2,1,0,0,0,3,2,0,7,50,0,312,312,2,9,40,2,0,0,0,1
1282699,1,2021,2021,2,6,4,78,17,23,58,0,1,1,-35.039453,149.022782,82,1,0,1,0,0,3,4,2,0,7,100,2,1981,1981,4,10,5,2,0,0,0,1
1282700,4,2021,2021,2,4,9,1104,14,113,962,0,1,3,-33.784057,150.768796,55,0,2,1,0,0,3,3,2,0,7,110,2,1282,1282,1,5,5,2,0,1,0,0
1282701,2,2021,2021,2,4,10,79,10,155,231,0,1,2,-33.483758,151.324326,16,2,2,1,2,0,0,0,0,0,7,60,2,9859,9859,8,30,40,1,0,0,1,0
1282703,2,2022,2022,4,6,8,49,31,139,34609,0,1,0,-33.83942,151.21126,49,0,2,1,1,0,0,0,3,2,9,50,0,591,591,1,22,25,2,0,0,1,0
1282704,2,2022,2022,4,6,4,2126,17,90,2149,0,1,9,-33.706123,150.318767,8,2,2,1,3,0,3,4,2,2,7,70,2,5929,5929,1,0,5,2,0,0,1,0
1282705,2,2021,2021,2,1,10,53,27,134,51,0,1,1,-33.512371,151.318236,16,2,2,1,2,0,3,4,0,0,7,60,1,9859,9859,1,10,13,3,0,0,1,0
1282707,4,2021,2021,2,0,7,6,31,172,34609,0,1,1,-32.749746,151.588793,42,2,1,1,0,0,3,4,2,0,9,50,0,9859,9859,1,5,5,2,0,1,0,0
1282709,2,2021,2021,2,4,9,132,31,252,126,0,1,10,-33.891042,151.21076,69,0,2,1,1,0,0,0,2,2,7,50,2,6545,6545,4,22,5,2,0,0,1,0
1282710,4,2021,2021,2,6,5,2,27,4,34609,0,1,1,-28.772421,153.201201,39,2,1,0,0,0,0,0,2,0,7,80,0,4552,5151,8,10,40,1,0,1,0,0
1282713,1,2021,2021,2,5,10,154,27,136,244,0,1,9,-33.914257,151.06926,15,0,2,1,3,0,0,3,4,2,7,60,2,1109,397,1,9,0,2,0,0,0,1
1282715,1,2021,2021,2,2,11,6,10,4,34609,0,1,1,-33.735587,151.190192,50,0,2,0,0,0,3,3,0,0,7,50,0,1259,5151,8,5,40,1,0,0,0,1
1282716,2,2021,2021,2,1,6,234,27,323,217,0,1,1,-33.753069,150.994146,71,0,2,0,0,0,0,0,2,0,7,60,2,3775,3775,0,8,5,3,0,0,1,0
1282717,1,2021,2021,9,4,8,5,31,41,18,1,0,1,-33.900216,151.187098,69,0,2,1,1,0,3,3,2,0,7,40,2,83,83,5,5,40,1,0,0,0,2
1282720,1,2021,2021,2,6,8,27,27,6,34609,0,1,1,-31.900761,152.228809,43,1,0,0,0,0,0,0,2,0,7,100,0,3775,3775,0,10,13,2,0,0,0,1
1282723,4,2022,2022,4,2,5,89,27,15,34609,0,1,1,-32.755463,151.105331,64,1,0,0,0,0,0,0,2,0,7,100,0,1089,1089,7,16,40,1,0,2,0,0
1282731,2,2022,2022,4,5,6,12,27,19,34609,0,1,1,-28.588932,153.496667,10,2,1,0,0,0,3,4,2,0,7,60,0,273,957,5,16,40,1,0,0,1,0
1282732,2,2021,2021,2,6,5,255,27,35,166,0,1,1,-33.268476,151.556002,16,2,2,1,1,0,0,0,2,0,7,50,2,941,941,1,10,5,2,0,0,1,0
1282746,4,2022,2022,4,2,8,21,27,38,22,0,1,1,-32.769497,151.946038,57,2,1,1,0,0,0,0,2,0,7,80,1,1109,787,1,9,5,2,0,1,0,0
1282747,2,2022,2022,4,3,7,6,1,52,34609,0,1,1,-33.702121,150.925018,7,0,2,1,3,0,0,0,2,0,7,50,0,4026,4026,1,30,5,2,0,0,1,0
1282750,1,2022,2022,3,3,5,110,27,41,173,0,1,2,-34.394724,150.862574,80,0,2,0,3,0,3,4,2,0,7,80,2,782,957,5,5,40,1,0,0,0,1
1282751,1,2022,2022,3,4,4,475,31,252,75,0,1,0,-33.885402,151.208185,69,0,2,1,3,0,0,0,2,0,7,40,1,1383,1383,1,5,5,3,0,0,0,1
1282756,1,2022,2022,3,0,6,3371,17,107,3342,0,1,1,-33.285412,151.424647,16,2,2,1,3,0,3,0,2,0,7,50,2,14295,14295,3,0,5,3,0,0,0,1
1282757,2,2021,2021,9,2,0,19,31,18,34609,0,1,9,-28.991188,153.286691,60,2,1,1,0,0,0,0,0,0,0,50,0,1282,1282,1,16,40,1,0,0,1,0
1282760,2,2022,2022,4,2,10,8,1,37,80,0,1,2,-33.02188,151.67288,37,0,2,1,3,0,0,0,3,0,7,60,1,9859,9859,1,5,5,2,0,0,1,0
1282763,1,2022,2022,4,2,8,11,27,133,34609,0,1,10,-34.498451,150.792628,80,0,2,1,1,0,0,0,2,0,15,60,0,6545,6545,4,22,0,2,0,0,0,1
1282764,2,2022,2022,3,0,3,31,22,74,34609,0,1,1,-34.437889,150.863011,80,0,2,1,3,0,3,3,2,2,7,50,0,5929,5929,1,5,13,2,0,0,1,0
1282767,4,2022,2022,3,3,10,3371,17,225,3342,0,1,9,-33.793435,151.179746,77,0,2,1,3,0,3,4,0,2,7,60,2,2852,2852,4,0,5,2,0,1,0,1
1282768,1,2021,2021,2,4,5,3371,17,58,3342,0,1,2,-33.752353,151.149374,36,0,2,1,3,0,0,0,2,0,7,60,2,1192,1192,1,0,12,2,0,0,0,1
1282770,4,2021,2021,9,5,6,22,27,44,34609,0,1,1,-33.208462,151.507619,16,2,2,1,1,0,0,0,2,0,7,50,0,1981,1981,4,5,19,2,0,1,0,0
1282771,2,2022,2022,3,0,4,6,18,44,34609,0,1,9,-28.830429,153.423393,2,2,1,1,3,0,3,3,2,0,15,60,0,2852,2852,4,0,12,2,0,0,1,0
1282772,2,2021,2021,2,2,11,10,27,49,10,0,1,1,-34.468068,148.672919,30,1,0,0,0,0,0,0,0,0,7,100,1,2585,4009,8,10,40,1,0,0,2,0
1282773,2,2021,2021,9,5,0,6,10,10,6,0,1,1,-35.689554,150.221319,23,2,1,0,0,0,0,0,0,0,7,80,1,1957,4009,8,10,40,1,0,0,1,0
1282774,4,2021,2021,2,2,6,2,31,247,34609,0,1,9,-33.833487,150.933473,21,0,2,1,1,0,0,0,2,0,7,50,0,9859,9859,1,5,13,2,0,1,0,0
1282775,4,2021,2021,2,5,9,500,27,136,799,0,1,10,-33.925397,151.086895,15,0,2,1,0,0,0,3,2,2,7,60,2,6545,6545,4,9,19,2,0,1,0,0
1282777,2,2022,2022,4,4,9,4,27,65,34609,0,1,1,-33.505794,150.176838,40,2,1,0,0,0,0,3,2,0,7,60,0,782,957,5,5,40,1,0,0,1,0
1282782,4,2021,2021,2,0,6,3371,17,19,3342,0,1,2,-31.851534,152.604906,43,2,1,1,1,0,0,0,2,0,7,60,2,3775,3775,0,30,5,2,0,2,0,0
1282787,1,2021,2021,2,0,0,3,27,4,9,0,1,1,-31.813954,141.205448,51,1,0,0,0,0,0,0,0,0,7,90,1,4552,5151,8,5,40,1,0,0,0,1
1282788,4,2022,2022,4,1,9,117,1,115,121,0,1,2,-34.03592,151.071929,68,0,2,1,0,0,0,0,2,0,7,60,1,9859,9859,8,5,40,1,0,1,1,0
1282790,2,2022,2022,3,3,3,195,27,53,186,0,1,2,-33.920452,150.851116,41,0,2,1,3,0,0,0,2,0,7,70,2,9859,9859,8,5,40,1,0,0,1,0
1282799,2,2021,2021,2,0,6,10,27,6,39,0,1,1,-31.178681,149.167199,51,1,0,1,0,0,0,0,2,0,7,100,1,1945,1945,5,10,40,1,0,0,2,0
1282800,2,2022,2022,3,0,11,3,27,8,34609,0,1,1,-34.848018,150.735347,63,2,1,1,2,0,3,4,0,0,7,50,0,4026,4026,8,5,40,1,0,0,1,0
1282801,2,2022,2022,4,6,7,163,27,73,165,0,1,9,-33.756129,150.806949,7,0,2,1,1,0,0,0,2,0,7,60,1,515,515,1,0,19,2,0,0,1,0
1282803,2,2022,2022,4,4,7,866,17,171,793,0,1,2,-33.803289,150.97106,54,0,2,1,1,0,0,0,2,0,7,70,2,9859,9859,8,5,40,1,0,0,1,0
1282805,4,2021,2021,2,2,4,34,27,225,69,0,1,10,-33.796357,151.167386,77,0,2,0,2,0,0,0,2,0,15,50,2,2852,2852,4,5,27,2,0,1,0,0
1282806,4,2022,2022,4,1,7,60,27,40,167,1,0,2,-34.018632,151.121996,68,0,2,1,1,0,0,0,2,0,7,70,2,1383,1383,1,0,19,2,0,1,0,0
1282807,2,2022,2022,3,0,7,2126,17,44,2149,0,1,2,-33.765014,150.624045,8,2,2,1,1,0,0,0,2,0,7,80,2,14295,14295,3,0,5,2,0,0,1,0
1282810,2,2022,2022,4,0,10,24,31,290,28,0,1,10,-33.845196,150.976868,21,0,2,1,2,0,3,4,0,0,0,50,1,1192,1192,1,0,13,2,0,0,2,0
1282811,4,2022,2022,3,6,4,19,31,166,143,0,1,7,-33.420432,149.581331,3,2,1,1,1,0,0,0,2,0,0,50,2,312,312,2,5,40,1,0,1,0,0
1282812,2,2022,2022,4,1,4,3371,17,77,3342,0,1,2,-33.033233,151.660799,37,0,2,1,1,0,0,0,2,0,7,50,2,1981,1981,4,5,20,2,0,0,1,0
1282814,4,2021,2021,9,0,5,475,10,15,34609,0,1,1,-35.070946,150.678661,63,2,1,0,1,0,3,3,2,0,7,50,0,1850,1463,5,15,40,1,0,1,0,0
1282819,4,2022,2022,4,3,0,10,27,10,33,0,1,1,-32.519535,151.352161,64,2,1,0,0,0,0,3,0,0,0,80,1,2585,4009,8,10,40,1,0,1,0,0
1282821,1,2021,2021,2,3,9,23,27,61,91,0,1,1,-35.1548,149.250708,82,2,1,1,0,0,0,0,2,0,7,80,1,1945,1945,5,16,40,1,0,0,0,1
1282822,4,2022,2022,4,4,7,109,27,95,382,0,1,10,-33.744449,150.842807,7,0,2,1,1,0,0,0,2,2,7,60,2,4552,985,8,5,40,1,0,1,0,0
1282825,2,2022,2022,4,1,5,515,14,294,518,0,1,3,-33.940498,150.930405,41,0,2,1,3,0,0,0,2,0,7,100,2,14295,14295,3,5,5,2,0,0,1,0
1282826,1,2022,2022,3,4,8,77,31,147,69,0,1,9,-33.868314,151.112615,14,0,2,1,3,0,0,0,2,0,0,60,2,1391,1391,1,5,0,2,0,0,0,2
1282828,2,2022,2022,4,1,8,515,14,189,518,0,1,3,-33.941616,151.044867,15,0,2,1,3,0,3,0,2,0,7,100,2,14295,14295,3,5,5,3,0,0,1,0
1282835,4,2022,2022,4,4,3,4,27,1,26,0,1,1,-34.521816,146.958967,51,1,0,1,0,0,0,0,2,0,7,100,1,475,475,5,10,40,1,0,1,0,0
1282836,1,2021,2021,2,4,9,126,27,370,168,0,1,9,-34.073608,150.806725,13,0,2,1,1,0,0,0,3,0,0,60,2,623,623,3,5,5,2,0,0,0,2
1282843,2,2021,2021,9,4,6,4,27,2,143,0,1,1,-33.509145,149.531451,3,1,0,0,0,0,0,0,2,0,7,100,2,4552,5151,8,5,40,1,0,0,1,0
1282844,4,2021,2021,9,0,10,46,31,62,34609,0,1,1,-33.891667,151.136539,32,0,2,1,2,0,0,0,0,0,7,40,0,9859,9859,8,10,40,2,0,1,1,0
1282845,4,2021,2021,9,5,8,15,27,363,14,0,1,9,-33.731849,150.706668,55,0,2,0,1,0,0,0,2,0,15,70,1,5929,5929,1,5,5,2,0,2,0,0
1282847,2,2021,2021,2,1,6,1,27,2,34609,0,1,1,-36.395893,148.408515,65,2,1,1,0,0,0,0,2,0,7,40,0,9859,9859,8,0,40,1,0,0,1,0
1282849,4,2021,2021,2,3,10,45,1,15,34609,0,1,1,-34.572137,150.834653,62,0,2,0,1,0,0,0,3,0,7,50,0,1957,4009,8,5,40,1,0,1,1,0
1282850,4,2021,2021,2,4,4,56,31,134,34609,0,1,9,-33.891208,151.251896,76,0,2,1,0,0,0,0,2,0,7,50,0,387,387,1,15,0,2,0,1,0,0
1282852,2,2021,2021,2,1,6,10,27,7,10,0,1,9,-34.545563,148.437347,30,1,0,1,0,0,0,0,2,0,7,100,1,945,945,5,8,40,1,0,0,1,0
1282853,4,2022,2022,4,1,3,95,27,14,605,0,1,1,-33.643408,151.323172,50,0,2,0,0,0,3,3,2,0,7,60,2,3775,3775,0,8,13,2,0,1,0,0
1282855,2,2022,2022,4,6,4,13,27,193,34609,1,0,10,-33.788496,151.075565,61,0,2,1,1,0,0,0,2,2,7,50,0,5929,5929,1,0,5,2,0,0,1,0
1282857,2,2021,2021,9,2,0,866,17,171,793,0,1,10,-33.807288,150.969468,21,0,2,1,2,0,0,0,0,2,7,70,2,5929,5929,1,5,5,2,0,0,1,0
1282858,1,2022,2022,4,3,4,157,17,123,158,0,1,1,-33.785447,148.77167,51,1,0,1,0,0,0,0,2,0,7,100,2,9859,9859,8,5,40,1,0,0,0,1
1282860,4,2022,2022,4,6,4,5,31,21,34609,0,1,1,-31.5666,147.197351,51,2,1,1,2,0,0,0,2,0,7,50,0,1089,1089,7,16,40,1,0,1,0,0
1282861,1,2021,2021,2,6,3,177,31,174,208,0,1,1,-33.860589,150.927977,24,0,2,0,3,0,0,0,2,0,7,60,1,14295,14295,3,5,13,2,0,0,0,1
1282862,4,2022,2022,4,3,7,24,27,12,31,1,0,1,-28.749599,153.078562,60,1,0,0,0,0,0,0,2,0,7,100,1,3775,3775,0,30,19,2,0,3,0,0
1282863,2,2022,2022,4,2,3,2209,17,3,2205,0,1,1,-36.637427,149.82465,5,1,0,0,0,0,0,0,2,0,7,100,2,4552,5151,8,0,40,1,0,0,1,0
1282864,4,2022,2022,4,4,9,2126,17,161,2149,0,1,9,-33.887881,151.161338,32,0,2,1,0,0,0,3,2,2,7,60,2,14295,14295,3,16,5,2,0,1,0,0
1282875,1,2022,2022,3,2,1,8,31,309,34609,0,1,1,-33.798857,151.106251,61,0,2,1,2,0,0,0,0,0,7,50,0,9859,9859,1,5,36,2,0,0,0,1
1282883,4,2021,2021,9,5,4,330,27,147,605,0,1,10,-33.749363,151.289803,50,0,2,1,2,0,0,3,2,2,7,60,2,591,591,1,18,0,2,0,1,0,0
1282886,2,2022,2022,4,4,0,15,31,201,46,0,1,1,-34.888225,150.60902,63,2,1,1,2,0,0,0,0,0,7,60,1,1945,1945,5,16,40,1,0,0,1,0
1282890,1,2022,2022,4,4,9,39,10,87,65,0,1,7,-33.699777,150.958865,71,0,2,1,0,0,0,0,3,0,0,60,1,926,926,4,0,5,2,0,0,0,1
1282891,2,2022,2022,3,5,5,2209,17,115,2205,0,1,1,-33.908521,151.181174,32,0,2,1,0,0,0,0,2,0,7,60,2,190,190,1,5,13,2,0,0,1,0
1282892,2,2022,2022,4,6,3,51,31,228,143,0,1,9,-34.741095,149.711144,26,2,1,1,0,0,0,0,2,0,0,50,2,1669,1669,3,10,0,2,0,0,1,0
1282894,4,2022,2022,4,4,5,34,31,433,34609,1,0,9,-33.278666,149.119241,52,2,1,1,1,0,0,0,2,0,0,50,0,1109,397,1,9,5,2,0,1,0,0
1282897,2,2021,2021,2,4,9,83,27,169,147,0,1,1,-28.656254,153.616338,10,2,1,1,2,0,0,0,0,0,0,50,1,9859,9859,1,0,36,5,0,0,1,0
1282899,4,2021,2021,9,0,9,8,27,6,34609,0,1,9,-33.827042,151.164673,38,0,2,0,0,0,0,0,3,0,7,50,0,2585,4009,1,16,5,2,0,1,0,0
1282904,2,2021,2021,2,6,4,65,27,202,563,0,1,10,-33.944992,151.034841,15,0,2,0,1,0,0,0,2,2,7,70,2,14295,14295,3,10,5,2,0,0,1,0
1282905,4,2022,2022,4,2,9,3,10,201,34609,0,1,9,-34.007444,150.877489,13,0,2,1,0,0,0,0,2,0,7,60,0,9859,9859,8,5,40,2,0,1,0,0
1282907,1,2022,2022,3,5,6,42,36,6,6,0,1,1,-36.741509,148.440194,65,2,1,0,0,2,0,0,2,0,7,50,1,1850,1463,5,16,40,1,0,0,0,1
1282911,4,2022,2022,3,0,6,2,31,284,34609,0,1,10,-33.910248,151.012344,15,0,2,1,0,0,0,0,2,0,7,50,0,9859,9859,8,10,40,1,0,1,0,0
1282913,4,2022,2022,3,1,5,1,10,101,34609,0,1,9,-32.914442,151.617436,37,0,2,1,0,0,0,0,2,0,0,50,0,1945,1945,5,16,40,1,0,1,0,0
1282916,2,2022,2022,4,4,9,9,31,73,34609,0,1,1,-33.731012,150.706611,55,0,2,1,1,0,0,0,2,0,7,50,0,1669,1669,3,5,5,2,0,0,1,0
1282918,1,2022,2022,4,2,10,3371,17,83,3342,0,1,1,-33.505395,151.192736,16,2,2,0,1,0,0,0,0,0,7,60,2,1957,4009,8,30,40,1,0,0,0,2
1282922,4,2022,2022,4,5,1,1,27,16,34609,0,1,1,-33.729288,150.651104,55,0,2,0,0,0,0,0,0,0,7,50,0,4552,5151,8,10,40,1,0,1,0,0
1282924,2,2022,2022,4,3,4,296,27,290,293,0,1,9,-33.861092,150.992986,21,0,2,1,1,0,0,0,2,2,7,70,2,2852,2852,4,5,5,2,0,0,1,0
1282928,2,2022,2022,4,0,10,3371,17,65,3342,0,1,7,-33.385036,151.366226,16,2,2,0,2,0,0,0,0,0,0,60,2,4552,5151,8,10,40,1,0,0,1,0
1282929,2,2022,2022,4,1,3,2126,17,22,2149,0,1,9,-33.569598,150.206609,40,2,1,1,0,0,0,0,2,0,15,80,2,6545,6545,4,0,5,2,0,0,1,0
1282934,2,2021,2021,9,1,7,44,31,127,34609,0,1,10,-33.891094,151.156361,32,0,2,1,1,0,3,0,2,0,15,50,0,5929,5929,1,22,0,2,0,0,1,0
1282936,2,2022,2022,3,3,8,2261,17,284,2252,0,1,9,-33.907122,151.022781,15,0,2,1,1,0,0,0,2,0,7,60,2,2040,2040,9,5,28,2,0,0,1,0
1282939,1,2021,2021,2,6,7,3,27,2,34609,0,1,1,-34.855502,149.320877,74,1,0,1,0,2,0,0,2,0,7,100,0,3775,3775,0,29,10,2,0,0,0,1
1282940,1,2022,2022,4,5,3,30,31,74,34609,0,1,7,-33.71127,151.050022,31,0,2,1,1,0,0,0,2,0,0,50,0,6545,6545,4,5,27,2,0,0,0,1
1282944,2,2021,2021,2,1,10,25,31,438,103,0,1,10,-33.86338,151.029999,21,0,2,1,2,0,0,0,0,0,15,50,1,6545,6545,4,30,0,3,0,0,1,0
1282952,2,2022,2022,4,0,6,195,27,53,186,0,1,2,-33.92482,150.848228,41,0,2,1,1,0,0,0,2,0,7,70,2,14295,14295,3,9,12,6,0,0,1,0
1282953,2,2022,2022,4,5,5,43,27,136,76,0,1,10,-32.922911,151.720308,48,0,2,1,0,0,0,0,2,0,0,60,1,3775,3775,0,5,5,2,0,0,2,0
1282978,4,2022,2022,3,2,1,44,27,202,563,0,1,2,-33.948263,151.037295,15,0,2,1,3,0,3,4,0,0,7,70,2,9859,9859,8,30,40,1,0,1,0,0
1282981,4,2021,2021,9,2,5,11,31,122,34609,0,1,7,-33.422894,151.342667,16,2,2,1,1,0,3,4,2,0,0,40,0,1945,1945,5,16,40,1,0,1,0,0