Crash ID,Degree of crash - detailed,Reporting year,Year of crash,Month of crash,Day of week of crash,Two-hour intervals,Street of crash,Street type,Town,Route no.,School zone location,School zone active,Type of location,Latitude,Longitude,LGA,Urbanisation,Conurbation 1,Alignment,Street lighting,Road surface,Surface condition,Weather,Natural lighting,Signals operation,Other traffic control,Speed limit,Road classification,RUM - code,DCA - code,First impact type,Key TU type,Other TU type,No. of traffic units involved,No. killed,No. seriously injured,No. moderately injured,No. minor-other injured
1282982,1,2021,2021,2,6,6,44,31,204,4,0,1,7,-33.892456,150.928543,24,0,2,1,1,0,0,0,2,0,0,50,1,926,926,4,22,0,2,0,0,0,1
1282984,4,2022,2022,4,3,9,2261,17,68,2252,0,1,2,-34.767653,148.770328,82,1,0,1,0,0,3,4,2,0,7,110,2,1945,1945,5,16,40,1,0,1,0,0
1282993,4,2021,2021,9,6,6,60,27,40,167,0,1,9,-34.022864,151.121067,68,0,2,1,1,0,0,0,2,0,0,70,2,1282,1282,1,8,5,2,0,1,0,0
1282994,2,2021,2021,2,5,10,63,31,252,34609,0,1,1,-33.888375,151.213422,69,0,2,1,3,0,3,4,0,0,7,40,0,941,941,1,10,18,2,0,0,1,0
1282995,1,2021,2021,9,1,8,2209,17,2,2205,0,1,1,-37.155846,149.858261,5,1,0,0,3,0,0,0,2,0,7,100,2,4552,5151,8,3,40,1,0,0,0,1
1282998,2,2022,2022,3,5,3,168,17,8,212,0,1,1,-35.341075,149.737165,58,1,0,1,0,0,0,0,2,0,7,100,2,14295,14295,3,8,5,3,0,0,1,1
1282999,1,2022,2022,3,1,7,2126,17,80,2149,0,1,9,-33.887338,151.173558,32,0,2,1,0,0,0,0,2,2,7,60,2,623,623,3,0,5,2,0,0,0,1
1283002,2,2021,2021,2,0,7,829,27,123,770,0,1,9,-33.809683,151.065231,54,0,2,1,1,0,0,0,2,0,7,70,2,9859,9859,8,5,40,1,0,0,1,0
1283003,1,2021,2021,2,0,8,916,17,16,917,0,1,1,-31.511477,150.856232,51,1,0,0,0,0,0,0,2,0,7,100,2,273,957,5,0,40,1,0,0,0,2
1283006,2,2021,2021,2,4,6,22,27,123,59,0,1,2,-33.886706,151.219583,69,0,2,1,1,0,0,0,2,0,7,40,1,14295,14295,3,9,19,2,0,0,1,0
1283007,4,2022,2022,4,2,8,7,31,49,34609,0,1,7,-33.930292,151.154079,4,0,2,1,1,0,0,0,2,0,9,50,0,1220,1220,9,33,26,2,0,1,0,0
1283011,1,2022,2022,3,4,4,75,10,63,165,0,1,2,-33.92742,151.215016,4,0,2,0,3,0,0,0,2,0,7,80,2,1383,1383,1,5,13,3,0,0,0,1
1283013,1,2022,2022,4,5,3,119,31,145,140,0,1,1,-33.926543,151.11635,15,0,2,1,3,0,0,0,2,0,7,50,1,14295,14295,3,10,12,3,0,0,0,1
1283017,1,2021,2021,2,3,6,89,36,68,81,0,1,1,-34.693015,148.829339,82,1,0,1,3,2,0,0,2,0,7,100,2,9859,9859,8,5,40,1,0,0,0,1
1283020,1,2022,2022,4,0,5,153,27,188,147,1,0,9,-33.949128,151.105582,4,0,2,1,3,0,0,0,2,0,7,60,2,1391,1391,1,5,10,2,0,0,0,1
1283022,2,2022,2022,3,5,8,24,31,237,44,0,1,9,-33.874897,150.954041,24,0,2,1,3,0,0,0,3,2,7,60,1,5929,5929,1,5,5,2,0,0,1,0
1283024,2,2022,2022,3,0,4,1104,14,247,962,0,1,3,-33.815997,150.963302,21,0,2,1,3,0,0,0,2,0,7,90,2,14295,14295,3,10,0,3,0,0,1,1
1283028,2,2022,2022,3,0,7,63,17,6,114,0,1,9,-33.463017,151.411682,16,2,2,0,3,0,3,0,2,0,7,70,2,14295,14295,3,5,13,3,0,0,1,0
1283031,1,2022,2022,3,6,4,15,27,49,69,0,1,1,-33.953872,151.208193,4,0,2,1,3,0,0,0,2,0,7,50,1,1981,1981,4,10,5,2,0,0,0,1
1283032,1,2022,2022,3,3,7,12,31,370,256,0,1,10,-34.067732,150.816819,13,0,2,1,1,0,0,0,2,2,7,60,2,5929,5929,1,0,5,2,0,0,0,1
1283035,2,2021,2021,2,4,8,3371,17,18,3342,0,1,2,-30.810739,152.870513,47,1,0,0,0,0,0,3,2,0,7,100,2,14295,14295,3,5,35,2,0,0,1,0
1283036,4,2022,2022,3,2,6,82,27,84,181,0,1,10,-33.894664,151.268545,76,0,2,1,1,0,0,0,2,2,7,50,2,5929,5929,1,15,5,2,0,1,0,0
1283041,4,2022,2022,3,4,8,95,31,107,83,0,1,7,-29.676512,152.942057,18,2,1,1,1,0,0,0,2,0,0,50,1,6545,6545,4,0,27,2,0,1,0,0
1283048,4,2022,2022,4,2,8,3,27,4,34609,0,1,1,-29.7174,152.101742,51,2,1,0,0,2,0,0,2,0,7,60,0,380,714,5,16,40,1,0,1,0,0
1283050,1,2022,2022,4,1,5,2261,17,12,2252,0,1,2,-34.822684,149.06036,74,1,0,0,0,0,0,0,2,0,7,110,2,1957,4009,8,0,40,1,0,0,0,1
1283052,4,2022,2022,4,6,6,27,27,5,39,0,1,1,-31.348099,151.139924,70,1,0,0,0,0,0,0,2,0,7,100,1,1850,1463,5,16,40,1,0,1,0,0
1283054,1,2022,2022,3,5,3,3371,17,58,3342,0,1,2,-33.751358,151.147813,36,0,2,0,3,0,0,0,2,0,7,60,2,14295,14295,3,5,0,2,0,0,0,1
1283055,1,2022,2022,3,5,9,5,27,438,25,0,1,1,-33.84608,151.025948,21,0,2,0,3,0,0,0,3,0,7,50,1,4552,5151,8,5,40,1,0,0,0,1
1283056,2,2022,2022,3,0,8,44,31,41,605,0,1,2,-33.779902,151.267551,50,0,2,1,3,0,0,3,2,0,7,60,2,1282,1282,1,0,19,2,0,0,1,0
1283062,1,2022,2022,4,4,9,98,27,294,799,0,1,2,-33.929068,150.953545,41,0,2,1,3,0,0,0,3,0,7,70,2,623,623,3,5,0,2,0,0,0,1
1283063,2,2022,2022,3,0,7,61,27,53,208,0,1,1,-33.854513,150.9596,21,0,2,1,3,0,0,3,2,0,7,60,1,5929,5929,1,5,5,2,0,0,1,0
1283068,1,2022,2022,3,4,8,3,27,39,34609,0,1,7,-33.778343,150.74588,55,0,2,1,3,0,0,0,2,0,0,50,0,14295,14295,3,5,5,2,0,0,0,1
1283073,4,2022,2022,3,3,7,1,27,4,34609,0,1,1,-29.172009,151.305582,33,2,1,0,0,2,0,0,2,0,7,80,0,273,957,5,0,40,1,0,1,0,0
1283075,2,2021,2021,2,3,8,30,27,166,52,0,1,11,-33.905392,151.17351,32,0,2,1,0,0,0,0,3,0,7,60,1,1669,1669,3,16,5,2,0,0,1,0
1283078,2,2022,2022,3,4,4,232,36,34,331,0,1,2,-34.002055,150.778492,12,0,2,1,3,0,0,0,2,0,7,80,2,1391,1391,1,0,0,4,0,0,2,1
1283079,1,2021,2021,1,3,6,3371,17,49,3342,0,1,9,-33.197706,151.524507,16,2,2,1,1,0,0,0,2,0,0,80,2,5929,5929,1,10,19,2,0,0,0,1
1283080,1,2022,2022,3,3,4,150,27,50,34609,0,1,1,-33.674715,151.27583,50,0,2,1,1,0,0,0,2,0,7,50,0,57,57,1,33,27,2,0,0,0,1
1283081,4,2022,2022,3,5,4,3,31,29,34609,0,1,9,-31.270857,149.285745,51,2,1,1,1,0,0,0,2,0,0,50,0,4026,4026,8,10,40,1,0,1,0,0
1283085,2,2021,2021,2,0,8,12,27,197,22,0,1,9,-33.792163,151.129398,61,0,2,1,1,0,0,0,2,0,7,60,1,1282,1282,1,0,13,2,0,0,1,0
1283086,2,2021,2021,2,2,6,28,3,29,117,0,1,2,-32.872791,151.700391,48,0,2,1,1,0,3,4,2,0,7,90,2,14295,14295,3,0,5,2,0,0,1,0
1283088,2,2022,2022,3,3,1,3,27,346,144,1,0,2,-33.873805,151.093762,67,0,2,0,2,0,0,0,0,0,7,60,2,4552,5151,8,9,40,1,0,0,1,0
1283094,4,2021,2021,9,6,4,330,27,42,34609,0,1,7,-33.946861,150.94577,41,0,2,0,0,0,0,3,2,0,0,60,0,2040,2040,9,5,28,2,0,1,0,0
1283098,2,2022,2022,4,1,7,1104,14,247,962,0,1,3,-33.813545,150.952605,21,0,2,1,1,0,0,0,2,0,7,90,2,14295,14295,3,33,5,2,0,0,1,0
1283099,4,2021,2021,9,4,6,18,27,111,16,0,1,7,-33.920204,151.252019,59,0,2,1,0,0,3,4,2,0,7,50,1,6545,6545,4,10,27,2,0,1,0,0
1283101,2,2022,2022,3,4,7,2,1,144,34609,0,1,1,-34.059605,151.013179,68,0,2,1,1,0,0,0,2,0,7,50,0,340,340,9,5,28,2,0,0,1,0
1283106,4,2022,2022,3,3,9,7,31,251,34609,1,0,10,-33.769451,150.936206,7,0,2,1,0,0,0,0,2,0,0,50,0,1282,1282,1,21,40,1,0,1,0,0
1283107,1,2022,2022,3,6,3,5,27,346,34609,0,1,1,-33.877899,151.064545,21,0,2,1,3,0,0,0,2,0,7,50,0,1669,1669,3,0,13,2,0,0,0,1
1283108,1,2022,2022,4,6,7,22,27,12,147,0,1,1,-28.729342,153.589633,10,2,1,0,3,0,0,3,2,0,7,80,1,404,404,8,0,40,1,0,0,0,1
1283109,2,2022,2022,3,0,7,12,27,169,34609,0,1,1,-33.775967,150.835828,7,0,2,1,3,0,0,0,2,0,7,50,0,9859,9859,8,0,40,1,0,0,1,0
1283110,2,2022,2022,3,6,6,3,27,12,34609,0,1,1,-28.665417,153.568639,10,1,0,0,3,2,0,0,2,0,7,100,0,1850,1463,5,0,40,1,0,0,1,0
1283111,1,2022,2022,3,0,10,78,17,532,75,0,1,8,-33.853158,151.210071,69,0,2,1,3,0,0,0,0,0,7,70,2,204,204,1,5,40,2,0,0,0,1
1283116,4,2021,2021,9,1,0,2209,17,35,2205,0,1,2,-34.05085,151.050904,68,0,2,0,3,0,3,4,0,0,7,80,2,4552,5151,8,10,40,1,0,1,0,0
1283117,1,2022,2022,4,5,8,134,10,4,133,0,1,9,-33.816845,151.022267,54,0,2,1,3,0,0,0,2,0,7,70,2,14295,14295,3,5,36,2,0,0,0,1
1283120,4,2022,2022,3,1,11,15,27,14,5,0,1,1,-34.893773,147.186821,51,1,0,0,3,0,0,0,0,0,7,100,1,1259,5151,8,10,40,1,0,1,0,0
1283122,2,2022,2022,4,3,7,33,1,29,34609,0,1,7,-33.921066,150.888382,41,0,2,1,0,0,0,0,2,0,0,50,0,5929,5929,1,16,5,2,0,0,1,0
1283130,4,2021,2021,10,2,10,3371,17,52,3342,0,1,10,-33.262809,151.464678,16,2,2,1,2,0,0,0,0,2,7,70,2,5929,5929,1,5,5,2,0,1,1,0
1283131,1,2022,2022,4,2,4,1,18,112,34609,0,1,10,-33.906012,151.206069,69,0,2,1,0,0,0,0,2,0,0,50,0,926,926,4,0,0,2,0,0,0,1
1283132,4,2022,2022,3,0,8,98,27,52,382,0,1,7,-33.639735,150.784058,29,2,2,1,1,0,0,3,2,0,0,80,2,5929,5929,1,0,19,2,0,1,0,0
1283136,2,2022,2022,3,3,0,18,31,20,34609,0,1,1,-31.036966,152.871823,34,2,1,1,2,0,0,0,0,0,7,50,0,9859,9859,1,5,0,3,0,0,1,0
1283137,4,2021,2021,2,6,9,9,31,609,48,0,1,2,-33.759641,150.89408,7,0,2,1,1,0,0,0,2,0,7,60,1,9859,9859,1,5,5,4,0,1,0,0
1283138,4,2022,2022,3,2,7,14,27,6,34609,0,1,1,-33.431869,150.723853,29,2,2,0,0,2,0,3,2,0,7,50,0,1259,5151,8,16,40,1,0,1,0,0
1283139,2,2021,2021,2,4,9,48,27,51,166,0,1,1,-33.252496,151.490723,16,2,2,1,1,0,0,0,2,0,7,50,2,14295,14295,3,5,5,2,0,0,1,0
1283141,4,2022,2022,3,4,3,34,27,224,34609,0,1,1,-33.821558,151.240925,45,0,2,1,1,0,0,0,2,0,7,50,0,1220,1220,9,5,28,2,0,1,0,0
1283142,2,2022,2022,3,3,7,48,13,11,34609,0,1,1,-34.015642,151.107903,68,0,2,1,1,0,0,0,2,0,7,50,0,9859,9859,8,5,40,1,0,0,1,0
1283146,2,2022,2022,4,5,8,8,27,20,34609,0,1,1,-29.046273,152.361247,51,2,1,0,0,2,0,0,2,0,7,60,0,52,52,6,16,40,1,0,0,1,0
1283152,1,2022,2022,4,5,11,294,17,26,288,0,1,1,-34.623873,146.067379,51,1,0,1,0,0,0,0,0,0,7,110,2,4026,4026,8,3,40,1,0,0,0,1
1283155,2,2022,2022,3,4,7,2126,17,19,2149,0,1,10,-33.434936,149.921131,40,1,0,1,0,0,0,0,2,0,0,100,2,6545,6545,4,34,5,2,0,0,1,0
1283157,4,2022,2022,3,6,5,76,31,33,34609,0,1,1,-34.773733,150.698664,63,2,1,1,1,0,0,0,2,0,7,50,0,1109,787,1,21,19,2,0,1,0,0
1283160,2,2022,2022,4,6,5,20,27,243,6,0,1,10,-33.953197,150.882836,41,0,2,1,1,0,3,4,2,2,7,60,2,6545,6545,4,9,5,2,0,0,1,0
1283164,1,2022,2022,3,5,7,213,17,6,213,0,1,2,-29.70743,151.828238,51,1,0,0,0,0,3,3,2,0,7,100,2,4552,5151,8,0,40,1,0,0,0,1
1283166,4,2022,2022,4,6,7,48,27,21,62,0,1,1,-35.71335,148.046184,66,1,0,1,0,0,0,0,2,0,7,100,2,121,121,9,10,28,2,0,1,0,0
1283167,2,2022,2022,3,2,8,19,27,132,34609,0,1,1,-29.805551,151.148661,33,2,1,0,0,2,0,0,2,0,7,80,0,4552,5151,8,0,40,1,0,0,1,0
1283169,4,2021,2021,2,2,9,23,27,21,34609,0,1,1,-33.300627,151.191465,16,2,2,1,0,0,0,0,3,0,7,50,0,323,323,1,16,5,2,0,1,1,0
1283171,4,2021,2021,2,4,7,10,31,646,34609,0,1,1,-33.91537,151.036819,15,0,2,1,1,0,0,0,2,0,7,40,0,2040,2040,9,19,28,2,0,1,0,0
1283172,2,2021,2021,9,1,10,18,27,83,100,0,1,9,-34.451753,150.444876,78,2,1,1,2,0,0,0,0,0,0,50,2,5929,5929,1,5,19,2,0,0,1,1
1283174,4,2021,2021,2,0,1,14,27,8,34609,0,1,1,-34.027135,150.658423,79,2,2,1,0,0,0,0,0,0,7,60,0,4026,4026,8,5,40,1,0,1,0,0
1283177,2,2022,2022,3,2,5,829,27,124,770,0,1,9,-33.813861,151.052277,54,0,2,1,3,0,3,4,2,2,7,70,2,14295,14295,3,5,5,2,0,0,1,0
1283182,1,2022,2022,3,1,5,2209,17,7,2205,0,1,9,-35.561313,150.275598,63,1,0,1,3,0,3,4,2,0,0,100,2,1945,1945,5,5,40,1,0,0,0,1
1283183,2,2022,2022,3,5,7,485,27,337,769,0,1,9,-33.726102,150.973044,71,0,2,0,3,0,0,0,2,2,7,70,2,1669,1669,3,0,13,2,0,0,1,0
1283184,2,2022,2022,3,4,5,13,1,10,34609,0,1,9,-33.000439,151.584645,37,0,2,1,3,0,0,0,2,0,7,60,0,2852,2852,4,5,5,2,0,0,1,0
1283185,2,2022,2022,4,0,7,112,27,96,256,0,1,2,-34.049809,150.826652,13,0,2,1,3,0,0,0,2,0,7,60,2,14295,14295,3,33,25,2,0,0,1,1
1283191,1,2022,2022,3,4,8,31,24,18,36,1,0,9,-33.746026,151.113448,36,0,2,1,3,0,3,4,2,2,7,60,1,945,945,5,10,40,1,0,0,0,2
1283194,2,2022,2022,4,6,6,11,27,24,34609,0,1,1,-33.367345,150.976585,29,2,2,1,0,0,0,0,2,0,7,60,0,14295,14295,3,16,19,2,0,0,1,0
1283196,4,2021,2021,2,3,5,232,36,64,331,0,1,9,-34.038538,150.74219,12,0,2,1,1,0,0,0,2,0,0,60,2,2852,2852,4,5,13,2,0,1,0,0
1283198,1,2022,2022,3,2,9,37,31,41,34609,0,1,1,-33.824454,151.007576,54,0,2,0,1,0,0,0,3,0,9,50,0,2040,2040,9,34,28,2,0,0,0,1
1283199,2,2022,2022,3,2,7,829,27,165,770,0,1,2,-33.857379,151.16062,14,0,2,1,3,0,3,4,2,0,7,60,2,14295,14295,3,0,5,2,0,0,1,0
1283200,1,2022,2022,3,0,9,78,17,34,75,0,1,1,-33.860424,151.206004,69,0,2,1,3,0,0,0,3,0,7,70,2,14295,14295,3,5,5,2,0,0,0,1
1283205,2,2022,2022,3,5,9,916,17,66,917,0,1,2,-32.81314,151.659796,48,0,2,0,1,0,0,0,2,0,7,90,2,782,957,5,0,40,1,0,0,1,0
1283209,1,2022,2022,4,3,0,153,27,188,147,1,0,9,-33.949128,151.105582,4,0,2,1,2,0,0,0,0,0,7,60,2,3775,3775,0,9,0,2,0,0,0,1
1283210,2,2021,2021,11,6,5,14,27,40,34609,0,1,1,-34.023093,151.1293,68,0,2,1,1,0,0,0,2,0,7,50,0,1981,1981,4,9,27,2,0,0,1,0
1283213,4,2022,2022,4,1,2,1052,14,118,928,0,1,3,-33.36665,151.330989,16,1,2,0,0,0,3,0,1,0,7,110,2,4552,5151,8,5,40,1,0,1,0,1
1283220,4,2022,2022,3,5,9,137,14,24,70,0,1,3,-32.762322,151.439899,17,1,0,0,0,0,3,4,3,0,7,110,2,4552,5151,8,5,40,1,0,1,0,0
1283227,4,2022,2022,3,1,7,154,27,55,244,0,1,2,-33.905912,151.079157,67,0,2,1,1,0,3,4,2,0,7,60,2,14295,14295,3,0,13,3,0,1,0,0
1283228,4,2022,2022,3,6,8,3,27,363,34609,0,1,1,-33.738231,150.712268,55,0,2,1,0,0,0,0,2,0,7,50,0,14295,14295,3,16,0,2,0,2,0,0
1283229,2,2022,2022,3,0,8,344,27,168,382,0,1,10,-33.717663,150.844214,7,0,2,1,1,0,0,0,2,2,7,80,2,14295,14295,3,10,36,2,0,0,1,0
1283232,2,2022,2022,3,0,9,9,31,463,34609,0,1,1,-30.293071,153.108667,19,2,1,1,1,0,3,3,2,0,7,50,0,1669,1669,3,5,0,3,0,0,1,0
1283233,2,2022,2022,3,2,1,2261,17,49,2252,0,1,9,-34.731892,149.825097,26,1,0,0,0,0,0,0,0,0,7,110,2,1109,787,1,0,2,2,0,0,1,1
1283234,4,2022,2022,3,2,9,2209,17,44,2205,0,1,9,-33.947629,151.140383,4,0,2,1,1,0,0,0,2,0,0,60,2,1220,1220,9,5,28,2,0,1,0,0
1283238,1,2021,2021,11,0,9,485,27,134,769,0,1,9,-33.65404,150.869392,7,0,2,1,2,0,0,0,0,0,0,80,2,2852,2852,4,5,5,2,0,0,0,1
1283239,4,2022,2022,3,6,7,41,31,64,34609,0,1,2,-33.961329,151.009902,15,0,2,0,0,0,0,0,2,0,8,50,0,3775,3775,0,5,0,2,0,1,0,1
1283240,1,2022,2022,3,2,9,3,31,194,34609,0,1,1,-30.499069,151.643722,1,2,1,1,1,0,3,4,3,0,7,50,0,9859,9859,8,21,40,1,0,0,0,1
1283241,2,2022,2022,3,1,5,171,27,10,369,0,1,9,-33.734998,150.717568,55,0,2,1,1,0,3,4,2,2,7,70,2,14295,14295,3,0,0,3,0,0,1,1
1283242,2,2022,2022,4,4,8,37,31,273,87,0,1,10,-34.420589,150.9009,80,0,2,1,1,0,0,0,2,2,7,60,2,14295,14295,3,5,0,3,0,0,1,0
1283243,2,2021,2021,9,5,7,500,27,129,799,0,1,9,-33.927423,151.080107,15,0,2,1,0,0,0,0,2,0,0,60,2,9859,9859,8,0,40,1,0,0,1,0
1283244,1,2021,2021,2,6,5,2,7,57,34609,0,1,1,-34.687163,150.856391,35,2,1,1,1,0,0,0,2,0,7,50,0,941,941,1,0,0,2,0,0,0,1
1283245,2,2022,2022,4,0,10,22,31,174,34609,0,1,1,-33.889817,151.199411,69,0,2,1,2,0,0,0,0,0,7,10,0,368,368,9,22,28,2,0,0,1,0
1283246,2,2021,2021,9,2,6,2,1,70,34609,0,1,1,-33.251536,151.510561,16,2,2,1,1,0,0,3,2,0,7,50,0,945,945,5,16,40,1,0,0,1,0
1283248,2,2022,2022,3,3,5,1,31,207,34609,0,1,10,-31.961489,141.448766,51,2,1,1,0,0,0,0,2,0,15,50,0,2852,2852,4,5,0,2,0,0,1,0
1283249,2,2022,2022,4,3,10,255,27,71,166,0,1,2,-33.263343,151.53575,16,2,2,1,2,0,0,0,0,0,7,50,2,9859,9859,1,34,5,2,0,0,1,0
1283253,2,2021,2021,9,5,7,77,31,64,563,0,1,10,-33.887192,151.039501,21,0,2,1,1,0,0,0,2,0,7,80,2,14295,14295,3,0,0,2,0,0,1,1
1283254,1,2022,2022,4,4,7,123,27,316,25,0,1,9,-33.916548,151.248898,59,0,2,1,1,0,0,0,2,0,0,50,1,14295,14295,3,15,41,2,0,0,0,1
1283256,1,2022,2022,3,0,11,2,31,18,34609,0,1,4,-32.899713,151.705958,48,0,2,0,2,0,3,4,0,0,7,50,0,4552,5151,8,10,40,1,0,0,0,1
1283259,1,2021,2021,2,3,5,4,27,2,34609,0,1,1,-35.113575,148.862621,82,1,0,1,0,2,0,0,2,0,0,100,0,1282,1282,1,28,40,1,0,0,0,1
1283263,4,2022,2022,3,3,5,12,10,65,34609,0,1,7,-36.026434,146.989526,0,2,1,1,0,0,0,0,2,0,0,60,0,2585,777,8,16,40,1,0,1,0,0
1283265,4,2022,2022,3,5,8,72,27,72,56,0,1,10,-33.796564,151.065263,54,0,2,0,1,0,3,4,2,2,7,60,2,5929,5929,1,5,5,2,0,1,0,0
1283266,2,2022,2022,4,3,6,58,27,81,34609,0,1,9,-33.878197,151.246347,81,0,2,1,1,0,0,0,2,0,0,50,0,418,777,5,5,40,1,0,0,1,0
1283269,1,2021,2021,2,4,11,143,31,123,181,0,1,10,-33.88612,151.228866,69,0,2,1,2,0,0,0,0,0,7,50,2,2040,2040,9,16,28,2,0,0,0,2
1283270,2,2021,2021,2,4,4,15,27,13,91,0,1,1,-34.548715,149.391919,74,1,0,0,0,0,0,0,2,0,7,100,1,2585,4009,8,5,40,1,0,0,1,0
1283271,4,2021,2021,9,2,7,4,27,4,34609,0,1,1,-32.372281,151.762832,51,2,1,0,0,0,0,0,2,0,7,80,0,404,404,8,16,40,1,0,1,0,0
1283273,4,2021,2021,2,4,7,1,27,7,34609,0,1,1,-28.313106,153.314678,72,2,1,0,0,2,0,0,2,0,7,60,0,3775,3775,0,10,27,2,0,1,0,1
1283279,2,2022,2022,3,1,6,485,27,66,769,0,1,9,-33.704301,150.930286,7,0,2,1,1,0,0,0,2,2,7,80,2,1669,1669,3,10,0,2,0,0,1,0
1283280,1,2021,2021,2,0,6,21,27,370,26,0,1,10,-34.055777,150.810153,13,0,2,1,2,0,0,0,2,2,7,60,1,2852,2852,4,0,19,2,0,0,0,1
1283283,2,2021,2021,11,2,6,1,27,5,36,0,1,1,-33.535303,151.313864,16,2,2,0,1,0,0,0,2,0,7,60,1,1850,1463,5,16,40,1,0,0,1,0
1283284,2,2022,2022,3,1,6,2209,17,32,2205,0,1,2,-34.584566,150.842987,62,0,2,0,0,0,0,0,2,0,7,100,2,1383,1383,1,8,0,2,0,0,1,0
1283286,4,2022,2022,3,0,9,12,25,112,34609,0,1,0,-33.906121,151.203592,69,0,2,1,2,0,0,0,3,0,7,10,0,214,214,9,5,28,2,0,1,0,0
1283289,4,2022,2022,4,4,5,46,27,104,262,0,1,2,-32.914773,151.725008,48,0,2,1,1,0,0,0,2,0,7,60,2,1945,1945,5,16,40,1,0,1,0,0
1283290,2,2021,2021,9,2,6,59,10,89,34609,0,1,0,-33.903341,151.230475,59,0,2,0,0,0,3,0,2,0,7,30,0,1850,1463,5,22,40,1,0,0,1,0
1283292,4,2022,2022,3,1,9,82,31,163,34609,0,1,9,-33.858679,151.107998,14,0,2,1,1,0,3,4,2,0,0,50,0,489,489,8,5,40,1,0,1,0,0
1283301,4,2022,2022,4,5,8,2261,17,47,2252,0,1,9,-35.75902,147.290054,27,1,0,1,1,0,0,0,2,0,0,110,2,9859,9859,8,0,40,1,0,1,0,0
1283302,1,2021,2021,9,1,7,70,27,78,100,0,1,1,-33.691125,150.581503,8,2,2,1,1,0,0,0,2,0,7,60,2,1981,1981,4,0,27,2,0,0,0,1
1283303,2,2021,2021,2,3,6,2209,17,166,2205,1,0,1,-33.900519,151.178264,69,0,2,1,1,0,0,0,2,0,7,40,2,9859,9859,1,0,5,3,0,0,1,0
1283307,2,2022,2022,3,6,2,51,27,74,45,0,1,10,-33.744074,150.834814,7,0,2,1,2,0,3,4,0,2,9,60,1,2040,2040,9,19,28,2,0,0,1,0
1283310,4,2021,2021,2,1,7,1052,14,7,928,0,1,3,-32.844014,151.629693,48,0,2,0,0,0,3,3,2,0,7,110,2,1957,4009,8,5,40,1,0,1,0,0
1283311,2,2021,2021,9,6,5,12,31,182,34609,0,1,9,-32.844704,151.354427,17,2,1,1,1,0,0,3,2,0,7,60,0,2585,777,1,5,5,2,0,0,1,0
1283312,4,2021,2021,9,6,6,38,27,15,45,0,1,7,-35.069466,150.675164,63,2,1,1,1,0,0,0,2,0,7,50,1,4552,985,8,0,40,1,0,1,0,0
1283314,4,2021,2021,9,2,9,3371,17,40,3342,0,1,2,-32.015737,152.468193,43,1,0,0,0,0,3,4,3,0,7,110,2,782,957,5,10,40,1,0,1,0,0
1283320,1,2021,2021,2,6,7,29,27,89,34609,0,1,1,-28.232502,153.540177,72,2,1,0,0,0,3,4,2,0,7,50,0,418,714,5,0,40,1,0,0,0,1
1283321,1,2022,2022,4,2,9,4,23,147,40,0,1,1,-33.752112,151.291803,50,0,2,1,1,0,0,0,2,0,7,40,1,9859,9859,1,10,36,6,0,0,0,2
1283323,2,2021,2021,2,1,9,112,27,92,256,0,1,7,-33.984394,150.844558,13,0,2,0,0,0,3,3,2,0,0,70,2,6545,6545,4,0,0,2,0,0,1,1
1283326,2,2022,2022,4,0,4,72,31,165,21,0,1,1,-32.274099,150.87743,46,2,1,1,1,0,0,0,2,0,7,60,2,941,941,1,10,5,2,0,0,1,0
1283329,2,2021,2021,9,1,10,73,27,443,78,0,1,9,-33.904993,151.044387,15,0,2,1,2,0,0,0,0,0,7,60,2,2852,2852,4,5,19,2,0,0,1,1
1283332,2,2022,2022,3,3,5,9,27,17,103,0,1,1,-28.579694,153.214507,39,2,1,0,0,0,3,4,2,0,7,80,1,1850,1463,5,16,40,1,0,0,2,0
1283339,4,2021,2021,2,3,2,30,24,167,34609,0,1,1,-33.841886,151.076195,54,0,2,1,0,0,0,0,0,0,7,60,0,9859,9859,8,5,40,1,0,1,3,0
1283342,2,2022,2022,3,0,7,51,27,44,63,0,1,9,-34.556008,150.848009,62,0,2,1,3,0,0,0,2,2,7,70,2,14295,14295,3,5,13,2,0,0,2,0
1283343,4,2021,2021,10,0,5,4,10,251,34609,0,1,9,-33.785846,150.925852,7,0,2,1,3,0,0,0,2,0,7,50,0,1669,1669,3,0,0,2,0,1,0,0
1283350,2,2021,2021,10,1,8,1104,14,460,962,0,1,3,-33.82393,150.987823,21,0,2,1,3,0,0,0,2,0,7,90,2,14295,14295,3,9,0,5,0,0,2,0
1283352,1,2022,2022,3,3,9,126,1,32,17,0,1,2,-33.748846,150.820061,7,0,2,1,3,0,0,0,0,0,7,60,1,1981,1981,4,34,0,2,0,0,0,1
1283361,1,2022,2022,3,0,9,55,10,112,47,0,1,2,-33.441156,151.439597,16,2,2,1,3,0,3,4,0,0,7,60,2,1981,1981,4,10,27,2,0,0,0,1
1283363,2,2022,2022,4,6,4,1,27,13,34609,0,1,1,-33.309426,148.797882,11,1,0,0,0,0,0,0,2,0,7,100,0,4552,5151,8,10,40,1,0,0,1,0
1283365,1,2022,2022,3,3,5,62,10,92,62,1,0,7,-33.41169,151.349792,16,2,2,1,3,0,0,0,2,0,0,60,2,1282,1282,1,5,27,2,0,0,0,1
1283367,4,2021,2021,9,1,0,35,1,43,52,0,1,9,-33.732582,150.797335,7,0,2,1,3,0,3,4,0,2,7,60,1,5929,5929,1,30,5,2,0,1,0,0