Crash ID,Degree of crash - detailed,Reporting year,Year of crash,Month of crash,Day of week of crash,Two-hour intervals,Street of crash,Street type,Town,Route no.,School zone location,School zone active,Type of location,Latitude,Longitude,LGA,Urbanisation,Conurbation 1,Alignment,Street lighting,Road surface,Surface condition,Weather,Natural lighting,Signals operation,Other traffic control,Speed limit,Road classification,RUM - code,DCA - code,First impact type,Key TU type,Other TU type,No. of traffic units involved,No. killed,No. seriously injured,No. moderately injured,No. minor-other injured
1283368,2,2022,2022,3,5,6,1,27,7,34609,0,1,1,-32.283273,149.810199,44,1,0,1,3,0,0,0,2,0,7,100,0,4026,4026,8,10,40,1,0,0,1,0
1283371,2,2022,2022,3,2,6,12,31,304,34609,0,1,1,-33.901132,151.158293,32,0,2,1,3,0,3,4,2,0,7,50,0,217,217,1,10,0,2,0,0,1,0
1283374,2,2022,2022,3,4,6,1,27,3,34609,0,1,1,-35.070588,147.395212,75,2,1,1,3,0,0,0,2,0,7,80,0,3775,3775,0,10,13,2,0,0,1,0
1283376,2,2022,2022,3,5,8,2261,17,523,2252,0,1,10,-33.919475,150.919506,41,0,2,1,3,0,0,0,2,2,7,60,2,14295,14295,3,0,5,2,0,0,1,0
1283377,2,2022,2022,3,2,4,39,36,16,79,0,1,10,-33.802411,151.211569,77,0,2,1,3,0,0,0,2,2,7,60,2,623,623,3,5,5,2,0,0,1,1
1283380,4,2022,2022,3,2,7,57,27,30,126,0,1,1,-32.766761,151.632809,42,2,1,1,1,0,0,0,2,0,7,80,2,9859,9859,8,0,40,1,0,1,0,0
1283381,4,2021,2021,9,1,3,916,17,66,917,0,1,2,-32.812824,151.661623,48,0,2,1,1,0,0,0,2,0,7,80,2,14295,14295,3,0,5,4,0,2,0,0
1283382,2,2022,2022,3,6,3,2126,17,179,2149,0,1,9,-33.758879,150.720697,55,0,2,1,0,0,3,3,1,2,7,60,2,14295,14295,3,10,5,2,0,0,1,0
1283388,4,2022,2022,3,6,11,32,27,52,88,0,1,1,-33.638098,150.73713,55,0,2,1,0,0,0,0,0,0,7,80,2,9859,9859,8,5,40,1,0,1,0,0
1283390,1,2022,2022,3,0,8,205,27,58,415,0,1,6,-33.750255,151.148231,36,0,2,1,3,0,3,4,2,0,7,50,2,14295,14295,3,5,0,2,0,0,0,1
1283394,2,2021,2021,2,6,3,175,27,24,220,0,1,10,-33.728178,150.923534,7,0,2,1,1,0,0,0,2,2,7,70,2,6545,6545,4,10,0,2,0,0,1,0
1283395,2,2021,2021,2,4,8,475,10,523,268,0,1,9,-33.917858,150.912793,41,0,2,0,0,0,0,0,2,0,6,70,2,2852,2852,4,5,19,2,0,0,1,0
1283398,1,2022,2022,4,6,11,175,27,104,220,0,1,9,-33.731229,150.921518,7,0,2,1,2,0,3,1,0,2,7,70,2,2852,2852,4,5,5,2,0,0,0,1
1283403,1,2022,2022,4,1,3,73,24,50,88,0,1,1,-33.716487,151.269281,50,0,2,0,0,0,3,0,1,0,7,80,2,3775,3775,0,29,13,2,0,0,0,1
1283404,4,2022,2022,3,3,9,2126,17,40,2149,0,1,9,-33.70476,150.529619,8,2,2,0,2,0,3,4,3,0,2,80,2,1957,4009,8,5,40,1,0,1,0,0
1283407,4,2022,2022,3,2,8,25,1,35,34609,0,1,9,-34.04807,151.051194,68,0,2,1,3,0,0,0,2,0,7,50,0,1669,1669,3,5,5,2,0,1,0,0
1283408,1,2022,2022,3,1,2,32,31,73,34609,0,1,1,-35.14778,147.374678,75,2,1,0,2,0,0,0,0,0,7,50,0,1850,1463,5,10,40,1,0,0,0,1
1283409,1,2022,2022,3,6,8,2209,17,273,2205,0,1,9,-34.425361,150.883994,80,0,2,1,3,0,0,0,2,0,7,50,2,14295,14295,3,10,5,2,0,0,0,1
1283412,4,2021,2021,9,4,0,7,27,165,34609,0,1,1,-32.260056,150.84375,46,1,0,1,0,0,3,4,0,0,7,100,0,9859,9859,8,10,40,1,0,1,0,0
1283414,1,2022,2022,3,3,8,77,27,13,58,0,1,1,-34.727727,150.521023,63,2,1,1,3,0,0,0,2,0,0,60,2,14295,14295,3,5,0,2,0,0,0,1
1283415,1,2022,2022,3,4,8,205,27,50,415,0,1,10,-33.682966,151.261497,50,0,2,1,3,0,3,4,2,2,7,70,2,14295,14295,3,9,0,3,0,0,0,1
1283419,4,2021,2021,9,1,5,2209,17,26,2205,0,1,2,-33.918616,151.169992,32,0,2,1,0,0,0,0,2,0,7,60,2,9859,9859,8,5,40,1,0,1,1,0
1283420,4,2022,2022,4,4,8,1,27,9,34609,0,1,1,-32.695883,149.064312,22,2,1,0,0,0,0,0,2,0,7,60,0,1259,5151,8,10,40,1,0,1,0,0
1283422,2,2021,2021,2,5,4,119,31,173,34,0,1,10,-33.874398,151.216293,69,0,2,1,1,0,0,0,2,2,7,50,1,515,515,1,10,27,2,0,0,1,0
1283423,4,2022,2022,4,3,9,79,31,149,96,0,1,10,-33.864539,151.169032,32,0,2,1,1,0,0,0,3,2,7,50,2,2040,2040,9,5,28,2,0,1,0,0
1283424,4,2021,2021,2,0,11,153,27,56,34609,0,1,1,-31.456513,152.743366,56,1,0,1,2,0,0,0,0,0,7,100,0,9859,9859,8,10,40,1,0,1,0,0
1283426,1,2022,2022,4,5,7,10,1,11,34609,0,1,1,-35.722253,150.190202,23,2,1,0,1,0,0,0,2,0,7,50,0,1957,4009,8,22,40,1,0,0,0,1
1283427,2,2021,2021,2,4,7,10,31,44,34609,0,1,1,-32.034998,150.863949,73,2,1,1,0,0,0,0,2,0,7,50,0,9859,9859,8,5,40,1,0,0,1,0
1283429,2,2022,2022,3,6,5,108,31,87,4,0,1,1,-34.479289,150.416358,78,2,1,1,3,0,0,0,2,0,7,50,1,1383,1383,1,5,10,5,0,0,1,0
1283431,2,2022,2022,3,4,5,104,27,137,140,0,1,9,-33.922199,151.201691,69,0,2,1,3,0,0,0,2,0,7,60,2,14295,14295,3,9,0,2,0,0,1,0
1283440,1,2022,2022,3,0,2,85,10,38,702,0,1,2,-33.840173,151.083043,14,0,2,1,3,0,0,0,1,0,7,80,2,14295,14295,3,5,0,2,0,0,0,1
1283442,1,2021,2021,2,3,8,104,27,137,140,0,1,1,-33.923015,151.207573,69,0,2,1,1,0,0,0,2,0,7,60,2,14295,14295,3,30,5,2,0,0,0,1
1283443,2,2022,2022,4,4,9,475,31,532,34609,0,1,1,-33.867756,151.210579,69,0,2,1,2,0,3,3,3,2,9,40,0,1220,1220,9,15,28,2,0,0,1,0
1283446,2,2021,2021,2,3,4,117,27,72,144,0,1,9,-33.847707,151.089499,14,0,2,1,1,0,0,0,2,2,7,60,2,1220,1220,9,33,28,2,0,0,1,0
1283448,1,2022,2022,3,3,6,387,36,86,69,0,1,10,-33.722182,151.21728,50,0,2,1,3,0,0,0,2,2,7,80,2,14295,14295,3,0,0,2,0,0,0,2
1283449,1,2021,2021,2,5,7,512,17,43,441,0,1,10,-32.549048,148.94115,22,2,1,1,3,0,0,0,2,0,0,50,2,14295,14295,3,5,5,2,0,0,0,1
1283451,1,2022,2022,3,1,7,134,10,104,133,0,1,2,-33.830135,151.02055,54,0,2,0,3,0,3,4,2,0,7,70,2,4552,5151,8,5,40,1,0,0,0,1
1283453,1,2021,2021,10,2,5,86,27,12,65,0,1,1,-29.977439,152.726109,18,1,0,0,3,0,0,0,2,0,7,100,1,1850,1463,5,16,40,1,0,0,0,1
1283457,4,2021,2021,9,0,7,500,27,129,799,0,1,1,-33.930844,151.065715,15,0,2,1,1,0,0,0,2,0,7,60,2,1383,1383,1,5,13,2,0,1,0,0
1283458,4,2021,2021,2,0,1,13,27,5,17,0,1,1,-29.44132,150.919116,33,1,0,0,0,0,0,0,0,0,7,100,1,380,714,5,10,40,1,0,1,0,0
1283461,4,2021,2021,9,5,11,866,17,204,793,0,1,1,-33.900001,150.919061,24,0,2,1,2,0,0,0,0,0,7,70,2,9859,9859,8,5,40,1,0,1,0,0
1283463,4,2022,2022,4,2,3,5,27,18,34609,0,1,1,-28.86468,153.59293,2,2,1,1,0,0,0,0,2,0,0,50,0,1981,1981,4,21,5,2,0,1,0,0
1283464,4,2021,2021,9,4,9,2,10,23,34609,0,1,9,-32.872021,151.642052,48,0,2,0,1,0,0,0,2,0,7,50,0,1957,4009,8,10,40,1,0,1,0,0
1283468,4,2021,2021,9,6,5,105,27,70,109,0,1,1,-33.885067,150.884997,24,0,2,1,1,0,0,0,2,0,7,60,1,238,238,9,5,28,2,0,1,0,0
1283471,2,2021,2021,11,4,9,4,1,219,34609,0,1,1,-32.90113,151.676982,48,0,2,1,2,0,0,0,0,0,7,60,0,9859,9859,8,0,40,1,0,0,1,0
1283474,2,2022,2022,3,5,5,43,1,169,16,0,1,9,-33.760568,150.846801,7,0,2,1,1,0,0,0,2,2,7,60,2,1669,1669,3,8,10,2,0,0,1,0
1283480,1,2021,2021,9,0,7,2,31,293,34609,0,1,1,-33.934637,151.23897,59,0,2,1,0,0,0,0,2,0,7,50,0,368,368,9,0,28,2,0,0,0,1
1283485,2,2022,2022,3,4,4,20,27,25,20,0,1,10,-35.036557,150.629174,63,2,1,1,1,0,0,0,2,0,0,80,1,6545,6545,4,5,0,2,0,0,1,0
1283486,2,2022,2022,4,4,7,196,10,45,168,0,1,1,-33.892561,150.970752,15,0,2,0,1,0,3,4,2,0,7,70,2,3775,3775,0,0,5,2,0,0,2,0
1283488,4,2022,2022,3,5,6,2261,17,201,2252,0,1,3,-34.006291,150.833961,13,0,2,0,0,0,0,0,2,0,7,110,2,1282,1282,1,3,5,2,0,1,0,0
1283489,2,2022,2022,4,4,8,32,27,52,88,0,1,10,-33.623945,150.739887,29,2,2,1,1,0,0,0,2,0,15,80,2,6545,6545,4,10,0,3,0,0,1,0
1283492,2,2022,2022,4,5,6,103,27,33,167,0,1,9,-33.983671,151.136399,25,0,2,1,1,0,0,0,2,0,7,60,2,926,926,4,5,19,2,0,0,1,0
1283493,2,2021,2021,2,4,7,98,31,68,34609,0,1,9,-33.876796,151.241725,81,0,2,1,0,0,0,3,2,0,7,50,0,2040,2040,9,9,28,2,0,0,1,0
1283499,2,2022,2022,3,2,5,35,27,8,49,0,1,1,-31.296861,150.66355,51,1,0,0,0,0,0,0,2,0,7,100,1,273,957,5,5,40,1,0,0,1,1
1283502,1,2022,2022,3,3,2,4,31,53,12,0,1,10,-32.240722,148.244856,51,2,1,1,2,0,0,0,0,0,0,60,1,6545,6545,4,5,13,2,0,0,0,1
1283504,1,2022,2022,3,6,8,109,27,95,382,0,1,2,-33.733625,150.84778,7,0,2,1,1,0,0,0,2,0,7,60,2,14295,14295,3,10,0,2,0,0,0,1
1283505,2,2021,2021,2,6,6,5,31,278,34609,0,1,9,-33.776207,151.049872,54,0,2,1,1,0,0,0,2,0,7,50,0,2852,2852,4,5,5,3,0,0,1,1
1283511,1,2022,2022,4,4,8,15,1,463,34609,0,1,1,-30.277965,153.138373,19,2,1,0,1,0,0,0,2,0,7,50,0,4552,5151,1,5,0,2,0,0,0,1
1283512,4,2022,2022,4,2,4,2261,17,11,2252,0,1,2,-34.823368,148.318853,30,1,0,0,0,0,0,0,2,0,7,110,2,204,204,1,5,0,2,0,1,1,0
1283513,2,2021,2021,2,4,0,67,31,102,34609,0,1,1,-33.953199,151.205296,4,0,2,1,2,0,0,0,0,0,7,50,0,9859,9859,1,5,0,5,0,0,1,0
1283514,4,2021,2021,2,4,2,224,27,26,321,0,1,9,-33.910162,151.202342,69,0,2,1,1,0,0,0,1,2,7,50,2,83,83,1,10,27,2,0,1,0,0
1283515,4,2021,2021,9,5,9,2209,17,49,2205,0,1,9,-33.933804,151.15262,4,0,2,1,2,0,3,4,0,2,7,60,2,14295,14295,3,10,13,2,0,1,0,1
1283516,1,2022,2022,4,2,5,1,27,1,34609,0,1,1,-32.045131,152.113607,43,2,1,0,0,2,0,0,2,0,7,80,0,3775,3775,0,5,5,2,0,0,0,1
1283518,2,2022,2022,4,4,2,255,27,25,117,0,1,7,-32.896491,151.694509,48,0,2,1,2,0,0,0,1,0,0,60,2,14295,14295,3,0,27,2,0,0,1,0
1283520,4,2022,2022,4,5,6,6,27,202,11,1,0,1,-33.94709,151.031896,15,0,2,1,0,0,0,0,2,0,7,60,1,9859,9859,1,0,5,2,0,1,0,0
1283522,1,2022,2022,3,2,8,17,27,149,34609,0,1,9,-33.368771,151.360504,16,2,2,0,0,0,3,4,2,0,15,50,0,4552,5151,8,5,40,1,0,0,0,1
1283523,4,2021,2021,9,4,4,34,31,79,8,1,2,9,-33.827173,151.210941,49,0,2,1,0,0,0,0,2,0,7,40,1,1192,1192,1,30,27,2,0,1,0,0
1283532,1,2021,2021,2,5,7,3371,17,23,3342,0,1,2,-32.993591,151.68839,37,0,2,0,1,0,0,0,2,0,7,70,2,14295,14295,3,10,36,2,0,0,0,1
1283541,1,2022,2022,3,2,5,330,27,42,34609,0,1,7,-33.946148,150.940613,41,0,2,1,0,0,0,0,2,0,0,60,0,6545,6545,4,5,27,2,0,0,0,1
1283542,2,2022,2022,3,3,1,30,31,433,34609,0,1,1,-33.27383,149.122476,52,2,1,0,2,0,0,0,0,0,7,50,0,4552,5151,8,5,40,1,0,0,1,0
1283543,2,2022,2022,3,3,8,112,27,29,769,1,0,1,-33.539908,150.638203,29,2,2,0,0,0,3,4,2,0,7,60,2,4552,5151,8,5,40,1,0,0,2,0
1283544,2,2021,2021,9,2,5,387,27,115,331,0,1,9,-33.960113,151.061388,25,0,2,1,0,0,0,3,2,0,7,60,2,14295,14295,3,5,0,6,0,0,1,0
1283549,4,2021,2021,3,4,7,97,27,166,799,0,1,9,-33.93212,151.000241,15,0,2,1,1,0,0,3,2,0,0,70,2,2040,2040,9,5,28,2,0,1,0,0
1283590,4,2022,2022,4,0,3,5,27,9,34609,0,1,1,-32.628861,151.754599,57,2,1,0,0,0,0,0,2,0,7,70,0,1089,1089,7,16,40,1,0,1,0,0
1283591,4,2022,2022,4,6,4,44,31,90,34609,0,1,1,-32.921291,151.747452,48,0,2,1,1,0,0,3,2,0,7,40,0,1220,1220,9,21,28,2,0,1,0,0
1283592,2,2022,2022,4,2,9,2209,17,59,2205,1,0,1,-34.32636,150.913297,80,0,2,0,0,0,0,0,2,0,7,60,2,3775,3775,0,30,36,3,0,0,1,0
1283594,1,2022,2022,4,6,6,115,27,138,114,0,1,9,-33.865415,151.278175,81,0,2,1,3,0,0,0,2,0,7,50,2,14295,14295,3,10,13,2,0,0,0,1
1283597,2,2022,2022,4,2,6,102,31,107,53,0,1,1,-33.881754,151.197269,69,0,2,1,1,0,0,0,2,2,9,50,2,14295,14295,3,5,5,2,0,0,1,0
1283598,4,2021,2021,2,0,6,2261,17,443,2252,0,1,9,-33.893331,151.054812,15,0,2,1,1,0,0,0,2,0,7,70,2,3775,3775,0,9,5,2,0,2,0,0
1283601,4,2021,2021,2,1,5,54,31,225,62,0,1,1,-33.789811,151.19433,77,0,2,1,1,0,0,3,2,0,7,60,2,1981,1981,4,0,0,2,0,2,0,0
1283607,1,2021,2021,2,0,7,229,14,98,237,0,1,3,-33.757545,151.055267,31,0,2,1,1,0,3,0,2,0,7,100,2,1383,1383,1,8,10,2,0,0,0,1
1283608,2,2021,2021,2,6,10,35,27,179,34609,0,1,10,-33.764708,150.71427,55,0,2,1,2,0,3,3,0,0,15,50,0,6545,6545,4,30,5,2,0,0,2,0
1283609,4,2022,2022,3,3,7,330,31,56,34609,0,1,9,-33.754609,150.779681,55,0,2,0,0,0,0,0,2,0,7,50,0,4552,5151,8,16,40,1,0,1,0,0
1283610,2,2022,2022,3,6,3,3371,17,104,3342,0,1,2,-32.853934,151.702451,48,0,2,1,3,0,3,3,2,0,7,80,2,14295,14295,3,5,5,4,0,0,2,0
1283612,4,2022,2022,3,3,9,135,17,131,136,0,1,10,-36.083729,146.923177,0,2,1,1,1,0,0,0,2,2,7,50,2,5929,5929,1,5,5,2,0,1,0,0
1283614,2,2022,2022,3,4,8,128,27,74,133,0,1,9,-33.769871,150.675595,55,0,2,1,3,0,3,4,2,2,7,60,2,14295,14295,3,5,13,2,0,0,1,0
1283616,1,2022,2022,3,2,4,2261,17,204,2252,0,1,10,-33.889341,151.132333,32,0,2,1,3,0,0,3,2,0,7,60,2,5929,5929,1,30,5,2,0,0,0,1
1283618,1,2022,2022,3,0,8,56,27,323,38,0,1,9,-33.76284,150.990186,71,0,2,1,3,0,0,0,2,2,7,60,1,5929,5929,1,5,5,2,0,0,0,1
1283622,1,2022,2022,3,3,7,346,17,14,332,0,1,1,-28.896263,152.611156,51,1,0,0,0,0,0,0,2,0,7,100,2,4552,5151,8,16,40,1,0,0,0,1
1283626,1,2022,2022,3,0,8,118,27,646,118,0,1,9,-33.921844,151.031067,15,0,2,1,3,0,3,3,3,0,7,60,1,186,186,1,5,36,2,0,0,0,1
1283631,1,2022,2022,4,0,2,31,31,532,34609,0,1,10,-33.865087,151.205621,69,0,2,1,3,0,0,0,0,2,7,40,0,6545,6545,4,5,10,2,0,0,0,1
1283634,1,2021,2021,2,6,2,11,31,90,34609,0,1,9,-33.886618,151.246551,81,0,2,0,1,0,0,0,1,0,7,50,0,1850,1463,5,22,40,1,0,0,0,1
1283635,2,2022,2022,3,3,4,481,17,27,483,0,1,1,-32.502425,148.300159,51,1,0,1,3,0,0,0,2,0,7,110,2,945,945,5,10,40,1,0,0,1,0
1283636,2,2021,2021,2,5,8,9,27,119,126,0,1,7,-32.756993,151.748379,57,2,1,1,1,0,0,0,2,0,0,60,2,14295,14295,3,30,25,3,0,0,1,0
1283640,2,2022,2022,3,1,4,123,36,7,90,0,1,1,-31.829582,151.88755,43,2,1,0,0,0,3,0,2,0,7,80,1,3775,3775,0,29,36,2,0,0,1,0
1283646,1,2022,2022,4,1,3,1104,14,223,962,0,1,6,-33.805195,150.912309,7,0,2,1,3,0,0,0,2,2,8,100,2,14295,14295,3,8,13,2,0,0,0,1
1283649,1,2022,2022,3,1,8,45,27,80,34609,0,1,1,-33.815055,151.15681,38,0,2,1,3,0,0,0,2,0,7,50,0,1391,1391,1,9,5,2,0,0,0,1
1283652,2,2022,2022,4,1,8,916,17,105,917,0,1,7,-32.70677,151.497997,42,2,1,0,3,0,0,0,2,0,0,80,2,2852,2852,4,10,0,2,0,0,1,0
1283657,1,2022,2022,3,3,4,829,27,149,770,0,1,9,-33.868312,151.176046,32,0,2,1,3,0,0,0,2,0,7,60,2,623,623,3,16,5,2,0,0,0,1
1283658,2,2021,2021,2,6,4,4,27,10,4,0,1,1,-30.199133,151.027964,51,1,0,0,3,2,0,0,2,0,7,100,1,1850,1463,5,10,40,1,0,0,1,0
1283659,1,2022,2022,3,5,3,171,31,149,34609,0,1,10,-33.986056,151.137134,4,0,2,1,3,0,0,0,2,0,0,50,0,6545,6545,4,0,27,2,0,0,0,1
1283660,1,2022,2022,3,1,4,68,27,110,67,0,1,9,-33.768966,151.031131,54,0,2,1,3,0,0,0,2,3,7,60,1,2852,2852,4,0,36,2,0,0,0,1
1283664,2,2022,2022,3,2,10,2,31,78,34609,1,0,10,-28.33072,153.392898,72,2,1,1,3,0,3,4,4,0,15,50,0,6545,6545,4,5,0,3,0,0,1,1
1283665,2,2022,2022,3,5,5,38,27,34,45,0,1,1,-35.08738,150.641793,63,2,1,1,3,0,0,0,2,0,7,70,1,1109,397,1,5,5,3,0,0,1,0
1283668,2,2022,2022,3,2,11,123,36,17,90,0,1,1,-31.77161,151.899103,43,2,1,0,3,0,0,1,0,0,7,80,1,4552,5151,8,30,40,1,0,0,1,0
1283671,1,2022,2022,3,1,8,109,27,74,382,0,1,9,-33.756971,150.84005,7,0,2,1,3,0,0,0,2,0,7,60,2,14295,14295,3,5,0,2,0,0,0,1
1283672,1,2022,2022,3,4,6,89,17,137,54,0,1,2,-34.030484,151.063827,68,0,2,1,3,0,0,0,2,0,7,70,2,14295,14295,3,9,5,4,0,0,0,1
1283673,2,2022,2022,3,1,9,42,31,145,34609,0,1,9,-33.92223,151.07045,15,0,2,1,3,0,3,4,3,0,0,50,0,2852,2852,4,5,0,2,0,0,1,0
1283675,2,2022,2022,3,4,3,149,27,52,198,0,1,1,-33.970622,150.978581,41,0,2,1,3,0,0,0,1,0,7,80,2,77,77,1,5,10,2,0,0,1,0
1283677,4,2022,2022,3,1,6,2,31,79,34609,0,1,1,-34.001325,150.751565,12,0,2,1,3,0,0,0,2,0,7,50,0,9859,9859,1,5,5,3,0,1,0,0
1283678,2,2022,2022,3,2,7,2261,17,49,2252,0,1,9,-34.743771,149.844072,26,1,0,1,3,0,0,0,2,0,0,110,2,2585,777,8,5,40,1,0,0,1,0
1283679,2,2022,2022,3,1,6,294,17,215,288,0,1,9,-35.117979,147.362376,75,2,1,1,3,0,0,0,2,0,7,60,2,1109,787,1,5,5,2,0,0,1,0
1283680,2,2022,2022,3,4,6,54,27,32,49,0,1,9,-32.946528,151.721417,48,0,2,1,3,0,0,0,2,0,7,60,1,14295,14295,3,5,5,2,0,0,2,1
1283682,2,2022,2022,3,6,8,25,31,445,103,0,1,1,-33.8646,151.038885,21,0,2,1,3,0,0,0,2,0,7,50,1,14295,14295,3,0,5,2,0,0,1,0
1283684,1,2022,2022,3,0,3,330,23,150,233,0,1,2,-33.922379,151.226896,59,0,2,0,3,0,0,0,2,0,7,50,2,4552,5151,8,5,40,1,0,0,0,1
1283685,1,2022,2022,3,5,7,2209,17,88,2205,0,1,2,-33.988608,151.1122,25,0,2,1,3,0,0,0,2,0,7,70,2,1383,1383,1,5,13,2,0,0,0,1
1283687,1,2022,2022,4,0,7,3371,17,104,3342,0,1,2,-32.832237,151.685919,48,0,2,1,3,0,0,0,2,0,7,80,2,14295,14295,3,5,0,2,0,0,0,1
1283690,2,2022,2022,3,3,5,7,27,13,34609,0,1,1,-35.190358,150.536175,63,1,0,0,3,2,0,3,2,0,7,100,0,1850,1463,5,16,40,1,0,0,1,0
1283692,1,2022,2022,3,6,4,293,10,91,172,0,1,7,-32.981755,151.645264,37,0,2,0,3,0,0,0,2,0,0,60,2,1391,1391,1,5,13,2,0,0,0,1
1283693,1,2022,2022,4,0,8,14,1,54,99,0,1,1,-33.901071,151.217176,69,0,2,1,3,0,0,0,2,0,7,50,2,14295,14295,3,0,0,2,0,0,0,1
1283695,1,2022,2022,3,2,10,2,1,523,34609,0,1,9,-33.923019,150.904053,41,0,2,1,3,0,3,4,0,0,7,50,0,9859,9859,8,0,40,1,0,0,0,2
1283698,1,2022,2022,3,1,8,515,14,166,518,0,1,3,-33.946612,150.971957,15,0,2,1,3,0,0,0,3,0,7,100,2,1383,1383,1,8,5,2,0,0,0,1
1283699,2,2022,2022,3,5,3,36,27,14,36,0,1,9,-34.007749,150.794389,13,0,2,0,3,0,0,0,2,0,15,80,1,14295,14295,3,0,0,2,0,0,1,0
1283701,1,2021,2021,9,5,0,330,23,123,233,0,1,10,-33.886648,151.219046,69,0,2,1,3,0,0,0,0,2,7,60,2,14295,14295,3,30,13,2,0,0,0,1
1283706,2,2022,2022,3,4,3,13,31,128,34609,0,1,1,-33.425662,151.333071,16,2,2,1,3,0,3,3,1,0,7,50,0,1981,1981,4,0,5,2,0,0,1,0
1283710,2,2022,2022,3,6,8,344,27,24,382,0,1,1,-33.729224,150.845895,7,0,2,1,3,0,0,0,2,0,7,70,2,14295,14295,3,5,5,3,0,0,1,0
1283713,2,2022,2022,3,1,5,515,14,271,518,0,1,3,-33.940922,151.017913,15,0,2,1,3,0,0,0,2,0,7,100,2,14295,14295,3,5,5,2,0,0,1,0
1283715,1,2022,2022,3,4,8,111,27,102,233,0,1,9,-33.965271,151.23138,59,0,2,1,3,0,0,0,2,0,7,60,2,1109,397,1,10,5,2,0,0,0,1
1283718,2,2022,2022,3,2,4,21,1,123,25,0,1,7,-33.90968,151.220935,59,0,2,1,3,0,0,0,2,0,0,50,1,1282,1282,1,5,27,2,0,0,1,0
1283728,1,2022,2022,4,6,6,222,31,131,212,0,1,2,-33.783533,151.191656,36,0,2,1,3,0,0,0,2,0,7,60,2,14295,14295,3,5,36,3,0,0,0,2
1283729,1,2022,2022,3,1,7,2126,17,106,2149,0,1,10,-33.885161,151.184532,69,0,2,1,3,0,0,0,2,2,7,60,2,1669,1669,3,0,5,2,0,0,0,1
1283737,1,2022,2022,3,3,7,29,1,9,34609,0,1,9,-33.843266,151.053848,54,0,2,1,3,0,0,0,2,0,7,40,0,186,186,1,0,0,2,0,0,0,1
1283739,1,2022,2022,3,6,6,2126,17,38,2149,0,1,2,-33.776346,150.801208,55,0,2,1,3,0,0,0,2,0,7,80,2,1282,1282,1,5,5,2,0,0,0,1
1283745,2,2021,2021,9,2,10,177,22,239,176,0,1,10,-34.043289,151.123574,68,0,2,1,3,0,3,3,0,2,7,60,2,5929,5929,1,5,19,2,0,0,1,0
1283746,2,2022,2022,3,3,2,27,27,251,136,0,1,9,-33.767884,150.94413,7,0,2,1,2,0,3,4,0,2,7,60,2,623,623,3,9,13,2,0,0,1,0
1283748,1,2021,2021,9,5,6,79,31,562,34609,0,1,10,-32.245515,148.606642,22,2,1,1,1,0,3,3,2,2,7,50,0,6545,6545,4,30,5,2,0,0,0,1
1283749,2,2022,2022,4,2,9,27,10,83,34609,0,1,1,-29.700409,152.941095,18,2,1,0,1,0,0,0,2,0,7,50,0,14295,14295,3,33,27,2,0,0,1,0
1283750,4,2021,2021,2,6,8,2126,17,166,2149,0,1,9,-33.41119,149.578696,3,2,1,1,1,0,0,0,2,2,7,60,2,1383,1383,1,5,5,2,0,1,0,0
1283754,4,2022,2022,3,1,6,6,27,85,34609,0,1,9,-34.570759,150.764887,62,0,2,1,1,0,0,0,2,0,7,60,0,9859,9859,1,0,5,2,0,1,0,0
1283755,4,2022,2022,3,1,3,2,31,29,34609,0,1,1,-35.134546,147.327101,75,2,1,1,0,0,0,0,2,0,7,50,0,9859,9859,1,5,13,2,0,1,0,0
1283759,2,2022,2022,4,0,5,916,17,165,917,0,1,1,-32.258844,150.889645,46,2,1,1,1,0,0,0,2,0,7,50,2,13,188,1,34,5,2,0,0,1,0
1283761,4,2022,2022,3,0,3,153,27,188,147,0,1,9,-33.948776,151.108166,4,0,2,0,1,0,0,0,2,0,7,60,2,1669,1669,3,30,5,2,0,1,1,0
1283763,2,2022,2022,3,1,6,3371,17,19,3342,0,1,2,-28.276911,153.52053,72,1,0,0,0,0,0,0,2,0,7,110,2,4552,5151,8,5,40,1,0,0,1,0
1283766,2,2022,2022,3,3,7,5,36,20,34609,0,1,2,-32.325209,152.279716,43,2,1,0,0,0,0,0,2,0,7,80,0,782,957,5,16,40,1,0,0,1,0
1283768,4,2021,2021,2,5,4,4,27,22,34609,0,1,1,-35.976216,146.928143,27,1,0,1,0,0,0,0,2,0,7,100,0,4026,4026,8,8,40,1,0,1,0,0
1283771,4,2022,2022,3,0,5,3371,31,69,34609,0,1,7,-33.358906,151.489714,16,2,2,1,1,0,0,0,2,0,0,50,0,6545,6545,4,0,5,2,0,1,0,0
1283772,2,2022,2022,4,2,4,132,27,133,34609,1,0,10,-34.502031,150.787845,80,0,2,1,1,0,0,0,2,2,7,50,0,1220,1220,9,10,26,2,0,0,1,0
1283774,1,2022,2022,3,1,10,230,27,173,284,0,1,2,-33.791729,151.131223,61,0,2,1,2,0,0,0,0,0,7,70,2,1981,1981,4,5,27,2,0,0,0,1
1283776,2,2022,2022,3,0,5,3,27,8,3,0,1,1,-31.423571,151.078224,70,1,0,0,0,0,0,0,2,0,7,100,1,3775,3775,0,33,12,2,0,0,3,0
1283777,4,2022,2022,4,4,5,224,27,246,321,0,1,1,-33.916382,151.200229,69,0,2,1,1,0,0,0,2,0,7,50,2,387,387,1,16,5,3,0,1,0,0
1283782,2,2022,2022,3,2,6,916,17,44,917,0,1,2,-32.064744,150.871984,73,2,1,1,0,0,0,0,2,0,7,80,2,14295,14295,3,8,36,4,0,0,3,0