Crash ID,Degree of crash - detailed,Reporting year,Year of crash,Month of crash,Day of week of crash,Two-hour intervals,Street of crash,Street type,Town,Route no.,School zone location,School zone active,Type of location,Latitude,Longitude,LGA,Urbanisation,Conurbation 1,Alignment,Street lighting,Road surface,Surface condition,Weather,Natural lighting,Signals operation,Other traffic control,Speed limit,Road classification,RUM - code,DCA - code,First impact type,Key TU type,Other TU type,No. of traffic units involved,No. killed,No. seriously injured,No. moderately injured,No. minor-other injured
1283783,2,2021,2021,2,4,3,3,27,9,34609,0,1,1,-29.737344,152.961911,18,1,0,0,0,0,0,3,2,0,7,100,0,1259,5151,8,0,40,1,0,0,1,0
1283788,2,2022,2022,4,3,7,7,27,3,48,0,1,9,-32.36125,151.917544,43,1,0,1,0,0,0,0,2,0,7,100,1,1945,1945,5,16,40,1,0,0,1,0
1283790,2,2022,2022,3,5,9,44,31,82,605,0,1,2,-33.787971,151.266168,50,0,2,0,1,0,0,0,3,0,7,60,2,1282,1282,1,10,27,2,0,0,1,0
1283792,2,2022,2022,3,0,4,3371,17,37,3342,0,1,9,-33.011405,151.678082,37,0,2,0,1,0,3,4,2,0,0,80,2,1192,1192,1,5,12,2,0,0,1,0
1283797,2,2022,2022,3,5,10,127,27,135,103,0,1,1,-32.896282,151.73529,48,0,2,1,2,0,0,0,0,0,7,60,1,4026,4026,1,5,5,3,0,0,1,0
1283799,2,2022,2022,4,6,8,4,27,144,34609,0,1,1,-34.054678,151.01107,68,0,2,0,0,0,0,0,2,0,7,50,0,1383,1383,1,22,5,2,0,0,1,0
1283801,1,2021,2021,2,6,6,500,27,83,799,0,1,10,-33.912018,151.119373,15,0,2,0,1,0,3,4,2,1,7,60,2,395,395,1,5,13,2,0,0,0,1
1283803,4,2022,2022,3,3,3,9,27,3,56,0,1,1,-32.955809,147.41298,51,1,0,0,0,0,0,0,2,0,7,100,1,1957,4009,8,10,40,1,0,1,0,0
1283805,2,2022,2022,3,4,4,83,31,247,34609,0,1,1,-33.813807,150.937682,21,0,2,1,1,0,0,0,2,0,7,50,0,1259,5151,1,5,0,5,0,0,1,0
1283808,2,2022,2022,4,2,6,14,31,182,34609,0,1,10,-32.839661,151.3543,17,2,1,1,1,0,0,0,2,0,7,50,0,623,623,3,16,19,2,0,0,1,0
1283809,2,2022,2022,3,0,6,866,17,157,793,1,0,2,-33.791545,151.020742,54,0,2,1,0,0,3,4,2,0,7,60,2,9859,9859,8,0,40,1,0,0,1,0
1283810,1,2022,2022,3,1,7,10,27,42,91,0,1,2,-35.347542,149.245067,58,2,1,1,0,0,0,0,2,0,7,60,2,14295,14295,3,0,13,2,0,0,0,1
1283812,1,2022,2022,3,5,5,230,27,197,284,0,1,10,-33.791336,151.130405,61,0,2,1,1,0,0,0,2,2,7,70,2,6545,6545,4,5,5,2,0,0,0,2
1283817,1,2022,2022,3,1,2,916,17,8,917,0,1,1,-31.287695,150.906749,70,1,0,0,0,0,0,0,0,0,7,100,2,2585,4009,8,29,40,1,0,0,0,1
1283822,1,2022,2022,3,4,8,35,31,532,11,0,1,9,-33.876005,151.203538,69,0,2,1,1,0,3,4,2,2,9,50,1,6545,6545,4,5,0,2,0,0,0,2
1283823,2,2022,2022,4,0,6,92,27,143,34609,0,1,9,-33.87428,151.104308,9,0,2,1,1,0,0,0,2,2,7,40,0,1850,777,5,16,40,1,0,0,1,0
1283828,1,2022,2022,3,0,6,26,31,147,34609,0,1,10,-33.866148,151.125533,14,0,2,1,0,0,0,0,2,0,15,50,0,926,926,4,5,5,2,0,0,0,1
1283829,2,2022,2022,3,6,5,10,27,51,34609,0,1,1,-34.469196,150.796391,80,0,2,0,0,0,3,4,2,0,7,80,0,2585,4009,8,5,40,1,0,0,1,0
1283831,4,2022,2022,3,6,6,6,10,54,34609,0,1,1,-28.51394,153.530609,10,2,1,1,1,0,3,4,2,0,7,50,0,9859,9859,8,0,40,1,0,1,0,0
1283833,2,2022,2022,3,5,10,1,27,1,34609,0,1,1,-29.453073,150.05274,51,1,0,0,0,0,0,0,0,0,7,100,0,1089,1089,7,30,40,1,0,0,1,0
1283834,2,2021,2021,10,0,9,3,27,160,34609,0,1,1,-33.09985,151.484594,37,0,2,1,1,0,0,0,2,0,7,50,0,591,591,1,22,36,2,0,0,1,0
1283835,2,2022,2022,3,3,2,25,27,54,34609,0,1,1,-33.628498,150.889511,29,2,2,1,0,0,3,4,1,0,7,70,0,9859,9859,8,5,40,1,0,0,2,0
1283836,4,2022,2022,3,5,2,9,10,45,25,0,1,10,-33.814658,150.794045,55,0,2,1,0,0,3,0,1,2,7,80,2,2852,2852,4,5,19,2,0,1,0,0
1283838,2,2022,2022,4,3,5,11,27,2,30,0,1,9,-28.284129,153.374692,72,2,1,0,0,0,0,0,2,0,7,80,1,3775,3775,0,10,5,2,0,0,1,0
1283839,4,2021,2021,2,0,7,147,27,224,21,0,1,10,-33.831015,151.244293,45,0,2,1,1,0,0,0,2,2,7,50,1,83,83,1,0,33,3,0,1,1,0
1283842,1,2022,2022,3,5,9,97,31,363,92,0,1,1,-33.819059,150.996287,54,0,2,1,1,0,0,0,3,0,7,60,1,1109,787,1,5,5,2,0,0,0,1
1283843,4,2022,2022,3,2,11,829,27,125,770,0,1,2,-33.837408,151.131869,51,0,2,1,2,0,3,4,0,0,6,70,2,3775,3775,0,10,13,2,0,1,0,0
1283847,1,2022,2022,4,0,6,15,31,108,34609,0,1,1,-28.866275,153.550597,2,2,1,1,0,0,0,0,2,0,7,50,0,323,323,1,16,25,2,0,0,0,1
1283848,2,2022,2022,3,4,7,55,31,172,17,0,1,10,-32.755785,151.582264,42,2,1,1,0,0,0,0,2,0,15,50,1,926,926,4,5,36,2,0,0,2,0
1283851,1,2021,2021,2,3,0,1,27,5,34609,0,1,1,-35.184903,149.595483,58,1,0,1,0,2,0,0,0,0,7,100,0,1945,1945,5,16,40,1,0,0,0,1
1283853,4,2022,2022,3,1,5,8,27,239,34609,0,1,1,-34.031807,151.122107,68,0,2,1,1,0,0,0,2,0,7,50,0,238,238,9,10,26,2,0,1,0,0
1283856,2,2022,2022,3,6,7,3,36,52,34609,1,2,10,-33.265811,151.46509,16,2,2,1,0,0,3,4,2,0,0,40,0,6545,6545,4,5,0,2,0,0,1,0
1283859,1,2021,2021,8,1,6,171,27,71,369,0,1,2,-33.778527,150.711398,55,0,2,1,1,0,3,0,2,0,7,70,2,1282,1282,1,33,5,2,0,0,0,1
1283861,2,2022,2022,3,2,7,27,27,290,34609,0,1,9,-33.854691,150.989502,21,0,2,1,0,0,0,3,2,0,7,50,0,2852,2852,4,5,5,2,0,0,1,0
1283864,1,2022,2022,3,4,8,1104,14,85,962,0,1,3,-33.785558,150.703008,55,0,2,0,0,0,3,4,2,0,7,110,2,14295,14295,3,30,5,2,0,0,0,1
1283865,2,2021,2021,10,5,9,44,27,290,53,0,1,1,-33.952591,151.104496,25,0,2,1,2,0,0,0,0,0,7,60,1,9859,9859,1,15,0,2,0,0,1,0
1283867,2,2021,2021,2,4,8,23,27,53,36,0,1,1,-35.189006,149.329489,58,1,0,0,0,0,0,0,2,0,7,90,1,4552,5151,8,5,40,1,0,0,1,1
1283875,1,2022,2022,3,2,9,2,31,80,34609,0,1,1,-33.879095,151.170148,32,0,2,1,0,0,3,4,3,0,7,50,0,941,941,1,5,19,2,0,0,0,1
1283880,2,2022,2022,3,3,6,49,22,41,96,0,1,1,-32.961467,151.620248,37,0,2,1,1,0,0,0,2,0,9,60,2,14295,14295,3,5,13,3,0,0,1,0
1283882,4,2022,2022,4,2,5,2,1,167,34609,0,1,2,-33.850073,151.073325,54,0,2,1,1,0,0,0,2,0,7,60,0,1220,1220,9,22,28,2,0,1,0,0
1283883,4,2021,2021,2,5,10,36,31,37,34609,1,0,9,-33.897984,151.256833,76,0,2,1,2,0,0,0,3,0,7,50,0,1850,985,5,16,40,1,0,1,0,0
1283884,4,2022,2022,3,0,7,6,31,66,34609,0,1,10,-33.708416,150.924705,7,0,2,1,1,0,0,0,2,0,0,50,0,926,926,4,5,19,2,0,1,0,0
1283886,4,2022,2022,3,5,4,23,31,218,19,0,1,1,-33.748399,150.765968,55,0,2,1,1,0,0,0,2,0,7,60,1,14295,14295,3,5,5,3,0,1,0,0
1283889,2,2022,2022,3,4,1,283,27,293,702,0,1,10,-33.917551,151.065059,15,0,2,1,2,0,0,0,0,2,7,60,2,6545,6545,4,5,5,2,0,0,2,0
1283890,2,2021,2021,9,3,8,1,27,2,34609,0,1,9,-33.130417,148.752261,11,1,0,1,0,0,0,0,2,0,7,100,0,9859,9859,8,5,40,1,0,0,1,0
1283891,2,2022,2022,3,3,4,1104,14,323,962,0,1,3,-33.797581,150.852014,7,0,2,1,0,0,0,0,2,0,7,100,2,4026,4026,8,0,40,1,0,0,1,0
1283892,2,2021,2021,2,0,5,109,27,44,169,0,1,9,-32.820866,151.42055,17,2,1,1,1,0,0,0,2,0,0,80,2,1669,1669,3,5,36,2,0,0,1,1
1283893,2,2021,2021,10,2,8,82,27,7,34,0,1,1,-28.599739,153.043227,51,2,1,0,0,0,0,0,2,0,7,80,1,1259,5151,8,10,40,1,0,0,1,0
1283894,2,2021,2021,2,0,0,1,13,9,34609,1,0,1,-34.002804,151.069826,68,0,2,1,0,0,0,0,0,0,7,50,0,4026,4026,1,5,0,2,0,0,1,0
1283895,2,2021,2021,2,2,3,2261,17,39,2252,0,1,2,-35.92415,147.049698,27,1,0,1,3,0,0,0,1,0,7,110,2,475,475,5,5,40,1,0,0,1,0
1283896,2,2021,2021,2,1,9,8,31,207,34609,0,1,1,-31.947672,141.468997,51,2,1,1,0,0,0,0,2,0,7,50,0,1981,1981,4,10,19,2,0,0,1,0
1283898,1,2022,2022,3,5,11,3,27,2,34609,0,1,1,-34.624576,148.410786,30,1,0,0,0,0,0,0,0,0,7,100,0,1089,1089,7,16,40,1,0,0,0,1
1283899,2,2021,2021,2,2,7,3,27,1,34609,0,1,9,-34.58582,147.06592,51,2,1,1,0,2,0,0,2,0,0,80,0,2585,777,8,29,40,1,0,0,1,0
1283901,2,2022,2022,4,2,8,12,27,5,34609,0,1,1,-29.537792,153.258143,18,2,1,1,0,0,3,3,2,0,7,80,0,1669,1669,3,16,5,2,0,0,1,0
1283902,2,2022,2022,3,3,3,3371,17,44,3342,0,1,2,-28.864466,153.510998,2,1,0,1,0,0,0,0,2,0,7,110,2,4026,4026,8,10,40,1,0,0,1,0
1283907,4,2022,2022,4,1,8,4,27,104,34609,0,1,1,-32.369651,151.288219,64,1,0,1,0,0,0,0,2,0,7,100,0,1089,1089,7,16,40,1,0,1,0,0
1283910,2,2022,2022,4,6,8,1,7,29,13,0,1,9,-33.750904,150.799315,7,0,2,1,0,0,0,0,2,0,0,50,1,1945,1945,5,16,40,1,0,0,1,0
1283912,4,2022,2022,3,6,4,2209,17,144,2205,0,1,9,-34.062664,151.021773,68,0,2,0,1,0,3,3,2,0,0,70,2,5929,5929,1,5,0,2,0,1,1,0
1283917,4,2021,2021,10,3,5,4,27,23,34609,0,1,1,-33.001407,151.119706,17,1,0,0,1,0,0,0,2,0,7,100,0,1850,1463,5,16,40,1,0,1,0,0
1283918,2,2022,2022,3,4,11,2261,17,59,2252,0,1,3,-33.985582,150.856847,13,0,2,1,2,0,3,4,0,0,7,110,2,14295,14295,3,33,5,4,0,0,1,0
1283919,2,2022,2022,3,5,5,2,27,27,23,0,1,1,-31.848805,142.999721,51,1,0,1,0,2,3,0,2,0,7,100,1,4026,4026,8,21,40,1,0,0,1,0
1283920,4,2021,2021,2,1,11,27,27,102,28,0,1,2,-33.947321,151.189426,4,0,2,1,2,0,0,0,0,0,7,80,2,1945,1945,5,16,40,1,0,1,0,0
1283924,4,2022,2022,3,3,4,56,27,115,80,0,1,9,-33.873968,151.19241,69,0,2,1,1,0,0,0,2,2,9,40,2,2040,2040,9,5,28,2,0,1,0,0
1283925,4,2022,2022,3,0,7,17,27,7,18,0,1,1,-35.134109,148.666838,82,2,1,0,0,2,0,0,2,0,7,60,1,1850,1463,5,16,40,1,0,1,0,0
1283926,4,2022,2022,4,0,4,916,17,37,917,0,1,1,-32.67271,151.381556,17,2,1,1,0,0,0,0,2,0,7,80,2,14295,14295,3,10,35,2,0,1,0,0
1283938,2,2022,2022,4,2,11,1,27,1,34609,0,1,1,-32.149551,149.57482,44,1,0,0,0,2,0,0,0,0,7,100,0,4552,5151,8,10,40,1,0,0,1,0
1283941,4,2022,2022,4,5,2,2126,17,283,2149,0,1,10,-33.83066,151.012274,54,0,2,1,2,0,0,0,0,2,9,60,2,2040,2040,9,0,28,2,0,1,1,0
1283944,2,2022,2022,3,0,5,2209,17,40,2205,0,1,2,-34.695946,150.843042,35,2,1,0,3,0,3,4,2,0,7,80,2,1259,5151,8,21,40,1,0,0,1,0
1283945,1,2022,2022,3,2,7,2,36,104,34609,0,1,1,-33.738562,150.921942,7,0,2,1,3,0,0,0,2,0,7,50,0,9859,9859,1,0,12,2,0,0,0,1
1283949,4,2022,2022,3,4,6,55,27,151,160,1,0,2,-34.028327,150.848935,13,0,2,1,1,0,0,0,2,0,7,60,2,14295,14295,3,16,25,3,0,1,0,0
1283951,2,2022,2022,3,4,3,12,1,123,25,0,1,1,-33.906592,151.226019,59,0,2,1,3,0,0,0,2,0,7,50,1,1391,1391,1,5,0,3,0,0,1,1
1283953,2,2022,2022,3,5,4,1104,14,142,962,0,1,3,-33.827117,150.994408,54,0,2,1,3,0,3,0,2,0,7,90,2,14295,14295,3,8,0,3,0,0,1,0
1283954,1,2022,2022,3,4,8,89,17,95,34609,0,1,1,-34.395984,150.892561,80,0,2,1,3,0,3,4,2,0,7,60,0,1383,1383,1,29,5,2,0,0,0,1
1283956,2,2021,2021,2,0,3,37,31,80,19,1,0,1,-33.877939,151.172269,32,0,2,1,3,0,0,0,2,0,7,50,2,1282,1282,1,0,19,2,0,0,1,0
1283958,1,2022,2022,4,4,7,2126,17,323,2149,0,1,10,-33.788732,150.854304,7,0,2,1,3,0,0,0,2,1,7,80,2,945,945,5,16,40,1,0,0,0,1
1283964,1,2022,2022,4,1,7,195,27,49,186,0,1,10,-33.918904,150.852862,41,0,2,1,1,0,0,0,2,2,7,70,2,14295,14295,3,5,5,2,0,0,0,1
1283967,4,2022,2022,3,0,10,2,27,7,15,0,1,9,-33.256149,148.261314,51,1,0,1,0,0,0,0,0,0,7,100,1,4026,4026,8,10,40,1,0,1,0,0
1283968,2,2022,2022,4,1,8,30,24,167,34609,0,1,9,-33.83087,151.07131,54,0,2,1,1,0,0,0,2,0,0,50,0,6545,6545,4,0,0,2,0,0,1,0
1283970,4,2022,2022,4,3,8,13,27,15,20,0,1,1,-35.332321,146.370699,51,1,0,0,0,0,0,0,2,0,7,100,1,3775,3775,0,10,5,2,0,1,0,0
1283971,1,2022,2022,3,2,8,2,27,96,34609,0,1,10,-35.343902,149.225335,58,2,1,1,0,0,0,0,2,0,0,50,0,6545,6545,4,21,5,2,0,0,0,1
1283974,2,2022,2022,3,5,8,2261,17,443,2252,0,1,2,-33.903979,151.042622,15,0,2,1,0,0,0,0,2,0,7,70,2,14295,14295,3,33,5,2,0,0,1,0
1283975,1,2021,2021,11,4,3,265,10,445,563,0,1,2,-33.861997,151.042282,21,0,2,1,1,0,0,0,2,0,0,70,2,14295,14295,3,0,19,2,0,0,0,1
1283976,2,2022,2022,4,0,9,3,27,103,34609,0,1,1,-34.343958,148.30893,30,2,1,0,0,0,3,4,3,0,7,80,0,3775,3775,0,10,25,2,0,0,4,1
1283977,2,2022,2022,3,0,11,344,27,168,382,0,1,10,-33.696903,150.830876,7,0,2,1,2,0,0,3,0,2,7,80,2,19,19,1,5,13,2,0,0,1,0
1283978,4,2022,2022,3,6,9,8,27,5,34609,0,1,1,-32.246242,152.472329,43,2,1,0,1,0,0,0,0,0,7,50,0,2585,4009,8,5,40,1,0,1,0,0
1283982,1,2022,2022,4,6,5,8,27,3,2,0,1,1,-35.639801,144.36449,51,1,0,1,0,0,0,0,2,0,7,100,1,9859,9859,8,5,40,1,0,0,0,2
1283987,1,2022,2022,3,6,8,158,27,173,207,0,1,10,-33.876819,151.229515,81,0,2,1,0,0,0,0,2,2,7,60,2,14295,14295,3,8,5,2,0,0,0,1
1283990,4,2021,2021,9,1,4,28,27,346,63,0,1,10,-33.875125,151.086557,67,0,2,1,3,0,0,0,2,2,7,50,1,6545,6545,4,5,5,2,0,1,0,0
1283992,1,2022,2022,3,5,8,171,31,363,34609,0,1,1,-33.818091,150.999343,54,0,2,1,3,0,0,0,2,0,7,40,0,1981,1981,4,5,5,2,0,0,0,1
1283993,2,2022,2022,3,6,6,2209,17,29,2205,0,1,1,-35.322618,150.443358,63,2,1,1,1,0,0,3,2,0,7,60,2,9859,9859,1,0,0,2,0,0,1,0
1283995,2,2021,2021,2,6,2,35,27,21,96,0,1,7,-32.958223,151.678149,37,0,2,1,1,0,0,0,1,0,0,60,2,6545,6545,4,0,12,2,0,0,1,0
1283997,4,2021,2021,2,2,8,2,27,45,34609,0,1,1,-31.771593,152.519214,43,2,1,0,0,0,0,0,2,0,7,80,0,2585,4009,8,5,40,1,0,1,0,0
1283999,4,2021,2021,2,6,9,4,27,13,34609,0,1,1,-32.788296,151.664837,42,2,1,0,1,0,0,0,3,0,7,50,0,4552,5151,1,5,0,2,0,1,1,0
1284001,2,2022,2022,4,0,5,8,27,12,13,0,1,9,-33.9916,148.925563,30,1,0,0,0,0,0,0,2,0,7,100,1,4552,5151,8,16,40,1,0,0,1,0
1284002,1,2021,2021,2,1,9,15,31,169,147,0,1,9,-28.643389,153.61216,10,2,1,1,1,0,0,0,2,0,7,50,1,515,515,1,22,0,2,0,0,0,1
1284003,2,2021,2021,2,2,10,2126,17,106,2149,0,1,2,-33.885064,151.18506,69,0,2,1,2,0,0,0,0,0,7,60,2,14295,14295,3,5,36,3,0,0,1,1
1284005,4,2022,2022,4,3,7,11,27,11,30,0,1,1,-28.313459,153.388965,72,2,1,0,0,0,0,0,2,0,7,80,1,782,957,5,16,40,1,0,1,0,0
1284011,4,2021,2021,9,6,6,74,27,120,18,0,1,2,-33.773608,150.879247,7,0,2,1,1,0,0,0,2,0,7,60,1,14295,14295,3,16,5,2,0,1,0,0
1284013,2,2022,2022,4,2,3,145,31,175,34609,0,1,7,-33.774138,151.081201,54,0,2,1,1,0,0,0,2,0,0,50,0,2585,777,8,5,40,1,0,0,1,0
1284016,2,2022,2022,4,6,2,2209,17,76,2205,0,1,9,-35.353165,150.475164,63,2,1,1,1,0,0,0,0,0,7,60,2,5929,5929,1,0,19,2,0,0,1,0
1284017,1,2021,2021,2,2,7,1,31,293,34609,0,1,1,-33.937299,151.049996,15,0,2,1,0,0,0,0,2,0,7,50,0,368,368,9,33,28,2,0,0,0,1
1284019,2,2021,2021,2,1,5,103,27,14,167,0,1,9,-33.981931,151.136741,25,0,2,0,1,0,0,0,2,0,0,60,2,6545,6545,4,0,5,2,0,0,1,0
1284020,1,2022,2022,4,2,2,16,27,38,34609,0,1,2,-32.81518,151.464085,17,2,1,0,2,0,0,0,0,0,7,50,0,2585,4009,8,10,40,1,0,0,0,1
1284022,4,2022,2022,4,3,1,4,27,224,34609,0,1,1,-33.824918,151.238298,45,0,2,1,2,0,0,0,0,0,7,50,0,312,312,2,16,40,1,0,1,0,0
1284023,1,2022,2022,3,6,6,2261,17,112,2252,0,1,2,-33.911707,150.937103,41,0,2,1,3,0,0,0,2,0,7,70,2,1383,1383,1,0,40,2,0,0,0,1
1284024,1,2022,2022,4,4,6,1,27,179,10,0,1,1,-36.736071,149.812452,5,2,1,1,0,0,0,3,2,0,7,80,1,9859,9859,8,25,40,1,0,0,0,1
1284025,2,2022,2022,3,5,7,283,27,197,702,1,2,10,-33.952614,151.083519,25,0,2,1,3,0,3,4,2,2,7,40,2,14295,14295,3,9,13,2,0,0,1,0
1284026,2,2022,2022,3,2,6,103,27,149,167,1,0,9,-33.995009,151.130316,25,0,2,1,3,0,3,4,2,0,7,70,2,14295,14295,3,10,0,2,0,0,1,1
1284028,4,2022,2022,3,6,7,294,17,18,288,0,1,9,-35.121828,147.321317,75,2,1,0,3,0,0,0,2,0,0,80,2,2852,2852,4,5,5,2,0,1,0,0
1284031,2,2022,2022,4,6,5,1,10,337,34609,0,1,1,-33.716289,151.006654,71,0,2,0,3,0,3,4,2,0,7,50,0,4552,5151,8,5,40,1,0,0,1,0
1284033,2,2022,2022,3,3,3,57,27,9,143,0,1,1,-34.556302,149.569775,74,1,0,1,3,0,0,0,1,0,7,100,2,1089,1089,7,16,40,1,0,0,1,0
1284037,2,2022,2022,3,3,7,1052,14,53,928,0,1,3,-33.6841,151.120781,31,0,2,1,3,0,0,0,2,0,7,110,2,14295,14295,3,5,0,2,0,0,1,0
1284039,2,2022,2022,3,0,9,1052,14,54,928,0,1,3,-33.468681,151.193886,16,1,2,1,3,0,0,0,2,0,7,110,2,14295,14295,3,5,5,3,0,0,1,0
1284042,2,2022,2022,3,2,11,2209,17,79,2205,0,1,7,-34.914359,150.603617,63,2,1,1,3,0,3,4,0,0,0,70,2,6545,6545,4,5,5,2,0,0,1,0
1284043,2,2022,2022,3,2,8,128,27,363,133,0,1,10,-33.757055,150.686247,55,0,2,1,3,0,0,0,4,2,7,60,2,6545,6545,4,5,5,2,0,0,1,0
1284044,1,2022,2022,3,4,6,20,31,174,321,0,1,9,-33.892123,151.199568,69,0,2,1,3,0,0,0,2,2,7,50,2,1669,1669,3,10,5,2,0,0,0,1
1284045,1,2022,2022,3,4,3,36,27,106,35,0,1,9,-33.89166,151.176737,32,0,2,1,3,0,0,0,2,0,7,50,1,1282,1282,1,5,27,2,0,0,0,1
1284046,1,2022,2022,3,2,4,1104,11,130,770,0,1,9,-33.871956,151.193389,69,0,2,1,3,0,0,0,2,2,7,60,2,2852,2852,4,5,5,2,0,0,0,1
1284049,1,2021,2021,10,3,8,829,27,124,770,0,1,10,-33.812294,151.041754,54,0,2,1,3,0,0,0,3,2,7,70,2,623,623,3,10,5,2,0,0,0,1
1284054,2,2021,2021,2,3,1,46,27,22,43,0,1,1,-35.974941,146.897077,27,1,0,1,0,0,0,0,0,0,7,100,1,9859,9859,8,5,40,1,0,0,1,0
1284055,4,2021,2021,9,6,4,103,27,176,167,0,1,1,-33.972305,151.136371,4,0,2,1,1,0,0,0,2,0,7,60,2,941,941,1,20,0,3,0,1,1,0
1284056,4,2022,2022,3,0,4,21,27,26,11,0,1,1,-32.73132,151.392387,17,2,1,0,0,0,0,0,2,0,7,80,1,3775,3775,0,5,0,2,0,2,0,0
1284059,1,2021,2021,2,5,11,1104,14,223,962,0,1,3,-33.805388,150.914876,7,0,2,1,3,0,0,0,0,0,7,100,2,14295,14295,3,5,36,2,0,0,0,1
1284062,2,2022,2022,4,4,8,19,27,82,605,0,1,2,-33.797021,151.252668,50,0,2,1,3,0,0,0,3,0,7,60,2,14295,14295,3,9,5,2,0,0,1,0
1284064,2,2022,2022,3,0,10,2,27,17,34609,0,1,1,-28.593871,153.250573,39,1,0,0,0,0,0,0,0,0,7,100,0,2585,4009,8,0,40,1,0,0,1,0
1284067,2,2022,2022,4,4,7,4,31,155,34609,0,1,7,-33.133403,148.17405,53,2,1,1,0,0,0,0,2,0,0,50,0,6545,6545,4,30,19,2,0,0,1,0
1284068,1,2021,2021,2,6,7,19,10,370,34609,0,1,2,-34.074639,150.803849,13,0,2,1,1,0,0,0,2,0,7,50,0,144,144,1,5,12,2,0,0,0,2
1284069,2,2021,2021,9,5,8,7,1,523,34609,0,1,9,-33.925789,150.901917,41,0,2,1,1,0,0,0,2,0,7,50,0,9859,9859,8,5,40,1,0,0,1,0
1284070,1,2022,2022,3,6,11,1,31,43,34609,0,1,1,-32.560064,148.944353,22,2,1,1,2,0,0,0,0,0,7,50,0,214,214,9,5,28,2,0,0,0,1
1284073,2,2022,2022,3,3,6,47,1,60,34609,0,1,9,-33.758134,150.757821,55,0,2,1,0,0,0,0,2,0,7,50,0,6545,6545,4,5,36,2,0,0,1,0
1284074,1,2022,2022,3,1,3,95,31,75,34609,0,1,9,-33.876394,151.115886,9,0,2,1,1,0,0,0,2,0,9,50,0,591,591,1,22,0,2,0,0,0,1
1284075,4,2022,2022,3,0,9,12,10,16,34609,0,1,1,-33.17801,151.591107,16,2,2,0,0,0,0,0,2,0,7,80,0,1850,1463,5,16,40,1,0,1,0,0
1284078,2,2022,2022,3,3,8,3371,17,7,3342,0,1,2,-30.632064,152.973373,47,1,0,0,0,0,0,0,2,0,7,110,2,380,714,5,0,40,1,0,0,2,0
1284079,2,2022,2022,4,5,5,13,27,19,34609,0,1,1,-28.277953,153.514653,72,2,1,0,0,0,3,4,2,0,7,80,0,3775,3775,0,9,0,2,0,0,1,2
1284084,4,2021,2021,2,4,7,2,1,11,34609,0,1,1,-33.754391,151.17588,36,0,2,0,0,0,3,4,2,0,7,50,0,1957,4009,1,0,0,2,0,1,0,0
1284085,4,2022,2022,3,6,4,171,27,64,369,0,1,1,-33.715714,150.725662,55,0,2,0,1,0,3,4,2,0,7,70,2,14295,14295,3,0,0,2,0,1,0,0
1284086,2,2021,2021,2,3,0,33,27,33,154,0,1,10,-33.769172,150.871126,7,0,2,0,2,0,0,0,0,2,7,60,1,1957,4009,8,5,40,1,0,0,1,0
1284087,4,2022,2022,3,0,7,1,23,137,34609,0,1,10,-33.909168,150.90271,41,0,2,1,1,0,0,0,2,0,0,50,0,6545,6545,4,0,0,2,0,1,0,1
1284089,2,2022,2022,4,1,3,1104,14,609,962,0,1,3,-33.803011,150.897069,7,0,2,1,1,0,0,0,1,0,7,100,2,14295,14295,3,9,12,3,0,0,1,0
1284091,4,2021,2021,2,3,0,22,31,13,34609,0,1,10,-31.64814,152.796708,56,2,1,0,2,0,0,0,0,0,0,50,0,4552,5151,8,16,40,1,0,2,0,0
1284094,4,2021,2021,2,2,9,12,1,316,34609,0,1,9,-31.438673,152.882472,56,2,1,1,1,0,0,0,2,0,7,50,0,1945,1945,5,16,40,1,0,1,0,0
1284095,4,2021,2021,9,0,2,916,17,5,917,0,1,1,-31.975556,150.863808,73,2,1,1,0,0,3,4,0,0,6,80,2,9859,9859,8,10,40,1,0,1,1,0
1284096,2,2022,2022,3,2,6,1,27,7,34609,0,1,1,-29.460272,151.48567,51,1,0,0,0,2,0,0,2,0,7,100,0,1850,1463,5,10,40,1,0,0,2,0
1284099,4,2021,2021,2,4,2,35,27,2,34609,0,1,1,-28.859042,153.434596,2,2,1,1,0,0,0,0,1,0,7,80,0,1981,1981,4,5,19,2,0,1,0,0
1284100,1,2022,2022,4,4,3,13,31,55,34609,0,1,9,-33.885879,151.284242,76,0,2,1,1,0,3,4,2,0,15,50,0,6545,6545,4,30,27,2,0,0,0,1
1284101,4,2022,2022,3,2,6,35,18,57,34609,0,1,1,-32.819277,151.478867,17,2,1,1,0,0,0,0,2,0,7,50,0,9859,9859,8,16,40,1,0,1,0,0
1284103,4,2022,2022,3,1,9,2126,17,149,2149,0,1,9,-33.816421,150.973158,21,0,2,1,1,0,0,0,2,2,7,80,2,6545,6545,4,5,22,2,0,1,0,0
1284105,2,2022,2022,3,5,10,61,10,87,34609,0,1,1,-33.04695,151.467918,37,0,2,1,0,0,0,0,0,0,7,90,0,3775,3775,0,5,5,2,0,0,1,0
1284107,2,2021,2021,2,4,5,14,31,61,49,0,1,9,-32.924269,151.737335,48,0,2,0,1,0,0,0,2,0,7,60,1,14295,14295,3,5,5,3,0,0,1,0
1284110,2,2021,2021,2,5,1,43,27,11,118,0,1,1,-30.762156,150.735384,70,2,1,0,0,0,0,0,0,0,7,80,2,2585,4009,8,5,40,1,0,0,1,0
1284113,1,2022,2022,3,0,2,45,27,304,96,1,0,9,-33.905708,151.157361,32,0,2,1,3,0,3,3,1,0,0,60,2,6545,6545,4,5,5,2,0,0,0,1