Crash ID,Degree of crash - detailed,Reporting year,Year of crash,Month of crash,Day of week of crash,Two-hour intervals,Street of crash,Street type,Town,Route no.,School zone location,School zone active,Type of location,Latitude,Longitude,LGA,Urbanisation,Conurbation 1,Alignment,Street lighting,Road surface,Surface condition,Weather,Natural lighting,Signals operation,Other traffic control,Speed limit,Road classification,RUM - code,DCA - code,First impact type,Key TU type,Other TU type,No. of traffic units involved,No. killed,No. seriously injured,No. moderately injured,No. minor-other injured
1284117,2,2022,2022,3,0,9,84,10,9,80,0,1,1,-34.221025,150.990573,80,0,2,0,0,0,3,4,0,0,7,60,2,4552,5151,8,0,40,1,0,0,1,0
1284130,2,2022,2022,3,5,0,1,27,2,34609,0,1,9,-35.809874,150.213035,23,2,1,0,0,2,0,0,0,0,7,70,0,1850,1463,5,10,40,1,0,0,1,0
1284131,4,2022,2022,4,3,8,9,27,24,34609,0,1,1,-32.615177,151.876278,57,1,0,0,0,0,0,0,2,0,7,100,0,782,957,5,16,40,1,0,1,0,0
1284133,2,2022,2022,3,3,8,127,31,77,34609,0,1,1,-30.329758,149.785627,51,2,1,1,1,0,0,0,2,0,7,50,0,1282,1282,1,0,40,3,0,0,1,0
1284139,4,2022,2022,4,0,7,512,17,7,441,0,1,1,-32.585638,148.953438,22,1,0,1,2,0,0,0,2,0,7,100,2,1945,1945,5,16,40,1,0,1,0,0
1284140,4,2022,2022,4,4,6,1,35,19,34609,0,1,1,-32.732201,152.002479,57,2,1,1,1,0,0,0,2,0,7,50,0,1981,1981,4,0,10,2,0,1,0,0
1284141,2,2022,2022,3,6,7,59,27,271,17,0,1,9,-33.940588,151.018509,15,0,2,1,1,0,0,0,2,2,7,60,2,2852,2852,4,5,0,2,0,0,2,0
1284143,2,2022,2022,3,5,4,293,31,160,260,0,1,9,-33.095162,151.497207,37,0,2,1,1,0,0,0,2,0,0,80,2,2852,2852,4,10,5,2,0,0,1,0
1284144,4,2022,2022,3,6,4,60,27,253,331,0,1,10,-33.963309,151.103136,25,0,2,1,1,0,3,3,2,2,7,60,2,1282,1282,1,21,19,2,0,1,0,0
1284148,1,2022,2022,3,3,7,293,27,78,34609,0,1,1,-33.698839,150.565482,8,2,2,1,1,0,0,0,2,0,9,40,0,1220,1220,9,5,28,2,0,0,0,1
1284151,4,2022,2022,4,0,0,2126,17,161,2149,0,1,9,-33.887774,151.160113,32,0,2,1,2,0,0,0,0,0,7,60,2,9859,9859,8,5,40,1,0,1,1,0
1284152,2,2022,2022,3,1,6,7,31,41,34609,1,0,1,-33.866961,150.986962,24,0,2,1,1,0,0,0,2,0,7,50,0,14295,14295,3,0,5,3,0,0,1,0
1284153,4,2021,2021,2,4,1,2126,17,438,2149,0,1,10,-33.845063,151.042206,21,0,2,1,2,0,3,3,0,2,7,60,2,6545,6545,4,16,5,3,0,2,1,0
1284154,1,2022,2022,4,2,5,2,27,9,34609,0,1,1,-34.775966,149.386347,74,1,0,0,0,0,0,0,2,0,7,100,0,4552,5151,8,16,40,1,0,0,0,1
1284155,4,2022,2022,4,5,4,232,36,60,331,0,1,2,-34.03718,150.745038,12,0,2,0,1,0,3,4,2,0,7,50,2,14295,14295,3,10,27,2,0,1,1,0
1284157,2,2021,2021,2,1,8,46,1,20,165,0,1,1,-33.972113,151.095338,25,0,2,1,0,0,0,0,2,0,7,50,1,14295,14295,3,5,5,2,0,0,1,0
1284160,4,2022,2022,3,6,8,2126,17,363,2149,0,1,2,-33.819327,150.999474,54,0,2,1,1,0,0,3,2,0,7,60,2,3775,3775,0,15,36,2,0,1,0,0
1284161,2,2022,2022,3,2,6,387,27,290,331,0,1,9,-33.952479,151.122719,4,0,2,1,1,0,3,2,2,2,7,60,2,5929,5929,1,19,5,2,0,0,1,0
1284163,2,2022,2022,3,6,10,512,17,433,441,0,1,9,-33.284963,149.105438,52,2,1,1,3,0,0,0,0,2,7,50,2,5929,5929,1,5,13,2,0,0,1,0
1284165,1,2021,2021,2,0,11,1,27,80,34609,0,1,1,-34.529419,146.408125,51,2,1,1,0,0,0,0,0,0,7,80,0,475,475,5,10,40,1,0,0,0,1
1284166,4,2022,2022,4,2,4,251,14,139,124,0,1,6,-33.829943,151.213523,49,0,2,1,0,0,0,0,2,0,7,60,2,387,387,1,16,5,3,0,1,0,0
1284171,2,2021,2021,2,1,7,308,14,323,311,0,1,3,-33.797888,150.854394,7,0,2,1,1,0,0,0,2,0,7,100,2,4026,4026,8,8,40,1,0,0,1,0
1284174,2,2021,2021,2,4,4,16,31,94,20,0,1,1,-33.777506,150.802405,55,0,2,1,3,0,3,0,2,0,7,60,1,5929,5929,1,0,5,2,0,0,1,0
1284177,2,2022,2022,3,1,5,5,31,35,148,0,1,9,-30.451615,152.895424,6,2,1,0,1,0,0,0,2,0,0,40,2,3775,3775,0,5,0,2,0,0,1,1
1284178,4,2022,2022,3,5,7,10,31,24,34609,0,1,1,-36.888506,149.924201,5,2,1,0,0,0,0,0,2,0,7,50,0,1850,1463,5,16,40,2,0,1,0,0
1284179,4,2022,2022,3,6,3,28,31,96,19,0,1,10,-33.375136,148.003548,51,2,1,0,1,0,0,0,2,0,0,50,1,5929,5929,1,5,10,2,0,1,1,0
1284180,4,2022,2022,3,4,3,125,27,21,144,0,1,2,-32.767449,152.02228,57,2,1,1,1,0,0,0,2,0,7,80,2,14295,14295,3,9,10,2,0,1,0,1
1284186,1,2022,2022,3,6,4,103,27,149,167,1,2,2,-33.995355,151.130228,4,0,2,1,3,0,3,0,2,2,9,40,2,14295,14295,3,10,36,2,0,0,0,1
1284187,2,2021,2021,9,0,4,512,17,562,441,0,1,1,-32.253925,148.6062,22,2,1,1,1,0,3,3,2,0,7,40,2,14295,14295,3,0,41,3,0,0,1,0
1284189,4,2021,2021,2,5,6,57,27,16,126,0,1,1,-32.748648,151.736438,57,2,1,1,0,0,0,0,2,0,7,80,2,14295,14295,3,30,12,3,0,1,0,0
1284190,2,2022,2022,3,1,9,8,31,433,34609,0,1,1,-33.284112,149.086019,52,2,1,1,2,0,0,0,2,0,7,50,0,238,238,9,34,28,2,0,0,1,0
1284196,4,2022,2022,3,0,2,83,27,4,72,0,1,1,-28.792122,153.30224,39,1,0,1,3,0,3,4,0,0,7,100,2,3775,3775,0,29,5,2,0,1,0,0
1284197,2,2022,2022,3,4,7,4,27,21,34609,1,2,9,-34.376532,150.912417,80,0,2,1,3,0,0,0,2,0,15,40,0,5929,5929,1,5,19,2,0,0,1,0
1284198,2,2022,2022,3,0,5,866,17,187,793,0,1,9,-33.796703,150.986614,54,0,2,0,3,0,0,0,2,2,7,70,2,14295,14295,3,8,10,3,0,0,1,2
1284204,2,2022,2022,3,5,4,13,27,193,34609,0,1,1,-33.787143,151.075181,54,0,2,1,3,0,0,0,2,0,7,50,0,14295,14295,3,5,5,3,0,0,1,0
1284211,1,2022,2022,4,6,8,158,27,13,207,1,0,9,-33.87179,151.250714,81,0,2,1,3,0,0,0,2,0,7,60,2,14295,14295,3,0,5,4,0,0,0,1
1284213,2,2022,2022,3,3,7,1,1,134,34609,0,1,10,-33.519249,151.312363,16,2,2,1,3,0,3,4,2,0,0,50,0,6545,6545,4,5,5,2,0,0,1,0
1284214,1,2022,2022,3,4,7,220,27,187,222,0,1,2,-33.794101,150.983171,54,0,2,1,3,0,0,0,2,0,7,70,2,1383,1383,1,5,0,2,0,0,0,1
1284216,4,2022,2022,7,6,9,1104,14,223,962,0,1,3,-33.802541,150.890606,7,0,2,1,3,0,3,4,2,0,7,100,2,1383,1383,1,5,5,2,0,1,0,0
1284218,1,2022,2022,3,6,8,72,31,176,62,0,1,10,-33.95969,151.145513,4,0,2,1,3,0,3,4,2,0,0,60,1,19,19,1,30,12,2,0,0,0,1
1284220,1,2022,2022,3,0,9,79,27,198,159,0,1,1,-33.919219,151.105338,15,0,2,1,3,0,3,4,3,0,7,60,2,14295,14295,3,9,5,2,0,0,0,1
1284223,1,2022,2022,3,4,4,6,23,43,34609,0,1,1,-33.699697,151.306986,50,0,2,1,3,0,3,4,2,0,9,50,0,941,941,1,5,0,2,0,0,0,1
1284224,2,2022,2022,3,0,7,13,31,463,34609,0,1,10,-30.300373,153.108196,19,2,1,1,3,0,3,3,2,0,0,50,0,775,775,4,5,0,2,0,0,1,0
1284227,2,2022,2022,3,6,3,117,1,210,121,0,1,10,-34.041581,151.111595,68,0,2,1,3,0,0,0,1,2,7,60,1,5929,5929,1,5,5,2,0,0,1,0
1284231,2,2022,2022,3,2,5,2126,17,40,2149,0,1,9,-33.70476,150.529619,8,2,2,0,3,0,3,3,2,0,15,80,2,2585,4009,8,5,40,1,0,0,1,0
1284242,4,2022,2022,4,0,6,196,10,166,168,0,1,9,-33.937141,150.982682,15,0,2,1,1,0,0,0,2,2,7,60,2,5929,5929,1,0,36,2,0,1,0,0
1284246,2,2022,2022,3,2,8,68,27,175,208,0,1,1,-33.770794,151.081092,54,0,2,1,0,0,3,4,3,0,7,60,2,3775,3775,0,5,36,2,0,0,1,0
1284247,1,2022,2022,3,2,6,2209,17,137,2205,0,1,9,-34.03167,151.066934,68,0,2,1,3,0,0,3,2,2,7,70,2,1391,1391,1,5,5,2,0,0,0,1
1284248,2,2022,2022,3,1,6,21,27,80,23,0,1,1,-33.743227,150.666494,55,0,2,1,3,0,3,3,2,0,7,70,1,3775,3775,0,0,0,2,0,0,2,0
1284251,1,2022,2022,3,0,6,8,27,80,34609,0,1,1,-33.814599,151.169921,38,0,2,1,1,0,3,4,2,0,9,40,0,1220,1220,9,5,28,2,0,0,0,1
1284252,4,2022,2022,3,4,8,26,27,243,160,0,1,1,-33.961689,150.898132,41,0,2,1,1,0,0,3,2,0,7,60,2,368,368,9,5,28,2,0,1,0,0
1284254,2,2022,2022,4,3,4,334,17,21,308,0,1,1,-31.414336,152.178848,56,2,1,0,0,0,0,3,2,0,7,80,2,1850,1463,5,16,40,1,0,0,1,0
1284255,4,2022,2022,4,3,11,8,27,10,9,0,1,1,-30.752595,152.939358,47,2,1,0,0,0,0,0,0,0,7,80,1,1957,4009,8,10,40,1,0,1,0,0
1284256,4,2021,2021,2,0,7,5,27,76,34609,0,1,9,-34.577169,150.397933,78,2,1,1,0,2,0,0,2,0,7,60,0,3775,3775,0,5,5,2,0,2,0,0
1284257,2,2022,2022,4,4,3,97,27,166,799,0,1,9,-33.929892,150.990784,15,0,2,1,1,0,0,3,2,2,7,70,2,5929,5929,1,9,10,2,0,0,1,1
1284258,1,2022,2022,3,2,0,53,36,96,34,0,1,9,-33.393467,148.144954,51,1,0,1,0,0,0,0,0,0,0,100,2,3775,3775,0,33,12,2,0,0,0,1
1284261,2,2022,2022,4,0,6,500,27,198,799,0,1,9,-33.916263,151.109175,15,0,2,1,3,0,2,6,2,2,7,60,2,2852,2852,4,0,0,2,0,0,1,0
1284262,2,2022,2022,3,6,6,104,27,443,702,0,1,2,-33.905586,151.063918,15,0,2,0,1,0,0,0,2,0,7,70,2,1383,1383,1,0,12,2,0,0,1,0
1284263,2,2022,2022,3,0,5,104,27,443,702,0,1,9,-33.900567,151.065005,15,0,2,1,1,0,0,0,2,2,7,70,2,1192,1192,1,3,19,2,0,0,1,0
1284266,1,2021,2021,10,4,5,2,27,108,34609,0,1,1,-33.76321,151.273043,50,0,2,1,0,0,0,0,2,0,7,50,0,14295,14295,3,0,5,2,0,0,0,1
1284267,4,2022,2022,3,6,10,133,10,8,121,0,1,1,-31.590186,152.839046,56,2,1,0,2,0,0,0,0,0,7,50,1,782,957,5,10,40,1,0,1,0,0
1284269,2,2022,2022,3,2,9,3371,17,27,3342,0,1,2,-30.194854,153.146283,19,1,0,0,0,0,3,4,2,0,7,110,2,273,957,5,8,40,1,0,0,1,0
1284273,2,2022,2022,3,6,8,59,10,8,231,0,1,1,-33.485243,151.38494,16,2,2,0,0,0,3,4,2,0,7,70,2,3775,3775,0,5,5,2,0,0,2,0
1284275,2,2022,2022,3,6,9,12,2,232,34609,0,1,9,-33.686276,150.924131,71,0,2,1,0,0,3,4,3,0,0,60,0,2852,2852,4,0,0,2,0,0,2,0
1284278,2,2022,2022,4,2,10,15,31,133,34609,0,1,10,-33.926033,151.021225,15,0,2,1,2,0,0,0,0,0,0,50,0,6545,6545,4,5,5,2,0,0,1,0
1284282,4,2022,2022,3,6,4,1052,14,7,928,0,1,3,-32.842328,151.631457,48,0,2,1,0,0,0,3,2,0,7,110,2,14295,14295,3,10,0,4,0,1,2,1
1284291,4,2022,2022,3,1,9,123,36,37,90,0,1,1,-31.353194,151.533959,51,1,0,1,0,0,0,0,3,0,7,100,1,475,475,5,10,40,1,0,1,0,0
1284292,2,2022,2022,3,1,3,9,27,45,34609,0,1,1,-33.81768,150.797324,55,0,2,1,1,0,3,4,2,0,7,50,0,9859,9859,1,5,5,4,0,0,1,0
1284298,2,2021,2021,2,0,5,191,27,370,68,0,1,1,-34.058002,150.816048,13,0,2,1,1,0,0,0,2,0,7,60,1,5929,5929,1,5,5,2,0,0,1,0
1284299,4,2022,2022,4,2,8,2209,17,12,2205,0,1,2,-36.176508,150.114359,23,1,0,1,0,0,3,4,2,0,7,100,2,404,404,8,16,40,1,0,1,1,0
1284301,2,2022,2022,4,3,7,3,10,42,34609,0,1,7,-33.694779,150.935193,71,0,2,1,0,0,0,0,2,0,7,50,0,515,515,1,5,27,2,0,0,1,0
1284302,4,2021,2021,9,5,7,52,27,31,7,0,1,1,-33.887496,151.019592,15,0,2,0,1,0,0,0,2,0,7,50,1,2585,4009,8,5,40,1,0,1,0,0
1284303,4,2021,2021,2,4,4,47,27,65,34609,0,1,1,-32.925811,151.779158,48,0,2,1,1,0,0,0,2,0,9,30,0,591,591,1,22,36,2,0,1,0,0
1284304,4,2021,2021,2,2,6,515,14,189,518,0,1,3,-33.942148,151.049837,15,0,2,1,1,0,0,0,2,0,7,100,2,14295,14295,3,33,5,2,0,1,0,0
1284308,2,2022,2022,3,4,6,334,17,19,308,0,1,2,-31.464697,152.83953,56,1,0,0,0,0,3,4,2,0,7,100,2,1259,5151,8,0,40,1,0,0,1,0
1284310,4,2021,2021,2,5,5,3,10,32,34609,0,1,1,-32.951054,151.704799,48,0,2,1,1,0,0,0,2,0,7,50,0,3775,3775,0,5,5,2,0,1,0,0
1284312,2,2022,2022,7,6,7,2126,17,93,2149,0,1,9,-33.418489,149.6016,3,2,1,1,1,0,0,0,2,2,7,70,2,5929,5929,1,5,5,2,0,0,1,1
1284313,2,2021,2021,2,5,8,3371,17,44,3342,0,1,9,-32.386731,152.237528,43,1,0,1,1,0,0,0,2,0,0,100,2,623,623,3,5,5,2,0,0,1,0
1284314,2,2022,2022,3,0,5,165,31,22,369,0,1,1,-33.63583,150.787247,29,2,2,1,1,0,0,0,2,0,7,60,2,1669,1669,3,10,13,3,0,0,2,0
1284316,2,2022,2022,3,2,7,7,27,290,34609,0,1,1,-33.858985,150.996487,21,0,2,1,1,0,0,3,2,0,7,50,0,1981,1981,4,10,5,2,0,0,2,0
1284317,4,2022,2022,3,6,3,2209,17,133,2205,0,1,9,-34.502382,150.788992,80,0,2,1,1,0,0,0,2,2,7,60,1,1220,1220,9,5,28,2,0,1,0,0
1284318,2,2022,2022,4,3,6,3,27,52,34609,0,1,1,-33.664547,150.72012,55,0,2,1,0,0,0,0,2,0,7,80,0,623,623,3,5,5,2,0,0,1,0
1284320,2,2022,2022,3,2,0,26,31,98,34609,0,1,1,-30.974526,150.264329,51,2,1,1,2,0,0,0,0,0,7,50,0,9859,9859,8,5,40,1,0,0,1,2
1284321,2,2022,2022,4,1,10,32,31,252,34609,1,0,1,-33.889487,151.214749,69,0,2,1,2,0,0,0,0,0,7,40,0,1192,1192,1,22,39,2,0,0,1,0
1284324,2,2021,2021,2,1,1,1052,14,77,928,0,1,3,-33.524343,151.196667,16,1,2,0,0,0,3,4,0,0,7,90,2,2585,4009,8,5,40,1,0,0,1,0
1284327,4,2022,2022,4,2,5,829,27,165,770,0,1,10,-33.855034,151.15834,14,0,2,1,1,0,0,0,2,2,7,60,2,9859,9859,8,5,40,1,0,1,0,0
1284333,2,2022,2022,3,3,10,109,27,137,105,0,1,9,-33.895236,150.90604,24,0,2,1,2,0,0,0,0,0,7,60,2,1669,1669,3,5,5,2,0,0,1,0
1284335,2,2022,2022,4,5,10,108,31,363,34609,0,1,1,-33.755451,150.693214,55,0,2,1,2,0,0,0,0,0,7,50,0,9859,9859,8,5,40,1,0,0,1,0
1284338,2,2021,2021,9,2,8,1,10,24,34609,0,1,1,-36.215486,150.131186,23,2,1,0,0,0,0,3,2,0,7,50,0,1259,5151,8,10,40,1,0,0,1,0
1284339,2,2022,2022,3,6,6,157,17,5,158,0,1,1,-33.49981,149.397187,3,1,0,1,0,0,0,0,2,0,7,100,2,323,323,1,29,5,2,0,0,1,0
1284340,1,2021,2021,11,0,8,3,27,224,21,0,1,1,-33.845169,151.241902,45,0,2,0,0,0,0,0,2,0,9,50,1,2040,2040,9,22,28,2,0,0,0,2
1284343,4,2021,2021,2,5,11,485,27,154,769,0,1,9,-33.719593,150.96364,71,0,2,0,2,0,0,0,0,0,7,60,2,5929,5929,1,5,19,2,0,1,0,0
1284344,4,2022,2022,4,2,11,12,31,58,34609,0,1,1,-34.413472,150.891454,80,0,2,1,0,0,0,0,0,0,7,50,0,238,238,9,10,28,2,0,1,0,0
1284346,4,2022,2022,4,4,6,117,1,239,121,0,1,10,-34.042664,151.119478,68,0,2,1,1,0,0,0,2,2,9,60,1,14295,14295,3,10,12,4,0,1,0,0
1284351,4,2022,2022,4,2,2,265,17,74,193,0,1,9,-34.648846,148.00264,20,2,1,1,0,0,2,6,1,0,0,80,2,489,489,5,10,40,1,0,1,0,0
1284354,1,2022,2022,3,4,4,9,31,363,34609,0,1,10,-33.757394,150.704499,55,0,2,1,3,0,0,0,2,0,15,50,0,14295,14295,3,0,36,3,0,0,0,1
1284355,2,2022,2022,7,4,8,168,10,100,260,0,1,2,-33.952028,151.16086,4,0,2,1,3,0,3,4,2,0,7,60,2,1391,1391,1,9,0,2,0,0,1,0
1284356,2,2021,2021,3,6,6,500,27,41,799,0,1,9,-33.90524,151.128073,15,0,2,1,3,0,0,6,2,0,7,60,2,5929,5929,1,0,5,2,0,0,1,1
1284362,2,2022,2022,4,1,7,98,27,45,34609,0,1,1,-33.3474,151.499701,16,2,2,1,1,0,0,0,2,0,7,50,0,9859,9859,1,5,5,3,0,0,1,0
1284363,4,2022,2022,4,6,7,14,27,6,34609,0,1,1,-33.989452,150.605435,79,2,2,0,0,0,3,4,2,0,7,80,0,4552,5151,8,10,40,1,0,1,0,0
1284365,1,2022,2022,3,6,8,13,27,173,12,0,1,1,-33.727715,151.114691,36,0,2,1,3,0,0,0,3,0,7,50,1,1391,1391,1,5,0,2,0,0,0,2
1284366,2,2022,2022,3,5,8,14,27,6,34609,0,1,1,-30.730388,152.849494,47,2,1,0,3,0,3,4,2,0,7,80,0,782,957,5,10,40,1,0,0,1,0
1284371,4,2022,2022,3,2,9,500,27,646,799,0,1,9,-33.935037,151.024598,15,0,2,1,3,0,3,4,3,2,7,60,2,2852,2852,4,5,5,2,0,1,0,0
1284372,1,2022,2022,3,4,7,103,27,149,167,0,1,10,-33.986697,151.135408,4,0,2,1,3,0,0,0,2,0,7,60,2,5929,5929,1,5,5,2,0,0,0,1
1284377,2,2022,2022,4,6,10,361,23,176,34609,1,0,1,-33.960219,151.133698,25,0,2,1,2,0,0,0,0,0,7,50,0,9859,9859,1,0,0,2,0,0,1,0
1284378,2,2021,2021,2,6,7,100,27,140,100,0,1,2,-33.79071,150.854622,7,0,2,0,1,0,0,0,2,0,7,70,2,14295,14295,3,5,25,2,0,0,2,1
1284381,1,2022,2022,3,6,5,225,17,76,180,0,1,1,-34.553356,150.36475,78,2,1,1,3,0,0,0,2,0,7,50,2,1981,1981,4,5,0,2,0,0,0,1
1284382,2,2022,2022,3,5,3,163,27,63,165,0,1,10,-33.737127,150.797753,7,0,2,0,3,0,0,0,2,0,0,60,1,5929,5929,1,0,5,2,0,0,1,0
1284389,2,2022,2022,3,1,11,2209,17,11,21,0,1,1,-34.16258,150.969908,80,0,2,1,3,0,3,4,0,0,7,100,1,9859,9859,8,5,40,1,0,0,1,0
1284400,2,2022,2022,3,0,9,110,27,41,173,0,1,9,-34.395728,150.866527,80,0,2,1,3,0,0,0,0,0,7,80,2,14295,14295,3,5,0,3,0,0,1,0
1284404,2,2022,2022,3,4,11,37,1,96,212,0,1,10,-35.356989,149.22297,58,2,1,1,2,0,3,4,0,2,7,60,2,5929,5929,1,5,5,2,0,0,3,1
1284408,2,2022,2022,4,1,6,7,31,82,34609,0,1,1,-33.826825,151.201912,49,0,2,1,1,0,0,0,2,0,7,50,0,14295,14295,3,5,0,2,0,0,1,0
1284409,4,2022,2022,3,0,3,14,31,48,34609,0,1,1,-28.24142,153.566579,72,2,1,1,2,0,3,4,2,0,7,50,0,9859,9859,1,5,5,2,0,1,0,0
1284410,4,2022,2022,3,6,7,153,27,197,147,0,1,9,-33.957874,151.070908,25,0,2,1,1,0,0,0,2,0,7,60,2,3775,3775,0,21,0,2,0,1,1,0
1284412,2,2022,2022,3,0,2,1,27,37,34609,0,1,1,-30.965496,151.574484,51,1,0,0,0,0,3,3,0,0,7,100,0,4552,5151,8,0,40,1,0,0,1,0
1284413,2,2021,2021,2,0,9,61,27,19,70,0,1,9,-33.67593,150.965301,71,0,2,1,0,0,0,0,2,0,7,70,1,323,323,1,16,36,2,0,0,1,0
1284415,2,2022,2022,3,2,8,82,31,370,49,0,1,1,-34.068567,150.821234,13,0,2,1,1,0,3,4,2,0,7,60,1,3775,3775,0,34,0,2,0,0,1,0
1284416,1,2022,2022,3,1,8,3371,17,104,3342,0,1,9,-32.827967,151.684351,48,0,2,1,1,0,0,0,2,2,7,80,2,14295,14295,3,30,5,2,0,0,0,1
1284419,4,2022,2022,3,0,7,113,27,10,34609,0,1,1,-32.928967,148.295972,53,2,1,1,0,2,0,0,2,0,7,80,0,4026,4026,8,0,40,1,0,1,0,0
1284421,1,2022,2022,4,0,7,171,23,55,34609,0,1,10,-33.889759,151.281176,76,0,2,1,0,0,0,0,2,0,7,50,0,5929,5929,1,5,18,2,0,0,0,1
1284422,1,2022,2022,3,6,8,22,31,59,47,0,1,9,-32.891229,151.724851,48,0,2,1,1,0,0,3,2,0,0,60,2,14295,14295,3,0,5,2,0,0,0,1
1284428,2,2022,2022,3,0,8,28,31,532,34609,0,1,9,-33.870769,151.208225,69,0,2,1,2,0,3,4,3,2,7,40,0,1391,1391,1,0,40,2,0,0,1,0
1284429,2,2022,2022,3,5,6,63,27,20,34609,0,1,9,-32.957032,151.55992,37,0,2,0,1,0,0,0,2,0,15,80,0,2852,2852,4,10,5,2,0,0,1,0
1284433,2,2022,2022,3,0,6,2126,17,136,2149,0,1,9,-33.857786,151.067918,67,0,2,1,1,0,0,3,2,0,7,60,2,5929,5929,1,5,0,3,0,0,1,0
1284434,4,2022,2022,3,0,8,2209,17,40,2205,0,1,2,-35.061551,150.574171,63,1,0,1,0,0,3,4,2,0,7,100,2,1109,787,1,0,0,2,0,1,0,0
1284436,1,2021,2021,1,5,5,330,23,293,112,0,1,10,-33.950786,151.241229,59,0,2,1,0,0,3,0,2,0,0,60,2,6545,6545,4,0,0,2,0,0,0,1
1284437,4,2022,2022,3,4,4,178,27,189,101,0,1,1,-33.945558,151.053362,15,0,2,1,1,0,0,0,2,0,7,50,1,591,591,1,22,5,2,0,1,0,0
1284440,2,2022,2022,3,4,8,3,27,155,34609,0,1,1,-33.125136,148.318026,53,1,0,0,0,2,0,0,2,0,7,100,0,1957,4009,8,10,40,1,0,0,2,0
1284441,2,2021,2021,2,6,9,72,31,176,62,0,1,1,-33.958273,151.146417,4,0,2,1,1,0,3,3,2,0,7,60,1,9859,9859,1,22,5,2,0,0,1,0
1284443,1,2022,2022,3,2,8,251,27,17,212,0,1,2,-33.772333,151.204449,50,0,2,0,3,0,0,0,3,0,7,80,2,1391,1391,1,5,0,2,0,0,0,1
1284445,2,2022,2022,3,4,9,283,27,88,702,0,1,10,-33.987915,151.111622,25,0,2,1,3,0,3,4,2,0,7,70,2,5929,5929,1,5,5,2,0,0,1,0
1284449,4,2021,2021,2,2,9,73,31,123,34609,0,1,10,-33.818029,151.059997,54,0,2,1,0,0,0,0,3,0,7,50,0,4552,985,8,10,40,1,0,1,0,0
1284450,1,2022,2022,3,4,9,4,27,87,34609,0,1,1,-28.804465,153.290796,39,2,1,0,0,0,3,4,3,0,7,50,0,186,186,1,5,36,2,0,0,0,1
1284452,1,2022,2022,3,4,5,113,27,78,111,0,1,1,-33.851729,150.787041,55,0,2,1,0,0,0,0,2,0,7,80,2,1109,787,1,0,0,2,0,0,0,2
1284454,2,2022,2022,7,5,7,1052,14,54,928,0,1,3,-33.453092,151.209113,16,1,2,0,3,0,3,4,2,0,7,110,2,1957,4009,8,5,40,1,0,0,1,0
1284458,2,2022,2022,3,1,3,916,17,104,917,0,1,2,-32.821528,151.682283,48,0,2,0,3,0,0,0,2,0,7,80,2,14295,14295,3,8,0,3,0,0,2,0
1284459,2,2022,2022,3,4,7,8,27,15,34609,0,1,1,-33.999591,151.024049,68,0,2,1,3,0,3,0,2,0,7,60,0,14295,14295,3,33,5,2,0,0,1,0
1284460,1,2022,2022,3,2,7,37,23,443,78,0,1,9,-33.908826,151.070588,67,0,2,1,3,0,0,0,2,0,7,60,2,5929,5929,1,5,5,2,0,0,0,1
1284464,1,2022,2022,3,4,2,30,27,39,93,1,0,2,-33.758007,150.9417,7,0,2,1,3,0,0,0,1,0,9,60,1,14295,14295,3,5,5,2,0,0,0,1
1284466,1,2022,2022,3,0,8,512,31,31,34609,0,1,7,-33.893619,151.094345,9,0,2,1,3,0,0,0,2,0,0,50,0,14295,14295,3,10,36,2,0,0,0,1
1284470,4,2021,2021,9,4,8,1,34,1,34609,0,1,1,-34.877632,150.41077,63,2,1,0,0,2,3,4,3,0,7,30,0,3775,3775,0,16,0,2,0,1,0,0
1284476,2,2022,2022,3,2,10,10,27,438,34609,0,1,10,-33.859791,151.025955,21,0,2,1,0,0,3,4,0,0,15,50,0,6545,6545,4,5,5,3,0,0,2,0
1284478,1,2022,2022,3,1,3,90,31,169,165,0,1,2,-33.901277,151.215037,69,0,2,0,0,0,0,0,2,0,9,60,2,14295,14295,3,5,5,2,0,0,0,1
1284480,4,2022,2022,3,2,5,2261,17,109,2252,0,1,9,-33.956707,150.875784,41,0,2,1,1,0,0,0,2,2,7,70,2,5929,5929,1,30,0,2,0,2,0,0
1284481,2,2022,2022,3,4,4,21,27,26,11,0,1,9,-32.749099,151.387055,17,2,1,1,1,0,0,0,2,0,0,80,1,14295,14295,3,5,5,2,0,0,1,0
1284482,1,2022,2022,4,5,3,92,27,99,34609,0,1,1,-33.886692,151.272876,76,0,2,1,1,0,0,0,2,0,7,40,0,340,340,9,0,28,2,0,0,0,1
1284485,1,2022,2022,3,2,8,2126,17,445,2149,0,1,9,-33.853884,151.059598,21,0,2,1,1,0,3,4,3,0,7,60,2,14295,14295,3,5,5,2,0,0,0,1
1284486,4,2022,2022,3,6,4,97,27,271,799,0,1,2,-33.932902,151.002339,15,0,2,1,1,0,0,0,2,0,7,70,2,1981,1981,4,8,19,2,0,1,0,0
1284487,1,2022,2022,4,5,8,12,31,19,34609,0,1,10,-35.812674,145.576417,51,2,1,1,1,0,0,0,2,0,0,50,0,6545,6545,4,5,5,2,0,0,0,1
1284490,4,2022,2022,3,1,8,348,17,105,232,1,0,10,-32.598651,149.582191,44,2,1,1,1,0,0,0,2,0,0,50,2,6545,6545,4,5,0,2,0,1,0,0
1284491,2,2022,2022,4,6,9,3,31,106,34609,0,1,9,-33.926267,151.096042,15,0,2,1,1,0,0,0,2,0,7,50,0,1220,1220,9,10,28,2,0,0,1,0