Crash ID,Degree of crash - detailed,Reporting year,Year of crash,Month of crash,Day of week of crash,Two-hour intervals,Street of crash,Street type,Town,Route no.,School zone location,School zone active,Type of location,Latitude,Longitude,LGA,Urbanisation,Conurbation 1,Alignment,Street lighting,Road surface,Surface condition,Weather,Natural lighting,Signals operation,Other traffic control,Speed limit,Road classification,RUM - code,DCA - code,First impact type,Key TU type,Other TU type,No. of traffic units involved,No. killed,No. seriously injured,No. moderately injured,No. minor-other injured
1284492,2,2022,2022,3,2,0,42,27,69,34609,0,1,1,-33.35503,151.486412,16,2,2,0,0,0,0,3,0,0,7,50,0,4552,5151,1,5,5,2,0,0,1,0
1284494,4,2022,2022,4,5,8,16,10,67,22,0,1,1,-33.394031,151.344753,16,2,2,0,1,0,0,0,2,0,9,50,1,591,591,1,22,5,2,0,1,0,0
1284498,4,2022,2022,3,0,1,4,31,93,34609,0,1,1,-36.07211,146.94238,0,2,1,1,0,0,0,0,0,0,7,50,0,9859,9859,1,5,5,2,0,1,0,0
1284501,4,2021,2021,2,3,0,8,36,3,34609,0,1,1,-30.268128,152.855508,19,2,1,0,0,0,3,4,0,0,7,50,0,4552,5151,8,0,40,1,0,2,2,0
1284502,4,2021,2021,2,1,8,194,31,445,34609,0,1,9,-33.864364,151.04628,21,0,2,1,1,0,0,0,2,0,0,50,0,217,217,1,33,19,2,0,1,0,0
1284503,4,2021,2021,2,5,3,229,14,19,237,0,1,3,-33.764157,151.089462,31,0,2,1,2,0,0,0,2,0,7,100,2,1282,1282,1,9,10,2,0,1,0,0
1284505,1,2022,2022,4,0,8,8,7,36,22,0,1,9,-33.880445,151.179769,69,0,2,1,3,0,0,0,4,2,7,50,2,5929,5929,1,10,25,2,0,0,0,1
1284506,1,2022,2022,3,0,7,196,10,115,168,0,1,10,-33.961016,151.050565,25,0,2,1,3,0,3,3,2,2,7,60,2,5929,5929,1,5,5,2,0,0,0,1
1284508,2,2021,2021,2,1,6,98,27,609,136,0,1,2,-33.776561,150.919934,7,0,2,1,1,0,0,0,2,0,7,60,2,14295,14295,3,8,10,3,0,0,1,0
1284510,2,2022,2022,4,4,8,8,1,21,34609,0,1,1,-33.876924,151.237981,81,0,2,0,3,0,0,0,3,0,7,50,0,1957,4009,8,5,40,1,0,0,1,0
1284512,2,2021,2021,2,0,9,8,32,290,34609,0,1,10,-33.941857,151.127227,4,0,2,1,1,0,0,0,3,0,15,50,0,6545,6545,4,5,5,4,0,0,1,0
1284514,2,2022,2022,4,4,6,34,27,53,34609,0,1,10,-35.133351,147.361138,75,2,1,1,3,0,0,0,2,0,0,50,0,6545,6545,4,5,13,2,0,0,1,1
1284519,1,2022,2022,3,1,5,10,27,42,91,0,1,10,-35.341032,149.243923,58,2,1,1,0,0,0,0,2,0,0,60,2,5929,5929,1,9,5,2,0,0,0,1
1284520,1,2022,2022,3,6,3,38,27,337,35,0,1,9,-33.717265,150.974993,71,0,2,1,3,0,0,0,1,0,15,60,1,2852,2852,4,9,0,2,0,0,0,1
1284523,4,2022,2022,3,1,2,137,14,24,70,0,1,2,-32.88546,151.594071,37,0,2,1,3,0,3,3,1,0,7,110,2,4026,4026,8,5,40,1,0,1,0,0
1284530,1,2022,2022,3,5,6,1104,14,142,962,0,1,3,-33.827818,150.999631,54,0,2,0,3,0,3,4,2,0,7,90,2,14295,14295,3,10,25,4,0,0,0,1
1284531,2,2022,2022,3,0,2,330,27,294,34609,0,1,9,-33.943886,150.924286,41,0,2,1,3,0,3,4,0,2,7,60,0,5929,5929,1,5,13,2,0,0,1,0
1284534,1,2021,2021,2,2,8,2261,17,70,2252,0,1,2,-34.536167,150.281783,78,1,0,1,0,0,0,3,2,0,7,110,2,4026,4026,8,30,40,1,0,0,0,1
1284536,4,2022,2022,3,5,9,8,36,3,34609,0,1,1,-30.258455,152.877541,19,2,1,0,0,0,0,3,3,0,7,50,0,3775,3775,0,0,13,2,0,1,0,0
1284537,2,2022,2022,3,4,8,515,14,197,518,0,1,3,-33.941793,151.081296,15,0,2,1,3,0,3,3,2,0,7,80,2,14295,14295,3,0,5,3,0,0,1,3
1284544,2,2022,2022,3,3,6,2,27,9,34609,0,1,1,-30.279609,153.041717,19,2,1,0,0,0,3,4,2,0,7,80,0,3775,3775,0,0,36,2,0,0,1,0
1284547,4,2022,2022,4,3,7,1,27,1,34609,0,1,9,-32.182343,151.315618,64,2,1,0,0,0,0,0,2,0,7,40,0,775,775,4,10,19,2,0,1,0,0
1284548,1,2022,2022,4,3,4,829,27,13,770,0,1,10,-33.807235,151.070504,61,0,2,1,1,0,0,0,2,2,7,70,2,14295,14295,3,0,0,2,0,0,0,1
1284552,4,2022,2022,3,6,4,57,36,112,769,0,1,10,-33.611258,150.810962,29,2,2,1,1,0,0,0,2,0,0,60,2,2852,2852,4,0,19,2,0,1,0,0
1284553,4,2021,2021,9,2,7,103,36,2,34609,0,1,1,-31.948815,152.325044,43,1,0,1,0,0,3,4,2,0,7,100,0,9859,9859,8,16,40,1,0,1,0,0
1284554,2,2022,2022,3,5,7,6,27,193,34609,1,2,1,-33.791759,151.07702,61,0,2,1,1,0,0,0,2,0,7,40,0,9859,9859,1,5,0,2,0,0,1,0
1284557,2,2022,2022,3,5,9,1,25,562,34609,0,1,9,-32.233558,148.646878,22,2,1,0,0,0,3,0,3,0,7,50,0,2585,4009,8,16,40,1,0,0,1,0
1284559,1,2022,2022,3,2,6,191,27,193,208,0,1,1,-33.792325,151.089646,61,0,2,0,2,0,0,0,2,2,9,60,2,591,591,1,22,0,2,0,0,0,1
1284562,2,2022,2022,3,2,7,126,1,226,144,0,1,9,-33.766228,150.817094,7,0,2,1,3,0,3,4,2,2,7,60,2,14295,14295,3,5,5,2,0,0,1,0
1284563,1,2022,2022,3,6,5,111,27,80,233,0,1,9,-33.933075,151.230201,59,0,2,1,3,0,3,4,2,0,15,60,2,14295,14295,3,0,5,2,0,0,0,1
1284565,1,2022,2022,3,2,9,220,27,154,222,0,1,2,-33.704754,150.93053,71,0,2,1,3,0,3,3,3,0,7,80,2,14295,14295,3,5,5,2,0,0,0,1
1284567,2,2021,2021,2,4,1,3371,17,16,3342,0,1,2,-31.282578,152.814285,56,1,0,1,0,0,3,0,0,0,7,110,2,4026,4026,8,5,40,1,0,0,2,0
1284569,4,2022,2022,4,3,4,2126,17,77,2149,0,1,2,-33.8843,151.200255,69,0,2,1,0,0,0,0,2,0,7,50,2,1282,1282,1,19,21,2,0,1,0,0
1284572,1,2022,2022,3,5,6,234,27,112,217,0,1,9,-33.695998,151.028782,31,0,2,1,3,0,0,0,2,0,0,60,2,1669,1669,3,10,5,3,0,0,0,1
1284573,2,2022,2022,3,6,4,192,10,84,114,0,1,10,-33.468681,151.387466,16,2,2,1,3,0,3,3,2,0,0,60,2,14295,14295,3,5,0,3,0,0,2,0
1284575,2,2022,2022,3,3,3,3371,17,43,3342,0,1,2,-30.445181,153.008722,6,1,0,0,3,0,3,4,2,0,7,110,2,1259,5151,8,5,40,1,0,0,1,0
1284579,4,2022,2022,3,6,7,829,27,91,34609,0,1,1,-33.984967,150.894532,13,0,2,1,0,0,0,0,2,0,7,50,0,1391,1391,1,22,5,2,0,1,0,0
1284582,1,2022,2022,7,6,0,330,27,53,605,0,1,2,-33.725137,151.299028,50,0,2,1,2,0,3,0,0,0,7,60,2,4026,4026,8,5,40,2,0,0,0,1
1284583,4,2022,2022,4,0,7,80,27,316,50,1,0,10,-33.912782,151.239402,59,0,2,1,1,0,0,0,2,2,7,50,2,1220,1220,9,0,28,2,0,1,0,0
1284584,4,2022,2022,3,3,6,114,27,22,65,0,1,1,-33.396265,151.013746,16,2,2,0,0,0,3,4,2,0,7,80,1,1850,1463,5,16,40,1,0,1,0,0
1284585,2,2022,2022,3,6,4,74,27,609,163,0,1,9,-33.77879,150.919071,7,0,2,1,1,0,3,4,2,0,0,60,2,1282,1282,1,0,0,2,0,0,1,2
1284586,4,2022,2022,4,0,5,14,31,115,34609,0,1,1,-33.914239,151.171304,32,0,2,1,1,0,0,0,2,0,7,50,0,9859,9859,1,16,0,3,0,1,0,0
1284589,1,2022,2022,3,5,4,1104,14,609,962,0,1,3,-33.803464,150.901439,7,0,2,1,0,0,0,0,2,0,7,100,2,14295,14295,3,9,13,2,0,0,0,1
1284591,1,2022,2022,4,2,0,481,17,12,483,0,1,1,-34.202206,147.110119,51,1,0,1,0,0,0,0,0,0,7,110,2,9859,9859,8,10,40,1,0,0,0,1
1284594,4,2022,2022,3,0,7,2261,17,75,2252,0,1,1,-33.886464,151.110932,9,0,2,1,1,0,3,4,2,0,7,60,2,14295,14295,3,10,5,3,0,1,0,0
1284595,2,2022,2022,3,0,4,47,26,201,160,0,1,10,-34.006765,150.876634,13,0,2,1,1,0,0,3,2,2,9,60,2,1220,1220,9,5,28,2,0,0,1,0
1284598,4,2022,2022,4,6,8,475,10,523,34609,0,1,1,-33.920196,150.924163,41,0,2,1,1,0,3,4,2,2,9,30,0,1220,1220,9,5,28,2,0,1,0,0
1284599,2,2021,2021,2,4,8,49,31,39,34609,0,1,1,-33.844588,151.210868,49,0,2,1,2,0,3,4,2,0,7,50,0,1109,397,1,9,27,2,0,0,1,0
1284602,4,2022,2022,3,0,6,2126,17,17,2149,0,1,2,-33.71024,150.587135,8,2,2,0,0,0,3,4,2,0,7,80,2,2585,4009,8,5,40,2,0,1,0,0
1284604,2,2021,2021,10,1,5,22,27,173,207,0,1,0,-33.876312,151.227541,69,0,2,1,1,0,0,0,2,0,7,60,2,1383,1383,1,0,12,2,0,0,1,0
1284606,2,2021,2021,9,1,5,1052,14,118,928,0,1,3,-33.419628,151.292867,16,1,2,0,1,0,3,4,2,0,7,110,2,4552,5151,8,10,40,1,0,0,1,0
1284608,1,2022,2022,3,5,8,330,27,18,26,0,1,1,-33.661884,151.301569,50,0,2,0,2,0,3,4,3,0,7,50,1,3775,3775,0,0,33,2,0,0,0,1
1284609,2,2022,2022,3,3,11,31,31,73,19,0,1,10,-33.87256,151.217838,69,0,2,1,2,0,0,0,0,2,9,50,2,591,591,1,22,5,2,0,0,1,0
1284610,2,2022,2022,3,4,8,512,17,562,441,0,1,1,-32.232965,148.576226,22,1,0,1,0,0,0,0,2,0,7,90,2,1981,1981,4,10,0,2,0,0,1,0
1284627,2,2022,2022,3,2,3,2,18,9,34609,0,1,1,-32.548752,149.612469,44,1,0,1,0,0,0,0,2,0,7,100,0,14295,14295,3,22,27,2,0,0,1,0
1284649,4,2021,2021,10,4,7,2261,17,32,2252,0,1,3,-34.237314,150.662247,79,1,2,1,0,0,3,4,2,0,7,110,2,204,204,1,8,5,3,0,1,2,0
1284652,4,2022,2022,4,1,2,3,27,10,34609,0,1,1,-31.90944,149.227212,51,1,0,1,0,2,0,0,0,0,7,100,0,9859,9859,8,10,40,1,0,1,1,0
1284653,4,2021,2021,2,0,6,3371,17,14,3342,0,1,9,-33.05697,151.653698,37,0,2,1,2,0,0,0,2,2,9,60,2,1220,1220,9,5,28,2,0,1,0,0
1284668,1,2022,2022,3,4,9,829,31,314,240,0,1,10,-33.850716,150.935501,24,0,2,1,0,0,0,0,2,0,15,60,2,6545,6545,4,30,5,3,0,0,0,1
1284669,4,2022,2022,4,5,6,34,27,73,799,1,0,1,-33.896785,151.163919,32,0,2,1,0,0,0,3,2,0,7,60,2,1109,787,1,5,10,2,0,1,0,0
1284671,2,2021,2021,2,1,9,1,34,2,34609,0,1,1,-29.955483,153.239677,19,2,1,0,0,2,3,4,2,0,7,60,0,418,714,5,10,40,1,0,0,2,0
1284674,1,2022,2022,3,2,3,4,27,3,34609,0,1,1,-30.84432,152.655664,34,2,1,0,0,2,0,0,2,0,7,80,0,3775,3775,0,10,36,2,0,0,0,1
1284676,4,2022,2022,3,4,6,220,14,40,220,0,1,3,-34.416049,150.879714,80,0,2,1,1,0,0,0,2,0,7,90,2,14295,14295,3,10,5,2,0,2,1,0
1284677,4,2022,2022,4,0,0,14,27,609,34609,0,1,1,-33.783092,150.893817,7,0,2,1,2,0,0,0,0,0,7,50,0,4026,4026,1,10,25,2,0,1,0,0
1284678,2,2022,2022,4,0,3,37,31,337,217,0,1,10,-33.732833,151.00689,71,0,2,1,1,0,0,6,2,2,7,60,2,5929,5929,1,19,0,2,0,0,2,0
1284680,4,2022,2022,3,3,9,10,10,18,34609,0,1,1,-32.700707,151.523125,42,2,1,0,0,0,0,0,2,0,7,50,0,1109,787,1,0,19,2,0,1,0,0
1284682,4,2022,2022,3,5,10,2209,17,59,2205,1,0,9,-34.327942,150.913443,80,0,2,1,2,0,0,0,0,2,7,60,2,9859,9859,8,16,40,1,0,1,0,0
1284683,2,2022,2022,4,5,8,2,27,4,34609,0,1,1,-31.493835,152.439709,56,2,1,1,0,2,3,3,2,0,7,80,0,9859,9859,8,34,40,1,0,0,1,0
1284687,4,2022,2022,3,4,7,97,27,166,799,0,1,10,-33.929521,150.980326,15,0,2,1,3,0,0,0,2,1,7,70,2,5929,5929,1,5,36,2,0,1,0,0
1284690,1,2022,2022,4,4,7,2126,17,363,2149,0,1,10,-33.756855,150.712051,55,0,2,1,1,0,0,0,2,2,7,60,2,1383,1383,1,10,0,2,0,0,0,1
1284691,2,2021,2021,9,4,5,1052,14,46,928,0,1,3,-33.296905,151.404748,16,1,2,1,3,0,0,0,2,0,7,110,2,9859,9859,8,5,40,1,0,0,1,0
1284692,2,2021,2021,2,1,7,137,31,65,34609,0,1,10,-32.926762,151.780007,48,0,2,1,1,0,0,0,2,0,15,10,0,387,387,1,22,36,2,0,0,1,0
1284693,4,2021,2021,2,2,8,478,17,20,480,0,1,9,-33.291924,151.548246,16,2,2,1,0,0,0,0,2,0,7,80,2,14295,14295,3,10,0,2,0,1,0,0
1284696,2,2022,2022,4,3,6,175,27,24,220,0,1,2,-33.730927,150.921502,7,0,2,1,1,0,0,0,2,0,7,70,2,1383,1383,1,0,19,2,0,0,1,0
1284697,2,2022,2022,4,6,7,13,27,43,42,0,1,1,-33.585674,150.825971,29,2,2,1,0,0,0,0,2,0,7,80,1,9859,9859,8,5,40,1,0,0,1,0
1284699,4,2022,2022,4,2,11,42,31,12,118,0,1,1,-31.070393,150.909553,70,2,1,1,2,0,0,0,0,0,7,60,2,121,121,9,5,28,3,0,2,1,0
1284701,4,2022,2022,3,4,8,2261,17,35,2252,0,1,3,-34.192195,150.711958,79,1,2,1,1,0,0,0,2,0,7,110,2,1945,1945,5,16,40,1,0,1,0,0
1284703,4,2022,2022,3,6,4,57,27,67,34609,0,1,1,-33.402882,151.344903,16,2,2,1,1,0,3,0,2,0,7,60,0,9859,9859,8,0,40,1,0,1,0,0
1284705,4,2021,2021,2,1,9,81,27,609,115,1,0,1,-33.789484,150.898642,7,0,2,1,2,0,0,0,2,0,7,60,2,14295,14295,3,5,5,4,0,1,0,0
1284706,2,2021,2021,2,4,10,1104,14,104,962,0,1,6,-33.833237,151.023828,54,0,2,1,1,0,3,4,0,0,7,90,2,14295,14295,3,5,5,2,0,0,1,0
1284707,2,2022,2022,3,1,7,36,27,14,36,0,1,9,-34.007749,150.794389,13,0,2,0,0,0,0,0,2,0,0,80,1,926,926,4,5,13,2,0,0,1,0
1284709,4,2021,2021,2,6,9,330,27,53,605,0,1,2,-33.744975,151.295265,50,0,2,1,0,0,0,0,2,0,7,60,2,190,190,1,22,5,2,0,1,0,0
1284710,2,2021,2021,2,5,6,192,10,84,114,0,1,9,-33.465078,151.399643,16,2,2,1,1,0,0,0,2,0,7,60,2,1669,1669,3,16,13,2,0,0,1,1
1284713,1,2022,2022,3,5,3,119,31,145,140,0,1,1,-33.927254,151.123281,15,0,2,1,1,0,3,4,2,0,7,50,1,2040,2040,9,5,28,2,0,0,0,1
1284717,4,2021,2021,2,6,7,193,1,143,34609,0,1,9,-33.874265,151.104201,9,0,2,1,1,0,0,0,2,2,7,40,0,1220,1220,9,0,28,2,0,1,0,0
1284720,4,2022,2022,4,1,2,6,27,6,34609,0,1,1,-34.872439,150.630194,63,2,1,0,2,0,3,4,0,0,7,80,0,4552,5151,8,5,40,1,0,1,0,0
1284721,2,2021,2021,2,4,7,8,10,112,114,0,1,7,-33.448635,151.430145,16,2,2,1,1,0,0,0,2,0,7,60,2,6545,6545,4,5,13,2,0,0,1,0
1284724,1,2022,2022,3,5,3,1052,14,149,928,0,1,3,-33.352547,151.357196,16,1,2,1,0,0,3,4,2,0,7,110,2,14295,14295,3,5,5,2,0,0,0,1
1284727,2,2022,2022,3,1,3,194,31,309,702,0,1,2,-33.821694,151.097402,61,0,2,1,2,0,0,0,2,2,9,70,2,1220,1220,9,16,28,2,0,0,1,1
1284730,2,2022,2022,3,3,8,98,31,224,34609,0,1,2,-33.812607,151.23791,45,0,2,0,3,0,0,3,3,0,7,50,0,2585,4009,8,5,40,1,0,0,1,0
1284732,4,2021,2021,2,3,4,1104,14,223,962,0,1,3,-33.802821,150.893778,7,0,2,1,1,0,0,0,2,0,7,100,2,9859,9859,8,5,40,1,0,1,0,0
1284733,4,2021,2021,2,6,3,4,7,174,34609,0,1,9,-33.872334,150.923203,24,0,2,1,1,0,0,0,2,0,7,50,0,2040,2040,9,5,28,2,0,1,0,0
1284734,4,2022,2022,3,4,3,829,27,81,34609,0,1,1,-33.882035,151.258023,81,0,2,1,1,0,0,0,2,0,7,50,0,1109,787,1,5,18,2,0,1,0,0
1284735,2,2022,2022,4,3,11,1,27,56,34609,0,1,9,-32.73009,151.317741,17,2,1,1,0,0,0,0,0,0,15,80,0,1850,985,5,16,40,1,0,0,1,0
1284736,1,2022,2022,3,2,11,147,27,224,21,1,0,9,-33.830073,151.2442,45,0,2,1,3,0,3,3,0,0,7,50,1,775,775,4,30,5,2,0,0,0,1
1284738,1,2022,2022,3,5,9,107,22,346,144,1,0,9,-33.881376,151.09255,67,0,2,1,3,0,0,0,2,0,7,60,2,14295,14295,3,9,5,3,0,0,0,1
1284739,1,2022,2022,7,4,8,7,31,57,52,0,1,10,-33.898254,151.169856,32,0,2,1,3,0,3,0,2,0,0,60,1,5929,5929,1,5,19,2,0,0,0,1
1284744,2,2022,2022,3,2,7,39,36,18,79,0,1,1,-33.789557,151.207171,77,0,2,0,3,0,3,4,2,0,7,60,2,3775,3775,0,5,5,3,0,0,1,1
1284745,2,2022,2022,7,2,10,108,27,438,34609,0,1,9,-33.850216,151.034424,21,0,2,1,3,0,0,0,0,0,15,40,0,6545,6545,4,5,5,3,0,0,1,0
1284753,4,2022,2022,3,2,7,485,27,40,769,0,1,9,-33.726102,150.973044,71,0,2,0,3,0,3,4,2,2,9,60,2,1669,1669,3,5,5,2,0,1,0,0
1284755,1,2022,2022,3,2,10,20,31,107,34609,1,0,9,-33.877137,151.195934,69,0,2,1,3,0,0,0,4,0,9,40,0,14295,14295,3,5,0,2,0,0,0,2
1284756,1,2022,2022,3,2,0,29,27,85,30,0,1,9,-33.898094,150.873184,24,0,2,1,3,0,3,4,0,2,7,60,1,1669,1669,3,10,5,2,0,0,0,2
1284757,2,2022,2022,7,0,9,123,36,14,49,0,1,1,-30.509955,151.384841,51,1,0,1,3,0,0,0,2,0,7,100,1,323,323,1,5,5,2,0,0,1,0
1284763,4,2022,2022,7,6,8,9,10,30,26,0,1,2,-34.034902,150.809239,13,0,2,1,3,0,0,0,2,0,7,60,1,1945,1945,5,16,40,1,0,1,0,0
1284764,2,2022,2022,7,5,8,33,10,7,34609,0,1,1,-28.59193,153.465536,10,2,1,0,3,0,3,0,2,0,7,80,0,3775,3775,0,0,0,2,0,0,1,0
1284768,2,2022,2022,7,6,4,1,27,13,34609,0,1,1,-35.623126,144.134413,51,2,1,1,3,0,0,0,2,0,7,50,0,9859,9859,1,5,5,3,0,0,1,0
1284769,4,2022,2022,3,0,5,117,1,210,121,0,1,1,-34.040543,151.10404,68,0,2,1,3,0,0,0,2,0,7,60,1,1383,1383,1,5,0,2,0,1,0,0
1284772,2,2022,2022,7,6,6,10,31,188,17,0,1,1,-33.941978,151.096523,25,0,2,1,3,0,0,0,2,0,7,50,1,9859,9859,1,5,5,3,0,0,2,0
1284773,2,2022,2022,7,4,11,71,27,69,122,0,1,9,-34.552462,150.859877,62,0,2,0,3,0,3,4,0,2,7,70,2,1850,985,5,16,40,1,0,0,1,0
1284775,2,2022,2022,7,1,3,92,31,28,34609,0,1,9,-33.797996,151.201487,77,0,2,1,3,0,3,4,2,0,0,50,0,775,775,4,30,5,2,0,0,1,0
1284776,2,2022,2022,3,2,11,2,2,151,34609,0,1,7,-34.030554,150.85786,13,0,2,1,3,0,3,4,0,0,0,50,0,5929,5929,1,5,5,2,0,0,1,1
1284778,4,2022,2022,7,2,2,23,36,6,62,0,1,1,-29.802079,152.958835,18,1,0,1,3,0,3,4,1,0,7,100,1,404,404,8,10,40,1,0,1,0,0
1284780,2,2022,2022,4,0,10,3,7,41,34609,0,1,1,-33.726603,150.823553,7,0,2,1,3,0,0,0,0,0,7,50,0,9859,9859,8,0,40,1,0,0,1,0
1284782,1,2022,2022,7,6,7,55,27,151,160,0,1,2,-34.034904,150.845631,13,0,2,1,3,0,3,4,2,0,7,60,2,1282,1282,1,5,25,2,0,0,0,1
1284785,1,2022,2022,7,6,10,348,31,523,34609,0,1,1,-33.91918,150.920671,41,0,2,1,3,0,3,4,0,0,7,50,0,9859,9859,1,5,0,2,0,0,0,1
1284788,2,2022,2022,3,2,4,2209,17,25,2205,0,1,2,-34.133474,150.993817,68,0,2,1,3,0,0,3,2,0,7,80,2,248,248,1,5,12,2,0,0,1,0
1284791,1,2022,2022,7,0,7,74,27,36,260,0,1,2,-32.959198,151.614615,37,0,2,1,3,0,3,4,2,0,7,80,2,14295,14295,3,21,5,3,0,0,0,1
1284792,1,2022,2022,4,1,3,4,1,294,34609,0,1,1,-33.936714,150.950347,41,0,2,1,3,0,0,0,2,0,7,50,0,238,238,9,5,28,2,0,0,0,1
1284793,2,2022,2022,4,1,7,916,17,12,917,0,1,1,-31.122593,150.973019,70,2,1,0,0,0,0,0,2,0,7,80,2,1957,4009,8,5,40,1,0,0,2,0
1284798,2,2022,2022,7,3,9,1,6,39,34609,0,1,1,-32.914976,151.588182,37,0,2,1,3,0,0,0,3,0,7,50,0,220,220,8,0,40,1,0,0,1,0
1284799,4,2022,2022,3,4,7,72,27,21,34609,0,1,1,-33.674779,151.090693,31,0,2,1,3,0,0,0,2,0,7,50,0,1945,1945,5,16,40,1,0,1,0,0
1284803,1,2022,2022,7,6,8,12,27,41,24,0,1,7,-32.822005,151.700405,57,2,1,0,3,0,0,3,2,0,0,60,2,5929,5929,1,0,5,2,0,0,0,1
1284804,4,2022,2022,3,4,8,109,27,18,174,0,1,9,-32.989702,151.521852,37,0,2,0,1,0,3,4,2,0,15,80,2,2852,2852,4,5,13,2,0,1,1,0
1284805,2,2022,2022,3,2,4,34,1,51,34609,0,1,1,-33.263661,151.487049,16,2,2,1,1,0,0,0,2,0,7,50,0,1282,1282,1,30,40,1,0,0,1,0
1284812,2,2022,2022,3,4,7,177,22,239,176,0,1,9,-34.036823,151.117091,68,0,2,1,1,0,0,0,2,0,0,60,2,5929,5929,1,5,36,2,0,0,1,1
1284813,2,2022,2022,7,2,4,10,31,166,34609,0,1,1,-33.421407,149.566222,3,2,1,1,1,0,0,0,2,0,7,50,0,9859,9859,1,5,5,2,0,0,1,0
1284814,2,2021,2021,2,4,9,5,27,3,34609,0,1,1,-32.906484,148.083919,53,1,0,0,0,0,0,0,2,0,7,100,0,1259,5151,8,0,40,1,0,0,1,0
1284815,2,2022,2022,3,0,3,916,17,16,917,0,1,1,-31.572384,150.821011,51,1,0,0,0,0,0,0,1,0,7,100,2,418,714,5,29,40,1,0,0,1,0
1284817,1,2022,2022,3,4,9,80,27,316,50,0,1,9,-33.907209,151.23279,59,0,2,1,1,0,0,0,3,2,7,60,2,2852,2852,4,0,12,2,0,0,0,1
1284820,2,2022,2022,3,5,3,5,27,123,34609,0,1,7,-33.886141,151.225898,69,0,2,1,1,0,3,0,2,0,0,40,0,1945,1945,5,16,40,1,0,0,1,0
1284822,4,2022,2022,3,6,8,95,31,204,34609,0,1,1,-33.893747,151.127742,32,0,2,1,1,0,3,4,2,0,7,50,0,9859,9859,1,16,5,2,0,1,0,0
1284823,4,2021,2021,2,5,6,21,27,24,34609,0,1,9,-33.420845,151.395416,16,2,2,0,0,0,0,0,2,0,7,60,0,2852,2852,4,5,19,2,0,1,0,0
1284827,4,2022,2022,3,6,3,77,10,43,331,0,1,1,-34.149576,150.677215,79,2,2,0,1,0,3,4,1,0,7,80,1,3775,3775,0,10,0,2,0,1,1,0
1284830,2,2022,2022,3,5,8,230,27,84,284,0,1,6,-33.777932,151.108084,61,0,2,0,1,0,3,4,2,0,7,70,2,14295,14295,3,5,5,2,0,0,1,0
1284832,1,2022,2022,7,2,9,24,27,26,52,0,1,9,-33.914924,151.168669,32,0,2,1,2,0,0,0,0,0,6,50,1,5929,5929,1,5,5,2,0,0,0,1
1284834,1,2022,2022,3,4,10,103,27,438,563,0,1,9,-33.842388,151.044362,54,0,2,1,2,0,3,4,0,2,7,70,2,14295,14295,3,5,5,3,0,0,0,1
1284836,2,2022,2022,7,4,6,137,31,532,34609,0,1,1,-33.865975,151.209371,69,0,2,1,0,0,0,0,2,0,7,40,0,340,340,9,33,28,2,0,0,1,0
1284837,2,2022,2022,4,2,11,4,27,37,34609,0,1,1,-31.231313,151.427573,51,1,0,1,0,0,0,0,0,0,7,100,0,9859,9859,8,10,40,1,0,0,1,0
1284838,1,2022,2022,7,6,4,154,27,55,244,0,1,9,-33.903121,151.082254,15,0,2,1,0,0,3,4,2,0,2,60,2,775,775,4,5,5,2,0,0,0,1
1284840,4,2022,2022,3,1,7,39,31,271,21,0,1,1,-33.942767,151.001962,15,0,2,1,0,0,0,0,2,0,9,50,1,2040,2040,9,9,28,2,0,1,0,0
1284842,2,2022,2022,3,1,4,15,27,151,160,0,1,9,-34.018213,150.855638,13,0,2,1,0,0,0,0,2,0,15,60,2,926,926,4,21,0,2,0,0,1,0
1284845,2,2022,2022,7,2,8,1,10,30,34609,0,1,10,-32.756039,151.62938,42,2,1,1,1,0,0,3,2,0,0,50,0,6545,6545,4,22,5,2,0,0,1,0
1284847,2,2022,2022,3,3,8,224,27,169,321,0,1,1,-33.897393,151.19952,69,0,2,1,0,0,0,0,2,0,7,50,2,1945,1945,5,16,40,1,0,0,1,0
1284850,2,2022,2022,3,6,1,8,27,64,34609,0,1,9,-33.950046,150.996551,15,0,2,1,0,0,3,4,0,0,7,50,0,9859,9859,1,5,0,3,0,0,1,0
1284852,2,2022,2022,7,5,11,478,17,89,480,0,1,9,-33.389353,151.473209,16,2,2,1,2,0,3,4,0,2,7,60,2,5929,5929,1,5,36,2,0,0,1,0
1284854,1,2022,2022,3,1,8,500,27,106,799,0,1,9,-33.92316,151.092928,15,0,2,1,0,0,0,0,2,0,7,60,2,591,591,1,22,5,2,0,0,0,1
1284858,4,2021,2021,2,3,9,145,31,532,34609,0,1,10,-33.863433,151.211052,69,0,2,1,2,0,2,2,3,2,9,40,0,1220,1220,9,5,28,2,0,1,0,0
1284862,2,2022,2022,4,0,11,101,10,42,33,0,1,1,-34.009851,151.214705,68,0,2,1,2,0,0,0,0,0,7,50,1,9859,9859,1,0,12,2,0,0,1,0
1284865,4,2022,2022,3,2,9,1,31,251,34609,0,1,9,-33.76122,150.948658,7,0,2,1,1,0,0,0,2,0,7,50,0,3775,3775,0,16,5,2,0,1,0,0
1284867,1,2022,2022,4,5,11,149,10,346,702,0,1,10,-33.86791,151.064212,67,0,2,1,2,0,0,0,0,2,7,80,2,6545,6545,4,5,5,2,0,0,0,1
1284870,2,2021,2021,10,6,8,2126,17,445,2149,0,1,9,-33.848129,151.048172,21,0,2,1,2,0,3,0,2,2,7,60,2,5929,5929,1,5,19,2,0,0,1,0