Crash ID,Degree of crash - detailed,Reporting year,Year of crash,Month of crash,Day of week of crash,Two-hour intervals,Street of crash,Street type,Town,Route no.,School zone location,School zone active,Type of location,Latitude,Longitude,LGA,Urbanisation,Conurbation 1,Alignment,Street lighting,Road surface,Surface condition,Weather,Natural lighting,Signals operation,Other traffic control,Speed limit,Road classification,RUM - code,DCA - code,First impact type,Key TU type,Other TU type,No. of traffic units involved,No. killed,No. seriously injured,No. moderately injured,No. minor-other injured
1284871,2,2022,2022,3,4,10,55,27,151,160,1,0,10,-34.02943,150.848208,13,0,2,1,2,0,3,4,0,2,7,60,2,14295,14295,3,10,5,3,0,0,1,0
1284872,4,2022,2022,7,3,8,3,27,87,34609,0,1,9,-34.048035,151.150066,68,0,2,1,1,0,3,4,2,0,7,50,0,591,591,1,22,36,2,0,1,0,0
1284876,2,2022,2022,7,6,7,92,27,55,63,0,1,1,-33.902904,151.084037,15,0,2,1,0,0,0,0,2,0,9,50,1,2040,2040,9,0,28,2,0,0,1,0
1284877,4,2022,2022,3,4,7,54,27,646,30,0,1,10,-33.914742,151.03688,15,0,2,1,1,0,0,3,2,2,6,60,1,5929,5929,1,5,0,2,0,1,2,0
1284879,2,2022,2022,4,1,11,83,27,169,147,0,1,1,-28.6517,153.614947,10,2,1,1,2,0,0,0,0,0,7,50,1,9859,9859,8,22,40,1,0,0,1,0
1284881,1,2021,2021,9,1,5,71,17,43,71,0,1,1,-36.094148,144.753115,51,2,1,1,0,0,0,0,2,0,7,80,2,3775,3775,0,5,12,2,0,0,0,1
1284883,4,2022,2022,3,0,10,11,1,187,34609,0,1,6,-33.88177,150.977633,15,0,2,1,0,0,0,0,0,0,9,60,0,2040,2040,9,0,28,2,0,1,0,0
1284886,4,2022,2022,3,6,3,79,27,46,159,0,1,11,-33.938673,151.11423,4,0,2,1,1,0,0,0,1,0,0,60,2,14295,14295,3,10,0,2,0,1,0,0
1284890,4,2022,2022,3,1,7,86,27,4,42,0,1,1,-30.967106,152.66841,34,1,0,0,0,0,3,4,2,0,7,100,1,2585,4009,8,5,40,1,0,1,0,0
1284892,2,2022,2022,3,3,2,13,27,438,563,0,1,2,-33.848049,151.039795,21,0,2,1,2,0,3,4,0,0,7,70,2,9859,9859,8,0,40,1,0,0,1,0
1284895,2,2022,2022,4,5,0,103,27,29,256,1,0,1,-34.198364,150.788386,79,2,2,1,2,0,0,0,0,0,7,50,2,404,404,8,16,40,1,0,0,1,0
1284898,2,2022,2022,4,4,5,70,27,26,100,0,1,1,-33.672339,150.634018,8,2,2,0,0,0,3,4,2,0,7,80,2,1259,5151,8,5,40,1,0,0,1,0
1284904,2,2022,2022,3,1,5,145,31,532,34609,0,1,10,-33.863433,151.211052,69,0,2,1,0,0,0,0,2,2,7,40,0,2040,2040,9,5,28,2,0,0,1,0
1284906,4,2022,2022,7,5,3,330,27,294,34609,0,1,9,-33.944138,150.926117,41,0,2,1,2,0,3,4,2,0,0,60,0,2852,2852,4,5,19,2,0,1,0,0
1284907,4,2022,2022,3,4,8,829,27,124,770,1,0,2,-33.812961,151.046434,54,0,2,1,0,0,0,0,2,0,7,70,2,238,238,9,0,28,2,0,1,0,0
1284913,2,2022,2022,7,5,2,213,17,3,213,0,1,1,-29.535862,150.220856,51,1,0,0,0,0,0,0,1,0,7,100,2,1089,1089,7,5,40,1,0,0,2,0
1284915,4,2022,2022,7,4,10,1,31,112,34609,0,1,10,-36.055915,146.92854,0,2,1,1,2,0,0,0,0,0,0,60,0,6545,6545,4,5,36,2,0,1,0,0
1284916,4,2021,2021,9,4,8,157,17,8,158,0,1,9,-33.670098,149.050255,51,2,1,0,0,0,3,3,2,0,7,80,2,782,957,5,5,40,1,0,1,0,0
1284918,2,2022,2022,4,4,10,51,31,107,34609,0,1,2,-29.691013,152.932986,18,2,1,1,2,0,0,0,0,0,9,40,0,591,591,1,22,5,2,0,0,1,0
1284926,4,2021,2021,2,6,4,8,27,3,34609,0,1,1,-34.54851,150.506301,78,2,1,0,0,0,3,1,2,0,7,60,0,4552,5151,8,0,40,1,0,1,0,0
1284927,2,2022,2022,4,6,9,2,27,433,34609,0,1,1,-33.267513,149.148398,52,2,1,0,0,0,0,0,3,0,7,60,0,1850,1463,5,10,40,1,0,0,1,0
1284930,2,2021,2021,2,5,8,23,27,104,144,0,1,9,-33.800078,150.80065,55,0,2,1,1,0,0,0,2,0,0,70,2,2852,2852,4,0,5,2,0,0,1,0
1284932,2,2022,2022,3,0,10,112,27,370,256,1,0,2,-34.061298,150.825243,13,0,2,0,2,0,3,0,0,0,7,60,2,368,368,9,33,28,2,0,0,1,0
1284935,2,2022,2022,4,2,10,12,27,11,12,0,1,9,-34.438682,150.866816,80,0,2,1,2,0,0,0,3,0,0,50,2,5929,5929,1,5,5,2,0,0,1,0
1284938,2,2022,2022,4,1,3,3371,17,20,3342,0,1,2,-29.568822,153.147607,18,1,0,1,1,0,0,0,2,0,7,110,2,4026,4026,8,5,40,1,0,0,1,0
1284940,2,2022,2022,3,0,5,2209,17,40,2205,0,1,9,-35.784268,150.141914,23,2,1,0,0,0,3,4,2,0,0,50,2,1850,1463,5,16,40,1,0,0,1,0
1284945,2,2022,2022,3,4,10,24,31,290,28,0,1,7,-33.845196,150.976868,21,0,2,1,2,0,3,4,0,0,0,50,1,6545,6545,4,0,13,2,0,0,1,0
1284946,2,2022,2022,7,5,7,133,27,20,260,0,1,9,-32.932927,151.636531,37,0,2,1,1,0,3,4,2,2,7,60,2,14295,14295,3,5,5,3,0,0,1,1
1284947,4,2022,2022,3,4,7,475,10,523,268,0,1,10,-33.91541,150.909669,41,0,2,1,1,0,3,3,2,2,7,70,2,6545,6545,4,16,5,2,0,1,1,0
1284949,2,2022,2022,3,6,9,2,31,16,34609,0,1,9,-32.879159,151.617333,48,0,2,1,1,0,3,4,2,0,7,50,0,3775,3775,0,10,5,2,0,0,1,0
1284950,4,2022,2022,3,3,4,3,31,69,34609,0,1,10,-32.935943,151.746859,48,0,2,1,1,0,0,0,2,0,0,50,0,6545,6545,4,10,10,2,0,1,0,0
1284952,2,2022,2022,3,2,11,2261,17,62,2252,0,1,1,-33.887451,151.13648,32,0,2,1,2,0,3,4,0,0,7,60,2,1383,1383,1,10,18,2,0,0,1,0
1284962,4,2022,2022,7,5,3,127,27,48,103,0,1,9,-32.910976,151.745899,48,0,2,1,1,0,3,4,2,1,8,60,1,5929,5929,1,5,13,2,0,1,0,0
1284964,2,2022,2022,7,6,7,32,31,237,34609,0,1,1,-33.864128,150.955934,24,0,2,1,1,0,3,4,2,0,7,50,0,237,162,8,0,40,2,0,0,1,0
1284965,1,2022,2022,3,6,11,330,27,108,605,0,1,9,-33.763015,151.271642,50,0,2,1,2,0,0,0,0,0,7,60,2,1945,1945,5,16,40,1,0,0,0,1
1284966,2,2022,2022,3,5,3,195,27,40,186,0,1,10,-33.944016,150.837372,41,0,2,0,1,0,0,0,2,2,7,70,2,5929,5929,1,5,10,2,0,0,1,0
1284967,2,2022,2022,3,0,7,113,27,104,111,0,1,9,-33.798158,150.768672,55,0,2,1,0,0,3,3,2,0,15,80,2,775,775,4,5,5,3,0,0,1,0
1284971,4,2021,2021,2,3,7,168,17,18,212,0,1,1,-35.61645,150.075197,23,1,0,0,0,0,0,3,2,0,7,90,2,4552,5151,8,5,40,1,0,2,0,0
1284977,2,2022,2022,3,1,8,225,17,85,180,0,1,9,-34.569357,150.774276,62,0,2,1,1,0,3,0,2,0,15,60,2,2852,2852,4,5,5,3,0,0,1,1
1284979,1,2021,2021,8,4,8,4,31,29,34609,1,0,1,-32.929825,151.766762,48,0,2,1,0,0,0,0,3,0,9,40,0,387,387,1,22,36,2,0,0,0,1
1284984,4,2022,2022,3,3,8,149,10,12,34609,1,0,1,-29.717282,152.965425,18,2,1,0,1,0,3,4,2,0,7,80,0,14295,14295,3,10,5,2,0,1,0,1
1284991,4,2022,2022,4,1,3,39,27,284,563,0,1,2,-33.892348,151.038524,15,0,2,1,1,0,0,0,2,0,7,80,2,204,204,1,16,13,2,0,1,0,0
1284993,2,2022,2022,3,1,8,44,31,90,34609,0,1,7,-32.928137,151.74612,48,0,2,1,0,0,3,0,2,0,0,50,0,6545,6545,4,5,27,2,0,0,1,0
1284994,4,2022,2022,3,2,6,81,17,3,34609,0,1,9,-35.079964,147.822802,20,1,0,0,0,0,0,0,2,0,7,100,0,14295,14295,3,16,19,2,0,1,0,0
1284997,2,2022,2022,7,5,3,1052,27,69,262,0,1,9,-32.90478,151.690537,48,0,2,1,3,0,3,4,2,2,7,60,2,2852,2852,4,5,12,2,0,0,1,0
1285005,4,2022,2022,4,0,11,255,31,8,34609,0,1,9,-33.673055,149.047453,51,2,1,1,2,0,0,0,0,0,7,50,0,4026,4026,8,10,40,1,0,1,0,0
1285007,2,2022,2022,7,5,9,103,27,10,98,0,1,1,-33.475945,150.819195,29,1,2,0,3,0,3,4,3,0,7,100,2,380,714,5,5,40,1,0,0,1,0
1285009,2,2022,2022,4,4,8,829,27,159,770,0,1,9,-33.80587,151.077948,61,0,2,1,1,0,0,0,2,0,7,70,2,1282,1282,1,5,19,2,0,0,1,0
1285012,4,2022,2022,3,1,10,2261,17,140,2252,0,1,2,-33.892518,150.981317,15,0,2,1,2,0,0,0,3,0,7,70,2,3775,3775,0,10,0,3,0,1,0,1
1285015,4,2022,2022,3,1,7,127,27,48,103,0,1,1,-32.916883,151.749402,48,0,2,1,1,0,0,0,2,0,7,60,1,1192,1192,1,5,5,5,0,1,0,0
1285017,2,2022,2022,7,4,6,346,17,106,332,0,1,10,-28.858792,153.049273,60,2,1,1,0,0,0,0,2,0,0,50,2,6545,6545,4,5,0,2,0,0,1,0
1285023,2,2022,2022,3,0,7,3,1,145,34609,0,1,7,-33.922536,151.128657,15,0,2,0,0,0,0,0,2,0,0,50,0,6545,6545,4,0,5,2,0,0,1,0
1285025,4,2022,2022,4,6,9,14,27,11,34609,0,1,1,-34.005734,150.617825,79,2,2,0,0,0,0,0,3,0,7,80,0,782,957,5,16,40,1,0,1,0,0
1285026,2,2022,2022,4,1,8,1,27,108,34609,0,1,1,-33.303277,151.42003,16,2,2,1,0,0,0,0,2,0,7,50,0,9859,9859,1,10,11,2,0,0,1,0
1285029,4,2022,2022,4,2,9,16,10,4,12,0,1,1,-30.649643,152.890358,47,1,0,0,0,0,0,3,3,0,7,90,1,4552,5151,8,5,40,1,0,1,0,0
1285032,2,2022,2022,3,1,7,3371,17,90,3342,0,1,2,-28.247665,153.535092,72,1,0,1,0,0,3,4,2,0,7,110,2,1282,1282,1,5,36,4,0,0,2,0
1285034,2,2022,2022,3,5,9,36,27,73,35,0,1,9,-33.891361,151.171163,32,0,2,1,1,0,3,3,2,0,7,50,1,5929,5929,1,5,18,2,0,0,1,0
1285039,4,2022,2022,7,4,3,2261,17,41,2252,0,1,2,-35.002989,148.11214,20,1,0,1,0,0,0,0,2,0,7,110,2,14295,14295,3,9,2,2,0,1,0,0
1285044,1,2021,2021,2,0,9,2,36,224,34609,0,1,1,-33.825239,151.242976,45,0,2,1,0,0,0,0,2,0,7,50,0,238,238,9,5,28,2,0,0,0,1
1285049,4,2022,2022,3,4,6,3371,17,54,3342,0,1,7,-33.238415,151.499437,16,2,2,1,1,0,0,0,2,0,0,70,2,14295,14295,3,5,5,3,0,1,1,0
1285051,1,2022,2022,3,0,8,73,31,532,21,1,0,10,-33.874314,151.205284,69,0,2,1,1,0,3,3,2,0,7,40,1,368,368,9,9,28,2,0,0,0,1
1285053,4,2022,2022,4,1,5,8,31,204,34609,0,1,9,-33.932986,151.146033,4,0,2,1,0,0,0,0,2,0,7,50,0,340,340,9,5,28,2,0,1,0,0
1285057,2,2021,2021,2,2,6,3371,17,24,3342,0,1,2,-29.682911,153.127995,18,1,0,1,0,0,0,0,2,0,7,110,2,9859,9859,8,0,40,1,0,0,1,0
1285059,2,2022,2022,4,3,2,2126,17,140,2149,0,1,10,-33.779381,150.814498,7,0,2,1,2,0,0,0,0,2,7,80,2,4552,985,8,5,40,1,0,0,1,0
1285060,4,2021,2021,2,6,10,33,31,57,62,0,1,10,-32.814923,151.4898,17,2,1,1,2,0,0,0,0,0,0,60,2,3775,3775,0,5,5,3,0,2,0,0
1285061,2,2022,2022,4,2,7,916,17,172,917,0,1,2,-32.745248,151.57614,42,2,1,0,1,0,0,0,2,0,7,80,2,4552,5151,8,0,40,1,0,0,2,0
1285064,4,2022,2022,4,2,10,23,31,61,34609,0,1,1,-32.931809,151.735911,48,0,2,1,2,0,0,0,0,0,7,50,0,340,340,9,5,28,2,0,1,1,0
1285065,2,2022,2022,4,6,11,2,27,443,34609,0,1,1,-33.890799,151.065926,15,0,2,1,2,0,3,2,0,0,7,50,0,9859,9859,1,5,5,5,0,0,1,2
1285067,4,2021,2021,2,6,9,4,27,174,34609,0,1,1,-33.873913,150.926421,24,0,2,1,2,0,0,0,3,0,7,50,0,591,591,1,22,5,2,0,1,0,0
1285069,2,2022,2022,4,2,7,17,25,20,34609,0,1,9,-34.026212,151.00955,68,0,2,1,1,0,0,0,2,0,0,50,0,2585,777,1,5,12,2,0,0,1,0
1285070,4,2022,2022,3,4,6,118,17,8,118,0,1,1,-31.320945,150.502841,51,1,0,1,0,0,0,0,2,0,7,110,2,3775,3775,0,10,35,2,0,1,1,0
1285073,2,2022,2022,4,2,9,500,27,145,799,0,1,10,-33.929428,151.072388,15,0,2,1,2,0,0,3,3,2,7,60,2,5929,5929,1,5,5,2,0,0,1,0
1285074,2,2022,2022,4,3,0,84,10,6,80,0,1,1,-34.300053,150.939466,80,0,2,0,2,0,3,3,0,0,7,50,2,4552,5151,1,30,13,4,0,0,1,0
1285076,4,2022,2022,4,2,8,225,17,70,180,0,1,1,-34.587106,150.291178,78,1,0,0,0,0,0,0,2,0,7,100,2,4552,5151,8,5,40,1,0,1,0,0
1285077,4,2022,2022,4,0,4,34,27,57,799,0,1,9,-33.898928,151.169476,32,0,2,1,1,0,3,4,2,2,9,60,2,1220,1220,9,5,28,2,0,1,0,0
1285080,4,2022,2022,3,1,4,5,31,77,34609,0,1,10,-32.562198,151.177992,64,2,1,1,3,0,0,0,2,0,0,50,0,6545,6545,4,5,0,2,0,1,0,0
1285082,4,2022,2022,3,4,6,294,17,56,288,0,1,7,-35.125472,147.420654,75,2,1,1,1,0,0,0,2,0,0,60,2,1945,1945,5,16,40,1,0,1,0,0
1285085,4,2022,2022,3,4,11,109,27,204,105,0,1,10,-33.897949,150.925232,24,0,2,1,2,0,3,3,0,2,7,60,2,5929,5929,1,5,5,2,0,1,0,0
1285086,2,2022,2022,3,6,7,3371,17,43,3342,0,1,3,-30.466142,153.001754,6,1,0,1,3,0,3,4,2,0,7,110,2,9859,9859,8,5,40,1,0,0,1,0
1285087,2,2022,2022,4,6,6,59,27,35,53,0,1,1,-34.173662,150.699662,79,2,2,0,1,0,0,0,2,0,7,80,1,782,957,5,16,40,1,0,0,1,0
1285088,4,2021,2021,2,2,11,2126,17,438,2149,0,1,10,-33.837919,151.026996,21,0,2,1,2,0,0,0,0,2,7,60,2,5929,5929,1,16,5,3,0,1,1,0
1285091,2,2022,2022,7,1,7,4,27,151,34609,0,1,1,-34.020947,150.863132,13,0,2,1,3,0,3,4,2,0,7,50,0,9859,9859,1,5,41,3,0,0,1,0
1285092,1,2022,2022,7,6,4,37,27,11,52,0,1,1,-34.025209,150.571466,79,2,2,1,3,0,3,0,2,0,7,80,1,9859,9859,8,29,40,1,0,0,0,1
1285096,2,2022,2022,3,5,8,9,27,110,34609,0,1,7,-33.753185,151.025744,71,0,2,1,3,0,3,4,2,0,0,50,0,623,623,3,5,0,2,0,0,1,0
1285097,4,2022,2022,3,5,4,25,27,54,34609,0,1,1,-33.629264,150.88808,29,2,2,0,3,0,3,4,2,0,7,70,0,4552,5151,8,5,40,1,0,1,0,0
1285098,1,2022,2022,7,1,4,515,14,42,518,0,1,3,-33.942135,150.94244,41,0,2,1,3,0,3,4,2,0,7,100,2,14295,14295,3,0,0,3,0,0,0,1
1285102,1,2021,2021,9,6,7,1104,14,104,962,0,1,3,-33.833352,151.024681,54,0,2,1,3,0,0,0,2,0,7,90,2,14295,14295,3,9,5,2,0,0,0,1
1285104,1,2022,2022,3,0,5,149,10,346,702,0,1,10,-33.86791,151.064212,67,0,2,1,3,0,0,0,2,2,7,80,2,14295,14295,3,5,5,2,0,0,0,1
1285106,1,2022,2022,3,5,4,3371,17,58,3342,0,1,2,-33.753273,151.15116,36,0,2,1,3,0,3,4,2,0,7,60,2,14295,14295,3,5,5,2,0,0,0,1
1285107,1,2022,2022,3,2,4,2261,17,204,2252,0,1,10,-33.888516,151.117504,32,0,2,1,3,0,3,4,2,2,7,60,2,1282,1282,1,5,0,2,0,0,0,1
1285111,4,2022,2022,7,6,5,2,27,5,34609,0,1,1,-34.063795,150.668894,12,0,2,1,3,0,3,4,2,0,7,70,0,9859,9859,8,30,40,1,0,1,0,0
1285112,2,2022,2022,7,5,2,916,17,10,917,0,1,1,-32.527229,151.135739,64,2,1,0,3,0,3,4,0,0,7,80,2,14295,14295,3,0,0,2,0,0,1,0
1285114,1,2022,2022,3,6,6,123,27,111,25,0,1,9,-33.912271,151.249579,59,0,2,0,3,0,3,4,2,0,0,50,1,14295,14295,3,9,5,2,0,0,0,1
1285116,4,2022,2022,7,4,4,191,17,8,189,0,1,1,-32.2267,148.835331,22,1,0,0,3,0,0,0,2,0,7,100,2,2585,4009,8,5,40,1,0,1,0,0
1285117,2,2022,2022,3,2,8,387,27,91,331,1,0,9,-33.963451,151.088483,25,0,2,1,3,0,0,0,2,0,7,60,2,5929,5929,1,5,5,2,0,0,1,0
1285118,2,2022,2022,7,3,6,72,27,121,102,0,1,9,-33.796784,151.284449,50,0,2,1,0,0,0,3,2,0,7,60,2,5929,5929,1,5,19,2,0,0,1,0
1285120,2,2021,2021,2,2,6,165,31,22,369,0,1,1,-33.638265,150.785405,29,2,2,1,1,0,0,0,2,0,7,60,2,1981,1981,4,5,13,2,0,0,3,1
1285121,2,2022,2022,4,6,1,232,36,40,331,0,1,2,-33.994731,150.787013,12,0,2,1,2,0,0,0,0,0,7,80,2,14295,14295,3,5,10,2,0,0,1,0
1285130,1,2022,2022,3,1,6,165,31,166,34609,1,0,10,-33.421097,149.572298,3,2,1,1,1,0,0,3,2,0,0,50,0,6545,6545,4,0,5,2,0,0,0,2
1285131,4,2022,2022,3,3,10,3,1,36,34609,0,1,10,-34.060118,150.722331,12,0,2,1,2,0,3,3,0,0,15,50,0,6545,6545,4,34,13,3,0,1,1,0
1285135,2,2022,2022,7,6,3,330,1,144,34609,0,1,7,-34.061225,151.011672,68,0,2,1,0,0,3,4,2,0,0,50,0,6545,6545,4,10,0,2,0,0,1,0
1285137,4,2022,2022,4,0,6,2,27,7,34609,0,1,1,-31.390841,152.82741,56,2,1,0,0,0,0,0,2,0,7,80,0,2585,4009,8,5,40,1,0,1,0,0
1285138,4,2022,2022,4,1,10,1,27,2,34609,0,1,1,-32.674076,151.51601,42,2,1,0,3,0,0,0,0,0,7,80,0,4552,5151,8,5,40,1,0,2,0,0
1285146,1,2022,2022,3,6,6,147,27,224,605,0,1,10,-33.824336,151.238415,45,0,2,1,3,0,0,0,2,2,9,60,2,2040,2040,9,10,28,2,0,0,0,1
1285153,1,2022,2022,3,2,4,2,27,6,34609,0,1,1,-32.713073,151.306977,17,1,0,1,3,2,0,0,2,0,7,100,0,220,220,8,19,40,1,0,0,0,2
1285158,1,2022,2022,3,3,5,3371,17,44,3342,0,1,2,-33.206343,151.516408,16,2,2,1,3,0,3,4,2,0,7,70,2,9859,9859,8,5,40,1,0,0,0,1
1285160,2,2022,2022,3,5,3,3371,17,147,3342,0,1,9,-33.741768,151.138933,36,0,2,1,3,0,3,4,2,2,7,60,2,782,985,5,5,40,1,0,0,1,0
1285166,4,2022,2022,3,3,4,196,10,33,168,0,1,2,-33.964542,151.039702,15,0,2,1,1,0,0,0,2,0,7,70,2,945,945,5,5,40,1,0,1,0,0
1285167,2,2022,2022,3,2,6,1052,14,21,928,0,1,3,-33.239561,151.412649,16,1,2,1,3,0,0,0,2,0,7,110,2,9859,9859,8,5,40,1,0,0,1,0
1285168,2,2022,2022,7,1,3,54,27,72,563,0,1,2,-34.023007,151.007969,68,0,2,1,3,0,3,4,2,0,7,80,2,14295,14295,3,5,10,2,0,0,1,0
1285169,1,2022,2022,3,6,3,224,27,102,321,0,1,10,-33.946971,151.197319,4,0,2,1,3,0,3,4,2,2,7,50,2,6545,6545,4,5,5,2,0,0,0,1
1285170,2,2022,2022,7,4,5,1104,14,104,962,0,1,3,-33.78432,150.771111,55,0,2,1,3,0,0,0,2,0,7,110,2,1391,1391,1,5,5,2,0,0,1,0
1285177,2,2022,2022,7,1,3,1104,11,532,770,0,1,2,-33.872623,151.202511,69,0,2,0,3,0,3,4,2,0,7,60,2,1850,1463,5,16,40,1,0,0,1,0
1285178,4,2022,2022,3,5,3,1052,14,207,928,0,1,3,-33.556488,151.192741,31,0,2,1,1,0,3,4,1,0,7,110,2,9859,9859,8,10,40,1,0,1,0,0
1285180,4,2022,2022,4,5,8,348,17,12,232,0,1,1,-33.023283,149.880773,44,1,0,0,0,0,0,0,2,0,7,100,2,1850,1463,5,9,40,1,0,2,0,0
1285182,2,2022,2022,7,2,9,3371,17,137,3342,0,1,10,-32.956116,151.704083,37,0,2,0,1,0,0,0,2,2,7,60,2,4552,5151,8,5,40,1,0,0,1,0
1285189,4,2021,2021,10,3,9,2,31,79,34609,0,1,9,-34.010736,150.73856,12,0,2,1,1,0,0,0,3,0,7,50,0,5929,5929,1,5,13,2,0,3,1,1
1285190,4,2022,2022,3,3,6,2,1,316,34609,0,1,1,-31.439065,152.91226,56,2,1,1,1,0,0,0,2,0,7,50,0,340,340,9,0,28,2,0,1,0,0
1285191,2,2022,2022,3,0,6,296,27,283,293,0,1,2,-33.828486,151.004719,54,0,2,1,1,0,0,3,2,0,7,60,2,14295,14295,3,5,12,2,0,0,1,0
1285201,2,2022,2022,4,1,9,76,23,169,34609,1,0,2,-33.772194,150.838472,7,0,2,1,0,0,0,0,0,0,9,50,0,4026,4026,8,5,40,1,0,0,1,0
1285203,1,2021,2021,11,4,7,63,31,30,16,0,1,9,-32.653884,152.149727,43,2,1,1,0,0,0,0,2,0,0,50,1,2852,2852,4,5,5,2,0,0,0,1
1285207,1,2021,2021,5,5,10,48,31,194,34609,1,0,1,-30.520427,151.663526,1,2,1,1,2,0,0,0,0,0,7,50,0,4026,4026,8,0,40,1,0,0,0,1
1285208,4,2022,2022,7,0,7,28,31,112,34609,0,1,7,-33.915836,150.928223,41,0,2,1,0,0,0,3,2,0,0,50,0,2040,2040,9,33,28,2,0,1,0,0
1285210,4,2022,2022,4,3,5,32,27,42,27,0,1,1,-33.660274,151.246187,50,0,2,0,0,0,0,0,2,0,7,60,2,1850,1463,5,16,40,1,0,1,0,0
1285212,4,2022,2022,7,5,3,68,27,98,208,0,1,10,-33.754215,151.067387,31,0,2,1,0,0,3,4,2,0,15,60,2,9859,9859,8,10,40,1,0,1,0,0
1285218,4,2022,2022,3,0,8,82,4,19,34609,0,1,1,-32.733448,152.009185,57,2,1,1,0,0,0,0,2,0,7,50,0,1220,1220,9,0,28,2,0,1,0,0
1285219,2,2022,2022,3,4,9,19,31,9,34609,0,1,1,-31.084585,152.844356,34,2,1,1,0,0,0,0,2,0,7,50,0,14295,14295,3,0,5,2,0,0,1,0
1285220,1,2022,2022,7,5,8,39,27,169,147,0,1,1,-28.637963,153.584803,10,2,1,1,0,0,0,0,2,0,7,60,1,14295,14295,3,5,0,2,0,0,0,1
1285222,2,2022,2022,7,5,4,2209,17,35,2205,0,1,1,-35.496366,150.331241,63,1,0,0,0,0,3,4,2,0,7,100,2,1259,5151,8,5,40,1,0,0,1,0
1285223,2,2022,2022,7,3,0,1,27,3,34609,0,1,9,-34.893829,150.536346,63,2,1,1,0,0,0,0,0,0,7,80,0,489,489,5,21,40,1,0,0,1,0
1285226,1,2022,2022,3,4,4,23,27,164,21,1,2,9,-33.741043,150.887737,7,0,2,1,1,0,0,0,2,0,7,40,1,2852,2852,4,30,5,2,0,0,0,1
1285229,2,2022,2022,3,5,4,2,1,39,34609,0,1,9,-34.314453,150.910694,80,0,2,1,0,0,0,0,2,0,7,50,0,368,368,9,10,28,3,0,0,1,0
1285230,1,2022,2022,3,4,8,866,17,247,793,0,1,10,-33.817557,150.962491,21,0,2,0,2,0,3,4,3,2,7,70,2,14295,14295,3,33,5,2,0,0,0,1
1285232,4,2022,2022,3,5,6,829,31,162,15,0,1,9,-33.843956,150.888611,24,0,2,1,1,0,0,0,2,0,7,60,1,14295,14295,3,9,13,2,0,1,0,0
1285236,4,2021,2021,2,2,6,232,36,36,168,0,1,9,-34.049513,150.714468,12,0,2,1,1,0,0,0,2,0,15,70,1,2852,2852,4,0,19,2,0,1,0,0
1285239,1,2022,2022,3,0,3,361,23,253,165,0,1,9,-33.968791,151.103335,25,0,2,1,0,0,0,0,2,0,7,50,1,2040,2040,9,5,28,2,0,0,0,1
1285241,2,2022,2022,7,4,0,1,27,32,34609,0,1,1,-34.250099,150.621722,79,2,2,0,0,0,3,4,0,0,7,80,0,4552,5151,8,5,40,1,0,0,1,0
1285244,2,2022,2022,7,4,6,81,17,41,10,1,0,1,-34.069757,150.694282,12,0,2,1,0,0,3,4,2,0,7,50,1,14295,14295,3,5,13,2,0,0,1,0
1285246,4,2022,2022,7,2,7,6,10,4,34609,0,1,1,-33.736171,151.189499,50,0,2,0,1,0,0,0,2,0,7,50,0,1850,1463,5,22,40,1,0,1,0,0
1285247,4,2022,2022,3,4,9,4,31,12,34609,0,1,7,-34.498189,150.757031,80,0,2,1,1,0,3,3,3,0,0,50,0,1945,1945,5,16,40,1,0,1,0,0
1285249,2,2022,2022,4,6,7,53,36,8,34,0,1,1,-33.247482,148.811092,11,1,0,1,0,0,0,0,2,0,7,100,2,9859,9859,8,5,40,1,0,0,1,0
1285250,2,2022,2022,7,3,4,2209,17,17,2205,0,1,1,-36.540296,149.826562,5,1,0,1,0,0,0,0,2,0,7,90,2,9859,9859,8,16,40,1,0,0,1,0
1285251,2,2022,2022,7,0,11,220,14,130,220,0,1,3,-34.453142,150.858645,80,0,2,0,2,0,3,4,0,0,7,100,2,1957,4009,8,5,40,2,0,0,1,0
1285253,2,2021,2021,2,6,8,13,27,70,34609,0,1,9,-33.978547,151.104252,25,0,2,1,1,0,0,0,3,0,7,50,0,489,489,8,30,40,1,0,0,1,0
1285254,2,2022,2022,3,5,8,3,27,5,34609,0,1,1,-35.78989,146.509544,27,1,0,1,0,0,3,4,3,0,7,100,0,404,404,8,10,40,1,0,0,1,0
1285255,2,2022,2022,4,2,8,100,27,62,799,1,0,9,-33.897632,151.147104,32,0,2,1,1,0,0,0,2,2,7,60,2,1669,1669,3,15,5,2,0,0,1,0
1285257,1,2022,2022,3,2,10,149,27,149,38,0,1,1,-33.819076,150.969296,21,0,2,1,0,0,3,4,0,0,7,60,1,14295,14295,3,0,0,2,0,0,0,1
1285264,1,2022,2022,4,6,7,8,27,36,34609,0,1,1,-32.96085,151.59995,37,0,2,0,0,0,3,4,2,0,7,50,0,1957,4009,8,0,40,1,0,0,0,1
1285266,4,2022,2022,3,2,0,22,1,433,34609,0,1,1,-33.296735,149.106924,52,2,1,1,2,0,0,0,0,0,7,50,0,4026,4026,8,5,40,1,0,1,0,0
1285271,1,2022,2022,7,4,0,29,31,173,233,0,1,9,-33.880644,151.217094,69,0,2,1,2,0,0,0,0,2,9,50,2,9859,9859,8,5,40,1,0,0,0,1
1285274,2,2022,2022,4,3,8,2,31,36,34609,0,1,1,-33.893554,148.162915,51,2,1,1,1,0,0,0,2,0,7,50,0,1282,1282,1,0,40,1,0,0,1,0