Crash ID,Degree of crash - detailed,Reporting year,Year of crash,Month of crash,Day of week of crash,Two-hour intervals,Street of crash,Street type,Town,Route no.,School zone location,School zone active,Type of location,Latitude,Longitude,LGA,Urbanisation,Conurbation 1,Alignment,Street lighting,Road surface,Surface condition,Weather,Natural lighting,Signals operation,Other traffic control,Speed limit,Road classification,RUM - code,DCA - code,First impact type,Key TU type,Other TU type,No. of traffic units involved,No. killed,No. seriously injured,No. moderately injured,No. minor-other injured
1285279,2,2021,2021,2,3,10,2126,17,21,2149,0,1,2,-33.725463,150.396961,8,2,2,0,0,0,3,4,0,0,7,80,2,4552,5151,8,5,40,1,0,0,1,0
1285280,2,2022,2022,3,3,11,39,27,169,147,0,1,7,-28.637562,153.592674,10,2,1,1,2,0,0,0,0,0,0,60,1,4026,4026,8,16,40,1,0,0,1,0
1285281,4,2021,2021,2,4,9,20,27,25,20,0,1,9,-35.036557,150.629174,63,2,1,1,0,0,0,3,2,0,0,80,1,2852,2852,4,0,0,2,0,1,2,0
1285282,4,2021,2021,2,0,9,213,17,113,213,0,1,1,-29.481138,150.009095,51,2,1,0,0,0,0,0,3,0,7,40,2,41,41,8,10,40,1,0,1,0,0
1285283,1,2022,2022,4,4,6,25,31,169,147,0,1,1,-28.641197,153.60899,10,2,1,1,1,0,0,0,2,0,7,50,1,1981,1981,4,10,36,2,0,0,0,1
1285284,4,2021,2021,2,1,7,100,27,68,78,0,1,1,-33.609056,149.778574,51,1,0,0,3,0,3,4,2,0,7,100,2,2585,4009,8,10,40,1,0,1,0,0
1285293,2,2022,2022,3,5,9,79,31,56,34609,0,1,1,-33.858146,151.187972,32,0,2,1,0,0,0,0,2,0,7,40,0,9859,9859,1,0,0,3,0,0,2,0
1285294,4,2022,2022,4,0,5,2209,17,273,2205,0,1,9,-34.425998,150.87722,80,0,2,1,1,0,0,0,2,0,15,60,2,775,775,4,5,19,2,0,1,0,0
1285298,2,2022,2022,3,3,7,48,27,20,62,0,1,1,-35.529608,148.130578,66,1,0,0,1,0,0,0,2,0,7,100,2,1850,1463,5,16,40,1,0,0,1,0
1285299,2,2021,2021,2,5,8,20,27,239,34609,0,1,4,-34.026658,151.130882,68,0,2,0,3,0,3,4,2,0,7,50,0,217,217,1,5,5,2,0,0,1,0
1285300,2,2021,2021,2,0,9,171,23,99,34609,1,0,9,-33.888871,151.277671,76,0,2,0,1,0,0,0,2,0,15,40,0,6545,6545,4,5,18,2,0,0,1,0
1285301,4,2022,2022,3,3,6,10,27,9,11,0,1,1,-32.456854,148.952269,22,1,0,1,0,0,0,0,2,0,7,100,1,475,475,5,29,40,1,0,1,0,0
1285302,4,2022,2022,4,2,7,2209,17,70,2205,0,1,9,-34.860059,150.599659,63,2,1,0,1,0,0,3,2,2,7,60,2,6545,6545,4,5,5,2,0,1,1,0
1285303,2,2022,2022,3,4,5,2261,17,243,2252,0,1,9,-33.938451,150.913242,41,0,2,1,1,0,0,0,2,2,7,60,2,926,926,4,5,5,3,0,0,1,0
1285306,4,2021,2021,2,5,6,39,1,337,34609,0,1,7,-33.741683,150.995262,71,0,2,1,3,0,0,0,2,0,0,50,0,945,945,5,5,40,1,0,1,0,0
1285308,4,2021,2021,2,5,5,8,27,22,11,0,1,1,-35.134732,150.532037,63,2,1,1,0,0,0,0,2,0,7,80,1,1669,1669,3,21,12,2,0,2,0,0
1285310,2,2022,2022,4,0,7,308,14,95,311,0,1,3,-33.740081,150.847549,7,0,2,1,0,0,0,0,2,0,7,100,2,14295,14295,3,8,5,3,0,0,1,0
1285311,1,2021,2021,2,4,1,41,10,63,34609,0,1,9,-28.190858,153.507907,72,2,1,0,2,0,0,0,0,0,15,50,0,1957,4009,8,5,40,1,0,0,0,1
1285317,1,2022,2022,3,6,5,3371,17,463,3342,0,1,10,-30.294129,153.115991,19,2,1,1,0,0,3,4,2,2,7,60,2,1192,1192,1,30,5,2,0,0,0,1
1285320,2,2022,2022,3,3,8,220,27,104,222,0,1,2,-33.723988,150.939288,7,0,2,1,1,0,0,0,2,0,7,80,2,1945,1945,5,16,40,2,0,0,1,0
1285323,1,2022,2022,4,6,7,26,31,65,19,0,1,7,-33.805271,150.960954,21,0,2,1,0,0,0,0,2,0,0,50,1,6545,6545,4,5,0,2,0,0,0,1
1285324,1,2022,2022,4,1,9,168,17,13,212,0,1,1,-35.518262,149.932115,58,1,0,1,0,0,0,0,3,0,7,100,2,9859,9859,8,0,40,1,0,0,0,1
1285325,2,2021,2021,2,1,5,157,17,123,158,0,1,1,-33.834676,148.681717,51,2,1,0,1,0,0,0,2,0,7,50,2,14295,14295,3,5,0,3,0,0,2,0
1285329,2,2022,2022,3,4,8,2209,17,133,2205,0,1,9,-34.512836,150.784517,80,0,2,1,1,0,0,0,2,2,7,60,1,1669,1669,3,0,12,2,0,0,1,0
1285330,2,2022,2022,3,3,9,195,27,54,186,0,1,2,-33.853233,150.875362,24,0,2,1,0,0,0,0,3,0,7,70,2,3775,3775,0,0,5,2,0,0,1,0
1285332,1,2021,2021,2,2,6,85,27,72,702,0,1,9,-33.835381,151.088167,14,0,2,0,3,0,0,0,2,3,7,70,2,14295,14295,3,5,0,5,0,0,0,2
1285334,4,2021,2021,2,5,6,22,31,134,34609,0,1,2,-33.890943,151.248665,76,0,2,1,2,0,0,6,2,0,7,50,0,312,312,2,27,40,1,0,1,0,0
1285335,1,2021,2021,2,3,7,293,31,128,369,0,1,10,-33.617487,150.809277,29,2,2,1,3,0,0,3,2,2,7,60,2,2852,2852,4,5,5,2,0,0,0,1
1285337,1,2022,2022,3,2,5,63,17,8,63,0,1,10,-34.106234,141.990479,51,1,0,1,0,0,0,0,2,0,15,100,2,1192,1192,1,16,19,2,0,0,0,1
1285338,1,2022,2022,4,6,6,1,23,53,34609,0,1,9,-30.644931,153.001211,47,2,1,1,1,0,0,0,2,0,7,50,0,1981,1981,4,21,0,2,0,0,0,1
1285339,4,2022,2022,3,6,7,89,27,182,228,0,1,10,-32.840024,151.341125,17,2,1,1,1,0,0,3,2,0,7,60,1,1669,1669,3,5,0,2,0,1,0,0
1285340,2,2022,2022,3,4,4,2261,31,228,39,0,1,9,-34.766382,149.700336,26,2,1,1,1,0,0,0,2,0,0,60,2,395,395,1,0,13,2,0,0,2,0
1285342,4,2022,2022,3,1,2,2261,17,11,2252,0,1,2,-34.845418,148.298503,30,1,0,1,0,0,0,0,0,0,7,110,2,9859,9859,8,29,40,1,0,1,0,0
1285344,4,2022,2022,4,3,6,15,10,14,34609,0,1,1,-33.537529,151.293859,16,2,2,0,0,0,3,3,2,0,7,80,0,1850,1463,5,16,40,1,0,1,0,0
1285346,1,2022,2022,7,0,9,485,27,323,769,0,1,9,-33.755666,150.989721,71,0,2,1,3,0,3,4,0,0,0,60,2,2852,2852,4,0,19,2,0,0,0,1
1285349,4,2022,2022,7,2,6,330,23,6,233,0,1,9,-33.984829,151.235246,59,0,2,1,1,0,0,0,2,0,7,50,1,515,515,1,5,27,2,0,1,0,0
1285352,4,2022,2022,7,6,2,3371,17,21,3342,0,1,2,-31.649338,152.725749,56,1,0,1,0,0,0,0,0,0,7,110,2,945,945,5,3,40,1,0,1,0,0
1285353,4,2022,2022,3,4,4,73,24,50,88,0,1,1,-33.714311,151.269537,50,0,2,0,0,0,3,4,2,0,7,80,2,3775,3775,0,5,18,2,0,1,0,0
1285356,2,2022,2022,7,0,9,1,27,78,2149,0,1,9,-33.69785,150.570118,8,2,2,1,2,0,3,4,0,2,15,80,2,14295,14295,3,5,5,2,0,0,1,0
1285358,4,2022,2022,4,0,8,168,17,14,212,0,1,1,-35.282438,149.695824,58,1,0,0,0,0,0,0,2,0,7,100,2,3775,3775,0,5,12,4,0,1,2,0
1285362,1,2022,2022,3,0,6,10,31,193,34609,1,0,10,-33.79243,151.077319,61,0,2,1,3,0,0,0,2,2,7,50,0,1282,1282,1,33,5,2,0,0,0,1
1285365,1,2022,2022,3,4,6,43,27,56,87,0,1,2,-34.454879,150.873514,80,0,2,1,3,0,0,0,2,0,7,80,2,217,217,1,5,0,2,0,0,0,1
1285372,2,2022,2022,7,0,5,829,27,26,770,0,1,2,-33.838506,151.14498,51,0,2,0,3,0,3,4,2,0,7,70,2,4552,5151,8,5,40,1,0,0,1,0
1285380,1,2022,2022,7,4,7,62,10,70,62,0,1,9,-33.435036,151.34964,16,2,2,1,3,0,0,0,2,0,7,50,2,14295,14295,3,5,13,3,0,0,0,1
1285381,2,2022,2022,7,0,5,98,27,52,382,0,1,7,-33.641524,150.78573,55,0,2,1,3,0,0,0,2,0,0,80,2,6545,6545,4,10,0,2,0,0,1,0
1285383,1,2022,2022,7,1,3,14,31,155,231,0,1,9,-33.487301,151.322098,16,2,2,1,3,0,0,0,2,0,7,60,2,14295,14295,3,5,0,2,0,0,0,1
1285387,1,2022,2022,7,5,7,1052,14,36,928,0,1,3,-33.426587,151.228302,16,1,2,0,3,0,0,0,2,0,7,110,2,1850,1463,5,0,40,1,0,0,0,1
1285389,2,2022,2022,3,6,6,57,31,174,321,0,1,9,-33.889698,151.2016,69,0,2,1,3,0,0,0,2,0,0,50,2,775,775,4,5,27,2,0,0,1,0
1285391,1,2021,2021,9,0,6,34,1,309,34609,0,1,1,-33.823047,151.113742,61,0,2,1,3,0,0,0,2,0,7,50,0,1391,1391,1,9,5,2,0,0,0,1
1285393,2,2022,2022,7,3,5,500,27,646,799,0,1,9,-33.934591,151.036687,15,0,2,1,3,0,0,3,2,2,7,60,2,5929,5929,1,5,12,3,0,0,1,0
1285395,1,2022,2022,7,0,9,22,31,337,30,0,1,9,-33.729333,151.005716,71,0,2,1,3,0,0,0,3,1,9,60,2,2040,2040,9,0,28,2,0,0,0,1
1285398,2,2022,2022,7,0,8,90,36,2,102,0,1,1,-34.409263,147.30969,51,1,0,1,3,0,0,0,2,0,7,100,2,1945,1945,5,0,40,1,0,0,1,0
1285399,1,2022,2022,3,0,6,866,17,54,793,0,1,9,-33.723332,151.091235,31,0,2,0,3,0,3,4,2,2,7,70,2,14295,14295,3,0,0,2,0,0,0,3
1285400,1,2022,2022,3,6,4,515,14,42,518,0,1,3,-33.942133,150.942421,41,0,2,1,3,0,0,0,2,0,7,100,2,14295,14295,3,8,5,2,0,0,0,1
1285408,2,2022,2022,7,3,1,101,10,42,33,0,1,1,-34.021673,151.197949,68,0,2,1,3,0,3,3,0,0,7,80,1,4026,4026,8,5,40,1,0,0,1,0
1285413,1,2022,2022,7,4,7,230,27,197,284,0,1,2,-33.792537,151.131952,61,0,2,1,3,0,0,0,2,0,7,70,2,14295,14295,3,10,36,3,0,0,0,1
1285415,4,2022,2022,3,6,5,30,10,7,30,0,1,1,-33.3115,151.236392,16,2,2,1,3,0,0,0,2,0,7,80,1,1945,1945,5,16,40,1,0,1,0,0
1285420,1,2022,2022,4,5,5,6,1,66,34609,0,1,7,-33.716377,150.926676,7,0,2,0,3,0,0,0,2,0,0,50,0,775,775,4,0,5,2,0,0,0,1
1285424,1,2022,2022,7,6,4,49,22,77,44,0,1,10,-33.732294,151.077308,31,0,2,1,3,0,3,4,2,0,4,50,1,301,301,4,30,12,2,0,0,0,1
1285432,2,2022,2022,7,0,7,2209,17,130,2205,0,1,9,-34.452972,150.846499,80,0,2,1,0,0,0,0,2,0,7,60,2,5929,5929,1,34,0,2,0,0,1,0
1285441,4,2022,2022,7,2,7,98,27,36,34609,0,1,1,-33.542979,149.29214,51,1,0,0,0,0,0,0,2,0,7,100,0,4552,5151,8,16,40,1,0,1,0,0
1285444,1,2022,2022,7,1,8,3,1,20,34609,0,1,10,-34.078579,150.696152,12,0,2,1,3,0,3,3,3,0,15,50,0,6545,6545,4,9,0,2,0,0,0,1
1285447,2,2022,2022,7,2,6,15,10,30,34609,0,1,1,-34.500238,150.81771,80,0,2,0,1,0,0,0,2,0,7,60,0,4552,5151,1,5,13,2,0,0,1,0
1285453,4,2022,2022,7,6,0,10,31,11,34609,0,1,1,-36.031038,146.936582,0,2,1,1,2,0,3,3,0,0,7,50,0,4026,4026,8,5,40,1,0,1,0,0
1285454,4,2021,2021,2,0,7,9,31,19,143,0,1,7,-33.429028,149.576601,3,2,1,1,3,0,0,0,2,0,0,60,2,14295,14295,3,10,0,2,0,1,1,0
1285457,4,2022,2022,3,5,6,1,36,52,34609,0,1,1,-33.267738,151.468578,16,2,2,1,1,0,0,0,2,0,7,50,0,175,188,1,0,5,3,0,1,0,0
1285458,4,2022,2022,3,6,8,15,27,363,14,0,1,9,-33.731849,150.706668,55,0,2,1,0,0,0,0,2,0,15,70,1,5929,5929,1,16,5,2,0,1,0,0
1285461,2,2022,2022,7,6,9,24,31,161,34609,0,1,1,-33.884563,151.15609,32,0,2,1,0,0,0,0,3,0,7,40,0,941,941,1,5,27,2,0,0,1,0
1285467,2,2022,2022,7,3,0,1,31,165,34609,0,1,1,-33.856685,151.160089,14,0,2,1,3,0,3,0,0,0,7,50,0,489,489,8,5,40,1,0,0,1,0
1285469,1,2022,2022,7,5,7,204,27,246,34609,0,1,1,-33.912064,151.193947,69,0,2,1,3,0,0,0,2,0,7,50,0,14295,14295,3,9,5,3,0,0,0,1
1285470,1,2022,2022,7,6,8,12,27,137,34609,0,1,10,-33.917338,151.200511,69,0,2,1,3,0,3,4,3,0,7,40,0,941,941,1,30,5,2,0,0,0,1
1285473,2,2022,2022,7,0,8,48,10,252,34609,0,1,1,-33.95151,150.858627,41,0,2,0,3,0,0,0,2,0,7,50,0,1282,1282,1,0,5,2,0,0,1,0
1285474,2,2022,2022,7,5,6,2261,17,14,2252,0,1,2,-34.786621,149.187295,74,1,0,0,3,0,0,0,2,0,7,110,2,2585,4009,8,30,40,1,0,0,1,0
1285477,1,2022,2022,7,3,7,158,27,55,207,1,0,9,-33.863641,151.272225,81,0,2,1,3,0,0,0,2,2,7,50,2,1282,1282,1,0,27,2,0,0,0,1
1285480,2,2022,2022,3,6,9,8,27,3,34609,0,1,1,-32.56555,151.397445,64,1,0,0,3,0,3,4,3,0,7,100,0,4552,5151,8,9,40,1,0,0,1,0
1285483,2,2022,2022,7,5,4,110,27,113,48,0,1,2,-34.320736,150.888056,80,0,2,0,0,0,3,4,2,0,7,100,2,2585,4009,8,5,40,1,0,0,1,0
1285486,2,2022,2022,3,1,9,829,27,124,770,0,1,10,-33.813353,151.049216,54,0,2,1,3,0,3,0,3,0,15,70,2,775,775,4,5,22,2,0,0,1,0
1285489,1,2022,2022,3,1,4,165,31,125,34609,0,1,9,-33.835096,151.124604,61,0,2,1,3,0,0,0,2,0,7,50,0,1282,1282,1,5,5,2,0,0,0,1
1285491,2,2022,2022,7,5,2,3371,17,17,3342,0,1,2,-28.918422,153.476782,2,1,0,1,3,0,3,3,0,0,7,110,2,4026,4026,8,30,40,1,0,0,1,0
1285494,2,2022,2022,7,6,4,4,31,29,34609,0,1,10,-31.095416,150.940503,70,2,1,1,1,0,0,0,2,0,15,50,0,6545,6545,4,5,0,2,0,0,1,1
1285495,4,2022,2022,7,1,7,26,10,10,26,0,1,1,-36.770085,149.920123,5,1,0,1,0,0,3,4,2,0,7,100,1,4026,4026,8,9,40,1,0,1,0,0
1285496,2,2022,2022,3,4,6,42,1,57,34609,1,0,10,-34.562935,150.819014,62,0,2,1,1,0,0,0,2,0,15,60,0,6545,6545,4,5,13,2,0,0,1,0
1285500,1,2022,2022,3,2,6,220,27,104,222,0,1,10,-33.720567,150.93779,7,0,2,1,3,0,3,4,2,2,7,80,2,14295,14295,3,5,0,2,0,0,0,1
1285503,2,2022,2022,3,4,7,515,14,60,518,0,1,3,-33.942526,150.944551,41,0,2,1,3,0,0,0,2,0,7,100,2,14295,14295,3,0,0,3,0,0,1,0
1285504,1,2022,2022,7,1,5,13,27,223,34609,0,1,10,-33.800862,150.924305,7,0,2,1,3,0,3,4,2,0,0,50,0,217,217,1,0,5,2,0,0,0,1
1285505,1,2022,2022,7,5,6,41,31,40,34609,0,1,9,-34.412267,150.879711,80,0,2,1,3,0,3,4,2,0,15,50,0,14295,14295,3,0,5,2,0,0,0,1
1285510,4,2022,2022,7,3,0,195,27,76,186,0,1,2,-33.919487,150.852308,41,0,2,0,2,0,3,4,0,0,7,70,2,2585,4009,8,5,40,1,0,1,0,0
1285511,2,2022,2022,7,0,10,71,27,69,122,0,1,9,-34.545878,150.862025,62,0,2,1,2,0,0,0,0,2,7,70,2,5929,5929,1,5,18,2,0,0,1,0
1285512,2,2022,2022,7,2,5,103,27,113,256,0,1,2,-34.287105,150.900208,80,0,2,1,0,0,0,3,2,0,7,90,2,9859,9859,8,0,40,1,0,0,1,0
1285513,2,2022,2022,7,1,0,153,27,290,147,0,1,9,-33.949764,151.122343,4,0,2,1,2,0,3,4,0,0,0,60,2,489,489,8,5,40,2,0,0,1,0
1285516,2,2022,2022,7,3,7,3,10,55,212,0,1,9,-35.678233,150.175853,23,1,0,1,1,0,0,0,2,0,7,100,2,2585,777,8,5,40,1,0,0,1,0
1285521,2,2022,2022,4,6,0,1,10,182,34609,0,1,9,-32.830504,151.326969,17,2,1,1,2,0,0,0,0,0,7,50,0,9859,9859,8,10,40,1,0,0,1,0
1285525,2,2022,2022,7,4,6,63,17,207,63,0,1,1,-31.977017,141.453668,51,2,1,0,0,0,0,0,2,0,7,60,2,1282,1282,1,0,19,2,0,0,1,0
1285526,1,2022,2022,7,6,8,177,31,65,34609,0,1,2,-33.856798,150.900086,24,0,2,1,3,0,0,0,2,2,9,60,0,14295,14295,3,0,0,2,0,0,0,1
1285529,4,2022,2022,7,4,4,74,23,100,260,0,1,9,-33.960917,151.156271,4,0,2,1,1,0,3,4,2,2,9,60,2,1220,1220,9,0,28,2,0,1,0,0
1285530,1,2022,2022,3,0,5,485,27,50,769,0,1,9,-33.656624,150.8741,29,2,2,1,1,0,3,4,2,2,7,80,2,14295,14295,3,3,19,2,0,0,0,1
1285533,2,2022,2022,7,2,7,2126,17,80,2149,0,1,10,-33.88786,151.167733,32,0,2,1,1,0,0,0,2,2,7,60,2,6545,6545,4,5,19,2,0,0,1,0
1285536,2,2021,2021,2,5,3,24,27,8,34609,0,1,1,-32.921627,151.357647,17,1,0,0,0,0,0,0,1,0,7,100,0,57,57,1,5,13,2,0,0,1,0
1285539,2,2022,2022,3,6,4,51,31,228,143,0,1,1,-34.740274,149.71061,26,2,1,1,1,0,0,0,2,0,7,50,2,941,941,1,5,35,2,0,0,1,0
1285541,2,2021,2021,9,0,3,1,31,105,34609,0,1,9,-32.717158,151.521282,42,2,1,1,3,0,3,4,1,0,7,50,0,1383,1383,1,8,5,3,0,0,1,0
1285542,4,2021,2021,2,0,1,76,31,39,34609,0,1,9,-31.06003,152.821613,34,2,1,1,2,0,0,0,0,0,7,50,0,489,489,8,5,40,1,0,1,1,1
1285544,4,2022,2022,7,6,8,2261,17,370,2252,0,1,3,-34.054347,150.804943,13,0,2,1,3,0,3,4,3,0,7,110,2,14295,14295,3,29,5,4,0,1,1,0
1285546,1,2022,2022,4,3,1,205,27,147,415,0,1,2,-33.747429,151.149327,36,0,2,1,2,0,3,3,0,0,7,70,2,9859,9859,8,5,40,1,0,0,0,1
1285548,4,2022,2022,7,4,7,387,36,10,34609,0,1,1,-31.481625,151.314739,70,1,0,0,0,2,0,0,2,0,7,100,0,404,404,8,16,40,1,0,1,1,0
1285554,1,2022,2022,7,0,8,5,27,16,34609,0,1,1,-29.870708,151.100973,33,1,0,0,0,2,0,0,2,0,7,100,0,418,714,5,5,40,1,0,0,0,1
1285559,2,2022,2022,3,2,7,1,27,49,34609,0,1,7,-33.721249,151.287733,50,0,2,1,3,0,3,4,2,0,0,50,0,14295,14295,3,0,36,2,0,0,1,0
1285560,2,2021,2021,2,2,5,2,1,168,34609,0,1,10,-33.697438,150.812449,7,0,2,1,3,0,0,0,2,0,0,50,0,301,301,4,5,25,2,0,0,1,0
1285563,1,2022,2022,7,0,3,330,27,18,26,0,1,1,-33.662985,151.30163,50,0,2,1,0,0,3,0,1,0,7,50,1,1945,1945,5,22,40,1,0,0,0,1
1285568,1,2022,2022,3,1,7,6,27,41,99,0,1,9,-33.907581,151.187007,69,0,2,1,3,0,0,0,2,2,7,40,2,1669,1669,3,0,0,3,0,0,0,1
1285572,2,2022,2022,7,4,7,23,27,61,91,0,1,1,-35.144039,149.251529,82,1,0,1,3,0,0,3,2,0,7,100,1,1981,1981,4,10,10,2,0,0,1,0
1285574,2,2021,2021,2,0,8,48,27,228,26,0,1,10,-34.763106,149.714357,26,2,1,1,3,0,0,0,2,0,15,60,2,6545,6545,4,9,13,3,0,0,1,0
1285575,4,2021,2021,2,3,9,27,1,132,148,0,1,1,-34.146823,151.008943,68,0,2,0,0,0,0,0,2,0,7,60,2,3775,3775,0,5,5,2,0,1,1,0
1285576,1,2022,2022,7,3,4,14,27,609,34609,0,1,2,-33.775979,150.895261,7,0,2,1,3,0,0,3,2,0,7,50,0,1981,1981,4,5,5,2,0,0,0,1
1285578,2,2022,2022,7,6,9,60,27,253,331,0,1,10,-33.961652,151.105857,25,0,2,1,3,0,3,4,0,0,15,60,2,6545,6545,4,5,0,3,0,0,1,0
1285580,1,2022,2022,7,4,7,35,27,363,24,1,2,9,-33.763112,150.702412,55,0,2,1,3,0,0,0,2,0,0,40,1,14295,14295,3,5,13,2,0,0,0,1
1285582,4,2021,2021,2,2,8,19,27,1,34609,0,1,1,-32.021483,151.321349,73,1,0,0,0,2,0,0,2,0,7,100,0,782,957,5,10,40,1,0,1,0,0
1285583,2,2022,2022,3,6,6,40,27,136,34609,1,0,1,-33.914993,151.073073,15,0,2,1,1,0,0,0,2,0,7,50,0,1981,1981,4,0,5,2,0,0,1,0
1285584,2,2022,2022,7,6,8,31,7,463,34609,0,1,9,-30.290047,153.131322,19,2,1,1,0,0,0,0,2,0,7,50,0,14295,14295,3,10,0,3,0,0,2,1
1285585,1,2022,2022,7,3,9,5,31,22,14,0,1,1,-28.608732,150.361503,51,2,1,1,2,0,0,0,0,0,7,50,1,591,591,1,16,0,2,0,0,0,1
1285586,2,2022,2022,3,3,9,48,31,44,34609,0,1,4,-32.822333,151.420121,17,2,1,0,0,2,3,3,2,0,7,80,0,2585,4009,8,0,40,1,0,0,1,0
1285588,2,2022,2022,7,0,8,17,27,3,18,0,1,1,-35.253029,148.286404,66,1,0,0,0,0,0,0,2,0,7,100,1,1259,5151,8,10,40,1,0,0,1,0
1285594,4,2022,2022,7,0,0,3371,17,44,3342,0,1,2,-30.563159,153.004589,6,1,0,1,0,0,3,4,0,0,7,110,2,1945,1945,5,0,40,1,0,1,0,0
1285599,2,2022,2022,3,2,3,92,27,11,29,1,0,1,-33.889796,151.101194,9,0,2,1,1,0,3,0,2,0,7,50,1,4026,4026,1,5,23,2,0,0,1,0
1285600,4,2022,2022,3,0,8,177,22,239,176,0,1,9,-34.036786,151.116993,68,0,2,1,0,0,0,0,2,0,7,60,2,1220,1220,9,5,28,2,0,1,0,0
1285601,2,2022,2022,4,6,10,481,17,10,483,0,1,10,-32.735341,148.196833,53,2,1,1,2,0,0,0,0,0,7,80,2,1669,1669,3,5,0,2,0,0,2,0
1285602,1,2022,2022,7,4,8,39,31,161,19,1,0,9,-33.878238,151.159741,32,0,2,1,0,0,0,0,2,2,7,50,1,14295,14295,3,10,5,3,0,0,0,1
1285604,4,2022,2022,3,2,10,515,14,166,518,0,1,3,-33.944315,150.984544,15,0,2,1,1,0,0,0,3,0,7,100,2,4026,4026,8,10,40,1,0,1,0,0
1285606,4,2021,2021,2,1,4,23,27,15,34609,0,1,1,-32.916153,151.73886,48,0,2,1,0,0,0,0,2,0,8,50,0,2040,2040,9,19,28,2,0,1,1,0
1285608,2,2021,2021,2,3,9,280,10,162,240,0,1,9,-33.852423,150.892517,24,0,2,1,2,0,0,0,3,2,7,70,2,2852,2852,4,5,36,2,0,0,1,0
1285611,4,2022,2022,3,4,11,86,27,8,65,1,0,1,-29.830864,152.891184,18,2,1,1,2,0,3,0,0,0,7,50,1,4026,4026,8,5,40,1,0,1,0,0
1285612,2,2022,2022,7,4,8,1,31,8,39,0,1,10,-31.460812,151.127911,70,2,1,1,2,0,0,0,2,0,0,50,1,941,941,1,5,5,2,0,0,4,0
1285615,2,2022,2022,7,0,9,102,31,115,53,0,1,0,-33.876256,151.19409,69,0,2,1,0,0,0,0,2,0,7,50,2,4026,4026,1,5,12,2,0,0,1,0
1285621,2,2022,2022,3,6,4,44,1,60,34609,0,1,10,-33.839592,151.165618,51,0,2,1,0,0,3,4,2,0,0,50,0,6545,6545,4,5,0,2,0,0,2,0
1285622,2,2022,2022,3,6,8,829,27,149,770,0,1,9,-33.862524,151.168066,32,0,2,1,0,0,0,0,2,0,7,60,2,9859,9859,8,5,40,1,0,0,1,0
1285627,4,2022,2022,4,2,2,20,31,174,321,0,1,9,-33.893064,151.19909,69,0,2,1,2,0,0,0,0,0,7,50,2,4026,4026,1,5,0,4,0,1,0,0
1285629,2,2021,2021,2,1,6,26,31,363,34609,0,1,1,-33.751785,150.69499,55,0,2,0,0,0,0,3,2,0,7,40,0,1981,1981,4,0,19,2,0,0,1,0
1285630,2,2021,2021,2,0,6,334,17,21,308,0,1,1,-31.419052,152.216297,56,2,1,0,0,0,0,0,2,0,7,80,2,1850,1463,5,16,40,1,0,0,1,0
1285631,2,2021,2021,2,0,8,55,27,179,34609,0,1,1,-33.766147,150.719167,55,0,2,1,0,0,0,0,2,0,7,50,0,941,941,1,5,19,2,0,0,2,0
1285632,2,2022,2022,4,2,6,2126,17,33,2149,0,1,10,-33.481135,150.136665,40,2,1,1,1,0,3,4,2,2,7,70,2,5929,5929,1,10,5,2,0,0,1,1
1285633,2,2022,2022,4,2,10,4,31,7,34609,0,1,2,-32.720925,152.174383,57,2,1,1,0,0,0,0,0,0,7,40,0,84,84,8,5,40,1,0,0,1,0
1285634,4,2022,2022,4,1,11,4,27,5,11,0,1,1,-36.786229,149.744296,5,1,0,0,0,0,0,0,0,0,7,100,1,2585,4009,8,5,40,1,0,1,1,0
1285636,4,2022,2022,4,3,6,4,27,3,4,0,1,1,-30.822341,152.958656,34,2,1,0,0,0,0,0,2,0,7,80,1,4552,5151,8,16,40,1,0,1,0,0
1285638,2,2022,2022,4,2,7,51,27,57,34609,0,1,1,-34.562904,150.830502,62,0,2,1,1,0,0,0,2,0,7,50,0,1981,1981,4,0,20,2,0,0,1,0
1285640,2,2022,2022,4,3,1,54,27,38,563,0,1,1,-34.047177,150.984732,68,0,2,1,0,0,0,0,0,0,7,80,2,4026,4026,8,5,40,2,0,0,2,0
1285641,4,2022,2022,3,3,10,2,27,2,34609,0,1,1,-32.758748,148.980469,22,2,1,0,1,2,0,0,0,0,7,50,0,1850,1463,5,16,40,1,0,2,0,0
1285642,2,2022,2022,3,2,7,2209,17,55,2205,0,1,9,-35.734304,150.167769,23,1,0,1,3,0,3,4,2,0,7,90,2,9859,9859,8,5,40,1,0,0,2,0
1285644,2,2022,2022,7,0,8,62,10,91,169,0,1,10,-32.813811,151.635467,48,0,2,1,3,0,0,0,2,2,7,60,2,1391,1391,1,5,5,3,0,0,1,0
1285645,1,2022,2022,7,5,4,49,27,111,62,0,1,2,-33.696552,150.892717,7,0,2,1,3,0,3,3,2,0,7,70,2,14295,14295,3,5,0,2,0,0,0,1
1285647,4,2022,2022,3,1,5,10,27,106,34609,0,1,1,-33.888944,151.181869,69,0,2,0,0,0,0,3,2,0,9,40,0,2040,2040,9,5,28,2,0,1,0,0
1285648,4,2022,2022,3,6,6,76,31,56,34609,0,1,1,-33.855878,151.177551,32,0,2,1,1,0,3,4,2,0,7,50,0,248,248,1,5,5,3,0,1,0,1
1285649,4,2022,2022,3,1,9,37,27,11,52,0,1,1,-34.019259,150.572523,79,2,2,0,1,0,3,4,2,0,7,80,1,4552,5151,8,10,40,1,0,1,0,0