Crash ID,Degree of crash - detailed,Reporting year,Year of crash,Month of crash,Day of week of crash,Two-hour intervals,Street of crash,Street type,Town,Route no.,School zone location,School zone active,Type of location,Latitude,Longitude,LGA,Urbanisation,Conurbation 1,Alignment,Street lighting,Road surface,Surface condition,Weather,Natural lighting,Signals operation,Other traffic control,Speed limit,Road classification,RUM - code,DCA - code,First impact type,Key TU type,Other TU type,No. of traffic units involved,No. killed,No. seriously injured,No. moderately injured,No. minor-other injured
1285656,4,2022,2022,4,3,9,67,27,100,15,0,1,1,-33.805176,151.159614,77,0,2,1,0,0,0,0,2,0,7,50,1,2040,2040,9,5,28,2,0,1,0,0
1285657,2,2022,2022,7,0,4,2,31,140,34609,0,1,1,-33.899554,151.000558,15,0,2,1,3,0,0,0,2,0,7,50,0,9859,9859,1,5,5,2,0,0,1,0
1285658,1,2022,2022,3,6,5,168,27,55,34609,0,1,1,-33.851575,151.28435,81,0,2,0,3,0,3,4,2,0,7,50,0,14295,14295,3,0,5,2,0,0,0,1
1285660,2,2022,2022,3,0,4,1104,14,460,962,0,1,3,-33.824832,150.98946,54,0,2,1,3,0,3,3,2,0,7,90,2,14295,14295,3,9,12,3,0,0,1,0
1285661,1,2022,2022,7,4,3,222,31,131,212,0,1,9,-33.783671,151.191593,77,0,2,1,3,0,0,0,2,2,7,60,2,14295,14295,3,10,5,2,0,0,0,1
1285663,2,2022,2022,7,1,4,1104,14,323,962,0,1,3,-33.800712,150.866785,7,0,2,1,3,0,0,0,2,0,7,100,2,4026,4026,8,5,40,1,0,0,1,0
1285665,2,2022,2022,7,5,4,19,27,57,63,0,1,7,-34.570778,150.82365,62,0,2,1,3,0,0,0,2,0,0,60,2,14295,14295,3,5,0,2,0,0,1,0
1285667,2,2022,2022,7,0,6,916,17,165,917,0,1,2,-32.264253,150.88866,46,2,1,1,3,0,0,0,2,0,7,50,2,387,387,1,5,5,2,0,0,1,0
1285668,2,2022,2022,7,0,8,77,10,43,331,0,1,1,-34.153106,150.659311,79,2,2,0,3,0,3,4,3,0,7,80,1,1259,5151,8,10,40,1,0,0,1,0
1285670,2,2022,2022,7,6,5,283,27,145,702,0,1,10,-33.917466,151.065154,15,0,2,1,3,0,0,0,2,2,7,60,2,14295,14295,3,0,5,2,0,0,1,0
1285671,4,2022,2022,3,5,6,33,31,132,34609,0,1,1,-29.776584,151.116498,33,2,1,1,0,0,0,0,2,0,7,50,0,238,238,9,5,28,2,0,1,0,0
1285673,4,2021,2021,2,3,4,4,27,20,34609,0,1,1,-30.252125,149.542285,51,1,0,1,0,0,0,0,2,0,7,100,0,9859,9859,8,5,40,1,0,1,0,0
1285674,2,2022,2022,7,3,10,2126,17,226,2149,0,1,10,-33.779236,150.814523,7,0,2,1,2,0,3,4,0,2,7,80,2,515,515,1,5,5,2,0,0,1,0
1285675,4,2022,2022,7,0,10,11,27,92,34609,0,1,1,-33.409576,151.363802,16,2,2,1,2,0,0,0,0,0,7,50,0,2040,2040,9,33,28,2,0,1,0,0
1285676,2,2022,2022,3,5,3,17,27,70,34609,0,1,9,-34.035587,151.084919,68,0,2,1,0,0,0,0,2,0,9,40,0,1220,1220,9,5,28,2,0,0,1,0
1285679,2,2022,2022,7,4,3,361,23,50,34609,0,1,1,-34.349584,150.915492,80,0,2,1,1,0,0,0,2,0,7,40,0,591,591,1,22,19,2,0,0,1,1
1285680,4,2021,2021,2,5,10,37,27,58,34609,0,1,1,-33.213122,151.428792,16,1,2,1,0,0,0,0,0,0,7,90,0,4026,4026,8,5,40,1,0,1,0,0
1285681,4,2022,2022,3,5,4,44,27,202,563,0,1,10,-33.959075,151.03761,15,0,2,1,1,0,3,4,2,2,7,70,2,6545,6545,4,0,5,2,0,1,1,0
1285683,2,2022,2022,7,5,6,2126,17,5,2149,0,1,1,-33.440091,149.839106,3,1,0,0,0,0,3,4,2,0,7,100,2,1850,1463,5,16,40,1,0,0,1,0
1285684,4,2022,2022,3,4,9,27,1,134,34609,0,1,7,-33.516159,151.321884,16,2,2,1,1,0,0,0,2,0,0,50,0,1391,1391,1,33,19,2,0,1,0,0
1285685,2,2022,2022,7,1,4,18,27,136,148,0,1,1,-32.927862,151.715148,48,0,2,0,1,0,0,0,2,0,7,60,1,1981,1981,4,5,5,2,0,0,1,0
1285686,4,2021,2021,2,3,10,2126,17,125,2149,0,1,9,-33.862861,151.07973,67,0,2,1,2,0,0,0,0,2,7,60,2,1391,1391,1,5,19,2,0,1,0,0
1285688,4,2022,2022,7,6,4,5,27,69,34609,0,1,1,-33.369092,151.476078,16,2,2,1,1,0,3,0,2,0,7,60,0,1945,1945,5,22,40,1,0,1,0,0
1285693,4,2022,2022,7,2,8,45,27,304,96,0,1,10,-33.907603,151.159162,32,0,2,1,1,0,0,0,2,2,7,60,2,5929,5929,1,5,5,2,0,1,0,0
1285694,4,2022,2022,3,3,9,500,27,83,799,0,1,9,-33.909698,151.122839,15,0,2,1,2,0,0,0,2,0,7,60,2,1945,1945,5,16,40,1,0,1,0,0
1285695,1,2021,2021,2,5,6,193,27,438,34609,0,1,1,-33.861534,151.027984,21,0,2,1,0,0,3,0,2,0,7,60,0,14295,14295,3,5,5,2,0,0,0,1
1285696,2,2021,2021,2,2,6,9,1,271,11,0,1,1,-33.951646,151.020521,15,0,2,1,0,0,0,0,2,0,7,60,1,395,395,1,5,5,2,0,0,1,1
1285699,2,2022,2022,7,4,2,293,31,532,55,0,1,10,-33.863272,151.212887,69,0,2,1,3,0,3,4,0,2,7,40,1,14295,14295,3,5,10,2,0,0,1,0
1285700,1,2021,2021,10,6,7,387,36,86,69,0,1,10,-33.722236,151.217148,50,0,2,1,2,0,0,0,2,2,7,60,2,14295,14295,3,8,13,3,0,0,0,2
1285701,2,2022,2022,3,2,10,133,10,1,121,0,1,1,-31.624908,152.829424,56,1,0,1,0,0,3,4,0,0,7,90,1,121,121,9,33,28,2,0,0,1,0
1285702,4,2022,2022,3,3,0,18,36,1,19,0,1,1,-32.700362,148.674161,22,1,0,1,0,0,0,0,0,0,7,100,1,9859,9859,8,10,40,1,0,1,0,0
1285703,4,2022,2022,7,5,9,2,31,103,34609,0,1,1,-34.325706,148.299602,30,2,1,0,1,0,0,0,2,0,7,60,0,4552,5151,8,5,40,1,0,1,0,1
1285706,2,2022,2022,7,5,0,2,18,132,34609,0,1,1,-29.712718,151.135063,33,1,0,0,0,2,0,0,0,0,7,100,0,4552,5151,8,10,40,1,0,0,1,0
1285707,4,2022,2022,4,0,6,32,27,78,34609,0,1,1,-33.425102,151.427773,16,2,2,1,0,0,0,0,2,0,7,50,0,4026,4026,8,0,40,1,0,1,0,0
1285709,2,2022,2022,7,4,10,512,17,5,441,0,1,1,-32.539933,148.942067,22,2,1,0,0,0,0,0,3,0,7,60,2,941,941,1,5,0,2,0,0,1,0
1285712,4,2021,2021,9,2,11,133,10,16,34609,0,1,1,-29.123907,153.432413,60,2,1,0,0,0,0,0,0,0,7,50,0,2585,4009,8,0,40,1,0,1,1,0
1285716,4,2022,2022,7,5,7,192,10,57,114,1,2,1,-33.463331,151.36553,16,2,2,0,0,0,3,4,2,0,7,40,2,3775,3775,0,5,12,3,0,1,2,0
1285731,4,2022,2022,7,2,5,9,27,29,23,0,1,1,-32.565765,142.426558,51,2,1,1,0,2,3,0,2,0,7,40,1,1945,1945,5,16,40,1,0,1,0,0
1285733,4,2021,2021,9,2,6,42,10,16,172,0,1,1,-32.866151,151.553966,17,2,1,0,0,0,0,0,2,0,7,80,2,2585,4009,8,16,40,1,0,1,0,0
1285734,4,2022,2022,3,6,4,515,14,166,518,0,1,3,-33.944553,150.982898,15,0,2,1,1,0,0,0,2,0,7,100,2,14295,14295,3,10,5,3,0,1,0,2
1285770,4,2022,2022,3,3,7,8,27,6,34609,0,1,1,-34.330206,148.8392,30,1,0,0,0,0,0,0,2,0,7,100,0,4552,5151,8,29,40,1,0,1,1,0
1285772,4,2022,2022,3,2,0,40,10,56,174,0,1,1,-32.745722,151.338581,17,1,0,1,0,0,3,4,0,0,7,90,2,3775,3775,0,0,13,2,0,1,0,0
1285774,2,2022,2022,3,6,6,3371,17,24,3342,1,0,2,-33.709788,151.101733,31,0,2,0,3,0,3,0,2,0,7,60,2,14295,14295,3,8,5,3,0,0,1,0
1285776,2,2022,2022,4,2,7,2209,17,166,2205,0,1,10,-33.89241,151.186939,69,0,2,1,3,0,0,0,2,2,7,50,2,1391,1391,1,0,36,3,0,0,1,0
1285777,2,2022,2022,3,2,5,100,27,62,799,1,0,9,-33.897632,151.147104,32,0,2,1,1,0,0,0,2,2,7,60,2,775,775,4,22,5,2,0,0,1,0
1285784,4,2022,2022,4,3,0,22,27,151,34609,0,1,9,-34.031997,150.848223,13,0,2,1,2,0,0,0,0,0,7,50,0,6545,6545,4,0,0,2,0,1,0,0
1285785,2,2022,2022,3,3,1,3,27,9,34609,0,1,1,-28.615036,153.433647,10,2,1,0,0,0,3,0,0,0,7,50,0,4552,5151,8,0,40,1,0,0,1,0
1285786,4,2022,2022,3,4,3,11,1,73,34609,1,0,9,-35.140721,147.379998,75,2,1,1,1,0,0,0,1,0,7,50,0,1220,1220,9,5,28,2,0,1,0,0
1285787,4,2022,2022,4,5,6,95,31,17,34609,0,1,9,-34.900096,150.621197,63,2,1,1,1,0,0,0,2,0,7,50,0,5929,5929,1,5,13,2,0,2,0,0
1285789,2,2022,2022,3,2,9,3,27,4,34609,0,1,1,-33.294766,149.876577,40,1,0,0,0,0,0,0,2,0,7,100,0,2585,4009,8,30,40,1,0,0,2,1
1285790,4,2021,2021,2,4,10,19,27,7,19,1,0,9,-33.324679,151.231719,16,2,2,1,3,0,0,0,0,0,7,60,1,9859,9859,8,5,40,1,0,1,0,0
1285793,2,2021,2021,2,4,0,475,10,78,268,0,1,1,-33.875743,150.768003,41,0,2,1,2,0,0,0,0,0,7,80,2,9859,9859,8,30,40,1,0,0,1,0
1285795,4,2022,2022,4,0,7,22,31,215,34609,0,1,10,-35.108007,147.362523,75,2,1,1,0,0,0,0,2,0,15,50,0,6545,6545,4,5,41,2,0,1,0,0
1285797,4,2022,2022,3,3,7,63,17,8,63,0,1,1,-29.259777,142.025521,51,1,0,0,0,0,0,0,2,0,7,100,2,418,714,5,10,40,1,0,1,0,0
1285798,2,2022,2022,3,2,6,280,10,314,82,0,1,10,-33.852251,150.931855,24,0,2,1,1,0,0,0,2,0,15,60,2,6545,6545,4,0,5,2,0,0,2,0
1285799,2,2021,2021,2,5,8,205,27,50,415,0,1,1,-33.679492,151.277943,50,0,2,1,3,0,0,0,4,0,7,70,2,14295,14295,3,21,5,2,0,0,1,0
1285800,4,2022,2022,4,1,9,280,10,237,240,0,1,2,-33.864109,150.954393,24,0,2,1,1,0,0,0,2,0,7,60,2,4026,4026,8,16,40,1,0,1,0,0
1285801,4,2022,2022,3,3,11,93,10,25,42,0,1,9,-32.940219,151.768909,48,0,2,1,3,0,2,6,0,0,7,50,1,6545,6545,4,5,0,2,0,1,1,0
1285802,4,2022,2022,4,0,6,3,27,155,34609,0,1,1,-33.127722,148.348718,53,1,0,1,0,2,0,0,2,0,7,100,0,9859,9859,8,5,40,1,0,1,1,0
1285804,1,2022,2022,4,4,6,3371,17,173,3342,0,1,10,-33.716014,151.108631,31,0,2,1,1,0,3,4,2,2,7,60,2,2852,2852,4,0,5,2,0,0,0,1
1285805,2,2022,2022,4,0,5,9,27,28,68,0,1,2,-34.080628,150.805151,13,0,2,1,0,0,0,0,2,0,7,60,1,4026,4026,1,0,12,2,0,0,1,0
1285806,2,2022,2022,4,2,10,4,31,16,34609,0,1,1,-34.598699,146.410047,51,2,1,1,2,0,3,4,0,0,7,50,0,9859,9859,8,5,40,1,0,0,1,0
1285807,4,2022,2022,3,1,7,13,27,16,34609,0,1,4,-33.815759,151.090348,61,0,2,0,0,0,3,3,2,0,7,50,0,2585,4009,8,0,40,1,0,1,0,0
1285808,2,2021,2021,2,0,5,192,10,57,114,0,1,2,-33.440409,151.37311,16,2,2,1,3,0,0,0,2,0,7,70,2,14295,14295,3,9,19,2,0,0,1,0
1285810,2,2022,2022,3,3,5,293,10,23,172,0,1,1,-32.989505,151.636433,37,0,2,1,1,0,0,0,2,0,7,60,2,5929,5929,1,34,0,3,0,0,1,0
1285813,4,2022,2022,4,4,8,2,31,129,34609,0,1,1,-33.930175,151.069821,15,0,2,1,1,0,0,0,2,0,7,50,0,1945,1945,5,16,40,1,0,1,0,0
1285815,1,2022,2022,4,2,6,33,10,7,34609,0,1,1,-28.589308,153.465948,10,2,1,0,1,0,3,4,2,0,7,60,0,3775,3775,0,10,36,2,0,0,0,1
1285816,2,2022,2022,3,1,5,161,17,39,161,0,1,10,-35.298788,148.223774,66,2,1,1,1,0,0,0,2,0,0,50,2,2852,2852,4,5,19,2,0,0,1,0
1285817,4,2021,2021,2,1,7,2261,17,20,2252,0,1,2,-35.375843,147.666813,75,1,0,1,0,0,0,0,2,0,7,110,2,945,945,5,5,40,1,0,1,1,0
1285820,2,2022,2022,3,3,7,294,17,44,288,0,1,9,-35.210584,147.763593,75,1,0,0,0,0,0,0,2,0,0,100,2,3775,3775,0,0,35,3,0,0,1,0
1285823,2,2022,2022,3,6,0,6,27,243,34609,0,1,9,-33.947643,150.90564,41,0,2,1,2,0,0,0,0,0,15,50,0,9859,9859,8,5,40,1,0,0,1,0
1285827,2,2022,2022,3,4,6,5,31,28,34609,0,1,10,-33.796673,151.195039,77,0,2,1,1,0,0,0,2,0,15,50,0,6545,6545,4,5,36,2,0,0,1,1
1285828,2,2022,2022,4,0,7,37,1,198,29,0,1,1,-33.908039,151.100775,15,0,2,1,1,0,0,0,2,0,7,50,1,1981,1981,4,5,5,2,0,0,1,0
1285829,2,2021,2021,2,6,6,2209,17,70,2205,0,1,1,-34.838088,150.595476,63,2,1,1,0,0,3,0,2,0,7,60,2,14295,14295,3,5,19,2,0,0,1,0
1285832,2,2021,2021,2,4,11,2,27,4,34609,0,1,1,-33.525483,151.36215,16,2,2,1,0,0,0,0,0,0,7,50,0,4026,4026,8,0,40,1,0,0,1,0
1285833,1,2022,2022,4,3,6,168,17,8,212,0,1,1,-35.326597,149.722473,58,1,0,0,0,0,0,0,2,0,7,100,2,3775,3775,0,5,13,2,0,0,0,2
1285836,4,2022,2022,4,6,9,133,27,66,260,0,1,10,-32.929047,151.642334,37,0,2,1,1,0,0,0,2,2,7,60,2,1945,1945,5,22,40,1,0,1,0,0
1285837,2,2022,2022,4,3,10,47,27,65,34609,0,1,1,-32.926053,151.783721,48,0,2,1,2,0,0,0,0,0,7,50,0,312,312,2,0,40,1,0,0,1,0
1285839,4,2022,2022,7,4,3,44,31,253,34609,0,1,10,-33.962424,151.099163,25,0,2,1,1,0,3,4,2,0,15,50,0,6545,6545,4,5,5,2,0,1,1,0
1285840,2,2021,2021,2,1,10,100,27,127,799,0,1,9,-33.896466,151.153021,32,0,2,1,3,0,0,0,2,0,7,60,2,1109,397,1,5,5,2,0,0,1,0
1285843,2,2022,2022,4,2,9,866,17,173,793,0,1,9,-33.719914,151.106379,31,0,2,1,2,0,0,0,3,2,7,60,2,5929,5929,1,0,5,2,0,0,2,0
1285844,4,2022,2022,4,6,7,3371,17,25,3342,0,1,2,-32.861844,151.705062,48,0,2,1,1,0,3,0,2,0,7,80,2,1192,1192,1,16,12,2,0,1,0,0
1285845,4,2022,2022,4,4,3,92,27,99,34609,0,1,10,-33.88658,151.272706,76,0,2,1,1,0,0,0,2,0,15,40,0,6545,6545,4,0,27,2,0,1,0,0
1285846,1,2021,2021,2,3,0,2261,17,68,2252,0,1,2,-34.766525,148.75955,82,1,0,0,0,0,0,0,0,0,7,110,2,2585,4009,8,10,40,1,0,0,0,2
1285847,4,2022,2022,3,1,6,1052,14,207,928,0,1,3,-33.603249,151.166398,31,0,2,1,0,0,3,3,2,0,7,110,2,1192,1192,1,0,36,2,0,1,0,0
1285848,2,2022,2022,3,6,8,118,31,304,34609,0,1,9,-33.908633,151.166661,32,0,2,1,1,0,3,4,2,0,7,50,0,926,926,4,10,19,2,0,0,1,0
1285849,4,2022,2022,4,5,8,1,31,11,34609,1,0,1,-30.750075,150.723027,70,2,1,1,1,0,3,4,2,0,7,50,0,121,121,9,34,28,2,0,1,0,0
1285852,4,2022,2022,4,4,5,24,31,314,34609,0,1,7,-33.854851,150.921417,24,0,2,1,1,0,3,4,2,0,0,50,0,6545,6545,4,0,0,2,0,1,1,0
1285854,2,2022,2022,7,2,5,387,27,204,331,0,1,10,-33.942239,151.132672,4,0,2,1,1,0,0,3,2,2,7,60,2,6545,6545,4,5,13,2,0,0,1,1
1285855,2,2022,2022,7,6,9,15,27,151,160,0,1,9,-34.019292,150.852181,13,0,2,0,1,0,3,4,3,0,15,60,2,2852,2852,4,5,5,2,0,0,1,0
1285856,1,2022,2022,4,6,6,1,1,70,34609,0,1,10,-33.247059,151.510024,16,2,2,1,2,0,0,0,2,0,0,50,0,6545,6545,4,5,0,2,0,0,0,1
1285858,4,2021,2021,2,4,6,361,1,73,34609,0,1,1,-33.893837,151.16658,32,0,2,1,0,0,3,3,2,0,7,50,0,1383,1383,1,9,27,2,0,1,0,0
1285861,4,2022,2022,4,2,2,512,17,19,441,0,1,1,-32.368089,148.804104,22,1,0,1,0,0,0,0,1,0,7,110,2,4026,4026,8,10,40,1,0,1,0,0
1285862,1,2022,2022,4,3,6,24,27,11,24,0,1,1,-28.32266,153.369285,72,2,1,0,0,0,0,0,2,0,7,80,1,2585,4009,8,16,40,1,0,0,0,1
1285863,2,2022,2022,3,6,2,21,27,23,15,0,1,1,-32.365919,149.268601,44,1,0,0,0,0,3,4,1,0,7,100,1,204,204,1,0,13,3,0,0,1,1
1285864,4,2022,2022,7,4,7,1,31,215,34609,0,1,1,-35.101824,147.365058,75,2,1,1,1,0,0,0,2,0,7,50,0,238,238,9,0,28,2,0,1,0,0
1285867,2,2022,2022,4,2,2,109,36,21,108,0,1,1,-28.272353,153.47298,72,2,1,1,0,0,3,4,1,0,7,80,1,945,945,5,10,40,1,0,0,1,0
1285870,4,2022,2022,7,5,3,4,27,2,34609,0,1,1,-33.536028,149.04198,51,1,0,0,0,0,0,0,1,0,7,100,0,1089,1089,7,16,40,1,0,1,0,0
1285873,2,2022,2022,4,2,0,475,10,42,268,0,1,10,-33.876057,150.842363,24,0,2,1,2,0,0,3,0,2,7,70,2,5929,5929,1,5,0,2,0,0,1,0
1285875,2,2022,2022,7,3,7,1052,14,207,928,0,1,3,-33.546835,151.196461,31,0,2,0,0,0,3,4,2,0,7,110,2,4552,5151,8,10,40,1,0,0,1,0
1285877,2,2022,2022,3,0,4,5,27,10,34609,0,1,9,-32.997881,151.582352,37,0,2,1,1,0,0,0,2,0,7,60,0,1669,1669,3,21,5,2,0,0,1,0
1285880,4,2021,2021,2,0,5,40,27,128,45,0,1,1,-33.420764,151.328931,16,2,2,0,3,0,3,3,2,0,7,60,1,175,188,8,0,40,1,0,1,0,0
1285884,2,2022,2022,7,3,9,13,27,5,143,0,1,1,-33.482418,149.557002,3,2,1,0,0,0,0,0,3,0,7,80,2,4552,5151,8,5,40,1,0,0,1,0
1285890,4,2022,2022,4,1,1,14,27,147,34609,1,0,7,-33.876301,150.994446,15,0,2,1,2,0,3,2,0,0,0,50,0,9859,9859,8,0,40,1,0,1,0,0
1285893,2,2022,2022,3,5,11,3371,17,53,3342,0,1,2,-30.646482,152.96589,47,1,0,0,0,0,3,4,0,0,7,110,2,3775,3775,0,5,5,2,0,0,1,2
1285895,2,2022,2022,7,4,6,481,17,25,483,0,1,1,-31.785729,148.637872,51,1,0,0,1,0,0,0,2,0,7,110,2,3775,3775,0,0,0,2,0,0,1,2
1285897,2,2022,2022,7,4,5,21,10,89,34609,0,1,1,-28.223533,153.53075,72,2,1,0,1,0,0,3,2,0,7,50,0,312,312,2,5,40,1,0,0,1,0
1285900,1,2022,2022,3,6,8,145,31,532,34609,0,1,10,-33.863433,151.211052,69,0,2,1,1,0,3,4,2,2,7,40,0,1192,1192,1,19,27,2,0,0,0,1
1285901,1,2022,2022,3,0,5,2126,17,218,2149,0,1,2,-33.771351,150.779089,55,0,2,1,1,0,0,0,2,0,7,60,2,14295,14295,3,8,12,4,0,0,0,1
1285904,4,2022,2022,3,0,11,2261,17,30,2252,0,1,2,-35.650554,147.44305,27,1,0,1,0,0,0,0,0,0,7,110,2,4026,4026,8,5,40,1,0,1,0,0
1285905,2,2022,2022,7,5,4,2126,17,44,2149,0,1,9,-33.764776,150.634591,8,2,2,1,1,0,0,0,2,0,7,70,2,941,941,1,5,5,2,0,0,2,0
1285910,2,2022,2022,7,0,3,387,27,253,331,0,1,9,-33.964044,151.095225,25,0,2,1,2,0,0,0,2,2,7,60,1,2852,2852,4,0,13,2,0,0,1,0
1285911,4,2022,2022,7,4,7,114,27,118,34609,0,1,1,-33.331663,151.272978,16,2,2,0,0,0,3,4,2,0,7,80,0,1259,5151,8,5,40,1,0,1,0,0
1285914,4,2022,2022,7,0,7,294,17,215,288,0,1,10,-35.117632,147.359933,75,2,1,1,1,0,0,0,2,0,0,60,2,5929,5929,1,5,0,2,0,1,0,0
1285917,2,2021,2021,2,0,5,334,17,6,308,0,1,1,-31.427483,152.19078,56,2,1,0,0,0,0,3,2,0,7,80,2,782,957,5,16,40,1,0,0,1,0
1285918,2,2022,2022,7,3,5,163,27,226,165,0,1,2,-33.764753,150.821077,7,0,2,1,1,0,0,0,2,0,7,60,1,238,238,9,5,28,2,0,0,1,0
1285928,4,2022,2022,4,4,8,38,27,290,159,0,1,10,-33.949164,151.128688,4,0,2,1,0,0,0,3,2,0,0,60,2,1669,1669,3,5,5,2,0,1,0,1
1285931,2,2022,2022,7,0,7,51,31,172,34609,0,1,10,-32.74615,151.585724,42,2,1,1,1,0,0,0,2,0,15,50,0,5929,5929,1,5,19,2,0,0,1,0
1285933,4,2022,2022,7,6,4,2261,17,443,2252,0,1,9,-33.904596,151.042007,15,0,2,1,1,0,0,0,2,2,7,60,2,5929,5929,1,0,19,2,0,1,1,0
1285935,2,2022,2022,3,3,4,2,27,2,34609,0,1,1,-33.491254,150.177395,40,2,1,1,0,2,0,0,2,0,7,50,0,312,312,2,5,40,1,0,0,1,0
1285938,2,2021,2021,2,6,7,866,17,94,793,0,1,2,-33.880986,150.924453,24,0,2,1,1,0,0,0,2,0,7,70,2,14295,14295,3,5,0,3,0,0,1,0
1285943,4,2022,2022,3,4,3,37,27,58,34609,0,1,1,-33.204684,151.432972,16,1,2,0,0,0,0,0,2,0,7,90,0,3775,3775,0,8,12,2,0,1,1,0
1285947,2,2022,2022,7,0,4,1,18,29,34609,1,2,1,-35.310972,150.430748,63,2,1,1,0,0,0,0,2,0,7,40,0,368,368,9,19,28,3,0,0,1,0
1285949,4,2022,2022,4,2,5,74,23,49,260,0,1,9,-33.974126,151.150697,4,0,2,1,3,0,0,0,2,2,7,60,2,14295,14295,3,15,0,2,0,1,0,0
1285950,4,2022,2022,3,3,0,7,10,30,34609,0,1,9,-33.266363,151.432354,16,2,2,1,2,0,3,4,0,0,7,50,0,4026,4026,8,0,40,1,0,1,0,0
1285951,4,2022,2022,3,6,11,21,31,65,18,0,1,2,-32.926619,151.782897,48,0,2,1,2,0,0,0,0,0,7,40,2,475,475,5,0,40,1,0,1,0,0
1285953,4,2022,2022,7,1,8,1,1,46,34609,0,1,9,-33.930737,150.848755,41,0,2,1,3,0,0,0,3,0,7,50,0,1669,1669,3,5,0,2,0,1,0,0
1285954,1,2022,2022,7,4,2,105,27,65,109,0,1,2,-33.872399,150.900454,24,0,2,1,3,0,0,0,0,0,7,60,1,1383,1383,1,10,0,2,0,0,0,1
1285957,1,2022,2022,7,0,9,485,27,187,769,0,1,9,-33.779042,150.998467,54,0,2,1,3,0,0,0,0,0,7,60,2,14295,14295,3,10,13,2,0,0,0,1
1285966,1,2022,2022,3,4,3,25,27,10,34609,0,1,1,-31.109874,152.985347,34,2,1,1,3,0,3,4,2,0,7,80,0,9859,9859,8,5,40,1,0,0,0,1
1285969,2,2022,2022,7,0,3,112,17,12,112,0,1,1,-31.597377,144.966178,51,1,0,1,3,0,0,0,2,0,7,110,2,1945,1945,5,29,40,1,0,0,1,0
1285970,1,2022,2022,7,3,5,123,27,37,120,0,1,9,-33.902066,151.253255,76,0,2,1,3,0,0,0,2,0,0,50,2,926,926,4,0,0,2,0,0,0,1
1285972,2,2022,2022,7,4,8,72,31,176,62,0,1,10,-33.949735,151.14888,4,0,2,1,3,0,0,0,2,2,7,60,1,256,256,4,10,0,2,0,0,1,0
1285978,2,2022,2022,3,3,7,225,17,85,180,1,0,9,-34.57094,150.772542,62,0,2,1,1,0,0,0,2,2,7,60,2,5929,5929,1,0,0,2,0,0,1,1
1285979,1,2022,2022,7,0,4,50,27,167,51,0,1,7,-33.853859,151.076965,54,0,2,1,3,0,0,0,2,0,0,60,1,14295,14295,3,10,5,2,0,0,0,1
1285981,2,2022,2022,7,5,9,97,31,363,92,0,1,4,-33.813982,150.997949,54,0,2,0,2,0,3,4,0,0,7,60,1,782,957,5,21,40,1,0,0,1,0
1285983,2,2022,2022,7,0,3,829,27,125,770,0,1,9,-33.822655,151.12173,61,0,2,1,1,0,3,4,2,2,7,60,2,5929,5929,1,10,5,2,0,0,1,0
1285985,1,2022,2022,7,0,3,195,27,53,186,0,1,2,-33.924202,150.848494,41,0,2,1,2,0,0,0,2,0,7,70,2,1383,1383,1,33,19,2,0,0,0,1
1285987,2,2021,2021,2,0,9,1104,14,323,962,0,1,3,-33.800338,150.864329,7,0,2,1,0,0,0,0,2,0,7,100,2,1282,1282,1,5,5,2,0,0,2,0
1285990,4,2022,2022,4,2,10,478,17,18,480,0,1,7,-33.228945,151.541108,16,2,2,1,2,0,0,0,0,0,0,60,2,6545,6545,4,5,19,2,0,1,0,0
1285992,4,2022,2022,7,2,11,62,10,70,62,0,1,10,-33.433964,151.348297,16,2,2,1,2,0,0,0,0,0,7,50,2,3775,3775,0,10,36,3,0,1,0,1
1285993,1,2022,2022,4,6,9,234,27,54,217,0,1,9,-33.705924,151.011612,71,0,2,0,2,0,3,4,3,2,7,60,2,5929,5929,1,5,5,2,0,0,0,1
1285994,4,2022,2022,7,6,3,3371,17,65,3342,0,1,2,-30.364322,153.055709,19,1,0,1,0,0,0,0,2,0,7,110,2,404,404,8,22,40,1,0,1,0,0
1285998,1,2021,2021,1,4,7,387,27,253,34609,0,1,0,-33.967641,151.104424,25,0,2,0,1,0,0,0,2,0,7,40,0,1282,1282,1,5,40,1,0,0,0,1
1285999,2,2022,2022,7,0,7,162,31,53,148,0,1,10,-32.92793,151.763536,48,0,2,1,1,0,0,0,2,2,9,60,1,2040,2040,9,0,26,2,0,0,1,0
1286003,2,2022,2022,7,5,5,64,27,175,284,0,1,1,-33.775229,151.062253,54,0,2,1,0,0,0,0,2,0,7,60,2,14295,14295,3,5,5,3,0,0,1,0
1286004,2,2022,2022,7,5,3,1,27,4,34609,0,1,1,-34.42546,148.065808,30,1,0,0,0,0,0,0,2,0,7,100,0,1850,1463,5,10,40,1,0,0,1,0
1286005,4,2022,2022,3,1,9,78,32,646,34609,0,1,0,-33.917942,151.03712,15,0,2,0,1,0,3,4,0,2,9,40,0,2040,2040,9,5,28,2,0,1,0,0
1286007,2,2022,2022,3,0,7,916,17,48,917,0,1,10,-29.051509,152.019501,51,2,1,1,1,0,0,0,2,0,15,50,2,6545,6545,4,5,13,3,0,0,1,1
1286008,1,2022,2022,7,2,8,33,27,7,34609,0,1,1,-33.366894,151.231285,16,2,2,1,0,2,0,0,2,0,7,50,0,9859,9859,8,34,40,1,0,0,0,1