Crash ID,Degree of crash - detailed,Reporting year,Year of crash,Month of crash,Day of week of crash,Two-hour intervals,Street of crash,Street type,Town,Route no.,School zone location,School zone active,Type of location,Latitude,Longitude,LGA,Urbanisation,Conurbation 1,Alignment,Street lighting,Road surface,Surface condition,Weather,Natural lighting,Signals operation,Other traffic control,Speed limit,Road classification,RUM - code,DCA - code,First impact type,Key TU type,Other TU type,No. of traffic units involved,No. killed,No. seriously injured,No. moderately injured,No. minor-other injured
1286015,2,2022,2022,3,3,5,191,27,309,208,0,1,1,-33.805435,151.10457,61,0,2,1,0,0,3,4,2,0,7,60,2,1981,1981,4,5,5,2,0,0,1,0
1286018,2,2022,2022,7,6,5,2126,17,23,2149,0,1,9,-33.818853,150.991686,54,0,2,1,1,0,0,0,2,2,7,60,2,6545,6545,4,5,5,2,0,0,1,0
1286022,4,2022,2022,7,4,6,1,31,225,34609,0,1,9,-33.794281,151.189604,77,0,2,1,1,0,0,0,2,0,7,50,0,4026,4026,8,5,40,2,0,1,0,0
1286023,2,2022,2022,4,5,5,478,17,96,480,0,1,10,-33.433826,151.389862,16,2,2,0,1,0,0,0,2,2,9,60,2,1669,1669,3,0,5,2,0,0,1,0
1286024,1,2022,2022,4,6,1,7,31,135,34609,1,0,10,-32.896003,151.747848,48,0,2,1,2,0,3,4,0,2,7,50,0,4026,4026,8,5,40,1,0,0,0,1
1286026,2,2022,2022,7,2,11,2126,17,179,2149,0,1,2,-33.757964,150.716665,55,0,2,1,2,0,3,4,0,0,7,60,2,14295,14295,3,5,5,3,0,0,1,0
1286029,4,2022,2022,3,1,6,81,31,133,80,0,1,10,-33.916107,151.014038,15,0,2,1,1,0,0,0,2,2,7,60,1,6545,6545,4,30,0,2,0,2,0,0
1286031,2,2022,2022,7,4,4,89,27,182,228,0,1,10,-32.841029,151.339061,17,2,1,1,0,0,0,0,2,0,7,50,1,1669,1669,3,5,0,2,0,0,1,0
1286032,1,2022,2022,3,6,0,330,27,147,605,0,1,2,-33.752983,151.286322,50,0,2,1,2,0,0,0,0,0,7,60,2,312,312,2,0,40,1,0,0,0,1
1286033,4,2022,2022,3,4,7,41,27,8,69,0,1,1,-34.636183,149.798621,26,1,0,1,0,0,0,0,2,0,7,100,1,4026,4026,8,16,40,1,0,1,0,0
1286036,2,2022,2022,7,3,7,11,27,42,9,0,1,1,-33.660864,151.2562,50,0,2,0,0,0,3,0,2,0,7,60,2,1850,1463,5,16,40,1,0,0,1,1
1286037,4,2022,2022,7,4,5,45,27,304,96,0,1,10,-33.909724,151.162208,32,0,2,1,1,0,0,0,2,2,15,60,2,2040,2040,9,8,28,2,0,1,0,0
1286039,1,2021,2021,2,6,6,3371,17,42,3342,0,1,9,-33.823799,151.197254,49,0,2,1,1,0,0,0,2,2,7,60,2,1282,1282,1,9,5,2,0,0,0,1
1286042,4,2022,2022,3,0,9,2261,17,284,2252,1,0,9,-33.90766,151.026091,15,0,2,1,0,0,0,0,3,2,9,60,2,190,190,1,5,5,3,0,1,0,0
1286044,2,2022,2022,3,4,5,344,27,89,382,0,1,1,-33.659854,150.796291,55,0,2,1,0,0,0,3,2,0,7,80,2,9859,9859,8,9,40,1,0,0,1,0
1286047,2,2022,2022,7,1,10,35,27,3,34609,0,1,1,-34.066276,150.475505,79,1,2,0,0,0,3,4,0,0,7,100,0,4552,5151,8,5,40,1,0,0,1,0
1286048,2,2022,2022,7,4,7,4,1,77,34609,0,1,1,-32.573289,151.177846,64,2,1,1,0,0,0,0,2,0,7,50,0,1220,1220,9,5,28,2,0,0,1,0
1286049,1,2021,2021,8,1,7,105,27,9,34609,1,2,1,-32.947545,151.683577,37,0,2,1,0,0,0,0,2,0,7,40,0,2040,2040,9,5,28,2,0,0,0,1
1286050,4,2022,2022,7,4,6,18,1,24,115,0,1,9,-33.707013,151.110443,31,0,2,0,1,0,0,0,2,2,7,60,1,775,775,4,34,12,2,0,1,0,0
1286054,1,2022,2022,4,0,5,222,27,71,165,0,1,9,-33.972904,151.075989,25,0,2,1,3,0,0,0,2,0,7,50,1,217,217,1,5,0,2,0,0,0,1
1286058,2,2021,2021,2,0,3,15,27,136,34609,0,1,1,-32.920754,151.716478,48,0,2,1,0,0,0,0,2,0,7,50,0,238,238,9,0,26,2,0,0,1,0
1286062,4,2022,2022,3,2,11,866,17,173,793,0,1,9,-33.719914,151.106379,31,0,2,1,2,0,0,0,0,2,7,60,2,5929,5929,1,34,5,2,0,1,0,1
1286063,4,2022,2022,7,5,9,9,10,11,26,0,1,9,-34.032547,150.811923,13,0,2,1,2,0,3,4,0,2,7,60,1,5929,5929,1,0,13,2,0,1,1,0
1286065,2,2022,2022,3,1,7,93,1,31,231,0,1,1,-33.506551,151.33132,16,2,2,1,0,0,0,3,2,0,7,60,2,3775,3775,0,10,0,2,0,0,1,0
1286066,4,2022,2022,4,5,11,17,31,460,106,0,1,9,-33.832875,150.987398,21,0,2,1,2,0,0,0,0,2,7,60,1,489,489,8,5,40,1,0,1,0,0
1286070,4,2022,2022,4,4,11,294,17,14,288,0,1,1,-34.805383,146.578565,51,1,0,0,0,0,0,0,0,0,7,100,2,380,714,5,5,40,1,0,1,0,0
1286071,4,2022,2022,4,1,8,1,34,6,34609,0,1,1,-31.443415,152.111611,56,2,1,0,0,2,3,6,2,0,7,60,0,404,404,8,16,40,1,0,1,0,0
1286072,2,2022,2022,7,6,5,17,10,63,34609,0,1,1,-33.240954,151.502345,16,2,2,0,3,0,3,4,2,0,7,50,0,1109,787,1,5,5,2,0,0,1,0
1286075,4,2022,2022,3,1,8,100,27,127,100,0,1,1,-33.82374,150.853351,24,0,2,1,0,0,3,4,2,0,7,80,2,3775,3775,0,5,10,2,0,1,1,0
1286078,1,2022,2022,3,5,4,9,18,120,34609,0,1,0,-32.181587,152.512467,43,2,1,1,0,0,0,0,2,0,7,50,0,238,238,9,5,26,2,0,0,0,1
1286080,2,2022,2022,3,5,9,280,10,314,82,1,0,10,-33.852716,150.935074,24,0,2,1,0,0,0,0,2,0,15,60,1,6545,6545,4,0,5,2,0,0,1,0
1286082,2,2022,2022,7,6,6,10,27,32,11,0,1,1,-32.331174,149.568814,44,1,0,0,3,0,0,0,2,0,7,100,1,3775,3775,0,0,0,2,0,0,1,0
1286083,2,2022,2022,7,1,7,74,27,130,59,0,1,7,-34.456215,150.859659,80,0,2,0,3,0,0,0,2,0,0,80,2,6545,6545,4,5,22,2,0,0,1,0
1286090,1,2022,2022,7,1,4,25,31,124,34609,1,2,1,-33.811223,151.04129,54,0,2,1,3,0,0,0,2,0,9,40,0,214,214,9,5,28,2,0,0,0,1
1286092,2,2022,2022,7,4,2,2126,17,140,2149,0,1,10,-33.78893,150.854357,7,0,2,1,2,0,3,4,0,2,7,80,2,5929,5929,1,0,5,2,0,0,1,0
1286093,2,2022,2022,7,2,6,11,27,16,34609,0,1,10,-34.234058,146.034836,28,2,1,1,0,0,0,0,2,0,0,80,0,6545,6545,4,0,13,2,0,0,1,0
1286098,1,2022,2022,7,6,8,117,1,115,121,0,1,9,-34.036189,151.073784,68,0,2,1,3,0,0,3,2,0,7,60,1,14295,14295,3,0,36,2,0,0,0,1
1286100,1,2022,2022,7,0,5,6,1,45,34609,0,1,1,-33.347178,151.495,16,2,2,1,3,0,0,0,2,0,7,50,0,941,941,1,21,5,2,0,0,0,1
1286107,2,2022,2022,3,0,9,46,1,121,34609,0,1,1,-28.20587,153.516938,72,2,1,1,1,0,0,0,3,0,7,50,0,9859,9859,1,5,13,2,0,0,1,0
1286108,2,2022,2022,4,1,5,512,17,6,441,0,1,1,-33.413608,149.545778,3,2,1,1,1,0,0,0,2,0,7,60,2,9859,9859,1,5,0,2,0,0,1,0
1286109,4,2022,2022,7,3,6,84,10,7,80,0,1,1,-34.279687,150.953759,80,0,2,0,1,0,0,0,2,0,7,50,2,14295,14295,3,16,5,3,0,1,0,0
1286111,1,2022,2022,7,5,7,59,10,89,34609,0,1,10,-33.894218,151.233059,59,0,2,0,0,0,0,0,2,0,15,30,0,6545,6545,4,5,27,2,0,0,0,1
1286115,4,2022,2022,7,6,6,2126,17,90,2149,0,1,2,-33.708748,150.316583,8,2,2,0,1,0,0,0,2,0,7,70,2,1850,1463,5,16,40,1,0,1,0,0
1286116,4,2022,2022,3,6,3,1,25,460,34609,0,1,0,-33.836466,150.992011,21,0,2,1,0,0,0,0,2,0,7,40,0,312,312,2,0,40,1,0,1,0,0
1286118,4,2022,2022,3,2,10,2209,17,176,2205,0,1,10,-33.95712,151.137755,4,0,2,1,2,0,3,4,0,2,7,60,2,1220,1220,9,5,28,2,0,1,0,0
1286120,2,2021,2021,2,0,5,3371,10,8,34609,0,1,1,-32.752467,152.166255,57,2,1,1,1,0,0,0,2,0,7,50,0,387,387,1,22,41,2,0,0,1,0
1286121,2,2022,2022,7,0,4,2209,17,76,2205,0,1,1,-35.370661,150.468112,63,2,1,1,1,0,0,0,2,0,7,60,2,14295,14295,3,10,36,3,0,0,2,2
1286122,2,2022,2022,7,2,7,30,24,167,34609,0,1,9,-33.839195,151.074947,54,0,2,0,1,0,0,0,2,0,0,60,0,5929,5929,1,0,27,2,0,0,1,0
1286123,1,2022,2022,7,1,7,2261,17,26,2252,0,1,3,-34.430793,150.461234,78,1,0,0,0,0,3,4,2,0,7,110,2,2585,4009,8,30,40,1,0,0,0,2
1286124,4,2022,2022,7,3,6,162,31,70,34609,0,1,10,-33.97547,151.109264,25,0,2,1,1,0,0,0,2,0,15,50,0,6545,6545,4,21,0,3,0,1,2,0
1286125,1,2022,2022,7,1,5,133,31,49,34609,0,1,1,-33.708386,151.302432,50,0,2,1,0,0,3,4,2,0,7,50,0,5929,5929,1,5,5,2,0,0,0,1
1286131,2,2022,2022,7,2,5,475,10,42,268,0,1,1,-33.879411,150.823122,41,0,2,1,3,0,3,4,2,0,7,80,2,945,945,5,10,40,1,0,0,1,0
1286135,1,2022,2022,3,0,9,32,31,115,34609,0,1,1,-33.961435,151.065427,25,0,2,1,3,0,0,0,2,0,7,50,0,1981,1981,4,21,5,2,0,0,0,1
1286136,2,2022,2022,7,3,3,109,36,14,108,0,1,10,-28.311787,153.436371,72,2,1,1,3,0,0,0,1,0,0,80,1,6545,6545,4,10,0,3,0,0,1,0
1286141,1,2021,2021,2,6,9,20,31,316,34609,0,1,1,-33.921356,151.237547,59,0,2,1,3,0,0,0,2,0,7,50,0,248,248,1,5,0,2,0,0,0,1
1286147,1,2021,2021,2,4,8,10,31,133,34609,0,1,1,-33.920407,151.015632,15,0,2,1,3,0,0,0,2,0,7,50,0,1981,1981,4,5,5,2,0,0,0,1
1286148,1,2022,2022,7,6,4,234,27,323,217,0,1,1,-33.761682,150.992989,71,0,2,0,3,0,3,4,2,0,7,60,2,14295,14295,3,8,5,3,0,0,0,1
1286154,1,2022,2022,7,5,4,97,31,460,92,0,1,9,-33.827472,150.994034,21,0,2,1,3,0,0,0,2,0,7,60,1,14295,14295,3,5,5,2,0,0,0,1
1286156,2,2022,2022,7,2,8,2126,17,136,2149,0,1,10,-33.8599,151.07286,67,0,2,1,3,0,0,3,2,0,7,60,2,5929,5929,1,0,5,2,0,0,1,0
1286157,1,2022,2022,7,6,11,39,10,42,65,0,1,7,-33.705546,150.942885,71,0,2,0,3,0,0,0,0,0,0,60,1,6545,6545,4,10,0,2,0,0,0,1
1286159,1,2022,2022,3,3,5,2209,17,64,2205,0,1,10,-34.383529,150.900309,80,0,2,1,3,0,0,0,2,2,7,80,2,14295,14295,3,0,0,3,0,0,0,1
1286161,1,2022,2022,7,2,5,2126,17,163,2149,1,0,9,-33.868702,151.104172,14,0,2,1,3,0,0,0,2,0,7,60,2,14295,14295,3,5,5,2,0,0,0,2
1286164,4,2022,2022,7,5,3,101,10,44,34609,0,1,1,-34.557296,150.846936,62,0,2,1,3,0,0,0,1,0,7,60,0,9859,9859,8,10,40,1,0,1,0,0
1286167,1,2022,2022,3,5,8,4,31,225,34609,0,1,9,-33.799117,151.192129,77,0,2,1,3,0,3,4,2,0,7,50,0,5929,5929,1,5,5,2,0,0,0,1
1286169,1,2022,2022,7,3,7,119,31,145,140,0,1,9,-33.926399,151.117761,15,0,2,0,3,0,3,4,2,2,7,50,1,1391,1391,1,0,36,2,0,0,0,1
1286173,1,2022,2022,7,4,1,33,1,28,34609,0,1,7,-33.919287,150.884918,41,0,2,1,2,0,0,0,0,0,0,50,0,4026,4026,8,30,40,1,0,0,0,1
1286177,2,2022,2022,7,2,5,283,27,129,702,0,1,9,-33.936861,151.074514,15,0,2,1,3,0,3,3,2,2,7,60,2,14295,14295,3,5,5,3,0,0,1,0
1286179,2,2022,2022,7,4,4,11,31,122,34609,0,1,7,-33.422737,151.341385,16,2,2,1,1,0,3,4,2,0,7,50,0,14295,14295,3,5,5,2,0,0,1,0
1286188,1,2022,2022,3,0,8,308,14,323,311,0,1,3,-33.805268,150.852668,7,0,2,1,0,0,0,0,2,0,7,100,2,1282,1282,1,3,0,2,0,0,0,1
1286191,1,2022,2022,7,5,4,52,27,67,7,0,1,7,-33.886105,151.016037,15,0,2,1,0,0,3,4,2,0,0,50,1,14295,14295,3,0,0,2,0,0,0,1
1286193,2,2022,2022,4,5,8,5,27,363,34609,0,1,1,-33.750027,150.703901,55,0,2,1,0,0,3,4,2,0,7,50,0,3775,3775,0,0,5,2,0,0,1,1
1286196,4,2022,2022,7,3,6,59,27,10,143,0,1,1,-33.987604,149.311523,74,1,0,0,0,0,0,0,2,0,7,100,2,418,714,5,16,40,1,0,1,0,0
1286201,2,2022,2022,7,1,3,23,31,218,19,0,1,9,-33.747614,150.767914,55,0,2,1,2,0,0,0,2,0,7,60,1,1669,1669,3,16,5,2,0,0,1,0
1286203,4,2022,2022,7,3,4,89,31,316,34609,0,1,10,-31.429018,152.910861,56,2,1,1,0,0,0,0,2,0,7,50,0,6545,6545,4,0,27,2,0,1,0,0
1286205,2,2022,2022,7,4,4,31,23,139,187,0,1,2,-33.86986,151.14584,32,0,2,1,1,0,0,0,2,0,7,60,2,3775,3775,0,9,0,4,0,0,1,1
1286206,2,2022,2022,3,3,3,485,27,187,769,0,1,1,-33.790695,150.996889,54,0,2,1,1,0,0,0,1,0,7,60,2,9859,9859,8,5,40,1,0,0,1,0
1286210,4,2022,2022,7,5,7,110,27,113,48,0,1,2,-34.345593,150.873508,80,0,2,0,0,0,3,4,2,0,7,100,2,2585,4009,8,5,40,1,0,1,0,0
1286211,1,2022,2022,3,4,3,104,27,443,702,0,1,9,-33.91262,151.063382,15,0,2,1,1,0,0,0,2,0,7,70,2,5929,5929,1,0,5,2,0,0,0,1
1286213,2,2021,2021,2,5,3,478,17,122,480,0,1,7,-33.429251,151.338777,16,2,2,1,1,0,0,0,2,0,0,60,2,623,623,3,5,0,2,0,0,1,0
1286214,1,2022,2022,7,5,5,330,27,121,102,1,0,9,-33.785635,151.281042,50,0,2,1,2,0,3,4,2,2,7,50,2,6545,6545,4,10,13,2,0,0,0,1
1286218,4,2022,2022,4,3,5,21,27,20,34609,0,1,1,-33.273675,151.396992,16,2,2,1,0,0,0,0,2,0,7,60,0,1945,1945,5,16,40,1,0,1,0,0
1286219,4,2022,2022,7,6,11,90,36,8,102,0,1,1,-34.344814,147.084169,51,1,0,0,0,0,0,6,0,0,7,100,2,782,957,5,29,40,1,0,1,0,0
1286221,4,2022,2022,7,2,11,43,22,149,187,0,1,2,-33.870495,151.173963,32,0,2,1,2,0,0,0,0,0,7,60,2,1192,1192,1,10,19,3,0,1,0,0
1286223,4,2021,2021,2,0,6,1,27,1,34609,0,1,1,-28.291822,153.248392,72,2,1,0,0,0,0,0,2,0,7,60,0,1957,4009,8,5,40,1,0,1,0,0
1286224,4,2022,2022,3,6,8,251,14,35,124,0,1,3,-33.817563,151.201813,77,0,2,1,0,0,0,0,2,0,7,80,2,1945,1945,5,15,40,1,0,1,0,0
1286232,1,2022,2022,7,6,10,133,27,66,260,0,1,9,-32.926262,151.650831,37,0,2,0,2,0,0,0,0,2,7,70,2,5929,5929,1,5,5,2,0,0,0,1
1286234,1,2022,2022,7,1,5,8,27,166,18,0,1,10,-33.89684,151.180384,69,0,2,1,3,0,3,3,2,2,7,40,2,14295,14295,3,5,5,2,0,0,0,1
1286238,4,2022,2022,7,1,9,9,31,56,34609,1,0,10,-31.093647,152.828992,34,2,1,1,2,0,0,0,0,0,9,50,0,2040,2040,9,21,28,2,0,1,0,0
1286239,2,2022,2022,7,5,7,191,17,562,189,0,1,7,-32.241263,148.622251,22,2,1,1,3,0,0,0,2,0,0,60,2,6545,6545,4,0,5,2,0,0,2,1
1286240,1,2022,2022,7,6,3,515,14,166,518,0,1,3,-33.944867,150.979596,15,0,2,1,3,0,0,0,2,0,7,100,2,14295,14295,3,9,5,2,0,0,0,1
1286243,1,2022,2022,7,0,5,344,27,62,382,0,1,10,-33.732939,150.848754,7,0,2,1,3,0,0,0,2,2,7,70,2,14295,14295,3,8,0,3,0,0,0,1
1286245,1,2022,2022,7,1,5,9,27,224,44,0,1,9,-33.821576,151.234999,45,0,2,1,3,0,0,0,2,0,0,50,1,14295,14295,3,9,0,2,0,0,0,1
1286246,1,2022,2022,7,6,3,103,27,94,563,0,1,10,-33.834,151.048216,54,0,2,1,3,0,3,4,2,2,7,70,2,14295,14295,3,0,0,2,0,0,0,1
1286252,1,2022,2022,7,4,8,150,27,197,415,1,0,9,-33.79325,151.119837,61,0,2,1,3,0,0,0,3,2,7,70,2,14295,14295,3,10,0,3,0,0,0,1
1286255,1,2022,2022,7,6,9,149,10,346,702,0,1,10,-33.86791,151.064212,67,0,2,1,3,0,3,4,0,2,7,80,2,14295,14295,3,5,0,3,0,0,0,1
1286257,1,2022,2022,7,1,8,26,27,8,115,0,1,10,-33.774337,151.181653,36,0,2,1,3,0,0,0,3,0,15,60,1,2852,2852,4,30,36,2,0,0,0,2
1286266,4,2022,2022,7,3,5,13,27,151,34609,0,1,1,-34.045164,150.831846,13,0,2,1,3,0,0,0,2,0,7,60,0,1981,1981,4,5,5,2,0,1,1,0
1286271,4,2021,2021,2,6,9,55,36,155,95,0,1,1,-33.188509,148.478836,53,1,0,1,3,0,0,0,2,0,7,100,2,9859,9859,8,5,40,1,0,1,0,0
1286273,1,2021,2021,11,5,5,195,27,85,186,0,1,2,-33.895278,150.856833,41,0,2,1,1,0,0,3,2,0,7,70,2,1945,1945,5,22,40,1,0,0,0,1
1286277,1,2022,2022,7,2,5,91,27,119,187,0,1,10,-33.874378,151.164695,32,0,2,1,3,0,0,0,2,2,7,70,2,1282,1282,1,30,0,2,0,0,0,1
1286328,4,2022,2022,4,2,6,500,27,646,799,0,1,9,-33.934305,151.032651,15,0,2,1,3,0,0,0,2,0,0,60,2,14295,14295,3,10,5,3,0,1,1,0
1286330,2,2022,2022,4,4,5,191,27,193,208,0,1,9,-33.788518,151.085717,61,0,2,1,1,0,3,4,2,2,7,60,2,14295,14295,3,5,25,2,0,0,1,1
1286332,4,2022,2022,3,4,3,35,27,9,49,0,1,1,-31.242923,150.801086,70,1,0,1,0,0,3,4,1,0,7,100,1,3775,3775,0,5,35,2,0,1,1,0
1286334,2,2022,2022,3,3,7,224,27,387,321,0,1,10,-33.935197,151.193978,4,0,2,1,1,0,0,0,2,2,7,60,2,2852,2852,4,5,0,2,0,0,2,0
1286335,4,2022,2022,3,4,6,330,23,150,233,0,1,10,-33.924395,151.228573,59,0,2,1,0,0,0,0,2,2,7,50,2,214,214,9,19,28,2,0,1,0,0
1286336,2,2022,2022,3,5,4,2209,17,67,2205,1,0,9,-34.425721,150.87123,80,0,2,1,1,0,0,0,2,2,7,60,2,5929,5929,1,10,13,2,0,0,2,0
1286338,4,2022,2022,7,3,8,2,27,100,34609,0,1,1,-33.811283,151.169218,38,0,2,1,0,0,0,0,2,0,7,50,0,1981,1981,4,5,18,2,0,1,0,0
1286343,2,2022,2022,3,0,4,80,31,42,34609,0,1,1,-33.816768,151.190906,77,0,2,1,0,0,0,0,2,0,7,50,0,941,941,1,10,0,2,0,0,1,0
1286345,2,2022,2022,4,5,8,84,27,61,415,0,1,9,-33.773305,151.135386,36,0,2,1,1,0,3,4,2,2,7,70,2,14295,14295,3,10,5,2,0,0,1,0
1286346,1,2022,2022,7,5,5,2261,17,49,2252,0,1,2,-34.732588,149.827128,26,1,0,0,0,0,3,4,2,0,7,110,2,1957,4009,8,9,40,1,0,0,0,1
1286347,2,2021,2021,2,5,4,348,17,32,232,0,1,1,-32.34457,149.484883,44,1,0,0,0,0,0,0,2,0,7,100,2,2585,4009,8,5,40,1,0,0,1,0
1286348,4,2022,2022,3,2,3,2126,17,62,2149,0,1,2,-33.890014,151.148739,32,0,2,0,1,0,0,0,2,0,10,60,2,3775,3775,0,30,5,7,0,4,0,0
1286349,2,2022,2022,3,0,5,2126,17,44,2149,0,1,2,-33.76541,150.63996,8,2,2,1,0,0,0,0,2,0,7,70,2,14295,14295,3,5,25,2,0,0,1,1
1286351,2,2022,2022,4,5,4,57,1,147,34609,1,0,7,-33.867699,151.135662,14,0,2,1,0,0,0,0,2,0,0,50,0,6545,6545,4,10,27,2,0,0,1,0
1286352,2,2021,2021,2,6,8,2126,17,38,2149,0,1,2,-33.774465,150.792486,55,0,2,1,0,0,0,0,2,0,7,60,2,1945,1945,5,16,40,1,0,0,1,0
1286353,2,2022,2022,3,4,11,92,31,363,34609,1,0,9,-33.755823,150.707527,55,0,2,1,3,0,3,4,0,0,7,50,0,3775,3775,0,5,5,2,0,0,2,0
1286355,4,2022,2022,4,6,7,23,27,36,38,0,1,1,-33.668005,148.669184,51,1,0,1,0,0,0,0,2,0,7,100,2,945,945,5,10,40,1,0,1,0,0
1286356,4,2022,2022,4,5,8,7,27,8,34609,0,1,1,-28.428704,153.51066,72,2,1,0,0,0,3,3,2,0,7,80,0,4552,5151,8,5,40,1,0,1,0,0
1286358,2,2022,2022,4,6,8,13,27,89,34609,0,1,9,-33.378727,151.471252,16,2,2,1,0,0,0,0,2,2,7,60,0,5929,5929,1,5,10,2,0,0,1,0
1286360,2,2022,2022,3,0,11,22,31,64,61,0,1,7,-33.884182,151.028122,21,0,2,1,2,0,0,0,0,0,0,50,1,6545,6545,4,5,5,2,0,0,1,0
1286362,4,2022,2022,3,0,5,103,27,34,98,0,1,1,-32.724765,150.944099,64,2,1,0,0,0,0,0,2,0,7,80,2,1850,1463,5,16,40,1,0,1,0,0
1286364,2,2022,2022,4,3,8,149,36,15,113,0,1,9,-32.354952,152.505869,43,1,0,1,0,0,0,0,2,0,7,100,1,150,150,4,0,19,2,0,0,2,0
1286367,4,2022,2022,4,6,11,334,17,8,308,0,1,1,-30.994557,150.380698,51,1,0,1,0,0,0,0,0,0,7,100,2,4026,4026,8,5,40,1,0,1,0,1
1286370,1,2022,2022,3,5,10,2,31,84,34609,0,1,1,-31.106883,150.896625,70,2,1,1,2,0,0,0,0,0,7,50,0,5929,5929,1,5,19,2,0,0,0,1
1286371,2,2022,2022,3,2,6,78,17,34,75,0,1,1,-33.860217,151.206213,69,0,2,0,0,0,0,0,2,0,7,70,2,14295,14295,3,33,5,2,0,0,1,0
1286372,4,2022,2022,3,1,5,22,27,173,34609,0,1,10,-33.875458,151.222084,69,0,2,1,1,0,0,0,2,2,9,40,0,591,591,1,22,0,2,0,1,0,0
1286373,2,2022,2022,4,2,10,35,27,193,33,0,1,1,-33.786568,151.085353,61,0,2,1,2,0,0,0,3,0,7,60,1,14295,14295,3,5,5,4,0,0,1,0
1286376,4,2022,2022,4,6,9,866,17,98,793,0,1,2,-33.738041,151.073985,31,0,2,0,2,0,3,4,3,0,7,70,2,1957,4009,8,30,40,1,0,1,0,0
1286379,4,2022,2022,4,0,6,17,27,9,12,0,1,1,-35.610946,147.746619,27,1,0,0,0,0,0,0,2,0,7,100,2,4552,5151,8,5,40,1,0,1,0,0
1286383,2,2021,2021,2,0,7,3,27,14,34609,0,1,9,-28.346142,153.356689,72,2,1,0,0,0,3,4,2,0,7,80,0,2852,2852,4,5,5,2,0,0,2,0
1286384,2,2021,2021,2,4,7,3371,17,207,3342,0,1,1,-33.599538,151.164597,31,0,2,0,1,0,0,0,2,0,7,80,2,3775,3775,0,16,5,2,0,0,1,0
1286386,4,2022,2022,7,5,10,232,36,64,168,0,1,10,-34.039344,150.739963,12,0,2,1,2,0,3,4,0,2,7,60,2,5929,5929,1,5,5,2,0,1,1,0
1286387,4,2022,2022,4,5,7,30,27,57,52,0,1,1,-33.900755,151.171522,32,0,2,1,0,0,0,0,2,0,7,60,1,1220,1220,9,5,28,2,0,1,0,0
1286391,1,2022,2022,4,6,7,16,31,161,115,0,1,10,-33.726492,151.161663,36,0,2,1,1,0,0,0,2,2,7,60,1,14295,14295,3,0,0,2,0,0,0,1
1286392,2,2022,2022,4,6,11,47,27,293,69,0,1,2,-33.941902,151.241344,59,0,2,1,2,0,0,0,0,0,7,50,1,1945,1945,5,22,40,1,0,0,1,0
1286394,2,2022,2022,4,6,4,8,27,239,34609,0,1,1,-34.03744,151.120963,68,0,2,1,0,0,3,4,2,0,7,50,0,945,945,5,16,40,1,0,0,1,0
1286399,4,2022,2022,4,4,1,1,7,174,34609,0,1,1,-33.87357,150.921273,24,0,2,1,2,0,0,0,0,0,7,50,0,9859,9859,1,5,5,3,0,1,0,0
1286401,2,2022,2022,7,4,6,40,27,73,34609,1,0,1,-35.147975,147.372198,75,2,1,1,1,0,0,0,2,0,7,60,0,4026,4026,8,10,40,2,0,0,1,0
1286402,2,2022,2022,3,0,4,3371,17,37,3342,0,1,9,-33.011381,151.678186,37,0,2,0,0,0,3,4,2,0,0,80,2,14295,14295,3,5,13,3,0,0,1,0
1286403,2,2022,2022,7,4,4,220,14,58,220,0,1,3,-34.40809,150.883481,80,0,2,1,3,0,0,0,2,0,7,80,2,14295,14295,3,5,0,7,0,0,1,1
1286404,2,2022,2022,4,6,9,1,31,32,34609,0,1,10,-34.584017,150.592407,78,2,1,1,1,0,0,0,2,0,0,50,0,6545,6545,4,30,0,2,0,0,3,0
1286406,1,2022,2022,4,5,6,97,17,34,88,0,1,2,-34.822964,149.598775,26,1,0,1,0,0,0,0,2,0,7,110,2,4026,4026,8,16,40,1,0,0,0,1
1286408,4,2022,2022,3,3,5,1,27,12,34609,0,1,1,-35.414681,147.20923,75,1,0,1,0,2,0,0,2,0,7,100,0,1945,1945,5,16,40,1,0,1,0,0
1286415,2,2022,2022,4,0,5,3,27,6,34609,0,1,1,-33.848416,151.140616,14,0,2,1,1,0,0,0,2,0,7,50,0,387,387,1,22,5,2,0,0,1,0
1286416,4,2022,2022,7,2,9,2209,17,106,2205,0,1,1,-34.562355,150.797134,62,0,2,1,0,0,0,0,0,0,7,60,2,5929,5929,1,5,19,2,0,1,0,0
1286418,4,2022,2022,3,2,11,1,27,5,34609,0,1,1,-32.521631,151.747175,51,2,1,0,2,0,0,0,0,0,7,80,0,2585,4009,8,10,40,1,0,1,0,0
1286421,4,2022,2022,3,4,7,481,17,4,483,0,1,1,-33.486461,147.797098,51,2,1,1,0,0,0,0,2,2,14,40,2,14295,14295,3,3,2,4,0,1,2,0
1286428,2,2022,2022,7,6,7,220,27,154,222,0,1,2,-33.713783,150.93454,71,0,2,1,1,0,0,0,2,0,7,80,2,14295,14295,3,5,0,4,0,0,1,0
1286429,4,2022,2022,3,1,9,5,27,2,34609,0,1,1,-32.04475,151.760762,43,2,1,0,0,0,0,0,2,0,7,80,0,4552,5151,8,5,40,1,0,1,0,0
1286435,2,2022,2022,7,6,7,51,31,31,34609,0,1,10,-31.090919,150.878565,70,2,1,1,1,0,0,0,2,0,0,50,0,6545,6545,4,5,12,3,0,0,1,0
1286436,1,2022,2022,7,2,4,6,27,193,34609,0,1,1,-33.779184,151.096496,61,0,2,1,3,0,3,4,2,0,7,50,0,9859,9859,1,5,5,2,0,0,0,2