Crash ID,Degree of crash - detailed,Reporting year,Year of crash,Month of crash,Day of week of crash,Two-hour intervals,Street of crash,Street type,Town,Route no.,School zone location,School zone active,Type of location,Latitude,Longitude,LGA,Urbanisation,Conurbation 1,Alignment,Street lighting,Road surface,Surface condition,Weather,Natural lighting,Signals operation,Other traffic control,Speed limit,Road classification,RUM - code,DCA - code,First impact type,Key TU type,Other TU type,No. of traffic units involved,No. killed,No. seriously injured,No. moderately injured,No. minor-other injured
1286438,4,2022,2022,7,6,6,1,31,11,34609,0,1,9,-34.35967,150.89974,80,0,2,0,1,0,0,0,2,0,15,60,0,6545,6545,4,9,0,3,0,2,1,0
1286439,1,2022,2022,7,2,7,2209,17,115,2205,0,1,10,-34.032014,151.076274,68,0,2,1,3,0,0,0,2,0,7,60,2,775,775,4,0,5,2,0,0,0,2
1286443,1,2022,2022,7,6,2,4,31,445,34609,0,1,1,-33.853424,151.044382,21,0,2,1,3,0,0,0,1,0,7,50,0,9859,9859,1,5,5,2,0,0,0,1
1286447,2,2022,2022,3,2,8,82,31,363,369,1,0,2,-33.754085,150.712684,55,0,2,1,3,0,3,4,2,0,7,70,2,14295,14295,3,5,13,2,0,0,1,0
1286449,1,2022,2022,7,2,6,6,31,137,34609,0,1,9,-32.961183,151.697655,37,0,2,1,3,0,0,3,2,0,0,50,0,6545,6545,4,0,5,2,0,0,0,1
1286454,1,2022,2022,7,1,4,28,31,523,34609,0,1,1,-33.921382,150.927169,41,0,2,1,3,0,3,3,2,0,7,30,0,387,387,1,16,0,2,0,0,0,1
1286456,2,2022,2022,7,4,8,294,17,215,288,0,1,10,-35.117109,147.356285,75,2,1,1,3,0,0,3,2,2,7,60,2,14295,14295,3,10,5,2,0,0,1,0
1286459,4,2022,2022,3,4,5,2261,17,204,2252,0,1,9,-33.898517,150.949187,24,0,2,1,3,0,0,0,2,2,7,70,2,5929,5929,1,0,13,2,0,1,0,0
1286460,1,2022,2022,7,1,8,106,27,523,106,0,1,9,-33.928006,150.91029,41,0,2,1,3,0,0,0,2,2,7,60,2,14295,14295,3,9,5,2,0,0,0,1
1286463,1,2022,2022,7,5,8,78,31,273,34609,0,1,1,-34.429553,150.888991,80,0,2,1,3,0,0,0,2,0,7,50,0,1981,1981,4,5,0,2,0,0,0,2
1286466,1,2022,2022,7,0,8,123,27,316,120,0,1,10,-33.903991,151.252856,59,0,2,1,3,0,0,3,2,2,7,50,2,14295,14295,3,5,5,2,0,0,0,1
1286472,4,2022,2022,7,4,3,26,27,131,115,0,1,9,-33.778824,151.185167,36,0,2,1,1,0,0,0,2,0,15,60,1,2040,2040,9,0,28,2,0,1,0,0
1286473,2,2022,2022,4,3,2,5,31,155,34609,0,1,1,-33.135587,148.176053,53,2,1,1,2,0,0,0,0,0,7,50,0,475,475,5,5,40,1,0,0,1,0
1286475,2,2022,2022,4,2,6,3371,17,107,3342,0,1,1,-33.281872,151.426095,16,2,2,1,1,0,0,0,2,0,7,50,2,9859,9859,1,5,5,2,0,0,1,1
1286479,1,2022,2022,7,0,4,515,14,243,518,0,1,3,-33.948476,150.89052,41,0,2,1,3,0,0,0,2,0,7,100,2,1391,1391,1,10,36,2,0,0,0,1
1286487,4,2022,2022,7,0,8,27,27,290,34609,0,1,9,-33.854225,150.987183,21,0,2,1,1,0,0,0,3,0,7,40,0,5929,5929,1,5,27,2,0,1,0,0
1286488,2,2021,2021,9,5,0,481,17,4,483,0,1,1,-33.724969,147.518733,51,1,0,1,0,0,0,0,0,0,7,110,2,945,945,5,29,40,1,0,0,1,0
1286491,2,2022,2022,7,0,10,59,27,252,41,0,1,10,-33.942299,150.867477,41,0,2,1,2,0,0,0,0,2,7,60,1,5929,5929,1,5,25,2,0,0,2,0
1286492,1,2022,2022,7,4,5,26,31,171,34609,0,1,1,-33.807519,150.970413,21,0,2,1,1,0,3,4,2,0,7,50,0,2040,2040,9,5,28,2,0,0,0,1
1286499,2,2022,2022,7,6,7,32,27,10,34609,0,1,1,-34.729657,149.649623,26,2,1,1,0,0,3,3,2,0,7,80,0,475,475,5,16,40,1,0,0,1,0
1286501,4,2022,2022,7,3,10,1,10,85,34609,0,1,1,-33.80244,150.683721,55,0,2,0,2,0,0,0,0,0,7,50,0,2585,4009,8,15,40,1,0,1,0,0
1286503,1,2022,2022,4,6,7,44,31,157,34609,0,1,1,-33.801886,151.018107,54,0,2,1,0,0,0,0,2,0,7,50,0,1981,1981,4,10,5,2,0,0,0,1
1286504,2,2022,2022,3,5,7,25,27,147,94,0,1,1,-33.882612,150.997563,15,0,2,1,1,0,0,0,2,0,7,50,1,14295,14295,3,0,0,2,0,0,1,0
1286507,4,2022,2022,7,3,11,2126,17,27,2149,0,1,9,-33.589183,150.252338,8,2,2,1,2,0,0,0,0,0,0,60,2,2852,2852,4,5,5,2,0,1,1,0
1286514,1,2022,2022,7,4,2,2126,17,139,2149,0,1,10,-33.876991,151.129837,32,0,2,1,3,0,3,4,0,2,7,60,2,515,515,1,21,5,2,0,0,0,1
1286517,2,2022,2022,7,5,4,265,17,103,193,1,2,10,-34.307405,148.301202,30,2,1,0,3,0,0,3,2,0,9,40,2,14295,14295,3,0,13,2,0,0,1,0
1286519,4,2022,2022,7,2,7,69,31,646,563,0,1,9,-33.925033,151.037918,15,0,2,0,3,0,0,0,2,2,7,70,2,5929,5929,1,5,0,2,0,1,0,0
1286524,2,2022,2022,7,0,5,2,1,69,34609,1,0,1,-34.54505,150.851167,62,0,2,0,3,0,0,3,2,0,7,50,0,4552,5151,1,5,13,2,0,0,1,0
1286525,1,2022,2022,3,0,8,24,31,94,34609,0,1,10,-33.83708,151.052235,54,0,2,1,3,0,0,0,2,0,0,50,0,6545,6545,4,10,10,2,0,0,0,1
1286526,1,2021,2021,2,4,7,26,27,31,34609,0,1,1,-34.592123,150.848529,62,0,2,1,3,0,0,0,2,0,7,70,0,217,217,1,10,0,2,0,0,0,1
1286537,2,2022,2022,7,2,8,47,27,19,15,0,1,1,-33.333804,148.260405,51,1,0,1,3,0,0,0,2,0,7,100,1,4026,4026,8,9,40,1,0,0,1,0
1286538,1,2022,2022,4,4,4,2209,17,88,2205,0,1,9,-33.987901,151.111784,25,0,2,1,3,0,0,0,2,3,7,70,2,14295,14295,3,5,5,2,0,0,0,1
1286542,4,2022,2022,3,0,10,3371,17,32,3342,0,1,2,-32.380085,152.26934,43,1,0,1,3,0,0,0,0,0,7,110,2,14295,14295,3,10,2,2,0,1,0,1
1286548,2,2022,2022,7,0,8,169,31,108,57,0,1,9,-28.865806,153.549071,2,2,1,1,3,0,3,4,2,0,0,60,1,14295,14295,3,5,5,2,0,0,1,0
1286550,2,2022,2022,3,0,6,1104,14,113,962,0,1,3,-33.78321,150.743995,55,0,2,1,3,0,3,4,2,0,7,110,2,14295,14295,3,8,5,6,0,0,1,0
1286552,2,2022,2022,4,2,6,27,1,132,148,0,1,1,-34.152117,151.028475,68,0,2,0,3,0,3,3,2,0,7,60,2,1850,1463,5,16,40,1,0,0,1,0
1286554,2,2021,2021,2,0,7,7,31,105,34609,0,1,1,-32.599748,149.581038,44,2,1,1,3,0,0,0,2,0,7,50,0,84,84,6,16,40,1,0,0,1,0
1286556,2,2022,2022,4,1,8,47,27,293,69,0,1,2,-33.941315,151.237172,59,0,2,1,2,0,0,0,2,0,7,50,1,14295,14295,3,15,5,2,0,0,1,0
1286562,2,2022,2022,7,0,5,13,3,370,256,0,1,10,-34.066683,150.819605,13,0,2,1,1,0,0,0,2,2,7,60,2,14295,14295,3,5,5,2,0,0,1,0
1286563,4,2022,2022,7,2,8,72,14,173,71,0,1,3,-33.87545,151.217474,69,0,2,1,2,0,0,0,2,0,7,70,2,14295,14295,3,10,5,2,0,1,1,0
1286565,2,2021,2021,2,6,3,123,27,316,25,0,1,9,-33.916548,151.248898,59,0,2,1,1,0,0,0,2,0,0,50,1,941,941,1,0,0,3,0,0,1,1
1286566,4,2022,2022,7,6,7,23,27,523,23,1,2,1,-33.926841,150.908322,41,0,2,1,0,0,0,0,2,0,7,40,1,1220,1220,9,0,28,2,0,1,0,0
1286568,2,2022,2022,7,2,11,866,17,98,793,0,1,10,-33.739535,151.068654,31,0,2,1,2,0,0,0,0,2,7,70,2,14295,14295,3,10,5,4,0,0,1,0
1286571,2,2022,2022,3,2,9,25,31,460,55,0,1,10,-33.833935,150.977123,21,0,2,1,1,0,0,0,2,1,6,60,1,5929,5929,1,5,0,2,0,0,1,0
1286573,2,2022,2022,7,3,3,22,10,387,64,0,1,10,-33.932149,151.1861,4,0,2,1,1,0,0,0,2,2,7,60,2,6545,6545,4,0,0,2,0,0,1,0
1286574,4,2022,2022,3,5,8,330,23,35,39,1,0,9,-33.963484,151.2459,59,0,2,1,1,0,0,0,2,0,15,60,1,6545,6545,4,10,36,2,0,1,1,0
1286575,4,2022,2022,7,4,1,85,27,72,145,0,1,2,-33.799183,151.054781,54,0,2,1,2,0,3,4,0,0,7,70,2,9859,9859,8,9,40,1,0,1,0,0
1286576,1,2022,2022,7,2,3,92,31,363,34609,1,0,1,-33.75546,150.705936,55,0,2,1,1,0,0,0,2,0,9,50,0,9859,9859,8,5,40,1,0,0,0,1
1286579,4,2022,2022,3,6,7,39,27,21,51,1,2,1,-33.682951,151.096357,31,0,2,1,0,0,0,0,2,0,9,40,2,368,368,9,34,28,2,0,1,0,0
1286583,1,2022,2022,7,3,8,4,36,3,18,0,1,1,-36.536974,148.702239,65,1,0,0,0,0,0,0,2,0,7,100,1,4552,5151,8,16,40,1,0,0,0,1
1286585,4,2022,2022,7,0,3,13,27,2,143,0,1,9,-33.466178,149.569844,3,2,1,1,1,0,0,0,2,0,0,80,2,623,623,3,5,13,2,0,1,0,0
1286586,4,2022,2022,3,2,8,2209,17,35,2205,0,1,2,-34.053478,151.047694,68,0,2,1,0,0,3,4,2,0,7,80,2,1282,1282,1,5,5,2,0,1,0,0
1286587,2,2022,2022,7,1,7,2,27,76,34609,0,1,1,-34.539321,150.37251,78,2,1,0,0,0,0,0,2,0,7,50,0,2585,4009,8,5,40,1,0,0,1,0
1286591,4,2022,2022,4,5,9,4,31,71,34609,0,1,10,-33.838573,150.973618,21,0,2,1,1,0,0,0,2,0,0,50,0,6545,6545,4,19,12,3,0,2,2,0
1286599,4,2022,2022,7,5,4,2261,17,23,2252,0,1,2,-34.631838,150.151325,78,1,0,0,0,0,3,4,2,0,7,110,2,1259,5151,8,0,40,1,0,2,0,0
1286600,2,2021,2021,2,5,5,133,31,646,97,0,1,9,-33.917667,151.024643,15,0,2,1,1,0,0,0,2,0,15,60,1,2852,2852,4,5,5,3,0,0,2,0
1286601,4,2022,2022,7,4,3,35,1,63,52,0,1,9,-33.732582,150.797335,7,0,2,1,2,0,3,4,1,2,7,60,1,5929,5929,1,5,13,2,0,1,0,0
1286602,2,2022,2022,7,6,6,4,31,309,34609,1,0,1,-33.812753,151.106979,61,0,2,1,0,0,0,0,2,0,7,40,0,1109,397,1,0,5,2,0,0,1,0
1286604,1,2022,2022,3,4,10,13,31,39,34609,0,1,1,-29.434565,153.361822,18,2,1,1,2,0,3,3,0,0,7,50,0,41,41,8,5,40,1,0,0,0,1
1286605,4,2021,2021,2,2,5,16,27,90,34609,0,1,9,-33.889686,151.246922,81,0,2,1,1,0,0,0,2,0,7,50,0,2852,2852,4,0,0,2,0,1,0,0
1286607,1,2022,2022,4,5,7,22,27,6,34609,0,1,1,-32.644423,149.799473,44,1,0,0,0,0,3,4,2,0,7,100,0,380,714,5,10,40,1,0,0,0,1
1286611,1,2022,2022,3,1,6,2,1,16,34609,0,1,9,-33.732753,151.279367,50,0,2,1,1,0,0,0,2,0,7,50,0,489,489,8,5,40,1,0,0,0,1
1286612,4,2022,2022,3,4,3,109,27,95,382,0,1,2,-33.733625,150.84778,7,0,2,1,1,0,0,0,2,0,7,60,2,14295,14295,3,16,13,2,0,1,0,0
1286616,2,2022,2022,4,5,9,2,27,2,34609,0,1,1,-36.221081,148.822341,65,1,0,1,0,2,0,0,2,0,7,100,0,4026,4026,8,0,40,1,0,0,1,0
1286619,1,2022,2022,3,6,2,30,27,6,39,0,1,1,-35.518219,149.441521,58,2,1,1,0,0,0,1,0,0,7,80,1,1089,1089,7,5,40,1,0,0,0,1
1286620,4,2022,2022,7,3,8,500,27,646,799,0,1,9,-33.932883,151.040359,15,0,2,1,3,0,0,0,2,3,7,60,2,1391,1391,1,5,5,2,0,1,0,0
1286627,4,2022,2022,3,1,8,515,14,38,518,0,1,3,-33.943639,151.067393,15,0,2,1,1,0,0,0,2,0,7,80,2,14295,14295,3,0,0,2,0,1,0,0
1286628,4,2022,2022,3,6,3,149,10,346,702,0,1,2,-33.881084,151.068915,67,0,2,1,0,0,3,4,1,0,7,70,2,14295,14295,3,5,5,2,0,1,0,0
1286630,2,2022,2022,7,5,10,2261,17,84,2252,0,1,9,-33.893674,150.959627,24,0,2,1,2,0,0,0,0,2,7,70,2,515,515,1,5,5,3,0,0,1,0
1286637,2,2022,2022,7,2,9,154,27,145,244,0,1,2,-33.916229,151.06674,15,0,2,1,3,0,0,0,0,0,7,60,2,14295,14295,3,5,5,2,0,0,1,0
1286641,1,2022,2022,7,2,8,22,27,94,20,0,1,1,-33.784546,150.805197,55,0,2,1,3,0,3,3,3,0,7,60,1,14295,14295,3,5,36,2,0,0,0,1
1286643,1,2021,2021,2,1,5,9,10,16,34609,0,1,1,-33.990094,151.024827,68,0,2,0,3,0,0,0,2,0,7,50,0,1391,1391,1,9,0,2,0,0,0,2
1286645,1,2022,2022,7,2,7,6,31,219,34609,0,1,10,-32.908283,151.674646,48,0,2,1,3,0,0,0,2,0,0,50,0,5929,5929,1,0,36,2,0,0,0,1
1286649,2,2022,2022,7,5,4,3371,17,104,3342,0,1,9,-32.827967,151.684351,48,0,2,1,3,0,3,4,2,2,7,80,2,14295,14295,3,8,5,2,0,0,1,0
1286650,2,2022,2022,7,0,4,2,31,234,34609,0,1,10,-34.277147,146.047147,28,2,1,1,3,0,0,0,2,0,0,50,0,6545,6545,4,0,5,2,0,0,2,0
1286661,1,2022,2022,3,1,7,3,31,224,34609,0,1,1,-33.826682,151.235913,45,0,2,1,3,0,0,0,2,0,7,50,0,1391,1391,1,0,5,2,0,0,0,1
1286664,2,2021,2021,2,3,8,19,27,57,63,0,1,10,-34.563885,150.830146,62,0,2,1,1,0,0,0,2,2,7,70,2,5929,5929,1,0,19,2,0,0,1,0
1286665,1,2022,2022,7,4,4,127,27,135,103,0,1,10,-32.902049,151.742874,48,0,2,1,1,0,3,4,2,2,9,60,1,1220,1220,9,33,28,2,0,0,0,1
1286666,2,2022,2022,7,4,5,10,27,115,10,0,1,9,-33.877335,151.185045,69,0,2,1,0,0,0,0,2,0,9,40,1,2040,2040,9,5,28,2,0,0,1,0
1286672,4,2021,2021,9,6,6,2,27,2,34609,0,1,1,-28.351887,153.172154,72,1,0,0,0,0,0,0,2,0,7,100,0,418,714,5,0,40,1,0,1,0,0
1286674,4,2022,2022,7,2,5,2,27,6,34609,0,1,1,-33.637826,150.10281,40,2,1,0,0,2,0,0,2,0,7,50,0,2585,4009,8,16,40,1,0,1,0,0
1286675,1,2022,2022,7,0,3,92,27,129,244,0,1,1,-33.894625,151.111331,15,0,2,1,3,0,2,6,1,0,7,60,2,5929,5929,1,5,0,2,0,0,0,1
1286682,2,2022,2022,7,0,7,168,10,387,260,0,1,2,-33.94593,151.17816,4,0,2,1,1,0,0,0,2,0,7,70,2,1383,1383,1,0,13,3,0,0,1,0
1286685,2,2022,2022,7,2,7,4,31,108,34609,0,1,7,-33.807279,151.183115,77,0,2,1,0,0,0,0,2,0,7,50,0,1945,1945,5,15,40,1,0,0,1,0
1286687,1,2022,2022,7,3,1,334,31,370,256,0,1,10,-34.070701,150.811758,13,0,2,1,2,0,0,0,0,2,7,60,2,6545,6545,4,5,5,2,0,0,0,1
1286688,1,2021,2021,9,1,4,19,31,139,34609,0,1,9,-33.839109,151.20882,49,0,2,1,0,0,0,0,2,3,7,40,0,387,387,1,15,0,2,0,0,0,1
1286690,1,2022,2022,7,4,3,29,27,17,34609,0,1,9,-28.234931,153.522751,72,2,1,0,0,0,0,0,2,0,7,60,0,404,404,8,16,40,1,0,0,0,1
1286693,2,2022,2022,7,0,7,2209,17,115,2205,0,1,2,-34.032259,151.074751,68,0,2,0,0,0,0,0,2,0,7,60,2,2585,4009,8,10,40,1,0,0,1,0
1286694,2,2022,2022,7,4,5,19,31,166,143,0,1,10,-33.424392,149.575528,3,2,1,1,1,0,0,0,2,0,0,50,2,6545,6545,4,5,36,2,0,0,1,0
1286696,1,2022,2022,7,3,6,106,27,31,106,0,1,2,-33.926307,150.897672,41,0,2,1,1,0,0,0,2,0,7,70,2,1282,1282,1,5,5,3,0,0,0,1
1286697,2,2022,2022,7,5,5,10,1,86,34609,0,1,1,-33.728985,151.21716,50,0,2,1,0,0,0,0,2,0,7,50,0,9859,9859,1,15,5,2,0,0,1,0
1286701,4,2022,2022,7,6,7,6,7,52,34609,0,1,1,-33.955548,150.9494,41,0,2,1,0,0,0,3,2,0,7,40,0,1220,1220,9,5,28,2,0,1,0,0
1286705,4,2022,2022,3,0,3,18,27,239,34609,0,1,7,-34.046804,151.123074,68,0,2,1,0,0,0,0,2,0,0,50,0,2040,2040,9,10,28,2,0,1,0,0
1286710,1,2022,2022,7,2,4,67,27,165,78,0,1,9,-33.851743,151.153524,14,0,2,0,1,0,3,3,2,2,7,50,2,2852,2852,4,5,0,2,0,0,0,1
1286717,2,2022,2022,7,5,9,485,27,134,769,0,1,2,-33.662797,150.893927,7,0,2,1,1,0,0,0,2,0,7,80,2,14295,14295,3,33,5,5,0,0,1,0
1286718,2,2022,2022,3,6,1,3371,17,17,3342,0,1,2,-31.99744,152.464052,43,1,0,0,0,0,3,4,0,0,7,110,2,1957,4009,8,3,40,1,0,0,1,0
1286719,2,2022,2022,3,0,9,42,31,83,100,0,1,9,-34.450473,150.449582,78,2,1,1,2,0,3,4,0,0,0,50,2,2040,2040,9,0,28,2,0,0,1,0
1286726,2,2022,2022,4,6,10,13,31,120,81,0,1,10,-32.189234,152.515341,43,2,1,1,2,0,3,0,0,0,0,50,2,6545,6545,4,5,0,2,0,0,3,0
1286727,4,2022,2022,4,1,6,515,14,197,518,0,1,3,-33.943468,151.075831,15,0,2,1,0,0,0,0,2,0,7,100,2,14295,14295,3,8,25,3,0,1,0,0
1286728,2,2022,2022,7,4,7,133,10,316,121,0,1,10,-31.447242,152.899731,56,2,1,1,1,0,3,0,2,2,7,70,1,6545,6545,4,30,12,2,0,0,1,0
1286732,2,2022,2022,7,3,6,916,17,70,917,0,1,2,-32.739127,151.553819,42,2,1,1,0,0,3,3,2,0,7,80,2,9859,9859,8,0,40,1,0,0,3,0
1286733,4,2022,2022,4,0,10,829,27,159,770,0,1,9,-33.807848,151.089168,61,0,2,1,2,0,0,0,0,0,15,60,2,2040,2040,9,5,28,2,0,1,0,0
1286736,2,2022,2022,3,1,9,12,10,65,34609,0,1,9,-36.063489,146.975096,0,2,1,1,0,0,0,0,2,0,7,80,0,1669,1669,3,10,25,3,0,0,2,1
1286739,4,2022,2022,7,1,7,39,36,18,79,0,1,1,-33.790239,151.207338,77,0,2,0,0,0,0,0,2,0,7,60,2,3775,3775,0,10,0,2,0,1,0,0
1286740,1,2022,2022,7,2,8,5,10,562,34609,0,1,1,-32.237485,148.661404,22,2,1,1,0,0,0,0,2,0,7,50,0,945,945,5,0,40,1,0,0,0,1
1286749,2,2022,2022,7,2,5,40,27,73,34609,0,1,9,-35.145227,147.373648,75,2,1,1,0,0,0,0,2,0,0,60,0,5929,5929,1,5,19,2,0,0,1,0
1286755,2,2022,2022,3,6,6,34,27,38,117,0,1,9,-32.928918,151.693572,48,0,2,0,1,0,0,0,2,2,7,60,2,2852,2852,4,5,5,3,0,0,3,0
1286756,2,2022,2022,7,2,8,48,27,70,166,0,1,9,-33.256073,151.506756,16,2,2,1,1,0,0,0,2,2,7,50,2,1220,1220,9,5,28,2,0,0,1,0
1286758,2,2022,2022,7,6,2,481,17,14,483,0,1,9,-30.575998,149.596646,51,1,0,1,0,0,0,0,0,0,7,110,2,1945,1945,5,26,40,1,0,0,1,0
1286759,4,2022,2022,3,3,0,77,31,445,563,0,1,10,-33.884705,151.040113,21,0,2,1,2,0,3,6,0,3,7,80,2,9859,9859,8,0,40,1,0,1,0,2
1286760,2,2022,2022,4,2,9,224,27,387,321,0,1,10,-33.938102,151.194706,4,0,2,1,1,0,0,3,2,2,7,60,2,6545,6545,4,0,0,2,0,0,2,0
1286763,4,2022,2022,3,1,8,125,27,443,34609,1,0,10,-33.903095,151.059814,15,0,2,1,1,0,0,0,2,0,0,50,0,2852,2852,4,5,5,2,0,1,0,0
1286765,4,2021,2021,2,1,7,2261,17,443,2252,0,1,2,-33.886144,151.06713,15,0,2,1,0,0,0,0,2,0,7,60,2,1383,1383,1,5,12,3,0,1,0,1
1286767,2,2022,2022,7,6,9,22,31,194,13,1,0,10,-30.503009,151.673093,1,2,1,1,1,0,0,0,3,2,0,50,1,5929,5929,1,5,19,2,0,0,1,0
1286772,4,2022,2022,7,6,7,103,27,5,98,0,1,1,-32.88956,150.769127,64,1,0,1,0,0,0,0,2,0,7,100,2,9859,9859,8,16,40,1,0,1,0,0
1286778,1,2022,2022,7,6,2,44,27,23,126,0,1,7,-32.772376,151.860085,57,2,1,1,3,0,3,3,1,0,0,80,2,1192,1192,1,5,0,2,0,0,0,1
1286779,1,2022,2022,7,0,6,109,27,137,105,0,1,9,-33.895924,150.910904,24,0,2,1,3,0,0,0,2,0,0,60,2,14295,14295,3,9,0,2,0,0,0,1
1286780,1,2022,2022,7,4,10,101,10,239,35,0,1,10,-34.032766,151.125467,68,0,2,1,3,0,3,4,4,2,7,60,2,5929,5929,1,5,36,2,0,0,0,1
1286787,4,2022,2022,3,2,6,829,27,159,770,0,1,9,-33.806036,151.079119,61,0,2,1,1,0,2,6,2,0,7,70,2,515,515,1,0,5,2,0,1,0,1
1286790,4,2022,2022,7,6,2,916,17,104,917,0,1,2,-32.823837,151.683849,48,0,2,0,3,0,0,3,1,2,7,80,2,5929,5929,1,8,13,2,0,1,0,0
1286792,4,2022,2022,7,5,3,196,10,166,168,0,1,9,-33.944123,150.982473,15,0,2,1,3,0,3,4,4,2,7,60,2,5929,5929,1,10,10,2,0,1,0,0
1286793,2,2022,2022,7,3,4,168,10,387,260,0,1,9,-33.938172,151.192881,4,0,2,1,3,0,0,0,2,2,7,70,2,5929,5929,1,5,5,2,0,0,1,0
1286798,4,2022,2022,7,5,6,72,14,252,71,0,1,3,-33.891662,151.216902,69,0,2,1,3,0,3,0,2,0,7,80,2,1192,1192,1,21,13,2,0,1,0,0
1286800,2,2022,2022,7,3,4,2209,17,157,2205,0,1,2,-34.008969,151.109809,68,0,2,0,3,0,3,3,2,0,7,70,2,2585,4009,8,5,40,1,0,0,1,0
1286804,2,2022,2022,7,0,4,85,31,20,34609,0,1,10,-30.221834,149.448039,51,2,1,1,0,0,0,0,2,0,0,50,0,6545,6545,4,30,5,2,0,0,1,0
1286805,2,2022,2022,7,4,4,73,31,112,34609,0,1,9,-36.054568,146.949375,0,2,1,1,0,0,0,0,2,0,7,60,0,14295,14295,3,0,5,3,0,0,2,0
1286809,2,2022,2022,3,4,8,1,27,81,34609,0,1,9,-33.881578,151.253015,81,0,2,1,1,0,0,0,3,0,7,50,0,14295,14295,3,0,0,2,0,0,1,0
1286812,2,2022,2022,7,3,6,23,10,19,174,0,1,10,-32.916907,151.478625,17,1,0,1,0,0,3,4,2,0,15,90,2,6545,6545,4,0,0,3,0,0,2,1
1286815,2,2022,2022,7,1,0,18,1,24,34609,0,1,9,-36.895115,149.913699,5,2,1,1,2,0,0,0,0,0,7,40,0,4026,4026,1,21,13,2,0,0,1,0
1286816,2,2022,2022,4,4,5,280,10,314,82,0,1,10,-33.851301,150.92543,24,0,2,1,1,0,0,0,2,0,0,60,1,256,256,4,9,13,2,0,0,1,1
1286820,2,2021,2021,9,4,10,163,27,226,165,0,1,9,-33.76454,150.826581,7,0,2,1,2,0,3,3,0,0,0,60,1,6545,6545,4,0,5,2,0,0,2,0
1286825,2,2022,2022,7,4,3,86,27,83,65,1,0,10,-29.713362,152.940305,18,2,1,1,2,0,0,3,0,0,0,50,1,6545,6545,4,5,0,2,0,0,1,0
1286827,2,2022,2022,7,4,2,3371,17,65,3342,0,1,2,-30.405571,153.029178,19,1,0,0,0,0,3,3,0,0,7,110,2,2585,4009,8,30,40,1,0,0,1,0
1286828,2,2021,2021,2,0,10,3,10,201,34609,0,1,9,-34.893854,150.621752,63,2,1,1,2,0,0,0,0,0,0,70,0,5929,5929,1,5,13,2,0,0,3,0
1286829,2,2022,2022,7,0,4,1,31,131,34609,0,1,7,-33.787856,151.184417,77,0,2,1,0,0,3,3,2,0,0,40,0,926,926,4,22,0,2,0,0,2,0
1286833,1,2022,2022,7,5,8,2261,17,109,2252,0,1,9,-33.956707,150.875784,41,0,2,1,1,0,0,0,2,2,7,70,2,5929,5929,1,0,0,2,0,0,0,1
1286834,4,2022,2022,7,2,6,1,27,1,34609,0,1,1,-29.125709,151.143409,33,2,1,0,0,2,0,0,2,0,7,80,0,2585,4009,8,30,40,1,0,1,0,0
1286836,4,2022,2022,3,5,8,21,27,140,34609,0,1,1,-33.893079,150.997722,15,0,2,1,3,0,3,4,2,0,7,60,0,941,941,1,5,12,2,0,1,0,0
1286837,1,2022,2022,7,4,10,16,27,90,34609,0,1,1,-33.889411,151.254934,81,0,2,1,2,0,3,4,0,0,7,50,0,1109,787,1,5,25,2,0,0,0,1
1286838,2,2022,2022,3,4,5,10,31,29,23,0,1,1,-32.396306,142.412937,51,2,1,0,0,0,0,0,2,0,7,50,1,5929,5929,1,10,19,2,0,0,1,0
1286840,4,2022,2022,3,6,7,56,27,323,38,0,1,1,-33.757215,150.964755,71,0,2,1,0,0,0,0,2,0,7,60,1,941,941,1,0,5,3,0,1,1,0
1286843,2,2022,2022,7,0,10,103,27,149,167,0,1,10,-33.986697,151.135408,4,0,2,1,3,0,2,6,0,0,0,60,2,1669,1669,3,5,5,2,0,0,1,1
1286844,4,2022,2022,4,0,7,1,27,1,34609,0,1,1,-32.54567,150.449529,46,2,1,0,0,2,0,0,2,0,7,60,0,418,714,5,0,40,1,0,1,0,1
1286849,4,2022,2022,7,4,6,134,10,36,133,0,1,6,-33.801277,151.02345,54,0,2,0,3,0,3,4,2,0,7,60,2,4552,5151,8,9,40,1,0,1,0,0
1286850,2,2022,2022,7,5,8,2126,17,38,2149,0,1,9,-33.776298,150.800889,55,0,2,1,3,0,0,0,2,0,15,80,2,6545,6545,4,5,5,2,0,0,1,1
1286853,1,2022,2022,7,5,7,67,27,225,68,0,1,9,-33.802046,151.191522,77,0,2,1,3,0,0,0,2,0,7,50,1,2852,2852,4,0,12,2,0,0,0,1
1286861,1,2022,2022,7,0,3,7,31,90,34609,1,0,1,-33.715274,150.311351,8,2,2,1,2,0,0,3,0,0,7,50,0,2040,2040,9,10,28,2,0,0,0,1
1286862,2,2022,2022,7,2,5,91,27,119,187,0,1,2,-33.875066,151.156584,32,0,2,1,2,0,3,4,2,0,7,70,2,14295,14295,3,0,5,2,0,0,1,0
1286863,1,2022,2022,7,0,6,8,27,72,34609,0,1,1,-34.004619,151.014451,68,0,2,1,0,0,0,0,2,0,7,60,0,1945,1945,5,16,40,1,0,0,0,1
1286867,2,2022,2022,7,6,5,18,31,106,34609,0,1,9,-33.892628,151.174618,32,0,2,1,1,0,0,3,2,0,7,50,0,387,387,1,22,5,2,0,0,1,0
1286869,4,2021,2021,9,0,11,52,27,438,103,0,1,10,-33.863758,151.018539,21,0,2,1,2,0,0,0,0,2,7,50,1,5929,5929,1,0,13,2,0,1,1,0