Crash ID,Degree of crash - detailed,Reporting year,Year of crash,Month of crash,Day of week of crash,Two-hour intervals,Street of crash,Street type,Town,Route no.,School zone location,School zone active,Type of location,Latitude,Longitude,LGA,Urbanisation,Conurbation 1,Alignment,Street lighting,Road surface,Surface condition,Weather,Natural lighting,Signals operation,Other traffic control,Speed limit,Road classification,RUM - code,DCA - code,First impact type,Key TU type,Other TU type,No. of traffic units involved,No. killed,No. seriously injured,No. moderately injured,No. minor-other injured
1286871,4,2022,2022,7,4,10,27,10,19,34609,0,1,1,-34.082487,150.83828,13,0,2,0,2,0,0,0,0,0,8,50,0,2585,4009,8,16,40,1,0,1,0,0
1286876,2,2022,2022,3,2,9,73,27,443,78,0,1,1,-33.906358,151.054079,15,0,2,1,2,0,3,4,3,0,7,60,2,1109,397,1,0,5,2,0,0,1,0
1286878,2,2022,2022,3,5,3,293,10,23,172,0,1,1,-32.985399,151.642237,37,0,2,1,1,0,0,0,2,0,7,60,2,9859,9859,8,10,40,1,0,0,1,0
1286881,4,2022,2022,4,1,8,123,36,11,90,0,1,1,-31.727971,151.863663,43,2,1,1,0,0,0,0,2,0,7,80,1,9859,9859,8,9,40,1,0,1,0,0
1286882,2,2022,2022,7,2,8,10,27,79,34609,0,1,1,-33.570899,150.700013,29,2,2,0,0,0,0,0,2,0,7,60,0,4552,5151,8,8,40,1,0,0,1,0
1286887,2,2022,2022,7,6,4,55,27,96,160,0,1,7,-34.0533,150.830315,13,0,2,0,0,0,0,0,2,0,0,60,2,591,591,1,18,5,2,0,0,1,0
1286888,2,2022,2022,3,4,4,17,31,18,58,0,1,9,-32.923589,151.760389,48,0,2,1,1,0,0,0,2,2,7,60,2,9859,9859,8,0,40,1,0,0,1,0
1286889,4,2022,2022,7,5,5,168,10,387,260,0,1,2,-33.943616,151.191429,4,0,2,0,0,0,3,3,2,0,7,40,2,14295,14295,3,8,13,3,0,1,0,0
1286897,1,2021,2021,11,3,6,135,17,93,136,0,1,7,-36.076967,146.940333,0,2,1,1,1,0,0,3,2,0,0,60,2,6545,6545,4,10,5,2,0,0,0,1
1286907,2,2021,2021,5,2,8,2,27,2,34609,0,1,1,-31.695901,147.839936,51,2,1,1,1,0,0,0,3,0,7,50,0,945,945,5,10,40,2,0,0,1,0
1286929,4,2022,2022,7,0,5,11,31,290,34609,0,1,9,-33.851067,150.986465,21,0,2,1,0,0,0,0,2,0,7,50,0,2852,2852,4,9,19,2,0,1,0,0
1286934,2,2022,2022,3,6,11,3,1,137,34609,0,1,1,-33.912032,151.20488,69,0,2,1,2,0,0,0,0,0,7,40,0,9859,9859,1,17,0,2,0,0,1,0
1286935,1,2022,2022,3,3,6,2209,17,61,2205,0,1,1,-35.877301,150.090946,23,1,0,0,1,0,0,0,2,0,7,100,2,101,101,8,0,40,2,0,0,0,1
1286936,4,2022,2022,4,0,4,13,27,2,143,0,1,1,-33.466992,149.569377,3,1,0,1,0,0,3,3,2,0,7,100,2,9859,9859,8,0,40,1,0,1,0,0
1286937,2,2022,2022,4,6,9,294,17,9,288,0,1,1,-35.115455,147.253475,75,1,0,1,0,0,3,4,2,0,7,100,2,14295,14295,3,5,40,2,0,0,1,0
1286939,4,2022,2022,4,1,4,3371,17,173,3342,0,1,10,-33.71601,151.108738,31,0,2,1,0,0,0,0,2,2,7,60,2,5929,5929,1,5,5,2,0,1,1,0
1286943,1,2022,2022,3,6,3,6,31,609,34609,0,1,10,-33.76896,150.900873,7,0,2,1,2,0,3,4,1,0,0,50,0,2852,2852,4,21,5,2,0,0,0,1
1286944,4,2022,2022,3,2,8,361,31,176,33,0,1,9,-33.965507,151.130878,4,0,2,0,0,0,3,4,2,0,0,50,1,6545,6545,4,5,19,4,0,1,0,0
1286945,2,2022,2022,3,5,11,171,31,60,34609,0,1,9,-33.644781,150.285991,8,2,2,0,2,0,0,0,0,0,0,50,0,1957,4009,8,5,40,1,0,0,1,0
1286946,2,2022,2022,3,1,8,9,10,323,34609,0,1,1,-33.802385,150.875685,7,0,2,1,0,0,0,0,2,0,7,50,0,4026,4026,1,5,5,2,0,0,1,0
1286947,1,2022,2022,4,5,8,2126,17,127,2149,0,1,2,-33.887858,151.160284,32,0,2,1,1,0,0,0,2,0,7,60,2,1383,1383,1,16,5,2,0,0,0,1
1286949,1,2022,2022,4,5,8,2209,17,7,2205,0,1,1,-35.165386,150.444353,63,1,0,0,1,0,3,4,2,0,7,100,2,1259,5151,8,5,40,1,0,0,0,1
1286950,2,2022,2022,3,1,11,104,27,246,140,0,1,10,-33.920825,151.191757,69,0,2,1,2,0,0,0,0,2,7,60,2,14295,14295,3,5,5,2,0,0,1,1
1286953,4,2022,2022,3,5,4,153,27,56,34609,0,1,1,-31.453816,152.745039,56,2,1,1,0,0,0,0,2,0,7,80,0,1945,1945,5,16,40,1,0,1,0,0
1286954,2,2022,2022,4,0,10,2261,17,23,2252,0,1,9,-34.649894,150.095793,78,1,0,0,0,0,3,4,0,0,7,110,2,1259,5151,8,5,40,1,0,0,1,0
1286955,1,2022,2022,3,3,10,512,17,30,441,0,1,1,-30.418648,146.202032,51,1,0,1,0,0,3,4,0,0,7,110,2,3775,3775,0,10,0,2,0,0,0,1
1286958,2,2022,2022,3,2,6,44,31,77,34609,0,1,1,-33.868742,150.945648,24,0,2,1,0,0,0,3,2,0,7,50,0,941,941,1,0,5,4,0,0,1,0
1286960,2,2022,2022,3,4,9,28,31,24,14,0,1,5,-36.889699,149.910676,5,2,1,0,1,0,0,0,3,2,7,50,1,312,312,2,0,40,1,0,0,1,0
1286962,2,2022,2022,7,4,9,26,31,90,34609,0,1,10,-32.928775,151.750538,48,0,2,1,3,0,0,0,3,0,15,50,0,6545,6545,4,5,5,3,0,0,1,0
1286963,4,2022,2022,3,5,5,11,27,7,34609,0,1,9,-35.808368,150.175535,23,1,0,1,0,0,0,0,2,0,0,100,0,2852,2852,4,5,36,2,0,1,1,0
1286964,2,2022,2022,4,6,6,8,27,69,34609,0,1,1,-28.569903,153.485208,10,2,1,0,0,0,3,4,2,0,7,80,0,3775,3775,0,5,13,2,0,0,1,1
1286968,2,2022,2022,4,3,7,255,31,64,46,1,0,9,-33.483739,150.143258,40,2,1,0,1,0,3,4,2,0,9,50,2,1669,1669,3,5,5,2,0,0,1,1
1286971,2,2022,2022,4,3,6,27,31,290,34609,0,1,1,-33.859817,151.002019,21,0,2,1,1,0,0,0,2,0,7,50,0,4026,4026,1,10,5,2,0,0,1,0
1286973,2,2022,2022,3,2,8,89,36,13,81,0,1,1,-34.318834,148.673876,30,1,0,0,0,0,0,0,2,0,7,100,2,4552,5151,8,16,40,1,0,0,1,0
1286974,4,2022,2022,4,4,10,177,22,210,176,1,0,2,-34.033608,151.095546,68,0,2,1,2,0,0,3,0,0,7,60,2,591,591,1,17,5,2,0,1,1,0
1286975,4,2022,2022,7,4,11,8,27,52,34609,0,1,1,-33.271604,151.456605,16,2,2,1,2,0,3,4,0,0,7,60,0,3775,3775,0,5,5,2,0,1,1,0
1286977,4,2022,2022,3,5,8,2261,17,22,2252,0,1,3,-34.057506,150.794789,13,0,2,1,1,0,0,0,2,0,7,110,2,14295,14295,3,0,5,2,0,1,0,0
1286980,2,2022,2022,4,3,5,8,1,443,34609,0,1,9,-33.903683,151.038269,15,0,2,1,0,0,0,0,2,0,0,50,0,489,489,5,5,12,3,0,0,1,0
1286981,1,2022,2022,7,1,0,916,17,165,917,0,1,1,-32.270637,150.889002,46,2,1,1,2,0,3,4,0,0,7,50,2,4026,4026,8,0,40,1,0,0,0,1
1286982,2,2022,2022,4,6,2,4,31,48,34609,0,1,1,-28.262029,153.570618,72,2,1,1,1,0,0,0,1,0,7,60,0,3775,3775,0,5,41,2,0,0,1,0
1286993,2,2022,2022,7,6,7,21,27,36,34609,0,1,1,-34.401076,150.850651,80,0,2,0,3,0,0,0,2,0,7,60,0,1957,4009,8,30,40,1,0,0,1,0
1287000,2,2022,2022,3,2,5,475,10,137,268,0,1,10,-33.907691,150.898662,41,0,2,1,1,0,3,4,2,2,7,60,2,5929,5929,1,5,0,2,0,0,1,0
1287002,4,2022,2022,3,3,3,19,27,118,19,0,1,1,-33.35093,151.282343,16,1,2,0,0,0,3,4,2,0,7,100,1,1957,4009,8,5,40,1,0,1,0,0
1287007,1,2022,2022,3,0,2,17,27,60,34609,0,1,2,-34.014445,150.723862,12,0,2,1,3,0,0,0,1,2,9,80,0,2040,2040,9,10,28,2,0,0,0,1
1287009,2,2021,2021,9,4,7,42,4,121,34609,0,1,9,-28.209726,153.524453,72,2,1,1,3,0,0,0,2,0,7,50,0,63,63,4,0,18,2,0,0,1,0
1287011,1,2022,2022,7,1,2,24,27,201,47,0,1,7,-33.990952,150.857422,13,0,2,1,3,0,3,3,0,0,0,60,1,301,301,4,5,5,2,0,0,0,1
1287014,1,2022,2022,7,5,7,175,27,609,220,0,1,2,-33.765612,150.912704,7,0,2,1,3,0,0,0,2,0,7,60,2,14295,14295,3,30,13,2,0,0,0,1
1287018,2,2022,2022,7,3,1,255,27,71,166,1,0,1,-33.266396,151.548649,16,2,2,1,3,0,0,0,0,0,7,50,2,9859,9859,8,5,40,1,0,0,1,0
1287019,4,2022,2022,3,5,9,6,1,73,34609,0,1,10,-33.836557,151.083653,14,0,2,0,1,0,0,0,3,2,9,50,0,2040,2040,9,5,28,2,0,1,0,0
1287020,4,2022,2022,7,1,3,224,27,49,321,0,1,10,-33.961926,151.21476,4,0,2,1,1,0,0,0,2,2,7,70,2,14295,14295,3,29,35,2,0,1,0,0
1287023,2,2021,2021,2,4,6,2126,17,22,2149,0,1,1,-33.56678,150.203571,40,2,1,1,1,0,0,0,2,0,7,80,2,941,941,1,10,0,2,0,0,1,1
1287034,2,2022,2022,7,1,1,24,6,62,34609,0,1,1,-32.921695,151.609949,37,0,2,0,2,0,0,0,0,0,7,50,0,2585,4009,8,5,40,1,0,0,1,0
1287035,1,2021,2021,2,6,6,39,27,137,80,0,1,9,-32.968916,151.69511,37,0,2,1,1,0,0,0,2,0,15,60,1,775,775,4,10,5,2,0,0,0,1
1287036,4,2021,2021,2,6,1,1,10,6,34609,0,1,1,-33.708133,149.958319,51,2,1,0,0,2,0,0,0,0,7,60,0,2585,4009,8,10,40,1,0,1,3,0
1287041,4,2022,2022,4,1,4,330,23,293,112,0,1,9,-33.950786,151.241229,59,0,2,1,1,0,0,0,2,0,0,60,2,6545,6545,4,9,27,2,0,1,0,0
1287042,4,2022,2022,3,1,6,39,31,94,34609,0,1,10,-33.839813,151.041443,54,0,2,1,1,0,0,0,2,0,15,50,0,6545,6545,4,5,5,2,0,1,0,0
1287045,1,2022,2022,4,2,5,10,31,13,34609,0,1,7,-33.370174,151.484253,16,2,2,1,1,0,0,0,2,0,0,50,0,14295,14295,3,5,13,2,0,0,0,2
1287046,2,2022,2022,3,0,11,163,27,41,165,0,1,9,-33.729035,150.820006,7,0,2,1,2,0,0,0,0,0,7,60,1,14295,14295,3,5,5,2,0,0,1,2
1287049,4,2022,2022,3,2,6,59,27,7,42,0,1,9,-33.968803,151.015076,15,0,2,1,1,0,3,4,2,0,0,60,1,9859,9859,8,9,40,2,0,1,0,0
1287054,2,2022,2022,7,0,5,7,31,77,34609,0,1,10,-32.94376,151.754768,48,0,2,1,1,0,0,0,2,0,15,50,0,6545,6545,4,5,0,2,0,0,1,0
1287056,4,2022,2022,3,4,8,3371,17,83,3342,0,1,2,-30.12186,153.181737,19,1,0,0,0,0,3,4,2,0,7,110,2,3775,3775,0,0,5,3,0,1,1,1
1287060,4,2022,2022,7,6,2,2261,17,35,2252,0,1,3,-34.204672,150.698974,79,1,2,1,0,0,3,0,0,0,7,110,2,9859,9859,1,29,10,2,0,1,1,0
1287061,2,2022,2022,3,2,8,38,31,387,64,0,1,9,-33.926882,151.188001,4,0,2,0,1,0,3,0,2,2,7,50,2,2852,2852,4,5,0,2,0,0,1,0
1287062,4,2022,2022,0,1,11,163,27,24,165,0,1,7,-33.737344,150.840907,7,0,2,1,3,0,0,0,0,0,0,60,1,9859,9859,8,5,40,1,0,1,0,0
1287068,2,2022,2022,7,4,3,3371,17,463,3342,0,1,9,-30.308415,153.100584,19,2,1,1,0,0,3,3,2,2,7,60,2,5929,5929,1,10,5,2,0,0,1,0
1287069,1,2022,2022,7,2,8,27,27,251,136,0,1,2,-33.768129,150.943071,7,0,2,0,1,0,0,0,2,2,9,60,2,1383,1383,1,9,12,2,0,0,0,1
1287070,2,2021,2021,9,1,10,37,31,198,41,0,1,1,-33.911572,151.103871,15,0,2,1,2,0,0,0,0,0,7,40,1,941,941,1,5,18,2,0,0,1,0
1287072,1,2022,2022,7,0,8,1,27,12,34609,0,1,1,-28.903156,152.743966,51,2,1,0,0,2,0,0,3,0,7,80,0,3775,3775,0,10,5,2,0,0,0,1
1287073,2,2022,2022,7,4,6,475,10,42,268,0,1,1,-33.880823,150.799039,55,0,2,1,2,0,3,4,2,0,7,60,2,3775,3775,0,5,5,3,0,0,1,0
1287074,1,2022,2022,7,4,4,25,1,79,34609,0,1,1,-33.973408,151.129464,25,0,2,1,1,0,0,0,2,0,7,50,0,14295,14295,3,16,5,2,0,0,0,1
1287076,1,2022,2022,3,5,6,361,23,44,165,0,1,9,-33.969586,151.119002,25,0,2,1,0,0,3,4,2,0,7,50,1,9859,9859,1,5,5,3,0,0,0,1
1287077,2,2022,2022,7,0,4,85,31,66,34609,0,1,10,-34.486049,150.894935,80,0,2,1,0,0,3,4,2,0,0,50,0,14295,14295,3,5,5,2,0,0,1,0
1287081,2,2022,2022,3,1,8,21,36,35,34609,0,1,9,-31.055677,152.849983,34,1,0,1,1,0,3,6,2,0,15,100,0,2852,2852,4,5,5,2,0,0,3,1
1287083,2,2022,2022,4,0,9,481,17,562,483,0,1,10,-32.208052,148.618697,22,2,1,1,0,0,0,0,2,0,0,80,2,6545,6545,4,5,13,2,0,0,2,1
1287084,2,2022,2022,7,0,10,2,31,316,34609,0,1,10,-31.430981,152.912287,56,2,1,1,2,0,0,0,0,0,0,50,0,6545,6545,4,0,13,2,0,0,1,0
1287085,2,2022,2022,4,1,7,52,27,188,53,1,0,10,-33.941127,151.10118,25,0,2,1,1,0,0,0,2,2,7,50,1,2040,2040,9,0,28,2,0,0,1,0
1287091,4,2022,2022,4,6,4,2,27,194,34609,0,1,9,-30.476646,151.735033,1,1,0,1,0,0,0,0,2,0,7,100,0,6545,6545,4,5,0,2,0,1,1,0
1287095,2,2022,2022,4,0,9,44,31,94,34609,0,1,7,-33.888045,150.929385,24,0,2,1,1,0,0,0,2,0,0,50,0,9859,9859,1,5,12,2,0,0,1,0
1287096,1,2022,2022,3,2,7,515,14,294,518,0,1,3,-33.942019,150.942829,41,0,2,1,0,0,3,4,2,0,7,100,2,1383,1383,1,8,5,2,0,0,0,1
1287104,1,2022,2022,4,2,1,11,31,14,34609,0,1,1,-36.163963,150.107995,23,2,1,1,2,0,0,0,0,0,7,50,0,4026,4026,1,5,0,3,0,0,0,1
1287108,1,2022,2022,7,6,9,1104,14,142,962,0,1,3,-33.827818,150.999631,54,0,2,0,2,0,3,4,3,0,7,90,2,14295,14295,3,5,19,2,0,0,0,1
1287109,2,2022,2022,4,4,7,2126,17,62,2149,0,1,2,-33.74537,150.611754,8,2,2,1,0,0,0,0,2,0,7,60,2,14295,14295,3,5,5,3,0,0,1,0
1287110,2,2022,2022,7,1,6,344,27,10,369,0,1,2,-33.740433,150.716527,55,0,2,1,3,0,0,0,2,0,7,70,2,14295,14295,3,9,5,3,0,0,1,1
1287113,2,2022,2022,4,3,3,71,36,12,139,0,1,1,-34.273387,145.998792,28,2,1,1,0,0,0,0,2,0,7,80,2,4026,4026,8,5,40,1,0,0,1,0
1287116,1,2022,2022,3,1,5,102,31,646,28,0,1,7,-33.91703,151.041855,15,0,2,1,1,0,0,0,2,0,0,50,1,5929,5929,1,5,0,2,0,0,0,1
1287118,4,2022,2022,7,1,7,118,31,129,34609,0,1,1,-33.928731,151.088873,15,0,2,1,0,0,3,4,2,0,7,50,0,14295,14295,3,5,18,2,0,1,0,0
1287121,2,2022,2022,3,2,5,2261,17,201,2252,0,1,3,-33.986724,150.855996,13,0,2,1,3,0,0,0,2,0,7,110,2,1383,1383,1,5,10,2,0,0,1,0
1287124,2,2022,2022,7,0,6,157,17,25,158,0,1,1,-33.716018,148.860068,51,1,0,0,0,0,0,0,2,0,7,100,2,3775,3775,0,0,5,2,0,0,1,0
1287126,4,2022,2022,4,6,4,147,27,139,605,0,1,9,-33.829769,151.213587,49,0,2,1,0,0,3,4,2,2,9,60,2,1850,985,5,16,40,1,0,1,0,0
1287133,2,2022,2022,4,5,10,224,27,246,321,1,0,9,-33.903455,151.202101,69,0,2,1,2,0,0,0,0,2,7,50,2,14295,14295,3,10,5,2,0,0,1,0
1287137,1,2022,2022,0,0,5,4,27,30,23,0,1,1,-30.214996,145.757768,51,1,0,1,3,2,0,0,2,0,7,100,1,1945,1945,5,0,40,1,0,0,0,1
1287139,2,2022,2022,0,6,8,1,36,134,34609,0,1,1,-33.531994,151.300339,16,2,2,0,3,0,0,0,3,0,7,50,0,4552,5151,1,5,13,2,0,0,1,0
1287141,2,2022,2022,0,0,8,220,14,40,220,0,1,3,-34.413147,150.882616,80,0,2,0,3,0,3,4,3,0,7,80,2,14295,14295,3,10,36,3,0,0,1,0
1287148,2,2022,2022,7,5,3,168,10,387,260,0,1,2,-33.945544,151.183523,4,0,2,1,3,0,3,4,2,0,7,70,2,14295,14295,3,5,19,2,0,0,1,0
1287149,2,2022,2022,7,0,8,65,10,132,148,0,1,1,-34.120026,151.070633,68,0,2,1,3,0,3,4,3,0,7,60,2,4026,4026,8,5,40,1,0,0,1,0
1287150,1,2022,2022,7,4,3,28,31,523,34609,1,0,10,-33.920624,150.927307,41,0,2,1,3,0,0,0,2,1,7,30,0,14295,14295,3,33,5,2,0,0,0,1
1287151,1,2022,2022,3,2,7,361,23,176,165,0,1,9,-33.96375,151.132509,25,0,2,1,3,0,0,0,2,0,0,40,1,14295,14295,3,0,5,2,0,0,0,1
1287152,4,2022,2022,4,1,3,2209,17,35,2205,0,1,9,-35.485118,150.339384,63,2,1,0,1,0,3,0,1,0,0,80,2,2852,2852,4,5,13,2,0,1,1,0
1287154,2,2022,2022,7,0,4,330,23,12,39,0,1,9,-33.981257,151.241953,59,0,2,1,3,0,3,3,2,0,7,60,2,4026,4026,1,5,0,3,0,0,1,0
1287155,2,2022,2022,0,6,7,113,27,104,111,0,1,9,-33.788276,150.77038,55,0,2,1,3,0,3,4,2,2,7,60,2,14295,14295,3,5,0,2,0,0,1,0
1287156,2,2022,2022,7,6,6,196,10,70,168,0,1,9,-33.91297,150.975665,15,0,2,1,3,0,0,0,2,0,7,60,2,3775,3775,0,5,12,2,0,0,1,0
1287161,2,2022,2022,7,4,8,265,17,23,193,0,1,10,-35.271769,147.120682,51,2,1,1,0,0,0,0,2,0,0,70,2,6545,6545,4,10,2,2,0,0,1,0
1287162,2,2022,2022,7,6,10,69,31,646,563,1,0,9,-33.93132,151.039383,15,0,2,1,2,0,0,0,0,0,15,60,2,1981,1981,4,5,19,2,0,0,1,0
1287166,1,2021,2021,5,6,9,9,27,45,34609,0,1,1,-33.817896,150.805677,55,0,2,1,2,0,0,0,0,0,7,60,0,9859,9859,1,5,13,2,0,0,0,1
1287169,4,2022,2022,7,4,5,149,36,120,113,0,1,1,-32.2281,152.541366,43,2,1,1,0,0,0,0,2,0,7,80,1,1945,1945,5,10,40,1,0,2,0,0
1287174,2,2022,2022,7,4,7,16,23,22,34609,0,1,9,-31.899255,152.523837,43,2,1,1,1,0,0,0,2,0,7,50,0,256,256,4,10,27,2,0,0,1,0
1287177,1,2021,2021,11,1,3,9,31,148,34609,0,1,1,-36.049203,146.926706,0,2,1,1,3,0,2,6,1,0,7,50,0,4026,4026,8,5,40,1,0,0,0,1
1287183,4,2022,2022,3,0,10,72,31,176,62,0,1,1,-33.95537,151.147523,4,0,2,1,2,0,3,3,0,0,7,60,1,1109,787,1,5,5,2,0,1,0,0
1287184,1,2022,2022,7,4,8,475,31,169,41,0,1,9,-33.901794,151.205787,69,0,2,1,1,0,0,0,3,0,7,50,1,14295,14295,3,0,5,3,0,0,0,1
1287186,2,2022,2022,7,4,11,44,27,43,34609,0,1,1,-33.214067,151.524958,16,2,2,1,2,0,0,0,0,0,7,50,0,4026,4026,1,30,5,2,0,0,1,0
1287187,4,2022,2022,3,4,5,916,17,172,917,0,1,9,-32.762347,151.5961,42,2,1,1,1,0,3,4,2,2,6,60,2,5929,5929,1,0,25,2,0,1,0,1
1287189,2,2022,2022,3,3,5,3,27,13,34609,0,1,1,-33.395877,149.037728,11,1,0,0,0,0,0,3,2,0,7,100,0,782,957,5,16,40,1,0,0,1,0
1287193,2,2022,2022,4,2,8,53,27,21,34609,0,1,1,-35.737041,150.195718,23,2,1,0,0,0,0,0,2,0,7,50,0,4552,5151,8,10,40,1,0,0,1,0
1287194,4,2022,2022,0,3,6,2126,17,60,2149,0,1,9,-33.636526,150.284985,8,2,2,1,1,0,0,0,2,0,7,60,2,340,340,9,0,28,2,0,1,0,0
1287195,1,2022,2022,4,2,3,45,27,47,44,0,1,2,-33.814858,151.153172,38,0,2,1,0,0,0,0,2,0,15,60,2,14295,14295,3,22,5,2,0,0,0,1
1287196,2,2022,2022,7,5,5,5,31,108,34609,0,1,10,-33.816053,151.183925,77,0,2,1,1,0,3,4,2,0,15,50,0,6545,6545,4,9,0,2,0,0,1,0
1287197,2,2022,2022,7,0,5,2261,17,92,2252,0,1,3,-34.001106,150.840753,13,0,2,1,1,0,0,0,2,0,7,110,2,1282,1282,1,8,36,2,0,0,1,0
1287201,1,2022,2022,4,5,7,3371,17,89,3342,0,1,2,-28.224466,153.555049,72,1,0,1,1,0,0,0,2,0,7,100,2,1391,1391,1,33,5,2,0,0,0,1
1287202,2,2022,2022,3,3,9,100,27,127,100,0,1,1,-33.858084,150.848982,24,0,2,1,3,0,0,0,3,0,7,80,2,14295,14295,3,0,5,2,0,0,1,0
1287204,2,2022,2022,3,2,4,51,10,104,34609,0,1,7,-33.802591,150.79228,55,0,2,1,1,0,3,4,2,0,0,50,0,6545,6545,4,16,5,2,0,0,1,0
1287209,2,2022,2022,7,5,6,163,27,73,165,0,1,2,-33.761498,150.810232,7,0,2,1,1,0,3,3,2,0,7,60,1,4026,4026,8,21,40,1,0,0,1,0
1287211,4,2021,2021,10,2,6,39,22,53,34609,0,1,1,-33.386434,151.436464,16,2,2,0,0,0,0,0,2,0,7,60,0,1957,4009,8,16,40,1,0,1,0,0
1287212,4,2022,2022,7,0,7,2,27,29,34609,0,1,1,-29.025156,153.437369,60,1,0,1,0,0,3,4,2,0,7,100,0,14295,14295,3,5,5,3,0,1,0,0
1287213,2,2022,2022,7,5,0,103,27,113,256,0,1,1,-34.264605,150.888041,80,0,2,1,0,0,3,4,0,0,7,90,2,9859,9859,8,10,40,1,0,0,1,0
1287214,2,2022,2022,0,0,11,33,31,29,34609,0,1,9,-31.112439,150.957164,70,2,1,1,2,0,0,0,0,0,7,50,0,489,489,8,5,40,1,0,0,1,0
1287216,2,2022,2022,3,2,6,1052,14,83,928,0,1,3,-33.486366,151.184625,16,1,2,0,1,0,3,4,2,0,7,90,2,1282,1282,1,8,5,2,0,0,1,0
1287219,2,2022,2022,7,0,7,89,27,11,228,0,1,9,-32.854534,151.324764,17,2,1,1,1,0,3,4,2,0,7,60,1,1669,1669,3,10,0,2,0,0,1,0
1287220,4,2022,2022,4,0,3,79,31,69,34609,0,1,9,-32.933285,151.741044,48,0,2,1,0,0,0,0,2,0,7,50,0,6545,6545,4,8,27,2,0,1,0,0
1287221,4,2022,2022,3,6,8,344,27,89,382,0,1,1,-33.669934,150.805036,55,0,2,1,1,0,0,0,2,0,7,80,2,5929,5929,1,10,19,2,0,1,0,0
1287222,2,2022,2022,7,2,3,3,27,77,34609,0,1,1,-30.343093,149.803905,51,2,1,0,0,0,0,0,2,0,7,80,0,2585,4009,8,10,40,1,0,0,1,0
1287225,2,2022,2022,7,2,9,13,27,73,13,0,1,1,-33.869225,151.220115,69,0,2,0,2,0,0,3,0,0,7,50,1,144,144,1,0,5,2,0,0,1,0
1287226,2,2021,2021,2,5,6,33,27,26,260,0,1,1,-33.060496,151.556564,37,0,2,1,0,0,0,0,2,0,7,90,2,3775,3775,0,5,5,2,0,0,1,0
1287227,4,2022,2022,3,4,4,16,27,90,34609,1,2,1,-33.889519,151.253014,81,0,2,1,0,0,0,0,2,0,7,40,0,368,368,9,0,28,3,0,1,0,0
1287228,4,2022,2022,7,5,3,346,17,35,332,0,1,1,-28.81397,153.266413,39,2,1,1,0,0,0,0,2,0,7,60,2,14295,14295,3,8,13,2,0,1,0,0
1287233,1,2022,2022,7,2,11,330,23,54,233,0,1,10,-33.895232,151.22164,69,0,2,1,2,0,3,4,0,2,9,60,2,2040,2040,9,33,28,2,0,0,0,1
1287236,4,2022,2022,3,3,6,98,31,176,159,0,1,1,-33.956445,151.145766,4,0,2,1,1,0,0,0,2,0,7,60,2,14295,14295,3,0,5,3,0,1,0,0
1287242,2,2021,2021,9,5,6,83,27,169,147,0,1,9,-28.661166,153.614836,10,2,1,1,1,0,0,0,2,0,0,50,1,1669,1669,3,5,5,2,0,0,2,0
1287252,4,2022,2022,3,6,9,165,31,363,34609,0,1,10,-33.813279,151.002233,54,0,2,1,2,0,0,0,0,2,7,40,0,1282,1282,1,22,0,2,0,1,0,0
1287253,2,2022,2022,7,3,6,149,36,5,113,0,1,1,-32.323751,152.525314,43,2,1,0,0,0,3,4,2,0,7,80,1,3775,3775,0,5,0,2,0,0,1,0
1287254,2,2022,2022,7,3,5,2209,17,59,2205,0,1,9,-34.331434,150.913689,80,0,2,1,1,0,0,0,2,2,9,60,2,591,591,1,18,5,2,0,0,1,0
1287255,1,2022,2022,7,0,4,26,31,609,34609,0,1,9,-33.77144,150.905877,7,0,2,1,0,0,3,0,2,2,7,40,0,14295,14295,3,5,25,2,0,0,0,2
1287256,2,2022,2022,3,2,11,49,31,83,65,0,1,9,-29.708123,152.939571,18,2,1,1,2,0,0,0,0,0,0,50,1,3775,3775,0,0,5,2,0,0,2,2
1287262,2,2022,2022,7,4,9,1,25,102,34609,0,1,9,-33.945325,151.197539,4,0,2,1,2,0,3,4,0,0,7,50,0,368,368,9,9,28,2,0,0,1,0
1287263,2,2022,2022,3,5,8,296,27,290,293,0,1,9,-33.852563,150.996017,21,0,2,1,1,0,3,4,2,0,7,70,2,256,256,4,5,5,4,0,0,1,0
1287266,2,2022,2022,3,2,1,2126,17,21,2149,0,1,2,-33.724094,150.405676,8,2,2,0,0,0,3,4,0,0,7,80,2,4552,5151,8,5,40,1,0,0,1,0
1287269,4,2022,2022,3,3,6,117,27,78,144,0,1,1,-33.862099,151.093393,14,0,2,1,0,0,0,6,2,0,7,60,2,220,220,8,5,40,1,0,2,0,0
1287273,4,2022,2022,4,1,4,31,27,85,41,0,1,1,-33.728607,151.138846,36,0,2,1,0,0,0,0,2,0,7,50,1,14295,14295,3,5,5,3,0,1,0,0
1287275,2,2022,2022,7,3,6,1,1,54,34609,0,1,1,-33.232059,151.504474,16,2,2,1,1,0,0,0,2,0,7,50,0,4026,4026,1,16,5,2,0,0,1,0
1287280,1,2022,2022,7,5,5,1052,14,207,928,0,1,3,-33.561945,151.19248,31,0,2,1,3,0,3,4,2,0,7,110,2,4026,4026,8,10,40,1,0,0,0,1
1287290,2,2022,2022,7,4,6,168,10,387,260,0,1,2,-33.947253,151.167785,4,0,2,1,3,0,3,0,2,0,7,70,2,14295,14295,3,5,10,2,0,0,1,0
1287291,1,2022,2022,0,2,5,60,27,40,167,1,0,10,-34.019078,151.121914,68,0,2,1,3,0,0,0,2,2,7,70,2,14295,14295,3,5,5,3,0,0,0,1