Crash ID,Degree of crash - detailed,Reporting year,Year of crash,Month of crash,Day of week of crash,Two-hour intervals,Street of crash,Street type,Town,Route no.,School zone location,School zone active,Type of location,Latitude,Longitude,LGA,Urbanisation,Conurbation 1,Alignment,Street lighting,Road surface,Surface condition,Weather,Natural lighting,Signals operation,Other traffic control,Speed limit,Road classification,RUM - code,DCA - code,First impact type,Key TU type,Other TU type,No. of traffic units involved,No. killed,No. seriously injured,No. moderately injured,No. minor-other injured
1287294,2,2022,2022,7,5,4,916,17,165,917,0,1,1,-32.398125,150.975366,46,1,0,0,3,0,3,4,2,0,7,100,2,52,52,6,5,40,1,0,0,1,0
1287296,2,2022,2022,0,1,7,191,17,13,189,0,1,9,-32.617341,151.104101,64,1,0,1,3,0,0,0,2,0,0,100,2,2852,2852,4,5,0,2,0,0,1,1
1287297,1,2022,2022,0,2,6,2126,17,161,2149,0,1,9,-33.888182,151.157613,32,0,2,1,3,0,0,0,2,2,7,60,2,14295,14295,3,5,0,2,0,0,0,1
1287298,2,2022,2022,0,6,0,6,27,5,34609,0,1,1,-32.294411,150.819729,46,1,0,1,0,0,0,0,0,0,7,100,0,4026,4026,8,0,40,1,0,0,1,0
1287299,2,2022,2022,7,2,7,2261,17,243,2252,0,1,2,-33.953625,150.899027,41,0,2,1,1,0,0,0,2,0,7,70,2,14295,14295,3,10,0,2,0,0,1,0
1287303,4,2022,2022,4,4,5,45,1,294,26,0,1,9,-33.937067,150.925751,41,0,2,1,1,0,0,0,2,0,7,60,2,1669,1669,3,30,5,2,0,1,0,0
1287304,2,2021,2021,9,3,2,280,10,237,240,0,1,7,-33.857094,150.950678,24,0,2,0,2,0,0,0,1,0,7,60,2,4552,5151,8,0,40,2,0,0,1,0
1287306,2,2022,2022,3,6,9,67,27,85,34609,0,1,1,-33.905248,150.866046,41,0,2,1,1,0,0,0,2,0,7,50,0,323,323,1,16,5,3,0,0,2,0
1287307,2,2022,2022,0,5,5,481,17,96,483,0,1,1,-33.381255,148.011393,51,2,1,1,1,0,0,0,2,0,7,50,2,3775,3775,0,5,10,2,0,0,1,0
1287311,1,2022,2022,7,2,3,132,31,174,126,0,1,10,-33.888649,151.198898,69,0,2,1,0,0,0,0,2,2,7,50,2,14295,14295,3,5,25,2,0,0,0,1
1287315,2,2021,2021,2,0,6,9,27,25,45,1,0,7,-33.742851,150.805337,7,0,2,1,0,0,0,0,2,0,0,50,1,4552,985,8,5,40,1,0,0,1,0
1287317,1,2022,2022,4,6,5,178,27,189,101,0,1,1,-33.948919,151.05268,25,0,2,1,1,0,0,0,2,0,7,50,1,14295,14295,3,5,5,2,0,0,0,1
1287319,4,2022,2022,3,5,5,13,31,25,34609,0,1,1,-32.892239,151.694485,48,0,2,1,0,0,0,0,2,0,7,50,0,368,368,9,5,28,2,0,1,0,0
1287323,2,2022,2022,7,3,0,2261,17,70,2252,0,1,2,-34.740263,149.942028,26,1,0,1,0,0,0,0,0,0,7,110,2,14295,14295,3,29,2,2,0,0,1,0
1287324,1,2022,2022,7,4,8,95,31,438,34609,0,1,9,-33.851101,151.032471,21,0,2,1,1,0,0,0,2,0,7,40,0,6545,6545,4,33,5,2,0,0,0,1
1287327,2,2022,2022,7,3,7,18,2,66,34609,1,0,1,-34.489263,150.912056,80,0,2,1,3,0,3,4,2,0,7,60,0,3775,3775,0,30,25,2,0,0,1,0
1287328,2,2022,2022,7,6,11,171,27,89,369,0,1,1,-33.65171,150.77493,55,0,2,1,0,0,3,4,0,0,7,80,2,3775,3775,0,10,0,2,0,0,5,0
1287330,2,2022,2022,7,3,9,8,31,80,34609,0,1,9,-33.878315,151.168769,32,0,2,1,1,0,0,0,2,0,7,50,0,312,312,2,30,40,1,0,0,1,0
1287333,1,2022,2022,7,6,7,36,31,225,34609,0,1,10,-33.793683,151.182013,77,0,2,1,0,0,3,3,2,0,7,40,0,2040,2040,9,5,28,2,0,0,0,1
1287342,2,2022,2022,7,4,8,475,31,174,41,0,1,2,-33.894559,151.207035,69,0,2,1,3,0,0,0,2,2,9,50,1,1089,1089,7,16,40,1,0,0,1,0
1287343,2,2022,2022,7,1,2,1052,14,207,928,0,1,3,-33.555189,151.192672,31,0,2,1,3,0,3,4,1,0,7,110,2,4026,4026,8,5,40,1,0,0,2,0
1287345,1,2022,2022,7,5,4,24,31,165,34609,0,1,1,-33.856065,151.156769,14,0,2,1,3,0,3,3,2,0,7,50,0,15,15,1,5,0,3,0,0,0,1
1287350,1,2022,2022,3,0,7,1104,14,142,962,0,1,3,-33.82725,151.00255,54,0,2,1,3,0,0,0,2,0,7,90,2,14295,14295,3,5,5,3,0,0,0,1
1287351,1,2022,2022,0,1,2,39,31,193,145,1,0,10,-33.793497,151.077677,61,0,2,1,3,0,0,0,1,2,7,60,2,1282,1282,1,33,5,2,0,0,0,1
1287359,4,2022,2022,3,6,8,43,27,25,34609,0,1,1,-29.737,151.352579,33,1,0,0,0,2,0,0,2,0,7,100,0,418,714,5,10,40,1,0,1,0,0
1287360,2,2022,2022,7,3,10,2,10,29,34609,0,1,1,-35.095982,150.620664,63,2,1,0,0,0,0,0,0,0,7,50,0,4552,5151,1,0,0,2,0,0,1,0
1287361,2,2022,2022,7,6,10,7,31,53,12,0,1,10,-32.234319,148.239189,51,2,1,1,2,0,0,0,0,0,0,50,1,6545,6545,4,5,0,2,0,0,1,1
1287362,1,2022,2022,7,2,8,22,31,284,34609,0,1,1,-33.896865,151.011793,15,0,2,1,3,0,0,0,2,0,7,50,0,14295,14295,3,0,5,2,0,0,0,1
1287363,4,2022,2022,7,2,4,3,27,6,34609,0,1,1,-28.952517,152.96175,60,1,0,0,0,0,0,0,2,0,7,100,0,4552,5151,8,0,40,1,0,1,0,0
1287366,2,2022,2022,0,2,7,1,10,7,34609,0,1,1,-33.811839,151.134707,61,0,2,1,3,0,0,0,2,0,7,50,0,9859,9859,1,5,0,2,0,0,1,0
1287372,1,2022,2022,7,0,7,283,27,91,702,0,1,1,-33.956318,151.086597,25,0,2,1,3,0,0,0,2,0,7,60,2,14295,14295,3,5,36,2,0,0,0,1
1287373,2,2022,2022,0,1,8,3371,17,463,3342,0,1,2,-30.312027,153.095777,19,2,1,0,3,0,3,4,2,0,7,60,2,14295,14295,3,9,5,2,0,0,1,0
1287377,2,2022,2022,0,6,11,2126,17,90,2149,0,1,9,-33.710756,150.311022,8,2,2,0,3,0,3,4,0,2,7,70,2,782,957,5,5,40,1,0,0,1,0
1287378,2,2022,2022,0,3,5,27,31,115,34609,0,1,1,-33.958663,151.055655,25,0,2,0,3,0,0,0,2,0,7,50,0,144,144,1,0,5,2,0,0,2,0
1287382,1,2022,2022,3,1,10,283,27,145,702,0,1,10,-33.917466,151.065154,15,0,2,0,3,0,3,4,0,2,7,60,2,14295,14295,3,5,13,2,0,0,0,2
1287383,2,2022,2022,0,6,8,916,17,102,917,0,1,7,-31.117673,150.923658,70,2,1,1,3,0,3,4,3,0,0,60,2,14295,14295,3,0,5,2,0,0,1,0
1287387,1,2022,2022,3,4,6,283,27,145,702,0,1,10,-33.917551,151.065059,15,0,2,1,3,0,0,0,2,2,7,60,2,5929,5929,1,5,5,2,0,0,0,1
1287391,4,2022,2022,7,6,7,3371,17,92,3342,0,1,9,-33.405792,151.351151,16,2,2,0,1,0,0,0,2,2,7,60,2,14295,14295,3,21,19,2,0,1,0,0
1287394,4,2022,2022,3,6,10,81,31,133,80,0,1,7,-33.928776,151.011887,15,0,2,1,2,0,3,4,0,0,0,60,1,591,591,1,22,5,2,0,1,0,0
1287396,2,2022,2022,7,2,8,829,27,123,770,0,1,9,-33.81405,151.05365,54,0,2,1,0,0,0,6,2,2,2,70,2,591,591,1,17,41,2,0,0,1,0
1287399,2,2022,2022,3,3,2,4,1,100,34609,0,1,1,-33.958553,151.155147,4,0,2,1,2,0,3,0,0,0,7,50,0,2040,2040,9,33,28,2,0,0,1,0
1287402,1,2022,2022,0,3,9,65,27,646,563,0,1,10,-33.92971,151.038401,15,0,2,1,0,0,0,0,2,2,6,70,2,5929,5929,1,0,0,3,0,0,0,1
1287405,4,2022,2022,7,5,6,7,27,40,34609,0,1,9,-33.827994,151.188616,38,0,2,1,0,0,0,0,2,0,7,50,0,1109,397,1,5,19,2,0,1,0,0
1287406,2,2021,2021,2,6,5,2126,17,27,2149,0,1,11,-33.59217,150.258386,8,2,2,0,0,0,0,0,2,0,15,60,2,1850,1463,5,16,40,1,0,0,1,0
1287416,2,2022,2022,7,5,9,18,10,79,34609,0,1,9,-34.012869,150.741422,12,0,2,1,2,0,3,4,0,2,7,60,0,2040,2040,9,5,28,2,0,0,1,0
1287419,1,2022,2022,7,4,7,18,36,4,19,0,1,1,-32.853583,148.517008,11,1,0,0,3,0,0,0,2,0,7,100,1,3775,3775,0,29,13,2,0,0,0,1
1287420,1,2022,2022,7,1,7,3371,17,52,3342,0,1,1,-33.262462,151.462495,16,2,2,1,3,0,3,4,2,0,7,70,2,14295,14295,3,5,5,2,0,0,0,1
1287422,1,2022,2022,0,3,8,3371,17,149,3342,0,1,7,-33.345061,151.369891,16,2,2,1,3,0,0,3,3,0,0,60,2,14295,14295,3,5,5,2,0,0,0,1
1287423,2,2022,2022,7,1,6,2209,17,40,2205,0,1,1,-35.782503,150.142342,23,2,1,1,3,0,0,0,2,0,7,50,2,14295,14295,3,5,13,2,0,0,1,0
1287427,4,2022,2022,7,4,7,6,27,147,34609,0,1,1,-33.888307,150.992915,15,0,2,1,1,0,0,0,2,0,7,50,0,1109,787,1,5,19,2,0,1,0,0
1287428,1,2022,2022,0,3,1,18,27,89,27,0,1,1,-33.672845,150.794798,55,0,2,1,3,0,0,0,0,0,7,80,1,1089,1089,7,0,40,1,0,0,0,1
1287435,2,2022,2022,0,0,6,17,27,7,18,0,1,1,-34.878366,148.898949,82,1,0,0,3,0,0,0,2,0,7,100,1,782,957,5,10,40,1,0,0,1,0
1287438,1,2022,2022,7,2,5,478,17,58,480,0,1,10,-33.433957,151.296598,16,2,2,1,3,2,0,3,2,2,9,60,2,6545,6545,4,5,36,2,0,0,0,1
1287440,2,2022,2022,7,1,6,55,10,96,47,0,1,9,-33.436162,151.405868,16,2,2,1,3,0,0,3,2,0,15,70,2,2585,777,8,5,40,1,0,0,1,0
1287441,2,2022,2022,0,3,1,48,27,8,42,0,1,1,-35.078219,150.222176,63,2,1,1,3,0,3,0,0,0,7,80,1,1945,1945,5,5,40,1,0,0,1,0
1287444,2,2022,2022,0,6,4,55,31,562,34609,0,1,7,-32.245165,148.604221,22,2,1,1,1,0,0,0,2,0,0,50,0,6545,6545,4,0,27,2,0,0,1,0
1287445,1,2022,2022,7,4,9,512,17,433,441,1,0,7,-33.281657,149.086685,52,2,1,1,1,0,0,0,2,0,0,50,2,2852,2852,4,0,27,2,0,0,0,1
1287446,4,2022,2022,7,5,8,13,31,103,34609,0,1,1,-34.31264,148.300316,30,2,1,1,1,0,0,0,2,0,7,50,0,941,941,1,30,41,2,0,1,0,0
1287447,4,2021,2021,2,6,7,2,27,57,34609,0,1,1,-33.359237,151.444938,16,2,2,1,1,0,0,0,2,0,7,50,0,2040,2040,9,0,28,2,0,1,0,0
1287448,1,2022,2022,0,5,5,150,27,173,415,0,1,2,-33.779491,151.134198,61,0,2,0,0,0,0,0,2,0,7,70,2,1192,1192,1,9,27,2,0,0,0,1
1287449,4,2022,2022,0,1,7,20,23,252,16,0,1,1,-33.928023,150.888064,41,0,2,1,2,0,0,0,2,0,7,60,0,5929,5929,1,5,19,2,0,1,0,0
1287451,1,2022,2022,7,6,4,127,25,40,34609,0,1,7,-33.730561,150.965847,71,0,2,1,0,0,0,0,2,0,0,50,0,5929,5929,1,0,5,2,0,0,0,1
1287454,1,2021,2021,9,3,9,41,27,58,80,0,1,9,-32.982036,151.668669,37,0,2,0,0,0,0,0,2,2,7,60,1,5929,5929,1,5,5,3,0,0,0,1
1287455,2,2022,2022,7,6,2,2209,17,11,2205,0,1,1,-36.29046,150.106956,23,1,0,1,0,0,3,4,0,0,7,100,2,404,404,8,10,40,1,0,0,1,0
1287457,2,2022,2022,7,3,5,21,31,74,34609,1,0,1,-34.639651,148.026995,20,2,1,1,1,0,0,0,2,0,7,50,0,1981,1981,4,0,27,2,0,0,1,0
1287458,4,2022,2022,7,6,11,6,31,78,125,0,1,9,-33.867069,151.008469,21,0,2,1,2,0,0,0,0,0,7,50,1,9859,9859,1,16,40,2,0,1,0,0
1287461,2,2022,2022,7,2,1,475,10,83,268,0,1,2,-33.883871,150.853873,41,0,2,0,2,0,3,4,0,0,7,70,2,2585,4009,8,5,40,1,0,0,1,0
1287467,2,2022,2022,0,1,5,7,18,562,34609,0,1,9,-32.246847,148.631074,22,2,1,1,0,0,0,0,2,0,0,60,0,14295,14295,3,5,0,2,0,0,2,0
1287469,2,2021,2021,9,6,3,39,27,57,147,0,1,9,-28.636607,153.560354,10,2,1,1,1,0,0,0,1,0,0,60,1,1945,1945,5,22,40,1,0,0,1,0
1287475,4,2021,2021,10,4,7,2261,17,112,2252,0,1,2,-36.062914,146.943568,0,1,0,1,0,0,0,0,2,0,7,110,2,14295,14295,3,5,12,2,0,1,1,0
1287478,2,2022,2022,3,0,10,916,17,10,917,0,1,1,-29.637242,151.835078,51,1,0,1,0,0,3,3,0,0,7,100,2,9859,9859,8,5,40,1,0,0,2,0
1287491,2,2021,2021,2,1,11,27,27,102,28,0,1,2,-33.947321,151.189426,4,0,2,1,2,0,0,0,0,0,7,80,2,1945,1945,5,16,40,1,0,0,1,0
1287494,2,2022,2022,7,1,6,10,31,149,34609,1,0,9,-33.859723,151.170659,32,0,2,1,1,0,0,0,2,0,7,40,0,4026,4026,8,5,40,1,0,0,1,0
1287495,4,2022,2022,4,1,6,3,4,112,34609,0,1,1,-33.446502,151.426564,16,2,2,0,1,0,0,0,2,0,7,50,0,4552,5151,1,16,5,2,0,1,0,0
1287496,4,2022,2022,3,4,8,3,27,73,34609,0,1,9,-33.771318,151.166549,36,0,2,1,1,0,0,0,2,0,7,50,0,323,323,1,16,0,2,0,1,0,0
1287502,2,2022,2022,3,0,11,34,31,433,34609,1,0,1,-33.278578,149.117155,52,2,1,1,0,0,0,6,0,0,7,50,0,3775,3775,0,30,5,2,0,0,1,0
1287503,2,2022,2022,3,3,0,109,27,15,13,0,1,1,-32.742563,151.13014,64,2,1,0,0,0,3,4,0,0,7,80,1,380,714,5,21,40,1,0,0,1,0
1287504,2,2022,2022,3,3,5,9,27,8,228,0,1,1,-33.368228,150.963377,29,2,2,0,0,0,0,0,2,0,7,80,1,4552,5151,8,16,40,1,0,0,1,0
1287505,4,2022,2022,3,6,2,2261,17,59,2252,0,1,3,-33.967489,150.874403,13,0,2,1,0,0,3,4,1,0,7,100,2,1192,1192,1,5,35,2,0,1,0,0
1287506,4,2022,2022,3,1,7,2261,17,70,2252,0,1,2,-34.715362,150.006219,26,1,0,1,0,0,0,0,2,0,7,110,2,1109,787,1,5,0,2,0,1,0,0
1287507,1,2022,2022,3,4,7,1,31,304,34609,0,1,9,-33.905716,151.154759,32,0,2,1,3,0,0,0,2,0,0,50,0,5929,5929,1,5,5,4,0,0,0,1
1287508,2,2022,2022,3,1,6,29,27,106,27,1,0,9,-34.568553,150.800982,62,0,2,1,3,0,0,0,2,0,15,60,2,2852,2852,4,5,5,3,0,0,1,0
1287509,2,2022,2022,4,4,8,1104,14,223,962,0,1,3,-33.806505,150.927747,7,0,2,1,0,0,0,0,2,0,7,100,2,14295,14295,3,9,36,2,0,0,2,0
1287510,4,2022,2022,3,0,7,13,31,438,34609,0,1,1,-33.851486,151.038617,21,0,2,1,1,0,3,4,2,0,7,50,0,1109,787,1,5,5,6,0,1,0,0
1287511,1,2022,2022,3,4,4,36,27,43,38,0,1,9,-33.759789,151.245357,50,0,2,1,2,0,3,4,2,0,7,60,1,2040,2040,9,0,28,2,0,0,0,1
1287513,2,2022,2022,3,0,8,14,1,64,52,0,1,1,-33.714213,150.740091,55,0,2,1,0,0,3,4,2,0,7,60,1,9859,9859,8,9,40,1,0,0,1,0
1287514,4,2022,2022,4,3,8,15,27,4,34609,0,1,1,-28.83719,153.337732,39,2,1,0,0,0,3,4,2,0,7,80,0,1259,5151,8,5,40,1,0,1,0,0
1287515,4,2022,2022,4,2,9,1052,14,17,928,0,1,3,-32.931765,151.549752,37,0,2,0,0,0,0,0,3,0,7,110,2,1957,4009,8,5,40,1,0,1,0,0
1287516,2,2022,2022,3,1,6,478,17,8,480,0,1,1,-33.225749,151.536318,16,2,2,0,1,0,3,3,2,0,7,60,2,782,957,5,16,40,1,0,0,1,0
1287518,4,2022,2022,3,6,4,39,36,18,79,0,1,1,-33.789692,151.207254,77,0,2,0,0,0,3,4,2,0,7,60,2,3775,3775,0,5,5,2,0,1,1,0
1287520,2,2022,2022,7,0,10,110,27,113,48,0,1,2,-34.33332,150.87962,80,0,2,1,0,0,3,4,0,0,7,100,2,9859,9859,8,9,40,1,0,0,1,0
1287521,1,2022,2022,7,5,0,475,31,532,75,0,1,9,-33.870721,151.210219,69,0,2,1,2,0,3,4,0,2,7,40,1,3775,3775,0,5,5,2,0,0,0,1
1287523,2,2022,2022,7,5,7,2,27,15,34609,0,1,1,-34.547642,148.387697,30,1,0,1,0,2,0,0,2,0,7,100,0,9859,9859,8,10,40,1,0,0,1,0
1287526,4,2022,2022,3,4,3,57,27,58,75,0,1,1,-33.439013,151.296081,16,2,2,1,1,0,3,4,2,0,7,60,1,9859,9859,8,5,40,1,0,1,0,0
1287527,2,2022,2022,7,0,11,515,14,145,518,0,1,3,-33.935918,151.111762,15,0,2,1,2,0,3,4,0,0,7,80,2,14295,14295,3,5,13,3,0,0,2,0
1287530,2,2022,2022,4,3,4,475,31,19,34609,1,0,1,-32.907626,151.750369,48,0,2,1,0,0,0,0,2,0,7,40,0,312,312,2,5,40,2,0,0,1,0
1287535,2,2022,2022,7,1,5,115,27,96,173,0,1,9,-34.233948,150.676455,79,2,2,1,3,0,0,0,2,0,7,80,2,14295,14295,3,10,5,3,0,0,1,0
1287537,1,2022,2022,4,4,7,294,17,215,288,0,1,9,-35.119003,147.369578,75,2,1,1,0,0,0,0,2,0,15,60,2,591,591,1,22,0,2,0,0,0,1
1287539,2,2022,2022,4,3,8,3,27,57,34609,0,1,1,-33.566831,150.95196,71,0,2,1,1,0,0,3,2,0,7,70,0,1945,1945,5,16,40,1,0,0,1,0
1287542,4,2022,2022,7,6,8,9,1,73,34609,0,1,1,-33.771771,151.175551,36,0,2,1,0,0,3,4,2,0,7,50,0,9859,9859,1,5,5,2,0,1,0,0
1287543,4,2022,2022,0,5,11,916,17,29,917,0,1,1,-31.100721,150.943959,70,2,1,0,2,0,0,0,0,0,7,70,2,368,368,9,5,28,2,0,1,0,0
1287544,2,2022,2022,7,6,8,125,31,4,34609,0,1,1,-31.020075,152.943015,34,2,1,1,1,0,0,0,2,0,7,50,0,3775,3775,0,0,5,3,0,0,1,0
1287547,4,2022,2022,7,2,8,2261,17,112,2252,0,1,9,-33.910371,150.939954,41,0,2,1,2,0,0,0,2,2,7,70,2,14295,14295,3,5,36,2,0,1,0,0
1287548,4,2022,2022,7,1,5,2,27,173,34609,0,1,1,-33.714801,151.109165,31,0,2,1,1,0,0,0,2,0,7,60,0,1981,1981,4,5,5,3,0,1,0,0
1287549,4,2022,2022,7,0,4,118,27,646,118,0,1,10,-33.930729,151.02951,15,0,2,0,0,0,3,4,2,0,7,60,1,1850,1463,5,16,40,1,0,1,0,0
1287559,2,2022,2022,0,0,3,475,10,137,268,0,1,9,-33.913579,150.906813,41,0,2,1,3,0,3,4,1,0,0,70,2,5929,5929,1,5,5,2,0,0,1,0
1287561,1,2022,2022,7,0,9,22,27,52,34609,0,1,1,-33.661025,150.702089,55,0,2,1,3,0,3,4,0,0,7,60,0,9859,9859,8,5,40,1,0,0,0,1
1287562,1,2022,2022,7,5,3,22,27,123,59,0,1,2,-33.886706,151.219583,69,0,2,1,3,0,0,3,2,0,7,40,1,14295,14295,3,5,0,2,0,0,0,1
1287568,2,2022,2022,0,6,7,512,17,562,441,0,1,1,-32.255008,148.614142,22,2,1,1,3,0,0,0,2,0,7,60,2,14295,14295,3,5,0,3,0,0,1,0
1287572,2,2022,2022,0,0,6,2,1,76,34609,0,1,1,-33.923612,150.864595,41,0,2,1,3,0,0,0,2,0,7,50,0,4026,4026,8,0,40,1,0,0,1,0
1287574,2,2022,2022,7,1,3,103,27,94,563,0,1,9,-33.826718,151.050808,54,0,2,1,3,0,0,0,1,2,7,70,2,1383,1383,1,5,10,2,0,0,1,0
1287576,1,2022,2022,0,6,3,55,27,126,38,0,1,10,-33.950503,150.808824,41,0,2,1,3,0,3,4,2,2,7,80,2,14295,14295,3,5,5,2,0,0,0,1
1287578,1,2022,2022,0,6,5,2209,17,82,2205,0,1,10,-34.373572,150.900773,80,0,2,1,3,0,3,4,2,2,7,80,2,14295,14295,3,5,0,2,0,0,0,1
1287579,1,2022,2022,7,1,9,8,31,86,34609,0,1,7,-33.739975,151.21629,50,0,2,1,3,0,0,0,0,0,0,50,0,14295,14295,3,10,5,2,0,0,0,1
1287580,1,2022,2022,0,5,7,485,27,323,769,0,1,9,-33.767708,150.998432,71,0,2,1,3,0,0,0,2,2,7,60,2,14295,14295,3,5,5,3,0,0,0,1
1287584,1,2022,2022,0,2,9,31,24,61,36,0,1,1,-33.75469,151.120072,36,0,2,1,3,0,0,0,0,0,7,60,1,623,623,3,5,0,3,0,0,0,1
1287586,1,2022,2022,4,5,5,18,10,53,18,0,1,7,-33.775427,151.149144,36,0,2,1,3,0,3,4,2,0,0,60,1,1669,1669,3,5,5,2,0,0,0,1
1287588,1,2022,2022,7,4,8,2209,17,82,2205,0,1,10,-34.367165,150.903841,80,0,2,1,3,0,0,0,2,2,7,80,2,1391,1391,1,10,5,2,0,0,0,1
1287590,1,2022,2022,7,4,9,195,27,49,186,0,1,2,-33.918723,150.853034,41,0,2,1,3,0,3,4,3,0,7,70,2,1391,1391,1,0,5,2,0,0,0,1
1287595,2,2022,2022,0,5,9,8,31,7,34609,1,0,10,-33.426833,149.647047,3,2,1,1,2,0,0,0,0,0,0,50,0,6545,6545,4,0,13,2,0,0,1,0
1287602,2,2022,2022,0,2,9,330,23,54,233,0,1,2,-33.897019,151.221933,69,0,2,1,2,0,0,0,3,0,7,60,2,9859,9859,1,5,10,2,0,0,1,0
1287603,2,2022,2022,7,6,9,1,18,48,34609,0,1,1,-36.702316,149.836716,5,2,1,0,0,2,3,3,0,0,7,50,0,1259,5151,8,5,40,1,0,0,1,0
1287604,4,2022,2022,3,4,2,40,27,162,34609,0,1,1,-33.839502,150.89329,24,0,2,0,2,0,3,4,0,0,7,50,0,2585,4009,8,5,40,1,0,1,0,0
1287605,2,2021,2021,2,2,11,2209,17,58,2205,0,1,9,-34.414002,150.892825,80,0,2,1,2,0,3,3,0,2,7,60,2,2852,2852,4,0,13,2,0,0,1,0
1287609,4,2022,2022,3,0,8,12,1,84,34609,0,1,9,-33.810871,150.980032,21,0,2,1,1,0,0,0,2,0,7,50,0,1945,1945,5,16,40,1,0,1,0,0
1287610,2,2022,2022,7,2,10,1,1,48,34609,0,1,1,-28.262801,153.572006,72,2,1,1,2,0,0,0,0,0,7,50,0,9859,9859,8,5,40,1,0,0,1,0
1287611,2,2022,2022,0,3,5,481,17,77,483,0,1,1,-30.260459,149.805539,51,1,0,1,0,0,0,0,2,0,7,110,2,9859,9859,8,30,40,1,0,0,1,0
1287612,1,2022,2022,4,1,9,42,1,84,34609,0,1,9,-33.808674,150.989114,54,0,2,1,2,0,0,0,3,0,7,40,0,2852,2852,4,5,19,2,0,0,0,1
1287617,2,2021,2021,9,1,8,6,4,363,34609,0,1,9,-33.747722,150.699867,55,0,2,0,1,0,0,3,2,0,0,50,0,2852,2852,4,5,5,2,0,0,1,0
1287630,2,2022,2022,7,0,11,6,10,33,34609,0,1,7,-34.062463,150.732231,12,0,2,1,2,0,0,0,0,0,0,60,0,14295,14295,3,5,19,2,0,0,1,0
1287631,1,2022,2022,0,3,4,42,10,65,34609,0,1,1,-32.935287,151.778136,48,0,2,1,0,0,0,0,2,0,7,40,0,186,186,9,0,28,2,0,0,0,1
1287632,2,2022,2022,7,4,10,4,10,88,34609,1,0,9,-33.738139,150.852581,7,0,2,1,0,0,3,0,0,0,7,50,0,2852,2852,4,5,5,2,0,0,1,1
1287633,4,2022,2022,0,5,8,32,27,52,88,0,1,1,-33.66167,150.733418,55,0,2,0,2,0,0,0,3,0,7,80,2,3775,3775,0,5,5,2,0,1,0,0
1287637,4,2022,2022,0,3,8,57,27,58,75,0,1,1,-33.464731,151.285354,16,2,2,0,0,0,0,0,3,0,7,80,1,3775,3775,0,10,5,3,0,1,0,0
1287640,1,2022,2022,0,2,7,60,10,117,84,0,1,2,-28.182585,153.53751,72,2,1,1,0,0,3,4,2,0,7,60,1,9859,9859,1,5,36,2,0,0,0,1
1287642,2,2022,2022,7,6,9,2261,17,112,2252,0,1,9,-33.914268,150.928636,41,0,2,1,0,0,0,0,2,2,7,70,2,14295,14295,3,5,5,3,0,0,1,2
1287643,4,2022,2022,4,6,7,25,27,8,260,0,1,9,-32.982194,151.603366,37,0,2,1,1,0,0,0,2,2,7,80,2,2852,2852,4,10,10,2,0,1,0,0
1287644,2,2022,2022,7,6,9,330,23,35,39,1,0,9,-33.963484,151.2459,59,0,2,1,1,0,3,4,3,0,15,60,1,6545,6545,4,30,13,2,0,0,1,0
1287648,4,2022,2022,0,1,4,2209,17,201,2205,0,1,9,-34.884922,150.603655,63,2,1,0,1,0,0,0,2,0,15,70,2,2585,4009,8,30,40,1,0,1,0,0
1287649,2,2022,2022,7,0,8,37,27,149,34609,0,1,1,-33.347611,151.378353,16,2,2,0,1,0,0,0,2,0,0,50,0,14295,14295,3,10,5,2,0,0,2,0
1287653,4,2022,2022,0,2,3,2209,17,17,2205,0,1,9,-35.538794,150.300434,63,1,0,1,0,0,3,4,1,0,7,100,2,4026,4026,8,5,40,1,0,1,0,0
1287656,1,2022,2022,7,3,4,32,27,169,88,0,1,10,-33.623945,150.739887,29,2,2,1,2,0,3,4,2,0,15,80,2,6545,6545,4,10,5,2,0,0,0,4
1287659,4,2022,2022,7,4,3,115,27,96,173,0,1,2,-34.230866,150.669424,79,2,2,1,1,0,3,4,2,0,7,80,2,14295,14295,3,5,0,3,0,1,0,0
1287660,4,2022,2022,7,3,5,123,36,17,90,0,1,1,-31.765696,151.89512,43,2,1,0,0,0,3,4,2,0,7,80,1,380,714,5,0,40,1,0,1,0,0
1287661,4,2022,2022,0,1,4,61,10,56,174,0,1,1,-32.98395,151.485323,37,0,2,1,1,0,0,0,2,0,7,70,2,1669,1669,3,5,5,2,0,1,0,1
1287665,2,2022,2022,3,5,7,3,31,363,34609,0,1,1,-33.758896,150.692214,55,0,2,1,1,0,0,0,2,0,0,50,0,238,238,9,5,28,2,0,0,1,0
1287667,4,2022,2022,3,2,8,2,27,11,34609,0,1,9,-34.666232,148.636103,82,2,1,0,0,0,0,0,2,0,7,50,0,1850,1463,5,16,40,1,0,1,0,0
1287668,4,2022,2022,7,5,10,11,1,56,34609,0,1,9,-35.142975,147.387353,75,2,1,1,2,0,0,0,0,0,7,60,0,5929,5929,1,5,19,2,0,1,0,0
1287669,1,2022,2022,3,2,10,171,23,99,34609,1,0,2,-33.889403,151.276069,76,0,2,1,2,0,0,0,0,0,7,40,0,368,368,9,5,28,3,0,0,0,2
1287670,4,2022,2022,4,4,8,205,27,147,415,0,1,10,-33.738598,151.1523,36,0,2,1,1,0,0,0,2,2,7,60,2,14295,14295,3,5,0,2,0,1,1,0
1287672,2,2022,2022,3,5,9,195,27,53,186,0,1,10,-33.924564,150.848335,41,0,2,1,0,0,0,0,2,2,7,70,2,14295,14295,3,10,5,2,0,0,1,0