Crash ID,Degree of crash - detailed,Reporting year,Year of crash,Month of crash,Day of week of crash,Two-hour intervals,Street of crash,Street type,Town,Route no.,School zone location,School zone active,Type of location,Latitude,Longitude,LGA,Urbanisation,Conurbation 1,Alignment,Street lighting,Road surface,Surface condition,Weather,Natural lighting,Signals operation,Other traffic control,Speed limit,Road classification,RUM - code,DCA - code,First impact type,Key TU type,Other TU type,No. of traffic units involved,No. killed,No. seriously injured,No. moderately injured,No. minor-other injured
1287675,2,2022,2022,7,6,8,4,27,10,34609,0,1,1,-31.361527,152.764897,56,2,1,0,0,0,0,0,2,0,7,80,0,2585,4009,8,10,40,1,0,0,1,0
1287678,4,2022,2022,3,1,5,55,36,16,35,0,1,1,-32.823745,149.977782,44,1,0,1,0,0,0,3,2,0,7,100,1,1109,787,1,5,10,2,0,2,1,0
1287679,1,2022,2022,7,0,8,107,22,100,34609,0,1,9,-33.960852,151.153962,4,0,2,1,0,0,3,4,2,0,7,50,0,150,150,4,0,27,2,0,0,0,1
1287683,2,2022,2022,4,0,8,1,27,12,34609,0,1,1,-34.04427,147.334203,51,2,1,1,3,2,3,3,2,0,7,50,0,4026,4026,8,0,40,1,0,0,1,0
1287686,2,2022,2022,4,0,0,25,27,49,27,0,1,1,-34.392313,148.768261,30,1,0,1,3,0,0,0,0,0,7,100,1,84,84,6,10,40,1,0,0,1,0
1287687,2,2022,2022,4,2,0,6,31,83,34609,0,1,1,-33.911468,151.111851,15,0,2,1,2,0,3,2,0,0,7,50,0,3,3,1,5,5,2,0,0,3,0
1287688,2,2022,2022,7,1,8,2126,17,78,2149,0,1,10,-33.700592,150.558741,8,2,2,1,1,0,3,4,2,2,7,80,2,5929,5929,1,0,5,2,0,0,1,0
1287689,1,2022,2022,4,4,3,4,27,91,44,1,0,7,-33.99398,150.881775,13,0,2,1,1,0,3,3,2,0,0,60,1,6545,6545,4,5,25,2,0,0,0,1
1287690,2,2022,2022,4,2,2,512,17,433,441,0,1,1,-33.296774,149.11761,52,2,1,1,2,0,0,0,0,0,7,50,2,4026,4026,8,9,40,1,0,0,1,0
1287691,1,2022,2022,7,4,2,30,27,182,34609,1,0,1,-32.827455,151.369308,17,2,1,1,3,0,3,4,0,0,7,50,0,3775,3775,0,10,12,2,0,0,0,1
1287692,4,2022,2022,0,3,6,60,27,239,167,0,1,2,-34.027412,151.120181,68,0,2,1,3,0,0,0,2,0,7,70,2,14295,14295,3,16,5,2,0,1,0,0
1287694,2,2022,2022,7,3,3,150,27,197,415,1,0,2,-33.793994,151.118806,61,0,2,1,1,0,0,3,2,0,7,70,2,1192,1192,1,16,13,2,0,0,1,0
1287698,2,2022,2022,4,3,5,6,36,42,34609,0,1,1,-33.955263,150.945172,41,0,2,1,1,0,0,0,2,0,9,50,0,1192,1192,1,5,13,2,0,0,1,0
1287699,4,2022,2022,3,3,7,4,27,4,34609,0,1,1,-32.139435,150.939542,73,2,1,0,0,0,0,0,2,0,7,80,0,1957,4009,8,5,40,1,0,3,2,0
1287700,2,2022,2022,0,4,9,280,10,162,82,0,1,9,-33.850231,150.909149,24,0,2,1,2,0,3,4,0,2,7,70,1,5929,5929,1,0,5,3,0,0,1,2
1287701,2,2022,2022,7,2,7,1,31,304,34609,0,1,9,-33.90909,151.148859,32,0,2,1,2,0,0,0,2,0,7,50,0,312,312,2,16,40,1,0,0,1,0
1287702,2,2022,2022,7,2,8,13,1,9,34609,0,1,1,-33.439217,149.56182,3,2,1,1,0,0,0,0,2,0,7,60,0,1669,1669,3,34,19,2,0,0,1,0
1287703,2,2022,2022,7,4,2,125,31,438,44,0,1,10,-33.84029,151.02655,21,0,2,1,2,0,0,0,0,0,15,60,1,6545,6545,4,8,5,2,0,0,1,0
1287709,4,2022,2022,4,4,4,19,27,16,34609,0,1,9,-34.02125,151.050843,68,0,2,0,1,0,0,0,2,0,0,50,0,2852,2852,4,9,27,2,0,1,0,0
1287710,2,2022,2022,7,0,7,9,27,26,34609,0,1,1,-31.27926,152.967739,34,2,1,1,0,2,3,4,2,0,14,50,0,368,368,9,33,28,2,0,0,1,0
1287712,1,2022,2022,0,4,8,9,1,187,34609,0,1,10,-33.890682,150.977554,15,0,2,1,3,0,3,4,0,0,0,50,0,301,301,4,0,5,2,0,0,0,1
1287714,1,2022,2022,0,2,9,82,31,363,369,0,1,9,-33.747036,150.714261,55,0,2,1,3,0,3,4,0,2,0,70,2,14295,14295,3,10,5,2,0,0,0,1
1287715,1,2022,2022,7,3,10,2209,17,33,2205,0,1,2,-34.715177,150.832926,35,2,1,0,3,0,3,4,0,0,7,80,2,2585,4009,8,0,40,1,0,0,0,1
1287721,1,2022,2022,0,4,3,18,1,143,3342,0,1,9,-33.705445,151.099247,31,0,2,1,3,0,3,4,2,2,7,50,2,14295,14295,3,10,5,4,0,0,0,1
1287722,1,2022,2022,7,2,10,1,1,46,34609,0,1,1,-33.939527,151.111137,4,0,2,0,3,0,3,0,0,0,7,50,0,1850,1463,5,5,40,1,0,0,0,1
1287725,2,2022,2022,7,1,8,3371,17,21,3342,0,1,2,-28.596279,153.54466,10,1,0,1,3,0,3,4,2,0,7,100,2,4026,4026,8,5,40,1,0,0,1,0
1287729,2,2022,2022,0,1,10,147,27,224,21,0,1,9,-33.825449,151.242933,45,0,2,1,3,0,0,0,0,0,9,50,1,1945,1945,5,16,40,1,0,0,1,0
1287732,1,2022,2022,7,5,6,3,27,175,34609,0,1,9,-33.780862,151.073385,54,0,2,1,3,0,3,4,2,0,7,50,0,14295,14295,3,5,5,3,0,0,0,1
1287733,2,2022,2022,7,6,9,59,27,252,41,0,1,10,-33.942242,150.867401,41,0,2,1,3,0,0,0,0,2,7,60,1,5929,5929,1,0,5,2,0,0,1,0
1287735,2,2022,2022,0,1,4,2,27,5,5,0,1,9,-31.939895,148.076438,51,1,0,0,0,0,0,0,2,0,7,100,1,418,777,5,26,40,1,0,0,1,0
1287737,1,2022,2022,7,4,4,280,10,162,82,0,1,10,-33.850967,150.917938,24,0,2,1,3,0,3,4,2,2,7,60,1,14295,14295,3,5,5,2,0,0,0,1
1287738,1,2022,2022,7,4,3,829,27,309,770,1,0,2,-33.818327,151.11471,61,0,2,1,3,0,0,0,2,0,7,60,2,14295,14295,3,5,5,2,0,0,0,1
1287741,2,2022,2022,0,6,4,32,27,10,34609,0,1,1,-34.73368,149.678,26,1,0,1,3,0,3,4,2,0,7,100,0,9859,9859,8,10,40,1,0,0,1,0
1287742,4,2022,2022,7,2,8,1,1,27,34609,0,1,2,-33.713139,150.448766,8,2,2,1,0,0,3,4,2,0,7,50,0,1282,1282,1,0,40,1,0,1,0,0
1287743,4,2022,2022,3,6,8,18,1,143,115,1,0,9,-33.705759,151.101629,31,0,2,1,1,0,0,0,2,2,9,50,1,2040,2040,9,5,28,2,0,1,1,0
1287747,4,2022,2022,7,5,4,40,31,363,34609,0,1,1,-33.758277,150.700544,55,0,2,1,0,0,0,0,2,0,7,50,0,1981,1981,4,0,21,2,0,1,0,0
1287749,4,2022,2022,0,4,11,2261,17,18,2252,0,1,2,-35.179431,147.871392,20,1,0,0,0,0,3,4,0,0,7,110,2,1259,5151,8,3,40,1,0,1,0,0
1287750,4,2022,2022,3,6,4,60,27,219,262,0,1,7,-32.9106,151.646573,48,0,2,0,0,0,3,3,2,0,0,90,2,782,957,5,8,40,1,0,1,0,0
1287752,1,2022,2022,3,0,5,161,17,23,161,0,1,1,-36.612723,149.492191,5,2,1,0,0,0,0,3,2,0,7,60,2,14295,14295,3,10,0,2,0,0,0,1
1287753,2,2022,2022,7,4,7,125,27,155,75,0,1,10,-33.492794,151.315094,16,2,2,1,1,0,3,4,2,0,15,60,1,775,775,4,5,5,2,0,0,1,0
1287754,2,2021,2021,9,1,3,1104,14,74,962,0,1,3,-33.775694,150.67471,55,0,2,1,1,0,0,0,1,0,7,110,2,404,404,8,5,40,1,0,0,1,0
1287756,2,2022,2022,7,5,5,22,1,346,34609,0,1,1,-33.887685,151.08307,67,0,2,1,1,0,0,0,2,0,7,50,0,9859,9859,1,5,5,2,0,0,1,0
1287757,1,2022,2022,7,0,3,2261,17,75,2252,0,1,10,-33.886493,151.111472,9,0,2,1,2,0,3,3,1,2,7,60,2,14295,14295,3,0,0,4,0,0,0,1
1287759,2,2022,2022,0,1,5,220,14,12,220,0,1,6,-34.429615,150.867507,80,0,2,0,0,0,0,0,2,0,7,80,2,14295,14295,3,0,0,2,0,0,2,0
1287760,4,2022,2022,7,4,1,38,27,13,34609,0,1,1,-35.08531,150.600635,63,2,1,1,0,0,3,3,0,0,7,80,0,9859,9859,8,5,40,1,0,1,0,0
1287765,2,2022,2022,7,0,8,3371,17,16,3342,0,1,9,-31.241901,152.823563,34,1,0,1,0,0,3,4,2,0,7,110,2,4026,4026,8,9,40,1,0,0,1,0
1287766,4,2022,2022,7,2,8,512,27,246,34609,0,1,10,-33.906464,151.188091,69,0,2,1,2,0,0,0,2,2,7,50,0,3775,3775,0,0,0,3,0,1,0,1
1287769,2,2022,2022,3,0,2,2261,17,143,2252,0,1,9,-33.886753,151.106723,9,0,2,1,2,0,0,0,0,0,7,60,2,9859,9859,8,5,40,1,0,0,1,0
1287771,2,2022,2022,0,1,7,3371,17,104,3342,0,1,2,-32.833609,151.686501,48,0,2,1,0,0,0,0,2,0,7,80,2,14295,14295,3,0,13,3,0,0,2,0
1287775,4,2022,2022,3,4,6,3371,17,90,3342,0,1,2,-28.271776,153.521529,72,1,0,0,0,0,3,4,2,0,7,110,2,1192,1192,1,0,5,2,0,1,1,0
1287777,4,2022,2022,7,1,4,125,27,57,123,0,1,2,-33.335076,151.431426,16,2,2,1,0,0,0,0,2,0,7,70,2,1192,1192,1,5,27,2,0,1,0,0
1287778,2,2022,2022,7,2,10,21,27,43,34609,0,1,9,-33.557844,150.788089,29,2,2,1,2,0,3,4,0,0,7,60,0,83,83,5,5,40,1,0,0,1,0
1287779,2,2022,2022,7,2,7,3371,17,100,3342,0,1,9,-33.809752,151.177877,38,0,2,0,1,0,0,0,2,2,7,60,2,5929,5929,1,5,5,2,0,0,1,0
1287780,2,2022,2022,4,1,4,17,36,68,19,0,1,10,-34.850447,148.92008,82,2,1,0,1,0,0,0,2,0,0,50,1,1850,1463,5,16,40,1,0,0,1,0
1287781,2,2022,2022,3,2,9,481,17,6,483,0,1,9,-33.874897,147.355978,51,1,0,0,3,0,0,0,2,0,0,110,2,1109,787,1,0,2,2,0,0,1,0
1287784,2,2022,2022,0,5,3,85,27,72,145,0,1,10,-33.799075,151.053967,54,0,2,1,3,0,0,0,2,0,0,60,2,301,301,4,10,5,2,0,0,1,0
1287785,2,2022,2022,0,0,8,475,10,137,268,0,1,9,-33.913579,150.906813,41,0,2,1,3,0,0,0,2,0,0,70,2,6545,6545,4,5,5,2,0,0,1,1
1287788,2,2022,2022,7,0,6,1,31,35,34609,0,1,1,-32.098512,152.378095,43,2,1,1,1,0,0,0,2,0,7,50,0,1220,1220,9,0,28,2,0,0,1,0
1287789,1,2022,2022,7,4,11,27,27,49,28,0,1,2,-33.961332,151.20924,4,0,2,1,2,0,3,4,0,0,7,80,2,1192,1192,1,3,27,2,0,0,0,1
1287791,1,2022,2022,0,4,6,191,27,193,208,0,1,10,-33.786574,151.085189,61,0,2,1,3,0,3,3,2,2,7,60,2,5929,5929,1,30,36,2,0,0,0,2
1287793,1,2022,2022,0,4,8,1104,14,149,962,0,1,3,-33.816181,150.963514,21,0,2,1,3,0,0,0,2,0,7,90,2,14295,14295,3,9,13,2,0,0,0,1
1287795,1,2022,2022,0,5,3,481,17,30,483,0,1,2,-34.736441,146.596257,51,1,0,1,3,0,0,0,1,0,7,110,2,1089,1089,7,10,40,1,0,0,0,1
1287797,1,2022,2022,7,4,8,103,27,94,563,0,1,10,-33.834,151.048216,54,0,2,1,3,0,3,3,3,2,7,70,2,14295,14295,3,10,0,2,0,0,0,1
1287801,1,2022,2022,0,0,3,3,27,194,13,0,1,9,-30.499604,151.670719,1,2,1,0,1,0,3,3,1,0,7,50,1,1192,1192,1,10,13,2,0,0,0,1
1287806,4,2022,2022,7,3,6,135,17,93,136,0,1,7,-36.076925,146.939945,0,2,1,1,1,0,0,0,2,0,0,60,2,395,395,1,10,19,2,0,1,0,0
1287808,2,2022,2022,7,2,8,2,31,53,66,0,1,7,-31.869383,152.366628,43,2,1,1,1,0,3,4,2,0,0,50,1,5929,5929,1,5,13,2,0,0,1,0
1287815,4,2022,2022,0,1,0,2261,17,204,2252,1,0,1,-33.890306,151.129594,32,0,2,0,2,0,0,0,0,0,7,60,2,4552,5151,8,5,40,1,0,1,1,0
1287821,4,2022,2022,7,5,8,21,36,35,34609,0,1,1,-31.065411,152.846781,34,1,0,1,0,0,3,4,2,0,7,100,0,14295,14295,3,5,13,2,0,1,0,0
1287823,4,2021,2021,10,3,5,196,10,34,168,0,1,1,-33.97037,150.995863,15,0,2,0,1,0,0,0,2,0,7,60,2,1669,1669,3,16,0,2,0,1,0,0
1287824,2,2022,2022,7,0,3,13,27,118,34609,0,1,9,-33.414547,151.300079,16,2,2,0,0,0,0,0,1,0,0,50,0,6545,6545,4,5,13,2,0,0,1,0
1287826,2,2022,2022,7,4,8,27,31,73,34609,0,1,1,-33.894664,151.164365,32,0,2,1,0,0,0,3,2,2,9,50,0,2040,2040,9,5,28,2,0,0,1,0
1287831,2,2022,2022,7,2,6,150,27,197,415,1,0,9,-33.793881,151.119145,61,0,2,1,2,0,0,0,2,2,9,70,2,1282,1282,1,33,5,2,0,0,1,0
1287833,4,2022,2022,7,3,6,113,27,104,111,0,1,9,-33.803541,150.769411,55,0,2,1,0,0,3,3,2,0,0,80,2,150,150,4,0,5,2,0,1,0,0
1287834,1,2022,2022,4,1,8,6,27,7,24,0,1,9,-33.974161,151.224439,59,0,2,0,0,0,0,0,2,0,0,50,2,2852,2852,4,8,27,2,0,0,0,1
1287837,2,2022,2022,7,2,8,9,27,26,34609,0,1,1,-31.201869,152.966277,34,2,1,0,0,0,3,3,2,0,7,60,0,2585,4009,8,0,40,1,0,0,1,0
1287841,2,2022,2022,7,0,11,7,27,87,34609,0,1,9,-33.693722,150.956247,71,0,2,1,2,0,0,0,0,0,7,60,0,1945,1945,5,17,40,1,0,0,1,0
1287848,1,2022,2022,0,6,4,29,27,106,27,1,0,9,-34.568553,150.800982,62,0,2,1,3,0,3,4,2,0,0,60,2,301,301,4,0,0,2,0,0,0,1
1287849,4,2022,2022,0,0,7,2209,17,6,2205,0,1,1,-36.467603,149.866033,5,1,0,1,3,0,3,4,2,0,7,100,2,1945,1945,5,0,40,1,0,1,0,0
1287850,2,2022,2022,0,0,6,100,27,323,100,0,1,2,-33.805536,150.851705,7,0,2,1,3,0,0,3,2,0,7,70,2,14295,14295,3,0,2,2,0,0,2,0
1287851,1,2022,2022,7,6,2,19,27,55,34609,0,1,1,-33.788859,150.883072,7,0,2,1,3,0,0,0,1,0,7,50,0,1391,1391,1,5,5,2,0,0,0,1
1287852,1,2022,2022,0,3,5,171,31,50,34609,0,1,1,-34.343841,150.915696,80,0,2,1,3,0,0,0,2,0,7,50,0,1282,1282,1,15,40,1,0,0,0,1
1287853,4,2022,2022,0,1,5,1,10,103,332,0,1,7,-28.818723,153.328627,39,2,1,1,3,0,0,0,2,0,0,60,2,1957,777,1,5,36,2,0,1,0,0
1287855,4,2022,2022,7,1,4,9,27,10,34609,0,1,1,-31.094917,152.789348,34,2,1,1,0,0,0,0,2,0,7,80,0,312,312,2,10,40,1,0,1,0,0
1287856,2,2022,2022,3,3,7,1,34,16,34609,0,1,1,-33.195803,150.687732,29,1,2,1,0,2,0,0,2,0,7,100,0,1945,1945,5,16,40,1,0,0,1,0
1287858,2,2022,2022,3,6,7,21,27,98,174,0,1,9,-33.003394,151.565539,37,0,2,1,3,0,0,0,2,0,7,60,2,1282,1282,1,33,5,2,0,0,1,0
1287859,1,2022,2022,7,3,5,33,31,31,34609,0,1,1,-33.871636,151.031093,21,0,2,1,3,0,0,0,2,0,7,50,0,237,397,1,0,5,2,0,0,0,1
1287862,2,2021,2021,2,0,7,2126,17,140,2149,0,1,10,-33.78741,150.848177,7,0,2,1,3,0,0,0,2,0,7,80,2,5929,5929,1,5,13,2,0,0,1,0
1287863,1,2022,2022,7,4,6,39,31,460,34609,0,1,7,-33.84042,151.00351,21,0,2,1,0,0,3,4,2,0,7,50,0,1391,1391,1,10,5,2,0,0,0,1
1287866,2,2022,2022,3,1,9,2,1,174,34609,0,1,1,-33.875486,150.931067,24,0,2,1,0,0,0,0,2,0,7,50,0,1192,1192,1,22,13,2,0,0,1,0
1287867,4,2022,2022,4,6,0,5,10,133,34609,0,1,2,-34.499816,150.798074,80,0,2,1,2,0,0,0,0,0,7,50,0,4026,4026,8,22,40,1,0,1,0,0
1287874,4,2022,2022,0,3,3,109,36,21,108,0,1,9,-28.272702,153.467935,72,2,1,0,0,0,0,0,1,0,0,80,1,2852,2852,4,5,5,2,0,1,0,0
1287876,2,2022,2022,7,4,0,143,31,123,181,0,1,2,-33.885219,151.227687,81,0,2,1,2,0,3,0,0,0,7,50,2,9859,9859,1,5,0,2,0,0,1,0
1287880,4,2022,2022,7,1,7,23,31,42,34609,0,1,1,-33.824298,151.195736,38,0,2,1,0,0,0,0,2,0,7,50,0,1220,1220,9,9,28,2,0,1,0,0
1287883,2,2021,2021,2,1,7,2209,17,35,2205,0,1,2,-34.05853,151.033565,68,0,2,1,1,0,0,0,2,0,7,80,2,14295,14295,3,5,13,3,0,0,1,1
1287887,1,2022,2022,0,1,4,6,27,562,34609,0,1,10,-32.194139,148.564425,22,1,0,1,1,0,0,0,2,0,0,100,0,6545,6545,4,10,13,2,0,0,0,2
1287889,2,2022,2022,7,6,9,512,17,53,441,0,1,10,-32.23665,148.247248,51,2,1,1,2,0,0,0,0,0,0,50,2,6545,6545,4,29,13,2,0,0,1,0
1287890,4,2022,2022,7,1,0,2261,17,523,2252,0,1,9,-33.915154,150.920758,41,0,2,0,2,0,0,0,0,2,7,60,2,4552,985,8,0,40,1,0,1,0,0
1287891,4,2022,2022,0,3,9,3371,17,53,3342,0,1,10,-32.925194,151.759388,48,0,2,1,3,0,0,0,3,2,7,60,2,6545,6545,4,30,5,2,0,1,0,0
1287892,4,2022,2022,7,4,11,1,27,14,34609,0,1,9,-31.151996,150.870847,70,1,0,1,0,0,0,0,0,0,7,100,0,9859,9859,8,0,40,1,0,1,0,0
1287894,2,2022,2022,3,3,7,4,10,73,34609,0,1,10,-33.826273,151.086318,14,0,2,0,1,0,0,3,2,0,7,50,0,14295,14295,3,10,27,2,0,0,1,0
1287895,2,2022,2022,0,0,6,2,27,2,34609,0,1,1,-36.170405,149.090395,65,2,1,0,3,0,0,3,2,0,7,80,0,1957,4009,8,10,40,1,0,0,1,0
1287896,1,2022,2022,3,6,8,149,27,68,198,0,1,1,-34.068303,150.996861,68,0,2,1,3,0,0,0,2,0,7,70,2,14295,14295,3,0,13,2,0,0,0,1
1287897,2,2022,2022,7,6,4,3,27,3,34609,0,1,1,-34.882016,149.014544,82,2,1,1,0,0,0,0,2,0,7,40,0,238,238,9,8,28,2,0,0,1,0
1287898,4,2022,2022,7,3,6,8,27,6,34609,0,1,1,-34.191039,148.870186,30,1,0,0,0,0,0,0,2,0,7,100,0,4552,5151,8,0,40,1,0,1,0,0
1287901,4,2022,2022,7,6,8,2,25,42,34609,0,1,1,-34.020346,151.203418,68,0,2,1,2,0,0,0,2,0,7,50,0,312,312,2,34,40,1,0,1,1,0
1287903,2,2022,2022,0,3,7,330,27,14,26,0,1,1,-33.649255,151.28674,50,0,2,0,3,0,0,0,2,0,7,50,2,1957,4009,8,16,40,1,0,0,1,0
1287907,1,2022,2022,0,2,4,296,27,41,293,0,1,10,-33.870486,150.985466,24,0,2,1,3,0,0,0,2,2,7,70,2,14295,14295,3,5,5,2,0,0,0,1
1287911,2,2022,2022,7,1,8,2209,17,59,2205,1,0,9,-34.327942,150.913443,80,0,2,1,3,0,0,0,2,1,7,60,2,14295,14295,3,10,0,3,0,0,1,0
1287913,1,2022,2022,0,1,8,515,14,271,518,0,1,3,-33.939876,151.010989,15,0,2,1,3,0,0,0,2,0,7,100,2,204,204,1,10,36,2,0,0,0,1
1287914,4,2021,2021,2,4,6,109,27,71,106,0,1,10,-33.832344,150.969553,21,0,2,1,1,0,0,0,2,2,7,60,1,14295,14295,3,5,5,3,0,1,0,0
1287915,2,2022,2022,7,6,5,45,27,90,34609,0,1,1,-33.885097,151.246368,81,0,2,1,1,0,0,3,2,0,7,50,0,9859,9859,8,5,40,1,0,0,1,0
1287918,1,2021,2021,0,2,6,149,27,60,198,0,1,10,-33.94923,150.95015,41,0,2,1,3,0,0,0,2,2,7,60,2,14295,14295,3,5,0,2,0,0,0,1
1287921,2,2022,2022,7,0,3,73,27,443,78,0,1,10,-33.906706,151.057281,15,0,2,1,3,0,0,0,2,2,7,60,2,5929,5929,1,5,5,2,0,0,1,0
1287929,2,2022,2022,0,5,6,16,27,113,16,0,1,1,-33.824194,150.760637,55,0,2,1,0,0,0,0,2,0,7,80,1,3775,3775,0,5,5,2,0,0,1,0
1287932,2,2022,2022,7,6,5,3,27,48,56,0,1,1,-33.782913,147.106715,51,1,0,1,0,0,0,0,2,0,7,100,1,782,985,5,3,40,1,0,0,1,1
1287933,4,2022,2022,7,2,4,115,27,73,46,0,1,7,-34.190253,150.630771,79,2,2,0,1,0,3,4,2,0,0,80,2,1957,4009,8,16,40,1,0,1,0,0
1287934,1,2021,2021,2,6,7,3371,17,13,3342,0,1,9,-33.185876,151.53736,16,2,2,1,1,0,0,0,2,2,7,80,2,14295,14295,3,10,5,3,0,0,0,2
1287935,2,2022,2022,0,6,4,2209,17,74,2205,0,1,2,-34.439006,150.857824,80,0,2,1,0,0,0,0,2,0,7,60,2,14295,14295,3,30,5,3,0,0,1,1
1287937,4,2022,2022,7,4,8,93,1,523,7,0,1,2,-33.924386,150.919451,41,0,2,1,1,0,3,4,2,0,7,50,1,214,214,9,5,28,2,0,1,0,0
1287941,4,2022,2022,7,4,8,3,27,136,34609,0,1,9,-33.910694,151.078308,15,0,2,1,1,0,3,4,2,0,15,40,0,6545,6545,4,5,5,2,0,1,0,0
1287942,1,2022,2022,4,1,4,361,23,253,165,0,1,9,-33.968767,151.10361,25,0,2,1,0,0,0,0,2,2,7,50,1,515,515,1,8,5,2,0,0,0,1
1287944,2,2022,2022,7,2,3,916,17,66,917,0,1,2,-32.812558,151.655297,48,0,2,1,1,0,3,3,2,0,7,90,2,9859,9859,8,5,40,1,0,0,1,0
1287945,2,2022,2022,0,0,0,77,10,73,331,0,1,1,-34.165645,150.631517,79,2,2,1,2,0,0,0,0,0,7,80,1,9859,9859,8,10,40,1,0,0,1,0
1287946,4,2022,2022,7,5,11,2,1,126,34609,0,1,1,-33.930979,150.796646,41,0,2,1,0,0,3,4,0,0,7,60,0,9859,9859,8,5,40,1,0,1,1,0
1287952,4,2022,2022,7,0,11,39,27,112,51,0,1,9,-33.669352,151.037521,31,0,2,0,3,0,3,4,0,0,0,60,2,4552,5151,8,30,40,1,0,1,0,0
1287953,2,2022,2022,0,0,11,35,31,532,34609,0,1,10,-33.876149,151.204522,69,0,2,1,3,0,0,0,0,2,7,40,0,6545,6545,4,9,5,6,0,0,1,0
1287958,1,2021,2021,9,2,10,12,31,460,34609,0,1,2,-33.834946,150.987348,21,0,2,1,2,0,0,0,0,0,7,40,0,312,312,2,5,40,1,0,0,0,1
1287959,2,2022,2022,7,4,5,98,27,45,34609,0,1,1,-33.34846,151.500032,16,2,2,1,0,0,3,4,2,0,7,50,0,1957,4009,1,16,36,2,0,0,1,0
1287973,4,2022,2022,3,3,5,222,31,17,34609,0,1,9,-33.910548,151.266644,59,0,2,1,0,0,0,0,2,0,7,50,0,96,96,0,10,5,3,0,1,0,0
1287974,2,2022,2022,0,6,3,127,27,48,103,0,1,9,-32.910976,151.745899,48,0,2,0,0,0,3,0,2,2,7,60,1,5929,5929,1,0,5,2,0,0,1,0
1287975,2,2022,2022,3,6,11,127,27,135,103,0,1,9,-32.895444,151.734109,48,0,2,1,2,0,3,4,0,0,7,60,1,5929,5929,1,5,19,2,0,0,1,0
1287977,4,2022,2022,4,4,10,866,17,314,793,0,1,10,-33.856896,150.936024,24,0,2,1,2,0,0,0,0,2,7,70,2,14295,14295,3,16,25,2,0,1,0,0
1287978,2,2022,2022,7,0,5,161,17,7,161,0,1,9,-36.159744,148.880228,65,1,0,1,0,0,0,0,2,0,0,100,2,1850,777,5,8,40,1,0,0,1,0
1287979,1,2022,2022,7,3,10,6,1,94,34609,0,1,1,-33.879847,150.921924,24,0,2,1,0,0,3,4,0,0,7,50,0,9859,9859,1,5,0,3,0,0,0,1
1287981,2,2022,2022,7,1,7,154,27,145,244,0,1,9,-33.922008,151.059966,15,0,2,1,1,0,0,0,2,0,0,60,2,623,623,3,10,0,2,0,0,1,0
1287982,1,2022,2022,3,4,4,346,36,4,14,0,1,1,-28.972689,151.257678,33,1,0,0,1,0,0,0,2,0,7,100,1,2585,4009,8,0,40,1,0,0,0,1
1287983,2,2022,2022,4,0,0,42,27,71,34609,0,1,1,-33.779256,150.688989,55,0,2,1,2,0,3,4,0,0,7,50,0,4026,4026,1,5,12,2,0,0,1,0
1287994,1,2022,2022,7,6,5,829,27,149,770,0,1,9,-33.86603,151.173009,32,0,2,0,2,0,0,0,2,2,7,60,2,5929,5929,1,0,5,2,0,0,0,1
1287996,2,2022,2022,0,0,8,13,31,108,34609,0,1,10,-28.86108,153.566869,2,2,1,1,0,0,0,0,2,0,15,50,0,6545,6545,4,10,5,2,0,0,1,0
1287997,2,2022,2022,7,6,9,8,27,252,21,0,1,1,-33.931527,150.872789,41,0,2,0,2,0,0,0,3,0,7,60,2,3775,3775,0,0,0,2,0,0,2,1
1288000,1,2022,2022,0,6,8,283,27,70,702,0,1,10,-33.975507,151.103033,25,0,2,1,0,0,3,4,3,0,0,60,2,926,926,4,0,5,3,0,0,0,1
1288001,2,2022,2022,7,1,10,2,31,75,34609,1,0,10,-33.882724,151.11549,9,0,2,1,2,0,3,4,0,0,9,50,0,1220,1220,9,33,28,2,0,0,1,0
1288007,2,2022,2022,7,1,10,2261,17,44,2252,0,1,2,-35.362643,147.662112,75,1,0,0,0,0,0,0,0,0,7,110,2,273,957,5,10,40,1,0,0,1,0
1288008,4,2022,2022,0,1,8,478,17,10,480,0,1,10,-33.436096,151.346405,16,2,2,1,1,0,0,0,2,2,7,60,2,591,591,1,22,5,2,0,1,0,0
1288017,2,2022,2022,0,2,4,1,10,85,34609,1,0,1,-33.781621,150.680564,55,0,2,1,0,0,0,0,2,0,7,50,0,237,397,1,0,12,2,0,0,2,0
1288041,4,2022,2022,4,4,6,308,14,83,311,0,1,3,-33.881778,150.839963,41,0,2,1,0,0,3,4,2,0,7,100,2,1282,1282,1,10,13,5,0,1,0,0
1288043,4,2022,2022,4,6,4,171,1,57,104,0,1,9,-33.945378,151.221638,4,0,2,0,1,0,0,0,2,2,7,70,2,5929,5929,1,15,0,2,0,1,0,0
1288045,4,2022,2022,3,4,8,3371,17,7,3342,0,1,2,-30.63027,152.973251,47,1,0,1,0,0,0,0,2,0,7,110,2,9859,9859,8,0,40,1,0,1,0,0
1288048,4,2022,2022,3,0,6,123,31,44,34609,0,1,9,-34.56418,150.843947,62,0,2,0,1,0,0,0,2,0,7,60,0,775,775,4,0,5,2,0,2,1,1
1288049,2,2022,2022,7,5,7,162,27,39,39,0,1,1,-33.557508,150.849051,29,2,2,1,0,0,0,0,2,0,7,60,1,1669,1669,3,34,5,2,0,0,2,0
1288051,4,2022,2022,3,5,3,346,17,13,332,0,1,1,-28.900176,152.739076,51,1,0,0,0,0,0,0,2,0,7,100,2,4552,5151,8,10,40,1,0,1,0,0