Crash ID,Degree of crash - detailed,Reporting year,Year of crash,Month of crash,Day of week of crash,Two-hour intervals,Street of crash,Street type,Town,Route no.,School zone location,School zone active,Type of location,Latitude,Longitude,LGA,Urbanisation,Conurbation 1,Alignment,Street lighting,Road surface,Surface condition,Weather,Natural lighting,Signals operation,Other traffic control,Speed limit,Road classification,RUM - code,DCA - code,First impact type,Key TU type,Other TU type,No. of traffic units involved,No. killed,No. seriously injured,No. moderately injured,No. minor-other injured
1288052,2,2022,2022,4,4,7,171,27,52,369,0,1,9,-33.686509,150.733468,55,0,2,1,0,0,0,0,2,0,0,80,2,1669,1669,3,9,5,3,0,0,1,2
1288054,2,2022,2022,3,5,8,16,10,74,34609,0,1,1,-33.717036,151.048588,31,0,2,1,1,0,0,0,2,0,7,50,0,1981,1981,4,5,27,2,0,0,1,0
1288056,2,2022,2022,3,0,8,82,27,12,34,0,1,1,-28.585294,153.120154,51,2,1,0,0,0,0,0,2,0,7,80,1,4552,5151,8,5,40,1,0,0,1,0
1288057,2,2022,2022,3,3,11,1052,14,54,928,0,1,3,-33.473107,151.192966,16,1,2,0,0,0,3,4,0,0,7,110,2,273,957,5,0,40,1,0,0,1,0
1288058,2,2022,2022,3,5,3,334,17,84,308,0,1,7,-31.095639,150.910418,70,2,1,1,1,0,0,0,2,0,0,50,2,926,926,4,16,0,2,0,0,1,0
1288059,2,2022,2022,3,0,7,109,36,90,108,0,1,2,-28.26372,153.516378,72,1,0,1,0,0,0,0,2,0,7,100,1,9859,9859,8,10,40,1,0,0,1,0
1288061,4,2022,2022,4,2,11,68,27,98,208,0,1,10,-33.754268,151.067474,31,0,2,1,2,0,0,0,0,0,15,60,2,6545,6545,4,0,0,2,0,1,1,0
1288063,2,2022,2022,3,3,8,84,27,60,32,0,1,10,-33.825371,151.135258,51,0,2,1,3,0,3,3,4,0,0,60,1,1282,1282,1,5,40,1,0,0,1,0
1288064,2,2022,2022,3,4,6,85,31,65,34609,1,0,9,-34.479607,150.877104,80,0,2,0,1,0,0,0,2,0,15,50,0,1957,4009,1,5,0,2,0,0,1,0
1288066,4,2022,2022,3,2,4,55,27,112,70,0,1,2,-33.701543,151.027365,31,0,2,1,0,0,3,3,2,0,0,60,2,14295,14295,3,10,5,2,0,1,0,0
1288067,4,2022,2022,3,3,10,112,27,109,256,0,1,9,-33.973879,150.858763,41,0,2,1,2,0,0,0,0,2,9,70,2,2040,2040,9,10,28,2,0,1,0,0
1288068,2,2022,2022,3,4,9,3371,17,89,3342,0,1,2,-28.223109,153.553716,72,1,0,1,0,0,3,3,0,0,7,100,2,4026,4026,8,21,40,1,0,0,1,0
1288069,4,2022,2022,3,4,8,3371,17,39,3342,0,1,2,-29.794744,153.026294,18,1,0,0,1,0,3,4,2,0,7,110,2,14295,14295,3,10,5,2,0,1,0,0
1288071,2,2022,2022,3,3,11,113,27,218,111,0,1,1,-33.779505,150.771882,55,0,2,1,2,0,3,4,0,0,7,60,2,9859,9859,8,5,40,1,0,0,1,0
1288072,4,2022,2022,3,5,7,73,27,443,78,0,1,9,-33.906314,151.053772,15,0,2,1,1,0,0,0,2,0,7,60,2,1220,1220,9,5,28,2,0,1,0,0
1288075,1,2022,2022,4,1,10,97,31,363,92,0,1,10,-33.82415,150.994965,54,0,2,1,2,0,0,0,0,2,7,60,1,6545,6545,4,5,5,2,0,0,0,2
1288077,4,2022,2022,4,6,2,2209,17,144,2205,0,1,1,-34.059495,151.027654,68,0,2,1,2,0,0,0,0,0,7,70,2,9859,9859,1,5,12,2,0,1,0,0
1288078,1,2022,2022,3,2,5,1,27,8,34609,0,1,1,-33.645408,151.312245,50,0,2,1,0,0,0,0,2,0,7,50,0,4026,4026,8,5,40,1,0,0,0,1
1288082,1,2022,2022,0,4,9,3371,17,19,3342,0,1,2,-31.878903,152.556955,43,1,0,1,3,0,0,0,3,0,7,110,2,14295,14295,3,0,0,2,0,0,0,1
1288084,1,2022,2022,0,2,7,500,27,145,799,0,1,10,-33.929463,151.072226,15,0,2,1,3,0,0,0,2,2,7,60,2,14295,14295,3,10,36,2,0,0,0,1
1288087,4,2022,2022,7,0,9,191,17,32,189,0,1,1,-32.128046,150.265464,73,1,0,0,0,0,3,4,2,0,7,100,2,782,957,5,29,40,1,0,1,0,0
1288091,2,2022,2022,0,4,7,1,10,87,23,0,1,1,-33.921366,150.961929,41,0,2,1,3,0,3,4,2,0,7,60,1,9859,9859,1,10,35,2,0,0,2,0
1288092,1,2022,2022,0,5,8,103,27,94,563,0,1,10,-33.830151,151.049728,54,0,2,1,3,0,0,0,2,2,7,70,2,14295,14295,3,5,5,3,0,0,0,1
1288093,1,2022,2022,0,4,10,34,27,53,34609,0,1,7,-35.130643,147.342672,75,2,1,1,3,0,3,4,0,0,0,60,0,6545,6545,4,5,5,2,0,0,0,1
1288097,1,2022,2022,0,6,9,4,27,73,34609,0,1,9,-33.722428,150.706026,55,0,2,1,3,0,3,4,0,0,15,50,0,2852,2852,4,5,0,2,0,0,0,1
1288099,1,2022,2022,0,6,4,17,36,12,72,0,1,9,-28.654451,153.536274,10,2,1,1,3,0,0,0,2,0,0,80,2,5929,5929,1,21,36,2,0,0,0,1
1288104,2,2022,2022,0,2,11,31,22,283,34609,0,1,1,-33.839494,151.005742,21,0,2,1,2,0,3,4,0,0,7,50,0,387,387,1,5,5,2,0,0,2,0
1288105,2,2022,2022,0,2,8,4,27,140,34609,0,1,1,-33.78261,150.819238,7,0,2,1,0,0,0,0,2,0,7,60,0,1109,787,1,5,36,2,0,0,1,0
1288109,4,2022,2022,7,6,6,8,27,147,34609,0,1,9,-33.875357,150.999057,15,0,2,1,1,0,0,0,2,0,7,50,0,14295,14295,3,0,5,2,0,1,0,0
1288110,4,2022,2022,0,1,5,35,31,194,34609,0,1,1,-30.515509,151.653391,1,2,1,1,0,0,0,0,2,0,7,50,0,9859,9859,8,5,40,1,0,1,0,0
1288113,2,2022,2022,0,5,7,6,31,70,34609,1,2,1,-32.733758,151.558801,42,2,1,1,0,0,0,0,2,0,7,40,0,1282,1282,1,5,40,1,0,0,1,0
1288116,2,2022,2022,0,2,7,149,10,346,702,0,1,2,-33.885041,151.069589,67,0,2,0,1,0,0,0,2,0,7,70,2,1850,1463,5,16,40,1,0,0,2,0
1288118,2,2022,2022,7,4,9,916,17,105,917,0,1,10,-32.717679,151.526637,42,2,1,1,2,0,0,3,0,2,7,60,2,5929,5929,1,5,5,2,0,0,1,0
1288120,4,2022,2022,0,1,5,78,27,10,228,0,1,1,-33.052273,151.134608,17,2,1,0,0,0,0,0,2,0,7,80,1,3775,3775,0,16,0,2,0,1,0,0
1288121,2,2022,2022,7,3,6,85,10,38,702,0,1,2,-33.839381,151.083102,14,0,2,1,1,0,3,4,2,0,7,70,2,14295,14295,3,10,5,3,0,0,1,0
1288124,2,2021,2021,9,4,10,3371,17,33,3342,0,1,1,-33.647826,151.136644,31,0,2,0,0,0,0,0,0,0,7,80,2,3775,3775,0,30,35,2,0,0,1,1
1288130,1,2022,2022,0,1,7,1,31,182,34609,0,1,1,-32.832409,151.353702,17,2,1,1,1,0,0,0,2,0,7,50,0,1981,1981,4,0,5,2,0,0,0,1
1288131,4,2022,2022,3,4,8,92,27,16,34609,0,1,1,-32.981104,151.712339,37,0,2,1,0,0,0,0,2,0,7,60,0,9859,9859,1,10,0,2,0,1,0,0
1288133,4,2022,2022,3,1,3,43,27,121,34609,1,0,1,-33.805143,151.293414,50,0,2,1,1,0,0,0,2,0,7,50,0,3775,3775,0,5,33,2,0,1,0,0
1288134,4,2022,2022,3,5,9,22,31,532,34609,0,1,10,-33.866766,151.204364,69,0,2,1,1,0,0,0,2,2,7,40,0,6545,6545,4,5,33,2,0,2,1,0
1288137,4,2022,2022,3,5,10,109,27,38,169,0,1,1,-32.814344,151.455418,17,2,1,1,2,0,0,0,0,0,7,60,2,14295,14295,3,33,19,2,0,1,0,0
1288138,1,2021,2021,10,6,3,11,3,22,122,0,1,2,-34.50072,150.887726,80,0,2,1,1,0,3,4,2,0,7,80,2,1945,1945,5,5,40,1,0,0,0,1
1288143,4,2022,2022,7,6,11,3371,17,10,3342,0,1,2,-32.612983,152.081067,43,1,0,1,2,0,3,4,0,0,7,100,2,3775,3775,0,0,12,2,0,1,0,1
1288144,4,2022,2022,3,6,9,1,9,52,34609,0,1,1,-33.962847,150.950107,41,0,2,1,1,0,0,0,3,0,7,50,0,9859,9859,1,16,5,2,0,1,0,1
1288145,1,2022,2022,3,6,9,7,27,125,34609,0,1,7,-33.824646,151.127099,61,0,2,0,1,0,0,0,2,0,0,50,0,6545,6545,4,0,5,2,0,0,0,1
1288147,1,2022,2022,0,6,4,13,27,173,11,0,1,1,-33.780375,151.128288,61,0,2,1,0,0,0,0,2,0,7,50,1,5929,5929,1,5,0,2,0,0,0,2
1288151,4,2022,2022,7,4,3,916,17,6,917,0,1,1,-29.831366,151.737883,51,1,0,1,0,0,0,0,1,0,7,100,2,945,945,5,3,40,1,0,1,0,0
1288153,2,2022,2022,3,5,8,28,31,228,34609,0,1,1,-34.754653,149.720469,26,2,1,1,0,0,0,0,2,0,7,50,0,368,368,9,5,28,2,0,0,1,0
1288154,2,2022,2022,7,1,3,7,10,96,49,0,1,2,-34.049524,150.836514,13,0,2,1,1,0,0,0,2,0,7,60,1,14295,14295,3,8,36,3,0,0,1,0
1288156,4,2022,2022,7,2,0,23,27,2,34609,0,1,1,-28.776238,153.444093,2,2,1,1,0,0,3,3,0,0,7,80,0,9859,9859,8,10,40,1,0,2,0,0
1288157,2,2022,2022,3,5,8,3371,17,30,3342,0,1,2,-28.329956,153.519811,72,1,0,1,1,0,0,0,2,0,7,110,2,14295,14295,3,21,10,2,0,0,1,1
1288159,2,2022,2022,7,5,4,293,31,128,369,0,1,10,-33.624045,150.801179,29,2,2,1,1,0,0,0,2,0,0,60,2,6545,6545,4,0,10,2,0,0,1,0
1288162,2,2022,2022,3,4,4,3371,17,121,3342,0,1,6,-28.209679,153.544452,72,2,1,1,1,0,3,4,2,0,7,60,2,14295,14295,3,10,13,2,0,0,1,0
1288164,1,2022,2022,7,4,3,81,31,646,80,0,1,1,-33.911,151.014722,15,0,2,1,1,0,0,0,2,0,7,60,1,9859,9859,1,5,13,3,0,0,0,1
1288166,4,2022,2022,7,3,11,14,31,169,99,0,1,10,-33.900901,151.215126,69,0,2,1,2,0,3,4,0,2,7,60,2,14295,14295,3,0,5,3,0,1,0,0
1288167,2,2022,2022,7,3,5,13,27,438,34609,0,1,10,-33.861008,151.028076,21,0,2,1,1,0,0,0,2,2,7,60,0,6545,6545,4,21,5,2,0,0,1,1
1288177,2,2022,2022,7,2,10,348,27,21,15,0,1,1,-33.621349,150.70442,55,0,2,1,0,0,0,0,0,0,7,80,1,9859,9859,8,10,40,1,0,0,2,0
1288178,4,2022,2022,7,0,10,232,36,109,331,0,1,2,-33.955266,150.865094,41,0,2,1,2,0,0,0,0,0,7,70,2,14295,14295,3,5,0,3,0,1,1,0
1288181,1,2022,2022,7,0,8,98,27,294,198,0,1,1,-33.926938,150.92821,41,0,2,1,3,0,3,4,3,0,7,60,2,14295,14295,3,5,13,2,0,0,0,1
1288182,2,2022,2022,0,2,5,109,27,95,382,0,1,2,-33.736635,150.84466,7,0,2,1,3,0,3,3,2,0,7,60,2,14295,14295,3,0,5,3,0,0,1,0
1288187,4,2022,2022,7,5,5,118,17,10,118,0,1,1,-29.94857,146.747125,51,1,0,1,0,0,0,0,2,0,7,110,2,9859,9859,8,0,40,1,0,1,0,0
1288189,1,2022,2022,0,0,9,293,31,532,55,0,1,9,-33.869858,151.211959,69,0,2,1,3,0,0,0,2,2,7,40,1,14295,14295,3,5,5,2,0,0,0,1
1288190,2,2022,2022,7,4,1,10,27,111,34609,0,1,1,-33.713106,150.857195,7,0,2,0,3,0,3,2,0,0,7,60,0,4552,5151,8,34,40,1,0,0,1,0
1288195,4,2022,2022,4,1,4,22,10,108,57,0,1,7,-28.851168,153.553928,2,2,1,1,1,0,0,3,2,0,0,60,1,591,591,1,22,0,2,0,1,0,0
1288197,2,2022,2022,7,4,8,145,27,73,3,0,1,9,-33.888536,151.171635,32,0,2,1,1,0,3,3,2,0,0,50,1,6545,6545,4,5,27,2,0,0,1,0
1288200,2,2022,2022,0,1,8,2126,17,104,2149,0,1,2,-33.833515,151.018763,54,0,2,1,1,0,0,0,2,0,7,60,2,14295,14295,3,8,5,4,0,0,1,0
1288202,2,2022,2022,0,4,3,3371,17,52,3342,0,1,10,-33.262825,151.464784,16,2,2,1,1,0,3,4,1,2,7,70,2,14295,14295,3,10,0,3,0,0,1,0
1288208,2,2022,2022,7,6,4,18,27,136,148,0,1,10,-32.932764,151.719882,48,0,2,1,1,0,0,0,2,0,0,60,1,6545,6545,4,30,5,2,0,0,1,0
1288209,1,2022,2022,0,2,6,78,31,228,39,0,1,10,-34.75288,149.719845,26,2,1,1,1,0,0,0,2,2,7,40,2,1220,1220,9,5,28,2,0,0,0,1
1288212,4,2022,2022,7,5,8,150,27,309,415,0,1,2,-33.810187,151.106209,61,0,2,1,1,0,0,0,2,0,7,60,2,14295,14295,3,16,5,2,0,1,0,0
1288213,2,2022,2022,3,6,8,230,27,47,284,0,1,1,-33.805024,151.148881,38,0,2,1,0,0,0,0,2,0,7,70,2,1109,397,1,30,0,2,0,0,1,0
1288215,2,2022,2022,7,0,7,1052,14,46,928,0,1,6,-33.306316,151.400944,16,2,2,0,0,0,3,3,2,0,7,70,2,1957,4009,8,0,40,1,0,0,1,0
1288221,2,2022,2022,0,1,6,1052,14,118,928,0,1,3,-33.413127,151.298118,16,1,2,0,0,0,0,0,2,0,7,110,2,14295,14295,3,0,5,2,0,0,1,0
1288224,2,2022,2022,7,4,8,5,31,182,34609,0,1,1,-32.839727,151.354791,17,2,1,1,1,0,0,0,2,0,7,50,0,2040,2040,9,10,28,2,0,0,1,0
1288227,2,2022,2022,3,2,9,73,27,113,16,0,1,9,-33.783778,150.750565,55,0,2,1,1,0,3,4,2,2,7,70,2,2852,2852,4,30,5,2,0,0,1,0
1288228,2,2022,2022,4,4,7,40,31,179,34609,0,1,1,-33.761056,150.71273,55,0,2,1,1,0,0,0,2,0,9,50,0,14295,14295,3,5,5,2,0,0,1,0
1288229,2,2022,2022,0,2,5,334,17,4,308,0,1,1,-31.209191,149.428178,51,1,0,1,0,0,0,0,2,0,7,100,2,1945,1945,5,0,40,1,0,0,1,0
1288233,2,2022,2022,7,1,0,225,17,50,180,0,1,1,-34.561772,150.663855,62,0,2,0,0,0,0,0,0,0,7,60,2,1957,4009,8,5,40,1,0,0,1,0
1288235,4,2022,2022,4,1,7,3,27,7,34609,0,1,1,-28.304864,153.304681,72,2,1,1,1,0,0,0,2,0,7,60,0,1945,1945,5,16,40,1,0,1,0,0
1288236,2,2022,2022,7,6,4,32,10,27,34609,1,2,1,-32.765623,151.607591,42,2,1,1,1,0,0,0,2,0,7,40,0,323,323,1,16,25,3,0,0,1,0
1288239,4,2022,2022,4,2,9,330,23,102,112,1,0,2,-33.95652,151.244077,59,0,2,1,0,0,0,0,2,0,7,60,2,14295,14295,3,0,5,3,0,1,1,0
1288242,4,2022,2022,7,1,7,126,27,74,168,0,1,2,-34.048186,150.761864,12,0,2,1,1,0,0,0,2,0,7,80,2,14295,14295,3,5,2,2,0,1,0,0
1288243,4,2022,2022,4,4,7,916,17,75,917,0,1,2,-32.785427,151.62348,42,1,0,1,1,0,0,0,2,0,7,90,2,9859,9859,8,0,40,1,0,1,0,0
1288246,2,2022,2022,7,1,8,13,27,6,34609,0,1,1,-33.916962,151.04665,15,0,2,1,0,0,0,3,2,0,7,50,0,190,190,1,5,5,3,0,0,1,0
1288247,4,2022,2022,0,5,9,28,27,94,34609,1,0,10,-33.782203,150.791611,55,0,2,1,2,0,0,0,0,2,7,50,0,5929,5929,1,9,19,2,0,1,0,0
1288248,4,2022,2022,7,6,2,11,4,80,34609,0,1,1,-33.93367,151.226511,4,0,2,1,1,0,3,4,1,0,7,50,0,9859,9859,1,22,36,2,0,1,0,0
1288249,2,2022,2022,3,4,6,158,27,68,207,0,1,1,-33.872975,151.247654,81,0,2,0,0,0,0,0,2,0,7,60,2,186,186,9,9,28,3,0,0,1,1
1288251,2,2022,2022,3,6,4,85,31,228,39,0,1,10,-34.761296,149.70668,26,2,1,1,3,0,3,3,2,0,0,60,2,5929,5929,1,0,5,2,0,0,1,0
1288253,4,2022,2022,4,4,11,10,1,93,34609,0,1,1,-33.406719,149.607396,3,2,1,0,0,0,0,0,0,0,7,50,0,4552,5151,8,5,40,1,0,1,1,0
1288254,4,2022,2022,0,3,6,128,27,74,133,0,1,9,-33.769145,150.676516,55,0,2,1,1,0,0,0,2,2,7,60,2,5929,5929,1,5,13,2,0,1,0,0
1288256,2,2022,2022,0,5,4,22,27,123,59,0,1,9,-33.889705,151.232979,69,0,2,1,3,0,0,0,2,2,7,40,1,2585,777,8,9,40,1,0,0,1,0
1288259,2,2022,2022,7,0,5,16,36,7,34609,0,1,1,-35.797015,148.334046,66,1,0,0,3,0,3,0,2,0,7,100,0,1850,1463,5,10,40,1,0,0,1,0
1288262,2,2022,2022,7,4,8,1,7,45,34609,0,1,9,-33.802216,150.80527,55,0,2,1,3,0,0,0,2,0,15,50,0,14295,14295,3,5,5,2,0,0,1,1
1288266,1,2022,2022,0,4,3,1,7,69,34609,0,1,10,-34.551102,150.867522,62,0,2,1,3,0,0,0,4,0,15,50,0,6545,6545,4,5,5,2,0,0,0,1
1288268,1,2022,2022,0,4,2,137,14,55,70,0,1,3,-32.824371,151.511965,17,1,0,0,3,0,3,4,0,0,7,110,2,1391,1391,1,5,0,2,0,0,0,1
1288270,1,2022,2022,0,1,2,478,17,128,480,0,1,10,-33.427264,151.317478,16,2,2,0,3,0,0,0,0,2,7,70,2,14295,14295,3,5,5,2,0,0,0,1
1288272,1,2022,2022,4,1,5,2209,17,10,2205,0,1,2,-33.983654,151.11429,25,0,2,1,3,0,0,0,2,0,7,70,2,1282,1282,1,5,13,2,0,0,0,1
1288278,1,2022,2022,7,0,8,50,27,125,51,0,1,7,-33.854282,151.07724,67,0,2,1,3,0,3,4,2,0,0,60,1,14295,14295,3,0,0,2,0,0,0,1
1288280,4,2022,2022,0,0,5,1,18,1,34609,0,1,1,-33.586797,150.81298,29,2,2,1,0,0,0,0,2,0,7,50,0,237,162,8,16,40,1,0,1,0,0
1288283,2,2022,2022,0,1,9,74,27,609,163,0,1,2,-33.779036,150.91549,7,0,2,0,2,0,0,0,0,0,7,60,2,4552,5151,8,5,40,1,0,0,1,0
1288284,1,2022,2022,0,5,4,1,31,39,34609,0,1,1,-29.439746,153.355043,18,2,1,1,3,0,0,0,2,0,7,50,0,1981,1981,4,21,27,2,0,0,0,1
1288285,4,2022,2022,3,2,4,512,17,562,441,0,1,1,-32.211409,148.548899,22,2,1,1,0,0,0,0,2,0,7,40,2,1945,1945,5,16,40,1,0,1,0,0
1288286,4,2022,2022,7,1,8,8,27,26,34609,0,1,9,-33.735526,150.814293,7,0,2,1,1,0,0,3,2,0,7,50,0,323,323,1,16,25,2,0,1,1,0
1288287,2,2022,2022,0,2,5,51,27,247,34609,0,1,1,-33.829893,150.962585,21,0,2,1,1,0,0,0,2,0,7,50,0,340,340,9,0,28,2,0,0,1,0
1288291,1,2022,2022,7,2,6,1104,11,532,770,0,1,10,-33.873969,151.20264,69,0,2,1,3,0,0,0,2,3,7,50,2,1383,1383,1,5,0,4,0,0,0,1
1288294,4,2022,2022,0,1,3,73,27,443,78,0,1,1,-33.905534,151.048248,15,0,2,1,1,0,0,0,2,0,7,60,2,1383,1383,1,5,10,3,0,2,0,0
1288295,4,2022,2022,7,2,5,294,17,44,288,0,1,1,-35.218062,147.780038,75,1,0,0,0,0,3,4,2,0,7,100,2,2585,4009,8,9,40,1,0,1,0,0
1288301,2,2022,2022,0,5,8,18,31,166,34609,0,1,9,-33.420579,149.584787,3,2,1,1,1,0,0,0,2,0,7,50,0,323,323,1,30,0,2,0,0,1,0
1288305,2,2022,2022,0,3,4,85,31,66,34609,0,1,1,-34.486456,150.896518,80,0,2,1,1,0,0,0,2,0,7,50,0,9859,9859,1,5,5,2,0,0,1,0
1288306,1,2022,2022,0,6,5,2261,17,284,2252,1,0,9,-33.90863,151.029008,15,0,2,0,1,0,3,4,2,0,0,60,2,14295,14295,3,9,13,4,0,0,0,1
1288307,4,2022,2022,0,0,5,387,27,290,331,0,1,9,-33.944674,151.128669,4,0,2,1,1,0,3,3,2,0,0,60,2,5929,5929,1,10,36,3,0,1,0,1
1288314,4,2022,2022,3,3,8,3371,17,15,3342,0,1,2,-30.223415,153.146999,19,1,0,1,0,0,3,4,2,0,7,110,2,4026,4026,8,5,40,1,0,1,0,0
1288322,1,2022,2022,0,0,7,37,27,94,105,0,1,7,-33.889612,150.933556,24,0,2,0,0,0,3,4,2,0,0,60,1,14295,14295,3,0,25,3,0,0,0,1
1288330,2,2022,2022,7,4,3,229,14,36,237,0,1,3,-33.762312,151.076291,31,0,2,1,0,0,0,0,2,0,7,100,2,14295,14295,3,5,5,5,0,0,1,0
1288332,4,2022,2022,0,0,5,2,27,19,34609,0,1,1,-33.475484,149.922011,40,1,0,0,0,0,0,0,2,0,7,100,0,418,714,5,16,40,1,0,1,0,0
1288336,1,2022,2022,7,6,4,2261,17,243,2252,0,1,9,-33.957577,150.884354,41,0,2,1,3,0,0,0,2,0,0,70,2,5929,5929,1,5,5,4,0,0,0,1
1288342,2,2022,2022,0,3,1,82,31,363,369,0,1,2,-33.761405,150.710568,55,0,2,1,3,0,0,0,0,0,7,70,2,9859,9859,1,0,36,2,0,0,1,0
1288343,1,2022,2022,7,5,11,132,31,252,126,0,1,10,-33.891042,151.21076,69,0,2,1,3,0,3,4,0,2,7,50,2,6545,6545,4,9,5,2,0,0,0,1
1288350,2,2022,2022,0,5,7,31,27,70,101,0,1,10,-32.906821,151.727488,48,0,2,1,3,0,0,0,2,2,7,60,2,5929,5929,1,0,5,2,0,0,1,0
1288351,1,2022,2022,7,2,6,3371,17,54,3342,0,1,2,-33.468329,151.193322,16,2,2,0,3,0,3,4,2,0,7,60,2,4552,5151,8,5,40,1,0,0,0,1
1288352,1,2022,2022,7,0,7,48,10,135,58,0,1,2,-32.891828,151.745828,48,0,2,0,3,0,0,0,2,0,7,80,2,14295,14295,3,10,5,2,0,0,0,1
1288355,4,2022,2022,0,4,11,12,27,41,24,0,1,1,-32.813487,151.771438,57,2,1,0,0,0,3,4,0,0,7,80,2,4552,5151,8,5,40,1,0,1,0,0
1288360,2,2022,2022,3,0,8,265,10,445,563,0,1,10,-33.865002,151.041814,21,0,2,1,1,0,0,0,2,2,7,70,2,14295,14295,3,0,5,2,0,0,1,0
1288361,1,2022,2022,7,6,10,168,17,47,212,0,1,1,-35.279614,149.422634,58,1,0,1,0,0,0,0,0,0,7,100,2,1089,1089,7,10,40,1,0,0,0,1
1288367,4,2022,2022,0,4,8,229,14,175,237,0,1,3,-33.764778,151.094901,54,0,2,1,0,0,0,0,2,0,7,100,2,14295,14295,3,16,5,2,0,1,0,0
1288373,1,2022,2022,3,1,11,82,31,71,369,0,1,10,-33.775677,150.711963,55,0,2,1,2,0,3,3,0,2,7,70,2,5929,5929,1,5,5,2,0,0,0,1
1288381,1,2022,2022,7,2,11,1,27,2,34609,0,1,1,-33.800541,149.029433,51,1,0,0,0,0,0,0,0,0,7,100,0,2585,4009,8,10,40,1,0,0,0,1
1288383,4,2022,2022,7,1,2,104,27,63,140,0,1,2,-33.923315,151.209308,4,0,2,1,2,0,3,4,1,0,7,60,2,9859,9859,1,5,12,2,0,1,0,0
1288385,2,2022,2022,7,1,3,5,27,52,34609,0,1,7,-33.701388,150.924665,7,0,2,1,0,0,0,0,2,0,0,50,0,6545,6545,4,5,19,2,0,0,1,0
1288387,2,2022,2022,7,0,7,5,1,102,34609,0,1,1,-31.108014,150.907887,70,2,1,1,1,0,3,3,2,0,7,50,0,312,312,2,5,40,2,0,0,1,1
1288389,1,2022,2022,7,5,7,34,10,165,34609,0,1,9,-32.280325,150.89854,46,2,1,1,1,0,0,0,2,0,7,50,0,340,340,9,5,28,2,0,0,0,1
1288390,4,2022,2022,7,4,5,280,10,162,240,0,1,2,-33.851797,150.877562,24,0,2,1,3,0,3,4,2,0,7,70,2,3775,3775,0,10,5,4,0,1,0,0
1288396,1,2022,2022,4,3,6,2261,17,140,2252,0,1,9,-33.903589,151.001173,15,0,2,1,3,0,0,0,2,2,7,70,2,515,515,1,5,5,2,0,0,0,1
1288401,4,2022,2022,0,1,10,2261,17,140,2252,0,1,9,-33.903512,151.001296,15,0,2,1,3,0,0,0,0,2,7,70,2,1282,1282,1,5,13,3,0,1,2,0
1288402,1,2022,2022,0,0,3,2261,17,243,2252,0,1,10,-33.940616,150.91229,41,0,2,1,3,0,0,0,2,2,7,70,2,5929,5929,1,30,5,2,0,0,0,1
1288406,2,2022,2022,7,4,4,4,31,219,34609,0,1,1,-32.901172,151.666869,48,0,2,1,0,0,3,0,2,0,7,40,0,3775,3775,0,0,22,5,0,0,1,0
1288407,4,2022,2022,0,2,5,10,27,10,33,0,1,1,-32.518929,151.352255,64,2,1,0,3,0,0,0,2,0,7,80,1,782,957,5,16,40,1,0,1,0,0
1288408,1,2022,2022,0,0,4,20,27,13,24,0,1,9,-33.613621,151.068663,31,0,2,1,3,0,3,3,2,0,7,70,1,1282,1282,1,5,0,2,0,0,0,1
1288409,1,2022,2022,0,1,5,19,31,131,12,0,1,10,-33.790223,151.182916,77,0,2,1,3,0,0,0,2,2,7,50,1,14295,14295,3,30,5,2,0,0,0,1
1288410,2,2022,2022,0,6,3,2209,17,35,2205,0,1,2,-34.053985,151.04628,68,0,2,1,3,0,3,4,2,0,7,80,2,14295,14295,3,0,0,3,0,0,1,1
1288413,4,2022,2022,0,3,8,30,10,27,30,0,1,1,-33.194254,151.200139,16,1,2,1,0,0,0,0,2,0,7,100,1,5929,5929,1,9,19,2,0,1,0,0
1288414,2,2022,2022,0,0,11,2,27,9,2,0,1,1,-36.256385,148.791048,65,1,0,0,0,0,3,4,0,0,7,100,1,4552,5151,8,9,40,1,0,0,1,0
1288415,2,2022,2022,0,6,9,10,31,73,34609,0,1,1,-33.873074,151.21563,69,0,2,1,2,0,3,4,0,0,7,50,0,1945,1945,5,16,40,1,0,0,1,0
1288417,4,2022,2022,7,6,5,2261,17,32,2252,0,1,3,-34.263656,150.650362,79,1,2,1,0,0,2,6,2,0,7,110,2,9859,9859,8,5,40,1,0,1,0,0
1288418,2,2022,2022,0,4,2,6,10,75,34609,0,1,9,-32.772306,151.632245,42,2,1,1,2,0,3,4,0,0,7,60,0,2852,2852,4,0,25,2,0,0,1,0
1288420,4,2022,2022,0,3,8,77,31,445,563,0,1,10,-33.872139,151.042125,21,0,2,1,0,0,0,0,3,2,7,70,2,5929,5929,1,5,5,2,0,1,0,0
1288422,1,2022,2022,7,1,3,7,31,41,34609,1,0,9,-33.866923,150.986633,24,0,2,1,1,0,0,0,2,0,9,50,0,2040,2040,9,5,28,2,0,0,0,1
1288423,4,2022,2022,0,4,9,191,27,309,208,0,1,9,-33.804416,151.103648,61,0,2,1,2,0,0,0,0,0,7,60,2,5929,5929,1,33,19,2,0,1,0,0
1288424,2,2021,2021,2,5,7,61,27,53,208,0,1,9,-33.852737,150.960098,21,0,2,1,0,0,0,0,2,0,7,60,1,2040,2040,9,5,28,2,0,0,1,0
1288425,2,2022,2022,4,2,6,2126,17,80,2149,0,1,10,-33.756117,150.652893,55,0,2,1,1,0,0,0,2,0,15,60,2,5929,5929,1,5,5,2,0,0,1,0