Crash ID,Degree of crash - detailed,Reporting year,Year of crash,Month of crash,Day of week of crash,Two-hour intervals,Street of crash,Street type,Town,Route no.,School zone location,School zone active,Type of location,Latitude,Longitude,LGA,Urbanisation,Conurbation 1,Alignment,Street lighting,Road surface,Surface condition,Weather,Natural lighting,Signals operation,Other traffic control,Speed limit,Road classification,RUM - code,DCA - code,First impact type,Key TU type,Other TU type,No. of traffic units involved,No. killed,No. seriously injured,No. moderately injured,No. minor-other injured
1288428,4,2022,2022,7,4,3,27,27,49,28,0,1,2,-33.961711,151.213611,4,0,2,1,2,0,3,4,1,0,7,70,2,4026,4026,8,30,40,1,0,1,0,0
1288429,2,2022,2022,4,4,6,119,31,173,34,0,1,1,-33.8738,151.212859,69,0,2,1,0,0,0,0,2,0,7,40,1,1383,1383,1,5,5,2,0,0,1,0
1288430,2,2022,2022,0,0,9,6,27,9,34609,0,1,9,-31.34095,152.793274,56,1,0,1,0,0,0,0,0,0,0,100,0,6545,6545,4,0,19,2,0,0,1,0
1288431,2,2022,2022,3,5,9,7,27,197,34609,0,1,7,-33.953602,151.074783,25,0,2,1,0,0,0,0,2,0,0,50,0,6545,6545,4,5,18,2,0,0,1,0
1288432,2,2022,2022,0,6,7,1,9,9,34609,0,1,1,-36.858368,149.920732,5,2,1,1,1,0,0,0,2,0,7,50,0,1981,1981,4,22,0,2,0,0,1,0
1288436,2,2022,2022,0,3,3,3371,17,77,3342,0,1,9,-33.037283,151.659949,37,0,2,1,1,0,0,0,2,2,7,50,2,1109,787,1,5,0,2,0,0,1,0
1288438,2,2022,2022,7,2,10,1,27,19,34609,0,1,1,-29.863328,150.57837,51,2,1,1,2,0,0,0,0,0,7,50,0,9859,9859,8,5,40,1,0,0,1,0
1288440,2,2022,2022,0,2,5,2,27,2,2,0,1,10,-36.210534,148.796255,65,1,0,1,0,0,0,0,2,0,0,100,1,6545,6545,4,0,13,2,0,0,2,2
1288443,4,2022,2022,7,0,10,8,27,4,34609,0,1,1,-31.912328,152.407561,43,2,1,0,0,0,3,4,0,0,7,80,0,4552,5151,8,5,40,1,0,1,0,0
1288444,1,2022,2022,7,0,7,98,27,609,220,0,1,9,-33.775282,150.918702,7,0,2,1,0,0,0,0,2,0,7,60,2,5929,5929,1,5,5,3,0,0,0,1
1288445,4,2022,2022,7,1,6,19,27,26,34609,0,1,1,-33.110514,151.507378,37,0,2,0,0,0,3,4,2,0,7,70,0,3775,3775,0,16,5,2,0,1,0,0
1288450,1,2022,2022,0,6,5,1,7,12,34609,0,1,1,-34.483462,150.785821,80,0,2,0,3,0,3,4,2,0,7,50,0,2585,4009,8,5,40,1,0,0,0,1
1288452,2,2022,2022,0,1,11,2126,17,22,2149,0,1,1,-33.581963,150.224099,40,2,1,0,0,0,0,0,0,0,7,60,2,4552,5151,8,5,40,1,0,0,1,0
1288454,1,2022,2022,0,1,5,9,27,11,23,0,1,1,-33.908287,141.997546,51,1,0,1,0,2,0,0,2,0,7,100,1,1945,1945,5,16,40,1,0,0,0,1
1288456,2,2022,2022,0,3,7,28,27,346,63,0,1,7,-33.879159,151.085793,67,0,2,1,3,0,0,0,2,0,7,50,1,14295,14295,3,5,13,2,0,0,1,0
1288457,2,2022,2022,0,6,5,123,36,37,90,0,1,1,-31.013516,151.593196,51,1,0,1,3,0,0,0,2,0,7,100,1,5929,5929,1,9,0,2,0,0,1,0
1288469,1,2022,2022,0,0,5,56,27,130,80,0,1,9,-33.873968,151.19241,69,0,2,1,3,0,0,0,2,2,7,40,2,2852,2852,4,10,5,2,0,0,0,1
1288473,2,2022,2022,0,4,6,74,27,56,59,0,1,2,-34.465648,150.873117,80,0,2,1,1,0,3,4,2,0,7,80,2,1383,1383,1,5,10,3,0,0,1,1
1288474,1,2022,2022,0,3,10,916,17,32,917,0,1,10,-32.604373,151.201278,64,2,1,0,2,0,0,0,3,0,0,80,2,2852,2852,4,10,13,2,0,0,0,3
1288475,2,2022,2022,0,0,9,19,27,29,34609,0,1,2,-32.878421,151.696667,48,0,2,0,2,0,0,0,3,0,7,60,0,4552,5151,1,30,5,2,0,0,1,0
1288476,2,2022,2022,0,0,3,3,27,6,48,0,1,9,-32.566377,151.595434,51,2,1,1,0,0,3,3,2,0,7,60,1,9859,9859,8,5,40,1,0,0,1,1
1288477,2,2022,2022,0,0,4,14,1,30,18,1,2,9,-33.980323,151.144833,4,0,2,1,3,0,3,4,2,0,7,40,1,1945,1945,5,15,40,1,0,0,1,0
1288479,1,2022,2022,7,0,10,478,17,122,480,0,1,7,-33.429472,151.338758,16,2,2,1,3,0,3,4,0,0,0,60,2,14295,14295,3,10,5,2,0,0,0,1
1288480,2,2022,2022,0,4,8,2261,17,523,2252,0,1,9,-33.937946,150.913724,41,0,2,1,3,0,0,0,2,2,7,60,2,395,395,1,10,5,2,0,0,1,0
1288483,4,2022,2022,0,6,9,125,31,175,34609,0,1,1,-33.773077,151.080864,54,0,2,1,2,0,0,0,0,0,9,50,0,220,220,8,5,40,1,0,1,0,0
1288484,1,2022,2022,0,1,5,103,36,13,157,0,1,1,-28.335507,152.684439,51,1,0,0,0,0,0,0,2,0,7,100,2,4552,5151,8,16,40,1,0,0,0,1
1288485,2,2022,2022,0,0,9,3371,17,4,3342,0,1,2,-30.423799,153.022225,6,1,0,1,2,0,0,3,0,0,7,110,2,4026,4026,8,5,40,1,0,0,1,0
1288491,2,2022,2022,7,4,7,234,27,323,217,0,1,9,-33.74749,150.993677,71,0,2,0,1,0,3,3,2,2,7,60,2,5929,5929,1,10,5,2,0,0,2,0
1288494,1,2022,2022,7,0,4,134,10,69,133,0,1,2,-33.822458,151.021386,54,0,2,1,0,0,3,4,2,0,7,70,2,14295,14295,3,0,12,2,0,0,0,1
1288500,1,2022,2022,0,1,8,26,31,370,34609,0,1,10,-34.067974,150.812991,13,0,2,1,1,0,0,0,2,2,7,50,0,2040,2040,9,5,28,2,0,0,0,1
1288501,4,2022,2022,7,4,8,195,27,54,186,0,1,7,-33.861591,150.872086,24,0,2,1,0,0,3,4,2,0,0,70,2,9859,9859,8,5,40,1,0,1,0,0
1288509,2,2022,2022,7,4,10,53,36,3,34,0,1,1,-33.372889,148.492532,11,1,0,1,0,0,0,0,0,0,7,100,2,404,404,8,9,40,1,0,0,1,0
1288510,4,2022,2022,7,1,4,916,17,165,917,1,2,9,-32.273544,150.892973,46,2,1,1,2,0,0,0,2,2,9,40,2,591,591,1,22,0,2,0,1,0,0
1288512,2,2022,2022,0,6,9,12,27,53,55,0,1,1,-33.851649,150.970254,21,0,2,1,3,0,0,3,2,0,7,50,1,1981,1981,4,0,5,2,0,0,1,0
1288516,2,2022,2022,0,3,9,19,31,172,126,0,1,7,-32.748919,151.59374,42,2,1,1,3,0,0,0,3,0,0,50,2,1259,985,8,5,40,1,0,0,1,0
1288519,1,2021,2021,2,5,10,515,14,49,518,0,1,3,-33.935936,151.149187,4,0,2,1,1,0,0,0,0,0,7,80,2,14295,14295,3,21,0,2,0,0,0,1
1288520,2,2022,2022,7,4,6,89,31,316,34609,0,1,1,-31.428951,152.91235,56,2,1,1,0,0,0,3,2,0,7,50,0,515,515,1,10,19,2,0,0,1,0
1288525,1,2022,2022,0,6,8,59,27,370,53,0,1,9,-34.071023,150.803099,13,0,2,1,3,0,3,3,2,0,0,60,2,5929,5929,1,5,5,2,0,0,0,1
1288526,1,2022,2022,7,6,6,31,23,139,187,0,1,2,-33.870561,151.142337,32,0,2,1,3,0,0,3,2,0,7,60,2,1391,1391,1,8,5,2,0,0,0,1
1288528,1,2022,2022,0,1,3,280,10,237,240,0,1,7,-33.857168,150.950473,24,0,2,1,3,0,0,0,2,0,0,60,2,515,515,1,29,5,2,0,0,0,1
1288529,1,2022,2022,0,4,4,14,31,82,34609,0,1,1,-33.823551,151.20478,49,0,2,1,3,0,3,3,2,0,7,50,0,4026,4026,8,5,40,1,0,0,0,1
1288531,1,2022,2022,0,6,2,168,10,387,260,0,1,2,-33.945968,151.173196,4,0,2,1,3,0,0,0,1,0,7,70,2,1391,1391,1,8,41,3,0,0,0,1
1288539,1,2022,2022,0,2,8,829,27,363,770,0,1,9,-33.808785,151.006983,54,0,2,1,3,0,0,0,3,0,0,60,2,14295,14295,3,5,5,2,0,0,0,1
1288560,2,2022,2021,2,2,5,50,36,4,43,0,1,1,-36.338223,148.196321,66,2,1,0,0,0,0,0,2,0,7,60,2,3775,3775,0,16,0,3,0,0,1,2
1288563,2,2022,2022,3,1,6,5,10,63,34609,0,1,9,-33.256291,151.481235,16,2,2,1,1,0,0,0,2,0,7,50,0,926,926,4,5,0,2,0,0,1,0
1288564,4,2022,2022,7,4,6,39,27,293,91,0,1,1,-33.938701,151.257198,59,0,2,1,0,0,0,0,2,0,7,50,1,387,387,1,22,5,2,0,1,0,0
1288565,2,2022,2022,7,0,6,109,27,71,106,0,1,1,-33.832257,150.969244,21,0,2,1,0,0,0,0,2,0,7,60,1,1220,1220,9,0,28,2,0,0,1,0
1288566,2,2022,2022,3,0,4,916,17,48,917,0,1,1,-29.003794,151.979476,51,1,0,1,0,0,0,0,2,0,7,100,2,4026,4026,8,21,40,1,0,0,1,0
1288571,1,2022,2022,4,2,9,24,36,7,56,0,1,1,-34.550685,147.508981,51,1,0,0,0,0,3,3,2,0,7,100,2,2585,4009,8,5,40,1,0,0,0,1
1288573,2,2022,2022,4,3,11,36,27,15,34609,0,1,1,-33.998906,151.031742,68,0,2,0,3,0,3,4,0,0,7,50,0,3775,3775,0,5,5,2,0,0,1,1
1288575,4,2022,2022,3,3,9,1,27,2,34609,0,1,1,-36.441162,149.847912,5,1,0,0,0,0,0,0,2,0,7,100,0,380,714,5,16,40,1,0,1,0,0
1288577,2,2022,2022,4,6,10,4,27,16,34609,0,1,1,-33.36465,149.541765,3,1,0,1,0,0,0,0,0,0,7,100,0,14295,14295,3,5,13,2,0,0,1,1
1288578,1,2022,2022,3,3,5,41,27,8,69,0,1,1,-34.68759,149.772677,26,1,0,0,0,0,0,0,2,0,7,100,1,1259,5151,8,10,40,1,0,0,0,2
1288579,4,2022,2022,3,3,8,3371,17,147,3342,0,1,9,-33.747742,151.145426,36,0,2,1,1,0,0,3,2,0,7,60,2,3775,3775,0,0,0,3,0,1,3,3
1288582,4,2022,2022,3,3,4,67,27,15,34609,0,1,1,-30.674652,152.906419,47,2,1,0,0,0,0,0,2,0,7,60,0,4552,5151,8,5,40,1,0,2,1,0
1288583,2,2022,2022,3,0,7,17,10,39,34609,1,2,7,-32.874169,151.651003,48,0,2,0,1,0,0,3,2,0,0,40,0,14295,14295,3,19,22,2,0,0,1,0
1288584,4,2022,2022,3,5,9,294,17,56,288,0,1,7,-35.1253,147.420508,75,2,1,1,0,0,0,0,2,0,0,60,2,6545,6545,4,5,19,2,0,1,0,0
1288586,4,2022,2022,3,4,1,125,27,57,123,0,1,2,-33.331612,151.430967,16,2,2,0,2,0,3,0,0,0,7,70,2,3775,3775,0,5,5,2,0,1,1,0
1288587,4,2022,2022,3,0,3,32,27,52,88,0,1,1,-33.668025,150.731894,55,0,2,1,0,0,3,3,1,0,7,80,2,3775,3775,0,5,13,2,0,2,1,0
1288588,1,2022,2022,3,0,7,12,31,77,321,0,1,1,-33.883723,151.203844,69,0,2,1,1,0,3,4,2,2,9,40,2,1220,1220,9,0,28,2,0,0,0,1
1288589,2,2022,2022,3,1,7,105,27,70,109,0,1,9,-33.885277,150.88475,24,0,2,1,1,0,0,0,2,0,0,60,1,2852,2852,4,0,19,2,0,0,1,0
1288590,2,2022,2022,7,6,8,916,17,194,917,0,1,1,-30.476173,151.68053,1,1,0,0,1,0,3,4,2,0,7,100,2,1109,787,1,5,25,2,0,0,1,0
1288591,4,2022,2022,3,5,10,29,27,85,30,0,1,9,-33.899338,150.876724,41,0,2,1,2,0,0,0,0,2,7,60,1,2852,2852,4,5,13,2,0,1,0,0
1288593,1,2022,2022,3,0,7,6,31,463,34609,0,1,1,-30.304244,153.127173,19,2,1,1,1,0,3,0,2,0,7,50,0,489,489,5,30,40,1,0,0,0,1
1288594,4,2022,2022,3,6,3,61,27,32,208,0,1,9,-33.855163,150.95942,21,0,2,1,1,0,0,0,2,0,7,60,1,1282,1282,1,0,5,2,0,1,0,0
1288595,2,2022,2022,3,4,6,294,17,215,288,0,1,9,-35.117843,147.361407,75,2,1,1,1,0,0,0,2,0,0,60,2,1669,1669,3,5,5,2,0,0,1,0
1288597,4,2022,2022,4,3,10,500,27,83,799,0,1,9,-33.912831,151.118106,15,0,2,1,2,0,0,0,0,0,0,60,2,775,775,4,5,19,2,0,1,0,0
1288598,2,2022,2022,3,2,5,110,27,55,10,0,1,1,-33.92712,150.898287,41,0,2,1,0,0,0,3,2,0,7,50,0,9859,9859,1,5,0,2,0,0,1,0
1288602,2,2022,2022,3,3,6,916,17,172,917,0,1,2,-32.762759,151.596314,42,2,1,1,1,0,0,0,2,0,7,60,2,1945,1945,5,16,40,1,0,0,1,0
1288603,2,2022,2022,3,4,4,2126,17,9,2149,0,1,1,-33.426849,149.710101,3,1,0,1,0,0,0,0,2,0,7,100,2,14295,14295,3,0,5,2,0,0,1,0
1288605,2,2022,2022,0,2,4,1,7,16,34609,0,1,1,-33.742244,150.730987,55,0,2,0,0,0,3,4,2,0,7,50,0,2585,4009,1,5,0,2,0,0,1,0
1288609,4,2022,2022,3,5,9,17,10,39,34609,0,1,1,-32.880089,151.660534,48,0,2,0,1,0,0,0,3,0,7,50,0,14295,14295,3,5,5,2,0,1,0,1
1288611,2,2022,2022,3,5,7,2126,17,346,2149,0,1,9,-33.867217,151.096217,9,0,2,1,1,0,3,4,2,2,7,60,2,2852,2852,4,5,0,2,0,0,1,0
1288612,2,2022,2022,7,5,6,2209,17,23,2205,0,1,2,-34.629038,150.835691,62,0,2,0,0,0,3,4,2,0,7,100,2,2585,4009,8,0,40,1,0,0,1,0
1288614,2,2022,2022,7,5,9,475,10,24,268,0,1,10,-33.907737,150.898662,41,0,2,1,2,0,0,6,3,2,7,60,2,14295,14295,3,5,35,2,0,0,1,0
1288616,2,2022,2022,3,4,3,59,27,109,34609,0,1,9,-33.9632,150.861342,41,0,2,1,1,0,0,0,2,2,7,60,0,5929,5929,1,0,5,2,0,0,2,0
1288618,4,2022,2022,7,3,4,7,27,18,34609,0,1,1,-28.850305,153.599036,2,2,1,1,3,0,3,3,2,0,7,80,0,3775,3775,0,0,5,2,0,1,1,0
1288619,2,2022,2022,7,0,8,220,14,12,220,0,1,3,-34.437096,150.867753,80,0,2,1,3,0,0,0,2,0,7,100,2,14295,14295,3,0,5,2,0,0,1,0
1288621,1,2022,2022,3,6,9,27,31,115,34609,0,1,0,-33.912781,151.172033,32,0,2,1,1,0,3,4,3,0,7,50,0,1192,1192,1,5,5,4,0,0,0,1
1288625,2,2022,2022,0,6,10,71,27,69,122,0,1,9,-34.545878,150.862025,62,0,2,1,2,0,3,4,0,2,7,70,2,5929,5929,1,5,13,2,0,0,1,3
1288628,4,2022,2022,0,0,4,1052,14,207,928,0,1,3,-33.55854,151.192781,31,0,2,1,0,0,3,4,2,0,7,110,2,9859,9859,8,10,40,1,0,1,0,0
1288629,4,2022,2022,0,4,4,2209,17,59,2205,0,1,9,-34.334967,150.913171,80,0,2,0,0,0,3,3,2,0,15,60,2,1220,1220,9,0,28,2,0,1,0,0
1288630,1,2022,2022,3,2,10,2209,27,64,34609,0,1,1,-33.876432,151.02405,21,0,2,1,2,0,3,4,0,0,7,50,0,9859,9859,1,5,36,3,0,0,0,1
1288633,2,2022,2022,3,1,5,1,31,73,34609,0,1,9,-33.873965,151.218591,69,0,2,1,1,0,3,3,2,0,7,50,0,1259,985,8,0,40,2,0,0,1,0
1288634,2,2022,2022,7,5,4,63,31,252,34609,0,1,10,-33.88882,151.213335,69,0,2,1,1,0,3,4,2,2,6,40,0,395,395,1,5,39,2,0,0,1,0
1288639,2,2022,2022,0,0,8,3371,17,43,3342,0,1,2,-30.471143,153.000945,6,1,0,0,0,0,3,4,2,0,7,110,2,1957,4009,8,5,40,1,0,0,4,0
1288641,2,2022,2022,7,0,8,177,31,65,208,0,1,1,-33.858857,150.916137,24,0,2,1,1,0,3,0,2,0,7,60,1,9859,9859,8,5,40,1,0,0,1,0
1288644,4,2022,2022,7,5,4,7,31,108,34609,0,1,1,-28.868389,153.56001,2,2,1,1,1,0,3,3,2,0,7,50,0,1282,1282,1,0,40,2,0,1,1,0
1288645,1,2022,2022,4,1,9,296,27,290,293,1,0,9,-33.849144,150.99698,21,0,2,1,2,0,0,3,3,2,7,70,2,14295,14295,3,0,5,3,0,0,0,1
1288648,2,2022,2022,3,1,5,10,31,188,17,0,1,1,-33.945061,151.091196,25,0,2,0,0,0,3,4,2,0,7,50,1,3775,3775,0,8,5,2,0,0,2,0
1288650,1,2022,2022,7,2,1,9,27,111,34609,0,1,1,-33.694016,150.869502,7,0,2,1,3,0,2,6,0,0,7,50,0,4026,4026,1,5,5,2,0,0,0,1
1288653,2,2022,2022,3,3,4,6,27,8,34609,0,1,1,-34.586263,146.431996,51,2,1,1,0,0,0,0,2,0,7,80,0,4026,4026,8,34,40,1,0,0,1,0
1288654,2,2022,2022,7,0,7,195,27,85,186,0,1,10,-33.894428,150.857147,41,0,2,1,1,0,0,0,2,2,7,70,2,5929,5929,1,5,0,2,0,0,2,0
1288657,2,2022,2022,7,5,0,86,27,83,65,0,1,1,-29.731119,152.939781,18,2,1,0,0,0,3,3,0,0,7,80,1,2585,4009,8,0,40,1,0,0,1,0
1288659,4,2022,2022,7,4,8,57,27,75,126,0,1,1,-32.762802,151.655805,42,2,1,1,0,0,3,4,2,0,7,80,2,14295,14295,3,0,0,3,0,1,1,0
1288663,1,2022,2022,0,1,1,3,27,4,34609,0,1,1,-34.086029,141.667705,51,1,0,0,1,2,0,0,0,0,7,100,0,1957,4009,8,10,40,1,0,0,0,1
1288664,4,2022,2022,0,1,9,16,31,290,34609,0,1,1,-33.847472,150.974326,21,0,2,1,0,0,0,0,0,0,7,50,0,1282,1282,1,5,19,2,0,1,0,0
1288665,2,2022,2022,0,2,9,133,17,14,121,0,1,1,-35.645771,149.163581,65,1,0,1,0,0,0,0,0,0,7,100,2,57,57,1,5,5,3,0,0,1,2
1288666,2,2022,2022,7,5,5,13,3,370,256,0,1,10,-34.069186,150.814057,13,0,2,1,0,0,0,0,2,2,7,60,2,5929,5929,1,21,18,2,0,0,1,0
1288668,4,2022,2022,0,2,10,55,27,134,38,0,1,9,-33.951279,150.830702,41,0,2,1,2,0,0,0,0,2,7,80,2,5929,5929,1,5,0,2,0,1,2,0
1288674,1,2022,2022,0,4,2,3371,17,90,3342,0,1,2,-28.255531,153.528915,72,1,0,0,3,0,3,4,1,0,7,110,1,4552,5151,8,0,40,1,0,0,0,1
1288677,2,2022,2022,7,6,7,5,31,562,34609,0,1,1,-32.245321,148.605353,22,2,1,1,1,0,0,0,2,0,7,40,0,14295,14295,3,0,0,3,0,0,1,0
1288681,2,2022,2022,0,2,2,234,27,112,217,1,0,1,-33.700344,151.015404,31,0,2,1,2,0,3,1,1,0,7,60,2,9859,9859,8,5,40,1,0,0,1,0
1288682,4,2022,2022,0,2,9,24,27,19,34609,0,1,1,-32.92416,151.463681,17,2,1,0,0,0,0,0,0,0,7,80,0,1259,5151,8,5,40,1,0,1,0,0
1288685,2,2022,2022,4,0,6,63,27,103,34,0,1,7,-32.945146,151.664614,37,0,2,1,1,0,0,0,2,0,0,60,1,5929,5929,1,5,5,2,0,0,2,0
1288686,2,2022,2022,7,1,4,177,31,174,208,0,1,1,-33.859833,150.923599,24,0,2,1,1,0,0,0,2,0,7,60,1,14295,14295,3,5,5,3,0,0,2,0
1288692,1,2022,2022,7,4,10,2209,17,115,2205,0,1,9,-34.032014,151.076274,68,0,2,1,3,0,0,0,0,0,7,60,2,515,515,1,5,5,2,0,0,0,1
1288695,2,2022,2022,0,0,9,79,31,56,18,0,1,9,-33.856709,151.179122,32,0,2,1,3,0,3,3,3,0,7,40,1,9859,9859,8,5,40,1,0,0,1,0
1288701,2,2022,2022,0,0,6,1,31,14,62,1,0,10,-30.13621,153.004937,19,2,1,1,0,0,0,0,2,0,0,50,1,256,256,4,5,0,2,0,0,1,0
1288702,1,2022,2022,0,4,6,3371,17,41,3342,0,1,2,-31.4628,152.820221,56,1,0,1,3,0,0,0,2,0,7,110,2,14295,14295,3,10,36,2,0,0,0,1
1288707,2,2022,2022,0,0,8,83,31,523,7,0,1,9,-33.925682,150.921021,41,0,2,1,2,0,0,0,3,0,7,50,1,63,63,4,5,0,2,0,0,1,1
1288713,4,2022,2022,7,1,7,60,27,101,262,0,1,2,-32.899797,151.61306,37,0,2,1,1,0,0,3,2,0,7,90,2,4026,4026,8,10,40,1,0,1,0,0
1288714,4,2022,2022,0,3,9,348,27,21,100,0,1,9,-33.614378,150.710943,29,2,2,1,2,0,0,0,0,0,0,60,2,2585,777,8,0,40,1,0,1,1,0
1288724,4,2022,2022,7,6,9,5,10,86,34609,0,1,9,-33.754331,150.949122,7,0,2,1,2,0,3,4,0,0,7,50,0,1945,1945,5,15,40,1,0,1,0,0
1288730,1,2022,2022,0,0,2,78,17,23,58,0,1,1,-35.095198,149.034071,82,2,1,1,0,0,0,1,0,0,7,80,2,945,945,5,10,40,1,0,0,0,1
1288733,4,2022,2022,0,6,8,63,31,562,34609,0,1,10,-32.243172,148.636903,22,2,1,1,0,0,0,0,2,0,0,50,0,368,368,9,0,28,2,0,1,0,0
1288736,1,2022,2022,0,0,4,19,27,17,46,0,1,10,-34.890223,150.635098,63,2,1,1,3,0,0,0,2,0,15,80,1,5929,5929,1,29,0,2,0,0,0,1
1288738,4,2022,2022,7,0,4,120,36,14,148,0,1,9,-30.340313,152.701575,6,2,1,1,1,0,3,0,2,0,7,50,2,4026,4026,8,10,40,1,0,1,0,0
1288739,2,2022,2022,7,5,7,10,27,7,34609,0,1,1,-31.426445,152.714084,56,2,1,1,0,0,3,4,2,0,7,70,0,1669,1669,3,10,5,2,0,0,1,0
1288740,4,2022,2022,7,1,8,126,27,27,168,0,1,2,-34.043039,150.75397,12,0,2,1,1,0,0,0,2,0,7,80,2,14295,14295,3,10,5,4,0,1,0,1
1288743,1,2022,2022,4,1,6,29,27,8,34609,0,1,1,-28.26436,153.47203,72,2,1,0,0,0,0,0,2,0,7,80,0,3775,3775,0,0,13,2,0,0,0,2
1288744,2,2022,2022,7,6,3,32,14,82,124,0,1,3,-33.820916,151.204548,49,0,2,1,0,0,0,0,2,0,7,80,2,14295,14295,3,5,13,2,0,0,2,0
1288745,4,2022,2022,3,0,11,478,17,69,480,0,1,10,-33.357376,151.485742,16,2,2,1,2,0,3,0,0,2,7,50,2,2040,2040,9,5,28,2,0,1,0,0
1288746,4,2022,2022,3,2,7,3371,17,207,3342,0,1,1,-33.560159,151.189298,31,0,2,0,1,0,2,6,2,0,7,80,2,3775,3775,0,16,0,2,0,1,1,0
1288747,1,2022,2022,3,4,9,72,27,82,102,0,1,10,-33.794106,151.262683,50,0,2,1,1,0,3,4,3,2,9,60,2,591,591,1,22,0,2,0,0,0,1
1288749,1,2022,2022,0,6,9,251,14,79,124,0,1,3,-33.824283,151.210652,49,0,2,0,3,0,3,4,0,0,7,80,2,1391,1391,1,8,36,2,0,0,0,1
1288751,2,2022,2022,3,2,8,34,27,8,83,0,1,1,-29.628802,152.968529,18,1,0,0,0,0,3,4,2,0,7,100,1,1259,5151,8,5,40,1,0,0,1,0
1288754,1,2022,2022,4,6,9,74,27,609,48,0,1,9,-33.775256,150.891405,7,0,2,1,2,0,0,0,3,2,7,60,1,5929,5929,1,5,5,2,0,0,0,1
1288755,2,2022,2022,7,4,11,44,27,23,126,0,1,1,-32.771564,151.854667,57,2,1,0,0,0,0,0,0,0,7,80,2,1957,4009,8,0,40,1,0,0,1,0
1288757,1,2022,2022,0,6,9,24,27,115,52,0,1,1,-33.910875,151.174413,32,0,2,1,3,0,0,0,0,0,7,50,1,14295,14295,3,5,0,2,0,0,0,1
1288758,2,2022,2022,0,6,7,26,27,28,34609,0,1,1,-32.939723,151.636402,37,0,2,1,3,0,0,0,2,0,7,50,0,1981,1981,4,5,36,2,0,0,1,0
1288759,1,2022,2022,0,5,3,2,31,271,34609,0,1,9,-33.939624,151.012608,15,0,2,1,3,0,0,0,2,0,7,50,0,14295,14295,3,10,5,4,0,0,0,1
1288763,2,2022,2022,7,5,7,916,17,165,917,0,1,9,-32.292931,150.933796,46,1,0,0,0,0,0,0,2,0,0,100,2,1669,1669,3,3,0,3,0,0,1,0
1288764,2,2022,2022,0,5,7,40,31,57,34609,0,1,10,-32.82045,151.481829,17,2,1,1,1,0,0,0,2,0,15,50,0,6545,6545,4,9,5,2,0,0,1,0
1288766,2,2022,2022,7,1,9,17,31,91,96,1,0,2,-32.965804,151.645281,37,0,2,1,2,0,0,0,0,0,7,60,2,9859,9859,1,5,0,2,0,0,1,0
1288772,1,2022,2022,0,6,6,11,31,90,34609,0,1,10,-32.925823,151.743566,48,0,2,1,3,0,0,0,2,0,0,50,0,6545,6545,4,5,5,2,0,0,0,1
1288773,1,2022,2022,0,5,8,3371,17,463,3342,0,1,2,-30.287129,153.124004,19,2,1,1,3,0,3,3,2,0,7,60,2,14295,14295,3,9,0,2,0,0,0,1
1288779,4,2022,2022,0,2,6,23,14,17,22,0,1,8,-33.860943,151.206242,69,0,2,0,2,0,3,4,2,0,7,70,2,4552,5151,8,15,40,1,0,1,0,0
1288782,2,2022,2022,7,6,5,55,31,123,34609,0,1,7,-33.83264,148.69173,51,2,1,1,1,0,0,0,2,0,0,50,0,6545,6545,4,5,27,2,0,0,1,0
1288783,4,2022,2022,3,3,8,5,18,12,34609,0,1,1,-36.755301,149.719497,5,2,1,0,0,2,0,0,2,0,7,40,0,3775,3775,0,5,13,2,0,1,0,0
1288786,2,2022,2022,7,4,5,101,10,42,33,0,1,1,-34.010498,151.213024,68,0,2,1,1,0,0,0,2,0,7,50,1,1981,1981,4,22,27,2,0,0,1,1
1288793,2,2022,2022,0,0,4,3371,17,30,3342,0,1,9,-33.188628,151.557599,16,2,2,1,1,0,3,4,2,2,7,80,2,14295,14295,3,29,0,2,0,0,1,0
1288794,2,2022,2022,0,5,3,3371,17,131,3342,0,1,9,-33.78751,151.178979,77,0,2,1,1,0,0,0,2,2,7,60,2,1192,1192,1,5,36,2,0,0,1,0
1288798,4,2022,2022,0,2,7,97,27,251,34609,0,1,1,-33.77581,150.930693,7,0,2,1,1,0,0,0,2,0,7,50,0,5929,5929,1,5,19,2,0,1,0,0
1288801,4,2022,2022,0,6,9,14,18,4,34609,0,1,9,-31.946325,152.563348,43,2,1,0,0,0,0,0,0,0,7,70,0,4552,5151,8,10,40,1,0,1,0,0
1288802,2,2022,2022,7,6,7,3,31,16,34609,0,1,10,-33.81774,151.091424,61,0,2,1,1,0,0,3,2,0,0,50,0,2040,2040,9,10,26,2,0,0,1,0
1288804,2,2022,2022,0,2,6,7,1,294,34609,0,1,1,-33.933406,150.94843,41,0,2,1,1,0,0,0,2,0,7,50,0,1282,1282,1,16,0,2,0,0,1,0
1288805,2,2022,2022,7,4,6,133,31,646,97,0,1,9,-33.917778,151.026413,15,0,2,1,1,0,0,0,2,2,7,60,1,5929,5929,1,10,13,3,0,0,2,0
1288806,1,2022,2022,7,2,6,2261,17,49,2252,0,1,9,-34.736486,149.787303,26,1,0,1,1,0,0,0,2,0,7,110,2,1383,1383,1,5,13,2,0,0,0,2
1288811,1,2022,2022,0,5,3,55,27,64,117,0,1,7,-32.946924,151.685962,48,0,2,0,2,0,0,0,2,0,0,70,2,926,926,4,22,13,2,0,0,0,1
1288813,1,2022,2022,7,5,6,82,27,10,103,0,1,1,-28.429591,153.31263,72,2,1,1,0,0,3,0,2,0,7,40,1,14295,14295,3,5,0,2,0,0,0,1
1288821,4,2022,2022,7,4,8,1052,14,36,928,0,1,3,-33.426334,151.228272,16,1,2,0,0,0,0,3,2,0,7,110,2,1259,5151,8,9,40,1,0,1,0,0