Crash ID,Degree of crash - detailed,Reporting year,Year of crash,Month of crash,Day of week of crash,Two-hour intervals,Street of crash,Street type,Town,Route no.,School zone location,School zone active,Type of location,Latitude,Longitude,LGA,Urbanisation,Conurbation 1,Alignment,Street lighting,Road surface,Surface condition,Weather,Natural lighting,Signals operation,Other traffic control,Speed limit,Road classification,RUM - code,DCA - code,First impact type,Key TU type,Other TU type,No. of traffic units involved,No. killed,No. seriously injured,No. moderately injured,No. minor-other injured
1288827,1,2022,2022,7,3,0,23,27,433,95,0,1,6,-33.27428,149.085928,52,2,1,0,2,0,0,0,0,0,7,50,2,1957,4009,8,5,40,1,0,0,0,1
1288828,1,2022,2022,0,4,7,23,31,224,44,0,1,9,-33.825936,151.231261,45,0,2,1,3,0,0,0,2,0,7,50,1,14295,14295,3,0,0,2,0,0,0,1
1288835,2,2022,2022,0,4,9,916,17,17,917,0,1,1,-32.20616,150.893437,46,1,0,0,3,0,0,0,3,0,7,100,2,4552,5151,8,5,40,1,0,0,1,0
1288841,2,2022,2022,7,5,6,40,27,128,45,0,1,1,-33.419745,151.33038,16,2,2,1,0,0,3,4,2,0,7,60,1,941,941,1,5,5,2,0,0,1,1
1288842,2,2022,2022,7,5,3,1052,14,149,928,0,1,3,-33.361165,151.334918,16,1,2,0,0,0,3,4,1,0,7,110,2,1259,5151,8,3,40,1,0,0,1,0
1288844,4,2022,2022,3,5,10,99,31,237,105,0,1,1,-33.878499,150.941957,24,0,2,1,0,0,0,0,0,0,7,60,1,2040,2040,9,21,28,2,0,1,0,0
1288846,4,2022,2022,7,5,2,71,36,4,139,0,1,9,-34.103729,145.845779,51,1,0,1,0,0,3,4,0,0,7,100,2,5929,5929,1,5,13,2,0,1,1,0
1288847,4,2022,2022,7,1,6,67,27,15,34609,0,1,1,-30.665585,152.888829,47,1,0,0,2,0,0,3,2,0,7,90,0,4552,5151,8,10,40,1,0,1,0,0
1288848,2,2022,2022,7,2,0,19,27,18,34609,1,0,1,-34.051782,151.13232,68,0,2,1,2,0,0,0,0,0,7,50,0,9859,9859,1,0,5,2,0,0,1,0
1288849,4,2022,2022,0,4,6,1,36,41,34609,0,1,9,-33.731634,150.818584,7,0,2,1,1,0,0,3,2,0,7,50,0,591,591,1,12,5,2,0,1,0,0
1288852,2,2022,2022,0,1,8,475,10,83,268,0,1,1,-33.8758,150.833632,41,0,2,1,1,0,0,0,2,0,7,80,2,3775,3775,0,0,35,2,0,0,1,0
1288856,1,2022,2022,0,5,11,89,36,68,81,0,1,1,-34.7707,148.856432,82,1,0,1,0,0,3,4,0,0,7,100,2,4026,4026,8,5,40,1,0,0,0,1
1288859,1,2022,2022,7,0,3,220,27,104,222,0,1,9,-33.72544,150.939936,7,0,2,1,2,0,3,0,2,2,7,80,2,14295,14295,3,9,5,2,0,0,0,1
1288865,4,2022,2022,0,2,5,204,27,246,34609,0,1,9,-33.909249,151.196545,69,0,2,1,0,0,0,0,2,0,9,50,0,591,591,1,22,5,2,0,1,0,0
1288866,2,2022,2022,0,1,10,2261,17,112,2252,0,1,10,-33.913767,150.931688,41,0,2,1,2,0,0,0,0,2,7,70,2,2852,2852,4,10,5,2,0,0,2,0
1288867,2,2022,2022,7,4,3,30,27,187,94,0,1,2,-33.880992,150.983409,15,0,2,1,1,0,3,4,2,0,7,60,1,4026,4026,8,10,40,1,0,0,1,0
1288870,2,2022,2022,0,4,8,171,27,37,369,0,1,2,-33.847466,150.688152,55,0,2,0,0,0,3,3,2,0,7,80,2,1282,1282,1,0,35,2,0,0,1,0
1288872,1,2022,2022,0,3,9,178,31,143,34609,0,1,9,-33.878416,151.099727,9,0,2,1,1,0,0,6,0,0,0,50,0,2852,2852,4,5,0,2,0,0,0,1
1288873,4,2022,2022,0,1,7,2209,27,438,34609,0,1,1,-33.875232,151.01524,21,0,2,1,0,0,3,6,2,0,7,50,0,1981,1981,4,21,27,2,0,1,0,0
1288874,2,2022,2022,3,4,9,2209,17,273,2205,0,1,9,-34.426022,150.87776,80,0,2,1,2,0,3,4,3,2,7,60,2,5929,5929,1,5,5,2,0,0,2,0
1288875,1,2022,2022,7,6,8,1,1,6,34609,0,1,1,-33.482959,151.35885,16,2,2,1,3,0,0,0,2,0,7,50,0,1981,1981,4,30,0,2,0,0,0,1
1288878,1,2022,2022,0,2,6,30,31,433,34609,0,1,1,-33.275054,149.116036,52,2,1,1,1,0,0,0,2,0,7,50,0,368,368,9,33,28,2,0,0,0,1
1288881,2,2022,2022,7,0,7,13,31,80,69,0,1,10,-33.940086,151.21636,4,0,2,1,1,0,0,3,2,0,0,50,1,4552,985,8,22,40,1,0,0,1,0
1288882,2,2022,2022,0,2,4,109,36,28,108,0,1,1,-28.317275,153.433113,72,2,1,1,1,0,0,6,2,0,7,60,1,3775,3775,0,5,10,3,0,0,2,0
1288884,2,2022,2022,0,1,6,916,17,6,917,0,1,9,-29.817692,151.740576,51,1,0,1,0,0,0,0,2,0,7,100,2,1669,1669,3,0,0,2,0,0,1,0
1288885,2,2022,2022,0,5,8,55,27,179,34609,0,1,10,-33.759966,150.720467,55,0,2,1,1,0,0,0,2,0,0,50,0,14295,14295,3,5,5,2,0,0,2,0
1288886,4,2022,2022,3,5,8,829,27,124,770,0,1,10,-33.812411,151.04185,54,0,2,1,1,0,0,0,2,1,7,70,2,9859,9859,8,9,40,1,0,1,0,0
1288888,1,2022,2022,0,2,11,512,17,10,441,0,1,1,-32.337186,148.761059,22,1,0,1,0,0,3,4,0,0,7,110,2,340,340,9,10,28,2,0,0,0,1
1288889,1,2022,2021,1,2,6,23,31,52,13,0,1,7,-33.897668,151.262766,76,0,2,1,1,0,0,0,2,0,0,50,1,1945,1945,5,22,40,1,0,0,0,1
1288890,1,2022,2022,0,5,9,220,27,104,222,0,1,10,-33.732801,150.943201,7,0,2,1,2,0,0,0,3,2,7,80,2,1669,1669,3,10,25,2,0,0,0,1
1288892,4,2022,2022,0,6,5,19,31,182,174,0,1,9,-32.83355,151.356567,17,2,1,1,1,0,3,3,2,0,9,40,2,2040,2040,9,5,28,2,0,1,0,0
1288894,4,2022,2022,4,0,7,63,31,139,5,1,0,1,-33.829363,151.208858,49,0,2,1,1,0,3,3,2,2,9,50,1,4026,4026,8,15,40,1,0,1,0,0
1288896,4,2022,2022,7,1,6,478,17,70,480,0,1,10,-33.439525,151.356582,16,2,2,1,1,0,0,0,2,0,15,60,2,5929,5929,1,5,22,2,0,1,0,0
1288901,4,2022,2022,7,2,6,57,31,246,321,0,1,10,-33.896661,151.199255,69,0,2,1,1,0,3,3,2,2,7,50,2,926,926,4,5,5,2,0,1,0,0
1288903,1,2022,2022,0,5,6,6,31,32,11,0,1,10,-32.355998,149.533579,44,2,1,1,3,0,0,0,2,0,0,50,1,6545,6545,4,0,13,2,0,0,0,1
1288904,1,2022,2022,0,5,9,3371,17,20,3342,0,1,2,-33.078698,151.650661,37,0,2,1,3,0,3,3,0,0,7,70,2,9859,9859,1,5,5,2,0,0,0,1
1288906,1,2022,2022,7,4,6,11,27,136,34609,0,1,1,-33.912396,151.073413,15,0,2,1,3,0,3,4,2,0,7,50,0,1981,1981,4,0,5,2,0,0,0,1
1288912,1,2022,2022,0,6,9,8,27,63,34609,0,1,1,-28.189035,153.499953,72,2,1,0,0,0,0,0,0,0,7,50,0,4552,5151,1,5,5,2,0,0,0,1
1288915,2,2022,2022,0,6,8,4,31,49,34609,0,1,1,-33.958017,151.213509,4,0,2,1,0,0,3,4,2,0,7,50,0,1383,1383,1,5,5,2,0,0,1,1
1288926,2,2022,2022,0,4,0,1,22,27,34609,0,1,1,-32.839429,151.707911,48,0,2,1,0,2,3,4,0,0,7,60,0,945,945,5,5,40,1,0,0,2,0
1288927,2,2022,2022,4,4,7,9,27,115,140,0,1,10,-33.919644,151.178401,32,0,2,1,1,0,0,0,2,2,7,60,2,6545,6545,4,5,27,2,0,0,1,0
1288929,2,2022,2022,7,6,9,4,31,228,34609,0,1,10,-34.760071,149.704531,26,2,1,1,0,0,0,3,3,0,0,50,0,5929,5929,1,9,19,2,0,0,1,0
1288932,2,2022,2022,0,2,9,8,31,194,34609,0,1,9,-30.525046,151.664977,1,2,1,1,2,0,3,4,0,0,7,50,0,1669,1669,3,5,0,2,0,0,1,0
1288934,2,2022,2022,0,5,6,120,36,6,148,0,1,1,-30.375709,152.581785,6,1,0,1,0,0,0,0,2,0,7,100,2,945,945,5,29,40,1,0,0,1,0
1288936,1,2022,2022,7,4,8,8,31,246,8,0,1,1,-33.909157,151.192271,69,0,2,1,1,0,0,0,3,0,7,50,1,14295,14295,3,34,5,3,0,0,0,1
1288941,1,2022,2022,0,0,7,8,10,16,34609,0,1,1,-33.376474,149.578586,3,2,1,0,0,0,0,0,2,0,7,80,0,1669,1669,3,5,36,2,0,0,0,1
1288950,1,2022,2022,0,0,5,77,31,445,34609,0,1,9,-33.86554,151.043472,21,0,2,1,3,0,0,0,2,0,0,50,0,2852,2852,4,5,5,2,0,0,0,1
1288951,1,2022,2022,0,4,5,145,31,532,34609,0,1,10,-33.863366,151.211861,69,0,2,1,3,0,3,4,2,2,7,40,0,6545,6545,4,10,5,2,0,0,0,1
1288953,2,2022,2022,7,5,7,102,31,107,53,0,1,10,-33.879053,151.195721,69,0,2,1,3,0,0,0,2,2,7,50,2,14295,14295,3,5,5,2,0,0,1,0
1288954,1,2022,2022,0,5,9,1,2,1,34609,0,1,1,-33.499969,151.349701,16,2,2,0,3,0,3,4,0,0,7,50,0,1850,1463,5,5,40,1,0,0,0,1
1288956,2,2022,2022,3,5,6,105,27,174,109,0,1,1,-33.861986,150.921774,24,0,2,1,0,0,0,0,2,0,7,60,1,591,591,1,18,5,2,0,0,1,0
1288958,2,2022,2022,0,6,8,1052,14,87,928,0,1,3,-33.025258,151.479141,37,0,2,1,0,0,0,3,3,0,7,110,2,101,101,8,5,40,2,0,0,1,0
1288959,4,2022,2022,7,2,3,2209,17,70,2205,0,1,9,-34.031376,151.078155,68,0,2,1,1,0,3,4,2,2,7,70,2,3775,3775,0,5,13,3,0,2,2,0
1288961,1,2022,2022,7,4,2,1052,14,60,928,0,1,3,-33.433393,151.25619,16,1,2,1,3,0,3,4,1,0,7,110,2,14295,14295,3,10,13,3,0,0,0,1
1288965,1,2022,2022,0,0,8,75,10,137,165,0,1,2,-33.922375,151.21172,69,0,2,1,3,0,3,4,3,0,7,80,2,14295,14295,3,30,5,2,0,0,0,1
1288968,4,2022,2022,0,5,9,2261,17,30,2252,0,1,2,-34.800667,148.516149,30,1,0,1,3,0,3,4,0,0,7,110,2,204,204,1,5,2,2,0,1,0,0
1288970,1,2022,2022,0,0,6,55,27,137,34609,0,1,9,-32.95492,151.685947,37,0,2,1,3,0,3,4,2,0,0,60,0,14295,14295,3,10,5,2,0,0,0,1
1288976,1,2022,2022,0,0,11,171,31,80,34609,0,1,10,-33.879386,151.207064,69,0,2,1,2,0,3,0,0,2,9,40,0,5929,5929,1,5,27,2,0,0,0,1
1288980,1,2022,2022,3,1,8,515,14,166,518,0,1,3,-33.943854,150.987747,15,0,2,0,1,0,0,0,2,0,7,100,2,14295,14295,3,0,13,4,0,0,0,2
1288989,2,2022,2022,0,0,4,72,27,72,56,0,1,10,-33.796564,151.065263,54,0,2,1,3,0,0,0,2,1,7,60,2,1669,1669,3,5,5,2,0,0,1,0
1288991,2,2022,2022,7,4,7,1,7,6,34609,0,1,1,-34.445355,150.837706,80,0,2,1,3,0,0,0,2,0,7,50,0,220,220,8,0,40,1,0,0,1,0
1288994,4,2022,2022,0,2,6,137,27,2,34609,0,1,1,-31.797996,151.341482,73,1,0,0,0,2,0,0,2,0,7,100,0,273,957,5,0,40,1,0,1,0,0
1289005,1,2022,2022,0,6,9,222,31,131,212,0,1,2,-33.783932,151.19032,36,0,2,1,3,0,3,4,3,0,7,60,2,14295,14295,3,0,5,2,0,0,0,1
1289006,1,2022,2022,0,4,6,2126,17,33,2149,0,1,9,-33.719524,150.429489,8,2,2,1,3,0,3,4,2,2,7,70,2,782,985,5,5,40,1,0,0,0,1
1289008,2,2022,2022,0,0,7,344,27,89,382,0,1,1,-33.671272,150.806294,55,0,2,1,3,0,3,4,2,0,7,80,2,14295,14295,3,10,5,5,0,0,1,0
1289015,4,2022,2022,3,1,4,149,27,38,198,0,1,1,-34.022668,150.972893,41,0,2,1,0,0,0,0,2,0,7,90,2,4026,4026,8,5,40,1,0,1,0,0
1289016,2,2022,2022,0,0,8,4,10,7,62,0,1,1,-36.728219,149.98249,5,2,1,0,1,0,0,0,3,0,7,50,1,4552,5151,8,0,40,1,0,0,1,0
1289017,1,2022,2022,0,5,8,19,31,252,34609,0,1,9,-33.879464,151.210594,69,0,2,0,3,0,0,0,2,0,0,40,0,775,775,4,5,27,2,0,0,0,1
1289018,1,2022,2022,7,4,3,193,27,32,41,0,1,1,-33.979181,151.123369,25,0,2,1,3,0,3,4,2,0,7,60,1,1945,1945,5,15,40,1,0,0,0,1
1289019,1,2022,2022,3,5,4,866,17,44,793,0,1,9,-33.794301,150.983152,54,0,2,1,3,0,0,0,2,2,7,70,2,14295,14295,3,5,5,2,0,0,0,1
1289021,2,2022,2022,0,1,7,294,17,9,288,0,1,1,-35.107339,147.219807,75,1,0,1,3,0,0,0,2,0,7,100,2,4026,4026,8,10,40,1,0,0,1,0
1289022,2,2022,2022,0,3,7,103,27,34,98,0,1,1,-32.840166,150.841807,64,1,0,0,3,0,0,0,2,0,7,100,2,4552,5151,8,16,40,1,0,0,1,0
1289024,4,2022,2022,0,3,6,500,27,129,799,0,1,1,-33.926795,151.082193,15,0,2,1,3,0,0,0,2,0,7,60,2,1383,1383,1,0,5,2,0,1,0,0
1289026,2,2022,2022,0,2,2,916,17,32,917,0,1,1,-30.158033,151.6821,1,1,0,0,3,0,0,1,0,0,7,100,2,1089,1089,7,10,40,1,0,0,1,0
1289027,1,2022,2022,0,1,7,2126,17,139,2149,0,1,9,-33.886045,151.138997,32,0,2,1,3,0,0,0,2,2,7,60,2,14295,14295,3,5,5,2,0,0,0,1
1289029,2,2022,2022,3,5,6,478,17,96,480,0,1,9,-33.434368,151.388947,16,2,2,1,1,0,3,4,2,0,0,60,2,775,775,4,5,19,2,0,0,1,0
1289030,2,2022,2022,0,1,7,4,27,32,34609,0,1,1,-32.15299,150.241508,73,1,0,1,3,0,0,0,2,0,7,100,0,945,945,5,8,40,1,0,0,1,0
1289032,4,2022,2022,0,1,7,829,27,26,770,0,1,2,-33.840244,151.146267,51,0,2,0,1,0,0,0,2,0,7,70,2,1957,4009,8,5,40,1,0,1,0,0
1289034,1,2022,2021,2,3,7,1,27,41,34609,0,1,4,-34.097789,150.822617,13,0,2,0,0,2,0,0,2,0,7,10,0,1259,5151,8,16,40,1,0,0,0,1
1289035,2,2022,2022,0,1,8,42,31,113,34609,0,1,1,-29.471257,149.843283,51,2,1,1,1,0,0,0,2,0,7,50,0,1109,787,1,0,36,2,0,0,1,0
1289037,2,2022,2022,0,4,4,220,14,78,220,0,1,3,-34.472889,150.832746,80,0,2,1,3,0,3,3,2,0,7,100,2,14295,14295,3,10,5,3,0,0,1,0
1289040,2,2022,2022,0,4,7,19,27,55,34609,0,1,1,-33.787864,150.876107,7,0,2,1,3,0,3,3,2,0,7,50,0,14295,14295,3,30,13,3,0,0,1,0
1289041,2,2022,2022,4,5,4,4,27,68,34609,0,1,1,-34.818883,148.923032,82,2,1,1,3,0,0,0,2,0,7,70,0,1089,1089,7,0,40,1,0,0,1,0
1289044,4,2022,2022,4,6,4,3371,17,60,3342,0,1,1,-33.438398,151.250781,16,2,2,0,0,0,0,0,2,0,7,60,2,1850,1463,5,16,40,1,0,1,0,0
1289048,1,2022,2022,7,0,8,3,31,234,34609,0,1,1,-34.292224,146.047568,28,2,1,1,1,0,0,0,2,0,7,50,0,9859,9859,8,0,40,1,0,0,0,1
1289052,2,2022,2022,0,0,9,213,17,83,213,0,1,7,-29.707503,152.941764,18,2,1,0,2,0,3,4,0,0,0,50,2,926,926,4,16,0,2,0,0,1,0
1289056,1,2022,2022,7,5,10,6,31,129,34609,0,1,10,-33.892957,151.105662,9,0,2,1,2,0,3,4,0,0,15,50,0,6545,6545,4,5,5,2,0,0,0,1
1289062,2,2022,2022,7,4,10,125,27,46,123,0,1,7,-33.304856,151.403012,16,2,2,1,2,0,3,4,0,0,0,70,2,1945,1945,5,5,40,1,0,0,1,0
1289065,1,2022,2021,10,2,10,28,27,346,63,0,1,7,-33.879068,151.08575,67,0,2,1,2,0,0,0,0,0,0,50,1,6545,6545,4,22,5,2,0,0,0,1
1289067,2,2022,2022,7,2,11,1,27,7,34609,0,1,1,-34.786442,149.094999,74,1,0,0,0,2,0,0,0,0,7,100,0,2585,4009,8,10,40,1,0,0,1,0
1289071,2,2022,2022,0,1,10,478,17,96,480,0,1,2,-33.434774,151.387691,16,2,2,1,2,0,0,0,0,0,7,60,2,1282,1282,1,5,40,1,0,0,1,0
1289073,1,2022,2022,0,4,4,3371,17,35,3342,0,1,2,-29.923111,153.074744,18,1,0,1,0,0,0,0,2,0,7,110,2,9859,9859,8,30,40,1,0,0,0,1
1289078,4,2022,2022,3,4,2,2261,17,30,2252,0,1,2,-35.65871,147.434434,27,1,0,1,0,0,0,0,0,0,7,110,2,9859,9859,1,3,2,2,0,1,0,1
1289083,2,2022,2022,7,5,3,1052,14,149,928,0,1,3,-33.361165,151.334918,16,1,2,0,0,0,3,4,1,0,7,110,2,14295,14295,3,29,5,3,0,0,1,0
1289086,1,2022,2022,3,2,8,4,31,137,34609,0,1,7,-34.03188,151.056588,68,0,2,1,1,0,3,4,2,0,0,50,0,3775,3775,0,5,0,2,0,0,0,1
1289099,4,2022,2022,7,5,3,1052,14,149,928,0,1,3,-33.361165,151.334918,16,1,2,0,0,0,3,4,1,0,7,110,2,14295,14295,3,10,10,2,0,1,0,0
1289109,4,2022,2022,3,1,9,2,1,173,34609,0,1,1,-33.78388,151.124415,61,0,2,1,2,0,0,0,2,0,7,50,0,9859,9859,8,5,40,1,0,1,0,0
1289110,4,2022,2022,3,2,9,154,27,55,244,0,1,9,-33.906341,151.078697,15,0,2,1,2,0,0,3,3,2,7,60,2,1220,1220,9,5,28,2,0,1,1,0
1289111,4,2022,2022,3,2,5,2126,17,93,2149,0,1,9,-33.419382,149.618602,3,2,1,1,1,0,0,0,2,2,7,60,2,5929,5929,1,5,41,2,0,1,1,1
1289112,4,2022,2022,3,3,3,57,27,15,126,0,1,1,-32.75997,151.671778,42,2,1,1,1,0,0,0,2,0,7,80,2,1945,1945,5,22,40,1,0,1,0,0
1289114,1,2022,2022,3,2,7,71,17,16,71,0,1,1,-35.937499,144.895579,51,1,0,1,0,0,0,0,2,0,7,100,2,475,475,5,0,40,1,0,0,0,1
1289115,4,2022,2022,3,0,8,2209,17,3,2205,0,1,1,-36.645207,149.822954,5,1,0,0,0,0,0,0,2,0,7,100,2,273,957,5,16,40,1,0,1,0,0
1289118,4,2022,2022,3,1,8,41,27,6,27,0,1,1,-34.410152,149.799391,74,2,1,0,0,0,0,0,2,0,7,60,1,782,957,5,5,40,1,0,1,0,0
1289119,4,2022,2022,3,2,7,74,27,66,59,0,1,2,-34.478121,150.896856,80,0,2,1,3,0,3,0,2,0,7,80,2,4026,4026,8,34,40,1,0,1,0,0
1289120,4,2022,2022,3,0,11,24,10,18,34609,0,1,1,-28.853635,153.595707,2,2,1,1,2,0,0,0,0,0,7,50,0,4026,4026,1,22,13,2,0,1,0,0
1289121,4,2022,2022,3,4,10,78,27,438,34609,0,1,1,-33.865307,151.029638,21,0,2,1,2,0,3,4,0,0,7,50,0,2040,2040,9,5,28,2,0,1,0,0
1289122,2,2022,2022,3,1,7,18,27,10,14,0,1,10,-28.796761,153.270923,39,2,1,0,1,0,0,0,2,0,7,50,1,4552,5151,8,5,40,1,0,0,1,0
1289123,4,2022,2022,3,6,7,3371,17,28,3342,0,1,2,-32.635395,152.018466,43,1,0,0,0,0,0,0,2,0,7,110,2,1383,1383,1,22,0,2,0,1,1,0
1289124,4,2022,2022,3,3,6,55,36,2,35,0,1,1,-32.647151,150.026692,44,1,0,1,0,0,0,0,2,0,7,100,1,1089,1089,7,16,40,1,0,1,0,0
1289125,2,2022,2022,3,4,9,1,27,29,34609,0,1,1,-31.782497,149.784601,51,1,0,0,0,0,0,0,2,0,7,100,0,1957,4009,8,10,40,1,0,0,1,1
1289129,2,2022,2022,3,4,5,14,31,228,34609,0,1,1,-34.748661,149.721012,26,2,1,1,1,0,0,0,2,0,7,50,0,9859,9859,1,0,36,3,0,0,1,0
1289130,2,2022,2022,3,2,9,3371,17,108,3342,0,1,9,-33.81016,151.177514,77,0,2,1,1,0,3,3,2,0,7,60,2,1282,1282,1,5,19,2,0,0,1,0
1289132,4,2022,2022,7,0,4,2261,17,284,2252,0,1,9,-33.904988,151.010651,15,0,2,1,0,0,0,0,2,0,7,70,2,1282,1282,1,9,25,2,0,1,0,0
1289133,2,2022,2022,7,1,5,829,27,124,770,0,1,2,-33.811413,151.035353,54,0,2,0,1,0,0,0,2,2,7,60,2,515,515,1,0,19,2,0,0,1,0
1289134,4,2022,2022,0,3,5,56,27,15,34609,0,1,1,-30.708978,152.90008,47,2,1,0,0,0,0,0,2,0,7,70,0,4552,5151,8,16,40,1,0,1,0,0
1289135,1,2022,2022,8,6,3,293,27,14,172,0,1,7,-32.966462,151.652464,37,0,2,1,3,0,0,0,2,0,0,60,2,1383,1383,1,8,5,4,0,0,0,1
1289139,1,2022,2022,0,4,3,19,1,59,34609,0,1,7,-33.978333,150.857834,13,0,2,1,3,0,3,4,2,0,0,60,0,6545,6545,4,5,0,2,0,0,0,1
1289143,1,2022,2022,0,1,4,40,31,219,262,0,1,10,-32.906072,151.671131,48,0,2,1,3,0,0,0,2,2,7,60,2,14295,14295,3,5,5,2,0,0,0,1
1289146,1,2022,2022,0,3,8,2,27,100,34609,0,1,10,-33.953277,151.157078,4,0,2,1,3,0,0,0,3,0,7,50,0,926,926,4,0,5,2,0,0,0,1
1289147,2,2022,2022,8,5,8,98,27,52,382,0,1,1,-33.640898,150.785208,55,0,2,1,3,0,0,0,0,0,7,80,2,14295,14295,3,5,5,3,0,0,1,0
1289150,2,2022,2022,0,4,7,153,27,197,147,1,0,2,-33.952478,151.084036,25,0,2,1,3,0,3,4,2,0,7,60,2,1383,1383,1,5,5,6,0,0,2,0
1289152,1,2022,2022,0,3,5,8,10,164,34609,0,1,9,-33.726566,150.910103,7,0,2,1,3,0,0,0,2,0,7,50,0,3775,3775,0,5,0,2,0,0,0,1
1289156,2,2022,2022,0,2,5,34,27,5,31,0,1,1,-35.902503,149.593703,58,2,1,0,0,2,3,4,2,0,7,80,1,1850,1463,5,16,40,1,0,0,1,0
1289159,2,2022,2022,0,0,7,13,27,21,34609,0,1,1,-35.436469,148.092893,66,1,0,0,0,0,0,0,2,0,7,100,0,2585,4009,8,16,40,1,0,0,1,0
1289162,4,2022,2022,7,0,4,133,1,68,8,1,2,1,-33.878607,151.237848,81,0,2,1,0,0,0,0,2,0,7,40,1,1109,787,1,5,19,2,0,1,0,0
1289166,2,2022,2022,7,4,5,6,1,137,34609,0,1,7,-34.026575,151.060446,68,0,2,1,0,0,3,3,2,0,0,50,0,926,926,4,5,5,2,0,0,1,0
1289167,2,2022,2022,7,5,5,133,27,66,260,0,1,7,-32.9318,151.638865,37,0,2,1,1,0,0,0,2,0,0,60,2,5929,5929,1,5,19,2,0,0,1,0
1289171,4,2022,2022,0,6,10,15,27,56,13,0,1,1,-32.748172,151.233458,17,1,0,1,0,0,0,0,0,0,7,100,1,9859,9859,8,5,40,1,0,2,0,1
1289172,4,2022,2022,3,6,10,9,27,3,41,0,1,1,-34.936604,147.740673,51,1,0,0,0,0,0,0,0,0,7,100,1,1850,1463,5,5,40,1,0,1,0,0
1289176,1,2022,2022,0,2,7,2,10,47,34609,0,1,1,-33.778379,151.293389,50,0,2,1,3,0,0,0,2,0,7,50,0,1192,1192,1,5,5,2,0,0,0,1
1289177,2,2022,2022,3,5,4,63,27,103,34,0,1,1,-32.943285,151.661115,37,0,2,1,1,0,0,0,2,0,7,60,1,14295,14295,3,9,5,5,0,0,3,0
1289178,2,2022,2022,3,1,9,177,31,174,208,0,1,7,-33.860494,150.927487,24,0,2,1,2,0,3,4,3,0,0,60,1,6545,6545,4,5,5,2,0,0,2,0
1289179,4,2022,2022,3,3,5,1104,14,223,962,0,1,3,-33.805705,150.918029,7,0,2,1,1,0,0,0,2,0,7,100,2,14295,14295,3,5,5,2,0,1,0,0
1289180,4,2022,2022,3,5,4,37,31,68,34609,0,1,9,-33.876886,151.244315,81,0,2,1,1,0,3,4,2,0,7,50,0,340,340,9,0,28,2,0,1,0,0
1289185,2,2022,2022,0,6,9,65,27,202,563,0,1,9,-33.940439,151.035456,15,0,2,1,3,0,0,0,0,2,7,70,2,4026,4026,8,30,40,1,0,0,1,0
1289186,1,2022,2022,8,3,3,16,31,18,47,0,1,9,-32.895034,151.716989,48,0,2,0,3,0,0,0,1,0,7,60,2,6545,6545,4,33,27,2,0,0,0,1
1289187,1,2022,2022,0,4,10,1104,14,223,962,0,1,3,-33.80583,150.918076,7,0,2,1,3,0,3,4,0,0,7,100,2,1282,1282,1,29,0,2,0,0,0,1
1289192,1,2022,2022,0,0,7,4,10,562,34609,0,1,9,-32.246913,148.631181,22,2,1,1,3,0,0,0,2,0,7,60,0,5929,5929,1,0,5,2,0,0,0,1
1289194,2,2022,2022,7,1,4,2,31,14,26,0,1,2,-34.81773,147.201064,51,2,1,1,3,0,0,0,2,0,7,50,1,14295,14295,3,5,0,2,0,0,1,0
1289199,1,2022,2022,8,3,6,40,27,128,45,0,1,9,-33.42083,151.328842,16,2,2,0,3,0,0,0,2,0,7,60,1,1669,1669,3,0,5,2,0,0,0,1
1289201,1,2022,2022,0,2,3,117,1,115,2205,0,1,10,-34.035114,151.066396,68,0,2,1,3,0,0,0,2,1,7,70,2,2040,2040,9,33,28,2,0,0,0,1
1289205,2,2022,2022,8,6,6,57,27,15,126,0,1,1,-32.763352,151.709568,42,2,1,1,3,0,0,0,2,0,7,80,2,1109,787,1,10,0,2,0,0,1,0
1289208,1,2022,2022,7,1,9,21,1,123,25,0,1,7,-33.907026,151.217122,59,0,2,1,3,0,0,0,3,0,0,50,1,14295,14295,3,5,5,2,0,0,0,1
1289211,2,2022,2022,3,0,4,51,31,52,34609,0,1,1,-33.905485,151.260922,76,0,2,1,3,0,0,0,2,0,7,50,0,14295,14295,3,5,5,2,0,0,1,1
1289212,1,2022,2022,0,0,9,6,27,10,26,0,1,1,-29.173067,151.160849,33,1,0,1,3,0,0,0,3,0,7,100,1,1089,1089,7,29,40,1,0,0,0,1
1289214,2,2022,2022,0,4,10,293,31,112,369,0,1,10,-33.612397,150.815027,29,2,2,1,2,0,3,4,0,2,7,60,2,6545,6545,4,10,0,2,0,0,1,0
1289217,1,2022,2022,0,4,7,7,1,149,34609,0,1,1,-33.992264,151.139856,4,0,2,1,3,0,0,0,2,0,7,50,0,941,941,1,5,5,2,0,0,0,2
1289220,1,2022,2022,0,5,8,1104,14,460,962,0,1,3,-33.825335,150.990196,21,0,2,1,3,0,0,0,3,0,7,90,2,14295,14295,3,10,13,2,0,0,0,1
1289222,2,2022,2022,7,1,5,120,36,10,148,0,1,1,-30.542087,151.782388,1,1,0,1,0,0,0,0,2,0,7,100,2,475,475,5,0,40,1,0,0,1,0
1289226,2,2022,2022,7,5,5,829,27,165,770,0,1,2,-33.84708,151.151755,14,0,2,1,0,0,0,0,2,0,7,60,2,9859,9859,8,19,40,3,0,0,2,0
1289229,2,2022,2022,0,3,6,2,27,19,34609,0,1,1,-33.824746,150.411494,79,2,2,0,0,2,0,0,2,0,7,50,0,1850,1463,5,16,40,1,0,0,1,0