Crash ID,Degree of crash - detailed,Reporting year,Year of crash,Month of crash,Day of week of crash,Two-hour intervals,Street of crash,Street type,Town,Route no.,School zone location,School zone active,Type of location,Latitude,Longitude,LGA,Urbanisation,Conurbation 1,Alignment,Street lighting,Road surface,Surface condition,Weather,Natural lighting,Signals operation,Other traffic control,Speed limit,Road classification,RUM - code,DCA - code,First impact type,Key TU type,Other TU type,No. of traffic units involved,No. killed,No. seriously injured,No. moderately injured,No. minor-other injured
1289230,2,2022,2022,0,4,9,48,27,14,26,0,1,1,-34.810583,149.685669,26,1,0,0,0,0,0,0,3,0,7,100,2,4552,5151,8,10,40,1,0,0,1,0
1289236,2,2022,2022,0,1,5,2261,17,140,2252,0,1,9,-33.897109,150.992246,15,0,2,1,1,0,0,0,2,0,0,70,2,775,775,4,5,5,2,0,0,1,0
1289239,2,2022,2022,0,2,7,103,36,14,103,0,1,1,-32.329634,151.923808,43,2,1,0,0,0,0,0,2,0,7,80,1,4552,5151,8,5,40,1,0,0,2,0
1289243,4,2022,2022,4,3,11,149,10,346,702,0,1,2,-33.873629,151.066463,67,0,2,1,2,0,3,4,0,0,7,80,2,1383,1383,1,16,13,2,0,1,0,0
1289249,2,2022,2022,7,2,8,45,3,36,331,0,1,2,-34.064835,150.715473,12,0,2,1,1,0,0,0,2,0,7,80,2,14295,14295,3,0,5,2,0,0,1,0
1289254,4,2022,2022,3,1,8,2209,17,14,2205,0,1,9,-33.971406,151.132856,25,0,2,1,0,0,0,0,2,0,7,70,2,515,515,1,5,19,2,0,1,0,0
1289257,1,2022,2022,0,4,9,1052,14,56,928,0,1,3,-32.986686,151.519786,37,0,2,1,2,0,3,4,0,0,7,110,2,9859,9859,8,10,40,1,0,0,0,1
1289260,4,2022,2022,0,0,2,117,1,176,35,0,1,9,-33.965101,151.142642,4,0,2,1,2,0,3,4,1,2,7,60,2,5929,5929,1,5,0,2,0,1,0,0
1289263,1,2022,2022,7,6,7,65,31,609,115,0,1,2,-33.773347,150.902725,7,0,2,1,1,0,0,0,2,0,7,60,2,1282,1282,1,29,5,3,0,0,0,1
1289265,1,2022,2022,7,6,5,7,7,70,34609,1,0,1,-33.912622,150.982323,15,0,2,1,1,0,0,0,2,0,7,50,0,1981,1981,4,10,5,2,0,0,0,1
1289267,2,2022,2022,7,4,3,158,27,68,207,0,1,1,-33.874263,151.247195,81,0,2,1,0,0,0,6,0,0,7,60,2,340,340,9,22,28,2,0,0,1,0
1289271,2,2022,2022,8,3,6,2209,17,22,2205,0,1,1,-36.084978,150.04752,23,2,1,0,0,0,0,0,2,0,7,60,2,4552,5151,8,5,40,1,0,0,1,1
1289272,1,2022,2022,7,4,3,251,27,64,212,0,1,10,-33.76273,151.206692,50,0,2,1,2,0,0,0,1,0,7,70,2,775,775,4,0,27,3,0,0,0,1
1289274,4,2022,2022,0,1,5,171,1,49,104,0,1,9,-33.942338,151.216912,4,0,2,0,0,0,0,0,2,0,0,70,2,2852,2852,4,30,0,2,0,1,0,0
1289276,2,2022,2022,0,4,4,31,31,169,34609,0,1,1,-28.642715,153.616883,10,2,1,0,1,0,0,0,2,0,7,50,0,1957,4009,1,5,13,2,0,0,1,0
1289277,1,2022,2022,0,6,5,58,31,252,34609,0,1,1,-33.883626,151.211642,69,0,2,1,0,0,0,0,2,0,7,40,0,186,186,9,5,28,2,0,0,0,1
1289280,4,2022,2022,0,2,2,481,17,29,483,0,1,1,-31.287743,149.286239,51,2,1,1,2,0,0,0,0,0,7,70,2,9859,9859,1,5,2,2,0,1,0,0
1289281,2,2022,2022,7,3,6,16,31,48,34609,1,0,1,-28.261194,153.579712,72,2,1,1,0,0,0,0,2,0,7,50,0,9859,9859,1,5,12,2,0,0,1,0
1289282,4,2022,2022,3,1,6,133,10,40,121,0,1,1,-31.503695,152.896455,56,1,0,0,0,0,3,4,2,0,7,100,1,1259,5151,8,10,40,1,0,1,0,0
1289283,2,2022,2022,7,2,6,2,27,1,5,0,1,1,-31.761539,148.256224,51,1,0,0,0,0,3,4,2,0,7,100,1,418,714,5,16,40,1,0,0,1,0
1289285,2,2022,2022,0,0,7,481,17,562,483,0,1,10,-32.208052,148.618697,22,2,1,1,0,0,3,4,2,0,0,80,2,6545,6545,4,8,0,2,0,0,2,0
1289286,2,2022,2022,0,5,11,13,1,8,34609,0,1,1,-33.433177,149.564131,3,2,1,0,0,0,0,0,0,0,7,60,0,4552,5151,8,5,40,1,0,0,1,0
1289288,4,2022,2022,7,2,8,3371,17,52,3342,0,1,10,-33.262809,151.464678,16,2,2,1,0,0,0,0,2,2,7,70,2,5929,5929,1,5,36,3,0,1,4,0
1289293,2,2022,2022,0,2,4,3371,17,44,3342,0,1,7,-30.627999,152.972598,47,2,1,0,1,0,0,0,2,0,0,60,2,926,926,4,5,13,2,0,0,3,0
1289295,1,2022,2022,3,2,2,205,27,45,415,0,1,10,-33.700695,151.212578,50,0,2,1,2,0,3,4,0,2,7,80,2,14295,14295,3,0,13,2,0,0,0,1
1289297,1,2022,2022,0,4,11,1104,14,460,962,0,1,7,-33.819546,150.981793,21,0,2,0,2,0,3,3,0,0,0,50,2,489,489,8,5,40,1,0,0,0,1
1289298,2,2022,2022,7,5,7,2126,17,80,2149,0,1,1,-33.753999,150.654345,55,0,2,1,0,0,3,4,2,0,7,60,2,9859,9859,1,5,5,2,0,0,1,0
1289299,4,2022,2022,0,4,7,8,27,5,34609,0,1,1,-33.303711,149.559733,3,1,0,0,0,0,3,3,2,0,7,100,0,2585,4009,8,5,40,1,0,1,0,0
1289300,4,2022,2022,7,0,8,2,1,44,34609,0,1,1,-33.973237,151.113122,25,0,2,1,1,0,0,0,2,0,7,50,0,340,340,9,5,28,2,0,1,0,0
1289302,4,2022,2022,7,3,9,255,31,64,46,0,1,1,-33.48278,150.15158,40,2,1,1,1,0,0,0,3,0,9,50,2,2040,2040,9,0,28,3,0,1,2,0
1289305,2,2022,2022,3,3,10,109,27,100,105,1,0,9,-33.893296,150.891949,24,0,2,1,2,0,0,0,0,2,7,60,2,5929,5929,1,0,5,2,0,0,1,0
1289306,4,2022,2022,3,4,8,17,27,1,62,0,1,1,-35.881317,147.706702,66,1,0,0,0,0,0,0,2,0,7,100,2,273,957,5,10,40,1,0,1,0,0
1289307,2,2022,2022,3,4,11,72,27,82,102,0,1,10,-33.794422,151.264849,50,0,2,1,2,0,3,4,0,2,9,60,2,1220,1220,9,5,28,2,0,0,1,0
1289309,2,2022,2022,0,0,3,10,27,68,34609,0,1,1,-33.677182,149.859558,51,1,0,0,0,0,3,1,0,0,7,100,0,4552,5151,8,10,40,1,0,0,2,0
1289311,2,2022,2022,7,0,11,111,27,80,233,0,1,9,-33.937979,151.229368,59,0,2,1,2,0,0,0,0,0,7,60,2,9859,9859,8,10,40,1,0,0,1,0
1289315,2,2022,2022,0,5,5,3,27,147,34609,0,1,7,-33.871799,150.993073,15,0,2,0,0,0,0,0,2,0,0,50,0,6545,6545,4,0,13,2,0,0,1,0
1289316,2,2022,2022,3,1,0,25,31,169,147,0,1,2,-28.641775,153.610438,10,2,1,1,2,0,0,0,0,0,7,50,1,4026,4026,8,0,40,1,0,0,1,0
1289317,4,2022,2022,3,1,9,19,31,166,143,0,1,7,-33.420299,149.581327,3,2,1,1,1,0,0,0,2,0,0,50,2,6545,6545,4,5,27,2,0,1,0,0
1289318,2,2022,2022,3,0,11,145,31,98,34609,0,1,10,-30.993415,150.249251,51,2,1,1,2,0,0,0,0,0,7,50,0,9859,9859,8,5,40,1,0,0,1,0
1289319,4,2022,2022,3,2,11,175,27,86,220,0,1,9,-33.74135,150.917543,7,0,2,1,2,0,0,0,0,2,7,70,2,9859,9859,8,5,40,1,0,1,0,0
1289320,2,2022,2022,7,4,0,2,27,93,34609,0,1,1,-36.089663,146.94985,0,2,1,0,0,0,0,0,0,0,7,60,0,2585,4009,8,5,40,1,0,0,1,0
1289321,2,2022,2022,7,3,9,3,10,251,34609,0,1,1,-33.776823,150.958886,7,0,2,0,1,0,0,0,3,0,7,50,0,1850,1463,5,10,40,1,0,0,2,0
1289324,2,2022,2022,0,0,1,157,17,25,158,0,1,1,-33.686277,148.920285,51,1,0,0,0,0,0,0,0,0,7,100,2,2585,4009,8,3,40,1,0,0,1,0
1289325,2,2022,2022,0,0,7,1,23,57,34609,0,1,1,-33.458603,151.357946,16,2,2,1,3,0,0,0,2,0,7,50,0,237,162,8,5,40,1,0,0,1,0
1289327,4,2022,2022,3,0,10,12,27,41,24,0,1,1,-32.822725,151.70274,57,2,1,1,0,0,3,4,0,0,7,80,2,3775,3775,0,5,5,2,0,3,0,1
1289328,4,2022,2022,0,6,10,104,27,443,702,0,1,9,-33.900598,151.065146,67,0,2,1,2,0,3,3,0,2,7,70,2,5929,5929,1,5,19,2,0,1,0,1
1289329,2,2022,2022,3,2,11,12,27,197,22,0,1,1,-33.793855,151.127507,61,0,2,1,2,0,0,0,0,0,7,60,1,9859,9859,1,9,5,2,0,0,1,0
1289330,2,2022,2022,7,2,4,59,10,34,231,0,1,1,-33.497106,151.358696,16,2,2,0,0,0,3,3,2,0,7,60,2,14295,14295,3,5,5,2,0,0,1,1
1289331,1,2022,2022,7,5,3,2261,17,92,2252,0,1,3,-34.00078,150.841248,13,0,2,1,0,0,3,4,1,0,7,110,2,1282,1282,1,8,5,2,0,0,0,1
1289332,4,2022,2022,7,0,6,829,27,165,770,0,1,10,-33.851035,151.154582,14,0,2,1,1,0,3,0,2,2,9,60,2,2040,2040,9,5,28,2,0,1,1,0
1289334,1,2022,2022,7,0,5,829,27,123,770,0,1,9,-33.80856,151.066763,54,0,2,1,3,0,0,0,2,1,7,70,2,14295,14295,3,0,36,2,0,0,0,1
1289335,2,2022,2022,0,2,9,6,1,445,34609,0,1,2,-33.853652,151.062311,54,0,2,1,3,0,0,0,3,0,7,60,0,1391,1391,1,5,5,2,0,0,1,2
1289336,2,2022,2022,8,4,4,1,27,74,382,1,2,9,-33.74991,150.841442,7,0,2,1,3,0,3,0,2,0,0,40,2,1282,1282,1,21,0,2,0,0,1,0
1289342,4,2022,2022,3,2,8,10,27,271,18,0,1,1,-33.955587,151.018167,15,0,2,1,0,0,3,4,2,0,7,60,1,368,368,9,30,28,3,0,1,0,0
1289343,1,2022,2022,0,2,1,20,22,121,49,0,1,9,-33.7959,151.287559,50,0,2,1,2,0,0,0,0,0,0,30,1,312,312,2,33,40,1,0,0,0,1
1289348,1,2022,2022,0,0,6,45,27,74,45,0,1,10,-33.732742,151.026941,31,0,2,0,3,0,0,0,2,2,7,60,2,1282,1282,1,10,5,2,0,0,0,1
1289349,1,2022,2022,7,3,11,39,31,523,14,0,1,10,-33.922224,150.921325,41,0,2,1,3,0,3,4,0,2,7,50,2,6545,6545,4,21,5,2,0,0,0,1
1289350,2,2022,2022,0,6,7,19,31,234,34609,0,1,10,-34.288838,146.037467,28,2,1,0,1,0,0,0,2,2,7,50,0,2040,2040,9,10,28,2,0,0,1,0
1289351,4,2022,2022,7,2,3,39,22,53,34609,0,1,1,-33.383874,151.420375,16,2,2,0,0,0,3,3,2,0,7,60,0,4552,5151,8,10,40,1,0,1,0,0
1289352,4,2022,2022,7,6,8,73,31,151,34609,0,1,10,-34.020123,150.849694,13,0,2,1,0,0,0,0,2,0,7,50,0,5929,5929,1,5,36,3,0,1,1,0
1289354,1,2022,2022,0,2,5,16,31,5,34609,0,1,9,-32.831626,151.478434,17,2,1,1,0,0,0,0,2,0,7,50,0,186,186,9,5,28,2,0,0,0,1
1289356,4,2022,2022,0,0,5,500,27,129,799,0,1,9,-33.929724,151.071088,15,0,2,1,1,0,0,0,2,0,0,60,2,14295,14295,3,5,5,2,0,1,0,0
1289361,1,2022,2022,0,6,6,3371,17,3,3342,0,1,2,-31.906245,152.521246,43,1,0,1,3,0,0,3,2,0,7,110,2,14295,14295,3,10,10,3,0,0,0,1
1289364,1,2022,2022,7,5,6,296,27,290,293,0,1,9,-33.861092,150.992986,21,0,2,1,3,0,3,4,2,2,7,70,2,1391,1391,1,5,13,2,0,0,0,1
1289365,2,2022,2022,0,2,8,1052,14,207,928,0,1,3,-33.606375,151.162136,31,0,2,0,2,0,0,0,3,0,7,80,2,1192,1192,1,16,19,2,0,0,1,1
1289366,2,2022,2022,7,2,7,2261,17,96,2252,0,1,3,-34.214096,150.685831,79,1,2,1,0,0,0,0,2,0,7,110,2,4026,4026,8,5,40,1,0,0,1,0
1289370,1,2022,2022,0,3,6,23,27,37,47,0,1,1,-34.668237,150.71207,35,2,1,0,3,0,0,0,2,0,7,60,1,1850,1463,5,16,40,1,0,0,0,1
1289371,2,2022,2022,0,5,8,1,27,24,34609,0,1,1,-33.569977,150.909286,29,2,2,1,3,0,3,0,2,0,7,70,0,380,777,5,16,40,1,0,0,1,0
1289375,1,2022,2022,0,2,9,15,31,99,30,0,1,1,-33.889238,151.274721,76,0,2,1,3,0,0,0,3,0,9,40,1,248,248,1,30,0,2,0,0,0,1
1289377,4,2022,2022,0,5,5,346,17,87,332,0,1,2,-28.814474,153.281327,39,2,1,1,0,0,0,0,2,0,7,60,2,14295,14295,3,5,5,2,0,1,1,0
1289382,4,2022,2022,0,5,10,73,27,443,78,0,1,2,-33.906674,151.056312,15,0,2,1,2,0,0,0,0,0,7,60,2,3775,3775,0,5,5,2,0,2,4,1
1289383,4,2022,2022,0,6,6,387,27,290,331,0,1,9,-33.950037,151.126416,4,0,2,1,0,0,0,0,2,2,7,60,2,14295,14295,3,16,5,2,0,1,0,0
1289384,2,2022,2022,4,3,8,4,31,42,34609,0,1,1,-35.994696,146.39113,51,2,1,0,1,0,0,0,2,0,7,50,0,4552,5151,8,5,40,1,0,0,1,0
1289385,2,2022,2022,7,5,7,18,31,42,34609,0,1,1,-33.821673,151.193363,77,0,2,1,2,0,3,4,2,0,9,50,0,2040,2040,9,5,28,2,0,0,1,0
1289387,1,2022,2022,0,6,7,34,27,13,31,0,1,1,-35.913452,149.586918,58,2,1,0,0,2,0,0,2,0,7,80,1,1259,5151,8,5,40,1,0,0,0,2
1289390,4,2022,2022,0,2,4,12,27,3,34609,0,1,1,-33.694612,149.213362,51,1,0,0,0,0,3,4,2,0,7,100,0,782,957,5,10,40,1,0,1,0,0
1289391,2,2022,2022,0,0,3,1,31,85,34609,0,1,1,-33.904259,150.874299,41,0,2,1,1,0,3,3,1,0,7,50,0,9859,9859,1,0,5,3,0,0,1,0
1289393,2,2022,2022,7,5,6,8,27,21,34609,0,1,1,-35.65222,148.078039,66,1,0,0,0,2,0,0,2,0,7,100,0,3775,3775,0,10,19,2,0,0,1,0
1289394,1,2022,2022,3,4,10,8,36,9,5,0,1,1,-30.217926,152.955639,19,2,1,0,0,0,3,4,0,0,7,80,1,1957,4009,8,5,40,1,0,0,0,1
1289395,4,2022,2022,0,2,7,3,31,246,18,0,1,1,-33.902568,151.195582,69,0,2,1,1,0,0,0,2,0,7,50,2,941,941,1,5,18,3,0,1,0,0
1289396,2,2022,2022,7,5,7,308,14,55,311,0,1,3,-33.735938,150.901782,7,0,2,1,0,0,0,0,2,0,7,100,2,1383,1383,1,3,0,6,0,0,1,0
1289397,2,2022,2022,0,0,11,5,10,18,34609,0,1,1,-34.041427,150.82735,13,0,2,0,2,0,0,0,0,0,7,50,0,1850,1463,5,0,40,1,0,0,1,1
1289398,2,2022,2022,7,3,10,2,31,44,34609,0,1,1,-32.044393,150.868189,73,2,1,1,2,0,0,0,0,0,7,50,0,30,30,9,33,28,2,0,0,1,0
1289399,2,2022,2022,3,3,10,2,27,4,34609,0,1,1,-34.11029,147.030708,51,1,0,1,0,2,0,0,0,0,7,100,0,945,945,5,10,40,1,0,0,1,0
1289402,2,2022,2022,0,0,9,195,27,49,186,0,1,2,-33.917466,150.854223,41,0,2,1,2,0,3,4,0,0,7,70,2,1981,1981,4,10,5,4,0,0,2,0
1289404,4,2022,2022,0,0,11,44,31,532,34609,0,1,10,-33.869927,151.197849,69,0,2,1,2,0,0,0,0,2,7,40,0,340,340,9,5,28,2,0,1,0,0
1289407,2,2022,2022,3,5,4,2,31,29,34609,0,1,10,-31.274718,149.280332,51,2,1,1,0,0,0,0,2,0,0,50,0,6545,6545,4,10,5,2,0,0,1,0
1289410,2,2022,2022,0,3,11,6,27,70,34609,0,1,9,-33.879572,150.877336,24,0,2,1,0,0,0,0,0,0,0,50,0,2852,2852,4,5,5,2,0,0,1,0
1289414,4,2022,2022,7,3,4,2209,17,157,2205,0,1,2,-34.019441,151.090468,68,0,2,1,1,0,0,0,2,0,7,70,2,1220,1220,9,5,28,3,0,1,1,0
1289418,1,2022,2022,7,5,8,3,18,169,34609,0,1,1,-33.593569,150.725553,29,2,2,1,0,0,3,4,3,0,7,60,0,14295,14295,3,10,5,2,0,0,0,1
1289422,4,2022,2022,7,3,8,55,27,35,34609,0,1,1,-33.87698,150.89986,24,0,2,1,0,0,0,0,2,0,7,50,0,1109,397,1,5,5,2,0,1,0,0
1289425,2,2022,2022,0,3,11,3,31,6,34609,0,1,9,-33.484658,151.364548,16,2,2,1,2,0,3,3,0,0,7,50,0,3775,3775,0,5,5,2,0,0,2,0
1289426,1,2022,2021,9,4,8,78,17,23,58,0,1,1,-35.044131,149.023993,82,1,0,0,1,0,3,3,2,0,7,100,2,1957,4009,8,5,40,1,0,0,0,1
1289428,4,2022,2022,0,0,5,54,27,85,49,0,1,1,-32.933364,151.726074,48,0,2,1,1,0,0,0,2,0,7,60,1,9859,9859,1,30,0,3,0,2,0,0
1289435,2,2022,2022,0,3,4,6,27,74,34609,0,1,1,-34.702277,148.154962,20,1,0,0,3,0,0,0,2,0,7,100,0,4552,5151,8,10,40,1,0,0,1,0
1289438,1,2022,2022,0,5,7,44,31,23,34609,0,1,10,-34.580406,150.863937,62,0,2,1,3,0,0,0,2,0,0,50,0,6545,6545,4,0,5,2,0,0,0,1
1289439,1,2022,2022,0,6,9,4,31,134,34609,0,1,10,-33.89082,151.244351,76,0,2,1,3,0,3,0,3,0,0,50,0,214,214,9,10,28,2,0,0,0,1
1289440,2,2022,2022,0,6,6,31,10,78,23,0,1,1,-33.436003,151.442952,16,2,2,0,3,0,0,0,2,0,7,50,1,4552,5151,1,10,13,2,0,0,1,0
1289443,1,2022,2022,0,4,5,24,1,609,115,0,1,10,-33.765544,150.911054,7,0,2,1,3,0,0,0,2,2,7,60,2,14295,14295,3,5,13,2,0,0,0,1
1289444,2,2022,2022,7,4,6,39,1,197,34609,0,1,1,-33.786869,151.12099,61,0,2,1,0,0,0,0,2,0,7,50,0,9859,9859,8,5,40,1,0,0,1,0
1289451,1,2022,2022,7,2,5,8,10,6,34609,0,1,9,-34.447774,150.831514,80,0,2,1,3,0,0,0,2,0,15,50,0,6545,6545,4,5,0,2,0,0,0,1
1289452,1,2022,2022,7,4,3,110,27,29,173,0,1,11,-34.401959,150.880678,80,0,2,1,3,0,3,4,1,0,7,80,2,14295,14295,3,10,5,2,0,0,0,1
1289454,1,2022,2022,0,2,8,111,27,80,233,0,1,2,-33.939584,151.228647,59,0,2,1,3,0,0,0,3,0,7,60,2,14295,14295,3,5,5,2,0,0,0,1
1289459,2,2022,2022,0,0,5,3371,17,44,3342,0,1,3,-28.849014,153.524393,2,1,0,1,0,0,0,0,2,0,7,110,2,14295,14295,3,5,0,2,0,0,2,0
1289462,2,2022,2022,0,1,7,191,27,309,208,0,1,9,-33.816166,151.10928,61,0,2,1,0,0,0,0,2,0,0,60,2,6545,6545,4,5,27,2,0,0,1,0
1289465,1,2022,2022,7,4,8,2209,17,67,2205,1,0,9,-34.42537,150.871949,80,0,2,1,1,0,0,3,3,2,7,60,2,2852,2852,4,0,5,2,0,0,0,1
1289467,2,2022,2022,7,0,8,56,27,443,44,0,1,1,-33.908007,151.057084,15,0,2,1,0,0,0,0,2,0,7,40,1,941,941,1,5,0,2,0,0,1,0
1289475,1,2022,2021,2,0,10,866,17,278,793,0,1,1,-33.769419,151.049879,54,0,2,1,0,0,0,0,0,0,7,60,2,3775,3775,0,5,36,2,0,0,0,2
1289478,1,2022,2022,7,5,4,58,27,81,34609,0,1,1,-33.886113,151.257123,81,0,2,1,1,0,0,0,2,0,9,40,0,14295,14295,3,5,5,2,0,0,0,1
1289480,2,2022,2022,7,1,0,158,27,13,207,1,0,9,-33.87114,151.25128,81,0,2,1,2,0,3,0,0,2,7,60,2,9859,9859,8,5,40,1,0,0,1,0
1289481,2,2022,2022,0,3,8,169,31,44,57,0,1,1,-28.864792,153.524111,2,2,1,1,0,0,0,0,2,0,7,60,1,1981,1981,4,0,0,2,0,0,1,0
1289483,4,2022,2022,0,1,11,72,14,54,71,0,1,6,-33.888031,151.21967,69,0,2,1,2,0,3,4,0,0,7,80,2,368,368,9,5,28,2,0,1,0,0
1289485,2,2022,2022,0,5,3,68,27,110,67,0,1,11,-33.778136,151.011322,54,0,2,1,1,0,0,0,1,0,0,50,1,14295,14295,3,16,0,2,0,0,1,0
1289488,1,2022,2022,0,5,3,20,10,55,91,0,1,9,-35.377361,149.188585,58,2,1,1,0,0,0,0,2,2,7,80,2,14295,14295,3,5,5,2,0,0,0,1
1289490,1,2022,2021,2,4,7,63,27,224,605,0,1,9,-33.81736,151.243637,45,0,2,1,0,0,0,0,2,0,0,60,2,1282,1282,1,0,19,2,0,0,0,1
1289491,4,2022,2022,7,5,6,1,31,77,34609,0,1,9,-33.038783,151.660254,37,0,2,0,1,0,3,0,2,0,7,50,0,1957,4009,1,5,5,2,0,1,0,0
1289492,2,2022,2022,0,1,0,1,10,113,34609,0,1,10,-29.491474,149.855073,51,2,1,0,0,2,0,0,0,0,0,50,0,782,957,5,0,40,1,0,0,3,0
1289493,4,2022,2022,7,0,6,6,31,107,157,0,1,9,-29.677558,152.93134,18,2,1,1,0,0,0,0,2,0,0,50,2,623,623,3,0,10,2,0,1,0,0
1289495,2,2022,2022,7,6,7,115,27,138,114,0,1,10,-33.873413,151.273586,81,0,2,1,0,0,0,0,2,3,7,50,2,1282,1282,1,0,5,3,0,0,1,0
1289496,4,2022,2022,0,0,10,27,27,17,62,0,1,1,-30.268648,153.049177,19,2,1,0,3,0,0,3,0,0,7,80,1,4552,5151,8,10,40,1,0,1,0,0
1289497,2,2022,2022,0,3,10,89,27,182,228,0,1,2,-32.832331,151.355558,17,2,1,1,2,0,0,0,0,0,7,60,1,3775,3775,0,22,25,2,0,0,1,0
1289500,4,2022,2022,0,6,4,916,17,194,917,0,1,1,-30.547516,151.596276,1,1,0,1,1,0,0,0,2,0,7,100,2,204,204,1,0,5,2,0,1,1,0
1289501,2,2022,2022,0,2,11,6,1,123,34609,0,1,10,-33.915444,151.221912,59,0,2,1,3,0,3,0,0,0,15,50,0,6545,6545,4,5,25,2,0,0,1,0
1289506,1,2022,2022,7,2,5,1,31,17,34609,0,1,9,-33.911347,151.261005,59,0,2,1,3,0,3,0,2,0,7,50,0,5929,5929,1,34,13,2,0,0,0,2
1289512,2,2022,2022,0,4,4,1052,14,53,928,0,1,3,-33.681519,151.120536,31,0,2,1,3,0,3,4,2,0,7,110,2,1945,1945,5,0,40,1,0,0,1,0
1289515,2,2022,2022,0,2,7,6,27,31,34609,0,1,1,-31.007088,148.394239,51,2,1,1,0,2,0,0,2,0,7,50,0,945,945,5,5,40,2,0,0,2,0
1289519,2,2022,2022,0,1,8,330,23,35,39,0,1,10,-33.97299,151.242376,59,0,2,1,3,0,0,0,2,0,15,60,1,6545,6545,4,5,5,2,0,0,1,0
1289526,2,2022,2022,7,4,9,2209,17,40,2205,0,1,2,-34.698818,150.841939,35,2,1,0,3,0,3,4,2,0,7,80,2,1259,5151,8,0,40,1,0,0,1,0
1289528,2,2022,2022,7,3,9,36,27,149,34609,0,1,9,-33.828562,150.96255,21,0,2,1,3,0,0,0,3,0,7,50,0,4552,985,8,5,40,1,0,0,1,0
1289534,1,2022,2022,7,0,0,251,27,64,212,1,0,10,-33.759239,151.21913,50,0,2,1,2,0,0,0,0,2,7,70,2,1109,397,1,5,0,2,0,0,0,2
1289536,1,2022,2022,8,5,11,143,31,173,19,0,1,9,-33.878444,151.214294,69,0,2,1,2,0,0,0,0,2,7,40,1,312,312,2,33,40,1,0,0,0,1
1289537,2,2022,2022,7,5,4,1,18,123,34609,0,1,9,-33.879374,151.227379,81,0,2,1,0,0,0,0,2,0,7,40,0,1109,787,1,5,27,2,0,0,2,0
1289541,2,2022,2022,7,0,6,348,17,2,232,0,1,10,-31.339784,148.471661,51,2,1,1,0,0,0,0,2,0,7,80,2,14295,14295,3,34,0,2,0,0,1,1
1289542,2,2022,2022,7,1,8,5,27,34,34609,0,1,1,-37.07729,149.856509,5,1,0,0,0,0,0,0,2,0,7,100,0,2585,4009,8,5,40,1,0,0,2,0
1289544,4,2022,2022,0,5,6,14,27,163,74,0,1,2,-33.853865,151.10279,14,0,2,1,0,0,0,0,2,0,7,50,1,941,941,1,0,18,2,0,1,0,0
1289549,1,2022,2022,8,1,3,6,18,79,34609,0,1,1,-33.573655,150.715689,29,2,2,1,0,0,0,1,2,0,7,70,0,3775,3775,0,8,35,2,0,0,0,1
1289551,2,2022,2022,0,1,5,72,14,169,71,0,1,3,-33.899994,151.215194,69,0,2,1,0,0,0,0,2,0,7,80,2,14295,14295,3,8,5,3,0,0,1,2
1289553,2,2022,2022,0,0,4,73,31,532,34609,0,1,10,-33.865166,151.204142,69,0,2,1,1,0,3,4,2,2,9,40,0,2040,2040,9,5,28,2,0,0,1,0
1289554,4,2022,2022,7,6,4,171,1,387,104,0,1,9,-33.935732,151.207607,4,0,2,1,1,0,0,0,2,2,7,70,2,5929,5929,1,0,5,2,0,1,0,0
1289556,2,2022,2022,0,5,6,18,31,166,34609,0,1,1,-33.414326,149.578604,3,2,1,1,1,0,0,0,2,0,7,50,0,144,144,1,30,13,2,0,0,1,0
1289558,4,2022,2022,0,0,2,2261,17,30,2252,0,1,2,-35.598292,147.510837,27,1,0,1,0,0,0,0,0,0,7,110,2,204,204,1,0,5,2,0,1,0,0
1289559,1,2022,2022,7,4,9,3371,17,53,3342,0,1,9,-33.687113,151.108896,31,0,2,1,2,0,3,3,3,0,15,60,2,395,395,1,5,27,2,0,0,0,1
1289564,2,2022,2022,0,6,5,1,7,12,34609,0,1,9,-33.983971,151.046051,25,0,2,1,1,0,3,4,2,0,7,50,0,2852,2852,4,0,5,2,0,0,1,0
1289565,2,2022,2022,3,6,6,2261,17,93,2252,0,1,2,-36.087426,146.92485,0,1,0,1,1,0,0,0,2,0,7,110,2,1192,1192,1,34,35,2,0,0,1,0
1289566,4,2022,2022,0,5,3,31,27,197,69,0,1,1,-33.795513,151.150688,61,0,2,0,0,0,0,0,2,0,7,60,2,1850,1463,5,16,40,1,0,1,0,0
1289567,4,2022,2022,7,3,10,3371,17,69,3342,0,1,9,-32.935863,151.749418,48,0,2,1,2,0,0,0,0,0,15,60,2,2852,2852,4,10,19,2,0,1,0,0
1289572,1,2022,2021,9,1,5,11,18,150,34609,0,1,1,-33.921714,151.226107,59,0,2,1,1,0,0,3,2,0,7,50,0,214,214,9,5,28,2,0,0,0,1
1289576,4,2022,2022,7,5,8,4,25,120,34609,0,1,9,-33.757613,150.875141,7,0,2,1,1,0,0,0,2,0,7,50,0,5929,5929,1,5,5,2,0,1,0,0
1289577,1,2022,2022,0,0,7,8,27,36,24,0,1,7,-33.623169,151.147476,31,0,2,0,1,0,0,0,2,0,0,50,1,1850,1463,5,22,40,1,0,0,0,1
1289580,2,2022,2022,0,6,2,2126,17,283,2149,0,1,10,-33.827598,151.004833,54,0,2,1,2,0,0,0,0,2,7,60,2,14295,14295,3,0,5,3,0,0,1,1
1289581,2,2022,2022,0,0,8,2209,17,26,2205,0,1,2,-34.024138,151.088635,68,0,2,1,0,0,0,0,2,0,7,70,2,1192,1192,1,5,13,4,0,0,1,0