Crash ID,Degree of crash - detailed,Reporting year,Year of crash,Month of crash,Day of week of crash,Two-hour intervals,Street of crash,Street type,Town,Route no.,School zone location,School zone active,Type of location,Latitude,Longitude,LGA,Urbanisation,Conurbation 1,Alignment,Street lighting,Road surface,Surface condition,Weather,Natural lighting,Signals operation,Other traffic control,Speed limit,Road classification,RUM - code,DCA - code,First impact type,Key TU type,Other TU type,No. of traffic units involved,No. killed,No. seriously injured,No. moderately injured,No. minor-other injured
1289583,1,2022,2022,4,1,5,11,10,49,34609,0,1,1,-33.722515,151.282118,50,0,2,0,1,0,0,0,2,0,7,10,0,121,121,9,5,28,2,0,0,0,1
1289584,2,2022,2022,0,1,5,83,27,10,72,0,1,1,-28.738987,153.392092,39,1,0,0,0,0,0,0,2,0,7,100,2,1981,1981,4,5,12,2,0,0,1,0
1289591,4,2022,2022,0,5,4,330,23,293,112,0,1,2,-33.94332,151.239944,59,0,2,1,1,0,0,0,2,0,7,50,2,387,387,1,22,40,2,0,1,0,0
1289593,1,2022,2022,0,0,4,330,27,106,605,0,1,2,-33.687011,151.304404,50,0,2,1,1,0,0,0,2,0,7,70,2,190,190,1,22,12,2,0,0,0,1
1289595,1,2022,2021,10,5,3,56,27,130,80,0,1,9,-33.873968,151.19241,69,0,2,1,1,0,0,0,2,2,7,40,2,5929,5929,1,16,27,2,0,0,0,1
1289596,2,2022,2022,0,0,8,2,27,10,34609,0,1,1,-35.563125,148.194864,66,1,0,1,0,2,0,0,2,0,7,100,0,404,404,8,16,40,1,0,0,1,0
1289600,2,2022,2022,0,4,10,27,31,316,34609,0,1,1,-33.910719,151.236189,59,0,2,1,2,0,0,0,0,0,7,50,0,144,144,1,15,5,2,0,0,1,0
1289604,1,2022,2022,0,1,9,2,1,33,34609,0,1,5,-33.798667,151.082655,61,0,2,1,2,0,0,0,3,0,0,50,0,3775,3775,0,5,5,2,0,0,0,1
1289609,4,2022,2022,0,1,4,4,27,31,34609,0,1,1,-31.122926,150.896201,70,2,1,0,1,0,0,0,2,0,7,50,0,782,957,5,16,40,1,0,1,0,0
1289612,1,2022,2021,9,6,7,27,10,173,2,0,1,1,-33.778926,151.135564,61,0,2,1,0,2,0,0,2,0,7,60,2,1945,1945,5,22,40,1,0,0,0,1
1289613,4,2022,2022,0,5,4,168,10,387,260,0,1,2,-33.939837,151.192673,4,0,2,1,0,0,0,0,2,0,7,70,2,4026,4026,8,0,40,2,0,1,0,0
1289616,4,2022,2022,0,0,6,3371,17,65,3342,0,1,2,-30.390325,153.035605,19,1,0,0,1,0,3,0,2,0,7,110,2,204,204,1,5,0,3,0,2,1,0
1289618,2,2022,2022,0,3,9,13,31,80,69,0,1,10,-33.9386,151.217884,4,0,2,1,1,0,0,3,3,0,7,50,1,9859,9859,8,5,40,1,0,0,1,0
1289625,4,2022,2022,0,4,5,829,31,314,240,0,1,10,-33.850716,150.935501,24,0,2,1,1,0,3,4,2,0,15,60,2,6545,6545,4,30,12,2,0,1,0,1
1289632,2,2022,2022,0,5,2,19,31,161,96,0,1,10,-33.8842,151.147612,32,0,2,1,2,0,2,6,1,2,7,50,2,5929,5929,1,5,27,2,0,0,1,0
1289633,1,2022,2022,0,0,9,23,31,134,23,0,1,10,-33.895522,151.246658,76,0,2,1,2,0,0,0,3,2,7,50,1,5929,5929,1,5,5,2,0,0,0,1
1289637,4,2022,2022,8,6,5,1,25,157,34609,0,1,1,-34.010509,151.1091,68,0,2,0,1,0,0,0,2,0,6,50,0,1850,1463,5,16,40,1,0,1,0,0
1289643,2,2022,2022,3,2,10,866,17,54,793,0,1,2,-33.721021,151.105002,31,0,2,1,2,0,3,4,0,0,7,70,2,4026,4026,8,10,40,1,0,0,1,0
1289648,1,2022,2022,0,1,6,32,27,149,34609,0,1,9,-33.817297,150.96652,21,0,2,1,1,0,0,0,2,0,7,50,0,1669,1669,3,5,5,2,0,0,0,2
1289650,4,2022,2022,0,0,9,6,31,87,34609,0,1,1,-34.479563,150.420171,78,2,1,1,1,0,3,4,0,0,9,50,0,2040,2040,9,0,28,2,0,1,0,0
1289652,1,2022,2022,7,5,7,153,27,188,147,0,1,9,-33.948776,151.108166,4,0,2,0,3,0,0,0,2,0,15,60,2,14295,14295,3,5,5,2,0,0,0,1
1289656,1,2022,2022,8,5,7,2126,17,218,2149,0,1,10,-33.769638,150.768726,55,0,2,1,3,0,0,0,2,2,7,60,2,1669,1669,3,5,36,2,0,0,0,1
1289657,4,2022,2022,8,5,9,7,27,53,34609,0,1,1,-32.212151,148.131838,51,1,0,1,0,0,3,0,0,0,7,100,0,204,204,1,10,5,3,0,1,0,0
1289660,2,2022,2022,0,5,0,46,27,22,43,0,1,9,-35.972677,146.895849,27,2,1,1,0,0,0,0,0,0,7,80,1,4026,4026,8,5,40,1,0,0,1,0
1289663,2,2022,2022,0,6,5,36,27,363,34609,0,1,10,-33.753315,150.690519,55,0,2,1,3,0,0,0,2,2,7,50,0,5929,5929,1,0,41,2,0,0,1,0
1289665,1,2022,2022,0,6,11,330,23,123,233,0,1,10,-33.901589,151.222738,59,0,2,1,3,0,3,4,0,2,7,60,2,6545,6545,4,16,40,2,0,0,0,1
1289668,1,2022,2022,0,0,9,54,31,28,62,0,1,9,-33.793506,151.195981,77,0,2,1,3,0,0,0,3,2,7,60,2,217,217,1,0,19,2,0,0,0,1
1289673,2,2022,2022,0,5,8,2,10,55,34609,0,1,1,-35.372631,149.203502,58,2,1,0,3,0,0,0,2,0,7,50,0,2585,4009,8,0,40,1,0,0,2,0
1289675,1,2022,2022,0,1,10,283,27,129,702,0,1,9,-33.934207,151.073572,15,0,2,1,3,0,0,0,0,2,7,60,2,14295,14295,3,0,5,2,0,0,0,1
1289676,2,2022,2022,0,4,9,163,27,29,165,0,1,9,-33.743265,150.798338,7,0,2,1,3,0,0,0,3,2,7,60,1,5929,5929,1,5,5,2,0,0,1,0
1289687,1,2022,2022,8,5,7,51,27,136,76,0,1,9,-32.92189,151.704152,48,0,2,1,3,0,0,0,2,0,16,60,1,1669,1669,3,5,5,2,0,0,0,1
1289691,2,2022,2022,0,6,6,6,1,73,34609,0,1,10,-33.836557,151.083653,14,0,2,0,3,0,3,4,2,2,7,50,0,5929,5929,1,5,5,2,0,0,1,0
1289708,4,2022,2022,3,1,2,4,27,4,34609,0,1,1,-32.387872,151.7624,51,2,1,0,0,0,0,0,0,0,7,80,0,4552,5151,8,5,40,1,0,1,0,0
1289709,4,2022,2022,3,3,7,21,27,18,34609,0,1,1,-33.243647,148.972439,11,2,1,1,0,0,0,0,2,0,7,80,0,4026,4026,8,0,40,1,0,1,0,0
1289710,2,2022,2022,3,0,9,32,27,83,34609,0,1,1,-34.479036,150.486755,78,2,1,0,3,0,3,4,2,0,7,70,0,4552,5151,8,5,40,1,0,0,1,0
1289712,4,2022,2022,3,4,3,5,31,107,30,0,1,1,-33.877667,151.199139,69,0,2,1,0,0,0,0,1,0,7,50,1,9859,9859,8,5,40,1,0,1,0,0
1289713,2,2022,2022,3,2,2,103,27,34,98,0,1,9,-32.800591,150.902195,64,2,1,0,0,0,3,3,0,0,7,80,2,1259,5151,8,5,40,1,0,0,1,0
1289714,2,2022,2022,3,1,9,2,18,132,34609,0,1,1,-29.711258,151.128445,33,1,0,1,0,2,0,0,2,0,7,100,0,1945,1945,5,5,40,1,0,0,1,0
1289715,4,2022,2022,3,3,2,2209,17,157,2205,0,1,2,-34.008987,151.10997,68,0,2,0,3,0,3,0,0,0,7,70,2,2585,4009,8,5,40,1,0,1,0,0
1289716,4,2022,2022,3,4,7,177,22,70,176,0,1,10,-34.032056,151.080954,68,0,2,1,1,0,0,0,2,2,7,60,2,5929,5929,1,5,13,2,0,1,1,0
1289717,2,2022,2022,7,1,1,14,27,12,34609,0,1,9,-33.508253,151.404888,16,2,2,0,0,0,3,4,0,0,7,60,0,1259,5151,8,30,40,1,0,0,1,0
1289719,2,2022,2022,3,5,9,8,31,134,34609,0,1,9,-33.894033,151.25157,76,0,2,1,1,0,0,0,3,0,0,50,0,4552,985,8,5,40,1,0,0,1,0
1289720,2,2022,2022,3,3,2,62,31,124,34609,0,1,1,-33.820746,151.048477,54,0,2,1,2,0,0,0,0,0,7,50,0,4026,4026,1,5,0,2,0,0,1,0
1289721,2,2022,2022,3,2,7,19,31,96,34609,0,1,10,-33.36919,148.004506,51,2,1,1,0,0,0,0,2,0,15,50,0,6545,6545,4,30,19,2,0,0,2,0
1289723,1,2022,2022,3,0,6,11,31,53,34609,0,1,1,-32.928239,151.763223,48,0,2,1,1,0,0,0,2,0,7,50,0,238,238,9,5,28,2,0,0,0,1
1289724,4,2022,2022,3,6,4,916,17,8,917,0,1,1,-31.304951,150.889785,70,1,0,0,0,0,0,0,2,0,7,100,2,380,714,5,10,40,1,0,1,0,0
1289725,2,2022,2022,7,5,10,2126,17,73,2149,0,1,10,-33.887964,151.16771,32,0,2,1,2,0,3,4,0,2,9,60,2,1220,1220,9,5,28,2,0,0,1,0
1289728,2,2022,2022,3,1,10,38,31,387,64,0,1,9,-33.926882,151.188001,4,0,2,1,2,0,3,3,0,2,7,60,2,2852,2852,4,5,36,2,0,0,1,0
1289729,2,2022,2022,7,6,7,48,27,20,62,0,1,1,-35.5317,148.135038,66,1,0,0,0,0,3,4,2,0,7,100,2,1957,4009,8,5,40,1,0,0,1,0
1289731,2,2022,2022,0,1,6,15,31,201,46,0,1,2,-34.888091,150.60804,63,2,1,1,3,0,0,0,2,0,7,60,1,2585,4009,8,5,40,1,0,0,1,0
1289733,1,2022,2022,0,4,8,2261,17,243,2252,0,1,2,-33.941634,150.912029,41,0,2,1,1,0,0,0,2,0,7,70,2,1282,1282,1,0,19,2,0,0,0,1
1289734,4,2022,2022,7,6,7,54,31,28,62,0,1,10,-33.797672,151.197844,77,0,2,1,0,0,0,3,2,0,7,60,2,5929,5929,1,0,5,2,0,1,0,0
1289735,2,2022,2022,3,6,8,12,27,83,34609,0,1,1,-34.459033,150.48138,78,2,1,0,3,0,3,4,2,0,7,80,0,204,204,1,8,10,2,0,0,1,0
1289737,2,2022,2022,0,1,1,15,31,30,34609,0,1,1,-30.09191,145.930458,51,2,1,1,2,0,0,0,0,0,7,50,0,4026,4026,8,5,40,1,0,0,1,0
1289740,4,2022,2022,8,5,7,27,27,294,27,0,1,1,-33.942257,150.951842,41,0,2,0,0,0,0,0,2,0,7,60,1,14295,14295,3,5,0,3,0,1,0,0
1289742,2,2022,2022,7,2,11,81,17,24,34609,0,1,1,-34.396915,150.53281,78,2,1,0,0,0,3,4,0,0,7,80,0,380,714,5,10,40,1,0,0,1,1
1289744,2,2022,2022,0,0,9,16,31,134,34609,0,1,10,-33.680976,150.875218,7,0,2,1,0,0,0,0,3,0,15,50,0,6545,6545,4,5,12,2,0,0,1,0
1289745,2,2022,2022,7,4,5,100,27,109,799,0,1,1,-33.903445,151.142098,32,0,2,1,1,0,3,4,2,0,7,60,2,2040,2040,9,10,28,2,0,0,2,0
1289746,1,2022,2022,7,3,4,105,27,67,109,0,1,9,-33.877865,150.893478,24,0,2,1,2,0,3,4,2,2,7,60,1,14295,14295,3,21,5,2,0,0,0,2
1289747,2,2022,2022,7,6,3,280,10,127,240,0,1,1,-33.843515,150.863508,24,0,2,1,2,0,3,4,2,0,7,70,2,9859,9859,8,29,40,1,0,0,1,0
1289749,4,2022,2022,7,5,7,191,17,562,189,0,1,1,-32.228302,148.654694,22,1,0,1,0,0,0,0,2,0,7,100,2,945,945,5,10,40,1,0,1,0,1
1289750,2,2022,2022,7,1,11,20,1,271,34609,0,1,9,-33.953709,151.014968,15,0,2,1,2,0,0,0,0,0,0,50,0,4552,985,8,0,40,1,0,0,1,0
1289752,4,2022,2022,0,5,8,265,17,23,193,0,1,1,-35.238397,147.177751,75,1,0,1,0,0,0,0,3,0,7,100,2,4026,4026,8,29,40,1,0,1,0,0
1289754,4,2022,2022,0,6,7,348,17,31,232,0,1,1,-30.953582,148.383512,51,2,1,1,0,0,0,0,2,0,7,50,2,14295,14295,3,29,0,2,0,1,0,0
1289757,4,2022,2022,3,6,4,27,36,5,27,0,1,1,-31.145707,149.90406,51,1,0,1,0,0,0,0,2,0,7,100,1,4026,4026,8,29,40,1,0,1,0,0
1289761,4,2022,2022,3,2,8,193,31,106,34609,0,1,1,-33.673252,151.300343,50,0,2,1,0,0,3,3,2,0,7,50,0,238,238,9,0,28,3,0,1,0,0
1289762,1,2022,2022,7,4,8,46,31,35,34609,0,1,2,-31.076846,152.8429,34,2,1,1,0,0,0,0,2,0,7,50,0,1981,1981,4,10,27,2,0,0,0,1
1289763,2,2022,2022,7,1,8,8,31,107,34609,0,1,10,-29.682367,152.92742,18,2,1,1,1,0,0,0,2,0,0,50,0,926,926,4,0,0,2,0,0,1,0
1289764,4,2022,2022,7,4,7,112,17,27,112,0,1,1,-31.699049,143.666545,51,1,0,1,0,0,0,0,2,0,7,110,2,945,945,5,16,40,1,0,1,0,0
1289766,1,2022,2022,7,2,7,2126,17,84,2149,0,1,9,-33.819008,150.989934,21,0,2,1,3,0,0,0,2,0,6,60,2,1282,1282,1,5,0,2,0,0,0,1
1289768,2,2022,2022,7,6,7,38,33,1,1,0,1,1,-32.414031,144.818062,51,2,1,0,3,2,0,0,2,0,7,80,1,2585,4009,8,0,40,1,0,0,1,0
1289770,1,2022,2022,3,2,8,829,27,363,770,0,1,2,-33.809169,151.02356,54,0,2,0,3,0,3,4,2,0,7,60,2,1957,4009,8,5,40,1,0,0,0,1
1289771,1,2022,2022,7,4,8,481,17,27,483,0,1,1,-32.458419,148.34054,51,1,0,0,0,0,0,0,2,0,7,110,2,380,714,5,16,40,1,0,0,0,1
1289772,2,2022,2022,3,0,7,11,1,104,34609,0,1,7,-33.794268,150.79008,55,0,2,1,0,0,0,0,2,0,0,50,0,2040,2040,9,19,28,2,0,0,1,0
1289773,4,2022,2022,7,6,6,196,10,5,34609,0,1,1,-32.468167,149.627094,44,1,0,1,0,0,0,0,2,0,7,100,0,945,945,5,0,40,1,0,1,0,0
1289775,2,2022,2022,0,5,5,13,27,6,34609,0,1,1,-35.669084,147.964817,66,1,0,0,0,0,0,0,2,0,7,100,0,1089,1089,7,16,40,1,0,0,1,0
1289777,2,2022,2022,7,4,2,8,7,22,34609,0,1,1,-33.920243,150.88467,41,0,2,0,2,0,0,0,0,0,7,50,0,2585,4009,8,5,40,1,0,0,3,0
1289781,1,2022,2022,7,3,7,515,14,294,518,0,1,3,-33.940338,150.929225,41,0,2,1,1,0,0,0,2,0,7,100,2,14295,14295,3,0,5,4,0,0,0,1
1289786,2,2022,2022,7,3,4,866,17,44,793,0,1,9,-33.794297,150.983165,54,0,2,1,1,0,0,0,2,2,7,70,2,1945,1945,5,16,40,1,0,0,1,0
1289789,2,2022,2022,7,1,7,12,10,35,34609,0,1,7,-34.100965,150.797736,13,0,2,1,1,0,3,4,2,0,0,60,0,84,84,8,0,40,1,0,0,1,0
1289790,4,2022,2022,0,5,7,125,27,38,144,0,1,1,-32.792589,151.940849,57,2,1,0,0,0,0,0,2,0,7,60,2,3775,3775,0,0,5,2,0,4,0,0
1289791,1,2022,2022,0,6,9,78,17,39,75,0,1,8,-33.850523,151.211886,49,0,2,1,3,0,3,4,3,0,7,70,2,14295,14295,3,30,0,2,0,0,0,2
1289793,4,2022,2022,7,2,9,1,10,22,34609,0,1,1,-34.064323,150.799903,13,0,2,1,2,0,0,0,3,0,7,50,0,340,340,9,5,28,2,0,1,0,0
1289794,2,2022,2022,7,5,11,2209,17,67,2205,0,1,2,-34.42814,150.86806,80,0,2,0,2,0,3,4,0,0,9,60,2,14295,14295,3,0,10,2,0,0,1,0
1289796,4,2022,2022,3,5,5,1,7,210,34609,1,0,1,-34.033463,151.104639,68,0,2,1,0,0,0,0,2,0,7,50,0,2585,777,8,0,40,1,0,1,1,0
1289799,4,2022,2022,7,3,6,515,14,189,518,0,1,3,-33.942141,151.049775,15,0,2,1,2,0,0,0,2,0,7,100,2,1192,1192,1,29,0,2,0,1,0,0
1289800,4,2022,2022,3,5,10,37,31,523,198,0,1,1,-33.926422,150.922283,41,0,2,1,0,0,3,4,0,0,7,60,2,1220,1220,9,5,28,2,0,1,0,0
1289802,4,2022,2022,3,1,6,2209,17,144,2205,0,1,9,-34.069812,151.012939,68,0,2,0,0,0,0,0,2,0,7,70,2,5929,5929,1,5,19,2,0,1,0,0
1289803,4,2022,2022,0,2,8,2209,17,201,2205,0,1,10,-34.887613,150.604566,63,2,1,1,2,0,0,0,0,2,7,70,2,9859,9859,8,22,40,1,0,1,0,0
1289804,2,2022,2022,0,1,7,31,31,53,34609,0,1,1,-33.849752,150.966886,21,0,2,1,1,0,0,0,2,0,7,50,0,4552,985,8,5,40,1,0,0,1,0
1289805,4,2022,2022,7,2,11,26,27,80,160,0,1,1,-33.966738,150.89974,13,0,2,1,0,0,3,4,0,0,7,60,2,3775,3775,0,0,0,3,0,2,2,0
1289806,1,2022,2022,7,6,5,47,31,363,31,0,1,10,-33.818962,151.011288,54,0,2,1,1,0,3,4,2,2,7,60,1,6545,6545,4,0,0,2,0,0,0,1
1289807,2,2022,2022,3,4,8,2126,17,75,2149,0,1,9,-33.710536,150.375673,8,2,2,1,1,0,0,0,2,2,7,60,2,14295,14295,3,16,5,4,0,0,2,0
1289808,4,2022,2022,7,0,4,19,31,130,321,0,1,6,-33.873645,151.194905,69,0,2,1,3,0,3,4,2,0,7,60,2,1945,1945,5,15,40,1,0,1,0,0
1289809,2,2022,2022,3,4,5,193,27,64,94,0,1,7,-33.883644,151.023346,21,0,2,1,3,0,0,0,2,0,0,60,1,2852,2852,4,0,0,2,0,0,1,0
1289818,4,2022,2022,8,6,10,10,27,460,34609,1,0,1,-33.835785,150.982466,21,0,2,1,2,0,3,4,0,0,7,50,0,4026,4026,1,5,0,2,0,1,0,0
1289819,2,2022,2022,8,1,11,171,27,37,369,0,1,2,-33.865942,150.697447,41,0,2,1,2,0,0,0,0,0,7,80,2,9859,9859,8,0,40,1,0,0,1,0
1289824,4,2022,2022,0,4,9,42,10,39,172,0,1,1,-32.889543,151.568646,37,0,2,0,0,0,3,3,2,0,7,80,2,1957,4009,8,16,40,1,0,1,0,0
1289825,2,2022,2022,4,3,11,52,27,188,53,0,1,9,-33.930203,151.098795,15,0,2,1,2,0,0,0,0,2,7,50,1,5929,5929,1,5,5,2,0,0,1,0
1289826,2,2022,2022,8,4,5,4,27,15,34609,0,1,1,-33.521909,150.093253,40,1,0,0,0,0,0,0,2,0,7,100,0,782,957,5,16,40,1,0,0,1,0
1289827,1,2022,2021,2,0,6,85,10,125,702,0,1,2,-33.856155,151.071975,67,0,2,1,0,0,0,0,2,0,7,80,2,14295,14295,3,10,0,2,0,0,0,1
1289828,2,2022,2022,0,3,9,133,31,646,97,0,1,9,-33.91729,151.021927,15,0,2,1,2,0,0,0,0,0,15,60,1,5929,5929,1,5,5,2,0,0,1,1
1289829,2,2022,2022,0,5,2,2209,17,17,2205,0,1,1,-36.540458,149.826058,5,1,0,0,0,0,3,3,0,0,7,90,2,1259,5151,8,29,40,1,0,0,1,0
1289830,4,2022,2022,7,2,0,7,31,99,34609,0,1,1,-33.888994,151.267151,76,0,2,1,0,0,3,4,0,0,7,50,0,1945,1945,5,15,40,1,0,1,0,0
1289831,2,2022,2022,7,3,8,42,31,106,34609,0,1,1,-33.919892,151.084105,15,0,2,1,1,0,0,0,2,0,7,50,0,1220,1220,9,5,28,2,0,0,1,0
1289835,1,2022,2022,8,5,5,21,10,89,34609,0,1,2,-28.213213,153.542462,72,2,1,1,1,0,3,3,2,0,7,60,0,9859,9859,1,10,22,2,0,0,0,3
1289836,4,2022,2022,0,3,8,21,27,98,174,0,1,1,-33.010399,151.583249,37,0,2,1,2,0,0,0,0,0,7,60,2,9859,9859,8,16,40,1,0,1,0,0
1289838,4,2022,2022,8,6,5,11,31,15,102,0,1,10,-34.554424,148.367539,30,2,1,1,0,0,3,4,2,0,7,50,2,5929,5929,1,10,5,2,0,1,1,0
1289839,4,2022,2022,0,4,8,4,31,88,20,0,1,9,-33.745382,150.849079,7,0,2,1,0,0,3,4,2,0,0,60,1,1109,787,1,5,5,2,0,1,0,0
1289846,2,2022,2022,0,4,4,4,31,83,34609,0,1,1,-29.704728,152.933631,18,2,1,1,1,0,0,0,2,0,7,50,0,4026,4026,8,0,40,1,0,0,1,0
1289847,2,2022,2022,7,4,3,123,36,37,49,0,1,1,-30.93788,151.578924,51,1,0,0,0,0,3,1,1,0,7,100,1,782,957,5,10,40,1,0,0,1,0
1289848,4,2022,2022,0,5,8,1,27,4,34609,0,1,1,-28.94437,152.055529,51,1,0,0,0,2,3,3,3,0,7,100,0,1957,4009,8,10,40,1,0,1,0,0
1289850,2,2022,2022,8,2,5,1052,14,207,928,0,1,3,-33.565496,151.19185,31,0,2,0,0,0,0,0,2,0,7,110,2,14295,14295,3,5,5,3,0,0,1,1
1289851,2,2022,2022,3,4,8,106,27,76,106,0,1,10,-33.926014,150.866394,41,0,2,1,1,0,0,0,2,2,7,70,2,1850,985,5,16,40,1,0,0,1,0
1289852,1,2022,2022,0,4,5,220,27,104,222,0,1,9,-33.732801,150.943201,7,0,2,1,1,0,0,0,2,2,7,80,2,14295,14295,3,10,5,2,0,0,0,1
1289856,4,2022,2022,0,3,6,27,36,39,34609,0,1,9,-29.789216,153.014312,18,1,0,1,0,0,0,0,2,0,7,100,0,1850,777,5,16,40,1,0,1,0,0
1289858,4,2022,2022,0,0,5,1,27,3,34609,0,1,1,-35.759221,150.134259,23,1,0,0,0,2,0,0,2,0,7,100,0,380,714,5,16,40,1,0,1,0,0
1289859,2,2022,2022,7,4,3,330,27,108,605,0,1,9,-33.761234,151.274351,50,0,2,1,2,0,0,0,0,2,7,60,2,1220,1220,9,10,28,2,0,0,1,0
1289867,4,2022,2022,0,2,8,866,17,187,793,0,1,2,-33.796323,150.987992,54,0,2,1,2,0,0,0,3,0,7,70,2,1383,1383,1,5,19,2,0,1,0,0
1289868,1,2022,2022,8,6,7,48,10,463,52,0,1,7,-30.325935,153.098916,19,2,1,1,3,0,0,0,2,0,0,60,1,1282,1282,1,8,36,2,0,0,0,1
1289869,4,2022,2022,0,4,11,106,27,55,106,0,1,9,-33.926559,150.898651,41,0,2,1,2,0,0,0,0,2,7,60,2,5929,5929,1,0,5,2,0,1,0,0
1289873,1,2022,2022,0,4,6,103,27,33,167,0,1,10,-33.984176,151.136306,4,0,2,1,3,0,0,0,2,2,7,60,2,14295,14295,3,5,5,2,0,0,0,1
1289880,4,2022,2022,7,4,4,16,10,4,12,0,1,1,-30.656741,152.902759,47,2,1,1,0,0,0,0,2,0,7,80,1,9859,9859,8,9,40,1,0,1,0,0
1289881,4,2022,2022,7,4,4,234,27,323,217,0,1,9,-33.752618,150.994155,71,0,2,1,1,0,0,3,2,0,7,60,2,2852,2852,4,5,5,4,0,1,0,0
1289882,2,2022,2022,0,0,5,77,31,445,563,0,1,1,-33.87482,151.04168,21,0,2,1,3,0,0,0,2,0,7,80,2,204,204,1,0,5,2,0,0,1,0
1289884,2,2022,2022,0,6,8,361,23,204,35,0,1,9,-33.894672,150.938599,24,0,2,1,1,0,3,4,2,2,7,40,1,2852,2852,4,5,0,2,0,0,1,0
1289886,4,2022,2022,7,2,4,308,14,127,311,0,1,3,-33.831743,150.856531,24,0,2,1,0,0,3,4,2,0,7,100,2,1383,1383,1,8,0,2,0,1,0,0
1289887,2,2022,2022,8,6,5,225,17,76,180,1,0,9,-34.549986,150.386768,78,2,1,1,3,0,3,4,2,0,7,60,2,1669,1669,3,5,36,2,0,0,1,0
1289888,1,2022,2022,0,3,9,95,27,106,605,0,1,10,-33.677048,151.305921,50,0,2,1,3,0,0,0,3,2,7,60,2,14295,14295,3,0,13,2,0,0,0,1
1289889,1,2022,2022,0,5,5,13,31,17,17,0,1,10,-30.896298,153.040051,34,2,1,1,3,0,3,4,2,0,7,50,1,14295,14295,3,5,5,2,0,0,0,1
1289890,1,2022,2022,3,2,9,2,31,48,34609,0,1,9,-32.716676,152.152124,57,2,1,1,2,0,3,4,0,0,0,50,0,4026,4026,8,5,40,1,0,0,0,1
1289891,4,2022,2022,0,6,9,2209,17,12,2205,0,1,1,-36.182435,150.114263,23,1,0,1,0,0,3,4,0,0,7,100,2,14295,14295,3,5,5,2,0,1,1,0
1289896,4,2022,2022,7,3,7,27,36,83,34609,0,1,1,-29.566715,153.094987,18,1,0,1,0,0,3,0,2,0,7,100,0,9859,9859,1,10,10,2,0,2,1,0
1289897,4,2022,2022,3,1,9,1,27,1,34609,0,1,1,-32.509858,152.292274,43,2,1,0,0,2,0,0,2,0,7,80,0,2585,4009,8,5,40,1,0,2,0,0
1289899,2,2022,2022,0,0,8,2126,17,84,2149,0,1,10,-33.817889,150.981863,21,0,2,1,2,0,0,0,2,2,7,60,2,5929,5929,1,0,5,2,0,0,1,0
1289900,4,2022,2022,0,1,7,225,17,32,180,0,1,1,-34.561557,150.623471,78,2,1,0,0,0,0,0,2,0,7,60,2,1957,4009,8,16,40,1,0,1,0,0
1289901,4,2022,2022,0,2,5,3371,17,21,3342,0,1,2,-31.625513,152.725863,56,1,0,1,0,0,3,4,2,0,7,110,2,3775,3775,0,34,5,3,0,3,0,0
1289904,1,2022,2022,0,4,4,829,1,225,34609,0,1,1,-33.797606,151.178642,77,0,2,1,3,0,3,3,2,0,7,40,0,14295,14295,3,5,0,3,0,0,0,1
1289906,1,2022,2022,8,6,8,7,1,42,34609,0,1,1,-33.912516,150.894872,41,0,2,0,3,0,0,0,2,0,7,50,0,214,214,9,5,28,2,0,0,0,1
1289912,1,2022,2022,8,1,3,50,27,125,51,0,1,7,-33.854282,151.07724,67,0,2,1,3,0,0,0,2,0,0,60,1,1391,1391,1,5,0,2,0,0,0,1
1289914,2,2022,2022,0,1,7,344,27,609,163,0,1,9,-33.766111,150.904617,7,0,2,1,3,0,0,0,2,0,7,60,2,5929,5929,1,5,5,2,0,0,1,0
1289918,2,2022,2022,8,6,9,76,24,164,154,0,1,10,-33.739179,150.871955,7,0,2,1,3,0,3,4,0,2,7,60,1,5929,5929,1,19,5,2,0,0,1,0
1289919,4,2022,2022,3,6,8,22,27,10,34609,0,1,11,-33.129504,151.424707,37,0,2,1,0,0,0,0,2,0,7,80,0,489,489,8,16,40,1,0,1,0,0
1289921,2,2022,2022,3,2,10,2,7,11,34609,0,1,1,-33.723078,150.795715,7,0,2,1,0,0,0,0,0,0,7,50,0,2040,2040,9,5,28,2,0,0,1,0
1289922,2,2022,2022,0,2,8,92,27,11,36,0,1,10,-35.720627,150.190529,23,2,1,1,1,0,0,0,2,2,7,60,1,5929,5929,1,5,19,3,0,0,1,0
1289930,2,2022,2022,3,6,7,1,31,49,34609,1,2,10,-34.44448,147.53431,51,2,1,1,1,0,0,0,2,0,9,40,0,591,591,1,22,36,2,0,0,1,0
1289935,1,2022,2022,0,4,6,361,23,176,165,0,1,9,-33.96375,151.132509,25,0,2,1,0,0,0,0,2,0,9,40,1,2040,2040,9,0,28,2,0,0,0,1
1289936,2,2022,2022,7,1,3,31,31,73,19,0,1,10,-33.87252,151.217605,69,0,2,1,1,0,0,6,2,2,6,50,2,5929,5929,1,0,18,2,0,0,1,0
1289939,1,2022,2022,0,6,6,485,27,323,769,0,1,9,-33.73629,150.981648,71,0,2,1,1,0,0,0,2,2,7,70,2,926,926,4,22,5,2,0,0,0,1
1289946,2,2022,2022,8,4,5,2126,17,14,2149,0,1,2,-33.721441,150.600547,8,2,2,1,1,0,0,0,2,0,7,80,2,9859,9859,8,5,40,1,0,0,1,0
1289948,2,2022,2022,3,4,8,78,31,76,34609,0,1,7,-35.36019,150.472299,63,2,1,1,1,0,0,0,2,0,7,50,0,3775,3775,0,5,0,2,0,0,1,0