Crash ID,Degree of crash - detailed,Reporting year,Year of crash,Month of crash,Day of week of crash,Two-hour intervals,Street of crash,Street type,Town,Route no.,School zone location,School zone active,Type of location,Latitude,Longitude,LGA,Urbanisation,Conurbation 1,Alignment,Street lighting,Road surface,Surface condition,Weather,Natural lighting,Signals operation,Other traffic control,Speed limit,Road classification,RUM - code,DCA - code,First impact type,Key TU type,Other TU type,No. of traffic units involved,No. killed,No. seriously injured,No. moderately injured,No. minor-other injured
1289949,2,2022,2022,8,1,4,4,27,8,4,0,1,9,-33.301945,146.863356,51,1,0,1,0,2,0,0,2,0,0,100,1,63,63,4,10,5,2,0,0,1,0
1289951,2,2022,2022,7,3,8,71,17,5,71,0,1,1,-35.316965,144.842155,51,1,0,0,0,0,0,0,2,0,7,100,2,380,714,5,16,40,1,0,0,1,0
1289955,1,2022,2022,8,5,4,2209,17,88,2205,0,1,2,-33.990405,151.113335,25,0,2,1,3,0,0,0,2,0,7,70,2,1391,1391,1,5,5,2,0,0,0,1
1289957,2,2022,2022,8,3,6,8,31,273,34609,0,1,7,-34.423834,150.882812,80,0,2,0,3,0,0,0,2,0,0,50,0,6545,6545,4,0,0,2,0,0,1,0
1289959,2,2022,2022,0,2,4,1,27,8,34609,0,1,1,-33.44267,149.28344,11,1,0,0,3,2,0,0,2,0,7,100,0,380,714,5,16,40,1,0,0,1,0
1289960,2,2022,2022,0,4,11,2261,17,204,2252,1,0,9,-33.889995,151.127284,32,0,2,1,3,0,0,0,0,0,0,60,2,14295,14295,3,9,5,2,0,0,1,0
1289967,1,2022,2022,0,2,6,22,27,136,702,0,1,10,-33.86074,151.068407,67,0,2,1,3,0,0,0,2,0,15,60,2,14295,14295,3,0,22,2,0,0,0,1
1289977,2,2022,2022,0,1,8,31,1,234,139,0,1,2,-34.288983,146.054946,28,2,1,1,1,0,0,0,2,0,7,50,2,1220,1220,9,5,28,2,0,0,1,0
1289983,2,2022,2022,8,4,4,84,7,18,34609,0,1,1,-36.071939,146.895478,0,2,1,0,1,0,0,0,2,0,7,50,0,4552,5151,8,5,40,1,0,0,2,0
1289984,4,2022,2022,4,1,6,194,31,445,18,0,1,9,-33.863213,151.044479,21,0,2,1,1,0,0,0,2,2,7,50,1,5929,5929,1,0,5,2,0,1,1,0
1289988,1,2022,2022,0,2,2,1104,11,130,770,0,1,2,-33.872326,151.193578,69,0,2,1,2,0,0,0,0,0,7,60,2,14295,14295,3,0,0,2,0,0,0,1
1289989,2,2022,2022,7,5,10,192,10,57,114,0,1,10,-33.448737,151.36552,16,2,2,1,2,0,0,0,0,2,7,60,2,14295,14295,3,5,13,2,0,0,1,0
1289990,1,2022,2022,0,5,2,2261,17,23,2252,0,1,2,-34.807169,148.584076,82,1,0,1,0,0,0,0,0,0,7,110,2,4026,4026,8,3,40,1,0,0,0,1
1289996,1,2022,2022,0,6,4,109,27,74,382,0,1,1,-33.744917,150.842631,7,0,2,1,3,0,0,0,2,0,7,60,2,14295,14295,3,5,0,2,0,0,0,1
1290002,1,2022,2022,0,4,9,87,31,198,32,0,1,9,-33.910694,151.09397,15,0,2,0,3,0,0,0,0,0,0,50,1,14295,14295,3,5,5,2,0,0,0,1
1290003,1,2022,2022,0,0,9,109,27,460,106,1,0,9,-33.83481,150.981289,21,0,2,1,3,0,3,4,2,0,15,60,1,5929,5929,1,5,5,2,0,0,0,1
1290004,1,2022,2022,0,3,8,20,27,243,34609,0,1,7,-33.959366,150.881348,41,0,2,0,3,0,0,6,4,0,0,50,0,6545,6545,4,5,5,2,0,0,0,1
1290008,2,2022,2022,0,6,5,17,36,8,34609,0,1,9,-28.720602,153.5312,2,2,1,1,3,0,3,4,2,0,0,80,0,150,150,4,0,13,2,0,0,1,1
1290011,4,2022,2022,0,4,5,1,27,10,34609,0,1,1,-31.86929,149.11253,51,1,0,1,0,2,0,0,2,0,7,100,0,1945,1945,5,16,40,1,0,1,0,0
1290012,2,2022,2022,8,3,9,23,31,226,382,0,1,7,-33.76323,150.829955,7,0,2,1,2,0,0,0,0,0,0,60,2,83,83,1,0,5,2,0,0,2,0
1290013,4,2022,2022,7,4,3,916,17,66,917,0,1,2,-32.812706,151.675916,48,0,2,1,1,0,3,4,2,0,7,80,2,1383,1383,1,8,5,6,0,2,0,0
1290014,1,2022,2022,3,1,8,195,27,20,186,0,1,10,-33.93566,150.843324,41,0,2,1,1,0,0,0,2,2,7,70,2,14295,14295,3,5,0,2,0,0,0,1
1290016,2,2022,2022,0,0,6,2209,17,88,2205,0,1,10,-33.987901,151.111784,25,0,2,0,1,0,0,0,2,2,7,70,2,14295,14295,3,30,0,3,0,0,1,0
1290017,2,2022,2022,8,1,6,8,31,113,34609,0,1,1,-29.472035,149.824524,51,2,1,1,1,0,0,0,2,0,7,50,0,1282,1282,1,16,19,2,0,0,2,0
1290018,2,2022,2022,0,0,4,330,23,123,233,0,1,2,-33.901682,151.222624,59,0,2,1,1,0,3,3,2,0,7,60,2,1192,1192,1,19,13,2,0,0,1,0
1290023,1,2022,2022,8,5,3,3,10,31,34609,0,1,7,-34.019723,150.833631,13,0,2,1,1,0,0,0,2,0,0,60,0,5929,5929,1,33,0,2,0,0,0,1
1290032,2,2022,2022,0,1,3,23,27,53,36,0,1,9,-35.206882,149.365972,58,1,0,1,0,0,3,1,1,0,15,90,1,489,489,8,10,40,1,0,0,1,0
1290036,4,2022,2022,0,5,3,515,14,202,518,0,1,3,-33.939865,151.030993,15,0,2,1,1,0,0,0,2,0,7,100,2,591,591,1,22,13,2,0,1,0,0
1290037,1,2022,2022,8,4,3,3,31,27,144,0,1,9,-32.883886,151.771621,48,0,2,0,1,0,3,4,2,0,0,80,2,1957,4009,8,0,40,1,0,0,0,1
1290039,1,2022,2022,7,2,2,232,36,60,331,0,1,10,-34.02016,150.760949,12,0,2,1,0,0,3,3,1,2,7,80,2,14295,14295,3,10,5,2,0,0,0,1
1290045,2,2022,2022,3,4,9,3,27,44,34609,0,1,1,-33.792391,150.972263,54,0,2,1,0,0,0,3,3,0,7,50,0,9859,9859,1,5,5,2,0,0,1,0
1290047,1,2022,2022,8,6,7,28,31,225,34609,0,1,7,-33.800145,151.183602,77,0,2,1,0,0,0,0,2,0,0,50,0,2040,2040,9,22,28,2,0,0,0,1
1290051,2,2022,2022,0,6,9,220,27,251,222,0,1,2,-33.766171,150.958483,71,0,2,1,2,0,0,0,0,0,7,80,2,14295,14295,3,10,5,2,0,0,1,0
1290053,2,2022,2022,0,6,7,5,27,278,34609,0,1,1,-33.772749,151.038184,54,0,2,1,0,0,0,0,2,0,7,50,0,4026,4026,1,33,5,2,0,0,1,0
1290056,4,2022,2022,8,3,11,118,27,646,118,0,1,2,-33.914066,151.034564,15,0,2,1,2,0,0,0,0,0,7,60,1,1192,1192,1,16,13,2,0,1,0,0
1290058,2,2022,2022,0,5,4,478,17,50,480,0,1,9,-33.259135,151.560965,16,2,2,1,0,0,0,0,2,0,7,60,2,3775,3775,0,5,5,2,0,0,1,0
1290059,4,2022,2022,8,1,2,5,27,57,34609,0,1,2,-32.971622,151.68793,37,0,2,1,2,0,0,0,0,0,7,50,0,9859,9859,1,5,13,2,0,1,0,0
1290061,1,2022,2022,8,6,4,30,27,193,34609,0,1,1,-33.790774,151.066072,54,0,2,1,1,0,0,3,2,0,7,50,0,1109,787,1,5,12,2,0,0,0,2
1290063,1,2022,2022,8,3,5,478,17,128,480,0,1,2,-33.427215,151.329105,16,2,2,1,1,0,0,0,2,0,7,70,2,1945,1945,5,16,40,1,0,0,0,1
1290064,1,2022,2022,0,6,4,45,27,370,34609,0,1,6,-34.071274,150.806911,13,0,2,0,0,0,0,0,2,0,9,50,0,14295,14295,3,0,41,2,0,0,0,1
1290065,1,2022,2022,7,5,4,73,24,50,88,0,1,1,-33.718967,151.252232,50,0,2,0,1,0,3,4,2,0,7,80,2,3775,3775,0,5,5,2,0,0,0,1
1290067,2,2022,2021,2,6,6,2,27,16,34609,0,1,1,-28.950365,152.278204,51,2,1,0,0,2,3,4,2,0,7,50,0,3775,3775,0,16,13,2,0,0,1,0
1290068,4,2022,2022,7,1,7,154,27,293,244,0,1,1,-33.924788,151.055962,15,0,2,1,1,0,0,3,2,0,7,60,2,2040,2040,9,5,28,2,0,1,0,0
1290069,2,2022,2022,4,4,8,77,31,445,563,0,1,10,-33.872139,151.042125,21,0,2,1,1,0,0,0,2,2,7,70,2,14295,14295,3,5,5,2,0,0,1,0
1290070,4,2022,2022,7,4,8,59,27,5,69,0,1,1,-33.737752,149.811173,51,1,0,0,0,0,3,4,2,0,7,100,1,2585,4009,8,9,40,1,0,1,1,0
1290071,2,2022,2022,8,6,3,5,31,65,19,0,1,9,-33.803543,150.958232,21,0,2,1,0,0,0,0,2,0,7,50,1,2040,2040,9,10,28,2,0,0,1,0
1290072,2,2022,2022,0,1,5,3371,17,58,3342,0,1,9,-32.791356,151.72466,57,2,1,1,2,0,0,0,2,2,7,80,2,14295,14295,3,3,5,2,0,0,1,0
1290074,2,2022,2022,8,5,3,37,1,96,212,0,1,10,-35.356989,149.22297,58,2,1,1,1,0,0,3,2,2,7,60,2,5929,5929,1,5,5,2,0,0,1,0
1290077,1,2022,2022,7,1,8,2261,17,16,2252,0,1,2,-34.651877,150.09055,78,1,0,0,0,0,3,4,2,0,7,110,2,1957,4009,8,0,40,1,0,0,0,1
1290078,4,2022,2022,0,1,3,59,10,3,231,0,1,9,-33.496906,151.353897,16,2,2,1,0,0,0,0,2,0,7,60,2,14295,14295,3,5,13,4,0,2,0,0
1290079,1,2022,2022,0,0,11,1052,14,87,928,0,1,3,-33.073576,151.477731,37,0,2,1,0,0,0,0,0,0,7,110,2,1282,1282,1,0,13,2,0,0,0,1
1290082,4,2022,2022,8,6,9,3371,17,90,3342,0,1,2,-28.249776,153.532483,72,1,0,1,2,0,0,0,0,0,7,110,2,3775,3775,0,0,13,2,0,1,1,0
1290083,4,2022,2022,0,5,0,80,27,111,34609,0,1,7,-33.915456,151.255461,59,0,2,1,2,0,0,0,0,0,0,50,0,9859,9859,1,5,0,2,0,1,1,0
1290084,1,2022,2022,7,4,7,4,31,136,34609,0,1,9,-33.919518,151.076828,15,0,2,1,0,0,0,0,2,0,9,50,0,214,214,9,5,28,2,0,0,0,1
1290088,1,2022,2021,2,2,4,100,27,12,78,0,1,1,-33.597034,149.768272,51,1,0,1,0,0,0,0,2,0,7,100,2,4026,4026,8,10,40,1,0,0,0,1
1290090,1,2022,2022,0,3,10,866,17,204,793,0,1,10,-33.899433,150.919235,24,0,2,1,2,0,3,4,0,2,7,70,2,14295,14295,3,0,5,2,0,0,0,1
1290091,1,2022,2022,0,0,9,5,31,150,34609,0,1,1,-33.934017,151.232837,59,0,2,1,1,0,0,0,3,0,7,50,0,941,941,1,5,27,2,0,0,0,1
1290092,4,2022,2022,8,3,6,11,10,133,34609,0,1,1,-34.488475,150.798767,80,0,2,1,1,0,0,0,2,0,7,50,0,1945,1945,5,17,40,1,0,1,0,0
1290095,2,2022,2022,0,5,4,3371,17,57,3342,1,2,2,-32.981769,151.692309,37,0,2,1,1,0,0,0,2,0,7,40,2,14295,14295,3,5,5,3,0,0,1,0
1290096,4,2022,2022,0,0,3,346,17,7,332,0,1,1,-28.863508,153.495114,2,2,1,0,0,0,3,4,2,0,7,80,2,1109,787,1,5,25,2,0,1,1,0
1290101,2,2022,2022,8,0,0,26,27,8,34609,0,1,9,-30.495806,151.571129,51,1,0,1,0,0,0,1,0,0,7,100,0,2585,777,8,10,40,1,0,0,2,0
1290104,4,2022,2022,0,4,10,3,27,15,34609,0,1,1,-34.609164,150.307029,78,2,1,1,0,0,0,0,0,0,7,60,0,9859,9859,8,9,40,3,0,4,0,0
1290106,1,2022,2022,0,0,7,10,27,108,34609,0,1,1,-33.764589,151.261949,50,0,2,0,1,0,0,0,2,0,7,50,0,368,368,9,9,28,2,0,0,0,1
1290111,2,2022,2022,3,1,3,37,1,126,34609,1,0,10,-33.94656,150.802948,41,0,2,1,0,0,0,0,2,0,0,50,0,6545,6545,4,10,13,2,0,0,1,0
1290112,2,2022,2022,0,4,5,169,31,39,42,0,1,10,-31.075034,152.82351,34,2,1,1,1,0,0,3,2,0,7,50,1,1669,1669,3,34,0,2,0,0,3,0
1290116,4,2022,2022,0,0,7,4,27,5,34609,0,1,1,-30.780569,144.734537,51,1,0,1,3,2,0,0,2,0,7,100,0,945,945,5,16,40,1,0,1,0,0
1290121,4,2022,2022,0,2,6,22,31,82,34609,0,1,1,-33.823869,151.20113,49,0,2,1,1,0,0,0,2,0,7,50,0,190,190,1,0,18,2,0,1,0,0
1290123,2,2022,2022,8,4,3,54,31,197,28,0,1,7,-33.952278,151.077026,25,0,2,1,3,0,0,0,2,0,0,50,1,4026,4026,8,5,40,1,0,0,1,0
1290127,2,2022,2022,0,2,5,220,27,46,222,0,1,9,-33.786505,150.972983,54,0,2,1,3,0,0,0,2,2,7,80,2,14295,14295,3,10,0,2,0,0,1,0
1290128,1,2022,2022,8,4,6,65,27,202,563,0,1,9,-33.940266,151.035673,15,0,2,1,3,0,0,0,2,2,7,70,2,14295,14295,3,5,36,2,0,0,0,1
1290129,1,2022,2022,8,3,8,54,31,28,62,0,1,10,-33.792433,151.195501,77,0,2,1,3,0,0,0,2,2,7,60,2,1383,1383,1,5,12,3,0,0,0,2
1290131,2,2022,2022,7,3,6,2126,17,363,2149,0,1,9,-33.821907,151.004152,54,0,2,1,3,0,0,0,2,0,0,60,2,2852,2852,4,5,5,2,0,0,1,0
1290137,2,2022,2022,8,1,6,1,27,40,34609,0,1,1,-34.014199,151.123452,68,0,2,1,3,0,0,0,2,0,7,50,0,9859,9859,1,5,36,2,0,0,1,0
1290138,1,2022,2022,8,3,8,168,10,387,260,0,1,2,-33.946098,151.172967,4,0,2,1,3,0,3,0,2,0,7,70,2,14295,14295,3,0,5,3,0,0,0,1
1290142,2,2022,2022,0,0,4,3,31,107,53,0,1,0,-33.875101,151.196567,69,0,2,1,3,0,3,0,2,0,7,60,2,14295,14295,3,9,5,2,0,0,1,0
1290143,2,2022,2022,7,4,8,1104,14,223,962,0,1,3,-33.806184,150.920825,7,0,2,1,3,0,0,0,2,0,7,100,2,14295,14295,3,10,5,3,0,0,1,0
1290145,1,2022,2022,7,3,8,2261,17,23,2252,0,1,10,-34.813189,148.641661,82,1,0,1,3,0,0,0,3,0,15,110,2,2852,2852,4,5,5,2,0,0,0,1
1290146,2,2022,2022,7,2,9,44,31,37,34609,0,1,1,-32.686249,151.386653,17,2,1,1,2,0,3,4,0,0,7,50,0,41,41,8,16,40,1,0,0,1,0
1290149,2,2022,2022,7,6,0,196,10,34,168,0,1,1,-33.978693,151.015632,15,0,2,1,0,0,0,0,0,0,7,60,2,9859,9859,8,21,40,1,0,0,1,0
1290150,2,2022,2022,3,1,4,123,36,16,90,0,1,1,-31.462909,151.660969,51,1,0,1,0,0,0,0,2,0,7,100,1,475,475,5,0,40,1,0,0,1,0
1290153,4,2022,2022,0,1,8,8,31,68,20,0,1,9,-33.704574,149.860425,51,2,1,1,1,0,0,0,3,0,0,50,2,5929,5929,1,5,27,2,0,1,0,0
1290156,2,2022,2022,3,0,8,32,34,2,34609,0,1,1,-34.139706,149.972252,74,1,0,1,0,2,0,3,3,0,7,100,0,1945,1945,5,16,40,1,0,0,1,0
1290157,1,2022,2022,7,3,6,346,17,16,332,0,1,1,-28.961014,152.189725,51,1,0,0,0,0,3,4,2,0,7,100,2,1850,1463,5,16,40,1,0,0,0,1
1290158,1,2022,2022,7,4,4,110,31,16,34609,0,1,1,-32.908484,151.710673,48,0,2,1,3,0,3,4,2,0,7,50,0,941,941,1,5,5,2,0,0,0,1
1290159,4,2022,2022,3,0,7,251,27,17,212,0,1,2,-33.76699,151.204464,50,0,2,0,1,0,3,4,2,0,7,80,2,14295,14295,3,8,5,3,0,1,0,0
1290160,1,2022,2022,7,5,10,2126,17,171,2149,0,1,2,-33.815429,150.9693,21,0,2,1,3,0,3,4,0,0,7,80,2,14295,14295,3,5,5,2,0,0,0,1
1290163,1,2022,2022,8,1,7,213,17,132,213,0,1,7,-29.773809,151.111064,33,2,1,1,3,0,0,0,2,0,0,40,2,144,144,1,10,5,2,0,0,0,1
1290164,1,2022,2022,8,3,5,2126,17,125,2149,0,1,9,-33.861268,151.076111,67,0,2,1,3,0,0,0,2,2,7,60,2,5929,5929,1,5,5,2,0,0,0,1
1290170,1,2022,2022,8,4,8,485,27,232,769,0,1,2,-33.675317,150.911153,7,0,2,0,3,0,0,0,2,0,7,80,2,1192,1192,1,5,0,2,0,0,0,1
1290171,2,2022,2022,8,6,9,2261,17,204,2252,0,1,9,-33.89729,150.952745,24,0,2,1,3,0,0,0,3,2,7,70,2,1282,1282,1,9,5,2,0,0,1,0
1290176,1,2022,2022,0,0,8,293,31,532,55,0,1,10,-33.863361,151.212874,69,0,2,1,1,0,0,0,2,2,7,40,1,1282,1282,1,10,19,2,0,0,0,1
1290178,1,2022,2022,0,3,4,10,27,197,34609,0,1,7,-33.801113,151.130222,61,0,2,1,3,0,0,0,2,0,0,50,0,926,926,4,16,0,2,0,0,0,1
1290181,2,2022,2022,0,0,8,31,31,218,34609,0,1,9,-33.763638,150.774557,55,0,2,1,0,0,0,0,2,0,9,40,0,2040,2040,9,0,28,2,0,0,1,0
1290185,2,2022,2022,0,5,8,45,27,304,96,0,1,10,-33.909724,151.162208,32,0,2,1,2,0,0,0,0,2,7,60,2,14295,14295,3,0,27,3,0,0,1,0
1290187,2,2022,2022,0,3,11,10,27,14,11,0,1,9,-32.205223,149.011932,22,1,0,0,0,0,0,0,0,0,0,100,1,4552,5151,8,5,40,1,0,0,1,0
1290188,2,2022,2022,0,5,5,1052,31,103,34609,1,0,1,-32.943532,151.665025,37,0,2,1,0,0,0,0,2,0,7,60,0,9859,9859,8,30,40,1,0,0,1,0
1290189,2,2022,2022,7,1,5,2,31,136,34609,0,1,1,-33.920007,151.078626,15,0,2,1,0,0,0,0,2,0,7,50,0,9859,9859,1,5,5,2,0,0,2,0
1290192,2,2022,2022,4,6,5,2261,17,523,2252,0,1,2,-33.930641,150.917506,41,0,2,1,1,0,3,3,2,0,7,60,2,9859,9859,8,5,40,1,0,0,1,0
1290197,4,2022,2022,0,4,3,1,25,56,34609,0,1,1,-31.467664,152.70933,56,2,1,0,1,0,0,0,2,0,7,50,0,30,30,9,0,28,2,0,1,0,0
1290198,4,2022,2022,0,1,4,1,34,4,34609,0,1,1,-29.780305,153.296978,18,2,1,0,0,2,0,0,2,0,7,50,0,3775,3775,0,10,18,2,0,1,1,0
1290200,1,2022,2021,2,2,3,1052,14,60,928,0,1,3,-33.42574,151.23135,16,1,2,0,0,0,0,0,2,0,7,110,2,14295,14295,3,5,5,2,0,0,0,1
1290201,2,2022,2022,0,1,9,18,31,42,34609,0,1,9,-33.890888,150.866959,24,0,2,1,0,0,0,0,3,0,7,60,0,1109,787,1,21,5,2,0,0,1,0
1290203,1,2022,2022,7,1,11,2261,17,284,2252,0,1,9,-33.906082,151.015628,15,0,2,1,2,0,3,4,0,2,7,70,2,14295,14295,3,5,0,2,0,0,0,1
1290204,2,2022,2022,8,5,6,92,31,155,34609,0,1,9,-33.142451,148.179696,53,2,1,1,1,0,0,0,2,0,0,50,0,5929,5929,1,10,25,2,0,0,1,0
1290205,2,2022,2022,7,1,8,255,27,25,117,0,1,7,-32.896486,151.694512,48,0,2,0,1,0,0,0,2,0,0,60,2,150,150,4,16,5,2,0,0,1,0
1290206,4,2022,2022,0,2,1,4,27,11,27,0,1,1,-34.420454,149.080789,74,1,0,0,0,0,3,4,0,0,7,100,1,380,714,5,0,40,1,0,1,0,0
1290212,2,2022,2022,8,5,5,265,17,23,193,0,1,1,-35.271353,147.122706,51,2,1,1,3,0,0,0,2,0,7,70,2,1089,1089,7,10,40,1,0,0,1,0
1290216,1,2022,2022,0,3,5,22,22,532,22,0,1,3,-33.861303,151.213719,69,0,2,1,3,0,0,0,2,0,7,80,2,14295,14295,3,0,0,2,0,0,0,2
1290220,2,2022,2022,8,6,6,169,27,42,61,0,1,9,-33.827459,151.190707,38,0,2,1,3,0,0,0,2,0,7,50,1,2852,2852,4,30,5,2,0,0,1,0
1290222,2,2022,2022,8,6,8,8,31,107,34609,0,1,10,-29.691251,152.941559,18,2,1,1,3,0,3,3,2,0,0,50,0,6545,6545,4,5,5,2,0,0,1,0
1290225,2,2022,2022,8,6,9,5,10,28,34609,0,1,1,-33.121699,148.81613,11,1,0,1,3,0,0,3,3,0,7,100,0,1089,1089,7,0,40,1,0,0,1,0
1290228,2,2022,2022,8,1,3,916,17,165,917,0,1,1,-32.310519,150.933299,46,1,0,0,3,0,0,0,2,0,7,100,2,3775,3775,0,10,12,2,0,0,2,0
1290235,2,2022,2022,7,0,3,4,27,4,34609,0,1,1,-28.352369,153.475355,72,2,1,0,0,2,3,3,1,0,8,60,0,3775,3775,0,10,27,2,0,0,1,0
1290241,4,2022,2022,0,1,7,2,27,70,34609,0,1,1,-34.586119,150.283641,78,2,1,1,0,0,0,0,2,0,7,80,0,4026,4026,8,0,40,1,0,1,0,0
1290245,4,2022,2022,7,4,5,348,31,80,34609,0,1,0,-33.879295,151.208496,69,0,2,1,1,0,3,4,2,0,7,40,0,368,368,9,5,28,2,0,1,0,0
1290246,2,2022,2022,0,1,9,916,17,77,917,0,1,9,-32.566455,151.178304,64,2,1,1,2,0,0,0,0,0,0,50,2,387,387,1,16,0,2,0,0,1,0
1290249,2,2022,2022,7,5,8,109,27,16,169,0,1,1,-32.82844,151.399111,17,2,1,1,1,0,0,0,2,0,7,60,2,340,340,9,0,28,2,0,0,1,0
1290250,4,2022,2022,8,3,6,19,27,137,49,0,1,9,-33.901787,150.897476,24,0,2,1,1,0,0,0,2,0,7,50,1,2852,2852,4,5,5,2,0,1,0,0
1290254,2,2022,2022,8,3,6,178,27,189,101,0,1,9,-33.942304,151.054031,15,0,2,1,3,0,0,0,2,2,0,50,1,14295,14295,3,0,13,3,0,0,1,0
1290255,2,2022,2022,0,3,6,35,10,20,148,0,1,9,-34.220923,150.999581,80,0,2,1,1,0,3,0,2,0,15,60,2,2852,2852,4,5,19,2,0,0,1,0
1290257,4,2022,2022,0,5,6,2126,17,609,2149,0,1,10,-33.800536,150.903675,7,0,2,1,1,0,0,0,2,2,7,80,2,5929,5929,1,16,5,2,0,1,0,0
1290259,4,2022,2022,0,3,5,109,27,460,106,1,0,9,-33.83496,150.982052,21,0,2,1,1,0,0,0,2,0,0,60,1,3775,3775,0,0,5,2,0,2,0,1
1290260,1,2022,2022,0,2,9,296,27,187,293,0,1,10,-33.881886,150.977493,15,0,2,1,2,0,0,0,0,2,7,60,2,14295,14295,3,5,0,3,0,0,0,2
1290262,2,2022,2022,0,0,4,2261,17,30,2252,0,1,2,-34.805497,148.475946,30,1,0,1,3,0,0,0,2,0,7,110,2,4026,4026,1,3,0,2,0,0,1,0
1290263,1,2022,2022,0,4,8,3371,17,104,3342,0,1,9,-32.827967,151.684351,48,0,2,1,3,0,0,0,2,2,7,80,2,14295,14295,3,0,0,2,0,0,0,1
1290266,1,2022,2022,8,1,7,11,27,29,165,1,2,7,-33.978026,151.082724,25,0,2,1,3,0,0,0,2,0,0,40,1,14295,14295,3,0,36,2,0,0,0,1
1290267,1,2022,2022,8,6,9,308,14,323,311,0,1,3,-33.801071,150.853492,7,0,2,1,3,0,0,0,0,0,7,100,2,1391,1391,1,5,0,2,0,0,0,1
1290270,2,2022,2022,8,1,8,234,27,323,217,0,1,1,-33.747145,150.99381,71,0,2,0,3,0,3,4,2,0,7,60,2,1391,1391,1,5,5,2,0,0,1,0
1290272,1,2022,2022,8,1,10,110,27,95,173,0,1,7,-34.403126,150.891093,80,0,2,0,3,0,3,4,0,0,7,60,2,1282,1282,1,5,12,2,0,0,0,1
1290273,1,2022,2022,8,2,6,118,31,218,34609,0,1,10,-33.766864,150.774633,55,0,2,1,3,0,0,0,2,0,4,40,0,6545,6545,4,5,13,3,0,0,0,1
1290275,1,2022,2022,3,0,5,8,1,21,34609,0,1,1,-33.874592,151.236758,81,0,2,1,3,0,0,0,2,0,7,50,0,14295,14295,3,33,5,2,0,0,0,1
1290279,2,2022,2022,8,3,7,163,27,226,165,0,1,9,-33.76454,150.826581,7,0,2,1,3,0,0,0,2,0,0,60,1,150,150,4,5,0,2,0,0,1,1
1290281,2,2022,2022,8,5,8,45,27,304,96,0,1,9,-33.906417,151.158032,32,0,2,1,3,0,0,0,3,0,0,60,2,14295,14295,3,30,0,2,0,0,1,0
1290284,2,2022,2022,0,1,8,2261,17,284,2252,0,1,9,-33.905106,151.010638,15,0,2,1,2,0,0,0,0,0,0,70,2,926,926,4,0,40,2,0,0,1,0
1290285,2,2022,2022,8,2,9,1104,11,130,770,0,1,2,-33.872147,151.193699,69,0,2,1,0,0,3,0,0,0,7,60,2,14295,14295,3,5,0,3,0,0,1,0
1290286,2,2022,2022,3,2,3,115,27,138,114,0,1,2,-33.882818,151.269408,76,0,2,1,1,0,3,4,2,0,0,50,2,475,475,5,5,40,1,0,0,1,1
1290289,4,2022,2022,0,1,4,128,27,61,133,0,1,1,-33.775934,150.658065,55,0,2,0,0,0,0,0,2,0,7,80,2,4552,5151,8,29,40,1,0,1,0,0
1290293,2,2022,2022,8,3,1,177,31,314,208,0,1,1,-33.862123,150.940033,24,0,2,1,2,0,0,0,0,0,7,60,1,9859,9859,1,0,12,3,0,0,1,0
1290295,2,2022,2022,8,6,8,191,27,370,68,0,1,1,-34.057305,150.817027,13,0,2,1,1,0,0,0,2,0,7,60,1,5929,5929,1,0,5,2,0,0,1,0
1290300,2,2022,2022,8,0,6,78,27,31,61,0,1,1,-33.890687,151.022306,15,0,2,1,1,0,0,0,2,0,9,60,2,2040,2040,9,5,28,2,0,0,1,0
1290302,1,2022,2022,8,1,5,4,27,35,34609,0,1,9,-34.370737,150.909844,80,0,2,1,0,0,3,4,2,0,0,60,0,775,775,4,5,36,2,0,0,0,1
1290304,2,2022,2022,8,6,6,1,27,6,34609,0,1,1,-30.547768,152.739879,47,2,1,0,0,2,0,3,2,0,7,50,0,1089,1089,7,16,40,1,0,0,1,0
1290308,4,2022,2022,7,0,5,1,27,2,34609,0,1,1,-36.485362,149.967267,5,1,0,1,0,2,3,4,2,0,7,100,0,404,404,8,10,40,1,0,1,0,0
1290309,2,2022,2022,0,6,4,225,17,76,180,0,1,10,-34.553424,150.364548,78,2,1,1,1,0,0,3,2,0,15,50,2,6545,6545,4,10,36,2,0,0,1,0
1290315,2,2022,2021,11,4,8,9,23,4,34609,0,1,1,-33.068621,151.642295,37,0,2,1,1,0,0,0,2,0,7,50,0,323,323,1,16,0,3,0,0,1,1
1290316,2,2022,2022,0,0,8,78,31,253,34609,0,1,7,-33.971934,151.106204,25,0,2,1,2,0,3,0,0,0,0,50,0,1220,1220,9,5,28,2,0,0,1,0
1290318,4,2022,2022,8,4,9,3,27,147,34609,0,1,7,-33.872482,150.988403,15,0,2,1,0,0,0,0,0,0,0,50,0,1220,1220,9,0,26,2,0,1,0,0
1290319,4,2022,2022,7,5,4,59,10,14,231,0,1,1,-33.503703,151.385594,16,2,2,1,1,0,3,4,2,0,7,70,2,3775,3775,0,10,25,4,0,2,0,1
1290320,4,2022,2022,0,0,7,1052,14,83,928,0,1,3,-33.513113,151.192113,16,1,2,0,0,0,3,3,2,0,7,90,2,1282,1282,1,10,19,2,0,1,0,0
1290324,2,2022,2022,0,6,7,53,27,134,51,0,1,2,-33.52095,151.316764,16,2,2,1,0,0,0,0,2,0,9,60,1,591,591,1,22,13,2,0,0,1,0
1290325,2,2022,2022,0,6,8,515,14,189,518,0,1,6,-33.942293,151.053499,15,0,2,1,2,0,3,4,0,0,7,50,2,14295,14295,3,5,5,2,0,0,1,1