Crash ID,Degree of crash - detailed,Reporting year,Year of crash,Month of crash,Day of week of crash,Two-hour intervals,Street of crash,Street type,Town,Route no.,School zone location,School zone active,Type of location,Latitude,Longitude,LGA,Urbanisation,Conurbation 1,Alignment,Street lighting,Road surface,Surface condition,Weather,Natural lighting,Signals operation,Other traffic control,Speed limit,Road classification,RUM - code,DCA - code,First impact type,Key TU type,Other TU type,No. of traffic units involved,No. killed,No. seriously injured,No. moderately injured,No. minor-other injured
1290327,4,2022,2022,0,1,4,31,10,78,23,0,1,1,-33.435425,151.443382,16,2,2,0,1,0,0,0,2,0,7,50,1,1109,787,1,5,27,2,0,1,0,0
1290330,2,2022,2022,0,5,6,37,27,61,105,0,1,9,-33.886765,150.912064,24,0,2,1,0,0,0,0,2,0,7,60,1,395,395,1,22,5,2,0,0,1,0
1290331,2,2022,2022,0,1,4,3371,17,30,3342,0,1,2,-33.274466,151.429565,16,2,2,1,1,0,0,0,2,0,7,70,2,204,204,1,5,36,2,0,0,1,0
1290334,4,2022,2022,3,3,5,9,27,17,103,0,1,1,-28.579694,153.214507,39,2,1,0,0,0,3,4,2,0,7,80,1,1957,4009,8,16,40,1,0,1,0,1
1290369,2,2022,2022,3,0,3,308,14,323,311,0,1,3,-33.759837,150.959573,71,0,2,1,0,0,3,0,2,0,7,100,2,14295,14295,3,3,10,3,0,0,1,0
1290370,2,2022,2022,4,0,6,6,31,80,34609,0,1,10,-33.88409,151.165898,32,0,2,1,0,0,0,0,2,0,7,50,0,2040,2040,9,5,28,2,0,0,1,0
1290371,1,2022,2021,2,0,6,916,17,30,917,0,1,10,-31.074166,151.027815,70,1,0,1,0,0,0,0,2,0,0,100,2,6545,6545,4,5,2,2,0,0,0,2
1290372,2,2022,2022,3,6,6,102,31,107,53,0,1,9,-33.883471,151.198262,69,0,2,1,0,0,0,0,2,0,0,50,2,926,926,4,5,19,2,0,0,1,0
1290373,2,2022,2022,3,5,6,512,17,166,2149,0,1,7,-33.420261,149.565103,3,2,1,1,1,0,0,0,2,0,0,60,2,9859,9859,8,0,40,1,0,0,1,0
1290374,2,2022,2022,3,0,9,105,17,223,136,0,1,9,-33.79935,150.917147,7,0,2,1,2,0,0,0,2,0,7,60,2,3775,3775,0,5,10,3,0,0,1,0
1290376,4,2022,2022,7,3,7,8,31,92,34609,0,1,1,-33.876947,150.978348,24,0,2,1,0,0,0,0,2,0,7,50,0,5929,5929,1,5,5,4,0,1,0,0
1290378,2,2022,2022,7,0,8,44,31,75,34609,0,1,1,-33.883737,151.109903,9,0,2,1,1,0,3,4,3,0,7,50,0,1192,1192,1,5,27,2,0,0,1,0
1290379,2,2022,2021,2,0,8,11,31,198,34609,0,1,9,-33.910251,151.102446,15,0,2,1,1,0,0,0,2,0,7,40,0,2040,2040,9,33,28,2,0,0,1,0
1290380,2,2022,2022,3,1,10,53,36,19,34,0,1,1,-33.402895,148.409379,11,1,0,0,0,0,0,0,0,0,7,100,2,1850,1463,5,5,40,1,0,0,1,0
1290381,2,2022,2022,3,5,7,24,27,57,36,0,1,9,-33.584878,150.960651,71,0,2,0,3,0,3,4,2,0,7,70,1,3775,3775,0,5,12,2,0,0,1,0
1290383,2,2022,2022,3,4,10,113,27,113,111,0,1,1,-33.813129,150.775798,55,0,2,0,0,0,0,6,0,0,7,80,2,2585,4009,8,5,40,1,0,0,1,0
1290384,2,2022,2022,7,2,8,25,27,12,34609,0,1,10,-34.489591,150.766792,80,0,2,1,3,0,0,0,2,0,15,50,0,926,926,4,5,5,2,0,0,2,0
1290385,4,2022,2022,3,5,7,30,27,24,34609,0,1,1,-32.800599,151.40323,17,2,1,0,0,0,0,0,2,0,7,80,0,1850,1463,5,10,40,1,0,1,0,0
1290386,4,2022,2022,7,5,7,10,10,154,34609,0,1,7,-33.722691,150.956135,71,0,2,1,1,0,3,4,2,0,0,50,0,926,926,4,16,0,2,0,1,0,0
1290387,4,2022,2022,0,1,7,6,27,77,34609,0,1,1,-30.336984,149.600118,51,1,0,1,1,0,0,0,2,0,7,100,0,475,475,5,0,40,1,0,1,0,0
1290388,2,2022,2022,7,6,9,11,1,77,34609,0,1,1,-32.557541,151.178712,64,2,1,0,1,0,0,0,3,0,7,50,0,4552,5151,1,0,0,2,0,0,1,0
1290389,2,2022,2022,0,5,7,8,31,68,20,0,1,1,-33.704198,149.857625,51,2,1,1,1,0,0,0,2,0,7,50,2,9859,9859,1,0,0,4,0,0,1,0
1290390,2,2022,2022,0,5,8,866,17,278,793,0,1,2,-33.775824,151.051315,54,0,2,1,1,0,0,0,2,0,7,60,2,591,591,1,22,0,2,0,0,1,0
1290391,1,2022,2022,7,2,11,69,13,121,34609,0,1,1,-33.799322,151.284557,50,0,2,1,2,0,0,0,0,0,7,30,0,312,312,2,10,40,1,0,0,0,1
1290392,2,2022,2022,7,6,7,127,27,182,169,0,1,1,-32.830065,151.360098,17,2,1,1,1,0,0,0,2,0,7,60,2,1109,787,1,0,10,2,0,0,1,0
1290393,4,2022,2022,3,3,5,22,27,59,34609,0,1,9,-33.163605,151.39671,37,0,2,0,0,2,0,0,2,0,7,60,0,4552,5151,8,16,40,1,0,1,0,0
1290394,4,2022,2022,3,0,8,8,1,13,34609,0,1,1,-35.780912,150.211672,23,2,1,0,0,0,0,0,2,0,7,70,0,4552,5151,8,10,40,1,0,1,0,0
1290395,4,2022,2022,3,2,11,4,18,43,34609,0,1,1,-32.820232,151.859487,57,2,1,1,0,2,0,0,0,0,7,60,0,475,475,5,23,40,1,0,1,0,0
1290398,4,2022,2022,7,3,6,51,27,69,63,0,1,9,-34.552772,150.858744,62,0,2,1,1,0,0,0,2,0,2,70,2,775,775,4,22,0,2,0,1,0,0
1290399,1,2022,2022,3,3,5,84,10,6,80,0,1,10,-34.300798,150.9389,80,0,2,1,0,0,0,0,2,0,15,50,2,1669,1669,3,16,0,2,0,0,0,1
1290400,2,2022,2022,3,3,4,1104,11,130,770,0,1,6,-33.874491,151.197857,69,0,2,0,0,0,3,3,2,0,7,60,2,1259,5151,8,10,40,1,0,0,1,0
1290401,2,2022,2022,0,2,3,916,17,172,917,0,1,2,-32.747334,151.582038,42,2,1,1,0,0,0,0,2,0,7,60,2,9859,9859,8,5,40,1,0,0,1,0
1290402,4,2022,2022,7,2,6,46,31,62,34609,0,1,1,-33.891692,151.13705,32,0,2,1,1,0,0,0,2,0,9,40,0,2040,2040,9,5,28,2,0,1,0,0
1290403,2,2022,2022,7,4,4,280,10,46,240,0,1,10,-33.880535,150.966509,24,0,2,1,1,0,3,4,2,2,7,60,2,3775,3775,0,5,25,3,0,0,1,0
1290404,4,2022,2022,3,5,8,1104,14,223,962,0,1,3,-33.806428,150.924596,7,0,2,1,1,0,0,0,2,0,7,100,2,1391,1391,1,10,12,7,0,1,1,0
1290405,1,2022,2022,7,5,6,5,27,197,22,0,1,9,-33.801143,151.119987,61,0,2,1,1,0,0,0,2,0,15,60,1,1220,1220,9,5,28,2,0,0,0,1
1290406,4,2022,2022,7,2,7,41,27,14,24,0,1,9,-33.957819,151.223697,59,0,2,1,1,0,0,0,2,1,7,60,2,14295,14295,3,30,5,3,0,1,0,1
1290407,2,2022,2022,7,6,3,29,31,56,34609,0,1,1,-31.4639,152.732906,56,2,1,1,1,0,0,0,2,0,7,50,0,9859,9859,1,21,11,2,0,0,1,0
1290408,1,2022,2021,2,6,7,91,27,119,187,0,1,9,-33.870992,151.173084,32,0,2,1,1,0,0,0,2,2,7,70,2,14295,14295,3,15,12,2,0,0,0,1
1290409,2,2022,2022,8,1,7,193,27,37,133,0,1,1,-33.874074,150.689352,55,0,2,1,1,0,0,0,2,0,7,60,2,9859,9859,8,9,40,1,0,0,1,0
1290412,4,2022,2022,0,2,6,4,27,247,34609,1,0,9,-33.818423,150.951758,21,0,2,1,1,0,0,0,2,2,7,50,0,5929,5929,1,5,12,2,0,1,0,0
1290413,4,2022,2022,3,3,8,348,17,32,232,0,1,9,-32.369441,149.531939,44,2,1,1,1,0,0,0,2,0,0,50,2,9859,9859,8,30,40,1,0,1,0,0
1290414,4,2022,2022,3,3,5,6,4,293,34609,0,1,10,-33.948896,151.24309,59,0,2,1,1,0,0,0,2,0,0,50,0,323,323,1,15,5,2,0,1,0,0
1290416,2,2022,2022,0,0,11,31,24,18,36,1,0,9,-33.747,151.114414,36,0,2,0,3,0,3,4,0,0,7,60,1,4552,5151,8,5,40,1,0,0,1,0
1290417,2,2022,2022,0,5,11,73,27,443,78,1,0,1,-33.905899,151.050813,15,0,2,1,2,0,0,3,0,0,7,60,2,1981,1981,4,5,12,2,0,0,1,0
1290418,4,2022,2022,0,6,6,3,27,9,34609,0,1,1,-32.342057,151.973284,43,2,1,0,0,2,0,0,2,0,7,80,0,1259,5151,8,10,40,1,0,1,0,0
1290419,2,2022,2022,7,6,6,168,17,14,212,0,1,1,-35.277418,149.690446,58,1,0,0,3,0,3,4,2,0,7,100,2,1259,5151,8,9,40,1,0,0,1,0
1290420,2,2022,2022,7,6,8,10,27,161,115,0,1,1,-33.744395,151.166573,36,0,2,0,3,0,0,0,3,0,7,60,1,4552,5151,8,30,40,1,0,0,1,0
1290422,2,2022,2022,0,5,10,59,31,107,321,0,1,10,-33.874975,151.196972,69,0,2,1,2,0,0,0,0,2,7,50,2,2040,2040,9,5,28,2,0,0,1,0
1290423,4,2022,2022,7,6,8,24,27,15,41,0,1,1,-28.938896,153.216905,60,1,0,0,0,0,3,4,3,0,7,100,1,3775,3775,0,0,5,2,0,1,0,1
1290424,1,2022,2022,7,1,4,3371,17,77,3342,0,1,1,-32.942739,151.740624,48,0,2,0,1,0,0,0,2,0,7,70,2,14295,14295,3,15,36,2,0,0,0,1
1290425,1,2022,2022,3,2,1,195,27,89,186,0,1,7,-33.861671,150.872345,24,0,2,1,2,0,0,0,0,0,0,70,2,14295,14295,3,10,5,2,0,0,0,1
1290429,4,2022,2022,0,5,6,4,27,12,34609,0,1,1,-30.310843,151.672054,1,1,0,1,0,0,0,0,2,0,7,100,0,4026,4026,8,5,40,1,0,1,0,2
1290430,2,2022,2022,7,5,4,1052,14,207,928,0,1,3,-33.552135,151.19294,31,0,2,0,3,0,3,4,2,0,7,110,2,418,714,5,9,40,1,0,0,1,0
1290432,1,2022,2022,7,1,8,30,31,283,34609,0,1,7,-33.841404,151.01062,21,0,2,1,1,0,0,0,2,0,0,50,0,2040,2040,9,5,28,2,0,0,0,1
1290433,2,2022,2022,7,0,5,19,31,234,34609,0,1,10,-34.289356,146.03508,28,2,1,1,1,0,0,0,2,0,0,50,0,6545,6545,4,5,10,2,0,0,1,0
1290436,2,2022,2022,3,3,6,1,27,1,34609,0,1,1,-28.646501,152.612012,51,2,1,0,0,2,0,0,2,0,7,40,0,782,957,5,0,40,1,0,0,1,0
1290437,2,2022,2022,3,5,6,1,31,62,14,0,1,9,-33.892906,151.145006,32,0,2,1,3,0,3,4,2,0,7,50,1,4026,4026,1,9,36,5,0,0,1,0
1290438,2,2022,2022,0,3,8,165,31,166,34609,0,1,7,-33.419705,149.574334,3,2,1,1,0,0,0,0,2,0,0,50,0,6545,6545,4,5,5,4,0,0,2,0
1290439,2,2022,2022,4,3,0,6,27,160,34609,0,1,1,-33.105999,151.50709,37,0,2,0,2,0,0,0,0,0,7,60,0,1259,5151,8,0,40,1,0,0,1,0
1290440,1,2022,2022,3,3,5,3371,17,85,3342,0,1,9,-33.733032,151.126855,36,0,2,0,3,0,0,0,2,2,7,60,2,14295,14295,3,9,36,4,0,0,0,2
1290441,2,2022,2022,7,3,0,2209,17,204,2205,0,1,10,-33.939166,151.147863,4,0,2,1,2,0,3,3,0,2,7,60,2,6545,6545,4,5,0,3,0,0,1,1
1290442,4,2022,2022,7,2,4,2,31,387,34609,0,1,7,-33.932399,151.195258,4,0,2,1,1,0,0,0,2,0,0,50,0,6545,6545,4,5,18,2,0,1,0,0
1290443,2,2022,2022,0,3,6,28,27,16,62,0,1,1,-36.724974,149.90741,5,2,1,0,0,0,3,3,2,0,7,80,1,4552,5151,8,0,40,1,0,0,1,0
1290444,2,2022,2022,0,1,6,63,31,562,34609,0,1,9,-32.241874,148.625027,22,2,1,1,0,0,0,0,2,0,0,50,0,2852,2852,4,5,5,2,0,0,1,0
1290446,2,2022,2022,7,0,5,293,31,562,34609,0,1,7,-32.249169,148.600953,22,2,1,1,0,0,0,0,2,0,0,50,0,1220,1220,9,0,28,2,0,0,1,0
1290447,2,2022,2022,7,1,3,485,27,50,769,0,1,9,-33.631633,150.843904,29,2,2,1,1,0,3,3,2,2,7,80,2,5929,5929,1,0,0,2,0,0,1,0
1290448,4,2022,2022,0,3,8,1,18,13,34609,0,1,1,-33.385977,148.706034,11,1,0,1,0,2,0,0,3,0,7,100,0,1945,1945,5,33,40,1,0,2,1,0
1290451,2,2022,2022,0,4,6,177,22,239,176,0,1,10,-34.037507,151.118171,68,0,2,1,3,0,0,0,2,2,9,60,2,2040,2040,9,5,28,2,0,0,1,0
1290457,2,2022,2022,0,2,7,26,10,13,26,0,1,1,-36.827416,149.89906,5,2,1,0,0,0,3,4,2,0,7,80,1,1259,5151,8,30,40,1,0,0,2,1
1290458,4,2022,2022,7,1,8,161,17,13,161,0,1,1,-36.635776,149.776792,5,1,0,0,1,0,0,0,2,0,7,100,2,4552,5151,8,8,40,1,0,1,0,0
1290467,2,2022,2022,8,6,7,145,31,532,34609,0,1,10,-33.863616,151.208943,69,0,2,1,3,0,3,4,2,2,7,40,0,312,312,2,5,40,1,0,0,1,0
1290471,2,2022,2022,0,0,8,57,27,16,126,0,1,1,-32.751058,151.728823,57,2,1,1,3,0,0,0,3,0,7,80,2,14295,14295,3,10,0,5,0,0,1,0
1290474,2,2022,2022,8,4,11,13,27,3,34609,0,1,1,-31.436318,152.706385,56,2,1,0,3,0,3,4,0,0,7,80,0,2585,4009,8,10,40,1,0,0,1,0
1290479,1,2022,2022,8,1,6,13,27,173,12,0,1,7,-33.72767,151.114323,36,0,2,1,3,0,3,4,2,0,0,50,1,6545,6545,4,0,5,2,0,0,0,1
1290480,2,2022,2022,7,4,2,10,27,14,34609,0,1,9,-31.158079,150.864309,70,1,0,0,0,0,0,0,0,0,7,100,0,4552,5151,8,0,40,1,0,0,1,0
1290482,2,2022,2022,7,0,8,84,10,6,80,0,1,1,-34.249972,150.975203,80,0,2,0,0,0,3,4,2,0,7,60,2,4552,5151,8,5,40,1,0,0,1,0
1290484,2,2022,2022,0,3,8,79,31,562,34609,0,1,1,-32.247408,148.606287,22,2,1,1,0,0,0,0,2,0,7,50,0,941,941,1,5,5,2,0,0,2,0
1290485,2,2022,2022,7,4,3,8,27,24,34609,0,1,1,-28.813084,153.366654,39,2,1,1,0,0,3,0,2,0,7,80,0,945,945,5,22,40,2,0,0,1,1
1290486,2,2022,2022,8,5,6,84,27,60,32,0,1,9,-33.827175,151.137968,51,0,2,0,3,0,0,0,2,0,0,60,1,28,28,1,34,0,2,0,0,1,0
1290487,1,2022,2022,8,2,6,14,31,215,34609,0,1,10,-35.113981,147.369744,75,2,1,1,3,0,3,3,2,2,7,50,0,14295,14295,3,5,36,3,0,0,0,2
1290490,1,2022,2022,8,4,3,171,27,29,369,0,1,9,-33.722157,150.722528,55,0,2,1,3,0,3,4,1,2,7,70,2,14295,14295,3,30,13,3,0,0,0,1
1290491,2,2022,2022,3,5,6,12,27,137,34609,0,1,10,-33.918409,151.205045,69,0,2,1,1,0,0,0,2,0,15,40,0,6545,6545,4,10,5,2,0,0,1,0
1290493,4,2022,2022,0,5,8,1,27,32,34609,0,1,1,-32.340781,149.534155,44,1,0,1,0,0,0,0,3,0,7,100,0,9859,9859,8,5,40,1,0,1,0,0
1290496,4,2022,2022,0,0,0,91,27,139,187,0,1,2,-33.87218,151.149862,32,0,2,1,2,0,0,0,0,0,7,60,2,3775,3775,0,0,0,2,0,2,1,1
1290498,4,2022,2022,0,4,7,5,18,6,34609,0,1,1,-36.744232,149.719953,5,1,0,0,0,2,3,4,2,0,7,100,0,1850,1463,5,16,40,1,0,1,0,0
1290499,4,2022,2022,0,2,6,5,27,1,34609,0,1,1,-31.748321,151.535309,43,2,1,1,0,2,0,0,2,0,7,50,0,1945,1945,5,16,40,1,0,1,0,0
1290501,1,2022,2022,4,5,5,205,27,147,415,0,1,9,-33.738598,151.1523,36,0,2,1,3,0,0,0,2,3,7,60,2,515,515,1,0,5,2,0,0,0,1
1290502,1,2022,2022,8,3,4,1,31,136,34609,0,1,10,-32.933149,151.70763,48,0,2,1,3,0,0,0,2,0,7,50,0,6545,6545,4,5,0,2,0,0,0,1
1290504,1,2022,2022,0,4,4,515,14,387,518,0,1,3,-33.94674,151.168787,4,0,2,0,3,0,0,0,2,0,7,80,2,14295,14295,3,0,5,2,0,0,0,1
1290505,1,2022,2022,8,5,10,3371,17,147,3342,0,1,9,-33.749203,151.145969,36,0,2,1,3,0,0,0,4,2,7,60,2,1282,1282,1,0,0,2,0,0,0,1
1290506,1,2022,2022,0,2,5,123,27,316,120,0,1,10,-33.906966,151.252178,59,0,2,1,3,0,3,4,2,2,7,50,2,14295,14295,3,5,36,2,0,0,0,1
1290508,4,2022,2022,0,3,8,296,27,187,293,0,1,9,-33.886043,150.975104,24,0,2,1,3,0,0,0,2,2,7,60,2,5929,5929,1,5,5,2,0,1,0,0
1290509,1,2022,2022,0,6,5,69,31,445,59,0,1,7,-33.86665,151.047501,21,0,2,1,3,0,0,0,2,0,0,60,1,6545,6545,4,5,5,2,0,0,0,1
1290511,1,2022,2022,0,5,8,43,31,136,117,0,1,2,-32.920389,151.702415,48,0,2,0,3,0,0,0,2,0,7,60,2,1282,1282,1,0,13,2,0,0,0,1
1290513,1,2022,2022,0,0,9,229,14,98,237,0,1,3,-33.75852,151.051323,54,0,2,1,3,0,0,0,0,0,7,100,2,14295,14295,3,0,0,2,0,0,0,2
1290515,2,2022,2022,8,6,1,55,27,96,160,0,1,10,-34.049849,150.836806,13,0,2,1,3,0,3,4,0,2,7,60,2,6545,6545,4,5,10,2,0,0,1,0
1290518,1,2022,2022,8,0,7,7,31,128,34609,0,1,7,-33.627626,150.799594,29,2,2,1,3,0,0,0,2,0,0,50,0,6545,6545,4,5,13,2,0,0,0,1
1290520,1,2022,2022,8,4,3,361,32,62,96,0,1,9,-33.89408,151.149844,32,0,2,1,3,0,0,0,1,2,7,60,2,5929,5929,1,5,5,2,0,0,0,1
1290528,1,2022,2022,7,6,7,168,10,387,260,0,1,9,-33.935855,151.192847,4,0,2,1,3,0,0,3,2,3,7,70,2,1391,1391,1,5,5,2,0,0,0,1
1290529,4,2022,2022,7,5,7,10,27,3,12,0,1,1,-30.636617,147.499765,51,1,0,1,3,0,0,0,2,0,7,100,1,1089,1089,7,16,40,1,0,1,0,0
1290531,1,2022,2022,0,0,4,16,27,62,34609,0,1,1,-33.753421,151.252708,50,0,2,1,3,0,3,3,2,0,7,50,0,3775,3775,0,0,5,2,0,0,0,1
1290535,2,2022,2022,8,5,9,105,31,69,34609,0,1,1,-33.82382,151.019761,54,0,2,1,3,0,0,0,0,0,7,50,0,1391,1391,1,5,0,2,0,0,1,0
1290536,1,2022,2022,8,1,9,296,27,41,293,0,1,9,-33.864141,150.9904,24,0,2,1,3,0,3,4,2,0,7,70,2,14295,14295,3,0,13,2,0,0,0,1
1290537,2,2022,2022,8,4,7,123,27,316,25,0,1,9,-33.916839,151.248835,59,0,2,1,3,0,0,0,2,0,0,50,1,14295,14295,3,0,5,2,0,0,1,0
1290538,2,2022,2022,8,6,4,478,17,128,480,0,1,10,-33.427079,151.327225,16,2,2,1,3,0,0,0,2,0,7,70,2,14295,14295,3,10,5,2,0,0,1,0
1290541,2,2022,2022,0,2,3,76,23,169,34609,1,0,2,-33.772187,150.839633,7,0,2,1,0,0,0,0,2,0,7,50,0,4026,4026,8,5,40,1,0,0,1,0
1290549,2,2022,2022,8,5,7,205,27,161,415,0,1,2,-33.707574,151.186276,36,0,2,1,1,0,0,0,2,0,7,90,2,190,190,1,22,22,2,0,0,1,0
1290552,2,2022,2022,0,4,9,59,27,35,53,0,1,1,-34.170203,150.712849,79,2,2,0,0,0,3,3,2,0,7,80,1,1957,4009,8,30,40,1,0,0,1,0
1290555,4,2022,2022,8,6,4,125,27,38,144,0,1,9,-32.788757,151.907178,57,2,1,1,1,0,0,3,2,0,6,80,2,1282,1282,1,8,5,2,0,1,0,0
1290561,2,2022,2022,3,1,8,5,27,138,30,0,1,1,-33.873137,151.259929,81,0,2,1,1,0,3,3,2,0,7,50,1,941,941,1,5,19,2,0,0,1,0
1290564,4,2022,2022,0,6,8,3,27,29,34609,0,1,9,-31.791197,152.652537,43,2,1,0,0,0,0,3,3,0,0,60,0,5929,5929,1,5,35,2,0,1,0,0
1290565,2,2022,2022,7,2,5,3371,17,139,3342,0,1,0,-33.837177,151.209831,49,0,2,0,1,0,3,3,2,0,7,40,2,1850,1463,5,15,40,1,0,0,1,0
1290566,2,2022,2022,0,2,6,31,27,127,96,0,1,9,-33.898903,151.153579,32,0,2,1,3,0,0,0,2,0,7,60,2,14295,14295,3,5,18,2,0,0,2,0
1290572,1,2022,2022,8,2,6,2126,17,104,2149,0,1,10,-33.833455,151.018618,54,0,2,1,3,0,0,0,2,2,7,60,2,14295,14295,3,5,36,3,0,0,0,1
1290574,2,2022,2022,8,0,4,68,31,128,7,0,1,7,-33.618235,150.810229,29,2,2,1,3,0,3,4,2,0,0,50,1,14295,14295,3,5,5,2,0,0,1,0
1290576,1,2022,2022,0,6,7,15,27,133,34609,0,1,9,-34.484327,150.803776,80,0,2,1,3,0,3,4,2,0,7,60,0,395,395,1,30,5,2,0,0,0,1
1290577,1,2022,2022,0,4,7,1104,14,142,962,0,1,3,-33.827058,151.003627,54,0,2,1,3,0,0,0,2,0,7,90,2,14295,14295,3,5,5,2,0,0,0,1
1290578,1,2022,2022,8,4,8,2,27,81,34609,0,1,1,-33.881795,151.26339,81,0,2,1,3,0,0,0,3,0,7,50,0,1391,1391,1,10,5,2,0,0,0,1
1290584,2,2022,2022,4,1,9,6,27,8,34609,0,1,1,-34.233155,150.549706,79,2,2,1,3,0,0,0,0,0,7,60,0,9859,9859,8,5,40,1,0,0,1,0
1290587,1,2022,2022,8,5,8,171,1,387,104,0,1,2,-33.934562,151.194619,4,0,2,1,3,0,0,0,3,0,7,60,2,14295,14295,3,5,5,2,0,0,0,1
1290590,2,2022,2022,0,0,8,7,31,179,34609,0,1,1,-31.914339,152.46,43,2,1,1,2,0,0,0,3,0,7,50,0,1282,1282,1,5,40,1,0,0,1,0
1290593,2,2022,2022,0,1,0,35,27,145,34609,0,1,2,-33.924468,151.129555,15,0,2,0,2,0,0,0,0,0,8,50,0,1259,5151,8,30,40,1,0,0,1,0
1290598,2,2022,2022,7,6,8,4,27,147,34609,0,1,7,-33.864389,151.137014,14,0,2,1,1,0,0,0,2,0,0,50,0,14295,14295,3,5,19,2,0,0,1,0
1290599,2,2022,2022,0,6,8,3371,17,35,3342,0,1,9,-29.919275,153.070378,18,1,0,0,2,0,0,0,3,0,7,110,2,2585,4009,8,5,40,1,0,0,1,0
1290600,2,2022,2022,0,5,7,1104,14,142,962,0,1,3,-33.827458,151.003748,21,0,2,1,0,0,0,0,2,0,7,60,2,1383,1383,1,5,19,2,0,0,1,0
1290603,4,2022,2022,0,4,10,41,27,55,34609,0,1,2,-33.377968,151.460834,16,2,2,0,2,0,3,4,0,0,7,50,0,273,957,5,5,40,1,0,1,0,1
1290604,4,2022,2022,0,5,6,866,17,174,793,0,1,10,-33.873744,150.925745,24,0,2,1,0,0,0,0,2,2,7,70,2,6545,6545,4,5,5,2,0,1,1,0
1290606,1,2022,2022,3,4,0,1,18,35,34609,0,1,1,-34.36292,150.912861,80,0,2,1,1,0,0,0,0,0,7,50,0,1945,1945,5,22,40,1,0,0,0,1
1290607,4,2022,2022,7,3,7,60,27,40,167,1,0,2,-34.019971,151.121753,68,0,2,1,0,0,0,0,2,0,7,70,2,14295,14295,3,16,5,2,0,1,0,0
1290608,2,2022,2022,7,4,8,171,27,60,369,0,1,2,-34.036532,150.733614,12,0,2,0,1,0,0,3,2,0,7,60,2,1383,1383,1,9,5,2,0,0,1,0
1290610,1,2022,2022,7,4,7,294,17,11,288,0,1,1,-34.664324,144.162312,51,1,0,1,0,0,0,0,2,0,7,110,2,1945,1945,5,8,40,1,0,0,0,1
1290611,4,2022,2022,0,6,8,45,27,134,40,0,1,9,-33.685726,150.849833,7,0,2,1,0,0,3,4,2,0,7,60,2,1669,1669,3,8,5,4,0,1,1,0
1290612,2,2022,2022,0,2,11,475,10,100,268,0,1,9,-33.890597,150.884976,24,0,2,1,2,0,3,0,0,2,7,70,2,14295,14295,3,9,5,3,0,0,2,0
1290613,1,2022,2022,8,4,7,3,31,15,34609,0,1,10,-32.936457,151.757343,48,0,2,1,3,0,3,4,2,0,0,40,0,6545,6545,4,0,19,2,0,0,0,1
1290614,2,2022,2022,0,2,3,14,27,17,34609,1,0,1,-33.343465,151.42411,16,2,2,0,0,0,0,3,2,0,7,50,0,4552,5151,8,5,40,1,0,0,1,0
1290625,1,2022,2022,0,0,4,109,27,95,382,0,1,9,-33.737844,150.844065,7,0,2,1,3,0,0,3,2,2,7,60,2,14295,14295,3,5,0,3,0,0,0,1
1290628,1,2022,2022,8,2,7,361,32,460,42,0,1,9,-33.845257,150.991013,21,0,2,1,1,0,0,0,2,0,0,50,1,623,623,3,33,19,2,0,0,0,1
1290630,2,2022,2022,8,2,6,294,17,56,288,0,1,1,-35.121726,147.388982,75,2,1,1,1,0,0,3,2,0,7,60,2,1669,1669,3,30,0,2,0,0,1,0
1290634,2,2022,2022,7,6,10,67,27,165,78,0,1,9,-33.856683,151.146043,14,0,2,1,2,0,0,0,0,0,7,50,2,1220,1220,9,0,28,2,0,0,1,0
1290635,2,2022,2022,8,2,6,51,27,85,34609,0,1,10,-33.910862,150.875153,41,0,2,1,3,0,0,0,2,2,7,50,0,5929,5929,1,5,0,2,0,0,1,0
1290638,2,2022,2022,3,0,3,103,27,4,33,0,1,1,-32.594853,151.146725,64,1,0,0,3,0,0,0,2,0,7,100,1,4552,5151,8,0,40,1,0,0,1,0
1290640,2,2022,2022,0,3,8,120,36,12,148,0,1,1,-30.526989,151.936542,1,1,0,0,3,0,0,0,2,0,7,100,2,2585,4009,8,5,40,1,0,0,1,0
1290642,1,2022,2022,8,4,8,829,1,337,35,0,1,7,-33.73214,150.980195,71,0,2,1,3,0,0,3,2,0,0,50,1,1109,397,1,5,0,2,0,0,0,1
1290644,2,2022,2022,8,5,5,866,17,278,793,0,1,9,-33.784571,151.04375,54,0,2,0,3,0,0,0,2,2,7,60,2,2852,2852,4,5,0,2,0,0,1,0
1290646,2,2022,2022,7,4,6,11,27,6,34609,0,1,1,-37.225338,149.766867,5,1,0,0,0,0,3,4,2,0,7,100,0,2585,4009,8,10,40,1,0,0,1,0
1290649,4,2022,2022,4,2,7,5,25,57,34609,0,1,1,-33.353392,151.442921,16,2,2,1,1,0,0,0,2,0,7,50,0,1945,1945,5,16,40,1,0,1,0,0
1290651,2,2022,2022,0,3,6,2209,17,70,2205,0,1,10,-34.023799,151.089037,68,0,2,1,0,0,0,0,2,2,7,70,2,14295,14295,3,5,19,2,0,0,1,0
1290653,4,2022,2022,0,3,4,2,10,154,34609,0,1,9,-33.706728,150.980051,71,0,2,1,1,0,0,0,2,0,0,50,0,2585,777,1,5,0,2,0,1,0,0
1290656,1,2022,2022,7,6,11,58,27,81,34609,0,1,1,-33.88204,151.250879,81,0,2,0,2,0,0,0,0,0,7,50,0,2585,4009,1,0,12,2,0,0,0,2
1290658,2,2022,2022,8,5,5,1,27,1,34609,0,1,1,-32.987303,149.344841,44,1,0,0,0,2,0,0,2,0,7,100,0,1957,4009,8,8,40,1,0,0,2,0