Crash ID,Degree of crash - detailed,Reporting year,Year of crash,Month of crash,Day of week of crash,Two-hour intervals,Street of crash,Street type,Town,Route no.,School zone location,School zone active,Type of location,Latitude,Longitude,LGA,Urbanisation,Conurbation 1,Alignment,Street lighting,Road surface,Surface condition,Weather,Natural lighting,Signals operation,Other traffic control,Speed limit,Road classification,RUM - code,DCA - code,First impact type,Key TU type,Other TU type,No. of traffic units involved,No. killed,No. seriously injured,No. moderately injured,No. minor-other injured
1290659,2,2022,2022,3,6,7,42,31,150,34609,0,1,10,-33.920152,151.231748,59,0,2,1,0,0,0,0,2,0,15,50,0,6545,6545,4,0,5,2,0,0,1,0
1290661,2,2022,2022,8,1,5,162,31,65,122,0,1,10,-34.484387,150.88741,80,0,2,1,1,0,0,0,2,0,15,60,2,1220,1220,9,10,28,2,0,0,1,0
1290662,2,2022,2022,8,1,8,2,27,194,34609,0,1,10,-30.527995,151.653031,1,2,1,1,0,0,0,0,2,0,0,50,0,775,775,4,0,13,2,0,0,1,2
1290663,2,2022,2022,3,2,1,478,17,50,480,0,1,1,-33.25487,151.560939,16,2,2,1,2,0,0,0,0,0,7,80,2,4026,4026,8,5,40,1,0,0,1,1
1290665,4,2022,2022,0,2,2,104,27,443,702,0,1,9,-33.891193,151.066893,15,0,2,1,2,0,0,0,1,0,7,70,2,1220,1220,9,5,28,2,0,1,0,0
1290668,4,2022,2022,8,4,9,280,10,46,240,1,0,10,-33.886613,150.967938,24,0,2,0,2,0,3,4,0,2,7,60,2,5929,5929,1,21,5,2,0,1,1,0
1290672,2,2022,2022,8,6,1,102,31,139,187,0,1,10,-33.875225,151.134613,32,0,2,1,2,0,0,0,0,2,7,60,2,6545,6545,4,33,0,2,0,0,1,0
1290675,2,2022,2022,8,6,5,39,31,246,99,0,1,10,-33.901753,151.200142,69,0,2,1,3,0,3,3,2,2,7,50,2,6545,6545,4,9,5,2,0,0,1,1
1290676,1,2022,2022,0,5,7,168,17,32,212,0,1,7,-35.345591,149.26961,58,2,1,0,3,0,0,0,2,0,0,80,2,14295,14295,3,10,5,2,0,0,0,1
1290679,1,2022,2022,4,5,6,51,1,63,34609,0,1,7,-33.924509,151.211161,4,0,2,1,3,0,0,0,2,0,0,40,0,4552,985,8,0,40,1,0,0,0,1
1290681,1,2022,2022,8,2,7,30,10,19,30,0,1,9,-33.27064,151.221887,16,1,2,0,3,0,0,0,2,0,0,100,1,623,623,3,5,5,3,0,0,0,1
1290687,2,2022,2022,7,5,6,2,25,147,34609,0,1,1,-33.872213,151.007096,21,0,2,1,3,0,0,0,2,0,7,50,0,1391,1391,1,8,5,2,0,0,1,0
1290688,2,2022,2022,0,1,11,2261,17,187,2252,0,1,10,-33.889499,150.97312,24,0,2,1,3,0,3,0,0,2,7,70,2,14295,14295,3,10,5,2,0,0,1,0
1290697,4,2022,2022,4,4,8,1,27,1,34609,0,1,1,-34.295408,149.628056,74,1,0,0,3,0,0,0,2,0,7,100,0,380,714,5,10,40,1,0,1,0,0
1290698,2,2022,2022,0,6,10,117,27,78,144,0,1,10,-33.858415,151.092258,14,0,2,1,2,0,0,0,0,2,7,60,2,5929,5929,1,5,5,2,0,0,1,0
1290700,4,2022,2022,7,4,4,8,27,36,34609,0,1,1,-32.960149,151.599285,37,0,2,0,0,0,3,4,2,0,7,50,0,3775,3775,0,0,0,2,0,2,0,0
1290703,1,2022,2022,8,4,7,5,31,234,34609,0,1,9,-34.280358,146.076981,28,2,1,1,1,0,3,4,2,0,7,50,0,9859,9859,8,0,40,1,0,0,0,1
1290709,1,2022,2022,7,6,4,15,31,64,34609,0,1,9,-33.894664,151.085596,67,0,2,1,0,0,0,0,2,0,7,50,0,6545,6545,4,0,5,2,0,0,0,1
1290711,2,2022,2022,0,1,0,2,31,169,34609,0,1,1,-33.780236,150.83812,7,0,2,0,2,0,0,0,0,0,7,50,0,4552,5151,1,21,36,3,0,0,2,0
1290715,2,2022,2022,0,2,7,82,31,179,369,1,0,9,-33.752769,150.713153,55,0,2,1,1,0,0,0,2,0,2,70,2,1220,1220,9,5,28,2,0,0,1,0
1290722,4,2022,2022,8,6,7,27,31,107,157,0,1,10,-29.686441,152.937265,18,2,1,1,2,0,0,0,2,0,7,50,2,1220,1220,9,10,26,2,0,1,0,0
1290723,2,2022,2022,8,2,5,51,1,117,34609,0,1,9,-28.178048,153.546066,72,2,1,1,0,0,0,0,2,0,7,50,0,5929,5929,1,5,27,2,0,0,1,0
1290726,2,2022,2022,8,2,11,4,2,67,34609,0,1,1,-33.713521,150.911242,7,0,2,1,2,0,0,0,0,0,7,50,0,4026,4026,8,10,40,2,0,0,1,0
1290728,2,2022,2022,0,5,9,13,27,89,34609,0,1,9,-33.378727,151.471252,16,2,2,1,2,0,3,4,0,2,7,60,0,5929,5929,1,5,5,3,0,0,2,2
1290729,4,2022,2022,0,5,6,8,27,21,34609,0,1,1,-33.876613,151.23187,81,0,2,1,1,0,0,0,2,0,7,60,0,1220,1220,9,0,28,2,0,1,0,0
1290730,1,2022,2022,8,6,4,5,27,1,34609,0,1,1,-32.724233,151.695954,57,2,1,0,1,0,3,4,2,0,7,70,0,3775,3775,0,5,5,3,0,0,0,1
1290731,2,2022,2022,7,6,3,829,27,165,770,0,1,2,-33.8472,151.15183,14,0,2,1,0,0,0,0,2,0,7,60,2,1383,1383,1,5,5,5,0,0,1,0
1290735,2,2022,2022,8,6,2,2261,17,523,2252,0,1,10,-33.921919,150.919031,41,0,2,1,2,0,3,4,0,2,7,60,2,6545,6545,4,10,22,2,0,0,3,0
1290736,4,2022,2022,8,5,7,1052,14,87,928,0,1,3,-33.083469,151.474276,37,0,2,1,0,0,0,0,2,0,7,110,2,1282,1282,1,3,25,2,0,1,0,1
1290746,4,2022,2022,0,2,9,10,1,100,34609,0,1,2,-33.886113,150.887374,24,0,2,1,2,0,0,0,0,0,9,50,0,1220,1220,9,0,28,2,0,1,0,0
1290747,4,2022,2022,7,6,4,4,27,2,2,0,1,10,-35.511,145.748161,51,1,0,1,0,0,0,0,2,0,7,100,1,2852,2852,4,9,35,2,0,1,0,0
1290748,1,2022,2022,8,2,6,95,31,346,59,0,1,1,-33.870365,151.070208,67,0,2,0,0,0,0,0,2,0,7,50,1,43,43,3,0,27,2,0,0,0,1
1290749,4,2022,2022,8,4,3,2209,17,7,2205,0,1,1,-35.165503,150.444283,63,1,0,0,0,0,3,4,2,0,7,100,2,3775,3775,0,10,5,2,0,1,1,0
1290751,1,2022,2021,2,0,7,1052,14,60,928,0,1,3,-33.432186,151.253622,16,1,2,1,0,0,0,0,2,0,7,110,2,14295,14295,3,10,0,3,0,0,0,2
1290752,2,2022,2022,8,3,8,3,31,207,34609,0,1,2,-31.948896,141.441237,51,2,1,1,2,0,0,0,3,0,7,50,0,1945,1945,5,16,40,1,0,0,1,0
1290757,2,2022,2022,0,1,8,2,10,24,34609,0,1,1,-33.936523,150.742284,41,0,2,1,1,0,0,0,2,0,7,50,0,1945,1945,5,16,40,1,0,0,1,0
1290758,1,2022,2022,7,6,5,2261,17,35,2252,0,1,3,-34.347925,150.549571,78,1,0,1,0,0,0,3,2,0,7,110,2,4026,4026,8,26,40,2,0,0,0,2
1290760,2,2022,2022,7,4,7,2126,17,445,2149,0,1,9,-33.849236,151.05044,21,0,2,1,1,0,3,4,2,1,7,60,2,14295,14295,3,30,0,2,0,0,1,0
1290761,1,2022,2021,2,6,8,3371,17,80,3342,0,1,2,-33.813328,151.176108,38,0,2,1,1,0,0,0,2,0,7,60,2,1282,1282,1,0,5,2,0,0,0,1
1290765,1,2022,2022,7,4,2,2261,17,70,2252,0,1,2,-34.62946,150.167598,78,1,0,1,0,0,3,0,0,0,7,110,2,4026,4026,8,5,40,1,0,0,0,1
1290766,2,2022,2022,0,2,5,346,17,16,332,0,1,1,-28.917048,152.300371,51,1,0,0,0,0,3,4,2,0,7,100,2,1957,4009,8,30,40,1,0,0,2,0
1290767,4,2022,2022,0,5,10,2261,17,70,2252,0,1,2,-34.551045,150.267567,78,1,0,1,0,0,3,4,0,0,7,110,2,14295,14295,3,8,0,2,0,1,0,0
1290768,4,2022,2022,0,4,4,1,27,25,34609,0,1,1,-30.759072,151.1636,70,2,1,0,0,2,0,0,2,0,7,80,0,418,714,5,16,40,1,0,1,0,0
1290769,2,2022,2022,0,0,4,84,27,61,415,0,1,9,-33.769244,151.136257,36,0,2,1,3,0,3,3,2,2,7,70,2,5929,5929,1,5,5,2,0,0,1,0
1290774,2,2022,2022,8,1,6,3371,17,143,3342,0,1,2,-33.703811,151.09892,31,0,2,1,1,0,0,0,2,0,7,60,2,14295,14295,3,16,5,2,0,0,1,0
1290777,4,2022,2022,3,0,5,22,10,147,13,0,1,9,-33.868435,151.141312,14,0,2,0,2,0,0,0,2,0,15,50,1,14295,14295,3,30,0,2,0,1,0,1
1290778,4,2022,2022,3,3,5,3371,17,207,3342,0,1,1,-33.560723,151.189205,31,0,2,0,0,0,0,0,2,0,7,80,2,2585,4009,8,16,40,1,0,1,0,0
1290785,4,2022,2022,7,5,9,109,27,137,105,0,1,9,-33.8956,150.908615,24,0,2,1,2,0,0,0,0,0,15,60,2,1945,1945,5,16,40,1,0,1,0,0
1290787,4,2022,2022,0,2,7,3,27,23,34609,0,1,1,-32.017814,152.38651,43,2,1,1,0,2,3,4,2,0,7,50,0,3775,3775,0,16,0,2,0,1,0,0
1290790,2,2022,2022,7,1,7,55,36,22,95,0,1,1,-33.190581,148.497979,11,1,0,1,0,0,0,0,2,0,7,100,2,945,945,5,5,40,1,0,0,2,0
1290792,2,2022,2022,8,3,6,6,27,13,48,0,1,9,-32.725674,151.588577,42,2,1,1,1,0,0,0,2,0,0,80,1,2852,2852,4,5,5,2,0,0,1,0
1290795,4,2022,2022,8,1,5,44,27,23,126,0,1,7,-32.772357,151.859784,57,2,1,1,1,0,0,0,2,0,0,80,2,775,775,4,0,19,2,0,1,0,0
1290799,4,2022,2022,3,1,6,1,27,2,34609,0,1,1,-32.931808,151.275875,17,2,1,1,0,0,3,4,2,0,7,60,0,1945,1945,5,16,40,1,0,1,0,0
1290800,2,2022,2022,0,1,7,90,36,2,102,0,1,1,-34.300422,146.668931,51,1,0,0,0,0,0,0,2,0,7,100,2,2585,4009,8,10,40,1,0,0,1,0
1290801,2,2022,2022,8,3,4,112,27,79,769,0,1,2,-33.581551,150.721283,29,2,2,1,1,0,0,0,2,0,7,60,2,1981,1981,4,5,27,2,0,0,1,0
1290803,1,2022,2022,0,4,7,117,27,309,702,0,1,2,-33.822634,151.096213,61,0,2,1,0,0,3,4,2,0,7,70,2,14295,14295,3,5,19,3,0,0,0,1
1290804,2,2022,2022,8,0,5,515,14,387,518,0,1,3,-33.946166,151.17189,4,0,2,0,1,0,0,0,2,0,7,80,2,1282,1282,1,8,5,2,0,0,1,0
1290807,4,2022,2021,2,0,2,5,27,35,34609,0,1,1,-30.446098,152.912529,6,2,1,0,0,0,3,0,0,0,7,50,0,4552,5151,8,5,40,1,0,1,0,0
1290811,4,2022,2022,3,1,3,22,27,55,34609,0,1,1,-33.85147,151.276209,81,0,2,1,1,0,0,0,2,0,7,50,0,1981,1981,4,5,27,2,0,1,0,0
1290814,2,2022,2022,0,6,3,11,31,224,44,0,1,9,-33.826312,151.231187,49,0,2,0,0,0,0,0,2,0,9,50,1,2040,2040,9,30,28,2,0,0,1,0
1290815,1,2022,2022,8,1,8,133,10,8,121,0,1,9,-31.579982,152.82848,56,2,1,1,2,0,0,0,3,0,7,70,1,256,256,4,5,36,2,0,0,0,1
1290817,2,2022,2022,4,2,11,2261,17,92,2252,0,1,3,-34.003375,150.837033,13,0,2,1,0,0,0,0,0,0,7,110,2,9859,9859,8,5,40,1,0,0,1,0
1290819,1,2022,2022,8,5,3,82,31,370,15,0,1,10,-34.063657,150.816999,13,0,2,1,3,0,0,0,1,2,7,60,1,5929,5929,1,0,5,2,0,0,0,1
1290822,1,2022,2022,8,0,7,485,27,232,769,0,1,9,-33.682058,150.915458,71,0,2,1,3,0,0,0,2,0,0,80,2,14295,14295,3,5,5,2,0,0,0,1
1290830,1,2022,2022,0,2,6,2261,17,112,2252,0,1,9,-33.914458,150.924774,41,0,2,1,3,0,0,3,2,2,7,70,2,14295,14295,3,8,5,2,0,0,0,2
1290831,1,2022,2022,8,3,6,344,27,62,382,0,1,1,-33.720308,150.84435,7,0,2,1,3,0,0,0,2,0,7,80,2,14295,14295,3,0,0,2,0,0,0,1
1290837,2,2022,2022,7,5,4,3371,17,51,3342,0,1,2,-33.262012,151.482471,16,2,2,1,3,0,3,4,2,0,7,70,2,14295,14295,3,5,5,3,0,0,1,0
1290839,1,2022,2022,8,6,10,21,31,252,59,0,1,9,-33.884867,151.212423,69,0,2,1,3,0,0,0,0,0,7,40,1,3775,3775,0,5,18,2,0,0,0,1
1290844,1,2022,2022,8,0,8,2126,17,104,2149,0,1,2,-33.833337,151.018458,54,0,2,1,3,0,0,0,2,0,7,60,2,14295,14295,3,0,5,2,0,0,0,1
1290845,2,2022,2022,3,0,7,38,27,290,159,0,1,10,-33.952724,151.131787,4,0,2,1,1,0,0,0,2,0,7,60,2,14295,14295,3,10,41,2,0,0,1,0
1290849,2,2022,2022,8,4,9,33,27,44,41,0,1,9,-33.743463,150.722165,55,0,2,1,2,0,3,4,0,0,0,70,1,150,150,4,30,5,2,0,0,1,0
1290850,4,2022,2022,8,6,9,10,27,74,34609,1,0,1,-33.748019,150.83404,7,0,2,1,2,0,3,4,3,0,9,50,0,1945,1945,5,15,40,1,0,1,0,0
1290853,4,2022,2022,3,3,6,32,27,120,34609,0,1,1,-33.780573,150.878302,7,0,2,1,1,0,0,0,2,0,7,50,0,9859,9859,1,30,0,2,0,1,1,0
1290859,2,2022,2022,3,4,7,2261,17,30,2252,0,1,2,-35.514082,147.561545,27,1,0,1,0,0,0,0,2,0,7,110,2,1192,1192,1,21,2,2,0,0,1,0
1290860,4,2022,2022,0,0,6,3,31,218,34609,0,1,1,-33.777956,150.775526,55,0,2,1,1,0,0,0,2,0,7,50,0,9859,9859,1,0,5,2,0,1,0,0
1290861,2,2022,2022,0,1,6,2126,17,283,2149,0,1,10,-33.83066,151.012274,54,0,2,1,1,0,0,0,2,2,7,60,2,14295,14295,3,5,0,2,0,0,1,0
1290862,1,2022,2022,0,5,5,87,1,225,19,0,1,10,-33.79711,151.186006,77,0,2,1,0,0,0,0,2,2,9,40,1,1220,1220,9,9,28,2,0,0,0,1
1290864,2,2022,2021,10,6,6,37,31,523,198,0,1,9,-33.926236,150.922776,41,0,2,1,0,0,3,3,2,2,7,60,2,256,256,4,30,0,4,0,0,1,2
1290866,2,2022,2022,8,0,7,255,27,66,172,0,1,9,-32.929649,151.646528,37,0,2,1,1,0,0,0,2,0,7,60,2,1220,1220,9,0,28,3,0,0,2,0
1290867,2,2022,2022,7,5,11,1,1,76,34609,0,1,9,-33.921722,150.866425,41,0,2,1,2,0,3,2,0,0,7,50,0,4026,4026,8,5,40,1,0,0,1,1
1290868,4,2022,2022,8,6,5,30,31,68,3,0,1,1,-33.698787,149.857017,51,2,1,1,1,0,0,0,2,0,7,60,1,1192,1192,1,22,13,2,0,1,0,0
1290870,1,2022,2022,0,2,3,6,23,109,34609,0,1,2,-33.97086,150.859282,41,0,2,0,0,0,0,0,2,0,7,50,0,1957,4009,1,0,5,5,0,0,0,1
1290875,2,2022,2022,8,4,10,153,27,290,147,0,1,10,-33.949244,151.114593,4,0,2,1,2,0,0,0,0,2,7,60,2,6545,6545,4,5,5,2,0,0,1,0
1290876,4,2022,2022,3,6,2,3,10,8,34609,0,1,1,-34.0265,150.806625,13,0,2,0,2,0,0,0,0,0,7,60,0,312,312,2,16,40,1,0,1,0,0
1290877,2,2022,2022,7,2,5,59,10,89,34609,0,1,0,-33.904631,151.23283,59,0,2,0,1,0,0,0,2,0,7,30,0,1282,1282,1,5,27,2,0,0,1,0
1290878,4,2022,2022,0,1,8,20,31,150,140,0,1,9,-33.924686,151.232349,59,0,2,1,0,0,0,0,2,0,0,50,2,2852,2852,4,5,18,2,0,1,0,0
1290879,2,2022,2022,8,3,9,105,27,67,109,0,1,9,-33.877865,150.893478,24,0,2,1,2,0,0,0,3,2,7,60,1,5929,5929,1,0,5,2,0,0,1,0
1290881,1,2022,2022,0,2,4,102,27,26,34609,0,1,1,-34.579843,150.855877,62,0,2,1,3,0,0,0,2,0,7,60,0,941,941,1,9,5,3,0,0,0,1
1290884,1,2022,2022,0,4,7,229,14,110,237,0,1,3,-33.766401,151.009242,54,0,2,1,3,0,0,0,2,0,7,100,2,14295,14295,3,5,13,2,0,0,0,1
1290886,2,2022,2022,8,4,8,485,27,67,769,0,1,9,-33.656624,150.8741,71,0,2,1,3,0,3,4,0,3,0,80,2,14295,14295,3,5,5,2,0,0,1,0
1290887,1,2022,2022,8,6,8,9,31,294,34609,0,1,9,-33.933431,150.956483,41,0,2,1,0,0,0,0,3,0,7,50,0,1220,1220,9,0,28,2,0,0,0,1
1290889,1,2022,2022,0,2,5,105,27,70,109,0,1,9,-33.885277,150.88475,24,0,2,1,3,0,0,0,2,0,0,60,1,14295,14295,3,5,5,2,0,0,0,1
1290892,1,2022,2022,8,6,6,2126,17,169,2149,0,1,9,-33.786036,150.843236,7,0,2,1,3,0,0,0,2,0,7,80,2,14295,14295,3,10,5,2,0,0,0,1
1290899,2,2022,2022,0,0,2,100,27,323,100,0,1,2,-33.809556,150.850863,7,0,2,1,3,0,0,0,1,0,7,80,2,14295,14295,3,5,5,2,0,0,1,0
1290905,1,2022,2022,7,4,7,6,18,33,34609,0,1,9,-34.773221,150.705407,63,2,1,0,3,0,0,0,2,0,15,50,0,1850,1463,5,16,40,1,0,0,0,1
1290907,2,2022,2022,8,0,8,6,36,11,118,0,1,1,-30.626921,150.667396,70,1,0,0,3,0,3,4,3,0,7,100,2,1089,1089,7,5,40,1,0,0,1,0
1290908,2,2022,2022,8,1,3,133,31,133,97,1,0,9,-33.915916,151.01268,15,0,2,1,0,0,0,0,2,0,2,60,1,775,775,4,10,27,2,0,0,1,0
1290911,2,2022,2022,7,3,11,2209,17,176,2205,0,1,9,-33.952087,151.137905,4,0,2,1,2,0,3,4,0,2,6,60,2,14295,14295,3,0,18,2,0,0,1,0
1290915,4,2022,2022,0,4,7,14,31,149,34609,0,1,1,-33.985695,151.138434,4,0,2,1,1,0,0,0,2,0,7,50,0,368,368,9,10,28,2,0,1,0,0
1290916,2,2022,2022,8,3,5,24,31,237,44,0,1,10,-33.873505,150.953049,24,0,2,1,1,0,0,0,2,2,9,50,1,2040,2040,9,5,28,2,0,0,1,0
1290920,2,2022,2022,8,0,8,2126,17,179,2149,0,1,10,-33.756908,150.712179,55,0,2,1,2,0,0,0,3,2,9,60,2,368,368,9,5,28,2,0,0,2,0
1290922,4,2022,2022,7,5,5,110,27,41,173,0,1,9,-34.395737,150.866516,80,0,2,1,1,0,0,0,2,0,0,80,2,1192,1192,1,9,10,2,0,1,0,0
1290924,2,2022,2022,4,2,11,158,27,46,207,0,1,9,-33.877233,151.233597,81,0,2,1,2,0,0,0,0,3,7,60,2,1945,1945,5,22,40,1,0,0,1,0
1290927,1,2022,2022,8,2,7,8,10,86,34609,0,1,7,-33.750022,150.934422,7,0,2,0,1,0,0,0,2,0,0,50,0,2852,2852,4,16,0,2,0,0,0,1
1290930,4,2022,2022,4,6,11,30,31,283,34609,0,1,7,-33.836012,151.011656,21,0,2,0,2,0,3,4,0,0,0,50,0,14295,14295,3,22,35,2,0,1,0,1
1290934,4,2022,2022,0,2,10,177,31,77,208,0,1,1,-33.86132,150.934067,24,0,2,1,2,0,0,0,0,0,7,60,1,1383,1383,1,5,0,2,0,1,0,0
1290935,2,2022,2022,7,0,4,9,10,16,34609,0,1,1,-33.995011,151.024769,68,0,2,0,1,0,0,6,2,0,7,50,0,273,957,5,10,40,1,0,0,1,0
1290939,2,2022,2022,7,6,7,107,22,77,34609,0,1,1,-33.862926,150.938776,24,0,2,1,1,0,0,0,2,0,9,40,0,175,188,8,5,40,1,0,0,1,0
1290940,2,2022,2022,0,0,10,2,27,14,3342,0,1,9,-33.056882,151.653453,37,0,2,1,2,0,0,0,0,2,7,60,2,4552,985,1,5,13,3,0,0,1,0
1290941,2,2022,2022,8,4,7,161,17,4,161,0,1,1,-35.691394,148.492345,66,1,0,0,3,0,3,4,2,0,7,100,2,1259,5151,8,29,40,1,0,0,1,0
1290942,2,2022,2022,7,2,1,348,17,105,232,0,1,9,-32.600522,149.596719,44,2,1,0,2,0,0,0,0,0,7,50,2,2585,4009,8,5,40,1,0,0,1,0
1290943,4,2022,2022,7,6,5,512,17,562,441,0,1,10,-32.25462,148.61241,22,2,1,1,1,0,0,0,2,2,7,60,2,5929,5929,1,5,0,2,0,1,1,1
1290945,4,2022,2022,8,6,8,112,17,12,112,0,1,1,-31.593395,144.995473,51,1,0,1,0,0,0,0,3,0,7,110,2,9859,9859,8,3,40,1,0,1,0,0
1290948,2,2022,2022,8,6,8,13,27,56,34609,0,1,9,-35.138708,147.388245,75,2,1,1,3,0,3,4,2,0,7,70,0,14295,14295,3,5,0,2,0,0,2,0
1290949,1,2022,2022,8,4,8,34,27,28,25,0,1,1,-35.376681,149.233718,58,2,1,0,2,0,3,4,0,0,7,60,1,3775,3775,0,10,13,2,0,0,0,1
1290951,1,2022,2022,8,1,3,51,27,95,45,0,1,9,-33.744275,150.841469,7,0,2,1,3,0,0,0,2,0,0,60,1,5929,5929,1,10,13,2,0,0,0,1
1290955,1,2022,2022,0,2,7,31,27,136,101,0,1,2,-32.920671,151.723823,48,0,2,1,1,0,0,0,2,0,7,60,2,945,945,5,17,40,1,0,0,0,1
1290956,2,2022,2022,0,1,9,74,27,130,59,0,1,2,-34.46248,150.867839,80,0,2,1,0,0,0,0,0,0,7,80,2,475,475,5,5,40,1,0,0,1,0
1290957,2,2022,2022,7,2,8,5,22,149,34609,0,1,9,-33.986113,151.13196,25,0,2,1,1,0,3,4,3,0,7,50,0,9859,9859,1,22,5,2,0,0,1,0
1290960,4,2022,2022,0,5,4,255,27,71,166,0,1,9,-33.262574,151.523089,16,2,2,1,0,0,0,0,2,0,7,50,2,1192,1192,1,22,5,2,0,1,1,0
1290962,4,2022,2022,0,0,4,82,31,41,10,0,1,1,-34.05991,150.693647,12,0,2,1,0,0,0,0,2,0,7,50,1,4026,4026,1,0,3,4,0,1,0,0
1290966,4,2022,2022,7,2,2,56,31,30,34609,0,1,1,-30.089166,145.929669,51,2,1,1,1,0,0,0,0,0,7,50,0,9859,9859,8,30,40,1,0,2,0,0
1290968,2,2022,2022,0,0,5,2,10,433,34609,0,1,1,-33.310016,149.107973,52,2,1,0,1,0,0,0,2,0,7,50,0,368,368,9,8,28,5,0,0,3,1
1290969,2,2022,2022,7,3,8,3,1,204,34609,0,1,10,-33.933894,151.142719,4,0,2,1,1,0,3,4,2,0,15,50,0,6545,6545,4,5,5,2,0,0,1,0
1290978,4,2022,2022,0,3,6,78,27,10,228,0,1,1,-33.053137,151.13457,17,2,1,0,0,0,0,0,2,0,7,60,1,4552,5151,8,16,40,1,0,1,0,0
1290979,2,2022,2022,7,5,8,2261,17,243,2252,0,1,2,-33.956065,150.893122,41,0,2,1,1,0,0,0,2,0,7,70,2,1383,1383,1,5,5,2,0,0,1,0
1291012,2,2022,2022,7,1,10,113,27,78,111,0,1,1,-33.875831,150.802539,55,0,2,0,1,0,3,4,0,0,7,80,2,4552,5151,8,5,40,1,0,0,1,0
1291013,4,2022,2022,7,2,8,23,31,142,34609,0,1,1,-33.828812,151.004137,21,0,2,0,1,0,0,0,2,0,7,60,0,2585,4009,8,9,40,1,0,1,0,0
1291014,4,2022,2022,7,5,0,2126,17,15,2149,0,1,1,-33.517198,150.127044,40,2,1,0,0,0,3,4,0,0,7,80,2,1957,4009,8,9,40,1,0,1,1,0
1291015,2,2022,2022,7,5,6,55,27,64,117,0,1,2,-32.940947,151.688003,48,0,2,1,1,0,3,3,2,0,7,70,2,14295,14295,3,8,5,4,0,0,2,1
1291018,4,2022,2022,3,0,8,12,25,113,34609,0,1,1,-29.474625,149.832128,51,2,1,1,0,0,0,0,2,0,7,50,0,1945,1945,5,16,40,1,0,1,0,0
1291019,4,2022,2022,3,6,2,1052,14,207,928,0,1,3,-33.577008,151.192733,31,0,2,0,0,0,3,4,0,0,7,110,2,1259,5151,8,10,40,1,0,1,0,0
1291020,4,2022,2022,7,3,5,1,31,232,34609,0,1,1,-33.692392,150.930365,71,0,2,1,3,0,3,4,2,0,7,50,0,1282,1282,1,5,40,1,0,1,0,0
1291021,1,2022,2022,7,1,3,24,27,115,52,0,1,1,-33.910994,151.17424,32,0,2,1,0,0,3,3,2,0,7,50,1,5929,5929,1,5,19,2,0,0,0,1
1291023,2,2022,2022,0,4,7,2,27,1,34609,0,1,1,-32.490369,149.284047,44,1,0,1,3,0,0,0,2,0,7,100,0,9859,9859,8,0,40,1,0,0,1,0
1291024,4,2022,2022,7,6,5,1,27,123,34609,0,1,9,-33.961071,148.744747,51,1,0,0,0,0,0,0,2,0,7,100,0,418,777,5,8,40,1,0,1,0,0
1291029,1,2022,2022,0,2,7,90,36,11,102,0,1,1,-34.665132,148.621855,82,1,0,0,0,0,3,3,2,0,7,100,2,273,957,5,5,40,1,0,0,0,1
1291030,4,2022,2022,3,2,1,22,31,194,34609,0,1,1,-30.507027,151.687638,1,2,1,1,0,0,3,4,0,0,7,50,0,368,368,9,33,28,2,0,1,0,0
1291033,2,2022,2022,0,1,7,9,27,370,14,0,1,2,-34.071895,150.805817,13,0,2,1,1,0,0,0,2,0,7,60,1,14295,14295,3,5,5,2,0,0,1,0
1291035,2,2022,2022,0,6,7,7,31,123,34609,0,1,1,-33.882969,151.23197,81,0,2,1,0,0,0,0,2,0,7,40,0,941,941,1,0,5,4,0,0,1,0
1291036,2,2022,2022,0,2,6,29,31,139,51,0,1,10,-33.88232,151.140338,32,0,2,1,1,0,3,0,2,0,0,50,1,6545,6545,4,5,5,3,0,0,1,0
1291037,2,2022,2022,7,2,4,18,10,60,34609,0,1,2,-34.020137,150.760789,12,0,2,1,1,0,0,0,2,0,7,60,0,14295,14295,3,0,5,2,0,0,1,0
1291038,2,2022,2022,7,3,9,348,27,363,88,0,1,10,-33.74559,150.690966,55,0,2,1,1,0,0,0,2,2,7,60,2,368,368,9,0,28,2,0,0,1,0
1291039,2,2022,2022,7,2,7,17,36,68,19,0,1,1,-34.85748,148.93236,82,1,0,1,3,0,0,0,2,0,7,100,1,1109,787,1,10,5,2,0,0,2,0
1291040,4,2022,2022,0,2,10,55,13,112,34609,0,1,9,-33.44519,151.443649,16,2,2,1,2,0,0,0,0,0,7,40,0,1220,1220,9,5,28,2,0,1,0,0
1291042,2,2022,2022,3,0,11,11,1,111,34609,0,1,1,-33.700688,150.887662,7,0,2,1,2,0,3,4,0,0,7,50,0,3775,3775,0,5,5,2,0,0,1,0
1291043,2,2022,2022,0,3,0,106,27,55,106,0,1,9,-33.926991,150.903107,41,0,2,1,2,0,3,4,0,2,7,70,2,14295,14295,3,5,5,2,0,0,2,0
1291049,4,2022,2022,7,5,7,2,27,39,34609,0,1,1,-33.552993,150.845808,29,2,2,0,0,0,3,4,2,0,7,60,0,3775,3775,0,10,13,2,0,1,0,0
1291052,2,2022,2022,0,6,10,27,27,66,34609,0,1,1,-34.479487,150.906949,80,0,2,1,2,0,3,4,0,0,7,60,0,9859,9859,8,5,40,1,0,0,1,0
1291053,2,2022,2022,7,2,10,4,27,7,34609,0,1,1,-33.115344,151.557115,37,0,2,1,2,0,0,3,0,0,7,50,0,4026,4026,8,30,40,1,0,0,1,0
1291054,4,2022,2022,7,5,9,225,17,85,180,0,1,1,-34.568487,150.77401,62,0,2,0,3,0,0,0,2,0,7,60,2,4552,5151,8,9,40,1,0,1,0,0