Crash ID,Degree of crash - detailed,Reporting year,Year of crash,Month of crash,Day of week of crash,Two-hour intervals,Street of crash,Street type,Town,Route no.,School zone location,School zone active,Type of location,Latitude,Longitude,LGA,Urbanisation,Conurbation 1,Alignment,Street lighting,Road surface,Surface condition,Weather,Natural lighting,Signals operation,Other traffic control,Speed limit,Road classification,RUM - code,DCA - code,First impact type,Key TU type,Other TU type,No. of traffic units involved,No. killed,No. seriously injured,No. moderately injured,No. minor-other injured
1291056,4,2022,2022,7,4,6,2,27,6,34609,0,1,1,-33.704948,149.665812,51,1,0,1,0,2,0,3,2,0,7,100,0,43,43,3,16,19,2,0,1,0,0
1291057,1,2022,2022,0,3,6,4,27,2,34609,0,1,1,-30.725072,152.259537,1,2,1,0,0,2,0,0,2,0,7,80,0,1957,4009,8,0,40,1,0,0,0,1
1291063,4,2022,2022,7,6,1,2209,17,19,2205,0,1,1,-35.838721,150.129301,23,1,0,1,0,0,0,0,0,0,7,100,2,3775,3775,0,5,40,2,0,1,0,0
1291065,4,2022,2022,8,5,3,35,31,44,18,0,1,10,-32.049737,150.86028,73,2,1,1,0,0,0,1,2,0,0,50,1,6545,6545,4,9,10,2,0,1,0,0
1291067,2,2022,2022,0,3,0,1,1,113,34609,0,1,9,-29.487873,149.840755,51,2,1,0,2,0,0,0,0,0,7,50,0,4552,985,8,5,40,1,0,0,1,0
1291068,4,2022,2022,0,5,9,2,27,39,34609,0,1,1,-33.562252,150.883426,29,2,2,0,0,0,0,0,0,0,7,50,0,1259,5151,8,16,40,1,0,1,0,0
1291070,4,2022,2022,3,1,8,3,31,84,34609,0,1,1,-33.890711,150.957836,24,0,2,1,1,0,0,0,3,0,7,50,0,387,387,1,22,5,2,0,1,0,0
1291076,2,2022,2022,8,1,3,1,1,10,34609,0,1,9,-34.013605,151.050937,68,0,2,0,0,0,0,0,2,0,0,50,0,2585,4009,8,19,40,1,0,0,1,0
1291077,4,2022,2022,7,2,9,7,27,8,34609,0,1,1,-30.722,150.78506,70,1,0,0,0,0,0,0,2,0,7,100,0,273,957,5,0,40,1,0,1,0,0
1291080,2,2022,2022,7,4,8,36,36,16,139,0,1,1,-34.639373,146.408373,51,1,0,1,0,0,0,0,2,0,7,100,2,14295,14295,3,29,5,3,0,0,1,0
1291082,2,2022,2021,2,5,8,3,27,53,34609,0,1,1,-33.771819,151.15982,36,0,2,1,0,0,0,0,2,0,7,50,0,387,387,1,22,5,2,0,0,1,0
1291083,1,2022,2022,0,3,5,100,27,109,799,1,0,10,-33.905784,151.135797,32,0,2,1,1,0,0,0,2,0,0,60,2,14295,14295,3,5,5,2,0,0,0,2
1291086,2,2022,2022,0,0,11,132,31,252,126,0,1,10,-33.891544,151.21272,69,0,2,1,2,0,3,6,0,2,7,50,2,623,623,3,9,5,2,0,0,1,0
1291087,2,2022,2022,8,6,4,866,17,44,793,0,1,10,-33.796336,150.978199,54,0,2,1,1,0,3,3,2,2,7,70,2,204,204,1,29,5,3,0,0,1,0
1291097,2,2022,2022,8,4,10,50,27,166,799,0,1,1,-33.898486,151.17662,32,0,2,1,3,0,0,0,0,0,7,40,2,387,387,1,16,5,2,0,0,1,0
1291098,1,2022,2022,8,5,8,2261,17,243,2252,0,1,9,-33.957024,150.877337,41,0,2,1,3,0,3,3,2,3,7,70,2,1383,1383,1,30,5,2,0,0,0,1
1291105,2,2022,2022,8,2,5,2,27,3,34609,0,1,9,-35.983525,150.116299,23,1,0,0,3,0,0,0,2,0,0,100,0,6545,6545,4,5,0,2,0,0,1,0
1291108,2,2022,2022,0,3,10,3,27,3,34609,0,1,1,-33.224912,149.284162,11,1,0,1,0,2,0,0,0,0,7,100,0,945,945,5,10,40,1,0,0,1,0
1291110,2,2022,2022,8,3,5,14,27,78,34609,0,1,1,-28.33099,153.375848,72,2,1,0,1,0,3,4,2,0,7,50,0,3775,3775,0,5,5,2,0,0,2,0
1291114,2,2022,2022,0,2,10,829,27,309,770,0,1,10,-33.813609,151.096303,61,0,2,1,2,0,0,0,0,2,7,60,2,5929,5929,1,5,5,2,0,0,2,2
1291117,2,2022,2022,7,3,4,2261,17,32,2252,0,1,3,-34.251086,150.657233,79,1,2,1,0,0,0,0,2,0,7,110,2,3775,3775,0,5,5,2,0,0,1,0
1291120,2,2022,2022,0,4,3,34,27,96,25,0,1,9,-35.361963,149.233639,58,2,1,1,0,0,0,0,2,0,0,50,1,489,489,8,5,40,1,0,0,1,0
1291122,2,2022,2022,8,1,9,154,27,136,244,0,1,9,-33.915112,151.068222,15,0,2,1,2,0,0,0,0,0,7,60,2,1669,1669,3,5,5,2,0,0,1,0
1291123,1,2022,2022,8,1,6,5,7,26,34609,1,0,9,-34.860538,150.595028,63,2,1,1,0,0,0,0,2,0,0,50,0,4026,4026,8,0,40,1,0,0,0,2
1291125,4,2022,2022,0,1,7,296,27,147,293,0,1,2,-33.874464,150.982604,15,0,2,1,1,0,0,0,2,0,7,70,2,1945,1945,5,16,40,1,0,1,0,0
1291129,2,2022,2022,8,5,3,1,31,463,34609,0,1,9,-30.294413,153.110934,19,2,1,1,0,0,0,0,2,0,15,50,0,5929,5929,1,33,0,2,0,0,2,0
1291135,2,2022,2022,8,3,6,33,31,96,34609,0,1,1,-35.352015,149.233459,58,2,1,1,1,0,0,0,2,0,7,50,0,4026,4026,1,16,12,2,0,0,1,0
1291137,1,2022,2022,8,1,7,1,31,20,34609,1,2,1,-35.0291,149.267278,82,2,1,1,0,0,0,0,2,0,7,40,0,1282,1282,1,0,5,2,0,0,0,2
1291138,2,2022,2022,0,2,6,40,31,363,34609,0,1,7,-33.759086,150.704057,55,0,2,1,1,0,0,0,2,0,0,50,0,6545,6545,4,5,5,2,0,0,2,0
1291141,1,2022,2022,7,4,8,13,31,120,81,0,1,10,-32.189249,152.515445,43,2,1,1,0,0,0,0,2,0,0,50,2,2852,2852,4,9,27,2,0,0,0,1
1291143,4,2022,2022,8,5,9,330,27,147,605,0,1,10,-33.749363,151.289803,50,0,2,1,2,0,0,0,3,2,7,60,2,2040,2040,9,0,28,2,0,1,0,0
1291144,4,2022,2022,8,6,8,26,10,370,68,0,1,9,-34.069679,150.800217,13,0,2,1,2,0,3,4,0,2,7,60,1,5929,5929,1,0,36,2,0,1,1,0
1291145,2,2022,2022,8,3,8,3371,17,23,3342,0,1,2,-32.064234,152.440298,43,1,0,0,0,0,3,3,3,0,7,90,2,1957,4009,8,5,40,1,0,0,1,0
1291148,4,2022,2022,8,3,4,10,10,49,34609,0,1,1,-33.916323,150.853853,41,0,2,0,1,0,0,3,2,0,7,60,0,340,340,9,5,28,2,0,1,1,0
1291151,4,2022,2022,8,1,8,8,27,20,34609,0,1,1,-29.083885,152.354192,51,1,0,1,0,2,3,3,3,0,7,100,0,1945,1945,5,16,40,1,0,1,0,0
1291152,2,2022,2022,0,2,5,15,1,363,16,0,1,1,-33.746805,150.71227,55,0,2,0,1,0,0,3,2,0,7,50,1,190,190,1,5,5,2,0,0,1,0
1291155,2,2022,2022,0,2,6,117,27,78,144,0,1,9,-33.859478,151.092583,14,0,2,1,0,0,0,0,2,0,7,60,2,1669,1669,3,15,0,2,0,0,1,1
1291158,4,2022,2022,0,2,6,3,27,113,34609,0,1,1,-29.132677,150.242316,51,1,0,1,0,0,0,0,2,0,7,100,0,9859,9859,8,10,40,1,0,1,0,0
1291159,2,2022,2022,0,2,5,2,31,56,34609,0,1,1,-33.758907,150.789517,55,0,2,1,0,0,0,0,2,0,7,50,0,1282,1282,1,16,40,1,0,0,1,0
1291161,4,2022,2022,8,2,8,23,31,13,34609,0,1,9,-33.817735,151.073946,61,0,2,0,0,0,3,3,2,0,7,50,0,186,186,9,30,28,2,0,1,1,0
1291162,2,2022,2022,8,0,4,143,31,123,181,1,2,9,-33.887465,151.230745,69,0,2,1,0,0,0,0,2,0,7,40,2,1282,1282,1,0,19,2,0,0,1,0
1291164,1,2022,2022,0,1,8,168,10,387,260,0,1,2,-33.946979,151.168214,4,0,2,1,2,0,3,4,0,0,7,70,2,14295,14295,3,0,0,3,0,0,0,1
1291166,2,2022,2022,8,5,4,12,27,34,34609,0,1,1,-34.008379,150.768012,12,0,2,1,1,0,0,3,2,0,7,80,0,4026,4026,8,0,40,1,0,0,2,0
1291167,2,2022,2021,2,4,7,2261,17,243,2252,0,1,9,-33.957554,150.888246,41,0,2,0,1,0,0,0,2,2,7,70,2,404,404,8,5,40,1,0,0,1,0
1291169,1,2022,2022,0,0,8,230,27,84,284,0,1,10,-33.777807,151.108153,61,0,2,1,1,0,0,0,2,2,7,70,2,14295,14295,3,0,5,3,0,0,0,1
1291170,2,2022,2022,0,0,9,39,27,169,147,0,1,7,-28.637931,153.581684,10,2,1,1,1,0,0,0,2,0,0,60,1,926,926,4,16,12,2,0,0,1,0
1291171,2,2022,2022,0,0,6,232,36,134,331,0,1,2,-33.96238,150.819465,41,0,2,1,3,0,3,4,2,0,7,80,2,14295,14295,3,5,25,2,0,0,1,0
1291174,1,2022,2022,7,1,4,36,27,115,38,0,1,7,-33.753525,151.243497,50,0,2,1,3,0,0,0,2,0,0,60,1,6545,6545,4,0,27,2,0,0,0,1
1291175,2,2022,2022,8,2,9,3,27,1,34609,0,1,1,-32.508475,151.283188,64,1,0,0,3,0,0,3,0,0,7,100,0,1957,4009,8,10,40,1,0,0,1,0
1291176,1,2022,2021,10,4,4,12,31,28,103,0,1,1,-28.328748,153.400771,72,2,1,1,3,0,0,0,2,0,7,50,1,1282,1282,1,33,5,2,0,0,0,1
1291177,2,2022,2022,8,1,8,67,23,68,34609,1,0,1,-34.082059,151.011993,68,0,2,1,0,0,0,0,3,0,7,50,0,1981,1981,4,5,27,2,0,0,1,0
1291178,2,2022,2022,8,4,8,13,31,85,34609,0,1,10,-33.728459,151.131644,36,0,2,1,2,0,3,0,0,0,15,50,0,5929,5929,1,30,5,2,0,0,1,0
1291184,1,2022,2022,0,0,3,95,31,271,34609,0,1,1,-33.944409,151.009992,15,0,2,1,3,0,0,0,2,0,7,60,0,1981,1981,4,0,25,2,0,0,0,1
1291186,1,2022,2022,8,6,9,2126,17,125,2149,0,1,9,-33.864469,151.083488,67,0,2,1,3,0,0,0,0,2,7,60,2,14295,14295,3,0,5,4,0,0,0,1
1291190,2,2022,2022,8,5,4,3371,17,149,3342,0,1,7,-33.345131,151.3699,16,2,2,1,3,0,0,0,2,0,0,60,2,14295,14295,3,8,5,2,0,0,1,0
1291191,2,2022,2022,4,1,7,515,14,188,518,0,1,3,-33.940472,151.091169,15,0,2,1,3,0,0,0,2,0,7,80,2,14295,14295,3,8,5,2,0,0,1,0
1291194,4,2022,2022,8,4,8,15,10,53,34609,0,1,7,-33.936241,150.840012,41,0,2,0,3,0,0,0,3,0,0,50,0,6545,6545,4,10,5,2,0,1,0,0
1291197,1,2022,2022,8,3,7,2,31,243,34609,0,1,9,-33.949422,150.88963,41,0,2,1,3,2,0,0,2,0,7,50,0,9859,9859,8,30,40,1,0,0,0,1
1291198,2,2022,2022,8,5,9,22,27,113,34609,0,1,1,-33.780932,150.730924,55,0,2,1,2,0,0,0,0,0,7,70,0,9859,9859,8,10,40,1,0,0,1,0
1291200,2,2022,2022,8,3,8,194,31,309,702,0,1,2,-33.821062,151.098164,61,0,2,1,0,0,0,0,3,0,7,70,2,1282,1282,1,5,5,3,0,0,1,0
1291207,2,2022,2022,0,5,3,3,27,51,34609,0,1,1,-34.478828,150.791742,80,0,2,0,3,0,0,0,2,0,7,80,0,4552,5151,8,5,40,1,0,0,1,0
1291210,1,2022,2022,3,2,6,4,18,134,34609,0,1,9,-33.890474,151.250599,76,0,2,1,1,0,0,0,2,0,7,50,0,1850,777,5,15,40,1,0,0,0,1
1291211,1,2022,2022,8,4,10,280,10,237,240,0,1,7,-33.857198,150.950562,24,0,2,1,2,0,3,3,0,0,0,60,2,1192,1192,1,29,5,2,0,0,0,1
1291212,1,2022,2022,8,1,4,97,31,460,92,0,1,9,-33.830226,150.993227,21,0,2,1,1,0,0,0,2,0,7,60,2,5929,5929,1,0,0,2,0,0,0,1
1291215,4,2022,2022,8,0,4,8,27,202,34609,0,1,1,-33.954741,151.032607,15,0,2,1,1,0,0,0,2,0,7,50,0,9859,9859,1,5,5,3,0,1,0,0
1291217,1,2022,2022,8,0,8,37,1,126,34609,1,0,10,-33.94656,150.802948,41,0,2,1,2,0,0,0,3,0,15,60,0,1220,1220,9,33,28,2,0,0,0,1
1291221,2,2022,2022,8,1,5,293,31,123,158,0,1,10,-33.834365,148.688717,51,2,1,1,0,0,0,0,2,0,9,50,2,1220,1220,9,10,28,2,0,0,1,0
1291226,4,2022,2022,0,0,10,3,27,8,34609,0,1,1,-31.368142,149.855496,51,1,0,1,0,0,0,0,0,0,7,100,0,9859,9859,8,5,40,1,0,1,1,0
1291228,2,2022,2022,0,4,10,98,27,128,382,0,1,7,-33.639946,150.784281,55,0,2,0,2,0,3,4,0,0,0,80,2,14295,14295,3,8,5,2,0,0,1,0
1291229,4,2022,2022,7,4,6,222,27,115,165,0,1,9,-33.960575,151.065353,25,0,2,1,1,0,0,0,2,0,7,50,1,1220,1220,9,5,28,2,0,1,0,0
1291230,4,2022,2022,8,5,4,123,27,304,34609,0,1,10,-33.919809,151.155221,32,0,2,1,0,0,0,0,2,0,15,50,0,775,775,4,5,27,2,0,1,0,0
1291233,4,2022,2022,0,3,5,60,27,174,44,1,0,1,-33.869072,150.92258,24,0,2,1,0,0,0,0,2,0,7,50,1,5929,5929,1,5,36,2,0,1,0,0
1291236,4,2022,2022,7,6,0,103,27,62,256,0,1,9,-34.088821,150.806007,13,0,2,1,2,0,0,0,0,2,7,80,2,14295,14295,3,0,5,2,0,1,1,0
1291237,2,2022,2022,0,5,5,5,31,33,34609,0,1,1,-33.414046,151.345714,16,2,2,1,1,0,0,0,2,0,7,50,0,220,220,8,5,40,2,0,0,1,0
1291245,4,2022,2022,8,5,5,133,27,46,260,0,1,2,-32.91729,151.658412,48,0,2,0,0,0,0,0,2,0,7,70,2,4552,5151,1,5,13,2,0,1,0,0
1291249,2,2022,2022,7,5,2,163,27,23,165,1,0,9,-33.729768,150.805019,7,0,2,0,2,0,3,4,0,0,0,60,1,4552,5151,8,10,40,1,0,0,1,0
1291250,4,2022,2022,0,5,5,14,27,163,74,0,1,9,-33.854949,151.103044,14,0,2,1,1,0,0,0,2,0,7,40,1,941,941,1,21,19,2,0,1,0,0
1291253,2,2022,2022,0,6,4,86,27,4,65,0,1,1,-29.913121,152.784703,18,1,0,0,0,0,0,0,2,0,7,100,1,418,714,5,29,40,1,0,0,1,0
1291254,2,2022,2022,7,2,3,866,17,112,793,0,1,2,-33.911015,150.919022,41,0,2,1,1,0,3,4,2,0,7,70,2,9859,9859,8,5,40,1,0,0,1,0
1291255,4,2022,2022,0,5,11,71,31,78,103,0,1,9,-33.862595,151.009689,21,0,2,1,2,0,0,0,0,2,7,60,1,2040,2040,9,5,28,2,0,1,0,0
1291259,2,2022,2022,7,1,4,56,27,115,80,0,1,9,-33.875586,151.190001,69,0,2,1,0,0,0,0,2,0,0,40,2,1945,1945,5,15,40,2,0,0,1,0
1291260,2,2022,2022,0,3,7,234,27,323,217,0,1,9,-33.759602,150.992933,71,0,2,1,3,0,0,0,2,2,7,60,2,5929,5929,1,5,5,2,0,0,1,0
1291264,2,2022,2022,8,4,4,8,27,164,8,0,1,1,-33.740834,150.88438,7,0,2,1,0,0,0,0,2,0,7,60,1,1981,1981,4,5,5,3,0,0,1,1
1291265,1,2022,2022,0,5,10,251,27,115,212,0,1,9,-33.753134,151.241678,50,0,2,0,2,0,0,3,0,0,0,70,2,623,623,3,5,36,2,0,0,0,1
1291266,1,2022,2022,0,3,6,63,17,11,63,0,1,1,-34.072661,141.89135,51,1,0,1,0,0,0,0,2,0,7,100,2,4026,4026,8,5,40,1,0,0,0,1
1291267,2,2022,2022,0,3,5,98,31,100,159,0,1,1,-33.957612,151.148503,4,0,2,1,0,0,0,0,2,0,7,60,2,238,238,9,5,28,2,0,0,1,0
1291268,4,2022,2022,7,5,3,344,27,168,382,0,1,1,-33.685423,150.821044,7,0,2,1,2,0,3,4,1,0,7,80,2,96,96,0,5,5,2,0,3,1,0
1291272,2,2022,2022,0,4,7,26,27,443,34609,0,1,10,-33.90694,151.043991,15,0,2,1,0,0,0,0,2,0,0,50,0,6545,6545,4,5,0,2,0,0,3,0
1291273,4,2022,2022,0,5,6,1,27,62,34609,0,1,1,-33.747186,151.250715,50,0,2,0,0,0,0,0,2,0,7,50,0,1192,1192,1,0,30,2,0,1,0,0
1291275,1,2022,2022,8,3,11,2126,17,127,2149,0,1,10,-33.889943,151.149053,32,0,2,1,3,0,0,0,0,2,7,60,2,5929,5929,1,5,5,2,0,0,0,1
1291278,4,2022,2022,8,1,7,2,31,87,34609,1,2,10,-33.696032,150.957245,71,0,2,1,1,0,3,4,2,2,9,40,0,340,340,9,5,28,2,0,1,1,0
1291279,4,2022,2022,8,2,6,24,27,26,52,0,1,1,-33.915,151.168562,32,0,2,1,1,0,0,0,2,0,7,50,1,1981,1981,4,5,19,2,0,1,0,0
1291282,1,2022,2022,8,5,3,1,27,9,34609,0,1,1,-34.576194,150.726085,62,0,2,1,3,0,0,0,2,0,7,50,0,214,214,9,5,28,2,0,0,0,1
1291288,2,2022,2022,8,4,5,1,31,73,46,1,0,9,-34.170836,150.613191,79,2,2,0,3,0,0,0,2,0,0,50,2,5929,5929,1,5,19,2,0,0,1,0
1291291,1,2022,2022,8,6,6,2126,17,445,2149,0,1,9,-33.851717,151.055434,21,0,2,1,3,0,3,4,2,0,7,60,2,5929,5929,1,5,5,2,0,0,0,1
1291293,2,2022,2022,8,6,8,89,17,95,173,0,1,7,-34.402874,150.891206,80,0,2,1,3,0,0,0,2,0,0,60,2,14295,14295,3,10,5,2,0,0,2,0
1291294,2,2022,2022,8,5,10,15,31,55,34609,0,1,9,-33.882357,151.278368,76,0,2,1,2,0,0,0,0,0,7,50,0,5929,5929,1,5,27,2,0,0,1,0
1291297,2,2022,2022,8,5,7,24,31,70,24,0,1,1,-33.434949,151.352002,16,2,2,1,3,0,0,0,2,0,7,60,1,14295,14295,3,10,36,2,0,0,1,0
1291300,1,2022,2022,8,5,9,7,31,176,34609,0,1,10,-33.969545,151.134581,25,0,2,1,2,0,0,0,0,0,7,50,0,775,775,4,5,20,2,0,0,0,1
1291301,1,2022,2022,8,5,8,3371,17,147,3342,0,1,9,-33.750786,151.147292,36,0,2,1,1,0,0,3,2,3,7,60,2,14295,14295,3,0,0,2,0,0,0,1
1291303,1,2022,2022,8,2,8,1,7,86,34609,0,1,1,-33.737111,151.21854,50,0,2,1,1,0,0,0,3,0,7,50,0,9859,9859,1,16,5,2,0,0,0,1
1291307,1,2022,2022,0,2,5,42,27,87,34609,0,1,9,-33.686159,150.952962,71,0,2,1,1,0,0,0,2,0,7,60,0,150,150,4,5,0,2,0,0,0,1
1291308,1,2022,2022,8,0,1,2209,17,273,2205,0,1,9,-34.415615,150.892781,80,0,2,1,2,0,3,0,0,0,7,60,2,9859,9859,1,5,5,2,0,0,0,1
1291310,4,2022,2022,8,0,4,113,27,78,111,0,1,1,-33.872162,150.799413,55,0,2,1,0,0,0,3,2,0,7,80,2,14295,14295,3,8,0,5,0,1,2,1
1291311,2,2022,2022,8,5,9,3371,17,44,3342,0,1,1,-33.210059,151.515933,16,2,2,0,2,0,3,3,3,0,7,70,2,4552,5151,8,5,40,1,0,0,1,0
1291313,4,2022,2022,7,1,7,23,1,147,34609,0,1,9,-33.867528,151.132016,14,0,2,1,0,0,0,0,2,0,7,50,0,2852,2852,4,0,0,2,0,2,0,0
1291314,1,2022,2022,0,6,4,14,27,163,74,0,1,1,-33.855487,151.103126,14,0,2,1,1,0,3,4,2,0,9,40,1,2040,2040,9,5,28,2,0,0,0,1
1291315,4,2022,2022,8,4,7,23,27,37,47,0,1,1,-34.668425,150.711753,35,2,1,0,0,0,0,0,2,0,7,60,1,3775,3775,0,16,13,2,0,1,0,0
1291320,2,2022,2022,8,0,9,51,31,562,34609,0,1,7,-32.250665,148.613279,22,2,1,1,2,0,0,0,2,0,0,50,0,6545,6545,4,0,5,2,0,0,2,0
1291322,2,2022,2022,8,6,7,829,27,26,770,0,1,2,-33.840613,151.14637,51,0,2,1,0,0,0,0,2,0,7,70,2,1282,1282,1,16,5,2,0,0,1,0
1291329,4,2022,2022,8,2,4,12,27,35,103,0,1,1,-32.0971,152.370928,43,2,1,0,0,0,0,0,2,0,7,60,1,1850,1463,5,16,40,2,0,1,0,0
1291334,4,2022,2022,0,0,4,2,31,33,34609,1,2,9,-34.014859,150.817146,13,0,2,1,0,0,0,0,2,0,7,40,0,323,323,1,0,5,2,0,1,1,0
1291335,4,2022,2022,7,0,9,475,31,135,34609,0,1,1,-32.889429,151.736356,48,0,2,1,1,0,0,0,3,0,7,50,0,1945,1945,5,18,40,1,0,1,0,0
1291339,1,2022,2022,8,5,8,1104,14,94,962,0,1,3,-33.790948,150.807263,55,0,2,1,3,0,0,0,3,0,7,110,2,1383,1383,1,8,5,2,0,0,0,1
1291345,4,2022,2022,0,5,6,168,27,136,34609,0,1,1,-32.925388,151.723449,48,0,2,1,1,0,0,0,2,0,7,50,0,1981,1981,4,10,5,2,0,1,0,0
1291347,4,2022,2022,8,3,4,112,27,18,769,0,1,1,-33.516446,150.477735,29,2,2,1,1,0,0,0,2,0,7,80,2,14295,14295,3,16,19,3,0,1,0,0
1291348,2,2022,2022,0,1,5,6,27,11,34609,0,1,10,-28.309296,153.410721,72,2,1,1,0,0,3,4,2,0,0,80,0,6545,6545,4,9,0,2,0,0,1,1
1291349,2,2022,2022,3,0,7,90,36,15,102,0,1,1,-34.356286,146.891112,51,1,0,1,0,0,0,6,2,0,7,100,2,14295,14295,3,5,5,2,0,0,2,0
1291354,2,2022,2022,8,3,6,346,17,106,332,0,1,1,-28.860554,153.077692,60,1,0,0,0,0,3,4,2,0,7,100,2,4552,5151,8,5,40,1,0,0,1,0
1291355,2,2022,2022,0,6,3,866,17,94,793,1,0,2,-33.882308,150.924056,24,0,2,1,0,0,3,3,2,0,7,70,2,1383,1383,1,5,13,2,0,0,1,0
1291356,4,2022,2022,8,1,7,515,14,294,518,0,1,3,-33.939714,150.924298,41,0,2,1,1,0,0,0,2,0,7,100,2,14295,14295,3,8,0,2,0,1,0,0
1291359,4,2022,2022,0,1,11,2261,17,140,2252,0,1,9,-33.897109,150.992246,15,0,2,1,2,0,0,0,0,0,0,70,2,623,623,3,30,5,2,0,1,0,0
1291360,2,2022,2022,8,3,6,9,31,129,34609,0,1,10,-33.897396,151.092012,9,0,2,1,1,0,0,0,2,0,0,50,0,6545,6545,4,10,5,3,0,0,1,0
1291361,2,2022,2022,8,6,3,67,27,157,55,0,1,10,-34.022235,151.106927,68,0,2,1,2,0,0,0,2,2,7,70,2,6545,6545,4,5,13,2,0,0,1,0
1291363,2,2022,2022,8,3,5,1,10,120,34609,0,1,1,-33.780229,150.879774,7,0,2,0,1,0,0,0,2,0,7,50,0,1957,4009,1,0,10,2,0,0,1,0
1291365,4,2022,2022,0,2,2,49,31,29,34609,1,0,1,-33.748831,151.274911,50,0,2,1,2,0,0,3,0,0,7,50,0,368,368,9,0,28,2,0,1,0,0
1291366,1,2022,2022,7,3,7,220,14,9,220,0,1,3,-34.246184,150.938467,80,0,2,1,3,0,0,0,2,0,7,110,2,14295,14295,3,5,13,2,0,0,0,1
1291372,4,2022,2022,3,3,9,67,27,100,15,0,1,1,-33.801059,151.146351,77,0,2,0,0,0,0,0,2,0,7,50,1,4552,5151,8,0,40,1,0,1,0,0
1291378,2,2022,2022,8,0,8,51,27,22,34609,0,1,1,-33.926297,150.871902,41,0,2,1,3,0,0,0,2,0,7,50,0,9859,9859,1,30,11,2,0,0,1,0
1291380,1,2022,2022,8,3,5,500,27,646,799,0,1,9,-33.932883,151.040359,15,0,2,1,3,0,0,3,2,2,7,60,2,14295,14295,3,5,5,2,0,0,0,1
1291381,2,2022,2022,8,0,4,45,31,12,34609,1,2,1,-33.782443,151.246218,50,0,2,1,3,0,3,3,2,0,7,40,0,14295,14295,3,5,5,3,0,0,1,0
1291383,2,2022,2022,3,0,10,2,7,29,34609,0,1,1,-33.916643,150.886659,41,0,2,1,1,0,0,0,3,0,7,50,0,220,220,1,5,5,3,0,0,1,0
1291384,2,2022,2022,0,6,7,3,25,8,34609,0,1,9,-34.017487,150.80457,13,0,2,0,1,0,0,3,2,0,7,60,0,1669,1669,3,5,0,2,0,0,1,1
1291386,2,2022,2022,0,2,6,205,27,86,415,0,1,2,-33.707378,151.202794,50,0,2,1,0,0,3,0,2,0,7,90,2,1109,787,1,5,0,2,0,0,1,0
1291387,1,2022,2022,8,6,6,32,27,56,62,0,1,1,-33.807741,151.199402,77,0,2,1,3,0,0,3,2,0,7,60,2,14295,14295,3,10,5,2,0,0,0,1
1291390,2,2022,2022,8,3,8,118,17,11,118,0,1,9,-31.446542,150.612681,51,1,0,0,3,0,3,4,2,0,7,100,2,2585,985,8,5,40,1,0,0,1,0
1291391,1,2022,2022,8,5,7,95,27,42,605,0,1,9,-33.651337,151.323164,50,0,2,1,3,0,0,0,2,0,0,50,2,150,150,4,5,0,2,0,0,0,1
1291392,2,2022,2022,8,2,7,73,31,532,34609,0,1,1,-33.866038,151.204282,69,0,2,1,3,0,0,0,2,0,7,40,0,4026,4026,8,5,40,1,0,0,1,0
1291394,1,2022,2022,0,3,7,361,23,204,35,0,1,1,-33.896431,150.93823,24,0,2,1,1,0,0,0,2,0,7,40,1,941,941,1,5,0,2,0,0,0,2
1291395,2,2022,2022,0,1,8,4,27,155,15,0,1,9,-33.149251,148.196729,53,2,1,1,1,0,0,0,3,0,0,80,1,775,775,4,0,2,2,0,0,1,0
1291396,1,2022,2022,8,1,6,15,10,69,34609,0,1,7,-33.775602,150.981256,54,0,2,1,0,0,0,3,2,0,0,50,0,6545,6545,4,5,5,2,0,0,0,1
1291400,4,2022,2022,0,4,4,3371,17,100,3342,0,1,10,-33.805458,151.179265,38,0,2,1,1,0,0,0,2,2,9,60,2,2040,2040,9,5,28,2,0,1,0,0
1291409,2,2022,2022,8,4,6,29,27,85,27,0,1,1,-34.570336,150.779732,62,0,2,1,3,0,0,0,2,0,7,50,2,941,941,1,5,10,3,0,0,1,0
1291410,2,2022,2022,8,2,7,7,7,433,34609,0,1,1,-33.267558,149.073753,52,2,1,1,3,0,0,0,2,0,7,50,0,1282,1282,1,22,27,2,0,0,1,0
1291412,2,2022,2022,0,0,5,829,27,304,140,0,1,1,-33.908441,151.163235,32,0,2,1,3,0,0,0,2,0,7,60,1,387,387,1,22,10,3,0,0,1,1
1291420,2,2022,2022,8,0,8,42,31,106,34609,0,1,10,-28.864196,153.043282,60,2,1,1,3,0,3,3,3,0,0,50,0,6545,6545,4,10,5,2,0,0,1,0
1291421,1,2022,2022,8,5,2,9,31,39,34609,1,0,7,-33.761311,150.931395,7,0,2,0,3,0,3,4,0,0,0,50,0,6545,6545,4,0,5,2,0,0,0,1
1291422,1,2022,2022,0,0,8,515,14,42,518,0,1,3,-33.941694,150.939219,41,0,2,1,3,0,0,0,2,0,7,100,2,1391,1391,1,5,36,2,0,0,0,1
1291423,2,2022,2022,8,4,10,6,25,175,208,0,1,10,-33.773788,151.083059,54,0,2,1,3,0,0,6,0,2,7,60,2,312,312,2,19,40,1,0,0,1,0
1291424,2,2022,2022,8,0,9,280,10,314,82,1,0,10,-33.853183,150.938294,24,0,2,1,2,0,0,0,0,2,7,60,1,14295,14295,3,0,5,3,0,0,1,0
1291426,2,2022,2022,8,5,8,109,27,460,106,0,1,9,-33.835634,150.985465,21,0,2,1,2,0,0,0,3,0,0,60,1,5929,5929,1,5,0,2,0,0,1,0