Crash ID,Degree of crash - detailed,Reporting year,Year of crash,Month of crash,Day of week of crash,Two-hour intervals,Street of crash,Street type,Town,Route no.,School zone location,School zone active,Type of location,Latitude,Longitude,LGA,Urbanisation,Conurbation 1,Alignment,Street lighting,Road surface,Surface condition,Weather,Natural lighting,Signals operation,Other traffic control,Speed limit,Road classification,RUM - code,DCA - code,First impact type,Key TU type,Other TU type,No. of traffic units involved,No. killed,No. seriously injured,No. moderately injured,No. minor-other injured
1291428,4,2022,2022,0,4,7,15,27,11,34609,0,1,9,-28.235201,153.483414,72,2,1,1,0,0,0,3,2,0,7,80,0,9859,9859,8,10,40,1,0,1,1,0
1291429,4,2022,2022,7,2,8,119,31,36,34609,0,1,9,-32.964879,151.603397,37,0,2,0,1,0,0,0,2,0,7,50,0,2585,4009,8,5,40,1,0,1,0,0
1291431,2,2022,2022,8,5,3,515,14,294,518,0,1,3,-33.939401,150.922812,41,0,2,1,1,0,0,0,2,0,7,100,2,14295,14295,3,9,13,4,0,0,2,0
1291434,2,2022,2022,0,0,7,478,17,70,480,0,1,10,-33.439528,151.356585,16,2,2,1,1,0,3,4,2,0,15,60,2,5929,5929,1,0,36,2,0,0,1,1
1291435,4,2022,2022,7,6,6,224,27,102,321,1,0,1,-33.942265,151.195212,4,0,2,1,1,0,0,0,2,0,7,50,2,9859,9859,8,15,40,1,0,1,0,0
1291438,4,2022,2022,0,2,5,38,27,337,35,0,1,9,-33.717278,150.974992,71,0,2,1,1,0,0,0,2,0,15,60,1,2852,2852,4,0,0,2,0,1,0,1
1291443,2,2022,2022,7,4,7,2,27,37,34609,0,1,1,-30.977367,151.619215,51,1,0,0,0,0,3,4,2,0,7,100,0,4552,5151,8,10,40,1,0,0,1,0
1291445,2,2022,2022,8,6,7,346,17,106,332,0,1,9,-28.869947,153.034842,60,2,1,1,1,0,0,0,2,0,7,50,2,323,323,1,0,10,2,0,0,1,0
1291447,4,2022,2022,0,2,5,6,34,10,34609,0,1,1,-31.439668,151.291155,70,2,1,1,0,2,3,0,2,0,7,60,0,475,475,5,16,40,1,0,1,0,0
1291448,2,2022,2022,0,2,0,23,1,64,13,0,1,10,-33.708904,150.75678,55,0,2,1,2,0,0,0,0,0,7,60,1,121,121,9,33,28,2,0,0,1,0
1291451,1,2022,2022,8,2,3,48,31,122,34609,0,1,7,-33.422805,151.342687,16,2,2,1,1,0,0,0,2,0,0,40,0,1945,1945,5,16,40,1,0,0,0,1
1291453,2,2022,2022,7,3,8,17,27,90,28,0,1,9,-33.787302,150.950147,21,0,2,1,3,0,0,0,2,2,7,60,1,2852,2852,4,5,5,2,0,0,1,0
1291454,4,2022,2022,7,0,0,220,14,58,220,0,1,3,-34.406785,150.883692,80,0,2,1,2,0,3,4,0,0,7,80,2,1220,1220,9,3,28,2,0,1,1,0
1291455,2,2022,2022,0,2,5,8,31,137,34609,1,0,7,-34.033902,151.058263,68,0,2,1,1,0,0,0,2,0,0,50,0,945,945,5,10,40,1,0,0,1,0
1291460,2,2022,2022,8,3,10,478,17,50,480,0,1,9,-33.234689,151.556134,16,2,2,1,2,0,0,0,0,0,0,50,2,9859,9859,8,0,40,1,0,0,1,0
1291464,1,2022,2022,0,4,10,2126,17,171,2149,0,1,10,-33.812996,150.958629,21,0,2,1,3,0,0,0,0,2,7,80,2,5929,5929,1,5,0,2,0,0,0,2
1291469,2,2022,2022,0,2,1,175,27,609,220,0,1,9,-33.7661,150.912801,7,0,2,1,2,0,0,0,0,2,7,60,2,489,489,8,5,40,1,0,0,1,0
1291470,2,2022,2022,3,0,3,191,17,24,189,0,1,9,-32.031824,149.356147,51,1,0,1,0,0,0,0,1,0,7,100,2,1089,1089,7,5,40,1,0,0,1,0
1291471,4,2022,2022,8,1,7,18,27,53,5,0,1,1,-33.768988,151.162359,36,0,2,1,1,0,0,0,2,0,7,50,1,9859,9859,1,0,12,3,0,1,0,0
1291476,2,2022,2022,8,2,10,280,10,162,82,0,1,9,-33.850231,150.909149,24,0,2,1,3,0,3,3,4,2,7,60,1,5929,5929,1,5,5,2,0,0,1,0
1291481,1,2022,2022,8,5,7,13,27,70,34609,0,1,1,-33.883834,150.882009,24,0,2,1,3,0,0,0,2,0,7,50,0,14295,14295,3,5,36,2,0,0,0,1
1291488,2,2022,2022,8,6,8,7,27,2,48,0,1,1,-32.648654,151.589778,42,1,0,0,3,0,3,4,2,0,7,100,1,2585,4009,8,30,40,1,0,0,1,0
1291489,1,2022,2022,8,2,5,512,17,562,441,0,1,2,-32.254392,148.609608,22,2,1,1,3,0,0,0,2,0,7,60,2,14295,14295,3,5,0,3,0,0,0,1
1291493,2,2022,2022,8,0,8,512,17,19,441,0,1,9,-32.398799,148.831161,22,2,1,1,2,0,0,0,0,0,0,50,2,926,926,4,10,13,2,0,0,1,0
1291494,4,2022,2022,8,1,8,59,31,107,321,0,1,1,-33.877466,151.198423,69,0,2,1,1,0,0,0,2,0,7,50,2,1220,1220,9,21,28,2,0,1,0,0
1291495,2,2022,2022,0,4,11,92,27,143,34609,0,1,7,-33.882858,151.102506,9,0,2,1,2,0,0,0,0,0,0,50,0,1282,1282,1,5,5,2,0,0,2,0
1291496,2,2022,2022,7,5,7,308,14,323,311,0,1,3,-33.816263,150.851815,7,0,2,1,0,0,3,4,2,0,7,40,2,14295,14295,3,9,5,4,0,0,1,0
1291497,2,2022,2022,8,0,7,3371,17,36,3342,0,1,9,-33.627975,151.14804,31,0,2,1,3,0,0,0,2,0,7,60,2,2852,2852,4,5,13,2,0,0,1,0
1291501,2,2022,2022,8,4,9,10,27,115,80,0,1,10,-33.879875,151.187041,69,0,2,1,0,0,3,4,0,3,7,40,2,2040,2040,9,5,28,2,0,0,1,0
1291502,2,2022,2022,0,3,10,15,31,38,34609,0,1,4,-33.765667,150.795128,55,0,2,0,2,0,0,0,0,0,7,50,0,4552,5151,8,5,40,2,0,0,1,0
1291503,2,2022,2022,7,5,6,133,31,43,34609,0,1,9,-32.172955,152.497625,43,2,1,1,0,0,3,0,2,0,7,50,0,6545,6545,4,22,12,2,0,0,1,0
1291505,2,2022,2022,8,6,4,15,27,6,34609,0,1,1,-31.041177,150.970208,70,2,1,0,0,0,0,0,2,0,7,80,0,1259,5151,8,5,40,1,0,0,1,0
1291507,2,2022,2022,0,0,7,1,27,2,34609,0,1,1,-32.621971,149.288848,44,1,0,1,0,2,0,0,2,0,7,100,0,3775,3775,0,30,13,2,0,0,2,0
1291509,4,2022,2022,8,6,9,29,31,120,34609,0,1,1,-33.755347,150.865155,7,0,2,1,2,0,0,0,0,0,7,60,0,3775,3775,0,5,5,2,0,1,1,0
1291513,4,2022,2022,8,6,9,8,31,113,34609,0,1,1,-29.477986,149.843047,51,2,1,0,2,0,0,0,3,0,7,50,0,186,186,9,0,28,3,0,2,0,0
1291514,2,2022,2022,8,0,9,3371,17,20,3342,0,1,2,-33.077743,151.650868,37,0,2,1,2,0,0,0,0,0,7,70,2,14295,14295,3,10,5,3,0,0,1,0
1291515,4,2022,2022,0,1,2,89,36,3,17,0,1,1,-29.585588,152.781539,18,2,1,0,0,0,0,0,1,0,7,50,1,4552,5151,8,5,40,1,0,1,0,0
1291516,2,2022,2022,8,0,4,45,27,6,44,0,1,9,-33.825042,151.150062,38,0,2,1,2,0,3,4,2,2,7,60,2,14295,14295,3,5,5,2,0,0,1,0
1291518,4,2022,2022,7,1,10,2,27,3,34609,0,1,1,-28.879185,153.528715,2,2,1,0,0,0,3,4,0,0,7,80,0,4552,5151,8,5,40,1,0,1,0,0
1291520,4,2022,2022,8,5,7,3371,17,89,3342,0,1,2,-28.221746,153.552324,72,1,0,0,0,0,3,3,2,0,7,100,2,1259,5151,8,5,40,2,0,1,1,0
1291522,2,2022,2022,8,6,2,866,17,278,793,0,1,9,-33.777714,151.051952,54,0,2,1,2,0,0,0,1,2,7,60,2,5929,5929,1,0,13,4,0,0,1,0
1291526,4,2022,2022,8,3,5,10,27,56,174,0,1,9,-32.986972,151.518272,37,0,2,1,0,0,0,0,2,0,15,80,2,2852,2852,4,5,25,2,0,1,1,1
1291530,4,2022,2022,0,5,3,330,27,121,102,0,1,1,-33.786993,151.282985,50,0,2,1,0,0,3,3,2,0,7,50,2,340,340,9,0,28,4,0,1,0,0
1291531,4,2022,2022,8,5,8,39,27,6,29,0,1,1,-32.350249,149.721679,44,1,0,1,0,0,0,0,2,0,7,100,1,9859,9859,8,0,40,1,0,2,0,0
1291533,2,2022,2022,7,2,5,14,1,207,34609,0,1,9,-31.983588,141.46883,51,2,1,1,1,0,0,0,2,0,0,50,0,63,63,4,0,0,2,0,0,1,0
1291537,2,2022,2022,0,3,11,8,1,346,144,0,1,1,-33.869224,151.092548,14,0,2,0,2,0,0,0,0,0,7,60,2,4552,5151,8,0,40,1,0,0,1,0
1291539,4,2022,2022,3,3,6,68,27,278,67,0,1,9,-33.769716,151.036978,54,0,2,1,1,0,0,0,2,0,15,60,1,2852,2852,4,5,36,2,0,1,0,0
1291540,2,2022,2022,3,3,3,7,27,45,34609,0,1,1,-34.295019,150.584013,79,2,2,1,1,0,3,0,1,0,7,60,0,9859,9859,8,5,40,1,0,0,1,0
1291546,2,2022,2022,8,0,5,34,10,19,40,0,1,10,-35.855808,150.163194,23,1,0,1,3,0,0,0,2,0,0,100,1,6545,6545,4,0,0,2,0,0,1,0
1291547,4,2022,2022,0,4,7,866,17,157,793,0,1,2,-33.792458,151.007064,54,0,2,1,0,0,0,0,2,0,7,90,2,14295,14295,3,0,5,6,0,1,0,0
1291548,2,2022,2022,7,4,7,11,22,293,34609,0,1,7,-33.927925,151.059677,15,0,2,1,0,0,0,0,2,0,0,50,0,6545,6545,4,5,19,2,0,0,1,0
1291549,2,2022,2022,7,1,11,1104,14,438,962,0,1,3,-33.835456,151.03016,21,0,2,1,2,0,0,0,0,0,8,90,2,14295,14295,3,5,41,3,0,0,1,0
1291550,2,2022,2022,7,2,4,44,27,119,126,0,1,7,-32.754843,151.76189,57,2,1,1,1,0,3,4,2,0,0,60,2,1957,777,8,5,40,1,0,0,2,0
1291556,2,2022,2022,0,2,8,7,27,2,48,0,1,1,-32.376883,151.792851,51,1,0,0,3,0,3,0,2,0,7,100,2,4552,5151,8,16,40,1,0,0,1,0
1291560,2,2022,2022,8,6,7,48,6,463,34609,0,1,9,-30.280727,153.125386,19,2,1,1,3,0,0,0,2,0,7,50,0,2852,2852,4,0,5,2,0,0,1,0
1291562,1,2022,2022,7,6,7,485,27,337,769,0,1,9,-33.719593,150.96364,71,0,2,1,3,0,0,3,2,0,15,60,2,515,515,1,9,5,2,0,0,0,1
1291568,4,2022,2022,0,0,6,17,31,228,39,1,0,7,-34.75666,149.713606,26,2,1,1,1,0,0,0,2,0,0,50,2,6545,6545,4,0,19,2,0,1,1,0
1291570,2,2022,2022,7,0,11,11,27,9,34609,0,1,1,-28.426296,153.384768,72,2,1,0,0,0,3,4,0,0,7,50,0,1850,1463,5,30,40,1,0,0,1,0
1291571,2,2022,2022,8,5,9,2126,17,80,2149,0,1,9,-33.746733,150.678065,55,0,2,0,2,0,0,3,3,2,7,60,2,2852,2852,4,0,36,2,0,0,1,0
1291572,4,2022,2022,8,3,9,63,36,30,16,0,1,1,-32.637348,152.138338,43,2,1,0,0,0,0,0,0,0,7,80,1,4552,5151,8,10,40,1,0,2,0,0
1291574,4,2022,2022,8,5,3,7,31,77,34609,0,1,10,-32.941355,151.75331,48,0,2,1,1,0,0,0,2,0,0,50,0,2040,2040,9,10,28,2,0,1,0,0
1291575,2,2022,2022,8,5,10,59,31,130,321,0,1,10,-33.871425,151.194928,69,0,2,1,2,0,0,0,0,2,7,50,2,5929,5929,1,5,18,2,0,0,1,0
1291580,2,2022,2022,8,5,0,118,31,106,34609,0,1,1,-33.930301,151.089754,15,0,2,1,2,0,3,4,0,0,7,50,0,9859,9859,1,5,0,2,0,0,1,0
1291581,2,2022,2022,7,0,10,2261,17,70,2252,0,1,10,-34.536881,150.281117,78,1,0,1,0,0,3,4,0,0,0,110,2,6545,6545,4,0,35,2,0,0,2,0
1291586,2,2022,2022,0,2,4,24,27,7,24,0,1,1,-28.307188,153.308427,72,2,1,0,0,0,3,0,2,0,7,80,1,782,957,5,16,40,1,0,0,1,0
1291587,4,2022,2022,8,5,7,1,1,163,34609,0,1,9,-33.862138,151.097435,14,0,2,1,0,0,0,0,2,0,7,50,0,2040,2040,9,0,28,2,0,1,0,0
1291589,2,2022,2022,8,3,8,100,27,68,78,0,1,1,-33.680064,149.837521,51,1,0,0,0,0,0,0,3,0,7,100,2,1259,5151,8,10,40,1,0,0,1,0
1291590,4,2022,2022,0,3,7,3,27,17,34609,0,1,1,-28.552546,153.233762,39,2,1,1,0,0,0,0,2,0,7,80,0,1089,1089,7,16,40,1,0,1,0,0
1291596,4,2022,2022,0,2,0,177,22,49,176,0,1,2,-34.046512,151.135134,68,0,2,1,2,0,0,0,0,0,7,70,2,9859,9859,1,0,13,3,0,2,1,0
1291598,4,2022,2022,8,5,6,346,17,87,332,0,1,2,-28.811463,153.306135,39,2,1,1,1,0,3,3,2,0,7,60,2,9859,9859,8,5,40,1,0,1,0,0
1291601,4,2022,2022,8,5,4,2126,17,65,2149,0,1,2,-33.809575,150.946104,21,0,2,1,1,0,0,0,2,0,7,80,2,1383,1383,1,5,5,2,0,1,1,0
1291604,2,2022,2022,8,3,5,2261,17,284,2252,1,0,9,-33.90764,151.025985,15,0,2,1,0,0,0,0,2,2,7,60,2,5929,5929,1,5,27,2,0,0,1,0
1291605,2,2022,2022,8,1,4,26,31,646,34609,0,1,1,-33.911213,151.032521,15,0,2,1,1,0,0,0,2,0,7,60,0,9859,9859,8,5,40,1,0,0,1,0
1291609,2,2022,2022,0,3,1,36,27,73,35,0,1,1,-33.891469,151.168817,32,0,2,0,2,0,0,0,0,0,7,50,1,1957,4009,1,10,5,3,0,0,1,0
1291611,2,2022,2022,0,1,6,125,27,32,144,0,1,7,-32.769102,152.065761,57,2,1,1,1,0,3,4,2,0,0,80,2,14295,14295,3,34,5,2,0,0,1,1
1291615,1,2022,2022,8,5,3,2261,17,35,2252,0,1,2,-34.911954,148.169298,20,1,0,0,0,0,0,0,1,0,7,110,2,418,714,5,3,40,1,0,0,0,1
1291616,4,2022,2022,0,2,9,9,10,30,26,0,1,7,-34.037883,150.80226,13,0,2,1,0,0,0,3,0,0,15,60,1,2852,2852,4,5,5,2,0,1,0,0
1291617,4,2022,2022,0,0,6,1,27,10,34609,0,1,1,-29.615258,151.867235,51,2,1,0,0,2,0,0,2,0,7,50,0,4552,5151,8,5,40,1,0,1,1,0
1291627,1,2022,2022,0,1,8,128,27,74,133,0,1,9,-33.769188,150.676625,55,0,2,1,3,0,0,0,2,2,7,60,2,14295,14295,3,10,0,3,0,0,0,1
1291647,4,2022,2022,3,6,4,346,17,44,332,0,1,1,-28.812916,153.39361,2,2,1,1,0,0,3,4,2,0,7,80,2,1192,1192,1,10,10,2,0,1,0,0
1291678,1,2021,2021,7,1,9,16,31,94,34609,0,1,1,-33.779323,150.801799,55,0,2,0,2,0,3,4,0,0,7,50,0,3775,3775,0,0,5,2,0,0,0,1
1291679,2,2022,2022,7,2,2,79,10,80,34609,0,1,9,-33.879112,151.201025,69,0,2,1,2,0,0,0,0,2,7,50,0,9859,9859,8,5,40,1,0,0,1,0
1291680,4,2022,2022,7,1,3,78,17,17,75,0,1,8,-33.853833,151.209751,69,0,2,1,1,0,0,3,2,0,7,70,2,3775,3775,0,0,12,3,0,1,2,0
1291681,4,2022,2022,0,6,6,1,27,11,34609,0,1,1,-31.536478,152.539575,56,2,1,0,0,0,0,0,2,0,7,60,0,782,957,5,16,40,1,0,1,0,0
1291682,1,2022,2022,7,3,3,104,27,443,702,0,1,2,-33.914396,151.062997,15,0,2,1,3,0,0,3,2,0,7,60,2,9859,9859,8,0,40,2,0,0,0,1
1291686,4,2022,2022,7,1,6,171,27,24,369,0,1,10,-33.995047,150.726219,12,0,2,1,1,0,3,4,2,2,7,80,2,6545,6545,4,5,0,2,0,2,0,0
1291688,4,2022,2022,7,3,7,6,1,443,702,0,1,9,-33.91676,151.064019,15,0,2,1,1,0,0,0,2,0,0,60,2,1282,1282,1,30,19,2,0,1,0,0
1291690,2,2022,2022,7,3,7,10,27,9,13,0,1,1,-32.841592,144.060297,51,1,0,1,0,2,0,0,2,0,7,100,1,1945,1945,5,16,40,1,0,0,1,0
1291696,2,2022,2022,0,6,10,20,31,387,34609,0,1,1,-33.92523,151.193304,4,0,2,1,2,0,0,0,0,0,7,50,0,1945,1945,5,22,40,1,0,0,1,0
1291698,4,2022,2022,7,1,4,11,31,78,51,0,1,1,-33.858309,151.084746,14,0,2,1,1,0,0,0,2,0,9,50,1,591,591,1,22,5,2,0,1,0,0
1291699,4,2022,2022,0,5,7,26,31,204,11,0,1,10,-33.890519,151.125478,32,0,2,1,1,0,0,0,2,2,7,50,1,2040,2040,9,10,28,3,0,1,1,0
1291700,4,2022,2022,0,1,6,2,27,32,34609,0,1,1,-32.779708,152.085651,57,2,1,1,0,0,0,0,2,0,7,50,0,368,368,9,5,28,3,0,1,0,0
1291702,4,2022,2022,7,0,5,103,27,149,167,0,1,10,-34.001098,151.126704,4,0,2,1,1,0,0,0,2,2,7,70,2,5929,5929,1,5,35,2,0,1,0,0
1291703,4,2022,2022,7,2,8,2126,17,12,2149,0,1,1,-33.685473,150.287879,8,2,2,0,0,0,3,3,3,0,7,70,2,3775,3775,0,5,5,2,0,1,1,0
1291704,4,2022,2022,7,4,5,1,27,27,34609,0,1,1,-32.644814,151.369752,64,2,1,0,0,0,0,0,2,0,7,60,0,1957,4009,8,5,40,1,0,1,0,0
1291706,2,2022,2022,7,3,8,109,27,137,105,0,1,9,-33.896429,150.911942,24,0,2,1,0,0,0,0,2,0,0,60,2,2852,2852,4,0,19,2,0,0,1,0
1291709,2,2022,2022,7,5,2,123,36,10,49,0,1,1,-30.246866,151.138946,51,1,0,0,0,0,0,0,0,0,7,100,1,4552,5151,8,8,40,1,0,0,1,0
1291710,4,2022,2022,0,3,7,158,27,68,207,0,1,2,-33.875828,151.246341,81,0,2,0,1,0,0,0,2,0,7,60,2,238,238,9,0,28,3,0,2,1,0
1291711,2,2022,2022,7,3,5,204,31,252,34609,0,1,1,-33.886252,151.215494,69,0,2,1,0,0,0,0,2,0,7,40,0,340,340,9,22,28,2,0,0,1,0
1291712,2,2022,2022,7,2,8,346,17,7,332,0,1,1,-28.863871,153.496185,2,1,0,1,0,0,0,0,2,0,7,100,2,1192,1192,1,10,5,2,0,0,1,0
1291715,4,2022,2022,0,3,2,3371,17,58,3342,0,1,2,-32.78643,151.730897,57,2,1,1,0,0,3,4,0,0,7,70,2,2040,2040,9,5,28,2,0,1,0,0
1291717,2,2022,2022,7,4,5,916,17,77,917,0,1,9,-32.567356,151.178933,64,2,1,1,1,0,3,4,2,0,7,50,2,1981,1981,4,0,0,2,0,0,1,1
1291718,1,2022,2022,7,5,6,48,31,72,44,0,1,10,-33.828899,151.221977,49,0,2,1,1,0,3,4,2,2,7,50,1,6545,6545,4,0,5,2,0,0,0,1
1291719,4,2022,2022,0,1,7,149,36,21,81,0,1,9,-32.125825,152.487633,43,1,0,1,0,0,0,0,2,0,7,100,2,1669,1669,3,10,13,4,0,1,0,3
1291720,4,2022,2022,8,0,9,92,31,172,17,0,1,1,-32.753097,151.586714,42,2,1,1,2,0,0,0,0,0,7,50,1,1109,787,1,0,5,2,0,1,0,0
1291721,2,2022,2022,7,2,10,48,10,135,58,0,1,9,-32.890916,151.740667,48,0,2,1,2,0,3,0,0,2,7,80,2,5929,5929,1,10,5,2,0,0,1,1
1291723,4,2022,2022,8,4,6,21,27,20,34609,0,1,1,-33.268274,151.336814,16,2,2,0,0,0,0,0,2,0,7,80,0,3775,3775,0,5,13,2,0,1,0,1
1291724,1,2022,2022,8,1,2,1104,14,283,962,0,1,3,-33.827662,151.015418,54,0,2,0,3,0,0,0,1,0,7,90,2,14295,14295,3,5,5,4,0,0,0,1
1291727,4,2022,2022,7,3,7,3371,17,25,3342,0,1,2,-32.68424,151.812037,57,1,0,0,0,0,0,3,2,0,7,110,2,1957,4009,8,0,40,1,0,1,0,0
1291728,1,2022,2022,7,5,5,2261,17,228,2252,0,1,2,-34.769939,149.758974,26,1,0,0,0,0,3,4,2,0,7,110,2,14295,14295,3,9,2,2,0,0,0,1
1291732,2,2022,2022,8,1,2,125,27,38,144,0,1,2,-32.792144,151.953156,57,2,1,1,0,0,0,0,1,0,7,80,2,14295,14295,3,5,13,2,0,0,2,0
1291733,4,2022,2022,8,3,4,171,27,113,369,0,1,10,-33.793639,150.699254,55,0,2,1,1,0,0,0,2,2,7,70,2,2852,2852,4,0,0,2,0,1,1,0
1291734,1,2022,2022,8,4,4,224,27,246,321,0,1,10,-33.901489,151.201136,69,0,2,1,0,0,0,0,2,2,7,50,2,1669,1669,3,29,19,2,0,0,0,1
1291735,2,2022,2022,7,5,9,220,27,66,222,0,1,10,-33.712047,150.933509,7,0,2,1,2,0,0,0,3,2,7,80,2,14295,14295,3,5,0,2,0,0,1,0
1291739,2,2022,2022,8,0,2,39,27,11,43,0,1,1,-32.540884,149.646989,44,1,0,0,0,0,0,0,0,0,7,100,1,273,957,5,5,40,1,0,0,1,0
1291741,4,2022,2022,8,0,6,23,10,112,23,0,1,1,-33.913419,150.940328,41,0,2,1,3,0,0,0,2,0,7,60,1,4026,4026,8,10,40,1,0,1,0,0
1291742,2,2022,2022,8,1,11,6,27,53,34609,0,1,1,-31.873717,152.369897,43,2,1,1,3,0,0,0,0,0,7,50,0,1945,1945,5,5,40,1,0,0,1,0
1291745,1,2022,2022,8,1,6,10,31,387,64,0,1,10,-33.931314,151.184175,4,0,2,1,3,0,0,0,2,2,9,70,2,14295,14295,3,30,5,2,0,0,0,1
1291746,1,2022,2022,8,4,9,2209,17,45,2205,0,1,9,-33.88774,151.193168,69,0,2,1,3,0,0,0,0,2,7,50,2,395,395,1,10,0,2,0,0,0,1
1291748,2,2022,2022,8,4,6,44,31,157,34609,0,1,10,-33.801671,151.008353,54,0,2,1,3,0,0,0,2,0,15,50,0,6545,6545,4,9,5,2,0,0,1,0
1291749,2,2022,2022,7,0,6,71,36,26,139,0,1,1,-33.66892,145.541391,51,1,0,1,3,0,0,0,2,0,7,100,2,9859,9859,8,5,40,1,0,0,1,0
1291751,1,2022,2022,8,1,9,37,31,337,217,0,1,10,-33.73289,151.006986,71,0,2,1,3,0,0,0,0,2,7,60,2,623,623,3,10,12,2,0,0,0,1
1291752,1,2022,2022,8,0,9,1104,14,149,962,0,1,3,-33.816132,150.96387,21,0,2,1,3,0,0,0,0,0,7,90,2,14295,14295,3,0,0,3,0,0,0,1
1291756,4,2022,2022,8,0,4,10,1,133,34609,0,1,1,-33.928213,151.019175,15,0,2,1,0,0,0,0,2,0,7,50,0,1981,1981,4,5,19,2,0,1,0,0
1291760,1,2022,2022,8,1,2,387,27,290,331,1,0,9,-33.947592,151.127945,4,0,2,1,3,0,3,0,1,0,7,60,2,14295,14295,3,5,5,2,0,0,0,1
1291765,4,2022,2022,8,5,4,11,1,72,74,0,1,10,-33.840072,151.091281,14,0,2,1,1,0,0,0,2,0,0,50,1,6545,6545,4,5,27,2,0,1,0,0
1291767,2,2022,2022,8,0,4,224,27,102,321,0,1,9,-33.954847,151.204962,4,0,2,0,1,0,0,0,2,0,15,50,2,3775,3775,0,5,12,3,0,0,1,0
1291768,2,2022,2022,8,2,8,1,27,194,34609,0,1,1,-30.443873,151.589703,1,2,1,0,0,0,0,0,0,0,7,80,0,1957,4009,8,5,40,1,0,0,1,0
1291773,2,2022,2022,8,2,8,13,31,55,34609,1,0,9,-33.885354,151.274188,76,0,2,1,0,0,0,0,2,0,7,50,0,1109,787,1,5,18,2,0,0,1,0
1291774,4,2022,2022,8,0,9,82,31,179,369,0,1,2,-33.763673,150.710005,55,0,2,0,2,0,0,0,0,0,7,70,2,1850,1463,5,10,40,1,0,1,1,0
1291778,2,2022,2022,8,2,4,41,27,228,69,0,1,10,-34.73155,149.734673,26,2,1,0,1,0,0,0,2,0,0,60,1,144,144,1,5,27,2,0,0,1,0
1291780,2,2022,2022,8,6,8,16,27,25,174,1,0,9,-32.841191,151.36494,17,2,1,1,1,0,0,0,2,0,7,60,2,220,220,8,5,40,1,0,0,1,0
1291781,2,2022,2022,8,1,8,4,27,14,34609,0,1,1,-35.790035,150.175991,23,2,1,0,0,0,3,4,0,0,7,80,0,1259,5151,8,5,40,1,0,0,1,3
1291782,2,2022,2022,8,2,5,11,27,2,30,0,1,1,-28.283323,153.37505,72,2,1,0,0,0,0,0,2,2,7,80,1,1850,1463,5,16,40,1,0,0,1,0
1291783,4,2022,2022,8,4,3,829,27,125,770,0,1,9,-33.826665,151.126314,61,0,2,1,0,0,0,0,2,0,7,60,2,515,515,1,10,19,2,0,1,0,0
1291784,2,2022,2022,8,1,10,19,27,120,34609,0,1,1,-33.766042,150.876609,7,0,2,1,2,0,0,0,0,0,7,50,0,9859,9859,1,0,36,2,0,0,1,0
1291787,1,2022,2022,7,4,0,168,10,387,260,0,1,2,-33.946051,151.179109,4,0,2,1,2,0,3,4,0,0,7,70,2,1282,1282,1,29,5,2,0,0,0,1
1291788,2,2022,2022,7,2,5,59,31,32,34609,0,1,1,-30.216578,151.676868,1,2,1,1,1,0,0,0,2,0,7,50,0,9859,9859,8,5,40,1,0,0,1,0
1291789,4,2022,2022,7,5,4,222,27,73,34609,0,1,9,-33.714366,150.706606,55,0,2,1,0,0,0,0,2,0,7,50,0,941,941,1,5,12,2,0,1,1,0
1291790,4,2022,2022,0,1,5,916,17,104,917,0,1,2,-32.81658,151.678473,48,0,2,1,1,0,0,0,2,0,7,80,2,14295,14295,3,29,5,3,0,1,0,0
1291792,4,2022,2022,7,4,6,53,36,3,34,0,1,1,-33.373834,148.584509,11,1,0,0,0,0,0,0,2,0,7,100,2,3775,3775,0,5,0,2,0,1,0,1
1291800,2,2022,2022,8,5,4,485,27,52,769,0,1,9,-33.700128,150.92862,7,0,2,1,1,0,0,0,2,1,7,80,2,1282,1282,1,33,19,2,0,0,1,0
1291805,1,2022,2022,8,2,5,169,27,24,61,0,1,1,-33.821996,151.169457,38,0,2,1,3,0,0,0,2,0,7,50,1,1981,1981,4,0,13,2,0,0,0,1
1291807,1,2022,2022,8,5,7,75,10,123,165,0,1,2,-33.916504,151.211937,59,0,2,1,3,0,0,0,2,0,7,80,2,14295,14295,3,10,5,2,0,0,0,1
1291808,1,2022,2022,8,0,8,7,27,87,34609,1,2,1,-33.697156,150.963815,71,0,2,1,3,0,0,0,2,0,7,40,0,1391,1391,1,0,5,2,0,0,0,1
1291811,1,2022,2022,0,6,9,42,31,52,13,0,1,7,-33.902832,151.259815,76,0,2,1,3,0,0,0,2,0,0,50,1,6545,6545,4,0,27,2,0,0,0,1
1291815,4,2022,2022,4,5,6,1,27,1,34609,0,1,1,-31.799852,152.714911,43,2,1,1,0,2,0,0,2,0,7,60,0,1945,1945,5,16,40,1,0,1,0,0
1291817,1,2022,2022,8,0,8,40,27,73,34609,1,0,9,-35.132873,147.376798,75,2,1,1,3,0,0,0,4,0,7,60,0,775,775,4,5,5,2,0,0,0,1
1291820,2,2022,2022,6,6,8,500,27,80,160,0,1,9,-33.97022,150.900116,13,0,2,1,3,0,0,3,0,0,0,60,2,2852,2852,4,5,5,2,0,0,1,0
1291821,2,2022,2022,8,4,9,475,10,100,268,0,1,2,-33.892117,150.887631,24,0,2,1,3,0,3,4,3,0,7,60,2,14295,14295,3,8,12,4,0,0,1,0
1291822,1,2022,2022,8,0,7,3371,17,131,3342,0,1,9,-33.78326,151.174789,36,0,2,0,3,0,0,0,2,2,7,60,2,83,83,1,0,5,3,0,0,0,1
1291823,4,2022,2022,8,2,9,6,27,316,34609,0,1,1,-33.923108,151.243911,59,0,2,1,2,0,0,0,0,0,7,50,0,1981,1981,4,10,18,2,0,1,0,0