Crash ID,Degree of crash - detailed,Reporting year,Year of crash,Month of crash,Day of week of crash,Two-hour intervals,Street of crash,Street type,Town,Route no.,School zone location,School zone active,Type of location,Latitude,Longitude,LGA,Urbanisation,Conurbation 1,Alignment,Street lighting,Road surface,Surface condition,Weather,Natural lighting,Signals operation,Other traffic control,Speed limit,Road classification,RUM - code,DCA - code,First impact type,Key TU type,Other TU type,No. of traffic units involved,No. killed,No. seriously injured,No. moderately injured,No. minor-other injured
1291824,4,2022,2022,0,5,6,2126,17,438,2149,0,1,1,-33.837457,151.026067,21,0,2,1,1,0,0,0,2,0,7,60,2,3775,3775,0,5,10,2,0,1,1,0
1291828,1,2022,2022,8,5,8,89,31,532,34609,0,1,9,-33.864394,151.204764,69,0,2,1,1,0,0,0,2,2,9,40,0,1220,1220,9,10,28,2,0,0,0,1
1291834,2,2022,2022,8,6,5,9,1,48,34609,0,1,7,-32.71775,152.159801,57,2,1,1,1,0,0,0,2,0,0,50,0,6545,6545,4,5,19,2,0,0,1,1
1291838,2,2022,2022,7,6,0,3,27,14,34609,0,1,1,-28.958633,153.454549,2,2,1,0,0,0,0,0,0,0,7,80,0,2585,4009,8,5,40,1,0,0,3,1
1291839,2,2022,2022,8,3,2,33,7,120,34609,0,1,1,-33.763481,150.869661,7,0,2,1,2,0,0,0,0,0,7,50,0,9859,9859,1,0,13,2,0,0,1,0
1291841,2,2022,2022,8,4,8,4,27,247,34609,1,0,9,-33.818423,150.951758,21,0,2,1,2,0,3,4,3,2,7,50,0,5929,5929,1,5,0,2,0,0,1,0
1291846,2,2022,2022,7,4,7,42,31,82,118,0,1,9,-31.083561,150.923286,70,2,1,1,0,0,0,3,2,0,7,60,2,489,489,8,0,40,1,0,0,1,0
1291847,2,2022,2022,8,3,5,7,27,6,18,0,1,1,-31.26193,151.194165,70,2,1,0,0,0,0,0,2,0,7,80,1,2585,4009,8,16,40,1,0,0,1,0
1291851,2,2022,2022,7,4,3,137,14,24,70,0,1,2,-32.884422,151.59185,37,0,2,1,0,0,3,4,2,0,7,110,2,14295,14295,3,0,5,6,0,0,1,0
1291852,2,2022,2022,7,3,7,44,27,25,126,0,1,1,-32.770662,151.790527,57,2,1,0,0,0,0,3,2,0,7,80,2,1957,4009,8,5,40,1,0,0,1,0
1291854,1,2022,2022,8,3,5,11,27,87,34609,0,1,1,-33.699055,150.958553,71,0,2,1,3,0,0,0,2,0,7,60,0,1981,1981,4,5,27,2,0,0,0,1
1291857,2,2022,2022,8,2,4,34,31,98,260,0,1,9,-33.008953,151.594032,37,0,2,1,3,0,0,0,2,2,7,60,2,1192,1192,1,5,0,2,0,0,1,1
1291858,4,2022,2022,7,3,7,25,27,11,34609,0,1,1,-34.526754,149.113782,74,1,0,0,0,0,0,0,2,0,7,100,0,4552,5151,8,0,40,1,0,1,0,0
1291860,2,2022,2022,8,4,9,7,27,79,33,0,1,9,-33.964607,151.121405,4,0,2,1,3,0,0,0,3,0,0,50,1,301,301,4,0,19,2,0,0,1,0
1291862,4,2022,2022,8,5,3,77,31,39,16,0,1,10,-33.775175,150.751767,55,0,2,1,1,0,0,1,1,2,7,80,2,14295,14295,3,8,5,4,0,1,0,0
1291864,4,2022,2022,8,4,4,866,17,278,793,1,2,9,-33.78588,151.033141,54,0,2,1,1,0,0,0,2,2,7,40,2,5929,5929,1,5,19,2,0,1,0,0
1291865,2,2022,2022,6,0,3,89,31,107,34609,0,1,10,-29.689844,152.942713,18,2,1,1,1,0,0,0,2,0,0,50,0,6545,6545,4,5,41,2,0,0,1,0
1291866,2,2022,2022,0,4,6,42,27,33,30,0,1,1,-33.896734,151.251535,76,0,2,1,1,0,0,0,2,0,7,50,1,387,387,1,22,12,2,0,0,1,0
1291870,2,2022,2022,8,5,5,2209,17,25,2205,0,1,2,-34.12243,150.991917,68,0,2,0,3,0,0,0,2,0,7,100,2,4552,5151,8,5,40,1,0,0,1,0
1291871,1,2022,2022,7,3,7,13,27,135,34609,0,1,1,-35.221811,149.791895,58,2,1,0,0,2,0,3,2,0,7,80,0,1957,4009,8,10,40,1,0,0,0,2
1291872,2,2022,2021,9,5,9,9,27,70,34609,0,1,1,-34.692142,150.000584,26,1,0,0,0,0,0,0,3,0,7,100,0,52,52,6,16,40,1,0,0,1,0
1291873,1,2022,2022,8,2,8,2126,17,283,2149,0,1,9,-33.830012,151.01072,54,0,2,1,1,0,3,4,3,1,7,60,2,14295,14295,3,9,5,2,0,0,0,1
1291874,4,2022,2022,8,5,8,165,31,78,34609,1,0,1,-34.479395,150.855167,80,0,2,1,1,0,0,0,2,0,9,60,0,2040,2040,9,19,28,2,0,1,0,0
1291875,2,2022,2022,8,2,3,1,27,433,34609,0,1,9,-33.308228,149.116895,52,2,1,1,1,0,0,0,2,0,0,80,0,2852,2852,4,0,10,2,0,0,1,0
1291876,2,2022,2022,8,5,6,1,27,562,34609,0,1,1,-32.127643,148.711866,22,1,0,1,0,2,3,0,2,0,7,100,0,9859,9859,8,0,40,1,0,0,1,0
1291880,2,2022,2022,8,4,2,16,2,168,34609,0,1,7,-33.694349,150.821091,7,0,2,1,2,0,0,3,0,0,0,50,0,3775,3775,0,33,25,2,0,0,1,0
1291883,2,2022,2022,8,4,5,2,31,136,34609,0,1,1,-33.921358,151.07944,15,0,2,1,1,0,0,0,2,0,7,50,0,1282,1282,1,5,5,2,0,0,1,0
1291886,2,2022,2022,8,3,7,4,27,149,34609,0,1,1,-33.349117,151.370433,16,2,2,1,0,0,0,0,2,0,7,50,0,1981,1981,4,10,0,2,0,0,1,0
1291891,1,2022,2022,8,5,2,308,14,42,311,0,1,3,-33.730391,150.853229,7,0,2,0,0,0,0,0,1,0,7,100,2,1282,1282,1,33,5,2,0,0,0,1
1291893,4,2022,2022,0,0,11,25,31,247,34609,0,1,1,-33.821982,150.950746,21,0,2,0,2,0,0,0,0,0,7,50,0,2585,4009,8,5,40,1,0,1,1,0
1291896,2,2022,2022,8,0,8,5,27,6,34609,0,1,1,-30.613305,150.514607,70,1,0,0,0,2,0,0,2,0,7,100,0,3775,3775,0,10,13,2,0,0,1,0
1291897,2,2022,2022,0,2,9,2,27,149,34609,0,1,1,-33.347212,151.378634,16,2,2,0,3,2,3,0,0,0,7,50,0,4552,5151,8,16,40,1,0,0,1,0
1291900,2,2022,2022,8,4,6,196,10,166,168,0,1,9,-33.941142,150.983133,15,0,2,1,3,0,0,0,2,0,0,60,2,6545,6545,4,9,5,2,0,0,1,0
1291906,1,2022,2022,8,0,2,515,14,523,518,0,1,3,-33.938797,150.917557,41,0,2,1,3,0,0,0,0,0,7,100,2,14295,14295,3,0,5,4,0,0,0,1
1291917,2,2022,2022,8,2,4,9,31,157,34609,0,1,10,-33.801754,151.010773,54,0,2,1,1,0,3,0,2,0,15,50,0,6545,6545,4,0,0,2,0,0,1,0
1291919,2,2022,2022,8,4,3,2,31,25,34609,0,1,7,-33.74585,150.810659,7,0,2,1,1,0,0,0,2,0,0,50,0,926,926,4,16,5,2,0,0,1,0
1291920,2,2022,2022,8,2,9,1,27,6,34609,0,1,1,-35.615821,145.318931,51,1,0,1,0,2,3,4,0,0,7,100,0,945,945,5,0,40,1,0,0,1,0
1291921,2,2022,2022,8,0,4,9,31,316,34609,0,1,9,-33.915994,151.236676,59,0,2,1,1,0,0,0,2,0,0,50,0,926,926,4,10,19,2,0,0,1,0
1291925,2,2022,2022,0,0,8,11,31,9,40,0,1,9,-33.831988,151.05648,54,0,2,1,1,0,0,0,2,2,9,60,1,2040,2040,9,5,28,2,0,0,1,0
1291933,1,2022,2022,8,6,9,2,31,24,34609,0,1,1,-35.983662,146.000478,51,2,1,1,0,0,0,6,0,0,7,50,0,214,214,9,33,28,2,0,0,0,1
1291934,1,2022,2022,8,3,8,13,22,62,34609,0,1,1,-34.083839,150.812534,13,0,2,0,2,0,0,0,0,0,7,60,0,1981,1981,4,5,0,2,0,0,0,2
1291936,2,2022,2022,7,6,7,126,27,74,168,0,1,2,-34.056107,150.7772,12,0,2,1,3,0,0,0,2,0,7,80,2,14295,14295,3,10,0,3,0,0,1,0
1291940,2,2022,2022,8,1,9,361,31,169,382,0,1,10,-33.770214,150.835065,7,0,2,1,3,0,0,0,0,2,7,60,2,5929,5929,1,5,5,2,0,0,1,0
1291941,2,2022,2022,8,4,8,7,10,63,34609,0,1,1,-33.247653,151.506065,16,2,2,1,3,0,0,0,2,0,7,50,0,1109,787,1,9,0,2,0,0,1,0
1291944,1,2022,2022,8,2,6,111,27,57,233,1,0,9,-33.947506,151.22974,4,0,2,0,3,0,0,0,2,2,7,60,2,14295,14295,3,5,5,2,0,0,0,1
1291945,2,2022,2022,0,4,10,22,31,99,34609,0,1,1,-33.889592,151.2714,76,0,2,1,3,0,0,0,0,0,7,40,0,387,387,1,15,5,2,0,0,1,0
1291946,2,2022,2022,6,6,6,251,27,64,212,0,1,2,-33.760761,151.216901,50,0,2,0,3,0,0,0,2,0,7,70,2,14295,14295,3,8,5,3,0,0,1,0
1291950,1,2022,2022,8,6,5,3,13,12,34609,0,1,1,-32.92896,151.786601,48,0,2,0,3,0,0,0,2,0,7,30,0,1957,4009,8,5,40,1,0,0,0,1
1291954,1,2022,2022,8,5,11,78,17,22,75,0,1,8,-33.854467,151.209252,69,0,2,1,2,0,0,0,0,0,7,70,2,1192,1192,1,10,5,2,0,0,0,1
1291955,2,2022,2022,8,4,9,8,2,169,34609,0,1,1,-28.633896,153.587837,10,2,1,1,2,0,0,0,0,0,7,50,0,9859,9859,1,30,5,3,0,0,1,0
1291959,1,2022,2022,3,3,4,1,31,160,34609,0,1,1,-33.108459,151.485724,37,0,2,1,0,0,0,0,2,0,7,50,0,9859,9859,1,5,0,3,0,0,0,1
1291961,1,2022,2022,8,0,2,2126,17,226,2149,0,1,9,-33.78075,150.820782,7,0,2,1,1,0,0,0,1,0,7,80,2,775,775,4,33,19,2,0,0,0,1
1291965,2,2022,2022,7,1,3,92,31,61,34609,0,1,1,-33.888937,150.916861,24,0,2,1,0,0,0,0,2,0,7,50,0,9859,9859,1,5,5,2,0,0,1,0
1291968,4,2022,2022,8,4,7,10,1,11,34609,0,1,1,-35.722806,150.189336,23,2,1,0,1,0,0,0,2,0,7,50,0,237,397,1,16,36,2,0,1,0,0
1291969,4,2022,2022,8,6,9,34,31,304,34609,0,1,1,-33.918805,151.151404,32,0,2,1,2,0,0,0,0,0,7,50,0,2040,2040,9,9,28,2,0,1,0,0
1291972,4,2022,2022,8,1,4,82,27,10,103,0,1,1,-28.396399,153.337146,72,2,1,0,0,0,3,4,2,2,14,40,1,380,714,5,10,40,1,0,1,0,0
1291975,1,2022,2022,0,1,4,15,31,75,34609,1,2,1,-33.880909,151.11703,9,0,2,1,1,0,0,0,2,0,7,40,0,368,368,9,5,28,2,0,0,0,1
1291980,4,2022,2022,8,6,9,330,27,108,605,1,0,10,-33.761876,151.271749,50,0,2,0,1,0,0,0,3,1,7,60,2,5929,5929,1,0,5,2,0,1,0,0
1291981,1,2022,2021,10,3,1,33,31,68,78,0,1,1,-33.707524,149.857683,51,2,1,1,2,0,0,0,0,0,7,50,1,9859,9859,1,5,5,3,0,0,0,1
1291985,4,2022,2022,0,1,4,8,1,6,34609,0,1,10,-34.382763,150.895122,80,0,2,1,1,0,0,0,2,2,7,60,0,6545,6545,4,0,5,2,0,1,1,1
1291986,1,2022,2022,7,5,7,110,27,41,173,0,1,2,-34.395837,150.866468,80,0,2,1,0,0,0,0,2,0,7,80,2,1383,1383,1,8,19,2,0,0,0,1
1291988,4,2022,2022,0,3,5,1,27,2,34609,0,1,1,-36.301654,150.132456,23,2,1,1,1,0,0,0,2,0,7,50,0,4026,4026,8,5,40,1,0,1,0,0
1291990,4,2022,2022,8,1,4,916,17,104,917,0,1,9,-32.824765,151.683817,48,0,2,0,1,0,0,0,2,2,7,80,2,1282,1282,1,16,12,2,0,1,0,0
1291992,4,2022,2022,7,6,7,43,31,106,7,0,1,1,-33.675548,151.306804,50,0,2,1,1,0,0,0,2,0,7,50,1,2040,2040,9,0,28,2,0,1,0,0
1291997,4,2022,2022,7,4,7,7,27,3,48,0,1,1,-32.622845,151.594252,51,2,1,0,1,0,0,0,2,0,7,80,1,4552,5151,8,10,40,1,0,1,0,0
1291998,2,2022,2022,8,2,6,145,31,532,34609,0,1,1,-33.863556,151.209651,69,0,2,1,0,0,0,0,2,0,7,40,0,14295,14295,3,0,0,2,0,0,1,0
1291999,4,2022,2022,0,4,6,4,27,18,34609,1,0,1,-34.053758,151.13577,68,0,2,1,0,0,3,4,2,0,7,50,0,220,220,1,10,12,2,0,1,0,0
1292000,2,2022,2022,8,1,7,56,23,31,144,0,1,9,-33.893161,151.090575,9,0,2,1,0,0,0,0,2,0,7,60,2,2852,2852,4,5,5,2,0,0,1,0
1292001,4,2022,2022,8,2,5,1052,27,104,262,0,1,6,-32.909433,151.704223,48,0,2,1,1,0,0,0,2,0,7,60,2,1945,1945,5,16,40,1,0,1,0,0
1292004,2,2022,2022,0,6,7,296,31,253,34609,0,1,1,-33.96532,151.103236,25,0,2,1,0,0,0,0,2,0,7,50,0,1981,1981,4,5,19,2,0,0,1,0
1292006,4,2022,2022,7,2,9,5,31,35,34609,1,0,7,-34.364968,150.917262,80,0,2,1,0,0,0,0,2,0,0,50,0,1282,1282,1,33,27,2,0,1,0,0
1292007,2,2022,2022,8,2,5,55,36,16,35,0,1,1,-32.82962,149.973216,44,1,0,0,0,0,0,0,2,0,7,100,1,4552,5151,8,0,40,1,0,0,1,1
1292008,4,2022,2022,8,3,4,866,17,98,793,0,1,9,-33.739515,151.066375,31,0,2,1,1,0,0,0,2,1,7,70,2,312,312,2,15,40,1,0,1,0,0
1292009,1,2022,2022,7,1,7,82,31,363,369,0,1,2,-33.747671,150.714119,55,0,2,1,1,0,3,4,2,0,7,70,2,14295,14295,3,8,12,2,0,0,0,1
1292010,2,2022,2022,8,1,6,3,27,304,34609,0,1,1,-33.91408,151.147055,32,0,2,1,3,0,3,3,2,0,7,50,0,9859,9859,8,5,40,1,0,0,1,0
1292011,2,2022,2022,8,3,10,5,10,45,34609,0,1,1,-33.808695,150.798582,55,0,2,0,0,0,0,0,0,0,7,50,0,4552,5151,1,0,35,2,0,0,1,0
1292012,2,2022,2022,8,5,5,57,27,75,126,0,1,1,-32.761675,151.661254,42,2,1,1,1,0,0,0,2,0,7,80,2,14295,14295,3,5,5,2,0,0,1,0
1292013,2,2022,2022,0,4,8,1052,27,69,262,0,1,2,-32.90769,151.6965,48,0,2,1,2,0,0,0,3,0,7,60,2,14295,14295,3,10,5,3,0,0,1,1
1292014,2,2022,2022,8,2,1,2261,17,35,2252,0,1,3,-34.195373,150.709619,79,1,2,1,0,0,0,0,0,0,7,110,2,14295,14295,3,0,35,2,0,0,1,0
1292016,4,2022,2022,0,0,4,26,27,80,160,0,1,10,-33.961044,150.890045,13,0,2,1,1,0,0,0,2,2,7,60,2,775,775,4,21,5,2,0,1,0,1
1292017,2,2022,2022,0,0,2,20,31,61,34609,1,0,1,-33.887038,150.910205,24,0,2,1,2,0,3,4,0,0,7,50,0,9859,9859,1,5,5,2,0,0,1,0
1292018,4,2022,2022,0,5,10,77,31,445,563,0,1,10,-33.872139,151.042125,21,0,2,1,2,0,3,4,0,2,7,70,2,6545,6545,4,30,5,2,0,1,0,0
1292019,4,2022,2022,0,0,4,1,27,30,34609,0,1,1,-34.368324,146.057708,28,2,1,1,0,0,3,4,2,0,7,80,0,4026,4026,8,0,40,1,0,1,0,0
1292021,2,2022,2022,0,1,0,76,24,164,154,0,1,2,-33.730197,150.90779,7,0,2,0,2,0,0,0,0,0,7,70,1,2585,4009,8,5,40,1,0,0,1,0
1292022,2,2022,2022,0,0,2,65,27,202,563,0,1,2,-33.939803,151.035595,15,0,2,1,1,0,0,0,1,2,9,70,2,1192,1192,1,29,5,2,0,0,1,0
1292024,1,2022,2022,8,4,3,348,17,10,232,0,1,1,-32.680514,149.692458,44,1,0,0,0,0,3,1,1,0,7,100,2,4552,5151,8,0,40,1,0,0,0,1
1292025,1,2022,2022,8,5,8,3371,17,139,3342,0,1,2,-33.839606,151.207473,49,0,2,1,3,0,0,0,3,0,7,60,2,238,238,9,0,28,2,0,0,0,1
1292026,2,2022,2022,8,1,7,163,27,73,165,0,1,9,-33.762563,150.81053,7,0,2,0,0,0,0,3,2,0,7,60,1,515,515,1,0,19,2,0,0,1,0
1292028,2,2022,2022,0,6,6,24,31,102,34609,1,0,1,-31.109446,150.91185,70,2,1,0,1,0,3,4,2,0,7,50,0,4552,5151,1,5,13,2,0,0,1,0
1292033,2,2022,2022,8,4,6,294,17,17,288,0,1,1,-35.162676,147.591827,75,1,0,1,0,0,3,4,2,0,7,100,2,3775,3775,0,8,0,2,0,0,1,1
1292036,2,2022,2022,7,2,6,1,27,12,34609,0,1,9,-30.551067,151.909902,1,1,0,1,0,0,0,0,2,0,0,100,0,2852,2852,4,0,0,2,0,0,1,0
1292043,2,2022,2022,7,5,4,1,27,194,34609,0,1,10,-30.566525,151.630764,1,1,0,1,0,0,0,0,2,0,0,100,0,323,323,1,10,0,2,0,0,2,0
1292044,1,2022,2022,0,6,7,15,10,35,34609,1,2,9,-34.104143,150.795863,13,0,2,1,0,0,0,0,2,0,7,40,0,926,926,4,5,0,2,0,0,0,1
1292047,2,2022,2022,7,5,11,220,14,11,220,0,1,3,-34.20198,150.965211,80,0,2,0,0,0,3,4,0,0,7,110,2,1957,4009,8,0,40,1,0,0,1,0
1292049,1,2022,2022,8,6,11,97,17,17,88,0,1,2,-34.898691,149.484307,74,1,0,1,0,0,0,0,0,0,7,110,2,4026,4026,8,5,40,1,0,0,0,1
1292050,4,2022,2022,7,1,8,44,31,253,34609,0,1,1,-33.960315,151.097349,25,0,2,1,1,0,0,3,2,0,7,50,0,340,340,9,0,28,2,0,1,0,0
1292051,2,2022,2022,7,4,2,8,10,9,34609,0,1,1,-35.322803,150.468364,63,2,1,0,0,0,3,4,1,0,7,50,0,2585,4009,8,0,40,1,0,0,1,0
1292052,4,2022,2022,0,3,3,1052,14,207,928,0,1,3,-33.607923,151.162417,31,0,2,0,1,0,0,0,2,0,7,110,2,1259,5151,8,30,40,1,0,1,0,0
1292055,4,2022,2022,7,0,8,1,31,323,34609,0,1,1,-33.757113,150.988849,71,0,2,1,0,0,0,0,2,0,7,50,0,4026,4026,1,5,5,2,0,1,0,0
1292057,4,2022,2022,0,0,6,4,27,56,34609,0,1,1,-32.814128,151.285642,17,2,1,0,0,0,0,0,2,0,7,80,0,3775,3775,0,9,0,2,0,1,1,0
1292059,4,2022,2022,0,2,11,103,36,8,157,0,1,9,-28.742293,152.980415,60,1,0,1,0,0,3,4,0,0,7,100,2,9859,9859,8,5,40,1,0,1,0,0
1292060,4,2022,2022,0,1,7,7,27,10,34609,0,1,1,-28.411875,153.533448,72,2,1,0,0,0,0,0,2,0,7,80,0,2585,4009,8,34,40,1,0,1,0,0
1292062,4,2022,2022,0,2,7,9,27,27,34609,0,1,1,-33.241252,151.260836,16,2,2,0,1,0,0,0,2,0,7,80,0,2585,4009,8,16,40,1,0,1,0,0
1292063,4,2022,2022,0,3,10,3,1,387,34609,0,1,1,-33.93319,151.187995,4,0,2,1,2,0,0,0,3,0,15,40,0,238,238,9,5,28,2,0,1,0,0
1292064,2,2022,2022,7,3,11,12,27,69,23,0,1,1,-28.560493,153.517611,10,2,1,0,0,0,3,4,0,0,7,80,1,2585,4009,8,5,40,1,0,0,1,0
1292069,2,2022,2022,0,2,4,26,31,609,34609,0,1,2,-33.771595,150.906766,7,0,2,1,3,0,0,0,2,0,7,40,0,515,515,1,5,19,2,0,0,1,0
1292077,1,2022,2022,8,1,8,5,31,165,34609,0,1,1,-33.856442,151.158736,14,0,2,1,3,0,0,0,3,0,7,50,0,14295,14295,3,5,5,3,0,0,0,1
1292078,1,2022,2022,8,5,4,98,27,294,799,0,1,2,-33.928778,150.963362,41,0,2,1,3,0,0,3,2,0,7,70,2,14295,14295,3,0,10,2,0,0,0,1
1292079,2,2022,2022,8,5,3,2126,17,223,2149,0,1,10,-33.800302,150.903693,7,0,2,1,3,0,0,0,1,2,7,80,2,14295,14295,3,10,0,2,0,0,1,0
1292080,2,2022,2022,6,4,8,14,1,30,18,0,1,1,-33.984023,151.144075,4,0,2,1,3,0,0,0,2,0,7,60,1,144,144,1,9,0,2,0,0,1,0
1292082,2,2022,2022,8,6,9,224,31,150,34609,0,1,10,-33.928799,151.232827,59,0,2,1,3,0,3,4,0,0,0,50,0,2852,2852,4,5,5,2,0,0,1,0
1292084,4,2022,2022,8,1,7,20,1,9,34609,0,1,1,-35.323136,150.478386,63,2,1,1,1,0,0,0,2,0,7,50,0,9859,9859,1,0,0,2,0,1,0,0
1292085,2,2022,2022,8,4,3,103,27,113,256,0,1,1,-34.270923,150.89535,80,0,2,1,0,0,0,0,2,0,7,90,2,9859,9859,8,5,40,1,0,0,1,0
1292088,1,2022,2022,8,0,6,1,31,316,34609,0,1,9,-33.920406,151.243903,59,0,2,1,3,0,3,3,2,0,7,40,0,5929,5929,1,5,5,2,0,0,0,1
1292089,2,2022,2022,8,1,5,161,17,4,161,0,1,1,-36.246103,149.053523,65,2,1,1,3,0,0,0,2,0,7,80,2,4026,4026,8,10,40,1,0,0,1,0
1292093,4,2022,2022,8,1,3,7,23,58,34609,0,1,9,-32.786547,151.728896,57,2,1,0,0,0,0,0,2,0,7,50,0,1850,1463,5,15,40,1,0,1,0,0
1292094,2,2022,2022,8,3,3,37,27,10,41,0,1,1,-29.002307,153.343281,39,2,1,1,0,0,3,2,1,0,7,80,1,945,945,5,5,40,1,0,0,1,0
1292095,4,2022,2022,0,0,7,192,10,57,114,0,1,2,-33.457424,151.357044,16,2,2,1,1,0,0,3,2,0,7,60,2,2040,2040,9,0,28,2,0,1,0,0
1292096,4,2022,2022,8,6,8,18,36,30,34,0,1,1,-34.186455,150.592156,79,2,2,0,0,0,3,4,3,0,7,80,1,3775,3775,0,10,13,2,0,2,0,0
1292102,4,2022,2022,8,6,10,2126,17,166,2149,0,1,10,-33.417807,149.569149,3,2,1,1,2,0,0,0,0,2,7,60,2,6545,6545,4,34,35,2,0,1,0,0
1292103,2,2022,2022,0,1,11,475,10,70,268,0,1,10,-33.883404,150.864792,24,0,2,1,2,0,0,0,0,2,7,70,2,5929,5929,1,10,19,2,0,0,1,0
1292104,1,2022,2022,8,6,9,53,10,22,34609,0,1,1,-33.821259,150.932795,21,0,2,1,3,0,0,0,0,0,7,50,0,1981,1981,4,5,0,2,0,0,0,1
1292108,4,2022,2022,8,0,8,7,10,42,34609,0,1,9,-33.73669,150.856765,7,0,2,1,1,0,0,3,3,0,7,50,0,1282,1282,1,33,27,2,0,1,0,0
1292110,2,2022,2022,7,4,8,55,1,167,34609,0,1,9,-33.845406,151.071625,54,0,2,1,1,0,0,0,2,0,7,60,0,395,395,1,22,0,2,0,0,1,0
1292111,2,2022,2022,0,1,10,171,23,99,34609,0,1,2,-33.88969,151.275739,76,0,2,1,2,0,3,4,0,0,7,40,0,1383,1383,1,5,18,2,0,0,1,0
1292115,4,2022,2022,8,3,5,1104,14,142,962,0,1,3,-33.827818,150.999631,54,0,2,0,3,0,0,0,2,0,7,90,2,14295,14295,3,21,13,2,0,1,0,0
1292116,1,2022,2022,0,2,7,89,27,5,34609,0,1,1,-32.86848,151.078989,64,2,1,0,3,0,3,3,2,0,7,80,0,1850,1463,5,16,40,1,0,0,0,1
1292119,1,2022,2022,0,4,9,2261,17,370,2252,0,1,3,-34.06139,150.786275,13,0,2,1,3,0,3,4,3,0,7,110,2,1391,1391,1,9,5,2,0,0,0,1
1292121,2,2022,2022,8,1,2,68,27,110,67,0,1,0,-33.78947,151.004884,54,0,2,1,3,0,3,4,0,0,7,60,1,9859,9859,8,5,40,1,0,0,1,0
1292125,2,2022,2022,8,0,9,79,27,198,159,0,1,1,-33.922244,151.106967,15,0,2,1,3,0,3,4,0,0,7,60,2,14295,14295,3,5,5,2,0,0,1,0
1292130,4,2022,2022,0,6,8,5,31,161,96,1,0,9,-33.887041,151.147434,32,0,2,1,3,0,3,0,2,0,7,50,2,2852,2852,4,5,19,2,0,1,0,0
1292137,4,2022,2022,8,6,4,13,31,463,62,0,1,7,-30.294481,153.102874,19,2,1,1,1,0,0,0,2,0,0,50,1,6545,6545,4,5,19,2,0,1,1,0
1292139,4,2022,2022,8,5,7,17,31,72,56,0,1,10,-33.796558,151.065145,54,0,2,1,1,0,0,0,2,2,7,60,2,14295,14295,3,0,5,4,0,1,0,1
1292142,2,2022,2022,8,5,10,53,31,67,125,1,0,9,-33.877907,151.007828,15,0,2,1,2,0,0,3,0,0,15,60,1,5929,5929,1,10,0,3,0,0,2,0
1292144,2,2022,2022,8,0,5,53,27,155,51,0,1,9,-33.499123,151.319534,16,2,2,0,0,0,0,0,2,0,0,60,1,6545,6545,4,5,12,2,0,0,2,0
1292146,4,2022,2022,8,4,7,4,31,370,34609,0,1,9,-34.068943,150.812245,13,0,2,0,0,0,0,0,2,0,0,50,0,591,591,1,18,0,2,0,2,0,0
1292150,4,2022,2022,0,6,9,6,27,7,34609,0,1,1,-31.413792,152.710683,56,2,1,1,0,0,0,0,0,0,7,80,0,1089,1089,7,16,40,1,0,1,0,0
1292152,1,2022,2022,8,0,7,89,17,55,34609,0,1,9,-35.716335,150.177032,23,2,1,1,2,0,0,0,2,0,7,50,0,9859,9859,1,5,0,2,0,0,0,1
1292155,4,2022,2022,0,2,8,3,31,234,34609,1,0,9,-34.290611,146.034866,28,2,1,1,1,0,0,0,2,0,15,50,0,591,591,1,17,5,2,0,1,0,0
1292156,4,2022,2022,8,5,4,512,17,562,441,0,1,10,-32.253851,148.605658,22,2,1,1,2,0,3,4,2,2,7,60,2,5929,5929,1,34,0,2,0,1,0,0
1292157,4,2022,2022,7,4,4,35,31,48,34609,0,1,10,-32.721929,152.143529,57,2,1,1,1,0,3,4,2,0,9,50,0,2040,2040,9,5,28,2,0,1,0,0
1292160,2,2022,2022,6,6,5,126,1,94,144,0,1,1,-33.78491,150.808173,55,0,2,1,0,0,0,0,2,0,7,70,2,14295,14295,3,16,0,2,0,0,1,0
1292163,2,2022,2022,8,5,7,8,31,194,34609,0,1,10,-30.510835,151.656976,1,2,1,1,0,0,0,3,2,0,0,50,0,6545,6545,4,5,0,2,0,0,1,0
1292165,2,2022,2022,8,6,2,5,27,83,34609,0,1,1,-29.720223,152.947353,18,2,1,1,1,0,3,4,0,0,7,80,0,1089,1089,7,8,40,1,0,0,1,0
1292166,4,2022,2022,7,6,7,1052,14,21,928,0,1,3,-33.275934,151.405333,16,1,2,1,0,0,0,0,2,0,7,110,2,14295,14295,3,0,0,3,0,1,0,0
1292167,4,2022,2022,0,4,7,133,10,8,121,0,1,1,-31.571022,152.825879,56,2,1,1,1,0,0,0,2,0,7,70,1,9859,9859,8,16,40,1,0,1,0,0
1292168,2,2022,2022,8,0,5,36,27,15,82,0,1,1,-35.15805,147.340839,75,2,1,1,0,0,3,4,2,0,7,80,1,4026,4026,8,10,40,1,0,0,1,0
1292169,2,2022,2022,8,0,6,1,27,53,34609,0,1,9,-32.246833,148.240395,51,2,1,1,1,0,0,3,2,0,7,50,0,1850,777,5,16,40,1,0,0,1,0
1292171,2,2022,2022,7,2,6,105,17,251,136,0,1,2,-33.771367,150.938373,7,0,2,1,1,0,3,4,2,0,7,60,2,1220,1220,9,0,28,2,0,0,2,0
1292173,2,2022,2022,8,5,3,6,27,60,34609,0,1,7,-33.832675,151.137203,51,0,2,1,3,0,0,0,2,0,0,50,0,926,926,4,16,0,2,0,0,1,0
1292176,1,2022,2022,0,6,8,3371,17,137,3342,0,1,9,-32.957264,151.701572,37,0,2,0,3,0,3,3,2,0,7,60,2,14295,14295,3,10,36,2,0,0,0,1