Crash ID,Degree of crash - detailed,Reporting year,Year of crash,Month of crash,Day of week of crash,Two-hour intervals,Street of crash,Street type,Town,Route no.,School zone location,School zone active,Type of location,Latitude,Longitude,LGA,Urbanisation,Conurbation 1,Alignment,Street lighting,Road surface,Surface condition,Weather,Natural lighting,Signals operation,Other traffic control,Speed limit,Road classification,RUM - code,DCA - code,First impact type,Key TU type,Other TU type,No. of traffic units involved,No. killed,No. seriously injured,No. moderately injured,No. minor-other injured
1292178,1,2022,2022,8,1,9,829,27,123,770,0,1,2,-33.808327,151.067534,54,0,2,1,3,0,0,0,0,0,0,70,2,14295,14295,3,5,0,2,0,0,0,1
1292182,4,2022,2022,8,4,5,220,27,92,222,0,1,10,-33.720413,150.937952,71,0,2,1,3,0,0,0,2,2,7,80,2,14295,14295,3,0,0,2,0,1,1,0
1292188,1,2022,2022,8,1,9,866,17,171,793,0,1,10,-33.81183,150.965514,21,0,2,1,3,0,0,0,0,2,7,70,2,14295,14295,3,10,5,2,0,0,0,1
1292193,1,2022,2022,8,3,4,191,27,75,34609,0,1,9,-33.708733,150.354797,8,2,2,0,3,0,0,3,2,0,0,50,0,623,623,3,30,19,2,0,0,0,1
1292194,2,2022,2022,8,6,9,145,31,316,34609,0,1,10,-31.433518,152.902619,56,2,1,1,2,0,0,0,3,0,0,50,0,5929,5929,1,5,0,3,0,0,1,2
1292195,2,2022,2022,8,1,3,2,18,5,34609,0,1,9,-31.070368,150.99105,70,2,1,1,0,0,0,0,2,0,15,80,0,6545,6545,4,5,5,2,0,0,1,0
1292197,4,2022,2022,8,3,8,103,36,14,103,0,1,1,-32.491585,151.945224,43,1,0,1,0,0,0,0,3,0,7,90,1,9859,9859,8,5,40,1,0,2,0,0
1292199,2,2022,2022,8,0,3,1,10,106,34609,0,1,11,-33.889104,151.181944,69,0,2,1,0,0,0,0,2,0,7,40,0,775,775,4,10,27,2,0,0,1,0
1292201,2,2022,2022,8,1,3,92,27,55,63,0,1,9,-33.904952,151.085229,15,0,2,1,1,0,3,0,0,0,0,50,1,214,214,9,0,28,2,0,0,1,0
1292206,2,2022,2022,8,6,5,916,17,29,917,0,1,9,-31.113301,150.959839,70,2,1,1,1,0,0,0,2,0,7,70,2,1981,1981,4,0,2,2,0,0,1,0
1292209,2,2022,2022,8,4,6,97,31,460,92,0,1,9,-33.830226,150.993227,21,0,2,1,1,0,0,0,2,0,7,60,1,1282,1282,1,5,40,2,0,0,1,0
1292211,2,2022,2022,8,6,9,512,17,53,441,0,1,10,-32.23665,148.247248,51,2,1,1,2,0,0,0,0,0,0,50,2,14295,14295,3,30,5,2,0,0,1,0
1292212,2,2022,2022,8,6,5,42,31,82,118,0,1,1,-31.07172,150.911029,70,2,1,1,1,0,0,3,2,0,7,60,2,9859,9859,1,5,0,2,0,0,2,0
1292214,2,2022,2022,8,5,5,40,31,179,34609,0,1,1,-33.761721,150.715655,55,0,2,1,1,0,0,0,2,0,7,50,0,1981,1981,4,0,0,2,0,0,1,0
1292215,4,2022,2022,8,2,5,8,27,13,34609,0,1,1,-35.075657,150.400815,63,2,1,1,0,2,0,0,2,0,7,60,0,9859,9859,8,16,40,1,0,1,0,0
1292216,2,2022,2022,8,1,11,2,25,363,34609,0,1,1,-33.730857,150.697204,55,0,2,1,2,0,3,3,0,0,7,50,0,9859,9859,1,9,10,2,0,0,1,0
1292217,4,2022,2022,7,4,0,1052,14,54,928,0,1,3,-33.452305,151.210519,16,1,2,1,1,0,3,4,0,0,7,110,2,1192,1192,1,30,35,2,0,1,0,0
1292218,4,2022,2022,7,0,7,5,31,53,34609,0,1,1,-31.871286,152.37831,43,2,1,1,0,0,3,0,2,0,7,50,0,1945,1945,5,16,40,1,0,1,0,0
1292220,4,2022,2022,8,2,9,485,27,232,769,0,1,9,-33.693599,150.925067,71,0,2,1,2,0,0,0,0,2,7,80,2,14295,14295,3,0,0,3,0,1,1,0
1292222,4,2022,2022,8,1,4,1104,14,460,962,0,1,3,-33.825849,150.991694,54,0,2,1,0,0,0,0,2,0,7,90,2,14295,14295,3,0,5,2,0,1,2,0
1292229,4,2022,2022,8,0,7,11,10,179,34609,1,2,1,-31.894661,152.480966,43,2,1,1,1,0,0,0,2,0,7,40,0,2040,2040,9,0,28,2,0,1,0,0
1292232,2,2022,2022,8,1,8,2,1,33,34609,0,1,10,-35.123431,147.323938,75,2,1,1,3,0,2,6,3,0,0,50,0,6545,6545,4,5,5,2,0,0,1,0
1292233,2,2022,2022,7,6,4,3371,17,30,3342,0,1,7,-33.268035,151.432014,16,2,2,1,0,0,3,4,2,0,0,70,2,14295,14295,3,5,40,2,0,0,1,0
1292234,4,2022,2022,0,3,6,191,27,309,34609,0,1,11,-33.812221,151.103934,61,0,2,1,0,0,0,3,2,0,7,50,0,5929,5929,1,0,19,2,0,1,0,0
1292239,1,2022,2022,7,5,7,3,27,143,34609,0,1,1,-33.700924,151.112267,31,0,2,1,1,0,3,4,2,0,7,50,0,941,941,1,5,36,2,0,0,0,1
1292240,2,2022,2022,8,3,0,3,10,35,34609,0,1,9,-30.491937,153.014946,6,2,1,1,0,0,3,3,0,0,7,50,0,4026,4026,8,10,40,1,0,0,1,0
1292242,2,2022,2022,8,6,7,3371,17,65,3342,0,1,2,-30.381868,153.047533,19,1,0,0,0,0,3,4,2,0,7,110,2,1957,4009,8,5,40,1,0,0,1,0
1292248,1,2022,2022,0,2,2,4,27,10,34609,0,1,1,-32.650188,152.184195,43,1,0,1,0,0,3,0,1,0,7,100,0,9859,9859,8,0,40,1,0,0,0,1
1292249,2,2022,2022,7,5,2,18,31,166,34609,0,1,10,-33.417373,149.581614,3,2,1,1,2,0,0,0,0,2,7,50,0,4026,4026,8,0,40,1,0,0,1,0
1292250,4,2022,2022,7,3,8,11,31,108,34609,0,1,10,-28.863937,153.567929,2,2,1,1,0,0,0,0,2,0,0,50,0,6545,6545,4,21,0,2,0,1,0,0
1292288,4,2022,2022,7,0,10,98,31,100,159,0,1,10,-33.95705,151.147148,4,0,2,1,2,0,0,0,0,2,7,60,2,5929,5929,1,5,19,2,0,1,0,0
1292291,2,2022,2022,0,0,9,177,22,188,34609,0,1,10,-33.950163,151.09269,25,0,2,1,0,0,3,3,3,0,0,50,0,6545,6545,4,22,13,2,0,0,1,1
1292292,2,2022,2022,8,1,7,1052,14,56,928,0,1,3,-32.995048,151.514459,37,0,2,1,0,0,0,0,2,0,7,110,2,1282,1282,1,5,13,2,0,0,1,0
1292296,4,2022,2022,0,3,6,2126,17,104,2149,0,1,9,-33.834451,151.020798,54,0,2,1,2,0,0,0,2,2,7,60,2,775,775,4,5,13,2,0,1,0,0
1292297,2,2022,2022,0,4,6,161,17,7,161,0,1,1,-36.175813,148.889817,65,1,0,0,0,0,0,0,2,0,7,100,2,782,957,5,16,40,1,0,0,1,0
1292299,4,2022,2022,0,5,4,35,27,12,34609,0,1,1,-34.07727,150.534715,79,2,2,0,0,0,0,0,2,0,7,80,0,4552,5151,8,8,40,1,0,2,0,0
1292300,2,2022,2022,0,6,3,104,27,150,140,0,1,10,-33.925086,151.226605,59,0,2,1,3,0,3,4,1,2,7,60,2,2852,2852,4,10,13,2,0,0,1,1
1292303,4,2022,2022,8,5,11,12,27,8,62,0,1,1,-36.624889,149.987968,5,1,0,1,0,0,0,0,0,0,7,100,1,9859,9859,8,9,40,1,0,1,0,0
1292306,2,2022,2022,6,2,10,478,17,89,480,0,1,2,-33.379452,151.473513,16,2,2,1,3,0,0,0,0,0,7,60,2,1391,1391,1,8,5,2,0,0,1,0
1292307,4,2022,2022,7,3,6,14,25,168,34609,0,1,10,-33.719474,150.836032,7,0,2,0,1,0,0,0,2,0,0,60,0,6545,6545,4,0,5,2,0,1,0,0
1292308,2,2022,2022,7,3,3,132,31,174,126,1,0,10,-33.889674,151.206082,69,0,2,1,3,0,0,0,2,2,7,50,2,6545,6545,4,30,5,2,0,0,1,0
1292309,2,2022,2022,7,3,2,5,27,4,34609,0,1,1,-28.768612,153.319469,39,2,1,1,0,0,3,4,0,0,7,80,0,9859,9859,8,0,40,1,0,0,1,0
1292310,4,2022,2022,0,5,3,15,23,433,34609,0,1,7,-33.259465,149.11332,52,2,1,1,2,0,0,0,1,0,0,80,0,1850,985,5,16,40,1,0,1,0,0
1292311,1,2022,2022,7,6,6,7,27,19,9,0,1,1,-29.790694,150.63043,51,1,0,1,0,0,0,0,2,0,7,100,1,945,945,5,8,40,1,0,0,0,1
1292313,4,2022,2022,0,3,5,4,27,3,34609,0,1,1,-30.844756,152.655707,34,1,0,0,0,2,0,0,2,0,7,100,0,1850,1463,5,16,40,1,0,1,0,0
1292314,1,2022,2022,7,5,6,1,27,4,34609,0,1,1,-35.311736,148.466983,66,2,1,0,0,2,3,4,2,0,7,60,0,1850,1463,5,16,40,1,0,0,0,1
1292315,4,2022,2022,7,6,11,114,27,118,34609,0,1,1,-33.320464,151.264844,16,2,2,0,0,0,3,4,0,0,7,80,0,1957,4009,8,5,40,1,0,1,0,0
1292317,4,2022,2022,0,1,10,3371,17,104,3342,0,1,2,-32.852949,151.701365,48,0,2,1,2,0,0,0,0,0,7,80,2,3775,3775,0,5,5,3,0,2,0,0
1292319,4,2022,2022,0,3,0,163,27,41,165,0,1,9,-33.728944,150.822761,7,0,2,1,2,0,3,4,0,2,7,60,1,5929,5929,1,16,5,2,0,1,0,0
1292326,1,2022,2022,8,5,5,213,17,13,213,0,1,1,-29.493363,152.325778,51,1,0,1,0,0,0,0,2,0,7,100,2,101,101,8,8,10,2,0,0,0,1
1292331,2,2022,2021,2,2,11,73,27,443,78,0,1,10,-33.906142,151.052536,15,0,2,1,3,0,0,0,0,2,7,60,2,6545,6545,4,0,5,3,0,0,1,0
1292335,1,2022,2022,8,2,7,23,10,64,101,0,1,2,-32.940025,151.712119,48,0,2,1,3,0,3,0,2,0,7,50,2,623,623,3,9,5,3,0,0,0,1
1292336,2,2022,2022,8,0,6,98,27,251,11,0,1,7,-33.79663,150.925827,7,0,2,1,3,0,0,0,2,0,0,60,1,14295,14295,3,10,5,2,0,0,1,0
1292338,1,2022,2022,8,0,10,73,31,532,34609,0,1,9,-33.863139,151.203905,69,0,2,1,2,0,0,0,0,2,7,40,0,14295,14295,3,30,5,3,0,0,0,1
1292341,2,2022,2022,0,0,11,2126,17,223,2149,0,1,2,-33.804986,150.927223,7,0,2,1,2,0,0,0,0,0,7,80,2,1282,1282,1,5,10,2,0,0,1,0
1292343,2,2022,2022,6,3,4,330,27,106,605,0,1,9,-33.680221,151.302632,50,0,2,1,1,0,0,0,2,0,2,60,2,775,775,4,5,27,2,0,0,1,0
1292344,4,2022,2022,8,4,9,16,27,316,120,0,1,10,-33.90835,151.247664,59,0,2,1,2,0,0,0,0,2,7,50,2,9859,9859,8,5,40,1,0,1,0,0
1292347,2,2022,2022,6,5,8,13,27,46,34609,0,1,9,-35.150731,147.378878,75,2,1,1,3,0,3,4,3,0,7,60,0,14295,14295,3,0,13,2,0,0,1,0
1292348,2,2022,2022,8,2,4,485,27,67,769,0,1,2,-33.660037,150.88185,71,0,2,1,3,0,0,0,2,0,0,80,2,14295,14295,3,8,5,2,0,0,1,0
1292349,2,2022,2022,8,4,7,7,27,72,74,0,1,7,-33.83871,151.089727,14,0,2,1,3,0,0,3,2,0,7,50,1,1850,985,5,15,40,1,0,0,1,0
1292351,1,2022,2022,6,4,9,126,27,370,168,0,1,2,-34.066484,150.800652,13,0,2,1,3,0,0,0,2,0,7,80,2,14295,14295,3,5,25,3,0,0,0,1
1292352,1,2022,2022,8,2,8,1,27,8,34609,0,1,1,-31.460335,151.140309,70,1,0,0,0,0,0,0,2,0,7,100,0,782,957,5,0,40,1,0,0,0,1
1292354,4,2022,2022,8,5,7,133,17,4,121,0,1,1,-36.993799,149.232019,65,1,0,1,3,0,0,0,2,0,7,100,2,9859,9859,8,5,40,1,0,1,0,0
1292356,4,2022,2022,3,4,3,6,27,224,21,0,1,1,-33.833999,151.245423,45,0,2,1,1,0,0,0,2,0,7,50,1,1981,1981,4,0,27,2,0,1,0,0
1292357,1,2022,2021,2,6,7,22,27,4,34609,0,1,1,-34.039403,150.861182,13,0,2,1,0,0,0,3,2,0,7,80,0,9859,9859,8,10,40,1,0,0,0,1
1292360,4,2022,2022,7,2,4,21,31,252,59,0,1,10,-33.884645,151.211321,69,0,2,1,0,0,3,4,2,0,7,40,1,144,144,1,5,19,2,0,1,0,0
1292361,1,2022,2022,6,6,7,31,31,169,34609,0,1,2,-33.896874,151.212212,69,0,2,1,1,0,0,0,2,0,9,40,0,2040,2040,9,5,28,2,0,0,0,1
1292363,1,2022,2022,7,6,8,191,27,309,208,0,1,10,-33.812912,151.104876,61,0,2,1,1,0,3,4,2,2,15,60,2,14295,14295,3,5,5,2,0,0,0,1
1292365,1,2022,2022,7,4,6,387,36,86,69,0,1,9,-33.738806,151.220138,50,0,2,1,1,0,3,4,2,2,7,70,2,5929,5929,1,30,12,3,0,0,0,1
1292368,2,2022,2022,7,1,8,10,31,67,34609,0,1,1,-33.878303,151.010743,15,0,2,1,0,0,0,0,2,0,7,50,0,1981,1981,4,5,5,2,0,0,1,0
1292369,2,2022,2022,8,0,10,44,27,89,38,0,1,9,-33.855854,150.89183,24,0,2,1,2,0,0,0,0,2,9,60,1,2040,2040,9,10,28,2,0,0,1,0
1292370,4,2022,2022,8,5,6,86,27,16,65,0,1,1,-30.011378,152.659882,18,1,0,0,0,0,0,0,2,0,7,100,1,1850,1463,5,16,40,1,0,1,0,0
1292372,2,2022,2022,7,0,6,5,1,64,34609,0,1,1,-33.952369,150.995141,15,0,2,1,1,0,0,3,2,0,7,50,0,9859,9859,8,5,40,1,0,0,1,0
1292374,1,2022,2022,8,0,7,2,27,1,34609,0,1,1,-35.443535,149.537477,58,2,1,0,0,2,3,3,2,0,7,60,0,1957,4009,8,16,40,1,0,0,0,1
1292376,2,2022,2022,8,4,9,5,27,38,34609,0,1,9,-34.13179,150.707932,79,2,2,0,0,0,0,0,0,0,15,80,0,2852,2852,4,5,5,2,0,0,2,0
1292378,2,2022,2022,0,6,4,2126,17,218,2149,0,1,9,-33.77144,150.77948,55,0,2,1,1,0,3,3,2,2,7,60,2,2040,2040,9,3,28,2,0,0,1,0
1292379,4,2022,2022,6,1,8,1,22,370,34609,0,1,0,-34.054302,150.821532,13,0,2,1,1,0,0,0,2,0,7,50,0,1945,1945,5,16,40,1,0,1,0,0
1292380,2,2022,2022,6,2,7,14,10,316,34609,0,1,9,-31.434457,152.888331,56,2,1,1,1,0,0,0,2,0,0,50,0,9859,9859,8,10,40,1,0,0,1,0
1292381,4,2022,2022,8,3,4,1,31,44,34609,0,1,10,-32.80991,151.440768,17,2,1,1,1,2,3,0,2,0,7,50,0,1945,1945,5,16,40,1,0,1,0,0
1292384,2,2022,2022,7,4,8,916,17,12,917,0,1,1,-31.87975,150.879968,73,1,0,0,0,0,3,4,2,0,7,100,2,1957,4009,8,5,40,1,0,0,2,0
1292389,2,2022,2022,7,2,0,2126,17,60,2149,0,1,1,-33.763606,150.741235,55,0,2,1,2,0,3,4,0,0,7,80,2,4026,4026,8,9,40,1,0,0,1,0
1292390,2,2022,2022,0,0,10,14,31,445,34609,0,1,1,-33.85517,151.044452,21,0,2,1,2,0,0,0,0,0,7,60,0,9859,9859,1,5,5,2,0,0,1,0
1292392,2,2022,2022,0,2,0,118,17,10,118,0,1,10,-29.960584,146.856803,51,2,1,1,2,0,0,0,0,0,0,50,2,1945,1945,5,16,40,1,0,0,1,0
1292393,2,2022,2022,0,0,6,37,27,46,41,0,1,7,-28.818903,153.28446,39,2,1,1,0,0,0,0,2,0,0,50,1,1109,397,1,0,13,2,0,0,1,0
1292394,4,2022,2022,0,2,6,81,17,7,100,0,1,6,-34.416255,150.496105,78,1,0,1,1,0,3,4,2,0,7,110,2,9859,9859,8,5,40,1,0,1,0,0
1292398,4,2022,2022,8,0,8,344,27,609,163,0,1,2,-33.764148,150.90232,7,0,2,1,2,0,3,0,2,0,7,60,2,14295,14295,3,10,5,2,0,1,0,0
1292401,4,2022,2022,8,1,8,294,17,17,288,0,1,1,-35.158717,147.523588,75,1,0,1,0,0,3,4,2,0,7,100,2,3775,3775,0,3,10,2,0,1,2,0
1292406,1,2022,2022,8,2,8,485,27,187,769,1,0,2,-33.792764,150.999045,54,0,2,1,3,0,0,0,0,2,7,60,2,5929,5929,1,5,36,2,0,0,0,1
1292408,2,2022,2022,8,5,9,161,17,4,161,0,1,1,-35.712699,148.514556,66,1,0,0,0,0,1,5,0,0,7,100,2,4552,5151,1,0,13,2,0,0,2,0
1292412,4,2022,2022,7,3,8,26,27,16,25,0,1,1,-31.945155,152.49021,43,1,0,1,0,0,0,0,2,0,7,90,1,475,475,5,16,40,1,0,1,0,0
1292415,1,2022,2022,8,4,3,515,14,294,518,0,1,3,-33.939616,150.924766,41,0,2,1,3,0,0,0,2,0,7,100,2,14295,14295,3,0,36,2,0,0,0,1
1292417,1,2022,2022,8,5,5,230,27,197,284,0,1,6,-33.789283,151.127674,61,0,2,1,3,0,0,0,2,0,7,70,2,9859,9859,8,5,40,1,0,0,0,1
1292425,1,2022,2022,8,2,4,3,1,309,34609,0,1,7,-33.801187,151.109674,61,0,2,1,3,0,0,3,2,0,0,50,0,1282,1282,1,22,5,2,0,0,0,1
1292431,2,2022,2022,8,1,5,14,31,215,34609,0,1,10,-35.109862,147.370516,75,2,1,1,1,0,0,0,2,0,0,50,0,6545,6545,4,5,5,2,0,0,1,0
1292432,4,2022,2022,3,2,5,1,6,76,34609,0,1,1,-34.543415,150.378514,78,2,1,1,2,0,3,3,2,0,7,50,0,9859,9859,8,0,40,1,0,1,0,0
1292433,4,2022,2022,8,1,2,27,27,27,49,1,0,1,-33.765441,151.2794,50,0,2,1,2,0,0,0,0,0,7,60,1,5929,5929,1,0,27,2,0,1,0,0
1292438,2,2022,2022,8,4,9,31,23,139,187,0,1,9,-33.873425,151.137141,32,0,2,1,2,0,3,4,0,2,7,60,2,395,395,1,0,40,2,0,0,1,0
1292439,2,2022,2022,0,1,5,14,27,125,34609,0,1,1,-33.819784,151.127732,61,0,2,1,1,0,0,0,2,0,7,50,0,9859,9859,1,5,0,3,0,0,1,0
1292443,1,2022,2022,0,6,8,77,31,445,563,0,1,10,-33.872158,151.042278,21,0,2,1,2,0,3,0,3,2,7,70,2,5929,5929,1,0,0,2,0,0,0,2
1292444,4,2022,2022,8,3,9,3,31,246,18,0,1,1,-33.902705,151.195723,69,0,2,1,2,0,0,0,0,0,7,50,2,387,387,1,22,5,2,0,1,0,0
1292446,4,2022,2022,8,5,7,11,31,64,46,1,2,9,-33.483482,150.152908,40,2,1,1,1,0,3,4,2,2,7,40,2,14295,14295,3,0,5,2,0,1,0,0
1292448,4,2022,2022,8,0,6,1052,14,160,928,0,1,3,-33.115803,151.464091,37,0,2,1,0,0,0,0,2,0,7,110,2,945,945,5,0,40,1,0,1,1,0
1292450,1,2022,2022,8,4,7,1,10,40,34609,0,1,9,-34.017217,150.77624,12,0,2,1,2,0,3,4,2,0,0,50,0,150,150,4,0,5,2,0,0,0,1
1292456,2,2022,2022,0,4,11,192,31,316,120,0,1,10,-33.917065,151.24121,59,0,2,1,2,0,0,0,0,2,7,50,2,1220,1220,9,16,28,2,0,0,1,0
1292457,4,2022,2022,7,4,5,866,17,61,793,0,1,10,-33.893154,150.922375,24,0,2,1,1,0,0,0,2,2,7,70,2,1109,397,1,5,10,2,0,1,1,0
1292458,2,2022,2022,0,2,10,2,1,70,34609,0,1,9,-33.252019,151.514068,16,2,2,1,0,0,3,0,0,0,7,50,0,9859,9859,1,10,13,3,0,0,1,0
1292463,1,2022,2022,0,0,7,19,27,143,34609,0,1,10,-33.875383,151.107464,9,0,2,1,1,0,0,0,2,2,7,50,0,926,926,4,5,5,2,0,0,0,1
1292464,4,2022,2022,8,1,4,145,27,115,80,0,1,10,-33.879425,151.187664,69,0,2,1,1,0,0,0,2,0,15,40,2,5929,5929,1,9,27,2,0,1,0,0
1292465,1,2022,2022,8,5,10,119,31,73,207,0,1,10,-33.874393,151.217212,69,0,2,1,3,0,0,0,0,2,7,50,2,5929,5929,1,5,5,2,0,0,0,1
1292466,2,2022,2022,8,5,10,6,27,562,34609,0,1,1,-32.281485,148.614384,22,1,0,1,0,0,3,0,0,0,7,100,0,323,323,1,0,5,2,0,0,1,0
1292469,1,2022,2022,0,6,8,11,1,234,34609,0,1,9,-34.27985,146.066861,28,2,1,1,0,0,0,0,2,0,7,50,0,150,150,4,16,13,2,0,0,0,1
1292470,2,2022,2022,8,2,7,194,31,105,34609,0,1,1,-32.590811,149.588618,44,2,1,1,1,0,0,0,2,0,7,40,0,941,941,1,10,5,2,0,0,1,0
1292471,4,2022,2022,0,6,7,21,27,14,4,0,1,1,-33.37447,146.341419,51,1,0,0,0,0,0,0,2,0,7,100,1,2585,4009,8,10,40,1,0,1,0,0
1292472,4,2022,2022,7,3,9,2209,17,176,2205,0,1,10,-33.952926,151.137616,4,0,2,1,2,0,0,0,3,2,7,60,2,5929,5929,1,5,0,2,0,1,0,0
1292473,4,2022,2022,8,5,3,192,31,316,56,0,1,10,-33.902835,151.244823,59,0,2,1,1,0,0,0,2,2,9,50,1,5929,5929,1,0,27,2,0,1,0,0
1292474,2,2022,2022,8,3,8,2,27,55,31,0,1,1,-36.221093,149.144183,65,2,1,1,1,0,0,0,2,0,7,60,1,312,312,2,10,40,1,0,0,1,0
1292475,2,2022,2022,8,5,4,44,31,532,34609,0,1,10,-33.869927,151.197849,69,0,2,1,2,0,0,0,2,2,7,40,0,9859,9859,1,5,5,2,0,0,1,0
1292476,4,2022,2022,8,3,7,4,31,460,34609,0,1,10,-33.848969,151.005234,21,0,2,1,0,0,0,0,2,0,15,50,0,9859,9859,8,0,40,1,0,2,0,0
1292477,2,2022,2022,0,3,11,293,31,219,34609,0,1,1,-32.895259,151.666764,48,0,2,1,2,0,0,0,0,0,7,50,0,9859,9859,1,0,0,3,0,0,1,0
1292478,4,2022,2022,0,2,7,2126,17,104,2149,0,1,1,-33.834591,151.021075,54,0,2,1,0,0,0,0,2,0,7,60,2,14295,14295,3,5,5,2,0,1,0,0
1292480,4,2022,2022,8,0,3,10,27,47,34609,0,1,1,-28.845797,153.449981,2,2,1,1,0,0,3,3,2,0,7,60,0,4026,4026,8,10,40,1,0,1,0,0
1292481,2,2022,2022,8,0,10,3371,17,37,3342,0,1,9,-33.021493,151.666588,37,0,2,1,2,0,3,4,0,2,7,60,2,5929,5929,1,21,5,2,0,0,1,0
1292484,2,2022,2022,6,5,7,512,17,433,441,0,1,9,-33.274656,149.086893,52,2,1,1,3,0,3,4,2,0,0,50,2,14295,14295,3,0,0,2,0,0,1,0
1292485,1,2022,2022,8,0,7,21,27,201,1,0,1,1,-33.989427,150.854498,13,0,2,1,3,0,0,0,2,0,7,60,1,14295,14295,3,5,5,2,0,0,0,1
1292486,2,2022,2022,8,0,6,3371,17,29,3342,0,1,2,-31.781531,152.648783,43,1,0,1,3,0,0,3,2,0,7,110,2,1089,1089,7,10,40,1,0,0,1,0
1292487,4,2022,2022,8,5,5,24,31,112,60,1,0,10,-36.062989,146.931598,0,2,1,1,1,0,0,0,2,2,7,60,1,775,775,4,5,5,2,0,1,1,0
1292490,4,2022,2022,0,2,0,16,31,64,18,0,1,1,-33.956934,151.004409,15,0,2,1,2,0,0,0,0,0,7,60,1,312,312,2,0,40,1,0,1,0,0
1292491,4,2022,2022,8,6,8,3,27,6,34609,0,1,1,-33.463811,150.030811,40,2,1,0,0,0,3,4,0,0,7,60,0,4552,5151,8,25,40,1,0,1,0,0
1292495,2,2022,2022,0,0,7,475,31,80,75,0,1,10,-33.878399,151.20927,69,0,2,1,1,0,3,4,2,2,7,40,1,775,775,4,5,0,2,0,0,1,1
1292499,1,2022,2022,8,5,5,110,27,41,173,0,1,2,-34.394728,150.862604,80,0,2,0,1,0,3,3,2,0,7,80,2,14295,14295,3,0,5,2,0,0,0,1
1292502,4,2022,2022,0,6,11,3371,17,4,3342,0,1,1,-33.508528,151.19116,16,2,2,0,0,0,0,6,0,0,7,60,2,2585,4009,8,16,40,1,0,1,0,0
1292536,2,2022,2022,6,4,7,35,27,32,34,0,1,1,-30.203137,151.648726,1,1,0,1,0,0,0,0,2,0,7,100,1,9859,9859,8,0,40,1,0,0,1,0
1292537,4,2022,2022,8,1,6,10,1,133,34609,0,1,1,-33.931296,151.018516,15,0,2,1,0,0,0,0,2,0,7,50,0,1981,1981,4,5,13,2,0,1,0,0
1292540,1,2022,2022,8,5,7,45,27,90,34609,0,1,1,-33.886016,151.246411,81,0,2,1,1,0,0,0,2,0,7,50,0,387,387,1,0,0,2,0,0,0,1
1292541,4,2022,2022,8,4,5,154,27,55,244,0,1,9,-33.900259,151.087041,15,0,2,1,0,0,0,0,2,0,7,60,2,186,186,9,9,28,2,0,1,0,0
1292550,2,2022,2022,6,2,9,34,27,13,31,0,1,1,-35.926595,149.587882,58,1,0,0,3,2,3,4,0,0,7,100,1,1850,1463,5,0,40,1,0,0,1,0
1292552,1,2022,2022,8,1,8,27,27,171,35,0,1,9,-33.80315,150.972479,54,0,2,1,3,0,0,0,0,0,7,50,1,5929,5929,1,5,5,2,0,0,0,1
1292555,4,2022,2022,0,6,6,1052,14,207,928,0,1,3,-33.567872,151.192349,31,0,2,0,3,0,3,4,2,0,7,110,2,2585,4009,8,10,40,1,0,1,0,0
1292556,1,2022,2022,6,0,5,26,10,370,68,0,1,7,-34.078655,150.797971,13,0,2,0,3,0,0,3,2,0,0,60,1,1981,1981,4,5,0,2,0,0,0,1
1292562,2,2022,2022,8,6,4,35,10,463,34609,0,1,9,-30.305454,153.132754,19,2,1,1,1,0,0,0,2,0,7,50,0,214,214,9,6,28,2,0,0,1,0
1292563,2,2022,2022,6,0,8,225,17,85,180,1,0,1,-34.571642,150.764296,62,0,2,1,2,0,0,0,0,0,7,60,2,9859,9859,1,5,13,2,0,0,1,0
1292565,4,2022,2022,0,2,0,12,27,58,43,0,1,1,-28.565187,153.536031,10,2,1,0,0,0,3,4,0,0,7,80,1,2585,4009,8,5,40,1,0,1,2,0
1292569,1,2022,2022,7,0,6,29,27,147,69,0,1,9,-33.872022,151.132313,14,0,2,1,0,0,3,0,2,0,0,60,2,14295,14295,3,0,5,2,0,0,0,1
1292570,2,2022,2022,8,5,6,346,17,12,332,0,1,1,-28.863154,152.786064,51,1,0,0,0,0,3,0,2,0,7,100,2,101,101,8,0,35,2,0,0,1,0
1292572,2,2022,2022,8,0,4,133,31,8,34609,0,1,1,-32.990048,151.72402,37,0,2,0,0,0,0,0,2,0,7,50,0,2585,4009,1,5,5,2,0,0,1,0
1292578,2,2022,2022,6,4,4,56,31,113,34609,0,1,10,-29.476112,149.843049,51,2,1,1,0,0,0,0,2,0,0,50,0,6545,6545,4,5,0,3,0,0,1,0
1292582,4,2022,2022,7,3,2,3371,17,14,3342,0,1,2,-28.987401,153.43621,2,1,0,1,2,0,3,0,0,0,7,110,2,404,404,8,9,40,1,0,1,0,0
1292584,1,2022,2022,6,0,7,334,17,316,308,0,1,9,-31.436143,152.896456,56,2,1,1,3,0,3,4,2,2,7,60,2,2852,2852,4,0,13,2,0,0,0,1
1292586,4,2022,2022,8,3,7,5,27,57,41,0,1,1,-33.678398,151.116782,31,0,2,1,0,0,0,0,2,0,7,60,2,2040,2040,9,10,28,2,0,1,0,0
1292588,4,2022,2022,0,1,6,3371,17,30,3342,0,1,2,-28.321672,153.517667,72,1,0,1,0,0,0,0,2,0,7,110,2,14295,14295,3,8,0,3,0,1,0,1
1292589,4,2022,2022,7,3,9,4,10,323,34609,0,1,1,-33.79974,150.829607,7,0,2,0,1,0,0,0,3,0,7,50,0,2585,4009,1,34,8,2,0,1,2,0