Crash ID,Degree of crash - detailed,Reporting year,Year of crash,Month of crash,Day of week of crash,Two-hour intervals,Street of crash,Street type,Town,Route no.,School zone location,School zone active,Type of location,Latitude,Longitude,LGA,Urbanisation,Conurbation 1,Alignment,Street lighting,Road surface,Surface condition,Weather,Natural lighting,Signals operation,Other traffic control,Speed limit,Road classification,RUM - code,DCA - code,First impact type,Key TU type,Other TU type,No. of traffic units involved,No. killed,No. seriously injured,No. moderately injured,No. minor-other injured
1292591,2,2022,2022,8,1,11,42,31,127,96,0,1,1,-33.896368,151.152325,32,0,2,1,2,0,0,0,0,0,7,60,2,9859,9859,8,5,40,1,0,0,1,0
1292592,2,2022,2022,7,6,4,37,27,10,36,0,1,1,-32.601902,151.726805,57,2,1,0,0,0,3,4,2,0,7,80,1,1957,4009,8,5,40,1,0,0,1,0
1292594,4,2022,2022,8,3,4,35,27,304,37,0,1,1,-33.907398,151.14484,32,0,2,1,0,0,0,0,2,0,7,50,1,1981,1981,4,0,19,2,0,1,0,1
1292597,1,2022,2022,0,2,6,35,27,9,24,0,1,1,-32.569848,149.558431,44,2,1,1,0,0,0,0,2,0,7,80,1,312,312,2,0,40,1,0,0,0,1
1292600,2,2022,2022,8,1,5,12,27,64,12,0,1,7,-33.895481,151.073898,67,0,2,1,1,0,3,4,2,0,0,60,1,14295,14295,3,10,36,2,0,0,1,0
1292601,2,2022,2022,8,5,10,3371,17,30,3342,0,1,10,-33.190165,151.577408,16,2,2,1,3,0,0,0,0,2,7,80,2,5929,5929,1,5,36,2,0,0,1,0
1292603,2,2022,2022,8,1,8,13,27,239,34609,0,1,7,-34.025981,151.126689,68,0,2,1,3,0,0,0,2,0,0,50,0,14295,14295,3,19,13,2,0,0,1,0
1292605,2,2022,2022,8,4,6,22,1,443,34609,0,1,10,-33.894321,151.054886,15,0,2,1,3,0,3,4,2,0,15,50,0,63,63,4,0,5,2,0,0,1,0
1292608,1,2022,2022,8,4,10,348,27,363,88,0,1,7,-33.743377,150.691845,55,0,2,1,3,0,0,0,0,0,0,60,2,14295,14295,3,0,5,2,0,0,0,1
1292613,1,2022,2022,8,0,5,95,27,42,605,0,1,10,-33.658295,151.317369,50,0,2,1,3,0,3,4,2,0,0,60,2,3775,3775,0,30,13,2,0,0,0,1
1292615,1,2022,2022,6,6,8,2126,17,283,2149,0,1,9,-33.831812,151.014954,54,0,2,1,3,0,0,0,2,0,7,60,2,5929,5929,1,5,0,2,0,0,0,1
1292616,2,2022,2022,8,1,6,3,28,21,34609,0,1,1,-33.039002,151.585588,37,0,2,0,1,0,0,0,2,0,7,50,0,2585,4009,1,5,0,2,0,0,1,0
1292617,1,2022,2022,8,5,4,12,27,309,34609,0,1,1,-33.815162,151.121212,61,0,2,1,1,0,0,0,2,0,7,50,0,1981,1981,4,0,27,2,0,0,0,1
1292618,1,2022,2022,3,4,10,103,27,94,563,0,1,10,-33.830176,151.049572,54,0,2,1,2,0,0,0,0,2,7,70,2,5929,5929,1,5,13,2,0,0,0,1
1292624,2,2022,2022,7,4,3,171,1,90,22,0,1,9,-33.787723,150.951895,54,0,2,1,2,0,0,1,1,0,7,60,1,6545,6545,4,0,0,2,0,0,1,0
1292628,4,2022,2022,8,4,7,4,31,107,34609,0,1,1,-29.68322,152.936252,18,2,1,1,0,0,0,0,2,0,7,50,0,9859,9859,8,30,40,1,0,1,0,0
1292634,2,2022,2022,0,0,2,916,17,77,917,0,1,10,-32.576753,151.184871,64,2,1,1,3,0,0,3,0,0,0,60,2,14295,14295,3,9,5,2,0,0,1,0
1292637,1,2022,2022,7,3,10,46,31,65,34609,1,0,1,-33.809088,150.953772,21,0,2,1,2,0,0,0,0,0,7,50,0,4026,4026,1,5,5,3,0,0,0,1
1292638,4,2022,2022,7,4,9,866,17,171,793,0,1,9,-33.80595,150.970263,54,0,2,1,2,0,3,4,0,2,7,70,2,2040,2040,9,0,28,2,0,1,1,0
1292640,2,2022,2022,7,1,0,2209,17,88,2205,0,1,2,-33.992772,151.114338,25,0,2,0,2,0,3,4,0,0,7,70,2,1957,4009,8,5,40,1,0,0,1,0
1292642,4,2022,2022,8,3,9,1,1,69,34609,0,1,1,-28.547651,153.489111,10,2,1,1,2,0,3,4,0,0,7,50,0,9859,9859,8,5,40,1,0,1,0,0
1292645,4,2022,2022,8,6,3,232,36,134,331,0,1,2,-33.970926,150.81303,12,0,2,1,1,0,0,0,1,0,7,80,2,1282,1282,1,9,19,2,0,1,0,0
1292649,4,2022,2022,0,2,7,27,27,290,34609,0,1,1,-33.856504,151.000688,21,0,2,1,1,0,0,0,2,0,7,50,0,1945,1945,5,16,40,1,0,1,0,0
1292652,2,2022,2022,8,0,8,2261,17,47,2252,0,1,2,-35.76254,147.287677,27,1,0,1,0,0,3,4,3,0,7,110,2,945,945,5,5,40,1,0,0,1,0
1292653,2,2022,2022,7,5,7,53,36,3,34,0,1,1,-33.368318,148.565295,11,1,0,1,0,0,0,0,2,0,7,100,2,3775,3775,0,10,10,2,0,0,1,0
1292657,2,2022,2022,6,1,4,2209,17,204,2205,0,1,2,-33.94426,151.142073,4,0,2,1,3,0,0,0,2,0,7,60,2,14295,14295,3,5,5,2,0,0,1,0
1292659,1,2022,2022,8,3,6,177,31,174,208,0,1,1,-33.860724,150.929374,24,0,2,1,3,0,0,0,2,0,7,60,1,14295,14295,3,9,5,2,0,0,0,1
1292661,1,2022,2022,6,3,3,168,10,387,260,0,1,9,-33.938578,151.192669,4,0,2,1,3,0,0,0,2,2,7,70,2,14295,14295,3,5,36,2,0,0,0,1
1292665,2,2022,2022,6,6,8,232,36,34,331,0,1,10,-34.009824,150.770155,12,0,2,1,3,0,0,0,3,2,7,80,2,14295,14295,3,5,0,2,0,0,1,1
1292676,4,2022,2022,8,0,5,76,31,56,34609,0,1,0,-33.855878,151.177551,32,0,2,1,1,0,3,3,2,0,7,40,0,237,162,8,5,40,2,0,1,0,0
1292677,2,2022,2022,8,5,4,251,27,115,212,0,1,10,-33.752256,151.243781,50,0,2,1,3,0,0,0,2,3,7,70,2,14295,14295,3,5,13,2,0,0,1,0
1292683,2,2022,2022,8,5,5,1,27,1,34609,0,1,1,-28.615084,152.592609,51,1,0,0,0,0,0,0,2,0,7,100,0,404,404,8,0,40,1,0,0,1,0
1292687,4,2022,2022,8,0,1,1052,14,60,928,0,1,3,-33.427353,151.238326,16,1,2,0,2,0,0,1,0,0,7,110,2,2585,4009,8,5,40,2,0,1,0,0
1292688,4,2022,2022,8,5,3,9,1,55,34609,0,1,10,-33.938961,150.899261,41,0,2,1,1,0,0,0,2,0,0,50,0,6545,6545,4,0,5,2,0,1,0,0
1292693,2,2022,2022,0,5,7,99,31,77,105,0,1,10,-33.865715,150.949905,24,0,2,1,1,0,0,0,2,0,15,60,1,6545,6545,4,5,5,2,0,0,1,0
1292694,4,2022,2022,8,1,8,16,27,90,34609,1,0,7,-33.88652,151.242084,81,0,2,0,0,0,0,0,3,0,0,50,0,2040,2040,9,5,28,2,0,1,0,0
1292700,2,2022,2022,6,5,4,29,1,105,34609,0,1,7,-32.714266,151.529725,42,2,1,1,1,0,0,0,2,0,7,50,0,2040,2040,9,5,28,2,0,0,1,0
1292701,2,2022,2022,8,3,7,45,1,15,34609,0,1,7,-34.57474,150.834246,62,0,2,1,1,0,0,0,2,0,0,50,0,6545,6545,4,5,5,2,0,0,1,0
1292704,1,2022,2022,8,0,9,195,27,54,186,0,1,10,-33.868999,150.870071,24,0,2,1,2,0,0,0,0,2,7,70,2,5929,5929,1,5,5,2,0,0,0,1
1292706,2,2022,2022,7,6,5,481,17,562,483,0,1,1,-32.243284,148.605645,22,2,1,1,1,0,0,0,2,0,7,60,2,941,941,1,10,5,2,0,0,1,0
1292707,2,2022,2022,8,0,10,232,36,64,168,0,1,9,-34.040585,150.735622,12,0,2,1,2,0,0,0,0,2,7,60,2,4026,4026,8,5,40,1,0,0,1,0
1292708,2,2022,2022,6,6,7,22,31,172,126,0,1,1,-32.744372,151.5861,42,2,1,1,3,0,0,0,2,0,7,60,2,14295,14295,3,10,5,3,0,0,1,0
1292710,2,2022,2022,6,0,6,13,1,562,34609,0,1,9,-32.254651,148.647235,22,2,1,1,3,0,3,0,2,0,0,60,0,2852,2852,4,0,5,2,0,0,2,0
1292712,2,2022,2022,6,1,8,346,17,103,332,0,1,1,-28.811437,153.342813,39,2,1,1,3,0,0,0,3,0,7,60,2,14295,14295,3,5,5,2,0,0,1,0
1292713,1,2022,2022,8,3,4,2261,17,443,2252,0,1,2,-33.886207,151.066652,15,0,2,1,3,0,0,0,2,0,7,60,2,1391,1391,1,5,40,2,0,0,0,1
1292724,4,2022,2022,8,6,3,42,31,316,34609,0,1,7,-33.921877,151.243178,59,0,2,1,0,0,0,0,2,0,0,50,0,2852,2852,4,10,27,2,0,1,0,0
1292734,4,2022,2022,8,0,7,4,27,2,34609,0,1,1,-32.290425,151.30564,64,1,0,0,3,0,0,0,2,0,7,100,0,380,714,5,16,40,1,0,1,0,0
1292735,2,2022,2022,8,5,9,2126,17,65,2149,0,1,2,-33.535128,150.156245,40,2,1,0,3,0,3,4,2,0,7,80,2,380,714,5,9,40,1,0,0,1,0
1292736,2,2022,2022,0,4,3,12,31,176,34609,0,1,10,-33.965239,151.134557,25,0,2,1,3,0,0,0,4,0,0,40,0,6545,6545,4,5,5,2,0,0,1,0
1292739,4,2022,2022,8,0,3,6,31,79,34609,0,1,9,-34.006624,150.733846,12,0,2,1,1,0,0,0,2,0,7,50,0,1981,1981,4,0,0,2,0,1,1,0
1292741,2,2022,2022,8,4,6,78,27,31,61,1,0,1,-33.896552,151.021074,15,0,2,1,0,0,3,4,2,0,7,60,1,9859,9859,8,0,40,2,0,0,1,0
1292743,4,2022,2022,0,4,6,2,31,128,34609,0,1,1,-33.426098,151.334769,16,2,2,1,0,0,0,0,2,0,7,40,0,1220,1220,9,30,28,2,0,1,1,0
1292748,4,2022,2022,6,5,1,23,10,370,34609,0,1,1,-34.068224,150.783924,13,0,2,0,2,0,0,0,0,0,7,50,0,1957,4009,1,5,0,2,0,1,0,0
1292749,2,2022,2022,8,4,8,97,31,363,92,0,1,9,-33.814785,150.997675,54,0,2,1,1,0,0,0,2,0,0,60,1,14295,14295,3,16,33,2,0,0,1,0
1292754,2,2022,2022,0,5,6,21,27,14,15,0,1,1,-32.263709,149.080596,22,1,0,1,0,0,0,0,2,0,7,100,1,1945,1945,5,21,40,1,0,0,2,0
1292755,4,2022,2022,0,5,4,1104,14,223,962,0,1,3,-33.805855,150.919121,7,0,2,1,1,0,0,0,2,0,7,100,2,14295,14295,3,16,0,2,0,1,0,0
1292756,1,2022,2022,8,4,7,2,31,646,34609,1,2,1,-33.906843,151.03621,15,0,2,1,1,0,0,0,2,0,7,40,0,238,238,9,5,28,2,0,0,0,1
1292759,4,2022,2022,0,1,10,9,1,293,34609,0,1,9,-33.928497,151.045685,15,0,2,1,0,0,0,0,0,0,7,50,0,2040,2040,9,5,28,2,0,1,0,0
1292762,4,2022,2022,0,6,9,2,31,284,34609,0,1,1,-33.912257,151.005754,15,0,2,1,2,0,0,0,0,0,7,50,0,1220,1220,9,5,28,2,0,1,0,0
1292763,2,2022,2022,6,2,8,165,31,128,369,0,1,1,-33.631472,150.791742,29,2,2,1,3,0,0,0,2,0,7,60,2,14295,14295,3,5,13,2,0,0,1,0
1292766,2,2022,2022,8,1,4,19,27,137,49,1,2,9,-33.900253,150.898727,24,0,2,1,3,0,0,0,2,0,7,40,1,3775,3775,0,5,5,2,0,0,1,0
1292774,4,2022,2022,8,4,9,6,27,63,34609,0,1,1,-33.249468,151.463129,16,2,2,1,2,0,3,0,0,0,7,50,0,9859,9859,1,5,5,2,0,1,0,0
1292776,4,2022,2022,0,5,3,2209,17,23,2205,0,1,2,-34.606592,150.839011,62,0,2,1,0,0,0,0,1,0,7,100,2,14295,14295,3,0,0,2,0,2,0,0
1292777,2,2022,2022,8,3,0,49,27,111,62,0,1,9,-33.698652,150.879358,7,0,2,1,2,0,0,0,0,2,7,70,2,14295,14295,3,5,0,2,0,0,1,0
1292778,1,2022,2022,0,0,8,7,27,3,8,0,1,1,-34.786579,148.308365,30,1,0,0,0,0,0,0,2,0,7,100,1,4552,5151,8,21,40,1,0,0,0,1
1292780,4,2022,2022,8,0,6,5,27,4,5,0,1,1,-30.77577,150.709063,70,1,0,1,0,0,0,0,2,0,7,100,1,1945,1945,5,16,40,1,0,1,0,0
1292781,2,2022,2022,8,6,6,8,27,58,34609,0,1,1,-32.983195,151.680671,37,0,2,1,1,0,0,0,2,0,7,50,0,1945,1945,5,16,40,1,0,0,1,0
1292785,1,2022,2022,8,2,6,19,27,143,34609,0,1,10,-33.875383,151.107464,9,0,2,1,3,0,0,0,2,2,7,50,0,14295,14295,3,0,0,2,0,0,0,1
1292787,2,2022,2022,8,4,4,171,27,71,369,0,1,9,-33.785013,150.704232,55,0,2,1,1,0,0,0,2,2,7,70,2,14295,14295,3,5,5,2,0,0,1,0
1292789,2,2022,2022,8,5,7,9,1,271,11,0,1,1,-33.95174,151.017783,15,0,2,1,1,0,0,0,2,0,7,60,2,9859,9859,1,5,0,2,0,0,1,0
1292790,2,2022,2022,8,1,8,2,31,132,34609,0,1,10,-29.77633,151.115265,33,2,1,1,2,0,3,4,0,0,0,50,0,6545,6545,4,10,5,2,0,0,1,0
1292798,2,2022,2022,3,5,8,12,27,83,34609,0,1,1,-34.464849,150.473883,78,2,1,0,3,0,0,0,3,0,7,80,0,1850,1463,5,10,40,1,0,0,1,0
1292799,2,2022,2022,8,1,6,515,14,271,518,0,1,3,-33.941022,151.018783,15,0,2,1,3,0,0,0,2,0,7,100,2,1391,1391,1,29,0,2,0,0,1,0
1292805,1,2022,2022,0,5,5,15,31,131,34609,0,1,10,-36.08148,146.922103,0,2,1,1,1,0,0,0,2,0,0,50,0,591,591,1,22,36,2,0,0,0,1
1292808,4,2022,2022,0,6,3,7,31,169,34609,0,1,10,-33.897537,151.209384,69,0,2,1,0,0,3,4,2,0,15,40,0,6545,6545,4,10,27,2,0,1,0,0
1292815,2,2022,2022,6,6,9,76,27,69,148,1,0,9,-32.936811,151.741461,48,0,2,1,2,0,0,0,0,0,7,60,1,14295,14295,3,5,5,2,0,0,1,0
1292817,4,2022,2022,8,1,6,56,27,443,44,1,0,9,-33.896107,151.059082,15,0,2,1,1,0,0,0,2,0,0,60,1,2040,2040,9,0,28,2,0,1,0,0
1292818,2,2022,2021,9,4,4,3,27,46,34609,0,1,1,-33.791522,150.965928,54,0,2,1,1,0,0,3,2,0,7,50,0,9859,9859,1,0,5,2,0,0,1,0
1292823,2,2022,2022,8,3,0,15,31,133,34609,0,1,1,-33.92536,151.016386,15,0,2,1,2,0,0,0,0,0,7,50,0,9859,9859,1,0,5,2,0,0,1,0
1292827,1,2022,2022,8,5,4,133,31,96,34609,0,1,9,-35.352393,149.236323,58,2,1,1,0,0,3,4,2,0,7,50,0,2040,2040,9,5,28,2,0,0,0,1
1292831,2,2022,2022,7,6,10,89,27,182,228,1,0,1,-32.838097,151.344471,17,2,1,1,2,0,0,0,0,2,9,60,1,9859,9859,1,5,5,2,0,0,1,0
1292833,4,2022,2022,6,4,5,5,18,81,34609,1,0,1,-33.875189,151.254701,81,0,2,1,1,0,2,6,2,0,7,50,0,175,188,8,5,40,1,0,1,1,0
1292834,2,2022,2022,8,4,8,37,23,443,78,0,1,9,-33.906945,151.058863,15,0,2,1,1,0,0,0,3,0,0,60,2,1282,1282,1,16,0,2,0,0,1,0
1292835,1,2022,2021,2,0,8,48,31,35,42,0,1,9,-31.080103,152.837702,34,2,1,1,1,0,0,0,2,2,7,50,1,591,591,1,22,36,2,0,0,0,1
1292836,2,2022,2022,8,1,4,39,22,65,34609,0,1,1,-33.398719,151.396796,16,2,2,0,0,0,0,0,2,0,7,60,0,4552,5151,8,5,40,1,0,0,1,0
1292838,2,2022,2022,8,5,4,2126,17,33,2149,0,1,9,-33.477951,150.135377,40,2,1,0,1,0,0,0,2,0,0,70,2,2852,2852,4,9,5,2,0,0,1,0
1292842,4,2022,2022,0,3,7,103,27,94,563,0,1,10,-33.830064,151.049759,54,0,2,1,1,0,0,0,2,2,7,70,2,14295,14295,3,5,25,3,0,1,0,0
1292845,1,2022,2021,2,6,10,2,27,20,34609,0,1,1,-34.211481,150.995502,80,0,2,0,0,0,3,1,0,0,7,60,0,2585,4009,8,5,40,1,0,0,0,1
1292846,4,2022,2022,8,1,5,7,10,387,34609,0,1,2,-33.932315,151.163037,4,0,2,1,0,0,0,0,2,0,7,60,0,41,41,8,5,40,2,0,1,0,0
1292847,4,2022,2022,8,5,5,10,31,143,34609,0,1,1,-33.702402,151.099694,31,0,2,1,3,0,2,6,2,0,7,50,0,1192,1192,1,5,13,4,0,1,1,0
1292848,2,2022,2022,0,3,10,2,18,61,34609,0,1,1,-35.140492,149.202147,82,2,1,0,0,0,0,0,0,0,7,80,0,782,957,5,10,40,1,0,0,1,0
1292849,2,2022,2022,0,0,7,1052,14,207,928,0,1,3,-33.54402,151.197431,31,0,2,1,1,0,0,0,2,0,7,110,2,1282,1282,1,8,5,2,0,0,1,0
1292850,4,2022,2022,0,5,3,13,27,46,34609,0,1,7,-35.153447,147.374003,75,2,1,0,1,0,0,1,2,0,0,60,0,6545,6545,4,0,27,2,0,1,0,1
1292851,2,2022,2022,0,3,6,158,27,55,207,0,1,1,-33.859533,151.277526,81,0,2,0,0,0,0,0,2,0,7,50,2,1981,1981,4,0,27,2,0,0,1,0
1292852,2,2022,2022,0,6,7,3371,17,463,3342,0,1,10,-30.300784,153.110611,19,2,1,1,1,0,3,4,2,2,7,60,2,14295,14295,3,9,0,2,0,0,1,0
1292855,2,2022,2022,8,0,8,2126,17,609,2149,0,1,10,-33.79815,150.896996,7,0,2,1,1,0,0,0,2,2,7,80,2,14295,14295,3,5,19,2,0,0,1,0
1292858,2,2022,2022,7,1,8,1,23,6,34609,0,1,1,-33.915763,151.053101,15,0,2,1,0,0,0,3,2,0,7,50,0,4026,4026,8,5,40,1,0,0,1,0
1292865,2,2022,2022,0,2,11,98,31,100,159,0,1,9,-33.959286,151.152405,4,0,2,1,2,0,3,2,0,2,7,60,2,5929,5929,1,0,5,2,0,0,2,0
1292877,4,2022,2022,0,0,6,5,27,5,34609,0,1,1,-28.704674,153.32906,39,2,1,1,0,0,0,0,2,0,7,80,0,1945,1945,5,16,40,1,0,1,0,0
1292878,4,2022,2022,0,5,10,109,27,204,105,0,1,9,-33.897949,150.925232,24,0,2,1,2,0,0,0,3,2,7,60,2,1282,1282,1,16,19,2,0,1,0,0
1292879,4,2022,2022,8,6,6,512,17,11,441,0,1,1,-31.963865,147.895643,51,1,0,1,0,0,0,0,2,0,7,110,2,14295,14295,3,0,13,3,0,1,2,0
1292880,2,2022,2022,0,2,9,265,17,21,193,0,1,9,-35.084589,147.350212,75,2,1,0,2,0,0,0,3,0,0,80,2,926,926,4,5,2,2,0,0,1,1
1292882,2,2022,2022,7,2,9,43,27,46,29,0,1,1,-32.918902,151.677673,48,0,2,1,1,0,3,3,3,0,7,60,1,9859,9859,1,0,13,2,0,0,1,0
1292884,4,2022,2022,0,0,11,2126,17,27,2149,0,1,2,-33.709952,150.342102,8,2,2,0,0,0,0,0,0,0,7,80,2,3775,3775,0,5,35,2,0,1,1,0
1292885,2,2022,2022,0,6,6,220,27,251,222,0,1,10,-33.75851,150.955337,7,0,2,1,3,0,3,4,2,2,7,80,2,14295,14295,3,5,0,2,0,0,1,0
1292887,4,2022,2022,0,1,8,133,10,25,121,0,1,1,-31.563342,152.84477,56,2,1,1,0,0,2,6,2,0,7,50,1,1981,1981,4,0,19,2,0,1,1,0
1292888,2,2022,2022,8,3,6,57,31,77,321,0,1,1,-33.887833,151.201507,69,0,2,1,1,0,0,0,2,0,7,50,2,1981,1981,4,0,27,2,0,0,1,0
1292895,2,2022,2022,8,2,5,34,31,35,18,0,1,9,-33.816847,151.205397,77,0,2,1,1,0,0,0,2,0,0,60,1,2852,2852,4,0,5,2,0,0,1,0
1292897,4,2022,2022,0,4,9,8,1,69,34609,1,0,7,-32.933109,151.758701,48,0,2,1,2,0,3,5,0,0,0,50,0,6545,6545,4,0,27,2,0,1,0,0
1292898,4,2022,2022,7,3,1,3371,17,54,3342,0,1,1,-33.224439,151.502964,16,2,2,0,0,0,3,3,0,0,7,70,2,4552,5151,8,8,40,1,0,1,0,0
1292901,4,2022,2022,8,1,4,2,7,68,34609,1,2,9,-34.081272,151.014218,68,0,2,1,1,0,3,3,2,0,7,40,0,2852,2852,4,10,5,2,0,1,0,0
1292902,4,2022,2022,0,0,3,1,27,9,34609,0,1,1,-28.843161,153.204702,39,2,1,1,0,0,0,0,0,0,7,50,0,1945,1945,5,16,40,1,0,1,0,0
1292903,4,2022,2022,7,3,3,1,1,39,34609,1,0,1,-34.316026,150.918325,80,0,2,0,1,0,3,3,2,0,7,50,0,1957,4009,1,5,5,2,0,1,0,0
1292904,1,2022,2022,0,5,8,2261,17,46,2252,0,1,2,-33.889448,150.967742,24,0,2,1,1,0,0,0,2,0,7,70,2,14295,14295,3,5,5,2,0,0,0,1
1292906,2,2022,2022,7,3,11,283,27,129,702,0,1,2,-33.930318,151.072571,15,0,2,1,2,0,0,0,0,0,7,60,2,14295,14295,3,10,5,2,0,0,1,0
1292911,1,2022,2022,8,5,8,2209,17,115,2205,0,1,2,-34.031948,151.07047,68,0,2,1,0,0,0,0,2,0,7,60,2,14295,14295,3,5,5,3,0,0,0,1
1292912,2,2022,2022,8,6,6,133,31,50,34609,0,1,1,-33.236254,151.563324,16,2,2,1,3,0,2,6,2,0,7,50,0,9859,9859,1,5,5,2,0,0,1,0
1292915,4,2022,2022,8,1,6,3371,17,85,3342,0,1,9,-33.733539,151.127998,36,0,2,1,1,0,3,4,2,2,7,60,2,2852,2852,4,5,0,2,0,1,0,0
1292919,2,2022,2022,8,5,7,12,27,39,34609,0,1,2,-34.040905,150.759739,12,0,2,1,1,0,0,0,2,0,7,50,0,14295,14295,3,10,0,3,0,0,1,1
1292920,4,2022,2022,8,5,7,15,27,24,228,1,2,9,-33.559973,150.907365,29,2,2,0,0,0,0,3,2,0,0,40,2,6545,6545,4,0,10,2,0,1,0,0
1292921,4,2022,2022,0,3,0,478,17,128,480,0,1,2,-33.427103,151.311141,16,2,2,0,0,0,3,0,0,0,7,70,2,4552,5151,8,5,40,1,0,1,0,0
1292923,4,2022,2022,8,3,8,255,27,103,76,0,1,9,-32.939503,151.658478,37,0,2,1,1,0,0,0,2,0,9,40,1,1220,1220,9,5,28,2,0,1,0,0
1292925,1,2022,2022,8,0,8,265,10,445,563,0,1,10,-33.866339,151.041498,21,0,2,1,3,0,3,4,2,3,7,70,2,1391,1391,1,5,10,2,0,0,0,1
1292927,4,2022,2022,3,4,9,26,27,56,68,0,1,9,-33.803426,151.205791,77,0,2,1,1,0,0,3,2,0,7,60,1,2852,2852,4,5,19,2,0,1,0,0
1292928,1,2022,2022,6,1,5,1,1,11,34609,0,1,1,-33.725153,150.798222,7,0,2,1,1,0,0,0,2,0,7,50,0,591,591,1,16,0,2,0,0,0,1
1292929,4,2022,2022,6,1,10,8,31,293,34609,0,1,9,-33.929337,151.049347,15,0,2,1,2,0,0,0,0,0,7,50,0,489,489,8,5,40,1,0,1,0,0
1292930,4,2022,2022,8,0,8,2,31,79,34609,0,1,1,-33.970327,151.123183,25,0,2,1,0,0,3,0,2,0,7,50,0,312,312,2,5,40,1,0,1,0,0
1292931,2,2022,2022,6,4,6,2126,17,166,2149,0,1,10,-33.414315,149.581875,3,2,1,1,3,0,2,6,2,2,7,60,2,340,340,9,5,28,2,0,0,1,0
1292934,4,2022,2022,7,2,5,3371,17,6,3342,0,1,2,-28.921832,153.474156,2,1,0,1,0,0,0,0,2,0,7,110,2,9859,9859,1,33,13,2,0,1,0,0
1292935,2,2022,2022,6,0,9,10,27,234,34609,0,1,2,-34.29779,146.025828,28,2,1,0,2,0,0,0,0,0,7,50,0,1259,5151,8,5,40,1,0,0,1,0
1292937,2,2022,2022,3,1,4,90,31,252,165,0,1,2,-33.885655,151.218143,69,0,2,1,0,0,0,0,2,0,7,60,2,14295,14295,3,5,5,2,0,0,1,0
1292939,2,2022,2022,6,4,9,133,10,25,121,0,1,1,-31.541439,152.863993,56,1,0,1,0,0,0,0,0,0,7,100,1,1089,1089,7,0,40,1,0,0,2,0
1292942,4,2022,2022,0,4,7,4,27,56,34609,0,1,1,-31.102335,152.826205,34,2,1,1,0,0,0,0,2,0,7,50,0,1945,1945,5,16,40,1,0,1,0,0
1292947,4,2022,2022,7,2,7,1,25,51,34609,0,1,1,-34.1776,150.998712,80,0,2,1,3,0,3,3,2,0,7,50,0,9859,9859,8,16,40,1,0,1,0,0
1292950,2,2022,2022,8,0,7,5,10,133,34609,0,1,9,-34.504369,150.802663,80,0,2,1,3,0,0,0,2,0,0,50,0,2852,2852,4,5,19,2,0,0,1,0
1292951,4,2022,2022,6,6,10,10,27,35,12,0,1,1,-34.904904,148.157907,20,1,0,0,0,0,3,4,0,0,7,100,1,1957,4009,8,10,40,1,0,1,0,0
1292954,4,2022,2022,8,1,9,916,17,194,917,0,1,1,-30.542017,151.603609,1,1,0,1,0,0,3,4,0,0,7,100,2,404,404,8,16,40,1,0,1,0,0
1292955,4,2022,2022,8,6,10,3,27,16,34609,0,1,1,-34.025249,151.048127,68,0,2,0,2,0,0,0,0,0,7,50,0,1259,5151,8,10,40,2,0,1,0,0
1292957,4,2022,2022,8,6,11,3371,17,35,3342,0,1,2,-32.092567,152.393679,43,1,0,0,0,0,0,0,0,0,7,100,2,4552,5151,8,3,40,1,0,1,0,0
1292958,2,2022,2022,8,1,6,6,27,13,48,0,1,1,-32.727475,151.588467,42,2,1,0,0,0,0,0,2,0,7,80,1,4552,5151,8,10,40,1,0,0,1,0
1292959,2,2022,2022,8,2,7,2126,17,147,2149,0,1,10,-33.873019,151.126104,14,0,2,1,1,0,0,0,2,2,9,60,2,2040,2040,9,0,28,2,0,0,1,0
1292960,2,2022,2022,8,1,6,15,31,15,34609,0,1,1,-32.937168,151.762277,48,0,2,1,0,0,0,0,2,0,7,40,0,9859,9859,1,5,0,3,0,0,1,0
1292970,1,2022,2022,6,3,8,478,17,69,480,0,1,10,-33.360016,151.483322,16,2,2,1,3,0,0,0,2,0,15,50,2,14295,14295,3,0,0,3,0,0,0,1
1292973,4,2022,2022,6,6,3,17,27,251,34609,0,1,1,-33.789613,150.93947,7,0,2,1,3,0,0,0,2,0,7,50,0,1282,1282,1,5,10,2,0,1,0,0
1292974,1,2022,2022,8,1,11,2261,17,187,2252,0,1,2,-33.889826,150.973987,15,0,2,1,3,0,0,6,0,0,0,70,2,14295,14295,3,5,5,2,0,0,0,1
1292977,1,2022,2022,8,1,4,232,36,39,331,0,1,2,-34.029627,150.753235,12,0,2,1,3,0,0,0,2,0,7,80,2,14295,14295,3,5,0,2,0,0,0,1
1292980,2,2022,2022,6,0,9,59,27,26,53,0,1,1,-34.105618,150.76384,13,0,2,0,3,0,0,0,3,0,7,80,2,1391,1391,1,0,13,2,0,0,1,0
1292987,2,2022,2022,4,6,5,1,27,3,34609,0,1,1,-35.697862,148.547029,66,1,0,0,0,2,0,0,2,0,7,100,0,418,714,5,5,40,1,0,0,1,0
1292990,4,2022,2022,8,3,7,1,10,7,34609,0,1,1,-32.597658,148.963263,22,2,1,0,0,2,0,0,2,0,7,50,0,3775,3775,0,16,19,2,0,1,1,0
1292994,2,2022,2022,7,4,10,178,27,316,120,0,1,10,-33.916985,151.241159,59,0,2,1,0,0,3,3,0,2,9,50,2,340,340,9,22,28,2,0,0,1,0