Crash ID,Degree of crash - detailed,Reporting year,Year of crash,Month of crash,Day of week of crash,Two-hour intervals,Street of crash,Street type,Town,Route no.,School zone location,School zone active,Type of location,Latitude,Longitude,LGA,Urbanisation,Conurbation 1,Alignment,Street lighting,Road surface,Surface condition,Weather,Natural lighting,Signals operation,Other traffic control,Speed limit,Road classification,RUM - code,DCA - code,First impact type,Key TU type,Other TU type,No. of traffic units involved,No. killed,No. seriously injured,No. moderately injured,No. minor-other injured
1292995,4,2022,2022,8,5,2,515,14,202,518,0,1,6,-33.939885,151.035891,15,0,2,0,0,0,3,4,0,0,0,80,2,14295,14295,3,5,0,2,0,1,0,0
1292996,4,2022,2022,8,4,0,74,23,149,260,0,1,1,-33.992007,151.146151,4,0,2,0,2,0,3,4,0,0,16,60,2,4552,5151,8,10,40,1,0,1,0,0
1292997,2,2022,2022,8,0,9,5,18,9,34609,0,1,1,-33.412453,149.702532,3,1,0,0,0,0,0,0,3,0,7,100,0,2585,4009,8,0,40,1,0,0,1,0
1292998,1,2022,2022,0,0,10,2,10,20,34609,0,1,9,-33.939579,150.844818,41,0,2,0,2,0,0,0,0,0,0,50,0,3775,3775,0,5,5,2,0,0,0,1
1292999,2,2022,2022,8,6,7,348,17,10,232,0,1,1,-32.680496,149.692417,44,1,0,0,0,0,3,4,2,0,7,100,2,782,957,5,30,40,1,0,0,2,0
1293002,1,2022,2022,8,6,4,2261,27,87,34609,0,1,9,-34.04453,151.159564,68,0,2,1,1,0,0,0,2,0,7,50,0,395,395,1,0,27,2,0,0,0,1
1293004,2,2022,2022,0,0,5,6,31,293,34609,0,1,10,-33.943972,151.238782,59,0,2,1,0,0,0,0,2,0,15,50,0,6545,6545,4,5,18,2,0,0,1,0
1293005,4,2022,2022,8,5,1,8,27,4,33,0,1,1,-32.54784,151.235751,64,1,0,1,0,0,0,1,0,0,7,100,1,9859,9859,8,10,40,1,0,1,0,0
1293006,4,2022,2022,0,5,1,53,31,67,125,0,1,1,-33.890068,151.005543,15,0,2,1,2,0,0,0,0,0,7,60,1,4026,4026,1,10,25,2,0,2,0,0
1293007,2,2022,2022,0,6,7,168,27,136,34609,0,1,1,-32.929191,151.722496,48,0,2,1,1,0,0,0,2,0,7,50,0,3775,3775,0,0,5,2,0,0,1,1
1293011,2,2022,2022,8,5,4,78,27,147,78,0,1,9,-33.869782,151.129375,14,0,2,1,3,0,0,0,2,0,7,50,2,5929,5929,1,5,5,2,0,0,1,1
1293016,2,2022,2022,6,5,7,133,31,49,34609,0,1,1,-32.992659,151.682413,37,0,2,1,0,0,0,0,2,0,7,50,0,340,340,9,0,28,2,0,0,1,0
1293017,2,2022,2022,8,1,9,132,31,174,126,1,0,9,-33.889469,151.20454,69,0,2,1,2,0,3,4,0,2,7,50,2,1669,1669,3,5,13,2,0,0,1,0
1293019,4,2022,2022,8,6,11,74,23,100,260,0,1,2,-33.960708,151.156369,4,0,2,1,3,0,0,0,0,0,7,60,2,4026,4026,8,16,40,1,0,1,0,0
1293022,1,2022,2022,8,2,4,103,27,29,256,0,1,7,-34.193935,150.789825,79,2,2,1,0,0,3,4,2,0,0,50,2,14295,14295,3,5,5,2,0,0,0,1
1293023,2,2022,2022,6,4,7,2,7,134,34609,0,1,1,-33.672555,150.873914,7,0,2,1,3,0,0,0,2,0,7,50,0,1391,1391,1,8,5,2,0,0,1,0
1293027,1,2022,2022,6,4,7,1052,27,69,262,0,1,7,-32.906009,151.692942,48,0,2,1,3,0,0,0,2,2,0,70,2,14295,14295,3,30,5,2,0,0,0,1
1293030,1,2022,2021,5,4,8,28,10,32,70,0,1,7,-31.939888,152.471939,43,2,1,0,3,0,0,0,3,0,7,70,1,5929,5929,1,0,0,2,0,0,0,1
1293032,2,2022,2022,8,6,7,31,31,188,34609,0,1,10,-33.945654,151.099474,25,0,2,1,3,0,0,0,2,0,15,50,0,6545,6545,4,5,0,2,0,0,1,0
1293035,1,2022,2022,8,3,10,2126,17,125,2149,0,1,9,-33.863333,151.080822,67,0,2,1,3,0,0,0,0,0,7,60,2,1669,1669,3,5,5,2,0,0,0,2
1293036,2,2022,2022,8,0,2,13,27,6,18,0,1,1,-32.041832,150.519634,73,1,0,0,3,0,3,1,0,0,7,100,1,1089,1089,7,10,40,1,0,0,1,0
1293038,4,2022,2022,8,1,8,18,27,251,13,0,1,1,-33.785057,150.941937,7,0,2,1,3,0,3,4,3,0,7,60,1,14295,14295,3,5,13,2,0,1,0,1
1293040,2,2022,2022,7,2,1,3371,17,44,3342,0,1,2,-32.414943,152.216358,43,1,0,0,3,0,3,4,0,0,7,110,2,2585,4009,8,5,40,1,0,0,1,0
1293044,2,2022,2022,6,5,7,7,23,198,34609,0,1,1,-33.907991,151.106975,15,0,2,1,3,0,0,0,2,0,7,50,0,237,162,8,5,40,1,0,0,1,0
1293046,2,2022,2022,6,6,4,19,27,111,65,0,1,7,-33.712845,150.893071,7,0,2,1,3,0,0,0,2,0,0,60,1,14295,14295,3,5,0,2,0,0,2,0
1293048,4,2022,2022,8,0,4,3371,17,73,3342,0,1,10,-33.774108,151.167718,36,0,2,0,3,0,0,0,2,2,7,60,2,14295,14295,3,0,5,2,0,1,0,0
1293052,1,2022,2022,8,6,3,2209,17,51,2205,0,1,2,-34.471106,150.817377,80,0,2,1,3,0,0,0,2,0,7,80,2,1391,1391,1,0,0,4,0,0,0,1
1293054,2,2022,2022,8,5,9,35,27,155,231,0,1,1,-33.499307,151.33001,16,2,2,1,3,0,0,0,0,0,7,60,2,9859,9859,1,5,0,2,0,0,1,0
1293059,1,2022,2022,8,4,8,102,31,646,28,0,1,7,-33.91703,151.041855,15,0,2,0,3,0,0,0,2,0,0,60,1,5929,5929,1,5,13,2,0,0,0,1
1293061,1,2022,2022,6,1,4,485,27,187,769,0,1,1,-33.789752,150.996009,54,0,2,1,3,0,0,0,2,0,7,60,2,14295,14295,3,5,5,2,0,0,0,1
1293064,1,2022,2022,6,6,10,25,31,445,103,0,1,10,-33.864002,151.034607,21,0,2,1,3,0,0,0,0,0,15,50,1,6545,6545,4,5,5,2,0,0,0,1
1293066,2,2022,2022,6,0,7,330,23,150,112,0,1,9,-33.927562,151.232115,59,0,2,1,0,0,0,0,2,0,7,60,2,591,591,1,22,5,2,0,0,1,0
1293067,2,2022,2022,4,4,3,515,14,188,518,0,1,3,-33.936124,151.110375,15,0,2,1,0,0,3,4,2,0,7,80,2,1383,1383,1,29,5,2,0,0,1,0
1293069,4,2022,2022,7,6,9,18,27,58,34609,0,1,1,-34.052616,151.131504,68,0,2,1,0,0,3,4,0,0,7,50,0,9859,9859,1,5,5,2,0,1,0,0
1293070,4,2022,2022,8,3,6,19,27,96,34609,0,1,1,-34.058129,150.833283,13,0,2,0,0,0,0,0,2,0,7,60,0,1259,5151,8,15,40,1,0,1,0,0
1293071,4,2022,2022,8,1,6,16,27,88,20,0,1,1,-33.760029,150.850652,7,0,2,1,0,0,3,3,2,0,7,60,1,3775,3775,0,3,13,2,0,1,0,0
1293073,2,2022,2022,0,2,10,34,31,433,34609,0,1,7,-33.276781,149.105083,52,2,1,1,2,0,3,4,0,0,0,50,0,1945,1945,5,16,40,1,0,0,1,0
1293079,2,2022,2022,0,4,8,3,31,80,34609,0,1,9,-33.763334,150.65874,55,0,2,1,1,0,3,3,2,0,15,50,0,2040,2040,9,34,28,2,0,0,1,0
1293080,1,2022,2022,6,2,5,11,23,15,34609,0,1,1,-33.458119,151.313368,16,2,2,1,0,0,0,0,2,0,7,50,0,340,340,9,9,28,2,0,0,0,1
1293084,1,2022,2022,6,2,5,35,27,53,34609,0,1,1,-35.181841,149.346861,58,1,0,1,0,0,0,0,2,0,7,100,0,623,623,3,10,13,3,0,0,0,1
1293085,2,2022,2022,6,4,4,194,31,445,18,0,1,1,-33.862965,151.044028,21,0,2,0,1,0,0,0,2,0,7,50,1,340,340,9,33,28,2,0,0,1,0
1293087,2,2022,2022,6,1,8,5,27,96,34609,0,1,10,-33.366365,148.009407,51,2,1,1,0,0,0,3,3,0,0,50,0,6545,6545,4,5,13,2,0,0,1,0
1293091,2,2022,2022,6,1,8,37,31,198,41,0,1,7,-33.906598,151.103245,15,0,2,1,1,0,0,0,3,0,0,50,1,2040,2040,9,5,28,2,0,0,1,0
1293094,2,2022,2022,4,1,2,13,27,3,17,0,1,1,-29.228453,150.874877,33,1,0,0,0,0,0,0,0,0,7,100,1,782,957,5,10,40,1,0,0,1,1
1293097,1,2022,2022,8,5,2,107,22,239,121,1,0,2,-34.031238,151.1149,68,0,2,1,2,0,0,0,0,0,7,60,1,9859,9859,1,5,5,3,0,0,0,1
1293099,2,2022,2022,0,3,6,48,27,6,62,0,1,9,-35.546121,148.087423,66,1,0,0,0,0,3,4,2,0,7,100,2,782,957,5,16,40,1,0,0,1,0
1293102,2,2022,2022,8,5,7,33,27,2,260,0,1,1,-33.074243,151.508419,37,0,2,0,0,0,0,0,2,0,7,90,2,4552,5151,8,0,40,1,0,0,1,0
1293104,2,2022,2022,8,1,7,8,31,11,34609,0,1,9,-34.443063,150.872324,80,0,2,1,1,0,3,3,2,0,0,40,0,6545,6545,4,10,27,2,0,0,1,0
1293106,4,2022,2022,8,1,7,3,27,10,34609,0,1,9,-28.350218,153.392807,72,2,1,1,1,0,0,3,2,0,15,80,0,1109,787,1,5,19,2,0,1,0,0
1293107,4,2022,2022,0,1,4,11,31,273,34609,0,1,7,-34.435293,150.891813,80,0,2,1,0,0,0,0,2,0,0,50,0,6545,6545,4,5,27,2,0,1,0,0
1293108,2,2022,2022,0,6,7,60,27,101,262,0,1,2,-32.899458,151.612526,37,0,2,0,1,0,3,3,2,0,7,90,2,4552,5151,1,10,0,2,0,0,1,0
1293109,2,2022,2022,0,6,6,6,31,226,34609,0,1,1,-33.761651,150.820402,7,0,2,1,1,0,0,0,2,0,7,50,0,941,941,1,5,0,2,0,0,1,0
1293112,2,2022,2022,7,1,10,81,17,7,100,0,1,10,-34.420778,150.492476,78,2,1,1,2,0,0,0,0,0,7,80,2,4026,4026,8,5,40,1,0,0,1,0
1293114,4,2022,2022,8,2,7,7,27,10,34609,0,1,1,-31.102781,152.9822,34,2,1,0,0,0,0,0,2,0,7,80,0,1850,1463,5,16,40,1,0,1,0,0
1293117,2,2022,2022,0,6,4,57,31,18,34609,0,1,9,-32.947635,151.662611,37,0,2,1,0,0,0,0,2,0,0,50,0,2852,2852,4,5,5,2,0,0,2,0
1293119,2,2022,2022,6,6,8,18,1,293,34609,0,1,1,-33.94625,151.241753,59,0,2,1,3,0,2,6,3,0,7,50,0,1109,787,1,5,19,2,0,0,1,0
1293120,1,2022,2022,8,0,7,46,27,109,39,0,1,9,-33.904928,151.144042,32,0,2,1,0,0,0,0,2,0,9,40,1,2040,2040,9,5,28,2,0,0,0,1
1293126,2,2022,2022,8,1,6,60,27,239,167,1,0,10,-34.031926,151.119437,68,0,2,1,3,0,3,0,2,2,7,70,2,14295,14295,3,10,13,2,0,0,1,0
1293130,1,2022,2022,8,4,4,5,31,28,34609,0,1,10,-33.796673,151.195039,77,0,2,1,3,0,0,0,2,0,15,50,0,6545,6545,4,0,13,2,0,0,0,1
1293131,2,2022,2022,8,1,4,225,17,76,180,0,1,1,-34.54899,150.372275,78,2,1,1,3,0,0,0,2,0,7,50,2,14295,14295,3,10,13,3,0,0,1,1
1293132,2,2022,2022,0,6,6,34,31,41,34609,1,0,1,-35.063785,148.108568,20,2,1,1,3,0,0,0,2,0,7,50,0,220,220,8,5,40,1,0,0,1,0
1293133,2,2022,2022,6,4,8,40,31,105,34609,1,0,10,-32.596914,149.585003,44,2,1,1,3,0,0,0,0,0,0,50,0,6545,6545,4,5,41,2,0,0,1,0
1293134,2,2022,2022,8,6,8,213,17,8,213,0,1,1,-29.629214,150.778543,33,1,0,1,3,0,3,4,2,0,7,100,2,945,945,5,10,40,1,0,0,1,0
1293139,1,2022,2022,8,5,8,1104,14,438,962,0,1,3,-33.839775,151.038439,54,0,2,1,3,0,0,0,2,0,7,90,2,14295,14295,3,9,12,4,0,0,0,1
1293140,1,2022,2022,6,0,7,29,27,85,27,0,1,1,-34.570289,150.780274,62,0,2,1,3,0,0,0,2,0,7,50,2,14295,14295,3,21,5,3,0,0,0,1
1293142,2,2022,2022,6,1,5,829,27,26,770,1,0,2,-33.838962,151.141749,51,0,2,1,3,0,0,0,2,0,7,70,2,204,204,1,9,40,2,0,0,1,0
1293144,2,2022,2022,6,4,6,6,23,137,34609,0,1,7,-33.920573,151.204291,69,0,2,1,1,0,0,0,2,0,0,40,0,6545,6545,4,10,5,2,0,0,1,0
1293151,4,2022,2022,0,4,9,2,27,523,34609,0,1,1,-33.914539,150.911149,41,0,2,0,1,0,0,0,0,0,7,50,0,2040,2040,9,5,28,2,0,1,0,0
1293152,1,2022,2022,8,5,4,3371,17,463,3342,0,1,10,-30.312297,153.094738,19,2,1,1,1,0,0,0,2,2,7,60,2,14295,14295,3,0,5,2,0,0,0,1
1293155,4,2022,2022,0,6,4,1,27,5,11,0,1,1,-36.787063,149.73927,5,1,0,0,0,0,3,4,2,0,7,100,1,1957,4009,8,5,40,1,0,1,0,0
1293156,1,2022,2022,8,4,6,2261,17,47,2252,0,1,2,-35.778472,147.276212,27,1,0,1,0,0,3,4,2,0,7,110,2,475,475,5,16,40,1,0,0,0,1
1293159,2,2022,2022,6,1,4,2,31,166,34609,0,1,1,-33.895503,151.172299,32,0,2,1,0,0,0,0,2,0,7,50,0,1192,1192,1,9,27,2,0,0,1,0
1293160,1,2022,2022,0,1,7,2209,17,68,2205,0,1,9,-34.090458,151.004219,68,0,2,1,0,0,0,0,2,0,7,60,2,5929,5929,1,5,19,2,0,0,0,1
1293162,4,2022,2022,6,5,6,85,10,167,702,0,1,2,-33.853295,151.078285,54,0,2,0,1,0,0,0,2,0,7,80,2,1383,1383,1,5,12,3,0,1,0,1
1293163,1,2022,2022,6,2,4,2126,17,438,2149,0,1,1,-33.837691,151.026529,21,0,2,1,1,0,0,0,2,0,7,60,2,340,340,9,10,28,2,0,0,0,1
1293164,2,2022,2022,8,3,0,14,10,10,34609,0,1,9,-34.008949,151.049187,68,0,2,1,2,0,3,0,0,0,7,50,0,9859,9859,8,5,40,1,0,0,1,0
1293172,4,2022,2022,6,6,8,2209,17,82,2205,0,1,10,-34.367086,150.903894,80,0,2,1,2,0,0,0,0,2,7,80,2,14295,14295,3,5,5,3,0,1,1,0
1293173,2,2022,2022,8,3,5,2126,17,60,2149,0,1,2,-33.768288,150.75833,55,0,2,1,1,0,0,0,2,0,7,80,2,14295,14295,3,5,0,2,0,0,1,1
1293174,1,2022,2022,6,2,1,348,17,11,232,0,1,1,-32.820607,149.814521,44,1,0,0,0,0,0,0,0,0,7,100,2,418,714,5,5,40,1,0,0,0,1
1293175,4,2022,2022,8,3,5,2209,17,273,2205,0,1,10,-34.425265,150.884686,80,0,2,1,1,0,0,0,2,2,7,50,2,5929,5929,1,5,19,2,0,1,0,0
1293180,2,2022,2022,0,4,3,485,27,323,769,0,1,10,-33.766613,150.997456,71,0,2,1,1,0,3,4,2,2,7,60,2,1669,1669,3,0,5,2,0,0,1,0
1293181,2,2022,2022,0,1,11,2,10,21,34609,0,1,1,-31.634345,152.755268,56,2,1,1,2,0,0,0,0,0,7,50,0,9859,9859,1,5,12,2,0,0,1,0
1293184,2,2022,2022,6,5,7,916,17,29,917,0,1,1,-31.105934,150.950973,70,2,1,0,0,0,0,0,2,0,7,70,2,1669,1669,3,5,0,2,0,0,2,0
1293186,1,2022,2022,6,3,11,105,17,223,136,0,1,9,-33.806649,150.916503,7,0,2,1,3,0,0,0,0,3,7,60,2,1669,1669,3,0,5,2,0,0,0,1
1293188,1,2022,2022,7,5,10,1,1,78,34609,1,0,1,-33.856723,151.008042,21,0,2,1,3,0,0,0,4,0,7,50,0,77,77,1,0,13,2,0,0,0,1
1293189,1,2022,2022,8,1,8,100,27,140,100,0,1,9,-33.79697,150.853369,7,0,2,1,3,0,0,0,0,2,7,70,2,14295,14295,3,9,5,2,0,0,0,1
1293190,1,2022,2022,8,5,5,829,27,363,4,0,1,1,-33.808589,151.004675,54,0,2,1,3,0,0,0,2,0,7,60,1,1282,1282,1,33,27,2,0,0,0,1
1293191,2,2022,2022,6,1,7,7,27,115,52,0,1,2,-33.909761,151.175326,32,0,2,1,3,0,0,0,2,0,0,60,1,1383,1383,1,0,40,2,0,0,1,0
1293195,2,2022,2022,6,4,8,78,27,64,61,1,0,9,-33.885708,151.023361,15,0,2,1,3,0,0,0,2,0,15,60,1,6545,6545,4,5,19,2,0,0,1,0
1293196,4,2022,2022,6,5,6,10,31,70,34609,0,1,9,-34.845235,150.611182,63,2,1,1,3,0,0,0,2,0,0,50,0,2852,2852,4,5,0,2,0,1,0,0
1293200,2,2022,2022,8,5,4,78,27,64,61,1,2,9,-33.885708,151.023361,15,0,2,1,1,0,0,0,2,0,15,40,1,2852,2852,4,5,19,2,0,0,1,0
1293201,2,2022,2022,8,1,6,51,27,26,45,0,1,2,-33.742928,150.81174,7,0,2,1,1,0,0,3,2,0,7,60,1,9859,9859,1,5,13,2,0,0,1,0
1293203,4,2022,2022,6,5,4,6,31,363,34609,0,1,1,-33.824151,151.00261,54,0,2,1,1,0,0,0,2,0,7,50,0,4026,4026,8,5,40,1,0,1,0,0
1293205,4,2022,2022,8,1,8,6,31,290,28,1,0,9,-33.848602,150.994666,21,0,2,1,2,0,3,6,0,0,7,50,1,1220,1220,9,9,28,2,0,1,0,0
1293210,1,2022,2022,8,6,7,3371,17,108,3342,0,1,2,-33.290946,151.423969,16,2,2,1,3,0,0,0,2,0,7,50,2,14295,14295,3,10,13,3,0,0,0,1
1293211,2,2022,2022,7,6,3,98,27,294,198,0,1,9,-33.928206,150.931039,41,0,2,1,3,0,0,0,2,1,7,60,2,515,515,1,10,5,2,0,0,1,0
1293215,4,2022,2022,0,6,8,916,17,194,917,0,1,1,-30.461038,151.681277,1,1,0,1,0,0,3,3,3,0,7,100,2,1669,1669,3,0,0,3,0,1,1,0
1293216,1,2022,2022,8,4,3,2261,17,284,2252,0,1,2,-33.905067,151.01036,15,0,2,1,0,0,0,0,2,0,7,70,2,14295,14295,3,5,5,3,0,0,0,1
1293218,2,2022,2022,8,5,11,85,31,179,34609,0,1,1,-31.8993,152.470986,43,2,1,1,2,0,0,0,0,0,7,50,0,9859,9859,1,5,13,3,0,0,1,0
1293219,2,2022,2022,6,6,7,8,31,463,34609,0,1,10,-30.302144,153.11059,19,2,1,1,0,0,0,0,2,0,0,50,0,3775,3775,0,0,13,2,0,0,1,2
1293221,2,2022,2022,8,6,8,1,18,4,34609,0,1,1,-33.384435,149.676714,3,2,1,1,0,0,0,0,3,0,7,50,0,4026,4026,8,5,40,1,0,0,1,0
1293222,2,2022,2022,7,6,10,3371,17,173,3342,1,0,10,-33.719583,151.115898,36,0,2,1,2,0,0,0,0,2,7,60,2,6545,6545,4,5,5,2,0,0,1,0
1293223,4,2022,2022,8,2,3,43,27,273,87,0,1,2,-34.437156,150.897415,80,0,2,0,2,0,0,0,1,0,7,60,2,4552,5151,8,16,40,1,0,1,0,0
1293226,4,2022,2022,6,4,8,16,10,91,34609,0,1,9,-33.9949,150.897751,13,0,2,1,0,0,0,0,2,0,7,50,0,6545,6545,4,22,22,2,0,1,0,0
1293228,1,2022,2022,8,4,5,78,17,34,58,0,1,1,-34.991653,149.024244,82,1,0,1,0,0,0,0,2,0,7,100,2,1669,1669,3,5,12,2,0,0,0,2
1293229,2,2022,2022,6,5,4,2261,17,646,2252,0,1,9,-33.907343,151.031797,15,0,2,0,0,0,0,0,2,0,0,60,2,2040,2040,9,5,28,2,0,0,1,0
1293232,2,2022,2022,7,6,9,34,31,104,44,0,1,9,-33.828028,151.217254,49,0,2,1,2,0,3,4,0,0,15,50,1,2852,2852,4,5,19,2,0,0,1,0
1293235,2,2022,2022,6,2,11,3,31,106,34609,0,1,9,-28.86544,153.038259,60,2,1,1,2,0,0,0,0,0,0,50,0,4552,985,8,5,40,1,0,0,1,0
1293246,2,2022,2022,0,3,5,109,27,460,293,0,1,9,-33.838481,150.999786,21,0,2,1,1,0,0,0,2,2,7,70,2,14295,14295,3,0,36,3,0,0,1,0
1293250,4,2022,2022,0,0,2,6,10,13,34609,0,1,1,-29.99639,153.147135,19,2,1,1,0,0,2,6,0,0,7,80,0,9859,9859,8,0,40,1,0,1,0,0
1293255,2,2022,2022,6,0,8,7,31,105,34609,0,1,9,-32.600799,149.589286,44,2,1,1,1,0,0,3,2,0,0,50,0,1945,1945,5,16,40,2,0,0,1,0
1293258,2,2022,2022,7,2,7,19,27,44,24,0,1,1,-28.820332,153.424482,2,2,1,0,1,0,3,4,2,0,7,60,1,3775,3775,0,16,5,2,0,0,1,0
1293259,2,2022,2022,6,6,7,224,31,150,34609,0,1,1,-33.921832,151.235149,59,0,2,1,1,0,0,0,2,0,7,50,0,340,340,9,5,28,2,0,0,1,0
1293261,2,2022,2022,0,3,9,2261,17,204,2252,0,1,10,-33.888516,151.117504,32,0,2,1,2,0,0,0,0,2,7,60,2,5929,5929,1,30,36,2,0,0,2,0
1293266,1,2022,2022,6,6,11,12,31,77,34609,0,1,9,-33.039915,151.657751,37,0,2,0,2,0,0,0,0,0,0,50,0,2852,2852,4,5,5,2,0,0,0,1
1293267,4,2022,2022,8,2,4,77,27,13,58,0,1,1,-34.744515,150.557189,63,2,1,0,0,0,3,3,2,0,7,80,2,14295,14295,3,0,13,3,0,1,1,1
1293268,2,2022,2022,8,6,8,1,6,3,34609,0,1,9,-35.306622,148.273966,66,1,0,1,0,0,3,4,3,0,0,100,0,2852,2852,4,10,0,2,0,0,2,0
1293270,1,2022,2022,6,0,10,125,27,57,123,0,1,10,-33.362068,151.444366,16,2,2,1,2,0,3,4,0,2,7,60,2,5929,5929,1,5,0,2,0,0,0,1
1293272,2,2022,2022,8,1,10,5,31,41,34609,0,1,7,-33.90723,151.128561,15,0,2,1,2,0,0,0,0,0,0,50,0,1220,1220,9,0,28,2,0,0,1,0
1293279,4,2022,2022,6,4,7,251,27,108,212,0,1,2,-33.754387,151.265935,50,0,2,0,1,0,0,0,2,0,7,70,2,1282,1282,1,15,5,2,0,1,0,0
1293289,2,2022,2022,6,5,6,55,27,151,160,0,1,10,-34.049849,150.836806,13,0,2,1,3,0,0,0,2,2,7,60,2,6545,6545,4,5,5,2,0,0,1,0
1293294,1,2022,2022,8,0,8,25,1,43,34609,0,1,1,-33.678244,151.286417,50,0,2,1,3,0,0,0,3,0,7,50,0,186,186,1,0,19,2,0,0,0,1
1293295,1,2022,2022,8,0,7,866,17,278,793,0,1,9,-33.777714,151.051952,54,0,2,1,3,0,0,0,2,2,7,60,2,83,83,1,5,5,2,0,0,0,1
1293296,2,2022,2022,0,4,5,2,27,29,34609,0,1,1,-32.330088,142.42079,51,1,0,1,0,2,0,0,2,0,7,100,0,9859,9859,8,16,40,1,0,0,1,0
1293297,1,2022,2022,6,5,4,158,27,138,207,0,1,1,-33.872558,151.263847,81,0,2,0,3,0,0,0,2,0,7,60,2,4552,5151,1,5,5,3,0,0,0,1
1293303,2,2022,2022,6,6,4,5,27,96,34609,1,2,7,-33.362502,148.010144,51,2,1,1,3,0,0,0,2,0,0,40,0,6545,6545,4,0,0,2,0,0,1,0
1293305,2,2022,2022,0,4,4,916,17,7,917,0,1,1,-31.397503,150.879634,70,1,0,1,0,0,0,0,2,0,7,100,2,9859,9859,8,10,40,1,0,0,1,0
1293310,1,2022,2022,6,5,5,147,27,290,34609,1,0,1,-33.857615,150.981792,21,0,2,1,1,0,0,0,2,0,7,50,0,623,623,3,33,13,2,0,0,0,1
1293314,2,2022,2022,6,1,6,2209,17,11,2205,0,1,1,-35.381901,150.457209,63,2,1,1,0,0,0,0,2,0,7,70,2,5929,5929,1,5,27,2,0,0,1,0
1293319,2,2022,2022,8,4,2,481,17,10,483,0,1,1,-32.951424,148.232988,53,1,0,0,0,0,3,4,0,0,7,110,2,1259,5151,8,10,40,1,0,0,2,0
1293323,2,2022,2022,6,0,9,1,23,12,34609,0,1,1,-33.988999,151.039282,25,0,2,1,2,0,0,0,0,0,7,50,0,4026,4026,1,5,0,3,0,0,1,0
1293325,1,2022,2022,6,6,8,515,14,10,518,0,1,3,-33.936444,151.127515,4,0,2,0,2,0,0,0,0,0,7,80,2,1383,1383,1,10,5,2,0,0,0,1
1293330,1,2022,2022,6,4,7,22,27,123,59,0,1,10,-33.889732,151.232865,69,0,2,1,3,0,0,0,2,2,7,40,1,14295,14295,3,10,5,2,0,0,0,1
1293331,2,2022,2022,6,4,11,7,27,87,34609,0,1,1,-33.685563,150.958779,71,0,2,1,3,0,3,0,0,0,7,50,0,9859,9859,8,9,40,1,0,0,1,0
1293338,1,2022,2022,7,2,7,147,27,104,605,0,1,10,-33.830511,151.219478,49,0,2,1,3,0,0,0,2,2,7,60,2,14295,14295,3,10,5,2,0,0,0,1
1293339,2,2022,2022,6,2,8,16,36,7,34609,0,1,1,-35.809081,148.356208,66,2,1,0,3,0,3,4,2,0,7,80,0,3775,3775,0,0,13,2,0,0,1,0
1293341,1,2022,2022,6,6,9,24,31,91,34609,0,1,1,-32.976913,151.651471,37,0,2,1,3,0,0,0,0,0,7,50,0,1669,1669,3,5,5,2,0,0,0,1
1293343,1,2022,2022,0,5,7,344,27,89,382,0,1,9,-33.658847,150.795814,55,0,2,1,3,0,0,0,2,0,15,80,2,2852,2852,4,0,5,2,0,0,0,1
1293345,1,2022,2022,8,1,8,100,27,127,100,0,1,1,-33.836422,150.854177,24,0,2,1,3,0,3,4,3,0,7,70,2,14295,14295,3,9,5,3,0,0,0,1
1293348,1,2022,2022,8,6,9,108,27,90,93,0,1,1,-33.783686,150.953281,54,0,2,1,3,0,0,0,0,0,7,60,1,14295,14295,3,5,5,2,0,0,0,1
1293349,1,2022,2022,6,2,5,330,27,108,605,0,1,9,-33.760981,151.277067,50,0,2,0,3,0,0,0,2,0,7,60,2,5929,5929,1,10,19,2,0,0,0,1
1293350,4,2022,2022,8,1,3,485,27,187,769,0,1,9,-33.783041,150.996416,54,0,2,1,1,0,0,0,2,0,7,60,2,256,256,4,5,5,2,0,2,0,0
1293351,1,2022,2022,8,5,3,334,17,29,308,0,1,1,-31.219628,149.37174,51,1,0,0,0,0,0,0,2,0,7,100,2,1957,4009,8,8,40,1,0,0,0,1
1293352,2,2022,2022,0,1,3,62,27,7,166,0,1,1,-33.241969,151.457669,16,2,2,1,0,0,0,0,2,0,7,80,2,4026,4026,8,30,40,1,0,0,1,0
1293356,2,2022,2022,8,4,6,67,27,30,78,0,1,9,-33.859478,151.14242,14,0,2,1,1,0,0,0,2,2,7,50,2,323,323,1,5,0,2,0,0,1,0
1293357,4,2022,2022,0,5,10,2209,17,115,2205,0,1,9,-33.916239,151.173459,32,0,2,1,2,0,0,0,0,0,7,60,2,2852,2852,4,0,19,2,0,1,0,0
1293358,4,2022,2022,8,0,9,177,22,239,176,0,1,9,-34.040311,151.120697,68,0,2,1,2,0,0,3,0,0,7,60,2,2040,2040,9,5,28,2,0,1,0,0
1293359,4,2022,2022,8,3,6,222,31,131,212,0,1,9,-33.785392,151.185872,77,0,2,1,3,0,0,3,2,0,7,60,2,2852,2852,4,0,5,2,0,1,0,0
1293364,4,2022,2022,6,0,3,106,27,523,106,0,1,9,-33.926464,150.900558,41,0,2,1,1,0,0,3,2,2,6,70,2,591,591,1,22,25,2,0,1,0,0
1293365,4,2022,2022,8,3,8,45,27,47,44,0,1,10,-33.816856,151.151571,38,0,2,1,2,0,0,3,2,2,7,60,2,6545,6545,4,22,0,2,0,1,0,0
1293371,2,2022,2022,0,3,8,7,1,33,34609,0,1,1,-35.122565,147.325288,75,2,1,1,3,0,0,0,3,0,7,50,0,9859,9859,1,5,0,2,0,0,1,0