Crash ID,Degree of crash - detailed,Reporting year,Year of crash,Month of crash,Day of week of crash,Two-hour intervals,Street of crash,Street type,Town,Route no.,School zone location,School zone active,Type of location,Latitude,Longitude,LGA,Urbanisation,Conurbation 1,Alignment,Street lighting,Road surface,Surface condition,Weather,Natural lighting,Signals operation,Other traffic control,Speed limit,Road classification,RUM - code,DCA - code,First impact type,Key TU type,Other TU type,No. of traffic units involved,No. killed,No. seriously injured,No. moderately injured,No. minor-other injured
1293373,2,2022,2022,7,3,7,14,27,7,34609,0,1,1,-35.027652,147.445674,75,1,0,1,0,0,0,0,2,0,7,100,0,9859,9859,8,0,40,1,0,0,1,2
1293374,4,2022,2022,0,0,8,92,27,106,63,0,1,10,-33.917659,151.088442,15,0,2,1,2,0,3,4,3,0,0,50,1,2040,2040,9,5,28,2,0,1,0,0
1293376,4,2022,2022,0,1,7,192,31,316,120,1,0,10,-33.921417,151.240277,59,0,2,1,0,0,0,0,2,2,7,50,2,5929,5929,1,5,27,2,0,1,0,0
1293381,1,2022,2022,6,3,10,36,1,53,34609,0,1,1,-33.923061,150.845703,41,0,2,0,1,0,0,0,0,0,7,60,0,3775,3775,0,5,12,2,0,0,0,1
1293383,4,2022,2022,6,1,9,55,27,137,96,0,1,9,-32.956704,151.686671,37,0,2,1,2,0,0,0,0,2,7,60,2,2852,2852,4,0,5,2,0,1,0,0
1293387,2,2022,2022,6,6,3,20,22,121,49,0,1,1,-33.788464,151.287296,50,0,2,1,0,0,0,0,2,0,7,30,1,941,941,1,33,18,2,0,0,1,0
1293391,2,2022,2022,6,6,9,916,17,105,917,0,1,10,-32.717724,151.526534,42,2,1,1,2,0,0,0,3,2,7,60,2,5929,5929,1,5,5,2,0,0,2,0
1293392,2,2022,2022,0,4,7,41,31,12,34609,0,1,1,-32.99489,151.668413,37,0,2,0,0,0,0,0,2,0,7,50,0,4552,5151,8,10,40,1,0,0,1,0
1293393,2,2022,2022,0,6,11,1052,14,83,928,0,1,3,-33.511438,151.19119,16,1,2,0,0,0,3,1,0,0,7,90,2,1192,1192,1,3,36,2,0,0,2,0
1293395,1,2022,2022,0,3,5,19,27,40,605,0,1,2,-33.798236,151.252136,50,0,2,0,1,0,0,0,2,0,7,60,2,2585,4009,8,15,40,1,0,0,0,1
1293398,2,2022,2022,8,0,5,35,31,90,262,0,1,2,-32.919505,151.746737,48,0,2,1,0,0,0,0,2,0,7,60,2,1220,1220,9,5,28,2,0,0,1,0
1293399,4,2022,2022,8,2,6,330,27,18,26,0,1,9,-33.661182,151.300922,50,0,2,1,1,0,0,0,2,0,7,50,1,5929,5929,1,5,27,2,0,1,0,0
1293400,2,2022,2022,7,1,3,8,27,20,34609,0,1,1,-29.171854,152.329507,51,1,0,0,1,2,3,0,2,0,7,100,0,380,714,5,10,40,1,0,0,1,0
1293401,2,2022,2022,8,0,5,103,36,13,157,0,1,10,-28.619924,153.003661,51,2,1,1,1,0,0,3,2,0,9,50,2,1220,1220,9,5,28,2,0,0,1,0
1293407,2,2022,2022,0,2,4,9,27,3,34609,0,1,1,-33.344088,149.680041,3,1,0,1,0,0,0,0,2,0,7,100,0,475,475,5,10,40,1,0,0,1,0
1293408,2,2022,2022,7,6,3,3371,17,16,3342,0,1,2,-28.364597,153.522503,72,1,0,0,0,0,0,0,2,0,7,110,2,204,204,1,3,36,2,0,0,1,1
1293411,1,2022,2022,8,0,2,330,23,98,260,0,1,1,-33.00318,151.59579,37,0,2,1,2,0,3,4,0,0,7,60,2,3775,3775,0,10,5,2,0,0,0,1
1293412,2,2022,2022,0,5,3,24,27,8,31,0,1,1,-28.705752,153.049178,51,1,0,0,0,0,3,4,2,0,7,100,1,782,957,5,5,40,1,0,0,1,0
1293415,4,2022,2022,8,5,4,220,14,51,220,0,1,3,-34.476091,150.829021,80,0,2,1,0,0,0,0,2,0,7,100,2,14295,14295,3,5,0,3,0,1,2,3
1293416,2,2022,2022,0,0,0,2261,17,443,2252,0,1,9,-33.904596,151.042007,15,0,2,1,2,0,0,0,0,2,7,60,2,5929,5929,1,5,0,2,0,0,6,0
1293417,4,2022,2022,0,2,11,3371,17,20,3342,0,1,2,-29.528777,153.196408,18,1,0,1,2,0,3,0,0,0,7,110,2,204,204,1,10,10,2,0,1,0,0
1293418,4,2022,2022,7,3,10,229,14,323,237,0,1,3,-33.772492,150.97757,71,0,2,1,2,0,3,4,0,0,7,100,2,1192,1192,1,5,0,3,0,1,0,0
1293419,2,2022,2022,7,2,6,866,17,278,793,0,1,10,-33.7823,151.049886,54,0,2,0,1,0,3,4,2,0,0,60,2,2852,2852,4,0,5,2,0,0,1,0
1293421,4,2022,2022,0,6,2,2,27,7,34609,0,1,1,-33.913698,144.731091,51,1,0,1,0,2,3,6,0,0,7,100,0,945,945,5,9,40,1,0,1,1,0
1293423,2,2022,2022,8,5,4,334,17,316,308,0,1,2,-31.45375,152.872249,56,2,1,1,3,0,0,0,2,0,7,70,2,14295,14295,3,5,0,3,0,0,1,0
1293424,2,2022,2022,8,3,6,22,27,43,228,0,1,1,-33.602196,150.858899,29,2,2,1,3,0,0,0,2,0,7,80,2,14295,14295,3,0,5,3,0,0,1,0
1293426,2,2022,2022,0,6,1,11,27,562,34609,0,1,9,-32.256052,148.586732,22,2,1,1,2,0,0,0,0,0,7,60,0,9859,9859,8,34,40,1,0,0,1,0
1293427,4,2022,2022,8,1,8,5,27,4,34609,0,1,9,-34.55707,146.453499,51,2,1,1,0,0,0,0,2,0,7,80,0,4552,985,8,8,40,1,0,1,0,0
1293431,2,2022,2022,7,3,1,4,27,80,34609,0,1,1,-34.556842,146.448311,51,1,0,0,0,0,0,0,0,0,7,100,0,418,714,5,5,40,1,0,0,1,0
1293432,2,2022,2022,0,0,8,71,31,78,103,0,1,9,-33.862595,151.009689,21,0,2,1,0,0,3,4,3,2,7,60,1,3775,3775,0,33,5,2,0,0,1,0
1293433,2,2022,2022,0,3,1,2209,17,166,2205,0,1,10,-33.896444,151.180011,32,0,2,1,2,0,0,0,0,2,9,40,2,1220,1220,9,5,28,2,0,0,1,0
1293434,4,2022,2022,0,3,3,44,27,253,331,0,1,9,-33.959078,151.110126,4,0,2,1,0,0,0,0,2,2,7,60,2,9859,9859,8,0,40,1,0,1,0,0
1293437,2,2022,2022,8,1,10,40,31,40,18,0,1,9,-34.420022,150.88851,80,0,2,1,2,0,0,0,0,2,7,50,1,5929,5929,1,5,13,2,0,0,1,0
1293439,2,2022,2022,7,3,7,40,31,363,34609,0,1,1,-33.757944,150.699083,55,0,2,1,1,0,3,4,2,0,7,50,0,1981,1981,4,0,5,2,0,0,1,0
1293440,2,2022,2022,7,4,7,32,14,35,124,0,1,3,-33.813516,151.199031,77,0,2,0,0,0,3,4,2,0,7,80,2,1850,1463,5,16,40,1,0,0,1,0
1293443,2,2022,2022,6,5,3,14,27,13,34609,0,1,1,-33.356707,149.070061,52,1,0,0,0,0,0,0,2,0,7,100,0,1957,4009,8,5,40,1,0,0,1,0
1293445,4,2022,2022,8,3,5,82,31,163,7,0,1,9,-33.864003,151.104426,14,0,2,1,1,0,0,0,2,0,7,50,1,1109,787,1,5,19,2,0,1,0,0
1293446,1,2022,2022,6,6,10,163,27,23,165,1,0,9,-33.729854,150.805038,7,0,2,1,2,0,0,0,0,0,0,60,1,489,489,8,0,40,1,0,0,0,1
1293447,4,2022,2022,8,3,6,195,27,54,186,0,1,9,-33.877529,150.867767,24,0,2,1,2,0,0,3,2,2,7,70,2,1192,1192,1,0,5,3,0,1,0,1
1293450,1,2022,2022,6,3,7,92,27,106,63,0,1,10,-33.919678,151.089616,15,0,2,1,2,0,0,0,2,2,7,40,1,2040,2040,9,5,28,2,0,0,0,1
1293454,4,2022,2022,0,5,4,512,17,7,441,0,1,1,-29.933818,146.009348,51,1,0,1,0,0,0,3,2,0,7,110,2,1089,1089,7,16,40,1,0,1,0,0
1293455,4,2022,2022,0,0,4,500,27,646,799,0,1,9,-33.935037,151.024598,15,0,2,1,1,0,3,4,2,2,7,60,2,5929,5929,1,9,0,4,0,1,0,0
1293458,1,2022,2022,6,1,4,251,27,17,212,0,1,0,-33.772005,151.205014,50,0,2,0,0,0,3,3,2,0,7,50,2,1957,4009,8,0,40,1,0,0,0,1
1293461,1,2022,2022,8,5,6,32,27,40,34609,0,1,9,-34.228813,150.576813,79,2,2,1,0,0,3,0,2,0,15,60,0,2852,2852,4,0,19,2,0,0,0,1
1293462,1,2022,2022,8,1,0,13,31,182,34609,0,1,1,-32.830075,151.349946,17,2,1,0,2,0,3,4,0,0,7,50,0,4552,5151,8,0,40,1,0,0,0,1
1293464,4,2022,2022,6,1,8,204,27,5,8,0,1,1,-29.790073,144.49696,51,1,0,1,0,2,0,0,3,0,7,100,1,1945,1945,5,16,40,1,0,1,0,0
1293467,2,2022,2022,0,1,0,97,17,17,88,0,1,2,-34.895544,149.496045,74,1,0,1,0,0,0,1,0,0,7,110,2,475,475,5,5,40,1,0,0,1,0
1293469,2,2022,2022,6,5,4,1,6,160,34609,0,1,1,-33.114638,151.476226,37,0,2,0,1,0,0,0,2,0,7,50,0,3775,3775,0,0,40,3,0,0,1,0
1293472,1,2022,2022,8,2,5,3,27,6,3,0,1,9,-29.427251,151.805082,51,1,0,0,0,0,0,0,2,0,7,100,1,3775,3775,0,5,0,2,0,0,0,2
1293479,2,2022,2022,8,0,9,52,27,188,53,0,1,9,-33.938446,151.100585,15,0,2,1,2,0,3,4,0,2,7,50,1,4026,4026,8,5,40,1,0,0,1,0
1293480,1,2022,2022,6,4,5,34,31,169,99,0,1,10,-33.900647,151.213224,69,0,2,1,2,0,0,0,2,2,7,50,2,6545,6545,4,5,27,2,0,0,0,1
1293481,2,2022,2022,6,5,8,28,31,523,34609,0,1,1,-33.916733,150.928047,41,0,2,1,1,0,3,0,3,0,7,50,0,121,121,9,0,28,2,0,0,1,0
1293482,4,2022,2022,6,0,7,27,36,83,34609,0,1,1,-29.723132,152.955804,18,1,0,0,0,0,0,0,2,0,7,100,0,1109,787,1,9,19,2,0,1,0,0
1293483,4,2022,2022,8,4,7,64,27,175,284,0,1,10,-33.772139,151.075663,54,0,2,1,1,0,3,4,2,0,2,60,2,1220,1220,9,0,28,3,0,2,0,0
1293484,2,2022,2022,3,6,4,13,27,14,34609,0,1,9,-34.736099,149.569302,26,2,1,1,1,2,0,0,2,0,7,50,0,945,945,5,16,40,1,0,0,1,0
1293486,2,2022,2022,8,5,8,23,27,136,101,0,1,2,-32.931565,151.71458,48,0,2,1,2,0,0,0,3,3,9,60,2,14295,14295,3,5,0,2,0,0,1,0
1293488,4,2022,2022,7,4,2,280,10,237,240,0,1,7,-33.857022,150.950637,24,0,2,1,2,0,0,0,0,0,0,60,2,1220,1220,9,0,28,2,0,1,0,0
1293489,4,2022,2022,8,1,11,224,27,102,321,0,1,9,-33.966347,151.225057,59,0,2,1,2,0,0,0,0,2,7,70,2,5929,5929,1,8,36,2,0,1,0,0
1293490,2,2022,2022,8,1,5,150,27,173,415,0,1,2,-33.776991,151.135374,61,0,2,0,1,0,0,0,2,0,7,70,2,1957,4009,8,10,40,1,0,0,1,0
1293491,4,2022,2022,0,4,8,38,31,84,34609,0,1,1,-31.109118,150.893955,70,2,1,1,0,0,0,0,3,0,7,50,0,204,204,1,16,29,2,0,1,0,1
1293495,2,2022,2022,8,3,4,916,17,16,917,0,1,1,-31.443858,150.876929,51,2,1,0,0,2,3,4,2,0,7,40,2,1192,1192,1,16,19,4,0,0,2,0
1293497,4,2022,2022,0,6,11,79,31,247,34609,0,1,1,-33.818017,150.943183,21,0,2,0,2,0,0,0,0,0,7,50,0,1259,5151,8,5,40,1,0,1,1,0
1293501,4,2022,2022,0,4,8,294,17,56,288,0,1,7,-35.122006,147.391753,75,2,1,1,2,0,0,0,3,0,0,60,2,9859,9859,8,0,40,1,0,1,1,0
1293502,1,2022,2022,8,5,7,37,31,198,41,0,1,10,-33.910596,151.103684,15,0,2,1,1,0,0,0,2,2,7,40,1,2040,2040,9,5,28,2,0,0,0,1
1293505,2,2022,2022,8,5,7,334,17,56,308,0,1,9,-31.462578,152.723061,56,2,1,1,1,0,0,0,2,0,7,50,2,1981,1981,4,5,18,2,0,0,2,0
1293507,2,2022,2022,8,6,1,78,10,3,34609,0,1,1,-34.643874,150.847219,35,2,1,1,2,0,0,0,0,0,7,50,0,4026,4026,1,5,5,2,0,0,1,0
1293509,2,2022,2022,8,4,8,866,17,54,793,1,0,10,-33.72445,151.09692,31,0,2,0,1,0,0,0,0,2,7,70,2,1282,1282,1,0,5,2,0,0,1,0
1293510,4,2022,2022,0,5,1,21,27,38,22,0,1,1,-32.771968,151.941885,57,2,1,1,0,0,0,0,0,0,7,80,1,9859,9859,8,0,40,1,0,1,0,0
1293511,2,2022,2022,0,0,4,512,17,3,441,0,1,1,-33.155293,149.00707,11,1,0,0,0,0,0,3,2,0,7,100,2,2585,4009,8,8,40,1,0,0,1,0
1293512,4,2022,2022,0,2,9,77,27,40,34609,1,0,10,-34.415947,150.881286,80,0,2,1,2,0,3,4,0,0,7,40,0,1220,1220,9,5,28,2,0,1,0,0
1293513,1,2022,2022,6,0,4,2,7,42,34609,0,1,9,-33.885902,150.865204,24,0,2,1,3,0,0,0,2,0,7,50,0,14295,14295,3,5,0,2,0,0,0,1
1293514,4,2022,2022,6,3,10,2261,17,35,2252,0,1,3,-34.390641,150.519644,78,1,0,1,3,0,0,3,0,0,7,110,2,1945,1945,5,30,40,1,0,1,0,0
1293516,1,2022,2022,6,6,6,1,31,168,34609,0,1,1,-33.703098,150.818337,7,0,2,1,3,0,0,0,2,0,7,50,0,5929,5929,1,8,0,2,0,0,0,1
1293517,1,2022,2022,6,4,4,1104,14,74,962,0,1,3,-33.772562,150.670258,55,0,2,1,3,0,0,0,2,0,7,110,2,14295,14295,3,5,5,2,0,0,0,1
1293528,4,2022,2022,6,4,7,196,10,45,168,0,1,1,-33.900788,150.976272,15,0,2,1,3,0,0,0,2,0,7,70,2,14295,14295,3,5,0,2,0,1,0,0
1293529,1,2022,2022,8,1,5,81,31,646,80,0,1,1,-33.915855,151.013923,15,0,2,1,3,0,0,0,2,0,7,60,1,3775,3775,0,5,5,2,0,0,0,1
1293531,4,2022,2022,8,6,3,132,31,54,233,0,1,10,-33.89518,151.221396,69,0,2,1,3,0,0,0,1,1,7,60,2,14295,14295,3,30,19,3,0,1,0,0
1293532,2,2022,2022,6,6,5,8,31,194,34609,0,1,10,-30.510246,151.65479,1,2,1,1,3,0,0,0,2,0,0,50,0,6545,6545,4,5,5,3,0,0,1,0
1293533,4,2022,2022,8,1,4,13,27,43,42,0,1,1,-33.580653,150.824786,29,2,2,1,0,0,0,3,2,0,7,80,1,9859,9859,8,21,40,1,0,1,0,0
1293536,2,2022,2022,8,1,2,829,27,123,770,0,1,10,-33.807101,151.070503,54,0,2,1,3,0,3,4,1,2,7,70,2,14295,14295,3,5,5,2,0,0,1,0
1293542,1,2022,2022,6,0,8,111,27,80,233,0,1,9,-33.935649,151.230271,59,0,2,1,3,0,0,0,2,0,0,60,2,14295,14295,3,0,5,2,0,0,0,1
1293551,2,2022,2022,0,0,7,120,36,35,148,0,1,1,-30.453497,152.905994,6,2,1,1,1,0,0,0,2,0,7,50,2,1669,1669,3,30,36,2,0,0,1,0
1293555,2,2022,2022,8,0,9,42,31,316,34609,0,1,10,-33.920819,151.236466,59,0,2,1,2,0,0,0,3,0,0,50,0,6545,6545,4,0,19,2,0,0,1,0
1293560,2,2022,2022,6,0,7,2209,17,61,2205,0,1,1,-35.896689,150.083436,23,1,0,1,0,0,0,0,2,0,7,100,2,14295,14295,3,5,13,2,0,0,1,0
1293561,2,2022,2022,6,0,4,82,31,179,369,0,1,9,-33.755655,150.712484,55,0,2,1,0,0,0,0,2,0,15,70,2,775,775,4,5,19,2,0,0,1,0
1293563,4,2022,2022,6,5,5,62,10,122,62,0,1,10,-33.42728,151.344223,16,2,2,1,1,0,0,0,2,2,7,50,2,6545,6545,4,0,19,2,0,1,0,0
1293567,2,2022,2022,6,5,8,62,27,63,166,0,1,1,-33.249894,151.48308,16,2,2,1,0,0,0,0,2,0,7,70,2,14295,14295,3,5,5,3,0,0,1,0
1293568,2,2022,2022,6,6,4,143,31,90,181,0,1,2,-33.890668,151.237538,81,0,2,0,1,0,0,0,2,0,7,60,2,1850,1463,5,15,40,1,0,0,1,0
1293570,2,2022,2022,8,3,7,48,10,19,121,0,1,9,-31.415512,152.846352,56,2,1,1,0,0,0,0,2,0,7,80,1,3775,3775,0,10,0,2,0,0,1,0
1293572,1,2022,2021,6,2,11,346,17,12,332,0,1,1,-28.849913,152.797539,51,1,0,0,0,0,3,1,0,0,7,100,2,2585,4009,8,0,40,1,0,0,0,3
1293575,1,2022,2022,8,1,7,29,27,100,30,0,1,1,-33.900482,150.880964,24,0,2,1,1,0,3,3,2,0,7,60,1,14295,14295,3,10,13,2,0,0,0,2
1293577,2,2022,2022,6,6,6,44,31,160,260,0,1,9,-33.107565,151.493057,37,0,2,0,1,0,0,0,2,0,7,60,2,1669,1669,3,10,13,2,0,0,1,0
1293578,4,2022,2022,6,6,8,97,27,166,799,0,1,9,-33.929892,150.990784,15,0,2,1,2,0,0,0,3,2,7,70,2,5929,5929,1,19,5,2,0,1,0,0
1293581,4,2022,2022,6,4,5,16,31,49,34609,0,1,1,-33.942465,151.216768,4,0,2,1,0,0,0,0,2,0,7,50,0,2040,2040,9,33,28,2,0,1,0,0
1293582,4,2022,2022,0,2,6,12,27,6,48,0,1,9,-32.703456,151.581182,42,2,1,1,1,0,0,0,2,0,0,60,1,2852,2852,4,21,13,2,0,1,0,0
1293583,2,2022,2022,6,4,6,24,27,46,34609,0,1,1,-33.878063,151.2335,81,0,2,1,0,0,0,0,2,0,7,40,0,9859,9859,1,5,0,2,0,0,1,0
1293584,2,2022,2022,6,6,4,12,27,8,15,0,1,1,-32.564489,151.322316,64,2,1,1,0,0,0,0,2,0,7,80,1,9859,9859,8,10,40,1,0,0,1,0
1293586,1,2022,2022,8,2,9,2,10,168,34609,0,1,1,-33.693832,150.810407,7,0,2,1,2,0,0,0,0,0,7,50,0,4026,4026,1,5,5,3,0,0,0,1
1293587,1,2022,2022,8,4,5,2261,17,523,2252,0,1,2,-33.919208,150.919558,41,0,2,1,0,0,0,0,2,0,7,60,2,14295,14295,3,5,19,2,0,0,0,1
1293589,4,2022,2022,6,2,11,9,1,28,260,0,1,1,-32.948489,151.619845,37,0,2,0,2,0,3,3,0,0,7,70,2,1957,4009,8,5,40,1,0,2,0,0
1293590,2,2022,2022,6,1,5,32,31,64,34609,0,1,1,-33.964074,151.002842,15,0,2,0,0,0,0,0,2,0,7,50,0,1957,4009,8,5,40,1,0,0,1,0
1293591,2,2022,2022,6,4,6,2,27,2,34609,0,1,1,-30.398559,149.891737,51,2,1,1,0,0,0,0,2,0,7,80,0,941,941,1,33,10,2,0,0,2,0
1293592,2,2022,2022,8,5,5,65,31,609,115,0,1,10,-33.772915,150.902879,7,0,2,1,1,0,0,0,2,2,7,60,2,6545,6545,4,10,0,2,0,0,1,0
1293594,2,2022,2022,8,5,4,3371,17,25,3342,0,1,10,-32.860966,151.704454,48,0,2,1,1,0,0,0,2,2,7,80,2,14295,14295,3,5,5,2,0,0,1,0
1293596,4,2022,2022,8,5,6,149,36,21,81,0,1,1,-32.128967,152.490031,43,1,0,0,0,0,0,0,2,0,7,100,2,2585,4009,8,0,40,1,0,1,0,0
1293598,2,2022,2022,6,3,6,77,27,87,100,0,1,1,-34.483971,150.416338,78,2,1,1,0,0,0,0,2,0,7,50,2,14295,14295,3,0,5,3,0,0,1,0
1293599,2,2022,2022,6,0,2,6,1,136,34609,0,1,9,-33.862354,151.062546,67,0,2,1,2,0,0,0,0,0,0,50,0,2852,2852,4,16,19,2,0,0,1,0
1293601,4,2022,2022,6,3,5,3,27,4,9,0,1,1,-31.852721,141.212922,51,1,0,0,0,0,0,0,2,0,7,100,1,4552,5151,8,16,40,1,0,1,0,0
1293605,2,2022,2022,6,4,2,27,27,5,35,0,1,1,-28.578348,152.107813,51,1,0,1,3,0,0,0,0,0,7,100,1,1089,1089,7,10,40,1,0,0,1,0
1293606,2,2022,2022,6,0,3,17,27,78,30,1,0,10,-28.323244,153.394287,72,2,1,1,1,0,0,0,2,0,0,50,1,6545,6545,4,10,0,2,0,0,3,0
1293609,2,2022,2022,6,4,11,2261,17,70,2252,0,1,2,-34.741265,149.911798,26,1,0,0,0,0,0,0,0,0,7,110,2,4552,5151,8,5,40,1,0,0,1,0
1293611,2,2022,2022,8,1,11,97,17,17,88,0,1,2,-34.879159,149.536614,26,1,0,0,0,0,0,0,0,0,7,110,2,1957,4009,8,10,40,1,0,0,1,0
1293612,2,2022,2022,8,3,7,13,27,73,34609,0,1,1,-33.749809,150.805087,7,0,2,1,3,0,0,0,2,0,7,50,0,623,623,3,5,0,2,0,0,2,0
1293618,2,2022,2022,8,0,2,20,31,387,13,0,1,10,-33.924339,151.187176,4,0,2,1,2,0,3,4,0,2,9,50,2,2040,2040,9,5,28,2,0,0,1,0
1293619,1,2022,2022,8,3,9,2209,17,88,2205,0,1,9,-33.996565,151.11652,25,0,2,1,2,0,3,4,0,0,0,70,2,775,775,4,0,0,2,0,0,0,1
1293621,2,2022,2022,8,5,6,123,27,316,120,0,1,1,-33.906535,151.252269,59,0,2,1,3,0,0,0,2,0,7,50,2,14295,14295,3,5,36,3,0,0,1,0
1293622,2,2022,2022,0,1,8,83,27,169,147,1,0,9,-28.666146,153.613985,10,2,1,1,3,0,0,0,2,0,7,50,1,14295,14295,3,5,5,2,0,0,1,0
1293625,1,2022,2022,6,4,3,168,10,387,260,0,1,2,-33.94596,151.17429,4,0,2,1,3,0,0,0,2,0,7,70,2,14295,14295,3,5,5,3,0,0,0,1
1293629,2,2022,2022,8,2,7,45,3,64,331,0,1,0,-34.038847,150.745672,12,0,2,0,1,0,0,0,2,0,7,100,2,1109,787,1,0,0,2,0,0,1,2
1293630,1,2022,2022,0,5,9,82,27,346,59,0,1,7,-33.869764,151.080264,67,0,2,1,0,0,0,0,2,0,0,50,1,6545,6545,4,0,18,2,0,0,0,1
1293631,2,2022,2022,7,0,10,3371,17,63,3342,0,1,1,-33.263321,151.467789,16,2,2,1,0,0,0,0,0,0,7,70,2,2040,2040,9,33,28,2,0,0,1,0
1293634,1,2022,2022,0,1,6,175,27,24,220,0,1,10,-33.728178,150.923534,7,0,2,1,1,0,0,0,2,2,7,70,2,5929,5929,1,0,5,2,0,0,0,1
1293638,1,2022,2022,0,6,8,12,27,293,34609,0,1,10,-33.939116,151.23223,59,0,2,1,0,0,0,0,3,0,15,50,0,6545,6545,4,5,41,2,0,0,0,1
1293640,1,2022,2022,0,0,8,1,27,1,34609,0,1,1,-35.893503,144.447389,51,1,0,1,0,2,0,0,2,0,7,100,0,1945,1945,5,16,40,1,0,0,0,1
1293641,2,2022,2022,8,3,7,76,1,29,34609,0,1,10,-33.943626,150.773209,41,0,2,1,0,0,0,3,2,0,0,60,0,6545,6545,4,5,13,2,0,0,1,1
1293643,1,2022,2022,6,4,4,12,27,6,48,0,1,1,-32.704775,151.578973,42,2,1,0,1,0,0,0,2,0,7,50,1,1220,1220,9,5,28,2,0,0,0,1
1293644,2,2022,2022,6,6,11,113,27,78,111,0,1,1,-33.866939,150.795391,55,0,2,1,0,0,0,0,0,0,7,80,2,1669,1669,3,8,0,2,0,0,1,0
1293645,2,2022,2022,0,2,11,916,17,105,917,0,1,9,-32.719511,151.536296,42,2,1,1,2,0,0,0,0,2,7,60,2,5929,5929,1,5,0,2,0,0,1,0
1293653,1,2022,2021,2,6,5,2,27,18,41,0,1,9,-29.028028,153.26475,60,1,0,0,0,0,0,0,2,0,7,100,1,2585,777,8,10,40,1,0,0,0,1
1293654,2,2022,2022,6,6,8,100,27,323,100,0,1,9,-33.805734,150.851794,7,0,2,1,1,0,0,0,3,2,7,70,2,6545,6545,4,22,36,3,0,0,1,1
1293659,1,2022,2022,6,6,8,10,31,165,34609,0,1,1,-32.271126,150.894192,46,2,1,0,0,0,0,0,3,0,7,50,0,1109,787,1,10,5,2,0,0,0,1
1293661,1,2022,2022,0,6,8,14,31,70,34609,0,1,10,-32.73618,151.554715,42,2,1,1,1,0,0,0,2,0,0,50,0,2040,2040,9,10,28,2,0,0,0,1
1293673,1,2022,2022,8,0,7,55,27,74,70,0,1,7,-33.724476,151.038374,31,0,2,1,0,0,0,0,2,0,0,60,2,14295,14295,3,0,5,2,0,0,0,1
1293674,1,2022,2022,6,0,7,69,31,646,563,0,1,2,-33.920866,151.039481,15,0,2,1,1,0,0,0,2,0,7,70,2,14295,14295,3,5,0,2,0,0,0,1
1293678,1,2022,2022,6,2,6,37,31,337,217,0,1,10,-33.732833,151.00689,71,0,2,1,1,0,0,0,2,2,7,60,2,5929,5929,1,9,5,2,0,0,0,2
1293682,4,2022,2022,8,1,9,118,27,646,118,1,0,1,-33.908489,151.035742,15,0,2,1,2,0,0,0,0,0,7,60,1,941,941,1,5,19,2,0,1,0,0
1293684,1,2022,2022,6,0,11,42,31,532,34609,0,1,0,-33.869583,151.206138,69,0,2,1,2,0,0,0,0,0,7,40,0,1220,1220,9,5,28,2,0,0,0,1
1293689,4,2022,2022,6,2,7,22,27,115,34609,0,1,1,-33.956229,151.048415,25,0,2,1,1,0,0,0,2,0,7,50,0,2040,2040,9,10,28,2,0,1,0,0
1293690,1,2022,2022,6,3,5,22,31,309,208,0,1,10,-33.812837,151.104936,61,0,2,1,0,0,0,0,2,3,7,60,2,14295,14295,3,0,0,2,0,0,0,1
1293692,4,2022,2022,6,4,8,195,27,49,186,0,1,9,-33.917163,150.854265,41,0,2,1,2,0,0,0,0,2,7,70,2,2852,2852,4,5,0,3,0,1,0,0
1293698,4,2022,2022,6,0,9,12,31,166,34609,1,0,10,-33.419461,149.570743,3,2,1,1,2,0,3,4,0,0,0,50,0,6545,6545,4,0,5,2,0,1,0,0
1293700,2,2022,2022,6,5,4,4,27,20,34609,0,1,1,-33.073744,151.481545,37,0,2,1,0,0,0,0,2,0,7,80,0,9859,9859,8,5,40,1,0,0,1,0
1293705,1,2022,2022,8,3,7,515,14,109,518,0,1,3,-33.957036,150.87648,41,0,2,1,3,0,0,0,2,0,7,100,2,1391,1391,1,5,25,2,0,0,0,1
1293706,2,2022,2022,8,4,8,1,27,103,34609,0,1,1,-34.302655,148.28089,30,2,1,1,0,2,0,0,3,0,7,50,0,3775,3775,0,5,5,2,0,0,1,0
1293708,2,2022,2022,6,5,7,13,27,223,34609,0,1,9,-33.800862,150.924305,7,0,2,1,3,0,0,0,2,0,0,50,0,14295,14295,3,34,19,2,0,0,1,0
1293710,1,2022,2022,6,0,8,8,27,9,34609,0,1,9,-33.008946,151.664605,37,0,2,1,3,0,0,0,0,0,7,60,0,14295,14295,3,0,5,2,0,0,0,1
1293711,1,2022,2022,8,0,9,224,27,387,321,1,0,1,-33.921602,151.196284,4,0,2,1,3,0,0,0,0,0,7,50,2,14295,14295,3,33,5,3,0,0,0,1
1293717,1,2022,2022,6,1,2,127,27,59,103,0,1,10,-32.889695,151.72635,48,0,2,1,3,0,3,4,1,2,7,60,1,926,926,4,10,0,2,0,0,0,1
1293720,2,2022,2022,6,1,4,23,14,532,22,0,1,3,-33.866129,151.214035,69,0,2,1,3,0,3,0,2,0,7,70,2,14295,14295,3,5,19,2,0,0,1,0
1293726,1,2022,2022,6,3,9,150,27,173,415,0,1,10,-33.785205,151.1285,61,0,2,1,3,0,0,0,2,2,7,70,2,14295,14295,3,0,5,2,0,0,0,1
1293728,2,2022,2022,6,1,4,13,27,76,14,0,1,1,-34.54672,150.365306,78,2,1,1,3,0,0,0,2,0,7,50,1,4026,4026,8,0,40,1,0,0,1,0