Crash ID,Degree of crash - detailed,Reporting year,Year of crash,Month of crash,Day of week of crash,Two-hour intervals,Street of crash,Street type,Town,Route no.,School zone location,School zone active,Type of location,Latitude,Longitude,LGA,Urbanisation,Conurbation 1,Alignment,Street lighting,Road surface,Surface condition,Weather,Natural lighting,Signals operation,Other traffic control,Speed limit,Road classification,RUM - code,DCA - code,First impact type,Key TU type,Other TU type,No. of traffic units involved,No. killed,No. seriously injured,No. moderately injured,No. minor-other injured
1293729,4,2022,2022,8,0,7,67,31,25,34609,0,1,10,-33.875393,151.280394,76,0,2,1,0,0,0,0,2,0,7,50,0,323,323,1,15,5,2,0,1,0,0
1293738,2,2022,2022,6,0,7,481,17,562,483,0,1,1,-32.271333,148.580174,22,2,1,0,0,0,0,0,2,0,7,80,2,83,83,5,10,40,1,0,0,1,0
1293742,2,2022,2022,8,0,8,105,27,67,109,0,1,10,-33.881649,150.889023,24,0,2,1,2,0,3,3,0,2,9,60,1,1220,1220,9,5,28,2,0,0,1,0
1293747,4,2022,2022,6,1,3,103,36,4,103,0,1,1,-32.020814,152.05827,43,2,1,0,0,0,3,1,1,0,7,80,1,1259,5151,8,0,40,1,0,1,0,0
1293749,2,2022,2022,8,6,3,22,31,165,78,0,1,10,-33.8498,151.152031,14,0,2,1,0,0,0,0,2,0,15,50,2,6545,6545,4,0,22,2,0,0,1,0
1293750,2,2022,2022,3,6,3,5,27,2,118,0,1,9,-29.705649,150.533218,51,1,0,1,1,0,0,0,2,0,7,100,2,1089,1089,7,5,40,1,0,0,1,0
1293756,4,2022,2022,8,0,3,205,27,161,415,1,0,10,-33.72196,151.171444,36,0,2,1,1,0,0,3,2,2,7,60,2,5929,5929,1,9,10,2,0,2,0,0
1293757,2,2022,2022,8,6,5,1104,14,283,962,0,1,3,-33.826839,151.004919,54,0,2,1,1,0,0,0,2,0,7,90,2,1282,1282,1,29,5,3,0,0,3,0
1293760,1,2022,2022,8,0,8,2209,17,76,2205,0,1,9,-35.350023,150.475602,63,2,1,1,2,0,3,4,0,0,7,60,2,1669,1669,3,0,25,2,0,0,0,1
1293761,1,2022,2022,7,1,5,222,27,74,70,0,1,2,-33.729284,151.044218,31,0,2,1,0,0,0,0,2,0,7,60,2,14295,14295,3,5,12,2,0,0,0,2
1293772,4,2022,2022,0,4,3,115,27,96,173,0,1,9,-34.233946,150.676448,79,2,2,1,0,0,0,0,2,0,7,80,2,1669,1669,3,8,13,3,0,1,1,0
1293777,4,2022,2022,0,0,5,25,27,5,27,0,1,1,-34.392608,149.044938,30,2,1,0,0,0,0,0,2,0,7,40,1,1259,5151,8,16,40,1,0,1,0,0
1293784,2,2022,2022,6,6,3,3,10,134,34609,0,1,1,-33.51352,151.303314,16,2,2,0,3,0,0,0,1,0,7,50,0,2585,4009,1,10,4,3,0,0,1,0
1293786,2,2022,2022,0,5,7,6,31,314,7,0,1,9,-33.855286,150.917221,24,0,2,1,3,0,0,0,2,2,7,60,1,5929,5929,1,5,5,2,0,0,1,0
1293789,1,2022,2022,6,6,4,2209,17,51,2205,0,1,9,-34.468482,150.826679,80,0,2,1,3,0,0,0,2,2,7,70,1,14295,14295,3,0,0,2,0,0,0,1
1293790,1,2022,2022,7,6,4,344,27,609,163,0,1,9,-33.754858,150.890929,7,0,2,1,3,0,0,0,2,0,0,60,2,1391,1391,1,0,5,2,0,0,0,1
1293793,2,2022,2022,8,5,11,17,10,63,34609,0,1,9,-33.239093,151.500714,16,2,2,0,2,0,0,0,0,2,7,50,0,4552,5151,8,5,40,1,0,0,1,1
1293797,1,2022,2022,6,5,4,3371,17,137,3342,0,1,9,-32.956116,151.704083,37,0,2,0,3,0,0,0,2,2,7,60,2,1391,1391,1,0,5,2,0,0,0,1
1293799,4,2022,2022,8,2,11,2126,17,73,2149,0,1,10,-33.887981,151.16135,32,0,2,1,2,0,0,0,0,2,7,60,2,515,515,1,10,19,2,0,1,0,0
1293800,2,2022,2022,8,4,4,55,27,112,70,0,1,1,-33.709465,151.024572,31,0,2,0,1,0,3,3,2,0,7,60,2,4552,5151,8,5,40,1,0,0,1,0
1293801,4,2022,2022,8,4,9,3371,17,65,3342,0,1,1,-33.381995,151.371359,16,2,2,1,2,0,0,0,0,0,7,60,2,1192,1192,1,33,27,2,0,1,0,0
1293803,2,2022,2022,8,2,6,3371,17,139,3342,0,1,6,-33.841795,151.209671,49,0,2,1,1,0,0,0,2,2,9,60,2,2040,2040,9,5,28,2,0,0,1,1
1293804,4,2022,2022,6,0,8,222,27,71,165,0,1,1,-33.969431,151.072948,25,0,2,1,2,0,3,4,3,0,7,50,1,2040,2040,9,5,28,2,0,1,0,0
1293805,4,2022,2022,6,6,2,4,27,15,34609,0,1,9,-33.893845,151.046906,15,0,2,1,2,0,0,0,0,2,9,60,0,5929,5929,1,5,5,2,0,1,0,0
1293808,4,2022,2022,6,4,6,76,31,201,34609,0,1,1,-34.872573,150.602587,63,2,1,1,0,0,0,0,2,0,7,50,0,941,941,1,5,5,2,0,1,0,0
1293810,2,2022,2022,8,3,7,44,27,89,38,1,0,10,-33.867016,150.889496,24,0,2,1,1,0,0,0,2,2,7,60,1,5929,5929,1,0,5,2,0,0,1,0
1293813,2,2022,2022,6,0,5,193,1,64,34609,1,0,1,-32.94246,151.69931,48,0,2,1,1,0,0,0,2,0,7,60,0,2040,2040,9,0,28,2,0,0,1,0
1293815,4,2022,2022,6,3,9,26,10,370,68,0,1,7,-34.078453,150.797726,13,0,2,1,2,0,0,0,0,0,0,60,1,1945,1945,5,16,40,1,0,1,0,0
1293816,1,2022,2022,6,5,8,30,27,133,34609,0,1,9,-33.931313,151.014633,15,0,2,1,2,0,0,0,3,0,7,50,0,2852,2852,4,33,5,2,0,0,0,1
1293817,2,2022,2022,6,3,10,16,31,162,34609,1,0,9,-33.852993,150.905212,24,0,2,1,2,0,0,0,0,0,0,50,0,9859,9859,1,5,13,2,0,0,1,0
1293820,2,2022,2022,6,0,1,168,10,387,260,0,1,9,-33.94457,151.188137,4,0,2,1,2,0,0,0,0,2,7,70,2,4552,985,8,5,40,1,0,0,1,0
1293822,4,2022,2022,6,6,3,171,27,89,369,0,1,9,-33.651229,150.775434,55,0,2,1,1,0,0,0,1,0,7,80,2,14295,14295,3,16,5,2,0,1,0,0
1293823,4,2022,2022,0,4,4,8,27,189,34609,0,1,9,-33.945515,151.054337,15,0,2,1,1,0,0,0,2,0,0,50,0,515,515,1,5,5,3,0,1,0,0
1293825,4,2022,2022,6,2,8,9,31,363,34609,1,0,7,-33.755304,150.705259,55,0,2,1,2,0,0,0,0,0,0,50,0,2040,2040,9,5,28,2,0,1,0,0
1293827,4,2022,2022,6,5,5,387,27,91,331,0,1,9,-33.963581,151.090831,25,0,2,1,0,0,0,0,2,0,7,60,2,1220,1220,9,0,28,2,0,1,0,0
1293828,2,2022,2022,6,4,8,171,27,64,369,0,1,9,-33.691456,150.727881,55,0,2,1,2,0,0,0,3,0,0,80,2,6545,6545,4,0,0,2,0,0,1,0
1293829,2,2022,2022,6,6,11,162,31,65,148,0,1,1,-32.927964,151.773764,48,0,2,1,2,0,0,0,0,2,9,40,1,2040,2040,9,5,28,2,0,0,1,0
1293830,1,2022,2022,6,1,5,55,31,29,34609,1,0,7,-31.084957,150.937072,70,2,1,1,0,0,0,0,2,0,0,50,0,6545,6545,4,10,27,2,0,0,0,1
1293834,4,2022,2022,8,5,6,204,31,252,34609,1,0,10,-33.889598,151.215045,69,0,2,1,1,0,0,0,2,2,9,40,0,2040,2040,9,32,28,2,0,1,0,0
1293839,4,2022,2022,6,2,5,387,27,20,34609,0,1,1,-35.536512,148.155834,66,1,0,0,0,0,0,0,2,0,7,100,0,1089,1089,7,16,40,1,0,1,0,0
1293848,4,2022,2022,6,0,8,13,31,463,34609,0,1,6,-30.300743,153.110462,19,2,1,1,1,0,0,0,0,2,9,50,0,2040,2040,9,0,28,2,0,1,0,0
1293850,4,2022,2022,6,3,8,2209,17,45,2205,0,1,2,-33.888197,151.192499,69,0,2,0,2,0,0,0,3,0,7,50,2,387,387,1,22,5,2,0,1,0,0
1293851,2,2022,2022,8,5,6,8,27,147,34609,0,1,1,-33.880081,150.998128,15,0,2,1,0,0,0,0,2,0,7,50,0,9859,9859,1,9,0,2,0,0,1,0
1293854,1,2022,2022,6,4,11,104,27,387,140,0,1,10,-33.920825,151.191757,4,0,2,1,2,0,0,0,0,2,7,60,2,6545,6545,4,0,5,2,0,0,0,1
1293855,2,2022,2022,8,4,6,77,27,16,58,0,1,1,-34.791214,150.561246,63,2,1,0,0,0,3,0,2,0,7,60,2,2585,4009,8,0,40,1,0,0,1,0
1293857,2,2022,2022,6,0,3,916,17,105,917,0,1,2,-32.71228,151.519363,42,2,1,1,0,0,0,0,2,0,7,60,2,9859,9859,1,0,5,2,0,0,1,0
1293859,2,2022,2022,0,4,7,12,31,18,34609,0,1,9,-36.073413,146.890432,0,2,1,1,1,0,0,0,2,0,7,60,0,5929,5929,1,0,5,2,0,0,1,0
1293860,4,2022,2022,6,3,6,229,14,173,237,0,1,3,-33.773029,151.120289,61,0,2,1,0,0,0,0,2,0,7,100,2,1282,1282,1,19,5,2,0,2,0,1
1293864,2,2022,2022,8,1,11,132,31,252,126,0,1,10,-33.889952,151.207908,69,0,2,1,3,0,0,0,0,2,7,50,2,14295,14295,3,5,5,2,0,0,1,1
1293867,4,2022,2022,8,4,3,19,18,95,32,0,1,1,-34.395678,150.900961,80,0,2,1,1,0,3,4,2,0,7,60,1,9859,9859,1,0,13,2,0,1,0,0
1293868,2,2022,2022,6,0,9,71,36,10,61,0,1,10,-34.466291,146.016226,28,1,0,1,3,0,0,0,0,0,7,100,2,204,204,1,0,8,2,0,0,1,0
1293876,2,2022,2022,0,4,4,2,18,21,34609,0,1,1,-33.592372,150.723917,29,2,2,1,3,0,0,0,2,0,7,60,0,1945,1945,5,9,40,1,0,0,1,0
1293877,4,2022,2022,6,0,3,515,14,294,518,0,1,3,-33.942334,150.944488,41,0,2,1,3,0,0,0,2,0,7,100,2,14295,14295,3,5,0,2,0,1,0,1
1293888,2,2022,2022,6,6,8,2126,17,363,2149,0,1,10,-33.819484,151.000185,54,0,2,1,3,0,0,0,0,2,7,60,2,14295,14295,3,8,0,2,0,0,1,0
1293893,1,2022,2022,6,1,2,500,27,293,799,1,0,9,-33.93177,151.057648,15,0,2,1,3,0,3,4,0,2,7,60,2,14295,14295,3,5,5,2,0,0,0,1
1293894,4,2022,2022,6,0,3,478,17,96,480,1,0,2,-33.438565,151.380329,16,2,2,1,3,0,0,0,2,0,7,60,2,1981,1981,4,8,5,2,0,1,0,0
1293897,4,2022,2022,6,2,5,109,36,21,108,0,1,2,-28.275851,153.493149,72,2,1,1,0,0,0,0,2,0,7,80,1,4026,4026,8,16,40,1,0,1,0,0
1293902,2,2022,2022,6,6,5,62,31,77,33,0,1,10,-32.563214,151.169177,64,2,1,1,3,0,0,0,2,1,7,50,1,5929,5929,1,0,0,2,0,0,1,0
1293903,1,2022,2022,6,2,3,296,27,283,293,0,1,9,-33.828865,151.004454,21,0,2,1,3,0,0,0,1,2,7,60,2,5929,5929,1,10,5,2,0,0,0,1
1293904,1,2022,2022,8,2,8,10,31,74,34609,0,1,9,-33.767888,150.684865,55,0,2,1,3,0,0,0,3,0,7,50,0,1981,1981,4,9,27,2,0,0,0,1
1293905,1,2022,2022,8,5,7,3371,17,53,3342,0,1,2,-33.764192,151.156675,36,0,2,0,3,0,0,0,2,0,7,60,2,14295,14295,3,30,0,2,0,0,0,1
1293906,4,2022,2022,6,3,5,3,1,3,34609,0,1,10,-33.895404,150.604055,79,2,2,1,3,0,0,0,2,0,15,60,0,6545,6545,4,0,36,2,0,1,0,0
1293908,1,2022,2021,6,6,5,19,27,16,34609,0,1,9,-34.020663,151.047951,68,0,2,1,3,0,0,0,2,0,0,50,0,186,186,1,33,18,2,0,0,0,1
1293909,1,2022,2022,6,4,6,40,27,160,39,0,1,1,-33.120339,151.477492,37,0,2,1,3,0,0,0,2,0,7,90,1,14295,14295,3,5,0,2,0,0,0,1
1293911,1,2022,2022,6,2,6,361,31,226,382,0,1,1,-33.767473,150.83309,7,0,2,1,3,0,0,0,2,0,7,60,2,14295,14295,3,5,5,3,0,0,0,1
1293916,4,2022,2022,7,1,8,95,31,463,32,0,1,1,-30.280905,153.132633,19,2,1,1,0,0,0,0,2,0,0,60,1,5929,5929,1,5,27,2,0,1,0,0
1293920,2,2022,2022,6,2,6,12,10,26,8,0,1,2,-34.018605,151.079917,68,0,2,1,1,0,0,0,2,0,7,60,1,4026,4026,8,8,40,1,0,0,1,0
1293921,4,2022,2022,8,4,8,7,27,16,62,0,1,9,-36.407508,150.046769,5,1,0,1,1,0,0,0,3,0,15,100,1,2852,2852,4,10,5,2,0,2,0,0
1293923,4,2022,2022,6,0,0,12,31,363,34609,0,1,1,-33.762185,150.709757,55,0,2,1,0,0,0,0,0,0,7,50,0,1220,1220,9,10,28,2,0,1,1,0
1293928,2,2022,2022,7,4,8,23,27,104,144,0,1,9,-33.798204,150.8036,55,0,2,1,1,0,0,0,2,2,7,70,2,4026,4026,8,0,40,1,0,0,1,0
1293930,2,2022,2022,8,0,2,2261,17,14,2252,0,1,2,-34.792306,149.169499,74,1,0,0,0,0,0,0,0,0,7,110,2,2585,4009,8,5,40,1,0,0,2,0
1293933,4,2022,2022,6,2,7,1104,14,142,962,0,1,3,-33.827508,150.995382,54,0,2,0,1,0,0,0,2,0,7,90,2,14295,14295,3,5,13,3,0,2,0,0
1293934,1,2022,2022,6,2,6,24,27,4,103,0,1,1,-28.741511,153.224075,39,2,1,1,0,0,0,0,2,0,7,80,1,1945,1945,5,16,40,1,0,0,0,1
1293936,4,2022,2022,6,1,3,2126,17,363,2149,0,1,7,-33.751557,150.700878,55,0,2,0,0,0,3,4,2,0,0,50,2,1957,4009,8,16,40,1,0,1,0,0
1293939,2,2022,2022,6,6,6,3,25,27,34609,0,1,9,-34.054558,150.750711,12,0,2,1,0,0,0,0,2,0,7,50,0,2585,777,8,5,40,1,0,0,1,0
1293941,4,2022,2022,6,6,9,204,31,228,34609,0,1,10,-34.762434,149.708704,26,2,1,1,2,0,0,0,0,0,0,50,0,6545,6545,4,22,5,2,0,1,0,0
1293942,2,2022,2022,6,1,11,84,27,252,34609,0,1,9,-33.941345,150.860626,41,0,2,1,2,0,0,0,0,0,15,60,0,6545,6545,4,5,5,2,0,0,1,0
1293943,4,2022,2022,0,2,6,3371,17,108,3342,0,1,2,-33.297416,151.422013,16,2,2,1,1,0,0,0,2,0,0,60,2,1981,1981,4,0,27,2,0,1,0,0
1293945,2,2022,2022,8,1,10,13,10,18,34609,0,1,1,-33.525104,150.777771,29,2,2,1,0,0,0,0,2,0,7,50,0,9859,9859,1,0,0,2,0,0,1,0
1293947,2,2022,2022,6,6,8,348,27,39,34609,1,0,10,-33.558833,150.841352,29,2,2,1,1,0,0,0,2,0,0,50,0,6545,6545,4,10,25,2,0,0,1,0
1293948,1,2022,2022,6,4,1,224,27,26,321,0,1,1,-33.910594,151.202198,69,0,2,1,2,0,0,0,0,0,7,50,2,9859,9859,8,10,40,1,0,0,0,1
1293952,2,2022,2022,6,2,9,178,27,189,101,0,1,9,-33.943126,151.053864,15,0,2,1,2,0,0,0,0,2,7,50,1,14295,14295,3,5,18,2,0,0,1,0
1293953,2,2022,2022,6,0,8,145,31,70,34609,1,0,7,-32.900332,151.722488,48,0,2,1,0,0,0,0,2,0,7,50,0,4026,4026,8,5,40,1,0,0,1,0
1293954,2,2022,2022,8,4,6,6,10,130,34609,0,1,9,-34.46307,150.842292,80,0,2,1,1,0,0,0,2,0,7,50,0,2852,2852,4,5,0,2,0,0,1,0
1293955,1,2022,2022,6,0,5,2,1,43,34609,0,1,1,-33.446493,151.32863,16,2,2,1,3,0,0,0,2,0,7,50,0,1981,1981,4,5,5,2,0,0,0,1
1293956,1,2022,2022,8,2,10,89,31,316,34609,0,1,1,-31.429068,152.909998,56,2,1,1,2,0,0,0,0,0,7,50,0,214,214,9,5,28,2,0,0,0,1
1293960,2,2022,2022,6,3,9,293,31,219,34609,0,1,10,-32.898754,151.665484,48,0,2,1,3,0,0,0,0,0,15,50,0,6545,6545,4,5,0,2,0,0,1,0
1293963,4,2022,2022,0,3,8,19,27,24,42,0,1,9,-34.921703,150.556992,63,2,1,0,0,0,0,0,2,0,0,80,2,6545,6545,4,16,0,2,0,1,0,0
1293971,2,2022,2022,6,0,3,95,27,50,36,1,0,10,-33.513741,151.330215,16,2,2,1,3,0,0,0,2,0,0,60,1,6545,6545,4,5,22,2,0,0,1,1
1293974,1,2022,2022,6,1,4,27,27,294,27,0,1,9,-33.941044,150.95256,41,0,2,1,3,0,0,0,2,2,15,60,1,926,926,4,5,5,2,0,0,0,1
1293975,2,2022,2022,8,6,9,1104,14,149,962,0,1,3,-33.81717,150.974183,21,0,2,1,3,0,0,0,0,0,7,90,2,14295,14295,3,9,36,2,0,0,1,0
1293979,1,2022,2022,0,3,6,8,31,96,34609,0,1,10,-35.34884,149.226912,58,2,1,1,0,0,0,0,2,0,15,50,0,6545,6545,4,22,5,2,0,0,0,1
1293981,4,2022,2022,0,5,5,31,31,90,34609,0,1,1,-28.233685,153.559908,72,2,1,1,0,0,0,0,2,0,7,50,0,14295,14295,3,5,0,2,0,1,1,0
1293982,4,2022,2022,0,1,7,5,10,91,34609,1,2,9,-33.99252,150.898071,13,0,2,0,1,0,0,0,2,0,7,40,0,4552,5151,1,34,5,2,0,1,0,0
1293983,4,2022,2022,0,1,6,18,1,143,115,0,1,9,-33.706299,151.105626,31,0,2,1,0,0,0,0,2,1,7,50,1,1850,985,5,15,40,1,0,1,0,0
1293984,2,2022,2022,7,6,2,2261,17,45,2252,0,1,3,-34.317499,150.581956,79,1,2,0,1,0,3,1,0,0,7,110,2,1391,1391,1,5,36,2,0,0,2,0
1293985,2,2022,2022,0,5,5,14,31,48,34609,0,1,1,-28.239271,153.566018,72,2,1,1,0,0,0,0,2,0,7,50,0,1981,1981,4,0,5,3,0,0,1,1
1293986,2,2022,2022,0,0,8,40,10,56,174,0,1,9,-32.775321,151.34074,17,2,1,1,0,0,0,0,3,0,15,80,2,6545,6545,4,5,36,2,0,0,1,0
1293988,4,2022,2022,7,3,4,2261,17,23,2252,0,1,3,-34.046316,150.81827,13,0,2,0,0,0,0,0,2,0,7,110,2,14295,14295,3,5,13,3,0,1,1,0
1293989,1,2021,2021,3,4,8,348,27,21,15,0,1,1,-33.633004,150.69171,55,0,2,1,1,0,3,3,2,0,7,80,1,3775,3775,0,10,0,2,0,0,0,1
1293990,2,2022,2022,0,4,8,7,31,290,34609,0,1,1,-33.860006,150.986289,21,0,2,0,3,0,0,0,2,0,7,50,0,2585,4009,8,30,40,1,0,0,1,0
1293991,4,2022,2022,0,2,7,4,27,2,143,0,1,1,-33.661074,149.401368,51,1,0,0,0,0,0,0,2,0,7,100,2,380,714,5,16,40,1,0,1,0,0
1293996,4,2022,2022,0,5,4,33,10,69,34609,0,1,1,-28.564198,153.488446,10,1,0,0,1,0,3,0,2,0,7,100,0,4552,5151,8,5,40,1,0,1,0,0
1293997,4,2022,2022,0,4,10,387,27,13,40,0,1,1,-33.371439,149.081051,52,1,0,0,0,0,3,4,0,0,7,100,1,4552,5151,8,10,40,1,0,1,0,0
1293998,2,2022,2022,7,4,3,17,27,90,34609,0,1,1,-33.794461,150.9322,7,0,2,1,0,0,0,0,2,0,7,50,0,4026,4026,1,30,0,2,0,0,1,0
1293999,4,2022,2022,0,1,1,36,27,438,34609,0,1,1,-33.857118,151.0271,21,0,2,1,2,0,3,0,0,0,7,50,0,9859,9859,1,5,5,2,0,1,0,1
1294000,4,2022,2022,0,0,9,10,27,1,34609,0,1,1,-33.671135,149.62817,3,1,0,0,0,0,0,0,3,0,7,100,0,4552,5151,8,10,40,1,0,1,0,0
1294004,1,2022,2022,8,4,7,52,27,188,53,1,2,1,-33.947788,151.102612,25,0,2,1,0,0,0,0,2,0,7,40,1,368,368,9,33,28,2,0,0,0,1
1294005,4,2022,2022,8,3,10,11,31,316,34609,0,1,9,-33.927504,151.243148,59,0,2,1,2,0,0,0,0,0,0,50,0,926,926,4,5,5,3,0,1,1,1
1294007,2,2022,2022,0,2,8,2126,17,55,2149,0,1,10,-33.79216,150.8715,7,0,2,1,1,0,0,0,2,2,7,80,2,6545,6545,4,5,5,2,0,0,2,0
1294008,4,2022,2022,8,1,4,3,27,10,34609,0,1,1,-34.618726,148.537524,30,1,0,0,0,0,0,0,2,0,7,100,0,1259,5151,8,5,40,1,0,1,0,0
1294009,2,2022,2022,8,6,7,24,31,314,34609,0,1,7,-33.85733,150.937881,24,0,2,1,1,0,0,0,2,0,0,50,0,6545,6545,4,0,5,2,0,0,1,0
1294012,1,2022,2022,6,5,8,234,27,337,217,1,0,9,-33.72473,151.018553,71,0,2,1,3,0,0,0,2,2,7,60,2,14295,14295,3,5,0,3,0,0,0,1
1294013,2,2022,2022,6,2,8,1104,14,460,962,0,1,3,-33.825363,150.990629,54,0,2,1,3,0,0,0,3,0,7,90,2,14295,14295,3,0,5,3,0,0,1,0
1294014,1,2022,2022,6,6,8,12,27,60,41,0,1,7,-33.750635,150.759566,55,0,2,1,3,0,0,0,3,0,0,60,1,14295,14295,3,10,0,2,0,0,0,1
1294016,2,2022,2022,6,4,8,3371,17,49,3342,0,1,2,-33.201803,151.521052,16,2,2,1,3,0,0,0,3,0,7,80,2,14295,14295,3,30,12,3,0,0,1,0
1294017,2,2022,2022,0,2,1,125,27,17,123,0,1,7,-33.33616,151.430813,16,2,2,1,2,0,0,0,0,0,0,70,2,84,84,6,5,40,1,0,0,1,0
1294018,2,2022,2022,6,2,5,120,36,16,148,0,1,9,-30.414712,152.772761,6,1,0,0,3,0,0,0,2,0,7,100,2,14295,14295,3,5,36,4,0,0,1,0
1294020,4,2022,2022,8,5,7,293,31,61,34609,0,1,10,-29.736231,151.730209,51,2,1,1,3,0,0,3,2,0,0,50,0,6545,6545,4,5,0,2,0,1,1,0
1294021,2,2022,2022,6,1,4,43,27,136,76,0,1,2,-32.923099,151.721861,48,0,2,1,3,0,0,3,2,0,7,60,1,1383,1383,1,0,5,2,0,0,1,0
1294022,1,2022,2022,6,3,0,85,27,53,145,0,1,2,-33.799378,151.054824,54,0,2,0,3,0,0,0,0,0,7,70,2,1383,1383,1,5,5,2,0,0,0,1
1294023,2,2022,2022,0,5,6,2126,17,218,2149,0,1,2,-33.769801,150.771885,55,0,2,1,3,0,0,0,2,0,7,60,2,14295,14295,3,10,5,2,0,0,1,0
1294026,1,2022,2022,6,4,4,154,27,293,244,0,1,9,-33.9276,151.048995,15,0,2,1,3,0,0,0,2,0,0,60,2,14295,14295,3,5,0,2,0,0,0,1
1294029,2,2022,2022,8,5,6,251,27,115,212,0,1,10,-33.752333,151.234443,50,0,2,1,3,0,0,0,2,2,7,70,2,5929,5929,1,0,5,2,0,0,1,0
1294030,1,2022,2022,8,1,7,17,27,20,6,0,1,1,-35.46963,147.628375,75,1,0,0,0,0,0,0,2,0,7,100,1,1850,1463,5,16,40,1,0,0,0,1
1294032,2,2022,2022,8,2,6,866,17,94,793,1,0,2,-33.883818,150.923731,24,0,2,1,0,0,0,0,2,0,7,70,2,1220,1220,9,5,28,2,0,0,1,0
1294034,2,2022,2022,6,4,7,2,25,293,34609,0,1,1,-33.925057,151.05475,15,0,2,0,0,0,0,0,2,0,7,50,0,1220,1220,9,5,28,3,0,0,2,0
1294035,4,2022,2022,8,2,11,9,27,104,34609,0,1,1,-33.834509,151.218754,49,0,2,0,2,0,3,4,0,0,7,50,0,4552,5151,1,5,0,3,0,1,0,0
1294036,2,2022,2022,6,3,7,89,27,182,228,1,0,9,-32.83876,151.343575,17,2,1,1,0,0,0,0,2,0,0,60,1,2852,2852,4,5,5,2,0,0,1,1
1294038,4,2022,2022,6,3,5,68,31,41,168,0,1,1,-34.053441,150.700301,12,0,2,1,1,0,0,0,2,0,7,50,1,1981,1981,4,5,27,2,0,1,0,0
1294040,1,2022,2022,7,5,4,251,27,62,212,0,1,2,-33.753105,151.257081,50,0,2,1,1,0,3,4,2,0,7,70,2,14295,14295,3,21,5,3,0,0,0,1
1294042,2,2022,2022,6,2,10,193,1,10,34609,1,0,9,-33.102615,151.641118,37,0,2,1,2,0,0,0,0,0,7,50,0,9859,9859,8,17,40,1,0,0,1,0
1294043,2,2022,2022,6,6,3,6,1,60,34609,0,1,1,-34.029888,150.747831,12,0,2,0,1,0,0,0,2,0,7,50,0,1957,4009,1,0,5,2,0,0,1,0
1294044,4,2022,2022,8,0,11,4,1,155,95,0,1,9,-33.141616,148.168081,53,2,1,0,2,0,0,0,0,0,7,50,2,1957,4009,8,5,40,1,0,1,0,0
1294045,4,2022,2022,6,0,9,3371,17,24,3342,0,1,9,-32.652609,151.866133,57,1,0,1,2,0,0,0,0,0,0,100,2,5929,5929,1,0,0,2,0,1,1,0
1294047,2,2022,2022,0,0,9,1,27,1,34609,0,1,1,-35.377448,144.669812,51,1,0,0,0,0,0,0,3,0,7,100,0,1089,1089,7,5,40,1,0,0,1,0
1294048,2,2022,2022,7,5,8,3371,17,28,3342,0,1,2,-28.685732,153.533995,10,1,0,1,0,0,0,0,2,0,7,110,2,475,475,5,10,40,1,0,0,2,0
1294049,4,2022,2022,6,1,4,43,27,4,46,0,1,1,-28.365607,153.575201,72,2,1,1,1,0,0,0,2,0,7,50,1,1981,1981,4,5,27,2,0,1,0,0
1294050,4,2022,2022,0,3,8,114,27,22,65,0,1,1,-33.45144,151.068861,16,2,2,0,1,0,0,0,3,0,7,60,1,4552,5151,8,16,40,1,0,1,0,0
1294051,2,2022,2022,6,4,9,36,31,29,34609,1,0,1,-32.935526,151.761459,48,0,2,1,2,0,0,0,0,0,7,60,0,1220,1220,9,33,28,2,0,0,1,0
1294052,2,2022,2022,6,6,4,2126,17,125,2149,0,1,9,-33.865058,151.085603,67,0,2,0,0,0,0,0,2,2,7,60,2,14295,14295,3,5,0,2,0,0,1,0
1294053,2,2022,2022,6,2,6,308,14,86,311,0,1,3,-33.740036,150.92326,7,0,2,1,0,0,0,0,2,0,7,100,2,4026,4026,8,5,40,1,0,0,1,0
1294057,2,2022,2022,6,5,4,11,1,40,34609,0,1,9,-34.695424,150.84449,35,2,1,1,1,0,0,0,2,0,0,60,0,2852,2852,4,10,5,2,0,0,1,0
1294060,2,2022,2022,6,2,4,15,31,166,34609,0,1,7,-33.41037,149.568362,3,2,1,1,1,0,0,0,2,0,0,50,0,6545,6545,4,0,25,2,0,0,1,0
1294061,2,2022,2022,6,5,10,8,27,6,34609,0,1,1,-30.926661,153.073544,34,2,1,0,0,0,3,3,0,0,7,60,0,1957,4009,8,5,40,1,0,0,2,0
1294062,2,2022,2022,0,1,6,6,31,226,34609,1,0,1,-33.762954,150.829129,7,0,2,1,0,0,0,3,2,0,7,50,0,237,162,8,30,40,1,0,0,1,0
1294066,1,2022,2022,8,6,9,54,27,443,2252,0,1,10,-33.900983,151.045242,15,0,2,1,0,0,0,0,3,2,7,60,2,1192,1192,1,5,0,2,0,0,0,1
1294067,2,2022,2022,6,1,4,55,25,42,34609,1,2,9,-33.88961,150.86319,24,0,2,1,0,0,3,0,2,0,7,40,0,6545,6545,4,5,5,2,0,0,1,0
1294068,2,2022,2022,6,1,7,14,1,167,34609,0,1,4,-33.854351,151.065567,54,0,2,0,0,0,0,0,2,3,7,60,0,2585,4009,8,16,40,1,0,0,1,0
1294070,2,2022,2022,6,5,6,59,27,147,5,0,1,10,-33.868859,151.122455,14,0,2,1,1,0,0,0,2,0,0,50,1,5929,5929,1,16,12,2,0,0,1,0
1294073,2,2022,2022,0,5,11,481,17,155,483,0,1,1,-33.056237,148.182111,53,1,0,1,0,0,0,0,0,0,7,110,2,4026,4026,8,10,40,1,0,0,1,0