Crash ID,Degree of crash - detailed,Reporting year,Year of crash,Month of crash,Day of week of crash,Two-hour intervals,Street of crash,Street type,Town,Route no.,School zone location,School zone active,Type of location,Latitude,Longitude,LGA,Urbanisation,Conurbation 1,Alignment,Street lighting,Road surface,Surface condition,Weather,Natural lighting,Signals operation,Other traffic control,Speed limit,Road classification,RUM - code,DCA - code,First impact type,Key TU type,Other TU type,No. of traffic units involved,No. killed,No. seriously injured,No. moderately injured,No. minor-other injured
1294074,2,2022,2022,7,6,5,8,31,215,34609,0,1,1,-35.111984,147.370674,75,2,1,1,0,0,0,0,2,0,7,50,0,248,248,1,0,0,2,0,0,1,0
1294076,4,2022,2022,6,5,11,2209,17,176,2205,1,0,9,-33.961306,151.137738,25,0,2,1,2,0,0,0,0,2,7,60,2,775,775,4,22,5,2,0,1,0,0
1294078,4,2022,2022,6,0,10,265,10,445,563,0,1,9,-33.869285,151.042523,21,0,2,0,2,0,0,0,0,2,7,70,2,5929,5929,1,5,0,2,0,1,1,0
1294079,2,2022,2022,8,6,6,220,27,92,222,0,1,10,-33.720512,150.937996,71,0,2,1,3,0,0,0,2,2,7,80,2,14295,14295,3,5,5,2,0,0,1,1
1294081,4,2022,2022,6,3,3,3371,17,5,3342,0,1,2,-33.130971,151.627343,37,0,2,0,2,0,0,0,1,0,7,90,2,1957,4009,8,30,40,1,0,1,0,0
1294082,2,2022,2022,0,0,0,75,10,63,165,0,1,2,-33.934833,151.209996,4,0,2,0,2,0,3,4,0,0,7,80,2,4552,5151,8,5,40,1,0,0,1,0
1294083,4,2022,2022,0,5,5,2261,17,44,2252,0,1,2,-33.894265,150.95844,24,0,2,1,2,0,3,0,2,0,7,70,2,1945,1945,5,16,40,1,0,1,0,0
1294084,1,2022,2022,7,5,7,194,31,445,18,0,1,7,-33.863888,151.048996,21,0,2,1,0,0,3,4,2,0,0,60,1,14295,14295,3,9,0,2,0,0,0,1
1294085,2,2022,2022,0,2,9,35,31,90,262,0,1,10,-32.919001,151.742867,48,0,2,1,2,0,0,0,0,2,7,70,2,5929,5929,1,5,13,2,0,0,1,0
1294088,4,2022,2022,6,4,7,9,1,147,34609,0,1,10,-33.870209,151.135447,14,0,2,1,1,0,0,0,2,0,15,50,0,6545,6545,4,5,36,2,0,2,0,0
1294090,2,2022,2022,6,1,4,7,31,59,34609,0,1,1,-34.330979,150.926032,80,0,2,1,0,0,0,0,2,0,7,50,0,591,591,1,22,12,2,0,0,1,0
1294092,2,2022,2022,6,1,10,23,31,37,23,1,0,9,-33.896698,151.256036,76,0,2,1,2,0,0,0,0,0,7,50,1,368,368,9,34,28,2,0,0,1,0
1294096,4,2022,2022,8,4,10,22,31,163,34609,0,1,1,-33.865534,151.099893,14,0,2,1,0,0,0,0,0,0,7,50,0,9859,9859,1,0,36,2,0,1,0,0
1294097,4,2022,2022,6,4,4,101,10,239,35,0,1,2,-34.032988,151.127071,68,0,2,1,0,0,0,0,2,0,7,60,2,9859,9859,1,10,13,3,0,1,0,0
1294102,1,2022,2022,6,5,6,163,27,63,165,0,1,9,-33.73541,150.799541,7,0,2,1,1,0,0,0,2,1,7,60,1,591,591,1,22,40,2,0,0,0,1
1294103,4,2022,2022,8,4,8,43,22,438,25,0,1,2,-33.847282,151.029601,21,0,2,1,1,0,3,4,3,0,7,50,1,941,941,1,30,5,2,0,1,0,0
1294106,2,2022,2022,7,5,6,1052,14,54,928,0,1,3,-33.458651,151.201977,16,1,2,0,1,0,3,4,2,0,7,110,2,14295,14295,3,10,5,2,0,0,2,0
1294113,2,2022,2022,8,0,11,1,31,1,34609,0,1,1,-34.728524,150.835212,35,2,1,0,2,0,0,0,0,0,7,50,0,2585,4009,1,0,12,2,0,0,1,0
1294117,2,2022,2022,6,0,11,110,27,23,173,0,1,2,-34.382389,150.859372,80,0,2,1,0,0,0,6,0,0,7,80,2,14295,14295,3,5,35,2,0,0,1,0
1294127,1,2022,2021,2,1,8,13,27,6,18,0,1,1,-32.029934,150.525362,73,1,0,0,0,0,0,0,2,0,7,100,1,1089,1089,7,16,40,1,0,0,0,1
1294128,2,2022,2022,6,0,7,33,23,15,34609,0,1,9,-33.995824,151.04456,68,0,2,0,0,0,0,0,2,0,7,50,0,2585,4009,8,5,40,1,0,0,1,0
1294134,1,2022,2022,6,1,8,2,27,62,212,0,1,9,-33.75432,151.26549,50,0,2,0,2,0,0,3,3,0,0,70,2,6545,6545,4,5,5,2,0,0,0,1
1294135,2,2022,2022,6,2,4,78,27,284,61,0,1,1,-33.902573,151.021323,15,0,2,1,1,0,0,0,2,0,7,60,1,1109,787,1,9,5,2,0,0,1,0
1294136,4,2022,2022,8,3,9,255,27,71,166,0,1,2,-33.262069,151.519527,16,2,2,1,2,0,0,0,3,0,7,50,2,4026,4026,8,0,40,1,0,1,0,0
1294137,1,2022,2022,8,0,10,1104,14,140,962,0,1,3,-33.791046,150.815139,7,0,2,1,2,0,0,0,0,0,7,110,2,9859,9859,8,5,40,1,0,0,0,2
1294138,2,2022,2022,6,3,4,2,27,247,34609,0,1,1,-33.828731,150.952963,21,0,2,1,0,0,0,0,2,0,7,50,0,1981,1981,4,5,5,3,0,0,1,0
1294139,2,2022,2022,0,0,5,1052,14,149,928,0,1,3,-33.361156,151.334929,16,1,2,0,0,0,3,4,2,0,7,110,2,1192,1192,1,8,13,2,0,0,1,0
1294141,4,2022,2022,0,0,6,1,27,36,34609,0,1,9,-33.799389,151.032888,54,0,2,1,1,0,3,4,2,0,8,50,0,1282,1282,1,5,27,2,0,1,0,0
1294143,4,2022,2022,6,6,4,100,27,109,799,0,1,10,-33.903325,151.14239,32,0,2,1,1,0,0,0,2,2,9,60,2,2040,2040,9,5,28,2,0,1,0,0
1294144,2,2022,2022,6,3,0,2126,17,363,2149,0,1,9,-33.824797,151.004521,54,0,2,1,2,0,0,0,0,2,6,60,2,926,926,4,10,5,2,0,0,1,0
1294147,2,2022,2022,6,1,6,47,31,166,34609,0,1,10,-33.409581,149.577191,3,2,1,1,0,0,0,0,2,0,0,60,0,5929,5929,1,16,13,2,0,0,1,0
1294148,4,2022,2022,8,0,6,8,31,198,34609,0,1,7,-33.916623,151.097573,15,0,2,1,0,0,0,0,2,0,0,50,0,1945,1945,5,22,40,1,0,1,0,0
1294149,4,2022,2022,8,5,6,2126,17,149,2149,0,1,10,-33.818035,150.981769,21,0,2,1,1,0,0,3,2,2,7,60,2,5929,5929,1,5,5,2,0,1,2,0
1294150,4,2022,2022,8,2,5,14,31,35,34609,1,0,7,-33.96482,151.240473,59,0,2,1,0,0,0,0,2,0,0,50,0,9859,9859,8,16,40,1,0,1,0,0
1294152,1,2022,2022,6,2,7,19,31,316,34609,0,1,7,-31.430756,152.917034,56,2,1,1,3,0,0,0,2,0,0,50,0,14295,14295,3,0,5,2,0,0,0,1
1294154,1,2022,2022,6,5,1,2,27,136,34609,1,0,7,-33.914195,151.074728,15,0,2,1,3,0,0,0,0,0,0,50,0,14295,14295,3,5,0,2,0,0,0,1
1294155,2,2022,2022,3,4,8,1,27,3,34609,0,1,1,-35.444559,144.294875,51,1,0,1,3,2,0,0,2,0,7,100,0,475,475,5,0,40,1,0,0,1,0
1294159,2,2022,2022,8,3,0,2209,17,166,2205,0,1,9,-33.893482,151.183525,69,0,2,1,2,0,0,0,0,2,7,40,2,5929,5929,1,5,19,2,0,0,1,0
1294161,2,2022,2022,8,5,8,46,27,148,43,1,0,9,-36.038879,146.926754,0,2,1,1,2,0,0,0,3,0,0,60,1,2852,2852,4,10,5,2,0,0,1,0
1294165,1,2022,2022,7,2,8,36,31,94,34609,0,1,1,-33.883086,150.929107,24,0,2,1,3,0,0,0,2,0,7,50,0,1981,1981,4,0,27,2,0,0,0,1
1294171,1,2022,2022,6,1,4,512,27,50,34609,0,1,9,-34.348642,150.910985,80,0,2,1,3,0,0,3,2,0,15,50,0,926,926,4,5,5,2,0,0,0,1
1294172,2,2022,2022,8,6,3,36,27,70,34609,0,1,1,-33.87107,150.884192,24,0,2,1,3,0,0,0,2,0,7,50,0,4026,4026,8,5,40,1,0,0,1,0
1294174,4,2022,2022,6,2,10,4,1,111,34609,0,1,1,-33.922546,151.25267,59,0,2,1,2,0,0,0,0,0,7,50,0,121,121,9,6,28,2,0,1,0,0
1294178,4,2022,2022,6,4,1,150,27,309,415,0,1,10,-33.80383,151.113255,61,0,2,0,2,0,0,0,0,2,7,70,2,6545,6545,4,21,12,2,0,1,0,0
1294180,4,2022,2022,6,0,10,512,17,562,441,0,1,9,-32.253509,148.603166,22,2,1,1,2,0,0,0,0,0,0,60,2,5929,5929,1,9,19,2,0,1,0,0
1294187,2,2022,2022,6,2,4,13,3,370,256,0,1,10,-34.066572,150.819508,13,0,2,1,1,0,0,0,2,2,7,60,2,5929,5929,1,10,5,2,0,0,1,0
1294189,4,2022,2022,3,2,5,1,27,24,34609,0,1,1,-28.837482,153.386673,39,2,1,0,0,0,3,4,2,0,7,50,0,418,714,5,16,40,1,0,1,0,0
1294193,4,2022,2022,6,6,3,32,27,134,34609,0,1,10,-33.965652,150.810089,12,0,2,1,0,0,0,0,2,0,15,70,0,6545,6545,4,10,13,2,0,1,1,0
1294195,2,2022,2022,8,5,4,37,31,198,41,0,1,10,-33.910596,151.103684,15,0,2,1,0,0,0,0,2,2,9,40,1,2040,2040,9,5,28,2,0,0,1,0
1294197,2,2022,2022,7,2,0,8,27,4,34609,0,1,1,-33.351859,149.480717,3,1,0,0,0,0,0,0,0,0,7,100,0,4552,5151,8,5,40,1,0,0,1,0
1294199,2,2022,2021,2,3,6,78,31,106,157,0,1,10,-28.85667,153.044901,60,2,1,1,1,0,3,4,2,0,0,50,2,2852,2852,4,33,5,2,0,0,1,0
1294203,4,2022,2022,6,6,8,3371,17,107,3342,0,1,1,-33.288324,151.424162,16,2,2,1,0,0,0,0,2,0,7,50,2,14295,14295,3,16,13,2,0,1,0,0
1294205,1,2022,2022,6,2,7,19,27,562,17,0,1,1,-32.096131,148.819973,22,1,0,1,0,0,0,0,2,0,7,100,1,945,945,5,5,40,1,0,0,0,1
1294208,4,2022,2022,6,6,9,348,27,21,15,0,1,9,-33.62449,150.702012,55,0,2,1,1,0,0,0,0,0,0,80,1,2852,2852,4,10,5,2,0,1,0,0
1294210,2,2022,2022,8,2,3,5,27,76,34609,0,1,1,-34.57691,150.395841,78,1,0,1,0,0,3,4,1,0,7,90,0,945,945,5,10,40,1,0,0,1,0
1294213,2,2022,2022,6,6,7,1,27,64,369,0,1,1,-34.03953,150.735022,12,0,2,1,3,0,0,0,2,0,7,60,2,5929,5929,1,5,19,2,0,0,1,0
1294214,2,2022,2022,6,3,5,11,27,9,34609,0,1,1,-31.924382,151.340036,73,1,0,0,3,2,0,0,2,0,7,100,0,380,714,5,0,40,1,0,0,1,0
1294218,2,2022,2022,7,4,8,283,27,129,702,0,1,2,-33.938892,151.075129,15,0,2,1,2,2,3,4,2,0,7,60,2,1383,1383,1,5,35,3,0,0,1,0
1294219,1,2022,2022,6,0,3,1104,14,149,962,0,1,3,-33.817259,150.976716,21,0,2,1,3,0,0,0,1,0,7,90,2,14295,14295,3,5,13,3,0,0,0,1
1294221,2,2022,2022,6,4,6,118,17,26,118,0,1,9,-31.489227,150.633639,51,1,0,1,3,0,0,0,2,0,7,100,2,1945,1945,5,5,40,1,0,0,1,0
1294222,1,2022,2022,8,6,9,485,27,323,769,0,1,9,-33.755666,150.989721,71,0,2,1,3,0,0,0,2,0,7,60,2,395,395,1,30,5,2,0,0,0,1
1294223,1,2022,2022,6,0,8,475,10,523,268,0,1,9,-33.917858,150.912793,41,0,2,0,3,0,0,0,0,0,9,70,2,1669,1669,3,5,5,2,0,0,0,1
1294225,2,2022,2022,6,6,10,97,31,363,92,0,1,10,-33.82415,150.994965,54,0,2,1,3,0,0,0,0,2,7,60,1,5929,5929,1,5,5,2,0,0,1,0
1294234,2,2022,2022,8,2,2,1104,14,143,962,0,1,3,-33.871381,151.111884,9,0,2,1,2,0,0,0,0,0,7,80,2,1192,1192,1,16,10,2,0,0,1,0
1294235,4,2022,2022,3,1,4,4,7,41,34609,0,1,10,-30.35262,153.090286,19,2,1,1,1,0,0,0,2,0,0,50,0,5929,5929,1,10,25,2,0,1,0,0
1294236,2,2022,2022,8,4,7,330,23,293,112,0,1,2,-33.941767,151.239149,59,0,2,1,1,0,0,0,2,0,7,50,2,1192,1192,1,5,5,4,0,0,1,0
1294240,4,2022,2022,0,5,8,3,27,70,34609,0,1,1,-34.584955,150.236635,78,2,1,0,0,0,0,3,3,0,7,80,0,4552,5151,8,5,40,1,0,1,0,0
1294242,4,2022,2022,0,4,3,31,27,85,41,0,1,10,-33.720043,151.142797,36,0,2,1,0,0,3,3,2,2,7,60,1,1850,985,5,16,40,1,0,1,0,0
1294243,2,2022,2022,8,0,5,33,27,16,41,0,1,9,-33.746274,150.741329,55,0,2,1,0,0,3,4,2,2,7,50,1,6545,6545,4,10,0,2,0,0,1,0
1294248,4,2022,2022,0,6,10,33,1,29,34609,0,1,7,-33.921066,150.888382,41,0,2,1,2,0,0,0,0,0,0,50,0,2040,2040,9,33,28,2,0,1,0,0
1294249,2,2022,2022,6,1,4,77,31,39,16,0,1,10,-33.779007,150.750906,55,0,2,1,1,0,0,0,2,2,7,80,2,6545,6545,4,5,5,3,0,0,1,0
1294251,4,2022,2022,0,2,8,6,27,21,34609,0,1,1,-33.037043,151.574218,37,0,2,1,1,0,0,0,3,0,7,80,0,1945,1945,5,22,40,1,0,1,0,0
1294253,2,2022,2022,6,1,6,3371,17,30,3342,0,1,2,-32.610103,152.093481,43,1,0,1,0,0,0,0,2,0,7,110,2,14295,14295,3,10,10,2,0,0,1,2
1294254,4,2022,2022,6,0,5,43,27,46,29,0,1,7,-32.91511,151.672553,48,0,2,1,1,0,0,0,2,0,0,60,1,6545,6545,4,5,19,2,0,1,0,0
1294256,2,2022,2022,6,6,6,7,27,175,34609,0,1,1,-33.769252,151.079687,54,0,2,1,0,0,0,0,2,0,7,50,0,1981,1981,4,5,5,2,0,0,1,0
1294257,2,2022,2022,6,2,7,157,17,123,158,0,1,1,-33.834695,148.680004,51,2,1,1,0,0,0,0,2,0,7,50,2,9859,9859,8,34,40,1,0,0,1,0
1294258,4,2022,2022,6,5,7,361,32,290,42,0,1,1,-33.853965,150.985067,21,0,2,1,0,0,0,0,2,0,9,40,1,591,591,1,22,5,2,0,1,0,0
1294260,2,2022,2022,8,0,11,22,31,157,34609,0,1,10,-33.798271,151.00482,54,0,2,1,2,0,3,4,0,0,15,50,0,6545,6545,4,5,19,2,0,0,2,0
1294263,2,2022,2022,6,2,7,37,31,123,34609,0,1,9,-33.880079,151.230614,81,0,2,0,0,0,0,0,2,0,0,40,0,775,775,4,5,27,2,0,0,1,0
1294265,2,2022,2022,6,4,6,13,27,22,4,0,1,1,-31.355373,150.58435,51,2,1,0,0,0,0,6,2,0,11,80,1,1850,1463,5,3,40,1,0,0,1,0
1294268,2,2022,2022,6,4,11,1052,14,118,928,0,1,3,-33.366999,151.320229,16,1,2,1,0,0,3,0,0,0,7,110,2,4026,4026,8,5,40,1,0,0,1,0
1294270,2,2022,2022,0,0,1,63,27,187,17,0,1,7,-33.888598,150.992359,15,0,2,1,0,0,3,0,0,0,7,60,1,9859,9859,8,5,40,2,0,0,1,0
1294272,2,2022,2022,8,6,5,3,31,83,34609,0,1,10,-34.449893,150.43361,78,2,1,1,1,0,0,0,2,0,15,50,0,6545,6545,4,5,5,2,0,0,2,0
1294273,4,2022,2022,8,2,4,110,27,113,48,0,1,2,-34.350545,150.867437,80,0,2,1,0,0,0,0,2,0,3,100,2,1109,787,1,0,12,2,0,1,2,1
1294278,2,2022,2022,6,3,4,21,31,179,66,0,1,9,-31.912969,152.455303,43,2,1,1,0,0,0,0,2,0,7,60,1,775,775,4,34,27,2,0,0,1,0
1294281,4,2022,2022,8,1,9,45,27,304,96,0,1,9,-33.906346,151.157965,32,0,2,1,2,0,3,4,0,0,0,60,2,1669,1669,3,5,19,3,0,1,0,0
1294285,1,2022,2022,6,5,6,485,27,42,769,0,1,9,-33.704212,150.9304,71,0,2,1,3,0,0,0,2,1,7,80,2,83,83,1,10,0,2,0,0,0,1
1294289,1,2022,2022,8,0,7,829,27,124,770,0,1,2,-33.811736,151.037399,54,0,2,1,3,0,0,0,2,0,7,70,2,623,623,3,5,0,2,0,0,0,1
1294295,2,2022,2022,6,0,6,43,27,316,38,0,1,7,-33.903489,151.238259,59,0,2,1,3,0,0,0,2,0,0,50,1,9859,9859,8,5,40,1,0,0,1,0
1294304,2,2022,2022,0,2,5,6,31,204,34609,0,1,7,-33.894672,150.948929,24,0,2,0,1,0,0,0,2,0,0,50,0,775,775,4,10,18,2,0,0,1,0
1294308,1,2022,2022,8,0,7,3371,17,104,3342,0,1,2,-32.853211,151.701786,48,0,2,1,3,0,0,0,2,0,7,80,2,14295,14295,3,5,13,3,0,0,0,1
1294314,4,2022,2022,8,3,8,3371,17,463,3342,0,1,9,-30.30561,153.101882,19,2,1,1,2,0,0,3,3,0,0,60,2,5929,5929,1,5,2,2,0,1,0,0
1294319,4,2022,2022,8,0,6,205,27,50,415,0,1,9,-33.682966,151.261497,50,0,2,1,1,0,3,4,2,2,7,70,2,5929,5929,1,5,13,2,0,1,0,0
1294320,1,2022,2022,8,1,6,1,27,14,34609,0,1,1,-34.020797,148.517445,51,1,0,0,0,0,0,0,2,0,7,100,0,782,957,5,16,40,1,0,0,0,1
1294321,4,2022,2022,0,3,6,829,31,314,240,0,1,10,-33.850716,150.935501,24,0,2,1,0,0,0,0,2,0,15,60,2,6545,6545,4,5,13,2,0,1,1,0
1294324,4,2022,2022,8,3,6,65,10,132,148,0,1,1,-34.133032,151.080072,68,0,2,0,0,0,0,0,2,0,7,80,2,4552,5151,8,16,40,1,0,1,0,0
1294325,1,2022,2022,6,0,6,5,27,9,34609,0,1,1,-28.836301,153.185983,39,1,0,0,0,0,0,0,2,0,7,100,0,273,957,5,10,40,1,0,0,0,2
1294330,2,2022,2022,0,1,7,3371,17,35,3342,0,1,2,-32.101261,152.375287,43,1,0,1,1,0,0,0,2,0,7,100,2,1945,1945,5,16,40,1,0,0,1,0
1294333,2,2022,2022,0,6,2,2,27,4,34609,0,1,1,-34.019586,146.903869,51,1,0,0,0,0,3,0,0,0,7,100,0,2585,4009,8,10,40,1,0,0,1,0
1294342,2,2022,2022,6,4,8,3371,17,65,3342,0,1,1,-33.383398,151.368689,16,2,2,1,3,2,0,0,0,0,7,60,2,14295,14295,3,5,41,2,0,0,1,0
1294347,1,2022,2022,6,6,3,866,17,187,793,0,1,2,-33.795939,150.98883,54,0,2,1,3,0,0,0,2,0,7,70,2,1391,1391,1,0,5,3,0,0,0,1
1294348,1,2022,2022,6,0,9,77,31,39,16,0,1,10,-33.770403,150.752988,55,0,2,1,3,0,0,0,0,2,7,60,2,14295,14295,3,5,25,2,0,0,0,1
1294349,1,2022,2022,6,3,4,191,27,309,34609,0,1,1,-33.810647,151.105462,61,0,2,1,3,0,0,0,2,0,7,50,0,248,248,1,0,0,2,0,0,0,1
1294352,2,2022,2022,6,5,7,478,17,50,480,0,1,1,-33.235133,151.558412,16,2,2,1,3,0,0,0,2,0,7,50,2,945,945,5,5,40,1,0,0,1,0
1294355,1,2022,2022,6,6,9,20,27,252,4,0,1,1,-33.949034,150.881713,41,0,2,1,3,0,0,0,0,0,7,60,1,14295,14295,3,0,0,3,0,0,0,1
1294356,2,2022,2022,0,2,11,171,31,182,34609,0,1,1,-32.839362,151.345287,17,2,1,1,2,0,0,0,0,0,7,50,0,2040,2040,9,33,28,2,0,0,1,0
1294358,1,2022,2021,9,4,7,346,17,35,332,0,1,9,-28.816595,153.265778,39,2,1,1,3,0,0,0,2,0,7,60,2,775,775,4,5,5,2,0,0,0,1
1294363,2,2022,2022,8,0,7,6,18,243,34609,0,1,2,-33.957311,150.905817,41,0,2,1,3,0,0,0,2,0,7,50,0,9859,9859,1,5,5,2,0,0,1,0
1294364,1,2022,2022,6,4,5,3,27,309,34609,0,1,7,-33.809307,151.120874,61,0,2,1,3,0,0,0,2,0,0,50,0,14295,14295,3,9,0,2,0,0,0,1
1294367,4,2022,2022,6,6,4,5,10,11,34609,0,1,1,-33.48581,151.431439,16,2,2,0,1,0,0,0,2,0,7,50,0,4552,5151,8,5,40,1,0,1,0,0
1294368,1,2022,2022,8,1,7,10,1,108,34609,0,1,10,-33.766865,151.27794,50,0,2,1,0,0,0,0,2,0,15,50,0,6545,6545,4,0,36,3,0,0,0,1
1294369,4,2022,2022,0,2,10,3,27,4,34609,0,1,1,-30.496597,152.894434,6,2,1,0,0,0,0,0,0,0,7,80,0,4552,5151,8,0,40,1,0,1,1,0
1294371,2,2022,2022,6,1,7,20,27,137,34609,0,1,9,-33.911402,151.208784,69,0,2,1,0,0,0,0,2,0,15,50,0,340,340,9,5,28,2,0,0,1,0
1294372,2,2022,2022,6,6,2,2126,17,23,2149,0,1,1,-33.450626,149.96399,40,1,0,0,0,0,1,5,0,0,7,100,2,1957,4009,8,29,40,1,0,0,1,0
1294373,4,2022,2022,6,6,6,123,36,16,90,0,1,1,-31.427703,151.611393,51,1,0,0,0,0,0,0,2,0,7,100,1,1850,1463,5,16,40,1,0,1,0,0
1294374,4,2022,2022,8,5,7,92,27,55,36,0,1,7,-35.71296,150.185781,23,2,1,1,1,0,0,0,2,0,0,60,1,6545,6545,4,30,0,2,0,2,1,0
1294375,2,2022,2022,6,2,5,515,14,243,518,0,1,6,-33.949518,150.887147,41,0,2,1,1,0,0,0,2,0,7,100,2,14295,14295,3,5,0,2,0,0,1,0
1294381,1,2022,2022,6,0,11,5,27,8,34609,0,1,1,-28.453413,153.532147,72,2,1,0,0,0,0,0,0,0,7,80,0,1957,4009,8,9,40,1,0,0,0,1
1294383,4,2022,2022,6,4,7,13,31,91,34609,0,1,1,-33.967315,151.087577,25,0,2,1,0,0,0,0,2,0,7,50,0,237,162,8,5,40,1,0,1,0,0
1294384,2,2022,2022,0,2,6,49,22,134,34609,0,1,0,-33.525316,151.31762,16,2,2,1,1,0,0,0,2,0,7,50,0,9859,9859,8,5,40,1,0,0,1,0
1294390,2,2022,2022,8,4,6,71,17,5,71,0,1,1,-35.080328,144.808925,51,1,0,1,0,0,0,0,2,0,7,110,2,1945,1945,5,10,40,1,0,0,1,0
1294392,4,2022,2022,0,2,2,2126,17,323,2149,0,1,10,-33.788732,150.854304,7,0,2,1,2,0,3,3,1,2,7,80,2,6545,6545,4,10,13,2,0,1,0,0
1294393,2,2022,2022,6,5,4,1,18,155,34609,0,1,1,-33.143413,148.065517,53,1,0,1,0,2,0,0,2,0,13,100,0,19,19,10,10,38,2,0,0,2,0
1294398,1,2022,2022,6,0,8,308,14,252,311,0,1,3,-33.943768,150.8784,41,0,2,1,3,0,0,0,2,0,7,100,2,14295,14295,3,33,5,2,0,0,0,1
1294400,1,2022,2022,6,0,8,110,31,204,34609,0,1,1,-33.894311,150.933771,24,0,2,1,3,0,0,3,3,0,7,40,0,1981,1981,4,0,5,2,0,0,0,1
1294401,1,2022,2022,6,2,10,10,18,273,34609,0,1,9,-34.424659,150.897608,80,0,2,1,3,0,0,0,0,0,2,50,0,2852,2852,4,0,19,2,0,0,0,1
1294404,1,2022,2022,6,1,5,5,31,49,34609,0,1,1,-33.933977,151.155627,4,0,2,1,1,0,0,0,2,0,7,50,0,368,368,9,5,28,2,0,0,0,1
1294407,2,2022,2022,6,5,3,149,27,52,198,0,1,1,-33.965972,150.97003,41,0,2,0,3,0,0,0,2,0,7,60,2,1957,4009,1,10,5,2,0,0,1,0
1294412,2,2022,2022,6,1,0,48,10,41,52,0,1,1,-30.351595,153.093046,19,2,1,0,2,0,0,0,0,0,7,50,1,1957,4009,1,5,13,4,0,0,2,0
1294413,2,2022,2022,8,1,8,10,1,100,34609,0,1,2,-33.885448,150.891463,24,0,2,0,0,0,3,3,2,0,7,50,0,1957,4009,1,5,34,2,0,0,1,0
1294414,1,2022,2022,6,0,7,2126,17,80,2149,0,1,10,-33.888096,151.164881,32,0,2,1,0,0,0,0,2,2,7,60,2,5929,5929,1,5,5,2,0,0,0,1
1294416,2,2022,2022,6,6,7,23,27,104,144,0,1,9,-33.798202,150.803604,55,0,2,1,1,0,0,0,2,2,7,70,2,14295,14295,3,5,13,2,0,0,1,0
1294420,1,2022,2022,7,4,7,829,31,162,15,0,1,9,-33.843956,150.888611,24,0,2,1,2,0,0,0,2,0,7,60,1,1669,1669,3,8,5,3,0,0,0,1
1294423,4,2022,2022,6,6,6,5,18,147,34609,0,1,1,-33.882662,151.00081,15,0,2,1,0,0,0,0,2,0,9,40,0,2040,2040,9,10,28,2,0,1,0,0
1294424,2,2022,2022,6,2,10,62,27,63,166,0,1,1,-33.244139,151.47162,16,2,2,1,2,0,3,4,0,0,7,70,2,3775,3775,0,5,0,2,0,0,1,1
1294427,4,2022,2022,0,2,9,36,31,56,70,0,1,9,-33.758315,150.780749,55,0,2,0,2,0,0,0,0,2,7,60,1,6545,6545,4,16,5,2,0,1,0,0
1294428,2,2022,2022,6,4,4,361,31,11,59,0,1,9,-33.86533,151.056458,21,0,2,1,1,0,0,0,2,2,7,60,1,14295,14295,3,9,5,2,0,0,1,0
1294429,4,2022,2022,6,2,5,2,27,3,34609,0,1,1,-30.834508,152.779252,47,2,1,1,0,2,0,0,2,0,7,50,0,404,404,8,16,40,1,0,1,0,0
1294431,4,2022,2022,6,5,11,283,27,197,702,0,1,9,-33.943083,151.077094,15,0,2,1,2,0,3,0,0,2,7,60,2,5929,5929,1,0,5,2,0,1,0,0
1294433,4,2022,2022,6,6,9,171,27,37,369,0,1,10,-33.864218,150.697872,55,0,2,1,2,0,0,0,0,2,7,80,2,5929,5929,1,10,5,2,0,1,0,1
1294434,4,2022,2022,6,4,3,18,31,40,34609,0,1,10,-34.221001,150.585419,79,2,2,1,2,0,0,0,1,0,15,60,0,775,775,4,0,0,2,0,2,1,0
1294440,4,2022,2022,8,0,6,40,10,6,174,0,1,1,-32.705678,151.336178,17,1,0,1,1,0,3,4,2,0,7,90,2,9859,9859,8,5,40,1,0,1,0,0
1294441,4,2022,2022,6,6,8,2126,17,12,2149,0,1,1,-33.690431,150.290591,8,2,2,1,0,0,0,0,3,0,7,70,2,3775,3775,0,0,35,2,0,1,1,0
1294450,1,2022,2022,0,0,4,49,31,532,34609,0,1,1,-33.865654,151.212338,69,0,2,0,1,0,0,0,2,0,7,40,0,238,238,9,5,28,2,0,0,0,1
1294451,1,2022,2022,6,0,8,7,27,1,34609,0,1,1,-30.586057,152.687306,47,1,0,0,3,2,0,0,4,0,7,100,0,3775,3775,0,10,5,2,0,0,0,1
1294457,2,2022,2022,8,0,3,234,27,54,217,0,1,9,-33.705924,151.011612,71,0,2,0,3,0,0,0,2,2,7,60,2,5929,5929,1,5,5,2,0,0,1,0
1294459,1,2022,2022,6,3,6,2126,17,40,2149,1,0,2,-33.692213,150.545838,8,2,2,1,3,0,0,0,2,0,7,60,2,14295,14295,3,30,5,3,0,0,0,1
1294460,2,2022,2022,6,6,7,18,31,42,34609,0,1,1,-33.821655,151.19336,77,0,2,1,3,0,0,0,2,0,9,50,0,2040,2040,9,5,28,2,0,0,1,0
1294465,1,2022,2022,0,5,3,110,27,113,48,0,1,2,-34.356386,150.857397,80,0,2,0,3,0,3,3,2,0,7,100,2,14295,14295,3,5,36,3,0,0,0,1
1294475,4,2022,2022,8,0,8,916,17,27,917,0,1,9,-32.663077,151.368778,17,2,1,0,2,0,3,3,0,0,0,80,2,2852,2852,4,10,5,2,0,1,1,0
1294479,2,2022,2022,6,6,8,106,27,46,106,0,1,2,-33.926316,150.864267,41,0,2,1,1,0,0,0,3,0,7,70,2,14295,14295,3,16,0,2,0,0,1,0