Crash ID,Degree of crash - detailed,Reporting year,Year of crash,Month of crash,Day of week of crash,Two-hour intervals,Street of crash,Street type,Town,Route no.,School zone location,School zone active,Type of location,Latitude,Longitude,LGA,Urbanisation,Conurbation 1,Alignment,Street lighting,Road surface,Surface condition,Weather,Natural lighting,Signals operation,Other traffic control,Speed limit,Road classification,RUM - code,DCA - code,First impact type,Key TU type,Other TU type,No. of traffic units involved,No. killed,No. seriously injured,No. moderately injured,No. minor-other injured
1294483,4,2022,2022,8,5,9,204,31,169,2,0,1,9,-33.602227,150.75833,29,2,2,1,2,0,0,0,3,0,0,50,1,926,926,4,9,0,2,0,1,0,0
1294484,2,2022,2022,8,3,8,74,27,609,18,0,1,9,-33.774512,150.88507,7,0,2,1,1,0,0,0,3,0,7,60,1,2852,2852,4,5,5,2,0,0,1,0
1294485,2,2022,2022,6,4,8,3371,17,463,3342,0,1,9,-30.305541,153.10173,19,2,1,1,1,0,0,0,3,0,6,60,2,926,926,4,5,19,2,0,0,1,0
1294491,4,2022,2022,6,2,4,55,1,167,34609,0,1,10,-33.849819,151.073914,54,0,2,1,2,0,0,0,2,2,7,60,0,5929,5929,1,5,0,2,0,1,0,0
1294493,2,2022,2022,6,4,8,17,10,39,34609,0,1,7,-32.734954,152.083799,57,2,1,1,2,0,0,0,3,0,0,50,0,14295,14295,3,5,0,2,0,0,1,0
1294501,2,2022,2022,6,3,10,59,27,271,42,0,1,9,-33.951958,151.017227,15,0,2,1,2,0,0,0,0,2,7,60,1,9859,9859,8,0,40,1,0,0,1,0
1294503,2,2022,2022,6,2,5,1,27,1,34609,0,1,1,-35.85309,148.785411,65,1,0,0,0,2,0,0,2,0,7,100,0,1089,1089,7,16,40,1,0,0,1,0
1294505,2,2022,2022,6,5,9,81,31,646,80,0,1,10,-33.916107,151.014038,15,0,2,1,2,0,0,0,0,2,7,60,1,6545,6545,4,0,5,3,0,0,1,0
1294506,4,2022,2022,4,3,5,5,31,61,34609,0,1,10,-29.741959,151.727142,51,2,1,1,1,0,0,0,2,0,0,50,0,6545,6545,4,0,0,2,0,1,1,0
1294510,4,2022,2022,6,4,8,334,17,41,308,0,1,9,-31.463574,152.766197,56,2,1,1,1,0,0,0,3,0,15,80,2,2852,2852,4,5,19,2,0,1,0,0
1294513,2,2022,2022,7,3,11,23,27,53,66,0,1,10,-31.868133,152.376194,43,2,1,1,2,0,0,0,0,0,0,50,1,6545,6545,4,0,5,2,0,0,2,0
1294514,2,2022,2022,8,1,3,92,27,129,29,0,1,9,-33.898433,151.099421,15,0,2,1,1,0,0,0,2,0,7,50,1,1220,1220,9,9,28,2,0,0,1,0
1294515,4,2022,2022,0,0,8,5,27,3,34609,1,0,9,-32.988638,151.583501,37,0,2,1,1,0,0,0,2,0,0,60,0,2852,2852,4,5,19,2,0,1,0,0
1294517,2,2022,2022,6,4,7,133,27,54,34609,0,1,10,-33.089079,151.63469,37,0,2,1,0,0,0,0,2,0,15,50,0,6545,6545,4,0,0,3,0,0,2,0
1294519,2,2022,2022,6,5,3,481,17,113,483,0,1,1,-29.11543,150.028492,51,1,0,1,0,0,0,0,2,0,7,110,2,4026,4026,8,5,40,1,0,0,2,0
1294521,2,2022,2022,8,5,7,1,31,61,34609,0,1,9,-35.915846,150.092228,23,2,1,1,1,0,3,4,2,0,0,70,0,6545,6545,4,10,0,2,0,0,1,0
1294528,2,2022,2022,6,6,3,191,17,562,189,0,1,1,-32.229985,148.6507,22,1,0,1,3,0,1,1,1,0,7,100,2,1109,787,1,0,5,2,0,0,1,0
1294530,4,2022,2022,0,2,9,80,31,176,34609,1,0,1,-33.948068,151.130125,4,0,2,1,2,0,0,0,0,0,7,50,0,4026,4026,1,0,36,4,0,1,0,0
1294533,1,2022,2022,6,2,9,98,31,176,159,0,1,1,-33.953936,151.140054,4,0,2,1,3,0,0,0,0,0,7,60,2,14295,14295,3,0,0,3,0,0,0,1
1294534,2,2022,2022,6,3,11,5,10,523,34609,0,1,1,-33.930627,150.924134,41,0,2,1,3,0,3,4,0,0,7,50,0,4026,4026,1,5,5,3,0,0,1,0
1294536,2,2022,2022,7,6,8,481,17,48,483,0,1,1,-33.923403,147.204728,51,2,1,0,3,0,0,0,2,0,7,50,2,4552,5151,1,21,12,2,0,0,1,0
1294537,4,2022,2022,6,6,9,866,17,171,793,0,1,10,-33.802838,150.971052,54,0,2,1,3,0,0,0,4,2,7,70,2,14295,14295,3,10,0,2,0,1,0,0
1294544,1,2022,2022,6,0,6,2209,17,157,2205,0,1,2,-34.008167,151.106813,68,0,2,1,3,0,0,0,2,0,7,70,2,14295,14295,3,0,5,2,0,0,0,1
1294546,4,2022,2022,6,4,5,330,27,147,605,0,1,2,-33.75132,151.288654,50,0,2,0,3,0,0,0,2,0,7,60,2,4552,5151,8,10,40,1,0,1,0,0
1294548,1,2022,2022,6,3,8,30,27,33,41,0,1,10,-33.984514,151.138672,4,0,2,1,3,0,0,0,0,0,0,60,1,6545,6545,4,5,0,3,0,0,0,1
1294553,4,2022,2022,8,0,9,14,27,115,34609,0,1,1,-33.750846,151.241125,50,0,2,1,2,0,0,0,0,0,7,50,0,2040,2040,9,5,28,2,0,1,0,0
1294555,4,2022,2022,8,4,8,26,27,71,38,0,1,9,-33.834282,150.968877,21,0,2,1,0,0,0,0,2,0,7,60,1,1220,1220,9,16,28,2,0,2,0,0
1294556,1,2022,2022,8,5,5,11,31,36,34609,0,1,10,-33.928145,151.247832,59,0,2,1,1,0,0,0,2,0,15,50,0,6545,6545,4,22,0,2,0,0,0,1
1294557,4,2022,2022,0,1,6,21,27,7,34609,0,1,1,-33.225699,151.287878,16,2,2,0,0,0,0,0,2,0,7,80,0,3775,3775,0,0,0,2,0,1,0,0
1294560,2,2022,2022,6,2,11,348,27,363,88,0,1,9,-33.746966,150.690029,55,0,2,0,2,0,0,0,0,2,7,60,2,380,714,5,0,40,1,0,0,1,0
1294561,1,2022,2022,6,2,5,500,27,129,799,0,1,9,-33.928421,151.076767,15,0,2,1,1,0,0,0,2,2,7,60,2,2040,2040,9,33,28,2,0,0,0,1
1294562,2,2022,2022,8,0,9,76,27,77,148,0,1,10,-32.938155,151.751173,48,0,2,1,2,0,3,0,0,2,7,60,1,1669,1669,3,5,0,2,0,0,1,0
1294565,2,2022,2022,8,0,10,128,27,61,133,0,1,1,-33.838921,150.649392,55,0,2,0,2,0,0,3,0,0,7,60,2,1957,4009,8,0,40,1,0,0,1,0
1294566,2,2022,2022,8,4,9,52,27,188,53,1,0,9,-33.941127,151.10118,4,0,2,1,2,0,3,4,3,2,7,50,1,186,186,9,33,28,2,0,0,1,0
1294567,2,2022,2022,8,6,9,515,14,294,518,0,1,3,-33.940682,150.931755,41,0,2,1,2,0,0,0,0,0,7,100,2,14295,14295,3,3,5,4,0,0,1,0
1294568,4,2022,2022,6,4,7,2126,17,78,2149,0,1,2,-33.696747,150.550657,8,2,2,1,1,0,0,0,2,0,7,60,2,190,190,1,5,10,2,0,2,0,0
1294571,4,2022,2022,8,4,3,7,27,54,34609,0,1,1,-28.528473,153.542606,10,2,1,1,0,0,0,0,2,0,7,50,0,3775,3775,0,10,13,2,0,1,0,0
1294573,4,2022,2022,0,0,7,1,1,304,140,0,1,9,-33.911151,151.157897,32,0,2,1,0,0,0,0,2,0,0,40,1,1220,1220,9,0,28,2,0,1,0,0
1294577,2,2022,2022,0,6,9,117,27,78,144,0,1,10,-33.85746,151.091959,14,0,2,1,2,0,0,0,0,0,0,60,2,6545,6545,4,5,5,2,0,0,1,1
1294578,4,2022,2022,0,4,8,80,27,316,50,1,0,9,-33.912501,151.237626,59,0,2,1,2,0,0,0,3,2,7,60,2,5929,5929,1,0,13,2,0,1,1,0
1294581,4,2022,2022,6,3,8,485,27,154,769,0,1,2,-33.711701,150.956542,71,0,2,0,1,0,3,0,2,0,7,60,2,4552,5151,8,5,40,2,0,1,1,0
1294584,2,2022,2022,0,0,10,112,17,5,112,0,1,1,-31.568821,146.984292,51,1,0,1,0,0,0,0,0,0,7,110,2,4026,4026,8,5,40,1,0,0,2,0
1294588,4,2022,2022,0,2,7,205,27,161,415,0,1,9,-33.729164,151.162387,36,0,2,1,1,0,3,0,2,3,7,60,2,14295,14295,3,9,36,4,0,1,0,1
1294589,2,2022,2022,0,3,6,1,27,5,34609,0,1,1,-28.988401,149.821879,51,1,0,1,0,2,3,0,2,0,7,100,0,475,475,5,5,40,1,0,0,2,0
1294591,2,2022,2022,6,2,11,2126,17,163,2149,1,0,9,-33.86858,151.102997,14,0,2,1,3,0,0,0,0,2,7,60,2,5929,5929,1,5,0,2,0,0,1,0
1294592,4,2022,2022,6,2,9,175,27,609,220,0,1,9,-33.768551,150.912276,7,0,2,1,2,0,0,0,0,0,7,60,2,14295,14295,3,16,5,3,0,1,0,0
1294594,2,2022,2022,8,2,6,330,23,123,233,0,1,10,-33.913102,151.224741,59,0,2,1,1,0,0,0,2,2,7,50,2,5929,5929,1,0,27,2,0,0,1,0
1294598,1,2022,2022,6,6,3,98,27,87,799,0,1,9,-33.929096,150.948153,41,0,2,1,1,0,0,0,2,2,9,70,2,2040,2040,9,0,28,3,0,0,0,2
1294600,4,2022,2022,0,3,11,3,27,61,3,0,1,1,-35.507772,144.989624,51,1,0,0,0,0,0,0,0,0,7,100,1,782,957,5,10,40,1,0,1,0,0
1294601,4,2022,2022,0,6,1,3,10,32,34609,0,1,1,-32.951659,151.705049,37,0,2,0,2,0,3,0,0,0,7,50,0,1850,1463,5,16,40,1,0,1,0,0
1294602,2,2022,2022,0,2,10,55,36,2,95,0,1,1,-33.113191,147.883344,53,1,0,0,0,0,3,3,0,0,7,100,2,380,714,5,10,40,1,0,0,1,0
1294603,1,2022,2022,0,0,11,2,31,68,34609,0,1,1,-34.846777,148.910465,82,2,1,1,2,0,0,0,0,0,7,50,0,2040,2040,9,0,28,2,0,0,0,1
1294604,4,2022,2022,7,3,0,2261,17,243,2252,0,1,2,-33.957552,150.888253,41,0,2,1,2,0,0,0,0,0,7,70,2,1945,1945,5,16,40,1,0,1,0,0
1294605,2,2022,2022,7,1,8,2261,17,16,2252,0,1,2,-34.651877,150.09055,78,1,0,0,0,0,3,4,2,0,7,110,2,14295,14295,3,30,13,2,0,0,1,2
1294606,2,2022,2022,0,0,2,19,27,35,105,0,1,1,-33.886552,150.904675,24,0,2,1,2,0,3,4,0,0,7,60,1,9859,9859,1,5,0,2,0,0,1,1
1294608,2,2022,2022,0,5,9,2,27,8,34609,0,1,1,-33.681609,149.040399,51,1,0,1,0,0,0,0,0,0,7,100,0,3775,3775,0,5,0,2,0,0,2,0
1294610,2,2022,2022,0,6,4,34,27,8,83,0,1,1,-29.618208,152.989059,18,1,0,1,1,0,0,0,2,0,7,90,1,4026,4026,8,5,40,1,0,0,1,0
1294611,2,2022,2022,8,1,10,9,10,11,26,0,1,9,-34.032547,150.811923,13,0,2,1,2,0,0,0,0,2,7,60,1,5929,5929,1,0,5,2,0,0,1,0
1294612,2,2022,2022,8,1,4,1052,14,118,928,0,1,3,-33.406284,151.298964,16,1,2,0,0,0,0,3,2,0,7,110,2,273,957,5,9,40,1,0,0,1,0
1294614,4,2022,2022,0,3,5,294,17,215,288,0,1,1,-35.115068,147.340934,75,2,1,1,0,0,3,3,2,0,7,80,2,3775,3775,0,34,2,2,0,1,1,0
1294615,2,2022,2022,0,4,11,7,31,202,34609,0,1,1,-33.937055,151.027985,15,0,2,1,2,0,3,4,0,0,7,50,0,9859,9859,8,5,40,1,0,0,1,0
1294618,2,2022,2022,0,4,6,137,14,24,70,0,1,3,-32.782649,151.462849,17,1,0,1,0,0,3,4,2,0,7,110,2,1383,1383,1,5,0,2,0,0,2,0
1294621,2,2022,2022,6,3,3,24,27,5,103,0,1,1,-28.713153,153.2335,39,2,1,1,0,0,3,2,2,0,7,80,1,9859,9859,8,0,40,1,0,0,1,0
1294622,2,2022,2022,0,1,7,7,27,290,34609,0,1,1,-33.948458,151.125226,4,0,2,1,1,0,0,0,2,0,7,50,0,9859,9859,1,0,5,2,0,0,1,1
1294624,2,2022,2022,0,0,11,204,31,169,99,0,1,9,-33.900239,151.210311,69,0,2,1,3,0,0,0,0,2,7,50,2,5929,5929,1,5,22,2,0,0,2,0
1294625,1,2022,2022,6,2,8,35,10,463,34609,0,1,2,-30.29954,153.118733,19,2,1,1,1,0,0,0,3,0,7,40,0,1282,1282,1,0,19,3,0,0,0,1
1294627,4,2022,2022,0,6,11,31,27,157,34609,0,1,10,-34.020573,151.095121,68,0,2,1,2,0,3,0,0,0,15,50,0,6545,6545,4,5,5,2,0,1,1,0
1294628,2,2022,2022,0,4,10,93,1,460,34609,0,1,1,-33.83704,150.989039,21,0,2,1,2,0,0,0,0,0,7,40,0,214,214,9,5,28,2,0,0,1,0
1294629,1,2022,2022,0,5,5,866,17,171,793,0,1,10,-33.807257,150.969318,21,0,2,1,2,0,0,0,2,2,7,70,2,14295,14295,3,8,0,3,0,0,0,1
1294630,2,2022,2022,0,6,9,73,31,123,34609,0,1,10,-33.817008,151.06324,54,0,2,1,2,0,3,4,0,0,0,50,0,6545,6545,4,0,36,2,0,0,1,0
1294631,4,2022,2022,8,6,7,6,27,9,34609,0,1,1,-32.913245,151.301819,17,2,1,1,0,0,0,0,2,0,7,80,0,3775,3775,0,10,12,2,0,2,0,0
1294632,4,2022,2022,0,3,7,107,22,145,34609,0,1,1,-33.92487,151.062446,15,0,2,1,1,0,0,0,2,0,7,50,0,4026,4026,8,5,40,1,0,1,0,0
1294635,2,2022,2022,6,4,5,123,36,3,49,0,1,1,-29.974622,151.117994,33,1,0,0,0,0,0,0,2,0,7,100,2,1850,1463,5,0,40,1,0,0,1,0
1294638,4,2022,2022,0,1,8,177,22,87,176,0,1,2,-34.051454,151.15326,68,0,2,1,1,0,0,0,2,2,9,60,2,2040,2040,9,5,28,2,0,1,0,0
1294639,2,2022,2022,8,3,9,21,27,23,26,0,1,7,-34.050972,150.806117,13,0,2,1,1,0,0,0,3,0,0,60,2,5929,5929,1,33,19,2,0,0,1,0
1294640,4,2022,2022,0,2,3,103,27,94,563,0,1,10,-33.839918,151.046209,54,0,2,0,3,0,0,3,2,1,7,70,2,3775,3775,0,5,5,2,0,1,0,0
1294641,1,2022,2022,5,1,9,2261,17,204,2252,0,1,2,-33.901544,150.944607,24,0,2,1,3,0,3,4,3,0,7,70,2,1945,1945,5,5,40,1,0,0,0,1
1294646,1,2022,2022,6,5,8,9,10,45,25,0,1,9,-33.815727,150.796987,55,0,2,1,3,0,0,0,0,3,0,80,2,623,623,3,0,5,2,0,0,0,1
1294647,1,2022,2022,6,2,6,60,10,121,84,0,1,2,-28.200804,153.543941,72,2,1,1,3,0,0,0,2,0,7,60,1,1282,1282,1,22,0,2,0,0,0,1
1294651,4,2022,2022,8,6,5,2,27,53,34609,0,1,9,-30.655128,152.988608,47,2,1,1,0,0,0,0,2,0,0,60,0,775,775,4,5,27,2,0,1,0,0
1294652,1,2022,2022,6,2,4,829,27,123,770,0,1,2,-33.813991,151.053232,54,0,2,1,3,0,0,0,2,0,7,70,2,14295,14295,3,5,5,2,0,0,0,1
1294653,4,2022,2022,8,5,7,22,27,2,34609,0,1,1,-32.614759,149.755049,44,1,0,0,0,0,3,4,2,0,7,100,0,418,714,5,16,40,1,0,1,0,0
1294656,2,2022,2022,8,0,7,57,36,17,769,0,1,1,-33.608046,150.789056,29,2,2,1,1,0,0,0,2,0,7,70,2,14295,14295,3,0,12,4,0,0,1,0
1294658,1,2022,2022,6,4,4,35,31,273,34609,1,2,9,-34.422991,150.903328,80,0,2,1,3,0,0,0,2,0,7,40,0,5929,5929,1,5,19,2,0,0,0,1
1294660,2,2022,2022,5,0,3,500,27,83,799,0,1,9,-33.914447,151.113636,15,0,2,1,3,0,3,4,0,2,15,60,2,14295,14295,3,10,5,2,0,0,1,0
1294661,1,2022,2022,7,3,8,89,27,182,228,0,1,7,-32.833532,151.352492,17,2,1,1,3,0,0,0,3,0,0,60,1,5929,5929,1,5,5,2,0,0,0,1
1294662,4,2022,2022,8,0,7,78,27,10,228,0,1,1,-33.051573,151.133368,17,2,1,0,1,0,0,0,2,0,7,80,1,2585,4009,8,16,40,1,0,1,0,0
1294666,4,2022,2022,6,3,3,3371,17,207,3342,0,1,1,-33.5883,151.171772,31,0,2,0,1,0,0,0,2,0,7,80,2,1957,4009,8,5,40,1,0,1,0,0
1294669,4,2022,2022,6,2,10,1,1,13,34609,0,1,1,-33.768206,151.2849,50,0,2,0,2,0,0,0,0,0,7,50,0,2585,4009,8,34,40,1,0,1,0,0
1294674,4,2022,2022,0,6,5,916,17,25,917,0,1,1,-30.925045,151.129941,70,1,0,0,0,0,0,0,2,0,7,100,2,4552,5151,8,5,40,1,0,1,0,0
1294676,2,2022,2022,5,1,6,109,36,28,108,0,1,1,-28.334578,153.40071,72,2,1,0,1,0,0,3,2,0,7,50,2,3775,3775,0,16,5,2,0,0,1,0
1294679,1,2022,2022,8,1,3,515,14,294,518,0,1,3,-33.939517,150.923851,41,0,2,1,2,0,0,0,1,0,7,100,2,14295,14295,3,8,0,4,0,0,0,1
1294680,4,2022,2022,6,6,4,293,10,10,172,0,1,1,-33.007575,151.643024,37,0,2,1,1,0,2,6,2,0,7,60,2,1282,1282,1,22,5,2,0,1,0,0
1294681,4,2022,2022,5,3,5,10,36,65,34609,0,1,9,-30.356974,153.060081,19,2,1,1,0,0,0,0,2,0,0,60,0,5929,5929,1,5,19,2,0,1,0,0
1294682,2,2022,2022,0,4,9,178,18,57,34609,0,1,10,-33.898583,151.171985,32,0,2,1,2,0,0,6,0,0,7,50,0,1220,1220,9,0,28,2,0,0,1,0
1294686,1,2022,2022,5,2,5,2126,17,166,2149,0,1,10,-33.415186,149.572997,3,2,1,1,1,0,3,4,2,2,7,60,2,6545,6545,4,5,0,2,0,0,0,1
1294688,2,2022,2022,6,1,8,6,27,16,4,0,1,1,-30.325194,150.69495,70,1,0,0,0,0,0,0,3,0,7,100,1,418,714,5,3,40,1,0,0,1,0
1294690,2,2022,2022,6,4,1,62,10,122,62,0,1,1,-33.432518,151.343759,16,2,2,1,2,0,0,0,0,0,7,50,2,4026,4026,8,5,40,1,0,0,1,0
1294692,4,2022,2022,6,6,7,25,27,67,34609,0,1,1,-33.638859,150.903884,71,0,2,1,1,0,0,0,2,0,7,70,0,1220,1220,9,5,28,2,0,1,0,0
1294694,4,2022,2022,6,4,11,8,1,37,80,0,1,1,-33.021909,151.680313,37,0,2,1,2,0,0,0,0,0,7,60,1,3775,3775,0,0,36,2,0,1,2,0
1294695,2,2022,2022,5,2,7,89,36,4,34,0,1,9,-33.378141,147.662197,51,1,0,0,0,0,3,4,2,0,7,100,1,4552,5151,8,0,40,1,0,0,1,0
1294696,1,2022,2022,6,4,5,72,27,82,102,1,0,10,-33.794664,151.257939,50,0,2,1,1,0,0,0,2,2,7,60,2,5929,5929,1,10,25,2,0,0,0,1
1294697,2,2022,2022,6,4,1,5,27,84,34609,0,1,9,-33.777038,151.102003,61,0,2,1,2,0,0,0,0,0,7,50,0,4026,4026,8,0,40,1,0,0,1,0
1294698,2,2022,2022,6,5,3,103,27,370,256,0,1,10,-34.074839,150.808298,13,0,2,0,2,0,0,0,1,2,7,60,2,14295,14295,3,0,13,3,0,0,1,0
1294700,4,2022,2022,8,3,0,20,27,25,20,0,1,1,-35.032944,150.62961,63,1,0,0,0,0,0,0,0,0,7,90,1,380,714,5,0,40,1,0,1,0,0
1294706,4,2022,2022,6,2,7,3,27,127,34609,0,1,1,-33.838104,150.867772,24,0,2,1,1,0,0,0,2,0,7,50,0,1089,1089,7,16,40,1,0,1,0,0
1294720,4,2022,2022,8,5,11,478,17,26,480,0,1,9,-33.276565,151.557991,16,2,2,1,2,0,0,0,0,0,15,60,2,5929,5929,1,5,19,2,0,1,0,0
1294722,4,2022,2022,6,2,5,8,1,40,79,0,1,9,-33.813748,151.210994,77,0,2,0,0,0,0,3,2,0,0,50,2,2852,2852,4,30,5,2,0,1,0,1
1294723,4,2022,2022,6,1,3,6,31,92,34609,0,1,1,-33.873982,150.970322,24,0,2,0,2,0,0,0,1,0,7,50,0,2585,4009,1,10,12,2,0,1,0,0
1294725,2,2022,2022,6,6,3,3371,17,463,3342,0,1,10,-30.297168,153.113087,19,2,1,1,1,0,0,3,2,2,7,60,2,6545,6545,4,5,13,2,0,0,1,0
1294726,1,2022,2022,6,5,9,78,17,23,58,0,1,9,-35.01007,149.020527,82,1,0,1,0,0,0,0,0,0,15,100,2,6545,6545,4,10,13,2,0,0,0,1
1294727,2,2022,2022,8,0,8,34,27,225,69,0,1,1,-33.796178,151.171506,77,0,2,0,2,0,0,0,0,0,7,50,2,2040,2040,9,30,28,2,0,0,1,0
1294728,1,2022,2022,8,4,11,475,10,42,268,0,1,9,-33.91256,150.904842,41,0,2,1,2,0,0,0,0,2,7,70,2,14295,14295,3,10,5,3,0,0,0,1
1294729,4,2022,2022,8,2,0,27,17,23,34609,0,1,1,-33.321297,151.401382,16,2,2,1,0,0,0,0,0,0,7,60,0,1945,1945,5,5,40,1,0,1,0,0
1294730,2,2022,2022,8,5,8,14,36,15,34609,0,1,1,-28.29903,153.571566,72,2,1,0,2,0,0,0,0,0,7,50,0,4552,5151,1,5,5,2,0,0,1,0
1294731,4,2022,2022,6,4,10,512,17,17,441,0,1,2,-33.424079,149.403768,3,2,1,0,0,0,0,0,0,0,7,80,2,2585,4009,8,10,40,1,0,1,0,0
1294732,1,2022,2022,6,4,5,16,31,176,34609,0,1,1,-33.960369,151.13114,4,0,2,1,3,0,0,0,2,0,7,50,0,1981,1981,4,5,0,2,0,0,0,1
1294733,2,2022,2022,8,0,7,2261,17,14,2252,0,1,3,-34.433661,150.431085,78,1,0,0,0,0,0,0,2,0,7,110,2,1259,5151,8,5,40,1,0,0,1,0
1294735,1,2022,2022,5,5,3,91,27,161,187,0,1,10,-33.874916,151.160799,32,0,2,1,3,0,3,4,2,2,7,70,2,14295,14295,3,9,0,2,0,0,0,1
1294737,1,2022,2022,6,6,3,3371,17,108,3342,0,1,9,-33.810799,151.176568,77,0,2,1,1,0,0,0,1,2,7,60,2,775,775,4,5,40,3,0,0,0,1
1294738,4,2022,2022,6,4,3,3371,17,147,3342,0,1,2,-33.749032,151.145794,36,0,2,0,2,0,0,0,0,0,7,60,2,1259,5151,8,16,40,1,0,1,0,0
1294741,1,2022,2022,6,0,4,2126,17,323,2149,0,1,10,-33.788972,150.854534,7,0,2,1,3,0,0,0,2,2,7,80,2,14295,14295,3,9,19,2,0,0,0,1
1294743,2,2022,2022,5,6,3,32,27,72,563,0,1,1,-34.009076,151.011444,68,0,2,0,3,0,3,3,1,0,7,80,2,404,404,8,0,40,2,0,0,1,0
1294748,1,2022,2022,5,3,9,13,27,173,11,0,1,10,-33.778448,151.125644,61,0,2,1,3,0,3,4,0,2,7,50,1,5929,5929,1,0,13,2,0,0,0,1
1294749,2,2022,2022,8,5,7,168,10,387,260,0,1,2,-33.946053,151.178825,4,0,2,1,3,0,0,0,2,0,7,70,2,14295,14295,3,5,5,3,0,0,1,0
1294754,1,2022,2022,7,0,8,481,17,155,483,0,1,1,-33.182819,148.134672,53,1,0,1,3,0,0,0,2,0,7,110,2,4026,4026,8,5,40,1,0,0,0,1
1294758,1,2022,2022,6,0,8,2261,17,243,2252,0,1,2,-33.948402,150.906785,41,0,2,1,3,0,0,0,0,0,7,70,2,14295,14295,3,0,41,2,0,0,0,1
1294761,2,2022,2022,5,3,10,39,27,2,29,0,1,1,-32.449244,149.686301,44,1,0,1,3,0,3,4,0,0,7,100,1,9859,9859,8,0,40,1,0,0,1,0
1294762,1,2022,2022,6,0,7,27,27,27,49,1,2,9,-33.760913,151.280374,50,0,2,1,3,0,0,0,2,0,15,40,1,2852,2852,4,0,5,2,0,0,0,1
1294763,4,2022,2022,5,6,9,133,17,12,121,0,1,9,-36.085231,149.149083,65,1,0,0,3,0,0,0,0,0,7,100,2,3775,3775,0,0,5,2,0,1,0,0
1294766,2,2022,2022,6,6,8,109,27,460,106,0,1,10,-33.832344,150.969553,21,0,2,1,0,0,0,0,0,3,7,60,1,1192,1192,1,5,22,3,0,0,1,0
1294767,1,2022,2022,6,5,5,34,31,169,99,0,1,9,-33.900647,151.213224,69,0,2,1,3,0,0,0,2,2,7,50,2,14295,14295,3,5,5,2,0,0,0,2
1294770,4,2022,2022,5,4,4,6,27,56,34609,0,1,1,-31.455434,152.722685,56,2,1,0,1,0,3,4,2,0,7,50,0,2585,4009,8,10,40,1,0,1,0,0
1294771,2,2022,2022,6,3,6,18,27,4,34609,0,1,1,-32.44971,152.138558,43,1,0,0,0,2,0,0,2,0,7,100,0,1850,1463,5,16,40,1,0,0,1,0
1294773,2,2022,2022,6,6,8,232,36,60,331,0,1,10,-34.02016,150.760949,12,0,2,1,3,0,0,0,0,2,7,80,2,5929,5929,1,5,36,2,0,0,1,0
1294775,1,2022,2022,6,4,9,3371,17,463,3342,0,1,7,-30.320717,153.086288,19,2,1,1,3,0,0,0,0,0,0,60,2,14295,14295,3,10,5,2,0,0,0,1
1294779,4,2022,2022,5,5,2,346,17,87,332,0,1,2,-28.814247,153.279816,39,2,1,1,2,0,3,4,0,0,7,60,2,623,623,3,0,13,2,0,1,0,0
1294784,2,2022,2022,5,2,7,105,17,162,34609,0,1,2,-33.833545,150.912814,24,0,2,0,3,0,3,4,2,0,7,60,0,3775,3775,0,5,12,2,0,0,1,0
1294788,2,2022,2022,5,3,5,3371,17,77,3342,0,1,9,-33.0424,151.657128,37,0,2,1,3,0,3,4,2,0,7,60,2,14295,14295,3,10,5,3,0,0,1,1
1294789,4,2022,2022,6,5,10,81,17,41,331,0,1,9,-34.076073,150.694987,12,0,2,1,2,0,0,0,0,2,7,80,1,5929,5929,1,5,5,2,0,1,0,0
1294792,1,2022,2022,5,3,1,9,36,58,32,0,1,1,-34.397476,150.900862,80,0,2,1,2,2,3,4,0,0,14,60,1,404,404,8,5,40,1,0,0,0,3
1294793,1,2022,2022,5,5,2,109,27,323,382,0,1,9,-33.782815,150.851875,7,0,2,1,2,0,3,4,1,0,0,60,2,256,256,4,0,5,2,0,0,0,1
1294798,4,2022,2022,5,0,6,56,27,443,44,0,1,1,-33.905812,151.05743,15,0,2,1,1,0,3,4,2,0,9,40,1,368,368,9,8,28,3,0,1,1,0
1294803,4,2022,2022,8,0,4,36,31,218,70,0,1,9,-33.764649,150.780492,55,0,2,1,1,0,0,0,2,2,7,60,1,5929,5929,1,5,36,4,0,1,0,0
1294807,2,2022,2022,8,1,8,12,31,87,34609,0,1,9,-28.809024,153.288033,39,2,1,1,1,0,0,0,2,0,7,50,0,1259,985,8,16,40,1,0,0,1,0
1294811,2,2022,2022,6,2,6,108,31,273,34609,0,1,0,-34.4258,150.889964,80,0,2,0,1,0,0,0,2,0,7,50,0,1850,1463,5,16,40,1,0,0,1,0
1294813,1,2022,2022,6,2,5,27,27,119,96,0,1,9,-33.870744,151.161342,32,0,2,1,0,0,0,0,2,0,7,50,2,1945,1945,5,22,40,1,0,0,0,1
1294814,1,2022,2022,6,5,8,5,10,24,34609,0,1,9,-32.794899,151.444021,17,2,1,1,3,0,0,0,3,0,0,80,0,14295,14295,3,5,0,2,0,0,0,1
1294819,4,2022,2022,6,6,9,500,27,41,799,0,1,1,-33.906519,151.126918,32,0,2,1,2,0,0,6,0,0,7,60,2,121,121,9,33,28,2,0,1,0,0
1294820,2,2022,2022,7,0,0,3371,17,108,3342,0,1,10,-33.805431,151.179394,77,0,2,1,2,0,0,0,0,2,7,60,2,6545,6545,4,5,5,2,0,0,1,1
1294822,2,2022,2022,6,2,9,1104,27,78,34609,0,1,1,-33.886924,150.779878,41,0,2,1,2,0,0,0,0,0,7,80,0,323,323,1,10,13,2,0,0,1,0