Crash ID,Degree of crash - detailed,Reporting year,Year of crash,Month of crash,Day of week of crash,Two-hour intervals,Street of crash,Street type,Town,Route no.,School zone location,School zone active,Type of location,Latitude,Longitude,LGA,Urbanisation,Conurbation 1,Alignment,Street lighting,Road surface,Surface condition,Weather,Natural lighting,Signals operation,Other traffic control,Speed limit,Road classification,RUM - code,DCA - code,First impact type,Key TU type,Other TU type,No. of traffic units involved,No. killed,No. seriously injured,No. moderately injured,No. minor-other injured
1294825,1,2022,2022,6,6,7,6,10,27,34609,0,1,1,-34.055668,150.746681,12,0,2,0,1,0,0,0,2,0,7,50,0,4552,5151,1,5,5,3,0,0,0,2
1294828,2,2022,2022,8,5,9,67,27,225,68,0,1,1,-33.806733,151.173904,38,0,2,1,3,0,0,0,0,0,7,50,1,14295,14295,3,5,5,2,0,0,1,0
1294829,4,2022,2022,8,6,4,1,1,17,34609,1,2,1,-33.746025,150.817703,7,0,2,1,1,2,0,0,2,0,7,40,0,238,238,9,0,28,2,0,1,0,0
1294830,4,2022,2022,6,4,8,6,27,89,34609,0,1,1,-33.387766,151.476052,16,2,2,1,2,0,0,0,0,0,7,50,0,340,340,9,10,28,2,0,1,0,0
1294831,2,2022,2022,6,1,6,2209,17,166,2205,0,1,9,-33.905174,151.180701,69,0,2,1,1,0,0,0,2,0,0,40,2,2852,2852,4,5,18,2,0,0,1,0
1294835,2,2022,2022,5,0,9,346,17,48,332,0,1,1,-29.056254,152.06302,51,1,0,0,0,0,3,4,0,0,7,100,2,2585,4009,8,5,40,1,0,0,1,0
1294840,2,2022,2022,8,6,5,157,17,36,158,0,1,1,-33.527336,149.2563,51,2,1,1,1,0,0,0,2,0,11,50,2,9859,9859,8,0,40,1,0,0,1,0
1294841,2,2022,2022,6,6,6,193,31,532,34,0,1,10,-33.87324,151.209179,69,0,2,1,1,0,0,0,2,2,9,40,1,5929,5929,1,0,19,2,0,0,1,0
1294842,2,2022,2022,6,3,6,196,10,70,168,0,1,9,-33.914147,150.975515,15,0,2,1,0,0,0,0,2,3,7,60,2,404,404,8,16,40,1,0,0,1,0
1294843,1,2022,2022,5,0,6,20,22,121,49,0,1,9,-33.788681,151.287222,50,0,2,1,0,0,3,4,2,0,9,30,1,1220,1220,9,5,28,2,0,0,0,1
1294844,4,2022,2022,7,1,7,829,1,225,34609,0,1,1,-33.79571,151.185032,77,0,2,1,0,0,0,0,2,0,7,40,0,340,340,9,10,28,2,0,1,0,0
1294845,1,2022,2022,6,5,6,293,27,91,34609,0,1,1,-32.964844,151.653558,37,0,2,1,3,0,3,4,2,0,7,50,0,14295,14295,3,10,0,2,0,0,0,1
1294848,4,2022,2022,6,0,9,1,31,44,34609,0,1,1,-30.712651,152.910137,47,2,1,1,0,0,0,0,0,0,7,50,0,945,945,5,5,40,1,0,1,1,0
1294849,4,2022,2022,6,6,5,3371,17,107,3342,0,1,1,-33.28078,151.426606,16,2,2,1,0,0,0,0,2,0,7,50,2,368,368,9,10,28,2,0,1,0,0
1294852,2,2022,2022,0,2,8,10,31,149,34609,0,1,1,-33.821178,150.981139,21,0,2,1,0,0,0,0,2,0,7,50,0,9859,9859,1,5,5,2,0,0,1,0
1294854,1,2022,2022,0,6,8,2126,17,104,2149,0,1,1,-33.835263,151.022265,54,0,2,1,1,0,3,4,2,0,7,60,2,14295,14295,3,30,40,3,0,0,0,1
1294856,2,2022,2022,6,4,6,19,27,118,19,0,1,6,-33.364239,151.30459,16,2,2,0,1,0,0,0,2,0,7,80,1,2585,4009,8,8,40,1,0,0,1,0
1294857,4,2022,2022,6,6,7,344,27,168,382,0,1,10,-33.717663,150.844214,7,0,2,0,2,0,0,0,2,2,7,80,2,14295,14295,3,16,0,2,0,1,0,0
1294859,4,2022,2022,0,5,7,2,27,171,34609,0,1,9,-33.810669,150.960516,21,0,2,1,1,0,0,0,2,0,7,50,0,5929,5929,1,8,5,2,0,1,0,0
1294860,1,2022,2022,6,4,8,32,27,14,26,0,1,1,-33.644798,151.284158,50,0,2,0,0,0,0,0,2,0,7,50,1,2040,2040,9,10,28,2,0,0,0,1
1294861,1,2022,2022,0,0,1,5,27,2,34609,0,1,1,-34.992887,150.702552,63,2,1,1,0,0,3,3,0,0,7,80,0,1089,1089,7,16,40,1,0,0,0,1
1294865,2,2022,2022,6,0,6,2,31,204,34609,0,1,9,-33.934346,151.146423,4,0,2,1,0,0,0,0,2,0,7,50,0,14295,14295,3,9,0,4,0,0,2,0
1294869,2,2022,2022,6,4,6,12,1,92,34609,0,1,7,-33.977717,150.812417,13,0,2,1,3,0,0,0,2,0,0,50,0,14295,14295,3,5,5,2,0,0,1,0
1294872,2,2022,2022,6,4,7,76,24,164,154,0,1,9,-33.727099,150.896642,7,0,2,1,3,0,0,0,2,2,7,70,1,2852,2852,4,5,0,2,0,0,1,1
1294873,2,2022,2022,8,3,4,1,27,10,34609,0,1,9,-31.101511,152.74645,34,2,1,0,0,0,0,0,2,0,7,80,0,782,957,5,16,40,1,0,0,1,0
1294876,4,2022,2022,0,1,4,330,23,293,112,1,0,10,-33.936958,151.238474,59,0,2,1,0,0,0,0,2,0,15,50,2,6545,6545,4,0,27,2,0,1,0,0
1294877,4,2022,2022,0,0,3,1,27,27,34609,0,1,1,-32.450472,148.297764,51,1,0,0,0,2,0,0,1,0,7,100,0,4552,5151,8,10,40,1,0,3,0,0
1294878,2,2022,2022,0,4,6,31,23,139,187,0,1,9,-33.873428,151.137146,32,0,2,1,1,0,0,0,2,2,7,60,2,2852,2852,4,9,12,2,0,0,1,0
1294879,2,2022,2022,0,4,10,154,27,293,244,0,1,1,-33.924483,151.05639,15,0,2,1,2,0,0,0,0,0,7,60,2,2040,2040,9,21,28,2,0,0,1,0
1294883,2,2022,2022,6,6,3,3,31,93,78,0,1,10,-33.424772,149.615028,3,2,1,1,0,0,0,0,2,0,0,60,2,6545,6545,4,5,35,2,0,0,1,0
1294885,4,2022,2022,6,3,6,3371,17,207,3342,0,1,1,-33.565214,151.190682,31,0,2,0,0,0,0,0,2,0,7,80,2,4552,5151,8,16,40,1,0,1,0,0
1294888,4,2022,2022,8,2,5,115,27,96,173,0,1,2,-34.230697,150.669302,79,2,2,0,1,0,0,0,2,0,7,80,2,1850,1463,5,29,40,1,0,1,0,0
1294890,1,2022,2022,8,5,7,98,27,294,198,0,1,2,-33.92771,150.930051,41,0,2,1,1,0,0,0,2,0,7,60,2,14295,14295,3,16,5,3,0,0,0,2
1294893,2,2022,2022,6,1,7,387,27,115,331,0,1,9,-33.959974,151.071333,25,0,2,1,1,0,0,0,2,0,7,60,2,2040,2040,9,0,28,2,0,0,1,0
1294894,4,2022,2022,8,2,10,2261,17,443,2252,0,1,9,-33.890427,151.058869,15,0,2,1,2,0,3,4,0,2,7,70,2,5929,5929,1,5,5,2,0,2,0,0
1294898,2,2022,2022,0,2,5,829,27,165,770,0,1,2,-33.853444,151.156858,14,0,2,1,1,0,0,0,2,0,7,60,2,9859,9859,1,5,5,2,0,0,1,0
1294899,4,2022,2022,6,3,9,4,27,24,34609,0,1,1,-34.934612,150.57229,63,2,1,0,0,0,3,4,0,0,7,60,0,1850,1463,5,16,40,1,0,1,0,0
1294901,2,2022,2022,8,5,8,204,31,73,34609,0,1,1,-33.873724,151.218251,69,0,2,1,1,0,0,0,2,0,7,40,0,945,945,5,5,40,1,0,0,1,0
1294903,1,2022,2022,6,0,4,147,27,224,605,0,1,9,-33.824413,151.237486,45,0,2,1,0,0,0,0,2,0,0,60,2,2040,2040,9,0,28,2,0,0,0,1
1294905,4,2022,2022,4,3,7,175,27,55,220,0,1,2,-33.746814,150.916433,7,0,2,1,1,0,0,0,2,0,7,70,2,1192,1192,1,33,27,2,0,1,0,0
1294908,4,2022,2022,6,5,6,6,1,123,34609,0,1,1,-33.916834,151.221638,59,0,2,1,1,0,0,0,2,0,7,50,0,1109,397,1,0,19,2,0,1,0,0
1294911,2,2022,2022,6,4,8,35,27,207,34609,0,1,1,-31.821576,141.436051,51,1,0,1,0,2,0,0,2,0,7,100,0,9859,9859,8,0,40,1,0,0,1,0
1294913,2,2022,2022,6,1,5,330,27,65,605,0,1,9,-33.699142,151.300328,50,0,2,1,1,0,0,0,2,0,7,70,2,2852,2852,4,0,5,2,0,0,1,1
1294915,1,2022,2022,6,5,8,85,27,85,6,0,1,1,-33.739757,151.11981,36,0,2,1,0,0,0,0,2,0,7,50,1,14295,14295,3,5,0,2,0,0,0,1
1294916,2,2022,2022,5,3,7,15,31,18,34609,0,1,1,-28.689558,153.608001,10,2,1,1,0,0,0,0,2,0,7,50,0,2040,2040,9,0,28,2,0,0,1,0
1294918,1,2022,2021,2,6,11,89,36,10,19,0,1,1,-28.435731,152.58028,51,1,0,0,0,0,3,4,0,0,7,100,1,4552,5151,8,16,40,1,0,0,0,1
1294920,2,2022,2022,8,1,3,107,22,210,17,0,1,10,-34.028148,151.093546,68,0,2,1,1,0,0,0,2,2,9,60,1,2040,2040,9,0,28,2,0,0,1,0
1294922,2,2022,2022,6,1,7,19,31,27,34609,0,1,1,-33.705331,150.32909,8,2,2,1,1,0,0,0,2,0,7,50,0,340,340,9,30,28,2,0,0,1,0
1294924,4,2022,2022,6,2,9,11,27,9,13,0,1,1,-35.289668,146.71275,51,1,0,1,0,0,0,0,3,0,7,100,1,9859,9859,8,5,40,1,0,1,0,0
1294928,1,2022,2022,6,5,2,2126,17,14,2149,0,1,2,-33.732382,150.604,8,2,2,0,0,0,0,0,0,0,7,80,2,4552,5151,1,30,5,3,0,0,0,1
1294929,2,2022,2022,8,3,11,224,27,246,321,0,1,5,-33.905528,151.202829,69,0,2,1,2,0,0,0,0,2,0,50,2,256,256,4,5,5,2,0,0,2,0
1294932,4,2022,2022,5,0,5,10,27,14,11,0,1,1,-32.206649,149.0102,22,1,0,1,1,0,0,0,2,0,7,100,1,945,945,5,34,40,1,0,1,0,0
1294933,2,2022,2022,6,0,5,103,36,2,157,0,1,1,-29.432225,152.989384,18,1,0,1,0,0,0,0,2,0,7,100,2,945,945,5,10,40,1,0,0,1,0
1294935,2,2022,2022,6,6,5,2126,17,27,2149,0,1,9,-33.720885,150.451566,8,2,2,1,0,0,0,0,2,2,7,70,2,14295,14295,3,0,0,2,0,0,1,0
1294936,1,2022,2022,6,6,6,38,31,108,34609,0,1,1,-33.764003,151.267305,50,0,2,1,1,0,0,0,2,0,7,50,0,941,941,1,0,0,2,0,0,0,1
1294937,2,2022,2022,6,1,3,2209,17,18,2205,0,1,7,-35.700066,150.183578,23,2,1,1,2,0,3,4,1,0,0,60,2,6545,6545,4,10,5,2,0,0,1,0
1294939,4,2022,2022,0,0,4,1,31,50,34609,0,1,10,-34.342383,150.905267,80,0,2,1,1,0,0,0,2,2,7,60,0,6545,6545,4,5,19,2,0,1,0,0
1294940,2,2022,2022,6,4,8,3,27,201,34609,0,1,1,-34.890496,150.616425,63,2,1,1,2,0,0,0,3,0,7,50,0,340,340,9,5,28,2,0,0,1,0
1294941,1,2022,2022,0,4,5,63,31,173,34609,0,1,1,-33.874909,151.21618,69,0,2,1,0,0,0,0,2,0,7,40,0,340,340,9,16,28,2,0,0,0,1
1294942,2,2022,2022,6,4,4,56,27,130,80,0,1,9,-33.873968,151.19241,69,0,2,1,1,0,0,0,2,2,7,50,2,5929,5929,1,5,27,2,0,0,1,0
1294943,2,2022,2022,0,1,7,28,27,94,34609,1,0,10,-33.782203,150.791611,55,0,2,1,1,0,0,0,2,2,7,50,0,6545,6545,4,34,0,2,0,0,1,0
1294947,4,2022,2022,8,0,3,4,27,224,34609,0,1,7,-33.829663,151.234697,45,0,2,1,0,0,3,3,1,0,0,50,0,6545,6545,4,5,27,2,0,1,0,0
1294949,4,2022,2022,0,4,5,387,27,204,331,0,1,1,-33.941586,151.134589,4,0,2,1,2,0,3,4,2,0,7,60,2,14295,14295,3,5,12,2,0,1,0,0
1294950,2,2022,2022,0,6,6,89,36,6,81,0,1,9,-33.512878,148.326478,51,1,0,0,1,0,0,0,2,0,7,100,2,1259,5151,8,34,40,1,0,0,1,0
1294952,4,2022,2022,0,2,6,23,10,87,23,0,1,2,-33.92361,150.962077,41,0,2,1,0,0,0,0,2,0,7,60,1,340,340,9,0,28,2,0,1,0,0
1294955,1,2022,2022,8,0,8,78,17,39,75,0,1,2,-33.844903,151.211967,49,0,2,1,3,0,3,4,2,0,7,70,2,14295,14295,3,8,0,2,0,0,0,1
1294959,2,2022,2022,8,0,8,137,14,24,70,0,1,3,-32.883149,151.588564,37,0,2,1,3,0,0,0,2,0,7,110,2,941,941,1,5,13,2,0,0,1,0
1294963,1,2022,2022,5,2,8,1104,14,142,2149,0,1,9,-33.826514,151.004573,54,0,2,1,3,0,0,0,3,3,7,60,2,14295,14295,3,5,5,2,0,0,0,1
1294965,4,2022,2022,8,5,7,2,27,13,34609,0,1,1,-29.538553,150.594169,51,1,0,1,0,0,0,0,2,0,7,100,0,9859,9859,8,23,40,1,0,1,0,0
1294967,2,2022,2022,6,0,10,73,24,17,88,0,1,9,-33.734774,151.245528,50,0,2,0,3,0,0,0,0,0,15,80,2,1391,1391,1,0,0,2,0,0,1,0
1294968,2,2022,2022,5,6,7,15,27,9,34609,0,1,1,-29.779419,151.018911,33,1,0,0,3,0,3,1,2,0,7,100,0,4552,5151,8,0,40,1,0,0,1,0
1294969,2,2022,2022,5,2,5,10,27,112,34609,0,1,1,-36.054599,146.930179,0,2,1,1,3,0,0,0,2,0,7,60,0,9859,9859,1,5,13,2,0,0,1,0
1294970,1,2022,2022,6,2,7,1,27,2,34609,0,1,1,-31.537349,152.167657,43,1,0,0,3,2,0,0,2,0,7,100,0,782,957,5,16,40,1,0,0,0,1
1294976,2,2022,2022,6,1,11,3371,17,24,3342,1,0,9,-33.710968,151.104631,31,0,2,1,2,0,0,0,0,2,9,60,2,1220,1220,9,5,28,2,0,0,1,0
1294977,4,2022,2022,8,3,3,2261,17,35,2252,0,1,3,-34.31766,150.582218,78,1,0,0,0,0,0,0,2,0,7,110,2,14295,14295,3,9,10,2,0,1,0,0
1294978,2,2022,2022,8,6,6,44,27,87,34609,0,1,9,-34.476082,150.429952,78,2,1,1,3,0,0,0,2,0,7,50,0,237,162,8,5,40,1,0,0,1,0
1294981,2,2022,2022,8,4,4,137,31,532,34609,0,1,1,-33.865619,151.208239,69,0,2,1,1,0,0,0,2,0,7,40,0,387,387,1,22,5,2,0,0,1,0
1294982,2,2022,2022,8,4,3,112,17,23,112,0,1,10,-31.497428,145.832967,51,2,1,1,2,0,3,4,0,0,0,50,2,6545,6545,4,5,0,2,0,0,1,0
1294983,2,2022,2022,8,0,9,7,10,42,34609,0,1,1,-33.736431,150.855031,7,0,2,0,2,0,0,0,3,0,7,50,0,2585,4009,8,0,40,2,0,0,1,1
1294984,4,2022,2022,6,6,3,8,36,19,34609,0,1,1,-34.081176,150.7831,13,0,2,0,1,0,0,0,2,0,14,50,0,368,368,9,30,28,3,0,1,1,0
1294985,1,2022,2022,6,3,10,2261,17,187,2252,0,1,2,-33.889857,150.974006,15,0,2,1,2,0,3,4,0,0,0,70,2,14295,14295,3,5,13,2,0,0,0,1
1294987,4,2022,2022,8,5,9,7,27,55,34609,0,1,1,-33.930217,150.901801,41,0,2,1,2,0,0,0,0,0,7,50,0,3775,3775,0,9,5,2,0,1,1,0
1294989,2,2022,2022,8,2,0,92,27,16,34609,0,1,1,-32.972243,151.718547,37,0,2,0,2,0,3,1,0,0,7,60,0,4552,5151,1,5,0,3,0,0,1,0
1294993,4,2022,2022,0,6,2,21,27,21,34609,0,1,1,-33.276344,151.404013,16,2,2,0,0,0,3,4,0,0,7,60,0,3775,3775,0,0,5,2,0,1,0,0
1294995,2,2022,2022,5,2,9,475,31,252,75,0,1,5,-33.879797,151.209083,69,0,2,1,2,0,3,4,0,2,9,40,1,1220,1220,9,5,28,2,0,0,1,0
1294997,1,2022,2021,2,6,5,5,27,1,34609,0,1,1,-35.79033,145.053758,51,1,0,0,0,2,0,0,2,0,7,100,0,782,957,5,16,40,1,0,0,0,1
1295002,2,2022,2022,6,3,8,500,27,293,799,0,1,9,-33.931695,151.06009,15,0,2,1,2,0,0,0,0,2,7,60,2,2852,2852,4,5,0,2,0,0,1,0
1295006,4,2022,2022,6,0,7,7,27,14,34609,0,1,1,-28.353917,153.380803,72,2,1,0,0,0,0,0,2,0,7,80,0,3775,3775,0,16,13,2,0,1,0,0
1295008,2,2022,2022,5,6,10,205,27,106,415,0,1,1,-33.677621,151.293927,50,0,2,0,2,0,3,4,0,0,7,60,2,3775,3775,0,10,35,2,0,0,1,0
1295009,2,2022,2022,3,2,11,2,31,82,34609,0,1,9,-33.790807,151.258738,50,0,2,1,2,0,0,0,0,0,7,50,0,9859,9859,1,5,0,3,0,0,1,0
1295014,2,2022,2022,6,0,8,3371,17,42,3342,0,1,9,-33.823462,151.193879,77,0,2,1,2,0,3,3,3,2,7,60,2,2040,2040,9,19,28,2,0,0,1,0
1295023,4,2022,2022,5,5,3,2261,17,92,2252,0,1,3,-34.001232,150.840547,13,0,2,1,0,0,3,3,2,0,7,110,2,14295,14295,3,5,0,2,0,1,0,0
1295024,1,2022,2022,8,1,4,251,27,115,212,0,1,2,-33.753109,151.240748,50,0,2,0,1,0,3,4,2,0,7,70,2,1383,1383,1,5,5,4,0,0,0,1
1295027,2,2022,2022,6,4,5,149,27,68,198,0,1,1,-34.063613,150.996501,68,0,2,1,0,0,0,0,2,0,7,70,2,941,941,1,0,35,2,0,0,1,0
1295029,4,2022,2022,6,0,5,23,31,33,23,0,1,9,-33.8958,151.248639,76,0,2,1,1,0,0,0,2,0,7,50,1,238,238,9,0,28,2,0,1,1,0
1295030,4,2022,2022,4,1,4,11,27,42,8,0,1,1,-33.598015,151.27737,50,0,2,0,0,0,0,0,2,0,7,80,2,1109,787,1,5,19,2,0,1,0,0
1295031,4,2022,2022,6,3,7,103,27,39,98,0,1,1,-33.523922,150.824983,29,2,2,0,0,0,0,0,2,0,7,80,2,3775,3775,0,5,5,2,0,1,0,0
1295033,2,2022,2022,6,6,4,20,31,134,34609,0,1,10,-33.684834,150.872748,7,0,2,1,0,0,0,0,2,0,0,50,0,2852,2852,4,5,13,2,0,0,1,0
1295035,4,2022,2022,8,5,8,3371,17,92,3342,0,1,2,-33.405206,151.35083,16,2,2,0,2,0,0,0,0,2,9,60,2,2040,2040,9,5,26,2,0,1,0,0
1295036,4,2022,2022,6,1,3,11,27,71,34609,0,1,0,-33.970714,151.080257,25,0,2,1,1,0,0,0,2,0,7,40,0,941,941,1,5,27,2,0,1,0,0
1295037,4,2022,2022,8,4,3,84,10,39,80,0,1,1,-34.317051,150.918833,80,0,2,0,1,0,0,0,2,2,7,50,2,5929,5929,1,5,27,2,0,1,0,0
1295042,2,2022,2022,6,6,10,15,27,6,34609,0,1,1,-31.054953,150.970305,70,2,1,0,0,0,0,0,0,0,7,80,0,380,714,5,5,40,1,0,0,1,0
1295043,2,2022,2022,6,5,7,6,27,5,34609,0,1,1,-36.96728,149.866772,5,2,1,0,0,0,0,0,2,0,7,80,0,2585,4009,8,0,40,1,0,0,2,1
1295044,4,2022,2022,6,6,8,346,17,24,332,0,1,1,-28.81043,153.370948,39,2,1,0,0,0,0,0,3,0,7,80,2,14295,14295,3,10,5,2,0,1,0,0
1295048,4,2022,2022,5,1,2,157,17,25,158,0,1,1,-33.726991,148.823313,51,1,0,0,0,0,0,0,0,0,7,100,2,1850,1463,5,16,40,1,0,1,0,0
1295049,2,2022,2022,5,0,7,48,31,122,34609,0,1,11,-33.424506,151.342352,16,2,2,1,1,0,3,4,2,0,7,40,0,340,340,9,9,28,2,0,0,1,0
1295051,4,2022,2022,5,2,0,84,10,39,80,0,1,9,-34.315685,150.922027,80,0,2,1,2,0,3,4,0,2,7,50,2,1220,1220,9,0,28,2,0,1,0,0
1295054,4,2022,2022,6,4,1,147,27,224,605,0,1,2,-33.824588,151.240787,45,0,2,1,2,0,0,0,0,0,7,60,2,14295,14295,3,9,10,2,0,1,0,0
1295057,1,2022,2022,8,5,8,82,27,84,181,0,1,9,-33.893512,151.261023,76,0,2,1,2,0,0,0,3,2,9,50,2,2040,2040,9,33,28,2,0,0,0,1
1295058,2,2022,2022,6,5,7,346,17,106,332,0,1,1,-28.860978,153.06927,60,2,1,1,1,0,0,0,2,0,7,50,2,3775,3775,0,5,0,2,0,0,1,0
1295067,2,2022,2022,6,4,7,79,10,155,231,0,1,1,-33.481947,151.324269,16,2,2,1,0,0,0,0,2,0,7,60,2,14295,14295,3,5,5,3,0,0,1,0
1295069,2,2022,2022,8,4,6,481,17,25,483,0,1,1,-31.744338,148.641484,51,1,0,0,0,0,0,0,2,0,7,110,2,418,714,5,8,40,1,0,0,1,0
1295074,1,2022,2022,5,6,8,481,17,562,483,0,1,9,-32.352072,148.479421,22,1,0,1,3,0,3,3,2,0,0,110,2,1669,1669,3,10,13,2,0,0,0,1
1295076,1,2022,2022,5,0,9,87,27,346,59,0,1,9,-33.871185,151.091549,67,0,2,1,3,0,3,4,0,0,7,50,1,5929,5929,1,0,5,2,0,0,0,1
1295079,4,2022,2022,8,3,6,361,31,32,34609,0,1,1,-33.867898,150.965567,24,0,2,1,3,0,0,0,2,0,7,50,0,14295,14295,3,10,5,2,0,1,0,0
1295083,2,2022,2022,6,1,5,16,31,55,34609,0,1,1,-33.858765,151.28259,76,0,2,1,3,0,0,0,2,0,7,50,0,9859,9859,1,5,0,4,0,0,1,0
1295084,4,2022,2022,0,0,9,296,27,460,293,1,0,9,-33.84781,150.997423,21,0,2,1,2,0,0,0,0,0,7,70,2,775,775,4,5,19,2,0,1,0,0
1295087,1,2022,2022,6,6,8,2261,17,65,2252,0,1,2,-36.037995,146.974491,0,1,0,1,3,0,3,4,0,0,7,110,2,14295,14295,3,5,0,2,0,0,0,1
1295092,2,2022,2022,8,2,7,8,27,70,34609,0,1,9,-32.908247,151.724418,48,0,2,1,1,0,0,0,2,0,15,50,0,256,256,4,22,5,2,0,0,1,0
1295097,1,2022,2022,6,4,8,125,27,290,103,0,1,1,-33.861879,150.998312,21,0,2,1,3,0,0,0,2,0,7,60,1,941,941,1,10,5,2,0,0,0,1
1295101,1,2022,2022,3,1,8,17,31,145,34609,0,1,1,-33.921685,151.066762,15,0,2,1,3,0,0,0,2,0,7,50,0,217,217,1,5,5,2,0,0,0,1
1295103,1,2022,2022,5,0,8,26,31,363,34609,0,1,10,-33.754701,150.702543,55,0,2,1,3,0,3,3,2,2,9,50,0,214,214,9,10,28,2,0,0,0,1
1295106,2,2022,2022,6,4,8,163,27,73,165,0,1,10,-33.760131,150.80958,7,0,2,1,3,0,0,0,2,2,7,60,1,2852,2852,4,30,5,2,0,0,2,0
1295107,1,2022,2022,8,1,7,16,31,94,20,0,1,9,-33.77909,150.802185,55,0,2,0,3,0,0,0,2,2,7,60,1,2852,2852,4,5,13,2,0,0,0,1
1295111,2,2022,2022,0,6,11,225,17,32,180,0,1,1,-34.589865,150.572438,78,1,0,0,0,0,3,4,0,0,7,100,2,2585,4009,8,5,40,1,0,0,1,1
1295112,2,2022,2022,0,0,10,481,17,10,483,0,1,1,-29.783524,149.792385,51,1,0,1,0,0,0,0,0,0,7,110,2,14295,14295,3,5,13,2,0,0,1,0
1295113,4,2022,2022,8,5,10,2,31,67,34609,0,1,1,-33.402493,151.331998,16,2,2,1,0,0,0,0,0,0,8,50,0,4026,4026,8,10,40,1,0,1,0,0
1295115,4,2022,2022,0,0,5,123,27,24,34609,0,1,1,-33.952652,150.74361,12,0,2,1,1,0,0,0,2,0,7,80,0,2585,777,8,0,40,1,0,2,0,0
1295117,4,2022,2022,0,6,6,135,17,131,136,0,1,2,-36.084576,146.913028,0,2,1,1,1,0,0,3,2,0,7,60,2,1981,1981,4,5,27,2,0,1,0,0
1295119,4,2022,2022,0,2,1,11,31,173,34609,0,1,10,-33.879316,151.221184,69,0,2,1,2,0,0,0,0,2,7,40,0,2040,2040,9,19,28,2,0,1,0,0
1295120,1,2022,2022,6,4,6,24,27,70,24,0,1,1,-34.858835,150.604111,63,2,1,1,1,0,0,0,2,0,7,60,1,9859,9859,1,5,0,2,0,0,0,1
1295126,4,2022,2022,6,6,5,78,27,23,228,0,1,1,-33.037062,151.140415,17,2,1,0,0,0,0,0,2,0,7,80,1,1850,1463,5,16,40,1,0,1,0,0
1295129,2,2022,2022,0,4,3,229,14,173,237,0,1,3,-33.788658,151.134752,61,0,2,0,1,0,3,4,2,0,7,100,2,1957,4009,8,0,40,1,0,0,1,0
1295130,2,2022,2022,0,2,7,1,27,2,34609,0,1,1,-30.432312,151.002449,70,1,0,1,3,2,0,3,2,0,7,100,0,175,188,8,10,40,1,0,0,1,0
1295132,4,2022,2022,0,0,10,2261,17,93,2252,0,1,2,-36.096064,146.919686,0,1,0,0,0,0,0,0,0,0,7,110,2,1957,4009,8,10,40,1,0,1,0,0
1295133,4,2022,2022,0,6,5,78,17,15,58,0,1,1,-35.15002,149.0563,82,2,1,1,0,0,0,0,2,0,7,80,2,14295,14295,3,3,0,6,0,1,0,4
1295134,2,2022,2022,8,5,5,296,27,187,293,0,1,2,-33.877657,150.980208,24,0,2,1,1,0,0,0,2,0,7,70,2,1220,1220,9,9,28,2,0,0,1,0
1295135,1,2022,2022,8,6,6,20,31,174,321,0,1,10,-33.89169,151.199794,69,0,2,1,1,0,0,0,2,2,7,50,2,591,591,1,22,10,2,0,0,0,1
1295137,1,2022,2022,8,2,6,232,36,60,331,0,1,9,-34.038811,150.741279,12,0,2,1,1,0,0,0,2,0,7,60,2,5929,5929,1,5,19,2,0,0,0,1
1295138,2,2022,2022,6,2,8,117,1,210,121,0,1,9,-34.039634,151.097498,68,0,2,1,3,0,0,0,2,2,7,60,1,5929,5929,1,5,0,2,0,0,1,0
1295141,4,2022,2022,0,1,9,5,27,8,34609,0,1,1,-32.139649,148.446776,51,1,0,0,0,0,0,0,0,0,7,100,0,1259,5151,8,5,40,1,0,1,0,0
1295142,1,2022,2022,6,6,3,36,27,14,36,0,1,9,-34.007749,150.794389,13,0,2,0,0,0,0,0,2,0,15,80,1,1669,1669,3,5,5,2,0,0,0,1
1295144,4,2022,2022,0,0,10,79,10,43,231,0,1,9,-33.445972,151.328152,16,2,2,1,2,0,0,0,0,2,7,60,2,6545,6545,4,5,10,2,0,1,0,0
1295145,4,2022,2022,6,6,3,22,27,160,260,0,1,10,-33.118284,151.466223,37,0,2,1,0,0,0,0,1,0,7,60,2,5929,5929,1,10,5,2,0,1,0,0
1295148,2,2022,2022,8,4,8,50,31,44,34609,0,1,7,-33.747968,150.737829,55,0,2,1,2,0,3,4,3,0,0,50,0,14295,14295,3,33,22,2,0,0,1,0
1295149,4,2022,2022,8,4,9,7,27,3,4,0,1,1,-30.880722,148.460351,51,1,0,1,0,0,0,0,0,0,7,110,1,945,945,5,10,40,1,0,1,0,0
1295151,2,2022,2022,8,4,6,387,27,290,331,0,1,1,-33.949674,151.126738,4,0,2,1,1,0,0,0,2,0,7,60,2,14295,14295,3,9,19,3,0,0,1,0
1295152,2,2022,2022,8,3,8,15,7,92,34609,0,1,7,-33.749071,150.958164,71,0,2,1,3,0,0,0,3,0,0,50,0,6545,6545,4,0,5,2,0,0,1,0
1295153,4,2022,2022,8,5,7,5,27,57,34609,1,2,1,-32.975983,151.684133,37,0,2,0,1,0,0,0,2,0,7,40,0,323,323,1,5,5,3,0,1,0,0
1295154,2,2022,2022,5,3,5,16,36,2,56,0,1,9,-32.366451,147.484915,51,1,0,1,3,0,3,0,2,0,7,100,1,1850,777,5,10,40,1,0,0,1,0
1295155,4,2022,2022,6,6,8,5,31,523,34609,0,1,10,-33.926682,150.924484,41,0,2,1,2,0,0,0,3,2,7,50,0,5929,5929,1,5,19,2,0,1,0,0