Crash ID,Degree of crash - detailed,Reporting year,Year of crash,Month of crash,Day of week of crash,Two-hour intervals,Street of crash,Street type,Town,Route no.,School zone location,School zone active,Type of location,Latitude,Longitude,LGA,Urbanisation,Conurbation 1,Alignment,Street lighting,Road surface,Surface condition,Weather,Natural lighting,Signals operation,Other traffic control,Speed limit,Road classification,RUM - code,DCA - code,First impact type,Key TU type,Other TU type,No. of traffic units involved,No. killed,No. seriously injured,No. moderately injured,No. minor-other injured
1295156,1,2022,2022,5,1,10,8,31,237,34609,0,1,7,-33.865677,150.953659,24,0,2,0,3,0,3,4,0,0,0,50,0,926,926,4,10,5,2,0,0,0,1
1295157,2,2022,2022,8,0,9,27,36,27,34609,1,0,1,-30.150623,153.185974,19,2,1,1,0,0,0,0,0,0,7,60,0,9859,9859,8,0,40,1,0,0,1,0
1295162,1,2022,2022,5,2,5,2126,17,78,2149,0,1,10,-33.866479,151.093618,14,0,2,1,3,0,3,4,2,2,7,60,2,5929,5929,1,5,5,2,0,0,0,2
1295165,1,2022,2022,5,5,4,95,27,42,605,0,1,9,-33.662535,151.316091,50,0,2,0,3,0,0,0,2,2,7,60,2,1192,1192,1,5,13,2,0,0,0,1
1295166,1,2022,2022,5,2,9,2126,17,125,2149,0,1,9,-33.864469,151.083488,67,0,2,1,3,0,0,0,0,2,7,60,2,5929,5929,1,5,5,3,0,0,0,1
1295167,2,2022,2022,5,1,4,5,27,7,8,0,1,10,-29.832378,148.991571,51,1,0,1,3,0,0,1,2,0,7,100,1,6545,6545,4,26,10,2,0,0,1,0
1295170,2,2022,2022,5,2,10,82,27,84,181,0,1,1,-33.894084,151.264734,76,0,2,1,3,0,3,4,0,0,7,50,2,1981,1981,4,5,36,2,0,0,1,0
1295173,1,2022,2022,5,6,6,87,18,225,34609,0,1,0,-33.798896,151.17934,77,0,2,1,3,0,3,4,2,0,7,40,0,1981,1981,4,5,0,2,0,0,0,1
1295175,1,2022,2022,5,2,10,265,17,74,193,0,1,1,-34.669767,147.971527,20,1,0,0,3,0,3,4,0,0,7,100,2,2585,4009,8,5,40,1,0,0,0,1
1295176,1,2022,2022,5,3,2,133,27,66,260,0,1,2,-32.921954,151.653047,37,0,2,1,3,0,3,4,0,0,7,70,2,9859,9859,8,0,40,1,0,0,0,1
1295178,1,2022,2022,5,2,7,145,31,532,34609,0,1,10,-33.863616,151.208943,69,0,2,1,3,0,0,0,2,2,7,40,0,782,985,5,5,40,1,0,0,0,2
1295179,2,2022,2022,6,1,9,38,27,290,159,0,1,10,-33.952795,151.131853,4,0,2,1,3,0,0,0,0,2,7,60,2,3775,3775,0,0,5,2,0,0,1,0
1295183,4,2022,2022,0,6,7,2261,17,23,2252,0,1,3,-34.057289,150.794538,13,0,2,1,0,0,0,3,2,0,7,110,2,14295,14295,3,3,5,2,0,1,0,0
1295184,1,2022,2022,7,2,6,2261,17,30,2252,0,1,2,-35.588338,147.52634,27,1,0,0,3,0,3,4,2,0,7,110,2,4552,5151,8,5,40,1,0,0,0,1
1295186,2,2022,2022,7,6,8,7,27,55,34609,0,1,9,-33.929155,150.902236,41,0,2,1,0,0,0,0,2,0,7,50,0,1981,1981,4,5,5,2,0,0,2,0
1295189,2,2022,2022,6,2,7,1,27,24,34609,0,1,1,-33.443022,150.057123,40,1,0,1,3,2,0,0,2,0,7,100,0,1945,1945,5,16,40,1,0,0,1,0
1295199,2,2022,2022,8,1,3,11,27,36,34609,0,1,10,-33.80152,150.951136,21,0,2,1,1,0,0,0,2,2,7,50,0,1282,1282,1,33,5,2,0,0,1,0
1295203,4,2022,2022,7,2,10,39,36,18,79,0,1,1,-33.789496,151.207122,77,0,2,0,2,0,0,3,0,0,7,60,2,3775,3775,0,5,5,2,0,1,1,0
1295207,4,2022,2022,6,2,8,7,2,12,34609,0,1,9,-33.145542,151.573379,16,2,2,1,0,0,0,0,2,0,0,60,0,1850,985,5,16,40,1,0,1,0,0
1295208,4,2022,2022,8,2,0,1,7,67,34609,0,1,1,-33.876474,150.889872,24,0,2,1,2,0,0,0,0,0,7,50,0,4026,4026,1,0,5,2,0,1,1,0
1295209,2,2022,2022,5,6,11,2126,17,77,2149,0,1,10,-33.884047,151.202241,69,0,2,1,2,0,3,4,0,2,9,50,2,1220,1220,9,5,28,2,0,0,1,0
1295212,2,2022,2022,7,2,0,2209,17,23,2205,0,1,2,-34.630088,150.835499,62,0,2,0,2,0,3,4,0,0,7,100,2,4552,5151,8,10,40,1,0,0,1,0
1295214,4,2022,2022,5,2,4,361,23,193,34609,0,1,1,-33.790965,151.082803,61,0,2,1,0,0,0,0,2,0,9,50,0,2040,2040,9,5,28,2,0,1,0,0
1295215,2,2022,2022,5,2,8,10,27,237,34609,0,1,1,-33.869622,150.957587,24,0,2,1,0,0,3,4,2,0,7,40,0,1383,1383,1,5,5,2,0,0,1,0
1295218,2,2022,2022,8,0,10,133,17,4,121,0,1,1,-35.864231,149.158868,65,2,1,1,0,0,0,0,0,0,7,60,2,83,83,5,10,40,1,0,0,1,2
1295222,1,2022,2022,8,5,10,829,27,309,770,0,1,2,-33.81607,151.104144,61,0,2,0,2,0,0,0,0,2,9,60,2,14295,14295,3,0,5,2,0,0,0,1
1295224,2,2022,2022,5,1,7,2261,17,33,2252,0,1,3,-34.026973,150.823888,13,0,2,1,1,0,3,4,2,0,7,110,2,4026,4026,8,5,40,1,0,0,1,0
1295226,2,2022,2022,7,4,0,49,31,532,34609,0,1,0,-33.861505,151.210031,69,0,2,1,2,0,0,6,0,0,7,40,0,1945,1945,5,17,40,1,0,0,1,0
1295228,2,2022,2022,0,2,7,3,31,33,34609,0,1,9,-34.024424,150.821339,13,0,2,0,1,0,0,0,2,0,7,60,0,2585,4009,1,21,12,2,0,0,1,0
1295229,2,2022,2022,3,0,9,1,31,6,34609,0,1,10,-34.309221,150.928762,80,0,2,1,0,0,0,0,2,0,0,50,0,2852,2852,4,5,5,2,0,0,1,0
1295230,4,2022,2022,6,6,2,213,17,10,213,0,1,1,-29.628884,152.123499,51,1,0,0,0,0,3,3,0,0,7,100,2,4552,5151,8,10,40,1,0,1,0,0
1295231,2,2022,2022,6,0,8,36,36,14,139,0,1,1,-34.496348,146.188941,51,2,1,1,2,0,0,0,2,0,7,40,2,14295,14295,3,10,0,3,0,0,2,0
1295235,1,2022,2022,6,4,7,11,27,87,34609,0,1,7,-34.044065,151.155817,68,0,2,1,0,0,0,0,2,0,0,50,0,6545,6545,4,0,5,2,0,0,0,1
1295239,1,2022,2022,6,6,7,32,27,14,26,0,1,1,-33.645207,151.283116,50,0,2,0,1,0,0,0,2,0,9,40,1,2040,2040,9,22,28,2,0,0,0,1
1295242,2,2022,2022,0,4,0,68,27,110,67,0,1,1,-33.778601,151.011341,54,0,2,0,2,0,3,4,0,0,7,60,1,4552,5151,8,0,40,1,0,0,1,0
1295243,2,2022,2022,5,1,6,37,27,21,36,0,1,1,-32.576637,151.767844,51,1,0,0,0,0,0,0,2,0,7,90,1,1850,1463,5,16,40,1,0,0,1,0
1295245,4,2022,2022,5,3,9,84,27,147,415,0,1,9,-33.752054,151.144197,36,0,2,0,2,0,3,4,0,0,7,70,2,3775,3775,0,5,5,2,0,2,0,0
1295255,1,2022,2022,5,5,8,866,17,278,793,0,1,10,-33.7823,151.049886,54,0,2,1,3,0,3,3,2,0,0,60,2,5929,5929,1,5,0,2,0,0,0,1
1295256,4,2022,2022,8,5,8,230,27,84,284,0,1,10,-33.777746,151.108073,61,0,2,1,1,0,0,0,2,2,7,70,2,5929,5929,1,10,19,2,0,1,0,0
1295257,2,2022,2022,5,3,7,1,31,10,19,0,1,10,-28.472849,152.547973,51,2,1,0,1,0,0,0,2,0,15,50,1,4552,5151,8,0,40,1,0,0,1,0
1295259,4,2022,2022,8,4,2,27,17,23,34609,0,1,1,-33.315827,151.408567,16,2,2,0,3,0,0,0,0,0,7,60,0,4552,5151,8,30,40,1,0,1,0,0
1295261,4,2022,2022,5,4,8,13,10,75,34609,0,1,1,-32.794663,151.639831,42,2,1,0,1,0,0,0,2,0,7,60,0,14295,14295,3,5,0,2,0,1,0,0
1295262,4,2022,2022,8,4,5,15,27,41,34609,0,1,11,-33.786348,151.26534,50,0,2,1,1,0,3,0,2,0,15,50,0,323,323,1,22,0,2,0,1,0,0
1295263,2,2022,2022,6,0,7,1,27,8,34609,0,1,1,-28.891593,153.297825,39,2,1,1,0,0,0,0,2,0,7,50,0,14295,14295,3,19,5,3,0,0,1,0
1295264,4,2022,2022,5,0,7,232,36,34,331,0,1,2,-34.002986,150.77741,12,0,2,1,1,0,3,4,2,0,7,80,2,14295,14295,3,5,5,2,0,1,0,0
1295265,1,2022,2022,5,6,5,11,31,108,34609,0,1,7,-28.862002,153.563819,2,2,1,0,1,0,3,4,2,0,0,50,0,1850,985,5,22,40,1,0,0,0,1
1295266,4,2022,2022,6,1,7,3,23,29,34609,0,1,1,-33.715075,150.729205,55,0,2,1,0,0,0,0,2,0,7,50,0,214,214,9,10,28,2,0,1,0,0
1295268,1,2022,2022,0,4,4,4,27,8,34609,0,1,1,-29.030805,141.193842,51,2,1,1,0,2,0,0,2,0,7,60,0,1945,1945,5,16,40,1,0,0,0,1
1295270,4,2022,2022,8,1,6,1052,14,46,928,0,1,6,-33.304768,151.403397,16,2,2,0,1,0,0,0,2,0,7,70,2,2585,4009,8,16,40,1,0,1,1,0
1295271,2,2022,2022,6,2,7,128,27,74,133,0,1,10,-33.760734,150.684022,55,0,2,1,1,0,0,0,2,2,7,60,2,1669,1669,3,10,0,2,0,0,2,0
1295273,2,2022,2022,8,3,6,74,27,609,163,0,1,7,-33.777341,150.907503,7,0,2,0,1,0,0,0,2,2,0,60,2,6545,6545,4,0,14,2,0,0,1,0
1295274,4,2022,2022,6,2,5,361,1,73,34609,0,1,9,-33.893862,151.167369,32,0,2,1,0,0,0,0,2,0,7,50,0,2852,2852,4,5,0,2,0,1,0,0
1295276,4,2022,2022,6,3,8,57,31,112,2252,0,1,9,-33.914305,150.929867,41,0,2,1,2,0,0,0,0,0,7,70,2,591,591,1,17,36,2,0,1,0,0
1295277,2,2022,2022,8,3,7,47,31,57,34609,0,1,7,-34.669097,150.85278,35,2,1,1,3,0,0,0,2,0,0,50,0,1669,1669,3,0,5,2,0,0,1,1
1295280,2,2022,2022,6,6,4,2126,17,65,2149,0,1,1,-33.554484,150.190268,40,2,1,1,3,0,0,0,2,0,7,80,2,1945,1945,5,0,40,1,0,0,1,0
1295283,4,2022,2022,8,4,3,132,31,174,126,0,1,10,-33.889952,151.207908,69,0,2,1,1,0,0,0,1,2,7,50,2,2040,2040,9,5,28,2,0,1,0,0
1295284,4,2022,2022,0,3,0,19,27,147,8,1,0,9,-33.748986,151.285736,50,0,2,1,2,0,3,0,0,2,7,50,1,1945,1945,5,15,40,1,0,1,0,0
1295287,4,2022,2022,8,3,6,3371,17,207,3342,0,1,1,-33.560184,151.189269,31,0,2,0,0,0,0,0,2,0,7,80,2,3775,3775,0,16,19,3,0,2,1,0
1295288,4,2022,2022,6,2,7,2209,17,88,2205,0,1,2,-33.996346,151.116737,25,0,2,1,1,0,0,0,2,0,7,70,2,4026,4026,8,5,40,2,0,1,1,0
1295289,4,2022,2022,8,4,6,24,31,314,34609,0,1,7,-33.85733,150.937881,24,0,2,1,1,0,0,0,2,0,0,50,0,6545,6545,4,0,0,2,0,1,1,0
1295293,1,2022,2022,0,2,5,158,27,46,207,0,1,10,-33.878659,151.23515,81,0,2,1,3,0,0,0,2,2,7,60,2,14295,14295,3,5,5,2,0,0,0,1
1295294,1,2022,2022,5,0,3,46,31,22,34609,0,1,9,-33.794193,151.2776,50,0,2,1,3,0,3,0,2,0,7,50,0,5929,5929,1,0,0,2,0,0,0,1
1295297,4,2022,2022,6,6,10,53,36,19,34,0,1,1,-33.424434,148.345327,11,1,0,0,0,0,0,0,0,0,7,100,2,1259,5151,8,0,40,1,0,1,1,0
1295299,2,2022,2022,8,6,9,6,18,243,34609,0,1,1,-33.956732,150.89461,41,0,2,1,0,0,3,4,0,0,7,50,0,395,395,1,5,5,4,0,0,2,0
1295302,1,2022,2022,5,1,5,2261,17,443,2252,0,1,10,-33.894099,151.053877,15,0,2,1,3,0,3,0,2,2,7,70,2,14295,14295,3,29,0,2,0,0,0,1
1295309,2,2022,2022,8,3,9,2209,17,18,2205,0,1,2,-35.700232,150.183442,23,2,1,1,2,0,0,0,0,0,7,60,2,2040,2040,9,5,28,2,0,0,1,0
1295312,4,2022,2022,8,5,8,1,27,137,34609,0,1,9,-33.902798,150.894608,24,0,2,1,2,0,0,0,0,0,7,50,0,2040,2040,9,5,28,2,0,1,0,0
1295314,4,2022,2022,6,6,0,14,10,19,34609,0,1,1,-33.481441,148.36637,11,1,0,0,0,0,3,0,0,0,7,100,0,4552,5151,8,0,40,1,0,1,0,0
1295315,1,2022,2022,6,0,11,3371,17,90,3342,0,1,7,-28.245167,153.552724,72,2,1,0,0,0,0,0,0,0,0,60,2,2585,4009,8,9,40,1,0,0,0,1
1295317,1,2022,2022,6,4,5,39,27,112,51,0,1,1,-33.674651,151.033469,31,0,2,1,3,0,0,0,2,0,7,60,2,941,941,1,5,5,2,0,0,0,1
1295321,2,2022,2022,6,4,8,17,31,215,34609,0,1,1,-35.115529,147.372464,75,2,1,1,2,0,3,3,0,0,7,50,0,2040,2040,9,5,28,2,0,0,1,0
1295325,2,2022,2022,8,1,7,3,27,9,34609,0,1,1,-29.735637,152.963729,18,2,1,1,1,0,0,0,2,0,7,50,0,9859,9859,8,5,40,1,0,0,1,0
1295328,4,2022,2022,8,3,11,32,27,42,27,0,1,1,-33.663485,151.253336,50,0,2,0,0,0,3,4,0,0,7,60,2,4552,5151,8,16,40,1,0,1,0,0
1295329,2,2022,2022,8,2,7,5,7,194,34609,0,1,1,-30.52234,151.6435,1,2,1,0,1,0,0,0,2,0,7,50,0,4552,5151,1,5,36,2,0,0,2,0
1295330,4,2022,2022,6,5,4,13,31,17,17,0,1,10,-30.899287,153.040747,34,2,1,1,0,0,0,0,2,0,0,50,1,6545,6545,4,0,27,2,0,1,0,0
1295332,2,2022,2022,8,0,11,10,31,163,74,0,1,1,-33.846934,151.099323,14,0,2,1,2,0,3,4,0,0,7,50,1,14295,14295,3,5,5,2,0,0,1,0
1295333,1,2022,2022,6,0,6,27,31,119,96,0,1,10,-33.873464,151.155152,32,0,2,1,3,0,0,0,2,2,7,50,2,14295,14295,3,0,0,2,0,0,0,1
1295334,2,2022,2022,5,0,8,100,31,363,38,0,1,10,-33.805185,151.002597,54,0,2,1,3,0,0,0,3,0,7,60,1,1109,787,1,5,5,2,0,0,1,0
1295335,1,2022,2022,5,6,4,171,31,132,34609,0,1,1,-29.776754,151.112116,33,2,1,1,3,0,3,4,2,0,7,50,0,144,144,1,5,36,2,0,0,0,1
1295337,4,2022,2022,8,6,6,72,14,252,71,0,1,3,-33.891585,151.216921,69,0,2,1,0,0,0,0,2,0,7,80,2,14295,14295,3,0,0,2,0,1,0,0
1295339,2,2022,2022,5,3,4,6,27,26,34609,0,1,9,-33.108626,151.506663,37,0,2,0,3,0,3,4,2,0,7,70,0,301,301,4,5,5,2,0,0,1,0
1295346,1,2022,2022,5,0,8,2209,17,40,2205,0,1,9,-35.014877,150.58042,63,1,0,1,0,0,0,0,2,0,0,100,2,1669,1669,3,10,13,2,0,0,0,1
1295349,2,2022,2022,6,3,0,87,31,290,34609,0,1,1,-33.844726,150.970121,21,0,2,1,0,0,0,0,0,0,7,50,0,9859,9859,1,5,13,2,0,0,1,0
1295350,1,2022,2022,6,4,7,296,27,290,293,1,2,9,-33.849144,150.99698,21,0,2,1,3,0,0,0,2,2,7,40,2,395,395,1,5,5,2,0,0,0,1
1295351,1,2022,2022,5,5,10,59,31,107,321,0,1,10,-33.877873,151.198658,69,0,2,1,2,0,0,0,0,2,9,50,2,1220,1220,9,5,28,3,0,0,0,2
1295352,4,2022,2022,8,3,9,213,17,13,213,0,1,1,-29.509528,152.314599,51,1,0,0,0,0,0,0,0,0,7,100,2,3775,3775,0,5,13,2,0,1,0,0
1295355,1,2022,2022,6,2,7,3,27,119,34609,0,1,9,-32.761454,151.753787,57,2,1,1,0,0,0,0,2,0,0,50,0,4552,985,8,5,40,1,0,0,0,1
1295356,2,2022,2022,8,3,3,7,10,18,34609,0,1,9,-28.865921,153.580074,2,2,1,1,1,0,0,0,2,0,15,60,0,5929,5929,1,33,27,2,0,0,1,0
1295359,2,2022,2022,6,5,7,3,31,79,34609,0,1,9,-33.821845,151.214259,49,0,2,0,0,0,0,0,2,0,7,50,0,4552,5151,1,5,25,4,0,0,1,0
1295363,4,2022,2022,6,1,11,2261,17,41,2252,0,1,2,-35.057662,148.094978,20,1,0,0,0,0,3,4,0,0,7,110,2,1957,4009,8,9,40,1,0,1,0,0
1295366,2,2022,2022,8,6,9,6,27,15,34609,0,1,1,-29.476536,153.234022,18,2,1,1,0,2,0,0,0,0,7,50,0,1089,1089,7,16,40,1,0,0,1,0
1295368,1,2022,2022,6,3,5,168,17,19,212,0,1,1,-35.545877,149.957129,23,2,1,0,0,0,0,0,2,0,7,70,2,4552,5151,8,16,40,1,0,0,0,1
1295369,2,2022,2022,6,1,10,2,27,316,34609,0,1,1,-33.909652,151.247334,59,0,2,1,2,0,0,0,0,0,7,50,0,1981,1981,4,22,5,2,0,0,1,0
1295370,2,2022,2022,6,4,7,500,27,646,799,0,1,2,-33.934278,151.026121,15,0,2,1,1,0,0,0,2,0,7,60,2,2040,2040,9,5,28,2,0,0,1,0
1295371,1,2022,2022,8,2,6,3371,17,139,3342,1,0,2,-33.831258,151.203424,49,0,2,1,0,0,3,4,2,0,7,60,2,368,368,9,0,28,2,0,0,0,1
1295374,2,2022,2022,8,4,7,59,27,252,41,0,1,7,-33.942299,150.867477,41,0,2,1,0,0,0,0,2,0,7,60,1,14295,14295,3,21,5,2,0,0,1,0
1295376,4,2022,2022,0,0,7,32,27,169,88,0,1,9,-33.61121,150.742738,29,2,2,1,1,0,0,0,2,0,0,60,2,5929,5929,1,5,0,2,0,1,1,0
1295380,4,2022,2022,8,1,5,109,36,17,108,0,1,1,-28.490852,153.52051,10,2,1,1,0,0,3,3,2,0,7,80,1,1945,1945,5,16,40,1,0,1,1,0
1295381,1,2022,2022,5,4,6,8,27,123,13,0,1,10,-33.839874,148.697696,51,2,1,1,0,0,0,0,2,0,0,50,1,6545,6545,4,0,13,2,0,0,0,2
1295382,4,2022,2022,8,2,6,361,31,234,34609,0,1,1,-34.287811,146.050116,28,2,1,1,0,0,3,3,2,0,7,50,0,237,397,1,5,13,2,0,1,0,0
1295387,2,2022,2022,7,5,4,109,27,44,169,0,1,1,-32.810776,151.429346,17,2,1,0,1,0,3,4,2,0,7,60,2,14295,14295,3,10,5,2,0,0,1,1
1295388,1,2022,2022,5,3,8,204,31,562,34609,0,1,10,-32.252145,148.608496,22,2,1,1,1,0,3,4,2,0,15,50,0,6545,6545,4,9,36,3,0,0,0,1
1295389,1,2022,2022,5,6,0,1,31,28,34609,0,1,1,-34.082236,150.798681,13,0,2,0,2,0,3,3,0,0,7,50,0,2585,4009,8,5,40,1,0,0,0,2
1295393,4,2022,2022,8,5,7,2261,17,30,2252,0,1,2,-35.614477,147.48522,27,1,0,0,0,0,1,2,2,0,7,110,2,1957,4009,8,0,40,1,0,1,1,0
1295395,1,2022,2022,8,5,4,2126,17,161,2149,0,1,2,-33.889926,151.146502,32,0,2,1,3,0,0,0,2,0,7,60,2,14295,14295,3,5,0,3,0,0,0,2
1295397,4,2022,2022,6,4,7,104,27,387,140,0,1,1,-33.920957,151.192728,4,0,2,1,1,0,0,0,2,0,7,60,2,5929,5929,1,0,18,2,0,1,0,0
1295398,1,2022,2022,8,2,4,30,10,24,26,0,1,1,-35.986154,146.082,51,1,0,1,0,0,0,0,2,0,7,100,2,4026,4026,8,5,40,1,0,0,0,1
1295399,4,2022,2022,0,3,6,31,27,5,78,0,1,1,-33.833668,149.991913,51,1,0,0,0,0,0,0,2,0,7,100,1,2585,4009,8,16,40,1,0,1,0,0
1295402,1,2022,2022,6,3,6,5,31,107,30,0,1,1,-33.878633,151.196735,69,0,2,1,3,0,0,0,2,0,7,50,1,14295,14295,3,5,5,3,0,0,0,1
1295403,4,2022,2022,0,0,2,3371,17,463,3342,0,1,2,-30.304763,153.102236,19,2,1,0,2,0,3,3,0,0,7,60,2,1220,1220,9,0,28,2,0,1,1,0
1295405,2,2022,2022,5,3,8,115,27,81,114,0,1,9,-33.887611,151.264956,76,0,2,1,3,0,3,4,2,2,7,50,2,5929,5929,1,5,5,2,0,0,1,0
1295406,1,2022,2022,6,2,6,6,1,370,34609,1,0,1,-34.071911,150.829711,13,0,2,1,3,0,0,0,2,0,7,60,0,1669,1669,3,10,36,2,0,0,0,1
1295408,1,2022,2022,5,0,8,3371,17,40,3342,0,1,2,-33.817299,151.179969,38,0,2,1,3,0,3,4,3,0,7,60,2,3775,3775,0,5,13,2,0,0,0,1
1295412,1,2022,2022,0,3,8,280,10,237,240,0,1,10,-33.863953,150.954285,24,0,2,1,3,0,0,0,2,2,7,60,2,1282,1282,1,9,0,2,0,0,0,1
1295415,1,2022,2022,5,4,9,1052,14,58,928,0,1,3,-33.223011,151.430576,16,1,2,1,3,0,3,0,0,0,7,110,2,14295,14295,3,5,13,2,0,0,0,1
1295424,2,2022,2022,5,0,6,16,31,18,47,0,1,9,-32.894978,151.716688,48,0,2,0,3,0,0,0,2,0,7,60,2,14295,14295,3,5,5,2,0,0,1,0
1295425,4,2022,2022,5,0,8,117,27,72,144,0,1,10,-33.85085,151.090211,14,0,2,1,2,0,3,4,3,0,15,60,2,6545,6545,4,5,13,2,0,1,0,1
1295429,2,2022,2022,3,5,10,2,27,5,34609,0,1,1,-30.190448,148.923892,51,1,0,0,0,0,3,4,0,0,7,100,0,418,714,5,10,40,1,0,0,1,0
1295433,4,2022,2022,8,6,7,829,1,337,35,0,1,2,-33.72521,150.977085,71,0,2,0,1,0,0,0,2,0,7,50,1,3775,3775,0,30,5,3,0,1,0,0
1295434,2,2022,2022,5,5,5,48,10,463,52,0,1,2,-30.303565,153.123446,19,2,1,1,1,0,3,4,2,0,7,60,1,3775,3775,0,0,12,2,0,0,1,1
1295437,2,2022,2022,6,5,6,29,27,147,69,0,1,9,-33.871058,151.131977,14,0,2,1,1,0,0,0,2,0,0,60,2,2852,2852,4,5,19,2,0,0,1,0
1295438,2,2022,2022,6,0,8,1,25,70,34609,0,1,1,-33.877262,150.882525,24,0,2,1,1,0,0,0,2,0,7,50,0,9859,9859,1,5,5,2,0,0,1,0
1295446,4,2022,2022,5,0,8,5,23,147,34609,0,1,1,-33.886158,150.998871,15,0,2,1,2,0,0,0,0,0,7,40,0,1220,1220,9,0,28,2,0,1,0,0
1295447,2,2022,2022,3,6,2,25,27,87,100,0,1,7,-34.484581,150.415828,78,2,1,0,0,0,3,4,1,0,0,50,2,6545,6545,4,10,5,2,0,0,1,1
1295451,4,2022,2022,6,3,9,1052,14,207,928,0,1,3,-33.555774,151.192702,31,0,2,1,0,0,0,0,0,0,7,110,2,1220,1220,9,5,28,3,0,1,2,0
1295453,2,2022,2022,6,2,3,2126,17,55,2149,0,1,10,-33.792142,150.871385,7,0,2,1,2,0,0,0,1,2,7,80,2,5929,5929,1,5,5,2,0,0,2,0
1295455,2,2022,2022,8,2,10,2126,17,125,2149,0,1,9,-33.863814,151.081945,67,0,2,1,2,0,0,0,0,2,7,60,2,14295,14295,3,0,5,2,0,0,2,0
1295457,2,2022,2022,6,4,3,9,27,81,34609,1,0,9,-33.886092,151.259507,81,0,2,0,1,0,0,0,2,0,15,50,0,2852,2852,4,0,27,2,0,0,1,0
1295460,4,2022,2022,6,5,4,3,27,6,34609,0,1,1,-31.204495,151.025621,70,1,0,0,0,0,0,0,2,0,7,100,0,591,591,1,31,13,2,0,1,0,1
1295461,1,2022,2022,0,0,6,168,10,387,260,0,1,2,-33.945928,151.178699,4,0,2,1,2,0,0,0,2,0,7,70,2,1282,1282,1,5,36,2,0,0,0,1
1295462,1,2022,2022,8,1,5,1,27,4,34609,0,1,9,-35.525979,149.550521,58,1,0,1,3,2,3,0,2,0,7,100,0,1945,1945,5,16,40,1,0,0,0,1
1295464,2,2022,2022,6,6,4,53,36,19,34,0,1,9,-33.413362,148.217176,51,1,0,1,3,0,0,0,2,0,7,100,2,1089,1089,7,0,40,1,0,0,1,0
1295465,1,2022,2022,6,4,9,19,27,87,34609,0,1,1,-33.684019,150.95656,71,0,2,1,3,0,3,3,0,0,7,60,0,14295,14295,3,5,0,2,0,0,0,1
1295470,1,2022,2022,8,2,4,95,27,50,36,0,1,10,-33.516712,151.329697,16,2,2,1,3,0,0,0,2,0,15,60,1,6545,6545,4,0,5,2,0,0,0,1
1295471,1,2022,2022,6,2,9,330,23,293,112,0,1,9,-33.95072,151.241677,59,0,2,1,3,0,0,0,0,0,0,60,2,150,150,4,0,18,2,0,0,0,1
1295473,4,2022,2022,5,1,6,10,31,74,34609,0,1,10,-34.641884,148.024811,20,2,1,1,3,0,0,0,2,0,0,50,0,6545,6545,4,10,12,2,0,1,0,0
1295475,2,2022,2022,8,2,6,89,27,3,228,0,1,9,-32.888851,151.261539,17,2,1,1,3,0,0,3,2,0,7,60,1,1850,985,5,16,40,1,0,0,1,0
1295480,1,2022,2022,5,3,5,220,27,69,222,0,1,10,-33.774105,150.961388,54,0,2,1,3,0,3,0,2,2,7,80,2,14295,14295,3,9,0,2,0,0,0,1
1295481,1,2022,2022,6,0,9,2209,17,79,2205,0,1,9,-33.979265,151.121361,25,0,2,1,3,0,0,0,3,0,7,70,2,14295,14295,3,10,5,2,0,0,0,1
1295484,1,2022,2022,5,0,9,2126,17,363,2149,0,1,2,-33.750418,150.687134,55,0,2,1,3,0,3,0,3,0,7,60,2,3775,3775,0,5,5,2,0,0,0,1
1295486,2,2022,2022,3,0,11,220,14,51,220,0,1,3,-34.201774,150.965263,80,0,2,0,3,0,3,4,0,0,7,110,2,1957,4009,8,5,40,1,0,0,1,0
1295487,2,2022,2022,6,0,7,125,27,290,103,0,1,10,-33.863022,151.006226,21,0,2,1,3,0,0,0,2,2,7,60,1,5929,5929,1,33,13,2,0,0,1,0
1295490,4,2022,2022,6,6,8,87,31,60,34609,0,1,9,-33.756604,150.758188,55,0,2,1,0,0,0,0,3,0,0,50,0,340,340,9,10,28,2,0,1,0,0
1295491,2,2022,2022,5,6,7,1052,14,59,928,0,1,3,-33.172247,151.466762,37,0,2,1,0,0,3,4,2,0,7,110,2,4026,4026,1,30,5,3,0,0,3,0
1295493,4,2022,2022,6,4,8,150,27,197,415,0,1,10,-33.797721,151.114963,61,0,2,0,0,0,0,0,2,2,7,70,2,5929,5929,1,30,0,2,0,1,0,0
1295495,1,2022,2022,6,2,6,485,27,323,769,0,1,2,-33.762181,150.99331,71,0,2,1,1,0,0,0,2,0,7,60,2,14295,14295,3,5,0,2,0,0,0,1
1295498,2,2022,2022,6,4,8,9,27,4,34609,0,1,1,-31.946245,152.563562,43,2,1,0,1,0,0,0,2,0,7,70,0,1259,5151,8,5,40,1,0,0,1,0
1295501,1,2022,2022,5,3,10,330,27,108,605,0,1,2,-33.764392,151.271024,50,0,2,1,2,0,3,4,0,0,7,60,2,9859,9859,1,5,12,2,0,0,0,1
1295504,2,2022,2022,5,1,9,112,27,96,256,0,1,9,-34.05242,150.824406,13,0,2,0,2,0,3,4,0,2,7,60,2,4552,5151,8,0,40,2,0,0,1,0
1295506,4,2022,2022,0,3,7,78,31,135,34609,0,1,1,-32.892667,151.736524,48,0,2,1,0,0,0,0,2,0,7,50,0,9859,9859,1,0,5,4,0,1,0,0
1295508,4,2022,2022,6,4,7,3,27,45,34609,0,1,1,-33.819645,150.795429,55,0,2,1,1,0,0,0,2,0,7,60,0,9859,9859,1,5,5,3,0,1,0,1