Crash ID,Degree of crash - detailed,Reporting year,Year of crash,Month of crash,Day of week of crash,Two-hour intervals,Street of crash,Street type,Town,Route no.,School zone location,School zone active,Type of location,Latitude,Longitude,LGA,Urbanisation,Conurbation 1,Alignment,Street lighting,Road surface,Surface condition,Weather,Natural lighting,Signals operation,Other traffic control,Speed limit,Road classification,RUM - code,DCA - code,First impact type,Key TU type,Other TU type,No. of traffic units involved,No. killed,No. seriously injured,No. moderately injured,No. minor-other injured
1295509,2,2022,2022,5,6,9,220,14,74,220,0,1,3,-34.438319,150.866568,80,0,2,1,2,0,0,0,0,0,7,90,2,14295,14295,3,10,5,2,0,0,1,0
1295510,2,2022,2022,6,2,8,512,17,17,441,0,1,1,-33.433751,149.377196,3,1,0,1,0,0,0,0,2,0,7,100,2,4026,4026,8,5,40,1,0,0,1,0
1295511,2,2022,2022,8,1,9,128,27,26,133,0,1,10,-33.774962,150.666682,55,0,2,1,3,0,2,6,0,2,7,60,2,1669,1669,3,10,0,2,0,0,1,0
1295512,1,2022,2022,5,1,8,51,31,562,34609,0,1,7,-32.250641,148.613059,22,2,1,1,1,0,0,0,2,0,0,50,0,5929,5929,1,5,0,2,0,0,0,1
1295513,2,2022,2022,6,4,7,512,17,433,441,0,1,7,-33.282819,149.093791,52,2,1,1,1,0,3,4,2,0,0,40,2,1192,1192,1,5,13,2,0,0,1,0
1295515,2,2022,2022,6,0,8,14,22,82,605,0,1,2,-33.789317,151.257338,50,0,2,0,2,0,0,3,3,0,7,80,2,1282,1282,1,0,18,2,0,0,1,0
1295517,2,2022,2022,6,4,7,21,27,12,61,0,1,1,-34.210103,146.117849,28,1,0,0,0,0,0,0,2,0,7,100,1,1259,5151,8,5,40,1,0,0,1,0
1295519,4,2022,2022,5,5,3,2209,17,273,2205,0,1,1,-34.415347,150.892828,80,0,2,1,1,0,0,0,2,0,7,60,2,2040,2040,9,5,28,2,0,1,0,0
1295520,2,2022,2022,8,6,6,171,31,252,34609,0,1,1,-33.880675,151.213925,69,0,2,1,0,0,0,0,2,0,7,40,0,387,387,1,22,0,2,0,0,1,0
1295522,4,2022,2022,8,0,6,7,27,70,34609,0,1,10,-32.910306,151.722678,48,0,2,1,0,0,0,0,2,0,15,50,0,6545,6545,4,5,5,2,0,1,0,1
1295523,2,2022,2022,8,6,4,12,27,2,34609,0,1,1,-35.53703,145.166468,51,1,0,1,3,2,3,3,2,0,7,100,0,9859,9859,8,34,40,1,0,0,1,0
1295524,1,2022,2022,8,6,9,195,27,20,186,0,1,10,-33.935734,150.843262,41,0,2,1,3,0,3,4,0,2,7,70,2,14295,14295,3,33,0,2,0,0,0,1
1295526,4,2022,2022,6,4,9,475,10,42,268,0,1,9,-33.91256,150.904842,41,0,2,1,3,0,0,0,0,2,7,70,2,775,775,4,10,5,2,0,1,0,0
1295527,2,2022,2022,5,1,3,3371,17,39,3342,0,1,7,-33.252244,151.489423,16,2,2,1,3,0,3,4,2,0,7,70,2,14295,14295,3,8,5,2,0,0,1,0
1295533,1,2022,2022,5,3,4,2,27,1,34609,0,1,1,-36.377596,148.376732,65,1,0,0,3,2,1,5,2,0,7,100,0,418,714,5,0,40,1,0,0,0,2
1295535,1,2022,2022,8,4,10,2261,17,19,2252,0,1,3,-34.086129,150.769585,13,0,2,1,0,0,0,3,0,0,7,110,2,14295,14295,3,5,0,2,0,0,0,1
1295536,2,2022,2022,6,3,5,3,27,3,34609,0,1,1,-31.843382,152.741318,43,2,1,0,0,0,0,0,2,0,7,80,0,14295,14295,3,16,0,2,0,0,1,0
1295537,2,2022,2022,6,5,4,42,10,78,39,0,1,7,-34.473953,150.832821,80,0,2,0,3,0,0,0,2,0,0,70,1,395,395,1,5,5,2,0,0,1,0
1295542,1,2022,2022,5,0,5,225,17,85,180,0,1,10,-34.570727,150.775037,62,0,2,1,3,0,0,0,2,2,7,60,2,14295,14295,3,8,5,2,0,0,0,1
1295543,4,2022,2022,6,3,8,6,18,58,34609,0,1,1,-33.755209,151.153279,36,0,2,1,2,0,0,0,3,0,7,20,0,1282,1282,1,5,40,1,0,3,0,0
1295544,4,2022,2022,8,5,9,100,27,42,100,0,1,7,-33.865883,150.846586,24,0,2,1,1,0,0,0,0,0,0,80,2,1945,1945,5,16,40,1,0,1,0,0
1295549,1,2022,2022,6,2,6,11,1,111,34609,0,1,10,-33.702817,150.887241,7,0,2,1,3,0,0,0,2,0,15,50,0,301,301,4,0,5,2,0,0,0,1
1295550,2,2022,2022,5,5,4,361,23,237,35,0,1,1,-33.875626,150.953403,24,0,2,1,0,0,3,4,2,0,7,60,1,1945,1945,5,15,40,1,0,0,1,0
1295551,4,2022,2022,6,2,6,5,31,44,34609,0,1,9,-33.078272,147.151599,51,2,1,1,1,2,0,3,2,0,0,50,0,1089,1089,7,16,40,1,0,1,0,0
1295560,4,2022,2022,5,3,5,2209,17,40,2205,0,1,1,-35.043167,150.578506,63,1,0,0,0,0,3,4,2,0,7,100,2,1259,5151,8,30,40,1,0,1,0,0
1295561,2,2022,2022,6,1,7,1,1,57,34609,1,2,1,-33.350099,151.434724,16,2,2,1,1,0,0,0,2,0,7,40,0,340,340,9,30,28,2,0,0,1,0
1295563,4,2022,2022,5,6,10,30,27,61,93,0,1,7,-33.746093,150.898531,7,0,2,0,2,0,3,4,0,0,0,60,1,3775,3775,0,5,36,2,0,1,0,0
1295566,2,2022,2022,8,5,9,4,10,5,34609,0,1,10,-33.838849,151.106674,14,0,2,1,2,0,0,0,0,0,15,50,0,2040,2040,9,0,28,2,0,0,1,0
1295568,4,2022,2022,8,5,4,11,36,12,11,0,1,1,-33.653,149.036841,51,1,0,0,0,0,0,0,2,0,7,100,1,1850,1463,5,29,40,1,0,1,0,0
1295570,2,2022,2022,6,4,4,2261,17,92,2252,0,1,3,-34.001671,150.839826,13,0,2,1,1,0,0,0,2,0,7,110,2,14295,14295,3,5,0,2,0,0,1,0
1295572,2,2022,2022,6,5,6,481,17,19,483,0,1,9,-35.741663,145.532862,51,2,1,0,0,2,3,0,2,0,7,80,2,1957,4009,8,9,40,1,0,0,1,1
1295573,2,2022,2022,6,4,7,13,1,10,34609,0,1,1,-33.000409,151.584434,37,0,2,1,1,0,0,0,2,0,7,50,0,238,238,9,0,26,2,0,0,1,0
1295574,4,2022,2022,8,3,9,1,27,98,34609,0,1,1,-30.974157,150.264712,51,2,1,1,2,0,0,0,0,0,7,50,0,4026,4026,8,10,40,1,0,1,2,0
1295575,2,2022,2022,6,2,11,6,31,207,34609,0,1,1,-31.949887,141.44395,51,2,1,1,2,0,0,0,0,0,7,50,0,945,945,5,5,40,1,0,0,1,0
1295580,2,2022,2022,5,3,9,45,27,304,96,0,1,9,-33.911503,151.164657,32,0,2,1,2,0,3,4,3,0,7,60,2,1109,787,1,5,5,2,0,0,1,0
1295585,1,2022,2022,6,0,3,2209,17,8,2205,0,1,1,-35.081949,150.545182,63,2,1,1,0,0,0,0,2,0,7,80,2,4026,4026,8,10,40,1,0,0,0,1
1295586,4,2022,2022,6,3,5,112,27,79,769,1,0,9,-33.569248,150.705126,29,2,2,1,1,0,0,0,2,0,0,80,2,1669,1669,3,30,5,3,0,2,0,0
1295587,2,2022,2022,6,3,8,80,27,316,120,0,1,10,-33.913148,151.241934,59,0,2,1,2,0,3,4,3,2,7,50,2,186,186,1,33,18,3,0,0,1,0
1295590,2,2022,2022,8,2,6,1,31,70,34609,0,1,9,-33.871799,150.883057,24,0,2,0,0,0,0,0,2,0,7,50,0,6545,6545,4,5,5,2,0,0,1,0
1295592,2,2022,2022,6,1,3,225,27,304,140,0,1,10,-33.914403,151.152651,32,0,2,1,0,0,3,4,2,0,9,50,1,2040,2040,9,5,28,2,0,0,1,0
1295596,2,2022,2022,0,1,7,18,27,234,34609,0,1,9,-34.270103,146.032272,28,2,1,1,1,0,0,0,2,0,7,50,0,9859,9859,1,5,13,2,0,0,1,0
1295598,1,2022,2022,5,3,7,515,14,202,518,0,1,3,-33.940588,151.036713,15,0,2,1,3,0,3,4,2,0,7,100,2,14295,14295,3,5,5,3,0,0,0,1
1295599,2,2022,2022,8,4,8,515,14,38,518,0,1,3,-33.9436,151.073409,15,0,2,1,3,0,0,0,2,0,7,80,2,945,945,5,10,40,1,0,0,1,0
1295603,4,2022,2022,8,6,8,348,17,31,232,0,1,1,-31.144394,148.40224,51,1,0,1,0,0,3,4,2,0,7,110,2,1089,1089,7,15,40,1,0,1,0,0
1295605,2,2022,2022,5,4,8,294,17,56,288,0,1,9,-35.125027,147.407625,75,2,1,0,3,0,0,0,2,0,7,60,2,1669,1669,3,0,0,2,0,0,1,0
1295606,1,2022,2022,8,5,4,2126,17,62,2149,0,1,9,-33.886107,151.13883,32,0,2,1,3,0,3,0,2,2,7,60,2,14295,14295,3,10,0,2,0,0,0,1
1295607,2,2022,2022,8,5,2,37,23,443,78,0,1,9,-33.908661,151.06955,15,0,2,1,1,0,0,0,1,0,7,60,2,1282,1282,1,33,13,2,0,0,1,0
1295608,4,2022,2022,0,5,8,2261,17,243,2252,0,1,2,-33.939042,150.91313,41,0,2,1,2,0,3,0,0,0,7,60,2,14295,14295,3,9,5,4,0,2,2,0
1295615,2,2022,2022,0,0,8,2261,17,201,2252,0,1,3,-33.988926,150.853676,13,0,2,1,1,0,0,0,2,0,7,110,2,1383,1383,1,10,5,2,0,0,1,0
1295618,1,2022,2022,6,5,8,829,27,26,770,0,1,10,-33.839447,151.139568,51,0,2,1,3,0,0,0,3,2,7,70,2,14295,14295,3,10,5,2,0,0,0,1
1295620,2,2022,2022,5,0,8,1104,14,140,962,0,1,3,-33.794295,150.841641,7,0,2,1,3,0,3,4,0,0,7,100,2,1282,1282,1,5,5,2,0,0,1,0
1295621,2,2022,2022,6,6,6,90,36,18,102,0,1,9,-34.244227,146.214538,28,1,0,1,3,0,0,0,2,0,0,100,2,1669,1669,3,29,13,2,0,0,1,0
1295623,1,2022,2022,5,2,3,30,27,9,39,0,1,1,-35.535179,149.443195,58,1,0,1,3,0,3,4,2,0,7,100,1,9859,9859,8,30,40,1,0,0,0,1
1295634,1,2022,2022,5,6,3,111,27,80,233,0,1,9,-33.933075,151.230201,59,0,2,1,3,0,0,0,2,0,15,60,2,14295,14295,3,0,5,2,0,0,0,1
1295636,4,2022,2022,5,2,3,53,31,67,125,0,1,1,-33.889082,151.005743,15,0,2,1,3,0,3,4,2,0,7,60,1,1981,1981,4,10,5,2,0,1,0,0
1295638,1,2022,2022,5,5,7,916,17,37,917,0,1,10,-32.677421,151.388776,17,2,1,1,3,0,3,4,2,0,15,60,2,1669,1669,3,10,13,2,0,0,0,1
1295639,2,2022,2022,5,4,7,3,1,218,34609,0,1,9,-33.768165,150.777552,55,0,2,1,3,0,0,0,2,0,7,50,0,9859,9859,8,0,40,1,0,0,1,0
1295643,2,2022,2022,0,0,10,1,6,75,34609,0,1,1,-32.766567,151.651603,42,2,1,1,2,0,0,0,0,0,7,50,0,9859,9859,1,5,13,2,0,0,1,0
1295646,4,2022,2022,0,2,5,35,27,193,33,0,1,10,-33.785661,151.090139,61,0,2,1,1,0,3,4,2,0,0,60,1,2040,2040,9,5,28,2,0,1,0,0
1295647,1,2022,2022,6,6,7,2,1,53,34609,0,1,10,-33.922474,150.847549,41,0,2,1,3,0,0,0,2,0,7,50,0,301,301,4,5,0,2,0,0,0,2
1295649,2,2022,2022,0,3,11,123,1,253,34609,0,1,10,-33.954471,151.090991,25,0,2,1,2,0,0,0,0,0,15,50,0,6545,6545,4,5,13,2,0,0,2,0
1295650,4,2022,2022,8,5,9,89,17,51,21,0,1,1,-34.199992,150.969999,80,0,2,0,0,0,0,0,0,0,7,70,1,2585,4009,8,9,40,1,0,1,0,0
1295651,1,2022,2022,0,5,10,2,27,5,34609,0,1,1,-28.525736,153.145687,51,2,1,0,0,0,3,0,0,0,7,80,0,2585,4009,8,10,40,1,0,0,0,1
1295652,1,2022,2022,7,0,7,866,17,110,793,0,1,9,-33.752927,151.047823,71,0,2,0,3,0,0,0,2,2,7,70,2,5929,5929,1,5,12,2,0,0,0,1
1295655,4,2022,2022,8,2,9,15,27,19,34609,0,1,1,-28.21565,153.483531,72,2,1,0,0,0,0,3,3,0,7,50,0,4552,5151,8,5,40,1,0,1,0,0
1295656,1,2022,2022,8,3,8,9,27,1,23,0,1,1,-33.609684,142.470181,51,1,0,1,0,2,3,0,2,0,7,100,1,1945,1945,5,33,40,1,0,0,0,1
1295658,2,2022,2022,8,6,7,2,31,103,34609,0,1,1,-34.323884,148.299793,30,2,1,1,1,0,3,4,2,0,7,60,0,4026,4026,8,5,40,1,0,0,1,0
1295662,4,2022,2022,6,2,11,9,27,4,34609,0,1,1,-35.091859,147.474149,75,1,0,0,0,1,2,6,0,0,7,100,0,1259,5151,8,10,40,1,0,1,0,0
1295663,4,2022,2022,8,0,8,36,31,162,34609,0,1,1,-33.840353,150.916248,24,0,2,1,1,0,0,0,3,0,7,60,0,1981,1981,4,10,19,3,0,1,0,0
1295665,2,2022,2022,8,0,4,22,27,173,207,0,1,2,-33.876317,151.227496,69,0,2,1,1,0,3,4,2,0,7,60,2,1945,1945,5,15,40,1,0,0,1,0
1295666,4,2022,2022,8,6,4,229,14,173,237,0,1,3,-33.778341,151.12854,61,0,2,1,1,0,3,4,2,0,7,100,2,9859,9859,8,5,40,1,0,1,1,0
1295667,4,2022,2022,8,3,11,866,17,173,793,0,1,9,-33.719926,151.106098,31,0,2,1,2,0,0,0,0,2,14,70,2,1669,1669,3,9,0,2,0,1,0,0
1295668,2,2022,2022,8,4,5,2209,17,40,2205,0,1,9,-34.983305,150.58775,63,1,0,1,1,0,0,0,2,0,15,100,1,6545,6545,4,5,0,2,0,0,1,0
1295669,4,2022,2022,8,2,10,112,27,79,769,0,1,1,-33.578903,150.718579,29,2,2,1,2,0,0,0,0,0,7,60,2,5929,5929,1,5,19,2,0,1,0,0
1295670,1,2022,2022,8,5,11,5,27,4,34609,0,1,1,-35.20047,148.894939,82,1,0,0,0,2,0,0,0,0,7,100,0,3775,3775,0,30,13,2,0,0,0,1
1295671,4,2022,2022,8,0,2,69,31,646,563,0,1,2,-33.916901,151.041103,15,0,2,1,2,0,3,4,1,0,7,60,2,3775,3775,0,5,5,3,0,2,1,0
1295672,1,2022,2022,8,5,6,171,31,523,34609,0,1,9,-33.917709,150.923401,41,0,2,1,1,0,0,0,2,2,7,50,0,2040,2040,9,10,28,2,0,0,0,1
1295674,2,2022,2022,6,1,3,16,31,246,12,0,1,10,-33.904073,151.2011,69,0,2,1,1,0,0,0,2,2,7,50,1,5929,5929,1,5,18,2,0,0,1,0
1295676,1,2022,2022,0,4,3,344,27,62,382,0,1,2,-33.725505,150.844612,7,0,2,1,3,0,3,4,2,0,7,80,2,1383,1383,1,0,35,2,0,0,0,1
1295677,4,2022,2022,6,5,7,3371,17,40,3342,0,1,2,-32.004952,152.464707,43,1,0,0,0,0,0,0,2,0,7,110,2,1383,1383,1,21,0,2,0,1,0,0
1295678,4,2022,2022,8,4,4,20,27,108,31,1,2,10,-33.762562,151.270011,50,0,2,0,1,0,0,0,2,2,7,40,1,14295,14295,3,8,0,8,0,1,0,1
1295679,4,2022,2022,8,4,7,41,27,228,69,0,1,10,-34.73155,149.734673,26,2,1,0,1,0,0,0,2,0,0,60,1,6545,6545,4,0,5,2,0,1,2,0
1295680,4,2022,2022,0,6,7,1104,14,460,962,0,1,3,-33.819907,150.983074,21,0,2,1,0,0,0,0,2,0,7,90,2,14295,14295,3,8,5,6,0,1,3,1
1295683,2,2022,2022,8,2,7,171,1,387,104,0,1,9,-33.933967,151.199251,4,0,2,0,1,0,3,3,2,1,7,60,2,5929,5929,1,30,5,2,0,0,1,0
1295685,2,2022,2022,5,2,0,45,31,252,55,0,1,10,-33.876859,151.21213,69,0,2,1,2,0,3,4,0,2,9,40,1,1220,1220,9,5,28,2,0,0,1,0
1295686,4,2022,2022,6,4,9,119,31,73,34,0,1,9,-33.87413,151.215399,69,0,2,1,2,0,0,0,0,2,7,50,2,14295,14295,3,33,0,3,0,1,0,0
1295687,2,2022,2022,6,4,8,10,27,11,34609,0,1,1,-34.827764,149.836942,26,1,0,0,0,0,3,4,2,0,7,100,0,4552,5151,8,10,40,1,0,0,1,0
1295688,2,2022,2022,5,6,3,22,27,160,260,0,1,9,-33.11889,151.464907,37,0,2,1,2,0,0,0,1,0,7,60,2,5929,5929,1,10,5,2,0,0,2,0
1295691,2,2022,2022,6,1,9,2126,17,169,2149,0,1,9,-33.782316,150.827632,7,0,2,1,2,0,0,0,0,2,7,80,2,2852,2852,4,10,5,2,0,0,1,0
1295694,1,2022,2022,5,4,8,107,22,346,144,1,0,9,-33.874712,151.093837,9,0,2,1,3,0,0,0,3,2,15,60,2,5929,5929,1,5,5,2,0,0,0,1
1295695,1,2022,2022,8,5,8,34,27,38,117,0,1,2,-32.926929,151.695783,48,0,2,1,3,0,0,0,0,0,7,60,2,14295,14295,3,0,13,2,0,0,0,1
1295698,2,2022,2022,0,0,8,10,1,71,34609,0,1,9,-33.253891,151.54609,16,2,2,1,2,0,0,0,3,0,7,50,0,9859,9859,1,16,13,2,0,0,1,0
1295699,1,2022,2022,6,4,5,1,31,247,34609,0,1,1,-33.813683,150.956944,21,0,2,1,0,0,0,0,2,0,7,50,0,18,18,2,5,40,2,0,0,0,1
1295702,4,2022,2022,5,6,10,2126,17,27,2149,0,1,2,-33.719727,150.447586,8,2,2,1,2,0,3,4,0,0,7,60,2,4026,4026,8,16,40,1,0,1,0,0
1295705,4,2022,2022,6,2,5,4,31,58,34609,0,1,9,-33.749818,151.156994,36,0,2,1,1,0,0,0,2,0,0,50,0,5929,5929,1,0,27,2,0,1,0,0
1295706,1,2022,2022,8,2,6,191,27,370,68,0,1,1,-34.062031,150.80977,13,0,2,1,1,0,3,3,2,0,7,60,1,1981,1981,4,5,5,2,0,0,0,1
1295707,2,2022,2022,8,4,4,204,27,387,13,0,1,10,-33.924355,151.187261,4,0,2,1,1,0,0,0,2,2,7,50,2,5929,5929,1,5,5,3,0,0,2,0
1295709,1,2022,2022,8,4,11,103,27,29,256,0,1,1,-34.191027,150.790425,79,2,2,1,3,0,0,0,0,0,7,50,2,9859,9859,8,5,40,1,0,0,0,1
1295710,1,2022,2022,5,5,6,24,31,314,34609,0,1,7,-33.854759,150.921341,24,0,2,1,3,0,3,3,2,0,7,50,0,1282,1282,1,5,5,2,0,0,0,1
1295713,1,2022,2022,5,2,5,283,27,91,702,0,1,2,-33.962758,151.092126,25,0,2,1,3,0,0,3,2,0,7,60,2,14295,14295,3,5,5,2,0,0,0,2
1295715,2,2022,2022,6,0,5,147,27,72,605,0,1,2,-33.829561,151.227676,49,0,2,1,3,0,0,0,2,0,7,60,2,1391,1391,1,15,12,2,0,0,1,0
1295717,1,2022,2022,5,2,5,82,27,346,59,0,1,7,-33.870742,151.083185,67,0,2,1,3,0,0,0,2,0,0,50,1,14295,14295,3,9,0,2,0,0,0,1
1295718,2,2022,2022,5,1,3,54,31,131,62,0,1,9,-33.783671,151.191593,77,0,2,1,3,0,3,3,2,1,7,60,2,1391,1391,1,5,5,2,0,0,1,0
1295725,1,2022,2022,5,0,6,330,27,197,25,0,1,1,-33.800112,151.137199,61,0,2,1,3,0,0,0,2,0,7,60,1,14295,14295,3,5,5,3,0,0,0,1
1295729,1,2022,2022,6,4,8,7,27,40,34609,0,1,9,-33.830476,151.187095,38,0,2,1,3,0,0,0,2,0,7,50,0,2852,2852,4,9,25,2,0,0,0,1
1295730,4,2022,2022,5,3,6,54,27,72,563,0,1,2,-34.014283,151.009856,68,0,2,1,3,0,0,0,2,0,7,80,2,14295,14295,3,10,0,4,0,1,0,1
1295731,2,2022,2022,5,0,8,87,1,225,34609,0,1,10,-33.79663,151.187561,77,0,2,1,3,0,3,4,2,2,7,40,0,623,623,3,5,5,2,0,0,1,0
1295732,1,2022,2022,5,4,10,11,22,293,34609,0,1,2,-33.927055,151.059185,15,0,2,1,3,0,0,0,0,0,7,50,0,387,387,1,5,5,2,0,0,0,1
1295733,1,2022,2022,6,1,6,81,17,10,100,0,1,9,-34.430497,150.482896,78,2,1,1,3,0,0,0,2,2,7,80,2,14295,14295,3,10,13,2,0,0,0,1
1295735,2,2022,2022,6,6,8,39,31,460,34609,0,1,9,-33.848461,151.001633,21,0,2,1,3,0,0,0,3,0,0,50,0,6545,6545,4,0,13,2,0,0,1,0
1295737,4,2022,2022,8,3,3,2,4,278,34609,0,1,9,-33.781779,151.032217,54,0,2,0,1,0,3,4,2,0,7,50,0,2585,4009,8,5,40,1,0,1,0,0
1295741,4,2022,2022,8,5,5,3,27,2,34609,0,1,1,-34.857359,145.623406,51,2,1,0,0,2,0,0,2,0,7,50,0,782,957,5,10,40,1,0,1,0,0
1295744,2,2022,2022,8,2,10,137,14,55,70,0,1,3,-32.832747,151.535744,17,1,0,1,0,0,0,0,0,0,7,110,2,14295,14295,3,0,0,2,0,0,1,0
1295745,2,2022,2022,6,1,10,225,27,304,140,0,1,10,-33.9159,151.150223,32,0,2,1,2,0,0,0,0,2,0,50,1,6545,6545,4,16,5,2,0,0,1,0
1295746,2,2022,2022,7,3,11,99,31,84,105,0,1,9,-33.887367,150.935486,24,0,2,1,2,0,3,4,0,0,0,60,1,4026,4026,8,5,40,1,0,0,1,0
1295748,2,2022,2022,5,5,10,76,24,164,154,0,1,9,-33.729653,150.904368,7,0,2,1,2,0,3,4,0,2,7,70,1,5929,5929,1,0,0,2,0,0,1,0
1295749,2,2022,2022,5,1,9,97,31,71,34609,0,1,1,-33.972887,151.077784,25,0,2,1,0,0,3,4,0,0,7,50,0,941,941,1,5,5,2,0,0,1,0
1295752,2,2022,2022,6,6,5,93,1,92,220,0,1,10,-33.720061,150.939138,71,0,2,1,1,0,0,0,2,2,7,70,2,6545,6545,4,5,22,2,0,0,1,1
1295757,2,2022,2022,8,6,2,38,27,189,165,0,1,10,-33.946327,151.059906,15,0,2,1,2,0,3,4,1,2,7,50,1,5929,5929,1,19,10,2,0,0,1,0
1295764,2,2022,2022,5,6,10,69,31,646,563,0,1,2,-33.906193,151.040202,15,0,2,1,2,0,0,0,0,0,7,60,2,3775,3775,0,33,0,2,0,0,1,0
1295766,4,2022,2022,5,0,11,118,17,98,118,0,1,1,-31.064163,150.27687,51,1,0,1,0,0,0,0,0,0,7,100,2,3775,3775,0,10,5,2,0,1,0,0
1295768,2,2022,2022,6,4,4,85,27,72,145,0,1,9,-33.799075,151.053967,54,0,2,1,0,0,0,0,2,0,0,70,2,5929,5929,1,34,5,2,0,0,1,0
1295769,2,2022,2022,5,2,8,59,10,34,231,0,1,9,-33.507572,151.372711,16,2,2,0,0,0,3,4,2,0,15,60,2,2852,2852,4,0,5,2,0,0,1,0
1295770,2,2022,2022,8,0,10,2126,17,40,2149,0,1,2,-33.704952,150.529623,8,2,2,1,0,0,0,6,0,0,7,80,2,9859,9859,8,0,40,1,0,0,1,0
1295771,2,2022,2022,6,1,7,191,17,562,189,0,1,7,-32.244546,148.614348,22,2,1,0,3,0,0,0,2,0,0,60,2,14295,14295,3,0,0,2,0,0,1,1
1295772,2,2022,2022,6,3,10,4,27,49,34609,0,1,9,-34.04971,151.136592,68,0,2,1,2,0,0,0,0,0,7,50,0,368,368,9,0,28,2,0,0,1,0
1295776,4,2022,2022,6,6,10,60,31,134,34609,0,1,1,-33.665275,150.863686,7,0,2,1,2,0,0,0,0,0,7,60,0,1945,1945,5,16,40,1,0,1,0,0
1295778,1,2022,2022,8,5,4,330,27,106,605,0,1,9,-33.687604,151.304698,50,0,2,1,2,0,0,0,2,2,7,70,2,14295,14295,3,30,0,3,0,0,0,1
1295779,4,2022,2022,8,2,7,3,27,23,34609,0,1,1,-32.014956,152.38495,43,2,1,0,0,2,0,0,2,0,7,80,0,3775,3775,0,16,0,2,0,1,0,0
1295780,1,2022,2022,3,3,8,3371,17,35,3342,0,1,2,-32.097883,152.376443,43,1,0,0,0,0,3,4,2,0,7,100,2,4552,5151,8,0,40,1,0,0,0,1
1295783,2,2022,2022,6,0,4,3,27,278,34609,1,2,9,-33.782935,151.035467,54,0,2,1,1,0,0,0,2,0,7,40,0,515,515,1,5,27,2,0,0,1,0
1295785,2,2022,2022,5,4,9,165,31,363,34609,0,1,1,-33.815103,151.009793,54,0,2,1,2,0,3,3,0,0,7,40,0,941,941,1,5,18,2,0,0,2,0
1295791,2,2022,2022,8,1,9,361,23,44,165,0,1,9,-33.969457,151.112515,25,0,2,1,2,0,3,4,3,0,7,50,1,14295,14295,3,5,5,2,0,0,1,0
1295792,4,2022,2022,8,6,6,125,27,32,144,0,1,7,-32.769106,152.074538,57,2,1,1,1,0,0,0,2,0,0,80,2,9859,9859,8,5,40,1,0,1,0,0
1295794,2,2022,2022,5,6,4,3,31,316,34609,0,1,9,-31.454171,152.914093,56,2,1,1,1,0,3,4,2,0,2,50,0,2852,2852,4,9,13,2,0,0,2,0
1295796,2,2022,2022,5,3,10,27,27,294,27,0,1,10,-33.933804,150.953613,41,0,2,1,2,0,3,4,0,2,7,60,1,6545,6545,4,5,36,2,0,0,1,0
1295800,1,2022,2022,8,1,7,296,27,290,293,0,1,10,-33.855751,150.995008,21,0,2,1,2,0,0,0,2,2,7,70,2,5929,5929,1,0,5,2,0,0,0,1
1295804,2,2022,2022,5,1,3,15,27,20,34609,0,1,1,-32.929144,151.669726,37,0,2,0,0,0,3,4,1,0,7,50,0,1957,4009,8,0,40,1,0,0,1,0
1295808,4,2022,2022,8,0,7,120,36,35,148,0,1,1,-30.418674,152.850104,6,2,1,0,0,0,3,3,2,0,7,80,2,4552,5151,8,10,40,1,0,2,0,0
1295811,2,2022,2022,6,6,8,5,31,106,19,0,1,10,-33.889784,151.177808,32,0,2,1,0,0,0,0,3,0,0,40,1,5929,5929,1,0,27,2,0,0,1,0
1295812,2,2022,2022,0,4,5,229,14,173,237,0,1,3,-33.773674,151.121963,61,0,2,0,1,0,3,4,2,0,7,100,2,1850,1463,5,16,40,1,0,0,1,0
1295814,2,2022,2022,0,0,7,8,31,77,34609,0,1,10,-32.569309,151.183938,64,2,1,1,1,2,0,0,2,0,15,50,0,6545,6545,4,5,0,2,0,0,2,0
1295817,2,2022,2022,8,6,2,105,17,22,34609,0,1,7,-33.812931,150.920454,21,0,2,1,2,0,0,0,1,0,0,60,0,14295,14295,3,34,5,2,0,0,1,0
1295819,2,2022,2022,5,0,11,45,1,294,26,0,1,9,-33.933231,150.92848,41,0,2,1,2,0,0,0,0,0,7,60,2,14295,14295,3,5,0,2,0,0,1,0
1295820,2,2022,2022,8,4,9,829,27,159,770,0,1,2,-33.80644,151.080521,61,0,2,1,2,0,3,0,0,0,7,60,2,515,515,1,5,19,2,0,0,1,0
1295821,4,2022,2022,8,5,4,6,10,24,34609,0,1,1,-33.727705,150.91781,7,0,2,0,1,0,0,0,2,0,7,50,0,1957,4009,8,16,40,1,0,1,0,0
1295822,2,2022,2022,5,0,4,83,31,43,34609,0,1,1,-33.587001,150.859457,29,2,2,1,1,0,0,0,2,0,7,50,0,340,340,9,0,28,2,0,0,1,0
1295823,2,2022,2022,0,3,8,283,27,197,702,0,1,9,-33.943212,151.077154,15,0,2,1,1,0,0,0,3,2,7,60,2,2852,2852,4,0,5,2,0,0,2,0
1295826,4,2022,2022,7,5,7,2261,17,30,2252,0,1,2,-34.475073,150.322764,78,1,0,1,0,0,3,4,2,0,7,110,2,1192,1192,1,0,2,3,0,2,0,2
1295828,2,2022,2022,6,1,8,12,31,228,34609,0,1,1,-34.762745,149.73235,26,2,1,1,0,0,0,0,2,0,7,50,0,340,340,9,0,28,2,0,0,1,0
1295829,4,2022,2022,5,1,7,78,27,147,78,0,1,9,-33.868504,151.129673,14,0,2,1,0,0,3,4,2,2,9,50,2,2040,2040,9,5,28,2,0,1,0,0