Crash ID,Degree of crash - detailed,Reporting year,Year of crash,Month of crash,Day of week of crash,Two-hour intervals,Street of crash,Street type,Town,Route no.,School zone location,School zone active,Type of location,Latitude,Longitude,LGA,Urbanisation,Conurbation 1,Alignment,Street lighting,Road surface,Surface condition,Weather,Natural lighting,Signals operation,Other traffic control,Speed limit,Road classification,RUM - code,DCA - code,First impact type,Key TU type,Other TU type,No. of traffic units involved,No. killed,No. seriously injured,No. moderately injured,No. minor-other injured
1295841,2,2022,2022,6,5,11,7,1,337,34609,0,1,1,-33.728641,150.997069,71,0,2,1,2,0,0,0,0,0,7,50,0,9859,9859,1,0,0,2,0,0,1,0
1295845,2,2022,2022,8,6,8,15,27,17,34609,0,1,1,-28.236096,153.485483,72,2,1,0,0,0,3,4,0,0,7,80,0,4552,5151,8,10,40,1,0,0,1,0
1295846,4,2022,2022,0,5,6,15,27,143,51,0,1,9,-33.693599,151.098455,31,0,2,1,0,0,0,0,2,2,7,60,2,5929,5929,1,9,19,2,0,1,1,0
1295849,2,2022,2022,8,4,8,9,31,19,34609,0,1,9,-33.761831,151.093302,31,0,2,1,3,0,3,4,2,0,7,50,0,2585,777,8,5,40,1,0,0,1,0
1295850,1,2022,2022,8,2,1,6,10,120,34609,0,1,1,-32.212909,152.556593,43,2,1,0,3,0,3,4,0,0,7,60,0,2585,4009,8,10,40,1,0,0,0,1
1295851,4,2022,2022,6,1,10,361,23,44,165,0,1,9,-33.968843,151.110788,25,0,2,1,1,0,0,0,0,0,0,50,1,214,214,9,5,28,2,0,1,0,0
1295854,1,2022,2022,5,1,4,3371,17,6,3342,0,1,9,-32.682173,151.81476,57,1,0,1,1,0,3,3,2,0,0,100,2,2852,2852,4,0,0,2,0,0,0,2
1295859,1,2022,2022,5,5,10,18,18,193,34609,1,0,9,-33.791928,151.077096,61,0,2,1,2,0,0,0,0,0,7,50,0,515,515,1,5,0,2,0,0,0,1
1295860,4,2022,2022,5,6,9,113,27,113,111,0,1,9,-33.785244,150.770841,55,0,2,1,2,0,0,0,0,2,7,60,2,5929,5929,1,5,13,2,0,1,0,0
1295864,4,2022,2022,8,5,6,225,17,8,180,0,1,7,-34.572386,150.754223,62,0,2,1,1,0,0,0,2,0,0,60,2,9859,9859,8,16,40,1,0,1,0,0
1295866,1,2022,2022,8,5,6,12,1,147,34609,0,1,1,-33.753545,151.286078,50,0,2,1,0,0,0,0,2,0,7,40,0,1945,1945,5,15,40,1,0,0,0,1
1295867,4,2022,2022,5,3,5,2209,17,88,2205,0,1,2,-33.994787,151.116536,25,0,2,0,1,0,0,0,2,0,7,70,2,404,404,8,16,40,1,0,1,0,0
1295868,2,2022,2022,6,4,0,134,10,104,133,0,1,9,-33.831591,151.019631,54,0,2,1,2,0,0,0,0,2,7,70,2,4552,985,8,0,40,1,0,0,1,0
1295873,2,2022,2022,6,3,8,47,31,226,34609,0,1,9,-33.771615,150.813864,7,0,2,1,1,0,0,0,2,0,7,50,0,623,623,3,0,0,2,0,0,1,0
1295874,4,2022,2022,6,2,4,103,27,94,563,0,1,10,-33.834,151.048216,54,0,2,1,1,0,0,0,2,2,7,70,2,6545,6545,4,9,5,3,0,3,0,0
1295876,4,2022,2022,5,0,3,87,31,18,34609,0,1,9,-32.918472,151.757752,48,0,2,0,1,0,3,4,2,0,0,50,0,775,775,4,5,27,2,0,1,0,0
1295878,2,2022,2022,8,2,8,31,27,70,101,0,1,10,-32.910665,151.726712,48,0,2,1,2,0,0,0,0,2,7,60,2,5929,5929,1,5,19,2,0,0,1,0
1295880,4,2022,2022,8,6,8,2,27,2,34609,0,1,1,-36.99076,149.117242,65,2,1,0,0,2,0,0,2,0,7,60,0,1850,1463,5,5,40,1,0,1,0,0
1295881,4,2022,2022,8,4,8,53,36,96,34,0,1,1,-33.384361,148.103787,51,1,0,1,1,0,0,0,2,0,7,100,2,1669,1669,3,10,5,3,0,1,1,0
1295883,2,2022,2022,6,6,6,14,27,78,34609,0,1,1,-28.33231,153.373305,72,2,1,0,1,0,0,0,2,0,7,60,0,2585,4009,8,5,40,1,0,0,1,0
1295884,4,2022,2022,8,2,5,30,24,167,34609,0,1,9,-33.843685,151.07608,54,0,2,1,1,0,0,0,2,0,0,60,0,1192,1192,1,30,27,2,0,1,0,0
1295885,2,2022,2022,6,0,2,2261,17,45,2252,0,1,9,-33.889114,150.969742,15,0,2,0,2,0,0,0,0,2,7,70,2,1669,1669,3,5,5,2,0,0,1,0
1295887,2,2022,2022,6,6,8,12,31,94,34609,0,1,9,-33.777613,150.788819,55,0,2,1,0,0,0,0,2,0,7,50,0,9859,9859,8,34,40,1,0,0,1,0
1295888,4,2022,2022,6,2,5,229,14,173,237,0,1,3,-33.776321,151.125767,61,0,2,1,1,0,0,0,2,0,7,100,2,1282,1282,1,5,19,2,0,1,0,0
1295893,1,2022,2022,5,4,11,16,36,17,43,0,1,1,-28.510708,153.531986,10,2,1,0,0,0,3,4,0,0,7,80,1,14295,14295,3,0,36,2,0,0,0,1
1295896,2,2022,2022,6,2,11,193,27,438,103,0,1,1,-33.864006,151.027501,21,0,2,1,2,0,0,0,0,0,7,50,1,3775,3775,0,0,5,2,0,0,1,0
1295897,2,2022,2022,8,4,4,293,31,532,55,0,1,9,-33.866553,151.212409,69,0,2,1,1,0,3,4,2,2,7,40,1,1957,777,8,29,40,2,0,0,1,0
1295899,2,2022,2022,6,6,9,829,27,159,770,0,1,10,-33.809207,151.092842,61,0,2,1,2,0,0,0,0,2,7,60,2,14295,14295,3,5,5,4,0,0,1,0
1295904,1,2022,2022,6,4,11,220,27,46,222,0,1,9,-33.785715,150.971952,54,0,2,1,3,0,3,4,0,2,7,80,2,14295,14295,3,5,0,3,0,0,0,1
1295911,1,2022,2022,5,2,6,224,27,102,321,0,1,9,-33.95661,151.206013,4,0,2,1,3,0,0,0,2,0,0,50,2,623,623,3,10,5,2,0,0,0,1
1295913,1,2022,2022,6,4,11,132,31,252,126,0,1,1,-33.889398,151.204016,69,0,2,1,3,0,0,0,0,0,7,50,2,77,77,1,0,0,2,0,0,0,1
1295914,1,2022,2022,5,0,8,6,31,438,34609,0,1,10,-33.847878,151.02594,21,0,2,1,3,0,3,4,2,0,15,50,0,6545,6545,4,0,5,2,0,0,0,1
1295915,2,2022,2022,5,5,6,16,2,168,34609,0,1,10,-33.695124,150.819053,7,0,2,1,3,0,0,3,2,0,15,50,0,6545,6545,4,21,12,2,0,0,1,0
1295918,1,2022,2022,5,0,3,149,27,149,38,0,1,10,-33.816789,150.969259,21,0,2,1,3,0,0,0,1,2,7,60,1,1391,1391,1,9,5,2,0,0,0,1
1295919,2,2022,2022,6,6,9,71,36,234,61,0,1,7,-34.311593,146.044541,28,2,1,1,3,0,0,0,0,0,0,60,2,6545,6545,4,10,5,2,0,0,1,0
1295920,4,2022,2022,8,5,9,512,17,11,441,0,1,9,-32.939616,148.891954,11,1,0,0,0,0,3,0,0,0,7,100,2,380,714,5,29,40,1,0,1,0,0
1295925,2,2022,2022,5,1,5,2261,17,46,2252,0,1,10,-33.889319,150.967894,24,0,2,1,3,0,0,0,2,0,15,70,2,1282,1282,1,34,5,2,0,0,1,1
1295929,2,2022,2022,6,0,8,89,36,123,81,0,1,1,-33.686263,148.536191,51,1,0,0,3,0,0,0,2,0,7,100,2,380,714,5,5,40,1,0,0,1,0
1295935,1,2022,2022,0,5,9,82,27,1,103,0,1,1,-28.387546,153.334515,72,2,1,0,0,0,3,4,0,0,7,80,1,404,404,8,16,40,1,0,0,0,1
1295936,4,2022,2022,5,1,7,475,10,523,34609,0,1,9,-33.919979,150.922882,41,0,2,1,1,0,3,4,2,3,7,30,0,2040,2040,9,0,28,2,0,1,0,0
1295938,1,2022,2022,6,3,10,10,31,293,34609,0,1,1,-33.929252,151.063167,15,0,2,1,3,0,0,3,0,0,7,50,0,14295,14295,3,0,36,2,0,0,0,1
1295939,2,2022,2022,5,3,8,225,17,15,180,0,1,1,-34.588164,150.543536,78,1,0,0,3,0,0,0,2,0,7,100,2,1259,5151,8,5,40,1,0,0,1,0
1295941,1,2022,2022,5,0,4,59,31,130,321,0,1,10,-33.871375,151.194899,69,0,2,1,3,0,0,0,2,2,7,50,2,6545,6545,4,5,5,2,0,0,0,1
1295942,1,2022,2022,5,1,10,32,27,14,27,0,1,1,-33.656954,151.270465,50,0,2,0,3,0,0,0,0,0,7,50,2,4552,5151,8,5,40,1,0,0,0,1
1295943,1,2022,2022,5,4,3,63,27,103,172,0,1,10,-32.942406,151.658093,37,0,2,1,3,0,3,4,2,2,9,60,2,14295,14295,3,10,5,3,0,0,0,1
1295945,1,2022,2022,4,4,8,3,1,137,34609,0,1,1,-34.031333,151.063036,68,0,2,1,1,0,0,0,3,0,7,50,0,9859,9859,1,17,0,2,0,0,0,1
1295950,2,2022,2022,5,4,0,25,27,54,34609,0,1,1,-33.628991,150.888433,29,2,2,0,0,0,0,0,0,0,7,70,0,4552,5151,8,9,40,1,0,0,1,0
1295955,2,2022,2022,5,6,0,12,27,39,34609,0,1,1,-32.730246,152.081864,57,2,1,1,2,0,3,3,0,0,7,50,0,4026,4026,1,0,10,2,0,0,1,0
1295956,2,2022,2022,5,6,8,13,27,443,44,0,1,9,-33.912739,151.056366,15,0,2,1,2,0,3,4,2,0,15,60,1,926,926,4,5,5,2,0,0,1,0
1295959,4,2022,2022,6,2,3,2209,17,10,2205,0,1,1,-36.841711,149.813354,5,1,0,0,1,0,0,0,2,0,7,100,2,2585,4009,8,5,40,1,0,1,0,0
1295967,4,2022,2022,6,3,3,11,31,125,51,0,1,7,-33.8592,151.082786,67,0,2,1,2,0,0,0,0,0,0,50,1,2040,2040,9,10,28,3,0,1,1,0
1295968,4,2022,2022,5,6,11,2209,17,176,2205,0,1,2,-33.971333,151.132801,25,0,2,1,2,0,3,4,0,0,7,70,2,14295,14295,3,0,5,2,0,1,0,0
1295969,1,2022,2022,5,4,5,71,31,78,125,0,1,1,-33.85853,151.010614,21,0,2,1,1,0,0,0,2,0,9,60,1,1220,1220,9,5,28,2,0,0,0,1
1295974,4,2022,2022,5,2,5,109,36,18,108,0,1,1,-28.408124,153.449516,72,2,1,1,1,0,0,0,2,0,7,80,1,9859,9859,8,16,40,2,0,1,1,0
1295975,4,2022,2022,5,0,8,35,31,65,34609,0,1,10,-32.927227,151.777606,48,0,2,1,2,0,0,0,0,0,9,40,0,2040,2040,9,22,28,2,0,1,0,0
1295977,2,2022,2022,6,6,4,308,14,53,311,0,1,3,-33.9181,150.852073,41,0,2,1,1,0,0,0,2,0,7,100,2,14295,14295,3,16,40,3,0,0,1,0
1295980,4,2022,2022,6,0,7,866,17,278,793,0,1,10,-33.7823,151.049886,54,0,2,1,0,0,0,0,2,0,0,60,2,926,926,4,15,5,2,0,1,0,0
1295983,2,2022,2022,5,5,2,515,14,252,518,0,1,3,-33.950442,150.882461,41,0,2,1,2,0,3,4,0,0,7,100,2,14295,14295,3,9,13,5,0,0,1,1
1295985,4,2022,2022,5,5,3,17,27,252,34609,0,1,1,-33.928704,150.882401,41,0,2,1,0,0,3,4,2,0,7,60,0,14295,14295,3,10,0,2,0,1,0,0
1295986,2,2022,2022,0,1,7,3,31,283,34609,0,1,10,-33.844372,151.011658,21,0,2,1,1,0,0,0,2,0,15,50,0,5929,5929,1,5,0,2,0,0,1,0
1295991,2,2022,2022,6,1,0,71,31,290,103,0,1,9,-33.863453,151.009277,21,0,2,1,2,0,0,0,0,2,7,60,1,5929,5929,1,5,5,2,0,0,2,0
1295992,4,2022,2022,6,1,2,36,36,4,139,0,1,1,-34.44324,146.198617,51,1,0,1,0,0,0,0,0,0,7,100,2,1089,1089,7,10,40,1,0,1,0,0
1295994,2,2022,2022,8,4,5,1104,14,323,962,0,1,3,-33.791388,150.816239,7,0,2,1,0,0,0,0,2,0,7,110,2,1192,1192,1,33,5,2,0,0,1,0
1295996,4,2022,2022,6,6,8,12,27,76,34609,0,1,2,-33.918462,150.867947,41,0,2,1,0,0,0,0,2,0,7,50,0,14295,14295,3,0,5,5,0,1,0,0
1295998,4,2022,2022,6,5,5,7,31,120,34609,0,1,9,-32.185957,152.515061,43,2,1,1,1,0,0,0,2,0,7,50,0,3775,3775,0,5,5,2,0,1,1,1
1296006,1,2022,2022,5,0,8,1104,14,41,962,0,1,3,-33.826843,151.011266,54,0,2,0,3,0,3,4,2,0,7,90,2,14295,14295,3,10,13,2,0,0,0,1
1296007,1,2022,2022,5,1,9,1,27,19,34609,0,1,10,-34.080218,150.833746,13,0,2,1,3,0,3,0,0,0,0,50,0,6545,6545,4,5,22,2,0,0,0,1
1296008,2,2022,2022,5,4,8,3371,17,15,3342,0,1,2,-30.214792,153.146397,19,1,0,1,3,0,0,0,2,0,7,110,2,941,941,1,29,0,2,0,0,1,0
1296014,1,2022,2022,5,3,7,3371,17,54,3342,0,1,1,-33.449237,151.215817,16,2,2,0,3,0,0,0,2,0,7,60,2,1109,787,1,0,19,2,0,0,0,1
1296015,1,2022,2022,5,6,6,866,17,98,793,0,1,9,-33.735664,151.075708,31,0,2,1,3,0,3,4,2,0,7,70,2,14295,14295,3,10,5,2,0,0,0,1
1296016,1,2022,2022,5,0,9,4,27,8,34609,0,1,1,-28.707142,153.434754,10,1,0,0,3,0,0,0,4,0,7,100,0,4552,5151,8,0,40,1,0,0,0,1
1296018,2,2022,2022,5,3,5,225,17,32,180,0,1,9,-34.560728,150.623525,78,2,1,0,3,0,0,0,2,0,0,80,2,1669,1669,3,16,13,2,0,0,1,0
1296025,1,2022,2022,8,5,4,7,27,293,34609,0,1,7,-33.938068,151.235286,59,0,2,1,0,0,0,0,2,0,0,50,0,6545,6545,4,5,27,2,0,0,0,1
1296026,2,2022,2022,8,3,7,2261,17,44,2252,0,1,9,-33.898513,150.949291,24,0,2,1,1,0,0,0,2,1,7,70,2,214,214,9,0,28,2,0,0,1,0
1296032,2,2022,2022,6,3,9,12,27,55,12,0,1,1,-33.903708,151.077534,67,0,2,1,2,0,0,0,0,0,7,60,1,9859,9859,1,5,12,2,0,0,1,0
1296035,2,2022,2022,5,1,3,109,27,204,105,0,1,9,-33.897949,150.925232,24,0,2,1,3,0,0,0,2,2,7,60,2,6545,6545,4,0,5,2,0,0,1,0
1296036,1,2022,2022,5,4,7,2,31,47,14,0,1,1,-35.254087,149.438266,58,2,1,1,3,0,0,0,2,0,7,50,1,1981,1981,4,10,0,2,0,0,0,1
1296037,4,2022,2022,6,4,0,255,27,66,172,0,1,1,-32.929953,151.648609,37,0,2,1,2,0,0,0,0,0,7,60,2,9859,9859,8,5,40,1,0,1,0,0
1296038,2,2022,2022,6,0,9,78,27,284,61,0,1,9,-33.906059,151.020676,15,0,2,1,2,0,0,0,0,0,7,60,1,941,941,1,5,19,2,0,0,1,0
1296041,2,2022,2022,5,6,4,1052,14,160,928,0,1,3,-33.101269,151.46229,37,0,2,0,3,0,0,0,2,0,7,110,2,14295,14295,3,5,5,3,0,0,1,0
1296042,1,2022,2022,5,1,3,255,27,20,76,0,1,9,-32.93621,151.672264,37,0,2,0,3,0,0,0,1,0,0,60,1,1282,1282,1,22,12,2,0,0,0,1
1296047,4,2022,2022,5,1,7,11,3,22,122,0,1,2,-34.50016,150.888024,80,0,2,1,3,0,0,0,2,0,7,70,2,14295,14295,3,5,13,2,0,1,0,0
1296050,1,2022,2022,6,2,1,1,31,67,34609,0,1,1,-33.645424,150.902051,71,0,2,1,3,0,0,0,0,0,7,50,0,9859,9859,1,5,13,3,0,0,0,1
1296051,1,2022,2022,5,5,10,2126,17,78,2149,0,1,2,-33.866383,151.093434,14,0,2,1,3,0,0,0,0,0,7,60,2,14295,14295,3,5,5,2,0,0,0,1
1296052,1,2022,2022,5,3,4,149,27,42,198,0,1,2,-33.945069,150.946521,41,0,2,1,3,0,3,4,2,0,0,60,2,14295,14295,3,5,0,2,0,0,0,3
1296055,4,2022,2022,5,0,4,3371,17,73,3342,1,0,9,-33.773457,151.165844,36,0,2,1,3,0,0,0,2,2,7,60,2,14295,14295,3,3,36,2,0,1,0,0
1296058,4,2022,2022,8,0,6,145,31,532,34609,0,1,10,-33.863366,151.211861,69,0,2,1,0,0,3,4,2,2,7,40,0,312,312,2,21,40,1,0,1,0,0
1296062,1,2022,2022,6,0,3,829,27,123,770,0,1,2,-33.814108,151.054468,54,0,2,1,1,0,0,0,2,0,7,70,2,515,515,1,10,19,2,0,0,0,1
1296063,2,2022,2022,5,1,7,6,10,101,34609,0,1,2,-32.90934,151.609681,37,0,2,0,1,0,0,0,2,0,7,50,0,2585,4009,8,10,40,1,0,0,1,0
1296064,2,2022,2022,6,4,9,3371,17,463,3342,0,1,9,-30.285652,153.125194,19,2,1,1,2,0,0,0,3,2,0,60,2,5929,5929,1,0,19,2,0,0,1,0
1296065,2,2022,2022,5,0,5,225,17,76,180,0,1,1,-34.569707,150.441414,78,1,0,1,0,0,3,3,2,0,7,100,2,1669,1669,3,9,12,3,0,0,2,2
1296066,2,2022,2022,5,2,5,48,10,463,32,0,1,9,-30.281879,153.139669,19,2,1,0,1,0,3,4,2,0,7,60,1,256,256,4,10,13,2,0,0,2,0
1296069,1,2022,2022,5,0,1,12,27,58,34609,0,1,9,-32.985573,151.670627,37,0,2,1,3,0,0,0,0,0,0,60,0,28,28,1,34,0,2,0,0,0,1
1296073,2,2022,2022,5,5,7,8,27,168,34609,0,1,9,-33.719324,150.839357,7,0,2,1,1,0,3,3,2,0,15,50,0,2852,2852,4,5,5,2,0,0,1,0
1296074,2,2022,2022,5,4,8,82,31,179,369,0,1,2,-33.755981,150.712412,55,0,2,1,2,0,3,4,3,0,7,70,2,14295,14295,3,5,13,3,0,0,1,0
1296076,1,2022,2022,6,4,3,26,27,103,34609,0,1,9,-32.943202,151.651693,37,0,2,0,1,0,0,0,2,0,15,60,0,775,775,4,0,27,2,0,0,0,1
1296078,4,2022,2022,5,5,7,31,27,4,78,0,1,1,-33.770245,149.898731,51,2,1,1,1,2,3,4,2,0,7,40,1,4026,4026,8,16,40,1,0,1,0,0
1296080,2,2022,2022,5,5,3,5,31,76,34609,0,1,1,-35.354875,150.472218,63,2,1,1,1,0,0,0,2,0,7,50,0,9859,9859,8,5,40,1,0,0,1,0
1296081,1,2022,2022,6,1,3,77,10,13,331,0,1,7,-34.122091,150.698623,79,2,2,0,2,0,0,0,0,0,0,80,1,1282,1282,1,5,5,2,0,0,0,1
1296082,1,2022,2022,5,4,10,2,7,35,34609,0,1,9,-34.10341,150.797484,13,0,2,0,2,0,0,0,0,0,7,50,0,1957,4009,1,5,5,3,0,0,0,1
1296085,2,2022,2022,5,4,5,25,31,445,103,0,1,9,-33.864471,151.037918,21,0,2,1,1,0,0,0,2,0,0,50,1,1669,1669,3,0,5,4,0,0,2,0
1296088,2,2022,2022,6,6,3,4,1,84,181,0,1,10,-33.894217,151.266207,76,0,2,1,0,0,0,0,1,0,6,50,2,1957,777,1,5,12,2,0,0,1,0
1296089,1,2022,2022,6,4,5,4,30,346,144,0,1,10,-33.871335,151.092197,67,0,2,1,1,0,0,0,2,2,9,60,2,2040,2040,9,33,28,2,0,0,0,1
1296090,4,2022,2022,8,3,8,162,27,174,14,0,1,1,-33.870861,150.917262,24,0,2,1,2,0,0,0,3,0,7,50,1,340,340,9,5,28,2,0,1,0,0
1296093,2,2022,2022,8,4,6,149,10,346,702,0,1,2,-33.879729,151.068607,67,0,2,1,1,0,0,0,2,0,7,80,2,14295,14295,3,5,5,2,0,0,1,0
1296095,4,2022,2022,6,0,8,5,27,12,34609,0,1,1,-33.409451,148.798993,11,1,0,0,0,0,3,4,3,0,7,100,0,3775,3775,0,30,13,2,0,1,1,0
1296106,2,2022,2022,5,5,9,39,27,5,29,0,1,1,-32.431706,149.688641,44,1,0,0,0,0,3,0,0,0,7,100,1,3775,3775,0,0,13,2,0,0,1,1
1296107,2,2022,2022,6,1,6,1052,14,56,928,0,1,3,-33.006026,151.503291,37,0,2,1,0,0,0,0,2,0,7,110,2,475,475,5,9,40,1,0,0,1,0
1296109,2,2022,2022,5,0,10,25,27,61,34609,0,1,1,-32.92283,151.735362,48,0,2,1,2,0,0,0,0,0,7,50,0,1981,1981,4,5,5,2,0,0,1,0
1296118,4,2022,2022,5,3,7,16,27,20,34609,0,1,1,-32.953713,151.56243,37,0,2,0,0,0,0,0,2,0,7,80,0,1981,1981,4,30,0,2,0,1,0,0
1296122,4,2022,2022,6,1,9,512,17,28,441,0,1,1,-33.097962,148.870437,11,2,1,0,0,0,0,0,0,0,7,50,2,3775,3775,0,10,0,2,0,1,0,0
1296125,1,2022,2022,6,1,9,53,31,67,125,0,1,10,-33.883709,151.006729,15,0,2,1,3,0,0,0,0,2,7,60,1,5929,5929,1,5,5,2,0,0,0,1
1296127,2,2022,2022,7,4,7,191,27,370,68,0,1,1,-34.059608,150.813794,13,0,2,1,0,0,0,0,2,0,7,60,1,14295,14295,3,33,0,3,0,0,1,0
1296130,4,2022,2022,5,4,6,500,27,646,799,0,1,9,-33.934429,151.033761,15,0,2,1,0,0,0,0,2,0,0,60,2,2040,2040,9,10,28,2,0,1,0,0
1296131,2,2022,2022,6,5,4,2,1,66,34609,0,1,9,-33.713602,150.931077,7,0,2,1,1,0,0,0,2,0,7,50,0,3775,3775,0,5,5,3,0,0,2,0
1296136,1,2022,2022,5,2,5,37,31,273,87,0,1,10,-34.426962,150.899561,80,0,2,1,3,0,3,4,2,2,7,60,2,14295,14295,3,5,36,2,0,0,0,1
1296137,4,2022,2022,5,5,9,2,1,26,34609,0,1,1,-33.682118,150.594213,8,2,2,1,0,0,3,4,0,0,7,50,0,2040,2040,9,30,28,2,0,1,0,0
1296141,2,2022,2022,6,6,3,16,10,5,15,0,1,1,-33.219152,151.584584,16,2,2,0,0,0,0,0,2,0,7,80,1,14295,14295,3,5,13,2,0,0,1,0
1296142,2,2022,2022,6,2,5,2209,17,115,2205,1,0,2,-34.029151,151.081466,68,0,2,1,3,0,0,0,2,0,7,70,2,14295,14295,3,8,5,4,0,0,2,1
1296147,1,2022,2022,6,5,7,13,27,11,13,0,1,9,-29.354991,153.269605,18,2,1,1,0,0,0,0,2,0,0,80,1,2040,2040,9,10,28,2,0,0,0,1
1296150,1,2022,2022,0,0,8,85,10,38,702,0,1,9,-33.837653,151.083604,14,0,2,0,3,0,0,3,2,2,7,70,2,14295,14295,3,10,36,3,0,0,0,1
1296151,1,2022,2022,5,6,6,92,27,28,34609,0,1,1,-34.01581,151.069501,68,0,2,1,3,0,3,4,2,0,7,50,0,1282,1282,1,0,4,2,0,0,0,1
1296155,2,2022,2022,5,2,10,14,1,16,34609,0,1,9,-33.751607,150.747595,55,0,2,1,3,0,3,4,0,0,7,50,0,14295,14295,3,10,5,2,0,0,1,0
1296161,2,2022,2022,5,1,7,171,27,24,369,0,1,2,-33.954724,150.739429,12,0,2,1,3,0,0,0,2,0,7,80,2,9859,9859,8,0,40,1,0,0,1,0
1296162,2,2022,2022,5,6,3,1052,14,87,928,0,1,3,-33.083468,151.474267,37,0,2,0,3,0,3,3,2,0,7,110,2,14295,14295,3,5,13,2,0,0,1,0
1296166,2,2022,2022,5,6,8,3,27,175,34609,0,1,9,-33.780862,151.073385,54,0,2,1,3,0,3,3,2,0,7,50,0,5929,5929,1,5,0,2,0,0,1,0
1296167,1,2022,2022,5,3,5,1052,14,77,928,0,1,3,-33.527499,151.198672,16,1,2,1,3,0,0,0,2,0,7,110,2,1383,1383,1,10,0,2,0,0,0,1
1296169,2,2022,2022,5,6,7,67,23,68,34609,0,1,1,-34.079852,151.011956,68,0,2,1,3,0,3,4,2,0,7,50,0,9859,9859,8,5,40,1,0,0,1,0
1296174,1,2022,2022,5,6,10,1104,14,142,962,0,1,3,-33.827058,151.003627,54,0,2,1,3,0,0,0,0,0,7,90,2,1391,1391,1,9,5,3,0,0,0,2
1296176,2,2022,2022,8,6,8,916,17,37,917,0,1,10,-32.675754,151.387367,17,2,1,1,0,0,0,0,2,0,15,60,2,6545,6545,4,30,5,2,0,0,2,0
1296177,1,2022,2022,5,0,7,1104,14,142,962,0,1,3,-33.827451,151.001517,54,0,2,1,3,0,0,0,2,0,7,90,2,14295,14295,3,5,12,3,0,0,0,1
1296184,1,2022,2022,5,2,5,229,14,197,237,0,1,3,-33.794884,151.136405,61,0,2,0,3,0,0,0,2,0,7,100,2,14295,14295,3,0,13,2,0,0,0,1
1296186,2,2022,2022,5,0,8,150,27,309,415,0,1,2,-33.805485,151.111595,61,0,2,1,3,0,0,0,2,0,7,70,2,14295,14295,3,30,0,3,0,0,1,0
1296189,1,2022,2022,6,5,6,2126,17,33,2149,0,1,9,-33.791475,150.866954,7,0,2,1,3,0,0,0,2,2,7,80,2,1981,1981,4,5,0,2,0,0,0,1
1296190,4,2022,2022,8,1,8,5,36,18,7,0,1,10,-29.439976,147.956733,51,1,0,1,0,0,0,0,2,0,7,100,1,3775,3775,0,10,0,2,0,2,0,1
1296192,4,2022,2022,8,5,10,98,31,100,159,1,0,9,-33.958733,151.151117,4,0,2,1,2,0,0,0,0,0,15,60,2,1220,1220,9,10,28,2,0,1,0,0
1296195,2,2022,2022,6,1,8,133,10,25,121,0,1,7,-31.566815,152.827453,56,2,1,1,1,0,0,0,2,0,0,70,1,6545,6545,4,5,27,2,0,0,1,0
1296196,2,2022,2022,6,2,3,98,27,223,11,0,1,1,-33.797985,150.926246,7,0,2,1,2,0,0,0,1,0,7,60,1,9859,9859,1,5,0,4,0,0,1,0
1296202,1,2021,2021,0,1,1,2261,17,284,2252,0,1,9,-33.907275,151.023958,15,0,2,1,2,0,0,0,0,2,9,60,2,1220,1220,9,5,28,2,0,0,0,1
1296207,4,2022,2022,0,4,8,78,31,49,34609,0,1,1,-33.973601,151.147038,4,0,2,1,0,0,0,3,2,0,7,50,0,340,340,9,0,28,2,0,1,1,0
1296208,2,2022,2022,8,3,9,1,27,54,34609,0,1,1,-33.623145,150.87341,29,2,2,0,0,0,0,0,0,0,7,60,0,273,957,5,10,40,1,0,0,3,1
1296210,1,2022,2022,4,3,7,18,27,251,13,1,0,9,-33.782476,150.94065,7,0,2,1,1,0,0,0,2,2,7,60,1,5929,5929,1,5,5,3,0,0,0,1
1296226,2,2022,2022,5,4,6,22,31,157,2,0,1,1,-33.808171,151.019509,54,0,2,1,3,0,3,4,2,0,7,60,1,9859,9859,8,0,40,1,0,0,1,0
1296232,2,2022,2022,6,6,7,78,31,228,34609,0,1,9,-34.759492,149.714343,26,2,1,1,3,0,0,0,2,0,0,50,0,5929,5929,1,0,5,2,0,0,1,0
1296236,1,2022,2022,8,5,11,5,27,47,34609,0,1,1,-35.352245,149.428309,58,1,0,1,3,0,0,3,0,0,7,100,0,1089,1089,7,0,40,1,0,0,0,1
1296237,1,2022,2022,5,5,7,104,27,137,140,0,1,1,-33.922378,151.203046,4,0,2,1,3,0,0,0,2,0,7,60,2,1109,397,1,5,5,2,0,0,0,1
1296239,2,2022,2022,5,0,5,44,27,253,331,0,1,9,-33.959078,151.110126,25,0,2,1,3,0,0,0,2,2,7,60,2,5929,5929,1,0,13,2,0,0,1,0
1296246,4,2022,2022,5,3,8,18,27,13,20,0,1,1,-33.702787,149.975459,40,1,0,0,0,0,0,0,3,0,7,100,2,1957,4009,8,0,40,1,0,2,2,0
1296247,1,2022,2022,5,0,9,126,27,370,168,0,1,10,-34.06501,150.79378,13,0,2,1,2,0,3,4,0,2,7,80,2,1669,1669,3,5,5,3,0,0,0,1
1296248,2,2022,2022,6,5,7,105,17,251,136,0,1,9,-33.770987,150.938776,7,0,2,0,2,0,0,0,2,2,7,60,2,5929,5929,1,5,0,2,0,0,1,0