Crash ID,Degree of crash - detailed,Reporting year,Year of crash,Month of crash,Day of week of crash,Two-hour intervals,Street of crash,Street type,Town,Route no.,School zone location,School zone active,Type of location,Latitude,Longitude,LGA,Urbanisation,Conurbation 1,Alignment,Street lighting,Road surface,Surface condition,Weather,Natural lighting,Signals operation,Other traffic control,Speed limit,Road classification,RUM - code,DCA - code,First impact type,Key TU type,Other TU type,No. of traffic units involved,No. killed,No. seriously injured,No. moderately injured,No. minor-other injured
1296249,2,2022,2022,8,3,4,57,27,337,47,0,1,9,-33.733044,151.002643,71,0,2,1,2,0,0,0,2,2,7,60,2,2852,2852,4,5,19,2,0,0,1,0
1296253,1,2022,2022,5,1,10,72,27,82,102,0,1,10,-33.794422,151.264849,50,0,2,1,2,0,0,0,0,2,7,60,2,5929,5929,1,5,5,2,0,0,0,1
1296256,1,2022,2022,5,5,5,916,17,48,917,0,1,1,-29.053033,152.01922,51,2,1,1,1,0,3,3,2,0,9,40,2,1220,1220,9,10,28,2,0,0,0,1
1296262,2,2022,2022,6,0,4,2209,17,77,2205,0,1,2,-33.923528,151.162168,32,0,2,1,1,0,0,0,2,0,7,60,2,14295,14295,3,10,13,2,0,0,1,0
1296264,1,2022,2022,5,4,7,80,31,198,34609,0,1,10,-33.908019,151.109511,15,0,2,1,1,0,0,0,2,0,0,50,0,6545,6545,4,0,0,2,0,0,0,1
1296265,4,2022,2022,6,2,4,2261,17,243,2252,0,1,9,-33.963852,150.879216,41,0,2,1,1,0,0,0,2,2,7,70,2,2852,2852,4,21,0,2,0,1,0,0
1296268,2,2022,2022,5,1,7,26,27,92,25,0,1,10,-33.971615,150.816772,13,0,2,1,1,0,0,0,2,2,7,70,1,14295,14295,3,0,5,3,0,0,1,0
1296270,4,2022,2022,8,6,11,6,27,14,6,0,1,9,-30.324609,152.696889,6,2,1,0,0,0,3,4,0,0,7,80,1,4552,5151,8,10,40,1,0,1,0,0
1296271,1,2022,2022,5,0,3,43,27,136,76,0,1,9,-32.922325,151.715764,48,0,2,1,2,0,0,0,1,0,0,60,1,775,775,4,33,27,2,0,0,0,1
1296273,4,2022,2022,0,0,7,8,31,128,34609,0,1,7,-33.623449,150.804323,29,2,2,1,1,0,0,0,2,0,0,50,0,6545,6545,4,22,5,2,0,1,0,0
1296275,4,2022,2022,5,4,8,56,27,443,44,0,1,9,-33.912739,151.056366,15,0,2,1,0,0,0,0,0,0,7,60,1,1220,1220,9,0,28,2,0,1,0,0
1296276,2,2022,2022,5,5,9,104,27,137,140,0,1,10,-33.922923,151.207044,69,0,2,1,2,0,0,0,0,2,7,60,2,5929,5929,1,5,18,2,0,0,1,0
1296278,2,2022,2022,4,2,9,93,1,31,231,0,1,1,-33.507707,151.331087,16,2,2,1,0,0,0,0,3,0,7,60,2,14295,14295,3,5,5,2,0,0,1,0
1296279,2,2022,2022,6,6,6,81,17,7,100,0,1,9,-34.424546,150.490816,78,2,1,1,1,0,0,0,2,0,0,80,2,1957,777,8,5,40,1,0,0,2,0
1296282,4,2022,2022,0,2,11,478,17,122,480,0,1,9,-33.431098,151.339538,16,2,2,1,2,0,0,0,0,0,9,60,2,4026,4026,8,5,40,1,0,1,0,0
1296284,2,2022,2022,8,4,4,100,27,1,78,0,1,1,-33.476485,149.661986,3,2,1,1,0,0,3,1,2,0,7,80,2,475,475,5,5,40,1,0,0,1,0
1296285,1,2022,2022,8,5,5,293,27,438,34609,1,0,1,-33.847443,151.033043,21,0,2,1,1,0,0,0,2,0,7,50,0,1109,787,1,0,19,2,0,0,0,1
1296287,4,2022,2022,8,5,7,1104,14,323,962,0,1,3,-33.791388,150.816232,7,0,2,1,1,0,3,4,2,0,7,110,2,1192,1192,1,5,5,4,0,1,1,0
1296292,4,2022,2022,8,4,2,2209,17,82,34609,0,1,1,-34.371683,150.897132,80,0,2,1,2,0,3,4,0,0,7,50,0,340,340,9,9,28,2,0,1,1,0
1296294,4,2022,2022,6,2,5,2261,17,39,2252,0,1,2,-35.96382,147.0047,0,1,0,0,0,0,3,4,2,0,7,110,2,418,714,5,9,40,1,0,1,0,1
1296296,2,2022,2022,6,6,4,57,36,112,769,0,1,1,-33.610498,150.807762,29,2,2,1,3,0,0,0,2,0,7,60,2,1669,1669,3,0,5,3,0,0,1,1
1296298,4,2022,2022,8,1,3,153,27,188,147,1,0,1,-33.949497,151.103165,4,0,2,1,2,0,0,0,2,0,7,60,2,14295,14295,3,8,35,4,0,1,0,0
1296299,2,2022,2022,6,0,1,19,27,58,34609,0,1,1,-34.04933,151.115676,68,0,2,1,2,0,0,0,0,0,7,50,0,9859,9859,1,5,0,3,0,0,1,0
1296306,1,2022,2022,6,0,4,83,31,523,34609,0,1,1,-33.916654,150.922366,41,0,2,1,3,0,0,0,2,0,7,50,0,1981,1981,4,5,5,2,0,0,0,1
1296307,4,2022,2022,5,4,11,9,31,363,34609,0,1,7,-33.80655,151.004627,54,0,2,1,3,0,0,0,0,0,0,40,0,4026,4026,1,30,5,3,0,1,2,0
1296316,4,2022,2022,8,0,5,1052,14,21,928,0,1,3,-33.252032,151.404481,16,1,2,0,1,0,0,0,2,0,7,110,2,14295,14295,3,0,5,2,0,1,0,0
1296318,2,2022,2022,5,5,5,5,27,95,34609,0,1,9,-34.388042,150.884821,80,0,2,1,1,0,0,0,2,0,15,50,0,2852,2852,4,5,5,2,0,0,1,0
1296319,1,2022,2022,0,4,7,57,31,38,169,0,1,1,-32.814953,151.465003,17,2,1,1,0,0,0,6,2,0,7,60,2,9859,9859,8,16,40,1,0,0,0,1
1296322,2,2022,2022,6,2,6,14,31,80,19,0,1,7,-33.882387,151.173473,32,0,2,1,1,0,0,0,2,0,0,40,1,4026,4026,8,16,40,1,0,0,1,0
1296323,2,2022,2022,8,1,0,2261,17,35,2252,0,1,3,-34.199132,150.705893,79,1,2,1,0,0,0,0,0,0,7,110,2,1089,1089,7,5,40,3,0,0,2,0
1296324,4,2022,2022,5,2,7,194,31,48,34609,0,1,7,-32.720621,152.141452,57,2,1,1,0,0,0,0,2,0,0,50,0,4552,985,8,34,40,1,0,1,0,0
1296325,1,2022,2022,6,1,7,222,27,98,70,1,0,9,-33.737111,151.062742,31,0,2,1,1,0,0,0,2,2,7,60,2,2852,2852,4,5,0,2,0,0,0,1
1296328,4,2022,2022,5,3,6,5,31,123,34609,0,1,1,-33.804719,151.053907,54,0,2,0,0,0,3,4,2,0,7,50,0,3775,3775,0,5,0,2,0,1,0,1
1296331,2,2022,2022,5,5,9,37,31,80,19,1,0,1,-33.883965,151.169528,32,0,2,1,2,0,0,0,0,0,7,50,2,1109,787,1,0,19,2,0,0,1,0
1296332,2,2022,2022,8,1,11,79,10,18,231,0,1,1,-33.46374,151.316885,16,2,2,0,2,0,3,4,0,0,7,60,2,4552,5151,8,5,40,1,0,0,1,0
1296333,1,2022,2022,7,4,11,109,27,61,105,0,1,10,-33.894814,150.903061,24,0,2,1,2,0,0,0,0,2,7,60,2,9859,9859,8,5,40,1,0,0,0,1
1296335,2,2022,2022,5,0,6,19,27,232,34609,0,1,2,-33.676312,150.922553,71,0,2,1,0,0,0,0,2,0,7,60,0,4026,4026,8,10,40,1,0,0,1,0
1296339,1,2022,2022,5,2,2,2126,17,438,2149,0,1,2,-33.838399,151.027997,21,0,2,1,2,0,3,0,1,0,7,60,2,1391,1391,1,10,5,2,0,0,0,1
1296340,4,2022,2022,5,2,6,85,10,38,702,0,1,2,-33.842253,151.082856,14,0,2,1,1,0,0,0,2,0,7,80,2,14295,14295,3,0,0,2,0,1,1,1
1296341,4,2022,2022,8,4,3,1104,14,149,962,0,1,3,-33.816305,150.964034,21,0,2,1,2,0,0,0,1,0,7,90,2,204,204,1,5,0,4,0,1,1,0
1296342,1,2022,2022,5,5,0,168,17,32,212,0,1,1,-35.339151,149.302492,58,1,0,0,0,0,0,0,0,0,7,100,2,418,714,5,9,40,1,0,0,0,1
1296344,2,2022,2022,5,2,2,48,10,135,58,0,1,2,-32.889944,151.73945,48,0,2,1,0,0,0,0,0,0,7,80,2,3775,3775,0,5,27,2,0,0,1,0
1296346,1,2022,2022,5,0,3,8,1,346,144,0,1,1,-33.868449,151.092838,14,0,2,1,0,0,3,3,2,0,7,60,2,1282,1282,1,5,0,2,0,0,0,1
1296348,4,2022,2022,5,5,11,19,27,164,65,0,1,2,-33.72146,150.891937,7,0,2,0,0,0,0,0,0,0,7,60,1,2585,4009,8,5,40,1,0,1,0,0
1296349,1,2022,2022,5,5,3,26,31,363,34609,0,1,7,-33.760414,150.700686,55,0,2,1,0,0,0,0,2,0,0,50,0,6545,6545,4,5,5,2,0,0,0,1
1296352,2,2022,2022,5,4,5,8,27,70,34609,1,0,7,-33.978843,151.110519,25,0,2,1,1,0,3,0,2,0,0,50,0,775,775,4,5,40,2,0,0,1,0
1296356,4,2022,2022,5,3,8,26,31,370,34609,0,1,1,-34.068895,150.813801,13,0,2,1,2,0,0,0,3,0,7,50,0,515,515,1,5,22,2,0,1,0,0
1296360,4,2022,2022,0,0,4,8,7,93,34609,0,1,9,-33.414678,149.61239,3,2,1,1,1,0,0,0,2,0,0,50,0,1850,985,5,16,40,1,0,1,0,0
1296362,4,2022,2022,8,1,7,5,31,149,34609,0,1,9,-33.864412,151.172646,32,0,2,1,0,0,3,4,2,0,7,40,0,926,926,4,0,18,2,0,1,0,0
1296365,2,2022,2022,5,5,3,1052,14,58,928,0,1,8,-33.247534,151.406326,16,1,2,0,0,0,3,4,0,0,7,110,2,14295,14295,3,9,0,3,0,0,2,0
1296367,2,2022,2022,5,0,4,43,1,169,16,0,1,9,-33.760568,150.846801,7,0,2,1,1,0,3,4,2,2,7,60,2,2852,2852,4,8,0,2,0,0,1,0
1296369,2,2022,2022,8,2,7,1,1,194,34609,0,1,1,-30.528078,151.672125,1,2,1,1,0,0,0,0,2,0,7,50,0,4026,4026,8,10,40,1,0,0,1,0
1296372,2,2022,2022,6,3,4,14,27,13,34609,0,1,1,-34.551302,150.736563,62,0,2,1,0,0,0,0,2,0,7,80,0,323,323,1,16,25,2,0,0,1,0
1296374,4,2022,2022,6,1,0,171,1,171,22,0,1,1,-33.805133,150.968302,54,0,2,1,2,0,0,0,0,0,7,60,1,9859,9859,8,5,40,1,0,2,0,0
1296383,2,2022,2022,6,4,9,74,23,100,260,0,1,9,-33.964494,151.154706,4,0,2,1,3,0,0,0,4,0,0,60,2,14295,14295,3,10,0,3,0,0,1,0
1296384,4,2022,2022,5,3,8,3371,17,207,3342,0,1,1,-33.559526,151.191666,31,0,2,0,0,0,0,0,2,0,7,80,2,2585,4009,8,16,40,1,0,1,0,0
1296394,1,2022,2022,5,5,4,2209,17,137,2205,0,1,2,-34.047652,151.052182,68,0,2,1,3,0,3,4,2,0,7,80,2,1282,1282,1,5,12,2,0,0,0,1
1296395,2,2022,2022,5,4,4,63,31,460,34609,0,1,1,-33.843602,150.984901,21,0,2,1,2,0,0,0,2,0,7,50,0,14295,14295,3,22,5,2,0,0,1,0
1296396,1,2022,2022,4,4,6,12,31,42,34609,0,1,1,-33.824337,151.196374,38,0,2,0,0,0,0,0,2,0,7,50,0,1981,1981,4,0,5,4,0,0,0,2
1296397,4,2022,2022,5,5,9,5,27,226,34609,0,1,9,-33.769354,150.81274,7,0,2,1,2,0,0,0,0,0,0,40,0,387,387,1,5,5,2,0,1,0,0
1296402,2,2022,2022,5,1,4,194,31,83,34609,1,2,1,-33.90789,151.123326,15,0,2,1,0,0,0,0,2,0,7,40,0,2040,2040,9,5,28,2,0,0,1,0
1296403,2,2022,2022,5,5,7,1104,14,247,962,0,1,3,-33.815923,150.962992,21,0,2,1,0,0,3,4,2,0,7,90,2,1383,1383,1,10,5,3,0,0,1,0
1296404,4,2022,2022,0,2,5,14,31,36,34609,0,1,1,-36.089036,146.916696,0,2,1,1,0,0,0,0,2,0,7,50,0,4026,4026,1,16,36,2,0,1,0,0
1296409,4,2022,2022,5,3,5,98,27,87,799,0,1,9,-33.928876,150.977634,41,0,2,1,0,0,0,0,2,0,7,70,2,14295,14295,3,16,5,2,0,1,0,0
1296411,4,2022,2022,8,6,9,81,17,35,34609,0,1,1,-34.356536,150.549713,78,1,0,1,0,0,3,4,0,0,7,100,0,9859,9859,8,10,40,1,0,1,0,0
1296412,2,2022,2022,0,4,8,1,31,234,34609,0,1,1,-34.28348,146.035553,28,2,1,0,2,0,0,0,0,0,7,50,0,43,43,3,33,5,2,0,0,1,0
1296413,2,2022,2022,5,5,4,177,31,314,208,0,1,7,-33.860436,150.927895,24,0,2,0,1,0,3,4,2,0,0,60,1,6545,6545,4,10,25,2,0,0,1,0
1296420,1,2022,2021,9,1,7,191,27,370,68,0,1,1,-34.058261,150.815684,13,0,2,1,3,0,0,0,2,0,15,60,1,1981,1981,4,0,5,2,0,0,0,1
1296421,1,2022,2022,5,6,7,2261,17,46,2252,0,1,2,-33.889741,150.967405,24,0,2,1,3,0,0,3,2,2,9,70,2,14295,14295,3,8,5,3,0,0,0,1
1296422,1,2022,2022,5,0,9,110,27,36,173,0,1,2,-34.390466,150.858129,80,0,2,1,3,0,0,0,0,0,7,40,2,14295,14295,3,0,5,2,0,0,0,1
1296425,2,2022,2022,5,4,8,161,17,12,161,0,1,9,-36.584569,149.318554,65,1,0,1,3,0,3,3,2,0,0,100,2,2585,777,8,30,40,1,0,0,1,0
1296428,4,2022,2022,8,0,8,3371,17,37,3342,0,1,2,-33.014656,151.669257,37,0,2,0,0,0,0,0,2,0,7,60,2,368,368,9,10,28,2,0,1,0,0
1296438,2,2022,2022,5,3,8,2261,17,140,2252,0,1,2,-33.904686,151.002865,15,0,2,0,1,0,0,0,2,0,7,70,2,14295,14295,3,0,25,4,0,0,2,0
1296440,2,2022,2022,5,5,6,115,27,55,114,0,1,9,-33.861093,151.278257,81,0,2,1,1,0,3,3,2,0,7,50,2,1669,1669,3,0,5,2,0,0,1,1
1296445,2,2022,2022,5,5,0,35,27,11,49,0,1,1,-31.458795,150.647583,51,1,0,1,0,0,0,0,0,0,7,100,1,9859,9859,8,5,40,2,0,0,1,0
1296446,2,2022,2022,5,4,5,2209,17,5,2205,0,1,1,-36.776559,149.812634,5,1,0,1,0,0,0,0,2,0,7,100,2,945,945,5,10,40,1,0,0,1,0
1296450,1,2022,2022,7,6,3,15,27,36,91,0,1,1,-34.457578,149.452541,74,2,1,1,0,0,3,4,2,0,7,50,1,9859,9859,8,10,40,1,0,0,0,1
1296452,1,2022,2022,6,5,4,46,27,173,115,0,1,1,-33.709025,151.122126,36,0,2,1,0,0,0,0,2,0,7,60,1,14295,14295,3,21,5,2,0,0,0,1
1296459,2,2022,2022,5,0,9,24,31,433,34609,1,0,1,-33.29774,149.095988,52,2,1,1,2,0,3,4,0,0,7,50,0,9859,9859,1,0,5,2,0,0,1,0
1296460,2,2022,2022,5,1,4,82,27,134,181,0,1,10,-33.893333,151.25973,76,0,2,1,1,0,0,0,2,0,0,50,2,301,301,4,0,27,2,0,0,1,0
1296461,1,2022,2022,6,5,3,1052,14,83,928,0,1,3,-33.494423,151.186771,16,1,2,1,3,0,0,0,1,0,7,90,2,14295,14295,3,10,0,4,0,0,0,1
1296462,2,2022,2022,8,3,7,12,31,609,34609,0,1,1,-33.764075,150.897564,7,0,2,1,1,0,0,0,2,0,7,50,0,340,340,9,5,28,2,0,0,1,0
1296464,2,2022,2022,6,5,5,89,31,107,34609,0,1,10,-29.692959,152.940159,18,2,1,1,1,0,0,0,2,2,7,50,0,14295,14295,3,10,5,2,0,0,1,0
1296465,2,2022,2022,8,2,6,2209,17,68,2205,0,1,9,-34.098497,150.996796,68,0,2,1,3,0,0,0,2,0,0,100,2,4026,4026,8,0,40,1,0,0,1,0
1296466,1,2022,2022,5,4,4,80,31,204,187,0,1,10,-33.878966,151.125548,32,0,2,1,1,0,3,4,2,2,7,60,2,14295,14295,3,5,5,3,0,0,0,1
1296468,4,2022,2022,6,2,6,387,36,10,34609,0,1,1,-31.47526,151.187101,70,2,1,0,0,2,0,0,2,0,7,60,0,1850,1463,5,16,40,1,0,1,0,0
1296469,2,2022,2022,6,5,4,22,31,65,34609,0,1,4,-33.801486,150.955875,21,0,2,0,0,0,0,0,2,0,9,50,0,1220,1220,9,0,28,2,0,0,1,0
1296470,2,2022,2022,5,4,0,293,1,154,34609,0,1,1,-33.707853,150.934519,71,0,2,0,0,0,0,6,0,0,7,50,0,2585,4009,1,5,5,2,0,0,1,0
1296472,2,2022,2022,6,2,8,58,27,74,34609,0,1,2,-34.429024,150.855614,80,0,2,1,3,0,0,0,3,0,7,50,0,4026,4026,1,5,5,2,0,0,1,0
1296473,2,2022,2022,8,1,6,35,27,120,34609,1,0,7,-33.756122,150.87092,7,0,2,1,1,0,0,0,2,0,0,50,0,6545,6545,4,5,19,2,0,0,1,0
1296478,4,2022,2022,5,4,5,48,27,13,42,0,1,9,-35.032152,150.450843,63,1,0,1,0,0,0,3,2,0,15,100,1,2585,777,8,30,40,1,0,1,1,0
1296479,2,2022,2022,6,6,6,30,31,169,769,0,1,10,-33.598046,150.749448,29,2,2,1,1,0,0,0,2,0,15,60,2,6545,6545,4,0,5,2,0,0,1,0
1296481,2,2022,2022,6,3,4,2,31,61,34609,0,1,9,-35.922453,150.083459,23,2,1,0,1,0,0,0,2,0,0,50,0,1850,1463,5,16,40,1,0,0,1,0
1296485,2,2022,2022,8,6,9,829,27,309,770,0,1,2,-33.815695,151.10338,61,0,2,0,2,0,0,0,3,0,7,60,2,1383,1383,1,30,0,2,0,0,1,0
1296486,4,2022,2022,8,3,6,1,25,19,34609,0,1,10,-34.080017,150.835236,13,0,2,1,1,0,0,0,2,0,0,50,0,6545,6545,4,5,19,2,0,1,0,0
1296489,4,2022,2022,5,0,7,2,31,30,34609,0,1,1,-34.858139,147.581495,51,2,1,1,0,0,0,0,2,0,7,50,0,4026,4026,8,0,40,1,0,1,2,0
1296492,2,2022,2022,6,5,4,485,27,67,769,0,1,2,-33.668486,150.901553,71,0,2,1,0,0,0,0,2,0,7,80,2,1282,1282,1,29,5,2,0,0,1,0
1296493,1,2022,2022,8,4,11,8,27,3,34609,0,1,1,-30.289369,151.988735,1,1,0,0,0,2,3,4,0,0,7,100,0,2585,4009,8,10,40,1,0,0,0,1
1296494,2,2022,2022,0,6,6,98,27,52,382,0,1,7,-33.639735,150.784058,55,0,2,0,1,0,0,0,2,0,0,80,2,395,395,1,8,5,2,0,0,1,0
1296495,2,2022,2022,6,3,6,40,31,40,18,0,1,9,-34.420022,150.88851,80,0,2,1,2,0,0,0,2,2,7,50,1,5929,5929,1,10,13,2,0,0,1,0
1296496,2,2022,2022,8,6,6,26,27,26,25,0,1,1,-31.966253,152.572305,43,2,1,1,3,0,0,0,2,0,7,70,1,3775,3775,0,10,0,2,0,0,1,0
1296497,1,2022,2022,8,3,3,171,23,99,34609,0,1,9,-33.889759,151.281176,76,0,2,1,1,0,0,0,2,0,7,50,0,2040,2040,9,0,28,2,0,0,0,1
1296501,1,2022,2022,5,5,4,2261,17,443,2252,0,1,2,-33.902576,151.043816,15,0,2,1,3,0,3,4,2,0,7,70,2,14295,14295,3,5,5,3,0,0,0,1
1296502,4,2022,2022,6,2,5,481,17,27,483,0,1,1,-32.654062,148.200534,51,1,0,1,0,0,3,0,2,0,7,110,2,1669,1669,3,16,13,2,0,1,0,0
1296503,2,2022,2022,6,4,5,229,14,173,237,0,1,6,-33.779069,151.129936,61,0,2,1,1,0,0,0,2,0,7,70,2,1282,1282,1,5,10,3,0,0,2,0
1296505,4,2022,2022,5,6,4,65,27,202,563,0,1,10,-33.941376,151.035262,15,0,2,1,3,0,0,0,2,0,15,70,2,2852,2852,4,10,36,2,0,1,0,0
1296506,2,2022,2022,5,4,5,229,14,278,237,0,1,3,-33.760844,151.037591,54,0,2,1,3,0,3,0,2,0,7,100,2,14295,14295,3,21,35,3,0,0,1,0
1296507,4,2022,2022,6,4,2,16,1,24,25,0,1,1,-33.627014,150.836229,29,2,2,1,0,0,0,0,0,0,7,60,2,1669,1669,3,10,19,2,0,1,0,0
1296508,2,2022,2022,6,0,10,13,10,12,6,0,1,1,-36.199555,150.12966,23,2,1,1,0,0,0,0,0,0,7,50,1,9859,9859,8,9,40,1,0,0,1,0
1296513,1,2022,2022,5,0,4,866,17,44,793,0,1,9,-33.794456,150.983281,54,0,2,1,3,0,3,4,2,3,7,70,2,14295,14295,3,5,5,3,0,0,0,1
1296516,2,2022,2022,5,3,5,7,1,25,34609,0,1,1,-33.749038,150.804465,7,0,2,1,3,0,3,2,2,0,7,50,0,1109,787,1,5,13,2,0,0,1,0
1296519,1,2022,2022,5,0,7,40,31,363,34609,0,1,7,-33.75914,150.703927,55,0,2,1,3,0,0,0,2,0,0,50,0,6545,6545,4,5,0,2,0,0,0,1
1296522,2,2022,2022,5,3,4,17,27,8,17,0,1,1,-35.223212,148.188525,66,1,0,0,3,0,0,0,2,0,7,100,2,1391,1391,1,9,13,2,0,0,1,0
1296523,2,2022,2022,5,5,6,3371,17,8,3342,0,1,2,-28.741887,153.534308,2,1,0,0,3,0,3,4,2,0,7,110,2,3775,3775,0,5,36,4,0,0,1,0
1296525,4,2022,2022,8,0,8,2126,17,125,2149,0,1,9,-33.86513,151.087769,67,0,2,1,3,0,0,0,3,2,7,60,2,14295,14295,3,33,0,2,0,1,0,0
1296533,4,2022,2022,8,3,7,37,31,198,34609,0,1,9,-33.920528,151.108602,15,0,2,1,1,0,0,0,2,0,7,50,0,6545,6545,4,30,19,3,0,1,0,0
1296535,1,2022,2022,5,5,6,1,27,11,34609,0,1,1,-34.792097,150.570121,63,2,1,0,0,0,0,0,2,0,7,60,0,1850,1463,5,16,40,1,0,0,0,2
1296536,4,2022,2022,5,5,9,65,27,187,34609,0,1,1,-33.79423,150.994692,54,0,2,1,2,0,3,4,0,0,7,50,0,220,220,8,5,40,1,0,1,0,0
1296538,4,2022,2022,6,5,2,5,27,23,34609,0,1,1,-34.384312,150.881656,80,0,2,1,2,0,0,0,0,0,7,50,0,475,475,5,5,40,1,0,1,0,0
1296540,4,2022,2022,5,3,6,28,27,94,34609,0,1,9,-33.776657,150.79344,55,0,2,1,1,0,0,0,2,0,0,50,0,2852,2852,4,5,19,2,0,1,0,1
1296541,4,2022,2022,0,4,3,2261,17,32,2252,0,1,3,-34.262738,150.651328,79,1,2,1,0,0,3,3,1,0,7,110,2,14295,14295,3,5,19,2,0,1,0,0
1296545,1,2022,2022,6,2,10,84,27,61,415,0,1,9,-33.773373,151.135215,36,0,2,1,2,0,0,0,0,2,7,70,2,926,926,4,5,0,3,0,0,0,1
1296549,2,2022,2022,5,0,7,2126,17,27,2149,0,1,1,-33.592232,150.258647,8,2,2,0,1,0,0,0,2,0,7,60,2,3775,3775,0,34,35,2,0,0,1,0
1296550,2,2022,2022,8,1,7,10,31,37,34609,0,1,1,-29.450936,153.20065,18,2,1,0,1,0,0,0,2,0,7,50,0,4552,5151,8,5,40,1,0,0,1,1
1296552,1,2022,2022,6,6,9,82,31,41,34609,0,1,9,-33.86047,150.986145,24,0,2,1,1,0,0,0,2,0,0,50,0,515,515,1,33,27,2,0,0,0,1
1296554,2,2022,2022,5,0,7,2261,17,243,2252,0,1,9,-33.957835,150.887124,41,0,2,0,0,0,0,0,2,3,7,70,2,1850,1463,5,8,40,1,0,0,1,0
1296557,1,2022,2022,6,4,7,251,27,115,212,1,2,9,-33.751919,151.231813,50,0,2,1,1,0,0,0,2,2,7,40,2,5929,5929,1,21,5,2,0,0,0,1
1296558,1,2022,2022,5,2,8,1,27,27,34609,0,1,1,-33.723303,150.450671,8,2,2,0,3,0,0,0,2,0,7,50,0,1957,4009,8,5,40,1,0,0,0,2
1296562,4,2022,2022,5,4,7,27,10,57,20,0,1,9,-33.330532,151.411667,16,2,2,1,3,0,3,4,2,0,0,80,1,5929,5929,1,5,0,2,0,1,0,0
1296566,2,2022,2022,5,1,6,7,18,104,34609,0,1,1,-33.739309,150.934111,7,0,2,1,3,0,0,0,2,0,7,50,0,323,323,1,16,0,2,0,0,1,0
1296575,4,2022,2022,5,4,2,49,22,290,34609,0,1,1,-33.85177,150.982485,21,0,2,1,2,0,0,0,0,0,7,50,0,2040,2040,9,0,28,2,0,1,0,0
1296576,2,2022,2022,6,3,1,133,27,20,260,0,1,1,-32.937175,151.626801,37,0,2,1,2,0,0,0,0,0,7,60,2,2040,2040,9,5,28,2,0,0,1,0
1296578,2,2022,2022,5,1,5,31,1,234,139,0,1,2,-34.288803,146.052077,28,2,1,1,1,0,0,0,2,0,7,50,2,1669,1669,3,0,5,2,0,0,1,1
1296579,2,2022,2022,5,1,7,76,27,85,148,0,1,10,-32.933594,151.721558,48,0,2,1,1,0,3,3,2,0,0,60,1,2852,2852,4,10,0,2,0,0,1,0
1296583,2,2022,2022,6,6,4,81,31,284,80,0,1,1,-33.910098,151.014902,15,0,2,1,0,0,0,0,2,0,7,60,1,14295,14295,3,21,13,3,0,0,1,0
1296584,2,2022,2022,5,6,10,23,27,8,8,0,1,1,-30.509082,151.579476,51,1,0,1,0,0,3,4,0,0,7,100,1,9859,9859,8,5,40,1,0,0,1,0
1296585,4,2022,2022,6,6,6,35,27,109,37,0,1,9,-33.910323,151.14191,32,0,2,1,1,0,0,0,2,0,7,50,1,3,3,1,9,5,2,0,1,0,0
1296588,4,2022,2022,5,3,0,21,31,252,59,0,1,0,-33.884951,151.212951,69,0,2,1,2,0,0,0,0,0,7,40,1,14295,14295,3,5,19,2,0,1,0,0
1296589,4,2022,2022,0,0,4,4,31,131,34609,0,1,10,-36.082457,146.912723,0,2,1,1,1,0,0,0,2,2,7,50,0,5929,5929,1,0,0,2,0,1,0,0
1296592,4,2022,2022,5,2,4,45,1,52,34609,0,1,9,-33.971396,150.919329,41,0,2,1,0,0,0,0,2,0,0,60,0,9859,9859,8,5,40,1,0,1,0,0
1296594,1,2022,2022,8,6,10,120,36,16,148,0,1,1,-30.417749,152.808108,6,1,0,0,0,0,0,0,0,0,7,100,2,1259,5151,8,10,40,1,0,0,0,1
1296598,1,2022,2022,6,5,4,1,31,162,34609,0,1,9,-33.851551,150.902283,24,0,2,1,1,0,0,0,2,0,7,50,0,63,63,4,0,5,2,0,0,0,1
1296600,1,2022,2022,5,0,8,1104,14,113,962,0,1,3,-33.786239,150.714423,55,0,2,1,0,0,0,0,2,0,7,110,2,1282,1282,1,5,5,2,0,0,0,1
1296601,4,2022,2022,5,2,7,68,27,278,34609,1,0,1,-33.766069,151.050312,54,0,2,1,0,0,0,0,2,0,7,50,0,591,591,1,22,0,2,0,1,0,0
1296603,4,2022,2022,5,2,6,4,1,74,34609,0,1,1,-34.028448,150.769841,12,0,2,1,0,0,0,0,2,0,7,50,0,9859,9859,8,16,40,1,0,1,0,0
1296604,2,2022,2022,5,4,7,41,31,251,34609,0,1,9,-33.780435,150.921454,7,0,2,1,2,0,0,0,2,0,7,50,0,2852,2852,4,5,5,2,0,0,1,0
1296607,2,2022,2022,6,5,11,104,27,443,702,0,1,10,-33.907808,151.064409,15,0,2,0,2,0,3,4,0,2,7,70,2,5929,5929,1,0,5,2,0,0,1,0
1296608,1,2022,2022,5,6,9,35,31,173,34609,0,1,9,-33.878364,151.22185,69,0,2,1,2,0,3,4,0,0,15,40,0,6545,6545,4,5,27,2,0,0,0,1
1296610,1,2022,2022,7,3,6,36,31,56,70,0,1,2,-33.761082,150.781085,55,0,2,1,1,0,0,0,2,0,7,60,1,591,591,1,16,5,2,0,0,0,1
1296611,2,2022,2022,5,0,8,171,31,96,34609,0,1,10,-35.347913,149.230368,58,2,1,1,1,0,0,0,3,0,0,50,0,6545,6545,4,5,5,2,0,0,1,1
1296612,1,2022,2022,5,6,7,13,27,48,34609,0,1,1,-28.263609,153.569505,72,2,1,0,0,0,0,0,2,0,7,40,0,101,101,8,0,40,2,0,0,0,1
1296616,4,2022,2022,8,5,3,481,17,2,483,0,1,1,-32.781944,148.213223,53,1,0,1,0,0,0,0,2,0,7,100,2,14295,14295,3,3,37,2,0,3,0,0