Crash ID,Degree of crash - detailed,Reporting year,Year of crash,Month of crash,Day of week of crash,Two-hour intervals,Street of crash,Street type,Town,Route no.,School zone location,School zone active,Type of location,Latitude,Longitude,LGA,Urbanisation,Conurbation 1,Alignment,Street lighting,Road surface,Surface condition,Weather,Natural lighting,Signals operation,Other traffic control,Speed limit,Road classification,RUM - code,DCA - code,First impact type,Key TU type,Other TU type,No. of traffic units involved,No. killed,No. seriously injured,No. moderately injured,No. minor-other injured
1296617,2,2022,2022,8,0,1,294,17,56,288,0,1,7,-35.122126,147.391842,75,2,1,1,2,0,0,0,0,0,0,60,2,1192,1192,1,3,27,2,0,0,1,0
1296618,2,2022,2022,5,0,3,916,17,32,917,0,1,9,-32.642644,151.233711,64,2,1,0,3,0,0,0,1,0,15,80,2,217,217,1,30,40,2,0,0,1,0
1296619,1,2022,2022,6,1,7,110,27,167,34609,0,1,2,-33.834748,151.066312,54,0,2,1,3,0,3,4,2,0,7,60,0,14295,14295,3,5,5,2,0,0,0,1
1296635,4,2022,2022,5,4,4,1,31,73,34609,0,1,9,-35.140724,147.377546,75,2,1,1,3,0,3,4,2,0,7,50,0,14295,14295,3,5,0,2,0,1,0,0
1296637,2,2022,2022,5,5,5,6,27,8,34609,0,1,1,-34.62534,146.460206,51,1,0,0,3,2,0,0,2,0,7,100,0,2585,4009,8,0,40,1,0,0,2,0
1296644,4,2022,2022,6,0,6,6,27,27,34609,0,1,1,-32.758827,151.603557,42,2,1,1,1,0,0,3,2,0,7,60,0,1109,787,1,5,13,2,0,1,1,0
1296645,1,2022,2022,6,5,7,294,17,215,288,0,1,7,-35.115617,147.34571,75,2,1,1,1,0,3,3,2,0,0,60,2,14295,14295,3,3,5,2,0,0,0,1
1296646,1,2022,2022,8,6,7,9,31,363,34609,1,2,1,-33.756029,150.704934,55,0,2,1,1,0,0,0,2,0,9,40,0,591,591,1,18,36,2,0,0,0,1
1296648,1,2022,2022,5,0,9,1052,14,77,928,0,1,3,-33.527332,151.198207,16,1,2,1,3,0,3,4,0,0,7,90,2,1391,1391,1,29,5,2,0,0,0,1
1296651,1,2022,2022,6,5,5,17,31,42,10,0,1,1,-33.822039,151.19732,49,0,2,1,1,0,0,0,2,0,7,50,1,368,368,9,9,28,2,0,0,0,1
1296652,2,2022,2022,6,6,3,5,7,22,34609,0,1,1,-33.832074,151.192685,49,0,2,1,1,0,3,3,2,0,7,50,0,1109,787,1,5,18,2,0,0,1,0
1296653,1,2022,2022,6,5,5,165,1,2,34609,0,1,1,-35.371053,150.44048,63,2,1,1,0,0,0,0,2,0,7,50,0,214,214,9,33,28,2,0,0,0,1
1296654,2,2022,2022,6,6,7,119,31,73,34,0,1,2,-33.873949,151.214328,69,0,2,1,1,0,0,0,2,0,7,50,1,941,941,1,5,27,2,0,0,1,0
1296657,4,2022,2022,8,2,9,11,31,609,34609,0,1,1,-33.764144,150.889264,7,0,2,1,2,0,0,0,0,0,7,50,0,1109,787,1,5,19,2,0,1,0,0
1296659,2,2022,2022,5,0,4,55,27,96,160,0,1,10,-34.049849,150.836806,13,0,2,1,1,0,0,0,2,2,7,60,2,14295,14295,3,5,0,2,0,0,1,0
1296660,4,2022,2022,8,4,7,2261,17,47,2252,0,1,2,-35.772279,147.28051,27,1,0,1,0,0,3,4,2,0,7,110,2,4026,4026,8,0,40,1,0,2,0,0
1296661,4,2022,2022,5,2,8,157,17,10,158,0,1,9,-33.841162,146.263259,51,1,0,1,0,0,0,0,2,0,7,100,2,4552,985,8,5,40,1,0,1,0,0
1296665,4,2022,2022,6,0,9,126,1,26,17,0,1,9,-33.735154,150.821692,7,0,2,1,2,0,0,0,0,0,7,60,1,2852,2852,4,10,5,2,0,1,0,0
1296666,4,2022,2022,5,0,5,149,27,294,198,0,1,9,-33.938803,150.940188,41,0,2,0,1,0,0,0,2,0,7,60,2,3775,3775,0,0,5,2,0,1,0,0
1296668,2,2022,2022,6,3,6,150,27,173,415,0,1,10,-33.785107,151.128384,61,0,2,1,1,0,0,0,2,2,7,70,2,14295,14295,3,0,0,2,0,0,1,1
1296669,1,2022,2022,6,4,9,18,36,2,19,0,1,1,-32.628029,148.828276,22,1,0,0,0,0,0,3,0,0,7,100,1,2585,4009,8,5,40,1,0,0,0,1
1296671,4,2022,2022,8,5,4,11,27,87,34609,0,1,7,-34.044147,151.155886,68,0,2,1,0,0,0,0,2,0,0,50,0,6545,6545,4,10,27,2,0,1,0,0
1296672,1,2022,2022,6,4,6,102,31,293,28,0,1,10,-33.916882,151.052643,15,0,2,1,0,0,0,0,2,0,0,60,1,1669,1669,3,9,5,2,0,0,0,1
1296673,4,2022,2022,5,0,5,229,14,173,237,0,1,3,-33.774737,151.123723,61,0,2,1,0,0,3,4,2,0,7,100,2,1282,1282,1,30,10,3,0,1,0,0
1296674,1,2022,2022,7,5,4,3,27,173,34609,0,1,9,-33.716614,151.116512,36,0,2,1,1,0,0,0,2,0,9,50,0,5929,5929,1,0,36,3,0,0,0,2
1296675,2,2022,2022,6,5,11,2261,17,112,2252,0,1,2,-36.068116,146.936737,0,1,0,1,0,0,0,3,0,0,7,110,2,9859,9859,8,5,40,1,0,0,1,0
1296677,2,2022,2022,6,1,6,4,27,65,34609,0,1,7,-33.863945,150.898514,24,0,2,1,1,0,0,0,2,0,0,50,0,2040,2040,9,5,28,2,0,0,1,0
1296680,4,2022,2022,6,6,2,866,27,201,44,1,0,2,-34.001636,150.866041,13,0,2,1,2,0,0,0,1,0,9,60,1,591,591,1,22,0,2,0,1,0,0
1296681,4,2022,2022,8,3,10,2261,17,32,2252,0,1,3,-34.291985,150.625571,79,1,2,1,2,0,0,0,0,0,7,110,2,14295,14295,3,5,0,2,0,1,0,2
1296683,4,2022,2022,8,6,5,17,27,8,34609,0,1,1,-33.524607,150.760699,29,2,2,0,0,0,3,4,2,0,7,80,0,3775,3775,0,10,12,2,0,1,1,0
1296684,4,2022,2022,8,0,3,109,27,61,105,0,1,10,-33.894814,150.903061,24,0,2,1,1,0,0,0,2,2,7,60,2,1220,1220,9,5,28,2,0,1,0,0
1296689,2,2022,2022,0,1,9,515,14,204,518,0,1,3,-33.934667,151.13959,4,0,2,1,0,0,0,0,0,0,7,80,2,14295,14295,3,0,35,2,0,0,1,0
1296692,1,2022,2022,6,2,10,8,27,6,34609,0,1,1,-33.827225,151.164427,38,0,2,1,0,0,3,4,0,0,7,50,0,9859,9859,1,5,0,3,0,0,0,2
1296693,1,2022,2022,6,1,4,47,31,83,34609,0,1,1,-30.10978,153.200314,19,2,1,1,0,0,0,0,2,0,7,40,0,941,941,1,5,0,2,0,0,0,2
1296694,1,2022,2022,8,1,0,294,17,6,288,0,1,1,-34.377726,142.419395,51,1,0,1,0,0,0,0,0,0,7,110,2,9859,9859,8,5,40,1,0,0,0,1
1296695,1,2022,2022,3,4,10,6,10,43,34609,0,1,1,-30.452785,153.007042,6,2,1,0,0,0,0,0,0,0,7,80,0,4552,5151,8,10,40,1,0,0,0,1
1296697,4,2022,2022,5,2,9,2126,17,445,2149,0,1,2,-33.84693,151.045715,21,0,2,1,2,0,3,4,0,0,7,60,2,9859,9859,8,16,40,1,0,1,0,0
1296698,2,2022,2022,5,5,11,117,27,72,144,0,1,1,-33.852238,151.09054,14,0,2,1,2,0,3,4,0,0,7,60,2,1669,1669,3,5,0,2,0,0,1,0
1296700,2,2022,2022,5,6,8,191,27,193,208,0,1,9,-33.788518,151.085717,61,0,2,1,2,0,3,4,0,2,7,60,2,14295,14295,3,10,5,2,0,0,1,0
1296703,4,2022,2022,8,2,5,101,10,239,35,0,1,2,-34.032845,151.126033,68,0,2,1,1,0,0,0,2,0,7,60,2,387,387,1,22,13,2,0,1,0,0
1296704,4,2022,2022,5,2,3,10,27,346,34609,0,1,7,-33.871296,151.094671,14,0,2,1,0,0,0,0,2,0,9,50,0,2040,2040,9,5,28,2,0,1,0,0
1296706,2,2022,2022,5,1,6,33,31,31,34609,0,1,9,-33.871902,151.031036,21,0,2,1,0,0,0,0,2,0,9,50,0,591,591,1,17,5,2,0,0,1,0
1296707,1,2022,2022,5,5,4,23,27,136,101,0,1,9,-32.931598,151.714444,48,0,2,1,1,0,3,0,2,0,0,60,2,775,775,4,0,5,2,0,0,0,1
1296711,4,2022,2022,6,4,2,42,31,82,118,0,1,9,-31.081889,150.921741,70,2,1,1,2,0,0,0,0,0,0,60,2,2852,2852,4,5,27,2,0,1,1,0
1296712,1,2022,2022,5,0,3,112,27,19,769,0,1,1,-33.53605,150.32101,8,1,2,0,3,0,1,3,2,0,7,100,2,1957,4009,8,10,40,1,0,0,0,1
1296713,1,2022,2022,8,0,9,3,27,16,6,0,1,1,-29.104845,153.416041,60,2,1,1,0,0,0,3,0,0,7,80,1,3775,3775,0,5,0,2,0,0,0,1
1296716,1,2022,2022,5,5,4,866,17,54,793,1,0,2,-33.72346,151.099934,31,0,2,1,3,0,0,0,2,0,7,70,2,14295,14295,3,0,5,2,0,0,0,1
1296719,4,2022,2022,6,2,5,6,27,8,34609,0,1,1,-35.816592,147.012973,27,1,0,0,0,0,3,4,2,0,7,100,0,3775,3775,0,5,13,2,0,3,0,0
1296720,4,2022,2022,6,5,6,78,23,198,34609,0,1,1,-33.910567,151.103897,15,0,2,1,1,0,0,0,2,0,7,40,0,340,340,9,0,28,2,0,1,0,0
1296721,2,2022,2022,8,4,8,220,27,46,222,0,1,9,-33.786505,150.972983,54,0,2,1,3,0,0,0,2,2,7,80,2,28,28,1,0,22,2,0,0,1,0
1296722,2,2022,2022,8,2,10,5,27,169,34609,0,1,9,-33.773434,150.831255,7,0,2,1,2,0,0,0,0,0,7,50,0,941,941,1,0,0,2,0,0,1,0
1296723,2,2022,2022,8,0,5,2,10,93,34609,0,1,1,-33.416157,149.623124,3,2,1,1,0,0,0,0,2,0,7,50,0,9859,9859,1,0,5,2,0,0,1,0
1296724,2,2022,2022,6,5,7,103,27,39,39,0,1,10,-33.562094,150.838757,29,2,2,0,1,0,0,0,2,0,7,60,2,2585,4009,8,0,40,1,0,0,1,0
1296730,2,2022,2022,8,3,6,7,31,284,34609,0,1,10,-33.905472,151.010056,15,0,2,1,0,0,0,0,2,0,0,50,0,6545,6545,4,10,12,2,0,0,1,2
1296731,4,2022,2022,6,2,7,6,27,4,34609,0,1,1,-33.068486,151.650422,37,0,2,1,0,0,0,3,2,0,7,50,0,9859,9859,8,5,40,1,0,1,0,0
1296737,4,2022,2022,5,2,3,153,27,197,28,0,1,10,-33.954952,151.079211,25,0,2,1,3,0,0,0,2,2,7,60,1,14295,14295,3,5,13,3,0,1,1,0
1296738,1,2022,2022,6,2,6,92,27,129,244,1,0,1,-33.895704,151.106921,9,0,2,1,3,0,0,0,2,0,7,60,2,941,941,1,0,0,2,0,0,0,1
1296739,1,2022,2022,5,3,7,2126,17,136,2149,0,1,1,-33.856786,151.065428,67,0,2,1,3,0,0,0,2,0,7,60,2,14295,14295,3,5,36,2,0,0,0,1
1296746,1,2022,2022,5,4,5,191,27,175,208,0,1,10,-33.773946,151.083163,54,0,2,1,3,0,2,2,2,2,7,60,2,14295,14295,3,5,0,2,0,0,0,1
1296747,2,2022,2022,5,1,10,3,31,234,34609,0,1,7,-34.27451,146.037538,28,2,1,1,3,0,0,0,0,0,0,80,0,6545,6545,4,0,5,2,0,0,1,0
1296748,2,2022,2022,5,2,5,4,27,24,5,0,1,1,-32.788319,151.456203,17,2,1,1,3,0,0,0,2,0,7,80,1,9859,9859,8,5,40,1,0,0,1,0
1296752,2,2022,2022,5,5,6,3371,17,57,3342,1,0,2,-32.985658,151.691609,37,0,2,1,3,0,0,3,2,0,7,60,2,1282,1282,1,5,40,1,0,0,1,0
1296757,1,2022,2022,6,0,9,39,10,42,65,0,1,7,-33.703378,150.946753,71,0,2,1,3,0,0,0,0,0,0,60,1,5929,5929,1,30,5,2,0,0,0,1
1296758,1,2022,2022,5,3,4,8,27,21,34609,0,1,1,-33.875781,151.232176,81,0,2,0,3,0,3,0,2,0,7,50,0,1850,1463,5,16,40,1,0,0,0,1
1296761,1,2022,2022,0,5,3,49,22,224,34609,0,1,1,-33.828212,151.252785,45,0,2,1,3,0,0,0,1,0,7,50,0,3775,3775,0,0,27,2,0,0,0,1
1296762,1,2022,2022,5,4,10,109,27,460,106,0,1,9,-33.835634,150.985465,21,0,2,1,3,0,0,0,0,0,0,60,1,2852,2852,4,5,0,2,0,0,0,1
1296765,4,2022,2022,6,3,9,71,31,78,125,0,1,1,-33.858014,151.010731,21,0,2,1,2,0,0,0,0,0,7,60,1,9859,9859,1,34,0,2,0,1,0,0
1296766,1,2022,2022,5,1,5,866,1,53,34609,0,1,9,-33.743863,151.295191,50,0,2,1,1,0,0,0,2,0,7,50,0,3775,3775,0,0,5,2,0,0,0,1
1296768,2,2022,2022,5,4,11,133,17,12,121,0,1,1,-36.073113,149.160068,65,1,0,0,1,0,3,0,0,0,7,100,2,323,323,1,0,13,2,0,0,2,0
1296769,2,2022,2022,8,2,9,23,27,179,66,0,1,1,-31.901498,152.446315,43,2,1,1,2,0,0,0,0,0,7,60,1,945,945,5,5,40,1,0,0,1,0
1296771,4,2022,2022,5,0,11,24,24,85,34609,0,1,7,-33.790691,150.669263,55,0,2,1,2,0,3,3,0,0,0,50,0,78,78,8,10,40,1,0,1,1,0
1296772,1,2022,2022,5,2,9,39,31,460,34609,0,1,7,-33.846309,151.002101,21,0,2,1,2,0,0,0,0,0,0,50,0,6545,6545,4,5,0,2,0,0,0,1
1296778,2,2022,2022,5,2,1,14,31,283,34609,0,1,7,-33.840717,151.0056,21,0,2,1,2,0,3,4,0,0,0,50,0,9859,9859,1,0,0,4,0,0,1,0
1296779,1,2022,2022,0,1,6,866,17,247,793,0,1,2,-33.82478,150.96233,21,0,2,1,0,0,0,0,2,0,7,70,2,14295,14295,3,33,0,2,0,0,0,1
1296780,4,2022,2022,0,4,3,205,27,45,415,0,1,2,-33.701174,151.21155,50,0,2,1,0,0,3,3,1,0,7,80,2,9859,9859,8,5,40,1,0,1,0,0
1296783,4,2022,2022,5,4,8,2,31,219,260,0,1,9,-32.911512,151.662987,48,0,2,1,1,0,0,3,2,0,7,70,2,14295,14295,3,5,5,2,0,1,1,1
1296784,4,2022,2022,6,0,9,149,10,136,702,0,1,2,-33.867143,151.06487,67,0,2,1,2,0,0,0,0,0,7,80,2,14295,14295,3,9,36,4,0,1,0,0
1296785,1,2022,2022,0,4,7,47,27,293,69,0,1,10,-33.940974,151.234718,59,0,2,1,1,0,0,0,2,0,0,50,1,6545,6545,4,9,5,3,0,0,0,2
1296788,2,2022,2022,5,0,7,29,1,64,52,0,1,7,-33.712661,150.756079,55,0,2,1,1,0,0,0,2,0,0,60,1,6545,6545,4,10,5,2,0,0,1,0
1296790,2,2022,2022,8,5,8,512,17,562,441,0,1,1,-32.21715,148.390473,22,1,0,0,1,0,0,0,2,0,7,110,2,2585,4009,8,5,40,1,0,0,1,0
1296797,4,2022,2022,5,5,7,16,27,304,34609,0,1,7,-33.906903,151.168671,32,0,2,1,0,0,3,4,2,0,0,50,0,6545,6545,4,30,19,2,0,1,0,0
1296799,4,2022,2022,6,0,5,10,1,100,34609,0,1,2,-33.886121,150.887365,24,0,2,1,1,0,0,0,2,0,9,50,0,2040,2040,9,10,28,2,0,1,0,0
1296805,1,2021,2021,1,3,6,79,10,155,231,0,1,1,-33.480066,151.3242,16,2,2,1,3,0,2,6,2,0,7,60,2,84,84,8,22,40,1,0,0,0,1
1296811,1,2021,2021,2,5,5,10,31,42,34609,0,1,1,-36.026104,146.364025,51,2,1,1,1,0,0,0,2,0,7,60,0,214,214,9,0,26,2,0,0,0,1
1296819,2,2022,2022,0,0,8,2,27,10,34609,0,1,1,-35.563125,148.194864,66,1,0,1,0,2,0,0,2,0,7,100,0,404,404,8,16,40,1,0,0,1,0
1296824,2,2022,2022,5,6,3,6,10,75,34609,0,1,9,-32.772306,151.632245,42,2,1,1,3,0,3,4,1,0,7,60,0,6545,6545,4,5,19,2,0,0,1,1
1296826,2,2022,2022,5,1,3,1,31,134,34609,0,1,1,-33.984599,150.803195,12,0,2,1,3,0,0,0,1,0,7,50,0,9859,9859,1,5,0,2,0,0,1,0
1296828,2,2022,2022,5,0,8,38,31,387,64,0,1,10,-33.930735,151.186596,4,0,2,1,3,0,0,0,2,2,7,50,2,1391,1391,1,10,5,2,0,0,1,0
1296830,1,2022,2022,5,2,11,478,17,58,480,0,1,10,-33.433957,151.296598,16,2,2,1,3,0,0,0,0,2,7,60,2,5929,5929,1,10,5,2,0,0,0,1
1296831,2,2022,2022,5,6,7,13,1,137,34609,0,1,9,-33.911803,151.209997,69,0,2,1,3,0,0,0,2,2,7,50,0,14295,14295,3,10,19,3,0,0,1,1
1296837,1,2022,2022,1,5,6,7,27,43,34609,1,0,1,-33.697402,151.298695,50,0,2,1,3,0,0,0,2,0,9,50,0,2040,2040,9,5,28,2,0,0,0,1
1296839,4,2022,2022,5,2,7,14,27,14,34609,0,1,1,-34.425119,148.484176,30,1,0,0,3,0,3,4,2,0,7,100,0,1957,4009,8,5,40,1,0,1,0,0
1296840,1,2022,2022,5,3,4,2126,17,283,2149,0,1,6,-33.827539,151.005078,54,0,2,0,3,0,0,0,2,2,9,60,2,1282,1282,1,5,0,2,0,0,0,1
1296843,1,2022,2022,5,0,6,95,31,75,34609,0,1,1,-33.876278,151.115015,9,0,2,1,3,0,0,0,2,0,7,50,0,9859,9859,1,5,0,2,0,0,0,1
1296844,1,2022,2022,6,6,4,112,27,79,769,0,1,10,-33.579819,150.719509,29,2,2,1,3,0,0,0,2,2,7,60,2,14295,14295,3,0,0,2,0,0,0,1
1296846,1,2022,2022,5,3,7,101,10,42,33,0,1,1,-34.025872,151.163663,68,0,2,0,3,0,0,0,2,0,7,80,1,2585,4009,8,10,40,1,0,0,0,2
1296847,1,2022,2022,5,6,7,265,10,445,563,0,1,10,-33.861566,151.042164,21,0,2,1,3,0,0,0,2,2,7,70,2,926,926,4,0,5,2,0,0,0,1
1296850,1,2022,2022,5,3,10,296,27,283,293,0,1,2,-33.83212,151.003057,21,0,2,1,3,0,0,0,0,0,7,70,2,14295,14295,3,5,19,4,0,0,0,1
1296851,1,2022,2022,5,4,8,3,10,26,34609,0,1,1,-33.068049,151.569754,37,0,2,0,3,0,0,0,2,0,7,80,0,214,214,9,19,28,5,0,0,0,4
1296855,2,2022,2022,1,5,3,100,27,68,78,0,1,1,-33.675852,149.8339,51,1,0,0,3,0,1,1,2,0,7,100,2,4552,5151,8,10,40,1,0,0,1,0
1296856,2,2022,2022,1,6,4,346,17,103,332,0,1,7,-28.811612,153.354217,39,2,1,1,3,0,0,0,2,0,0,60,2,14295,14295,3,0,5,2,0,0,1,0
1296857,2,2022,2022,1,4,9,15,27,56,18,0,1,1,-31.101144,152.846606,34,2,1,0,3,0,0,0,0,0,7,70,1,14295,14295,3,0,36,2,0,0,1,0
1296859,1,2022,2022,5,6,9,2126,17,60,2149,0,1,2,-33.763829,150.742019,55,0,2,1,3,0,0,0,3,0,7,80,2,14295,14295,3,5,5,3,0,0,0,1
1296866,1,2022,2022,1,0,4,866,17,314,793,0,1,9,-33.844245,150.955433,21,0,2,0,3,0,0,0,2,2,7,70,2,14295,14295,3,0,35,2,0,0,0,1
1296867,4,2022,2022,5,2,5,9,27,7,8,0,1,1,-34.526947,148.315429,30,1,0,1,3,0,0,0,2,0,7,100,1,3775,3775,0,0,0,2,0,1,0,0
1296868,1,2022,2022,5,5,9,866,17,149,793,0,1,9,-33.815783,150.963909,21,0,2,1,3,0,3,4,0,3,7,70,2,14295,14295,3,5,0,3,0,0,0,1
1296874,2,2022,2022,5,3,5,27,27,4,34609,0,1,1,-31.844187,152.123682,43,1,0,0,3,0,0,0,2,0,7,100,0,52,52,6,16,40,1,0,0,1,0
1296876,1,2022,2022,1,5,6,3,22,92,34609,0,1,9,-33.738572,150.961858,71,0,2,0,3,0,0,0,2,0,7,50,0,1957,4009,8,5,40,1,0,0,0,1
1296888,1,2022,2022,5,6,8,344,27,89,382,0,1,1,-33.654619,150.793932,55,0,2,1,3,0,0,0,2,0,7,80,2,14295,14295,3,30,5,2,0,0,0,2
1296890,1,2022,2022,5,2,4,126,27,370,168,0,1,9,-34.063229,150.786841,13,0,2,1,3,0,0,0,2,2,7,80,2,1391,1391,1,5,0,2,0,0,0,1
1296891,1,2022,2022,8,4,3,55,31,38,34609,0,1,1,-33.768146,150.791997,55,0,2,1,3,0,0,0,2,0,7,50,0,1981,1981,4,5,40,2,0,0,0,1
1296893,2,2022,2022,5,0,3,92,31,225,34609,0,1,1,-33.786934,151.196545,77,0,2,1,3,0,3,4,4,0,7,50,0,945,945,5,5,40,1,0,0,1,0
1296894,2,2022,2022,5,5,4,255,27,69,117,0,1,2,-32.904698,151.693189,48,0,2,1,3,0,3,3,2,0,7,90,2,14295,14295,3,5,5,3,0,0,2,0
1296896,1,2022,2022,5,2,5,14,27,25,34609,0,1,9,-34.47935,150.87147,80,0,2,1,3,0,0,0,2,2,7,50,0,14295,14295,3,0,0,2,0,0,0,1
1296898,1,2022,2022,1,4,8,387,27,290,331,0,1,9,-33.959883,151.117136,4,0,2,1,3,0,3,4,2,2,7,60,2,5929,5929,1,5,5,2,0,0,0,1
1296901,2,2022,2022,6,5,0,3371,17,90,3342,0,1,2,-28.245311,153.541944,72,1,0,0,2,0,0,0,0,0,7,110,2,404,404,8,5,40,1,0,0,1,0
1296902,1,2022,2022,5,2,9,1,27,5,34609,0,1,1,-28.790906,153.355365,39,2,1,1,2,0,0,0,0,0,7,60,0,9859,9859,8,30,40,1,0,0,0,2
1296907,2,2022,2022,6,4,6,85,10,167,702,0,1,2,-33.851655,151.080155,67,0,2,1,1,0,0,0,2,0,7,80,2,1383,1383,1,5,5,3,0,0,1,0
1296910,2,2022,2022,5,6,5,44,1,126,34609,0,1,10,-33.93597,150.811462,41,0,2,1,1,0,0,0,2,0,0,60,0,6545,6545,4,5,10,2,0,0,1,0
1296915,2,2022,2022,5,2,0,220,14,67,220,0,1,3,-34.424733,150.868416,80,0,2,0,2,0,0,0,0,0,7,90,2,2585,4009,8,5,40,1,0,0,1,0
1296918,4,2022,2022,8,5,7,2261,17,32,2252,0,1,3,-34.291793,150.625944,79,1,2,1,0,0,0,0,2,0,7,110,2,9859,9859,8,3,40,1,0,1,0,0
1296920,2,2022,2022,6,5,5,11,27,150,34609,0,1,10,-33.924462,151.226442,59,0,2,1,0,0,0,0,2,0,7,50,0,84,84,8,29,40,2,0,0,1,0
1296923,2,2022,2022,8,1,5,1,31,433,34609,0,1,9,-33.298454,149.109063,52,2,1,1,0,0,0,3,2,0,0,50,0,6545,6545,4,22,5,2,0,0,1,0
1296924,1,2022,2022,7,4,7,135,17,20,136,0,1,1,-36.000812,146.689233,51,1,0,1,0,0,0,6,2,0,7,100,2,14295,14295,3,19,0,2,0,0,0,1
1296927,1,2022,2022,3,4,7,3371,17,49,3342,0,1,10,-33.199553,151.522684,16,2,2,1,1,0,0,0,2,1,7,80,2,6545,6545,4,5,0,4,0,0,0,2
1296928,4,2022,2022,8,0,10,8,1,115,34609,0,1,8,-33.748416,151.222843,50,0,2,1,2,0,0,0,0,0,7,40,0,9859,9859,1,5,5,2,0,1,0,0
1296932,2,2022,2022,5,2,9,145,31,98,34609,0,1,10,-30.990353,150.249899,51,2,1,1,1,0,0,0,0,0,15,50,0,6545,6545,4,10,0,3,0,0,1,1
1296934,4,2022,2022,5,0,10,48,27,70,166,0,1,1,-33.259159,151.514299,16,2,2,1,2,0,0,0,0,0,7,50,2,9859,9859,1,5,12,3,0,1,0,0
1296940,1,2022,2022,5,0,7,20,31,387,3,0,1,1,-33.924387,151.187474,4,0,2,1,1,0,0,0,2,0,7,50,1,1383,1383,1,5,36,2,0,0,0,1
1296943,1,2022,2022,5,3,8,7,27,10,34609,0,1,1,-31.040961,152.949273,34,2,1,0,0,0,0,0,2,0,7,80,0,2585,4009,8,5,40,1,0,0,0,1
1296944,2,2022,2022,5,6,11,1,32,66,34609,1,0,9,-33.706551,150.92782,7,0,2,1,2,0,0,0,0,0,7,50,0,9859,9859,1,5,5,2,0,0,1,0
1296948,2,2022,2022,6,1,8,1,27,62,34609,0,1,9,-34.086044,150.821848,13,0,2,1,2,0,0,0,0,0,0,60,0,5929,5929,1,5,19,2,0,0,1,0
1296950,4,2022,2022,5,1,6,3,7,10,34609,0,1,1,-33.002353,151.583912,37,0,2,1,1,0,0,3,2,0,7,50,0,9859,9859,1,5,5,3,0,1,0,0
1296951,4,2022,2022,5,0,4,42,31,82,118,0,1,9,-31.074023,150.913602,70,2,1,1,0,0,0,0,2,0,7,60,2,2852,2852,4,0,19,2,0,1,0,0
1296952,1,2022,2022,5,5,11,3,27,30,34609,0,1,1,-35.351948,149.206724,58,2,1,1,2,0,0,0,0,0,7,50,0,9859,9859,1,22,0,2,0,0,0,1
1296961,4,2022,2022,5,6,6,2209,17,7,2205,0,1,1,-35.164367,150.445421,63,1,0,0,0,0,0,0,2,0,7,100,2,3775,3775,0,0,5,2,0,2,0,0
1296964,1,2022,2022,5,2,5,17,1,147,34609,0,1,1,-33.752716,151.288152,50,0,2,1,1,0,0,0,2,0,9,40,0,2040,2040,9,5,28,2,0,0,0,1
1296968,4,2022,2022,6,3,10,6,31,113,34609,0,1,1,-29.478648,149.852709,51,2,1,1,0,0,0,0,0,0,7,50,0,312,312,2,5,40,1,0,1,0,0
1296969,1,2022,2022,6,3,6,7,27,125,34609,1,0,0,-33.868116,151.085588,67,0,2,1,0,0,0,0,2,0,7,50,0,941,941,1,5,5,2,0,0,0,1
1296971,1,2022,2022,6,4,4,78,31,134,36,0,1,1,-33.521499,151.319307,16,2,2,1,1,0,0,0,2,0,9,50,1,2040,2040,9,0,28,2,0,0,0,1
1296972,4,2022,2022,5,3,4,3371,17,207,3342,0,1,1,-33.560203,151.189247,31,0,2,0,0,0,0,0,2,0,7,80,2,782,957,5,16,40,1,0,1,0,0
1296974,4,2022,2022,6,3,1,1,31,36,34609,0,1,1,-36.088567,146.910862,0,2,1,1,2,0,3,4,0,0,7,50,0,1945,1945,5,10,40,1,0,1,0,0
1296976,1,2022,2022,6,0,1,2261,17,96,2252,0,1,3,-34.234234,150.664195,79,1,2,1,2,0,0,0,0,0,7,110,2,14295,14295,3,0,0,2,0,0,0,2
1296979,2,2022,2022,6,2,10,175,27,55,220,0,1,9,-33.745003,150.916661,7,0,2,1,2,0,0,0,0,0,7,70,2,775,775,4,5,5,2,0,0,1,0
1296981,2,2022,2022,6,2,7,334,17,3,308,0,1,9,-31.464934,152.528299,56,2,1,0,0,0,3,0,2,0,7,80,2,4552,5151,8,16,40,1,0,0,1,0
1296982,4,2022,2022,6,5,7,485,27,323,769,0,1,2,-33.761775,150.992632,71,0,2,1,1,0,0,0,2,0,7,60,2,1282,1282,1,5,5,3,0,1,0,0
1296988,2,2022,2022,6,2,8,500,27,198,799,0,1,1,-33.918873,151.102839,15,0,2,1,1,0,0,0,2,0,7,60,2,14295,14295,3,9,5,3,0,0,1,0
1296989,1,2022,2022,5,1,3,232,36,79,331,0,1,2,-34.019958,150.761071,12,0,2,1,2,0,3,0,2,0,7,80,2,14295,14295,3,5,5,2,0,0,0,1
1296991,4,2022,2022,5,6,4,280,10,127,240,0,1,1,-33.845287,150.867523,24,0,2,0,0,0,3,4,2,0,7,60,2,1192,1192,1,5,12,2,0,1,1,0
1297001,2,2022,2022,1,5,2,213,17,11,213,0,1,1,-29.76741,151.458631,33,1,0,1,0,0,3,1,1,0,7,100,2,9859,9859,8,0,40,1,0,0,1,0
1297004,2,2022,2022,5,3,6,59,10,14,231,0,1,9,-33.504066,151.384491,16,2,2,1,1,0,3,0,2,0,7,70,2,14295,14295,3,5,0,2,0,0,1,0