Crash ID,Degree of crash - detailed,Reporting year,Year of crash,Month of crash,Day of week of crash,Two-hour intervals,Street of crash,Street type,Town,Route no.,School zone location,School zone active,Type of location,Latitude,Longitude,LGA,Urbanisation,Conurbation 1,Alignment,Street lighting,Road surface,Surface condition,Weather,Natural lighting,Signals operation,Other traffic control,Speed limit,Road classification,RUM - code,DCA - code,First impact type,Key TU type,Other TU type,No. of traffic units involved,No. killed,No. seriously injured,No. moderately injured,No. minor-other injured
1297009,2,2022,2022,6,6,7,154,27,55,244,0,1,9,-33.906274,151.078769,67,0,2,1,2,0,0,0,2,2,7,60,2,14295,14295,3,10,5,3,0,0,1,0
1297015,4,2022,2022,5,6,7,10,27,7,34609,0,1,1,-31.432642,152.734006,56,2,1,1,0,0,0,0,2,0,7,80,0,515,515,1,10,36,2,0,1,0,0
1297024,2,2022,2022,8,1,8,293,31,128,369,0,1,10,-33.622644,150.803471,29,2,2,1,2,0,3,3,0,2,7,60,2,2040,2040,9,10,28,2,0,0,1,0
1297026,4,2022,2022,8,6,7,280,10,127,240,0,1,2,-33.84188,150.856124,24,0,2,1,1,0,0,0,2,0,7,70,2,1383,1383,1,10,10,2,0,1,0,0
1297027,4,2022,2022,6,6,8,4,27,87,34609,0,1,1,-28.807234,153.297153,39,2,1,0,1,0,3,0,2,0,7,50,0,1850,1463,5,16,40,1,0,1,0,0
1297028,1,2022,2022,3,0,11,2126,17,136,2149,0,1,1,-33.859778,151.07257,67,0,2,1,2,0,0,3,0,0,7,60,2,1220,1220,9,16,26,2,0,0,0,2
1297030,1,2022,2022,6,0,7,50,27,166,799,0,1,1,-33.898685,151.175003,32,0,2,1,0,0,0,0,2,0,7,40,2,1192,1192,1,33,27,2,0,0,0,1
1297031,1,2022,2022,8,3,8,9,1,370,34609,0,1,7,-34.074293,150.815418,13,0,2,1,2,0,0,6,0,0,0,50,0,2040,2040,9,10,28,2,0,0,0,1
1297033,2,2022,2022,1,1,3,6,31,84,34609,0,1,7,-33.816119,150.992784,21,0,2,1,3,0,0,0,2,0,0,50,0,301,301,4,5,5,2,0,0,1,0
1297037,2,2022,2022,5,4,4,2209,17,14,2205,0,1,1,-36.924249,149.87588,5,1,0,0,1,0,3,3,2,0,7,100,2,1259,5151,8,8,40,1,0,0,2,0
1297038,4,2022,2022,6,4,10,2,1,74,34609,0,1,1,-34.42296,150.8544,80,0,2,1,2,0,3,0,0,0,7,50,0,9859,9859,8,5,40,1,0,1,0,0
1297039,4,2022,2022,5,1,7,157,17,123,158,0,1,10,-33.834001,148.686283,51,2,1,1,2,0,0,0,2,2,7,50,2,5929,5929,1,0,0,2,0,1,1,0
1297045,1,2022,2022,5,4,6,44,1,126,34609,0,1,10,-33.93597,150.811462,41,0,2,1,3,0,0,0,2,0,0,60,0,6545,6545,4,0,13,2,0,0,0,1
1297046,4,2022,2022,1,0,4,76,31,131,60,0,1,9,-36.068553,146.928386,0,2,1,1,3,0,0,0,2,0,7,50,1,9859,9859,1,5,5,3,0,1,0,0
1297048,2,2022,2022,5,4,4,11,31,23,34609,0,1,1,-36.625279,149.576162,5,2,1,1,3,2,0,0,2,0,7,50,0,4026,4026,8,30,40,1,0,0,1,0
1297049,1,2022,2022,5,2,6,14,1,198,32,0,1,9,-33.908444,151.102325,15,0,2,1,3,0,0,0,2,0,6,50,1,2040,2040,9,30,28,2,0,0,0,1
1297050,1,2022,2022,5,4,8,344,27,168,382,0,1,10,-33.712136,150.841941,7,0,2,1,3,0,0,0,2,2,7,80,2,14295,14295,3,5,5,3,0,0,0,1
1297052,1,2022,2022,8,1,5,196,10,34,168,0,1,10,-33.974303,151.017041,15,0,2,0,3,0,0,0,2,0,15,60,2,1391,1391,1,5,12,2,0,0,0,1
1297054,1,2022,2022,5,5,3,133,17,7,121,0,1,1,-36.430493,149.238369,65,1,0,0,3,0,3,1,2,0,7,100,2,782,957,5,5,40,1,0,0,0,1
1297055,2,2022,2022,6,2,8,35,27,5,34,0,1,1,-29.959805,151.427316,33,1,0,0,0,0,0,0,2,0,7,100,1,1259,5151,8,5,40,1,0,0,1,0
1297058,2,2022,2022,5,0,10,25,27,5,143,0,1,1,-33.179428,149.686031,3,1,0,0,0,0,0,0,0,0,7,100,2,4552,5151,8,0,40,1,0,0,1,1
1297062,4,2022,2022,5,4,6,2261,17,96,2252,0,1,3,-34.222586,150.674565,79,1,2,1,0,0,3,4,2,0,7,110,2,190,190,1,10,13,2,0,2,2,0
1297065,4,2022,2022,6,0,9,57,27,337,47,0,1,9,-33.729828,150.996873,71,0,2,1,2,0,0,0,0,2,9,60,2,2040,2040,9,0,28,2,0,1,0,0
1297066,2,2022,2022,5,0,10,37,27,94,105,0,1,1,-33.888425,150.924018,24,0,2,1,2,0,0,0,0,0,7,60,1,3775,3775,0,0,0,2,0,0,1,0
1297067,4,2022,2022,6,6,5,330,27,18,26,1,0,1,-33.658219,151.29611,50,0,2,1,0,0,0,0,2,0,9,50,1,14295,14295,3,5,27,2,0,1,0,0
1297070,1,2022,2022,5,1,8,194,31,363,34609,0,1,1,-33.818045,151.003707,54,0,2,1,2,0,0,0,0,0,7,40,0,186,186,9,22,28,2,0,0,0,1
1297074,4,2022,2022,6,2,11,12,27,56,34609,0,1,1,-32.693784,151.257055,64,2,1,1,0,0,2,6,0,0,7,80,0,9859,9859,8,10,40,1,0,1,0,0
1297075,1,2022,2022,6,6,6,8,31,363,34609,0,1,10,-33.812287,151.017224,54,0,2,1,1,0,0,0,2,0,0,50,0,150,150,4,15,0,2,0,0,0,1
1297077,4,2022,2022,5,3,11,84,27,252,31,0,1,7,-33.944305,150.882385,41,0,2,1,2,0,3,4,0,0,0,60,1,1192,1192,1,10,36,2,0,1,1,0
1297078,2,2022,2022,8,0,10,35,10,20,148,0,1,1,-34.219278,150.999327,80,0,2,1,0,0,3,3,0,0,7,60,2,9859,9859,8,5,40,1,0,0,1,0
1297082,4,2022,2022,8,6,4,2,27,12,34609,0,1,1,-32.158684,152.318045,43,2,1,1,1,0,0,0,2,0,7,50,0,475,475,5,10,40,1,0,1,0,0
1297087,1,2022,2022,5,4,9,27,27,171,34609,0,1,10,-33.801827,150.969125,54,0,2,1,2,0,3,3,0,0,0,50,0,5929,5929,1,0,0,2,0,0,0,1
1297091,2,2022,2022,5,6,2,2261,17,74,2252,0,1,3,-34.061897,150.785251,13,0,2,1,2,0,0,0,0,0,7,110,2,14295,14295,3,5,5,2,0,0,1,0
1297094,4,2022,2022,5,6,7,2,31,84,34609,0,1,1,-31.107225,150.898913,70,2,1,1,1,0,3,0,2,0,7,50,0,30,30,9,10,28,2,0,1,1,0
1297098,2,2022,2022,5,1,6,916,17,66,917,0,1,2,-32.810789,151.670425,48,0,2,1,0,0,0,0,2,0,7,80,2,1192,1192,1,8,0,4,0,0,1,0
1297099,2,2022,2022,6,5,4,123,1,253,34609,0,1,10,-33.954471,151.090991,25,0,2,1,0,0,0,0,2,0,15,50,0,6545,6545,4,0,0,2,0,0,1,0
1297100,1,2022,2022,0,5,7,916,17,91,917,0,1,7,-32.809787,151.633866,48,0,2,0,1,0,0,0,2,0,0,60,2,1282,1282,1,8,40,1,0,0,0,2
1297102,2,2022,2022,0,1,11,47,18,11,34609,0,1,9,-33.907368,147.242422,51,1,0,1,0,2,0,0,0,0,7,100,0,2585,777,8,10,40,1,0,0,1,1
1297104,2,2022,2022,5,3,5,41,27,91,80,0,1,1,-32.98198,151.646357,37,0,2,1,0,0,0,0,2,0,7,60,1,1981,1981,4,0,12,2,0,0,1,0
1297107,1,2022,2022,5,0,4,68,27,98,208,1,2,10,-33.749512,151.064426,31,0,2,1,1,0,0,0,2,2,7,40,2,2040,2040,9,5,28,2,0,0,0,1
1297115,2,2022,2022,8,1,3,158,27,46,207,1,0,2,-33.87882,151.236482,81,0,2,1,1,0,0,0,2,0,7,60,2,238,238,9,5,28,2,0,0,1,0
1297116,1,2022,2022,8,4,9,220,27,323,222,0,1,9,-33.763474,150.957951,71,0,2,1,2,0,0,0,0,0,7,80,2,14295,14295,3,10,13,2,0,0,0,1
1297117,4,2022,2022,5,5,2,35,27,3,19,0,1,1,-34.060748,150.601887,79,1,2,0,0,0,3,4,1,0,7,100,1,1850,1463,5,10,40,1,0,1,0,0
1297119,4,2022,2022,6,3,2,63,17,112,34609,0,1,1,-33.44972,151.436018,16,2,2,1,3,1,2,6,0,0,7,50,0,9859,9859,1,9,13,3,0,1,0,0
1297121,4,2022,2022,5,1,4,109,36,8,108,0,1,9,-28.476636,153.51373,10,1,0,1,0,0,0,0,2,0,0,90,1,2852,2852,4,5,19,2,0,1,0,0
1297123,2,2022,2022,5,4,3,110,27,167,40,0,1,9,-33.844466,151.05725,54,0,2,1,3,0,0,0,2,2,7,60,1,256,256,4,0,5,2,0,0,1,0
1297124,4,2022,2022,8,6,7,23,10,19,174,0,1,10,-32.916907,151.478625,17,1,0,0,1,0,0,0,2,0,15,90,2,5929,5929,1,16,13,2,0,1,0,0
1297126,2,2022,2022,8,1,10,5,27,57,34609,0,1,1,-33.602406,151.007906,71,0,2,1,2,0,0,0,0,0,7,50,0,9859,9859,1,5,0,4,0,0,2,0
1297131,2,2022,2022,6,5,2,97,27,166,799,0,1,2,-33.930975,150.996577,15,0,2,1,2,0,0,0,1,0,7,70,2,14295,14295,3,0,13,3,0,0,1,1
1297132,2,2022,2022,6,1,1,229,14,278,237,0,1,3,-33.759131,151.046256,54,0,2,1,3,0,0,0,0,0,7,100,2,4026,4026,8,5,40,1,0,0,1,0
1297135,2,2022,2022,1,1,7,10,1,133,34609,0,1,1,-33.931024,151.018572,15,0,2,1,3,0,0,0,2,0,7,50,0,1981,1981,4,5,5,2,0,0,1,0
1297136,4,2022,2022,8,3,2,8,10,50,231,0,1,1,-33.508698,151.339043,16,2,2,0,2,0,0,0,0,0,7,70,2,2585,4009,8,16,40,1,0,1,0,0
1297137,4,2022,2022,8,5,6,1,27,148,34609,0,1,9,-36.050105,146.943912,0,2,1,1,1,0,3,4,2,0,0,50,0,2852,2852,4,30,27,2,0,1,0,0
1297139,1,2022,2022,5,4,5,308,14,21,311,0,1,3,-33.738343,150.917863,7,0,2,1,3,0,0,0,2,0,7,100,2,1391,1391,1,8,0,2,0,0,0,1
1297140,2,2022,2022,5,0,6,512,17,562,441,0,1,2,-32.256499,148.62515,22,2,1,1,0,0,0,3,2,0,7,60,2,14295,14295,3,5,0,2,0,0,1,0
1297141,2,2022,2022,5,6,5,20,31,149,260,0,1,4,-33.99226,151.145884,4,0,2,0,3,0,3,4,2,0,7,60,2,1259,5151,8,5,40,1,0,0,1,0
1297145,1,2022,2022,6,1,9,6,31,15,34609,0,1,1,-33.890024,151.052035,15,0,2,1,2,0,0,0,0,0,7,60,0,2040,2040,9,5,28,2,0,0,0,1
1297146,2,2022,2022,8,2,6,8,31,92,34609,0,1,7,-33.407906,151.353516,16,2,2,1,1,0,0,0,2,0,0,50,0,9859,9859,1,0,5,2,0,0,1,0
1297148,4,2022,2022,8,4,7,30,31,85,35,0,1,7,-34.575369,150.776396,62,0,2,1,0,0,3,0,2,0,0,60,1,14295,14295,3,0,0,3,0,1,0,1
1297149,1,2022,2022,5,4,4,145,31,532,34609,0,1,10,-33.863366,151.211861,69,0,2,1,1,0,3,4,2,2,7,40,0,2040,2040,9,5,28,2,0,0,0,1
1297151,1,2022,2022,6,5,7,68,27,98,208,1,2,10,-33.751094,151.065131,31,0,2,1,1,0,0,0,2,2,7,40,2,186,186,1,33,5,2,0,0,0,1
1297152,4,2022,2022,6,6,4,193,27,32,41,0,1,10,-33.982171,151.126252,25,0,2,1,0,0,0,0,2,0,0,60,1,256,256,4,0,5,2,0,1,0,0
1297153,4,2022,2022,5,2,7,9,36,2,9,0,1,1,-34.48079,147.175045,51,1,0,1,0,0,0,0,2,0,7,100,1,9859,9859,8,0,40,1,0,1,1,0
1297155,4,2022,2022,6,5,8,9,31,67,34609,0,1,1,-33.889912,151.010957,15,0,2,1,2,0,0,0,3,0,7,50,0,340,340,9,5,28,2,0,1,0,0
1297157,4,2022,2022,5,6,7,191,17,13,189,0,1,1,-32.624353,151.12598,64,1,0,0,3,0,0,0,2,0,7,100,2,1957,4009,8,5,40,1,0,1,0,0
1297158,2,2022,2022,5,4,6,46,31,35,34609,0,1,9,-31.077537,152.842659,34,2,1,1,1,0,0,0,2,2,7,50,0,1981,1981,4,0,5,2,0,0,1,2
1297159,4,2022,2022,5,0,8,7,1,69,34609,0,1,10,-34.551102,150.867522,62,0,2,1,1,0,0,3,2,0,15,50,0,6545,6545,4,0,5,3,0,1,0,0
1297161,4,2022,2022,8,2,6,44,27,21,34609,1,0,1,-34.376608,150.912953,80,0,2,1,0,0,0,0,2,0,7,50,0,43,43,3,5,13,4,0,1,0,0
1297162,4,2022,2022,5,0,3,2261,17,41,2252,0,1,6,-35.057873,148.095005,20,1,0,0,0,0,3,4,1,0,7,110,2,1957,4009,8,9,40,1,0,2,0,0
1297165,4,2022,2022,8,5,7,1,1,11,34609,0,1,9,-33.847993,151.218749,49,0,2,1,0,0,0,0,2,0,7,50,0,1945,1945,5,16,40,1,0,1,0,0
1297166,4,2022,2022,5,3,7,192,31,316,120,1,0,9,-33.91531,151.241572,59,0,2,1,1,0,3,4,2,0,7,50,2,14295,14295,3,16,18,2,0,1,1,0
1297169,2,2022,2022,5,3,8,2,27,8,62,0,1,1,-36.604498,149.984271,5,2,1,0,0,0,3,4,2,0,7,80,1,1259,5151,8,5,40,1,0,0,1,0
1297172,1,2022,2022,5,2,6,28,27,48,62,0,1,9,-36.677874,149.849198,5,2,1,1,1,0,0,0,2,0,0,60,1,1669,1669,3,10,5,2,0,0,0,1
1297174,2,2022,2022,1,6,6,195,27,76,186,0,1,10,-33.924449,150.848555,41,0,2,1,1,0,0,0,2,2,7,70,2,6545,6545,4,0,35,2,0,0,1,0
1297175,2,2022,2022,5,3,0,1,31,24,34609,0,1,9,-32.023393,149.388311,51,2,1,1,0,0,0,0,0,0,7,50,0,4552,985,8,5,40,1,0,0,2,0
1297177,2,2022,2022,6,6,4,5,31,445,34609,0,1,1,-33.854563,151.053667,21,0,2,1,0,0,0,0,2,0,7,50,0,121,121,9,5,28,2,0,0,1,0
1297180,4,2022,2022,5,3,5,82,27,5,34,0,1,1,-28.575781,153.12639,51,1,0,0,0,0,0,0,2,0,7,100,1,1850,1463,5,16,40,1,0,1,0,0
1297184,4,2022,2022,5,4,7,24,31,149,770,0,1,9,-33.866871,151.175413,32,0,2,0,0,0,3,6,2,2,7,60,2,14295,14295,3,5,5,3,0,1,0,0
1297185,1,2022,2022,5,1,8,27,27,84,35,1,0,9,-33.803312,150.983868,54,0,2,1,2,0,3,0,2,2,7,40,1,14295,14295,3,5,0,2,0,0,0,1
1297187,4,2022,2022,5,6,3,866,27,438,34609,0,1,1,-33.862985,151.023086,21,0,2,1,2,0,3,4,1,0,7,50,0,1109,397,1,10,5,3,0,1,0,0
1297191,2,2022,2022,6,1,8,3,10,28,34609,1,0,9,-34.093745,150.790592,13,0,2,1,2,0,0,0,0,0,7,50,0,1669,1669,3,10,5,2,0,0,1,0
1297192,2,2022,2022,6,6,5,127,27,135,103,0,1,9,-32.898855,151.738548,48,0,2,1,1,0,0,0,2,2,9,60,1,2040,2040,9,0,28,3,0,0,2,0
1297198,2,2022,2022,5,2,6,10,31,61,34609,0,1,1,-29.74203,151.734894,51,2,1,1,1,0,0,0,2,0,7,40,0,2040,2040,9,10,28,2,0,0,1,0
1297202,4,2022,2022,6,0,3,2,27,2,34609,0,1,1,-35.278081,148.300818,66,1,0,0,0,0,0,1,1,0,7,100,0,2585,4009,8,3,40,1,0,1,0,0
1297203,1,2022,2022,5,6,7,1052,14,16,928,0,1,3,-32.872761,151.613052,48,0,2,1,1,0,0,3,2,0,7,110,2,1192,1192,1,34,5,2,0,0,0,1
1297204,2,2022,2022,5,0,7,13,31,283,34609,0,1,10,-33.832063,150.999943,21,0,2,1,0,0,0,0,2,0,0,50,0,6545,6545,4,5,5,2,0,0,1,1
1297206,4,2022,2022,8,6,2,224,27,102,321,0,1,10,-33.943783,151.195988,4,0,2,1,2,0,0,0,0,2,7,50,2,5929,5929,1,5,40,2,0,1,0,0
1297209,4,2022,2022,8,0,5,3371,17,52,3342,0,1,1,-33.26239,151.462039,16,2,2,1,1,0,0,0,2,0,7,70,2,368,368,9,0,28,2,0,1,0,0
1297210,2,2022,2022,8,5,9,32,27,169,88,0,1,10,-33.623945,150.739887,29,2,2,1,2,0,0,0,0,0,15,80,2,6545,6545,4,0,27,2,0,0,1,0
1297211,2,2022,2022,6,2,6,6,31,77,34609,0,1,1,-33.038607,151.657826,37,0,2,1,1,0,0,0,2,0,7,50,0,9859,9859,1,5,0,2,0,0,1,0
1297214,2,2022,2022,8,3,10,4,31,89,34609,0,1,9,-33.867374,150.893219,24,0,2,1,2,0,0,0,0,0,7,50,0,9859,9859,1,5,5,3,0,0,2,0
1297216,4,2022,2022,5,6,7,2261,17,3,2252,0,1,9,-34.314529,150.582077,79,2,2,1,0,0,0,3,2,0,0,80,2,489,489,8,0,40,1,0,1,0,0
1297217,2,2022,2022,5,5,5,14,10,316,34609,0,1,1,-31.459618,152.858528,56,2,1,1,1,0,3,4,2,0,7,60,0,9859,9859,8,0,40,1,0,0,1,0
1297218,4,2022,2022,8,1,4,13,10,75,34609,0,1,1,-32.785423,151.626477,42,2,1,1,3,0,2,6,2,0,7,60,0,9859,9859,1,10,0,2,0,1,0,0
1297219,2,2022,2022,8,6,5,48,27,51,166,0,1,2,-33.253168,151.492576,16,2,2,1,0,0,0,6,2,0,7,50,2,238,238,9,9,28,2,0,0,1,0
1297227,2,2022,2022,6,0,8,387,27,433,40,0,1,1,-33.325503,149.085085,52,2,1,1,2,0,0,0,0,0,7,80,1,14295,14295,3,5,13,2,0,0,1,0
1297228,1,2022,2022,5,2,9,79,27,188,159,0,1,9,-33.934225,151.110374,15,0,2,1,3,0,0,3,4,0,7,60,2,14295,14295,3,5,0,2,0,0,0,1
1297229,2,2022,2022,5,6,5,5,27,7,34609,0,1,1,-33.512273,151.345706,16,2,2,1,3,0,0,0,2,0,7,50,0,4026,4026,1,5,19,3,0,0,1,0
1297231,1,2022,2021,2,0,6,3371,17,58,3342,0,1,7,-32.781707,151.739358,57,2,1,1,3,0,0,0,2,0,0,70,2,14295,14295,3,0,5,2,0,0,0,1
1297232,1,2022,2022,5,1,5,21,10,74,34609,0,1,2,-34.020257,150.761536,12,0,2,1,3,0,3,4,2,0,7,60,0,14295,14295,3,5,5,2,0,0,0,1
1297237,1,2022,2022,6,5,5,478,17,96,480,0,1,7,-33.437624,151.383549,16,2,2,1,3,0,0,0,2,3,0,60,2,1669,1669,3,0,13,2,0,0,0,1
1297238,2,2022,2022,5,0,5,56,27,443,44,1,0,1,-33.911636,151.056527,15,0,2,1,3,0,3,4,2,0,7,60,1,237,162,8,5,40,1,0,0,1,0
1297240,1,2022,2022,5,6,9,5,31,278,34609,0,1,1,-33.776127,151.050451,54,0,2,1,3,0,0,0,3,0,7,50,0,1981,1981,4,0,25,2,0,0,0,1
1297241,2,2022,2022,6,3,9,7,31,32,34609,0,1,1,-33.865719,150.976246,24,0,2,1,0,0,0,0,0,0,7,50,0,1109,397,1,10,5,2,0,0,1,0
1297242,4,2022,2022,6,2,3,22,31,237,45,0,1,1,-33.873974,150.959346,24,0,2,1,0,0,0,0,2,0,7,60,1,9859,9859,8,16,40,1,0,1,0,0
1297246,1,2022,2022,1,1,5,113,27,6,111,0,1,9,-33.868546,150.796449,55,0,2,1,3,0,0,0,2,0,15,80,2,14295,14295,3,8,5,3,0,0,0,2
1297255,4,2022,2022,8,4,4,2209,17,25,2205,0,1,2,-34.136715,150.994295,68,0,2,0,0,0,0,0,2,0,7,80,2,1957,4009,8,0,40,1,0,1,0,0
1297259,1,2022,2022,5,0,8,5,10,18,34609,0,1,1,-32.696359,151.541498,42,2,1,1,3,0,0,0,3,0,7,50,0,941,941,1,10,5,2,0,0,0,1
1297262,1,2022,2022,5,0,5,2126,17,147,2149,0,1,10,-33.873019,151.126104,14,0,2,1,3,0,0,0,2,2,7,60,2,14295,14295,3,5,0,2,0,0,0,2
1297265,1,2022,2022,8,6,9,2209,17,106,2205,0,1,2,-33.888908,151.191093,69,0,2,1,3,0,3,4,0,0,7,50,2,14295,14295,3,5,5,3,0,0,0,1
1297267,1,2022,2022,6,1,3,2126,17,445,2149,0,1,9,-33.849279,151.050535,21,0,2,1,3,0,0,0,2,2,7,60,2,14295,14295,3,0,5,3,0,0,0,1
1297272,2,2022,2022,1,6,10,485,31,169,769,0,1,9,-33.601405,150.762093,29,2,2,1,3,0,0,0,0,0,7,60,2,14295,14295,3,10,0,2,0,0,1,0
1297273,4,2022,2022,5,4,4,3,1,70,34609,0,1,9,-33.252368,151.504246,16,2,2,1,3,0,0,0,2,0,7,50,0,9859,9859,1,10,13,2,0,1,0,0
1297274,1,2022,2022,1,6,7,107,22,346,144,1,2,9,-33.881376,151.09255,9,0,2,1,3,0,0,0,2,0,7,40,2,5929,5929,1,5,5,2,0,0,0,1
1297277,1,2022,2022,6,6,6,6,10,323,34609,0,1,1,-33.806663,150.847936,7,0,2,1,3,0,0,0,2,0,7,50,0,1282,1282,1,5,40,1,0,0,0,1
1297279,4,2022,2022,5,4,4,7,27,73,34609,0,1,10,-33.889963,151.165124,32,0,2,1,1,0,0,0,2,0,15,50,0,6545,6545,4,0,0,2,0,1,0,0
1297284,2,2022,2022,5,3,8,1,1,18,34609,0,1,9,-31.132158,150.941762,70,2,1,1,1,0,0,0,2,0,7,50,0,4026,4026,8,16,40,1,0,0,1,0
1297286,4,2022,2022,6,2,7,33,27,70,49,0,1,7,-33.878304,150.870026,24,0,2,1,1,0,3,0,2,0,0,60,1,5929,5929,1,5,5,2,0,1,1,0
1297287,2,2022,2022,5,0,6,39,31,112,34609,0,1,9,-36.053137,146.938559,0,2,1,1,1,0,0,0,2,0,0,60,0,2852,2852,4,30,0,2,0,0,1,0
1297288,4,2022,2022,5,4,6,12,31,174,41,0,1,10,-33.892985,151.205414,69,0,2,1,1,0,0,0,2,2,7,50,1,5929,5929,1,0,27,2,0,1,0,0
1297290,2,2022,2022,5,0,2,41,31,445,34609,0,1,1,-33.866321,151.044928,21,0,2,1,2,0,3,4,0,0,7,50,0,3775,3775,0,5,5,2,0,0,1,0
1297296,2,2022,2022,6,2,11,1,31,363,34609,0,1,1,-33.757395,150.687247,55,0,2,1,2,0,0,0,0,0,7,50,0,9859,9859,1,5,5,2,0,0,1,1
1297297,4,2022,2022,6,5,7,171,27,113,369,0,1,9,-33.786098,150.703067,55,0,2,1,0,0,0,0,2,2,7,70,2,6545,6545,4,9,5,2,0,1,0,0
1297299,1,2022,2022,3,1,10,866,17,314,793,0,1,2,-33.853902,150.940394,24,0,2,1,2,0,3,4,0,0,7,70,2,14295,14295,3,5,0,3,0,0,0,2
1297300,2,2022,2022,5,1,7,3371,17,107,3342,0,1,9,-33.280612,151.426685,16,2,2,1,1,0,0,0,2,0,0,50,2,1669,1669,3,5,5,2,0,0,1,0
1297304,2,2022,2022,8,1,1,115,27,81,114,0,1,1,-33.887982,151.262905,81,0,2,0,2,0,0,0,0,0,7,50,2,4552,5151,8,5,40,1,0,0,1,0
1297311,4,2022,2022,6,2,8,6,31,117,34609,1,0,10,-28.173112,153.540592,72,2,1,1,2,0,0,0,0,0,7,50,0,591,591,1,22,5,2,0,1,0,0
1297313,2,2022,2022,5,4,3,3371,17,16,3342,0,1,2,-31.270333,152.812515,56,1,0,0,0,0,0,0,2,0,7,110,2,1957,4009,8,0,40,1,0,0,2,0
1297315,1,2022,2022,5,3,0,115,27,73,46,0,1,1,-34.189042,150.616929,79,2,2,0,2,0,3,4,0,0,7,80,2,273,957,5,5,40,1,0,0,0,1
1297321,2,2022,2022,6,4,8,283,27,70,702,0,1,9,-33.980608,151.107657,25,0,2,1,2,0,0,0,3,0,15,70,2,775,775,4,5,5,2,0,0,1,0
1297322,2,2022,2022,0,3,1,2209,17,19,2205,0,1,1,-35.850182,150.132965,23,1,0,0,2,0,2,2,0,0,7,100,2,2585,4009,8,5,40,1,0,0,1,0
1297323,1,2022,2022,7,3,0,916,17,8,917,0,1,1,-31.773666,150.871993,73,1,0,1,0,0,0,0,0,0,7,100,2,4026,4026,8,10,40,1,0,0,0,1
1297325,2,2022,2022,5,5,3,3371,17,35,3342,0,1,2,-32.091735,152.396318,43,1,0,1,1,0,0,0,2,2,14,100,2,14295,14295,3,5,10,2,0,0,2,0
1297331,4,2022,2022,5,3,5,213,17,113,213,0,1,1,-29.468643,149.730054,51,1,0,1,0,0,0,0,2,0,7,100,2,475,475,5,10,40,1,0,1,0,0
1297333,2,2022,2022,5,6,9,104,27,443,702,0,1,9,-33.915768,151.062943,15,0,2,0,2,0,0,0,0,2,7,60,2,5929,5929,1,5,13,2,0,0,1,0
1297335,1,2022,2022,5,0,5,2209,17,11,2205,0,1,1,-36.208411,150.123569,23,2,1,0,1,0,0,3,2,0,7,50,2,3775,3775,0,5,35,3,0,0,0,1
1297336,2,2022,2022,6,6,9,2,1,10,34609,0,1,9,-33.45657,151.438309,16,2,2,1,2,0,0,0,0,0,7,50,0,190,190,1,22,0,2,0,0,1,0
1297338,4,2022,2022,5,0,11,5,27,98,34609,0,1,1,-31.04306,150.216052,51,1,0,1,0,0,0,0,0,0,7,100,0,9859,9859,8,10,40,1,0,1,1,0
1297344,2,2022,2022,6,5,2,193,27,438,103,0,1,9,-33.863079,151.027679,21,0,2,1,2,0,0,0,0,2,7,60,1,489,489,8,5,40,1,0,0,1,0
1297350,2,2022,2022,5,3,0,3371,17,35,3342,0,1,2,-29.923111,153.074744,18,1,0,1,0,0,3,4,0,0,7,110,2,1945,1945,5,21,40,1,0,0,2,0
1297357,4,2022,2022,5,0,7,478,17,35,480,0,1,9,-33.263553,151.560261,16,2,2,1,1,0,0,0,2,0,7,60,2,6545,6545,4,5,5,3,0,1,0,1
1297358,4,2022,2022,5,1,4,90,31,252,165,0,1,10,-33.886129,151.217948,69,0,2,1,1,0,3,6,2,2,7,60,2,1945,1945,5,15,40,1,0,1,0,0
1297359,2,2022,2022,5,2,2,3,31,309,34609,0,1,1,-33.815896,151.104611,61,0,2,1,2,0,3,4,0,0,7,50,0,9859,9859,8,5,40,1,0,0,1,0
1297369,2,2022,2022,6,6,8,1052,27,219,262,0,1,7,-32.902772,151.676694,48,0,2,1,1,0,0,0,2,1,0,60,2,6545,6545,4,5,19,2,0,0,1,0
1297371,2,2022,2022,8,3,7,1,31,35,12,0,1,9,-30.03367,148.112194,51,2,1,1,0,0,0,0,2,0,0,50,1,323,323,1,16,2,2,0,0,1,1
1297373,1,2022,2022,5,0,8,1,1,92,34609,0,1,7,-33.748908,150.958267,71,0,2,1,3,0,3,4,0,0,0,50,0,6545,6545,4,5,5,2,0,0,0,1
1297375,1,2022,2022,5,2,8,115,27,96,173,0,1,9,-34.235332,150.681412,79,2,2,1,3,0,0,0,3,0,0,80,2,96,96,0,0,0,2,0,0,0,1
1297376,2,2022,2022,5,3,10,2261,17,284,2252,1,0,9,-33.908729,151.02887,15,0,2,0,3,0,0,0,2,0,0,60,2,775,775,4,5,5,2,0,0,1,0
1297381,4,2022,2022,8,5,4,168,10,100,260,0,1,10,-33.95442,151.158955,4,0,2,1,1,0,0,0,2,0,3,60,2,2040,2040,9,5,28,2,0,1,1,0
1297382,4,2022,2022,8,0,4,38,31,76,34609,0,1,9,-35.355177,150.460352,63,2,1,1,1,0,0,0,2,0,15,50,0,2040,2040,9,0,28,2,0,1,0,0
1297383,1,2022,2022,5,0,7,2261,17,8,2252,0,1,2,-34.629689,150.192412,78,1,0,0,0,0,3,4,2,0,7,110,2,1259,5151,8,5,40,1,0,0,0,2