Crash ID,Degree of crash - detailed,Reporting year,Year of crash,Month of crash,Day of week of crash,Two-hour intervals,Street of crash,Street type,Town,Route no.,School zone location,School zone active,Type of location,Latitude,Longitude,LGA,Urbanisation,Conurbation 1,Alignment,Street lighting,Road surface,Surface condition,Weather,Natural lighting,Signals operation,Other traffic control,Speed limit,Road classification,RUM - code,DCA - code,First impact type,Key TU type,Other TU type,No. of traffic units involved,No. killed,No. seriously injured,No. moderately injured,No. minor-other injured
1297386,1,2022,2022,1,1,7,39,31,460,34609,0,1,9,-33.848461,151.001633,21,0,2,1,3,0,0,0,2,0,0,50,0,14295,14295,3,5,0,3,0,0,0,1
1297388,1,2022,2022,1,1,8,117,27,309,702,0,1,2,-33.822597,151.096487,61,0,2,1,3,0,0,0,3,0,7,70,2,14295,14295,3,5,5,3,0,0,0,2
1297390,1,2022,2022,1,3,7,12,2,232,34609,0,1,9,-33.696383,150.931677,71,0,2,1,3,0,0,3,2,0,0,50,0,941,941,1,5,0,2,0,0,0,1
1297391,1,2022,2022,1,0,3,59,31,107,321,0,1,1,-33.877218,151.19828,69,0,2,1,3,0,0,0,2,0,7,50,2,1981,1981,4,5,5,2,0,0,0,1
1297394,1,2022,2022,1,2,6,108,27,251,93,0,1,2,-33.768635,150.943026,7,0,2,1,3,0,0,0,2,0,0,60,1,14295,14295,3,5,5,2,0,0,0,1
1297396,1,2022,2022,1,2,8,37,31,108,34609,0,1,10,-33.765673,151.266975,50,0,2,1,3,0,0,0,3,2,7,50,0,14295,14295,3,5,0,2,0,0,0,1
1297402,2,2022,2022,5,2,10,9,27,70,34609,0,1,1,-33.881797,150.868766,24,0,2,0,3,0,3,0,0,0,7,50,0,4552,5151,8,10,40,1,0,0,1,0
1297403,1,2022,2022,5,1,8,3371,17,104,3342,0,1,9,-32.840085,151.68926,48,0,2,1,3,0,0,0,0,3,7,80,2,14295,14295,3,5,13,2,0,0,0,1
1297404,1,2022,2022,8,2,6,255,27,20,260,0,1,1,-33.083646,151.50139,37,0,2,1,3,0,0,6,2,0,7,60,2,14295,14295,3,5,5,2,0,0,0,1
1297405,2,2022,2022,5,1,4,2209,17,35,2205,0,1,2,-34.058477,151.033028,68,0,2,1,3,0,0,0,2,0,7,80,2,14295,14295,3,0,5,6,0,0,1,1
1297413,4,2022,2022,5,4,8,3371,17,41,3342,0,1,9,-32.809154,151.710608,57,2,1,0,1,0,0,0,2,2,7,80,2,4552,5151,8,30,40,1,0,1,0,0
1297414,2,2022,2022,5,5,3,31,1,234,139,0,1,7,-34.287528,146.043976,28,2,1,1,2,0,3,4,0,0,0,50,2,6545,6545,4,22,13,2,0,0,1,0
1297415,2,2022,2022,5,3,4,6,31,246,34609,0,1,1,-33.906358,151.19208,69,0,2,1,0,0,0,0,2,0,7,50,0,387,387,1,22,36,2,0,0,1,0
1297417,2,2022,2022,1,1,6,2,1,59,34609,0,1,9,-33.980728,150.862976,13,0,2,1,3,0,0,0,2,0,0,50,0,6545,6545,4,0,0,2,0,0,2,0
1297419,2,2022,2022,8,2,10,54,27,646,30,0,1,9,-33.914597,151.040054,15,0,2,1,3,0,0,0,0,2,7,60,1,926,926,4,0,0,2,0,0,2,0
1297420,2,2022,2022,5,0,9,17,27,164,65,0,1,7,-33.711474,150.882028,7,0,2,1,2,0,0,0,0,0,0,60,1,6545,6545,4,34,18,2,0,0,1,0
1297422,2,2022,2022,1,4,9,10,31,193,34609,0,1,9,-33.790187,151.082767,61,0,2,1,2,0,3,4,0,0,9,50,0,1220,1220,9,30,28,2,0,0,1,0
1297429,2,2022,2022,5,5,8,9,31,78,34609,0,1,9,-28.326529,153.397003,72,2,1,1,2,0,3,4,3,0,7,50,0,2040,2040,9,5,28,2,0,0,1,0
1297432,4,2022,2022,5,2,9,5,31,49,34609,0,1,1,-32.998267,151.680814,37,0,2,0,0,0,3,3,0,0,7,50,0,782,957,5,16,40,1,0,1,0,0
1297442,4,2022,2022,5,3,2,25,27,64,32,0,1,10,-34.384387,150.906773,80,0,2,1,2,0,0,0,0,2,7,60,1,4026,4026,8,5,40,1,0,1,0,0
1297445,2,2022,2022,6,2,11,3,27,187,34609,0,1,1,-33.881475,150.974162,24,0,2,1,0,0,0,0,0,0,7,50,0,9859,9859,1,5,0,3,0,0,1,0
1297446,2,2022,2022,6,3,6,35,10,20,148,0,1,1,-34.202853,151.009091,80,0,2,0,0,0,0,0,2,0,7,60,2,3775,3775,0,16,5,3,0,0,2,0
1297447,2,2022,2022,6,0,7,308,14,127,311,0,1,3,-33.841985,150.855451,24,0,2,1,1,0,0,0,2,0,7,100,2,14295,14295,3,0,5,3,0,0,1,0
1297449,2,2022,2022,5,1,8,21,31,64,34609,0,1,9,-33.489071,150.147339,40,2,1,1,3,0,0,0,2,0,0,50,0,5929,5929,1,10,5,2,0,0,1,0
1297453,2,2022,2022,5,2,2,2,1,66,222,0,1,10,-33.712075,150.933407,7,0,2,1,2,0,3,0,0,2,7,80,2,256,256,4,5,5,2,0,0,1,0
1297454,4,2022,2022,6,1,6,1,4,74,34609,0,1,9,-34.054826,150.764067,12,0,2,1,1,0,0,0,2,0,7,50,0,4026,4026,8,5,40,1,0,1,0,0
1297458,2,2022,2022,8,5,7,13,31,55,34609,1,2,7,-33.885553,151.276068,76,0,2,1,0,0,0,0,2,0,0,40,0,6545,6545,4,33,27,2,0,0,1,0
1297460,1,2022,2022,5,5,4,1,31,139,34609,0,1,0,-33.8401,151.209233,49,0,2,1,0,0,3,4,2,0,7,40,0,121,121,9,0,28,2,0,0,0,1
1297462,2,2022,2022,6,6,6,132,31,252,126,1,0,9,-33.889454,151.204434,69,0,2,1,1,0,0,0,2,2,7,50,2,14295,14295,3,5,18,3,0,0,1,0
1297463,2,2022,2022,5,6,3,293,31,532,55,0,1,9,-33.869858,151.211959,69,0,2,1,1,0,0,0,2,2,9,40,1,1669,1669,3,10,19,2,0,0,1,0
1297467,1,2022,2022,5,0,2,829,27,123,770,0,1,2,-33.808327,151.067534,54,0,2,1,2,0,3,4,0,0,7,70,2,1383,1383,1,5,0,2,0,0,0,1
1297468,1,2022,2022,1,6,10,123,1,253,34609,0,1,10,-33.954471,151.090991,25,0,2,1,3,0,0,0,0,0,15,50,0,6545,6545,4,5,5,2,0,0,0,1
1297469,2,2022,2022,5,0,11,24,27,106,41,0,1,1,-28.877201,153.064972,60,1,0,1,3,0,0,0,0,0,7,100,1,945,945,5,5,40,1,0,0,1,0
1297471,2,2022,2022,8,2,6,8,10,79,34609,0,1,10,-34.010956,150.74614,12,0,2,1,3,0,0,0,2,0,0,50,0,6545,6545,4,0,5,2,0,0,1,1
1297480,4,2022,2022,5,5,3,220,14,113,220,0,1,3,-34.30064,150.9091,80,0,2,1,3,0,0,0,1,0,7,110,2,1089,1089,7,5,40,1,0,1,0,0
1297483,1,2022,2022,1,5,9,72,27,159,56,0,1,9,-33.799863,151.066038,61,0,2,1,3,0,0,0,0,0,0,60,2,926,926,4,5,0,2,0,0,0,1
1297487,4,2022,2022,6,0,2,251,14,139,124,0,1,6,-33.829911,151.21293,49,0,2,0,2,0,0,0,0,2,9,60,2,591,591,1,17,13,2,0,1,0,0
1297488,2,2022,2022,5,2,4,2209,17,137,2205,0,1,2,-34.046592,151.052447,68,0,2,0,0,0,3,0,2,0,7,80,2,1850,1463,5,16,40,1,0,0,1,0
1297491,1,2022,2022,5,2,5,3371,17,131,3342,0,1,2,-33.787698,151.179236,77,0,2,1,0,0,0,0,2,0,7,60,2,1945,1945,5,22,40,1,0,0,0,1
1297494,1,2022,2022,6,4,9,2126,17,445,2149,0,1,9,-33.848129,151.048172,21,0,2,1,3,0,0,0,0,2,7,60,2,14295,14295,3,0,5,2,0,0,0,1
1297498,1,2022,2022,5,0,8,73,24,17,88,0,1,10,-33.739463,151.244526,50,0,2,1,3,0,0,0,2,2,7,80,2,14295,14295,3,5,5,2,0,0,0,1
1297499,1,2022,2022,1,2,9,54,27,284,18,0,1,7,-33.897575,151.02562,15,0,2,1,3,0,0,0,0,0,0,50,1,6545,6545,4,5,5,2,0,0,0,1
1297507,1,2022,2022,5,4,4,45,27,60,44,0,1,1,-33.835904,151.145163,51,0,2,1,3,0,0,0,2,0,7,70,2,14295,14295,3,0,5,2,0,0,0,1
1297511,4,2022,2022,5,0,5,2261,17,23,2252,0,1,3,-34.057289,150.794538,13,0,2,1,0,0,3,4,2,0,7,110,2,1282,1282,1,29,5,2,0,1,0,0
1297514,1,2022,2022,7,0,6,31,27,85,41,0,1,10,-33.720043,151.142797,36,0,2,1,1,0,3,4,2,2,7,60,1,5929,5929,1,5,19,2,0,0,0,1
1297515,2,2022,2022,1,3,10,2209,17,273,2205,0,1,9,-34.424752,150.893152,80,0,2,1,2,0,0,0,0,2,7,50,2,14295,14295,3,33,19,2,0,0,1,0
1297516,2,2022,2022,5,2,7,283,27,145,702,0,1,2,-33.929051,151.072006,15,0,2,1,1,0,0,0,2,0,7,60,2,14295,14295,3,8,13,2,0,0,1,0
1297518,4,2022,2022,1,5,5,34,1,443,34609,0,1,7,-33.910652,151.059494,15,0,2,1,0,0,0,0,2,0,0,50,0,1850,777,5,16,40,1,0,1,0,0
1297521,2,2022,2022,1,4,2,81,31,133,80,0,1,1,-33.933544,151.011743,15,0,2,1,1,0,0,0,1,0,7,60,1,5929,5929,1,16,36,2,0,0,1,0
1297523,2,2022,2022,5,5,8,154,27,293,244,0,1,9,-33.925654,151.054711,15,0,2,1,2,0,0,0,0,2,7,60,2,14295,14295,3,5,10,3,0,0,1,1
1297525,2,2022,2022,5,2,9,43,27,56,87,0,1,2,-34.443974,150.879322,80,0,2,1,2,0,0,0,0,0,7,80,2,4026,4026,8,5,40,1,0,0,1,0
1297527,4,2022,2022,5,4,4,251,31,12,34609,0,1,1,-33.783533,151.249641,50,0,2,1,0,0,0,0,2,0,7,50,0,368,368,9,8,28,3,0,1,0,0
1297530,4,2022,2022,5,3,8,17,31,98,34609,0,1,1,-33.006766,151.593213,37,0,2,1,1,0,0,0,2,0,7,50,0,1945,1945,5,16,40,1,0,1,0,0
1297531,2,2022,2022,5,5,0,3,31,53,34609,0,1,7,-31.093459,150.932242,70,2,1,1,2,0,0,0,0,0,0,40,0,9859,9859,8,5,40,1,0,0,1,0
1297534,2,2022,2022,5,4,8,512,17,562,441,0,1,9,-32.253509,148.603166,22,2,1,1,2,0,0,0,3,0,0,60,2,5929,5929,1,10,19,2,0,0,1,0
1297535,4,2022,2022,6,2,5,2,1,278,34609,0,1,10,-33.772451,151.052298,54,0,2,1,1,0,0,0,2,0,0,50,0,4552,985,1,5,5,3,0,1,0,1
1297536,4,2022,2022,5,4,7,3371,17,53,3342,0,1,2,-32.926507,151.758338,48,0,2,1,3,0,0,0,2,0,0,60,2,1383,1383,1,5,10,2,0,1,0,0
1297540,2,2022,2022,8,3,8,67,27,18,52,0,1,10,-30.37186,153.085553,19,2,1,1,3,0,0,3,3,0,0,60,1,6545,6545,4,5,13,2,0,0,1,0
1297542,2,2022,2022,6,1,4,1,1,6,34609,0,1,1,-35.317296,150.471438,63,2,1,1,0,0,0,0,2,0,7,50,0,9859,9859,1,22,13,2,0,0,1,0
1297543,1,2022,2022,1,4,3,171,1,80,104,0,1,10,-33.940678,151.215377,4,0,2,1,3,0,0,0,2,2,7,70,2,5929,5929,1,9,0,2,0,0,0,1
1297544,2,2022,2022,6,4,5,22,10,108,57,0,1,9,-28.841574,153.534864,2,2,1,1,0,0,3,3,2,0,0,50,1,14295,14295,3,5,41,2,0,0,2,0
1297545,2,2022,2022,6,5,3,16,27,316,120,0,1,11,-33.907558,151.249129,59,0,2,1,1,0,0,0,1,0,0,50,2,5929,5929,1,9,27,2,0,0,1,0
1297549,2,2022,2022,5,6,1,128,27,61,133,0,1,1,-33.846758,150.653627,55,0,2,0,0,0,0,0,0,0,7,60,2,4552,5151,8,10,40,1,0,0,1,0
1297551,1,2022,2022,1,6,3,6,27,11,34609,0,1,10,-28.311762,153.42662,72,1,0,1,3,0,0,1,1,0,7,100,0,380,777,5,5,40,1,0,0,0,1
1297553,1,2022,2022,5,4,0,2209,17,9,2205,0,1,1,-35.085237,150.533453,63,2,1,0,3,0,0,0,0,0,7,80,2,1089,1089,7,5,40,1,0,0,0,1
1297554,2,2022,2022,1,1,9,5,10,55,34609,0,1,2,-35.379875,149.192165,58,2,1,1,3,0,3,0,3,0,7,80,0,14295,14295,3,10,5,2,0,0,1,0
1297556,1,2022,2022,1,4,5,12,27,39,34609,0,1,1,-32.734301,152.083364,57,2,1,0,3,0,0,0,2,0,7,50,0,14295,14295,3,5,5,2,0,0,0,1
1297559,1,2022,2022,6,5,6,2209,17,40,2205,0,1,9,-34.965171,150.59863,63,1,0,1,3,0,0,0,2,0,0,100,2,9859,9859,8,5,40,1,0,0,0,2
1297564,2,2022,2022,5,5,8,171,1,387,104,0,1,9,-33.934865,151.201169,4,0,2,1,2,0,0,0,3,0,7,60,2,2852,2852,4,5,18,2,0,0,1,0
1297566,2,2022,2022,5,4,3,158,27,138,207,1,0,9,-33.865388,151.273065,81,0,2,0,1,0,0,0,2,0,0,50,2,2852,2852,4,5,27,2,0,0,1,0
1297567,2,2022,2022,6,1,3,9,31,363,34609,0,1,1,-33.76156,150.703149,55,0,2,1,0,0,0,0,1,0,7,50,0,9859,9859,1,5,5,2,0,0,1,0
1297572,1,2022,2022,6,1,4,43,27,121,34609,0,1,9,-33.804281,151.290925,50,0,2,1,1,0,0,0,2,0,15,50,0,2852,2852,4,5,18,2,0,0,0,1
1297575,4,2022,2022,5,0,5,293,31,562,34609,0,1,7,-32.248885,148.601005,22,2,1,1,0,0,0,0,2,0,0,50,0,6545,6545,4,0,0,2,0,1,0,0
1297577,1,2022,2022,5,0,3,126,1,226,2149,0,1,10,-33.779146,150.81454,7,0,2,1,1,0,0,0,2,2,7,80,2,14295,14295,3,0,0,3,0,0,0,2
1297583,4,2022,2022,6,1,3,23,31,142,34609,0,1,1,-33.830423,150.999984,21,0,2,1,0,0,3,0,2,0,7,50,0,4026,4026,1,9,12,2,0,1,0,0
1297586,4,2022,2022,8,3,5,46,27,4,43,0,1,1,-35.871038,146.82584,27,1,0,0,0,0,0,0,2,0,7,100,1,273,957,5,5,40,1,0,1,0,0
1297587,2,2022,2022,5,3,8,26,27,151,34609,0,1,4,-34.027901,150.842884,13,0,2,1,2,0,0,0,2,0,7,50,0,1945,1945,5,16,40,1,0,0,1,0
1297588,4,2022,2022,5,2,4,27,31,13,62,0,1,9,-30.052913,152.978456,18,2,1,1,0,0,2,2,2,0,7,50,1,5929,5929,1,5,5,2,0,1,0,0
1297590,2,2022,2022,6,6,5,5,31,25,34609,0,1,10,-32.839426,151.37024,17,2,1,1,0,0,0,0,2,0,0,50,0,6545,6545,4,5,0,2,0,0,2,0
1297592,4,2022,2022,6,2,6,1052,14,207,928,0,1,3,-33.584217,151.185502,31,0,2,1,1,0,0,0,2,0,7,110,2,9859,9859,8,9,40,1,0,1,0,0
1297593,4,2022,2022,8,0,8,31,22,284,34609,0,1,1,-33.907023,151.014524,15,0,2,1,1,0,0,0,2,0,7,50,0,9859,9859,1,10,5,2,0,1,0,0
1297594,2,2022,2022,6,6,8,3371,17,24,3342,0,1,2,-31.562671,152.739936,56,1,0,1,0,0,0,0,3,0,7,110,2,14295,14295,3,5,0,2,0,0,1,0
1297597,2,2022,2022,8,5,9,43,27,316,38,0,1,1,-33.903317,151.248119,59,0,2,1,2,0,0,3,0,0,7,50,1,1981,1981,4,0,27,2,0,0,1,0
1297600,2,2022,2022,6,2,5,916,17,66,917,0,1,2,-32.812092,151.653145,48,0,2,1,0,0,0,0,2,0,7,90,2,1282,1282,1,29,5,2,0,0,1,0
1297601,2,2022,2022,6,4,2,43,2,92,42,0,1,7,-33.738637,150.950487,71,0,2,1,2,0,0,0,1,0,0,70,2,6545,6545,4,5,5,2,0,0,1,0
1297603,2,2022,2022,8,3,0,500,27,145,799,0,1,10,-33.929463,151.072226,15,0,2,1,2,0,3,3,0,2,7,60,2,4026,4026,8,16,40,1,0,0,1,0
1297604,4,2022,2022,6,4,5,33,27,35,49,0,1,7,-33.889923,150.901276,24,0,2,1,1,0,0,0,2,0,0,60,1,2040,2040,9,19,28,2,0,1,1,0
1297606,2,2022,2022,8,0,9,866,17,94,793,0,1,10,-33.888259,150.92284,24,0,2,1,2,0,0,0,0,2,7,70,2,14295,14295,3,10,5,3,0,0,2,1
1297608,4,2022,2022,8,0,11,2261,17,523,2252,0,1,9,-33.937946,150.913724,41,0,2,1,2,0,0,0,0,2,7,60,2,5929,5929,1,5,19,2,0,1,0,0
1297612,2,2022,2022,6,2,10,387,27,290,331,0,1,9,-33.945046,151.128394,4,0,2,0,2,0,3,0,0,0,0,60,2,1850,1463,5,16,40,1,0,0,1,0
1297620,4,2022,2022,5,0,5,475,10,54,268,0,1,9,-33.877098,150.843567,24,0,2,1,1,0,0,0,2,2,7,70,2,4026,4026,8,5,40,1,0,1,0,0
1297626,2,2022,2022,1,1,7,38,27,56,70,0,1,9,-33.751661,150.776481,55,0,2,1,1,0,0,0,2,0,7,60,1,5929,5929,1,5,12,2,0,0,1,0
1297629,2,2022,2022,6,0,6,387,27,12,34609,0,1,1,-33.980822,151.045987,25,0,2,0,1,0,0,3,2,0,7,50,0,4552,5151,8,21,40,1,0,0,1,0
1297632,2,2022,2022,5,4,5,1,31,218,34609,0,1,9,-33.767339,150.773927,55,0,2,1,1,0,0,0,2,0,7,40,0,2040,2040,9,5,28,2,0,0,1,0
1297636,1,2022,2022,1,6,9,1,1,160,34609,0,1,1,-33.115707,151.476129,37,0,2,1,2,0,0,0,0,0,15,50,0,190,190,1,5,12,2,0,0,0,1
1297639,1,2022,2022,8,5,10,169,1,92,94,0,1,1,-33.881966,150.96916,24,0,2,1,2,0,3,4,0,0,7,60,1,1981,1981,4,10,5,2,0,0,0,1
1297640,2,2022,2022,6,3,8,56,27,323,38,0,1,9,-33.75396,150.958973,71,0,2,1,1,0,0,0,2,2,7,60,1,1850,985,5,16,40,1,0,0,1,0
1297643,2,2022,2022,5,2,5,17,27,78,30,1,0,10,-28.323244,153.394287,72,2,1,1,1,0,3,4,2,0,0,50,1,6545,6545,4,9,0,2,0,0,1,0
1297644,1,2022,2022,8,2,10,73,31,34,34609,0,1,1,-33.859049,151.203577,69,0,2,1,2,0,3,3,0,0,7,40,0,312,312,2,5,40,1,0,0,0,1
1297646,1,2022,2022,5,2,7,2,31,188,34609,0,1,1,-33.930343,151.097177,15,0,2,1,0,0,0,0,2,0,7,50,0,1981,1981,4,10,0,2,0,0,0,1
1297649,4,2022,2022,6,4,3,82,31,179,369,0,1,10,-33.762302,150.710422,55,0,2,1,1,0,0,0,2,0,15,70,2,6545,6545,4,0,5,2,0,2,0,0
1297651,4,2022,2022,6,5,7,12,27,19,34609,0,1,1,-28.623494,153.510445,10,2,1,0,0,0,0,0,2,0,7,80,0,418,714,5,15,40,1,0,1,0,0
1297652,2,2022,2022,6,1,10,65,31,609,115,0,1,1,-33.771017,150.903486,7,0,2,1,2,0,0,0,0,0,7,60,2,1383,1383,1,0,2,2,0,0,1,0
1297653,4,2022,2022,6,1,6,86,27,83,65,1,0,10,-29.713362,152.940305,18,2,1,1,0,0,0,0,2,0,0,50,1,6545,6545,4,0,19,2,0,1,0,0
1297659,2,2022,2022,6,6,3,53,36,19,34,0,1,1,-33.384466,148.446624,11,1,0,1,0,0,3,0,2,0,7,100,2,323,323,1,8,13,2,0,0,1,0
1297661,1,2022,2022,1,6,8,330,23,150,233,0,1,10,-33.919415,151.226391,59,0,2,1,3,0,0,0,2,2,7,50,2,186,186,1,0,19,2,0,0,0,1
1297662,2,2022,2022,5,0,9,2,7,646,34609,0,1,1,-33.915885,151.030144,15,0,2,1,3,0,0,0,0,0,7,50,0,9859,9859,8,0,40,2,0,0,1,0
1297667,4,2022,2022,6,1,4,34,27,38,117,0,1,2,-32.932765,151.690381,48,0,2,1,1,0,0,0,2,0,7,60,2,14295,14295,3,5,0,3,0,1,0,0
1297669,4,2022,2022,1,1,4,1052,14,13,928,0,1,3,-33.697495,151.119683,36,0,2,1,3,0,0,0,2,0,7,110,2,1282,1282,1,29,5,3,0,1,0,0
1297670,1,2022,2022,1,5,8,866,17,247,793,0,1,2,-33.816538,150.962995,21,0,2,1,3,0,0,0,2,0,7,70,2,1391,1391,1,29,5,3,0,0,0,1
1297672,1,2022,2022,1,4,7,85,27,53,145,0,1,9,-33.798835,151.046463,54,0,2,1,3,0,0,0,2,2,7,70,2,5929,5929,1,30,5,3,0,0,0,2
1297677,1,2022,2022,5,5,3,38,27,218,70,0,1,7,-33.747547,150.777219,55,0,2,1,3,0,3,4,0,0,0,60,1,14295,14295,3,5,5,2,0,0,0,1
1297681,1,2022,2022,7,3,8,2,27,22,34609,0,1,1,-31.473146,152.057978,51,2,1,1,0,2,0,0,2,0,7,80,0,1945,1945,5,16,40,1,0,0,0,1
1297685,4,2022,2022,1,0,6,3371,17,117,3342,0,1,7,-28.185919,153.525273,72,2,1,0,0,0,0,0,2,0,0,60,2,14295,14295,3,5,19,2,0,1,0,0
1297690,2,2022,2022,5,1,9,3,27,77,34609,0,1,1,-30.365161,149.834111,51,1,0,1,0,0,0,0,0,0,7,100,0,1089,1089,7,34,40,1,0,0,1,0
1297691,2,2022,2022,5,0,4,157,17,123,158,0,1,9,-33.832054,148.701766,51,2,1,1,1,0,0,0,2,0,7,50,2,1669,1669,3,10,36,2,0,0,1,0
1297694,2,2022,2022,1,5,1,7,27,15,34609,0,1,1,-35.785209,146.936333,27,1,0,1,0,0,0,0,0,0,7,100,0,1089,1089,7,10,40,1,0,0,1,0
1297696,2,2022,2022,6,1,7,1,31,123,34609,0,1,1,-33.82106,151.052154,54,0,2,1,1,0,0,0,2,0,7,50,0,9859,9859,1,5,0,2,0,0,1,0
1297697,1,2022,2022,5,2,7,1052,14,149,928,0,1,3,-33.35265,151.357528,16,1,2,0,0,0,3,4,2,0,7,110,2,1957,4009,8,9,40,1,0,0,0,1
1297698,1,2022,2022,5,2,5,158,27,138,207,0,1,1,-33.870539,151.268384,81,0,2,1,0,0,0,0,2,0,7,50,2,1109,787,1,0,0,3,0,0,0,2
1297699,4,2022,2022,1,2,7,2,27,1,34609,0,1,9,-29.98892,153.223587,19,1,0,1,0,0,0,0,2,0,7,90,0,323,323,1,16,0,2,0,1,0,0
1297701,2,2022,2022,5,3,7,38,27,37,47,0,1,1,-34.653034,150.813281,35,2,1,0,1,0,0,0,2,0,7,80,1,782,957,5,16,40,1,0,0,1,0
1297703,1,2022,2022,5,2,4,115,27,20,173,0,1,2,-34.341874,150.795573,80,0,2,0,0,0,3,4,2,0,7,100,2,1259,5151,8,5,40,1,0,0,0,1
1297706,4,2022,2022,8,6,1,10,27,68,34609,0,1,9,-33.676823,149.859605,51,1,0,0,0,0,0,0,0,0,0,100,0,489,489,8,5,40,1,0,1,1,0
1297707,2,2022,2022,1,6,4,8,31,234,61,0,1,7,-34.286387,146.056084,28,2,1,1,1,0,0,0,2,0,0,50,1,6545,6545,4,34,5,2,0,0,2,0
1297709,2,2022,2022,6,0,8,133,17,9,121,0,1,1,-36.80368,149.280396,65,1,0,1,0,0,3,0,3,0,7,100,2,4026,4026,8,10,40,1,0,0,1,0
1297711,2,2022,2022,6,4,2,8,1,107,34609,0,1,1,-33.27413,151.424298,16,2,2,1,2,0,0,0,0,0,7,50,0,9859,9859,1,30,5,3,0,0,1,0
1297712,2,2022,2022,6,1,5,334,17,37,308,0,1,1,-30.995575,151.621239,51,1,0,0,0,0,0,0,2,0,7,100,2,1850,1463,5,10,40,1,0,0,1,0
1297713,2,2022,2022,5,2,7,1104,14,113,962,0,1,3,-33.785972,150.709889,55,0,2,0,1,0,0,0,2,0,7,110,2,1957,4009,1,10,13,2,0,0,1,0
1297714,4,2022,2022,6,3,5,111,27,57,233,0,1,9,-33.944112,151.226838,4,0,2,1,3,0,0,0,2,2,7,60,2,5929,5929,1,5,5,3,0,1,0,0
1297715,4,2022,2022,6,4,1,2261,17,143,2252,1,0,1,-33.887771,151.10194,9,0,2,0,2,0,3,0,0,0,7,60,2,4552,5151,8,16,40,1,0,1,0,0
1297716,1,2022,2022,5,4,5,255,31,609,34609,0,1,0,-33.768946,150.907687,7,0,2,1,3,0,3,4,2,0,7,40,0,214,214,9,5,28,2,0,0,0,1
1297718,2,2022,2022,5,6,11,4,27,15,34609,0,1,1,-33.549481,150.124347,40,2,1,1,0,0,0,0,0,0,7,40,0,1945,1945,5,5,40,1,0,0,1,0
1297720,4,2022,2022,5,4,0,3371,17,56,3342,0,1,2,-31.107848,152.843094,34,1,0,0,0,0,3,4,0,0,7,110,2,1957,4009,8,5,40,1,0,1,1,0
1297721,4,2022,2022,8,4,9,40,27,122,45,1,0,1,-33.419922,151.335535,16,2,2,1,2,0,0,0,0,0,9,60,1,2040,2040,9,5,28,2,0,1,0,0
1297724,4,2022,2022,8,4,7,21,31,179,66,0,1,1,-31.904424,152.448156,43,2,1,1,0,0,3,4,2,0,7,60,1,2040,2040,9,0,28,2,0,1,0,0
1297728,2,2022,2022,8,6,7,22,31,99,34609,0,1,9,-33.889265,151.270905,76,0,2,1,1,0,0,0,2,0,9,40,0,1192,1192,1,30,19,2,0,0,1,0
1297730,2,2022,2022,8,3,6,330,23,150,112,0,1,9,-33.930384,151.236143,59,0,2,1,0,0,0,0,2,0,7,60,2,1192,1192,1,5,27,2,0,0,1,0
1297733,1,2022,2022,6,5,7,12,31,198,34609,0,1,9,-33.922535,151.101001,15,0,2,1,3,0,0,0,2,0,9,50,0,14295,14295,3,21,5,2,0,0,0,1
1297736,1,2022,2022,5,4,9,7,10,8,34609,0,1,7,-34.081998,150.794418,13,0,2,0,3,0,0,0,2,0,0,60,0,1192,1192,1,0,5,2,0,0,0,1
1297740,1,2022,2022,5,1,8,41,27,49,24,0,1,9,-33.960009,151.220858,4,0,2,1,3,0,0,0,2,0,7,50,2,1981,1981,4,5,25,2,0,0,0,1
1297741,1,2022,2022,1,5,8,1,31,225,34609,0,1,1,-33.78525,151.19815,77,0,2,1,3,0,0,0,3,0,7,50,0,941,941,1,9,5,2,0,0,0,1
1297744,4,2022,2022,1,2,6,3371,17,58,3342,0,1,2,-28.573795,153.541405,10,1,0,0,3,0,0,0,2,0,7,110,2,782,957,5,5,40,1,0,1,0,0
1297747,1,2022,2022,1,3,5,16,27,193,145,0,1,9,-33.793037,151.068683,61,0,2,1,3,0,0,0,2,0,7,60,2,1669,1669,3,5,5,2,0,0,0,1
1297752,2,2022,2022,5,5,8,18,31,42,34609,0,1,1,-33.822431,151.193503,77,0,2,1,3,0,0,0,2,0,7,50,0,1981,1981,4,10,5,2,0,0,1,0
1297755,2,2022,2022,1,4,8,3,10,111,34609,0,1,9,-33.703494,150.881397,7,0,2,1,3,0,3,4,2,0,7,50,0,2852,2852,4,5,36,3,0,0,1,0
1297756,2,2022,2022,1,6,8,829,31,90,34609,0,1,1,-33.694568,150.314712,8,2,2,1,3,0,0,0,2,0,7,50,0,1981,1981,4,0,5,2,0,0,1,0
1297757,4,2022,2022,5,4,4,2209,17,32,2205,0,1,10,-33.978527,151.122623,25,0,2,1,3,0,0,0,2,2,7,70,2,14295,14295,3,5,0,2,0,1,0,0
1297758,1,2022,2022,1,2,5,33,27,147,40,0,1,7,-33.756042,151.296403,50,0,2,1,3,0,0,0,2,0,0,50,1,775,775,4,21,27,2,0,0,0,1
1297760,4,2022,2022,5,5,10,296,27,290,293,0,1,10,-33.855751,150.995008,21,0,2,1,3,0,0,0,0,2,7,70,2,5929,5929,1,5,0,2,0,1,0,0