Crash ID,Degree of crash - detailed,Reporting year,Year of crash,Month of crash,Day of week of crash,Two-hour intervals,Street of crash,Street type,Town,Route no.,School zone location,School zone active,Type of location,Latitude,Longitude,LGA,Urbanisation,Conurbation 1,Alignment,Street lighting,Road surface,Surface condition,Weather,Natural lighting,Signals operation,Other traffic control,Speed limit,Road classification,RUM - code,DCA - code,First impact type,Key TU type,Other TU type,No. of traffic units involved,No. killed,No. seriously injured,No. moderately injured,No. minor-other injured
1297763,4,2022,2022,5,2,10,3371,17,44,3342,0,1,10,-33.213716,151.512191,16,2,2,1,3,0,0,0,0,2,7,70,2,5929,5929,1,5,5,2,0,1,0,0
1297765,1,2022,2022,1,2,8,866,17,98,793,0,1,2,-33.740346,151.062234,31,0,2,1,3,0,0,0,2,0,7,70,2,1391,1391,1,5,5,2,0,0,0,1
1297769,4,2022,2022,5,0,8,62,10,122,62,0,1,1,-33.426833,151.344293,16,2,2,1,3,0,0,0,2,0,7,50,2,1945,1945,5,16,40,1,0,1,0,0
1297776,2,2022,2022,5,1,4,481,17,96,483,0,1,1,-33.379715,148.012355,51,2,1,1,3,0,0,3,2,0,7,50,2,14295,14295,3,10,13,2,0,0,1,0
1297777,1,2022,2022,1,4,10,220,27,46,93,0,1,9,-33.786505,150.972983,54,0,2,1,3,0,3,4,0,3,7,80,1,14295,14295,3,9,13,2,0,0,0,1
1297778,2,2022,2022,1,5,6,330,27,125,25,0,1,7,-33.819631,151.135978,61,0,2,0,3,0,0,0,2,0,0,60,1,1391,1391,1,21,19,2,0,0,1,0
1297779,2,2022,2022,5,4,2,296,27,290,293,0,1,2,-33.862661,150.991839,21,0,2,1,3,0,0,0,0,0,7,70,2,14295,14295,3,5,13,3,0,0,1,0
1297782,4,2022,2022,0,0,10,16,31,162,34609,0,1,1,-33.856487,150.904484,24,0,2,1,2,0,0,0,0,0,7,50,0,1945,1945,5,16,40,1,0,1,0,0
1297784,2,2022,2022,6,1,6,294,17,215,288,0,1,1,-35.119693,147.374579,75,2,1,1,0,0,0,0,2,0,7,60,2,1109,787,1,0,0,2,0,0,1,0
1297785,4,2022,2022,6,6,8,43,31,11,118,0,1,10,-30.745807,150.719406,70,2,1,1,0,0,0,0,2,0,0,50,2,1945,1945,5,16,40,1,0,1,0,0
1297786,2,2022,2022,1,6,3,265,17,7,193,0,1,1,-34.166235,148.468936,30,1,0,0,0,0,3,4,2,0,7,100,2,3775,3775,0,5,13,2,0,0,2,1
1297787,1,2022,2022,6,4,8,109,27,71,106,0,1,10,-33.832332,150.969496,21,0,2,1,3,0,0,0,2,2,7,60,1,14295,14295,3,0,0,2,0,0,0,1
1297789,2,2022,2022,1,1,7,75,10,63,165,0,1,3,-33.929663,151.213816,4,0,2,1,0,0,0,0,2,0,7,80,2,1383,1383,1,8,5,2,0,0,1,0
1297793,1,2022,2022,3,1,5,2209,17,204,2205,0,1,10,-33.94207,151.144454,4,0,2,1,1,0,0,0,2,0,0,60,2,1669,1669,3,9,0,2,0,0,0,2
1297794,2,2022,2022,8,6,6,500,27,293,799,0,1,10,-33.931978,151.053375,15,0,2,1,2,0,0,0,2,2,7,60,2,14295,14295,3,0,19,2,0,0,1,0
1297796,4,2022,2022,6,1,10,2,31,35,34609,0,1,1,-33.963247,151.238257,59,0,2,1,0,0,0,0,0,0,7,50,0,4026,4026,8,34,40,1,0,1,1,0
1297797,1,2022,2022,1,2,9,35,27,193,33,0,1,10,-33.78397,151.094248,61,0,2,1,2,0,0,0,3,2,9,60,1,2040,2040,9,0,28,2,0,0,0,1
1297799,1,2022,2022,1,0,2,145,31,112,39,0,1,9,-33.605402,150.824262,29,2,2,1,2,0,0,3,1,2,7,60,2,2852,2852,4,5,5,2,0,0,0,1
1297800,4,2022,2022,5,2,8,10,1,89,34609,0,1,9,-33.39006,151.462372,16,2,2,1,1,0,0,0,2,0,7,50,0,2852,2852,4,5,13,2,0,2,0,0
1297802,4,2022,2022,5,3,9,2261,17,112,2252,0,1,2,-33.914029,150.930654,41,0,2,1,2,0,0,0,3,0,7,70,2,3775,3775,0,5,5,2,0,1,0,0
1297806,2,2022,2022,1,2,11,3371,17,58,3342,0,1,1,-33.441423,151.256573,16,2,2,0,0,0,0,0,0,0,7,60,2,1259,5151,8,30,40,1,0,0,3,0
1297808,2,2022,2022,1,1,3,16,27,2,118,0,1,1,-29.2481,150.751218,51,1,0,1,0,0,0,0,2,0,7,100,1,9859,9859,8,10,40,1,0,0,1,0
1297811,2,2022,2022,8,0,5,1052,14,77,928,0,1,3,-33.523494,151.196371,16,2,2,0,1,0,0,0,2,0,7,80,2,2585,4009,8,5,40,1,0,0,1,0
1297812,2,2022,2022,1,5,7,12,27,19,19,0,1,1,-33.21195,151.474674,16,1,2,1,0,0,0,0,2,0,7,100,2,9859,9859,8,10,40,1,0,0,1,0
1297813,4,2022,2022,1,2,7,123,36,10,90,0,1,1,-31.862409,151.866751,43,2,1,1,0,0,0,0,2,0,7,80,1,9859,9859,8,0,40,1,0,1,0,0
1297816,2,2022,2022,5,5,9,26,31,609,34609,0,1,9,-33.771486,150.906076,7,0,2,1,2,0,3,4,0,2,7,40,0,1981,1981,4,5,5,2,0,0,1,1
1297817,4,2022,2022,5,6,3,1,27,98,34609,0,1,9,-30.931322,150.213284,51,1,0,0,0,0,3,4,0,0,0,100,0,489,489,5,5,40,1,0,1,1,0
1297818,4,2022,2022,5,1,7,175,27,609,220,0,1,9,-33.752195,150.915389,7,0,2,1,1,0,0,0,2,0,7,70,2,6545,6545,4,5,27,2,0,1,0,0
1297819,4,2022,2022,1,4,9,17,27,11,30,0,1,9,-28.313984,153.388994,72,2,1,0,0,0,0,0,2,0,0,80,1,3775,3775,0,16,25,2,0,1,1,0
1297820,2,2022,2022,6,4,6,3371,17,225,3342,0,1,2,-33.803674,151.179255,77,0,2,1,0,0,0,0,2,0,7,60,2,1282,1282,1,30,0,2,0,0,1,0
1297822,1,2022,2022,5,5,8,829,27,165,770,0,1,10,-33.851086,151.154494,14,0,2,1,2,0,3,4,0,2,7,60,2,2040,2040,9,0,28,2,0,0,0,1
1297825,4,2022,2022,6,3,3,16,31,169,382,0,1,0,-33.603219,150.756116,29,2,2,1,2,0,0,0,0,0,7,60,2,9859,9859,1,5,0,2,0,2,0,0
1297830,2,2022,2022,0,6,6,92,31,16,34609,0,1,9,-33.797912,151.201449,77,0,2,1,0,0,0,3,2,0,7,50,0,9859,9859,8,0,40,1,0,0,1,0
1297832,2,2022,2022,8,1,5,348,17,4,232,0,1,1,-33.069376,149.93622,44,1,0,1,0,0,0,0,2,0,7,100,2,9859,9859,8,0,40,1,0,0,2,0
1297833,2,2022,2022,6,1,11,2,27,2,34609,0,1,1,-32.71467,151.559496,42,2,1,1,0,0,0,0,0,0,7,60,0,945,945,5,5,40,1,0,0,3,0
1297835,2,2022,2022,6,3,10,37,27,58,34609,0,1,9,-33.255011,151.397291,16,2,2,1,2,2,0,0,0,0,7,40,0,475,475,5,5,40,1,0,0,1,0
1297836,2,2022,2022,5,5,8,15,27,11,34609,0,1,1,-35.318449,148.663678,66,2,1,0,0,0,0,0,2,0,7,60,0,4552,5151,8,10,40,1,0,0,1,0
1297839,4,2022,2022,6,4,8,7,23,136,34609,0,1,7,-33.921934,151.084127,15,0,2,1,0,0,0,0,2,0,0,50,0,6545,6545,4,5,25,2,0,1,0,0
1297841,2,2022,2022,6,5,8,89,36,6,81,0,1,1,-33.50321,148.31048,51,1,0,1,3,0,0,0,0,0,7,100,2,323,323,1,3,10,2,0,0,1,0
1297846,2,2022,2022,8,3,8,32,27,169,88,0,1,10,-33.623945,150.739887,29,2,2,1,0,0,0,0,2,0,15,80,2,6545,6545,4,30,5,2,0,0,1,0
1297848,2,2022,2022,6,5,5,21,10,89,34609,0,1,7,-28.224139,153.528889,72,2,1,0,0,0,0,0,2,0,0,50,0,5929,5929,1,5,5,2,0,0,1,0
1297849,4,2022,2022,6,6,7,829,27,91,34609,0,1,1,-33.984495,150.891032,13,0,2,1,1,0,0,0,2,0,7,50,0,5929,5929,1,10,19,2,0,1,1,0
1297854,1,2022,2022,6,6,8,55,27,112,70,0,1,1,-33.708582,151.02477,31,0,2,0,2,0,0,0,0,0,7,60,2,14295,14295,3,5,0,2,0,0,0,1
1297856,4,2022,2022,5,4,4,2,27,3,34609,0,1,1,-35.176214,147.303466,75,2,1,1,0,2,3,4,2,0,7,80,0,4026,4026,8,5,40,1,0,1,0,0
1297858,1,2022,2022,5,3,5,9,27,29,13,0,1,1,-32.670385,143.161991,51,1,0,1,0,2,0,0,2,0,7,100,1,1945,1945,5,16,40,1,0,0,0,1
1297860,2,2022,2022,8,0,7,32,27,19,34609,0,1,1,-33.41028,149.972289,40,1,0,0,0,0,3,4,2,0,7,100,0,782,957,5,0,40,1,0,0,1,0
1297866,2,2022,2022,8,5,4,133,17,12,121,0,1,1,-36.068052,149.158468,65,1,0,0,0,0,0,0,2,0,7,100,2,418,714,5,8,40,1,0,0,1,0
1297867,4,2022,2022,6,3,8,79,27,145,159,0,1,9,-33.925883,151.10847,15,0,2,1,2,0,0,0,3,0,15,60,2,1945,1945,5,16,40,1,0,1,0,0
1297869,2,2022,2022,5,3,9,37,1,646,34609,0,1,1,-33.92177,151.030533,15,0,2,1,1,0,0,0,2,0,7,50,0,1220,1220,9,0,28,2,0,0,1,0
1297870,2,2022,2022,5,2,7,22,27,173,34609,0,1,1,-33.880455,151.218876,69,0,2,1,1,0,3,3,2,0,7,40,0,9859,9859,1,5,5,3,0,0,1,0
1297873,2,2022,2022,5,1,9,283,27,145,702,1,0,2,-33.925579,151.069929,15,0,2,1,2,0,0,0,0,0,7,60,2,9859,9859,8,10,40,1,0,0,1,0
1297876,1,2022,2022,5,6,9,1104,14,41,962,0,1,3,-33.82701,151.0107,54,0,2,1,3,0,0,0,2,0,7,90,2,14295,14295,3,0,0,2,0,0,0,1
1297877,1,2022,2022,8,1,8,485,27,232,769,0,1,10,-33.684201,150.916783,7,0,2,1,2,0,3,4,3,2,9,80,2,14295,14295,3,5,13,2,0,0,0,2
1297878,2,2022,2022,1,4,9,2261,17,92,2252,0,1,3,-34.00435,150.835468,13,0,2,1,3,0,3,4,3,0,7,110,2,1383,1383,1,5,0,3,0,0,1,0
1297881,1,2022,2022,1,2,9,68,31,41,168,0,1,7,-34.053225,150.699337,12,0,2,1,3,0,0,0,3,0,7,50,1,14295,14295,3,5,5,2,0,0,0,1
1297885,1,2022,2022,1,1,7,10,34,4,34609,0,1,1,-35.422287,149.632884,58,1,0,1,3,2,3,4,2,0,7,100,0,1945,1945,5,16,40,1,0,0,0,1
1297894,1,2022,2022,6,6,8,2,1,50,34609,0,1,9,-34.353642,150.914897,80,0,2,1,3,0,0,0,2,0,7,40,0,2852,2852,4,5,12,2,0,0,0,1
1297898,1,2022,2022,1,1,5,485,27,42,769,0,1,9,-33.705493,150.934459,71,0,2,1,3,0,0,0,2,2,7,80,2,14295,14295,3,5,5,2,0,0,0,1
1297901,1,2022,2022,5,6,7,481,17,10,483,0,1,9,-35.412925,145.705616,51,1,0,0,0,0,0,0,2,0,0,100,2,489,489,5,10,40,1,0,0,0,1
1297904,4,2022,2022,5,0,6,500,27,271,799,0,1,2,-33.937719,151.020101,15,0,2,1,1,0,0,0,2,0,7,70,2,3775,3775,0,9,10,2,0,1,1,0
1297908,2,2022,2022,1,1,6,165,31,78,34609,0,1,9,-33.864787,151.088701,14,0,2,1,1,0,0,0,2,0,7,50,0,775,775,4,5,0,2,0,0,1,0
1297909,1,2022,2022,7,4,7,2,27,1,34609,0,1,1,-29.296645,152.691775,18,1,0,0,0,0,3,4,2,0,7,100,0,4552,5151,8,10,40,1,0,0,0,1
1297912,4,2022,2022,5,4,8,104,27,137,140,0,1,9,-33.922023,151.200368,4,0,2,1,0,0,0,0,3,0,0,60,2,1220,1220,9,5,28,2,0,1,0,0
1297913,2,2022,2022,1,4,8,168,17,42,212,0,1,9,-35.344928,149.249546,58,2,1,1,0,0,3,4,3,0,0,60,2,2852,2852,4,30,5,2,0,0,1,0
1297914,4,2022,2022,6,2,5,44,27,89,38,0,1,9,-33.855167,150.891968,24,0,2,1,1,0,0,0,2,0,7,60,1,1669,1669,3,30,5,2,0,1,0,0
1297918,1,2022,2022,7,2,6,251,14,79,124,0,1,2,-33.823562,151.208042,49,0,2,0,0,0,0,0,2,0,7,80,2,1282,1282,1,5,22,3,0,0,0,1
1297919,2,2022,2022,6,0,1,3,27,3,34609,0,1,1,-33.305761,150.115518,40,2,1,0,0,0,0,0,0,0,7,50,0,4552,5151,8,0,40,1,0,0,1,0
1297920,2,2022,2022,1,1,1,62,27,63,166,0,1,2,-33.24339,151.466549,16,2,2,1,2,0,0,0,0,0,7,70,2,9859,9859,8,5,40,1,0,0,2,0
1297921,2,2022,2022,1,5,4,95,27,50,36,0,1,10,-33.514732,151.330048,16,2,2,1,1,0,0,0,2,0,0,60,1,6545,6545,4,0,0,2,0,0,1,1
1297925,4,2022,2022,5,2,3,265,10,445,563,0,1,2,-33.858222,151.043068,21,0,2,0,2,0,0,0,1,0,7,70,2,404,404,8,5,40,2,0,1,0,0
1297926,2,2022,2022,8,1,9,191,17,562,189,0,1,1,-32.235023,148.638861,22,2,1,1,2,0,0,0,3,0,7,60,2,121,121,9,10,28,2,0,0,1,0
1297927,2,2022,2022,5,1,9,21,31,314,34609,0,1,9,-33.85833,150.935715,24,0,2,1,0,0,0,0,3,0,0,50,0,1259,985,8,16,40,1,0,0,1,0
1297935,2,2022,2022,8,5,7,2209,17,61,2205,0,1,7,-35.914776,150.084882,23,2,1,1,1,0,3,4,2,0,0,50,2,4552,985,8,10,40,1,0,0,1,0
1297942,4,2022,2022,6,2,2,16,31,157,769,0,1,10,-33.797246,151.002277,54,0,2,1,2,0,0,0,0,2,7,60,1,9859,9859,8,5,40,1,0,1,1,0
1297944,2,2022,2022,8,2,5,10,27,4,34609,0,1,9,-34.784423,149.7344,26,1,0,1,0,0,0,0,2,0,15,100,0,323,323,1,16,5,2,0,0,1,0
1297946,2,2022,2022,6,6,4,2,31,228,34609,0,1,10,-34.761818,149.728516,26,2,1,1,1,0,0,0,2,0,0,50,0,6545,6545,4,0,0,2,0,0,3,0
1297947,1,2022,2022,5,0,3,15,1,363,16,0,1,1,-33.743436,150.692613,55,0,2,1,1,0,0,0,1,0,7,60,1,1945,1945,5,16,40,1,0,0,0,1
1297948,2,2022,2022,8,2,9,4,27,5,34609,0,1,1,-31.43212,152.676247,56,2,1,0,0,0,0,0,0,0,7,60,0,3775,3775,0,0,5,2,0,0,1,0
1297950,2,2022,2022,6,3,10,3,27,3,3,0,1,1,-31.01384,152.940745,34,2,1,1,3,0,0,0,0,0,7,60,1,1089,1089,7,0,40,1,0,0,1,0
1297953,1,2022,2022,1,2,6,27,31,157,34609,0,1,10,-33.796239,151.009523,54,0,2,1,3,0,0,0,2,0,15,50,0,6545,6545,4,9,5,2,0,0,0,1
1297954,1,2022,2022,5,5,8,39,27,284,563,0,1,10,-33.899047,151.037197,15,0,2,1,3,0,3,4,2,2,7,70,2,14295,14295,3,10,5,2,0,0,0,1
1297957,1,2022,2022,1,0,8,3371,17,51,3342,0,1,9,-33.262513,151.481578,16,2,2,1,3,0,0,3,2,2,7,70,2,1981,1981,4,5,0,2,0,0,0,1
1297965,1,2022,2022,5,6,5,2209,17,115,2205,0,1,10,-33.912246,151.179437,32,0,2,1,3,0,0,0,2,3,7,60,2,14295,14295,3,5,36,2,0,0,0,1
1297967,2,2022,2022,1,6,7,112,27,92,256,0,1,7,-33.984471,150.844375,13,0,2,1,3,0,0,0,2,0,0,70,2,14295,14295,3,5,0,2,0,0,1,0
1297968,4,2022,2022,6,5,7,3371,17,20,3342,0,1,2,-31.020574,152.876613,34,1,0,1,0,0,0,0,2,0,7,110,2,9859,9859,8,34,40,1,0,1,0,0
1297971,2,2022,2022,6,0,0,829,27,124,770,1,0,2,-33.812446,151.042812,54,0,2,1,2,0,0,0,0,0,7,70,2,3775,3775,0,5,10,2,0,0,2,0
1297973,2,2022,2022,6,4,6,11,31,225,34609,0,1,1,-33.797243,151.182506,77,0,2,1,0,0,0,0,2,0,7,40,0,368,368,9,0,28,2,0,0,1,0
1297974,1,2022,2022,6,0,7,64,27,175,284,0,1,10,-33.77116,151.080268,54,0,2,1,2,0,0,0,2,2,7,60,2,5929,5929,1,0,5,2,0,0,0,2
1297975,2,2022,2022,1,6,8,2209,17,35,2205,0,1,1,-35.476795,150.341031,63,1,0,0,0,0,0,0,0,0,7,100,2,84,84,8,30,40,1,0,0,1,0
1297976,2,2022,2022,8,3,6,48,27,3,42,0,1,1,-35.103108,150.26985,63,2,1,1,0,0,0,0,2,0,7,80,1,14295,14295,3,0,36,2,0,0,1,0
1297977,4,2022,2022,6,6,3,2126,17,9,2149,0,1,1,-33.426028,149.702136,3,1,0,1,0,0,1,3,2,0,7,100,2,14295,14295,3,0,5,2,0,1,0,0
1297978,2,2022,2022,6,0,8,4,31,219,34609,0,1,9,-32.896091,151.68153,48,0,2,1,1,0,0,0,2,0,0,50,0,515,515,1,0,27,2,0,0,1,0
1297979,1,2022,2022,1,1,3,2261,17,443,2252,0,1,2,-33.890249,151.05908,67,0,2,1,3,0,0,0,2,0,7,70,2,14295,14295,3,5,5,2,0,0,0,1
1297980,2,2022,2022,5,2,10,178,27,189,101,0,1,9,-33.939171,151.054687,15,0,2,1,2,0,0,0,0,2,7,50,1,9859,9859,8,5,40,1,0,0,1,0
1297981,4,2022,2022,8,1,9,10,27,108,34609,0,1,1,-33.762905,151.266862,50,0,2,1,2,0,3,4,0,0,7,50,0,1220,1220,9,5,28,2,0,1,0,0
1297984,2,2022,2022,5,0,3,2261,17,646,2252,1,0,10,-33.907309,151.03334,15,0,2,1,0,0,3,4,2,2,7,60,2,5929,5929,1,5,12,2,0,0,1,0
1297985,4,2022,2022,6,2,10,19,31,182,174,0,1,10,-32.83745,151.355812,17,2,1,1,2,0,0,0,0,2,7,40,2,6545,6545,4,5,27,2,0,1,0,0
1297987,2,2022,2022,6,5,7,12,31,41,19,0,1,9,-31.093074,150.898164,70,2,1,1,1,0,0,0,2,0,7,60,1,5929,5929,1,10,19,2,0,0,2,0
1297990,1,2022,2022,6,6,3,4,31,137,34609,0,1,10,-34.028636,151.063892,68,0,2,1,3,0,0,0,1,0,0,50,0,6545,6545,4,5,13,2,0,0,0,1
1297991,4,2022,2022,8,3,4,24,27,201,47,0,1,7,-33.990927,150.857758,13,0,2,0,0,0,0,0,2,0,0,60,1,1957,4009,8,16,40,1,0,1,0,0
1297995,1,2022,2022,1,0,3,22,27,123,59,0,1,10,-33.889833,151.232864,69,0,2,1,3,0,0,0,2,2,7,40,1,2852,2852,4,0,25,2,0,0,0,1
1298006,2,2022,2022,5,2,5,74,23,49,260,0,1,9,-33.966745,151.153916,4,0,2,0,3,0,3,4,2,3,7,60,2,1391,1391,1,5,5,2,0,0,1,0
1298010,2,2022,2022,1,6,1,168,17,36,212,0,1,1,-35.470304,149.856862,58,1,0,1,3,0,0,1,0,0,7,100,2,9859,9859,8,5,40,1,0,0,1,0
1298011,1,2022,2022,6,4,4,20,27,62,31,0,1,1,-33.757368,151.26542,50,0,2,1,3,0,0,0,2,0,7,50,1,14295,14295,3,10,0,3,0,0,0,1
1298012,2,2022,2022,6,6,6,46,36,9,46,0,1,1,-32.679903,149.022468,22,2,1,0,0,0,0,0,2,0,7,60,1,273,957,5,5,40,1,0,0,1,0
1298014,2,2022,2022,6,6,7,334,17,4,308,0,1,1,-31.119098,149.619707,51,1,0,1,0,0,0,0,2,0,7,100,2,9859,9859,8,5,40,1,0,0,2,0
1298015,2,2022,2022,1,0,8,334,17,37,308,0,1,1,-30.995685,151.621627,51,1,0,0,3,0,3,4,3,0,7,100,2,782,957,5,16,40,1,0,0,1,0
1298021,1,2022,2022,1,5,5,34,27,57,799,0,1,9,-33.898928,151.169476,32,0,2,1,3,0,0,0,2,2,7,60,2,775,775,4,5,12,3,0,0,0,1
1298024,1,2022,2022,1,3,1,1104,14,445,962,0,1,3,-33.842977,151.044562,54,0,2,1,3,0,0,0,0,0,7,90,2,14295,14295,3,10,5,2,0,0,0,1
1298026,4,2022,2022,5,3,8,150,27,197,415,0,1,10,-33.797721,151.114963,61,0,2,1,1,0,3,0,3,2,7,70,2,5929,5929,1,5,5,3,0,1,0,0
1298027,2,2022,2022,5,0,10,230,27,80,284,0,1,10,-33.810726,151.163562,38,0,2,1,3,0,3,4,0,2,7,60,2,14295,14295,3,5,5,2,0,0,1,0
1298028,2,2022,2022,6,4,10,1104,14,104,962,0,1,3,-33.833364,151.024699,54,0,2,1,2,0,0,0,0,0,7,90,2,14295,14295,3,5,5,2,0,0,1,0
1298033,1,2022,2022,1,1,5,43,31,106,7,0,1,9,-33.676116,151.307645,50,0,2,1,1,0,0,0,2,0,7,50,1,9859,9859,8,0,40,1,0,0,0,1
1298035,2,2022,2022,1,1,4,1,10,85,34609,0,1,1,-33.783032,150.663774,55,0,2,1,1,0,0,0,2,0,7,50,0,945,945,5,0,40,1,0,0,1,0
1298038,2,2022,2022,5,1,10,45,27,110,45,0,1,9,-33.743496,151.047112,31,0,2,0,2,0,0,0,0,2,0,60,2,5929,5929,1,5,13,2,0,0,1,0
1298040,2,2022,2022,5,2,6,71,27,14,69,0,1,1,-36.36964,148.678225,65,1,0,0,0,0,3,4,2,0,7,100,2,380,714,5,0,40,1,0,0,2,0
1298041,4,2022,2022,1,1,11,2261,17,39,2252,0,1,2,-36.018111,146.984215,0,1,0,1,0,0,0,0,0,0,7,110,2,4026,4026,8,10,40,1,0,1,0,0
1298042,2,2022,2022,6,2,11,165,31,80,16,0,1,10,-33.877797,151.205717,69,0,2,1,2,0,0,0,0,2,7,40,1,2040,2040,9,5,28,2,0,0,1,0
1298047,2,2022,2022,5,0,6,10,31,41,19,0,1,9,-31.087,150.90797,70,2,1,1,1,0,0,0,2,0,0,60,1,1109,787,1,10,0,2,0,0,1,0
1298048,4,2022,2022,5,4,11,54,31,278,34609,1,0,1,-33.779861,151.055809,54,0,2,1,2,0,0,0,0,0,7,50,0,312,312,2,0,40,1,0,1,0,0
1298049,2,2022,2022,6,6,10,916,17,66,917,0,1,2,-32.812397,151.655283,48,0,2,1,2,0,0,0,0,0,7,90,2,1282,1282,1,3,5,2,0,0,1,0
1298050,2,2022,2022,5,4,9,46,27,96,49,1,0,1,-34.054435,150.848433,13,0,2,1,0,0,0,0,0,0,7,60,1,3775,3775,0,0,5,3,0,0,1,0
1298051,2,2022,2022,5,5,7,294,17,215,288,0,1,9,-35.116139,147.349397,75,2,1,1,3,0,3,3,2,0,0,60,2,2852,2852,4,5,13,4,0,0,1,0
1298053,1,2022,2022,5,0,4,829,27,149,770,0,1,9,-33.868312,151.176046,32,0,2,1,0,0,3,4,2,2,7,60,2,515,515,1,30,0,2,0,0,0,1
1298054,1,2022,2022,5,3,8,4,27,4,34609,0,1,9,-34.682587,149.732047,26,1,0,0,0,0,0,0,2,0,0,100,0,2585,4009,8,16,40,1,0,0,0,1
1298055,2,2022,2022,1,0,5,53,36,13,34,0,1,1,-33.288545,148.727543,11,1,0,1,0,0,3,3,2,0,7,100,2,1109,787,1,0,0,2,0,0,1,1
1298056,4,2022,2022,5,4,11,1,27,2,34609,0,1,1,-29.474226,153.357826,18,1,0,1,2,0,3,4,0,0,7,100,0,4026,4026,8,5,40,1,0,1,1,0
1298060,2,2022,2022,5,5,6,21,10,89,34609,0,1,10,-28.211634,153.544876,72,2,1,1,1,0,0,0,2,2,7,60,0,6545,6545,4,0,0,2,0,0,1,0
1298062,2,2022,2022,5,2,9,15,27,88,34609,1,0,1,-33.980664,151.112056,25,0,2,1,2,0,3,0,0,0,7,50,0,4026,4026,1,5,5,2,0,0,1,0
1298064,4,2022,2022,6,0,8,35,27,363,24,0,1,9,-33.763907,150.70846,55,0,2,1,0,0,0,0,2,0,7,60,1,5929,5929,1,5,36,2,0,1,0,0
1298067,1,2022,2022,6,1,11,283,27,197,702,1,0,9,-33.941676,151.07626,15,0,2,1,3,0,3,3,0,2,7,60,2,5929,5929,1,5,0,2,0,0,0,1
1298068,1,2022,2022,5,1,8,330,27,53,605,0,1,10,-33.727258,151.29927,50,0,2,1,1,0,0,0,3,0,0,60,2,312,312,2,19,40,1,0,0,0,1
1298084,1,2022,2022,5,4,4,344,27,44,369,0,1,9,-33.742338,150.715903,55,0,2,1,3,0,0,3,2,2,7,70,2,14295,14295,3,0,5,3,0,0,0,1
1298085,1,2022,2022,5,5,7,387,27,290,331,0,1,9,-33.957157,151.11806,4,0,2,1,3,0,3,4,2,0,0,60,2,5929,5929,1,5,5,2,0,0,0,1
1298087,1,2022,2022,5,2,7,150,27,197,415,1,0,9,-33.793726,151.119096,61,0,2,1,3,0,0,0,2,2,7,70,2,14295,14295,3,0,0,3,0,0,0,1
1298088,1,2022,2022,8,1,8,15,1,64,34609,0,1,1,-33.952409,150.993338,15,0,2,1,3,0,0,0,3,0,7,50,0,14295,14295,3,5,25,2,0,0,0,1
1298090,1,2022,2022,1,1,4,1,31,5,34609,1,2,1,-33.968072,151.057232,25,0,2,1,3,0,0,0,2,0,7,40,0,1981,1981,4,0,5,2,0,0,0,1
1298091,2,2022,2022,5,4,3,90,31,112,165,0,1,2,-33.906646,151.213556,69,0,2,1,3,0,3,4,1,0,7,80,2,14295,14295,3,10,13,2,0,0,1,0
1298092,2,2022,2022,1,1,7,12,27,18,34609,0,1,9,-32.964068,151.707526,37,0,2,1,3,0,0,0,2,0,15,60,0,1669,1669,3,3,0,2,0,0,1,0
1298094,2,2022,2022,1,2,6,150,27,309,415,0,1,9,-33.8033,151.113557,61,0,2,0,3,0,0,0,2,2,7,70,2,14295,14295,3,5,0,2,0,0,1,0
1298097,2,2022,2022,1,4,9,12,31,218,34609,0,1,7,-33.776789,150.785239,55,0,2,1,3,0,0,3,0,0,0,50,0,6545,6545,4,5,12,2,0,0,1,0
1298098,1,2022,2022,1,4,8,224,27,169,321,0,1,10,-33.898769,151.200003,69,0,2,1,3,0,0,0,3,2,7,50,2,5929,5929,1,5,5,3,0,0,0,2
1298104,4,2022,2022,1,2,7,2,27,44,34609,0,1,1,-32.84527,146.837248,51,1,0,1,0,0,3,4,2,0,7,100,0,945,945,5,29,40,1,0,1,0,0
1298105,2,2022,2022,5,3,2,4,27,155,15,0,1,1,-33.210073,148.231634,53,1,0,1,0,0,0,0,1,0,7,100,1,9859,9859,8,10,40,1,0,0,1,0
1298108,2,2022,2022,5,5,7,6,27,7,24,0,1,9,-33.974161,151.224439,59,0,2,0,0,0,0,0,2,0,0,60,2,5929,5929,1,5,27,2,0,0,1,0
1298110,1,2022,2022,1,4,3,193,27,124,34609,0,1,7,-33.811328,151.042039,54,0,2,1,2,0,0,0,1,0,0,50,0,6545,6545,4,8,0,2,0,0,0,2
1298112,4,2022,2022,5,5,8,10,10,121,34609,0,1,1,-28.204391,153.541364,72,2,1,1,3,0,0,0,2,0,7,50,0,77,77,1,16,40,1,0,1,0,0
1298114,1,2022,2022,1,6,4,168,10,387,260,0,1,2,-33.945883,151.181716,4,0,2,1,3,0,0,0,2,0,7,70,2,14295,14295,3,9,0,2,0,0,0,1
1298115,2,2022,2022,1,5,8,21,31,33,34609,0,1,9,-35.122121,147.33019,75,2,1,1,3,0,0,3,2,0,7,50,0,1669,1669,3,10,5,2,0,0,1,0
1298116,1,2022,2022,1,6,7,19,27,57,63,0,1,10,-34.563885,150.830146,62,0,2,1,3,0,0,0,2,2,7,70,2,5929,5929,1,5,5,2,0,0,0,1
1298120,1,2022,2022,6,1,4,220,27,66,222,0,1,10,-33.712047,150.933509,7,0,2,1,3,0,0,0,2,2,7,80,2,14295,14295,3,5,0,2,0,0,0,1
1298122,1,2022,2022,1,4,8,4,31,219,34609,0,1,10,-32.902968,151.665878,48,0,2,1,3,0,0,3,2,0,0,40,0,6545,6545,4,0,0,4,0,0,0,1