Crash ID,Degree of crash - detailed,Reporting year,Year of crash,Month of crash,Day of week of crash,Two-hour intervals,Street of crash,Street type,Town,Route no.,School zone location,School zone active,Type of location,Latitude,Longitude,LGA,Urbanisation,Conurbation 1,Alignment,Street lighting,Road surface,Surface condition,Weather,Natural lighting,Signals operation,Other traffic control,Speed limit,Road classification,RUM - code,DCA - code,First impact type,Key TU type,Other TU type,No. of traffic units involved,No. killed,No. seriously injured,No. moderately injured,No. minor-other injured
1298127,1,2022,2022,5,1,6,40,1,16,34609,0,1,9,-35.097129,147.379176,75,2,1,1,3,0,0,0,2,0,15,60,0,14295,14295,3,5,5,2,0,0,0,1
1298128,2,2022,2022,5,3,4,293,31,219,34609,0,1,10,-32.891268,151.668051,48,0,2,1,1,0,0,0,2,2,7,60,0,1192,1192,1,0,13,2,0,0,1,0
1298130,4,2022,2022,5,1,5,1,27,34,34609,0,1,9,-33.990707,150.762177,12,0,2,1,0,0,0,3,2,0,0,60,0,2852,2852,4,5,13,2,0,1,0,0
1298131,2,2022,2022,6,2,5,20,27,3,20,0,1,9,-35.093206,150.670113,63,2,1,0,0,0,0,0,2,0,0,80,1,323,323,1,16,0,2,0,0,1,0
1298132,4,2022,2022,8,1,8,3371,17,108,3342,0,1,9,-33.816319,151.17875,77,0,2,1,2,0,3,4,0,2,9,60,2,2040,2040,9,9,28,2,0,1,0,0
1298133,2,2022,2022,1,5,3,387,27,290,331,0,1,10,-33.948206,151.127863,4,0,2,1,3,0,0,0,2,3,8,60,2,1192,1192,1,9,12,2,0,0,1,0
1298136,4,2022,2022,6,4,5,916,17,22,917,0,1,2,-32.769232,151.603507,42,2,1,1,1,0,0,0,2,0,7,80,2,14295,14295,3,10,18,2,0,1,0,0
1298137,4,2022,2022,8,1,0,3,31,136,34609,0,1,1,-32.933119,151.715275,48,0,2,1,2,0,0,0,0,0,7,50,0,9859,9859,1,5,13,2,0,1,0,0
1298138,2,2022,2022,6,3,6,7,1,5,34609,0,1,1,-33.99457,151.140045,4,0,2,1,0,0,0,0,2,0,7,50,0,941,941,1,0,36,2,0,0,1,1
1298140,2,2022,2022,5,2,5,21,27,79,34609,0,1,1,-33.553923,150.728629,29,2,2,1,0,0,0,0,2,0,7,80,0,83,83,5,16,40,1,0,0,1,0
1298141,1,2022,2022,6,2,6,34,31,433,34609,0,1,1,-33.275161,149.094079,52,2,1,1,1,0,0,0,2,0,7,50,0,9859,9859,8,5,40,2,0,0,0,1
1298142,2,2022,2022,6,6,8,17,31,201,34609,1,2,7,-34.880248,150.599478,63,2,1,1,0,0,0,3,2,0,0,40,0,6545,6545,4,0,19,2,0,0,1,0
1298144,2,2022,2022,8,5,8,33,1,28,34609,0,1,2,-33.918706,150.883412,41,0,2,1,2,0,0,0,0,0,9,50,0,2040,2040,9,0,28,2,0,0,1,0
1298146,1,2022,2022,5,0,4,35,27,304,37,0,1,10,-33.906643,151.145827,32,0,2,0,1,0,0,0,2,3,7,60,1,5929,5929,1,10,12,2,0,0,0,1
1298147,1,2022,2022,6,0,7,481,17,22,483,0,1,1,-28.835798,150.227666,51,2,1,1,0,0,0,0,2,0,7,60,2,941,941,1,0,0,2,0,0,0,1
1298148,4,2022,2022,8,3,6,109,27,100,105,1,0,9,-33.893192,150.89122,24,0,2,1,0,0,0,0,2,0,7,60,2,2852,2852,4,5,0,2,0,1,0,0
1298152,2,2022,2022,5,3,8,87,1,225,19,0,1,9,-33.798364,151.182008,77,0,2,1,2,0,3,4,2,2,7,40,1,2040,2040,9,0,28,3,0,0,1,1
1298156,2,2022,2022,5,2,6,12,27,90,28,0,1,1,-33.792205,150.943047,21,0,2,1,1,0,3,4,2,0,7,60,1,9859,9859,8,5,40,1,0,0,1,0
1298158,4,2022,2022,5,0,8,1,27,4,34609,0,1,1,-32.554188,151.571415,51,2,1,1,0,0,0,0,2,0,7,80,0,4026,4026,8,10,40,1,0,1,0,0
1298161,1,2022,2022,5,0,9,20,27,132,148,0,1,1,-34.073498,151.057354,68,0,2,1,0,0,3,0,0,0,7,50,2,1945,1945,5,16,40,1,0,0,0,1
1298162,4,2022,2022,5,6,7,1,31,387,34609,1,2,9,-33.929295,151.192013,4,0,2,1,1,0,0,0,2,0,15,40,0,5929,5929,1,5,19,2,0,1,0,0
1298165,2,2022,2022,5,0,8,13,1,42,34609,1,0,1,-33.919288,150.896294,41,0,2,0,0,0,0,0,2,0,7,40,0,1220,1220,9,21,28,2,0,0,1,0
1298171,4,2022,2022,6,1,3,3371,17,21,3342,0,1,2,-31.982082,152.469942,43,1,0,1,0,0,0,0,2,0,7,110,2,14295,14295,3,9,35,2,0,1,1,0
1298173,4,2022,2022,1,3,5,3371,17,65,3342,0,1,2,-30.385471,153.042763,19,1,0,1,0,0,0,0,2,0,7,110,2,4026,4026,8,5,40,1,0,2,0,0
1298174,2,2022,2022,6,0,4,43,27,9,118,0,1,1,-30.499786,150.611111,70,1,0,0,0,0,0,0,2,0,7,100,2,2585,4009,8,0,40,1,0,0,1,0
1298176,2,2022,2022,1,6,2,2261,17,35,2252,0,1,2,-34.898472,148.202153,20,1,0,0,0,0,0,3,0,0,7,110,2,418,714,5,3,40,1,0,0,1,0
1298180,1,2022,2022,7,0,6,109,27,16,169,0,1,2,-32.824465,151.416375,17,2,1,1,0,0,0,0,2,0,7,60,2,4026,4026,8,16,40,1,0,0,0,1
1298182,1,2022,2022,1,2,9,47,27,12,34609,0,1,1,-32.925774,151.78539,48,0,2,1,2,0,0,0,0,0,9,50,0,591,591,1,22,5,2,0,0,0,1
1298185,4,2022,2022,1,6,8,37,31,80,19,0,1,1,-33.880412,151.171141,32,0,2,1,1,0,0,0,3,0,7,50,2,1669,1669,3,0,19,2,0,1,0,0
1298190,4,2022,2022,5,6,9,3371,17,40,3342,0,1,2,-33.819165,151.183536,38,0,2,1,0,0,0,0,2,0,7,60,2,1945,1945,5,22,40,1,0,1,0,0
1298191,2,2022,2022,6,4,11,55,27,151,160,1,0,10,-34.02943,150.848208,13,0,2,1,2,0,0,0,0,2,7,60,2,1669,1669,3,5,5,2,0,0,1,0
1298192,4,2022,2022,6,6,3,3,31,77,34609,0,1,1,-33.863683,150.939727,24,0,2,1,1,0,0,1,1,0,7,50,0,121,121,9,10,28,2,0,1,0,0
1298193,4,2022,2022,6,2,10,2,27,25,34609,0,1,1,-32.394053,150.677823,46,2,1,0,1,0,0,0,0,0,11,60,0,4552,5151,8,5,40,1,0,1,1,0
1298196,2,2022,2022,8,2,2,63,31,252,34609,1,0,9,-33.882962,151.214462,69,0,2,1,3,0,0,0,0,0,7,40,0,9859,9859,1,5,5,5,0,0,1,0
1298198,2,2022,2022,8,6,4,3,1,189,34609,0,1,1,-33.946929,151.051723,15,0,2,1,0,0,0,0,2,0,9,50,0,2040,2040,9,10,28,2,0,0,1,0
1298200,4,2022,2022,8,2,11,6,31,119,34609,1,0,10,-32.765375,151.746443,57,2,1,1,2,0,3,4,0,0,7,50,0,9859,9859,1,0,0,2,0,1,0,0
1298201,2,2022,2022,6,0,0,106,27,523,106,0,1,10,-33.928162,150.912338,41,0,2,1,2,0,0,0,0,2,7,60,2,4026,4026,8,5,40,1,0,0,1,0
1298204,1,2022,2022,7,3,6,2261,17,36,2252,0,1,2,-36.096526,146.919106,0,1,0,1,0,0,0,0,2,0,7,110,2,1192,1192,1,5,5,2,0,0,0,1
1298205,4,2022,2022,6,4,8,829,27,159,770,0,1,9,-33.80583,151.075833,61,0,2,1,1,0,0,0,3,0,7,70,2,14295,14295,3,0,5,2,0,1,1,0
1298209,2,2022,2022,5,4,3,485,27,154,769,0,1,9,-33.719593,150.96364,71,0,2,1,2,0,3,4,1,0,15,60,2,5929,5929,1,5,18,2,0,0,1,0
1298210,2,2022,2022,1,4,8,37,27,10,36,0,1,1,-32.606186,151.722452,57,2,1,0,0,0,3,4,3,0,7,80,1,3775,3775,0,10,5,2,0,0,1,0
1298215,2,2022,2022,1,4,11,515,14,387,518,0,1,3,-33.946237,151.171356,4,0,2,1,2,0,0,0,0,0,7,80,2,9859,9859,8,5,40,1,0,0,1,0
1298217,4,2022,2022,6,4,5,3371,17,27,3342,0,1,2,-30.197842,153.147478,19,1,0,1,1,0,0,0,2,0,7,110,2,4026,4026,8,9,40,1,0,1,0,0
1298220,2,2022,2022,5,2,3,500,27,80,160,0,1,10,-33.97488,150.899247,13,0,2,1,2,0,0,0,1,2,7,60,2,6545,6545,4,33,5,2,0,0,1,0
1298225,2,2022,2022,6,3,10,265,10,445,563,0,1,10,-33.864983,151.041659,21,0,2,1,2,0,0,0,0,2,7,70,2,6545,6545,4,5,13,3,0,0,2,1
1298226,4,2022,2022,0,5,8,26,27,103,34609,0,1,9,-32.943202,151.651693,37,0,2,0,1,0,0,0,2,0,15,60,0,2852,2852,4,0,19,2,0,1,0,0
1298227,2,2022,2022,5,0,7,478,17,78,480,0,1,2,-33.420132,151.439452,16,2,2,0,1,0,0,0,2,0,7,60,2,1850,1463,5,16,40,1,0,0,1,0
1298229,4,2022,2022,6,5,9,26,27,73,115,0,1,10,-33.774337,151.181653,36,0,2,1,3,0,3,4,0,0,6,60,1,5929,5929,1,5,0,2,0,1,0,0
1298232,2,2022,2022,5,0,5,125,27,32,144,0,1,9,-32.753853,152.101604,57,1,0,0,1,0,3,4,2,0,15,90,2,2852,2852,4,0,5,2,0,0,2,0
1298233,4,2022,2022,6,2,5,194,31,363,769,0,1,10,-33.806695,151.005709,54,0,2,1,1,0,0,0,2,2,7,40,2,591,591,1,22,5,2,0,1,0,0
1298237,2,2022,2022,6,1,3,8,27,5,7,0,1,1,-30.697222,150.488744,70,1,0,0,3,2,0,0,2,0,7,100,1,380,714,5,10,40,1,0,0,1,0
1298240,4,2022,2022,5,1,6,168,10,102,260,0,1,2,-33.944892,151.187189,4,0,2,1,1,0,0,0,2,0,7,70,2,101,101,8,0,40,3,0,1,0,0
1298241,2,2022,2022,8,0,8,82,31,363,369,0,1,10,-33.747036,150.714261,55,0,2,1,1,0,0,0,2,2,7,70,2,1282,1282,1,5,25,3,0,0,1,0
1298244,2,2022,2022,0,4,7,84,1,80,139,0,1,2,-34.553756,146.408098,51,2,1,1,1,0,0,0,2,0,7,50,2,1945,1945,5,16,40,1,0,0,1,0
1298245,4,2022,2022,1,6,4,265,17,21,193,0,1,9,-35.084589,147.350212,75,2,1,0,0,0,0,0,2,0,7,80,2,1282,1282,1,8,40,1,0,1,0,0
1298246,4,2022,2022,1,4,10,8,27,10,34609,0,1,1,-33.449359,149.152445,51,2,1,0,0,0,3,4,0,0,7,80,0,4552,5151,8,10,40,1,0,1,0,0
1298249,2,2022,2022,1,4,6,7,27,7,34609,0,1,1,-28.319046,153.245839,72,2,1,1,0,0,0,0,2,0,7,80,0,14295,14295,3,5,0,2,0,0,1,0
1298250,4,2022,2022,5,0,8,157,17,123,158,0,1,9,-33.836889,148.623341,51,1,0,0,0,0,0,0,0,0,0,100,2,5929,5929,1,0,13,2,0,3,0,0
1298254,4,2022,2022,5,4,9,2261,17,44,2252,0,1,10,-33.894503,150.95783,24,0,2,1,2,0,0,0,3,2,7,70,2,14295,14295,3,30,5,3,0,1,2,0
1298255,2,2022,2022,8,4,5,76,27,15,148,0,1,10,-32.938755,151.760654,48,0,2,1,1,0,0,0,2,2,7,50,1,5929,5929,1,30,19,2,0,0,1,0
1298256,2,2022,2022,5,0,11,17,27,251,28,0,1,1,-33.787428,150.942743,7,0,2,1,2,0,3,4,0,0,7,60,1,9859,9859,8,5,40,5,0,0,1,0
1298257,1,2022,2022,5,6,2,283,27,129,702,0,1,2,-33.938794,151.075251,15,0,2,1,2,0,0,0,0,0,7,60,2,14295,14295,3,0,0,3,0,0,0,1
1298258,1,2022,2022,1,1,8,330,27,53,605,0,1,2,-33.732269,151.301231,50,0,2,1,2,0,0,0,3,0,7,60,2,1282,1282,1,9,19,2,0,0,0,1
1298259,2,2022,2022,6,2,0,21,31,293,34609,0,1,1,-33.937978,151.242347,59,0,2,1,2,0,0,0,0,0,7,50,0,1945,1945,5,15,40,1,0,0,1,0
1298262,4,2022,2022,6,1,10,3,31,189,34609,0,1,1,-33.954426,151.058013,25,0,2,1,0,0,3,0,0,0,7,50,0,9859,9859,1,5,5,3,0,1,0,0
1298263,1,2022,2022,1,3,7,63,17,4,63,0,1,1,-33.754567,141.785811,51,1,0,1,0,0,0,0,2,0,7,110,2,475,475,5,30,40,1,0,0,0,1
1298264,2,2022,2022,5,4,7,1,1,8,34609,0,1,10,-35.08508,150.647367,63,2,1,1,1,0,0,0,2,0,0,50,0,6545,6545,4,0,0,2,0,0,1,0
1298266,1,2022,2022,5,3,6,17,27,202,34609,0,1,10,-33.952194,151.03183,15,0,2,1,1,0,0,0,2,2,9,40,0,2040,2040,9,19,28,2,0,0,0,1
1298269,4,2022,2022,1,0,6,77,31,445,563,0,1,10,-33.884727,151.039948,21,0,2,1,0,0,0,0,2,2,7,80,2,256,256,4,15,5,3,0,1,0,0
1298272,4,2022,2022,1,5,5,265,17,21,193,0,1,6,-35.0848,147.350015,75,2,1,0,1,0,0,0,2,0,7,80,2,1850,1463,5,8,40,1,0,1,0,0
1298274,1,2022,2022,5,2,6,1,27,4,34609,0,1,1,-35.552704,149.52406,58,2,1,1,0,2,0,0,2,0,7,80,0,1089,1089,7,16,40,1,0,0,0,1
1298275,1,2022,2022,1,2,8,112,27,59,256,0,1,10,-33.974637,150.856506,13,0,2,1,3,0,0,0,3,2,7,70,2,83,83,1,5,5,3,0,0,0,2
1298276,2,2022,2022,5,6,6,5,23,21,34609,0,1,1,-34.374851,150.906078,80,0,2,1,0,0,0,0,2,0,7,50,0,9859,9859,8,5,40,1,0,0,2,0
1298279,2,2022,2022,5,4,3,177,22,70,176,0,1,10,-34.032515,151.085562,68,0,2,1,3,0,3,3,1,2,7,60,2,926,926,4,10,5,2,0,0,1,0
1298286,1,2022,2022,5,0,5,31,31,237,34609,0,1,10,-33.875465,150.936417,24,0,2,1,0,0,3,4,2,0,0,50,0,6545,6545,4,5,5,2,0,0,0,1
1298288,2,2022,2022,5,6,7,296,27,290,293,1,0,9,-33.849066,150.997101,21,0,2,1,1,0,0,0,2,2,7,70,2,14295,14295,3,10,5,2,0,0,2,1
1298290,2,2022,2022,1,4,4,3,31,136,34609,0,1,10,-32.924971,151.71382,48,0,2,1,1,0,0,0,2,0,0,50,0,6545,6545,4,0,5,2,0,0,1,0
1298292,2,2022,2022,1,0,6,90,36,2,102,0,1,1,-34.429637,147.380942,51,1,0,1,0,0,0,0,2,0,7,100,2,9859,9859,8,8,40,1,0,0,1,0
1298293,2,2022,2022,5,4,6,2,31,61,34609,0,1,7,-29.73702,151.735687,51,2,1,1,0,0,0,0,2,0,7,50,0,9859,9859,8,5,40,1,0,0,1,0
1298294,4,2022,2022,1,1,6,2261,17,96,2252,0,1,3,-34.213081,150.687247,79,1,2,1,0,0,0,0,2,0,7,110,2,4026,4026,8,10,40,1,0,1,0,0
1298295,4,2022,2022,1,0,9,14,27,85,34609,1,0,1,-33.902449,150.869784,41,0,2,1,0,0,0,0,0,0,7,50,0,1220,1220,9,10,28,2,0,1,0,0
1298306,4,2022,2022,1,0,4,3371,17,463,3342,0,1,9,-30.305894,153.101763,19,2,1,1,1,0,0,0,2,2,7,60,2,14295,14295,3,16,13,2,0,1,0,0
1298312,1,2022,2022,6,1,9,485,27,25,769,0,1,9,-33.615147,150.833756,29,2,2,1,3,0,0,0,0,2,7,80,2,2852,2852,4,10,5,2,0,0,0,1
1298313,1,2022,2022,8,5,4,29,31,88,15,0,1,7,-33.752976,150.852087,7,0,2,0,0,0,0,0,2,0,0,60,1,926,926,4,5,40,2,0,0,0,1
1298318,4,2022,2022,6,6,0,13,27,48,34609,0,1,1,-28.26367,153.569314,72,2,1,1,2,0,0,0,0,0,7,40,0,41,41,8,5,40,1,0,1,0,0
1298319,2,2022,2022,1,2,7,29,27,85,27,0,1,1,-34.570634,150.776122,62,0,2,1,3,0,0,3,2,0,7,50,2,387,387,1,16,13,2,0,0,1,0
1298322,4,2022,2022,8,3,10,3371,17,35,3342,0,1,2,-29.893649,153.061787,18,1,0,1,2,0,0,0,0,0,7,110,2,9859,9859,8,5,40,1,0,1,0,0
1298327,1,2022,2022,5,3,7,2126,17,247,2149,0,1,10,-33.811775,150.95231,21,0,2,1,3,0,0,0,2,2,7,80,2,14295,14295,3,10,5,2,0,0,0,1
1298328,4,2022,2022,8,0,3,4,27,30,23,0,1,1,-30.162836,145.839395,51,1,0,1,0,2,3,1,1,0,7,100,1,945,945,5,3,40,1,0,1,0,0
1298330,1,2022,2022,1,6,3,149,10,346,702,0,1,2,-33.8714,151.065163,67,0,2,1,3,0,3,0,1,0,7,80,2,14295,14295,3,8,13,3,0,0,0,1
1298331,1,2022,2022,5,5,5,2209,17,74,2205,0,1,10,-34.446643,150.852412,80,0,2,1,1,0,3,3,2,0,6,60,2,5929,5929,1,5,0,2,0,0,0,2
1298332,2,2022,2022,5,3,7,229,14,110,237,0,1,3,-33.766693,151.007175,54,0,2,1,3,0,3,4,2,0,7,100,2,14295,14295,3,10,5,2,0,0,1,0
1298336,4,2022,2022,5,6,4,224,27,102,321,1,2,9,-33.942088,151.19517,4,0,2,0,1,0,0,0,2,0,7,40,2,5929,5929,1,30,18,2,0,1,0,0
1298337,1,2022,2022,1,4,4,3371,17,225,3342,0,1,10,-33.799392,151.178923,77,0,2,1,3,0,0,0,2,2,7,60,2,1282,1282,1,5,0,2,0,0,0,1
1298338,2,2022,2022,5,3,11,65,10,11,148,0,1,1,-34.170571,151.043777,80,0,2,0,1,0,3,4,0,0,7,60,2,4552,5151,8,10,40,1,0,0,1,0
1298339,4,2022,2022,5,3,9,2261,17,140,2252,0,1,9,-33.901957,150.999645,15,0,2,1,2,0,3,4,0,0,0,70,2,9859,9859,8,5,40,1,0,1,0,0
1298340,2,2022,2022,6,1,8,64,27,278,284,0,1,9,-33.777384,151.05347,54,0,2,1,3,0,0,0,2,2,7,60,2,5929,5929,1,5,0,2,0,0,2,0
1298341,2,2022,2022,5,0,9,2261,17,143,2252,0,1,9,-33.886688,151.09732,9,0,2,1,2,0,0,0,0,0,7,60,2,14295,14295,3,0,5,3,0,0,1,2
1298344,2,2022,2022,5,1,9,1,27,136,34609,0,1,1,-32.925007,151.711611,48,0,2,1,2,0,0,0,0,0,7,50,0,9859,9859,1,5,5,3,0,0,1,0
1298345,4,2022,2022,5,6,6,1,27,69,34609,0,1,9,-33.782647,150.983268,54,0,2,1,1,0,0,0,2,0,0,50,0,2852,2852,4,5,27,2,0,1,0,0
1298346,4,2022,2022,8,5,4,37,1,64,34609,0,1,10,-33.699677,150.745109,55,0,2,1,0,0,0,0,2,0,15,50,0,6545,6545,4,0,5,2,0,2,0,0
1298347,1,2022,2022,1,5,10,17,27,202,34609,0,1,1,-33.952205,151.031505,15,0,2,1,0,0,0,0,0,0,7,40,0,340,340,9,5,28,2,0,0,0,1
1298349,2,2022,2022,6,2,10,29,1,110,34609,0,1,9,-33.740713,151.042959,31,0,2,1,0,0,0,0,0,0,7,50,0,214,214,9,0,28,2,0,0,1,0
1298352,4,2022,2022,5,4,11,515,14,294,518,0,1,3,-33.939651,150.923776,41,0,2,1,2,0,0,0,0,0,7,100,2,404,404,8,16,40,3,0,1,1,0
1298356,2,2022,2022,6,6,3,26,31,94,34609,0,1,10,-33.8405,151.048538,54,0,2,1,1,0,0,0,2,0,15,50,0,323,323,1,5,5,2,0,0,1,0
1298358,2,2022,2022,6,2,11,5,27,43,34609,0,1,1,-30.456887,152.982534,6,2,1,0,0,0,0,0,0,0,7,70,0,2585,4009,8,0,40,1,0,0,1,0
1298359,2,2022,2022,5,0,1,112,27,19,46,0,1,1,-33.525591,150.309652,8,2,2,0,0,0,1,2,0,0,7,80,2,2585,4009,8,10,40,1,0,0,1,0
1298361,2,2022,2022,1,6,9,4,31,93,34609,0,1,9,-36.087349,146.927983,0,2,1,1,0,0,0,0,3,0,7,50,0,489,489,5,34,40,1,0,0,1,0
1298368,4,2022,2022,6,0,11,255,31,22,70,0,1,9,-31.894571,152.512474,43,2,1,0,2,0,0,0,0,0,7,60,1,2585,4009,8,5,40,1,0,1,0,0
1298369,2,2022,2022,1,1,7,194,31,166,34609,0,1,9,-33.418297,149.580296,3,2,1,1,0,0,0,0,2,0,0,50,0,9859,9859,1,0,0,2,0,0,2,0
1298370,2,2022,2022,6,4,7,171,31,108,34609,0,1,1,-33.818654,151.183874,77,0,2,1,0,0,0,0,2,0,7,50,0,237,162,8,0,40,1,0,0,1,0
1298372,1,2022,2022,5,4,8,195,27,89,186,0,1,2,-33.869443,150.870186,24,0,2,1,1,0,3,4,3,0,7,70,2,14295,14295,3,0,5,2,0,0,0,1
1298373,4,2022,2022,5,5,3,330,27,108,605,1,0,10,-33.761915,151.271884,50,0,2,0,1,0,3,4,2,2,7,60,2,6545,6545,4,0,5,2,0,1,0,0
1298375,2,2022,2022,1,0,3,2,1,18,102,0,1,9,-34.254236,146.195253,28,2,1,1,1,0,3,0,2,0,0,50,2,150,150,4,10,0,2,0,0,1,0
1298383,4,2022,2022,1,4,10,15,1,17,69,0,1,1,-33.792645,151.163614,77,0,2,0,2,0,3,0,0,0,7,50,2,3775,3775,0,5,0,2,0,2,0,0
1298387,1,2022,2022,5,6,8,145,27,106,80,1,0,9,-33.883485,151.180162,69,0,2,1,2,0,3,4,3,0,0,40,2,2040,2040,9,5,28,2,0,0,0,1
1298389,4,2022,2022,1,4,5,12,10,44,34609,0,1,1,-33.896906,150.959879,24,0,2,1,0,0,0,0,2,0,7,50,0,9859,9859,1,5,25,4,0,1,0,0
1298392,2,2022,2022,8,6,9,2126,17,346,2149,0,1,1,-33.865831,151.091897,14,0,2,1,2,0,0,0,0,0,7,60,2,1192,1192,1,33,0,2,0,0,1,0
1298394,1,2022,2022,6,0,11,21,31,157,34609,0,1,10,-33.801809,151.013254,54,0,2,1,0,0,3,0,0,0,15,50,0,6545,6545,4,30,5,2,0,0,0,1
1298395,2,2022,2022,1,0,5,234,27,112,217,0,1,1,-33.682303,151.028347,71,0,2,1,0,0,0,0,2,0,7,60,2,4026,4026,8,30,40,4,0,0,1,0
1298396,1,2022,2022,6,0,2,330,27,147,605,0,1,9,-33.753903,151.284798,50,0,2,1,2,0,0,0,1,2,7,60,2,2852,2852,4,33,40,2,0,0,0,1
1298400,4,2022,2022,5,0,3,149,27,52,198,0,1,1,-33.967439,150.97276,41,0,2,1,0,0,0,0,2,0,7,60,2,3775,3775,0,5,13,2,0,1,1,0
1298402,2,2022,2022,1,4,11,1,27,20,34609,0,1,1,-31.00033,151.062025,70,2,1,0,0,0,0,0,0,0,7,80,0,4552,5151,8,10,40,1,0,0,2,0
1298404,1,2022,2022,1,1,8,866,17,523,793,0,1,9,-33.910323,150.918798,41,0,2,1,1,0,0,0,2,2,7,70,2,14295,14295,3,10,0,3,0,0,0,1
1298405,2,2022,2022,8,2,6,161,17,55,161,0,1,1,-36.236152,149.123452,65,2,1,1,1,0,0,0,2,0,7,50,2,941,941,1,9,10,3,0,0,1,0
1298408,1,2022,2022,5,6,7,344,27,168,382,0,1,2,-33.691598,150.82611,7,0,2,1,1,0,0,0,2,0,7,80,2,14295,14295,3,0,41,3,0,0,0,1
1298410,1,2022,2022,3,3,9,1,27,26,34609,0,1,1,-31.490762,150.695716,51,1,0,1,0,2,0,0,3,0,7,100,0,1945,1945,5,10,40,1,0,0,0,1
1298415,4,2022,2022,6,2,10,9,27,3,34609,0,1,1,-33.274677,149.724506,3,1,0,0,0,0,0,0,0,0,7,100,0,2585,4009,8,0,40,1,0,1,0,0
1298417,4,2022,2022,5,2,11,866,27,438,34609,0,1,1,-33.855156,151.024559,21,0,2,1,2,0,3,4,0,0,7,50,0,1945,1945,5,16,40,1,0,1,0,0
1298419,2,2022,2022,8,4,7,1,31,123,34609,0,1,9,-33.882353,151.226207,81,0,2,0,1,0,0,0,2,0,7,40,0,591,591,1,22,5,2,0,0,1,0
1298421,2,2022,2022,1,0,5,5,31,55,34609,0,1,1,-35.70636,150.178093,23,2,1,1,1,0,0,0,2,0,7,40,0,1220,1220,9,0,28,2,0,0,1,0
1298423,4,2022,2022,8,5,6,1104,14,149,962,0,1,8,-33.817262,150.968871,21,0,2,0,0,0,0,0,2,0,7,90,2,1383,1383,1,8,19,2,0,1,0,0
1298424,2,2022,2022,8,3,6,45,27,110,45,0,1,9,-33.743496,151.047112,31,0,2,0,1,0,0,0,2,2,7,60,2,5929,5929,1,0,0,3,0,0,1,0
1298425,1,2022,2022,5,3,0,1,22,37,34609,0,1,9,-29.4587,153.211185,18,2,1,1,2,0,0,0,0,0,7,50,0,9859,9859,8,10,40,1,0,0,0,1
1298426,4,2022,2022,1,2,6,34,10,19,40,0,1,10,-35.855808,150.163194,23,2,1,1,0,0,0,0,2,0,0,80,1,5929,5929,1,16,13,2,0,1,0,0
1298430,4,2022,2022,1,3,4,113,27,113,111,0,1,9,-33.785244,150.770841,55,0,2,1,1,0,0,0,2,1,7,60,2,1945,1945,5,16,40,1,0,1,0,0
1298431,4,2022,2022,5,2,6,62,10,17,169,0,1,1,-32.823885,151.59367,17,1,0,1,0,0,0,0,2,0,7,100,2,9859,9859,8,10,40,1,0,1,0,0
1298432,1,2022,2022,1,4,5,387,36,86,69,0,1,9,-33.734425,151.221024,50,0,2,1,0,0,0,3,2,0,7,70,2,1282,1282,1,0,13,2,0,0,0,1
1298435,4,2022,2022,1,3,8,45,27,134,40,0,1,9,-33.67978,150.860871,7,0,2,1,2,0,0,0,3,2,7,50,2,2040,2040,9,10,28,2,0,1,0,0
1298436,2,2022,2022,8,5,8,22,27,25,34609,0,1,9,-33.873396,151.224193,69,0,2,1,0,0,0,0,3,0,7,40,0,2040,2040,9,0,28,2,0,0,1,0
1298437,1,2022,2022,8,5,4,251,27,62,212,0,1,10,-33.752501,151.252909,50,0,2,1,1,0,3,3,2,1,7,70,2,1945,1945,5,16,40,1,0,0,0,1
1298439,2,2022,2022,6,1,8,3,31,10,83,0,1,1,-29.492926,153.112511,18,2,1,0,0,0,0,0,2,0,7,70,1,4552,5151,8,0,40,1,0,0,1,1
1298446,4,2022,2022,5,5,6,105,27,65,109,0,1,9,-33.869728,150.904526,24,0,2,1,1,0,3,4,2,2,9,60,1,1220,1220,9,5,28,2,0,1,0,0
1298448,1,2022,2022,1,5,8,76,24,164,154,0,1,10,-33.728117,150.880988,7,0,2,1,3,0,3,4,3,2,7,70,1,6545,6545,4,5,0,2,0,0,0,1
1298449,2,2022,2022,1,1,6,118,27,646,118,0,1,9,-33.927124,151.030334,15,0,2,1,3,0,0,0,2,0,0,60,1,3775,3775,0,5,0,3,0,0,1,0
1298450,4,2022,2022,6,0,1,3371,17,28,3342,0,1,2,-31.834298,152.615334,43,1,0,1,0,0,0,0,0,0,7,100,2,3775,3775,0,5,2,2,0,1,0,0
1298451,2,2022,2022,1,0,6,4,27,16,34609,0,1,1,-35.101833,147.402326,75,2,1,0,3,0,0,0,2,0,7,80,0,273,957,5,10,40,1,0,0,1,0
1298452,1,2022,2022,1,5,0,35,27,155,231,0,1,1,-33.499639,151.330249,16,2,2,1,3,0,0,0,0,0,7,60,2,9859,9859,1,0,0,3,0,0,0,1
1298455,1,2022,2022,1,5,9,76,27,77,148,0,1,1,-32.93848,151.753484,48,0,2,1,3,0,3,4,2,0,7,60,1,14295,14295,3,5,0,2,0,0,0,1
1298456,1,2022,2022,1,5,6,76,27,69,148,1,0,9,-32.937154,151.743954,48,0,2,1,3,0,0,0,2,0,9,60,1,14295,14295,3,10,0,2,0,0,0,1