Crash ID,Degree of crash - detailed,Reporting year,Year of crash,Month of crash,Day of week of crash,Two-hour intervals,Street of crash,Street type,Town,Route no.,School zone location,School zone active,Type of location,Latitude,Longitude,LGA,Urbanisation,Conurbation 1,Alignment,Street lighting,Road surface,Surface condition,Weather,Natural lighting,Signals operation,Other traffic control,Speed limit,Road classification,RUM - code,DCA - code,First impact type,Key TU type,Other TU type,No. of traffic units involved,No. killed,No. seriously injured,No. moderately injured,No. minor-other injured
1298457,4,2022,2022,1,2,3,38,27,15,45,0,1,2,-35.078254,150.65833,63,2,1,1,1,0,0,0,2,0,7,60,1,1192,1192,1,30,5,3,0,1,0,0
1298458,1,2022,2022,1,1,7,1104,14,142,962,0,1,6,-33.827461,151.003756,21,0,2,0,3,0,0,0,2,0,7,90,2,14295,14295,3,5,5,2,0,0,0,1
1298459,1,2022,2022,1,2,6,19,31,161,34609,0,1,1,-33.879985,151.156368,32,0,2,1,3,0,0,0,2,0,7,50,0,248,248,1,5,5,2,0,0,0,1
1298460,1,2022,2022,5,3,3,500,27,83,799,0,1,9,-33.909698,151.122839,15,0,2,1,3,0,0,0,2,0,0,60,2,926,926,4,0,5,2,0,0,0,1
1298461,1,2022,2022,5,3,10,220,27,46,222,0,1,9,-33.786505,150.972983,54,0,2,1,3,0,3,4,0,2,7,80,2,5929,5929,1,21,0,2,0,0,0,1
1298462,1,2022,2022,1,2,6,1,10,31,34609,0,1,7,-31.133144,150.919814,70,2,1,1,3,0,0,0,2,0,0,40,0,6545,6545,4,0,5,2,0,0,0,1
1298463,1,2022,2022,1,5,7,27,27,290,34609,0,1,9,-33.854691,150.989502,21,0,2,1,3,0,0,0,2,0,7,50,0,5929,5929,1,5,5,2,0,0,0,1
1298465,1,2022,2022,1,5,8,512,17,562,441,0,1,10,-32.247984,148.593376,22,2,1,1,3,0,3,0,3,2,7,60,2,623,623,3,10,0,2,0,0,0,1
1298468,1,2022,2022,1,1,4,150,27,197,415,1,2,2,-33.793592,151.119241,61,0,2,1,3,0,0,0,2,0,7,40,2,1282,1282,1,5,5,3,0,0,0,1
1298469,1,2022,2022,4,3,5,232,36,134,331,0,1,2,-33.95069,150.838016,41,0,2,1,3,0,0,0,2,0,7,80,2,14295,14295,3,0,0,4,0,0,0,1
1298472,4,2022,2022,8,2,1,213,17,132,213,0,1,7,-29.774427,151.109902,33,2,1,0,2,0,0,0,0,0,0,50,2,1850,1463,5,16,40,1,0,1,0,0
1298474,2,2022,2022,6,4,0,2,27,1,34609,0,1,1,-34.187511,150.541815,79,2,2,0,0,0,0,0,0,0,7,80,0,2585,4009,8,10,40,1,0,0,1,0
1298476,2,2022,2022,6,2,11,2209,17,17,2205,0,1,1,-35.082263,150.527633,63,2,1,1,0,0,0,0,0,0,7,80,2,4026,4026,8,10,40,1,0,0,1,0
1298478,1,2021,2021,8,5,5,59,10,34,231,0,1,9,-33.507164,151.373795,16,2,2,0,1,0,0,0,2,0,7,60,2,1957,4009,8,5,40,1,0,0,0,1
1298482,1,2021,2021,5,2,6,26,27,92,25,0,1,10,-33.971615,150.816772,13,0,2,0,1,0,0,0,2,2,7,60,1,5929,5929,1,5,5,2,0,0,0,1
1298485,2,2022,2022,5,2,5,178,27,189,101,0,1,9,-33.94313,151.053864,15,0,2,1,1,0,0,0,2,2,7,50,1,5929,5929,1,5,13,2,0,0,1,1
1298487,2,2022,2022,5,6,4,2,27,87,34609,0,1,1,-33.918774,150.96492,41,0,2,1,0,0,0,0,2,0,7,50,0,9859,9859,1,0,5,2,0,0,1,0
1298488,4,2022,2022,6,2,7,1,1,53,34609,0,1,1,-33.806524,151.030484,54,0,2,1,0,0,0,6,2,0,7,50,0,1981,1981,4,30,0,2,0,1,0,1
1298492,4,2022,2022,1,5,8,3371,17,32,3342,0,1,7,-31.941574,152.476191,43,2,1,0,2,0,0,0,3,0,0,70,2,6545,6545,4,16,27,2,0,2,0,0
1298493,2,2022,2022,5,4,5,2126,17,80,2149,0,1,7,-33.758114,150.65232,55,0,2,1,3,0,0,3,2,0,0,60,2,775,775,4,5,0,2,0,0,1,0
1298495,1,2022,2022,5,0,11,330,27,147,605,0,1,10,-33.758599,151.280462,50,0,2,1,2,0,0,0,0,2,7,60,2,5929,5929,1,0,12,2,0,0,0,2
1298497,1,2022,2022,6,0,10,20,27,61,93,0,1,1,-33.75292,150.897072,7,0,2,1,2,2,0,0,0,0,7,60,1,1981,1981,4,5,5,2,0,0,0,1
1298501,4,2022,2022,5,5,2,3371,17,41,3342,0,1,9,-32.816406,151.696357,57,2,1,1,2,0,3,4,1,2,7,80,2,1282,1282,1,0,5,3,0,1,1,0
1298502,2,2022,2022,6,5,7,31,27,17,41,0,1,1,-33.68224,151.150974,36,0,2,0,0,0,0,0,2,0,7,60,2,3775,3775,0,0,13,2,0,0,1,0
1298506,2,2022,2022,5,3,5,3,27,4,34609,0,1,1,-28.325376,153.227162,72,2,1,1,0,0,0,0,2,0,7,80,0,3775,3775,0,16,0,2,0,0,1,0
1298507,2,2022,2022,6,5,8,162,31,65,148,0,1,1,-32.928076,151.772609,48,0,2,1,1,0,0,0,2,0,9,50,1,2040,2040,9,5,28,2,0,0,1,0
1298511,2,2022,2022,6,5,4,33,10,11,34609,0,1,1,-28.626617,153.487242,10,2,1,0,0,0,0,0,2,0,7,80,0,3775,3775,0,8,25,2,0,0,1,0
1298514,2,2022,2022,1,0,2,1,27,13,34609,0,1,1,-29.925388,151.210197,33,1,0,0,3,0,0,3,1,0,7,100,0,2585,4009,8,10,40,1,0,0,1,0
1298515,4,2022,2022,5,5,9,213,17,113,213,0,1,1,-29.462133,149.742893,51,1,0,1,0,0,0,0,0,0,7,100,2,323,323,1,16,13,2,0,1,0,0
1298516,2,2022,2022,1,5,6,47,31,78,34609,0,1,9,-28.327245,153.399292,72,2,1,1,1,0,0,0,2,0,9,50,0,2040,2040,9,0,28,2,0,0,1,0
1298517,2,2022,2022,6,1,8,23,31,61,34609,0,1,9,-32.926672,151.736879,48,0,2,1,0,0,0,0,3,0,7,50,0,5929,5929,1,5,19,2,0,0,1,0
1298518,1,2022,2022,5,0,0,7,27,40,34609,0,1,1,-33.836935,151.185579,38,0,2,0,0,0,0,0,0,0,7,50,0,1259,5151,1,5,5,3,0,0,0,2
1298519,1,2022,2022,1,4,8,1104,14,142,962,0,1,6,-33.826893,151.003098,54,0,2,1,3,0,0,0,2,0,7,90,2,14295,14295,3,5,5,2,0,0,0,2
1298522,1,2022,2022,5,3,8,330,23,123,233,0,1,2,-33.911475,151.223297,59,0,2,0,3,0,0,0,2,0,7,50,2,312,312,2,19,40,1,0,0,0,1
1298523,2,2022,2022,1,4,4,2261,17,112,2252,0,1,9,-33.91141,150.93817,41,0,2,1,3,0,0,0,2,2,7,70,2,14295,14295,3,8,5,2,0,0,1,0
1298524,1,2022,2022,1,3,2,3371,17,41,3342,0,1,2,-31.444208,152.823761,56,1,0,0,3,0,0,0,0,0,7,110,2,404,404,8,5,40,1,0,0,0,1
1298525,1,2022,2022,1,4,4,10,27,57,34609,1,2,1,-33.464365,151.364075,16,2,2,1,3,0,0,0,2,0,7,40,0,14295,14295,3,10,5,2,0,0,0,1
1298529,4,2022,2022,8,5,8,10,31,273,34609,0,1,10,-34.425109,150.877374,80,0,2,1,1,0,0,0,3,0,0,50,0,6545,6545,4,5,0,2,0,1,0,0
1298531,1,2022,2022,5,5,7,12,27,41,24,0,1,1,-32.827191,151.708982,57,2,1,0,3,0,3,3,2,0,7,80,2,1109,397,1,5,5,2,0,0,0,1
1298536,2,2022,2022,5,6,7,2126,17,179,2149,0,1,10,-33.756908,150.712179,55,0,2,1,3,0,0,0,2,2,7,60,2,1669,1669,3,0,5,2,0,0,1,0
1298540,4,2022,2022,1,3,7,158,27,55,207,0,1,9,-33.860972,151.271975,81,0,2,0,3,0,0,0,2,0,7,50,2,782,985,5,30,40,1,0,1,0,0
1298544,2,2022,2022,1,4,4,16,31,194,34609,0,1,7,-30.505946,151.661201,1,2,1,1,3,0,0,0,2,0,0,50,0,6545,6545,4,5,5,2,0,0,1,0
1298545,1,2022,2022,6,2,2,20,22,121,49,0,1,1,-33.795769,151.287519,50,0,2,1,2,0,0,0,0,0,7,30,1,14295,14295,3,22,0,2,0,0,0,1
1298547,4,2022,2022,5,6,9,15,27,151,160,0,1,9,-34.018213,150.855638,13,0,2,1,2,0,3,4,0,0,15,60,2,2852,2852,4,0,13,2,0,1,0,0
1298549,2,2022,2022,1,5,2,2,31,52,34609,0,1,10,-33.265519,151.463087,16,2,2,1,2,0,0,0,1,0,0,50,0,6545,6545,4,10,13,2,0,0,1,0
1298551,4,2022,2022,1,1,3,9,31,463,34609,0,1,7,-30.299268,153.118164,19,2,1,1,0,0,0,0,2,0,0,40,0,6545,6545,4,0,27,2,0,1,0,0
1298555,2,2022,2022,5,3,8,280,10,314,82,1,0,10,-33.853183,150.938294,24,0,2,1,2,0,0,3,0,2,7,60,1,5929,5929,1,5,5,2,0,0,1,0
1298562,4,2022,2022,1,3,2,74,27,609,48,0,1,9,-33.7763,150.89914,7,0,2,1,2,0,0,0,0,0,7,60,1,9859,9859,8,0,40,1,0,1,0,0
1298564,4,2022,2022,1,4,7,48,10,463,52,0,1,1,-30.322073,153.101718,19,2,1,0,1,0,0,0,2,0,7,80,1,14295,14295,3,16,5,2,0,1,0,0
1298565,4,2022,2022,1,3,7,50,27,169,382,0,1,1,-33.774764,150.838454,7,0,2,1,0,0,0,0,2,0,7,60,2,14295,14295,3,16,25,2,0,1,0,0
1298570,2,2022,2022,1,6,6,344,27,168,382,0,1,10,-33.712057,150.841888,7,0,2,1,0,0,0,0,2,2,7,80,2,14295,14295,3,8,5,2,0,0,1,0
1298571,2,2022,2022,1,4,0,2,10,562,34609,0,1,1,-32.279481,148.617387,22,2,1,1,2,0,0,0,0,0,7,50,0,9859,9859,8,5,40,1,0,0,1,0
1298575,2,2022,2022,1,5,7,2261,17,284,2252,0,1,2,-33.907112,151.022241,15,0,2,1,3,0,3,4,2,0,7,60,2,14295,14295,3,0,5,2,0,0,1,0
1298577,4,2022,2022,1,2,7,103,27,149,167,0,1,2,-34.003684,151.127702,25,0,2,0,1,0,0,0,2,0,7,70,2,1957,4009,8,5,40,2,0,2,1,1
1298578,4,2022,2022,8,3,5,255,31,64,34609,0,1,1,-33.480331,150.159636,40,2,1,1,0,0,0,0,2,0,7,40,0,9859,9859,1,5,0,4,0,1,1,0
1298579,1,2022,2022,0,0,4,2261,17,140,2252,0,1,2,-33.899425,150.996791,15,0,2,1,3,0,0,0,2,0,7,70,2,1383,1383,1,5,5,2,0,0,0,1
1298580,1,2022,2022,1,0,9,3,31,43,34609,0,1,1,-32.552564,148.9516,22,2,1,1,3,0,3,4,3,0,7,50,0,9859,9859,8,5,40,1,0,0,0,1
1298584,2,2022,2022,5,1,8,6,27,50,34609,0,1,1,-33.522371,151.329056,16,2,2,1,1,0,0,0,3,0,7,50,0,4026,4026,8,5,40,1,0,0,1,0
1298586,2,2022,2022,1,2,4,40,27,59,39,0,1,1,-33.177089,151.487327,37,0,2,1,1,0,0,0,2,0,7,60,1,941,941,1,5,5,3,0,0,1,0
1298589,2,2022,2022,1,3,9,4,27,112,34609,0,1,1,-33.67798,151.019468,71,0,2,1,3,0,0,3,3,0,7,60,0,9859,9859,8,5,40,1,0,0,1,0
1298593,1,2022,2022,3,6,4,330,23,293,112,0,1,9,-33.937638,151.238152,59,0,2,1,0,0,3,4,2,0,7,50,2,14295,14295,3,0,5,2,0,0,0,1
1298595,1,2022,2022,1,6,10,54,27,85,49,0,1,1,-32.929526,151.730476,48,0,2,1,0,0,0,0,0,0,7,60,1,312,312,2,5,40,1,0,0,0,1
1298596,2,2022,2022,1,2,9,2,31,25,34609,0,1,1,-35.049428,150.673249,63,2,1,0,2,0,3,4,0,0,7,50,0,3775,3775,0,5,0,2,0,0,1,0
1298602,1,2022,2022,5,4,8,22,27,90,93,0,1,9,-33.785283,150.958254,54,0,2,1,1,0,0,0,3,0,15,60,1,515,515,1,5,0,2,0,0,0,1
1298606,1,2022,2022,1,4,9,205,27,50,415,0,1,10,-33.679171,151.265656,50,0,2,1,3,0,0,0,3,2,7,70,2,14295,14295,3,5,5,2,0,0,0,1
1298609,2,2022,2022,1,0,7,3,27,41,34609,0,1,1,-31.090822,150.890736,70,2,1,1,1,0,3,4,2,0,7,80,0,1945,1945,5,16,40,2,0,0,1,0
1298610,2,2022,2022,0,2,6,2126,17,65,2149,0,1,2,-33.536225,150.157148,40,2,1,0,0,0,3,3,2,0,7,80,2,418,714,5,5,40,1,0,0,1,0
1298611,1,2022,2022,8,3,5,20,10,55,91,0,1,9,-35.377351,149.189088,58,2,1,1,3,0,0,0,2,2,7,80,2,14295,14295,3,10,5,2,0,0,0,1
1298612,4,2022,2022,5,5,5,36,27,290,55,0,1,9,-33.851856,150.971863,21,0,2,1,3,0,0,0,2,0,0,50,1,5929,5929,1,5,12,2,0,1,0,0
1298615,2,2022,2022,1,6,8,8,27,194,34609,0,1,1,-30.492911,151.688554,1,2,1,1,3,0,0,0,2,0,7,50,0,14295,14295,3,10,13,2,0,0,1,0
1298616,1,2022,2022,6,4,9,38,27,438,34609,0,1,4,-33.850574,151.031849,21,0,2,0,1,0,0,0,3,0,9,40,0,2040,2040,9,8,28,2,0,0,0,1
1298618,2,2022,2022,1,2,11,38,27,290,159,0,1,10,-33.952795,151.131853,4,0,2,1,3,0,0,0,0,2,7,60,2,2852,2852,4,5,5,2,0,0,1,1
1298620,2,2022,2022,1,5,7,4,31,107,34609,0,1,10,-29.679626,152.942893,18,2,1,1,3,0,0,0,2,0,0,50,0,6545,6545,4,30,0,2,0,0,1,0
1298631,2,2022,2022,5,4,10,117,27,73,702,0,1,9,-33.828514,151.089213,14,0,2,1,2,0,3,4,0,2,7,70,2,14295,14295,3,5,5,3,0,0,1,0
1298633,4,2022,2022,5,5,7,81,27,609,115,0,1,10,-33.776709,150.901479,7,0,2,1,1,0,3,3,2,2,9,60,2,2040,2040,9,10,28,2,0,1,0,0
1298635,4,2022,2022,1,6,7,55,27,134,38,0,1,10,-33.95074,150.809104,12,0,2,1,1,0,0,0,2,2,7,80,2,6545,6545,4,0,5,2,0,2,0,1
1298641,1,2022,2022,5,5,5,1,27,2,34609,0,1,1,-35.49738,143.960389,51,1,0,0,0,2,0,0,2,0,7,100,0,1259,5151,8,0,40,1,0,0,0,1
1298646,2,2022,2022,5,1,7,25,27,49,27,0,1,1,-34.38628,148.800787,30,1,0,0,0,0,0,0,2,0,7,100,1,1259,5151,8,5,40,1,0,0,1,0
1298650,4,2022,2022,6,6,8,31,27,6,46,0,1,1,-33.511142,150.280393,8,2,2,0,0,0,1,3,3,0,7,60,2,14295,14295,3,9,0,2,0,1,0,0
1298651,2,2022,2022,1,4,5,512,17,6,441,0,1,10,-31.83855,147.71904,51,2,1,1,0,0,0,0,2,0,0,60,2,6545,6545,4,10,0,2,0,0,1,0
1298654,2,2022,2022,6,5,9,106,27,523,106,0,1,1,-33.928278,150.913138,41,0,2,1,2,0,0,0,0,0,7,60,2,941,941,1,0,5,2,0,0,1,0
1298656,4,2022,2022,6,0,5,165,31,78,34609,0,1,9,-33.864779,151.088699,14,0,2,1,0,0,0,0,2,0,7,50,0,2040,2040,9,0,28,2,0,1,0,0
1298657,1,2022,2022,1,6,0,3,31,31,34609,0,1,1,-31.072581,150.857169,70,2,1,1,0,0,0,0,0,0,7,50,0,4026,4026,1,5,8,2,0,0,0,1
1298661,4,2022,2022,6,0,8,2,1,83,34609,0,1,1,-33.89352,150.854249,41,0,2,0,0,0,3,4,3,0,7,50,0,3775,3775,0,16,12,2,0,1,0,0
1298664,1,2022,2022,6,1,3,14,31,54,34609,0,1,2,-33.097238,151.641136,37,0,2,0,2,0,0,0,1,0,7,50,0,1850,1463,5,22,40,1,0,0,0,1
1298665,1,2022,2022,6,6,6,45,27,108,34609,0,1,1,-33.764223,151.27235,50,0,2,1,1,0,0,0,2,0,7,50,0,1220,1220,9,33,28,2,0,0,0,1
1298666,2,2022,2022,8,6,9,30,31,252,9,0,1,10,-33.883841,151.216051,69,0,2,1,2,0,0,0,3,2,7,40,1,6545,6545,4,22,5,2,0,0,1,0
1298668,1,2022,2022,1,4,6,22,27,239,34609,0,1,9,-34.026444,151.121913,68,0,2,1,1,0,0,0,2,0,7,50,0,150,150,4,5,5,2,0,0,0,2
1298669,4,2022,2022,8,2,1,45,1,52,34609,0,1,1,-33.967052,150.920277,41,0,2,1,0,0,0,0,0,0,7,60,0,4026,4026,8,5,40,1,0,1,0,0
1298670,2,2022,2022,6,4,5,1,31,278,56,0,1,9,-33.78296,151.05762,54,0,2,1,0,0,0,0,2,0,15,60,2,2585,777,8,5,40,2,0,0,1,0
1298672,2,2022,2022,1,3,9,27,31,107,34609,1,0,10,-29.685067,152.935089,18,2,1,1,2,0,0,0,0,0,15,50,0,5929,5929,1,5,19,2,0,0,1,0
1298673,1,2022,2022,7,2,0,7,27,172,17,0,1,2,-32.784199,151.555773,42,2,1,1,2,0,0,0,0,0,7,60,1,9859,9859,8,5,40,1,0,0,0,1
1298675,4,2022,2022,1,1,9,4,27,73,34609,0,1,9,-33.72717,150.707323,55,0,2,1,2,0,0,0,0,0,7,50,0,5929,5929,1,0,19,2,0,2,0,0
1298680,2,2022,2022,1,4,10,348,17,105,232,0,1,9,-32.574849,149.565992,44,2,1,0,0,0,3,4,0,0,7,80,2,2585,4009,8,10,40,1,0,0,1,0
1298681,2,2022,2022,5,6,10,2261,17,68,2252,0,1,2,-34.80946,148.896697,82,1,0,0,0,0,0,0,0,0,7,110,2,418,714,5,3,40,1,0,0,1,0
1298685,1,2022,2022,1,0,4,5,1,130,34609,0,1,1,-34.459135,150.855796,80,0,2,1,3,0,0,0,2,0,7,60,0,1669,1669,3,10,13,2,0,0,0,1
1298686,2,2022,2022,1,4,6,4,27,38,34609,0,1,9,-32.73978,151.856493,57,2,1,1,3,0,0,0,2,0,15,60,0,9859,9859,1,21,13,2,0,0,1,0
1298689,1,2022,2022,7,5,5,346,36,5,14,0,1,1,-28.903562,150.820782,33,1,0,1,3,0,0,0,2,0,7,100,1,1089,1089,7,30,40,1,0,0,0,2
1298690,4,2022,2022,6,5,6,41,10,117,34609,0,1,9,-28.186441,153.52691,72,2,1,1,1,0,0,0,2,0,7,50,0,5929,5929,1,9,5,2,0,1,0,0
1298693,1,2022,2022,5,1,7,330,27,18,26,0,1,1,-33.664145,151.301664,50,0,2,1,3,0,0,0,2,0,7,50,1,3775,3775,0,5,13,2,0,0,0,1
1298695,1,2022,2022,7,2,4,3,27,4,34609,0,1,1,-30.388178,152.957242,6,1,0,1,3,0,3,0,2,0,7,100,0,4026,4026,8,16,40,1,0,0,0,1
1298697,4,2022,2022,6,6,7,67,31,166,18,0,1,1,-33.897149,151.179451,69,0,2,1,0,0,0,0,2,0,7,40,2,941,941,1,5,27,2,0,1,1,0
1298698,1,2022,2022,1,1,11,265,10,445,563,0,1,10,-33.865002,151.041814,21,0,2,1,3,0,0,0,0,2,7,70,2,14295,14295,3,10,13,2,0,0,0,1
1298700,1,2022,2022,1,6,3,485,27,323,769,0,1,2,-33.764598,150.995927,71,0,2,0,3,0,0,0,2,0,7,60,2,1391,1391,1,5,0,2,0,0,0,1
1298702,2,2022,2022,1,3,9,56,27,443,78,0,1,10,-33.906706,151.057281,15,0,2,1,3,0,0,0,2,2,7,60,2,5929,5929,1,10,5,2,0,0,2,0
1298704,1,2022,2022,1,2,11,330,23,150,233,0,1,10,-33.919433,151.226535,59,0,2,1,3,0,3,3,0,2,7,50,2,14295,14295,3,5,5,2,0,0,0,1
1298706,1,2022,2022,1,6,7,485,27,52,769,0,1,2,-33.692967,150.924286,7,0,2,1,3,0,0,0,2,0,7,80,2,14295,14295,3,8,0,3,0,0,0,1
1298714,1,2022,2022,1,5,10,2,1,77,34609,0,1,1,-33.724523,151.077598,31,0,2,1,2,0,0,0,0,0,7,50,0,9859,9859,1,30,36,2,0,0,0,1
1298716,4,2022,2022,8,5,4,3371,17,108,3342,0,1,2,-33.806823,151.179734,77,0,2,0,0,0,0,0,2,0,7,60,2,238,238,9,30,28,2,0,1,0,0
1298719,1,2022,2022,1,1,6,344,27,168,382,0,1,10,-33.723981,150.844287,7,0,2,1,1,0,0,0,2,2,7,80,2,14295,14295,3,29,13,2,0,0,0,1
1298720,2,2022,2022,1,6,0,3,31,169,34609,1,0,1,-33.599861,150.748246,29,2,2,1,2,0,0,0,0,0,7,50,0,312,312,2,16,40,1,0,0,1,1
1298721,2,2022,2022,1,6,5,2,27,22,34609,0,1,1,-33.832728,151.202062,49,0,2,1,3,0,0,0,2,0,7,50,0,4026,4026,8,0,40,1,0,0,1,0
1298723,1,2022,2022,6,6,8,330,27,121,102,0,1,10,-33.790647,151.285145,50,0,2,1,2,0,3,0,0,2,7,50,2,775,775,4,0,27,2,0,0,0,1
1298726,4,2022,2022,5,4,8,1,27,1,34609,0,1,1,-30.063268,150.644661,51,1,0,1,0,0,3,0,2,0,7,100,0,1945,1945,5,16,40,1,0,1,0,0
1298730,2,2022,2022,6,6,3,1,27,1,34609,0,1,1,-33.651774,146.642663,51,1,0,1,3,0,0,0,2,0,7,100,0,475,475,5,5,40,1,0,0,1,0
1298732,4,2022,2022,5,6,7,361,31,41,42,0,1,9,-33.859154,150.981018,24,0,2,1,2,0,3,4,2,0,7,50,1,2852,2852,4,5,5,2,0,1,0,0
1298740,1,2022,2022,5,3,6,59,27,10,69,0,1,1,-34.183471,149.738661,51,2,1,0,0,0,0,0,2,0,7,60,1,1850,1463,5,16,40,1,0,0,0,1
1298743,4,2022,2022,8,1,7,67,27,157,55,0,1,9,-34.014069,151.104685,68,0,2,0,1,0,3,4,2,2,7,70,2,5929,5929,1,16,5,2,0,1,0,0
1298745,2,2022,2022,6,3,4,224,27,7,321,0,1,2,-33.966252,151.224941,59,0,2,1,1,0,0,0,2,0,7,70,2,14295,14295,3,5,27,2,0,0,1,0
1298746,2,2022,2022,6,3,0,10,27,4,34609,0,1,1,-34.789601,149.744298,26,1,0,1,0,0,0,0,0,0,7,100,0,945,945,5,10,40,1,0,0,2,0
1298752,2,2022,2022,5,5,6,70,27,17,100,0,1,1,-33.664982,150.649091,8,2,2,0,3,0,0,0,2,0,7,60,2,1957,4009,8,0,40,1,0,0,1,0
1298753,1,2022,2022,8,0,8,1,27,11,34609,0,1,1,-28.450579,153.503723,72,1,0,0,0,0,3,3,3,0,7,100,0,2585,4009,8,0,40,1,0,0,0,2
1298755,4,2022,2022,1,3,4,22,31,115,34609,0,1,10,-33.878674,151.187194,69,0,2,1,1,0,0,0,2,0,7,50,0,186,186,1,21,19,2,0,1,0,0
1298756,4,2022,2022,8,5,8,52,27,438,103,1,0,10,-33.864487,151.024109,21,0,2,1,1,0,0,0,2,0,0,50,1,775,775,4,16,5,2,0,1,0,0
1298757,1,2022,2022,6,3,11,6,10,54,34609,0,1,1,-28.503007,153.534362,10,2,1,0,0,0,0,0,0,0,7,50,0,4552,5151,8,0,40,1,0,0,0,1
1298758,4,2022,2022,6,6,3,2261,17,284,2252,0,1,2,-33.908748,151.029408,15,0,2,0,1,0,0,0,2,0,7,60,2,4552,5151,8,16,40,1,0,1,0,0
1298759,4,2022,2022,5,2,6,330,23,123,233,0,1,2,-33.91722,151.225976,59,0,2,1,1,0,0,0,2,2,9,50,2,2040,2040,9,19,28,2,0,1,0,0
1298760,2,2022,2022,8,0,11,35,27,16,34,0,1,1,-29.860523,151.116809,33,2,1,1,2,0,3,4,0,0,7,70,1,9859,9859,8,5,40,1,0,0,1,0
1298761,1,2022,2022,1,4,11,34,10,13,40,0,1,1,-35.785262,150.230171,23,2,1,1,2,0,0,0,0,0,7,60,1,4026,4026,8,10,40,1,0,0,0,1
1298764,2,2022,2022,1,3,6,1,23,18,34609,0,1,9,-31.124365,150.94543,70,2,1,1,0,0,0,0,2,0,7,50,0,5929,5929,1,10,5,2,0,0,1,0
1298765,2,2022,2022,1,1,11,26,31,290,34609,0,1,7,-33.962943,151.12637,4,0,2,0,2,0,0,0,0,0,0,50,0,4552,5151,8,5,40,1,0,0,1,0
1298767,4,2022,2022,1,6,9,3371,17,42,3342,0,1,9,-33.82455,151.191246,38,0,2,1,2,0,0,0,0,0,0,60,2,515,515,1,5,19,2,0,1,0,0
1298771,1,2022,2022,6,0,5,251,27,64,212,1,0,10,-33.759239,151.21913,50,0,2,1,1,0,0,0,2,2,7,70,2,5929,5929,1,34,5,2,0,0,0,1
1298773,4,2022,2022,1,3,5,103,36,13,157,0,1,1,-28.336871,152.674062,51,1,0,0,0,0,0,0,2,0,7,100,2,1850,1463,5,16,40,1,0,1,0,0
1298774,2,2022,2022,6,5,4,213,17,132,213,0,1,9,-29.772679,151.076433,33,2,1,1,0,0,0,0,2,0,7,80,2,190,190,1,0,7,2,0,0,1,0
1298775,2,2022,2022,1,2,8,2,22,57,34609,0,1,1,-33.345853,151.434839,16,2,2,1,0,0,0,0,0,0,7,50,0,237,397,1,5,13,2,0,0,1,0
1298777,4,2022,2022,1,1,5,55,27,112,70,0,1,2,-33.703993,151.026244,31,0,2,1,1,0,0,0,2,0,7,60,2,4026,4026,8,0,40,1,0,1,0,0
1298778,2,2022,2022,0,6,4,6,31,87,34609,0,1,9,-34.054686,151.153303,68,0,2,0,0,0,0,0,2,3,9,50,0,591,591,1,22,0,2,0,0,1,0
1298782,4,2022,2022,5,3,7,2,1,23,34609,0,1,9,-34.049116,150.812767,13,0,2,0,1,0,0,0,2,0,15,60,0,3775,3775,0,16,36,2,0,1,0,0
1298783,4,2022,2022,1,2,6,1,27,166,34609,0,1,1,-33.939002,150.981387,15,0,2,1,0,0,0,6,2,0,7,50,0,368,368,9,16,28,3,0,1,0,2
1298784,4,2022,2022,1,2,4,265,2,167,34609,0,1,1,-33.845719,151.065031,54,0,2,1,0,0,0,0,2,0,7,40,0,77,77,1,22,5,2,0,1,0,0
1298786,1,2022,2022,7,4,8,13,22,62,34609,0,1,1,-34.083777,150.812533,13,0,2,0,0,0,0,0,2,0,7,60,0,4552,5151,1,30,0,2,0,0,0,1
1298789,4,2022,2022,1,3,6,2209,17,176,2205,0,1,9,-33.948513,151.139918,4,0,2,1,0,0,0,0,2,2,7,60,2,14295,14295,3,5,5,3,0,2,0,0
1298790,1,2022,2022,1,3,6,103,36,4,157,0,1,9,-29.282135,152.989628,60,2,1,1,0,0,0,0,2,0,7,80,2,1669,1669,3,21,5,2,0,0,0,1
1298792,2,2022,2022,1,0,6,3371,17,20,3342,0,1,9,-29.563375,153.147018,18,2,1,0,0,0,0,0,2,0,0,80,2,83,83,1,30,13,2,0,0,1,0
1298797,4,2022,2022,5,3,6,71,27,23,122,0,1,10,-34.580822,150.861343,62,0,2,0,1,0,3,4,2,2,7,80,2,5929,5929,1,30,5,2,0,1,1,0
1298799,1,2022,2022,5,2,7,83,27,169,147,0,1,7,-28.650827,153.614718,10,2,1,1,1,0,0,0,2,0,0,50,1,121,121,9,10,26,2,0,0,0,1
1298800,2,2022,2022,6,0,6,1052,14,7,928,0,1,3,-32.842075,151.631773,48,0,2,1,3,0,0,0,2,0,7,110,2,204,204,1,10,10,3,0,0,1,0
1298801,1,2022,2022,1,5,8,193,31,532,34,0,1,10,-33.873134,151.208121,69,0,2,1,3,0,3,4,2,2,7,40,1,1383,1383,1,5,19,2,0,0,0,1
1298803,1,2022,2022,1,2,8,3371,17,147,3342,0,1,2,-33.7505,151.146905,36,0,2,0,3,0,0,0,0,0,7,60,2,14295,14295,3,5,5,2,0,0,0,1
1298804,2,2022,2022,1,5,11,61,27,53,208,0,1,10,-33.850456,150.961136,21,0,2,1,3,0,3,0,0,2,7,60,1,5929,5929,1,0,0,2,0,0,2,0
1298807,1,2022,2022,6,6,9,82,27,134,181,0,1,9,-33.893108,151.258054,76,0,2,1,2,0,0,0,0,0,7,50,2,14295,14295,3,5,18,2,0,0,0,1