Crash ID,Degree of crash - detailed,Reporting year,Year of crash,Month of crash,Day of week of crash,Two-hour intervals,Street of crash,Street type,Town,Route no.,School zone location,School zone active,Type of location,Latitude,Longitude,LGA,Urbanisation,Conurbation 1,Alignment,Street lighting,Road surface,Surface condition,Weather,Natural lighting,Signals operation,Other traffic control,Speed limit,Road classification,RUM - code,DCA - code,First impact type,Key TU type,Other TU type,No. of traffic units involved,No. killed,No. seriously injured,No. moderately injured,No. minor-other injured
1298808,4,2022,2022,5,2,9,2,27,21,34609,0,1,1,-31.984486,152.470369,43,2,1,1,0,0,3,4,0,0,7,80,0,4026,4026,8,0,40,1,0,3,0,1
1298809,1,2022,2022,1,4,7,2,27,13,34609,0,1,1,-36.833463,149.925729,5,1,0,0,3,2,3,3,2,0,7,100,0,1109,397,1,10,0,2,0,0,0,1
1298810,1,2022,2022,1,3,7,10,27,187,34609,0,1,1,-33.792717,150.988534,54,0,2,0,3,0,0,0,2,0,7,50,0,1282,1282,1,5,0,2,0,0,0,1
1298814,2,2022,2022,1,5,8,26,10,31,34609,0,1,10,-33.429676,151.371857,16,2,2,1,3,0,0,0,2,0,0,50,0,6545,6545,4,5,13,2,0,0,1,0
1298821,1,2022,2022,1,3,7,1052,27,219,262,0,1,7,-32.903113,151.676991,48,0,2,0,3,0,0,0,2,0,0,60,2,14295,14295,3,0,0,2,0,0,0,1
1298822,1,2022,2022,5,4,3,330,27,53,605,0,1,9,-33.744689,151.296362,50,0,2,1,3,0,0,0,2,0,7,60,2,1391,1391,1,10,5,2,0,0,0,1
1298824,1,2022,2022,6,0,5,1,31,8,34609,0,1,1,-31.762522,150.831011,73,2,1,1,1,0,0,0,2,0,7,50,0,1945,1945,5,16,40,1,0,0,0,1
1298825,2,2022,2022,3,4,8,10,27,47,34609,0,1,1,-28.831029,153.453853,2,2,1,0,0,0,0,0,3,0,7,80,0,1850,1463,5,16,40,1,0,0,1,0
1298826,1,2022,2022,1,2,5,1,25,337,34609,0,1,7,-33.71418,151.023802,31,0,2,1,3,0,0,0,2,0,0,50,0,14295,14295,3,5,0,2,0,0,0,1
1298828,4,2022,2022,1,2,11,2,27,29,34609,0,1,1,-33.98197,151.070985,25,0,2,1,2,0,0,0,0,0,7,50,0,312,312,2,0,40,1,0,1,0,0
1298829,4,2022,2022,1,3,7,35,10,20,148,0,1,1,-34.21823,151.002007,80,0,2,0,0,0,0,0,2,0,7,60,2,4552,5151,8,16,40,1,0,1,0,0
1298835,2,2022,2022,1,0,6,26,1,112,34609,0,1,10,-33.910439,151.204291,69,0,2,1,1,0,0,0,2,0,15,50,0,5929,5929,1,5,18,2,0,0,1,0
1298836,2,2022,2022,1,6,7,117,1,49,35,0,1,9,-33.966082,151.149136,4,0,2,1,1,0,0,0,2,2,7,60,2,63,63,4,5,5,2,0,0,1,0
1298837,1,2022,2022,6,2,3,9,27,9,8,0,1,1,-34.462576,148.264897,30,1,0,1,0,0,3,0,0,0,7,100,1,9859,9859,8,5,40,1,0,0,0,1
1298842,2,2022,2022,5,0,9,283,27,145,702,1,0,10,-33.92291,151.06837,15,0,2,1,2,0,0,0,3,2,9,60,2,2040,2040,9,30,28,2,0,0,1,0
1298849,1,2022,2022,1,5,7,2261,17,523,2252,0,1,2,-33.935275,150.915327,41,0,2,1,2,0,0,0,2,0,7,60,2,14295,14295,3,5,36,2,0,0,0,1
1298856,2,2022,2022,6,6,10,500,27,129,799,0,1,10,-33.927801,151.07884,15,0,2,1,2,0,0,0,0,0,2,60,2,6545,6545,4,21,5,2,0,0,1,0
1298857,1,2022,2022,1,6,3,3371,17,108,3342,0,1,2,-33.300479,151.421328,16,2,2,1,0,0,0,0,2,0,7,60,2,238,238,9,5,28,2,0,0,0,1
1298859,2,2022,2022,6,4,1,24,31,92,34609,0,1,1,-33.400702,151.356357,16,2,2,1,2,0,0,0,0,0,7,50,0,9859,9859,1,0,36,2,0,0,1,0
1298861,4,2022,2022,1,0,8,12,23,134,65,0,1,1,-33.678846,150.860628,7,0,2,1,1,0,0,0,2,0,7,50,1,1220,1220,9,5,26,2,0,1,0,0
1298863,2,2022,2022,5,4,2,64,27,175,284,0,1,10,-33.775737,151.060074,54,0,2,1,2,0,0,0,1,0,15,60,2,2852,2852,4,33,19,2,0,0,1,0
1298866,2,2022,2022,5,1,8,512,17,433,441,0,1,10,-33.283113,149.096251,52,2,1,1,1,0,0,0,3,2,0,50,2,5929,5929,1,5,41,2,0,0,1,0
1298867,2,2022,2022,1,6,8,102,31,107,53,0,1,9,-33.880524,151.196561,69,0,2,1,1,0,0,0,2,0,15,50,2,340,340,9,16,28,2,0,0,2,0
1298868,2,2022,2022,1,5,5,916,17,172,917,0,1,10,-32.752938,151.586971,42,2,1,1,1,0,0,0,2,2,7,60,2,6545,6545,4,5,0,2,0,0,1,0
1298870,2,2022,2022,1,2,3,39,27,5,43,0,1,1,-32.551532,149.635851,44,1,0,1,0,0,3,0,2,0,7,100,1,9859,9859,8,5,40,1,0,0,1,0
1298872,2,2022,2022,5,0,3,145,31,160,34609,1,0,10,-33.106724,151.489412,37,0,2,1,0,0,0,0,2,0,0,50,0,6545,6545,4,5,13,2,0,0,1,0
1298875,4,2022,2022,5,5,10,25,31,460,55,0,1,9,-33.823935,150.988289,21,0,2,0,1,0,3,4,0,2,7,50,1,368,368,9,10,28,2,0,1,0,0
1298878,4,2022,2022,1,1,6,114,27,21,65,0,1,1,-33.363163,151.160115,16,2,2,0,0,0,0,0,2,0,7,80,1,2585,4009,8,16,40,1,0,1,0,0
1298883,2,2022,2022,1,0,4,195,27,76,186,0,1,10,-33.924449,150.848555,41,0,2,1,0,0,0,0,2,2,7,70,2,14295,14295,3,8,5,2,0,0,1,0
1298884,1,2022,2022,1,0,5,20,31,150,140,1,0,1,-33.925402,151.237647,59,0,2,1,3,0,0,0,2,0,7,50,2,5929,5929,1,5,18,2,0,0,0,1
1298885,2,2022,2022,1,5,7,3,27,3,34609,0,1,10,-32.906961,151.284912,17,2,1,1,3,0,0,3,2,0,7,50,0,3775,3775,0,5,5,2,0,0,1,0
1298889,2,2022,2022,1,2,5,1052,14,36,928,0,1,3,-33.42904,151.224748,16,1,2,1,3,0,0,0,2,0,7,110,2,4026,4026,8,0,40,2,0,0,1,0
1298890,2,2022,2022,6,1,4,4,10,42,34609,0,1,1,-33.692009,150.941127,71,0,2,0,0,0,0,0,2,0,7,50,0,4552,5151,1,5,5,2,0,0,1,0
1298898,1,2022,2022,1,0,7,224,31,150,34609,0,1,10,-33.928799,151.232827,59,0,2,1,3,0,0,3,2,0,0,50,0,6545,6545,4,0,18,2,0,0,0,1
1298900,1,2022,2022,1,5,6,361,23,79,165,0,1,9,-33.968523,151.124534,25,0,2,1,3,0,3,4,2,2,7,50,1,14295,14295,3,10,5,2,0,0,0,1
1298902,4,2022,2022,1,2,5,89,17,11,21,0,1,1,-34.161574,150.970667,80,0,2,1,0,0,0,0,2,0,7,100,1,1192,1192,1,29,27,2,0,1,0,0
1298912,2,2022,2022,6,1,1,112,27,19,769,0,1,2,-33.52407,150.307071,8,2,2,1,0,0,3,4,0,0,7,80,2,4026,4026,8,5,40,1,0,0,1,0
1298913,4,2022,2022,8,4,11,64,27,278,284,0,1,2,-33.777153,151.054514,54,0,2,1,2,0,0,0,0,0,7,60,2,14295,14295,3,0,5,4,0,1,0,0
1298916,2,2022,2022,5,1,3,18,27,6,20,0,1,1,-33.698281,149.969012,51,1,0,0,0,0,0,0,2,0,7,100,2,4552,5151,8,29,40,1,0,0,1,0
1298922,1,2022,2022,6,4,1,19,31,218,34609,0,1,1,-33.774044,150.76526,55,0,2,1,2,0,0,0,0,0,7,50,0,190,190,1,5,5,2,0,0,0,1
1298927,4,2022,2022,8,1,10,9,27,29,39,0,1,1,-31.283121,149.302733,51,1,0,0,0,0,0,0,0,0,7,100,1,2585,4009,8,0,40,1,0,1,0,0
1298928,2,2022,2022,5,4,4,330,23,54,233,0,1,10,-33.901485,151.222705,69,0,2,1,1,0,3,3,2,2,7,60,2,14295,14295,3,8,5,2,0,0,1,0
1298929,2,2022,2022,5,1,7,16,31,77,34609,0,1,7,-30.324805,149.782929,51,2,1,1,1,0,0,0,2,0,0,50,0,4026,4026,8,10,40,1,0,0,1,0
1298930,4,2022,2022,8,2,10,8,27,16,34609,0,1,1,-33.370254,149.523685,3,1,0,1,0,0,0,0,0,0,7,100,0,4026,4026,8,5,40,1,0,1,0,0
1298931,2,2022,2022,5,4,3,84,27,252,34609,0,1,1,-33.942085,150.866229,41,0,2,1,1,0,3,4,2,0,7,60,0,9859,9859,8,5,40,1,0,0,1,0
1298932,2,2022,2022,5,6,6,3,31,532,34609,0,1,9,-33.864695,151.208786,69,0,2,1,0,0,0,0,2,0,7,40,0,5929,5929,1,5,27,2,0,0,1,0
1298934,1,2022,2022,1,4,6,3371,17,16,3342,0,1,2,-28.37833,153.524671,72,1,0,1,1,0,0,0,2,0,7,110,2,14295,14295,3,9,5,2,0,0,0,1
1298937,2,2022,2022,5,2,11,500,27,271,799,0,1,2,-33.937122,151.021106,15,0,2,1,2,0,0,0,0,0,7,70,2,9859,9859,8,0,40,1,0,0,1,0
1298942,2,2022,2022,1,6,4,117,1,176,35,0,1,9,-33.965101,151.142642,4,0,2,1,3,0,0,0,2,3,7,60,2,2852,2852,4,5,0,2,0,0,2,0
1298944,2,2022,2022,1,1,10,15,31,35,31,0,1,7,-28.807853,153.261561,39,2,1,1,3,0,0,0,0,0,0,50,1,6545,6545,4,5,5,2,0,0,1,0
1298946,2,2022,2022,1,1,4,204,31,77,34609,0,1,10,-32.567122,151.177305,64,2,1,1,3,0,0,0,2,0,15,50,0,6545,6545,4,0,13,2,0,0,1,0
1298951,2,2022,2022,1,3,10,103,27,17,256,0,1,1,-34.131248,150.791328,13,0,2,1,3,0,0,0,4,0,7,80,2,9859,9859,8,0,40,1,0,0,1,0
1298969,4,2022,2022,5,1,10,90,31,174,165,0,1,9,-33.895382,151.216059,69,0,2,1,2,0,3,4,0,0,7,60,2,4026,4026,8,0,40,1,0,1,0,0
1298974,2,2022,2022,6,0,8,2,27,53,34609,0,1,1,-31.865587,152.334214,43,2,1,0,1,0,0,0,2,0,7,60,0,3775,3775,0,16,36,2,0,0,1,0
1298982,2,2022,2022,1,1,10,125,31,445,34609,0,1,9,-33.859989,151.049606,21,0,2,1,2,0,0,0,0,0,7,50,0,4026,4026,8,0,40,1,0,0,1,0
1298984,1,2022,2022,1,0,0,35,27,28,34609,0,1,1,-35.361102,149.224521,58,2,1,1,2,0,0,0,0,0,7,50,0,1282,1282,1,16,40,1,0,0,0,1
1298989,2,2022,2022,6,2,11,100,27,127,799,0,1,1,-33.895746,151.15642,32,0,2,1,2,0,0,0,0,0,7,60,2,14295,14295,3,5,5,3,0,0,1,1
1298990,2,2022,2022,1,6,7,92,27,106,63,0,1,10,-33.919678,151.089616,15,0,2,1,0,0,0,0,2,2,7,50,1,1192,1192,1,5,5,3,0,0,1,0
1298992,4,2022,2022,1,1,5,255,27,66,172,0,1,9,-32.93057,151.650432,37,0,2,1,1,0,0,0,2,0,7,60,2,1669,1669,3,10,0,3,0,1,2,1
1298995,2,2022,2022,1,3,9,1,31,18,34609,0,1,9,-32.96305,151.710171,37,0,2,1,2,0,0,0,0,0,0,50,0,2040,2040,9,30,28,2,0,0,1,0
1298998,2,2022,2022,1,1,8,154,27,55,244,0,1,9,-33.904562,151.080604,67,0,2,1,1,0,0,0,2,0,7,60,2,6545,6545,4,0,25,2,0,0,1,0
1298999,1,2022,2022,5,0,3,205,27,106,415,0,1,1,-33.676732,151.292523,50,0,2,1,1,0,0,0,2,0,7,60,2,1109,787,1,5,0,2,0,0,0,1
1299002,1,2022,2022,7,0,11,19,27,137,49,1,0,1,-33.897861,150.900654,24,0,2,1,0,0,0,0,0,0,7,50,1,1669,1669,3,5,25,2,0,0,0,1
1299004,4,2022,2022,6,2,4,23,1,64,13,0,1,10,-33.708904,150.75678,55,0,2,1,0,0,0,0,2,0,15,60,1,6545,6545,4,5,41,2,0,2,1,0
1299009,2,2022,2022,8,3,8,196,10,115,168,0,1,10,-33.961016,151.050565,25,0,2,1,1,0,0,0,3,1,7,60,2,6545,6545,4,5,36,2,0,0,2,0
1299010,4,2022,2022,6,0,4,2209,17,176,2205,0,1,9,-33.952087,151.137905,4,0,2,1,1,0,0,0,2,2,7,60,2,1220,1220,9,5,28,2,0,1,0,0
1299011,4,2022,2022,5,2,3,294,17,11,288,0,1,9,-34.633578,144.287932,51,1,0,1,0,0,0,0,0,0,0,110,2,775,775,4,10,5,2,0,1,0,0
1299012,2,2022,2022,5,2,11,14,27,11,34609,0,1,1,-34.509879,150.77705,80,0,2,1,2,0,0,0,0,0,7,50,0,9859,9859,8,5,40,1,0,0,1,0
1299015,2,2022,2022,5,5,10,35,31,90,262,0,1,10,-32.919682,151.747786,48,0,2,1,2,0,0,0,0,2,7,60,2,5929,5929,1,5,18,2,0,0,1,0
1299017,4,2022,2022,5,1,8,512,17,562,441,0,1,9,-32.253509,148.603166,22,2,1,1,1,0,0,0,2,0,0,60,2,4552,985,8,5,40,1,0,1,0,0
1299021,1,2022,2022,5,5,9,62,27,17,166,0,1,9,-33.241851,151.445046,16,2,2,1,2,0,0,0,0,2,7,40,2,14295,14295,3,5,13,3,0,0,0,2
1299022,4,2022,2022,1,0,4,55,27,40,38,0,1,2,-33.949789,150.83809,41,0,2,1,0,0,0,0,2,0,7,70,2,14295,14295,3,0,5,5,0,2,4,1
1299023,4,2022,2022,5,2,5,11,31,228,34609,0,1,1,-34.754687,149.721477,26,2,1,1,1,0,0,0,2,0,7,60,0,9859,9859,1,9,5,3,0,1,0,0
1299024,4,2022,2022,1,6,6,43,2,92,42,0,1,7,-33.736734,150.96083,71,0,2,0,1,0,0,0,2,0,0,70,2,1957,777,8,16,40,1,0,1,0,0
1299025,2,2022,2022,1,2,9,8,31,246,8,0,1,10,-33.908097,151.190214,69,0,2,1,3,0,0,0,3,2,7,60,1,256,256,4,0,5,4,0,0,1,0
1299027,2,2022,2022,1,0,8,3371,17,24,3342,1,0,9,-33.711028,151.10459,31,0,2,1,1,0,0,0,2,2,9,60,2,2040,2040,9,9,28,2,0,0,1,1
1299028,1,2022,2022,1,0,7,1,27,1,34609,0,1,1,-35.054874,148.201902,20,1,0,1,0,0,0,0,2,0,7,100,0,945,945,5,10,40,1,0,0,0,1
1299042,4,2022,2022,5,0,6,15,10,69,34609,0,1,7,-33.773131,150.969577,71,0,2,1,0,0,0,0,2,0,0,50,0,1981,1981,4,0,19,2,0,1,0,0
1299049,2,2022,2022,6,6,8,7,31,93,143,0,1,1,-33.403046,149.598827,3,2,1,1,2,0,0,0,3,0,7,60,2,3775,3775,0,5,0,2,0,0,1,2
1299050,1,2022,2022,1,6,4,11,27,224,34609,1,2,1,-33.828474,151.240001,45,0,2,1,3,0,0,0,2,0,7,40,0,144,144,1,5,5,2,0,0,0,1
1299051,1,2022,2022,5,5,8,1104,14,142,2149,0,1,9,-33.826515,151.004555,54,0,2,1,3,0,0,0,2,2,7,60,2,1391,1391,1,33,5,2,0,0,0,2
1299054,1,2022,2022,1,2,5,283,27,129,702,0,1,2,-33.930287,151.072715,15,0,2,1,3,0,0,0,2,0,7,60,2,14295,14295,3,9,5,3,0,0,0,1
1299055,1,2022,2022,1,5,7,232,36,36,168,0,1,9,-34.049513,150.714468,12,0,2,1,3,0,3,4,2,0,0,70,1,14295,14295,3,10,5,2,0,0,0,1
1299056,1,2022,2022,1,0,9,485,27,323,769,0,1,9,-33.769833,151.000473,54,0,2,0,3,0,3,0,3,0,7,60,2,5929,5929,1,9,5,2,0,0,0,1
1299058,2,2022,2022,1,0,8,100,27,68,78,0,1,7,-33.698579,149.845009,51,2,1,1,1,0,0,0,2,0,0,60,1,6545,6545,4,29,0,2,0,0,1,0
1299060,1,2022,2022,1,2,4,56,31,38,34609,0,1,9,-33.772607,150.800034,55,0,2,1,3,0,0,0,2,0,15,50,0,2852,2852,4,5,12,2,0,0,0,1
1299061,1,2022,2022,1,0,7,3,31,197,34609,0,1,1,-33.792361,151.128733,61,0,2,1,3,0,0,0,2,0,7,50,0,1981,1981,4,0,5,2,0,0,0,1
1299067,1,2022,2022,1,1,5,4,1,145,34609,0,1,10,-33.923088,151.125827,15,0,2,1,3,0,0,0,2,0,15,50,0,6545,6545,4,5,0,2,0,0,0,1
1299068,1,2022,2022,1,6,7,346,17,44,332,0,1,1,-28.814517,153.399678,2,2,1,1,3,0,0,0,2,0,7,80,2,14295,14295,3,10,5,2,0,0,0,1
1299070,1,2022,2022,1,5,4,69,23,137,34609,0,1,7,-34.029844,151.057936,68,0,2,0,3,0,0,0,2,0,0,50,0,6545,6545,4,5,5,2,0,0,0,1
1299072,4,2022,2022,5,3,8,33,27,98,260,0,1,1,-33.029,151.56323,37,0,2,0,1,0,3,4,3,0,7,80,2,4552,5151,8,9,40,1,0,1,0,0
1299073,1,2022,2022,1,4,9,30,31,149,34609,1,0,9,-33.858802,151.171057,32,0,2,1,2,0,0,0,0,0,9,40,0,2040,2040,9,5,28,2,0,0,0,1
1299074,2,2022,2022,5,3,10,34,27,53,34609,0,1,7,-35.130748,147.342488,75,2,1,1,2,0,3,3,0,0,0,60,0,256,256,4,10,5,2,0,0,2,0
1299075,4,2022,2022,1,4,2,38,27,218,70,0,1,1,-33.74242,150.780494,55,0,2,1,0,0,0,0,1,0,7,70,1,3775,3775,0,10,13,2,0,1,0,0
1299077,2,2022,2022,1,6,5,308,14,83,311,0,1,6,-33.877079,150.84201,41,0,2,1,3,0,0,0,2,0,7,70,2,14295,14295,3,8,10,4,0,0,1,0
1299080,4,2022,2022,5,2,3,1,31,39,34609,0,1,9,-32.914441,151.588213,37,0,2,0,1,0,0,0,2,0,0,50,0,6545,6545,4,5,27,2,0,1,0,0
1299082,2,2022,2022,6,3,10,15,27,14,52,0,1,1,-33.7157,150.770358,7,0,2,1,2,0,0,0,0,0,7,80,1,3775,3775,0,9,5,2,0,0,2,0
1299083,4,2022,2022,1,0,5,3371,17,37,3342,0,1,2,-29.461813,153.213204,18,1,0,1,0,0,0,0,2,0,7,110,2,1945,1945,5,9,40,1,0,1,0,0
1299087,4,2022,2022,1,5,7,4,27,60,34609,1,2,1,-33.948229,150.954604,41,0,2,1,0,0,0,0,2,0,9,40,0,1981,1981,4,5,13,3,0,1,0,0
1299089,1,2022,2022,5,0,5,8,31,237,34609,0,1,1,-33.866911,150.951558,24,0,2,1,0,0,0,0,2,0,7,50,0,238,238,9,5,28,2,0,0,0,1
1299092,2,2022,2022,1,0,6,20,27,40,20,0,1,1,-34.986228,150.591482,63,1,0,1,0,0,3,2,2,0,7,90,1,14295,14295,3,30,5,2,0,0,2,0
1299095,2,2022,2022,6,2,9,89,36,123,81,0,1,1,-33.720099,148.55947,51,1,0,1,0,0,0,0,0,0,7,100,2,1089,1089,7,0,40,1,0,0,1,0
1299097,2,2022,2022,1,0,10,191,1,12,34609,0,1,9,-32.549408,151.168477,64,2,1,1,2,0,0,0,0,0,0,60,0,256,256,4,5,5,2,0,0,3,0
1299098,1,2022,2022,5,0,3,31,27,20,46,0,1,1,-33.479363,150.218883,40,2,1,0,0,0,1,6,2,0,7,80,2,1957,4009,8,10,40,1,0,0,0,2
1299102,4,2022,2022,1,4,7,346,17,103,332,0,1,9,-28.814729,153.315023,39,2,1,1,0,0,0,0,2,0,7,60,2,1669,1669,3,30,5,2,0,2,1,0
1299104,2,2022,2022,1,2,6,11,1,72,74,0,1,10,-33.840072,151.091281,14,0,2,1,0,0,0,0,2,0,0,50,1,6545,6545,4,0,19,2,0,0,1,0
1299106,2,2022,2022,1,1,3,37,31,337,217,0,1,10,-33.732833,151.00689,71,0,2,1,3,0,3,3,1,2,7,50,2,5929,5929,1,0,0,2,0,0,1,0
1299107,2,2022,2022,6,3,4,1,31,16,34609,0,1,1,-32.800065,149.972488,44,2,1,1,0,0,0,0,2,0,7,50,0,9859,9859,1,5,0,3,0,0,1,0
1299108,2,2022,2022,1,6,10,62,27,17,166,0,1,2,-33.241802,151.444781,16,2,2,1,2,0,0,0,0,0,14,40,2,14295,14295,3,5,5,4,0,0,2,0
1299109,2,2022,2022,1,5,11,6,27,14,34609,0,1,1,-32.402178,151.062838,64,2,1,0,0,0,0,0,0,0,7,80,0,4552,5151,8,5,40,1,0,0,1,0
1299110,4,2022,2022,6,2,8,43,27,136,148,0,1,10,-32.919428,151.712776,48,0,2,1,3,0,0,0,2,0,15,60,1,6545,6545,4,0,0,2,0,1,1,0
1299111,2,2022,2022,5,2,10,150,27,173,415,0,1,9,-33.78609,151.127357,61,0,2,1,3,0,0,0,2,0,7,70,2,515,515,1,5,19,2,0,0,1,0
1299113,1,2022,2022,1,1,3,1,4,323,34609,1,0,9,-33.757245,150.963064,71,0,2,1,3,0,0,0,4,0,7,50,0,926,926,4,0,36,2,0,0,0,1
1299116,1,2022,2022,6,6,3,15,31,169,34609,0,1,7,-28.642698,153.613948,10,2,1,1,3,0,0,0,2,0,0,50,0,6545,6545,4,30,27,2,0,0,0,1
1299118,4,2022,2022,1,2,5,344,27,89,382,0,1,9,-33.667694,150.803008,55,0,2,1,1,0,0,0,2,2,7,80,2,9859,9859,8,34,40,1,0,2,0,0
1299119,4,2022,2022,1,1,7,1104,14,247,962,0,1,3,-33.813378,150.95191,21,0,2,1,0,0,0,0,2,0,7,100,2,941,941,1,5,5,4,0,1,1,0
1299125,2,2022,2022,11,0,4,334,17,316,308,0,1,2,-31.452791,152.874148,56,2,1,0,3,0,0,3,2,0,7,70,2,3775,3775,0,5,13,4,0,0,2,0
1299126,2,2022,2022,1,2,6,48,4,85,34609,0,1,1,-33.906808,150.870955,41,0,2,1,3,0,0,0,2,0,7,50,0,4026,4026,8,5,40,1,0,0,1,0
1299131,1,2022,2022,1,2,3,84,27,61,415,0,1,9,-33.769244,151.136257,36,0,2,1,3,0,3,3,2,2,7,70,2,14295,14295,3,9,5,2,0,0,0,1
1299133,4,2022,2022,1,1,1,125,31,438,563,0,1,10,-33.851341,151.037064,21,0,2,1,2,0,0,0,0,2,7,70,2,5929,5929,1,5,0,2,0,1,0,0
1299134,1,2022,2022,1,4,0,115,27,73,46,0,1,1,-34.190059,150.62581,79,2,2,0,0,0,0,0,0,0,7,80,2,4552,5151,8,5,40,1,0,0,0,1
1299138,4,2022,2022,5,2,7,8,27,323,34609,1,0,10,-33.76899,150.969561,71,0,2,1,0,0,0,0,2,0,7,50,0,5929,5929,1,0,27,2,0,1,0,0
1299139,2,2022,2022,5,1,9,7,31,49,34609,0,1,0,-33.930788,151.153312,4,0,2,1,2,0,0,0,0,0,7,50,0,1945,1945,5,15,40,1,0,0,1,0
1299143,2,2022,2022,1,0,6,4,1,145,34609,0,1,7,-33.922026,151.126045,15,0,2,1,0,0,0,0,2,0,0,50,0,6545,6545,4,5,18,2,0,0,1,0
1299146,4,2022,2022,8,5,3,118,17,26,118,0,1,9,-31.470522,150.622809,51,1,0,1,0,0,0,0,2,0,0,100,2,1109,787,1,10,35,2,0,1,0,0
1299147,2,2022,2022,1,5,0,40,27,59,39,0,1,1,-33.15979,151.478541,37,0,2,0,2,0,0,0,0,0,7,80,1,1957,4009,8,5,40,1,0,0,1,0
1299148,4,2022,2022,1,6,8,330,23,12,39,0,1,7,-33.978666,151.244805,59,0,2,1,0,0,0,0,2,0,0,60,1,2040,2040,9,0,28,2,0,1,0,0
1299149,2,2022,2022,1,4,4,3,1,44,34609,0,1,1,-33.213599,151.512029,16,2,2,0,1,0,0,0,2,0,7,50,0,1220,1220,9,0,28,2,0,0,1,0
1299154,4,2022,2022,1,2,3,348,27,23,15,0,1,10,-33.654369,150.672805,55,0,2,1,0,0,3,3,2,0,0,80,1,6545,6545,4,21,13,3,0,1,1,0
1299155,4,2022,2022,1,4,7,7,1,137,34609,0,1,10,-33.91664,151.205644,69,0,2,1,1,0,0,0,2,0,15,40,0,6545,6545,4,16,5,2,0,1,0,0
1299157,2,2022,2022,1,2,1,37,27,11,52,0,1,1,-34.056449,150.574957,79,2,2,0,0,0,0,0,0,0,7,80,1,1957,4009,8,5,40,1,0,0,2,0
1299159,2,2022,2022,6,6,9,6,27,204,34609,0,1,9,-33.892014,150.92601,24,0,2,1,2,0,0,0,0,0,0,50,0,2852,2852,4,5,19,2,0,0,1,0
1299160,1,2022,2022,1,0,7,2126,17,445,2149,0,1,9,-33.847153,151.046188,21,0,2,1,1,0,0,0,2,2,7,60,2,14295,14295,3,10,12,2,0,0,0,1
1299161,4,2022,2022,1,6,11,104,27,443,702,0,1,9,-33.889015,151.067198,15,0,2,1,2,0,0,0,0,0,15,70,2,1945,1945,5,16,40,1,0,1,0,0
1299162,1,2022,2022,1,6,8,100,31,157,38,0,1,1,-33.798668,151.001503,54,0,2,1,2,0,0,0,0,0,7,60,1,340,340,9,5,28,2,0,0,0,1
1299163,4,2022,2022,5,4,11,69,31,646,563,0,1,1,-33.910364,151.04179,15,0,2,1,2,0,3,4,0,0,7,60,2,14295,14295,3,9,5,2,0,1,0,0
1299169,2,2022,2022,1,3,8,6,1,53,34609,0,1,7,-31.094206,150.931342,70,2,1,1,0,0,0,0,2,0,0,40,0,6545,6545,4,5,27,2,0,0,1,0
1299170,1,2022,2022,1,3,7,348,17,25,232,0,1,1,-33.014513,149.870271,44,1,0,0,0,0,1,4,2,0,7,100,2,3775,3775,0,9,2,2,0,0,0,1
1299172,4,2022,2022,1,3,9,4,31,284,34609,0,1,10,-33.907784,151.010712,15,0,2,1,2,0,0,0,3,0,0,50,0,6545,6545,4,5,0,2,0,1,0,0
1299173,2,2022,2022,5,4,8,119,31,29,34609,0,1,1,-34.414924,150.873114,80,0,2,1,1,0,0,0,2,0,7,50,0,1981,1981,4,5,0,2,0,0,1,0
1299180,2,2022,2022,6,4,7,3,1,189,34609,0,1,9,-33.953748,151.044857,25,0,2,1,0,0,0,0,2,0,7,50,0,1957,777,1,5,0,2,0,0,1,0
1299181,2,2022,2022,1,5,3,112,17,12,112,0,1,1,-31.573396,144.797173,51,1,0,1,0,0,0,0,2,0,7,110,2,945,945,5,9,40,1,0,0,1,0
1299182,2,2022,2022,6,0,4,17,27,323,25,0,1,2,-33.810369,150.850265,7,0,2,1,1,0,0,0,2,0,7,80,2,1383,1383,1,8,35,2,0,0,1,0
1299183,2,2022,2022,8,0,0,26,31,363,34609,0,1,1,-33.809842,151.013139,54,0,2,1,2,0,0,0,0,0,7,50,0,9859,9859,8,5,40,1,0,0,1,0
1299184,2,2022,2022,6,5,8,475,31,169,41,0,1,10,-33.902737,151.205541,69,0,2,1,2,0,3,4,3,2,9,50,1,6545,6545,4,5,27,2,0,0,1,0
1299185,2,2022,2022,6,6,7,7,1,151,34609,1,2,1,-34.027354,150.852758,13,0,2,1,1,0,0,0,2,0,9,40,0,368,368,9,0,28,2,0,0,2,0
1299186,2,2022,2022,1,1,9,222,27,54,40,0,1,7,-33.633536,150.889576,29,2,2,1,3,0,0,0,0,0,0,80,1,6545,6545,4,0,5,2,0,0,1,0
1299188,4,2022,2022,5,0,7,512,17,10,441,0,1,1,-32.325324,148.745802,22,1,0,1,0,0,0,0,2,0,7,110,2,4026,4026,8,0,40,1,0,1,0,0
1299189,1,2022,2022,5,2,1,43,27,15,46,0,1,1,-28.306209,153.568769,72,2,1,1,2,0,0,0,0,0,7,80,1,4026,4026,8,0,40,1,0,0,0,1
1299190,4,2022,2022,6,5,7,196,36,36,15,0,1,1,-33.971254,148.183897,51,1,0,1,0,0,3,3,2,0,7,100,1,96,96,0,10,5,2,0,1,0,1
1299192,2,2022,2022,5,5,5,2126,17,36,2149,0,1,9,-33.808505,150.941614,21,0,2,1,1,0,0,0,2,0,0,80,2,1109,397,1,16,13,2,0,0,1,0