Crash ID,Degree of crash - detailed,Reporting year,Year of crash,Month of crash,Day of week of crash,Two-hour intervals,Street of crash,Street type,Town,Route no.,School zone location,School zone active,Type of location,Latitude,Longitude,LGA,Urbanisation,Conurbation 1,Alignment,Street lighting,Road surface,Surface condition,Weather,Natural lighting,Signals operation,Other traffic control,Speed limit,Road classification,RUM - code,DCA - code,First impact type,Key TU type,Other TU type,No. of traffic units involved,No. killed,No. seriously injured,No. moderately injured,No. minor-other injured
1299193,2,2022,2022,5,5,4,344,27,168,382,0,1,2,-33.716459,150.843996,7,0,2,0,1,0,3,0,2,0,7,80,2,1383,1383,1,5,5,2,0,0,1,0
1299194,4,2022,2022,5,5,8,12,1,197,34609,0,1,1,-33.950692,151.083027,25,0,2,1,0,0,3,4,2,0,7,50,0,9859,9859,8,0,40,1,0,1,0,0
1299195,4,2022,2022,5,3,6,829,27,159,770,0,1,9,-33.806371,151.073539,61,0,2,1,1,0,0,0,2,0,7,70,2,515,515,1,0,19,2,0,1,0,0
1299197,2,2022,2022,6,4,9,2126,17,363,2149,0,1,9,-33.818511,150.993707,54,0,2,1,2,0,0,0,0,0,7,60,2,14295,14295,3,5,13,2,0,0,1,0
1299199,2,2022,2022,5,0,9,3371,17,7,3342,0,1,2,-32.927101,151.757741,48,0,2,1,2,0,0,0,0,0,7,60,2,1383,1383,1,33,19,2,0,0,1,0
1299203,2,2022,2022,5,0,6,866,17,110,793,0,1,6,-33.791507,150.998631,54,0,2,0,1,0,3,3,2,0,7,60,2,1282,1282,1,30,5,2,0,0,1,0
1299205,4,2022,2022,5,0,5,9,27,9,34609,0,1,1,-31.202634,150.854579,70,2,1,0,0,2,0,0,2,0,7,80,0,4552,5151,8,5,40,1,0,1,0,0
1299210,1,2022,2022,1,6,4,308,14,323,311,0,1,3,-33.81192,150.851857,7,0,2,1,3,0,0,0,2,0,7,100,2,14295,14295,3,5,13,2,0,0,0,2
1299211,2,2022,2022,8,0,10,36,36,3,139,0,1,9,-34.330929,146.133446,28,1,0,0,3,0,3,3,0,0,7,100,2,418,714,5,9,40,1,0,0,1,0
1299217,2,2022,2022,5,4,2,45,1,294,34609,0,1,2,-33.94035,150.924942,41,0,2,0,3,0,0,0,0,0,0,60,0,14295,14295,3,0,5,2,0,0,1,0
1299218,4,2022,2022,1,2,8,294,17,17,288,0,1,1,-35.16135,147.573518,75,1,0,1,0,0,3,4,3,0,7,100,2,3775,3775,0,10,41,3,0,2,1,0
1299220,2,2022,2022,1,4,6,161,17,55,161,0,1,1,-36.235812,149.124173,65,2,1,1,3,0,0,0,2,0,7,50,2,623,623,3,5,5,2,0,0,1,0
1299221,4,2022,2022,1,4,11,3371,17,463,3342,0,1,2,-30.306144,153.10152,19,2,1,1,0,0,0,0,0,0,7,60,2,2040,2040,9,3,28,2,0,1,1,0
1299223,1,2022,2022,3,0,8,59,27,109,34609,0,1,10,-33.960646,150.862342,41,0,2,1,3,0,0,0,2,2,7,60,0,14295,14295,3,5,13,2,0,0,0,1
1299225,1,2022,2022,1,2,8,3371,17,44,3342,0,1,10,-33.213716,151.512191,16,2,2,1,3,0,0,0,2,2,7,70,2,14295,14295,3,21,5,2,0,0,0,1
1299228,2,2022,2022,1,0,8,387,27,290,331,1,2,9,-33.961781,151.114594,4,0,2,1,3,0,3,4,2,0,7,40,2,217,217,1,5,0,2,0,0,1,0
1299229,2,2022,2022,1,2,6,100,31,363,38,0,1,0,-33.81511,150.999616,54,0,2,1,3,0,0,0,2,0,7,60,1,9859,9859,8,9,40,1,0,0,1,0
1299230,1,2022,2022,1,5,3,1,31,24,34609,0,1,1,-32.909822,151.779706,48,0,2,1,3,0,0,3,2,0,7,50,0,1282,1282,1,5,40,1,0,0,0,1
1299233,2,2022,2022,0,1,9,8,31,237,34609,0,1,7,-33.865788,150.953659,24,0,2,1,2,0,0,0,0,0,0,50,0,6545,6545,4,5,36,2,0,0,1,1
1299238,4,2022,2022,1,4,7,5,10,66,34609,0,1,2,-32.932804,151.640795,37,0,2,0,1,0,0,0,2,0,0,40,0,2585,4009,8,0,40,1,0,1,0,0
1299239,2,2022,2022,1,0,2,3371,17,20,3342,0,1,2,-29.539772,153.189606,18,1,0,0,0,0,0,0,0,0,7,110,2,782,957,5,3,40,1,0,0,1,0
1299240,1,2022,2022,1,6,8,10,31,207,34609,0,1,1,-31.958206,141.461577,51,2,1,1,1,0,0,0,2,0,7,50,0,9859,9859,1,0,5,5,0,0,0,1
1299241,2,2022,2022,1,6,2,17,27,31,17,0,1,1,-35.122177,148.100595,20,1,0,0,0,0,0,0,0,0,7,100,2,1850,1463,5,10,40,1,0,0,1,0
1299242,2,2022,2022,1,6,10,71,31,283,125,0,1,7,-33.846512,151.012695,21,0,2,1,0,0,0,0,0,0,0,60,1,2852,2852,4,16,5,2,0,0,1,0
1299244,4,2022,2022,1,1,9,9,27,29,39,0,1,1,-31.294179,149.327382,51,1,0,1,0,0,0,0,0,0,7,100,1,1945,1945,5,10,40,1,0,1,0,0
1299245,4,2022,2022,1,4,10,4,31,283,34609,0,1,1,-33.845797,151.015792,21,0,2,1,2,0,0,0,0,0,7,50,0,4026,4026,1,0,0,3,0,1,0,0
1299247,1,2022,2022,1,2,7,46,31,149,34609,0,1,10,-33.995836,151.136182,4,0,2,1,0,0,0,0,2,0,0,50,0,5929,5929,1,5,0,2,0,0,0,2
1299249,2,2022,2022,1,2,10,512,17,433,441,0,1,10,-33.283403,149.098737,52,2,1,1,2,0,0,0,0,2,7,50,2,6545,6545,4,5,0,2,0,0,1,0
1299251,4,2022,2022,1,1,1,916,17,4,917,0,1,10,-30.564057,151.578286,51,1,0,1,1,0,1,1,0,0,0,100,2,9859,9859,8,9,40,1,0,1,0,0
1299254,4,2022,2022,1,1,8,15,27,15,34609,0,1,9,-30.166555,153.106849,19,2,1,0,0,0,0,0,2,0,7,80,0,2852,2852,4,21,5,2,0,1,1,3
1299255,4,2022,2022,1,2,11,49,27,111,62,0,1,2,-33.703805,150.859066,7,0,2,0,2,0,0,0,0,0,7,70,2,4552,5151,8,16,40,1,0,1,0,0
1299256,2,2022,2022,5,2,7,12,27,36,41,0,1,10,-33.562987,148.632862,11,1,0,0,3,0,0,0,2,0,0,100,1,1957,4009,8,0,40,1,0,0,1,0
1299260,2,2022,2022,5,1,9,34,27,38,117,0,1,9,-32.928918,151.693572,48,0,2,1,2,0,3,4,0,2,7,60,2,5929,5929,1,0,0,2,0,0,1,0
1299262,4,2022,2022,1,6,5,6,10,96,34609,0,1,1,-33.438963,151.402189,16,2,2,0,0,0,0,0,2,0,7,50,0,2585,4009,8,5,40,1,0,1,0,0
1299268,4,2022,2022,1,4,5,19,27,7,7,0,1,1,-31.496325,149.284256,51,1,0,0,0,0,0,0,2,0,7,100,2,2585,4009,8,0,40,1,0,1,0,0
1299271,2,2022,2022,1,3,2,37,1,96,212,0,1,2,-35.356342,149.22798,58,2,1,0,2,0,0,0,0,0,7,60,2,1259,5151,8,5,40,1,0,0,1,0
1299272,2,2022,2022,6,6,8,38,27,53,38,0,1,9,-33.379395,151.4496,16,2,2,0,3,2,0,0,4,0,15,70,1,6545,6545,4,5,5,2,0,0,2,0
1299273,2,2022,2022,1,0,8,22,10,13,13,0,1,1,-33.863968,151.144631,14,0,2,1,2,0,0,0,0,0,7,50,1,3775,3775,0,5,5,3,0,0,1,0
1299274,4,2022,2022,5,0,6,3371,17,25,3342,0,1,9,-32.870767,151.710159,48,0,2,1,1,0,0,0,2,2,7,80,2,1109,397,1,5,13,3,0,1,0,0
1299275,4,2022,2022,1,4,8,916,17,102,917,0,1,9,-31.111762,150.92321,70,2,1,1,2,0,0,0,3,0,7,60,2,2040,2040,9,0,28,2,0,1,0,0
1299277,4,2022,2022,6,6,5,296,31,253,34609,0,1,1,-33.964823,151.103974,25,0,2,1,1,0,0,0,2,0,7,50,0,237,162,8,5,40,1,0,1,0,0
1299281,4,2022,2022,1,4,6,16,36,7,34609,0,1,1,-35.874892,148.365743,66,2,1,0,0,0,3,4,2,0,7,80,0,2585,4009,8,10,40,1,0,1,0,0
1299283,1,2022,2022,5,4,4,330,27,147,605,0,1,9,-33.747765,151.290548,50,0,2,1,1,0,0,0,2,2,7,60,2,5929,5929,1,5,5,2,0,0,0,1
1299293,4,2022,2022,1,2,11,7,27,61,34609,0,1,1,-29.702597,151.750164,51,2,1,1,0,0,0,0,0,0,7,50,0,4026,4026,8,5,40,1,0,1,0,0
1299294,4,2022,2022,1,6,3,162,31,65,122,0,1,10,-34.485386,150.887533,80,0,2,1,1,0,0,0,1,2,7,60,2,6545,6545,4,30,13,2,0,1,0,0
1299297,1,2022,2022,1,0,10,65,27,154,34609,0,1,1,-33.72147,150.953836,71,0,2,1,3,0,3,0,0,0,7,60,0,1981,1981,4,5,36,2,0,0,0,1
1299298,1,2022,2022,1,1,9,37,27,94,105,0,1,1,-33.887425,150.916809,24,0,2,1,3,0,0,0,0,0,7,60,1,3775,3775,0,5,5,2,0,0,0,1
1299300,2,2022,2022,1,1,3,10,27,15,34609,0,1,1,-28.836849,153.502067,2,2,1,1,0,0,3,3,2,0,7,80,0,4026,4026,8,10,40,1,0,0,1,0
1299301,1,2022,2022,1,0,8,3371,17,44,3342,0,1,10,-33.213716,151.512191,16,2,2,1,3,0,0,0,2,2,7,70,2,623,623,3,10,5,2,0,0,0,1
1299303,4,2022,2022,5,3,4,62,10,122,62,0,1,10,-33.42728,151.344223,16,2,2,1,1,0,0,0,2,2,7,50,2,1383,1383,1,16,0,2,0,1,1,0
1299304,1,2022,2022,1,6,9,866,17,77,793,0,1,9,-33.726203,151.084091,31,0,2,0,2,0,0,0,0,2,7,70,2,2852,2852,4,0,0,2,0,0,0,2
1299307,1,2022,2022,1,0,11,76,24,164,154,0,1,10,-33.724217,150.888979,7,0,2,1,3,0,3,4,0,2,7,70,1,1669,1669,3,5,0,2,0,0,0,1
1299308,1,2022,2022,5,6,7,30,27,30,41,0,1,10,-33.985272,151.143823,4,0,2,1,3,0,0,0,2,2,7,60,1,3775,3775,0,9,5,2,0,0,0,1
1299309,2,2022,2022,1,6,7,13,31,122,34609,0,1,10,-33.426937,151.341858,16,2,2,1,3,0,0,0,2,2,7,40,0,9859,9859,8,19,40,1,0,0,1,0
1299310,4,2022,2022,8,4,7,135,17,65,136,0,1,1,-36.069302,146.97135,0,2,1,0,0,0,0,0,2,0,7,80,2,1669,1669,3,10,13,2,0,2,0,0
1299311,2,2022,2022,8,6,8,7,31,70,34609,0,1,9,-34.844881,150.598837,63,2,1,1,0,0,3,4,0,0,0,60,0,926,926,4,0,13,2,0,0,2,0
1299320,2,2022,2022,0,3,7,2261,17,201,2252,0,1,3,-33.996794,150.847353,13,0,2,1,0,0,0,0,2,0,7,110,2,475,475,5,21,40,1,0,0,1,0
1299321,1,2022,2022,1,2,7,2209,17,106,2205,0,1,7,-34.573741,150.821173,62,0,2,0,1,0,0,0,2,2,7,60,2,14295,14295,3,5,0,2,0,0,0,1
1299323,4,2022,2022,5,3,8,9,31,67,34609,1,0,1,-33.889746,151.009744,15,0,2,1,0,0,0,0,2,0,7,50,0,1391,1391,1,0,19,2,0,1,1,0
1299324,1,2022,2022,1,1,6,55,27,64,117,0,1,2,-32.947593,151.684845,48,0,2,1,1,0,0,0,2,0,7,70,2,14295,14295,3,5,5,4,0,0,0,1
1299325,4,2022,2022,5,1,6,112,27,96,256,0,1,2,-34.047208,150.828897,13,0,2,0,0,0,0,0,2,0,7,60,2,4552,5151,8,10,40,1,0,1,0,0
1299326,4,2022,2022,1,2,8,1,1,41,34609,1,0,9,-33.783875,151.261843,50,0,2,1,1,0,0,0,3,0,7,50,0,2852,2852,4,30,19,2,0,1,0,0
1299327,1,2022,2022,1,5,6,78,27,284,61,0,1,1,-33.906889,151.020518,15,0,2,1,1,0,3,4,2,0,7,60,1,340,340,9,5,28,2,0,0,0,1
1299328,2,2022,2022,1,1,6,234,27,337,217,1,0,1,-33.731881,151.01459,71,0,2,0,1,0,0,0,2,0,7,60,2,14295,14295,3,5,5,2,0,0,1,0
1299332,4,2022,2022,1,0,4,86,27,8,42,0,1,1,-31.015657,152.724889,34,1,0,1,0,0,2,6,2,0,7,100,1,9859,9859,8,0,40,1,0,1,0,0
1299336,4,2022,2022,6,3,2,205,27,147,415,0,1,2,-33.744976,151.150022,36,0,2,1,2,0,0,0,0,0,7,70,2,9859,9859,8,5,40,1,0,1,0,0
1299337,1,2022,2022,1,2,8,26,31,71,34609,0,1,7,-33.766515,150.698832,55,0,2,1,1,0,0,0,2,0,0,50,0,6545,6545,4,5,5,2,0,0,0,1
1299338,4,2022,2022,8,2,2,100,27,109,799,0,1,9,-33.901639,151.144674,32,0,2,1,2,0,0,0,0,0,7,60,2,3775,3775,0,5,40,2,0,1,1,0
1299340,4,2022,2022,1,3,7,2261,17,140,2252,0,1,2,-33.896782,150.991837,15,0,2,1,1,0,0,0,2,0,7,70,2,9859,9859,8,9,40,1,0,1,0,1
1299341,1,2022,2022,1,1,9,44,31,41,605,0,1,2,-33.785595,151.266847,50,0,2,1,2,0,0,0,0,0,7,60,2,1981,1981,4,33,27,2,0,0,0,1
1299344,4,2022,2022,5,2,4,330,1,144,34609,0,1,10,-34.060225,151.007943,68,0,2,1,0,0,3,4,2,0,15,50,0,6545,6545,4,5,19,2,0,1,0,0
1299347,1,2022,2022,1,5,5,92,31,363,34609,0,1,1,-33.753905,150.698872,55,0,2,1,1,0,0,0,2,0,7,40,0,312,312,2,5,40,1,0,0,0,1
1299348,4,2022,2022,1,3,6,13,27,8,212,0,1,2,-33.780619,151.195888,36,0,2,0,0,0,0,0,2,0,7,60,2,14295,14295,3,5,5,3,0,1,0,0
1299349,4,2022,2022,1,6,8,12,27,148,34609,0,1,7,-36.042997,146.934513,0,2,1,1,1,0,0,0,2,0,0,50,0,6545,6545,4,0,36,2,0,1,1,0
1299352,1,2022,2022,6,3,2,5,10,39,34609,0,1,1,-29.419989,153.328386,18,2,1,0,2,0,0,0,0,0,7,50,0,4552,5151,8,10,40,1,0,0,0,1
1299353,4,2022,2022,5,6,10,2126,17,80,2149,0,1,10,-33.88786,151.167733,32,0,2,1,2,0,3,4,0,2,7,60,2,1220,1220,9,10,28,2,0,1,0,0
1299354,4,2022,2022,5,3,5,78,23,30,34,0,1,9,-34.220962,150.557709,79,1,2,1,0,0,0,0,2,0,7,100,1,323,323,1,16,5,2,0,2,1,0
1299355,1,2022,2022,1,2,10,387,27,12,34609,0,1,1,-33.971299,151.048944,25,0,2,1,2,0,0,0,0,0,7,50,0,368,368,9,33,28,2,0,0,0,1
1299358,4,2022,2022,5,0,6,2,27,3,3,0,1,1,-30.872359,147.858312,51,1,0,1,1,2,0,0,2,0,7,100,1,1945,1945,5,16,40,1,0,1,0,0
1299359,1,2022,2022,1,0,3,10,31,129,34609,0,1,7,-33.895626,151.09389,9,0,2,1,3,0,0,0,1,0,0,50,0,301,301,4,5,5,2,0,0,0,1
1299360,4,2022,2022,1,1,7,2126,17,346,2149,0,1,9,-33.866978,151.095154,14,0,2,1,1,0,0,0,2,2,7,60,2,5929,5929,1,8,19,2,0,1,1,0
1299364,2,2022,2022,6,4,2,40,31,84,34609,1,0,1,-31.092792,150.917506,70,2,1,1,3,0,2,6,0,0,7,50,0,9859,9859,1,5,0,2,0,0,1,0
1299366,4,2022,2022,6,5,3,3371,17,27,3342,0,1,2,-30.143631,153.192693,19,1,0,1,0,0,0,0,2,0,7,110,2,9859,9859,1,0,2,2,0,1,0,0
1299368,2,2022,2022,6,2,0,85,27,53,145,1,0,2,-33.803363,151.032232,54,0,2,1,2,0,0,0,0,0,7,60,2,9859,9859,8,10,40,1,0,0,1,0
1299371,2,2022,2022,5,4,3,133,31,161,51,0,1,10,-33.884116,151.151939,32,0,2,1,1,0,0,3,2,2,7,50,1,6545,6545,4,5,0,2,0,0,1,0
1299373,4,2022,2022,6,3,9,12,31,137,34609,0,1,10,-33.912297,151.203652,69,0,2,1,2,0,3,4,0,0,15,40,0,6545,6545,4,16,5,2,0,1,0,0
1299374,4,2022,2022,5,2,4,163,27,24,165,0,1,2,-33.737282,150.84038,7,0,2,1,1,0,0,0,2,0,7,60,1,1282,1282,1,29,0,2,0,1,0,0
1299376,2,2022,2022,1,6,5,50,27,166,799,0,1,9,-33.898696,151.174884,32,0,2,1,3,0,0,0,2,0,7,40,2,2040,2040,9,5,28,3,0,0,1,1
1299377,2,2022,2022,1,0,6,47,27,234,34609,0,1,10,-34.295013,146.021805,28,2,1,1,3,0,0,0,2,0,0,50,0,6545,6545,4,0,13,2,0,0,1,0
1299378,1,2022,2022,1,2,9,196,10,70,168,0,1,9,-33.907017,150.982049,15,0,2,0,3,0,0,0,2,0,7,60,2,623,623,3,30,5,2,0,0,0,1
1299380,1,2022,2022,1,1,8,3371,17,69,3342,1,0,9,-32.932125,151.752874,48,0,2,1,3,0,0,0,2,0,7,60,2,1391,1391,1,5,5,2,0,0,0,1
1299382,4,2022,2022,5,5,5,361,31,176,33,0,1,1,-33.963997,151.13181,4,0,2,1,0,0,0,0,2,0,7,50,1,941,941,1,5,5,3,0,1,0,0
1299392,2,2022,2022,1,6,4,2126,17,90,2149,0,1,1,-33.699598,150.290672,8,2,2,1,1,0,0,0,2,0,7,70,2,14295,14295,3,5,0,2,0,0,1,0
1299393,1,2022,2022,1,5,3,95,31,224,34609,1,0,1,-33.834169,151.242096,45,0,2,1,3,0,3,3,1,0,7,50,0,1109,787,1,5,27,2,0,0,0,1
1299394,1,2022,2022,1,1,6,6,27,21,34609,0,1,1,-33.876805,150.905384,24,0,2,1,3,0,0,0,2,0,7,50,0,9859,9859,1,5,5,2,0,0,0,1
1299395,2,2022,2022,1,0,8,2261,17,64,2252,1,2,2,-33.886693,151.071474,67,0,2,1,3,0,0,0,2,0,7,40,2,14295,14295,3,5,36,3,0,0,1,0
1299399,2,2022,2022,1,6,3,78,17,39,75,0,1,2,-33.844572,151.211512,49,0,2,1,1,0,0,0,2,0,7,70,2,14295,14295,3,5,5,3,0,0,2,0
1299401,4,2022,2022,1,0,1,3371,17,44,3342,0,1,2,-30.582291,153.002446,47,1,0,1,0,0,0,0,0,0,7,110,2,14295,14295,3,3,12,2,0,1,0,0
1299403,1,2022,2022,1,2,9,294,17,6,288,0,1,1,-34.400084,142.432195,51,1,0,1,0,0,0,0,0,0,7,110,2,3775,3775,0,10,5,2,0,0,0,2
1299410,4,2022,2022,1,3,5,3371,17,207,3342,0,1,1,-33.56469,151.191027,31,0,2,0,0,0,0,0,2,0,7,80,2,3775,3775,0,16,19,2,0,1,0,0
1299412,4,2022,2022,1,3,9,1,1,109,34609,0,1,7,-33.959685,150.85408,41,0,2,1,2,0,0,0,0,0,0,50,0,6545,6545,4,10,0,3,0,1,0,0
1299413,4,2022,2022,8,5,7,9,27,224,34,0,1,9,-33.833139,151.229302,45,0,2,1,3,0,0,0,2,0,7,50,1,2040,2040,9,19,28,2,0,1,0,0
1299414,1,2022,2022,6,2,5,24,27,165,34609,0,1,1,-32.232806,150.920921,46,2,1,1,1,0,3,0,2,0,7,50,0,1945,1945,5,16,40,1,0,0,0,1
1299417,2,2022,2022,1,5,8,283,27,197,702,1,0,2,-33.947535,151.078992,25,0,2,0,1,0,0,0,2,0,7,60,2,14295,14295,3,5,5,2,0,0,1,0
1299419,2,2022,2022,5,6,6,46,27,173,115,0,1,1,-33.708317,151.117183,31,0,2,1,1,0,0,0,2,0,7,60,1,3775,3775,0,0,0,3,0,0,1,0
1299422,4,2022,2022,8,0,7,80,27,316,50,1,0,10,-33.912782,151.239402,59,0,2,1,0,0,0,0,2,2,9,60,2,2040,2040,9,0,28,2,0,1,0,0
1299424,4,2022,2022,1,4,6,2,31,609,34609,0,1,1,-33.790616,150.903404,7,0,2,1,1,0,0,0,2,0,7,50,0,1669,1669,3,16,5,2,0,1,0,0
1299427,2,2022,2022,5,2,7,7,25,251,34609,0,1,10,-33.784165,150.925835,7,0,2,0,1,0,0,0,2,2,7,50,0,6545,6545,4,5,5,2,0,0,1,0
1299429,1,2022,2022,6,2,4,330,23,293,112,0,1,2,-33.940473,151.238845,59,0,2,1,1,0,0,0,2,0,7,50,2,2040,2040,9,0,28,2,0,0,0,1
1299430,2,2022,2022,1,5,4,3,27,51,34609,0,1,9,-34.474349,150.790518,80,0,2,1,0,0,0,0,2,0,7,80,0,1669,1669,3,0,5,2,0,0,1,0
1299434,4,2022,2022,5,1,6,1,31,64,34609,0,1,1,-32.946291,151.696444,48,0,2,0,1,0,0,0,2,0,7,50,0,4552,5151,1,5,0,2,0,1,0,0
1299436,4,2022,2022,1,5,11,3,18,121,34609,0,1,1,-33.796106,151.287188,50,0,2,1,2,0,0,0,0,0,7,10,0,368,368,9,0,28,2,0,1,0,0
1299437,4,2022,2022,1,4,8,46,27,109,39,0,1,9,-33.904454,151.143549,32,0,2,1,2,0,0,0,3,0,7,40,1,14295,14295,3,5,5,4,0,1,1,0
1299439,4,2022,2022,5,4,4,512,17,30,441,0,1,1,-30.143006,145.980783,51,1,0,0,0,0,0,0,2,0,7,110,2,1957,4009,8,0,40,1,0,1,0,0
1299440,2,2022,2022,1,3,7,2126,17,75,2149,1,0,1,-33.709476,150.371163,8,2,2,1,0,0,0,0,2,0,7,60,2,1945,1945,5,15,40,1,0,0,1,0
1299443,2,2022,2022,1,5,3,4,31,445,34609,0,1,10,-33.865631,151.04718,21,0,2,1,1,0,0,0,2,0,7,40,0,6545,6545,4,5,5,2,0,0,1,0
1299446,2,2022,2022,5,3,6,234,27,112,217,0,1,9,-33.650823,151.020146,71,0,2,1,3,0,0,0,2,0,7,70,2,14295,14295,3,10,0,3,0,0,2,0
1299448,4,2022,2022,6,3,6,112,27,29,769,0,1,1,-33.541502,150.634996,29,2,2,0,0,0,0,0,2,0,7,60,2,1957,4009,8,16,40,1,0,1,0,0
1299449,2,2022,2022,1,1,5,1,18,3,34609,0,1,9,-28.92942,153.329712,39,1,0,1,0,0,0,0,2,0,7,100,0,489,489,8,0,40,1,0,0,1,0
1299452,4,2022,2022,5,1,4,37,31,108,34609,0,1,10,-33.765858,151.26826,50,0,2,1,0,0,0,0,2,2,7,50,0,5929,5929,1,9,5,2,0,1,0,0
1299453,4,2022,2022,8,5,6,1052,14,33,928,0,1,3,-33.651367,151.137893,31,0,2,1,0,0,0,0,2,0,7,110,2,1282,1282,1,29,5,2,0,1,0,0
1299455,2,2022,2022,5,0,3,95,27,42,605,0,1,1,-33.648084,151.327049,50,0,2,0,1,0,3,4,2,0,7,60,2,3775,3775,0,0,0,2,0,0,1,0
1299457,4,2022,2022,1,5,10,126,27,370,168,0,1,10,-34.068003,150.802406,13,0,2,1,2,0,0,0,0,2,7,60,2,5929,5929,1,0,0,2,0,1,0,0
1299458,2,2022,2022,8,3,9,232,36,64,331,0,1,1,-34.038686,150.741825,12,0,2,1,2,0,0,0,0,0,7,60,2,190,190,1,5,13,3,0,0,1,0
1299459,2,2022,2022,5,3,10,20,27,104,34609,0,1,1,-32.912265,151.716089,48,0,2,1,3,0,3,3,2,0,7,50,0,4026,4026,1,0,13,4,0,0,1,0
1299461,2,2022,2022,6,1,8,34,31,132,34609,0,1,10,-29.771062,151.113759,33,2,1,1,2,0,0,0,3,0,0,40,0,6545,6545,4,0,5,2,0,0,1,0
1299462,4,2022,2022,6,6,4,11,1,337,30,0,1,10,-33.73012,151.008624,71,0,2,1,1,0,0,0,2,2,7,60,2,5929,5929,1,9,13,2,0,1,1,0
1299463,4,2022,2022,5,3,7,9,27,23,34609,0,1,1,-34.630447,150.831033,62,0,2,0,1,0,0,0,2,0,7,80,0,418,714,5,16,40,1,0,1,0,0
1299466,1,2022,2022,1,4,6,14,27,25,34609,0,1,9,-34.48058,150.861713,80,0,2,1,3,0,0,0,2,0,0,50,0,941,941,1,5,5,2,0,0,0,1
1299473,2,2022,2022,1,1,9,55,36,155,95,0,1,1,-33.15389,148.42997,53,1,0,0,3,0,3,4,3,0,7,100,2,782,957,5,5,40,1,0,0,2,0
1299476,1,2022,2022,1,1,8,54,31,197,28,0,1,1,-33.953647,151.078099,25,0,2,1,3,0,0,0,0,0,7,50,1,941,941,1,5,19,2,0,0,0,1
1299479,1,2022,2022,1,1,6,4,31,283,34609,0,1,1,-33.826263,151.000798,54,0,2,1,3,0,0,0,2,0,7,50,0,387,387,1,5,13,2,0,0,0,1
1299480,2,2022,2022,11,0,7,21,27,96,34609,0,1,10,-33.376404,147.998581,51,2,1,1,3,0,0,0,2,0,0,50,0,6545,6545,4,0,22,2,0,0,1,0
1299481,2,2022,2022,1,6,4,3,27,294,34609,0,1,1,-33.936911,150.939081,41,0,2,1,3,0,0,0,2,0,7,50,0,1109,397,1,0,5,2,0,0,1,0
1299482,1,2022,2022,6,5,7,32,25,80,34609,0,1,10,-34.551315,146.406459,51,2,1,1,3,0,0,0,2,0,0,50,0,1669,1669,3,5,0,2,0,0,0,1
1299483,1,2022,2022,5,0,7,84,27,56,34609,0,1,9,-33.761187,150.785813,55,0,2,1,3,0,0,3,2,0,7,50,0,926,926,4,5,0,2,0,0,0,1
1299484,2,2022,2022,1,6,10,169,31,108,57,0,1,10,-28.866439,153.550512,2,2,1,1,3,0,0,0,0,0,0,60,1,5929,5929,1,5,0,2,0,0,1,0
1299485,1,2022,2022,1,0,9,147,27,104,605,0,1,10,-33.830405,151.219489,49,0,2,1,3,0,0,3,3,2,7,60,2,14295,14295,3,19,5,2,0,0,0,1
1299488,4,2022,2022,8,4,7,18,31,273,34609,0,1,10,-34.426044,150.892832,80,0,2,1,3,0,3,4,2,2,7,50,0,6545,6545,4,19,5,2,0,1,0,0
1299489,1,2022,2022,5,3,5,26,31,609,34609,0,1,9,-33.77144,150.905877,7,0,2,1,3,0,0,0,2,2,7,40,0,14295,14295,3,5,5,2,0,0,0,1
1299491,1,2022,2022,1,1,5,106,27,76,106,0,1,1,-33.926213,150.855414,41,0,2,1,3,0,0,0,2,0,7,70,2,1391,1391,1,5,5,2,0,0,0,1
1299492,1,2022,2022,6,5,3,12,1,150,34609,0,1,9,-33.921234,151.223153,59,0,2,1,1,0,3,4,2,0,7,50,0,387,387,1,22,5,2,0,0,0,1
1299493,4,2022,2022,5,1,5,1,22,9,34609,0,1,1,-33.444487,149.560964,3,2,1,0,0,0,2,6,2,0,7,60,0,3775,3775,0,16,0,2,0,1,0,0
1299494,2,2022,2022,1,0,8,134,10,69,133,0,1,9,-33.823995,151.021302,54,0,2,1,1,0,0,0,2,2,7,70,2,591,591,1,17,13,2,0,0,1,0
1299495,1,2022,2022,6,4,8,481,17,96,483,0,1,1,-33.480218,147.836186,51,2,1,1,0,0,0,0,2,0,7,80,2,3775,3775,0,0,2,3,0,0,0,1
1299496,2,2022,2022,6,2,9,74,27,120,18,0,1,7,-33.773654,150.880066,7,0,2,1,2,0,0,0,0,0,0,60,1,1945,1945,5,16,40,1,0,0,1,0
1299497,4,2022,2022,5,3,3,54,31,91,331,1,0,10,-33.963272,151.086683,25,0,2,1,1,0,0,0,2,2,7,50,2,9859,9859,8,30,40,2,0,1,0,0
1299498,4,2022,2022,1,0,3,12,27,35,103,0,1,1,-32.097087,152.370885,43,2,1,0,0,0,3,4,0,0,7,60,1,4552,5151,8,10,40,1,0,1,0,0
1299502,2,2022,2022,6,1,9,1052,14,118,928,0,1,3,-33.423914,151.284673,16,1,2,1,3,0,0,0,0,0,7,110,2,14295,14295,3,5,0,4,0,0,2,0
1299504,1,2022,2022,5,3,2,9,25,84,34609,0,1,1,-31.093162,150.915038,70,2,1,1,2,0,0,0,0,0,7,50,0,9859,9859,8,34,40,1,0,0,0,1
1299505,4,2022,2022,1,6,7,43,27,90,46,0,1,1,-28.256146,153.559743,72,2,1,1,1,0,0,0,2,0,7,80,1,3775,3775,0,10,13,2,0,1,0,1