Crash ID,Degree of crash - detailed,Reporting year,Year of crash,Month of crash,Day of week of crash,Two-hour intervals,Street of crash,Street type,Town,Route no.,School zone location,School zone active,Type of location,Latitude,Longitude,LGA,Urbanisation,Conurbation 1,Alignment,Street lighting,Road surface,Surface condition,Weather,Natural lighting,Signals operation,Other traffic control,Speed limit,Road classification,RUM - code,DCA - code,First impact type,Key TU type,Other TU type,No. of traffic units involved,No. killed,No. seriously injured,No. moderately injured,No. minor-other injured
1299512,2,2022,2022,1,4,8,8,18,113,34609,0,1,1,-29.466841,149.84102,51,2,1,0,1,0,0,0,2,0,7,50,0,3775,3775,0,10,27,2,0,0,1,0
1299513,2,2022,2022,1,6,3,35,27,31,49,0,1,9,-31.119951,150.890451,70,2,1,1,0,0,0,0,2,0,15,80,1,14295,14295,3,29,13,4,0,0,3,0
1299515,4,2022,2022,5,0,6,23,27,337,34609,0,1,9,-33.737949,151.014434,71,0,2,1,1,0,0,0,2,0,7,50,0,14295,14295,3,5,0,2,0,2,0,0
1299517,2,2022,2022,1,6,2,348,17,24,232,0,1,1,-33.401596,150.093712,40,1,0,0,0,0,1,5,0,0,7,100,2,4552,5151,8,10,40,1,0,0,1,0
1299519,4,2022,2022,1,5,7,1,31,290,34609,0,1,9,-33.852524,150.978622,21,0,2,1,1,0,3,4,2,0,7,50,0,941,941,1,5,0,2,0,1,0,0
1299520,2,2022,2022,8,3,7,1,31,31,34609,0,1,1,-30.952753,148.393342,51,2,1,1,1,0,0,0,2,0,7,50,0,1089,1089,7,16,40,1,0,0,1,0
1299522,2,2022,2022,6,0,6,168,10,387,260,0,1,10,-33.933899,151.192024,4,0,2,1,1,0,0,0,2,2,7,70,2,775,775,4,5,5,2,0,0,1,0
1299523,2,2022,2022,1,3,4,177,31,314,208,0,1,7,-33.860454,150.927899,24,0,2,0,3,0,0,0,2,0,0,60,1,150,150,4,5,5,2,0,0,1,0
1299527,4,2022,2022,6,3,4,2209,17,6,2205,0,1,1,-37.261563,149.811666,5,1,0,0,0,0,0,0,2,0,7,100,2,1850,1463,5,16,40,1,0,1,0,0
1299528,2,2022,2022,6,6,4,2126,17,75,2149,0,1,9,-33.708581,150.35089,8,2,2,1,1,0,0,0,2,0,15,80,2,775,775,4,5,0,2,0,0,1,0
1299532,1,2022,2022,1,6,7,387,27,115,331,0,1,10,-33.961386,151.05806,25,0,2,1,3,0,0,0,2,2,7,60,2,14295,14295,3,0,5,2,0,0,0,1
1299535,2,2022,2022,1,1,2,11,1,29,13,0,1,1,-33.752088,150.794617,7,0,2,0,3,0,0,0,1,0,7,50,1,3775,3775,0,0,0,2,0,0,1,0
1299537,2,2022,2022,1,3,10,63,31,226,34609,0,1,1,-33.776171,150.824053,7,0,2,1,3,0,0,0,0,0,7,50,0,9859,9859,1,30,5,3,0,0,1,0
1299540,1,2022,2022,1,3,11,196,10,115,168,0,1,2,-33.961084,151.051016,25,0,2,1,3,0,0,0,0,0,7,60,2,9859,9859,1,5,5,3,0,0,0,1
1299541,2,2022,2022,1,1,5,56,27,251,11,0,1,2,-33.767573,150.944042,7,0,2,1,3,0,0,0,2,0,7,60,2,1192,1192,1,5,10,2,0,0,1,0
1299542,2,2022,2022,5,0,8,3371,17,92,3342,0,1,7,-33.409012,151.350113,16,2,2,0,2,0,0,0,0,0,0,60,2,5929,5929,1,15,0,2,0,0,1,0
1299543,1,2022,2022,5,0,9,18,1,112,34609,0,1,9,-33.906224,151.211384,69,0,2,1,2,0,0,0,0,0,7,40,0,186,186,9,22,28,2,0,0,0,2
1299548,2,2022,2022,5,0,11,41,27,137,80,0,1,7,-32.970119,151.688888,37,0,2,1,2,0,0,0,0,0,0,60,1,2585,777,8,9,40,1,0,0,1,0
1299549,2,2022,2022,5,3,7,49,31,83,65,0,1,9,-29.708123,152.939571,18,2,1,1,0,0,0,0,2,0,0,50,1,2852,2852,4,5,41,2,0,0,1,0
1299550,4,2022,2022,5,4,7,330,1,39,34609,0,1,1,-34.036558,150.758987,12,0,2,1,0,0,0,0,2,0,7,60,0,9859,9859,8,16,40,1,0,1,0,0
1299552,4,2022,2022,5,0,10,46,31,71,34609,0,1,1,-33.767247,150.704377,55,0,2,1,2,0,0,0,0,0,7,50,0,4026,4026,8,5,40,1,0,1,0,0
1299556,2,2022,2022,1,2,5,132,31,45,126,0,1,9,-33.888462,151.197672,69,0,2,1,0,0,0,0,2,0,0,50,2,5929,5929,1,0,19,2,0,0,1,0
1299559,2,2022,2022,6,1,8,2,27,132,34609,0,1,1,-29.777466,151.075648,33,2,1,0,0,0,3,0,3,0,7,50,0,1259,5151,8,5,40,1,0,0,1,0
1299560,4,2022,2022,6,5,3,47,27,293,69,0,1,1,-33.940719,151.232865,59,0,2,1,1,0,0,0,2,0,7,50,1,1981,1981,4,5,19,3,0,1,0,0
1299562,2,2022,2022,8,3,5,916,17,16,917,0,1,1,-31.525222,150.845004,51,1,0,1,0,0,0,0,2,0,7,100,2,9859,9859,8,0,40,1,0,0,1,0
1299564,4,2022,2022,6,3,7,171,31,363,34609,0,1,10,-33.818371,151.000545,54,0,2,1,1,0,0,0,2,2,7,40,0,2040,2040,9,5,28,2,0,1,0,0
1299566,4,2022,2022,1,2,5,82,27,5,34,0,1,9,-28.576429,153.126087,51,1,0,0,0,0,0,0,2,0,7,100,1,4552,5151,8,16,40,1,0,1,0,0
1299568,2,2022,2022,5,0,3,19,1,59,34609,0,1,7,-33.978069,150.857864,13,0,2,0,1,0,3,4,2,0,0,60,0,6545,6545,4,5,0,2,0,0,1,0
1299570,4,2022,2022,1,2,9,133,31,90,56,0,1,9,-33.885728,151.239345,81,0,2,1,2,0,0,0,0,0,0,50,1,2852,2852,4,0,5,4,0,1,0,0
1299573,1,2022,2022,1,5,4,73,24,17,88,0,1,1,-33.73876,151.244724,50,0,2,1,1,0,0,0,2,0,7,80,2,1282,1282,1,16,18,2,0,0,0,2
1299574,2,2022,2022,1,3,3,169,31,42,34609,0,1,10,-36.018241,146.376975,51,2,1,1,1,0,3,1,1,0,7,50,0,4026,4026,8,30,40,1,0,0,1,0
1299577,2,2022,2022,1,5,3,29,31,252,233,0,1,2,-33.884375,151.217734,69,0,2,1,2,0,3,0,0,0,7,60,2,3775,3775,0,8,5,3,0,0,1,0
1299580,2,2022,2022,1,2,5,1052,27,219,262,0,1,10,-32.903727,151.682903,48,0,2,1,0,0,0,0,2,2,7,60,2,1192,1192,1,0,0,2,0,0,1,0
1299581,2,2022,2022,1,0,5,916,17,104,917,0,1,2,-32.816802,151.678504,48,0,2,1,0,0,0,0,2,0,7,80,2,14295,14295,3,5,5,3,0,0,1,0
1299584,4,2022,2022,1,1,5,3371,17,31,3342,0,1,9,-30.336114,153.079836,19,2,1,1,1,0,0,0,2,0,15,60,2,256,256,4,10,36,2,0,1,1,0
1299585,2,2022,2022,5,0,11,1052,14,87,928,0,1,3,-33.037091,151.474294,37,0,2,0,0,0,0,0,0,0,7,110,2,204,204,1,34,5,2,0,0,1,1
1299587,2,2022,2022,1,3,4,6,31,134,34609,0,1,10,-33.684481,150.87787,7,0,2,1,1,0,2,0,2,0,15,50,0,6545,6545,4,0,22,2,0,0,2,0
1299588,2,2022,2022,1,3,3,11,31,228,143,1,0,7,-34.750156,149.719245,26,2,1,1,2,0,3,3,1,0,0,50,2,6545,6545,4,22,13,2,0,0,1,0
1299592,4,2022,2022,5,3,11,866,17,94,793,1,0,10,-33.88364,150.923766,24,0,2,1,2,0,0,0,0,2,7,70,2,6545,6545,4,5,5,2,0,1,0,0
1299593,2,2022,2022,5,2,10,2261,17,523,2252,0,1,9,-33.915222,150.920686,41,0,2,1,2,0,3,3,0,2,7,60,2,14295,14295,3,5,0,2,0,0,1,0
1299597,4,2022,2022,1,6,6,1,27,10,34609,0,1,1,-34.932825,150.773046,63,2,1,1,0,0,0,0,2,0,7,50,0,9859,9859,8,10,40,1,0,1,0,0
1299598,1,2022,2022,1,0,7,44,31,41,605,1,2,9,-33.782897,151.267543,50,0,2,1,0,0,0,3,2,2,7,40,2,14295,14295,3,9,5,3,0,0,0,3
1299599,2,2022,2022,1,3,8,24,27,106,41,0,1,1,-28.883168,153.085006,60,1,0,0,0,0,0,0,2,0,7,100,1,1957,4009,8,10,40,1,0,0,2,0
1299600,2,2022,2022,1,4,2,4,10,1,34609,0,1,1,-33.841587,151.112281,14,0,2,1,0,0,0,0,0,0,7,50,0,9859,9859,1,0,5,3,0,0,1,0
1299602,2,2022,2022,5,6,6,3371,17,92,3342,0,1,2,-33.399522,151.347308,16,2,2,1,1,0,0,0,2,0,7,60,2,9859,9859,1,34,12,3,0,0,3,0
1299609,2,2022,2022,5,1,8,229,14,110,237,0,1,3,-33.76422,151.014796,71,0,2,1,3,0,0,0,2,0,7,100,2,1383,1383,1,29,5,2,0,0,1,0
1299613,4,2022,2022,1,1,7,87,31,56,34609,0,1,10,-31.091284,152.826885,34,2,1,1,1,0,0,3,2,0,0,50,0,6545,6545,4,16,13,2,0,1,1,0
1299616,2,2022,2022,4,2,6,3,31,39,34609,0,1,9,-32.731297,152.082251,57,2,1,1,0,0,2,6,2,0,7,50,0,1945,1945,5,22,40,1,0,0,1,0
1299620,2,2022,2022,6,4,4,829,27,157,770,0,1,10,-33.809095,151.00956,54,0,2,1,1,0,0,0,2,0,15,60,2,1220,1220,9,5,28,2,0,0,1,0
1299621,2,2022,2022,5,3,6,3,27,13,34609,0,1,1,-33.39643,149.044659,11,1,0,0,3,0,3,4,2,0,7,100,0,380,714,5,10,40,1,0,0,1,0
1299624,1,2022,2022,1,5,5,17,31,136,32,0,1,9,-33.919853,151.071274,15,0,2,1,3,0,0,0,2,0,7,50,1,1391,1391,1,10,5,2,0,0,0,1
1299625,1,2022,2022,1,3,7,866,31,182,34609,0,1,10,-32.837596,151.356873,17,2,1,1,3,0,0,0,2,0,15,50,0,6545,6545,4,0,0,2,0,0,0,1
1299627,2,2022,2022,5,2,9,127,27,135,103,0,1,9,-32.904463,151.745717,48,0,2,1,2,0,3,3,0,2,7,60,1,5929,5929,1,5,0,2,0,0,1,0
1299628,2,2022,2022,1,3,5,177,22,210,176,0,1,10,-34.034144,151.102334,68,0,2,1,3,0,0,0,2,2,7,60,2,623,623,3,10,0,2,0,0,1,0
1299629,1,2022,2022,1,0,7,9,27,108,34609,0,1,1,-33.814046,151.185589,77,0,2,1,3,0,0,0,2,0,15,50,0,14295,14295,3,0,5,2,0,0,0,1
1299631,1,2022,2022,11,3,6,133,17,55,121,0,1,1,-36.229756,149.134646,65,2,1,1,3,0,0,0,2,0,7,50,2,14295,14295,3,10,5,3,0,0,0,1
1299632,1,2022,2022,5,5,8,104,27,387,140,0,1,2,-33.920324,151.188189,4,0,2,1,3,0,0,0,3,0,7,60,2,14295,14295,3,5,0,3,0,0,0,2
1299633,1,2022,2022,1,4,6,16,27,56,34609,1,0,9,-33.802533,151.203512,77,0,2,1,3,0,0,0,2,0,7,50,0,14295,14295,3,10,12,2,0,0,0,1
1299634,2,2022,2022,11,4,8,229,14,323,237,0,1,3,-33.771853,150.98251,71,0,2,1,3,0,0,0,2,0,7,100,2,1282,1282,1,21,22,3,0,0,1,1
1299636,2,2022,2022,1,2,6,1,25,91,34609,0,1,9,-33.989941,150.896927,13,0,2,1,1,0,0,0,2,0,7,50,0,1945,1945,5,16,40,1,0,0,1,0
1299638,2,2022,2022,1,3,4,69,31,646,563,0,1,9,-33.916468,151.041251,15,0,2,1,3,0,0,0,2,2,7,60,2,1981,1981,4,5,0,2,0,0,1,0
1299645,4,2022,2022,5,2,7,36,31,363,34609,0,1,9,-33.822374,151.005039,54,0,2,1,2,0,0,0,2,0,7,50,0,6545,6545,4,5,5,2,0,1,0,0
1299647,1,2022,2022,1,1,7,48,27,10,26,0,1,1,-35.072436,149.6539,26,1,0,1,0,0,0,0,2,0,7,100,2,4026,4026,8,0,40,1,0,0,0,1
1299648,2,2022,2022,1,6,9,2261,17,443,2252,0,1,9,-33.886205,151.065827,67,0,2,1,2,0,0,0,0,2,7,60,2,5929,5929,1,0,5,2,0,0,1,0
1299653,4,2022,2022,1,0,4,9,27,6,103,0,1,1,-28.545414,153.187414,39,2,1,0,0,0,0,0,2,0,7,80,1,1981,1981,4,22,19,2,0,1,0,0
1299658,4,2022,2022,5,1,8,78,27,31,61,0,1,9,-33.89399,151.021606,15,0,2,1,2,0,0,0,3,0,0,60,1,9859,9859,1,5,12,3,0,1,0,0
1299665,2,2022,2022,5,2,4,11,27,247,34609,0,1,9,-33.818214,150.954771,21,0,2,1,3,0,3,4,2,0,7,50,0,6545,6545,4,5,5,2,0,0,2,0
1299668,4,2022,2022,1,3,7,104,27,246,140,0,1,1,-33.92117,151.194323,4,0,2,1,1,0,0,0,2,0,7,60,2,1220,1220,9,5,28,3,0,1,0,1
1299670,4,2022,2022,11,4,8,37,31,91,34609,0,1,1,-33.959809,151.087617,25,0,2,1,1,0,0,0,3,0,7,50,0,1220,1220,9,5,28,2,0,1,1,0
1299675,4,2022,2022,6,3,7,204,31,41,82,0,1,7,-35.126613,147.354418,75,2,1,1,1,0,0,0,2,0,0,60,1,6545,6545,4,5,18,2,0,1,0,0
1299676,2,2022,2022,1,1,8,4,31,284,34609,0,1,10,-33.907951,151.011765,15,0,2,1,2,0,0,0,3,0,0,50,0,6545,6545,4,5,0,2,0,0,1,0
1299678,4,2022,2022,5,6,7,178,27,70,48,0,1,1,-32.729737,151.552603,42,2,1,1,1,0,0,3,2,0,7,50,1,14295,14295,3,30,0,4,0,1,1,0
1299680,2,2022,2022,1,6,4,45,27,110,45,0,1,1,-33.744202,151.047785,71,0,2,0,1,0,0,0,2,0,7,60,2,1850,1463,5,16,40,1,0,0,1,0
1299682,4,2022,2022,11,6,4,137,31,65,18,0,1,9,-32.926908,151.772938,48,0,2,1,1,0,0,0,2,2,9,40,2,2040,2040,9,5,28,2,0,1,0,0
1299685,2,2022,2022,11,4,4,43,31,11,34609,0,1,10,-30.747743,150.720249,70,2,1,1,1,0,0,0,2,0,0,50,0,6545,6545,4,30,13,2,0,0,3,0
1299690,2,2022,2022,11,3,11,35,27,100,34609,0,1,9,-33.89505,150.881851,24,0,2,1,2,0,0,0,0,0,7,60,0,1220,1220,9,5,28,2,0,0,1,0
1299693,2,2022,2022,1,3,7,8,27,4,34609,0,1,1,-31.92697,152.40399,43,2,1,1,0,0,0,0,2,0,7,80,0,3775,3775,0,0,13,2,0,0,1,0
1299695,2,2022,2022,5,4,5,6,31,609,34609,0,1,10,-33.76896,150.900873,7,0,2,1,3,0,3,3,2,0,0,50,0,6545,6545,4,30,0,2,0,0,2,0
1299696,2,2022,2022,1,6,6,171,1,387,104,0,1,10,-33.934378,151.195862,4,0,2,1,2,0,0,0,2,0,7,60,2,1669,1669,3,5,0,2,0,0,1,0
1299699,2,2022,2022,6,4,7,98,27,128,382,0,1,1,-33.634343,150.779538,29,2,2,1,1,0,0,0,2,0,7,80,2,945,945,5,9,40,1,0,0,1,0
1299700,1,2022,2022,1,2,4,2209,17,29,2205,0,1,1,-35.323618,150.443327,63,2,1,0,0,0,0,0,2,0,7,60,2,14295,14295,3,0,41,2,0,0,0,2
1299701,1,2022,2022,5,2,6,42,27,52,34609,0,1,1,-33.902997,151.260893,76,0,2,1,3,0,0,0,2,0,7,50,0,214,214,9,0,28,2,0,0,0,1
1299708,4,2022,2022,1,1,3,25,27,147,94,0,1,1,-33.883718,151.00619,15,0,2,1,0,0,0,0,2,0,7,60,1,1192,1192,1,0,19,2,0,1,0,0
1299711,1,2022,2022,1,1,10,2,27,6,34609,0,1,1,-28.922649,153.4701,2,2,1,0,0,0,0,0,0,0,7,80,0,1850,1463,5,10,40,1,0,0,0,1
1299714,1,2022,2022,6,2,6,26,31,161,34609,0,1,10,-33.882906,151.156948,32,0,2,1,3,0,0,0,2,0,7,50,0,14295,14295,3,0,5,2,0,0,0,1
1299717,2,2022,2022,11,0,7,12,31,284,34609,0,1,10,-33.91045,151.013809,15,0,2,1,3,0,0,3,2,0,15,50,0,6545,6545,4,0,22,4,0,0,1,0
1299723,1,2022,2022,5,3,9,283,27,197,702,1,0,9,-33.94941,151.080924,25,0,2,1,3,0,0,0,3,2,7,60,2,14295,14295,3,29,5,2,0,0,0,1
1299727,1,2022,2022,11,5,4,1,31,218,34609,1,2,1,-33.773031,150.771913,55,0,2,1,3,0,0,0,2,0,9,40,0,14295,14295,3,10,0,2,0,0,0,1
1299729,2,2022,2022,1,3,0,3,7,293,34609,0,1,10,-33.948064,151.249016,59,0,2,1,2,0,3,4,0,0,15,50,0,6545,6545,4,9,12,2,0,0,1,0
1299730,1,2022,2022,1,6,8,2,10,57,34609,0,1,1,-33.441615,151.37582,16,2,2,1,1,0,0,0,2,0,7,50,0,4026,4026,1,5,0,2,0,0,0,1
1299731,4,2022,2022,6,4,8,90,36,49,102,0,1,1,-34.450884,147.587061,51,1,0,1,0,0,0,3,3,0,7,100,2,83,83,5,5,40,1,0,2,0,0
1299734,4,2022,2022,11,0,10,48,31,33,45,0,1,9,-33.417169,151.343855,16,2,2,1,2,0,0,0,0,0,0,60,1,9859,9859,1,10,5,3,0,1,0,0
1299735,1,2022,2022,1,3,1,205,27,161,415,0,1,10,-33.730158,151.160906,36,0,2,1,2,0,0,0,0,2,7,60,2,14295,14295,3,5,5,2,0,0,0,2
1299742,2,2022,2022,1,6,7,1,36,228,34609,0,1,1,-34.72724,149.713978,26,2,1,1,1,0,0,0,2,0,7,50,0,4026,4026,1,5,13,2,0,0,1,1
1299743,4,2022,2022,5,0,4,26,27,118,34609,0,1,1,-33.351037,151.292399,16,2,2,0,0,0,3,0,2,0,7,80,0,2585,4009,8,9,40,1,0,1,0,0
1299749,4,2022,2022,1,1,8,3371,17,58,3342,1,2,9,-33.760704,151.154822,36,0,2,1,0,0,3,4,2,3,7,40,2,5929,5929,1,10,19,2,0,1,0,0
1299750,4,2022,2022,1,0,5,44,31,23,34609,0,1,1,-34.578486,150.869582,62,0,2,1,1,0,0,0,2,0,7,40,0,1282,1282,1,5,0,4,0,1,0,0
1299752,4,2022,2022,5,0,8,110,27,113,48,0,1,2,-34.322784,150.88151,80,0,2,0,0,0,0,0,2,0,7,100,2,14295,14295,3,5,35,2,0,1,0,0
1299755,4,2022,2022,5,2,9,2,27,27,34609,0,1,9,-30.199365,153.145139,19,2,1,1,0,0,0,0,0,0,0,80,0,489,489,8,10,40,1,0,1,0,0
1299756,2,2022,2022,5,0,8,192,31,316,120,1,0,9,-33.924632,151.239589,59,0,2,1,2,0,3,4,0,0,7,50,2,2040,2040,9,33,28,2,0,0,1,0
1299760,4,2022,2022,11,3,6,13,27,9,34609,0,1,1,-30.985034,152.988814,34,2,1,1,0,0,0,0,2,0,7,80,0,9859,9859,8,30,40,1,0,1,0,0
1299761,4,2022,2022,5,3,8,334,17,6,308,0,1,1,-31.823557,147.730795,51,1,0,1,0,0,3,0,0,0,7,110,2,83,83,5,10,40,1,0,1,1,0
1299762,2,2022,2022,1,3,4,2126,17,62,2149,0,1,9,-33.757804,150.612191,8,2,2,1,1,0,0,0,2,0,15,80,2,2852,2852,4,5,13,2,0,0,1,0
1299763,4,2022,2022,5,0,5,2261,17,35,2252,0,1,2,-34.9612,148.156009,20,1,0,0,0,0,3,4,2,0,7,110,2,418,714,5,10,40,1,0,1,0,0
1299764,4,2022,2022,5,4,11,39,27,15,563,0,1,9,-33.891661,151.038822,15,0,2,1,2,0,0,0,0,3,7,80,2,14295,14295,3,30,18,3,0,1,0,0
1299765,1,2022,2022,5,2,4,117,27,78,144,1,0,10,-33.855598,151.091386,14,0,2,1,2,0,0,0,2,2,7,60,2,6545,6545,4,5,0,2,0,0,0,1
1299766,2,2022,2022,6,6,0,110,27,113,48,0,1,2,-34.320383,150.888593,80,0,2,0,0,0,0,0,0,0,7,100,2,14295,14295,3,10,2,2,0,0,1,0
1299767,2,2022,2022,5,0,8,12,1,134,34609,0,1,10,-33.892611,151.251835,76,0,2,1,3,0,3,4,2,2,7,50,0,5929,5929,1,30,0,2,0,0,1,0
1299768,2,2022,2022,5,5,7,133,17,9,121,0,1,1,-36.484077,149.261298,65,1,0,0,0,0,0,0,2,0,7,100,2,96,96,0,10,0,2,0,0,1,1
1299769,2,2022,2022,5,3,1,117,27,73,702,0,1,9,-33.825839,151.091981,14,0,2,1,2,0,3,4,0,2,7,70,2,9859,9859,8,9,40,1,0,0,1,0
1299773,4,2022,2022,6,1,10,21,27,43,34609,1,0,1,-33.557956,150.799413,29,2,2,1,0,0,0,0,0,0,7,60,0,4026,4026,1,5,36,2,0,1,0,0
1299774,4,2022,2022,5,3,5,54,27,72,563,0,1,2,-34.016969,151.009452,68,0,2,1,0,0,0,0,2,0,7,80,2,14295,14295,3,5,5,2,0,1,0,1
1299781,4,2022,2022,5,3,5,77,31,48,34609,0,1,10,-36.67698,149.842673,5,2,1,1,0,0,0,0,2,0,15,50,0,6545,6545,4,0,0,2,0,1,0,0
1299783,2,2022,2022,1,0,4,31,1,234,139,0,1,2,-34.288917,146.054453,28,2,1,1,1,0,0,0,2,0,7,50,2,144,144,1,0,0,2,0,0,1,0
1299786,2,2022,2022,1,3,0,10,31,532,34,0,1,10,-33.872805,151.205092,69,0,2,1,2,0,3,4,0,2,9,40,1,1220,1220,9,5,28,2,0,0,1,0
1299789,2,2022,2022,6,2,1,1052,14,207,928,0,1,3,-33.565318,151.192099,31,0,2,1,0,0,0,0,0,0,7,110,2,14295,14295,3,9,35,2,0,0,1,0
1299794,4,2022,2022,1,6,3,485,27,323,769,0,1,9,-33.769833,151.000473,54,0,2,0,1,0,0,0,2,0,7,60,2,1383,1383,1,10,19,2,0,1,0,0
1299795,1,2022,2022,1,6,9,177,31,314,208,0,1,10,-33.861977,150.93895,24,0,2,1,2,0,0,0,0,2,7,60,1,1192,1192,1,5,5,2,0,0,0,1
1299809,4,2022,2022,1,2,10,10,27,18,34609,0,1,1,-28.389392,153.400723,72,1,0,0,0,0,3,4,0,0,7,100,0,4552,5151,8,5,40,1,0,1,1,0
1299815,2,2022,2022,1,5,8,220,14,130,220,0,1,3,-34.458682,150.855,80,0,2,1,2,0,0,0,0,0,7,100,2,14295,14295,3,5,0,2,0,0,2,0
1299816,2,2022,2022,1,5,5,18,31,61,34609,0,1,10,-29.730112,151.729294,51,2,1,1,3,0,0,3,2,0,0,50,0,6545,6545,4,0,0,2,0,0,1,0
1299817,4,2022,2022,1,6,3,27,27,54,65,0,1,1,-33.695556,150.983179,71,0,2,1,0,0,0,0,2,0,7,60,1,14295,14295,3,6,5,3,0,1,0,0
1299818,4,2022,2022,1,1,7,69,13,121,34609,0,1,1,-33.799648,151.285157,50,0,2,1,1,0,0,0,2,0,7,30,0,2040,2040,9,0,28,2,0,1,0,0
1299820,4,2022,2022,1,6,1,4,27,5,34609,0,1,1,-31.791253,152.417719,43,1,0,1,0,2,3,3,0,0,7,100,0,4026,4026,8,5,40,1,0,2,0,0
1299823,4,2022,2022,1,4,3,19,27,182,174,0,1,1,-32.818927,151.350263,17,2,1,1,1,0,0,0,2,0,7,60,2,3775,3775,0,0,0,2,0,1,0,1
1299824,4,2022,2022,1,4,9,1052,14,207,928,0,1,3,-33.55793,151.192787,31,0,2,1,0,0,0,0,3,0,7,110,2,4026,4026,8,5,40,1,0,2,0,0
1299826,1,2022,2022,11,4,5,23,31,218,19,0,1,1,-33.747083,150.773082,55,0,2,0,3,0,0,0,2,0,7,60,1,14295,14295,3,8,13,2,0,0,0,1
1299827,1,2022,2022,11,0,9,92,27,129,29,0,1,1,-33.893584,151.100423,9,0,2,1,3,0,3,4,0,0,7,50,1,14295,14295,3,10,5,2,0,0,0,1
1299828,1,2022,2022,8,2,5,1104,14,460,962,0,1,3,-33.827003,150.994155,54,0,2,1,3,0,0,0,2,0,7,90,2,14295,14295,3,5,5,4,0,0,0,1
1299829,1,2022,2022,6,1,9,2126,17,166,2149,0,1,10,-33.416007,149.58355,3,2,1,1,3,0,0,0,0,2,9,60,2,3775,3775,0,5,0,2,0,0,0,1
1299830,1,2022,2022,1,0,11,50,27,166,799,0,1,9,-33.898665,151.175218,32,0,2,1,3,0,0,0,0,0,0,40,2,775,775,4,0,19,2,0,0,0,1
1299831,2,2022,2022,1,2,10,4,27,284,34609,0,1,1,-33.899486,151.010459,15,0,2,1,3,0,0,0,0,0,7,50,0,9859,9859,1,5,5,2,0,0,1,0
1299834,4,2022,2022,5,2,6,17,27,3,34609,0,1,9,-34.751783,150.749782,63,2,1,0,0,0,3,0,2,0,15,80,0,4552,5151,8,16,40,1,0,1,0,0
1299835,4,2022,2022,1,1,0,15,1,271,34609,0,1,1,-33.952653,151.007685,15,0,2,1,2,0,0,0,0,0,7,50,0,1945,1945,5,16,40,1,0,1,0,0
1299837,2,2022,2022,6,1,11,2261,17,70,2252,0,1,2,-34.743714,149.931966,26,1,0,1,0,0,0,0,0,0,7,110,2,475,475,5,0,40,1,0,0,1,0
1299841,4,2022,2022,1,6,5,2,18,105,34609,0,1,1,-32.587791,149.568302,44,2,1,0,1,0,0,0,2,0,7,50,0,418,714,5,16,40,1,0,1,0,0
1299843,4,2022,2022,1,1,5,500,27,198,799,0,1,9,-33.919163,151.102132,15,0,2,1,0,0,0,0,2,0,0,60,2,2852,2852,4,5,19,2,0,1,0,0
1299844,4,2022,2022,1,6,4,2,31,113,34609,0,1,1,-29.462522,149.841629,51,2,1,1,1,0,0,0,2,0,9,40,0,2040,2040,9,10,28,2,0,1,0,0
1299846,2,2022,2022,5,3,9,1104,14,445,962,0,1,3,-33.842793,151.044207,54,0,2,1,2,0,0,0,0,0,7,90,2,14295,14295,3,5,0,2,0,0,2,1
1299849,2,2022,2022,6,5,6,478,17,128,480,0,1,2,-33.426846,151.309067,16,2,2,0,0,0,3,3,2,0,7,60,2,1850,1463,5,16,40,1,0,0,1,0
1299851,2,2022,2022,6,4,6,3,1,129,34609,0,1,7,-33.933239,151.067581,15,0,2,1,1,0,0,0,2,0,0,50,0,6545,6545,4,5,5,2,0,0,1,0
1299852,2,2022,2022,6,4,0,2126,17,27,2149,0,1,2,-33.729969,150.462469,8,2,2,0,2,0,0,0,0,0,7,80,2,1850,1463,5,10,40,1,0,0,1,0
1299853,1,2022,2022,1,6,5,12,27,50,19,0,1,1,-33.686042,151.2675,50,0,2,1,0,0,0,0,2,0,7,60,1,1669,1669,3,16,10,2,0,0,0,1
1299856,4,2022,2022,5,2,4,205,27,161,415,0,1,2,-33.734887,151.153732,36,0,2,1,0,0,3,4,2,0,7,60,2,9859,9859,8,5,40,1,0,1,0,0
1299857,1,2022,2022,1,6,8,232,36,60,168,0,1,10,-34.039276,150.739822,12,0,2,1,2,0,0,0,3,2,7,60,2,926,926,4,0,5,2,0,0,0,1
1299863,2,2022,2022,1,4,8,10,31,73,34609,0,1,9,-35.146174,147.370193,75,2,1,1,1,0,0,0,2,0,0,50,0,1669,1669,3,0,13,2,0,0,1,0
1299866,2,2022,2022,6,0,2,12,31,438,34609,0,1,9,-33.861373,151.032349,21,0,2,1,2,0,0,0,0,0,7,50,0,2040,2040,9,5,28,2,0,0,1,0
1299867,2,2022,2022,1,1,8,22,27,46,93,1,0,1,-33.786669,150.967809,54,0,2,1,2,0,0,0,3,0,7,60,1,9859,9859,1,5,12,2,0,0,1,0
1299869,4,2022,2022,1,1,2,24,27,57,36,0,1,1,-33.617023,150.994321,71,0,2,1,2,0,0,0,0,0,7,70,1,9859,9859,8,5,40,1,0,1,0,0
1299870,2,2022,2022,5,3,7,2126,17,438,2149,0,1,9,-33.841171,151.035576,21,0,2,1,1,0,0,0,2,2,7,60,2,1945,1945,5,16,40,1,0,0,1,0