Crash ID,Degree of crash - detailed,Reporting year,Year of crash,Month of crash,Day of week of crash,Two-hour intervals,Street of crash,Street type,Town,Route no.,School zone location,School zone active,Type of location,Latitude,Longitude,LGA,Urbanisation,Conurbation 1,Alignment,Street lighting,Road surface,Surface condition,Weather,Natural lighting,Signals operation,Other traffic control,Speed limit,Road classification,RUM - code,DCA - code,First impact type,Key TU type,Other TU type,No. of traffic units involved,No. killed,No. seriously injured,No. moderately injured,No. minor-other injured
1299872,1,2022,2022,1,0,9,3,31,149,34609,0,1,10,-34.001735,151.132329,4,0,2,1,2,0,0,0,0,0,0,50,0,6545,6545,4,0,5,2,0,0,0,1
1299873,1,2022,2022,1,3,3,16,27,34,17,0,1,1,-35.002583,149.078566,82,1,0,1,1,0,0,0,1,0,7,100,1,1945,1945,5,10,40,1,0,0,0,1
1299877,2,2022,2022,6,0,10,43,2,92,42,0,1,2,-33.73744,150.954998,71,0,2,1,2,0,0,0,0,0,7,70,2,4026,4026,8,5,40,1,0,0,1,0
1299878,2,2022,2022,5,5,2,222,31,131,212,0,1,9,-33.784248,151.189472,36,0,2,1,3,0,3,4,0,2,7,60,2,9859,9859,8,5,40,1,0,0,1,0
1299880,4,2022,2022,5,1,6,49,22,224,34609,1,0,1,-33.826978,151.251666,45,0,2,1,1,0,0,0,2,0,7,50,0,941,941,1,9,0,2,0,1,0,0
1299881,4,2022,2022,1,2,5,346,17,106,332,0,1,1,-28.859047,153.0468,60,2,1,1,0,0,0,0,2,0,7,50,2,368,368,9,30,28,2,0,1,0,0
1299882,2,2022,2022,6,5,8,51,31,166,34609,0,1,10,-33.418733,149.579675,3,2,1,1,2,0,3,4,3,2,7,50,0,1220,1220,9,5,28,3,0,0,1,1
1299884,2,2022,2022,1,5,7,54,27,14,34609,0,1,1,-33.719693,150.612155,8,2,2,1,0,0,0,0,2,0,7,50,0,9859,9859,1,5,5,2,0,0,1,0
1299888,2,2022,2022,1,4,4,26,27,131,115,0,1,9,-33.775474,151.182541,36,0,2,1,3,0,0,0,2,0,7,60,1,14295,14295,3,10,13,3,0,0,1,0
1299895,4,2022,2022,5,3,9,17,27,9,12,0,1,1,-35.610237,147.745928,27,1,0,0,0,0,0,0,3,0,7,100,2,4552,5151,8,9,40,1,0,1,0,0
1299899,2,2022,2022,8,1,10,3,31,90,34609,1,0,1,-33.788526,150.945395,7,0,2,1,0,0,0,0,0,0,7,50,0,1981,1981,4,0,5,2,0,0,1,0
1299901,1,2022,2022,11,4,8,1,27,2,34609,0,1,1,-28.459689,153.429532,72,2,1,0,0,0,0,0,2,0,7,50,0,273,957,5,0,40,1,0,0,0,1
1299902,1,2022,2022,6,5,7,26,31,174,34609,0,1,10,-33.892792,151.204014,69,0,2,1,1,0,0,0,2,2,7,40,0,14295,14295,3,34,27,2,0,0,0,1
1299903,1,2022,2022,1,1,8,4,27,10,34609,0,1,1,-32.668954,152.178049,43,2,1,1,1,0,3,3,3,0,7,50,0,2040,2040,9,0,28,2,0,0,0,1
1299904,4,2022,2022,1,5,8,1,1,22,34609,0,1,9,-33.819274,150.926495,21,0,2,1,1,0,0,0,2,0,7,50,0,9859,9859,8,16,40,1,0,1,0,0
1299906,2,2022,2022,1,4,5,35,27,155,34609,0,1,1,-33.486727,151.325247,16,2,2,1,1,0,0,0,2,0,9,40,0,1220,1220,9,0,28,2,0,0,1,0
1299907,1,2022,2022,5,6,10,82,31,179,369,0,1,10,-33.764119,150.709924,55,0,2,1,2,0,0,0,0,2,7,70,2,6545,6545,4,5,5,2,0,0,0,1
1299908,1,2022,2022,6,4,8,8,31,113,34609,0,1,10,-29.473683,149.840189,51,2,1,1,2,0,0,0,0,0,0,50,0,5929,5929,1,0,19,2,0,0,0,1
1299909,4,2022,2022,6,5,6,2209,17,40,2205,0,1,1,-35.047433,150.576887,63,1,0,1,0,0,0,0,2,0,7,100,2,941,941,1,5,25,2,0,1,0,1
1299913,2,2022,2022,11,4,11,7,31,107,157,0,1,10,-29.670785,152.936236,18,2,1,1,2,0,0,0,0,0,0,50,2,6545,6545,4,5,25,2,0,0,1,0
1299917,4,2022,2022,1,2,10,109,27,16,169,0,1,9,-32.822907,151.41876,17,2,1,1,2,0,0,0,0,0,13,80,2,5929,5929,1,0,19,2,0,1,0,0
1299922,4,2022,2022,1,2,5,111,27,102,233,0,1,10,-33.963577,151.231747,59,0,2,0,0,0,3,4,2,0,0,60,2,1669,1669,3,5,0,2,0,1,0,1
1299923,4,2022,2022,6,5,7,157,17,123,158,0,1,1,-33.835139,148.694451,51,2,1,1,1,0,3,4,2,0,7,50,2,1282,1282,1,5,40,2,0,1,0,0
1299924,2,2022,2022,1,0,5,1,27,96,34609,0,1,1,-33.308873,147.843552,51,1,0,1,0,0,0,3,2,0,7,100,0,9859,9859,8,23,40,1,0,0,1,0
1299926,1,2022,2022,6,5,5,56,27,443,44,0,1,1,-33.90831,151.057036,15,0,2,1,0,0,0,0,2,0,9,40,1,2040,2040,9,0,28,2,0,0,0,1
1299927,2,2022,2022,1,6,5,481,17,77,483,0,1,1,-30.21052,149.812755,51,1,0,1,0,0,0,0,2,0,7,110,2,14295,14295,3,29,35,2,0,0,1,0
1299928,1,2022,2022,1,2,1,5,27,2,34609,0,1,1,-36.170282,149.092311,65,1,0,0,0,0,0,0,0,0,7,100,0,2585,4009,8,0,40,1,0,0,0,1
1299929,1,2022,2022,5,0,8,92,27,129,244,1,0,9,-33.895875,151.106206,9,0,2,1,1,0,0,0,2,0,7,60,2,6545,6545,4,30,0,2,0,0,0,1
1299932,1,2022,2022,1,2,11,3,31,9,34609,0,1,10,-33.826342,151.078112,54,0,2,1,2,0,0,0,0,0,15,50,0,6545,6545,4,9,5,2,0,0,0,1
1299933,4,2022,2022,1,3,8,6,27,165,34609,0,1,1,-32.349598,150.992069,46,2,1,1,0,0,0,0,3,0,7,80,0,4026,4026,8,5,40,1,0,1,0,1
1299935,2,2022,2022,6,4,7,3371,17,107,3342,0,1,1,-33.269492,151.441964,16,2,2,1,0,0,0,0,2,0,7,70,2,14295,14295,3,10,0,3,0,0,2,0
1299937,1,2022,2022,1,6,6,500,27,293,799,0,1,10,-33.931978,151.053375,15,0,2,1,1,0,0,0,2,2,7,60,2,14295,14295,3,0,5,3,0,0,0,1
1299939,1,2022,2022,7,0,9,41,27,228,69,0,1,1,-34.703471,149.764468,26,1,0,1,0,0,0,0,0,0,7,100,1,945,945,5,16,40,1,0,0,0,1
1299940,1,2022,2022,1,4,4,104,27,137,140,0,1,9,-33.922199,151.201691,4,0,2,1,0,0,0,0,2,0,6,60,2,1282,1282,1,33,27,2,0,0,0,1
1299941,4,2022,2022,6,2,6,348,27,363,88,0,1,7,-33.743156,150.69211,55,0,2,1,0,0,0,0,2,0,0,60,2,5929,5929,1,22,0,2,0,1,0,0
1299944,2,2022,2022,1,3,10,330,23,123,233,0,1,10,-33.910064,151.223401,59,0,2,1,2,0,0,0,0,2,7,50,2,6545,6545,4,5,5,3,0,0,2,1
1299945,2,2022,2022,5,0,7,1,31,104,34609,1,2,10,-33.831926,151.219319,49,0,2,1,1,0,3,4,2,1,7,40,0,1957,777,8,8,40,1,0,0,1,0
1299949,2,2022,2022,5,3,10,78,32,646,34609,0,1,9,-33.918012,151.037318,15,0,2,1,0,0,0,0,0,0,7,40,0,1220,1220,9,33,28,2,0,0,1,0
1299950,1,2022,2022,6,6,8,191,27,370,68,0,1,1,-34.05955,150.813876,13,0,2,1,2,0,0,0,0,0,7,60,1,14295,14295,3,5,5,2,0,0,0,1
1299952,4,2022,2022,6,3,6,109,36,8,108,0,1,1,-28.442212,153.482359,72,2,1,0,0,0,0,0,2,0,7,60,1,3775,3775,0,16,19,3,0,1,0,1
1299953,2,2022,2022,1,1,6,3371,17,33,3342,0,1,1,-33.640176,151.142634,31,0,2,1,1,0,0,0,2,0,7,80,2,14295,14295,3,0,27,3,0,0,1,1
1299954,2,2022,2022,6,6,7,118,17,15,118,0,1,1,-31.137708,150.284023,51,1,0,1,0,0,0,0,2,0,7,110,2,3775,3775,0,0,35,2,0,0,2,0
1299955,4,2022,2022,1,2,3,77,10,43,331,0,1,1,-34.143563,150.692518,79,2,2,0,0,0,3,3,2,0,7,80,1,3775,3775,0,10,13,2,0,3,0,0
1299956,2,2022,2022,11,2,1,1,27,1,34609,0,1,1,-30.900502,150.251887,51,1,0,0,3,0,3,4,0,0,7,100,0,1850,1463,5,10,40,1,0,0,1,0
1299958,2,2022,2022,1,1,3,31,23,139,187,0,1,9,-33.873375,151.13707,32,0,2,1,2,0,0,0,1,2,7,60,2,395,395,1,0,5,2,0,0,1,0
1299959,4,2022,2022,6,0,7,74,27,609,48,0,1,10,-33.775762,150.895304,7,0,2,1,1,0,0,0,2,2,7,60,1,2040,2040,9,30,28,2,0,1,0,0
1299964,2,2022,2022,11,4,7,8,31,316,34609,0,1,1,-33.924754,151.24524,59,0,2,1,3,0,0,0,2,0,7,50,0,1282,1282,1,5,5,2,0,0,1,0
1299966,1,2022,2022,11,0,8,57,36,24,25,0,1,9,-33.624593,150.828876,29,2,2,1,3,0,0,0,3,0,0,70,2,2852,2852,4,30,5,2,0,0,0,1
1299971,1,2022,2022,11,2,7,37,23,443,702,0,1,10,-33.907826,151.064515,15,0,2,1,3,0,0,0,2,2,7,70,2,1391,1391,1,33,0,2,0,0,0,1
1299976,1,2022,2022,5,3,4,2126,17,445,2149,0,1,10,-33.854838,151.061433,21,0,2,1,3,0,3,4,2,2,7,60,2,1192,1192,1,0,2,2,0,0,0,1
1299977,1,2022,2022,11,0,8,48,10,59,58,0,1,9,-32.887049,151.732107,48,0,2,1,3,0,3,3,2,2,7,80,2,6545,6545,4,5,13,5,0,0,0,1
1299978,1,2022,2022,11,0,8,137,14,16,70,0,1,2,-32.865551,151.562021,17,1,0,0,3,0,3,4,3,0,7,110,2,14295,14295,3,8,5,5,0,0,0,2
1299979,2,2022,2022,1,3,8,234,27,323,217,0,1,10,-33.74749,150.993677,71,0,2,1,3,0,0,0,2,2,7,60,2,3775,3775,0,0,0,2,0,0,1,0
1299981,2,2022,2022,11,4,10,46,31,77,34609,0,1,1,-33.924447,151.163751,32,0,2,1,3,2,0,0,0,0,7,50,0,237,162,8,5,40,1,0,0,1,0
1299986,1,2022,2022,5,5,4,2,27,15,34609,0,1,1,-35.129789,148.946693,82,1,0,0,0,2,0,0,2,0,7,100,0,1957,4009,8,10,40,1,0,0,0,2
1299987,1,2022,2022,5,2,7,92,31,50,34609,0,1,10,-33.515202,151.333969,16,2,2,0,3,0,0,0,2,0,0,50,0,6545,6545,4,30,13,2,0,0,0,1
1299990,1,2022,2022,11,1,3,67,27,165,78,0,1,1,-33.855961,151.147091,14,0,2,1,3,0,0,0,2,0,7,50,2,14295,14295,3,0,0,2,0,0,0,2
1299992,2,2022,2022,5,1,4,500,27,646,799,0,1,1,-33.933982,151.029605,15,0,2,1,0,0,0,0,2,0,7,60,2,1669,1669,3,5,0,2,0,0,1,0
1299993,4,2022,2022,6,6,5,3371,17,58,3342,0,1,2,-33.756942,151.153149,36,0,2,0,0,0,2,6,2,0,7,60,2,1192,1192,1,33,27,2,0,1,0,0
1299995,2,2022,2022,1,6,10,5,31,226,34609,0,1,1,-33.760437,150.823545,7,0,2,1,3,0,0,0,0,0,7,50,0,9859,9859,1,5,13,3,0,0,1,0
1299996,1,2022,2022,1,2,5,500,27,646,799,0,1,10,-33.933781,151.027023,15,0,2,1,3,0,0,0,2,2,7,60,2,1669,1669,3,5,0,2,0,0,0,2
1300000,1,2022,2022,5,5,8,48,10,316,121,0,1,7,-31.431448,152.888916,56,2,1,1,3,0,0,0,0,0,7,60,1,14295,14295,3,5,5,2,0,0,0,1
1300005,2,2022,2022,6,5,3,334,17,2,308,0,1,1,-31.11647,149.806847,51,1,0,1,3,0,0,0,2,0,7,100,2,9859,9859,8,0,40,1,0,0,1,0
1300010,1,2022,2022,1,2,10,118,17,77,118,0,1,1,-30.210833,149.601718,51,1,0,1,3,0,0,0,0,0,7,100,2,1089,1089,7,5,40,1,0,0,0,1
1300012,4,2022,2022,1,1,3,110,27,95,173,0,1,7,-34.402874,150.891206,80,0,2,1,2,0,0,0,1,0,0,60,2,1945,1945,5,16,40,1,0,1,0,0
1300022,2,2022,2022,1,0,8,829,27,165,770,0,1,2,-33.842182,151.148003,14,0,2,1,0,0,0,0,0,0,7,70,2,1383,1383,1,0,0,3,0,0,2,0
1300026,2,2022,2022,1,2,8,61,31,92,45,1,0,9,-33.868431,150.969971,24,0,2,1,2,0,0,0,3,2,7,60,1,5929,5929,1,10,5,2,0,0,1,0
1300029,4,2022,2022,1,3,6,55,1,167,34609,0,1,10,-33.849819,151.073914,54,0,2,1,2,0,0,0,2,2,7,60,0,5929,5929,1,0,0,3,0,2,0,0
1300037,2,2022,2022,1,5,8,28,27,346,63,0,1,1,-33.877008,151.086196,67,0,2,1,0,0,0,0,2,0,7,50,1,14295,14295,3,5,0,2,0,0,1,0
1300039,2,2022,2022,1,3,10,3371,17,14,3342,1,0,9,-33.727814,151.120136,36,0,2,0,2,0,0,0,0,2,7,60,2,1192,1192,1,5,10,2,0,0,1,0
1300042,4,2022,2022,8,5,5,175,27,609,220,0,1,2,-33.756367,150.91458,7,0,2,1,2,0,0,0,2,0,7,70,2,14295,14295,3,10,0,4,0,1,0,0
1300045,4,2022,2022,1,0,10,3,31,463,34609,0,1,10,-30.302057,153.11552,19,2,1,1,2,0,0,0,0,0,0,50,0,5929,5929,1,5,5,2,0,1,0,1
1300055,4,2022,2022,1,3,4,72,27,278,56,0,1,9,-33.787241,151.061188,54,0,2,1,1,0,0,0,2,2,7,60,2,14295,14295,3,16,12,2,0,1,0,0
1300056,1,2022,2022,5,2,9,2,31,145,34609,0,1,9,-33.924568,151.06337,15,0,2,1,2,0,3,4,0,0,7,50,0,6545,6545,4,10,0,2,0,0,0,1
1300057,4,2022,2022,1,6,7,500,27,198,799,0,1,9,-33.920779,151.098222,15,0,2,1,1,0,0,0,2,0,0,60,2,2852,2852,4,5,0,2,0,1,1,0
1300059,2,2022,2022,1,2,6,5,31,57,34609,0,1,1,-34.669896,150.853816,35,2,1,1,1,0,3,3,2,0,7,40,0,1282,1282,1,5,40,1,0,0,1,0
1300060,2,2022,2022,1,0,10,2126,17,33,2149,0,1,10,-33.481173,150.13681,40,2,1,0,2,0,3,4,0,2,7,70,2,6545,6545,4,10,5,2,0,0,2,0
1300063,2,2022,2022,1,5,9,37,31,198,41,0,1,9,-33.909435,151.103462,15,0,2,1,2,0,3,4,0,2,9,40,1,1220,1220,9,5,28,2,0,0,1,0
1300066,2,2022,2022,1,2,5,11,27,309,34609,0,1,7,-33.809119,151.109814,61,0,2,1,1,0,0,0,2,0,0,50,0,6545,6545,4,0,5,2,0,0,2,0
1300067,4,2022,2022,5,2,6,10,27,5,34,0,1,10,-33.84032,151.221169,49,0,2,1,1,0,3,4,2,2,7,50,1,1850,777,5,16,40,1,0,1,1,0
1300070,2,2022,2022,6,3,7,3371,17,37,3342,0,1,9,-33.01948,151.668467,37,0,2,1,1,0,0,0,2,0,0,60,2,395,395,1,0,19,2,0,0,2,0
1300072,2,2022,2022,1,3,7,2261,17,30,2252,0,1,9,-34.799608,148.534449,30,1,0,1,0,0,0,0,2,0,0,110,2,9859,9859,8,5,40,1,0,0,1,0
1300073,1,2022,2022,1,5,10,37,31,198,41,0,1,9,-33.909435,151.103462,15,0,2,1,2,0,3,4,0,2,7,40,1,5929,5929,1,10,27,2,0,0,0,1
1300077,1,2022,2022,1,1,5,34,31,56,34609,0,1,1,-31.093508,152.83743,34,2,1,1,0,0,0,0,2,0,7,50,0,1981,1981,4,5,5,2,0,0,0,2
1300080,2,2022,2022,0,0,11,1,27,26,34609,0,1,2,-34.841951,150.582541,63,2,1,1,0,0,0,0,0,0,7,50,0,4026,4026,8,5,40,1,0,0,1,0
1300081,2,2022,2022,11,1,3,22,31,59,47,0,1,9,-32.89396,151.722187,48,0,2,1,1,0,0,0,2,0,7,60,2,2852,2852,4,5,0,2,0,0,1,0
1300084,2,2022,2022,1,6,7,107,22,346,144,0,1,1,-33.88459,151.091935,67,0,2,1,0,0,0,0,2,0,7,60,2,1220,1220,9,5,28,2,0,0,1,0
1300092,4,2022,2022,11,2,7,175,27,86,220,0,1,9,-33.738731,150.917919,7,0,2,1,1,0,3,4,2,2,7,70,2,3775,3775,0,34,5,2,0,1,0,0
1300093,4,2022,2022,6,0,4,3,27,77,34609,0,1,1,-30.135189,149.506263,51,1,0,0,0,0,0,0,2,0,7,100,0,273,957,5,10,40,1,0,1,0,0
1300095,4,2022,2022,5,2,6,192,10,84,114,0,1,2,-33.467803,151.382411,16,2,2,1,0,0,0,0,2,2,9,60,2,1220,1220,9,5,28,2,0,1,0,0
1300096,4,2022,2022,6,5,6,77,31,64,563,0,1,9,-33.885727,151.039766,21,0,2,1,1,0,0,0,2,0,0,80,2,5929,5929,1,5,19,2,0,1,0,0
1300099,1,2022,2022,11,5,3,67,31,166,34609,0,1,9,-33.895234,151.185557,69,0,2,1,1,0,0,0,2,0,7,40,0,14295,14295,3,5,27,2,0,0,0,1
1300101,4,2022,2022,5,0,4,5,27,9,34609,0,1,1,-28.828355,153.208232,39,2,1,0,0,0,0,0,2,0,7,80,0,1259,5151,8,10,40,1,0,1,0,0
1300102,1,2022,2022,1,0,10,41,27,4,27,0,1,1,-34.404059,149.548019,74,1,0,0,0,0,0,0,0,0,7,100,1,273,957,5,10,40,1,0,0,0,1
1300103,2,2022,2022,0,4,11,14,31,68,34609,0,1,1,-33.706954,149.859418,51,2,1,1,2,0,3,4,0,0,7,50,0,9859,9859,1,10,5,2,0,0,2,0
1300105,4,2022,2022,5,4,6,5,31,87,34609,0,1,9,-33.686327,150.948984,71,0,2,1,1,0,0,0,2,0,7,60,0,1669,1669,3,16,5,2,0,1,0,0
1300106,2,2022,2022,5,3,3,330,23,293,112,0,1,2,-33.945313,151.239956,59,0,2,1,2,0,0,0,2,0,7,60,2,4026,4026,8,30,40,1,0,0,1,0
1300107,4,2022,2022,1,5,1,19,27,137,49,1,0,1,-33.89835,150.900257,24,0,2,1,2,0,0,0,0,0,7,50,1,3775,3775,0,5,5,2,0,2,0,1
1300109,1,2022,2022,5,2,5,37,31,198,41,0,1,1,-33.910311,151.103629,15,0,2,1,3,0,0,0,2,0,7,40,1,214,214,9,5,28,2,0,0,0,1
1300110,2,2022,2022,6,4,6,133,27,316,34609,0,1,9,-31.437256,152.910387,56,2,1,1,0,0,0,0,2,0,7,50,0,2040,2040,9,0,28,2,0,0,1,0
1300111,4,2022,2022,6,4,0,2261,17,443,2252,0,1,9,-33.904596,151.042007,15,0,2,1,2,0,0,0,0,2,7,60,2,5929,5929,1,5,13,2,0,1,1,0
1300112,4,2022,2022,6,4,8,3,27,4,34609,0,1,1,-35.26007,150.43282,63,2,1,0,0,0,0,0,2,0,7,60,0,4552,5151,8,5,40,1,0,1,0,0
1300113,2,2022,2022,5,0,11,5,27,2,34609,0,1,1,-32.773265,149.588987,44,2,1,0,0,0,0,6,0,0,7,40,0,1957,4009,8,0,40,1,0,0,1,0
1300114,4,2022,2022,1,0,6,2126,17,60,2149,0,1,10,-33.635535,150.284859,8,2,2,1,3,0,0,0,2,2,9,60,2,1220,1220,9,8,28,2,0,1,0,0
1300115,2,2022,2022,6,6,6,48,4,85,34609,0,1,1,-33.90658,150.868712,41,0,2,0,1,0,0,0,2,0,7,50,0,3775,3775,0,0,13,2,0,0,1,0
1300117,2,2022,2022,5,1,1,27,27,102,28,0,1,2,-33.959459,151.204343,4,0,2,1,2,0,0,0,0,0,7,80,2,4026,4026,8,5,40,1,0,0,1,0
1300119,1,2022,2022,6,6,2,2209,17,115,2205,0,1,10,-33.912374,151.179474,32,0,2,1,2,0,3,4,0,2,7,60,2,14295,14295,3,5,5,2,0,0,0,1
1300120,2,2022,2022,5,2,6,3,7,75,34609,0,1,1,-33.709394,150.355531,8,2,2,1,0,0,3,4,2,0,7,50,0,14295,14295,3,5,13,2,0,0,1,0
1300121,4,2022,2022,5,3,9,11,23,15,34609,0,1,9,-33.453007,151.316254,16,2,2,1,2,0,3,4,0,0,7,50,0,1220,1220,9,5,28,2,0,1,0,0
1300126,2,2022,2022,1,1,3,4,10,18,34609,0,1,1,-35.701996,150.186856,23,2,1,0,1,0,0,0,1,0,7,50,0,3775,3775,0,34,5,3,0,0,2,0
1300127,1,2022,2022,1,1,8,5,27,3,34609,0,1,1,-31.019712,147.41751,51,2,1,0,1,2,3,4,0,0,7,80,0,1089,1089,7,0,40,1,0,0,0,1
1300128,2,2022,2022,5,4,9,6,27,13,34609,0,1,1,-34.565409,150.764521,62,0,2,1,0,0,0,0,0,0,7,80,0,323,323,1,5,5,2,0,0,1,0
1300130,2,2022,2022,1,3,3,512,10,53,34609,0,1,1,-33.938643,150.835191,41,0,2,1,0,0,0,0,2,0,7,50,0,9859,9859,1,10,5,2,0,0,1,0
1300131,2,2022,2022,5,2,5,59,31,237,34609,0,1,1,-33.872099,150.95051,24,0,2,1,1,0,0,0,2,0,7,50,0,1981,1981,4,0,5,4,0,0,1,0
1300132,2,2022,2022,1,2,4,916,17,3,917,0,1,2,-32.655333,151.318721,64,1,0,1,1,0,0,0,2,0,7,100,2,1383,1383,1,5,5,2,0,0,1,0
1300133,4,2022,2022,1,1,6,232,36,60,331,0,1,10,-34.02016,150.760949,12,0,2,1,1,0,0,0,2,2,7,80,2,5929,5929,1,5,25,2,0,1,0,0
1300135,4,2022,2022,5,3,4,1,27,5,34609,0,1,1,-33.482239,149.31731,51,1,0,1,0,2,0,0,2,0,7,100,0,1945,1945,5,16,40,1,0,1,0,0
1300137,1,2022,2022,6,0,3,47,26,201,160,0,1,10,-34.006765,150.876634,13,0,2,1,3,0,0,0,2,2,7,60,2,14295,14295,3,5,0,2,0,0,0,1
1300138,4,2022,2022,1,1,2,3371,17,83,3342,0,1,2,-30.119494,153.179281,19,1,0,0,0,0,0,0,0,0,7,110,2,2585,4009,8,3,40,1,0,1,0,0
1300139,1,2022,2022,1,1,8,12,31,215,34609,0,1,1,-35.120567,147.344455,75,2,1,1,3,0,0,3,2,0,7,60,0,1282,1282,1,10,13,2,0,0,0,1
1300141,4,2022,2022,5,4,0,25,27,15,260,0,1,2,-32.973108,151.606182,37,0,2,0,2,0,0,0,0,0,7,70,2,2585,4009,8,16,40,1,0,1,0,0
1300146,1,2022,2022,1,5,9,1,4,40,34609,0,1,1,-33.948738,150.839213,41,0,2,1,3,0,3,4,0,0,7,50,0,14295,14295,3,0,0,2,0,0,0,1
1300147,4,2022,2022,1,6,9,17,31,80,61,0,1,10,-33.817081,151.153093,38,0,2,1,3,0,0,0,3,0,0,50,1,3775,3775,0,10,0,2,0,1,0,0
1300152,2,2022,2022,5,2,4,20,31,387,34609,0,1,1,-33.926808,151.204836,4,0,2,1,1,0,0,0,2,0,7,50,0,387,387,1,22,5,3,0,0,1,0
1300157,1,2022,2022,11,5,6,296,27,187,293,0,1,2,-33.882052,150.977411,15,0,2,1,3,0,0,0,2,0,7,60,2,1383,1383,1,9,5,2,0,0,0,1
1300158,1,2022,2022,1,2,8,17,31,290,33,0,1,7,-33.955823,151.12547,4,0,2,1,3,0,0,0,2,0,0,50,1,14295,14295,3,0,5,2,0,0,0,1
1300160,1,2022,2022,5,6,5,19,27,24,34609,0,1,1,-34.93458,150.557013,63,2,1,0,3,0,3,4,2,0,7,60,0,3775,3775,0,8,0,2,0,0,0,1
1300161,4,2022,2022,1,1,3,15,27,127,154,0,1,9,-33.838651,150.871873,24,0,2,0,1,0,0,0,2,0,7,80,1,3775,3775,0,10,12,3,0,1,0,2
1300162,4,2022,2022,1,3,10,193,1,85,34609,0,1,1,-32.940003,151.714326,48,0,2,1,2,0,0,0,0,0,7,60,0,4026,4026,8,0,40,1,0,1,0,0
1300164,2,2022,2022,1,4,8,20,31,127,34609,0,1,1,-33.896401,151.1542,32,0,2,1,2,0,0,0,2,0,14,50,0,368,368,9,34,28,2,0,0,1,0
1300166,2,2022,2022,1,4,4,2126,17,40,2149,1,2,2,-33.692213,150.545838,8,2,2,1,0,0,0,0,2,0,7,40,2,14295,14295,3,5,0,3,0,0,1,0
1300168,1,2022,2022,1,5,7,13,27,173,12,0,1,7,-33.728943,151.108896,36,0,2,1,3,0,3,4,2,0,0,50,1,14295,14295,3,9,0,2,0,0,0,1
1300169,4,2022,2022,1,2,6,3371,17,53,3342,0,1,1,-32.926891,151.757948,48,0,2,1,1,0,0,0,2,0,9,60,2,14295,14295,3,34,19,2,0,1,0,0
1300170,4,2022,2022,1,4,7,14,10,316,34609,0,1,1,-31.459839,152.869864,56,2,1,1,0,0,0,0,2,0,7,60,0,340,340,9,5,28,2,0,1,0,0
1300171,1,2022,2022,1,1,4,77,10,43,331,0,1,9,-34.153595,150.658417,79,2,2,0,3,0,3,0,2,0,0,80,1,1259,5151,8,10,40,1,0,0,0,1
1300174,2,2022,2022,1,2,5,5,27,105,34609,0,1,1,-32.611957,149.586328,44,2,1,1,0,0,0,0,2,0,7,50,0,4026,4026,8,10,40,1,0,0,1,0
1300178,1,2022,2022,1,0,3,17,31,128,34609,0,1,7,-33.625689,150.805621,29,2,2,1,3,0,0,0,2,0,0,50,0,6545,6545,4,0,5,2,0,0,0,1
1300184,2,2022,2022,11,2,5,34,27,38,117,0,1,9,-32.933527,151.689915,48,0,2,1,3,0,3,4,2,0,7,70,2,14295,14295,3,10,5,4,0,0,1,0
1300190,2,2022,2022,1,6,9,2261,17,284,2252,0,1,9,-33.907261,151.020447,15,0,2,0,3,0,3,3,0,2,7,60,2,14295,14295,3,5,5,2,0,0,1,0
1300191,2,2022,2022,1,5,4,30,31,204,62,0,1,9,-33.944808,151.15035,4,0,2,1,3,0,0,0,2,0,7,60,1,14295,14295,3,10,10,3,0,0,1,0
1300197,2,2022,2022,11,4,0,70,27,17,100,0,1,1,-33.667449,150.650669,8,2,2,0,3,0,3,0,0,0,7,60,2,1850,1463,5,16,40,1,0,0,1,0
1300199,2,2022,2022,11,4,4,2126,17,44,2149,0,1,9,-33.795614,150.888654,7,0,2,1,3,0,0,3,2,2,7,80,2,14295,14295,3,5,5,2,0,0,1,0
1300201,1,2022,2022,11,4,6,44,1,126,34609,0,1,10,-33.93597,150.811462,41,0,2,1,3,0,0,0,2,0,0,50,0,6545,6545,4,5,13,2,0,0,0,1
1300213,1,2022,2022,1,6,3,31,27,17,69,0,1,1,-33.79282,151.156178,61,0,2,0,3,0,3,4,0,0,7,60,2,2585,4009,8,5,40,1,0,0,0,1
1300217,2,2022,2022,5,6,8,220,14,78,220,0,1,3,-34.47041,150.835946,80,0,2,1,3,0,3,4,2,0,7,100,2,14295,14295,3,10,0,3,0,0,1,1
1300218,1,2022,2022,1,5,10,52,27,438,103,0,1,10,-33.864323,151.022842,21,0,2,1,3,0,3,4,0,2,7,50,1,14295,14295,3,5,5,2,0,0,0,1
1300219,2,2022,2022,5,5,8,55,27,112,70,0,1,2,-33.710181,151.024661,31,0,2,0,0,0,3,4,2,0,7,60,2,3775,3775,0,5,0,3,0,0,1,0
1300222,2,2022,2022,1,1,4,109,27,169,382,0,1,9,-33.779353,150.849846,7,0,2,1,3,0,0,3,2,0,7,60,2,5929,5929,1,5,12,2,0,0,1,0
1300224,1,2022,2022,1,3,6,3371,17,32,3342,0,1,7,-31.940836,152.475344,43,2,1,1,3,0,0,0,2,0,0,70,2,14295,14295,3,0,0,2,0,0,0,1
1300226,1,2022,2022,11,1,9,230,27,173,284,0,1,9,-33.79417,151.134379,61,0,2,1,3,0,0,0,3,3,7,70,2,14295,14295,3,5,5,2,0,0,0,1
1300227,1,2022,2022,1,3,7,133,31,161,51,0,1,10,-33.884218,151.150012,32,0,2,1,3,0,0,0,2,2,7,50,1,14295,14295,3,5,0,2,0,0,0,3