Crash ID,Degree of crash - detailed,Reporting year,Year of crash,Month of crash,Day of week of crash,Two-hour intervals,Street of crash,Street type,Town,Route no.,School zone location,School zone active,Type of location,Latitude,Longitude,LGA,Urbanisation,Conurbation 1,Alignment,Street lighting,Road surface,Surface condition,Weather,Natural lighting,Signals operation,Other traffic control,Speed limit,Road classification,RUM - code,DCA - code,First impact type,Key TU type,Other TU type,No. of traffic units involved,No. killed,No. seriously injured,No. moderately injured,No. minor-other injured
1300231,2,2022,2022,5,0,9,916,17,91,917,0,1,2,-32.794527,151.635532,48,0,2,1,1,0,0,0,0,0,7,90,2,14295,14295,3,0,0,2,0,0,1,0
1300233,4,2022,2022,11,1,10,21,10,89,34609,0,1,2,-28.214026,153.542267,72,2,1,0,2,0,0,0,0,0,7,50,0,1850,1463,5,15,40,2,0,1,0,0
1300234,4,2022,2022,11,0,4,38,27,13,45,0,1,10,-35.087889,150.590677,63,2,1,1,1,0,3,4,2,0,15,50,1,6545,6545,4,5,5,2,0,1,0,0
1300235,1,2022,2022,1,0,7,2209,17,40,2205,0,1,1,-35.770001,150.148108,23,1,0,0,0,0,3,4,2,0,7,90,2,1192,1192,1,5,5,2,0,0,0,1
1300240,2,2022,2022,11,4,3,14,27,433,34609,0,1,1,-33.32632,149.08422,52,2,1,0,0,0,3,4,2,0,7,80,0,4552,5151,8,10,40,1,0,0,1,0
1300244,2,2022,2022,11,3,9,26,31,646,34609,0,1,1,-33.913731,151.03199,15,0,2,1,2,0,0,0,0,0,7,60,0,5929,5929,1,0,5,2,0,0,3,0
1300246,4,2022,2022,1,4,9,71,27,69,122,0,1,2,-34.55059,150.860396,62,0,2,1,2,0,0,0,0,0,7,70,2,14295,14295,3,16,5,2,0,1,1,0
1300249,4,2022,2022,5,6,7,23,27,523,23,1,2,9,-33.927135,150.908447,41,0,2,1,0,0,0,0,2,0,7,40,1,5929,5929,1,10,0,2,0,1,0,0
1300251,2,2022,2022,11,5,4,14,31,29,34609,0,1,7,-32.931535,151.765286,48,0,2,1,1,0,0,0,2,0,0,60,0,1192,1192,1,5,27,2,0,0,1,0
1300257,2,2022,2022,11,4,10,45,3,33,331,0,1,10,-34.060991,150.727335,12,0,2,1,2,0,0,0,0,0,7,80,2,14295,14295,3,5,13,3,0,0,1,0
1300261,4,2022,2022,11,5,3,1052,14,77,928,0,1,3,-33.536098,151.199559,16,1,2,1,1,0,0,0,2,0,7,110,2,14295,14295,3,0,0,6,0,1,1,0
1300262,4,2022,2022,11,5,3,22,10,13,13,0,1,1,-33.868042,151.142082,14,0,2,1,1,0,0,0,2,0,7,50,1,14295,14295,3,5,27,3,0,1,1,0
1300263,4,2022,2022,11,4,5,15,1,134,36,1,0,9,-33.523891,151.314758,16,2,2,0,0,0,3,4,2,0,7,60,1,1850,1463,5,16,40,1,0,1,0,0
1300264,4,2022,2022,1,5,8,19,27,18,34609,0,1,1,-34.052353,151.136233,68,0,2,1,1,0,0,0,2,0,7,50,0,9859,9859,8,5,40,2,0,1,0,0
1300266,1,2022,2022,5,0,8,37,27,62,34609,0,1,7,-34.089351,150.810563,13,0,2,1,2,0,3,4,3,0,0,60,0,6545,6545,4,5,5,2,0,0,0,1
1300271,2,2022,2022,1,6,9,11,3,22,122,0,1,9,-34.499697,150.887954,80,0,2,1,2,0,0,0,0,0,0,80,2,2852,2852,4,5,5,2,0,0,1,0
1300273,2,2022,2022,1,1,3,1052,14,60,928,0,1,3,-33.431333,151.251563,16,1,2,1,1,0,0,0,1,0,7,110,2,9859,9859,8,5,40,1,0,0,1,0
1300275,4,2022,2022,1,5,7,2261,17,22,2252,0,1,3,-34.057475,150.794889,13,0,2,1,0,0,3,4,2,0,7,110,2,14295,14295,3,9,0,3,0,1,0,1
1300276,2,2022,2022,1,2,9,829,27,53,770,0,1,9,-33.809034,151.028558,54,0,2,1,2,0,0,0,0,0,0,60,2,14295,14295,3,5,27,2,0,0,1,0
1300287,2,2022,2022,11,0,7,512,17,562,441,0,1,9,-32.24215,148.58656,22,2,1,1,1,0,0,0,2,0,0,60,2,323,323,1,16,0,2,0,0,1,0
1300288,4,2022,2022,1,5,9,48,10,59,58,0,1,2,-32.886586,151.72908,48,0,2,1,2,0,0,0,0,0,7,80,2,1192,1192,1,30,13,3,0,1,0,0
1300291,1,2022,2022,5,1,7,204,27,134,34609,0,1,1,-33.510506,151.320185,16,2,2,1,0,0,0,0,2,0,7,60,0,248,248,1,5,0,2,0,0,0,1
1300294,2,2022,2022,5,5,2,7,31,130,34609,0,1,10,-33.870723,151.195687,69,0,2,1,2,0,3,0,1,2,9,40,0,2040,2040,9,9,28,2,0,0,1,0
1300296,2,2022,2022,1,0,7,127,27,135,103,0,1,1,-32.900715,151.741076,48,0,2,1,1,0,0,0,2,0,7,60,1,1109,787,1,9,13,2,0,0,1,0
1300297,4,2022,2022,5,0,7,9,27,29,13,0,1,1,-32.730616,143.281345,51,1,0,0,0,2,0,0,2,0,7,100,1,1850,1463,5,16,40,1,0,1,0,0
1300298,1,2022,2022,5,2,10,195,27,89,186,0,1,2,-33.853751,150.875321,24,0,2,1,2,0,0,0,0,0,7,70,2,190,190,1,10,5,3,0,0,0,3
1300300,2,2022,2022,5,1,3,100,27,127,100,0,1,1,-33.837399,150.854104,24,0,2,1,2,0,0,1,1,0,7,70,2,1192,1192,1,5,13,2,0,0,1,0
1300301,1,2022,2022,5,0,7,15,31,64,34609,0,1,9,-33.8992,151.078217,67,0,2,1,3,0,0,0,2,0,7,50,0,1981,1981,4,8,13,2,0,0,0,1
1300302,4,2022,2022,5,2,5,5,27,138,34609,0,1,1,-33.871814,151.255271,81,0,2,1,0,0,0,0,2,0,7,50,0,1220,1220,9,22,28,2,0,1,0,0
1300303,2,2022,2022,6,6,3,31,27,28,34609,0,1,9,-34.016125,151.06495,68,0,2,1,2,0,0,0,0,2,7,50,0,2040,2040,9,0,28,2,0,0,1,0
1300304,2,2022,2022,6,0,9,4,23,293,34609,0,1,9,-33.924831,151.059265,15,0,2,1,0,0,0,0,2,0,7,50,0,256,256,4,5,5,2,0,0,1,0
1300308,4,2022,2022,5,3,6,1,27,118,34609,0,1,1,-33.42834,151.275986,16,2,2,1,0,0,0,0,2,0,7,50,0,1945,1945,5,16,40,1,0,1,0,0
1300311,2,2022,2022,1,5,8,23,10,11,62,0,1,9,-32.872456,151.477592,17,1,0,0,0,0,0,0,2,0,0,90,2,6545,6545,4,5,5,2,0,0,1,0
1300312,2,2022,2022,1,6,4,10,27,14,34609,0,1,1,-31.120349,150.889279,70,2,1,1,0,0,0,0,2,0,7,80,0,14295,14295,3,10,12,2,0,0,2,0
1300313,4,2022,2022,5,2,9,866,27,201,44,1,0,10,-33.999958,150.86795,13,0,2,1,2,0,0,0,3,2,9,60,1,1220,1220,9,5,28,2,0,1,0,1
1300314,4,2022,2022,1,2,10,3,31,73,34609,0,1,9,-33.825426,151.089863,14,0,2,1,2,0,0,0,0,0,0,50,0,6545,6545,4,16,0,2,0,1,0,0
1300317,2,2022,2022,5,0,11,4,31,132,34609,0,1,1,-29.771209,151.095449,33,2,1,1,2,0,0,0,0,0,7,50,0,4026,4026,1,5,5,4,0,0,1,0
1300319,2,2022,2022,1,0,6,115,27,96,46,0,1,9,-34.22912,150.667163,79,2,2,1,3,0,0,0,2,2,7,80,2,5929,5929,1,10,5,2,0,0,1,0
1300320,2,2022,2022,1,0,10,1,10,562,34609,0,1,7,-32.240826,148.642638,22,2,1,1,2,0,0,0,0,0,0,50,0,6545,6545,4,16,5,2,0,0,1,0
1300321,4,2022,2022,5,0,7,110,27,113,48,0,1,2,-34.35385,150.864155,80,0,2,0,0,0,3,3,2,0,7,100,2,380,714,5,0,40,1,0,1,0,0
1300325,4,2022,2022,6,3,10,2261,17,24,2252,0,1,3,-34.401237,150.509427,78,1,0,1,0,0,3,3,0,0,7,110,2,14295,14295,3,5,0,2,0,1,0,0
1300327,4,2022,2022,1,3,6,103,27,34,98,0,1,1,-32.875944,150.796944,64,1,0,1,0,0,0,0,2,0,7,100,2,1089,1089,7,16,40,1,0,1,0,0
1300328,2,2022,2022,5,2,6,89,17,137,54,0,1,9,-34.030371,151.063531,68,0,2,1,1,0,0,0,2,0,0,70,2,5929,5929,1,5,5,2,0,0,1,0
1300329,2,2022,2022,1,0,8,23,14,34,22,0,1,8,-33.860616,151.205696,69,0,2,1,2,0,3,3,3,0,7,70,2,9859,9859,8,0,40,1,0,0,1,0
1300331,1,2022,2022,1,4,3,117,27,309,702,0,1,2,-33.823664,151.094666,61,0,2,1,3,0,0,0,2,0,7,70,2,14295,14295,3,9,5,3,0,0,0,1
1300332,1,2022,2022,11,0,7,6,27,187,34609,0,1,7,-33.78976,150.992006,54,0,2,1,3,0,0,6,2,0,0,50,0,6545,6545,4,10,5,2,0,0,0,1
1300333,1,2022,2022,1,0,10,15,27,253,7,0,1,1,-33.967442,151.100729,25,0,2,1,3,0,0,0,0,0,7,60,1,14295,14295,3,5,0,2,0,0,0,1
1300334,2,2022,2022,1,5,8,13,27,89,34609,0,1,7,-33.866161,150.884171,24,0,2,1,3,0,0,0,3,0,0,50,0,1669,1669,3,0,5,2,0,0,1,0
1300343,1,2022,2022,8,0,8,105,17,223,136,0,1,1,-33.799518,150.917069,7,0,2,1,1,0,0,0,3,0,7,60,2,3775,3775,0,5,10,2,0,0,0,2
1300348,4,2022,2022,5,3,11,2,31,79,34609,0,1,1,-33.824943,151.209597,49,0,2,1,2,0,0,0,0,0,7,50,0,186,186,9,17,28,2,0,1,0,0
1300352,2,2022,2022,11,6,0,45,31,532,55,0,1,10,-33.873568,151.212619,69,0,2,1,2,0,3,4,0,2,7,40,1,9859,9859,8,22,40,1,0,0,1,0
1300353,1,2022,2022,1,6,4,330,27,147,605,0,1,2,-33.749527,151.289713,50,0,2,1,0,0,0,0,2,0,7,60,2,14295,14295,3,30,5,3,0,0,0,1
1300354,2,2022,2022,1,6,8,21,27,370,26,0,1,2,-34.05808,150.812228,13,0,2,1,1,0,0,0,2,0,7,60,1,5929,5929,1,5,0,2,0,0,1,0
1300356,4,2022,2022,5,4,8,3371,17,92,3342,0,1,9,-33.405823,151.350983,16,2,2,0,2,0,0,0,3,2,9,60,2,1220,1220,9,5,28,2,0,1,1,0
1300357,2,2022,2022,1,0,10,2209,17,176,2205,0,1,2,-33.953103,151.137577,4,0,2,0,2,0,3,4,0,0,7,60,2,14295,14295,3,15,0,2,0,0,1,0
1300358,4,2022,2022,1,2,1,2209,17,137,2205,0,1,2,-34.044747,151.053514,68,0,2,0,0,0,3,4,0,0,7,80,2,4552,5151,1,5,40,2,0,1,0,0
1300363,2,2022,2022,5,6,4,112,27,109,256,0,1,2,-33.969303,150.869976,41,0,2,1,2,0,3,4,2,0,7,80,2,14295,14295,3,8,5,2,0,0,1,0
1300364,1,2022,2022,1,3,8,2,27,73,34609,0,1,1,-33.72815,150.716489,55,0,2,1,0,0,0,0,2,0,7,50,0,9859,9859,1,16,25,2,0,0,0,1
1300365,2,2022,2022,11,4,10,3,27,16,34609,0,1,1,-33.734927,150.650486,55,0,2,1,1,0,0,0,0,0,7,50,0,190,190,1,5,12,2,0,0,1,0
1300367,4,2022,2022,11,6,8,11,31,8,34609,0,1,1,-32.580564,151.015245,64,2,1,0,1,0,0,0,3,0,7,50,0,1850,1463,5,16,40,1,0,1,0,0
1300373,2,2022,2022,1,3,7,3371,17,104,3342,0,1,9,-32.840074,151.689255,48,0,2,1,1,0,0,0,2,2,7,80,2,926,926,4,5,13,2,0,0,1,0
1300379,1,2022,2022,6,1,3,7,31,123,34609,0,1,1,-33.883026,151.232054,81,0,2,1,2,0,0,0,1,0,7,40,0,14295,14295,3,0,0,2,0,0,0,1
1300380,1,2022,2022,1,6,6,59,31,77,53,0,1,9,-33.885594,151.198674,69,0,2,1,1,0,0,0,2,0,9,50,2,2040,2040,9,33,28,2,0,0,0,1
1300381,4,2022,2022,1,2,5,107,22,293,34609,0,1,7,-33.925691,151.05716,15,0,2,1,1,0,3,4,2,0,0,50,0,3775,3775,0,0,5,2,0,1,0,0
1300383,1,2022,2022,3,6,5,67,27,157,55,0,1,9,-34.014462,151.104695,68,0,2,1,1,0,0,0,2,2,7,70,2,5929,5929,1,5,5,2,0,0,0,1
1300385,4,2022,2022,5,6,7,2,7,54,34609,0,1,10,-28.522653,153.539868,10,2,1,0,1,0,0,0,2,0,0,50,0,6545,6545,4,0,27,3,0,1,0,0
1300386,4,2022,2022,1,3,11,6,27,74,34609,0,1,9,-34.028616,150.758611,12,0,2,1,2,0,0,0,0,0,0,80,0,1850,777,5,16,40,1,0,1,0,0
1300388,4,2022,2022,11,0,6,14,36,15,34609,0,1,1,-28.29536,153.571806,72,2,1,1,1,0,0,0,2,0,7,50,0,340,340,9,9,28,2,0,1,0,0
1300391,1,2022,2022,5,6,5,36,1,53,34609,0,1,7,-33.922253,150.839844,41,0,2,1,0,0,0,0,2,0,0,60,0,6545,6545,4,10,5,2,0,0,0,1
1300392,2,2022,2022,8,2,7,265,17,1,193,0,1,1,-33.948844,148.592238,51,1,0,1,0,0,0,3,2,0,7,100,2,4026,4026,8,10,40,1,0,0,1,0
1300393,1,2022,2022,11,1,5,23,27,33,34609,0,1,10,-33.803919,151.085474,61,0,2,1,3,0,0,0,2,0,7,50,0,217,217,1,5,19,2,0,0,0,1
1300399,2,2022,2022,11,6,8,1,7,8,34609,0,1,1,-31.595073,152.840065,56,2,1,0,0,0,0,0,2,0,7,50,0,4552,5151,8,30,40,1,0,0,1,0
1300400,1,2022,2022,11,2,6,2126,17,445,2149,0,1,1,-33.850555,151.053208,21,0,2,1,3,0,3,4,2,0,7,60,2,14295,14295,3,5,36,2,0,0,0,1
1300401,1,2022,2022,1,5,4,177,22,49,176,0,1,2,-34.047488,151.13871,68,0,2,1,3,0,0,0,2,0,7,70,2,14295,14295,3,5,0,3,0,0,0,1
1300403,1,2022,2022,11,1,6,195,27,20,186,0,1,9,-33.937489,150.842178,41,0,2,1,3,0,0,0,2,0,0,70,2,941,941,1,5,5,2,0,0,0,1
1300404,1,2022,2022,1,2,8,500,27,91,160,0,1,1,-33.984647,150.893896,13,0,2,0,0,0,3,4,2,0,7,60,2,2040,2040,9,0,28,2,0,0,0,1
1300405,4,2022,2022,8,0,4,2,31,210,34609,0,1,1,-34.036607,151.102327,68,0,2,1,1,0,0,0,2,0,7,50,0,1220,1220,9,5,28,2,0,1,0,0
1300406,4,2022,2022,1,6,4,512,17,53,441,0,1,1,-32.247393,148.335148,51,1,0,1,0,0,0,0,2,0,7,110,2,1089,1089,7,10,40,1,0,1,0,0
1300410,4,2022,2022,8,0,5,19,27,10,7,0,1,1,-31.724804,149.187308,51,1,0,0,3,0,3,3,2,0,7,100,2,782,957,5,5,40,1,0,1,0,0
1300411,1,2022,2022,11,1,7,11,27,115,34609,0,1,9,-33.742304,151.201973,50,0,2,1,3,0,0,0,2,0,0,50,0,6545,6545,4,5,0,2,0,0,0,1
1300412,1,2022,2022,3,2,7,6,27,6,34609,0,1,1,-33.585103,149.390323,51,1,0,0,0,0,0,0,2,0,7,100,0,418,714,5,16,40,1,0,0,0,1
1300417,4,2022,2022,1,2,11,330,27,294,34609,0,1,1,-33.944032,150.925354,41,0,2,1,2,0,0,0,0,0,7,60,0,9859,9859,8,5,40,1,0,1,0,0
1300422,2,2022,2022,11,5,9,7,31,234,34609,0,1,10,-34.277438,146.049431,28,2,1,1,2,0,0,0,3,0,0,50,0,6545,6545,4,5,0,2,0,0,1,0
1300424,2,2022,2022,11,0,3,2,27,48,34609,0,1,1,-33.869839,147.20224,51,1,0,0,0,0,3,4,1,0,7,100,0,4552,5151,8,5,40,1,0,0,1,0
1300427,2,2022,2022,1,2,8,5,27,6,13,0,1,1,-35.878613,146.672194,27,1,0,1,0,0,0,0,2,0,7,100,1,4026,4026,8,0,40,1,0,0,1,0
1300428,4,2022,2022,5,0,4,42,27,128,231,0,1,10,-33.42321,151.319645,16,2,2,1,1,0,0,0,2,2,7,60,2,5929,5929,1,5,5,2,0,1,1,0
1300431,2,2022,2022,11,6,7,191,17,32,189,0,1,1,-32.142695,150.29428,73,1,0,1,0,0,0,0,2,0,7,100,2,1109,787,1,10,13,2,0,0,1,0
1300437,4,2022,2022,1,1,8,485,27,187,769,0,1,1,-33.789462,150.995744,54,0,2,1,2,0,0,0,3,0,7,60,2,1282,1282,1,5,19,2,0,1,0,0
1300438,4,2022,2022,5,6,4,225,27,304,140,0,1,1,-33.911288,151.1556,32,0,2,1,0,0,0,3,2,0,9,40,1,2040,2040,9,0,28,2,0,1,0,0
1300439,4,2022,2022,1,4,4,84,27,112,34609,1,2,9,-33.910835,150.928497,41,0,2,1,0,0,0,0,2,0,7,40,0,1109,397,1,0,19,2,0,1,0,0
1300440,1,2022,2022,11,3,7,3371,17,173,3342,1,0,2,-33.722831,151.118539,36,0,2,1,3,0,0,0,2,0,7,60,2,14295,14295,3,0,40,3,0,0,0,1
1300441,4,2022,2022,6,1,8,2209,17,115,2205,0,1,9,-33.913722,151.178142,32,0,2,1,2,0,0,0,3,2,7,60,2,14295,14295,3,5,0,3,0,1,0,0
1300445,1,2022,2022,1,0,10,39,10,87,65,0,1,7,-33.699777,150.958865,71,0,2,1,3,0,3,4,0,0,0,60,1,5929,5929,1,5,22,2,0,0,0,2
1300462,4,2022,2022,11,4,8,60,27,40,167,0,1,9,-34.022903,151.121199,68,0,2,1,1,0,0,0,3,0,0,70,2,2852,2852,4,5,18,2,0,1,1,0
1300463,4,2022,2022,1,3,7,481,17,27,483,0,1,1,-32.493769,148.308486,51,1,0,1,0,0,0,0,2,0,7,110,2,945,945,5,10,40,1,0,1,0,0
1300466,2,2022,2022,5,4,10,48,31,33,45,0,1,10,-33.419033,151.343475,16,2,2,1,2,0,0,0,0,2,7,60,1,5929,5929,1,5,5,2,0,0,3,0
1300467,1,2022,2022,11,3,2,52,27,188,53,0,1,10,-33.939954,151.100928,25,0,2,1,2,0,3,4,0,2,7,50,1,4026,4026,8,0,40,1,0,0,0,1
1300468,2,2022,2022,6,2,8,283,27,197,702,1,0,9,-33.949337,151.080861,25,0,2,1,2,0,0,0,3,2,7,60,2,1282,1282,1,5,0,3,0,0,1,0
1300470,1,2022,2022,1,5,3,95,27,14,605,0,1,1,-33.642938,151.327801,50,0,2,1,0,0,0,0,2,0,7,60,2,57,57,1,19,27,2,0,0,0,1
1300475,4,2022,2022,1,1,6,2209,17,157,2205,0,1,2,-34.008133,151.104706,68,0,2,1,1,0,0,0,2,0,7,70,2,1981,1981,4,9,19,3,0,1,1,0
1300478,2,2022,2022,1,5,3,73,27,39,16,0,1,2,-33.779141,150.750881,55,0,2,1,1,0,0,0,2,0,7,80,2,14295,14295,3,34,0,4,0,0,1,0
1300481,2,2022,2022,5,1,8,10,27,314,34609,0,1,1,-33.841245,150.950432,21,0,2,1,1,0,3,4,3,0,7,50,0,1981,1981,4,5,5,2,0,0,1,0
1300484,2,2022,2022,1,3,2,163,27,23,165,0,1,2,-33.731439,150.802577,7,0,2,1,2,0,0,0,0,0,0,60,1,9859,9859,8,10,40,1,0,0,1,0
1300486,1,2022,2022,1,1,7,222,27,98,70,1,0,9,-33.737111,151.062742,31,0,2,1,3,0,0,0,2,2,7,60,2,2852,2852,4,0,13,2,0,0,0,1
1300489,1,2022,2022,1,1,3,195,27,76,186,0,1,9,-33.919178,150.852602,41,0,2,1,3,0,0,0,2,1,7,70,2,1391,1391,1,8,13,2,0,0,0,1
1300490,1,2022,2022,1,2,6,30,31,76,34609,0,1,7,-34.554222,150.369347,78,2,1,1,3,0,0,0,2,0,0,50,0,14295,14295,3,33,19,2,0,0,0,1
1300491,1,2022,2022,5,2,0,294,17,10,288,0,1,1,-34.173913,142.191456,51,2,1,1,2,0,0,0,0,0,7,60,2,4026,4026,8,34,40,1,0,0,0,1
1300497,1,2022,2022,11,2,9,22,27,26,34609,0,1,1,-34.859634,150.588201,63,2,1,1,3,0,3,4,0,0,7,60,0,14295,14295,3,10,5,2,0,0,0,1
1300500,2,2022,2022,1,3,9,387,27,253,331,0,1,1,-33.965096,151.099473,25,0,2,0,3,0,0,0,0,0,7,60,2,238,238,9,5,28,2,0,0,1,0
1300503,1,2022,2022,11,1,4,475,31,169,41,0,1,10,-33.896138,151.206696,69,0,2,1,3,0,0,0,2,2,7,50,1,1282,1282,1,0,18,2,0,0,0,1
1300507,2,2022,2022,11,6,7,1,31,2,34609,0,1,9,-35.2712,150.488014,63,2,1,1,1,0,0,0,2,0,0,50,0,368,368,9,5,28,2,0,0,1,0
1300508,4,2022,2022,6,2,9,8,27,11,34609,0,1,1,-28.556537,153.393343,10,1,0,0,0,0,0,0,3,0,7,100,0,418,714,5,16,40,1,0,1,0,0
1300509,2,2022,2022,5,2,4,55,27,14,34609,0,1,1,-34.754522,149.54718,26,1,0,1,0,0,0,0,2,0,7,100,0,9859,9859,8,0,40,1,0,0,1,0
1300510,2,2022,2022,1,3,8,135,17,20,136,0,1,10,-35.980143,146.630328,51,2,1,1,1,0,0,0,2,0,0,50,2,6545,6545,4,0,13,3,0,0,1,5
1300511,2,2022,2022,11,1,4,3371,17,463,3342,0,1,9,-30.268785,153.13326,19,2,1,1,1,0,0,0,2,0,0,80,2,150,150,4,5,13,2,0,0,1,0
1300514,2,2022,2022,5,2,8,51,27,85,34609,0,1,10,-33.910862,150.875153,41,0,2,1,2,0,0,0,3,2,7,50,0,5929,5929,1,5,13,2,0,0,1,1
1300517,4,2022,2022,5,5,8,7,27,55,34609,0,1,1,-33.939357,150.898018,41,0,2,1,0,0,0,0,2,0,7,50,0,1089,1089,7,16,40,1,0,1,0,0
1300519,2,2022,2022,0,6,5,255,31,64,34609,0,1,1,-33.481457,150.156023,40,2,1,1,3,0,2,6,2,0,7,40,0,1945,1945,5,18,40,1,0,0,1,0
1300521,4,2022,2022,5,2,6,5,7,23,34609,0,1,1,-33.725083,150.814976,7,0,2,1,1,0,0,0,2,0,7,50,0,9859,9859,1,5,0,2,0,2,0,0
1300522,4,2022,2022,11,2,6,2126,17,136,2149,0,1,9,-33.8578,151.06791,67,0,2,1,1,0,3,4,2,0,7,60,2,5929,5929,1,5,19,2,0,1,0,0
1300523,2,2022,2022,5,3,7,481,17,77,483,0,1,10,-30.321091,149.780707,51,2,1,1,1,0,0,0,2,0,0,50,2,6545,6545,4,22,40,2,0,0,1,0
1300528,1,2022,2022,1,0,4,97,31,142,92,0,1,9,-33.828816,150.993639,21,0,2,1,0,0,0,0,2,0,7,60,1,2852,2852,4,0,36,2,0,0,0,1
1300532,4,2022,2022,6,1,3,42,1,43,34609,0,1,1,-33.214886,151.527003,16,2,2,1,1,0,0,0,2,0,7,50,0,1981,1981,4,5,5,2,0,1,0,0
1300533,2,2022,2022,6,4,8,40,31,105,34609,0,1,1,-32.594601,149.571724,44,2,1,0,1,0,0,0,2,0,7,50,0,4552,5151,1,5,40,2,0,0,1,0
1300536,4,2022,2022,5,2,3,6,27,7,34609,0,1,1,-36.70618,149.796669,5,1,0,0,0,0,3,4,2,0,7,100,0,4552,5151,8,5,40,1,0,1,0,0
1300538,2,2022,2022,6,0,4,387,27,290,331,0,1,1,-33.949303,151.127067,4,0,2,1,0,0,0,0,2,2,9,60,2,2040,2040,9,9,28,2,0,0,1,0
1300543,1,2022,2022,1,2,5,12,27,82,34609,0,1,9,-33.790843,151.269929,50,0,2,1,0,0,0,0,2,0,7,50,0,217,217,1,22,27,2,0,0,0,1
1300545,2,2022,2022,5,2,2,10,27,8,34609,0,1,1,-34.539837,150.613681,78,2,1,1,3,0,0,0,0,0,7,80,0,9859,9859,8,10,40,1,0,0,1,0
1300546,2,2022,2022,1,3,6,40,27,59,39,0,1,2,-33.156627,151.478816,37,0,2,1,1,0,0,0,2,0,7,80,1,4026,4026,8,16,40,1,0,0,1,0
1300550,1,2022,2022,11,0,9,3371,17,147,3342,0,1,2,-33.7505,151.146905,36,0,2,0,3,0,3,4,3,0,7,60,2,14295,14295,3,30,5,2,0,0,0,2
1300554,1,2022,2022,11,2,5,3371,17,16,3342,0,1,2,-31.192785,152.823669,34,1,0,1,3,0,0,0,2,0,7,100,2,4026,4026,8,5,40,1,0,0,0,1
1300555,2,2022,2022,1,0,9,916,17,91,917,0,1,9,-32.794726,151.635769,48,0,2,1,3,0,3,3,0,2,7,60,2,14295,14295,3,9,13,3,0,0,1,0
1300556,1,2022,2022,11,6,0,2126,17,19,2149,0,1,10,-33.434936,149.921131,40,1,0,1,3,0,2,2,0,0,7,100,2,9859,9859,8,5,40,1,0,0,0,1
1300557,2,2022,2022,6,1,8,20,27,243,34609,0,1,1,-33.957668,150.882357,41,0,2,1,2,0,0,0,3,0,7,50,0,1383,1383,1,0,5,2,0,0,1,0
1300560,1,2022,2022,11,5,4,2261,17,243,2252,0,1,9,-33.943524,150.911074,41,0,2,1,3,0,0,0,2,2,7,70,2,14295,14295,3,5,12,2,0,0,0,1
1300565,4,2022,2022,8,1,2,220,14,113,220,0,1,3,-34.260966,150.929165,80,0,2,1,3,0,0,1,1,0,7,110,2,204,204,1,10,5,2,0,1,0,0
1300566,1,2022,2022,11,4,4,154,27,55,244,0,1,10,-33.902142,151.083601,67,0,2,1,3,0,0,0,2,2,7,60,2,6545,6545,4,5,5,2,0,0,0,1
1300570,1,2022,2022,5,1,4,2,10,59,34609,0,1,1,-33.973659,150.868918,13,0,2,0,3,0,0,0,2,0,7,50,0,1981,1981,4,0,5,2,0,0,0,2
1300572,1,2022,2022,1,5,4,12,27,32,11,1,2,1,-32.776835,152.089874,57,2,1,1,3,0,0,0,2,0,9,40,0,214,214,9,5,28,2,0,0,0,1
1300575,2,2022,2022,1,6,8,485,27,323,769,0,1,2,-33.768555,150.999165,54,0,2,1,3,0,0,0,2,0,7,60,2,14295,14295,3,5,5,3,0,0,1,1
1300590,2,2022,2022,6,5,3,2,27,80,34609,0,1,10,-34.543911,146.418488,51,2,1,1,1,0,3,4,2,0,15,60,0,6545,6545,4,0,13,2,0,0,1,0
1300592,4,2022,2022,1,4,5,5,27,69,34609,0,1,1,-28.559241,153.483102,10,2,1,0,0,0,0,0,2,0,7,50,0,4552,5151,8,30,40,1,0,1,0,0
1300593,2,2022,2022,1,1,9,31,31,314,34609,0,1,10,-33.847752,150.929489,24,0,2,1,2,0,0,0,0,0,0,50,0,6545,6545,4,5,0,3,0,0,1,0
1300594,2,2022,2022,3,4,8,8,27,15,7,0,1,1,-34.617428,150.315769,78,2,1,0,0,0,3,4,0,0,7,50,1,2585,4009,8,10,40,1,0,0,1,0
1300600,1,2022,2022,1,6,7,12,31,204,34609,1,2,1,-33.886117,151.126283,32,0,2,1,0,0,0,0,2,0,9,40,0,2040,2040,9,33,28,3,0,0,0,2
1300601,2,2022,2022,11,1,2,3,31,9,34609,0,1,9,-32.910456,151.733619,48,0,2,1,1,0,0,0,1,0,7,50,0,4026,4026,8,5,40,1,0,0,1,0
1300603,4,2022,2022,1,6,4,1,27,33,34609,0,1,9,-34.073942,150.741383,12,0,2,0,1,0,0,0,2,0,0,50,0,1850,985,5,29,40,1,0,1,0,0
1300608,2,2022,2022,5,5,7,2,31,28,34609,0,1,10,-33.09402,148.868308,11,2,1,1,1,0,0,0,2,0,0,50,0,6545,6545,4,5,0,2,0,0,1,0
1300609,2,2022,2022,11,5,7,15,27,56,18,0,1,1,-31.122202,152.874665,34,2,1,1,1,0,0,0,2,0,7,70,1,9859,9859,8,10,40,1,0,0,1,0
1300611,4,2022,2022,11,1,8,2209,17,115,2205,0,1,2,-33.915359,151.175102,32,0,2,1,2,0,0,0,3,0,7,60,2,2040,2040,9,5,28,2,0,1,0,0