Crash ID,Degree of crash - detailed,Reporting year,Year of crash,Month of crash,Day of week of crash,Two-hour intervals,Street of crash,Street type,Town,Route no.,School zone location,School zone active,Type of location,Latitude,Longitude,LGA,Urbanisation,Conurbation 1,Alignment,Street lighting,Road surface,Surface condition,Weather,Natural lighting,Signals operation,Other traffic control,Speed limit,Road classification,RUM - code,DCA - code,First impact type,Key TU type,Other TU type,No. of traffic units involved,No. killed,No. seriously injured,No. moderately injured,No. minor-other injured
1300619,2,2022,2022,6,1,6,6,27,74,34609,0,1,1,-34.556905,148.026543,20,1,0,0,0,0,0,0,2,0,7,100,0,2585,4009,8,10,40,1,0,0,1,0
1300621,4,2022,2022,11,5,8,79,10,128,231,0,1,1,-33.431311,151.316184,16,2,2,1,1,0,0,0,2,0,7,60,2,1945,1945,5,16,40,1,0,1,0,0
1300622,2,2022,2022,1,6,8,171,27,89,369,0,1,1,-33.650625,150.776083,55,0,2,1,0,0,0,0,2,0,7,80,2,14295,14295,3,5,0,2,0,0,1,0
1300626,1,2022,2022,1,1,7,21,27,16,23,0,1,7,-33.742697,150.655119,55,0,2,1,0,0,0,0,2,0,0,50,1,6545,6545,4,10,5,2,0,0,0,1
1300627,2,2022,2022,6,1,5,58,31,69,34609,0,1,10,-33.363677,151.486757,16,2,2,1,0,0,0,0,2,0,0,50,0,6545,6545,4,0,0,2,0,0,1,0
1300629,4,2022,2022,1,5,6,38,31,26,64,0,1,9,-33.908448,151.200177,69,0,2,1,1,0,0,0,2,0,7,50,2,1109,397,1,30,10,2,0,1,1,1
1300631,1,2022,2022,11,5,6,46,36,7,46,0,1,1,-32.598335,148.964311,22,2,1,0,0,0,0,0,2,0,7,80,1,4552,5151,8,5,40,1,0,0,0,1
1300633,4,2022,2022,1,2,6,16,27,10,5,0,1,4,-31.633135,152.709344,56,2,1,0,1,0,0,0,2,0,7,50,1,2585,4009,8,30,40,1,0,1,1,0
1300634,1,2022,2022,1,6,4,20,27,62,31,0,1,1,-33.755429,151.263024,50,0,2,1,1,0,0,0,2,0,7,50,1,14295,14295,3,10,0,3,0,0,0,1
1300636,4,2022,2022,11,4,6,4,27,155,34609,0,1,1,-33.485687,151.333775,16,2,2,0,1,0,0,0,2,0,7,50,0,4552,5151,8,0,40,1,0,1,1,0
1300637,4,2022,2022,11,5,8,46,36,8,46,0,1,1,-32.663045,149.008727,22,1,0,1,0,0,0,0,2,0,7,100,1,4026,4026,8,5,40,1,0,1,0,0
1300638,2,2022,2022,11,2,4,348,17,14,232,0,1,9,-33.097753,149.956863,40,1,0,0,0,0,3,4,2,0,7,100,2,4552,5151,8,5,40,1,0,0,1,0
1300639,4,2022,2022,11,1,5,2,27,123,34609,0,1,1,-33.809684,148.775932,51,1,0,0,0,0,0,0,2,0,7,100,0,4552,5151,8,5,40,1,0,1,0,0
1300640,2,2022,2022,1,3,5,35,27,145,34609,0,1,1,-33.923513,151.130037,15,0,2,1,1,0,0,0,2,0,7,50,0,1981,1981,4,5,19,2,0,0,1,0
1300641,2,2022,2022,5,3,5,68,27,98,208,1,0,10,-33.751138,151.065144,31,0,2,1,2,0,0,0,2,2,9,60,2,6545,6545,4,5,22,2,0,0,1,0
1300644,2,2022,2022,5,5,8,9,31,562,34609,0,1,10,-32.25237,148.610356,22,2,1,1,1,0,0,0,3,0,0,50,0,6545,6545,4,0,0,2,0,0,1,1
1300646,4,2022,2022,1,0,8,5,1,43,34609,0,1,1,-33.218372,151.522848,16,2,2,1,2,0,0,0,0,0,7,50,0,4026,4026,8,34,40,1,0,1,0,0
1300650,2,2022,2022,1,2,5,280,10,314,82,0,1,10,-33.852251,150.931855,24,0,2,1,1,0,0,0,2,0,15,60,1,6545,6545,4,0,5,2,0,0,1,0
1300656,4,2022,2022,1,2,6,72,31,204,62,0,1,9,-33.943712,151.150548,4,0,2,1,0,0,0,0,2,0,7,60,1,1669,1669,3,29,5,3,0,1,0,0
1300657,2,2022,2022,6,2,5,2,27,1,34609,0,1,1,-34.76971,150.469196,63,2,1,0,0,0,3,0,2,0,7,50,0,2585,4009,8,16,40,1,0,0,1,0
1300659,4,2022,2022,5,3,0,145,31,73,34609,0,1,1,-34.196186,150.591757,79,2,2,0,1,0,0,0,0,0,7,60,0,4552,5151,8,5,40,1,0,1,0,0
1300663,4,2022,2022,1,0,7,118,27,646,118,0,1,2,-33.931748,151.028503,15,0,2,1,1,0,0,0,2,0,7,60,1,2040,2040,9,5,28,2,0,1,0,0
1300667,2,2022,2022,11,0,4,12,10,89,34609,0,1,1,-28.212548,153.534475,72,2,1,1,1,0,3,4,2,0,7,50,0,3775,3775,0,10,13,2,0,0,1,0
1300674,2,2022,2022,1,3,5,191,27,193,208,0,1,1,-33.783093,151.084236,54,0,2,1,0,0,0,0,2,0,7,60,2,238,238,9,5,28,2,0,0,1,0
1300675,2,2022,2022,11,0,6,3,31,96,25,1,0,1,-35.355127,149.232619,58,2,1,1,1,0,3,3,2,0,7,50,1,1981,1981,4,0,0,2,0,0,1,0
1300680,2,2022,2022,1,6,4,95,31,370,34609,0,1,0,-34.067867,150.813217,13,0,2,1,1,0,0,0,2,0,7,10,0,248,248,1,5,5,3,0,0,1,0
1300684,4,2022,2022,5,4,2,47,31,166,34609,0,1,10,-33.409581,149.577191,3,2,1,1,0,0,0,0,1,0,0,60,0,6545,6545,4,5,0,2,0,1,0,0
1300685,2,2022,2022,6,6,10,9,27,7,9,0,1,1,-29.48414,151.684509,51,1,0,0,0,0,0,1,0,0,7,100,1,2585,4009,8,5,40,1,0,0,1,0
1300687,2,2022,2022,11,4,8,3,1,433,34609,0,1,1,-33.304885,149.114709,52,2,1,1,1,0,3,4,2,0,7,50,0,1220,1220,9,10,28,2,0,0,1,0
1300690,1,2022,2022,1,5,8,2,36,11,34609,0,1,9,-36.031322,146.945227,0,2,1,1,0,0,0,0,2,0,0,50,0,2852,2852,4,0,5,2,0,0,0,1
1300694,4,2022,2022,11,6,4,1,14,115,34609,0,1,3,-33.917164,151.182485,69,0,2,0,1,0,0,0,2,0,7,60,2,14295,14295,3,30,5,2,0,1,0,0
1300695,2,2022,2022,6,5,10,52,27,188,53,0,1,10,-33.939954,151.100928,25,0,2,1,2,0,0,0,0,2,7,50,1,5929,5929,1,10,0,2,0,0,2,0
1300699,4,2022,2022,5,2,10,3371,17,13,3342,0,1,2,-29.984045,153.140408,19,1,0,0,0,0,0,0,0,0,7,110,2,2040,2040,9,5,28,2,0,1,1,0
1300703,1,2022,2022,11,0,9,2261,17,59,2252,0,1,3,-33.984487,150.858498,13,0,2,1,3,0,0,3,3,0,7,110,2,14295,14295,3,10,7,2,0,0,0,1
1300706,1,2022,2022,11,5,8,171,1,65,22,0,1,1,-33.796807,150.953224,54,0,2,1,3,0,0,0,2,0,7,60,1,1981,1981,4,5,0,2,0,0,0,1
1300710,1,2022,2022,1,0,9,37,31,273,87,0,1,10,-34.422382,150.900537,80,0,2,1,3,0,0,0,0,2,7,60,2,6545,6545,4,0,0,2,0,0,0,1
1300712,1,2022,2022,11,4,6,195,27,53,186,0,1,10,-33.92912,150.846942,41,0,2,1,3,0,0,0,2,2,7,70,2,2852,2852,4,5,5,2,0,0,0,2
1300716,2,2022,2022,1,1,5,137,14,24,70,0,1,3,-32.880752,151.582087,37,0,2,0,3,0,0,3,2,0,7,110,2,14295,14295,3,5,0,2,0,0,1,0
1300719,1,2022,2022,11,5,3,2261,17,187,2252,0,1,10,-33.889499,150.97312,24,0,2,1,3,0,0,0,2,2,7,70,2,14295,14295,3,5,5,2,0,0,0,1
1300721,1,2022,2022,11,5,8,866,17,314,793,0,1,10,-33.847827,150.946959,21,0,2,0,3,0,0,0,2,3,7,70,2,14295,14295,3,10,5,2,0,0,0,1
1300722,4,2022,2022,1,5,9,137,31,532,34609,0,1,10,-33.865678,151.208667,69,0,2,1,2,0,0,3,0,2,7,40,0,14295,14295,3,0,5,2,0,1,0,0
1300724,4,2022,2022,5,0,8,222,27,562,34609,0,1,7,-32.270955,148.63131,22,2,1,1,0,0,0,0,3,0,0,50,0,4026,4026,8,16,40,1,0,1,0,0
1300732,2,2022,2022,11,4,6,137,31,532,34609,0,1,9,-33.865509,151.207395,69,0,2,1,1,0,0,0,2,2,9,40,0,387,387,1,22,5,3,0,0,1,0
1300733,4,2022,2022,11,3,1,6,31,87,34609,0,1,1,-34.479901,150.420096,78,2,1,1,2,0,0,0,0,0,7,50,0,368,368,9,10,26,2,0,1,0,0
1300737,1,2022,2022,1,6,7,147,27,224,21,1,2,9,-33.829075,151.244103,45,0,2,1,3,0,0,0,2,2,7,40,1,14295,14295,3,9,5,2,0,0,0,1
1300742,1,2022,2022,4,6,3,204,27,246,8,0,1,9,-33.910256,151.195609,69,0,2,1,0,0,0,0,2,2,7,50,1,14295,14295,3,9,5,2,0,0,0,1
1300743,2,2022,2022,1,6,4,1,27,6,34609,0,1,1,-32.773276,151.548735,42,2,1,1,1,0,0,0,2,0,7,50,0,1945,1945,5,22,40,1,0,0,1,0
1300744,4,2022,2022,5,2,7,26,31,204,11,0,1,7,-33.891456,151.129992,32,0,2,1,1,0,0,0,2,0,0,50,1,1220,1220,9,5,28,2,0,1,1,0
1300748,1,2022,2022,11,0,3,77,31,445,563,0,1,10,-33.872158,151.042278,21,0,2,1,3,0,0,0,1,2,7,70,2,14295,14295,3,10,5,2,0,0,0,1
1300749,1,2022,2022,11,5,4,829,31,162,15,0,1,7,-33.844691,150.89345,24,0,2,1,3,0,0,0,2,0,0,60,1,926,926,4,5,13,2,0,0,0,1
1300752,1,2022,2022,11,3,8,330,27,49,605,0,1,2,-33.716511,151.297377,50,0,2,1,3,0,0,0,2,0,7,60,2,9859,9859,1,5,5,2,0,0,0,1
1300753,1,2022,2022,1,1,7,3,31,67,34609,0,1,9,-33.875041,150.895635,24,0,2,1,3,0,0,0,2,0,7,50,0,1981,1981,4,5,0,2,0,0,0,1
1300756,1,2022,2022,11,5,4,475,10,100,268,0,1,9,-33.890474,150.884953,24,0,2,1,3,0,0,0,2,2,7,70,2,775,775,4,5,0,2,0,0,0,1
1300757,1,2022,2022,11,6,4,47,31,79,34609,0,1,10,-33.964274,151.119519,4,0,2,1,3,0,0,0,2,0,15,50,0,3775,3775,0,5,0,2,0,0,0,2
1300761,1,2022,2022,11,4,5,485,27,52,769,0,1,9,-33.696877,150.927397,7,0,2,1,3,0,3,0,2,2,7,80,2,1391,1391,1,5,0,2,0,0,0,1
1300769,2,2022,2022,5,6,7,72,27,228,39,0,1,10,-34.74677,149.744579,26,2,1,1,0,0,0,0,2,0,0,80,2,6545,6545,4,0,0,2,0,0,2,0
1300775,1,2022,2022,11,0,4,866,17,174,793,1,2,10,-33.869694,150.925265,24,0,2,1,3,0,0,0,2,2,7,40,2,14295,14295,3,0,5,2,0,0,0,1
1300777,1,2022,2022,11,2,9,196,10,70,168,0,1,9,-33.91008,150.979935,15,0,2,1,3,0,0,0,0,0,6,60,2,14295,14295,3,10,5,2,0,0,0,2
1300780,2,2022,2022,5,4,10,11,3,72,54,0,1,9,-34.023884,151.010144,68,0,2,1,3,0,3,4,0,0,0,80,2,1383,1383,1,0,5,2,0,0,1,0
1300782,1,2022,2022,11,4,4,3,1,323,34609,0,1,1,-33.745272,150.98791,71,0,2,1,3,0,3,3,2,0,7,50,0,1282,1282,1,33,13,2,0,0,0,1
1300783,1,2022,2022,1,4,6,92,31,56,34609,1,0,1,-33.802236,151.203381,77,0,2,1,1,0,0,0,2,0,9,50,0,1220,1220,9,10,28,2,0,0,0,1
1300789,2,2022,2022,11,3,8,177,1,11,34609,0,1,1,-32.927228,151.684341,37,0,2,0,3,0,0,0,3,0,7,50,0,220,220,1,5,13,2,0,0,1,0
1300793,1,2022,2022,6,4,5,222,27,115,165,0,1,1,-33.959707,151.064603,25,0,2,1,3,0,0,0,2,0,7,50,1,1391,1391,1,8,5,2,0,0,0,1
1300796,2,2022,2022,1,3,7,9,27,5,9,0,1,1,-29.651667,151.693628,51,1,0,0,0,0,0,0,2,0,7,100,1,273,957,5,5,40,1,0,0,1,1
1300797,2,2022,2022,11,6,8,3371,17,77,3342,0,1,2,-33.028598,151.661348,37,0,2,1,1,0,0,0,3,0,7,60,2,14295,14295,3,0,0,3,0,0,1,0
1300803,2,2022,2022,11,4,9,1,27,2,34609,0,1,1,-33.111154,151.542318,37,0,2,0,0,0,0,0,0,0,7,70,0,3775,3775,0,0,35,2,0,0,1,0
1300806,2,2022,2022,1,3,7,118,17,98,118,0,1,1,-30.977995,150.254215,51,2,1,1,0,0,0,0,2,0,9,40,2,591,591,1,22,5,2,0,0,1,0
1300808,4,2022,2022,11,0,8,123,36,16,90,0,1,1,-31.536818,151.713351,51,1,0,0,0,0,3,4,2,0,7,100,1,1259,5151,8,30,40,1,0,1,0,0
1300809,2,2022,2022,11,4,10,5,27,108,34609,0,1,7,-33.293903,151.418101,16,2,2,1,2,0,0,0,0,0,0,50,0,945,945,5,5,40,1,0,0,1,0
1300811,2,2022,2022,11,6,7,86,27,4,42,0,1,1,-30.886037,152.59893,34,1,0,0,0,0,0,3,2,0,7,100,1,4552,5151,8,10,40,1,0,0,1,0
1300812,2,2022,2022,1,6,7,107,22,239,121,1,2,9,-34.031321,151.115479,68,0,2,1,1,0,0,0,2,0,7,40,1,1192,1192,1,22,35,2,0,0,1,0
1300815,2,2022,2022,1,3,0,481,17,20,483,0,1,1,-31.126141,149.377961,51,1,0,1,0,0,0,0,0,0,7,110,2,9859,9859,8,30,40,1,0,0,1,0
1300816,4,2022,2022,6,4,11,3371,17,57,3342,0,1,10,-32.978636,151.691847,37,0,2,0,2,0,0,0,0,2,7,60,2,6545,6545,4,16,12,2,0,1,0,0
1300817,2,2022,2022,1,4,8,334,17,98,308,0,1,7,-30.988942,150.276583,51,2,1,1,0,0,0,0,2,0,0,60,2,489,489,5,10,40,1,0,0,1,0
1300822,1,2022,2022,1,0,9,4,27,38,34609,0,1,9,-32.73978,151.856493,57,2,1,1,2,0,0,0,0,0,15,60,0,926,926,4,5,36,2,0,0,0,3
1300824,2,2022,2022,11,3,3,17,27,115,34609,0,1,7,-34.028401,151.072321,68,0,2,1,1,0,0,0,2,0,0,50,0,6545,6545,4,9,27,2,0,0,1,0
1300829,4,2022,2022,1,2,8,1,36,120,34609,0,1,9,-33.769966,150.87777,7,0,2,1,1,0,3,0,2,0,7,50,0,515,515,1,0,19,2,0,2,1,0
1300830,2,2022,2022,11,5,8,478,17,89,480,1,0,2,-33.373653,151.474667,16,2,2,1,1,0,0,0,2,2,9,60,2,1220,1220,9,0,28,2,0,0,1,0
1300833,2,2022,2022,5,2,6,47,27,65,34609,0,1,1,-32.925813,151.779174,48,0,2,1,1,0,0,0,2,0,9,30,0,2040,2040,9,5,26,2,0,0,1,0
1300837,2,2022,2022,11,1,4,7,27,562,34609,0,1,10,-32.196318,148.725274,22,1,0,1,0,0,0,0,2,0,0,100,0,6545,6545,4,10,13,2,0,0,2,0
1300838,2,2022,2022,11,6,8,4,27,65,34609,0,1,7,-33.863804,150.898605,24,0,2,1,1,0,0,0,2,0,7,50,0,1192,1192,1,16,13,2,0,0,1,0
1300841,4,2022,2022,1,2,10,2,27,32,34609,0,1,9,-34.602174,150.617797,78,2,1,0,1,0,0,0,0,0,7,60,0,4552,5151,8,5,40,1,0,1,0,1
1300848,2,2022,2022,5,3,3,916,17,172,917,0,1,9,-32.763982,151.59768,42,2,1,1,2,0,0,1,0,2,7,60,2,380,777,5,16,40,1,0,0,1,0
1300850,4,2022,2022,5,0,6,1052,14,77,928,0,1,3,-33.521426,151.196154,16,1,2,1,3,0,0,0,2,0,7,100,2,14295,14295,3,10,0,3,0,1,0,0
1300851,1,2022,2022,6,4,4,6,27,187,34609,0,1,1,-33.790077,150.990309,54,0,2,1,3,0,0,0,2,0,7,50,0,14295,14295,3,5,5,2,0,0,0,1
1300853,1,2022,2022,11,1,5,10,27,9,34609,0,1,9,-33.476532,151.358536,16,2,2,1,3,0,0,0,2,0,7,50,0,1669,1669,3,10,5,2,0,0,0,1
1300856,1,2022,2022,11,0,5,177,22,87,176,0,1,9,-34.050904,151.151067,68,0,2,1,3,0,0,0,2,0,15,60,2,515,515,1,0,0,2,0,0,0,1
1300858,2,2022,2022,11,4,5,2,31,132,34609,0,1,9,-29.762609,151.109677,33,2,1,1,3,0,0,0,2,0,0,60,0,489,489,8,10,40,1,0,0,1,0
1300859,2,2022,2022,11,1,4,143,31,123,181,0,1,9,-33.884811,151.224809,69,0,2,1,1,0,0,0,2,2,7,50,2,1669,1669,3,15,0,2,0,0,1,0
1300861,1,2022,2022,1,2,8,220,14,40,220,0,1,3,-34.414911,150.881398,80,0,2,1,1,0,0,0,2,0,7,80,2,1192,1192,1,5,13,2,0,0,0,1
1300862,2,2022,2022,1,5,6,4,31,134,34609,0,1,1,-33.521164,151.317727,16,2,2,1,0,0,0,0,2,0,7,50,0,9859,9859,8,5,40,1,0,0,1,0
1300866,1,2022,2022,5,6,8,2261,17,112,2252,0,1,2,-33.905574,150.942991,41,0,2,1,0,0,0,0,3,0,7,60,2,14295,14295,3,5,5,2,0,0,0,1
1300867,4,2022,2022,1,1,7,22,31,157,34609,0,1,1,-33.797878,151.004556,54,0,2,1,1,0,0,3,2,0,7,50,0,5929,5929,1,5,36,3,0,1,0,0
1300868,4,2022,2022,5,3,6,137,31,98,34609,0,1,7,-30.985005,150.249058,51,2,1,1,1,0,0,0,2,0,0,50,0,6545,6545,4,10,19,2,0,1,0,0
1300869,4,2022,2022,6,5,4,5,31,18,34609,0,1,9,-32.962464,151.710335,37,0,2,0,1,0,3,4,2,0,0,60,0,2852,2852,4,5,19,2,0,1,0,0
1300872,2,2022,2022,1,0,11,348,17,31,232,0,1,10,-30.954326,148.388361,51,2,1,0,2,0,3,3,0,0,0,50,2,1957,4009,8,10,40,1,0,0,1,0
1300873,1,2022,2022,11,1,4,110,27,113,48,0,1,2,-34.322614,150.882164,80,0,2,0,1,0,0,0,2,0,7,100,2,14295,14295,3,33,5,3,0,0,0,1
1300877,4,2022,2022,5,3,4,21,27,20,34609,0,1,1,-33.270391,151.392875,16,2,2,0,1,0,0,0,2,0,7,80,0,1957,4009,8,5,40,1,0,1,0,0
1300879,4,2022,2022,1,2,8,15,31,21,34609,0,1,9,-34.545551,150.860757,62,0,2,0,1,0,0,0,2,0,7,50,0,623,623,3,30,19,2,0,1,0,0
1300880,4,2022,2022,1,0,9,95,31,107,83,0,1,9,-29.674223,152.943537,18,2,1,0,2,0,0,0,0,0,7,50,1,2585,4009,8,5,40,1,0,1,0,1
1300881,4,2022,2022,6,4,10,3,27,6,34609,0,1,1,-33.456328,150.02001,40,1,0,1,0,0,0,3,0,0,7,100,0,4026,4026,8,10,40,1,0,1,0,0
1300882,2,2022,2022,11,0,4,481,17,5,483,0,1,1,-31.426025,149.082049,51,2,1,0,0,2,3,0,2,0,7,60,2,1850,1463,5,16,40,1,0,0,1,0
1300883,2,2022,2022,11,4,6,55,31,218,34609,0,1,10,-33.766312,150.781848,55,0,2,1,1,0,0,0,2,0,0,50,0,6545,6545,4,5,5,2,0,0,1,0
1300884,4,2022,2022,1,5,4,3371,17,108,3342,0,1,9,-33.81706,151.179597,77,0,2,0,1,0,0,0,2,0,7,60,2,1850,1463,5,16,40,1,0,1,0,0
1300885,4,2022,2022,1,3,9,27,27,19,39,0,1,1,-31.201612,151.085838,70,1,0,0,0,0,0,0,0,0,7,100,1,2585,4009,8,5,40,1,0,1,0,0
1300891,2,2022,2022,1,6,8,1,6,83,34609,0,1,9,-29.722834,152.919682,18,2,1,0,0,0,0,0,3,0,7,50,0,63,63,4,0,19,2,0,0,1,0
1300892,4,2022,2022,1,4,10,19,27,42,34609,0,1,1,-33.736666,151.279878,50,0,2,1,2,0,3,3,0,0,7,50,0,9859,9859,8,30,40,2,0,1,0,0
1300893,2,2022,2022,5,3,0,109,27,204,105,0,1,1,-33.896082,150.946899,24,0,2,0,2,0,3,4,0,0,7,60,2,1957,4009,8,5,40,1,0,0,1,0
1300895,2,2022,2022,1,6,8,515,14,202,518,0,1,3,-33.940363,151.027772,15,0,2,1,0,0,0,0,2,0,7,100,2,1192,1192,1,16,13,3,0,0,1,0
1300906,2,2022,2022,11,4,10,161,17,3,161,0,1,1,-35.326489,148.162041,66,1,0,0,3,0,0,0,0,0,7,100,2,4552,5151,8,10,40,1,0,0,1,0
1300913,1,2022,2022,1,0,8,2,27,1,34609,0,1,1,-29.247179,153.360336,60,1,0,1,3,2,0,0,0,0,7,100,0,1945,1945,5,16,40,1,0,0,0,1
1300916,1,2022,2022,11,1,4,145,27,143,51,0,1,9,-33.697333,151.099281,31,0,2,1,3,0,0,0,2,0,7,60,2,5929,5929,1,0,5,2,0,0,0,2
1300922,2,2022,2022,11,5,2,1052,14,160,928,0,1,3,-33.121001,151.467109,37,0,2,1,0,0,0,0,0,0,7,110,2,4026,4026,8,10,40,1,0,0,1,0
1300925,1,2022,2022,11,5,8,205,27,106,415,0,1,7,-33.676103,151.289608,50,0,2,1,3,0,0,0,2,0,0,60,2,14295,14295,3,10,5,2,0,0,0,1
1300928,1,2022,2022,6,2,5,224,2,251,34609,0,1,1,-33.758089,150.946238,7,0,2,1,3,0,0,0,2,0,7,50,0,1109,787,1,5,5,2,0,0,0,1
1300938,1,2022,2022,11,0,10,2261,17,14,2252,0,1,9,-34.802944,149.507439,26,1,0,0,3,0,0,0,0,0,0,110,2,623,623,3,29,0,2,0,0,0,1
1300944,1,2022,2022,11,4,5,10,31,12,34609,0,1,10,-33.049774,151.656752,37,0,2,1,3,0,0,3,2,0,0,50,0,6545,6545,4,0,13,2,0,0,0,1
1300945,2,2022,2022,11,5,8,11,10,27,34609,0,1,1,-34.059555,150.738147,12,0,2,1,0,0,0,0,2,0,7,50,0,9859,9859,1,5,13,2,0,0,1,0
1300946,1,2022,2022,11,0,9,2261,17,523,2252,0,1,2,-33.914978,150.921261,41,0,2,0,3,0,0,0,0,0,7,60,2,14295,14295,3,10,5,2,0,0,0,1
1300949,1,2022,2022,1,1,11,280,10,46,240,0,1,9,-33.882472,150.9674,24,0,2,0,3,0,0,0,0,2,7,60,2,14295,14295,3,5,5,2,0,0,0,1
1300952,2,2022,2022,11,2,11,46,27,62,13,1,0,1,-32.922176,151.622368,37,0,2,1,2,0,0,0,0,0,7,60,1,1220,1220,9,0,28,2,0,0,1,0
1300953,2,2022,2022,11,4,1,829,27,309,770,0,1,10,-33.813542,151.096231,61,0,2,0,1,2,0,0,0,2,7,60,2,4552,5151,8,5,40,1,0,0,1,0
1300954,1,2022,2022,11,2,9,387,27,91,331,0,1,10,-33.963654,151.09273,25,0,2,1,3,0,0,0,3,2,7,60,2,6545,6545,4,5,0,2,0,0,0,1
1300957,2,2022,2022,11,0,9,2126,17,323,2149,0,1,10,-33.788732,150.854304,7,0,2,1,3,0,0,0,0,2,7,80,2,14295,14295,3,5,36,2,0,0,1,0
1300958,2,2022,2022,11,3,7,3,27,40,34609,0,1,1,-35.047101,150.584639,63,2,1,0,0,0,0,0,2,0,7,80,0,273,957,5,5,40,1,0,0,1,0
1300959,4,2022,2022,1,1,4,19,27,58,34609,0,1,7,-34.049472,151.116631,68,0,2,1,1,0,0,0,2,0,0,50,0,2040,2040,9,5,28,2,0,1,0,0
1300961,4,2022,2022,11,0,5,109,27,460,106,0,1,9,-33.833714,150.976164,21,0,2,1,0,0,0,0,2,0,0,60,1,2040,2040,9,33,28,2,0,1,0,0
1300962,4,2022,2022,11,2,4,229,14,98,237,0,1,3,-33.757923,151.054506,54,0,2,1,1,0,3,3,2,0,7,100,2,1945,1945,5,16,40,1,0,1,0,0
1300963,2,2022,2022,1,0,9,14,10,19,34609,0,1,1,-33.53787,148.410068,11,1,0,0,3,0,0,0,0,0,7,100,0,1259,5151,8,5,40,1,0,0,1,0
1300967,1,2022,2022,11,6,3,2261,17,646,2252,1,0,10,-33.90639,151.035995,15,0,2,1,3,0,0,0,1,1,7,60,2,623,623,3,8,5,2,0,0,0,1
1300969,1,2022,2022,11,6,11,2126,17,139,2149,0,1,10,-33.876842,151.129745,32,0,2,1,3,0,3,4,0,2,7,60,2,14295,14295,3,5,5,2,0,0,0,1
1300970,1,2022,2022,11,0,5,47,31,120,34609,0,1,0,-32.180273,152.510055,43,2,1,1,3,0,0,0,2,0,7,40,0,220,220,8,0,40,2,0,0,0,1
1300971,2,2022,2022,11,6,3,7,1,168,34609,0,1,10,-33.704945,150.820877,7,0,2,1,1,0,0,0,2,0,0,50,0,6545,6545,4,5,10,2,0,0,1,0
1300972,2,2022,2022,11,5,6,157,17,123,158,0,1,9,-33.834696,148.679789,51,2,1,1,0,0,0,0,2,0,0,50,2,2852,2852,4,5,0,2,0,0,1,0
1300977,1,2022,2022,1,2,11,171,1,65,22,0,1,9,-33.803213,150.960657,54,0,2,1,3,0,0,0,0,0,7,60,1,941,941,1,10,5,2,0,0,0,1
1300981,1,2022,2022,11,2,11,3371,10,316,34609,0,1,1,-31.431887,152.92249,56,2,1,1,2,0,0,0,0,0,7,50,0,9859,9859,1,0,5,2,0,0,0,1
1300982,2,2022,2022,11,3,7,3371,17,8,3342,0,1,2,-28.716551,153.534647,2,1,0,0,0,0,0,0,2,0,7,110,2,2585,4009,8,0,40,1,0,0,1,0
1300983,1,2022,2022,11,2,7,485,27,110,769,0,1,9,-33.791684,150.998117,54,0,2,1,0,0,0,0,2,2,7,60,2,14295,14295,3,5,0,2,0,0,0,2
1300986,2,2022,2022,6,0,7,30,31,37,34609,1,2,1,-33.904071,151.254525,76,0,2,1,1,0,0,0,2,2,7,40,0,1981,1981,4,0,27,2,0,0,1,0
1300988,2,2022,2022,11,4,4,12,27,85,34609,0,1,2,-33.904938,150.871925,41,0,2,1,1,0,0,0,2,0,7,50,0,340,340,9,5,28,2,0,0,1,0
1300991,2,2022,2022,11,1,5,7,31,104,34609,0,1,1,-32.912143,151.709075,48,0,2,1,1,0,0,0,2,0,7,50,0,941,941,1,0,0,2,0,0,1,0
1300992,2,2022,2022,1,1,5,334,17,98,308,0,1,7,-30.977961,150.242866,51,2,1,1,1,0,0,0,2,0,0,50,2,6545,6545,4,0,5,3,0,0,1,0
1300994,4,2022,2022,11,2,5,39,27,36,91,0,1,1,-33.932404,151.257079,59,0,2,1,1,0,0,0,2,0,7,50,1,515,515,1,15,12,2,0,1,0,0
1300997,4,2022,2022,5,1,7,149,36,43,81,0,1,7,-32.170959,152.499028,43,2,1,0,1,0,0,0,2,0,0,50,2,1957,4009,8,10,40,3,0,1,0,0
1300999,4,2022,2022,11,2,6,27,31,132,34609,0,1,10,-29.770193,151.118995,33,2,1,1,0,0,0,0,2,0,15,50,0,6545,6545,4,0,5,2,0,1,1,0
1301002,2,2022,2022,5,4,8,11,31,172,34609,0,1,9,-32.745345,151.585036,42,2,1,1,1,0,0,0,2,0,7,50,0,5929,5929,1,30,5,3,0,0,1,0
1301003,2,2022,2022,11,0,2,2,27,118,34609,0,1,1,-33.412198,151.281665,16,2,2,1,0,0,0,0,0,0,7,60,0,9859,9859,1,9,41,3,0,0,1,0
1301004,4,2022,2022,11,4,5,3371,17,17,3342,0,1,2,-28.49577,153.524359,10,1,0,0,0,0,3,4,2,0,7,110,2,1383,1383,1,5,0,4,0,2,0,0
1301008,2,2022,2022,6,2,6,475,10,137,268,0,1,9,-33.898879,150.89493,24,0,2,1,1,0,0,0,2,0,0,60,2,2852,2852,4,0,18,2,0,0,1,0
1301010,4,2022,2022,11,1,6,3371,17,10,3342,0,1,10,-29.573065,153.073701,18,1,0,1,0,0,0,0,2,0,0,100,2,2852,2852,4,5,5,2,0,1,1,0