Crash ID,Degree of crash - detailed,Reporting year,Year of crash,Month of crash,Day of week of crash,Two-hour intervals,Street of crash,Street type,Town,Route no.,School zone location,School zone active,Type of location,Latitude,Longitude,LGA,Urbanisation,Conurbation 1,Alignment,Street lighting,Road surface,Surface condition,Weather,Natural lighting,Signals operation,Other traffic control,Speed limit,Road classification,RUM - code,DCA - code,First impact type,Key TU type,Other TU type,No. of traffic units involved,No. killed,No. seriously injured,No. moderately injured,No. minor-other injured
1301011,2,2022,2022,1,6,9,2261,17,201,2252,0,1,3,-33.98612,150.856753,13,0,2,1,2,0,0,0,0,0,7,110,2,1192,1192,1,29,5,3,0,0,1,1
1301012,1,2022,2022,11,6,4,9,31,24,34609,1,2,1,-33.909079,150.889767,41,0,2,1,1,0,0,0,2,0,8,40,0,1220,1220,9,5,28,2,0,0,0,1
1301015,4,2022,2022,6,5,6,2261,17,26,2252,0,1,3,-34.100077,150.763803,13,0,2,1,0,0,0,0,2,0,7,110,2,3775,3775,0,5,0,2,0,1,1,0
1301016,2,2022,2022,11,0,7,346,17,47,332,0,1,1,-28.863723,153.473477,2,1,0,0,0,0,0,0,2,0,7,100,2,1850,1463,5,5,40,1,0,0,1,0
1301023,2,2022,2022,11,0,2,348,27,363,88,0,1,9,-33.734681,150.693632,55,0,2,1,2,0,3,1,1,2,7,60,2,4026,4026,8,16,40,2,0,0,1,0
1301024,2,2022,2022,5,6,7,171,31,252,34609,0,1,10,-33.880636,151.213713,69,0,2,1,1,0,0,0,2,2,9,40,0,2040,2040,9,5,28,2,0,0,1,0
1301027,2,2022,2022,3,4,1,3371,17,35,3342,0,1,2,-32.092226,152.393217,43,1,0,0,0,0,3,4,0,0,7,100,2,204,204,1,29,2,2,0,0,1,0
1301028,4,2022,2022,11,6,4,65,10,132,148,0,1,1,-34.079494,151.056862,68,0,2,0,1,0,0,0,2,0,7,60,2,1850,1463,5,22,40,1,0,1,0,0
1301029,4,2022,2022,1,4,4,916,17,10,917,0,1,1,-32.701107,151.447086,42,2,1,1,1,0,0,0,2,0,7,60,2,941,941,1,0,5,2,0,1,0,1
1301030,2,2022,2022,11,4,4,49,31,83,34609,0,1,9,-29.721918,152.931705,18,2,1,1,1,0,0,0,2,0,7,50,0,1669,1669,3,5,36,2,0,0,1,0
1301033,4,2022,2022,1,5,4,866,31,172,34609,0,1,9,-32.745108,151.595704,42,2,1,1,0,0,0,0,2,0,7,50,0,1220,1220,9,5,28,2,0,1,0,0
1301035,2,2022,2022,1,1,6,225,17,15,180,0,1,1,-34.580797,150.505496,78,1,0,1,0,0,0,0,2,0,7,100,2,323,323,1,8,13,2,0,0,1,0
1301038,4,2022,2022,11,2,7,86,27,7,42,0,1,1,-30.838419,152.555037,34,1,0,0,0,0,0,0,2,0,7,100,1,4552,5151,8,16,40,1,0,1,0,0
1301040,4,2022,2022,11,6,6,106,27,252,106,0,1,2,-33.927811,150.873646,41,0,2,0,0,0,0,0,2,0,7,70,2,1192,1192,1,16,19,3,0,1,0,1
1301043,2,2022,2022,11,4,11,512,17,11,441,0,1,1,-32.05893,148.023198,51,1,0,1,0,0,3,4,0,0,7,110,2,404,404,8,5,40,2,0,0,1,0
1301046,4,2022,2022,11,5,9,36,31,225,34609,0,1,9,-33.790787,151.181125,77,0,2,1,0,0,0,0,0,0,0,50,0,340,340,9,0,28,2,0,1,0,0
1301047,1,2022,2022,1,0,8,168,10,387,260,0,1,2,-33.94512,151.186142,4,0,2,1,3,0,3,4,3,0,7,70,2,14295,14295,3,30,5,2,0,0,0,2
1301049,4,2022,2022,6,5,11,2,23,57,34609,0,1,7,-33.341869,151.437836,16,2,2,1,2,0,3,0,0,0,0,50,0,9859,9859,8,5,40,1,0,1,0,0
1301050,1,2022,2022,11,2,6,5,23,29,34609,0,1,1,-33.980105,151.079592,25,0,2,1,3,0,0,0,2,0,7,50,0,387,387,1,22,13,2,0,0,0,1
1301053,2,2022,2022,11,3,10,916,17,179,917,0,1,10,-31.165828,150.919399,70,1,0,1,0,0,0,0,0,0,0,100,2,6545,6545,4,29,0,2,0,0,2,0
1301054,1,2022,2022,1,1,8,133,31,49,34609,0,1,1,-33.708294,151.302477,50,0,2,1,2,0,0,0,0,0,7,50,0,9859,9859,1,5,5,3,0,0,0,1
1301058,2,2022,2022,11,6,5,51,1,63,34609,0,1,9,-33.9246,151.209119,4,0,2,1,0,0,0,0,2,0,7,50,0,1981,1981,4,5,19,2,0,0,1,0
1301062,4,2022,2022,5,1,9,6,31,168,34609,0,1,1,-33.718614,150.828436,7,0,2,0,2,0,0,6,0,0,7,50,0,4552,5151,8,16,40,1,0,1,0,0
1301064,4,2022,2022,5,0,8,1,31,165,34609,0,1,7,-32.263451,150.891306,46,2,1,1,0,0,0,0,2,0,7,50,0,591,591,1,18,0,2,0,1,1,0
1301065,4,2022,2022,1,6,8,99,31,237,105,0,1,10,-33.864693,150.950531,24,0,2,1,2,0,0,0,3,0,15,60,1,2040,2040,9,5,28,2,0,1,0,0
1301067,2,2022,2022,11,3,9,19,6,194,34609,0,1,9,-30.505316,151.681465,1,2,1,1,2,0,0,0,0,0,7,50,0,1669,1669,3,34,5,2,0,0,1,0
1301068,2,2022,2022,1,6,11,13,31,49,34609,0,1,10,-32.990708,151.681201,37,0,2,1,2,0,0,0,0,0,0,60,0,6545,6545,4,5,0,2,0,0,1,0
1301074,4,2022,2022,1,6,8,2261,17,44,2252,0,1,2,-35.221164,147.791044,75,1,0,0,0,0,0,0,3,0,7,110,2,2585,4009,8,0,40,1,0,1,0,1
1301077,4,2022,2022,1,1,5,213,17,11,213,0,1,9,-29.683667,152.857108,18,1,0,1,0,0,0,0,2,0,7,100,2,323,323,1,16,5,2,0,1,0,0
1301078,2,2022,2022,5,5,9,866,17,204,793,0,1,9,-33.901775,150.918555,24,0,2,1,2,0,3,4,0,2,7,70,2,2852,2852,4,5,0,2,0,0,1,0
1301079,1,2022,2022,11,6,3,191,27,193,208,0,1,1,-33.79087,151.086941,61,0,2,0,1,0,0,0,2,0,9,60,2,14295,14295,3,5,5,2,0,0,0,1
1301082,2,2022,2022,6,2,1,2261,17,31,2252,0,1,3,-34.0162,150.826034,13,0,2,0,0,0,0,0,0,0,7,110,2,1850,1463,5,5,40,1,0,0,1,0
1301085,2,2022,2022,1,2,9,42,31,113,34609,0,1,10,-29.471261,149.847259,51,2,1,1,2,0,0,0,0,0,15,50,0,6545,6545,4,5,5,2,0,0,2,0
1301092,4,2022,2022,11,1,6,346,17,87,332,0,1,1,-28.816403,153.296078,39,2,1,0,0,0,0,0,2,0,7,60,2,190,190,1,9,12,2,0,1,0,0
1301093,4,2022,2022,6,4,5,2209,17,40,2205,0,1,9,-34.987496,150.586207,63,1,0,1,0,0,0,0,2,0,7,100,2,1669,1669,3,10,13,3,0,1,4,0
1301098,4,2022,2022,1,5,0,149,10,346,702,0,1,6,-33.884115,151.069728,67,0,2,1,2,0,0,0,0,0,7,70,2,9859,9859,8,16,40,1,0,1,0,0
1301099,2,2022,2022,5,5,8,2209,17,13,2205,0,1,1,-35.151828,150.452998,63,2,1,0,0,0,3,4,3,0,7,80,2,3775,3775,0,10,0,2,0,0,2,0
1301100,4,2022,2022,1,5,5,8,27,20,34609,0,1,1,-29.159023,152.214486,51,1,0,0,0,2,0,0,2,0,7,100,0,1850,1463,5,16,40,1,0,1,0,0
1301101,4,2022,2022,1,3,0,162,31,532,24,0,1,10,-33.868736,151.206953,69,0,2,1,2,0,0,0,0,2,7,40,1,2040,2040,9,5,28,3,0,1,1,0
1301103,4,2022,2022,11,6,8,829,1,337,35,0,1,2,-33.726072,150.977594,71,0,2,1,1,0,0,0,2,0,7,50,1,1192,1192,1,5,0,3,0,1,1,0
1301105,1,2022,2022,11,2,8,175,27,609,220,0,1,10,-33.763728,150.913221,7,0,2,1,3,0,0,0,2,2,7,70,2,5929,5929,1,5,0,2,0,0,0,2
1301106,2,2022,2022,11,1,9,9,31,107,34609,0,1,1,-29.667914,152.923099,18,2,1,1,0,2,0,0,3,0,7,50,0,4026,4026,8,0,40,1,0,0,1,0
1301107,2,2022,2022,5,4,4,3371,17,463,3342,0,1,9,-30.282491,153.128467,19,2,1,1,2,0,3,4,2,2,7,60,2,1282,1282,1,5,2,4,0,0,1,0
1301108,2,2022,2022,1,4,2,1,27,1,34609,0,1,9,-33.867605,149.545502,51,2,1,1,0,2,3,1,0,0,7,80,0,1945,1945,5,10,40,1,0,0,1,0
1301109,4,2022,2022,6,5,3,11,27,9,118,0,1,1,-29.993987,150.595393,51,1,0,0,0,0,3,0,2,0,7,100,2,418,714,5,8,40,1,0,1,0,0
1301111,2,2022,2022,11,1,7,36,27,10,83,0,1,1,-29.426483,153.280545,18,1,0,1,1,0,0,0,2,0,7,90,1,3775,3775,0,5,0,2,0,0,1,0
1301112,4,2022,2022,5,1,3,916,17,4,917,0,1,10,-30.564057,151.578286,51,1,0,1,0,0,3,1,2,0,0,100,2,2852,2852,4,3,12,2,0,1,0,0
1301114,1,2022,2022,5,2,9,20,31,57,169,0,1,1,-32.812039,151.477795,17,2,1,1,0,0,0,0,0,0,7,60,2,5929,5929,1,5,19,2,0,0,0,1
1301116,4,2022,2022,11,1,5,35,27,3,24,0,1,1,-32.830486,149.493019,44,1,0,1,0,0,0,0,2,0,7,100,1,945,945,5,16,40,1,0,1,0,0
1301118,2,2022,2022,1,1,9,149,10,136,702,0,1,2,-33.857587,151.069853,21,0,2,1,2,0,0,0,0,0,7,80,2,14295,14295,3,5,5,3,0,0,2,0
1301119,4,2022,2022,5,1,4,308,14,164,311,0,1,3,-33.734454,150.88533,7,0,2,1,0,0,0,3,2,0,7,100,2,14295,14295,3,9,13,5,0,1,1,0
1301121,2,2022,2022,5,2,4,2126,17,17,2149,0,1,1,-33.442304,149.835711,3,1,0,1,0,0,0,0,2,0,7,100,2,9859,9859,8,5,40,1,0,0,1,1
1301124,2,2022,2022,1,5,9,6,31,51,34609,0,1,2,-33.266445,151.487479,16,2,2,1,2,0,0,0,0,0,7,50,0,121,121,9,33,28,2,0,0,1,0
1301126,4,2022,2022,1,1,9,230,27,173,284,0,1,2,-33.775223,151.104855,61,0,2,1,2,0,0,0,0,0,7,70,2,515,515,1,0,5,2,0,1,1,0
1301127,2,2022,2022,1,4,7,20,31,57,169,0,1,9,-32.813698,151.473069,17,2,1,1,0,0,0,0,2,0,15,60,2,1109,787,1,10,19,2,0,0,1,0
1301128,2,2022,2022,1,2,1,26,10,31,34609,0,1,1,-33.426649,151.371329,16,2,2,1,2,0,3,4,0,0,7,50,0,1945,1945,5,5,40,1,0,0,1,0
1301130,4,2022,2022,1,6,8,916,17,48,917,0,1,1,-29.053922,152.019057,51,2,1,1,1,0,0,0,2,0,7,40,2,3775,3775,0,0,13,2,0,1,0,0
1301131,2,2022,2022,11,0,3,14,27,5,34609,0,1,9,-30.777978,152.694535,47,2,1,1,0,0,0,0,2,0,7,80,0,591,591,1,22,0,2,0,0,1,0
1301132,2,2022,2022,11,2,7,2126,17,136,2149,0,1,2,-33.857312,151.066729,67,0,2,1,1,0,3,4,2,0,7,60,2,387,387,1,16,5,2,0,0,1,0
1301137,2,2022,2022,11,0,5,51,27,85,34609,0,1,10,-33.910862,150.875153,41,0,2,1,1,0,3,4,2,2,7,50,0,5929,5929,1,5,13,2,0,0,1,2
1301141,4,2022,2022,1,3,6,10,27,51,34609,0,1,1,-34.469204,150.796229,80,0,2,0,0,0,0,0,2,0,7,80,0,4552,5151,8,15,40,1,0,1,0,0
1301145,4,2022,2022,11,2,3,8,31,40,34609,0,1,7,-34.419727,150.884403,80,0,2,0,0,0,0,0,2,0,0,50,0,1669,1669,3,22,19,2,0,1,0,0
1301148,4,2022,2022,11,2,7,2126,17,22,2149,0,1,1,-33.576029,150.217509,40,2,1,0,0,0,3,4,2,0,7,80,2,14295,14295,3,16,0,2,0,1,0,0
1301149,2,2022,2022,11,3,8,2,6,57,34609,0,1,9,-32.989024,151.69386,37,0,2,1,0,0,0,0,2,0,7,60,0,5929,5929,1,0,0,2,0,0,1,0
1301152,4,2022,2022,1,3,6,195,27,54,186,0,1,2,-33.878705,150.867105,24,0,2,1,0,0,0,0,2,0,7,70,2,1282,1282,1,0,19,2,0,1,0,0
1301153,4,2022,2022,11,6,3,22,27,26,34609,0,1,7,-34.856968,150.582958,63,2,1,1,0,0,0,0,2,0,0,60,0,926,926,4,16,5,2,0,1,0,0
1301154,1,2022,2022,11,4,1,3371,17,24,3342,0,1,2,-29.73096,153.120614,18,1,0,1,0,0,0,0,0,0,7,110,2,9859,9859,8,0,40,1,0,0,0,1
1301155,2,2022,2022,1,2,9,149,27,60,198,0,1,10,-33.949291,150.950073,41,0,2,1,2,0,0,0,0,2,7,60,2,5929,5929,1,5,5,2,0,0,1,0
1301156,2,2022,2022,11,4,9,25,27,65,208,0,1,2,-33.860737,150.898949,24,0,2,1,2,0,0,0,0,0,7,50,1,1945,1945,5,16,40,1,0,0,1,0
1301161,2,2022,2022,6,0,9,916,17,12,917,0,1,1,-31.897454,150.880814,73,2,1,1,0,0,0,0,0,0,7,80,2,1981,1981,4,10,13,2,0,0,1,0
1301162,2,2022,2022,5,0,8,37,27,25,52,0,1,1,-33.874447,150.618275,79,2,2,1,0,0,3,4,0,0,7,60,1,3775,3775,0,0,5,2,0,0,1,0
1301165,4,2022,2022,11,5,5,1,18,50,34609,0,1,1,-34.344285,150.899597,80,0,2,1,0,0,0,0,2,0,7,50,0,5929,5929,1,5,27,2,0,1,0,0
1301169,4,2022,2022,11,1,8,76,27,77,148,0,1,10,-32.938524,151.753801,48,0,2,1,0,0,0,0,2,2,7,60,1,1282,1282,1,33,18,2,0,1,0,0
1301173,1,2022,2022,1,1,4,478,17,20,480,0,1,1,-33.295016,151.544423,16,2,2,1,0,0,0,0,2,0,14,40,2,14295,14295,3,9,5,2,0,0,0,1
1301175,2,2022,2022,5,2,6,1,23,188,34609,0,1,1,-33.946441,151.096923,25,0,2,1,1,0,3,4,2,0,7,50,0,4026,4026,1,5,0,2,0,0,2,0
1301177,4,2022,2022,1,2,9,154,27,293,244,0,1,9,-33.919917,151.062478,15,0,2,1,2,0,0,0,0,0,0,60,2,2040,2040,9,5,28,2,0,1,1,0
1301179,2,2022,2022,11,6,8,1,27,2,34609,0,1,1,-29.476797,153.354583,18,2,1,1,0,2,0,0,2,0,7,50,0,1945,1945,5,16,40,1,0,0,1,0
1301181,4,2022,2022,1,1,7,3371,17,82,3342,0,1,9,-33.8291,151.201814,49,0,2,1,1,0,0,0,2,0,15,60,2,489,489,8,0,40,1,0,1,0,0
1301182,1,2022,2022,11,5,8,2,1,290,34609,0,1,1,-33.949711,151.120028,4,0,2,1,3,0,0,0,2,0,7,50,0,9859,9859,1,5,5,2,0,0,0,1
1301186,2,2022,2022,11,1,6,1,10,562,34609,0,1,9,-32.253819,148.569669,22,2,1,1,3,0,0,0,2,0,0,80,0,926,926,4,5,5,2,0,0,1,0
1301187,1,2022,2022,11,4,6,225,31,66,34609,1,0,1,-34.488417,150.895111,80,0,2,1,3,0,0,0,2,0,7,60,0,14295,14295,3,5,5,2,0,0,0,1
1301190,4,2022,2022,11,3,8,2126,17,38,2149,0,1,2,-33.774455,150.792439,55,0,2,1,3,0,0,0,3,0,7,60,2,9859,9859,8,5,40,1,0,1,0,0
1301191,1,2022,2022,11,1,4,2,27,75,34609,1,0,1,-33.713664,150.372333,8,2,2,1,1,0,3,0,2,0,7,50,0,18,18,2,0,5,2,0,0,0,1
1301195,4,2022,2022,5,6,4,512,17,21,441,0,1,1,-31.517925,147.13695,51,1,0,1,0,0,0,0,2,0,7,110,2,4026,4026,8,5,40,1,0,1,0,0
1301197,1,2022,2022,11,4,7,9,31,147,69,0,1,10,-33.870147,151.130927,14,0,2,1,3,0,3,4,2,2,7,60,2,1391,1391,1,10,13,2,0,0,0,1
1301198,2,2022,2022,5,5,4,171,1,80,104,0,1,10,-33.940678,151.215377,4,0,2,1,3,0,0,0,2,2,7,70,2,6545,6545,4,0,5,2,0,0,1,0
1301199,4,2022,2022,11,1,5,5,31,25,34609,0,1,1,-33.877076,151.281264,76,0,2,1,1,0,0,0,2,0,7,50,0,186,186,9,9,28,2,0,1,0,0
1301200,2,2022,2022,11,6,4,50,31,165,34609,0,1,9,-32.272401,150.887651,46,2,1,1,0,0,0,0,2,0,15,50,0,368,368,9,21,28,2,0,0,1,0
1301201,2,2022,2022,11,2,6,2126,17,179,2149,0,1,9,-33.758879,150.720697,55,0,2,1,0,0,0,0,2,2,7,60,2,5929,5929,1,0,12,2,0,0,1,0
1301202,1,2022,2022,6,6,4,63,27,224,605,0,1,2,-33.817428,151.243563,45,0,2,1,1,0,0,0,2,0,7,60,2,9859,9859,1,5,22,2,0,0,0,1
1301204,1,2022,2022,11,1,7,115,27,138,114,0,1,9,-33.876862,151.271197,76,0,2,1,0,0,0,0,2,0,0,50,2,2040,2040,9,5,28,2,0,0,0,1
1301206,2,2022,2022,1,5,8,3,10,42,34609,0,1,1,-33.948366,150.941726,41,0,2,1,0,0,0,0,3,0,7,40,0,9859,9859,8,0,40,1,0,0,1,0
1301208,2,2022,2022,11,0,9,44,31,160,260,0,1,9,-33.109719,151.485943,37,0,2,1,2,0,0,0,3,2,7,50,2,14295,14295,3,5,5,2,0,0,1,1
1301209,2,2022,2022,1,0,2,72,27,72,56,0,1,9,-33.790906,151.065782,54,0,2,0,2,0,0,0,1,2,7,60,2,2852,2852,4,21,5,2,0,0,1,0
1301211,4,2022,2022,11,1,4,12,2,232,34609,0,1,2,-33.695693,150.93154,71,0,2,1,1,0,0,0,2,0,7,50,0,340,340,9,0,28,2,0,1,0,0
1301212,4,2022,2022,11,0,3,1104,14,223,962,0,1,3,-33.804674,150.910564,7,0,2,1,0,0,3,4,2,0,7,100,2,1391,1391,1,10,19,2,0,1,0,0
1301216,4,2022,2022,11,3,6,59,27,271,17,0,1,9,-33.941287,151.018417,15,0,2,1,2,0,0,0,2,2,7,60,2,5929,5929,1,10,5,2,0,1,0,0
1301217,4,2022,2022,1,5,10,6,7,52,34609,0,1,1,-33.955557,150.948252,41,0,2,1,2,0,0,0,0,0,7,40,0,4026,4026,8,16,40,2,0,1,0,0
1301222,2,2022,2022,11,0,11,27,27,17,62,0,1,1,-30.260489,153.050222,19,2,1,0,0,2,0,0,0,0,7,60,1,1957,4009,8,5,40,1,0,0,1,0
1301225,2,2022,2022,1,2,7,13,27,89,34609,0,1,1,-33.865908,150.881595,24,0,2,1,3,0,0,0,2,0,7,50,0,1981,1981,4,5,5,2,0,0,1,0
1301226,4,2022,2022,1,0,5,42,10,65,39,0,1,1,-34.490554,150.881842,80,0,2,1,1,0,0,0,2,0,7,60,1,121,121,9,8,28,2,0,1,1,0
1301227,1,2022,2022,1,6,8,45,27,110,45,0,1,1,-33.743635,151.047249,31,0,2,0,1,0,3,3,3,0,7,60,2,14295,14295,3,5,5,2,0,0,0,1
1301228,2,2022,2022,11,3,4,2209,17,40,2205,0,1,2,-34.711242,150.841005,35,2,1,0,1,0,0,0,2,0,7,80,2,4552,5151,8,16,40,1,0,0,1,0
1301229,4,2022,2022,8,5,10,475,10,42,268,0,1,10,-33.876057,150.842361,24,0,2,1,2,0,3,4,0,2,7,70,2,5929,5929,1,5,0,2,0,1,0,1
1301231,2,2022,2022,5,1,11,1,1,120,34609,0,1,1,-32.221261,152.528284,43,2,1,1,2,0,0,0,0,0,7,50,0,9859,9859,1,10,0,3,0,0,1,0
1301235,2,2022,2022,5,1,4,192,10,84,114,0,1,2,-33.467536,151.38054,16,2,2,1,0,0,0,0,2,0,7,60,2,4026,4026,8,5,40,2,0,0,1,0
1301243,1,2022,2022,1,1,4,82,31,363,369,0,1,9,-33.759771,150.711105,55,0,2,1,3,0,0,0,2,0,7,70,2,14295,14295,3,5,5,3,0,0,0,1
1301244,1,2022,2022,1,1,4,500,27,91,160,0,1,1,-33.984014,150.894381,13,0,2,0,3,0,0,0,2,0,7,60,2,14295,14295,3,5,0,2,0,0,0,1
1301246,1,2022,2022,11,0,4,15,10,26,34609,0,1,9,-33.068404,151.578079,37,0,2,0,3,0,3,4,2,0,7,50,0,1669,1669,3,19,0,2,0,0,0,1
1301247,4,2022,2022,1,5,5,866,17,98,793,0,1,10,-33.738831,151.072266,31,0,2,1,1,0,0,0,2,2,7,70,2,5929,5929,1,0,19,2,0,1,0,1
1301248,1,2022,2022,5,5,8,97,31,460,34609,0,1,1,-33.834287,150.992045,21,0,2,1,3,0,0,0,3,0,7,50,0,1383,1383,1,10,13,2,0,0,0,1
1301249,1,2022,2022,11,1,6,171,1,387,104,0,1,9,-33.933967,151.199251,4,0,2,1,3,0,0,0,2,2,7,60,2,5929,5929,1,0,5,2,0,0,0,1
1301250,1,2022,2022,11,5,4,171,27,103,34609,0,1,2,-32.951162,151.655676,37,0,2,1,3,0,0,0,2,0,7,50,0,312,312,2,10,40,1,0,0,0,1
1301252,1,2022,2022,11,3,7,3371,17,36,3342,0,1,6,-33.428652,151.223769,16,2,2,0,3,0,0,0,2,0,7,80,2,2585,4009,8,16,40,1,0,0,0,1
1301255,1,2022,2022,1,2,6,8,27,34,12,0,1,9,-33.857023,151.203631,69,0,2,0,3,0,0,0,2,0,9,40,1,14295,14295,3,0,5,2,0,0,0,2
1301256,1,2022,2022,1,5,4,220,14,51,220,0,1,3,-34.474197,150.831226,80,0,2,1,3,0,0,0,2,0,7,100,2,14295,14295,3,0,13,2,0,0,0,1
1301257,2,2022,2022,1,5,8,2261,17,284,2252,1,0,9,-33.90766,151.026091,15,0,2,1,3,0,0,0,3,3,7,60,2,186,186,1,19,5,2,0,0,1,0
1301259,2,2022,2022,1,0,5,478,17,128,480,0,1,2,-33.427473,151.325066,16,2,2,1,3,0,0,3,2,3,7,70,2,1282,1282,1,5,0,2,0,0,1,1
1301261,1,2022,2021,5,4,7,3371,17,54,3342,0,1,9,-33.08965,151.638609,37,0,2,1,3,0,0,0,2,2,7,60,2,14295,14295,3,5,36,2,0,0,0,1
1301265,1,2022,2022,1,2,5,2261,17,112,2252,0,1,10,-33.913869,150.931748,41,0,2,1,3,0,0,0,2,2,7,70,2,1391,1391,1,5,5,2,0,0,0,1
1301270,4,2022,2022,6,6,3,53,31,140,125,0,1,1,-33.903549,151.002789,15,0,2,1,1,0,0,0,1,0,7,60,1,941,941,1,5,25,2,0,2,0,0
1301277,4,2022,2022,1,4,8,18,1,293,34609,0,1,10,-33.946413,151.238409,59,0,2,1,0,0,0,0,2,0,15,50,0,4026,4026,8,5,40,1,0,2,0,0
1301294,4,2022,2022,5,2,5,168,10,387,260,0,1,2,-33.94605,151.17917,4,0,2,1,2,0,0,0,2,0,7,70,2,14295,14295,3,0,5,4,0,1,0,0
1301296,2,2022,2022,5,6,6,222,27,115,165,0,1,9,-33.96262,151.067108,25,0,2,1,1,0,0,3,2,0,0,50,1,2852,2852,4,21,12,2,0,0,1,2
1301298,4,2022,2022,5,3,8,19,27,35,105,0,1,1,-33.889103,150.902178,24,0,2,1,1,0,0,0,2,0,7,60,1,3775,3775,0,5,0,2,0,1,0,0
1301301,4,2022,2022,11,1,7,2,7,74,34609,0,1,9,-33.755044,150.826867,7,0,2,1,1,0,0,0,2,0,7,50,0,1220,1220,9,5,28,2,0,1,1,0
1301302,1,2022,2022,1,5,7,829,31,136,34609,1,2,1,-32.924041,151.713824,48,0,2,1,1,0,0,3,2,0,7,40,0,1669,1669,3,16,5,2,0,0,0,1
1301303,1,2022,2022,11,0,4,293,27,103,172,0,1,10,-32.9482,151.65683,37,0,2,1,3,0,0,0,2,0,15,60,2,6545,6545,4,0,5,2,0,0,0,1
1301304,2,2022,2022,11,6,8,2126,17,60,2149,0,1,1,-33.600396,150.266257,8,2,2,1,2,0,0,0,0,0,7,80,2,1192,1192,1,0,35,2,0,0,1,0
1301305,2,2022,2022,11,3,4,213,17,7,213,0,1,1,-29.447963,152.402821,18,1,0,0,0,0,0,0,2,0,7,100,2,2585,4009,8,5,40,1,0,0,1,0
1301309,1,2022,2022,1,6,8,143,31,90,181,0,1,9,-33.889597,151.23373,81,0,2,1,3,0,0,0,3,3,7,60,2,1383,1383,1,0,5,2,0,0,0,1
1301310,4,2022,2022,11,0,7,1,10,16,34609,0,1,1,-36.395644,150.054833,5,2,1,1,0,2,3,4,2,0,7,40,0,1945,1945,5,16,40,1,0,1,0,0
1301311,2,2022,2022,1,4,8,38,27,85,35,0,1,9,-34.583823,150.778751,62,0,2,1,1,0,0,0,2,0,15,70,1,2852,2852,4,0,0,2,0,0,2,0
1301313,2,2022,2022,1,6,9,2261,17,243,2252,0,1,2,-33.95749,150.888462,41,0,2,1,2,0,0,0,3,0,7,70,2,14295,14295,3,5,5,3,0,0,2,1
1301314,1,2022,2022,1,3,11,30,27,187,94,0,1,9,-33.880562,150.979218,15,0,2,1,2,0,0,0,0,0,0,60,1,1669,1669,3,33,5,2,0,0,0,1
1301315,2,2022,2022,11,3,7,3,1,433,34609,0,1,1,-33.292066,149.110736,52,2,1,1,1,0,0,0,2,0,7,50,0,1282,1282,1,5,40,3,0,0,1,0
1301319,1,2022,2022,11,6,3,348,17,105,232,0,1,7,-32.590398,149.583694,44,2,1,1,0,0,0,0,2,0,0,50,2,2040,2040,9,8,28,2,0,0,0,1
1301322,4,2022,2022,1,4,2,40,27,160,39,0,1,1,-33.141276,151.477789,37,0,2,1,0,0,0,0,1,0,7,90,1,3775,3775,0,10,13,2,0,2,0,0
1301324,2,2022,2022,1,0,8,147,27,224,21,1,0,1,-33.830253,151.244217,45,0,2,1,2,0,0,3,3,0,7,50,1,1220,1220,9,0,28,2,0,0,1,0
1301331,4,2022,2022,5,0,4,12,23,134,65,0,1,9,-33.662678,150.853236,7,0,2,0,1,0,0,0,2,0,7,60,1,5929,5929,1,29,5,2,0,1,0,0
1301335,2,2022,2022,11,4,7,95,31,370,34609,0,1,1,-34.070973,150.810394,13,0,2,1,1,0,0,0,2,0,7,50,0,5929,5929,1,5,19,2,0,0,1,0
1301336,4,2022,2022,11,5,3,191,17,32,189,0,1,1,-32.117097,150.180607,73,1,0,1,0,0,0,0,0,0,7,100,2,9859,9859,8,5,40,1,0,1,0,0
1301341,2,2022,2022,11,1,6,53,27,134,51,0,1,9,-33.517677,151.317322,16,2,2,1,1,0,0,0,2,0,0,60,1,5929,5929,1,0,27,2,0,0,2,0
1301342,2,2022,2022,11,0,6,42,27,33,30,1,0,9,-33.897865,151.252048,76,0,2,1,1,0,0,0,2,0,7,50,1,2040,2040,9,5,28,2,0,0,1,0
1301343,2,2022,2022,11,0,5,35,10,463,34609,0,1,9,-30.30232,153.122655,19,2,1,1,0,0,0,3,2,0,7,50,0,395,395,1,21,5,2,0,0,2,0
1301344,2,2022,2022,6,1,7,14,27,39,34609,0,1,10,-33.763179,150.931137,7,0,2,1,0,0,0,0,2,0,0,50,0,6545,6545,4,5,5,2,0,0,1,0
1301345,2,2022,2022,11,1,8,44,31,82,34609,0,1,9,-33.800241,151.263615,50,0,2,1,0,0,0,0,2,0,7,50,0,1220,1220,9,30,28,2,0,0,1,0
1301348,1,2022,2022,11,6,3,3371,17,6,3342,0,1,9,-32.682173,151.81476,57,1,0,1,0,0,0,0,2,0,15,110,2,2852,2852,4,0,0,2,0,0,0,1
1301354,4,2022,2022,11,4,9,21,31,72,34609,0,1,1,-33.789734,151.054804,54,0,2,1,2,0,0,0,0,0,7,50,0,9859,9859,1,5,5,2,0,1,0,1
1301355,2,2022,2022,11,3,9,3,31,176,34609,0,1,1,-33.952612,151.143952,4,0,2,1,0,0,0,0,0,0,7,50,0,9859,9859,1,0,5,2,0,0,1,0
1301358,2,2022,2022,11,3,7,3371,17,143,3342,0,1,9,-33.702344,151.099338,31,0,2,1,3,0,0,0,2,2,7,60,2,5929,5929,1,0,13,2,0,0,1,0