Crash ID,Degree of crash - detailed,Reporting year,Year of crash,Month of crash,Day of week of crash,Two-hour intervals,Street of crash,Street type,Town,Route no.,School zone location,School zone active,Type of location,Latitude,Longitude,LGA,Urbanisation,Conurbation 1,Alignment,Street lighting,Road surface,Surface condition,Weather,Natural lighting,Signals operation,Other traffic control,Speed limit,Road classification,RUM - code,DCA - code,First impact type,Key TU type,Other TU type,No. of traffic units involved,No. killed,No. seriously injured,No. moderately injured,No. minor-other injured
1301363,1,2022,2022,11,6,5,1,27,1,34609,0,1,1,-35.431108,149.95558,58,2,1,1,0,2,0,3,2,0,7,80,0,9859,9859,8,5,40,1,0,0,0,2
1301364,2,2022,2022,11,6,5,13,27,239,34609,0,1,1,-34.033751,151.12529,68,0,2,1,0,0,0,0,2,0,7,50,0,1981,1981,4,10,19,2,0,0,1,0
1301366,4,2022,2022,5,1,7,7,31,160,34609,0,1,1,-33.101147,151.475651,37,0,2,0,0,0,0,0,2,0,7,60,0,14295,14295,3,5,13,2,0,1,0,1
1301369,4,2022,2022,11,6,6,234,27,112,217,1,0,1,-33.688387,151.028817,31,0,2,0,3,0,0,0,2,0,7,60,2,1957,4009,8,0,40,1,0,1,0,0
1301370,1,2022,2022,1,2,4,222,31,131,212,0,1,9,-33.783671,151.191593,77,0,2,1,3,0,0,0,2,1,7,60,2,623,623,3,0,5,2,0,0,0,1
1301374,1,2022,2022,6,0,6,204,31,314,34609,0,1,7,-33.855728,150.927963,24,0,2,1,3,0,0,0,2,0,0,50,0,6545,6545,4,0,12,2,0,0,0,1
1301376,4,2022,2022,1,5,4,45,3,33,331,0,1,10,-34.060991,150.727335,12,0,2,1,3,0,0,0,2,2,7,100,2,6545,6545,4,5,0,2,0,1,0,0
1301382,4,2022,2022,11,6,3,24,36,17,56,0,1,1,-34.818601,147.529766,51,1,0,0,0,0,0,0,2,0,7,100,2,782,957,5,8,40,1,0,1,0,0
1301386,4,2022,2022,11,5,7,85,31,179,34609,0,1,1,-31.898955,152.473552,43,2,1,1,1,0,0,0,2,0,7,60,0,387,387,1,22,0,2,0,1,0,0
1301388,1,2022,2022,6,2,3,330,23,293,39,1,0,9,-33.957075,151.244932,59,0,2,0,1,0,0,0,2,0,7,60,1,14295,14295,3,22,27,2,0,0,0,1
1301389,2,2022,2022,5,2,7,1,25,125,34609,0,1,1,-33.836534,151.126413,61,0,2,1,0,0,0,0,2,0,7,50,0,623,623,3,0,5,2,0,0,1,0
1301390,4,2022,2022,11,3,5,255,27,71,166,0,1,1,-33.263465,151.532396,16,2,2,1,1,0,0,0,2,0,7,50,2,9859,9859,1,0,5,3,0,2,0,0
1301399,4,2022,2022,11,0,9,115,27,96,46,0,1,9,-34.226212,150.664215,79,2,2,1,2,0,0,0,0,0,0,80,2,1109,787,1,21,0,2,0,1,0,0
1301401,2,2022,2022,11,3,5,330,23,293,112,0,1,10,-33.941671,151.239561,59,0,2,1,1,0,0,0,2,2,7,50,2,5929,5929,1,6,5,2,0,0,1,0
1301403,2,2022,2022,1,4,4,52,27,8,34609,0,1,1,-33.763615,151.191443,36,0,2,0,1,0,0,0,2,0,7,50,0,4552,5151,1,5,5,2,0,0,1,0
1301406,2,2022,2022,5,0,9,916,17,9,917,0,1,1,-30.418585,151.685318,1,1,0,1,0,0,3,4,0,0,7,100,2,9859,9859,8,30,40,1,0,0,1,0
1301411,4,2022,2022,11,3,9,153,27,290,147,0,1,9,-33.949604,151.119937,4,0,2,1,2,0,0,0,0,0,7,60,2,14295,14295,3,5,5,2,0,1,1,0
1301414,2,2022,2022,11,1,8,6,31,532,34609,1,0,9,-33.871654,151.214845,69,0,2,0,1,0,0,0,2,0,7,40,0,515,515,1,5,27,2,0,0,1,0
1301418,1,2022,2022,11,3,10,7,27,61,34609,0,1,1,-33.741171,150.893252,7,0,2,1,2,0,0,0,0,0,7,50,0,9859,9859,1,5,5,2,0,0,0,1
1301420,2,2022,2022,11,4,0,1,27,53,34609,0,1,1,-32.322751,148.272344,51,1,0,1,0,0,3,4,0,0,7,100,0,945,945,5,9,40,1,0,0,1,0
1301423,2,2022,2022,11,5,9,2,1,65,34609,0,1,9,-36.044569,146.990069,0,2,1,1,2,0,0,0,0,0,0,60,0,2852,2852,4,21,13,2,0,0,1,1
1301424,2,2022,2022,1,6,10,76,31,76,34609,0,1,7,-35.351682,150.472753,63,2,1,1,0,0,0,0,0,0,0,50,0,6545,6545,4,0,19,2,0,0,1,0
1301426,4,2022,2022,1,2,6,53,31,140,125,0,1,9,-33.897072,151.004074,15,0,2,1,1,0,0,0,2,0,0,60,1,941,941,1,5,13,2,0,1,0,0
1301427,4,2022,2022,5,3,6,7,27,16,34609,0,1,1,-28.741693,153.36301,39,1,0,0,0,0,0,0,2,0,7,100,0,83,83,5,5,40,1,0,1,0,0
1301428,4,2022,2022,5,0,11,1,27,5,34609,0,1,1,-33.97125,151.054363,25,0,2,1,2,0,0,0,0,0,7,50,0,9859,9859,8,0,40,1,0,1,0,0
1301429,2,2022,2022,5,4,1,515,14,197,518,0,1,6,-33.942042,151.080721,15,0,2,1,2,0,3,0,0,0,7,80,2,4026,4026,8,0,40,1,0,0,1,0
1301430,4,2022,2022,1,4,5,73,24,50,88,0,1,1,-33.717507,151.266371,50,0,2,1,0,0,0,0,2,0,7,80,2,3775,3775,0,0,0,2,0,1,0,1
1301431,2,2022,2022,5,0,9,2209,17,26,2205,0,1,2,-34.025934,151.086023,68,0,2,1,2,0,0,3,3,0,7,70,2,14295,14295,3,5,13,3,0,0,2,1
1301433,4,2022,2022,5,6,6,117,1,210,121,0,1,9,-34.039634,151.097498,68,0,2,1,1,0,0,0,2,2,7,60,1,2585,777,8,0,40,1,0,1,0,0
1301435,2,2022,2022,5,0,11,92,27,129,244,0,1,1,-33.898824,151.094133,9,0,2,1,2,0,0,0,0,0,7,60,2,9859,9859,1,5,5,4,0,0,1,0
1301436,1,2022,2022,5,3,4,71,27,19,69,0,1,1,-36.368184,148.79122,65,1,0,0,0,0,3,3,2,0,7,100,2,782,957,5,21,40,1,0,0,0,7
1301437,4,2022,2022,1,6,3,2209,17,144,2205,0,1,2,-34.058904,151.029278,68,0,2,1,0,0,0,0,2,0,7,70,2,1282,1282,1,29,5,2,0,1,0,0
1301438,2,2022,2022,1,0,0,6,27,2,34609,0,1,1,-32.152641,150.846819,73,1,0,0,0,0,0,0,0,0,7,100,0,1089,1089,7,5,40,1,0,0,1,0
1301439,2,2022,2022,5,0,9,230,27,197,284,0,1,2,-33.791458,151.130564,61,0,2,1,2,0,3,4,0,0,7,70,2,14295,14295,3,5,5,2,0,0,1,0
1301440,4,2022,2022,1,6,9,112,27,92,256,0,1,9,-33.987805,150.84441,13,0,2,1,2,0,0,0,0,0,0,70,2,2852,2852,4,0,19,2,0,1,0,0
1301441,4,2022,2022,1,6,3,481,17,14,483,0,1,9,-34.784333,146.515691,51,2,1,1,2,0,0,1,2,0,0,40,2,2585,777,8,26,40,1,0,1,0,0
1301443,4,2022,2022,11,0,10,63,17,207,63,0,1,9,-31.998201,141.442218,51,2,1,1,0,0,0,0,0,0,7,80,2,4026,4026,8,5,40,1,0,2,0,0
1301444,1,2022,2022,11,6,10,3,31,73,34609,0,1,9,-33.749529,150.805988,7,0,2,1,3,0,0,0,0,0,7,50,0,2852,2852,4,5,0,2,0,0,0,1
1301448,4,2022,2022,1,2,7,8,31,9,34609,1,0,1,-33.599435,150.743949,29,2,2,1,1,0,0,0,2,0,7,50,0,1945,1945,5,16,40,2,0,1,0,0
1301452,1,2022,2022,5,2,7,26,27,232,34609,1,0,2,-33.683876,150.931257,71,0,2,1,0,0,0,0,2,0,0,60,0,14295,14295,3,0,0,2,0,0,0,1
1301453,4,2022,2022,1,4,5,47,27,293,69,0,1,10,-33.94193,151.241558,59,0,2,1,1,0,0,0,2,2,7,50,1,2040,2040,9,9,28,2,0,1,0,0
1301454,2,2022,2022,5,0,6,1,31,50,34609,0,1,1,-33.519244,151.325847,16,2,2,1,1,0,0,0,2,0,7,50,0,1981,1981,4,10,5,2,0,0,1,0
1301455,4,2022,2022,1,4,8,101,10,239,35,0,1,9,-34.033497,151.130154,68,0,2,0,0,0,0,0,3,0,0,60,2,2852,2852,4,5,5,2,0,1,1,0
1301458,2,2022,2022,1,0,9,2209,17,12,2205,0,1,1,-35.284545,150.421828,63,1,0,1,2,0,0,0,0,0,7,100,2,4026,4026,8,0,40,1,0,0,1,0
1301459,1,2022,2022,5,4,7,157,17,9,158,0,1,1,-33.876856,146.599483,51,1,0,1,0,0,0,0,2,0,7,100,2,9859,9859,8,5,40,1,0,0,0,1
1301460,2,2022,2022,5,6,7,137,14,37,70,0,1,3,-32.809729,151.500009,17,1,0,1,0,0,3,4,2,0,7,110,2,9859,9859,8,0,40,1,0,0,1,0
1301461,2,2022,2022,11,5,3,916,17,11,917,0,1,1,-32.466067,151.073605,64,1,0,1,0,0,0,0,2,0,7,100,2,9859,9859,8,0,40,1,0,0,1,0
1301465,2,2022,2022,11,5,11,67,27,157,55,0,1,10,-34.011215,151.104982,68,0,2,1,2,0,0,0,0,2,7,70,2,2585,777,8,0,40,2,0,0,1,0
1301466,1,2022,2022,11,0,7,1104,11,130,770,0,1,2,-33.870441,151.189666,69,0,2,1,3,0,0,0,2,0,7,60,2,1383,1383,1,0,5,2,0,0,0,1
1301468,2,2022,2022,11,1,6,1104,14,41,962,0,1,3,-33.826842,151.011276,54,0,2,1,3,0,0,0,2,0,7,90,2,1391,1391,1,5,0,2,0,0,1,0
1301469,1,2022,2022,11,4,5,2126,17,17,2149,0,1,9,-33.44657,149.828656,3,1,0,1,3,0,3,4,2,0,7,100,2,3775,3775,0,16,22,2,0,0,0,1
1301472,1,2022,2022,1,6,4,2,31,271,34609,0,1,1,-33.939316,151.025832,15,0,2,1,3,0,0,0,2,0,7,50,0,323,323,1,0,0,2,0,0,0,1
1301480,1,2022,2022,11,6,4,8,27,80,284,0,1,9,-33.812307,151.17274,38,0,2,1,3,0,0,0,2,0,7,60,2,14295,14295,3,5,0,2,0,0,0,1
1301485,4,2022,2022,1,1,9,9,31,363,34609,0,1,10,-33.757394,150.704499,55,0,2,1,2,0,0,0,0,0,9,50,0,2040,2040,9,5,28,2,0,1,0,0
1301493,4,2022,2022,11,1,3,224,27,26,321,0,1,9,-33.912663,151.201499,69,0,2,1,1,0,0,0,2,2,7,50,2,5929,5929,1,5,0,2,0,2,0,0
1301496,4,2022,2022,11,4,3,330,27,42,34609,0,1,1,-33.946233,150.94116,41,0,2,1,0,0,0,3,2,0,7,60,0,1109,787,1,9,5,2,0,1,1,0
1301497,4,2022,2022,1,0,9,6,31,271,34609,0,1,1,-33.96142,151.021342,15,0,2,1,2,0,3,4,0,0,7,50,0,14295,14295,3,9,5,4,0,1,0,0
1301499,4,2022,2022,11,5,7,220,14,11,220,0,1,3,-34.485684,150.8133,80,0,2,1,0,0,0,0,2,0,7,100,2,1945,1945,5,0,40,1,0,1,0,1
1301501,4,2022,2022,1,6,9,42,31,202,34609,0,1,4,-33.951522,151.030867,15,0,2,0,2,0,3,0,0,0,7,50,0,2040,2040,9,0,28,2,0,1,0,0
1301502,2,2022,2022,11,5,6,133,31,646,97,0,1,9,-33.917778,151.026413,15,0,2,1,2,0,0,0,2,2,7,60,1,5929,5929,1,5,5,2,0,0,2,0
1301503,2,2022,2022,11,2,6,46,27,104,262,0,1,2,-32.913524,151.722675,48,0,2,1,0,0,0,0,2,0,7,60,2,1109,787,1,10,19,2,0,0,1,0
1301509,2,2022,2022,11,4,8,1,27,15,34609,0,1,1,-32.980181,151.60795,37,0,2,0,0,0,0,0,2,0,7,50,0,4552,5151,1,5,13,2,0,0,1,0
1301511,2,2022,2022,11,1,4,1104,11,532,770,0,1,10,-33.863398,151.205372,69,0,2,1,1,0,0,0,2,2,7,40,2,515,515,1,5,22,2,0,0,1,0
1301512,1,2022,2022,5,6,4,500,27,646,799,0,1,9,-33.93443,151.033766,15,0,2,1,1,0,3,4,2,0,0,60,2,2852,2852,4,10,5,2,0,0,0,1
1301515,2,2022,2022,1,6,9,11,1,182,34609,0,1,9,-32.831236,151.344314,17,2,1,1,2,0,0,0,2,0,15,60,0,5929,5929,1,5,36,2,0,0,1,0
1301518,1,2022,2022,11,6,5,220,27,44,222,0,1,2,-33.788191,150.975233,54,0,2,1,1,0,0,0,2,0,7,80,2,14295,14295,3,9,5,4,0,0,0,1
1301522,1,2022,2022,1,3,10,177,31,77,208,0,1,10,-33.861977,150.93895,24,0,2,1,3,0,0,0,0,2,7,60,1,5929,5929,1,0,5,2,0,0,0,1
1301523,2,2022,2022,11,2,4,19,27,58,34609,0,1,9,-34.050782,151.125567,68,0,2,1,3,0,3,3,2,0,0,50,0,2852,2852,4,16,25,2,0,0,1,0
1301528,1,2022,2022,11,0,8,81,27,609,115,0,1,2,-33.794792,150.897678,7,0,2,1,1,0,0,0,2,0,7,60,2,14295,14295,3,5,13,2,0,0,0,1
1301529,2,2022,2022,1,2,6,361,32,290,42,0,1,1,-33.85552,150.983935,21,0,2,1,1,0,0,0,2,0,7,50,1,121,121,9,33,28,2,0,0,1,0
1301531,1,2022,2022,11,4,7,84,1,226,34609,0,1,1,-33.765717,150.813044,7,0,2,1,3,0,3,4,2,0,7,50,0,3775,3775,0,5,5,2,0,0,0,1
1301536,1,2022,2022,11,1,8,72,27,82,102,0,1,2,-33.795881,151.253395,50,0,2,1,3,0,0,0,2,2,9,60,2,1282,1282,1,22,25,2,0,0,0,1
1301538,1,2022,2022,11,3,6,55,1,167,34609,0,1,10,-33.84544,151.071533,54,0,2,1,3,0,0,0,2,0,15,60,0,6545,6545,4,5,0,2,0,0,0,1
1301539,1,2022,2022,11,1,7,515,14,166,518,0,1,3,-33.944543,150.981865,15,0,2,1,3,0,0,0,2,0,7,100,2,14295,14295,3,10,36,2,0,0,0,1
1301540,1,2022,2022,11,5,3,866,17,171,793,0,1,10,-33.802838,150.971052,54,0,2,1,3,0,0,0,2,2,7,70,2,1669,1669,3,0,5,2,0,0,0,1
1301542,1,2022,2022,11,1,5,829,27,123,770,0,1,9,-33.813691,151.05829,54,0,2,1,3,0,0,6,2,0,7,70,2,14295,14295,3,10,5,3,0,0,0,1
1301546,1,2022,2022,11,2,11,177,31,237,208,0,1,1,-33.864041,150.954047,24,0,2,0,3,0,0,0,0,0,7,60,1,14295,14295,3,5,5,2,0,0,0,1
1301551,4,2022,2022,11,2,11,387,27,290,331,1,0,1,-33.946116,151.127973,4,0,2,1,2,0,0,0,0,0,7,60,2,1981,1981,4,5,19,2,0,1,0,0
1301553,4,2022,2022,0,3,5,109,27,16,169,0,1,1,-32.827721,151.403866,17,2,1,1,0,0,0,0,2,0,7,60,2,1945,1945,5,16,40,1,0,1,0,0
1301554,2,2022,2022,11,3,9,2261,17,443,2252,0,1,9,-33.904596,151.042007,15,0,2,1,2,0,0,0,0,2,7,60,2,515,515,1,9,0,2,0,0,1,0
1301556,2,2022,2022,11,3,5,37,31,337,217,0,1,10,-33.732892,151.006984,71,0,2,1,0,0,0,0,2,2,7,60,2,926,926,4,5,27,2,0,0,1,0
1301558,4,2022,2022,11,3,5,78,27,23,228,0,1,1,-33.022722,151.1317,17,2,1,0,0,0,0,0,2,0,7,80,1,2585,4009,8,16,40,1,0,1,0,0
1301562,2,2022,2022,11,3,0,3,27,16,34609,0,1,1,-33.269693,151.486566,16,2,2,1,2,0,0,0,0,0,7,50,0,9859,9859,1,21,13,3,0,0,1,0
1301563,2,2022,2022,11,2,5,19,31,30,34609,0,1,10,-34.74031,146.54922,51,2,1,1,0,0,0,0,2,0,0,50,0,6545,6545,4,10,5,2,0,0,1,0
1301565,2,2022,2022,1,0,9,4,27,4,31,0,1,1,-36.131721,149.481861,65,1,0,0,0,2,0,0,0,0,7,100,1,1850,1463,5,0,40,1,0,0,1,0
1301567,4,2022,2022,11,3,4,84,10,7,80,1,0,1,-34.290548,150.94508,80,0,2,0,2,0,0,0,2,0,7,50,2,387,387,1,22,5,2,0,1,0,0
1301568,2,2022,2022,11,1,7,361,32,460,42,0,1,1,-33.845659,150.990771,21,0,2,0,0,0,0,0,2,0,7,50,1,1981,1981,4,5,12,2,0,0,1,0
1301570,2,2022,2022,1,1,3,3,1,173,15,0,1,0,-33.877831,151.228804,69,0,2,1,0,0,0,0,2,0,7,40,1,1981,1981,4,0,27,2,0,0,1,0
1301571,2,2022,2022,5,6,4,178,31,157,34609,0,1,4,-33.80027,151.019755,54,0,2,0,1,0,3,4,2,0,7,50,0,3775,3775,0,5,22,2,0,0,1,0
1301572,2,2022,2022,11,4,10,2209,17,95,173,0,1,7,-34.402874,150.891206,80,0,2,1,2,0,3,4,0,0,0,60,2,1945,1945,5,16,40,1,0,0,1,0
1301574,4,2022,2022,1,2,11,1,23,32,34609,0,1,1,-32.944028,151.721758,48,0,2,0,2,0,0,0,0,0,7,50,0,2585,4009,8,5,40,1,0,1,0,0
1301577,4,2022,2022,11,5,4,2209,17,12,2205,0,1,9,-36.169998,150.10796,23,1,0,0,0,0,0,0,2,0,15,100,2,6545,6545,4,5,13,2,0,1,1,0
1301582,4,2022,2022,11,2,3,113,27,78,111,0,1,1,-33.85814,150.790861,55,0,2,1,0,0,3,4,1,0,7,80,2,4026,4026,8,5,40,1,0,1,0,0
1301583,2,2022,2022,5,3,1,21,27,11,34609,0,1,2,-34.039489,150.79016,13,0,2,0,2,0,0,0,0,2,7,70,0,4552,5151,8,10,40,1,0,0,1,0
1301585,1,2022,2022,5,4,3,154,27,293,244,0,1,9,-33.922008,151.059966,15,0,2,1,2,0,3,4,2,0,0,60,2,623,623,3,0,5,2,0,0,0,1
1301587,2,2022,2022,5,6,7,191,17,8,189,0,1,1,-32.56567,151.021713,64,2,1,1,0,0,0,3,2,0,7,80,2,14295,14295,3,29,36,2,0,0,1,0
1301590,1,2022,2022,5,3,6,481,17,20,483,0,1,9,-31.092089,149.383588,51,1,0,1,1,0,0,0,2,0,0,110,2,323,323,1,10,5,2,0,0,0,3
1301596,4,2022,2022,11,4,2,916,17,165,917,0,1,9,-32.325971,150.944527,46,1,0,1,0,0,0,1,1,0,0,100,2,5929,5929,1,5,5,2,0,1,0,0
1301597,4,2022,2022,1,6,3,515,14,294,518,0,1,3,-33.943383,150.947273,41,0,2,1,1,0,0,0,2,0,7,100,2,1282,1282,1,5,19,2,0,1,0,0
1301598,2,2022,2022,11,4,4,3,10,31,34609,0,1,7,-34.019768,150.833481,13,0,2,0,1,0,0,0,2,0,0,60,0,6545,6545,4,10,5,2,0,0,1,0
1301600,2,2022,2022,11,1,7,125,31,273,34609,0,1,1,-34.424558,150.889402,80,0,2,1,1,0,0,0,2,0,7,50,0,941,941,1,0,5,2,0,0,1,0
1301602,4,2022,2022,5,6,5,125,27,55,123,0,1,9,-33.368523,151.471692,16,2,2,1,0,0,0,0,2,0,2,60,2,256,256,4,30,27,2,0,1,0,0
1301603,2,2022,2022,1,6,9,485,27,187,769,0,1,9,-33.78477,150.995899,54,0,2,1,2,0,0,0,0,0,7,60,2,14295,14295,3,0,5,2,0,0,1,0
1301604,2,2022,2022,11,4,6,481,17,562,483,0,1,1,-32.37113,148.457318,22,1,0,1,0,0,3,4,2,0,7,110,2,945,945,5,3,40,1,0,0,1,0
1301606,4,2022,2022,5,6,8,3,1,42,34609,0,1,9,-33.734039,150.864785,7,0,2,1,0,0,3,0,0,0,0,50,0,2040,2040,9,5,28,2,0,1,0,0
1301607,2,2022,2022,11,5,2,334,17,316,308,1,0,7,-31.43886,152.890206,56,2,1,1,2,0,0,0,0,0,0,60,2,6545,6545,4,9,27,2,0,0,1,0
1301609,1,2022,2022,11,3,9,4,31,309,34609,1,0,1,-33.812173,151.107572,61,0,2,1,2,0,0,0,0,0,0,40,0,1981,1981,4,5,19,2,0,0,0,1
1301616,4,2022,2022,8,1,4,230,27,100,284,0,1,9,-33.808958,151.155669,38,0,2,0,1,0,3,3,2,0,0,60,2,515,515,1,0,19,2,0,1,0,0
1301620,1,2022,2022,1,4,8,2209,17,201,2205,0,1,2,-34.865516,150.601778,63,2,1,1,3,0,0,0,3,0,7,50,2,14295,14295,3,0,5,2,0,0,0,1
1301622,2,2022,2022,11,6,0,168,17,18,212,0,1,1,-35.641915,150.104292,23,1,0,0,3,0,0,0,0,0,7,90,2,1850,1463,5,5,40,1,0,0,1,0
1301623,4,2022,2022,11,0,11,26,27,28,34609,0,1,2,-32.945149,151.624677,37,0,2,0,2,0,0,0,0,0,7,60,0,4552,5151,8,16,40,1,0,1,0,0
1301627,4,2022,2022,1,2,1,32,27,72,563,0,1,1,-34.009476,151.011205,68,0,2,0,0,0,0,0,0,0,7,80,2,4552,5151,8,5,40,1,0,1,0,0
1301631,4,2022,2022,1,4,6,3371,17,52,3342,0,1,2,-33.262716,151.464043,16,2,2,1,1,0,0,0,2,0,7,70,2,14295,14295,3,0,12,3,0,1,0,0
1301632,1,2022,2022,11,6,4,39,31,246,99,0,1,1,-33.903116,151.195431,69,0,2,1,1,0,0,0,2,0,7,50,2,340,340,9,0,28,2,0,0,0,1
1301633,2,2022,2022,1,6,8,229,14,323,237,0,1,3,-33.767516,151.000694,54,0,2,1,1,0,0,0,2,0,7,100,2,14295,14295,3,5,13,2,0,0,1,0
1301634,2,2022,2022,1,0,3,16,36,17,41,0,1,9,-34.831047,147.419188,51,1,0,0,3,0,3,1,2,0,7,100,1,1850,1463,5,29,40,1,0,0,1,0
1301635,4,2022,2022,1,4,9,57,31,532,30,0,1,10,-33.878094,151.207429,69,0,2,1,2,0,3,4,3,2,9,40,1,2040,2040,9,19,28,2,0,1,0,0
1301637,4,2022,2022,1,6,9,46,27,294,34609,0,1,1,-33.938413,150.949636,41,0,2,1,2,0,0,0,0,0,7,50,0,2040,2040,9,5,28,2,0,1,0,0
1301639,2,2022,2022,11,1,5,177,22,239,176,0,1,2,-34.036171,151.11553,68,0,2,1,1,0,0,0,2,0,7,60,2,340,340,9,0,28,2,0,0,1,0
1301640,4,2022,2022,11,1,6,1,27,64,34609,0,1,1,-33.697455,150.771614,55,0,2,1,0,0,0,0,2,0,7,60,0,312,312,2,0,40,1,0,1,0,0
1301641,2,2022,2022,11,2,5,134,10,36,133,0,1,2,-33.800498,151.021729,54,0,2,1,3,0,3,4,2,0,7,90,2,14295,14295,3,9,0,2,0,0,1,0
1301642,1,2022,2022,1,6,0,45,31,532,55,0,1,10,-33.873746,151.212596,69,0,2,1,3,0,0,0,0,2,7,50,1,186,186,1,30,5,2,0,0,0,1
1301643,1,2022,2022,11,3,4,2,31,111,34609,0,1,10,-33.688495,150.878301,7,0,2,1,3,0,0,0,2,0,0,50,0,941,941,1,0,5,2,0,0,0,1
1301649,4,2022,2022,5,0,11,1104,11,532,770,0,1,2,-33.86788,151.202934,69,0,2,1,2,0,3,3,0,0,7,70,2,1220,1220,9,5,28,2,0,1,1,0
1301651,4,2022,2022,1,6,7,512,27,246,15,1,0,1,-33.900418,151.193612,69,0,2,1,1,0,0,0,2,0,7,50,1,5929,5929,1,0,18,2,0,1,0,0
1301654,1,2022,2022,4,0,6,12,31,125,34609,0,1,9,-33.865177,151.075226,67,0,2,1,3,0,0,0,2,0,7,50,0,14295,14295,3,3,5,2,0,0,0,1
1301659,2,2022,2022,11,2,8,3,27,110,34609,0,1,9,-33.736827,151.023712,71,0,2,1,3,0,3,4,2,0,7,50,0,1669,1669,3,5,0,2,0,0,1,0
1301662,1,2022,2022,11,0,8,92,27,129,244,1,0,1,-33.895497,151.107769,15,0,2,1,3,0,0,0,2,0,7,60,2,5929,5929,1,10,19,2,0,0,0,1
1301663,1,2022,2022,11,1,6,1,31,134,34609,0,1,9,-33.977862,150.808338,12,0,2,1,3,0,0,0,2,0,7,50,0,1282,1282,1,5,5,2,0,0,0,1
1301665,1,2022,2022,11,3,9,2261,17,35,2252,0,1,3,-34.333535,150.560371,78,1,0,1,3,0,0,0,3,0,7,110,2,14295,14295,3,5,13,2,0,0,0,1
1301668,1,2022,2022,11,2,4,112,27,7,256,0,1,2,-34.019664,150.835731,13,0,2,0,3,0,0,0,2,0,7,70,2,1383,1383,1,5,13,2,0,0,0,1
1301669,1,2022,2022,11,2,5,149,10,136,702,0,1,2,-33.866294,151.065175,67,0,2,1,3,0,0,0,2,0,7,80,2,14295,14295,3,5,13,2,0,0,0,1
1301670,1,2022,2022,11,5,4,7,31,316,34609,0,1,2,-31.433789,152.908455,56,2,1,1,3,0,0,0,2,0,7,50,0,1192,1192,1,16,0,2,0,0,0,1
1301672,1,2022,2022,7,1,6,20,27,25,20,0,1,1,-35.038298,150.62884,63,2,1,0,0,0,3,4,2,0,7,80,1,2585,4009,8,5,40,1,0,0,0,1
1301682,1,2022,2022,11,3,4,4,31,14,34609,0,1,1,-33.950093,151.228111,4,0,2,1,3,0,0,0,2,0,7,50,0,9859,9859,1,5,5,4,0,0,0,1
1301684,1,2022,2022,5,0,4,829,31,314,240,0,1,10,-33.850242,150.932281,24,0,2,1,3,0,0,0,2,2,7,60,2,14295,14295,3,8,25,2,0,0,0,1
1301685,2,2022,2022,5,0,6,191,17,13,189,0,1,9,-32.489643,150.905717,64,2,1,1,0,0,0,0,2,0,7,60,2,1669,1669,3,29,13,2,0,0,1,0
1301686,2,2022,2022,5,6,0,15,31,41,34609,0,1,10,-31.089757,150.91481,70,2,1,1,2,0,3,4,0,0,0,50,0,6545,6545,4,5,0,2,0,0,1,0
1301691,4,2022,2022,1,3,5,3371,17,54,3342,0,1,1,-33.45329,151.206562,16,2,2,0,0,0,0,0,2,0,7,60,2,782,957,5,16,40,1,0,1,0,0
1301697,2,2022,2022,1,0,8,1,31,9,34609,0,1,1,-33.476054,151.33931,16,2,2,0,3,0,0,0,3,0,7,50,0,1957,4009,1,5,36,2,0,0,1,0
1301698,2,2022,2022,5,4,10,2,31,115,34609,0,1,9,-33.880105,151.189106,69,0,2,1,2,0,0,0,0,0,7,50,0,175,188,1,5,5,2,0,0,1,0
1301699,4,2022,2022,1,5,5,191,27,309,208,0,1,10,-33.813698,151.105975,61,0,2,1,1,0,0,0,2,2,9,60,2,5929,5929,1,5,0,3,0,1,1,1
1301702,4,2022,2022,5,3,10,108,27,90,93,0,1,9,-33.782888,150.950761,54,0,2,1,2,0,3,0,0,0,7,60,1,9859,9859,1,0,5,2,0,1,0,0
1301703,2,2022,2022,5,0,4,3,31,129,34609,1,2,1,-33.894426,151.107556,9,0,2,1,1,0,0,0,2,0,7,40,0,1109,397,1,5,13,3,0,0,1,0
1301709,1,2022,2022,11,3,8,41,27,91,80,1,0,10,-32.982721,151.651189,37,0,2,1,3,0,0,0,3,0,15,60,1,6545,6545,4,10,5,2,0,0,0,1
1301711,2,2022,2022,1,4,7,71,17,16,71,0,1,1,-35.711963,144.89338,51,1,0,0,3,0,0,0,2,0,7,100,2,323,323,1,34,2,2,0,0,1,0
1301713,1,2022,2022,1,5,7,171,27,115,52,0,1,10,-33.915351,151.18472,69,0,2,1,3,0,0,0,2,2,7,60,1,515,515,1,8,5,2,0,0,0,1
1301715,1,2022,2022,11,3,6,169,27,80,61,0,1,9,-33.82117,151.168189,38,0,2,1,3,0,0,0,2,0,0,50,1,14295,14295,3,0,5,3,0,0,0,1
1301718,1,2022,2022,1,6,4,147,27,104,605,0,1,2,-33.830436,151.219282,49,0,2,1,3,0,0,0,2,0,7,60,2,14295,14295,3,10,5,2,0,0,0,1
1301719,1,2022,2022,11,2,6,35,1,63,52,0,1,9,-33.732582,150.797335,7,0,2,1,3,0,0,0,2,2,7,60,1,1391,1391,1,5,0,2,0,0,0,1