Crash ID,Degree of crash - detailed,Reporting year,Year of crash,Month of crash,Day of week of crash,Two-hour intervals,Street of crash,Street type,Town,Route no.,School zone location,School zone active,Type of location,Latitude,Longitude,LGA,Urbanisation,Conurbation 1,Alignment,Street lighting,Road surface,Surface condition,Weather,Natural lighting,Signals operation,Other traffic control,Speed limit,Road classification,RUM - code,DCA - code,First impact type,Key TU type,Other TU type,No. of traffic units involved,No. killed,No. seriously injured,No. moderately injured,No. minor-other injured
1301720,1,2022,2022,11,2,7,1,27,34,34609,0,1,1,-35.033088,149.056663,82,1,0,1,3,2,3,0,2,0,7,100,0,4026,4026,8,10,40,1,0,0,0,1
1301721,1,2022,2022,11,0,10,2126,17,363,2149,0,1,10,-33.750718,150.68776,55,0,2,1,3,0,2,6,0,2,7,60,2,5929,5929,1,0,0,2,0,0,0,1
1301723,1,2022,2022,11,6,4,15,27,16,34609,0,1,1,-33.733684,151.278813,50,0,2,1,1,0,0,3,2,0,7,50,0,1981,1981,4,0,27,2,0,0,0,1
1301724,2,2022,2022,11,4,5,5,31,204,34609,0,1,10,-33.938407,151.144516,4,0,2,1,1,0,0,0,2,0,7,50,0,1109,397,1,0,5,2,0,0,1,0
1301727,2,2022,2022,5,3,6,5,27,17,34609,0,1,1,-35.086956,150.505893,63,2,1,1,3,2,0,0,2,0,7,60,0,1945,1945,5,16,40,1,0,0,1,0
1301734,4,2022,2022,11,6,7,481,17,20,483,0,1,1,-30.996677,149.411809,51,1,0,1,0,0,3,4,2,0,7,110,2,4026,4026,8,5,40,1,0,1,1,0
1301736,4,2022,2022,11,6,4,15,27,20,34609,0,1,1,-32.934339,151.670815,37,0,2,1,1,0,0,0,2,0,7,60,0,3775,3775,0,10,10,2,0,2,1,0
1301737,2,2022,2022,1,6,8,3371,17,31,3342,0,1,2,-30.337432,153.07744,19,1,0,1,3,0,2,6,2,0,7,100,2,9859,9859,8,0,40,1,0,0,1,0
1301738,2,2022,2022,11,6,6,3371,17,39,3342,0,1,2,-29.863428,153.053755,18,1,0,1,0,0,0,0,2,0,7,110,2,4026,4026,8,0,40,1,0,0,1,0
1301744,4,2022,2022,1,3,6,103,36,24,103,0,1,1,-32.64995,151.866733,57,1,0,0,1,0,0,0,2,0,7,90,1,5929,5929,1,0,0,2,0,1,1,1
1301745,4,2022,2022,6,5,7,57,36,17,769,0,1,9,-33.607885,150.788549,29,2,2,1,1,0,0,0,2,0,7,70,2,3775,3775,0,0,5,2,0,1,1,1
1301746,4,2022,2022,1,3,7,2,31,77,34609,0,1,10,-33.032321,151.664087,37,0,2,1,1,0,0,0,2,0,0,50,0,591,591,1,17,0,2,0,1,0,0
1301748,2,2022,2022,11,4,10,2,1,144,34609,0,1,1,-34.062329,151.011338,68,0,2,0,2,0,3,4,0,0,7,50,0,4552,5151,1,0,13,3,0,0,1,0
1301750,4,2022,2022,11,2,3,72,14,173,71,0,1,3,-33.87996,151.216956,69,0,2,1,2,0,0,0,2,0,7,80,2,78,78,8,16,40,1,0,1,0,0
1301756,4,2022,2022,1,0,5,916,17,32,917,0,1,9,-32.642644,151.233711,64,2,1,0,1,0,0,0,2,0,15,80,2,2852,2852,4,21,2,2,0,1,0,0
1301758,2,2022,2022,11,0,10,97,27,166,799,0,1,2,-33.931449,150.998428,15,0,2,1,2,0,0,0,0,0,7,70,2,4026,4026,8,5,40,1,0,0,1,0
1301761,2,2022,2022,11,1,5,3,10,29,34609,1,0,1,-33.745207,150.793891,7,0,2,1,1,0,0,0,2,0,7,50,0,14295,14295,3,15,40,2,0,0,1,0
1301763,4,2022,2022,5,4,1,265,17,23,193,0,1,1,-35.28241,147.091809,51,1,0,0,0,0,0,0,0,0,7,100,2,782,957,5,5,40,1,0,1,0,0
1301764,1,2022,2022,11,4,8,145,31,175,34609,0,1,10,-33.774535,151.079857,54,0,2,1,3,0,3,4,2,0,7,50,0,775,775,4,5,5,2,0,0,0,1
1301765,1,2022,2022,11,6,9,16,1,35,34609,0,1,7,-35.344516,149.214477,58,2,1,0,3,0,3,4,2,0,0,50,0,782,957,5,21,40,1,0,0,0,1
1301766,4,2022,2022,5,3,3,71,27,9,69,0,1,1,-36.318497,148.896096,65,1,0,0,0,0,0,0,2,0,7,100,2,3775,3775,0,5,5,2,0,1,4,0
1301770,4,2022,2022,5,6,4,1,1,562,34609,0,1,1,-32.235104,148.640171,22,2,1,1,0,0,0,0,2,0,7,50,0,1945,1945,5,16,40,1,0,1,0,0
1301771,2,2022,2022,8,6,6,2209,17,115,2205,0,1,10,-33.915489,151.174542,32,0,2,1,1,0,0,0,2,2,7,60,2,1220,1220,9,5,28,2,0,0,1,0
1301772,2,2022,2022,11,6,7,348,1,562,34609,0,1,9,-32.258049,148.648523,22,2,1,0,1,0,3,3,2,0,7,50,0,775,775,4,5,5,2,0,0,2,0
1301774,4,2022,2022,11,3,6,19,31,108,34609,0,1,1,-28.861962,153.557841,2,2,1,1,0,0,0,0,2,0,7,50,0,3775,3775,0,22,5,2,0,1,0,0
1301777,1,2022,2022,11,4,5,5,1,137,34609,0,1,1,-32.968327,151.69162,37,0,2,0,1,0,3,4,2,0,7,50,0,2585,4009,8,30,40,1,0,0,0,1
1301778,4,2022,2022,1,6,7,7,27,11,34609,0,1,1,-32.857418,151.507899,17,2,1,0,0,0,0,0,2,0,7,80,0,4552,5151,8,5,40,1,0,1,0,0
1301780,2,2022,2022,11,6,5,294,17,215,288,0,1,10,-35.117632,147.359933,75,2,1,1,1,0,3,4,2,0,0,60,2,5929,5929,1,5,0,2,0,0,1,0
1301781,4,2022,2022,1,3,4,2126,17,80,2149,0,1,9,-33.753729,150.656615,55,0,2,1,1,0,0,0,2,0,0,60,2,5929,5929,1,5,19,2,0,1,1,0
1301790,4,2022,2022,5,1,5,100,31,363,38,0,1,10,-33.814376,150.999848,54,0,2,1,2,0,0,0,2,2,7,60,1,6545,6545,4,5,0,3,0,1,0,0
1301791,4,2022,2022,8,1,4,2126,17,24,2149,0,1,9,-33.429013,150.077251,40,1,0,0,1,0,0,0,2,0,0,110,2,5929,5929,1,10,5,2,0,1,1,0
1301793,2,2022,2022,6,2,8,16,27,337,9,0,1,10,-33.722244,150.987302,71,0,2,1,2,0,0,0,0,2,9,60,1,2040,2040,9,5,28,2,0,0,1,0
1301795,1,2022,2022,11,6,9,485,27,52,769,0,1,2,-33.699294,150.928313,7,0,2,1,2,0,0,3,3,0,7,80,2,238,238,9,0,28,2,0,0,0,1
1301803,2,2022,2022,1,4,3,916,17,15,917,0,1,1,-31.790445,150.899595,73,2,1,0,1,0,0,0,2,0,7,70,2,4552,5151,8,10,40,1,0,0,1,0
1301804,2,2022,2022,1,0,9,2261,17,284,2252,1,0,9,-33.907752,151.025955,15,0,2,1,2,0,0,0,0,2,7,60,2,591,591,1,22,5,2,0,0,1,0
1301805,4,2022,2022,1,4,3,12,31,284,34609,0,1,7,-33.910858,151.017517,15,0,2,1,0,0,0,0,2,0,0,50,0,6545,6545,4,5,19,2,0,1,0,0
1301806,1,2022,2022,1,0,5,330,27,106,605,0,1,9,-33.687716,151.30458,50,0,2,1,1,0,0,0,2,2,7,70,2,14295,14295,3,5,5,3,0,0,0,2
1301808,2,2022,2022,11,0,7,4,31,93,34609,0,1,9,-33.415617,149.617736,3,2,1,0,1,0,0,3,2,0,7,50,0,1957,4009,1,22,5,2,0,0,1,0
1301809,4,2022,2022,1,3,7,1,27,2,34609,0,1,1,-35.952008,147.119451,27,1,0,1,0,0,0,0,2,0,7,100,0,4026,4026,8,10,40,1,0,1,0,0
1301810,4,2022,2022,1,5,6,21,27,28,34609,0,1,9,-28.328011,153.415588,72,2,1,0,1,0,0,0,2,0,15,60,0,2852,2852,4,10,27,2,0,1,0,0
1301816,4,2022,2022,7,1,9,92,31,28,34609,0,1,10,-33.801118,151.202886,77,0,2,1,1,0,0,0,2,0,0,50,0,2852,2852,4,0,19,2,0,1,0,0
1301822,2,2022,2022,11,1,11,39,27,6,29,0,1,1,-32.388802,149.706982,44,1,0,1,0,0,0,0,0,0,7,100,1,1089,1089,7,16,40,1,0,0,1,0
1301824,1,2022,2022,1,6,8,2209,17,157,2205,0,1,9,-34.016176,151.093089,68,0,2,0,1,0,0,0,3,0,7,70,2,5929,5929,1,5,19,2,0,0,0,1
1301825,1,2022,2022,11,4,9,76,32,646,34609,0,1,9,-33.917373,151.037559,15,0,2,1,2,0,0,0,0,2,7,40,0,2852,2852,4,0,0,2,0,0,0,1
1301831,2,2022,2022,1,3,9,17,31,316,34609,0,1,9,-33.923002,151.245107,59,0,2,1,2,0,0,0,0,0,7,50,0,9859,9859,1,5,5,4,0,0,1,0
1301834,2,2022,2022,10,2,10,2126,17,80,2149,0,1,1,-33.757586,150.652621,55,0,2,1,2,0,3,3,0,0,7,60,2,9859,9859,8,5,40,1,0,0,1,0
1301837,2,2022,2022,11,4,3,145,27,115,80,0,1,9,-33.881092,151.184486,69,0,2,1,1,0,3,4,2,0,0,40,2,515,515,1,9,27,2,0,0,1,0
1301838,4,2022,2022,11,6,6,51,27,32,45,1,0,2,-33.743372,150.821183,7,0,2,1,0,0,0,0,2,0,7,60,1,1981,1981,4,5,21,2,0,1,0,0
1301839,4,2022,2022,11,5,6,14,27,11,34609,0,1,1,-34.548612,150.741789,80,0,2,0,0,0,0,0,2,0,7,80,0,1850,1463,5,15,40,1,0,1,0,0
1301841,2,2022,2022,11,5,6,36,27,39,83,0,1,1,-29.434725,153.342677,18,2,1,1,1,0,0,0,2,0,7,50,1,1981,1981,4,0,27,2,0,0,1,0
1301842,1,2022,2022,11,0,4,2261,17,26,2252,0,1,3,-34.100761,150.763934,13,0,2,1,3,0,0,0,2,0,7,110,2,9859,9859,8,0,40,1,0,0,0,1
1301849,2,2022,2022,5,0,4,19,27,79,42,0,1,1,-34.899447,150.585885,63,2,1,1,0,0,0,0,2,0,7,80,1,14295,14295,3,5,12,2,0,0,1,0
1301850,2,2022,2022,11,1,9,57,31,532,30,0,1,10,-33.878286,151.208601,69,0,2,1,2,0,0,0,0,2,9,40,1,2040,2040,9,5,28,2,0,0,1,0
1301853,2,2022,2022,11,5,8,102,31,130,53,0,1,9,-33.876093,151.193995,69,0,2,1,1,0,0,0,2,0,7,50,2,2040,2040,9,5,28,2,0,0,1,0
1301854,2,2022,2022,11,0,4,2126,17,38,2149,0,1,9,-33.776298,150.800889,55,0,2,1,1,0,0,3,2,0,0,80,2,6545,6545,4,5,5,2,0,0,1,0
1301860,2,2022,2022,11,5,5,2209,17,40,2205,0,1,1,-35.769652,150.148457,23,1,0,0,0,0,3,3,2,0,7,90,2,1259,5151,8,9,40,1,0,0,2,0
1301863,4,2022,2022,11,3,6,3,27,15,7,0,1,1,-34.607344,150.314978,78,1,0,1,1,0,0,0,2,0,7,100,1,1945,1945,5,16,40,1,0,1,0,0
1301864,4,2022,2022,1,5,9,26,31,204,11,0,1,10,-33.890519,151.125478,32,0,2,1,2,0,3,4,0,2,7,50,1,2040,2040,9,0,28,2,0,1,0,0
1301866,1,2022,2022,10,2,6,2,23,86,34609,0,1,9,-33.732046,151.213928,50,0,2,1,3,0,0,0,2,0,15,50,0,2852,2852,4,30,5,2,0,0,0,1
1301867,1,2022,2022,1,2,9,8,27,166,18,0,1,9,-33.897142,151.18069,69,0,2,1,3,0,0,0,2,0,7,40,2,926,926,4,0,36,2,0,0,0,1
1301870,1,2022,2022,11,6,6,35,27,145,34609,0,1,9,-33.924874,151.12957,15,0,2,1,3,0,3,4,2,0,7,50,0,1669,1669,3,5,0,2,0,0,0,1
1301876,4,2022,2022,11,3,11,255,27,37,62,0,1,1,-32.803327,151.511773,17,2,1,1,2,0,0,0,0,0,7,60,2,945,945,5,16,40,1,0,1,0,0
1301878,2,2022,2022,10,4,4,296,27,92,293,0,1,9,-33.873874,150.982932,24,0,2,1,3,0,3,4,2,0,7,70,2,3775,3775,0,5,0,2,0,0,1,0
1301879,2,2022,2022,10,1,6,2126,17,445,2149,0,1,9,-33.849236,151.05044,21,0,2,1,3,0,0,0,2,2,7,60,2,5929,5929,1,5,5,2,0,0,1,0
1301881,1,2022,2022,10,6,4,77,31,445,563,0,1,9,-33.878147,151.041256,21,0,2,1,3,0,3,4,2,2,7,80,2,5929,5929,1,5,5,2,0,0,0,1
1301883,1,2022,2022,11,6,4,308,14,323,311,0,1,3,-33.81605,150.851817,7,0,2,1,3,0,0,0,2,0,7,100,2,1192,1192,1,10,12,2,0,0,0,1
1301885,2,2022,2022,10,3,4,1,18,3,34609,0,1,9,-34.478044,150.761933,80,0,2,1,3,0,0,0,2,0,7,50,0,9859,9859,1,5,5,2,0,0,1,0
1301887,1,2022,2022,10,3,5,36,1,126,34609,0,1,7,-33.91795,150.808777,41,0,2,1,3,0,0,0,2,0,0,60,0,6545,6545,4,5,0,2,0,0,0,1
1301889,1,2022,2022,10,6,6,2126,17,247,2149,0,1,9,-33.808467,150.937199,21,0,2,0,3,0,3,3,2,2,7,80,2,5929,5929,1,5,0,2,0,0,0,1
1301894,2,2022,2022,1,4,4,98,27,4,34609,0,1,1,-33.361015,151.497618,16,2,2,1,0,0,0,0,2,0,7,50,0,4026,4026,1,5,5,2,0,0,1,0
1301896,1,2022,2022,1,5,8,3,10,29,34609,0,1,1,-35.321721,150.450795,63,2,1,0,0,0,0,0,3,0,7,40,0,14295,14295,3,10,0,2,0,0,0,1
1301897,4,2022,2022,1,1,8,3,10,201,34609,0,1,9,-34.007444,150.877489,13,0,2,1,1,0,0,0,2,0,7,60,0,2852,2852,4,5,19,2,0,1,0,0
1301899,2,2022,2022,5,4,6,20,31,523,34609,0,1,0,-33.92149,150.92266,41,0,2,1,1,0,3,4,2,0,9,30,0,1220,1220,9,33,28,2,0,0,1,0
1301900,2,2022,2022,11,0,4,2261,17,38,2252,0,1,2,-34.133119,150.745859,79,1,2,1,0,0,0,3,2,0,7,110,2,1192,1192,1,33,0,2,0,0,1,0
1301901,2,2022,2022,1,0,8,177,22,239,176,0,1,9,-34.036823,151.117091,68,0,2,1,0,0,0,0,2,0,0,60,2,5929,5929,1,5,0,2,0,0,2,1
1301903,2,2022,2022,10,3,10,42,10,24,34609,0,1,9,-32.890038,151.572341,37,0,2,1,3,0,0,0,0,0,0,80,0,4552,985,8,0,40,1,0,0,1,0
1301904,1,2022,2022,11,1,4,475,10,100,268,0,1,9,-33.892355,150.888014,24,0,2,1,3,0,0,0,2,0,15,60,2,1391,1391,1,9,5,2,0,0,0,1
1301906,1,2022,2022,1,0,11,18,31,20,34609,0,1,1,-31.035127,152.863176,34,2,1,0,2,0,0,0,0,0,7,50,0,4552,5151,8,5,40,1,0,0,0,2
1301907,4,2022,2022,1,4,9,8,31,113,34609,0,1,9,-29.473691,149.838795,51,2,1,1,2,0,0,3,0,0,7,50,0,5929,5929,1,34,19,2,0,1,2,0
1301908,4,2022,2022,5,3,8,171,27,37,369,0,1,10,-33.864085,150.698038,41,0,2,1,2,0,0,0,0,2,7,80,2,14295,14295,3,10,36,3,0,1,1,0
1301911,4,2022,2022,11,6,6,294,17,9,288,0,1,1,-35.096099,147.158552,75,1,0,1,0,0,3,4,2,0,7,100,2,14295,14295,3,3,0,2,0,1,0,0
1301913,2,2022,2022,1,1,6,14,31,283,34609,0,1,1,-33.84001,151.000648,21,0,2,1,3,0,0,0,2,0,7,50,0,1981,1981,4,0,5,2,0,0,1,0
1301914,2,2022,2022,5,4,6,24,31,433,34609,0,1,7,-33.294076,149.096724,52,2,1,1,1,0,0,0,2,0,0,50,0,6545,6545,4,5,0,2,0,0,1,1
1301918,1,2022,2022,11,4,8,308,14,323,311,0,1,3,-33.804077,150.853174,7,0,2,1,3,0,3,3,2,0,7,100,2,14295,14295,3,29,0,2,0,0,0,1
1301921,1,2022,2022,11,6,7,3371,17,225,3342,0,1,9,-33.796098,151.177998,77,0,2,1,3,0,0,0,2,2,7,60,2,14295,14295,3,8,5,2,0,0,0,1
1301922,4,2022,2022,1,5,5,916,17,77,917,0,1,1,-32.57273,151.182331,64,2,1,1,1,0,0,0,2,0,7,60,2,3775,3775,0,5,19,3,0,1,3,0
1301923,2,2022,2022,1,2,10,2261,17,646,2252,0,1,9,-33.906136,151.015835,15,0,2,1,2,0,0,0,0,2,7,70,2,1192,1192,1,5,5,3,0,0,1,0
1301925,2,2022,2022,1,1,5,12,10,16,34609,0,1,1,-33.178081,151.591152,16,2,2,0,0,0,0,0,2,0,7,80,0,3775,3775,0,0,0,2,0,0,1,2
1301927,2,2022,2022,1,2,2,53,31,113,10,0,1,10,-29.473684,149.835966,51,2,1,1,2,0,0,0,0,0,0,50,1,1945,1945,5,16,40,1,0,0,1,0
1301928,2,2022,2022,5,3,7,100,27,62,799,1,0,1,-33.898492,151.145994,32,0,2,0,1,0,0,0,2,0,7,60,2,3775,3775,0,0,5,4,0,0,1,0
1301932,4,2022,2022,1,4,9,9,31,363,34609,0,1,7,-33.760968,150.703244,55,0,2,1,2,0,3,4,0,0,0,50,0,6545,6545,4,10,5,2,0,1,0,0
1301936,1,2022,2022,11,4,8,145,27,115,80,0,1,9,-33.881092,151.184486,69,0,2,1,3,0,0,0,2,0,7,40,2,301,301,4,5,5,2,0,0,0,1
1301938,4,2022,2022,1,5,7,109,27,8,62,0,1,1,-32.778193,151.524974,17,2,1,1,0,0,0,0,2,0,7,60,2,3775,3775,0,0,5,2,0,1,0,1
1301939,4,2022,2022,1,1,0,2126,17,283,2149,0,1,9,-33.830068,151.01068,54,0,2,1,2,0,0,0,0,2,7,60,2,2852,2852,4,0,5,2,0,1,0,0
1301940,4,2022,2022,1,2,6,283,27,129,702,0,1,2,-33.938672,151.075204,15,0,2,1,0,0,0,0,2,0,7,60,2,238,238,9,0,28,2,0,1,0,0
1301941,4,2022,2022,1,6,7,1,27,15,34609,0,1,1,-34.606766,150.329028,78,1,0,1,0,0,0,0,2,0,7,90,0,3775,3775,0,34,5,2,0,3,0,0
1301943,4,2022,2022,11,4,3,2209,17,88,2205,0,1,2,-33.983605,151.114202,25,0,2,1,1,0,0,0,2,0,7,70,2,3775,3775,0,10,5,3,0,1,0,0
1301944,2,2022,2022,1,0,6,5,31,433,34609,1,0,10,-33.287198,149.095423,52,2,1,1,3,0,0,0,2,0,0,50,0,6545,6545,4,5,13,2,0,0,2,0
1301946,2,2022,2022,11,6,7,42,31,463,34609,0,1,7,-30.297354,153.116935,19,2,1,1,1,0,0,0,2,0,0,40,0,9859,9859,8,10,40,1,0,0,1,0
1301957,1,2022,2022,10,3,7,3,31,106,34609,0,1,1,-33.676262,151.303096,50,0,2,1,3,0,0,0,2,0,7,40,0,214,214,9,0,28,2,0,0,0,1
1301958,2,2022,2022,11,6,4,37,31,253,34609,0,1,10,-33.9641,151.106642,25,0,2,1,3,0,0,0,2,0,0,50,0,6545,6545,4,0,5,2,0,0,1,0
1301961,2,2022,2022,10,3,4,12,31,197,34609,0,1,10,-33.792894,151.1151,61,0,2,1,2,0,0,0,2,0,15,50,0,6545,6545,4,5,5,2,0,0,1,0
1301963,4,2022,2022,5,3,9,348,27,73,88,0,1,9,-33.705091,150.695985,55,0,2,0,0,0,3,4,0,0,15,80,2,5929,5929,1,0,0,2,0,1,0,0
1301969,2,2022,2022,10,6,8,1,27,17,34609,0,1,1,-33.45191,149.826416,3,1,0,1,0,0,3,4,3,0,7,100,0,3775,3775,0,5,0,2,0,0,1,0
1301973,4,2022,2022,11,0,6,1,1,91,34609,0,1,9,-32.967219,151.638642,37,0,2,1,0,0,0,0,2,0,7,50,0,1945,1945,5,16,40,1,0,1,0,0
1301974,1,2022,2022,11,1,6,64,27,175,284,0,1,9,-33.775406,151.061491,54,0,2,1,0,0,0,0,2,0,7,60,2,1220,1220,9,5,28,2,0,0,0,1
1301976,4,2022,2022,11,0,9,36,27,14,36,0,1,1,-34.006472,150.794586,13,0,2,0,2,0,0,0,0,0,7,80,1,77,77,1,16,40,2,0,2,0,0
1301977,4,2022,2022,1,5,7,1052,14,87,928,0,1,3,-33.075249,151.477046,37,0,2,0,0,0,0,0,2,0,7,110,2,1192,1192,1,10,0,2,0,1,1,0
1301986,1,2022,2022,10,5,3,16,31,70,148,0,1,9,-32.896441,151.719952,48,0,2,1,3,0,0,0,2,3,7,60,1,14295,14295,3,5,0,2,0,0,0,1
1301988,2,2022,2022,1,3,9,500,27,106,799,0,1,10,-33.925397,151.086895,15,0,2,1,2,0,0,0,0,2,7,60,2,5929,5929,1,0,5,2,0,0,1,1
1301989,4,2022,2022,1,0,9,500,27,646,799,0,1,1,-33.934576,151.03504,15,0,2,1,0,0,0,0,2,0,7,60,2,1981,1981,4,21,5,2,0,1,0,0
1301992,1,2022,2022,10,1,4,154,27,293,244,0,1,9,-33.925651,151.054716,15,0,2,1,3,0,0,0,2,2,7,60,2,14295,14295,3,5,25,2,0,0,0,1
1301993,1,2022,2022,10,6,7,29,27,85,27,0,1,1,-34.569798,150.78631,62,0,2,1,3,0,3,4,2,0,7,60,2,14295,14295,3,10,5,2,0,0,0,1
1301995,1,2022,2022,1,2,6,90,31,54,165,0,1,2,-33.898635,151.215645,69,0,2,1,3,0,0,0,2,0,7,60,2,14295,14295,3,10,5,2,0,0,0,1
1302004,2,2022,2022,10,3,5,171,31,77,33,0,1,7,-32.560672,151.17171,64,2,1,1,3,0,0,0,2,0,0,50,1,1945,1945,5,16,40,1,0,0,1,0
1302005,1,2022,2022,11,1,6,220,27,44,222,0,1,9,-33.791216,150.979229,54,0,2,1,3,0,0,0,2,2,7,80,2,14295,14295,3,9,5,2,0,0,0,1
1302009,2,2022,2022,4,0,0,294,17,215,288,0,1,10,-35.117109,147.356285,75,2,1,1,0,0,0,0,0,3,7,60,2,14295,14295,3,33,5,2,0,0,1,0
1302013,2,2022,2022,11,0,9,16,27,143,19,0,1,10,-33.703316,151.106228,31,0,2,1,2,0,0,3,0,2,9,50,1,1220,1220,9,5,28,2,0,0,1,0
1302014,2,2022,2022,10,3,8,6,31,224,34609,0,1,7,-33.833707,151.239696,45,0,2,0,1,0,0,0,2,0,0,50,0,2040,2040,9,0,26,2,0,0,1,0
1302016,2,2022,2022,11,0,9,68,27,175,208,0,1,1,-33.77075,151.081079,54,0,2,1,2,0,0,0,0,0,7,60,2,5929,5929,1,0,19,2,0,0,1,0
1302019,2,2022,2022,11,2,3,916,17,48,917,0,1,1,-29.039697,152.013356,51,2,1,1,1,0,0,0,2,0,7,50,2,9859,9859,8,34,40,1,0,0,1,0
1302022,2,2022,2022,5,0,0,72,14,174,71,0,1,3,-33.892105,151.216799,69,0,2,1,2,0,0,0,0,0,14,40,2,41,41,8,30,40,1,0,0,1,0
1302025,4,2022,2022,11,2,6,61,10,87,34609,0,1,1,-33.088055,151.450293,37,0,2,1,1,0,0,0,2,0,7,60,0,5929,5929,1,10,19,2,0,1,1,0
1302026,2,2022,2021,2,5,8,220,14,51,220,0,1,3,-34.17805,150.975936,80,0,2,0,0,0,0,0,2,0,7,110,2,4552,5151,8,30,40,1,0,0,1,0
1302027,2,2022,2022,1,1,7,6,27,2,34609,0,1,9,-32.062524,152.507753,43,2,1,1,1,0,0,0,2,0,7,80,0,475,475,5,5,40,1,0,0,1,0
1302028,2,2022,2022,11,2,9,74,23,100,260,0,1,2,-33.959368,151.157049,4,0,2,1,2,0,0,0,0,0,7,60,2,2040,2040,9,0,28,2,0,0,1,0
1302031,4,2022,2022,11,0,3,171,31,273,34609,0,1,7,-34.420345,150.898516,80,0,2,1,1,0,3,3,1,0,0,50,0,6545,6545,4,5,27,2,0,1,0,0
1302032,4,2022,2022,0,3,5,191,17,15,189,0,1,1,-32.059572,149.519635,51,1,0,0,0,0,0,0,2,0,7,100,2,418,714,5,10,40,1,0,1,1,0
1302035,1,2022,2022,1,5,3,229,14,173,237,0,1,8,-33.767737,151.114622,61,0,2,0,1,0,0,0,2,0,7,100,2,14295,14295,3,5,0,2,0,0,0,1
1302036,2,2022,2022,11,5,1,39,31,370,256,0,1,10,-34.067843,150.8169,13,0,2,1,2,0,0,0,0,2,7,60,2,926,926,4,5,35,2,0,0,2,0
1302037,2,2022,2022,5,0,4,31,27,20,46,0,1,1,-33.482544,150.207928,40,2,1,0,0,0,1,6,2,0,7,80,2,2585,4009,8,0,40,1,0,0,1,0
1302041,2,2022,2022,11,1,11,100,27,127,799,0,1,1,-33.897072,151.150144,32,0,2,1,2,0,0,0,0,0,7,60,2,9859,9859,8,16,40,1,0,0,1,0
1302044,4,2022,2022,5,3,11,78,27,147,78,0,1,10,-33.869306,151.129488,14,0,2,1,2,0,3,0,0,2,7,60,2,1945,1945,5,16,40,1,0,1,0,0
1302045,2,2022,2022,5,5,7,3,27,5,34609,0,1,1,-34.640995,146.368864,51,1,0,0,0,2,0,0,2,0,7,100,0,380,714,5,10,40,1,0,0,2,0
1302046,4,2022,2022,1,4,9,2261,17,243,2252,0,1,9,-33.957134,150.889099,41,0,2,1,2,0,0,0,3,0,0,70,2,6545,6545,4,5,13,2,0,2,0,0
1302048,2,2022,2022,11,0,4,78,17,39,75,0,1,11,-33.843727,151.211599,49,0,2,1,0,0,0,0,2,0,7,70,2,1383,1383,1,30,19,2,0,0,1,0
1302049,1,2022,2022,11,0,3,132,31,252,126,0,1,9,-33.891666,151.213618,69,0,2,1,3,0,3,3,2,0,0,50,2,2852,2852,4,5,19,2,0,0,0,1
1302050,4,2022,2022,1,3,11,9,27,2,34609,0,1,1,-31.896656,152.656117,43,1,0,0,0,0,0,0,0,0,7,100,0,1259,5151,8,9,40,1,0,1,0,0
1302063,2,2022,2022,11,3,5,55,1,167,34609,0,1,10,-33.83992,151.068649,54,0,2,1,1,0,0,0,2,0,7,60,0,5929,5929,1,5,19,2,0,0,1,0
1302064,2,2022,2022,11,4,4,104,27,443,702,0,1,9,-33.915768,151.062943,15,0,2,0,1,0,0,0,2,2,7,60,2,5929,5929,1,5,5,2,0,0,1,0
1302065,2,2022,2022,11,6,8,15,23,29,34609,0,1,1,-33.728489,150.729181,55,0,2,0,1,0,0,0,2,0,7,50,0,4552,5151,1,0,5,2,0,0,1,0
1302069,4,2022,2022,1,0,8,2,27,3,34609,0,1,1,-33.240133,147.996887,53,2,1,1,0,0,0,0,3,0,7,60,0,945,945,5,10,40,1,0,2,0,1
1302071,4,2022,2022,1,0,8,48,10,59,58,0,1,9,-32.886288,151.728071,48,0,2,0,1,0,0,0,2,2,7,80,2,5929,5929,1,0,13,2,0,1,0,0
1302072,1,2022,2022,1,2,11,2,31,30,34609,0,1,9,-34.491076,150.8132,80,0,2,1,2,0,0,0,0,0,15,60,0,782,985,5,0,40,1,0,0,0,1
1302074,4,2022,2022,1,6,10,220,14,130,220,0,1,3,-34.463361,150.850514,80,0,2,0,0,0,0,0,0,0,7,100,2,2585,4009,8,0,40,1,0,1,0,0
1302077,2,2022,2022,11,2,7,11,31,207,34609,1,0,1,-31.943884,141.471013,51,2,1,1,1,0,0,0,2,0,7,50,0,9859,9859,8,5,40,1,0,0,1,0
1302078,4,2022,2022,1,5,8,59,10,89,34609,0,1,10,-33.904124,151.235844,59,0,2,0,2,0,0,0,3,0,0,30,0,515,515,1,0,27,2,0,1,0,0
1302080,2,2022,2022,5,2,2,113,27,113,111,0,1,9,-33.80535,150.770697,55,0,2,1,0,0,0,1,0,0,15,80,2,57,57,1,5,19,2,0,0,1,0
1302081,1,2022,2022,1,6,9,8,27,11,34609,0,1,1,-28.571496,153.455267,10,1,0,0,3,0,0,0,0,0,7,100,0,273,957,5,0,40,1,0,0,0,1
1302083,4,2022,2022,11,0,3,153,27,197,147,0,1,1,-33.957392,151.074038,25,0,2,1,1,0,0,0,2,0,7,60,2,9859,9859,8,5,40,1,0,4,0,1