Crash ID,Degree of crash - detailed,Reporting year,Year of crash,Month of crash,Day of week of crash,Two-hour intervals,Street of crash,Street type,Town,Route no.,School zone location,School zone active,Type of location,Latitude,Longitude,LGA,Urbanisation,Conurbation 1,Alignment,Street lighting,Road surface,Surface condition,Weather,Natural lighting,Signals operation,Other traffic control,Speed limit,Road classification,RUM - code,DCA - code,First impact type,Key TU type,Other TU type,No. of traffic units involved,No. killed,No. seriously injured,No. moderately injured,No. minor-other injured
1302085,4,2022,2022,5,4,8,23,31,60,19,0,1,1,-33.750105,150.761665,55,0,2,0,0,0,0,0,3,0,7,60,1,3775,3775,0,5,5,2,0,1,1,0
1302090,1,2022,2022,5,0,0,97,17,7,88,0,1,9,-34.971767,149.397939,58,1,0,1,0,0,0,3,0,0,7,110,2,9859,9859,8,5,40,1,0,0,0,2
1302091,2,2022,2022,1,4,6,5,27,8,34609,0,1,1,-33.395777,149.560088,3,2,1,1,0,0,3,4,2,0,7,60,0,3775,3775,0,5,5,3,0,0,2,0
1302092,4,2022,2022,1,5,6,63,36,30,16,0,1,9,-32.651379,152.148876,43,2,1,1,0,0,3,4,2,0,7,50,1,5929,5929,1,5,5,2,0,1,0,0
1302095,1,2022,2022,11,0,9,2,27,9,1,0,1,1,-36.816848,149.283843,65,1,0,0,3,2,3,4,0,0,7,100,1,782,957,5,0,40,1,0,0,0,2
1302099,1,2022,2022,8,0,4,9,27,224,44,0,1,10,-33.822152,151.23885,45,0,2,1,3,0,0,0,2,2,7,50,1,14295,14295,3,0,5,2,0,0,0,1
1302104,2,2022,2022,5,1,10,3,27,60,34609,0,1,1,-33.666656,150.255562,8,2,2,0,0,2,0,0,0,0,7,60,0,2585,4009,8,0,40,1,0,0,1,0
1302105,4,2022,2022,1,2,6,1052,14,39,928,0,1,3,-32.895248,151.580871,37,0,2,1,1,0,0,0,2,0,7,110,2,9859,9859,8,16,40,1,0,1,0,0
1302106,1,2022,2022,10,2,5,2,31,438,34609,0,1,1,-33.840846,151.028382,21,0,2,1,1,0,0,0,2,0,7,50,0,14295,14295,3,5,27,2,0,0,0,1
1302108,1,2022,2022,11,0,9,866,17,94,793,0,1,10,-33.888271,150.922952,24,0,2,1,3,0,3,4,0,2,7,70,2,14295,14295,3,0,5,2,0,0,0,1
1302109,2,2022,2022,11,4,7,500,27,646,799,0,1,1,-33.93415,151.031229,15,0,2,1,3,0,0,0,2,0,7,60,2,475,475,5,10,40,2,0,0,1,0
1302110,4,2022,2022,11,0,4,43,27,15,87,0,1,2,-34.441876,150.886487,80,0,2,1,3,0,0,0,2,0,7,80,2,14295,14295,3,0,5,5,0,1,0,0
1302113,1,2022,2022,11,5,3,3371,17,24,3342,0,1,2,-32.523755,152.198162,43,1,0,1,3,0,0,0,2,0,7,110,2,4026,4026,8,10,40,1,0,0,0,1
1302114,1,2022,2022,11,6,4,57,31,77,321,0,1,1,-33.888805,151.201511,69,0,2,0,3,0,0,0,2,0,7,50,2,1391,1391,1,0,0,2,0,0,0,1
1302116,1,2022,2022,5,6,8,3371,17,41,3342,0,1,2,-32.810479,151.709019,57,2,1,0,3,0,0,0,3,0,7,80,2,1391,1391,1,8,5,2,0,0,0,1
1302117,4,2022,2022,10,6,6,30,10,19,30,0,1,1,-33.289989,151.234258,16,2,2,1,3,0,3,4,2,0,7,60,1,3775,3775,0,8,10,2,0,1,0,0
1302119,2,2022,2022,5,1,7,17,31,33,34609,0,1,1,-34.738368,150.827082,35,2,1,1,1,0,3,4,2,0,7,50,0,9859,9859,8,30,40,1,0,0,1,0
1302120,2,2022,2022,11,4,6,19,31,433,34609,0,1,7,-33.276742,149.105181,52,2,1,1,0,0,0,0,2,0,0,50,0,6545,6545,4,10,19,2,0,0,1,0
1302123,2,2022,2022,11,5,3,71,36,26,61,0,1,1,-34.642383,145.975462,51,1,0,1,0,0,0,0,2,0,7,100,2,1669,1669,3,10,0,2,0,0,2,0
1302124,2,2022,2022,11,6,6,125,27,32,144,0,1,1,-32.762509,152.086987,57,1,0,1,1,0,0,0,2,0,7,90,2,1109,397,1,9,0,2,0,0,2,0
1302126,4,2022,2022,11,2,8,45,1,294,26,0,1,9,-33.939701,150.924957,41,0,2,1,2,0,3,0,0,2,0,60,2,926,926,4,0,18,2,0,1,0,0
1302129,4,2022,2022,11,4,4,1,1,17,34609,0,1,1,-30.88505,153.040317,34,2,1,1,1,0,0,0,2,0,7,40,0,186,186,9,30,28,2,0,1,1,0
1302138,4,2022,2022,1,5,6,9,27,21,34609,0,1,1,-32.592749,151.81022,51,2,1,1,0,0,0,0,2,0,7,80,0,945,945,5,10,40,1,0,2,0,0
1302139,4,2022,2022,11,6,9,8,27,4,34609,0,1,9,-28.503859,153.433249,10,2,1,1,0,0,0,0,0,0,0,50,0,2852,2852,4,5,0,2,0,1,1,0
1302142,4,2022,2022,11,2,7,3371,17,40,3342,0,1,2,-32.006414,152.466018,43,1,0,1,0,0,0,0,2,0,7,110,2,9859,9859,8,0,40,1,0,1,0,0
1302143,1,2022,2022,10,4,7,126,1,26,17,0,1,9,-33.737265,150.821242,7,0,2,1,3,0,0,0,2,0,7,60,1,6545,6545,4,5,0,2,0,0,0,2
1302150,2,2022,2022,11,0,3,135,17,131,136,0,1,10,-36.084803,146.914896,0,2,1,1,2,0,0,0,2,2,7,60,2,6545,6545,4,5,5,2,0,0,1,0
1302151,2,2022,2022,10,2,8,346,17,103,332,0,1,7,-28.811592,153.354316,39,2,1,1,1,0,3,4,2,0,0,60,2,4026,4026,8,16,40,1,0,0,1,0
1302152,2,2022,2022,11,6,1,2261,17,34,2252,0,1,2,-34.8066,149.602434,26,1,0,1,0,0,0,0,0,0,7,110,2,9859,9859,8,3,40,1,0,0,1,0
1302153,2,2022,2022,11,0,6,3,27,2,34609,0,1,9,-35.269907,150.47136,63,2,1,0,1,0,3,3,2,0,7,80,0,4552,5151,8,9,40,1,0,0,1,0
1302154,2,2022,2022,11,2,7,63,31,134,34609,0,1,10,-33.671351,150.859763,7,0,2,1,0,0,3,4,2,0,15,50,0,6545,6545,4,5,5,2,0,0,1,0
1302159,1,2022,2022,6,0,8,25,1,18,34609,0,1,1,-28.863995,153.582901,2,2,1,1,3,0,0,0,2,0,7,60,0,1669,1669,3,0,5,2,0,0,0,1
1302169,2,2022,2022,11,0,9,15,27,82,34609,0,1,1,-31.060982,150.948913,70,2,1,0,0,0,0,0,0,0,7,80,0,380,777,5,15,40,1,0,0,1,0
1302170,2,2022,2022,1,1,9,51,27,25,45,0,1,2,-33.742992,150.809669,7,0,2,1,2,0,0,0,0,0,7,60,1,4026,4026,8,5,40,1,0,0,1,0
1302178,2,2022,2022,11,1,9,2,31,85,34609,0,1,1,-33.73007,151.136377,36,0,2,0,2,0,0,0,0,0,7,50,0,380,714,5,0,40,1,0,0,1,0
1302181,2,2022,2022,11,4,3,1052,27,104,262,0,1,2,-32.908087,151.69788,48,0,2,1,1,0,0,0,2,0,7,60,2,14295,14295,3,0,5,3,0,0,1,0
1302184,2,2022,2022,11,1,8,3,31,169,34609,0,1,1,-28.63678,153.582974,10,2,1,1,1,0,0,0,3,0,7,50,0,1945,1945,5,16,40,1,0,0,1,0
1302186,2,2022,2022,11,5,6,1,35,45,34609,0,1,4,-33.343572,151.49127,16,2,2,0,0,0,0,0,2,0,7,50,0,4552,5151,8,16,40,1,0,0,1,0
1302191,1,2022,2022,11,1,4,8,31,3,34609,0,1,9,-33.777394,150.635417,8,2,2,1,0,0,0,0,2,0,7,50,0,9859,9859,1,0,0,3,0,0,0,1
1302193,1,2022,2022,0,6,4,220,14,130,220,0,1,3,-34.45232,150.859311,80,0,2,0,1,0,0,0,2,0,7,100,2,14295,14295,3,5,5,3,0,0,0,1
1302194,2,2022,2022,11,6,8,1104,14,438,962,0,1,3,-33.84178,151.042,21,0,2,1,0,0,3,0,2,0,7,90,2,1282,1282,1,5,40,2,0,0,1,0
1302200,2,2022,2022,11,1,8,143,31,173,181,0,1,9,-33.87991,151.215934,69,0,2,1,2,0,0,0,3,2,9,40,2,1220,1220,9,5,28,2,0,0,1,0
1302203,4,2022,2022,1,0,8,165,31,219,34609,0,1,10,-32.900264,151.672844,48,0,2,1,2,0,0,0,3,0,15,50,0,6545,6545,4,5,0,3,0,1,1,0
1302205,2,2022,2022,11,3,9,3,27,12,34609,0,1,1,-33.833442,149.692628,51,1,0,1,0,0,0,0,0,0,7,100,0,9859,9859,8,10,40,1,0,0,1,0
1302207,2,2022,2022,11,1,1,67,27,58,34609,0,1,9,-34.04932,151.122498,68,0,2,1,0,0,0,0,0,0,7,50,0,9859,9859,1,10,0,3,0,0,1,0
1302209,1,2022,2022,11,2,5,84,27,61,415,0,1,9,-33.769244,151.136257,36,0,2,1,3,0,0,0,2,2,7,70,2,14295,14295,3,0,5,2,0,0,0,2
1302213,1,2022,2022,11,4,8,72,14,169,71,0,1,3,-33.899016,151.215484,69,0,2,1,3,0,0,0,2,0,7,80,2,14295,14295,3,10,5,4,0,0,0,1
1302216,1,2022,2022,5,4,6,71,27,69,122,0,1,9,-34.547795,150.861361,62,0,2,1,1,0,0,0,2,2,7,70,2,775,775,4,0,5,2,0,0,0,1
1302218,2,2022,2022,11,3,6,3,27,155,34609,0,1,9,-33.500355,151.325317,16,2,2,1,0,0,0,0,2,0,0,60,0,489,489,5,5,13,2,0,0,1,0
1302222,2,2022,2022,10,4,8,191,17,15,189,0,1,1,-32.073138,149.533866,51,1,0,1,3,0,0,0,2,0,7,100,2,1945,1945,5,8,40,1,0,0,1,0
1302227,1,2022,2022,11,0,9,3,31,9,34609,0,1,10,-33.826306,151.078032,54,0,2,1,3,0,3,4,0,0,15,50,0,6545,6545,4,0,0,2,0,0,0,1
1302228,2,2022,2022,11,0,7,225,17,85,180,1,2,1,-34.571642,150.764296,62,0,2,1,1,0,3,4,2,0,7,40,2,14295,14295,3,10,5,3,0,0,1,0
1302229,2,2022,2022,10,3,6,11,31,107,34609,0,1,1,-29.675071,152.932091,18,2,1,1,0,0,0,0,2,0,7,50,0,1981,1981,4,10,27,2,0,0,2,0
1302231,2,2022,2022,11,2,5,346,17,44,332,0,1,7,-28.860722,153.519936,2,2,1,0,0,0,0,0,2,0,0,60,2,6545,6545,4,16,0,2,0,0,1,0
1302233,4,2022,2022,0,5,3,55,27,179,34609,0,1,7,-33.762851,150.719746,55,0,2,1,1,0,0,0,2,0,0,50,0,6545,6545,4,0,27,2,0,1,0,0
1302240,1,2022,2022,1,0,7,32,27,290,34609,0,1,9,-33.856831,150.976685,21,0,2,1,1,0,0,0,2,0,7,50,0,2852,2852,4,30,5,2,0,0,0,1
1302241,4,2022,2022,5,4,8,60,27,237,34609,0,1,9,-33.873541,150.953553,24,0,2,1,0,0,0,0,2,0,7,40,0,1109,397,1,0,27,2,0,1,0,0
1302243,2,2022,2022,11,5,9,3371,17,49,3342,0,1,10,-33.199432,151.522604,16,2,2,1,2,0,0,0,0,2,7,80,2,14295,14295,3,10,36,2,0,0,1,0
1302244,2,2022,2022,11,0,4,92,27,55,36,0,1,9,-35.711114,150.182888,23,2,1,1,1,0,0,0,2,0,0,60,1,2852,2852,4,5,0,2,0,0,1,1
1302245,4,2022,2022,5,2,10,13,31,32,34609,0,1,9,-29.072535,153.341896,60,2,1,1,2,0,0,0,0,0,7,50,0,489,489,8,10,40,1,0,1,0,0
1302246,4,2022,2022,5,5,4,3,7,243,34609,0,1,9,-33.940365,150.914246,41,0,2,0,0,0,0,0,2,0,7,50,0,2852,2852,4,0,13,2,0,1,0,1
1302248,2,2022,2022,11,1,8,149,10,85,34609,1,0,1,-33.785208,150.681274,55,0,2,1,1,0,0,0,2,0,7,50,0,186,186,9,5,28,2,0,0,2,0
1302249,2,2022,2022,10,5,5,348,17,12,232,0,1,1,-32.651066,149.666019,44,1,0,0,0,0,0,0,2,0,7,100,2,3775,3775,0,10,0,2,0,0,2,0
1302252,2,2022,2022,11,4,3,135,17,8,136,0,1,1,-36.054136,146.830676,0,1,0,1,0,0,0,0,2,0,7,100,2,4026,4026,8,5,40,1,0,0,1,0
1302256,2,2022,2022,11,2,11,1,31,102,34609,0,1,9,-31.112303,150.918742,70,2,1,1,2,0,0,0,0,0,7,50,0,1945,1945,5,22,40,1,0,0,1,0
1302263,2,2022,2022,1,5,10,100,27,127,799,0,1,10,-33.896585,151.152514,32,0,2,1,2,0,3,4,0,2,9,60,2,2040,2040,9,0,28,2,0,0,1,0
1302265,2,2022,2022,1,6,1,866,17,314,793,0,1,9,-33.844335,150.955558,21,0,2,0,3,0,0,0,0,2,7,70,2,4552,5151,8,5,40,1,0,0,1,0
1302267,2,2022,2022,5,4,8,71,27,10,69,0,1,1,-36.347048,148.526246,65,2,1,0,3,0,0,0,0,0,7,80,2,273,957,5,10,40,1,0,0,1,0
1302268,1,2022,2022,1,2,8,78,27,438,34609,1,0,1,-33.854986,151.032044,21,0,2,1,3,0,0,0,3,0,7,50,0,9859,9859,1,5,5,2,0,0,0,1
1302277,4,2022,2022,5,5,6,222,27,14,40,0,1,1,-33.603754,150.909684,71,0,2,1,0,0,0,0,2,0,7,80,1,4026,4026,8,8,40,1,0,1,0,0
1302283,1,2022,2022,10,2,8,28,27,346,63,1,0,9,-33.87404,151.086766,67,0,2,1,3,0,0,3,2,0,0,50,1,5929,5929,1,5,5,2,0,0,0,1
1302287,4,2022,2022,11,5,0,32,27,42,27,0,1,1,-33.66227,151.248536,50,0,2,0,0,0,0,0,0,0,7,60,2,2585,4009,8,5,40,1,0,1,1,0
1302293,1,2022,2022,10,2,10,45,27,110,45,0,1,9,-33.736936,151.03139,71,0,2,1,3,0,3,4,0,1,7,60,2,301,301,4,0,5,2,0,0,0,1
1302294,4,2022,2022,10,5,8,112,27,201,256,0,1,7,-34.006528,150.837862,13,0,2,1,3,0,0,0,2,0,0,70,2,14295,14295,3,8,5,2,0,1,0,0
1302300,2,2022,2022,10,2,3,3,10,21,34609,0,1,1,-35.067801,147.345316,75,2,1,1,3,0,0,0,2,0,7,50,0,248,248,1,5,12,2,0,0,1,0
1302302,1,2022,2022,11,0,8,103,27,123,563,0,1,2,-33.805562,151.05342,54,0,2,1,3,0,0,0,2,0,7,80,2,1383,1383,1,30,5,2,0,0,0,1
1302305,2,2022,2022,11,0,7,2261,17,38,2252,0,1,3,-34.139649,150.740132,79,1,2,1,0,0,3,4,2,0,7,110,2,9859,9859,8,5,40,1,0,0,1,0
1302306,4,2022,2022,1,3,11,103,27,29,256,0,1,1,-34.178835,150.790851,79,2,2,1,0,0,0,0,0,0,7,80,2,9859,9859,8,5,40,1,0,2,0,0
1302307,1,2022,2022,11,3,6,2,27,107,34609,0,1,1,-33.881269,151.20159,69,0,2,1,0,0,0,0,2,0,7,40,0,368,368,9,5,28,2,0,0,0,1
1302312,4,2022,2022,5,3,6,149,36,44,113,0,1,1,-32.388339,152.239891,43,2,1,0,0,0,0,0,2,0,7,80,1,83,83,5,16,40,1,0,1,0,0
1302316,2,2022,2022,10,1,8,829,1,225,34609,0,1,1,-33.795742,151.184931,77,0,2,1,1,0,0,0,2,0,7,40,0,1220,1220,9,5,28,2,0,0,1,0
1302320,2,2022,2022,10,6,4,109,36,21,108,0,1,9,-28.281979,153.462829,72,2,1,1,0,0,0,0,2,0,0,80,1,5929,5929,1,0,36,3,0,0,1,0
1302323,2,2022,2022,11,1,8,346,17,46,332,0,1,7,-28.813199,153.27267,39,2,1,1,0,0,0,0,2,0,0,60,2,395,395,1,19,12,3,0,0,1,0
1302330,4,2022,2022,10,1,6,11,31,173,34609,0,1,10,-33.878893,151.218415,69,0,2,1,1,0,0,0,2,0,9,40,0,2040,2040,9,5,28,2,0,1,0,0
1302333,4,2022,2022,5,3,7,3371,17,32,3342,0,1,2,-32.387906,152.253135,43,1,0,0,0,0,3,4,2,0,7,110,2,1957,4009,8,0,40,1,0,1,0,0
1302336,2,2022,2022,11,0,7,2,31,284,34609,0,1,1,-33.896973,151.037029,15,0,2,1,3,0,3,4,2,0,7,50,0,1282,1282,1,5,5,2,0,0,1,0
1302338,4,2022,2022,11,1,7,74,27,609,163,0,1,10,-33.777283,150.906288,7,0,2,1,1,0,0,0,2,0,15,60,2,2852,2852,4,0,19,2,0,2,0,0
1302339,2,2022,2022,11,0,5,916,17,104,917,0,1,2,-32.822752,151.683185,48,0,2,1,1,0,0,0,2,0,7,80,2,1945,1945,5,16,40,1,0,0,2,0
1302340,4,2022,2022,11,1,8,1,31,182,34609,0,1,9,-32.830019,151.328095,17,2,1,1,1,0,0,0,3,0,7,50,0,1850,985,5,16,40,1,0,1,0,0
1302341,2,2022,2022,1,4,4,162,31,12,13,0,1,9,-33.901,151.119725,15,0,2,1,1,0,0,0,2,0,7,50,1,1669,1669,3,5,5,2,0,0,1,1
1302347,2,2022,2022,10,2,3,147,27,66,34609,1,0,9,-34.489345,150.911586,80,0,2,1,3,0,3,4,2,0,7,50,0,186,186,1,10,0,2,0,0,1,0
1302354,1,2022,2022,11,0,7,68,27,278,67,0,1,10,-33.767975,151.043402,54,0,2,1,3,0,3,3,2,2,7,60,1,6545,6545,4,5,0,2,0,0,0,2
1302356,4,2022,2022,1,1,9,78,27,10,228,0,1,1,-33.051741,151.133418,17,2,1,0,0,0,0,0,0,0,7,80,1,2585,4009,8,10,40,1,0,2,0,0
1302364,2,2022,2022,11,1,3,204,27,134,34609,0,1,7,-33.510834,151.322861,16,2,2,1,3,0,0,0,2,0,0,60,0,14295,14295,3,5,0,3,0,0,1,0
1302366,4,2022,2022,1,5,7,35,18,166,34609,0,1,10,-33.895121,151.182422,69,0,2,1,0,0,0,0,2,0,7,40,0,14295,14295,3,22,18,2,0,1,0,0
1302367,2,2022,2022,11,1,5,108,31,159,34609,0,1,1,-33.807986,151.086767,61,0,2,1,1,0,0,0,2,0,7,50,0,144,144,1,0,0,2,0,0,1,0
1302369,4,2022,2022,11,3,0,4,27,20,34609,0,1,1,-30.264553,149.580802,51,1,0,1,0,0,3,4,0,0,7,100,0,4026,4026,8,10,40,1,0,1,0,0
1302370,1,2022,2022,11,2,11,3371,17,44,3342,0,1,2,-30.546978,153.004171,6,1,0,0,3,0,0,0,0,0,7,110,2,2585,4009,8,30,40,1,0,0,0,1
1302371,2,2022,2022,11,5,3,2261,17,370,2252,0,1,3,-34.065246,150.781979,13,0,2,1,1,0,3,4,2,0,7,110,2,3775,3775,0,29,0,2,0,0,1,0
1302372,4,2022,2022,11,1,1,3371,17,90,3342,0,1,2,-28.253215,153.529684,72,1,0,0,0,0,2,6,0,0,7,110,2,4552,5151,8,10,40,1,0,1,0,0
1302377,1,2022,2022,11,0,5,348,27,39,34609,1,0,10,-33.558833,150.841352,29,2,2,1,3,0,0,0,2,0,0,50,0,6545,6545,4,5,13,2,0,0,0,1
1302380,4,2022,2022,1,1,0,8,10,6,34609,0,1,1,-34.453394,150.827033,80,0,2,0,2,0,0,0,0,0,7,50,0,1957,4009,1,5,13,3,0,1,2,0
1302382,4,2022,2022,5,1,6,2261,17,140,2252,0,1,9,-33.897109,150.992246,15,0,2,1,0,0,0,0,2,0,7,70,2,2852,2852,4,0,5,2,0,1,0,1
1302384,1,2022,2022,10,4,7,5,1,108,34609,0,1,1,-28.851113,153.549261,2,2,1,1,1,0,0,0,2,0,7,50,0,1220,1220,9,5,26,2,0,0,0,1
1302385,1,2022,2022,10,5,4,1,31,98,3,1,0,1,-33.735568,151.064068,31,0,2,1,0,0,0,0,2,0,7,50,1,3775,3775,0,21,0,2,0,0,0,1
1302386,1,2022,2022,11,5,11,2,27,13,34609,0,1,1,-33.627847,151.037768,31,0,2,1,0,0,0,0,0,0,7,60,0,4026,4026,8,10,40,1,0,0,0,1
1302387,2,2022,2022,1,4,7,1,6,226,34609,0,1,7,-33.769492,150.821936,7,0,2,1,0,0,0,0,2,0,0,50,0,2040,2040,9,10,28,2,0,0,1,0
1302393,2,2022,2022,1,0,4,475,31,523,34609,1,2,1,-33.920596,150.927093,41,0,2,1,1,0,0,0,2,0,7,40,0,1220,1220,9,33,28,2,0,0,1,0
1302398,4,2022,2022,10,1,7,1052,14,59,928,0,1,3,-33.179053,151.46742,37,0,2,1,0,0,0,0,2,0,7,110,2,1192,1192,1,10,5,3,0,1,1,1
1302400,2,2022,2022,10,1,6,2261,17,34,2252,0,1,9,-34.787565,149.638916,26,1,0,1,0,0,0,0,2,0,7,110,2,14295,14295,3,0,0,2,0,0,1,0
1302401,4,2022,2022,10,1,6,52,1,188,34609,0,1,9,-33.93822,151.105933,4,0,2,0,1,0,0,0,2,0,7,50,0,1957,4009,1,5,23,2,0,1,0,0
1302404,1,2022,2022,10,5,8,4,31,207,34609,1,0,10,-31.955911,141.457855,51,2,1,1,0,0,0,0,2,0,0,50,0,6545,6545,4,5,5,2,0,0,0,2
1302406,2,2022,2022,11,5,8,13,27,173,11,0,1,9,-33.77602,151.122299,61,0,2,1,1,0,0,0,3,2,9,50,1,591,591,1,22,0,2,0,0,1,0
1302411,2,2022,2022,10,5,9,191,17,562,189,0,1,1,-32.236167,148.636177,22,2,1,1,0,0,0,0,2,0,7,60,2,941,941,1,10,0,2,0,0,1,0
1302412,2,2022,2022,5,3,8,5,36,20,34609,0,1,1,-32.297657,152.299202,43,2,1,1,0,0,3,4,2,0,7,80,0,9859,9859,8,5,40,1,0,0,1,0
1302414,1,2022,2022,10,6,9,230,27,84,284,0,1,2,-33.777456,151.10766,61,0,2,1,2,0,0,0,0,0,7,70,2,14295,14295,3,5,0,2,0,0,0,1
1302416,2,2022,2022,11,3,6,103,36,4,103,0,1,1,-32.101409,151.938681,43,1,0,0,0,0,0,0,2,0,7,90,1,3775,3775,0,0,5,2,0,0,1,0
1302417,4,2022,2022,11,2,5,330,27,108,605,0,1,9,-33.761224,151.274353,50,0,2,1,1,0,0,0,2,2,7,60,2,14295,14295,3,16,13,2,0,1,0,0
1302419,2,2022,2022,11,0,3,3,27,64,34609,0,1,7,-34.050648,150.736523,12,0,2,0,0,0,0,0,2,0,0,50,0,4552,5151,8,10,40,1,0,0,1,0
1302428,4,2022,2022,1,0,8,225,17,9,180,0,1,1,-34.578744,150.69833,62,0,2,1,0,0,3,4,2,0,7,90,2,323,323,1,16,13,2,0,1,1,0
1302432,1,2022,2022,1,2,7,3371,17,19,3342,0,1,2,-28.814809,153.528789,2,1,0,0,0,0,0,0,2,0,7,110,2,1850,1463,5,16,40,1,0,0,0,1
1302433,2,2022,2022,1,6,8,57,27,58,75,0,1,7,-33.439228,151.296035,16,2,2,1,0,0,0,0,2,0,0,60,1,4026,4026,8,5,40,1,0,0,1,0
1302434,2,2022,2022,1,0,4,1,27,71,34609,0,1,1,-33.964163,151.076891,25,0,2,1,1,0,0,0,2,0,7,50,0,1981,1981,4,5,5,2,0,0,1,0
1302437,4,2022,2022,5,3,6,65,31,609,115,0,1,10,-33.768888,150.904245,7,0,2,1,1,0,0,0,2,2,7,60,2,14295,14295,3,16,5,2,0,1,0,0
1302438,4,2022,2022,5,2,9,95,31,64,34609,0,1,9,-34.05231,150.735943,12,0,2,1,2,0,0,0,3,0,0,50,0,5929,5929,1,16,0,2,0,1,0,0
1302439,4,2022,2022,1,4,5,3,27,62,34609,0,1,9,-33.752827,150.618509,8,2,2,0,3,0,0,0,2,0,0,50,0,2585,4009,8,5,40,1,0,1,0,0
1302440,1,2022,2022,1,4,9,89,31,532,34609,0,1,9,-33.864394,151.204764,69,0,2,1,2,0,3,4,0,2,9,40,0,2040,2040,9,5,28,2,0,0,0,1
1302441,2,2022,2022,1,3,11,1,27,5,34609,0,1,1,-28.688193,153.390265,39,1,0,1,0,0,0,0,0,0,7,100,0,4026,4026,8,0,40,1,0,0,1,0
1302442,4,2022,2022,1,0,5,500,27,83,799,0,1,9,-33.909608,151.122971,15,0,2,1,1,0,0,0,2,0,0,60,2,2852,2852,4,5,18,2,0,1,1,0
1302443,4,2022,2022,1,3,7,101,10,42,33,0,1,1,-34.035473,151.16071,68,0,2,1,1,0,0,0,2,0,7,70,1,312,312,2,16,40,1,0,1,0,0
1302445,2,2022,2022,11,4,1,5,1,25,34609,0,1,1,-32.89597,151.684033,48,0,2,1,2,0,0,0,0,0,7,50,0,9859,9859,1,21,5,2,0,0,1,0
1302452,1,2022,2022,11,4,5,171,27,113,369,0,1,9,-33.805222,150.696143,55,0,2,1,3,0,0,0,2,2,7,80,2,5929,5929,1,0,5,2,0,0,0,1
1302456,2,2022,2022,10,0,9,72,31,363,34609,0,1,9,-33.811938,151.002676,54,0,2,1,3,0,3,4,0,2,7,40,0,3775,3775,0,30,5,2,0,0,1,0
1302458,1,2022,2022,11,4,5,1,18,523,34609,0,1,9,-33.92231,150.926407,41,0,2,0,3,0,2,2,2,0,7,30,0,1981,1981,4,5,5,2,0,0,0,1
1302463,1,2022,2022,5,4,6,163,27,95,165,0,1,9,-33.736153,150.837149,7,0,2,1,3,0,0,0,2,2,7,60,1,5929,5929,1,5,12,2,0,0,0,1
1302465,2,2022,2022,11,5,9,133,31,646,97,0,1,9,-33.917778,151.026413,15,0,2,1,3,0,0,0,2,3,7,60,1,1282,1282,1,22,13,2,0,0,1,0
1302466,1,2022,2022,3,4,6,47,31,51,34609,0,1,1,-34.195606,150.975166,80,0,2,1,1,0,0,0,2,0,7,50,0,1981,1981,4,10,0,2,0,0,0,1
1302468,1,2022,2022,11,0,9,10,31,173,34609,0,1,10,-33.875749,151.21504,69,0,2,1,3,0,0,0,3,0,9,40,0,2040,2040,9,30,28,2,0,0,0,1
1302469,4,2022,2022,5,2,9,2209,17,82,34609,0,1,1,-34.375417,150.896514,80,0,2,1,2,0,0,0,0,0,7,60,0,5929,5929,1,10,5,2,0,1,0,0
1302472,2,2022,2022,11,6,9,283,27,197,702,1,0,10,-33.947129,151.07889,25,0,2,1,2,0,0,0,2,2,7,60,2,14295,14295,3,5,5,2,0,0,1,0
1302480,1,2022,2022,6,4,8,11,1,17,34609,0,1,9,-33.794896,151.160607,77,0,2,1,0,0,0,0,2,0,7,50,0,2852,2852,4,0,5,2,0,0,0,1
1302482,4,2022,2022,11,2,9,515,14,60,518,0,1,3,-33.945667,150.952334,41,0,2,0,2,0,3,0,0,0,7,100,2,14295,14295,3,5,40,2,0,1,0,0
1302485,2,2022,2022,11,5,8,3,27,16,34609,0,1,1,-33.741579,150.649089,55,0,2,1,1,0,0,0,2,0,7,50,0,9859,9859,1,5,0,2,0,0,1,0
1302486,2,2022,2022,11,1,5,39,31,112,34609,0,1,1,-36.064824,146.924507,0,2,1,1,0,0,0,0,2,0,7,50,0,591,591,1,22,5,2,0,0,1,0
1302487,2,2022,2022,10,1,7,31,27,20,46,0,1,1,-33.471206,150.18284,40,2,1,0,1,0,0,0,2,0,7,60,2,1850,1463,5,10,40,1,0,0,1,1
1302488,4,2022,2022,10,5,9,13,27,151,34609,0,1,10,-34.035907,150.83579,13,0,2,1,2,0,0,0,0,0,0,60,0,6545,6545,4,10,5,2,0,1,0,0
1302490,2,2022,2022,11,6,4,515,14,294,518,0,1,3,-33.939627,150.924854,41,0,2,1,0,0,0,0,2,0,7,100,2,14295,14295,3,5,5,3,0,0,1,0
1302493,2,2022,2022,10,6,7,1052,14,19,928,0,1,3,-33.20149,151.461549,16,1,2,1,0,0,3,4,2,0,7,110,2,14295,14295,3,9,5,3,0,0,1,0
1302494,1,2022,2021,1,6,3,9,27,96,34609,0,1,1,-33.439819,151.391706,16,2,2,1,1,0,0,0,2,2,7,50,0,1981,1981,4,5,5,2,0,0,0,1
1302503,2,2022,2022,11,0,10,7,1,463,34609,0,1,10,-30.287256,153.117185,19,2,1,1,2,0,3,4,0,0,0,50,0,1945,1945,5,15,40,1,0,0,1,0
1302506,4,2022,2022,1,5,8,3,27,56,34609,0,1,1,-32.826318,151.322662,17,2,1,1,0,0,0,0,0,0,7,60,0,1089,1089,7,16,40,1,0,1,0,0