Crash ID,Degree of crash - detailed,Reporting year,Year of crash,Month of crash,Day of week of crash,Two-hour intervals,Street of crash,Street type,Town,Route no.,School zone location,School zone active,Type of location,Latitude,Longitude,LGA,Urbanisation,Conurbation 1,Alignment,Street lighting,Road surface,Surface condition,Weather,Natural lighting,Signals operation,Other traffic control,Speed limit,Road classification,RUM - code,DCA - code,First impact type,Key TU type,Other TU type,No. of traffic units involved,No. killed,No. seriously injured,No. moderately injured,No. minor-other injured
1302514,2,2022,2022,11,0,6,2209,17,273,2205,0,1,9,-34.425395,150.891024,80,0,2,1,1,0,0,0,2,1,7,50,2,14295,14295,3,5,12,2,0,0,1,0
1302521,2,2022,2022,11,3,10,5,27,6,34609,0,1,1,-32.712213,151.632318,42,2,1,1,0,0,0,6,0,0,7,50,0,4026,4026,8,0,40,1,0,0,1,0
1302522,2,2022,2022,11,3,8,14,27,163,74,0,1,2,-33.856459,151.103259,14,0,2,1,1,0,0,0,2,0,7,40,1,1282,1282,1,5,40,1,0,0,1,0
1302523,4,2022,2022,10,4,3,149,27,38,198,0,1,1,-34.031755,150.962175,68,0,2,0,3,0,3,4,1,0,7,90,2,4552,5151,8,5,40,1,0,1,0,0
1302528,1,2022,2022,11,5,9,232,36,252,331,0,1,10,-33.956092,150.872757,41,0,2,1,3,0,0,0,3,3,7,70,2,14295,14295,3,5,0,2,0,0,0,1
1302531,1,2022,2022,10,2,5,2126,17,115,2149,0,1,2,-33.884712,151.191419,69,0,2,1,3,0,0,0,2,2,9,60,2,14295,14295,3,0,5,2,0,0,0,2
1302532,2,2022,2022,11,0,11,829,27,149,770,0,1,2,-33.868758,151.177442,32,0,2,1,3,0,3,4,0,0,7,60,2,14295,14295,3,5,5,3,0,0,1,0
1302533,2,2022,2022,10,0,7,293,31,112,769,0,1,9,-33.607565,150.821087,29,2,2,1,3,0,3,4,2,0,15,60,2,2852,2852,4,5,0,2,0,0,1,0
1302537,2,2022,2022,1,3,6,11,1,80,59,0,1,2,-33.882491,151.207621,69,0,2,1,1,0,0,0,2,2,9,40,1,2040,2040,9,5,28,2,0,0,1,0
1302541,4,2022,2022,11,0,4,21,27,62,23,1,2,1,-33.746063,150.623378,8,2,2,1,1,0,3,3,2,0,7,40,1,14295,14295,3,0,0,2,0,1,0,0
1302549,4,2022,2022,11,0,8,3371,17,19,3342,0,1,1,-33.383958,151.356253,16,2,2,0,0,0,0,3,2,0,7,60,2,1383,1383,1,22,13,2,0,1,0,0
1302550,1,2022,2022,11,5,7,829,1,225,34609,0,1,1,-33.795688,151.185103,77,0,2,1,1,0,0,0,2,0,7,40,0,1220,1220,9,0,28,2,0,0,0,1
1302551,4,2022,2022,1,0,3,65,27,202,563,0,1,10,-33.941376,151.035262,15,0,2,1,1,0,0,0,1,0,15,70,2,14295,14295,3,16,5,2,0,1,0,0
1302554,2,2022,2022,11,4,8,3,31,75,34609,0,1,1,-32.783531,151.640514,42,2,1,1,1,0,3,3,3,0,7,50,0,368,368,9,10,28,2,0,0,1,0
1302558,2,2022,2022,11,1,6,19,31,9,34609,0,1,9,-31.08321,152.845559,34,2,1,1,0,0,0,0,2,0,7,50,0,14295,14295,3,10,0,2,0,0,2,0
1302560,4,2022,2022,1,5,3,17,27,127,34609,0,1,2,-33.823865,150.825891,24,0,2,1,1,0,0,0,1,0,7,80,0,475,475,5,29,40,1,0,1,0,0
1302561,4,2022,2022,10,5,6,19,27,164,65,0,1,9,-33.718216,150.892516,7,0,2,1,1,0,0,0,2,2,7,60,1,4552,985,8,0,40,2,0,1,0,0
1302564,2,2022,2022,10,0,5,213,17,7,213,0,1,1,-29.73421,151.576716,51,1,0,1,0,0,0,0,2,0,7,100,2,9859,9859,8,9,40,1,0,0,1,0
1302566,4,2022,2022,11,4,8,82,27,84,181,0,1,9,-33.893512,151.261023,76,0,2,1,1,0,0,0,2,0,7,50,2,5929,5929,1,5,19,2,0,2,0,0
1302570,1,2022,2022,10,3,5,68,27,98,208,1,0,10,-33.751138,151.065144,31,0,2,1,0,0,0,0,2,2,7,60,2,1945,1945,5,22,40,1,0,0,0,1
1302572,2,2022,2022,11,5,3,36,1,126,34609,0,1,7,-33.917923,150.808594,41,0,2,1,0,0,0,0,2,0,0,60,0,5929,5929,1,5,13,2,0,0,1,0
1302573,4,2022,2022,10,3,4,512,31,562,34609,0,1,10,-32.255078,148.601651,22,2,1,1,1,0,0,0,2,0,0,50,0,6545,6545,4,0,5,2,0,1,1,0
1302574,2,2022,2022,10,5,11,17,27,10,7,0,1,1,-31.789811,149.165708,51,1,0,1,0,0,0,0,0,0,7,100,2,945,945,5,5,40,1,0,0,2,0
1302577,4,2022,2022,1,2,9,41,27,102,24,0,1,9,-33.95927,151.221822,59,0,2,1,2,0,0,0,0,2,7,50,2,5929,5929,1,5,25,2,0,1,1,0
1302578,4,2022,2022,11,2,6,1052,14,207,928,0,1,3,-33.595971,151.172569,31,0,2,0,0,0,3,4,2,0,7,110,2,1192,1192,1,5,5,2,0,1,0,1
1302579,2,2022,2022,1,2,8,78,31,49,34609,0,1,1,-33.973671,151.147547,4,0,2,1,1,0,0,0,3,0,7,50,0,238,238,9,10,28,2,0,0,1,0
1302580,2,2022,2022,1,3,2,3371,17,40,3342,0,1,9,-31.478011,152.813844,56,1,0,1,0,0,0,0,0,0,0,110,2,9859,9859,8,5,40,1,0,0,1,0
1302583,4,2022,2022,11,0,3,5,7,16,34609,1,0,9,-32.899669,151.698659,48,0,2,1,1,0,0,0,2,0,7,50,0,1282,1282,1,16,40,1,0,1,0,0
1302586,2,2022,2022,11,4,4,191,27,193,208,0,1,9,-33.792103,151.089377,61,0,2,1,1,0,3,4,2,2,7,60,2,6545,6545,4,21,5,3,0,0,1,0
1302587,2,2022,2022,1,0,8,40,10,56,174,0,1,9,-32.777151,151.34267,17,2,1,0,2,0,3,4,3,0,0,80,2,1669,1669,3,10,0,3,0,0,2,0
1302590,4,2022,2022,1,1,3,7,31,182,34609,0,1,2,-32.83609,151.353718,17,2,1,0,0,0,0,0,1,0,7,50,0,2585,4009,8,16,40,1,0,1,0,0
1302591,2,2022,2022,10,0,8,3,31,232,34609,0,1,1,-33.692884,150.904378,7,0,2,1,2,0,3,4,3,0,7,50,0,1981,1981,4,0,0,2,0,0,1,0
1302594,2,2022,2022,10,3,6,17,31,108,34609,0,1,10,-28.870622,153.564097,2,2,1,1,0,0,3,4,2,0,0,50,0,6545,6545,4,0,5,2,0,0,1,0
1302595,2,2022,2022,10,4,6,475,10,523,268,0,1,9,-33.917858,150.912793,41,0,2,1,1,0,0,3,2,0,2,70,2,775,775,4,5,5,2,0,0,1,0
1302596,4,2022,2022,10,1,8,83,31,532,21,0,1,10,-33.874592,151.209026,69,0,2,1,0,0,0,0,2,3,7,40,1,1383,1383,1,5,0,3,0,1,0,0
1302598,1,2022,2022,6,6,5,78,17,68,58,0,1,6,-34.822919,148.955175,82,1,0,0,0,0,0,0,2,0,7,110,2,4552,5151,8,10,40,1,0,0,0,1
1302600,4,2022,2022,1,5,6,361,23,176,165,0,1,1,-33.967147,151.129591,25,0,2,0,0,0,0,0,2,0,7,50,1,387,387,1,22,13,2,0,1,0,0
1302605,1,2022,2022,11,5,4,59,10,89,34609,0,1,0,-33.894082,151.233688,59,0,2,1,0,0,0,0,2,0,7,30,0,368,368,9,0,28,2,0,0,0,1
1302606,2,2022,2022,1,0,5,22,31,134,34609,0,1,10,-33.891048,151.249695,76,0,2,1,0,0,0,0,2,2,7,50,0,623,623,3,33,18,2,0,0,1,0
1302608,4,2022,2022,1,4,11,6,27,201,34609,0,1,1,-34.004678,150.841005,13,0,2,1,2,0,0,0,0,0,7,60,0,9859,9859,1,5,10,2,0,1,0,0
1302609,2,2022,2022,1,0,3,73,24,17,88,0,1,10,-33.739463,151.244526,50,0,2,1,0,0,0,0,2,2,7,80,2,5929,5929,1,10,41,2,0,0,1,0
1302615,2,2022,2022,5,5,2,2261,17,44,2252,0,1,2,-35.229625,147.78411,75,1,0,0,0,0,0,0,0,0,7,110,2,1957,4009,8,5,40,1,0,0,1,0
1302622,4,2022,2022,10,1,9,71,27,69,122,0,1,2,-34.550454,150.860598,62,0,2,1,2,0,0,0,0,0,7,70,2,9859,9859,8,16,40,1,0,1,0,0
1302624,4,2022,2022,10,2,8,293,31,179,34609,0,1,7,-31.908232,152.46093,43,2,1,1,1,0,3,4,2,0,0,50,0,6545,6545,4,5,19,2,0,1,0,0
1302625,2,2022,2022,11,2,4,103,27,94,563,0,1,10,-33.839918,151.046209,54,0,2,1,0,0,3,0,2,2,7,70,2,926,926,4,30,13,3,0,0,1,0
1302628,2,2022,2022,5,3,9,293,31,112,369,0,1,10,-33.612397,150.815027,29,2,2,1,2,0,0,0,0,2,7,60,2,6545,6545,4,5,0,3,0,0,2,0
1302633,2,2022,2022,11,0,5,361,23,44,165,0,1,1,-33.969315,151.112116,25,0,2,1,3,0,0,0,2,0,7,50,1,9859,9859,1,0,12,2,0,0,1,0
1302635,1,2022,2022,10,6,6,2209,17,201,2205,0,1,2,-34.872607,150.605936,63,2,1,0,3,0,0,0,2,0,7,60,2,14295,14295,3,10,5,3,0,0,0,2
1302648,1,2022,2022,8,3,10,3,10,363,34609,0,1,9,-33.7436,150.703355,55,0,2,0,0,0,0,0,0,0,7,60,0,782,985,5,5,40,1,0,0,0,1
1302650,2,2022,2022,10,0,8,87,31,91,34609,0,1,10,-32.971733,151.64693,37,0,2,1,1,0,3,4,3,0,0,50,0,6545,6545,4,0,13,2,0,0,1,0
1302654,4,2022,2022,11,5,8,6,31,149,34609,0,1,9,-33.99732,151.129752,4,0,2,1,1,0,0,0,3,0,7,50,0,1109,787,1,5,41,2,0,2,0,0
1302655,1,2022,2022,6,5,3,143,31,290,34609,1,0,1,-33.848864,150.995539,21,0,2,1,1,0,0,0,2,0,7,50,0,1109,787,1,5,5,2,0,0,0,1
1302658,1,2022,2022,10,1,10,866,17,98,793,0,1,9,-33.739515,151.066375,31,0,2,1,2,0,0,0,0,2,7,70,2,5929,5929,1,5,12,3,0,0,0,1
1302662,2,2022,2022,5,0,6,111,27,57,233,0,1,9,-33.944112,151.226838,4,0,2,1,0,0,0,0,2,2,7,60,2,5929,5929,1,0,5,2,0,0,2,0
1302663,1,2022,2022,11,3,11,3,27,3,34609,0,1,1,-32.690081,151.501045,42,1,0,1,3,0,3,0,0,0,7,100,0,945,945,5,5,40,1,0,0,0,1
1302665,4,2022,2022,10,1,6,10,31,19,34609,0,1,10,-33.430264,149.574789,3,2,1,1,1,0,0,0,2,0,0,60,0,6545,6545,4,0,12,3,0,1,2,0
1302668,4,2022,2022,10,3,8,7,31,182,34609,0,1,7,-32.835709,151.353378,17,2,1,1,0,0,0,0,2,0,0,50,0,6545,6545,4,5,27,2,0,1,0,0
1302669,4,2022,2022,11,4,9,177,22,210,7,0,1,10,-34.034267,151.102332,68,0,2,1,2,0,3,4,0,2,9,60,1,2040,2040,9,5,28,2,0,1,0,0
1302670,4,2022,2022,5,2,9,9,27,314,34609,0,1,1,-33.839005,150.948465,21,0,2,1,2,0,3,3,0,0,7,60,0,4026,4026,1,5,10,2,0,1,0,0
1302674,4,2022,2022,10,3,7,5,31,169,34609,0,1,7,-33.595359,150.747994,29,2,2,1,1,0,0,0,2,0,0,50,0,9859,9859,1,5,5,2,0,1,0,0
1302678,2,2022,2022,11,2,5,48,10,41,52,0,1,1,-30.349576,153.091287,19,2,1,0,0,0,0,0,2,0,7,50,1,4552,5151,8,10,40,1,0,0,1,0
1302680,2,2022,2022,11,0,6,2209,17,40,2205,0,1,2,-34.698194,150.843299,35,2,1,0,3,0,0,3,2,0,7,80,2,2585,4009,8,0,40,1,0,0,1,0
1302682,1,2022,2022,10,6,11,80,31,204,187,0,1,10,-33.879953,151.123534,32,0,2,1,3,0,3,4,0,0,15,60,1,3775,3775,0,0,5,2,0,0,0,1
1302686,4,2022,2022,10,4,9,2209,17,29,2205,0,1,1,-36.983491,149.890103,5,1,0,0,3,0,3,4,2,0,7,100,2,4552,5151,8,10,40,1,0,1,0,0
1302687,1,2022,2022,10,5,10,3,27,290,34609,0,1,1,-33.850715,150.988808,21,0,2,1,3,2,0,3,0,0,7,50,0,1945,1945,5,16,40,1,0,0,0,1
1302688,2,2022,2022,10,5,7,2126,17,94,2149,0,1,9,-33.774925,150.794012,55,0,2,1,3,0,0,0,2,1,7,60,2,6545,6545,4,5,5,2,0,0,1,0
1302690,2,2022,2022,10,4,8,22,31,523,34609,0,1,9,-33.931988,150.913452,41,0,2,1,3,0,0,0,2,0,7,50,0,941,941,1,5,5,3,0,0,1,0
1302694,1,2022,2022,10,6,3,2126,17,65,2149,0,1,1,-33.541369,150.165335,40,2,1,1,3,0,3,4,2,0,7,80,2,14295,14295,3,5,5,2,0,0,0,1
1302696,4,2022,2022,10,2,5,126,27,74,168,0,1,2,-34.052141,150.767636,12,0,2,0,3,0,3,4,2,0,7,80,2,1282,1282,1,8,5,2,0,1,0,0
1302697,1,2022,2022,11,0,6,67,27,157,55,0,1,9,-34.014069,151.104685,68,0,2,1,3,0,0,0,2,2,7,70,2,14295,14295,3,10,5,2,0,0,0,1
1302702,1,2022,2022,11,3,7,2,31,22,34609,0,1,9,-33.793861,151.275438,50,0,2,1,3,0,0,0,2,0,0,50,0,2852,2852,4,5,19,2,0,0,0,1
1302705,2,2022,2022,10,5,4,100,27,109,799,0,1,1,-33.904113,151.140365,32,0,2,1,3,0,0,0,2,0,7,60,2,14295,14295,3,30,5,2,0,0,1,0
1302706,2,2022,2022,10,6,4,2209,17,61,2205,0,1,9,-35.934925,150.103142,23,1,0,0,0,0,3,4,2,0,7,100,2,1669,1669,3,5,13,2,0,0,1,0
1302707,4,2022,2022,5,3,9,15,31,172,17,0,1,9,-32.763876,151.581497,42,2,1,1,2,0,0,0,0,0,0,50,1,489,489,8,5,40,1,0,1,0,0
1302708,2,2022,2022,10,3,7,74,23,49,260,0,1,9,-33.974038,151.150718,4,0,2,1,1,0,0,0,2,2,7,60,2,1192,1192,1,5,5,2,0,0,1,0
1302709,1,2022,2022,10,2,9,3,10,172,34609,0,1,9,-32.767206,151.582055,42,2,1,0,0,0,0,0,0,0,7,50,0,4552,5151,1,5,5,2,0,0,0,1
1302710,1,2022,2022,11,2,7,133,17,12,121,0,1,1,-36.04962,149.157672,65,1,0,1,0,0,3,4,2,0,7,100,2,3775,3775,0,5,0,2,0,0,0,3
1302713,1,2022,2022,7,0,8,515,14,202,518,0,1,3,-33.940743,151.023871,15,0,2,1,3,0,0,0,2,0,7,100,2,1391,1391,1,0,12,3,0,0,0,1
1302714,4,2022,2022,11,6,8,1,31,136,34609,0,1,9,-32.933639,151.707525,48,0,2,1,2,0,0,0,3,0,7,50,0,5929,5929,1,10,27,2,0,1,0,0
1302715,4,2022,2022,1,2,0,196,10,9,34609,0,1,1,-32.506875,149.611882,44,1,0,1,1,0,0,0,0,0,7,100,0,4026,4026,8,5,40,1,0,1,0,0
1302717,1,2022,2022,1,5,0,11,31,228,34609,0,1,1,-34.778227,149.706155,26,2,1,0,0,0,0,0,0,0,7,60,0,2585,4009,8,10,40,1,0,0,0,1
1302719,2,2022,2022,11,4,10,4,27,73,34609,0,1,1,-33.73045,150.709482,55,0,2,1,2,0,3,4,0,0,7,50,0,9859,9859,1,10,12,2,0,0,1,0
1302721,4,2022,2022,11,2,5,5,27,5,34609,0,1,1,-28.840207,153.098176,60,1,0,1,1,0,0,0,2,0,7,100,0,1945,1945,5,16,40,1,0,1,0,0
1302723,2,2022,2022,11,0,7,387,27,12,34609,0,1,1,-34.94852,150.623402,63,1,0,0,0,0,0,0,2,0,7,90,0,1089,1089,7,16,40,1,0,0,1,0
1302725,2,2022,2022,10,0,5,2209,17,70,2205,0,1,9,-34.026933,151.084624,68,0,2,1,3,0,3,4,2,3,7,70,2,1282,1282,1,5,5,2,0,0,1,0
1302730,1,2022,2022,10,3,4,7,27,147,34609,0,1,9,-33.887417,150.996689,15,0,2,1,3,0,0,0,2,0,7,50,0,150,150,4,5,5,2,0,0,0,1
1302738,1,2022,2022,11,4,8,866,27,247,34609,0,1,1,-33.829913,150.94888,21,0,2,1,3,0,0,0,2,0,7,50,0,1391,1391,1,10,0,2,0,0,0,1
1302739,1,2022,2022,1,2,6,39,27,284,563,0,1,10,-33.899061,151.037351,15,0,2,1,3,0,0,0,2,2,7,70,2,1192,1192,1,3,13,2,0,0,0,1
1302740,1,2022,2022,11,6,7,229,14,197,237,0,1,3,-33.79666,151.137328,61,0,2,0,3,0,0,0,2,0,7,100,2,14295,14295,3,0,13,4,0,0,0,1
1302741,4,2022,2022,1,3,7,33,31,44,34609,0,1,1,-32.403182,152.210757,43,2,1,1,3,0,0,0,2,0,7,50,0,1282,1282,1,30,40,1,0,1,0,0
1302744,4,2022,2022,1,1,8,515,14,42,518,0,1,3,-33.942062,150.941906,41,0,2,1,2,0,0,0,3,0,7,100,2,14295,14295,3,16,5,2,0,1,0,0
1302745,2,2022,2022,10,6,7,78,23,438,25,0,1,9,-33.847439,151.030426,21,0,2,0,0,0,0,0,2,0,7,50,1,14295,14295,3,9,18,2,0,0,1,0
1302746,4,2022,2022,1,0,8,37,27,8,41,0,1,1,-28.873175,153.296708,39,2,1,0,0,0,0,0,3,0,7,80,1,3775,3775,0,10,0,2,0,1,0,0
1302747,4,2022,2022,1,5,7,12,31,41,19,0,1,1,-31.091425,150.898484,70,2,1,1,0,0,0,3,2,0,7,60,1,14295,14295,3,5,13,2,0,1,0,0
1302748,4,2022,2022,1,3,6,31,27,70,101,0,1,10,-32.910654,151.7266,48,0,2,1,1,0,0,0,2,2,7,60,2,6545,6545,4,0,5,2,0,1,1,0
1302750,1,2022,2022,6,6,9,35,27,91,96,0,1,2,-32.961991,151.662573,37,0,2,0,0,0,0,0,2,0,7,70,2,4552,5151,8,16,40,1,0,0,0,1
1302754,2,2022,2022,11,4,6,123,36,17,90,0,1,1,-31.797313,151.913509,43,2,1,0,0,0,0,3,2,0,7,80,1,4552,5151,8,16,40,1,0,0,1,0
1302761,4,2022,2022,11,1,3,2,1,253,34609,0,1,10,-33.952648,151.099102,25,0,2,1,0,0,0,0,1,0,15,50,0,6545,6545,4,16,5,2,0,1,0,0
1302763,1,2022,2022,10,4,5,13,25,433,34609,0,1,1,-33.285666,149.100796,52,2,1,1,1,0,0,0,2,0,7,50,0,186,186,9,33,28,2,0,0,0,1
1302766,4,2022,2022,5,3,8,27,36,9,34609,0,1,9,-29.738389,152.982567,18,1,0,1,0,0,0,0,3,0,0,100,0,204,204,1,8,5,2,0,1,0,0
1302768,2,2022,2022,11,5,8,213,17,13,213,0,1,1,-29.547082,150.550558,51,1,0,1,0,0,0,0,3,0,7,100,2,9859,9859,8,9,40,1,0,0,1,0
1302773,4,2022,2022,1,5,8,89,27,3,228,0,1,1,-32.88108,151.298332,17,2,1,0,0,0,0,0,2,0,7,80,1,1259,5151,8,10,40,1,0,1,0,0
1302775,4,2022,2022,5,3,7,280,10,162,82,0,1,9,-33.850231,150.909149,24,0,2,1,1,0,0,0,2,2,7,60,1,5929,5929,1,9,19,2,0,1,0,0
1302778,4,2022,2022,11,3,10,1,27,16,34609,0,1,1,-33.274452,151.485321,16,2,2,1,2,0,0,0,0,0,7,50,0,9859,9859,8,5,40,1,0,1,0,0
1302782,2,2022,2022,10,3,5,127,27,48,103,0,1,9,-32.912622,151.746667,48,0,2,1,1,0,0,0,2,0,7,60,1,186,186,9,22,28,3,0,0,1,0
1302785,2,2022,2022,1,1,0,59,27,271,42,0,1,1,-33.942038,151.018353,15,0,2,1,2,0,0,6,0,0,7,60,1,1109,787,1,0,5,2,0,0,1,1
1302789,4,2022,2022,1,1,7,37,27,161,115,0,1,1,-33.724928,151.150957,36,0,2,0,0,0,0,0,2,0,7,60,1,3775,3775,0,21,5,3,0,3,0,0
1302791,4,2022,2022,11,4,11,89,36,123,81,0,1,1,-33.844141,148.683278,51,2,1,0,0,0,3,6,0,0,7,80,2,4552,5151,8,5,40,1,0,1,0,0
1302795,2,2022,2022,11,6,5,103,27,12,98,0,1,1,-32.98153,150.685507,64,2,1,0,1,0,0,0,2,2,7,40,2,41,41,8,10,40,1,0,0,1,0
1302800,2,2022,2022,10,3,11,829,27,363,770,0,1,9,-33.809157,151.022369,54,0,2,1,2,0,0,0,0,2,7,60,2,2852,2852,4,5,0,2,0,0,1,2
1302803,2,2022,2022,10,6,5,3371,17,21,3342,0,1,2,-31.977903,152.467959,43,1,0,0,3,0,0,0,2,0,7,110,2,2585,4009,8,10,40,1,0,0,1,0
1302804,1,2022,2022,10,1,8,49,22,41,96,0,1,9,-32.970636,151.638084,37,0,2,1,3,0,0,0,2,2,7,60,2,1391,1391,1,5,5,2,0,0,0,1
1302805,2,2022,2022,10,4,11,2,27,39,34609,0,1,1,-33.556563,150.849467,29,2,2,1,3,0,0,0,0,0,7,50,0,1282,1282,1,5,40,1,0,0,1,0
1302806,1,2022,2022,10,5,8,866,17,157,793,0,1,2,-33.791967,151.004874,54,0,2,1,3,0,3,3,2,0,7,90,2,14295,14295,3,0,0,2,0,0,0,1
1302811,1,2022,2022,11,3,9,34,31,47,34609,0,1,1,-33.778843,151.284051,50,0,2,1,3,0,0,0,4,0,9,40,0,2040,2040,9,5,28,2,0,0,0,1
1302812,1,2022,2022,10,3,7,1,27,5,34609,0,1,1,-35.178574,149.574512,58,1,0,1,3,2,0,0,2,0,7,100,0,14295,14295,3,30,41,2,0,0,0,1
1302813,1,2022,2022,11,1,7,3371,17,10,3342,0,1,9,-32.95296,151.711493,37,0,2,0,3,0,0,0,2,2,7,60,2,1192,1192,1,5,5,2,0,0,0,1
1302814,2,2022,2022,10,5,6,3371,17,11,3342,0,1,2,-29.338315,153.239429,18,1,0,1,3,0,0,0,2,0,7,110,2,9859,9859,8,5,40,1,0,0,1,0
1302820,1,2022,2022,11,5,10,23,31,163,74,1,0,10,-33.862607,151.10809,14,0,2,1,3,0,0,0,0,2,7,50,1,301,301,4,0,5,2,0,0,0,1
1302821,1,2022,2022,11,1,5,90,36,9,102,0,1,1,-34.502265,147.894078,20,2,1,1,3,0,3,3,2,0,7,60,2,1945,1945,5,5,40,1,0,0,0,1
1302823,1,2022,2022,11,2,7,49,27,111,62,0,1,10,-33.704287,150.866449,7,0,2,0,1,0,0,0,2,2,7,70,2,5929,5929,1,5,5,2,0,0,0,1
1302826,1,2022,2022,11,1,5,2209,17,106,2205,0,1,2,-34.549838,150.786003,62,0,2,1,3,0,0,0,2,0,7,70,2,1391,1391,1,10,5,2,0,0,0,1
1302828,1,2022,2022,10,0,8,220,14,78,220,0,1,3,-34.46309,150.851293,80,0,2,0,3,0,0,0,2,0,7,100,2,14295,14295,3,0,13,2,0,0,0,1
1302830,1,2022,2022,10,6,0,916,17,15,917,0,1,1,-31.811831,150.922512,73,1,0,1,3,0,0,0,0,0,7,100,2,9859,9859,8,5,40,1,0,0,0,1
1302831,2,2022,2022,10,4,7,2126,17,93,2149,0,1,2,-33.418564,149.601061,3,2,1,1,3,0,0,3,2,0,7,70,2,3775,3775,0,10,13,2,0,0,1,0
1302833,1,2022,2022,6,1,8,14,25,19,34609,0,1,9,-34.080578,150.838527,13,0,2,0,2,0,0,0,0,0,7,50,0,1259,5151,8,16,40,1,0,0,0,1
1302836,4,2022,2022,10,3,7,6,27,42,34609,0,1,1,-35.974472,146.336492,51,1,0,1,0,0,0,0,2,0,7,100,0,4026,4026,8,5,40,1,0,1,0,5
1302840,1,2022,2022,10,0,3,48,13,40,34609,0,1,7,-34.019304,151.116899,68,0,2,0,3,0,3,4,2,0,0,50,0,6545,6545,4,33,27,2,0,0,0,1
1302843,1,2022,2022,6,5,8,169,27,6,61,0,1,10,-33.819586,151.165068,38,0,2,1,2,0,3,4,0,2,7,50,1,2040,2040,9,5,28,2,0,0,0,1
1302844,2,2022,2022,10,6,5,916,17,165,917,0,1,1,-32.251671,150.891823,46,2,1,1,0,0,0,0,2,0,7,60,2,1669,1669,3,8,13,3,0,0,1,0
1302847,2,2022,2022,1,2,4,17,27,70,34609,1,0,1,-34.03726,151.084569,68,0,2,1,1,0,0,0,2,0,7,40,0,1192,1192,1,5,5,4,0,0,1,0
1302852,2,2022,2022,10,0,9,55,27,179,34609,1,0,1,-33.771895,150.716393,55,0,2,1,2,0,3,4,0,0,7,50,0,3775,3775,0,5,0,2,0,0,2,0
1302853,2,2022,2022,10,5,7,475,31,169,41,0,1,10,-33.896138,151.206696,69,0,2,1,0,0,0,0,2,2,9,50,1,1220,1220,9,30,28,2,0,0,1,0
1302859,2,2022,2022,10,4,6,10,27,84,16,0,1,10,-31.094783,150.924017,70,2,1,1,1,0,0,0,2,0,0,60,1,6545,6545,4,10,41,2,0,0,1,0
1302860,4,2022,2022,11,5,5,485,27,187,769,0,1,10,-33.78641,150.995437,54,0,2,1,1,0,0,0,2,2,7,60,2,1945,1945,5,16,40,1,0,1,0,0
1302862,2,2022,2022,10,2,7,162,31,532,24,0,1,10,-33.868777,151.204592,69,0,2,1,1,0,0,0,2,2,7,40,1,591,591,1,22,5,2,0,0,1,0
1302864,4,2022,2022,11,1,6,1,27,24,34609,0,1,1,-31.881276,149.417268,51,1,0,0,0,2,0,0,2,0,7,100,0,4552,5151,8,28,40,1,0,1,0,0
1302868,2,2022,2022,7,5,9,43,27,4,46,0,1,1,-28.358201,153.573863,72,2,1,1,2,0,0,0,0,0,7,50,1,1945,1945,5,16,40,1,0,0,1,0
1302872,1,2022,2022,10,2,9,3,27,7,7,0,1,9,-30.646633,152.953142,47,2,1,0,0,0,0,0,3,0,7,80,1,3775,3775,0,5,0,2,0,0,0,1
1302878,4,2022,2022,1,1,3,44,27,23,126,0,1,9,-32.766649,151.813979,57,2,1,0,2,0,0,0,1,0,15,80,2,2852,2852,4,10,13,2,0,1,1,0
1302881,2,2022,2022,11,1,4,512,31,562,34609,0,1,10,-32.255078,148.601651,22,2,1,1,1,0,0,0,2,0,0,50,0,6545,6545,4,0,0,2,0,0,1,0
1302882,2,2022,2022,1,6,5,143,31,123,181,0,1,5,-33.881721,151.219229,69,0,2,1,1,0,0,0,2,1,7,50,2,387,387,1,22,12,2,0,0,1,0
1302883,1,2022,2022,11,3,9,2261,17,140,2252,0,1,2,-33.898353,150.995057,15,0,2,1,2,0,0,0,3,2,7,70,2,5929,5929,1,10,36,2,0,0,0,1
1302884,4,2022,2022,1,5,11,2261,17,204,2252,0,1,2,-33.902144,150.94416,24,0,2,1,2,0,0,0,0,0,7,70,2,1192,1192,1,33,19,2,0,1,0,0
1302885,1,2022,2022,11,5,11,3,27,10,34609,0,1,1,-32.36439,149.421629,44,1,0,0,3,2,3,4,0,0,7,100,0,4552,5151,8,0,40,1,0,0,0,1
1302890,4,2022,2022,10,0,8,265,17,24,193,0,1,1,-34.555919,148.135099,20,1,0,1,0,0,3,4,2,0,7,100,2,945,945,5,30,40,1,0,1,1,0
1302892,4,2022,2022,11,1,1,4,10,62,34609,0,1,1,-32.92705,151.600416,37,0,2,0,0,0,3,3,0,0,7,60,0,380,714,5,21,40,1,0,1,0,1
1302896,2,2022,2022,10,1,4,5,31,43,34609,0,1,10,-32.555862,148.952339,22,2,1,1,1,0,0,0,2,0,0,50,0,6545,6545,4,0,5,2,0,0,2,0
1302897,4,2022,2022,10,1,3,19,27,137,49,0,1,1,-33.905724,150.894248,24,0,2,1,1,0,0,0,2,0,7,50,1,1109,397,1,21,19,2,0,1,0,0
1302901,2,2022,2022,10,0,8,4,27,40,34609,0,1,9,-35.807456,150.173798,23,1,0,1,0,0,0,0,2,0,0,100,0,10,10,4,5,0,2,0,0,1,0