Crash ID,Degree of crash - detailed,Reporting year,Year of crash,Month of crash,Day of week of crash,Two-hour intervals,Street of crash,Street type,Town,Route no.,School zone location,School zone active,Type of location,Latitude,Longitude,LGA,Urbanisation,Conurbation 1,Alignment,Street lighting,Road surface,Surface condition,Weather,Natural lighting,Signals operation,Other traffic control,Speed limit,Road classification,RUM - code,DCA - code,First impact type,Key TU type,Other TU type,No. of traffic units involved,No. killed,No. seriously injured,No. moderately injured,No. minor-other injured
1302906,4,2022,2022,11,0,7,1052,14,118,928,0,1,3,-33.377977,151.301586,16,1,2,1,0,0,0,0,2,0,7,110,2,14295,14295,3,0,19,2,0,1,0,0
1302908,2,2022,2022,1,6,6,3,31,20,34609,0,1,1,-33.080623,151.656407,37,0,2,0,1,0,0,0,2,0,7,50,0,1981,1981,4,10,27,2,0,0,1,0
1302912,1,2022,2022,11,0,5,5,27,138,34609,0,1,1,-33.871402,151.271521,81,0,2,1,1,0,0,0,2,0,7,50,0,14295,14295,3,0,0,3,0,0,0,1
1302915,2,2022,2022,10,6,4,35,27,91,96,0,1,1,-32.964329,151.658972,37,0,2,1,1,0,0,0,2,0,7,60,2,5929,5929,1,0,5,2,0,0,1,0
1302917,2,2022,2022,1,4,3,330,23,54,233,0,1,10,-33.901485,151.222705,69,0,2,1,1,0,0,0,1,2,7,60,2,14295,14295,3,0,18,2,0,0,1,0
1302919,4,2022,2022,5,4,11,1,27,25,34609,0,1,1,-32.959814,149.864409,44,1,0,0,0,0,3,4,0,0,7,100,0,2585,4009,8,10,40,1,0,1,4,0
1302920,2,2022,2022,10,2,11,2,1,290,34609,0,1,10,-33.852219,150.988388,21,0,2,1,2,0,0,0,0,0,15,50,0,6545,6545,4,0,5,2,0,0,1,1
1302921,2,2022,2022,11,5,7,89,27,182,228,1,2,9,-32.835523,151.34802,17,2,1,1,1,0,0,0,2,0,7,40,1,1109,397,1,5,0,2,0,0,1,0
1302922,2,2022,2022,10,5,4,48,10,463,52,0,1,1,-30.310398,153.118104,19,2,1,1,0,0,3,4,2,0,7,80,1,14295,14295,3,10,0,3,0,0,1,0
1302923,4,2022,2022,10,2,6,21,31,224,34609,0,1,1,-33.821804,151.249378,45,0,2,1,0,0,0,0,2,0,7,50,0,5929,5929,1,0,27,2,0,1,0,0
1302924,2,2022,2022,10,0,0,8,10,27,34609,0,1,1,-32.768429,151.609343,42,2,1,0,2,0,0,0,0,0,7,50,0,4552,5151,1,10,13,3,0,0,1,0
1302926,2,2022,2022,1,2,7,118,17,29,118,0,1,1,-30.695987,150.043883,51,2,1,1,0,0,0,0,2,0,7,50,2,1089,1089,7,16,40,1,0,0,1,0
1302928,2,2022,2022,10,4,6,29,27,85,27,0,1,1,-34.570658,150.775851,62,0,2,1,1,0,0,0,2,0,7,50,2,368,368,9,5,28,2,0,0,1,0
1302929,2,2022,2022,10,6,5,334,17,4,308,0,1,1,-31.184508,149.484079,51,1,0,0,0,0,0,0,2,0,7,100,2,418,714,5,0,40,1,0,0,2,1
1302930,2,2022,2022,11,2,11,3,27,273,34609,0,1,2,-34.424385,150.882582,80,0,2,1,2,0,0,0,0,0,7,50,0,4026,4026,8,5,40,1,0,0,1,0
1302935,4,2022,2022,11,5,7,59,27,252,41,0,1,1,-33.940355,150.867756,41,0,2,1,1,0,0,3,2,0,7,60,1,1282,1282,1,0,19,2,0,1,0,0
1302936,2,2022,2022,11,0,6,35,31,90,262,0,1,10,-32.919309,151.745471,48,0,2,1,1,0,0,0,2,0,2,70,2,6545,6545,4,22,5,2,0,0,1,0
1302938,1,2022,2022,5,0,9,1,27,4,34609,0,1,1,-29.941208,152.992683,18,2,1,0,0,0,0,0,0,0,7,60,0,4552,5151,8,8,40,1,0,0,0,3
1302939,4,2022,2022,10,5,3,229,14,100,237,0,1,3,-33.811773,151.169196,38,0,2,1,2,0,0,6,2,0,7,80,2,4026,4026,8,16,40,1,0,1,0,0
1302943,2,2022,2022,11,4,6,5,31,28,34609,0,1,10,-33.404709,149.572419,3,2,1,1,1,0,0,0,2,0,7,50,0,775,775,4,5,5,3,0,0,1,0
1302944,4,2022,2022,5,6,3,24,27,19,34609,0,1,1,-32.93057,151.434359,17,2,1,0,0,0,0,3,2,0,7,80,0,2585,4009,8,0,40,2,0,1,0,0
1302946,1,2022,2022,1,4,9,475,31,80,75,0,1,1,-33.878758,151.209225,69,0,2,1,2,0,0,6,0,0,7,40,1,1282,1282,1,5,22,2,0,0,0,1
1302949,1,2022,2022,1,6,6,21,27,148,34609,0,1,1,-36.035965,146.967973,0,2,1,1,3,0,0,3,2,0,7,50,0,9859,9859,1,16,5,2,0,0,0,1
1302950,4,2022,2022,10,0,6,5,27,3,34609,0,1,1,-31.73998,151.679698,43,1,0,0,0,2,0,0,2,0,7,100,0,2585,4009,8,16,40,1,0,1,0,0
1302952,4,2022,2022,11,3,5,133,27,46,260,0,1,2,-32.920043,151.654444,48,0,2,0,1,0,3,3,2,0,7,70,2,4552,5151,1,0,12,2,0,1,0,0
1302953,1,2022,2022,1,4,9,158,27,123,207,0,1,9,-33.876819,151.229515,81,0,2,1,3,0,0,0,2,2,9,60,2,14295,14295,3,5,5,2,0,0,0,1
1302957,4,2022,2022,1,5,9,334,17,56,308,0,1,1,-31.459912,152.750635,56,2,1,1,0,0,0,0,0,0,7,80,2,3775,3775,0,34,0,2,0,1,2,0
1302960,4,2022,2022,11,2,5,7,27,45,34609,0,1,1,-34.319561,150.616945,78,2,1,1,0,0,0,0,2,0,7,60,0,4026,4026,8,22,40,1,0,1,0,0
1302963,4,2022,2022,1,0,6,15,31,75,34609,0,1,1,-33.877105,151.117803,9,0,2,1,1,0,0,0,2,0,7,50,0,220,220,8,0,40,1,0,1,0,0
1302964,2,2022,2022,1,5,3,500,27,293,799,0,1,10,-33.931978,151.053375,15,0,2,1,1,0,0,0,1,2,7,60,2,945,945,5,5,40,1,0,0,1,0
1302965,2,2022,2022,1,1,8,105,27,174,109,0,1,9,-33.861427,150.924576,24,0,2,1,1,0,3,4,0,0,0,60,1,2852,2852,4,5,13,2,0,0,1,0
1302973,4,2022,2022,5,2,11,3371,17,39,3342,0,1,2,-29.754833,153.065347,18,1,0,1,2,0,0,0,0,0,7,110,2,475,475,5,10,40,1,0,1,0,0
1302974,4,2022,2022,1,3,7,478,17,128,480,0,1,10,-33.427124,151.317575,16,2,2,1,1,0,0,0,2,2,7,70,2,5929,5929,1,5,0,2,0,1,4,1
1302975,4,2022,2022,5,3,11,34,27,225,69,0,1,1,-33.796827,151.169205,77,0,2,1,2,0,0,0,0,0,7,50,2,9859,9859,8,16,40,1,0,1,0,0
1302976,4,2022,2022,11,0,5,37,27,10,41,0,1,9,-28.995859,153.340638,39,1,0,0,0,0,0,0,2,0,7,100,1,2852,2852,4,9,12,2,0,2,0,1
1302983,2,2022,2022,1,2,11,31,31,56,34609,0,1,1,-33.860432,151.181039,32,0,2,1,0,0,0,0,0,0,7,40,0,9859,9859,1,0,0,2,0,0,1,0
1302988,2,2022,2022,11,3,8,11,31,370,14,0,1,9,-34.066583,150.811782,13,0,2,1,1,0,0,0,3,2,7,60,1,5929,5929,1,0,0,2,0,0,1,0
1302990,2,2022,2022,5,4,9,8,27,15,34609,0,1,1,-32.346732,152.499537,43,2,1,0,0,0,0,0,0,0,7,80,0,1259,5151,8,34,40,1,0,0,1,0
1302992,2,2022,2022,11,4,7,6,23,86,34609,1,2,1,-33.74502,150.922308,7,0,2,0,0,0,3,4,2,0,9,40,0,4552,5151,1,0,12,4,0,0,1,0
1302993,1,2022,2022,1,1,3,3371,17,92,3342,0,1,7,-33.403988,151.350266,16,2,2,1,3,0,2,6,2,0,0,60,2,6545,6545,4,8,0,2,0,0,0,1
1302994,2,2022,2022,5,4,6,500,27,198,799,0,1,9,-33.920779,151.098222,15,0,2,1,3,0,0,0,2,0,0,60,2,1669,1669,3,5,0,2,0,0,1,0
1302995,1,2022,2022,11,2,7,866,17,187,793,0,1,10,-33.795553,150.989666,54,0,2,1,3,0,3,4,2,2,7,70,2,14295,14295,3,9,5,2,0,0,0,1
1302999,4,2022,2022,11,1,5,84,27,169,769,0,1,1,-33.594814,150.742655,29,2,2,1,0,0,0,0,2,0,7,80,2,3775,3775,0,0,5,3,0,2,0,0
1303002,2,2022,2022,11,0,7,361,23,253,165,0,1,9,-33.96857,151.108372,25,0,2,1,1,0,0,3,2,2,9,50,1,2040,2040,9,5,28,3,0,0,2,0
1303003,4,2022,2022,1,6,5,110,27,95,173,0,1,7,-34.402874,150.891206,80,0,2,1,1,0,0,0,2,0,0,60,2,14295,14295,3,5,27,2,0,1,0,0
1303005,1,2022,2022,11,1,3,9,31,179,34609,0,1,7,-31.911772,152.450378,43,2,1,1,3,0,0,0,1,0,0,50,0,6545,6545,4,0,27,2,0,0,0,1
1303008,1,2022,2022,11,6,8,2126,17,26,2149,0,1,2,-33.703832,150.583749,8,2,2,1,3,0,0,0,2,0,7,80,2,14295,14295,3,0,5,2,0,0,0,1
1303011,1,2022,2022,5,4,9,46,27,304,39,1,0,10,-33.908682,151.152406,32,0,2,1,3,0,0,0,3,2,7,60,1,14295,14295,3,33,5,2,0,0,0,1
1303012,1,2022,2022,10,4,4,3371,17,147,3342,0,1,2,-33.74514,151.14232,36,0,2,1,3,0,0,0,2,0,7,60,2,14295,14295,3,5,5,2,0,0,0,1
1303019,1,2022,2022,10,2,6,829,27,149,770,0,1,2,-33.861271,151.165415,32,0,2,1,3,0,0,0,2,0,7,60,2,14295,14295,3,5,0,2,0,0,0,1
1303024,2,2022,2022,10,1,3,168,10,387,260,0,1,2,-33.946102,151.172531,4,0,2,1,3,0,3,4,2,0,7,70,2,14295,14295,3,9,0,3,0,0,1,0
1303027,1,2022,2022,11,6,9,45,27,134,40,1,0,9,-33.67469,150.870509,7,0,2,1,3,0,3,4,3,0,15,50,2,623,623,3,16,13,2,0,0,0,1
1303038,1,2022,2022,10,1,5,97,17,61,88,0,1,10,-35.202276,149.210789,58,2,1,1,3,0,0,0,2,0,0,60,2,6545,6545,4,10,13,2,0,0,0,1
1303040,1,2022,2022,10,4,5,330,27,53,605,0,1,9,-33.734569,151.302071,50,0,2,1,3,0,0,0,2,3,7,60,2,5929,5929,1,5,27,2,0,0,0,1
1303042,1,2022,2022,11,4,9,230,27,197,284,0,1,2,-33.79158,151.130723,61,0,2,1,3,0,3,4,3,0,7,70,2,14295,14295,3,30,12,2,0,0,0,1
1303043,4,2022,2022,10,0,5,68,31,41,168,0,1,7,-34.054668,150.695816,12,0,2,1,3,0,0,0,2,0,0,50,1,1669,1669,3,5,0,2,0,1,0,0
1303046,2,2022,2022,10,0,2,149,10,136,702,0,1,2,-33.86757,151.064406,67,0,2,1,2,0,0,0,1,0,7,80,2,14295,14295,3,5,5,2,0,0,2,0
1303047,2,2022,2022,10,5,5,12,27,2,34609,0,1,9,-29.599707,153.329437,18,2,1,1,3,0,0,0,2,0,7,50,0,9859,9859,8,0,40,1,0,0,1,0
1303049,4,2022,2022,1,6,5,42,10,66,34609,1,0,10,-34.488638,150.894062,80,0,2,1,1,0,0,0,2,2,7,60,0,6545,6545,4,5,5,2,0,1,1,0
1303050,1,2022,2022,5,6,6,1104,14,223,962,0,1,3,-33.80623,150.921283,7,0,2,1,3,0,0,0,2,0,7,100,2,1282,1282,1,8,5,2,0,0,0,1
1303053,2,2022,2022,10,3,4,103,27,41,256,0,1,7,-34.114289,150.797814,13,0,2,1,3,0,0,0,2,0,0,70,2,14295,14295,3,16,5,2,0,0,1,0
1303054,1,2022,2022,10,5,8,117,1,239,121,0,1,9,-34.043052,151.122854,68,0,2,1,3,0,0,0,2,2,7,60,1,14295,14295,3,30,5,2,0,0,0,1
1303057,1,2022,2022,11,0,7,3,31,463,34609,0,1,10,-30.287132,153.13275,19,2,1,1,3,0,3,4,2,0,0,50,0,6545,6545,4,5,12,2,0,0,0,1
1303058,2,2022,2022,10,2,9,24,27,11,24,0,1,1,-34.846866,150.656298,63,1,0,1,3,0,0,0,3,0,7,100,1,1109,397,1,0,5,2,0,0,1,0
1303059,2,2022,2022,10,4,4,3,31,85,34609,1,0,1,-32.936822,151.725889,48,0,2,1,3,0,3,4,2,0,7,50,0,4026,4026,1,5,0,2,0,0,1,0
1303061,1,2022,2022,7,4,5,232,36,134,331,0,1,2,-33.952891,150.834586,41,0,2,1,3,0,3,4,2,0,7,80,2,14295,14295,3,5,40,2,0,0,0,1
1303064,1,2022,2022,10,6,11,1,27,45,34609,0,1,1,-34.277693,150.569835,79,2,2,0,0,0,0,0,0,0,7,60,0,1259,5151,8,5,40,1,0,0,0,1
1303065,2,2022,2022,11,4,4,8,31,228,34609,0,1,9,-34.72544,149.733948,26,2,1,0,0,0,0,3,2,0,7,50,0,2852,2852,4,5,5,2,0,0,1,1
1303067,4,2022,2022,11,4,4,829,27,363,770,0,1,10,-33.808926,151.020942,54,0,2,1,1,0,0,0,2,0,0,60,2,2852,2852,4,0,5,2,0,1,1,0
1303068,4,2022,2022,11,0,10,92,27,99,34609,1,0,9,-33.889218,151.276555,76,0,2,1,2,0,0,0,0,2,7,40,0,5929,5929,1,16,5,2,0,1,0,0
1303070,2,2022,2022,1,0,8,26,27,103,34609,0,1,9,-32.942423,151.643777,37,0,2,0,2,0,3,4,3,0,15,60,0,3775,3775,0,5,13,3,0,0,1,0
1303071,1,2022,2022,1,6,7,171,31,252,34609,0,1,9,-33.880346,151.212131,69,0,2,1,1,0,0,0,2,0,15,40,0,2040,2040,9,5,28,2,0,0,0,1
1303074,4,2022,2022,11,4,5,25,27,147,94,0,1,9,-33.883579,151.004272,15,0,2,1,1,0,0,0,2,0,7,50,1,2040,2040,9,5,28,2,0,1,0,0
1303079,2,2022,2022,11,5,5,15,10,121,34609,0,1,1,-28.202089,153.537423,72,2,1,0,0,0,2,6,2,0,7,50,0,1669,1669,3,30,0,2,0,0,1,1
1303082,2,2022,2022,11,1,6,1,27,22,34609,0,1,1,-36.091622,150.083667,23,1,0,0,0,0,0,0,2,0,7,100,0,1850,1463,5,10,40,1,0,0,1,0
1303083,1,2022,2022,10,6,8,14,22,82,605,0,1,9,-33.788456,151.265736,50,0,2,0,1,0,3,4,2,2,9,60,2,2040,2040,9,0,28,2,0,0,0,1
1303089,2,2022,2022,11,6,7,2209,17,29,2205,0,1,1,-35.311289,150.431986,63,2,1,1,1,0,0,0,2,0,7,60,2,14295,14295,3,0,12,2,0,0,1,1
1303093,4,2022,2022,11,5,8,35,1,63,52,0,1,9,-33.734646,150.798965,7,0,2,1,1,0,0,0,2,0,15,60,1,926,926,4,5,19,2,0,1,0,0
1303094,2,2022,2022,11,5,7,35,27,120,34609,0,1,1,-33.763109,150.869469,7,0,2,1,3,0,0,3,2,0,7,50,0,144,144,1,0,0,2,0,0,1,0
1303095,2,2022,2022,10,4,4,191,17,32,189,0,1,1,-32.122814,150.256392,73,1,0,1,0,0,3,4,2,0,7,100,2,1945,1945,5,16,40,1,0,0,1,0
1303098,2,2022,2022,1,4,4,27,31,98,34609,0,1,1,-30.976607,150.259168,51,1,0,1,1,0,0,0,2,0,7,100,0,1945,1945,5,16,40,1,0,0,1,0
1303099,2,2022,2022,11,3,7,37,31,523,198,0,1,9,-33.926907,150.921082,41,0,2,1,1,0,0,0,2,0,0,60,2,2852,2852,4,5,13,2,0,0,1,0
1303100,2,2022,2022,10,6,4,48,10,463,52,0,1,1,-30.322605,153.100881,19,2,1,0,1,0,3,3,2,0,7,80,1,14295,14295,3,5,13,2,0,0,2,0
1303101,2,2022,2022,10,6,5,85,31,179,34609,0,1,7,-31.89988,152.466054,43,2,1,1,3,0,0,0,2,0,0,60,0,6545,6545,4,0,41,2,0,0,1,0
1303102,1,2022,2022,10,4,6,191,27,73,34609,0,1,1,-33.830867,151.087378,14,0,2,1,3,0,0,0,2,0,7,50,0,941,941,1,5,5,2,0,0,0,2
1303103,1,2022,2022,10,5,4,87,31,77,34609,0,1,10,-33.031078,151.658165,37,0,2,1,3,0,0,3,2,0,0,50,0,6545,6545,4,0,5,2,0,0,0,2
1303104,2,2022,2022,10,4,3,100,27,127,799,0,1,10,-33.896585,151.152514,32,0,2,1,3,0,0,0,1,2,7,60,2,1391,1391,1,0,5,2,0,0,1,0
1303106,2,2022,2022,11,6,11,168,27,8,34609,0,1,1,-28.665164,153.431905,10,1,0,0,0,0,0,0,0,0,7,100,0,4552,5151,8,10,40,1,0,0,1,0
1303107,1,2022,2022,11,2,8,41,27,137,80,0,1,10,-32.974835,151.679316,37,0,2,0,3,0,3,4,2,0,7,60,1,1391,1391,1,5,13,2,0,0,0,1
1303108,2,2022,2022,10,0,6,4,23,58,80,0,1,9,-32.982036,151.668669,37,0,2,1,3,0,0,0,2,2,7,60,1,2852,2852,4,5,12,2,0,0,2,0
1303110,4,2022,2022,10,5,7,97,27,166,799,0,1,9,-33.929892,150.990784,15,0,2,1,3,0,0,3,2,2,7,70,2,1282,1282,1,5,40,4,0,1,0,0
1303112,4,2022,2022,11,4,7,1,31,172,34609,1,2,10,-32.756474,151.600199,42,2,1,1,1,0,0,0,2,0,0,40,0,6545,6545,4,0,0,2,0,1,1,0
1303115,1,2022,2022,11,2,9,161,17,12,161,0,1,1,-36.614476,149.384658,65,1,0,0,0,0,0,0,0,0,7,100,2,273,957,5,5,40,1,0,0,0,1
1303117,2,2022,2022,10,1,5,63,31,252,34609,0,1,10,-33.88094,151.214854,69,0,2,1,0,0,0,0,2,3,7,40,0,186,186,9,17,28,2,0,0,1,0
1303119,2,2022,2022,1,2,11,12,27,27,15,0,1,1,-32.646992,151.358339,64,2,1,1,0,0,0,0,0,0,7,80,1,9859,9859,8,0,40,1,0,0,1,0
1303121,4,2022,2022,1,1,4,60,31,134,34609,0,1,9,-33.671346,150.868271,7,0,2,1,0,0,0,0,2,0,0,50,0,395,395,1,5,19,2,0,1,0,0
1303122,4,2022,2022,1,5,9,9,27,3,34609,0,1,1,-33.270433,149.733975,3,1,0,1,0,0,3,4,3,0,7,100,0,9859,9859,8,10,40,1,0,2,0,0
1303124,2,2022,2022,11,1,0,169,27,80,61,0,1,9,-33.823292,151.172029,38,0,2,1,2,0,0,0,0,2,7,50,1,4026,4026,8,5,40,1,0,0,1,0
1303126,1,2022,2022,11,6,7,47,27,18,34609,0,1,1,-33.733895,151.288174,50,0,2,0,1,0,0,0,2,0,7,50,0,4552,5151,1,9,0,2,0,0,0,1
1303129,2,2022,2022,5,0,7,512,17,562,441,0,1,10,-32.253102,148.600293,22,2,1,1,1,0,0,0,2,2,7,60,2,14295,14295,3,10,13,2,0,0,1,1
1303130,2,2022,2022,1,5,8,43,22,80,19,0,1,1,-33.872436,151.174378,32,0,2,1,2,0,0,0,0,0,7,40,2,1981,1981,4,33,5,2,0,0,1,0
1303131,4,2022,2022,5,2,1,3371,17,6,3342,0,1,2,-29.288303,153.21299,18,1,0,0,2,0,0,0,0,0,7,110,2,14295,14295,3,5,22,2,0,1,1,0
1303133,4,2022,2022,1,3,2,3371,17,19,3342,0,1,1,-33.384482,151.359089,16,2,2,0,1,0,0,0,1,0,7,60,2,4552,5151,8,5,40,1,0,1,0,0
1303135,2,2022,2022,11,3,11,478,17,20,480,0,1,2,-33.31179,151.519879,16,2,2,1,2,0,3,4,0,0,7,40,2,9859,9859,8,5,40,1,0,0,1,0
1303138,2,2022,2022,11,6,10,38,31,76,34609,1,0,7,-35.356768,150.471934,63,2,1,1,2,0,3,4,0,0,0,50,0,591,591,1,18,0,2,0,0,1,0
1303139,4,2022,2022,10,0,7,125,27,38,144,0,1,1,-32.7858,151.924573,57,2,1,0,0,0,0,0,2,0,7,80,2,3775,3775,0,5,0,3,0,2,0,0
1303146,1,2022,2022,6,6,4,9,22,100,237,0,1,3,-33.80522,151.1511,38,0,2,1,0,0,0,0,2,0,7,80,2,14295,14295,3,5,5,3,0,0,0,1
1303147,2,2022,2022,11,2,7,11,27,18,34609,0,1,2,-34.503324,150.812043,80,0,2,0,1,0,0,0,2,0,7,60,0,4552,5151,8,0,40,1,0,0,1,0
1303148,2,2022,2022,11,4,3,348,17,5,232,0,1,1,-32.859777,149.807513,44,1,0,1,0,0,0,0,1,0,7,100,2,14295,14295,3,8,41,2,0,0,1,0
1303150,1,2022,2022,5,4,7,39,36,18,79,0,1,1,-33.78735,151.201762,77,0,2,1,1,0,0,0,2,0,7,60,2,14295,14295,3,10,5,3,0,0,0,1
1303152,1,2022,2022,1,2,9,195,27,53,186,0,1,9,-33.931906,150.845692,41,0,2,1,3,0,0,0,0,0,7,70,2,14295,14295,3,5,36,2,0,0,0,1
1303156,1,2022,2022,5,0,8,165,31,166,34609,0,1,7,-33.412416,149.584924,3,2,1,1,1,0,0,0,2,0,0,50,0,6545,6545,4,10,5,2,0,0,0,2
1303157,4,2022,2022,10,1,5,92,27,129,244,0,1,10,-33.897486,151.099615,9,0,2,1,1,0,0,0,2,2,7,60,2,6545,6545,4,0,12,3,0,1,2,0
1303161,2,2022,2022,5,4,8,2126,17,161,2149,0,1,2,-33.889923,151.146479,32,0,2,1,0,0,0,0,2,0,7,60,2,1383,1383,1,5,5,3,0,0,1,0
1303162,1,2022,2022,11,0,5,866,17,61,793,0,1,10,-33.893154,150.922375,24,0,2,1,3,0,0,0,2,2,7,70,2,14295,14295,3,5,5,2,0,0,0,1
1303163,1,2022,2022,10,3,5,33,10,69,34609,0,1,9,-28.570319,153.487,10,2,1,1,3,0,0,0,2,0,15,80,0,2852,2852,4,5,5,2,0,0,0,1
1303164,1,2022,2022,10,6,9,126,31,201,34609,0,1,9,-33.995735,150.869644,13,0,2,1,3,0,3,4,0,0,0,60,0,1282,1282,1,5,5,2,0,0,0,2
1303171,1,2022,2022,11,2,6,132,31,77,126,0,1,10,-33.888638,151.198897,69,0,2,1,3,0,0,0,2,2,9,50,2,14295,14295,3,0,18,2,0,0,0,1
1303178,1,2022,2022,10,4,6,5,27,9,34609,0,1,1,-32.621207,151.767468,57,2,1,1,3,0,0,0,2,0,7,70,0,1089,1089,7,16,40,1,0,0,0,1
1303181,4,2022,2022,1,0,2,10,27,197,34609,0,1,7,-33.805353,151.125923,61,0,2,1,2,0,3,3,0,0,0,60,0,6545,6545,4,5,5,2,0,1,0,0
1303182,2,2022,2022,1,0,6,3371,17,21,3342,0,1,7,-31.643945,152.721558,56,2,1,0,1,0,0,0,2,0,0,60,2,1957,4009,8,5,40,1,0,0,1,0
1303186,1,2022,2022,10,6,7,2,27,4,34609,0,1,1,-33.036802,151.612173,37,0,2,1,1,0,0,0,2,0,7,50,0,9859,9859,8,5,40,1,0,0,0,1
1303187,4,2022,2022,5,6,7,191,17,32,189,0,1,10,-32.140029,150.360594,73,2,1,1,0,0,2,6,2,0,0,60,2,9859,9859,8,10,40,1,0,1,0,0
1303190,2,2022,2022,11,4,0,27,27,290,34609,0,1,1,-33.854105,150.986571,21,0,2,1,2,0,3,0,0,0,7,40,0,9859,9859,1,10,5,5,0,0,1,0
1303191,4,2022,2022,11,5,8,25,31,9,34609,0,1,1,-29.465814,153.221386,18,2,1,1,0,0,0,0,2,0,7,50,0,340,340,9,0,28,2,0,1,0,0
1303192,4,2022,2022,5,5,0,3371,17,28,3342,0,1,2,-32.632581,151.997835,43,1,0,0,0,0,0,0,0,0,7,110,2,1259,5151,8,21,40,1,0,1,0,0
1303200,1,2022,2022,1,5,4,2209,17,45,2205,0,1,10,-33.88966,151.190099,69,0,2,1,1,0,0,0,2,2,7,50,2,1669,1669,3,30,5,2,0,0,0,1
1303203,2,2022,2022,10,6,10,49,27,67,62,0,1,9,-33.696507,150.895094,7,0,2,1,2,0,0,0,0,2,7,70,2,5929,5929,1,0,5,3,0,0,3,1
1303205,4,2022,2022,11,4,6,829,27,81,34609,1,0,1,-33.879204,151.254439,81,0,2,1,1,0,0,0,2,0,7,50,0,323,323,1,16,0,2,0,1,0,0
1303209,4,2022,2022,5,6,5,225,27,304,34609,0,1,1,-33.906716,151.159893,32,0,2,1,1,0,0,0,2,0,7,50,0,1981,1981,4,0,19,3,0,1,0,0
1303214,4,2022,2022,5,3,7,1,18,27,34609,0,1,1,-32.667867,148.24738,51,1,0,0,0,2,0,0,2,0,7,100,0,1259,5151,8,10,40,1,0,1,0,0
1303216,1,2022,2022,1,4,4,12,31,58,43,0,1,10,-28.540193,153.548035,10,2,1,1,1,0,0,0,2,0,0,50,1,150,150,4,30,27,2,0,0,0,1
1303220,2,2022,2022,10,1,11,2126,17,140,2149,0,1,9,-33.77809,150.809189,7,0,2,1,2,0,0,3,0,2,7,80,2,5929,5929,1,5,0,3,0,0,3,1
1303221,2,2022,2022,11,2,7,829,27,159,770,0,1,1,-33.808223,151.090612,61,0,2,1,1,0,3,4,2,0,7,60,2,14295,14295,3,5,5,4,0,0,1,0
1303222,4,2022,2022,5,2,9,1052,14,207,928,0,1,3,-33.58748,151.176294,31,0,2,1,0,0,0,0,0,0,7,110,2,4026,4026,8,5,40,2,0,2,0,1
1303226,4,2022,2022,10,3,7,2,27,20,34609,0,1,1,-33.071333,151.485629,37,0,2,1,0,2,0,0,2,0,7,100,0,9859,9859,8,10,40,1,0,3,1,0
1303227,4,2022,2022,5,3,6,3371,17,108,3342,0,1,2,-33.308812,151.418578,16,2,2,0,1,0,0,0,2,2,9,60,2,14295,14295,3,16,5,2,0,1,0,0
1303229,2,2022,2022,10,5,3,37,23,443,78,0,1,1,-33.909081,151.072187,15,0,2,1,1,0,0,0,1,0,7,60,2,14295,14295,3,9,0,3,0,0,1,0
1303231,1,2022,2022,0,5,9,3,31,609,34609,0,1,1,-33.772328,150.901443,7,0,2,1,2,0,0,0,0,0,7,50,0,238,238,9,33,28,2,0,0,0,1
1303232,2,2022,2022,5,0,5,1,27,1,34609,0,1,1,-32.060142,152.538417,43,2,1,1,0,0,0,0,2,0,7,50,0,4026,4026,1,10,13,2,0,0,1,0
1303234,2,2022,2022,11,0,11,829,1,225,34609,0,1,9,-33.793386,151.192459,77,0,2,1,2,0,0,3,0,0,7,50,0,9859,9859,1,5,0,2,0,0,1,0
1303236,2,2022,2022,1,2,10,48,31,139,605,0,1,9,-33.829769,151.213587,49,0,2,1,2,0,0,0,0,2,7,60,2,1669,1669,3,10,5,2,0,0,1,0
1303238,4,2022,2022,11,0,11,103,36,4,157,0,1,1,-29.290927,152.990025,60,1,0,1,0,0,3,4,0,0,7,100,2,945,945,5,10,40,1,0,1,0,0
1303240,2,2022,2022,10,0,4,8,31,92,34609,0,1,1,-33.876383,150.974075,24,0,2,1,0,0,0,0,2,0,7,50,0,4026,4026,8,0,40,1,0,0,1,0
1303243,1,2022,2022,10,6,7,68,31,41,168,0,1,7,-34.053203,150.699011,12,0,2,1,0,0,0,0,2,0,0,50,1,14295,14295,3,0,0,3,0,0,0,2
1303247,2,2022,2022,11,3,6,11,27,4,30,0,1,1,-28.261738,153.369574,72,2,1,0,0,0,0,0,2,0,7,80,1,2585,4009,8,16,40,1,0,0,1,0
1303248,2,2022,2022,1,2,7,5,25,122,34609,0,1,9,-33.432121,151.34169,16,2,2,0,1,0,0,0,2,0,0,60,0,2852,2852,4,5,19,2,0,0,1,0
1303254,1,2022,2022,10,2,5,2209,17,6,2205,0,1,1,-36.349248,150.000945,23,1,0,0,0,0,0,0,2,0,7,100,2,1850,1463,5,16,40,1,0,0,0,1
1303258,2,2022,2022,10,2,9,296,27,283,293,0,1,9,-33.828898,151.004555,54,0,2,1,2,0,3,4,3,3,7,60,2,1669,1669,3,0,19,2,0,0,1,0