Crash ID,Degree of crash - detailed,Reporting year,Year of crash,Month of crash,Day of week of crash,Two-hour intervals,Street of crash,Street type,Town,Route no.,School zone location,School zone active,Type of location,Latitude,Longitude,LGA,Urbanisation,Conurbation 1,Alignment,Street lighting,Road surface,Surface condition,Weather,Natural lighting,Signals operation,Other traffic control,Speed limit,Road classification,RUM - code,DCA - code,First impact type,Key TU type,Other TU type,No. of traffic units involved,No. killed,No. seriously injured,No. moderately injured,No. minor-other injured
1303259,2,2022,2022,11,0,9,16,27,143,34609,0,1,1,-33.709819,151.091212,31,0,2,1,2,0,3,0,3,0,7,50,0,1220,1220,9,5,28,2,0,0,1,0
1303260,1,2022,2022,10,6,3,9,31,226,34609,0,1,10,-33.780132,150.820899,7,0,2,1,1,0,0,0,2,0,0,50,0,6545,6545,4,5,25,2,0,0,0,1
1303261,2,2022,2022,11,4,0,12,31,84,5,0,1,1,-33.889766,150.94561,24,0,2,1,0,0,3,4,0,0,7,50,1,9859,9859,1,5,0,2,0,0,1,0
1303262,2,2022,2022,11,4,9,2,22,646,34609,0,1,9,-33.916046,151.035548,15,0,2,1,2,0,3,4,3,0,9,40,0,2040,2040,9,0,28,2,0,0,1,0
1303264,1,2022,2022,1,6,9,27,27,149,96,0,1,1,-33.865904,151.166783,32,0,2,1,2,0,0,0,0,0,7,50,2,14295,14295,3,34,5,2,0,0,0,1
1303266,1,2022,2022,10,1,3,9,27,1,34609,0,1,1,-28.591481,152.857079,51,1,0,0,0,0,3,3,2,0,7,100,0,1109,787,1,10,0,2,0,0,0,1
1303269,2,2022,2022,11,5,4,916,17,19,917,0,1,1,-30.624523,151.518223,51,1,0,1,0,0,0,0,2,0,7,100,2,9859,9859,8,0,40,1,0,0,1,0
1303274,1,2022,2022,10,4,8,13,27,278,24,0,1,9,-33.766732,151.043053,54,0,2,1,3,0,0,0,3,0,7,50,1,6545,6545,4,10,0,2,0,0,0,1
1303275,2,2022,2022,10,2,0,103,27,16,98,0,1,1,-33.278288,150.688359,29,1,2,0,3,0,3,0,0,0,7,100,2,4552,5151,8,10,40,1,0,0,1,0
1303276,1,2022,2022,11,0,9,103,27,123,563,0,1,2,-33.821014,151.05178,54,0,2,1,3,0,3,4,0,0,7,80,2,1391,1391,1,30,0,3,0,0,0,1
1303277,2,2022,2022,11,0,8,42,1,43,34609,0,1,1,-33.212043,151.527609,16,2,2,1,2,0,0,0,0,0,7,50,0,9859,9859,1,30,5,4,0,0,1,0
1303278,1,2022,2022,10,5,9,9,23,134,34609,0,1,9,-33.982422,150.806473,12,0,2,1,3,0,0,0,0,0,0,50,0,5929,5929,1,5,5,2,0,0,0,1
1303284,2,2022,2022,10,0,5,9,31,215,34609,0,1,9,-35.100257,147.351687,75,2,1,1,3,0,0,3,2,0,7,60,0,1669,1669,3,10,5,2,0,0,1,0
1303285,2,2022,2022,11,4,7,346,17,103,332,0,1,7,-28.811989,153.346996,39,2,1,1,3,0,0,0,2,0,7,60,2,14295,14295,3,0,13,2,0,0,1,0
1303294,2,2022,2022,1,2,5,2261,17,31,2252,0,1,2,-35.095392,148.073845,20,1,0,1,0,0,3,4,2,0,7,110,2,4026,4026,8,10,40,1,0,0,1,0
1303295,2,2022,2022,1,6,9,283,27,88,702,1,0,9,-33.987017,151.110904,25,0,2,1,2,0,0,0,3,2,7,70,2,5929,5929,1,5,19,2,0,0,1,0
1303296,2,2022,2022,10,2,5,5,31,131,34609,0,1,2,-36.079001,146.919006,0,2,1,1,3,0,0,0,2,0,9,50,0,1282,1282,1,0,27,2,0,0,1,0
1303299,1,2022,2022,11,6,5,485,27,323,769,0,1,10,-33.761977,150.992848,71,0,2,1,3,0,0,0,2,2,7,60,2,14295,14295,3,9,5,2,0,0,0,1
1303304,2,2022,2022,10,2,7,153,27,290,147,0,1,9,-33.94913,151.112958,4,0,2,1,3,0,3,4,2,0,7,60,2,14295,14295,3,5,5,2,0,0,1,0
1303308,1,2022,2022,10,1,5,10,10,22,11,0,1,1,-35.156953,150.59706,63,2,1,1,3,0,3,4,2,0,7,50,1,9859,9859,1,0,4,3,0,0,0,1
1303309,2,2022,2022,10,6,7,478,17,35,480,0,1,1,-33.277358,151.557784,16,2,2,0,3,0,0,0,2,0,7,80,2,2585,4009,8,5,40,1,0,0,1,0
1303310,1,2022,2022,10,2,8,72,27,228,39,0,1,2,-34.746552,149.753947,26,2,1,1,3,0,3,4,2,0,7,80,2,9859,9859,8,30,40,1,0,0,0,1
1303313,1,2022,2022,10,1,10,21,27,98,174,0,1,1,-33.00336,151.564684,37,0,2,0,2,0,0,0,0,0,7,80,2,1957,4009,8,5,40,1,0,0,0,1
1303314,2,2022,2022,10,4,10,55,31,13,34609,0,1,9,-32.727821,151.556406,42,2,1,1,2,0,0,0,0,0,7,50,0,4026,4026,1,5,6,2,0,0,1,0
1303315,4,2022,2022,11,3,6,168,10,387,260,0,1,2,-33.945921,151.179554,4,0,2,1,0,0,0,0,2,0,7,70,2,14295,14295,3,0,19,3,0,1,0,0
1303318,1,2022,2022,10,5,1,126,27,27,168,0,1,2,-34.041361,150.747812,12,0,2,1,3,0,3,4,0,2,7,50,2,9859,9859,8,5,40,1,0,0,0,1
1303319,1,2022,2022,10,5,8,57,27,75,126,0,1,9,-32.761857,151.660766,42,2,1,1,3,0,0,0,2,0,0,80,2,5929,5929,1,10,5,2,0,0,0,1
1303320,2,2022,2022,1,4,6,5,31,433,34609,1,0,10,-33.287198,149.095423,52,2,1,1,3,0,0,0,2,0,0,50,0,301,301,4,0,40,2,0,0,1,0
1303323,2,2022,2022,11,0,7,205,27,161,415,0,1,2,-33.725117,151.168829,36,0,2,1,1,0,0,3,2,0,7,60,2,9859,9859,8,0,40,1,0,0,1,0
1303324,4,2022,2022,11,0,11,30,10,19,30,0,1,1,-33.302838,151.236057,16,2,2,0,0,0,0,0,0,0,7,80,1,1957,4009,8,10,40,1,0,1,0,0
1303327,4,2022,2022,10,2,5,4,31,20,260,0,1,1,-33.083182,151.501909,37,0,2,0,1,0,0,0,2,0,7,60,2,1220,1220,9,0,28,2,0,1,0,0
1303328,4,2022,2022,1,5,6,195,27,49,186,0,1,9,-33.918779,150.852685,41,0,2,1,1,0,0,0,2,2,7,70,2,2852,2852,4,10,5,2,0,1,0,1
1303330,4,2022,2022,10,0,11,27,36,83,34609,0,1,1,-30.124599,153.191217,19,2,1,1,0,0,0,0,0,0,7,60,0,30,30,9,21,28,2,0,1,0,0
1303336,1,2022,2022,8,2,7,157,17,25,158,0,1,1,-33.732125,148.805552,51,1,0,0,0,0,0,3,2,0,7,100,2,2585,4009,8,0,40,1,0,0,0,1
1303340,4,2022,2022,10,2,6,12,31,363,34609,0,1,1,-33.761818,150.707744,55,0,2,1,1,0,0,0,2,0,7,50,0,9859,9859,1,5,5,2,0,1,0,0
1303343,1,2022,2022,11,4,10,87,31,143,34609,0,1,1,-33.705519,151.101674,31,0,2,1,2,0,3,4,0,0,7,50,0,1383,1383,1,30,34,2,0,0,0,1
1303344,2,2022,2022,10,1,1,3371,17,77,3342,0,1,9,-33.036059,151.660617,37,0,2,1,2,0,3,4,0,2,7,50,2,489,489,8,10,40,1,0,0,1,0
1303346,1,2022,2022,11,2,10,344,27,61,163,0,1,9,-33.75182,150.886899,7,0,2,1,2,0,0,0,0,2,7,60,2,14295,14295,3,10,0,3,0,0,0,1
1303347,4,2022,2022,11,0,10,69,31,11,59,0,1,4,-33.884282,151.051619,21,0,2,0,0,0,0,0,0,0,7,60,1,214,214,9,33,28,2,0,1,0,0
1303350,2,2022,2022,10,0,7,5,27,38,28,0,1,9,-33.948296,151.071518,25,0,2,0,1,0,0,0,2,0,0,40,1,775,775,4,10,12,2,0,0,1,0
1303351,2,2022,2022,10,0,7,2126,17,179,2149,0,1,2,-33.760066,150.726456,55,0,2,1,0,0,0,0,2,0,7,60,2,14295,14295,3,5,0,2,0,0,1,1
1303353,4,2022,2022,10,3,4,387,36,86,69,0,1,1,-33.723919,151.218555,50,0,2,1,1,0,3,4,2,0,7,80,2,1945,1945,5,22,40,1,0,1,0,0
1303354,4,2022,2022,11,2,3,12,31,134,34609,0,1,10,-33.51432,151.322189,16,2,2,1,1,0,0,0,2,0,15,50,0,6545,6545,4,0,19,2,0,1,0,0
1303357,4,2022,2022,1,3,5,55,31,172,34609,0,1,10,-32.749541,151.579908,42,2,1,1,1,0,0,0,2,0,15,50,0,1945,1945,5,16,40,1,0,1,0,0
1303358,2,2022,2022,10,4,8,105,17,609,136,0,1,9,-33.792671,150.919122,7,0,2,1,3,0,0,0,3,2,7,60,2,5929,5929,1,5,5,2,0,0,2,0
1303364,4,2022,2022,11,6,5,53,36,8,95,0,1,1,-33.222749,148.894107,11,1,0,0,0,0,0,0,2,0,7,100,2,3775,3775,0,5,0,2,0,3,0,0
1303367,4,2022,2022,11,3,6,308,14,104,311,0,1,3,-33.742709,150.933482,7,0,2,1,1,0,0,0,2,0,7,100,2,1282,1282,1,3,0,2,0,1,2,0
1303369,1,2022,2022,1,4,3,3371,17,51,3342,0,1,7,-33.252158,151.489844,16,2,2,1,3,0,0,0,1,0,0,70,2,14295,14295,3,0,5,2,0,0,0,1
1303370,2,2022,2022,10,2,5,2261,17,9,2252,0,1,2,-34.821936,149.369537,74,1,0,1,0,0,0,0,2,0,7,110,2,4026,4026,8,9,40,1,0,0,1,0
1303372,1,2022,2022,11,3,6,196,10,70,168,0,1,10,-33.915633,150.975258,15,0,2,1,3,0,0,0,2,0,15,60,2,14295,14295,3,5,0,2,0,0,0,1
1303374,1,2022,2022,10,6,8,2126,17,62,2149,0,1,9,-33.890003,151.146535,32,0,2,1,3,0,3,4,2,0,7,60,2,14295,14295,3,30,13,2,0,0,0,1
1303380,1,2022,2022,10,2,10,1,18,3,34609,0,1,1,-32.573037,149.494311,44,1,0,1,3,2,3,0,0,0,7,100,0,1945,1945,5,10,40,1,0,0,0,1
1303382,1,2022,2022,1,2,7,79,31,56,18,0,1,10,-33.856496,151.178015,32,0,2,1,1,0,2,6,2,3,7,40,1,2040,2040,9,5,28,2,0,0,0,1
1303383,1,2022,2022,10,2,6,283,27,91,702,1,0,1,-33.954831,151.085381,25,0,2,1,3,0,0,0,2,0,7,60,2,14295,14295,3,5,0,2,0,0,0,5
1303384,4,2022,2022,1,5,8,6,27,67,34609,0,1,7,-33.717662,150.917097,7,0,2,1,1,0,3,4,2,0,0,60,0,1945,1945,5,16,40,1,0,1,0,0
1303385,2,2022,2022,1,3,5,177,31,174,208,0,1,9,-33.861134,150.932663,24,0,2,1,1,0,0,0,2,0,7,60,1,43,43,3,5,5,3,0,0,1,0
1303386,2,2022,2022,5,6,8,109,36,10,108,0,1,1,-28.441868,153.478527,72,2,1,1,0,0,0,0,0,0,7,60,1,3775,3775,0,5,5,2,0,0,1,0
1303387,4,2022,2022,11,6,1,3371,17,44,3342,0,1,2,-30.730981,152.921811,47,1,0,0,0,0,0,0,0,0,7,110,2,4552,5151,8,0,40,1,0,1,1,0
1303388,4,2022,2022,1,3,9,21,27,19,22,0,1,9,-32.734901,152.005835,57,2,1,1,2,0,0,0,0,0,7,60,1,3775,3775,0,0,25,2,0,2,0,0
1303390,4,2022,2022,1,6,10,481,17,48,483,0,1,10,-33.92352,147.205235,51,2,1,0,2,0,0,0,0,0,7,50,2,4552,985,8,16,40,1,0,1,1,0
1303392,2,2022,2022,5,3,9,57,31,80,30,0,1,9,-33.877616,151.203956,69,0,2,1,2,0,0,0,0,2,9,40,1,2040,2040,9,5,28,2,0,0,1,0
1303393,2,2022,2022,10,1,9,34,10,2,40,0,1,1,-35.823004,150.220982,23,1,0,0,0,0,0,0,0,0,7,100,1,1089,1089,7,16,40,1,0,0,1,0
1303396,4,2022,2022,10,3,8,500,27,80,160,0,1,10,-33.978837,150.898521,13,0,2,1,3,0,0,0,2,0,0,60,2,623,623,3,0,0,2,0,1,0,0
1303399,4,2022,2022,10,5,7,1,27,15,34609,0,1,1,-28.914602,153.181291,39,2,1,1,0,0,0,0,2,0,7,80,0,1945,1945,5,16,40,1,0,1,0,0
1303402,1,2022,2022,5,6,9,115,27,138,114,0,1,10,-33.874302,151.273029,81,0,2,1,2,0,0,0,3,0,7,50,2,515,515,1,5,19,2,0,0,0,1
1303407,1,2022,2022,10,3,6,1052,14,207,928,0,1,3,-33.618126,151.15987,31,0,2,0,3,0,0,3,2,0,7,110,2,14295,14295,3,5,5,3,0,0,0,1
1303408,2,2022,2022,10,0,6,16,36,7,19,0,1,1,-33.04063,147.792335,53,1,0,1,0,0,0,0,2,0,7,100,1,945,945,5,10,40,1,0,0,1,0
1303409,2,2022,2022,10,1,10,2209,17,51,2205,0,1,9,-34.468528,150.826542,80,0,2,1,3,0,0,0,0,3,7,70,1,14295,14295,3,0,5,2,0,0,1,0
1303410,1,2022,2022,10,5,7,475,31,80,75,0,1,9,-33.881665,151.208646,69,0,2,1,3,0,0,0,2,2,7,40,1,14295,14295,3,5,5,2,0,0,0,1
1303412,4,2022,2022,10,1,5,3371,17,92,3342,0,1,7,-33.408817,151.350372,16,2,2,0,3,0,3,3,2,0,0,60,2,14295,14295,3,8,13,2,0,1,0,0
1303413,1,2022,2022,10,0,6,39,22,24,34609,0,1,1,-33.383757,151.420084,16,2,2,0,3,0,3,3,2,0,7,60,0,3775,3775,0,5,13,2,0,0,0,1
1303414,2,2022,2022,10,1,3,2209,17,17,2205,0,1,1,-35.531106,150.304059,63,1,0,0,3,0,3,4,4,0,7,100,2,1259,5151,8,0,40,2,0,0,1,0
1303415,1,2022,2022,10,4,8,866,17,187,793,0,1,10,-33.795553,150.989666,54,0,2,1,3,0,3,4,2,2,7,70,2,14295,14295,3,10,13,2,0,0,0,1
1303422,2,2022,2022,10,2,6,48,27,21,62,0,1,1,-35.732368,148.035889,66,1,0,1,3,0,3,4,2,0,7,100,2,9859,9859,8,0,40,1,0,0,1,0
1303424,4,2022,2022,1,1,8,60,27,147,69,0,1,1,-33.870586,151.128855,14,0,2,0,2,0,0,0,3,0,7,60,2,2040,2040,9,5,28,2,0,1,0,0
1303425,2,2022,2022,10,6,7,4,2,31,34609,0,1,7,-34.58841,150.864668,62,0,2,1,1,0,0,0,2,0,0,50,0,3775,3775,0,5,5,2,0,0,1,0
1303426,2,2022,2022,11,0,6,1,27,7,34609,0,1,1,-31.515131,150.216791,51,1,0,1,0,2,0,0,2,0,7,100,0,1945,1945,5,16,40,1,0,0,1,0
1303432,1,2022,2022,11,0,8,1052,14,207,928,0,1,3,-33.547127,151.19608,31,0,2,1,3,0,3,4,0,0,7,110,2,14295,14295,3,10,0,3,0,0,0,1
1303433,4,2022,2022,1,2,7,17,10,39,34609,0,1,10,-32.877562,151.647809,48,0,2,1,2,0,0,0,2,2,7,60,0,5929,5929,1,5,19,2,0,1,1,0
1303434,2,2022,2022,1,4,0,23,27,52,34609,0,1,9,-33.638859,150.761029,55,0,2,1,0,0,0,0,0,0,7,70,0,2585,777,8,5,40,1,0,0,1,0
1303436,4,2022,2022,1,6,2,24,27,201,47,0,1,7,-33.991089,150.857407,13,0,2,1,3,0,3,0,0,0,0,60,1,9859,9859,8,16,40,1,0,1,0,0
1303437,4,2022,2022,11,5,3,3,27,15,34609,0,1,1,-31.168727,150.324466,51,2,1,1,1,2,0,0,1,0,13,50,0,19,19,10,34,38,2,0,1,0,0
1303442,1,2022,2022,10,4,0,2,27,30,34609,0,1,1,-34.038699,150.804918,13,0,2,1,2,0,0,0,0,0,7,50,0,9859,9859,8,0,40,1,0,0,0,1
1303443,4,2022,2022,11,4,8,6,31,219,34609,0,1,9,-32.906318,151.662391,48,0,2,1,2,0,0,0,3,0,7,50,0,312,312,2,9,40,1,0,1,0,0
1303444,1,2022,2022,11,4,10,2126,17,438,2149,1,0,9,-33.842011,151.037338,21,0,2,1,2,0,0,0,0,2,7,60,2,14295,14295,3,9,5,2,0,0,0,2
1303446,2,2022,2022,10,5,5,39,27,143,51,0,1,1,-33.687857,151.096998,31,0,2,1,1,0,0,0,2,0,7,60,2,96,96,0,5,0,2,0,0,2,0
1303447,4,2022,2022,11,3,9,89,17,9,21,0,1,1,-34.224464,150.946973,80,0,2,1,0,0,0,0,3,0,7,100,1,3775,3775,0,30,0,2,0,1,1,0
1303450,2,2022,2022,10,0,5,127,27,135,103,0,1,9,-32.905689,151.746771,48,0,2,1,0,0,3,3,2,0,0,60,1,14295,14295,3,5,5,3,0,0,2,1
1303451,4,2022,2022,10,2,7,14,27,59,34609,0,1,9,-33.979908,150.858246,13,0,2,0,1,0,0,0,2,0,0,60,0,1220,1220,9,5,28,2,0,1,0,0
1303454,2,2022,2022,11,4,4,3371,17,90,3342,0,1,9,-28.24765,153.534733,72,1,0,0,3,0,2,6,2,0,0,110,2,1109,787,1,5,0,2,0,0,1,1
1303456,2,2022,2022,11,4,6,1,1,87,34609,0,1,10,-33.683297,150.948048,71,0,2,1,0,0,3,3,2,0,0,50,0,1669,1669,3,0,0,2,0,0,1,0
1303458,2,2022,2022,11,1,4,2,27,145,34609,0,1,10,-33.925959,151.113568,15,0,2,1,0,2,0,0,2,0,0,50,0,6545,6545,4,5,13,2,0,0,1,0
1303459,2,2022,2022,10,5,5,3,31,207,34609,0,1,10,-31.938116,141.458983,51,2,1,1,0,0,3,4,2,0,0,50,0,6545,6545,4,5,0,2,0,0,1,0
1303460,1,2022,2022,8,0,4,105,27,65,109,0,1,9,-33.87204,150.90097,24,0,2,1,1,0,0,0,2,0,7,60,1,14295,14295,3,0,0,3,0,0,0,1
1303464,1,2022,2022,10,1,5,110,31,43,34609,0,1,7,-33.689101,151.301113,50,0,2,1,0,0,0,0,2,0,0,50,0,6545,6545,4,0,0,2,0,0,0,1
1303466,2,2022,2022,10,1,6,133,31,49,34609,0,1,1,-32.99227,151.68307,37,0,2,1,1,0,0,0,2,0,7,60,0,5929,5929,1,30,5,2,0,0,1,0
1303467,4,2022,2022,1,0,7,512,17,433,441,0,1,9,-33.28699,149.107191,52,2,1,1,0,0,0,0,2,0,0,50,2,591,591,1,18,13,2,0,1,0,0
1303469,4,2022,2022,11,2,6,9,27,4,34609,0,1,1,-34.457375,150.001958,74,1,0,1,0,2,3,0,2,0,7,100,0,312,312,2,16,40,1,0,1,0,0
1303472,4,2022,2022,10,3,5,31,24,61,36,0,1,1,-33.755994,151.120746,36,0,2,0,0,0,3,4,2,0,7,60,1,3775,3775,0,5,5,3,0,1,0,1
1303474,1,2022,2022,10,6,7,119,31,119,34609,0,1,1,-32.762106,151.743345,57,2,1,1,1,0,3,4,2,0,9,40,0,1220,1220,9,5,28,2,0,0,0,1
1303475,4,2022,2022,11,4,6,7,27,10,34609,0,1,1,-31.08544,152.981879,34,2,1,0,0,0,0,0,2,0,7,80,0,2585,4009,8,16,40,1,0,1,0,0
1303476,2,2022,2022,10,2,9,1,31,123,34609,0,1,9,-33.880554,151.22862,81,0,2,1,2,0,0,0,0,0,7,40,0,2852,2852,4,0,27,2,0,0,1,0
1303477,2,2022,2022,1,4,3,229,14,173,237,0,1,3,-33.788534,151.134717,61,0,2,1,1,0,0,0,2,0,7,100,2,1282,1282,1,30,13,2,0,0,1,0
1303478,4,2022,2022,10,0,8,1052,14,53,928,0,1,3,-33.691258,151.1215,31,0,2,1,1,0,3,4,2,0,7,110,2,14295,14295,3,5,5,3,0,2,1,0
1303479,1,2022,2022,5,4,8,21,31,91,34609,0,1,7,-33.990341,150.88942,13,0,2,1,1,0,0,0,2,0,0,50,0,6545,6545,4,10,0,2,0,0,0,1
1303481,4,2022,2022,1,2,5,6,31,84,23,0,1,1,-33.892979,151.261136,76,0,2,1,1,0,0,0,2,0,7,50,1,1109,397,1,0,19,2,0,1,0,0
1303484,4,2022,2022,1,5,8,115,27,96,173,0,1,2,-34.235412,150.68168,79,2,2,1,0,0,0,0,2,0,7,80,2,4026,4026,8,16,40,1,0,1,0,0
1303485,4,2022,2022,1,1,7,7,31,106,34609,0,1,1,-33.924045,151.093457,15,0,2,1,1,0,0,0,2,0,7,50,0,4026,4026,1,5,5,2,0,1,0,0
1303490,2,2022,2022,11,0,7,1,31,52,34609,0,1,9,-33.71253,150.913991,7,0,2,1,0,0,0,0,2,0,7,50,0,1220,1220,9,5,28,2,0,0,1,0
1303491,4,2022,2022,10,3,6,8,27,5,34609,0,1,1,-30.037072,153.09301,19,2,1,0,0,2,0,3,2,0,7,40,0,3775,3775,0,16,0,2,0,1,0,0
1303493,2,2022,2022,10,2,10,77,10,73,331,0,1,1,-34.199263,150.60852,79,2,2,0,2,0,3,4,0,0,7,80,1,14295,14295,3,0,13,2,0,0,1,0
1303494,1,2022,2022,7,1,8,4,27,224,34609,0,1,9,-33.830951,151.237138,45,0,2,1,2,0,3,4,3,0,7,50,0,926,926,4,5,5,2,0,0,0,2
1303497,1,2022,2022,1,3,4,84,10,9,80,0,1,9,-34.219008,150.979937,80,0,2,0,1,0,0,0,2,0,0,60,2,14295,14295,3,10,0,2,0,0,0,1
1303499,2,2022,2022,10,3,7,6,31,18,34609,0,1,1,-33.829606,151.102172,61,0,2,0,0,0,0,0,2,0,7,50,0,623,623,3,22,0,2,0,0,1,0
1303501,2,2022,2022,10,5,5,42,31,123,34609,0,1,10,-33.919491,151.225729,59,0,2,1,0,0,0,0,2,0,7,50,0,6545,6545,4,16,12,2,0,0,1,0
1303502,2,2022,2022,10,0,6,191,17,562,189,0,1,1,-32.244392,148.613711,22,2,1,1,1,0,3,4,2,0,7,60,2,14295,14295,3,5,0,2,0,0,1,0
1303504,2,2022,2022,10,3,10,515,14,197,518,0,1,3,-33.94346,151.075877,15,0,2,1,0,0,0,0,0,0,7,100,2,4026,4026,8,5,40,2,0,0,1,0
1303507,1,2022,2022,10,4,6,19,31,13,40,0,1,7,-33.769032,151.29394,50,0,2,0,1,0,3,4,2,0,0,50,1,4,4,4,15,36,2,0,0,0,1
1303509,2,2022,2022,10,2,6,31,27,17,69,0,1,10,-33.792583,151.15765,77,0,2,1,2,0,0,0,2,2,7,50,2,6545,6545,4,5,5,2,0,0,1,0
1303512,2,2022,2022,1,6,10,515,14,166,518,0,1,8,-33.943622,150.991687,15,0,2,1,2,0,0,0,0,0,7,100,2,9859,9859,8,5,40,2,0,0,1,2
1303515,4,2022,2022,10,6,9,1,25,201,34609,0,1,9,-34.012549,150.87609,13,0,2,0,1,0,0,0,2,0,7,50,0,3775,3775,0,16,5,2,0,1,0,0
1303516,2,2022,2022,5,2,4,3371,17,21,3342,0,1,7,-31.643945,152.721558,56,2,1,0,0,0,3,0,2,0,0,60,2,78,78,8,16,40,1,0,0,1,0
1303520,4,2022,2022,10,3,10,294,17,56,288,0,1,10,-35.120225,147.378365,75,2,1,1,2,0,0,3,3,2,7,60,2,5929,5929,1,0,0,2,0,1,0,0
1303521,2,2022,2022,10,2,10,14,27,39,34609,0,1,1,-33.772218,150.750037,55,0,2,0,2,0,0,0,3,0,7,50,0,14295,14295,3,33,27,2,0,0,1,0
1303522,4,2022,2022,11,5,3,4,36,89,34609,0,1,1,-28.214885,153.543518,72,2,1,1,0,0,0,0,2,0,7,50,0,1945,1945,5,16,40,1,0,1,0,0
1303523,2,2022,2022,1,5,4,15,27,65,34609,0,1,7,-33.86755,150.902252,24,0,2,1,0,0,0,0,2,0,0,50,0,14295,14295,3,0,5,2,0,0,1,0
1303527,4,2022,2022,11,5,5,31,27,445,34609,0,1,10,-33.860165,151.038803,21,0,2,1,0,0,0,0,2,0,0,50,0,926,926,4,5,18,2,0,1,0,0
1303530,1,2022,2022,11,6,3,97,27,271,799,0,1,2,-33.93676,151.012898,15,0,2,1,1,0,0,0,2,0,7,70,2,1383,1383,1,0,5,3,0,0,0,1
1303532,4,2022,2022,10,2,6,171,27,113,369,0,1,9,-33.786147,150.703171,55,0,2,1,1,0,0,0,2,2,7,70,2,2852,2852,4,5,5,3,0,1,0,0
1303535,1,2022,2022,10,3,5,1,22,78,34609,0,1,1,-33.846905,151.011132,21,0,2,1,1,0,0,0,2,0,7,50,0,9859,9859,1,5,13,2,0,0,0,2
1303538,4,2022,2022,11,6,7,26,27,232,34609,0,1,9,-33.686034,150.924914,71,0,2,1,1,0,0,0,2,0,0,60,0,775,775,4,5,5,2,0,1,0,0
1303540,1,2022,2022,8,2,0,21,31,8,34609,0,1,1,-34.846503,150.741352,63,2,1,1,2,0,0,0,0,0,7,50,0,4026,4026,1,0,12,2,0,0,0,1
1303542,4,2022,2022,5,2,2,478,17,122,480,0,1,2,-33.434507,151.342307,16,2,2,1,2,0,0,0,0,2,9,60,2,2040,2040,9,5,28,2,0,1,0,0
1303547,2,2022,2022,10,2,9,13,31,39,83,0,1,1,-29.437189,153.353431,18,2,1,1,0,0,0,0,3,0,7,50,1,1981,1981,4,5,27,2,0,0,1,0
1303548,4,2022,2022,10,3,8,330,23,150,112,0,1,9,-33.928913,151.234932,59,0,2,1,0,0,0,0,2,0,0,60,2,5929,5929,1,5,5,2,0,1,0,0
1303554,1,2022,2022,10,3,1,84,27,58,415,0,1,2,-33.752604,151.143398,36,0,2,1,3,0,2,6,0,0,7,70,2,1282,1282,1,30,5,2,0,0,0,1
1303555,1,2022,2022,10,1,4,89,36,13,81,0,1,1,-34.25918,148.67215,30,1,0,0,0,0,0,0,2,0,7,100,2,4552,5151,8,30,40,1,0,0,0,2
1303556,1,2022,2022,11,6,7,15,27,20,91,0,1,9,-35.017137,149.266022,82,1,0,1,0,0,0,0,2,0,7,100,1,1850,777,5,16,40,1,0,0,0,1
1303557,1,2022,2022,1,6,8,1,27,246,34609,0,1,1,-33.917067,151.192761,69,0,2,1,2,0,0,0,3,0,7,50,0,312,312,2,5,40,1,0,0,0,1
1303560,4,2022,2022,11,1,3,135,17,93,136,0,1,9,-36.074319,146.952632,0,2,1,1,0,0,0,0,2,0,7,80,2,1669,1669,3,5,10,2,0,1,0,0
1303562,4,2022,2022,11,4,4,2209,17,201,2205,0,1,1,-34.888955,150.604359,63,2,1,1,1,0,0,0,2,0,7,70,2,1383,1383,1,5,5,3,0,1,0,0
1303563,2,2022,2022,11,4,9,3371,17,18,3342,0,1,7,-28.78473,153.526749,2,2,1,0,2,0,0,0,0,0,0,60,2,1259,5151,8,16,40,1,0,0,1,0
1303565,4,2022,2022,11,3,8,38,27,80,34609,0,1,9,-33.980199,150.893371,13,0,2,1,1,0,0,0,2,0,9,50,0,4026,4026,8,16,40,1,0,1,0,0
1303570,4,2022,2022,11,6,4,40,31,46,34609,0,1,9,-33.887428,150.964752,24,0,2,1,0,0,0,0,2,0,7,50,0,5929,5929,1,10,0,3,0,1,1,0
1303571,2,2022,2022,1,5,5,15,27,36,91,0,1,1,-34.468163,149.43896,74,1,0,1,0,0,0,3,2,0,7,100,1,9859,9859,8,5,40,1,0,0,1,0
1303575,2,2022,2022,1,6,2,2126,17,78,2149,0,1,2,-33.70195,150.575331,8,2,2,0,0,0,0,0,0,0,7,80,2,2585,4009,8,9,40,1,0,0,1,0
1303576,2,2022,2022,11,1,8,71,27,10,69,0,1,1,-36.359745,148.489959,65,2,1,1,0,0,3,0,3,0,7,80,2,9859,9859,8,19,40,1,0,0,5,3
1303578,4,2022,2022,11,6,6,1052,14,58,928,0,1,3,-33.251039,151.404528,16,1,2,0,0,0,0,0,2,0,7,110,2,1957,4009,8,5,40,1,0,1,0,0
1303585,2,2022,2022,1,0,1,112,27,18,769,0,1,1,-33.501798,150.528477,29,2,2,1,0,0,2,6,0,0,7,80,2,475,475,5,5,40,1,0,0,1,0
1303586,4,2022,2022,10,6,7,92,31,61,34609,0,1,1,-33.892756,150.916148,24,0,2,1,0,0,0,0,2,0,7,50,0,9859,9859,8,5,40,3,0,1,0,0
1303587,1,2022,2022,1,0,3,204,31,387,34609,0,1,10,-33.922278,151.18737,4,0,2,1,0,0,0,0,2,0,7,50,0,368,368,9,0,28,2,0,0,0,1