Crash ID,Degree of crash - detailed,Reporting year,Year of crash,Month of crash,Day of week of crash,Two-hour intervals,Street of crash,Street type,Town,Route no.,School zone location,School zone active,Type of location,Latitude,Longitude,LGA,Urbanisation,Conurbation 1,Alignment,Street lighting,Road surface,Surface condition,Weather,Natural lighting,Signals operation,Other traffic control,Speed limit,Road classification,RUM - code,DCA - code,First impact type,Key TU type,Other TU type,No. of traffic units involved,No. killed,No. seriously injured,No. moderately injured,No. minor-other injured
1303589,1,2022,2022,10,3,11,2209,17,29,2205,0,1,1,-35.317729,150.439119,63,2,1,1,2,0,3,4,0,0,7,50,2,9859,9859,8,0,40,1,0,0,0,1
1303591,4,2022,2022,10,5,4,3371,17,65,3342,0,1,2,-30.395915,153.032227,19,1,0,1,0,0,0,3,2,0,7,110,2,14295,14295,3,30,10,2,0,1,0,0
1303592,2,2022,2022,10,3,7,102,31,139,187,0,1,10,-33.874938,151.134386,32,0,2,1,1,0,0,0,2,2,7,60,2,5929,5929,1,30,12,2,0,0,1,0
1303593,4,2022,2022,1,1,3,1052,14,207,928,0,1,3,-33.560583,151.19264,31,0,2,1,0,0,0,0,1,0,7,110,2,9859,9859,8,5,40,1,0,1,0,0
1303594,4,2022,2022,1,1,8,9,23,134,34609,0,1,9,-33.982425,150.806468,12,0,2,1,0,0,0,0,2,0,7,50,0,9859,9859,8,30,40,1,0,1,0,0
1303596,4,2022,2022,11,0,8,89,27,11,228,0,1,1,-32.855438,151.323908,17,2,1,1,2,0,3,4,0,0,7,60,1,3775,3775,0,5,5,2,0,2,0,0
1303600,1,2022,2022,10,6,8,158,27,68,207,0,1,9,-33.878416,151.242147,81,0,2,0,1,0,0,3,2,2,7,60,2,3775,3775,0,0,5,3,0,0,0,1
1303602,1,2022,2022,10,2,8,112,17,207,112,0,1,1,-31.956564,141.446028,51,2,1,1,0,0,0,0,2,0,7,50,2,9859,9859,1,10,13,3,0,0,0,1
1303603,2,2022,2022,10,5,10,16,31,161,115,0,1,2,-33.726775,151.164044,36,0,2,1,2,0,0,0,0,0,7,50,1,4026,4026,8,5,40,1,0,0,1,0
1303604,2,2022,2022,10,3,11,1,1,232,34609,0,1,9,-33.678241,150.928021,71,0,2,1,2,0,0,0,0,0,7,50,0,1259,985,8,10,40,3,0,0,1,0
1303606,4,2022,2022,1,2,5,8,27,2,34609,0,1,1,-32.672125,151.523747,42,2,1,0,0,0,0,0,2,0,7,80,0,782,957,5,10,40,1,0,2,0,0
1303607,2,2022,2022,10,0,8,171,31,273,34609,1,0,7,-34.41999,150.896509,80,0,2,0,1,0,0,0,3,0,0,50,0,6545,6545,4,10,27,2,0,0,1,0
1303614,2,2022,2022,10,4,4,191,17,7,189,0,1,1,-32.63188,151.176182,64,1,0,0,3,0,3,4,2,0,7,100,2,1259,5151,8,8,40,1,0,0,1,1
1303615,1,2022,2022,10,5,9,77,31,445,563,0,1,9,-33.878235,151.041089,21,0,2,1,3,0,0,0,0,3,7,80,2,14295,14295,3,5,5,2,0,0,0,1
1303618,2,2022,2022,10,4,6,296,27,187,293,0,1,2,-33.878034,150.980056,15,0,2,1,1,0,3,3,2,0,7,70,2,14295,14295,3,10,13,3,0,0,2,0
1303619,2,2022,2022,11,2,7,13,27,135,34609,0,1,1,-35.248253,149.784206,58,1,0,0,0,2,0,0,2,0,7,100,0,2585,4009,8,0,40,1,0,0,1,2
1303624,1,2022,2022,10,6,11,1104,14,323,962,0,1,3,-33.798197,150.854284,7,0,2,1,3,0,0,0,0,0,7,100,2,14295,14295,3,16,36,2,0,0,0,1
1303625,1,2022,2022,10,6,6,98,27,294,799,0,1,10,-33.92881,150.96228,41,0,2,1,3,0,0,0,2,3,7,70,2,14295,14295,3,5,5,2,0,0,0,1
1303628,2,2022,2022,10,1,10,17,27,8,17,0,1,1,-35.22728,148.192382,66,1,0,1,3,0,3,3,0,0,7,100,2,4026,4026,8,30,40,1,0,0,1,0
1303629,2,2022,2022,1,5,4,99,31,237,105,0,1,10,-33.876606,150.943161,24,0,2,1,3,0,0,0,2,0,15,60,1,926,926,4,5,5,2,0,0,1,0
1303631,2,2022,2022,1,1,9,2261,17,41,2252,0,1,2,-35.05574,148.095109,20,1,0,0,0,0,3,4,0,0,7,110,2,1259,5151,8,8,40,2,0,0,1,0
1303632,2,2022,2022,5,6,8,500,27,129,799,0,1,9,-33.926181,151.084262,15,0,2,1,1,0,3,0,2,0,0,60,2,2852,2852,4,10,19,2,0,0,1,0
1303633,4,2022,2022,1,6,7,169,31,22,34609,0,1,1,-31.894512,152.510899,43,2,1,1,0,0,0,0,2,0,7,50,0,238,238,9,10,28,2,0,1,0,0
1303634,4,2022,2022,11,2,0,38,27,53,38,0,1,1,-33.384858,151.446687,16,2,2,0,2,0,3,4,0,0,7,70,1,4552,5151,8,10,40,1,0,1,0,0
1303635,1,2022,2022,1,2,4,162,31,83,13,0,1,7,-33.90531,151.118471,15,0,2,1,1,0,0,0,2,0,0,50,1,926,926,4,16,0,2,0,0,0,1
1303638,2,2022,2022,1,0,9,57,36,112,769,0,1,10,-33.611258,150.810962,29,2,2,1,2,0,0,0,0,0,0,60,2,6545,6545,4,30,5,2,0,0,2,0
1303639,4,2022,2022,1,4,9,37,1,64,34609,0,1,10,-33.699677,150.745109,55,0,2,1,0,0,0,0,0,0,0,70,0,6545,6545,4,5,5,2,0,2,1,0
1303640,2,2022,2022,5,1,8,54,27,646,30,0,1,9,-33.914661,151.038681,15,0,2,1,1,0,0,0,2,2,9,60,1,214,214,9,0,28,2,0,0,1,0
1303641,4,2022,2022,1,2,11,8,27,54,34609,0,1,1,-33.622357,150.861395,29,2,2,1,0,0,0,3,0,0,7,70,0,4026,4026,8,5,40,1,0,1,0,0
1303642,4,2022,2022,5,2,9,82,31,39,34609,0,1,2,-31.067547,152.82812,34,2,1,1,2,0,0,0,0,0,7,50,0,4026,4026,8,0,40,1,0,1,0,0
1303643,4,2022,2022,1,1,5,127,31,20,34609,0,1,1,-30.217512,149.448172,51,2,1,1,1,0,0,0,2,0,7,50,0,1945,1945,5,5,40,1,0,1,0,0
1303647,4,2022,2022,11,0,4,50,27,169,382,0,1,1,-33.776647,150.839906,7,0,2,1,1,0,3,4,2,0,7,60,2,14295,14295,3,16,0,2,0,1,0,0
1303649,4,2022,2022,11,2,11,72,14,169,71,0,1,3,-33.897658,151.215746,69,0,2,1,0,0,3,4,0,0,7,80,2,4026,4026,8,5,40,2,0,1,0,0
1303650,4,2022,2022,1,2,0,13,31,16,34609,0,1,9,-30.384923,150.611668,70,2,1,1,0,0,0,6,0,0,7,50,0,18,18,2,10,0,2,0,1,1,0
1303651,2,2022,2022,5,0,11,2209,17,23,2205,0,1,2,-34.615534,150.837674,62,0,2,1,0,0,0,0,0,0,7,100,2,3775,3775,0,5,13,2,0,0,1,0
1303652,2,2022,2022,11,6,8,11,1,73,13,0,1,1,-33.752905,150.792482,7,0,2,1,2,0,3,4,0,0,7,50,1,9859,9859,8,30,40,1,0,0,1,0
1303653,4,2022,2022,10,2,5,72,31,44,62,0,1,9,-33.947282,151.150038,4,0,2,1,0,0,0,0,2,0,0,60,1,1669,1669,3,16,5,2,0,1,0,0
1303654,4,2022,2022,1,6,6,1,25,363,34609,0,1,9,-33.812719,151.005696,54,0,2,1,1,0,0,0,2,0,7,40,0,2040,2040,9,0,28,2,0,1,0,0
1303656,4,2022,2022,1,3,8,220,27,104,222,0,1,2,-33.731957,150.94282,7,0,2,1,0,0,0,0,2,0,7,80,2,2040,2040,9,30,28,2,0,1,0,0
1303659,4,2022,2022,10,4,5,92,27,11,36,0,1,1,-35.72389,150.193155,23,2,1,1,0,0,0,0,2,0,7,60,1,1981,1981,4,5,19,2,0,1,0,0
1303667,4,2022,2022,1,4,9,112,17,27,112,0,1,1,-31.598452,143.078433,51,1,0,1,0,0,3,0,3,0,7,110,2,945,945,5,5,40,1,0,1,1,0
1303669,2,2022,2022,11,4,4,1104,14,460,962,0,1,3,-33.824607,150.988989,54,0,2,1,1,0,3,4,2,0,7,90,2,14295,14295,3,5,0,3,0,0,1,0
1303670,2,2022,2022,10,4,11,76,31,2,12,0,1,1,-29.855111,153.264272,18,2,1,1,2,0,0,0,0,0,7,60,1,9859,9859,8,10,40,1,0,0,1,0
1303676,2,2022,2022,5,3,5,105,17,251,136,0,1,9,-33.770991,150.938777,7,0,2,1,1,0,0,0,2,2,9,60,2,5929,5929,1,10,5,2,0,0,2,0
1303679,2,2022,2022,10,5,6,16,27,20,34609,0,1,1,-32.954326,151.561846,37,0,2,1,0,0,0,0,2,0,7,90,0,4026,4026,8,0,40,1,0,0,1,0
1303681,4,2022,2022,10,3,5,255,27,71,166,0,1,1,-33.26263,151.524875,16,2,2,1,1,0,0,0,2,0,7,50,2,14295,14295,3,16,5,2,0,1,0,0
1303683,4,2022,2022,11,2,6,27,27,6,34609,0,1,1,-31.894031,152.272969,43,1,0,0,0,0,0,0,2,0,7,100,0,1850,1463,5,16,40,1,0,1,0,0
1303684,4,2022,2022,1,4,7,79,27,188,159,0,1,9,-33.936021,151.111731,15,0,2,1,1,0,0,0,2,2,7,60,2,2852,2852,4,8,19,2,0,1,0,0
1303686,4,2022,2022,10,1,6,1,27,2,34609,0,1,1,-28.963493,149.265253,51,1,0,1,0,2,0,0,2,0,7,100,0,14295,14295,3,10,2,2,0,1,0,1
1303688,2,2022,2022,11,4,8,2261,17,26,2252,0,1,3,-34.107844,150.761472,13,0,2,1,0,0,0,0,3,0,7,110,2,3775,3775,0,0,25,2,0,0,1,0
1303691,2,2022,2022,10,4,10,1,1,67,34609,0,1,10,-33.639927,150.904114,71,0,2,1,2,0,3,4,0,0,7,50,0,9859,9859,8,0,40,1,0,0,1,0
1303692,2,2022,2022,1,0,9,916,17,4,917,0,1,1,-31.223058,150.916836,70,1,0,1,0,0,3,4,0,0,7,100,2,945,945,5,5,40,1,0,0,1,0
1303695,2,2022,2022,11,4,10,2209,17,64,2205,0,1,10,-34.383529,150.900309,80,0,2,1,2,0,0,0,0,2,7,80,2,5929,5929,1,5,25,2,0,0,2,2
1303699,2,2022,2022,10,2,7,11,1,120,34609,0,1,1,-32.188324,152.516579,43,2,1,1,1,0,0,0,2,0,7,50,0,1282,1282,1,16,40,1,0,0,1,0
1303700,2,2022,2022,11,5,0,13,22,62,34609,0,1,1,-34.081326,150.812079,13,0,2,1,2,0,0,0,0,0,7,60,0,475,475,5,5,40,1,0,0,1,0
1303702,2,2022,2022,10,1,1,7,31,438,34609,1,0,1,-33.857137,151.031945,21,0,2,1,2,0,0,0,0,0,7,50,0,9859,9859,1,5,5,4,0,0,1,0
1303708,4,2022,2022,11,5,8,35,27,32,34,0,1,1,-30.204485,151.65006,1,1,0,0,0,0,0,0,2,0,7,100,1,3775,3775,0,10,36,2,0,1,1,0
1303709,2,2022,2022,11,1,7,191,27,309,208,0,1,9,-33.813698,151.105975,61,0,2,1,1,0,0,0,2,2,7,60,2,5929,5929,1,5,18,2,0,0,1,0
1303713,4,2022,2022,11,4,9,43,31,136,117,0,1,9,-32.917202,151.703458,48,0,2,1,2,0,3,4,0,2,7,60,2,14295,14295,3,30,36,2,0,1,1,2
1303716,2,2022,2022,11,5,8,154,27,293,244,0,1,9,-33.926932,151.05165,15,0,2,1,1,0,0,0,3,0,7,60,2,5929,5929,1,0,19,2,0,0,1,0
1303718,2,2022,2022,1,1,6,58,31,77,34609,0,1,1,-33.921509,151.168997,32,0,2,1,0,0,3,0,2,0,7,50,0,368,368,9,8,28,2,0,0,1,1
1303719,4,2022,2022,1,6,7,150,27,197,415,0,1,10,-33.797721,151.114963,61,0,2,0,1,0,0,0,2,2,7,70,2,5929,5929,1,5,5,2,0,1,0,0
1303720,2,2022,2022,10,1,7,37,31,273,87,0,1,7,-34.436055,150.89765,80,0,2,1,3,0,3,4,2,0,0,60,2,6545,6545,4,0,5,2,0,0,1,0
1303722,4,2022,2022,10,1,11,7,27,61,34609,0,1,1,-33.829496,150.663183,55,0,2,0,3,0,3,3,0,0,7,60,0,4552,5151,8,5,40,1,0,1,0,0
1303724,2,2022,2022,10,4,10,171,1,80,104,0,1,10,-33.940619,151.215482,4,0,2,1,3,0,0,0,0,2,7,70,2,3775,3775,0,30,0,2,0,0,1,0
1303726,1,2022,2022,10,4,10,344,27,168,382,0,1,10,-33.70701,150.838952,7,0,2,1,3,0,0,0,0,2,7,80,2,14295,14295,3,10,25,2,0,0,0,1
1303732,1,2022,2022,10,6,4,55,27,151,160,0,1,1,-34.044042,150.841113,13,0,2,1,3,0,0,0,2,0,7,60,2,1282,1282,1,5,25,2,0,0,0,1
1303733,1,2022,2022,11,5,9,35,27,193,33,0,1,9,-33.782341,151.097873,61,0,2,1,3,0,0,0,0,0,15,60,1,1945,1945,5,16,40,1,0,0,0,1
1303734,4,2022,2022,10,5,7,35,31,147,34609,0,1,10,-33.869881,150.989944,15,0,2,1,3,0,0,3,2,0,0,50,0,6545,6545,4,10,5,2,0,1,0,0
1303745,1,2022,2022,10,4,8,2261,17,243,2252,0,1,9,-33.957835,150.887124,41,0,2,1,2,0,0,0,2,2,7,70,2,14295,14295,3,5,0,2,0,0,0,1
1303749,1,2022,2022,11,6,8,21,31,65,18,0,1,2,-32.92659,151.782779,48,0,2,1,3,0,0,0,3,0,7,50,2,1192,1192,1,32,0,3,0,0,0,1
1303752,1,2022,2022,10,5,7,2126,17,140,2149,0,1,10,-33.78893,150.854357,7,0,2,1,1,0,0,0,2,2,7,80,2,395,395,1,30,0,2,0,0,0,1
1303753,1,2022,2022,10,4,9,478,17,96,480,0,1,9,-33.437762,151.37373,16,2,2,1,2,0,3,4,3,2,7,70,2,1850,985,5,15,40,1,0,0,0,1
1303755,2,2022,2022,11,4,6,22,10,108,57,0,1,2,-28.852746,153.555951,2,2,1,1,1,0,0,0,2,0,7,60,1,14295,14295,3,0,13,3,0,0,2,0
1303758,4,2022,2022,1,2,4,32,27,78,28,0,1,1,-33.906652,150.787799,41,0,2,1,1,0,0,0,2,0,7,70,1,4026,4026,8,10,40,1,0,1,0,0
1303760,2,2022,2022,10,5,8,2,31,91,34609,0,1,9,-32.799878,151.656795,48,0,2,1,0,0,0,0,2,0,7,50,0,256,256,4,5,27,2,0,0,1,0
1303761,4,2022,2022,10,0,6,283,27,145,702,1,0,9,-33.925807,151.070222,15,0,2,1,1,0,0,0,2,0,7,60,2,5929,5929,1,5,19,2,0,1,1,0
1303762,1,2022,2022,10,3,0,29,31,44,34609,0,1,9,-30.707439,152.920812,47,2,1,1,2,0,3,4,0,2,7,50,0,4552,985,8,5,40,1,0,0,0,1
1303765,1,2022,2022,10,2,8,5,27,12,18,0,1,9,-35.914871,145.718457,51,1,0,1,0,0,0,0,2,0,0,100,1,489,489,5,29,40,1,0,0,0,1
1303766,4,2022,2022,10,5,6,1,31,323,34609,0,1,1,-33.814149,150.843883,7,0,2,1,1,0,0,0,2,0,7,50,0,5929,5929,1,10,19,2,0,1,0,1
1303769,4,2022,2022,5,6,10,33,18,9,8,0,1,1,-28.787513,153.537522,2,2,1,1,0,0,0,0,0,0,7,80,1,9859,9859,8,10,40,1,0,1,0,0
1303773,1,2022,2022,10,5,3,916,17,20,917,0,1,1,-31.031173,151.064698,70,1,0,1,0,0,0,0,1,0,7,100,2,9859,9859,8,10,40,1,0,0,0,1
1303781,4,2022,2022,11,0,7,37,27,19,52,0,1,1,-33.902117,150.61025,79,2,2,1,0,0,3,4,2,0,7,60,1,9859,9859,1,0,10,2,0,1,1,1
1303782,2,2022,2022,11,6,3,387,27,115,331,0,1,9,-33.958137,151.069223,25,0,2,1,0,0,0,0,2,2,7,60,2,5929,5929,1,5,0,2,0,0,1,0
1303783,2,2022,2022,10,4,5,9,27,115,140,0,1,10,-33.919644,151.178401,69,0,2,1,1,0,3,4,2,2,7,60,2,9859,9859,8,8,40,4,0,0,2,0
1303788,4,2022,2022,11,1,4,3371,17,58,3342,0,1,9,-33.754748,151.152259,36,0,2,1,1,0,0,0,2,1,7,60,2,5929,5929,1,5,0,2,0,1,0,0
1303790,2,2022,2022,11,1,4,11,27,9,118,0,1,1,-30.101224,150.603981,51,1,0,1,0,0,0,0,2,0,7,100,2,14295,14295,3,16,19,2,0,0,2,0
1303791,4,2022,2022,10,5,3,829,27,123,770,0,1,9,-33.812514,151.061367,54,0,2,1,1,0,0,0,2,0,7,70,2,9859,9859,8,9,40,1,0,1,0,0
1303793,2,2022,2022,5,6,2,2261,17,38,2252,0,1,3,-34.121,150.755399,79,1,2,1,3,0,3,3,0,0,7,110,2,14295,14295,3,10,0,2,0,0,1,0
1303794,4,2022,2022,5,3,8,27,36,9,34609,0,1,9,-29.738389,152.982567,18,1,0,1,0,0,0,0,3,0,0,100,0,775,775,4,5,5,2,0,1,1,0
1303795,2,2022,2022,1,2,8,191,27,309,208,0,1,10,-33.812995,151.105006,61,0,2,1,1,0,0,3,3,2,7,60,2,14295,14295,3,0,0,3,0,0,1,0
1303798,2,2022,2022,5,3,4,35,31,90,262,0,1,10,-32.919682,151.747786,48,0,2,1,1,0,0,0,2,2,7,60,2,6545,6545,4,0,0,2,0,0,2,0
1303799,1,2022,2022,11,4,9,361,32,111,65,0,1,1,-33.697042,150.870473,7,0,2,1,2,0,0,0,3,2,9,50,1,14295,14295,3,5,0,3,0,0,0,1
1303802,2,2022,2022,1,3,9,65,31,609,115,0,1,1,-33.774659,150.902207,7,0,2,1,2,0,0,0,3,0,7,60,2,1981,1981,4,5,5,2,0,0,1,0
1303809,2,2022,2022,11,3,4,111,27,57,233,0,1,9,-33.950488,151.23144,4,0,2,1,1,0,0,0,2,2,7,60,2,387,387,1,22,5,2,0,0,2,0
1303824,1,2022,2022,10,5,7,48,10,463,32,0,1,7,-30.302897,153.123934,19,2,1,1,3,0,0,3,2,0,0,50,1,14295,14295,3,0,5,2,0,0,0,1
1303825,4,2022,2022,5,5,9,1,18,2,34609,0,1,1,-30.105279,149.315117,51,1,0,0,0,0,0,3,0,0,7,100,0,2585,4009,8,10,40,1,0,1,0,0
1303835,2,2022,2022,10,2,8,6,31,189,34609,0,1,1,-33.948718,151.056456,15,0,2,1,1,0,0,0,2,0,7,50,0,14295,14295,3,5,0,2,0,0,1,0
1303836,2,2022,2022,10,6,11,2,27,13,34609,0,1,1,-34.754067,150.460306,63,1,0,0,0,0,3,0,0,0,7,100,0,1089,1089,7,10,40,1,0,0,1,0
1303840,4,2022,2022,5,2,3,23,31,163,74,1,0,2,-33.863639,151.110248,14,0,2,0,2,0,3,4,1,0,7,50,1,1259,5151,8,10,40,1,0,1,0,0
1303841,2,2022,2022,10,3,1,1104,14,149,962,0,1,6,-33.816688,150.964332,21,0,2,1,2,0,0,0,0,0,7,90,2,14295,14295,3,10,12,2,0,0,2,0
1303848,2,2022,2022,10,2,0,154,27,136,244,0,1,1,-33.915538,151.067663,15,0,2,1,3,0,0,0,0,0,7,60,2,9859,9859,1,0,25,2,0,0,1,0
1303853,1,2022,2022,6,6,3,19,31,224,34609,1,0,1,-33.833456,151.240277,45,0,2,1,3,0,0,0,1,0,9,50,0,2040,2040,9,33,28,2,0,0,0,1
1303859,1,2022,2022,10,0,8,2209,17,204,2205,0,1,9,-33.94387,151.142458,4,0,2,0,3,0,0,0,2,0,0,60,2,623,623,3,10,0,2,0,0,0,1
1303860,2,2022,2022,9,0,4,346,17,87,332,0,1,7,-28.810868,153.302247,39,2,1,0,3,0,0,0,2,0,0,60,2,6545,6545,4,5,5,2,0,0,2,0
1303864,2,2022,2022,10,5,2,196,10,32,168,0,1,2,-33.929113,150.980414,15,0,2,0,3,0,0,0,0,0,7,60,2,14295,14295,3,0,13,2,0,0,1,0
1303865,1,2022,2022,10,0,6,6,27,130,34609,0,1,1,-33.868675,151.197645,69,0,2,0,1,0,0,3,2,0,7,40,0,941,941,1,0,5,2,0,0,0,1
1303868,1,2022,2022,10,4,8,149,10,346,702,0,1,2,-33.874912,151.066977,67,0,2,0,3,0,0,0,2,0,7,80,2,14295,14295,3,10,5,2,0,0,0,1
1303869,1,2022,2022,10,0,6,49,27,201,47,0,1,7,-33.988964,150.867828,13,0,2,1,3,0,0,0,2,0,0,60,1,5929,5929,1,5,5,2,0,0,0,1
1303872,4,2022,2022,5,3,7,2,27,35,34609,0,1,1,-32.104769,152.355136,43,2,1,0,0,2,0,0,2,0,7,60,0,1259,5151,8,16,40,1,0,1,0,0
1303873,2,2022,2022,10,1,5,69,18,218,34609,0,1,9,-33.769109,150.774231,55,0,2,1,0,0,3,4,2,0,7,40,0,1109,787,1,5,5,2,0,0,1,0
1303875,1,2022,2022,6,4,2,163,27,63,165,0,1,9,-33.73541,150.799541,7,0,2,1,2,0,0,0,1,2,7,60,1,5929,5929,1,10,5,2,0,0,0,1
1303878,2,2022,2022,5,5,9,5,31,100,34609,0,1,1,-33.810919,151.174635,38,0,2,1,2,0,0,0,3,0,7,50,0,9859,9859,1,5,5,2,0,0,1,0
1303882,4,2022,2022,10,3,9,346,17,106,332,0,1,10,-28.858792,153.049273,60,2,1,1,1,0,0,0,2,0,0,50,2,6545,6545,4,5,0,2,0,1,1,0
1303884,2,2022,2022,11,3,6,43,1,32,144,0,1,2,-33.756467,150.819957,7,0,2,1,0,0,0,0,2,0,7,60,2,186,186,9,33,28,2,0,0,1,0
1303889,2,2022,2022,11,4,6,35,31,532,34609,0,1,2,-33.876943,151.211871,69,0,2,1,1,0,0,0,2,0,7,40,0,9859,9859,1,22,5,2,0,0,1,0
1303890,1,2022,2022,1,0,8,59,27,271,42,1,0,10,-33.94524,151.018036,15,0,2,1,2,0,0,0,0,2,7,60,1,14295,14295,3,33,40,2,0,0,0,1
1303892,2,2022,2022,1,6,4,916,17,25,917,0,1,1,-30.797678,151.264062,70,1,0,1,0,0,0,3,2,0,7,100,2,83,83,5,5,40,1,0,0,2,0
1303897,2,2022,2022,10,0,10,1,10,6,34609,0,1,1,-33.509624,150.050702,40,2,1,0,0,0,0,0,0,0,7,50,0,1850,1463,5,16,40,1,0,0,1,0
1303898,1,2022,2022,5,0,5,9,27,72,34609,0,1,10,-33.827375,151.22027,49,0,2,1,0,0,3,0,2,0,15,50,0,6545,6545,4,15,5,2,0,0,0,1
1303905,2,2022,2022,11,2,0,29,27,70,34609,0,1,1,-33.905939,150.988736,15,0,2,1,2,0,3,4,0,0,7,40,0,3775,3775,0,5,5,2,0,0,1,0
1303906,2,2022,2022,11,4,2,1052,14,149,928,0,1,3,-33.361957,151.334173,16,1,2,0,0,0,3,4,0,0,7,110,2,4552,5151,8,5,40,2,0,0,2,0
1303909,4,2022,2022,10,4,8,22,27,14,26,0,1,1,-34.975726,147.333849,75,1,0,1,0,0,0,0,2,0,7,100,1,9859,9859,8,5,40,1,0,1,0,0
1303916,4,2022,2022,10,5,0,191,17,32,189,0,1,1,-32.130034,150.271179,73,1,0,0,0,0,0,0,0,0,7,100,2,1957,4009,8,5,40,1,0,1,0,0
1303917,1,2022,2022,0,6,5,512,17,7,441,0,1,1,-32.603444,148.949944,22,1,0,1,0,0,0,0,2,0,7,100,2,57,57,1,5,41,2,0,0,0,1
1303919,4,2022,2022,9,5,4,2,31,445,34609,0,1,9,-33.861869,151.040912,21,0,2,1,1,0,0,0,2,0,7,50,0,9859,9859,1,17,19,2,0,1,0,0
1303920,4,2022,2022,1,6,7,41,27,5,69,0,1,1,-34.409325,149.815854,74,2,1,0,0,0,0,0,2,0,7,50,1,1259,5151,8,0,40,1,0,2,0,0
1303921,4,2022,2022,10,3,4,9,27,1,34609,0,1,1,-31.919505,152.566079,43,1,0,0,0,0,0,0,2,0,7,90,0,4552,5151,8,0,40,1,0,1,0,0
1303925,4,2022,2022,5,3,3,11,1,111,34609,0,1,1,-33.702018,150.887399,7,0,2,1,1,0,0,0,1,0,7,50,0,9859,9859,1,5,5,2,0,1,0,0
1303927,2,2022,2022,10,4,4,61,10,160,34609,0,1,1,-33.095028,151.471442,37,0,2,0,0,0,0,0,2,0,7,60,0,1957,4009,8,5,40,1,0,0,1,0
1303928,4,2022,2022,10,1,8,3371,17,100,3342,0,1,9,-33.809749,151.177867,38,0,2,0,0,0,0,0,3,2,7,60,2,5929,5929,1,5,5,2,0,1,0,0
1303929,1,2022,2022,10,5,6,1104,14,445,962,0,1,3,-33.843834,151.045845,21,0,2,1,0,0,0,0,2,0,7,90,2,1192,1192,1,33,5,2,0,0,0,1
1303930,2,2022,2022,10,1,4,143,31,175,34609,0,1,1,-33.772311,151.082516,54,0,2,1,0,0,3,4,2,0,7,50,0,2040,2040,9,5,28,2,0,0,1,0
1303931,2,2022,2022,10,6,7,171,23,99,34609,0,1,9,-33.891286,151.273981,76,0,2,1,1,0,0,0,2,2,7,40,0,1259,985,8,16,40,1,0,0,1,0
1303932,4,2022,2022,10,0,10,3,31,363,34609,0,1,7,-33.761626,150.706761,55,0,2,1,2,0,0,0,0,0,0,50,0,6545,6545,4,0,27,2,0,1,0,0
1303933,4,2022,2022,10,2,9,344,27,168,382,0,1,10,-33.723981,150.844287,7,0,2,1,2,0,3,4,2,2,7,80,2,14295,14295,3,5,5,3,0,2,0,0
1303937,2,2022,2022,10,0,6,2126,17,179,2149,0,1,9,-33.757919,150.716456,55,0,2,1,0,0,0,0,2,0,7,60,2,9859,9859,1,5,5,4,0,0,3,0
1303939,4,2022,2022,10,1,8,2,31,22,34609,0,1,1,-31.347916,150.650317,51,2,1,1,1,0,0,0,2,0,7,50,0,9859,9859,1,5,5,2,0,1,0,0
1303941,2,2022,2022,1,6,7,79,10,43,231,0,1,1,-33.437648,151.323096,16,2,2,1,0,0,0,0,2,0,7,60,2,14295,14295,3,10,41,3,0,0,1,0
1303943,2,2022,2022,10,1,6,2261,17,59,2252,0,1,3,-33.982481,150.862287,13,0,2,1,1,0,0,0,2,0,7,110,2,1945,1945,5,5,40,1,0,0,1,0
1303944,2,2022,2022,10,2,3,2261,17,44,2252,0,1,2,-35.333224,147.646127,75,1,0,1,0,0,3,4,2,0,7,110,2,4026,4026,8,3,40,1,0,0,1,0
1303945,1,2022,2022,1,5,5,30,27,133,34609,0,1,9,-33.931889,151.019943,15,0,2,1,1,0,0,0,2,0,7,50,0,775,775,4,5,13,2,0,0,0,1
1303946,2,2022,2022,9,6,4,916,17,165,917,0,1,1,-32.268462,150.887089,46,2,1,1,1,0,0,0,2,0,7,50,2,5929,5929,1,10,5,2,0,0,1,0
1303951,4,2022,2022,10,2,9,22,31,309,208,0,1,2,-33.812576,151.105202,61,0,2,1,1,0,0,0,2,0,7,60,2,14295,14295,3,16,5,3,0,1,0,0
1303953,1,2022,2022,10,2,7,16,27,32,168,0,1,9,-33.926956,150.979565,15,0,2,1,1,0,3,0,2,2,7,60,2,14295,14295,3,5,5,3,0,0,0,1
1303958,2,2022,2022,11,0,5,109,27,169,34609,0,1,1,-33.776858,150.847901,7,0,2,1,1,0,0,3,2,0,7,50,0,190,190,1,5,5,3,0,0,1,0
1303960,2,2022,2022,11,5,0,6,27,52,34609,0,1,9,-33.651328,150.754413,55,0,2,1,0,0,0,0,0,0,7,70,0,489,489,8,30,40,1,0,0,1,0
1303961,2,2022,2022,11,0,2,348,17,5,232,0,1,1,-32.888986,149.813947,44,1,0,0,0,0,0,0,0,0,7,100,2,1957,4009,8,5,40,1,0,0,1,0
1303962,2,2022,2022,11,2,9,6,31,161,34609,0,1,10,-33.884493,151.160456,32,0,2,1,2,0,0,0,0,0,7,50,0,214,214,9,10,28,2,0,0,1,0
1303964,4,2022,2022,11,3,9,6,27,80,34609,0,1,10,-33.752657,150.668506,55,0,2,1,0,0,0,0,0,0,0,50,0,5929,5929,1,0,5,2,0,1,0,0