Crash ID,Degree of crash - detailed,Reporting year,Year of crash,Month of crash,Day of week of crash,Two-hour intervals,Street of crash,Street type,Town,Route no.,School zone location,School zone active,Type of location,Latitude,Longitude,LGA,Urbanisation,Conurbation 1,Alignment,Street lighting,Road surface,Surface condition,Weather,Natural lighting,Signals operation,Other traffic control,Speed limit,Road classification,RUM - code,DCA - code,First impact type,Key TU type,Other TU type,No. of traffic units involved,No. killed,No. seriously injured,No. moderately injured,No. minor-other injured
1303965,1,2022,2022,10,2,7,512,17,562,441,0,1,2,-32.253975,148.606565,22,2,1,1,3,0,0,0,2,0,7,60,2,14295,14295,3,10,40,4,0,0,0,1
1303966,2,2022,2022,1,3,3,334,17,15,308,0,1,1,-30.937291,150.634984,70,2,1,0,1,0,0,0,1,0,7,80,2,2585,4009,8,10,40,1,0,0,1,0
1303967,4,2022,2022,10,5,10,92,27,129,244,0,1,9,-33.894201,151.113074,32,0,2,1,2,0,0,0,0,0,7,60,2,1669,1669,3,0,5,2,0,1,1,0
1303969,2,2022,2022,11,2,11,19,27,128,34609,0,1,9,-33.631377,150.795227,29,2,2,1,2,0,0,0,0,0,7,50,0,4552,985,8,5,40,1,0,0,1,0
1303971,4,2022,2022,11,5,8,475,31,174,41,0,1,0,-33.892702,151.207399,69,0,2,1,1,0,0,0,2,0,7,50,1,340,340,9,9,28,2,0,1,0,0
1303972,4,2022,2022,1,6,3,11,27,29,25,0,1,1,-33.47195,151.43397,16,2,2,0,3,0,0,0,1,0,7,50,1,2585,4009,8,0,40,2,0,1,0,0
1303974,1,2022,2022,10,5,5,3371,17,143,3342,0,1,9,-33.704618,151.098732,31,0,2,1,3,0,3,4,2,2,7,60,2,14295,14295,3,5,0,2,0,0,0,1
1303984,4,2022,2022,1,4,10,9,27,29,13,0,1,1,-32.628425,143.135162,51,1,0,1,0,2,0,0,0,0,7,100,1,1089,1089,7,5,40,1,0,1,0,0
1303985,4,2022,2022,1,5,4,1052,14,118,928,0,1,3,-33.381242,151.29992,16,1,2,0,0,0,0,3,2,0,7,110,2,1850,1463,5,16,40,1,0,1,0,0
1303986,2,2022,2022,11,6,11,34,31,79,44,0,1,9,-33.827649,151.214227,49,0,2,1,2,0,0,0,0,2,7,50,1,5929,5929,1,0,5,2,0,0,1,0
1303992,2,2022,2022,10,0,7,57,1,65,34609,0,1,1,-34.487432,150.884659,80,0,2,0,0,0,0,0,2,0,7,50,0,3775,3775,0,5,13,2,0,0,1,0
1303994,4,2022,2022,1,5,7,293,31,532,55,0,1,10,-33.863272,151.212887,69,0,2,1,1,0,0,0,2,2,7,40,1,5929,5929,1,5,19,2,0,1,0,0
1303996,2,2022,2022,1,1,7,2209,17,10,2205,0,1,1,-35.227016,150.435356,63,1,0,1,0,0,0,0,2,0,7,100,2,1945,1945,5,16,40,1,0,0,1,0
1303998,4,2022,2022,10,1,8,224,27,26,321,0,1,1,-33.912022,151.201714,69,0,2,1,1,0,0,0,3,0,7,50,2,14295,14295,3,16,0,2,0,1,0,0
1304006,2,2022,2022,11,3,10,195,27,49,186,0,1,2,-33.906217,150.854917,41,0,2,1,2,0,0,0,0,0,7,70,2,14295,14295,3,5,0,3,0,0,3,0
1304011,1,2022,2022,10,3,5,7,27,144,34609,0,1,9,-34.051402,151.01066,68,0,2,1,3,0,3,4,2,0,0,50,0,1669,1669,3,5,5,3,0,0,0,2
1304013,2,2022,2022,11,3,6,26,31,65,19,0,1,9,-33.804588,150.957876,21,0,2,1,1,0,0,0,2,2,7,50,1,3775,3775,0,5,5,3,0,0,1,0
1304018,2,2022,2022,11,1,7,10,27,74,34609,1,2,1,-33.747231,150.827695,7,0,2,1,0,0,0,0,2,0,7,40,0,9859,9859,8,5,40,1,0,0,1,0
1304019,4,2022,2022,11,6,10,26,27,118,34609,0,1,1,-33.362216,151.30212,16,2,2,0,0,0,0,0,0,0,7,80,0,782,957,5,5,40,1,0,1,0,0
1304021,4,2022,2022,1,0,10,10,31,112,34609,0,1,10,-33.90586,151.204107,69,0,2,1,2,0,3,3,0,0,7,50,0,323,323,1,16,5,2,0,2,1,0
1304022,4,2022,2022,10,1,6,30,31,78,34609,0,1,1,-33.853716,151.008049,21,0,2,1,1,0,0,0,2,0,7,50,0,14295,14295,3,0,0,2,0,1,0,0
1304027,4,2022,2022,11,3,6,348,27,169,100,0,1,10,-33.602005,150.733855,29,2,2,1,0,0,0,0,2,0,15,60,2,6545,6545,4,5,13,2,0,1,0,0
1304028,1,2022,2022,11,5,8,2261,17,31,2252,1,0,10,-33.887657,151.101645,9,0,2,1,0,0,0,0,2,2,9,60,2,2040,2040,9,10,28,2,0,0,0,1
1304029,2,2022,2022,11,4,3,481,17,14,483,0,1,1,-30.67193,149.548778,51,1,0,1,0,0,0,0,2,0,7,110,2,3775,3775,0,10,5,2,0,0,2,0
1304030,1,2022,2022,6,5,9,97,27,166,799,0,1,10,-33.929664,150.980263,15,0,2,1,3,0,0,0,0,2,7,70,2,14295,14295,3,5,0,2,0,0,0,1
1304031,2,2022,2022,10,4,7,19,27,160,34609,0,1,1,-33.11008,151.503451,37,0,2,0,3,0,3,4,2,0,7,70,0,1850,1463,5,15,40,1,0,0,1,0
1304034,1,2022,2022,10,2,5,68,27,175,208,0,1,10,-33.773866,151.083113,54,0,2,1,3,0,0,0,2,2,7,60,2,14295,14295,3,0,41,2,0,0,0,1
1304035,4,2022,2022,10,2,11,48,10,135,58,0,1,2,-32.888236,151.738232,48,0,2,0,2,0,3,4,0,0,7,80,2,1957,4009,8,5,40,1,0,1,0,0
1304036,4,2022,2022,11,2,8,1,27,18,34609,0,1,1,-35.571505,150.15921,23,1,0,0,0,2,0,0,2,0,7,100,0,3775,3775,0,16,13,2,0,1,0,0
1304037,1,2022,2022,0,2,11,1,27,13,34609,0,1,1,-29.143829,153.276306,60,1,0,1,3,0,0,0,0,0,7,100,0,1945,1945,5,5,40,1,0,0,0,1
1304040,4,2022,2022,11,1,10,97,31,460,92,0,1,9,-33.830226,150.993227,21,0,2,1,2,0,0,0,0,0,0,60,1,5929,5929,1,0,5,2,0,1,0,0
1304042,2,2022,2022,1,5,9,1,1,433,34609,0,1,9,-33.26555,149.090658,52,2,1,1,0,0,3,3,0,0,7,50,0,1957,777,8,5,40,1,0,0,3,0
1304044,2,2022,2022,1,5,3,4,9,54,34609,0,1,10,-28.519408,153.544738,10,2,1,1,1,0,0,0,2,0,0,50,0,5929,5929,1,0,19,2,0,0,2,0
1304045,4,2022,2022,11,6,11,103,27,149,167,0,1,2,-34.003111,151.127089,4,0,2,0,2,0,0,0,0,0,7,70,2,3775,3775,0,5,36,2,0,1,1,1
1304047,2,2022,2022,11,2,7,46,27,104,262,0,1,9,-32.910312,151.716924,48,0,2,1,1,0,0,0,2,2,7,60,2,14295,14295,3,5,5,2,0,0,1,0
1304048,1,2022,2022,1,1,1,71,17,43,71,0,1,9,-36.106332,144.751829,51,2,1,1,3,0,3,0,0,2,7,50,2,9859,9859,8,10,40,1,0,0,0,3
1304049,4,2022,2022,1,0,10,111,27,80,233,0,1,10,-33.937285,151.229645,59,0,2,0,2,0,0,0,0,0,6,60,2,5929,5929,1,5,18,2,0,1,0,0
1304052,2,2022,2022,10,1,0,21,27,38,34609,0,1,1,-32.770095,151.945033,57,2,1,1,2,0,0,0,0,0,7,80,0,9859,9859,8,10,40,1,0,0,1,0
1304054,4,2022,2022,1,4,7,37,31,290,34609,0,1,9,-33.853985,150.985962,21,0,2,1,1,0,0,3,2,0,7,40,0,2040,2040,9,10,28,2,0,1,0,0
1304055,2,2022,2022,1,0,10,18,31,201,34609,0,1,10,-34.878624,150.602205,63,2,1,1,2,0,3,3,0,2,7,50,0,5929,5929,1,5,41,2,0,0,1,0
1304059,2,2022,2022,10,2,9,2126,17,19,2149,0,1,2,-33.430648,150.108886,40,1,0,0,0,0,3,4,2,0,7,100,2,1957,4009,8,34,40,2,0,0,1,1
1304060,2,2022,2022,11,1,5,84,27,169,769,0,1,1,-33.58972,150.73183,29,2,2,1,1,0,0,0,2,0,7,80,2,14295,14295,3,5,5,2,0,0,1,1
1304061,4,2022,2022,1,3,4,98,31,80,34609,0,1,1,-33.940219,151.213022,4,0,2,1,0,0,2,6,2,0,7,40,0,9859,9859,1,15,0,2,0,1,0,0
1304062,4,2022,2022,11,6,5,32,27,52,88,1,0,1,-33.644685,150.735815,55,0,2,1,1,0,0,0,2,0,7,60,2,9859,9859,1,0,41,3,0,1,1,0
1304065,1,2022,2022,11,4,7,100,27,323,100,0,1,2,-33.809847,150.8506,7,0,2,1,3,0,0,0,2,0,0,80,2,14295,14295,3,30,5,2,0,0,0,1
1304067,2,2022,2022,10,2,6,3,10,463,34609,0,1,9,-30.278474,153.110828,19,2,1,1,0,0,0,0,2,0,7,50,0,9859,9859,1,0,0,2,0,0,1,0
1304068,1,2022,2022,11,3,6,13,27,22,34609,0,1,1,-36.063589,146.908532,0,2,1,0,0,0,0,0,2,0,7,50,0,2585,4009,8,5,40,1,0,0,0,1
1304070,2,2022,2022,10,4,4,135,17,36,136,0,1,10,-36.084218,146.909745,0,2,1,1,3,0,0,0,2,2,7,60,2,5929,5929,1,5,0,2,0,0,1,0
1304071,4,2022,2022,10,4,8,15,27,363,14,0,1,9,-33.731849,150.706668,55,0,2,0,3,0,0,0,3,0,7,70,1,5929,5929,1,34,0,2,0,1,0,0
1304077,1,2022,2022,10,0,8,115,27,81,114,0,1,10,-33.88802,151.262089,81,0,2,1,3,0,0,0,2,0,15,50,2,14295,14295,3,16,5,2,0,0,0,1
1304084,1,2022,2022,5,0,4,22,1,443,34609,0,1,1,-33.895319,151.054716,15,0,2,1,3,0,0,0,2,0,7,50,0,1981,1981,4,5,5,2,0,0,0,1
1304098,2,2022,2022,10,0,6,29,31,44,34609,0,1,10,-30.713172,152.921542,47,2,1,1,3,0,0,0,2,2,7,50,0,14295,14295,3,0,13,2,0,0,1,0
1304103,2,2022,2022,10,1,4,16,36,17,41,0,1,1,-34.83126,147.419169,51,1,0,0,0,0,0,0,2,0,13,100,1,2585,4009,8,16,40,1,0,0,1,0
1304106,1,2022,2022,10,1,5,330,27,53,605,0,1,10,-33.737288,151.302559,50,0,2,1,1,0,3,4,2,2,7,60,2,2852,2852,4,5,5,2,0,0,0,1
1304107,4,2022,2022,10,4,5,118,18,323,34609,1,0,1,-33.743383,150.979289,71,0,2,0,0,0,3,0,2,0,7,50,0,4552,5151,8,5,40,1,0,1,0,0
1304109,2,2022,2022,11,6,11,1104,14,104,962,0,1,3,-33.785086,150.776366,55,0,2,1,2,0,0,0,0,0,7,100,2,14295,14295,3,5,10,2,0,0,1,1
1304112,2,2022,2022,10,4,3,916,17,66,917,0,1,2,-32.813081,151.660872,48,0,2,0,1,0,3,4,2,0,7,90,2,14295,14295,3,10,13,2,0,0,1,0
1304113,2,2022,2022,10,6,4,14,31,62,34609,0,1,10,-33.74433,150.619926,8,2,2,1,0,0,0,0,2,0,15,50,0,6545,6545,4,33,27,2,0,0,1,0
1304115,1,2022,2022,11,5,4,13,31,127,30,0,1,10,-33.898342,151.155771,32,0,2,1,1,0,0,0,2,0,0,50,1,926,926,4,10,13,4,0,0,0,1
1304116,2,2022,2022,10,6,6,40,31,14,24,0,1,9,-33.957819,151.223697,59,0,2,1,0,0,3,4,2,1,7,60,2,3775,3775,0,0,13,2,0,0,1,0
1304117,4,2022,2022,10,4,1,117,27,73,702,0,1,10,-33.831512,151.088272,14,0,2,0,2,0,0,0,0,2,7,70,2,1259,5151,8,16,40,1,0,1,0,0
1304121,2,2022,2022,11,4,4,2,1,6,34609,0,1,9,-33.485101,151.356078,16,2,2,1,1,0,0,0,2,0,7,50,0,9859,9859,8,0,40,1,0,0,1,0
1304133,1,2022,2022,11,0,8,54,27,134,34609,0,1,2,-33.954882,150.809333,12,0,2,1,3,0,0,0,2,0,7,60,0,14295,14295,3,0,5,2,0,0,0,1
1304138,1,2022,2022,10,2,8,829,27,149,770,0,1,9,-33.866956,151.175378,32,0,2,1,3,0,3,4,2,3,7,60,2,1192,1192,1,5,5,2,0,0,0,2
1304140,1,2022,2022,10,0,8,515,14,38,518,0,1,3,-33.943627,151.071835,15,0,2,1,3,0,0,0,2,0,7,80,2,14295,14295,3,0,5,3,0,0,0,1
1304141,1,2022,2022,10,1,7,2126,17,346,2149,0,1,9,-33.866051,151.092692,14,0,2,1,3,0,0,0,2,0,7,60,2,1391,1391,1,5,0,2,0,0,0,1
1304143,4,2022,2022,1,6,7,64,27,175,284,0,1,9,-33.774362,151.065855,54,0,2,1,0,0,0,0,2,0,7,60,2,9859,9859,8,9,40,2,0,1,0,0
1304145,4,2022,2022,1,1,7,3371,17,11,3342,0,1,2,-31.711169,152.717773,43,1,0,0,0,0,0,0,2,0,7,110,2,2585,4009,8,5,40,1,0,2,0,0
1304146,1,2022,2022,9,5,2,387,27,204,331,0,1,9,-33.939243,151.144708,4,0,2,1,3,0,0,0,1,0,0,60,2,3775,3775,0,5,5,3,0,0,0,1
1304150,1,2022,2022,11,1,10,31,27,70,101,0,1,10,-32.910654,151.7266,48,0,2,1,3,0,0,0,0,2,7,60,2,14295,14295,3,0,0,2,0,0,0,1
1304156,2,2022,2022,10,4,9,195,27,53,186,0,1,2,-33.934929,150.84363,41,0,2,1,3,0,0,0,3,0,7,70,2,14295,14295,3,5,36,2,0,0,1,0
1304161,1,2022,2022,9,5,7,10,27,112,34609,0,1,1,-36.056478,146.927839,0,2,1,1,3,0,3,3,2,0,7,60,0,14295,14295,3,10,5,2,0,0,0,1
1304162,1,2022,2022,9,6,7,3,27,26,34609,0,1,1,-33.773065,150.668335,55,0,2,1,3,0,0,0,2,0,7,50,0,14295,14295,3,0,13,2,0,0,0,1
1304164,2,2022,2022,10,2,4,1,1,13,34609,0,1,1,-32.798443,151.659732,42,2,1,0,1,0,0,0,2,0,7,50,0,2585,4009,1,16,5,2,0,0,1,0
1304165,4,2022,2022,11,1,6,230,27,80,284,0,1,10,-33.812498,151.170914,38,0,2,0,1,0,0,0,2,2,7,60,2,6545,6545,4,0,0,2,0,2,0,0
1304168,2,2022,2022,10,2,5,67,27,165,78,0,1,1,-33.856908,151.145704,14,0,2,1,3,0,0,0,2,0,7,50,2,14295,14295,3,21,5,3,0,0,1,0
1304169,1,2022,2022,10,4,4,283,27,145,702,1,2,10,-33.922868,151.068507,15,0,2,1,3,0,0,0,2,2,7,40,2,623,623,3,5,5,2,0,0,0,1
1304173,4,2022,2022,11,3,6,55,1,167,34609,0,1,10,-33.839867,151.068466,54,0,2,1,1,0,0,0,2,0,7,60,0,5929,5929,1,0,19,2,0,1,0,0
1304174,2,2022,2022,11,2,11,3371,17,108,3342,0,1,9,-33.294735,151.422614,16,2,2,1,2,0,0,0,0,2,7,60,2,5929,5929,1,5,25,3,0,0,1,0
1304175,2,2022,2022,11,2,8,78,31,168,62,0,1,2,-33.706157,150.84444,7,0,2,1,2,0,3,4,3,0,7,70,2,9859,9859,8,0,40,1,0,0,1,0
1304179,1,2022,2022,11,2,9,143,31,173,181,0,1,1,-33.880077,151.21614,69,0,2,1,2,0,3,4,3,0,7,40,2,312,312,2,16,40,1,0,0,0,1
1304183,4,2022,2022,11,1,7,46,36,8,46,0,1,1,-32.623411,148.988113,22,2,1,1,0,0,0,0,2,0,7,80,1,945,945,5,5,40,1,0,1,1,1
1304184,1,2022,2022,1,0,8,866,17,98,793,0,1,9,-33.739043,151.071129,31,0,2,1,1,0,0,0,2,2,7,70,2,2852,2852,4,5,5,2,0,0,0,1
1304187,4,2022,2022,11,0,11,55,36,44,95,0,1,1,-33.076215,147.191271,51,1,0,0,0,0,0,0,0,0,7,100,2,273,957,5,34,40,1,0,1,0,0
1304188,2,2022,2022,11,1,0,194,31,445,18,0,1,2,-33.863634,151.051477,21,0,2,0,2,0,0,0,0,0,7,60,1,4552,5151,8,5,40,1,0,0,1,0
1304189,4,2022,2022,10,1,7,1104,14,223,962,0,1,3,-33.806454,150.92656,7,0,2,1,0,0,0,0,2,0,7,100,2,1383,1383,1,16,5,2,0,1,0,0
1304194,2,2022,2022,1,5,11,82,27,13,34,0,1,1,-28.616341,153.007787,51,2,1,0,2,0,3,4,0,0,7,50,1,1259,5151,8,10,40,1,0,0,1,0
1304197,4,2022,2022,11,2,4,40,27,128,45,0,1,1,-33.426194,151.327432,16,2,2,1,1,0,0,0,2,0,7,60,1,1109,787,1,21,5,2,0,1,0,0
1304199,4,2022,2022,10,5,7,38,27,56,70,0,1,9,-33.751661,150.776481,55,0,2,1,1,0,0,3,2,0,7,60,1,775,775,4,0,13,2,0,1,0,0
1304205,4,2022,2022,10,6,6,26,27,103,34609,0,1,1,-32.94329,151.65117,37,0,2,0,1,0,0,0,2,0,7,60,0,3775,3775,0,5,5,2,0,1,1,0
1304206,2,2022,2022,9,6,6,3371,17,67,3342,0,1,9,-33.395806,151.34612,16,2,2,1,1,0,0,0,2,0,7,60,2,1669,1669,3,5,25,2,0,0,1,0
1304208,2,2022,2022,11,6,5,8,27,54,36,0,1,1,-33.607681,150.874397,29,2,2,1,0,0,0,0,2,0,7,70,1,5929,5929,1,0,19,2,0,0,1,0
1304210,4,2022,2022,1,6,4,177,22,87,176,0,1,2,-34.049716,151.147021,68,0,2,1,0,0,0,0,2,0,7,60,2,1192,1192,1,22,5,2,0,1,0,0
1304214,2,2022,2022,10,4,5,23,1,137,34609,1,0,1,-32.958483,151.681933,37,0,2,1,1,0,3,4,2,0,7,50,0,9859,9859,8,5,40,1,0,0,1,0
1304215,2,2022,2022,10,0,8,107,22,346,144,1,0,9,-33.881376,151.09255,9,0,2,1,1,0,3,4,2,0,0,60,2,2852,2852,4,5,5,2,0,0,1,0
1304218,2,2022,2022,1,2,6,294,17,15,288,0,1,1,-34.495234,145.113775,51,1,0,0,0,0,3,3,2,0,7,110,2,782,957,5,5,40,1,0,0,1,0
1304220,4,2022,2022,10,1,1,5,27,5,34609,0,1,1,-28.698268,153.324507,39,2,1,1,0,0,0,0,0,0,7,80,0,9859,9859,8,5,40,1,0,2,0,0
1304222,4,2022,2022,11,5,7,163,27,41,165,0,1,2,-33.728735,150.817761,7,0,2,1,0,0,3,4,2,0,7,60,1,14295,14295,3,0,0,2,0,1,0,0
1304223,4,2022,2022,11,5,10,149,27,4,198,0,1,1,-33.965342,150.968593,41,0,2,1,0,0,3,5,0,0,7,60,2,9859,9859,8,5,40,1,0,1,0,0
1304224,2,2022,2022,10,4,5,10,36,128,34609,0,1,9,-33.6271,150.800203,29,2,2,1,1,0,0,0,2,0,7,50,0,2852,2852,4,5,12,2,0,0,1,0
1304225,2,2022,2022,10,4,8,220,14,74,220,0,1,3,-34.438283,150.866597,80,0,2,1,0,0,0,3,2,0,7,90,2,14295,14295,3,10,5,3,0,0,4,0
1304227,4,2022,2022,11,2,7,1104,14,460,962,0,1,3,-33.826231,150.992525,54,0,2,1,0,0,0,0,2,0,7,90,2,945,945,5,16,40,1,0,1,0,0
1304229,1,2022,2022,11,4,7,5,27,90,34609,0,1,1,-33.795805,150.934636,7,0,2,1,0,0,0,0,2,0,7,50,0,5929,5929,1,5,5,2,0,0,0,1
1304234,1,2022,2022,1,4,9,56,27,173,34609,0,1,1,-33.778105,151.119002,61,0,2,1,2,0,0,0,3,0,9,50,0,186,186,9,9,28,2,0,0,0,1
1304235,4,2022,2022,1,6,7,3,27,123,34609,0,1,1,-33.75292,148.671991,51,1,0,1,0,2,0,0,2,0,7,100,0,1945,1945,5,23,40,1,0,1,0,0
1304237,2,2022,2022,10,6,10,40,10,6,174,0,1,1,-32.706266,151.336042,17,1,0,1,3,0,3,3,0,0,7,90,2,1089,1089,7,5,40,1,0,0,1,0
1304242,1,2022,2022,10,4,4,72,31,204,331,0,1,1,-33.93926,151.151435,4,0,2,1,3,0,0,0,2,0,7,60,2,1282,1282,1,0,0,2,0,0,0,1
1304246,4,2022,2022,1,1,5,13,27,3,18,0,1,1,-32.026842,150.71634,73,1,0,0,0,0,0,0,2,0,7,100,1,4552,5151,8,16,40,1,0,1,0,0
1304247,1,2022,2022,10,6,4,69,31,646,563,0,1,2,-33.907635,151.040504,15,0,2,0,3,0,0,0,2,0,7,60,2,1282,1282,1,8,5,2,0,0,0,1
1304250,2,2022,2022,10,2,4,64,27,175,284,0,1,10,-33.775737,151.060074,54,0,2,1,0,0,0,0,2,0,15,60,2,6545,6545,4,30,5,2,0,0,1,0
1304252,4,2022,2022,11,5,5,53,31,147,125,1,0,1,-33.879803,151.007427,15,0,2,1,0,0,0,0,2,0,7,60,1,623,623,3,5,0,3,0,1,0,0
1304268,1,2022,2022,10,1,9,89,31,532,34609,0,1,10,-33.870882,151.205527,69,0,2,1,0,0,0,0,3,2,7,40,0,1192,1192,1,10,19,2,0,0,0,1
1304273,4,2022,2022,11,2,6,24,27,9,34609,0,1,1,-32.929004,151.325386,17,2,1,0,0,0,0,0,2,0,7,80,0,4552,5151,8,16,40,1,0,1,0,0
1304274,1,2022,2022,10,0,9,2261,17,7,2252,0,1,2,-34.819769,149.103169,74,1,0,0,0,0,3,4,2,0,7,110,2,418,714,5,5,40,1,0,0,0,1
1304285,2,2022,2022,10,4,10,4,30,346,144,0,1,10,-33.871358,151.092303,67,0,2,0,2,0,3,0,0,2,9,60,2,214,214,9,5,28,2,0,0,1,0
1304288,4,2022,2022,10,2,11,500,27,646,799,0,1,1,-33.934605,151.035372,15,0,2,0,3,0,0,0,0,0,7,60,2,1282,1282,1,5,40,2,0,1,0,0
1304292,2,2022,2022,10,6,7,31,23,139,187,0,1,2,-33.870491,151.142914,32,0,2,1,1,0,0,0,2,0,7,60,2,14295,14295,3,5,0,2,0,0,1,0
1304293,1,2022,2022,10,2,6,135,17,65,136,0,1,9,-36.06471,146.989337,0,2,1,1,3,0,0,0,2,0,0,80,2,2852,2852,4,5,5,2,0,0,0,1
1304294,4,2022,2022,1,4,9,31,27,173,69,0,1,6,-33.794083,151.134421,61,0,2,0,1,0,3,0,2,0,7,70,2,1850,1463,5,16,40,1,0,1,0,0
1304295,1,2022,2022,11,0,8,196,10,32,168,0,1,2,-33.927853,150.980129,15,0,2,0,3,0,0,0,2,0,7,60,2,1981,1981,4,9,0,2,0,0,0,1
1304296,4,2022,2022,11,4,2,1,36,4,34609,0,1,1,-35.832335,147.25141,27,2,1,0,3,0,3,0,1,0,7,70,0,1957,4009,8,0,40,1,0,1,0,0
1304298,4,2022,2022,10,2,2,2126,17,438,2149,0,1,10,-33.837919,151.026996,21,0,2,1,2,0,0,3,1,2,7,60,2,5929,5929,1,10,22,2,0,1,0,0
1304299,2,2022,2022,10,2,11,4,27,609,18,0,1,2,-33.774841,150.888228,7,0,2,1,2,0,0,0,0,0,7,60,1,14295,14295,3,5,0,2,0,0,1,0
1304302,1,2022,2022,5,4,3,2,31,9,34609,0,1,10,-31.215265,150.818706,70,2,1,1,3,0,0,6,1,0,7,50,0,3775,3775,0,10,13,2,0,0,0,1
1304305,1,2023,2022,9,6,3,2126,17,38,2149,0,1,1,-33.776416,150.801667,55,0,2,1,3,0,0,0,2,0,7,80,2,1282,1282,1,5,5,2,0,0,0,1
1304308,2,2022,2022,10,1,11,2261,17,45,2252,0,1,3,-34.314952,150.587655,79,1,2,0,3,0,3,4,0,0,7,110,2,1089,1089,7,29,40,1,0,0,1,0
1304311,1,2022,2022,6,2,1,83,27,169,147,0,1,9,-28.660009,153.615345,10,2,1,1,2,0,3,0,0,0,0,50,1,14295,14295,3,33,27,2,0,0,0,1
1304315,4,2022,2022,11,2,10,31,23,139,187,0,1,9,-33.869994,151.146046,32,0,2,0,1,0,0,0,0,0,7,60,2,1850,777,5,15,40,1,0,1,0,0
1304317,2,2022,2022,10,3,2,2261,17,70,2252,0,1,2,-34.607244,150.227268,78,1,0,1,3,0,0,0,0,0,7,110,2,4026,4026,8,10,40,1,0,0,1,0
1304318,1,2022,2022,10,4,7,22,31,143,34609,0,1,10,-33.88356,151.09916,9,0,2,1,1,0,0,0,2,0,15,50,0,6545,6545,4,10,25,2,0,0,0,2
1304320,2,2022,2022,10,5,5,16,31,194,34609,0,1,10,-30.51348,151.653583,1,2,1,1,1,0,0,0,2,0,0,50,0,301,301,4,5,0,5,0,0,1,0
1304323,2,2022,2022,10,2,9,344,27,168,382,0,1,2,-33.698504,150.832284,7,0,2,1,1,0,0,0,2,0,7,80,2,14295,14295,3,5,5,2,0,0,1,0
1304327,2,2022,2022,9,5,4,2126,17,19,2149,0,1,2,-33.431579,150.110493,40,1,0,0,0,0,0,3,2,0,7,100,2,14295,14295,3,9,13,2,0,0,1,0
1304343,4,2022,2022,11,1,7,18,36,5,19,0,1,1,-32.588083,148.910789,22,1,0,1,0,0,0,0,2,0,7,100,1,9859,9859,8,5,40,1,0,1,0,0
1304344,4,2022,2022,10,1,5,3371,17,139,3342,1,0,9,-33.835038,151.205084,49,0,2,1,1,0,0,0,2,2,7,60,2,5929,5929,1,0,18,2,0,1,0,0
1304346,2,2022,2022,11,0,5,4,27,16,7,0,1,9,-31.536552,150.816454,51,1,0,1,1,0,3,3,2,0,0,100,1,926,926,4,8,13,2,0,0,1,0
1304351,1,2022,2022,1,2,9,5,31,252,34609,0,1,5,-33.87972,151.210954,69,0,2,1,2,0,0,0,0,0,7,40,0,1220,1220,9,5,28,2,0,0,0,1
1304353,4,2022,2022,1,5,6,280,10,237,240,0,1,9,-33.877344,150.965761,24,0,2,1,1,0,3,4,2,2,7,60,2,2852,2852,4,5,0,2,0,1,1,0
1304354,2,2022,2022,11,1,0,39,27,8,29,0,1,1,-32.143598,149.802094,44,1,0,1,0,0,0,0,0,0,7,100,1,9859,9859,8,5,40,1,0,0,1,0
1304355,1,2022,2022,10,4,8,3371,17,63,3342,0,1,10,-28.178743,153.521473,72,2,1,1,0,0,0,0,2,2,8,60,2,1945,1945,5,16,40,1,0,0,0,1
1304358,2,2022,2022,10,4,4,107,22,145,34609,0,1,9,-33.92191,151.071401,15,0,2,1,1,0,3,4,2,0,14,50,0,368,368,9,5,28,2,0,0,1,0
1304360,2,2022,2022,11,2,9,7,31,194,34609,0,1,10,-30.516212,151.671108,1,2,1,1,2,0,3,4,0,0,15,50,0,6545,6545,4,0,0,2,0,0,2,0
1304361,4,2022,2022,10,2,7,2,27,2,34609,0,1,1,-31.011708,152.34783,34,1,0,0,0,2,0,0,2,0,7,100,0,404,404,8,16,40,1,0,1,0,0
1304366,1,2022,2022,9,0,4,38,27,56,70,0,1,9,-33.751661,150.776481,55,0,2,1,3,0,0,0,2,0,7,60,1,2852,2852,4,0,0,2,0,0,0,1
1304370,2,2022,2022,10,6,11,9,27,104,34609,0,1,10,-33.837499,151.21718,49,0,2,1,3,0,0,0,0,0,0,50,0,4026,4026,8,16,40,1,0,0,1,0
1304371,2,2022,2022,10,6,10,2126,17,247,2149,0,1,10,-33.813192,150.958651,21,0,2,1,3,0,3,0,0,2,7,80,2,256,256,4,5,13,2,0,0,1,1
1304373,1,2022,2022,9,3,4,475,10,137,268,0,1,9,-33.898879,150.89493,24,0,2,1,3,0,0,0,2,0,0,60,2,2852,2852,4,30,5,2,0,0,0,1
1304378,1,2022,2022,9,1,4,56,23,31,144,0,1,9,-33.893161,151.090575,9,0,2,1,3,0,0,0,2,0,15,60,2,2852,2852,4,0,5,2,0,0,0,1
1304380,1,2022,2022,9,1,3,2261,17,523,2252,0,1,10,-33.93457,150.915948,41,0,2,1,3,0,0,0,2,2,7,60,2,14295,14295,3,10,5,2,0,0,0,1