Crash ID,Degree of crash - detailed,Reporting year,Year of crash,Month of crash,Day of week of crash,Two-hour intervals,Street of crash,Street type,Town,Route no.,School zone location,School zone active,Type of location,Latitude,Longitude,LGA,Urbanisation,Conurbation 1,Alignment,Street lighting,Road surface,Surface condition,Weather,Natural lighting,Signals operation,Other traffic control,Speed limit,Road classification,RUM - code,DCA - code,First impact type,Key TU type,Other TU type,No. of traffic units involved,No. killed,No. seriously injured,No. moderately injured,No. minor-other injured
1304381,1,2022,2022,9,4,5,56,27,443,44,0,1,9,-33.908861,151.056948,15,0,2,1,3,0,0,0,2,0,9,40,1,14295,14295,3,0,13,2,0,0,0,1
1304382,1,2022,2022,10,4,7,16,31,94,20,0,1,1,-33.777465,150.802418,55,0,2,1,3,0,0,0,2,0,7,60,1,1669,1669,3,5,5,2,0,0,0,1
1304386,1,2022,2022,1,4,8,169,27,137,54,0,1,2,-34.025031,151.055876,68,0,2,0,3,0,0,0,2,0,7,60,2,14295,14295,3,10,0,2,0,0,0,1
1304387,1,2022,2022,9,0,5,13,27,15,20,0,1,1,-35.322618,146.421595,51,1,0,0,3,0,3,6,2,0,7,100,1,2585,4009,8,0,40,1,0,0,0,1
1304389,1,2022,2022,10,1,4,28,27,16,62,0,1,9,-36.719306,149.904082,5,2,1,0,3,0,0,0,2,0,7,80,1,1089,1089,7,10,40,1,0,0,0,1
1304390,1,2022,2022,10,5,5,2209,17,79,2205,0,1,7,-34.908654,150.602897,63,2,1,1,3,0,0,0,2,0,7,70,2,1391,1391,1,5,12,2,0,0,0,1
1304393,4,2022,2022,10,4,5,76,31,112,60,0,1,9,-36.068338,146.927278,0,2,1,1,1,0,0,3,2,0,7,60,1,1282,1282,1,10,18,2,0,1,0,0
1304394,1,2022,2022,10,1,4,79,10,43,231,0,1,1,-33.438439,151.325312,16,2,2,0,3,0,0,0,2,0,7,60,2,14295,14295,3,0,5,2,0,0,0,1
1304396,1,2022,2022,9,0,8,2126,17,363,2149,0,1,9,-33.750624,150.695951,55,0,2,1,3,0,0,0,3,2,7,50,2,5929,5929,1,5,5,2,0,0,0,2
1304398,1,2022,2022,9,6,6,2261,17,140,2252,0,1,9,-33.904458,151.002594,15,0,2,0,3,0,0,0,2,3,15,70,2,1391,1391,1,5,10,2,0,0,0,1
1304400,4,2022,2022,10,6,3,35,27,3,24,0,1,1,-32.611832,149.472669,44,1,0,0,0,0,0,0,2,0,7,100,1,1089,1089,7,16,40,1,0,1,0,0
1304401,2,2022,2022,10,3,9,5,10,73,34609,0,1,9,-33.754171,150.808255,7,0,2,1,0,0,0,0,2,0,7,50,0,5929,5929,1,34,19,2,0,0,1,0
1304406,4,2022,2022,1,2,7,916,17,5,917,0,1,1,-29.870913,151.735631,51,1,0,1,0,0,0,0,2,0,7,100,2,4026,4026,8,10,40,1,0,1,0,0
1304417,1,2022,2022,9,2,8,234,27,337,217,0,1,9,-33.737283,151.001405,71,0,2,1,3,0,0,0,4,0,15,60,2,1669,1669,3,0,0,2,0,0,0,1
1304419,2,2022,2022,5,2,5,33,31,36,22,0,1,1,-33.882909,151.182845,69,0,2,1,3,0,0,0,2,0,7,50,2,1981,1981,4,5,5,2,0,0,1,0
1304425,4,2022,2022,9,0,5,19,27,164,65,0,1,9,-33.716599,150.892582,7,0,2,1,1,0,0,0,2,3,7,60,1,14295,14295,3,16,0,3,0,1,0,0
1304430,1,2022,2022,10,1,3,171,1,42,29,0,1,9,-33.744552,151.287726,50,0,2,0,0,0,0,0,2,0,7,50,1,3775,3775,0,5,0,2,0,0,0,1
1304433,4,2022,2022,1,0,5,3371,17,147,3342,0,1,2,-33.749452,151.146406,36,0,2,0,1,0,0,3,2,0,7,60,2,2585,4009,8,30,40,1,0,1,0,0
1304438,4,2022,2022,11,1,10,2261,17,44,2252,0,1,9,-33.897357,150.952855,24,0,2,1,2,0,0,0,0,2,7,70,2,5929,5929,1,5,19,2,0,1,0,0
1304440,4,2022,2022,10,6,10,17,31,460,92,0,1,10,-33.833849,150.992175,21,0,2,1,2,0,0,0,0,2,7,60,1,2040,2040,9,30,28,2,0,1,0,0
1304441,1,2022,2022,10,3,5,68,27,110,67,0,1,1,-33.768731,151.030672,54,0,2,1,1,0,0,0,2,0,7,60,1,1981,1981,4,5,5,2,0,0,0,1
1304445,2,2022,2022,10,3,7,60,27,239,167,0,1,10,-34.026552,151.120485,68,0,2,1,1,0,0,0,2,2,7,70,2,5929,5929,1,10,5,2,0,0,1,0
1304447,1,2022,2022,11,5,10,5,31,134,120,0,1,9,-33.895082,151.254722,76,0,2,1,2,0,0,0,0,0,7,50,2,1945,1945,5,16,40,1,0,0,0,1
1304450,2,2022,2022,10,3,1,481,17,562,483,0,1,1,-32.24337,148.598039,22,2,1,1,2,0,0,0,0,0,7,60,2,945,945,5,5,40,1,0,0,2,0
1304452,4,2022,2022,10,2,3,1104,14,247,962,0,1,3,-33.807451,150.93199,21,0,2,0,1,0,0,0,2,0,7,100,2,1282,1282,1,8,5,2,0,1,0,0
1304453,1,2022,2022,10,1,1,205,27,161,415,1,0,10,-33.721978,151.171577,36,0,2,1,2,0,0,0,0,2,7,60,2,14295,14295,3,5,5,2,0,0,0,1
1304457,2,2022,2022,10,6,7,3,31,93,78,0,1,1,-33.421291,149.614955,3,2,1,1,0,0,0,0,2,0,7,60,2,14295,14295,3,10,0,3,0,0,6,1
1304461,1,2022,2022,9,1,4,294,17,215,288,0,1,7,-35.115557,147.34528,75,2,1,1,2,0,0,0,2,0,0,60,2,926,926,4,0,13,2,0,0,0,1
1304462,1,2022,2022,11,0,5,293,31,523,198,0,1,2,-33.928105,150.91876,41,0,2,1,1,0,0,0,2,0,7,60,2,238,238,9,5,28,2,0,0,0,1
1304464,1,2022,2022,10,2,8,23,31,290,34609,0,1,1,-33.959711,151.112868,4,0,2,1,3,0,0,0,2,0,7,50,0,1981,1981,4,5,5,2,0,0,0,1
1304465,1,2022,2022,9,2,8,169,27,137,54,0,1,9,-34.024588,151.055785,68,0,2,0,3,0,0,0,4,2,7,60,2,1192,1192,1,0,0,3,0,0,0,1
1304474,1,2022,2022,10,5,5,2,7,79,34609,0,1,1,-33.583243,150.718216,29,2,2,1,3,0,0,0,2,0,7,50,0,217,217,1,5,5,2,0,0,0,2
1304477,1,2022,2022,9,4,6,866,17,314,793,0,1,9,-33.850883,150.943922,24,0,2,1,3,0,0,0,2,0,7,70,2,1391,1391,1,5,12,2,0,0,0,1
1304485,2,2022,2022,10,1,8,39,31,246,34609,0,1,1,-33.914528,151.200536,69,0,2,1,1,0,0,0,2,0,7,50,0,1109,787,1,15,0,2,0,0,1,0
1304488,2,2022,2022,11,3,2,265,17,23,193,0,1,1,-35.236422,147.180697,75,1,0,1,0,0,0,0,0,0,7,100,2,9859,9859,8,10,40,1,0,0,1,0
1304490,2,2022,2022,9,2,5,6,27,4,34609,0,1,1,-33.80114,149.872685,51,1,0,1,0,0,0,0,2,0,7,100,0,9859,9859,8,10,40,1,0,0,1,0
1304493,4,2022,2022,11,6,7,17,27,8,34609,0,1,1,-33.538919,150.736431,29,2,2,0,0,0,3,4,2,0,7,80,0,3775,3775,0,10,13,2,0,1,1,0
1304494,4,2022,2022,1,1,0,9,36,39,34609,0,1,1,-32.738974,152.092124,57,2,1,1,2,0,0,0,0,0,7,50,0,1089,1089,7,16,40,1,0,1,0,0
1304495,2,2022,2022,1,5,2,2209,17,23,2205,0,1,1,-35.660503,150.228583,23,1,0,0,0,0,0,1,0,0,7,100,2,4552,5151,8,5,40,1,0,0,1,0
1304497,1,2022,2022,11,0,4,22,31,228,34609,0,1,10,-34.769757,149.700629,26,2,1,1,3,0,3,3,2,0,0,50,0,6545,6545,4,0,0,2,0,0,0,2
1304499,4,2022,2022,1,0,2,77,10,43,331,0,1,1,-34.15073,150.669854,79,2,2,0,0,0,3,3,1,0,7,80,1,3775,3775,0,5,36,3,0,2,1,0
1304500,2,2022,2022,1,4,3,147,27,104,605,0,1,9,-33.830149,151.218512,49,0,2,1,1,0,0,0,1,2,7,60,2,5929,5929,1,0,5,2,0,0,1,1
1304502,2,2022,2022,1,2,8,308,14,164,311,0,1,3,-33.734164,150.877637,7,0,2,1,3,0,0,0,0,0,7,100,2,9859,9859,8,5,40,1,0,0,1,0
1304504,4,2022,2022,11,1,8,11,27,40,34609,0,1,1,-35.807549,150.173982,23,1,0,1,0,0,0,0,2,0,7,100,0,1109,787,1,0,13,2,0,2,1,0
1304505,4,2022,2022,11,5,11,2,1,29,45,0,1,1,-35.100396,150.613212,63,2,1,0,2,0,3,4,0,0,7,50,1,1089,1089,7,16,40,1,0,1,0,0
1304506,1,2022,2022,10,4,6,16,31,246,12,0,1,1,-33.900266,151.199485,69,0,2,1,0,0,0,0,2,0,7,50,1,1220,1220,9,5,28,2,0,0,0,1
1304507,2,2022,2022,11,5,4,4,27,83,34609,0,1,1,-34.456612,150.426226,78,2,1,0,0,0,0,0,2,0,7,50,0,1850,1463,5,16,40,1,0,0,1,0
1304508,4,2022,2022,11,1,4,3371,17,32,3342,0,1,2,-32.95177,151.713089,48,0,2,0,1,0,0,0,2,0,7,60,2,1282,1282,1,8,19,2,0,1,0,0
1304510,4,2022,2022,10,3,6,5,31,91,34609,0,1,1,-34.000935,150.896718,13,0,2,0,1,0,0,0,2,0,7,50,0,4552,5151,1,16,13,3,0,1,0,0
1304511,2,2022,2022,10,6,10,344,27,363,369,0,1,9,-33.737856,150.716916,55,0,2,1,2,0,0,0,0,0,15,70,2,2852,2852,4,5,5,2,0,0,3,0
1304515,2,2022,2022,10,6,4,51,31,174,34609,0,1,9,-33.867294,150.932495,24,0,2,1,1,0,0,0,2,0,0,50,0,2852,2852,4,5,0,2,0,0,1,0
1304516,2,2022,2022,10,2,6,10,31,246,64,0,1,1,-33.908249,151.200348,69,0,2,1,3,0,0,0,2,0,7,50,2,1391,1391,1,0,18,2,0,0,1,0
1304518,2,2022,2022,11,5,0,16,31,18,47,0,1,1,-32.894982,151.716784,48,0,2,0,2,0,0,0,0,0,7,60,2,1957,4009,8,0,40,1,0,0,1,0
1304519,4,2022,2022,1,2,7,2,27,9,34609,0,1,1,-31.944915,151.288338,73,2,1,0,0,2,0,0,2,0,7,80,0,2585,4009,8,16,40,1,0,1,0,0
1304521,2,2022,2022,11,6,5,26,31,123,38,0,1,9,-33.824873,148.684158,51,2,1,1,0,0,0,0,2,0,0,50,2,6545,6545,4,5,5,2,0,0,2,0
1304523,2,2022,2022,11,5,5,27,27,84,35,1,0,9,-33.805642,150.987246,54,0,2,1,2,0,0,0,2,2,7,40,1,6545,6545,4,21,5,2,0,0,1,0
1304524,2,2022,2022,11,6,2,2126,17,65,2149,0,1,2,-33.537037,150.16066,40,2,1,0,0,0,3,4,0,0,7,80,2,1259,5151,8,5,40,1,0,0,1,0
1304525,4,2022,2022,1,6,5,2261,17,201,2252,0,1,3,-34.010474,150.829569,13,0,2,0,1,0,0,0,2,0,7,110,2,14295,14295,3,5,35,2,0,1,0,0
1304526,1,2022,2022,11,0,9,77,10,43,331,0,1,1,-34.163373,150.636194,79,2,2,1,0,0,0,0,0,0,7,80,1,1669,1669,3,30,0,2,0,0,0,1
1304527,4,2022,2022,1,2,5,103,27,34,98,0,1,1,-32.750469,150.922208,64,2,1,0,0,0,0,0,2,0,7,80,2,2585,4009,8,16,40,1,0,1,0,0
1304528,4,2022,2022,11,0,11,6,27,562,34609,0,1,1,-32.205021,148.591516,22,1,0,1,0,0,3,3,0,0,7,100,0,945,945,5,10,40,1,0,1,0,0
1304529,4,2022,2022,10,3,2,2209,17,137,2205,0,1,9,-34.045826,151.052334,68,0,2,0,2,0,3,4,0,2,7,80,2,4552,5151,8,0,40,1,0,1,0,0
1304531,4,2022,2022,11,2,10,3371,17,147,3342,0,1,2,-33.743904,151.140828,36,0,2,1,2,0,0,0,0,0,7,60,2,340,340,9,0,28,2,0,1,0,0
1304532,2,2022,2022,11,0,5,829,27,165,770,0,1,9,-33.855649,151.158817,14,0,2,1,2,0,3,3,2,0,7,60,2,1945,1945,5,16,40,1,0,0,1,0
1304533,4,2022,2022,11,6,8,475,10,523,268,0,1,2,-33.914523,150.908168,41,0,2,1,1,0,0,0,2,0,7,70,2,4026,4026,8,16,40,1,0,1,1,0
1304534,4,2022,2022,11,3,8,1,18,32,34609,0,1,1,-32.34881,149.541126,44,2,1,1,0,0,0,0,2,0,7,80,0,1109,787,1,23,19,2,0,1,1,0
1304535,2,2022,2022,1,2,10,27,1,132,148,0,1,1,-34.149981,151.026892,68,0,2,0,0,0,3,3,0,0,7,60,2,2585,4009,8,5,40,1,0,0,1,0
1304536,4,2022,2022,1,3,5,19,27,10,16,0,1,1,-31.581684,152.498382,56,1,0,0,0,0,0,0,2,0,7,100,1,1259,5151,8,16,40,1,0,1,0,0
1304539,1,2022,2022,11,1,8,31,22,84,34609,0,1,2,-33.882327,150.945452,24,0,2,1,3,0,0,0,2,0,7,50,0,4026,4026,8,10,40,1,0,0,0,1
1304540,4,2022,2022,10,1,3,1,27,55,34609,0,1,1,-33.853653,151.26873,81,0,2,0,1,0,3,4,2,0,7,50,0,4552,5151,8,10,40,1,0,1,0,0
1304541,1,2022,2022,10,2,3,481,17,562,483,0,1,1,-32.3016,148.5432,22,2,1,1,0,0,0,0,2,0,7,60,2,945,945,5,8,40,1,0,0,0,1
1304547,2,2022,2022,11,4,7,14,1,45,34609,0,1,9,-33.344048,151.496862,16,2,2,1,0,0,0,0,2,0,7,50,0,6545,6545,4,30,10,2,0,0,1,0
1304548,4,2022,2022,1,5,2,1,27,234,34609,0,1,7,-34.290273,146.053348,28,2,1,1,2,0,3,1,0,0,0,50,0,9859,9859,8,16,40,1,0,1,0,0
1304549,4,2022,2022,11,2,9,283,27,197,702,1,0,9,-33.941676,151.07626,15,0,2,1,2,0,3,0,0,2,7,60,2,5929,5929,1,5,0,3,0,1,0,0
1304550,2,2022,2022,11,4,3,14,31,445,34609,0,1,10,-33.861481,151.052994,21,0,2,1,0,0,0,0,2,0,15,50,0,6545,6545,4,0,5,2,0,0,1,0
1304551,4,2022,2022,1,1,5,1052,27,104,262,0,1,9,-32.908181,151.69824,48,0,2,1,1,0,0,0,2,0,0,60,2,5929,5929,1,5,27,2,0,1,0,0
1304555,2,2022,2022,10,1,3,7,27,36,34609,0,1,1,-34.478172,149.469772,74,2,1,0,0,0,3,0,2,0,7,80,0,782,957,5,8,40,1,0,0,1,0
1304556,4,2022,2022,5,6,1,171,1,90,22,0,1,1,-33.78684,150.951673,54,0,2,1,2,0,0,0,0,0,7,60,1,186,186,9,19,28,2,0,1,0,0
1304557,2,2022,2022,11,6,9,61,27,232,70,0,1,10,-33.661072,150.923622,71,0,2,1,2,0,3,4,0,0,15,70,1,6545,6545,4,5,36,2,0,0,2,0
1304558,2,2022,2022,11,2,6,23,1,179,70,0,1,9,-31.90222,152.477426,43,2,1,0,1,0,0,0,2,0,7,60,1,2852,2852,4,0,13,2,0,0,1,1
1304560,4,2022,2022,1,5,4,3371,17,143,3342,0,1,1,-33.702257,151.099365,31,0,2,1,0,0,0,0,2,2,7,60,2,238,238,9,5,28,2,0,1,0,0
1304563,4,2022,2022,10,6,8,34,31,56,34609,0,1,1,-31.097438,152.836583,34,2,1,1,0,0,0,0,2,0,7,50,0,945,945,5,16,40,1,0,1,0,0
1304564,4,2022,2022,10,3,3,13,27,193,34609,0,1,9,-33.785699,151.07477,54,0,2,1,1,0,0,0,2,0,0,50,0,5929,5929,1,5,5,2,0,1,0,0
1304567,2,2022,2022,10,4,8,2,31,79,34609,0,1,10,-34.914243,150.611732,63,2,1,1,3,0,0,0,2,0,0,50,0,6545,6545,4,5,5,2,0,0,1,0
1304570,4,2022,2022,10,4,3,2261,17,59,2252,0,1,3,-33.971813,150.873198,13,0,2,1,1,0,3,4,1,0,7,100,2,4026,4026,8,5,40,1,0,1,0,0
1304572,4,2022,2022,11,4,8,265,17,24,193,0,1,1,-34.517791,148.164681,20,2,1,0,0,0,3,4,2,0,7,60,2,4552,5151,8,29,40,1,0,1,0,0
1304575,2,2022,2022,1,1,5,82,27,108,34609,0,1,9,-33.808748,151.184545,77,0,2,1,3,0,0,0,2,0,0,50,0,9859,9859,8,5,40,1,0,0,1,0
1304576,1,2022,2022,9,4,7,15,27,24,228,1,2,1,-33.559377,150.907718,29,2,2,0,3,0,0,0,2,0,7,40,2,418,714,5,16,40,1,0,0,0,1
1304578,4,2022,2022,10,4,6,33,31,71,34609,0,1,9,-33.970314,151.080042,25,0,2,1,3,0,0,0,2,0,7,40,0,941,941,1,5,36,2,0,1,0,0
1304581,1,2022,2022,10,0,6,22,31,532,34609,0,1,10,-33.866766,151.204364,69,0,2,1,3,0,0,0,2,2,7,40,0,6545,6545,4,5,0,2,0,0,0,1
1304590,1,2022,2022,10,6,6,50,27,167,51,0,1,7,-33.853859,151.076965,54,0,2,1,3,0,0,0,2,3,0,60,1,301,301,4,5,0,2,0,0,0,1
1304593,1,2022,2022,10,3,6,294,17,56,288,0,1,10,-35.120225,147.378365,75,2,1,1,3,0,0,0,2,3,7,60,2,301,301,4,10,0,2,0,0,0,1
1304595,2,2022,2022,11,6,5,334,17,98,308,0,1,7,-30.978115,150.243035,51,2,1,1,3,0,0,0,2,0,0,50,2,14295,14295,3,0,5,2,0,0,1,0
1304600,1,2022,2022,10,0,6,2261,17,45,2252,0,1,10,-33.889643,150.9731,15,0,2,0,3,0,0,0,2,2,7,70,2,14295,14295,3,5,5,2,0,0,0,1
1304604,1,2022,2022,11,2,8,84,27,61,415,0,1,9,-33.763321,151.137052,36,0,2,1,3,0,0,0,2,0,7,70,2,1192,1192,1,5,25,2,0,0,0,1
1304605,1,2022,2022,10,3,7,83,31,532,21,0,1,10,-33.87449,151.208013,69,0,2,1,3,0,3,4,2,2,6,40,1,14295,14295,3,21,5,2,0,0,0,1
1304607,2,2022,2022,10,5,3,34,27,127,799,0,1,9,-33.896031,151.158042,32,0,2,1,3,0,0,0,2,0,0,60,2,1192,1192,1,5,5,2,0,0,1,0
1304611,2,2022,2022,10,2,7,9,31,41,34609,0,1,1,-33.82126,151.009144,54,0,2,1,0,0,0,0,2,0,7,40,0,9859,9859,1,0,36,3,0,0,1,0
1304614,4,2022,2022,10,0,4,7,27,72,605,0,1,9,-33.829302,151.228302,49,0,2,1,1,0,0,0,2,0,15,60,2,237,162,8,5,40,1,0,1,0,0
1304617,1,2022,2022,10,5,2,916,17,32,917,0,1,1,-32.603556,151.200828,64,2,1,1,3,0,0,0,0,0,7,80,2,14295,14295,3,10,13,2,0,0,0,2
1304622,2,2022,2022,1,4,2,5,36,80,34609,0,1,1,-34.553341,146.389191,51,2,1,1,1,0,3,4,1,0,7,60,0,144,144,1,10,13,2,0,0,2,0
1304629,4,2022,2022,9,6,3,106,27,523,106,0,1,2,-33.928098,150.912045,41,0,2,1,1,0,0,0,2,0,7,60,2,3775,3775,0,5,35,2,0,1,0,0
1304631,4,2022,2022,10,6,4,16,10,67,22,0,1,1,-33.393856,151.344859,16,2,2,0,1,0,0,0,2,0,7,50,1,5929,5929,1,5,27,2,0,1,0,0
1304633,2,2022,2022,10,5,6,9,27,6,34609,0,1,1,-32.613211,151.882216,57,1,0,1,0,0,0,0,2,0,7,90,0,1089,1089,7,16,40,1,0,0,1,0
1304638,2,2022,2022,10,1,4,52,31,99,34609,0,1,1,-33.889027,151.266118,76,0,2,1,1,0,0,0,2,0,7,50,0,340,340,9,0,28,2,0,0,1,0
1304640,4,2022,2022,9,1,6,12,27,14,49,0,1,1,-31.148215,150.87531,70,1,0,0,0,0,0,0,2,0,7,100,1,2585,4009,8,0,40,1,0,1,0,0
1304642,4,2022,2022,9,6,4,829,27,149,770,0,1,9,-33.865958,151.173292,32,0,2,0,1,0,0,0,2,0,7,60,2,1850,1463,5,22,40,1,0,1,0,0
1304646,2,2022,2022,11,4,4,829,27,165,770,0,1,2,-33.854192,151.15755,14,0,2,1,0,0,0,0,2,0,7,60,2,14295,14295,3,16,5,2,0,0,1,0
1304661,1,2022,2022,8,5,3,123,31,271,34609,0,1,1,-33.939472,151.00355,15,0,2,1,1,0,0,0,2,0,7,50,0,9859,9859,1,30,2,2,0,0,0,1
1304667,2,2022,2022,11,3,1,55,27,179,34609,0,1,9,-33.75935,150.720598,55,0,2,1,2,0,0,0,0,0,7,50,0,775,775,4,5,0,2,0,0,1,0
1304671,4,2022,2022,1,4,8,165,31,363,34609,0,1,1,-33.814368,151.006855,54,0,2,1,1,0,0,0,3,0,7,40,0,1981,1981,4,0,19,2,0,1,0,0
1304674,4,2022,2022,1,1,8,97,27,271,799,0,1,2,-33.935309,151.00859,15,0,2,1,0,0,0,0,2,0,7,70,2,1981,1981,4,10,13,4,0,1,0,0
1304675,2,2022,2022,9,0,3,22,27,46,207,0,1,2,-33.87634,151.229523,81,0,2,1,1,0,0,0,2,0,7,60,2,1192,1192,1,10,5,3,0,0,2,0
1304677,1,2022,2022,9,3,4,103,36,8,157,0,1,1,-28.777995,152.992703,60,1,0,0,0,0,3,3,2,0,7,100,2,4552,5151,8,0,40,1,0,0,0,1
1304678,1,2022,2022,6,4,4,280,10,314,82,0,1,10,-33.850836,150.922233,24,0,2,1,0,0,0,0,2,2,7,60,1,2852,2852,4,5,5,2,0,0,0,1
1304682,2,2022,2022,10,4,10,5,31,314,34609,0,1,1,-33.846247,150.959462,21,0,2,1,2,0,0,0,0,0,7,50,0,9859,9859,8,5,40,1,0,0,1,0
1304683,2,2022,2022,10,6,3,89,36,13,81,0,1,1,-34.114663,148.733792,30,1,0,1,0,0,0,0,1,0,7,100,2,1945,1945,5,8,40,1,0,0,1,0
1304691,2,2022,2022,11,3,7,119,31,145,140,0,1,9,-33.927085,151.112891,15,0,2,1,1,0,0,0,2,0,7,50,1,5929,5929,1,0,0,2,0,0,4,0
1304694,4,2022,2022,10,6,6,21,27,36,34609,0,1,1,-34.393391,150.84835,80,0,2,0,0,0,3,4,2,0,7,60,0,1850,1463,5,16,40,1,0,1,0,0
1304695,1,2022,2022,10,2,7,5,27,40,34609,0,1,1,-34.233578,150.592188,79,2,2,1,0,0,3,3,2,0,7,80,0,1945,1945,5,16,40,1,0,0,0,1
1304697,4,2022,2022,11,4,8,229,14,323,237,0,1,3,-33.771405,150.968702,71,0,2,1,2,0,0,0,0,0,7,100,2,9859,9859,1,5,13,2,0,2,0,0
1304699,2,2022,2022,9,1,8,3,31,12,34609,1,0,10,-33.899439,151.118463,15,0,2,1,1,0,0,0,2,0,15,50,0,6545,6545,4,5,5,2,0,0,1,0
1304701,2,2022,2022,9,6,5,7,31,85,34609,0,1,10,-32.935115,151.724512,48,0,2,1,1,0,0,0,2,0,15,50,0,1850,985,5,16,40,1,0,0,1,0
1304703,2,2022,2022,1,1,1,3,31,226,34609,0,1,1,-33.763834,150.824748,7,0,2,1,2,0,0,0,0,0,7,50,0,214,214,9,5,28,2,0,0,1,0
1304708,2,2022,2022,10,0,0,12,1,75,34609,0,1,1,-32.77484,151.648183,42,2,1,1,2,0,3,3,0,0,7,50,0,4026,4026,1,0,0,2,0,0,1,0
1304709,1,2022,2022,3,0,5,6,31,157,34609,0,1,1,-33.796295,151.002394,54,0,2,1,1,0,0,3,2,0,7,50,0,1282,1282,1,5,40,2,0,0,0,1
1304710,2,2022,2022,10,5,8,1104,14,204,962,0,1,3,-33.883306,151.133859,32,0,2,0,2,0,0,0,2,0,7,60,2,2585,4009,8,5,40,2,0,0,1,0
1304713,2,2022,2022,11,2,7,6,27,42,34609,0,1,1,-35.99202,146.3856,51,2,1,1,1,0,3,4,2,0,7,60,0,9859,9859,8,0,40,1,0,0,1,0
1304714,2,2022,2022,11,6,6,4,27,132,34609,0,1,1,-29.785629,151.168534,33,1,0,0,0,0,3,4,2,0,7,100,0,1850,1463,5,0,40,1,0,0,1,0
1304716,4,2022,2022,11,4,9,1052,14,173,928,0,1,3,-33.718329,151.110287,36,0,2,1,2,0,0,3,0,0,7,60,2,9859,9859,8,5,40,1,0,1,0,0
1304722,1,2022,2022,11,1,8,60,10,121,84,0,1,10,-28.202778,153.544182,72,2,1,1,1,0,0,0,2,2,7,60,1,14295,14295,3,10,5,2,0,0,0,1
1304724,4,2022,2022,1,0,5,157,17,166,158,0,1,10,-33.421665,149.563279,3,2,1,1,0,0,3,4,2,0,0,60,2,6545,6545,4,5,19,2,0,1,0,0
1304726,4,2022,2022,1,5,6,29,31,609,48,0,1,1,-33.766711,150.892796,7,0,2,1,1,0,3,3,2,0,7,60,1,1981,1981,4,5,19,2,0,1,0,0
1304728,4,2022,2022,10,6,5,149,27,42,198,0,1,9,-33.942422,150.942694,41,0,2,1,1,0,0,0,2,2,7,60,2,2852,2852,4,9,13,2,0,2,0,0
1304729,2,2022,2022,10,6,6,14,31,155,231,0,1,1,-33.488632,151.323203,16,2,2,1,0,0,3,4,2,0,7,50,2,1981,1981,4,5,0,2,0,0,1,0
1304732,4,2022,2022,1,6,11,7,27,48,3,0,1,9,-33.934285,147.21459,51,2,1,0,2,0,0,0,0,0,0,60,2,2585,4009,8,5,40,1,0,1,0,0
1304734,1,2022,2022,10,2,5,2,31,126,34609,0,1,1,-33.94531,150.798644,41,0,2,1,0,0,0,0,2,0,7,50,0,9859,9859,1,23,13,2,0,0,0,1
1304735,1,2022,2022,1,2,7,8,31,173,34609,0,1,9,-33.875126,151.221376,69,0,2,1,3,0,0,3,2,0,7,50,0,2585,777,8,5,40,1,0,0,0,1
1304736,4,2022,2022,9,4,3,24,27,12,31,0,1,1,-28.75065,153.080188,60,2,1,1,0,0,0,0,2,0,7,80,1,1089,1089,7,16,40,1,0,1,0,0
1304737,4,2022,2022,11,3,5,2,10,79,34609,0,1,7,-34.015504,150.755052,12,0,2,1,1,0,0,0,2,0,0,50,0,1945,1945,5,16,40,1,0,1,0,0
1304738,1,2022,2022,11,5,4,20,31,17,34609,0,1,1,-33.859562,151.207945,69,0,2,1,0,0,0,0,2,0,7,40,0,2040,2040,9,10,28,2,0,0,0,1
1304739,2,2022,2022,10,6,9,2126,17,65,2149,0,1,2,-33.540218,150.164539,40,2,1,0,0,0,3,4,0,0,7,80,2,1259,5151,8,10,40,2,0,0,1,0
1304740,2,2022,2022,10,4,7,11,31,215,34609,0,1,9,-35.111655,147.358116,75,2,1,0,1,0,0,0,2,0,7,50,0,1192,1192,1,5,5,3,0,0,3,1
1304743,4,2022,2022,11,2,4,29,31,56,34609,0,1,9,-31.473187,152.731005,56,2,1,1,0,0,0,0,2,0,7,50,0,1945,1945,5,16,40,1,0,1,0,0
1304748,2,2022,2022,1,1,7,157,17,123,158,0,1,1,-33.873214,148.546252,51,1,0,1,0,0,3,4,2,0,7,100,2,945,945,5,5,40,1,0,0,1,0
1304755,1,2022,2022,10,1,6,191,27,175,208,0,1,10,-33.773866,151.083113,54,0,2,1,3,0,0,0,2,2,7,60,2,14295,14295,3,0,12,2,0,0,0,1
1304757,2,2022,2022,11,3,6,105,17,251,136,0,1,2,-33.771339,150.938166,7,0,2,1,1,0,0,0,2,0,7,60,2,1383,1383,1,5,35,2,0,0,2,0
1304758,1,2022,2022,11,0,10,9,27,9,34609,0,1,1,-32.671169,151.748662,57,2,1,0,0,0,3,4,0,0,7,70,0,41,41,8,5,40,1,0,0,0,1
1304765,1,2022,2022,1,1,6,2,27,2,34609,0,1,1,-33.194121,151.619327,16,1,2,0,0,2,0,0,2,0,7,100,0,4552,5151,8,5,40,1,0,0,0,1
1304771,1,2022,2022,11,0,4,25,31,460,55,0,1,1,-33.833202,150.977271,21,0,2,1,3,0,0,0,2,0,7,50,1,14295,14295,3,0,0,2,0,0,0,1
1304774,1,2022,2022,10,2,8,3371,17,49,3342,0,1,10,-33.199432,151.522604,16,2,2,1,3,0,0,0,2,2,7,80,2,5929,5929,1,0,5,2,0,0,0,1