Crash ID,Degree of crash - detailed,Reporting year,Year of crash,Month of crash,Day of week of crash,Two-hour intervals,Street of crash,Street type,Town,Route no.,School zone location,School zone active,Type of location,Latitude,Longitude,LGA,Urbanisation,Conurbation 1,Alignment,Street lighting,Road surface,Surface condition,Weather,Natural lighting,Signals operation,Other traffic control,Speed limit,Road classification,RUM - code,DCA - code,First impact type,Key TU type,Other TU type,No. of traffic units involved,No. killed,No. seriously injured,No. moderately injured,No. minor-other injured
1304776,1,2022,2022,10,2,7,829,27,304,140,0,1,9,-33.905572,151.167325,32,0,2,1,0,0,3,4,2,2,7,60,1,1945,1945,5,16,40,1,0,0,0,1
1304778,1,2022,2022,10,4,8,2209,17,201,2205,0,1,10,-34.880945,150.604257,63,2,1,1,3,0,3,4,2,0,15,70,2,14295,14295,3,10,5,3,0,0,0,1
1304780,1,2022,2022,10,0,8,234,27,337,217,0,1,1,-33.743609,150.99846,71,0,2,1,3,0,0,0,2,0,7,60,2,14295,14295,3,5,0,2,0,0,0,1
1304783,1,2022,2022,9,4,7,31,27,79,33,1,2,1,-33.581743,150.716952,29,2,2,1,1,0,0,0,2,0,7,40,1,14295,14295,3,5,5,4,0,0,0,2
1304784,4,2022,2022,10,0,7,3,27,5,34609,0,1,1,-30.764745,152.888517,47,2,1,0,0,0,0,0,2,0,7,80,0,1850,1463,5,16,40,1,0,1,0,0
1304785,2,2022,2022,11,6,8,36,31,162,38,0,1,10,-33.84682,150.923059,24,0,2,1,2,0,0,0,2,0,0,60,2,926,926,4,0,5,2,0,0,1,0
1304787,2,2022,2022,9,5,8,17,27,164,65,0,1,7,-33.711944,150.885473,7,0,2,1,1,0,0,0,2,0,0,60,1,6545,6545,4,5,0,2,0,0,1,0
1304790,2,2022,2022,11,1,8,1,1,32,34609,0,1,1,-33.664549,151.00512,71,0,2,1,0,0,0,0,2,0,7,50,0,475,475,5,5,40,1,0,0,1,0
1304792,2,2022,2022,10,2,8,2209,17,166,2205,0,1,10,-33.897228,151.179141,32,0,2,1,1,0,3,4,2,2,9,40,2,1282,1282,1,5,18,2,0,0,1,0
1304794,4,2022,2022,10,4,3,12,27,2,62,0,1,1,-36.493382,150.053514,5,2,1,0,0,0,0,0,2,0,7,80,1,1259,5151,8,0,40,1,0,1,0,0
1304798,2,2022,2022,10,2,5,1104,14,460,962,0,1,3,-33.821943,150.985214,21,0,2,1,0,0,3,4,2,0,7,90,2,1945,1945,5,16,40,1,0,0,1,0
1304801,4,2022,2022,10,4,7,68,31,69,23,0,1,1,-28.553042,153.503133,10,2,1,1,1,0,0,0,2,0,12,50,1,1220,1220,9,0,28,2,0,1,0,0
1304803,2,2022,2022,10,1,6,515,14,197,518,0,1,3,-33.943611,151.074828,15,0,2,1,1,0,0,0,2,0,7,100,2,204,204,1,8,12,3,0,0,1,0
1304804,4,2022,2022,10,0,9,9,27,18,34609,0,1,1,-32.801465,151.46862,17,2,1,1,0,0,0,0,0,0,7,70,0,1089,1089,7,16,40,1,0,1,0,0
1304805,1,2022,2022,1,6,9,294,17,15,288,0,1,1,-34.603154,144.598221,51,1,0,1,0,0,0,0,0,0,7,110,2,945,945,5,3,40,1,0,0,0,1
1304806,4,2022,2022,10,3,5,1,27,149,34609,0,1,9,-33.29393,151.322225,16,2,2,1,0,2,0,6,2,0,7,60,0,1945,1945,5,16,40,1,0,1,0,0
1304810,1,2022,2022,6,3,7,92,31,111,34609,0,1,1,-33.918743,151.25855,59,0,2,1,0,0,0,0,2,0,7,50,0,368,368,9,0,28,2,0,0,0,1
1304811,4,2022,2022,10,6,8,3371,17,463,3342,0,1,2,-30.301216,153.110475,19,2,1,1,0,0,0,0,2,0,7,60,2,14295,14295,3,10,0,2,0,1,0,0
1304812,2,2022,2022,9,1,8,3,31,76,34609,0,1,10,-35.36307,150.478219,63,2,1,1,1,0,0,0,2,0,15,50,0,6545,6545,4,5,5,2,0,0,1,1
1304815,1,2022,2022,1,5,7,133,17,10,121,0,1,1,-35.908502,149.159329,65,1,0,0,0,2,0,0,2,0,7,100,2,4552,5151,8,0,40,1,0,0,0,1
1304820,2,2022,2022,11,0,7,26,27,28,34609,0,1,1,-32.938362,151.634948,37,0,2,0,0,0,3,3,2,0,7,60,0,3775,3775,0,0,5,2,0,0,2,0
1304824,4,2022,2022,10,2,8,1,34,4,34609,0,1,1,-28.888865,152.314595,51,1,0,1,0,2,3,3,2,0,7,100,0,9859,9859,8,16,40,1,0,1,0,0
1304827,2,2022,2022,10,6,8,6,27,148,34609,0,1,1,-36.049433,146.935042,0,2,1,1,1,0,0,0,2,0,9,40,0,14295,14295,3,16,13,2,0,0,1,0
1304829,4,2022,2022,10,3,5,20,31,523,34609,0,1,9,-33.92273,150.92244,41,0,2,1,1,0,0,0,2,0,7,30,0,4552,985,8,5,40,1,0,1,0,0
1304830,2,2022,2022,10,4,9,60,27,174,44,1,0,10,-33.868967,150.922127,24,0,2,1,2,0,0,0,2,2,7,50,1,5929,5929,1,5,0,2,0,0,2,1
1304832,2,2022,2022,10,0,10,2,31,316,34609,1,0,9,-31.429521,152.894658,56,2,1,0,0,0,0,0,0,0,7,50,0,63,63,4,5,0,2,0,0,3,0
1304833,2,2022,2022,1,4,10,361,32,111,65,0,1,9,-33.698375,150.870973,7,0,2,1,0,0,0,0,0,0,7,50,1,14295,14295,3,5,5,3,0,0,1,1
1304835,4,2022,2022,9,2,9,361,27,26,96,0,1,1,-33.917602,151.167679,32,0,2,1,1,0,0,0,2,0,7,60,2,4026,4026,1,5,5,5,0,1,0,0
1304837,4,2022,2022,10,2,10,2,27,42,34609,0,1,1,-33.655301,151.312528,50,0,2,1,0,0,0,0,0,0,7,50,0,9859,9859,1,5,5,2,0,1,0,0
1304842,1,2022,2022,9,4,4,83,31,532,21,0,1,10,-33.874131,151.204263,69,0,2,1,1,0,0,0,2,2,7,40,1,312,312,2,5,40,2,0,0,0,1
1304843,4,2022,2022,10,4,4,2126,17,38,2149,0,1,9,-33.776298,150.800889,55,0,2,1,1,0,0,0,2,0,0,80,2,775,775,4,5,5,2,0,1,0,0
1304844,1,2022,2022,10,6,5,8,1,37,80,0,1,10,-33.021856,151.667995,37,0,2,1,1,0,0,0,2,0,0,60,1,5929,5929,1,5,0,2,0,0,0,1
1304846,2,2022,2022,10,2,6,293,31,112,369,0,1,10,-33.614066,150.813146,29,2,2,1,1,0,0,0,2,0,15,60,2,2852,2852,4,5,0,2,0,0,2,1
1304847,1,2022,2022,11,0,9,1,27,23,34609,0,1,1,-35.608816,150.204459,23,1,0,1,0,2,3,4,0,0,7,100,0,9859,9859,8,16,40,1,0,0,0,1
1304848,4,2022,2022,10,4,2,2209,17,157,2205,0,1,9,-34.013669,151.094346,68,0,2,0,2,0,0,0,0,0,7,70,2,2852,2852,4,5,5,2,0,1,0,0
1304851,4,2022,2022,11,0,10,178,27,316,34609,0,1,0,-33.916649,151.241003,59,0,2,1,2,0,3,3,0,0,7,50,0,1945,1945,5,15,40,1,0,1,0,0
1304856,2,2022,2022,1,2,4,30,31,433,34609,1,0,10,-33.282036,149.118572,52,2,1,1,1,0,0,0,2,0,0,50,0,6545,6545,4,10,13,2,0,0,1,0
1304857,2,2022,2022,10,0,6,92,27,106,63,1,0,1,-33.909489,151.084836,15,0,2,1,3,0,0,0,2,0,7,50,1,623,623,3,10,5,2,0,0,1,0
1304872,2,2022,2022,9,3,3,30,31,85,35,0,1,9,-34.577343,150.776896,62,0,2,1,1,0,0,0,2,0,7,60,1,9859,9859,1,5,41,2,0,0,1,0
1304873,4,2022,2022,9,6,9,118,31,106,34609,0,1,9,-33.926871,151.087798,15,0,2,1,1,0,0,0,2,0,0,50,0,5929,5929,1,5,18,2,0,1,0,0
1304874,4,2022,2022,9,0,2,60,10,121,84,0,1,10,-28.198483,153.543781,72,2,1,1,1,0,0,0,1,2,7,60,1,5929,5929,1,9,25,2,0,1,0,0
1304877,4,2022,2022,1,1,9,51,31,77,5,0,1,9,-33.029476,151.653864,37,0,2,1,2,0,0,0,0,0,7,50,1,5929,5929,1,0,27,2,0,1,0,0
1304881,4,2022,2022,10,1,5,35,18,173,34609,0,1,1,-33.736727,151.100791,36,0,2,1,1,0,0,0,2,0,7,40,0,312,312,2,9,40,1,0,1,0,0
1304883,1,2022,2022,6,3,7,42,36,1,34609,0,1,1,-36.576824,148.485599,65,1,0,0,1,0,0,0,2,0,7,100,0,1850,1463,5,16,40,1,0,0,0,1
1304887,1,2022,2022,9,5,1,265,17,123,193,0,1,1,-33.916163,148.604728,51,1,0,1,0,0,3,4,0,0,7,100,2,9859,9859,8,3,40,1,0,0,0,1
1304890,1,2022,2022,11,2,6,8,31,134,34609,0,1,1,-33.893484,151.248026,76,0,2,1,1,0,0,0,2,0,9,50,0,1220,1220,9,5,28,2,0,0,0,1
1304899,1,2022,2022,9,2,5,45,27,80,44,0,1,2,-33.819854,151.150865,38,0,2,0,3,0,0,0,2,0,7,60,2,1282,1282,1,0,27,2,0,0,0,1
1304901,1,2022,2022,10,1,7,8,27,28,34609,0,1,7,-33.910797,150.879379,41,0,2,1,3,0,0,0,2,0,0,50,0,1109,397,1,0,5,2,0,0,0,1
1304902,2,2022,2022,10,4,10,829,27,309,770,1,0,9,-33.819373,151.116732,61,0,2,1,3,0,0,0,0,2,7,60,2,5929,5929,1,30,13,2,0,0,1,1
1304905,1,2022,2022,10,5,8,866,17,174,793,1,0,10,-33.869694,150.925265,24,0,2,1,3,0,0,0,2,2,7,70,2,14295,14295,3,10,25,2,0,0,0,1
1304906,1,2022,2022,10,2,7,78,27,11,5,0,1,1,-33.852178,151.129332,14,0,2,1,3,0,0,0,2,0,7,50,1,9859,9859,1,5,13,3,0,0,0,1
1304913,1,2022,2022,9,6,8,50,27,167,51,0,1,7,-33.853859,151.076965,54,0,2,1,3,0,0,0,2,3,0,60,1,14295,14295,3,5,5,2,0,0,0,1
1304914,1,2022,2022,9,3,5,1052,14,36,928,0,1,3,-33.425593,151.230925,16,1,2,0,3,0,3,4,2,0,7,110,2,1109,787,1,5,0,2,0,0,0,2
1304916,1,2022,2022,10,6,8,866,27,438,34609,0,1,7,-33.848785,151.025848,21,0,2,1,3,0,0,6,2,0,0,50,0,1669,1669,3,5,0,2,0,0,0,1
1304919,1,2022,2022,9,5,3,60,27,219,262,0,1,10,-32.90747,151.665033,48,0,2,1,3,0,0,0,2,3,7,60,2,14295,14295,3,29,0,4,0,0,0,1
1304924,1,2022,2022,10,0,5,230,27,84,284,0,1,10,-33.781673,151.113469,61,0,2,1,3,0,0,0,2,2,7,70,2,6545,6545,4,0,36,2,0,0,0,1
1304929,1,2022,2022,11,5,8,125,27,22,144,0,1,1,-32.85541,151.808164,57,1,0,1,3,0,0,0,2,0,7,100,2,14295,14295,3,9,36,4,0,0,0,1
1304932,1,2022,2022,11,4,6,19,27,87,34609,0,1,1,-33.687101,150.946435,71,0,2,1,3,0,0,0,2,0,7,60,0,14295,14295,3,10,5,2,0,0,0,1
1304937,4,2022,2022,10,2,4,224,27,102,321,0,1,2,-33.967309,151.230191,59,0,2,1,3,0,0,0,2,0,7,70,2,9859,9859,8,30,40,1,0,1,0,0
1304940,1,2022,2022,10,3,6,177,22,210,176,0,1,5,-34.035303,151.113428,68,0,2,1,3,0,0,0,2,2,7,60,2,14295,14295,3,5,5,2,0,0,0,1
1304946,2,2022,2022,10,1,11,78,17,34,75,0,1,3,-33.861036,151.205517,69,0,2,1,3,0,0,0,0,0,7,70,2,9859,9859,8,5,40,1,0,0,1,0
1304951,1,2022,2022,10,2,3,3371,17,29,3342,0,1,10,-32.21881,152.321947,43,2,1,1,3,0,0,0,2,0,7,80,2,1391,1391,1,5,0,2,0,0,0,1
1304960,1,2022,2022,9,5,5,7,27,8,34609,0,1,1,-28.441239,153.48922,72,2,1,1,3,0,0,0,2,0,7,60,0,941,941,1,5,19,2,0,0,0,1
1304962,1,2022,2022,10,0,5,2126,17,104,2149,0,1,9,-33.834451,151.020798,54,0,2,1,3,0,0,0,2,2,7,60,2,1391,1391,1,0,0,3,0,0,0,1
1304964,1,2022,2022,9,6,8,3,31,304,34609,0,1,2,-33.917739,151.155198,32,0,2,1,3,0,0,0,3,0,7,50,0,248,248,1,8,5,2,0,0,0,1
1304968,1,2022,2022,0,0,8,280,10,237,240,1,0,1,-33.865575,150.955393,24,0,2,1,3,0,0,0,2,0,7,60,2,1282,1282,1,5,27,2,0,0,0,1
1304969,2,2022,2022,10,6,4,103,27,124,770,0,1,9,-33.813946,151.052257,54,0,2,1,3,0,0,0,2,1,7,70,2,1383,1383,1,10,12,2,0,0,1,0
1304970,1,2022,2022,9,0,3,13,27,20,34609,0,1,1,-33.791867,151.094217,61,0,2,1,3,0,3,0,2,0,7,50,0,1981,1981,4,33,0,2,0,0,0,1
1304975,1,2022,2022,10,1,5,77,31,64,563,0,1,9,-33.885727,151.039766,21,0,2,1,3,0,0,0,2,0,0,80,2,5929,5929,1,5,5,2,0,0,0,1
1304980,1,2022,2022,9,6,7,36,36,9,139,0,1,1,-34.524807,146.310884,51,1,0,1,3,0,0,0,2,0,7,100,2,1669,1669,3,5,13,2,0,0,0,1
1304981,1,2022,2022,9,3,3,68,27,98,208,0,1,10,-33.754268,151.067474,31,0,2,1,3,0,0,0,0,0,15,60,2,515,515,1,5,27,2,0,0,0,1
1304988,1,2022,2022,5,3,10,475,31,162,240,0,1,1,-33.850665,150.89912,24,0,2,1,3,0,0,0,0,0,7,70,2,1109,787,1,5,36,2,0,0,0,1
1304989,1,2022,2022,9,2,6,2,18,161,34609,0,1,10,-33.730819,151.160771,36,0,2,1,3,0,0,0,2,0,15,50,0,6545,6545,4,10,5,2,0,0,0,1
1304990,1,2022,2022,9,6,3,48,13,11,34609,0,1,7,-34.022608,151.10884,68,0,2,0,3,0,0,3,2,0,0,50,0,14295,14295,3,5,5,2,0,0,0,1
1304998,1,2022,2022,11,3,8,112,27,109,256,0,1,10,-33.973225,150.860077,13,0,2,1,3,0,0,0,2,2,7,70,2,14295,14295,3,5,13,2,0,0,0,1
1305010,1,2022,2022,11,3,7,1,23,137,54,0,1,10,-34.028355,151.055457,68,0,2,1,3,0,0,0,2,2,7,60,2,14295,14295,3,0,5,3,0,0,0,1
1305011,1,2022,2022,9,4,3,44,27,253,53,0,1,1,-33.958491,151.109628,4,0,2,1,3,0,0,0,2,0,7,60,1,14295,14295,3,5,5,3,0,0,0,1
1305015,2,2022,2022,1,5,7,5,27,6,34609,0,1,1,-31.754777,149.254345,51,1,0,0,3,2,0,0,2,0,7,100,0,1850,1463,5,10,40,1,0,0,1,0
1305020,1,2022,2022,9,5,7,280,10,314,82,0,1,1,-33.852087,150.930768,24,0,2,1,3,0,0,0,2,0,7,60,1,1981,1981,4,0,0,2,0,0,0,1
1305021,1,2022,2022,9,0,8,283,27,145,702,0,1,2,-33.91988,151.066743,15,0,2,1,3,0,0,0,2,0,7,60,2,14295,14295,3,0,0,3,0,0,0,1
1305022,1,2022,2022,9,0,7,77,27,16,58,0,1,1,-34.791429,150.561885,63,2,1,1,3,0,0,0,2,0,7,60,2,14295,14295,3,0,0,2,0,0,0,1
1305023,1,2022,2022,10,0,8,2126,17,247,2149,0,1,10,-33.814535,150.964461,21,0,2,1,3,0,0,0,2,2,7,80,2,1391,1391,1,0,5,2,0,0,0,1
1305028,1,2022,2022,9,1,4,10,31,202,34609,0,1,1,-33.941317,151.034726,15,0,2,1,3,0,0,0,2,0,7,50,0,941,941,1,9,0,2,0,0,0,1
1305029,1,2022,2022,9,2,6,85,27,72,145,0,1,9,-33.799075,151.053967,54,0,2,1,3,0,0,0,2,0,7,70,2,1192,1192,1,5,12,2,0,0,0,1
1305038,2,2022,2022,10,3,8,72,31,204,62,0,1,9,-33.941684,151.150963,4,0,2,1,3,0,0,0,2,0,7,60,1,1391,1391,1,5,40,2,0,0,1,0
1305039,1,2022,2022,9,0,4,1,27,11,34609,0,1,9,-35.595443,146.657165,27,1,0,1,3,2,0,0,2,0,7,100,0,4552,985,8,0,40,1,0,0,0,1
1305043,2,2022,2022,11,1,8,109,27,247,106,0,1,9,-33.829901,150.958319,21,0,2,1,3,0,0,0,2,0,0,60,1,775,775,4,5,5,2,0,0,1,0
1305044,1,2022,2022,10,5,7,485,27,154,769,1,0,2,-33.712022,150.957024,71,0,2,1,3,0,0,0,2,0,7,60,2,1981,1981,4,10,27,2,0,0,0,1
1305050,1,2022,2022,9,1,3,330,23,293,112,0,1,2,-33.94345,151.239974,59,0,2,1,3,0,0,0,2,0,7,50,2,2040,2040,9,10,28,2,0,0,0,1
1305052,2,2022,2022,1,2,9,37,31,198,41,0,1,1,-33.907559,151.103193,15,0,2,1,3,0,0,0,0,0,7,40,1,214,214,9,0,28,2,0,0,1,0
1305056,2,2022,2022,9,4,3,5,27,3,34609,0,1,1,-32.055537,152.0136,43,2,1,0,3,0,0,0,1,0,7,80,0,4552,5151,8,5,40,1,0,0,1,0
1305060,1,2022,2022,10,2,5,829,27,149,770,0,1,2,-33.860493,151.164021,32,0,2,1,3,0,0,0,2,0,7,60,2,14295,14295,3,9,36,2,0,0,0,1
1305062,2,2022,2022,11,4,4,15,27,9,34609,0,1,1,-33.39518,149.497597,3,1,0,1,0,0,0,0,2,0,7,100,0,4026,4026,8,5,40,1,0,0,1,0
1305063,4,2022,2022,1,6,6,866,17,98,793,0,1,9,-33.739043,151.071129,31,0,2,1,2,0,0,0,2,2,7,70,2,1383,1383,1,5,10,2,0,1,0,0
1305073,2,2022,2022,10,0,10,105,17,251,136,0,1,2,-33.770301,150.940777,7,0,2,0,2,0,3,4,0,0,7,60,2,1259,5151,8,5,40,1,0,0,1,0
1305074,2,2022,2022,10,0,7,2209,17,29,2205,0,1,10,-35.317444,150.43731,63,2,1,0,1,0,3,4,2,0,0,50,2,6545,6545,4,10,5,2,0,0,1,0
1305076,1,2022,2022,10,3,6,9,27,29,23,0,1,1,-32.901999,142.375798,51,1,0,1,0,2,0,0,2,0,7,100,1,1945,1945,5,16,40,1,0,0,0,1
1305077,4,2022,2022,10,1,5,24,27,13,78,0,1,1,-33.639723,150.060706,40,1,0,1,0,0,0,0,2,0,7,100,2,9859,9859,8,30,40,1,0,1,2,0
1305078,4,2022,2022,11,3,1,103,27,33,167,0,1,1,-33.98533,151.136057,4,0,2,1,2,0,3,0,0,0,7,60,2,4026,4026,8,5,40,1,0,1,0,0
1305079,2,2022,2022,11,6,4,30,27,120,154,0,1,2,-33.762899,150.863195,7,0,2,1,1,0,0,0,2,0,9,60,1,14295,14295,3,5,5,2,0,0,1,0
1305080,2,2022,2022,1,6,5,2126,17,84,2149,0,1,9,-33.818526,150.9936,21,0,2,1,1,0,0,0,2,0,0,60,2,515,515,1,0,25,2,0,0,1,0
1305084,4,2022,2022,9,1,6,916,17,104,917,0,1,2,-32.819635,151.681296,48,0,2,0,1,0,0,0,2,0,7,80,2,1850,1463,5,16,40,1,0,1,0,0
1305087,4,2022,2022,10,0,8,10,31,143,34609,0,1,7,-33.702888,151.103587,31,0,2,1,1,0,0,0,2,0,7,50,0,591,591,1,18,0,2,0,1,0,0
1305090,2,2022,2022,9,4,4,23,27,8,8,0,1,1,-30.50717,151.566783,51,1,0,1,0,0,0,0,2,0,7,100,1,945,945,5,10,40,1,0,0,1,0
1305092,2,2022,2022,9,4,4,1,1,304,34609,0,1,1,-33.921239,151.150907,32,0,2,1,0,0,0,0,2,0,7,50,0,238,238,9,5,28,2,0,0,1,0
1305094,4,2022,2022,9,0,7,3371,17,63,3342,0,1,7,-33.238731,151.499434,16,2,2,0,1,0,0,0,2,0,0,70,2,14295,14295,3,33,27,2,0,1,0,0
1305095,2,2022,2022,9,3,5,7,27,6,34609,0,1,1,-34.712357,149.479556,74,1,0,0,0,0,3,4,2,0,7,100,0,1957,4009,8,16,40,1,0,0,1,0
1305099,1,2022,2022,11,1,2,265,17,10,193,0,1,1,-35.506158,147.034684,27,1,0,1,0,0,0,0,1,0,7,100,2,945,945,5,29,40,1,0,0,0,1
1305101,2,2022,2022,9,2,11,102,1,56,34609,1,0,1,-33.75154,150.781918,55,0,2,1,2,0,0,0,0,0,7,50,0,9859,9859,1,5,10,2,0,0,2,0
1305103,2,2022,2022,9,5,4,3371,17,19,3342,0,1,2,-31.886508,152.549935,43,1,0,1,0,0,0,0,2,0,7,100,2,9859,9859,8,30,40,1,0,0,1,0
1305106,2,2022,2022,9,3,5,82,27,84,181,0,1,10,-33.89414,151.2651,76,0,2,1,1,0,0,0,2,0,7,50,2,1282,1282,1,5,27,2,0,0,1,0
1305107,2,2022,2022,5,6,0,2261,17,26,2252,0,1,3,-34.107319,150.761962,13,0,2,1,2,0,0,0,0,0,7,110,2,9859,9859,8,0,40,1,0,0,1,0
1305109,2,2022,2022,1,6,6,109,27,204,105,0,1,1,-33.897427,150.926137,24,0,2,1,1,0,0,0,2,0,7,60,2,9859,9859,8,5,40,1,0,0,1,0
1305110,4,2022,2022,10,5,9,56,27,443,44,1,0,9,-33.910305,151.056732,15,0,2,1,0,0,0,0,2,0,7,60,1,9859,9859,1,21,5,5,0,1,0,0
1305112,1,2022,2022,10,2,7,512,17,21,441,0,1,10,-31.559208,147.188945,51,2,1,1,1,0,0,0,2,0,0,50,2,591,591,1,22,41,2,0,0,0,1
1305113,1,2022,2022,9,1,8,13,31,120,81,0,1,2,-32.188358,152.515612,43,2,1,1,1,0,0,0,2,0,0,50,2,1981,1981,4,0,27,2,0,0,0,1
1305115,1,2022,2022,9,0,6,123,31,218,34609,1,0,1,-33.78096,150.775566,55,0,2,1,0,0,0,0,2,0,7,50,0,1282,1282,1,33,27,2,0,0,0,1
1305116,2,2022,2022,9,2,6,7,27,55,34609,0,1,1,-33.936265,150.899301,41,0,2,1,0,0,0,0,2,0,7,50,0,323,323,1,5,0,2,0,0,1,0
1305120,2,2022,2022,9,2,8,191,17,15,189,0,1,9,-32.035851,149.491252,51,1,0,1,0,0,0,0,2,0,0,100,2,1945,1945,5,16,40,1,0,0,1,0
1305126,2,2022,2022,1,1,2,10,27,16,34609,0,1,9,-34.245747,146.014664,28,1,0,1,0,2,0,0,0,0,0,100,0,489,489,8,0,40,1,0,0,1,0
1305136,4,2022,2022,9,0,6,77,27,17,58,0,1,1,-34.681414,150.507752,63,2,1,0,0,0,0,0,2,0,7,60,2,1259,5151,8,10,40,1,0,1,0,0
1305138,2,2022,2022,1,2,5,361,23,193,34609,0,1,9,-33.790097,151.08277,61,0,2,1,1,0,0,3,2,0,7,50,0,214,214,9,5,28,2,0,0,1,0
1305141,1,2022,2022,1,5,11,29,31,123,233,0,1,5,-33.885041,151.218198,69,0,2,1,1,0,0,0,0,2,7,60,2,14295,14295,3,5,18,2,0,0,0,1
1305142,2,2022,2022,11,2,3,14,27,13,34609,0,1,1,-33.364329,149.064836,52,1,0,0,0,0,3,0,2,0,7,100,0,4552,5151,8,0,40,1,0,0,1,0
1305144,4,2022,2022,1,1,2,2,31,204,34609,1,0,9,-33.935681,151.139222,4,0,2,1,2,0,0,0,0,0,7,50,0,9859,9859,1,5,5,3,0,1,1,0
1305146,4,2022,2022,1,3,7,485,31,169,769,0,1,9,-33.601405,150.762093,29,2,2,1,0,0,0,0,2,0,7,60,2,1669,1669,3,16,5,2,0,1,0,1
1305147,1,2022,2022,11,0,8,98,27,166,799,0,1,2,-33.929406,150.979805,15,0,2,0,2,0,0,0,2,0,7,70,2,14295,14295,3,5,5,2,0,0,0,1
1305149,2,2022,2022,1,1,0,127,27,59,103,0,1,10,-32.889695,151.72635,48,0,2,1,2,0,0,0,0,2,7,60,1,6545,6545,4,0,10,2,0,0,1,1
1305152,2,2022,2022,11,2,6,150,27,309,415,0,1,10,-33.803849,151.113488,61,0,2,1,2,0,0,0,2,1,7,70,2,14295,14295,3,0,5,2,0,0,1,0
1305154,4,2022,2022,11,4,11,115,27,113,173,0,1,2,-34.31074,150.741238,79,1,2,0,0,0,0,0,0,0,7,100,2,2585,4009,8,10,40,1,0,1,0,0
1305156,2,2022,2022,10,6,9,77,31,445,563,0,1,10,-33.884705,151.040113,21,0,2,1,2,0,0,0,2,2,7,80,2,14295,14295,3,5,5,2,0,0,1,0
1305157,1,2022,2022,1,1,7,195,27,162,34609,0,1,9,-33.837482,150.881454,24,0,2,1,1,0,0,0,2,0,7,60,0,14295,14295,3,8,5,2,0,0,0,1
1305159,2,2022,2022,1,0,4,17,31,9,58,0,1,2,-32.909986,151.759348,48,0,2,1,0,0,0,3,2,0,7,60,2,14295,14295,3,5,5,3,0,0,1,0
1305161,4,2022,2022,1,3,6,3,27,7,34609,0,1,1,-34.980592,147.553244,51,1,0,0,0,0,0,0,2,0,7,100,0,1850,1463,5,16,40,1,0,1,0,0
1305162,4,2022,2022,1,4,4,4,31,76,34609,0,1,1,-34.55576,150.368561,78,2,1,1,0,0,0,0,2,0,7,50,0,9859,9859,1,30,0,3,0,1,0,0
1305163,2,2022,2022,11,1,9,232,36,79,331,0,1,2,-34.019999,150.761048,12,0,2,1,2,0,0,0,0,0,7,80,2,14295,14295,3,5,5,2,0,0,1,0
1305164,4,2022,2022,10,4,6,6,18,137,34609,0,1,9,-34.033115,151.056715,68,0,2,1,0,0,3,4,2,0,9,50,0,2040,2040,9,9,28,2,0,1,0,0
1305165,4,2022,2022,11,5,7,1104,14,149,962,0,1,3,-33.818912,150.981562,21,0,2,1,0,0,0,0,2,0,7,90,2,14295,14295,3,30,25,2,0,1,0,0
1305171,2,2022,2022,11,6,10,89,36,96,81,0,1,1,-33.425869,148.086276,51,1,0,1,0,0,3,0,0,0,7,100,2,9859,9859,8,5,40,1,0,0,1,0
1305173,1,2022,2022,11,0,4,481,17,562,441,0,1,10,-32.247908,148.593434,22,2,1,1,1,0,0,0,2,2,7,60,2,14295,14295,3,10,5,2,0,0,0,1
1305174,4,2022,2022,10,2,2,3371,17,21,3342,0,1,2,-31.625513,152.725863,56,1,0,1,0,0,3,3,1,0,7,110,2,4026,4026,8,21,40,1,0,1,0,0
1305175,2,2022,2022,11,0,2,6,1,370,34609,0,1,1,-34.07299,150.828825,13,0,2,1,2,0,0,0,0,0,7,60,0,9859,9859,8,34,40,1,0,0,1,0
1305176,4,2022,2022,11,5,6,11,31,228,34609,0,1,9,-34.757518,149.719102,26,2,1,1,0,0,0,0,2,0,0,60,0,1957,777,8,5,40,1,0,1,0,0
1305178,2,2022,2022,1,1,11,154,27,145,244,0,1,1,-33.922133,151.05979,15,0,2,1,2,0,0,0,0,0,7,60,2,9859,9859,1,5,5,2,0,0,1,0
1305179,4,2022,2022,11,4,8,7,31,78,34609,0,1,7,-33.853309,151.008362,21,0,2,1,0,0,3,3,3,0,0,50,0,2040,2040,9,5,28,2,0,1,0,0
1305180,2,2022,2022,11,1,6,213,17,132,213,0,1,9,-29.774339,151.089149,33,2,1,1,0,0,0,0,2,0,7,50,2,9859,9859,8,16,40,1,0,0,1,0
1305181,2,2022,2022,1,4,7,154,27,55,244,0,1,1,-33.900117,151.087439,67,0,2,1,1,0,0,0,2,0,7,60,2,3775,3775,0,5,36,2,0,0,2,0
1305182,2,2022,2022,11,5,6,2,18,202,34609,0,1,0,-33.952527,151.032914,15,0,2,0,1,0,0,0,2,0,7,40,0,2585,4009,8,5,40,1,0,0,1,0
1305183,2,2022,2022,1,3,5,2126,17,62,2149,1,0,9,-33.739168,150.605299,8,2,2,1,1,0,0,0,2,0,15,60,2,926,926,4,5,36,2,0,0,1,0
1305184,2,2022,2022,11,4,11,2126,17,17,2149,0,1,2,-33.713458,150.593792,8,2,2,0,0,0,3,3,0,0,7,80,2,1259,5151,8,5,40,1,0,0,1,0