Crash ID,Degree of crash - detailed,Reporting year,Year of crash,Month of crash,Day of week of crash,Two-hour intervals,Street of crash,Street type,Town,Route no.,School zone location,School zone active,Type of location,Latitude,Longitude,LGA,Urbanisation,Conurbation 1,Alignment,Street lighting,Road surface,Surface condition,Weather,Natural lighting,Signals operation,Other traffic control,Speed limit,Road classification,RUM - code,DCA - code,First impact type,Key TU type,Other TU type,No. of traffic units involved,No. killed,No. seriously injured,No. moderately injured,No. minor-other injured
1305188,4,2022,2022,11,4,5,133,27,66,260,0,1,9,-32.926211,151.65071,37,0,2,0,1,0,0,0,2,2,7,70,2,1957,4009,8,16,40,1,0,1,0,0
1305189,4,2022,2022,11,2,7,8,10,50,231,0,1,7,-33.508675,151.337967,16,2,2,0,0,0,0,0,2,0,0,70,2,1850,1463,5,16,40,1,0,1,0,0
1305190,4,2022,2022,11,4,7,916,17,32,917,0,1,9,-32.642644,151.233711,64,2,1,0,0,0,3,3,2,0,15,40,2,2852,2852,4,5,2,2,0,1,0,0
1305193,2,2022,2022,11,3,7,157,17,25,158,0,1,1,-33.711292,148.885849,51,1,0,0,0,0,0,0,2,0,7,100,2,1957,777,8,5,40,1,0,0,2,0
1305194,4,2022,2022,1,5,8,7,27,9,34609,0,1,1,-35.012575,150.635006,63,2,1,0,0,0,3,4,2,0,7,80,0,782,957,5,16,40,1,0,1,0,0
1305196,4,2022,2022,11,4,4,2261,10,51,34609,0,1,1,-34.187922,150.98769,80,0,2,1,1,0,3,4,2,0,7,50,0,9859,9859,8,10,40,1,0,1,0,0
1305197,4,2022,2022,10,5,10,70,27,84,35,0,1,9,-33.807854,150.987189,54,0,2,1,2,0,0,0,0,2,7,50,1,1220,1220,9,5,28,2,0,1,0,0
1305199,1,2022,2022,10,1,4,45,1,294,34609,0,1,1,-33.944331,150.924195,41,0,2,1,1,0,0,0,2,0,7,60,0,14295,14295,3,5,0,2,0,0,0,1
1305203,4,2022,2022,11,4,5,23,31,123,34609,0,1,10,-33.908705,151.221216,59,0,2,1,0,0,0,3,2,0,15,50,0,926,926,4,5,19,2,0,1,0,0
1305204,4,2022,2022,10,6,0,196,10,166,168,0,1,1,-33.938789,150.98357,15,0,2,0,0,0,0,0,0,0,7,60,2,3775,3775,0,0,5,2,0,2,1,0
1305210,4,2022,2022,10,4,11,74,27,22,59,0,1,2,-34.465537,150.870942,80,0,2,0,2,0,3,4,0,0,7,80,2,4552,5151,8,16,40,1,0,1,0,0
1305214,4,2022,2022,10,4,8,234,27,57,217,0,1,1,-33.590533,151.009054,71,0,2,1,0,0,3,4,2,0,7,60,2,1981,1981,4,5,36,2,0,1,0,0
1305216,1,2022,2022,10,4,7,168,17,42,212,0,1,7,-35.350295,149.241076,58,2,1,1,0,0,3,4,2,0,0,60,2,9859,9859,8,5,40,1,0,0,0,1
1305221,2,2022,2022,9,6,7,194,31,40,34609,0,1,9,-35.784842,150.138606,23,2,1,1,1,0,0,0,2,0,0,50,0,256,256,4,9,22,2,0,0,2,1
1305223,2,2022,2022,9,3,6,175,27,86,220,0,1,9,-33.745013,150.916777,7,0,2,1,1,0,0,0,2,0,0,70,2,623,623,3,5,5,2,0,0,2,0
1305224,4,2022,2022,11,2,8,14,27,8,41,0,1,1,-29.068946,153.295776,60,1,0,0,0,0,0,0,2,0,7,100,1,14295,14295,3,10,5,2,0,2,1,1
1305226,2,2022,2022,9,5,9,46,27,304,39,0,1,1,-33.914351,151.163341,32,0,2,1,1,0,0,0,3,0,7,60,1,5929,5929,1,5,18,2,0,0,1,0
1305227,2,2022,2022,5,0,6,348,31,523,34609,0,1,10,-33.922065,150.92012,41,0,2,1,1,0,0,0,2,0,15,50,0,775,775,4,5,25,2,0,0,1,0
1305228,2,2022,2022,10,3,5,481,17,113,483,0,1,1,-29.407156,149.920735,51,1,0,0,2,0,0,0,2,0,7,110,2,273,957,5,21,40,1,0,0,1,0
1305229,1,2022,2022,10,0,7,4,27,2,34609,0,1,1,-34.722507,148.955941,82,1,0,0,0,2,0,0,2,0,7,100,0,4552,5151,8,0,40,1,0,0,0,1
1305232,4,2022,2022,10,1,4,234,27,323,217,0,1,10,-33.74749,150.993677,71,0,2,0,1,0,3,4,2,2,7,60,2,2852,2852,4,30,0,2,0,2,1,0
1305235,2,2022,2022,10,4,3,361,23,80,44,0,1,9,-33.972275,150.893508,13,0,2,1,0,0,0,0,2,2,7,50,1,2040,2040,9,0,28,2,0,0,1,0
1305239,2,2022,2022,10,6,8,2261,17,32,2252,0,1,9,-34.837288,149.013354,82,1,0,0,0,0,0,0,2,0,0,110,2,6545,6545,4,5,2,2,0,0,1,0
1305240,4,2022,2022,10,5,7,3,31,147,34609,0,1,1,-33.891321,151.003334,15,0,2,1,1,0,3,4,2,0,7,50,0,2040,2040,9,5,26,2,0,1,0,0
1305241,1,2022,2022,1,6,3,44,7,18,34609,0,1,9,-33.666652,151.299995,50,0,2,1,0,0,0,0,2,0,7,50,0,28,28,1,10,19,2,0,0,0,1
1305242,4,2022,2022,9,0,8,361,31,82,34609,0,1,9,-34.373454,150.899578,80,0,2,1,1,0,0,0,2,0,7,50,0,591,591,1,22,5,2,0,1,0,0
1305243,4,2022,2022,9,4,2,1,27,90,34609,0,1,1,-33.724992,150.309166,8,2,2,1,2,0,0,0,1,0,7,50,0,1089,1089,7,22,40,1,0,1,0,0
1305245,2,2022,2022,10,2,5,916,17,22,917,0,1,9,-32.77311,151.607437,42,2,1,1,0,0,0,0,2,2,7,80,2,1383,1383,1,5,36,2,0,0,1,1
1305247,4,2022,2022,1,6,5,4,27,87,34609,0,1,1,-34.460024,150.424233,78,2,1,0,1,0,0,0,2,0,7,50,0,4552,5151,8,30,40,1,0,1,1,0
1305249,2,2022,2022,9,6,3,3,16,98,34609,0,1,9,-33.742332,151.071382,31,0,2,1,0,0,0,0,2,0,0,50,0,489,489,8,5,40,1,0,0,1,0
1305253,2,2022,2022,9,2,5,10,27,41,52,0,1,9,-30.353327,153.101119,19,2,1,1,1,0,0,0,2,0,7,50,1,6545,6545,4,5,13,2,0,0,1,0
1305254,2,2022,2022,9,6,8,346,17,4,332,0,1,1,-28.926176,152.326518,51,1,0,0,0,0,0,0,2,0,7,100,2,1850,1463,5,16,40,1,0,0,1,0
1305256,4,2022,2022,10,0,8,2,1,166,168,0,1,9,-33.936773,150.980832,15,0,2,1,1,0,0,0,2,0,7,60,2,591,591,1,22,0,2,0,1,0,0
1305257,4,2022,2022,11,3,0,2209,17,201,2205,0,1,1,-34.885358,150.603788,63,2,1,0,2,0,3,4,0,0,7,70,2,1220,1220,9,30,28,2,0,1,0,0
1305268,1,2022,2022,1,1,3,7,27,5,34609,0,1,1,-28.804466,153.066942,60,2,1,0,1,0,3,4,2,0,7,80,0,782,957,5,10,40,1,0,0,0,1
1305270,4,2022,2022,10,2,3,73,24,50,88,0,1,1,-33.717034,151.26461,50,0,2,1,1,0,0,0,2,0,15,70,2,1981,1981,4,0,19,2,0,1,0,0
1305274,2,2022,2022,10,0,9,14,27,115,34609,0,1,2,-33.750173,151.236421,50,0,2,1,2,0,0,0,3,0,7,50,0,1981,1981,4,0,20,2,0,0,1,0
1305278,4,2022,2022,9,0,4,36,36,10,139,0,1,9,-34.307655,146.093941,28,1,0,1,0,0,0,0,2,0,7,100,2,1669,1669,3,0,13,2,0,1,1,0
1305279,2,2022,2022,1,1,10,57,31,38,169,0,1,1,-32.814873,151.464908,17,2,1,0,2,0,3,0,0,0,7,60,2,2585,4009,8,0,40,1,0,0,1,1
1305280,4,2022,2022,1,1,9,112,17,4,112,0,1,9,-31.546781,146.723323,51,1,0,1,0,0,0,0,0,0,7,110,2,1669,1669,3,30,40,2,0,1,0,0
1305281,2,2022,2022,1,1,4,85,10,38,702,0,1,2,-33.840281,151.083033,14,0,2,1,1,0,0,3,2,0,7,80,2,14295,14295,3,0,0,2,0,0,1,0
1305283,2,2022,2022,9,6,2,308,14,62,311,0,1,3,-33.730395,150.858897,7,0,2,1,0,0,0,0,1,0,7,100,2,14295,14295,3,5,5,2,0,0,1,0
1305285,1,2022,2022,10,2,9,5,1,67,34609,0,1,10,-33.712093,150.904357,7,0,2,0,0,0,0,0,2,2,7,60,0,6545,6545,4,5,0,2,0,0,0,1
1305286,1,2022,2022,9,4,8,68,27,278,67,0,1,9,-33.768992,151.041339,54,0,2,1,0,0,0,0,3,0,7,60,1,2852,2852,4,0,5,2,0,0,0,1
1305288,2,2022,2022,9,3,8,3371,17,23,3342,0,1,2,-32.046671,152.447553,43,1,0,0,0,0,3,4,2,0,7,110,2,1957,4009,8,0,40,1,0,0,1,0
1305289,2,2022,2022,1,2,8,12,27,29,12,0,1,7,-33.750511,151.279148,50,0,2,1,1,0,0,0,2,0,0,50,1,6545,6545,4,5,27,2,0,0,1,0
1305291,4,2022,2022,11,4,9,330,23,123,233,0,1,2,-33.903533,151.223501,59,0,2,1,2,0,3,4,0,0,7,50,2,340,340,9,32,28,2,0,1,0,0
1305292,2,2022,2022,9,0,5,5,27,6,34609,0,1,1,-30.560078,150.494755,70,1,0,1,0,2,3,0,2,0,7,100,0,1945,1945,5,16,40,1,0,0,1,0
1305295,4,2022,2022,9,1,5,45,31,76,34609,0,1,10,-35.351311,150.47036,63,2,1,1,1,0,0,0,2,0,15,50,0,6545,6545,4,5,5,2,0,1,0,1
1305302,4,2022,2022,11,3,9,87,31,179,34609,0,1,1,-31.911499,152.459992,43,2,1,1,2,0,0,0,0,0,7,50,0,1945,1945,5,16,40,1,0,1,0,0
1305303,2,2022,2022,9,1,5,157,17,123,158,0,1,2,-33.835535,148.697784,51,2,1,0,0,0,0,0,2,0,7,50,2,1957,4009,8,0,40,1,0,0,1,0
1305308,1,2022,2022,9,5,6,232,36,134,331,0,1,9,-33.984626,150.796054,12,0,2,1,0,0,0,0,2,0,15,80,2,775,775,4,5,5,2,0,0,0,1
1305309,2,2022,2022,9,4,7,1,27,31,34609,0,1,1,-31.126978,150.81473,70,1,0,1,1,2,0,0,2,0,7,100,0,9859,9859,8,0,40,1,0,0,1,0
1305312,4,2022,2022,9,2,10,29,31,66,59,0,1,9,-34.473148,150.886579,80,0,2,0,2,0,0,0,0,2,7,60,2,3775,3775,0,5,0,2,0,1,1,0
1305313,1,2022,2022,5,5,2,2261,17,68,2252,0,1,2,-34.773549,148.818587,82,1,0,0,0,0,0,0,0,0,7,110,2,1957,4009,1,3,5,2,0,0,0,1
1305317,2,2022,2022,9,4,7,48,4,85,34609,0,1,1,-33.903743,150.871038,41,0,2,0,0,0,0,0,2,0,7,50,0,2585,4009,1,5,25,2,0,0,1,0
1305322,1,2022,2022,10,2,9,42,27,134,56,0,1,10,-33.890174,151.241958,76,0,2,1,1,0,0,0,2,2,7,50,1,515,515,1,19,18,2,0,0,0,1
1305323,4,2022,2022,11,0,8,21,27,39,34609,0,1,1,-33.550933,150.820869,29,2,2,1,3,0,2,6,2,0,7,80,0,9859,9859,8,5,40,1,0,1,0,0
1305324,4,2022,2022,10,3,1,4,27,2,34609,0,1,1,-33.758798,149.556783,51,1,0,1,0,0,0,0,0,0,7,100,0,4026,4026,8,0,40,1,0,1,0,0
1305325,4,2022,2022,11,0,3,280,10,314,240,0,1,9,-33.85563,150.946609,24,0,2,1,1,0,0,0,2,0,0,60,2,96,96,0,5,0,3,0,2,1,0
1305326,2,2022,2022,10,3,3,3,27,56,34609,0,1,9,-33.810364,151.197917,77,0,2,1,1,0,0,0,2,0,7,50,0,237,162,8,10,40,1,0,0,1,0
1305327,2,2022,2022,1,5,5,177,22,210,176,0,1,2,-34.034204,151.101677,68,0,2,1,1,0,0,0,2,0,7,60,2,14295,14295,3,5,13,2,0,0,1,0
1305328,1,2022,2022,1,5,7,68,27,110,67,1,2,9,-33.775113,151.02311,54,0,2,0,1,0,3,4,2,2,7,40,1,5929,5929,1,21,0,2,0,0,0,1
1305330,2,2022,2022,11,1,2,2261,17,49,2252,0,1,2,-34.732181,149.80851,26,1,0,1,0,0,0,1,0,0,7,110,2,1282,1282,1,5,35,2,0,0,1,0
1305331,4,2022,2022,9,6,2,485,27,323,769,0,1,10,-33.761977,150.992848,71,0,2,1,2,0,0,0,0,2,7,60,2,1282,1282,1,22,40,2,0,1,0,0
1305333,1,2022,2022,10,0,7,24,31,91,160,0,1,10,-33.990775,150.892756,13,0,2,1,1,0,0,0,2,2,7,60,2,14295,14295,3,34,5,2,0,0,0,1
1305334,2,2022,2022,11,0,4,44,1,129,34609,0,1,2,-33.896181,151.110947,15,0,2,1,0,0,0,6,2,0,7,50,0,1981,1981,4,5,27,2,0,0,1,0
1305339,4,2022,2022,10,6,6,19,27,26,34609,1,0,9,-33.113498,151.514509,37,0,2,1,1,0,0,0,2,0,0,60,0,2852,2852,4,5,10,2,0,1,0,0
1305340,4,2022,2022,11,2,5,86,27,3,65,0,1,1,-30.16774,152.573644,18,1,0,0,0,0,0,0,2,0,7,100,1,273,957,5,16,40,1,0,1,0,0
1305344,1,2022,2022,10,4,3,43,22,149,187,0,1,2,-33.869699,151.175418,32,0,2,1,1,0,0,0,2,0,7,60,2,14295,14295,3,5,5,2,0,0,0,1
1305347,2,2022,2022,9,5,9,17,31,433,34609,0,1,10,-33.274997,149.092882,52,2,1,1,1,0,0,0,3,0,0,50,0,6545,6545,4,34,19,2,0,0,1,0
1305350,2,2022,2022,9,3,9,82,27,84,181,0,1,9,-33.895574,151.272709,76,0,2,0,1,0,0,0,2,0,0,50,2,926,926,4,5,5,2,0,0,1,1
1305354,2,2022,2022,10,0,11,27,36,4,34609,0,1,9,-32.991828,151.608111,37,0,2,1,2,0,0,0,0,0,15,50,0,489,489,8,5,40,2,0,0,1,0
1305355,4,2022,2022,5,6,8,2,6,11,34609,0,1,1,-34.649079,150.290579,78,2,1,1,0,0,0,0,2,0,7,50,0,3775,3775,0,10,0,2,0,1,0,0
1305359,2,2022,2022,1,2,6,3,7,54,34609,0,1,1,-33.872574,150.866714,24,0,2,0,0,0,0,0,2,0,7,50,0,1957,4009,8,5,40,1,0,0,1,0
1305368,4,2022,2022,9,6,11,2,1,78,34609,0,1,7,-33.824303,150.804246,55,0,2,1,2,0,0,0,0,0,0,50,0,1945,1945,5,0,40,1,0,1,0,0
1305372,2,2022,2022,9,0,9,73,27,443,78,0,1,1,-33.906659,151.056205,15,0,2,1,0,0,0,0,2,0,7,60,2,14295,14295,3,10,5,4,0,0,1,0
1305376,4,2022,2022,10,6,7,6,27,85,34609,0,1,1,-32.930331,151.731423,48,0,2,1,0,0,0,0,2,0,7,50,0,9859,9859,8,16,40,1,0,1,0,0
1305378,2,2022,2022,10,2,5,21,1,123,25,0,1,7,-33.909813,151.220995,59,0,2,1,1,0,0,0,2,0,0,50,1,14295,14295,3,15,5,2,0,0,1,0
1305380,2,2022,2022,10,4,4,5,27,163,34609,0,1,9,-33.848478,151.105306,14,0,2,1,0,0,0,0,2,0,0,50,0,9859,9859,1,0,10,2,0,0,1,0
1305382,2,2022,2022,9,2,4,133,17,5,121,0,1,1,-36.164639,149.153224,65,1,0,1,0,0,0,0,2,0,7,100,2,4026,4026,8,5,40,1,0,0,1,0
1305385,2,2022,2022,10,3,11,2126,17,104,2149,0,1,10,-33.833455,151.018618,54,0,2,1,2,0,0,3,0,2,7,60,2,14295,14295,3,0,5,2,0,0,1,0
1305389,4,2022,2022,9,6,7,35,27,155,231,0,1,9,-33.495953,151.328662,16,2,2,1,0,0,0,0,2,0,7,60,2,340,340,9,10,28,2,0,1,0,0
1305390,2,2022,2022,10,6,5,17,31,131,34609,0,1,7,-36.079431,146.922576,0,2,1,1,1,0,3,4,2,0,0,50,0,6545,6545,4,10,27,2,0,0,1,0
1305392,1,2022,2022,9,0,7,163,27,226,165,0,1,9,-33.76454,150.826581,7,0,2,1,1,0,0,0,2,0,0,60,1,775,775,4,0,19,2,0,0,0,1
1305395,2,2022,2022,10,2,8,65,10,132,148,0,1,1,-34.113512,151.064698,68,0,2,0,0,0,0,0,2,0,7,60,2,3775,3775,0,16,36,2,0,0,1,0
1305396,4,2022,2022,6,2,5,1,27,1,34609,0,1,1,-32.389979,151.503942,51,2,1,0,0,0,0,0,2,0,7,80,0,1850,1463,5,16,40,2,0,1,0,0
1305398,2,2022,2022,10,1,10,7,27,19,34609,1,0,9,-34.087848,150.828944,13,0,2,0,2,0,0,0,0,0,0,50,0,5929,5929,1,5,5,2,0,0,1,0
1305399,2,2022,2022,1,3,6,72,14,532,71,0,1,3,-33.867451,151.217461,69,0,2,1,1,0,0,0,2,0,7,80,2,14295,14295,3,16,19,4,0,0,2,0
1305400,4,2022,2022,9,3,8,225,27,304,140,0,1,10,-33.91055,151.156395,32,0,2,1,1,0,0,0,2,2,7,40,1,1220,1220,9,5,28,2,0,1,0,0
1305409,4,2022,2022,9,4,9,193,1,24,34609,0,1,1,-33.707997,151.107317,31,0,2,1,1,0,0,0,2,0,7,50,0,2040,2040,9,5,28,2,0,1,0,0
1305411,4,2022,2022,11,6,6,28,31,96,19,0,1,10,-33.375136,148.003548,51,2,1,1,0,0,3,4,2,0,0,50,1,6545,6545,4,16,0,2,0,1,1,0
1305417,4,2022,2022,9,4,9,5,27,54,34609,0,1,1,-28.517757,153.534797,10,2,1,0,1,0,0,0,3,0,7,50,0,1669,1669,3,16,0,2,0,1,0,0
1305419,2,2022,2022,9,6,4,26,27,26,25,0,1,1,-31.968594,152.582697,43,2,1,1,0,0,0,0,2,0,7,50,1,3775,3775,0,0,0,2,0,0,2,0
1305420,4,2022,2022,9,0,4,18,31,273,34609,0,1,1,-34.426579,150.896641,80,0,2,1,1,0,0,0,2,0,7,50,0,2040,2040,9,9,28,2,0,1,0,0
1305421,4,2022,2022,9,3,2,346,17,7,332,0,1,1,-28.863865,153.49146,2,2,1,1,0,0,0,0,1,0,7,80,2,9859,9859,8,30,40,1,0,1,0,0
1305422,4,2022,2022,11,2,6,6,10,29,34609,0,1,9,-33.746107,150.796401,7,0,2,1,0,0,0,0,2,0,7,50,0,5929,5929,1,10,19,2,0,1,0,0
1305424,4,2022,2022,1,1,8,829,27,124,770,0,1,2,-33.811011,151.033762,54,0,2,1,1,0,3,4,2,0,7,60,2,1945,1945,5,16,40,1,0,1,0,0
1305425,2,2022,2022,10,3,4,78,23,8,34,0,1,1,-34.241034,150.545353,79,1,2,0,0,0,0,0,2,0,7,100,1,3775,3775,0,0,13,2,0,0,1,0
1305427,2,2022,2022,9,6,4,3371,17,18,3342,0,1,2,-30.947763,152.860502,34,1,0,0,0,0,0,0,2,0,7,110,2,1259,5151,8,0,40,1,0,0,1,0
1305431,2,2022,2022,9,1,5,265,17,103,193,0,1,1,-34.379315,148.259973,30,1,0,0,0,0,0,0,2,0,7,100,2,2585,4009,8,34,40,1,0,0,1,0
1305435,1,2022,2022,1,6,3,2,27,126,34609,0,1,9,-33.911621,150.826599,41,0,2,1,1,0,0,0,2,0,0,50,0,6545,6545,4,10,5,2,0,0,0,1
1305436,1,2022,2022,10,4,6,103,27,123,563,0,1,2,-33.811819,151.052854,54,0,2,1,0,0,0,0,2,0,7,80,2,1282,1282,1,30,19,2,0,0,0,1
1305437,2,2022,2022,10,1,1,23,31,218,19,0,1,1,-33.747078,150.773037,55,0,2,0,2,0,0,0,0,0,7,60,1,4552,5151,1,5,10,2,0,0,1,0
1305438,1,2022,2022,1,4,10,1,31,16,62,0,1,9,-36.4272,150.076378,5,2,1,1,2,0,3,0,0,0,0,50,1,489,489,8,9,40,1,0,0,0,1
1305439,2,2022,2022,11,4,7,35,27,193,33,0,1,1,-33.786498,151.085722,61,0,2,1,0,0,3,3,2,0,7,60,1,1109,787,1,5,19,2,0,0,2,0
1305443,2,2022,2022,11,4,8,16,27,202,34609,0,1,9,-33.952366,151.026382,15,0,2,1,1,0,0,0,2,0,15,50,0,2852,2852,4,22,0,2,0,0,1,0
1305447,2,2022,2022,11,2,1,35,10,463,34609,0,1,2,-30.304625,153.126275,19,2,1,1,1,0,0,0,0,0,7,50,0,4026,4026,8,9,40,1,0,0,1,0
1305448,2,2022,2022,11,1,9,78,31,179,34609,0,1,9,-31.890842,152.458623,43,2,1,1,2,0,0,0,0,0,0,50,0,1109,787,1,21,5,2,0,0,2,0
1305449,2,2022,2022,10,6,5,1,27,48,34609,0,1,1,-29.085221,151.952568,51,1,0,0,0,0,0,0,2,0,7,100,0,1957,4009,8,5,40,1,0,0,1,0
1305451,4,2022,2022,10,6,10,71,36,10,61,0,1,1,-34.464112,146.017103,28,1,0,0,0,0,0,0,0,0,7,100,2,3775,3775,0,10,13,2,0,1,1,1
1305452,2,2022,2022,10,2,8,5,27,251,34609,0,1,2,-33.791577,150.935309,7,0,2,1,1,0,0,0,2,0,7,50,0,4026,4026,8,0,40,1,0,0,1,0
1305454,4,2022,2022,9,4,8,7,1,21,34609,0,1,1,-33.703907,151.279266,50,0,2,1,0,0,0,0,2,0,7,50,0,340,340,9,10,28,2,0,1,0,0
1305457,2,2022,2022,10,4,3,78,27,111,62,0,1,10,-33.704019,150.858386,7,0,2,1,1,0,3,4,2,2,7,70,2,926,926,4,10,5,2,0,0,1,0
1305459,4,2022,2022,10,3,5,1,36,10,34609,0,1,1,-32.087428,152.446064,43,2,1,1,0,0,0,0,2,0,7,60,0,9859,9859,8,5,40,1,0,1,0,0
1305462,2,2022,2022,10,1,1,4,27,29,45,0,1,9,-35.10594,150.622177,63,2,1,0,0,0,3,4,0,0,0,50,1,1957,4009,8,5,40,1,0,0,1,0
1305463,2,2022,2022,10,2,5,10,31,61,34609,0,1,1,-29.734411,151.736287,51,2,1,1,1,0,0,0,2,0,7,50,0,4026,4026,1,10,13,2,0,0,1,0
1305464,4,2022,2022,10,6,4,916,17,17,917,0,1,1,-32.147082,150.883214,73,2,1,1,0,0,3,4,2,0,7,80,2,9859,9859,8,10,40,1,0,1,0,0
1305469,4,2022,2022,9,4,3,90,36,74,102,0,1,1,-34.493306,147.987442,20,1,0,0,0,0,0,3,1,0,7,100,2,1957,4009,8,5,40,1,0,1,0,0
1305470,4,2022,2022,9,0,5,135,17,93,136,0,1,9,-36.075398,146.927213,0,2,1,1,1,0,0,0,2,2,7,60,2,5929,5929,1,30,5,2,0,1,0,0
1305474,2,2022,2022,10,4,4,21,31,179,66,0,1,9,-31.905373,152.448965,43,2,1,1,1,0,0,0,2,0,7,60,1,2852,2852,4,5,41,2,0,0,1,0
1305476,2,2022,2022,9,5,3,222,27,98,70,1,0,9,-33.736669,151.061996,31,0,2,1,2,0,0,0,2,0,7,60,2,14295,14295,3,16,0,2,0,0,1,0
1305478,4,2022,2022,10,1,1,26,27,71,38,0,1,1,-33.832944,150.969306,21,0,2,1,2,0,0,0,0,0,7,60,1,14295,14295,3,5,5,3,0,1,0,0
1305481,4,2022,2022,9,0,6,265,17,2,193,0,1,1,-34.093386,148.50844,30,1,0,0,0,0,0,0,2,0,7,100,2,782,957,5,16,40,1,0,1,0,0
1305489,4,2022,2022,10,1,2,24,36,11,56,0,1,1,-33.937616,147.25854,51,1,0,1,0,0,0,0,0,0,7,100,2,1089,1089,7,16,40,1,0,1,0,0
1305490,4,2022,2022,10,6,7,829,31,162,15,0,1,2,-33.845207,150.897982,24,0,2,1,1,0,0,0,2,0,7,60,1,14295,14295,3,8,5,5,0,1,2,0
1305492,2,2022,2022,1,2,7,3,27,6,34609,0,1,1,-34.402551,150.354662,78,2,1,0,0,2,3,4,2,0,7,80,0,1850,1463,5,10,40,1,0,0,1,0
1305495,1,2022,2022,10,3,6,2,18,5,34609,0,1,1,-28.760605,152.146138,51,1,0,0,0,2,0,0,2,0,7,100,0,4552,5151,8,9,40,1,0,0,0,1
1305496,4,2022,2022,10,0,10,86,31,83,65,0,1,1,-29.717147,152.939037,18,2,1,1,2,0,0,0,0,0,7,50,1,121,121,9,10,26,2,0,1,0,0
1305497,4,2022,2022,9,0,11,112,27,3,769,0,1,1,-33.530439,150.447782,29,2,2,0,0,0,0,0,0,0,7,80,2,2585,4009,8,0,40,1,0,1,0,0
1305498,1,2022,2022,10,4,3,2,31,273,34609,0,1,7,-34.429774,150.892542,80,0,2,1,1,0,0,0,1,0,0,50,0,1282,1282,1,33,27,2,0,0,0,1
1305500,2,2022,2022,10,3,7,92,27,17,605,1,0,1,-33.592473,151.322464,50,0,2,0,0,0,0,0,2,0,7,40,2,5929,5929,1,5,19,2,0,0,1,0
1305511,4,2022,2022,10,0,8,478,17,58,480,0,1,9,-33.435059,151.297241,16,2,2,1,3,0,0,0,2,2,7,60,2,14295,14295,3,10,12,3,0,1,0,0
1305512,4,2022,2022,1,6,7,2261,17,32,2252,0,1,2,-34.832178,148.985901,82,1,0,1,0,0,0,0,2,0,7,110,2,4026,4026,8,0,40,1,0,1,1,0
1305513,1,2022,2022,10,5,11,133,1,68,8,0,1,7,-33.875682,151.239631,81,0,2,1,2,0,0,0,0,0,7,50,1,4026,4026,1,15,0,2,0,0,0,1
1305519,2,2022,2022,11,0,8,25,27,136,76,1,0,10,-32.922073,151.713415,48,0,2,1,1,0,0,0,2,2,7,60,1,5929,5929,1,5,0,2,0,0,2,0
1305521,2,2022,2022,9,2,9,13,1,562,34609,0,1,7,-32.251403,148.630478,22,2,1,1,1,0,0,0,2,0,0,60,0,6545,6545,4,0,0,2,0,0,1,0
1305522,2,2022,2022,9,5,3,72,31,176,62,0,1,1,-33.957688,151.146767,4,0,2,1,1,0,0,0,2,0,7,60,1,5929,5929,1,0,27,2,0,0,1,0
1305524,1,2022,2022,11,1,3,115,27,96,173,0,1,1,-34.259415,150.710139,79,1,2,1,0,0,0,0,2,0,7,100,2,14295,14295,3,8,5,3,0,0,0,1
1305525,1,2022,2022,9,6,3,2126,17,163,2149,0,1,2,-33.867785,151.098158,14,0,2,1,3,0,0,0,2,0,7,60,2,14295,14295,3,5,5,2,0,0,0,1
1305526,1,2022,2022,10,0,2,1,27,387,260,0,1,2,-33.938017,151.194012,4,0,2,1,2,0,3,4,1,0,7,60,2,1383,1383,1,15,0,2,0,0,0,1
1305536,2,2022,2022,9,4,5,1,27,104,34609,0,1,9,-32.912418,151.716322,48,0,2,0,1,0,0,0,2,0,7,50,0,14295,14295,3,9,5,2,0,0,1,1
1305539,4,2022,2022,9,4,2,2,27,1,34609,0,1,1,-30.237143,151.479612,1,1,0,0,0,0,0,0,1,0,7,100,0,1089,1089,7,10,40,1,0,1,0,0
1305541,2,2022,2022,9,5,9,47,26,201,160,0,1,7,-34.011306,150.87185,13,0,2,1,1,0,0,0,2,0,0,60,2,6545,6545,4,5,27,2,0,0,1,0
1305542,2,2022,2022,10,1,4,2209,17,133,2205,0,1,7,-34.490047,150.797244,80,0,2,1,1,0,0,0,2,0,0,50,1,775,775,4,0,27,2,0,0,1,0
1305544,4,2022,2022,9,4,3,41,31,137,34609,1,0,9,-32.970013,151.703031,37,0,2,1,0,0,0,0,2,0,7,50,0,1981,1981,4,5,5,2,0,2,0,0
1305545,1,2022,2022,9,6,7,2209,17,34,2205,0,1,1,-36.987644,149.9106,5,1,0,0,0,0,0,3,2,0,7,100,2,57,57,1,5,27,2,0,0,0,1
1305552,2,2022,2022,9,0,6,40,27,105,34609,0,1,1,-32.711733,151.516057,42,2,1,1,0,0,0,0,2,0,7,60,0,9859,9859,1,34,13,6,0,0,1,0
1305556,1,2022,2022,9,1,7,3371,17,57,3342,0,1,2,-28.618935,153.546145,10,1,0,1,0,0,0,0,2,0,7,100,2,1945,1945,5,3,40,1,0,0,0,1
1305558,4,2022,2022,10,3,6,4,27,9,34609,0,1,1,-32.651631,151.788343,57,1,0,1,0,0,0,3,2,0,7,90,0,9859,9859,8,10,40,1,0,1,1,0