Crash ID,Degree of crash - detailed,Reporting year,Year of crash,Month of crash,Day of week of crash,Two-hour intervals,Street of crash,Street type,Town,Route no.,School zone location,School zone active,Type of location,Latitude,Longitude,LGA,Urbanisation,Conurbation 1,Alignment,Street lighting,Road surface,Surface condition,Weather,Natural lighting,Signals operation,Other traffic control,Speed limit,Road classification,RUM - code,DCA - code,First impact type,Key TU type,Other TU type,No. of traffic units involved,No. killed,No. seriously injured,No. moderately injured,No. minor-other injured
1305564,2,2022,2022,9,3,8,12,27,35,34609,0,1,1,-32.094672,152.344657,43,1,0,1,0,0,0,0,2,0,7,90,0,945,945,5,29,40,1,0,0,1,0
1305568,4,2022,2022,10,6,8,3371,17,35,3342,0,1,2,-32.1041,152.3744,43,1,0,1,1,0,0,0,2,0,7,100,2,1945,1945,5,16,40,1,0,1,0,0
1305571,1,2022,2022,9,4,6,12,23,50,34609,0,1,10,-33.636404,151.329315,50,0,2,1,1,0,0,0,2,0,9,40,0,41,41,8,0,40,2,0,0,0,1
1305577,2,2022,2022,9,5,7,104,27,387,140,0,1,10,-33.920278,151.187866,4,0,2,1,0,0,0,0,2,1,7,60,2,14295,14295,3,5,5,2,0,0,1,0
1305580,2,2022,2022,10,5,2,67,27,100,34609,0,1,1,-33.803731,151.14993,38,0,2,1,2,0,3,4,1,0,7,50,0,9859,9859,1,5,0,3,0,0,1,0
1305581,2,2022,2022,11,0,9,255,27,66,172,0,1,2,-32.92866,151.641229,37,0,2,1,2,0,3,4,0,0,7,60,2,340,340,9,5,28,2,0,0,1,0
1305584,2,2022,2022,9,6,8,3,18,73,34609,0,1,0,-33.888385,151.167958,32,0,2,1,1,0,0,3,2,0,7,50,0,220,220,1,10,18,2,0,0,1,0
1305586,4,2022,2022,6,0,8,62,10,55,169,0,1,7,-32.829554,151.531731,17,2,1,1,2,0,3,4,0,0,0,60,2,14295,14295,3,9,13,2,0,1,0,0
1305590,4,2022,2022,10,0,7,31,31,67,34609,0,1,1,-33.893642,151.008639,15,0,2,1,0,0,2,6,2,0,7,50,0,941,941,1,5,13,3,0,1,0,0
1305591,1,2022,2022,9,5,8,43,31,106,7,0,1,1,-33.673567,151.303868,50,0,2,1,3,0,2,6,2,0,7,50,1,1981,1981,4,10,20,2,0,0,0,1
1305592,2,2022,2022,9,1,7,334,17,316,308,0,1,2,-31.449522,152.877939,56,2,1,1,1,0,0,0,2,0,7,70,2,14295,14295,3,10,5,3,0,0,2,0
1305594,4,2022,2022,9,5,9,9,1,57,34609,0,1,9,-33.335094,151.438324,16,2,2,1,1,0,0,0,2,0,7,50,0,9859,9859,8,5,40,1,0,1,0,0
1305595,1,2022,2022,9,6,4,500,27,83,799,0,1,9,-33.907558,151.125947,15,0,2,0,1,0,0,0,2,0,0,60,2,2852,2852,4,0,18,2,0,0,0,1
1305598,4,2022,2022,10,2,11,2261,17,204,2252,0,1,9,-33.896225,150.954299,24,0,2,1,2,0,3,0,0,0,2,70,2,775,775,4,5,5,2,0,1,0,2
1305600,4,2022,2022,9,6,9,7,27,37,34609,0,1,1,-32.715739,151.384884,17,1,0,0,0,0,0,0,3,0,7,100,0,4552,5151,8,5,40,1,0,1,0,0
1305603,2,2022,2022,9,5,3,2209,17,40,2205,0,1,9,-35.787901,150.138138,23,2,1,1,0,0,0,0,2,0,0,50,2,9859,9859,8,0,40,1,0,0,1,0
1305604,1,2022,2022,9,0,6,2,31,207,34609,0,1,10,-31.95173,141.445311,51,2,1,1,1,0,0,0,2,0,0,50,0,6545,6545,4,30,5,2,0,0,0,1
1305608,2,2022,2022,9,0,0,36,27,23,39,0,1,9,-32.369623,149.267386,44,2,1,1,0,0,0,0,0,0,7,80,2,1089,1089,7,10,40,1,0,0,1,0
1305614,2,2022,2022,9,1,10,475,31,532,34609,0,1,10,-33.866346,151.210736,69,0,2,1,2,0,0,0,0,2,7,40,0,5929,5929,1,0,40,2,0,0,1,0
1305616,1,2022,2022,9,1,10,26,10,370,68,0,1,10,-34.073537,150.800594,13,0,2,1,2,0,0,0,0,2,7,60,1,6545,6545,4,5,5,2,0,0,0,2
1305617,2,2022,2022,10,3,9,1,27,165,34609,0,1,1,-32.263411,150.910362,46,2,1,1,0,0,0,0,2,0,7,80,0,1945,1945,5,16,40,1,0,0,1,0
1305618,2,2022,2022,11,2,8,7,27,40,34609,0,1,1,-33.836294,151.18569,38,0,2,0,1,0,0,0,3,0,7,50,0,404,404,8,15,40,1,0,0,1,0
1305619,2,2022,2022,9,4,4,56,27,80,80,0,1,10,-33.886684,151.174237,32,0,2,1,0,0,0,0,2,0,7,40,2,775,775,4,0,19,2,0,0,1,0
1305620,2,2022,2022,10,5,10,71,17,61,71,0,1,10,-35.528519,144.959014,51,2,1,1,0,0,0,0,3,0,0,50,2,6545,6545,4,0,13,2,0,0,1,0
1305621,4,2022,2022,9,3,5,9,27,58,34609,0,1,1,-33.252546,151.368392,16,2,2,0,0,0,0,0,2,0,7,60,0,1850,1463,5,16,40,1,0,1,0,0
1305622,4,2022,2022,11,0,5,5,27,1,118,0,1,1,-29.574074,150.537227,51,2,1,1,0,0,3,4,2,0,7,60,2,4026,4026,8,5,40,1,0,1,0,0
1305626,1,2022,2022,9,4,7,296,27,290,293,1,0,9,-33.849491,150.99698,21,0,2,1,1,0,0,0,2,0,7,70,2,2040,2040,9,0,28,3,0,0,0,2
1305635,2,2022,2022,10,4,4,63,31,30,16,0,1,9,-32.653884,152.149727,43,2,1,1,1,0,0,0,2,0,0,50,1,1669,1669,3,8,5,2,0,0,1,2
1305636,2,2022,2022,9,5,8,55,31,78,34609,0,1,9,-28.329797,153.395406,72,2,1,1,3,0,0,6,2,0,7,50,0,941,941,1,5,18,2,0,0,1,0
1305649,4,2022,2022,11,6,8,5,27,42,34609,0,1,9,-33.869995,150.818344,24,0,2,1,0,0,0,0,2,0,7,60,0,5929,5929,1,10,5,2,0,1,0,0
1305650,2,2022,2022,11,6,8,2,27,3,34609,0,1,9,-30.662603,151.024936,70,1,0,0,0,2,0,3,2,0,7,100,0,1957,4009,8,10,40,1,0,0,1,0
1305651,2,2022,2022,9,0,9,103,36,4,103,0,1,1,-32.019395,152.074314,43,2,1,0,0,0,0,0,3,0,7,80,1,4552,5151,8,10,40,1,0,0,1,0
1305652,1,2022,2021,11,6,7,137,14,55,70,0,1,3,-32.833491,151.53659,17,1,0,0,0,0,0,6,2,0,7,110,2,1383,1383,1,0,35,2,0,0,0,1
1305655,4,2022,2022,10,1,6,8,7,103,34609,0,1,9,-28.818405,153.315412,39,2,1,0,0,0,0,0,2,0,7,50,0,4552,5151,8,5,40,1,0,1,0,0
1305661,4,2022,2022,9,6,3,109,27,71,106,0,1,10,-33.832344,150.969553,21,0,2,1,1,0,0,0,2,2,7,60,1,775,775,4,5,35,2,0,1,0,0
1305662,4,2022,2022,10,2,5,265,17,17,193,0,1,1,-34.865376,147.506093,51,1,0,1,0,0,0,0,2,0,7,100,2,1945,1945,5,16,40,1,0,1,0,0
1305665,4,2022,2022,10,6,7,11,1,39,34609,1,2,9,-32.882999,151.660026,48,0,2,1,1,0,0,0,2,0,7,40,0,3775,3775,0,22,13,2,0,1,0,0
1305666,4,2022,2022,11,1,9,17,10,12,34609,0,1,1,-34.419222,150.817395,80,0,2,1,0,0,0,0,3,0,7,60,0,9859,9859,8,16,40,1,0,1,0,0
1305667,2,2022,2022,10,0,5,18,31,39,34609,1,0,7,-35.310855,148.219872,66,2,1,1,0,0,3,4,2,0,0,50,0,5929,5929,1,10,5,2,0,0,1,0
1305671,2,2022,2022,1,1,8,2,27,123,34609,0,1,9,-33.818515,148.612546,51,1,0,1,3,2,0,0,3,0,7,100,0,4552,985,8,30,40,1,0,0,1,0
1305672,4,2022,2022,11,5,5,133,31,646,118,0,1,9,-33.91721,151.030075,15,0,2,0,1,0,0,0,2,0,0,50,1,1669,1669,3,5,5,3,0,2,0,0
1305673,2,2022,2022,1,2,6,39,31,131,34609,1,0,10,-36.083387,146.920346,0,2,1,1,0,0,0,3,2,2,7,50,0,6545,6545,4,34,5,2,0,0,2,0
1305675,2,2022,2022,11,4,8,15,31,18,34609,0,1,1,-28.689551,153.607951,10,2,1,1,0,0,0,0,2,0,7,50,0,1220,1220,9,5,28,2,0,0,1,0
1305677,2,2022,2022,1,0,9,35,27,21,96,0,1,7,-32.958223,151.678149,37,0,2,0,2,0,0,0,0,0,0,60,2,418,714,5,10,40,1,0,0,1,0
1305678,1,2022,2022,1,1,4,9,31,77,34609,0,1,1,-32.567198,151.163627,64,2,1,1,0,0,0,0,2,0,9,50,0,2040,2040,9,5,28,3,0,0,0,1
1305680,2,2022,2022,11,1,6,387,27,290,331,0,1,9,-33.952479,151.122719,4,0,2,1,1,0,0,0,2,2,7,60,2,5929,5929,1,10,19,2,0,0,1,0
1305681,4,2022,2022,11,1,4,8,27,48,34609,0,1,1,-29.091087,152.093952,51,1,0,1,0,2,0,0,2,0,7,100,0,1945,1945,5,16,40,1,0,1,0,0
1305683,4,2022,2022,10,0,6,193,1,463,34609,0,1,9,-30.29753,153.113639,19,2,1,1,0,0,0,0,2,0,4,40,0,2040,2040,9,9,28,2,0,1,1,0
1305685,4,2022,2022,10,3,8,19,27,40,605,0,1,2,-33.799286,151.250556,50,0,2,0,1,0,0,0,2,0,7,60,2,3775,3775,0,0,0,2,0,1,0,0
1305689,1,2022,2022,10,6,10,8,1,145,34609,0,1,1,-33.926726,151.065959,15,0,2,1,3,0,3,4,0,0,7,50,0,1981,1981,4,0,5,2,0,0,0,2
1305690,2,2022,2022,1,0,11,4,27,11,34609,0,1,1,-32.71707,151.595503,42,2,1,0,0,0,0,6,0,0,7,60,0,4552,5151,8,0,40,1,0,0,1,0
1305695,4,2022,2022,11,5,7,512,17,19,441,0,1,9,-32.398755,148.831089,22,2,1,1,1,0,0,0,2,0,0,50,2,9859,9859,8,5,40,1,0,1,0,0
1305699,2,2022,2022,11,2,3,71,27,31,122,0,1,7,-34.58781,150.853305,62,0,2,1,0,0,0,0,1,0,0,80,2,6545,6545,4,30,27,2,0,0,1,0
1305700,2,2022,2022,11,0,8,28,31,523,34609,1,0,10,-33.920624,150.927307,41,0,2,1,1,0,0,0,2,2,7,30,0,5929,5929,1,5,13,2,0,0,1,0
1305703,2,2022,2022,1,2,10,48,27,14,26,0,1,1,-34.900693,149.685665,26,1,0,0,0,0,3,3,0,0,7,100,2,782,957,5,0,40,1,0,0,1,0
1305705,4,2022,2022,1,4,8,2209,17,115,2205,0,1,10,-33.91557,151.174624,32,0,2,1,1,0,0,0,2,2,7,60,2,5929,5929,1,16,36,2,0,1,0,0
1305706,2,2022,2022,10,0,5,1,25,93,34609,0,1,1,-33.416855,149.608365,3,2,1,1,1,0,0,0,2,0,7,50,0,1945,1945,5,16,40,1,0,0,1,0
1305707,2,2022,2022,10,2,10,45,27,26,44,0,1,2,-33.837164,151.145241,51,0,2,1,2,0,3,4,0,0,7,70,2,4026,4026,8,5,40,1,0,0,1,0
1305708,4,2022,2022,1,0,4,3371,17,137,3342,0,1,10,-32.962164,151.696062,37,0,2,1,1,0,0,0,2,2,7,60,2,340,340,9,5,28,2,0,1,0,0
1305709,2,2022,2022,10,0,9,10,1,173,15,0,1,1,-33.878611,151.226134,69,0,2,1,3,0,3,4,3,0,7,40,1,1282,1282,1,0,5,2,0,0,1,0
1305710,2,2022,2022,1,3,2,1,27,80,34609,0,1,1,-34.460037,146.392798,51,1,0,1,0,0,0,0,1,0,7,100,0,945,945,5,10,40,1,0,0,1,0
1305711,1,2022,2022,1,2,8,46,27,304,39,0,1,2,-33.910367,151.156021,32,0,2,1,1,0,0,0,2,0,7,40,1,387,387,1,22,40,3,0,0,0,1
1305716,4,2022,2022,10,0,4,192,10,29,25,0,1,1,-33.465903,151.41583,16,2,2,1,1,0,3,4,2,0,7,70,1,14295,14295,3,0,13,4,0,1,0,0
1305720,2,2022,2022,9,4,7,916,17,37,917,0,1,10,-32.675754,151.387367,17,2,1,1,0,0,0,0,2,0,0,60,2,1282,1282,1,5,5,2,0,0,2,0
1305724,2,2022,2022,10,6,1,229,14,323,237,0,1,3,-33.769213,150.992982,71,0,2,1,2,0,3,4,0,0,7,100,2,9859,9859,8,30,40,1,0,0,1,0
1305728,2,2022,2022,9,6,7,40,27,73,34609,1,2,9,-35.132873,147.376798,75,2,1,1,1,0,0,3,2,0,7,40,0,4026,4026,8,0,40,1,0,0,1,0
1305729,1,2022,2022,9,0,0,100,31,179,34609,0,1,1,-33.771347,150.740173,55,0,2,1,2,0,0,0,0,0,7,50,0,9859,9859,1,21,36,2,0,0,0,1
1305732,1,2022,2022,10,0,6,30,27,32,39,0,1,1,-35.359983,149.302094,58,1,0,1,0,0,3,4,2,0,7,90,1,3775,3775,0,10,5,2,0,0,0,2
1305733,4,2022,2022,9,3,5,11,7,304,52,0,1,7,-33.922079,151.156626,32,0,2,0,0,0,3,4,2,0,0,50,1,1850,1463,5,22,40,1,0,1,0,0
1305734,1,2022,2022,9,5,9,2126,17,363,2149,0,1,1,-33.756613,150.71101,55,0,2,1,3,0,0,0,0,0,7,60,2,14295,14295,3,0,5,2,0,0,0,1
1305737,2,2022,2022,9,2,10,5,31,39,34609,0,1,9,-35.301606,148.219811,66,2,1,1,2,0,0,0,0,0,7,50,0,14295,14295,3,5,5,2,0,0,1,0
1305738,2,2022,2022,9,5,3,42,31,37,34609,0,1,1,-32.669179,151.385673,17,2,1,1,1,0,0,0,1,0,7,50,0,190,190,1,0,12,2,0,0,1,0
1305743,4,2022,2022,9,3,5,4,27,5,34609,0,1,1,-32.891855,151.108966,17,2,1,0,0,0,3,3,2,0,7,80,0,1850,1463,5,16,40,1,0,1,0,0
1305744,1,2022,2022,10,1,10,3371,17,147,3342,0,1,2,-33.750297,151.147015,36,0,2,1,3,0,0,0,0,0,7,60,2,14295,14295,3,5,13,2,0,0,0,1
1305745,1,2022,2022,9,5,6,40,27,59,39,0,1,9,-33.167295,151.476103,37,0,2,1,3,0,0,0,2,0,7,60,1,1669,1669,3,10,5,2,0,0,0,1
1305746,1,2022,2022,10,3,8,1052,14,57,928,0,1,3,-33.669808,151.121119,31,0,2,0,3,0,0,0,2,0,7,110,2,14295,14295,3,0,0,3,0,0,0,1
1305747,1,2022,2022,9,1,4,3371,17,42,3342,0,1,10,-33.824111,151.192418,38,0,2,1,3,0,0,0,2,2,7,60,2,14295,14295,3,16,5,2,0,0,0,1
1305753,1,2022,2022,9,6,6,24,31,460,28,0,1,7,-33.845196,150.976868,21,0,2,1,3,0,0,0,2,0,0,50,1,6545,6545,4,0,19,2,0,0,0,1
1305755,1,2022,2022,10,1,8,45,31,204,331,0,1,2,-33.938334,151.152016,4,0,2,1,3,0,0,0,2,0,7,60,2,14295,14295,3,34,5,2,0,0,0,1
1305756,2,2022,2022,9,5,6,28,27,16,62,0,1,1,-36.726529,149.918337,5,2,1,0,3,0,0,0,2,0,7,80,1,4552,5151,8,5,40,1,0,0,1,0
1305763,1,2022,2022,9,3,4,5,27,4,34609,0,1,1,-35.094873,149.067884,82,1,0,0,0,0,0,0,2,0,7,100,0,1850,1463,5,10,40,1,0,0,0,1
1305774,1,2022,2022,10,6,4,117,1,49,35,0,1,9,-33.966448,151.15164,4,0,2,1,3,0,0,0,2,0,7,60,2,926,926,4,5,5,2,0,0,0,1
1305775,4,2022,2022,11,0,11,213,17,4,213,0,1,1,-29.737033,150.966438,33,1,0,0,0,0,3,4,0,0,7,100,2,1259,5151,8,10,40,1,0,2,1,0
1305776,4,2022,2022,10,3,11,1,27,15,34609,0,1,1,-30.227905,153.130522,19,2,1,0,0,0,0,3,0,0,7,60,0,4552,5151,1,10,13,3,0,1,0,0
1305777,4,2022,2022,9,4,7,63,31,79,79,0,1,1,-33.82142,151.210551,49,0,2,1,1,0,0,0,2,0,7,50,2,1981,1981,4,0,5,2,0,1,0,0
1305779,1,2022,2022,9,2,4,111,27,57,233,0,1,9,-33.944112,151.226838,4,0,2,1,3,0,0,0,2,2,7,60,2,5929,5929,1,5,12,2,0,0,0,1
1305786,2,2022,2022,6,3,10,63,31,173,34609,0,1,1,-33.880673,151.21491,69,0,2,1,3,0,0,0,0,0,7,40,0,387,387,1,22,5,2,0,0,1,0
1305787,1,2022,2022,9,4,8,24,31,124,34609,0,1,1,-33.811645,151.034702,54,0,2,1,3,0,0,0,4,0,7,50,0,941,941,1,5,5,2,0,0,0,1
1305789,1,2022,2022,9,6,4,3,31,64,34609,0,1,1,-33.471906,150.17008,40,2,1,0,3,0,0,0,2,0,7,50,0,1981,1981,4,5,5,2,0,0,0,1
1305790,1,2022,2022,9,2,6,829,27,149,770,0,1,2,-33.864282,151.170779,32,0,2,1,3,0,0,0,2,0,7,60,2,14295,14295,3,5,5,3,0,0,0,1
1305791,1,2022,2022,9,0,7,62,31,445,34609,0,1,1,-33.855526,151.046609,21,0,2,1,3,0,0,0,2,0,7,60,0,941,941,1,0,0,2,0,0,0,1
1305793,2,2022,2022,9,0,3,83,27,169,147,0,1,9,-28.65141,153.61485,10,2,1,1,1,0,0,0,2,0,7,50,1,1945,1945,5,16,40,1,0,0,1,0
1305794,1,2022,2022,10,3,9,2209,17,40,2205,0,1,2,-34.710775,150.840897,35,2,1,0,0,0,3,4,2,0,7,80,2,2585,4009,8,9,40,1,0,0,0,1
1305798,2,2022,2022,9,5,8,11,22,293,34609,0,1,7,-33.925579,151.058319,15,0,2,1,3,0,0,0,2,0,0,50,0,3775,3775,0,5,19,2,0,0,1,0
1305799,1,2022,2022,9,5,3,46,1,293,34609,0,1,1,-33.925332,151.051397,15,0,2,1,3,0,0,0,2,0,7,50,0,387,387,1,5,5,2,0,0,0,1
1305800,1,2022,2022,10,2,5,283,27,20,702,0,1,10,-33.970589,151.098708,25,0,2,1,3,0,0,0,2,2,7,60,2,14295,14295,3,9,5,2,0,0,0,1
1305801,1,2022,2022,9,5,3,125,27,57,123,0,1,10,-33.362068,151.444366,16,2,2,0,3,0,0,0,2,2,7,60,2,14295,14295,3,5,13,2,0,0,0,1
1305806,1,2022,2022,9,5,10,829,27,159,770,0,1,10,-33.807358,151.086894,61,0,2,1,2,0,0,0,3,2,7,60,2,5929,5929,1,5,19,2,0,0,0,1
1305807,4,2022,2022,9,4,4,26,31,646,34609,0,1,9,-33.912741,151.032199,15,0,2,1,0,0,0,0,2,0,0,60,0,121,121,9,5,28,2,0,1,0,0
1305811,4,2022,2022,11,4,5,2,27,29,34609,0,1,1,-34.079416,150.584021,79,1,2,0,0,0,0,0,2,0,7,100,0,1850,1463,5,10,40,1,0,1,0,0
1305812,1,2022,2022,11,6,3,361,32,460,42,0,1,9,-33.837017,150.992432,21,0,2,1,1,0,0,0,2,0,9,50,1,5929,5929,1,5,27,2,0,0,0,1
1305817,2,2022,2022,9,3,9,64,27,278,284,0,1,9,-33.777384,151.05347,54,0,2,1,2,0,3,4,0,2,7,60,2,5929,5929,1,5,5,4,0,0,2,0
1305818,2,2022,2022,1,5,1,478,17,69,480,0,1,10,-33.359161,151.484192,16,2,2,1,2,0,0,0,0,0,0,50,2,9859,9859,8,0,40,1,0,0,1,0
1305819,1,2022,2022,8,2,3,89,27,182,228,1,0,9,-32.836245,151.346905,17,2,1,0,0,0,0,0,1,0,15,60,1,1220,1220,9,0,28,2,0,0,0,1
1305821,2,2022,2022,5,0,4,76,31,29,34609,0,1,10,-31.081141,150.937123,70,2,1,0,1,0,0,0,2,0,15,50,0,4552,5151,8,5,40,1,0,0,1,0
1305823,1,2022,2022,6,6,10,1104,14,223,962,0,1,3,-33.806341,150.926629,7,0,2,1,2,0,0,0,0,0,7,100,2,14295,14295,3,5,5,4,0,0,0,1
1305826,4,2022,2022,9,0,9,24,31,237,34609,0,1,7,-33.872428,150.953181,24,0,2,1,1,0,0,0,2,0,0,40,0,1220,1220,9,5,28,2,0,1,1,0
1305827,2,2022,2022,10,6,5,119,31,145,140,0,1,9,-33.927249,151.123239,15,0,2,1,1,0,0,0,2,0,7,50,1,5929,5929,1,5,18,2,0,0,1,0
1305828,4,2022,2022,10,5,7,481,17,25,483,0,1,1,-31.8168,148.638555,51,1,0,1,1,0,0,0,2,0,7,110,2,1383,1383,1,0,13,2,0,1,1,0
1305831,4,2022,2022,11,4,7,31,10,78,23,0,1,1,-33.427364,151.444924,16,2,2,1,0,0,0,0,2,0,7,50,1,4026,4026,1,5,0,2,0,1,1,0
1305834,2,2022,2022,9,5,9,2126,17,106,2149,0,1,2,-33.886003,151.180211,69,0,2,1,1,0,0,0,2,0,7,60,2,9859,9859,8,19,40,1,0,0,1,0
1305835,4,2022,2022,9,6,6,83,31,90,34609,0,1,10,-33.888545,151.24845,81,0,2,0,1,0,0,0,2,0,7,50,0,1850,1463,5,15,40,1,0,1,0,0
1305840,2,2022,2022,10,6,8,2209,17,144,2205,0,1,2,-34.058864,151.030082,68,0,2,0,3,0,0,0,2,0,7,70,2,1282,1282,1,5,12,3,0,0,1,0
1305846,1,2022,2022,9,1,5,2,31,30,34609,0,1,1,-33.861627,151.14573,14,0,2,1,3,0,0,0,2,0,7,50,0,4026,4026,8,0,40,1,0,0,0,1
1305847,1,2022,2022,9,0,8,2209,17,70,2205,0,1,7,-34.842498,150.594104,63,2,1,1,1,0,0,0,2,0,0,70,2,6545,6545,4,0,0,2,0,0,0,1
1305848,1,2022,2022,10,1,7,220,27,251,222,0,1,2,-33.766604,150.958574,71,0,2,1,1,0,0,0,2,0,7,80,2,14295,14295,3,21,0,2,0,0,0,1
1305854,1,2022,2022,9,0,6,2126,17,90,2149,0,1,9,-33.710752,150.311015,8,2,2,1,3,0,0,0,2,2,7,70,2,14295,14295,3,5,5,2,0,0,0,1
1305857,1,2022,2022,9,2,8,2261,17,443,2252,0,1,2,-33.894683,151.053076,15,0,2,1,3,0,0,0,2,0,7,70,2,14295,14295,3,5,13,2,0,0,0,1
1305858,1,2022,2022,10,1,10,280,10,237,240,0,1,9,-33.865041,150.955038,24,0,2,1,3,0,0,0,0,0,0,60,2,775,775,4,0,5,2,0,0,0,1
1305865,1,2022,2022,10,1,6,829,27,159,770,0,1,9,-33.807694,151.088744,61,0,2,1,3,0,0,0,2,2,7,60,2,14295,14295,3,5,0,2,0,0,0,1
1305866,1,2022,2022,1,2,7,1,27,5,34609,0,1,1,-35.104688,143.379496,51,1,0,0,0,0,0,0,2,0,7,100,0,273,957,5,10,40,1,0,0,0,1
1305869,2,2022,2022,11,6,7,109,27,100,105,1,2,9,-33.893297,150.891958,24,0,2,1,1,0,0,0,2,2,7,40,2,2040,2040,9,0,28,2,0,0,1,0
1305873,2,2022,2022,10,3,6,3371,17,17,3342,0,1,2,-31.994254,152.466773,43,1,0,1,0,0,0,0,2,0,7,110,2,4026,4026,8,0,40,1,0,0,1,0
1305876,1,2022,2022,9,1,7,3371,17,58,3342,0,1,7,-32.781869,151.739167,57,2,1,1,3,0,0,0,2,0,0,70,2,14295,14295,3,34,5,2,0,0,0,1
1305877,4,2022,2022,10,6,3,2209,17,7,2205,0,1,9,-37.375837,149.696445,5,1,0,1,3,0,3,4,1,0,7,100,2,9859,9859,8,0,40,1,0,1,0,0
1305881,2,2022,2022,9,1,7,67,31,131,34609,0,1,1,-36.077023,146.920144,0,2,1,1,3,0,0,0,2,0,7,50,0,1981,1981,4,0,0,2,0,0,1,0
1305885,1,2022,2022,10,3,6,2126,17,78,2149,0,1,9,-33.866479,151.093618,14,0,2,1,3,0,0,0,2,2,7,60,2,14295,14295,3,5,5,2,0,0,0,1
1305886,1,2022,2022,9,5,8,22,27,90,93,0,1,9,-33.785195,150.957689,54,0,2,1,3,0,0,0,2,0,9,60,1,14295,14295,3,5,5,2,0,0,0,1
1305890,4,2022,2022,11,6,4,7,27,8,11,0,1,9,-33.447648,146.722565,51,1,0,0,0,0,0,0,2,0,0,100,1,2852,2852,4,5,0,2,0,1,2,1
1305891,2,2022,2022,9,4,3,47,31,28,34609,0,1,1,-33.400668,149.567649,3,2,1,1,1,0,0,0,2,0,7,60,0,941,941,1,5,5,2,0,0,1,0
1305893,4,2022,2022,1,4,2,34,27,23,34609,0,1,1,-35.608529,150.211267,23,1,0,0,0,2,0,0,0,0,7,100,0,380,714,5,10,40,1,0,1,0,0
1305898,1,2022,2022,9,3,5,2261,17,96,2252,0,1,3,-34.224963,150.671617,79,1,2,1,3,0,3,4,2,0,7,110,2,14295,14295,3,0,5,2,0,0,0,1
1305900,2,2022,2022,9,3,10,168,10,387,260,0,1,2,-33.944684,151.187144,4,0,2,1,2,0,0,0,0,0,7,70,2,14295,14295,3,0,5,2,0,0,1,0
1305904,1,2022,2022,9,0,6,36,27,3,82,0,1,9,-35.195402,147.32741,75,2,1,1,0,0,0,0,2,0,7,80,1,1282,1282,1,5,40,1,0,0,0,1
1305905,2,2022,2022,9,2,6,829,27,165,770,0,1,2,-33.84692,151.151655,14,0,2,1,1,0,0,0,2,0,7,60,2,1282,1282,1,0,5,2,0,0,1,0
1305912,4,2022,2022,1,4,3,1,27,1,34609,0,1,1,-29.360477,146.845961,51,1,0,0,0,2,0,3,2,0,7,100,0,273,957,5,5,40,1,0,1,0,0
1305913,2,2022,2022,10,6,3,1,31,8,41,0,1,9,-34.739914,146.782545,51,2,1,1,0,0,0,0,1,0,0,50,1,121,121,9,10,28,2,0,0,1,0
1305915,2,2022,2022,10,1,11,9,10,243,34609,0,1,1,-33.948863,150.900864,41,0,2,0,2,0,0,0,0,0,7,50,0,4552,5151,1,5,5,2,0,0,1,0
1305916,2,2022,2022,10,4,8,32,1,646,34609,1,2,1,-33.922391,151.027099,15,0,2,1,0,0,0,0,2,0,7,40,0,9859,9859,1,0,0,3,0,0,2,0
1305918,1,2022,2022,6,0,7,83,27,169,147,0,1,1,-28.65576,153.616302,10,2,1,1,1,0,0,0,2,0,7,50,1,9859,9859,1,9,13,2,0,0,0,1
1305921,2,2022,2022,11,3,9,55,36,155,95,0,1,1,-33.155665,148.341043,53,1,0,0,0,0,0,0,0,0,7,100,2,1259,5151,8,5,40,1,0,0,1,0
1305922,4,2022,2022,9,1,3,27,17,54,34609,0,1,1,-33.099271,151.627566,37,0,2,0,0,0,0,0,2,0,7,50,0,1850,1463,5,22,40,1,0,1,0,0
1305925,2,2022,2022,9,6,4,8,23,52,34609,0,1,10,-33.9084,151.263767,76,0,2,1,3,0,0,0,2,0,7,50,0,1109,787,1,0,0,2,0,0,1,0
1305929,1,2022,2022,9,5,4,34,31,46,34609,0,1,9,-33.882717,150.963135,24,0,2,1,1,0,0,0,2,0,7,50,0,6545,6545,4,0,13,2,0,0,0,1
1305933,2,2022,2022,11,1,11,475,10,137,268,0,1,1,-33.906803,150.898367,24,0,2,1,2,0,0,0,0,0,7,60,2,14295,14295,3,8,5,4,0,0,1,0
1305935,1,2022,2022,5,2,5,1104,14,142,962,0,1,6,-33.826537,151.004328,54,0,2,1,3,0,0,0,2,0,7,60,2,14295,14295,3,0,5,2,0,0,0,1
1305937,1,2022,2022,10,4,8,1104,14,223,962,0,1,3,-33.806342,150.926675,7,0,2,1,3,0,0,0,2,0,7,100,2,14295,14295,3,5,5,2,0,0,0,1
1305938,1,2022,2022,9,6,4,387,27,12,34609,0,1,7,-33.971035,151.04892,25,0,2,1,3,0,0,0,2,0,0,50,0,6545,6545,4,5,27,2,0,0,0,1
1305941,1,2022,2022,9,2,5,59,27,370,53,0,1,9,-34.072828,150.794948,13,0,2,1,3,0,0,0,2,0,0,60,2,926,926,4,5,36,2,0,0,0,1
1305942,1,2022,2022,5,5,6,42,10,65,39,0,1,9,-34.491779,150.878284,80,0,2,1,3,0,0,0,2,0,15,60,1,1391,1391,1,5,36,2,0,0,0,1
1305951,1,2022,2022,9,0,8,34,31,82,34609,0,1,10,-33.826156,151.204132,49,0,2,1,3,0,3,4,2,0,7,50,0,5929,5929,1,5,19,2,0,0,0,1