Crash ID,Degree of crash - detailed,Reporting year,Year of crash,Month of crash,Day of week of crash,Two-hour intervals,Street of crash,Street type,Town,Route no.,School zone location,School zone active,Type of location,Latitude,Longitude,LGA,Urbanisation,Conurbation 1,Alignment,Street lighting,Road surface,Surface condition,Weather,Natural lighting,Signals operation,Other traffic control,Speed limit,Road classification,RUM - code,DCA - code,First impact type,Key TU type,Other TU type,No. of traffic units involved,No. killed,No. seriously injured,No. moderately injured,No. minor-other injured
1305955,1,2022,2022,10,2,3,11,27,115,34609,0,1,10,-33.742305,151.217722,50,0,2,1,1,0,0,0,2,0,7,50,0,3775,3775,0,5,0,2,0,0,0,1
1305956,2,2022,2022,9,0,5,35,27,2,34609,0,1,1,-28.910881,153.436912,2,2,1,0,0,0,0,0,2,0,7,80,0,1259,5151,8,8,40,1,0,0,1,0
1305958,2,2022,2022,10,4,5,41,27,228,69,0,1,9,-34.730632,149.735959,26,2,1,1,0,0,0,0,2,0,0,60,1,591,591,1,22,13,2,0,0,1,0
1305961,1,2022,2022,9,5,3,9,10,67,34609,0,1,10,-33.712899,150.899368,7,0,2,1,3,0,0,0,2,2,7,60,0,1669,1669,3,0,0,2,0,0,0,1
1305966,2,2022,2022,9,5,11,3371,17,2,3342,0,1,2,-28.968449,153.430494,2,1,0,1,0,0,0,0,0,0,7,110,2,14295,14295,3,29,2,2,0,0,1,0
1305968,4,2022,2022,10,1,7,71,31,48,34609,0,1,1,-32.910557,151.742202,48,0,2,1,1,0,0,0,2,0,9,50,0,1220,1220,9,0,28,2,0,1,0,0
1305969,2,2022,2022,10,3,5,16,31,122,34609,1,0,9,-33.428738,151.340271,16,2,2,1,1,0,0,0,2,0,0,50,0,2852,2852,4,5,5,2,0,0,2,0
1305975,4,2022,2022,10,0,11,143,31,252,19,0,1,1,-33.877194,151.212541,69,0,2,0,2,0,0,0,0,0,7,40,1,387,387,1,22,5,2,0,1,0,0
1305976,4,2022,2022,10,1,5,120,36,14,148,0,1,1,-30.468587,152.947134,6,2,1,1,0,0,3,4,2,0,7,70,2,9859,9859,8,10,40,1,0,1,0,0
1305980,1,2022,2022,9,3,5,11,27,42,8,0,1,1,-33.59034,151.281966,50,0,2,0,3,0,0,0,2,0,7,80,2,2585,4009,8,16,40,1,0,0,0,1
1305984,2,2022,2022,9,3,9,34,31,433,34609,0,1,10,-33.276344,149.102733,52,2,1,1,1,0,0,0,2,0,0,50,0,6545,6545,4,0,5,3,0,0,1,1
1305987,4,2022,2022,10,4,5,93,1,31,231,0,1,1,-33.507135,151.331203,16,2,2,1,0,0,0,0,2,0,7,60,2,1981,1981,4,5,5,2,0,2,0,0
1305988,2,2022,2022,11,2,5,51,31,16,34609,0,1,10,-30.378019,150.608184,70,2,1,1,1,0,0,3,2,0,0,50,0,6545,6545,4,10,5,2,0,0,1,0
1305989,2,2022,2022,11,0,0,13,31,61,34609,0,1,1,-33.75563,150.897753,7,0,2,1,2,0,0,0,0,0,7,50,0,9859,9859,1,30,5,2,0,0,1,0
1305991,4,2022,2022,10,2,8,52,27,106,53,0,1,10,-33.925836,151.09708,15,0,2,1,1,0,0,0,2,2,7,50,1,5929,5929,1,5,25,2,0,3,0,1
1305994,2,2022,2022,9,6,1,4,31,30,34609,0,1,1,-35.361895,149.204493,58,2,1,1,2,0,0,0,0,0,7,50,0,9859,9859,1,5,5,2,0,0,1,0
1305997,4,2022,2022,1,6,6,12,31,98,8,0,1,10,-30.975732,150.254409,51,2,1,1,0,0,0,0,2,0,0,50,1,6545,6545,4,5,2,2,0,1,0,0
1305999,4,2022,2022,9,4,3,361,23,143,38,0,1,9,-33.877147,151.101683,9,0,2,1,1,0,0,0,2,2,7,40,1,1220,1220,9,10,28,2,0,1,1,0
1306000,4,2022,2022,9,1,7,61,27,32,208,0,1,9,-33.855251,150.959396,21,0,2,1,0,0,0,0,2,0,0,60,1,775,775,4,0,35,2,0,1,0,0
1306001,2,2022,2022,9,1,3,829,27,309,770,0,1,9,-33.815838,151.103018,61,0,2,1,1,0,0,0,2,2,7,60,2,5929,5929,1,5,5,2,0,0,1,0
1306002,2,2022,2022,9,2,5,14,27,11,34609,0,1,1,-34.539546,150.759288,80,0,2,0,0,0,0,0,2,0,7,80,0,1850,1463,5,5,40,1,0,0,1,0
1306005,2,2022,2022,11,3,7,293,31,363,92,0,1,4,-33.813961,150.998032,54,0,2,0,0,0,0,0,2,0,7,60,1,4552,5151,8,5,40,2,0,0,1,0
1306010,2,2022,2022,1,5,9,2126,17,140,2149,0,1,9,-33.783493,150.83167,7,0,2,1,2,0,0,0,3,2,7,80,2,14295,14295,3,5,5,2,0,0,1,0
1306015,4,2022,2022,10,4,10,41,27,89,34609,0,1,1,-33.377946,151.461686,16,2,2,1,2,0,3,3,0,0,7,50,0,9859,9859,8,5,40,1,0,1,0,0
1306017,1,2022,2022,11,4,4,29,27,4,34609,0,1,1,-28.249338,153.480133,72,2,1,0,1,0,0,0,2,0,7,80,0,1850,1463,5,22,40,1,0,0,0,1
1306019,4,2022,2022,11,1,5,478,17,50,480,0,1,9,-33.232809,151.55069,16,2,2,1,1,0,0,0,2,0,7,60,2,1669,1669,3,0,13,2,0,1,0,0
1306021,2,2022,2022,10,6,8,2,27,4,34609,0,1,1,-29.455474,153.191692,18,2,1,1,0,2,3,4,2,0,7,80,0,83,83,5,10,40,1,0,0,1,0
1306025,4,2022,2022,10,6,9,2126,17,60,2149,0,1,1,-33.651783,150.284641,8,2,2,0,0,0,3,4,0,0,7,80,2,3775,3775,0,5,13,4,0,1,1,0
1306026,1,2022,2022,9,4,7,77,31,445,563,0,1,2,-33.883361,151.040305,21,0,2,1,3,0,0,0,2,0,7,80,2,1192,1192,1,5,12,2,0,0,0,1
1306028,2,2022,2022,10,6,7,53,31,16,34609,1,2,10,-30.381839,150.605043,70,2,1,1,1,0,0,0,2,0,0,40,0,6545,6545,4,5,5,2,0,0,1,1
1306030,2,2022,2022,11,1,10,133,23,35,34609,0,1,1,-33.272462,151.555275,16,2,2,1,2,0,0,0,0,0,7,50,0,945,945,5,5,40,1,0,0,1,0
1306031,2,2022,2022,11,2,9,14,31,283,34609,0,1,1,-33.841007,151.007581,21,0,2,1,2,0,3,4,0,0,7,50,0,1981,1981,4,5,13,4,0,0,1,0
1306035,1,2022,2022,9,0,7,10,31,49,34609,0,1,10,-32.989845,151.680423,37,0,2,1,3,0,0,0,2,0,9,60,0,14295,14295,3,0,5,2,0,0,0,1
1306040,1,2022,2022,10,2,9,118,27,646,118,0,1,10,-33.925304,151.030594,15,0,2,1,3,0,0,0,3,0,0,60,1,5929,5929,1,9,5,2,0,0,0,1
1306045,4,2022,2022,11,5,11,32,27,83,34609,1,0,1,-34.455186,150.451978,78,2,1,1,2,0,0,0,0,0,7,40,0,4026,4026,1,16,5,2,0,1,0,0
1306046,4,2022,2022,9,3,2,42,31,316,34609,0,1,7,-31.432834,152.917193,56,2,1,1,1,0,0,0,1,0,0,60,0,6545,6545,4,10,27,2,0,1,0,0
1306051,1,2022,2022,9,1,7,361,32,62,96,0,1,9,-33.89408,151.149844,32,0,2,1,3,0,0,0,2,2,7,60,2,1850,777,5,16,40,1,0,0,0,1
1306053,4,2022,2022,10,4,6,1104,11,532,770,0,1,10,-33.873004,151.204112,69,0,2,1,1,0,0,0,2,2,7,40,2,6545,6545,4,0,13,2,0,1,0,0
1306056,4,2022,2022,10,6,8,3,27,11,34609,0,1,1,-32.698389,151.600064,42,2,1,0,1,0,0,0,2,0,7,50,0,2585,4009,1,16,13,2,0,1,0,0
1306057,2,2022,2022,11,6,6,485,27,52,769,0,1,9,-33.693706,150.924906,7,0,2,1,0,0,0,0,2,2,7,80,2,1981,1981,4,10,25,2,0,0,1,0
1306059,2,2022,2022,9,3,6,133,10,316,121,0,1,10,-31.456197,152.897823,56,2,1,1,1,0,0,0,2,3,9,70,1,591,591,1,22,40,2,0,0,1,0
1306060,1,2022,2022,10,1,8,8,27,189,34609,0,1,1,-33.946222,151.059179,15,0,2,1,0,0,0,0,2,0,7,50,0,387,387,1,14,5,2,0,0,0,1
1306061,2,2022,2022,11,2,4,234,27,337,34609,0,1,1,-33.732561,151.005287,71,0,2,1,1,0,3,4,2,0,9,40,0,2040,2040,9,5,28,2,0,0,1,0
1306064,1,2022,2022,9,0,5,104,27,387,140,0,1,2,-33.920354,151.188403,4,0,2,1,3,0,0,0,2,0,7,60,2,1391,1391,1,5,5,2,0,0,0,1
1306065,4,2022,2022,9,4,5,126,1,17,17,0,1,10,-33.751029,150.819462,7,0,2,1,1,0,0,0,2,0,15,60,1,2852,2852,4,5,5,2,0,1,0,0
1306066,2,2022,2022,9,6,4,109,36,21,108,0,1,9,-28.272702,153.467935,72,2,1,0,1,0,0,0,2,0,0,80,1,6545,6545,4,5,0,2,0,0,1,0
1306067,1,2022,2022,11,6,2,100,27,323,100,0,1,9,-33.805714,150.85167,7,0,2,1,1,0,3,4,1,2,7,70,2,14295,14295,3,5,12,2,0,0,0,1
1306072,2,2022,2022,10,3,5,10,27,9,34609,0,1,1,-34.979952,149.811695,26,1,0,1,0,2,0,0,2,0,7,100,0,1945,1945,5,10,40,1,0,0,1,0
1306074,1,2022,2022,9,2,9,37,23,443,78,0,1,1,-33.906863,151.05835,15,0,2,1,3,0,0,0,3,0,7,60,2,1109,397,1,5,5,2,0,0,0,1
1306076,2,2022,2022,9,6,11,7,1,24,34609,0,1,1,-33.90927,150.892564,41,0,2,0,2,0,0,0,0,0,7,50,0,1259,5151,1,5,25,3,0,0,1,0
1306078,1,2022,2022,9,3,8,6,27,60,34609,1,0,1,-33.832998,151.139476,51,0,2,1,0,0,0,0,2,0,7,50,0,1981,1981,4,28,5,3,0,0,0,1
1306080,1,2022,2022,8,6,6,77,10,40,331,0,1,9,-34.235302,150.581558,79,2,2,1,1,0,0,0,2,0,0,80,1,6545,6545,4,5,0,2,0,0,0,1
1306087,2,2022,2022,9,6,6,4,27,6,34609,0,1,1,-30.718354,152.803446,47,2,1,0,0,0,0,0,2,0,7,80,0,3775,3775,0,29,13,2,0,0,1,0
1306114,4,2022,2022,11,6,7,28,31,89,34609,0,1,9,-28.223582,153.54548,72,2,1,1,0,0,0,0,2,0,7,50,0,1669,1669,3,10,0,2,0,1,0,0
1306115,2,2022,2022,11,2,10,2126,17,75,2149,0,1,2,-33.716659,150.382614,8,2,2,0,2,0,0,0,0,0,7,80,2,14295,14295,3,0,0,2,0,0,3,1
1306116,1,2022,2022,10,2,8,82,27,10,103,1,0,1,-28.458019,153.271175,72,2,1,0,0,0,0,0,2,0,7,80,1,4552,5151,8,10,40,1,0,0,0,3
1306119,4,2022,2022,9,6,5,6,1,646,34609,0,1,1,-33.915974,151.022198,15,0,2,1,1,0,0,0,2,0,7,50,0,368,368,9,5,28,3,0,1,0,0
1306124,2,2022,2022,1,6,4,204,31,169,9,0,1,10,-33.89794,151.21235,69,0,2,1,3,0,0,0,2,2,7,40,1,6545,6545,4,0,25,2,0,0,1,0
1306126,1,2022,2022,9,4,9,1,27,1,34609,0,1,1,-32.277602,151.213415,64,1,0,0,0,0,0,0,2,0,7,100,0,1850,1463,5,16,40,1,0,0,0,1
1306127,4,2022,2022,9,1,7,32,27,33,563,0,1,9,-33.966358,151.033032,15,0,2,1,1,0,0,0,2,2,7,50,2,9859,9859,8,5,40,2,0,1,1,0
1306128,2,2022,2022,10,3,8,15,6,55,34609,0,1,1,-33.945512,150.895146,41,0,2,0,1,0,0,3,2,0,7,50,0,1282,1282,1,0,0,2,0,0,1,0
1306129,4,2022,2022,10,0,8,515,14,294,518,0,1,3,-33.939519,150.923885,41,0,2,1,1,0,0,0,2,0,7,100,2,14295,14295,3,9,41,3,0,1,0,0
1306131,2,2022,2022,9,5,11,481,17,562,483,0,1,1,-32.243643,148.608349,22,2,1,1,2,0,3,4,0,0,7,60,2,3775,3775,0,5,0,2,0,0,1,0
1306139,1,2022,2022,9,2,10,1,25,162,34609,0,1,9,-33.842892,150.893448,24,0,2,1,3,0,0,0,0,0,7,50,0,2852,2852,4,5,5,2,0,0,0,1
1306143,1,2022,2022,9,3,5,38,27,78,38,0,1,1,-33.409148,151.450362,16,2,2,1,3,0,0,0,2,0,7,60,1,14295,14295,3,0,0,2,0,0,0,1
1306147,1,2022,2022,9,5,5,7,27,13,34609,0,1,1,-34.111678,150.671024,79,2,2,1,3,0,3,0,2,0,7,80,0,1945,1945,5,16,40,1,0,0,0,1
1306151,1,2022,2022,9,6,8,44,31,228,34609,1,0,7,-34.758998,149.711629,26,2,1,1,3,0,0,0,3,0,0,50,0,6545,6545,4,5,0,2,0,0,0,1
1306152,4,2022,2022,9,2,6,866,17,247,793,0,1,9,-33.836449,150.958266,21,0,2,1,1,0,0,0,2,0,0,70,2,5929,5929,1,0,5,2,0,1,0,1
1306154,2,2022,2022,9,0,7,5,27,26,34609,1,2,1,-33.739331,150.815142,7,0,2,1,2,0,0,0,2,0,7,40,0,9859,9859,1,5,0,3,0,0,1,0
1306157,1,2022,2022,11,0,6,225,27,304,140,0,1,9,-33.915361,151.151179,32,0,2,1,3,0,0,0,2,0,7,50,1,926,926,4,5,5,2,0,0,0,1
1306158,2,2022,2022,10,2,10,26,27,26,25,0,1,1,-31.966022,152.567758,43,2,1,1,0,0,0,0,0,0,7,80,1,3775,3775,0,10,0,2,0,0,1,0
1306159,4,2022,2022,9,5,4,78,27,31,61,0,1,7,-33.892494,151.021973,15,0,2,1,1,0,0,0,2,0,0,60,1,1220,1220,9,0,28,2,0,1,0,0
1306161,4,2022,2022,9,2,7,15,27,16,118,0,1,1,-30.369541,150.605044,70,2,1,0,0,0,0,0,2,0,7,60,2,3775,3775,0,8,13,2,0,1,1,0
1306162,4,2022,2022,10,5,8,1052,14,54,928,0,1,3,-33.458649,151.20198,16,1,2,0,1,0,0,0,2,0,3,110,2,1109,787,1,8,0,2,0,1,0,0
1306164,4,2022,2022,11,6,10,42,27,134,30,0,1,1,-33.894104,151.249797,76,0,2,1,2,0,3,4,0,0,7,50,1,1220,1220,9,5,28,2,0,1,0,0
1306166,4,2022,2022,9,1,10,28,27,16,62,0,1,1,-36.737958,149.956195,5,2,1,0,0,0,0,0,0,0,7,60,1,782,957,5,5,40,1,0,1,0,0
1306170,2,2022,2022,9,4,5,39,31,193,145,1,0,10,-33.79297,151.080015,61,0,2,1,2,0,0,0,2,2,0,60,2,5929,5929,1,5,19,2,0,0,1,0
1306171,4,2022,2022,10,0,11,24,27,201,47,0,1,7,-33.991028,150.857712,13,0,2,1,2,0,3,2,0,0,0,60,1,1945,1945,5,16,40,1,0,1,0,0
1306172,2,2022,2022,9,0,7,57,27,16,126,0,1,1,-32.751515,151.727445,57,2,1,1,0,0,0,0,2,0,7,80,2,14295,14295,3,16,13,2,0,0,1,0
1306173,2,2022,2022,9,5,4,147,27,102,34609,0,1,9,-33.97085,151.230101,59,0,2,1,0,0,0,0,2,0,15,50,0,515,515,1,5,27,2,0,0,1,0
1306174,2,2022,2022,9,1,7,4,31,107,34609,0,1,9,-33.883159,151.196287,69,0,2,1,0,0,0,0,2,0,7,40,0,5929,5929,1,5,18,2,0,0,1,0
1306176,4,2022,2022,9,2,11,1104,14,223,962,0,1,3,-33.806457,150.926732,7,0,2,1,2,0,3,4,0,0,7,100,2,9859,9859,8,16,40,1,0,1,0,0
1306179,2,2022,2022,10,1,4,5,31,137,34609,1,2,1,-34.034935,151.059209,68,0,2,1,1,0,0,0,2,0,7,40,0,1981,1981,4,5,5,3,0,0,1,0
1306180,1,2022,2022,9,5,2,1052,14,108,928,0,1,3,-33.309356,151.400651,16,1,2,1,2,0,0,0,0,0,7,110,2,14295,14295,3,0,5,2,0,0,0,1
1306182,4,2022,2022,10,1,7,1052,14,7,928,0,1,3,-33.218952,151.441904,16,1,2,1,0,0,0,0,2,0,7,110,2,1383,1383,1,5,0,2,0,1,0,0
1306183,4,2022,2022,10,2,10,916,17,18,917,0,1,9,-32.743793,151.569126,42,2,1,1,2,0,3,3,0,2,7,80,2,5929,5929,1,0,19,3,0,1,0,0
1306184,4,2022,2022,5,5,7,21,36,35,34609,0,1,1,-31.065411,152.846781,34,2,1,1,0,0,0,0,2,0,7,50,0,1669,1669,3,15,37,2,0,1,0,0
1306185,1,2022,2022,11,1,4,11,27,163,34609,0,1,7,-33.851907,151.107437,14,0,2,1,0,0,0,0,2,0,0,50,0,6545,6545,4,0,27,2,0,0,0,1
1306189,1,2022,2022,9,5,6,56,27,173,34609,0,1,2,-33.778872,151.120026,61,0,2,1,1,0,0,0,2,2,9,50,0,1981,1981,4,0,0,3,0,0,0,1
1306190,1,2022,2022,9,6,11,137,31,532,34609,0,1,1,-33.865565,151.207823,69,0,2,1,2,0,0,0,0,0,7,40,0,368,368,9,5,28,2,0,0,0,1
1306195,2,2022,2022,9,2,6,48,10,19,121,0,1,1,-31.417089,152.851696,56,2,1,1,0,0,0,0,2,0,14,60,1,14295,14295,3,10,0,4,0,0,3,0
1306196,1,2022,2022,9,3,7,35,31,194,34609,0,1,10,-30.519314,151.667089,1,2,1,1,1,0,0,0,2,0,0,50,0,6545,6545,4,0,0,2,0,0,0,1
1306202,2,2022,2022,9,6,5,334,17,316,308,0,1,7,-31.43962,152.885163,56,2,1,1,1,0,0,0,2,0,0,70,2,14295,14295,3,5,0,3,0,0,1,0
1306205,2,2022,2022,10,0,8,344,31,44,34609,0,1,1,-33.947815,151.148198,4,0,2,1,0,0,0,0,2,0,7,50,0,9859,9859,8,5,40,2,0,0,1,0
1306206,2,2022,2022,9,5,0,4,27,207,34609,0,1,1,-31.909728,141.43041,51,1,0,1,0,0,3,0,0,0,7,100,0,43,43,3,5,5,3,0,0,1,0
1306207,2,2022,2022,9,4,3,2126,17,90,2149,0,1,9,-33.709235,150.309907,8,2,2,1,1,0,0,0,2,0,0,70,2,2040,2040,9,33,28,2,0,0,1,0
1306208,4,2022,2022,10,1,8,6,31,149,34609,0,1,1,-33.997344,151.129922,4,0,2,1,1,0,0,0,3,0,7,50,0,1282,1282,1,0,40,2,0,2,0,0
1306210,1,2022,2022,9,2,11,165,31,17,34609,0,1,9,-33.860703,151.208539,69,0,2,1,2,0,0,0,0,0,0,40,0,2040,2040,9,5,28,2,0,0,0,1
1306211,4,2022,2022,9,4,6,10,27,237,34609,0,1,1,-33.869537,150.957552,24,0,2,1,0,0,0,0,2,0,7,40,0,1220,1220,9,30,28,2,0,1,1,0
1306214,4,2022,2022,9,1,7,866,17,171,793,0,1,10,-33.807288,150.969468,21,0,2,0,0,0,0,0,2,2,7,70,2,1850,1463,5,16,40,1,0,1,0,0
1306220,4,2022,2022,10,2,6,135,17,8,136,0,1,1,-36.095645,147.038025,0,2,1,0,0,0,0,0,2,0,7,40,2,1109,787,1,30,19,2,0,1,0,0
1306221,4,2022,2022,11,1,9,12,27,56,34609,0,1,1,-32.747163,151.259607,17,2,1,0,0,0,0,0,0,0,7,80,0,3775,3775,0,9,0,2,0,3,1,0
1306223,2,2022,2022,1,3,5,178,27,189,101,0,1,9,-33.947334,151.052994,15,0,2,1,1,0,0,0,2,0,7,50,1,186,186,1,5,19,2,0,0,1,0
1306225,1,2022,2022,11,4,6,149,27,149,38,0,1,10,-33.817823,150.969298,21,0,2,1,1,0,0,0,2,3,7,60,1,1669,1669,3,5,5,2,0,0,0,1
1306226,4,2022,2022,1,6,8,24,31,169,382,0,1,10,-33.600674,150.750954,29,2,2,1,2,0,0,0,3,2,7,60,2,6545,6545,4,5,0,3,0,1,0,0
1306227,4,2022,2022,10,0,5,60,27,174,44,1,0,10,-33.868954,150.922058,24,0,2,1,0,0,0,0,2,2,9,50,1,2040,2040,9,5,28,2,0,1,1,0
1306228,4,2022,2022,11,1,5,2,27,2,34609,0,1,1,-28.442218,153.275867,72,1,0,0,0,0,0,0,2,0,7,100,0,3775,3775,0,0,19,2,0,2,0,1
1306231,4,2022,2022,1,5,8,4,31,445,34609,0,1,1,-33.849364,151.047202,21,0,2,1,1,0,0,0,3,0,7,50,0,1109,787,1,5,19,2,0,1,0,0
1306232,2,2022,2022,10,2,4,149,36,120,81,0,1,2,-32.201445,152.517933,43,2,1,1,1,0,0,0,2,0,7,60,2,9859,9859,8,0,40,1,0,0,1,0
1306233,2,2022,2022,10,1,3,512,17,562,441,0,1,2,-32.253923,148.606183,22,2,1,1,1,0,0,0,2,0,7,60,2,14295,14295,3,10,5,2,0,0,1,0
1306234,4,2022,2022,11,1,10,2,27,29,13,0,1,1,-32.53664,143.037727,51,1,0,1,0,2,3,4,0,0,7,100,1,1945,1945,5,10,40,1,0,1,0,0
1306236,2,2022,2022,10,0,11,2261,17,523,2252,0,1,2,-33.934327,150.915917,41,0,2,1,2,0,0,0,0,0,7,60,2,591,591,1,22,5,2,0,0,1,0
1306238,1,2022,2022,11,1,7,515,14,166,518,0,1,3,-33.944476,150.982333,15,0,2,1,0,0,0,0,2,0,7,100,2,1282,1282,1,8,5,2,0,0,0,1
1306239,4,2022,2022,11,2,8,14,27,609,34609,0,1,1,-33.778953,150.89466,7,0,2,1,2,0,0,0,3,0,7,50,0,1981,1981,4,0,5,3,0,1,0,0
1306240,2,2022,2022,11,4,6,110,31,433,34609,0,1,7,-33.268729,149.096732,52,2,1,1,1,0,0,0,2,0,0,50,0,6545,6545,4,5,5,2,0,0,1,0
1306241,4,2022,2022,11,1,7,125,27,38,144,0,1,1,-32.788629,151.936516,57,2,1,1,0,0,0,0,2,0,7,80,2,4026,4026,8,5,40,1,0,1,0,0
1306243,4,2022,2022,11,0,6,3,27,2,34609,0,1,1,-35.055565,145.381849,51,2,1,1,0,2,0,0,2,0,7,80,0,1945,1945,5,16,40,1,0,1,0,0
1306247,2,2022,2022,11,6,2,500,27,198,799,0,1,10,-33.920184,151.09964,15,0,2,1,1,0,0,0,1,2,7,60,2,14295,14295,3,21,0,2,0,0,2,0
1306248,4,2022,2022,11,3,7,2,27,6,34609,0,1,9,-33.600249,150.682863,29,2,2,1,0,0,0,0,2,0,7,80,0,5929,5929,1,0,27,2,0,1,0,0
1306250,2,2022,2022,11,1,5,126,1,17,17,0,1,9,-33.751976,150.819257,7,0,2,1,0,0,0,0,2,0,7,60,1,3775,3775,0,5,0,2,0,0,2,0
1306251,2,2022,2022,11,6,9,225,17,50,180,0,1,1,-34.571707,150.673819,62,0,2,0,1,0,3,4,0,0,7,60,2,3775,3775,0,10,5,2,0,0,1,0
1306252,2,2022,2022,10,5,7,866,17,314,793,0,1,2,-33.845552,150.953361,21,0,2,1,0,0,0,0,2,0,7,70,2,14295,14295,3,5,5,2,0,0,1,0
1306253,4,2022,2022,11,5,6,2,31,12,34609,0,1,9,-33.671662,150.279539,8,2,2,1,0,0,0,0,2,0,7,50,0,2585,777,8,5,40,1,0,1,1,0
1306254,4,2022,2022,10,5,10,91,27,119,187,0,1,2,-33.874766,151.15408,32,0,2,0,2,0,0,0,0,0,7,70,2,3775,3775,0,5,0,3,0,2,1,0
1306255,2,2022,2022,10,3,10,62,27,21,166,0,1,2,-33.230103,151.42468,16,2,2,1,2,0,3,0,0,2,9,60,2,9859,9859,8,5,40,1,0,0,1,0
1306256,1,2022,2022,11,0,11,89,31,532,34609,0,1,9,-33.864394,151.204764,69,0,2,1,2,0,0,0,0,2,7,40,0,2040,2040,9,5,28,2,0,0,0,1
1306258,2,2022,2022,10,5,10,16,10,4,12,0,1,1,-30.675581,152.9256,47,2,1,0,0,0,0,0,0,0,7,70,1,1957,4009,8,0,40,1,0,0,1,0
1306259,2,2022,2022,11,6,5,109,36,11,108,0,1,9,-28.456803,153.498468,72,1,0,0,0,0,0,3,2,0,0,90,1,2852,2852,4,5,5,2,0,0,2,0
1306261,4,2022,2022,11,1,5,11,1,80,59,0,1,10,-33.881604,151.205807,69,0,2,1,1,0,0,0,2,2,13,40,1,2852,2852,4,8,39,2,0,1,2,2
1306266,2,2022,2022,9,3,8,330,23,293,112,0,1,2,-33.944203,151.240165,59,0,2,1,1,0,0,0,2,0,7,50,2,14295,14295,3,5,5,5,0,0,1,0
1306272,4,2022,2022,9,0,7,15,27,56,13,0,1,1,-32.759768,151.254694,17,2,1,0,0,0,3,4,2,0,7,80,1,3775,3775,0,10,25,2,0,1,0,1
1306273,2,2022,2022,9,2,8,3371,17,207,3342,0,1,1,-33.559698,151.19149,31,0,2,0,0,0,3,3,2,0,7,80,2,1957,4009,8,16,40,1,0,0,1,0
1306275,4,2022,2022,11,1,5,14,31,204,34609,0,1,1,-33.938786,151.135392,4,0,2,1,1,0,0,0,2,0,7,50,0,238,238,9,5,28,2,0,1,0,0
1306277,4,2022,2022,9,5,8,2209,17,32,2205,0,1,9,-33.980153,151.120251,25,0,2,1,1,0,0,0,2,0,5,70,2,14295,14295,3,5,5,3,0,1,0,0
1306278,4,2022,2022,10,0,5,829,27,304,140,0,1,9,-33.905842,151.165717,32,0,2,1,1,0,0,0,2,0,7,60,1,2040,2040,9,9,28,2,0,1,0,0
1306282,2,2022,2022,11,6,5,1,27,8,34609,0,1,1,-35.353321,149.76915,58,1,0,1,0,0,0,0,2,0,7,100,0,1669,1669,3,8,29,2,0,0,1,1
1306284,4,2022,2022,9,0,8,1,27,44,34609,0,1,1,-28.820396,153.41203,2,2,1,1,0,0,0,0,2,0,7,60,0,1669,1669,3,5,5,2,0,1,0,0
1306285,4,2022,2022,9,3,7,9,31,78,30,0,1,9,-28.326258,153.395065,72,2,1,1,0,0,0,0,2,0,0,50,1,1850,777,5,16,40,1,0,1,0,0
1306286,4,2022,2022,11,6,8,11,31,94,40,0,1,9,-33.831116,151.053318,54,0,2,1,1,0,0,0,2,2,9,60,1,1220,1220,9,5,28,2,0,1,0,0
1306287,4,2022,2022,9,0,2,2261,17,59,2252,0,1,3,-33.98468,150.858184,13,0,2,1,0,0,0,0,1,0,7,110,2,1383,1383,1,9,35,2,0,1,0,0
1306288,2,2022,2022,11,5,9,18,31,87,34609,0,1,9,-34.484428,150.427775,78,2,1,1,2,0,0,0,0,0,7,50,0,5929,5929,1,5,0,2,0,0,2,0
1306291,1,2022,2022,9,2,7,280,10,237,240,0,1,1,-33.863472,150.953936,24,0,2,1,3,0,0,0,2,0,7,60,2,623,623,3,9,13,2,0,0,0,1
1306294,2,2022,2022,9,1,5,8,18,278,34609,0,1,1,-33.784935,151.065452,54,0,2,1,3,0,0,0,2,0,7,50,0,9859,9859,1,0,0,2,0,0,1,0
1306299,1,2022,2022,9,5,4,61,31,32,45,0,1,9,-33.869156,150.963898,24,0,2,1,3,0,0,0,2,2,7,60,1,14295,14295,3,5,5,2,0,0,0,1
1306301,1,2022,2022,9,1,5,3,1,115,34609,0,1,7,-33.743032,151.201479,50,0,2,0,3,0,0,0,2,0,0,50,0,6545,6545,4,5,36,2,0,0,0,1
1306304,1,2022,2022,9,2,6,153,27,290,147,0,1,1,-33.949194,151.113909,4,0,2,1,3,0,0,0,2,0,7,60,2,1391,1391,1,5,35,2,0,0,0,1
1306323,2,2022,2022,2,4,6,157,17,123,158,0,1,9,-33.834696,148.679789,51,2,1,1,0,0,0,0,2,0,0,50,2,2852,2852,4,10,19,2,0,0,1,0
1306326,1,2022,2022,10,0,11,22,31,24,26,0,1,1,-35.989183,146.005523,51,2,1,1,2,0,3,4,0,0,7,50,2,9859,9859,8,10,40,1,0,0,0,1
1306328,2,2022,2022,10,5,8,232,36,64,168,0,1,9,-34.038538,150.74219,12,0,2,1,3,0,0,0,2,0,0,50,2,14295,14295,3,5,5,3,0,0,1,1
1306331,2,2022,2022,9,5,8,19,31,108,34609,0,1,1,-28.868557,153.572925,2,2,1,1,1,0,0,0,2,0,0,60,0,1669,1669,3,30,5,3,0,0,1,3