Crash ID,Degree of crash - detailed,Reporting year,Year of crash,Month of crash,Day of week of crash,Two-hour intervals,Street of crash,Street type,Town,Route no.,School zone location,School zone active,Type of location,Latitude,Longitude,LGA,Urbanisation,Conurbation 1,Alignment,Street lighting,Road surface,Surface condition,Weather,Natural lighting,Signals operation,Other traffic control,Speed limit,Road classification,RUM - code,DCA - code,First impact type,Key TU type,Other TU type,No. of traffic units involved,No. killed,No. seriously injured,No. moderately injured,No. minor-other injured
1306339,2,2022,2022,9,5,4,2,27,2,34609,0,1,1,-31.917486,152.250625,43,1,0,0,0,2,0,0,2,0,7,100,0,1850,1463,5,0,40,1,0,0,1,0
1306344,4,2022,2022,5,6,4,2126,17,363,2149,0,1,10,-33.819484,151.000185,54,0,2,1,1,0,0,0,2,2,7,60,2,1850,985,5,16,40,1,0,1,0,0
1306345,1,2022,2022,9,1,1,512,17,7,441,0,1,1,-32.696906,148.94801,22,1,0,0,0,0,0,0,0,0,7,100,2,1957,4009,8,30,40,1,0,0,0,1
1306346,2,2022,2022,9,3,5,8,27,3,34609,0,1,1,-32.170403,151.498876,51,1,0,0,0,2,0,0,2,0,7,100,0,782,957,5,0,40,1,0,0,2,0
1306347,4,2022,2022,2,4,3,866,17,247,793,0,1,9,-33.81579,150.963643,21,0,2,1,1,0,0,3,2,2,7,70,2,14295,14295,3,16,5,2,0,1,0,0
1306349,2,2022,2022,11,6,10,39,27,36,91,0,1,1,-33.932787,151.257418,59,0,2,1,2,0,0,3,0,0,7,60,1,9859,9859,1,5,0,3,0,0,1,0
1306351,4,2022,2022,5,4,10,21,36,35,34609,0,1,10,-31.055677,152.849983,34,1,0,1,0,0,3,0,0,0,7,100,0,1109,787,1,5,12,2,0,2,1,0
1306353,2,2022,2022,9,1,7,23,1,137,34609,1,2,1,-32.960379,151.681525,37,0,2,1,0,0,0,0,2,0,7,40,0,340,340,9,21,28,2,0,0,1,0
1306354,2,2022,2022,9,6,2,65,27,646,563,0,1,10,-33.92955,151.038302,15,0,2,1,2,0,0,0,1,2,7,70,2,1850,985,5,16,40,1,0,0,1,0
1306359,1,2022,2022,9,5,7,500,27,293,799,0,1,10,-33.931964,151.053482,15,0,2,1,1,0,0,0,2,1,7,60,2,1192,1192,1,10,25,2,0,0,0,1
1306361,4,2022,2022,1,6,4,48,27,10,26,0,1,1,-35.050722,149.652782,26,1,0,0,0,0,0,0,2,0,7,100,2,4552,5151,8,3,40,1,0,1,0,0
1306364,2,2022,2022,2,4,9,3371,17,463,3342,0,1,9,-30.298455,153.112443,19,2,1,0,2,0,3,4,3,2,7,60,2,4552,5151,8,9,40,1,0,0,1,0
1306367,2,2022,2022,9,0,9,191,27,309,208,0,1,9,-33.804416,151.103648,61,0,2,1,1,0,0,0,2,2,7,60,2,1669,1669,3,10,0,2,0,0,1,0
1306368,2,2022,2022,9,2,9,10,31,202,34609,0,1,1,-33.940899,151.029389,15,0,2,1,1,0,0,0,3,0,7,50,0,9859,9859,1,5,36,4,0,0,1,0
1306371,2,2022,2022,9,0,9,109,36,10,108,0,1,1,-28.369493,153.411692,72,1,0,0,0,0,0,0,0,0,7,90,1,4552,5151,8,34,40,1,0,0,1,0
1306374,2,2022,2022,1,3,4,866,17,247,793,0,1,2,-33.81747,150.962519,21,0,2,0,1,0,0,0,2,0,7,70,2,14295,14295,3,0,5,2,0,0,1,0
1306375,1,2022,2022,9,5,4,12,31,84,34609,0,1,9,-33.889103,150.942444,24,0,2,1,1,0,0,0,2,0,0,50,0,591,591,1,22,0,2,0,0,0,1
1306377,4,2022,2022,9,3,7,123,1,253,34609,0,1,10,-33.954471,151.090991,25,0,2,1,0,0,0,0,2,0,15,50,0,6545,6545,4,0,36,2,0,1,1,0
1306378,1,2022,2022,9,4,0,16,27,25,174,1,0,2,-32.84096,151.363298,17,2,1,1,2,0,0,0,0,0,9,60,2,4026,4026,8,5,40,3,0,0,0,1
1306381,4,2022,2022,9,0,7,10,31,204,331,0,1,10,-33.939392,151.149907,4,0,2,1,1,0,0,0,2,0,0,60,2,926,926,4,5,19,2,0,1,0,0
1306382,2,2022,2022,9,0,4,25,27,32,34609,0,1,1,-33.868999,150.963791,24,0,2,1,1,0,0,0,2,0,7,50,0,1383,1383,1,5,25,2,0,0,1,0
1306386,4,2022,2022,9,2,8,8,31,106,34609,0,1,1,-28.842938,153.040561,60,2,1,1,1,0,0,0,2,0,7,50,0,4026,4026,8,16,40,1,0,1,0,0
1306392,1,2022,2022,9,4,3,478,17,20,480,0,1,9,-33.400997,151.469133,16,2,2,1,3,0,0,0,1,0,7,70,2,4026,4026,8,10,40,1,0,0,0,1
1306397,2,2022,2022,11,0,6,4,27,70,34609,0,1,1,-34.803049,149.956042,26,2,1,0,0,0,0,0,2,0,7,60,0,380,714,5,16,40,1,0,0,1,0
1306398,2,2022,2022,9,2,7,70,27,78,100,1,0,1,-33.688172,150.585386,8,2,2,1,1,0,0,0,2,0,7,60,2,1282,1282,1,5,27,2,0,0,1,0
1306400,1,2022,2022,9,5,5,99,31,237,105,0,1,10,-33.866692,150.94931,24,0,2,1,3,0,0,0,2,2,7,60,1,14295,14295,3,5,10,2,0,0,0,1
1306403,1,2022,2022,9,0,4,32,14,108,124,0,1,3,-33.81273,151.18203,77,0,2,1,3,0,0,0,2,0,7,60,2,14295,14295,3,9,36,2,0,0,0,1
1306413,4,2022,2022,9,0,2,3371,17,32,3342,0,1,2,-29.113442,153.337605,60,1,0,0,0,0,0,1,1,0,7,110,2,204,204,1,33,0,2,0,1,0,0
1306414,1,2022,2022,9,3,6,48,31,104,605,0,1,9,-33.829849,151.215219,49,0,2,1,3,0,0,0,2,3,7,60,2,14295,14295,3,5,5,2,0,0,0,1
1306417,4,2022,2022,1,6,11,2126,17,73,2149,0,1,2,-33.887864,151.168948,32,0,2,1,2,0,3,4,0,0,7,60,2,1282,1282,1,5,19,2,0,1,0,0
1306423,2,2022,2022,9,4,7,13,31,43,34609,0,1,10,-32.558308,148.946867,22,2,1,1,0,0,0,0,2,0,0,50,0,6545,6545,4,5,5,2,0,0,2,0
1306424,2,2022,2022,9,6,10,5,27,2,34609,0,1,9,-34.99369,150.702406,63,2,1,1,2,0,0,0,3,0,0,80,0,4026,4026,8,30,40,1,0,0,1,0
1306427,4,2022,2022,9,1,8,28,1,251,93,1,0,9,-33.761551,150.942699,7,0,2,1,0,0,0,0,2,0,7,60,1,9859,9859,8,5,40,1,0,1,0,0
1306429,2,2022,2022,11,4,7,83,31,44,34609,0,1,4,-33.089406,147.154606,51,2,1,0,1,0,0,0,2,0,0,50,0,4552,5151,8,0,40,3,0,0,1,0
1306435,1,2022,2022,9,2,9,866,17,110,793,0,1,2,-33.747787,151.050111,31,0,2,0,1,0,0,0,2,0,9,70,2,14295,14295,3,5,5,2,0,0,0,2
1306436,4,2022,2022,9,5,8,334,17,1,308,0,1,9,-31.68864,147.84678,51,2,1,1,0,2,0,0,2,0,7,40,2,1945,1945,5,16,40,1,0,1,0,0
1306437,2,2022,2022,9,5,8,78,31,70,34609,0,1,1,-33.9762,151.109902,25,0,2,1,0,0,0,0,2,0,7,50,0,340,340,9,0,28,2,0,0,1,0
1306441,1,2022,2022,9,1,4,54,31,28,62,0,1,10,-33.793506,151.195981,77,0,2,1,1,0,0,0,2,2,9,60,2,1220,1220,9,5,28,2,0,0,0,1
1306443,1,2022,2022,9,3,9,2261,17,143,2252,0,1,10,-33.887142,151.105607,9,0,2,1,2,0,0,0,3,2,7,60,2,14295,14295,3,9,5,2,0,0,0,2
1306444,1,2022,2022,9,2,9,17,27,106,157,0,1,1,-28.8438,153.037675,60,2,1,0,2,0,0,0,0,0,7,50,2,4552,5151,8,10,40,1,0,0,0,1
1306446,4,2022,2022,9,3,8,38,27,32,35,0,1,1,-34.61139,150.786663,35,2,1,0,1,0,0,3,2,0,7,80,1,3775,3775,0,5,13,2,0,1,0,0
1306447,2,2022,2022,9,0,7,23,27,132,49,0,1,1,-29.78954,151.120272,33,2,1,1,0,0,0,0,2,0,7,60,1,4026,4026,8,5,40,1,0,0,1,0
1306448,2,2022,2022,10,3,10,6,27,243,34609,0,1,9,-33.947643,150.90564,41,0,2,1,0,0,0,0,0,0,15,50,0,6545,6545,4,5,5,2,0,0,1,0
1306449,4,2022,2022,9,6,4,2209,17,82,2205,0,1,10,-34.37356,150.900645,80,0,2,1,1,0,0,0,2,2,7,80,2,926,926,4,10,27,2,0,1,0,0
1306450,2,2022,2022,9,3,11,55,27,151,160,0,1,2,-34.037,150.844699,13,0,2,1,2,0,3,0,0,0,7,60,2,4026,4026,8,5,40,2,0,0,1,1
1306453,4,2022,2022,9,3,7,2,27,19,34609,0,1,1,-33.825429,150.411354,79,2,2,0,0,2,0,0,2,0,7,60,0,1089,1089,7,16,40,1,0,1,0,0
1306454,4,2022,2022,11,0,8,2,22,117,34609,0,1,1,-28.182713,153.531663,72,2,1,1,1,0,0,0,2,0,7,50,0,9859,9859,1,30,36,3,0,1,1,0
1306455,2,2022,2022,9,2,5,112,27,19,769,0,1,1,-33.546508,150.390681,8,2,2,0,0,0,0,0,2,0,7,80,2,1850,1463,5,22,40,1,0,0,1,0
1306456,1,2022,2022,9,1,8,44,31,160,260,0,1,9,-33.108347,151.487812,37,0,2,1,3,0,0,0,2,0,0,50,2,256,256,4,5,27,2,0,0,0,1
1306458,1,2022,2022,9,6,5,5,31,523,34609,0,1,10,-33.926682,150.924484,41,0,2,1,1,0,0,0,2,2,7,50,0,2040,2040,9,5,28,2,0,0,0,1
1306459,4,2022,2022,9,0,4,515,14,38,518,0,1,3,-33.943735,151.069333,15,0,2,1,0,0,0,0,2,0,7,100,2,14295,14295,3,8,5,3,0,1,0,0
1306460,2,2022,2022,9,2,5,1,36,8,34609,0,1,1,-35.763956,150.203685,23,2,1,0,0,0,0,0,2,0,7,60,0,1850,1463,5,16,40,1,0,0,1,0
1306461,4,2022,2022,9,3,7,2209,17,74,2205,0,1,7,-34.447324,150.851775,80,0,2,1,1,0,3,0,2,0,0,60,2,9859,9859,8,16,40,1,0,1,0,0
1306463,1,2022,2022,10,3,2,2126,17,62,2149,0,1,9,-33.890003,151.146535,32,0,2,1,2,0,0,0,0,2,7,60,2,4026,4026,8,5,40,1,0,0,0,1
1306466,2,2022,2022,9,5,0,126,1,17,17,0,1,2,-33.750361,150.819597,7,0,2,1,2,0,3,4,0,0,7,60,1,941,941,1,10,5,2,0,0,1,0
1306468,4,2022,2022,9,5,3,143,31,134,34609,0,1,9,-33.890666,151.243553,76,0,2,1,1,0,0,0,1,2,0,50,0,591,591,1,22,13,2,0,1,0,0
1306471,4,2022,2022,10,2,4,38,27,53,34609,0,1,1,-33.366638,151.449464,16,2,2,0,1,0,0,0,2,0,7,50,0,1957,4009,1,0,5,2,0,1,0,0
1306475,1,2022,2022,9,2,7,103,27,438,563,0,1,9,-33.84231,151.044418,54,0,2,1,3,0,0,0,2,2,7,70,2,14295,14295,3,5,0,2,0,0,0,1
1306478,4,2022,2022,9,0,2,348,17,11,232,0,1,1,-32.768647,149.766603,44,1,0,0,0,0,0,0,1,0,7,100,2,4552,5151,8,10,40,1,0,1,0,0
1306479,1,2022,2022,9,2,1,2209,17,133,2205,0,1,2,-34.49502,150.793504,80,0,2,1,3,0,3,4,0,0,7,50,1,4026,4026,8,0,40,1,0,0,0,1
1306484,4,2022,2022,10,1,3,515,14,189,518,0,1,3,-33.941402,151.043188,15,0,2,1,0,0,0,0,2,0,7,100,2,14295,14295,3,10,13,2,0,1,0,1
1306486,1,2022,2022,9,5,7,387,27,290,331,0,1,9,-33.945802,151.128065,4,0,2,0,0,0,0,0,2,0,7,60,2,3775,3775,0,5,0,3,0,0,0,1
1306488,2,2022,2022,9,5,7,40,27,59,39,0,1,9,-33.180532,151.487442,37,0,2,1,3,0,0,0,2,0,7,60,1,14295,14295,3,30,0,2,0,0,1,0
1306489,1,2022,2022,9,5,2,58,1,70,34609,0,1,9,-33.911915,151.000381,15,0,2,1,3,0,0,0,1,0,7,50,0,5929,5929,1,0,25,2,0,0,0,1
1306494,4,2022,2022,9,5,8,22,27,151,34609,0,1,9,-34.032498,150.84985,13,0,2,1,0,0,0,0,2,0,15,50,0,9859,9859,1,16,5,2,0,1,0,0
1306495,1,2022,2022,9,0,8,230,27,173,284,0,1,10,-33.777682,151.10823,61,0,2,1,2,0,0,0,2,2,7,70,2,14295,14295,3,5,5,2,0,0,0,1
1306500,2,2022,2022,11,6,8,4,27,8,34609,0,1,1,-28.299504,153.519586,72,2,1,0,1,0,0,0,2,0,7,80,0,3775,3775,0,10,0,2,0,0,1,1
1306501,1,2022,2022,9,4,4,1104,14,9,962,0,1,3,-33.75848,150.642533,55,0,2,0,1,0,0,0,2,0,7,90,2,14295,14295,3,5,13,2,0,0,0,1
1306502,2,2022,2022,9,6,10,3371,17,29,3342,0,1,2,-32.264126,152.327756,43,1,0,0,0,0,0,0,0,0,7,110,2,1957,4009,8,9,40,1,0,0,1,0
1306504,4,2022,2022,9,6,7,24,31,102,34609,1,2,1,-31.109449,150.911746,70,2,1,0,1,0,0,0,2,0,7,40,0,3775,3775,0,0,5,2,0,1,0,1
1306506,2,2022,2022,9,2,6,11,31,71,34609,0,1,1,-33.834342,150.972785,21,0,2,1,1,0,0,0,2,0,7,50,0,2040,2040,9,10,28,2,0,0,1,0
1306509,4,2022,2022,9,3,6,103,27,14,98,0,1,1,-33.410951,150.789316,29,2,2,0,0,0,0,0,2,0,7,80,2,1669,1669,3,16,36,2,0,1,0,0
1306512,2,2022,2022,1,4,3,113,27,113,111,0,1,9,-33.803541,150.769411,55,0,2,1,1,0,0,0,2,0,0,80,2,150,150,4,5,5,2,0,0,1,0
1306514,1,2022,2022,9,5,3,74,27,130,59,0,1,2,-34.456022,150.859417,80,0,2,1,3,0,0,0,2,0,7,80,2,1192,1192,1,5,35,2,0,0,0,1
1306518,4,2022,2022,10,2,5,169,27,80,34609,0,1,9,-33.755965,150.668288,55,0,2,1,1,0,0,0,2,0,7,50,0,4026,4026,8,5,40,1,0,1,0,0
1306519,2,2022,2022,10,5,11,3371,17,43,3342,0,1,2,-30.433256,153.017315,6,1,0,1,0,0,0,0,0,0,7,110,2,9859,9859,8,5,40,1,0,0,1,1
1306520,1,2022,2022,11,4,5,1,27,8,34609,0,1,1,-33.770497,151.180301,36,0,2,1,0,0,0,0,2,0,7,50,0,9859,9859,1,5,0,2,0,0,0,1
1306525,2,2022,2022,11,1,11,4,27,16,7,0,1,1,-31.528631,150.789136,51,1,0,0,0,0,0,0,0,0,7,100,1,4552,5151,8,5,40,1,0,0,2,0
1306528,2,2022,2022,9,1,10,44,27,53,34609,0,1,10,-31.868067,152.361122,43,2,1,1,2,0,0,0,0,0,0,50,0,6545,6545,4,0,13,2,0,0,1,1
1306534,1,2022,2022,10,0,7,91,27,161,187,0,1,10,-33.875033,151.160843,32,0,2,1,3,0,0,0,2,2,7,70,2,5929,5929,1,9,19,2,0,0,0,1
1306535,2,2022,2022,9,0,7,8,27,55,17,0,1,1,-32.792415,151.544521,17,2,1,0,3,0,0,0,2,0,7,80,1,3775,3775,0,0,36,4,0,0,2,0
1306537,4,2022,2022,9,6,8,7,10,23,34609,0,1,7,-32.872356,151.644701,48,0,2,0,1,0,0,0,2,0,0,50,0,5929,5929,1,5,19,2,0,1,0,0
1306538,2,2022,2022,9,1,8,3371,17,65,3342,0,1,2,-30.397248,153.031963,19,1,0,1,0,0,0,0,2,0,7,110,2,9859,9859,8,5,40,1,0,0,1,0
1306539,1,2022,2022,9,4,3,1,24,67,34609,0,1,1,-33.647909,150.901351,71,0,2,1,3,0,0,0,1,0,7,50,0,9859,9859,1,5,4,2,0,0,0,1
1306542,4,2022,2022,11,1,6,3371,17,44,3342,0,1,2,-30.590282,152.996446,47,1,0,0,0,0,0,0,2,0,7,110,2,1957,4009,8,10,40,1,0,1,0,0
1306543,1,2022,2022,9,5,7,26,27,232,34609,0,1,9,-33.686276,150.924131,71,0,2,1,3,0,0,0,2,0,0,60,0,1282,1282,1,5,19,2,0,0,0,1
1306545,2,2022,2022,9,0,11,2126,17,140,2149,0,1,9,-33.77809,150.809189,7,0,2,1,2,0,0,0,0,2,9,80,2,2040,2040,9,0,28,2,0,0,1,1
1306546,4,2022,2022,10,0,7,30,10,11,30,0,1,1,-33.120536,151.159867,17,1,0,0,0,0,0,0,2,0,7,100,1,4552,5151,8,16,40,1,0,1,0,0
1306549,4,2022,2022,10,2,9,515,14,252,518,0,1,3,-33.948245,150.890808,41,0,2,1,2,0,0,0,3,0,7,100,2,14295,14295,3,5,5,4,0,1,0,0
1306550,1,2023,2022,9,6,8,149,27,52,198,0,1,2,-33.966565,150.971117,41,0,2,1,3,0,0,0,2,0,7,60,2,14295,14295,3,0,5,2,0,0,0,2
1306553,2,2022,2022,9,4,6,1104,14,223,962,0,1,3,-33.805575,150.917092,7,0,2,1,1,0,0,0,2,0,7,100,2,14295,14295,3,10,5,3,0,0,1,0
1306554,1,2022,2022,9,4,10,19,27,164,65,0,1,9,-33.718219,150.892407,7,0,2,1,3,0,3,4,0,2,7,60,1,2852,2852,4,0,0,2,0,0,0,1
1306555,2,2022,2022,11,1,11,16,27,193,34609,0,1,1,-33.791755,151.068214,61,0,2,1,1,0,0,0,0,0,7,50,0,368,368,9,5,28,2,0,0,1,0
1306556,2,2022,2022,9,1,3,30,27,120,154,0,1,2,-33.749891,150.865989,7,0,2,1,1,0,3,0,2,0,7,60,1,591,591,1,22,0,2,0,0,1,0
1306559,2,2022,2022,9,2,10,42,27,134,30,0,1,9,-33.892654,151.249697,76,0,2,1,0,0,0,0,3,0,7,50,1,3775,3775,0,22,22,2,0,0,1,0
1306561,2,2022,2022,10,1,8,2,31,52,34609,0,1,1,-33.712745,150.916587,7,0,2,1,1,0,0,0,2,0,7,50,0,591,591,1,22,5,2,0,0,1,0
1306562,2,2022,2022,9,6,1,14,27,11,34609,0,1,1,-34.515045,150.739129,80,0,2,1,2,0,0,0,0,0,7,80,0,9859,9859,8,0,40,1,0,0,1,0
1306565,2,2022,2022,10,6,4,220,14,51,220,0,1,3,-34.476665,150.828357,80,0,2,1,0,0,0,0,2,0,7,100,2,14295,14295,3,5,5,3,0,0,1,0
1306567,4,2022,2022,11,0,3,1,31,147,34609,0,1,10,-33.875675,151.000824,15,0,2,1,1,0,0,3,2,0,15,50,0,6545,6545,4,5,5,2,0,1,1,0
1306568,4,2022,2022,10,5,8,5,10,120,34609,0,1,9,-32.197299,152.521807,43,2,1,0,1,0,0,0,2,0,7,50,0,1220,1220,9,10,28,2,0,1,0,0
1306572,2,2022,2022,9,1,7,193,27,253,34609,0,1,0,-33.96019,151.100328,25,0,2,1,0,0,0,0,2,0,7,50,0,14295,14295,3,5,19,2,0,0,1,0
1306578,2,2022,2022,11,1,8,13,27,95,34609,0,1,1,-34.395287,150.897823,80,0,2,1,1,0,0,0,3,0,7,50,0,9859,9859,1,22,5,2,0,0,1,0
1306580,1,2022,2022,9,1,7,26,27,5,34609,0,1,1,-35.24966,149.363765,58,2,1,0,3,0,0,0,2,0,7,80,0,4552,5151,8,5,40,1,0,0,0,1
1306588,1,2022,2022,9,4,4,39,31,131,34609,0,1,10,-36.07478,146.921743,0,2,1,1,3,0,0,0,2,2,7,50,0,6545,6545,4,0,36,2,0,0,0,1
1306590,2,2022,2022,9,3,6,2,27,92,34609,0,1,1,-33.405243,151.365055,16,2,2,1,3,0,0,0,2,0,7,50,0,175,188,8,30,40,1,0,0,1,0
1306591,2,2022,2022,11,0,8,2126,17,23,2149,0,1,9,-33.818749,150.99238,54,0,2,1,0,0,2,6,2,0,7,60,2,5929,5929,1,0,5,2,0,0,1,0
1306592,1,2022,2022,10,1,6,6,31,532,34609,1,0,1,-33.871934,151.214417,69,0,2,0,3,0,0,0,2,0,7,40,0,4552,5151,1,5,5,2,0,0,0,1
1306601,2,2022,2022,9,4,6,128,27,74,133,0,1,9,-33.77264,150.67097,55,0,2,1,1,0,2,6,2,2,7,60,2,9859,9859,8,10,40,1,0,0,1,0
1306602,4,2022,2022,9,2,4,175,27,66,220,0,1,2,-33.721378,150.93261,7,0,2,0,1,0,0,0,2,2,9,70,2,14295,14295,3,10,36,2,0,1,1,0
1306605,1,2022,2022,9,6,3,171,23,55,34609,0,1,10,-33.889175,151.283687,76,0,2,1,1,0,0,0,2,1,7,50,0,6545,6545,4,0,27,2,0,0,0,1
1306613,1,2022,2022,11,3,6,2126,17,179,2149,0,1,2,-33.759117,150.72174,55,0,2,1,0,0,0,0,2,0,7,60,2,144,144,1,5,12,2,0,0,0,1
1306615,4,2022,2022,9,4,8,15,27,26,18,0,1,1,-31.159542,152.927003,34,1,0,0,0,0,0,0,2,0,7,100,1,1259,5151,8,9,40,1,0,1,0,0
1306619,1,2022,2022,9,1,3,4,31,194,34609,0,1,9,-30.511885,151.647938,1,2,1,0,0,0,3,3,2,0,0,50,0,1957,777,8,0,40,1,0,0,0,1
1306620,1,2022,2022,11,0,5,15,27,3,33,0,1,1,-34.346705,150.118403,78,2,1,0,0,0,0,0,2,0,7,50,1,1850,1463,5,8,40,1,0,0,0,1
1306621,2,2022,2022,10,2,5,1052,14,118,928,0,1,3,-33.431807,151.27121,16,1,2,0,0,0,0,0,2,0,7,110,2,1383,1383,1,5,5,2,0,0,1,2
1306625,2,2022,2022,11,2,11,2126,17,80,2149,0,1,9,-33.746764,150.674564,55,0,2,1,2,0,3,3,0,2,7,60,2,5929,5929,1,5,5,2,0,0,1,0
1306626,4,2022,2022,11,5,10,2261,17,32,2252,0,1,3,-34.237522,150.662252,79,1,2,1,0,0,0,0,0,0,7,110,2,14295,14295,3,16,35,2,0,1,0,0
1306632,1,2022,2022,9,2,9,1,27,4,34609,0,1,1,-29.284661,145.97875,51,1,0,1,3,2,0,0,3,0,7,100,0,9859,9859,8,5,40,1,0,0,0,1
1306636,1,2022,2022,9,6,8,5,31,64,34609,0,1,1,-33.954451,150.999178,15,0,2,1,3,0,0,0,3,0,7,40,0,941,941,1,5,19,2,0,0,0,1
1306639,2,2022,2022,9,6,3,28,27,108,34609,0,1,1,-33.294387,151.420241,16,2,2,1,3,0,0,0,2,0,7,50,0,1669,1669,3,10,5,2,0,0,1,0
1306640,2,2022,2022,10,2,8,500,27,646,563,0,1,9,-33.934581,151.036742,15,0,2,1,3,0,0,0,2,2,7,60,2,5929,5929,1,0,5,2,0,0,1,0
1306642,4,2022,2022,9,1,10,296,27,290,293,0,1,10,-33.855762,150.995112,21,0,2,1,2,0,0,0,0,2,9,70,2,2040,2040,9,5,28,2,0,1,0,0
1306643,4,2022,2022,9,2,9,30,10,11,30,0,1,9,-33.13725,151.195815,17,1,0,0,0,0,0,0,2,0,7,100,1,4552,5151,8,16,40,1,0,1,0,0
1306644,2,2022,2022,10,1,5,1,31,165,34609,0,1,1,-33.857968,151.155612,14,0,2,1,1,0,3,4,2,0,7,50,0,18,18,2,5,5,2,0,0,1,0
1306647,1,2022,2022,9,0,8,16,1,24,25,0,1,1,-33.6262,150.837891,29,2,2,1,3,0,0,0,2,0,7,60,2,1981,1981,4,5,13,2,0,0,0,1
1306650,4,2022,2022,9,4,9,232,36,60,168,0,1,10,-34.039323,150.739649,12,0,2,1,1,0,0,0,2,2,7,60,2,6545,6545,4,0,5,2,0,1,1,0
1306652,2,2022,2022,9,5,8,57,1,147,34609,0,1,1,-33.869117,151.13021,14,0,2,1,1,0,0,0,2,0,7,50,0,238,238,9,9,28,2,0,0,1,0
1306654,4,2022,2022,9,6,0,195,27,49,186,0,1,9,-33.918961,150.852808,41,0,2,1,2,0,0,0,0,2,7,70,2,489,489,8,5,40,1,0,1,0,0
1306656,2,2022,2022,9,3,9,82,27,84,181,0,1,10,-33.894165,151.265262,76,0,2,1,1,0,0,0,2,0,0,50,2,387,387,1,22,13,2,0,0,1,0
1306657,2,2022,2022,11,0,1,280,10,314,82,0,1,1,-33.851807,150.928878,24,0,2,1,2,0,3,0,0,0,7,60,2,9859,9859,1,10,5,5,0,0,1,0
1306658,1,2022,2022,11,4,9,126,31,201,34609,0,1,7,-34.000305,150.86467,13,0,2,1,2,0,0,0,3,0,0,50,0,926,926,4,30,5,2,0,0,0,1
1306660,4,2022,2022,1,6,4,31,27,304,34609,1,2,9,-33.910788,151.149782,32,0,2,1,0,0,0,0,2,0,0,40,0,387,387,1,16,25,2,0,1,0,0
1306662,4,2022,2022,10,4,11,165,31,226,34609,0,1,1,-33.775983,150.825276,7,0,2,1,2,0,0,0,0,0,7,50,0,9859,9859,1,0,0,2,0,1,0,0
1306663,2,2022,2022,10,1,10,67,10,26,34,0,1,1,-34.383959,150.488206,78,2,1,1,3,0,0,0,0,0,7,80,1,9859,9859,8,0,40,1,0,0,1,0
1306664,2,2022,2022,10,2,0,55,27,112,70,0,1,9,-33.710441,151.024752,31,0,2,1,2,0,0,0,0,2,7,60,2,1850,985,5,5,40,1,0,0,1,0
1306665,2,2022,2022,10,2,7,916,17,27,917,0,1,9,-32.663077,151.368778,17,2,1,0,0,0,0,0,2,0,0,80,2,2852,2852,4,10,5,2,0,0,1,0
1306666,2,2022,2022,10,4,11,13,1,55,34609,0,1,1,-33.853063,151.280698,81,0,2,0,2,0,3,6,0,0,7,50,0,4552,5151,1,5,36,2,0,0,1,0
1306667,2,2022,2022,9,1,4,348,17,31,232,0,1,1,-30.875503,148.334116,51,1,0,0,0,0,0,0,2,0,7,110,2,2585,4009,8,5,40,1,0,0,1,0
1306668,4,2022,2022,11,2,4,3371,17,12,3342,0,1,9,-33.047427,151.655481,37,0,2,1,1,0,0,0,2,0,7,60,2,5929,5929,1,0,27,2,0,1,0,0
1306670,2,2022,2022,11,2,10,63,27,12,34,0,1,9,-32.948366,151.683877,37,0,2,1,2,0,0,0,0,0,0,60,1,14295,14295,3,5,13,2,0,0,1,0
1306671,4,2022,2022,11,4,2,7,7,120,34609,0,1,1,-33.750053,150.873326,7,0,2,0,1,0,3,4,1,0,7,50,0,3775,3775,0,5,36,2,0,1,0,0
1306673,2,2022,2022,10,6,9,3371,17,119,3342,0,1,2,-32.772325,151.759663,57,1,0,0,0,0,0,0,0,0,7,110,2,273,957,5,9,40,1,0,0,1,0
1306675,4,2022,2022,10,2,6,220,27,44,222,0,1,2,-33.787702,150.9746,54,0,2,1,1,0,0,0,2,0,7,80,2,14295,14295,3,16,0,2,0,1,0,0
1306683,2,2022,2022,9,5,6,2,31,304,34609,0,1,1,-33.90977,151.164215,32,0,2,1,0,0,0,0,2,0,7,50,0,175,188,1,8,13,3,0,0,1,0
1306686,4,2022,2022,10,3,11,2261,17,243,2252,0,1,9,-33.957577,150.884354,41,0,2,1,2,0,0,0,0,0,0,70,2,5929,5929,1,5,19,2,0,1,0,0
1306689,4,2022,2022,9,2,0,8,27,210,34609,0,1,1,-34.026623,151.119803,68,0,2,1,2,0,0,0,0,0,7,50,0,1109,787,1,5,19,2,0,1,0,0
1306692,4,2022,2022,11,4,11,3371,17,4,3342,0,1,1,-33.513741,151.193547,16,2,2,0,0,0,0,0,0,0,7,60,2,2585,4009,8,16,40,1,0,1,0,0
1306693,2,2022,2022,9,0,8,32,14,108,124,0,1,6,-33.810806,151.176904,77,0,2,1,1,0,0,0,2,0,7,60,2,3775,3775,0,10,36,3,0,0,1,0
1306697,2,2022,2022,10,3,7,2126,17,38,2149,0,1,9,-33.776298,150.800889,55,0,2,1,1,0,0,0,2,0,0,80,2,775,775,4,5,13,2,0,0,1,0
1306708,2,2022,2022,9,1,10,2,27,3,34609,0,1,1,-33.039435,147.908914,53,1,0,1,0,0,3,0,0,0,7,100,0,945,945,5,10,40,1,0,0,2,0
1306709,2,2022,2022,11,0,7,2261,17,84,2252,0,1,2,-33.892746,150.961904,24,0,2,1,0,0,3,4,2,0,7,70,2,14295,14295,3,10,5,3,0,0,2,0