Crash ID,Degree of crash - detailed,Reporting year,Year of crash,Month of crash,Day of week of crash,Two-hour intervals,Street of crash,Street type,Town,Route no.,School zone location,School zone active,Type of location,Latitude,Longitude,LGA,Urbanisation,Conurbation 1,Alignment,Street lighting,Road surface,Surface condition,Weather,Natural lighting,Signals operation,Other traffic control,Speed limit,Road classification,RUM - code,DCA - code,First impact type,Key TU type,Other TU type,No. of traffic units involved,No. killed,No. seriously injured,No. moderately injured,No. minor-other injured
1306710,1,2022,2022,9,3,5,92,31,83,34609,0,1,9,-30.110496,153.200885,19,2,1,1,1,0,0,0,2,0,7,40,0,591,591,1,17,5,2,0,0,0,1
1306711,2,2022,2022,11,4,8,55,36,16,35,0,1,1,-32.772058,149.980079,44,1,0,1,0,0,3,4,3,0,7,100,1,9859,9859,8,5,40,1,0,0,1,0
1306713,2,2022,2022,10,2,9,74,23,49,260,0,1,9,-33.974126,151.150697,4,0,2,1,2,0,0,0,3,2,7,60,2,5929,5929,1,30,5,2,0,0,3,1
1306718,4,2022,2022,9,1,5,2,27,108,34609,0,1,1,-33.292341,151.434011,16,2,2,0,0,0,0,0,2,0,7,50,0,2585,4009,8,34,40,1,0,1,0,0
1306721,1,2022,2022,11,2,7,175,27,55,220,0,1,9,-33.738692,150.917738,7,0,2,1,1,0,3,4,2,2,7,70,2,3775,3775,0,9,5,2,0,0,0,1
1306722,4,2022,2022,9,2,0,2261,17,112,2252,0,1,2,-33.906603,150.942853,41,0,2,0,2,0,0,0,0,0,7,70,2,2585,4009,8,5,40,2,0,1,0,0
1306727,4,2022,2022,10,3,11,330,23,293,112,0,1,9,-33.939376,151.239029,59,0,2,1,2,0,3,3,0,0,7,50,2,4026,4026,1,30,36,2,0,1,0,0
1306729,1,2022,2022,11,1,0,12,31,41,34609,0,1,9,-33.826216,151.013125,54,0,2,1,2,0,0,0,0,0,7,50,0,1981,1981,4,5,5,2,0,0,0,1
1306731,4,2022,2022,10,1,4,13,27,96,34609,0,1,7,-34.049747,150.829727,13,0,2,0,0,0,0,0,2,0,0,60,0,1850,1463,5,16,40,1,0,1,0,0
1306732,2,2022,2022,11,4,3,3371,17,20,3342,0,1,9,-29.563297,153.147126,18,2,1,1,0,0,0,0,2,0,0,80,2,926,926,4,5,0,2,0,0,1,0
1306735,2,2022,2022,9,3,6,4,27,6,34609,0,1,1,-33.755248,150.056767,51,2,1,1,0,2,0,0,2,0,7,40,0,1945,1945,5,16,40,1,0,0,1,0
1306737,4,2022,2022,9,6,4,361,23,84,35,0,1,1,-33.886935,150.943614,24,0,2,1,0,0,0,0,2,0,7,60,1,1220,1220,9,0,28,2,0,1,1,0
1306738,4,2022,2022,11,0,10,5,31,438,34609,0,1,9,-33.836448,151.030575,21,0,2,1,2,0,3,0,0,0,7,50,0,489,489,8,5,40,1,0,1,0,0
1306739,4,2022,2022,10,6,5,1104,11,532,770,0,1,10,-33.873004,151.204112,69,0,2,1,1,0,0,0,2,2,9,30,2,6545,6545,4,5,5,2,0,1,0,0
1306742,1,2022,2022,2,1,5,119,31,68,8,1,0,2,-33.874312,151.240712,81,0,2,1,3,0,0,0,2,0,7,50,1,14295,14295,3,5,13,2,0,0,0,1
1306744,1,2022,2022,9,1,5,73,31,532,34609,0,1,1,-33.863941,151.203998,69,0,2,1,3,0,0,0,2,0,7,40,0,941,941,1,9,5,2,0,0,0,1
1306746,1,2022,2022,10,4,6,78,17,17,75,0,1,8,-33.853442,151.210069,69,0,2,1,3,0,0,0,2,0,7,70,2,14295,14295,3,5,40,2,0,0,0,1
1306750,1,2022,2022,2,2,7,515,14,145,518,0,1,3,-33.935896,151.112735,15,0,2,1,3,0,0,0,2,0,7,80,2,14295,14295,3,33,5,4,0,0,0,1
1306752,1,2022,2022,11,2,7,12,1,64,34609,0,1,1,-32.949131,151.696578,48,0,2,1,3,0,0,0,2,0,7,50,0,941,941,1,5,0,2,0,0,0,1
1306755,1,2022,2022,2,0,8,110,27,23,173,0,1,2,-34.391685,150.858602,80,0,2,1,3,0,3,4,3,0,7,80,2,14295,14295,3,0,36,3,0,0,0,1
1306760,1,2022,2022,9,3,6,2261,17,228,2252,0,1,2,-34.776561,149.686263,26,1,0,1,3,0,0,0,2,0,7,110,2,14295,14295,3,5,5,2,0,0,0,1
1306771,2,2022,2022,9,0,8,21,1,123,25,0,1,9,-33.909869,151.221982,59,0,2,1,0,0,0,0,2,0,7,50,1,1945,1945,5,16,40,1,0,0,1,0
1306772,2,2022,2022,9,4,0,133,27,219,260,0,1,9,-32.910643,151.66415,48,0,2,1,2,0,0,0,0,0,15,70,2,775,775,4,5,5,2,0,0,2,0
1306773,1,2022,2022,9,4,5,7,31,79,34609,0,1,1,-33.581298,150.719259,29,2,2,1,1,0,0,0,2,0,7,50,0,1945,1945,5,16,40,1,0,0,0,1
1306775,1,2022,2022,9,0,5,2126,17,75,2149,0,1,9,-33.870262,151.114894,9,0,2,1,3,0,0,0,2,0,7,60,2,623,623,3,9,5,2,0,0,0,1
1306779,4,2022,2022,11,1,4,344,27,95,382,0,1,10,-33.733067,150.848624,7,0,2,1,1,0,0,0,2,2,7,70,2,1220,1220,9,5,28,2,0,1,1,0
1306780,1,2022,2022,11,5,8,265,17,74,193,0,1,1,-34.674015,147.970909,20,1,0,1,0,0,0,3,2,0,7,100,2,9859,9859,8,10,40,1,0,0,0,1
1306781,4,2022,2022,11,0,9,6,10,43,34609,0,1,1,-30.452583,153.007506,6,2,1,0,0,0,3,4,0,0,7,50,0,1259,5151,8,5,40,1,0,1,0,0
1306782,2,2022,2022,9,0,8,475,10,83,268,0,1,9,-33.877655,150.825592,41,0,2,1,0,0,0,0,2,0,15,80,2,6545,6545,4,9,36,2,0,0,1,0
1306783,1,2022,2022,9,6,8,20,31,131,60,0,1,10,-36.070062,146.926281,0,2,1,1,3,0,0,0,2,0,7,50,1,5929,5929,1,5,5,2,0,0,0,1
1306784,1,2022,2022,2,4,7,87,31,41,34609,0,1,10,-32.964332,151.624838,37,0,2,1,3,0,0,0,2,0,15,50,0,6545,6545,4,10,5,2,0,0,0,1
1306790,1,2022,2022,2,5,5,37,27,19,52,0,1,1,-33.952565,150.576203,79,2,2,1,3,0,0,0,2,0,7,80,1,9859,9859,8,16,40,1,0,0,0,1
1306793,1,2022,2022,9,3,6,11,27,139,34,0,1,10,-33.842654,151.213944,49,0,2,1,3,0,0,0,2,2,7,50,1,14295,14295,3,5,5,2,0,0,0,1
1306808,1,2022,2022,9,0,4,344,27,168,382,0,1,10,-33.712005,150.842153,7,0,2,1,3,0,0,0,2,2,7,80,2,14295,14295,3,10,0,2,0,0,0,1
1306809,1,2022,2022,9,1,2,2261,17,18,2252,0,1,2,-35.208754,147.813575,20,1,0,1,3,0,0,0,1,0,7,110,2,14295,14295,3,29,2,2,0,0,0,1
1306823,4,2022,2022,10,4,8,26,31,204,11,0,1,9,-33.889018,151.121268,32,0,2,0,1,0,0,0,2,0,7,50,1,775,775,4,5,27,2,0,1,0,0
1306824,1,2022,2022,9,6,4,103,27,41,256,0,1,1,-34.114929,150.797566,13,0,2,1,0,0,0,0,2,0,7,70,2,14295,14295,3,0,0,3,0,0,0,1
1306826,4,2022,2022,2,3,4,168,10,21,260,0,1,9,-33.948258,151.166094,4,0,2,1,1,0,0,0,2,0,7,60,2,1282,1282,1,19,27,2,0,1,0,0
1306827,2,2022,2022,2,4,4,1052,14,60,928,0,1,3,-33.425931,151.230243,16,1,2,0,3,0,0,0,2,0,7,110,2,1383,1383,1,29,10,3,0,0,1,0
1306832,2,2022,2022,2,6,10,512,17,562,441,0,1,9,-32.240692,148.584935,22,2,1,1,3,0,3,4,0,0,0,60,2,5929,5929,1,10,5,2,0,0,1,0
1306836,4,2022,2022,9,5,7,83,27,16,72,0,1,1,-28.760781,153.353429,39,2,1,1,0,0,0,0,2,0,7,80,2,1669,1669,3,10,0,2,0,1,0,0
1306838,1,2022,2022,1,3,5,25,27,49,27,0,1,1,-34.350838,148.903775,30,1,0,0,0,0,0,0,2,0,7,100,1,1850,1463,5,16,40,1,0,0,0,1
1306839,4,2022,2022,11,0,11,866,17,174,793,1,0,2,-33.870551,150.925074,24,0,2,0,2,0,3,6,0,0,7,70,2,14295,14295,3,5,19,2,0,1,0,0
1306842,2,2022,2022,9,5,2,2209,17,106,2205,0,1,9,-34.563173,150.797864,62,0,2,1,2,0,0,0,0,2,7,60,2,6545,6545,4,10,5,2,0,0,1,0
1306846,1,2022,2022,9,2,3,2261,17,17,2252,0,1,2,-34.799993,149.286502,74,1,0,1,0,0,0,0,2,0,7,110,2,14295,14295,3,29,2,2,0,0,0,1
1306847,2,2022,2022,9,4,4,125,31,438,44,0,1,1,-33.850738,151.036038,21,0,2,1,0,0,0,0,2,0,7,50,1,1391,1391,1,33,5,2,0,0,2,0
1306851,2,2022,2022,11,6,6,866,17,314,793,0,1,10,-33.853544,150.940641,24,0,2,1,1,0,0,0,2,2,7,70,2,2040,2040,9,10,28,2,0,0,1,0
1306856,2,2022,2022,9,5,7,13,27,247,34609,0,1,1,-33.811442,150.942058,21,0,2,1,0,0,0,0,2,0,7,50,0,1220,1220,9,0,28,2,0,0,1,0
1306862,2,2022,2022,5,3,9,1,18,179,34609,0,1,9,-31.928098,152.421677,43,2,1,1,0,0,3,4,0,0,7,50,0,9859,9859,8,0,40,1,0,0,1,0
1306864,4,2022,2022,9,6,3,5,27,47,34609,0,1,10,-33.810474,151.146102,38,0,2,1,0,0,0,0,2,0,0,50,0,2852,2852,4,16,13,2,0,1,0,0
1306865,2,2022,2022,2,0,7,2209,17,24,2205,0,1,9,-36.222492,150.127107,23,2,1,1,1,0,0,0,2,2,7,50,2,1220,1220,9,30,28,2,0,0,1,0
1306866,2,2022,2022,9,5,5,59,27,271,17,0,1,9,-33.940588,151.018509,15,0,2,1,1,0,0,0,2,2,7,60,2,2852,2852,4,5,12,2,0,0,1,0
1306867,4,2022,2022,9,2,8,3,10,85,34609,0,1,9,-33.796055,150.674692,55,0,2,1,0,0,0,0,2,0,7,50,0,2040,2040,9,0,26,2,0,1,0,0
1306871,1,2022,2022,9,5,3,916,17,30,917,0,1,9,-31.048441,151.052906,70,1,0,1,0,0,0,0,2,0,0,100,2,9859,9859,8,10,40,1,0,0,0,1
1306885,4,2022,2022,10,5,8,28,1,16,34609,0,1,1,-33.795771,151.207426,77,0,2,1,1,0,0,3,2,0,7,50,0,4026,4026,1,0,5,2,0,1,0,0
1306887,4,2022,2022,9,2,5,20,1,22,34609,0,1,1,-34.502438,150.880745,80,0,2,1,0,0,0,0,2,0,7,50,0,237,397,1,17,12,2,0,1,0,0
1306888,1,2022,2022,9,1,6,330,27,49,605,0,1,2,-33.717192,151.297618,50,0,2,1,1,0,0,0,2,0,7,60,2,14295,14295,3,9,5,4,0,0,0,1
1306889,2,2022,2022,9,1,3,485,27,52,769,0,1,9,-33.700128,150.92862,7,0,2,1,1,0,0,0,1,2,7,80,2,5929,5929,1,10,0,2,0,0,1,0
1306891,4,2022,2022,9,0,4,3371,17,6,3342,0,1,2,-29.266206,153.226659,18,1,0,1,0,0,0,0,2,0,7,110,2,4026,4026,8,0,40,1,0,1,0,0
1306893,2,2022,2022,9,4,4,161,17,23,161,0,1,1,-36.600193,149.446494,5,2,1,0,0,0,0,0,2,0,7,60,2,4552,5151,8,10,40,1,0,0,1,0
1306894,2,2022,2022,11,5,11,2,6,70,34609,0,1,9,-33.884747,150.873962,24,0,2,1,2,0,3,4,0,0,7,50,0,4026,4026,8,0,40,1,0,0,1,0
1306895,2,2022,2022,2,1,9,163,27,73,165,0,1,9,-33.750124,150.801716,7,0,2,1,1,0,0,0,2,2,7,60,1,2852,2852,4,5,12,2,0,0,1,0
1306896,2,2022,2022,9,2,11,1104,14,113,962,0,1,3,-33.783706,150.765478,55,0,2,1,2,0,3,0,0,0,7,110,2,4026,4026,8,5,40,1,0,0,1,0
1306897,4,2022,2022,1,5,8,34,27,225,69,0,1,1,-33.796394,151.1705,77,0,2,1,1,0,0,0,2,0,7,50,2,9859,9859,8,5,40,1,0,1,0,0
1306898,1,2022,2022,2,0,8,97,17,53,88,0,1,10,-35.163529,149.311716,58,1,0,0,1,0,0,0,2,0,0,110,2,2585,4009,8,5,40,1,0,0,0,1
1306899,2,2022,2022,11,3,11,1,18,2,34609,0,1,1,-31.841418,152.237456,43,1,0,0,0,2,0,0,0,0,7,100,0,418,714,5,10,40,1,0,0,1,0
1306900,2,2022,2022,10,1,6,43,27,10,118,0,1,1,-30.910227,150.834137,70,1,0,0,0,0,0,0,2,0,7,100,2,782,957,5,5,40,1,0,0,1,0
1306903,2,2022,2022,9,5,11,9,1,28,260,0,1,7,-32.944808,151.623135,37,0,2,0,2,0,0,0,0,0,0,60,2,5929,5929,1,10,5,2,0,0,2,0
1306904,2,2022,2022,9,2,9,4,31,76,34609,0,1,1,-33.918937,150.871885,41,0,2,1,1,0,0,0,2,0,7,50,0,3775,3775,0,16,27,2,0,0,1,0
1306905,2,2022,2022,11,2,11,57,31,174,321,0,1,0,-33.892671,151.20035,69,0,2,1,2,0,0,0,0,0,7,50,2,1220,1220,9,5,28,2,0,0,1,0
1306907,4,2022,2022,9,6,5,4,31,219,34609,1,0,9,-32.893081,151.667459,48,0,2,1,0,0,0,0,2,0,7,50,0,1109,787,1,5,5,2,0,2,0,0
1306909,4,2022,2022,9,2,7,1,27,5,34609,0,1,11,-33.389992,149.879815,3,2,1,0,0,2,0,3,2,0,7,80,0,2585,4009,8,16,40,1,0,1,0,0
1306913,2,2022,2022,11,6,10,39,31,246,99,0,1,9,-33.902196,151.198365,69,0,2,1,2,0,0,0,0,0,0,50,2,775,775,4,5,27,2,0,0,1,0
1306914,1,2022,2022,10,4,11,42,27,128,231,0,1,10,-33.424854,151.319296,16,2,2,1,2,0,0,3,0,2,7,60,2,2852,2852,4,5,19,2,0,0,0,1
1306915,2,2022,2022,11,3,7,387,27,115,331,0,1,10,-33.961386,151.05806,25,0,2,1,1,0,0,0,2,2,7,60,2,5929,5929,1,0,0,2,0,0,2,0
1306918,2,2022,2022,11,2,8,15,31,218,34609,0,1,1,-33.763927,150.784421,55,0,2,1,1,0,0,0,2,0,7,50,0,4026,4026,1,5,13,2,0,0,1,0
1306919,2,2022,2022,11,0,2,3,23,147,34609,0,1,1,-33.757084,151.29374,50,0,2,1,2,0,3,4,1,0,7,50,0,323,323,1,5,0,4,0,0,1,0
1306920,4,2022,2022,10,1,6,30,31,68,3,0,1,9,-33.699323,149.860843,51,2,1,1,1,0,0,3,2,0,7,60,1,418,777,5,8,40,1,0,1,0,0
1306922,2,2022,2022,11,6,7,4,10,104,144,0,1,9,-33.800005,150.800586,55,0,2,1,1,0,0,3,2,0,15,60,2,2585,777,1,5,5,2,0,0,1,0
1306924,2,2022,2022,11,6,7,283,27,70,702,0,1,10,-33.975435,151.102967,25,0,2,1,0,0,0,0,2,0,0,60,2,14295,14295,3,0,0,3,0,0,2,1
1306926,1,2022,2022,1,3,6,1,27,11,34609,0,1,1,-28.368776,153.529286,72,1,0,0,1,0,0,0,2,0,7,100,0,1850,1463,5,16,40,2,0,0,0,1
1306927,2,2022,2022,10,3,6,916,17,165,917,0,1,10,-32.263226,150.888838,46,2,1,1,1,0,0,0,2,2,7,50,2,1957,777,8,0,40,1,0,0,1,0
1306931,2,2022,2022,11,2,11,109,27,137,105,0,1,1,-33.896365,150.911852,24,0,2,0,2,0,0,0,0,0,7,60,2,3775,3775,0,5,0,2,0,0,2,0
1306934,1,2022,2022,9,5,7,79,10,128,231,0,1,1,-33.42976,151.316526,16,2,2,1,1,0,0,0,2,0,7,60,2,14295,14295,3,21,5,3,0,0,0,1
1306937,2,2022,2022,11,4,3,18,31,42,34609,0,1,1,-33.822164,151.193453,77,0,2,1,1,0,3,4,2,0,7,50,0,4026,4026,8,34,40,1,0,0,1,0
1306938,2,2022,2022,11,3,1,40,27,17,34609,0,1,1,-33.62148,150.78049,29,2,2,0,0,0,0,0,0,0,7,70,0,1957,4009,8,8,40,1,0,0,1,0
1306940,2,2022,2022,10,4,6,109,27,16,169,0,1,9,-32.822907,151.41876,17,2,1,1,1,0,0,3,2,0,7,80,2,3775,3775,0,30,0,3,0,0,1,0
1306942,4,2022,2022,11,1,2,478,17,122,480,0,1,1,-33.432213,151.340701,16,2,2,0,2,0,0,0,0,0,7,80,2,312,312,2,16,40,1,0,1,0,0
1306944,4,2022,2022,10,1,3,3371,17,67,3342,0,1,1,-33.394658,151.348577,16,2,2,0,0,0,3,4,1,0,7,60,2,3775,3775,0,10,0,2,0,2,0,0
1306946,1,2022,2022,11,0,10,475,10,523,268,0,1,2,-33.915561,150.910121,41,0,2,1,2,0,3,4,0,0,7,70,2,1192,1192,1,5,12,2,0,0,0,1
1306955,2,2022,2022,10,6,10,3371,17,147,3342,0,1,10,-33.750875,151.147357,36,0,2,0,2,0,0,0,0,2,7,60,2,5929,5929,1,21,5,2,0,0,1,0
1306959,4,2022,2022,11,3,6,22,31,61,34609,0,1,7,-33.89155,150.911714,24,0,2,1,1,0,0,0,2,0,0,50,0,4026,4026,8,5,40,1,0,1,0,0
1306961,2,2022,2022,10,0,0,3371,17,24,3342,0,1,2,-32.53641,152.17472,43,1,0,0,0,0,0,0,0,0,7,110,2,4552,5151,1,3,11,3,0,0,1,0
1306963,1,2022,2022,9,2,10,154,27,293,244,0,1,9,-33.926592,151.052807,15,0,2,1,2,0,0,0,0,0,0,60,2,1220,1220,9,5,28,2,0,0,0,1
1306965,4,2022,2022,9,4,8,5,31,104,34609,0,1,10,-32.91214,151.712222,48,0,2,0,1,0,0,0,2,0,15,50,0,6545,6545,4,9,27,2,0,1,0,0
1306967,4,2022,2022,10,2,0,67,27,165,78,0,1,1,-33.855168,151.148269,14,0,2,1,2,0,0,0,0,0,7,50,2,4026,4026,8,0,40,1,0,2,0,0
1306969,2,2022,2022,10,3,7,475,10,83,268,0,1,9,-33.877241,150.843436,41,0,2,1,0,0,0,0,2,2,7,70,2,5929,5929,1,5,5,2,0,0,2,0
1306970,1,2022,2022,10,3,7,27,27,102,28,0,1,9,-33.946478,151.189039,4,0,2,1,1,0,0,0,2,2,7,80,2,14295,14295,3,29,13,2,0,0,0,2
1306977,4,2022,2022,9,0,1,191,17,6,189,0,1,1,-32.235595,150.485259,73,1,0,0,0,0,0,0,0,0,7,100,2,2585,4009,8,5,40,1,0,1,0,0
1306978,4,2022,2022,11,3,7,12,27,15,34609,0,1,1,-29.526441,153.249316,18,1,0,1,0,0,0,0,2,0,7,100,0,96,96,0,5,0,2,0,1,1,0
1306979,1,2022,2022,9,2,4,10,31,155,34609,0,1,9,-33.121333,148.167697,53,2,1,1,0,2,0,0,2,0,7,50,0,4552,985,8,0,40,1,0,0,0,1
1306982,2,2022,2022,10,2,1,78,17,7,58,0,1,2,-34.893135,148.975173,82,1,0,1,3,0,3,3,0,0,7,100,2,9859,9859,8,33,40,1,0,0,1,0
1306983,1,2022,2022,9,3,7,3371,17,27,3342,0,1,7,-30.13473,153.193427,19,2,1,1,0,0,0,0,2,0,0,60,2,4026,4026,8,10,40,1,0,0,0,1
1306986,4,2022,2022,9,3,7,48,10,41,121,0,1,9,-31.413055,152.824349,56,2,1,1,0,0,0,0,2,0,15,80,1,5929,5929,1,34,36,2,0,1,0,0
1306987,1,2022,2022,10,1,8,77,10,43,331,0,1,1,-34.143577,150.692511,79,2,2,0,3,0,0,0,2,0,7,80,1,4552,5151,8,5,40,1,0,0,0,1
1306991,2,2022,2022,9,0,8,229,14,278,237,0,1,3,-33.761118,151.036714,54,0,2,0,1,0,0,0,2,0,7,100,2,1383,1383,1,19,22,2,0,0,1,0
1306993,2,2022,2022,9,5,4,1104,14,445,962,0,1,3,-33.850354,151.054736,54,0,2,1,1,0,0,0,2,0,7,90,2,14295,14295,3,29,5,3,0,0,2,0
1306998,2,2022,2022,10,2,11,133,27,17,605,1,0,1,-33.596647,151.324134,50,0,2,0,2,0,3,4,0,0,7,40,2,1259,5151,8,5,40,1,0,0,1,0
1307000,4,2022,2022,9,5,10,39,22,24,34609,0,1,9,-33.383301,151.416077,16,2,2,0,0,0,0,0,3,0,7,60,0,4552,5151,8,16,40,1,0,1,0,0
1307001,2,2022,2022,11,5,8,48,31,314,34609,0,1,7,-33.857273,150.924271,24,0,2,1,1,0,0,0,2,0,0,50,0,926,926,4,0,19,2,0,0,1,0
1307004,1,2022,2022,9,1,11,280,10,92,240,0,1,9,-33.876956,150.965672,24,0,2,1,3,0,0,0,0,2,7,60,2,1192,1192,1,5,5,2,0,0,0,1
1307006,1,2022,2022,9,1,9,92,27,106,63,0,1,1,-33.918649,151.089017,15,0,2,1,3,0,0,0,2,0,7,50,1,14295,14295,3,5,36,2,0,0,0,1
1307011,1,2022,2022,2,2,7,866,17,187,793,0,1,2,-33.796555,150.987455,54,0,2,1,3,0,0,0,2,0,7,70,2,1383,1383,1,5,5,2,0,0,0,1
1307017,1,2022,2022,9,2,9,43,1,169,16,0,1,9,-33.760568,150.846801,7,0,2,1,3,0,0,0,3,2,7,60,2,2852,2852,4,5,0,2,0,0,0,2
1307026,4,2022,2022,9,0,8,280,10,46,240,0,1,2,-33.882652,150.967472,24,0,2,0,0,0,0,0,2,0,7,60,2,1383,1383,1,5,13,6,0,1,0,2
1307029,1,2022,2022,9,6,8,334,17,56,308,0,1,9,-31.457891,152.726122,56,2,1,0,3,0,0,0,2,0,0,50,2,14295,14295,3,10,5,2,0,0,0,1
1307032,2,2022,2022,9,0,8,6,1,646,34609,0,1,1,-33.912177,151.02297,15,0,2,1,2,0,0,0,2,0,7,50,0,2040,2040,9,5,28,2,0,0,1,0
1307036,4,2022,2022,9,6,7,31,27,17,41,0,1,1,-33.686309,151.14994,36,0,2,1,1,0,0,0,2,0,7,60,2,9859,9859,8,16,40,1,0,1,0,0
1307038,4,2022,2022,10,0,5,3,27,7,34609,0,1,1,-35.30111,148.247355,66,2,1,0,0,0,3,4,2,0,7,80,0,4552,5151,8,5,40,1,0,2,0,0
1307041,4,2022,2022,9,0,0,829,27,304,140,0,1,1,-33.90904,151.162751,32,0,2,1,2,0,0,0,0,0,7,60,1,3775,3775,0,5,5,2,0,1,1,0
1307045,4,2022,2022,9,0,7,18,23,40,34609,1,2,1,-33.686765,150.54952,8,2,2,1,0,0,0,0,2,0,7,40,0,1945,1945,5,16,40,1,0,1,0,0
1307046,2,2022,2022,10,6,5,255,27,103,172,0,1,9,-32.939511,151.657866,37,0,2,1,1,0,0,0,2,2,7,60,2,14295,14295,3,0,41,3,0,0,1,0
1307049,2,2022,2022,9,3,11,344,27,609,163,0,1,10,-33.766834,150.905173,7,0,2,1,2,0,3,4,0,2,7,60,2,5929,5929,1,9,5,2,0,0,1,0
1307051,2,2022,2022,9,4,8,168,10,387,260,0,1,2,-33.946103,151.172467,4,0,2,1,2,0,0,0,3,0,7,70,2,14295,14295,3,9,13,3,0,0,1,0
1307060,2,2022,2022,11,2,3,478,17,69,480,0,1,7,-33.368897,151.475601,16,2,2,1,1,0,0,0,2,0,0,60,2,6545,6545,4,5,27,2,0,0,1,0
1307061,4,2022,2022,10,4,6,40,27,162,34609,0,1,1,-33.843857,150.893376,24,0,2,1,1,0,3,4,2,0,7,50,0,1669,1669,3,3,40,3,0,1,0,0
1307062,2,2022,2022,10,1,7,2,27,2,34609,0,1,1,-31.764332,152.362102,43,2,1,0,1,0,0,0,2,0,7,80,0,4552,5151,8,30,40,1,0,0,1,1
1307063,1,2022,2022,9,4,6,7,27,7,4,0,1,1,-30.497385,148.764889,51,1,0,1,0,0,0,0,2,0,7,110,1,9859,9859,8,5,40,1,0,0,0,1
1307065,2,2022,2022,10,0,10,346,36,4,14,0,1,9,-29.084611,151.269406,33,2,1,0,0,0,3,4,0,0,7,60,1,2852,2852,4,5,40,2,0,0,1,0
1307070,2,2022,2022,10,3,7,2126,17,161,2149,0,1,10,-33.887858,151.159271,32,0,2,1,0,0,0,0,2,2,7,60,2,395,395,1,16,5,2,0,0,1,0
1307073,4,2022,2022,9,0,7,40,27,36,34609,0,1,1,-32.947217,151.618937,37,0,2,0,0,0,0,3,2,0,7,80,0,1981,1981,4,10,25,2,0,1,1,0
1307075,4,2022,2022,10,3,1,154,27,1,34609,0,1,1,-29.512612,152.7939,18,1,0,0,0,2,0,0,0,0,7,100,0,312,312,2,10,40,1,0,1,0,0
1307078,1,2022,2022,2,0,10,2,27,29,34609,0,1,1,-29.05577,153.425113,60,1,0,0,3,0,0,0,0,0,7,100,0,4552,5151,8,10,40,1,0,0,0,1
1307083,1,2022,2022,9,0,6,108,31,147,34609,0,1,9,-33.739006,151.14522,36,0,2,1,3,0,0,0,2,0,7,50,0,214,214,9,5,28,2,0,0,0,1
1307088,1,2022,2022,2,4,4,59,10,14,231,0,1,9,-33.502876,151.388062,16,2,2,1,3,0,0,0,2,0,7,70,2,1669,1669,3,30,5,2,0,0,0,2
1307089,1,2022,2022,10,4,6,34,31,188,34609,0,1,9,-33.93324,151.100568,15,0,2,1,3,0,0,0,2,0,7,50,0,1391,1391,1,5,5,2,0,0,0,1
1307091,1,2022,2022,2,0,9,330,27,53,605,0,1,9,-33.732762,151.301455,50,0,2,1,3,0,0,0,0,0,0,60,2,5929,5929,1,0,18,2,0,0,0,1
1307094,1,2022,2022,9,5,8,220,27,92,222,0,1,2,-33.734023,150.943911,71,0,2,1,3,0,0,0,2,0,16,80,2,14295,14295,3,5,5,3,0,0,0,1
1307108,2,2022,2022,9,6,11,9,1,129,34609,0,1,4,-33.898941,151.097979,9,0,2,0,2,0,3,4,0,0,7,50,0,2585,4009,8,16,40,1,0,0,1,0
1307113,2,2022,2022,2,2,6,2209,17,7,2205,0,1,9,-35.110126,150.490637,63,1,0,1,0,0,0,0,2,0,15,100,2,2852,2852,4,30,13,2,0,0,3,0
1307114,2,2022,2022,9,6,8,7,10,96,49,0,1,7,-34.046019,150.831878,13,0,2,1,1,0,0,0,2,0,0,60,1,5929,5929,1,9,5,2,0,0,1,0
1307116,1,2022,2022,9,6,4,2261,17,14,2252,0,1,2,-34.790122,149.217427,74,1,0,0,0,0,2,6,2,0,7,110,2,4552,5151,8,10,40,1,0,0,0,1
1307120,4,2022,2022,9,4,7,72,14,252,71,0,1,3,-33.885207,151.217916,69,0,2,1,2,0,0,0,2,0,7,80,2,14295,14295,3,10,5,2,0,1,1,0
1307125,2,2022,2022,9,4,8,9,31,179,34609,1,0,1,-33.754372,150.713312,55,0,2,1,1,0,0,0,2,0,7,50,0,1669,1669,3,0,5,2,0,0,2,0
1307127,2,2022,2022,9,1,8,1,1,140,34609,0,1,9,-33.788789,150.842063,7,0,2,0,1,0,0,0,2,0,7,50,0,4552,5151,8,5,40,1,0,0,1,0
1307129,2,2022,2022,2,2,7,866,17,94,793,0,1,2,-33.878948,150.924695,24,0,2,1,0,0,0,0,2,0,7,70,2,1945,1945,5,16,40,1,0,0,1,0
1307131,4,2022,2022,9,6,3,85,27,72,145,0,1,9,-33.799075,151.053967,54,0,2,1,1,0,0,0,2,0,0,70,2,5929,5929,1,5,0,3,0,1,0,0
1307136,1,2022,2022,2,3,6,65,27,202,563,0,1,2,-33.939644,151.035808,15,0,2,1,3,0,0,0,2,0,7,70,2,1282,1282,1,0,36,2,0,0,0,1
1307141,1,2022,2022,9,1,7,3371,17,139,3342,0,1,10,-33.841552,151.209816,49,0,2,0,3,0,0,0,2,3,7,60,2,1282,1282,1,0,12,2,0,0,0,1
1307143,1,2022,2022,2,2,9,30,31,85,35,0,1,1,-34.572158,150.77546,62,0,2,1,3,0,0,0,3,0,7,60,1,1981,1981,4,5,13,2,0,0,0,1