Crash ID,Degree of crash - detailed,Reporting year,Year of crash,Month of crash,Day of week of crash,Two-hour intervals,Street of crash,Street type,Town,Route no.,School zone location,School zone active,Type of location,Latitude,Longitude,LGA,Urbanisation,Conurbation 1,Alignment,Street lighting,Road surface,Surface condition,Weather,Natural lighting,Signals operation,Other traffic control,Speed limit,Road classification,RUM - code,DCA - code,First impact type,Key TU type,Other TU type,No. of traffic units involved,No. killed,No. seriously injured,No. moderately injured,No. minor-other injured
1307154,1,2022,2022,9,6,6,294,17,6,288,0,1,1,-34.536655,142.646153,51,2,1,1,3,0,0,0,2,0,7,80,2,4026,4026,8,0,40,1,0,0,0,1
1307156,2,2022,2022,10,1,10,97,27,294,799,0,1,2,-33.928968,150.956871,41,0,2,1,3,0,0,0,0,0,7,70,2,1282,1282,1,5,13,2,0,0,1,1
1307158,2,2022,2022,2,2,6,39,27,284,563,0,1,10,-33.899047,151.037197,15,0,2,1,3,0,0,0,2,2,7,70,2,14295,14295,3,9,25,2,0,0,1,0
1307162,4,2022,2022,2,1,4,2,31,104,34609,0,1,9,-33.801703,150.771565,55,0,2,0,0,0,0,0,2,0,7,50,0,2852,2852,4,5,13,3,0,1,1,0
1307163,4,2022,2022,11,5,2,293,27,15,34609,0,1,1,-32.989339,151.592997,37,0,2,1,0,0,0,0,0,0,7,60,0,4026,4026,1,10,0,4,0,1,0,0
1307164,1,2022,2022,9,1,7,33,27,120,154,0,1,2,-33.773864,150.874118,7,0,2,1,1,0,0,0,2,0,7,60,1,14295,14295,3,5,5,2,0,0,0,1
1307165,4,2022,2022,10,0,3,103,27,123,563,0,1,9,-33.812758,151.0527,54,0,2,1,0,0,3,3,2,0,7,80,2,5929,5929,1,0,19,2,0,1,1,0
1307172,1,2022,2022,9,6,8,280,10,127,240,0,1,9,-33.845226,150.870491,24,0,2,0,3,0,0,0,2,2,7,60,2,312,312,2,10,40,1,0,0,0,1
1307174,2,2022,2022,2,4,8,18,27,58,34609,0,1,1,-34.047476,151.132549,68,0,2,1,3,0,0,0,2,0,7,50,0,1981,1981,4,10,19,2,0,0,1,0
1307177,2,2022,2022,2,0,7,191,17,8,189,0,1,9,-32.575727,151.026045,64,2,1,1,0,0,0,0,2,0,7,80,2,14295,14295,3,5,0,2,0,0,2,0
1307187,4,2022,2022,9,5,7,9,27,4,45,0,1,1,-34.317178,148.171614,30,1,0,1,0,2,0,0,2,0,7,100,1,4026,4026,8,5,40,1,0,1,0,0
1307190,2,2022,2022,9,6,4,48,10,463,32,0,1,1,-30.294188,153.131573,19,2,1,1,1,0,0,3,2,0,7,60,1,14295,14295,3,0,5,3,0,0,2,0
1307191,2,2022,2022,11,2,0,4,31,155,34609,0,1,7,-33.133524,148.173931,53,2,1,1,2,0,0,0,0,0,0,40,0,1945,1945,5,16,40,1,0,0,1,0
1307192,4,2022,2022,9,6,1,2261,17,47,2252,0,1,2,-35.723863,147.303531,27,1,0,1,2,0,0,0,0,0,7,110,2,945,945,5,21,40,1,0,1,0,0
1307196,2,2022,2022,9,0,3,117,27,78,144,1,0,10,-33.855598,151.091386,14,0,2,1,1,0,0,0,1,1,7,60,2,6545,6545,4,0,22,2,0,0,1,0
1307203,4,2022,2022,10,2,9,3,1,55,34609,0,1,9,-33.941954,150.899583,41,0,2,1,1,0,0,0,2,0,7,50,0,1220,1220,9,0,28,2,0,1,0,0
1307204,2,2022,2022,9,1,8,2,27,9,34609,0,1,1,-31.186265,150.749576,70,1,0,1,0,2,3,3,2,0,7,100,0,9859,9859,8,8,40,1,0,0,1,0
1307205,4,2022,2022,9,2,9,13,27,8,14,0,1,1,-34.510569,150.342751,78,2,1,0,0,0,3,3,2,0,7,80,1,1957,4009,8,30,40,1,0,1,0,0
1307206,2,2022,2022,2,2,8,31,1,234,139,0,1,7,-34.288977,146.055598,28,2,1,1,1,0,0,0,2,0,0,50,2,6545,6545,4,0,18,2,0,0,1,0
1307211,2,2022,2022,9,2,8,150,27,309,415,0,1,10,-33.807088,151.109562,61,0,2,1,0,0,0,0,2,0,7,70,2,2040,2040,9,5,28,2,0,0,1,0
1307212,4,2022,2022,9,5,8,26,27,71,38,1,0,9,-33.837194,150.967983,21,0,2,1,0,0,0,0,2,0,15,60,1,6545,6545,4,5,13,3,0,1,0,0
1307213,4,2022,2022,10,2,0,5,31,19,118,0,1,10,-29.866099,150.573347,51,2,1,1,2,0,0,0,0,0,7,50,2,1945,1945,5,16,40,1,0,1,0,0
1307222,2,2022,2022,9,0,8,1,4,79,34609,0,1,1,-33.585322,150.718704,29,2,2,0,1,0,0,0,2,0,7,50,0,220,220,8,0,40,1,0,0,1,0
1307223,2,2022,2022,9,6,8,2209,17,157,2205,0,1,2,-34.020132,151.090209,68,0,2,1,0,0,0,0,2,0,7,70,2,14295,14295,3,5,5,4,0,0,3,0
1307225,4,2022,2022,11,1,6,171,1,57,104,0,1,9,-33.945985,151.223333,4,0,2,0,1,0,0,0,2,3,7,60,2,1383,1383,1,10,13,3,0,1,1,1
1307230,4,2022,2022,2,0,7,37,1,646,34609,0,1,1,-33.9218,151.030747,15,0,2,1,1,0,0,0,2,0,7,50,0,9859,9859,1,9,5,4,0,1,0,0
1307231,4,2022,2022,9,4,6,1,31,15,34609,0,1,1,-33.893897,151.053661,15,0,2,1,1,0,0,0,2,0,7,50,0,941,941,1,29,27,2,0,1,0,0
1307234,4,2022,2022,9,2,11,22,31,337,34609,0,1,5,-33.732205,151.005903,71,0,2,1,2,0,0,0,0,2,7,50,0,5929,5929,1,0,5,2,0,1,0,0
1307241,1,2022,2022,9,2,6,27,27,294,27,0,1,1,-33.941224,150.952529,41,0,2,1,1,0,0,6,2,0,7,60,1,14295,14295,3,5,0,2,0,0,0,1
1307242,4,2022,2022,1,5,8,1052,14,149,928,0,1,3,-33.347869,151.365757,16,1,2,1,0,0,0,0,2,0,7,110,2,14295,14295,3,5,5,3,0,1,0,0
1307244,4,2022,2022,10,0,7,9,10,11,26,0,1,9,-34.032534,150.811892,13,0,2,1,1,0,3,4,2,2,7,60,1,5929,5929,1,5,5,2,0,1,0,0
1307245,2,2022,2022,9,2,6,79,10,43,231,0,1,9,-33.435811,151.318589,16,2,2,1,1,0,0,0,2,0,0,60,2,9859,9859,1,0,5,2,0,0,1,0
1307249,4,2022,2022,2,3,9,28,1,64,34609,0,1,1,-33.692164,150.732735,55,0,2,1,0,0,0,0,3,0,7,70,0,9859,9859,8,5,40,1,0,2,0,0
1307251,2,2022,2022,11,1,4,38,27,34,34609,0,1,1,-35.090113,150.634124,63,2,1,1,0,0,0,0,2,0,7,70,0,9859,9859,8,5,40,1,0,0,1,0
1307252,4,2022,2022,11,3,8,10,27,79,34609,0,1,1,-33.572246,150.699872,29,2,2,0,0,2,0,0,3,0,7,60,0,4552,5151,8,0,40,1,0,1,0,0
1307254,2,2022,2022,9,3,5,135,17,93,136,0,1,9,-36.07551,146.928316,0,2,1,1,0,0,0,0,2,2,7,60,2,5929,5929,1,16,5,2,0,0,1,0
1307258,2,2022,2022,9,4,7,177,31,174,208,0,1,7,-33.860494,150.927487,24,0,2,1,1,0,0,0,2,0,0,60,1,6545,6545,4,0,5,2,0,0,1,0
1307260,2,2022,2022,10,6,8,29,31,155,34609,0,1,4,-33.125994,148.181233,53,2,1,1,0,0,0,0,2,0,7,50,0,220,220,8,5,40,1,0,0,1,0
1307261,4,2022,2022,9,5,9,916,17,15,917,0,1,1,-31.776495,150.884814,73,1,0,1,0,0,0,3,2,0,7,100,2,4026,4026,8,10,40,1,0,1,0,0
1307262,4,2022,2022,10,2,8,1,27,10,34609,0,1,9,-33.003604,151.655023,37,0,2,1,0,0,0,0,2,0,7,50,0,5929,5929,1,5,0,2,0,1,0,0
1307264,4,2022,2022,10,0,3,3371,17,57,3342,0,1,2,-28.627538,153.549149,10,1,0,1,3,0,2,6,1,0,7,110,2,9859,9859,8,8,40,1,0,1,0,0
1307268,1,2022,2022,11,4,11,2261,17,68,2252,0,1,9,-34.78846,148.857432,82,1,0,1,0,0,3,4,0,0,7,110,2,1109,787,1,8,35,2,0,0,0,1
1307270,2,2022,2022,10,3,4,78,17,22,75,0,1,8,-33.854145,151.209554,69,0,2,1,1,0,0,0,2,0,7,40,2,3775,3775,0,5,5,2,0,0,1,0
1307271,4,2022,2022,10,4,5,57,27,9,75,0,1,1,-33.453616,151.289994,16,2,2,0,0,0,3,4,2,0,7,80,1,3775,3775,0,5,10,3,0,1,1,0
1307272,4,2022,2022,10,0,7,15,27,53,5,0,1,1,-33.689527,151.106081,31,0,2,1,1,0,0,0,2,0,7,60,1,2040,2040,9,9,28,2,0,1,0,0
1307275,4,2022,2022,10,6,11,39,22,65,34609,0,1,9,-33.396392,151.402579,16,2,2,0,2,0,0,0,0,0,15,60,0,1957,4009,8,5,40,1,0,1,0,0
1307278,2,2022,2022,10,3,7,2209,17,29,2205,0,1,1,-35.329362,150.447953,63,2,1,1,0,0,0,0,2,0,7,80,2,1669,1669,3,5,0,2,0,0,2,0
1307297,1,2022,2022,10,2,4,3371,17,83,3342,0,1,1,-33.494756,151.188862,16,2,2,0,0,0,0,0,2,0,7,60,2,1259,5151,8,22,40,1,0,0,0,1
1307299,2,2022,2022,10,6,2,916,17,22,917,0,1,9,-32.775426,151.612264,42,2,1,1,2,0,0,0,1,2,7,80,2,1383,1383,1,5,5,2,0,0,1,0
1307301,2,2022,2022,10,2,9,3,27,562,34609,0,1,9,-32.297981,148.628478,22,1,0,1,0,0,0,0,0,0,7,100,0,4026,4026,8,10,40,1,0,0,1,0
1307303,2,2022,2022,10,6,5,103,27,149,167,0,1,2,-33.997012,151.129091,25,0,2,1,3,0,3,4,2,0,7,70,2,9859,9859,1,0,0,2,0,0,1,0
1307305,2,2022,2022,9,5,2,3,27,65,34609,0,1,1,-34.49096,150.893513,80,0,2,1,2,0,0,0,0,0,7,50,0,9859,9859,1,5,6,2,0,0,1,0
1307307,2,2022,2022,9,6,11,1,27,7,34609,0,1,1,-34.594105,147.50305,51,2,1,1,0,2,3,3,0,0,7,50,0,368,368,9,10,28,2,0,0,1,0
1307308,4,2022,2022,10,3,5,25,1,80,139,0,1,2,-34.551716,146.401946,51,2,1,1,0,0,0,0,2,0,7,50,2,380,777,5,10,40,1,0,1,0,0
1307309,4,2022,2022,11,5,8,32,31,252,34609,0,1,9,-33.889314,151.214324,69,0,2,1,0,0,3,4,3,0,7,40,0,1945,1945,5,15,40,1,0,1,0,0
1307310,4,2022,2022,10,0,5,6,36,11,118,0,1,1,-30.685834,150.689938,70,1,0,0,0,0,3,4,2,0,7,100,2,418,714,5,16,40,1,0,1,0,0
1307311,2,2022,2022,10,2,9,92,31,48,34609,0,1,10,-36.677739,149.833305,5,2,1,1,2,0,0,0,3,0,15,50,0,6545,6545,4,5,5,3,0,0,1,1
1307314,1,2022,2022,2,0,7,54,31,28,62,0,1,10,-33.797672,151.197844,77,0,2,1,3,0,0,0,2,0,7,60,2,5929,5929,1,5,5,2,0,0,0,1
1307315,2,2022,2022,2,0,10,294,17,33,288,0,1,1,-35.122149,147.323477,75,2,1,1,0,0,0,0,0,0,7,80,2,14295,14295,3,30,0,2,0,0,1,0
1307318,4,2022,2022,10,3,8,78,27,23,228,0,1,1,-32.983634,151.129088,17,2,1,0,0,0,0,0,2,0,7,80,1,1850,1463,5,16,40,1,0,1,0,0
1307320,1,2022,2022,9,2,3,866,17,171,793,0,1,10,-33.807257,150.969318,21,0,2,1,0,0,0,0,1,3,7,70,2,214,214,9,33,28,2,0,0,0,1
1307325,4,2022,2022,10,2,9,78,17,39,75,0,1,2,-33.845524,151.212159,49,0,2,1,2,0,0,0,2,0,7,70,2,1383,1383,1,16,25,2,0,1,0,0
1307326,2,2022,2022,9,4,11,23,1,179,70,0,1,2,-31.906463,152.472079,43,2,1,0,2,0,0,0,0,0,7,60,1,2585,4009,8,5,40,1,0,0,1,0
1307327,2,2022,2022,2,2,6,59,27,73,46,0,1,1,-34.173634,150.615185,79,2,2,0,1,0,0,0,2,0,7,60,2,2585,4009,8,5,40,1,0,0,1,0
1307328,2,2022,2022,9,5,3,1,10,11,34609,0,1,1,-32.181132,148.620846,22,2,1,1,1,0,0,0,1,0,7,50,0,1282,1282,1,16,40,1,0,0,1,0
1307332,1,2022,2022,10,6,6,105,27,70,109,0,1,2,-33.888063,150.881427,24,0,2,1,3,0,0,0,2,0,7,60,1,1383,1383,1,29,5,2,0,0,0,1
1307333,2,2022,2022,9,1,7,3371,17,32,3342,0,1,7,-31.941574,152.476191,43,2,1,1,0,0,0,0,2,0,0,70,2,1669,1669,3,10,36,2,0,0,1,0
1307334,1,2022,2022,9,5,6,52,27,188,53,1,0,1,-33.940842,151.101119,25,0,2,1,3,0,0,0,2,0,7,50,1,14295,14295,3,5,13,2,0,0,0,1
1307338,2,2022,2022,2,0,4,95,31,370,15,0,1,1,-34.058963,150.821097,13,0,2,1,1,0,0,0,2,0,7,60,1,1981,1981,4,5,5,3,0,0,2,0
1307340,1,2022,2022,9,4,4,97,17,34,88,0,1,2,-34.836154,149.581692,26,1,0,1,1,0,0,0,2,0,7,110,2,4026,4026,8,9,40,1,0,0,0,1
1307346,1,2022,2022,11,3,7,2209,17,273,2205,0,1,9,-34.425386,150.883889,80,0,2,1,3,0,0,0,2,0,7,50,2,1282,1282,1,9,5,2,0,0,0,1
1307348,1,2022,2022,2,5,7,20,27,62,31,0,1,1,-33.75983,151.267316,50,0,2,1,3,0,0,0,2,0,7,50,1,14295,14295,3,0,5,3,0,0,0,1
1307349,1,2022,2022,2,4,8,78,31,176,34609,0,1,1,-33.971918,151.138314,4,0,2,1,3,0,0,0,3,0,7,50,0,1981,1981,4,30,5,2,0,0,0,2
1307350,1,2022,2022,2,4,7,3,10,218,34609,0,1,9,-33.768619,150.768727,55,0,2,1,3,0,0,0,2,0,7,50,0,5929,5929,1,0,0,2,0,0,0,1
1307364,1,2022,2022,9,6,8,57,27,155,75,0,1,1,-33.485888,151.305077,16,2,2,0,3,0,0,0,2,0,7,60,1,14295,14295,3,34,0,2,0,0,0,1
1307366,1,2022,2022,9,4,4,9,31,140,34609,0,1,7,-33.897476,151.000458,15,0,2,1,3,0,0,0,2,0,7,50,0,6545,6545,4,5,0,2,0,0,0,1
1307374,2,2022,2022,10,4,8,21,27,12,61,0,1,1,-34.059963,146.099164,51,1,0,1,3,0,3,4,2,0,7,100,1,9859,9859,8,5,40,1,0,0,1,0
1307375,1,2022,2022,6,6,5,232,36,134,331,0,1,9,-33.982079,150.799002,12,0,2,1,3,0,0,0,2,2,7,80,2,14295,14295,3,0,5,2,0,0,0,1
1307376,2,2022,2022,2,2,5,23,27,523,23,1,0,9,-33.927224,150.908467,41,0,2,1,3,0,0,0,2,0,7,60,1,1383,1383,1,5,5,2,0,0,1,1
1307380,2,2022,2022,2,3,7,93,1,11,34609,0,1,9,-33.875111,151.065033,21,0,2,1,0,0,0,0,2,0,0,50,0,6545,6545,4,33,5,2,0,0,1,0
1307382,2,2022,2022,9,6,8,12,27,21,19,0,1,1,-33.69353,151.275618,50,0,2,0,1,0,0,0,2,0,7,50,1,3775,3775,0,5,5,2,0,0,2,0
1307384,2,2022,2022,6,4,3,25,31,10,5,0,1,11,-31.632722,152.707018,56,2,1,1,1,0,0,0,2,0,7,50,1,2040,2040,9,10,28,2,0,0,2,0
1307388,2,2022,2022,2,5,9,1,27,3,34609,0,1,1,-29.545847,151.768221,51,1,0,0,0,0,0,0,2,0,7,100,0,1850,1463,5,10,40,1,0,0,1,1
1307389,1,2022,2022,2,3,6,1,31,15,34609,0,1,10,-34.549107,148.364471,30,2,1,1,0,0,0,0,2,0,0,50,0,6545,6545,4,30,0,2,0,0,0,2
1307390,2,2022,2022,2,0,3,134,10,157,133,0,1,2,-33.794753,151.01345,54,0,2,0,1,0,3,0,1,0,7,90,2,1383,1383,1,16,0,2,0,0,1,0
1307393,4,2022,2022,2,2,5,13,31,207,34609,0,1,1,-31.956595,141.465856,51,2,1,1,0,0,0,0,2,0,7,40,0,368,368,9,10,28,2,0,1,0,0
1307398,4,2022,2022,5,6,4,4,31,29,6,0,1,1,-30.710389,150.038943,51,2,1,1,2,0,0,0,2,0,7,50,1,9859,9859,8,30,40,1,0,1,0,0
1307399,4,2022,2022,9,6,7,3371,17,3,3342,0,1,2,-31.913726,152.512662,43,1,0,1,0,0,0,0,2,0,7,110,2,1282,1282,1,29,5,2,0,1,2,0
1307400,4,2022,2022,5,0,6,63,27,3,34609,0,1,1,-32.982655,151.580678,37,0,2,0,0,0,0,0,2,0,7,80,0,623,623,3,5,13,2,0,1,1,0
1307402,4,2022,2022,9,0,5,17,27,47,14,0,1,1,-35.744309,147.346202,27,1,0,1,0,0,0,0,2,0,7,100,1,4026,4026,8,5,40,1,0,1,0,0
1307404,2,2022,2022,9,2,6,10,31,155,95,0,1,9,-33.140131,148.175608,53,2,1,0,0,0,0,0,2,0,0,50,2,2852,2852,4,5,27,2,0,0,1,0
1307405,2,2022,2022,9,0,4,12,31,284,34609,0,1,1,-33.910303,151.012741,15,0,2,1,2,0,0,0,2,0,7,50,0,186,186,1,5,0,2,0,0,1,0
1307406,4,2022,2022,2,5,0,2126,17,125,2149,0,1,9,-33.864469,151.083488,67,0,2,1,2,0,0,0,0,2,7,60,2,5929,5929,1,0,18,2,0,1,0,0
1307408,1,2022,2022,2,2,2,32,31,169,34609,0,1,10,-28.643778,153.613572,10,2,1,1,2,0,3,4,0,0,0,50,0,4552,985,8,0,40,1,0,0,0,1
1307413,2,2022,2022,9,2,5,4,31,155,34609,0,1,7,-33.133634,148.174086,53,2,1,1,1,0,0,0,2,0,0,40,0,5929,5929,1,16,41,2,0,0,1,0
1307414,2,2022,2022,2,2,5,265,17,103,193,0,1,9,-34.363581,148.266337,30,1,0,0,0,0,0,0,2,0,7,100,2,1669,1669,3,10,0,3,0,0,1,1
1307416,4,2022,2022,2,6,9,41,31,34,34609,1,0,9,-33.962995,151.009335,15,0,2,1,2,0,0,0,3,0,7,50,0,340,340,9,5,28,2,0,1,0,0
1307417,2,2022,2022,9,2,8,13,31,103,34609,0,1,7,-34.311816,148.295838,30,2,1,1,1,0,0,0,2,0,0,50,0,6545,6545,4,0,0,2,0,0,1,0
1307419,4,2022,2022,1,5,3,3371,17,90,3342,0,1,2,-28.253715,153.529655,72,1,0,0,1,0,0,0,1,0,7,110,2,14295,14295,3,10,10,2,0,1,0,0
1307423,4,2022,2022,9,4,6,3,1,96,34609,0,1,7,-33.439115,151.385105,16,2,2,0,1,0,0,0,2,0,0,50,0,2040,2040,9,5,28,2,0,1,0,0
1307424,4,2022,2022,2,0,0,21,27,147,34609,0,1,10,-33.890739,150.998993,15,0,2,1,2,0,0,0,0,0,7,60,0,5929,5929,1,5,19,2,0,1,0,0
1307429,2,2022,2022,9,6,9,1,27,2,34609,0,1,1,-30.199376,152.774912,6,2,1,0,0,2,0,0,2,0,7,50,0,3775,3775,0,10,35,2,0,0,2,0
1307434,4,2022,2022,2,1,8,13,27,73,34609,0,1,9,-33.869329,151.221575,69,0,2,0,1,0,0,0,2,0,0,50,0,2852,2852,4,5,19,2,0,1,0,0
1307436,1,2022,2022,9,6,7,229,14,110,237,0,1,3,-33.764893,151.01339,71,0,2,1,0,0,0,0,2,0,7,100,2,14295,14295,3,10,5,2,0,0,0,1
1307441,1,2022,2022,10,4,8,6,31,13,34609,0,1,9,-33.816297,151.077265,61,0,2,1,0,0,0,0,2,0,7,50,0,1669,1669,3,5,5,2,0,0,0,1
1307443,2,2022,2022,10,5,4,31,31,107,34609,0,1,9,-33.279761,151.424139,16,2,2,1,1,0,3,4,2,0,7,50,0,1945,1945,5,16,40,1,0,0,1,0
1307444,4,2022,2022,9,3,7,85,10,73,702,0,1,2,-33.836265,151.086341,14,0,2,1,0,0,0,0,2,0,7,70,2,14295,14295,3,0,5,2,0,1,0,0
1307447,2,2022,2022,2,4,4,5,27,9,34609,0,1,4,-29.466712,153.228075,18,2,1,0,0,0,3,4,2,0,7,50,0,3775,3775,0,5,10,2,0,0,1,0
1307448,2,2022,2022,9,0,7,70,27,26,100,0,1,1,-33.681848,150.599966,8,2,2,0,1,0,0,0,2,0,7,60,2,1981,1981,4,9,5,2,0,0,1,1
1307450,2,2022,2022,9,0,6,3,10,62,34609,0,1,7,-33.723093,150.849174,7,0,2,1,1,0,0,0,2,0,7,50,0,9859,9859,1,5,36,2,0,0,1,0
1307453,4,2022,2022,9,5,7,149,36,120,81,0,1,2,-32.194791,152.514195,43,2,1,1,0,0,0,0,2,0,7,60,2,41,41,8,0,40,2,0,1,0,0
1307455,2,2022,2022,2,2,6,2126,17,161,2149,0,1,2,-33.889925,151.14877,32,0,2,1,0,0,0,0,2,0,7,60,2,14295,14295,3,0,13,4,0,0,2,1
1307457,4,2022,2022,1,2,0,99,31,84,105,0,1,10,-33.879742,150.941162,24,0,2,1,3,0,2,6,0,2,7,60,1,6545,6545,4,5,0,2,0,1,0,0
1307458,2,2022,2022,2,5,9,59,27,109,34609,0,1,2,-33.956292,150.863045,41,0,2,0,1,0,0,0,2,0,7,60,0,1850,1463,5,16,40,1,0,0,1,0
1307460,4,2022,2022,10,2,2,13,27,5,13,0,1,1,-29.379613,153.362835,18,2,1,1,0,0,3,4,1,0,7,80,1,9859,9859,8,10,40,1,0,1,0,0
1307462,2,2022,2022,9,1,4,23,1,179,70,0,1,2,-31.901667,152.478875,43,2,1,1,0,0,0,0,2,0,7,60,1,1383,1383,1,0,19,2,0,0,1,0
1307463,2,2022,2022,11,4,1,2261,17,112,2252,0,1,10,-33.913767,150.931688,41,0,2,1,2,0,0,0,0,2,7,70,2,4026,4026,8,5,40,1,0,0,1,0
1307465,1,2022,2022,10,1,9,43,27,56,87,0,1,2,-34.460989,150.872271,80,0,2,1,0,0,0,0,3,0,7,80,2,1383,1383,1,5,13,3,0,0,0,1
1307468,2,2022,2022,11,3,6,43,27,56,87,0,1,2,-34.455679,150.873333,80,0,2,1,1,0,0,0,2,0,7,80,2,1945,1945,5,16,40,1,0,0,1,0
1307472,4,2022,2022,11,4,6,1,27,5,34609,0,1,1,-30.091635,153.079831,19,2,1,0,0,2,0,0,2,0,7,40,0,1957,4009,8,0,40,1,0,2,0,1
1307474,1,2022,2022,10,5,2,916,17,32,917,0,1,1,-32.600244,151.199589,64,2,1,1,3,0,0,0,1,0,7,80,2,14295,14295,3,10,0,2,0,0,0,1
1307475,1,2022,2022,11,6,7,866,17,157,793,0,1,2,-33.792006,151.003492,54,0,2,1,0,0,0,0,2,0,7,90,2,9859,9859,8,21,40,2,0,0,0,1
1307477,1,2022,2022,11,2,3,57,27,9,143,0,1,1,-34.531859,149.562711,74,1,0,0,0,0,3,4,2,0,7,100,2,1957,4009,8,5,40,1,0,0,0,1
1307478,1,2022,2022,11,3,7,1,34,4,34609,0,1,1,-29.711375,152.069987,51,1,0,0,0,2,3,0,2,0,7,100,0,782,957,5,16,40,1,0,0,0,1
1307479,2,2022,2022,11,0,9,7,27,11,34609,0,1,1,-32.863042,151.502839,17,2,1,1,0,0,0,0,0,0,7,80,0,1669,1669,3,0,0,2,0,0,2,0
1307480,2,2022,2022,10,2,7,13,27,96,34609,0,1,1,-34.046664,150.831712,13,0,2,0,0,0,3,3,2,0,7,60,0,941,941,1,5,0,2,0,0,1,0
1307485,2,2022,2022,10,5,9,15,27,14,46,0,1,1,-34.936059,150.693076,63,2,1,0,0,0,0,0,2,0,7,80,1,4552,5151,8,30,40,1,0,0,1,0
1307486,4,2022,2022,10,2,11,125,27,108,123,0,1,7,-33.320222,151.4273,16,2,2,0,3,0,0,0,0,0,0,70,2,2585,4009,8,0,40,1,0,1,0,0
1307487,4,2022,2022,11,5,8,361,27,61,34609,0,1,1,-33.744398,150.899936,7,0,2,1,2,0,0,0,2,0,7,50,0,941,941,1,5,27,2,0,1,1,0
1307488,4,2022,2022,11,5,6,7,27,53,12,0,1,1,-32.387298,148.228934,51,1,0,1,1,0,0,0,2,0,7,110,1,9859,9859,8,5,40,1,0,1,0,0
1307489,4,2022,2022,10,1,5,916,17,29,917,0,1,1,-31.114165,150.96093,70,2,1,1,0,0,0,0,2,0,7,70,2,1945,1945,5,16,40,1,0,1,0,0
1307491,2,2022,2022,10,1,6,2126,17,171,2149,0,1,2,-33.815997,150.971876,21,0,2,1,1,0,0,0,2,0,7,80,2,340,340,9,0,28,2,0,0,1,0
1307494,2,2022,2022,10,0,1,265,17,103,193,0,1,9,-34.302397,148.302959,30,2,1,1,2,0,0,0,0,0,0,50,2,9859,9859,8,30,40,1,0,0,1,0
1307496,1,2022,2022,10,1,6,31,10,43,34609,0,1,9,-36.104943,144.755057,51,2,1,1,1,0,0,0,2,0,0,50,0,6545,6545,4,16,13,2,0,0,0,1
1307497,1,2022,2022,10,3,2,3371,17,8,3342,0,1,2,-28.309618,153.514145,72,1,0,0,0,0,0,0,0,0,7,110,2,782,957,5,5,40,1,0,0,0,1
1307498,2,2022,2022,11,0,5,79,27,188,159,0,1,10,-33.932666,151.110005,15,0,2,1,0,0,0,3,2,3,0,60,2,5929,5929,1,10,0,8,0,0,1,0
1307500,4,2022,2022,9,1,5,2,31,77,34609,0,1,10,-30.333824,149.780502,51,2,1,1,0,0,0,0,2,0,7,50,0,9859,9859,1,5,13,2,0,1,2,0
1307501,4,2022,2022,10,6,6,36,31,37,120,1,0,9,-33.897709,151.254274,76,0,2,1,0,0,0,0,2,0,7,50,2,2040,2040,9,5,28,2,0,1,0,0
1307502,2,2022,2022,10,3,4,43,27,90,34609,0,1,6,-28.24505,153.55395,72,2,1,0,0,0,0,0,2,0,7,60,0,2585,4009,8,10,40,1,0,0,1,0
1307503,4,2022,2022,10,0,8,137,31,53,103,0,1,1,-32.923204,151.754599,48,0,2,1,1,0,0,0,2,0,7,60,1,3775,3775,0,0,5,2,0,1,0,1
1307504,2,2022,2022,11,0,8,1,27,10,20,0,1,1,-35.293464,145.859723,51,1,0,0,0,0,3,4,2,0,7,100,1,782,957,5,10,40,1,0,0,2,0
1307505,2,2022,2022,9,6,4,59,27,147,5,0,1,10,-33.867594,151.122705,14,0,2,1,1,0,0,0,2,0,0,50,1,2040,2040,9,5,28,2,0,0,1,0
1307506,2,2022,2022,2,6,3,916,17,77,917,0,1,9,-32.575055,151.18376,64,2,1,1,1,0,0,0,2,0,0,60,2,2852,2852,4,5,0,2,0,0,1,0
1307509,2,2022,2022,9,1,7,7,27,94,34609,0,1,7,-33.784225,150.800179,55,0,2,1,0,0,0,0,2,0,0,50,0,6545,6545,4,0,27,2,0,0,1,0
1307510,2,2022,2022,9,3,6,220,14,30,220,0,1,3,-34.488014,150.808034,80,0,2,0,0,0,0,0,2,0,7,100,2,14295,14295,3,0,5,2,0,0,1,0
1307511,4,2022,2022,1,3,6,1,27,5,34609,0,1,1,-30.663767,142.205959,51,1,0,1,0,2,0,0,2,0,7,100,0,1945,1945,5,16,40,1,0,1,0,0
1307512,1,2022,2022,11,3,7,9,10,45,25,0,1,2,-33.815769,150.80061,55,0,2,0,1,0,0,0,2,0,7,80,2,418,714,5,16,40,1,0,0,0,1
1307518,1,2022,2022,2,5,8,205,27,45,415,0,1,9,-33.686367,151.227277,50,0,2,1,1,0,0,0,2,0,0,80,2,14295,14295,3,10,36,2,0,0,0,1
1307519,1,2022,2022,2,1,8,204,27,246,34609,0,1,9,-33.918423,151.188176,69,0,2,0,1,0,0,0,2,2,9,60,0,591,591,1,17,5,2,0,0,0,1
1307521,2,2022,2022,9,2,6,28,27,346,63,0,1,1,-33.871587,151.087228,67,0,2,1,0,0,0,0,2,0,7,50,1,9859,9859,1,5,0,3,0,0,1,0
1307522,1,2022,2022,9,4,9,213,17,83,213,0,1,7,-29.705114,152.933517,18,2,1,1,2,0,3,4,3,0,0,50,2,6545,6545,4,0,5,2,0,0,0,2