Crash ID,Degree of crash - detailed,Reporting year,Year of crash,Month of crash,Day of week of crash,Two-hour intervals,Street of crash,Street type,Town,Route no.,School zone location,School zone active,Type of location,Latitude,Longitude,LGA,Urbanisation,Conurbation 1,Alignment,Street lighting,Road surface,Surface condition,Weather,Natural lighting,Signals operation,Other traffic control,Speed limit,Road classification,RUM - code,DCA - code,First impact type,Key TU type,Other TU type,No. of traffic units involved,No. killed,No. seriously injured,No. moderately injured,No. minor-other injured
1307525,1,2022,2022,2,0,5,163,27,95,165,0,1,7,-33.737479,150.840961,7,0,2,1,1,0,0,0,2,0,0,60,1,2852,2852,4,9,10,2,0,0,0,1
1307526,1,2022,2022,9,2,5,3,27,73,34609,0,1,9,-33.756457,150.814078,7,0,2,1,0,0,0,0,2,0,7,50,0,926,926,4,30,36,2,0,0,0,1
1307528,4,2022,2022,2,4,6,95,31,463,32,0,1,9,-30.281325,153.134554,19,2,1,0,0,0,3,4,2,0,0,60,1,2852,2852,4,5,0,2,0,1,0,0
1307535,4,2022,2022,10,1,7,204,31,112,14,0,1,10,-33.904648,151.204472,69,0,2,1,1,0,0,0,2,2,7,50,1,5929,5929,1,5,19,2,0,1,0,0
1307539,4,2022,2022,2,0,11,829,27,125,770,1,0,9,-33.832865,151.126998,51,0,2,1,2,0,0,0,0,2,7,60,2,5929,5929,1,5,19,2,0,1,0,0
1307541,2,2022,2022,11,6,4,916,17,48,917,0,1,10,-29.021048,151.997563,51,1,0,1,0,0,0,0,2,0,0,100,2,6545,6545,4,10,40,2,0,0,2,0
1307544,1,2022,2022,2,4,7,2209,17,176,2205,0,1,2,-33.957307,151.13777,4,0,2,1,1,0,0,0,2,0,7,60,2,14295,14295,3,10,0,2,0,0,0,1
1307548,4,2022,2022,2,6,3,5,27,13,34609,0,1,1,-34.269337,146.094836,28,2,1,1,0,2,0,0,2,0,7,80,0,4026,4026,8,5,40,1,0,1,0,0
1307550,2,2022,2022,2,2,7,5,31,562,34609,0,1,1,-32.24593,148.609806,22,2,1,1,1,0,0,0,2,0,7,50,0,1981,1981,4,0,19,2,0,0,1,0
1307552,4,2022,2022,9,1,3,135,17,131,136,0,1,10,-36.081663,146.923589,0,2,1,1,1,0,0,0,2,2,7,60,2,2852,2852,4,33,19,2,0,1,1,0
1307554,1,2022,2022,2,3,10,48,10,41,52,0,1,7,-30.351525,153.090477,19,2,1,1,2,0,0,0,0,0,0,50,1,6545,6545,4,5,5,2,0,0,0,1
1307556,4,2022,2022,2,6,5,5,1,363,34609,0,1,10,-33.746328,150.695233,55,0,2,1,0,0,0,0,2,0,15,50,0,6545,6545,4,5,5,2,0,1,0,0
1307557,2,2022,2022,2,3,9,3371,17,463,3342,0,1,10,-30.297168,153.113087,19,2,1,1,2,0,0,0,3,2,7,60,2,5929,5929,1,5,13,2,0,0,1,0
1307560,2,2022,2022,2,1,4,39,31,271,21,0,1,10,-33.944698,151.014618,15,0,2,1,1,0,0,0,2,0,15,50,1,2852,2852,4,0,0,2,0,0,1,0
1307563,4,2022,2022,2,0,5,110,31,316,34609,0,1,7,-31.439049,152.917688,56,2,1,1,1,0,0,0,2,0,0,50,0,6545,6545,4,5,19,2,0,1,0,0
1307568,2,2022,2022,9,5,3,78,17,39,75,0,1,8,-33.845005,151.211681,49,0,2,1,1,0,0,0,2,0,7,70,2,14295,14295,3,5,5,5,0,0,1,0
1307571,2,2022,2022,2,0,11,14,31,140,34609,1,0,1,-33.906874,151.004902,15,0,2,1,2,0,0,0,0,0,9,50,0,1945,1945,5,16,40,1,0,0,1,0
1307573,2,2022,2022,2,1,5,39,27,21,51,0,1,1,-33.664394,151.089915,31,0,2,1,1,0,0,0,2,0,7,60,2,3775,3775,0,10,0,2,0,0,1,0
1307574,2,2022,2022,11,2,8,53,36,18,95,0,1,1,-33.245738,148.968708,11,1,0,0,0,0,3,4,3,0,7,100,2,1850,1463,5,16,40,2,0,0,1,0
1307586,2,2022,2022,9,5,11,145,31,532,34609,0,1,10,-33.863442,151.210944,69,0,2,1,2,0,0,0,0,2,7,40,0,14295,14295,3,5,0,4,0,0,1,0
1307588,2,2022,2022,9,2,11,1,27,3,34609,0,1,1,-36.236895,149.176175,65,1,0,0,0,2,0,3,0,0,7,100,0,1850,1463,5,10,40,1,0,0,4,1
1307590,1,2022,2022,5,0,0,19,27,35,105,0,1,7,-33.885899,150.905655,24,0,2,0,3,0,3,4,0,0,7,60,1,1850,1463,5,5,40,1,0,0,0,2
1307592,1,2022,2022,2,2,6,7,31,284,34609,0,1,10,-33.905472,151.010056,15,0,2,1,3,0,0,0,2,0,0,50,0,6545,6545,4,5,13,2,0,0,0,2
1307599,1,2022,2022,1,3,7,112,27,96,256,0,1,9,-34.052424,150.824278,13,0,2,1,3,0,0,0,2,2,7,60,2,14295,14295,3,5,0,2,0,0,0,2
1307600,1,2022,2022,10,6,8,3,1,646,34609,0,1,7,-33.911984,151.030991,15,0,2,1,3,0,0,0,2,0,0,50,0,3775,3775,0,0,0,2,0,0,0,1
1307603,2,2022,2022,9,5,6,71,17,61,71,0,1,1,-35.563536,144.955408,51,1,0,1,3,0,0,0,2,0,7,100,2,1945,1945,5,28,40,1,0,0,1,0
1307607,1,2022,2022,9,4,3,2261,17,523,2252,0,1,10,-33.928701,150.917871,41,0,2,1,3,0,0,0,1,2,7,60,2,14295,14295,3,8,5,2,0,0,0,1
1307608,1,2022,2022,2,3,9,330,27,147,605,0,1,10,-33.749363,151.289803,50,0,2,1,3,0,0,0,2,2,7,60,2,14295,14295,3,0,5,2,0,0,0,1
1307610,1,2022,2022,9,4,3,2,1,187,34609,0,1,9,-33.790207,150.988941,54,0,2,1,3,0,0,0,2,0,7,50,0,775,775,4,5,5,2,0,0,0,1
1307611,1,2022,2022,9,5,7,5,1,8,34609,0,1,10,-33.928024,151.101201,15,0,2,1,3,0,0,0,2,0,15,50,0,6545,6545,4,0,13,2,0,0,0,1
1307618,1,2022,2022,2,0,7,232,36,34,331,0,1,2,-33.996695,150.784925,12,0,2,1,3,0,0,0,2,0,7,80,2,14295,14295,3,5,5,2,0,0,0,1
1307619,1,2022,2022,2,5,8,20,31,204,244,0,1,10,-33.891543,151.117124,32,0,2,1,3,0,0,0,2,2,7,60,2,14295,14295,3,5,5,2,0,0,0,3
1307620,1,2022,2022,2,2,10,2261,17,80,2252,0,1,9,-33.95946,150.88543,13,0,2,0,3,2,0,0,0,2,7,70,2,2852,2852,4,5,5,2,0,0,0,1
1307625,1,2022,2022,2,6,4,22,31,99,34609,0,1,0,-33.888124,151.269176,76,0,2,1,3,0,0,0,2,0,7,50,0,14295,14295,3,5,5,2,0,0,0,1
1307626,1,2022,2022,9,1,4,12,31,104,34609,0,1,1,-32.912846,151.707413,48,0,2,1,3,0,0,0,2,0,7,50,0,1981,1981,4,5,5,2,0,0,0,1
1307627,1,2022,2022,2,5,5,205,27,50,415,0,1,1,-33.685482,151.248633,50,0,2,0,3,0,0,0,2,0,7,70,2,14295,14295,3,5,10,2,0,0,0,1
1307629,1,2022,2022,9,5,5,232,36,109,331,0,1,10,-33.953238,150.856049,41,0,2,1,3,0,0,0,2,2,7,70,2,14295,14295,3,8,5,2,0,0,0,1
1307630,1,2022,2022,9,6,8,515,14,271,518,0,1,3,-33.939657,151.010592,15,0,2,1,3,0,0,0,2,0,7,100,2,14295,14295,3,0,13,3,0,0,0,1
1307633,1,2022,2022,2,0,9,14,31,48,34609,0,1,9,-28.238478,153.565832,72,2,1,1,3,0,0,0,3,0,0,50,0,14295,14295,3,5,5,2,0,0,0,1
1307638,2,2022,2022,9,0,8,265,17,103,193,0,1,7,-34.312758,148.295508,30,2,1,1,3,0,0,0,2,0,7,40,2,14295,14295,3,10,5,2,0,0,1,0
1307639,1,2022,2022,2,2,6,308,14,323,311,0,1,3,-33.816004,150.851817,7,0,2,1,3,0,0,0,2,0,7,100,2,14295,14295,3,10,13,2,0,0,0,1
1307642,4,2022,2022,9,1,6,4,7,294,34609,0,1,1,-33.930772,150.939788,41,0,2,1,1,0,0,0,2,0,7,50,0,1981,1981,4,5,5,2,0,1,1,0
1307644,4,2022,2022,9,6,5,56,27,443,44,0,1,1,-33.914463,151.056056,15,0,2,1,1,0,0,0,2,0,7,60,1,1669,1669,3,5,0,2,0,2,0,0
1307646,1,2022,2022,9,2,9,15,31,99,30,0,1,1,-33.886677,151.270824,76,0,2,1,0,0,0,0,3,0,7,50,1,387,387,1,22,5,2,0,0,0,1
1307649,2,2022,2022,10,6,7,283,27,145,702,0,1,10,-33.921376,151.067473,15,0,2,1,3,0,0,3,2,2,7,60,2,14295,14295,3,0,0,2,0,0,1,0
1307651,4,2022,2022,9,1,5,348,17,25,232,0,1,9,-32.942195,149.859833,44,1,0,0,0,0,0,0,2,0,0,100,2,2852,2852,4,5,13,2,0,1,1,0
1307652,4,2022,2022,9,4,5,2,31,23,34609,0,1,9,-31.506134,145.824386,51,2,1,1,1,0,0,0,2,0,7,50,0,5929,5929,1,10,19,2,0,1,0,0
1307655,1,2022,2022,11,5,8,20,31,157,34609,0,1,1,-33.807783,151.014818,54,0,2,1,2,0,0,0,3,0,7,50,0,14295,14295,3,10,5,2,0,0,0,1
1307656,4,2022,2022,9,5,7,115,27,96,173,0,1,9,-34.242248,150.695619,79,2,2,1,0,0,0,3,2,0,15,80,2,1850,985,5,16,40,1,0,1,0,0
1307657,2,2022,2022,10,1,7,3,1,123,15,0,1,1,-33.881299,151.220057,69,0,2,1,2,0,0,0,2,0,7,40,1,1981,1981,4,5,27,2,0,0,1,0
1307660,2,2022,2022,2,4,8,829,27,149,770,0,1,9,-33.866956,151.175378,32,0,2,0,0,0,0,0,2,2,7,60,2,5929,5929,1,5,0,2,0,0,1,0
1307666,2,2022,2022,10,0,3,1104,14,460,962,0,1,3,-33.825363,150.990629,54,0,2,1,0,0,0,0,2,0,7,90,2,14295,14295,3,0,5,2,0,0,1,0
1307667,1,2022,2022,9,1,5,56,27,80,80,0,1,10,-33.885467,151.176073,32,0,2,1,1,0,3,4,2,2,7,40,2,14295,14295,3,5,36,2,0,0,0,3
1307668,4,2022,2022,9,2,8,14,31,61,49,0,1,10,-32.924416,151.736904,48,0,2,0,1,0,0,0,2,2,7,60,1,418,985,5,16,40,1,0,1,0,0
1307669,4,2022,2022,10,6,8,1052,14,56,928,0,1,3,-33.008992,151.497381,37,0,2,0,0,0,0,0,2,0,7,110,2,2585,4009,8,5,40,1,0,1,0,0
1307670,2,2022,2022,10,5,8,27,36,11,34609,0,1,1,-29.651426,152.996983,18,1,0,0,0,0,0,0,2,0,7,100,0,1259,5151,8,10,40,1,0,0,1,0
1307677,4,2022,2022,10,0,9,120,36,6,148,0,1,1,-30.371193,152.600827,6,1,0,0,0,0,0,0,3,0,7,100,2,1669,1669,3,5,13,2,0,1,0,1
1307684,1,2022,2022,2,0,8,344,27,363,369,0,1,2,-33.735613,150.717359,55,0,2,1,3,0,0,0,2,0,7,70,2,14295,14295,3,30,0,2,0,0,0,1
1307686,4,2022,2022,9,2,8,1,31,94,34609,0,1,1,-33.835996,151.045051,54,0,2,1,1,0,0,0,2,0,7,50,0,9859,9859,1,22,10,2,0,1,0,0
1307687,4,2022,2022,9,1,10,71,31,283,125,0,1,9,-33.837391,151.01467,21,0,2,1,2,0,0,0,0,0,7,60,1,2040,2040,9,0,28,2,0,1,0,0
1307689,4,2022,2022,9,5,5,2,1,103,34609,0,1,1,-32.948502,151.652699,37,0,2,1,1,0,0,0,2,0,7,50,0,340,340,9,9,28,2,0,1,0,0
1307690,2,2022,2022,2,2,7,348,31,532,34609,0,1,0,-33.871905,151.209333,69,0,2,1,0,0,0,0,2,0,7,40,0,2040,2040,9,5,28,2,0,0,1,0
1307691,4,2022,2022,9,3,5,9,27,3,4,0,1,1,-36.011666,148.059205,66,1,0,1,0,0,0,3,2,0,7,100,1,1089,1089,7,16,40,1,0,1,0,0
1307700,4,2022,2022,2,3,7,67,27,147,74,0,1,9,-33.864159,151.128869,14,0,2,1,0,0,0,0,2,0,7,50,1,323,323,1,10,5,2,0,1,1,0
1307701,4,2022,2022,10,5,7,2261,17,18,2252,0,1,9,-35.15966,147.898739,20,1,0,0,0,0,0,0,2,0,7,110,2,380,714,5,10,40,1,0,1,0,0
1307705,2,2022,2022,10,6,3,165,31,363,34609,0,1,10,-33.816941,151.015012,54,0,2,1,1,0,3,4,2,3,16,50,0,2585,777,8,5,40,1,0,0,1,0
1307707,4,2022,2022,10,4,4,117,27,78,144,0,1,9,-33.860165,151.092796,14,0,2,1,0,0,3,4,2,0,7,60,2,2040,2040,9,10,28,2,0,1,0,0
1307708,4,2022,2022,9,0,7,17,27,76,34609,0,1,1,-34.583352,150.431354,78,2,1,0,0,0,0,0,2,0,7,80,0,1850,1463,5,16,40,2,0,1,0,0
1307714,4,2022,2022,10,2,6,23,27,8,8,0,1,10,-30.507465,151.568838,51,1,0,1,0,0,3,4,2,0,0,100,1,6545,6545,4,10,0,2,0,2,0,0
1307724,4,2022,2022,10,1,5,1104,14,140,962,0,1,3,-33.797661,150.853234,7,0,2,1,0,0,3,4,2,0,7,100,2,14295,14295,3,9,0,4,0,3,0,1
1307725,4,2022,2022,2,2,11,2126,17,84,2149,0,1,9,-33.817183,150.981024,21,0,2,0,2,0,2,6,0,2,7,60,2,5929,5929,1,0,0,2,0,1,0,1
1307730,2,2022,2022,2,0,7,59,31,107,321,0,1,9,-33.874975,151.196972,69,0,2,1,0,0,0,0,2,2,7,50,2,14295,14295,3,5,5,2,0,0,1,1
1307732,2,2022,2022,10,5,3,134,10,363,133,0,1,2,-33.809902,151.023514,54,0,2,1,1,0,0,0,2,0,7,70,2,9859,9859,8,9,40,1,0,0,1,0
1307733,4,2022,2022,2,4,8,38,27,32,35,0,1,1,-34.608875,150.78795,35,2,1,1,0,0,0,0,2,0,7,80,1,9859,9859,8,5,40,1,0,1,0,0
1307735,4,2022,2022,9,4,6,192,31,150,120,0,1,9,-33.93032,151.238332,59,0,2,1,1,0,0,0,2,0,0,60,2,2852,2852,4,10,19,2,0,1,0,0
1307744,4,2022,2022,9,1,8,500,27,293,799,0,1,9,-33.932471,151.044852,15,0,2,1,1,0,0,0,2,2,7,60,2,5929,5929,1,5,5,2,0,1,1,0
1307745,4,2022,2022,9,1,9,37,31,523,198,0,1,9,-33.926907,150.921082,41,0,2,1,2,0,0,0,2,0,7,60,2,591,591,1,17,0,2,0,1,0,0
1307752,4,2022,2022,1,0,9,57,27,30,126,0,1,9,-32.767369,151.63072,42,2,1,0,2,0,0,0,0,0,15,80,2,2852,2852,4,5,19,2,0,1,0,0
1307753,4,2022,2022,9,6,10,4,27,41,96,0,1,9,-32.970724,151.638057,37,0,2,1,2,0,0,0,0,2,7,60,2,5929,5929,1,5,19,2,0,1,0,0
1307758,4,2022,2022,2,4,4,7,27,47,34609,0,1,1,-28.84453,153.424745,2,2,1,0,0,0,0,0,2,0,7,80,0,3775,3775,0,5,0,2,0,1,0,0
1307760,2,2022,2022,2,6,10,346,17,14,332,0,1,1,-28.891088,152.531827,51,1,0,0,0,0,0,0,0,0,7,100,2,1089,1089,7,0,40,1,0,0,1,0
1307761,2,2022,2022,1,3,8,35,27,28,34609,0,1,9,-35.372168,149.222954,58,2,1,0,2,0,0,0,3,0,7,50,0,1981,1981,4,5,5,2,0,0,2,0
1307764,2,2022,2022,9,4,7,1,27,14,34609,0,1,1,-34.763172,146.466884,51,1,0,0,0,0,0,0,2,0,7,100,0,782,957,5,29,40,1,0,0,1,0
1307769,1,2022,2022,11,5,6,1,27,96,34609,0,1,1,-33.420987,147.968873,51,2,1,0,0,2,0,0,2,0,7,50,0,1850,1463,5,33,40,1,0,0,0,1
1307773,4,2022,2022,10,3,6,108,31,147,34609,0,1,9,-33.744747,151.144464,36,0,2,1,0,0,0,0,2,0,7,50,0,1957,777,8,0,40,1,0,1,0,0
1307775,2,2022,2022,2,0,9,12,31,56,34609,1,0,10,-33.857777,151.182763,32,0,2,1,1,0,0,0,2,0,0,40,0,214,214,9,33,28,2,0,0,1,0
1307777,2,2022,2022,2,6,3,9,31,215,34609,0,1,10,-35.111012,147.353232,75,2,1,1,1,0,0,0,2,0,0,50,0,6545,6545,4,30,13,2,0,0,1,0
1307778,4,2022,2022,9,2,6,475,10,42,268,0,1,9,-33.91256,150.904842,41,0,2,1,1,0,0,0,2,2,7,70,2,5929,5929,1,10,12,2,0,1,0,0
1307779,4,2022,2022,9,2,6,39,27,284,563,0,1,2,-33.898601,151.037277,15,0,2,1,0,0,3,0,2,0,7,70,2,1945,1945,5,16,40,1,0,1,0,0
1307780,4,2022,2022,9,6,6,82,31,163,7,0,1,10,-33.861626,151.106015,14,0,2,1,1,0,0,0,2,2,7,50,1,6545,6545,4,0,19,3,0,1,1,0
1307781,1,2022,2022,10,0,8,3371,17,77,3342,0,1,9,-33.044533,151.656124,37,0,2,1,1,0,3,4,2,0,0,60,2,256,256,4,0,27,2,0,0,0,1
1307782,1,2022,2022,2,4,7,1,1,40,34609,0,1,1,-33.810137,151.209976,77,0,2,1,1,0,0,0,2,0,7,50,0,1220,1220,9,0,28,2,0,0,0,1
1307783,4,2022,2022,10,1,7,149,36,43,81,0,1,2,-32.168759,152.497229,43,2,1,1,1,0,0,0,2,0,7,50,2,9859,9859,1,5,0,2,0,1,0,0
1307784,1,2022,2022,9,4,10,82,27,14,103,0,1,1,-28.353373,153.361107,72,1,0,1,1,0,0,0,3,0,7,100,1,323,323,1,16,12,2,0,0,0,1
1307785,2,2022,2022,11,5,5,7,27,16,36,0,1,1,-32.707572,151.714163,57,2,1,0,0,0,0,3,2,0,7,80,1,2585,4009,8,0,40,1,0,0,1,0
1307788,2,2022,2022,11,0,6,60,27,84,34609,0,1,1,-33.806828,150.990772,54,0,2,1,1,0,0,0,2,0,7,40,0,1981,1981,4,5,5,4,0,0,2,0
1307789,2,2022,2022,2,0,7,46,27,304,39,0,1,10,-33.91274,151.16101,32,0,2,1,1,0,0,0,2,0,0,60,1,6545,6545,4,0,0,2,0,0,1,1
1307790,4,2022,2022,9,5,8,3371,17,23,3342,0,1,2,-32.993126,151.688742,37,0,2,0,0,0,0,0,2,0,7,70,2,14295,14295,3,5,19,4,0,1,0,1
1307792,1,2022,2022,2,3,9,9,27,10,34609,0,1,7,-33.409941,149.551517,3,2,1,1,1,0,0,0,2,0,0,60,0,6545,6545,4,0,5,2,0,0,0,1
1307793,4,2022,2022,2,3,8,1,27,17,34609,0,1,9,-28.27391,153.550196,72,1,0,0,0,0,0,0,2,0,7,100,0,4552,5151,8,0,40,1,0,1,0,0
1307799,4,2022,2022,11,1,6,2,18,31,34609,0,1,1,-36.491302,148.996637,65,1,0,1,0,2,0,0,2,0,7,100,0,945,945,5,5,40,1,0,1,3,0
1307803,1,2022,2022,10,2,6,829,27,165,770,0,1,2,-33.857934,151.160747,14,0,2,1,1,0,0,0,2,0,7,60,2,14295,14295,3,5,5,3,0,0,0,1
1307807,1,2022,2022,10,0,6,37,23,443,78,0,1,1,-33.908016,151.06559,15,0,2,1,1,0,0,0,2,0,7,60,2,14295,14295,3,9,0,3,0,0,0,1
1307808,4,2022,2022,2,5,5,3,27,8,34609,0,1,1,-30.510224,151.568312,51,1,0,1,0,0,0,0,2,0,7,100,0,4026,4026,8,5,40,1,0,1,0,0
1307810,2,2022,2022,10,1,9,1,27,33,563,0,1,9,-33.966282,151.033096,15,0,2,1,2,0,0,0,3,2,7,50,2,395,395,1,0,5,2,0,0,1,1
1307813,4,2022,2022,11,0,8,19,27,11,16,0,1,1,-31.517599,152.5607,56,1,0,0,0,0,0,0,2,0,7,100,1,3775,3775,0,0,13,2,0,2,0,0
1307819,4,2022,2022,2,5,7,18,27,58,34609,0,1,1,-34.046405,151.132765,68,0,2,1,3,0,0,0,2,0,7,60,0,237,397,1,0,5,2,0,1,0,0
1307826,1,2022,2022,9,0,7,22,27,94,144,0,1,2,-33.790972,150.807573,55,0,2,1,3,0,0,0,2,0,7,60,2,1391,1391,1,10,0,2,0,0,0,1
1307829,2,2022,2022,10,4,8,10,27,13,31,0,1,1,-35.948309,149.573058,58,1,0,0,0,2,0,3,3,0,7,100,1,1850,1463,5,16,40,1,0,0,1,0
1307832,2,2022,2022,10,3,6,104,27,137,140,0,1,2,-33.923451,151.210992,69,0,2,1,0,0,0,0,2,0,7,60,2,1282,1282,1,0,18,2,0,0,1,0
1307834,2,2022,2022,10,6,7,916,17,18,917,0,1,9,-32.741412,151.560428,42,2,1,1,1,0,0,3,2,0,7,80,2,2852,2852,4,5,5,2,0,0,2,0
1307835,2,2022,2022,10,1,10,485,27,154,769,0,1,2,-33.704569,150.931455,71,0,2,1,2,0,0,0,0,0,7,80,2,14295,14295,3,5,5,3,0,0,1,1
1307837,4,2022,2022,10,5,5,12,31,131,34609,0,1,10,-36.075388,146.906523,0,2,1,1,1,0,0,0,2,0,0,60,0,6545,6545,4,34,19,2,0,1,0,0
1307838,4,2022,2022,10,3,0,149,10,346,702,0,1,10,-33.86795,151.064387,67,0,2,1,2,0,0,0,0,2,7,80,2,5929,5929,1,5,12,2,0,1,0,0
1307840,2,2022,2022,10,2,1,1104,11,532,770,0,1,6,-33.868868,151.203406,69,0,2,0,0,0,0,0,0,0,7,50,2,4552,5151,8,5,40,2,0,0,1,0
1307843,4,2022,2022,9,0,7,1,27,1,34609,0,1,1,-35.59287,146.793261,27,1,0,1,0,0,0,0,2,0,7,100,0,9859,9859,8,10,40,1,0,1,1,0
1307845,2,2022,2022,9,5,4,171,31,273,34609,1,2,7,-34.41969,150.894297,80,0,2,1,0,0,0,0,2,0,0,40,0,6545,6545,4,0,41,2,0,0,1,0
1307846,2,2022,2022,9,0,11,1,27,28,34609,0,1,1,-34.092101,150.803352,13,0,2,0,2,0,0,0,0,0,7,50,0,78,78,8,0,40,1,0,0,1,0
1307849,2,2022,2022,1,1,4,85,10,38,702,0,1,2,-33.840281,151.083033,14,0,2,1,1,0,0,3,2,0,7,80,2,14295,14295,3,33,12,2,0,0,1,0
1307890,2,2022,2022,9,5,11,20,27,132,148,0,1,1,-34.065877,151.056122,68,0,2,0,0,0,3,0,0,0,7,60,2,2585,4009,8,16,40,1,0,0,1,0
1307892,4,2022,2022,9,0,3,21,31,12,34609,0,1,1,-32.927812,151.787738,48,0,2,1,1,0,3,0,1,0,7,40,0,1192,1192,1,22,0,2,0,1,0,0
1307893,2,2022,2022,10,1,3,118,27,646,118,0,1,10,-33.930729,151.02951,15,0,2,0,1,0,0,0,2,0,0,60,1,1669,1669,3,5,5,3,0,0,2,0
1307894,1,2022,2022,5,4,1,115,27,43,46,0,1,9,-34.193135,150.644109,79,2,2,0,2,0,3,4,0,0,15,80,2,2852,2852,4,5,5,2,0,0,0,1
1307897,2,2022,2022,2,0,8,8,10,165,34609,0,1,2,-32.284924,150.906358,46,2,1,0,1,0,0,0,2,0,7,50,0,4552,5151,1,5,23,3,0,0,1,1
1307901,4,2022,2022,2,2,5,27,27,294,27,0,1,1,-33.92987,150.955477,41,0,2,1,1,0,0,0,2,0,7,60,1,1981,1981,4,5,19,2,0,1,0,0
1307902,2,2022,2022,2,2,1,20,31,30,34609,0,1,10,-30.086279,145.947802,51,2,1,1,2,0,0,0,0,0,0,50,0,782,985,5,30,40,1,0,0,1,0
1307910,4,2022,2022,9,2,5,1,27,3,34609,0,1,1,-33.714001,150.056737,40,2,1,0,0,2,0,0,2,0,7,60,0,1089,1089,7,12,40,1,0,1,0,0
1307912,2,2022,2022,2,5,6,37,31,273,87,0,1,10,-34.420589,150.9009,80,0,2,1,1,0,0,0,2,2,7,60,2,5929,5929,1,5,5,2,0,0,1,1
1307913,1,2022,2022,2,1,4,69,13,121,34609,0,1,9,-33.799894,151.285545,50,0,2,0,1,0,0,0,2,2,7,30,0,515,515,1,8,5,2,0,0,0,1
1307915,4,2022,2022,9,2,2,308,14,95,311,0,1,3,-33.738677,150.847839,7,0,2,1,2,0,0,0,1,0,7,100,2,14295,14295,3,5,5,2,0,1,0,0
1307916,2,2022,2022,2,6,3,27,7,13,34609,0,1,10,-32.546995,151.141836,64,2,1,1,1,0,0,0,1,0,0,60,0,6545,6545,4,30,10,2,0,0,1,0
1307919,4,2022,2022,9,1,8,3371,17,77,3342,0,1,2,-33.041293,151.657472,37,0,2,1,0,0,0,0,2,0,7,60,2,9859,9859,8,9,40,1,0,1,0,0
1307923,1,2022,2022,10,3,7,145,31,532,34609,0,1,9,-33.86364,151.207479,69,0,2,1,1,0,0,3,2,3,6,40,0,515,515,1,19,27,2,0,0,0,1
1307924,4,2022,2022,11,5,9,3,10,92,34609,0,1,7,-33.740594,150.962345,71,0,2,0,1,0,0,0,3,0,0,50,0,2040,2040,9,5,28,2,0,1,0,0
1307925,4,2022,2022,10,1,8,1104,14,142,962,0,1,3,-33.827614,151.000685,54,0,2,1,0,0,0,3,3,0,7,90,2,14295,14295,3,29,5,2,0,1,0,0
1307926,4,2022,2022,10,2,2,15,27,103,34609,0,1,1,-28.823307,153.321675,39,2,1,0,2,0,0,0,1,0,7,50,0,2040,2040,9,9,28,2,0,1,1,0
1307927,4,2022,2022,2,0,7,49,31,147,34609,0,1,9,-33.880722,151.000092,15,0,2,1,1,0,0,0,2,0,7,50,0,340,340,9,5,28,2,0,1,1,0
1307928,2,2022,2022,2,3,5,916,17,48,917,0,1,10,-29.021048,151.997563,51,1,0,0,0,0,0,3,2,0,0,100,2,6545,6545,4,5,19,2,0,0,1,0
1307930,4,2022,2022,2,6,8,171,27,29,369,0,1,9,-33.727302,150.720527,55,0,2,1,1,0,0,0,2,2,7,70,2,1192,1192,1,10,13,5,0,1,1,0
1307932,4,2022,2022,9,0,4,109,27,323,382,1,2,1,-33.786008,150.853229,7,0,2,1,1,0,0,0,2,0,7,40,2,14295,14295,3,5,5,2,0,1,0,0
1307940,2,2022,2022,9,6,5,5,1,219,34609,0,1,1,-32.906915,151.66402,48,0,2,1,1,0,0,0,2,0,7,50,0,220,220,8,30,40,1,0,0,1,0
1307945,2,2022,2022,9,4,5,7,31,41,34609,1,0,1,-33.867026,150.987552,24,0,2,1,1,0,0,0,2,2,7,50,0,1981,1981,4,34,0,3,0,0,1,0
1307947,2,2022,2022,10,1,3,3371,17,173,3342,0,1,9,-33.718353,151.108315,36,0,2,1,2,0,3,4,1,2,7,60,2,2852,2852,4,5,5,2,0,0,1,0
1307948,4,2022,2022,10,1,8,21,31,157,34609,0,1,1,-33.800103,151.013308,54,0,2,1,1,0,0,0,2,0,7,50,0,941,941,1,5,0,2,0,1,0,0
1307954,1,2022,2022,2,3,5,7,27,74,34609,0,1,1,-33.768726,150.675645,55,0,2,1,3,0,0,0,2,0,7,50,0,623,623,3,5,5,2,0,0,0,1
1307956,1,2022,2022,2,1,6,112,27,79,769,0,1,10,-33.579888,150.719578,29,2,2,1,3,0,0,0,2,2,7,60,2,14295,14295,3,10,36,2,0,0,0,1
1307957,2,2022,2022,9,5,7,232,36,134,331,0,1,2,-33.990862,150.789825,12,0,2,1,0,0,0,0,2,0,7,80,2,3775,3775,0,5,5,2,0,0,1,0
1307962,1,2022,2022,2,1,8,2209,17,133,2205,0,1,9,-34.524289,150.788688,80,0,2,0,3,0,0,0,2,0,0,80,1,14295,14295,3,8,36,2,0,0,0,1
1307964,2,2022,2022,2,1,7,2126,17,77,2149,0,1,9,-33.884382,151.197365,69,0,2,1,3,0,0,0,2,0,7,50,2,1391,1391,1,5,22,4,0,0,1,0
1307968,2,2022,2022,11,0,11,5,27,189,34609,0,1,1,-33.938685,151.050629,15,0,2,1,3,0,3,4,0,0,7,50,0,9859,9859,8,5,40,1,0,0,1,0