Crash ID,Degree of crash - detailed,Reporting year,Year of crash,Month of crash,Day of week of crash,Two-hour intervals,Street of crash,Street type,Town,Route no.,School zone location,School zone active,Type of location,Latitude,Longitude,LGA,Urbanisation,Conurbation 1,Alignment,Street lighting,Road surface,Surface condition,Weather,Natural lighting,Signals operation,Other traffic control,Speed limit,Road classification,RUM - code,DCA - code,First impact type,Key TU type,Other TU type,No. of traffic units involved,No. killed,No. seriously injured,No. moderately injured,No. minor-other injured
1307972,2,2022,2022,11,2,6,123,36,17,90,0,1,1,-31.803287,151.917692,43,2,1,0,0,0,0,0,2,0,7,80,1,404,404,8,16,40,1,0,0,1,0
1307975,2,2022,2022,1,5,8,5,31,194,34609,1,0,10,-30.520722,151.664584,1,2,1,1,1,0,0,0,2,0,15,50,0,6545,6545,4,22,5,2,0,0,1,0
1307976,1,2022,2022,2,5,8,143,31,173,19,0,1,9,-33.878382,151.214216,69,0,2,1,3,0,0,0,2,2,7,40,1,14295,14295,3,5,5,2,0,0,0,1
1307979,4,2022,2022,2,6,6,46,27,284,34609,0,1,10,-33.901722,151.008636,15,0,2,1,0,0,0,0,2,0,0,50,0,6545,6545,4,5,5,2,0,1,0,0
1307982,4,2022,2022,2,4,3,1104,14,85,962,0,1,3,-33.78365,150.692783,55,0,2,1,0,0,0,0,2,0,7,110,2,1282,1282,1,5,13,2,0,1,0,0
1307987,1,2022,2022,2,0,4,866,17,171,793,0,1,2,-33.813916,150.964669,21,0,2,1,1,0,0,0,2,0,7,70,2,14295,14295,3,33,19,2,0,0,0,1
1307991,4,2022,2022,2,1,9,9,27,42,29,1,0,9,-33.739958,151.275751,50,0,2,1,1,0,0,0,2,0,9,50,1,1220,1220,9,5,26,3,0,1,0,1
1307994,4,2022,2022,9,3,8,361,23,133,34609,0,1,1,-33.925231,151.010285,15,0,2,1,0,0,0,0,3,0,7,50,0,9859,9859,1,30,13,3,0,1,0,0
1307997,2,2022,2022,2,0,9,2126,17,93,2149,0,1,1,-33.419033,149.609452,3,2,1,1,2,0,0,0,3,0,7,60,2,9859,9859,1,0,5,3,0,0,1,0
1307999,4,2022,2022,2,3,9,5,10,15,34609,0,1,9,-33.895296,150.848326,41,0,2,0,0,0,0,0,3,0,7,50,0,340,340,9,0,28,2,0,1,0,0
1308000,1,2022,2022,9,4,4,1,27,160,34609,0,1,1,-33.10875,151.502324,37,0,2,0,1,0,0,0,2,0,7,50,0,368,368,9,33,26,2,0,0,0,1
1308007,4,2022,2022,2,2,7,3371,17,29,3342,0,1,2,-31.782578,152.648597,43,1,0,0,0,0,0,0,2,0,7,110,2,4552,5151,8,10,40,1,0,2,0,0
1308011,4,2022,2022,9,3,5,17,10,32,34609,0,1,1,-32.756776,152.067988,57,2,1,1,1,0,0,0,2,0,7,80,0,9859,9859,8,10,40,1,0,1,0,0
1308016,1,2022,2022,11,1,10,82,27,14,103,0,1,1,-28.365916,153.351472,72,2,1,0,0,0,0,0,0,0,7,80,1,1850,1463,5,10,40,1,0,0,0,1
1308018,2,2022,2022,9,3,9,137,27,4,39,0,1,1,-31.940561,151.191512,73,1,0,0,0,0,0,0,2,0,7,100,1,1850,1463,5,16,40,1,0,0,1,0
1308020,4,2022,2022,9,1,7,37,27,94,105,0,1,9,-33.888809,150.926804,24,0,2,1,1,0,0,0,2,0,7,60,1,14295,14295,3,5,5,4,0,2,0,0
1308021,2,2022,2022,9,1,3,103,27,123,563,0,1,2,-33.810031,151.053152,54,0,2,1,0,0,0,0,2,0,7,80,2,14295,14295,3,5,5,4,0,0,2,0
1308023,2,2022,2022,2,3,5,334,17,53,308,0,1,10,-31.090515,150.932745,70,2,1,1,1,0,0,0,2,2,7,50,2,5929,5929,1,0,19,2,0,0,1,0
1308024,2,2022,2022,11,3,5,866,17,247,793,0,1,10,-33.830331,150.960316,21,0,2,1,1,0,0,0,2,2,7,70,2,5929,5929,1,5,5,2,0,0,2,0
1308026,2,2022,2022,9,1,9,14,27,55,34609,0,1,1,-33.795156,150.889491,7,0,2,1,0,0,0,0,3,0,7,60,0,3775,3775,0,10,5,2,0,0,2,0
1308028,2,2022,2022,10,3,10,82,27,10,103,0,1,1,-28.413102,153.33755,72,2,1,1,0,0,3,4,0,0,7,50,1,4026,4026,8,0,40,1,0,0,1,0
1308029,4,2022,2022,2,5,5,83,31,43,228,0,1,1,-33.591151,150.864309,29,2,2,0,0,0,0,0,2,0,7,60,2,3775,3775,0,5,12,2,0,2,0,0
1308030,4,2022,2022,2,1,5,127,27,48,103,0,1,1,-32.915754,151.748672,48,0,2,1,1,0,0,0,2,0,7,60,1,387,387,1,22,0,2,0,1,0,0
1308032,2,2022,2022,10,0,2,10,31,228,39,0,1,10,-34.747494,149.727646,26,2,1,1,1,0,3,4,1,0,0,60,2,6545,6545,4,10,19,2,0,0,1,0
1308034,2,2022,2022,9,5,11,50,27,169,382,0,1,1,-33.771262,150.835756,7,0,2,1,2,0,0,0,0,0,7,60,2,3775,3775,0,0,5,3,0,0,1,0
1308035,2,2022,2022,2,1,4,18,27,6,20,0,1,1,-33.698935,149.97096,51,1,0,0,0,0,3,4,2,0,7,100,2,1957,4009,8,10,40,1,0,0,1,0
1308038,4,2022,2022,2,0,8,36,27,3,34609,0,1,1,-32.326582,151.720788,51,1,0,1,0,0,0,3,2,0,7,90,0,4026,4026,8,0,40,1,0,3,0,0
1308039,4,2022,2022,2,6,7,1,31,323,34609,0,1,1,-33.783761,150.849649,7,0,2,1,0,0,0,0,2,0,7,50,0,1220,1220,9,5,28,2,0,1,0,0
1308041,2,2022,2022,10,0,3,10,27,10,33,0,1,1,-32.519116,151.352168,64,2,1,0,0,0,0,0,2,0,0,80,1,14295,14295,3,5,13,2,0,0,1,0
1308042,2,2022,2022,11,0,11,2126,17,44,2149,0,1,2,-33.765265,150.634689,8,2,2,1,3,0,2,6,0,0,7,70,2,4026,4026,8,5,40,1,0,0,1,0
1308043,2,2022,2022,2,5,7,1104,14,142,962,0,1,3,-33.827718,151.000159,54,0,2,1,1,0,0,0,2,0,7,90,2,1383,1383,1,5,19,2,0,0,1,0
1308045,2,2022,2022,2,0,3,93,10,25,42,0,1,1,-32.941141,151.767301,48,0,2,1,1,0,0,0,2,0,9,50,1,14295,14295,3,22,13,2,0,0,1,0
1308051,2,2022,2022,2,2,3,1,27,4,34609,0,1,1,-34.911437,146.839915,75,1,0,0,3,2,0,0,1,0,7,100,0,4552,5151,8,0,40,1,0,0,1,0
1308052,1,2022,2022,9,1,6,12,31,30,34,0,1,7,-34.204288,150.572189,79,2,2,1,3,0,0,0,2,0,0,60,1,6545,6545,4,5,35,2,0,0,0,1
1308053,1,2022,2022,2,6,4,1,27,47,34609,0,1,9,-35.314676,149.535851,58,1,0,1,3,2,0,0,2,0,7,100,0,9859,9859,8,10,40,1,0,0,0,1
1308055,2,2022,2022,2,3,11,25,27,67,94,0,1,1,-33.883887,151.00778,15,0,2,1,3,0,0,0,0,0,7,60,1,623,623,3,5,5,2,0,0,1,0
1308057,1,2022,2022,2,2,4,13,27,7,34609,0,1,1,-31.447053,152.712857,56,2,1,0,3,0,0,0,2,0,7,80,0,14295,14295,3,0,5,2,0,0,0,2
1308058,2,2022,2022,2,1,11,485,27,337,769,0,1,2,-33.723283,150.970331,71,0,2,1,3,0,3,4,0,0,7,60,2,3775,3775,0,5,10,2,0,0,1,0
1308061,1,2022,2022,2,5,7,133,31,646,97,0,1,9,-33.917305,151.022034,15,0,2,1,3,0,0,0,2,0,15,60,1,1282,1282,1,5,13,4,0,0,0,1
1308064,1,2022,2022,2,6,6,2209,17,204,2205,0,1,9,-33.941992,151.144553,4,0,2,1,3,0,0,0,2,0,15,60,2,6545,6545,4,0,0,2,0,0,0,1
1308066,1,2022,2022,2,2,6,2261,17,284,2252,0,1,2,-33.907174,151.021604,15,0,2,1,3,0,0,0,2,0,7,60,2,1391,1391,1,5,5,2,0,0,0,2
1308067,1,2022,2022,2,6,8,220,14,32,220,0,1,3,-34.575391,150.816616,62,0,2,1,3,0,0,0,2,0,7,100,2,1945,1945,5,9,40,1,0,0,0,1
1308070,1,2022,2022,9,6,7,2261,17,646,2252,1,2,10,-33.90639,151.035995,15,0,2,1,3,0,0,0,2,2,7,40,2,395,395,1,0,0,2,0,0,0,1
1308071,1,2022,2022,2,6,6,2,1,140,34609,0,1,1,-33.778267,150.809142,7,0,2,1,3,0,0,0,2,0,7,50,0,1,1,1,5,5,2,0,0,0,1
1308074,1,2022,2022,2,2,9,866,17,61,793,0,1,9,-33.899424,150.919113,24,0,2,0,3,0,0,0,3,2,7,70,2,14295,14295,3,0,5,2,0,0,0,1
1308076,1,2022,2022,5,5,9,2126,17,445,2149,0,1,10,-33.8508,151.053665,21,0,2,1,3,0,0,0,3,2,7,60,2,5929,5929,1,33,0,3,0,0,0,1
1308079,1,2022,2022,2,1,6,84,27,147,415,0,1,9,-33.752054,151.144197,36,0,2,1,3,0,0,0,2,2,7,70,2,623,623,3,10,36,2,0,0,0,1
1308082,1,2022,2022,9,1,4,26,18,174,34609,0,1,0,-33.892745,151.206549,69,0,2,1,3,0,0,0,2,0,7,10,0,1282,1282,1,5,40,2,0,0,0,1
1308095,1,2022,2022,9,4,8,82,31,370,15,0,1,10,-34.063657,150.816999,13,0,2,1,3,0,0,0,3,2,7,60,1,14295,14295,3,5,5,2,0,0,0,1
1308097,1,2022,2022,9,4,6,330,23,35,39,1,0,9,-33.963484,151.2459,59,0,2,1,3,0,0,0,2,0,15,60,1,1383,1383,1,5,27,2,0,0,0,1
1308101,1,2022,2022,2,5,7,2261,17,64,2252,0,1,2,-33.888124,151.091015,67,0,2,1,3,0,0,0,2,0,7,60,2,14295,14295,3,5,13,2,0,0,0,1
1308105,4,2022,2022,1,3,6,1,27,7,34609,0,1,1,-29.658413,145.710859,51,1,0,1,0,2,3,0,2,0,7,100,0,1945,1945,5,16,40,1,0,1,0,0
1308106,4,2022,2022,9,2,5,84,10,9,80,0,1,1,-34.220113,150.984109,80,0,2,0,3,0,2,6,2,0,7,60,2,4552,5151,8,16,40,1,0,1,0,0
1308107,1,2022,2022,2,0,6,475,31,204,11,0,1,9,-33.889117,151.13122,32,0,2,1,3,0,0,0,2,0,7,50,1,14295,14295,3,30,5,2,0,0,0,1
1308108,1,2022,2022,2,3,0,1,22,121,34609,0,1,1,-33.797138,151.288057,50,0,2,1,3,0,3,3,0,2,9,30,0,2040,2040,9,0,28,2,0,0,0,1
1308109,2,2022,2022,2,4,11,294,17,26,288,0,1,1,-34.592737,145.946795,51,1,0,1,3,0,0,0,0,0,7,110,2,1089,1089,7,16,40,1,0,0,1,0
1308111,1,2022,2022,9,0,8,220,14,78,220,0,1,3,-34.465618,150.84576,80,0,2,1,3,0,0,0,3,0,7,100,2,14295,14295,3,5,0,3,0,0,0,1
1308112,2,2022,2022,2,1,4,126,1,226,144,0,1,2,-33.766335,150.817076,7,0,2,1,1,0,0,0,2,2,9,60,2,2040,2040,9,5,28,2,0,0,1,0
1308113,2,2022,2022,2,4,5,60,27,219,262,0,1,10,-32.907559,151.665127,48,0,2,1,1,0,0,0,2,2,7,60,2,14295,14295,3,5,5,2,0,0,1,0
1308117,4,2022,2022,9,0,8,60,27,174,44,0,1,1,-33.872217,150.936583,24,0,2,1,1,0,0,0,2,0,7,50,1,623,623,3,5,5,2,0,1,1,0
1308127,2,2022,2022,2,4,4,143,31,123,181,0,1,9,-33.885035,151.226932,81,0,2,1,1,0,0,0,2,0,7,50,2,1383,1383,1,0,5,2,0,0,1,0
1308128,1,2022,2022,2,0,11,46,36,4,46,0,1,1,-32.798556,149.060942,22,1,0,0,0,0,0,0,0,0,7,100,1,1850,1463,5,10,40,1,0,0,0,1
1308131,1,2022,2022,9,0,8,5,27,363,34609,0,1,9,-33.749674,150.704238,55,0,2,1,1,0,0,0,2,0,0,50,0,2852,2852,4,5,5,2,0,0,0,1
1308132,4,2022,2022,9,6,2,1,27,8,34609,0,1,1,-34.625542,146.450891,51,1,0,1,0,0,0,0,1,0,7,100,0,4026,4026,8,0,40,1,0,2,0,0
1308133,4,2022,2022,2,4,11,35,27,13,19,0,1,10,-34.072748,150.680727,12,0,2,1,0,0,0,0,0,2,7,80,1,1089,1089,7,16,40,1,0,1,0,0
1308134,2,2022,2022,2,4,1,3371,17,54,3342,0,1,1,-33.228297,151.503029,16,2,2,1,2,0,0,0,0,0,7,60,2,4026,4026,8,16,40,1,0,0,1,0
1308136,2,2022,2022,9,0,8,109,27,74,382,1,0,9,-33.748746,150.841801,7,0,2,1,1,0,0,0,2,0,7,60,2,1669,1669,3,5,5,2,0,0,1,0
1308137,1,2022,2022,2,3,5,3,27,4,34609,0,1,1,-35.565069,149.518998,58,2,1,0,0,2,0,0,2,0,7,80,0,4552,5151,8,10,40,1,0,0,0,3
1308138,4,2022,2022,2,3,5,6,31,59,144,0,1,2,-32.882545,151.732633,48,0,2,1,1,0,0,0,2,0,7,60,2,14295,14295,3,16,18,2,0,1,1,0
1308139,2,2022,2022,2,5,6,79,10,18,231,0,1,1,-33.465768,151.318583,16,2,2,0,0,0,0,0,2,0,7,60,2,3775,3775,0,5,22,2,0,0,1,0
1308140,2,2022,2022,11,6,9,10,27,74,34609,0,1,7,-33.751158,150.833377,7,0,2,1,2,0,0,3,0,0,0,50,0,926,926,4,30,12,2,0,0,2,0
1308142,4,2022,2022,9,5,7,1052,14,83,928,0,1,3,-33.505182,151.1888,16,1,2,0,0,0,0,0,2,0,7,100,2,14295,14295,3,0,5,3,0,2,0,0
1308144,1,2022,2022,9,2,7,19,27,143,34609,0,1,10,-33.875383,151.107464,9,0,2,1,1,0,0,0,2,2,7,50,0,2040,2040,9,0,28,2,0,0,0,1
1308147,1,2022,2022,9,2,11,11,27,112,34609,0,1,1,-36.056218,146.920192,0,2,1,1,2,0,0,0,0,0,7,60,0,9859,9859,8,5,40,1,0,0,0,1
1308149,2,2022,2022,9,3,9,63,31,173,34609,0,1,1,-33.87976,151.215104,69,0,2,1,1,0,3,3,2,0,7,40,0,340,340,9,5,28,2,0,0,1,0
1308150,4,2022,2022,10,1,8,10,10,105,34609,0,1,9,-32.707871,151.51813,42,2,1,1,0,0,0,3,2,0,7,50,0,14295,14295,3,16,13,2,0,1,0,0
1308158,2,2022,2022,2,5,8,330,23,35,39,1,0,10,-33.963484,151.2459,59,0,2,1,0,0,0,0,2,0,15,60,1,6545,6545,4,0,27,2,0,0,1,0
1308160,4,2022,2022,2,0,8,7,27,147,34609,0,1,1,-33.873384,150.986976,15,0,2,1,1,0,0,0,2,0,7,50,0,1109,787,1,9,5,2,0,1,0,0
1308161,2,2022,2022,2,2,7,3371,17,20,3342,0,1,10,-33.079686,151.650607,37,0,2,0,1,0,0,0,2,2,9,70,2,591,591,1,22,13,2,0,0,1,0
1308162,2,2022,2022,9,5,9,32,14,108,124,0,1,3,-33.813489,151.183338,77,0,2,0,0,0,0,0,3,0,7,80,2,1192,1192,1,16,0,2,0,0,1,0
1308163,4,2022,2022,9,4,10,154,27,293,244,0,1,9,-33.926017,151.054,15,0,2,1,2,0,0,0,0,2,9,60,2,591,591,1,17,0,2,0,1,0,0
1308164,2,2022,2022,2,1,8,225,17,50,180,0,1,1,-34.556632,150.648931,62,0,2,0,0,0,0,0,2,0,7,60,2,2585,4009,8,5,40,1,0,0,1,0
1308167,2,2022,2022,9,0,8,133,31,133,97,0,1,9,-33.916374,151.009811,15,0,2,0,1,0,0,0,2,0,0,60,1,14295,14295,3,5,5,3,0,0,1,0
1308173,2,2022,2022,10,6,5,224,27,246,321,0,1,1,-33.908274,151.202809,69,0,2,1,1,0,0,3,2,0,7,50,2,368,368,9,5,28,2,0,0,1,0
1308174,2,2022,2022,10,1,6,14,31,61,49,0,1,2,-32.924199,151.737845,48,0,2,1,1,0,0,0,2,2,9,60,1,2040,2040,9,5,28,2,0,0,1,0
1308175,4,2022,2022,10,4,7,52,27,188,53,0,1,10,-33.942871,151.101554,4,0,2,1,1,0,0,0,2,3,2,50,1,2040,2040,9,5,28,2,0,1,0,0
1308176,2,2022,2022,10,2,0,135,17,93,136,0,1,1,-36.0765,146.946015,0,2,1,1,2,0,3,4,0,0,7,60,2,9859,9859,1,5,13,2,0,0,2,0
1308178,2,2022,2022,10,0,11,280,10,46,240,1,0,10,-33.886613,150.967938,24,0,2,1,2,0,0,0,0,2,7,60,2,2852,2852,4,10,25,2,0,0,1,0
1308180,2,2022,2022,2,6,8,35,27,84,33,0,1,1,-33.778241,151.106988,61,0,2,1,0,0,0,0,2,0,9,60,1,238,238,9,10,28,2,0,0,1,0
1308181,2,2022,2022,11,2,6,2261,17,65,2252,0,1,7,-36.039265,146.972639,0,2,1,0,1,0,0,0,2,0,0,60,1,14295,14295,3,5,5,2,0,0,1,0
1308182,4,2022,2022,2,1,5,191,17,24,189,0,1,1,-32.063514,150.050159,73,1,0,1,0,0,0,0,2,0,7,100,2,945,945,5,3,40,1,0,1,0,0
1308185,2,2022,2022,9,5,3,2209,17,40,2205,0,1,1,-35.062665,150.573862,63,1,0,1,3,0,0,0,2,0,7,100,2,14295,14295,3,30,13,3,0,0,1,0
1308186,4,2022,2022,2,4,7,2126,17,22,2149,0,1,1,-33.572661,150.212445,40,2,1,0,1,0,0,0,2,0,7,80,2,3775,3775,0,0,40,2,0,1,0,0
1308191,2,2022,2022,10,4,9,49,27,6,15,0,1,9,-33.897629,151.195544,69,0,2,1,2,0,3,4,0,2,7,50,1,14295,14295,3,5,27,2,0,0,1,0
1308197,4,2022,2022,10,5,7,13,31,78,7,0,1,1,-33.847507,151.015462,21,0,2,1,0,0,0,0,2,0,7,50,1,9859,9859,1,0,5,2,0,1,0,0
1308198,2,2022,2022,10,0,9,153,27,7,34609,0,1,9,-31.409335,152.747507,56,2,1,0,0,0,3,4,0,0,7,80,0,2585,4009,8,5,40,1,0,0,1,0
1308199,1,2022,2022,11,5,9,2261,17,646,2252,1,0,10,-33.90639,151.035995,15,0,2,1,2,0,0,0,0,2,7,60,2,1669,1669,3,3,5,2,0,0,0,1
1308200,4,2022,2022,10,1,8,82,27,84,181,0,1,1,-33.895369,151.271766,76,0,2,0,1,0,0,0,2,0,7,50,2,5929,5929,1,0,19,2,0,1,0,0
1308201,2,2022,2022,10,3,10,334,17,84,308,0,1,2,-31.100133,150.905471,70,2,1,1,2,0,0,0,0,0,7,60,2,1945,1945,5,15,40,1,0,0,1,0
1308202,4,2022,2022,11,5,7,46,27,15,49,1,2,9,-34.067219,150.842656,13,0,2,1,0,0,0,0,2,0,0,40,1,323,323,1,16,0,2,0,1,0,0
1308203,2,2022,2022,11,5,7,3371,17,44,3342,0,1,2,-30.57882,153.004355,47,1,0,0,0,0,0,3,2,0,7,110,2,14295,14295,3,0,10,2,0,0,1,0
1308204,2,2022,2022,9,1,7,5,27,58,34609,0,1,1,-33.224615,151.386553,16,1,2,0,0,0,0,0,2,0,7,100,0,1259,5151,8,0,40,1,0,0,1,0
1308206,2,2022,2022,10,6,7,330,23,293,112,0,1,10,-33.946199,151.240162,59,0,2,1,1,0,3,4,2,2,7,60,2,6545,6545,4,0,36,4,0,0,1,1
1308210,4,2022,2022,10,5,7,3371,17,21,3342,0,1,2,-28.601522,153.545615,10,1,0,1,0,0,0,0,2,0,7,100,2,4026,4026,8,5,40,1,0,1,0,0
1308211,2,2022,2022,9,6,5,346,17,106,332,0,1,1,-28.861036,153.078862,60,1,0,0,0,0,0,0,2,0,7,100,2,1259,5151,8,9,40,1,0,0,1,0
1308212,2,2022,2022,9,6,3,57,31,532,30,0,1,10,-33.878094,151.207429,69,0,2,1,1,0,0,0,2,2,7,40,1,1220,1220,9,5,28,2,0,0,1,0
1308213,4,2022,2022,11,3,8,1052,14,56,928,0,1,3,-32.99545,151.514179,37,0,2,1,1,0,0,0,2,0,7,110,2,4026,4026,8,0,40,1,0,1,0,0
1308216,4,2022,2022,9,2,5,149,36,13,113,0,1,1,-32.394867,152.307588,43,2,1,0,0,0,0,0,2,0,7,80,1,1850,1463,5,16,40,1,0,1,0,0
1308219,2,2022,2022,2,0,1,2,10,13,34609,0,1,1,-35.785794,150.227024,23,2,1,0,2,0,0,0,0,0,7,50,0,2585,4009,8,5,40,1,0,0,3,1
1308221,2,2022,2022,9,3,7,2,27,3,34609,0,1,1,-32.682809,150.978334,64,1,0,1,0,0,0,0,2,0,7,100,0,1945,1945,5,16,40,1,0,0,1,0
1308222,4,2022,2022,9,0,8,280,10,314,82,0,1,10,-33.851301,150.92543,24,0,2,1,1,0,0,0,2,0,2,60,1,6545,6545,4,30,13,2,0,1,1,0
1308226,4,2022,2022,9,2,8,3,31,251,34609,0,1,1,-33.78484,150.939043,7,0,2,1,1,0,0,0,2,0,7,50,0,9859,9859,8,5,40,1,0,2,0,1
1308227,1,2022,2022,10,3,5,330,23,35,39,1,0,10,-33.963484,151.2459,59,0,2,1,1,0,3,4,2,0,15,60,2,6545,6545,4,5,5,2,0,0,0,1
1308230,2,2022,2022,10,2,8,3371,23,147,34609,0,1,1,-33.755058,151.289115,50,0,2,1,1,0,3,4,2,0,7,40,0,238,238,9,10,26,2,0,0,1,0
1308231,4,2022,2022,9,5,5,3371,17,63,3342,0,1,2,-28.175635,153.51165,72,1,0,1,1,0,0,0,2,0,7,100,2,1282,1282,1,29,5,2,0,1,0,0
1308232,4,2022,2022,9,2,4,481,17,96,483,0,1,1,-33.325045,148.059836,51,1,0,1,0,0,0,0,2,0,7,110,2,1945,1945,5,16,40,1,0,1,0,0
1308234,4,2022,2022,9,3,6,361,32,460,42,0,1,9,-33.847164,150.989761,21,0,2,1,0,0,0,0,2,0,7,50,1,2040,2040,9,21,28,2,0,1,0,0
1308235,2,2022,2022,2,4,3,85,31,219,34609,0,1,9,-32.901558,151.672639,48,0,2,1,3,0,0,0,2,0,7,60,0,9859,9859,8,5,40,1,0,0,1,0
1308237,4,2022,2022,10,4,3,31,31,90,34609,0,1,7,-28.237527,153.55937,72,2,1,1,3,0,3,6,2,0,0,50,0,926,926,4,16,13,2,0,1,0,0
1308238,1,2022,2022,2,0,5,8,27,77,44,0,1,1,-33.721433,151.083639,31,0,2,1,3,0,0,0,2,0,7,60,1,14295,14295,3,5,0,2,0,0,0,1
1308243,2,2022,2022,2,1,7,2209,17,157,2205,0,1,9,-34.012805,151.094293,68,0,2,1,3,0,0,0,2,0,7,70,2,4026,4026,8,5,40,1,0,0,1,0
1308245,2,2022,2022,9,2,2,11,10,134,181,0,1,2,-33.889795,151.243502,76,0,2,0,3,0,0,0,1,0,7,80,2,2585,4009,8,0,40,1,0,0,1,0
1308248,1,2022,2022,2,6,6,1,31,102,34609,0,1,9,-31.115243,150.9126,70,2,1,1,3,0,0,0,2,0,0,50,0,1669,1669,3,5,5,2,0,0,0,2
1308249,1,2022,2022,9,5,7,485,27,154,769,0,1,9,-33.713725,150.95942,71,0,2,1,3,0,0,0,2,2,7,60,2,256,256,4,9,5,2,0,0,0,1
1308250,1,2022,2022,2,5,9,125,27,290,103,0,1,10,-33.863022,151.006226,21,0,2,1,3,0,0,0,3,2,7,60,1,14295,14295,3,5,5,2,0,0,0,1
1308253,1,2022,2022,2,4,3,18,27,22,34609,0,1,7,-36.050698,146.917324,0,2,1,1,3,0,0,0,1,0,7,50,0,9859,9859,8,34,40,1,0,0,0,1
1308255,1,2022,2022,9,2,4,2,27,4,34609,0,1,1,-36.15517,149.508828,65,1,0,1,3,2,0,0,2,0,7,100,0,1945,1945,5,16,40,1,0,0,0,1
1308256,1,2022,2022,2,3,10,5,27,57,41,0,1,1,-33.673534,151.139537,31,0,2,0,3,2,0,0,0,0,7,80,2,273,957,5,16,40,1,0,0,0,1
1308261,2,2022,2022,9,0,11,2,27,5,34609,0,1,1,-35.003905,146.533057,51,1,0,1,0,0,0,0,0,0,7,100,0,475,475,5,10,40,1,0,0,1,0
1308265,2,2022,2022,9,2,5,171,27,64,369,0,1,9,-33.691456,150.727881,55,0,2,1,1,0,0,0,2,0,15,80,2,2852,2852,4,5,5,2,0,0,1,0
1308266,2,2022,2022,9,4,3,39,31,193,145,0,1,9,-33.792473,151.082174,61,0,2,1,0,0,0,0,2,0,15,60,2,2040,2040,9,21,28,2,0,0,1,0
1308267,1,2022,2022,2,5,5,191,27,309,208,0,1,1,-33.813193,151.105268,61,0,2,1,3,0,0,0,2,0,7,60,2,1981,1981,4,0,5,2,0,0,0,1
1308270,4,2022,2022,2,4,8,481,17,7,483,0,1,1,-31.369865,149.273129,51,1,0,1,0,0,0,0,2,0,7,100,2,3775,3775,0,0,2,2,0,2,1,0
1308271,4,2022,2022,9,5,5,17,27,31,17,0,1,1,-35.150693,148.119204,20,1,0,0,0,0,0,0,2,0,7,100,2,3775,3775,0,16,13,2,0,1,1,0
1308274,1,2022,2022,9,5,5,3371,17,149,3342,0,1,7,-33.356171,151.369359,16,2,2,1,3,0,0,0,2,0,0,60,2,14295,14295,3,33,36,2,0,0,0,1
1308277,1,2022,2022,9,0,9,60,10,121,84,0,1,10,-28.194812,153.542714,72,2,1,1,0,0,0,0,2,2,7,60,1,1220,1220,9,10,28,2,0,0,0,1
1308278,2,2022,2022,9,3,9,6,27,18,34609,0,1,1,-34.247438,146.179562,28,1,0,0,0,0,0,0,2,0,7,100,0,1089,1089,7,16,40,1,0,0,1,0
1308279,2,2022,2022,9,0,9,59,10,14,231,0,1,1,-33.495872,151.391724,16,2,2,0,0,0,0,0,3,0,7,70,2,3775,3775,0,5,36,2,0,0,2,0
1308285,1,2022,2022,2,2,5,18,31,201,34609,0,1,9,-34.875563,150.602845,63,2,1,1,3,0,0,0,2,0,7,50,0,941,941,1,0,19,2,0,0,0,1
1308287,1,2022,2022,2,3,5,67,27,210,55,0,1,5,-34.029904,151.1055,68,0,2,1,3,0,3,3,2,2,7,60,2,14295,14295,3,0,5,2,0,0,0,1
1308289,4,2022,2022,10,3,4,12,31,98,34609,0,1,1,-33.74161,151.07698,31,0,2,0,0,0,0,0,2,0,7,50,0,1850,1463,5,22,40,1,0,1,0,0
1308290,1,2022,2022,2,4,5,68,27,175,208,0,1,2,-33.771552,151.081252,54,0,2,1,3,0,0,0,2,0,7,60,2,14295,14295,3,5,5,2,0,0,0,1
1308295,2,2022,2022,2,3,6,265,17,123,193,0,1,10,-33.881704,148.643363,51,1,0,1,0,0,0,0,2,0,7,100,2,1945,1945,5,5,40,1,0,0,1,1
1308298,2,2022,2022,9,5,9,19,31,30,34609,0,1,1,-30.096595,145.943565,51,2,1,0,0,2,0,0,2,0,7,50,0,1850,1463,5,10,40,1,0,0,1,0
1308299,4,2022,2022,2,4,2,3371,17,49,3342,0,1,10,-33.199432,151.522604,16,2,2,1,1,0,0,0,1,2,7,80,1,5929,5929,1,16,5,2,0,1,0,0
1308300,4,2022,2022,9,4,4,19,31,159,34609,0,1,1,-33.797745,151.067071,61,0,2,0,1,0,0,0,2,0,14,50,0,368,368,9,5,28,2,0,1,0,0
1308301,1,2022,2022,2,2,11,72,27,82,102,1,0,10,-33.794571,151.257957,50,0,2,1,2,0,0,0,0,2,7,60,2,14295,14295,3,5,19,2,0,0,0,1
1308302,1,2022,2022,2,1,10,6,27,89,13,0,1,1,-33.682467,150.764491,55,0,2,1,1,0,0,0,0,0,7,70,1,9859,9859,8,0,40,1,0,0,0,1
1308303,4,2022,2022,9,3,8,1052,14,13,928,0,1,3,-33.696525,151.120295,36,0,2,1,1,0,3,0,2,0,7,110,2,1383,1383,1,0,5,2,0,1,1,0
1308305,4,2022,2022,10,4,8,107,22,210,121,0,1,9,-34.030618,151.110542,68,0,2,1,1,0,0,0,2,0,7,60,1,5929,5929,1,5,19,2,0,1,0,0
1308310,2,2022,2022,2,1,8,54,27,65,34609,0,1,1,-33.70857,151.295085,50,0,2,1,0,0,0,0,2,0,7,50,0,1109,787,1,5,19,2,0,0,1,0