Crash ID,Degree of crash - detailed,Reporting year,Year of crash,Month of crash,Day of week of crash,Two-hour intervals,Street of crash,Street type,Town,Route no.,School zone location,School zone active,Type of location,Latitude,Longitude,LGA,Urbanisation,Conurbation 1,Alignment,Street lighting,Road surface,Surface condition,Weather,Natural lighting,Signals operation,Other traffic control,Speed limit,Road classification,RUM - code,DCA - code,First impact type,Key TU type,Other TU type,No. of traffic units involved,No. killed,No. seriously injured,No. moderately injured,No. minor-other injured
1308312,4,2022,2022,2,5,8,829,27,125,770,0,1,9,-33.822655,151.12173,61,0,2,1,1,0,0,0,2,2,7,60,2,5929,5929,1,10,19,2,0,1,0,0
1308316,2,2022,2022,1,1,7,387,27,290,331,0,1,11,-33.943112,151.130218,4,0,2,0,1,0,0,0,2,0,7,60,2,1192,1192,1,16,0,2,0,0,1,0
1308317,4,2022,2022,2,1,8,59,27,271,42,0,1,9,-33.958488,151.016632,15,0,2,1,1,0,0,0,2,2,7,60,1,14295,14295,3,5,0,3,0,1,1,0
1308318,1,2022,2022,9,4,7,128,27,26,133,0,1,2,-33.773549,150.669184,55,0,2,1,1,0,3,0,2,0,7,60,2,14295,14295,3,9,0,2,0,0,0,1
1308319,2,2022,2022,9,6,7,478,17,128,480,0,1,9,-33.427715,151.321609,16,2,2,1,0,0,3,4,2,2,7,70,2,1981,1981,4,10,5,2,0,0,1,0
1308320,4,2022,2022,9,1,4,32,27,35,5,0,1,2,-33.817123,151.201579,77,0,2,0,1,0,0,0,2,0,7,60,1,4552,5151,8,16,40,1,0,1,0,0
1308323,2,2022,2022,2,0,8,34,10,7,40,0,1,1,-35.823544,150.181654,23,2,1,1,0,0,0,0,2,0,0,80,1,1981,1981,4,34,5,2,0,0,1,1
1308324,2,2022,2022,10,1,10,45,27,80,34609,0,1,10,-33.814805,151.166483,38,0,2,1,2,0,0,0,2,2,7,50,0,5929,5929,1,0,19,2,0,0,1,0
1308325,4,2022,2022,2,5,3,43,27,70,148,0,1,1,-32.908727,151.717971,48,0,2,1,1,0,0,0,2,0,7,60,1,9859,9859,1,0,5,2,0,1,0,0
1308326,2,2022,2022,2,6,4,77,31,163,69,0,1,10,-33.863852,151.10079,14,0,2,1,1,0,0,0,2,0,7,60,2,941,941,1,9,5,2,0,0,1,0
1308328,2,2022,2022,2,1,5,60,27,101,262,0,1,2,-32.90233,151.619815,37,0,2,1,1,0,0,0,2,0,7,90,2,14295,14295,3,0,13,4,0,0,1,0
1308332,4,2022,2022,9,6,8,6,27,19,34609,0,1,1,-33.409531,149.920179,40,1,0,1,0,0,0,0,2,0,7,100,0,340,340,9,9,28,2,0,1,0,0
1308334,4,2022,2022,9,3,11,5,27,210,34609,0,1,1,-34.032754,151.113974,68,0,2,1,2,0,3,4,0,0,7,50,0,9859,9859,1,0,3,4,0,1,0,0
1308337,4,2022,2022,9,6,7,42,36,35,34609,0,1,1,-30.523038,153.001791,6,2,1,0,0,0,0,0,2,0,7,80,0,1957,4009,8,0,40,1,0,1,0,0
1308338,4,2022,2022,11,4,4,68,27,110,67,0,1,1,-33.790399,151.00315,54,0,2,1,1,0,0,0,2,0,7,60,1,1981,1981,4,5,0,2,0,1,0,0
1308343,4,2022,2022,10,2,5,95,31,11,59,0,1,1,-33.866397,151.060791,21,0,2,1,1,0,0,0,2,0,7,60,1,1981,1981,4,5,0,2,0,1,0,0
1308345,4,2022,2022,9,6,4,74,23,100,260,0,1,2,-33.957764,151.157784,4,0,2,1,0,0,0,0,2,0,7,60,2,387,387,1,22,10,2,0,1,0,0
1308350,1,2022,2022,6,5,4,2261,17,70,2252,0,1,9,-34.696835,150.023001,26,1,0,0,0,0,0,0,2,0,0,110,2,2852,2852,4,9,5,2,0,0,0,1
1308358,4,2022,2022,9,0,8,1052,14,118,928,0,1,3,-33.420743,151.289704,16,2,2,1,0,0,3,4,2,0,7,70,2,14295,14295,3,16,12,2,0,1,0,0
1308359,2,2022,2022,9,6,6,128,27,74,133,0,1,9,-33.769145,150.676516,55,0,2,0,1,0,0,0,2,2,7,60,2,5929,5929,1,5,5,2,0,0,2,1
1308360,1,2022,2022,1,4,3,9,27,56,40,0,1,1,-33.408327,149.179187,52,1,0,1,3,0,0,0,4,0,7,100,1,1089,1089,7,5,40,1,0,0,0,1
1308361,1,2022,2022,2,0,4,2,31,55,34609,0,1,1,-33.740071,150.916183,7,0,2,1,3,0,0,0,2,0,7,50,0,14295,14295,3,5,0,2,0,0,0,1
1308363,1,2022,2022,2,5,7,69,31,445,59,0,1,7,-33.864731,151.047897,21,0,2,1,3,0,0,0,2,0,0,60,1,623,623,3,10,5,2,0,0,0,1
1308370,4,2022,2022,9,6,8,7,31,85,34609,0,1,10,-32.935115,151.724512,48,0,2,1,1,0,0,0,2,0,15,50,0,6545,6545,4,0,5,2,0,1,0,0
1308374,2,2022,2022,11,4,8,162,31,65,122,0,1,2,-34.497719,150.888982,80,0,2,0,2,0,3,4,3,0,7,80,2,14295,14295,3,10,0,4,0,0,1,0
1308378,2,2022,2022,2,4,7,866,17,278,793,0,1,9,-33.777714,151.051952,54,0,2,1,1,0,0,0,2,2,7,60,2,395,395,1,5,36,2,0,0,1,0
1308379,2,2022,2022,9,3,10,344,1,161,34609,0,1,1,-33.709502,151.174546,36,0,2,1,2,0,3,4,0,0,7,50,0,9859,9859,8,0,40,1,0,0,1,0
1308382,2,2022,2022,2,5,10,87,1,225,19,0,1,9,-33.798762,151.180744,77,0,2,1,2,0,0,0,3,2,9,40,1,1945,1945,5,16,40,1,0,0,1,0
1308385,1,2022,2022,9,4,7,251,27,115,212,0,1,9,-33.754599,151.222844,50,0,2,1,1,0,0,0,2,0,0,70,1,14295,14295,3,0,5,3,0,0,0,1
1308388,2,2022,2022,9,0,8,84,27,125,32,0,1,9,-33.823811,151.13165,61,0,2,1,0,0,0,0,2,0,7,60,1,1945,1945,5,15,40,1,0,0,1,0
1308389,1,2022,2022,9,3,6,19,31,21,34609,1,0,10,-34.506277,144.841538,51,2,1,1,3,0,0,0,2,0,0,50,0,6545,6545,4,0,13,2,0,0,0,2
1308392,2,2022,2022,2,4,6,3,31,37,34609,1,0,0,-33.900355,151.257115,76,0,2,1,1,0,0,0,2,0,7,50,0,340,340,9,5,28,2,0,0,1,0
1308399,1,2022,2022,2,0,7,3371,17,139,3342,0,1,10,-33.841648,151.209882,49,0,2,0,3,0,0,0,2,3,7,60,2,1669,1669,3,5,5,2,0,0,0,1
1308401,1,2022,2022,2,5,7,2126,17,125,2149,0,1,9,-33.864469,151.083488,67,0,2,1,3,0,0,0,2,1,7,60,2,5929,5929,1,5,19,2,0,0,0,1
1308402,2,2022,2022,2,5,2,344,27,4,157,0,1,1,-29.65142,152.931808,18,2,1,0,0,0,0,0,0,0,7,80,2,380,714,5,10,40,1,0,0,1,0
1308404,2,2022,2022,9,4,5,15,27,9,34609,0,1,9,-29.796479,150.922633,33,1,0,0,0,0,0,0,2,0,7,100,0,782,957,5,16,40,1,0,0,1,0
1308408,1,2022,2022,11,4,4,7,31,316,34609,0,1,1,-31.432173,152.908348,56,2,1,1,1,0,0,0,2,0,7,50,0,368,368,9,9,28,3,0,0,0,1
1308409,2,2022,2022,2,4,3,829,27,159,770,0,1,9,-33.806059,151.079223,61,0,2,1,1,0,0,0,2,0,7,70,2,2040,2040,9,5,28,2,0,0,1,0
1308416,4,2022,2022,9,0,4,11,27,92,34609,0,1,1,-33.409413,151.362755,16,2,2,1,1,0,0,0,2,0,7,50,0,9859,9859,1,5,13,2,0,1,0,0
1308418,2,2022,2022,2,1,4,42,31,82,118,0,1,9,-31.073898,150.913462,70,2,1,1,1,0,0,0,2,0,0,60,2,2852,2852,4,5,2,2,0,0,1,0
1308421,4,2022,2022,2,6,9,1104,14,71,962,0,1,3,-33.78447,150.69841,55,0,2,1,0,0,0,0,3,0,7,110,2,1282,1282,1,3,5,3,0,1,1,0
1308424,1,2022,2022,2,2,7,21,27,72,145,0,1,9,-33.798988,151.053939,54,0,2,1,1,0,0,3,2,0,7,70,2,591,591,1,22,13,2,0,0,0,1
1308426,2,2022,2022,11,0,11,57,27,58,75,0,1,1,-33.441898,151.295365,16,2,2,0,2,0,3,0,0,0,7,60,1,2585,4009,8,5,40,1,0,0,1,0
1308427,4,2022,2022,9,4,9,3371,17,143,3342,0,1,9,-33.704528,151.098742,31,0,2,0,1,0,0,0,2,2,7,60,2,1282,1282,1,16,0,2,0,1,0,0
1308428,2,2022,2022,2,1,4,39,27,5,43,0,1,1,-32.553229,149.633894,44,1,0,1,0,0,3,4,2,0,7,100,1,1109,787,1,5,5,2,0,0,1,1
1308430,4,2022,2022,10,3,0,475,31,252,75,0,1,10,-33.886517,151.208233,69,0,2,1,2,0,3,4,0,2,7,40,1,2040,2040,9,9,28,2,0,1,0,0
1308432,1,2022,2022,2,0,5,26,31,363,34609,0,1,10,-33.752919,150.700299,55,0,2,1,1,0,0,0,2,2,7,50,0,6545,6545,4,5,5,2,0,0,0,1
1308433,2,2022,2022,9,2,8,3371,17,24,3342,0,1,2,-29.674139,153.13092,18,1,0,1,0,0,0,0,2,0,7,110,2,4026,4026,8,0,40,1,0,0,1,0
1308436,2,2022,2022,10,2,11,43,27,56,87,0,1,9,-34.445998,150.875885,80,0,2,0,2,0,3,3,0,2,7,80,2,2852,2852,4,5,0,2,0,0,2,0
1308440,1,2022,2022,2,6,2,79,31,168,34609,0,1,1,-33.715679,150.838854,7,0,2,1,3,0,0,0,0,0,7,50,0,14295,14295,3,30,5,2,0,0,0,1
1308447,2,2022,2022,10,0,6,485,27,187,769,0,1,1,-33.773813,151.001142,54,0,2,1,0,0,0,0,2,0,7,60,2,1669,1669,3,21,5,2,0,0,1,2
1308452,4,2022,2022,10,0,8,40,10,56,174,0,1,10,-32.785884,151.347059,17,2,1,1,0,0,0,0,2,0,15,80,2,2852,2852,4,5,0,2,0,1,1,0
1308453,4,2022,2022,9,2,10,137,14,55,70,0,1,6,-32.845055,151.542316,17,2,1,0,2,0,3,4,0,0,7,40,2,2585,4009,8,0,40,1,0,1,0,0
1308457,4,2022,2022,9,3,1,478,17,78,480,0,1,1,-33.413763,151.45221,16,2,2,1,0,0,0,6,0,0,7,70,2,121,121,9,5,28,2,0,1,0,0
1308458,4,2022,2022,10,5,7,158,27,68,207,0,1,9,-33.878416,151.242147,81,0,2,0,1,0,0,0,2,2,7,60,2,2040,2040,9,22,28,2,0,1,0,1
1308460,4,2022,2022,10,6,8,829,27,149,770,0,1,10,-33.865306,151.172174,32,0,2,1,1,0,0,0,2,2,7,60,2,1282,1282,1,5,19,2,0,1,0,0
1308461,1,2022,2022,2,2,7,8,31,69,34609,0,1,1,-33.358461,151.489801,16,2,2,1,1,0,0,0,2,0,7,50,0,9859,9859,1,5,5,2,0,0,0,1
1308462,2,2022,2022,9,5,7,829,27,124,770,0,1,10,-33.813368,151.049322,54,0,2,1,1,0,0,0,2,0,15,70,2,1282,1282,1,9,0,2,0,0,1,0
1308463,2,2022,2022,2,0,4,232,36,60,331,0,1,2,-34.036721,150.745706,12,0,2,0,1,0,0,0,2,0,7,80,2,1957,4009,8,0,40,1,0,0,1,0
1308464,2,2022,2022,2,3,7,89,31,532,34609,0,1,10,-33.870882,151.205527,69,0,2,1,1,0,0,0,2,2,9,40,0,2040,2040,9,33,28,2,0,0,1,0
1308465,2,2022,2022,2,5,8,41,27,137,80,0,1,7,-32.974869,151.678617,37,0,2,1,1,0,0,0,2,0,0,60,1,14295,14295,3,10,5,2,0,0,1,0
1308467,1,2022,2022,9,5,5,866,17,278,793,0,1,9,-33.779647,151.05229,54,0,2,0,1,0,0,0,2,2,7,60,2,14295,14295,3,9,5,2,0,0,0,1
1308469,1,2022,2022,2,0,4,73,27,387,13,0,1,1,-33.923415,151.183984,4,0,2,1,0,0,0,0,2,0,7,50,2,340,340,9,5,28,2,0,0,0,1
1308475,4,2022,2022,2,1,6,125,31,438,44,0,1,9,-33.847141,151.030945,21,0,2,1,1,0,0,0,2,1,7,50,1,256,256,4,0,5,2,0,1,1,0
1308476,1,2022,2022,9,3,6,2,31,82,34609,0,1,1,-33.789599,151.267367,50,0,2,1,1,0,0,0,2,0,7,50,0,5929,5929,1,5,18,2,0,0,0,1
1308478,1,2022,2022,2,1,8,280,10,162,240,0,1,7,-33.850982,150.876747,24,0,2,0,1,0,0,0,2,0,0,60,2,1850,985,5,16,40,1,0,0,0,1
1308479,2,2022,2022,9,3,9,27,17,23,34609,0,1,1,-33.327709,151.388585,16,2,2,0,0,0,3,3,3,0,7,70,0,1259,5151,8,5,40,1,0,0,1,0
1308506,4,2022,2022,2,0,4,39,27,36,91,0,1,9,-33.929609,151.255763,59,0,2,1,0,0,0,0,2,0,7,50,1,1945,1945,5,15,40,1,0,1,0,0
1308507,4,2022,2022,10,6,4,22,27,25,228,0,1,1,-33.612072,150.842735,29,2,2,1,0,0,0,3,2,0,7,60,2,4552,985,8,0,40,1,0,1,1,0
1308508,2,2022,2022,2,3,5,109,36,8,108,0,1,1,-28.441637,153.484684,72,2,1,1,0,0,0,0,2,0,7,60,1,3775,3775,0,30,0,2,0,0,1,1
1308511,4,2022,2022,2,3,2,6,18,32,34609,0,1,1,-34.600459,150.55912,78,2,1,1,0,0,0,1,0,0,7,80,0,1089,1089,7,22,40,1,0,1,0,0
1308516,2,2022,2022,2,4,7,13,27,89,34609,0,1,9,-33.378727,151.471252,16,2,2,1,3,0,0,0,2,2,7,60,0,5929,5929,1,5,5,2,0,0,1,0
1308520,4,2022,2022,2,5,8,232,36,60,331,0,1,9,-34.037285,150.744861,12,0,2,1,1,0,0,0,2,2,7,80,2,5929,5929,1,5,12,2,0,2,1,0
1308521,1,2022,2022,9,6,5,222,31,131,212,0,1,9,-33.786438,151.182507,36,0,2,1,1,0,0,0,2,0,7,60,2,323,323,1,16,0,2,0,0,0,1
1308522,1,2022,2022,11,5,9,52,27,106,53,0,1,10,-33.925921,151.097115,15,0,2,1,2,0,0,0,3,2,7,50,1,14295,14295,3,9,5,3,0,0,0,1
1308524,4,2022,2022,2,0,8,54,27,61,49,0,1,10,-32.9287,151.731758,48,0,2,1,1,0,0,0,2,0,15,60,1,6545,6545,4,5,36,2,0,1,0,0
1308525,4,2022,2022,9,1,8,168,10,387,260,0,1,2,-33.945924,151.179243,4,0,2,1,2,0,0,0,2,0,7,70,2,1282,1282,1,9,27,2,0,1,0,0
1308527,4,2022,2022,2,5,7,222,27,39,34609,0,1,1,-32.907973,151.57553,37,0,2,1,0,2,0,0,2,0,7,70,0,9859,9859,8,10,40,1,0,2,0,0
1308530,1,2022,2022,2,1,3,1,31,314,34609,0,1,7,-33.84586,150.938675,21,0,2,1,0,0,0,0,2,0,0,60,0,14295,14295,3,5,5,2,0,0,0,1
1308531,4,2022,2022,2,6,5,1,31,56,308,0,1,9,-31.457356,152.733325,56,2,1,1,1,0,0,0,2,0,7,50,2,2040,2040,9,5,28,2,0,1,0,0
1308532,2,2022,2022,2,0,6,1,27,19,34609,0,1,1,-33.922183,150.595274,79,2,2,1,0,0,0,0,2,0,7,80,0,4026,4026,8,0,40,1,0,0,1,0
1308535,1,2022,2022,11,6,4,64,27,175,284,0,1,9,-33.771382,151.079234,54,0,2,1,3,0,0,0,2,0,7,60,2,1391,1391,1,30,0,2,0,0,0,1
1308536,1,2022,2022,5,6,5,3371,17,15,3342,0,1,2,-29.516967,153.198568,18,1,0,0,3,0,0,0,2,0,7,110,2,1259,5151,8,0,40,1,0,0,0,1
1308541,4,2022,2022,2,4,5,13,31,54,34609,0,1,1,-33.091419,151.634199,37,0,2,1,1,0,0,0,2,0,7,50,0,9859,9859,8,5,40,1,0,1,0,0
1308552,1,2022,2022,2,1,9,6,27,71,34609,0,1,9,-33.835766,150.975252,21,0,2,1,3,0,0,0,0,0,7,50,0,9859,9859,8,9,40,1,0,0,0,1
1308563,1,2022,2022,2,4,7,13,1,91,34609,0,1,10,-32.800442,151.653254,48,0,2,1,1,0,0,0,2,0,15,50,0,6545,6545,4,0,5,2,0,0,0,1
1308569,1,2022,2022,2,6,8,1104,14,125,962,0,1,3,-33.861251,151.080183,67,0,2,1,3,0,0,0,2,0,7,80,2,14295,14295,3,29,5,2,0,0,0,1
1308575,2,2022,2022,2,3,10,48,10,463,32,0,1,7,-30.303272,153.123895,19,2,1,1,2,0,0,0,3,0,0,50,1,14295,14295,3,30,13,2,0,0,1,0
1308576,2,2022,2022,2,3,3,78,17,23,58,0,1,1,-35.026758,149.016944,82,1,0,1,0,0,0,0,2,0,7,100,2,1089,1089,7,5,40,1,0,0,1,0
1308577,2,2022,2022,9,1,8,478,17,50,480,0,1,1,-33.234919,151.55772,16,2,2,0,1,0,0,0,2,0,7,50,2,4552,5151,8,0,40,1,0,0,1,0
1308578,4,2022,2022,2,5,5,4,27,155,34609,0,1,1,-33.498707,151.316483,16,2,2,1,1,0,0,0,2,0,7,50,0,4026,4026,8,5,40,1,0,1,0,0
1308580,4,2022,2022,9,0,7,11,27,9,34609,0,1,1,-28.425375,153.381125,72,1,0,0,0,0,0,0,2,0,7,100,0,418,714,5,0,40,1,0,1,0,0
1308581,4,2022,2022,5,3,6,330,23,293,112,0,1,10,-33.94003,151.238741,59,0,2,1,1,0,0,0,2,2,7,50,2,1945,1945,5,16,40,1,0,1,0,0
1308582,1,2022,2022,2,0,8,178,27,293,101,0,1,1,-33.933902,151.055809,15,0,2,1,0,0,0,0,2,0,7,50,1,1981,1981,4,5,19,3,0,0,0,1
1308585,2,2022,2022,9,4,11,2126,17,136,2149,0,1,10,-33.8599,151.07286,67,0,2,1,2,0,0,3,0,2,7,60,2,14295,14295,3,5,5,4,0,0,1,0
1308586,2,2022,2022,5,0,8,2209,17,51,2205,0,1,9,-34.474512,150.812119,80,0,2,1,1,0,0,0,2,0,0,60,1,6545,6545,4,5,5,2,0,0,1,1
1308587,2,2022,2022,2,6,9,22,1,155,34609,0,1,1,-33.500689,151.307605,16,2,2,1,1,0,0,0,2,0,7,50,0,1945,1945,5,13,40,1,0,0,1,0
1308590,2,2022,2022,2,4,5,51,31,77,34609,0,1,10,-30.332035,149.786919,51,2,1,1,1,0,0,0,2,0,0,50,0,6545,6545,4,10,13,2,0,0,2,0
1308592,4,2022,2022,2,2,6,44,31,90,34609,0,1,1,-32.921203,151.747471,48,0,2,1,1,0,0,0,2,0,7,40,0,1220,1220,9,5,28,2,0,1,0,0
1308593,4,2022,2022,2,6,7,175,27,55,220,0,1,9,-33.749401,150.915969,7,0,2,1,1,0,0,0,2,2,7,70,2,5929,5929,1,5,5,2,0,1,0,0
1308594,4,2022,2022,9,0,5,19,31,5,174,1,0,1,-32.858753,151.395575,17,2,1,1,1,0,0,0,2,0,7,60,2,4552,5151,8,16,40,1,0,1,0,0
1308596,2,2022,2022,10,2,2,4,10,168,34609,0,1,1,-33.691022,150.818852,7,0,2,1,1,0,0,0,1,0,7,50,0,9859,9859,1,5,0,2,0,0,1,0
1308597,4,2022,2022,2,2,6,127,27,135,103,0,1,1,-32.899093,151.73887,48,0,2,1,1,0,3,0,2,0,7,60,1,340,340,9,33,28,2,0,1,0,0
1308603,2,2022,2022,2,2,3,132,31,174,126,1,0,9,-33.889737,151.206539,69,0,2,1,2,0,0,0,2,0,6,50,2,2040,2040,9,5,28,2,0,0,1,0
1308604,4,2022,2022,2,4,6,3371,17,22,3342,0,1,2,-31.899965,152.532032,43,2,1,1,1,0,0,0,2,0,7,40,2,9859,9859,1,5,12,2,0,1,0,0
1308607,4,2022,2022,9,4,8,49,27,246,321,0,1,10,-33.896921,151.198304,69,0,2,1,1,0,0,0,3,2,7,50,2,1282,1282,1,15,5,2,0,1,0,0
1308609,4,2022,2022,9,3,10,5,31,201,34609,0,1,9,-34.892126,150.613459,63,2,1,1,2,0,0,0,3,0,7,50,0,30,30,9,16,28,2,0,1,0,1
1308611,4,2022,2022,9,5,8,19,27,100,34609,0,1,1,-33.890551,150.900747,24,0,2,1,0,0,0,0,2,0,7,60,0,368,368,9,0,28,2,0,1,0,0
1308616,2,2022,2022,2,3,3,866,17,149,793,0,1,9,-33.81647,150.963272,21,0,2,1,1,0,0,0,1,2,4,70,2,5929,5929,1,10,5,2,0,0,2,0
1308620,1,2022,2022,9,5,8,1104,14,460,962,0,1,3,-33.825403,150.990729,54,0,2,1,3,0,0,0,2,0,7,90,2,14295,14295,3,5,5,2,0,0,0,1
1308641,1,2022,2022,2,6,7,76,27,85,148,0,1,9,-32.933594,151.721558,48,0,2,1,3,0,0,0,2,0,7,60,1,5929,5929,1,10,5,2,0,0,0,2
1308642,4,2022,2022,9,2,11,81,31,646,80,0,1,10,-33.916107,151.014038,15,0,2,0,2,0,0,0,0,2,7,60,1,6545,6545,4,5,0,2,0,2,2,0
1308650,2,2022,2022,2,3,9,71,17,61,71,0,1,10,-35.529798,144.956935,51,2,1,1,3,0,0,0,0,0,0,50,2,301,301,4,5,5,2,0,0,2,0
1308651,1,2022,2022,2,4,7,2209,17,176,2205,1,0,2,-33.964506,151.137184,4,0,2,1,3,0,0,0,2,0,7,60,2,14295,14295,3,5,36,2,0,0,0,1
1308653,1,2022,2022,2,2,10,2126,17,147,2149,1,0,9,-33.871212,151.121891,14,0,2,1,3,0,3,4,0,2,7,60,2,14295,14295,3,5,0,2,0,0,0,1
1308656,2,2022,2022,9,2,10,9,27,72,44,0,1,9,-33.828919,151.219785,49,0,2,0,2,0,3,0,0,2,7,50,1,1850,1463,5,16,40,1,0,0,1,0
1308657,2,2022,2022,9,0,4,13,27,6,34609,0,1,1,-35.605065,149.797225,58,1,0,0,0,0,0,0,2,0,7,100,0,4552,5151,8,8,40,1,0,0,1,0
1308658,4,2022,2022,2,1,9,118,27,646,118,0,1,9,-33.931454,151.028809,15,0,2,1,0,0,0,0,2,0,0,60,1,591,591,1,22,5,2,0,1,0,0
1308659,4,2022,2022,2,0,7,13,31,127,30,0,1,10,-33.898342,151.155771,32,0,2,1,0,0,0,0,2,0,0,50,1,6545,6545,4,5,5,2,0,1,0,0
1308660,1,2022,2022,2,6,9,92,31,225,34609,0,1,1,-33.790462,151.198129,77,0,2,1,0,0,0,0,3,0,7,50,0,1282,1282,1,0,18,2,0,0,0,1
1308663,4,2022,2022,2,5,4,2209,17,40,2205,0,1,1,-35.074759,150.560728,63,2,1,0,0,0,0,0,2,0,7,80,2,3775,3775,0,34,0,4,0,1,2,0
1308668,1,2022,2022,9,2,5,37,27,58,34609,0,1,1,-33.252004,151.397574,16,2,2,0,0,0,0,0,2,0,7,80,0,1850,1463,5,16,40,1,0,0,0,1
1308671,4,2022,2022,2,5,6,117,1,115,121,0,1,2,-34.036993,151.079331,68,0,2,1,0,0,0,0,2,0,7,60,1,14295,14295,3,5,13,2,0,1,0,1
1308673,2,2022,2022,2,4,5,1,1,84,34609,0,1,9,-33.894857,151.267278,76,0,2,1,1,0,0,0,2,0,7,50,0,395,395,1,5,18,2,0,0,1,0
1308675,2,2022,2022,2,3,5,361,23,253,165,0,1,9,-33.968891,151.102004,25,0,2,1,1,0,0,0,2,2,7,50,1,2852,2852,4,5,5,2,0,0,1,0
1308679,2,2022,2022,9,0,6,2209,17,59,2205,0,1,1,-34.32169,150.894889,80,0,2,0,0,0,0,0,2,0,7,20,2,2585,4009,8,8,40,1,0,0,1,0
1308681,1,2022,2022,9,5,11,147,27,104,605,0,1,10,-33.830405,151.219489,49,0,2,1,0,0,0,0,0,2,9,60,2,2040,2040,9,33,28,2,0,0,0,1
1308683,1,2022,2022,5,0,4,128,27,26,133,0,1,2,-33.773549,150.669184,55,0,2,1,1,0,0,0,2,2,9,60,2,14295,14295,3,5,5,2,0,0,0,2
1308686,4,2022,2022,9,4,3,361,7,65,22,0,1,1,-33.381688,151.358474,16,2,2,0,0,0,0,0,2,0,7,60,1,1383,1383,1,22,0,2,0,1,0,0
1308689,4,2022,2022,9,6,5,147,27,224,605,0,1,9,-33.827869,151.230863,45,0,2,0,0,0,0,0,2,0,7,60,2,3775,3775,0,10,0,2,0,1,1,1
1308691,2,2022,2022,2,4,7,475,31,80,75,0,1,9,-33.880439,151.208864,69,0,2,1,1,0,0,3,2,2,7,40,1,1383,1383,1,5,5,2,0,0,1,0
1308693,2,2022,2022,2,4,7,5,31,204,34609,0,1,9,-33.897466,150.939893,24,0,2,1,0,0,0,0,2,0,7,50,0,1669,1669,3,33,5,2,0,0,1,0
1308696,4,2022,2022,2,3,3,4,27,30,34609,0,1,7,-34.044741,150.763468,12,0,2,1,1,0,0,0,1,0,0,60,0,4026,4026,8,0,40,4,0,1,1,0
1308700,4,2022,2022,2,4,6,196,10,166,168,0,1,9,-33.934659,150.976743,15,0,2,0,1,0,0,0,2,0,7,60,2,4552,985,8,5,40,1,0,1,0,0
1308701,2,2022,2022,2,4,8,481,17,10,483,0,1,1,-32.966305,148.229731,53,1,0,1,0,0,3,4,2,0,7,110,2,3775,3775,0,10,0,2,0,0,2,0
1308703,4,2022,2022,2,4,6,8,10,93,34609,0,1,1,-33.392999,149.590023,3,2,1,0,1,0,0,0,2,0,7,60,0,4552,5151,8,10,40,1,0,1,0,0
1308704,1,2022,2022,2,1,7,35,27,47,36,0,1,1,-35.246939,149.426351,58,1,0,1,0,0,0,0,2,0,7,100,1,96,96,0,0,13,2,0,0,0,4
1308706,4,2022,2022,10,2,6,7,7,194,34609,0,1,9,-30.531602,151.67377,1,2,1,1,1,0,0,0,2,0,7,50,0,1669,1669,3,16,5,2,0,1,1,0
1308708,4,2022,2022,2,2,5,478,17,128,480,0,1,9,-33.427207,151.329651,16,2,2,1,1,0,0,0,2,0,7,70,2,5929,5929,1,0,36,2,0,2,1,0
1308709,4,2022,2022,9,1,7,2209,17,106,2205,0,1,9,-34.549808,150.786004,62,0,2,1,1,0,0,0,2,0,0,70,2,5929,5929,1,0,19,2,0,1,0,0
1308716,4,2022,2022,10,0,0,47,27,9,33,0,1,1,-32.428483,151.550786,51,2,1,1,0,0,0,0,0,0,7,50,1,9859,9859,8,10,40,1,0,1,0,0
1308717,4,2022,2022,10,4,4,4,27,4,34609,0,1,1,-33.566857,149.549996,3,1,0,0,0,0,0,0,2,0,7,100,0,2585,4009,8,5,40,1,0,1,0,0
1308718,1,2022,2022,10,6,9,90,36,10,102,0,1,1,-34.632717,148.56034,30,1,0,0,0,0,3,4,0,0,7,100,2,1957,4009,8,0,40,1,0,0,0,1
1308721,4,2022,2022,10,0,9,36,31,197,34609,0,1,9,-33.792781,151.130813,61,0,2,1,2,0,3,4,3,0,7,50,0,9859,9859,8,30,40,1,0,1,0,0
1308724,4,2022,2022,10,4,11,829,27,125,770,0,1,2,-33.821294,151.120101,61,0,2,1,2,0,3,4,0,0,7,60,2,368,368,9,0,28,3,0,1,1,0
1308725,4,2022,2022,9,2,5,2,27,130,34609,1,0,1,-34.458485,150.834938,80,0,2,1,1,0,0,0,2,0,7,50,0,1383,1383,1,22,5,2,0,1,1,0
1308726,2,2022,2022,10,2,5,2,1,155,34609,0,1,10,-33.504448,151.315903,16,2,2,1,0,0,0,0,2,0,0,50,0,775,775,4,16,0,2,0,0,1,0
1308727,4,2022,2022,10,1,6,11,1,193,34609,0,1,9,-33.787728,151.082216,54,0,2,1,1,0,0,0,2,0,15,50,0,4552,985,1,5,0,4,0,1,0,0
1308729,4,2022,2022,10,6,10,18,27,316,16,0,1,1,-33.919346,151.246706,59,0,2,0,2,0,0,0,0,0,7,50,1,3775,3775,0,5,12,2,0,1,0,1
1308731,4,2022,2022,9,4,6,265,17,6,193,0,1,1,-35.175332,147.271566,75,1,0,1,0,0,0,0,2,0,7,100,2,945,945,5,0,40,1,0,1,0,0
1308734,1,2022,2022,2,3,8,9,27,1,45,0,1,1,-34.718672,149.153372,74,1,0,0,0,0,0,0,2,0,7,100,1,782,957,5,16,40,1,0,0,0,1