Crash ID,Degree of crash - detailed,Reporting year,Year of crash,Month of crash,Day of week of crash,Two-hour intervals,Street of crash,Street type,Town,Route no.,School zone location,School zone active,Type of location,Latitude,Longitude,LGA,Urbanisation,Conurbation 1,Alignment,Street lighting,Road surface,Surface condition,Weather,Natural lighting,Signals operation,Other traffic control,Speed limit,Road classification,RUM - code,DCA - code,First impact type,Key TU type,Other TU type,No. of traffic units involved,No. killed,No. seriously injured,No. moderately injured,No. minor-other injured
1308735,1,2022,2022,10,2,1,48,27,14,26,0,1,1,-34.857799,149.683762,26,1,0,1,0,0,3,4,0,0,7,100,2,9859,9859,8,29,40,1,0,0,0,1
1308736,4,2022,2022,9,3,9,177,22,87,176,0,1,9,-34.051697,151.154471,68,0,2,1,2,0,0,0,3,2,7,50,2,5929,5929,1,0,18,2,0,1,0,1
1308737,2,2022,2022,10,5,1,118,27,646,118,0,1,1,-33.913465,151.034803,15,0,2,1,2,0,0,0,0,0,7,60,1,9859,9859,8,5,40,1,0,0,1,0
1308738,4,2022,2022,9,2,5,15,31,169,147,0,1,1,-28.646664,153.612749,10,2,1,1,0,0,0,0,2,0,15,50,1,1981,1981,4,30,27,2,0,1,0,0
1308739,4,2022,2022,9,0,8,3371,17,137,3342,0,1,2,-32.958743,151.699087,37,0,2,0,1,0,0,0,2,0,7,60,2,4552,5151,8,5,40,1,0,1,0,0
1308742,4,2022,2022,9,4,9,2,10,7,34609,0,1,1,-33.976292,151.221896,59,0,2,1,0,0,0,0,2,0,7,40,0,1945,1945,5,16,40,1,0,1,0,0
1308744,2,2022,2022,9,1,0,916,17,165,917,0,1,1,-32.237308,150.903055,46,1,0,1,0,0,3,0,0,0,7,100,2,9859,9859,8,0,40,1,0,0,1,0
1308745,2,2022,2022,9,4,7,62,31,124,34609,1,2,1,-33.813407,151.0458,54,0,2,1,0,0,0,0,2,0,7,40,0,238,238,9,5,28,2,0,0,1,0
1308749,1,2022,2022,2,0,8,16,27,90,34609,0,1,7,-33.889633,151.247731,81,0,2,1,3,0,0,0,2,0,0,50,0,1391,1391,1,0,5,2,0,0,0,1
1308750,1,2022,2022,2,2,1,126,1,226,144,0,1,2,-33.775559,150.815284,7,0,2,1,3,0,0,0,0,0,7,60,2,4026,4026,8,0,40,1,0,0,0,1
1308751,1,2022,2022,2,4,9,230,27,197,284,0,1,9,-33.79266,151.13211,61,0,2,1,3,0,3,0,3,0,7,70,2,14295,14295,3,15,5,2,0,0,0,1
1308760,1,2022,2022,2,5,6,225,27,304,34609,0,1,1,-33.910073,151.156821,32,0,2,1,3,0,0,0,2,0,7,50,0,248,248,1,0,5,2,0,0,0,1
1308761,1,2022,2022,2,5,4,232,36,109,331,0,1,10,-33.953238,150.856049,41,0,2,1,3,0,0,0,2,2,15,70,2,14295,14295,3,33,5,2,0,0,0,1
1308767,2,2022,2022,9,1,1,39,27,169,34609,0,1,1,-33.78304,150.844201,7,0,2,1,2,0,0,0,0,0,7,50,0,9859,9859,1,5,13,3,0,0,1,0
1308768,1,2022,2022,2,3,6,163,27,24,165,0,1,9,-33.735284,150.836106,7,0,2,1,3,0,0,0,2,2,7,60,1,5929,5929,1,19,0,2,0,0,0,3
1308769,2,2022,2022,1,3,1,126,1,94,144,0,1,1,-33.785237,150.807174,55,0,2,1,2,0,3,0,0,0,7,70,2,9859,9859,8,9,40,1,0,0,1,0
1308770,1,2022,2022,2,3,6,105,17,223,136,0,1,7,-33.804355,150.915307,7,0,2,0,3,0,0,0,2,0,0,60,2,14295,14295,3,10,5,2,0,0,0,1
1308774,1,2022,2022,9,6,5,34,1,443,34609,0,1,1,-33.916078,151.058358,15,0,2,1,1,0,0,0,2,0,7,50,0,238,238,9,5,28,2,0,0,0,1
1308779,2,2022,2022,9,4,1,3371,17,463,3342,0,1,2,-30.279554,153.131822,19,2,1,0,2,0,0,0,0,0,7,60,2,186,186,1,30,35,2,0,0,1,0
1308783,4,2022,2022,9,2,8,1,9,47,34609,0,1,9,-28.845814,153.45676,2,2,1,1,0,0,0,0,2,0,7,40,0,9859,9859,1,16,40,2,0,1,0,0
1308785,2,2022,2022,2,4,9,87,27,98,34609,0,1,9,-33.744793,151.06088,31,0,2,1,0,0,0,0,3,0,0,50,0,2852,2852,4,9,5,2,0,0,1,0
1308788,2,2022,2022,2,1,6,168,17,18,212,0,1,1,-35.650594,150.145833,23,2,1,0,0,0,0,0,2,0,7,60,2,3775,3775,0,5,12,3,0,0,1,1
1308789,1,2022,2022,2,2,8,3371,17,119,3342,0,1,2,-32.755945,151.765415,57,1,0,1,0,0,0,0,2,0,7,110,2,4026,4026,8,5,40,1,0,0,0,2
1308795,2,2022,2022,2,5,8,512,17,433,441,0,1,1,-33.27431,149.086469,52,2,1,1,1,0,0,0,2,0,7,50,2,9859,9859,8,34,40,1,0,0,1,0
1308796,2,2022,2022,2,3,6,69,31,646,563,0,1,2,-33.920876,151.039477,15,0,2,1,1,0,0,0,2,0,7,70,2,9859,9859,8,5,40,1,0,0,1,0
1308801,1,2022,2022,11,1,3,2126,17,161,2149,0,1,9,-33.889414,151.150967,32,0,2,1,3,0,0,0,2,0,7,60,2,1192,1192,1,9,5,2,0,0,0,1
1308805,1,2022,2022,2,3,11,1052,14,58,928,0,1,3,-33.229016,151.421915,16,1,2,1,3,0,0,0,0,0,7,100,2,1089,1089,7,30,40,1,0,0,0,1
1308806,1,2022,2022,2,5,3,49,22,77,44,0,1,1,-33.730478,151.078944,31,0,2,1,3,0,0,0,2,0,7,50,1,9859,9859,1,30,5,2,0,0,0,1
1308809,4,2022,2022,9,4,9,43,2,92,42,0,1,2,-33.738319,150.950868,71,0,2,0,3,0,2,6,3,0,7,70,2,1220,1220,9,5,28,2,0,1,0,0
1308816,4,2022,2022,9,3,7,220,27,66,222,0,1,2,-33.712214,150.93359,7,0,2,1,1,0,0,0,2,0,7,80,2,14295,14295,3,16,5,2,0,1,0,0
1308819,1,2022,2022,2,0,8,1052,27,219,262,0,1,7,-32.903059,151.676571,48,0,2,0,3,0,0,0,2,2,0,60,2,6545,6545,4,5,5,2,0,0,0,1
1308820,2,2022,2022,2,1,7,829,27,363,770,0,1,2,-33.809148,151.009007,54,0,2,1,3,0,0,0,2,0,7,60,2,2040,2040,9,5,28,2,0,0,1,0
1308822,1,2022,2022,2,3,5,2,1,58,34609,0,1,9,-33.439167,151.295029,16,2,2,1,3,0,0,0,2,0,0,50,0,3775,3775,0,5,5,2,0,0,0,1
1308824,2,2022,2022,9,3,6,114,27,24,228,0,1,1,-33.540068,150.920246,71,0,2,0,0,0,0,0,2,0,7,80,2,4552,5151,8,16,40,1,0,0,1,0
1308825,2,2022,2022,9,3,10,112,27,29,769,0,1,1,-33.540473,150.637309,29,2,2,0,0,0,3,4,0,0,7,60,2,3775,3775,0,0,5,2,0,0,1,0
1308826,2,2022,2022,9,3,1,866,17,278,793,1,0,1,-33.785915,151.03282,54,0,2,1,2,0,3,4,0,0,7,60,2,3775,3775,0,5,5,2,0,0,1,1
1308828,2,2022,2022,10,2,8,21,27,11,34609,0,1,2,-34.039533,150.790327,13,0,2,0,0,0,0,0,2,3,7,70,0,204,204,1,5,0,2,0,0,1,0
1308830,4,2022,2022,9,6,4,204,31,169,9,0,1,10,-33.89794,151.21235,69,0,2,1,1,0,0,0,2,2,7,50,1,5929,5929,1,15,5,2,0,1,0,0
1308831,4,2022,2022,9,2,9,3371,17,57,3342,0,1,10,-32.978636,151.691847,37,0,2,0,1,0,0,0,2,2,7,60,2,2852,2852,4,0,0,2,0,2,0,0
1308834,2,2022,2022,2,0,5,24,31,91,160,0,1,10,-33.990775,150.892756,13,0,2,1,1,0,0,3,2,2,7,60,2,6545,6545,4,5,0,2,0,0,1,0
1308835,2,2022,2022,2,1,3,56,10,433,41,0,1,1,-33.282815,149.069155,52,2,1,1,1,0,0,0,2,0,7,50,1,4026,4026,8,5,40,1,0,0,1,0
1308837,2,2022,2022,9,5,4,500,27,80,160,0,1,1,-33.981783,150.897738,13,0,2,0,0,0,0,0,2,0,7,60,2,3775,3775,0,5,10,2,0,0,1,0
1308839,2,2022,2022,9,4,3,157,17,123,158,0,1,9,-33.821878,148.731143,51,1,0,1,0,0,0,0,2,0,7,100,2,323,323,1,0,12,2,0,0,1,0
1308841,4,2022,2022,10,3,9,100,27,68,78,0,1,1,-33.660638,149.804376,51,1,0,1,0,0,0,0,0,0,7,100,2,14295,14295,3,5,19,2,0,1,0,0
1308845,1,2022,2022,2,3,10,9,27,4,34609,0,1,1,-31.910514,152.601383,43,1,0,0,3,0,0,0,0,0,7,100,0,1850,1463,5,10,40,1,0,0,0,1
1308848,1,2022,2022,2,0,8,110,27,41,173,0,1,2,-34.394451,150.861902,80,0,2,0,3,0,0,0,3,0,7,80,2,14295,14295,3,33,40,3,0,0,0,1
1308861,1,2022,2022,2,1,5,109,27,247,106,0,1,1,-33.829669,150.953205,21,0,2,1,3,0,3,4,2,0,7,60,1,1282,1282,1,5,5,2,0,0,0,1
1308862,4,2022,2022,10,0,2,168,10,387,260,0,1,2,-33.945931,151.178079,4,0,2,1,3,0,3,4,1,0,7,70,2,14295,14295,3,5,13,2,0,1,1,0
1308864,2,2022,2022,6,5,6,98,27,4,34609,0,1,9,-32.998269,151.610482,37,0,2,1,1,0,0,0,2,0,7,50,0,9859,9859,8,10,40,1,0,0,1,0
1308865,2,2022,2022,2,5,4,2,31,363,34609,0,1,1,-33.817683,151.014891,54,0,2,1,0,0,0,0,2,0,7,50,0,941,941,1,5,5,3,0,0,1,0
1308866,4,2022,2022,2,2,6,1,31,290,34609,0,1,1,-33.853517,150.975617,21,0,2,1,1,0,0,0,2,0,7,50,0,591,591,1,22,0,2,0,1,0,0
1308868,1,2022,2022,2,5,7,330,27,49,605,0,1,10,-33.718575,151.297867,50,0,2,1,3,0,0,0,2,2,7,60,2,14295,14295,3,0,0,2,0,0,0,1
1308871,2,2022,2022,2,0,5,50,36,11,43,0,1,1,-36.234556,148.18224,66,2,1,0,3,0,0,0,2,0,7,80,2,2585,4009,8,16,40,1,0,0,1,0
1308873,1,2022,2022,2,6,6,7,27,6,10,0,1,1,-36.740643,149.713864,5,1,0,0,3,0,0,0,2,0,7,100,1,52,52,6,16,40,1,0,0,0,1
1308874,1,2022,2022,2,1,8,20,27,40,20,0,1,1,-35.04188,150.629339,63,2,1,1,3,0,0,0,2,0,7,80,1,945,945,5,9,40,1,0,0,0,3
1308875,2,2022,2022,10,4,5,10,36,33,18,0,1,1,-36.511317,148.684723,65,1,0,0,1,0,0,0,2,0,7,100,1,1850,1463,5,16,40,1,0,0,1,0
1308876,4,2022,2022,2,1,7,23,10,15,47,0,1,2,-32.89668,151.70514,48,0,2,1,1,0,0,0,2,0,7,60,2,1945,1945,5,16,40,1,0,1,0,0
1308878,1,2022,2022,2,5,6,31,27,197,69,0,1,2,-33.794251,151.137551,61,0,2,1,3,0,0,0,2,0,7,60,2,14295,14295,3,5,5,2,0,0,0,1
1308880,4,2022,2022,9,5,3,308,14,323,311,0,1,3,-33.808892,150.852308,7,0,2,1,1,0,0,0,2,0,7,100,2,14295,14295,3,10,0,4,0,1,0,0
1308884,2,2022,2022,9,4,5,175,27,609,220,0,1,2,-33.770957,150.911918,7,0,2,1,1,0,0,0,2,0,7,60,2,623,623,3,5,19,2,0,0,1,0
1308886,2,2022,2022,2,5,4,67,27,165,78,0,1,9,-33.853429,151.150967,14,0,2,1,1,0,0,0,2,0,0,50,2,2040,2040,9,5,28,2,0,0,1,0
1308887,1,2022,2022,9,0,6,119,31,173,207,0,1,10,-33.874547,151.217246,69,0,2,1,1,0,0,0,2,2,7,50,2,14295,14295,3,21,5,2,0,0,0,1
1308897,4,2022,2022,9,5,11,20,27,12,100,0,1,9,-33.620814,150.676847,29,2,2,1,0,0,0,0,0,0,0,80,2,489,489,8,5,40,1,0,1,0,0
1308901,1,2022,2022,2,0,4,16,31,48,34609,0,1,9,-28.261602,153.579779,72,2,1,1,0,0,0,0,2,0,7,50,0,1945,1945,5,22,40,1,0,0,0,1
1308908,4,2022,2022,2,6,4,8,31,137,34609,1,2,2,-34.032096,151.0587,68,0,2,1,1,0,0,0,2,0,9,40,0,220,220,8,5,40,2,0,1,0,0
1308912,4,2022,2022,2,6,8,3,10,201,34609,0,1,10,-34.896514,150.615652,63,2,1,1,0,0,0,0,2,0,0,50,0,6545,6545,4,10,27,2,0,1,0,0
1308914,4,2022,2022,2,1,4,110,27,41,173,0,1,2,-34.396619,150.867452,80,0,2,1,1,0,0,0,2,0,7,80,2,14295,14295,3,5,5,3,0,1,1,0
1308919,4,2022,2022,1,3,11,15,27,25,117,0,1,1,-32.872362,151.704992,48,0,2,1,2,0,0,0,0,0,7,60,2,9859,9859,8,0,40,1,0,1,0,0
1308923,2,2022,2022,9,5,5,3,27,8,34609,0,1,1,-34.958841,150.505389,63,2,1,0,0,2,0,0,2,0,7,50,0,1850,1463,5,16,40,1,0,0,1,0
1308925,2,2022,2022,10,0,7,334,17,22,308,0,1,1,-31.325399,151.980125,51,1,0,1,0,0,0,0,2,0,7,100,2,4026,4026,8,5,40,1,0,0,1,0
1308926,4,2022,2022,2,5,6,2261,17,39,2252,0,1,2,-35.92478,147.023047,27,1,0,1,0,0,0,0,2,0,7,110,2,475,475,5,0,40,1,0,1,1,1
1308928,1,2022,2022,2,2,8,53,31,134,34609,0,1,10,-33.662726,150.861757,7,0,2,1,0,0,0,0,2,0,0,60,0,6545,6545,4,5,5,2,0,0,0,2
1308930,2,2022,2022,2,6,2,44,1,273,18,0,1,9,-34.428742,150.886739,80,0,2,1,2,0,0,0,1,0,0,50,1,6545,6545,4,0,12,2,0,0,1,0
1308933,2,2022,2022,10,1,0,294,17,11,288,0,1,1,-34.631,144.29839,51,1,0,1,0,0,0,0,0,0,7,110,2,4026,4026,8,0,40,1,0,0,1,0
1308934,1,2022,2022,2,3,0,85,10,72,702,0,1,2,-33.836733,151.085415,14,0,2,1,0,0,0,0,0,0,7,70,2,1192,1192,1,5,27,2,0,0,0,1
1308935,4,2022,2022,2,3,5,2126,17,283,2149,0,1,9,-33.826516,151.004795,54,0,2,1,1,0,0,0,2,2,7,60,2,4552,985,8,5,40,1,0,1,0,0
1308936,2,2022,2022,10,1,3,44,27,23,126,0,1,1,-32.767681,151.830073,57,2,1,0,0,0,0,0,2,0,7,80,2,782,957,5,5,40,1,0,0,1,0
1308938,2,2022,2022,11,5,7,120,36,10,148,0,1,1,-30.386223,152.741771,6,2,1,0,0,0,0,0,2,0,7,80,2,3775,3775,0,29,5,3,0,0,1,0
1308939,2,2022,2022,2,5,7,12,27,19,23,0,1,9,-28.566426,153.524021,10,2,1,1,0,0,0,0,2,0,7,80,1,6545,6545,4,5,19,2,0,0,1,1
1308940,4,2022,2022,2,6,10,15,27,363,14,0,1,9,-33.731849,150.706668,55,0,2,1,2,0,0,0,0,0,7,70,1,9859,9859,8,16,40,1,0,1,0,0
1308941,4,2022,2022,9,0,8,6,27,160,34609,0,1,1,-33.107725,151.50677,37,0,2,1,0,0,0,0,2,0,7,60,0,9859,9859,8,5,40,1,0,1,0,0
1308942,2,2022,2022,9,6,7,23,10,87,23,0,1,9,-33.925133,150.962112,41,0,2,1,1,0,0,0,2,0,0,60,1,5929,5929,1,0,5,2,0,0,1,0
1308944,4,2022,2022,10,5,3,37,1,646,118,0,1,9,-33.921844,151.031067,15,0,2,1,0,0,0,0,2,0,0,60,1,6545,6545,4,9,0,2,0,1,0,0
1308945,4,2022,2022,2,1,5,13,27,73,13,0,1,9,-33.869329,151.221575,69,0,2,0,1,0,3,4,2,0,7,50,1,2040,2040,9,10,28,2,0,1,0,0
1308948,4,2022,2022,2,0,3,3,27,44,34609,0,1,1,-30.583326,152.973714,47,1,0,0,0,0,0,3,2,0,7,90,0,2585,4009,8,0,40,1,0,1,0,0
1308949,4,2022,2022,9,3,1,5,27,34,34609,0,1,1,-37.078207,149.852255,5,1,0,1,0,0,0,3,0,0,7,100,0,1089,1089,7,16,40,1,0,1,0,0
1308950,2,2022,2022,2,2,8,10,27,96,160,0,1,9,-34.054733,150.828524,13,0,2,1,1,0,0,0,2,0,0,60,2,9859,9859,8,5,40,1,0,0,1,0
1308951,4,2022,2022,10,6,3,20,27,239,34609,0,1,1,-34.02935,151.131465,68,0,2,1,1,0,0,0,2,0,7,50,0,941,941,1,5,19,2,0,1,0,0
1308953,2,2022,2022,2,0,6,2209,17,144,2205,0,1,2,-34.066213,151.015996,68,0,2,1,0,0,0,0,2,0,7,70,2,9859,9859,1,8,0,10,0,0,1,0
1308954,4,2022,2022,9,2,7,8,27,45,34609,0,1,10,-33.680343,151.214907,50,0,2,1,0,0,0,0,2,0,15,60,0,6545,6545,4,10,0,2,0,1,0,1
1308956,2,2022,2022,2,3,4,41,27,228,69,0,1,10,-34.73155,149.734673,26,2,1,0,1,0,0,0,2,0,0,60,1,6545,6545,4,5,5,2,0,0,1,0
1308961,2,2022,2022,2,6,8,119,31,283,34609,0,1,1,-33.834012,150.99945,21,0,2,1,1,0,0,0,2,0,7,50,0,591,591,1,22,5,2,0,0,1,0
1308962,2,2022,2022,11,0,6,481,17,10,483,0,1,1,-32.976551,148.224946,53,1,0,1,0,0,0,0,2,0,7,110,2,14295,14295,3,3,13,3,0,0,4,0
1308967,1,2022,2022,1,6,7,478,17,89,480,1,2,7,-33.372938,151.474779,16,2,2,1,1,0,0,0,2,0,0,40,2,14295,14295,3,10,5,2,0,0,0,1
1308968,2,2022,2022,2,5,8,191,17,7,189,0,1,1,-32.632123,151.168166,64,1,0,1,0,0,0,0,2,0,7,100,2,9859,9859,8,0,40,1,0,0,1,0
1308969,4,2022,2022,9,4,8,36,27,7,82,0,1,9,-35.281421,147.305297,75,1,0,1,0,0,0,0,2,0,7,100,1,395,395,1,0,0,2,0,1,0,1
1308972,2,2022,2022,9,2,7,1,27,5,34609,0,1,1,-30.792696,152.68268,47,1,0,0,0,2,0,0,2,0,7,100,0,1850,1463,5,16,40,1,0,0,1,0
1308974,2,2022,2022,2,4,3,16,27,11,34609,1,0,1,-33.802379,151.215003,77,0,2,1,1,0,0,0,2,0,7,50,0,9859,9859,1,9,5,3,0,0,1,0
1308977,1,2022,2022,2,4,3,2261,17,32,2252,0,1,3,-34.278634,150.640948,79,1,2,1,0,0,0,0,2,0,7,110,2,1282,1282,1,5,2,2,0,0,0,1
1308978,4,2022,2022,10,1,4,91,27,119,187,0,1,9,-33.870864,151.173059,32,0,2,1,1,0,3,4,2,2,7,40,2,14295,14295,3,16,12,2,0,1,0,0
1308980,2,2022,2022,10,4,5,16,31,115,34609,1,0,1,-33.883991,151.190181,69,0,2,1,0,0,3,4,2,0,7,50,0,237,162,8,0,40,1,0,0,1,0
1308983,4,2022,2022,2,1,8,8,31,67,34609,0,1,9,-34.420371,150.875166,80,0,2,1,1,0,0,0,2,0,0,50,0,6545,6545,4,22,5,2,0,1,0,0
1308984,2,2022,2022,2,0,3,16,31,194,34609,0,1,10,-30.507239,151.665577,1,2,1,1,0,0,0,3,2,0,0,40,0,256,256,4,0,35,2,0,0,1,0
1308985,1,2022,2022,9,0,4,113,27,218,111,0,1,2,-33.770295,150.773437,55,0,2,1,2,0,0,0,2,0,7,60,2,14295,14295,3,10,13,2,0,0,0,1
1308986,2,2022,2022,11,2,10,866,17,157,793,0,1,2,-33.792408,151.006557,54,0,2,0,0,0,0,0,0,0,7,90,2,2040,2040,9,5,28,2,0,0,1,0
1308988,2,2022,2022,10,1,9,43,1,226,144,0,1,1,-33.757708,150.827801,7,0,2,1,0,0,0,0,2,0,7,60,2,2040,2040,9,30,28,2,0,0,1,0
1308990,2,2022,2022,10,3,3,120,36,12,148,0,1,1,-30.526002,151.917308,1,1,0,1,0,0,0,0,2,0,7,100,2,4026,4026,8,5,40,1,0,0,1,0
1308991,4,2022,2022,10,5,6,1,10,12,34609,0,1,1,-29.721277,152.965293,18,2,1,0,0,0,0,0,2,0,7,50,0,4552,5151,8,5,40,1,0,1,0,0
1308993,4,2022,2022,10,3,8,2209,17,40,2205,0,1,9,-34.984937,150.586988,63,1,0,1,0,0,0,0,2,0,0,100,2,6545,6545,4,16,13,2,0,1,0,0
1308994,1,2022,2022,2,0,1,118,17,26,118,0,1,1,-31.539975,150.690328,51,1,0,1,0,0,3,3,0,0,7,100,2,4026,4026,8,0,40,1,0,0,0,1
1308995,1,2022,2022,10,6,5,195,27,54,186,0,1,2,-33.882607,150.865097,24,0,2,1,1,0,3,4,2,0,7,70,2,14295,14295,3,30,0,2,0,0,0,1
1308996,4,2022,2022,10,1,9,43,27,70,148,0,1,10,-32.909519,151.717462,48,0,2,1,1,0,3,4,3,0,15,60,1,6545,6545,4,16,0,2,0,1,0,0
1308997,2,2022,2022,10,3,5,512,10,172,34609,0,1,2,-32.761553,151.590095,42,2,1,1,1,0,0,0,2,0,7,50,0,368,368,9,0,28,2,0,0,1,0
1308999,2,2022,2022,9,3,10,13,27,109,34609,0,1,1,-33.899606,151.135615,32,0,2,1,0,0,0,0,0,0,7,50,0,9859,9859,1,5,5,3,0,0,1,0
1309001,2,2022,2022,2,0,10,6,27,54,34609,0,1,1,-33.614517,150.859545,29,2,2,1,1,0,0,0,0,0,7,70,0,4026,4026,8,5,40,1,0,0,1,0
1309005,2,2022,2022,2,5,10,6,31,460,34609,0,1,10,-33.837177,150.983106,21,0,2,1,2,0,0,0,0,0,15,50,0,6545,6545,4,9,19,2,0,0,1,0
1309007,1,2022,2022,2,1,10,2209,17,115,2205,0,1,9,-33.913776,151.178145,32,0,2,1,3,0,0,0,0,2,7,60,2,5929,5929,1,5,5,2,0,0,0,1
1309012,4,2022,2022,2,6,7,26,1,144,34609,0,1,10,-34.062574,151.007719,68,0,2,1,0,0,0,0,2,0,0,50,0,6545,6545,4,5,13,2,0,1,0,1
1309015,4,2022,2022,9,6,7,17,27,16,34609,0,1,1,-33.54942,150.727389,29,2,2,1,0,0,0,6,2,0,7,80,0,323,323,1,5,0,2,0,1,0,0
1309018,2,2022,2022,2,0,0,1,27,3,34609,0,1,1,-31.263079,152.675052,56,1,0,0,0,0,0,0,0,0,7,100,0,380,714,5,0,40,1,0,0,1,0
1309024,2,2022,2022,5,4,7,348,17,18,232,0,1,9,-29.503385,147.983773,51,1,0,1,0,0,0,0,2,0,7,110,2,323,323,1,5,13,2,0,0,3,0
1309025,4,2023,2023,4,3,8,103,36,5,157,0,1,1,-28.612379,152.996353,51,2,1,1,0,0,0,0,2,0,7,80,2,9859,9859,8,16,40,1,0,1,0,0
1309030,2,2022,2022,9,6,5,3371,17,90,3342,0,1,2,-28.227078,153.558039,72,1,0,0,1,0,0,0,2,0,7,100,2,1282,1282,1,3,5,2,0,0,1,0
1309031,4,2022,2022,10,3,8,125,27,55,123,0,1,2,-33.368146,151.468845,16,2,2,1,1,0,0,0,2,0,7,60,2,9859,9859,1,5,0,2,0,1,0,0
1309033,2,2022,2022,2,4,6,20,31,134,34609,0,1,10,-33.68281,150.876604,7,0,2,1,0,0,0,3,2,0,0,50,0,6545,6545,4,0,0,2,0,0,1,0
1309034,1,2022,2022,2,1,3,16,27,54,9,0,1,7,-33.714074,150.999783,71,0,2,1,0,0,0,0,2,0,0,60,1,14295,14295,3,5,5,2,0,0,0,1
1309035,2,2022,2022,10,2,8,165,31,226,34609,0,1,1,-33.77759,150.824945,7,0,2,1,0,0,0,0,2,0,7,50,0,1981,1981,4,0,13,5,0,0,1,0
1309037,1,2022,2022,10,6,4,126,27,370,168,0,1,10,-34.072132,150.805744,13,0,2,1,1,0,0,0,2,2,7,60,2,14295,14295,3,0,5,3,0,0,0,1
1309039,2,2022,2022,10,5,3,23,27,53,66,0,1,1,-31.861023,152.387834,43,1,0,0,0,0,0,0,2,0,7,90,1,3775,3775,0,0,13,2,0,0,2,0
1309041,1,2022,2022,9,1,7,163,27,73,165,0,1,9,-33.750124,150.801716,7,0,2,1,1,0,0,0,2,2,7,60,1,2852,2852,4,0,36,2,0,0,0,1
1309044,2,2022,2022,2,0,7,105,27,67,109,0,1,9,-33.879818,150.891159,24,0,2,1,1,0,0,0,2,0,7,60,1,4026,4026,8,0,40,1,0,0,1,0
1309045,4,2022,2022,10,5,3,2126,17,106,2149,0,1,10,-33.886239,151.179167,69,0,2,1,1,0,0,0,2,2,7,50,2,256,256,4,0,5,2,0,1,0,0
1309046,2,2022,2022,2,2,10,68,31,41,168,0,1,9,-34.055019,150.694769,12,0,2,1,2,0,0,0,3,2,7,50,1,2040,2040,9,5,28,3,0,0,2,0
1309047,4,2022,2022,2,6,8,168,10,387,260,0,1,2,-33.946064,151.177484,4,0,2,1,1,0,0,0,2,0,7,70,2,14295,14295,3,16,12,2,0,1,0,0
1309049,4,2022,2022,2,1,11,232,36,40,331,0,1,2,-33.949831,150.839267,41,0,2,1,2,0,0,0,0,0,7,70,2,204,204,1,5,0,4,0,1,2,0
1309050,1,2022,2022,2,4,9,3371,17,11,3342,0,1,1,-29.999684,153.172378,19,1,0,1,0,0,0,0,2,0,7,100,2,1669,1669,3,0,5,2,0,0,0,1
1309051,4,2022,2022,2,0,8,38,27,115,165,1,0,1,-33.955371,151.060766,25,0,2,1,1,0,0,0,2,0,7,50,1,9859,9859,1,0,12,2,0,1,0,0
1309052,2,2022,2022,2,5,5,213,17,13,213,0,1,1,-29.536163,150.249309,51,1,0,0,0,0,0,0,2,0,7,100,2,4552,5151,8,10,40,1,0,0,1,0
1309054,4,2022,2022,2,2,11,3,31,92,34609,0,1,10,-33.874851,150.976486,24,0,2,1,2,0,0,0,0,0,15,50,0,6545,6545,4,5,0,3,0,1,1,0
1309056,2,2022,2022,2,5,5,7,27,293,34609,0,1,1,-33.93854,151.23936,59,0,2,1,1,0,0,0,2,0,7,50,0,368,368,9,5,28,2,0,0,1,0
1309060,2,2022,2022,10,3,9,4,27,6,34609,0,1,1,-32.751094,151.558397,42,2,1,1,0,0,0,0,0,0,7,50,0,9859,9859,8,9,40,1,0,0,1,0
1309061,4,2022,2022,2,4,7,67,27,15,34609,0,1,1,-30.668148,152.903034,47,2,1,0,0,0,3,4,2,0,7,60,0,2585,4009,8,5,40,1,0,1,0,0
1309064,2,2022,2022,9,6,7,49,31,83,34609,0,1,1,-29.71836,152.933781,18,2,1,1,1,0,0,0,2,0,7,50,0,1981,1981,4,5,5,2,0,0,1,0
1309066,2,2022,2022,2,0,2,916,17,32,917,0,1,1,-32.584793,151.190464,64,2,1,1,0,0,0,0,1,0,7,80,2,14295,14295,3,29,41,5,0,0,2,0
1309067,4,2022,2022,2,0,2,125,31,438,44,0,1,1,-33.851077,151.036626,21,0,2,1,2,0,3,4,1,0,7,50,1,2040,2040,9,5,28,2,0,1,0,0
1309070,1,2022,2022,2,2,6,46,27,219,34609,0,1,1,-32.888021,151.65794,48,0,2,1,3,0,3,0,2,0,7,60,0,14295,14295,3,10,0,2,0,0,0,1
1309071,4,2022,2022,9,5,4,17,31,215,34609,0,1,9,-35.11642,147.372296,75,2,1,1,1,0,0,0,2,2,7,50,0,1945,1945,5,16,40,1,0,1,0,0
1309074,1,2022,2022,9,1,5,3,27,5,34609,0,1,1,-35.211476,146.421087,51,1,0,1,0,0,3,0,2,0,7,100,0,9859,9859,8,5,40,1,0,0,0,1
1309076,4,2022,2022,2,6,3,39,27,36,91,0,1,9,-33.936571,151.257721,59,0,2,0,1,0,0,0,2,0,7,50,1,404,404,8,22,40,1,0,1,0,0
1309078,4,2022,2022,9,0,8,2126,17,171,2149,0,1,10,-33.812996,150.958629,21,0,2,1,1,0,0,0,2,2,7,80,2,5929,5929,1,30,5,3,0,1,0,0