Crash ID,Degree of crash - detailed,Reporting year,Year of crash,Month of crash,Day of week of crash,Two-hour intervals,Street of crash,Street type,Town,Route no.,School zone location,School zone active,Type of location,Latitude,Longitude,LGA,Urbanisation,Conurbation 1,Alignment,Street lighting,Road surface,Surface condition,Weather,Natural lighting,Signals operation,Other traffic control,Speed limit,Road classification,RUM - code,DCA - code,First impact type,Key TU type,Other TU type,No. of traffic units involved,No. killed,No. seriously injured,No. moderately injured,No. minor-other injured
1309079,2,2022,2022,9,1,7,7,1,102,34609,0,1,9,-31.10888,150.907503,70,2,1,1,0,0,0,0,2,0,7,50,0,9859,9859,8,0,40,1,0,0,1,0
1309080,2,2022,2022,11,4,0,2,1,80,139,1,0,1,-34.564522,146.412526,51,2,1,0,2,0,0,0,0,0,7,50,2,2585,4009,8,34,40,1,0,0,1,0
1309084,4,2022,2022,9,3,10,2209,17,10,2205,0,1,1,-35.217429,150.434822,63,1,0,1,0,0,3,4,0,0,7,100,2,475,475,5,5,40,1,0,1,0,0
1309086,4,2022,2022,11,4,4,11,10,90,181,0,1,9,-33.889613,151.24167,76,0,2,1,1,0,3,4,2,2,7,60,2,1850,985,5,15,40,1,0,1,0,0
1309090,2,2023,2023,4,0,5,2,31,44,34609,0,1,9,-33.944049,151.1373,4,0,2,1,3,0,3,4,2,0,7,50,0,4026,4026,8,5,40,1,0,0,1,0
1309092,2,2023,2023,4,3,6,5,10,25,34609,0,1,1,-31.543201,152.813583,56,2,1,1,3,0,3,0,2,0,7,80,0,945,945,5,5,40,1,0,0,1,0
1309094,2,2023,2023,4,1,4,7,10,42,34609,0,1,7,-33.735811,150.864129,7,0,2,1,3,0,0,0,2,0,0,50,0,4026,4026,8,5,40,1,0,0,1,0
1309095,1,2022,2022,2,4,8,2261,17,243,2252,0,1,10,-33.950418,150.904572,41,0,2,1,3,0,0,0,2,2,7,70,2,6545,6545,4,5,5,2,0,0,0,1
1309096,1,2022,2022,2,0,4,32,31,111,91,0,1,1,-33.922993,151.25638,59,0,2,1,3,0,0,3,2,0,7,50,1,9859,9859,1,0,5,3,0,0,0,1
1309101,1,2023,2023,4,4,7,829,27,123,770,0,1,10,-33.813996,151.053661,54,0,2,1,3,0,0,3,2,2,7,70,2,14295,14295,3,9,5,2,0,0,0,1
1309105,2,2022,2022,2,6,7,3,1,42,26,0,1,1,-35.982724,146.402136,51,2,1,1,3,0,0,3,2,0,7,80,2,14295,14295,3,10,5,2,0,0,1,0
1309107,1,2022,2022,2,5,4,34,31,82,18,0,1,9,-33.821337,151.204248,49,0,2,1,3,0,0,0,2,3,7,60,1,14295,14295,3,5,0,2,0,0,0,1
1309117,4,2023,2023,4,5,4,220,14,51,220,0,1,3,-34.206866,150.96354,80,0,2,1,1,0,0,0,2,0,7,110,2,9859,9859,8,5,40,1,0,1,0,0
1309123,4,2022,2022,9,0,4,31,27,304,34609,1,0,1,-33.909476,151.151728,32,0,2,1,0,0,0,0,2,0,7,50,0,312,312,2,19,40,1,0,1,0,0
1309124,2,2022,2022,11,4,6,171,1,387,104,0,1,9,-33.933951,151.199145,4,0,2,0,1,0,3,3,2,2,7,60,2,2852,2852,4,5,0,2,0,0,1,0
1309126,1,2022,2022,2,5,3,361,23,346,38,0,1,10,-33.875226,151.097691,9,0,2,1,1,0,0,0,2,2,7,50,1,14295,14295,3,5,5,2,0,0,0,1
1309134,1,2022,2022,2,1,5,829,31,314,240,0,1,10,-33.851173,150.938614,24,0,2,1,3,0,0,0,2,1,7,60,2,1282,1282,1,29,5,2,0,0,0,1
1309135,1,2022,2022,11,5,3,42,31,609,34609,0,1,1,-33.767232,150.913107,7,0,2,1,3,0,0,0,1,0,7,50,0,2040,2040,9,19,28,2,0,0,0,1
1309136,4,2022,2022,2,5,7,27,36,29,27,0,1,1,-31.604223,149.758376,51,1,0,1,0,0,0,0,2,0,7,100,1,9859,9859,8,0,40,1,0,1,0,0
1309138,2,2022,2022,2,1,5,916,17,32,917,0,1,1,-32.643478,151.235591,64,2,1,1,0,0,0,0,2,0,7,80,2,3775,3775,0,5,5,2,0,0,2,0
1309141,4,2022,2022,9,5,10,6,27,147,17,0,1,7,-33.888383,150.992588,15,0,2,1,0,0,0,0,0,0,0,60,1,2040,2040,9,5,28,2,0,1,0,0
1309144,2,2022,2022,2,0,9,23,27,136,101,0,1,9,-32.932382,151.714124,48,0,2,1,1,0,0,0,2,0,0,60,2,5929,5929,1,5,19,2,0,0,1,0
1309150,1,2022,2022,2,3,6,72,27,72,56,0,1,10,-33.796564,151.065263,54,0,2,0,1,0,0,0,2,1,7,60,2,515,515,1,5,13,2,0,0,0,1
1309151,2,2022,2022,5,0,2,2,27,5,34609,0,1,1,-28.747466,153.329258,39,1,0,0,0,0,0,0,0,0,7,100,0,2585,4009,8,5,40,1,0,0,1,0
1309152,2,2022,2022,10,5,8,3,27,73,34609,0,1,7,-33.88884,151.167888,32,0,2,1,0,0,0,0,2,0,0,50,0,4026,4026,8,10,40,1,0,0,1,0
1309153,1,2022,2022,10,4,4,344,27,61,163,0,1,9,-33.75182,150.886899,7,0,2,1,3,0,3,4,2,2,7,60,2,1282,1282,1,5,5,3,0,0,0,1
1309156,2,2022,2022,9,3,9,37,31,523,198,0,1,10,-33.926236,150.922776,41,0,2,1,1,0,0,0,2,2,7,60,2,6545,6545,4,5,12,2,0,0,1,0
1309158,4,2022,2022,5,2,5,361,31,36,34609,0,1,9,-32.95837,151.608011,37,0,2,1,1,0,0,0,2,0,0,50,0,1669,1669,3,16,19,2,0,1,0,0
1309159,1,2022,2022,8,5,8,68,31,76,100,0,1,9,-34.537678,150.390425,78,2,1,1,1,0,0,0,2,0,7,60,2,3775,3775,0,10,0,2,0,0,0,1
1309161,4,2022,2022,9,1,6,15,27,143,34609,0,1,1,-33.704245,151.097617,31,0,2,0,1,0,0,0,2,0,7,40,0,3775,3775,0,0,0,2,0,1,1,0
1309165,2,2022,2022,9,3,7,32,27,16,563,0,1,2,-33.992271,151.026872,68,0,2,1,0,0,0,0,2,0,7,80,2,9859,9859,8,5,40,1,0,0,1,0
1309167,4,2022,2022,2,0,8,3,27,363,34609,0,1,1,-33.737768,150.712365,55,0,2,1,0,0,0,6,2,0,7,50,0,9859,9859,1,10,13,2,0,1,0,0
1309170,4,2022,2022,9,6,3,251,27,64,212,0,1,9,-33.76034,151.214395,50,0,2,1,2,0,0,0,1,2,9,70,2,2040,2040,9,10,28,2,0,1,0,0
1309172,2,2022,2022,2,6,8,61,27,32,70,0,1,9,-33.682003,150.981171,71,0,2,1,1,0,0,0,2,0,7,70,1,1109,787,1,9,13,2,0,0,2,0
1309173,4,2022,2022,2,4,7,2126,17,106,2149,0,1,10,-33.886582,151.177341,69,0,2,1,1,0,0,0,2,2,7,60,2,6545,6545,4,5,5,3,0,1,0,0
1309175,2,2022,2022,2,3,4,53,31,19,34609,0,1,1,-32.933633,151.453677,17,1,0,1,0,2,3,6,2,0,7,100,0,4026,4026,8,10,40,1,0,0,1,0
1309176,2,2023,2023,4,1,2,3371,17,39,3342,0,1,2,-29.852095,153.049088,18,1,0,1,0,0,0,0,1,0,7,110,2,945,945,5,0,40,1,0,0,1,0
1309179,2,2022,2022,2,6,10,35,27,21,96,0,1,7,-32.958548,151.678229,37,0,2,0,1,0,0,0,0,3,0,60,2,380,714,5,0,40,1,0,0,1,0
1309180,4,2022,2022,10,1,5,2,31,64,18,0,1,7,-33.956613,151.001127,15,0,2,1,1,0,3,4,2,0,7,50,1,9859,9859,1,5,5,2,0,1,0,0
1309183,1,2022,2022,2,0,10,485,27,50,769,0,1,9,-33.625789,150.838729,29,2,2,0,2,0,0,0,0,2,7,80,2,2852,2852,4,10,5,2,0,0,0,1
1309185,2,2022,2022,2,0,8,265,10,445,563,0,1,2,-33.853885,151.040591,21,0,2,1,1,0,0,0,2,0,7,70,2,14295,14295,3,0,5,2,0,0,1,0
1309186,1,2022,2022,2,2,11,2126,17,346,2149,0,1,9,-33.867217,151.096217,9,0,2,1,2,0,3,4,0,2,7,60,2,2852,2852,4,0,0,2,0,0,0,1
1309187,2,2022,2022,2,0,6,3371,17,37,3342,0,1,9,-33.011381,151.678186,37,0,2,0,0,0,0,0,2,0,0,80,2,256,256,4,5,27,2,0,0,1,0
1309188,4,2022,2022,2,6,5,57,31,15,34609,0,1,1,-32.972114,151.611472,37,0,2,1,0,0,0,0,2,0,7,50,0,214,214,9,5,28,2,0,1,0,0
1309192,4,2022,2022,2,1,10,1,27,31,34609,0,1,9,-33.874402,151.036743,21,0,2,1,1,0,0,0,0,0,7,50,0,30,30,9,0,28,2,0,1,0,0
1309193,4,2022,2022,9,5,7,12,27,53,55,0,1,1,-33.851613,150.969972,21,0,2,1,0,0,0,0,2,0,7,50,1,9859,9859,1,5,0,2,0,1,0,0
1309202,4,2022,2022,2,2,9,83,31,523,34609,0,1,10,-33.917545,150.922195,41,0,2,1,1,0,0,0,2,2,7,50,0,5929,5929,1,5,0,2,0,1,1,0
1309204,4,2022,2022,9,3,7,916,17,9,917,0,1,1,-31.838692,150.91827,73,1,0,1,0,0,0,0,2,0,7,100,2,1383,1383,1,0,13,4,0,2,0,0
1309206,4,2022,2022,2,5,7,4,27,3,34609,0,1,1,-31.037591,153.028594,34,1,0,0,0,0,0,0,2,0,7,100,0,1850,1463,5,16,40,1,0,1,0,0
1309209,2,2022,2022,2,4,8,6,27,17,34609,0,1,9,-34.889137,150.635437,63,2,1,1,0,0,0,0,2,0,0,80,0,4026,4026,8,5,40,1,0,0,1,0
1309212,4,2022,2022,2,0,9,62,10,70,62,0,1,9,-33.433777,151.346893,16,2,2,1,1,0,0,0,2,0,15,50,1,2852,2852,4,5,0,2,0,1,0,0
1309214,4,2022,2022,2,4,10,143,31,173,19,0,1,10,-33.879316,151.215201,69,0,2,1,2,0,0,0,0,2,9,40,1,2040,2040,9,5,28,2,0,1,1,0
1309218,2,2022,2022,2,6,8,74,23,100,260,0,1,2,-33.962881,151.155416,4,0,2,1,1,0,0,0,2,0,7,60,2,14295,14295,3,10,5,4,0,0,1,0
1309219,2,2022,2022,11,2,9,21,27,148,60,0,1,2,-36.043373,146.947248,0,2,1,1,2,0,0,0,0,0,0,60,1,1981,1981,4,34,5,2,0,0,1,0
1309220,4,2022,2022,9,5,10,330,27,65,605,1,0,2,-33.70092,151.299351,50,0,2,1,2,0,0,0,0,0,7,70,2,238,238,9,0,26,2,0,1,0,0
1309221,2,2022,2022,9,4,6,2126,17,107,2149,0,1,2,-33.884226,151.199494,69,0,2,1,0,0,0,0,2,0,7,50,2,1383,1383,1,15,5,2,0,0,1,0
1309222,2,2022,2022,2,4,5,194,31,445,18,0,1,1,-33.864216,151.053407,21,0,2,1,0,0,0,0,2,0,7,60,1,9859,9859,1,0,5,4,0,0,1,0
1309230,2,2022,2022,2,4,7,1,18,27,34609,0,1,9,-32.502339,148.185545,51,1,0,1,0,2,0,3,2,0,7,100,0,4026,4026,8,0,40,1,0,0,1,1
1309232,2,2022,2022,11,0,7,232,36,39,331,0,1,2,-34.029518,150.753036,12,0,2,1,2,0,0,0,2,0,7,80,2,9859,9859,8,10,40,1,0,0,1,0
1309233,1,2022,2022,10,2,6,165,31,523,34609,0,1,0,-33.923191,150.924799,41,0,2,1,1,0,3,3,2,0,7,30,0,368,368,9,5,28,2,0,0,0,1
1309234,1,2022,2022,10,4,8,49,31,29,212,0,1,9,-33.754967,151.273649,50,0,2,1,1,0,3,4,3,2,7,60,2,14295,14295,3,0,5,3,0,0,0,1
1309235,4,2022,2022,10,4,8,149,27,294,198,0,1,9,-33.932528,150.934052,41,0,2,1,2,0,3,3,2,0,0,60,2,2852,2852,4,5,5,2,0,1,1,0
1309237,2,2022,2022,2,2,8,39,31,438,34609,0,1,9,-33.861588,151.033905,21,0,2,1,0,0,0,0,2,0,7,50,0,5929,5929,1,5,5,3,0,0,1,0
1309240,4,2022,2022,10,6,2,361,23,143,38,0,1,10,-33.877422,151.103689,9,0,2,1,1,0,0,0,1,2,7,40,2,2040,2040,9,5,28,2,0,1,0,0
1309242,2,2022,2022,11,2,0,387,27,290,331,0,1,1,-33.956158,151.118439,4,0,2,1,2,0,3,4,0,0,7,60,2,9859,9859,8,5,40,1,0,0,1,0
1309244,4,2022,2022,9,4,7,3,27,60,34609,0,1,10,-33.649893,150.287965,8,2,2,1,1,0,0,0,2,0,15,50,0,6545,6545,4,5,5,2,0,1,0,0
1309246,4,2022,2022,9,6,1,2,25,143,34609,0,1,1,-33.697288,151.111672,31,0,2,0,2,0,0,0,0,0,7,50,0,1259,5151,1,30,5,2,0,1,0,0
1309247,1,2022,2022,10,2,7,2126,17,140,2149,0,1,2,-33.788749,150.853619,7,0,2,1,1,0,0,0,2,0,7,80,2,14295,14295,3,16,0,2,0,0,0,1
1309248,2,2022,2022,9,0,5,46,27,109,39,0,1,1,-33.906297,151.14547,32,0,2,1,1,0,0,0,2,0,7,60,1,941,941,1,5,12,2,0,0,1,0
1309249,2,2022,2022,11,0,9,234,27,57,217,0,1,1,-33.596455,151.006446,71,0,2,1,2,0,3,4,0,0,7,60,2,941,941,1,5,13,2,0,0,1,0
1309250,2,2022,2022,10,6,6,67,31,131,34609,0,1,1,-36.07667,146.9172,0,2,1,1,1,0,0,0,2,0,7,50,0,237,162,8,5,40,1,0,0,1,0
1309251,1,2022,2022,9,3,8,29,31,609,48,0,1,9,-33.767356,150.89271,7,0,2,1,1,0,0,0,2,0,0,60,1,57,57,1,10,13,2,0,0,0,1
1309255,2,2022,2022,9,0,4,15,27,43,228,0,1,9,-33.585407,150.867212,29,2,2,1,2,0,0,0,2,0,7,60,2,3775,3775,0,5,5,2,0,0,1,1
1309258,4,2022,2022,10,2,5,98,27,36,34609,0,1,1,-33.536067,149.280219,51,1,0,0,0,0,0,0,2,0,7,100,0,4552,5151,8,22,40,1,0,1,0,0
1309259,4,2022,2022,2,6,10,76,31,39,34609,0,1,1,-31.059275,152.823517,34,2,1,1,0,0,0,3,0,0,7,50,0,30,30,9,5,28,2,0,1,1,0
1309261,2,2022,2022,9,3,4,1,23,7,34609,0,1,1,-35.825609,150.188135,23,2,1,0,0,0,0,0,2,0,7,50,0,4552,5151,8,30,40,1,0,0,1,0
1309262,2,2022,2022,2,2,8,78,31,49,34609,0,1,9,-32.993022,151.68303,37,0,2,1,0,0,0,0,2,0,7,60,0,2040,2040,9,16,28,2,0,0,1,0
1309263,4,2022,2022,9,5,7,1052,14,54,928,0,1,6,-33.463567,151.19355,16,2,2,0,1,0,0,0,2,0,7,60,2,2585,4009,8,9,40,1,0,1,0,0
1309265,2,2022,2022,2,2,0,30,24,167,34609,0,1,9,-33.839195,151.074947,54,0,2,0,0,0,0,0,0,0,0,60,0,1669,1669,3,5,5,2,0,0,1,0
1309267,4,2022,2022,9,3,7,38,27,32,35,0,1,1,-34.610188,150.78736,35,2,1,0,1,0,0,0,2,0,7,80,1,368,368,9,16,28,2,0,1,1,1
1309268,4,2022,2022,9,5,7,60,27,219,262,0,1,2,-32.909609,151.656536,48,0,2,1,1,0,0,0,2,0,7,90,2,1945,1945,5,16,40,1,0,1,0,0
1309269,2,2022,2022,9,4,8,133,10,316,121,0,1,1,-31.485657,152.913432,56,2,1,1,0,0,0,0,2,0,15,70,1,1981,1981,4,5,5,2,0,0,2,0
1309271,4,2022,2022,2,4,2,916,17,22,917,0,1,2,-32.774524,151.610437,42,2,1,1,1,0,0,0,1,0,7,80,2,1192,1192,1,9,27,2,0,1,0,0
1309272,2,2022,2022,9,0,1,3,27,4,34609,0,1,9,-34.864293,150.674767,63,2,1,0,0,0,0,0,0,0,0,60,0,489,489,8,34,40,1,0,0,1,0
1309275,4,2022,2022,9,0,5,163,27,23,34609,0,1,1,-33.7279,150.813648,7,0,2,0,1,0,0,0,2,0,7,50,0,3775,3775,0,5,19,2,0,1,0,0
1309276,2,2022,2022,9,4,7,40,31,363,34609,0,1,7,-33.75633,150.69505,55,0,2,1,2,0,0,0,2,0,0,50,0,6545,6545,4,5,0,2,0,0,1,0
1309277,1,2022,2022,10,3,9,13,10,92,34609,0,1,1,-33.733203,150.945581,71,0,2,1,2,0,0,0,0,0,7,50,0,5929,5929,1,30,19,2,0,0,0,1
1309279,4,2022,2022,2,5,4,34,27,127,799,0,1,9,-33.896041,151.158072,32,0,2,1,0,0,0,0,2,0,0,60,2,14295,14295,3,16,5,2,0,1,0,0
1309280,4,2023,2023,4,3,11,829,27,309,770,0,1,9,-33.816517,151.109438,61,0,2,1,2,0,0,0,0,2,7,60,2,5929,5929,1,5,13,2,0,1,1,0
1309284,2,2022,2022,9,0,10,42,31,77,34609,0,1,1,-32.567432,151.172846,64,2,1,1,2,0,0,0,0,0,7,50,0,9859,9859,8,5,40,1,0,0,1,0
1309298,4,2022,2022,10,2,6,44,27,67,38,1,0,9,-33.874427,150.890268,24,0,2,0,1,0,0,0,2,0,0,60,1,6545,6545,4,5,0,2,0,1,1,0
1309300,2,2023,2023,4,6,11,6,31,163,34609,0,1,10,-33.861537,151.100203,14,0,2,1,2,0,3,4,0,0,15,50,0,6545,6545,4,0,5,2,0,0,2,0
1309308,2,2022,2022,2,4,8,89,36,123,81,0,1,1,-33.754486,148.579,51,1,0,0,0,0,0,3,2,0,7,100,2,1109,787,1,5,12,2,0,0,2,0
1309310,4,2022,2022,2,1,3,3371,17,56,3342,0,1,2,-31.092579,152.853762,34,1,0,0,0,0,0,0,2,0,7,110,2,1850,1463,5,10,40,1,0,1,0,0
1309319,1,2022,2022,2,0,8,126,27,370,168,0,1,10,-34.068104,150.802502,13,0,2,1,3,0,0,0,2,3,7,60,2,14295,14295,3,5,5,2,0,0,0,1
1309321,2,2022,2022,10,1,3,6,10,1,34609,0,1,1,-34.446853,150.47187,78,2,1,1,3,0,0,0,1,0,7,50,0,9859,9859,1,0,0,3,0,0,1,0
1309324,1,2022,2022,8,2,7,2,31,55,34609,0,1,10,-36.229836,149.127152,65,2,1,1,3,0,0,0,2,0,0,50,0,1282,1282,1,0,13,2,0,0,0,1
1309332,1,2022,2022,2,2,7,41,27,102,91,1,0,1,-33.955678,151.229966,59,0,2,1,3,0,0,0,2,0,7,50,1,1945,1945,5,16,40,1,0,0,0,1
1309337,2,2023,2023,4,3,7,59,10,84,231,0,1,9,-33.474743,151.394196,16,2,2,0,3,0,0,0,2,0,7,60,2,3775,3775,0,5,5,2,0,0,1,0
1309339,2,2022,2022,9,1,10,17,27,96,15,0,1,9,-34.237053,150.729263,79,2,2,1,0,0,0,0,3,0,7,80,1,5929,5929,1,10,5,2,0,0,1,0
1309344,2,2022,2022,2,2,10,4,31,33,34609,0,1,9,-33.484386,150.134613,40,2,1,1,0,0,0,0,3,0,0,50,0,489,489,5,22,0,2,0,0,1,0
1309345,2,2022,2022,2,4,10,6,10,75,34609,0,1,9,-32.775163,151.653092,42,2,1,1,2,0,0,0,0,0,7,50,0,340,340,9,5,28,2,0,0,1,0
1309346,4,2022,2022,2,1,5,2261,17,44,2252,0,1,2,-35.36476,147.663361,75,1,0,0,0,0,0,0,2,0,7,110,2,1957,4009,8,0,40,1,0,2,2,0
1309348,1,2022,2022,2,0,7,83,31,532,21,0,1,0,-33.874521,151.208323,69,0,2,1,3,0,0,0,2,0,7,40,1,1391,1391,1,10,19,2,0,0,0,1
1309349,4,2022,2022,9,2,7,31,31,532,34609,0,1,10,-33.865087,151.205621,69,0,2,1,1,0,0,0,2,2,7,40,0,2040,2040,9,5,28,2,0,1,0,0
1309350,4,2022,2022,2,2,5,109,36,14,108,0,1,10,-28.311787,153.436371,72,2,1,1,0,0,0,0,2,0,0,80,1,6545,6545,4,0,13,2,0,1,0,0
1309351,2,2022,2022,9,6,4,2,1,130,34609,0,1,1,-34.466645,150.833691,80,0,2,1,1,0,0,0,2,0,7,50,0,14295,14295,3,16,0,2,0,0,1,0
1309354,2,2022,2022,2,4,4,10,27,62,34609,0,1,1,-33.716293,150.852456,7,0,2,1,1,0,0,0,2,0,7,60,0,4026,4026,8,30,40,1,0,0,1,0
1309357,4,2022,2022,11,4,3,515,14,294,518,0,1,3,-33.942116,150.943471,41,0,2,1,0,0,3,4,2,0,7,100,2,1282,1282,1,10,0,2,0,1,0,1
1309360,2,2022,2022,9,6,4,515,14,294,518,0,1,3,-33.939452,150.923208,41,0,2,1,0,0,0,0,2,0,7,100,2,14295,14295,3,29,13,4,0,0,1,0
1309361,2,2022,2022,9,0,1,7,27,47,14,0,1,1,-35.216641,149.465629,58,1,0,0,0,0,0,0,0,0,7,100,1,1850,1463,5,10,40,1,0,0,1,1
1309363,4,2022,2022,9,5,2,23,1,64,13,0,1,1,-33.702072,150.758058,55,0,2,1,0,0,0,0,1,0,7,70,1,9859,9859,8,0,40,1,0,1,0,0
1309367,2,2022,2022,11,5,2,175,27,66,220,0,1,9,-33.721437,150.93233,7,0,2,0,2,0,3,3,1,2,7,70,2,5929,5929,1,5,13,3,0,0,1,0
1309368,1,2022,2022,10,1,7,280,10,162,240,0,1,9,-33.852024,150.894272,24,0,2,1,2,0,0,0,2,2,7,70,2,14295,14295,3,8,36,2,0,0,0,1
1309370,4,2022,2022,9,0,7,35,27,62,96,0,1,9,-33.895615,151.138575,32,0,2,0,0,0,0,0,2,2,7,50,2,3775,3775,0,15,19,2,0,2,0,0
1309371,2,2022,2022,9,1,3,2209,17,40,2205,0,1,1,-35.769652,150.148457,23,1,0,1,0,0,3,0,2,0,7,90,2,9859,9859,8,5,40,1,0,0,1,0
1309372,2,2022,2022,9,6,7,125,27,21,144,0,1,2,-32.777635,152.003456,57,2,1,0,0,0,0,0,2,0,7,80,2,1259,5151,8,0,40,1,0,0,1,0
1309375,4,2022,2022,2,6,9,7,1,243,34609,0,1,1,-33.948868,150.909171,41,0,2,1,1,0,0,0,2,0,7,50,0,591,591,1,22,5,2,0,1,0,0
1309376,1,2022,2022,9,5,3,330,23,150,233,0,1,9,-33.919415,151.226391,59,0,2,1,3,0,0,0,1,2,7,50,2,14295,14295,3,5,5,2,0,0,0,1
1309377,4,2022,2022,10,3,4,2,27,150,34609,0,1,7,-33.923096,151.225725,59,0,2,1,0,0,0,0,2,0,0,50,0,6545,6545,4,5,27,2,0,1,1,0
1309380,4,2022,2022,9,6,7,36,27,438,25,0,1,9,-33.85894,151.01944,21,0,2,1,1,0,0,0,2,0,7,50,1,926,926,4,30,19,2,0,1,0,0
1309381,2,2022,2022,2,3,1,478,17,96,480,0,1,9,-33.436068,151.385081,16,2,2,1,2,0,0,0,0,2,7,60,2,926,926,4,5,5,2,0,0,1,0
1309383,4,2022,2022,2,3,5,78,31,168,62,0,1,2,-33.706838,150.840199,7,0,2,1,1,0,0,0,2,0,7,70,2,1945,1945,5,16,40,1,0,1,0,0
1309385,1,2022,2022,10,2,9,56,27,130,80,0,1,1,-33.871771,151.194585,69,0,2,1,2,0,0,0,3,0,7,40,2,14295,14295,3,5,5,2,0,0,0,1
1309388,2,2022,2022,9,0,9,49,27,109,34609,0,1,1,-33.969466,150.857641,41,0,2,1,2,0,0,0,2,0,0,40,0,238,238,9,5,28,2,0,0,1,0
1309391,1,2022,2022,9,0,4,2261,17,523,2252,0,1,9,-33.929059,150.91802,41,0,2,1,3,0,0,0,2,0,0,60,2,1282,1282,1,0,27,2,0,0,0,1
1309393,2,2022,2022,11,1,8,103,36,14,103,0,1,1,-32.354172,151.943485,43,1,0,0,0,0,0,0,2,0,7,90,1,1957,4009,8,0,40,1,0,0,1,0
1309394,2,2022,2022,9,2,0,1052,14,21,928,0,1,3,-33.254725,151.403497,16,1,2,1,2,0,0,0,0,0,7,110,2,4026,4026,8,5,40,1,0,0,1,0
1309395,4,2022,2022,2,0,9,4,27,15,34609,0,1,9,-34.07646,150.840041,13,0,2,0,1,0,3,3,2,0,7,50,0,5929,5929,1,5,19,2,0,1,0,0
1309400,2,2022,2022,2,3,7,15,10,5,36,0,1,1,-33.536196,151.305923,16,2,2,1,1,0,0,0,2,0,7,60,1,1981,1981,4,5,5,2,0,0,1,0
1309403,4,2022,2022,11,1,7,15,31,166,34609,0,1,10,-33.409278,149.573701,3,2,1,1,0,0,0,0,2,0,0,50,0,256,256,4,5,27,2,0,1,0,0
1309410,2,2022,2022,9,4,6,14,27,12,34609,0,1,1,-33.492842,151.416818,16,2,2,0,0,0,0,0,2,0,7,50,0,4552,5151,8,0,40,1,0,0,2,0
1309413,4,2022,2022,2,3,4,334,17,98,308,0,1,1,-30.985633,150.204845,51,1,0,1,0,0,0,0,2,0,7,100,2,945,945,5,10,40,1,0,1,0,0
1309418,2,2022,2022,2,3,11,229,14,278,237,0,1,3,-33.760374,151.039371,54,0,2,1,2,0,3,0,0,0,7,100,2,1945,1945,5,5,40,1,0,0,1,0
1309419,2,2022,2022,2,6,5,475,31,5,34609,0,1,1,-28.201154,153.566646,72,2,1,1,0,0,0,0,2,0,7,50,0,175,188,8,10,40,1,0,0,1,0
1309420,2,2022,2022,9,6,6,86,27,9,65,0,1,1,-29.756786,152.928573,18,2,1,0,0,0,0,0,2,0,7,80,1,4552,5151,8,5,40,1,0,0,1,0
1309421,1,2022,2022,2,3,11,171,1,42,29,0,1,1,-33.744584,151.287569,50,0,2,0,2,0,0,0,0,0,7,50,1,4552,5151,8,5,40,1,0,0,0,1
1309422,1,2022,2022,2,2,6,1104,11,532,770,0,1,2,-33.866059,151.203202,69,0,2,1,3,0,3,0,2,0,7,70,2,1945,1945,5,16,40,1,0,0,0,1
1309433,1,2022,2022,2,2,6,16,1,202,118,0,1,1,-33.946678,151.028894,15,0,2,1,3,0,0,0,2,0,7,60,1,14295,14295,3,5,0,3,0,0,0,1
1309434,2,2022,2022,2,4,7,103,27,149,167,0,1,10,-33.986697,151.135408,4,0,2,1,3,0,0,0,2,0,0,60,2,2852,2852,4,5,5,2,0,0,1,0
1309436,1,2022,2022,2,6,8,154,27,145,244,0,1,1,-33.922384,151.059432,15,0,2,1,3,0,0,0,2,0,7,60,2,14295,14295,3,10,5,3,0,0,0,1
1309441,4,2022,2022,9,5,2,27,36,39,34609,0,1,1,-29.748582,152.997447,18,1,0,0,0,0,0,0,1,0,7,100,0,3775,3775,0,10,13,2,0,1,2,0
1309442,1,2022,2022,2,1,5,330,27,121,102,1,0,1,-33.785456,151.28107,50,0,2,1,3,0,0,0,2,0,7,50,2,1945,1945,5,16,40,1,0,0,0,1
1309444,2,2022,2022,10,6,8,1,27,4,34609,0,1,1,-35.797185,147.947044,66,1,0,0,3,0,3,4,2,0,7,100,0,1957,4009,8,10,40,1,0,0,1,0
1309446,4,2022,2022,10,6,0,103,27,39,98,0,1,1,-33.554631,150.837895,29,2,2,1,2,0,0,0,0,0,7,60,2,3775,3775,0,10,12,2,0,1,0,0
1309449,4,2022,2022,2,6,6,115,27,55,114,0,1,9,-33.859078,151.280322,76,0,2,1,1,0,0,0,2,0,9,50,2,1945,1945,5,16,40,1,0,1,0,0
1309450,2,2022,2022,11,5,8,17,27,11,34609,0,1,1,-32.738426,148.580714,11,1,0,0,0,0,0,0,2,0,7,100,0,4552,5151,8,5,40,1,0,0,1,0
1309452,1,2022,2022,9,3,4,34,31,79,8,1,0,9,-33.827188,151.211048,49,0,2,1,3,0,0,0,2,0,0,50,1,1282,1282,1,33,0,2,0,0,0,1
1309453,4,2022,2022,2,3,5,334,17,21,308,0,1,1,-31.407048,152.231952,56,1,0,0,0,0,0,0,2,0,7,100,2,3775,3775,0,16,19,2,0,2,0,0
1309454,1,2022,2022,2,6,7,866,17,44,793,0,1,2,-33.794738,150.983551,54,0,2,1,3,0,0,0,2,0,7,70,2,14295,14295,3,9,0,2,0,0,0,1
1309457,2,2022,2022,9,1,8,2126,17,445,2149,0,1,9,-33.848175,151.048266,21,0,2,1,0,0,0,0,2,2,7,60,2,14295,14295,3,5,19,3,0,0,1,0