Crash ID,Degree of crash - detailed,Reporting year,Year of crash,Month of crash,Day of week of crash,Two-hour intervals,Street of crash,Street type,Town,Route no.,School zone location,School zone active,Type of location,Latitude,Longitude,LGA,Urbanisation,Conurbation 1,Alignment,Street lighting,Road surface,Surface condition,Weather,Natural lighting,Signals operation,Other traffic control,Speed limit,Road classification,RUM - code,DCA - code,First impact type,Key TU type,Other TU type,No. of traffic units involved,No. killed,No. seriously injured,No. moderately injured,No. minor-other injured
1309458,1,2022,2022,2,1,8,1,27,126,34609,0,1,10,-33.94276,150.796722,41,0,2,1,3,0,0,0,2,0,0,50,0,6545,6545,4,5,0,2,0,0,0,1
1309459,2,2023,2023,4,1,5,32,27,72,563,0,1,2,-34.011618,151.010356,68,0,2,1,3,0,0,0,2,0,7,80,2,14295,14295,3,10,5,3,0,0,1,0
1309461,1,2023,2023,4,6,7,63,27,187,17,0,1,1,-33.895872,150.991016,15,0,2,1,3,0,0,0,2,0,7,60,1,1981,1981,4,0,5,2,0,0,0,1
1309464,2,2022,2022,2,2,0,4,10,70,3,0,1,1,-32.729975,151.551407,42,2,1,0,2,0,0,0,0,0,7,50,1,4552,5151,8,5,40,1,0,0,1,0
1309465,4,2022,2022,9,1,10,149,27,294,198,0,1,9,-33.941684,150.942119,41,0,2,1,2,0,0,0,0,2,7,60,2,926,926,4,5,5,2,0,1,1,2
1309466,1,2022,2022,2,6,5,1,27,224,34609,0,1,9,-33.827555,151.249491,45,0,2,1,1,0,0,0,2,0,7,50,0,6545,6545,4,5,25,2,0,0,0,1
1309470,2,2022,2022,9,5,8,100,27,109,799,0,1,1,-33.904819,151.138513,32,0,2,1,0,0,0,0,2,0,7,60,2,186,186,9,9,28,2,0,0,1,0
1309471,2,2022,2022,2,2,5,8,31,113,34609,0,1,1,-29.473127,149.843043,51,2,1,1,1,0,0,0,2,0,7,50,0,1981,1981,4,5,0,2,0,0,2,0
1309472,2,2022,2022,5,2,8,225,27,304,34609,0,1,1,-33.908852,151.157977,32,0,2,1,0,0,0,0,0,0,7,50,0,387,387,1,22,0,2,0,0,1,0
1309473,2,2022,2022,9,1,10,485,27,25,769,0,1,1,-33.61325,150.831992,29,2,2,1,3,0,2,6,0,0,7,80,2,14295,14295,3,9,5,2,0,0,1,0
1309476,2,2022,2022,5,0,7,78,31,57,34609,0,1,10,-32.819323,151.481267,17,2,1,1,1,2,0,0,2,0,0,40,0,6545,6545,4,5,13,2,0,0,1,0
1309479,2,2022,2022,2,4,6,6,31,137,34609,0,1,9,-32.965935,151.693576,37,0,2,1,1,0,0,0,2,2,7,50,0,1981,1981,4,5,0,3,0,0,1,0
1309484,2,2022,2022,9,4,3,8,27,38,34609,0,1,7,-33.946964,151.064072,15,0,2,1,1,0,0,0,2,0,0,50,0,6545,6545,4,5,12,2,0,0,1,0
1309486,4,2023,2023,4,5,4,255,31,64,46,1,0,1,-33.483324,150.141082,40,2,1,1,1,0,0,0,2,0,7,50,2,623,623,3,16,5,2,0,1,0,0
1309493,1,2022,2022,9,0,7,109,27,44,169,0,1,9,-32.810827,151.431621,17,2,1,1,2,0,0,0,2,2,7,60,2,14295,14295,3,33,40,4,0,0,0,1
1309495,4,2023,2023,4,1,8,6,27,201,34609,0,1,1,-34.006496,150.845517,13,0,2,1,0,0,0,0,2,0,7,60,0,9859,9859,1,21,8,2,0,1,1,0
1309496,2,2022,2022,2,5,9,6,27,29,34609,0,1,1,-28.803493,153.593052,2,2,1,1,1,0,0,0,3,0,7,60,0,387,387,1,22,40,2,0,0,1,0
1309499,2,2022,2022,2,0,9,330,27,108,605,0,1,9,-33.759846,151.278598,50,0,2,1,1,0,0,0,2,0,7,60,2,775,775,4,0,19,2,0,0,1,0
1309502,4,2023,2023,4,3,6,229,14,98,237,0,1,3,-33.757155,151.058482,54,0,2,0,0,0,3,4,2,0,7,100,2,1850,1463,5,16,40,1,0,1,0,0
1309505,2,2022,2022,9,4,4,2126,17,60,2149,0,1,2,-33.767106,150.753416,55,0,2,1,1,0,0,0,2,0,7,80,2,1383,1383,1,16,0,2,0,0,1,0
1309506,2,2022,2022,2,1,8,866,17,149,793,0,1,10,-33.815783,150.963909,21,0,2,1,1,0,0,0,2,2,7,70,2,5929,5929,1,0,36,2,0,0,1,1
1309515,2,2023,2023,4,5,3,89,27,182,228,0,1,7,-32.833603,151.352312,17,2,1,1,1,0,0,0,2,0,0,60,1,6545,6545,4,30,5,2,0,0,1,0
1309516,4,2022,2022,11,2,5,1,27,2,34609,0,1,1,-30.863327,152.711253,34,2,1,0,0,2,0,0,2,0,7,80,0,2585,4009,8,16,40,1,0,1,0,0
1309518,4,2022,2022,5,2,8,1052,27,69,262,0,1,7,-32.906644,151.692838,48,0,2,0,1,0,0,0,2,0,0,60,2,2585,4009,8,0,40,1,0,1,0,0
1309521,4,2022,2022,11,4,0,14,27,8,34609,0,1,1,-34.024407,150.656898,79,2,2,1,0,0,3,4,0,0,7,80,0,475,475,5,30,40,1,0,1,0,0
1309525,2,2022,2022,2,0,4,101,10,49,121,0,1,2,-34.039574,151.141804,68,0,2,0,3,0,0,0,2,0,7,70,1,14295,14295,3,5,13,2,0,0,1,0
1309527,2,2022,2022,10,1,7,1,27,64,34609,0,1,1,-34.040029,150.731301,12,0,2,1,1,0,0,0,2,0,7,50,0,1981,1981,4,9,5,4,0,0,2,0
1309531,4,2022,2022,10,1,8,330,23,35,39,1,0,10,-33.963484,151.2459,59,0,2,1,0,0,0,0,2,0,15,60,1,6545,6545,4,0,19,2,0,1,0,0
1309536,1,2022,2022,2,4,2,59,31,363,9,1,0,1,-33.818515,151.011358,54,0,2,1,3,0,3,4,0,0,7,60,1,9859,9859,1,9,5,2,0,0,0,1
1309537,4,2022,2022,9,6,4,45,27,304,96,0,1,9,-33.912096,151.165398,32,0,2,1,1,0,0,0,2,0,0,60,2,1220,1220,9,9,28,2,0,1,0,0
1309538,2,2022,2022,10,1,8,8,31,204,34609,0,1,1,-33.931629,151.147145,4,0,2,1,1,0,0,0,2,0,7,50,0,14295,14295,3,5,5,2,0,0,1,0
1309541,4,2022,2022,2,0,5,194,31,84,34609,0,1,10,-31.095066,150.922678,70,2,1,1,1,0,0,0,2,0,0,50,0,6545,6545,4,5,5,2,0,1,0,1
1309546,4,2023,2023,4,3,5,7,27,172,17,0,1,1,-32.779643,151.561918,42,2,1,1,3,0,0,3,2,0,7,80,1,9859,9859,8,5,40,1,0,1,0,0
1309547,1,2022,2022,2,3,4,1,1,167,34609,0,1,9,-33.842151,151.062349,54,0,2,0,3,0,2,6,2,3,15,60,0,1192,1192,1,30,27,2,0,0,0,1
1309549,2,2022,2022,2,5,5,916,17,5,917,0,1,1,-30.124248,151.685984,1,1,0,0,3,0,0,0,2,0,7,100,2,1957,4009,8,5,40,1,0,0,1,0
1309550,4,2022,2022,2,6,3,2,31,87,34609,0,1,7,-34.059177,151.154002,68,0,2,1,1,0,0,0,1,0,0,50,0,1220,1220,9,0,26,2,0,1,1,0
1309552,2,2022,2022,2,2,2,84,10,9,80,0,1,1,-34.219966,150.983984,80,0,2,0,0,0,3,0,1,0,7,60,2,1259,5151,8,0,40,1,0,0,1,0
1309557,4,2022,2022,10,0,5,1052,14,83,928,0,1,3,-33.513578,151.192185,16,1,2,1,0,0,0,3,2,0,7,100,2,204,204,1,29,10,2,0,1,0,0
1309559,4,2022,2022,2,2,9,1104,14,143,962,0,1,3,-33.868731,151.103192,9,0,2,0,2,0,0,0,2,0,7,80,2,4552,5151,8,5,40,2,0,1,0,0
1309567,2,2022,2022,1,6,5,2,10,29,34609,0,1,1,-35.134492,147.332009,75,2,1,0,1,0,0,0,2,0,7,50,0,2585,4009,8,5,40,1,0,0,1,0
1309588,2,2022,2022,10,0,2,3,31,169,34609,0,1,9,-33.617996,150.721441,29,2,2,0,3,0,3,1,1,0,7,80,0,1957,4009,8,0,40,1,0,0,1,0
1309591,1,2022,2022,9,1,7,294,17,6,288,0,1,1,-34.203266,142.245402,51,1,0,1,0,0,0,0,2,0,7,100,2,1109,787,1,5,19,2,0,0,0,1
1309593,1,2022,2022,11,2,6,2,23,90,34609,0,1,9,-33.787744,150.951172,21,0,2,1,3,0,0,0,2,0,7,50,0,387,387,1,5,5,2,0,0,0,2
1309596,2,2022,2022,2,1,7,72,14,174,71,0,1,3,-33.896901,151.215898,69,0,2,1,1,0,0,0,2,0,7,80,2,9859,9859,8,9,40,2,0,0,3,0
1309598,2,2022,2022,10,4,5,1,31,96,34609,0,1,10,-33.38469,148.006279,51,2,1,1,3,0,3,3,2,0,15,40,0,6545,6545,4,5,13,2,0,0,1,0
1309599,2,2022,2022,2,0,8,5,27,2,34609,0,1,1,-29.305045,151.706924,51,2,1,1,0,0,3,3,2,0,7,80,0,9859,9859,8,34,40,1,0,0,1,0
1309601,2,2023,2023,4,2,8,12,31,284,34609,0,1,10,-33.91045,151.013809,15,0,2,1,3,0,0,0,3,0,15,50,0,6545,6545,4,5,5,2,0,0,2,0
1309602,1,2022,2022,2,0,8,1104,14,149,962,0,1,3,-33.817124,150.976597,21,0,2,1,3,0,0,0,3,0,7,90,2,14295,14295,3,0,5,2,0,0,0,3
1309603,1,2022,2022,5,0,6,2209,17,176,2205,0,1,9,-33.94843,151.139962,4,0,2,1,3,0,0,0,2,3,7,60,2,14295,14295,3,33,13,2,0,0,0,1
1309604,1,2022,2022,10,4,8,125,27,108,123,0,1,7,-33.305881,151.409034,16,2,2,1,3,0,3,4,2,0,0,70,2,14295,14295,3,5,0,2,0,0,0,1
1309605,1,2023,2023,4,1,3,16,25,58,34609,0,1,9,-33.76573,151.144092,36,0,2,1,3,0,0,0,1,0,7,50,0,5929,5929,1,10,0,2,0,0,0,1
1309606,1,2022,2022,2,4,5,7,31,49,34609,0,1,9,-32.98913,151.678885,37,0,2,1,3,0,0,0,2,0,7,60,0,1669,1669,3,30,0,2,0,0,0,1
1309607,1,2022,2022,2,2,6,14,27,14,34609,0,1,1,-34.368979,148.386843,30,1,0,1,0,0,0,0,2,0,7,100,0,4026,4026,8,10,40,1,0,0,0,2
1309610,4,2022,2022,10,2,6,17,27,106,157,0,1,9,-28.842656,153.036152,60,2,1,1,1,0,0,0,2,0,7,50,2,4552,985,8,0,40,1,0,1,0,0
1309620,1,2023,2023,4,1,11,133,17,5,121,0,1,1,-37.16649,149.319739,65,1,0,1,3,0,0,3,0,0,7,100,2,1089,1089,7,0,40,1,0,0,0,1
1309622,2,2023,2023,4,4,9,117,27,73,702,0,1,9,-33.828596,151.089166,14,0,2,1,0,0,0,0,2,2,7,70,2,14295,14295,3,0,5,3,0,0,1,1
1309623,4,2022,2022,10,0,3,8,10,154,34609,0,1,7,-33.710414,150.937975,71,0,2,1,0,0,0,0,2,0,0,60,0,14295,14295,3,5,5,2,0,1,0,0
1309625,1,2022,2022,10,4,7,77,31,445,563,0,1,10,-33.884727,151.039954,21,0,2,1,3,0,0,6,2,3,7,80,2,1391,1391,1,9,0,2,0,0,0,1
1309626,2,2022,2022,9,0,11,21,27,103,34609,0,1,1,-34.307843,148.308663,30,2,1,1,2,0,0,0,0,0,7,50,0,1220,1220,9,33,28,3,0,0,1,0
1309628,2,2022,2022,2,4,10,4,22,176,159,0,1,1,-33.95349,151.136468,4,0,2,0,2,0,0,0,0,0,7,60,2,4552,5151,8,10,40,1,0,0,2,0
1309629,4,2022,2022,2,0,9,20,27,252,31,0,1,7,-33.944487,150.882271,41,0,2,1,1,0,0,0,2,0,0,60,1,14295,14295,3,5,5,3,0,1,0,0
1309630,2,2022,2022,2,4,7,84,10,9,80,0,1,1,-34.222295,150.993813,80,0,2,0,0,0,3,4,2,0,7,60,2,3775,3775,0,30,5,2,0,0,1,0
1309636,4,2022,2022,2,3,5,2209,17,144,2205,0,1,2,-34.07905,151.010771,68,0,2,1,1,0,0,3,2,0,7,70,2,1945,1945,5,16,40,2,0,1,1,0
1309637,2,2022,2022,2,2,5,89,27,182,228,0,1,10,-32.840024,151.341125,17,2,1,1,0,0,0,0,2,0,7,60,1,1669,1669,3,5,5,2,0,0,1,0
1309644,1,2022,2022,2,4,7,168,10,387,260,0,1,2,-33.946094,151.173517,4,0,2,1,1,0,0,0,2,0,7,70,2,14295,14295,3,5,5,3,0,0,0,1
1309652,4,2022,2022,10,3,5,5,27,11,13,0,1,1,-35.707383,146.72502,27,1,0,1,0,0,0,0,2,0,7,100,1,9859,9859,8,5,40,1,0,1,0,0
1309654,2,2022,2022,10,1,8,2209,17,166,2205,0,1,1,-33.90305,151.179552,32,0,2,1,0,0,0,0,2,0,7,40,2,14295,14295,3,5,41,2,0,0,1,0
1309657,4,2022,2022,2,1,5,57,27,337,47,0,1,10,-33.731958,151.000699,71,0,2,1,1,0,0,0,2,0,7,60,2,775,775,4,0,5,2,0,1,0,0
1309663,4,2022,2022,9,6,10,3371,17,207,3342,0,1,1,-33.571196,151.192305,31,0,2,0,0,0,0,0,0,0,7,80,2,1957,4009,8,16,40,1,0,1,0,0
1309665,4,2022,2022,9,3,9,1,27,13,34609,0,1,1,-33.606994,151.040826,31,0,2,1,1,2,0,0,2,0,7,60,0,1945,1945,5,16,40,1,0,1,0,0
1309667,2,2022,2022,10,2,7,14,31,283,34609,0,1,1,-33.841409,151.010303,21,0,2,1,1,0,0,0,2,0,7,50,0,14295,14295,3,33,5,2,0,0,1,0
1309672,4,2022,2022,9,4,6,84,27,61,415,0,1,9,-33.769244,151.136257,36,0,2,1,1,0,0,0,2,2,7,70,2,1282,1282,1,5,40,2,0,1,0,0
1309677,4,2022,2022,9,1,1,7,27,12,7,0,1,1,-33.897739,150.738517,41,0,2,1,0,0,0,0,0,0,7,80,1,9859,9859,8,10,40,1,0,1,0,0
1309679,2,2023,2023,4,5,10,3371,17,31,3342,0,1,9,-30.342429,153.071727,19,1,0,1,3,0,0,0,0,0,2,100,2,2585,777,8,10,40,1,0,0,1,0
1309682,2,2022,2022,9,2,10,4,27,24,34609,0,1,1,-33.420782,151.395613,16,2,2,0,0,0,0,0,0,0,7,60,0,4552,5151,8,5,40,1,0,0,1,0
1309683,4,2022,2022,2,4,4,1,31,48,34609,0,1,7,-28.280162,153.57433,72,2,1,0,1,0,0,0,2,0,0,50,0,6545,6545,4,5,27,2,0,1,0,0
1309687,4,2022,2022,9,4,9,45,3,36,331,0,1,1,-34.069649,150.703622,12,0,2,1,0,0,0,0,2,0,7,80,2,4026,4026,8,16,40,1,0,1,0,0
1309695,2,2022,2022,2,2,9,17,27,562,34609,0,1,1,-32.386947,148.571958,22,1,0,0,0,0,3,0,2,0,7,100,0,1259,5151,8,34,40,1,0,0,1,0
1309697,1,2022,2022,9,1,4,1104,14,323,962,0,1,3,-33.802026,150.885134,7,0,2,1,1,0,0,0,2,0,7,100,2,14295,14295,3,0,5,3,0,0,0,1
1309698,1,2022,2022,9,6,6,12,31,204,34609,0,1,4,-33.887165,151.125598,32,0,2,0,3,0,0,0,2,0,7,50,0,2585,4009,8,5,40,1,0,0,0,1
1309699,2,2022,2022,2,6,10,1052,14,207,928,0,1,3,-33.553846,151.192358,31,0,2,0,0,0,3,0,0,0,7,110,2,1259,5151,8,29,40,1,0,0,1,0
1309700,2,2022,2022,2,6,3,13,27,20,34609,0,1,9,-33.791619,151.091073,61,0,2,1,3,0,2,6,1,0,0,50,0,9859,9859,1,10,10,2,0,0,1,0
1309701,2,2022,2022,2,0,6,171,27,24,369,0,1,2,-33.948265,150.738298,12,0,2,1,1,0,0,0,2,0,7,80,2,9859,9859,1,10,10,2,0,0,1,0
1309703,2,2022,2022,10,1,7,3,27,9,34609,0,1,1,-32.39332,151.964599,43,2,1,0,0,0,0,0,2,0,7,50,0,2585,4009,8,0,40,1,0,0,1,0
1309705,4,2023,2023,4,2,9,866,17,171,793,0,1,2,-33.80684,150.969526,21,0,2,1,1,0,0,0,2,0,7,70,2,14295,14295,3,0,5,3,0,1,1,1
1309706,1,2022,2022,2,5,4,98,27,609,136,0,1,9,-33.782631,150.920291,7,0,2,0,1,0,0,0,2,2,7,60,2,2852,2852,4,30,5,2,0,0,0,1
1309709,2,2022,2022,2,2,5,55,36,2,35,0,1,1,-32.650342,150.01997,44,1,0,0,0,0,0,0,2,0,7,100,1,2585,4009,8,10,40,1,0,0,1,0
1309711,2,2022,2022,10,6,9,77,10,20,331,0,1,9,-34.087524,150.695142,12,0,2,1,0,0,0,0,3,0,0,80,2,2852,2852,4,0,13,2,0,0,1,0
1309712,2,2022,2022,10,5,11,5,27,4,10,0,1,1,-36.845695,149.526933,5,2,1,0,0,0,3,1,0,0,7,60,1,1957,4009,8,5,40,1,0,0,1,0
1309713,4,2022,2022,2,0,8,78,17,39,75,0,1,2,-33.848787,151.212725,49,0,2,1,0,0,0,0,2,0,7,70,2,1383,1383,1,5,22,4,0,1,0,0
1309714,2,2022,2022,9,6,5,2261,17,92,2252,0,1,3,-34.003774,150.836384,13,0,2,1,0,0,0,0,2,0,7,110,2,1383,1383,1,15,13,2,0,0,1,0
1309715,4,2022,2022,9,5,0,2261,17,70,2252,0,1,2,-34.565813,150.254474,78,1,0,0,0,0,3,4,0,0,7,110,2,1259,5151,8,9,40,1,0,2,1,0
1309717,4,2022,2022,2,2,10,35,31,532,34609,0,1,0,-33.876725,151.208374,69,0,2,1,2,0,0,0,0,0,7,40,0,1192,1192,1,22,27,2,0,1,0,1
1309719,2,2022,2022,10,3,6,109,36,14,108,0,1,10,-28.311787,153.436371,72,2,1,1,1,0,3,4,2,0,0,80,1,6545,6545,4,30,5,2,0,0,2,0
1309720,2,2023,2023,4,4,6,1,1,193,34609,0,1,1,-33.783863,151.084078,54,0,2,1,1,0,0,0,2,0,7,50,0,368,368,9,5,28,2,0,0,1,0
1309722,4,2022,2022,2,0,11,255,27,71,166,0,1,9,-33.264182,151.543582,16,2,2,1,2,0,0,0,0,0,7,50,2,323,323,1,16,12,2,0,1,0,0
1309723,4,2022,2022,10,2,2,69,31,445,59,0,1,1,-33.866931,151.047542,21,0,2,1,0,0,0,0,1,0,7,60,1,9859,9859,1,21,10,2,0,2,0,0
1309725,1,2022,2022,10,4,7,15,31,24,34609,0,1,10,-33.831693,151.166649,38,0,2,1,0,0,0,0,2,0,0,50,0,14295,14295,3,0,36,2,0,0,0,1
1309726,2,2022,2022,10,3,4,255,27,35,166,0,1,1,-33.268476,151.556002,16,2,2,1,0,0,0,0,2,0,7,50,2,9859,9859,1,5,13,2,0,0,2,0
1309728,2,2022,2022,9,1,6,165,31,67,34609,0,1,10,-33.647326,150.904877,71,0,2,1,1,0,0,0,2,0,0,60,0,5929,5929,1,10,0,2,0,0,1,0
1309729,4,2022,2022,9,2,6,24,31,290,28,0,1,1,-33.845861,150.98026,21,0,2,1,1,0,0,0,2,0,7,50,1,3775,3775,0,0,5,3,0,1,0,0
1309730,4,2022,2022,10,2,8,2261,17,45,2252,0,1,3,-34.295264,150.619246,79,1,2,1,0,0,0,0,2,0,7,110,2,945,945,5,5,40,1,0,1,0,0
1309732,1,2022,2022,9,6,3,3371,17,18,3342,0,1,2,-33.003872,151.685568,37,0,2,1,3,0,0,0,2,0,7,80,2,475,475,5,5,40,1,0,0,0,1
1309733,4,2022,2022,9,6,5,8,27,6,34609,0,1,1,-34.538018,150.490563,78,2,1,1,0,0,0,3,2,0,7,80,0,9859,9859,8,30,40,1,0,1,0,1
1309734,4,2022,2022,2,2,0,11,31,65,42,0,1,1,-32.92832,151.784169,48,0,2,1,2,0,0,0,0,0,7,40,1,312,312,2,0,40,1,0,1,0,0
1309738,4,2022,2022,9,1,1,2209,17,88,2205,0,1,2,-33.991636,151.114009,25,0,2,0,2,0,3,4,0,0,7,60,2,41,41,8,5,40,1,0,1,0,0
1309740,2,2022,2022,2,1,8,224,31,316,34609,0,1,10,-33.91653,151.236539,59,0,2,1,0,0,0,0,2,3,7,40,0,5929,5929,1,5,19,2,0,0,1,0
1309741,2,2022,2022,9,4,10,35,1,43,52,0,1,9,-33.724915,150.788253,7,0,2,1,2,0,3,4,0,2,7,70,1,5929,5929,1,10,5,2,0,0,2,0
1309744,4,2022,2022,2,3,6,44,27,67,34609,0,1,1,-33.665053,150.902808,71,0,2,0,0,0,0,0,2,0,7,60,0,4552,5151,8,16,40,1,0,1,0,0
1309746,1,2022,2022,2,5,4,118,27,646,118,0,1,9,-33.932747,151.027649,15,0,2,1,3,0,0,3,2,2,7,50,1,14295,14295,3,5,5,2,0,0,0,1
1309747,2,2022,2022,2,3,11,41,27,173,34609,0,1,1,-33.708644,151.13313,36,0,2,1,2,0,3,0,0,0,7,50,0,4026,4026,8,5,40,1,0,0,1,0
1309750,4,2022,2022,2,4,6,18,27,89,27,0,1,1,-33.68126,150.787121,55,0,2,1,1,0,0,0,2,0,8,80,1,623,623,3,5,12,2,0,1,0,0
1309758,1,2023,2023,4,0,5,37,27,62,256,0,1,9,-34.088821,150.806007,13,0,2,1,3,0,3,4,2,2,7,80,2,1282,1282,1,0,5,2,0,0,0,1
1309759,2,2023,2023,4,1,10,26,31,646,118,0,1,9,-33.914196,151.031891,15,0,2,1,3,0,0,0,0,2,7,60,1,2852,2852,4,5,5,2,0,0,2,1
1309761,1,2022,2022,1,6,9,2,10,66,34609,0,1,9,-33.721147,150.920338,7,0,2,1,3,0,0,0,2,0,0,50,0,941,941,1,0,36,2,0,0,0,1
1309764,1,2023,2023,4,0,9,11,31,78,51,0,1,7,-33.857272,151.087956,14,0,2,1,3,0,3,4,2,0,7,50,1,14295,14295,3,5,5,2,0,0,0,1
1309766,2,2022,2022,9,5,7,15,31,166,34609,0,1,1,-33.422482,149.580112,3,2,1,1,3,0,0,0,2,0,7,50,0,214,214,9,0,28,2,0,0,1,0
1309770,1,2022,2022,2,5,8,2126,17,363,2149,0,1,10,-33.819396,151.000213,54,0,2,1,3,0,0,0,2,2,7,60,2,14295,14295,3,5,5,2,0,0,0,1
1309775,1,2022,2022,2,4,8,7,27,290,34609,0,1,1,-33.946059,151.122635,4,0,2,0,3,0,3,3,2,0,7,50,0,3775,3775,0,5,13,2,0,0,0,1
1309776,1,2022,2022,2,1,9,149,10,136,702,0,1,2,-33.865925,151.065579,67,0,2,1,3,0,0,0,3,0,7,80,2,1383,1383,1,16,0,2,0,0,0,1
1309777,1,2022,2022,2,2,4,283,27,197,702,0,1,9,-33.943083,151.077094,15,0,2,1,3,0,0,0,2,2,7,60,2,1282,1282,1,29,5,2,0,0,0,1
1309778,2,2022,2022,2,1,6,3,27,2,3,0,1,1,-29.431164,151.752518,51,1,0,1,3,0,3,4,2,0,7,100,1,945,945,5,10,40,1,0,0,1,0
1309781,1,2023,2023,4,4,11,4,22,168,34609,0,1,7,-33.718537,150.841227,7,0,2,1,3,0,0,0,0,0,0,50,0,1192,1192,1,30,5,2,0,0,0,1
1309783,4,2023,2023,4,6,10,76,32,646,34609,0,1,0,-33.917422,151.034415,15,0,2,1,3,0,0,0,0,0,7,40,0,9859,9859,1,10,5,2,0,1,0,1
1309788,1,2022,2022,3,2,7,125,27,290,103,0,1,10,-33.863022,151.006226,21,0,2,1,3,0,3,4,2,2,7,60,1,14295,14295,3,5,0,4,0,0,0,1
1309791,1,2022,2022,2,1,6,33,27,61,34609,0,1,1,-32.923596,151.724307,48,0,2,1,1,0,0,0,2,0,7,50,0,9859,9859,1,0,0,2,0,0,0,1
1309797,1,2023,2023,4,2,3,126,1,226,144,0,1,9,-33.766228,150.817094,7,0,2,1,3,0,3,4,2,2,7,60,2,14295,14295,3,8,5,2,0,0,0,1
1309805,4,2022,2022,2,4,3,31,27,17,69,0,1,10,-33.792837,151.156393,61,0,2,0,0,0,0,0,2,0,7,60,2,14295,14295,3,16,10,2,0,1,0,0
1309806,1,2022,2022,9,6,3,169,27,80,61,0,1,1,-33.82535,151.175483,38,0,2,1,0,0,0,0,2,0,7,50,1,1192,1192,1,0,27,2,0,0,0,1
1309807,2,2022,2022,9,6,8,26,27,71,38,0,1,9,-33.834194,150.968903,21,0,2,1,1,0,0,0,2,0,7,60,1,5929,5929,1,10,5,2,0,0,2,0
1309808,2,2022,2022,2,5,6,56,23,129,144,0,1,2,-33.899312,151.08954,9,0,2,1,1,0,0,0,2,0,7,60,2,14295,14295,3,10,5,2,0,0,1,0
1309812,4,2022,2022,11,1,5,84,10,39,80,0,1,10,-34.314607,150.925026,80,0,2,1,1,0,0,0,2,0,15,50,2,5929,5929,1,5,19,2,0,1,0,0
1309815,2,2022,2022,2,2,6,3,6,63,34609,0,1,9,-33.24479,151.498766,16,2,2,1,1,0,0,0,2,0,0,50,0,1669,1669,3,21,5,2,0,0,1,1
1309818,2,2022,2022,2,5,10,163,27,95,165,0,1,10,-33.736153,150.837149,7,0,2,1,2,0,0,0,0,2,7,60,1,5929,5929,1,5,25,2,0,0,2,0
1309822,2,2023,2023,4,0,4,51,27,278,34609,0,1,1,-33.784213,151.052775,54,0,2,0,0,0,3,4,2,0,7,50,0,2585,4009,8,5,40,1,0,0,1,0
1309826,2,2022,2022,9,5,4,191,17,13,189,0,1,1,-32.446208,150.834416,46,1,0,1,1,0,0,0,2,0,7,100,2,14295,14295,3,0,13,2,0,0,1,0
1309829,2,2022,2022,2,1,5,12,31,77,321,0,1,9,-33.88542,151.202882,69,0,2,1,3,0,0,0,2,2,7,40,2,3775,3775,0,5,0,2,0,0,1,0
1309830,1,2023,2023,4,1,9,2209,17,26,2205,0,1,9,-33.919162,151.16927,32,0,2,1,2,0,0,0,3,2,7,60,2,5929,5929,1,30,5,2,0,0,0,1
1309833,4,2022,2022,10,0,9,6,27,193,34609,0,1,1,-33.790187,151.076319,61,0,2,1,0,0,0,0,2,0,7,50,0,1220,1220,9,5,28,2,0,1,0,0
1309834,4,2023,2023,4,5,5,3371,17,29,3342,0,1,2,-32.196989,152.325089,43,1,0,0,0,0,0,0,2,0,7,100,2,2585,4009,8,10,40,1,0,1,0,0
1309837,4,2022,2022,2,0,8,10,31,17,91,0,1,1,-34.780973,149.268771,74,2,1,1,0,0,0,0,2,0,7,50,1,9859,9859,8,17,40,1,0,1,0,0
1309843,1,2022,2022,11,3,7,109,36,6,108,0,1,1,-28.294772,153.459005,72,1,0,0,0,0,0,0,2,0,7,100,1,2585,4009,8,34,40,1,0,0,0,1
1309844,2,2023,2023,4,6,7,1104,14,283,962,0,1,3,-33.82761,151.015311,54,0,2,1,3,0,0,0,2,0,7,90,2,14295,14295,3,10,0,7,0,0,3,0
1309847,2,2023,2023,4,2,9,13,27,9,34609,0,1,1,-30.961385,152.985964,34,2,1,0,0,0,3,4,2,0,7,80,0,2585,4009,8,0,40,1,0,0,2,0
1309850,4,2022,2022,9,0,10,1052,27,104,262,0,1,9,-32.908478,151.700821,48,0,2,1,0,0,0,0,0,0,15,60,2,9859,9859,1,0,0,2,0,1,0,0
1309852,2,2023,2023,4,6,11,3371,17,463,3342,0,1,9,-30.295511,153.114699,19,2,1,1,2,0,0,0,0,0,7,60,2,1220,1220,9,0,28,2,0,0,1,0
1309854,2,2022,2022,2,6,0,2126,17,438,2149,0,1,10,-33.837919,151.026996,21,0,2,1,2,0,0,0,0,2,9,60,2,5929,5929,1,0,5,2,0,0,1,0
1309855,1,2022,2022,9,4,9,30,31,78,34609,0,1,9,-33.86132,151.006561,21,0,2,1,2,0,0,0,3,0,7,50,0,926,926,4,0,5,2,0,0,0,1
1309857,2,2022,2022,2,2,7,25,31,87,100,0,1,7,-34.48171,150.41726,78,2,1,1,1,0,0,0,2,0,0,50,2,5929,5929,1,15,5,2,0,0,1,0
1309858,2,2023,2023,4,0,8,1052,14,87,928,0,1,3,-33.0625,151.478418,37,0,2,0,0,0,3,4,2,0,7,110,2,782,957,5,10,40,1,0,0,1,0
1309864,1,2022,2022,9,3,9,8,1,165,78,0,1,9,-33.856845,151.145627,14,0,2,1,0,0,0,0,2,0,0,50,2,2040,2040,9,0,28,2,0,0,0,1