Crash ID,Degree of crash - detailed,Reporting year,Year of crash,Month of crash,Day of week of crash,Two-hour intervals,Street of crash,Street type,Town,Route no.,School zone location,School zone active,Type of location,Latitude,Longitude,LGA,Urbanisation,Conurbation 1,Alignment,Street lighting,Road surface,Surface condition,Weather,Natural lighting,Signals operation,Other traffic control,Speed limit,Road classification,RUM - code,DCA - code,First impact type,Key TU type,Other TU type,No. of traffic units involved,No. killed,No. seriously injured,No. moderately injured,No. minor-other injured
1309866,2,2023,2023,4,0,9,3371,17,65,3342,0,1,2,-30.389763,153.036293,19,1,0,1,0,0,0,0,2,0,7,110,2,14295,14295,3,5,5,2,0,0,1,0
1309868,1,2022,2022,2,3,7,69,31,646,563,0,1,10,-33.910709,151.041911,15,0,2,1,3,0,0,0,2,2,7,60,2,14295,14295,3,5,5,2,0,0,0,1
1309870,2,2023,2023,4,1,3,36,1,53,34609,0,1,10,-33.920849,150.829742,41,0,2,1,3,0,0,0,1,0,15,60,0,14295,14295,3,10,13,2,0,0,1,0
1309872,4,2022,2022,2,0,8,7,10,66,260,0,1,9,-32.926262,151.650831,37,0,2,1,1,0,0,0,2,2,7,70,2,2852,2852,4,0,13,2,0,1,0,3
1309874,4,2022,2022,2,5,7,1,34,13,34609,0,1,9,-33.389198,150.182327,40,2,1,1,0,2,0,0,2,0,7,80,0,1945,1945,5,16,40,1,0,1,0,0
1309878,2,2023,2023,4,3,1,4,10,55,34609,0,1,1,-35.394548,149.204747,58,2,1,0,3,0,0,0,0,0,7,50,0,2585,4009,8,5,40,1,0,0,1,0
1309880,4,2022,2022,2,4,11,32,27,33,563,0,1,2,-33.975669,151.030833,15,0,2,1,2,0,0,0,0,0,7,80,2,14295,14295,3,0,0,2,0,1,1,0
1309881,2,2023,2022,9,6,5,10,31,165,34609,1,0,9,-32.269838,150.896375,46,2,1,1,3,0,0,0,2,0,0,50,0,14295,14295,3,5,12,2,0,0,1,0
1309886,1,2023,2023,4,1,5,175,27,21,220,0,1,9,-33.731262,150.921332,7,0,2,1,3,0,0,0,2,2,7,70,2,1383,1383,1,0,5,2,0,0,0,1
1309889,4,2023,2023,4,3,7,30,27,187,94,0,1,1,-33.881767,150.991551,15,0,2,1,1,0,0,0,2,0,7,60,1,4026,4026,8,22,40,1,0,1,0,0
1309892,1,2022,2022,2,1,11,134,10,363,133,0,1,6,-33.80955,151.023672,54,0,2,0,3,0,3,4,0,0,7,70,2,380,714,5,5,40,1,0,0,0,1
1309894,4,2022,2022,9,2,8,72,31,44,62,0,1,1,-33.946929,151.150126,4,0,2,1,1,0,0,0,2,0,7,60,1,1282,1282,1,0,13,2,0,1,0,2
1309895,2,2022,2022,2,4,9,15,31,115,52,0,1,10,-33.910177,151.175635,32,0,2,0,2,0,3,4,2,2,7,50,1,5929,5929,1,5,5,2,0,0,1,1
1309897,2,2022,2022,2,3,8,3371,17,35,3342,0,1,9,-29.934998,153.094355,18,1,0,1,1,0,0,0,2,0,7,110,2,2585,777,8,5,40,1,0,0,1,0
1309902,1,2022,2022,9,3,10,330,27,31,102,0,1,10,-33.781608,151.278405,50,0,2,1,2,0,3,4,0,2,7,50,2,1945,1945,5,16,40,1,0,0,0,1
1309905,2,2023,2023,4,1,8,42,27,128,231,0,1,9,-33.418541,151.320877,16,2,2,1,0,0,0,0,2,0,7,60,2,256,256,4,0,27,2,0,0,1,0
1309906,1,2022,2022,2,4,6,8,27,33,5,0,1,10,-34.790096,150.774933,63,2,1,1,0,0,0,3,2,0,15,80,1,6545,6545,4,0,0,2,0,0,0,1
1309907,4,2022,2022,9,4,3,117,1,115,121,0,1,10,-34.035755,151.070788,68,0,2,1,1,0,0,0,2,2,7,60,1,5929,5929,1,10,5,2,0,1,0,2
1309908,4,2022,2022,2,0,7,1052,14,143,928,0,1,3,-33.696553,151.120051,31,0,2,1,1,0,0,0,2,0,7,110,2,1192,1192,1,5,5,2,0,1,1,0
1309910,4,2022,2022,10,0,6,255,27,71,166,0,1,9,-33.263572,151.538955,16,2,2,1,1,0,0,0,2,0,0,40,2,2852,2852,4,0,27,2,0,1,0,0
1309911,2,2022,2022,2,6,0,162,27,39,39,0,1,1,-33.557386,150.849291,29,2,2,1,2,0,0,0,0,0,7,60,1,4026,4026,1,5,0,2,0,0,1,0
1309912,2,2023,2023,4,4,4,194,31,157,769,0,1,9,-33.795211,151.001019,54,0,2,1,0,0,0,0,2,0,0,60,2,2852,2852,4,5,5,2,0,0,1,0
1309913,2,2022,2022,9,1,1,2126,17,17,2149,0,1,9,-33.446527,149.828751,3,1,0,1,0,0,3,4,0,0,0,100,2,14295,14295,3,10,13,2,0,0,1,0
1309914,1,2022,2022,9,2,6,220,27,46,222,0,1,9,-33.786505,150.972983,54,0,2,1,1,0,0,0,2,2,7,80,2,14295,14295,3,0,5,2,0,0,0,1
1309915,4,2022,2022,9,2,10,15,27,151,160,0,1,9,-34.018213,150.855638,13,0,2,1,2,0,0,0,0,0,15,60,2,6545,6545,4,30,19,2,0,1,0,0
1309917,2,2022,2022,2,0,8,6,31,123,34609,0,1,10,-33.804358,151.058225,54,0,2,1,0,0,0,0,2,0,0,50,0,6545,6545,4,5,5,2,0,0,1,0
1309918,2,2022,2022,2,4,6,14,18,18,34609,0,1,9,-31.128486,150.943802,70,2,1,1,1,0,0,0,2,0,7,50,0,1669,1669,3,5,13,2,0,0,1,1
1309919,2,2022,2022,9,0,5,177,31,77,208,0,1,9,-33.861694,150.936874,24,0,2,1,2,0,0,0,2,0,0,60,1,926,926,4,5,19,2,0,0,1,0
1309920,4,2022,2022,9,4,8,265,17,18,193,0,1,1,-35.132447,147.313518,75,2,1,1,0,0,0,0,2,0,7,80,1,2040,2040,9,29,28,2,0,1,1,0
1309923,2,2022,2022,9,0,7,105,27,84,34609,0,1,1,-33.885234,150.957922,24,0,2,0,0,0,0,0,2,0,7,50,0,84,84,8,19,40,2,0,0,1,1
1309927,4,2022,2022,10,3,0,60,27,239,167,1,0,10,-34.031926,151.119437,68,0,2,1,2,0,0,0,0,2,7,70,2,6545,6545,4,10,5,2,0,1,4,0
1309928,1,2022,2022,2,5,8,1,27,3,34609,0,1,1,-35.814423,145.746551,51,1,0,1,0,2,0,0,2,0,7,100,0,4026,4026,8,10,40,1,0,0,0,2
1309929,4,2022,2022,5,2,0,2,31,78,34609,1,0,1,-34.478156,150.853433,80,0,2,1,2,0,3,4,0,0,7,50,0,9859,9859,1,5,5,2,0,1,0,0
1309930,2,2022,2022,10,1,9,97,17,7,88,0,1,1,-34.930737,149.422628,58,1,0,0,0,0,3,4,0,0,7,110,2,1957,4009,8,34,40,1,0,0,1,0
1309931,2,2022,2022,2,4,4,28,10,12,70,0,1,1,-31.92134,152.46228,43,2,1,1,0,0,0,0,2,0,7,60,1,14295,14295,3,5,5,3,0,0,1,0
1309933,4,2022,2022,2,6,5,6,31,143,34609,0,1,9,-33.704302,151.102708,31,0,2,1,0,0,0,0,2,0,7,50,0,9859,9859,1,5,5,2,0,1,0,0
1309937,2,2022,2022,9,0,11,2126,17,33,2149,0,1,2,-33.789717,150.859194,7,0,2,1,2,0,0,0,0,0,7,80,2,945,945,5,0,40,1,0,0,1,0
1309939,2,2023,2023,4,5,10,2126,17,77,2149,0,1,9,-33.884409,151.196527,69,0,2,1,2,0,3,4,0,2,9,50,2,1220,1220,9,9,28,2,0,0,1,0
1309940,2,2022,2022,2,2,6,15,27,8,33,0,1,1,-34.302766,149.981633,78,1,0,0,0,2,0,0,2,0,7,100,1,782,957,5,16,40,1,0,0,1,0
1309944,1,2022,2022,10,3,9,3371,17,131,3342,0,1,9,-33.78592,151.178304,36,0,2,1,0,0,0,0,3,2,7,60,2,1220,1220,9,33,28,2,0,0,0,1
1309946,2,2022,2022,9,2,10,93,1,460,34609,0,1,9,-33.836381,150.989226,21,0,2,1,2,0,0,0,0,3,7,40,0,1109,787,1,5,19,3,0,0,1,0
1309947,4,2022,2022,9,5,9,32,31,129,34609,0,1,9,-33.894371,151.098491,9,0,2,1,1,0,0,0,2,0,7,50,0,2040,2040,9,30,28,2,0,1,0,0
1309948,4,2022,2022,9,6,8,20,23,252,16,0,1,1,-33.932721,150.887116,41,0,2,1,1,0,0,0,2,0,7,60,0,14295,14295,3,5,0,3,0,1,0,1
1309952,4,2022,2022,9,6,10,5,27,98,34609,0,1,1,-31.06143,150.193891,51,1,0,0,0,0,0,0,0,0,7,100,0,4552,5151,8,5,40,1,0,1,0,0
1309953,2,2022,2022,2,4,8,67,27,100,68,0,1,9,-33.80616,151.176063,38,0,2,1,1,0,0,0,2,0,7,50,1,5929,5929,1,5,18,2,0,0,1,0
1309957,4,2022,2022,10,5,9,9,22,100,237,0,1,3,-33.812246,151.170247,38,0,2,1,2,0,0,0,0,0,7,80,2,1383,1383,1,16,5,2,0,1,0,0
1309958,4,2022,2022,2,5,6,4,27,147,34609,0,1,9,-33.738869,151.158895,36,0,2,1,1,0,0,0,2,0,7,50,0,9859,9859,1,5,0,2,0,1,0,0
1309960,4,2022,2022,10,0,11,3371,17,2,3342,0,1,2,-33.130215,151.619062,37,0,2,0,0,0,0,0,0,0,7,90,2,4552,5151,8,10,40,1,0,1,0,0
1309962,2,2022,2022,2,1,6,98,27,87,799,0,1,2,-33.928445,150.976731,41,0,2,1,1,0,0,0,2,0,7,70,2,1282,1282,1,8,5,2,0,0,1,0
1309964,2,2022,2022,2,0,6,3371,17,53,3342,0,1,2,-30.663306,152.955458,47,1,0,1,0,0,0,0,2,0,7,110,2,4026,4026,8,0,40,1,0,0,1,0
1309965,1,2022,2022,9,6,7,27,27,119,96,0,1,1,-33.8691,151.163152,32,0,2,1,0,0,0,0,2,0,7,50,2,4026,4026,8,0,40,1,0,0,0,1
1309966,1,2022,2022,2,4,5,19,27,609,34609,0,1,1,-33.768855,150.903869,7,0,2,1,1,0,0,0,2,0,7,50,0,1220,1220,9,5,28,2,0,0,0,1
1309970,4,2022,2022,9,0,3,40,31,110,34609,0,1,9,-33.772602,151.019016,54,0,2,1,0,0,0,0,2,0,7,50,0,4026,4026,8,5,40,1,0,1,0,0
1309971,4,2022,2022,2,4,8,193,27,134,34609,0,1,1,-33.682473,150.835389,7,0,2,1,0,2,0,0,2,0,7,50,0,4026,4026,8,5,40,1,0,1,1,0
1309973,1,2022,2022,2,3,0,165,31,80,16,0,1,10,-33.877797,151.205717,69,0,2,1,2,0,0,0,0,2,9,40,1,214,214,9,33,28,2,0,0,0,1
1309976,2,2023,2023,4,6,3,222,27,562,34609,1,0,10,-32.268022,148.609835,22,2,1,1,1,0,0,0,2,0,15,50,0,6545,6545,4,10,0,2,0,0,1,0
1309977,2,2022,2022,2,4,6,2,7,609,34609,0,1,1,-33.782563,150.919757,7,0,2,1,1,0,0,0,2,0,7,50,0,4026,4026,8,5,40,1,0,0,1,0
1309980,1,2022,2022,2,4,10,1,31,290,34609,0,1,1,-33.853739,150.978782,21,0,2,1,3,0,0,0,0,0,7,50,0,9859,9859,1,5,12,3,0,0,0,1
1309981,2,2022,2022,2,0,5,3371,17,463,3342,0,1,9,-30.30561,153.101882,19,2,1,1,0,0,3,4,2,0,0,60,2,14295,14295,3,0,13,2,0,0,1,0
1309982,1,2022,2022,9,6,8,1,27,35,34609,0,1,9,-30.52219,152.973236,6,1,0,0,0,2,0,0,3,0,7,100,0,3775,3775,0,0,13,2,0,0,0,1
1309985,4,2022,2022,9,6,8,1104,14,149,962,0,1,6,-33.816732,150.966888,21,0,2,1,1,0,0,0,2,0,7,90,2,14295,14295,3,16,0,2,0,1,0,0
1309986,4,2022,2022,2,5,9,81,17,41,10,0,1,6,-34.0735,150.696422,12,0,2,0,1,0,0,0,2,0,9,50,1,1850,1463,5,16,40,1,0,1,0,0
1309987,2,2022,2022,9,3,0,14,31,215,34609,0,1,1,-35.11309,147.369911,75,2,1,1,2,0,3,4,0,0,9,50,0,1220,1220,9,5,28,3,0,0,1,1
1309991,4,2022,2022,10,2,4,38,1,49,34609,0,1,1,-34.046262,151.138582,68,0,2,1,2,0,0,0,2,0,7,50,0,9859,9859,1,0,5,5,0,1,0,0
1309993,2,2022,2022,2,1,1,97,17,34,88,0,1,2,-34.837475,149.57797,26,1,0,1,0,0,0,0,0,0,7,110,2,1089,1089,7,0,40,1,0,0,1,0
1309995,2,2022,2022,2,4,8,125,27,53,123,0,1,9,-33.362778,151.447464,16,2,2,1,3,0,0,0,2,1,7,60,2,14295,14295,3,30,5,2,0,0,1,0
1309997,1,2022,2022,2,6,8,22,27,46,93,1,2,1,-33.786613,150.967382,54,0,2,1,3,0,0,0,2,0,7,40,1,14295,14295,3,0,0,3,0,0,0,1
1309999,2,2023,2023,4,5,9,1,1,13,34609,0,1,10,-33.865938,151.142651,14,0,2,1,3,0,0,0,2,0,0,50,0,6545,6545,4,5,5,2,0,0,1,0
1310001,1,2022,2022,2,0,9,485,27,50,769,0,1,2,-33.626255,150.839055,29,2,2,0,3,0,0,0,0,0,7,80,2,1391,1391,1,5,5,2,0,0,0,1
1310002,2,2023,2023,4,3,6,2261,17,9,2252,0,1,2,-34.818565,149.341562,74,1,0,0,0,0,0,0,2,0,7,110,2,1957,4009,8,16,40,1,0,0,1,0
1310003,2,2022,2022,2,0,7,28,27,5,62,0,1,1,-36.580539,149.993452,5,2,1,0,0,0,3,4,2,0,7,80,1,2585,4009,8,0,40,1,0,0,1,0
1310009,2,2022,2022,2,6,7,5,27,47,34609,0,1,1,-33.81054,151.146527,38,0,2,1,3,0,0,0,2,0,7,50,0,1282,1282,1,5,36,2,0,0,1,0
1310014,1,2023,2023,4,5,4,45,27,110,45,0,1,2,-33.742302,151.044022,71,0,2,1,3,0,0,0,2,0,7,60,2,14295,14295,3,5,5,3,0,0,0,1
1310016,2,2023,2023,4,5,5,2,31,169,34609,0,1,1,-33.783579,150.840863,7,0,2,1,3,0,0,0,2,0,7,50,0,9859,9859,1,5,5,2,0,0,1,0
1310017,1,2023,2023,4,5,8,348,27,363,88,0,1,2,-33.730547,150.6941,55,0,2,0,3,0,0,0,2,0,7,60,2,14295,14295,3,5,0,2,0,0,0,2
1310019,4,2023,2023,4,5,7,478,17,20,480,0,1,9,-33.291924,151.548246,16,2,2,1,0,0,0,0,2,0,15,80,2,5929,5929,1,5,27,2,0,1,0,0
1310025,1,2022,2022,2,5,6,73,24,42,88,0,1,1,-33.717022,151.268878,50,0,2,1,0,0,0,0,2,0,7,80,2,1192,1192,1,5,27,2,0,0,0,1
1310026,1,2022,2022,2,6,7,916,17,66,917,0,1,2,-32.812024,151.675465,48,0,2,1,3,0,0,0,2,0,7,80,2,14295,14295,3,5,5,2,0,0,0,1
1310034,1,2023,2023,4,2,0,53,31,323,34609,0,1,1,-33.748166,150.994865,71,0,2,1,3,0,3,4,0,0,7,50,0,9859,9859,1,5,0,2,0,0,0,1
1310041,1,2022,2022,2,6,8,100,27,323,100,0,1,2,-33.789572,150.854703,7,0,2,1,3,0,0,0,2,0,0,60,2,14295,14295,3,5,5,2,0,0,0,1
1310045,2,2023,2023,4,0,6,42,10,65,34609,0,1,0,-32.932992,151.779268,48,0,2,0,3,0,3,0,2,0,7,50,0,2585,4009,8,5,40,1,0,0,1,0
1310053,1,2022,2022,2,3,10,65,27,202,563,0,1,9,-33.940296,151.035674,15,0,2,1,3,0,0,0,0,2,7,70,2,14295,14295,3,30,5,2,0,0,0,1
1310054,1,2022,2022,2,2,6,194,27,284,34609,0,1,1,-33.90414,151.019225,15,0,2,1,3,0,0,0,2,0,7,50,0,3775,3775,0,0,0,2,0,0,0,1
1310057,1,2023,2023,4,4,7,49,31,147,34609,0,1,9,-33.880722,151.000092,15,0,2,1,3,0,0,0,2,0,7,50,0,3775,3775,0,5,25,4,0,0,0,1
1310059,1,2022,2022,2,6,7,475,31,169,41,0,1,2,-33.903265,151.205403,69,0,2,1,3,0,0,0,2,0,7,50,1,1981,1981,4,10,5,2,0,0,0,1
1310062,2,2023,2023,4,5,7,126,1,26,17,0,1,2,-33.742544,150.820116,7,0,2,1,3,0,0,0,2,0,7,60,1,1109,787,1,5,0,2,0,0,1,0
1310067,2,2022,2022,9,6,3,95,31,370,15,0,1,9,-34.060154,150.820129,13,0,2,1,1,0,0,0,2,2,7,60,1,2852,2852,4,5,5,2,0,0,1,0
1310068,2,2023,2023,4,0,7,478,17,78,480,0,1,1,-33.414421,151.451002,16,2,2,1,3,0,3,4,2,0,7,60,2,3775,3775,0,5,13,2,0,0,2,0
1310069,2,2022,2022,2,2,5,4,27,104,34609,0,1,1,-33.837104,151.221954,49,0,2,0,3,0,0,0,2,0,7,50,0,1981,1981,4,5,27,2,0,0,1,0
1310070,4,2023,2023,4,0,6,134,10,157,133,0,1,2,-33.802266,151.023982,54,0,2,0,3,0,3,4,2,0,7,90,2,52,52,6,5,40,1,0,1,0,0
1310072,2,2022,2022,2,4,9,25,1,243,34609,0,1,1,-33.940551,150.911591,41,0,2,1,0,0,0,0,2,0,7,50,0,9859,9859,8,5,40,1,0,0,1,0
1310073,1,2022,2022,9,0,10,44,31,42,34609,0,1,9,-33.658354,151.309262,50,0,2,1,2,0,0,0,0,0,0,50,0,4552,985,1,5,5,4,0,0,0,1
1310075,1,2022,2022,2,6,9,25,27,243,34609,0,1,1,-33.954157,150.889374,41,0,2,1,1,0,0,0,2,0,7,50,0,3775,3775,0,5,0,2,0,0,0,1
1310079,4,2022,2022,2,4,6,24,31,119,34609,0,1,9,-33.874544,151.164765,32,0,2,1,1,0,0,0,2,0,0,50,0,1981,1981,4,0,27,2,0,1,0,0
1310085,2,2022,2022,2,4,4,346,17,12,332,0,1,1,-28.839653,152.865861,51,1,0,0,0,0,0,0,2,0,7,100,2,2585,4009,8,10,40,1,0,0,1,0
1310086,4,2022,2022,2,1,7,8,27,168,34609,0,1,2,-33.718999,150.838205,7,0,2,1,2,0,0,0,2,0,7,60,0,1220,1220,9,9,28,2,0,1,0,0
1310092,4,2022,2022,2,2,4,4,27,67,7,0,1,1,-33.88589,151.016022,15,0,2,1,0,0,0,0,2,0,8,50,1,84,84,8,8,40,1,0,1,0,0
1310093,4,2023,2023,4,3,5,34,27,29,34609,0,1,1,-35.130671,147.341948,75,2,1,1,0,0,0,0,2,0,7,50,0,1282,1282,1,5,40,1,0,1,0,0
1310094,4,2023,2023,4,6,0,98,31,100,159,1,0,9,-33.958733,151.151117,4,0,2,1,2,0,0,0,0,0,0,60,2,591,591,1,17,0,2,0,1,1,0
1310099,4,2022,2022,9,3,5,10,27,4,34609,0,1,1,-35.23325,150.473711,63,2,1,0,0,0,0,0,2,0,7,80,0,380,714,5,0,40,1,0,1,1,0
1310100,2,2023,2023,4,1,9,1,1,21,34609,0,1,10,-35.073299,147.341751,75,2,1,1,0,0,0,0,2,0,0,50,0,6545,6545,4,22,5,2,0,0,1,0
1310107,4,2022,2022,2,1,8,3,10,30,34609,0,1,9,-32.751769,151.632477,42,2,1,1,1,0,0,0,2,0,0,50,0,591,591,1,22,5,2,0,1,0,0
1310108,4,2022,2022,10,4,7,5,31,137,34609,1,2,1,-34.03383,151.059438,68,0,2,1,0,0,0,0,2,0,7,40,0,186,186,9,5,28,2,0,1,0,0
1310112,2,2023,2023,4,3,1,2261,17,34,2252,0,1,2,-34.787324,149.627882,26,1,0,1,0,0,0,0,0,0,7,110,2,1089,1089,7,5,40,1,0,0,1,0
1310114,2,2022,2022,10,6,5,2,23,46,34609,0,1,1,-32.913345,151.675519,48,0,2,0,1,0,0,0,2,0,7,50,0,3775,3775,0,5,5,2,0,0,3,0
1310116,1,2022,2022,2,3,10,11,27,28,25,0,1,10,-35.378919,149.236366,58,2,1,0,2,0,0,0,0,2,7,60,1,1192,1192,1,5,13,2,0,0,0,1
1310117,2,2022,2022,11,4,2,232,36,134,331,0,1,2,-33.97045,150.81334,12,0,2,1,1,0,0,0,1,0,7,80,2,14295,14295,3,5,5,3,0,0,1,0
1310118,1,2022,2022,2,0,5,330,27,106,605,0,1,9,-33.681731,151.303025,50,0,2,1,0,0,0,0,2,0,15,70,2,5929,5929,1,5,13,3,0,0,0,1
1310120,1,2022,2022,2,1,9,12,27,53,55,0,1,1,-33.851178,150.966646,21,0,2,1,1,0,0,6,2,0,7,50,1,1981,1981,4,30,5,2,0,0,0,2
1310122,4,2022,2022,9,6,8,234,27,24,228,0,1,1,-33.403485,150.984384,31,0,2,1,0,0,0,0,2,0,7,80,2,4026,4026,8,10,40,1,0,2,0,0
1310123,2,2023,2023,4,6,11,61,27,232,70,0,1,10,-33.661072,150.923622,71,0,2,1,0,0,3,4,0,0,15,70,1,6545,6545,4,5,5,2,0,0,1,0
1310124,2,2022,2022,2,0,9,133,31,32,97,0,1,9,-33.9146,150.991318,15,0,2,1,1,0,0,0,2,0,0,60,1,395,395,1,5,13,2,0,0,1,0
1310128,2,2022,2022,2,1,0,115,27,55,114,0,1,1,-33.852269,151.285279,81,0,2,1,2,0,0,0,0,0,7,50,1,9859,9859,1,5,0,2,0,0,1,0
1310131,4,2022,2022,9,2,5,3371,17,207,3342,0,1,1,-33.565901,151.1907,31,0,2,1,0,0,0,0,2,0,7,80,2,1945,1945,5,16,40,1,0,1,0,0
1310132,1,2022,2022,11,3,6,55,27,151,160,0,1,9,-34.038551,150.844096,13,0,2,1,3,0,0,0,2,0,0,60,2,14295,14295,3,5,5,2,0,0,0,2
1310133,1,2022,2022,2,4,3,9,27,49,45,0,1,1,-34.481451,148.812081,30,1,0,1,0,0,0,0,2,0,7,100,1,3775,3775,0,5,10,2,0,0,0,1
1310135,4,2022,2022,10,1,4,3371,17,18,3342,0,1,9,-33.006173,151.685023,37,0,2,0,1,0,3,3,2,2,7,80,2,5929,5929,1,10,19,2,0,1,0,0
1310138,4,2022,2022,9,4,7,29,27,8,34609,0,1,1,-28.268129,153.470298,72,2,1,0,0,0,0,0,2,0,7,80,0,3775,3775,0,33,19,2,0,1,0,0
1310139,1,2023,2023,4,3,1,1,31,10,34609,0,1,1,-29.971811,146.866608,51,2,1,1,2,2,0,0,0,0,7,50,0,945,945,5,16,40,1,0,0,0,1
1310140,1,2022,2022,10,5,9,3,31,31,34609,0,1,10,-30.956839,148.383132,51,2,1,1,1,0,0,0,2,0,0,50,0,6545,6545,4,23,13,2,0,0,0,1
1310141,2,2022,2022,10,3,5,6,27,55,34609,0,1,1,-33.933312,150.901822,41,0,2,1,1,0,0,0,2,0,7,50,0,4026,4026,1,5,5,2,0,0,1,0
1310142,2,2022,2022,9,2,6,2126,17,140,2149,0,1,2,-33.788774,150.853723,7,0,2,1,1,0,0,0,2,0,7,80,2,14295,14295,3,0,5,2,0,0,1,0
1310143,2,2022,2022,11,4,9,126,27,370,168,0,1,2,-34.06883,150.803145,13,0,2,1,2,0,0,0,3,0,7,60,2,14295,14295,3,5,5,2,0,0,1,0
1310149,2,2022,2022,10,3,7,4,31,43,34609,0,1,10,-32.548179,148.951297,22,2,1,1,1,0,0,0,2,0,0,50,0,5929,5929,1,5,5,2,0,0,1,0
1310151,4,2022,2022,9,5,6,85,27,53,145,0,1,2,-33.799378,151.054824,54,0,2,1,0,0,3,0,2,0,15,70,2,14295,14295,3,5,5,2,0,1,0,1
1310153,2,2022,2022,10,4,4,127,27,48,103,0,1,1,-32.914566,151.747916,48,0,2,1,1,0,0,0,2,0,7,60,1,1981,1981,4,30,5,4,0,0,2,0
1310168,1,2022,2022,8,5,7,2261,2,55,34609,0,1,1,-33.366794,151.463078,16,2,2,1,1,0,3,4,2,0,7,50,0,941,941,1,5,19,2,0,0,0,1
1310184,4,2022,2022,2,2,5,115,27,99,114,0,1,1,-33.888059,151.263426,76,0,2,1,1,0,0,0,2,0,7,50,2,1981,1981,4,5,19,2,0,1,0,0
1310189,1,2022,2022,9,1,9,16,1,35,34609,0,1,9,-35.344817,149.2112,58,2,1,1,0,0,3,0,2,0,7,50,0,2852,2852,4,9,12,2,0,0,0,1
1310195,1,2022,2022,2,4,8,21,27,38,22,0,1,1,-32.78857,151.912049,57,2,1,1,1,0,0,3,2,0,7,60,1,9859,9859,1,5,0,2,0,0,0,1
1310201,1,2022,2022,2,1,8,78,27,147,78,0,1,9,-33.872929,151.127397,14,0,2,1,3,0,0,0,2,0,0,60,2,186,186,1,8,0,2,0,0,0,1
1310208,1,2022,2022,9,4,9,32,31,29,34609,1,0,9,-28.793252,153.591107,2,2,1,1,2,0,0,0,0,0,7,50,0,4552,985,8,10,40,1,0,0,0,1
1310212,2,2022,2022,2,4,10,149,36,21,113,0,1,9,-32.090335,152.478379,43,2,1,1,2,0,3,4,0,0,15,80,1,2852,2852,4,0,5,2,0,0,1,0
1310214,2,2023,2023,4,5,7,916,17,105,917,0,1,10,-32.717679,151.526637,42,2,1,1,1,0,0,0,2,2,7,60,2,6545,6545,4,0,5,3,0,0,1,0
1310215,2,2023,2023,4,1,6,65,31,23,34609,0,1,10,-34.389558,150.877371,80,0,2,1,0,0,0,0,2,0,7,50,0,9859,9859,8,5,40,1,0,0,1,0
1310216,2,2022,2022,2,6,2,2126,17,346,2149,0,1,9,-33.866978,151.095154,14,0,2,1,1,0,0,0,1,2,7,60,2,14295,14295,3,5,19,2,0,0,1,0
1310227,2,2022,2022,2,6,7,24,31,237,34609,0,1,7,-33.872223,150.953201,24,0,2,1,1,0,0,0,2,0,0,40,0,6545,6545,4,0,5,2,0,0,1,0
1310234,4,2022,2022,2,4,10,175,27,609,220,1,0,10,-33.757903,150.914287,7,0,2,1,2,0,0,0,0,2,7,70,2,5929,5929,1,5,0,2,0,1,1,0
1310235,4,2022,2022,2,3,9,1104,14,204,962,0,1,3,-33.882702,151.133389,32,0,2,0,2,0,0,0,3,0,7,80,2,1850,1463,5,16,40,1,0,1,0,0
1310237,2,2022,2022,9,6,3,29,31,88,15,0,1,9,-33.753733,150.857044,7,0,2,1,0,0,0,0,2,0,0,60,1,775,775,4,0,5,2,0,0,1,0
1310238,1,2023,2023,4,4,8,344,27,609,163,0,1,2,-33.765183,150.90338,7,0,2,1,1,0,0,0,2,0,7,60,2,14295,14295,3,5,5,2,0,0,0,1
1310240,2,2022,2022,11,0,8,44,27,30,34609,0,1,10,-34.329292,146.025497,28,1,0,1,0,0,0,0,3,0,15,100,0,5929,5929,1,5,5,2,0,0,1,0
1310241,4,2023,2023,4,1,3,3371,17,24,3342,0,1,2,-32.538888,152.169294,43,1,0,1,0,0,0,0,2,0,7,110,2,9859,9859,8,21,40,1,0,1,0,0
1310243,2,2023,2023,4,6,0,191,27,33,208,0,1,9,-33.798371,151.09709,61,0,2,1,2,0,0,0,0,0,7,60,2,2585,777,8,0,40,1,0,0,1,0
1310247,2,2023,2023,4,4,7,7,31,108,34609,0,1,9,-33.762869,151.268868,50,0,2,1,1,0,0,0,2,0,15,50,0,1850,777,5,16,40,1,0,0,1,0
1310248,2,2023,2023,4,1,6,74,27,15,260,0,1,7,-32.969464,151.60625,37,0,2,0,0,0,0,0,2,0,0,70,2,4552,5151,8,16,40,1,0,0,1,0
1310253,2,2023,2023,4,0,2,5,27,5,8,0,1,1,-30.035352,148.974743,51,1,0,1,0,2,3,0,1,0,7,110,1,475,475,5,8,40,1,0,0,1,1
1310254,2,2023,2023,4,5,8,194,31,105,34609,0,1,7,-32.603753,149.586201,44,2,1,1,1,0,0,0,2,0,0,50,0,6545,6545,4,0,5,2,0,0,1,0
1310257,2,2023,2023,4,3,5,225,17,50,180,0,1,1,-34.56058,150.664402,62,0,2,0,0,0,0,0,2,0,7,60,2,3775,3775,0,16,5,2,0,0,1,0
1310258,2,2022,2022,2,1,8,8,31,290,34609,0,1,1,-33.957851,151.122044,4,0,2,0,1,0,0,0,2,0,7,50,0,4552,5151,8,5,40,1,0,0,2,0
1310265,4,2022,2022,2,0,5,4,1,22,8,0,1,1,-33.799457,151.276548,50,0,2,0,1,0,0,0,2,0,7,50,1,1981,1981,4,5,27,2,0,1,0,0