Crash ID,Degree of crash - detailed,Reporting year,Year of crash,Month of crash,Day of week of crash,Two-hour intervals,Street of crash,Street type,Town,Route no.,School zone location,School zone active,Type of location,Latitude,Longitude,LGA,Urbanisation,Conurbation 1,Alignment,Street lighting,Road surface,Surface condition,Weather,Natural lighting,Signals operation,Other traffic control,Speed limit,Road classification,RUM - code,DCA - code,First impact type,Key TU type,Other TU type,No. of traffic units involved,No. killed,No. seriously injured,No. moderately injured,No. minor-other injured
1310266,2,2022,2022,9,6,7,42,1,57,34609,0,1,7,-34.570605,150.820148,62,0,2,1,0,0,0,0,2,0,0,60,0,591,591,1,17,5,2,0,0,1,0
1310267,4,2022,2022,2,5,2,2261,17,8,2252,0,1,2,-34.629344,150.19556,78,1,0,1,0,0,0,0,0,0,7,110,2,9859,9859,8,5,40,1,0,1,0,0
1310268,2,2022,2022,2,3,9,17,27,29,15,0,1,1,-34.213608,150.776025,79,1,2,1,0,0,0,0,2,0,7,100,1,945,945,5,0,40,1,0,0,1,0
1310269,1,2022,2022,9,6,1,1,31,13,34609,0,1,9,-32.903778,151.751095,48,0,2,0,2,0,0,0,0,0,0,50,0,1282,1282,1,0,40,1,0,0,0,1
1310277,4,2023,2023,4,3,8,75,2,31,34609,1,0,1,-34.594115,150.854942,62,0,2,1,1,0,0,0,2,0,7,50,0,1945,1945,5,22,40,1,0,1,0,0
1310280,4,2022,2022,2,3,6,225,17,32,180,0,1,1,-34.569259,150.624562,78,2,1,0,0,0,0,3,2,0,7,60,2,1850,1463,5,16,40,2,0,1,0,0
1310282,4,2023,2023,4,2,11,19,31,532,34609,0,1,1,-33.863451,151.207314,69,0,2,1,2,0,0,0,0,0,7,40,0,2040,2040,9,0,28,2,0,1,0,0
1310284,2,2023,2023,4,2,8,308,14,53,311,0,1,3,-33.915467,150.850446,41,0,2,1,1,0,0,0,3,0,7,100,2,1383,1383,1,0,12,2,0,0,1,0
1310287,2,2022,2022,9,3,8,82,27,10,103,0,1,9,-28.433684,153.290734,72,2,1,1,0,0,0,0,2,0,0,80,1,4026,4026,8,0,40,1,0,0,1,0
1310288,2,2022,2022,9,2,5,3,27,2,34609,0,1,1,-36.876566,149.688155,5,1,0,0,0,0,0,0,2,0,7,100,0,1850,1463,5,16,40,1,0,0,1,0
1310291,1,2023,2023,4,4,1,6,31,106,34609,0,1,1,-28.841527,153.044617,60,2,1,1,2,2,0,0,0,0,7,50,0,9859,9859,1,5,5,2,0,0,0,1
1310295,4,2023,2023,4,6,7,20,31,107,34609,0,1,10,-29.670921,152.924953,18,2,1,1,1,0,0,0,2,0,0,50,0,6545,6545,4,16,13,2,0,1,0,0
1310296,2,2022,2022,2,3,7,2,10,22,34609,0,1,1,-32.773955,151.601545,42,2,1,0,0,0,0,0,2,0,7,50,0,4552,5151,1,0,0,2,0,0,1,0
1310298,2,2023,2023,4,4,9,12,31,80,2149,0,1,10,-33.882949,151.204158,69,0,2,1,2,0,0,0,3,2,7,40,2,2040,2040,9,22,28,2,0,0,1,0
1310300,4,2022,2022,9,0,3,36,27,23,39,0,1,1,-32.379794,149.195849,44,1,0,1,0,0,0,0,2,0,7,100,2,9859,9859,8,34,40,1,0,1,0,0
1310301,2,2022,2022,9,6,8,21,27,148,60,0,1,9,-36.042893,146.950635,0,2,1,0,0,0,0,0,2,0,7,60,1,1669,1669,3,0,0,2,0,0,1,0
1310302,4,2022,2022,9,0,8,157,17,36,158,0,1,1,-33.911862,148.221738,51,2,1,1,0,0,0,0,2,0,7,40,2,945,945,5,16,40,1,0,1,0,0
1310305,4,2022,2022,9,6,0,27,27,84,35,0,1,1,-33.804186,150.980348,54,0,2,1,2,0,0,0,0,0,7,50,1,1220,1220,9,5,28,2,0,1,0,0
1310307,2,2022,2022,2,1,6,3371,17,147,3342,0,1,9,-33.747844,151.145358,36,0,2,1,3,0,2,6,2,0,7,60,2,1282,1282,1,9,5,2,0,0,1,0
1310308,1,2022,2022,9,1,8,512,31,115,34609,0,1,9,-33.883507,151.188344,69,0,2,1,0,0,0,0,2,0,7,50,0,144,144,1,5,18,3,0,0,0,1
1310310,4,2022,2022,9,0,7,46,1,50,34609,0,1,1,-34.33876,150.902092,80,0,2,1,1,0,0,0,2,0,7,50,0,340,340,9,5,28,2,0,1,1,0
1310311,2,2022,2022,10,0,10,3,10,23,34609,0,1,1,-32.99186,151.657646,37,0,2,0,2,0,0,0,0,0,7,50,0,4552,5151,1,0,5,2,0,0,1,0
1310312,4,2022,2022,9,2,11,3,10,11,34609,0,1,9,-34.027167,150.814701,13,0,2,1,2,0,0,0,0,0,7,50,0,4026,4026,8,5,40,1,0,1,0,0
1310314,2,2023,2023,4,6,6,13,31,161,34609,0,1,9,-33.886084,151.161256,32,0,2,1,1,0,0,0,2,0,7,50,0,2040,2040,9,5,28,2,0,0,1,0
1310315,4,2022,2022,9,5,7,9,27,12,38,0,1,1,-33.839886,150.957982,21,0,2,1,2,0,0,0,2,0,7,60,1,1981,1981,4,10,5,2,0,1,0,0
1310320,1,2022,2022,9,4,9,1104,14,460,962,0,1,3,-33.824156,150.98816,54,0,2,1,1,0,0,0,2,0,7,90,2,14295,14295,3,5,5,2,0,0,0,1
1310321,2,2022,2022,9,6,10,46,31,22,43,1,0,7,-35.963704,146.893501,27,2,1,1,2,0,0,0,0,0,0,50,1,1945,1945,5,5,40,1,0,0,1,0
1310322,2,2022,2022,10,6,9,14,31,56,34609,0,1,9,-33.859453,151.182327,32,0,2,1,3,0,0,0,2,0,9,40,0,214,214,9,30,28,2,0,0,1,0
1310327,4,2022,2022,9,0,5,2209,17,115,2205,0,1,2,-34.032388,151.074557,68,0,2,1,1,0,0,0,2,0,7,70,2,1981,1981,4,10,27,2,0,1,1,0
1310330,2,2022,2022,2,6,6,204,27,246,34609,0,1,9,-33.914209,151.19198,69,0,2,1,0,0,0,0,2,0,7,50,0,5929,5929,1,10,27,2,0,0,1,0
1310331,2,2022,2022,2,5,7,1,31,88,34609,0,1,9,-33.993493,151.110048,25,0,2,1,0,0,0,0,2,0,7,50,0,5929,5929,1,5,19,2,0,0,1,0
1310333,4,2022,2022,9,3,5,1,31,30,34609,0,1,10,-34.74604,146.54557,51,2,1,1,0,0,0,0,2,0,0,50,0,6545,6545,4,30,36,2,0,1,1,0
1310335,2,2022,2022,2,6,5,234,27,24,228,0,1,1,-33.393874,150.986243,31,0,2,0,0,0,0,0,2,0,7,60,2,3775,3775,0,5,19,2,0,0,1,0
1310336,2,2022,2022,9,2,6,103,27,28,256,0,1,2,-34.083018,150.807243,13,0,2,1,1,0,0,0,2,0,7,80,2,1945,1945,5,22,40,1,0,0,1,0
1310338,4,2022,2022,2,6,5,194,31,309,702,0,1,2,-33.818837,151.100361,61,0,2,1,1,0,0,0,2,0,7,60,2,9859,9859,8,5,40,2,0,1,0,0
1310340,2,2022,2022,2,1,3,3371,17,24,3342,0,1,2,-31.600146,152.729083,56,1,0,1,0,0,0,0,2,0,7,110,2,3775,3775,0,10,13,2,0,0,2,0
1310342,4,2022,2022,2,0,7,157,17,18,158,0,1,1,-33.624751,149.123264,51,1,0,0,0,0,0,0,2,0,7,100,2,3775,3775,0,10,5,2,0,2,1,0
1310343,2,2022,2022,9,6,3,2261,17,92,2252,0,1,2,-33.988829,150.853278,13,0,2,1,0,0,0,0,1,0,7,110,2,1282,1282,1,5,13,2,0,0,1,0
1310344,4,2022,2022,2,3,0,171,27,113,369,0,1,9,-33.786147,150.703171,55,0,2,1,2,0,0,0,0,2,7,70,2,4552,985,8,5,40,1,0,2,0,0
1310345,4,2022,2022,9,6,4,4,1,62,34609,0,1,7,-34.081801,150.811962,13,0,2,1,0,0,0,0,2,0,0,60,0,2852,2852,4,5,25,2,0,1,0,0
1310347,2,2022,2022,2,0,9,27,31,82,34609,0,1,1,-31.07862,150.926607,70,2,1,1,0,0,0,0,0,0,7,50,0,1282,1282,1,33,20,2,0,0,1,0
1310352,2,2022,2022,2,1,1,100,27,323,100,0,1,10,-33.810097,150.850839,7,0,2,1,2,0,0,0,0,2,7,70,2,6545,6545,4,5,5,2,0,0,1,0
1310353,2,2023,2023,4,3,9,2261,17,26,2252,0,1,3,-34.108433,150.761287,13,0,2,1,1,0,3,4,2,0,7,110,2,204,204,1,29,0,2,0,0,1,0
1310356,4,2022,2022,10,2,11,169,31,39,42,0,1,1,-31.078182,152.825198,34,2,1,1,2,0,3,0,0,0,7,50,1,2040,2040,9,5,28,2,0,1,1,0
1310357,4,2022,2022,9,0,9,6,27,253,34609,0,1,10,-33.95823,151.103028,25,0,2,1,0,0,0,0,2,0,0,50,0,6545,6545,4,19,18,2,0,1,0,0
1310359,4,2022,2022,10,0,5,34,27,38,117,0,1,9,-32.928918,151.693572,48,0,2,1,1,0,3,4,2,2,7,60,2,14295,14295,3,5,5,2,0,1,0,0
1310360,4,2022,2022,10,1,5,82,31,370,49,0,1,1,-34.069302,150.821861,13,0,2,1,0,0,3,4,2,0,7,60,1,9859,9859,8,30,40,1,0,1,0,0
1310362,4,2022,2022,9,2,5,2,31,271,34609,0,1,1,-33.942071,151.003471,15,0,2,1,0,0,0,0,2,0,7,50,0,214,214,9,5,28,2,0,1,0,0
1310363,2,2022,2022,9,3,9,24,27,9,24,0,1,1,-28.312315,153.284671,72,2,1,0,0,0,0,6,3,0,7,80,1,380,714,5,10,40,1,0,0,1,0
1310366,2,2022,2022,2,0,6,21,31,252,59,0,1,0,-33.885102,151.21389,69,0,2,1,0,0,0,0,2,0,7,40,1,2040,2040,9,0,28,2,0,0,1,0
1310368,2,2022,2022,2,1,7,71,36,26,139,0,1,1,-33.519939,145.530963,51,1,0,1,0,0,3,0,2,0,7,100,2,9859,9859,8,10,40,1,0,0,2,0
1310369,4,2022,2022,2,4,1,2261,17,523,2252,0,1,2,-33.928971,150.917847,41,0,2,1,2,0,0,0,0,0,7,60,2,945,945,5,0,40,1,0,1,0,0
1310372,2,2023,2023,4,3,3,1,10,2,34609,0,1,9,-36.880234,149.907577,5,2,1,0,1,0,3,3,2,0,7,50,0,1850,1463,5,16,40,1,0,0,1,0
1310374,2,2023,2023,4,1,11,2,1,44,34609,0,1,1,-33.207773,151.513732,16,2,2,1,2,0,0,0,0,0,7,50,0,1945,1945,5,16,40,1,0,0,1,0
1310378,2,2023,2023,4,6,9,16,31,115,34609,0,1,9,-33.875849,151.183882,69,0,2,1,1,0,3,4,2,0,0,50,0,775,775,4,5,18,2,0,0,1,0
1310379,2,2022,2022,2,3,6,8,27,20,34609,0,1,1,-29.175001,152.331368,51,1,0,0,0,2,0,0,2,0,7,100,0,1850,1463,5,16,40,1,0,0,1,0
1310380,2,2022,2022,9,0,8,26,31,363,34609,0,1,9,-33.755765,150.702207,55,0,2,1,2,0,0,0,3,0,0,50,0,1109,787,1,16,40,2,0,0,1,0
1310381,1,2022,2022,11,5,4,77,27,17,58,0,1,1,-34.682695,150.501925,63,2,1,0,0,0,0,0,2,0,7,60,2,1957,4009,8,8,40,1,0,0,0,1
1310384,2,2022,2022,2,4,8,2261,17,370,2252,0,1,6,-34.061793,150.787278,13,0,2,0,0,0,0,0,2,0,7,60,2,2585,4009,8,16,40,1,0,0,1,0
1310390,2,2023,2023,4,5,8,1,27,463,34609,0,1,1,-30.288559,153.067316,19,2,1,1,0,0,0,0,2,0,7,80,0,312,312,2,5,40,1,0,0,2,0
1310393,1,2022,2022,2,5,9,67,27,4,74,0,1,7,-33.862557,151.115218,14,0,2,1,1,0,0,0,2,0,0,50,1,1945,1945,5,16,40,1,0,0,0,1
1310394,1,2023,2023,4,5,9,118,27,646,118,0,1,1,-33.92801,151.030127,15,0,2,1,1,0,0,0,2,0,7,60,1,14295,14295,3,5,22,2,0,0,0,1
1310395,1,2023,2023,4,5,10,3,31,71,34609,0,1,9,-33.261873,151.546326,16,2,2,1,2,0,0,0,0,0,7,50,0,9859,9859,8,10,40,1,0,0,0,1
1310398,1,2023,2023,4,3,7,1104,14,80,962,0,1,6,-33.758754,150.652994,55,0,2,1,1,0,0,0,2,0,0,60,2,14295,14295,3,8,5,2,0,0,0,1
1310399,2,2023,2023,4,3,4,1,27,10,34609,0,1,1,-31.153645,152.729674,34,2,1,1,0,2,0,0,2,0,7,50,0,9859,9859,8,0,40,1,0,0,1,0
1310407,2,2022,2022,2,0,8,387,27,115,331,0,1,2,-33.957917,151.066314,25,0,2,1,2,0,0,0,2,0,7,60,2,9859,9859,8,0,40,1,0,0,1,0
1310408,2,2022,2022,9,2,1,2209,17,201,2205,0,1,1,-34.885856,150.604045,63,2,1,0,2,0,3,0,0,0,7,70,2,1957,4009,8,30,40,1,0,0,1,0
1310410,4,2023,2023,4,5,4,79,27,198,159,0,1,1,-33.921655,151.106638,15,0,2,1,1,0,0,0,2,0,7,60,2,1981,1981,4,10,27,2,0,1,0,0
1310411,4,2022,2022,2,2,7,8,31,210,34609,0,1,7,-34.038714,151.097692,68,0,2,1,1,0,0,0,2,0,0,50,0,14295,14295,3,0,12,2,0,1,0,1
1310412,4,2022,2022,9,6,7,15,31,140,34609,0,1,1,-33.785568,150.824045,7,0,2,1,1,0,0,0,2,0,7,50,0,368,368,9,5,28,2,0,1,0,0
1310415,2,2023,2023,4,2,0,1,27,4,34609,0,1,1,-29.101986,152.870116,60,1,0,1,0,0,0,0,0,0,7,100,0,475,475,5,10,40,1,0,0,1,0
1310419,2,2022,2022,9,4,9,1,27,35,34609,0,1,1,-32.095972,152.411326,43,2,1,1,0,2,0,0,2,0,7,60,0,4026,4026,8,5,40,1,0,0,1,1
1310426,4,2023,2023,4,4,10,11,31,24,34609,0,1,9,-33.970823,151.253155,59,0,2,0,3,0,0,0,0,0,7,50,0,1957,777,8,5,40,1,0,1,0,0
1310428,4,2022,2022,10,1,6,20,31,363,9,1,0,10,-33.811696,151.013962,54,0,2,1,2,0,3,4,2,2,9,60,1,2040,2040,9,5,28,2,0,1,0,0
1310429,2,2022,2022,2,1,4,7,27,26,34609,0,1,9,-33.709842,150.58545,8,2,2,0,0,0,0,0,2,0,7,50,0,6545,6545,4,10,27,2,0,0,1,0
1310430,1,2023,2023,4,6,6,7,27,9,39,0,1,1,-33.481289,150.90802,71,0,2,0,0,0,3,3,2,0,7,80,1,2585,4009,8,5,40,1,0,0,0,1
1310432,2,2022,2022,2,2,9,213,17,13,213,0,1,1,-29.434766,152.385716,51,1,0,0,0,0,3,3,0,0,7,100,2,3775,3775,0,5,13,2,0,0,5,0
1310433,4,2022,2022,9,0,7,2,27,7,34609,0,1,1,-33.633972,151.017293,71,0,2,1,0,0,0,0,2,0,7,50,0,9859,9859,8,5,40,1,0,1,0,0
1310440,2,2023,2023,4,6,5,59,27,252,41,0,1,10,-33.942242,150.867401,41,0,2,1,3,0,0,0,2,2,7,60,1,5929,5929,1,30,12,2,0,0,1,0
1310441,1,2023,2023,4,2,7,92,27,163,34609,0,1,1,-33.862173,151.108579,14,0,2,1,3,0,0,0,2,0,7,50,0,4026,4026,1,30,5,2,0,0,0,1
1310444,1,2022,2022,2,3,8,133,31,161,51,0,1,1,-33.88395,151.154519,32,0,2,1,3,0,0,0,2,0,7,50,1,941,941,1,0,18,2,0,0,0,1
1310447,1,2022,2022,2,6,7,23,31,142,34609,0,1,4,-33.830997,150.999149,21,0,2,0,3,0,0,0,2,0,7,50,0,782,957,5,0,40,1,0,0,0,1
1310448,1,2022,2022,2,6,11,3,31,140,34609,0,1,9,-33.893898,150.999146,15,0,2,1,3,0,0,0,0,0,0,50,0,1391,1391,1,33,5,2,0,0,0,1
1310451,1,2022,2022,5,5,6,168,10,387,260,0,1,2,-33.938578,151.192669,4,0,2,1,3,0,0,0,2,0,7,70,2,14295,14295,3,9,5,2,0,0,0,1
1310452,1,2023,2023,4,1,9,829,27,123,770,0,1,10,-33.807101,151.070503,54,0,2,1,3,0,0,0,3,2,7,70,2,14295,14295,3,0,5,2,0,0,0,1
1310453,1,2023,2023,4,0,8,39,27,57,147,0,1,9,-28.636607,153.560354,10,2,1,1,3,0,0,0,2,0,7,60,1,14295,14295,3,5,5,2,0,0,0,1
1310455,2,2023,2023,4,1,7,79,31,273,34609,0,1,9,-34.42436,150.884998,80,0,2,1,3,0,0,0,2,0,7,50,0,1957,777,1,0,25,2,0,0,1,0
1310458,2,2022,2022,2,2,10,8,27,107,34609,0,1,9,-33.27122,151.453884,16,2,2,1,3,0,0,0,0,0,15,50,0,6545,6545,4,0,36,2,0,0,1,0
1310459,2,2023,2023,4,3,9,2261,17,7,2252,0,1,3,-34.427519,150.467472,78,1,0,1,3,0,3,4,2,0,7,110,2,9859,9859,8,0,40,1,0,0,1,0
1310460,4,2022,2022,9,6,4,3371,17,104,3342,0,1,2,-32.829646,151.685131,48,0,2,1,1,0,0,0,2,0,7,80,2,1945,1945,5,16,40,1,0,1,0,0
1310462,2,2022,2022,10,0,6,3371,17,10,3342,0,1,2,-32.636533,152.038053,43,1,0,0,0,0,3,4,2,0,7,110,2,2585,4009,8,0,40,1,0,0,1,0
1310463,1,2022,2022,11,1,3,9,27,87,100,0,1,1,-34.465788,150.421957,78,2,1,1,3,0,0,0,2,0,7,60,2,14295,14295,3,10,0,3,0,0,0,1
1310467,4,2022,2022,9,1,0,387,27,290,331,0,1,9,-33.950037,151.126416,4,0,2,1,2,0,0,0,0,2,7,60,2,14295,14295,3,16,0,2,0,1,0,0
1310468,2,2023,2023,4,2,7,67,27,157,55,0,1,9,-34.014069,151.104685,68,0,2,0,3,0,0,0,2,2,7,70,2,5929,5929,1,5,5,2,0,0,1,0
1310471,1,2022,2022,2,1,9,866,17,94,793,0,1,10,-33.888271,150.922952,24,0,2,1,3,0,3,4,2,2,7,70,2,14295,14295,3,34,25,2,0,0,0,1
1310472,1,2022,2022,2,1,9,5,27,210,34609,0,1,1,-34.036081,151.113231,68,0,2,1,3,0,0,0,3,0,9,50,0,1981,1981,4,10,27,2,0,0,0,1
1310475,1,2022,2022,9,3,8,12,1,134,34609,0,1,9,-33.893945,151.25159,76,0,2,1,3,0,3,4,3,0,0,50,0,1850,777,5,15,40,1,0,0,0,1
1310477,1,2023,2023,4,0,7,38,27,189,165,0,1,7,-33.950196,151.059123,15,0,2,0,3,0,3,4,2,0,0,50,1,6545,6545,4,5,5,2,0,0,0,1
1310478,1,2023,2023,4,2,8,77,31,163,69,0,1,10,-33.864973,151.103778,14,0,2,1,3,0,0,0,2,2,7,60,2,6545,6545,4,0,5,2,0,0,0,2
1310481,1,2023,2023,4,1,7,500,27,293,799,0,1,9,-33.932489,151.048316,15,0,2,1,3,0,0,0,2,0,0,60,2,1669,1669,3,5,5,2,0,0,0,1
1310482,2,2023,2023,4,1,3,21,31,133,34609,0,1,1,-33.921883,151.014449,15,0,2,1,2,0,0,0,2,0,7,50,0,4026,4026,1,5,0,2,0,0,1,0
1310485,1,2022,2022,9,1,9,45,27,47,44,0,1,10,-33.816856,151.151571,38,0,2,1,3,0,0,0,3,2,7,60,2,515,515,1,30,5,2,0,0,0,1
1310488,1,2023,2023,4,3,8,29,27,24,30,0,1,1,-33.907316,150.896315,41,0,2,1,3,0,0,0,3,0,7,60,1,14295,14295,3,5,5,3,0,0,0,1
1310491,2,2023,2023,4,4,3,22,27,132,26,0,1,1,-29.70508,151.148229,33,1,0,0,3,0,0,0,2,0,7,100,1,4552,5151,8,5,40,1,0,0,1,0
1310493,2,2023,2023,4,6,7,11,1,64,11,0,1,1,-32.94004,151.692424,48,0,2,1,3,0,0,0,2,0,7,70,1,14295,14295,3,0,13,4,0,0,1,0
1310496,2,2023,2023,4,4,7,42,36,18,34609,0,1,2,-30.701097,152.963382,47,1,0,0,3,0,0,0,2,0,7,100,0,2585,4009,8,10,40,1,0,0,1,0
1310498,1,2022,2022,2,3,0,168,10,21,260,0,1,2,-33.948461,151.165794,4,0,2,1,3,0,0,0,0,0,7,70,2,1282,1282,1,0,5,2,0,0,0,1
1310499,1,2022,2022,2,0,7,45,27,6,44,0,1,2,-33.829092,151.146118,38,0,2,1,3,0,3,0,2,0,7,70,2,3775,3775,0,0,5,2,0,0,0,1
1310500,1,2022,2022,2,2,8,112,27,109,256,0,1,10,-33.974686,150.856362,41,0,2,1,3,0,0,0,3,2,7,70,2,14295,14295,3,0,5,2,0,0,0,1
1310501,1,2023,2023,4,2,7,222,27,14,40,0,1,1,-33.586827,150.920885,29,2,2,1,3,0,0,0,2,0,7,80,1,9859,9859,8,5,40,1,0,0,0,1
1310506,1,2022,2022,9,2,7,5,27,108,34609,0,1,2,-33.307237,151.41564,16,2,2,1,3,0,0,0,2,0,0,50,0,14295,14295,3,33,13,2,0,0,0,1
1310507,1,2023,2023,4,6,5,2126,17,73,2149,0,1,10,-33.888185,151.164892,32,0,2,1,3,0,0,3,2,2,7,60,2,1282,1282,1,5,22,2,0,0,0,1
1310509,2,2023,2023,4,2,2,283,27,145,702,1,0,10,-33.92291,151.06837,15,0,2,1,3,0,0,0,0,2,7,60,2,14295,14295,3,5,0,2,0,0,1,1
1310511,2,2023,2023,4,5,6,283,27,197,702,0,1,2,-33.945783,151.078123,15,0,2,1,3,0,0,0,2,0,7,60,2,14295,14295,3,5,0,2,0,0,1,1
1310512,1,2023,2023,4,0,10,829,27,149,770,0,1,10,-33.865441,151.172106,32,0,2,1,3,0,0,0,0,2,7,60,2,14295,14295,3,5,0,2,0,0,0,1
1310519,1,2022,2022,2,0,7,5,23,67,34609,0,1,9,-33.888145,151.013565,15,0,2,1,3,0,0,0,2,0,0,50,0,14295,14295,3,5,5,2,0,0,0,1
1310520,1,2022,2022,9,5,8,8,27,187,34609,0,1,1,-33.798676,150.982802,54,0,2,1,3,0,0,0,2,0,7,50,0,14295,14295,3,8,12,4,0,0,0,2
1310521,2,2023,2023,4,2,6,36,31,59,34609,0,1,1,-34.334607,150.91825,80,0,2,1,3,0,0,0,2,0,7,50,0,9859,9859,1,0,5,2,0,0,1,0
1310522,1,2023,2023,4,5,6,61,27,19,70,0,1,9,-33.675899,150.9652,71,0,2,1,3,0,0,0,2,0,7,70,1,14295,14295,3,10,5,2,0,0,0,1
1310525,2,2023,2023,4,6,5,36,31,218,70,0,1,9,-33.764649,150.780492,55,0,2,1,3,0,0,0,2,1,7,60,1,5929,5929,1,5,5,2,0,0,1,1
1310526,1,2023,2023,4,3,9,4,27,155,15,0,1,9,-33.201103,148.228481,53,1,0,1,3,0,0,0,2,0,7,100,1,29,29,6,33,40,1,0,0,0,1
1310528,2,2023,2023,4,3,5,12,27,22,34609,0,1,1,-35.149139,150.048003,58,2,1,1,3,0,0,0,2,0,7,80,0,1945,1945,5,16,40,1,0,0,1,0
1310529,1,2022,2022,2,5,8,5,31,523,34609,0,1,10,-33.926682,150.924484,41,0,2,1,3,0,0,0,2,2,7,50,0,14295,14295,3,16,5,2,0,0,0,1
1310531,1,2022,2022,2,2,6,222,31,117,34609,0,1,9,-28.165188,153.550518,72,2,1,0,3,0,0,0,2,0,7,50,0,4552,5151,1,0,12,3,0,0,0,1
1310534,2,2023,2023,4,6,6,45,31,204,331,0,1,9,-33.935467,151.156257,4,0,2,1,3,0,3,4,2,2,7,60,2,1282,1282,1,21,5,2,0,0,1,0
1310535,2,2023,2023,4,1,6,515,14,387,518,0,1,3,-33.943948,151.16141,4,0,2,1,3,0,0,0,2,0,7,80,2,14295,14295,3,8,10,2,0,0,1,0
1310537,4,2023,2023,4,0,4,80,31,137,34609,1,0,10,-32.965855,151.696744,37,0,2,1,3,0,0,0,2,0,15,50,0,6545,6545,4,0,0,2,0,1,0,0
1310539,4,2022,2022,10,4,8,118,31,176,34609,0,1,1,-33.956749,151.141952,4,0,2,1,1,0,0,0,2,0,7,50,0,1981,1981,4,5,27,2,0,1,0,0
1310540,2,2023,2023,4,5,1,36,31,363,31,0,1,10,-33.818648,151.016907,54,0,2,1,2,0,0,0,0,2,7,50,1,6545,6545,4,5,0,2,0,0,1,0
1310552,1,2022,2022,9,4,4,478,17,22,480,0,1,1,-33.329967,151.502481,16,2,2,0,0,0,0,0,2,0,7,70,2,1957,4009,1,21,5,2,0,0,0,1
1310553,2,2023,2023,4,0,6,1,34,4,34609,0,1,1,-32.38603,152.14662,43,2,1,1,0,2,0,0,2,0,7,40,0,1945,1945,5,16,40,1,0,0,1,0
1310554,4,2022,2022,9,5,10,23,27,523,23,0,1,10,-33.922878,150.908127,41,0,2,1,2,0,0,0,0,2,7,60,1,5929,5929,1,15,0,2,0,2,0,0
1310555,2,2022,2022,2,0,8,57,31,182,34609,0,1,1,-32.838774,151.358828,17,2,1,1,1,0,0,0,2,0,8,50,0,1945,1945,5,22,40,1,0,0,1,0
1310558,1,2022,2022,11,5,4,117,1,115,121,0,1,1,-34.036308,151.074606,68,0,2,1,1,0,0,0,2,0,7,60,1,14295,14295,3,0,0,2,0,0,0,1
1310562,2,2023,2023,4,3,9,4,27,3,34609,0,1,9,-31.049869,153.041071,34,2,1,0,0,0,3,3,2,0,7,60,0,418,777,5,10,40,1,0,0,3,0
1310565,4,2022,2022,9,6,8,35,27,11,49,0,1,9,-31.440907,150.647998,51,1,0,1,0,0,0,0,2,0,7,100,1,5929,5929,1,5,13,2,0,1,1,0
1310566,2,2022,2022,9,6,7,265,17,9,193,0,1,1,-34.753531,147.871411,51,1,0,1,0,0,0,0,2,0,7,100,2,9859,9859,8,5,40,1,0,0,1,0
1310567,1,2022,2022,9,5,7,14,27,251,14,0,1,9,-33.774599,150.9597,7,0,2,1,1,0,0,0,2,0,7,60,1,5929,5929,1,0,13,2,0,0,0,1
1310568,1,2023,2023,4,6,8,344,27,168,382,0,1,10,-33.712057,150.841888,7,0,2,0,3,0,0,0,2,2,7,80,2,623,623,3,5,5,2,0,0,0,1
1310570,2,2022,2022,10,4,4,19,31,161,96,1,0,10,-33.885988,151.147621,32,0,2,1,3,0,0,0,2,2,7,50,2,14295,14295,3,8,10,2,0,0,1,0
1310574,4,2023,2023,4,0,6,11,27,4,34609,0,1,1,-28.524312,153.447538,10,2,1,1,0,0,0,0,2,0,7,80,0,3775,3775,0,0,13,2,0,1,0,1
1310575,2,2022,2022,9,4,7,6,27,5,34609,0,1,1,-28.781063,153.404302,39,2,1,0,0,0,0,0,2,0,7,80,0,3775,3775,0,10,22,2,0,0,1,0
1310576,4,2022,2022,9,5,8,500,27,198,799,0,1,9,-33.916859,151.107725,15,0,2,1,1,0,0,0,2,0,0,60,2,2852,2852,4,5,19,2,0,1,0,0
1310578,4,2022,2022,9,2,0,1,27,25,34609,0,1,1,-34.515606,150.406068,78,2,1,1,0,0,0,0,0,0,7,50,0,1945,1945,5,0,40,1,0,1,1,0
1310580,2,2023,2023,4,6,11,2,27,98,34609,0,1,1,-31.002359,150.257836,51,2,1,0,3,0,0,0,0,0,7,50,0,4552,5151,8,5,40,1,0,0,1,0
1310583,2,2023,2023,4,1,9,90,36,9,102,0,1,1,-34.49928,147.873391,20,2,1,0,0,0,3,0,3,0,7,60,2,3775,3775,0,5,2,2,0,0,2,1
1310588,2,2023,2023,4,2,7,104,27,443,702,0,1,2,-33.900314,151.065208,67,0,2,1,3,0,0,0,2,0,7,70,2,1981,1981,4,10,0,2,0,0,1,0
1310589,2,2023,2023,4,0,7,7,27,115,52,0,1,2,-33.909793,151.175343,32,0,2,1,0,0,3,3,2,0,7,60,1,14295,14295,3,5,5,2,0,0,1,0
1310591,2,2023,2023,4,4,5,4,27,5,34609,0,1,1,-31.839115,152.418025,43,1,0,1,0,0,3,4,2,0,7,100,0,475,475,5,0,40,1,0,0,1,0
1310597,4,2023,2023,4,5,9,2,10,101,34609,0,1,1,-32.91599,151.599241,37,0,2,1,0,0,0,0,3,0,7,50,0,14295,14295,3,16,5,2,0,1,0,1
1310599,4,2022,2022,2,1,8,5,27,23,34609,0,1,1,-34.382651,150.881942,80,0,2,1,1,0,0,0,2,0,7,50,0,941,941,1,5,5,2,0,1,0,0