Crash ID,Degree of crash - detailed,Reporting year,Year of crash,Month of crash,Day of week of crash,Two-hour intervals,Street of crash,Street type,Town,Route no.,School zone location,School zone active,Type of location,Latitude,Longitude,LGA,Urbanisation,Conurbation 1,Alignment,Street lighting,Road surface,Surface condition,Weather,Natural lighting,Signals operation,Other traffic control,Speed limit,Road classification,RUM - code,DCA - code,First impact type,Key TU type,Other TU type,No. of traffic units involved,No. killed,No. seriously injured,No. moderately injured,No. minor-other injured
1310603,2,2022,2022,9,0,6,1,31,253,34609,0,1,10,-33.951548,151.095782,25,0,2,1,0,0,0,0,2,0,0,50,0,6545,6545,4,5,5,2,0,0,1,0
1310604,2,2022,2022,9,6,8,78,31,49,34609,0,1,1,-32.988896,151.678427,37,0,2,1,1,0,0,0,2,0,7,60,0,121,121,9,5,28,2,0,0,1,0
1310606,1,2022,2022,2,4,10,112,27,92,256,0,1,9,-33.998296,150.841896,13,0,2,1,2,0,0,0,0,2,7,70,2,14295,14295,3,10,0,2,0,0,0,3
1310607,4,2022,2022,10,5,6,67,27,100,15,0,1,9,-33.803361,151.148273,77,0,2,0,1,0,0,0,2,0,15,50,1,2852,2852,4,0,5,2,0,1,0,1
1310614,2,2022,2022,10,4,11,2261,17,44,2252,0,1,1,-35.21987,147.792639,75,1,0,1,2,0,0,0,0,0,7,110,2,14295,14295,3,29,2,2,0,0,1,1
1310616,2,2022,2022,2,1,5,22,31,33,34609,0,1,9,-34.780241,150.693152,63,2,1,1,1,0,0,0,2,0,7,50,0,1945,1945,5,16,40,1,0,0,1,0
1310618,2,2022,2022,2,4,2,6,31,117,34609,0,1,1,-28.171291,153.541251,72,2,1,1,0,0,0,0,0,0,7,50,0,404,404,8,15,40,1,0,0,1,0
1310620,1,2023,2023,4,3,5,251,27,64,212,0,1,2,-33.760894,151.215912,50,0,2,1,3,0,0,0,2,0,7,70,2,1383,1383,1,10,0,3,0,0,0,1
1310621,2,2023,2023,4,5,8,57,36,17,769,0,1,1,-33.608212,150.789554,29,2,2,1,3,0,3,0,2,0,7,70,2,1669,1669,3,0,5,2,0,0,1,0
1310622,1,2023,2023,4,1,3,10,27,115,10,0,1,9,-33.881489,151.188773,69,0,2,1,1,0,0,0,1,0,7,40,1,9859,9859,8,0,40,1,0,0,0,1
1310629,1,2022,2022,9,5,6,1,1,11,34609,0,1,9,-34.360264,150.899535,80,0,2,1,1,0,0,0,2,0,15,60,0,14295,14295,3,10,5,2,0,0,0,1
1310631,2,2022,2022,2,6,8,293,31,20,260,0,1,1,-33.087873,151.499617,37,0,2,1,1,0,0,0,2,0,7,60,2,3775,3775,0,0,5,3,0,0,2,0
1310637,2,2022,2022,2,2,11,171,31,50,34609,0,1,1,-34.343568,150.913657,80,0,2,1,2,0,0,0,0,0,7,50,0,9859,9859,1,5,36,2,0,0,1,0
1310640,2,2023,2023,4,1,10,97,27,87,799,0,1,2,-33.928659,150.962821,41,0,2,1,2,0,0,0,0,0,7,70,2,9859,9859,8,0,40,1,0,0,1,0
1310641,2,2022,2022,2,5,9,1,31,3,34609,0,1,1,-33.998667,151.096451,68,0,2,1,1,0,0,0,2,0,7,50,0,312,312,2,5,40,1,0,0,1,0
1310644,4,2022,2022,2,5,6,8,1,646,34609,0,1,1,-33.915812,151.040082,15,0,2,1,1,0,0,0,2,2,9,50,0,2040,2040,9,5,28,2,0,1,0,0
1310645,4,2022,2022,2,5,4,2126,17,139,2149,0,1,10,-33.887497,151.141801,32,0,2,1,2,0,0,0,2,2,7,60,2,14295,14295,3,29,5,2,0,1,0,0
1310647,1,2023,2023,4,4,6,829,27,9,770,0,1,10,-33.840147,151.13636,51,0,2,1,1,0,0,0,2,1,7,70,2,1383,1383,1,33,18,2,0,0,0,1
1310649,1,2022,2022,1,6,3,28,27,94,34609,1,0,10,-33.782203,150.791611,55,0,2,1,2,0,0,0,1,2,7,50,0,5929,5929,1,9,19,2,0,0,0,1
1310650,4,2022,2022,9,6,6,36,31,56,70,0,1,2,-33.761234,150.78106,55,0,2,1,0,0,0,0,2,0,7,60,1,1981,1981,4,18,35,2,0,1,0,0
1310652,2,2022,2022,2,4,4,135,17,20,136,0,1,10,-35.979811,146.627794,51,2,1,1,1,0,0,0,2,0,0,50,2,591,591,1,22,41,2,0,0,1,0
1310655,1,2022,2022,11,2,7,4,31,145,34609,0,1,7,-33.926784,151.069407,15,0,2,1,1,2,0,0,2,0,0,50,0,9859,9859,1,5,5,4,0,0,0,1
1310658,2,2022,2022,2,3,9,2209,17,67,2205,0,1,2,-34.43187,150.865676,80,0,2,1,2,0,0,0,3,0,7,60,2,1383,1383,1,5,0,2,0,0,1,0
1310662,4,2022,2022,2,6,6,916,17,91,917,0,1,1,-32.809286,151.633835,48,0,2,1,1,0,0,0,2,0,7,60,2,3775,3775,0,5,0,3,0,2,1,0
1310663,4,2022,2022,9,1,6,42,27,34,34609,0,1,1,-33.491887,151.359524,16,2,2,1,1,0,0,0,2,0,7,50,0,941,941,1,5,22,2,0,1,0,0
1310665,2,2023,2023,4,5,9,117,1,49,35,0,1,1,-33.966529,151.152205,4,0,2,1,1,0,0,0,2,0,7,60,2,941,941,1,0,5,2,0,0,1,1
1310669,4,2023,2023,4,0,5,2126,17,17,2149,0,1,2,-33.712423,150.592897,8,2,2,0,0,0,3,0,2,0,7,80,2,2585,4009,8,5,40,1,0,1,0,0
1310672,1,2022,2022,2,1,8,2,27,23,34609,0,1,9,-34.016761,151.031753,68,0,2,1,0,0,0,0,2,0,7,50,0,9859,9859,1,5,5,3,0,0,0,1
1310673,2,2023,2023,4,3,6,9,31,56,34609,1,0,10,-31.093684,152.828868,34,2,1,1,1,0,0,0,2,0,0,50,0,6545,6545,4,9,5,2,0,0,1,0
1310676,4,2022,2022,2,2,6,23,31,65,34609,0,1,9,-33.862289,150.900146,24,0,2,1,1,0,0,0,2,0,0,50,0,1109,787,1,0,5,2,0,2,0,0
1310677,2,2022,2022,9,6,10,344,27,363,16,0,1,10,-33.747036,150.714261,55,0,2,1,0,0,0,0,0,2,7,70,1,14295,14295,3,30,19,2,0,0,1,0
1310679,1,2022,2022,5,3,5,38,31,76,34609,1,0,7,-35.356768,150.471934,63,2,1,1,1,0,0,0,2,0,0,50,0,1282,1282,1,5,27,2,0,0,0,1
1310683,2,2022,2022,2,0,10,81,27,66,34609,0,1,1,-32.923713,151.65243,37,0,2,1,2,0,0,0,0,0,7,60,0,4026,4026,1,10,13,2,0,0,1,0
1310684,2,2023,2023,4,4,5,101,10,239,167,1,0,10,-34.03195,151.119542,68,0,2,1,3,0,0,0,2,2,7,70,2,14295,14295,3,0,0,3,0,0,1,0
1310685,4,2022,2022,2,5,4,8,27,119,6,0,1,9,-33.874066,151.161314,32,0,2,1,1,0,0,0,2,0,0,50,1,941,941,1,10,5,2,0,1,0,0
1310686,2,2022,2022,9,4,6,165,31,532,34609,0,1,1,-33.871978,151.206987,69,0,2,1,0,0,0,0,2,0,7,20,0,238,238,9,5,28,2,0,0,1,0
1310687,4,2022,2022,9,1,3,8,27,55,17,0,1,1,-32.81592,151.531701,17,2,1,0,0,0,3,4,2,0,7,80,1,2585,4009,8,21,40,1,0,2,1,1
1310688,4,2023,2023,4,3,5,38,27,57,47,0,1,7,-34.663716,150.843185,35,2,1,0,1,0,0,0,2,0,0,60,1,4552,5151,8,22,40,1,0,1,0,0
1310691,4,2023,2023,4,0,5,8,31,32,11,0,1,1,-32.356193,149.524407,44,2,1,0,0,0,0,0,2,0,7,50,1,1850,777,5,15,40,1,0,1,0,0
1310692,2,2022,2022,9,6,6,348,27,169,100,0,1,10,-33.602005,150.733855,29,2,2,1,1,0,0,0,2,0,15,60,2,6545,6545,4,5,13,2,0,0,1,0
1310694,4,2022,2022,2,1,7,165,31,219,34609,0,1,10,-32.900264,151.672844,48,0,2,1,0,0,0,0,2,0,15,50,0,6545,6545,4,0,5,3,0,1,1,0
1310697,4,2022,2022,2,3,7,10,27,68,34609,0,1,1,-33.680636,149.858867,51,1,0,1,0,0,0,0,2,0,7,100,0,1945,1945,5,16,40,1,0,1,0,0
1310699,2,2022,2022,9,0,8,85,27,72,145,0,1,10,-33.799075,151.053967,54,0,2,1,1,0,0,3,2,0,0,70,2,775,775,4,0,5,2,0,0,1,0
1310700,4,2022,2022,2,3,7,19,1,132,148,0,1,1,-34.060022,151.052983,68,0,2,1,0,0,0,0,2,0,7,60,2,14295,14295,3,10,0,2,0,1,0,1
1310708,4,2022,2022,2,6,4,55,36,22,95,0,1,1,-33.180042,148.567674,11,1,0,0,0,0,0,0,2,0,7,100,2,3775,3775,0,0,12,2,0,1,2,0
1310709,2,2022,2022,9,6,3,2209,17,59,2205,0,1,1,-34.321463,150.895093,80,0,2,0,0,0,0,0,2,0,7,60,2,14295,14295,3,9,0,2,0,0,1,0
1310711,2,2022,2022,9,4,10,10,31,84,16,0,1,9,-31.098409,150.924046,70,2,1,0,2,0,0,0,3,0,0,60,1,775,775,4,5,19,2,0,0,1,0
1310713,2,2022,2022,10,6,10,92,27,129,244,0,1,1,-33.897004,151.101572,15,0,2,1,2,0,0,0,0,0,7,60,2,9859,9859,1,5,13,2,0,0,1,0
1310715,4,2022,2022,10,0,0,2,27,80,34609,0,1,1,-34.515558,146.391598,51,1,0,1,0,0,0,0,0,0,7,100,0,4026,4026,8,10,40,1,0,1,0,0
1310717,2,2022,2022,10,1,3,63,27,103,34,0,1,7,-32.94541,151.664985,37,0,2,1,0,0,0,0,2,0,7,60,1,3775,3775,0,0,5,2,0,0,2,0
1310718,4,2022,2022,10,3,5,2,27,9,34609,0,1,1,-32.897483,144.656106,51,1,0,0,0,2,3,3,2,0,7,100,0,1850,1463,5,10,40,1,0,1,0,0
1310757,1,2022,2022,10,2,5,2209,17,6,2205,0,1,1,-36.349248,150.000945,23,1,0,0,0,0,0,0,2,0,7,100,2,1850,1463,5,16,40,1,0,0,0,1
1310765,2,2023,2023,4,3,8,47,27,293,69,0,1,10,-33.941154,151.25292,59,0,2,1,3,0,0,0,2,2,7,50,1,1109,397,1,0,19,2,0,0,1,1
1310772,4,2023,2023,4,3,6,133,10,40,121,0,1,9,-31.536171,152.868789,56,1,0,1,0,0,0,0,2,0,7,100,1,1669,1669,3,9,0,2,0,1,1,0
1310776,2,2023,2023,4,3,9,83,27,169,147,0,1,1,-28.65377,153.615631,10,2,1,1,1,0,0,0,3,0,7,50,1,591,591,1,22,0,2,0,0,1,0
1310780,4,2022,2022,10,2,6,5,27,5,34609,0,1,1,-32.082121,151.914849,43,2,1,1,0,0,0,0,2,0,7,50,0,945,945,5,16,40,1,0,1,0,0
1310786,1,2022,2022,2,6,6,251,27,115,212,0,1,9,-33.753134,151.241678,50,0,2,0,3,0,0,0,2,0,0,70,2,14295,14295,3,9,5,2,0,0,0,1
1310788,1,2023,2023,4,3,6,73,27,443,78,0,1,10,-33.906142,151.052538,15,0,2,1,3,0,0,0,2,2,7,60,2,775,775,4,5,5,2,0,0,0,1
1310795,2,2023,2023,4,1,7,62,10,92,62,1,0,7,-33.411712,151.35,16,2,2,1,3,0,0,0,2,0,0,60,2,6545,6545,4,5,12,2,0,0,1,0
1310797,2,2022,2022,2,0,6,9,10,61,40,0,1,1,-35.905044,150.102982,23,2,1,0,3,0,3,4,2,0,7,80,1,380,714,5,0,40,1,0,0,1,0
1310799,2,2023,2023,4,3,5,154,27,293,244,0,1,9,-33.918326,151.064241,15,0,2,1,3,0,0,0,2,0,7,60,2,5929,5929,1,0,5,2,0,0,1,0
1310803,4,2022,2022,10,6,8,158,27,68,207,0,1,1,-33.878524,151.241851,81,0,2,0,1,0,0,3,2,0,7,60,2,14295,14295,3,33,18,3,0,1,0,0
1310804,2,2022,2022,9,5,11,39,31,193,145,1,0,10,-33.793497,151.077677,61,0,2,1,2,0,0,0,0,2,9,60,2,1220,1220,9,0,28,2,0,0,1,0
1310806,1,2022,2022,10,0,5,81,17,10,100,0,1,9,-34.427154,150.488106,78,2,1,1,3,0,0,0,2,0,0,80,2,2852,2852,4,0,5,2,0,0,0,1
1310807,1,2023,2023,4,0,4,171,23,55,34609,0,1,10,-33.889681,151.282975,76,0,2,1,3,0,3,4,2,0,9,50,0,2040,2040,9,5,28,2,0,0,0,1
1310811,2,2023,2023,4,0,9,348,17,9,232,0,1,1,-32.570825,149.560669,44,2,1,1,3,0,0,3,2,0,7,80,2,84,84,6,5,40,1,0,0,1,0
1310822,2,2023,2023,4,5,8,97,27,271,799,0,1,2,-33.934038,151.004877,15,0,2,1,1,0,0,0,2,0,7,70,2,14295,14295,3,5,5,3,0,0,1,0
1310823,4,2022,2022,2,5,9,1,27,9,13,0,1,9,-35.169172,146.712868,51,1,0,1,1,0,0,0,3,0,7,100,1,1945,1945,5,16,40,1,0,1,0,0
1310824,4,2022,2022,10,0,6,12,23,134,65,0,1,1,-33.674202,150.858539,7,0,2,1,1,0,0,0,2,0,12,60,1,1981,1981,4,21,19,2,0,1,1,0
1310825,1,2022,2022,2,0,5,63,31,252,34609,0,1,9,-33.890098,151.213082,69,0,2,1,0,0,0,0,2,0,9,40,0,1220,1220,9,33,28,2,0,0,0,1
1310836,1,2023,2023,4,6,4,1052,14,118,928,0,1,3,-33.428159,151.275932,16,1,2,0,3,0,3,3,2,0,7,110,2,1282,1282,1,8,5,2,0,0,0,1
1310841,1,2022,2022,2,5,6,5,27,3,34609,0,1,1,-31.741828,151.632902,43,2,1,1,1,0,0,0,2,0,7,80,0,1945,1945,5,16,40,1,0,0,0,1
1310844,4,2022,2022,10,6,4,107,22,70,17,0,1,2,-34.02799,151.092468,68,0,2,1,1,0,0,0,2,0,7,60,1,1945,1945,5,16,40,1,0,1,0,0
1310845,1,2022,2022,11,6,5,158,27,138,207,0,1,1,-33.869012,151.270518,81,0,2,1,0,0,0,0,2,0,7,50,2,1981,1981,4,0,27,2,0,0,0,1
1310846,2,2022,2022,10,3,5,22,27,26,34609,0,1,9,-34.859595,150.588084,63,2,1,1,0,0,3,4,2,0,15,60,0,6545,6545,4,0,36,2,0,0,1,1
1310847,1,2022,2022,2,5,3,103,27,176,167,0,1,9,-33.970181,151.136284,25,0,2,1,3,0,0,0,2,0,0,60,2,14295,14295,3,10,13,2,0,0,0,1
1310848,2,2023,2023,4,0,5,11,31,194,34609,0,1,7,-30.514669,151.664834,1,2,1,1,3,0,0,0,2,0,0,50,0,4552,985,1,5,0,2,0,0,1,0
1310849,4,2022,2022,2,4,7,6,36,65,34609,1,0,1,-33.807913,150.953605,21,0,2,1,1,0,0,0,2,0,7,50,0,340,340,9,5,28,2,0,1,0,0
1310850,1,2023,2023,4,4,3,6,23,43,34609,0,1,1,-33.699404,151.308303,50,0,2,0,1,0,0,0,1,0,7,50,0,14295,14295,3,22,27,2,0,0,0,1
1310851,2,2022,2022,2,4,8,44,27,202,563,0,1,9,-33.951241,151.038468,15,0,2,1,0,0,3,0,2,0,0,70,2,14295,14295,3,16,0,2,0,0,1,0
1310852,2,2022,2022,9,5,6,3371,17,32,3342,0,1,9,-32.951023,151.717772,48,0,2,1,1,0,0,0,2,2,7,60,2,5929,5929,1,5,5,2,0,0,2,0
1310853,1,2022,2022,5,4,7,10,27,13,34609,0,1,1,-35.196299,150.44462,63,2,1,0,0,2,0,6,2,0,7,80,0,1850,1463,5,16,40,1,0,0,0,1
1310854,2,2023,2023,4,6,4,168,17,19,212,0,1,1,-35.545499,149.981245,23,1,0,0,0,0,3,4,2,0,7,90,2,3775,3775,0,10,0,2,0,0,1,1
1310855,4,2023,2023,4,6,7,9,31,73,34609,0,1,1,-33.717752,150.709065,55,0,2,1,1,0,0,0,2,0,7,50,0,515,515,1,16,0,2,0,1,0,0
1310859,1,2023,2023,4,5,6,55,10,96,47,0,1,7,-33.434836,151.39584,16,2,2,1,0,0,0,0,2,3,0,60,2,591,591,1,22,25,2,0,0,0,1
1310863,2,2022,2022,2,2,2,165,31,532,16,0,1,1,-33.874808,151.206744,69,0,2,1,2,0,0,0,0,0,7,20,1,1945,1945,5,22,40,1,0,0,1,0
1310864,2,2023,2023,4,1,9,1,10,3,34609,0,1,10,-34.475029,150.762447,80,0,2,1,1,0,0,3,2,0,0,50,0,6545,6545,4,10,27,2,0,0,1,0
1310868,2,2022,2022,2,0,6,10,31,87,34609,0,1,1,-28.807994,153.27918,39,2,1,1,0,0,0,0,2,0,7,50,0,220,220,8,5,40,1,0,0,1,1
1310869,4,2022,2022,10,0,8,14,31,438,563,0,1,2,-33.851548,151.037305,21,0,2,1,1,0,0,0,2,0,7,70,2,14295,14295,3,9,12,2,0,1,0,0
1310872,4,2023,2023,4,6,4,117,1,70,121,0,1,10,-34.037071,151.079865,68,0,2,1,1,0,0,0,2,2,7,60,1,6545,6545,4,0,5,2,0,1,0,0
1310880,4,2022,2022,9,4,3,7,1,149,34609,0,1,7,-33.993928,151.140088,4,0,2,1,1,0,0,0,2,0,0,50,0,6545,6545,4,5,27,2,0,1,0,0
1310883,1,2022,2022,1,0,6,1,18,6,34609,0,1,1,-32.694898,151.362787,17,1,0,0,0,2,0,0,2,0,7,100,0,4552,5151,8,5,40,1,0,0,0,1
1310885,1,2022,2022,5,6,7,3,27,8,34609,0,1,1,-34.848974,150.740744,63,2,1,1,0,0,0,0,2,0,7,50,0,3775,3775,0,5,0,2,0,0,0,1
1310887,2,2023,2023,4,5,4,89,27,182,228,1,0,9,-32.836583,151.34646,17,2,1,1,1,0,0,0,2,0,7,60,1,5929,5929,1,0,19,2,0,0,1,0
1310889,2,2023,2023,4,0,4,1104,14,104,962,0,1,3,-33.834274,151.027245,54,0,2,0,1,0,0,0,2,0,7,90,2,14295,14295,3,9,5,3,0,0,1,0
1310890,2,2022,2022,2,0,5,7,31,77,34609,0,1,9,-32.939685,151.752299,48,0,2,1,1,0,0,0,2,0,7,50,0,6545,6545,4,5,5,2,0,0,1,0
1310893,2,2022,2022,9,1,5,171,23,99,34609,1,0,9,-33.888871,151.277671,76,0,2,0,0,0,0,0,2,0,15,40,0,6545,6545,4,30,18,2,0,0,1,0
1310894,2,2023,2023,4,3,8,67,27,210,55,0,1,2,-34.029454,151.105605,68,0,2,1,3,0,3,4,3,0,7,60,2,9859,9859,8,5,40,1,0,0,1,0
1310896,2,2023,2023,4,1,10,10,31,67,125,1,0,1,-33.877937,151.008036,15,0,2,1,3,0,0,0,0,0,7,50,1,9859,9859,1,0,13,3,0,0,1,0
1310897,2,2022,2022,2,5,7,3371,17,58,3342,0,1,9,-32.785447,151.732424,57,2,1,1,1,0,0,0,2,0,15,70,2,775,775,4,0,35,2,0,0,1,0
1310899,2,2022,2022,10,3,8,3,27,13,34609,0,1,1,-35.779241,150.209771,23,2,1,1,0,0,0,0,3,0,7,70,0,9859,9859,8,5,40,1,0,0,2,0
1310903,2,2023,2023,4,4,6,98,31,68,34609,0,1,10,-33.876684,151.241751,81,0,2,1,0,0,0,0,2,0,9,50,0,2040,2040,9,0,28,2,0,0,1,0
1310907,4,2023,2023,4,0,5,82,27,6,103,0,1,1,-28.468245,153.246277,72,2,1,0,3,0,0,0,2,0,7,80,1,1850,1463,5,16,40,1,0,1,0,0
1310912,1,2023,2023,4,6,8,308,14,323,311,0,1,3,-33.807072,150.852581,7,0,2,1,3,0,0,0,2,0,7,100,2,14295,14295,3,0,36,3,0,0,0,1
1310916,2,2023,2023,4,2,7,41,27,228,69,0,1,1,-34.699984,149.767947,26,1,0,0,3,0,0,0,2,0,7,100,1,4552,5151,8,5,40,1,0,0,1,0
1310917,1,2023,2023,4,6,5,62,10,70,62,0,1,10,-33.435863,151.350349,16,2,2,1,3,0,0,0,2,2,7,50,2,395,395,1,16,0,2,0,0,0,1
1310922,2,2022,2022,2,0,0,916,17,15,917,1,0,1,-31.777041,150.890397,73,2,1,0,0,0,3,0,0,0,7,70,2,2585,4009,8,5,40,1,0,0,1,0
1310926,2,2022,2022,2,2,10,37,31,273,87,0,1,1,-34.420316,150.900955,80,0,2,1,2,0,0,0,0,0,7,60,2,1981,1981,4,15,19,4,0,0,1,1
1310927,1,2022,2022,2,1,6,1052,14,33,928,0,1,3,-33.643254,151.141316,31,0,2,1,3,0,3,4,2,0,7,110,2,14295,14295,3,0,0,3,0,0,0,1
1310928,2,2023,2023,4,6,7,229,14,323,237,0,1,3,-33.767764,150.99909,54,0,2,1,3,0,0,0,2,0,7,100,2,1192,1192,1,10,13,3,0,0,1,0
1310932,1,2023,2023,4,2,4,2209,17,77,2205,0,1,1,-33.921811,151.164162,32,0,2,1,3,0,0,0,2,0,7,60,2,14295,14295,3,0,5,4,0,0,0,1
1310933,1,2022,2022,2,4,11,1104,11,532,770,0,1,10,-33.863398,151.205372,69,0,2,1,2,0,0,0,0,2,9,40,2,591,591,1,22,5,2,0,0,0,1
1310934,4,2023,2023,4,1,7,481,17,3,483,0,1,1,-31.59964,148.761919,51,1,0,1,0,0,0,0,2,0,7,110,2,15,15,1,5,2,2,0,2,0,0
1310935,1,2022,2022,5,0,4,8,10,30,34609,0,1,10,-32.75576,151.633191,42,2,1,1,0,0,0,0,2,0,0,50,0,6545,6545,4,8,0,2,0,0,0,1
1310937,4,2022,2022,2,2,9,44,31,134,34609,0,1,9,-33.518429,151.323608,16,2,2,1,0,0,0,0,2,0,7,50,0,926,926,4,15,13,2,0,1,0,0
1310939,2,2022,2022,2,4,3,512,17,9,441,0,1,9,-33.405368,149.483958,3,1,0,1,0,0,0,0,2,0,0,100,2,2852,2852,4,10,13,2,0,0,2,0
1310941,2,2023,2023,4,5,2,3,10,24,34609,0,1,1,-33.725082,150.92131,7,0,2,1,2,0,0,0,1,0,7,50,0,9859,9859,1,5,36,2,0,0,1,0
1310943,4,2023,2023,4,2,3,10,31,246,64,0,1,1,-33.909968,151.198863,69,0,2,1,1,0,3,3,1,0,7,50,2,1850,777,5,16,40,1,0,1,0,0
1310945,4,2022,2022,2,2,6,109,27,247,106,0,1,9,-33.829669,150.952881,21,0,2,1,1,0,0,0,2,0,7,60,1,14295,14295,3,5,12,2,0,1,1,0
1310946,4,2022,2022,2,6,5,109,27,61,105,0,1,9,-33.897637,150.914191,24,0,2,1,1,0,0,0,2,0,0,60,2,3775,3775,0,5,0,4,0,1,0,0
1310948,1,2022,2022,2,2,9,2126,17,445,2149,0,1,9,-33.847152,151.046182,21,0,2,1,2,0,0,0,3,2,9,60,2,5929,5929,1,0,5,2,0,0,0,1
1310950,2,2022,2022,2,0,5,46,36,9,46,0,1,9,-32.762671,149.055051,22,1,0,0,0,0,0,0,2,0,7,100,1,1850,1463,5,10,40,1,0,0,1,0
1310952,1,2022,2022,9,5,7,149,27,52,198,0,1,9,-33.973219,150.983125,41,0,2,1,1,0,0,0,2,0,0,80,2,2852,2852,4,5,13,2,0,0,0,1
1310955,1,2023,2023,4,5,8,95,31,204,34609,0,1,1,-33.897457,151.127442,32,0,2,1,2,0,0,0,2,0,7,50,0,1282,1282,1,33,5,2,0,0,0,1
1310959,2,2022,2022,9,0,7,19,27,57,63,0,1,2,-34.569011,150.823943,62,0,2,0,0,0,0,0,2,0,7,80,2,14295,14295,3,10,13,2,0,0,1,1
1310961,2,2022,2022,2,4,4,9,27,27,34609,0,1,1,-33.241651,151.257217,16,2,2,0,0,0,3,4,2,0,7,80,0,4552,5151,8,16,40,1,0,0,1,0
1310962,2,2022,2022,9,3,4,7,27,11,8,0,1,1,-34.800759,148.314687,30,1,0,0,0,0,3,4,2,0,7,100,1,2585,4009,8,10,40,1,0,0,1,0
1310963,4,2022,2022,9,5,3,1052,14,207,928,0,1,3,-33.582329,151.189017,31,0,2,0,1,0,0,0,2,0,7,110,2,1259,5151,8,5,40,1,0,1,0,0
1310964,2,2022,2022,10,1,6,2209,17,48,2205,0,1,7,-36.675927,149.830534,5,2,1,0,0,0,0,0,2,0,0,80,2,14295,14295,3,0,5,2,0,0,1,0
1310966,2,2023,2023,4,4,9,3,31,12,11,0,1,1,-33.649169,149.07203,51,2,1,1,0,0,0,0,2,0,7,50,1,9859,9859,8,5,40,1,0,0,1,0
1310968,4,2022,2022,10,0,9,3,31,124,34609,0,1,10,-33.816966,151.045117,54,0,2,1,2,0,0,0,3,0,0,50,0,6545,6545,4,0,5,2,0,3,0,0
1310969,2,2022,2022,9,2,11,46,27,62,13,0,1,1,-32.920205,151.622797,37,0,2,1,2,0,0,0,0,0,7,60,1,9859,9859,1,0,13,2,0,0,1,0
1310970,2,2022,2022,10,2,10,2261,17,140,2252,0,1,9,-33.89824,150.995117,15,0,2,1,2,0,0,0,0,2,7,70,2,1220,1220,9,5,28,2,0,0,1,0
1310972,2,2022,2022,9,4,4,22,1,166,21,0,1,9,-33.932278,150.990326,15,0,2,1,1,0,0,0,2,0,7,60,1,1669,1669,3,9,41,2,0,0,1,0
1310973,1,2022,2022,2,0,8,44,27,253,331,1,0,9,-33.962298,151.112782,4,0,2,0,3,0,0,0,0,2,7,60,2,14295,14295,3,5,5,2,0,0,0,1
1310974,2,2022,2022,2,4,7,57,27,155,75,0,1,1,-33.496901,151.297197,16,2,2,1,1,0,0,0,2,0,7,60,1,3775,3775,0,5,5,2,0,0,1,0
1310975,2,2022,2022,9,6,9,177,22,188,34609,0,1,10,-33.950163,151.09269,25,0,2,1,1,0,0,0,2,0,0,50,0,5929,5929,1,5,22,2,0,0,1,0
1310976,4,2022,2022,9,3,8,2261,17,68,2252,0,1,9,-34.78846,148.857432,82,1,0,1,0,0,0,0,2,0,0,110,2,2852,2852,4,0,5,2,0,2,1,1
1310977,4,2022,2022,9,6,5,85,31,179,34609,0,1,1,-31.899416,152.469812,43,2,1,0,1,0,0,0,2,0,7,50,0,30,30,9,5,28,2,0,1,0,0
1310978,2,2022,2022,10,0,2,100,27,323,100,0,1,10,-33.805714,150.85167,7,0,2,1,2,0,0,0,1,2,7,70,2,5929,5929,1,34,5,2,0,0,1,0
1310983,4,2022,2022,2,0,7,7,27,31,34609,0,1,1,-33.876722,151.029466,21,0,2,1,0,0,0,0,2,0,7,50,0,4026,4026,8,5,40,1,0,1,0,0
1310985,2,2023,2023,4,2,9,3,27,25,34609,0,1,1,-35.037068,150.630702,63,2,1,1,0,0,0,0,2,0,7,80,0,945,945,5,0,40,1,0,0,1,0
1310990,1,2023,2023,4,4,4,346,17,35,332,0,1,7,-28.812733,153.267027,39,2,1,1,0,0,0,0,2,0,0,60,2,395,395,1,29,19,2,0,0,0,1
1310996,4,2022,2022,2,4,8,3371,17,27,3342,0,1,2,-30.139168,153.19347,19,1,0,1,0,0,0,0,2,0,7,110,2,9859,9859,8,0,40,1,0,1,0,0
1311001,1,2022,2022,9,1,4,9,31,62,6,0,1,10,-33.90103,151.148938,32,0,2,1,0,0,0,0,2,2,7,60,1,14295,14295,3,8,5,3,0,0,0,1
1311002,1,2022,2022,9,1,7,3,10,19,34609,0,1,10,-32.730255,152.002876,57,2,1,1,1,0,0,0,2,0,7,50,0,1220,1220,9,5,28,2,0,0,0,1
1311005,4,2023,2023,4,6,6,98,27,523,198,0,1,1,-33.926069,150.926153,41,0,2,1,1,0,0,0,2,0,7,60,2,3775,3775,0,5,5,2,0,2,1,0
1311006,2,2023,2023,4,4,7,348,17,24,232,0,1,1,-31.942055,149.323597,51,1,0,1,0,0,0,0,2,0,7,100,2,1945,1945,5,8,40,1,0,0,1,0
1311010,4,2022,2022,9,5,1,42,36,35,34609,0,1,9,-30.498616,153.014149,6,2,1,0,0,0,3,0,0,0,7,50,0,2585,4009,8,10,40,1,0,1,0,0
1311014,1,2022,2022,10,0,10,40,27,609,24,0,1,10,-33.773163,150.905433,7,0,2,1,2,0,0,0,0,2,7,60,1,6545,6545,4,5,0,2,0,0,0,1
1311016,2,2023,2023,4,1,10,6,27,78,34609,0,1,1,-33.700971,150.560668,8,2,2,0,2,2,0,0,0,0,7,50,0,1957,4009,8,5,40,1,0,0,1,0