Crash ID,Degree of crash - detailed,Reporting year,Year of crash,Month of crash,Day of week of crash,Two-hour intervals,Street of crash,Street type,Town,Route no.,School zone location,School zone active,Type of location,Latitude,Longitude,LGA,Urbanisation,Conurbation 1,Alignment,Street lighting,Road surface,Surface condition,Weather,Natural lighting,Signals operation,Other traffic control,Speed limit,Road classification,RUM - code,DCA - code,First impact type,Key TU type,Other TU type,No. of traffic units involved,No. killed,No. seriously injured,No. moderately injured,No. minor-other injured
1311019,2,2022,2022,2,4,4,512,17,7,441,0,1,1,-32.634193,148.948956,22,1,0,0,0,0,0,0,2,0,7,100,2,418,714,5,29,40,1,0,0,1,0
1311020,4,2022,2022,2,4,11,829,27,159,770,0,1,10,-33.809221,151.092694,61,0,2,1,2,0,0,0,0,2,7,60,2,4026,4026,8,5,40,1,0,1,0,0
1311024,2,2022,2022,2,2,11,500,27,129,799,0,1,1,-33.928394,151.076859,15,0,2,1,2,0,0,0,0,0,7,60,2,14295,14295,3,16,0,3,0,0,1,0
1311026,2,2022,2022,2,6,3,2261,17,92,2252,0,1,3,-33.998868,150.844149,13,0,2,0,0,0,0,0,2,0,7,110,2,2585,4009,8,0,40,1,0,0,1,0
1311027,2,2023,2023,4,1,3,92,31,8,34609,0,1,2,-28.803339,153.297572,39,2,1,1,0,0,0,0,1,0,7,50,0,4026,4026,8,0,40,1,0,0,1,0
1311031,1,2022,2022,11,1,10,193,27,31,94,0,1,1,-33.871198,151.026175,21,0,2,1,3,0,0,0,0,0,7,60,1,5929,5929,1,0,5,2,0,0,0,1
1311038,1,2023,2023,4,5,8,866,17,314,793,0,1,10,-33.86029,150.927596,24,0,2,0,3,0,0,0,3,0,7,70,1,5929,5929,1,5,0,2,0,0,0,1
1311041,1,2023,2023,4,6,10,194,31,445,18,0,1,1,-33.864033,151.047111,21,0,2,0,3,0,3,4,2,0,7,50,1,3775,3775,0,5,5,2,0,0,0,1
1311042,4,2023,2023,4,0,4,515,14,204,518,0,1,3,-33.939009,151.154561,4,0,2,1,3,0,0,0,2,0,7,80,2,14295,14295,3,8,13,4,0,1,0,0
1311043,1,2022,2022,2,2,5,5,27,3,34609,0,1,1,-31.74206,151.651057,43,1,0,0,3,2,0,0,2,0,7,100,0,1850,1463,5,16,40,1,0,0,0,1
1311047,4,2022,2022,9,2,0,916,17,194,917,0,1,1,-30.459059,151.681421,1,1,0,1,2,0,0,0,0,0,7,100,2,9859,9859,8,10,40,1,0,1,0,0
1311051,1,2023,2023,4,5,8,222,31,131,212,0,1,9,-33.786777,151.181382,77,0,2,1,3,0,0,0,2,1,7,60,2,14295,14295,3,10,0,3,0,0,0,1
1311061,2,2023,2023,4,1,7,515,14,387,518,0,1,3,-33.944896,151.163053,4,0,2,1,3,0,3,3,2,0,7,80,2,14295,14295,3,9,0,2,0,0,1,0
1311063,1,2023,2023,4,3,7,100,27,127,799,0,1,1,-33.897092,151.150231,32,0,2,0,3,0,0,0,2,0,7,60,2,14295,14295,3,0,5,2,0,0,0,2
1311066,1,2022,2022,10,1,11,13,27,443,34609,0,1,1,-33.911036,151.044265,15,0,2,1,3,0,3,4,0,0,7,50,0,1945,1945,5,16,40,1,0,0,0,1
1311070,1,2023,2023,4,5,9,9,31,445,34609,0,1,10,-33.864391,151.045609,21,0,2,1,3,0,0,0,3,0,9,50,0,14295,14295,3,9,12,2,0,0,0,1
1311071,2,2023,2023,4,4,7,54,27,85,49,0,1,10,-32.935198,151.725688,48,0,2,1,3,0,3,4,2,0,9,40,1,1282,1282,1,22,5,2,0,0,1,0
1311072,2,2023,2023,4,1,10,48,27,14,26,0,1,1,-34.85851,149.683815,26,1,0,1,0,0,0,0,0,0,7,100,2,9859,9859,8,9,40,1,0,0,1,0
1311076,2,2023,2023,4,3,7,2209,17,157,2205,0,1,9,-34.007316,151.111518,68,0,2,1,3,0,3,4,2,2,7,70,2,1945,1945,5,16,40,1,0,0,1,0
1311078,2,2023,2023,4,6,8,168,17,14,212,0,1,1,-35.272738,149.686366,58,1,0,0,3,0,3,4,2,0,7,100,2,1957,4009,8,5,40,1,0,0,1,0
1311082,1,2022,2022,2,5,3,133,31,139,51,0,1,9,-33.884172,151.143946,32,0,2,1,1,0,0,0,2,0,7,50,1,2852,2852,4,5,5,2,0,0,0,1
1311097,1,2023,2023,4,0,5,37,31,523,34609,0,1,2,-33.925443,150.924852,41,0,2,1,2,0,0,0,2,0,7,50,0,2040,2040,9,33,28,2,0,0,0,1
1311100,4,2022,2022,2,2,4,330,23,293,112,0,1,10,-33.950786,151.241229,59,0,2,1,1,0,0,3,2,0,0,60,2,6545,6545,4,0,27,2,0,1,0,0
1311102,2,2022,2022,2,6,10,232,36,109,331,0,1,10,-33.955077,150.864255,41,0,2,1,2,0,0,0,0,2,7,70,2,6545,6545,4,9,13,2,0,0,1,0
1311103,2,2023,2023,4,0,3,4,27,54,34609,0,1,10,-33.636664,150.870075,29,2,2,1,0,0,3,4,1,0,0,70,0,2852,2852,4,10,12,2,0,0,1,0
1311105,1,2022,2022,2,2,4,1052,14,173,928,0,1,3,-33.715587,151.112318,36,0,2,1,1,0,0,0,2,0,7,80,2,14295,14295,3,9,0,3,0,0,0,6
1311110,4,2023,2023,4,2,7,3,6,45,34609,0,1,1,-33.802093,150.799431,55,0,2,1,1,0,0,0,2,0,7,50,0,368,368,9,5,28,2,0,1,1,0
1311111,2,2023,2023,4,3,7,3371,17,65,3342,0,1,2,-30.393351,153.033181,19,1,0,0,0,0,3,4,2,0,7,110,2,2585,4009,8,0,40,1,0,0,2,0
1311113,4,2022,2022,2,2,4,10,27,6,34609,0,1,1,-33.1369,150.118853,40,1,0,0,3,0,0,0,2,0,7,100,0,4552,5151,8,5,40,1,0,1,0,0
1311114,2,2023,2023,4,6,8,2209,17,201,2205,0,1,2,-34.876066,150.605352,63,2,1,1,0,0,0,0,2,0,7,70,2,1282,1282,1,5,19,2,0,0,1,0
1311119,2,2022,2022,2,1,10,169,27,16,54,0,1,2,-34.021036,151.05184,68,0,2,1,2,0,0,0,0,0,7,60,2,14295,14295,3,5,5,2,0,0,1,0
1311120,4,2023,2023,4,0,6,2261,17,93,2252,0,1,2,-36.095463,146.9207,0,1,0,0,0,0,0,0,2,0,7,110,2,2585,4009,8,5,40,1,0,1,0,0
1311122,4,2023,2023,4,3,0,2,27,4,34609,0,1,1,-29.771445,153.293305,18,2,1,1,2,0,3,4,0,0,7,50,0,9859,9859,8,10,40,1,0,1,0,0
1311123,1,2022,2022,11,4,11,34,27,6,83,0,1,1,-29.521617,153.094217,18,1,0,1,0,0,0,0,0,0,7,100,1,4026,4026,8,10,40,1,0,0,0,1
1311124,2,2022,2022,2,6,7,10,27,112,34609,0,1,1,-36.061852,146.926265,0,2,1,1,1,0,0,0,2,0,7,60,0,3775,3775,0,16,13,2,0,0,2,0
1311125,4,2023,2023,4,1,9,1052,27,219,262,0,1,2,-32.903381,151.680531,48,0,2,1,1,0,0,0,2,0,7,60,2,9859,9859,1,5,13,2,0,1,0,0
1311129,4,2023,2023,4,4,7,169,27,3,12,0,1,1,-33.427982,150.946202,71,0,2,0,0,0,0,0,2,0,7,50,1,782,957,5,16,40,1,0,1,0,0
1311131,2,2022,2022,2,4,8,35,10,20,148,0,1,1,-34.200811,151.011146,80,0,2,0,0,0,0,0,2,0,7,60,2,4552,5151,8,16,40,1,0,0,1,0
1311135,1,2023,2023,4,3,1,220,14,130,220,0,1,3,-34.462693,150.85137,80,0,2,0,0,0,0,0,0,0,7,100,2,1957,4009,8,5,40,1,0,0,0,1
1311136,2,2023,2023,4,2,8,5,31,166,34609,0,1,7,-33.416857,149.574442,3,2,1,1,1,0,0,0,2,0,0,50,0,9859,9859,1,22,5,2,0,0,1,0
1311138,1,2023,2023,4,1,7,14,31,445,34609,0,1,9,-33.855988,151.046326,21,0,2,0,1,0,0,0,2,0,0,60,0,4552,5151,8,0,40,1,0,0,0,1
1311140,1,2022,2022,0,0,3,1,27,9,34609,0,1,1,-32.473188,148.846623,22,1,0,1,0,0,0,0,1,0,7,100,0,9859,9859,8,0,40,1,0,0,0,1
1311144,4,2023,2023,4,1,7,6,1,370,34609,0,1,1,-34.073623,150.827826,13,0,2,1,1,0,0,0,2,0,7,60,0,9859,9859,1,0,0,2,0,1,0,0
1311145,2,2022,2022,9,4,8,29,31,139,51,0,1,1,-33.876804,151.135884,32,0,2,1,2,0,0,0,2,0,9,50,1,591,591,1,22,5,2,0,0,1,0
1311146,2,2022,2022,2,6,9,123,27,10,34609,0,1,9,-32.646742,152.031171,43,1,0,0,0,0,0,0,2,0,0,100,0,6545,6545,4,0,0,2,0,0,1,0
1311150,1,2022,2022,2,1,8,147,27,224,21,0,1,1,-33.825743,151.243482,45,0,2,0,0,0,0,0,2,0,7,50,1,186,186,9,22,28,2,0,0,0,1
1311151,2,2023,2023,4,5,5,59,27,38,53,0,1,10,-34.127068,150.738482,79,2,2,1,0,0,0,0,2,0,15,50,1,6545,6545,4,8,36,2,0,0,1,0
1311152,4,2023,2023,4,3,6,1,27,2,34609,0,1,1,-29.622357,153.312954,18,2,1,1,0,2,0,0,2,0,7,40,0,1945,1945,5,16,40,1,0,1,0,0
1311155,2,2022,2022,9,2,7,154,27,293,244,0,1,1,-33.927137,151.050839,15,0,2,1,1,0,0,0,2,0,7,60,2,14295,14295,3,5,5,3,0,0,1,1
1311157,2,2022,2022,2,2,6,3371,17,51,3342,0,1,7,-33.252158,151.489844,16,2,2,1,1,0,0,0,2,0,0,70,2,14295,14295,3,5,0,2,0,0,1,0
1311158,1,2022,2022,1,0,6,11,27,105,34609,0,1,7,-32.715151,151.537293,42,2,1,1,0,0,3,3,2,0,0,60,0,2852,2852,4,0,13,2,0,0,0,1
1311159,2,2023,2023,4,5,9,11,3,22,122,0,1,2,-34.507105,150.876443,80,0,2,0,1,0,0,0,2,0,7,80,2,1192,1192,1,22,0,2,0,0,1,0
1311160,1,2022,2022,5,0,4,916,17,165,917,0,1,1,-32.340197,150.957376,46,1,0,0,0,0,0,0,2,0,7,100,2,782,957,5,0,40,1,0,0,0,1
1311161,1,2023,2023,4,3,11,4,31,198,34609,0,1,1,-33.914836,151.098847,15,0,2,1,0,0,0,0,0,0,7,50,0,4026,4026,8,5,40,1,0,0,0,2
1311162,4,2023,2023,4,2,7,2209,17,8,2205,0,1,1,-35.085108,150.539854,63,2,1,0,0,0,0,0,2,0,7,80,2,3775,3775,0,10,0,2,0,2,2,0
1311164,4,2022,2022,2,4,6,3,27,273,34609,0,1,10,-34.427159,150.877549,80,0,2,1,1,0,0,6,2,0,7,50,0,3775,3775,0,5,5,2,0,1,0,0
1311170,2,2022,2022,2,3,4,9,27,4,34609,0,1,9,-28.589566,152.899334,51,1,0,1,0,0,0,0,2,0,7,100,0,9859,9859,8,0,40,1,0,0,1,0
1311172,2,2023,2023,4,0,9,4,31,119,34609,0,1,9,-32.755399,151.759846,57,2,1,0,2,0,3,3,3,0,0,50,0,1850,1463,5,16,40,1,0,0,1,0
1311179,1,2023,2023,4,5,3,2261,17,109,2252,0,1,3,-33.962879,150.87531,41,0,2,1,1,0,0,0,2,0,7,100,2,14295,14295,3,5,0,2,0,0,0,2
1311182,2,2022,2022,2,0,4,1,10,5,34609,0,1,1,-32.734462,151.608359,42,2,1,0,0,0,3,0,2,0,7,50,0,3775,3775,0,22,5,2,0,0,1,0
1311184,2,2022,2022,11,0,4,3,31,57,34609,1,2,1,-32.810337,151.484865,17,2,1,1,0,0,3,4,2,0,7,40,0,941,941,1,5,5,2,0,0,3,0
1311185,4,2023,2023,4,4,3,57,36,169,769,0,1,1,-33.605996,150.780819,29,2,2,1,1,0,0,0,1,0,7,80,2,5929,5929,1,10,27,2,0,1,0,0
1311186,4,2023,2023,4,2,6,43,27,10,118,0,1,1,-30.880845,150.814577,70,1,0,1,0,0,0,0,2,0,7,100,2,945,945,5,0,40,1,0,1,0,0
1311187,4,2022,2022,2,6,1,2261,17,68,2252,0,1,2,-34.829952,148.962489,82,1,0,0,0,0,0,0,0,0,7,110,2,782,957,5,10,40,1,0,2,0,0
1311192,1,2022,2022,2,6,9,8,7,36,22,0,1,10,-33.879707,151.177491,69,0,2,0,0,0,0,0,2,2,7,50,2,5929,5929,1,5,19,2,0,0,0,1
1311194,4,2023,2023,4,0,6,251,27,64,212,0,1,2,-33.756325,151.220618,50,0,2,1,0,0,3,3,2,0,7,70,2,14295,14295,3,5,0,3,0,1,0,0
1311197,1,2023,2023,4,6,2,2261,17,39,2252,0,1,2,-36.00307,146.991613,0,1,0,1,2,0,0,0,1,0,7,110,2,9859,9859,8,29,40,1,0,0,0,1
1311199,2,2023,2023,4,6,4,112,17,6,112,0,1,1,-31.538761,145.346365,51,1,0,1,0,0,0,0,2,0,7,110,2,1945,1945,5,10,40,1,0,0,1,0
1311200,4,2022,2022,2,2,5,67,27,210,55,0,1,2,-34.024023,151.106779,68,0,2,1,2,0,0,0,2,0,7,70,2,9859,9859,1,5,10,2,0,1,0,0
1311201,2,2022,2022,2,3,1,103,27,124,563,0,1,2,-33.817754,151.052052,54,0,2,1,2,0,0,0,0,0,7,80,2,9859,9859,8,5,40,1,0,0,1,0
1311205,1,2022,2022,2,4,5,47,31,120,34609,0,1,0,-32.180322,152.510528,43,2,1,1,0,0,0,0,2,0,9,40,0,2040,2040,9,18,28,2,0,0,0,1
1311206,4,2022,2022,10,0,8,2,31,16,34609,0,1,10,-29.108849,153.429651,60,2,1,1,1,0,0,0,2,0,0,50,0,6545,6545,4,0,27,2,0,1,0,0
1311212,4,2022,2022,10,5,5,2,31,5,34609,0,1,9,-33.268632,151.545192,16,2,2,1,1,0,0,0,2,0,7,50,0,775,775,4,30,0,2,0,1,2,0
1311213,2,2023,2023,4,0,11,20,31,155,95,0,1,9,-33.140615,148.173464,53,2,1,0,2,0,0,0,0,0,0,50,2,6545,6545,4,22,13,2,0,0,1,0
1311215,2,2022,2022,9,2,11,9,31,53,34609,0,1,9,-33.693515,151.1072,31,0,2,1,2,0,0,0,0,0,7,50,0,1282,1282,1,5,40,1,0,0,1,0
1311216,4,2022,2022,2,2,11,153,27,290,147,0,1,10,-33.949244,151.114593,4,0,2,1,2,0,0,0,0,2,7,60,2,14295,14295,3,16,36,2,0,1,0,0
1311217,2,2022,2022,9,5,5,2,31,128,34609,0,1,1,-33.626172,150.809742,29,2,2,1,1,0,0,0,2,0,7,50,0,9859,9859,1,34,12,2,0,0,1,0
1311219,1,2022,2022,9,2,9,387,27,253,34609,0,1,0,-33.967587,151.104171,25,0,2,1,0,0,3,0,3,0,9,40,0,1220,1220,9,5,28,2,0,0,0,1
1311220,2,2023,2023,4,0,10,163,27,63,165,0,1,10,-33.737127,150.797753,7,0,2,1,3,0,2,6,3,0,7,60,2,6545,6545,4,16,0,2,0,0,1,0
1311222,1,2022,2022,9,5,10,2126,17,140,2149,0,1,9,-33.77809,150.809189,7,0,2,1,2,0,0,0,0,2,7,80,2,14295,14295,3,29,19,2,0,0,0,1
1311231,2,2022,2022,2,4,2,45,31,173,55,1,0,1,-33.875005,151.212436,69,0,2,1,2,0,0,0,0,2,9,40,1,14295,14295,3,10,12,2,0,0,1,0
1311233,4,2022,2022,9,0,11,2209,17,14,2205,0,1,2,-33.971701,151.132434,25,0,2,1,2,0,0,0,0,0,7,60,2,3775,3775,0,16,5,2,0,1,0,0
1311235,4,2022,2022,9,2,1,3371,17,43,3342,0,1,2,-30.462589,153.002007,6,1,0,1,0,0,0,1,0,0,7,110,2,4026,4026,8,3,40,1,0,1,0,0
1311237,4,2022,2022,9,4,0,3371,17,21,3342,0,1,2,-31.977903,152.467959,43,1,0,0,0,0,0,0,0,0,7,110,2,1957,4009,8,5,40,1,0,1,0,0
1311238,2,2022,2022,9,6,11,224,31,150,34609,0,1,1,-33.931211,151.231364,59,0,2,1,2,0,0,0,0,0,7,50,0,2585,777,8,5,40,1,0,0,1,0
1311239,4,2022,2022,9,1,7,2209,17,39,2205,0,1,9,-34.322722,150.913394,80,0,2,0,1,0,0,0,2,0,15,60,2,2852,2852,4,21,12,2,0,1,0,0
1311241,4,2023,2023,4,1,6,2,1,219,34609,0,1,10,-32.889,151.660476,48,0,2,1,1,0,0,0,2,0,0,60,0,5929,5929,1,5,12,2,0,1,1,0
1311242,4,2023,2023,4,5,3,3371,17,27,3342,0,1,2,-30.156783,153.19197,19,1,0,0,0,0,3,4,2,0,7,110,2,14295,14295,3,16,10,2,0,1,0,0
1311243,2,2022,2022,2,6,10,10,1,93,34609,0,1,1,-33.406494,149.606184,3,2,1,1,2,0,0,0,0,0,7,50,0,4026,4026,8,5,40,1,0,0,1,0
1311246,2,2022,2022,2,0,9,35,27,8,34609,0,1,1,-28.33153,153.535806,72,2,1,0,0,0,3,4,3,0,7,70,0,3775,3775,0,5,0,2,0,0,1,0
1311248,4,2022,2022,2,4,5,16,10,74,34609,0,1,1,-33.715004,151.053233,31,0,2,1,1,0,0,0,2,0,7,50,0,9859,9859,8,0,40,1,0,1,0,0
1311252,2,2022,2022,2,2,7,293,31,523,34609,0,1,10,-33.924896,150.923203,41,0,2,1,0,0,0,0,2,2,7,50,0,2040,2040,9,0,28,2,0,0,1,0
1311254,4,2022,2022,9,0,8,2261,17,44,2252,0,1,2,-35.357904,147.656547,75,1,0,1,0,0,0,0,2,0,7,110,2,1282,1282,1,3,0,2,0,2,2,0
1311257,4,2023,2023,4,2,10,63,27,29,34609,0,1,1,-31.083151,150.947261,70,2,1,1,2,0,0,0,0,0,7,40,0,312,312,2,10,40,1,0,1,0,0
1311259,2,2022,2022,2,0,6,12,31,55,63,0,1,1,-33.901262,151.083359,67,0,2,1,1,0,0,0,2,0,7,50,1,14295,14295,3,15,13,2,0,0,1,0
1311261,1,2022,2022,9,4,7,57,31,174,321,0,1,10,-33.889054,151.2016,69,0,2,1,0,0,0,0,2,2,7,50,2,6545,6545,4,22,5,2,0,0,0,1
1311262,4,2023,2023,4,5,10,3371,17,90,3342,0,1,2,-28.247903,153.534313,72,1,0,1,0,0,0,0,0,0,7,110,2,941,941,1,30,13,2,0,1,2,0
1311263,4,2022,2022,2,2,4,3371,17,9,3342,0,1,2,-29.174292,153.279657,60,1,0,1,0,0,3,4,2,0,7,110,2,14295,14295,3,5,5,3,0,2,4,0
1311269,2,2022,2022,2,5,7,92,27,129,244,0,1,1,-33.897613,151.099096,9,0,2,1,2,0,0,0,2,0,7,60,2,9859,9859,8,0,40,1,0,0,1,0
1311272,2,2023,2023,4,6,0,24,36,49,56,0,1,1,-34.398614,147.506971,51,1,0,1,0,0,0,0,0,0,7,100,2,57,57,1,5,13,2,0,0,2,1
1311274,2,2023,2023,4,4,3,4,18,24,12,0,1,9,-29.755415,153.106251,18,1,0,0,0,0,0,0,2,0,0,100,1,4552,5151,8,34,40,1,0,0,3,1
1311276,2,2022,2022,2,6,3,2209,17,7,2205,0,1,1,-35.132631,150.465656,63,1,0,0,0,0,0,0,1,0,7,100,2,3775,3775,0,10,13,2,0,0,1,0
1311277,1,2022,2022,2,0,11,213,17,4,213,0,1,9,-29.779085,151.274652,33,1,0,1,0,0,0,0,0,0,7,100,2,1669,1669,3,0,13,2,0,0,0,1
1311278,1,2022,2022,2,4,6,35,31,123,34609,0,1,9,-33.881955,151.224996,81,0,2,1,0,0,0,0,2,0,7,40,0,1669,1669,3,0,5,2,0,0,0,1
1311279,1,2022,2022,9,3,2,3,31,157,34609,0,1,1,-34.014717,151.094452,68,0,2,1,1,0,0,0,1,0,7,50,0,312,312,2,5,40,1,0,0,0,1
1311280,4,2022,2022,2,6,10,196,10,115,168,0,1,9,-33.961531,151.054001,25,0,2,1,2,0,0,0,3,0,7,60,2,9859,9859,8,5,40,1,0,1,0,0
1311281,4,2022,2022,9,4,8,41,31,8,14,0,1,1,-28.690518,153.313513,39,2,1,1,0,0,0,0,2,0,7,50,1,1109,787,1,0,19,2,0,1,1,0
1311287,4,2022,2022,9,4,10,1,31,460,34609,0,1,0,-33.847672,150.990775,21,0,2,0,2,0,0,0,0,0,7,50,0,2585,4009,8,0,40,1,0,1,0,0
1311288,4,2022,2022,10,2,8,79,10,18,231,0,1,9,-33.465936,151.318662,16,2,2,0,1,0,0,0,2,0,0,60,2,6545,6545,4,19,5,2,0,1,0,0
1311312,4,2022,2022,2,2,9,36,27,12,82,0,1,1,-35.438766,147.27036,75,1,0,0,0,0,0,0,2,0,7,100,1,4552,5151,8,5,40,1,0,1,0,0
1311313,4,2022,2022,9,0,11,74,23,30,260,0,1,2,-33.982158,151.148077,4,0,2,1,2,0,0,0,0,0,7,60,2,945,945,5,16,40,1,0,1,0,0
1311317,4,2022,2022,2,1,0,3371,17,104,3342,0,1,2,-32.852949,151.701365,48,0,2,1,2,0,3,4,0,0,7,80,2,3775,3775,0,0,0,2,0,3,2,0
1311318,2,2023,2023,4,2,7,346,17,47,332,0,1,1,-28.841382,153.431722,2,1,0,1,0,0,0,0,2,0,7,100,2,9859,9859,8,30,40,1,0,0,1,0
1311321,4,2022,2022,2,6,3,308,14,252,311,0,1,3,-33.942547,150.878484,41,0,2,1,1,0,0,0,2,0,7,80,2,14295,14295,3,3,10,2,0,1,1,0
1311322,2,2022,2022,2,6,4,24,27,4,103,0,1,1,-28.758443,153.228972,39,2,1,0,0,0,0,0,2,0,7,80,1,4552,5151,8,5,40,1,0,0,1,0
1311323,4,2022,2022,2,0,8,2,10,74,34609,0,1,1,-33.737178,151.039975,31,0,2,1,0,0,0,0,2,0,7,50,0,186,186,9,0,28,2,0,1,0,0
1311324,4,2022,2022,2,2,8,5,27,4,34609,0,1,1,-31.770131,152.482506,43,1,0,1,0,0,0,3,2,0,7,100,0,3775,3775,0,10,5,2,0,2,1,0
1311327,2,2022,2022,2,6,6,2,31,120,34609,0,1,1,-32.184562,152.516852,43,2,1,1,0,0,0,0,2,0,7,50,0,1109,787,1,5,19,2,0,0,1,0
1311328,2,2022,2022,9,3,8,1,31,3,34609,0,1,10,-32.243233,147.34894,51,2,1,1,0,0,0,0,2,0,0,50,0,6545,6545,4,0,13,2,0,0,3,0
1311329,1,2022,2022,2,4,3,42,31,316,6,0,1,2,-31.434663,152.904561,56,2,1,1,1,0,0,0,2,0,7,60,1,1981,1981,4,0,27,2,0,0,0,1
1311330,4,2022,2022,9,4,3,1052,14,207,928,0,1,3,-33.541859,151.198022,31,0,2,1,0,0,0,0,1,0,7,110,2,14295,14295,3,8,2,2,0,1,0,0
1311335,2,2023,2023,4,4,5,78,31,90,34609,0,1,10,-33.702927,150.315582,8,2,2,1,1,0,3,4,2,0,0,50,0,2852,2852,4,5,41,2,0,0,1,0
1311337,4,2022,2022,9,5,8,2,10,228,34609,0,1,9,-34.724381,149.737935,26,2,1,1,1,0,0,0,2,0,0,50,0,1850,985,5,16,40,1,0,1,0,0
1311341,2,2023,2023,4,0,7,38,27,438,34609,0,1,1,-33.853711,151.031015,21,0,2,1,1,0,0,0,2,0,7,50,0,1981,1981,4,5,18,2,0,0,2,0
1311342,2,2023,2023,4,1,9,14,31,69,34609,0,1,10,-28.551629,153.501118,10,2,1,1,2,0,0,0,0,0,0,50,0,1220,1220,9,0,28,2,0,0,1,0
1311343,2,2023,2023,4,2,4,916,17,172,917,0,1,10,-32.759834,151.593543,42,2,1,1,1,0,3,4,2,2,7,60,2,1282,1282,1,5,5,3,0,0,1,0
1311344,1,2022,2022,2,2,5,7,31,179,34609,0,1,1,-31.913741,152.459507,43,2,1,1,3,0,0,0,2,0,7,40,0,214,214,9,33,28,2,0,0,0,1
1311345,2,2022,2022,2,3,4,39,27,7,29,0,1,1,-32.3059,149.733116,44,1,0,1,0,0,0,0,2,0,7,100,1,9859,9859,8,5,40,1,0,0,1,0
1311347,4,2022,2022,2,0,8,308,14,95,311,0,1,6,-33.73535,150.848062,7,0,2,0,1,0,0,0,2,0,7,60,2,14295,14295,3,5,10,2,0,1,0,0
1311351,2,2023,2023,4,2,7,92,27,143,34609,0,1,1,-33.8776,151.103653,9,0,2,1,0,0,0,0,2,0,7,40,0,214,214,9,17,28,2,0,0,1,0
1311354,4,2022,2022,10,1,6,72,14,173,71,0,1,3,-33.879855,151.216963,69,0,2,1,2,0,0,0,2,0,7,80,2,9859,9859,8,16,40,1,0,1,0,0
1311360,2,2023,2023,4,5,4,7,27,46,34609,0,1,1,-32.919831,151.671177,48,0,2,1,0,0,0,0,2,0,7,50,0,1109,397,1,5,5,2,0,0,1,0
1311361,2,2023,2023,4,1,6,2,31,39,34609,0,1,10,-35.304468,148.215877,66,2,1,1,3,0,0,3,2,0,0,50,0,6545,6545,4,5,19,2,0,0,1,0
1311364,2,2023,2023,4,3,5,43,27,136,76,0,1,10,-32.923214,151.722752,48,0,2,1,3,0,3,4,2,2,7,60,1,14295,14295,3,0,5,2,0,0,1,0
1311371,4,2022,2022,9,0,7,67,27,15,34609,0,1,1,-30.698815,152.912054,47,2,1,1,0,0,0,0,2,0,7,60,0,9859,9859,8,5,40,1,0,1,0,0
1311372,4,2022,2022,9,6,7,229,14,323,237,0,1,3,-33.767566,151.000315,54,0,2,1,1,0,0,0,2,0,7,100,2,14295,14295,3,16,10,2,0,1,0,0
1311373,2,2022,2022,2,0,7,25,27,147,94,0,1,1,-33.883126,151.000961,15,0,2,1,1,0,0,0,2,0,7,50,1,9859,9859,1,9,0,4,0,0,2,0
1311380,2,2022,2022,2,4,3,485,27,323,769,0,1,2,-33.760292,150.991278,71,0,2,1,1,0,0,0,2,0,7,60,2,515,515,1,9,19,2,0,0,1,0
1311382,4,2022,2022,2,3,6,31,27,316,34609,0,1,9,-31.466933,152.911342,56,2,1,1,0,0,0,0,2,0,7,50,0,5929,5929,1,10,19,2,0,1,0,0
1311384,4,2022,2022,2,1,7,1,27,14,34609,0,1,1,-30.499065,151.369731,51,2,1,0,0,2,3,4,2,0,7,50,0,1259,5151,8,10,40,1,0,1,1,1
1311385,4,2022,2022,2,3,11,293,31,562,34609,0,1,10,-32.259297,148.60084,22,2,1,0,2,0,0,0,0,0,7,60,0,4552,5151,8,5,40,1,0,1,0,0
1311386,2,2022,2022,2,3,6,478,17,128,480,0,1,10,-33.427124,151.317575,16,2,2,0,2,0,0,0,2,2,7,70,2,1383,1383,1,16,5,2,0,0,1,0
1311389,4,2022,2022,9,3,4,829,27,149,770,0,1,9,-33.869257,151.176323,32,0,2,1,2,0,0,0,2,2,7,60,2,1282,1282,1,22,5,2,0,1,0,0
1311390,2,2022,2022,2,4,9,8,27,24,34609,0,1,1,-31.513591,152.726903,56,2,1,0,1,0,0,0,2,0,7,80,0,1259,5151,8,10,40,1,0,0,1,0
1311393,1,2022,2022,2,1,4,512,17,433,441,0,1,1,-33.189004,149.021577,11,1,0,1,0,0,0,0,2,0,7,100,2,3775,3775,0,5,35,2,0,0,0,1
1311394,1,2022,2022,2,6,9,251,27,64,212,0,1,10,-33.76091,151.216697,50,0,2,0,1,0,0,0,3,2,7,70,2,5929,5929,1,0,5,2,0,0,0,1
1311395,2,2023,2023,4,0,8,475,10,70,268,0,1,9,-33.888275,150.881227,24,0,2,1,3,0,0,0,2,2,7,60,2,14295,14295,3,10,5,2,0,0,1,0
1311396,4,2022,2022,10,4,11,171,27,113,369,0,1,9,-33.805222,150.696143,55,0,2,1,2,0,3,0,0,2,7,80,2,5929,5929,1,5,36,2,0,1,1,0
1311402,1,2023,2023,4,3,4,125,31,438,44,0,1,10,-33.850664,151.035898,21,0,2,1,3,0,0,3,2,0,7,50,1,5929,5929,1,30,0,2,0,0,0,1
1311404,2,2023,2023,4,0,10,30,27,147,94,0,1,7,-33.881527,150.993683,15,0,2,1,3,0,0,0,0,0,0,60,1,6545,6545,4,5,5,2,0,0,1,0