Crash ID,Degree of crash - detailed,Reporting year,Year of crash,Month of crash,Day of week of crash,Two-hour intervals,Street of crash,Street type,Town,Route no.,School zone location,School zone active,Type of location,Latitude,Longitude,LGA,Urbanisation,Conurbation 1,Alignment,Street lighting,Road surface,Surface condition,Weather,Natural lighting,Signals operation,Other traffic control,Speed limit,Road classification,RUM - code,DCA - code,First impact type,Key TU type,Other TU type,No. of traffic units involved,No. killed,No. seriously injured,No. moderately injured,No. minor-other injured
1311408,4,2022,2022,9,5,11,21,31,121,34609,0,1,9,-33.79251,151.28509,50,0,2,1,2,0,0,0,0,0,7,50,0,9859,9859,1,17,5,2,0,1,0,1
1311412,1,2023,2023,4,2,4,147,27,72,605,1,0,2,-33.830395,151.226079,49,0,2,1,3,0,3,4,2,0,7,60,2,14295,14295,3,5,5,3,0,0,0,1
1311413,2,2023,2023,4,5,8,126,27,370,168,0,1,2,-34.061581,150.784813,13,0,2,1,3,0,0,0,2,0,7,80,2,14295,14295,3,5,12,2,0,0,1,0
1311418,2,2023,2023,4,3,2,2261,17,243,2252,0,1,10,-33.957487,150.882391,41,0,2,1,3,0,3,3,0,2,7,70,2,4026,4026,8,5,40,1,0,0,1,0
1311419,1,2022,2022,2,2,0,3371,17,108,3342,0,1,10,-33.805431,151.179394,77,0,2,1,3,0,0,0,0,2,7,60,2,1669,1669,3,10,0,2,0,0,0,1
1311421,1,2023,2023,4,5,7,8,22,147,40,0,1,7,-33.755007,151.296328,50,0,2,1,3,0,0,0,2,0,0,40,1,14295,14295,3,0,0,2,0,0,0,1
1311434,1,2023,2023,4,2,4,14,1,169,99,0,1,10,-33.900901,151.215126,69,0,2,1,3,0,0,0,2,3,7,60,2,14295,14295,3,5,5,2,0,0,0,1
1311440,4,2023,2023,4,4,8,46,1,443,34609,0,1,7,-33.9095,151.047226,15,0,2,1,3,0,0,0,2,0,0,50,0,2852,2852,4,0,18,2,0,1,0,0
1311445,1,2022,2022,11,1,6,23,27,53,66,0,1,1,-31.866041,152.404372,43,1,0,0,3,0,0,0,2,0,7,90,1,14295,14295,3,10,35,2,0,0,0,1
1311447,2,2023,2023,4,5,4,361,23,143,38,1,2,9,-33.875508,151.098251,9,0,2,1,3,0,0,0,2,0,7,40,1,5929,5929,1,5,36,2,0,0,1,0
1311449,1,2023,2022,2,1,7,2209,17,166,2205,0,1,9,-33.898045,151.1785,32,0,2,0,3,0,0,0,2,2,7,40,2,1383,1383,1,5,36,2,0,0,0,1
1311451,1,2022,2022,2,4,3,1052,14,60,928,0,1,3,-33.432431,151.253883,16,1,2,1,3,0,2,6,2,0,7,110,2,14295,14295,3,0,5,2,0,0,0,1
1311454,1,2022,2022,9,3,11,98,27,4,34609,0,1,9,-32.999759,151.610564,37,0,2,1,2,0,3,3,0,0,7,50,0,150,150,4,30,19,2,0,0,0,1
1311455,1,2023,2023,4,3,8,829,27,124,770,0,1,2,-33.80946,151.02984,54,0,2,1,3,0,0,0,3,0,7,60,2,14295,14295,3,5,0,2,0,0,0,1
1311456,1,2023,2023,4,5,4,2261,17,35,2252,0,1,9,-34.922921,148.172894,20,2,1,1,3,0,0,0,2,0,0,60,2,4552,985,8,5,40,1,0,0,0,1
1311457,1,2023,2023,4,3,7,40,31,57,24,0,1,9,-33.947409,151.223354,4,0,2,1,3,0,3,3,2,0,7,60,2,623,623,3,0,5,2,0,0,0,1
1311459,1,2023,2023,4,4,3,1,7,19,34609,0,1,1,-34.07926,150.839139,13,0,2,0,3,0,3,4,2,0,7,50,0,3775,3775,0,5,25,2,0,0,0,2
1311461,4,2023,2023,4,3,9,1,22,17,34609,0,1,10,-32.934927,151.563673,37,0,2,1,1,0,0,0,2,0,0,50,0,6545,6545,4,10,12,2,0,1,0,0
1311466,2,2023,2023,4,1,7,48,10,316,121,0,1,7,-31.432537,152.896315,56,2,1,1,0,0,3,3,2,0,7,50,1,4026,4026,8,5,40,1,0,0,1,0
1311468,2,2023,2023,4,3,7,4,27,4,34609,0,1,1,-31.612176,152.25388,43,1,0,0,0,2,0,0,2,0,7,100,0,3775,3775,0,5,5,2,0,0,2,0
1311471,2,2023,2023,4,1,4,2126,17,24,2149,0,1,2,-33.428491,150.078783,40,1,0,1,0,0,3,4,2,0,7,110,2,1192,1192,1,5,35,2,0,0,2,0
1311475,2,2022,2022,9,0,8,308,14,74,311,0,1,3,-33.755995,150.847514,7,0,2,0,0,0,0,0,2,0,7,100,2,1192,1192,1,0,0,5,0,0,1,1
1311476,4,2022,2022,9,0,9,44,27,80,34609,0,1,9,-34.549147,146.355704,51,1,0,0,0,0,0,0,2,0,7,100,0,782,957,5,16,40,1,0,1,0,0
1311477,4,2023,2023,4,5,10,23,31,163,74,0,1,10,-33.861626,151.106015,14,0,2,1,2,0,3,4,0,2,7,50,1,5929,5929,1,0,18,2,0,1,0,0
1311480,2,2022,2022,9,5,5,27,27,11,18,0,1,1,-31.362417,151.404557,70,1,0,0,0,0,0,0,2,0,7,100,1,4552,5151,8,5,40,1,0,0,1,1
1311483,4,2023,2023,4,3,6,346,17,47,332,0,1,1,-28.863856,153.474265,2,1,0,0,0,0,0,0,2,0,7,100,2,4552,5151,8,5,40,1,0,1,0,0
1311484,4,2022,2022,9,6,8,33,1,22,34609,0,1,7,-33.919445,150.885132,41,0,2,1,1,0,0,0,2,0,0,50,0,14295,14295,3,34,5,2,0,1,0,0
1311487,4,2023,2023,4,0,6,2261,17,70,2252,0,1,10,-34.524721,150.292488,78,1,0,1,0,0,0,0,2,0,15,110,2,2852,2852,4,0,5,2,0,1,3,0
1311488,4,2022,2022,9,2,6,24,27,17,103,0,1,9,-28.604645,153.214033,39,2,1,0,0,0,0,0,2,0,0,80,1,418,714,5,16,40,1,0,1,0,0
1311490,1,2022,2022,2,5,6,63,17,5,63,0,1,1,-30.457613,142.037009,51,1,0,0,0,0,0,0,2,0,7,100,2,380,714,5,0,40,1,0,0,0,1
1311491,1,2023,2023,4,6,4,6,27,4,34609,0,1,1,-34.679724,149.882685,26,1,0,1,0,0,0,0,2,0,7,100,0,4026,4026,8,10,40,1,0,0,0,1
1311492,2,2022,2022,2,3,4,3371,17,131,3342,0,1,2,-33.7877,151.179237,77,0,2,1,3,0,0,3,2,0,7,60,2,1282,1282,1,5,27,2,0,0,1,0
1311493,1,2022,2022,9,6,8,3,1,150,34609,0,1,1,-33.923043,151.215869,59,0,2,1,0,0,0,0,2,0,7,50,0,238,238,9,5,28,2,0,0,0,1
1311495,1,2022,2022,2,0,6,17,27,29,15,0,1,1,-34.222458,150.755742,79,1,2,1,3,0,0,0,2,0,7,100,1,14295,14295,3,0,13,2,0,0,0,1
1311498,2,2022,2022,10,3,7,81,17,35,34609,0,1,1,-34.342603,150.557857,78,1,0,0,0,0,0,0,2,0,7,100,0,4552,5151,8,10,40,1,0,0,1,0
1311499,2,2022,2022,2,3,5,147,27,25,34609,0,1,1,-33.882067,151.282564,76,0,2,1,0,0,3,4,2,0,7,50,0,387,387,1,22,5,2,0,0,1,0
1311500,4,2022,2022,2,0,3,175,27,609,220,0,1,2,-33.7701,150.912004,7,0,2,1,0,0,0,0,2,0,7,60,2,9859,9859,8,9,40,1,0,1,0,0
1311503,2,2022,2022,2,1,8,177,22,239,176,0,1,9,-34.036823,151.117091,68,0,2,1,0,0,0,0,2,0,0,60,2,5929,5929,1,5,13,2,0,0,1,0
1311504,4,2022,2022,9,3,5,25,7,41,34609,0,1,1,-33.727218,150.829885,7,0,2,1,1,0,0,0,2,0,7,50,0,3775,3775,0,16,5,2,0,1,0,0
1311506,1,2022,2022,2,0,6,2209,17,10,2205,0,1,1,-35.195724,150.440764,63,1,0,0,1,0,0,0,2,0,7,100,2,4552,5151,8,10,40,1,0,0,0,1
1311512,4,2023,2023,4,3,2,6,27,8,34609,0,1,1,-34.754877,146.708837,51,1,0,0,0,0,0,0,1,0,7,100,0,418,714,5,0,40,1,0,1,0,0
1311517,1,2023,2023,4,5,10,1104,14,94,962,0,1,3,-33.786846,150.786574,55,0,2,1,3,0,3,4,0,0,7,110,2,14295,14295,3,30,5,2,0,0,0,1
1311519,2,2023,2023,4,2,10,3371,17,225,3342,0,1,9,-33.801396,151.179544,77,0,2,1,0,0,3,4,3,0,7,60,2,1957,777,8,16,40,1,0,0,1,0
1311521,2,2022,2022,2,4,4,829,1,225,34609,0,1,9,-33.795129,151.186895,77,0,2,1,1,0,0,0,2,2,7,40,0,14295,14295,3,0,5,2,0,0,1,0
1311522,1,2022,2022,2,4,7,3,31,194,34609,0,1,1,-30.504126,151.652184,1,2,1,1,0,0,0,0,2,0,9,50,0,2040,2040,9,33,28,2,0,0,0,1
1311523,4,2023,2023,4,0,0,3371,17,20,3342,0,1,2,-31.021507,152.877582,34,1,0,0,0,0,3,4,0,0,7,110,2,4552,5151,8,5,40,1,0,1,0,0
1311526,1,2022,2022,2,6,6,22,31,283,125,0,1,10,-33.830741,151.01027,54,0,2,1,3,0,0,0,2,0,0,60,1,301,301,4,5,0,2,0,0,0,1
1311527,2,2022,2022,2,5,4,5,27,169,34609,0,1,1,-33.782188,150.827684,7,0,2,1,3,0,0,0,2,0,7,80,0,1383,1383,1,5,0,2,0,0,1,0
1311534,4,2022,2022,9,1,5,3,27,7,34609,0,1,9,-33.173844,151.580187,16,1,2,1,0,2,0,0,2,0,7,100,0,1945,1945,5,30,40,1,0,1,0,0
1311536,4,2022,2022,9,3,7,3,27,8,34609,0,1,1,-36.632689,149.93262,5,1,0,0,0,2,3,3,2,0,7,100,0,3775,3775,0,16,19,2,0,1,0,0
1311537,2,2022,2022,2,0,3,344,27,363,369,0,1,9,-33.742316,150.715761,55,0,2,1,2,0,0,3,1,2,7,70,1,256,256,4,30,0,2,0,0,1,0
1311538,2,2023,2023,4,5,6,2209,17,201,2205,0,1,10,-34.878951,150.604529,63,2,1,1,3,0,0,3,2,2,7,70,2,14295,14295,3,8,0,2,0,0,1,0
1311539,4,2022,2022,9,6,11,43,27,12,118,0,1,1,-31.042783,150.887164,70,2,1,1,0,0,0,0,0,0,7,80,2,945,945,5,3,40,1,0,1,0,0
1311542,2,2022,2022,9,0,4,12,31,111,34609,0,1,9,-33.921531,151.247886,59,0,2,1,0,0,0,0,2,0,15,50,0,6545,6545,4,21,18,2,0,0,1,0
1311546,1,2022,2022,2,2,0,171,27,73,369,0,1,10,-33.722157,150.722528,55,0,2,1,2,0,0,0,0,2,7,70,2,14295,14295,3,5,5,2,0,0,0,1
1311548,2,2022,2022,9,2,6,16,27,10,34609,0,1,1,-31.612588,152.49071,56,2,1,0,0,2,0,0,2,0,7,80,0,782,957,5,0,40,1,0,0,1,0
1311549,2,2022,2022,9,3,0,5,27,9,34609,0,1,1,-33.462057,149.59123,3,1,0,1,0,0,0,0,0,0,7,100,0,9859,9859,8,10,40,1,0,0,2,0
1311551,1,2022,2022,2,0,6,344,27,136,34609,0,1,1,-33.866784,151.064103,67,0,2,1,2,0,0,0,2,0,7,50,0,14295,14295,3,5,12,2,0,0,0,1
1311553,4,2022,2022,2,1,10,118,17,35,118,0,1,1,-30.011154,148.062271,51,1,0,1,0,2,0,0,0,0,7,100,2,41,41,8,30,40,1,0,1,0,0
1311554,4,2022,2022,2,4,8,149,27,42,198,0,1,9,-33.942422,150.942694,41,0,2,0,1,0,0,0,2,2,7,60,2,2852,2852,4,5,19,2,0,1,0,0
1311555,2,2023,2023,4,2,6,16,36,14,41,0,1,1,-34.809503,147.125626,51,1,0,1,0,0,0,0,2,0,7,100,1,9859,9859,8,5,40,1,0,0,1,0
1311558,1,2022,2022,9,5,10,69,31,646,563,0,1,9,-33.914568,151.04186,15,0,2,1,2,0,0,0,3,2,7,60,2,14295,14295,3,10,0,2,0,0,0,1
1311559,2,2022,2022,9,6,3,330,23,54,233,0,1,2,-33.90016,151.222472,69,0,2,1,1,0,0,0,2,0,7,60,2,404,404,8,15,40,1,0,0,1,0
1311561,4,2023,2023,4,1,1,35,27,120,34609,0,1,1,-33.747838,150.872412,7,0,2,1,2,0,0,0,0,0,7,50,0,9859,9859,8,0,40,1,0,1,0,0
1311562,4,2022,2022,2,0,11,33,10,11,34609,0,1,9,-28.626756,153.482367,10,2,1,0,0,0,3,4,0,0,0,80,0,489,489,8,10,40,1,0,2,0,0
1311563,4,2023,2023,4,0,6,1,27,48,34609,0,1,1,-29.158595,152.10557,51,1,0,1,0,2,0,0,2,0,7,100,0,1945,1945,5,16,40,1,0,1,0,0
1311564,2,2022,2022,9,6,5,168,17,30,212,0,1,1,-35.357076,149.221875,58,2,1,1,0,0,0,3,2,0,7,60,2,9859,9859,8,5,40,1,0,0,1,0
1311566,4,2023,2023,4,2,6,2126,17,136,2149,0,1,9,-33.857389,151.066924,67,0,2,1,0,0,0,3,2,0,0,60,2,5929,5929,1,10,19,2,0,1,0,0
1311567,4,2022,2022,9,2,10,334,17,4,308,0,1,1,-31.438645,152.402716,56,1,0,1,0,0,0,0,0,0,7,100,2,945,945,5,16,40,1,0,1,0,0
1311568,2,2023,2023,4,3,0,158,27,138,207,0,1,1,-33.871015,151.254609,81,0,2,1,2,0,0,3,0,0,7,60,2,2040,2040,9,33,28,2,0,0,1,0
1311569,4,2022,2022,10,3,8,1,27,16,34609,0,1,1,-29.105394,153.410453,60,2,1,0,0,2,0,0,2,0,7,60,0,4552,5151,8,10,40,1,0,1,0,0
1311570,2,2023,2023,4,1,9,3,20,27,4,0,1,10,-33.715687,150.329742,8,2,2,1,1,0,0,0,3,0,15,50,1,6545,6545,4,5,0,2,0,0,2,0
1311572,4,2022,2022,2,3,7,21,27,7,34609,0,1,1,-33.21234,151.275101,16,2,2,0,0,0,0,0,2,0,7,80,0,3775,3775,0,5,5,2,0,2,0,0
1311573,1,2022,2022,9,4,9,25,31,204,34609,0,1,1,-33.883549,151.132398,32,0,2,1,2,0,0,0,3,0,7,50,0,1981,1981,4,0,27,2,0,0,0,1
1311574,4,2023,2023,4,2,5,2261,17,39,2252,0,1,2,-35.925682,147.06646,27,1,0,1,0,0,0,0,2,0,7,110,2,9859,9859,8,10,40,1,0,1,0,0
1311578,4,2022,2022,2,1,8,3371,17,18,3342,0,1,2,-30.911778,152.9132,34,1,0,1,0,0,3,4,2,0,7,110,2,14295,14295,3,29,5,4,0,1,1,0
1311580,2,2022,2022,2,4,4,32,10,27,34609,0,1,7,-32.762466,151.599329,42,2,1,1,0,0,0,0,2,0,0,60,0,1192,1192,1,10,5,2,0,0,1,0
1311581,2,2023,2023,4,3,2,1104,14,323,962,0,1,3,-33.80121,150.870519,7,0,2,1,2,0,3,0,0,0,7,100,2,14295,14295,3,5,5,2,0,0,1,1
1311583,4,2023,2023,4,2,9,2261,17,41,2252,0,1,9,-35.003875,148.111956,20,1,0,1,0,0,0,0,2,0,0,110,2,6545,6545,4,5,0,2,0,1,1,0
1311587,1,2022,2022,2,5,7,12,27,22,34609,0,1,1,-35.153077,149.957421,58,2,1,0,0,0,0,0,2,0,7,80,0,3775,3775,0,5,5,3,0,0,0,2
1311589,4,2023,2023,4,4,6,12,31,179,34609,0,1,1,-33.762402,150.710949,55,0,2,1,0,0,0,3,2,0,7,50,0,1981,1981,4,0,0,3,0,1,1,0
1311590,2,2023,2023,4,3,5,1052,14,207,928,0,1,3,-33.54092,151.198143,31,0,2,1,3,0,3,4,2,0,7,110,2,14295,14295,3,0,0,4,0,0,2,0
1311591,4,2022,2022,9,3,1,8,1,37,80,0,1,1,-33.021852,151.677879,37,0,2,0,2,0,0,0,0,0,7,60,1,4552,5151,8,19,40,1,0,1,1,6
1311593,1,2023,2023,4,6,6,31,27,79,33,1,0,9,-33.580606,150.718568,29,2,2,1,3,0,3,3,2,0,0,60,1,5929,5929,1,0,0,2,0,0,0,1
1311595,2,2023,2023,4,1,9,334,17,53,308,0,1,10,-31.090794,150.928199,70,2,1,1,1,0,0,0,2,2,7,50,2,395,395,1,16,13,2,0,0,1,0
1311600,2,2023,2023,3,0,9,161,17,55,161,0,1,1,-36.240684,149.085591,65,1,0,1,3,0,0,0,0,0,7,100,2,9859,9859,8,10,40,1,0,0,1,0
1311604,4,2022,2022,2,2,7,19,31,79,34609,0,1,1,-33.821653,151.212832,49,0,2,1,0,0,0,0,2,0,9,50,0,9859,9859,1,0,5,6,0,1,0,0
1311605,1,2023,2023,4,5,4,14,18,102,34609,0,1,1,-31.124658,150.934742,70,2,1,1,0,0,3,4,2,0,7,80,0,14295,14295,3,9,0,4,0,0,0,1
1311607,4,2022,2022,2,0,8,56,1,18,46,0,1,7,-28.38897,153.565418,72,2,1,1,1,0,0,0,2,0,0,50,1,5929,5929,1,16,0,2,0,1,0,0
1311610,1,2023,2023,4,5,6,10,27,10,34609,0,1,7,-35.154476,147.369345,75,2,1,1,0,0,0,0,2,0,0,60,0,14295,14295,3,5,27,2,0,0,0,1
1311611,4,2023,2023,4,5,2,40,27,162,34609,0,1,9,-33.848977,150.888188,24,0,2,0,0,0,0,0,0,0,7,60,0,4552,5151,1,5,13,2,0,1,0,0
1311612,1,2022,2022,11,1,6,2,27,30,34609,0,1,1,-31.074557,151.05456,70,2,1,1,0,0,0,0,2,0,7,80,0,9859,9859,8,5,40,1,0,0,0,1
1311616,2,2023,2023,4,0,7,6,31,59,144,0,1,1,-32.885223,151.732143,48,0,2,1,1,0,0,0,2,0,7,60,2,5929,5929,1,0,13,3,0,0,3,0
1311621,2,2022,2022,2,6,11,33,27,100,49,0,1,9,-33.884468,150.893188,24,0,2,1,2,0,0,0,0,2,7,60,1,5929,5929,1,5,0,2,0,0,1,0
1311622,1,2023,2023,4,6,8,330,27,53,605,0,1,1,-33.731677,151.30111,50,0,2,1,1,0,0,0,2,0,7,60,2,14295,14295,3,5,5,3,0,0,0,1
1311628,4,2022,2022,2,5,6,23,27,45,144,0,1,9,-33.802413,150.797068,55,0,2,1,1,0,0,0,2,0,0,70,2,2852,2852,4,5,19,2,0,1,0,0
1311639,2,2023,2023,4,4,3,6,1,112,34609,0,1,1,-33.904788,151.212497,69,0,2,1,3,0,3,3,1,0,7,40,0,14295,14295,3,0,0,3,0,0,1,0
1311642,1,2023,2023,4,5,6,1,31,201,2205,0,1,10,-34.878969,150.604667,63,2,1,1,1,0,0,0,2,2,7,50,2,6545,6545,4,22,36,2,0,0,0,1
1311643,2,2022,2022,2,2,9,2261,17,243,2252,0,1,9,-33.954924,150.896178,41,0,2,1,2,0,0,0,2,2,7,70,2,5929,5929,1,10,19,2,0,0,1,0
1311644,2,2023,2023,4,2,3,344,27,363,369,0,1,9,-33.742311,150.715902,55,0,2,1,1,0,0,0,2,2,7,70,2,5929,5929,1,0,5,2,0,0,1,0
1311651,2,2023,2023,4,5,4,2261,17,284,2252,1,0,2,-33.905319,151.013075,15,0,2,1,0,0,0,0,2,0,7,70,2,14295,14295,3,33,5,4,0,0,2,0
1311652,1,2022,2022,2,2,3,3371,17,12,3342,0,1,2,-32.149111,152.325872,43,1,0,0,0,0,0,0,2,0,7,100,2,1957,4009,8,8,40,1,0,0,0,1
1311653,2,2023,2023,4,5,0,4,10,55,34609,0,1,9,-35.379719,149.203436,58,2,1,0,2,0,0,0,0,0,7,50,0,1957,4009,1,5,23,2,0,0,1,0
1311655,2,2023,2023,4,1,0,2261,17,140,2252,0,1,2,-33.899674,150.997226,15,0,2,1,2,0,0,0,0,0,7,70,2,14295,14295,3,10,0,2,0,0,2,0
1311659,2,2022,2022,2,0,9,24,31,169,382,0,1,10,-33.600674,150.750954,29,2,2,1,0,0,0,0,2,2,7,60,2,6545,6545,4,0,0,2,0,0,1,1
1311661,4,2023,2023,4,4,8,478,17,22,480,0,1,1,-33.329087,151.502334,16,2,2,0,1,0,0,0,2,0,7,70,2,4552,5151,8,5,40,1,0,1,0,0
1311663,4,2023,2023,4,5,5,17,31,316,34609,0,1,7,-33.923399,151.244162,59,0,2,1,0,0,0,0,2,0,0,50,0,6545,6545,4,5,5,2,0,1,1,0
1311665,4,2023,2023,4,5,6,16,27,113,16,0,1,1,-33.808598,150.763405,55,0,2,1,0,0,0,0,2,0,7,80,1,323,323,1,5,0,2,0,1,1,0
1311668,2,2023,2023,4,1,6,11,31,215,82,0,1,9,-35.120104,147.355641,75,2,1,1,2,0,0,0,2,2,7,50,1,591,591,1,18,5,2,0,0,1,0
1311669,4,2023,2023,4,3,4,308,14,92,311,0,1,6,-33.756322,150.956591,71,0,2,1,1,0,0,0,2,0,7,80,2,9859,9859,8,10,40,1,0,1,0,0
1311670,2,2022,2022,2,2,8,9,27,96,34609,0,1,9,-33.439819,151.391708,16,2,2,1,1,0,0,0,2,2,9,50,0,591,591,1,18,0,2,0,0,1,0
1311672,2,2022,2022,2,5,6,9,31,140,34609,0,1,10,-33.897747,151.002165,15,0,2,1,0,0,0,0,2,0,15,50,0,6545,6545,4,5,5,2,0,0,2,1
1311677,1,2022,2022,2,5,7,26,1,112,34609,0,1,10,-33.910439,151.204291,69,0,2,1,0,0,0,0,2,0,15,50,0,6545,6545,4,5,0,2,0,0,0,1
1311686,1,2022,2022,2,4,6,1,31,115,34609,1,0,1,-33.967307,151.058636,25,0,2,0,0,0,0,0,2,0,7,50,0,4552,5151,8,0,40,1,0,0,0,1
1311688,1,2023,2023,4,4,10,175,27,86,220,0,1,10,-33.747549,150.916422,7,0,2,1,3,0,3,3,2,1,7,70,2,5929,5929,1,5,5,2,0,0,0,1
1311690,2,2023,2023,4,6,6,111,27,102,233,1,0,10,-33.955613,151.230321,59,0,2,1,3,0,0,0,2,2,7,60,2,6545,6545,4,5,5,2,0,0,1,0
1311693,4,2023,2023,4,3,5,19,31,224,34609,1,0,1,-33.833458,151.240273,45,0,2,1,1,0,0,0,2,0,9,50,0,2040,2040,9,5,28,2,0,1,0,0
1311696,4,2022,2022,2,6,3,18,27,316,16,0,1,10,-33.919579,151.248247,59,0,2,1,1,0,0,0,2,2,7,50,1,5929,5929,1,0,19,2,0,1,0,0
1311697,1,2022,2022,8,1,3,1,1,22,34609,0,1,1,-35.151909,150.589894,63,2,1,1,1,0,0,0,2,0,7,50,0,9859,9859,1,5,5,2,0,0,0,1
1311698,2,2022,2022,2,1,3,1,27,16,34609,0,1,1,-31.956061,152.513662,43,2,1,1,0,2,0,0,1,0,7,50,0,9859,9859,8,5,40,1,0,0,1,0
1311701,4,2023,2023,4,0,7,37,27,58,34609,0,1,9,-33.225401,151.41702,16,2,2,1,1,0,3,4,2,0,0,80,0,6545,6545,4,5,13,2,0,1,0,1
1311703,2,2022,2022,2,4,4,7,27,1,3,0,1,1,-33.70693,146.036721,51,1,0,0,0,2,0,0,2,0,7,100,1,380,714,5,10,40,1,0,0,1,0
1311710,2,2023,2023,4,2,10,6,31,13,34609,0,1,9,-34.35433,150.494206,78,2,1,1,2,0,0,0,0,0,7,50,0,1109,787,1,5,41,2,0,0,2,0
1311711,1,2023,2023,3,0,4,2126,17,166,2149,0,1,2,-33.416187,149.571356,3,2,1,1,0,0,0,0,2,0,7,60,2,1981,1981,4,10,27,2,0,0,0,1
1311713,1,2023,2023,4,0,9,171,27,85,369,0,1,9,-33.787916,150.701528,55,0,2,1,0,0,0,0,2,0,7,70,2,775,775,4,5,5,2,0,0,0,1
1311714,1,2022,2022,2,4,8,3371,17,139,3342,0,1,10,-33.840537,151.208525,49,0,2,1,3,0,0,0,2,2,7,60,2,14295,14295,3,9,5,2,0,0,0,1
1311715,2,2023,2023,4,0,6,3,31,646,34609,0,1,0,-33.91695,151.034256,15,0,2,1,3,0,0,0,2,0,7,40,0,312,312,2,19,40,1,0,0,1,0
1311716,1,2023,2023,4,3,8,48,31,79,605,0,1,9,-33.829667,151.213878,49,0,2,1,1,0,0,0,2,2,7,60,2,1669,1669,3,10,5,2,0,0,0,1
1311718,2,2023,2023,4,3,5,168,17,36,212,0,1,1,-35.432433,149.796191,58,2,1,1,3,0,3,4,2,0,7,80,2,4026,4026,8,10,40,1,0,0,1,0
1311721,2,2023,2023,4,6,8,63,27,224,605,0,1,10,-33.820977,151.243963,45,0,2,1,3,0,3,4,2,2,7,60,2,1945,1945,5,16,40,1,0,0,1,0
1311722,2,2023,2023,4,6,5,51,27,108,34609,0,1,1,-33.809531,151.185483,77,0,2,1,1,0,0,0,2,0,7,50,0,1109,787,1,5,0,2,0,0,1,0
1311725,1,2022,2022,9,5,1,1104,14,223,962,0,1,3,-33.806457,150.926758,7,0,2,1,2,0,0,0,0,0,7,100,2,1282,1282,1,8,5,2,0,0,0,1
1311732,2,2022,2022,2,5,4,5,27,169,34609,0,1,1,-33.782188,150.827684,7,0,2,1,0,0,0,0,2,0,7,80,0,13,188,1,5,5,2,0,0,1,0
1311733,2,2023,2023,4,5,7,78,17,34,58,0,1,9,-34.994695,149.023729,82,1,0,1,0,0,0,0,2,0,0,100,2,2852,2852,4,5,13,2,0,0,1,0
1311737,4,2022,2022,2,1,3,2209,17,157,2205,0,1,2,-34.008196,151.110967,68,0,2,0,1,0,0,0,1,0,7,70,2,2585,4009,8,29,40,1,0,1,0,0
1311738,4,2023,2023,4,4,5,55,27,134,38,0,1,9,-33.951278,150.830707,41,0,2,1,1,0,0,0,2,2,7,80,2,5929,5929,1,0,0,2,0,2,1,0
1311739,2,2023,2023,4,5,7,9,31,77,34609,0,1,9,-33.88683,151.199989,69,0,2,1,1,0,0,0,2,0,7,40,0,6545,6545,4,0,27,2,0,0,1,0
1311740,1,2023,2023,4,6,9,12,1,134,34609,0,1,9,-33.979004,150.810867,12,0,2,1,2,0,0,0,2,0,7,50,0,591,591,1,22,5,2,0,0,0,1
1311741,4,2022,2022,2,0,8,2209,17,12,2205,0,1,7,-34.926101,150.604032,63,2,1,1,1,0,0,0,2,0,0,70,2,9859,9859,8,16,40,1,0,1,0,0
1311743,1,2022,2022,9,3,10,103,27,29,256,0,1,1,-34.172516,150.789946,79,2,2,0,0,0,0,0,3,0,7,80,2,14295,14295,3,10,40,2,0,0,0,1
1311745,2,2022,2022,2,0,6,2209,17,82,34609,0,1,1,-34.372119,150.897035,80,0,2,1,1,0,0,0,2,0,9,50,0,1282,1282,1,22,12,2,0,0,1,0
1311746,1,2022,2022,11,1,6,6,27,102,24,0,1,1,-33.966703,151.224986,59,0,2,1,0,0,0,0,2,0,7,60,2,14295,14295,3,29,35,3,0,0,0,1
1311747,2,2023,2023,4,1,7,41,27,58,80,0,1,10,-32.982036,151.668669,37,0,2,0,1,0,0,0,2,2,7,60,1,5929,5929,1,0,0,2,0,0,1,0
1311749,2,2022,2022,9,5,5,74,23,49,260,0,1,2,-33.975222,151.15043,4,0,2,1,1,0,0,0,2,0,7,60,2,14295,14295,3,5,40,2,0,0,1,0
1311750,4,2023,2023,4,1,7,2126,17,179,2149,0,1,2,-33.75697,150.712326,55,0,2,1,1,0,3,4,2,0,7,60,2,14295,14295,3,5,5,4,0,1,0,2
1311752,1,2022,2022,2,0,7,475,10,137,268,0,1,10,-33.907691,150.898662,41,0,2,1,2,0,0,0,2,2,7,60,2,14295,14295,3,16,27,2,0,0,0,1
1311753,2,2022,2022,9,5,8,500,27,41,799,0,1,9,-33.906662,151.126786,32,0,2,1,1,0,0,0,2,0,7,60,2,5929,5929,1,5,19,2,0,0,1,0
1311755,2,2023,2023,4,5,1,1,27,39,34609,0,1,9,-33.762129,150.929681,7,0,2,1,1,0,0,0,0,0,7,50,0,4026,4026,1,5,5,2,0,0,1,0
1311756,4,2022,2022,2,2,3,512,17,28,441,0,1,9,-33.036698,148.864742,11,1,0,0,0,0,0,0,1,0,7,100,2,1850,1463,5,16,40,1,0,1,0,0
1311757,1,2023,2023,4,5,9,85,27,53,145,0,1,9,-33.799108,151.045362,54,0,2,1,2,0,0,0,3,2,7,70,2,1192,1192,1,0,27,2,0,0,0,1
1311758,1,2023,2023,4,5,3,14,31,445,34609,0,1,10,-33.858192,151.055054,21,0,2,1,0,0,0,0,2,0,15,50,0,6545,6545,4,0,5,2,0,0,0,1