Crash ID,Degree of crash - detailed,Reporting year,Year of crash,Month of crash,Day of week of crash,Two-hour intervals,Street of crash,Street type,Town,Route no.,School zone location,School zone active,Type of location,Latitude,Longitude,LGA,Urbanisation,Conurbation 1,Alignment,Street lighting,Road surface,Surface condition,Weather,Natural lighting,Signals operation,Other traffic control,Speed limit,Road classification,RUM - code,DCA - code,First impact type,Key TU type,Other TU type,No. of traffic units involved,No. killed,No. seriously injured,No. moderately injured,No. minor-other injured
1311759,2,2023,2023,4,2,3,16,31,182,34609,0,1,1,-32.842692,151.337986,17,2,1,1,2,0,0,0,2,0,7,50,0,190,190,1,5,5,2,0,0,1,0
1311760,1,2022,2022,10,1,4,171,31,50,34609,0,1,1,-34.342531,150.90634,80,0,2,1,1,0,0,0,2,0,9,50,0,43,43,3,9,27,2,0,0,0,1
1311761,1,2022,2022,1,6,11,1052,14,149,928,0,1,3,-33.35785,151.343634,16,2,2,1,0,0,0,0,0,0,7,60,2,14295,14295,3,10,10,2,0,0,0,2
1311763,2,2022,2022,9,3,8,7,27,197,34609,0,1,7,-33.953602,151.074783,25,0,2,1,1,0,0,0,2,0,0,50,0,6545,6545,4,0,19,2,0,0,1,0
1311764,2,2022,2022,2,0,7,5,18,73,34609,1,2,1,-33.71112,150.709822,55,0,2,1,1,0,0,0,2,0,9,40,0,4026,4026,1,0,5,4,0,0,1,0
1311766,2,2023,2023,4,6,8,3371,17,11,3342,0,1,2,-28.456931,153.501433,72,1,0,0,0,0,0,0,2,0,7,110,2,204,204,1,0,0,2,0,0,1,0
1311767,1,2023,2023,4,1,4,3371,17,18,3342,0,1,2,-30.806913,152.869485,47,1,0,1,0,0,0,3,2,0,7,100,2,9859,9859,8,5,40,1,0,0,0,1
1311773,2,2023,2023,4,5,9,7,27,8,34609,0,1,1,-30.710082,150.824631,70,1,0,0,0,0,0,0,2,0,7,100,0,4552,5151,8,5,40,1,0,0,1,0
1311777,4,2023,2023,4,3,6,265,17,103,193,0,1,1,-34.362908,148.267215,30,1,0,0,0,0,0,0,2,0,7,100,2,3775,3775,0,10,13,2,0,1,2,0
1311784,2,2022,2022,2,2,7,177,22,70,176,0,1,10,-34.032628,151.085539,68,0,2,1,0,0,0,0,2,2,7,60,2,4026,4026,8,5,40,1,0,0,1,0
1311786,4,2023,2023,4,6,10,3,31,147,34609,0,1,1,-33.872071,151.008541,21,0,2,1,0,0,0,0,3,0,7,50,0,1981,1981,4,17,5,2,0,1,0,0
1311787,4,2023,2023,4,2,5,39,31,169,99,0,1,10,-33.900262,151.206164,69,0,2,1,1,0,0,0,2,2,7,50,2,6545,6545,4,0,0,3,0,2,1,0
1311790,1,2023,2023,4,0,5,67,27,100,15,0,1,1,-33.802386,151.148411,77,0,2,0,1,0,3,4,2,0,7,50,1,4552,5151,1,0,5,5,0,0,0,1
1311798,2,2022,2022,9,5,4,229,14,173,237,0,1,3,-33.772543,151.119302,61,0,2,0,2,0,0,0,2,0,7,100,2,14295,14295,3,8,5,3,0,0,1,0
1311802,1,2022,2022,11,0,8,916,17,20,917,0,1,1,-30.944999,151.108664,70,2,1,0,0,0,3,4,2,0,7,80,2,3775,3775,0,10,5,2,0,0,0,2
1311804,4,2023,2023,4,0,6,1052,14,60,928,0,1,3,-33.432426,151.25387,16,1,2,1,0,0,0,0,2,0,7,110,2,1192,1192,1,10,12,2,0,1,1,0
1311810,4,2022,2022,9,2,7,114,27,118,34609,0,1,1,-33.321533,151.265839,16,2,2,0,1,0,0,0,2,0,7,80,0,1981,1981,4,5,19,2,0,1,0,0
1311811,2,2022,2022,9,5,10,62,27,21,166,0,1,9,-33.229228,151.423171,16,2,2,1,2,0,0,0,0,2,7,60,2,5929,5929,1,29,0,2,0,0,1,0
1311814,4,2022,2022,2,2,5,7,1,5,34609,0,1,10,-33.997508,151.139545,4,0,2,1,0,0,0,0,2,0,7,50,0,5929,5929,1,5,27,2,0,1,0,0
1311815,2,2023,2023,4,5,8,481,17,562,483,0,1,10,-32.24173,148.609855,22,2,1,1,0,0,0,0,2,0,0,60,2,6545,6545,4,33,5,2,0,0,1,0
1311819,4,2023,2023,4,6,8,48,31,278,34609,0,1,10,-33.788046,151.042418,54,0,2,1,1,0,0,0,2,0,15,50,0,5929,5929,1,5,27,2,0,1,0,0
1311820,2,2023,2023,4,0,6,11,10,74,34609,0,1,1,-34.049966,150.761111,12,0,2,0,1,0,0,3,2,0,7,50,0,4552,5151,8,5,40,1,0,0,1,0
1311821,4,2022,2022,2,3,8,135,17,8,136,0,1,1,-36.093149,147.038967,0,2,1,0,0,0,3,3,2,0,0,80,2,1850,1463,5,16,40,1,0,1,1,0
1311824,2,2023,2023,4,5,9,7,31,111,34609,0,1,1,-33.91692,151.249368,59,0,2,1,0,0,0,0,2,0,7,50,0,9859,9859,1,16,0,2,0,0,1,0
1311826,1,2023,2023,4,4,5,3371,17,44,3342,0,1,2,-32.423464,152.203431,43,1,0,1,0,0,3,4,2,0,7,110,2,1192,1192,1,5,10,3,0,0,0,1
1311828,4,2022,2022,2,0,6,149,36,13,113,0,1,1,-32.385994,152.338644,43,1,0,1,1,0,0,0,2,0,7,100,1,83,83,5,0,40,1,0,1,1,0
1311829,1,2023,2023,4,5,7,36,27,8,36,0,1,2,-34.016879,150.807477,13,0,2,1,1,0,0,0,2,0,7,70,1,4026,4026,8,16,40,1,0,0,0,1
1311830,1,2022,2022,9,2,3,90,31,54,165,0,1,2,-33.893851,151.216764,69,0,2,1,1,0,0,0,2,2,9,60,2,1220,1220,9,5,28,2,0,0,0,1
1311834,1,2022,2022,2,0,8,72,31,204,331,0,1,9,-33.938431,151.15162,4,0,2,1,1,0,0,0,2,1,7,60,2,395,395,1,10,5,2,0,0,0,1
1311837,1,2023,2023,4,1,8,3371,17,13,3342,0,1,2,-29.990952,153.151463,19,1,0,0,0,0,3,4,2,0,7,110,2,1850,1463,5,10,40,1,0,0,0,1
1311877,4,2023,2023,4,5,10,344,27,363,369,0,1,9,-33.736554,150.717173,55,0,2,1,2,0,0,0,0,0,7,70,2,404,404,8,15,40,1,0,1,0,0
1311880,2,2022,2022,2,0,0,17,27,7,39,0,1,1,-31.392587,150.305944,51,1,0,1,3,0,2,6,0,0,7,100,1,475,475,5,0,40,1,0,0,1,0
1311882,4,2022,2022,2,6,6,27,17,92,45,0,1,1,-33.409512,151.349172,16,2,2,1,1,0,0,0,2,0,7,60,1,78,78,8,15,40,1,0,1,0,0
1311886,2,2022,2022,2,3,6,32,31,78,34609,0,1,2,-33.69309,150.551689,8,2,2,1,0,0,0,0,2,0,7,50,0,220,220,8,5,40,1,0,0,1,0
1311887,1,2022,2022,2,0,11,2,27,1,34609,0,1,1,-35.4224,149.905317,58,1,0,1,0,0,0,0,0,0,7,100,0,9859,9859,8,0,40,1,0,0,0,1
1311888,4,2022,2022,2,4,5,105,17,162,34609,0,1,2,-33.833911,150.912727,24,0,2,1,1,0,0,0,2,0,7,60,0,3775,3775,0,8,12,4,0,1,4,1
1311890,4,2022,2022,9,4,3,19,27,26,34609,0,1,1,-33.112604,151.519241,37,0,2,0,1,0,0,0,2,0,7,60,0,1957,4009,8,5,40,1,0,1,0,0
1311892,2,2022,2022,9,5,4,475,31,532,34609,0,1,10,-33.866346,151.210736,69,0,2,1,1,0,0,0,2,2,7,40,0,5929,5929,1,8,27,2,0,0,1,0
1311893,1,2022,2022,2,5,10,346,17,103,332,0,1,9,-28.81413,153.313372,39,2,1,1,2,0,0,0,0,0,15,60,2,214,214,9,5,28,2,0,0,0,1
1311894,2,2022,2022,2,0,5,330,27,53,605,0,1,10,-33.737298,151.302431,50,0,2,1,1,0,0,0,2,2,7,60,2,5929,5929,1,9,13,2,0,0,1,0
1311896,1,2022,2022,2,2,9,2261,17,34,2252,0,1,2,-34.787915,149.65304,26,1,0,0,0,0,0,0,3,0,7,110,2,2585,4009,8,0,40,1,0,0,0,1
1311897,4,2022,2022,2,1,9,20,27,12,100,0,1,1,-33.616343,150.687398,29,2,2,0,0,0,0,0,2,0,7,80,2,3775,3775,0,5,0,3,0,1,1,0
1311898,2,2022,2022,2,0,4,3,27,1,34609,0,1,1,-32.465335,151.331068,64,1,0,1,0,0,0,0,2,0,7,100,0,1282,1282,1,0,40,1,0,0,1,0
1311899,2,2022,2022,2,2,9,18,31,166,34609,0,1,7,-33.407747,149.572196,3,2,1,1,1,0,0,0,2,0,0,50,0,6545,6545,4,0,19,2,0,0,1,0
1311901,4,2022,2022,2,2,1,82,27,10,103,0,1,1,-28.411933,153.339038,72,2,1,0,0,0,0,0,0,0,7,50,1,4552,5151,8,10,40,1,0,1,0,0
1311902,4,2022,2022,2,2,10,37,31,198,41,0,1,10,-33.913061,151.104065,15,0,2,1,2,0,3,4,0,2,7,40,1,2040,2040,9,10,28,2,0,1,0,0
1311903,2,2022,2022,2,2,1,2,27,6,34609,0,1,1,-33.411308,150.732913,29,2,2,1,0,2,0,0,0,0,7,50,0,4026,4026,8,0,40,1,0,0,1,0
1311904,2,2022,2022,2,0,8,63,36,30,16,0,1,1,-32.614684,152.101735,43,1,0,1,0,0,0,0,2,0,7,90,1,9859,9859,8,10,40,1,0,0,1,0
1311906,4,2022,2022,9,3,8,2261,17,49,2252,0,1,2,-34.734309,149.797153,26,1,0,1,0,0,0,0,2,0,7,110,2,475,475,5,16,40,1,0,1,0,0
1311907,4,2022,2022,2,3,10,57,27,122,34609,0,1,1,-33.422979,151.341334,16,2,2,1,2,0,0,0,3,0,7,50,0,312,312,2,5,40,2,0,1,0,0
1311908,4,2023,2023,4,6,8,1,31,67,34609,0,1,10,-33.699295,150.895109,7,0,2,1,1,0,0,0,2,0,2,60,0,6545,6545,4,5,41,2,0,2,0,0
1311913,4,2022,2022,9,6,5,2126,17,33,2149,0,1,2,-33.472718,150.124634,40,1,0,0,0,0,0,0,2,0,7,100,2,380,714,5,5,40,1,0,1,0,0
1311914,1,2022,2022,9,4,5,48,27,14,26,0,1,1,-34.812772,149.684965,26,1,0,1,0,0,0,0,2,0,7,100,2,475,475,5,29,40,1,0,0,0,1
1311916,2,2023,2023,4,4,2,2,1,10,34609,0,1,1,-33.011006,151.630537,37,0,2,0,0,0,0,3,1,0,7,50,0,4552,5151,1,0,0,3,0,0,1,0
1311919,4,2022,2022,2,4,6,283,27,145,702,0,1,2,-33.929022,151.072153,15,0,2,1,2,0,0,3,2,0,7,60,2,14295,14295,3,5,5,3,0,1,0,0
1311920,4,2022,2022,10,1,3,59,10,89,34609,0,1,10,-33.904124,151.235844,59,0,2,1,0,0,0,0,2,0,15,30,0,256,256,4,5,27,2,0,1,0,0
1311922,4,2023,2023,4,1,9,4,31,294,34609,0,1,10,-33.939537,150.956543,41,0,2,1,1,0,0,0,2,0,0,50,0,6545,6545,4,16,5,2,0,1,0,0
1311923,2,2022,2022,2,4,8,92,27,28,34609,0,1,9,-34.012532,151.072778,68,0,2,1,1,0,3,4,2,0,7,50,0,3775,3775,0,5,5,4,0,0,1,0
1311926,1,2022,2022,2,0,5,73,31,532,34609,0,1,0,-33.875894,151.205478,69,0,2,1,0,0,0,0,2,0,7,40,0,312,312,2,0,40,1,0,0,0,1
1311928,4,2022,2022,2,2,9,2,36,74,34609,0,1,9,-34.027902,150.75735,12,0,2,1,1,0,0,0,2,0,7,50,0,1945,1945,5,16,40,1,0,1,0,0
1311930,4,2022,2022,9,6,8,103,27,94,563,0,1,2,-33.827267,151.050751,54,0,2,1,2,0,0,0,2,0,7,70,2,14295,14295,3,5,25,2,0,2,0,0
1311933,2,2022,2022,9,1,7,2261,17,92,2252,0,1,3,-33.989667,150.852591,13,0,2,1,0,0,0,0,2,0,7,110,2,1282,1282,1,0,5,4,0,0,2,0
1311934,2,2022,2022,2,4,5,13,27,56,34609,1,0,1,-35.133734,147.389302,75,2,1,1,0,0,0,0,2,0,7,70,0,14295,14295,3,5,5,2,0,0,2,0
1311935,4,2022,2022,2,3,4,3,27,2,34609,0,1,10,-32.632928,151.62644,57,2,1,1,0,0,0,0,2,0,0,80,0,6545,6545,4,5,13,2,0,1,1,0
1311936,2,2022,2022,2,1,5,15,27,16,118,0,1,1,-30.351627,150.604751,70,1,0,1,0,0,0,0,2,0,7,100,2,1981,1981,4,34,10,2,0,0,1,0
1311941,2,2022,2022,10,0,7,8,31,112,165,0,1,10,-33.903911,151.214125,69,0,2,1,0,0,0,0,2,2,7,60,2,14295,14295,3,0,5,3,0,0,1,0
1311945,1,2023,2023,4,0,9,222,27,562,34609,0,1,9,-32.267205,148.6037,22,2,1,1,3,0,0,0,2,0,0,60,0,2852,2852,4,5,41,2,0,0,0,1
1311946,2,2022,2022,10,3,10,515,14,202,518,0,1,3,-33.939864,151.031001,15,0,2,1,2,0,0,0,0,0,7,100,2,591,591,1,22,13,2,0,0,1,0
1311948,4,2023,2023,4,5,4,30,18,95,34609,0,1,9,-34.397563,150.892308,80,0,2,1,1,0,0,0,2,2,7,60,0,2040,2040,9,0,28,2,0,1,0,0
1311952,2,2023,2023,4,2,5,10,27,13,31,0,1,1,-35.938615,149.575692,58,1,0,0,3,2,0,0,2,0,7,100,1,4552,5151,8,5,40,1,0,0,1,0
1311954,4,2023,2023,4,2,4,14,31,80,19,0,1,1,-33.882293,151.173196,32,0,2,1,1,0,0,0,2,0,7,40,2,387,387,1,22,0,2,0,1,0,0
1311955,2,2022,2022,9,2,0,1,31,132,34609,0,1,10,-29.777334,151.129368,33,2,1,1,2,0,0,0,0,0,0,50,0,9859,9859,1,10,0,3,0,0,1,0
1311959,4,2022,2022,9,0,7,6,27,10,26,0,1,1,-29.300302,151.109948,33,1,0,0,0,2,0,0,2,0,7,100,1,782,957,5,30,40,1,0,1,0,0
1311960,4,2022,2022,2,2,11,117,27,72,144,0,1,10,-33.843022,151.089101,14,0,2,1,2,0,0,0,0,0,0,60,2,9859,9859,8,0,40,1,0,2,0,0
1311961,2,2022,2022,9,2,1,5,1,1,34609,0,1,9,-34.909062,150.745984,63,2,1,1,2,0,0,3,0,0,7,50,0,489,489,8,30,40,1,0,0,1,0
1311962,4,2022,2022,9,1,1,74,23,49,260,0,1,9,-33.966745,151.153916,4,0,2,1,2,0,3,0,0,2,7,60,2,9859,9859,8,10,40,1,0,1,0,0
1311964,4,2022,2022,2,0,1,3,27,2,41,0,1,1,-33.774145,148.212623,51,1,0,1,1,0,0,0,0,0,7,100,1,4026,4026,8,10,40,1,0,1,0,0
1311966,2,2023,2023,4,1,9,23,27,16,49,0,1,1,-29.874865,151.115021,33,1,0,0,0,0,0,0,2,0,7,100,1,418,714,5,10,40,1,0,0,1,0
1311967,2,2022,2022,2,5,6,196,10,166,168,0,1,9,-33.937141,150.982682,15,0,2,0,1,0,0,0,2,1,7,60,2,5929,5929,1,5,12,2,0,0,1,0
1311968,4,2022,2022,9,2,5,2209,17,27,2205,0,1,2,-34.535192,150.786181,80,0,2,1,1,0,0,0,2,0,7,80,2,623,623,3,16,0,2,0,1,0,0
1311970,1,2023,2023,4,5,7,4,7,41,34609,0,1,10,-30.35262,153.090286,19,2,1,1,1,0,0,0,2,0,2,60,0,256,256,4,0,5,2,0,0,0,2
1311971,1,2023,2023,4,5,6,4,1,99,34609,0,1,1,-33.895132,151.274229,76,0,2,1,0,0,0,0,2,0,7,10,0,368,368,9,0,28,2,0,0,0,1
1311972,1,2022,2022,2,2,6,11,27,7,34609,0,1,1,-35.471034,149.183571,58,1,0,0,0,0,0,0,2,0,7,100,0,3775,3775,0,0,13,2,0,0,0,4
1311973,2,2022,2022,9,6,3,232,36,134,331,0,1,2,-33.975091,150.810218,12,0,2,1,1,0,0,0,2,0,7,80,2,1282,1282,1,5,19,2,0,0,1,0
1311974,1,2023,2023,4,3,4,4,27,11,34609,0,1,1,-34.299333,148.483333,30,2,1,1,0,2,3,0,2,0,7,80,0,9859,9859,8,16,40,1,0,0,0,1
1311976,2,2022,2022,9,6,7,45,31,76,34609,0,1,1,-35.364357,150.467598,63,2,1,0,0,0,0,0,2,0,7,50,0,782,957,5,9,40,1,0,0,1,0
1311977,2,2022,2022,2,1,2,866,17,98,793,0,1,2,-33.736809,151.074544,31,0,2,1,2,0,0,0,1,0,7,70,2,9859,9859,8,0,40,1,0,0,1,0
1311978,4,2023,2023,4,4,9,21,31,60,34609,0,1,4,-33.760291,150.755566,55,0,2,1,1,0,0,0,3,0,7,50,0,9859,9859,1,30,10,2,0,1,0,0
1311980,4,2022,2022,9,1,10,22,31,61,34609,0,1,1,-33.893411,150.911367,24,0,2,1,2,0,0,0,0,0,7,50,0,340,340,9,5,28,2,0,1,0,0
1311981,1,2023,2023,4,0,10,106,27,523,106,0,1,2,-33.928187,150.912525,41,0,2,1,2,0,0,0,0,0,7,60,2,190,190,1,5,5,2,0,0,0,1
1311982,2,2022,2022,9,0,9,475,10,70,268,0,1,9,-33.8881,150.880351,24,0,2,0,1,0,0,0,2,0,7,70,2,591,591,1,22,5,2,0,0,1,0
1311983,2,2023,2023,4,0,5,51,31,107,34609,0,1,1,-29.690909,152.932821,18,2,1,1,0,0,0,0,2,0,7,40,0,1981,1981,4,5,21,2,0,0,1,0
1311984,2,2023,2023,4,1,8,5,23,100,34609,0,1,1,-33.88958,150.891538,24,0,2,0,1,0,0,0,2,0,7,50,0,4552,5151,1,0,25,2,0,0,1,1
1311988,2,2023,2023,4,3,4,4,27,16,7,0,1,9,-31.535863,150.811562,51,1,0,1,3,0,3,4,2,0,7,100,1,945,945,5,9,40,1,0,0,1,0
1311993,2,2023,2023,4,6,8,12,27,5,42,0,1,1,-35.108205,150.0945,58,1,0,0,0,0,3,4,2,0,7,100,1,3775,3775,0,10,0,2,0,0,3,1
1311996,2,2022,2022,9,0,5,59,10,89,34609,0,1,10,-33.904124,151.235844,59,0,2,1,0,0,0,0,2,0,15,30,0,6545,6545,4,5,27,2,0,0,1,0
1311997,2,2022,2022,2,4,6,165,31,25,34609,0,1,10,-33.86761,151.281902,76,0,2,1,0,0,0,0,2,0,15,50,0,6545,6545,4,0,18,2,0,0,1,0
1311998,4,2023,2023,4,5,5,133,17,22,121,0,1,1,-36.91254,149.237801,65,2,1,1,1,0,0,0,2,0,7,50,2,941,941,1,5,13,4,0,1,0,0
1312000,4,2022,2022,9,4,8,4,10,30,34609,1,0,9,-33.27166,151.424732,16,2,2,1,1,0,0,0,2,0,7,50,0,312,312,2,9,40,1,0,1,0,0
1312001,1,2022,2022,2,2,5,87,27,346,34609,0,1,0,-33.872144,151.093889,67,0,2,1,1,0,0,0,2,0,7,50,0,312,312,2,0,40,1,0,0,0,1
1312002,2,2022,2022,9,4,2,168,10,387,260,0,1,6,-33.945151,151.186556,4,0,2,1,2,0,0,0,0,0,7,70,2,204,204,1,29,12,2,0,0,1,0
1312003,2,2022,2022,2,4,4,76,24,164,154,0,1,9,-33.72413,150.889044,7,0,2,1,1,0,0,0,2,2,7,70,1,5929,5929,1,5,5,2,0,0,2,0
1312005,4,2022,2022,9,0,11,3371,17,4,3342,0,1,2,-31.069953,152.884793,34,1,0,0,0,0,2,2,0,0,7,110,2,204,204,1,5,5,2,0,2,0,0
1312006,2,2022,2022,2,2,4,334,17,11,308,0,1,1,-30.991753,150.776422,70,1,0,1,0,0,0,0,2,0,7,100,2,1945,1945,5,0,40,1,0,0,2,0
1312007,2,2022,2022,9,0,8,19,1,100,68,0,1,10,-33.81026,151.164579,38,0,2,0,0,0,0,0,2,0,7,60,1,1957,4009,8,0,40,1,0,0,1,0
1312009,1,2022,2022,2,2,10,17,27,42,34609,0,1,1,-33.743362,151.283503,50,0,2,1,2,0,3,4,0,0,7,50,0,9859,9859,1,10,0,10,0,0,0,1
1312012,4,2022,2022,9,6,9,283,27,91,702,0,1,1,-33.959336,151.089156,25,0,2,1,1,0,0,0,2,0,7,60,2,340,340,9,0,28,2,0,1,0,1
1312014,2,2022,2022,2,2,5,2261,17,370,2252,0,1,3,-34.061682,150.785862,13,0,2,1,1,0,0,0,2,0,7,110,2,14295,14295,3,0,5,2,0,0,1,1
1312015,2,2022,2022,2,0,11,100,27,127,799,0,1,10,-33.895677,151.156844,32,0,2,1,2,0,3,3,0,2,7,60,2,5929,5929,1,5,18,2,0,0,1,0
1312016,4,2022,2022,2,4,7,81,31,133,80,0,1,1,-33.923619,151.01265,15,0,2,1,1,0,0,0,2,0,7,60,1,14295,14295,3,5,0,5,0,2,0,0
1312018,1,2022,2022,2,5,8,2126,17,346,2149,0,1,9,-33.867466,151.097169,9,0,2,1,1,0,0,0,2,0,0,60,2,14295,14295,3,5,5,3,0,0,0,1
1312019,4,2022,2022,9,1,6,42,27,67,231,0,1,9,-33.404141,151.340592,16,2,2,1,0,0,0,0,2,0,0,60,2,2852,2852,4,30,19,2,0,1,0,0
1312021,4,2022,2022,2,5,11,145,31,73,34609,0,1,1,-34.195975,150.593731,79,2,2,0,0,0,0,0,0,0,7,60,0,2585,4009,8,16,40,1,0,1,0,0
1312024,4,2022,2022,9,3,4,1,27,194,34609,0,1,1,-30.538044,151.739583,1,2,1,1,0,2,0,3,2,0,7,60,0,1981,1981,4,5,13,2,0,1,0,0
1312025,2,2022,2022,2,5,5,37,31,198,41,0,1,1,-33.911463,151.10385,15,0,2,1,0,0,0,0,2,0,7,40,1,387,387,1,15,13,3,0,0,1,0
1312026,2,2023,2023,4,5,9,47,31,51,34609,0,1,10,-34.191305,150.979021,80,0,2,0,1,0,0,0,2,0,0,50,0,3775,3775,0,5,10,2,0,0,1,0
1312027,2,2022,2022,2,0,10,7,31,130,34609,0,1,10,-33.869614,151.195048,69,0,2,1,2,0,0,0,0,2,9,40,0,1220,1220,9,5,28,2,0,0,1,0
1312028,4,2022,2022,9,2,5,56,27,323,38,0,1,9,-33.75396,150.958973,71,0,2,1,1,0,0,0,2,2,7,60,1,1383,1383,1,5,0,2,0,1,0,0
1312030,2,2022,2022,9,2,4,81,17,83,100,0,1,1,-34.446232,150.460216,78,2,1,1,0,0,0,0,2,0,7,60,2,3775,3775,0,10,13,2,0,0,1,1
1312032,1,2023,2023,4,0,6,29,31,609,48,1,0,10,-33.769156,150.892413,7,0,2,1,3,0,3,4,2,2,7,60,1,6545,6545,4,5,0,2,0,0,0,1
1312034,4,2022,2022,2,0,6,8,31,134,34609,0,1,9,-33.893327,151.250579,76,0,2,1,1,0,0,0,2,0,7,50,0,2040,2040,9,10,28,2,0,1,0,0
1312038,2,2022,2022,10,3,3,59,31,107,321,0,1,1,-33.880515,151.200159,69,0,2,1,1,0,0,0,1,0,7,50,2,3775,3775,0,0,5,2,0,0,1,0
1312040,4,2022,2022,9,4,7,44,31,90,34609,0,1,1,-32.923438,151.747007,48,0,2,1,1,0,0,0,2,0,7,40,0,368,368,9,5,28,2,0,1,0,0
1312041,1,2022,2022,1,5,10,32,31,111,91,0,1,10,-33.916897,151.257619,59,0,2,1,0,0,0,0,0,0,15,50,1,6545,6545,4,0,5,2,0,0,0,4
1312042,4,2023,2023,4,5,6,150,27,197,415,0,1,9,-33.789657,151.123499,61,0,2,1,1,0,0,0,2,0,6,70,2,2040,2040,9,10,28,2,0,1,0,0
1312047,4,2022,2022,2,5,8,2,27,12,34609,0,1,1,-34.9586,150.675549,63,2,1,0,0,2,0,0,2,0,7,10,0,1957,4009,8,16,40,1,0,1,0,0
1312048,2,2023,2023,4,1,10,61,27,32,70,0,1,1,-33.681619,150.980572,71,0,2,0,0,0,0,0,0,0,7,70,1,1957,4009,8,5,40,1,0,0,1,0
1312050,4,2023,2023,4,2,3,19,27,29,34609,0,1,1,-32.886126,151.695752,48,0,2,1,1,0,0,0,2,0,7,40,0,1981,1981,4,10,19,2,0,1,0,0
1312052,4,2022,2022,2,4,7,16,27,13,118,0,1,9,-29.522008,150.578893,51,1,0,1,0,0,0,0,2,0,0,100,1,1945,1945,5,10,40,1,0,1,0,0
1312053,2,2023,2023,3,6,9,135,17,93,136,0,1,10,-36.076473,146.936459,0,2,1,1,1,0,0,0,2,0,0,60,2,5929,5929,1,5,0,2,0,0,1,0
1312054,2,2023,2023,4,2,6,334,17,316,308,0,1,7,-31.44848,152.878917,56,2,1,0,0,0,0,0,2,0,0,70,2,1850,1463,5,15,40,1,0,0,1,0
1312056,4,2023,2023,3,4,4,6,1,646,118,0,1,10,-33.92062,151.030212,15,0,2,1,2,0,0,0,2,0,7,50,1,775,775,4,22,40,2,0,1,0,0
1312058,4,2023,2023,4,5,9,11,10,29,52,0,1,1,-34.111438,150.560078,79,1,2,1,0,0,3,4,3,0,7,100,1,4026,4026,8,5,40,1,0,1,0,0
1312061,2,2023,2023,4,6,11,4,31,136,34609,0,1,9,-33.921355,151.077924,15,0,2,1,2,0,3,0,0,0,9,50,0,2040,2040,9,5,28,3,0,0,2,0
1312063,2,2022,2022,2,2,6,512,10,172,34609,0,1,7,-32.760267,151.592577,42,2,1,0,0,0,0,0,2,0,0,50,0,395,395,1,16,13,2,0,0,1,0
1312064,2,2023,2023,3,5,8,24,31,92,34609,0,1,9,-33.402897,151.355881,16,2,2,1,0,0,0,0,2,0,0,50,0,775,775,4,5,0,2,0,0,1,0
1312066,1,2023,2023,4,0,6,3371,17,69,3342,0,1,9,-32.935335,151.74991,48,0,2,1,1,0,0,0,2,0,0,60,2,14295,14295,3,5,0,2,0,0,0,1
1312067,2,2022,2022,2,4,6,2209,17,79,2205,0,1,2,-33.981103,151.11871,25,0,2,1,1,0,0,0,2,0,7,70,2,1383,1383,1,15,40,2,0,0,1,0
1312068,1,2022,2022,2,5,8,829,27,130,770,0,1,2,-33.870179,151.189316,69,0,2,1,0,0,0,0,2,0,7,60,2,14295,14295,3,5,13,2,0,0,0,1
1312072,2,2022,2022,9,0,5,280,10,54,240,0,1,9,-33.849289,150.876429,24,0,2,0,1,0,0,0,2,2,7,60,2,14295,14295,3,8,35,2,0,0,1,0
1312073,4,2023,2023,3,2,4,1,10,179,34609,0,1,1,-31.881562,152.432427,43,2,1,1,1,0,0,0,2,0,7,50,0,2040,2040,9,0,28,2,0,1,0,0
1312075,1,2022,2022,2,1,8,2,27,3,2,0,1,9,-28.662098,152.06959,51,2,1,1,0,0,0,0,2,0,0,80,1,2852,2852,4,0,0,2,0,0,0,1
1312081,2,2023,2023,4,2,2,154,27,293,244,0,1,9,-33.928508,151.046962,15,0,2,0,1,0,3,4,0,0,7,60,2,4552,5151,8,0,40,1,0,0,1,0
1312082,2,2023,2023,4,4,8,1,31,179,34609,0,1,10,-31.90141,152.476053,43,2,1,1,1,0,3,4,2,0,15,50,0,6545,6545,4,15,5,2,0,0,1,0
1312085,2,2023,2023,4,4,9,10,7,293,34609,0,1,1,-33.949181,151.249607,59,0,2,0,1,0,0,0,3,0,7,50,0,1259,5151,8,0,40,1,0,0,1,0
1312088,1,2023,2023,3,3,4,11,27,150,34609,0,1,10,-33.92118,151.225299,59,0,2,1,1,0,0,0,2,0,15,50,0,6545,6545,4,5,0,2,0,0,0,1
1312090,2,2023,2023,4,6,11,22,31,337,30,0,1,10,-33.731201,151.004191,71,0,2,1,2,0,0,0,0,2,0,60,2,5929,5929,1,5,0,2,0,0,2,0
1312102,1,2022,2022,11,2,2,67,27,157,55,0,1,2,-34.016106,151.106153,68,0,2,0,0,0,3,4,1,0,7,70,2,14295,14295,3,5,0,3,0,0,0,1
1312105,2,2023,2023,4,0,9,12,27,58,43,0,1,9,-28.578995,153.535909,10,2,1,0,0,0,0,0,2,0,7,80,1,623,623,3,0,5,2,0,0,1,0
1312110,4,2023,2023,4,5,3,2,1,6,34609,0,1,1,-32.702239,151.591599,42,2,1,1,0,0,0,0,2,0,7,50,0,5929,5929,1,10,27,2,0,1,0,0
1312113,2,2023,2023,4,1,6,348,17,14,232,0,1,1,-33.098537,149.957581,40,1,0,0,0,0,3,4,2,0,7,100,2,4552,5151,8,5,40,1,0,0,1,2