Crash ID,Degree of crash - detailed,Reporting year,Year of crash,Month of crash,Day of week of crash,Two-hour intervals,Street of crash,Street type,Town,Route no.,School zone location,School zone active,Type of location,Latitude,Longitude,LGA,Urbanisation,Conurbation 1,Alignment,Street lighting,Road surface,Surface condition,Weather,Natural lighting,Signals operation,Other traffic control,Speed limit,Road classification,RUM - code,DCA - code,First impact type,Key TU type,Other TU type,No. of traffic units involved,No. killed,No. seriously injured,No. moderately injured,No. minor-other injured
1312117,2,2023,2023,4,5,8,829,27,309,770,0,1,9,-33.81666,151.111746,61,0,2,0,1,0,0,0,2,0,7,60,2,4552,5151,8,16,40,1,0,0,1,0
1312119,2,2023,2023,3,4,5,14,31,165,34609,0,1,10,-32.263889,150.904404,46,2,1,1,1,0,3,4,2,0,0,50,0,6545,6545,4,10,12,2,0,0,1,0
1312121,1,2023,2023,3,2,8,118,17,11,118,0,1,1,-31.420183,150.573791,51,1,0,1,0,0,0,0,2,0,7,100,2,3775,3775,0,10,35,2,0,0,0,1
1312123,4,2022,2022,2,6,4,25,27,22,34609,0,1,1,-33.829236,151.198901,49,0,2,1,1,0,0,0,2,0,7,50,0,14295,14295,3,15,5,2,0,1,0,0
1312124,2,2023,2023,3,6,5,135,17,93,136,0,1,9,-36.076473,146.936459,0,2,1,1,3,0,0,0,2,0,0,60,2,6545,6545,4,0,13,2,0,0,1,0
1312125,4,2022,2022,2,3,8,53,36,4,34,0,1,1,-33.339971,148.6306,11,1,0,1,0,0,0,0,2,0,7,100,2,9859,9859,8,0,40,1,0,1,0,0
1312127,2,2023,2023,4,3,5,34,10,19,40,0,1,1,-35.868742,150.150338,23,1,0,1,0,0,3,4,2,0,7,100,1,4026,4026,8,0,40,1,0,0,1,0
1312130,1,2022,2022,10,1,7,2261,17,17,2252,0,1,2,-34.788837,149.234442,74,1,0,0,3,0,3,4,2,0,7,110,2,2585,4009,8,16,40,1,0,0,0,1
1312131,1,2023,2023,4,3,5,255,27,37,62,0,1,1,-32.806586,151.505325,17,2,1,1,3,0,0,0,2,0,7,60,2,1391,1391,1,0,5,2,0,0,0,1
1312132,1,2023,2023,3,4,8,34,31,145,140,0,1,9,-33.926509,151.126487,15,0,2,1,3,0,0,0,4,2,7,50,1,14295,14295,3,5,0,2,0,0,0,2
1312134,4,2023,2023,4,5,7,67,10,13,34,0,1,1,-34.364776,150.496269,78,2,1,1,0,0,3,3,2,0,7,80,1,4026,4026,8,0,40,1,0,1,0,0
1312136,2,2023,2023,3,0,7,4,31,201,34609,1,0,1,-34.877838,150.596813,63,2,1,1,0,0,0,0,2,0,7,50,0,4026,4026,1,0,36,2,0,0,1,0
1312137,1,2022,2022,2,6,6,9,27,252,34609,0,1,9,-33.933064,150.875565,41,0,2,1,3,0,0,0,2,0,7,60,0,150,150,4,10,5,2,0,0,0,1
1312140,1,2023,2023,3,6,8,5,27,123,34609,0,1,9,-33.815478,151.065039,54,0,2,1,3,0,0,0,2,0,0,50,0,14295,14295,3,10,5,2,0,0,0,1
1312141,2,2023,2023,3,5,9,5,31,18,34609,0,1,9,-32.962464,151.710335,37,0,2,0,3,0,0,0,0,0,15,50,0,3775,3775,0,5,5,2,0,0,1,1
1312144,1,2023,2023,3,1,4,222,27,54,40,0,1,1,-33.637741,150.886554,29,2,2,1,3,0,0,0,2,0,7,80,1,3775,3775,0,5,0,2,0,0,0,1
1312147,2,2023,2023,4,2,7,65,31,609,115,0,1,2,-33.776455,150.901679,7,0,2,1,2,0,0,0,2,0,7,60,2,14295,14295,3,0,0,4,0,0,1,0
1312149,1,2022,2022,2,6,7,251,14,139,124,0,1,3,-33.837648,151.21102,49,0,2,1,1,0,0,0,2,0,7,70,2,14295,14295,3,21,19,3,0,0,0,1
1312152,2,2023,2023,4,4,8,4,27,96,34609,0,1,1,-33.335494,147.996225,51,2,1,1,3,0,0,0,2,0,7,80,0,9859,9859,8,10,40,1,0,0,1,0
1312157,2,2023,2023,3,5,3,40,31,219,262,0,1,9,-32.906756,151.669603,48,0,2,0,1,0,0,0,2,0,7,60,2,2585,4009,8,5,40,1,0,0,1,0
1312158,1,2023,2023,4,1,4,45,27,74,45,0,1,9,-33.738132,151.034025,31,0,2,1,3,0,0,0,2,0,15,60,2,14295,14295,3,5,0,3,0,0,0,1
1312163,1,2023,2023,4,0,9,2126,17,179,2149,0,1,9,-33.758854,150.720593,55,0,2,1,3,0,0,0,2,2,7,60,2,1383,1383,1,0,5,2,0,0,0,1
1312167,1,2023,2023,4,3,6,39,27,36,91,0,1,7,-33.931292,151.256096,59,0,2,1,3,0,0,0,2,2,7,50,1,1669,1669,3,5,5,2,0,0,0,1
1312174,2,2023,2023,4,4,9,2261,17,45,2252,0,1,3,-34.311539,150.598929,79,1,2,0,3,0,3,0,3,0,7,110,2,1850,1463,5,16,40,1,0,0,1,0
1312181,2,2023,2023,3,6,4,8,27,61,4,0,1,1,-35.539001,144.942564,51,2,1,1,3,0,0,0,2,0,7,60,1,1282,1282,1,30,10,2,0,0,1,0
1312182,1,2022,2022,1,3,6,95,27,17,605,0,1,1,-33.613876,151.327339,50,0,2,0,3,0,0,0,2,0,7,60,2,1957,4009,8,5,40,1,0,0,0,1
1312185,1,2022,2022,9,4,10,195,27,53,186,0,1,2,-33.922724,150.849299,41,0,2,1,3,0,0,0,0,0,7,70,2,941,941,1,0,5,2,0,0,0,1
1312187,1,2023,2023,3,2,9,23,27,53,36,0,1,1,-35.200688,149.344006,58,1,0,1,3,0,0,0,0,0,7,90,1,9859,9859,8,0,40,1,0,0,0,1
1312189,1,2023,2023,3,5,3,283,27,70,702,0,1,9,-33.980608,151.107657,25,0,2,1,3,0,0,3,2,0,15,70,2,14295,14295,3,10,0,2,0,0,0,1
1312191,1,2023,2023,3,6,4,23,31,163,74,0,1,10,-33.861626,151.106015,14,0,2,1,3,0,0,0,2,2,7,50,1,6545,6545,4,21,5,2,0,0,0,1
1312192,1,2023,2023,4,4,2,100,27,323,100,0,1,2,-33.795881,150.853574,7,0,2,1,2,0,3,4,1,0,0,70,2,14295,14295,3,30,5,3,0,0,0,1
1312193,2,2023,2023,3,4,4,14,1,64,34609,0,1,10,-33.705754,150.732638,55,0,2,1,3,0,0,0,2,0,7,60,0,6545,6545,4,5,5,2,0,0,2,0
1312196,1,2023,2023,4,6,5,8,10,86,34609,0,1,1,-33.745387,150.929123,7,0,2,1,3,0,0,0,2,0,7,50,0,220,220,1,5,0,2,0,0,0,1
1312197,1,2023,2023,3,0,11,232,36,134,331,0,1,10,-33.975822,150.809583,12,0,2,1,3,0,0,0,0,2,7,80,2,6545,6545,4,5,0,2,0,0,0,1
1312199,4,2022,2022,2,0,4,27,27,119,9,0,1,9,-33.873192,151.160207,32,0,2,1,0,0,0,0,2,0,7,50,1,591,591,1,22,0,2,0,1,0,0
1312201,1,2022,2022,9,6,3,2126,17,78,2149,0,1,10,-33.866431,151.093526,14,0,2,1,3,0,0,0,2,2,7,60,2,14295,14295,3,9,5,2,0,0,0,1
1312206,1,2023,2023,3,5,9,30,24,9,34609,0,1,9,-33.83087,151.07131,54,0,2,1,3,0,0,0,3,0,7,50,0,14295,14295,3,5,5,2,0,0,0,1
1312207,1,2023,2023,3,6,5,34,27,73,799,0,1,1,-33.896246,151.161556,32,0,2,1,3,0,0,3,2,0,7,60,2,1391,1391,1,5,5,2,0,0,0,1
1312209,1,2023,2023,4,6,9,158,27,46,207,0,1,10,-33.879116,151.237645,81,0,2,1,3,0,0,0,0,2,7,60,2,14295,14295,3,5,19,2,0,0,0,1
1312212,2,2023,2023,4,2,3,171,31,273,34609,1,0,1,-34.4201,150.897308,80,0,2,1,1,0,0,0,2,0,7,50,0,9859,9859,1,0,5,3,0,0,1,0
1312213,2,2023,2023,4,4,10,149,36,120,81,0,1,10,-32.184465,152.516232,43,2,1,1,2,0,3,4,0,0,2,50,2,6545,6545,4,5,27,2,0,0,1,0
1312221,4,2023,2023,3,0,3,4,10,79,34609,0,1,2,-33.995726,150.736142,12,0,2,1,3,0,0,0,2,0,7,50,0,14295,14295,3,10,10,2,0,1,0,0
1312225,4,2023,2023,4,3,10,475,10,42,268,0,1,7,-33.880749,150.807999,41,0,2,0,2,0,3,4,0,0,0,80,2,4552,985,8,5,40,1,0,2,0,0
1312226,2,2023,2023,3,5,3,2261,17,10,2252,0,1,2,-34.81562,149.441593,74,1,0,0,0,0,0,0,1,0,7,110,2,4552,5151,8,3,40,1,0,0,1,0
1312228,2,2022,2022,2,4,0,115,27,113,173,0,1,2,-34.361173,150.818353,80,0,2,0,0,0,0,0,0,0,7,100,2,1850,1463,5,16,40,1,0,0,1,0
1312233,1,2023,2023,4,3,7,3,31,293,34609,0,1,10,-33.941623,151.231731,59,0,2,1,0,0,0,0,2,0,0,50,0,775,775,4,0,5,2,0,0,0,1
1312235,1,2023,2023,3,5,8,8,31,92,34609,0,1,9,-33.410942,151.35289,16,2,2,0,0,0,0,0,2,0,0,50,0,57,57,1,5,0,2,0,0,0,2
1312236,1,2022,2022,1,5,11,2261,17,44,2252,0,1,2,-33.893417,150.960599,24,0,2,1,1,0,0,0,0,0,7,70,2,515,515,1,29,13,2,0,0,0,1
1312237,4,2023,2023,4,5,11,9,31,609,48,0,1,9,-33.766711,150.892796,7,0,2,1,2,0,3,3,0,0,7,60,1,5929,5929,1,16,13,2,0,1,0,1
1312238,2,2023,2023,3,0,7,123,36,10,49,0,1,1,-30.242874,151.134746,51,1,0,1,0,0,0,0,2,0,7,100,1,9859,9859,8,0,40,1,0,0,1,0
1312240,4,2022,2022,2,5,7,3371,17,207,3342,0,1,1,-33.560398,151.189143,31,0,2,0,0,0,0,0,2,0,7,80,2,4552,5151,8,0,40,1,0,1,0,0
1312241,2,2023,2023,4,2,5,9,31,120,34609,0,1,2,-32.180928,152.512262,43,2,1,1,1,0,3,3,2,0,7,50,0,340,340,9,33,28,2,0,0,1,0
1312242,2,2023,2023,3,6,11,829,27,159,770,0,1,10,-33.807358,151.086894,61,0,2,1,2,0,0,0,0,2,7,60,2,5929,5929,1,10,0,2,0,0,1,0
1312247,1,2022,2022,1,4,9,37,31,198,41,0,1,1,-33.917443,151.104254,15,0,2,1,2,0,3,3,0,0,7,50,1,14295,14295,3,5,5,3,0,0,0,1
1312252,4,2023,2023,3,0,7,230,27,197,284,0,1,10,-33.791336,151.130405,61,0,2,1,1,0,0,0,2,2,7,70,1,2852,2852,4,5,5,2,0,1,0,0
1312253,4,2023,2023,3,1,4,8,27,271,34609,0,1,1,-33.947301,151.008519,15,0,2,1,0,0,0,0,2,0,7,60,0,340,340,9,10,28,2,0,1,0,0
1312254,2,2023,2023,4,5,9,118,17,77,118,0,1,9,-30.313704,149.775817,51,2,1,1,2,0,3,4,3,0,7,50,2,4026,4026,1,26,9,2,0,0,1,0
1312257,4,2023,2023,4,2,5,15,27,102,69,0,1,1,-33.946511,151.209341,4,0,2,0,1,0,3,3,2,0,7,50,1,4552,5151,8,5,40,1,0,2,0,0
1312260,2,2022,2022,10,0,7,36,36,80,139,0,1,10,-34.523981,146.345884,51,1,0,0,0,0,3,4,2,0,7,100,2,4552,5151,8,34,40,1,0,0,1,0
1312261,2,2023,2023,3,6,4,204,31,252,34609,0,1,9,-33.888235,151.215408,69,0,2,1,0,0,0,0,2,0,15,40,0,6545,6545,4,10,27,2,0,0,1,0
1312262,2,2023,2023,3,2,5,16,36,54,43,0,1,1,-28.517596,153.528328,10,2,1,0,0,0,0,3,2,0,7,80,1,3775,3775,0,0,13,2,0,0,2,0
1312266,2,2022,2022,2,4,5,478,17,22,480,0,1,2,-33.333707,151.503701,16,2,2,0,1,0,0,0,2,0,7,70,2,4552,5151,8,0,40,1,0,0,1,0
1312268,4,2022,2022,10,6,7,230,27,100,284,0,1,2,-33.802107,151.145654,77,0,2,0,0,0,0,0,2,0,7,70,2,1192,1192,1,16,36,3,0,1,0,0
1312270,2,2023,2023,3,0,10,76,31,363,92,0,1,10,-33.820575,150.996011,54,0,2,1,2,0,0,0,3,0,7,60,1,9859,9859,1,5,41,3,0,0,1,0
1312271,2,2023,2023,3,6,4,192,10,57,114,0,1,2,-33.450296,151.362576,16,2,2,1,0,0,0,0,2,0,7,60,2,14295,14295,3,5,5,2,0,0,2,0
1312274,1,2023,2023,4,1,9,16,31,57,34609,0,1,10,-34.674206,150.848161,35,2,1,1,3,0,0,0,3,0,0,50,0,5929,5929,1,0,36,2,0,0,0,1
1312275,1,2023,2023,4,5,10,348,17,105,232,0,1,7,-32.599278,149.58698,44,2,1,0,3,0,0,0,0,0,0,50,2,6545,6545,4,5,5,2,0,0,0,1
1312282,2,2023,2023,3,0,4,1,27,15,34609,0,1,1,-31.112726,150.373117,51,2,1,1,0,2,0,0,2,0,7,80,0,945,945,5,0,40,1,0,0,1,0
1312284,2,2023,2023,4,2,8,110,27,29,173,0,1,9,-34.401854,150.880376,80,0,2,0,3,0,0,0,3,0,0,60,2,2852,2852,4,0,5,2,0,0,1,0
1312288,1,2023,2023,4,1,4,2126,17,149,2149,0,1,10,-33.81567,150.969464,21,0,2,1,3,0,3,4,2,2,7,80,2,14295,14295,3,5,5,2,0,0,0,1
1312294,2,2023,2023,4,1,5,71,27,19,69,0,1,1,-36.350749,148.769253,65,1,0,0,3,0,3,4,2,0,7,100,2,1282,1282,1,5,40,1,0,0,1,0
1312296,2,2022,2022,2,0,9,112,27,96,256,0,1,10,-34.049494,150.826967,13,0,2,1,3,0,0,0,0,2,7,60,2,14295,14295,3,5,36,2,0,0,1,0
1312297,1,2023,2023,4,0,8,14,27,609,34609,0,1,1,-33.771281,150.884222,7,0,2,1,3,0,0,0,3,0,7,50,0,14295,14295,3,5,0,3,0,0,0,1
1312300,2,2023,2023,4,1,8,1104,14,323,962,0,1,3,-33.791278,150.818459,7,0,2,1,3,0,3,4,3,0,7,110,2,14295,14295,3,0,5,2,0,0,1,0
1312301,2,2022,2022,10,3,5,1,27,2,34609,0,1,1,-36.036449,150.037511,23,1,0,1,3,2,0,0,2,0,7,100,0,1945,1945,5,16,40,1,0,0,1,0
1312309,1,2022,2022,2,2,5,168,17,13,212,0,1,9,-35.543486,149.932076,58,1,0,1,3,0,3,0,2,0,7,100,2,1669,1669,3,30,5,2,0,0,0,1
1312312,1,2023,2023,4,4,4,63,27,224,605,0,1,9,-33.814128,151.243916,45,0,2,1,3,0,0,0,2,2,7,60,2,14295,14295,3,5,0,2,0,0,0,1
1312314,1,2023,2023,3,6,9,361,32,290,42,0,1,1,-33.855151,150.984192,21,0,2,1,3,0,0,0,3,0,7,50,1,941,941,1,10,0,2,0,0,0,1
1312316,2,2023,2023,3,2,8,1,31,25,34609,0,1,9,-32.893505,151.684166,48,0,2,1,3,0,0,0,4,0,7,60,0,1669,1669,3,5,5,2,0,0,2,0
1312317,2,2023,2023,3,2,5,81,17,10,100,0,1,9,-34.427154,150.488106,78,2,1,1,3,0,0,0,2,0,0,80,2,775,775,4,10,0,2,0,0,1,0
1312319,1,2023,2023,4,0,2,475,31,169,41,0,1,10,-33.896138,151.206696,69,0,2,1,3,0,3,4,1,2,7,50,1,14295,14295,3,5,0,3,0,0,0,1
1312320,2,2023,2023,3,2,7,168,17,13,212,0,1,1,-35.482079,149.903822,58,1,0,0,3,0,0,0,2,0,7,100,2,380,714,5,0,40,1,0,0,2,0
1312322,2,2023,2023,4,1,5,2,27,18,34609,0,1,1,-33.010721,151.684019,37,0,2,1,3,0,3,0,2,0,7,50,0,4026,4026,1,10,41,2,0,0,1,0
1312323,1,2022,2022,9,0,6,19,31,445,34609,0,1,1,-33.850808,151.058738,54,0,2,1,3,0,0,0,2,0,7,60,0,1109,787,1,0,5,2,0,0,0,1
1312324,2,2022,2022,2,3,0,169,1,92,94,0,1,1,-33.88138,150.971576,24,0,2,1,2,0,3,4,0,0,7,60,1,9859,9859,8,5,40,1,0,0,1,0
1312327,1,2023,2023,4,5,9,35,27,155,34609,0,1,1,-33.488549,151.325897,16,2,2,1,3,0,0,0,3,0,7,40,0,14295,14295,3,5,0,3,0,0,0,1
1312328,4,2023,2023,4,3,5,6,31,26,34609,0,1,10,-33.107415,151.51827,37,0,2,1,3,0,0,0,2,0,15,50,0,9859,9859,8,5,40,1,0,1,0,0
1312334,1,2023,2023,4,0,5,3371,17,85,3342,0,1,9,-33.733813,151.131517,36,0,2,1,3,0,3,4,2,0,7,60,2,14295,14295,3,34,25,2,0,0,0,1
1312335,2,2023,2023,3,4,9,2126,17,445,2149,0,1,1,-33.851401,151.054826,21,0,2,1,3,0,0,0,3,0,7,60,2,1109,397,1,5,5,2,0,0,1,0
1312336,2,2023,2023,3,6,10,95,31,132,34609,0,1,10,-29.77681,151.127629,33,2,1,1,1,0,0,0,2,0,0,50,0,4026,4026,1,0,13,2,0,0,1,0
1312337,2,2022,2022,2,6,8,8,31,28,34609,0,1,1,-35.143135,147.345589,75,2,1,1,1,0,0,0,2,0,7,50,0,9859,9859,8,5,40,1,0,0,1,0
1312338,4,2023,2023,4,4,10,1052,27,104,262,0,1,2,-32.90892,151.701057,48,0,2,1,2,0,3,4,0,0,7,60,2,387,387,1,5,13,2,0,1,0,0
1312339,1,2023,2023,4,2,10,11,31,228,34609,0,1,1,-34.771236,149.710031,26,2,1,1,2,0,0,0,0,0,7,60,0,1945,1945,5,3,40,1,0,0,0,1
1312341,2,2023,2023,3,1,9,348,31,363,34609,0,1,7,-33.757397,150.697095,55,0,2,1,1,0,0,0,2,0,0,50,0,6545,6545,4,5,27,2,0,0,1,0
1312342,4,2022,2022,9,1,8,17,27,149,34609,0,1,9,-33.368771,151.360504,16,2,2,0,0,0,0,0,2,0,15,50,0,3775,3775,0,10,36,2,0,1,0,1
1312344,4,2023,2023,4,4,4,145,31,532,34609,0,1,10,-33.863366,151.211861,69,0,2,1,1,0,3,3,2,2,7,40,0,14295,14295,3,19,22,2,0,1,0,0
1312348,2,2022,2022,2,4,8,195,27,83,186,0,1,10,-33.894413,150.856964,41,0,2,1,0,0,0,0,2,3,7,70,2,14295,14295,3,0,5,4,0,0,1,0
1312351,4,2022,2022,2,0,9,51,31,77,5,0,1,1,-33.028349,151.655582,37,0,2,0,1,0,0,0,3,0,7,50,1,2585,4009,8,0,40,1,0,1,0,1
1312354,1,2023,2023,3,4,6,2126,17,179,2149,0,1,2,-33.760187,150.726977,55,0,2,1,1,0,0,0,2,0,7,60,2,3775,3775,0,22,36,2,0,0,0,1
1312355,2,2023,2023,4,5,10,2209,17,166,2205,0,1,9,-33.894074,151.182813,69,0,2,1,2,0,0,0,0,0,7,40,2,387,387,1,22,0,2,0,0,1,0
1312356,1,2023,2023,3,6,6,16,10,67,22,0,1,1,-33.396015,151.342704,16,2,2,0,3,0,0,0,2,0,7,60,1,1109,787,1,5,36,2,0,0,0,1
1312357,2,2023,2023,3,0,8,44,31,90,34609,0,1,7,-32.928137,151.74612,48,0,2,1,3,0,2,0,2,0,0,50,0,6545,6545,4,0,19,2,0,0,1,0
1312359,2,2022,2022,2,6,4,118,27,646,34609,0,1,1,-33.916285,151.033382,15,0,2,1,1,0,0,0,2,0,7,40,0,941,941,1,10,18,3,0,0,1,0
1312372,1,2023,2023,4,1,11,97,27,271,799,0,1,6,-33.936322,151.011254,15,0,2,1,3,0,0,0,0,0,9,60,2,2040,2040,9,5,28,2,0,0,0,1
1312373,4,2023,2023,3,5,4,916,17,25,917,0,1,1,-30.926434,151.12753,70,1,0,1,0,0,0,0,2,0,7,100,2,4026,4026,8,0,40,1,0,1,0,0
1312375,4,2023,2023,3,2,9,3,32,85,34609,0,1,1,-33.78882,150.669678,55,0,2,0,3,0,2,6,2,0,7,10,0,591,591,1,22,0,2,0,1,0,0
1312377,1,2023,2023,3,6,3,67,27,210,55,0,1,9,-34.033161,151.11022,68,0,2,1,3,0,0,0,2,0,0,60,2,1109,787,1,5,5,2,0,0,0,1
1312383,2,2023,2023,4,0,8,4,27,6,34609,0,1,1,-30.963335,151.393453,51,2,1,1,0,2,0,0,2,0,7,80,0,9859,9859,8,0,40,1,0,0,1,0
1312384,2,2023,2023,4,5,8,158,27,138,207,0,1,1,-33.872013,151.257167,81,0,2,1,0,0,0,0,2,0,7,60,2,190,190,1,5,0,2,0,0,1,0
1312386,2,2023,2023,4,0,6,30,10,42,26,0,1,10,-36.012804,146.362278,51,2,1,1,0,0,0,0,2,0,0,80,2,6545,6545,4,34,5,2,0,0,1,0
1312387,4,2023,2023,4,1,4,2,27,11,34609,0,1,1,-33.78546,151.212051,77,0,2,1,0,0,0,0,2,0,7,50,0,1981,1981,4,8,5,2,0,1,0,0
1312388,4,2023,2023,3,0,2,5,27,53,34609,0,1,1,-30.664629,152.952697,47,2,1,0,0,0,0,0,0,0,7,80,0,4552,5151,8,5,40,1,0,1,0,0
1312390,2,2022,2022,2,2,3,3,10,92,34609,0,1,7,-33.743135,150.963425,71,0,2,0,1,0,0,0,2,0,0,50,0,1850,985,5,0,40,1,0,0,1,0
1312394,2,2023,2023,4,3,6,3,27,92,34609,0,1,1,-33.397384,151.349136,16,2,2,0,0,0,3,2,2,0,7,50,0,3775,3775,0,0,5,2,0,0,2,1
1312398,4,2023,2023,4,5,9,3,27,2,34609,0,1,1,-31.889899,148.594765,51,2,1,1,0,2,0,0,3,0,7,80,0,4026,4026,8,10,40,1,0,1,0,0
1312399,4,2022,2022,2,6,0,13,27,25,34609,1,0,1,-33.74416,150.810785,7,0,2,1,2,0,0,0,0,0,9,50,0,9859,9859,8,0,40,2,0,1,2,1
1312402,4,2023,2023,4,3,9,2261,17,31,2252,0,1,9,-35.105607,148.063233,20,1,0,0,0,0,3,4,2,0,7,110,2,380,714,5,30,40,1,0,2,0,0
1312403,2,2023,2023,4,5,5,348,17,105,232,0,1,7,-32.599213,149.587109,44,2,1,1,0,0,0,0,2,0,0,50,2,6545,6545,4,5,0,2,0,0,1,0
1312406,4,2023,2023,3,6,2,112,27,31,256,0,1,7,-34.030829,150.830415,13,0,2,0,2,0,0,0,1,0,0,70,2,14295,14295,3,10,18,2,0,1,0,0
1312407,2,2023,2023,4,2,10,92,27,55,36,0,1,1,-35.708641,150.178851,23,2,1,1,2,0,0,0,3,0,7,50,1,1282,1282,1,0,41,2,0,0,1,0
1312410,4,2023,2023,4,2,9,27,27,54,65,0,1,1,-33.701691,151.005037,71,0,2,1,0,0,0,0,2,0,7,60,1,3775,3775,0,0,0,2,0,1,2,2
1312414,2,2023,2023,3,6,5,46,31,273,34609,0,1,1,-34.421237,150.89178,80,0,2,1,1,0,0,0,2,0,7,50,0,28,28,1,5,27,2,0,0,1,0
1312416,2,2023,2023,3,2,7,2126,17,33,2149,0,1,2,-33.718602,150.442042,8,2,2,0,1,0,0,0,2,0,7,70,2,14295,14295,3,0,0,2,0,0,1,0
1312422,4,2023,2023,4,4,4,1,31,65,34609,1,0,1,-34.482391,150.879213,80,0,2,1,1,0,0,0,2,0,7,50,0,14295,14295,3,9,19,2,0,1,1,0
1312427,4,2022,2022,2,0,10,4,6,53,34609,0,1,1,-33.362999,151.434342,16,2,2,1,2,0,0,0,0,0,7,50,0,489,489,8,5,40,1,0,2,0,1
1312431,1,2023,2023,4,4,6,10,27,463,34609,0,1,1,-30.285682,153.132597,19,2,1,1,1,0,0,0,2,0,7,50,0,1669,1669,3,0,25,2,0,0,0,1
1312432,2,2023,2023,3,4,7,39,27,169,147,0,1,1,-28.636982,153.571621,10,2,1,1,0,0,0,0,2,0,7,80,1,14295,14295,3,0,13,4,0,0,1,1
1312435,2,2023,2023,3,6,4,192,10,57,114,0,1,2,-33.448959,151.365056,16,2,2,1,0,0,0,0,2,0,7,60,2,1192,1192,1,5,0,3,0,0,1,2
1312440,2,2022,2022,9,1,5,45,27,110,45,0,1,9,-33.743496,151.047112,31,0,2,1,1,0,0,0,2,2,7,60,2,5929,5929,1,0,19,2,0,0,1,0
1312446,2,2023,2023,4,0,8,74,27,609,163,0,1,2,-33.778184,150.911758,7,0,2,1,1,0,3,4,2,0,7,60,2,9859,9859,8,5,40,1,0,0,1,0
1312450,2,2022,2022,10,1,11,98,31,100,159,0,1,10,-33.95705,151.147148,4,0,2,1,2,0,3,4,0,2,7,60,2,14295,14295,3,10,0,2,0,0,1,0
1312451,1,2022,2022,9,0,7,36,31,218,70,0,1,9,-33.767638,150.779989,55,0,2,1,1,0,0,0,2,2,7,60,1,14295,14295,3,5,0,2,0,0,0,1
1312456,4,2022,2022,2,0,11,18,27,53,66,0,1,1,-31.873595,152.361043,43,2,1,1,2,0,0,0,0,0,7,50,1,190,190,1,0,35,2,0,1,1,0
1312457,2,2022,2022,2,2,11,9,1,68,34609,0,1,1,-33.706261,149.875254,51,2,1,1,2,0,0,0,0,0,7,50,0,945,945,5,5,40,1,0,0,1,0
1312459,2,2022,2022,2,6,5,79,10,43,231,0,1,9,-33.445972,151.328152,16,2,2,1,1,0,0,0,2,2,7,60,2,14295,14295,3,5,5,2,0,0,1,0
1312460,4,2022,2022,2,3,7,47,31,82,34609,0,1,10,-34.370317,150.899304,80,0,2,1,0,0,0,0,2,0,7,50,0,1945,1945,5,15,40,1,0,1,0,0
1312461,2,2022,2022,2,2,7,10,31,25,34609,0,1,1,-35.038682,150.669866,63,2,1,1,1,0,0,0,2,0,7,50,0,941,941,1,10,19,2,0,0,1,0
1312462,2,2023,2023,4,1,9,23,27,36,38,0,1,1,-33.606975,148.66271,51,1,0,1,0,0,0,0,2,0,7,100,2,475,475,5,30,40,1,0,0,2,1
1312467,4,2022,2022,9,0,4,80,27,316,50,0,1,10,-33.911119,151.235854,59,0,2,1,1,0,0,0,2,2,7,60,2,14295,14295,3,9,19,2,0,1,0,1
1312469,2,2022,2022,9,0,5,4,27,210,34609,0,1,2,-34.035237,151.098398,68,0,2,1,1,0,0,0,2,0,7,50,0,238,238,9,0,28,3,0,0,1,1
1312471,4,2022,2022,2,0,6,1,27,103,34609,0,1,1,-32.939564,151.651234,37,0,2,0,1,0,0,0,2,0,7,50,0,4552,5151,8,16,40,1,0,1,0,0
1312472,1,2023,2023,4,3,5,34,27,96,25,0,1,1,-35.359891,149.233242,58,2,1,1,0,0,3,4,2,0,7,50,1,9859,9859,1,5,5,2,0,0,0,1
1312476,4,2022,2022,2,6,2,330,27,121,102,0,1,2,-33.787632,151.28439,50,0,2,0,2,0,0,0,0,0,7,50,2,2585,4009,1,5,36,4,0,1,0,0
1312477,2,2022,2022,2,2,8,8,27,3,34609,0,1,1,-32.283556,152.451657,43,2,1,1,0,0,0,0,2,0,7,80,0,4026,4026,8,10,40,1,0,0,1,0
1312478,2,2022,2022,2,0,3,34,31,98,260,0,1,9,-33.010244,151.593669,37,0,2,1,1,0,0,0,2,1,7,60,2,14295,14295,3,9,0,4,0,0,1,0
1312480,4,2022,2022,2,1,8,23,31,37,23,1,0,1,-33.89661,151.255387,76,0,2,1,1,0,0,0,2,0,7,50,1,5929,5929,1,5,18,2,0,1,0,0
1312481,4,2023,2023,4,1,0,32,27,72,563,0,1,1,-34.007531,151.012539,68,0,2,1,2,0,0,0,0,0,7,80,2,9859,9859,8,0,40,1,0,1,0,0
1312484,4,2022,2022,9,0,4,43,27,89,34609,0,1,9,-33.904492,151.232356,59,0,2,0,1,0,0,0,2,0,15,30,0,1850,1463,5,22,40,1,0,1,0,0
1312485,2,2023,2023,4,4,4,150,27,173,415,0,1,10,-33.787612,151.12591,61,0,2,1,1,0,3,0,2,2,7,70,2,4026,4026,8,5,40,1,0,0,1,0
1312490,1,2023,2023,4,3,5,145,27,125,34609,0,1,7,-33.864426,151.078675,67,0,2,1,1,0,0,0,2,0,0,50,0,5929,5929,1,5,0,2,0,0,0,2
1312491,4,2022,2022,2,3,9,1,1,48,34609,0,1,1,-32.727819,152.130838,57,2,1,1,0,0,0,0,2,0,7,50,0,9859,9859,1,16,5,2,0,1,0,0