Crash ID,Degree of crash - detailed,Reporting year,Year of crash,Month of crash,Day of week of crash,Two-hour intervals,Street of crash,Street type,Town,Route no.,School zone location,School zone active,Type of location,Latitude,Longitude,LGA,Urbanisation,Conurbation 1,Alignment,Street lighting,Road surface,Surface condition,Weather,Natural lighting,Signals operation,Other traffic control,Speed limit,Road classification,RUM - code,DCA - code,First impact type,Key TU type,Other TU type,No. of traffic units involved,No. killed,No. seriously injured,No. moderately injured,No. minor-other injured
1312492,4,2022,2022,2,0,5,3371,17,54,3342,0,1,1,-33.232429,151.502474,16,2,2,1,1,0,0,0,2,0,7,60,2,14295,14295,3,5,5,3,0,1,0,0
1312493,4,2022,2022,2,4,4,19,27,201,42,0,1,9,-34.88869,150.598016,63,2,1,1,1,0,0,0,2,0,15,60,1,5929,5929,1,5,19,2,0,1,0,0
1312494,2,2022,2022,2,0,8,23,27,16,49,0,1,9,-29.860103,151.115894,33,1,0,1,0,0,0,0,2,0,0,100,1,9859,9859,8,5,40,1,0,0,1,0
1312495,4,2022,2022,10,1,3,36,27,5,39,0,1,9,-32.505754,148.975369,22,1,0,1,1,0,0,3,2,0,7,100,2,5929,5929,1,5,5,2,0,1,1,0
1312497,2,2022,2022,9,5,3,34,31,77,34609,1,0,1,-33.035134,151.661835,37,0,2,1,1,0,0,0,2,0,7,50,0,9859,9859,1,0,0,2,0,0,1,0
1312498,4,2022,2022,9,2,3,1,27,1,34609,0,1,2,-34.918843,148.52996,20,1,0,0,0,0,0,0,2,0,7,100,0,2585,4009,8,10,40,1,0,1,0,0
1312500,4,2022,2022,2,3,5,8,27,13,34609,0,1,1,-33.520084,149.926346,40,2,1,0,0,0,0,0,2,0,7,80,0,1850,1463,5,16,40,2,0,1,1,0
1312501,4,2022,2022,9,6,1,1052,14,207,928,0,1,3,-33.567852,151.192345,31,0,2,1,0,0,0,0,0,0,7,110,2,9859,9859,8,0,40,1,0,1,0,0
1312502,4,2022,2022,9,3,5,475,31,166,34609,0,1,10,-33.413517,149.583193,3,2,1,1,1,0,3,4,2,0,0,50,0,6545,6545,4,5,19,2,0,1,0,0
1312508,2,2022,2022,9,4,4,6,31,87,34609,0,1,1,-34.054819,151.153319,68,0,2,1,1,0,0,0,2,2,9,50,0,591,591,1,22,5,2,0,0,1,0
1312509,4,2022,2022,2,6,10,45,31,194,13,0,1,7,-30.508735,151.670988,1,2,1,1,2,0,0,0,3,0,0,50,1,591,591,1,22,13,2,0,1,0,1
1312512,4,2022,2022,2,1,0,5,31,35,34609,0,1,1,-30.022664,148.11165,51,2,1,1,0,2,0,0,0,0,7,50,0,9859,9859,8,16,40,1,0,1,1,0
1312514,4,2022,2022,2,5,6,175,27,55,220,0,1,2,-33.751395,150.91556,7,0,2,1,1,0,0,0,2,0,7,70,2,1981,1981,4,9,19,2,0,1,0,0
1312518,4,2023,2023,4,2,7,1,31,80,34609,0,1,1,-34.557157,146.411091,51,2,1,1,1,0,0,0,2,0,7,50,0,312,312,2,0,40,1,0,1,1,0
1312519,2,2022,2022,2,5,8,18,36,15,3,0,1,1,-35.319173,146.281754,51,1,0,0,0,0,0,0,2,0,7,100,1,1259,5151,8,0,40,1,0,0,1,0
1312520,4,2022,2022,9,2,10,9,27,23,34609,0,1,1,-34.616265,150.834743,62,0,2,0,2,0,0,0,0,0,7,80,0,4552,5151,8,16,40,1,0,1,0,0
1312521,4,2023,2023,4,3,1,2209,17,137,2205,0,1,9,-34.036903,151.065701,68,0,2,0,2,0,0,0,0,0,7,70,2,1957,4009,8,5,40,1,0,1,0,0
1312524,4,2023,2023,4,6,8,7,31,58,34609,0,1,9,-32.984154,151.679076,37,0,2,1,1,0,0,0,2,0,15,50,0,5929,5929,1,5,0,2,0,1,3,0
1312527,2,2022,2022,9,2,9,36,31,363,31,0,1,9,-33.818427,151.014777,54,0,2,1,1,0,0,0,3,2,7,60,1,3775,3775,0,10,0,2,0,0,1,0
1312529,4,2022,2022,9,2,1,2209,17,106,2205,0,1,2,-33.887037,151.193622,69,0,2,0,2,0,0,0,0,0,7,50,2,1957,4009,8,5,40,1,0,1,0,0
1312530,4,2022,2022,9,2,8,3,27,2,41,0,1,1,-33.735369,148.237823,51,1,0,0,0,0,0,0,2,0,7,100,1,4552,5151,8,16,40,1,0,1,0,0
1312531,1,2022,2022,9,6,6,82,27,78,103,0,1,1,-28.33392,153.3842,72,2,1,0,3,0,2,6,2,0,7,50,1,1957,4009,8,5,40,1,0,0,0,1
1312534,4,2022,2022,9,6,6,344,27,89,382,0,1,1,-33.658425,150.795626,29,2,2,1,0,0,0,0,2,0,7,80,2,3775,3775,0,5,5,2,0,1,0,0
1312536,4,2022,2022,9,3,0,53,27,134,51,0,1,9,-33.516054,151.317609,16,2,2,1,2,0,0,0,0,0,7,60,1,368,368,9,33,28,2,0,1,0,0
1312542,4,2022,2022,2,4,2,112,27,16,769,0,1,1,-33.549687,150.680209,29,2,2,1,2,0,3,0,1,0,7,60,2,3775,3775,0,30,10,2,0,4,1,1
1312544,2,2023,2023,4,4,7,191,17,562,189,0,1,7,-32.241342,148.622268,22,2,1,1,0,0,0,0,2,0,0,60,2,5929,5929,1,21,19,2,0,0,1,0
1312545,2,2023,2023,4,3,1,1,31,523,34609,0,1,1,-33.933237,150.912459,41,0,2,1,2,0,0,0,0,0,7,50,0,9859,9859,1,10,13,4,0,0,1,0
1312546,2,2022,2022,2,2,5,1,10,167,34609,0,1,9,-33.828063,151.073677,54,0,2,1,2,0,0,0,2,0,7,50,0,14295,14295,3,5,5,2,0,0,1,0
1312547,2,2022,2022,2,6,4,39,27,2,43,0,1,1,-32.580814,149.594052,44,2,1,1,1,0,0,0,2,0,7,80,1,4026,4026,8,9,40,1,0,0,1,0
1312548,4,2023,2023,4,3,7,3371,17,207,3342,0,1,1,-33.56844,151.191735,31,0,2,0,0,0,0,0,2,0,7,80,2,4552,5151,8,16,40,1,0,1,0,0
1312550,2,2022,2022,9,0,4,4,31,145,37,0,1,7,-33.917276,151.119495,15,0,2,1,1,0,0,0,2,0,0,50,1,6545,6545,4,5,27,2,0,0,1,0
1312552,4,2022,2022,9,6,11,20,27,132,148,0,1,1,-34.066537,151.056786,68,0,2,0,0,0,0,0,0,0,7,60,2,1957,4009,8,16,40,1,0,1,0,0
1312555,4,2022,2022,9,2,11,2261,17,243,2252,0,1,10,-33.940616,150.91229,41,0,2,1,2,0,0,0,0,2,9,70,2,2040,2040,9,10,28,2,0,1,1,0
1312559,4,2022,2022,2,5,8,103,27,149,167,0,1,10,-33.987513,151.134911,4,0,2,1,1,0,0,1,2,2,7,60,2,5929,5929,1,16,5,2,0,1,0,0
1312560,2,2022,2022,2,6,8,16,27,337,9,0,1,10,-33.722244,150.987302,71,0,2,1,1,0,0,0,2,2,7,60,1,5929,5929,1,9,19,2,0,0,1,0
1312562,4,2022,2022,2,0,8,2209,17,34,2205,0,1,1,-37.036345,149.899335,5,2,1,0,0,0,0,0,2,0,7,60,2,14295,14295,3,10,5,3,0,1,0,1
1312566,1,2022,2022,9,6,5,45,27,304,96,0,1,10,-33.909724,151.162208,32,0,2,1,1,0,0,0,2,2,9,60,2,2040,2040,9,10,28,2,0,0,0,1
1312568,2,2022,2022,9,3,7,168,17,13,212,0,1,1,-35.542029,149.931754,58,1,0,0,0,0,2,6,2,0,7,100,2,4552,5151,8,10,40,1,0,0,1,0
1312569,1,2023,2023,3,0,8,3,6,79,34609,0,1,1,-34.90525,150.611708,63,2,1,1,1,0,3,4,2,0,7,50,0,340,340,9,10,28,2,0,0,0,1
1312573,1,2022,2022,10,3,5,50,36,5,43,0,1,1,-36.452987,148.434191,65,2,1,0,0,0,0,0,2,0,7,60,2,2585,4009,8,16,40,1,0,0,0,1
1312576,4,2022,2022,9,2,5,2209,17,7,2205,0,1,1,-36.338685,150.040275,23,1,0,1,0,0,0,0,2,0,7,100,2,1945,1945,5,16,40,1,0,1,0,0
1312577,4,2023,2023,4,1,5,3,27,26,34609,0,1,1,-34.860358,150.578039,63,2,1,1,1,0,0,0,2,0,7,60,0,9859,9859,1,30,13,2,0,1,0,0
1312581,2,2023,2023,3,6,4,16,31,64,18,0,1,1,-33.956363,150.999886,15,0,2,1,3,0,0,0,2,0,7,50,1,945,945,5,30,40,1,0,0,1,0
1312583,2,2023,2023,4,1,8,53,36,13,34,0,1,1,-33.292749,148.709317,11,1,0,1,0,0,0,0,2,0,7,100,2,3775,3775,0,5,0,2,0,0,1,1
1312590,2,2023,2023,3,6,4,55,1,167,34609,0,1,2,-33.85271,151.076119,54,0,2,1,3,0,0,0,2,0,7,60,0,14295,14295,3,10,5,3,0,0,1,1
1312595,1,2023,2023,4,5,7,54,31,225,62,0,1,10,-33.787065,151.19313,77,0,2,1,3,0,0,0,2,2,7,60,2,5929,5929,1,5,5,2,0,0,0,1
1312596,2,2023,2023,3,2,5,2209,17,157,2205,0,1,9,-34.013669,151.094346,68,0,2,1,3,0,0,0,2,0,0,70,2,2852,2852,4,5,5,2,0,0,1,0
1312598,1,2022,2022,9,4,7,37,1,198,29,0,1,1,-33.904111,151.099453,15,0,2,1,1,0,0,0,2,0,7,50,1,941,941,1,5,18,2,0,0,0,1
1312600,2,2022,2022,2,5,8,2,18,32,34609,0,1,9,-32.358019,149.545255,44,2,1,1,1,0,0,0,2,0,7,50,0,2585,777,8,10,40,1,0,0,1,0
1312601,4,2022,2022,9,1,11,118,31,188,34609,0,1,7,-33.931463,151.090454,15,0,2,1,2,0,0,3,0,0,0,50,0,6545,6545,4,0,5,2,0,1,1,0
1312602,1,2023,2023,3,4,6,12,27,121,15,1,0,1,-33.786699,151.280931,50,0,2,1,3,0,0,0,2,0,7,50,1,14295,14295,3,5,5,2,0,0,0,1
1312606,4,2022,2022,2,2,7,1,27,6,34609,0,1,1,-36.154966,148.157884,66,1,0,1,0,0,0,0,2,0,7,100,0,1945,1945,5,16,40,1,0,1,0,0
1312608,2,2023,2023,3,4,5,7,31,179,34609,0,1,7,-31.910662,152.456943,43,2,1,1,1,0,0,0,2,0,0,50,0,6545,6545,4,0,18,2,0,0,1,0
1312609,1,2023,2023,3,1,4,46,1,43,34609,0,1,9,-33.773095,151.263957,50,0,2,1,0,0,0,0,2,0,7,50,0,121,121,9,33,28,2,0,0,0,1
1312612,4,2022,2022,10,5,8,5,27,2,34609,0,1,1,-32.330893,152.180101,43,2,1,0,0,0,3,5,3,0,7,60,0,1850,1463,5,16,40,1,0,1,0,0
1312614,4,2023,2023,3,6,3,31,27,3,46,0,1,1,-33.479294,150.250489,40,2,1,0,0,0,3,4,2,0,7,80,2,3775,3775,0,5,5,2,0,2,0,0
1312616,2,2023,2023,3,5,4,10,27,7,34609,0,1,1,-31.426326,152.718069,56,2,1,0,0,0,3,3,2,0,7,80,0,418,714,5,5,40,1,0,0,1,0
1312620,4,2023,2023,4,5,5,512,17,433,441,0,1,7,-33.282819,149.093791,52,2,1,1,0,0,0,0,2,0,0,50,2,6545,6545,4,30,13,2,0,1,0,0
1312622,2,2022,2022,9,2,4,15,27,77,34609,0,1,1,-33.532739,151.197128,16,2,2,0,1,0,0,0,2,0,7,50,0,2585,4009,8,21,40,1,0,0,1,0
1312623,4,2023,2023,4,4,8,5,27,2,34609,0,1,1,-35.923523,148.242852,66,2,1,1,0,2,0,0,2,0,7,80,0,1945,1945,5,10,40,1,0,1,0,0
1312626,1,2022,2022,2,6,7,204,27,246,34609,0,1,2,-33.919833,151.187904,69,0,2,1,1,0,0,0,2,0,7,60,0,945,945,5,15,40,1,0,0,0,1
1312627,2,2023,2023,3,4,4,2,6,11,34609,0,1,1,-29.35882,153.273753,18,2,1,1,0,0,0,0,2,0,7,50,0,238,238,9,10,28,2,0,0,1,0
1312629,2,2022,2022,2,1,6,149,27,294,198,0,1,1,-33.940169,150.941336,41,0,2,1,0,0,0,0,2,0,7,60,2,14295,14295,3,5,25,2,0,0,2,0
1312630,2,2023,2023,3,6,3,35,27,3,24,0,1,1,-32.804062,149.469141,44,1,0,0,0,0,0,0,2,0,7,100,1,1957,4009,8,9,40,1,0,0,1,0
1312633,4,2022,2022,9,2,3,515,14,197,518,0,1,3,-33.943006,151.077636,15,0,2,0,0,0,0,0,2,0,7,80,2,1383,1383,1,10,5,2,0,1,1,0
1312635,2,2023,2023,3,3,5,6,10,96,34609,0,1,1,-33.436607,151.405775,16,2,2,1,0,0,0,0,2,0,7,50,0,1109,787,1,0,19,2,0,0,1,0
1312636,2,2023,2023,3,6,4,5,1,562,34609,0,1,10,-32.264241,148.614436,22,2,1,1,1,0,0,0,2,0,0,50,0,6545,6545,4,5,41,2,0,0,2,0
1312637,2,2023,2023,3,6,6,106,27,76,106,0,1,2,-33.926151,150.855006,41,0,2,1,3,0,0,0,2,0,7,70,2,14295,14295,3,0,0,2,0,0,1,0
1312645,2,2023,2023,3,6,8,220,27,44,222,0,1,2,-33.78686,150.973472,54,0,2,1,3,0,0,0,2,0,7,80,2,14295,14295,3,5,0,3,0,0,1,0
1312648,1,2023,2023,3,2,4,43,31,104,117,0,1,10,-32.910407,151.705178,48,0,2,1,3,0,0,0,2,0,0,60,2,14295,14295,3,9,5,3,0,0,0,1
1312651,2,2023,2023,3,6,4,17,1,106,34609,0,1,9,-34.57234,150.801465,62,0,2,1,3,0,0,0,2,0,7,50,0,2852,2852,4,5,5,2,0,0,1,1
1312653,4,2023,2023,3,3,5,109,36,10,108,0,1,9,-28.379284,153.419963,72,1,0,1,3,0,0,0,2,0,7,90,1,1945,1945,5,16,40,1,0,1,0,0
1312656,1,2022,2022,2,3,9,500,27,293,799,0,1,9,-33.932471,151.044852,15,0,2,1,3,0,0,0,3,2,7,60,2,14295,14295,3,0,13,2,0,0,0,1
1312658,1,2023,2023,4,2,7,2209,17,59,2205,1,0,1,-34.326993,150.913332,80,0,2,1,3,0,0,0,2,0,7,60,2,1282,1282,1,30,5,2,0,0,0,1
1312659,4,2023,2023,3,1,4,14,10,316,34609,0,1,9,-31.434457,152.888331,56,2,1,0,0,0,0,0,2,0,15,50,0,2852,2852,4,5,13,2,0,1,0,0
1312661,1,2023,2023,4,0,8,49,27,111,62,0,1,2,-33.70269,150.870373,7,0,2,1,3,0,0,0,2,0,7,50,2,14295,14295,3,0,13,2,0,0,0,1
1312663,1,2023,2023,3,1,6,191,27,193,208,0,1,9,-33.792103,151.089377,61,0,2,0,3,0,3,0,2,2,7,60,2,1669,1669,3,5,36,3,0,0,0,1
1312666,1,2023,2023,4,0,5,330,23,293,112,0,1,10,-33.941589,151.239108,59,0,2,1,3,0,3,4,2,2,7,60,2,14295,14295,3,0,0,2,0,0,0,1
1312668,4,2023,2023,4,0,10,4,31,95,20,0,1,9,-33.744599,150.843725,7,0,2,1,1,0,0,0,0,0,0,60,1,926,926,4,5,5,4,0,1,0,0
1312669,2,2023,2023,3,6,2,47,31,166,34609,0,1,1,-33.407106,149.574773,3,2,1,1,1,0,0,3,1,0,7,60,0,14295,14295,3,0,0,2,0,0,1,0
1312673,2,2023,2023,4,1,6,110,27,55,10,0,1,7,-33.93198,150.896011,41,0,2,1,3,0,0,0,2,0,0,50,0,6545,6545,4,8,5,2,0,0,1,0
1312677,2,2023,2023,3,1,7,2126,17,104,2149,0,1,9,-33.834451,151.020798,54,0,2,1,0,0,0,0,2,2,7,60,2,14295,14295,3,5,18,2,0,0,1,0
1312679,2,2023,2023,3,4,11,3,31,49,34609,0,1,1,-32.997063,151.67944,37,0,2,1,0,0,0,0,0,0,7,50,0,186,186,9,5,28,2,0,0,1,0
1312684,2,2023,2023,3,4,8,45,31,39,34609,0,1,10,-31.078288,152.827942,34,2,1,1,1,0,0,0,2,0,0,50,0,6545,6545,4,10,5,2,0,0,1,0
1312686,2,2023,2023,3,4,3,2126,17,445,2149,0,1,10,-33.854838,151.061433,21,0,2,1,1,0,0,0,1,2,7,60,2,14295,14295,3,5,5,2,0,0,1,0
1312688,4,2023,2023,4,6,5,1,31,6,34609,0,1,10,-33.838994,151.195722,49,0,2,1,0,0,0,0,2,0,15,50,0,2852,2852,4,5,5,2,0,1,0,0
1312690,2,2023,2023,3,1,4,348,17,105,232,0,1,1,-32.589376,149.577572,44,2,1,1,1,0,0,0,2,0,7,50,2,1109,787,1,5,13,2,0,0,2,0
1312692,2,2023,2023,3,2,3,128,27,74,133,0,1,9,-33.766227,150.679596,55,0,2,1,1,0,0,0,2,2,7,60,2,5929,5929,1,5,5,3,0,0,1,0
1312693,2,2023,2023,4,5,6,280,10,237,240,0,1,9,-33.876956,150.965672,24,0,2,1,1,0,0,0,2,2,7,60,2,2852,2852,4,5,13,2,0,0,1,2
1312694,1,2022,2022,1,5,4,344,27,609,163,0,1,1,-33.763503,150.901565,7,0,2,1,0,0,0,0,2,0,7,60,2,14295,14295,3,0,10,2,0,0,0,1
1312695,4,2023,2023,3,1,5,866,17,44,793,0,1,9,-33.794385,150.983214,54,0,2,1,0,0,0,0,2,3,7,70,2,1850,985,5,8,40,1,0,1,0,0
1312698,4,2023,2023,4,5,0,2,10,20,34609,0,1,9,-33.982439,151.088785,25,0,2,0,2,0,0,0,0,0,7,50,0,1850,777,5,10,40,1,0,1,0,0
1312700,4,2023,2023,4,0,0,2126,17,438,2149,0,1,10,-33.837919,151.026996,21,0,2,1,2,0,0,0,0,2,7,60,2,5929,5929,1,5,5,2,0,1,1,0
1312701,4,2022,2022,9,2,9,37,27,96,34609,0,1,9,-34.064846,150.834548,13,0,2,1,1,0,0,0,3,0,0,60,0,1282,1282,1,16,25,2,0,1,0,0
1312705,4,2023,2023,4,0,8,115,27,73,46,0,1,1,-34.190867,150.628743,79,2,2,0,1,0,0,3,2,0,7,80,2,3775,3775,0,5,0,2,0,1,1,0
1312707,2,2023,2023,4,5,10,11,31,169,147,0,1,7,-28.650068,153.613126,10,2,1,0,2,0,3,4,0,0,0,50,1,1282,1282,1,10,27,2,0,0,1,0
1312709,1,2023,2023,4,1,6,18,27,239,34609,0,1,7,-34.046758,151.122744,68,0,2,1,3,0,0,0,2,0,0,50,0,1391,1391,1,0,0,2,0,0,0,1
1312710,2,2023,2023,3,4,7,866,17,110,793,0,1,10,-33.754091,151.047633,71,0,2,1,3,0,0,0,2,2,7,70,2,14295,14295,3,5,5,2,0,0,1,0
1312711,1,2023,2023,3,4,8,126,27,370,168,0,1,2,-34.067578,150.802183,13,0,2,1,1,0,0,0,2,0,7,60,2,14295,14295,3,34,5,2,0,0,0,1
1312712,4,2023,2023,4,1,6,171,1,65,22,0,1,1,-33.801146,150.95656,54,0,2,1,1,0,0,0,2,0,7,60,1,3775,3775,0,5,13,4,0,3,0,2
1312713,2,2023,2023,4,0,7,478,17,128,480,0,1,2,-33.428513,151.30912,16,2,2,0,3,0,0,0,2,0,7,60,2,1850,1463,5,29,40,1,0,0,1,0
1312714,1,2023,2023,4,0,9,2,27,15,34609,0,1,1,-30.227972,153.148468,19,2,1,0,2,0,0,0,3,0,7,60,0,1957,4009,8,5,40,1,0,0,0,1
1312716,2,2023,2023,4,2,4,103,27,438,563,0,1,2,-33.844713,151.042547,21,0,2,1,3,0,0,0,2,0,7,70,2,1391,1391,1,10,0,2,0,0,1,0
1312719,2,2023,2023,3,5,3,103,27,13,33,0,1,1,-32.624488,151.136016,64,1,0,1,3,0,0,0,1,0,7,100,1,9859,9859,8,5,40,1,0,0,1,0
1312721,2,2023,2023,4,2,9,1,31,187,34609,0,1,1,-33.888202,150.986143,15,0,2,1,1,0,0,3,2,0,7,50,0,4026,4026,1,5,40,2,0,0,1,0
1312723,2,2023,2023,3,0,10,296,27,460,293,0,1,9,-33.838501,150.999892,21,0,2,1,3,0,0,0,0,2,7,70,2,775,775,4,5,5,2,0,0,1,0
1312724,2,2023,2023,4,0,4,478,17,96,480,1,0,2,-33.438499,151.380745,16,2,2,0,0,0,0,0,2,2,7,60,2,1981,1981,4,0,27,2,0,0,1,0
1312725,1,2023,2023,4,6,11,133,17,6,121,0,1,1,-35.613804,149.152186,65,1,0,0,0,0,0,0,0,0,7,100,2,1089,1089,7,30,40,1,0,0,0,1
1312726,2,2022,2022,2,6,10,22,27,44,34609,0,1,9,-33.208264,151.50622,16,2,2,1,1,0,0,0,3,0,7,50,0,312,312,2,10,40,1,0,0,1,0
1312727,4,2022,2022,2,4,5,387,36,86,69,0,1,9,-33.738806,151.220138,50,0,2,1,1,0,0,0,2,2,15,70,2,5929,5929,1,5,10,2,0,1,0,1
1312728,4,2023,2023,3,4,9,27,10,7,20,0,1,1,-33.331298,151.402949,16,2,2,1,2,0,3,4,3,0,7,80,1,9859,9859,8,5,40,1,0,1,0,0
1312731,2,2023,2023,3,1,9,916,17,37,917,0,1,7,-32.667856,151.362525,17,2,1,0,0,0,0,0,2,0,0,80,2,14295,14295,3,0,36,2,0,0,1,0
1312732,2,2023,2023,4,6,5,15,31,84,34609,0,1,1,-33.897364,151.27134,76,0,2,1,0,0,0,0,2,0,7,50,0,1282,1282,1,10,27,2,0,0,1,0
1312736,1,2023,2023,4,0,8,229,14,110,237,0,1,3,-33.764563,151.028995,71,0,2,0,3,0,0,0,2,0,7,100,2,1192,1192,1,5,13,2,0,0,0,1
1312737,4,2023,2023,3,1,5,19,27,55,34609,0,1,1,-33.788787,150.882571,7,0,2,1,0,0,0,0,2,0,7,50,0,5929,5929,1,8,10,2,0,1,1,0
1312741,1,2023,2023,4,5,10,220,27,104,222,0,1,2,-33.740928,150.947104,7,0,2,1,2,0,3,4,0,0,7,80,2,14295,14295,3,10,0,2,0,0,0,1
1312742,2,2022,2022,2,2,8,3,31,94,34609,0,1,9,-33.886028,150.924713,24,0,2,1,1,0,0,0,2,0,0,50,0,6545,6545,4,5,5,2,0,0,1,0
1312745,2,2023,2023,3,1,5,2209,17,76,2205,0,1,1,-35.345133,150.469499,63,2,1,1,1,0,0,3,2,0,7,60,2,9859,9859,8,0,40,1,0,0,1,0
1312746,4,2023,2023,3,1,5,3,27,4,34609,0,1,1,-34.86243,150.660371,63,2,1,1,0,0,0,3,2,0,7,80,0,623,623,3,30,37,2,0,1,0,0
1312748,2,2023,2023,3,4,11,10,31,143,34609,0,1,9,-33.702463,151.100066,31,0,2,1,2,0,0,0,0,0,7,50,0,9859,9859,8,5,40,1,0,0,1,0
1312754,1,2023,2023,3,2,9,89,31,532,34609,0,1,9,-33.864394,151.204764,69,0,2,1,0,0,0,0,2,2,7,40,0,2040,2040,9,30,28,2,0,0,0,1
1312763,2,2023,2023,4,0,7,485,27,154,769,0,1,2,-33.710861,150.954051,71,0,2,1,1,0,3,4,2,0,7,60,2,3775,3775,0,5,41,2,0,0,1,1
1312765,4,2023,2023,4,2,7,26,27,28,34609,0,1,9,-32.94332,151.626653,37,0,2,1,1,0,0,0,2,2,7,60,0,5929,5929,1,5,5,2,0,1,0,1
1312767,4,2023,2023,4,3,11,2126,17,140,2149,0,1,9,-33.78252,150.82767,7,0,2,1,2,0,0,0,0,2,7,80,2,14295,14295,3,5,5,4,0,1,0,0
1312768,2,2023,2023,3,3,4,2126,17,75,2149,1,0,2,-33.871008,151.11965,32,0,2,1,1,0,0,0,2,0,7,60,2,9859,9859,8,16,40,1,0,0,1,0
1312769,4,2023,2023,4,1,9,5,27,5,34609,0,1,1,-32.071196,151.886323,43,1,0,0,0,0,3,4,3,0,7,100,0,3775,3775,0,5,0,2,0,2,0,0
1312770,2,2022,2022,2,4,8,111,27,80,233,0,1,1,-33.939702,151.228597,59,0,2,1,1,0,0,0,2,0,7,60,2,1981,1981,4,10,5,2,0,0,1,0
1312771,2,2023,2023,3,2,8,19,31,127,34609,0,1,1,-33.895089,151.156156,32,0,2,1,0,0,0,0,2,0,7,50,0,237,162,8,5,40,1,0,0,1,0
1312778,4,2022,2022,10,6,9,28,31,62,34609,0,1,1,-32.926849,151.627955,37,0,2,1,0,0,0,0,3,0,7,50,0,121,121,9,16,26,2,0,1,1,0
1312782,1,2023,2023,3,0,9,35,31,532,34609,0,1,10,-33.864289,151.205516,69,0,2,1,2,0,0,0,2,2,7,40,0,2040,2040,9,21,28,2,0,0,0,1
1312784,4,2023,2023,3,2,4,8,27,24,34609,0,1,1,-31.528174,152.722373,56,2,1,0,0,0,0,0,2,0,7,80,0,418,714,5,16,40,1,0,1,0,0
1312786,1,2023,2023,3,0,8,7,31,159,34609,0,1,7,-33.804353,151.093538,61,0,2,1,0,0,0,0,2,0,0,50,0,256,256,4,0,5,2,0,0,0,1
1312787,4,2022,2022,2,4,7,2261,17,45,2252,0,1,10,-33.889645,150.973104,15,0,2,1,1,0,0,0,2,2,7,70,2,1391,1391,1,5,40,3,0,1,0,0
1312788,2,2023,2023,3,6,7,26,31,194,34609,0,1,10,-30.513266,151.672185,1,2,1,1,0,0,0,0,2,0,0,50,0,6545,6545,4,5,0,2,0,0,1,0
1312789,4,2023,2023,4,1,5,205,27,106,415,0,1,1,-33.675707,151.286892,50,0,2,1,0,0,0,0,2,0,7,40,2,1945,1945,5,15,40,1,0,1,0,0
1312790,2,2023,2023,4,1,8,132,31,54,126,1,0,2,-33.894041,151.21986,69,0,2,1,1,0,0,0,2,0,0,50,2,591,591,1,22,0,2,0,0,1,0
1312794,2,2023,2023,4,5,3,2261,17,228,2252,0,1,3,-34.777255,149.681408,26,1,0,1,0,0,0,3,2,0,7,110,2,9859,9859,8,10,40,1,0,0,1,0
1312795,4,2023,2023,4,5,4,38,27,57,47,0,1,1,-34.666958,150.833908,35,2,1,0,0,0,0,0,2,0,7,60,1,782,957,5,16,40,1,0,1,0,0
1312798,2,2023,2023,3,5,9,1,31,48,34609,0,1,1,-28.264028,153.571044,72,2,1,1,1,0,0,0,2,0,7,50,0,1981,1981,4,10,5,2,0,0,1,0
1312801,2,2023,2023,3,6,9,4,1,251,34609,0,1,1,-33.768269,150.938094,7,0,2,1,1,0,0,0,2,0,7,50,0,9859,9859,1,5,5,2,0,0,1,0
1312802,4,2023,2023,4,3,4,294,17,26,288,0,1,1,-34.602686,145.865911,51,1,0,0,0,0,3,4,2,0,7,110,2,1259,5151,8,5,40,1,0,2,0,0
1312805,2,2023,2023,3,3,5,125,27,32,144,0,1,7,-32.768748,152.074518,57,2,1,1,1,0,0,0,2,0,0,80,2,395,395,1,10,19,2,0,0,1,0
1312808,2,2023,2023,4,6,4,3,10,36,34609,0,1,1,-33.596869,148.708391,51,1,0,1,0,0,0,0,2,0,7,100,0,14295,14295,3,10,13,2,0,0,1,0
1312809,4,2022,2022,9,6,9,344,27,363,369,0,1,2,-33.735523,150.717377,55,0,2,1,0,0,0,0,2,0,7,70,2,340,340,9,5,28,2,0,1,0,0
1312810,4,2023,2023,3,1,3,128,27,26,133,0,1,9,-33.773171,150.669889,55,0,2,1,1,0,0,0,2,2,7,60,2,5929,5929,1,10,0,2,0,1,1,0
1312811,4,2023,2023,3,4,5,3371,17,30,3342,0,1,9,-33.188628,151.557599,16,2,2,1,1,0,0,3,2,2,7,80,2,14295,14295,3,10,10,2,0,1,0,0
1312813,2,2023,2023,3,4,9,22,31,64,61,0,1,9,-33.883774,151.025314,21,0,2,1,1,0,0,0,2,0,7,50,1,3775,3775,0,10,22,2,0,0,1,1
1312817,1,2023,2023,3,5,8,12,27,21,19,0,1,9,-33.696882,151.285296,50,0,2,0,1,0,3,4,2,0,7,50,1,5929,5929,1,9,12,2,0,0,0,1
1312820,2,2023,2023,4,1,8,15,31,201,46,0,1,1,-34.888012,150.607473,63,2,1,1,1,0,3,4,2,0,7,60,1,2040,2040,9,5,28,2,0,0,1,0
1312821,1,2023,2023,3,0,3,77,12,13,331,0,1,1,-34.120791,150.698987,79,2,2,0,1,0,0,0,2,0,7,80,1,14295,14295,3,16,13,2,0,0,0,1
1312823,1,2023,2023,3,6,5,866,17,112,793,0,1,2,-33.913253,150.919656,41,0,2,1,1,0,0,0,2,0,7,70,2,14295,14295,3,3,5,2,0,0,0,1