Crash ID,Degree of crash - detailed,Reporting year,Year of crash,Month of crash,Day of week of crash,Two-hour intervals,Street of crash,Street type,Town,Route no.,School zone location,School zone active,Type of location,Latitude,Longitude,LGA,Urbanisation,Conurbation 1,Alignment,Street lighting,Road surface,Surface condition,Weather,Natural lighting,Signals operation,Other traffic control,Speed limit,Road classification,RUM - code,DCA - code,First impact type,Key TU type,Other TU type,No. of traffic units involved,No. killed,No. seriously injured,No. moderately injured,No. minor-other injured
1312824,2,2023,2023,3,4,4,27,31,19,34609,1,2,10,-36.37047,148.827898,65,2,1,1,1,0,0,0,2,0,0,40,0,6545,6545,4,5,5,2,0,0,2,0
1312829,1,2022,2022,7,5,0,149,36,120,113,0,1,1,-32.270587,152.527899,43,1,0,0,0,0,3,4,0,0,7,100,1,4552,5151,8,5,40,1,0,0,0,1
1312831,1,2022,2022,5,1,8,62,27,63,166,0,1,7,-33.249825,151.482882,16,2,2,1,2,0,3,4,0,0,0,70,2,14295,14295,3,5,13,2,0,0,0,1
1312837,4,2023,2023,3,1,6,46,27,304,39,0,1,1,-33.913055,151.161475,32,0,2,1,1,0,0,0,2,0,7,60,1,941,941,1,5,5,3,0,1,0,1
1312838,1,2023,2023,3,1,6,157,17,5,158,0,1,1,-33.498887,149.301465,51,1,0,1,3,0,0,0,2,0,7,100,2,1669,1669,3,10,13,2,0,0,0,2
1312840,1,2022,2022,9,5,4,194,31,316,34609,0,1,10,-31.431887,152.91236,56,2,1,1,3,0,0,0,2,0,7,50,0,3775,3775,0,30,0,2,0,0,0,1
1312841,2,2023,2023,3,1,3,154,27,293,244,0,1,10,-33.923847,151.057308,15,0,2,1,3,0,0,0,2,2,7,60,2,14295,14295,3,5,5,3,0,0,1,0
1312842,4,2022,2022,9,2,4,65,10,132,148,0,1,9,-34.075313,151.056548,68,0,2,0,0,0,0,0,2,0,7,50,2,6545,6545,4,5,19,2,0,1,0,0
1312847,1,2023,2023,3,2,5,78,17,32,58,0,1,2,-34.879863,148.974029,82,1,0,1,3,0,0,0,2,0,7,110,2,9859,9859,8,0,40,1,0,0,0,1
1312854,2,2023,2023,3,3,11,13,27,438,563,0,1,10,-33.85134,151.037067,21,0,2,1,3,0,0,0,0,2,7,70,2,926,926,4,5,0,2,0,0,1,0
1312858,2,2023,2023,3,5,4,205,27,50,415,0,1,9,-33.679364,151.264469,50,0,2,0,3,0,0,0,2,0,15,60,2,2852,2852,4,0,5,2,0,0,1,1
1312860,1,2023,2023,4,5,7,21,27,140,34609,0,1,1,-33.892192,150.997846,15,0,2,1,3,0,0,0,2,0,7,60,0,3775,3775,0,9,0,3,0,0,0,1
1312863,1,2023,2023,3,3,6,866,17,314,793,0,1,2,-33.85583,150.937765,24,0,2,1,3,0,0,0,2,0,7,70,2,14295,14295,3,5,5,2,0,0,0,1
1312868,1,2023,2023,3,6,8,8,27,252,21,0,1,1,-33.929899,150.873163,41,0,2,1,3,0,0,0,2,2,7,50,2,5929,5929,1,5,5,2,0,0,0,1
1312869,1,2023,2023,3,0,5,11,27,35,34609,0,1,1,-33.265921,151.551708,16,2,2,1,3,0,0,0,2,0,7,50,0,9859,9859,1,5,0,2,0,0,0,1
1312870,1,2023,2023,3,2,7,104,27,443,702,0,1,10,-33.907808,151.064409,67,0,2,1,3,0,0,0,2,2,7,70,2,14295,14295,3,5,5,2,0,0,0,1
1312872,1,2023,2023,3,1,8,1104,14,26,962,0,1,3,-33.77018,150.666773,55,0,2,1,3,0,0,0,2,0,7,110,2,14295,14295,3,5,36,2,0,0,0,1
1312876,1,2023,2023,3,0,7,7,27,87,34609,0,1,9,-33.693047,150.958533,71,0,2,1,3,0,0,0,2,0,0,50,0,2852,2852,4,5,0,2,0,0,0,1
1312879,1,2022,2022,9,3,9,500,27,293,799,0,1,1,-33.931697,151.060038,15,0,2,1,3,0,0,0,2,0,7,60,2,1383,1383,1,5,5,2,0,0,0,1
1312880,1,2023,2023,4,5,4,43,27,316,38,0,1,1,-33.902807,151.241239,59,0,2,1,3,0,0,0,2,0,7,50,1,14295,14295,3,5,13,2,0,0,0,1
1312882,1,2023,2023,3,4,11,97,27,271,799,0,1,2,-33.936695,151.012709,15,0,2,1,3,0,0,0,0,0,7,70,2,1391,1391,1,5,5,3,0,0,0,1
1312884,1,2023,2023,3,4,4,866,17,77,793,0,1,2,-33.724758,151.08839,31,0,2,1,3,0,0,0,2,0,7,70,2,1383,1383,1,0,0,2,0,0,0,1
1312891,2,2023,2023,4,0,5,89,17,82,34609,0,1,1,-34.371825,150.897095,80,0,2,1,3,0,0,0,2,0,7,50,0,9859,9859,8,0,40,1,0,0,1,0
1312896,2,2023,2023,3,6,11,344,27,88,382,0,1,10,-33.733167,150.848725,7,0,2,1,3,0,0,0,0,2,7,70,2,6545,6545,4,5,13,2,0,0,1,0
1312898,4,2023,2023,3,2,9,6,27,46,34609,1,0,1,-35.178743,147.364671,75,2,1,1,3,0,0,0,3,0,7,60,0,78,78,8,5,40,1,0,1,0,0
1312900,1,2023,2023,3,6,4,126,27,370,168,0,1,2,-34.065682,150.797595,13,0,2,1,3,0,3,3,2,0,7,80,2,14295,14295,3,5,5,2,0,0,0,1
1312903,4,2023,2023,3,0,8,1052,27,219,262,0,1,10,-32.904417,151.68687,48,0,2,1,1,0,0,0,4,2,7,60,2,5929,5929,1,0,5,2,0,1,0,0
1312908,4,2023,2023,4,4,4,39,27,19,51,0,1,1,-33.655858,151.066565,31,0,2,0,0,0,0,0,2,0,7,60,2,3775,3775,0,22,5,3,0,1,0,0
1312909,1,2023,2023,4,6,7,43,22,149,187,0,1,9,-33.86999,151.174859,32,0,2,1,2,0,0,0,2,2,7,60,2,14295,14295,3,16,13,2,0,0,0,1
1312918,4,2023,2023,3,0,5,104,27,443,702,0,1,9,-33.891193,151.066893,15,0,2,1,1,0,0,0,2,0,7,70,2,404,404,8,15,40,1,0,1,0,0
1312920,2,2023,2023,4,6,7,104,27,443,702,0,1,9,-33.915702,151.063059,15,0,2,0,3,0,0,0,2,2,7,60,2,14295,14295,3,0,5,3,0,0,1,1
1312922,1,2023,2023,3,5,4,515,14,523,518,0,1,3,-33.938387,150.91415,41,0,2,1,3,0,0,0,2,0,7,100,2,14295,14295,3,5,0,4,0,0,0,1
1312923,1,2023,2023,3,5,4,104,27,246,140,0,1,9,-33.919854,151.184796,4,0,2,1,3,0,0,0,2,2,7,50,2,5929,5929,1,5,36,2,0,0,0,1
1312925,1,2022,2022,2,4,9,26,27,73,115,0,1,10,-33.774337,151.181653,36,0,2,1,3,0,0,0,3,0,15,60,1,2852,2852,4,5,5,2,0,0,0,1
1312926,2,2023,2023,4,2,8,31,22,133,34609,0,1,1,-33.917199,151.012404,15,0,2,1,3,0,0,0,4,0,7,50,0,1981,1981,4,0,0,2,0,0,1,0
1312933,2,2023,2023,3,4,9,9,1,169,34609,0,1,7,-33.771751,150.83162,7,0,2,0,3,0,0,0,3,0,0,50,0,6545,6545,4,30,5,2,0,0,1,0
1312936,2,2023,2023,4,3,5,3371,17,207,3342,0,1,1,-33.5913,151.171302,31,0,2,0,3,0,0,0,2,0,7,60,2,1981,1981,4,0,0,2,0,0,1,0
1312937,1,2022,2022,2,1,8,3371,17,40,3342,0,1,2,-31.478502,152.813733,56,1,0,1,3,0,3,4,2,0,7,110,2,1089,1089,7,21,40,1,0,0,0,1
1312948,2,2023,2023,3,5,6,12,10,433,34609,0,1,1,-33.248329,149.097123,52,2,1,0,1,0,0,0,2,0,7,50,0,4552,5151,1,5,0,2,0,0,1,0
1312949,2,2023,2023,4,6,6,330,27,147,605,0,1,10,-33.758637,151.280404,50,0,2,1,1,0,0,0,2,2,7,60,2,1669,1669,3,19,0,2,0,0,1,0
1312953,4,2023,2023,3,3,5,114,27,22,65,0,1,1,-33.453807,151.086761,16,2,2,0,0,0,0,0,2,0,7,60,1,2585,4009,8,16,40,1,0,1,0,0
1312957,4,2023,2023,3,3,6,79,31,82,34609,0,1,10,-31.082842,150.932019,70,2,1,1,0,0,0,0,2,0,0,50,0,6545,6545,4,21,13,2,0,1,2,0
1312958,1,2022,2022,11,6,8,6,1,234,61,0,1,9,-34.297258,146.048859,28,2,1,1,0,0,0,3,2,0,0,60,2,256,256,4,5,27,2,0,0,0,1
1312959,2,2022,2022,9,1,3,97,27,271,799,0,1,2,-33.933774,151.004226,15,0,2,1,0,0,0,0,1,0,7,70,2,9859,9859,8,0,40,1,0,0,1,0
1312960,4,2023,2023,4,1,5,2209,17,17,2205,0,1,1,-36.55863,149.82183,5,1,0,0,0,0,3,4,2,0,7,90,2,1259,5151,8,5,40,1,0,2,0,0
1312961,4,2023,2023,3,0,8,11,31,215,82,0,1,9,-35.119029,147.355867,75,2,1,1,1,0,0,0,2,0,7,50,1,1109,787,1,5,0,2,0,1,0,0
1312962,4,2023,2023,4,4,11,2126,17,62,2149,0,1,2,-33.757087,150.612075,8,2,2,1,2,0,3,3,0,0,7,80,2,9859,9859,8,10,40,1,0,1,0,0
1312971,2,2023,2023,3,0,6,34,10,13,40,0,1,1,-35.795988,150.22745,23,2,1,1,1,0,0,0,2,0,7,60,1,1669,1669,3,10,5,2,0,0,2,3
1312978,1,2022,2022,1,6,4,6,27,60,32,0,1,11,-33.833846,151.144831,51,0,2,1,1,0,0,0,2,0,7,50,1,1945,1945,5,16,40,1,0,0,0,1
1312979,2,2023,2023,4,4,8,42,1,90,34609,0,1,7,-32.925757,151.751165,48,0,2,1,1,0,0,0,2,0,0,50,0,6545,6545,4,5,27,2,0,0,1,0
1312982,1,2022,2022,9,5,3,3,27,131,34609,0,1,10,-33.779514,151.176287,36,0,2,1,0,0,0,0,2,0,15,50,0,6545,6545,4,10,5,2,0,0,0,1
1312983,4,2022,2022,9,6,6,19,31,225,34609,1,0,9,-33.794855,151.184993,77,0,2,1,1,0,0,0,2,2,9,40,0,2040,2040,9,10,28,2,0,1,0,0
1312985,2,2022,2022,2,4,9,8,27,189,34609,0,1,1,-33.945458,151.053939,15,0,2,1,1,0,0,0,2,0,7,50,0,14295,14295,3,5,0,2,0,0,1,0
1312988,2,2023,2023,4,3,9,89,31,532,34609,0,1,9,-33.864394,151.204764,69,0,2,1,1,0,0,0,2,2,9,40,0,2040,2040,9,5,28,2,0,0,1,0
1312989,1,2023,2023,4,3,7,1052,14,77,928,0,1,3,-33.536048,151.199572,16,1,2,1,1,0,0,0,2,0,7,110,2,14295,14295,3,0,5,2,0,0,0,1
1312990,4,2023,2023,4,1,8,4,31,161,115,0,1,7,-33.731759,151.167024,36,0,2,1,1,0,0,0,2,0,0,60,1,926,926,4,22,0,2,0,1,0,0
1312993,4,2022,2022,2,1,2,255,27,62,172,0,1,1,-32.924219,151.624364,37,0,2,1,1,0,0,0,1,0,7,60,2,1282,1282,1,33,27,2,0,1,0,0
1312994,4,2023,2023,3,6,6,4,27,80,34609,0,1,1,-34.536834,146.408242,51,2,1,1,0,0,0,0,2,0,7,60,0,4026,4026,8,5,40,1,0,1,0,0
1312995,2,2022,2022,2,1,6,15,27,609,34609,0,1,9,-33.783826,150.906573,7,0,2,1,1,0,0,0,2,0,7,50,0,6545,6545,4,5,25,2,0,0,1,0
1312998,1,2022,2022,2,6,9,171,31,523,34609,0,1,1,-33.917924,150.925018,41,0,2,1,1,0,0,0,2,0,0,30,0,2585,4009,8,5,40,1,0,0,0,1
1313001,2,2023,2023,3,4,8,515,14,166,518,0,1,3,-33.944164,150.985587,15,0,2,1,1,0,0,0,2,0,7,100,2,1192,1192,1,30,0,2,0,0,2,0
1313002,2,2023,2023,4,6,7,12,27,58,34609,0,1,1,-32.986922,151.670392,37,0,2,1,0,0,0,0,2,0,7,60,0,1981,1981,4,0,27,2,0,0,1,0
1313005,2,2023,2023,4,5,8,3371,17,24,3342,1,0,2,-33.710437,151.102625,31,0,2,1,1,0,0,0,2,0,7,60,2,9859,9859,1,0,0,2,0,0,1,0
1313014,2,2023,2023,4,2,2,829,27,124,770,0,1,2,-33.8091,151.027974,54,0,2,1,2,0,0,0,1,0,7,60,2,4026,4026,8,10,40,1,0,0,1,0
1313017,4,2022,2022,2,0,6,2209,17,6,2205,0,1,9,-35.438852,150.398007,63,2,1,1,0,0,0,0,2,0,0,80,2,9859,9859,8,30,40,1,0,1,0,0
1313018,4,2023,2023,3,2,7,3371,17,20,3342,0,1,10,-33.076279,151.650946,37,0,2,1,0,0,0,0,2,0,0,70,2,6545,6545,4,10,5,3,0,2,0,0
1313019,4,2023,2023,3,3,10,112,27,29,769,0,1,1,-33.539975,150.636707,29,2,2,0,0,0,0,0,3,0,7,60,2,1850,1463,5,16,40,1,0,1,0,0
1313020,2,2023,2023,4,5,8,12,31,346,34609,0,1,9,-33.8829,151.074295,67,0,2,0,0,0,0,0,2,0,7,50,0,5929,5929,1,0,5,2,0,0,1,0
1313021,2,2022,2022,9,6,9,135,17,8,136,0,1,1,-36.088802,147.037392,0,2,1,0,0,0,0,0,3,0,7,80,2,782,957,5,16,40,1,0,0,1,0
1313023,2,2023,2023,4,1,9,916,17,91,917,0,1,6,-32.794446,151.63504,48,0,2,0,2,0,3,4,0,0,7,60,2,2585,4009,8,5,40,1,0,0,2,0
1313026,1,2023,2023,3,2,7,44,27,202,563,0,1,10,-33.962396,151.037054,15,0,2,0,1,0,0,0,2,2,7,70,2,14295,14295,3,0,0,2,0,0,0,1
1313028,2,2023,2023,4,6,9,387,27,204,331,0,1,9,-33.939549,151.141953,4,0,2,1,1,0,0,0,3,0,0,60,2,14295,14295,3,16,0,2,0,0,1,0
1313029,1,2023,2023,4,5,5,29,27,8,34609,0,1,0,-28.265892,153.470978,72,2,1,0,0,0,0,0,2,0,7,80,0,4552,5151,8,10,40,1,0,0,0,1
1313034,1,2023,2023,4,1,5,2261,17,23,2252,0,1,10,-34.812993,148.641841,82,1,0,1,0,0,3,4,2,0,7,110,2,1957,777,8,0,40,1,0,0,0,1
1313035,2,2022,2022,2,3,2,39,27,284,563,0,1,10,-33.899059,151.037352,15,0,2,1,2,0,0,0,1,2,7,70,2,6545,6545,4,0,0,2,0,0,2,0
1313050,4,2022,2022,2,2,10,330,23,150,233,0,1,10,-33.924497,151.228124,59,0,2,1,3,0,0,0,0,2,7,50,2,6545,6545,4,0,13,2,0,1,0,0
1313051,4,2023,2023,4,1,5,36,27,7,82,0,1,1,-35.318071,147.30663,75,1,0,1,0,0,0,0,2,0,7,100,1,9859,9859,8,5,40,1,0,1,0,0
1313052,1,2022,2022,2,5,10,27,27,294,27,0,1,1,-33.939168,150.952909,41,0,2,1,3,0,0,0,0,0,7,60,1,14295,14295,3,0,5,2,0,0,0,1
1313055,2,2023,2023,3,3,0,1104,14,323,962,0,1,3,-33.79128,150.818407,7,0,2,1,3,0,3,3,0,0,7,110,2,14295,14295,3,5,5,2,0,0,2,0
1313060,1,2023,2023,3,2,8,829,27,159,770,0,1,9,-33.807187,151.085911,61,0,2,1,3,0,0,0,2,0,7,70,2,14295,14295,3,5,5,3,0,0,0,1
1313061,1,2023,2023,3,5,6,44,31,41,605,0,1,10,-33.786518,151.266571,50,0,2,1,3,0,3,4,2,2,7,60,2,14295,14295,3,9,5,2,0,0,0,1
1313066,2,2023,2023,3,3,8,2126,17,445,2149,0,1,9,-33.851258,151.054551,21,0,2,1,3,0,0,0,2,0,7,60,2,1383,1383,1,5,5,2,0,0,1,0
1313068,1,2023,2023,3,0,10,485,27,24,769,0,1,9,-33.65952,150.876311,7,0,2,0,3,0,0,0,0,0,0,80,2,5929,5929,1,5,5,3,0,0,0,1
1313071,4,2023,2023,3,1,4,265,2,167,34609,0,1,10,-33.851856,151.069717,54,0,2,1,3,0,0,0,2,2,7,60,0,5929,5929,1,5,5,2,0,1,0,0
1313072,1,2023,2023,3,4,7,2126,17,62,2149,0,1,10,-33.887577,151.141745,32,0,2,1,3,0,3,4,2,2,7,60,2,14295,14295,3,0,0,2,0,0,0,1
1313078,2,2023,2023,3,0,11,296,27,147,293,0,1,2,-33.874035,150.982912,15,0,2,1,3,0,0,0,0,0,7,70,2,1282,1282,1,5,0,3,0,0,1,0
1313084,1,2023,2023,4,3,6,1052,14,13,928,0,1,3,-33.704857,151.118068,31,0,2,1,3,0,0,0,2,0,7,110,2,1383,1383,1,0,13,2,0,0,0,1
1313091,1,2023,2023,3,3,8,145,31,316,34609,0,1,10,-31.433518,152.902619,56,2,1,1,3,0,0,0,2,0,0,50,0,6545,6545,4,5,5,2,0,0,0,1
1313093,1,2023,2023,3,0,5,4,27,80,34609,0,1,10,-34.563453,146.414854,51,2,1,1,3,0,0,0,2,0,0,60,0,395,395,1,0,0,2,0,0,0,3
1313094,4,2023,2023,3,5,7,2126,17,140,2149,0,1,2,-33.781767,150.824594,7,0,2,1,3,0,0,3,2,0,7,80,2,1981,1981,4,5,0,2,0,1,0,0
1313097,2,2023,2023,3,4,9,19,27,609,34609,0,1,1,-33.76722,150.885351,7,0,2,1,3,0,0,0,2,0,7,50,0,4026,4026,1,5,25,4,0,0,1,0
1313098,1,2023,2023,3,3,5,330,27,49,605,0,1,10,-33.716736,151.297402,50,0,2,1,3,0,0,0,2,0,7,60,2,3775,3775,0,0,5,2,0,0,0,1
1313103,1,2023,2023,3,6,9,147,27,104,605,0,1,10,-33.830405,151.219489,49,0,2,1,3,0,0,0,2,2,7,60,2,14295,14295,3,19,5,2,0,0,0,1
1313107,2,2023,2023,3,3,4,2,31,87,34609,0,1,1,-34.481699,150.417691,78,2,1,1,3,0,0,0,2,0,7,50,0,1282,1282,1,5,40,1,0,0,2,0
1313113,1,2023,2023,3,0,7,36,27,11,82,0,1,9,-35.171268,147.333297,75,2,1,1,3,0,0,0,2,0,0,80,1,14295,14295,3,0,0,2,0,0,0,1
1313116,2,2023,2023,3,6,8,3,27,21,34609,0,1,9,-35.08171,147.342743,75,2,1,1,3,0,0,0,2,0,7,70,0,5929,5929,1,5,13,2,0,0,1,0
1313118,1,2023,2023,3,2,7,3371,17,19,3342,0,1,2,-31.880674,152.552689,43,1,0,0,3,0,0,0,2,0,7,100,2,2585,4009,8,0,40,1,0,0,0,1
1313122,1,2023,2023,3,5,5,3,31,104,34609,0,1,9,-33.830942,151.023017,54,0,2,1,3,0,0,3,2,0,0,50,0,1391,1391,1,5,0,2,0,0,0,1
1313123,2,2023,2023,4,4,9,34,31,98,260,0,1,10,-33.005633,151.594668,37,0,2,0,3,0,3,4,2,0,7,60,2,14295,14295,3,5,5,3,0,0,1,0
1313126,2,2023,2023,3,1,9,111,27,57,233,1,0,10,-33.946795,151.228253,4,0,2,1,3,0,0,0,3,2,7,60,2,5929,5929,1,16,0,2,0,0,1,0
1313129,1,2023,2023,3,6,5,8,31,53,66,0,1,2,-31.868945,152.373215,43,2,1,1,3,0,0,0,2,0,7,50,1,248,248,1,5,40,3,0,0,0,1
1313131,1,2023,2023,4,1,5,3371,17,13,3342,0,1,2,-33.185115,151.54602,16,2,2,1,3,0,0,0,2,0,7,80,2,1383,1383,1,5,5,2,0,0,0,1
1313139,1,2022,2022,1,0,7,2,31,111,34609,0,1,4,-33.707518,150.882785,7,0,2,0,3,0,0,0,2,0,7,50,0,3775,3775,0,5,5,2,0,0,0,1
1313140,1,2023,2023,3,2,10,230,27,175,284,0,1,10,-33.772584,151.087885,54,0,2,1,3,0,0,0,0,0,15,60,2,14295,14295,3,5,5,2,0,0,0,1
1313142,1,2023,2023,4,3,6,19,27,10,16,0,1,1,-31.606105,152.484407,56,1,0,1,3,0,0,0,2,0,7,100,1,1945,1945,5,16,40,1,0,0,0,1
1313143,1,2023,2023,3,4,7,76,31,112,34609,0,1,1,-36.067863,146.923666,0,2,1,1,3,0,0,0,2,0,7,60,0,1282,1282,1,0,27,2,0,0,0,1
1313144,1,2023,2023,4,4,7,344,27,609,163,0,1,2,-33.763891,150.901865,7,0,2,1,3,0,0,0,2,2,9,60,2,14295,14295,3,5,0,2,0,0,0,1
1313145,1,2023,2023,3,6,6,53,31,147,125,0,1,9,-33.889193,151.005715,15,0,2,1,3,0,0,0,2,0,15,60,1,5929,5929,1,0,5,2,0,0,0,1
1313146,1,2023,2023,3,6,3,829,27,165,770,0,1,10,-33.855074,151.158278,14,0,2,1,3,0,0,0,2,3,7,60,2,14295,14295,3,5,5,4,0,0,0,1
1313151,4,2023,2023,3,3,3,78,27,284,61,0,1,1,-33.90408,151.021043,15,0,2,1,3,0,0,0,2,0,7,60,1,3775,3775,0,5,0,2,0,1,1,0
1313152,1,2023,2023,3,0,7,6,31,149,34609,0,1,1,-34.001554,151.13083,4,0,2,1,3,0,0,0,2,0,7,50,0,941,941,1,0,0,2,0,0,0,1
1313153,1,2023,2023,3,5,6,3371,17,57,3342,0,1,10,-33.676599,151.112303,31,0,2,0,3,0,0,0,2,2,7,60,2,14295,14295,3,5,36,2,0,0,0,1
1313155,1,2023,2023,3,2,7,829,27,26,770,0,1,2,-33.839294,151.144759,51,0,2,0,3,0,0,0,2,0,7,70,2,1391,1391,1,0,0,2,0,0,0,2
1313158,2,2023,2023,3,3,11,161,17,6,161,0,1,1,-35.387562,148.29662,66,1,0,0,3,0,0,0,0,0,7,100,2,2585,4009,8,0,40,1,0,0,1,0
1313160,1,2023,2023,3,2,6,98,27,294,799,0,1,2,-33.928787,150.963097,41,0,2,1,3,0,0,0,2,0,7,70,2,14295,14295,3,8,5,2,0,0,0,1
1313163,1,2023,2023,3,4,9,2261,17,284,2252,0,1,10,-33.907262,151.020451,15,0,2,1,3,0,0,0,0,3,7,60,2,14295,14295,3,5,5,2,0,0,0,2
1313171,1,2023,2023,4,1,7,19,31,182,174,0,1,9,-32.831979,151.356871,17,2,1,1,3,0,0,0,2,2,7,60,2,2852,2852,4,10,5,2,0,0,0,1
1313173,2,2023,2023,3,0,6,171,31,523,34609,0,1,2,-33.917605,150.92263,41,0,2,1,3,0,0,0,2,2,7,30,0,1981,1981,4,0,0,2,0,0,1,0
1313179,1,2022,2022,2,6,9,296,27,290,293,0,1,2,-33.857691,150.994269,21,0,2,1,3,0,0,0,0,0,7,70,2,9859,9859,1,30,40,3,0,0,0,1
1313181,1,2023,2023,3,5,9,29,31,252,233,0,1,9,-33.883971,151.217538,69,0,2,1,3,0,0,0,0,2,7,60,2,1391,1391,1,5,5,2,0,0,0,2
1313183,2,2023,2023,3,6,3,49,22,41,96,0,1,1,-32.973496,151.632318,37,0,2,0,3,0,3,4,1,0,7,60,2,1850,1463,5,16,40,1,0,0,1,0
1313190,1,2022,2022,9,1,5,24,31,314,34609,0,1,7,-33.854851,150.921417,24,0,2,1,0,0,0,0,2,0,0,50,0,6545,6545,4,0,5,2,0,0,0,1
1313191,4,2023,2023,4,4,6,334,17,31,308,0,1,10,-31.061076,150.83053,70,1,0,1,0,0,0,0,2,0,0,100,2,6545,6545,4,10,5,2,0,2,0,0
1313192,1,2023,2023,3,0,6,2126,17,438,2149,0,1,10,-33.837919,151.026996,21,0,2,1,3,0,0,0,2,2,7,60,2,515,515,1,0,5,2,0,0,0,1
1313195,2,2023,2023,4,4,0,6,10,9,34609,0,1,1,-33.776647,150.738802,55,0,2,0,2,0,3,4,0,0,7,50,0,2585,4009,1,0,0,3,0,0,1,0
1313196,4,2023,2023,4,3,7,24,1,609,115,0,1,10,-33.765545,150.911054,7,0,2,1,1,0,0,0,2,2,9,60,2,1220,1220,9,0,28,2,0,1,1,0
1313197,2,2023,2023,4,5,10,2261,17,140,2252,0,1,9,-33.896302,150.99092,15,0,2,1,2,0,0,0,0,1,7,70,2,1282,1282,1,0,5,2,0,0,2,0
1313199,4,2022,2022,9,0,5,4,10,79,34609,0,1,9,-33.99709,150.739882,12,0,2,1,1,0,0,0,2,2,7,60,0,5929,5929,1,30,13,2,0,1,0,0
1313201,2,2023,2023,4,5,5,14,31,646,34609,0,1,0,-33.919603,151.03534,15,0,2,1,0,0,0,0,2,0,7,40,0,395,395,1,9,5,2,0,0,1,0
1313202,4,2023,2023,4,3,7,23,27,36,38,0,1,1,-33.527012,148.687895,11,1,0,1,0,0,0,0,2,0,7,100,2,9859,9859,8,5,40,1,0,1,0,0
1313203,2,2022,2022,2,2,8,4,1,80,34609,0,1,10,-33.75208,150.667676,55,0,2,1,1,0,0,0,2,0,0,50,0,2852,2852,4,17,5,2,0,0,1,0
1313204,4,2023,2023,4,2,6,916,17,66,917,0,1,2,-32.812396,151.655276,48,0,2,1,1,0,0,0,2,0,7,90,2,1945,1945,5,16,40,1,0,1,0,0
1313206,4,2022,2022,9,5,7,8,31,198,34609,0,1,1,-33.914405,151.103448,15,0,2,1,1,0,0,0,2,0,7,40,0,1282,1282,1,5,40,1,0,1,0,1
1313208,2,2022,2022,2,2,0,7,27,7,34609,0,1,1,-28.317959,153.243495,72,2,1,0,0,0,3,0,0,0,7,80,0,4552,5151,8,10,40,1,0,0,1,0
1313209,4,2022,2022,2,5,3,2,27,58,34609,0,1,1,-32.790801,151.744485,57,2,1,0,0,0,0,0,1,0,7,80,0,4552,5151,8,5,40,1,0,1,0,0
1313210,4,2022,2022,2,6,0,2126,17,78,2149,0,1,2,-33.69859,150.562652,8,2,2,0,2,0,0,0,0,0,7,80,2,1850,1463,5,10,40,1,0,1,0,0
1313211,4,2022,2022,2,4,8,93,1,154,220,0,1,1,-33.717712,150.95496,71,0,2,0,1,0,0,3,2,0,7,60,2,3775,3775,0,30,0,2,0,5,0,0
1313216,4,2022,2022,9,0,2,147,27,104,605,0,1,2,-33.831314,151.221914,49,0,2,1,1,0,0,0,0,0,7,60,2,2040,2040,9,8,28,2,0,1,0,0
1313217,2,2022,2022,9,2,0,3371,36,9,34609,0,1,1,-36.862387,149.931656,5,2,1,0,2,0,0,0,0,0,7,50,0,4552,5151,8,34,40,1,0,0,1,0
1313218,1,2022,2022,9,0,11,5,27,8,34609,0,1,1,-28.457103,153.552783,72,2,1,0,0,0,0,0,0,0,7,80,0,4552,5151,8,9,40,1,0,0,0,1
1313219,2,2022,2022,9,6,8,10,23,57,34609,0,1,9,-32.8102,151.489185,17,2,1,1,0,0,0,0,2,0,0,50,0,256,256,4,22,0,2,0,0,1,0
1313220,4,2022,2022,2,2,9,109,27,137,105,0,1,1,-33.896027,150.911293,24,0,2,0,0,0,0,0,2,0,0,60,2,14295,14295,3,0,5,2,0,1,0,0
1313222,2,2022,2022,9,2,5,134,10,157,133,0,1,2,-33.794645,151.013395,54,0,2,1,1,0,0,0,2,0,7,90,2,14295,14295,3,16,25,3,0,0,1,0
1313223,2,2022,2022,9,3,11,475,10,137,268,0,1,10,-33.907691,150.898662,24,0,2,1,2,0,0,0,0,2,7,60,2,2852,2852,4,0,5,2,0,0,2,0
1313224,4,2022,2022,9,6,7,9,1,84,34609,0,1,6,-33.883763,150.938702,24,0,2,0,1,0,0,0,2,0,7,50,0,2040,2040,9,0,28,2,0,1,0,0
1313225,2,2022,2022,2,2,9,6,31,55,34609,0,1,9,-36.231485,149.117174,65,2,1,0,0,0,0,0,3,0,0,50,0,4552,5151,8,34,40,1,0,0,1,0
1313227,4,2022,2022,2,6,8,26,10,13,26,0,1,1,-36.83098,149.900893,5,2,1,0,0,0,0,0,2,0,7,80,1,1850,1463,5,5,40,1,0,1,0,0
1313228,2,2022,2022,9,1,0,3371,17,13,3342,0,1,2,-29.157394,153.294312,60,1,0,1,0,0,0,0,0,0,7,100,2,4026,4026,8,0,40,1,0,0,1,0
1313230,4,2023,2023,4,3,1,15,27,151,160,0,1,1,-34.019172,150.85259,13,0,2,1,2,0,3,4,0,0,7,60,2,9859,9859,8,30,40,1,0,1,1,0
1313231,4,2022,2022,9,5,5,3,27,6,34609,0,1,1,-32.731309,151.642049,42,2,1,1,0,0,0,0,2,0,7,80,0,43,43,3,16,5,2,0,1,0,0