Crash ID,Degree of crash - detailed,Reporting year,Year of crash,Month of crash,Day of week of crash,Two-hour intervals,Street of crash,Street type,Town,Route no.,School zone location,School zone active,Type of location,Latitude,Longitude,LGA,Urbanisation,Conurbation 1,Alignment,Street lighting,Road surface,Surface condition,Weather,Natural lighting,Signals operation,Other traffic control,Speed limit,Road classification,RUM - code,DCA - code,First impact type,Key TU type,Other TU type,No. of traffic units involved,No. killed,No. seriously injured,No. moderately injured,No. minor-other injured
1313234,2,2022,2022,2,1,7,49,31,132,34609,0,1,10,-29.775513,151.120541,33,2,1,1,1,0,0,0,2,0,0,50,0,6545,6545,4,5,5,2,0,0,1,0
1313237,4,2023,2023,4,1,8,21,27,147,34609,0,1,7,-33.888523,150.999542,15,0,2,1,0,0,0,0,2,0,0,50,0,1945,1945,5,16,40,1,0,1,0,0
1313238,4,2023,2023,4,1,4,1,27,1,34609,0,1,1,-32.873283,149.732836,44,1,0,0,0,0,0,0,2,0,7,100,0,1850,1463,5,16,40,1,0,1,0,0
1313239,2,2022,2022,2,0,9,20,10,55,91,0,1,2,-35.377692,149.186427,58,2,1,1,1,0,0,3,2,0,7,80,2,1192,1192,1,0,27,2,0,0,1,0
1313240,4,2022,2022,9,5,0,6,27,193,34609,0,1,1,-33.790404,151.076415,61,0,2,1,2,0,0,0,0,0,7,50,0,9859,9859,1,5,0,2,0,1,0,0
1313241,2,2022,2022,2,6,11,3,27,39,34609,0,1,1,-32.893505,151.5522,37,0,2,1,0,0,0,3,0,0,7,80,0,4026,4026,8,5,40,1,0,0,2,0
1313242,4,2022,2022,2,4,5,19,31,8,12,0,1,9,-33.864144,151.203064,69,0,2,1,0,0,0,0,2,2,7,40,1,1109,787,1,33,27,2,0,1,0,0
1313243,1,2022,2022,9,0,9,293,31,363,92,0,1,0,-33.814081,150.998553,54,0,2,1,1,0,0,0,2,0,7,60,1,945,945,5,5,40,1,0,0,0,1
1313249,4,2023,2023,4,2,4,5,27,41,34609,0,1,1,-34.393647,150.872231,80,0,2,1,1,0,0,0,2,0,7,50,0,1981,1981,4,0,41,2,0,1,1,0
1313250,4,2022,2022,2,6,11,25,27,136,76,0,1,9,-32.922265,151.715208,48,0,2,1,2,0,0,0,0,2,7,60,1,5929,5929,1,0,5,2,0,1,0,0
1313252,4,2022,2022,2,6,2,21,27,16,23,0,1,1,-33.741892,150.645866,55,0,2,1,1,0,0,0,1,0,7,50,1,3775,3775,0,5,41,2,0,1,1,0
1313253,2,2022,2022,2,0,8,4,1,147,34609,0,1,10,-33.871174,151.135787,14,0,2,1,1,0,0,0,2,0,15,50,0,6545,6545,4,34,0,2,0,0,1,0
1313258,2,2023,2023,4,6,1,82,31,363,369,0,1,2,-33.74881,150.71386,55,0,2,1,2,0,0,0,0,0,7,70,2,14295,14295,3,10,13,2,0,0,2,0
1313259,2,2023,2023,4,4,10,3371,17,12,3342,0,1,2,-28.762344,153.533905,2,1,0,0,0,0,3,4,0,0,7,110,2,273,957,5,5,40,1,0,0,1,0
1313261,4,2022,2022,9,0,8,109,27,61,105,0,1,9,-33.896714,150.912338,24,0,2,1,1,0,0,0,2,0,0,60,2,926,926,4,5,0,5,0,1,2,0
1313262,2,2022,2022,9,2,10,154,27,293,244,0,1,9,-33.920101,151.062259,15,0,2,1,2,0,0,0,0,2,9,60,2,2040,2040,9,5,28,2,0,0,1,0
1313263,4,2023,2023,4,3,4,21,31,316,34609,0,1,1,-31.431125,152.904155,56,2,1,1,1,0,0,0,2,0,7,50,0,9859,9859,8,10,40,1,0,1,0,0
1313268,4,2022,2022,2,3,6,23,27,7,47,0,1,9,-34.63577,150.699327,35,2,1,1,0,0,0,0,2,0,0,80,1,14295,14295,3,16,19,2,0,1,0,0
1313270,1,2022,2022,2,2,5,224,27,49,321,0,1,10,-33.961915,151.214604,4,0,2,1,2,0,0,0,2,2,7,70,2,6545,6545,4,0,0,2,0,0,0,1
1313271,2,2022,2022,2,0,8,134,10,104,133,0,1,9,-33.831639,151.019811,54,0,2,1,2,0,0,0,2,2,7,70,2,6545,6545,4,10,5,2,0,0,1,0
1313272,2,2022,2022,2,3,11,89,27,11,228,0,1,9,-32.856348,151.323289,17,2,1,1,2,0,0,0,0,0,7,60,1,4552,985,8,10,40,1,0,0,1,0
1313273,1,2022,2022,2,1,6,344,27,89,382,0,1,1,-33.667327,150.802694,55,0,2,1,0,0,0,6,2,0,7,80,2,14295,14295,3,30,0,3,0,0,0,2
1313274,2,2022,2022,9,0,7,7,27,5,34609,0,1,1,-28.793751,153.062555,60,1,0,0,0,0,0,0,2,0,7,100,0,1259,5151,8,5,40,1,0,0,1,0
1313275,4,2023,2023,4,4,0,1,31,24,34609,0,1,1,-32.005095,151.960661,43,2,1,1,2,0,3,4,0,0,7,50,0,9859,9859,1,30,13,2,0,1,0,0
1313276,2,2022,2022,2,2,7,109,27,44,169,0,1,9,-32.810918,151.43231,17,2,1,1,0,0,0,0,2,0,7,60,2,5929,5929,1,5,0,3,0,0,1,0
1313277,4,2022,2022,2,6,9,6,31,219,34609,0,1,10,-32.909011,151.673151,48,0,2,1,1,0,0,0,2,0,15,50,0,1945,1945,5,16,40,1,0,1,0,0
1313278,4,2023,2023,4,0,11,6,27,198,34609,0,1,9,-33.912247,151.10026,15,0,2,1,0,0,3,4,0,0,7,50,0,2040,2040,9,33,28,2,0,1,0,0
1313280,2,2023,2023,4,0,2,348,17,2,232,0,1,1,-32.549961,149.542691,44,1,0,0,0,0,0,0,1,0,7,100,2,782,957,5,10,40,1,0,0,1,0
1313281,4,2022,2022,2,0,6,194,31,309,702,0,1,9,-33.82169,151.097409,61,0,2,1,1,0,0,0,2,2,0,70,2,340,340,9,5,28,2,0,1,0,0
1313282,2,2022,2022,11,5,3,109,27,61,105,0,1,9,-33.897593,150.914093,24,0,2,1,0,0,0,0,2,0,0,60,2,6545,6545,4,22,0,2,0,0,1,0
1313284,4,2022,2022,2,2,8,73,24,17,88,0,1,1,-33.769836,151.235184,50,0,2,1,0,0,0,0,2,0,7,80,2,3775,3775,0,0,0,4,0,2,1,0
1313286,4,2022,2022,2,0,8,45,31,204,331,0,1,9,-33.936055,151.155321,4,0,2,1,0,0,0,0,2,2,7,60,2,591,591,1,22,25,2,0,1,0,0
1313287,2,2023,2023,3,0,3,76,27,69,148,1,0,9,-32.936811,151.741461,48,0,2,1,0,0,0,0,2,0,9,60,1,2040,2040,9,9,28,2,0,0,1,0
1313290,2,2023,2023,3,1,7,3,27,10,3,0,1,1,-29.868994,146.933069,51,1,0,1,0,0,0,0,2,0,7,100,1,1089,1089,7,10,40,2,0,0,2,0
1313292,2,2022,2022,9,1,6,191,27,370,68,0,1,2,-34.065042,150.80625,13,0,2,1,1,0,0,0,2,0,7,60,1,14295,14295,3,0,19,2,0,0,1,0
1313293,4,2023,2023,4,3,9,294,17,15,288,0,1,1,-34.513184,145.238382,51,1,0,0,0,0,0,0,2,0,7,110,2,418,714,5,34,40,1,0,2,0,0
1313299,2,2023,2023,3,5,10,3371,17,30,3342,0,1,2,-33.274424,151.429585,16,2,2,1,0,0,0,0,0,0,7,70,2,4026,4026,8,16,40,1,0,0,1,0
1313304,2,2023,2023,3,3,10,1,31,105,34609,0,1,1,-32.722645,151.515656,42,2,1,1,2,0,0,0,0,0,7,50,0,3775,3775,0,10,0,2,0,0,1,1
1313305,2,2023,2023,3,1,7,500,27,646,799,0,1,2,-33.933728,151.027556,15,0,2,1,1,0,0,0,2,0,7,60,2,2040,2040,9,5,28,2,0,0,1,0
1313308,2,2023,2023,3,4,7,71,31,290,103,0,1,9,-33.863453,151.009277,21,0,2,1,1,0,3,3,2,2,7,60,1,14295,14295,3,0,0,2,0,0,1,0
1313311,2,2023,2023,4,0,0,103,36,4,157,0,1,1,-28.554394,152.97538,51,1,0,0,0,0,0,0,0,0,7,100,2,4552,5151,8,10,40,1,0,0,1,0
1313313,2,2022,2022,2,2,5,8,27,36,34609,0,1,1,-32.957719,151.589125,37,0,2,0,0,0,0,0,2,0,7,80,0,3775,3775,0,21,0,2,0,0,1,1
1313318,4,2023,2023,3,6,7,125,27,21,144,0,1,2,-32.767027,152.012868,57,2,1,0,1,0,0,0,2,0,7,80,2,14295,14295,3,0,5,2,0,2,0,0
1313320,2,2023,2023,4,4,5,6,31,189,34609,0,1,1,-33.952906,151.050407,25,0,2,1,1,0,0,0,2,0,7,50,0,1981,1981,4,5,0,2,0,0,2,0
1313323,2,2023,2023,3,5,10,5,27,42,34609,0,1,1,-33.874818,150.822917,24,0,2,1,2,0,0,0,0,0,7,60,0,9859,9859,8,5,40,1,0,0,1,0
1313325,4,2023,2023,4,2,3,12,1,92,34609,0,1,2,-33.971762,150.816648,13,0,2,1,0,0,3,0,2,0,7,50,0,1945,1945,5,16,40,1,0,1,0,0
1313327,4,2022,2022,2,2,6,308,14,127,311,0,1,3,-33.831192,150.856573,24,0,2,1,1,0,0,0,2,0,7,40,2,14295,14295,3,5,36,5,0,2,1,1
1313328,2,2022,2022,9,1,5,149,27,294,198,0,1,9,-33.930873,150.93277,41,0,2,1,0,0,0,0,2,0,7,60,2,1282,1282,1,8,5,2,0,0,1,0
1313330,1,2023,2023,3,3,9,50,36,14,43,0,1,1,-36.45316,148.491937,65,1,0,0,0,0,0,0,2,0,7,100,2,1089,1089,7,16,40,1,0,0,0,1
1313331,2,2023,2023,3,0,7,19,27,55,34609,0,1,9,-33.788934,150.883604,7,0,2,1,1,0,0,0,2,0,7,50,0,775,775,4,5,19,2,0,0,1,0
1313333,4,2023,2023,4,3,5,19,27,10,16,0,1,1,-31.603541,152.488217,56,1,0,0,1,0,0,0,2,0,7,100,1,782,957,5,16,40,1,0,1,0,0
1313335,1,2023,2023,3,6,4,6,27,60,32,0,1,2,-33.833807,151.144572,51,0,2,1,2,0,0,0,2,0,7,50,1,14295,14295,3,0,0,2,0,0,0,1
1313343,2,2023,2023,4,6,2,168,10,21,260,0,1,10,-33.951629,151.161179,4,0,2,0,2,0,0,0,0,2,7,60,2,1383,1383,1,16,40,2,0,0,1,0
1313344,2,2023,2023,3,1,0,1104,14,323,962,0,1,3,-33.791489,150.811976,7,0,2,1,2,0,0,0,0,0,7,40,2,14295,14295,3,5,5,2,0,0,2,0
1313346,4,2023,2023,4,3,4,24,27,57,36,0,1,1,-33.613947,150.98807,71,0,2,1,0,0,0,0,2,0,7,60,1,1945,1945,5,22,40,3,0,2,1,0
1313350,4,2023,2023,4,2,8,13,27,13,34609,0,1,1,-35.20694,150.483403,63,2,1,1,0,2,0,0,2,0,7,80,0,1945,1945,5,16,40,1,0,1,0,0
1313352,2,2023,2023,3,2,2,308,14,252,311,0,1,6,-33.932677,150.868265,41,0,2,0,2,0,0,0,0,0,7,100,2,4552,5151,8,0,40,1,0,0,1,0
1313357,2,2023,2023,4,2,5,125,27,46,123,0,1,7,-33.304947,151.403306,16,2,2,0,1,0,0,0,2,0,0,70,2,6545,6545,4,5,5,2,0,0,1,1
1313358,2,2023,2023,3,0,10,2126,17,247,2149,0,1,2,-33.808662,150.940646,21,0,2,1,2,0,0,0,0,0,7,80,2,1192,1192,1,5,0,2,0,0,2,0
1313361,2,2023,2023,3,4,3,5,18,24,6,0,1,7,-32.80168,151.466502,17,2,1,0,0,0,0,0,2,0,0,60,1,6545,6545,4,0,13,2,0,0,1,0
1313362,4,2023,2023,3,4,10,57,31,77,321,0,1,9,-33.885668,151.202708,69,0,2,1,2,0,0,0,0,0,7,50,2,387,387,1,17,0,2,0,1,0,0
1313364,4,2023,2023,3,0,6,3371,17,40,3342,0,1,2,-31.531892,152.78954,56,1,0,0,0,0,0,0,2,0,7,100,2,4552,5151,8,0,40,1,0,1,0,0
1313366,2,2023,2023,4,3,5,44,27,21,34609,1,0,9,-34.376675,150.913432,80,0,2,1,1,0,0,0,2,0,7,50,0,368,368,9,5,28,2,0,0,1,0
1313367,1,2023,2023,4,6,11,90,31,252,165,0,1,2,-33.890758,151.217011,69,0,2,1,2,0,3,4,0,0,7,60,2,14295,14295,3,5,5,2,0,0,0,1
1313369,1,2023,2023,3,0,8,2126,17,363,2149,0,1,9,-33.824798,151.004625,54,0,2,1,1,0,0,0,2,2,7,60,2,1945,1945,5,16,40,1,0,0,0,1
1313371,2,2023,2023,3,2,3,29,27,137,30,0,1,1,-33.905596,150.892725,24,0,2,1,0,0,0,0,1,0,7,60,1,1981,1981,4,34,5,2,0,0,1,0
1313373,2,2023,2023,3,4,9,37,27,46,41,0,1,7,-28.820473,153.285499,39,2,1,1,0,0,0,0,2,0,0,50,1,6545,6545,4,0,19,2,0,0,1,0
1313374,1,2023,2023,4,5,6,2126,17,90,2149,0,1,10,-33.711373,150.312667,8,2,2,1,1,0,0,0,2,2,7,70,2,14295,14295,3,5,5,2,0,0,0,1
1313377,2,2022,2022,2,6,8,330,27,49,605,0,1,9,-33.723518,151.298607,50,0,2,1,1,0,0,0,2,0,7,60,2,1220,1220,9,9,28,2,0,0,1,0
1313381,2,2023,2023,3,1,9,346,17,103,332,0,1,2,-28.813413,153.311889,39,2,1,0,1,0,0,0,3,0,7,60,2,4552,5151,8,5,40,1,0,0,1,0
1313388,2,2023,2023,3,6,7,26,27,80,34609,0,1,9,-33.818437,151.172858,38,0,2,1,0,0,0,0,2,0,7,50,0,1945,1945,5,15,40,1,0,0,1,0
1313390,4,2023,2023,3,6,7,4,10,7,62,0,1,1,-36.723438,149.97822,5,2,1,1,0,0,0,0,2,0,7,50,1,9859,9859,8,5,40,2,0,1,0,0
1313392,1,2023,2023,4,0,4,196,10,33,168,0,1,9,-33.96772,151.033509,15,0,2,1,1,0,0,0,2,0,7,70,2,1282,1282,1,0,5,2,0,0,0,1
1313393,4,2023,2023,3,3,9,30,24,167,34609,0,1,9,-33.83087,151.07131,54,0,2,1,0,0,0,0,3,0,0,50,0,5929,5929,1,5,5,2,0,1,0,1
1313394,4,2023,2023,4,2,6,866,17,171,793,0,1,10,-33.802838,150.971052,54,0,2,1,0,0,0,0,2,2,7,70,2,1282,1282,1,9,35,5,0,1,0,0
1313397,2,2023,2023,3,2,5,89,27,5,34609,0,1,1,-32.868581,151.079051,64,2,1,0,0,0,0,0,2,0,7,80,0,782,957,5,16,40,1,0,0,1,0
1313400,2,2023,2023,3,3,7,232,36,109,331,0,1,9,-33.952021,150.850632,41,0,2,1,1,0,0,0,2,2,7,70,2,14295,14295,3,10,5,2,0,0,1,0
1313401,2,2022,2022,2,4,4,60,10,121,84,0,1,2,-28.188172,153.540861,72,2,1,0,1,0,3,4,2,0,7,60,1,1957,777,8,5,40,1,0,0,1,0
1313402,2,2023,2023,3,5,3,44,27,23,126,0,1,9,-32.766649,151.813979,57,2,1,1,0,0,0,0,2,0,0,80,2,256,256,4,16,0,2,0,0,1,0
1313407,2,2023,2023,4,2,7,44,27,67,38,1,0,9,-33.874428,150.890274,24,0,2,0,1,0,0,0,2,0,7,60,1,2852,2852,4,10,13,3,0,0,2,0
1313408,2,2023,2023,3,3,6,14,10,67,34609,0,1,10,-33.63899,150.9044,71,0,2,1,1,0,0,0,2,0,15,70,0,6545,6545,4,0,5,2,0,0,1,0
1313409,4,2023,2023,3,2,1,6,27,5,34609,0,1,1,-33.410369,149.854604,3,1,0,1,0,0,0,0,0,0,7,100,0,9859,9859,8,10,40,1,0,1,0,0
1313410,2,2023,2023,3,3,10,169,1,187,94,0,1,6,-33.879642,150.97864,24,0,2,0,2,0,0,0,0,0,7,60,1,1957,4009,8,5,40,1,0,0,1,0
1313412,1,2023,2023,3,2,4,3371,17,207,3342,0,1,1,-33.584723,151.181535,31,0,2,0,0,0,0,0,2,0,7,80,2,4552,5151,8,16,40,1,0,0,0,1
1313413,2,2023,2023,4,1,7,475,10,137,268,0,1,1,-33.903367,150.897088,24,0,2,1,1,0,0,0,2,0,7,60,2,14295,14295,3,10,13,4,0,0,1,0
1313417,2,2023,2023,3,2,9,1,27,6,34609,0,1,1,-35.504655,149.248599,58,1,0,0,0,2,0,0,0,0,7,100,0,4552,5151,8,5,40,1,0,0,1,1
1313418,4,2023,2023,4,1,8,334,17,25,308,0,1,1,-30.876798,151.23568,70,1,0,0,0,0,0,0,2,0,7,100,2,2585,4009,8,16,40,1,0,1,0,0
1313420,4,2023,2023,4,6,4,280,10,54,240,0,1,7,-33.85088,150.876461,24,0,2,1,1,0,0,0,2,0,0,60,2,1850,985,5,29,40,1,0,1,0,0
1313421,1,2023,2023,3,4,6,2,27,31,34609,0,1,1,-33.772683,151.271104,50,0,2,1,0,0,0,0,2,0,7,50,0,9859,9859,1,0,4,2,0,0,0,1
1313424,2,2022,2022,10,0,1,334,17,22,308,0,1,1,-31.334467,152.012452,51,1,0,0,0,0,0,0,0,0,7,100,2,4552,5151,8,5,40,1,0,0,1,0
1313425,1,2023,2023,3,1,4,137,31,53,34609,0,1,1,-32.927023,151.765286,48,0,2,1,1,0,0,0,2,0,7,60,0,2040,2040,9,5,28,2,0,0,0,1
1313426,4,2023,2023,3,0,8,17,31,460,92,0,1,9,-33.834157,150.993401,21,0,2,1,0,0,0,0,2,0,15,60,1,14295,14295,3,10,5,2,0,1,0,1
1313427,2,2023,2023,3,3,4,12,27,22,34609,0,1,1,-35.17048,150.011276,58,2,1,0,0,0,0,3,2,0,7,80,0,83,83,5,16,40,1,0,0,1,0
1313428,2,2023,2023,3,0,4,18,31,215,34609,0,1,7,-35.111435,147.367175,75,2,1,1,0,0,0,0,2,0,0,50,0,6545,6545,4,0,0,2,0,0,2,0
1313430,2,2023,2023,3,6,6,62,31,77,33,0,1,1,-32.562944,151.169443,64,2,1,1,0,0,0,3,2,0,7,40,1,9859,9859,8,5,40,1,0,0,1,0
1313432,1,2022,2022,11,0,7,71,17,61,71,0,1,1,-35.519131,144.978899,51,2,1,1,1,0,0,0,2,0,7,50,2,4026,4026,8,10,40,1,0,0,0,1
1313436,4,2022,2022,2,2,4,2,27,2,34609,0,1,1,-34.408446,146.729784,51,1,0,1,1,0,0,0,2,0,7,100,0,9859,9859,8,10,40,1,0,1,0,0
1313437,4,2023,2023,4,5,4,11,27,150,34609,0,1,10,-33.92118,151.225299,59,0,2,1,1,0,0,0,2,0,15,50,0,6545,6545,4,5,5,2,0,1,0,0
1313439,2,2023,2023,3,3,4,387,27,290,331,0,1,1,-33.949306,151.127064,4,0,2,1,1,0,0,0,2,2,9,60,2,2040,2040,9,33,28,2,0,0,1,0
1313440,4,2023,2023,3,2,5,2,27,7,34609,0,1,10,-32.889023,151.334198,17,2,1,0,0,2,0,0,2,0,7,50,0,1850,777,5,0,40,1,0,1,0,0
1313442,1,2023,2023,4,5,8,79,31,149,18,1,0,1,-33.862191,151.17105,32,0,2,1,1,0,0,0,2,0,7,40,1,2040,2040,9,10,28,2,0,0,0,1
1313443,4,2023,2023,3,4,7,109,27,137,105,0,1,1,-33.895157,150.905478,24,0,2,1,0,0,0,0,2,0,7,60,2,340,340,9,5,28,2,0,1,0,0
1313444,4,2023,2023,3,5,3,38,27,56,70,0,1,9,-33.751661,150.776481,55,0,2,1,1,0,0,0,2,0,7,60,1,515,515,1,5,19,3,0,1,0,1
1313446,2,2023,2023,4,0,9,97,31,363,92,0,1,10,-33.82048,150.995925,54,0,2,1,0,0,3,4,3,0,0,60,1,926,926,4,5,0,2,0,0,1,0
1313448,4,2023,2023,3,1,7,178,1,226,34609,0,1,1,-33.766266,150.813267,7,0,2,1,1,0,0,0,2,0,7,50,0,9859,9859,1,21,13,2,0,1,0,0
1313449,2,2023,2023,3,5,3,76,27,85,148,0,1,10,-32.933495,151.720901,48,0,2,1,1,0,3,3,2,0,0,60,1,2852,2852,4,5,5,2,0,0,1,0
1313450,4,2023,2023,3,5,8,19,27,87,34609,0,1,1,-33.687521,150.945044,71,0,2,1,0,0,0,0,2,0,7,60,0,340,340,9,0,28,2,0,1,0,0
1313452,2,2023,2023,3,6,0,44,31,136,34609,1,0,1,-33.923136,151.077541,15,0,2,1,2,0,0,0,0,0,7,50,0,9859,9859,1,16,12,2,0,0,1,0
1313456,4,2023,2023,3,2,9,2,1,25,34609,0,1,1,-34.481963,150.869116,80,0,2,1,1,0,0,0,2,0,7,50,0,238,238,9,5,28,2,0,1,0,0
1313458,2,2023,2023,3,2,7,40,31,363,34609,0,1,7,-33.757531,150.696946,55,0,2,1,0,0,0,0,2,0,0,50,0,6545,6545,4,5,5,2,0,0,1,1
1313462,4,2023,2023,3,1,6,10,27,106,34609,0,1,9,-33.890063,151.182249,69,0,2,1,1,0,0,0,2,2,7,40,0,1220,1220,9,5,28,2,0,1,0,0
1313463,4,2022,2022,2,0,8,3371,17,225,3342,0,1,2,-33.79525,151.178367,77,0,2,1,0,0,0,0,2,0,7,60,2,1282,1282,1,10,19,2,0,1,0,0
1313464,2,2023,2023,3,5,10,478,17,128,480,0,1,9,-33.427798,151.321609,16,2,2,1,2,0,0,0,0,2,7,70,2,256,256,4,5,20,2,0,0,1,0
1313465,2,2023,2023,3,4,10,86,27,16,65,0,1,1,-30.124855,152.612499,18,1,0,0,0,0,3,4,0,0,7,100,1,418,714,5,0,40,1,0,0,1,0
1313472,4,2023,2023,4,2,0,42,10,39,172,0,1,9,-32.890038,151.572341,37,0,2,1,1,0,3,4,0,0,0,80,2,489,489,8,5,40,1,0,1,1,0
1313473,4,2023,2023,3,1,8,125,27,108,123,0,1,10,-33.308896,151.418447,16,2,2,1,1,0,0,0,2,2,7,70,2,6545,6545,4,0,12,2,0,1,0,0
1313477,2,2023,2023,4,6,5,12,31,37,34609,0,1,1,-32.677014,151.389471,17,2,1,1,0,0,0,0,2,0,7,50,0,220,220,8,5,40,1,0,0,1,0
1313478,2,2023,2023,4,0,9,2,31,14,4,0,1,10,-33.293927,146.373058,51,2,1,1,1,0,0,0,2,0,0,50,1,6545,6545,4,10,13,2,0,0,1,0
1313481,1,2023,2023,3,3,5,3,31,155,34609,0,1,1,-33.141783,148.172723,53,2,1,0,1,0,0,0,2,0,4,50,0,4552,5151,8,30,40,1,0,0,0,1
1313484,2,2022,2022,2,6,5,1,27,89,34609,1,0,9,-33.869511,150.876129,24,0,2,0,0,0,0,0,2,0,8,50,0,2852,2852,4,5,0,2,0,0,1,0
1313493,4,2023,2023,3,1,7,3371,17,65,3342,0,1,2,-30.388534,153.03781,19,1,0,1,1,0,0,0,2,0,7,110,2,9859,9859,8,5,40,1,0,1,0,0
1313496,4,2022,2022,9,1,5,2,27,26,34609,0,1,1,-32.738027,151.359088,17,2,1,1,1,0,0,0,2,0,7,80,0,1945,1945,5,16,40,2,0,1,1,0
1313498,4,2023,2023,4,5,4,55,1,167,34609,0,1,10,-33.849869,151.073807,54,0,2,1,0,0,0,0,2,2,7,60,0,5929,5929,1,0,5,2,0,2,0,0
1313501,2,2023,2023,4,1,11,3371,17,29,3342,0,1,2,-32.204088,152.324199,43,1,0,1,2,0,3,4,0,0,7,100,2,9859,9859,8,29,40,1,0,0,1,0
1313503,1,2023,2023,4,1,7,133,27,6,174,0,1,1,-32.86845,151.416713,17,1,0,1,0,0,3,3,2,0,7,100,2,3775,3775,0,5,5,2,0,0,0,1
1313508,2,2023,2023,3,5,7,8,27,164,8,0,1,1,-33.741084,150.884107,7,0,2,1,0,0,0,0,2,0,7,60,1,1109,787,1,21,5,3,0,0,1,0
1313510,2,2023,2023,4,2,5,334,17,37,308,0,1,7,-30.985234,151.593303,51,2,1,1,1,0,0,0,2,0,0,40,2,5929,5929,1,16,0,2,0,0,1,0
1313516,1,2023,2023,3,2,6,126,27,370,168,0,1,2,-34.071839,150.805521,13,0,2,1,1,0,0,6,2,0,7,60,2,14295,14295,3,34,5,4,0,0,0,3
1313519,2,2023,2023,3,0,3,15,31,35,31,0,1,10,-28.807209,153.257206,39,2,1,1,0,0,0,0,2,0,0,50,1,6545,6545,4,10,36,2,0,0,2,0
1313522,2,2023,2023,3,0,4,348,17,9,232,0,1,9,-32.569609,149.559452,44,2,1,1,0,0,0,1,2,0,0,60,2,2852,2852,4,0,36,2,0,0,1,0
1313529,2,2023,2023,4,2,11,10,27,4,34609,0,1,1,-29.861203,152.437529,18,2,1,1,0,2,0,0,0,0,7,80,0,9859,9859,8,0,40,1,0,0,1,0
1313532,4,2023,2023,4,5,9,234,27,337,217,0,1,1,-33.736803,151.001653,71,0,2,1,1,0,0,0,2,0,7,60,2,14295,14295,3,16,22,2,0,1,0,0
1313533,1,2023,2023,3,1,5,3371,17,137,3342,0,1,10,-32.956116,151.704083,37,0,2,1,1,0,0,0,2,2,7,60,2,6545,6545,4,5,0,2,0,0,0,1
1313535,1,2023,2023,4,0,4,485,27,187,769,0,1,9,-33.780353,150.997535,54,0,2,1,1,0,3,4,2,2,7,60,2,14295,14295,3,5,0,2,0,0,0,1
1313539,2,2022,2022,10,3,8,11,27,42,8,0,1,1,-33.587822,151.282787,50,0,2,1,0,0,0,0,2,0,7,80,2,1945,1945,5,16,40,1,0,0,1,0
1313540,2,2023,2023,3,4,4,97,31,363,92,0,1,10,-33.82048,150.995925,54,0,2,1,0,0,0,0,2,0,0,60,1,6545,6545,4,5,0,2,0,0,1,0
1313541,4,2023,2023,3,4,0,829,27,125,770,0,1,2,-33.836769,151.130035,51,0,2,1,2,0,3,4,0,0,7,70,2,4026,4026,8,5,40,1,0,1,0,0
1313543,4,2023,2023,3,2,9,11,31,204,34609,0,1,9,-33.937367,151.140435,4,0,2,1,1,0,0,0,3,0,7,50,0,2852,2852,4,5,19,2,0,1,0,1
1313544,4,2023,2023,3,3,6,293,10,23,172,0,1,1,-33.001992,151.642942,37,0,2,1,0,0,0,0,2,0,7,70,2,1945,1945,5,16,40,1,0,1,0,0
1313556,4,2022,2022,2,0,9,6,27,1,48,0,1,1,-32.735667,151.587922,42,2,1,0,0,0,0,0,2,0,7,80,1,3775,3775,0,5,13,3,0,1,1,0
1313558,2,2023,2023,4,3,7,9,31,43,34609,0,1,10,-32.171433,152.501829,43,2,1,1,0,0,0,0,2,0,0,50,0,6545,6545,4,5,0,2,0,0,1,1
1313563,1,2022,2022,2,3,9,43,22,80,22,0,1,1,-33.876179,151.175477,32,0,2,1,2,0,0,0,3,0,7,50,2,14295,14295,3,16,0,2,0,0,0,1
1313564,4,2023,2023,4,4,7,1104,11,130,770,0,1,2,-33.870033,151.188702,69,0,2,1,1,0,0,0,2,0,7,60,2,14295,14295,3,16,5,2,0,1,0,0
1313565,2,2022,2022,2,0,3,4,27,4,34609,0,1,1,-33.566857,149.549996,3,1,0,0,0,0,3,3,1,0,7,100,0,4552,5151,8,5,40,1,0,0,1,0
1313567,2,2022,2022,9,0,6,25,27,438,34609,0,1,1,-33.858651,151.024445,21,0,2,1,0,0,0,0,2,0,7,50,0,941,941,1,5,5,3,0,0,1,0
1313568,4,2023,2023,4,3,0,27,36,29,27,0,1,1,-31.693296,149.733765,51,1,0,1,0,0,0,0,0,0,7,100,1,4026,4026,8,0,40,1,0,1,1,0
1313569,2,2022,2022,9,6,9,1104,11,532,770,0,1,10,-33.870975,151.203853,69,0,2,1,1,0,0,0,2,2,7,40,2,6545,6545,4,5,5,2,0,0,2,0
1313570,2,2022,2022,2,2,1,2261,17,35,2252,0,1,3,-34.353051,150.54406,78,1,0,0,0,0,3,3,0,0,7,110,2,14295,14295,3,30,5,2,0,0,1,0
1313571,1,2023,2023,4,2,0,157,17,4,158,0,1,1,-33.499811,149.382991,3,2,1,1,0,0,0,0,0,0,7,80,2,9859,9859,8,0,40,1,0,0,0,1
1313572,2,2022,2022,2,3,0,21,27,38,22,0,1,1,-32.778762,151.924229,57,2,1,0,2,0,0,0,0,0,7,60,1,2585,4009,8,5,40,1,0,0,1,0
1313574,1,2022,2022,2,4,5,143,31,252,19,0,1,9,-33.878108,151.213697,69,0,2,1,1,0,0,0,2,0,9,40,1,775,775,4,0,27,2,0,0,0,1
1313575,4,2022,2022,2,1,9,348,17,31,232,0,1,1,-30.952527,148.37617,51,2,1,1,0,0,0,0,2,0,7,50,2,121,121,9,3,28,2,0,1,1,0