Crash ID,Degree of crash - detailed,Reporting year,Year of crash,Month of crash,Day of week of crash,Two-hour intervals,Street of crash,Street type,Town,Route no.,School zone location,School zone active,Type of location,Latitude,Longitude,LGA,Urbanisation,Conurbation 1,Alignment,Street lighting,Road surface,Surface condition,Weather,Natural lighting,Signals operation,Other traffic control,Speed limit,Road classification,RUM - code,DCA - code,First impact type,Key TU type,Other TU type,No. of traffic units involved,No. killed,No. seriously injured,No. moderately injured,No. minor-other injured
1313578,4,2022,2022,2,0,1,79,10,18,231,0,1,1,-33.474753,151.324019,16,2,2,0,2,0,0,0,0,0,7,60,2,4552,5151,8,0,40,1,0,1,0,0
1313579,4,2022,2022,2,5,4,13,31,55,34609,0,1,10,-33.885792,151.280632,76,0,2,1,0,0,0,0,2,0,0,50,0,926,926,4,5,18,2,0,1,0,0
1313580,4,2022,2022,2,6,6,475,10,137,268,0,1,9,-33.913579,150.906813,41,0,2,1,1,0,0,0,2,0,0,70,2,5929,5929,1,5,5,4,0,1,1,0
1313581,1,2022,2022,2,5,7,9,1,169,34609,0,1,7,-33.771817,150.831606,7,0,2,1,0,0,0,0,2,0,0,50,0,6545,6545,4,0,5,2,0,0,0,1
1313582,4,2022,2022,2,3,6,265,17,9,193,0,1,1,-34.750851,147.871864,51,1,0,1,0,0,0,0,2,0,7,100,2,9859,9859,8,30,40,1,0,1,0,0
1313585,4,2023,2023,4,4,10,19,27,137,49,0,1,9,-33.901787,150.897476,24,0,2,1,2,0,0,0,0,0,7,50,1,5929,5929,1,30,19,2,0,1,0,0
1313587,2,2023,2023,4,6,3,18,27,89,27,0,1,10,-33.674524,150.792127,55,0,2,1,0,0,0,0,2,0,7,80,1,14295,14295,3,33,27,2,0,0,1,0
1313588,1,2022,2022,2,3,10,19,27,562,17,0,1,1,-32.133047,148.77629,22,1,0,0,0,0,0,0,3,0,7,100,1,4552,5151,8,5,40,1,0,0,0,1
1313590,4,2023,2023,4,3,5,72,27,72,56,0,1,9,-33.793845,151.065969,61,0,2,1,2,0,3,4,2,2,7,60,2,14295,14295,3,0,5,3,0,2,0,0
1313591,1,2022,2022,2,6,8,24,27,115,52,0,1,1,-33.9132,151.171103,32,0,2,1,1,0,0,0,2,0,7,50,1,14295,14295,3,33,27,2,0,0,0,1
1313592,2,2022,2022,2,0,7,100,31,157,38,0,1,10,-33.803199,151.003199,54,0,2,0,1,0,0,0,2,2,7,60,1,6545,6545,4,5,5,2,0,0,1,0
1313594,2,2023,2023,4,4,8,916,17,27,15,0,1,10,-32.657197,151.361354,17,2,1,1,1,0,0,3,2,2,7,60,1,5929,5929,1,5,19,2,0,0,1,0
1313597,2,2022,2022,2,4,11,2261,17,80,2252,0,1,9,-33.95946,150.88543,13,0,2,1,3,0,0,0,0,2,7,70,2,2852,2852,4,5,5,2,0,0,1,0
1313598,2,2022,2022,9,2,0,22,31,20,34609,1,0,2,-30.226162,149.441542,51,2,1,1,2,0,0,0,0,0,7,50,0,9859,9859,8,5,40,1,0,0,2,0
1313600,4,2022,2022,2,2,7,109,27,44,169,0,1,9,-32.812439,151.424947,17,2,1,0,1,0,0,0,2,0,7,60,2,43,43,3,16,0,2,0,1,1,0
1313601,4,2022,2022,2,1,4,149,27,42,198,0,1,9,-33.942422,150.942694,41,0,2,0,1,0,0,0,2,2,7,60,2,2852,2852,4,10,5,2,0,1,0,1
1313602,2,2023,2023,4,5,11,2209,17,95,2205,0,1,2,-34.394737,150.896028,80,0,2,1,0,0,0,0,0,0,7,90,2,9859,9859,8,5,40,1,0,0,1,0
1313604,2,2023,2023,4,6,11,90,31,54,165,0,1,2,-33.899102,151.215548,69,0,2,1,2,0,3,4,0,0,7,60,2,14295,14295,3,0,0,3,0,0,1,2
1313605,2,2023,2023,4,1,1,171,27,24,369,0,1,2,-33.944088,150.736099,12,0,2,1,2,0,0,0,0,0,7,80,2,9859,9859,8,9,40,1,0,0,1,0
1313606,4,2023,2023,4,4,3,2261,17,35,2252,0,1,3,-34.342275,150.554056,78,1,0,1,0,0,0,3,1,0,7,110,2,9859,9859,8,30,40,1,0,1,0,0
1313610,4,2022,2022,9,2,9,2,27,6,1,0,1,1,-32.083062,150.934478,73,2,1,1,0,0,0,0,2,0,7,80,0,4026,4026,8,5,40,1,0,1,1,0
1313612,4,2022,2022,9,4,0,137,14,55,70,0,1,3,-32.833911,151.537032,17,1,0,1,2,0,0,0,0,0,7,110,2,14295,14295,3,5,5,3,0,1,0,0
1313614,2,2022,2022,2,4,9,149,27,294,198,0,1,9,-33.934882,150.934855,41,0,2,1,3,0,0,0,0,0,0,60,2,2852,2852,4,0,0,2,0,0,1,0
1313615,4,2022,2022,2,3,7,57,36,112,769,0,1,1,-33.611576,150.81238,29,2,2,1,1,0,0,0,2,0,7,60,2,1220,1220,9,10,28,2,0,1,0,0
1313616,2,2023,2023,4,4,1,10,31,155,34609,0,1,10,-33.131445,148.173752,53,2,1,1,3,0,0,0,0,0,0,50,0,6545,6545,4,0,12,2,0,0,1,0
1313617,2,2022,2022,9,2,6,5,27,45,34609,0,1,1,-34.251131,150.607138,79,2,2,0,0,0,0,0,2,0,7,80,0,3775,3775,0,0,0,2,0,0,2,1
1313618,4,2022,2022,2,4,6,2,31,207,34609,0,1,10,-31.951048,141.450725,51,2,1,1,0,0,0,0,2,0,0,50,0,6545,6545,4,5,0,2,0,2,1,1
1313620,2,2022,2022,2,0,9,24,27,57,36,0,1,1,-33.616352,150.989304,71,0,2,0,0,0,0,0,0,0,7,60,1,4552,5151,8,5,40,1,0,0,2,0
1313623,2,2022,2022,2,0,11,2,31,246,34609,0,1,1,-33.917024,151.198103,69,0,2,1,2,0,0,0,0,0,7,50,0,3775,3775,0,5,18,2,0,0,1,0
1313624,2,2022,2022,9,5,3,916,17,19,917,0,1,1,-30.677029,151.48001,51,2,1,1,0,0,0,0,2,0,7,60,2,14295,14295,3,10,13,2,0,0,1,0
1313625,4,2022,2022,9,6,3,866,17,77,793,0,1,9,-33.730284,151.082401,31,0,2,0,1,0,0,0,2,0,7,70,2,5929,5929,1,5,27,3,0,2,0,0
1313627,2,2023,2023,4,4,7,92,31,111,34609,0,1,10,-33.925965,151.257022,59,0,2,1,0,0,0,0,2,0,15,50,0,6545,6545,4,5,27,2,0,0,1,0
1313632,2,2023,2023,4,5,9,36,27,71,55,1,0,1,-33.840251,150.975379,21,0,2,1,1,0,0,0,3,0,7,50,1,1981,1981,4,0,27,2,0,0,1,0
1313643,2,2023,2023,4,3,7,2261,17,523,2252,0,1,6,-33.928372,150.918155,41,0,2,0,1,0,0,0,2,2,9,60,2,591,591,1,22,40,2,0,0,1,0
1313648,1,2023,2023,3,6,9,50,27,169,382,0,1,2,-33.778849,150.842281,7,0,2,1,3,0,0,0,3,0,7,60,2,14295,14295,3,0,5,2,0,0,0,1
1313649,2,2023,2023,7,6,4,4,31,148,34609,1,2,9,-36.040218,146.948182,0,2,1,1,3,0,0,0,2,0,0,40,0,2852,2852,4,0,0,2,0,0,2,0
1313650,2,2023,2023,3,2,8,63,27,224,605,0,1,9,-33.814132,151.243817,45,0,2,1,1,0,0,0,2,0,7,60,2,14295,14295,3,0,5,2,0,0,1,0
1313652,1,2023,2023,3,1,7,95,31,204,34609,0,1,9,-33.892174,151.130017,32,0,2,1,3,0,0,0,2,0,15,50,0,926,926,4,5,0,3,0,0,0,1
1313655,2,2023,2023,3,3,0,10,27,74,34609,0,1,1,-33.754586,150.83265,7,0,2,1,3,0,0,0,0,0,7,50,0,9859,9859,8,5,40,1,0,0,1,0
1313656,4,2023,2023,3,4,6,9,22,108,237,0,1,6,-33.812554,151.177053,77,0,2,0,3,0,0,0,2,0,7,40,2,1850,1463,5,16,40,1,0,1,0,0
1313657,2,2023,2023,3,0,8,115,27,113,173,0,1,9,-34.375087,150.831061,80,0,2,0,3,0,0,0,2,0,0,100,2,5929,5929,1,5,13,2,0,0,1,1
1313666,2,2023,2023,3,3,7,2,31,86,34609,0,1,1,-33.743281,150.917336,7,0,2,1,3,0,0,0,2,0,7,50,0,4026,4026,1,5,13,4,0,0,1,0
1313668,4,2023,2023,4,1,7,2,7,18,34609,0,1,1,-34.058586,151.139623,68,0,2,1,0,0,0,0,2,0,7,50,0,340,340,9,0,28,2,0,1,0,0
1313670,4,2023,2023,3,2,11,125,27,21,144,0,1,2,-32.7667,152.017403,57,2,1,1,2,0,0,0,0,0,7,80,2,4026,4026,8,5,40,1,0,2,1,1
1313671,2,2022,2022,11,0,8,110,27,41,173,0,1,2,-34.395807,150.866589,80,0,2,1,3,0,0,0,2,0,7,80,2,1391,1391,1,5,0,4,0,0,1,1
1313672,2,2023,2023,3,6,3,145,27,143,51,0,1,9,-33.697333,151.099281,31,0,2,1,3,0,3,4,2,0,7,60,2,1945,1945,5,15,40,1,0,0,1,0
1313679,1,2023,2023,3,0,0,2126,17,163,2149,0,1,9,-33.867217,151.096217,9,0,2,1,3,0,0,0,0,2,7,60,2,14295,14295,3,5,5,2,0,0,0,1
1313680,1,2023,2023,3,5,5,485,27,323,769,0,1,9,-33.767708,150.998432,71,0,2,1,3,0,0,0,2,2,7,60,2,5929,5929,1,21,0,2,0,0,0,1
1313681,1,2023,2023,4,1,5,38,27,53,38,0,1,9,-33.364645,151.448472,16,2,2,1,3,0,0,0,2,2,7,50,1,14295,14295,3,5,0,2,0,0,0,1
1313682,2,2023,2023,3,2,6,89,17,82,34609,1,0,10,-34.366445,150.898334,80,0,2,1,0,0,0,6,2,2,7,60,0,6545,6545,4,5,5,2,0,0,1,0
1313683,2,2023,2023,3,6,5,10,27,106,34609,0,1,1,-33.890608,151.182422,69,0,2,1,3,0,0,0,2,0,7,40,0,1282,1282,1,10,27,2,0,0,1,0
1313685,2,2023,2023,3,2,5,95,31,316,34609,0,1,10,-33.915078,151.236925,59,0,2,1,1,0,0,0,2,3,7,50,0,14295,14295,3,0,36,4,0,0,1,0
1313690,4,2023,2023,3,3,6,296,27,460,293,0,1,2,-33.842863,150.998598,21,0,2,1,1,0,0,0,2,0,7,70,2,14295,14295,3,33,5,2,0,1,0,0
1313692,2,2023,2023,3,1,4,204,31,169,9,0,1,10,-33.8971,151.213136,69,0,2,1,0,0,0,0,2,2,7,50,1,1850,777,5,15,40,1,0,0,1,0
1313693,1,2023,2023,3,5,8,485,27,232,769,0,1,10,-33.690433,150.92216,7,0,2,1,3,0,0,0,2,2,7,80,2,14295,14295,3,0,5,3,0,0,0,1
1313694,2,2023,2023,3,3,9,3371,17,92,3342,0,1,7,-33.409008,151.350104,16,2,2,0,3,0,0,0,3,0,0,60,2,5929,5929,1,5,5,2,0,0,1,0
1313696,2,2023,2023,3,0,10,154,27,293,244,0,1,1,-33.924979,151.055694,15,0,2,1,2,0,0,0,0,0,7,60,2,14295,14295,3,5,5,3,0,0,1,0
1313698,2,2023,2023,3,1,4,3371,17,65,3342,0,1,1,-33.379736,151.374263,16,2,2,1,1,0,3,4,2,0,7,60,2,3775,3775,0,0,5,3,0,0,1,0
1313700,2,2023,2023,3,1,4,2126,17,363,2149,0,1,10,-33.750806,150.687725,55,0,2,1,1,0,0,0,2,2,9,60,2,591,591,1,22,0,2,0,0,1,0
1313703,4,2023,2023,3,2,5,72,27,121,102,0,1,9,-33.796097,151.280349,50,0,2,1,1,0,0,0,2,0,7,60,2,5929,5929,1,9,27,2,0,1,0,0
1313704,2,2023,2023,3,0,9,169,31,106,332,0,1,9,-28.867754,153.044877,60,2,1,1,2,0,0,0,0,0,7,50,2,591,591,1,22,5,2,0,0,1,0
1313706,2,2023,2023,3,5,4,35,1,63,52,0,1,9,-33.734646,150.798965,7,0,2,1,1,0,3,4,2,0,15,60,1,6545,6545,4,5,25,2,0,0,1,0
1313718,2,2023,2023,3,3,4,3371,17,44,3342,0,1,2,-30.563143,153.004787,6,1,0,1,0,0,0,0,2,0,7,110,2,1945,1945,5,10,40,1,0,0,1,0
1313725,4,2023,2023,3,0,3,31,1,234,139,0,1,2,-34.289346,146.057519,28,2,1,1,1,0,0,0,2,0,7,60,2,515,515,1,10,27,2,0,1,0,0
1313726,4,2023,2023,3,5,6,9,27,4,45,0,1,1,-34.351698,148.111022,30,1,0,0,0,0,0,0,2,0,7,100,1,380,714,5,10,40,1,0,1,0,0
1313728,2,2023,2023,3,1,8,117,27,78,144,0,1,10,-33.857409,151.091943,14,0,2,1,1,0,0,0,2,0,0,60,2,5929,5929,1,15,5,3,0,0,2,0
1313738,2,2023,2023,4,3,7,15,27,102,69,0,1,1,-33.945486,151.208726,4,0,2,0,0,0,3,4,2,0,7,50,1,3775,3775,0,5,0,2,0,0,1,1
1313742,4,2022,2022,2,6,7,2209,17,18,2205,0,1,9,-35.691494,150.192264,23,1,0,1,0,0,0,3,2,0,7,100,2,9859,9859,8,0,40,1,0,1,0,0
1313743,4,2022,2022,2,3,5,15,10,26,34609,0,1,10,-33.067804,151.578193,37,0,2,1,1,0,3,3,2,0,15,50,0,6545,6545,4,34,0,2,0,1,0,0
1313745,2,2023,2023,3,4,7,21,7,62,14,0,1,1,-33.891844,151.142486,32,0,2,1,0,0,0,0,2,0,7,50,1,9859,9859,1,5,0,3,0,0,2,0
1313747,4,2023,2023,3,6,4,1,27,6,34609,0,1,9,-33.896439,151.195014,69,0,2,1,1,0,0,0,2,0,7,40,0,387,387,1,22,0,2,0,1,0,0
1313750,2,2022,2022,9,2,7,3,31,162,34609,0,1,9,-33.842049,150.91095,24,0,2,1,1,0,0,0,2,0,15,60,0,5929,5929,1,5,22,2,0,0,1,1
1313751,2,2023,2023,3,6,4,67,27,147,74,0,1,9,-33.864159,151.128869,14,0,2,1,1,0,0,0,2,0,7,50,2,14295,14295,3,0,0,3,0,0,1,0
1313753,4,2023,2023,3,5,7,11,31,78,51,1,0,10,-33.857812,151.086368,14,0,2,1,1,0,0,0,2,2,9,50,1,2040,2040,9,5,28,2,0,1,0,0
1313754,4,2023,2023,3,3,8,31,31,70,148,0,1,9,-32.906203,151.71975,48,0,2,1,1,0,0,0,2,0,15,60,1,3775,3775,0,5,5,3,0,1,1,1
1313756,1,2023,2023,3,2,7,344,27,609,163,0,1,9,-33.754858,150.890929,7,0,2,1,1,0,0,0,2,0,7,60,2,83,83,1,15,36,2,0,0,0,1
1313757,2,2023,2023,3,3,3,11,31,194,148,1,0,10,-30.518318,151.663485,1,2,1,1,1,0,0,0,2,0,15,50,2,6545,6545,4,5,13,3,0,0,5,0
1313760,2,2023,2023,4,3,8,1052,14,57,928,0,1,3,-33.679685,151.12036,31,0,2,1,0,0,3,3,2,0,7,110,2,14295,14295,3,0,5,2,0,0,1,0
1313762,1,2023,2023,3,4,7,387,27,253,34609,0,1,9,-33.967544,151.10505,25,0,2,1,1,0,0,3,2,2,6,40,0,1220,1220,9,5,28,2,0,0,0,1
1313777,2,2023,2023,3,0,1,1104,14,85,962,0,1,3,-33.782533,150.688453,55,0,2,1,2,0,0,0,0,0,7,110,2,14295,14295,3,10,35,2,0,0,1,0
1313784,1,2023,2023,3,5,8,512,27,108,34609,0,1,7,-33.765735,151.274009,50,0,2,1,1,0,0,0,2,0,7,50,0,1981,1981,4,10,27,2,0,0,0,1
1313785,4,2023,2023,4,4,10,42,36,35,34609,0,1,9,-30.479481,153.004603,6,2,1,1,2,0,0,0,0,0,0,80,0,5929,5929,1,0,36,2,0,1,0,0
1313786,2,2023,2023,4,6,6,71,27,9,69,0,1,9,-36.316682,148.899938,65,1,0,1,0,0,0,0,2,0,7,100,2,5929,5929,1,0,5,3,0,0,2,1
1313788,2,2023,2023,3,3,8,69,31,55,34609,0,1,9,-33.367241,151.459167,16,2,2,1,0,0,0,0,2,0,7,50,0,775,775,4,5,20,2,0,0,1,0
1313791,1,2023,2023,3,6,6,171,27,60,369,0,1,10,-34.025833,150.726224,12,0,2,1,3,0,0,0,2,2,7,80,2,14295,14295,3,10,5,3,0,0,0,1
1313792,2,2022,2022,10,5,8,16,27,37,16,0,1,1,-33.867866,150.716326,55,0,2,1,3,0,3,3,2,0,7,80,1,9859,9859,1,8,5,2,0,0,1,0
1313793,2,2023,2023,3,0,11,60,27,147,69,0,1,9,-33.870306,151.126831,14,0,2,1,2,0,0,0,0,0,7,60,2,1669,1669,3,5,5,2,0,0,1,0
1313794,1,2023,2023,3,3,6,344,27,168,382,0,1,2,-33.697412,150.831325,7,0,2,1,3,0,0,0,2,0,7,80,2,14295,14295,3,0,5,3,0,0,0,1
1313797,1,2022,2022,2,4,6,60,10,121,84,0,1,10,-28.194812,153.542714,72,2,1,1,3,0,0,0,2,2,7,60,1,14295,14295,3,5,0,2,0,0,0,1
1313799,2,2023,2023,3,5,2,5,10,24,34609,1,0,9,-33.734539,150.837753,7,0,2,1,3,0,0,0,1,0,0,50,0,2852,2852,4,10,19,2,0,0,1,0
1313800,2,2023,2023,3,0,9,38,27,8,35,0,1,1,-34.615362,150.786173,35,2,1,0,3,0,0,0,2,0,7,80,1,4552,5151,8,5,40,1,0,0,1,0
1313802,1,2023,2023,3,1,9,21,31,82,34609,0,1,7,-33.826866,151.202209,49,0,2,1,3,0,0,0,0,0,0,50,0,6545,6545,4,16,0,2,0,0,0,1
1313806,2,2023,2023,3,3,5,55,36,7,43,0,1,1,-32.391114,150.496471,46,1,0,1,0,0,0,0,2,0,7,100,1,1945,1945,5,16,40,1,0,0,1,0
1313811,4,2023,2023,4,6,9,42,27,316,34609,0,1,7,-31.448626,152.893245,56,2,1,1,2,0,0,0,3,0,0,50,0,9859,9859,8,5,40,1,0,1,0,0
1313814,4,2023,2023,3,3,9,4,27,14,26,0,1,9,-34.774615,147.169719,51,1,0,1,0,0,0,0,2,0,7,100,1,4026,4026,8,10,40,1,0,1,0,0
1313818,4,2023,2023,4,6,9,15,27,20,34609,0,1,1,-32.927702,151.669143,37,0,2,0,0,0,0,0,2,0,7,50,0,3775,3775,0,16,0,2,0,1,0,0
1313824,4,2022,2022,2,0,5,283,27,145,702,0,1,10,-33.921376,151.067473,15,0,2,1,1,0,0,0,2,2,7,60,2,1109,787,1,0,5,2,0,1,0,0
1313827,1,2023,2023,3,0,6,2,27,69,34609,0,1,9,-33.775465,150.992014,54,0,2,1,3,0,2,6,2,0,15,50,0,14295,14295,3,0,5,2,0,0,0,1
1313830,2,2023,2023,3,6,0,220,27,92,222,0,1,2,-33.722206,150.938744,71,0,2,1,2,0,3,4,0,0,7,80,2,9859,9859,8,34,40,1,0,0,1,0
1313831,2,2023,2023,4,4,5,5,27,8,34609,0,1,1,-28.456802,153.550422,72,2,1,1,1,0,0,0,2,0,7,80,0,1945,1945,5,24,40,2,0,0,1,0
1313833,2,2023,2023,3,1,5,293,31,160,260,0,1,1,-33.095297,151.497218,37,0,2,1,1,0,0,0,2,0,7,80,2,14295,14295,3,0,5,3,0,0,1,0
1313837,4,2023,2023,4,1,7,3,31,202,34609,0,1,1,-33.948143,151.034053,15,0,2,1,0,0,0,0,2,0,7,50,0,4026,4026,1,5,5,3,0,1,0,0
1313843,4,2022,2022,2,5,9,17,31,131,34609,0,1,9,-36.069835,146.924411,0,2,1,1,0,0,3,0,2,0,7,50,0,6545,6545,4,21,5,2,0,1,0,0
1313844,2,2022,2022,2,1,6,41,27,58,80,0,1,9,-32.982036,151.668669,37,0,2,1,1,0,0,0,2,2,7,60,1,5929,5929,1,5,13,2,0,0,1,0
1313846,2,2022,2022,10,4,8,68,31,69,23,0,1,7,-28.553198,153.502455,10,2,1,1,1,0,3,4,2,0,0,50,1,1850,777,5,15,40,1,0,0,1,0
1313848,4,2023,2023,4,0,9,5,27,337,34609,0,1,1,-33.728139,151.009052,71,0,2,1,1,0,0,0,2,0,7,50,0,368,368,9,5,28,2,0,1,0,0
1313849,4,2023,2023,3,3,6,6,27,6,34609,0,1,1,-33.585731,149.390062,51,1,0,0,0,0,0,0,2,0,7,100,0,1850,1463,5,16,40,1,0,2,0,0
1313851,1,2023,2023,3,6,5,40,31,219,262,0,1,10,-32.907454,151.665139,48,0,2,1,2,0,3,4,2,2,7,60,2,14295,14295,3,33,0,2,0,0,0,1
1313852,2,2023,2023,3,4,10,92,27,55,36,0,1,9,-35.70857,150.178647,23,2,1,1,2,0,0,0,0,2,7,50,1,2040,2040,9,5,28,2,0,0,1,0
1313854,2,2023,2023,3,4,3,31,27,20,46,0,1,1,-33.477165,150.211284,40,2,1,0,0,0,3,4,1,0,7,80,2,2585,4009,8,0,40,1,0,0,1,0
1313855,4,2023,2023,3,2,5,52,27,438,103,0,1,1,-33.864252,151.022306,21,0,2,1,0,0,0,0,2,0,7,50,1,1109,397,1,5,5,2,0,1,0,0
1313857,2,2023,2023,3,4,11,32,27,29,28,0,1,1,-33.928675,150.781708,41,0,2,1,0,0,0,0,0,0,7,70,1,9859,9859,8,5,40,1,0,0,1,0
1313858,2,2023,2023,3,1,3,481,17,77,483,0,1,7,-30.320495,149.782089,51,2,1,1,0,0,0,0,1,0,0,50,2,1945,1945,5,16,40,1,0,0,1,0
1313861,4,2023,2023,3,4,8,3,27,304,34609,1,0,1,-33.899389,151.162882,32,0,2,1,0,0,3,4,2,0,7,50,0,2040,2040,9,22,28,2,0,1,0,1
1313862,4,2023,2023,3,6,9,73,27,56,34609,0,1,1,-33.760475,150.791552,55,0,2,1,1,0,0,0,3,0,7,50,0,591,591,1,22,0,2,0,1,0,0
1313867,1,2023,2023,3,4,4,234,27,337,217,0,1,9,-33.731461,151.009334,71,0,2,1,1,0,3,4,2,0,0,60,2,2852,2852,4,5,0,2,0,0,0,1
1313868,2,2023,2023,4,4,7,55,36,8,43,0,1,1,-32.444418,150.283505,46,1,0,1,0,0,3,0,2,0,7,100,1,1945,1945,5,16,40,1,0,0,1,0
1313869,2,2022,2022,2,1,5,111,27,293,233,0,1,2,-33.941783,151.227713,59,0,2,1,1,0,0,0,2,0,7,60,2,9859,9859,1,0,5,3,0,0,1,0
1313871,2,2023,2023,4,0,8,3,36,3,34609,0,1,1,-29.172731,152.115189,51,1,0,1,0,2,3,0,2,0,7,100,0,4026,4026,8,16,40,1,0,0,1,0
1313872,4,2023,2023,7,6,5,19,27,201,46,0,1,1,-34.889155,150.616868,63,2,1,1,0,0,0,0,2,0,7,60,1,9859,9859,8,10,40,1,0,1,0,0
1313875,2,2023,2023,3,5,4,2,31,55,34609,0,1,1,-36.234195,149.131647,65,2,1,1,1,0,0,0,2,0,7,50,0,3775,3775,0,9,13,3,0,0,1,0
1313878,2,2023,2023,3,4,4,3371,17,6,3342,0,1,10,-33.181321,151.594767,16,2,2,1,1,0,3,4,2,2,7,80,2,2852,2852,4,5,0,3,0,0,1,0
1313880,2,2022,2022,2,2,0,147,27,104,605,0,1,2,-33.829286,151.216118,49,0,2,1,2,0,0,0,0,0,7,60,2,14295,14295,3,5,19,2,0,0,1,0
1313881,2,2023,2023,3,2,5,232,36,134,331,0,1,2,-33.954655,150.831797,41,0,2,1,1,0,0,0,2,0,7,80,2,14295,14295,3,0,0,3,0,0,1,0
1313882,2,2023,2023,3,3,0,76,24,164,154,0,1,2,-33.739907,150.871634,7,0,2,1,3,0,2,6,0,0,7,60,1,9859,9859,1,0,13,2,0,0,1,0
1313884,1,2023,2023,3,0,6,330,27,108,605,0,1,9,-33.764072,151.271416,50,0,2,0,1,0,0,0,2,2,7,60,2,5929,5929,1,5,0,2,0,0,0,1
1313885,2,2023,2023,4,3,1,143,31,173,181,0,1,9,-33.879825,151.216021,69,0,2,1,2,0,0,0,0,2,9,40,2,2040,2040,9,30,28,2,0,0,1,0
1313886,4,2023,2023,3,0,5,43,31,104,117,1,0,9,-32.912678,151.704663,48,0,2,1,1,0,0,0,2,0,0,60,2,775,775,4,9,5,2,0,1,0,0
1313888,2,2022,2022,11,0,10,39,27,16,80,0,1,1,-32.97846,151.708378,37,0,2,1,1,0,3,4,0,0,9,40,1,14295,14295,3,5,0,2,0,0,1,0
1313890,2,2022,2022,2,6,11,149,36,10,113,0,1,1,-32.380051,152.448591,43,2,1,0,0,0,0,0,0,0,7,80,1,2585,4009,8,5,40,1,0,0,1,0
1313896,2,2023,2023,3,2,2,8,31,40,34609,0,1,1,-34.416881,150.885084,80,0,2,1,2,0,0,0,0,0,7,50,0,9859,9859,1,5,5,3,0,0,1,0
1313900,4,2023,2023,3,3,7,31,27,20,46,0,1,1,-33.476426,150.184414,40,2,1,0,0,0,0,0,2,0,7,60,2,3775,3775,0,0,5,2,0,1,0,1
1313903,4,2023,2023,3,2,3,5,10,5,34609,0,1,1,-32.536246,148.934152,22,2,1,1,0,0,0,0,1,0,7,50,0,1945,1945,5,16,40,1,0,1,0,0
1313905,4,2023,2023,3,0,3,24,27,15,41,0,1,9,-28.941559,153.22429,60,1,0,1,0,0,0,1,2,0,7,100,1,9859,9859,8,16,40,1,0,1,0,0
1313911,2,2022,2022,2,5,8,171,1,387,104,0,1,9,-33.934364,151.195951,4,0,2,1,1,0,0,0,3,0,6,60,2,14295,14295,3,5,19,2,0,0,1,0
1313914,1,2023,2023,4,4,5,97,31,142,92,0,1,9,-33.830226,150.993227,21,0,2,1,1,0,3,0,2,0,15,60,1,5929,5929,1,5,5,2,0,0,0,1
1313915,2,2023,2023,3,0,9,2209,17,201,2205,0,1,10,-34.880945,150.604257,63,2,1,1,2,0,0,0,3,0,6,70,2,395,395,1,0,5,2,0,0,1,0
1313919,2,2023,2023,3,3,7,13,27,5,143,0,1,9,-34.607187,149.60661,74,1,0,1,0,0,0,0,2,0,7,100,2,475,475,5,16,40,1,0,0,1,0
1313922,2,2023,2023,3,6,7,3371,17,11,3342,0,1,1,-29.61569,153.035504,18,1,0,1,1,0,0,0,2,0,7,100,2,475,475,5,0,40,1,0,0,1,0
1313925,1,2023,2023,3,4,8,1052,27,219,34609,0,1,1,-32.902145,151.671987,48,0,2,0,3,0,0,0,2,0,7,50,0,14295,14295,3,0,13,2,0,0,0,2
1313930,2,2023,2023,7,6,7,21,31,51,34609,0,1,1,-34.199318,150.980346,80,0,2,1,3,0,0,0,2,0,7,50,0,1981,1981,4,30,0,2,0,0,1,0
1313931,2,2023,2023,3,6,3,234,27,34,228,0,1,1,-33.423731,150.976876,31,0,2,0,3,0,3,4,2,0,7,80,2,4552,5151,8,5,40,1,0,0,1,0
1313932,1,2023,2023,3,4,9,169,27,40,61,0,1,10,-33.827126,151.188362,38,0,2,1,3,0,0,0,4,2,7,50,1,926,926,4,5,5,2,0,0,0,1
1313936,2,2023,2023,3,6,9,41,31,119,96,0,1,10,-33.873464,151.155152,32,0,2,1,3,0,0,0,2,2,7,50,2,14295,14295,3,5,0,2,0,0,1,0
1313946,1,2022,2022,3,1,6,38,27,290,159,0,1,1,-33.948939,151.128495,4,0,2,1,3,0,3,3,2,0,7,60,2,1109,787,1,0,12,2,0,0,0,1
1313951,2,2023,2023,3,1,4,4,27,8,34609,0,1,9,-28.302024,153.520009,72,2,1,0,3,0,3,4,2,0,0,80,0,3775,3775,0,10,13,2,0,0,1,0
1313953,1,2023,2023,3,0,4,500,27,271,799,0,1,9,-33.938489,151.018701,15,0,2,0,3,0,0,0,2,2,7,70,2,14295,14295,3,8,0,2,0,0,0,1
1313954,1,2023,2023,3,0,9,16,31,64,18,1,0,9,-33.955873,150.996,15,0,2,1,3,0,0,0,2,0,0,50,1,1282,1282,1,0,5,2,0,0,0,1
1313959,2,2023,2023,4,5,7,89,17,82,34609,0,1,1,-34.375326,150.896526,80,0,2,1,3,0,0,0,2,0,7,60,0,1391,1391,1,30,0,2,0,0,1,0
1313962,1,2023,2023,3,4,8,103,27,123,563,0,1,2,-33.813835,151.052545,54,0,2,1,2,0,0,3,3,0,7,80,2,1192,1192,1,5,12,2,0,0,0,1
1313966,2,2023,2023,3,6,7,2261,17,23,2252,0,1,1,-34.629744,150.162785,78,1,0,1,0,0,0,3,2,0,7,110,2,1945,1945,5,0,40,1,0,0,2,0