Crash ID,Degree of crash - detailed,Reporting year,Year of crash,Month of crash,Day of week of crash,Two-hour intervals,Street of crash,Street type,Town,Route no.,School zone location,School zone active,Type of location,Latitude,Longitude,LGA,Urbanisation,Conurbation 1,Alignment,Street lighting,Road surface,Surface condition,Weather,Natural lighting,Signals operation,Other traffic control,Speed limit,Road classification,RUM - code,DCA - code,First impact type,Key TU type,Other TU type,No. of traffic units involved,No. killed,No. seriously injured,No. moderately injured,No. minor-other injured
1313967,2,2023,2023,3,5,10,2,27,232,34609,0,1,9,-33.693386,150.902084,7,0,2,1,2,0,0,0,0,2,7,60,0,5929,5929,1,5,5,3,0,0,1,0
1313970,2,2023,2023,3,6,9,17,10,63,34609,0,1,1,-33.24078,151.502284,16,2,2,0,2,0,3,4,0,0,7,50,0,2040,2040,9,5,28,2,0,0,1,0
1313973,1,2023,2023,3,4,9,1,31,337,34609,0,1,7,-33.730681,151.007915,71,0,2,1,3,0,0,0,2,0,0,50,0,14295,14295,3,5,0,2,0,0,0,1
1313976,2,2023,2023,3,1,7,23,10,87,23,0,1,1,-33.915533,150.952114,41,0,2,1,3,0,0,0,2,0,7,60,1,14295,14295,3,5,0,2,0,0,1,0
1313977,2,2023,2023,4,6,11,15,27,134,34609,0,1,1,-33.954931,150.794852,12,0,2,1,0,0,3,4,0,0,7,70,0,9859,9859,8,0,40,1,0,0,1,0
1313983,2,2023,2023,4,0,11,3,31,23,34609,0,1,4,-34.57868,150.863221,62,0,2,0,2,0,0,0,0,0,7,50,0,4552,5151,1,21,10,2,0,0,3,1
1313987,2,2023,2023,3,0,8,265,17,74,193,0,1,10,-34.635727,148.034744,20,2,1,1,1,0,0,0,2,0,15,50,2,6545,6545,4,0,13,2,0,0,2,0
1313988,1,2023,2023,3,6,4,105,17,251,136,0,1,9,-33.770991,150.938777,7,0,2,1,2,0,0,0,2,2,7,60,2,14295,14295,3,5,5,2,0,0,0,1
1313991,4,2022,2022,9,5,6,44,27,30,34609,0,1,10,-34.329292,146.025497,28,1,0,1,1,0,3,3,2,0,15,100,0,6545,6545,4,3,13,2,0,1,1,0
1313995,1,2022,2022,9,4,8,3371,17,25,3342,0,1,10,-32.860966,151.704454,48,0,2,1,1,0,0,0,3,1,7,80,2,14295,14295,3,5,0,2,0,0,0,1
1313996,4,2023,2023,3,6,0,32,14,35,124,0,1,3,-33.813396,151.198726,77,0,2,0,2,0,3,4,0,0,7,80,2,1850,1463,5,16,40,1,0,1,0,0
1314001,2,2023,2023,3,2,5,866,17,187,793,0,1,2,-33.792595,150.995953,54,0,2,1,1,0,0,0,2,0,7,70,2,14295,14295,3,5,5,4,0,0,1,0
1314003,2,2023,2023,3,1,5,2261,17,23,2252,0,1,2,-34.058213,150.791822,13,0,2,0,1,0,0,0,2,0,7,110,2,1383,1383,1,5,35,3,0,0,2,0
1314004,4,2022,2022,10,0,6,866,17,54,793,0,1,2,-33.723426,151.092417,31,0,2,0,0,0,0,0,2,0,7,70,2,1282,1282,1,0,19,2,0,1,0,0
1314007,2,2023,2023,7,6,6,6,31,53,34609,0,1,1,-30.641682,153.002069,47,2,1,1,1,0,0,0,2,0,9,40,0,1220,1220,9,10,28,2,0,0,1,0
1314008,4,2023,2023,4,4,4,16,27,11,34609,0,1,9,-33.798857,151.225222,77,0,2,1,0,0,0,0,2,0,7,50,0,1981,1981,4,5,27,2,0,1,0,0
1314014,2,2023,2023,3,5,6,46,36,11,46,0,1,1,-33.089193,149.085331,11,1,0,0,0,0,0,0,2,0,7,100,1,4552,5151,8,0,40,1,0,0,1,0
1314016,4,2023,2023,3,6,7,346,17,12,332,0,1,1,-28.852419,152.90023,60,1,0,1,0,0,0,0,2,0,7,100,2,4026,4026,8,21,40,1,0,3,5,0
1314018,2,2023,2023,3,0,5,118,17,98,118,0,1,1,-31.014667,150.273695,51,1,0,0,0,0,0,0,2,0,7,100,2,1957,4009,8,10,40,1,0,0,1,0
1314019,4,2022,2022,2,3,1,71,36,26,11,0,1,1,-33.472528,145.601456,51,1,0,1,0,0,0,0,0,0,7,100,1,475,475,5,10,40,1,0,1,0,0
1314020,4,2023,2023,4,1,5,3371,17,119,3342,0,1,2,-32.731259,151.782694,57,1,0,1,1,0,0,0,2,0,7,110,2,1383,1383,1,0,12,2,0,1,0,0
1314022,2,2023,2023,3,0,3,3371,36,9,34609,0,1,7,-36.850871,149.931295,5,2,1,1,1,0,0,0,2,0,0,50,0,6545,6545,4,22,19,2,0,0,1,0
1314030,1,2023,2023,3,4,3,192,10,84,114,0,1,1,-33.468285,151.396151,16,2,2,0,3,0,3,4,4,0,7,60,2,4552,5151,8,5,40,1,0,0,0,1
1314032,1,2023,2023,3,5,7,22,31,64,61,0,1,9,-33.884002,151.027066,21,0,2,1,3,0,0,0,2,0,7,50,1,1282,1282,1,33,0,2,0,0,0,1
1314034,2,2023,2023,3,4,10,72,31,204,62,0,1,9,-33.944808,151.15035,4,0,2,1,3,0,0,0,0,0,0,60,1,1669,1669,3,5,0,2,0,0,1,1
1314035,2,2023,2023,3,5,8,3,27,57,41,0,1,1,-33.658372,151.159353,31,0,2,0,3,0,0,0,3,0,7,60,2,3775,3775,0,5,36,2,0,0,1,0
1314036,2,2023,2023,3,0,7,334,17,53,308,0,1,2,-31.090296,150.929128,70,2,1,1,3,0,0,0,2,0,7,50,2,14295,14295,3,10,5,2,0,0,1,0
1314046,2,2023,2023,4,5,6,111,27,102,233,0,1,9,-33.967192,151.231245,59,0,2,0,1,0,0,0,2,2,7,60,2,5929,5929,1,10,5,2,0,0,2,0
1314049,1,2023,2023,3,1,8,9,27,87,100,0,1,9,-34.46795,150.421185,78,2,1,1,0,0,0,0,3,0,0,60,2,368,368,9,5,28,2,0,0,0,1
1314051,4,2023,2023,3,3,9,3,31,207,34609,0,1,10,-31.969341,141.443322,51,2,1,1,1,0,0,0,3,0,0,50,0,6545,6545,4,33,19,2,0,1,0,0
1314054,1,2023,2023,3,3,8,3371,17,33,3342,0,1,1,-33.640008,151.142809,31,0,2,1,3,0,0,0,2,0,7,80,2,14295,14295,3,34,0,3,0,0,0,1
1314059,1,2022,2022,10,3,6,220,14,51,220,0,1,3,-34.151288,150.989583,80,0,2,0,3,0,3,4,2,0,7,110,2,14295,14295,3,0,36,3,0,0,0,1
1314063,4,2023,2023,4,4,0,171,1,171,22,0,1,1,-33.805133,150.968301,54,0,2,1,2,0,0,0,0,0,7,60,1,4026,4026,1,0,13,3,0,4,1,0
1314067,1,2023,2023,4,6,7,97,31,174,34609,0,1,10,-33.892777,151.203908,69,0,2,1,1,0,0,0,2,2,7,40,0,2040,2040,9,0,28,2,0,0,0,1
1314070,4,2022,2022,9,5,3,1052,14,207,928,0,1,3,-33.573734,151.193189,31,0,2,0,1,0,0,0,2,0,7,110,2,14295,14295,3,0,13,3,0,2,1,0
1314076,2,2022,2022,10,3,8,2261,17,47,2252,0,1,2,-35.7494,147.297654,27,1,0,1,3,0,0,0,2,0,7,110,2,475,475,5,5,40,1,0,0,1,1
1314082,4,2023,2023,3,0,6,1,27,18,34609,0,1,1,-30.834451,152.864922,47,1,0,0,3,2,0,0,2,0,7,100,0,4552,5151,8,5,40,1,0,1,0,0
1314088,1,2023,2023,3,0,8,37,31,337,217,0,1,2,-33.735089,151.004682,71,0,2,1,3,0,0,0,2,0,7,50,2,1282,1282,1,30,0,2,0,0,0,1
1314090,1,2023,2023,3,5,5,42,27,128,231,0,1,1,-33.417757,151.322065,16,2,2,1,3,0,3,4,2,0,7,50,2,14295,14295,3,10,5,2,0,0,0,1
1314091,2,2023,2023,3,4,10,71,17,61,71,0,1,1,-35.478545,144.946323,51,1,0,1,0,0,0,0,0,0,7,100,2,1945,1945,5,5,40,1,0,0,1,0
1314093,1,2023,2023,7,6,6,15,27,143,5,0,1,1,-33.691058,151.101155,31,0,2,1,3,0,0,0,2,0,7,60,1,14295,14295,3,5,0,2,0,0,0,1
1314095,1,2023,2023,3,1,8,171,31,96,34609,0,1,10,-35.345425,149.23077,58,2,1,1,3,0,0,0,2,0,15,50,0,6545,6545,4,21,13,2,0,0,0,1
1314096,1,2023,2023,7,4,10,45,31,204,331,0,1,2,-33.937364,151.153271,4,0,2,1,3,0,0,0,0,0,7,60,2,1383,1383,1,3,5,2,0,0,0,1
1314100,2,2023,2023,4,3,5,18,31,87,34609,0,1,9,-34.48368,150.422399,78,2,1,1,3,0,0,0,2,0,15,50,0,926,926,4,5,27,2,0,0,1,0
1314101,1,2023,2023,4,3,6,2126,17,62,2149,0,1,2,-33.736118,150.605187,8,2,2,1,3,0,3,4,2,0,7,60,2,14295,14295,3,0,5,4,0,0,0,1
1314104,2,2023,2023,7,6,3,2,31,445,34609,0,1,1,-33.863109,151.04904,21,0,2,1,3,0,0,0,2,0,7,50,0,1282,1282,1,0,5,2,0,0,1,0
1314105,2,2023,2023,3,4,8,1104,14,247,962,0,1,3,-33.807552,150.932549,21,0,2,1,3,0,0,0,4,0,7,100,2,14295,14295,3,5,5,5,0,0,1,0
1314106,2,2023,2023,3,5,4,1,6,49,34609,0,1,9,-32.999326,151.68425,37,0,2,0,3,0,0,0,2,0,7,60,0,1669,1669,3,8,5,2,0,0,1,0
1314107,1,2023,2023,3,1,3,2,21,239,176,0,1,5,-34.035303,151.113428,68,0,2,1,3,0,0,0,2,2,7,60,2,14295,14295,3,5,5,2,0,0,0,1
1314108,1,2023,2023,7,5,8,224,27,26,321,0,1,9,-33.911891,151.201758,69,0,2,1,3,0,0,0,2,0,7,50,2,515,515,1,10,19,2,0,0,0,1
1314111,4,2023,2023,3,6,8,866,17,278,793,0,1,9,-33.777737,151.051808,54,0,2,1,1,0,0,0,2,2,9,60,2,2040,2040,9,5,28,2,0,1,0,0
1314112,1,2023,2023,3,2,5,95,31,204,34609,0,1,1,-33.891568,151.118106,32,0,2,1,3,0,0,0,2,0,7,50,0,9859,9859,1,5,0,2,0,0,0,1
1314117,1,2023,2023,3,5,10,2126,17,204,2149,0,1,2,-33.886002,151.138438,32,0,2,1,3,0,3,4,0,0,7,60,2,14295,14295,3,5,5,2,0,0,0,1
1314122,1,2023,2023,4,1,7,1,7,316,34609,0,1,1,-31.46348,152.875704,56,2,1,0,3,0,0,0,2,0,7,50,0,14295,14295,3,0,5,2,0,0,0,1
1314124,1,2023,2023,7,6,8,512,17,562,441,0,1,9,-32.217659,148.557056,22,1,0,1,3,0,0,0,2,0,0,110,2,14295,14295,3,0,0,2,0,0,0,1
1314129,1,2023,2023,3,1,11,125,27,155,75,0,1,10,-33.492792,151.315093,16,2,2,1,3,0,0,0,0,0,15,60,1,6545,6545,4,5,0,2,0,0,0,1
1314130,1,2023,2023,3,1,3,2126,17,16,2149,0,1,9,-33.733472,150.47014,8,2,2,1,3,0,0,0,2,0,15,80,2,775,775,4,10,0,2,0,0,0,1
1314138,1,2023,2023,3,4,8,12,27,76,34609,0,1,2,-33.91405,150.869287,41,0,2,1,3,0,0,0,2,0,7,50,0,14295,14295,3,0,5,2,0,0,0,1
1314140,2,2023,2023,7,6,3,2,31,98,34609,1,0,1,-33.733886,151.063701,31,0,2,1,3,1,0,0,4,0,7,50,0,1981,1981,4,0,27,2,0,0,1,0
1314141,2,2023,2023,3,4,4,12,27,76,34609,0,1,1,-33.921014,150.867349,41,0,2,1,3,0,0,0,2,0,7,50,0,14295,14295,3,5,5,2,0,0,1,0
1314142,1,2023,2023,7,6,7,97,31,142,92,0,1,9,-33.830226,150.993227,21,0,2,1,3,0,0,0,2,0,15,60,1,5929,5929,1,0,5,2,0,0,0,1
1314147,2,2023,2023,7,6,4,220,14,78,220,0,1,3,-34.472954,150.832669,80,0,2,1,3,0,0,0,2,0,7,100,2,14295,14295,3,5,5,3,0,0,1,0
1314149,1,2022,2022,2,1,6,110,27,445,40,0,1,9,-33.848724,151.054688,54,0,2,1,3,0,0,0,2,0,0,60,1,6545,6545,4,5,36,2,0,0,0,1
1314150,1,2023,2023,3,6,7,2,27,26,34609,0,1,7,-34.572154,150.844245,62,0,2,1,1,0,3,4,2,0,0,50,0,14295,14295,3,5,5,2,0,0,0,1
1314151,1,2023,2023,7,0,8,65,27,187,34609,0,1,9,-33.794122,150.994929,54,0,2,1,3,0,0,0,3,0,7,50,0,14295,14295,3,5,5,2,0,0,0,1
1314153,2,2023,2023,3,5,5,48,31,176,34609,0,1,10,-33.965533,151.134038,25,0,2,1,3,0,0,0,2,2,7,50,0,14295,14295,3,5,0,2,0,0,1,0
1314157,2,2023,2023,7,3,10,1104,14,94,962,0,1,3,-33.787415,150.789046,55,0,2,1,3,0,0,0,0,0,7,110,2,14295,14295,3,5,0,3,0,0,1,0
1314160,2,2023,2023,4,6,10,387,27,18,34609,0,1,1,-34.979633,150.694187,63,1,0,0,3,0,3,4,0,0,7,90,0,4552,5151,8,5,40,1,0,0,1,0
1314164,1,2023,2023,7,0,7,478,17,122,480,0,1,1,-33.430201,151.339059,16,2,2,1,3,0,0,0,2,0,7,60,2,1391,1391,1,0,0,2,0,0,0,1
1314166,1,2023,2023,3,0,7,3371,17,77,3342,0,1,9,-33.528837,151.200989,16,2,2,1,3,0,0,0,2,0,0,60,2,14295,14295,3,0,5,2,0,0,0,1
1314169,1,2022,2022,2,4,9,44,27,443,34609,0,1,7,-33.910053,151.051651,15,0,2,1,3,0,0,0,3,0,0,50,0,6545,6545,4,10,5,2,0,0,0,1
1314172,1,2023,2023,3,1,3,866,17,187,793,0,1,2,-33.795707,150.989333,54,0,2,1,3,0,0,0,2,0,7,70,2,14295,14295,3,0,5,3,0,0,0,1
1314175,1,2023,2023,4,1,6,26,27,131,115,0,1,9,-33.776508,151.183347,36,0,2,1,3,0,3,4,2,0,0,60,1,5929,5929,1,5,5,2,0,0,0,1
1314176,1,2023,2023,3,4,7,21,27,16,23,0,1,7,-33.742563,150.655038,55,0,2,1,3,0,0,3,2,0,0,50,1,14295,14295,3,0,0,2,0,0,0,1
1314177,1,2023,2023,3,6,7,74,27,41,260,0,1,7,-32.95742,151.617443,37,0,2,0,3,0,0,0,2,0,0,70,2,14295,14295,3,0,5,2,0,0,0,1
1314188,1,2023,2023,3,6,4,147,27,224,605,0,1,9,-33.824413,151.237487,45,0,2,1,3,0,0,0,2,0,7,60,2,515,515,1,9,19,2,0,0,0,1
1314191,2,2023,2023,3,0,11,220,14,27,220,0,1,3,-34.5302,150.786148,80,0,2,1,2,0,0,0,0,0,7,100,2,9859,9859,8,5,40,1,0,0,1,0
1314193,2,2023,2023,3,0,7,17,31,136,32,0,1,9,-33.918316,151.075036,15,0,2,1,3,0,0,0,2,0,0,50,1,926,926,4,5,5,2,0,0,1,0
1314195,1,2023,2023,7,5,5,23,27,14,8,0,1,1,-30.480116,151.428916,51,1,0,0,3,0,0,0,2,0,7,100,1,1850,1463,5,10,40,1,0,0,0,1
1314198,1,2023,2023,3,1,7,515,14,166,518,0,1,3,-33.946645,150.971844,15,0,2,1,1,0,0,0,2,0,7,100,2,14295,14295,3,10,5,4,0,0,0,1
1314200,2,2023,2023,7,6,8,19,31,226,34609,0,1,1,-33.767527,150.824388,7,0,2,0,3,0,0,0,2,0,7,50,0,4552,5151,1,0,5,2,0,0,1,0
1314202,1,2023,2023,3,2,6,43,2,92,42,0,1,2,-33.738516,150.95055,71,0,2,1,3,0,0,0,2,0,7,70,2,14295,14295,3,5,5,3,0,0,0,1
1314203,2,2023,2023,7,6,3,112,27,370,256,0,1,10,-34.057151,150.823943,13,0,2,1,3,0,0,0,2,2,7,60,2,6545,6545,4,0,10,2,0,0,1,0
1314204,1,2023,2023,7,6,8,10,27,11,115,0,1,10,-33.760296,151.173176,36,0,2,1,3,0,0,0,2,0,0,60,1,6545,6545,4,5,5,2,0,0,0,1
1314205,2,2022,2022,2,2,1,330,23,54,233,0,1,9,-33.895232,151.22164,69,0,2,1,3,0,3,3,0,2,7,60,2,1945,1945,5,16,40,1,0,0,1,0
1314209,4,2023,2023,3,4,4,1104,14,323,962,0,1,3,-33.798943,150.858485,7,0,2,1,0,0,0,0,2,0,7,100,2,14295,14295,3,9,0,2,0,1,0,0
1314210,1,2023,2023,7,4,2,280,10,237,240,1,0,9,-33.867539,150.956981,24,0,2,0,3,0,0,0,1,3,7,60,2,1192,1192,1,0,10,2,0,0,0,1
1314214,1,2023,2023,3,3,5,44,31,82,6,0,1,10,-33.790234,151.265692,50,0,2,1,3,0,0,0,2,2,7,50,1,1669,1669,3,5,0,2,0,0,0,1
1314215,2,2023,2023,3,4,7,2,1,137,34609,0,1,10,-33.896132,150.904538,24,0,2,1,3,0,3,3,2,0,15,50,0,6545,6545,4,5,5,2,0,0,1,0
1314217,2,2023,2023,4,4,7,7,31,234,34609,0,1,1,-34.282256,146.028526,28,2,1,1,1,0,0,0,2,0,7,50,0,4026,4026,8,34,40,1,0,0,1,0
1314219,4,2022,2022,2,3,1,82,31,370,14,0,1,4,-34.062804,150.816211,13,0,2,0,2,0,0,0,0,0,7,60,1,4552,5151,8,5,40,1,0,1,0,0
1314223,1,2023,2023,3,6,4,2261,17,112,2252,0,1,9,-33.914341,150.924756,41,0,2,1,3,0,0,0,2,2,7,70,2,1383,1383,1,5,5,2,0,0,0,1
1314225,2,2023,2023,3,4,4,29,27,106,27,0,1,9,-34.569281,150.792161,62,0,2,1,1,0,3,4,2,0,0,60,2,1669,1669,3,5,5,2,0,0,1,0
1314226,2,2022,2022,2,0,4,7,27,219,34609,0,1,10,-32.891268,151.668051,48,0,2,1,1,0,0,0,2,2,7,60,0,3775,3775,0,5,0,2,0,0,1,1
1314227,4,2022,2022,2,6,6,8,31,237,34609,0,1,7,-33.865803,150.953796,24,0,2,1,1,0,0,0,2,0,0,50,0,926,926,4,16,13,2,0,1,0,0
1314229,1,2022,2022,2,2,5,330,27,106,605,0,1,2,-33.680354,151.302664,50,0,2,1,1,0,0,0,2,0,7,60,1,1981,1981,4,10,27,2,0,0,0,1
1314230,2,2023,2023,4,4,10,195,27,76,186,0,1,10,-33.921135,150.850785,41,0,2,1,2,0,0,0,0,2,7,70,2,6545,6545,4,10,13,2,0,0,2,4
1314231,4,2023,2023,4,5,11,1,31,9,34609,0,1,9,-28.975641,148.99216,51,2,1,1,0,0,0,0,0,0,0,50,0,9859,9859,8,16,40,1,0,1,0,0
1314234,4,2023,2023,4,6,9,916,17,9,917,0,1,1,-30.399286,151.695814,1,1,0,0,0,0,0,3,2,0,7,100,2,83,83,5,34,40,1,0,1,0,0
1314235,2,2022,2022,2,0,6,50,27,57,799,0,1,10,-33.899492,151.170934,32,0,2,1,1,0,0,0,2,2,7,60,2,395,395,1,16,0,2,0,0,1,0
1314236,4,2022,2022,2,1,6,346,17,8,332,0,1,1,-28.885497,153.216125,39,1,0,0,0,0,0,0,2,0,7,100,2,623,623,3,8,5,2,0,1,1,0
1314237,4,2023,2023,4,1,6,59,27,43,53,0,1,1,-34.19112,150.648926,79,1,2,0,0,0,0,0,2,0,7,100,1,941,941,1,5,10,2,0,1,0,0
1314241,1,2023,2023,4,1,6,2261,17,17,2252,0,1,2,-34.801182,149.292781,74,1,0,1,0,0,0,0,2,0,7,110,2,475,475,5,21,40,1,0,0,0,6
1314243,1,2022,2022,2,1,9,13,27,89,34609,0,1,1,-33.867266,150.893851,24,0,2,1,0,0,0,0,2,0,7,50,0,1220,1220,9,0,28,2,0,0,0,1
1314244,4,2022,2022,2,0,8,308,14,49,311,0,1,6,-33.916171,150.851332,41,0,2,1,2,0,0,0,2,0,7,70,2,9859,9859,8,10,40,1,0,1,0,0
1314245,4,2022,2022,2,4,8,866,17,314,793,0,1,2,-33.846568,150.950401,21,0,2,1,0,0,0,0,2,0,7,70,2,1282,1282,1,10,5,3,0,1,0,0
1314246,4,2022,2022,2,0,7,157,17,25,158,0,1,1,-33.71116,148.884249,51,1,0,1,0,0,3,4,2,0,7,100,2,9859,9859,8,29,40,1,0,1,0,0
1314248,2,2022,2022,2,4,3,1,27,316,34609,0,1,1,-31.414267,152.894999,56,2,1,1,0,0,0,0,2,0,7,50,0,43,43,3,9,19,3,0,0,1,1
1314249,2,2022,2022,2,4,7,100,27,68,78,0,1,1,-33.615953,149.784039,51,2,1,1,0,0,3,0,2,0,7,80,2,3775,3775,0,5,0,2,0,0,1,1
1314250,1,2022,2022,2,4,8,86,27,9,65,0,1,1,-29.782724,152.915,18,2,1,0,0,0,0,0,2,0,7,80,1,2585,4009,8,34,40,1,0,0,0,1
1314251,2,2023,2023,4,2,8,213,17,13,213,0,1,1,-29.482712,152.346028,51,1,0,0,0,0,0,3,2,0,7,100,2,782,957,5,16,40,1,0,0,1,0
1314255,2,2022,2022,2,0,0,13,27,118,34609,0,1,1,-33.419095,151.309132,16,2,2,0,0,0,0,0,0,0,7,50,0,4552,5151,8,5,40,1,0,0,1,0
1314256,1,2023,2023,4,5,6,42,31,150,34609,0,1,1,-33.920225,151.232282,59,0,2,1,0,0,0,0,2,0,7,50,0,121,121,9,33,28,2,0,0,0,1
1314257,1,2023,2023,4,6,3,77,27,29,34609,0,1,1,-34.41512,150.875902,80,0,2,1,1,0,0,0,2,0,7,50,0,3775,3775,0,10,5,2,0,0,0,1
1314259,4,2023,2023,4,4,11,8,27,6,34609,0,1,1,-32.368774,151.548183,51,2,1,0,0,0,3,4,0,0,7,60,0,1850,1463,5,10,40,1,0,2,0,0
1314260,4,2022,2022,2,1,10,38,23,173,34609,0,1,9,-33.718454,151.102872,31,0,2,1,2,0,3,4,0,0,7,50,0,9859,9859,8,16,40,1,0,1,0,0
1314262,4,2023,2023,4,6,1,12,27,39,34609,0,1,1,-32.721253,152.076634,57,2,1,1,2,0,0,0,0,0,7,50,0,9859,9859,1,10,5,2,0,1,0,0
1314263,4,2022,2022,2,4,4,54,27,38,563,0,1,1,-34.046862,150.985805,68,0,2,1,0,0,0,0,2,0,7,80,2,3775,3775,0,5,5,4,0,1,1,0
1314264,2,2023,2023,4,0,0,1,27,6,34609,0,1,1,-32.595756,149.805785,44,1,0,0,0,2,0,0,0,0,7,100,0,4552,5151,8,5,40,1,0,0,1,0
1314265,1,2023,2023,4,2,9,387,27,253,34609,1,0,9,-33.967079,151.110639,25,0,2,0,1,0,0,0,2,0,2,60,0,775,775,4,5,5,2,0,0,0,1
1314266,4,2022,2022,2,2,3,6,27,18,34609,0,1,1,-34.241126,146.126537,28,1,0,1,0,0,0,0,2,0,7,100,0,96,96,0,30,19,2,0,1,0,0
1314267,4,2023,2023,4,5,4,10,31,71,34609,0,1,1,-33.768696,150.690966,55,0,2,1,0,0,0,0,2,0,7,50,0,1850,1463,5,16,40,1,0,1,0,0
1314268,2,2022,2022,2,2,7,1052,14,173,928,0,1,9,-33.719997,151.106268,31,0,2,0,0,0,3,4,2,3,7,70,2,1957,777,8,10,40,1,0,0,3,0
1314270,4,2023,2023,4,1,7,10,18,4,34609,0,1,1,-34.043417,150.714759,12,0,2,1,1,2,0,0,2,0,7,70,0,4026,4026,8,5,40,1,0,1,0,0
1314271,2,2022,2022,2,2,4,169,31,44,57,0,1,7,-28.861875,153.519824,2,2,1,0,0,0,0,0,2,0,0,60,1,515,515,1,10,27,2,0,0,1,0
1314274,1,2023,2023,3,2,5,1104,14,140,962,0,1,3,-33.794694,150.84301,7,0,2,1,0,0,0,0,2,0,7,100,2,14295,14295,3,5,0,3,0,0,0,1
1314275,1,2022,2022,11,4,5,13,27,17,34609,0,1,9,-28.264345,153.56016,72,2,1,0,1,0,0,3,2,0,0,60,0,6545,6545,4,10,0,2,0,0,0,2
1314276,2,2023,2023,3,6,4,21,31,252,59,0,1,0,-33.884594,151.211191,69,0,2,1,1,0,0,0,2,0,7,40,1,2040,2040,9,22,28,2,0,0,1,1
1314280,2,2023,2023,7,4,8,2,31,61,34609,0,1,9,-35.922453,150.083459,23,2,1,0,1,0,0,3,2,0,7,50,0,5929,5929,1,10,12,2,0,0,2,0
1314282,4,2023,2023,3,3,1,2,27,8,34609,0,1,1,-28.890033,153.315134,39,2,1,0,0,0,0,0,0,0,7,50,0,273,957,5,5,40,1,0,2,0,1
1314284,2,2023,2023,3,3,11,485,27,50,769,0,1,2,-33.650328,150.863927,7,0,2,0,2,0,0,0,0,0,7,80,2,273,957,5,5,40,1,0,0,1,0
1314286,4,2022,2022,2,1,2,169,27,80,61,0,1,1,-33.820247,151.166723,38,0,2,0,2,0,0,0,0,0,7,50,1,2585,4009,8,5,40,1,0,1,0,0
1314288,4,2023,2023,7,0,5,24,31,69,34609,0,1,1,-32.904786,151.693327,48,0,2,0,0,0,0,0,2,0,0,50,0,591,591,1,22,36,2,0,1,0,0
1314289,2,2023,2023,4,1,6,42,1,69,34609,0,1,10,-32.929671,151.750363,48,0,2,1,1,0,3,4,2,0,0,50,0,6545,6545,4,0,5,2,0,0,2,0
1314292,2,2023,2023,3,5,4,19,27,47,24,0,1,10,-28.816377,153.443712,2,2,1,0,0,0,3,4,2,0,7,80,1,3775,3775,0,5,13,2,0,0,2,0
1314297,4,2023,2023,7,5,4,3371,17,15,3342,0,1,7,-30.228072,153.147803,19,2,1,0,1,0,0,0,2,0,0,60,2,6545,6545,4,5,0,2,0,1,1,0
1314298,2,2023,2023,3,3,6,3371,17,60,3342,0,1,1,-33.437922,151.252751,16,2,2,0,1,0,0,0,2,0,7,60,2,1850,1463,5,16,40,1,0,0,1,0
1314300,4,2022,2022,2,1,9,5,23,121,8,0,1,1,-33.798883,151.278754,50,0,2,1,1,0,0,0,3,0,7,50,1,14295,14295,3,16,5,2,0,1,0,0
1314302,2,2023,2023,4,5,6,63,17,112,114,0,1,1,-33.450522,151.425374,16,2,2,1,1,0,0,0,2,0,7,70,2,14295,14295,3,15,5,2,0,0,1,0
1314304,2,2023,2023,4,4,8,866,17,314,793,0,1,2,-33.844475,150.955427,21,0,2,0,2,0,0,0,2,0,7,70,2,1383,1383,1,5,5,2,0,0,1,0
1314305,2,2022,2022,9,6,3,14,1,167,34609,0,1,9,-33.845089,151.060318,54,0,2,1,1,0,0,0,2,2,7,60,0,5929,5929,1,8,12,3,0,0,1,0
1314308,4,2023,2023,3,3,10,21,1,123,25,0,1,9,-33.90594,151.21662,59,0,2,1,2,0,0,0,0,0,7,50,1,1220,1220,9,5,28,2,0,1,0,0
1314309,4,2023,2023,7,2,7,10,27,15,24,0,1,9,-28.809981,153.490352,2,2,1,0,0,0,0,0,2,0,15,80,1,1669,1669,3,16,19,2,0,1,0,0
1314310,4,2023,2023,3,0,7,7,27,13,6,0,1,1,-34.06374,150.685564,12,0,2,1,0,0,0,0,2,0,7,80,1,1109,787,1,0,5,2,0,1,0,0
1314313,1,2023,2023,4,2,3,330,27,53,605,0,1,2,-33.738446,151.302566,50,0,2,1,1,0,3,4,1,0,7,60,2,387,387,1,22,12,2,0,0,0,1
1314317,4,2023,2023,3,1,8,15,10,4,34609,0,1,1,-35.25483,150.444637,63,2,1,1,0,2,0,0,2,0,7,50,0,175,188,1,29,12,2,0,1,0,0
1314320,4,2022,2022,2,3,10,28,1,31,34609,0,1,7,-33.877176,151.033506,21,0,2,1,2,0,0,0,0,0,0,50,0,4026,4026,1,30,0,3,0,1,0,0
1314321,4,2023,2023,7,4,3,4,18,24,12,0,1,1,-29.755579,153.105771,18,1,0,0,0,0,0,0,1,0,7,100,1,4552,5151,8,5,40,1,0,1,1,0
1314323,1,2023,2023,3,6,7,149,10,136,702,0,1,2,-33.867829,151.06446,67,0,2,1,1,0,0,0,2,0,7,80,2,14295,14295,3,9,5,2,0,0,0,1
1314324,4,2023,2023,7,1,3,3371,17,32,3342,0,1,2,-29.091798,153.340614,60,1,0,0,0,0,0,0,1,0,7,110,2,4552,5151,8,8,40,1,0,3,0,0
1314327,1,2023,2023,3,5,2,512,17,562,441,0,1,9,-32.274354,148.675594,22,1,0,1,0,0,0,0,1,0,15,110,2,1109,397,1,5,13,2,0,0,0,1