Crash ID,Degree of crash - detailed,Reporting year,Year of crash,Month of crash,Day of week of crash,Two-hour intervals,Street of crash,Street type,Town,Route no.,School zone location,School zone active,Type of location,Latitude,Longitude,LGA,Urbanisation,Conurbation 1,Alignment,Street lighting,Road surface,Surface condition,Weather,Natural lighting,Signals operation,Other traffic control,Speed limit,Road classification,RUM - code,DCA - code,First impact type,Key TU type,Other TU type,No. of traffic units involved,No. killed,No. seriously injured,No. moderately injured,No. minor-other injured
1314328,2,2023,2023,3,1,10,1,1,155,34609,0,1,1,-33.136822,148.165065,53,2,1,1,1,0,0,0,0,0,7,50,0,4026,4026,1,30,0,2,0,0,1,0
1314329,4,2023,2023,3,5,4,30,27,55,93,0,1,9,-33.746549,150.908893,7,0,2,1,1,0,0,0,2,0,7,60,1,5929,5929,1,5,10,2,0,1,0,0
1314331,2,2023,2023,3,5,4,9,31,157,34609,0,1,7,-33.807565,151.012225,54,0,2,1,0,0,0,0,2,0,0,50,0,9859,9859,1,0,5,3,0,0,1,0
1314332,4,2023,2023,7,2,9,51,31,107,34609,0,1,10,-29.688431,152.928879,18,2,1,1,0,0,0,0,2,0,0,50,0,9859,9859,8,16,40,1,0,1,0,0
1314335,4,2022,2022,9,5,8,67,27,100,15,0,1,1,-33.805948,151.164616,38,0,2,1,1,0,0,0,2,0,7,50,1,1981,1981,4,0,27,2,0,1,0,0
1314340,4,2023,2023,3,5,3,63,27,103,34,0,1,9,-32.9427,151.659667,37,0,2,1,1,0,0,0,2,0,0,60,1,2040,2040,9,5,26,2,0,1,0,0
1314342,1,2023,2023,3,5,7,346,17,103,332,0,1,2,-28.818288,153.327189,39,2,1,1,1,0,0,0,2,0,7,60,2,220,220,1,5,0,2,0,0,0,1
1314344,2,2023,2023,3,0,4,3371,17,66,3342,0,1,2,-32.823636,151.685534,48,0,2,1,0,0,0,0,2,0,7,60,2,14295,14295,3,8,0,2,0,0,1,0
1314345,1,2023,2023,3,0,7,45,27,60,34609,0,1,9,-33.834005,151.135684,51,0,2,1,2,0,0,0,2,0,7,50,0,2040,2040,9,5,28,2,0,0,0,1
1314346,2,2023,2023,7,4,4,1,25,56,34609,0,1,1,-33.757825,150.779308,55,0,2,1,1,0,0,0,2,0,7,50,0,2585,4009,1,5,5,3,0,0,1,0
1314347,4,2023,2023,3,5,9,89,31,532,34609,0,1,0,-33.865411,151.204886,69,0,2,1,1,0,0,0,2,0,7,40,0,1220,1220,9,0,28,2,0,1,0,0
1314351,2,2023,2023,7,3,7,7,27,3,34609,0,1,1,-30.614677,151.116987,70,1,0,0,0,2,0,0,2,0,7,100,0,380,714,5,10,40,1,0,0,1,0
1314355,4,2023,2023,3,0,2,51,27,72,34609,0,1,1,-33.788479,151.051873,54,0,2,1,2,0,0,0,0,0,7,50,0,2040,2040,9,5,28,2,0,1,0,0
1314358,2,2023,2023,3,0,7,348,31,532,34609,0,1,10,-33.870738,151.209467,69,0,2,1,2,0,0,0,2,2,9,40,0,2040,2040,9,5,28,2,0,0,1,0
1314360,4,2023,2023,3,2,10,59,27,252,41,0,1,10,-33.950035,150.865753,41,0,2,1,2,0,0,0,0,2,7,60,1,5929,5929,1,5,0,2,0,1,1,0
1314361,2,2023,2023,3,1,2,866,17,187,793,0,1,2,-33.795651,150.984401,54,0,2,1,0,0,0,0,1,0,7,70,2,14295,14295,3,9,13,2,0,0,1,0
1314364,2,2022,2022,10,2,4,481,17,2,483,0,1,1,-34.252825,147.10103,51,1,0,1,0,0,0,0,2,0,7,110,2,9859,9859,8,29,40,1,0,0,1,0
1314367,2,2023,2023,7,4,9,2261,17,93,2252,0,1,9,-36.090983,146.924613,0,2,1,1,1,0,0,0,2,2,7,60,2,5929,5929,1,0,36,2,0,0,1,0
1314368,4,2023,2023,4,1,6,48,27,21,62,0,1,1,-35.406925,148.121987,66,1,0,0,0,0,3,4,2,0,7,100,2,1259,5151,8,10,40,1,0,1,0,0
1314370,1,2022,2022,9,1,10,54,31,225,62,0,1,9,-33.792035,151.195322,77,0,2,1,2,0,0,0,0,0,0,60,2,591,591,1,22,0,2,0,0,0,1
1314373,1,2023,2023,3,6,8,36,27,43,38,0,1,1,-33.754568,151.243274,50,0,2,1,0,0,0,0,2,0,7,60,1,1981,1981,4,0,0,2,0,0,0,1
1314378,4,2023,2023,4,3,6,4,27,1,34609,0,1,1,-32.503176,152.309013,43,2,1,1,0,2,0,0,2,0,7,40,0,4026,4026,8,5,40,1,0,1,0,0
1314379,1,2023,2023,4,1,5,220,27,69,222,0,1,2,-33.771205,150.959717,54,0,2,0,0,0,0,0,2,0,7,80,2,101,101,8,5,13,2,0,0,0,1
1314380,1,2022,2022,11,0,10,4,27,12,34609,0,1,1,-28.711105,153.593173,10,2,1,0,0,0,3,4,0,0,7,80,0,1957,4009,8,0,40,1,0,0,0,1
1314394,4,2023,2023,3,2,5,26,31,174,34609,0,1,1,-33.892851,151.204441,69,0,2,1,1,0,0,0,2,0,7,40,0,387,387,1,22,5,2,0,1,0,0
1314395,4,2023,2023,3,6,6,2261,17,140,2252,0,1,9,-33.904458,151.002594,15,0,2,0,1,0,3,0,2,2,7,70,2,2852,2852,4,0,5,3,0,2,0,0
1314396,1,2023,2023,3,5,8,11,31,4,81,0,1,1,-32.179962,152.507658,43,2,1,1,0,0,0,0,2,0,7,50,2,14295,14295,3,5,5,3,0,0,0,1
1314397,2,2023,2023,3,0,7,49,22,41,96,0,1,1,-32.962225,151.620389,37,0,2,1,1,0,0,0,2,0,7,60,2,14295,14295,3,10,5,3,0,0,1,0
1314398,4,2023,2023,3,2,5,348,27,21,100,0,1,9,-33.609492,150.717603,29,2,2,1,0,0,0,0,2,0,15,60,2,489,489,8,5,40,1,0,1,0,0
1314402,4,2023,2023,3,3,6,95,27,50,605,1,0,9,-33.631377,151.331167,50,0,2,1,0,0,0,0,2,0,0,60,2,2852,2852,4,10,27,2,0,1,0,0
1314404,4,2023,2023,3,2,6,866,17,157,793,0,1,9,-33.795648,151.013586,54,0,2,0,1,0,0,0,2,2,7,60,2,1850,985,5,29,40,1,0,1,0,0
1314406,1,2023,2023,3,3,5,2,28,59,34609,0,1,1,-34.337486,150.924671,80,0,2,1,1,0,0,0,2,0,7,50,0,14295,14295,3,5,0,2,0,0,0,1
1314409,1,2023,2023,3,3,5,11,1,111,34609,1,0,9,-33.705752,150.886647,7,0,2,1,1,0,0,0,2,0,7,50,0,9859,9859,1,5,0,2,0,0,0,1
1314411,4,2023,2023,7,3,7,12,31,58,43,0,1,1,-28.549556,153.546775,10,2,1,1,1,0,0,0,2,0,7,60,1,4026,4026,8,10,40,1,0,2,0,0
1314412,1,2023,2023,7,1,1,92,27,16,34609,0,1,1,-32.975703,151.717612,37,0,2,1,2,0,0,0,0,0,7,60,0,4026,4026,8,0,40,2,0,0,0,1
1314415,4,2023,2023,7,0,5,294,17,18,288,0,1,1,-35.123284,147.304052,75,1,0,0,0,0,0,0,2,0,7,100,2,1259,5151,8,10,40,1,0,1,0,0
1314417,1,2022,2022,11,3,5,71,17,43,71,0,1,10,-36.099971,144.752948,51,2,1,1,1,0,0,0,2,0,7,50,2,3775,3775,0,34,5,2,0,0,0,4
1314421,2,2023,2023,4,4,1,19,27,609,34609,0,1,1,-33.767366,150.886455,7,0,2,1,2,0,0,0,0,0,7,50,0,9859,9859,1,5,36,2,0,0,1,0
1314423,4,2023,2023,7,3,7,84,10,7,80,0,1,1,-34.275382,150.95567,80,0,2,1,0,0,0,0,2,0,7,50,2,9859,9859,1,5,5,2,0,1,0,0
1314427,1,2023,2023,3,3,10,53,31,67,125,0,1,10,-33.883709,151.006729,15,0,2,1,2,0,0,0,0,2,7,60,1,1669,1669,3,5,5,2,0,0,0,2
1314432,4,2023,2023,3,4,3,387,36,86,69,0,1,2,-33.727507,151.220475,50,0,2,1,1,0,3,0,2,0,7,80,2,1383,1383,1,5,27,2,0,1,0,0
1314433,4,2023,2023,4,5,4,42,27,346,34609,0,1,10,-33.876122,151.072174,67,0,2,1,1,0,0,0,2,0,0,50,0,6545,6545,4,5,5,2,0,1,0,0
1314435,1,2022,2022,5,0,11,2126,17,166,2149,0,1,9,-33.411143,149.578751,3,2,1,1,2,0,0,0,0,2,7,60,2,14295,14295,3,10,5,2,0,0,0,2
1314439,4,2022,2022,9,4,5,43,22,136,34609,0,1,1,-33.865016,151.069315,67,0,2,1,1,0,0,0,2,0,7,50,0,9859,9859,1,5,12,2,0,1,0,0
1314440,1,2023,2023,3,6,3,2261,17,32,2252,0,1,2,-34.832741,149.030138,82,1,0,1,0,0,0,0,1,0,7,110,2,14295,14295,3,8,40,2,0,0,0,1
1314448,2,2022,2022,2,4,8,9,31,134,34609,0,1,2,-33.892944,151.247199,76,0,2,1,0,0,0,0,2,0,7,50,0,238,238,9,5,28,2,0,0,1,0
1314449,4,2023,2023,3,6,7,39,27,19,51,0,1,1,-33.653069,151.059046,31,0,2,1,0,0,3,3,2,0,7,60,2,3775,3775,0,0,0,2,0,2,0,0
1314451,4,2023,2023,3,1,6,192,10,57,114,0,1,9,-33.452002,151.3607,16,2,2,0,0,0,0,0,2,0,0,60,2,1850,1463,5,22,40,1,0,1,0,0
1314453,2,2023,2023,7,6,4,89,36,4,81,0,1,1,-33.642755,148.507614,51,1,0,0,0,0,0,0,2,0,7,100,2,4552,5151,8,5,40,1,0,0,1,0
1314454,2,2023,2023,3,6,5,191,17,32,189,0,1,1,-32.638662,151.202307,64,1,0,1,0,0,3,4,2,0,7,100,2,9859,9859,8,29,40,1,0,0,1,0
1314460,2,2023,2023,3,6,8,157,17,123,158,0,1,10,-33.834001,148.686283,51,2,1,1,1,0,0,3,2,2,7,50,2,14295,14295,3,5,0,2,0,0,1,0
1314463,2,2023,2023,4,5,4,175,27,55,220,0,1,2,-33.747851,150.916242,7,0,2,1,1,0,0,0,2,0,7,70,2,14295,14295,3,10,13,3,0,0,1,0
1314464,1,2023,2023,4,4,10,83,31,532,21,0,1,10,-33.87449,151.208013,69,0,2,1,2,0,0,0,0,2,9,40,2,1220,1220,9,5,28,2,0,0,0,1
1314465,1,2023,2023,7,6,8,11,27,224,34609,0,1,7,-33.8281,151.237679,45,0,2,1,0,0,0,0,2,0,0,50,0,9859,9859,8,16,40,1,0,0,0,1
1314466,4,2023,2023,3,3,0,9,10,176,34609,0,1,1,-33.9572,151.138935,4,0,2,1,2,0,0,0,0,0,7,50,0,1109,787,1,0,13,2,0,1,0,0
1314469,2,2023,2023,3,4,7,15,10,35,34609,0,1,9,-34.101743,150.79128,13,0,2,0,1,0,0,3,2,0,15,50,0,2040,2040,9,5,26,2,0,0,1,0
1314470,4,2023,2023,3,3,6,24,27,65,78,0,1,1,-33.56737,150.127526,40,2,1,0,0,0,0,0,2,0,7,80,2,3775,3775,0,10,5,2,0,2,1,0
1314472,4,2023,2023,3,3,9,3,27,8,34609,0,1,1,-36.84742,149.349692,65,2,1,0,0,2,0,0,3,0,7,80,0,380,714,5,9,40,1,0,1,0,0
1314474,2,2023,2023,3,3,8,1,27,26,34609,0,1,1,-34.626272,145.95623,51,1,0,1,0,2,0,0,2,0,7,100,0,475,475,5,10,40,1,0,0,1,0
1314478,2,2023,2023,4,1,5,113,27,218,111,1,0,10,-33.773197,150.772975,55,0,2,1,3,1,2,6,4,2,7,60,2,14295,14295,3,8,19,2,0,0,1,0
1314481,4,2023,2023,4,4,4,95,31,271,34609,0,1,1,-33.945933,151.009667,15,0,2,1,1,0,0,0,2,0,7,60,0,9859,9859,1,5,13,3,0,1,0,0
1314484,2,2023,2023,3,0,4,26,17,5,13,0,1,1,-29.066577,149.624987,51,1,0,1,0,0,0,0,2,0,7,100,2,945,945,5,0,40,1,0,0,1,0
1314485,2,2023,2023,3,1,7,1,10,29,34609,0,1,1,-35.140079,147.326895,75,2,1,1,0,0,0,0,2,0,7,50,0,9859,9859,8,5,40,1,0,0,1,0
1314489,2,2023,2023,3,6,4,14,31,155,231,0,1,7,-33.487301,151.322098,16,2,2,1,0,0,3,4,2,0,0,60,2,2040,2040,9,0,28,2,0,0,1,0
1314490,2,2023,2023,3,3,5,478,17,58,480,0,1,2,-33.435832,151.297783,16,2,2,0,0,0,0,0,2,0,7,60,2,380,714,5,16,40,1,0,0,1,0
1314491,2,2023,2023,4,3,10,3371,17,44,3342,0,1,10,-33.213716,151.512191,16,2,2,1,2,0,0,0,0,2,7,70,2,5929,5929,1,5,5,2,0,0,2,0
1314492,2,2023,2023,3,6,7,52,27,188,53,0,1,9,-33.943513,151.101692,25,0,2,1,0,0,0,0,2,0,7,50,1,1220,1220,9,5,28,2,0,0,1,0
1314494,4,2023,2023,7,6,3,32,27,148,34609,0,1,1,-36.039489,146.942455,0,2,1,1,0,0,0,0,1,0,7,50,0,9859,9859,1,5,5,3,0,1,0,0
1314500,2,2022,2022,9,3,8,5,27,370,34609,0,1,1,-34.064619,150.808737,13,0,2,1,1,0,0,0,2,0,7,50,0,1981,1981,4,5,5,2,0,0,1,0
1314503,2,2022,2022,9,0,11,1052,14,60,928,0,1,3,-33.432266,151.253816,16,1,2,1,2,0,0,0,0,0,7,110,2,14295,14295,3,5,5,2,0,0,2,0
1314504,2,2023,2023,3,0,7,916,17,10,917,0,1,1,-32.534487,151.142117,64,2,1,0,0,0,0,0,2,0,7,80,2,14295,14295,3,5,13,2,0,0,2,0
1314505,2,2023,2023,4,1,2,6,1,137,34609,0,1,7,-34.026575,151.060446,68,0,2,1,2,0,3,6,0,0,0,50,0,926,926,4,16,0,2,0,0,1,0
1314507,2,2023,2023,3,4,8,16,27,271,34609,0,1,9,-33.946911,151.021561,15,0,2,1,1,0,0,0,2,0,7,50,0,2852,2852,4,0,5,2,0,0,1,0
1314509,2,2023,2023,3,0,5,6,31,443,34609,0,1,10,-33.909405,151.069168,15,0,2,1,1,0,0,0,2,0,0,50,0,6545,6545,4,5,5,2,0,0,1,1
1314510,2,2023,2023,3,6,5,114,27,34,228,0,1,1,-33.476627,150.965888,71,0,2,0,0,0,0,0,2,0,7,80,2,4552,5151,8,16,40,1,0,0,1,0
1314517,4,2023,2023,3,1,8,5,1,62,34609,0,1,9,-34.089835,150.819281,13,0,2,1,1,0,0,0,2,0,0,50,0,1945,1945,5,16,40,1,0,1,0,0
1314518,4,2023,2023,7,1,10,4,31,58,34609,0,1,1,-34.412245,150.896152,80,0,2,1,2,0,0,0,3,0,7,50,0,9859,9859,1,21,5,4,0,1,0,0
1314522,2,2023,2023,7,1,3,251,27,62,212,0,1,10,-33.752501,151.252909,50,0,2,1,1,0,0,0,2,2,7,70,2,2040,2040,9,5,28,2,0,0,1,0
1314524,4,2023,2023,3,4,6,265,17,10,193,0,1,1,-35.454354,147.030866,51,1,0,1,0,0,0,0,2,0,7,100,2,1669,1669,3,0,0,3,0,2,0,1
1314525,2,2023,2023,3,1,8,5,27,9,34609,1,0,1,-33.431289,149.590475,3,2,1,1,1,0,0,0,2,0,7,60,0,9859,9859,1,5,5,3,0,0,1,1
1314526,2,2023,2023,4,6,9,42,10,78,39,0,1,9,-34.481448,150.843184,80,0,2,1,1,0,0,0,2,2,15,70,1,14295,14295,3,9,5,2,0,0,1,0
1314527,4,2023,2023,3,2,10,2126,17,438,2149,1,0,1,-33.841358,151.036004,21,0,2,1,2,0,0,0,0,0,7,60,2,1981,1981,4,5,5,4,0,1,1,0
1314528,1,2023,2023,4,0,6,16,31,49,34609,0,1,1,-33.942876,151.216631,4,0,2,1,0,0,0,0,2,0,7,50,0,1981,1981,4,5,18,2,0,0,0,1
1314532,2,2023,2023,4,0,3,330,23,293,112,0,1,10,-33.943762,151.240053,59,0,2,1,1,0,0,0,2,2,9,50,2,186,186,1,5,5,4,0,0,1,3
1314533,4,2023,2023,4,5,4,7,10,63,34609,0,1,1,-33.245091,151.505756,16,2,2,1,0,0,0,0,2,0,7,50,0,9859,9859,8,5,40,1,0,1,0,0
1314534,2,2023,2023,4,1,8,512,17,6,441,0,1,9,-33.414101,149.550559,3,2,1,1,2,0,0,0,2,0,15,60,2,14295,14295,3,0,19,2,0,0,1,0
1314535,1,2023,2023,3,0,3,500,27,198,799,0,1,9,-33.919792,151.100597,15,0,2,1,2,0,0,0,1,0,0,60,2,1945,1945,5,16,40,1,0,0,0,1
1314540,4,2022,2022,2,5,8,64,27,278,284,0,1,9,-33.777384,151.05347,54,0,2,1,1,0,0,0,2,2,9,60,2,2040,2040,9,5,28,2,0,1,0,0
1314541,2,2023,2023,3,6,5,40,31,363,34609,0,1,7,-33.75633,150.69505,55,0,2,1,0,0,0,0,2,0,0,50,0,5929,5929,1,15,5,2,0,0,1,0
1314542,4,2023,2023,3,6,6,1,31,148,34609,0,1,9,-36.032158,146.928966,0,2,1,1,1,0,0,0,2,0,15,50,0,6545,6545,4,22,13,2,0,1,0,0
1314544,1,2023,2023,7,0,10,9,27,81,34609,0,1,1,-33.88465,151.264847,81,0,2,0,2,0,3,3,0,0,7,50,0,3775,3775,0,19,5,2,0,0,0,1
1314548,2,2023,2023,3,3,10,10,27,104,34,0,1,1,-33.840264,151.216433,49,0,2,1,2,0,0,0,0,0,10,50,1,368,368,9,0,28,2,0,0,1,0
1314553,2,2023,2023,4,3,6,1,31,53,34609,1,0,9,-33.848156,150.96247,21,0,2,1,1,0,0,0,2,0,7,50,0,323,323,1,5,0,2,0,0,1,0
1314554,2,2023,2023,3,2,4,64,27,278,284,0,1,9,-33.77658,151.057115,54,0,2,1,0,0,0,0,2,0,0,60,2,2852,2852,4,5,0,2,0,0,1,0
1314558,1,2023,2023,3,2,7,25,31,127,30,0,1,9,-33.888363,151.158983,32,0,2,1,1,0,0,0,2,0,7,60,1,5929,5929,1,0,5,2,0,0,0,1
1314561,4,2023,2023,7,4,8,17,27,562,34609,0,1,1,-32.32962,148.594553,22,1,0,1,0,0,0,0,2,0,7,100,0,1945,1945,5,16,40,1,0,1,0,0
1314570,4,2023,2023,7,2,7,98,31,316,34609,0,1,2,-31.428996,152.894493,56,2,1,1,1,0,0,0,2,0,0,40,0,1981,1981,4,5,5,2,0,1,0,0
1314571,1,2023,2023,3,2,9,71,31,78,125,0,1,10,-33.858619,151.010594,21,0,2,1,1,0,0,0,3,0,9,60,1,591,591,1,17,5,2,0,0,0,1
1314572,2,2023,2023,4,6,5,59,10,84,231,0,1,9,-33.471771,151.395142,16,2,2,1,0,0,0,0,2,0,7,60,2,5929,5929,1,9,5,2,0,0,1,0
1314573,4,2023,2023,4,5,11,110,27,167,40,0,1,9,-33.837569,151.061263,54,0,2,0,2,0,0,0,0,0,0,60,1,2852,2852,4,5,10,2,0,1,0,0
1314576,4,2023,2023,3,1,8,829,27,125,770,0,1,9,-33.822655,151.12173,61,0,2,1,1,0,0,0,2,2,7,60,2,5929,5929,1,5,19,2,0,1,0,0
1314588,4,2023,2023,3,3,11,69,31,646,563,0,1,0,-33.907536,151.040682,15,0,2,1,2,0,0,0,0,0,7,50,2,368,368,9,5,28,2,0,1,0,0
1314589,4,2023,2023,7,6,7,177,22,210,176,0,1,9,-34.034613,151.105414,68,0,2,1,1,0,0,0,2,0,7,60,2,2852,2852,4,0,5,2,0,1,1,1
1314591,2,2023,2023,4,1,7,59,27,5,69,0,1,1,-34.075487,149.831833,51,1,0,0,0,0,3,4,2,0,7,100,1,418,714,5,5,40,1,0,0,1,0
1314593,1,2022,2022,2,5,8,79,10,43,231,0,1,2,-33.433287,151.315964,16,2,2,0,1,0,0,0,3,0,7,60,2,14295,14295,3,33,0,2,0,0,0,1
1314594,1,2023,2023,3,4,6,171,1,57,104,0,1,9,-33.946104,151.223331,4,0,2,0,0,0,0,0,2,2,7,60,2,775,775,4,8,5,2,0,0,0,2
1314596,2,2023,2023,7,6,4,500,27,293,799,0,1,9,-33.932541,151.041855,15,0,2,1,1,0,0,0,2,2,7,60,2,14295,14295,3,8,5,5,0,0,1,0
1314597,2,2023,2023,3,5,5,1,27,42,34609,0,1,1,-33.729959,151.264995,50,0,2,1,1,0,0,0,2,0,7,50,0,312,312,2,0,40,1,0,0,1,0
1314598,4,2023,2023,3,2,10,46,36,433,46,0,1,9,-33.267364,149.086143,52,2,1,1,0,0,3,3,0,0,0,50,1,5929,5929,1,5,19,2,0,1,1,0
1314599,2,2023,2023,3,4,5,168,17,19,212,0,1,1,-35.545848,149.961602,23,2,1,0,1,0,0,0,2,0,7,70,2,4552,5151,8,16,40,1,0,0,1,0
1314603,4,2023,2023,4,4,3,4,27,38,34609,0,1,1,-32.739083,151.851793,57,2,1,1,0,0,0,0,2,0,7,60,0,1981,1981,4,10,27,2,0,1,0,0
1314604,1,2023,2023,4,2,10,5,27,34,34609,0,1,1,-36.994763,149.859158,5,1,0,1,0,2,0,0,3,0,7,100,0,1945,1945,5,16,40,1,0,0,0,1
1314608,2,2022,2022,2,4,5,1,31,56,34609,0,1,1,-35.121366,147.384128,75,2,1,1,0,0,0,0,2,0,7,50,0,475,475,5,5,40,1,0,0,1,0
1314612,1,2023,2023,3,2,3,8,27,26,34609,0,1,1,-33.073952,151.610001,37,0,2,1,0,0,0,0,2,0,0,20,0,1981,1981,4,22,0,2,0,0,0,1
1314616,4,2023,2023,4,2,1,5,31,10,34609,0,1,9,-32.914238,151.763649,48,0,2,1,2,0,0,0,0,0,0,50,0,515,515,1,9,19,2,0,1,0,0
1314617,4,2022,2022,2,6,6,2209,17,61,2205,0,1,1,-35.942231,150.101557,23,1,0,1,0,0,0,0,2,0,7,100,2,941,941,1,0,5,2,0,1,1,0
1314620,4,2022,2022,2,2,9,21,10,89,34609,0,1,1,-28.224077,153.534863,72,2,1,0,1,0,0,0,2,0,7,50,0,3775,3775,0,17,27,2,0,2,0,0
1314621,2,2023,2023,4,5,6,19,31,433,40,0,1,1,-33.287549,149.102948,52,2,1,1,1,0,0,0,2,0,7,50,1,186,186,9,22,28,2,0,0,1,0
1314624,4,2023,2023,4,0,9,19,27,46,34609,0,1,1,-35.144493,147.392695,75,2,1,0,1,0,0,0,2,0,7,80,0,418,714,5,10,40,1,0,1,0,0
1314626,1,2023,2023,4,0,6,16,31,363,34609,1,0,10,-33.823988,150.991959,54,0,2,1,3,0,0,0,2,0,15,50,0,6545,6545,4,5,5,2,0,0,0,1
1314627,2,2023,2023,4,1,10,9,31,148,34609,0,1,1,-36.047391,146.927058,0,2,1,1,2,0,3,4,0,0,7,50,0,9859,9859,8,34,40,1,0,0,2,0
1314629,4,2023,2023,4,2,1,35,27,3,24,0,1,1,-32.579511,149.513239,44,1,0,0,0,0,0,0,0,0,7,100,1,1259,5151,8,10,40,1,0,1,0,0
1314630,4,2022,2022,2,5,10,3,27,160,34609,0,1,10,-33.102685,151.478576,37,0,2,1,2,0,0,0,0,0,0,60,0,2852,2852,4,0,5,2,0,3,0,0
1314632,4,2022,2022,2,1,0,49,22,41,96,0,1,1,-32.963563,151.620634,37,0,2,0,2,0,0,0,0,0,7,60,2,4552,5151,8,30,40,1,0,1,0,0
1314633,4,2022,2022,2,2,0,13,27,24,12,0,1,1,-29.770913,153.155369,18,1,0,0,0,0,0,0,0,0,7,90,1,2585,4009,8,0,40,1,0,1,0,0
1314634,4,2022,2022,2,0,9,69,31,93,34609,0,1,9,-36.089532,146.934766,0,2,1,1,0,0,0,0,2,0,7,60,0,1109,787,1,5,13,2,0,2,0,0
1314636,4,2022,2022,2,4,5,16,31,207,34609,0,1,10,-31.940708,141.469518,51,2,1,1,0,0,0,0,2,0,0,50,0,14295,14295,3,5,5,2,0,2,0,0
1314638,4,2023,2023,4,5,8,3,27,29,1,0,1,1,-31.257946,149.122414,51,1,0,0,0,0,0,0,2,0,7,100,1,273,957,5,30,40,1,0,1,0,0
1314642,1,2022,2022,2,1,7,8,1,36,34609,0,1,1,-33.936222,151.25307,59,0,2,1,3,0,0,0,2,0,7,50,0,4026,4026,1,5,5,3,0,0,0,2
1314643,4,2023,2023,4,2,8,43,27,16,118,0,1,1,-30.411785,150.618522,70,1,0,0,0,0,0,0,2,0,7,100,2,418,714,5,16,40,1,0,1,0,0
1314645,4,2023,2023,4,3,9,220,27,44,222,0,1,2,-33.787028,150.973695,54,0,2,1,1,0,0,0,2,0,7,80,2,14295,14295,3,16,5,2,0,1,0,0
1314646,2,2023,2023,4,4,3,41,31,113,34609,0,1,10,-29.478646,149.854679,51,2,1,1,0,0,0,0,2,0,0,50,0,782,985,5,10,40,1,0,0,1,1
1314650,2,2023,2023,4,0,10,1,33,3,34609,0,1,1,-33.220467,150.238645,40,1,0,0,3,2,3,4,0,0,7,100,0,1957,4009,8,5,40,1,0,0,1,1
1314651,2,2022,2022,2,1,8,21,27,31,34609,0,1,9,-31.121232,150.916443,70,2,1,1,0,0,0,0,2,0,7,50,0,6545,6545,4,5,19,2,0,0,1,0
1314654,1,2022,2022,2,5,11,11,27,9,34609,0,1,1,-33.16767,151.533639,16,2,2,1,0,0,0,0,0,0,7,80,0,2040,2040,9,0,28,2,0,0,0,1
1314655,2,2022,2022,2,2,7,44,31,6,34609,0,1,4,-30.886411,153.071781,34,2,1,0,0,0,0,0,2,0,7,50,0,4552,5151,8,0,40,1,0,0,1,0
1314656,4,2023,2023,4,6,2,26,31,171,19,0,1,1,-33.806533,150.966198,21,0,2,1,2,0,0,0,1,0,7,50,1,1391,1391,1,0,5,6,0,1,0,0
1314660,2,2023,2023,4,3,6,2261,17,7,2252,0,1,2,-34.811287,149.118271,74,1,0,0,3,0,0,0,2,0,7,110,2,1850,1463,5,16,40,1,0,0,1,0
1314661,4,2022,2022,2,5,0,3371,17,49,3342,0,1,2,-33.191744,151.527572,16,2,2,0,2,0,0,0,0,0,7,80,2,1957,4009,8,0,40,1,0,1,0,0
1314662,4,2023,2023,4,0,2,29,31,201,34609,0,1,1,-33.99713,150.858967,13,0,2,1,2,0,0,0,1,0,7,60,0,9859,9859,1,16,35,2,0,1,0,0
1314664,2,2023,2023,3,2,11,115,27,55,114,0,1,1,-33.884861,151.26806,81,0,2,1,2,0,0,0,0,0,7,50,2,14295,14295,3,16,5,2,0,0,1,0
1314665,2,2023,2023,3,2,5,14,27,78,34609,0,1,1,-28.330121,153.3872,72,2,1,1,3,0,3,4,2,0,7,50,0,4026,4026,8,5,40,1,0,0,1,0
1314669,4,2023,2023,3,0,10,8,31,117,34609,0,1,9,-28.186268,153.526436,72,2,1,1,2,0,3,4,0,2,7,50,0,5929,5929,1,19,5,2,0,1,0,0
1314670,4,2022,2022,2,0,11,1,6,89,34609,0,1,1,-33.400197,151.473482,16,2,2,0,0,0,0,3,0,0,7,50,0,368,368,9,10,28,2,0,1,0,0
1314675,4,2023,2023,7,6,2,98,27,223,11,0,1,1,-33.797936,150.926227,7,0,2,1,2,0,3,0,0,0,7,60,1,368,368,9,10,28,2,0,1,0,0
1314677,1,2023,2023,3,0,7,55,10,112,47,0,1,2,-33.440194,151.438552,16,2,2,1,1,0,0,0,2,0,7,60,2,941,941,1,5,5,2,0,0,0,1
1314681,2,2023,2023,3,6,5,283,27,197,702,1,0,9,-33.94989,151.081121,25,0,2,1,1,0,0,0,2,2,0,60,2,5929,5929,1,5,12,2,0,0,1,0
1314682,2,2023,2023,3,3,5,255,31,83,100,0,1,9,-34.450799,150.448861,78,2,1,0,0,0,0,0,2,2,9,50,2,2040,2040,9,5,28,2,0,0,1,0
1314683,2,2022,2022,2,6,10,32,27,56,62,0,1,9,-33.806816,151.199289,77,0,2,1,2,0,0,0,0,0,7,60,2,5929,5929,1,5,18,2,0,0,1,0
1314687,2,2023,2023,7,6,3,3371,17,28,3342,0,1,2,-31.8412,152.611153,43,1,0,1,1,0,0,0,2,0,7,100,2,1282,1282,1,3,5,2,0,0,2,0
1314688,1,2023,2023,7,6,7,46,31,363,34609,0,1,1,-33.814804,151.006148,54,0,2,1,1,0,0,0,2,0,7,40,0,238,238,9,0,28,2,0,0,0,1