Crash ID,Degree of crash - detailed,Reporting year,Year of crash,Month of crash,Day of week of crash,Two-hour intervals,Street of crash,Street type,Town,Route no.,School zone location,School zone active,Type of location,Latitude,Longitude,LGA,Urbanisation,Conurbation 1,Alignment,Street lighting,Road surface,Surface condition,Weather,Natural lighting,Signals operation,Other traffic control,Speed limit,Road classification,RUM - code,DCA - code,First impact type,Key TU type,Other TU type,No. of traffic units involved,No. killed,No. seriously injured,No. moderately injured,No. minor-other injured
1314694,4,2023,2023,7,2,5,5,27,370,34609,0,1,1,-34.064765,150.807859,13,0,2,1,1,0,0,0,2,0,7,50,0,1981,1981,4,0,5,2,0,1,1,0
1314696,2,2023,2023,3,1,9,3,7,609,34609,0,1,9,-33.769441,150.894106,7,0,2,1,0,0,0,0,3,0,7,50,0,2852,2852,4,5,19,2,0,0,1,0
1314704,1,2023,2023,7,3,9,19,31,96,34609,0,1,1,-34.060032,150.833268,13,0,2,1,2,0,3,4,2,0,7,60,0,340,340,9,30,28,2,0,0,0,1
1314706,1,2023,2023,4,0,9,9,27,110,20,0,1,9,-33.764854,151.015009,54,0,2,0,2,0,3,3,3,2,7,60,1,4552,5151,8,5,40,1,0,0,0,1
1314710,2,2023,2023,7,2,7,829,31,102,34609,0,1,1,-33.948095,151.207871,4,0,2,1,0,0,0,0,2,0,7,50,0,9859,9859,8,5,40,1,0,0,1,0
1314719,2,2023,2023,7,0,10,2126,17,283,2149,0,1,9,-33.82652,151.004665,54,0,2,1,3,0,3,4,0,3,7,60,2,14295,14295,3,9,36,2,0,0,1,0
1314722,4,2023,2023,3,4,6,168,1,112,34609,0,1,9,-33.443096,151.418503,16,2,2,1,1,0,0,0,2,0,7,50,0,9859,9859,8,30,40,1,0,1,0,0
1314723,1,2022,2022,2,4,9,112,27,96,256,0,1,2,-34.049692,150.826584,13,0,2,1,1,0,0,0,2,0,7,60,2,14295,14295,3,5,5,2,0,0,0,1
1314724,2,2023,2023,3,2,8,165,31,219,34609,0,1,9,-32.902845,151.67578,48,0,2,1,1,0,0,0,2,0,0,50,0,14295,14295,3,16,0,2,0,0,1,0
1314726,4,2023,2023,3,1,8,3,27,30,34609,0,1,1,-34.49419,150.81695,80,0,2,0,1,0,0,0,2,0,7,50,0,312,312,2,30,40,1,0,1,0,0
1314734,2,2023,2023,3,6,7,21,1,51,34609,0,1,1,-33.259951,151.487431,16,2,2,0,0,0,0,0,2,0,9,50,0,2040,2040,9,0,28,2,0,0,1,0
1314735,2,2023,2023,3,1,2,2209,17,144,2205,0,1,9,-34.075116,151.011212,68,0,2,1,2,0,0,0,0,2,7,70,2,2852,2852,4,10,25,2,0,0,2,0
1314737,1,2023,2023,4,3,0,72,27,22,102,0,1,9,-33.795932,151.276542,50,0,2,1,2,0,0,0,0,0,15,60,2,2040,2040,9,5,28,2,0,0,0,1
1314742,4,2023,2023,4,2,10,19,1,132,148,0,1,1,-34.062536,151.056203,68,0,2,0,1,0,0,0,0,0,7,60,2,1220,1220,9,5,28,2,0,1,0,0
1314743,2,2023,2023,3,4,5,14,27,130,34609,0,1,9,-34.456631,150.848426,80,0,2,1,1,0,3,4,2,0,8,50,0,515,515,1,33,5,2,0,0,1,0
1314744,2,2023,2023,4,4,9,18,24,67,34609,0,1,10,-33.715698,150.910683,7,0,2,1,1,0,0,0,2,2,7,60,0,14295,14295,3,0,5,2,0,0,1,0
1314745,4,2023,2023,3,6,3,7,31,28,34609,0,1,1,-33.913862,150.882895,41,0,2,0,1,0,3,4,1,0,7,50,0,4552,5151,8,21,40,1,0,1,0,0
1314746,2,2022,2022,2,6,6,16,31,228,34609,0,1,10,-34.765892,149.697624,26,2,1,1,0,0,0,0,2,0,0,50,0,6545,6545,4,0,13,2,0,0,1,0
1314750,2,2023,2023,7,5,3,21,31,160,34609,0,1,1,-33.105028,151.479304,37,0,2,1,3,0,3,3,2,0,7,50,0,1981,1981,4,0,5,2,0,0,1,0
1314751,1,2023,2023,4,0,4,74,27,130,59,0,1,2,-34.454482,150.857745,80,0,2,1,3,0,0,0,2,0,7,80,2,14295,14295,3,0,5,2,0,0,0,2
1314753,1,2023,2023,4,5,8,117,1,176,35,1,2,1,-33.964406,151.137754,4,0,2,1,1,0,0,0,2,0,7,40,2,14295,14295,3,0,13,2,0,0,0,1
1314756,1,2023,2023,7,4,5,2261,17,30,2252,0,1,2,-35.556084,147.535094,27,1,0,1,3,0,0,0,2,0,7,110,2,4026,4026,8,0,40,1,0,0,0,1
1314757,4,2023,2023,3,5,8,1,26,29,34609,0,1,9,-33.728451,150.73122,55,0,2,1,1,0,0,0,2,0,0,50,0,2852,2852,4,5,19,2,0,1,0,0
1314765,1,2023,2023,7,3,6,150,27,173,415,0,1,10,-33.785156,151.128336,61,0,2,1,3,0,0,0,2,2,7,70,2,14295,14295,3,5,5,3,0,0,0,1
1314768,2,2023,2023,3,2,10,2,25,137,34609,0,1,9,-33.914609,151.207582,69,0,2,1,2,0,3,3,0,0,0,40,0,2040,2040,9,0,28,3,0,0,2,0
1314772,1,2023,2023,3,5,8,1104,14,247,962,0,1,3,-33.807727,150.932657,21,0,2,0,0,0,0,3,3,0,7,100,2,14295,14295,3,10,5,3,0,0,0,1
1314773,2,2022,2022,2,0,3,53,27,134,51,0,1,7,-33.521234,151.316742,16,2,2,1,1,0,0,0,2,0,0,60,1,1945,1945,5,22,40,1,0,0,1,0
1314776,2,2023,2023,7,0,8,60,10,121,84,0,1,9,-28.187254,153.540133,72,2,1,1,2,0,0,0,2,3,3,60,1,395,395,1,22,5,2,0,0,1,0
1314777,2,2023,2023,7,4,10,2,31,50,34609,0,1,10,-33.512344,151.326782,16,2,2,1,0,0,0,0,3,0,0,50,0,6545,6545,4,16,22,2,0,0,1,0
1314779,2,2023,2023,3,0,11,120,36,43,148,0,1,1,-30.465844,152.983702,6,2,1,0,0,0,3,4,0,0,7,80,2,273,957,5,10,40,1,0,0,2,1
1314782,2,2023,2023,3,4,4,171,31,252,34609,0,1,10,-33.880851,151.214873,69,0,2,1,1,0,0,0,2,2,7,40,0,1945,1945,5,22,40,1,0,0,1,0
1314786,4,2023,2023,7,0,7,334,17,56,308,0,1,1,-31.458179,152.739294,56,2,1,1,1,0,0,0,2,0,7,50,2,14295,14295,3,16,0,2,0,1,0,0
1314788,2,2022,2022,9,5,8,916,17,105,917,0,1,10,-32.717724,151.526534,42,2,1,1,1,0,3,4,2,2,7,60,2,14295,14295,3,0,5,2,0,0,1,0
1314792,2,2023,2023,3,0,6,191,27,193,208,0,1,10,-33.786574,151.085189,61,0,2,1,1,0,0,0,2,2,7,60,2,5929,5929,1,0,0,2,0,0,4,0
1314794,2,2023,2023,7,6,8,14,27,6,34609,0,1,9,-33.458282,149.02526,11,1,0,0,0,0,0,0,2,0,0,100,0,2852,2852,4,33,0,2,0,0,1,0
1314799,4,2023,2023,7,2,7,137,31,65,18,0,1,9,-32.927211,151.769828,48,0,2,1,1,0,0,0,2,0,7,40,2,1945,1945,5,16,40,1,0,1,0,0
1314800,2,2023,2023,7,6,9,31,31,174,34609,0,1,9,-33.891487,151.198439,69,0,2,1,0,0,0,0,2,0,7,40,0,2040,2040,9,5,28,2,0,0,1,0
1314802,2,2023,2023,7,1,11,500,27,136,799,0,1,9,-33.926014,151.084816,15,0,2,1,2,0,0,0,0,0,15,60,2,14295,14295,3,5,5,3,0,0,2,0
1314806,4,2023,2023,7,1,8,161,17,23,161,0,1,1,-36.603374,149.453268,5,2,1,0,0,0,3,4,3,0,7,60,2,2585,4009,8,10,40,1,0,1,0,0
1314807,1,2023,2023,7,1,3,81,31,284,80,0,1,1,-33.910191,151.014886,15,0,2,1,3,0,0,0,2,0,7,60,1,14295,14295,3,0,0,2,0,0,0,1
1314809,1,2023,2023,7,4,9,1,1,138,34609,0,1,9,-33.866456,151.273907,81,0,2,1,3,0,0,0,3,0,7,50,0,63,63,4,0,0,2,0,0,0,1
1314811,1,2023,2023,7,6,6,27,1,134,34609,0,1,1,-33.508616,151.32345,16,2,2,1,3,0,0,0,2,0,7,50,0,941,941,1,5,5,2,0,0,0,1
1314813,2,2023,2023,3,4,8,10,27,42,91,1,0,9,-35.346598,149.244998,58,2,1,1,1,0,0,0,2,0,0,60,2,591,591,1,17,5,2,0,0,1,1
1314814,2,2023,2023,7,5,9,71,36,30,61,0,1,1,-34.346546,146.038054,28,2,1,1,1,0,0,0,2,0,7,80,2,14295,14295,3,3,25,2,0,0,1,0
1314815,1,2023,2023,3,0,8,330,27,106,605,0,1,9,-33.681731,151.303025,50,0,2,1,1,0,0,0,2,0,6,70,2,5929,5929,1,9,0,3,0,0,0,1
1314817,2,2023,2023,3,0,10,9,1,57,34609,0,1,1,-33.347661,151.440636,16,2,2,0,2,0,0,0,0,0,7,50,0,1850,1463,5,5,40,1,0,0,1,0
1314818,2,2023,2023,4,6,9,481,17,27,483,0,1,1,-32.597733,148.218026,51,1,0,0,0,0,3,4,3,0,7,110,2,418,714,5,5,40,1,0,0,1,0
1314819,1,2023,2023,3,2,9,2126,17,438,2149,0,1,2,-33.838817,151.028872,21,0,2,1,3,0,3,4,0,0,7,60,2,14295,14295,3,5,5,2,0,0,0,1
1314820,4,2023,2023,7,3,5,103,36,13,157,0,1,1,-28.335855,152.680315,51,1,0,0,0,0,0,0,2,0,7,100,2,1850,1463,5,16,40,1,0,1,0,0
1314822,1,2023,2023,3,6,6,108,27,251,93,0,1,1,-33.775355,150.9447,7,0,2,1,3,0,0,0,2,0,7,60,1,1981,1981,4,33,5,2,0,0,0,1
1314824,1,2023,2023,3,4,5,8,27,187,2,0,1,1,-33.797661,150.985029,54,0,2,1,3,0,0,0,2,0,7,50,2,14295,14295,3,10,0,2,0,0,0,1
1314826,4,2023,2023,7,4,6,103,36,8,157,0,1,1,-29.384716,153.00609,18,1,0,1,3,0,0,0,2,0,7,100,2,4026,4026,8,10,40,1,0,1,0,0
1314829,1,2023,2023,7,4,4,361,31,39,34609,0,1,1,-32.903867,151.576325,37,0,2,1,3,0,0,0,2,0,7,50,0,3775,3775,0,0,25,2,0,0,0,1
1314833,1,2023,2023,7,5,11,13,22,62,34609,0,1,1,-34.0779,150.811522,13,0,2,1,3,0,0,0,0,0,7,60,0,9859,9859,1,0,5,2,0,0,0,1
1314834,1,2023,2023,7,6,9,49,27,232,62,0,1,2,-33.693039,150.91186,7,0,2,1,3,0,0,0,2,0,7,70,2,14295,14295,3,0,0,3,0,0,0,1
1314838,4,2023,2023,3,3,5,5,27,104,34609,0,1,1,-33.794544,150.776515,55,0,2,0,1,0,0,3,2,0,7,50,0,3775,3775,0,5,0,2,0,1,2,0
1314844,1,2023,2023,3,6,10,17,27,91,96,0,1,1,-32.968834,151.63947,37,0,2,1,1,0,0,0,3,0,7,60,2,623,623,3,16,0,2,0,0,0,1
1314845,1,2023,2023,3,5,6,117,27,72,144,0,1,9,-33.845314,151.089519,14,0,2,1,1,0,0,0,2,0,7,60,2,14295,14295,3,0,5,3,0,0,0,1
1314847,4,2023,2023,4,3,5,1052,14,108,928,0,1,3,-33.311543,151.399784,16,1,2,1,1,0,0,0,2,0,7,110,2,14295,14295,3,16,19,2,0,1,0,1
1314849,4,2023,2023,4,0,6,11,7,72,34609,1,0,7,-34.017419,151.019248,68,0,2,1,0,0,0,0,2,0,0,60,0,9859,9859,8,5,40,1,0,1,0,0
1314850,1,2023,2023,7,6,4,52,27,188,53,0,1,1,-33.931354,151.099045,15,0,2,1,1,0,0,0,2,0,7,50,1,1282,1282,1,10,19,2,0,0,0,1
1314851,2,2023,2023,7,6,6,481,17,77,483,0,1,1,-30.328231,149.778479,51,2,1,1,1,0,0,0,2,0,7,50,2,14295,14295,3,10,0,3,0,0,2,0
1314852,2,2023,2023,3,0,10,220,14,29,220,0,1,9,-34.401854,150.880376,80,0,2,0,2,0,0,0,0,0,0,80,2,2852,2852,4,5,13,2,0,0,1,0
1314854,4,2023,2023,4,0,5,1104,14,149,962,0,1,3,-33.817002,150.967793,21,0,2,0,1,0,3,4,2,0,7,90,2,14295,14295,3,0,5,2,0,1,0,0
1314859,2,2023,2023,3,6,4,78,31,228,39,0,1,2,-34.753103,149.719658,26,2,1,1,1,0,0,0,2,0,7,40,2,1220,1220,9,5,28,2,0,0,2,0
1314860,4,2023,2023,3,6,4,348,17,105,232,0,1,7,-32.599213,149.587109,44,2,1,1,1,0,0,0,2,0,0,50,2,591,591,1,22,0,2,0,1,0,0
1314861,1,2023,2023,4,1,4,3371,17,147,3342,0,1,9,-33.744207,151.141177,36,0,2,1,3,0,3,4,2,0,2,60,2,775,775,4,5,0,2,0,0,0,2
1314863,2,2023,2023,3,2,6,2209,17,204,2205,0,1,10,-33.939091,151.147923,4,0,2,1,1,0,0,0,2,2,7,60,2,14295,14295,3,5,5,2,0,0,1,0
1314864,1,2023,2023,7,2,10,16,27,10,34609,0,1,1,-33.053535,151.570078,37,0,2,0,2,0,0,0,0,0,7,60,0,1259,5151,8,9,40,1,0,0,0,1
1314874,4,2023,2023,3,2,3,118,17,98,118,0,1,1,-30.929756,150.196207,51,1,0,0,0,0,0,0,1,0,7,100,2,3775,3775,0,0,0,2,0,2,0,0
1314876,1,2023,2023,3,4,3,78,17,22,75,0,1,6,-33.855073,151.209077,69,0,2,1,0,0,0,0,2,0,7,70,2,1192,1192,1,22,27,2,0,0,0,1
1314877,2,2023,2023,7,4,10,4,27,43,34609,0,1,1,-33.550474,150.79201,29,2,2,0,0,0,0,0,2,0,7,50,0,1957,4009,8,5,40,1,0,0,1,0
1314880,2,2023,2023,4,1,3,220,27,69,222,0,1,9,-33.768565,150.958926,54,0,2,1,3,0,0,3,2,2,7,80,2,14295,14295,3,9,13,2,0,0,1,0
1314883,2,2023,2023,3,3,8,109,27,18,174,0,1,9,-32.989702,151.521852,37,0,2,1,1,0,0,0,2,0,15,80,2,6545,6545,4,0,0,2,0,0,1,0
1314886,4,2023,2023,3,2,4,25,27,5,27,0,1,1,-34.413474,149.068131,30,2,1,0,0,2,0,0,2,0,7,80,1,1850,1463,5,16,40,1,0,1,0,0
1314892,2,2023,2023,4,2,5,25,31,127,30,0,1,1,-33.888447,151.158948,32,0,2,1,0,0,0,0,2,0,7,60,1,1220,1220,9,16,28,2,0,0,1,1
1314896,2,2023,2023,3,1,5,6,10,387,34609,0,1,2,-33.926254,151.181268,4,0,2,1,3,0,0,0,2,0,7,70,0,404,404,8,16,40,1,0,0,1,0
1314897,1,2023,2023,3,5,4,83,1,89,34609,0,1,1,-28.211866,153.550913,72,2,1,1,3,0,0,0,2,0,7,50,0,14295,14295,3,10,35,3,0,0,0,3
1314899,1,2023,2023,7,6,7,205,27,45,415,0,1,10,-33.693466,151.220587,50,0,2,1,3,0,0,0,2,0,0,80,2,775,775,4,5,13,2,0,0,0,1
1314900,1,2023,2023,4,1,10,12,27,41,24,0,1,7,-32.822024,151.700771,57,2,1,1,3,0,0,0,0,0,0,80,2,1391,1391,1,5,5,2,0,0,0,1
1314903,1,2023,2023,7,4,7,134,10,69,133,0,1,9,-33.82128,151.021557,54,0,2,1,3,0,0,0,2,0,5,70,2,14295,14295,3,5,12,3,0,0,0,1
1314905,4,2023,2023,7,6,3,175,27,609,220,0,1,9,-33.769675,150.9122,7,0,2,1,3,0,0,0,2,0,0,60,2,775,775,4,5,19,2,0,1,0,0
1314908,2,2023,2023,3,5,4,44,27,202,563,0,1,9,-33.949023,151.037638,15,0,2,1,3,0,0,0,2,0,0,70,2,1192,1192,1,8,5,2,0,0,1,0
1314911,2,2023,2023,3,3,5,191,17,562,189,0,1,1,-32.243681,148.616452,22,2,1,1,1,0,0,0,2,0,7,60,2,1109,397,1,34,13,2,0,0,2,0
1314917,2,2023,2023,7,6,3,2261,17,93,2252,0,1,2,-36.077088,146.927151,0,1,0,0,3,0,0,0,2,0,7,110,2,2585,4009,8,5,40,1,0,0,1,0
1314918,2,2023,2023,7,5,4,42,31,69,34609,0,1,10,-28.551265,153.49877,10,2,1,0,3,0,0,0,2,0,0,50,0,6545,6545,4,10,0,3,0,0,1,0
1314920,2,2023,2023,4,3,8,22,31,283,125,0,1,1,-33.830432,151.010444,54,0,2,1,3,0,0,0,2,0,7,60,1,1282,1282,1,0,5,2,0,0,1,0
1314922,1,2023,2023,7,1,9,500,27,129,799,0,1,9,-33.930889,151.0655,15,0,2,1,3,0,0,0,0,0,0,60,2,941,941,1,0,5,2,0,0,0,1
1314926,4,2023,2023,3,4,8,115,27,138,114,0,1,1,-33.872361,151.274315,76,0,2,1,1,0,0,0,2,0,7,50,2,3775,3775,0,0,5,3,0,1,0,0
1314927,1,2023,2023,4,4,4,28,31,532,34609,0,1,1,-33.870854,151.20609,69,0,2,1,1,0,3,4,2,0,7,40,0,1945,1945,5,16,40,1,0,0,0,1
1314928,4,2023,2023,3,3,5,9,31,562,34609,0,1,10,-32.251708,148.60548,22,2,1,1,1,0,0,0,2,2,7,50,0,6545,6545,4,0,5,2,0,1,0,0
1314929,1,2023,2023,3,5,8,2209,17,40,2205,0,1,7,-35.071079,150.570495,63,2,1,0,1,0,3,4,2,0,0,80,2,1383,1383,1,5,5,2,0,0,0,1
1314931,4,2023,2023,4,6,6,1,27,4,34609,0,1,1,-36.305816,150.073234,23,2,1,0,0,2,3,3,2,0,7,50,0,3775,3775,0,16,13,2,0,1,0,0
1314932,2,2023,2023,7,6,7,23,27,36,38,0,1,1,-33.527038,148.687905,11,1,0,1,3,0,0,0,2,0,7,100,2,4026,4026,8,30,40,1,0,0,1,0
1314934,2,2023,2023,3,3,6,4,27,15,34609,0,1,1,-32.750544,151.100323,64,2,1,1,0,2,0,0,2,0,7,60,0,1945,1945,5,16,40,1,0,0,2,0
1314935,2,2023,2023,4,3,10,2,31,201,34609,0,1,9,-34.89233,150.604654,63,2,1,1,1,0,0,3,3,0,15,50,0,1109,397,1,9,19,2,0,0,1,0
1314936,4,2023,2023,4,1,7,72,31,176,62,0,1,10,-33.95969,151.145513,4,0,2,1,1,0,0,0,2,0,0,60,1,5929,5929,1,5,5,3,0,1,1,0
1314937,1,2023,2023,7,4,10,12,24,55,34609,0,1,7,-35.38288,149.210732,58,2,1,1,2,0,0,0,0,0,0,50,0,6545,6545,4,10,5,2,0,0,0,1
1314943,1,2023,2023,4,0,7,161,17,5,161,0,1,1,-35.910074,148.563136,65,2,1,1,0,0,0,0,2,0,7,80,2,9859,9859,8,16,40,1,0,0,0,1
1314944,4,2023,2023,7,4,0,481,17,27,483,0,1,1,-32.469342,148.331784,51,1,0,1,0,0,0,0,0,0,7,110,2,1383,1383,1,9,10,2,0,1,1,0
1314949,1,2023,2023,7,1,6,168,17,13,212,0,1,1,-35.549473,149.938122,58,1,0,0,3,0,0,0,2,0,7,90,2,1850,1463,5,16,40,1,0,0,0,1
1314950,1,2023,2023,7,0,7,294,17,215,288,0,1,1,-35.118205,147.363894,75,2,1,1,3,0,0,0,2,0,7,60,2,1981,1981,4,10,0,2,0,0,0,1
1314954,1,2023,2023,3,3,9,171,1,387,104,0,1,9,-33.933967,151.199251,4,0,2,0,3,0,0,0,4,2,7,60,2,5929,5929,1,5,5,2,0,0,0,1
1314955,4,2023,2023,7,4,4,1104,14,163,962,0,1,3,-33.867338,151.099804,14,0,2,1,3,0,0,0,2,0,7,50,2,1383,1383,1,5,35,2,0,1,0,0
1314958,2,2023,2023,7,4,8,17,27,70,34609,0,1,1,-34.033882,151.085272,68,0,2,1,3,0,0,0,2,0,7,40,0,214,214,9,0,28,2,0,0,1,0
1314961,1,2023,2023,7,0,3,29,31,293,34609,0,1,10,-33.939307,151.244948,59,0,2,1,3,0,0,0,4,0,15,50,0,6545,6545,4,0,13,2,0,0,0,1
1314963,1,2023,2023,7,4,4,19,27,55,34609,0,1,7,-33.790066,150.890512,7,0,2,1,3,0,0,0,2,0,0,60,0,6545,6545,4,5,0,2,0,0,0,1
1314966,2,2023,2023,7,0,5,12,31,87,34609,0,1,10,-28.808315,153.28817,39,2,1,1,3,0,0,0,2,0,0,50,0,6545,6545,4,5,5,2,0,0,1,0
1314967,2,2023,2023,7,5,3,4,27,15,34609,0,1,11,-34.002062,151.074364,68,0,2,1,3,0,3,4,2,0,7,50,0,9859,9859,8,0,40,1,0,0,1,0
1314970,2,2023,2023,3,6,3,115,27,138,114,0,1,9,-33.878099,151.270346,76,0,2,0,1,0,0,3,1,0,6,50,2,2852,2852,4,5,5,2,0,0,1,0
1314971,2,2023,2023,7,2,6,9,27,12,38,0,1,10,-33.840444,150.960448,21,0,2,1,3,0,0,0,2,0,15,60,1,6545,6545,4,5,5,2,0,0,1,0
1314980,2,2022,2022,2,0,2,6,1,55,34609,0,1,1,-33.372154,151.470046,16,2,2,1,0,0,3,4,1,0,7,50,0,9859,9859,1,0,36,2,0,0,1,0
1314985,1,2023,2023,3,6,8,147,27,104,605,0,1,2,-33.830696,151.220281,49,0,2,1,1,0,0,3,2,0,7,60,2,1282,1282,1,16,13,2,0,0,0,1
1314986,2,2023,2023,3,0,6,2126,17,161,2149,0,1,2,-33.888294,151.157089,32,0,2,1,1,0,0,0,2,0,7,60,2,14295,14295,3,16,5,2,0,0,1,0
1314991,2,2023,2023,7,2,6,2,6,12,34609,0,1,10,-32.9943,151.669559,37,0,2,1,1,0,0,0,2,0,15,60,0,1109,787,1,5,5,2,0,0,2,1
1314995,4,2023,2023,3,1,10,829,27,159,770,0,1,9,-33.80681,151.082461,61,0,2,1,2,0,0,0,0,2,7,60,2,5929,5929,1,0,0,2,0,2,0,0
1314998,2,2023,2023,3,4,8,59,10,3,231,0,1,1,-33.506165,151.347717,16,2,2,1,1,0,0,0,2,0,7,70,2,3775,3775,0,0,5,3,0,0,1,0
1315000,2,2023,2023,4,1,10,95,27,106,605,0,1,10,-33.677151,151.306078,50,0,2,1,2,0,0,0,0,2,7,60,2,14295,14295,3,8,5,2,0,0,1,0
1315002,4,2022,2022,2,1,5,1,27,2,34609,0,1,9,-32.732019,152.011143,57,2,1,1,1,0,0,0,2,0,7,50,0,5929,5929,1,5,19,2,0,1,0,0
1315003,2,2022,2022,2,4,6,77,27,11,58,0,1,1,-34.784892,150.55762,63,2,1,0,0,0,3,4,2,0,7,60,2,4552,5151,8,0,40,1,0,0,1,0
1315007,2,2023,2023,7,5,9,35,1,43,52,0,1,1,-33.719702,150.781334,7,0,2,1,1,0,0,0,2,0,7,60,1,945,945,5,15,40,1,0,0,1,0
1315011,4,2023,2023,4,4,8,330,23,293,112,0,1,2,-33.941147,151.239004,59,0,2,1,1,0,0,0,2,0,7,50,2,2040,2040,9,5,28,2,0,1,0,0
1315012,2,2023,2023,3,4,11,36,31,162,34609,0,1,1,-33.840611,150.918089,24,0,2,1,2,0,0,0,0,0,7,60,0,4026,4026,1,5,8,2,0,0,1,0
1315013,4,2023,2023,7,3,10,20,7,316,34609,0,1,9,-31.472487,152.935693,56,2,1,1,2,0,0,0,0,0,7,50,0,1669,1669,3,10,0,2,0,1,0,0
1315018,4,2023,2023,4,1,6,829,27,165,770,0,1,10,-33.852571,151.155911,14,0,2,1,1,0,0,0,2,2,7,60,2,623,623,3,8,36,2,0,1,0,0
1315021,2,2023,2023,7,6,5,2,25,144,34609,0,1,7,-34.064434,151.011571,68,0,2,1,3,0,0,0,2,0,0,50,0,1981,1981,4,5,5,2,0,0,1,0
1315027,2,2023,2023,3,4,6,2,31,33,34609,0,1,1,-35.127011,147.329199,75,2,1,1,0,0,0,0,2,0,7,50,0,1981,1981,4,5,21,2,0,0,1,0
1315030,1,2023,2023,3,3,2,57,31,80,30,0,1,10,-33.878286,151.208601,69,0,2,1,3,0,0,0,0,2,7,40,1,5929,5929,1,5,0,2,0,0,0,1
1315031,1,2023,2023,7,4,8,1104,14,104,962,0,1,3,-33.835088,151.029702,54,0,2,1,3,0,0,0,2,0,7,90,2,14295,14295,3,5,5,3,0,0,0,1
1315033,1,2023,2023,7,4,9,27,27,290,34609,0,1,1,-33.855084,150.991517,21,0,2,1,3,0,0,0,3,0,7,50,0,14295,14295,3,5,36,2,0,0,0,1
1315036,1,2022,2022,9,5,5,8,27,5,34609,0,1,1,-33.374066,149.123777,52,1,0,0,3,0,0,0,2,0,7,100,0,4552,5151,8,10,40,1,0,0,0,1
1315037,2,2023,2023,7,2,4,2,27,115,34609,0,1,1,-33.753793,151.244897,50,0,2,1,3,0,0,0,2,0,7,50,0,1391,1391,1,5,5,2,0,0,1,0
1315041,2,2023,2023,3,5,4,100,27,62,799,1,2,9,-33.897632,151.147104,32,0,2,1,1,0,0,3,2,2,9,40,2,1220,1220,9,5,28,2,0,0,1,1
1315046,2,2023,2023,7,0,4,110,31,165,34609,1,2,10,-32.261579,150.891647,46,2,1,1,0,0,0,0,2,0,15,40,0,6545,6545,4,5,5,2,0,0,1,1
1315048,2,2023,2023,7,6,4,46,31,273,34609,1,2,0,-34.421876,150.896763,80,0,2,1,1,0,0,0,2,0,7,40,0,14295,14295,3,10,0,2,0,0,1,0
1315050,1,2023,2023,3,0,7,1104,14,223,962,0,1,3,-33.805561,150.916995,7,0,2,1,0,0,0,0,2,0,7,100,2,14295,14295,3,21,5,2,0,0,0,1
1315052,4,2023,2023,7,6,4,225,17,50,180,0,1,1,-34.562928,150.663813,62,0,2,0,0,0,0,0,2,0,7,60,2,4552,5151,8,5,40,1,0,1,0,0
1315055,1,2023,2023,3,4,7,2,27,2,34609,0,1,1,-36.756214,148.870301,65,1,0,1,0,2,0,0,2,0,7,100,0,1945,1945,5,16,40,1,0,0,0,1
1315057,2,2023,2023,3,1,8,1,31,28,34609,0,1,9,-35.369272,149.22405,58,2,1,0,0,0,0,0,2,0,0,60,0,5929,5929,1,10,0,2,0,0,1,0
1315062,4,2023,2023,7,5,3,2,27,30,34609,0,1,1,-31.033816,151.005588,70,2,1,1,0,2,3,0,1,0,7,50,0,945,945,5,10,40,1,0,1,0,0
1315065,2,2023,2023,3,3,8,143,31,89,181,0,1,2,-33.889901,151.234048,59,0,2,1,3,0,0,0,2,0,7,60,2,1945,1945,5,15,40,1,0,0,1,0
1315067,2,2023,2023,4,5,4,194,31,309,702,0,1,9,-33.819425,151.099864,61,0,2,1,1,0,0,0,2,2,7,70,2,926,926,4,8,0,3,0,0,1,0
1315068,2,2023,2023,4,1,3,829,27,363,770,0,1,10,-33.808844,151.020932,54,0,2,1,3,0,0,0,2,0,0,60,2,926,926,4,15,10,2,0,0,1,0
1315072,4,2023,2023,3,6,8,1,10,201,34609,0,1,9,-34.008336,150.878644,13,0,2,1,3,0,0,0,2,0,7,50,0,2585,777,8,16,40,1,0,1,0,0
1315075,2,2022,2022,9,5,1,3371,17,65,3342,0,1,2,-30.354188,153.063273,19,1,0,1,2,0,0,0,0,0,7,110,2,4026,4026,8,0,40,1,0,0,1,0
1315076,2,2023,2023,3,4,7,1,34,1,34609,0,1,1,-35.42337,149.576007,58,1,0,0,0,2,0,0,2,0,7,100,0,2585,4009,8,16,40,1,0,0,1,0
1315080,4,2023,2023,4,0,4,111,27,16,233,0,1,9,-33.925185,151.227893,4,0,2,0,0,0,0,0,2,2,7,60,2,591,591,1,22,0,2,0,1,0,0
1315081,2,2023,2023,3,4,10,103,36,6,103,0,1,1,-32.274541,151.912579,43,1,0,0,0,0,0,0,0,0,7,90,1,2585,4009,8,10,40,1,0,0,1,0
1315082,2,2023,2023,3,6,9,26,31,65,34609,0,1,9,-33.80391,150.954958,21,0,2,1,1,0,0,0,3,2,7,50,0,5929,5929,1,0,0,2,0,0,1,0
1315084,2,2023,2023,4,4,4,27,31,47,40,0,1,7,-33.776711,151.283854,50,0,2,1,0,0,0,0,2,0,0,50,1,6545,6545,4,5,27,2,0,0,1,0
1315090,2,2023,2023,4,1,5,77,31,163,69,0,1,10,-33.864973,151.103778,14,0,2,1,0,0,0,0,2,2,7,60,2,6545,6545,4,0,0,4,0,0,1,0