Crash ID,Degree of crash - detailed,Reporting year,Year of crash,Month of crash,Day of week of crash,Two-hour intervals,Street of crash,Street type,Town,Route no.,School zone location,School zone active,Type of location,Latitude,Longitude,LGA,Urbanisation,Conurbation 1,Alignment,Street lighting,Road surface,Surface condition,Weather,Natural lighting,Signals operation,Other traffic control,Speed limit,Road classification,RUM - code,DCA - code,First impact type,Key TU type,Other TU type,No. of traffic units involved,No. killed,No. seriously injured,No. moderately injured,No. minor-other injured
1315093,4,2022,2022,9,2,11,512,1,57,169,0,1,7,-32.817257,151.48283,17,2,1,1,2,0,0,0,0,0,0,60,2,9859,9859,8,16,40,1,0,1,0,0
1315094,4,2023,2023,4,2,7,3371,17,108,3342,0,1,9,-33.307283,151.419808,16,2,2,1,1,0,0,0,2,2,7,50,2,623,623,3,3,5,2,0,1,1,0
1315096,2,2023,2023,4,5,7,56,31,252,34609,0,1,1,-33.885504,151.21093,69,0,2,1,0,0,0,0,2,0,7,40,0,387,387,1,22,40,2,0,0,1,0
1315098,2,2023,2023,3,1,3,51,1,149,34609,0,1,1,-33.993491,151.137141,4,0,2,1,0,0,0,0,2,0,7,50,0,238,238,9,0,28,2,0,0,1,0
1315102,1,2023,2023,3,1,6,4,10,66,34609,0,1,7,-33.7191,150.929058,7,0,2,1,2,0,0,0,2,0,0,60,0,775,775,4,5,5,2,0,0,0,1
1315105,4,2023,2023,3,1,8,37,27,61,105,1,0,1,-33.886453,150.90979,24,0,2,1,1,0,0,0,2,0,9,60,1,591,591,1,22,13,2,0,1,0,0
1315107,2,2023,2023,3,0,6,22,27,16,207,0,1,9,-33.876225,151.228617,69,0,2,1,2,0,0,0,2,2,7,60,2,14295,14295,3,5,19,2,0,0,1,0
1315108,1,2022,2022,2,1,6,11,27,42,9,0,1,1,-33.656366,151.256509,50,0,2,0,0,0,0,0,2,0,7,60,2,782,957,5,16,40,1,0,0,0,1
1315111,4,2023,2023,4,5,7,3371,17,10,3342,0,1,2,-31.398811,152.813944,56,1,0,1,0,0,0,0,2,0,7,110,2,9859,9859,8,9,40,1,0,1,0,0
1315112,2,2023,2023,3,2,0,67,31,131,34609,0,1,1,-36.077052,146.920401,0,2,1,1,2,0,0,0,0,0,7,50,0,9859,9859,8,5,40,1,0,0,1,0
1315113,2,2023,2023,3,0,10,6,31,207,34609,0,1,10,-31.960597,141.461784,51,2,1,1,2,0,0,0,3,2,7,50,0,5929,5929,1,0,0,2,0,0,2,0
1315115,1,2023,2023,3,4,3,150,27,309,415,0,1,2,-33.806991,151.109675,61,0,2,1,1,0,0,0,2,0,7,70,2,1383,1383,1,10,5,2,0,0,0,1
1315120,4,2023,2023,7,3,7,149,10,136,702,0,1,2,-33.859214,151.068831,67,0,2,1,0,0,0,0,2,0,7,80,2,14295,14295,3,21,5,3,0,1,0,0
1315122,4,2023,2023,7,4,8,2,23,31,34609,0,1,9,-33.430367,151.362671,16,2,2,1,0,0,0,0,2,0,7,50,0,9859,9859,1,5,0,3,0,1,0,0
1315123,4,2023,2023,7,5,8,1,27,20,34609,0,1,1,-35.483049,147.652433,75,1,0,1,0,2,0,0,2,0,7,100,0,1945,1945,5,16,40,1,0,1,0,0
1315124,2,2023,2023,3,4,5,5,27,3,34609,0,1,1,-32.09271,152.038356,43,2,1,0,0,0,0,0,2,0,7,80,0,2585,4009,8,8,40,1,0,0,1,0
1315125,4,2023,2023,7,5,10,150,27,309,415,0,1,2,-33.808305,151.108337,61,0,2,1,2,0,0,0,0,0,7,70,2,2040,2040,9,5,28,2,0,1,0,0
1315126,4,2023,2023,3,4,3,7,27,29,7,0,1,1,-31.897514,149.80338,51,1,0,0,0,0,3,4,2,0,7,100,1,2585,4009,8,0,40,1,0,1,0,0
1315127,4,2023,2023,3,3,4,334,17,22,308,0,1,1,-31.36501,152.044582,51,1,0,0,0,0,0,0,2,0,7,100,2,782,957,5,16,40,1,0,1,0,0
1315130,2,2022,2022,10,4,8,11,27,7,143,0,1,1,-34.401629,149.382922,74,1,0,1,0,0,0,0,2,0,7,100,2,1089,1089,7,30,40,1,0,0,1,0
1315131,2,2023,2023,3,2,7,229,14,110,237,0,1,3,-33.765226,151.012609,71,0,2,1,1,0,0,0,2,0,7,100,2,9859,9859,8,0,40,1,0,0,2,0
1315133,4,2023,2023,7,0,6,265,17,5,193,0,1,1,-35.067398,147.391035,75,1,0,1,0,0,0,0,2,0,7,100,2,3775,3775,0,10,35,2,0,1,0,0
1315135,2,2023,2023,7,5,4,14,18,31,34609,0,1,1,-31.121173,150.926519,70,2,1,1,0,0,3,4,2,0,7,80,0,14295,14295,3,10,13,2,0,0,1,0
1315137,2,2022,2022,2,4,10,2126,17,363,2149,0,1,7,-33.75166,150.700782,55,0,2,0,2,0,0,0,3,0,0,50,2,2585,4009,8,16,40,1,0,0,1,0
1315138,1,2023,2023,7,2,6,6,27,2,34609,0,1,1,-35.285466,148.048396,66,1,0,0,0,0,2,6,2,0,7,100,0,4552,5151,8,5,40,1,0,0,0,2
1315141,2,2023,2023,7,0,11,11,27,11,30,0,1,1,-28.293269,153.386352,72,2,1,1,0,0,3,4,0,0,7,80,1,475,475,5,0,40,1,0,0,1,0
1315147,2,2023,2023,3,2,11,2,10,85,34609,0,1,9,-33.777834,150.67241,55,0,2,1,2,0,0,0,0,0,7,50,0,9859,9859,8,16,40,1,0,0,1,0
1315150,4,2023,2023,4,1,5,485,27,52,769,0,1,9,-33.693706,150.924906,7,0,2,1,0,0,3,3,2,2,7,80,2,515,515,1,0,5,2,0,1,0,1
1315152,4,2023,2023,3,3,0,25,31,273,34609,0,1,1,-34.424417,150.885999,80,0,2,1,0,0,0,0,0,0,7,50,0,9859,9859,1,5,0,2,0,1,0,0
1315153,2,2023,2023,3,4,9,8,31,562,34609,0,1,9,-32.238867,148.615353,22,2,1,1,1,0,0,0,2,0,7,50,0,323,323,1,10,0,2,0,0,1,0
1315167,2,2023,2023,7,1,3,85,31,65,34609,0,1,1,-34.485521,150.885882,80,0,2,1,3,0,3,3,2,0,7,40,0,1981,1981,4,30,5,2,0,0,1,0
1315169,4,2023,2023,7,3,8,161,17,12,161,0,1,1,-36.613183,149.380609,65,1,0,0,3,0,0,3,2,0,7,100,2,380,714,5,10,40,1,0,1,0,0
1315170,1,2023,2023,7,5,8,515,14,294,518,0,1,3,-33.941851,150.940363,41,0,2,1,0,0,0,0,2,0,7,100,2,14295,14295,3,9,13,2,0,0,0,1
1315176,1,2023,2023,7,6,7,9,27,42,34609,0,1,7,-33.653774,151.318382,50,0,2,1,3,0,0,0,2,0,0,50,0,6545,6545,4,5,0,2,0,0,0,1
1315178,1,2023,2023,7,6,3,109,27,137,105,0,1,9,-33.895236,150.906041,24,0,2,1,0,0,0,0,2,0,0,60,2,5929,5929,1,5,5,2,0,0,0,1
1315180,2,2023,2023,7,3,7,163,27,41,165,0,1,9,-33.728957,150.822684,7,0,2,1,3,0,0,0,2,2,7,60,1,1669,1669,3,21,5,2,0,0,1,0
1315183,2,2023,2023,7,1,8,108,31,363,34609,0,1,1,-33.75851,150.689324,55,0,2,1,3,0,0,3,3,0,7,50,0,5929,5929,1,5,13,2,0,0,1,0
1315184,2,2023,2023,7,6,9,171,27,52,369,0,1,1,-33.670633,150.752619,55,0,2,1,3,0,0,0,2,0,7,80,2,3775,3775,0,5,5,3,0,0,1,1
1315188,1,2023,2023,3,4,4,125,31,438,44,0,1,9,-33.849243,151.033359,21,0,2,1,3,0,0,0,2,2,7,50,1,14295,14295,3,5,0,2,0,0,0,1
1315189,1,2023,2023,7,1,3,361,31,70,34609,0,1,1,-32.737432,151.553015,42,2,1,1,3,0,0,0,2,0,7,40,0,248,248,1,5,13,2,0,0,0,1
1315190,1,2023,2023,7,5,4,59,31,107,321,0,1,9,-33.8823,151.201208,69,0,2,0,3,0,0,0,2,2,7,40,2,323,323,1,9,19,2,0,0,0,1
1315196,2,2023,2023,3,2,9,52,27,78,103,0,1,1,-33.862779,151.011114,21,0,2,1,3,0,3,4,3,0,7,50,1,9859,9859,8,0,40,1,0,0,1,0
1315197,1,2023,2023,3,5,8,77,31,39,16,0,1,2,-33.778874,150.750941,55,0,2,1,3,0,3,4,2,0,7,80,2,14295,14295,3,0,5,2,0,0,0,1
1315198,1,2023,2023,3,5,4,25,27,66,34609,0,1,9,-32.925989,151.660565,37,0,2,0,3,0,0,0,2,0,15,60,0,14295,14295,3,5,0,2,0,0,0,1
1315200,1,2023,2023,7,6,8,89,27,182,228,1,0,1,-32.839126,151.34297,17,2,1,1,3,0,0,0,2,0,7,60,1,14295,14295,3,10,0,2,0,0,0,1
1315203,1,2023,2023,3,3,7,27,27,54,65,0,1,1,-33.703458,151.007329,71,0,2,1,3,0,0,0,2,0,7,60,1,186,186,1,5,36,2,0,0,0,2
1315205,2,2023,2023,3,6,8,78,17,34,75,0,1,2,-33.860424,151.206004,69,0,2,1,3,0,0,0,0,0,7,70,2,1945,1945,5,15,40,1,0,0,1,0
1315209,1,2023,2023,7,5,5,11,31,433,19,0,1,10,-33.283052,149.096266,52,2,1,1,3,0,0,0,2,2,7,50,2,1391,1391,1,34,13,2,0,0,0,1
1315211,1,2023,2023,7,0,7,2126,17,283,2149,0,1,9,-33.831812,151.014954,54,0,2,1,3,0,0,0,2,0,7,60,2,14295,14295,3,0,12,2,0,0,0,1
1315212,1,2023,2023,3,5,4,4,23,197,34609,0,1,1,-33.946078,151.084069,25,0,2,1,3,0,0,0,2,0,7,50,0,4026,4026,8,9,40,1,0,0,0,1
1315213,2,2023,2023,3,4,8,178,27,316,34609,0,1,9,-33.914409,151.240085,59,0,2,1,3,0,0,0,2,0,0,50,0,1109,787,1,0,18,2,0,0,1,0
1315220,2,2023,2023,3,5,7,2,31,19,34609,0,1,10,-31.471594,152.825518,56,2,1,1,1,0,0,0,2,0,0,50,0,6545,6545,4,0,10,2,0,0,1,0
1315222,2,2023,2023,7,6,4,4,1,126,34609,0,1,9,-33.919276,150.81835,41,0,2,1,0,0,0,0,2,0,7,60,0,775,775,4,9,5,2,0,0,1,0
1315223,1,2023,2023,7,5,7,84,27,58,415,0,1,2,-33.750255,151.148231,36,0,2,0,3,0,3,4,2,0,7,50,2,14295,14295,3,10,0,2,0,0,0,1
1315224,4,2023,2023,7,6,9,4,10,42,34609,0,1,1,-33.701526,150.949186,71,0,2,0,3,0,0,0,2,0,7,50,0,3775,3775,0,19,0,2,0,1,0,0
1315225,1,2023,2023,3,6,5,56,27,86,11,0,1,9,-33.762082,150.95117,7,0,2,1,3,0,0,0,2,0,7,60,2,14295,14295,3,10,0,2,0,0,0,1
1315228,1,2023,2023,7,5,4,33,31,73,34609,0,1,9,-35.152006,147.37056,75,2,1,1,3,0,0,0,2,0,7,60,0,1669,1669,3,5,13,2,0,0,0,1
1315233,1,2023,2023,3,6,7,23,27,523,23,0,1,7,-33.9188,150.909006,41,0,2,1,3,0,0,0,2,0,0,60,1,14295,14295,3,0,5,2,0,0,0,1
1315234,1,2023,2023,3,4,3,149,10,136,702,0,1,2,-33.859847,151.068443,67,0,2,1,3,0,0,0,2,0,7,80,2,14295,14295,3,9,35,2,0,0,0,1
1315235,2,2023,2023,7,1,9,1,27,251,34609,0,1,1,-33.775507,150.957218,7,0,2,1,3,0,0,0,3,0,7,50,0,3775,3775,0,8,5,2,0,0,1,0
1315237,1,2023,2023,7,6,5,19,31,49,34609,0,1,7,-33.933849,151.149045,4,0,2,0,3,0,0,0,2,0,0,50,0,6545,6545,4,5,5,2,0,0,0,1
1315240,1,2023,2023,7,6,10,48,31,53,34609,0,1,9,-30.641147,152.998917,47,2,1,1,3,0,0,0,0,0,0,50,0,6545,6545,4,0,0,2,0,0,0,2
1315245,1,2023,2023,3,5,11,475,10,523,268,0,1,2,-33.917743,150.912862,41,0,2,0,3,0,0,0,0,0,7,70,2,1192,1192,1,33,0,2,0,0,0,2
1315247,1,2023,2023,7,4,9,21,10,74,34609,0,1,2,-34.025451,150.775302,12,0,2,0,3,0,0,0,4,0,7,60,0,14295,14295,3,5,0,2,0,0,0,1
1315254,1,2023,2023,4,2,6,829,27,309,770,1,0,9,-33.821082,151.119627,61,0,2,1,3,0,0,0,2,2,7,60,2,14295,14295,3,0,5,2,0,0,0,1
1315255,2,2023,2023,7,6,4,2209,17,144,2205,0,1,9,-34.062751,151.021854,68,0,2,1,3,0,0,0,2,0,0,70,2,5929,5929,1,5,5,2,0,0,1,1
1315256,1,2023,2023,7,0,7,57,27,337,47,0,1,10,-33.724876,150.976768,71,0,2,1,3,0,0,0,2,2,7,60,2,14295,14295,3,0,5,3,0,0,0,1
1315259,2,2023,2023,7,2,4,1104,14,140,962,0,1,3,-33.791948,150.832717,7,0,2,0,3,0,0,0,2,0,7,110,2,1259,5151,8,10,40,1,0,0,1,0
1315260,2,2023,2023,4,6,7,125,27,57,123,0,1,1,-33.343373,151.429224,16,2,2,1,1,0,0,0,2,0,7,70,2,14295,14295,3,9,13,2,0,0,1,1
1315261,4,2023,2023,7,6,8,5,27,78,34609,0,1,10,-33.906694,150.775979,41,0,2,1,3,0,3,4,2,0,0,80,0,6545,6545,4,10,5,2,0,1,1,0
1315263,1,2023,2023,7,3,6,1052,14,36,928,0,1,3,-33.425483,151.233104,16,1,2,1,3,0,0,0,2,0,7,110,2,14295,14295,3,0,25,2,0,0,0,1
1315267,2,2023,2023,7,0,8,149,27,52,198,0,1,2,-33.964672,150.966631,41,0,2,0,3,0,0,0,2,0,7,60,2,1391,1391,1,5,5,3,0,0,1,0
1315272,2,2023,2023,3,2,9,49,27,201,47,0,1,2,-33.989441,150.868124,13,0,2,1,0,0,3,4,0,0,7,60,1,14295,14295,3,5,5,2,0,0,1,0
1315274,4,2023,2023,3,5,5,1,1,148,34609,0,1,4,-36.039181,146.954352,0,2,1,0,3,0,0,0,2,0,7,50,0,4552,5151,1,0,0,2,0,1,0,0
1315278,4,2023,2023,7,6,6,5,1,16,34609,0,1,1,-33.724259,151.284043,50,0,2,1,3,0,0,3,2,0,7,50,0,941,941,1,0,0,4,0,1,0,0
1315280,1,2023,2023,3,2,11,59,27,68,34609,0,1,1,-33.732753,149.900164,51,2,1,1,3,0,0,0,0,0,7,60,0,489,489,8,10,40,1,0,0,0,1
1315282,1,2023,2023,7,6,4,220,14,130,220,0,1,3,-34.467306,150.839773,80,0,2,1,3,0,0,0,2,0,7,100,2,14295,14295,3,8,5,3,0,0,0,1
1315283,1,2023,2023,7,3,10,51,31,202,563,0,1,9,-33.949081,151.037555,15,0,2,1,3,0,0,0,0,0,0,70,2,1981,1981,4,10,0,2,0,0,0,1
1315285,1,2023,2023,7,3,8,44,27,53,34609,0,1,10,-31.868067,152.361122,43,2,1,1,3,0,0,0,2,0,0,50,0,6545,6545,4,10,5,2,0,0,0,1
1315286,2,2023,2023,7,6,6,2209,17,157,2205,0,1,2,-34.006165,151.112113,68,0,2,0,3,0,0,0,2,0,7,70,2,14295,14295,3,0,5,2,0,0,1,0
1315287,2,2023,2023,7,1,6,2,27,4,34609,0,1,1,-33.867345,151.116571,14,0,2,1,3,0,0,0,2,0,7,50,0,1981,1981,4,30,5,2,0,0,1,0
1315291,2,2023,2023,4,4,9,6,27,28,34609,0,1,1,-34.008883,151.06137,68,0,2,0,0,0,3,4,2,0,7,50,0,4552,5151,8,0,40,1,0,0,1,0
1315298,1,2023,2023,3,2,8,1,31,67,34609,0,1,9,-33.698139,150.918437,7,0,2,1,3,0,0,0,3,0,15,50,0,6545,6545,4,0,0,2,0,0,0,2
1315301,2,2023,2023,3,1,5,1,27,7,10,0,1,1,-35.965729,148.389295,66,2,1,0,3,0,0,0,2,0,7,60,0,1850,1463,5,16,40,1,0,0,1,0
1315304,2,2023,2023,7,1,5,500,27,646,799,0,1,2,-33.933518,151.039387,15,0,2,1,3,0,3,4,2,0,7,60,2,1981,1981,4,0,5,2,0,0,1,0
1315305,2,2023,2023,7,3,7,5,27,3,34609,0,1,1,-35.250249,149.892454,58,1,0,1,3,2,0,0,2,0,7,100,0,9859,9859,8,10,40,1,0,0,1,0
1315306,1,2023,2023,7,2,7,125,27,155,75,0,1,9,-33.492505,151.313055,16,2,2,0,3,0,0,0,2,0,0,60,1,926,926,4,5,5,2,0,0,0,1
1315307,2,2023,2023,7,2,5,866,17,94,793,0,1,2,-33.881116,150.924426,24,0,2,1,3,0,0,0,2,0,7,70,2,14295,14295,3,5,5,4,0,0,1,0
1315308,2,2023,2023,7,5,6,74,23,100,260,0,1,2,-33.966891,151.153837,4,0,2,1,0,0,3,4,2,0,7,60,2,14295,14295,3,9,0,2,0,0,1,0
1315310,2,2023,2023,4,0,11,829,31,173,34609,0,1,0,-33.879772,151.220518,69,0,2,1,2,0,0,0,0,0,9,40,0,14295,14295,3,5,19,3,0,0,1,1
1315311,4,2022,2022,2,2,6,118,31,176,34609,0,1,9,-33.969191,151.134252,25,0,2,1,1,0,0,0,2,0,7,50,0,2852,2852,4,21,0,5,0,1,0,0
1315312,2,2023,2023,7,0,9,47,31,226,34609,0,1,1,-33.771451,150.813034,7,0,2,1,3,0,3,3,2,0,7,50,0,1109,787,1,5,5,2,0,0,1,0
1315314,1,2023,2023,7,1,3,2,31,271,34609,0,1,7,-33.952039,151.012182,15,0,2,0,3,0,0,0,1,0,0,50,0,6545,6545,4,5,5,2,0,0,0,2
1315315,4,2023,2023,3,6,3,9,31,112,34609,0,1,1,-36.066078,146.955533,0,2,1,0,3,0,0,0,2,0,7,80,0,3775,3775,0,5,13,2,0,1,1,0
1315320,4,2022,2022,2,6,10,1,18,14,34609,0,1,1,-31.136214,150.868165,70,1,0,1,0,2,0,0,0,0,7,100,0,9859,9859,8,5,40,1,0,1,0,0
1315321,4,2022,2022,2,2,0,105,17,251,136,0,1,2,-33.769996,150.941229,7,0,2,0,2,0,0,0,0,0,7,60,2,4552,5151,8,5,40,1,0,2,1,0
1315323,1,2023,2023,4,2,5,10,27,18,34609,0,1,1,-28.389437,153.400727,72,1,0,0,0,0,2,6,2,0,7,100,0,4552,5151,8,16,40,1,0,0,0,1
1315324,4,2022,2022,2,1,5,40,27,73,34609,0,1,1,-35.122968,147.377773,75,2,1,1,1,0,0,0,2,0,7,60,0,1282,1282,1,22,13,2,0,1,0,0
1315325,4,2023,2023,4,3,7,6,31,16,34609,0,1,10,-35.103405,147.390886,75,2,1,1,0,2,0,0,2,0,0,50,0,6545,6545,4,16,13,2,0,1,1,0
1315326,2,2022,2022,2,0,11,171,1,65,22,0,1,9,-33.803518,150.962348,54,0,2,1,2,0,0,0,0,0,0,60,1,323,323,1,16,0,2,0,0,2,0
1315327,2,2023,2023,4,5,8,220,14,32,220,0,1,3,-34.578258,150.79652,62,0,2,1,0,0,0,0,2,0,7,100,2,9859,9859,8,30,40,1,0,0,1,0
1315328,4,2023,2023,4,3,5,344,27,42,163,0,1,9,-33.74017,150.862502,7,0,2,1,1,0,0,0,2,2,7,70,2,14295,14295,3,16,25,2,0,1,0,0
1315329,4,2023,2023,4,1,3,113,27,78,111,0,1,1,-33.852963,150.788222,55,0,2,1,0,0,0,0,2,0,7,80,2,1669,1669,3,29,5,3,0,1,0,0
1315330,2,2023,2023,4,3,6,11,27,36,143,0,1,1,-34.448865,149.441118,74,1,0,0,1,0,3,4,2,0,7,100,2,3775,3775,0,5,5,2,0,0,2,0
1315331,4,2022,2022,2,2,0,12,1,74,34609,0,1,1,-34.44327,150.850476,80,0,2,1,2,0,0,0,0,0,7,50,0,3775,3775,0,5,5,3,0,1,2,0
1315332,2,2022,2022,2,4,0,39,10,87,65,0,1,2,-33.696971,150.96746,71,0,2,1,3,0,2,6,0,0,7,60,1,9859,9859,8,5,40,1,0,0,1,0
1315333,2,2023,2023,4,4,5,1052,14,118,928,0,1,3,-33.365808,151.332083,16,1,2,0,0,0,0,0,2,0,7,110,2,4552,5151,8,3,40,1,0,0,1,0
1315334,4,2022,2022,2,1,4,16,10,67,22,0,1,9,-33.394608,151.344025,16,2,2,1,1,0,0,0,2,0,15,50,1,4026,4026,8,5,40,2,0,1,1,0
1315336,2,2022,2022,2,3,9,3,31,87,34609,0,1,1,-28.803655,153.280683,39,2,1,1,0,0,0,0,2,0,7,50,0,475,475,5,5,40,1,0,0,1,0
1315337,4,2023,2023,4,1,4,11,31,246,34609,0,1,7,-33.90519,151.190259,69,0,2,1,1,0,0,0,2,0,0,40,0,6545,6545,4,0,27,2,0,1,0,0
1315339,4,2023,2023,4,3,9,193,23,15,34609,0,1,1,-32.97636,151.612216,37,0,2,0,1,0,0,0,2,0,7,50,0,2585,4009,8,16,40,2,0,1,0,0
1315340,2,2023,2023,4,1,3,10,27,9,34609,0,1,1,-34.83331,149.899323,26,1,0,0,0,0,0,1,1,0,7,100,0,4552,5151,8,16,40,1,0,0,1,0
1315341,2,2023,2023,4,2,8,2261,17,49,2252,0,1,6,-34.742354,149.769905,26,2,1,0,0,0,0,0,3,0,7,80,2,2585,4009,8,10,40,1,0,0,1,1
1315342,2,2023,2023,4,2,8,1,10,2,34609,0,1,1,-33.62272,150.171521,40,2,1,1,0,0,0,0,2,0,7,80,0,9859,9859,8,9,40,1,0,0,1,0
1315343,4,2023,2023,4,1,8,16,27,10,34609,0,1,1,-31.624271,152.496115,56,1,0,1,0,2,0,0,2,0,7,100,0,9859,9859,8,16,40,1,0,1,0,0
1315344,2,2022,2022,2,5,4,3,1,33,34609,0,1,9,-33.720524,150.433121,8,2,2,1,1,0,0,0,2,0,7,50,0,368,368,9,33,28,2,0,0,1,0
1315346,4,2023,2023,4,0,0,56,10,433,41,0,1,1,-33.281441,149.072062,52,2,1,0,2,0,0,0,0,0,7,50,1,2585,4009,8,5,40,1,0,1,1,0
1315347,4,2022,2022,2,0,6,100,27,93,78,0,1,1,-33.43696,149.627614,3,1,0,1,0,0,0,0,2,0,7,100,2,14295,14295,3,5,5,2,0,2,0,0
1315348,4,2023,2023,3,0,9,133,1,22,34609,0,1,10,-34.466585,150.872436,80,0,2,1,0,0,0,0,2,0,7,50,0,43,43,3,16,13,2,0,1,0,0
1315349,4,2023,2023,3,6,6,512,17,11,441,0,1,1,-33.347434,149.16339,52,2,1,1,0,0,0,0,2,0,7,60,2,3775,3775,0,5,35,2,0,1,0,0
1315351,1,2023,2023,7,3,7,25,27,49,27,0,1,1,-34.380298,148.817505,30,1,0,0,0,0,0,0,2,0,7,100,1,4552,5151,8,5,40,1,0,0,0,1
1315353,4,2022,2022,2,2,5,39,27,19,51,0,1,1,-33.657023,151.068914,31,0,2,0,0,0,0,0,2,0,7,60,2,1957,4009,8,16,40,1,0,1,0,0
1315354,1,2023,2023,7,0,4,3,27,3,34609,0,1,1,-35.764923,149.423132,65,1,0,0,0,2,0,0,2,0,7,100,0,380,714,5,16,40,1,0,0,0,1
1315359,4,2023,2023,7,5,5,48,10,316,121,0,1,9,-31.432872,152.897702,56,2,1,1,0,0,0,0,2,0,15,60,1,489,489,8,5,40,1,0,1,0,0
1315360,4,2023,2023,4,2,7,42,27,438,34609,0,1,10,-33.860799,151.025802,21,0,2,1,1,0,0,0,2,0,7,50,0,2040,2040,9,10,28,2,0,1,0,0
1315362,4,2023,2023,4,5,7,196,10,17,34609,1,2,1,-28.239654,153.501137,72,2,1,0,2,0,0,0,2,0,7,40,0,2585,4009,1,5,13,2,0,1,0,0
1315364,1,2023,2023,4,6,8,2,31,89,34609,0,1,1,-28.215588,153.547568,72,2,1,1,3,0,2,6,2,0,7,50,0,9859,9859,8,23,40,1,0,0,0,1
1315365,4,2023,2023,7,4,6,10,10,105,34609,0,1,1,-32.709442,151.517393,42,2,1,1,0,0,0,0,2,0,7,50,0,4026,4026,8,16,40,1,0,1,0,0
1315369,2,2023,2023,7,6,10,346,17,106,332,1,0,10,-28.862507,153.045996,60,2,1,1,2,0,0,0,0,0,0,50,2,6545,6545,4,0,5,2,0,0,1,0
1315372,4,2023,2023,3,6,3,123,27,316,120,0,1,10,-33.903991,151.252856,59,0,2,1,1,0,0,0,2,2,7,50,2,5929,5929,1,0,18,2,0,1,0,0
1315374,4,2023,2023,7,0,4,28,31,171,34609,1,2,1,-33.811732,150.96971,21,0,2,1,1,0,0,0,2,0,7,40,0,9859,9859,1,5,0,2,0,1,0,0
1315376,4,2023,2023,3,5,7,19,27,22,122,0,1,2,-34.524816,150.869736,80,0,2,1,1,0,0,0,2,0,7,60,2,1282,1282,1,16,0,2,0,1,0,0
1315380,1,2023,2023,7,6,7,22,1,443,34609,0,1,1,-33.912531,151.051244,15,0,2,1,1,0,0,0,2,0,7,50,0,144,144,1,5,13,2,0,0,0,1
1315381,1,2023,2023,7,1,6,177,31,174,208,0,1,7,-33.860494,150.927487,24,0,2,0,1,0,0,0,2,0,0,60,1,6545,6545,4,0,5,2,0,0,0,1
1315382,4,2023,2023,3,5,9,2,27,224,34609,0,1,1,-33.829446,151.26026,45,0,2,0,0,0,0,0,3,0,7,50,0,1957,4009,8,5,40,1,0,1,0,0
1315386,2,2023,2023,4,0,9,1104,14,247,962,0,1,3,-33.809838,150.936576,21,0,2,1,1,0,0,0,3,0,7,100,2,14295,14295,3,30,0,3,0,0,1,1
1315389,4,2023,2023,7,6,8,28,27,43,28,0,1,9,-32.800145,151.851765,57,2,1,1,1,0,0,0,2,0,0,80,1,2852,2852,4,0,0,2,0,1,0,0
1315393,4,2023,2023,7,0,0,112,27,4,769,0,1,1,-33.549806,150.417898,8,2,2,0,0,0,0,0,0,0,7,80,2,4552,5151,8,0,40,1,0,1,0,0
1315398,4,2023,2023,7,6,4,100,27,140,100,0,1,2,-33.791072,150.854556,7,0,2,1,1,0,0,0,2,0,7,70,2,14295,14295,3,8,5,3,0,1,0,0
1315399,2,2022,2022,2,4,8,95,31,370,15,0,1,9,-34.060154,150.820129,13,0,2,1,1,0,0,0,2,2,7,60,1,1220,1220,9,0,28,3,0,0,2,0
1315400,2,2023,2023,7,0,10,59,1,168,34609,0,1,10,-33.719474,150.836032,7,0,2,0,2,0,0,0,0,0,7,60,0,1089,1089,7,5,40,1,0,0,2,0
1315401,1,2023,2023,7,5,9,69,18,218,34609,0,1,0,-33.768663,150.774318,55,0,2,1,2,0,0,0,3,0,7,40,0,5929,5929,1,30,27,2,0,0,0,1
1315402,2,2023,2023,7,6,3,24,27,246,99,0,1,2,-33.909305,151.188777,69,0,2,1,1,0,0,0,2,2,9,60,2,2040,2040,9,0,28,2,0,0,1,0
1315406,4,2023,2023,3,6,11,3,1,53,34609,0,1,1,-33.928556,150.842804,41,0,2,1,1,0,0,0,0,0,7,50,0,4026,4026,1,5,12,2,0,1,0,0
1315412,2,2023,2023,7,2,5,1052,14,87,928,0,1,3,-33.091083,151.469666,37,0,2,1,0,0,0,0,2,0,7,110,2,14295,14295,3,0,13,3,0,0,2,0
1315415,2,2023,2023,7,5,6,40,31,219,262,0,1,10,-32.906153,151.671187,48,0,2,1,0,0,0,0,2,2,7,60,2,14295,14295,3,10,0,2,0,0,1,0
1315420,2,2023,2023,3,5,6,8,27,36,34609,0,1,1,-32.96085,151.59995,37,0,2,0,0,0,0,0,2,0,7,50,0,2585,4009,8,10,40,2,0,0,2,0
1315423,2,2022,2022,9,4,5,81,17,24,34609,0,1,1,-34.406653,150.529381,78,2,1,0,0,0,0,0,2,0,7,80,0,14295,14295,3,16,0,2,0,0,1,0
1315424,1,2023,2023,3,2,3,3371,17,53,3342,0,1,2,-30.65904,152.959308,47,1,0,1,0,0,0,0,2,0,7,110,2,9859,9859,8,10,40,1,0,0,0,1
1315426,4,2023,2023,3,6,0,512,17,4,441,0,1,1,-29.053847,145.754574,51,1,0,1,0,0,0,0,0,0,7,110,2,9859,9859,8,3,40,1,0,1,0,0
1315429,4,2023,2023,7,3,5,111,27,57,233,0,1,9,-33.945881,151.22703,4,0,2,0,1,0,0,0,2,2,7,60,2,5929,5929,1,10,13,2,0,1,0,0