Crash ID,Degree of crash - detailed,Reporting year,Year of crash,Month of crash,Day of week of crash,Two-hour intervals,Street of crash,Street type,Town,Route no.,School zone location,School zone active,Type of location,Latitude,Longitude,LGA,Urbanisation,Conurbation 1,Alignment,Street lighting,Road surface,Surface condition,Weather,Natural lighting,Signals operation,Other traffic control,Speed limit,Road classification,RUM - code,DCA - code,First impact type,Key TU type,Other TU type,No. of traffic units involved,No. killed,No. seriously injured,No. moderately injured,No. minor-other injured
1315432,2,2023,2023,4,4,3,21,10,74,34609,0,1,10,-34.021987,150.765274,12,0,2,1,1,0,3,4,2,2,7,60,0,5929,5929,1,0,5,3,0,0,1,0
1315443,2,2023,2023,7,1,6,27,27,19,39,0,1,1,-31.204878,151.088355,70,2,1,1,0,0,0,0,2,0,7,80,1,9859,9859,8,10,40,1,0,0,1,0
1315444,2,2023,2023,3,1,10,475,31,169,41,0,1,10,-33.896138,151.206696,69,0,2,1,2,0,3,4,0,2,7,50,1,1945,1945,5,15,40,1,0,0,1,0
1315447,1,2022,2022,10,2,4,55,27,12,34609,0,1,1,-32.949062,151.685987,37,0,2,1,1,0,0,0,2,0,7,60,0,238,238,9,30,28,2,0,0,0,1
1315449,2,2023,2023,7,4,5,10,27,9,34609,0,1,1,-34.834101,149.882251,26,1,0,0,0,0,0,0,2,0,7,100,0,1957,4009,8,10,40,1,0,0,1,0
1315453,4,2023,2023,7,5,3,7,27,14,11,0,1,1,-33.324567,146.414054,51,1,0,0,0,0,0,0,2,0,7,100,1,4552,5151,8,10,40,1,0,1,0,0
1315454,4,2023,2023,4,6,4,4,31,57,34609,0,1,1,-33.950467,151.230674,4,0,2,1,0,0,0,0,2,0,7,50,0,591,591,1,17,0,2,0,1,0,0
1315455,4,2023,2023,7,0,7,24,27,11,24,0,1,1,-34.849998,150.667593,63,1,0,1,0,0,0,0,2,0,7,100,1,14295,14295,3,21,13,2,0,1,0,0
1315464,2,2023,2023,7,1,3,30,31,283,34609,0,1,1,-33.839649,151.010952,21,0,2,1,2,0,0,0,1,0,7,50,0,9859,9859,1,0,5,3,0,0,1,0
1315466,2,2023,2023,7,6,3,59,27,252,41,0,1,10,-33.942411,150.867364,41,0,2,1,1,0,0,0,2,3,7,60,1,9859,9859,8,10,40,1,0,0,1,0
1315472,2,2023,2023,7,4,5,51,27,69,63,0,1,2,-34.553189,150.856866,62,0,2,1,1,0,0,0,2,0,7,70,2,14295,14295,3,5,5,3,0,0,1,0
1315473,4,2023,2023,7,5,10,41,31,34,34609,1,0,9,-33.967941,151.008316,15,0,2,1,2,0,0,0,3,0,0,50,0,1850,985,5,16,40,1,0,1,0,0
1315474,2,2023,2023,4,1,2,133,17,7,121,0,1,1,-36.461211,149.244782,65,1,0,0,0,0,3,4,0,0,7,100,2,1957,4009,8,5,40,1,0,0,1,0
1315476,1,2023,2023,7,0,8,38,1,49,34609,0,1,1,-34.046475,151.139704,68,0,2,0,0,0,0,0,2,0,7,50,0,1981,1981,4,5,5,2,0,0,0,1
1315477,2,2023,2023,3,6,3,3371,17,21,3342,0,1,2,-28.608511,153.546698,10,1,0,1,0,0,3,4,2,0,7,100,2,475,475,5,5,40,1,0,0,2,0
1315482,4,2023,2023,7,0,2,916,17,12,917,0,1,1,-30.359731,151.66363,1,1,0,1,0,0,0,1,0,0,7,100,2,9859,9859,8,0,40,1,0,1,0,0
1315483,2,2023,2023,3,1,6,26,27,80,160,0,1,10,-33.961044,150.890045,13,0,2,1,1,0,0,0,2,2,7,60,2,5929,5929,1,5,5,2,0,0,1,1
1315488,4,2023,2023,4,1,8,5,31,169,34609,0,1,10,-28.645444,153.61451,10,2,1,1,1,0,0,0,2,0,0,50,0,6545,6545,4,22,13,2,0,1,0,0
1315489,4,2023,2023,3,1,10,15,31,99,30,0,1,7,-33.885627,151.269241,76,0,2,1,2,0,3,4,0,0,0,50,1,6545,6545,4,22,5,2,0,1,0,0
1315491,2,2023,2023,7,3,7,3,1,55,34609,0,1,1,-33.361782,151.454774,16,2,2,1,1,0,0,0,2,0,7,50,0,9859,9859,1,0,36,4,0,0,1,1
1315492,2,2023,2023,7,6,4,4,27,50,34609,0,1,9,-34.342122,150.902513,80,0,2,1,1,0,0,0,2,0,15,50,0,591,591,1,22,0,2,0,0,1,0
1315493,2,2023,2023,7,0,8,76,31,562,34609,0,1,1,-32.24782,148.588246,22,2,1,1,1,0,0,0,2,0,7,50,0,1669,1669,3,10,13,2,0,0,2,0
1315497,4,2023,2023,3,4,2,1104,27,78,34609,0,1,1,-33.909797,150.774157,41,0,2,1,0,0,3,1,1,0,7,80,0,4026,4026,8,10,40,1,0,1,0,0
1315498,4,2023,2023,3,4,7,21,10,74,34609,0,1,10,-34.025393,150.776384,12,0,2,1,1,0,0,0,2,2,7,60,0,6545,6545,4,22,36,3,0,1,0,1
1315503,2,2023,2023,3,4,4,18,23,40,34609,1,2,7,-33.686885,150.549004,8,2,2,1,1,0,0,3,2,0,0,40,0,591,591,1,22,0,2,0,0,1,0
1315510,2,2023,2023,7,4,3,7,27,45,34609,0,1,1,-34.303032,150.590806,79,2,2,1,0,0,3,1,1,0,7,60,0,3775,3775,0,10,13,3,0,0,1,0
1315514,1,2023,2023,7,6,3,8,27,43,38,0,1,7,-33.775792,151.26294,50,0,2,1,2,0,0,0,1,0,9,60,1,2040,2040,9,5,28,2,0,0,0,1
1315516,4,2023,2023,3,6,11,45,3,20,331,0,1,1,-34.072423,150.69808,12,0,2,0,0,0,2,6,0,0,7,80,2,2585,4009,8,5,40,1,0,1,0,0
1315518,2,2023,2023,4,4,4,230,27,100,284,0,1,9,-33.801885,151.145156,77,0,2,0,1,0,3,3,2,2,7,70,2,1850,1463,5,15,40,1,0,0,1,0
1315519,4,2023,2023,3,6,9,3371,17,24,3342,0,1,2,-31.580755,152.731293,56,1,0,1,0,0,3,4,3,0,7,110,2,9859,9859,8,5,40,1,0,1,0,0
1315520,4,2023,2023,3,6,7,86,27,12,65,0,1,1,-29.98936,152.712402,18,1,0,0,0,0,0,0,2,0,7,100,1,2585,4009,8,5,40,1,0,1,0,0
1315523,2,2023,2023,3,6,10,1,10,85,34609,1,0,7,-33.78674,150.672102,55,0,2,1,2,0,3,4,0,0,0,50,0,256,256,4,0,5,2,0,0,2,0
1315524,4,2023,2023,4,2,8,3371,17,207,3342,0,1,1,-33.59921,151.16478,31,0,2,0,0,0,0,0,2,0,7,80,2,1850,1463,5,16,40,1,0,1,0,0
1315527,1,2023,2023,4,0,4,7,31,100,34609,0,1,4,-33.810624,151.174388,38,0,2,0,0,0,3,4,2,0,7,50,0,3775,3775,0,22,5,2,0,0,0,1
1315528,4,2023,2023,3,0,2,149,36,21,113,0,1,9,-32.090335,152.478379,43,2,1,1,2,0,3,0,0,0,15,80,1,2852,2852,4,10,12,2,0,1,0,0
1315529,4,2023,2023,4,1,6,92,31,48,34609,0,1,10,-29.054304,152.024972,51,2,1,1,1,0,0,3,2,0,0,50,0,6545,6545,4,0,5,2,0,1,3,0
1315530,2,2023,2023,3,0,8,42,10,78,39,0,1,2,-34.476334,150.837717,80,0,2,1,0,0,0,0,2,0,7,70,1,190,190,1,22,40,2,0,0,1,0
1315532,2,2023,2023,7,6,8,2,10,55,34609,0,1,10,-35.381032,149.195176,58,2,1,1,1,0,0,0,2,2,7,80,0,5929,5929,1,5,0,2,0,0,1,1
1315533,4,2023,2023,7,2,7,1,18,7,34609,0,1,9,-31.094355,152.720399,34,1,0,0,0,0,0,0,2,0,7,100,0,4552,5151,8,16,40,1,0,1,0,0
1315535,2,2023,2023,7,6,8,478,17,45,480,0,1,9,-33.339996,151.495886,16,2,2,0,3,0,0,0,2,0,0,50,2,926,926,4,5,27,2,0,0,1,0
1315537,4,2023,2023,3,2,6,100,27,68,78,0,1,1,-33.621568,149.787728,51,1,0,0,0,0,0,0,2,0,7,100,2,1850,1463,5,16,40,1,0,1,0,0
1315539,2,2023,2023,7,5,10,37,27,59,34609,0,1,1,-33.179974,151.473032,37,0,2,1,3,0,2,6,0,0,7,60,0,9859,9859,1,5,3,3,0,0,1,0
1315541,1,2022,2022,11,6,8,15,27,13,91,0,1,1,-34.553558,149.387301,74,1,0,1,0,0,3,4,2,0,7,100,1,4026,4026,8,10,40,1,0,0,0,1
1315548,2,2023,2023,7,6,8,344,27,609,163,0,1,10,-33.762921,150.900738,7,0,2,1,1,0,0,0,2,2,7,60,2,1220,1220,9,5,28,2,0,0,1,0
1315549,1,2023,2023,3,3,10,51,31,283,34609,0,1,1,-33.833098,151.010977,21,0,2,1,2,0,0,0,3,0,7,40,0,387,387,1,22,5,2,0,0,0,1
1315551,2,2023,2023,7,2,1,67,27,30,78,0,1,10,-33.85739,151.145064,14,0,2,1,1,0,0,0,0,2,7,50,2,1220,1220,9,5,28,2,0,0,1,0
1315555,2,2023,2023,7,6,9,178,1,226,34609,0,1,4,-33.768136,150.812955,7,0,2,1,1,0,0,0,2,0,7,50,0,3775,3775,0,5,0,2,0,0,1,0
1315556,4,2023,2023,3,5,1,478,17,70,480,1,0,9,-33.436302,151.347778,16,2,2,1,2,0,0,0,0,0,2,60,2,4552,985,8,10,40,1,0,1,0,0
1315562,2,2023,2023,7,3,7,34,27,29,34609,0,1,7,-35.129838,147.336119,75,2,1,1,1,0,0,0,2,0,0,50,0,9859,9859,8,5,40,1,0,0,1,0
1315567,2,2023,2023,3,2,3,2126,17,78,2149,0,1,2,-33.698068,150.568502,8,2,2,0,1,0,0,0,2,0,7,80,2,1282,1282,1,16,0,2,0,0,1,0
1315568,4,2023,2023,4,6,7,39,27,19,51,0,1,1,-33.658246,151.077992,31,0,2,0,0,0,0,0,2,0,7,60,2,2585,4009,8,16,40,1,0,1,0,0
1315572,2,2023,2023,7,6,8,2126,17,44,2149,0,1,2,-33.792544,150.872614,7,0,2,1,2,0,0,0,2,0,7,80,2,14295,14295,3,5,5,3,0,0,1,0
1315573,2,2023,2023,4,5,9,6,1,66,34609,0,1,7,-33.718069,150.92577,7,0,2,1,0,0,0,0,2,0,0,60,0,6545,6545,4,5,5,2,0,0,1,0
1315575,4,2023,2023,3,3,3,53,36,18,95,0,1,9,-33.259833,149.003299,11,1,0,0,0,0,0,0,2,0,7,100,2,1850,1463,5,8,40,1,0,1,0,0
1315582,4,2023,2023,4,3,3,6,27,1,34609,0,1,1,-35.24856,148.031988,66,1,0,1,0,0,0,0,1,0,7,100,0,4026,4026,8,5,40,1,0,1,0,0
1315583,4,2023,2023,4,4,7,478,17,89,480,0,1,9,-33.385696,151.472515,16,2,2,1,1,0,0,0,2,0,15,60,2,5929,5929,1,5,19,2,0,1,0,0
1315584,4,2023,2023,3,5,7,6,10,33,331,0,1,10,-34.061026,150.72737,12,0,2,1,1,0,0,0,2,2,7,80,2,1192,1192,1,8,0,3,0,1,0,0
1315586,2,2023,2023,3,0,11,3,10,35,34609,0,1,9,-34.098277,150.787901,13,0,2,1,2,0,0,0,0,0,7,60,0,4026,4026,8,16,40,1,0,0,1,0
1315587,2,2023,2023,3,4,4,2126,17,125,2149,0,1,9,-33.864469,151.083488,67,0,2,1,1,0,0,0,2,2,7,60,2,3775,3775,0,5,5,2,0,0,1,1
1315588,4,2023,2023,7,4,4,2209,17,61,2205,0,1,9,-35.903634,150.082149,23,2,1,1,1,0,0,0,2,0,7,80,2,323,323,1,16,12,2,0,1,0,0
1315594,4,2023,2023,3,1,1,481,17,562,483,0,1,10,-32.239668,148.610243,22,2,1,1,2,0,0,0,0,0,0,60,2,6545,6545,4,16,13,2,0,2,0,0
1315596,2,2023,2023,7,0,9,1,27,176,34609,0,1,1,-33.970819,151.133205,25,0,2,1,2,0,3,4,3,0,7,50,0,941,941,1,5,12,2,0,0,1,0
1315597,2,2023,2023,7,5,4,135,17,65,136,0,1,9,-36.071979,146.960736,0,2,1,1,1,0,0,0,2,0,0,80,2,2852,2852,4,5,0,2,0,0,1,0
1315598,2,2023,2023,7,2,4,2209,17,6,2205,0,1,1,-35.81649,150.129205,23,1,0,1,0,0,0,0,2,0,7,100,2,3775,3775,0,5,0,2,0,0,1,1
1315599,2,2023,2023,7,3,2,293,31,562,34609,0,1,1,-32.26649,148.603442,22,2,1,1,0,0,0,0,0,0,7,60,0,9859,9859,1,0,40,2,0,0,1,0
1315601,1,2023,2023,7,6,11,1,1,14,34609,0,1,10,-33.733564,151.117071,36,0,2,1,1,0,0,0,0,0,15,50,0,4026,4026,8,5,40,2,0,0,0,1
1315602,4,2023,2023,7,4,3,5,1,145,37,0,1,1,-33.916621,151.122847,15,0,2,1,1,0,0,0,2,0,7,50,1,9859,9859,1,5,10,2,0,1,0,0
1315603,4,2023,2023,3,4,6,59,27,19,53,0,1,1,-34.082668,150.777437,13,0,2,1,0,0,0,0,2,0,7,80,2,9859,9859,8,5,40,1,0,1,0,0
1315605,1,2023,2023,7,6,9,77,12,73,331,0,1,9,-34.21161,150.60898,79,2,2,0,0,0,0,0,2,0,0,80,1,775,775,4,5,0,2,0,0,0,1
1315608,4,2023,2023,7,5,8,61,27,53,208,0,1,1,-33.850949,150.960869,21,0,2,1,1,0,3,4,2,0,7,60,1,14295,14295,3,5,0,3,0,1,0,0
1315609,2,2023,2023,7,1,5,57,31,77,321,0,1,1,-33.887801,151.201512,69,0,2,1,1,0,0,0,2,0,7,50,2,1981,1981,4,5,27,2,0,0,1,0
1315611,2,2023,2023,4,2,8,27,27,84,35,0,1,9,-33.804244,150.979814,54,0,2,0,2,0,0,0,2,2,7,50,1,5929,5929,1,5,5,2,0,0,4,0
1315617,2,2023,2023,3,1,6,280,10,127,240,0,1,1,-33.842286,150.858731,24,0,2,1,1,0,0,0,2,0,7,70,2,1383,1383,1,8,5,2,0,0,1,0
1315619,4,2023,2023,7,0,7,123,36,16,90,0,1,1,-31.44008,151.61253,51,1,0,0,0,0,0,0,2,0,7,100,1,4552,5151,8,10,40,1,0,1,0,0
1315621,1,2023,2023,7,0,10,35,27,31,231,0,1,9,-33.500569,151.330871,16,2,2,1,2,0,0,0,0,0,6,60,2,5929,5929,1,5,5,2,0,0,0,1
1315622,4,2023,2023,4,1,4,92,27,129,244,1,2,9,-33.895176,151.109083,9,0,2,1,0,0,0,0,2,0,7,40,2,1220,1220,9,5,28,2,0,1,0,0
1315626,2,2023,2023,4,3,2,44,27,70,34609,0,1,9,-34.65808,150.026937,26,2,1,0,0,0,0,0,0,0,7,80,0,1089,1089,7,16,40,1,0,0,1,0
1315627,4,2023,2023,7,3,5,866,17,149,793,0,1,1,-33.825928,150.962506,21,0,2,1,1,0,0,0,2,0,7,70,2,14295,14295,3,5,5,3,0,2,1,0
1315628,2,2023,2023,7,2,8,177,31,77,208,0,1,9,-33.863647,150.951163,24,0,2,1,1,0,0,0,2,2,7,60,1,14295,14295,3,5,5,3,0,0,1,0
1315631,2,2023,2023,7,2,9,2126,17,27,2149,0,1,1,-33.584746,150.246418,8,2,2,0,1,0,0,0,3,0,7,60,2,1981,1981,4,10,0,2,0,0,3,0
1315632,2,2023,2023,7,5,4,34,31,145,140,0,1,9,-33.926688,151.127804,15,0,2,1,1,0,0,0,2,0,7,50,1,5929,5929,1,9,19,2,0,0,1,0
1315633,2,2023,2023,7,6,7,1,10,8,34609,0,1,9,-28.809005,153.302807,39,2,1,1,0,0,0,0,2,0,7,50,0,1669,1669,3,10,5,2,0,0,1,0
1315642,4,2022,2022,9,4,3,3371,17,40,3342,0,1,2,-32.020146,152.466568,43,1,0,1,0,0,0,0,2,0,7,110,2,4026,4026,8,5,40,1,0,1,0,0
1315648,2,2023,2023,7,2,5,361,32,111,65,0,1,9,-33.706341,150.87483,7,0,2,1,1,0,0,3,2,2,7,60,1,5929,5929,1,0,0,2,0,0,2,0
1315650,2,2023,2023,3,6,6,2261,17,346,2252,0,1,9,-33.887033,151.072708,67,0,2,1,0,0,0,0,2,2,7,60,2,5929,5929,1,9,13,2,0,0,1,0
1315651,4,2023,2023,3,1,3,10,31,387,64,0,1,10,-33.928553,151.187069,4,0,2,1,2,0,0,0,2,2,7,50,2,2040,2040,9,10,28,2,0,1,0,0
1315652,4,2023,2023,3,6,0,45,3,64,331,0,1,2,-34.042474,150.744534,12,0,2,1,0,0,0,0,0,0,7,100,2,121,121,9,0,28,2,0,1,1,0
1315655,2,2023,2023,7,0,3,283,27,70,702,0,1,10,-33.977564,151.104925,25,0,2,1,1,0,0,0,2,2,7,60,2,1192,1192,1,5,5,3,0,0,1,0
1315666,2,2023,2023,7,3,2,3371,17,28,3342,0,1,2,-32.62065,151.965429,43,1,0,1,0,0,0,0,0,0,7,110,2,9859,9859,8,5,40,1,0,0,1,0
1315667,2,2023,2023,3,0,3,9,27,40,79,0,1,9,-33.810864,151.210833,77,0,2,1,1,0,0,0,2,2,8,50,2,395,395,1,30,5,3,0,0,2,0
1315668,4,2023,2023,3,4,6,2209,17,33,2205,0,1,2,-34.712366,150.839724,35,2,1,0,0,0,3,4,2,0,7,80,2,1259,5151,8,5,40,1,0,1,1,0
1315672,4,2023,2023,3,2,2,40,31,135,34609,0,1,1,-32.897429,151.73341,48,0,2,1,2,0,0,0,0,0,7,50,0,9859,9859,1,16,0,3,0,1,1,0
1315674,4,2023,2023,3,2,11,1,10,103,34609,0,1,1,-28.822119,153.305461,39,2,1,0,0,0,0,0,0,0,7,50,0,2585,4009,8,0,40,1,0,1,0,0
1315676,2,2023,2023,7,4,8,2126,17,106,2149,0,1,10,-33.886842,151.176557,69,0,2,1,0,0,0,0,2,2,7,60,2,515,515,1,5,19,2,0,0,1,0
1315677,4,2023,2023,3,2,10,3,31,69,34609,0,1,10,-32.935943,151.746859,48,0,2,1,3,0,2,6,0,0,0,50,0,6545,6545,4,5,0,2,0,1,0,3
1315679,2,2023,2023,3,5,8,2,31,9,34609,0,1,9,-33.428378,149.589304,3,2,1,1,1,0,3,4,3,0,0,60,0,1850,777,5,16,40,1,0,0,1,0
1315681,2,2023,2023,4,0,6,8,31,12,34609,0,1,1,-32.743756,151.607852,42,2,1,1,1,0,0,0,2,0,7,50,0,1109,787,1,5,5,2,0,0,1,0
1315686,2,2023,2023,4,3,8,42,36,33,18,0,1,1,-36.449551,148.609661,65,1,0,0,0,0,3,4,2,0,7,100,1,418,714,5,10,40,1,0,0,1,0
1315687,2,2023,2023,3,2,5,55,27,38,117,0,1,9,-32.938814,151.689243,48,0,2,1,1,0,0,0,2,0,7,70,2,5929,5929,1,5,5,2,0,0,1,0
1315688,4,2023,2023,3,5,5,6,7,433,34609,0,1,9,-33.301502,149.108816,52,2,1,0,1,0,0,0,2,0,7,50,0,1850,1463,5,16,40,1,0,1,1,0
1315689,2,2023,2023,3,6,5,48,10,316,121,0,1,2,-31.432213,152.89099,56,2,1,1,0,0,0,0,2,0,7,60,1,14295,14295,3,5,0,3,0,0,1,0
1315690,1,2023,2023,4,1,4,9,27,49,45,0,1,1,-34.476982,148.806441,30,1,0,1,0,0,0,0,2,0,7,100,1,945,945,5,8,40,1,0,0,0,1
1315696,1,2022,2022,9,1,8,59,31,41,34609,0,1,7,-33.822559,151.010736,54,0,2,0,1,0,0,0,2,0,0,40,0,926,926,4,5,13,2,0,0,0,1
1315698,2,2022,2022,2,2,4,22,31,82,34609,0,1,10,-33.823843,151.200917,49,0,2,1,1,0,0,0,2,2,7,50,0,1192,1192,1,5,27,2,0,0,1,0
1315699,2,2023,2023,7,2,7,512,17,11,441,0,1,9,-33.349759,149.166193,52,2,1,1,0,0,0,0,2,0,0,60,2,1669,1669,3,0,0,2,0,0,2,1
1315702,4,2023,2023,4,4,10,14,31,223,34609,0,1,1,-33.795637,150.909343,7,0,2,1,1,0,0,0,3,0,7,50,0,4026,4026,8,0,40,1,0,1,0,0
1315705,4,2023,2023,7,0,2,1052,14,17,928,0,1,3,-32.945011,151.545217,37,0,2,1,0,0,0,0,0,0,7,110,2,1945,1945,5,9,40,1,0,1,0,0
1315726,2,2023,2023,4,5,5,6,27,98,34609,0,1,1,-33.760021,151.063573,54,0,2,1,3,0,0,0,2,0,7,50,0,3775,3775,0,5,0,2,0,0,1,0
1315727,1,2022,2022,9,6,3,43,27,18,46,0,1,1,-28.318914,153.56826,72,2,1,1,3,0,0,3,2,0,7,80,1,9859,9859,8,0,40,1,0,0,0,1
1315728,2,2023,2023,4,5,5,3,31,234,34609,0,1,10,-34.284054,146.047921,28,2,1,1,3,0,0,0,2,0,0,50,0,6545,6545,4,0,0,2,0,0,1,0
1315736,2,2022,2022,2,0,8,11,31,30,41,0,1,10,-34.867079,147.582315,51,2,1,1,3,0,0,0,2,0,0,50,1,926,926,4,10,5,3,0,0,1,0
1315748,2,2022,2022,10,0,9,108,31,171,34609,1,0,1,-33.81334,150.970294,21,0,2,1,3,0,3,4,0,0,7,50,0,2040,2040,9,5,28,2,0,0,1,0
1315752,1,2023,2023,7,0,6,31,22,168,34609,0,1,1,-33.722953,150.841556,7,0,2,1,3,0,0,0,2,0,7,50,0,214,214,9,5,28,2,0,0,0,1
1315753,1,2023,2023,7,3,7,1052,14,207,928,0,1,3,-33.545699,151.196911,31,0,2,1,3,0,3,0,2,0,7,110,2,14295,14295,3,0,12,3,0,0,0,1
1315754,2,2023,2023,7,4,6,6,31,32,11,0,1,10,-32.355998,149.533579,44,2,1,1,3,0,0,3,2,0,0,50,1,6545,6545,4,0,35,2,0,0,1,0
1315755,2,2023,2023,7,1,3,1,22,44,19,0,1,9,-33.205727,151.498877,16,2,2,1,3,0,3,4,2,0,0,80,2,623,623,3,0,0,2,0,0,1,0
1315757,1,2023,2023,7,0,9,3371,17,73,3342,0,1,2,-33.776046,151.168745,36,0,2,1,3,0,0,0,2,0,7,60,2,14295,14295,3,5,0,2,0,0,0,1
1315758,1,2023,2023,7,4,7,220,27,251,222,0,1,10,-33.758391,150.95526,7,0,2,1,3,0,0,0,2,3,7,80,2,14295,14295,3,9,5,2,0,0,0,1
1315762,1,2022,2022,2,6,4,13,27,17,34609,0,1,1,-28.268505,153.547524,72,2,1,1,3,0,0,0,2,0,7,80,0,5929,5929,1,5,0,2,0,0,0,1
1315766,2,2023,2023,7,4,0,16,10,243,34609,0,1,1,-33.957977,150.892639,41,0,2,0,3,0,0,0,0,0,7,50,0,4552,5151,1,5,5,2,0,0,1,0
1315767,2,2023,2023,7,2,8,8,27,73,5,0,1,1,-34.167263,150.597649,79,2,2,0,3,0,0,0,4,0,7,80,1,77,77,1,9,19,2,0,0,1,0
1315768,2,2023,2023,7,0,7,23,14,532,22,0,1,3,-33.866037,151.21393,69,0,2,0,3,0,0,0,2,0,7,80,2,14295,14295,3,34,5,2,0,0,1,0
1315769,2,2023,2023,7,2,5,2261,17,228,2252,0,1,2,-34.773538,149.754219,26,1,0,1,3,0,3,4,2,0,7,110,2,14295,14295,3,9,0,4,0,0,1,0
1315770,1,2023,2023,7,3,11,6,1,445,34609,0,1,1,-33.853087,151.062724,54,0,2,1,3,0,0,0,0,0,7,60,0,1391,1391,1,10,5,3,0,0,0,1
1315774,1,2023,2023,7,4,9,1104,14,142,962,0,1,3,-33.827526,150.995437,54,0,2,1,3,0,0,3,2,0,7,90,2,14295,14295,3,0,5,2,0,0,0,1
1315775,2,2023,2023,3,4,4,2126,17,438,2149,0,1,9,-33.841056,151.035313,21,0,2,1,3,0,3,4,2,0,7,60,2,14295,14295,3,8,0,2,0,0,1,0
1315777,1,2023,2023,7,1,5,330,27,108,605,0,1,9,-33.766054,151.269539,50,0,2,1,3,0,3,4,2,2,7,60,2,14295,14295,3,19,0,2,0,0,0,1
1315783,1,2023,2023,3,0,3,79,27,46,159,0,1,10,-33.93821,151.114166,4,0,2,1,3,0,0,0,1,2,7,60,2,14295,14295,3,8,0,2,0,0,0,1
1315786,1,2023,2023,7,5,8,39,27,293,91,0,1,2,-33.949086,151.250938,59,0,2,1,3,0,3,4,3,0,7,50,1,14295,14295,3,0,5,3,0,0,0,1
1315788,2,2023,2023,7,1,7,79,10,43,231,0,1,9,-33.438299,151.324696,16,2,2,1,3,0,0,0,2,0,0,60,2,623,623,3,10,5,2,0,0,1,0
1315797,1,2023,2023,7,1,7,11,10,26,34609,0,1,1,-33.755187,150.879564,7,0,2,1,3,0,3,0,2,0,7,50,0,2040,2040,9,5,28,2,0,0,0,1
1315798,1,2023,2023,7,2,6,3371,17,29,3342,0,1,2,-31.761507,152.683283,43,1,0,0,3,0,0,0,2,0,7,110,2,1109,787,1,5,5,2,0,0,0,2
1315799,2,2023,2023,7,5,11,3371,17,53,3342,0,1,9,-33.7655,151.156761,36,0,2,1,3,0,0,0,0,2,7,60,2,6545,6545,4,10,25,2,0,0,1,0
1315801,1,2023,2023,7,3,8,3371,17,85,3342,0,1,2,-33.733431,151.131064,36,0,2,1,3,0,0,0,3,0,7,60,2,14295,14295,3,0,5,2,0,0,0,1
1315804,1,2023,2023,4,5,7,98,31,316,34609,0,1,7,-31.427322,152.897113,56,2,1,1,3,0,0,0,2,0,0,50,0,1282,1282,1,5,13,2,0,0,0,1
1315819,1,2023,2023,7,1,4,193,27,31,94,0,1,1,-33.876143,151.025201,21,0,2,1,3,0,3,4,2,0,7,60,1,14295,14295,3,10,5,2,0,0,0,2
1315823,1,2023,2023,0,2,7,133,31,161,51,0,1,1,-33.884189,151.146191,32,0,2,1,3,0,3,3,2,0,7,50,1,14295,14295,3,0,5,2,0,0,0,1
1315825,1,2022,2022,9,4,9,9,27,110,20,1,0,1,-33.766617,151.024429,54,0,2,1,3,0,0,0,3,0,7,50,1,14295,14295,3,0,36,2,0,0,0,1
1315827,1,2023,2023,7,5,6,230,27,173,284,0,1,9,-33.794229,151.134457,61,0,2,1,3,0,0,0,2,2,7,70,2,14295,14295,3,0,5,2,0,0,0,1
1315829,1,2023,2023,3,0,5,81,31,133,80,0,1,1,-33.916554,151.014004,15,0,2,1,3,0,0,0,2,0,7,60,1,1391,1391,1,10,0,2,0,0,0,1
1315832,1,2023,2023,0,6,9,11,31,169,147,0,1,7,-28.650207,153.613184,10,2,1,1,3,0,0,0,3,0,0,50,1,6545,6545,4,22,0,2,0,0,0,1
1315833,1,2023,2023,7,6,5,224,27,246,321,0,1,10,-33.905528,151.202829,69,0,2,1,3,0,0,0,2,2,7,50,2,14295,14295,3,0,22,2,0,0,0,1
1315834,1,2023,2023,7,6,4,175,27,609,220,0,1,10,-33.763693,150.913072,7,0,2,1,3,0,0,0,2,2,7,70,2,14295,14295,3,0,0,2,0,0,0,1
1315836,4,2023,2023,7,1,10,3,10,154,34609,0,1,9,-33.699797,150.967354,71,0,2,0,3,0,0,0,0,0,7,50,0,1957,4009,8,0,40,1,0,1,0,0
1315837,1,2023,2023,7,3,4,2209,17,201,2205,0,1,10,-34.887614,150.60457,63,2,1,1,3,0,0,0,2,2,9,70,2,14295,14295,3,0,0,2,0,0,0,1
1315839,1,2023,2023,7,4,5,3,31,5,34609,0,1,1,-33.838377,151.105621,14,0,2,1,3,0,0,0,2,0,7,50,0,387,387,1,22,5,2,0,0,0,1
1315840,1,2023,2023,7,6,3,1,31,3,34609,0,1,1,-33.028997,151.60738,37,0,2,0,3,0,3,3,2,0,7,50,0,1981,1981,4,5,0,2,0,0,0,1
1315841,1,2023,2023,7,0,8,2,31,94,34609,0,1,1,-33.83889,151.042146,54,0,2,1,3,0,0,0,2,0,7,50,0,14295,14295,3,30,36,2,0,0,0,1
1315842,1,2023,2023,0,2,7,63,27,224,605,0,1,2,-33.813367,151.243974,45,0,2,0,3,0,3,4,2,0,7,60,2,3775,3775,0,10,5,4,0,0,0,1
1315843,2,2023,2023,7,4,2,54,27,72,563,0,1,9,-34.023451,151.007878,68,0,2,1,2,0,0,0,1,2,7,80,2,5929,5929,1,10,10,2,0,0,1,0
1315850,1,2023,2023,7,0,7,4,27,136,148,1,2,9,-32.931844,151.718657,48,0,2,1,3,0,0,0,2,0,7,40,1,2852,2852,4,0,5,2,0,0,0,1