Crash ID,Degree of crash - detailed,Reporting year,Year of crash,Month of crash,Day of week of crash,Two-hour intervals,Street of crash,Street type,Town,Route no.,School zone location,School zone active,Type of location,Latitude,Longitude,LGA,Urbanisation,Conurbation 1,Alignment,Street lighting,Road surface,Surface condition,Weather,Natural lighting,Signals operation,Other traffic control,Speed limit,Road classification,RUM - code,DCA - code,First impact type,Key TU type,Other TU type,No. of traffic units involved,No. killed,No. seriously injured,No. moderately injured,No. minor-other injured
1315857,2,2023,2023,7,4,8,2,31,44,34609,0,1,1,-34.564432,150.85478,62,0,2,1,3,0,0,0,2,0,7,50,0,9859,9859,1,5,5,3,0,0,1,0
1315861,2,2023,2023,7,6,3,829,27,159,770,0,1,10,-33.807101,151.070503,54,0,2,1,3,0,0,0,2,2,7,70,2,14295,14295,3,9,25,2,0,0,1,0
1315863,2,2023,2023,3,4,4,40,27,162,34609,0,1,1,-33.849047,150.886295,24,0,2,1,3,0,0,0,2,0,7,60,0,144,144,1,10,40,2,0,0,1,0
1315868,4,2023,2023,0,6,10,6,31,165,34609,0,1,7,-33.856326,151.160469,14,0,2,1,3,0,0,0,2,0,0,50,0,1282,1282,1,0,40,1,0,1,0,0
1315869,2,2023,2023,7,5,8,1,10,166,168,0,1,9,-33.944929,150.9823,15,0,2,1,3,0,0,0,2,3,7,60,2,1669,1669,3,5,5,2,0,0,1,0
1315873,2,2023,2023,0,5,5,162,31,66,59,0,1,10,-34.478424,150.886911,80,0,2,1,3,0,0,0,2,2,7,60,2,14295,14295,3,8,5,2,0,0,1,0
1315876,1,2023,2023,7,4,5,105,17,223,136,0,1,7,-33.804152,150.915532,7,0,2,0,3,0,0,0,2,0,0,60,2,1282,1282,1,10,41,2,0,0,0,2
1315881,2,2023,2023,0,0,5,3371,17,23,3342,0,1,9,-32.994701,151.687656,37,0,2,1,3,0,3,3,2,2,7,70,2,14295,14295,3,5,13,2,0,0,1,0
1315882,1,2023,2023,7,4,9,229,14,323,237,0,1,3,-33.770087,150.989385,71,0,2,1,3,0,2,2,2,0,7,100,2,1383,1383,1,29,13,2,0,0,0,1
1315883,1,2023,2023,0,6,6,77,31,445,563,0,1,10,-33.884729,151.039953,21,0,2,1,3,0,0,0,2,2,7,80,2,5929,5929,1,9,5,2,0,0,0,1
1315885,1,2023,2023,7,1,2,330,23,293,112,0,1,10,-33.934752,151.237966,59,0,2,1,3,0,0,0,1,2,7,60,2,14295,14295,3,9,5,2,0,0,0,1
1315887,2,2023,2023,7,6,4,161,17,2,161,0,1,1,-35.296268,148.01275,66,1,0,1,3,0,0,0,2,0,7,100,2,475,475,5,5,40,1,0,0,1,0
1315891,1,2023,2023,4,1,8,37,31,337,217,0,1,10,-33.732892,151.006984,71,0,2,1,3,0,3,4,2,2,7,50,2,14295,14295,3,29,0,2,0,0,0,1
1315894,4,2023,2023,3,5,4,6,31,102,34609,0,1,1,-33.946878,151.195337,4,0,2,1,0,0,3,4,2,0,7,50,0,4026,4026,1,9,25,2,0,1,0,0
1315895,4,2023,2023,3,2,4,38,31,246,64,0,1,9,-33.917502,151.193805,69,0,2,1,1,0,0,0,2,0,15,50,2,1282,1282,1,5,0,2,0,2,0,0
1315896,2,2023,2023,4,2,7,234,27,337,217,0,1,1,-33.722936,151.018547,31,0,2,0,3,0,0,0,2,0,7,60,2,4552,5151,8,5,40,1,0,0,1,0
1315902,1,2023,2023,7,6,3,829,27,124,770,0,1,2,-33.812219,151.04122,54,0,2,1,3,0,0,0,2,0,7,70,2,14295,14295,3,10,0,2,0,0,0,1
1315906,4,2023,2023,7,4,9,1052,14,83,928,0,1,3,-33.479633,151.184212,16,1,2,0,3,0,3,4,0,0,7,100,2,204,204,1,5,5,2,0,1,0,0
1315907,2,2023,2023,7,1,8,71,31,37,34609,0,1,10,-29.454602,153.197928,18,2,1,1,0,0,0,0,2,0,15,50,0,14295,14295,3,5,0,3,0,0,1,0
1315908,2,2023,2023,7,0,6,16,36,2,56,0,1,1,-31.974759,147.24105,51,1,0,1,3,0,0,0,2,0,7,100,1,1945,1945,5,29,40,1,0,0,1,0
1315912,2,2023,2023,7,1,5,481,17,562,483,0,1,1,-32.334348,148.503313,22,1,0,1,3,0,0,0,2,0,7,110,2,3775,3775,0,10,36,3,0,0,1,0
1315915,1,2023,2023,0,1,3,2209,17,176,2205,1,0,9,-33.963719,151.13724,25,0,2,1,3,0,0,6,1,0,7,60,2,623,623,3,9,0,2,0,0,0,1
1315916,2,2023,2023,7,6,7,2209,17,14,2205,0,1,1,-36.9255,149.875015,5,2,1,0,3,0,3,4,2,0,7,50,2,1850,1463,5,0,40,1,0,0,1,0
1315919,1,2023,2023,4,1,0,3,31,77,34609,0,1,1,-33.864363,150.944383,24,0,2,1,3,0,0,0,0,0,7,50,0,1981,1981,4,5,5,2,0,0,0,2
1315920,1,2023,2023,7,4,4,55,1,167,34609,0,1,10,-33.849819,151.07391,54,0,2,1,3,0,0,0,2,3,7,60,0,14295,14295,3,5,5,3,0,0,0,4
1315921,2,2023,2023,7,3,10,2261,17,284,2252,1,0,2,-33.908569,151.028365,15,0,2,0,3,0,0,0,0,0,7,60,2,4552,5151,8,5,40,1,0,0,1,0
1315922,1,2023,2023,3,5,8,3371,17,29,3342,0,1,2,-31.775032,152.650233,43,1,0,0,3,0,0,0,2,0,7,110,2,4552,5151,8,5,40,1,0,0,0,1
1315923,1,2023,2023,7,2,4,485,27,323,769,0,1,2,-33.760828,150.991814,71,0,2,1,3,0,0,0,2,0,7,60,2,515,515,1,0,5,2,0,0,0,1
1315925,2,2023,2023,7,4,6,296,27,290,293,0,1,10,-33.85575,150.995008,21,0,2,1,3,0,0,0,2,2,7,70,2,14295,14295,3,0,5,2,0,0,1,0
1315926,1,2023,2023,7,0,8,45,27,337,45,0,1,9,-33.731414,151.020273,71,0,2,1,3,0,0,0,4,2,7,60,2,14295,14295,3,10,5,2,0,0,0,1
1315927,1,2022,2022,2,4,5,6,31,53,34609,0,1,1,-30.641067,153.001314,47,2,1,0,3,0,0,0,2,0,7,40,0,248,248,1,0,5,2,0,0,0,1
1315929,1,2023,2023,0,2,8,3371,17,92,3342,0,1,9,-33.395805,151.346121,16,2,2,1,3,0,3,4,2,0,7,60,2,14295,14295,3,0,5,2,0,0,0,1
1315932,4,2023,2023,3,6,3,5,1,44,34609,0,1,1,-33.787992,150.973486,54,0,2,1,3,0,3,3,1,0,7,50,0,4026,4026,8,21,40,1,0,1,0,0
1315934,2,2023,2023,7,0,4,2126,17,609,2149,0,1,9,-33.799264,150.900058,7,0,2,1,3,0,0,0,2,2,7,80,2,5929,5929,1,0,5,2,0,0,1,0
1315936,2,2023,2023,7,4,4,43,27,136,148,0,1,7,-32.921085,151.714244,48,0,2,1,3,0,0,0,2,0,0,60,1,2852,2852,4,0,5,2,0,0,1,0
1315942,2,2023,2023,7,0,7,3371,17,40,3342,0,1,9,-31.511876,152.796451,56,1,0,1,3,0,0,0,2,0,7,110,2,5929,5929,1,5,5,2,0,0,1,0
1315943,1,2023,2023,7,6,4,75,10,63,165,0,1,2,-33.934393,151.210324,4,0,2,1,3,0,0,0,2,0,7,80,2,14295,14295,3,5,5,2,0,0,0,1
1315944,1,2022,2022,6,5,4,916,17,172,917,0,1,9,-32.762347,151.5961,42,2,1,1,3,0,0,0,2,2,7,60,2,1669,1669,3,0,0,2,0,0,0,1
1315945,2,2023,2023,7,0,7,61,10,87,5,0,1,9,-33.072525,151.460076,37,0,2,1,3,0,0,0,2,0,7,60,2,1669,1669,3,5,0,2,0,0,2,0
1315946,2,2023,2023,7,4,8,118,17,29,118,0,1,1,-30.715458,150.050868,51,2,1,1,3,0,0,0,0,0,7,80,2,623,623,3,10,13,2,0,0,1,0
1315948,1,2022,2022,10,4,8,53,31,28,2,1,0,10,-33.094874,148.865601,11,2,1,1,3,0,0,0,2,0,0,50,2,6545,6545,4,5,0,2,0,0,0,1
1315949,2,2023,2023,0,2,6,10,31,463,34609,0,1,1,-30.293665,153.133389,19,2,1,1,3,0,0,0,2,0,7,50,0,4026,4026,8,5,40,1,0,0,1,0
1315953,1,2023,2023,3,0,5,67,27,165,78,0,1,1,-33.85717,151.145354,14,0,2,1,3,0,0,0,2,0,7,50,2,14295,14295,3,0,0,3,0,0,0,1
1315956,1,2023,2023,3,4,4,205,27,161,415,0,1,9,-33.727048,151.166165,36,0,2,1,0,0,0,0,2,0,7,60,2,14295,14295,3,0,36,2,0,0,0,1
1315957,1,2022,2022,2,2,4,205,27,50,415,0,1,10,-33.679171,151.265656,50,0,2,0,3,0,0,0,2,2,7,70,2,14295,14295,3,5,5,2,0,0,0,1
1315958,1,2023,2023,7,0,3,515,14,109,518,0,1,3,-33.9574,150.876404,41,0,2,1,3,0,0,0,1,0,7,110,2,14295,14295,3,5,13,2,0,0,0,1
1315960,1,2023,2023,0,2,6,54,27,72,563,0,1,2,-34.014754,151.009599,68,0,2,1,3,0,0,0,2,0,7,80,2,14295,14295,3,0,0,2,0,0,0,1
1315961,1,2023,2023,7,5,8,13,27,24,61,0,1,1,-33.824363,151.17285,38,0,2,0,3,0,3,4,2,0,7,50,1,14295,14295,3,5,5,2,0,0,0,1
1315962,2,2023,2023,7,6,4,134,10,69,133,0,1,9,-33.82398,151.021157,54,0,2,1,1,0,3,3,2,2,7,70,2,6545,6545,4,5,5,2,0,0,1,1
1315963,1,2023,2023,7,6,7,171,1,65,22,0,1,9,-33.802167,150.957979,54,0,2,0,3,0,0,3,2,0,0,60,1,515,515,1,5,0,2,0,0,0,1
1315965,2,2023,2023,7,0,8,478,17,50,480,0,1,7,-33.228851,151.541044,16,2,2,1,3,0,0,0,2,0,0,60,2,1192,1192,1,5,0,2,0,0,1,0
1315969,1,2023,2023,7,4,5,84,27,60,32,0,1,10,-33.825371,151.135258,51,0,2,1,3,0,0,0,2,0,7,60,1,14295,14295,3,9,13,3,0,0,0,2
1315978,1,2023,2023,0,1,4,73,27,443,78,0,1,10,-33.906706,151.057285,15,0,2,1,3,0,0,0,2,2,7,60,2,623,623,3,5,5,2,0,0,0,1
1315981,1,2023,2023,3,1,9,27,1,134,34609,0,1,1,-33.520577,151.321095,16,2,2,1,3,0,3,3,3,0,7,50,0,1669,1669,3,5,0,2,0,0,0,1
1315983,1,2023,2023,7,4,8,85,27,53,145,0,1,9,-33.798856,151.057081,54,0,2,1,3,0,0,0,2,2,7,70,2,2852,2852,4,0,5,2,0,0,0,1
1315984,2,2023,2023,0,1,2,7,10,63,34609,0,1,9,-33.246703,151.497777,16,2,2,1,3,0,3,4,1,0,7,50,0,4026,4026,8,5,40,1,0,0,1,0
1315987,1,2023,2023,7,3,7,12,27,12,34609,0,1,1,-32.998974,151.668746,37,0,2,1,3,0,0,0,2,0,7,60,0,14295,14295,3,5,0,2,0,0,0,1
1315990,1,2023,2023,7,6,6,162,31,53,148,0,1,10,-32.927818,151.763634,48,0,2,1,3,0,0,0,2,2,7,60,1,14295,14295,3,0,36,2,0,0,0,1
1315992,1,2022,2022,9,4,7,225,17,76,180,0,1,1,-34.553734,150.363641,78,2,1,1,3,0,0,0,2,0,7,50,2,1981,1981,4,8,13,2,0,0,0,1
1315999,1,2023,2023,7,1,7,866,17,204,793,0,1,10,-33.893167,150.922492,24,0,2,1,3,0,0,0,2,2,7,70,2,14295,14295,3,5,5,2,0,0,0,1
1316001,1,2023,2023,7,4,9,9,27,224,44,0,1,10,-33.821686,151.235768,45,0,2,1,3,0,3,4,3,2,7,50,1,14295,14295,3,5,0,2,0,0,0,1
1316003,1,2022,2022,0,6,10,293,10,74,34609,0,1,7,-33.720658,151.045499,31,0,2,1,3,0,3,4,0,0,0,50,0,14295,14295,3,30,5,2,0,0,0,1
1316004,2,2023,2023,7,2,2,829,27,165,770,0,1,10,-33.856187,151.15943,14,0,2,1,3,0,3,3,1,2,7,60,2,14295,14295,3,5,5,2,0,0,1,0
1316009,2,2023,2023,7,1,7,55,27,54,70,0,1,9,-33.710355,151.024718,31,0,2,1,3,0,0,0,2,2,7,60,2,14295,14295,3,5,5,2,0,0,1,0
1316012,2,2023,2023,7,4,7,361,31,225,34609,0,1,1,-33.795413,151.180341,77,0,2,1,3,0,0,0,2,0,7,40,0,144,144,1,5,5,3,0,0,1,1
1316013,1,2023,2023,7,4,7,2261,17,346,2252,0,1,1,-33.891417,151.082122,67,0,2,1,3,0,0,0,2,0,7,60,2,1391,1391,1,5,5,2,0,0,0,1
1316015,1,2023,2023,7,5,8,2261,17,148,2252,0,1,7,-36.052962,146.95972,0,2,1,0,3,0,3,2,3,0,0,60,2,301,301,4,5,36,2,0,0,0,1
1316020,1,2023,2023,7,0,6,205,27,161,415,1,0,10,-33.71909,151.172406,36,0,2,1,3,0,0,0,2,2,7,60,2,5929,5929,1,5,12,2,0,0,0,1
1316022,1,2023,2023,7,3,8,2126,17,445,2149,0,1,9,-33.849236,151.05044,21,0,2,1,3,0,0,0,3,2,7,60,2,14295,14295,3,0,0,3,0,0,0,1
1316025,1,2022,2022,2,1,4,51,31,77,5,1,0,10,-33.028756,151.658646,37,0,2,1,3,0,0,0,2,0,15,50,1,1669,1669,3,5,5,2,0,0,0,1
1316027,1,2023,2023,7,5,6,280,10,237,240,0,1,10,-33.863953,150.954285,24,0,2,1,3,0,0,0,2,2,7,60,2,14295,14295,3,5,0,2,0,0,0,1
1316030,1,2023,2023,3,5,5,177,31,314,208,0,1,7,-33.860347,150.9275,24,0,2,1,3,0,0,0,2,0,0,60,1,1391,1391,1,0,5,2,0,0,0,1
1316033,1,2023,2023,7,0,7,143,31,134,34609,0,1,1,-33.890638,151.243463,76,0,2,1,3,0,0,0,2,0,7,50,0,14295,14295,3,16,5,2,0,0,0,1
1316034,1,2023,2023,7,2,11,14,31,445,34609,0,1,7,-33.85481,151.043423,21,0,2,0,3,0,0,0,0,0,0,60,0,6545,6545,4,5,27,2,0,0,0,1
1316037,1,2023,2023,7,5,4,15,7,92,34609,0,1,9,-33.751162,150.956811,71,0,2,0,3,0,0,0,2,0,0,50,0,1109,787,1,5,0,2,0,0,0,2
1316039,4,2023,2023,7,4,8,9,27,108,31,1,0,1,-33.762986,151.279393,50,0,2,1,3,0,0,0,2,2,7,60,1,1981,1981,4,10,5,2,0,1,0,0
1316043,1,2023,2023,3,6,4,334,17,98,308,0,1,7,-30.988693,150.276679,51,2,1,1,3,0,0,0,2,0,0,60,2,1391,1391,1,9,10,2,0,0,0,1
1316044,2,2023,2023,4,1,8,10,27,8,34609,0,1,1,-34.526263,150.578262,78,2,1,0,0,0,0,0,2,0,7,80,0,1850,1463,5,16,40,1,0,0,1,0
1316047,4,2023,2023,4,4,7,232,36,64,331,0,1,9,-34.037351,150.744909,12,0,2,1,1,0,0,3,2,2,7,80,2,1383,1383,1,0,5,2,0,2,1,0
1316048,4,2023,2023,4,0,6,2209,17,130,2205,0,1,9,-34.451903,150.847409,80,0,2,1,1,0,0,0,2,0,0,60,1,395,395,1,5,18,2,0,1,1,0
1316051,4,2023,2023,4,6,6,2,27,62,34609,0,1,9,-33.751503,151.266608,50,0,2,1,1,0,0,0,2,0,7,50,0,4026,4026,8,10,40,1,0,1,0,0
1316054,4,2023,2023,4,2,5,36,31,218,70,0,1,9,-33.768952,150.779908,55,0,2,1,1,0,0,0,2,0,15,60,1,2852,2852,4,5,5,2,0,1,0,0
1316055,4,2023,2023,4,0,5,225,17,50,180,0,1,1,-34.565494,150.662317,62,0,2,0,0,0,3,4,2,0,7,60,2,3775,3775,0,21,5,2,0,1,0,0
1316062,4,2023,2023,4,1,8,2209,17,166,2205,0,1,1,-33.895538,151.181371,69,0,2,1,1,0,0,0,2,0,7,40,2,941,941,1,33,27,2,0,1,0,0
1316104,1,2022,2022,2,1,5,1,27,8,34609,0,1,1,-33.806164,151.25376,50,0,2,1,0,0,0,0,2,0,7,50,0,238,238,9,0,28,2,0,0,0,1
1316113,2,2023,2023,7,1,11,171,1,57,104,0,1,9,-33.946104,151.223331,4,0,2,1,2,0,0,0,0,2,7,60,2,5929,5929,1,5,5,2,0,0,2,0
1316137,2,2022,2022,10,5,11,10,27,10,34609,0,1,1,-28.376001,153.390663,72,2,1,0,0,0,3,4,0,0,7,80,0,4552,5151,8,10,40,1,0,0,1,0
1316139,1,2022,2022,1,6,10,28,27,38,28,0,1,7,-32.741596,151.867557,57,2,1,1,2,0,0,0,0,0,0,50,1,6545,6545,4,10,12,2,0,0,0,1
1316149,1,2022,2022,10,0,9,17,31,119,34609,0,1,2,-32.760864,151.742909,57,2,1,1,1,0,0,0,2,0,0,50,0,1981,1981,4,0,21,2,0,0,0,1
1316182,2,2023,2023,0,1,5,224,27,246,321,0,1,10,-33.905528,151.202829,69,0,2,1,1,0,0,6,2,2,7,50,2,5929,5929,1,5,0,2,0,0,1,0
1316251,1,2022,2022,6,3,6,3371,17,139,3342,0,1,10,-33.84169,151.209997,49,0,2,1,1,0,0,0,2,2,7,50,2,3775,3775,0,5,5,2,0,0,0,1
1316264,4,2023,2023,7,5,10,213,17,132,213,0,1,9,-29.771548,151.07226,33,2,1,1,0,0,3,0,0,0,0,80,2,489,489,8,10,40,1,0,1,0,0
1316326,2,2022,2022,2,4,5,6,6,34,34609,0,1,9,-33.50914,151.372971,16,2,2,1,0,0,0,0,2,0,14,60,0,368,368,9,0,28,2,0,0,1,0
1316334,1,2022,2022,2,5,9,25,27,11,34609,0,1,1,-34.614488,149.170169,74,1,0,0,0,2,0,0,2,0,7,100,0,4552,5151,8,10,40,1,0,0,0,1
1316338,2,2023,2023,7,6,6,67,10,26,34,0,1,1,-34.383959,150.488206,78,2,1,1,0,0,3,4,2,0,7,80,1,9859,9859,8,29,40,1,0,0,1,0
1316344,4,2023,2023,4,2,8,35,27,13,34,0,1,9,-29.949007,151.207515,33,2,1,1,0,0,0,0,2,0,0,50,1,4026,4026,8,5,40,1,0,1,0,0
1316350,2,2022,2022,10,5,6,17,10,39,34609,0,1,7,-32.734954,152.083799,57,2,1,1,1,0,3,0,2,0,0,50,0,9859,9859,8,5,40,2,0,0,1,0
1316352,2,2022,2022,2,4,3,1104,14,438,962,0,1,3,-33.836515,151.032052,21,0,2,1,0,0,0,0,2,0,7,90,2,1282,1282,1,8,5,2,0,0,1,0
1316398,4,2023,2023,7,6,7,117,1,239,121,0,1,9,-34.042497,151.118261,68,0,2,1,1,0,0,0,2,0,0,60,1,5929,5929,1,5,36,2,0,1,0,0
1316405,2,2022,2022,9,0,6,62,10,122,62,0,1,2,-33.4278,151.343507,16,2,2,0,1,0,0,0,2,0,7,50,2,4552,5151,8,10,40,2,0,0,1,0
1316426,1,2023,2023,7,0,5,111,27,16,233,0,1,9,-33.925185,151.227893,4,0,2,0,1,0,0,0,2,2,9,60,2,2040,2040,9,33,28,2,0,0,0,1
1316440,4,2023,2023,3,0,8,3,27,110,34609,0,1,9,-33.744027,151.02268,71,0,2,0,1,0,0,0,2,0,7,50,0,3775,3775,0,10,22,2,0,1,1,0
1316441,1,2023,2023,7,5,7,133,31,646,97,0,1,9,-33.917442,151.022981,15,0,2,1,3,0,0,0,2,0,15,60,1,5929,5929,1,5,36,2,0,0,0,1
1316444,2,2023,2023,7,6,3,4,10,75,34609,0,1,9,-32.786587,151.638073,42,2,1,0,3,0,3,4,1,0,7,60,0,14295,14295,3,0,0,3,0,0,1,0
1316445,1,2023,2023,7,3,6,110,27,95,173,0,1,7,-34.403127,150.891093,80,0,2,1,3,0,0,0,2,0,0,60,2,395,395,1,5,25,2,0,0,0,1
1316446,2,2023,2023,7,5,8,149,27,52,198,0,1,2,-33.94894,150.949731,41,0,2,1,3,0,3,3,2,0,7,60,2,14295,14295,3,9,0,2,0,0,1,0
1316449,4,2023,2023,0,4,7,42,27,316,34609,0,1,7,-31.448628,152.893246,56,2,1,1,3,0,0,0,2,0,0,50,0,14295,14295,3,0,40,2,0,1,0,0
1316456,1,2023,2023,4,2,10,110,31,204,34609,0,1,7,-33.891617,150.934309,24,0,2,1,3,0,0,0,0,0,0,50,0,6545,6545,4,5,5,2,0,0,0,1
1316459,2,2023,2023,0,4,9,1052,14,83,928,0,1,3,-33.503656,151.18902,16,1,2,1,3,0,0,0,0,0,7,100,2,14295,14295,3,0,5,3,0,0,1,0
1316466,2,2023,2023,7,4,8,177,31,237,208,0,1,1,-33.86369,150.954825,24,0,2,1,3,0,0,0,2,0,7,50,1,14295,14295,3,10,5,2,0,0,1,1
1316469,1,2023,2023,7,5,0,1,31,532,34609,0,1,10,-33.865092,151.211596,69,0,2,1,3,0,0,0,0,2,7,40,0,5929,5929,1,5,5,2,0,0,0,1
1316474,1,2023,2023,7,2,9,48,31,82,605,0,1,10,-33.827837,151.201905,49,0,2,1,3,0,0,0,3,2,7,60,2,1391,1391,1,0,5,2,0,0,0,1
1316475,1,2023,2023,0,2,8,3371,17,463,3342,0,1,2,-30.321966,153.08476,19,1,0,0,3,0,0,0,3,0,7,100,2,14295,14295,3,21,5,3,0,0,0,1
1316481,2,2023,2023,0,1,9,40,31,77,34609,0,1,10,-30.330163,149.785856,51,2,1,1,3,0,0,0,0,0,0,50,0,6545,6545,4,0,5,2,0,0,1,0
1316484,2,2023,2023,0,5,4,103,27,438,563,0,1,2,-33.843501,151.043514,21,0,2,1,3,0,0,0,2,0,7,70,2,14295,14295,3,10,0,2,0,0,1,0
1316490,1,2023,2023,7,6,6,103,27,176,167,0,1,1,-33.977719,151.136607,25,0,2,1,3,0,0,0,2,0,7,60,2,2040,2040,9,33,28,2,0,0,0,1
1316498,2,2023,2023,0,0,8,12,27,137,34609,0,1,10,-33.917895,151.202882,69,0,2,1,3,0,0,0,2,0,15,40,0,6545,6545,4,5,19,2,0,0,1,0
1316501,2,2023,2023,0,3,9,3,27,147,34609,0,1,9,-33.738215,151.149575,36,0,2,1,3,0,3,4,3,0,7,50,0,3775,3775,0,5,5,2,0,0,2,1
1316502,1,2023,2023,0,6,6,60,27,101,262,0,1,7,-32.902859,151.622481,37,0,2,1,3,0,0,0,2,0,0,90,2,14295,14295,3,10,0,2,0,0,0,1
1316506,2,2023,2023,0,6,8,16,31,161,34609,0,1,1,-33.88163,151.163321,32,0,2,1,3,0,0,0,3,0,7,50,0,4026,4026,1,5,5,3,0,0,1,0
1316507,1,2023,2023,7,4,11,75,10,112,165,0,1,2,-33.910973,151.212932,69,0,2,1,3,0,0,0,0,0,7,80,2,1282,1282,1,5,36,2,0,0,0,1
1316511,1,2023,2023,7,4,8,344,27,168,382,0,1,2,-33.72488,150.844326,7,0,2,1,3,0,0,0,2,0,7,80,2,14295,14295,3,5,5,2,0,0,0,1
1316519,1,2023,2023,7,0,6,73,27,443,78,0,1,1,-33.904648,151.042215,15,0,2,1,3,0,0,0,2,0,7,60,2,1109,787,1,0,5,2,0,0,0,2
1316523,2,2023,2023,0,4,4,114,27,9,228,0,1,1,-33.488609,150.948104,71,0,2,0,3,0,0,3,2,0,7,80,2,4552,5151,8,10,40,1,0,0,1,0
1316524,1,2023,2023,3,0,8,9,31,63,13,0,1,9,-33.92623,151.206317,4,0,2,1,3,0,0,0,4,0,7,50,1,14295,14295,3,0,5,2,0,0,0,1
1316526,2,2023,2023,0,5,5,17,27,9,12,0,1,1,-35.629582,147.767872,27,1,0,0,3,0,0,0,2,0,7,100,2,1259,5151,8,5,40,1,0,0,1,0
1316527,1,2023,2023,0,6,3,205,27,50,415,0,1,2,-33.680465,151.262786,50,0,2,1,3,0,0,0,1,0,7,70,2,1391,1391,1,19,5,3,0,0,0,1
1316532,1,2023,2023,0,3,5,361,23,237,35,0,1,9,-33.880964,150.948744,24,0,2,1,3,0,0,3,2,0,7,60,1,1192,1192,1,5,0,2,0,0,0,1
1316533,2,2023,2023,0,5,9,2,31,32,34609,0,1,10,-32.361347,149.533829,44,2,1,1,3,0,0,3,3,0,0,50,0,6545,6545,4,0,5,2,0,0,1,0
1316536,1,2023,2023,7,6,7,150,27,197,415,0,1,2,-33.790035,151.123087,61,0,2,1,3,0,3,0,2,0,7,70,2,14295,14295,3,9,5,2,0,0,0,1
1316537,1,2023,2023,7,6,6,92,27,15,34609,0,1,1,-34.009015,151.075636,68,0,2,1,3,0,0,0,2,0,7,50,0,1981,1981,4,16,0,2,0,0,0,1
1316538,2,2023,2023,7,6,9,34,27,7,45,0,1,1,-34.548323,148.921663,30,1,0,0,3,0,3,1,3,0,7,100,1,4552,5151,8,0,40,1,0,0,1,0
1316540,1,2023,2023,0,2,6,33,23,104,34609,0,1,1,-33.797111,150.77816,55,0,2,1,3,0,0,0,2,0,7,50,0,9859,9859,1,5,5,2,0,0,0,1
1316541,1,2023,2023,0,4,8,9,31,140,34609,0,1,9,-33.897194,150.996913,15,0,2,0,3,0,0,0,3,0,7,60,0,5929,5929,1,5,13,2,0,0,0,1
1316542,1,2023,2023,7,0,11,147,27,72,605,1,0,2,-33.830153,151.226649,49,0,2,1,3,0,0,0,0,0,7,60,2,941,941,1,5,18,2,0,0,0,1
1316543,1,2023,2023,0,3,7,866,17,110,793,0,1,2,-33.757716,151.048957,71,0,2,1,3,0,3,4,2,0,7,70,2,14295,14295,3,0,0,3,0,0,0,1
1316547,1,2023,2023,0,4,7,866,17,112,793,0,1,9,-33.907847,150.918708,41,0,2,1,3,0,0,0,2,2,7,70,2,775,775,4,21,10,2,0,0,0,1
1316549,2,2023,2023,0,1,0,23,10,32,101,0,1,2,-32.948174,151.71412,48,0,2,1,3,0,0,0,0,0,7,50,2,9859,9859,1,5,0,2,0,0,1,0
1316550,2,2023,2023,0,3,8,7,27,144,34609,0,1,1,-34.050551,151.012509,68,0,2,0,3,0,3,4,4,0,7,50,0,1981,1981,4,5,0,2,0,0,1,0
1316551,1,2023,2023,7,5,6,39,27,169,147,0,1,1,-28.637651,153.592163,10,2,1,1,3,0,0,0,2,0,7,80,1,14295,14295,3,9,5,2,0,0,0,2
1316557,1,2023,2023,0,6,4,132,31,252,126,0,1,1,-33.892009,151.216122,69,0,2,1,3,0,3,4,2,0,7,50,2,14295,14295,3,5,5,2,0,0,0,1
1316558,2,2023,2023,0,6,9,8,1,29,34609,1,0,10,-32.935311,151.761655,48,0,2,1,3,0,0,0,0,2,7,50,0,1383,1383,1,0,13,2,0,0,1,0
1316559,1,2023,2023,7,5,2,334,17,56,308,0,1,9,-31.45736,152.732269,56,2,1,1,3,0,0,0,1,0,7,50,2,14295,14295,3,10,5,2,0,0,0,1
1316565,2,2023,2023,4,6,6,3371,17,149,3342,1,0,9,-33.353832,151.369405,16,2,2,1,3,0,0,0,2,2,9,60,2,14295,14295,3,10,5,2,0,0,1,0
1316566,4,2023,2023,7,5,4,109,27,61,105,0,1,1,-33.894715,150.90232,24,0,2,1,2,0,0,0,2,0,7,60,2,1981,1981,4,5,35,2,0,1,0,1
1316569,1,2023,2023,7,4,7,230,27,197,284,0,1,10,-33.791336,151.130405,61,0,2,1,3,0,0,0,2,2,7,70,2,14295,14295,3,5,5,2,0,0,0,1
1316575,4,2023,2023,4,3,10,2,1,10,34609,0,1,1,-34.229468,150.986396,80,0,2,1,1,0,3,0,0,0,7,50,0,4026,4026,1,5,5,2,0,1,0,0
1316576,2,2023,2023,4,3,5,2126,17,17,2149,0,1,2,-33.708138,150.585913,8,2,2,0,1,0,3,4,2,0,7,80,2,4552,5151,8,5,40,1,0,0,1,0
1316577,2,2023,2023,4,5,1,2,1,562,34609,1,0,9,-32.250687,148.586683,22,2,1,1,2,0,0,0,0,0,7,50,0,418,777,5,0,40,1,0,0,3,0
1316578,2,2023,2023,4,1,6,2209,17,130,2205,0,1,9,-34.459137,150.840873,80,0,2,1,1,0,0,0,2,2,7,60,2,1109,397,1,5,19,2,0,0,1,0
1316579,4,2023,2023,4,2,8,916,17,70,917,0,1,7,-32.739068,151.551549,42,2,1,0,1,0,0,0,3,0,0,60,2,782,957,5,5,40,1,0,1,0,0