Crash ID,Degree of crash - detailed,Reporting year,Year of crash,Month of crash,Day of week of crash,Two-hour intervals,Street of crash,Street type,Town,Route no.,School zone location,School zone active,Type of location,Latitude,Longitude,LGA,Urbanisation,Conurbation 1,Alignment,Street lighting,Road surface,Surface condition,Weather,Natural lighting,Signals operation,Other traffic control,Speed limit,Road classification,RUM - code,DCA - code,First impact type,Key TU type,Other TU type,No. of traffic units involved,No. killed,No. seriously injured,No. moderately injured,No. minor-other injured
1316580,2,2023,2023,4,3,7,2,27,173,34609,0,1,1,-33.777766,151.126352,61,0,2,1,1,0,3,3,2,0,7,50,0,941,941,1,0,0,2,0,0,1,0
1316581,2,2023,2023,4,1,7,10,31,175,34609,0,1,9,-33.775036,151.071565,54,0,2,1,0,0,0,0,2,0,7,50,0,5929,5929,1,5,5,2,0,0,2,0
1316584,4,2023,2023,4,3,5,829,27,123,770,0,1,9,-33.809831,151.065179,54,0,2,1,1,0,0,0,2,0,7,70,2,9859,9859,8,9,40,1,0,1,0,0
1316586,4,2023,2023,4,1,8,4,31,34,34609,0,1,10,-37.061861,149.907252,5,2,1,1,0,0,0,0,2,0,0,50,0,6545,6545,4,5,13,2,0,1,0,0
1316587,2,2023,2023,4,0,7,21,31,102,34609,0,1,10,-31.106682,150.905184,70,2,1,1,1,0,0,0,2,0,15,50,0,4026,4026,8,10,40,1,0,0,1,0
1316588,4,2023,2023,3,6,9,16,27,609,34609,0,1,1,-33.762816,150.888976,7,0,2,1,1,0,0,0,2,0,7,50,0,4026,4026,1,5,5,3,0,1,0,0
1316589,4,2023,2023,4,2,8,6,27,130,34609,0,1,7,-34.459427,150.837347,80,0,2,0,1,0,0,0,2,0,0,50,0,1850,1463,5,16,40,2,0,1,0,0
1316590,4,2023,2023,4,3,11,73,31,34,34609,0,1,9,-33.862626,151.203875,69,0,2,1,2,0,3,4,0,0,7,40,0,237,162,8,0,40,1,0,1,0,0
1316591,4,2023,2023,4,0,0,133,10,40,121,0,1,1,-31.503695,152.896455,56,1,0,0,0,0,3,4,0,0,7,100,1,1259,5151,8,34,40,3,0,1,3,0
1316594,4,2023,2023,4,1,9,2,31,3,34609,0,1,9,-28.929165,151.932402,51,2,1,1,0,0,3,0,3,0,7,50,0,1850,985,5,16,40,1,0,1,0,0
1316595,4,2023,2023,4,5,7,3371,17,30,3342,0,1,2,-28.330953,153.520364,72,1,0,1,1,0,0,0,2,0,7,110,2,9859,9859,8,0,40,1,0,1,0,0
1316597,4,2023,2023,4,2,6,40,31,219,262,0,1,10,-32.906072,151.671131,48,0,2,1,1,0,0,0,2,2,7,60,2,6545,6545,4,5,0,3,0,1,1,0
1316598,4,2023,2023,4,0,10,1,27,1,34609,0,1,1,-32.765244,149.668988,44,1,0,1,0,2,0,0,3,0,7,100,0,9859,9859,8,0,40,1,0,1,0,0
1316599,2,2023,2023,4,0,7,485,27,50,769,0,1,2,-33.627463,150.84057,29,2,2,1,0,0,0,3,2,0,7,80,2,1282,1282,1,29,5,3,0,0,1,0
1316600,4,2023,2023,4,6,6,112,17,27,112,0,1,1,-31.575458,143.186812,51,1,0,1,0,0,0,0,2,0,7,110,2,475,475,5,10,40,1,0,1,1,0
1316602,2,2023,2023,4,0,4,150,27,309,415,0,1,9,-33.808046,151.108637,61,0,2,1,1,0,0,0,2,1,7,70,2,14295,14295,3,33,5,2,0,0,1,0
1316603,2,2023,2023,4,4,9,57,31,532,30,0,1,10,-33.878286,151.208601,69,0,2,1,1,0,0,0,2,2,7,40,1,14295,14295,3,0,5,2,0,0,1,0
1316604,4,2023,2023,4,6,6,225,17,4,180,0,1,1,-34.559541,150.6396,78,2,1,0,0,0,0,0,2,0,7,60,2,3775,3775,0,16,13,2,0,1,0,0
1316605,2,2023,2023,4,5,3,22,27,169,147,0,1,9,-28.669383,153.612672,10,2,1,1,1,0,0,0,2,0,7,50,1,1282,1282,1,10,27,2,0,0,1,0
1316606,2,2023,2023,3,0,7,10,31,41,19,0,1,1,-31.083276,150.913517,70,2,1,1,0,0,0,0,2,0,7,60,1,3775,3775,0,0,41,2,0,0,1,1
1316607,2,2023,2023,3,0,5,265,17,17,193,0,1,1,-35.769623,147.010045,27,2,1,1,0,0,0,0,2,0,14,40,2,14295,14295,3,5,0,2,0,0,1,0
1316609,4,2023,2023,3,0,9,1,27,19,34609,0,1,10,-29.873741,150.579814,51,2,1,0,0,0,0,0,2,0,0,50,0,2852,2852,4,5,13,2,0,3,1,0
1316611,4,2023,2023,7,4,1,1104,14,80,962,0,1,3,-33.756666,150.64749,55,0,2,0,0,0,0,0,0,0,7,90,2,1192,1192,1,5,10,2,0,1,0,0
1316612,2,2023,2023,4,5,6,13,31,463,34609,0,1,1,-30.300152,153.106684,19,2,1,1,1,0,0,0,2,0,7,50,0,9859,9859,1,0,0,2,0,0,1,0
1316613,2,2023,2023,4,2,3,21,10,113,34609,0,1,1,-29.484472,149.835854,51,2,1,1,0,2,0,0,1,0,7,50,0,9859,9859,8,5,40,1,0,0,1,0
1316614,4,2023,2023,4,6,6,25,27,49,27,0,1,1,-34.410061,148.743045,30,2,1,0,0,2,0,0,2,0,7,40,1,1850,1463,5,16,40,1,0,1,0,0
1316615,4,2023,2023,3,5,9,6,27,41,41,0,1,1,-35.077604,148.081398,20,2,1,0,0,0,0,0,2,0,7,80,1,4552,5151,8,10,40,1,0,1,0,0
1316616,2,2023,2023,3,6,7,150,27,309,415,0,1,9,-33.808951,151.107596,61,0,2,1,1,0,0,6,2,0,7,70,2,14295,14295,3,34,5,4,0,0,1,0
1316621,4,2023,2023,4,3,1,866,17,44,793,0,1,2,-33.794761,150.982231,54,0,2,1,2,0,3,4,0,0,7,70,2,9859,9859,8,10,40,1,0,1,0,0
1316624,4,2023,2023,3,5,4,5,23,67,34609,1,2,1,-33.88743,151.008346,15,0,2,1,1,0,0,3,2,0,7,40,0,1220,1220,9,5,28,2,0,1,0,0
1316625,4,2023,2023,3,6,3,45,3,36,331,0,1,9,-34.065202,150.713908,12,0,2,1,1,0,3,4,2,0,15,80,2,2852,2852,4,0,5,2,0,4,0,0
1316627,4,2023,2023,3,4,6,229,14,173,237,0,1,3,-33.772184,151.118632,61,0,2,1,1,0,0,0,2,0,7,100,2,4026,4026,8,10,40,1,0,1,0,0
1316629,4,2023,2023,7,0,7,51,31,562,34609,1,2,9,-32.2638,148.610626,22,2,1,1,0,0,0,0,2,0,7,40,0,1220,1220,9,5,28,2,0,1,0,0
1316630,4,2023,2023,4,2,11,3,27,45,34609,0,1,1,-34.290115,150.58867,79,2,2,1,1,0,3,4,0,0,7,50,0,4026,4026,8,10,40,1,0,1,0,0
1316631,4,2023,2023,7,3,7,55,36,155,95,0,1,1,-33.144047,148.329599,53,1,0,1,0,0,0,0,2,0,7,100,2,945,945,5,10,40,1,0,2,0,0
1316634,4,2023,2023,7,2,4,15,27,4,34609,0,1,1,-33.209127,149.140922,11,2,1,1,0,0,0,0,2,0,7,80,0,4026,4026,8,10,40,1,0,1,0,0
1316636,2,2023,2023,4,1,6,1104,14,44,962,0,1,3,-33.759075,150.641757,8,1,2,0,0,0,0,0,2,0,7,90,2,14295,14295,3,5,0,3,0,0,1,0
1316637,4,2023,2023,7,0,4,1,31,187,34609,0,1,9,-33.886989,150.984588,15,0,2,1,2,0,0,0,2,0,7,50,0,186,186,9,10,28,2,0,1,0,0
1316638,4,2023,2023,4,6,9,153,27,188,147,0,1,10,-33.951043,151.09294,25,0,2,1,1,0,0,0,3,0,0,60,2,5929,5929,1,5,19,2,0,1,0,0
1316639,4,2023,2023,7,4,3,515,14,523,518,0,1,3,-33.938919,150.918634,41,0,2,1,2,0,0,0,0,0,7,100,2,1192,1192,1,16,0,2,0,1,0,1
1316640,4,2023,2023,7,0,7,334,17,21,308,0,1,1,-31.434685,152.20422,56,1,0,0,0,0,0,0,2,0,7,100,2,4552,5151,8,16,40,1,0,1,0,0
1316643,4,2023,2023,7,6,11,1,31,187,34609,0,1,1,-33.889724,150.991002,15,0,2,0,2,0,0,0,0,0,7,50,0,1957,4009,8,0,40,1,0,1,0,0
1316645,2,2023,2023,3,2,9,6,1,73,34609,0,1,10,-33.836557,151.083653,14,0,2,0,0,0,0,0,2,2,9,50,0,1383,1383,1,5,5,2,0,0,1,1
1316651,2,2023,2023,3,0,3,23,31,218,19,0,1,1,-33.748008,150.766942,55,0,2,1,1,0,0,0,1,0,7,60,1,1981,1981,4,29,5,2,0,0,1,1
1316657,2,2023,2023,7,1,7,110,31,204,34609,0,1,10,-33.893058,150.934026,24,0,2,1,0,0,0,0,2,2,7,40,0,2040,2040,9,5,28,2,0,0,1,0
1316661,4,2023,2023,3,6,9,222,27,523,34609,0,1,10,-33.935116,150.904938,41,0,2,1,0,0,0,0,2,0,0,50,0,6545,6545,4,5,19,2,0,1,0,0
1316665,4,2022,2022,2,5,1,334,17,22,308,0,1,1,-31.39818,152.078702,51,1,0,0,0,0,0,0,0,0,7,100,2,2585,4009,8,29,40,1,0,1,0,0
1316666,1,2023,2023,7,4,2,74,27,609,163,0,1,7,-33.777202,150.907382,7,0,2,0,2,0,0,0,1,1,9,60,2,591,591,1,22,12,2,0,0,0,1
1316668,4,2023,2023,7,6,8,7,5,15,34609,0,1,9,-33.501867,150.116418,40,2,1,0,1,0,0,0,2,0,7,50,0,1850,1463,5,16,40,1,0,1,0,0
1316670,2,2023,2023,0,6,8,36,27,6,83,0,1,1,-29.432927,153.243809,18,2,1,1,1,0,0,0,2,0,7,60,1,3775,3775,0,5,0,2,0,0,1,0
1316671,2,2022,2022,10,1,5,23,27,37,47,0,1,1,-34.656063,150.73374,35,2,1,0,0,0,3,0,2,0,7,60,1,1957,4009,8,16,40,1,0,0,1,0
1316673,2,2023,2023,3,5,9,125,27,290,103,0,1,10,-33.863022,151.006226,21,0,2,1,0,0,0,0,3,2,7,60,1,5929,5929,1,5,5,2,0,0,1,0
1316675,4,2023,2023,7,2,4,2261,17,83,2252,0,1,3,-34.432881,150.442711,78,1,0,1,0,0,0,0,2,0,7,110,2,4026,4026,8,10,40,1,0,1,0,0
1316676,4,2023,2023,3,0,10,2261,17,284,2252,1,0,9,-33.907752,151.025955,15,0,2,1,2,0,0,0,0,2,7,60,2,14295,14295,3,0,5,2,0,1,0,0
1316680,1,2022,2022,1,5,11,12,27,69,23,0,1,1,-28.560162,153.516595,10,2,1,0,0,0,3,3,0,0,7,80,1,4552,5151,8,5,40,1,0,0,0,1
1316688,2,2023,2023,0,6,7,19,27,57,63,0,1,2,-34.563824,150.830315,62,0,2,1,1,0,0,0,2,0,0,70,2,14295,14295,3,5,0,2,0,0,2,0
1316690,1,2023,2023,0,6,7,44,27,337,34609,0,1,1,-33.732809,150.978451,71,0,2,1,0,0,0,0,2,0,7,50,0,9859,9859,1,5,40,2,0,0,0,1
1316693,4,2023,2023,7,3,7,15,27,11,34609,0,1,1,-35.292395,148.57617,66,2,1,1,0,2,0,0,2,0,7,80,0,1945,1945,5,16,40,1,0,1,0,0
1316697,4,2023,2023,0,6,4,234,27,337,217,0,1,9,-33.737283,151.001405,71,0,2,1,1,0,0,0,2,0,7,60,2,1220,1220,9,5,28,2,0,1,0,0
1316698,2,2023,2023,7,2,0,3371,17,6,3342,0,1,2,-28.914142,153.477804,2,1,0,1,0,0,0,0,0,0,7,110,2,9859,9859,8,0,40,2,0,0,1,0
1316700,4,2023,2023,7,1,5,11,27,309,34609,0,1,10,-33.811716,151.113284,61,0,2,1,0,0,3,3,2,0,7,50,0,2852,2852,4,5,5,2,0,1,0,0
1316704,2,2023,2023,3,6,4,515,14,188,518,0,1,3,-33.937558,151.102783,15,0,2,1,1,0,0,0,2,0,7,80,2,14295,14295,3,9,0,3,0,0,1,0
1316708,4,2023,2023,7,6,9,1,1,12,34609,0,1,7,-33.976511,151.240136,59,0,2,0,2,0,0,0,3,0,0,50,0,1850,1463,5,16,40,1,0,1,0,0
1316711,2,2023,2023,3,6,8,222,31,77,34609,0,1,5,-32.565536,151.180262,64,2,1,1,1,0,0,0,2,0,0,50,0,9859,9859,8,16,40,1,0,0,1,0
1316712,4,2023,2023,7,2,3,387,27,115,331,0,1,10,-33.958885,151.063904,25,0,2,1,1,0,3,0,2,2,7,60,2,301,301,4,0,0,3,0,1,1,0
1316713,1,2023,2023,7,2,10,31,31,169,34609,0,1,7,-28.642198,153.612556,10,2,1,1,3,0,2,6,0,0,0,50,0,186,186,9,22,28,2,0,0,0,1
1316716,4,2023,2023,7,2,7,1052,14,7,928,0,1,3,-32.849839,151.625806,48,0,2,0,0,0,0,0,2,0,7,110,2,418,714,5,0,40,1,0,1,0,0
1316719,2,2023,2023,7,1,9,28,1,31,34609,0,1,9,-30.356989,153.074924,19,2,1,0,2,0,3,4,0,0,7,50,0,2852,2852,4,0,5,2,0,0,1,0
1316721,2,2023,2023,0,2,6,6,27,187,34609,0,1,9,-33.795597,150.995898,54,0,2,1,0,0,3,4,2,0,7,50,0,9859,9859,1,5,0,2,0,0,1,0
1316727,2,2023,2023,7,1,8,30,31,433,34609,0,1,10,-33.278946,149.097133,52,2,1,1,0,0,0,3,2,0,0,50,0,6545,6545,4,0,36,2,0,0,1,0
1316730,1,2023,2023,7,6,8,481,17,562,483,0,1,9,-32.243295,148.598172,22,2,1,0,0,0,0,0,3,0,0,60,2,14295,14295,3,34,0,2,0,0,0,1
1316735,2,2023,2023,7,1,3,103,27,149,167,0,1,2,-34.005201,151.128474,25,0,2,0,3,0,2,6,1,0,7,70,2,2585,4009,8,5,40,3,0,0,2,0
1316738,4,2023,2023,3,4,8,829,31,179,70,0,1,10,-31.909174,152.467872,43,2,1,1,1,0,0,0,2,0,7,60,1,1391,1391,1,5,19,2,0,1,0,0
1316741,2,2023,2023,7,0,7,330,27,147,605,0,1,9,-33.753443,151.285669,50,0,2,1,1,0,0,0,2,2,7,60,2,5929,5929,1,5,19,2,0,0,1,0
1316743,4,2023,2023,7,6,5,6,31,234,34609,0,1,1,-34.288912,146.042609,28,2,1,1,1,0,3,0,2,0,7,50,0,2040,2040,9,5,28,2,0,1,0,0
1316746,2,2023,2023,3,2,6,17,27,3,34609,0,1,1,-32.715313,148.552248,11,1,0,0,0,0,0,0,2,0,7,100,0,4552,5151,8,16,40,1,0,0,1,0
1316748,1,2023,2023,7,1,6,104,27,246,140,0,1,10,-33.920825,151.191757,69,0,2,1,1,0,0,0,2,2,7,60,2,623,623,3,5,5,2,0,0,0,1
1316749,4,2023,2023,7,5,4,1052,14,149,928,0,1,3,-33.3598,151.337617,16,1,2,0,0,0,3,4,2,0,7,110,2,204,204,1,8,10,21,0,1,2,1
1316751,2,2023,2023,7,2,8,2209,17,67,2205,0,1,1,-34.432006,150.865532,80,0,2,1,1,0,0,0,2,0,7,60,2,1383,1383,1,5,27,2,0,0,1,0
1316753,1,2023,2023,7,0,1,866,17,112,793,0,1,2,-33.908502,150.918842,41,0,2,1,2,0,0,0,0,0,7,70,2,9859,9859,8,5,40,1,0,0,0,1
1316757,1,2023,2023,3,0,4,11,27,309,34609,1,0,7,-33.816299,151.119888,61,0,2,1,1,0,0,0,2,0,0,50,0,2040,2040,9,5,28,2,0,0,0,1
1316758,2,2023,2023,7,4,10,2209,17,79,2205,0,1,7,-34.914496,150.603636,63,2,1,1,2,0,0,0,0,0,0,70,2,1981,1981,4,5,5,2,0,0,1,0
1316761,2,2023,2023,7,6,6,11,31,169,147,0,1,7,-28.650121,153.613135,10,2,1,1,1,0,0,0,2,0,0,50,1,395,395,1,22,12,2,0,0,1,0
1316762,4,2023,2023,3,5,2,1,31,111,34609,0,1,9,-33.687866,150.878117,7,0,2,0,2,0,0,0,0,0,0,50,0,1957,4009,8,0,40,4,0,1,0,0
1316763,4,2023,2023,3,5,6,34,27,8,83,0,1,1,-29.596842,153.031416,18,1,0,1,0,0,0,0,2,0,7,100,1,4026,4026,8,0,40,1,0,2,1,0
1316765,2,2023,2023,7,6,9,191,27,309,208,0,1,10,-33.812995,151.105006,61,0,2,1,1,0,0,0,2,3,7,60,2,14295,14295,3,0,0,3,0,0,1,0
1316767,4,2023,2023,7,2,7,16,31,157,34609,0,1,1,-33.796445,151.004219,54,0,2,1,1,0,0,0,2,0,7,50,0,3775,3775,0,16,5,3,0,1,0,0
1316775,2,2023,2023,7,1,5,3,31,48,34609,0,1,10,-36.684021,149.838661,5,2,1,1,1,0,0,0,2,0,15,50,0,6545,6545,4,5,0,2,0,0,2,0
1316777,4,2023,2023,7,2,5,111,27,12,233,1,0,10,-33.979695,151.236622,59,0,2,1,1,0,0,0,2,0,0,60,1,6545,6545,4,5,5,2,0,1,0,1
1316779,2,2023,2023,4,5,3,22,27,25,34609,0,1,9,-33.873354,151.224289,69,0,2,1,0,0,0,0,2,0,7,40,0,14295,14295,3,22,0,2,0,0,1,0
1316780,4,2023,2023,3,5,6,829,27,159,770,0,1,9,-33.806831,151.082566,61,0,2,1,1,0,3,4,2,1,7,60,2,1220,1220,9,16,28,2,0,1,0,0
1316782,2,2023,2023,7,6,7,120,36,35,148,0,1,9,-30.455314,152.911578,6,2,1,1,1,0,0,0,2,0,7,50,2,2852,2852,4,10,0,2,0,0,1,0
1316785,2,2023,2023,0,2,4,2261,17,1,2252,0,1,2,-34.784796,149.65964,26,1,0,1,0,0,0,0,2,0,7,110,2,4026,4026,8,5,40,1,0,0,1,0
1316786,4,2023,2023,3,0,8,68,31,73,331,0,1,10,-34.167522,150.61232,79,2,2,1,1,0,0,0,2,2,7,50,1,1282,1282,1,22,40,1,0,1,0,0
1316788,4,2023,2023,3,4,8,1,1,131,34609,0,1,1,-36.07111,146.904811,0,2,1,0,0,0,0,0,2,0,7,50,0,418,714,5,0,40,1,0,2,0,0
1316790,2,2023,2023,3,1,3,92,31,17,34609,0,1,1,-31.875395,152.676232,43,2,1,1,0,0,0,0,1,0,7,50,0,4026,4026,1,5,0,2,0,0,1,0
1316794,4,2023,2023,7,0,8,4,18,1,34609,0,1,1,-32.823039,150.02148,44,2,1,1,0,2,0,0,2,0,7,80,0,945,945,5,0,40,1,0,1,0,0
1316795,2,2023,2023,7,2,10,109,27,204,105,1,0,1,-33.895117,150.941282,24,0,2,1,2,0,0,0,0,0,7,60,2,9859,9859,8,16,40,1,0,0,1,0
1316797,4,2023,2023,3,2,8,85,31,316,7,0,1,10,-33.909291,151.240265,59,0,2,1,1,0,0,0,2,0,0,50,1,323,323,1,15,5,2,0,1,1,0
1316799,2,2023,2023,7,6,7,193,23,84,34609,0,1,1,-33.893517,151.259692,76,0,2,1,0,0,0,0,2,0,7,50,0,387,387,1,22,5,2,0,0,1,0
1316800,4,2023,2023,7,4,9,361,23,253,165,0,1,1,-33.968737,151.103937,25,0,2,1,1,0,0,0,2,0,7,50,1,2040,2040,9,33,28,2,0,1,0,0
1316801,1,2023,2023,3,5,8,76,24,164,154,0,1,9,-33.734709,150.873798,7,0,2,1,1,0,0,0,2,2,7,60,1,14295,14295,3,5,5,2,0,0,0,1
1316802,1,2023,2023,0,3,4,2,2,160,34609,0,1,1,-33.117594,151.472551,37,0,2,1,1,0,0,0,2,0,7,50,0,3775,3775,0,5,13,2,0,0,0,1
1316803,1,2023,2023,7,6,5,5,10,67,34609,0,1,1,-33.705376,150.91085,7,0,2,1,1,0,0,0,2,0,7,50,0,1109,787,1,0,12,2,0,0,0,1
1316807,1,2023,2023,7,6,8,37,31,337,217,0,1,10,-33.732833,151.00689,71,0,2,1,1,0,0,0,2,2,7,60,2,5929,5929,1,5,5,3,0,0,0,1
1316810,4,2023,2023,7,0,3,7,27,3,48,0,1,9,-32.360979,151.920875,43,1,0,1,1,0,0,0,2,0,7,100,1,14295,14295,3,5,34,2,0,1,0,0
1316815,4,2023,2023,7,1,11,348,17,4,232,0,1,1,-33.319267,150.037799,40,1,0,1,2,0,0,0,0,0,7,100,2,9859,9859,8,5,40,1,0,1,0,0
1316817,2,2023,2023,7,4,4,27,31,82,34609,0,1,7,-31.078,150.927498,70,2,1,1,1,0,0,0,2,0,0,50,0,6545,6545,4,5,25,2,0,0,3,0
1316818,2,2023,2023,7,4,4,1,31,64,34609,1,2,10,-33.484415,150.160155,40,2,1,1,1,0,0,0,2,0,0,40,0,6545,6545,4,0,13,2,0,0,1,0
1316819,2,2023,2023,7,4,8,220,27,92,222,0,1,10,-33.747329,150.950063,71,0,2,1,1,0,0,0,2,2,7,80,2,1282,1282,1,5,13,5,0,0,1,0
1316820,2,2023,2023,7,1,6,205,27,161,415,0,1,10,-33.730212,151.16082,36,0,2,1,2,0,3,3,2,2,7,60,2,9859,9859,1,10,10,2,0,0,1,0
1316821,2,2023,2023,3,4,8,64,27,175,284,1,0,9,-33.773537,151.069289,54,0,2,1,1,0,0,0,2,0,7,60,2,3775,3775,0,0,0,2,0,0,1,1
1316822,4,2023,2023,7,3,11,6,27,1,34609,0,1,1,-30.9807,150.830187,70,1,0,1,0,0,0,0,0,0,7,100,0,9859,9859,8,5,40,1,0,1,1,0
1316826,2,2023,2023,7,2,5,82,27,7,34,0,1,1,-28.600503,153.05874,51,1,0,0,0,0,0,0,2,0,7,100,1,380,714,5,0,40,1,0,0,1,0
1316828,2,2023,2023,3,5,5,44,27,89,38,1,0,10,-33.867016,150.889496,24,0,2,1,1,0,3,4,2,1,7,60,1,6545,6545,4,10,25,2,0,0,1,1
1316830,2,2023,2023,4,2,6,6,31,27,144,0,1,7,-32.885778,151.77029,48,0,2,0,0,0,0,0,2,0,0,80,2,1850,1463,5,5,40,1,0,0,1,0
1316831,1,2023,2023,7,6,4,334,17,98,308,0,1,7,-30.981256,150.250928,51,2,1,1,2,0,0,0,2,0,0,50,2,6545,6545,4,5,0,2,0,0,0,1
1316834,2,2023,2023,0,5,7,481,17,113,483,0,1,9,-29.491797,149.851789,51,2,1,1,1,0,0,0,2,0,0,80,2,5929,5929,1,30,5,2,0,0,1,0
1316835,1,2023,2023,3,1,7,43,2,40,42,0,1,2,-33.735732,150.961622,71,0,2,1,0,0,0,0,2,0,7,70,2,1282,1282,1,10,5,2,0,0,0,1
1316839,1,2023,2023,3,6,9,485,27,323,769,0,1,9,-33.760166,150.991105,71,0,2,1,1,0,0,0,2,2,7,60,2,1669,1669,3,10,0,2,0,0,0,1
1316840,1,2023,2023,3,3,8,1,27,35,34609,0,1,1,-30.420148,152.856025,6,2,1,1,0,2,3,0,2,0,7,50,0,368,368,9,0,28,2,0,0,0,1
1316842,2,2023,2023,3,1,9,10,1,93,34609,0,1,1,-33.406655,149.607083,3,2,1,1,1,0,0,0,2,0,7,50,0,4026,4026,1,0,5,2,0,0,1,0
1316845,2,2023,2023,7,3,5,3371,17,77,3342,0,1,2,-33.041722,151.657229,37,0,2,0,1,0,0,0,2,0,7,60,2,1383,1383,1,5,5,2,0,0,1,0
1316847,2,2023,2023,7,0,7,1,1,9,34609,0,1,1,-35.321821,150.474201,63,2,1,1,0,0,0,0,2,0,7,50,0,1945,1945,5,22,40,1,0,0,1,0
1316850,1,2023,2023,7,3,10,2126,17,75,2149,0,1,2,-33.873528,151.126715,32,0,2,1,0,0,0,0,3,0,7,60,2,1383,1383,1,15,40,2,0,0,0,1
1316851,2,2023,2023,7,5,8,58,23,79,34609,0,1,1,-33.97942,151.115772,25,0,2,0,0,0,0,0,2,0,7,50,0,340,340,9,30,28,2,0,0,1,0
1316852,2,2023,2023,3,1,7,10,27,36,40,0,1,1,-33.527232,149.244556,51,2,1,1,1,0,0,3,2,0,7,50,2,9859,9859,8,5,40,1,0,0,1,0
1316853,1,2023,2023,7,5,4,68,27,157,67,1,2,1,-33.792887,151.000536,54,0,2,1,2,0,0,0,2,0,7,40,1,14295,14295,3,0,0,2,0,0,0,1
1316855,4,2023,2023,7,2,11,9,31,290,34609,0,1,10,-33.849862,150.990446,21,0,2,1,0,0,0,0,0,0,7,50,0,312,312,2,33,40,1,0,1,0,0
1316858,2,2023,2023,4,1,7,1,27,29,34609,0,1,1,-28.785356,153.59318,2,2,1,1,1,0,0,0,2,0,7,40,0,941,941,1,0,5,2,0,0,1,0
1316859,1,2023,2023,7,1,5,478,17,122,480,0,1,9,-33.432873,151.342178,16,2,2,0,1,0,3,4,2,2,7,60,2,2852,2852,4,5,36,2,0,0,0,1
1316860,4,2023,2023,7,6,6,8,27,4,34609,0,1,1,-33.35129,149.489981,3,1,0,0,0,0,3,4,2,0,7,100,0,1259,5151,8,10,40,1,0,1,0,0
1316861,4,2023,2023,7,1,5,55,36,8,43,0,1,1,-32.422248,150.313329,46,2,1,1,0,2,3,0,2,0,7,40,1,1945,1945,5,16,40,1,0,1,0,0
1316863,4,2023,2023,3,5,5,3371,17,63,3342,0,1,2,-28.182842,153.523256,72,1,0,0,1,0,0,0,2,0,7,100,2,14295,14295,3,30,13,2,0,1,0,0
1316864,4,2023,2023,4,5,2,72,31,44,62,0,1,9,-33.945844,151.150385,4,0,2,1,2,0,0,0,1,0,0,60,1,6545,6545,4,5,27,2,0,1,0,0
1316865,4,2023,2023,4,4,8,12,27,5,42,0,1,1,-35.122341,150.080438,58,1,0,0,0,0,0,3,2,0,7,100,1,3775,3775,0,10,5,2,0,1,0,1
1316868,4,2023,2023,7,3,5,2,18,13,34609,0,1,9,-34.112769,148.788623,30,2,1,1,0,2,0,0,2,0,7,80,0,9859,9859,8,16,40,1,0,1,0,0
1316875,2,2023,2023,3,4,7,39,27,169,34609,0,1,9,-33.778805,150.841161,7,0,2,1,1,0,0,0,2,0,15,50,0,1669,1669,3,5,0,2,0,0,1,0
1316876,4,2023,2023,7,5,4,481,17,96,483,0,1,1,-33.409025,147.973287,51,1,0,1,0,0,0,0,2,0,7,100,2,3775,3775,0,8,13,2,0,1,1,3
1316877,2,2023,2023,4,6,11,85,27,53,145,1,0,10,-33.802899,151.038547,54,0,2,0,2,0,0,0,0,2,0,60,2,926,926,4,0,19,2,0,0,1,0
1316879,2,2023,2023,4,3,0,3,27,1,6,0,1,1,-29.089647,153.395107,60,2,1,0,0,0,0,0,0,0,7,80,1,2585,4009,8,5,40,1,0,0,1,0
1316880,4,2023,2023,7,1,11,171,1,252,55,0,1,10,-33.876951,151.212087,69,0,2,0,2,0,0,0,0,2,7,40,1,1220,1220,9,5,28,3,0,1,0,0
1316882,2,2023,2023,3,0,5,69,31,93,34609,0,1,1,-36.079522,146.939686,0,2,1,1,1,0,0,0,2,0,7,40,0,1669,1669,3,9,5,2,0,0,1,0
1316888,4,2023,2023,7,2,6,10,27,14,34609,0,1,1,-33.137289,150.063648,40,1,0,0,0,0,0,3,2,0,7,100,0,4552,5151,8,16,40,1,0,1,0,0
1316891,1,2023,2023,7,4,6,125,27,155,75,0,1,10,-33.492794,151.315094,16,2,2,1,3,0,0,0,2,0,15,60,1,6545,6545,4,5,19,2,0,0,0,1
1316892,4,2023,2023,3,0,6,2,31,179,34609,0,1,1,-31.903094,152.455618,43,2,1,1,1,0,0,0,2,0,7,60,0,4026,4026,8,0,40,1,0,1,0,0
1316893,2,2023,2023,7,5,7,37,23,443,78,0,1,1,-33.908147,151.066379,67,0,2,1,0,0,3,4,2,0,7,60,2,9859,9859,1,5,23,4,0,0,1,0
1316894,2,2023,2023,0,1,7,178,31,41,34609,0,1,10,-31.086787,150.91358,70,2,1,1,1,0,0,0,2,0,0,50,0,6545,6545,4,0,13,2,0,0,1,0
1316899,2,2023,2023,7,5,6,165,31,112,34609,1,0,9,-33.609539,150.816446,29,2,2,1,0,0,0,0,2,0,7,40,0,3775,3775,0,22,5,2,0,0,1,0
1316901,2,2023,2023,4,5,7,109,27,44,169,0,1,1,-32.811412,151.426408,17,2,1,0,1,0,0,0,2,0,7,60,2,4552,5151,8,5,40,1,0,0,1,0
1316902,1,2023,2023,3,5,9,10,10,40,34609,0,1,1,-33.722608,150.956326,71,0,2,0,1,0,0,0,2,0,7,50,0,3775,3775,0,0,13,2,0,0,0,1