Crash ID,Degree of crash - detailed,Reporting year,Year of crash,Month of crash,Day of week of crash,Two-hour intervals,Street of crash,Street type,Town,Route no.,School zone location,School zone active,Type of location,Latitude,Longitude,LGA,Urbanisation,Conurbation 1,Alignment,Street lighting,Road surface,Surface condition,Weather,Natural lighting,Signals operation,Other traffic control,Speed limit,Road classification,RUM - code,DCA - code,First impact type,Key TU type,Other TU type,No. of traffic units involved,No. killed,No. seriously injured,No. moderately injured,No. minor-other injured
1316905,4,2023,2023,7,1,6,3,31,140,34609,0,1,9,-33.892632,150.997787,15,0,2,1,0,0,0,0,2,0,0,60,0,515,515,1,5,27,2,0,1,0,0
1316906,4,2023,2023,4,6,6,41,27,6,69,0,1,1,-34.428594,149.806846,74,1,0,1,0,0,0,0,2,0,7,100,1,1192,1192,1,16,19,2,0,2,0,0
1316907,1,2023,2023,7,2,8,18,31,215,34609,0,1,7,-35.113586,147.366645,75,2,1,1,1,0,0,0,2,0,0,50,0,6545,6545,4,5,27,2,0,0,0,1
1316908,2,2023,2023,7,6,9,16,31,134,34609,0,1,1,-33.684101,150.877582,7,0,2,1,0,0,0,3,3,0,7,50,0,941,941,1,10,5,2,0,0,1,0
1316909,4,2023,2023,7,1,4,1052,14,46,928,0,1,3,-33.298535,151.404495,16,1,2,1,1,0,3,4,2,0,7,110,2,14295,14295,3,5,0,3,0,1,0,0
1316912,4,2023,2023,3,0,11,3,27,562,34609,0,1,1,-32.304081,148.627005,22,1,0,1,0,0,0,0,0,0,7,100,0,9859,9859,8,5,40,1,0,1,0,0
1316913,2,2023,2023,4,1,11,104,27,443,702,0,1,9,-33.911313,151.063531,15,0,2,1,2,0,0,0,0,0,15,60,2,14295,14295,3,0,0,2,0,0,1,0
1316917,2,2023,2023,3,0,8,98,27,128,382,0,1,1,-33.641096,150.785412,29,2,2,1,0,0,0,0,2,0,7,80,2,3775,3775,0,34,13,3,0,0,1,0
1316919,2,2023,2023,3,0,3,95,1,87,34609,0,1,10,-34.061028,151.155445,68,0,2,1,1,0,0,0,2,0,0,50,0,1220,1220,9,5,28,2,0,0,1,0
1316926,4,2023,2023,7,2,10,6,36,65,34609,0,1,1,-33.807725,150.953667,21,0,2,1,0,0,0,0,0,0,7,50,0,9859,9859,1,10,5,3,0,1,0,0
1316927,4,2023,2023,7,1,6,42,31,646,34609,0,1,1,-33.915369,151.03055,15,0,2,1,0,0,0,0,2,0,7,50,0,340,340,9,5,28,2,0,1,0,0
1316928,1,2023,2023,7,3,6,1052,14,56,928,0,1,3,-33.002456,151.507461,37,0,2,1,0,0,0,0,2,0,7,110,2,4026,4026,8,5,40,1,0,0,0,1
1316932,2,2023,2023,7,5,3,71,36,30,61,0,1,1,-34.335771,146.040056,28,2,1,1,2,0,0,0,0,0,7,50,2,591,591,1,22,5,3,0,0,1,0
1316933,4,2023,2023,7,6,8,24,27,5,103,0,1,1,-28.668748,153.219811,39,2,1,0,0,0,0,0,3,0,7,80,1,3775,3775,0,5,5,2,0,1,0,0
1316938,2,2023,2023,4,0,6,162,31,532,24,0,1,10,-33.868777,151.204592,69,0,2,1,1,0,0,0,2,2,7,40,1,28,28,1,5,27,2,0,0,1,0
1316942,2,2023,2023,7,3,5,5,27,4,34609,0,1,1,-35.206256,148.903206,82,1,0,1,0,0,0,0,2,0,7,100,0,9859,9859,8,16,40,1,0,0,1,0
1316943,2,2023,2023,7,6,10,1,27,2,34609,0,1,1,-33.915729,148.876868,51,1,0,1,2,0,0,0,0,0,7,100,0,945,945,5,10,40,1,0,0,1,0
1316946,2,2023,2023,3,1,3,5,31,219,34609,0,1,1,-32.906303,151.69032,48,0,2,1,1,0,0,0,2,0,7,50,0,9859,9859,8,0,40,1,0,0,1,0
1316947,4,2023,2023,4,5,9,1,18,44,34609,0,1,1,-33.047902,147.162321,51,1,0,1,0,2,0,0,2,0,7,100,0,1945,1945,5,16,40,1,0,1,0,0
1316948,4,2023,2023,4,4,1,12,27,102,49,0,1,7,-31.107693,150.899525,70,2,1,1,2,0,0,0,0,0,0,60,1,6545,6545,4,22,5,2,0,1,0,0
1316950,4,2023,2023,4,2,6,15,31,99,30,0,1,10,-33.889329,151.274861,76,0,2,1,1,0,3,4,2,0,15,40,1,1945,1945,5,15,40,1,0,1,0,0
1316951,1,2023,2023,3,3,9,10,27,104,34,0,1,1,-33.84029,151.216481,49,0,2,1,1,0,0,0,2,0,7,50,1,9859,9859,8,0,40,1,0,0,0,1
1316952,1,2023,2023,4,6,2,205,27,45,415,0,1,10,-33.700813,151.212641,50,0,2,1,1,0,3,4,1,2,7,80,2,5929,5929,1,5,13,2,0,0,0,1
1316954,4,2023,2023,3,5,8,229,14,173,237,0,1,3,-33.780871,151.132056,61,0,2,1,1,0,0,0,2,0,7,100,2,14295,14295,3,10,13,5,0,1,0,0
1316955,2,2023,2023,3,6,8,251,14,139,124,0,1,3,-33.843604,151.211402,49,0,2,1,1,0,0,0,2,0,7,70,2,14295,14295,3,5,36,4,0,0,1,0
1316959,1,2023,2023,7,4,4,55,27,40,38,0,1,10,-33.949816,150.838633,41,0,2,1,1,0,0,0,2,2,7,80,2,591,591,1,22,5,2,0,0,0,1
1316961,2,2023,2023,7,3,6,213,17,13,213,0,1,1,-29.572021,150.304777,51,1,0,1,0,0,0,0,2,0,7,100,2,9859,9859,8,10,40,1,0,0,1,0
1316963,1,2023,2023,4,2,0,168,17,47,212,0,1,1,-35.256364,149.536231,58,1,0,1,1,0,0,0,0,0,7,100,2,9859,9859,8,30,40,1,0,0,0,1
1316965,2,2023,2023,3,0,4,512,17,562,441,0,1,10,-32.248295,148.593398,22,2,1,1,2,0,0,0,2,2,7,60,2,14295,14295,3,5,13,2,0,0,1,0
1316966,4,2023,2023,3,4,7,3,27,73,34609,0,1,9,-33.750634,150.812062,7,0,2,1,1,0,0,0,2,0,0,60,0,2852,2852,4,0,0,2,0,1,0,1
1316967,2,2023,2023,4,1,11,2,27,64,34609,0,1,1,-33.953709,150.998525,15,0,2,1,0,0,0,0,0,0,7,40,0,9859,9859,1,5,5,2,0,0,1,0
1316968,4,2023,2023,4,4,9,1,7,89,34609,0,1,9,-33.866057,150.872971,24,0,2,1,1,0,0,0,2,0,7,50,0,4026,4026,1,5,5,2,0,1,0,0
1316970,4,2023,2023,3,4,7,230,27,47,284,0,1,9,-33.809219,151.155814,38,0,2,1,1,0,0,0,2,0,0,60,2,5929,5929,1,0,25,2,0,1,0,0
1316971,4,2023,2023,4,4,6,26,27,92,25,0,1,9,-33.973347,150.827576,41,0,2,0,1,0,0,0,2,0,15,70,1,6545,6545,4,5,0,2,0,1,0,0
1316973,4,2023,2023,4,0,7,57,27,58,75,0,1,1,-33.456928,151.28512,16,2,2,1,0,0,0,0,2,0,7,80,1,1669,1669,3,5,5,2,0,1,0,1
1316975,2,2023,2023,4,3,6,2209,17,40,2205,0,1,2,-34.708797,150.839543,35,2,1,0,0,0,3,4,2,0,7,80,2,204,204,1,10,5,2,0,0,1,0
1316976,4,2023,2023,4,4,7,24,27,4,78,0,1,1,-33.567971,150.122336,40,2,1,1,0,0,0,0,2,0,7,80,2,3775,3775,0,10,5,2,0,3,0,0
1316977,4,2023,2023,4,6,8,2,27,53,34609,0,1,1,-31.84397,152.306636,43,2,1,0,0,0,3,4,2,0,7,80,0,4552,5151,8,10,40,1,0,2,0,0
1316980,4,2023,2023,4,6,8,478,17,35,480,0,1,9,-33.263553,151.560261,16,2,2,1,0,0,0,0,2,0,7,60,2,623,623,3,5,12,2,0,1,0,0
1316981,2,2023,2023,4,1,10,24,27,19,8,0,1,1,-28.892709,153.286234,39,2,1,1,0,0,3,4,0,0,7,80,1,475,475,5,0,40,1,0,0,1,0
1316982,4,2023,2023,4,1,8,3,7,9,34609,0,1,1,-34.008644,151.068889,68,0,2,0,1,0,0,0,2,0,7,50,0,3775,3775,0,5,5,2,0,1,3,0
1316983,4,2023,2023,3,0,7,1104,14,323,962,0,1,3,-33.791344,150.817376,7,0,2,1,0,0,0,0,2,0,7,110,2,368,368,9,5,28,4,0,1,1,0
1316984,2,2023,2023,3,1,10,39,1,337,34609,0,1,1,-33.747471,151.005683,71,0,2,1,2,0,0,0,0,0,7,50,0,9859,9859,1,5,5,3,0,0,1,0
1316986,2,2023,2023,4,4,6,2209,17,23,2205,0,1,9,-35.61199,150.255415,23,1,0,1,1,0,0,0,2,0,7,100,2,1669,1669,3,5,0,2,0,0,3,1
1316988,2,2023,2023,3,4,8,4,27,247,34609,1,0,9,-33.818423,150.951758,21,0,2,1,1,0,0,0,2,1,7,50,0,5929,5929,1,10,0,2,0,0,1,0
1316990,4,2023,2023,3,5,7,5,10,44,34609,0,1,1,-33.797742,150.882435,7,0,2,1,1,0,0,0,2,0,7,60,0,323,323,1,33,27,2,0,1,0,0
1316991,4,2023,2023,3,3,5,17,27,7,18,0,1,1,-35.124943,148.574124,82,2,1,0,0,2,0,0,2,0,7,80,1,1850,1463,5,16,40,1,0,1,0,0
1316993,2,2023,2023,4,0,10,222,31,131,212,0,1,10,-33.786777,151.181382,77,0,2,1,2,0,3,4,0,2,7,60,2,5929,5929,1,10,5,2,0,0,2,0
1316995,2,2023,2023,4,4,8,3,27,29,34609,0,1,9,-35.324586,150.424595,63,2,1,1,0,0,3,4,2,0,0,80,0,6545,6545,4,10,13,2,0,0,2,0
1316996,2,2023,2023,4,0,5,44,27,8,34609,0,1,1,-33.658442,150.913636,71,0,2,1,0,0,0,0,2,0,7,70,0,14295,14295,3,10,5,3,0,0,1,0
1316997,2,2023,2023,7,4,4,1104,14,104,962,0,1,3,-33.833299,151.024104,54,0,2,1,1,0,0,0,2,0,7,90,2,204,204,1,9,12,6,0,0,2,1
1316998,2,2023,2023,3,3,5,2209,17,201,2205,0,1,2,-34.868314,150.603189,63,2,1,1,1,0,0,0,2,0,7,60,2,190,190,1,5,0,2,0,0,1,0
1316999,2,2023,2023,7,1,11,59,27,252,41,0,1,10,-33.942241,150.867399,41,0,2,1,2,0,0,0,0,2,7,60,1,5929,5929,1,0,0,3,0,0,1,0
1317000,4,2023,2023,7,3,0,2261,17,284,2252,1,0,2,-33.905203,151.011479,15,0,2,1,2,0,0,0,0,0,7,70,2,9859,9859,8,5,40,2,0,1,1,0
1317004,2,2023,2023,3,0,6,8,31,128,34609,0,1,7,-33.623449,150.804323,29,2,2,1,0,0,0,0,2,0,0,50,0,6545,6545,4,0,0,2,0,0,3,0
1317005,2,2023,2023,4,1,2,224,27,102,321,0,1,2,-33.966529,151.225525,59,0,2,0,2,0,3,4,0,0,7,70,2,1957,4009,8,5,40,1,0,0,1,0
1317008,1,2023,2023,7,6,9,26,31,125,34609,0,1,9,-33.865672,151.082204,67,0,2,1,1,0,0,0,2,0,0,50,0,6545,6545,4,5,0,2,0,0,0,1
1317010,2,2023,2023,7,6,8,133,27,46,260,0,1,9,-32.913382,151.660796,48,0,2,1,1,0,0,0,2,2,7,70,2,5929,5929,1,5,5,3,0,0,1,0
1317014,4,2023,2023,7,2,11,2261,17,523,2252,0,1,10,-33.928542,150.918058,41,0,2,0,2,0,0,0,0,2,7,60,2,1669,1669,3,0,5,2,0,1,0,0
1317017,4,2023,2023,7,4,6,37,27,11,52,0,1,9,-34.039216,150.573778,79,2,2,0,0,0,0,0,2,0,0,80,1,515,515,1,16,12,2,0,1,0,0
1317019,4,2023,2023,7,3,8,77,27,16,58,0,1,1,-34.796432,150.569681,63,2,1,0,1,0,0,0,2,0,7,60,2,4552,5151,8,16,40,1,0,1,0,0
1317020,2,2023,2023,7,6,7,14,31,46,34609,0,1,1,-28.821179,153.290343,39,2,1,1,1,0,0,0,2,0,7,50,0,9859,9859,1,0,0,2,0,0,1,0
1317021,2,2023,2023,7,2,8,82,27,134,181,0,1,10,-33.891021,151.253378,76,0,2,1,1,0,3,4,3,2,7,50,2,256,256,4,5,0,3,0,0,1,1
1317023,2,2023,2023,7,4,10,15,27,56,18,0,1,1,-31.110386,152.861486,34,2,1,0,0,0,3,0,0,0,7,70,1,623,623,3,5,13,2,0,0,1,1
1317034,2,2023,2023,7,4,8,17,31,228,39,0,1,9,-34.755601,149.71142,26,2,1,0,1,0,3,4,2,0,0,50,2,2852,2852,4,5,0,2,0,0,1,0
1317035,2,2023,2023,3,3,8,2,27,2,34609,0,1,9,-31.914377,152.247066,43,1,0,1,0,2,0,0,2,0,0,100,0,775,775,4,30,5,2,0,0,2,0
1317041,2,2023,2023,3,1,10,14,1,49,18,0,1,10,-33.978265,151.145021,4,0,2,1,2,0,0,0,3,0,0,60,1,6545,6545,4,30,5,3,0,0,1,1
1317046,1,2023,2023,3,4,4,28,31,523,34609,0,1,1,-33.92484,150.926548,41,0,2,1,0,0,0,0,2,0,7,50,0,1192,1192,1,0,0,2,0,0,0,1
1317050,4,2023,2023,7,1,4,2,31,237,34609,0,1,7,-33.870907,150.954702,24,0,2,1,0,0,0,0,2,0,9,40,0,2040,2040,9,10,28,2,0,1,0,0
1317051,4,2023,2023,7,1,6,105,27,67,109,0,1,9,-33.877865,150.893476,24,0,2,1,1,0,0,0,2,2,7,60,1,2852,2852,4,0,5,2,0,1,0,0
1317052,4,2023,2023,7,2,8,118,27,646,118,0,1,10,-33.914483,151.034342,15,0,2,1,1,0,0,0,2,2,7,60,1,5929,5929,1,5,5,2,0,1,0,0
1317053,2,2023,2023,0,5,5,117,27,72,144,0,1,10,-33.85085,151.090211,14,0,2,1,0,0,0,0,2,0,15,60,2,6545,6545,4,9,5,2,0,0,1,0
1317054,4,2023,2023,7,2,2,110,27,445,40,0,1,2,-33.849248,151.054235,54,0,2,1,2,0,3,4,1,0,7,60,1,4026,4026,8,0,40,1,0,1,0,0
1317055,4,2023,2023,4,5,4,32,27,169,88,0,1,10,-33.623945,150.739887,29,2,2,1,0,0,0,0,2,0,0,80,2,6545,6545,4,0,36,2,0,1,1,0
1317056,2,2023,2023,4,6,8,2126,17,179,2149,0,1,2,-33.758756,150.720178,55,0,2,1,1,0,0,0,2,0,7,60,2,14295,14295,3,9,12,5,0,0,1,0
1317057,4,2023,2023,7,2,6,23,23,293,34609,0,1,9,-33.945646,151.257615,59,0,2,1,0,0,0,0,2,0,7,50,0,941,941,1,5,19,2,0,1,0,0
1317060,4,2023,2023,3,4,6,29,27,89,34609,0,1,1,-28.224125,153.545194,72,2,1,1,1,0,0,0,2,0,7,50,0,1981,1981,4,5,10,2,0,2,1,0
1317063,4,2023,2023,7,0,4,5,31,290,34609,0,1,9,-33.851781,151.000967,21,0,2,0,1,0,0,0,2,0,0,50,0,2040,2040,9,0,28,2,0,1,0,0
1317065,1,2023,2023,7,0,7,72,27,193,56,0,1,10,-33.796564,151.065263,61,0,2,1,1,0,0,0,2,2,7,60,2,14295,14295,3,0,0,3,0,0,0,1
1317068,4,2023,2023,4,3,9,126,1,226,144,0,1,9,-33.77205,150.815992,7,0,2,1,1,0,3,4,2,1,7,60,2,63,63,4,0,5,2,0,1,0,0
1317069,4,2023,2023,7,5,7,2,27,143,34609,0,1,1,-33.69411,151.089509,31,0,2,1,0,0,2,2,2,0,7,50,0,238,238,9,10,26,2,0,1,0,0
1317071,4,2023,2023,7,5,4,255,27,103,76,0,1,1,-32.938172,151.671245,37,0,2,1,0,0,0,0,2,0,7,60,1,1981,1981,4,30,19,2,0,1,0,0
1317076,2,2023,2023,0,5,7,3371,17,73,3342,1,2,9,-33.779241,151.169232,36,0,2,1,1,0,0,0,2,0,7,40,2,1220,1220,9,30,28,2,0,0,1,0
1317078,4,2023,2023,3,1,9,82,27,84,181,0,1,10,-33.893338,151.259766,76,0,2,1,0,0,0,0,2,0,7,50,2,1220,1220,9,5,28,2,0,1,0,0
1317080,4,2023,2023,7,5,5,3371,17,10,3342,0,1,2,-32.63579,152.03992,43,1,0,1,0,0,0,3,2,0,7,110,2,9859,9859,8,29,40,1,0,1,0,0
1317082,2,2023,2023,7,4,8,308,14,49,311,0,1,3,-33.914949,150.850431,41,0,2,1,1,0,0,0,2,0,7,100,2,14295,14295,3,5,0,3,0,0,1,0
1317086,4,2023,2023,7,3,4,42,27,10,34609,0,1,1,-31.474068,151.180732,70,1,0,0,0,2,3,1,2,0,7,100,0,4552,5151,8,16,40,1,0,1,0,0
1317087,4,2023,2023,7,1,3,2,27,7,34609,0,1,1,-34.473451,148.946592,30,2,1,1,0,2,0,0,1,0,7,80,0,220,220,8,8,40,1,0,1,0,0
1317089,4,2023,2023,4,2,8,4,1,363,34609,0,1,10,-33.743799,150.713832,55,0,2,1,1,0,0,0,2,0,0,50,0,2852,2852,4,5,19,2,0,1,0,0
1317091,4,2023,2023,3,3,7,35,31,90,262,0,1,10,-32.919001,151.742867,48,0,2,1,1,0,0,0,2,2,7,60,2,14295,14295,3,0,0,3,0,1,1,2
1317092,4,2023,2023,0,6,7,3371,17,32,3342,0,1,2,-32.95177,151.713089,48,0,2,0,1,0,0,0,2,0,7,60,2,14295,14295,3,5,5,4,0,1,0,0
1317095,4,2023,2023,3,4,3,193,27,32,41,0,1,1,-33.978901,151.123069,25,0,2,1,1,0,0,0,2,0,7,60,1,1981,1981,4,0,19,2,0,1,0,0
1317098,1,2023,2023,0,3,5,13,27,223,34609,0,1,1,-33.80155,150.920652,7,0,2,1,0,0,0,0,2,0,7,50,0,1981,1981,4,0,5,2,0,0,0,1
1317099,2,2023,2023,3,0,3,361,31,79,33,0,1,9,-33.965686,151.123099,4,0,2,1,0,0,0,0,2,0,15,50,1,5929,5929,1,9,18,2,0,0,1,0
1317102,2,2023,2023,3,0,5,24,27,4,78,0,1,1,-33.573278,150.12395,40,2,1,0,0,0,0,0,2,0,7,80,2,1259,5151,8,0,40,1,0,0,1,0
1317103,1,2023,2023,0,4,10,28,27,346,63,0,1,10,-33.875125,151.086557,67,0,2,1,2,0,0,0,0,2,7,50,1,5929,5929,1,5,5,2,0,0,0,1
1317104,1,2023,2023,7,6,4,127,31,77,34609,0,1,2,-30.327394,149.784287,51,2,1,1,0,0,0,0,2,0,7,50,0,312,312,2,0,40,1,0,0,0,1
1317105,4,2023,2023,7,0,9,18,36,73,34,0,1,1,-34.186107,150.603567,79,2,2,0,2,0,0,0,0,0,7,60,1,1850,1463,5,17,40,1,0,1,0,0
1317107,2,2023,2023,3,6,7,1104,14,142,962,0,1,3,-33.827012,151.004593,54,0,2,1,0,0,0,0,2,0,7,90,2,14295,14295,3,10,0,3,0,0,2,3
1317108,4,2023,2023,7,2,7,478,17,70,480,1,0,5,-33.436541,151.349335,16,2,2,1,1,0,0,3,2,0,15,60,2,5929,5929,1,30,5,2,0,1,1,0
1317109,2,2023,2023,7,3,5,251,14,139,124,0,1,3,-33.839751,151.210293,49,0,2,0,0,0,0,0,2,0,7,60,2,1259,5151,8,16,40,1,0,0,1,0
1317113,4,2023,2023,7,4,3,115,27,138,114,0,1,9,-33.882979,151.269311,76,0,2,1,0,0,0,0,2,0,7,50,2,2040,2040,9,5,28,2,0,1,0,0
1317116,1,2023,2023,0,2,7,53,27,155,51,0,1,9,-33.507058,151.319253,16,2,2,1,0,0,3,4,2,0,0,60,1,6545,6545,4,30,41,2,0,0,0,1
1317118,2,2023,2023,0,1,3,8,27,30,34609,0,1,9,-35.346947,149.206064,58,2,1,0,0,0,0,0,2,0,7,50,0,5929,5929,1,5,19,2,0,0,1,0
1317119,4,2023,2023,7,0,7,9,27,143,44,0,1,1,-33.714622,151.099317,31,0,2,0,1,0,0,0,2,0,7,60,1,1850,1463,5,5,40,1,0,1,0,0
1317123,4,2023,2023,7,6,8,2,7,69,34609,0,1,9,-33.780382,150.97555,54,0,2,0,1,0,0,0,2,0,0,50,0,5929,5929,1,10,19,3,0,1,0,0
1317128,2,2023,2023,7,4,4,31,27,304,34609,0,1,9,-33.906807,151.152899,32,0,2,1,1,0,0,0,2,0,0,50,0,2852,2852,4,5,5,2,0,0,1,0
1317134,4,2023,2023,7,1,11,294,17,26,288,0,1,1,-34.663709,146.176363,51,1,0,1,0,0,0,0,0,0,7,110,2,1089,1089,7,10,40,1,0,1,0,0
1317135,1,2023,2023,0,0,1,213,17,3,213,0,1,1,-29.537438,150.225182,51,1,0,1,0,0,0,0,0,0,7,100,2,945,945,5,3,40,1,0,0,0,1
1317137,1,2023,2023,7,5,7,11,27,150,34609,0,1,10,-33.92118,151.225299,59,0,2,1,0,0,0,0,2,0,15,50,0,256,256,4,5,27,2,0,0,0,1
1317140,2,2023,2023,4,3,7,2209,17,166,2205,0,1,9,-33.892162,151.187468,69,0,2,0,0,0,0,0,2,0,0,40,2,1192,1192,1,10,27,2,0,0,1,0
1317149,2,2023,2023,7,4,6,42,31,166,34609,1,0,10,-33.414871,149.56944,3,2,1,1,1,0,0,0,2,0,0,50,0,6545,6545,4,5,5,2,0,0,2,0
1317150,2,2023,2023,7,0,4,54,27,443,6,0,1,10,-33.899756,151.042943,15,0,2,1,1,0,0,0,2,2,7,60,2,2040,2040,9,10,28,2,0,0,1,0
1317153,1,2023,2023,3,0,3,5,27,90,34609,0,1,1,-33.79615,150.934207,7,0,2,0,1,0,0,0,2,0,7,50,0,1981,1981,4,0,0,2,0,0,0,1
1317160,4,2023,2023,0,2,5,61,27,53,208,0,1,9,-33.853535,150.959863,21,0,2,1,1,0,0,0,2,0,0,60,1,591,591,1,18,10,2,0,1,1,0
1317161,4,2023,2023,7,6,5,5,27,251,34609,0,1,9,-33.785539,150.92741,7,0,2,1,0,0,0,3,2,0,7,50,0,1850,777,5,15,40,1,0,1,0,0
1317162,2,2023,2023,0,2,10,61,31,92,45,1,0,9,-33.868432,150.969963,24,0,2,1,2,0,0,0,0,2,7,60,1,5929,5929,1,0,0,2,0,0,2,0
1317164,2,2023,2023,3,1,5,16,27,193,145,0,1,9,-33.794011,151.069039,61,0,2,1,0,0,0,0,2,0,7,60,2,926,926,4,0,0,3,0,0,1,0
1317168,1,2023,2023,0,1,4,23,23,48,34609,0,1,1,-28.249426,153.570911,72,2,1,1,1,0,0,0,2,0,7,50,0,3775,3775,0,30,13,2,0,0,0,1
1317172,4,2023,2023,0,1,6,829,27,124,770,0,1,9,-33.810823,151.033271,54,0,2,1,1,0,3,4,2,2,9,60,2,1945,1945,5,15,40,1,0,1,0,0
1317174,2,2023,2023,7,2,10,78,27,147,78,0,1,9,-33.869782,151.129375,14,0,2,1,2,0,0,0,0,0,7,50,2,9859,9859,1,30,5,2,0,0,1,0
1317175,2,2023,2023,7,2,9,8,27,26,34609,0,1,1,-33.070597,151.595515,37,0,2,0,0,0,0,0,2,0,7,50,0,4552,5151,8,16,40,1,0,0,1,0
1317177,1,2023,2023,7,4,5,1,1,134,34609,0,1,10,-33.530518,151.304227,16,2,2,1,0,0,0,0,2,0,7,50,0,926,926,4,33,27,2,0,0,0,1
1317178,2,2023,2023,7,0,6,18,36,3,19,0,1,1,-32.658368,148.785702,22,1,0,0,0,0,0,0,2,0,14,100,1,1850,1463,5,16,40,1,0,0,1,0
1317180,1,2023,2023,7,3,8,12,27,102,49,1,0,9,-31.111948,150.896477,70,2,1,1,1,0,0,0,2,0,0,60,1,926,926,4,8,12,2,0,0,0,1
1317182,1,2023,2023,7,1,7,2,31,169,382,0,1,1,-33.759895,150.83101,7,0,2,1,1,0,3,3,2,0,7,50,2,387,387,1,9,0,2,0,0,0,1
1317183,4,2023,2023,7,6,5,192,10,57,114,0,1,2,-33.462561,151.358155,16,2,2,0,1,0,0,0,2,0,7,60,2,1850,1463,5,16,40,1,0,1,0,0
1317189,2,2023,2023,0,3,7,134,10,363,133,0,1,2,-33.808679,151.023778,54,0,2,1,1,0,3,4,2,0,7,70,2,9859,9859,8,0,40,1,0,0,1,0
1317192,2,2023,2023,3,0,9,1104,14,323,962,0,1,3,-33.802186,150.887377,7,0,2,1,1,0,0,0,2,0,7,100,2,14295,14295,3,10,5,4,0,0,1,0
1317194,4,2023,2023,7,6,4,103,27,123,563,0,1,2,-33.821288,151.05174,54,0,2,1,0,0,0,0,2,0,7,70,2,14295,14295,3,5,5,3,0,1,0,0
1317196,4,2023,2023,3,1,8,17,27,26,39,0,1,1,-31.459903,150.594629,51,1,0,0,0,0,3,0,2,0,7,100,1,418,714,5,10,40,1,0,1,0,0
1317197,1,2023,2023,7,6,8,35,10,463,34609,0,1,2,-30.305533,153.131764,19,2,1,0,1,0,0,0,2,0,7,50,0,1981,1981,4,5,0,2,0,0,0,1
1317201,1,2023,2023,3,1,9,112,27,79,769,0,1,1,-33.578691,150.718364,29,2,2,1,1,0,0,0,2,0,7,60,2,1383,1383,1,5,10,2,0,0,0,1
1317204,2,2023,2023,7,3,6,3,1,83,34609,0,1,1,-33.911513,151.113318,15,0,2,1,0,0,0,0,2,0,7,50,0,9859,9859,1,0,0,2,0,0,1,0
1317206,1,2023,2023,0,3,6,71,31,78,103,0,1,1,-33.862771,151.009648,21,0,2,1,0,0,0,0,2,0,7,60,1,9859,9859,8,0,40,1,0,0,0,1
1317208,2,2023,2023,3,1,3,512,17,43,441,0,1,7,-32.555583,148.942567,22,2,1,1,1,0,0,0,2,0,0,50,2,6545,6545,4,10,27,2,0,0,1,0
1317209,4,2023,2023,0,6,4,43,27,18,46,0,1,7,-28.383786,153.567259,72,2,1,1,1,0,0,0,2,0,0,50,1,1957,777,8,5,40,1,0,1,0,0
1317211,1,2023,2023,7,2,4,12,31,284,34609,0,1,7,-33.911086,151.019771,15,0,2,1,1,0,0,0,2,0,0,50,0,2040,2040,9,10,28,2,0,0,0,1
1317213,4,2022,2022,2,4,8,30,31,68,34609,0,1,9,-33.87671,151.241854,81,0,2,1,1,0,0,0,2,0,9,40,0,2040,2040,9,5,28,2,0,1,0,0
1317214,4,2023,2023,7,3,9,5,1,133,34609,0,1,1,-33.928169,151.010214,15,0,2,1,2,0,0,0,0,0,7,50,0,1981,1981,4,0,27,2,0,1,0,0
1317218,2,2022,2022,1,6,7,36,27,7,39,0,1,1,-32.477446,148.987044,22,1,0,1,0,0,0,0,2,0,7,100,2,9859,9859,8,5,40,1,0,0,1,0
1317222,2,2023,2023,4,3,10,55,27,74,70,0,1,7,-33.724645,151.038593,31,0,2,0,2,0,0,0,0,0,0,60,2,2040,2040,9,5,28,2,0,0,1,0
1317224,4,2023,2023,0,4,4,387,36,115,69,0,1,9,-33.74846,151.224082,50,0,2,1,1,0,3,3,2,1,7,70,2,1945,1945,5,16,40,1,0,1,0,0
1317225,1,2023,2023,7,0,3,2209,17,10,2205,0,1,1,-36.374767,149.94184,5,1,0,1,0,0,0,1,0,0,7,100,2,1089,1089,7,8,40,1,0,0,0,1
1317226,4,2023,2023,7,0,9,11,31,63,34609,0,1,9,-28.186755,153.523132,72,2,1,1,2,0,3,4,3,0,0,50,0,2852,2852,4,10,19,2,0,1,0,0
1317228,4,2023,2023,7,1,0,18,36,4,19,0,1,1,-32.854175,148.516813,11,1,0,0,2,0,3,0,0,0,7,100,1,1850,1463,5,0,40,1,0,1,0,0
1317231,4,2023,2023,3,4,4,916,17,29,917,0,1,1,-31.10608,150.951239,70,2,1,1,0,0,0,0,2,0,7,70,2,1945,1945,5,16,40,1,0,1,0,0
1317232,4,2023,2023,4,4,11,4,31,83,37,0,1,1,-33.915212,151.116604,15,0,2,1,2,0,0,0,0,0,7,50,1,5929,5929,1,5,19,2,0,1,0,0
1317234,2,2023,2023,7,4,4,34,31,28,25,0,1,9,-35.366668,149.233345,58,2,1,0,0,0,0,0,2,0,0,60,1,186,186,1,9,13,2,0,0,1,0
1317236,2,2023,2023,3,5,4,191,27,370,68,0,1,9,-34.052936,150.822982,13,0,2,1,1,0,0,0,2,0,0,60,1,2852,2852,4,9,0,2,0,0,1,0
1317237,1,2023,2023,4,2,5,11,1,337,30,0,1,10,-33.730092,151.008658,71,0,2,1,1,0,0,0,2,2,7,60,2,5929,5929,1,5,0,2,0,0,0,2