Crash ID,Degree of crash - detailed,Reporting year,Year of crash,Month of crash,Day of week of crash,Two-hour intervals,Street of crash,Street type,Town,Route no.,School zone location,School zone active,Type of location,Latitude,Longitude,LGA,Urbanisation,Conurbation 1,Alignment,Street lighting,Road surface,Surface condition,Weather,Natural lighting,Signals operation,Other traffic control,Speed limit,Road classification,RUM - code,DCA - code,First impact type,Key TU type,Other TU type,No. of traffic units involved,No. killed,No. seriously injured,No. moderately injured,No. minor-other injured
1317239,4,2023,2023,4,1,11,251,27,17,212,0,1,2,-33.768201,151.205221,50,0,2,1,2,0,3,4,0,0,7,80,2,9859,9859,8,5,40,1,0,1,0,0
1317241,2,2023,2023,3,4,7,3371,17,30,3342,0,1,1,-33.274844,151.429387,16,2,2,1,1,0,0,0,2,0,7,70,2,14295,14295,3,8,0,4,0,0,2,0
1317242,4,2023,2023,3,0,8,72,31,176,62,1,0,1,-33.951048,151.148488,4,0,2,1,0,0,0,0,2,0,7,60,1,1109,397,1,5,19,3,0,1,0,0
1317243,2,2023,2023,3,4,8,14,27,115,34609,0,1,1,-33.750354,151.237688,50,0,2,1,0,0,0,0,2,0,7,50,0,340,340,9,0,28,2,0,0,1,0
1317245,1,2023,2023,7,2,10,4,27,44,34609,0,1,1,-35.303477,147.768029,75,1,0,0,0,0,0,0,0,0,7,100,0,4552,5151,8,23,40,1,0,0,0,1
1317246,4,2023,2023,7,5,8,829,27,149,770,0,1,9,-33.866956,151.175378,32,0,2,0,1,0,0,0,2,2,7,60,2,1282,1282,1,30,18,2,0,1,0,0
1317247,2,2023,2023,3,5,3,2,10,25,34609,0,1,1,-33.619694,150.83772,29,2,2,1,1,0,0,0,2,0,7,50,0,9859,9859,1,0,5,3,0,0,1,0
1317248,4,2023,2023,7,1,9,27,27,54,65,0,1,9,-33.696617,150.990434,71,0,2,1,2,0,0,0,3,0,7,60,1,1669,1669,3,5,5,2,0,1,0,0
1317250,4,2023,2023,3,1,6,3371,17,108,3342,0,1,2,-33.814164,151.177445,77,0,2,1,0,0,0,0,2,0,7,60,2,2040,2040,9,10,28,2,0,1,0,0
1317251,4,2023,2023,7,3,11,1052,14,46,928,0,1,3,-33.303437,151.402476,16,1,2,1,2,0,0,0,0,0,7,110,2,14295,14295,3,9,10,2,0,1,0,0
1317252,2,2023,2023,3,5,8,97,27,166,799,0,1,10,-33.92968,150.980369,15,0,2,1,1,0,0,0,2,1,7,70,2,1282,1282,1,5,19,2,0,0,1,0
1317253,4,2023,2023,7,5,8,515,14,38,518,0,1,3,-33.943633,151.071735,15,0,2,1,0,0,0,0,2,0,7,80,2,14295,14295,3,8,0,5,0,1,1,0
1317256,4,2023,2023,7,4,6,92,27,21,36,0,1,9,-35.73279,150.20049,23,2,1,0,1,0,0,0,2,0,15,50,1,2852,2852,4,0,0,2,0,1,0,0
1317257,2,2023,2023,3,0,4,229,14,173,237,0,1,3,-33.767717,151.114594,61,0,2,0,0,0,0,0,2,0,7,100,2,1282,1282,1,0,5,2,0,0,1,1
1317259,2,2023,2023,3,2,7,3371,17,37,3342,0,1,9,-33.021509,151.666561,37,0,2,1,0,0,0,0,2,2,7,60,2,1945,1945,5,16,40,1,0,0,1,0
1317261,2,2023,2023,3,2,4,27,1,132,148,0,1,1,-34.143546,150.998987,68,0,2,0,0,0,0,0,2,0,7,60,2,782,957,5,16,40,1,0,0,1,0
1317265,2,2023,2023,3,6,8,15,7,72,34609,0,1,1,-34.012023,151.001757,68,0,2,0,0,0,0,0,3,0,7,50,0,1282,1282,1,0,19,2,0,0,1,0
1317267,4,2023,2023,7,1,4,45,27,304,96,1,2,1,-33.905317,151.15699,32,0,2,1,1,0,0,0,2,0,7,40,2,1220,1220,9,0,28,2,0,1,0,0
1317269,4,2023,2023,7,0,8,78,27,8,228,0,1,1,-32.963565,151.133905,17,2,1,0,0,0,0,0,2,0,7,80,1,3775,3775,0,21,13,2,0,1,1,0
1317271,4,2023,2023,4,0,8,192,31,316,120,1,0,10,-33.921417,151.240277,59,0,2,1,0,0,0,0,2,2,7,50,2,186,186,9,9,28,2,0,1,0,0
1317273,1,2023,2023,7,5,7,2,27,172,34609,0,1,1,-32.759894,151.589332,42,2,1,1,1,0,0,0,2,0,7,50,0,1981,1981,4,5,19,2,0,0,0,1
1317277,2,2023,2023,3,1,10,2261,17,14,2252,0,1,2,-34.807418,149.558074,26,1,0,1,0,0,0,0,0,0,7,110,2,1109,787,1,5,2,2,0,0,1,0
1317279,4,2023,2023,3,1,9,361,31,98,793,0,1,10,-33.738741,151.072268,31,0,2,1,2,0,0,0,2,2,7,70,2,1220,1220,9,0,28,2,0,1,0,0
1317281,4,2023,2023,3,5,7,2,27,17,34609,0,1,1,-33.452743,149.818216,3,1,0,0,0,2,0,0,2,0,7,100,0,3775,3775,0,21,5,2,0,1,0,0
1317282,2,2023,2023,3,2,11,133,10,25,121,0,1,1,-31.547877,152.85421,56,2,1,0,2,0,0,0,0,0,7,50,1,368,368,9,0,26,2,0,0,1,0
1317284,2,2023,2023,7,2,9,2126,17,363,2149,1,0,10,-33.818549,150.996413,54,0,2,1,2,0,0,0,3,2,7,60,2,214,214,9,33,28,2,0,0,1,0
1317285,1,2023,2023,4,5,6,5,2,134,34609,0,1,9,-33.991829,150.794571,12,0,2,1,1,0,0,0,2,0,7,50,0,14295,14295,3,0,5,2,0,0,0,1
1317287,2,2023,2023,7,2,3,22,10,13,13,0,1,7,-33.868194,151.141692,14,0,2,1,0,0,0,0,1,0,0,50,1,6545,6545,4,0,27,2,0,0,1,0
1317288,1,2023,2023,7,1,8,69,23,193,34609,0,1,1,-33.793166,151.08315,61,0,2,1,1,0,0,0,2,0,7,50,0,30,30,9,5,28,2,0,0,0,1
1317290,2,2023,2023,3,4,8,1,7,172,34609,0,1,1,-32.744093,151.594156,42,2,1,1,0,0,0,0,2,0,7,50,0,1282,1282,1,5,5,4,0,0,1,0
1317291,4,2023,2023,4,6,8,5,31,87,103,0,1,1,-28.807971,153.27969,39,2,1,1,1,0,0,3,2,0,7,50,1,1282,1282,1,16,40,1,0,1,0,0
1317292,4,2023,2023,3,3,10,101,10,41,34609,0,1,1,-35.127218,147.374859,75,2,1,0,0,0,0,0,0,0,7,50,0,2585,4009,8,10,40,1,0,1,0,0
1317298,1,2023,2023,0,3,4,79,31,82,34609,0,1,9,-31.081241,150.934579,70,2,1,0,1,0,0,0,2,0,7,50,0,782,957,5,5,40,1,0,0,0,1
1317299,2,2023,2023,7,2,7,40,31,219,262,0,1,2,-32.907533,151.664612,48,0,2,1,0,0,0,0,2,0,7,60,2,1282,1282,1,5,19,2,0,0,1,0
1317300,4,2023,2023,7,4,5,48,27,70,166,0,1,10,-33.254771,151.498462,16,2,2,1,0,0,0,0,2,0,0,50,2,2585,777,8,16,40,1,0,1,0,0
1317303,2,2023,2023,7,5,6,55,36,22,95,0,1,1,-33.192092,148.501806,11,1,0,0,0,0,0,0,2,0,7,100,2,4552,5151,8,5,40,1,0,0,1,0
1317306,2,2023,2023,7,6,8,22,31,463,34609,1,2,1,-30.299724,153.114429,19,2,1,0,0,0,0,0,2,0,7,40,0,2040,2040,9,5,28,2,0,0,2,0
1317308,2,2023,2023,7,2,10,8,27,29,34609,0,1,1,-33.741953,150.791025,7,0,2,1,2,0,0,0,0,0,7,50,0,4026,4026,8,5,40,1,0,0,1,0
1317309,4,2023,2023,7,6,0,296,27,92,293,0,1,2,-33.872762,150.983755,24,0,2,1,2,0,0,0,0,0,7,70,2,9859,9859,8,5,40,1,0,1,0,0
1317310,4,2023,2023,7,6,10,2126,17,75,2149,0,1,2,-33.70944,150.353186,8,2,2,1,2,0,3,4,0,0,7,80,2,14295,14295,3,0,5,2,0,1,0,0
1317314,2,2023,2023,0,2,11,6,31,207,34609,0,1,10,-31.942702,141.455781,51,2,1,1,2,0,0,0,0,0,15,50,0,6545,6545,4,30,5,2,0,0,1,0
1317317,4,2023,2023,7,0,6,133,27,20,260,0,1,2,-32.934924,151.63071,37,0,2,1,1,0,0,0,2,0,7,60,2,515,515,1,5,19,2,0,1,0,0
1317318,2,2023,2023,3,1,5,109,27,323,382,1,0,9,-33.785897,150.853182,7,0,2,1,1,0,0,0,2,2,7,60,2,5929,5929,1,5,5,2,0,0,1,0
1317322,4,2023,2023,3,3,3,48,10,316,121,0,1,2,-31.428908,152.883036,56,2,1,1,0,0,0,0,2,0,7,60,1,14295,14295,3,33,27,2,0,1,0,0
1317327,1,2023,2023,3,0,8,6,31,204,34609,0,1,1,-33.89459,150.948641,24,0,2,1,1,0,0,0,2,0,7,50,0,18,18,2,0,5,2,0,0,0,1
1317329,2,2023,2023,7,0,7,916,17,12,917,0,1,1,-31.123737,150.9888,70,2,1,1,0,0,0,0,2,0,7,60,2,3775,3775,0,0,13,2,0,0,1,1
1317331,4,2023,2023,3,0,6,346,17,35,332,0,1,9,-28.817611,153.26574,39,2,1,1,1,0,0,0,2,0,7,60,2,1945,1945,5,16,40,1,0,1,0,0
1317335,4,2023,2023,7,2,8,230,27,100,284,0,1,10,-33.812402,151.170924,38,0,2,1,0,0,0,0,2,2,7,60,2,1220,1220,9,5,28,2,0,1,1,0
1317340,4,2023,2023,3,0,6,280,10,237,240,1,0,9,-33.867604,150.957061,24,0,2,0,0,0,0,0,2,2,7,60,2,1220,1220,9,10,28,2,0,1,0,0
1317341,2,2023,2023,7,0,5,1,27,43,34609,0,1,1,-33.581493,150.877177,29,2,2,1,0,0,0,0,2,0,7,70,0,9859,9859,8,5,40,1,0,0,1,1
1317342,2,2023,2023,0,3,8,27,27,12,39,0,1,7,-31.126602,150.994231,70,2,1,1,0,0,0,0,2,0,0,60,1,6545,6545,4,0,19,2,0,0,1,0
1317347,4,2023,2023,7,4,3,7,31,134,34609,0,1,10,-33.669204,150.860959,7,0,2,1,0,0,0,0,2,0,0,50,0,6545,6545,4,10,0,3,0,1,1,1
1317348,4,2023,2023,7,5,3,38,27,78,38,0,1,1,-33.398629,151.45132,16,2,2,1,1,0,0,0,2,0,7,60,1,1669,1669,3,19,0,3,0,2,0,0
1317350,4,2023,2023,7,5,0,3371,17,39,3342,0,1,2,-29.786442,153.02992,18,1,0,1,2,0,0,0,0,0,7,110,2,9859,9859,8,5,40,1,0,1,0,0
1317351,2,2023,2023,7,2,7,2126,17,77,2149,0,1,9,-33.884491,151.194739,69,0,2,1,1,0,0,0,2,2,7,50,2,2040,2040,9,15,28,2,0,0,2,0
1317352,4,2023,2023,3,3,4,3371,17,207,3342,0,1,1,-33.560608,151.189144,31,0,2,0,0,0,0,0,2,0,7,80,2,1192,1192,1,16,27,2,0,2,0,0
1317353,4,2023,2023,7,0,6,5,1,14,34609,0,1,1,-33.974804,151.13172,25,0,2,1,0,0,0,0,2,0,7,50,0,9859,9859,1,0,5,2,0,1,0,0
1317357,4,2023,2023,7,1,5,1,10,120,34609,0,1,1,-33.751062,150.868893,7,0,2,1,1,0,3,4,2,0,7,50,0,9859,9859,1,0,0,3,0,1,0,0
1317358,2,2023,2023,7,4,8,154,27,293,244,0,1,9,-33.922007,151.059966,15,0,2,1,0,0,0,0,2,0,0,60,2,2852,2852,4,5,5,2,0,0,1,0
1317360,2,2023,2023,7,1,3,220,14,78,220,0,1,3,-34.465639,150.845649,80,0,2,1,0,0,3,4,2,0,7,100,2,4026,4026,8,10,40,1,0,0,1,0
1317361,1,2022,2022,5,3,5,24,27,9,24,0,1,1,-28.311177,153.291687,72,2,1,0,0,0,0,0,2,0,7,80,1,1850,1463,5,16,40,1,0,0,0,1
1317363,2,2022,2022,2,1,3,13,27,210,7,0,1,9,-34.032413,151.103577,68,0,2,1,0,0,0,0,2,0,7,50,1,5929,5929,1,22,36,2,0,0,1,0
1317366,4,2023,2023,7,3,3,1,31,202,34609,0,1,1,-33.945057,151.026289,15,0,2,0,1,0,0,3,2,0,7,50,0,4552,5151,1,5,0,3,0,1,0,0
1317368,2,2023,2023,7,1,6,348,17,14,232,0,1,1,-33.132872,149.968586,40,1,0,0,0,0,3,4,2,0,7,100,2,4552,5151,8,5,40,1,0,0,1,0
1317372,4,2023,2023,7,2,5,3371,17,35,3342,0,1,9,-29.935033,153.094344,18,1,0,1,1,0,0,0,2,0,4,110,2,2585,777,8,16,40,1,0,1,0,0
1317373,2,2023,2023,7,4,4,334,17,41,3342,0,1,7,-31.462553,152.819814,56,2,1,0,0,0,0,0,2,0,0,60,2,2852,2852,4,0,0,2,0,0,1,0
1317374,4,2023,2023,7,1,5,31,27,85,41,0,1,9,-33.721671,151.142123,36,0,2,0,1,0,0,0,2,0,0,50,1,2852,2852,4,5,0,2,0,1,0,0
1317388,2,2023,2023,7,0,9,44,27,253,53,0,1,10,-33.95356,151.10534,4,0,2,1,0,0,0,0,2,0,0,60,1,926,926,4,5,5,2,0,0,1,1
1317394,4,2023,2023,3,5,4,9,10,11,29,0,1,1,-32.924154,151.680051,48,0,2,1,1,0,0,3,2,0,7,60,1,1981,1981,4,5,19,2,0,1,0,0
1317398,2,2023,2023,7,1,4,225,17,76,180,0,1,1,-34.549093,150.372186,78,2,1,1,0,0,3,3,2,0,7,50,2,1220,1220,9,34,28,2,0,0,1,0
1317399,2,2023,2023,0,2,7,5,31,64,46,1,0,10,-33.481648,150.159169,40,2,1,1,1,0,0,3,2,0,0,50,2,6545,6545,4,5,5,2,0,0,1,0
1317400,2,2023,2023,7,6,5,153,27,290,147,0,1,9,-33.949123,151.11285,4,0,2,1,0,0,0,0,2,0,7,60,2,2852,2852,4,5,0,2,0,0,1,0
1317403,2,2023,2023,0,0,11,17,31,460,92,0,1,10,-33.833849,150.992175,21,0,2,1,3,0,2,6,0,2,7,60,1,6545,6545,4,5,0,3,0,0,1,0
1317405,2,2023,2023,0,6,8,19,31,85,34609,1,0,3,-32.932542,151.729612,48,0,2,0,2,0,0,0,0,0,7,50,0,4552,5151,1,5,6,2,0,0,1,0
1317410,4,2023,2023,7,5,8,31,27,136,101,0,1,2,-32.918846,151.724328,48,0,2,1,0,0,3,4,2,0,7,60,2,5929,5929,1,5,0,2,0,1,2,0
1317411,4,2023,2023,7,0,3,4,31,219,34609,0,1,10,-32.89279,151.666204,48,0,2,1,1,0,0,0,2,0,0,50,0,6545,6545,4,9,0,2,0,1,0,0
1317414,4,2023,2023,7,6,8,12,31,87,34609,0,1,1,-28.805188,153.288761,39,2,1,1,1,0,0,0,2,0,7,50,0,18,18,2,10,5,2,0,1,0,0
1317415,2,2022,2022,2,2,6,361,23,79,165,0,1,9,-33.968523,151.124534,25,0,2,1,1,0,0,0,2,2,7,50,1,2040,2040,9,0,28,2,0,0,1,0
1317417,2,2023,2023,7,6,10,51,27,26,45,1,0,2,-33.743052,150.814295,7,0,2,1,1,0,0,0,3,0,7,60,1,515,515,1,5,19,2,0,0,1,0
1317420,1,2023,2023,4,6,11,36,31,106,34609,0,1,9,-33.918884,151.091463,15,0,2,1,2,0,0,0,0,0,7,50,0,186,186,1,5,5,2,0,0,0,1
1317421,4,2023,2023,7,1,4,77,31,64,563,0,1,9,-33.885729,151.039766,21,0,2,1,0,0,3,4,2,0,0,80,2,5929,5929,1,0,0,2,0,1,1,0
1317427,1,2023,2023,7,2,7,42,23,78,34609,0,1,9,-28.340072,153.359684,72,2,1,1,1,0,0,0,2,0,7,50,0,2040,2040,9,10,26,2,0,0,0,1
1317428,2,2023,2023,0,2,7,21,10,89,34609,0,1,9,-28.224068,153.526332,72,2,1,1,0,0,0,0,2,0,0,60,0,5929,5929,1,0,13,2,0,0,1,3
1317429,2,2023,2023,3,2,5,41,27,228,69,0,1,1,-34.713392,149.755413,26,2,1,0,0,0,0,0,2,0,7,60,1,1850,1463,5,16,40,1,0,0,1,0
1317432,4,2023,2023,7,6,5,27,1,132,148,0,1,1,-34.145266,151.00352,68,0,2,1,0,0,0,0,2,0,7,60,2,1945,1945,5,16,40,1,0,1,0,0
1317437,4,2023,2023,7,3,9,1,27,16,34609,0,1,1,-30.129031,152.653529,18,1,0,1,0,2,3,4,2,0,7,100,0,1945,1945,5,16,40,1,0,1,0,0
1317438,2,2023,2023,7,6,7,60,10,121,84,0,1,2,-28.203504,153.544384,72,2,1,1,1,0,0,0,2,0,7,60,1,340,340,9,33,28,2,0,0,1,0
1317440,2,2023,2023,4,5,4,1,1,337,34609,0,1,1,-33.729234,150.997364,71,0,2,1,1,0,0,0,2,0,7,50,0,9859,9859,1,5,0,2,0,0,1,0
1317442,4,2023,2023,0,5,4,19,27,182,174,0,1,10,-32.824611,151.352772,17,2,1,1,1,0,0,0,2,0,15,50,2,6545,6545,4,5,0,3,0,1,0,0
1317443,4,2023,2023,7,4,7,59,10,89,34609,0,1,0,-33.902242,151.239344,59,0,2,1,0,0,0,0,2,0,7,30,0,941,941,1,0,27,2,0,1,0,0
1317444,2,2023,2023,3,2,5,48,27,51,166,0,1,1,-33.252267,151.490094,16,2,2,1,0,0,0,0,2,0,7,50,2,9859,9859,8,5,40,1,0,0,1,0
1317445,4,2023,2023,7,0,4,72,27,121,102,0,1,1,-33.796723,151.284068,50,0,2,1,1,0,0,0,2,0,7,60,2,941,941,1,5,18,2,0,1,0,0
1317448,4,2023,2023,7,0,4,13,27,173,12,0,1,1,-33.72824,151.110534,36,0,2,1,0,0,0,0,2,0,7,50,1,9859,9859,8,5,40,1,0,1,0,0
1317449,2,2023,2023,7,0,3,4,1,109,34609,0,1,7,-33.961754,150.850208,41,0,2,1,1,0,0,0,2,0,0,50,0,6545,6545,4,22,5,2,0,0,1,0
1317453,2,2023,2023,7,2,9,7,31,107,157,0,1,7,-29.691645,152.93828,18,2,1,1,0,0,3,4,2,0,0,50,2,6545,6545,4,30,5,2,0,0,1,0
1317455,2,2023,2023,3,5,10,478,17,89,480,0,1,9,-33.389353,151.473209,16,2,2,1,2,0,3,4,0,2,7,60,2,5929,5929,1,0,5,2,0,0,1,0
1317456,2,2023,2023,7,3,7,65,27,202,563,0,1,2,-33.939235,151.035893,15,0,2,1,1,0,0,0,2,0,7,70,2,14295,14295,3,5,5,3,0,0,2,1
1317460,4,2022,2022,9,0,5,5,27,3,6,0,1,10,-30.9481,149.918678,51,1,0,1,0,0,0,0,2,0,0,100,1,6545,6545,4,10,13,2,0,1,0,0
1317462,4,2023,2023,7,5,8,2,31,609,34609,0,1,1,-33.760554,150.890873,7,0,2,0,0,0,0,0,2,0,7,50,0,4552,5151,1,15,36,2,0,2,0,0
1317463,2,2023,2023,7,2,1,133,17,55,121,1,0,1,-36.219424,149.13385,65,2,1,0,1,0,2,6,0,0,7,80,2,2585,4009,8,5,40,1,0,0,1,0
1317465,4,2023,2023,7,2,5,330,27,147,605,0,1,2,-33.745989,151.292388,50,0,2,1,1,0,0,0,2,0,7,60,2,190,190,1,22,25,2,0,1,0,0
1317467,2,2023,2023,7,3,5,107,22,346,144,1,0,1,-33.878451,151.0931,9,0,2,1,0,0,0,0,2,0,9,60,2,2040,2040,9,0,28,2,0,0,1,0
1317468,2,2023,2023,0,1,5,14,31,283,34609,0,1,1,-33.841294,151.009525,21,0,2,1,0,0,0,0,2,0,7,50,0,623,623,3,30,0,2,0,0,1,1
1317469,1,2023,2023,7,5,7,21,31,65,34609,0,1,7,-33.694292,151.288999,50,0,2,1,2,0,3,4,2,0,0,50,0,1945,1945,5,15,40,1,0,0,0,1
1317471,4,2023,2023,0,5,5,12,31,176,34609,0,1,9,-33.966142,151.132963,25,0,2,1,0,0,0,0,2,0,7,50,0,2040,2040,9,5,28,2,0,1,0,0
1317472,4,2023,2023,7,1,8,44,31,48,34609,0,1,10,-32.917823,151.748608,48,0,2,1,1,0,0,0,2,0,0,50,0,6545,6545,4,5,19,2,0,1,0,0
1317473,1,2023,2023,7,1,3,36,31,56,70,0,1,2,-33.762016,150.78106,55,0,2,1,1,0,0,0,2,0,7,60,1,591,591,1,22,5,2,0,0,0,1
1317474,4,2023,2023,7,6,11,117,27,78,144,0,1,10,-33.857372,151.091932,14,0,2,1,0,0,0,0,0,0,7,60,2,190,190,1,5,0,2,0,1,0,0
1317477,4,2022,2022,2,3,9,512,31,24,34609,0,1,1,-32.905524,151.787659,48,0,2,1,0,0,3,3,3,0,7,50,0,340,340,9,34,28,2,0,1,0,0
1317479,2,2023,2023,3,4,4,23,10,64,101,1,2,2,-32.938888,151.712155,48,0,2,1,1,0,0,0,2,0,7,40,2,1981,1981,4,5,27,2,0,0,1,0
1317481,2,2023,2023,7,3,5,41,10,117,34609,0,1,6,-28.181399,153.538056,72,2,1,0,1,0,0,0,2,0,7,60,0,2585,4009,8,5,40,1,0,0,1,0
1317484,4,2023,2023,3,2,7,14,27,20,34609,0,1,1,-33.494374,150.718203,29,2,2,0,0,0,0,0,2,0,7,80,0,1957,4009,8,5,40,1,0,1,0,0
1317485,4,2023,2023,7,6,6,1104,14,125,962,0,1,3,-33.861803,151.081817,67,0,2,1,2,0,0,0,2,0,7,80,2,1282,1282,1,29,5,2,0,1,0,0
1317488,1,2023,2023,7,0,4,1,27,3,34609,0,1,1,-35.833647,145.754012,51,1,0,1,0,2,0,0,2,0,7,100,0,404,404,8,31,40,1,0,0,0,1
1317489,2,2023,2023,4,6,5,3371,17,92,3342,0,1,9,-33.411133,151.346405,16,2,2,1,0,0,0,0,2,0,7,60,2,1109,787,1,5,13,2,0,0,1,0
1317490,2,2023,2023,7,5,11,2261,17,284,2252,0,1,2,-33.908753,151.029354,15,0,2,0,2,0,3,4,0,0,7,60,2,623,623,3,5,5,2,0,0,2,1
1317495,1,2023,2023,0,6,5,1,7,43,34609,0,1,1,-33.731115,150.789087,7,0,2,1,1,0,0,0,2,0,7,50,0,312,312,2,5,40,1,0,0,0,1
1317496,4,2023,2023,0,6,5,17,27,106,157,0,1,10,-28.846789,153.039734,60,2,1,1,1,0,0,0,2,0,15,50,2,6545,6545,4,5,36,3,0,1,1,0
1317498,2,2022,2022,9,2,8,2209,17,176,2205,0,1,9,-33.955226,151.137703,4,0,2,1,1,0,0,0,2,2,7,60,2,6545,6545,4,30,5,2,0,0,1,0
1317507,2,2023,2023,7,2,8,27,36,29,27,0,1,1,-31.916115,149.666502,51,1,0,0,0,0,0,0,2,0,7,100,1,380,714,5,10,40,1,0,0,1,0
1317511,2,2023,2023,4,4,9,5,9,323,34609,0,1,1,-33.740256,150.983061,71,0,2,1,1,0,0,0,2,0,7,50,0,220,220,8,0,40,1,0,0,1,0
1317516,2,2023,2023,0,2,8,15,27,4,34609,0,1,1,-33.196574,149.155626,11,1,0,0,0,0,0,0,2,0,7,100,0,4552,5151,8,5,40,1,0,0,1,0
1317517,2,2023,2023,7,2,7,346,17,103,332,0,1,9,-28.814729,153.315023,39,2,1,1,1,0,0,0,2,0,7,60,2,14295,14295,3,5,5,3,0,0,2,0
1317527,2,2023,2023,3,1,5,3,27,12,10,0,1,1,-36.777711,149.615151,5,1,0,0,0,2,0,0,2,0,7,100,1,2585,4009,8,9,40,1,0,0,2,0
1317528,4,2023,2023,4,1,7,1104,14,74,962,0,1,3,-33.770072,150.667002,55,0,2,1,2,0,3,4,2,0,7,110,2,4026,4026,8,10,40,2,0,1,0,0
1317531,2,2023,2023,4,5,8,178,31,36,34609,0,1,1,-33.800118,151.020571,54,0,2,1,1,0,0,0,2,0,7,50,0,9859,9859,1,0,10,2,0,0,1,0
1317532,2,2023,2023,3,2,1,829,27,309,770,1,0,2,-33.82033,151.118814,61,0,2,1,2,0,0,0,0,0,7,60,2,9859,9859,8,0,40,1,0,0,1,0
1317534,2,2023,2023,0,4,10,3371,17,463,3342,0,1,10,-30.283806,153.126776,19,2,1,1,2,0,0,0,0,2,7,60,2,5929,5929,1,5,5,2,0,0,1,0
1317538,2,2023,2023,0,1,9,109,27,204,105,0,1,9,-33.895866,150.932714,24,0,2,1,2,0,0,0,0,0,7,60,2,3775,3775,0,5,5,3,0,0,1,0
1317541,2,2023,2023,4,5,10,3371,17,89,3342,0,1,2,-28.222631,153.553062,72,1,0,1,2,0,3,4,0,0,7,100,2,1383,1383,1,10,2,2,0,0,1,0
1317542,4,2023,2023,3,0,8,500,27,129,799,0,1,9,-33.927158,151.080982,15,0,2,1,0,0,0,0,2,0,6,60,2,1945,1945,5,16,40,1,0,1,0,0
1317546,2,2023,2023,3,2,7,134,10,69,133,0,1,10,-33.819304,151.021981,54,0,2,1,0,0,0,0,2,3,7,70,2,5929,5929,1,0,5,2,0,0,1,0
1317550,4,2023,2023,3,3,7,4,27,19,34609,0,1,1,-31.21196,151.085785,70,1,0,0,0,0,0,0,2,0,7,100,0,1259,5151,8,5,40,1,0,2,0,0
1317551,4,2023,2023,4,1,9,1,27,48,34609,0,1,1,-34.005941,147.020396,51,1,0,1,0,2,0,3,3,0,7,100,0,4026,4026,8,10,40,1,0,1,0,0
1317557,2,2023,2023,7,6,3,50,27,169,382,0,1,9,-33.774196,150.838026,7,0,2,1,0,0,0,0,2,0,0,60,2,1220,1220,9,33,28,2,0,0,1,0
1317558,4,2023,2023,7,2,4,39,27,19,51,0,1,1,-33.655374,151.065455,31,0,2,0,1,0,0,0,2,0,7,60,2,3775,3775,0,22,5,2,0,1,0,0
1317562,2,2023,2023,3,0,10,4,27,15,34609,0,1,1,-35.146796,147.996989,20,2,1,1,0,0,0,0,0,0,7,80,0,4026,4026,8,10,40,1,0,0,1,0
1317563,4,2023,2023,3,2,5,82,27,134,181,0,1,9,-33.891609,151.253942,76,0,2,1,0,0,0,0,2,0,7,50,2,5929,5929,1,5,19,2,0,1,0,0
1317564,1,2023,2023,4,5,9,133,1,22,34609,0,1,9,-34.476157,150.872141,80,0,2,0,1,0,0,0,2,0,7,50,0,190,190,1,16,5,2,0,0,0,1
1317565,2,2023,2023,4,3,2,125,27,43,144,0,1,1,-32.819731,151.842987,57,2,1,1,1,0,0,0,0,0,7,80,2,9859,9859,8,0,40,1,0,0,1,0
1317567,4,2023,2023,3,1,4,12,27,151,34609,0,1,1,-34.03055,150.860267,13,0,2,1,0,0,0,0,2,0,7,60,0,3775,3775,0,16,5,2,0,1,1,0
1317568,4,2023,2023,4,1,11,53,31,67,125,0,1,9,-33.889194,151.005722,15,0,2,1,2,0,3,3,0,0,15,60,1,28,28,1,0,20,2,0,1,0,0
1317569,1,2023,2023,3,0,3,178,1,226,34609,0,1,7,-33.765672,150.813372,7,0,2,1,1,0,0,0,1,0,0,50,0,6545,6545,4,5,5,2,0,0,0,1
1317570,2,2023,2023,3,0,6,512,17,433,441,0,1,10,-33.283924,149.10234,52,2,1,1,0,0,0,0,2,0,7,50,2,515,515,1,5,0,2,0,0,1,0
1317573,4,2023,2023,3,1,7,9,27,11,34609,0,1,1,-28.306715,153.431199,72,1,0,1,1,0,0,0,2,0,7,100,0,3775,3775,0,30,13,2,0,1,1,0
1317575,4,2023,2023,3,6,11,80,31,204,187,0,1,10,-33.879953,151.123534,32,0,2,1,2,0,0,0,0,0,15,60,2,5929,5929,1,0,19,2,0,1,0,0
1317577,2,2023,2023,3,0,9,4,27,14,34609,0,1,1,-33.193805,151.464669,37,0,2,0,0,0,0,0,2,0,7,80,0,1259,5151,8,5,40,1,0,0,1,0
1317578,2,2023,2023,4,5,5,24,27,46,34609,0,1,1,-33.877889,151.233462,81,0,2,1,0,0,0,0,2,0,7,40,0,1109,397,1,5,27,2,0,0,1,0
1317583,2,2023,2023,4,1,7,3371,17,8,3342,0,1,2,-30.782957,152.890027,47,2,1,1,0,0,0,0,2,0,7,60,2,14295,14295,3,29,36,3,0,0,1,0
1317584,2,2023,2023,3,6,3,39,27,36,91,0,1,1,-33.935005,151.25795,59,0,2,1,1,0,0,0,2,0,7,60,1,9859,9859,8,22,40,1,0,0,1,0
1317586,4,2023,2023,7,3,7,19,31,316,34609,0,1,9,-31.429391,152.91707,56,2,1,0,0,0,0,0,2,0,7,50,0,4552,5151,8,16,40,1,0,1,0,0