Crash ID,Degree of crash - detailed,Reporting year,Year of crash,Month of crash,Day of week of crash,Two-hour intervals,Street of crash,Street type,Town,Route no.,School zone location,School zone active,Type of location,Latitude,Longitude,LGA,Urbanisation,Conurbation 1,Alignment,Street lighting,Road surface,Surface condition,Weather,Natural lighting,Signals operation,Other traffic control,Speed limit,Road classification,RUM - code,DCA - code,First impact type,Key TU type,Other TU type,No. of traffic units involved,No. killed,No. seriously injured,No. moderately injured,No. minor-other injured
1317589,2,2023,2023,7,6,6,92,31,83,34609,0,1,9,-30.110808,153.199284,19,2,1,1,0,0,0,0,2,0,7,40,0,214,214,9,0,28,2,0,0,1,0
1317590,4,2023,2023,7,6,7,29,27,106,27,0,1,9,-34.569281,150.792161,62,0,2,1,1,0,3,4,2,0,0,60,2,2852,2852,4,5,36,2,0,1,0,0
1317593,4,2023,2023,3,5,8,475,10,42,268,0,1,9,-33.91256,150.904842,41,0,2,1,1,0,0,0,2,2,7,70,2,1383,1383,1,5,5,4,0,1,0,1
1317594,4,2023,2023,7,6,9,2261,17,140,2252,0,1,9,-33.904586,151.00257,15,0,2,0,2,0,0,0,0,2,7,70,2,782,957,5,5,40,1,0,1,0,0
1317595,4,2023,2023,4,6,11,2261,17,93,2252,0,1,2,-36.091365,146.923918,0,1,0,0,2,0,0,0,0,0,7,110,2,14295,14295,3,3,5,2,0,2,0,0
1317597,4,2023,2023,7,2,4,866,27,201,44,1,0,1,-34.00161,150.866077,13,0,2,1,0,0,0,0,2,0,9,60,1,2040,2040,9,8,28,2,0,1,0,0
1317602,4,2023,2023,7,5,6,9,27,96,34609,0,1,7,-33.438923,151.385145,16,2,2,0,1,0,0,0,2,0,0,50,0,2852,2852,4,5,5,3,0,1,2,1
1317604,1,2023,2023,7,3,10,137,31,363,34609,0,1,10,-33.815676,151.00143,54,0,2,1,2,0,0,0,0,2,7,50,0,515,515,1,5,18,2,0,0,0,1
1317605,2,2023,2023,7,4,8,147,27,224,605,0,1,9,-33.825384,151.233419,45,0,2,1,1,0,0,0,2,0,7,60,2,591,591,1,22,5,2,0,0,1,0
1317607,4,2023,2023,3,6,9,107,22,293,34609,0,1,1,-33.925088,151.061594,15,0,2,0,1,0,0,0,2,0,7,50,0,4552,5151,1,5,0,2,0,1,0,0
1317608,1,2023,2023,7,6,3,2209,17,130,2205,0,1,10,-34.451977,150.847346,80,0,2,1,0,0,0,0,2,0,15,60,1,1109,397,1,10,5,2,0,0,0,1
1317610,2,2023,2023,0,1,7,26,31,194,34609,0,1,10,-30.513266,151.672185,1,2,1,1,1,0,0,0,2,0,0,50,0,6545,6545,4,5,5,2,0,0,2,0
1317615,2,2023,2023,0,1,0,475,10,42,268,0,1,9,-33.912459,150.904939,41,0,2,1,2,0,0,0,0,2,7,70,2,489,489,8,5,40,2,0,0,1,0
1317616,4,2023,2023,4,0,5,1,27,90,34609,0,1,10,-33.795973,150.955641,54,0,2,1,0,0,0,0,2,0,15,50,0,6545,6545,4,5,0,2,0,1,0,1
1317617,4,2023,2023,7,2,4,22,27,26,34609,0,1,7,-34.856968,150.582958,63,2,1,1,1,0,0,0,2,0,0,50,0,926,926,4,16,0,2,0,1,0,0
1317621,1,2023,2023,7,0,6,3,31,77,34609,0,1,10,-33.86764,150.93788,24,0,2,1,3,0,0,0,2,0,15,50,0,301,301,4,5,5,2,0,0,0,1
1317634,2,2023,2023,4,0,5,4,27,1,34609,0,1,9,-34.669637,150.82372,35,2,1,0,1,0,0,0,2,0,7,60,0,2585,4009,8,16,40,1,0,0,1,0
1317635,1,2022,2022,2,1,10,7,27,523,34609,0,1,10,-33.929409,150.9207,41,0,2,1,3,0,0,0,0,0,0,50,0,2852,2852,4,5,5,2,0,0,0,1
1317638,2,2023,2023,0,2,4,8,10,112,114,0,1,1,-33.444657,151.429355,16,2,2,0,3,0,0,0,2,0,7,60,2,3775,3775,0,9,13,2,0,0,1,0
1317640,2,2023,2023,0,1,1,1,2,62,34609,0,1,1,-32.915808,151.630795,37,0,2,1,3,0,0,0,0,0,7,100,0,9859,9859,8,5,40,1,0,0,1,0
1317641,1,2023,2023,0,4,8,154,27,293,244,0,1,1,-33.927124,151.050891,15,0,2,1,3,0,0,0,2,0,7,60,2,14295,14295,3,5,5,2,0,0,0,1
1317644,2,2022,2022,2,5,7,9,27,9,34609,0,1,1,-34.951635,149.75932,26,1,0,1,3,0,0,0,2,0,7,100,0,9859,9859,8,10,40,1,0,0,1,0
1317646,1,2023,2023,0,4,7,23,27,61,21,0,1,9,-33.74436,150.892299,7,0,2,1,3,0,0,0,2,0,7,60,1,14295,14295,3,0,5,2,0,0,0,1
1317648,2,2023,2023,0,3,6,6,1,445,2149,0,1,10,-33.854922,151.061384,21,0,2,1,3,0,0,0,2,2,7,60,2,14295,14295,3,5,5,2,0,0,1,1
1317651,1,2023,2023,7,3,10,2,1,13,34609,0,1,1,-35.79219,150.229682,23,2,1,1,3,0,0,0,0,0,7,50,0,144,144,1,10,0,2,0,0,0,1
1317655,1,2023,2023,0,1,9,71,27,23,122,0,1,10,-34.580847,150.861166,62,0,2,1,3,0,0,0,0,2,7,80,2,14295,14295,3,10,0,2,0,0,0,1
1317656,1,2023,2023,0,2,11,127,27,48,103,0,1,9,-32.917121,151.749556,48,0,2,1,3,0,0,0,0,2,7,60,1,5929,5929,1,5,5,2,0,0,0,1
1317660,1,2023,2023,7,2,4,44,1,126,22,1,0,10,-33.933109,150.812038,41,0,2,1,1,0,0,0,2,0,0,60,1,6545,6545,4,5,0,2,0,0,0,1
1317661,1,2023,2023,7,6,4,8,27,54,34609,0,1,10,-33.622621,150.854054,29,2,2,1,3,0,0,0,2,0,0,70,0,6545,6545,4,5,13,2,0,0,0,1
1317666,2,2023,2023,0,0,5,3371,17,147,3342,0,1,10,-33.750884,151.14714,36,0,2,1,3,0,3,4,2,3,7,60,2,204,204,1,0,5,2,0,0,1,0
1317668,1,2023,2023,7,5,3,1104,14,223,962,0,1,3,-33.806098,150.921254,7,0,2,1,3,0,0,0,2,0,7,100,2,1391,1391,1,8,5,2,0,0,0,1
1317670,1,2023,2023,7,6,3,171,27,246,6,0,1,2,-33.918358,151.1877,69,0,2,0,1,0,0,0,2,0,7,50,2,14295,14295,3,33,36,3,0,0,0,1
1317671,1,2023,2023,0,1,7,5,10,59,34609,1,0,10,-33.976337,150.857324,13,0,2,1,3,0,0,0,2,0,15,60,0,6545,6545,4,5,0,2,0,0,0,1
1317674,1,2023,2023,0,3,6,153,27,197,147,1,0,1,-33.952683,151.083319,25,0,2,1,1,0,3,4,2,0,7,60,2,14295,14295,3,5,0,3,0,0,0,1
1317678,2,2023,2023,7,5,5,25,31,169,147,0,1,9,-28.63796,153.583833,10,2,1,1,3,0,0,0,2,0,7,60,1,14295,14295,3,9,36,2,0,0,1,0
1317681,4,2023,2023,0,2,8,55,36,44,95,0,1,1,-33.0887,147.309206,51,1,0,1,3,2,0,0,2,0,7,100,2,404,404,8,16,40,1,0,1,0,0
1317682,1,2022,2022,2,1,0,76,24,21,154,0,1,10,-33.729781,150.913351,7,0,2,1,3,0,0,0,0,2,7,70,1,5929,5929,1,0,5,3,0,0,0,1
1317687,2,2023,2023,0,3,8,2209,17,106,2205,0,1,9,-34.560818,150.795796,62,0,2,1,3,0,0,0,3,2,7,60,2,2852,2852,4,5,0,3,0,0,1,0
1317688,1,2023,2023,7,0,5,3371,17,36,3342,0,1,9,-33.623915,151.151622,31,0,2,1,3,0,0,0,2,2,7,60,2,14295,14295,3,0,5,2,0,0,0,1
1317689,1,2023,2023,7,3,10,232,36,92,331,0,1,10,-33.969093,150.814552,13,0,2,1,3,0,0,0,0,2,7,80,2,2852,2852,4,0,0,2,0,0,0,1
1317694,4,2023,2023,7,0,2,81,17,20,331,0,1,9,-34.077965,150.694807,12,0,2,1,3,0,0,0,0,0,0,80,2,256,256,4,0,41,2,0,1,1,0
1317696,2,2023,2023,3,6,6,234,27,323,217,0,1,9,-33.746277,150.994594,71,0,2,1,3,0,0,0,2,0,0,60,2,2852,2852,4,9,0,2,0,0,1,0
1317697,2,2023,2023,3,0,7,126,1,226,144,0,1,10,-33.766228,150.817094,7,0,2,1,3,0,0,0,2,2,7,60,2,2852,2852,4,5,5,2,0,0,1,0
1317699,2,2023,2023,0,0,6,3371,17,53,3342,0,1,9,-33.688468,151.107906,31,0,2,1,1,0,0,0,2,0,15,60,2,2852,2852,4,5,0,2,0,0,2,0
1317700,2,2023,2023,0,5,7,4,10,89,34609,0,1,9,-28.220312,153.546863,72,2,1,0,3,0,0,0,2,3,7,60,0,1109,397,1,5,0,2,0,0,1,0
1317707,1,2023,2023,0,5,11,171,27,29,369,0,1,10,-33.722157,150.722528,55,0,2,1,3,0,0,0,0,2,0,70,2,83,83,1,5,5,2,0,0,0,1
1317709,1,2023,2023,0,1,11,117,27,73,702,0,1,9,-33.835381,151.088167,14,0,2,0,3,0,0,0,0,2,7,70,2,14295,14295,3,5,5,3,0,0,0,2
1317711,2,2023,2023,0,6,9,293,10,5,172,0,1,9,-33.002852,151.643268,37,0,2,1,3,0,0,3,3,0,0,70,2,5929,5929,1,5,5,2,0,0,1,0
1317713,1,2023,2023,0,3,1,77,12,73,331,0,1,1,-34.203276,150.610479,79,2,2,1,3,0,0,0,0,0,7,80,1,9859,9859,8,10,40,1,0,0,0,1
1317715,1,2023,2023,0,5,9,44,27,89,38,0,1,9,-33.855766,150.891853,24,0,2,1,3,0,0,0,0,2,7,50,1,14295,14295,3,0,5,3,0,0,0,1
1317717,1,2023,2023,0,6,6,2261,17,140,2252,0,1,10,-33.904458,151.002591,15,0,2,0,3,0,0,0,2,2,7,70,2,14295,14295,3,5,0,2,0,0,0,2
1317719,2,2023,2023,7,0,7,20,31,135,101,0,1,9,-32.89671,151.737189,48,0,2,1,3,0,0,0,2,0,7,60,2,926,926,4,5,0,2,0,0,1,0
1317725,1,2023,2023,0,3,7,128,27,26,133,0,1,10,-33.774962,150.666682,55,0,2,1,3,0,0,0,2,2,7,60,2,14295,14295,3,10,5,3,0,0,0,1
1317727,1,2023,2023,7,4,4,32,1,646,34609,0,1,10,-33.922615,151.028704,15,0,2,1,3,0,0,0,2,0,0,50,0,6545,6545,4,5,5,2,0,0,0,1
1317729,2,2023,2023,0,0,7,9,27,87,100,0,1,9,-34.46795,150.421185,78,2,1,1,3,0,3,3,2,0,0,60,2,2852,2852,4,0,36,2,0,0,1,0
1317731,1,2023,2023,0,1,10,81,31,133,80,0,1,7,-33.931144,151.012225,15,0,2,1,3,0,0,0,0,0,0,60,1,941,941,1,5,19,2,0,0,0,1
1317732,1,2023,2023,7,1,7,3,27,136,34609,0,1,1,-33.914316,151.077448,15,0,2,1,3,0,0,0,2,0,7,40,0,3775,3775,0,21,13,2,0,0,0,1
1317733,2,2023,2023,7,5,3,8,27,29,147,0,1,9,-28.797755,153.588072,2,2,1,1,3,0,0,0,2,0,0,80,1,775,775,4,5,0,2,0,0,1,0
1317741,2,2023,2023,7,6,4,117,27,73,702,0,1,1,-33.828386,151.089141,14,0,2,1,1,0,0,0,2,0,7,70,2,14295,14295,3,5,0,2,0,0,1,0
1317742,4,2023,2023,0,0,6,75,10,387,165,0,1,6,-33.942229,151.192242,4,0,2,0,3,0,3,0,2,0,7,70,2,2585,4009,8,10,40,1,0,1,0,0
1317744,2,2023,2023,7,2,5,39,31,193,145,1,0,10,-33.793497,151.077677,61,0,2,1,3,0,0,0,2,2,7,60,2,6545,6545,4,5,5,2,0,0,1,1
1317747,1,2023,2023,7,0,6,150,27,309,415,0,1,2,-33.805809,151.111221,61,0,2,1,3,0,0,0,2,0,7,70,2,14295,14295,3,5,0,2,0,0,0,1
1317751,1,2023,2023,4,5,5,2126,17,44,2149,0,1,9,-33.795614,150.888654,7,0,2,1,3,0,0,0,2,2,7,80,2,14295,14295,3,0,5,2,0,0,0,1
1317752,2,2023,2023,0,4,4,101,10,239,35,0,1,10,-34.032644,151.125472,68,0,2,1,3,0,3,0,2,2,7,60,2,6545,6545,4,5,0,3,0,0,1,0
1317760,1,2023,2023,0,4,4,387,36,86,69,0,1,9,-33.7041,151.214356,50,0,2,1,3,0,3,0,2,2,7,80,2,14295,14295,3,5,12,2,0,0,0,2
1317769,1,2022,2022,10,1,7,22,31,24,26,0,1,9,-35.984719,146.009946,51,2,1,1,3,0,3,4,2,0,7,50,2,1109,787,1,5,10,2,0,0,0,1
1317770,1,2023,2023,0,5,9,32,14,108,124,0,1,3,-33.81339,151.1833,77,0,2,1,3,0,0,0,4,0,7,80,2,14295,14295,3,5,5,2,0,0,0,1
1317771,4,2023,2023,0,0,5,2209,17,33,2205,0,1,2,-34.712288,150.840007,35,2,1,0,3,0,3,3,2,0,7,80,2,4552,5151,8,0,40,1,0,1,0,0
1317778,2,2023,2023,0,4,7,500,27,271,799,0,1,2,-33.937642,151.020471,15,0,2,1,3,0,0,0,2,0,7,70,2,1391,1391,1,5,5,3,0,0,1,0
1317780,2,2023,2023,7,2,11,3371,17,225,3342,0,1,10,-33.799315,151.178986,77,0,2,1,3,0,0,0,0,2,7,60,2,2852,2852,4,30,5,2,0,0,1,1
1317781,1,2023,2023,0,4,8,1,1,137,34609,0,1,9,-33.908782,150.906131,24,0,2,1,3,0,0,0,2,0,7,50,0,323,323,1,0,5,2,0,0,0,1
1317784,2,2023,2023,7,3,5,3,27,33,34609,0,1,1,-33.802092,151.095449,61,0,2,1,3,0,0,0,2,0,7,50,0,9859,9859,1,5,5,2,0,0,1,0
1317786,1,2023,2023,7,4,3,110,27,41,173,0,1,2,-34.395997,150.866635,80,0,2,1,3,0,0,0,1,0,7,80,2,1192,1192,1,10,13,3,0,0,0,1
1317791,2,2023,2023,4,3,7,2126,17,15,2149,0,1,10,-33.5044,150.125341,40,2,1,0,1,0,3,4,2,0,0,70,2,6545,6545,4,0,5,2,0,0,1,0
1317794,2,2023,2023,0,2,5,92,27,129,244,0,1,9,-33.89365,151.115535,32,0,2,1,3,0,0,0,2,0,7,60,2,312,312,2,5,40,1,0,0,1,0
1317798,4,2023,2023,0,4,10,2261,17,31,2252,0,1,3,-34.02986,150.824133,13,0,2,1,3,0,3,0,0,0,7,110,2,14295,14295,3,5,5,2,0,1,0,0
1317800,4,2023,2023,7,6,6,134,10,157,133,0,1,2,-33.798592,151.015852,54,0,2,1,3,0,0,0,2,0,7,90,2,14295,14295,3,10,5,3,0,1,0,1
1317801,1,2023,2023,0,5,10,232,36,134,331,0,1,9,-33.975822,150.809583,12,0,2,1,3,0,0,0,0,2,9,80,2,14295,14295,3,19,0,2,0,0,0,1
1317802,4,2022,2022,2,5,4,44,31,237,34609,0,1,9,-33.868851,150.95488,24,0,2,1,1,0,0,0,2,0,7,40,0,2040,2040,9,5,28,2,0,1,0,0
1317803,2,2023,2023,3,0,6,178,1,226,34609,0,1,7,-33.765744,150.813258,7,0,2,0,1,0,0,0,2,0,0,50,0,6545,6545,4,5,27,2,0,0,1,0
1317805,4,2023,2023,3,0,7,2126,17,23,2149,0,1,1,-33.45462,149.973576,40,1,0,1,0,0,0,0,2,0,7,100,2,4026,4026,8,10,40,1,0,1,1,0
1317806,2,2023,2023,3,0,8,92,31,70,34609,0,1,1,-32.741596,151.571778,42,2,1,0,2,0,0,0,2,0,7,50,0,3775,3775,0,33,5,2,0,0,1,0
1317809,4,2023,2023,3,0,8,126,1,226,144,0,1,2,-33.771158,150.816153,7,0,2,1,0,0,0,0,2,0,7,60,2,14295,14295,3,10,5,2,0,1,0,0
1317811,1,2023,2023,0,2,10,4,27,9,34609,0,1,1,-31.324919,152.785314,56,2,1,0,0,0,0,0,0,0,7,80,0,2585,4009,8,10,40,1,0,0,0,2
1317812,4,2023,2023,4,6,5,41,31,304,34609,1,0,1,-33.913839,151.145931,32,0,2,1,0,0,0,0,2,0,7,50,0,9859,9859,8,0,40,1,0,1,0,0
1317814,4,2023,2023,4,5,7,475,10,137,268,0,1,9,-33.901242,150.896058,24,0,2,1,1,0,0,0,2,0,0,60,2,2852,2852,4,21,5,2,0,3,2,1
1317815,2,2023,2023,7,0,6,93,1,92,220,0,1,10,-33.720061,150.939138,71,0,2,1,0,0,0,0,2,2,7,70,2,6545,6545,4,5,22,2,0,0,1,1
1317816,4,2023,2023,3,3,5,5,27,4,34609,0,1,1,-32.390991,149.385269,44,2,1,1,0,2,0,0,2,0,7,60,0,1945,1945,5,33,40,1,0,1,0,0
1317817,2,2023,2023,0,6,8,14,31,36,34609,0,1,7,-36.09113,146.913696,0,2,1,1,1,0,0,0,2,0,0,50,0,5929,5929,1,22,0,2,0,0,1,0
1317818,1,2023,2023,0,4,7,39,10,87,65,0,1,10,-33.699777,150.958865,71,0,2,1,1,0,0,0,2,2,7,60,1,5929,5929,1,0,5,2,0,0,0,1
1317826,2,2023,2023,3,4,10,2261,17,140,2252,0,1,9,-33.903512,151.001296,15,0,2,1,2,0,0,0,0,2,7,70,2,1282,1282,1,16,19,2,0,0,1,0
1317828,4,2023,2023,4,3,5,192,10,84,114,0,1,1,-33.468286,151.39615,16,2,2,0,0,0,3,3,2,0,7,60,2,3775,3775,0,5,13,2,0,1,0,0
1317829,4,2023,2023,7,3,7,90,31,169,165,0,1,2,-33.89986,151.215147,69,0,2,1,1,0,0,0,2,0,7,60,2,1981,1981,4,5,27,2,0,1,0,0
1317832,4,2023,2023,0,6,8,23,27,45,144,0,1,9,-33.798202,150.803604,55,0,2,1,1,0,0,0,2,2,7,70,2,14295,14295,3,8,36,3,0,2,0,0
1317833,4,2023,2023,0,1,8,27,36,27,34609,0,1,9,-30.138655,153.187828,19,2,1,1,1,0,0,0,2,0,0,60,0,2852,2852,4,5,13,2,0,1,0,0
1317836,4,2023,2023,7,0,3,92,27,129,244,0,1,1,-33.897435,151.099823,9,0,2,1,2,0,0,0,1,0,7,60,2,3775,3775,0,10,5,2,0,1,0,0
1317837,4,2023,2023,7,4,8,23,27,164,21,0,1,9,-33.732257,150.878864,7,0,2,1,1,0,0,0,2,0,7,60,1,1669,1669,3,16,36,2,0,1,0,0
1317840,2,2023,2023,4,5,8,113,27,78,111,0,1,1,-33.854108,150.788977,55,0,2,1,1,0,0,0,2,0,7,80,2,43,43,3,0,0,2,0,0,1,0
1317841,1,2023,2023,0,5,4,36,27,43,38,0,1,10,-33.766627,151.254385,50,0,2,1,1,0,0,0,2,0,15,60,1,2852,2852,4,5,5,2,0,0,0,1
1317842,2,2023,2023,7,5,2,2,18,4,34609,0,1,1,-34.469259,147.758669,51,1,0,1,0,0,0,0,0,0,7,100,0,4026,4026,8,10,40,1,0,0,1,0
1317845,2,2023,2023,4,3,7,2,1,59,34609,0,1,1,-34.337652,150.912643,80,0,2,1,0,0,0,3,2,0,7,50,0,1109,397,1,0,19,2,0,0,1,0
1317848,1,2023,2023,0,2,11,23,31,523,34609,1,0,10,-33.916288,150.93078,41,0,2,1,2,0,0,0,0,0,15,30,0,1220,1220,9,5,28,2,0,0,0,1
1317849,2,2023,2023,0,2,3,14,31,204,34609,0,1,1,-33.888801,151.132248,32,0,2,1,1,0,0,0,2,0,7,50,0,237,162,8,5,40,1,0,0,1,0
1317850,4,2023,2023,3,4,7,2,31,609,34609,0,1,1,-33.781326,150.90584,7,0,2,1,2,0,0,0,2,0,7,50,0,186,186,9,0,28,2,0,1,0,0
1317852,2,2023,2023,0,0,2,118,17,29,118,0,1,1,-30.627455,150.034531,51,1,0,1,0,0,0,0,1,0,7,100,2,1109,787,1,0,13,2,0,0,2,1
1317853,4,2023,2023,7,6,9,4,1,363,34609,0,1,1,-33.738898,150.71067,55,0,2,0,1,0,0,0,3,0,7,50,0,4552,5151,8,16,40,1,0,1,0,0
1317857,1,2023,2023,7,4,4,132,31,174,126,0,1,1,-33.888973,151.201249,69,0,2,1,2,0,0,0,2,2,9,50,2,14295,14295,3,5,5,2,0,0,0,1
1317860,1,2023,2023,0,5,9,6,31,134,34609,0,1,10,-33.684481,150.87787,7,0,2,1,2,0,0,0,0,0,15,50,0,6545,6545,4,5,0,2,0,0,0,1
1317861,2,2023,2023,7,2,11,2126,17,136,2149,0,1,10,-33.859874,151.0728,67,0,2,1,2,0,0,0,0,2,7,60,2,4026,4026,8,5,40,2,0,0,1,0
1317862,2,2023,2023,0,1,2,3,31,562,34609,0,1,1,-32.237929,148.619165,22,2,1,1,2,0,0,0,0,0,13,50,0,19,19,10,8,38,2,0,0,1,0
1317865,4,2023,2023,7,6,3,5,27,90,28,0,1,7,-33.79003,150.942158,7,0,2,1,0,0,3,4,2,0,0,60,1,5929,5929,1,5,12,2,0,1,0,0
1317868,4,2023,2023,7,1,6,8,27,10,9,0,1,1,-30.755741,152.985342,47,1,0,1,0,0,0,0,2,0,7,100,1,3775,3775,0,0,13,2,0,1,1,0
1317869,4,2023,2023,0,6,6,59,27,252,41,0,1,10,-33.938474,150.868113,41,0,2,1,1,0,0,0,2,2,7,60,1,5929,5929,1,0,5,2,0,1,0,0
1317870,4,2023,2023,4,1,10,10,31,210,34609,0,1,9,-34.034882,151.092077,68,0,2,1,0,0,0,0,0,0,7,50,0,2852,2852,4,5,19,2,0,1,0,0
1317872,2,2023,2023,0,5,8,2,31,102,34609,0,1,10,-31.107257,150.909768,70,2,1,1,0,0,0,0,3,0,0,50,0,6545,6545,4,30,5,2,0,0,1,0
1317873,4,2023,2023,0,4,3,866,17,157,793,0,1,2,-33.792974,151.009842,54,0,2,1,0,0,3,4,2,0,7,90,2,9859,9859,8,5,40,1,0,1,0,0
1317876,4,2023,2023,7,6,7,12,27,5,62,0,1,1,-36.567015,150.030384,5,2,1,0,0,0,3,4,2,0,7,80,1,1957,4009,8,5,40,1,0,1,0,0
1317877,4,2023,2023,0,3,5,361,31,82,34609,0,1,1,-34.373351,150.898591,80,0,2,1,0,0,0,0,2,0,7,50,0,941,941,1,0,0,4,0,1,0,0
1317878,2,2023,2023,7,6,11,1,27,64,34609,0,1,1,-33.476221,150.168973,40,2,1,1,0,0,3,3,0,0,7,50,0,4026,4026,8,10,40,1,0,0,1,0
1317880,2,2023,2023,7,5,10,205,27,161,415,0,1,2,-33.707703,151.18668,36,0,2,1,2,0,0,0,0,0,0,90,2,1981,1981,4,5,12,2,0,0,2,0
1317881,2,2023,2023,0,1,5,9,27,115,140,0,1,2,-33.915823,151.17485,32,0,2,1,1,0,0,0,2,0,8,60,2,368,368,9,0,28,2,0,0,1,0
1317884,4,2023,2023,7,2,5,916,17,30,917,0,1,10,-31.074166,151.027815,70,1,0,1,0,0,0,0,2,0,0,100,2,6545,6545,4,10,0,2,0,1,2,0
1317885,2,2023,2023,7,5,7,10,31,193,34609,0,1,9,-33.790187,151.082767,61,0,2,1,1,0,0,0,2,0,9,50,0,14295,14295,3,5,5,2,0,0,1,0
1317887,4,2023,2023,0,4,7,3,27,18,34609,0,1,1,-35.67493,150.104566,23,1,0,0,0,2,0,0,2,0,7,100,0,782,957,5,16,40,1,0,1,0,0
1317888,4,2023,2023,7,4,2,829,27,165,770,0,1,10,-33.851086,151.154494,14,0,2,1,0,0,0,0,1,2,7,60,2,2040,2040,9,5,28,2,0,1,0,0
1317891,2,2023,2023,0,0,5,34,1,24,34609,0,1,1,-33.413831,150.063307,40,2,1,1,1,0,0,0,2,0,7,50,0,9859,9859,1,10,13,3,0,0,1,0
1317894,4,2023,2023,0,2,5,294,17,9,288,0,1,9,-35.087706,147.126375,75,2,1,1,0,0,0,0,2,0,0,80,2,2585,777,8,0,40,1,0,3,0,0
1317896,2,2023,2023,3,6,7,1,27,144,34609,0,1,10,-34.061009,151.004279,68,0,2,1,0,0,0,0,2,0,0,50,0,2040,2040,9,10,28,2,0,0,1,0
1317898,4,2023,2023,0,3,7,1052,14,77,928,0,1,3,-33.520864,151.196668,16,1,2,0,0,0,0,0,2,0,7,90,2,1259,5151,8,5,40,1,0,1,0,0
1317899,2,2023,2023,0,3,5,26,1,112,34609,0,1,10,-33.910439,151.204291,69,0,2,1,1,0,3,4,2,0,15,50,0,6545,6545,4,0,22,2,0,0,2,0
1317906,4,2023,2023,7,2,7,1,2,12,34609,0,1,9,-34.483813,150.784672,80,0,2,1,0,0,0,0,2,0,7,50,0,5929,5929,1,16,5,2,0,1,0,0
1317910,4,2023,2023,7,0,7,35,27,109,37,0,1,9,-33.913221,151.138115,32,0,2,1,0,0,0,0,2,0,0,50,1,6545,6545,4,5,0,2,0,1,0,0
1317911,2,2023,2023,7,2,7,26,27,32,25,0,1,1,-31.943822,152.482978,43,1,0,1,1,0,0,0,2,0,7,100,1,4026,4026,8,0,40,1,0,0,1,0
1317916,4,2023,2023,0,1,6,65,10,132,148,0,1,1,-34.160718,151.032327,68,0,2,0,0,0,3,3,2,0,7,60,2,1957,4009,8,5,40,1,0,1,0,0
1317919,1,2023,2023,3,4,4,14,31,77,34609,0,1,7,-33.887013,151.195534,69,0,2,1,0,0,0,0,2,0,0,40,0,6545,6545,4,0,27,2,0,0,0,1
1317921,4,2023,2023,3,5,6,55,27,112,70,0,1,10,-33.715281,151.027545,31,0,2,1,1,0,0,0,2,2,7,60,2,926,926,4,0,0,3,0,1,0,1
1317922,1,2023,2023,3,4,5,283,27,145,702,0,1,10,-33.929345,151.072345,15,0,2,1,1,0,3,4,2,2,7,60,2,14295,14295,3,10,5,2,0,0,0,2
1317926,4,2023,2023,7,5,7,1052,14,17,928,0,1,3,-32.948157,151.54601,37,0,2,0,0,0,3,4,2,0,7,110,2,273,957,5,0,40,1,0,1,0,0
1317927,4,2023,2023,7,0,7,1,1,41,34609,0,1,9,-34.10222,150.807786,13,0,2,0,1,0,0,0,2,0,7,60,0,1957,4009,1,5,4,2,0,1,0,0
1317928,4,2023,2023,4,2,8,1,31,67,34609,0,1,1,-33.872602,150.895797,24,0,2,1,0,0,0,0,2,0,7,50,0,4026,4026,1,5,0,2,0,2,0,0
1317931,2,2023,2023,3,1,10,16,27,16,34609,0,1,1,-33.872289,151.229447,69,0,2,1,0,0,3,0,0,0,7,50,0,1945,1945,5,15,40,1,0,0,1,0
1317932,4,2023,2023,7,2,8,14,1,53,34609,0,1,9,-33.762101,151.158782,36,0,2,1,1,0,0,0,2,0,7,50,0,1109,787,1,5,5,2,0,1,0,0
1317934,4,2023,2023,4,0,10,2126,17,283,2149,0,1,10,-33.830735,151.012242,54,0,2,1,2,0,0,0,0,2,7,60,2,5929,5929,1,5,18,2,0,1,0,0
1317935,2,2023,2023,3,0,8,829,31,314,240,0,1,10,-33.850716,150.935501,24,0,2,1,0,0,0,0,2,0,15,60,2,6545,6545,4,10,5,2,0,0,1,0
1317939,4,2023,2023,3,0,5,132,31,45,126,0,1,1,-33.887943,151.193819,69,0,2,1,0,0,0,0,2,0,7,50,2,1383,1383,1,16,5,2,0,1,0,0
1317940,2,2023,2023,0,5,7,39,27,8,29,0,1,1,-32.142224,149.802237,44,1,0,0,0,0,0,0,2,0,7,100,1,2585,4009,8,5,40,1,0,0,1,0
1317943,4,2023,2023,7,6,10,163,27,41,165,0,1,9,-33.728629,150.817182,7,0,2,1,2,0,0,0,0,0,7,60,1,5929,5929,1,5,19,2,0,1,0,1
1317945,2,2023,2023,4,2,4,177,31,77,208,0,1,7,-33.863115,150.947281,24,0,2,1,1,0,0,0,2,0,0,60,1,4026,4026,8,5,40,1,0,0,1,1
1317946,2,2023,2023,7,6,11,1,1,74,34609,0,1,1,-33.77493,150.677658,55,0,2,0,1,0,0,0,0,0,7,50,0,4552,5151,1,5,13,2,0,0,1,0
1317952,4,2023,2023,7,4,11,20,1,113,10,0,1,10,-29.479408,149.838834,51,2,1,1,2,0,0,0,0,0,0,50,1,5929,5929,1,30,19,2,0,1,0,0
1317956,4,2023,2023,4,1,7,23,27,4,34609,0,1,1,-28.781551,153.45045,2,2,1,0,0,0,0,0,2,0,7,80,0,3775,3775,0,5,13,2,0,1,0,0
1317959,2,2023,2023,0,1,5,2261,17,49,2252,0,1,2,-34.743959,149.846824,26,1,0,0,0,0,0,0,2,0,7,110,2,14295,14295,3,10,35,2,0,0,1,0