Crash ID,Degree of crash - detailed,Reporting year,Year of crash,Month of crash,Day of week of crash,Two-hour intervals,Street of crash,Street type,Town,Route no.,School zone location,School zone active,Type of location,Latitude,Longitude,LGA,Urbanisation,Conurbation 1,Alignment,Street lighting,Road surface,Surface condition,Weather,Natural lighting,Signals operation,Other traffic control,Speed limit,Road classification,RUM - code,DCA - code,First impact type,Key TU type,Other TU type,No. of traffic units involved,No. killed,No. seriously injured,No. moderately injured,No. minor-other injured
1317963,2,2023,2023,0,0,4,123,36,6,90,0,1,9,-31.736183,151.868582,43,2,1,0,0,0,0,3,2,0,0,80,1,782,985,5,9,40,1,0,0,1,0
1317965,4,2023,2023,7,2,0,118,17,11,118,0,1,1,-31.415753,150.570618,51,1,0,0,0,0,0,0,0,0,7,100,2,2585,4009,8,10,40,1,0,1,0,0
1317967,2,2023,2023,7,6,4,109,27,44,169,0,1,9,-32.810874,151.428446,17,2,1,1,1,0,0,0,2,0,0,60,2,6545,6545,4,5,10,2,0,0,1,0
1317968,1,2023,2023,0,4,7,6,27,438,563,0,1,2,-33.847618,151.03995,21,0,2,1,0,0,0,6,2,0,7,70,2,1981,1981,4,5,27,2,0,0,0,1
1317975,4,2023,2023,0,2,4,3371,17,24,3342,0,1,9,-31.549922,152.767007,56,1,0,0,0,0,0,0,2,0,7,110,2,14295,14295,3,0,19,2,0,1,1,0
1317976,2,2023,2023,4,6,8,73,31,532,34609,0,1,0,-33.868328,151.204541,69,0,2,1,2,0,0,0,2,0,7,40,0,395,395,1,21,27,2,0,0,1,0
1317977,4,2023,2023,3,0,3,12,27,4,62,0,1,1,-36.562756,150.029495,5,2,1,0,0,0,0,0,2,0,7,80,1,1089,1089,7,16,40,1,0,1,0,0
1317979,4,2023,2023,4,6,9,280,10,314,240,0,1,1,-33.85446,150.943102,24,0,2,1,1,0,0,0,2,0,7,60,2,1192,1192,1,5,0,2,0,2,1,0
1317980,4,2023,2023,3,0,9,78,23,30,34,0,1,7,-34.204224,150.572311,79,2,2,1,1,0,0,0,2,0,0,60,1,926,926,4,10,27,2,0,1,0,0
1317985,1,2023,2023,7,5,6,330,27,31,102,0,1,9,-33.776546,151.272697,50,0,2,1,0,0,0,0,2,0,0,50,2,5929,5929,1,33,27,2,0,0,0,1
1317987,2,2023,2023,7,3,10,21,27,36,34609,0,1,1,-34.396769,150.849499,80,0,2,1,0,0,0,0,0,0,7,60,0,9859,9859,8,5,40,1,0,0,1,0
1317992,4,2023,2023,7,1,3,2209,17,40,2205,0,1,1,-35.771389,150.14734,23,1,0,1,0,0,3,4,1,0,7,90,2,96,96,0,5,13,3,0,1,2,1
1317993,2,2023,2023,7,5,5,3371,17,107,3342,0,1,1,-33.283128,151.42547,16,2,2,1,0,0,3,4,2,0,7,50,2,3775,3775,0,30,0,2,0,0,1,0
1317999,2,2023,2023,0,6,7,21,31,293,34609,0,1,1,-33.923019,151.045121,15,0,2,1,0,0,0,0,2,0,7,50,0,9859,9859,1,5,5,3,0,0,1,0
1318001,4,2023,2023,7,1,3,26,27,443,34609,0,1,7,-33.908082,151.052045,15,0,2,1,0,0,0,0,1,0,0,50,0,2040,2040,9,5,28,2,0,1,0,0
1318002,4,2023,2023,3,3,6,485,27,323,769,0,1,9,-33.750006,150.985992,71,0,2,1,1,0,0,0,2,2,7,60,2,14295,14295,3,5,36,2,0,1,0,0
1318003,2,2023,2023,7,1,7,72,31,176,62,0,1,1,-33.960991,151.145045,4,0,2,1,1,0,0,0,2,0,7,60,1,1391,1391,1,5,5,2,0,0,1,0
1318005,2,2023,2023,7,5,7,10,10,40,34609,0,1,1,-33.721899,150.960247,71,0,2,1,0,0,3,4,2,0,7,50,0,1981,1981,4,0,0,2,0,0,2,0
1318008,4,2023,2023,0,2,11,3371,17,43,3342,0,1,10,-33.213716,151.512191,16,2,2,1,2,0,0,0,0,2,7,70,2,5929,5929,1,5,13,2,0,1,1,1
1318011,1,2022,2022,2,1,4,97,17,34,88,0,1,2,-34.808807,149.607948,26,1,0,0,0,0,3,4,2,0,7,110,2,4552,5151,8,10,40,1,0,0,0,1
1318013,1,2023,2023,7,3,7,330,23,150,233,0,1,10,-33.924354,151.228416,59,0,2,1,0,0,0,0,2,2,7,50,2,1192,1192,1,5,18,2,0,0,0,1
1318014,2,2023,2023,3,5,8,175,27,609,220,0,1,2,-33.756367,150.91458,7,0,2,1,2,0,0,0,2,0,7,70,2,14295,14295,3,5,36,3,0,0,1,1
1318015,2,2023,2023,4,5,9,344,27,10,369,0,1,9,-33.736581,150.717331,55,0,2,1,1,0,0,0,2,2,7,70,2,5929,5929,1,0,5,2,0,0,1,0
1318016,2,2023,2023,3,5,3,481,17,562,483,0,1,7,-32.243498,148.607183,22,2,1,1,0,0,0,0,2,0,0,60,2,14295,14295,3,16,0,2,0,0,1,0
1318017,2,2023,2023,3,3,2,23,10,32,101,0,1,2,-32.947055,151.714822,48,0,2,1,2,0,0,0,0,0,7,50,2,9859,9859,1,0,13,2,0,0,1,0
1318018,2,2023,2023,7,5,7,1,27,234,34609,0,1,1,-34.258757,146.039532,28,2,1,0,0,0,0,0,2,0,7,80,0,4552,985,8,5,40,1,0,0,1,0
1318019,4,2023,2023,7,1,7,52,27,188,140,0,1,9,-33.930203,151.098795,15,0,2,1,1,0,3,3,2,2,7,50,1,14295,14295,3,0,0,2,0,1,0,0
1318020,2,2023,2023,7,4,8,1,27,55,34609,0,1,1,-33.359549,151.451217,16,2,2,0,1,0,0,0,3,0,7,50,0,2585,4009,8,21,40,1,0,0,1,0
1318021,4,2023,2023,3,6,8,39,27,293,91,0,1,9,-33.940927,151.253505,59,0,2,0,1,0,0,3,2,0,0,60,1,2852,2852,4,5,5,2,0,1,0,0
1318022,2,2023,2023,7,2,6,500,27,145,799,0,1,9,-33.93001,151.069726,15,0,2,1,1,0,0,0,2,0,6,60,2,5929,5929,1,0,12,2,0,0,2,0
1318023,2,2023,2023,7,6,3,344,27,89,382,0,1,1,-33.66985,150.804957,55,0,2,1,0,0,3,1,2,0,7,80,2,14295,14295,3,9,0,2,0,0,1,1
1318027,2,2023,2023,0,5,3,175,27,55,220,0,1,9,-33.749401,150.915969,7,0,2,1,1,0,0,0,2,1,7,70,2,2852,2852,4,0,5,2,0,0,1,0
1318028,2,2023,2023,3,4,3,512,17,28,441,0,1,1,-33.117224,148.926754,11,1,0,1,0,0,0,0,2,0,7,100,2,1669,1669,3,10,13,3,0,0,3,1
1318030,4,2023,2023,0,0,6,478,17,35,480,0,1,1,-33.278227,151.557245,16,2,2,0,0,0,0,0,2,0,7,60,2,1957,4009,8,5,40,1,0,3,0,0
1318031,2,2023,2023,7,0,9,115,27,113,173,0,1,2,-34.363578,150.854214,80,0,2,0,1,0,3,4,2,0,7,80,2,2585,4009,8,29,40,2,0,0,1,0
1318033,4,2023,2023,3,3,3,1,27,89,34609,0,1,9,-33.861077,150.882861,24,0,2,1,1,0,0,0,2,0,7,50,0,340,340,9,5,28,2,0,1,0,0
1318039,1,2023,2023,0,5,3,251,27,62,212,0,1,9,-33.755029,151.262904,50,0,2,0,2,0,0,0,1,2,7,70,2,1669,1669,3,34,5,3,0,0,0,2
1318040,4,2023,2023,0,0,8,2209,17,39,2205,0,1,9,-34.322722,150.913394,80,0,2,1,2,0,0,0,3,0,15,60,2,2852,2852,4,10,5,2,0,1,1,0
1318041,1,2022,2022,2,3,9,1104,14,223,962,0,1,3,-33.805948,150.9198,7,0,2,1,1,0,0,0,2,0,7,100,2,14295,14295,3,0,5,4,0,0,0,2
1318047,2,2023,2023,0,0,9,6,27,80,69,0,1,10,-33.93946,151.223897,4,0,2,1,2,0,0,0,0,2,7,50,1,5929,5929,1,5,27,2,0,0,1,0
1318049,4,2023,2023,0,6,3,3,7,33,34609,0,1,9,-34.013742,150.820309,13,0,2,1,0,0,0,6,2,0,7,60,0,5929,5929,1,5,13,2,0,1,0,0
1318051,4,2023,2023,0,0,6,1104,14,23,962,0,1,3,-33.821612,150.984819,21,0,2,1,1,0,0,0,2,0,7,90,2,1383,1383,1,5,5,3,0,1,0,0
1318052,2,2023,2023,3,3,5,2261,17,33,2252,0,1,3,-34.02605,150.823915,13,0,2,1,0,0,0,0,2,0,7,110,2,1383,1383,1,5,13,2,0,0,1,0
1318053,2,2023,2023,3,0,8,2,27,4,34609,0,1,9,-34.288544,145.898361,28,1,0,1,1,2,3,0,3,0,7,100,0,1945,1945,5,16,40,1,0,0,1,0
1318054,4,2023,2023,0,1,8,37,27,11,52,0,1,1,-34.039637,150.573734,79,2,2,1,0,0,3,4,2,0,7,80,1,4026,4026,8,16,40,1,0,1,0,0
1318056,4,2023,2023,3,6,10,330,27,125,25,0,1,1,-33.823412,151.13335,61,0,2,1,2,0,3,4,0,0,7,60,2,941,941,1,5,19,2,0,1,0,0
1318059,4,2023,2023,3,1,9,2209,17,166,2205,0,1,9,-33.8921,151.187546,69,0,2,0,2,0,3,4,0,0,7,40,2,1850,1463,5,16,40,1,0,1,0,0
1318060,4,2023,2023,7,0,5,55,27,134,38,0,1,10,-33.950731,150.809104,12,0,2,1,0,0,0,0,2,2,7,80,2,6545,6545,4,5,41,2,0,2,1,0
1318061,4,2023,2023,3,4,8,112,27,19,769,0,1,1,-33.55032,150.399,8,2,2,0,0,0,3,4,2,0,7,80,2,3775,3775,0,29,36,2,0,1,0,0
1318062,4,2023,2023,7,3,6,7,31,194,34609,0,1,1,-30.526177,151.681781,1,2,1,1,0,0,0,0,2,0,7,50,0,9859,9859,8,16,40,1,0,1,0,0
1318064,2,2023,2023,7,0,8,119,31,73,34,0,1,10,-33.873967,151.214434,69,0,2,1,1,0,0,0,2,2,7,40,1,515,515,1,5,19,2,0,0,2,0
1318065,4,2023,2023,3,5,3,232,36,34,331,0,1,10,-34.009824,150.770155,12,0,2,1,2,0,0,0,1,2,7,80,2,14295,14295,3,33,0,3,0,1,0,0
1318068,2,2023,2023,7,4,10,16,31,246,321,0,1,9,-33.89569,151.198096,69,0,2,1,2,0,0,0,0,0,7,50,2,395,395,1,5,19,2,0,0,1,0
1318070,4,2023,2023,3,1,3,3371,17,69,3342,0,1,10,-32.934571,151.750618,48,0,2,1,1,0,0,0,2,0,15,60,2,6545,6545,4,5,5,2,0,1,1,0
1318074,1,2023,2023,7,5,3,2126,17,104,2149,0,1,2,-33.833336,151.018455,54,0,2,1,1,0,0,0,2,0,7,60,2,14295,14295,3,5,0,3,0,0,0,1
1318075,4,2023,2023,4,6,3,2126,17,179,2149,0,1,10,-33.762106,150.734976,55,0,2,1,1,0,0,0,1,2,7,60,2,14295,14295,3,10,19,2,0,1,1,0
1318081,2,2023,2023,7,2,0,205,27,45,415,0,1,2,-33.698056,151.217489,50,0,2,0,2,0,0,0,0,0,7,80,2,4552,5151,8,5,40,1,0,0,1,0
1318088,2,2023,2023,0,6,5,191,17,24,189,0,1,1,-32.016162,149.397123,51,2,1,1,1,0,0,0,2,0,7,50,2,144,144,1,10,13,2,0,0,2,0
1318089,2,2023,2023,7,3,9,4,27,33,34609,0,1,10,-34.069248,150.720224,12,0,2,1,1,0,3,4,3,0,0,50,0,9859,9859,8,5,40,1,0,0,1,0
1318093,4,2023,2023,7,0,10,11,27,133,34609,0,1,2,-34.498217,150.791099,80,0,2,1,2,0,0,0,0,0,7,60,0,2040,2040,9,5,26,2,0,1,0,0
1318094,2,2023,2023,3,3,1,255,27,103,76,0,1,1,-32.942155,151.664846,37,0,2,1,2,0,0,0,0,0,7,60,1,9859,9859,1,0,12,2,0,0,1,0
1318096,4,2023,2023,0,1,6,33,25,218,34609,0,1,0,-33.764758,150.776825,55,0,2,1,1,0,0,0,2,0,7,50,0,368,368,9,5,28,2,0,1,0,0
1318097,4,2023,2023,3,3,4,1,1,293,34609,0,1,1,-33.952081,151.249299,59,0,2,1,0,0,0,0,2,0,7,50,0,4026,4026,1,5,0,3,0,1,0,0
1318103,4,2023,2023,7,4,7,2261,17,370,2252,0,1,6,-34.060468,150.78818,13,0,2,1,0,0,3,4,2,0,7,80,2,14295,14295,3,0,5,3,0,1,0,0
1318106,1,2023,2023,0,4,10,63,10,19,34609,0,1,1,-28.199312,153.496431,72,2,1,0,0,0,0,0,0,0,7,60,0,1259,5151,8,10,40,1,0,0,0,1
1318108,4,2023,2023,3,6,3,62,31,61,34609,0,1,1,-33.891401,150.909836,24,0,2,1,1,0,0,0,1,0,7,50,0,9859,9859,1,5,12,2,0,3,0,0
1318109,4,2023,2023,7,1,3,251,27,115,212,0,1,9,-33.754485,151.223012,50,0,2,1,1,0,0,0,1,0,0,70,2,14295,14295,3,0,5,3,0,1,0,1
1318113,1,2022,2022,9,6,0,149,36,15,113,0,1,1,-32.356531,152.50485,43,1,0,1,2,0,0,0,0,0,7,100,1,1945,1945,5,5,40,1,0,0,0,1
1318115,4,2023,2023,7,6,4,3,27,21,34609,0,1,10,-33.572255,150.643947,29,2,2,0,0,0,0,0,2,0,15,60,0,6545,6545,4,0,5,2,0,1,1,0
1318119,4,2023,2023,7,5,2,90,36,18,102,0,1,1,-34.241741,146.23494,28,1,0,1,0,0,0,0,0,0,7,100,2,9859,9859,8,34,40,1,0,1,0,0
1318121,2,2023,2023,4,4,8,3,27,48,56,0,1,1,-33.87206,147.200279,51,1,0,1,0,0,0,0,2,0,7,100,1,9859,9859,8,5,40,1,0,0,1,0
1318123,2,2023,2023,0,0,7,2,1,43,34609,0,1,9,-33.446059,151.328777,16,2,2,1,1,0,0,0,2,0,7,50,0,1282,1282,1,0,40,1,0,0,3,0
1318124,2,2023,2023,3,5,7,26,27,92,25,0,1,1,-33.980042,150.835619,41,0,2,1,0,0,0,0,2,0,7,70,1,14295,14295,3,16,40,2,0,0,1,0
1318130,4,2023,2023,3,4,0,308,14,42,311,0,1,3,-33.730373,150.857413,7,0,2,1,2,0,0,0,0,0,7,100,2,204,204,1,29,35,2,0,2,0,0
1318131,2,2023,2023,4,6,7,4,27,6,34609,0,1,1,-35.527307,149.2312,58,1,0,1,0,0,0,0,2,0,7,100,0,96,96,0,5,5,2,0,0,1,3
1318134,2,2023,2023,7,2,2,10,27,10,34609,0,1,1,-28.385224,153.402549,72,2,1,0,0,0,3,4,0,0,7,80,0,1957,4009,8,5,40,1,0,0,1,0
1318137,1,2023,2023,7,6,4,2261,17,443,2252,0,1,9,-33.890426,151.05887,67,0,2,1,0,0,0,0,2,2,7,70,2,1282,1282,1,10,0,2,0,0,0,1
1318138,2,2023,2023,0,3,11,2261,17,523,2252,0,1,9,-33.932405,150.916854,41,0,2,1,2,0,0,0,0,2,7,60,2,5929,5929,1,0,5,2,0,0,2,0
1318139,1,2023,2023,3,1,9,11,2,52,34609,0,1,1,-33.26982,151.46254,16,2,2,1,2,0,0,0,3,0,7,50,0,9859,9859,1,5,0,2,0,0,0,1
1318141,1,2023,2023,7,4,1,4,27,151,34609,0,1,1,-34.019031,150.856564,13,0,2,1,2,0,0,0,0,0,7,50,0,4026,4026,8,5,40,1,0,0,0,1
1318143,2,2023,2023,4,2,9,54,31,28,62,0,1,9,-33.793506,151.195981,77,0,2,1,0,0,0,0,2,3,7,60,2,256,256,4,30,36,2,0,0,1,0
1318147,4,2023,2023,0,1,8,330,10,5,34609,0,1,1,-28.62172,152.98805,51,2,1,0,1,0,0,0,2,0,7,50,0,1957,4009,8,16,40,1,0,1,0,0
1318148,2,2023,2023,7,3,1,265,17,14,193,0,1,1,-33.985567,148.581031,51,1,0,1,0,0,3,3,0,0,7,100,2,475,475,5,5,40,1,0,0,1,0
1318150,2,2023,2023,7,4,3,24,24,85,34609,0,1,2,-33.792055,150.68892,55,0,2,0,1,0,0,0,2,0,7,50,0,2040,2040,9,0,28,2,0,0,1,0
1318151,4,2023,2023,7,6,10,3371,17,77,3342,0,1,1,-33.523031,151.197114,16,2,2,1,0,0,0,0,0,0,7,60,2,1192,1192,1,16,19,2,0,1,1,0
1318152,4,2023,2023,7,4,7,7,27,79,33,0,1,1,-33.960247,151.117455,4,0,2,1,0,2,0,0,2,0,7,50,1,9859,9859,8,16,40,1,0,1,0,0
1318153,1,2022,2022,10,0,3,19,31,445,34609,0,1,9,-33.851819,151.060721,54,0,2,1,1,0,0,0,2,0,7,50,0,2852,2852,4,5,5,2,0,0,0,1
1318154,4,2023,2023,0,1,7,61,27,53,208,0,1,1,-33.851521,150.960566,21,0,2,1,1,0,0,0,2,0,7,60,1,14295,14295,3,5,5,2,0,1,0,0
1318156,4,2023,2023,3,1,8,2,31,21,34609,1,0,10,-34.508469,144.841143,51,2,1,1,0,0,0,0,2,0,0,50,0,6545,6545,4,21,0,2,0,1,0,0
1318157,1,2023,2023,0,5,10,48,10,316,121,0,1,10,-31.434823,152.90016,56,2,1,1,2,0,0,0,0,2,7,50,1,6545,6545,4,10,0,2,0,0,0,1
1318159,1,2023,2023,7,6,11,73,24,40,88,0,1,1,-33.78049,151.237949,50,0,2,1,2,0,0,0,0,0,7,60,2,14295,14295,3,5,5,2,0,0,0,1
1318163,4,2023,2023,7,5,8,37,27,58,34609,0,1,1,-33.260878,151.39848,16,2,2,1,0,0,3,4,2,0,7,80,0,9859,9859,8,5,40,1,0,1,0,0
1318164,4,2023,2023,0,2,5,1,27,2,34609,0,1,1,-34.990302,146.923736,75,1,0,0,0,2,3,0,2,0,7,100,0,3775,3775,0,16,13,2,0,1,0,0
1318166,2,2023,2023,7,1,8,29,31,74,9,0,1,9,-33.752081,150.845675,7,0,2,1,2,0,0,3,2,2,7,60,2,5929,5929,1,5,0,2,0,0,2,2
1318167,1,2023,2023,0,2,8,97,31,460,92,0,1,9,-33.832867,150.992452,21,0,2,1,2,0,0,0,2,0,0,60,1,2040,2040,9,5,28,2,0,0,0,1
1318185,2,2023,2023,4,3,5,2126,17,26,2149,0,1,2,-33.702499,150.577312,8,2,2,0,1,0,3,4,2,0,7,80,2,2585,4009,8,5,40,1,0,0,1,0
1318186,2,2023,2023,4,2,8,60,10,121,84,0,1,2,-28.192787,153.540964,72,2,1,0,1,0,0,0,2,0,7,60,1,4552,5151,1,5,0,3,0,0,2,0
1318189,4,2023,2023,0,1,7,2,31,87,34609,0,1,1,-34.480847,150.439352,78,2,1,0,0,0,3,0,2,0,7,50,0,4552,5151,8,8,40,1,0,1,0,0
1318193,4,2023,2023,4,5,5,23,27,15,34609,0,1,1,-28.789218,153.470625,2,2,1,0,0,0,0,0,2,0,7,80,0,1981,1981,4,21,19,2,0,1,0,0
1318196,4,2023,2023,4,4,4,103,27,29,256,0,1,1,-34.187469,150.790686,79,2,2,0,1,0,0,0,2,0,7,50,2,3775,3775,0,5,5,3,0,2,1,0
1318197,2,2023,2023,4,5,11,48,27,70,166,0,1,1,-33.255561,151.505542,16,2,2,1,2,0,0,0,0,0,7,50,2,9859,9859,1,5,13,3,0,0,1,0
1318199,4,2023,2023,3,1,4,2261,17,92,2252,0,1,3,-34.001082,150.840792,13,0,2,1,0,0,0,0,2,0,7,110,2,1282,1282,1,5,5,2,0,1,1,1
1318201,1,2023,2023,4,5,5,916,17,1,917,0,1,9,-29.253065,151.994013,51,1,0,0,0,0,0,0,2,0,7,100,2,1259,5151,8,29,40,1,0,0,0,1
1318202,2,2023,2023,0,2,11,9,31,67,34609,0,1,1,-33.88947,151.007731,15,0,2,1,0,0,0,0,0,0,7,50,0,1109,787,1,0,18,2,0,0,1,0
1318203,1,2023,2023,0,6,3,3,1,40,34609,0,1,1,-34.006406,150.784913,12,0,2,1,3,0,0,3,0,0,7,50,0,941,941,1,10,0,2,0,0,0,1
1318205,2,2023,2023,0,3,5,17,31,42,34609,0,1,1,-36.007917,146.37676,51,2,1,1,3,0,0,0,2,0,7,50,0,4026,4026,1,0,13,2,0,0,1,0
1318206,1,2023,2023,7,0,6,344,27,168,382,0,1,10,-33.723981,150.844287,7,0,2,1,3,0,0,0,2,0,7,80,2,1391,1391,1,0,0,2,0,0,0,1
1318207,2,2023,2023,0,5,5,195,27,53,186,0,1,10,-33.943987,150.837252,41,0,2,0,3,0,0,0,2,2,7,70,2,14295,14295,3,5,36,2,0,0,2,0
1318212,2,2023,2023,3,1,7,229,14,175,237,0,1,3,-33.764301,151.086503,31,0,2,1,0,0,0,3,2,0,7,100,2,14295,14295,3,34,13,6,0,0,1,0
1318215,1,2023,2023,0,2,4,2,31,129,34609,0,1,9,-33.937658,151.065935,15,0,2,1,3,0,0,0,2,0,7,50,0,83,83,1,9,5,2,0,0,0,1
1318217,1,2023,2023,0,1,8,308,14,42,311,0,1,3,-33.731628,150.863613,7,0,2,1,3,0,0,0,2,0,7,100,2,1391,1391,1,29,5,2,0,0,0,1
1318220,2,2023,2023,3,0,9,35,27,22,49,0,1,1,-31.397837,150.647179,51,1,0,1,0,0,0,0,2,0,7,100,1,9859,9859,8,5,40,1,0,0,1,0
1318221,2,2023,2023,0,5,5,1,27,98,34609,0,1,10,-30.961423,150.227178,51,2,1,1,1,0,0,0,2,0,0,80,0,6545,6545,4,5,5,2,0,0,1,0
1318224,1,2023,2023,0,0,7,2126,17,75,2149,0,1,10,-33.873019,151.126104,14,0,2,1,3,0,0,0,2,2,7,60,2,14295,14295,3,8,5,2,0,0,0,1
1318229,2,2023,2023,0,1,9,3371,17,30,3342,0,1,10,-33.190775,151.56875,16,2,2,1,0,0,0,0,3,0,15,80,2,28,28,1,0,27,2,0,0,1,0
1318230,4,2023,2023,7,2,2,2,1,80,139,1,0,1,-34.563746,146.412994,51,2,1,0,2,0,0,0,0,0,7,50,2,380,714,5,34,40,1,0,1,0,0
1318231,2,2023,2023,7,0,8,346,17,106,332,0,1,1,-28.87001,153.035252,60,2,1,1,1,0,0,0,2,0,7,60,2,14295,14295,3,10,5,2,0,0,2,0
1318232,4,2023,2023,4,2,8,2,22,9,34609,0,1,1,-33.835098,151.057331,54,0,2,1,0,0,0,0,2,0,7,50,0,941,941,1,0,5,2,0,1,0,0
1318234,2,2023,2023,7,6,11,866,17,110,793,0,1,9,-33.758611,151.049114,71,0,2,1,2,0,0,0,0,2,7,70,2,5929,5929,1,5,0,2,0,0,1,0
1318238,2,2023,2023,0,3,5,1052,14,60,928,0,1,3,-33.42686,151.237505,16,1,2,0,0,0,0,0,2,0,7,110,2,190,190,1,5,40,2,0,0,1,0
1318241,2,2023,2023,7,4,11,213,17,132,213,0,1,1,-29.75554,151.050673,33,1,0,0,0,0,0,0,0,0,7,100,2,1089,1089,7,16,40,1,0,0,1,0
1318242,1,2023,2023,0,0,5,72,27,82,102,0,1,1,-33.794576,151.265921,50,0,2,1,0,0,0,0,2,0,7,60,2,2040,2040,9,0,28,2,0,0,0,1
1318243,2,2023,2023,0,6,6,15,31,107,34609,0,1,1,-33.28432,151.420399,16,2,2,1,1,0,0,0,2,0,7,50,0,4026,4026,1,5,0,2,0,0,1,0
1318244,4,2023,2023,0,4,7,2209,17,11,2205,0,1,1,-36.274766,150.127478,23,1,0,0,0,0,3,4,2,0,7,100,2,4552,5151,8,10,40,1,0,1,0,0
1318245,4,2023,2023,7,4,10,169,27,42,61,0,1,1,-33.827941,151.19262,38,0,2,0,2,0,3,4,0,0,7,50,1,4552,5151,8,0,40,1,0,1,0,0
1318246,2,2023,2023,3,4,6,34,31,132,34609,0,1,10,-29.771062,151.113759,33,2,1,1,0,0,0,0,2,0,0,40,0,6545,6545,4,5,5,2,0,0,1,0
1318248,2,2023,2023,7,4,0,27,27,87,34609,0,1,1,-33.920785,150.968529,41,0,2,1,2,0,0,0,0,0,7,60,0,9859,9859,1,5,12,2,0,0,1,0
1318249,4,2023,2023,0,6,8,2,1,562,34609,0,1,9,-32.243011,148.635756,22,2,1,1,1,0,0,0,3,0,7,50,0,775,775,4,0,27,2,0,1,0,0
1318251,1,2023,2023,0,0,10,1,27,26,34609,0,1,1,-31.965057,152.595586,43,2,1,0,0,2,3,4,0,0,7,50,0,4552,5151,8,10,40,1,0,0,0,1
1318252,4,2023,2023,7,5,4,56,27,443,44,0,1,1,-33.88972,151.060231,15,0,2,0,0,0,0,0,2,0,7,60,1,14295,14295,3,0,0,3,0,1,0,0
1318253,2,2023,2023,0,3,3,6,31,433,34609,0,1,10,-33.293662,149.104976,52,2,1,1,0,0,0,1,1,0,0,50,0,6545,6545,4,10,0,2,0,0,1,1
1318256,2,2023,2023,7,2,11,11,31,169,147,0,1,7,-28.650207,153.613184,10,2,1,1,2,0,3,4,0,0,0,50,1,6545,6545,4,30,36,2,0,0,2,0
1318259,4,2023,2023,7,4,9,31,1,13,34609,0,1,1,-32.791844,151.668441,42,2,1,0,2,0,0,0,0,0,7,50,0,4552,5151,1,16,5,2,0,1,0,0
1318264,1,2023,2023,0,4,7,7,27,57,34609,0,1,1,-32.990771,151.698757,37,0,2,1,3,0,3,4,2,0,7,60,0,1669,1669,3,21,36,2,0,0,0,1
1318265,4,2023,2023,0,4,5,5,31,57,34609,0,1,2,-34.667714,150.850355,35,2,1,1,3,0,0,3,2,0,7,40,0,4026,4026,1,0,5,3,0,1,0,0
1318266,2,2023,2023,7,1,7,14,27,84,34609,0,1,10,-33.888186,150.949023,24,0,2,1,1,0,0,3,2,0,0,50,0,6545,6545,4,5,25,2,0,0,2,0
1318267,1,2023,2023,3,1,3,2,27,19,34609,0,1,1,-35.719131,145.427514,51,1,0,0,0,0,3,0,1,0,7,100,0,418,714,5,10,40,1,0,0,0,1
1318268,2,2023,2023,3,1,10,81,17,83,100,0,1,1,-34.450135,150.450675,78,2,1,1,0,0,3,4,0,0,7,50,2,14295,14295,3,0,0,4,0,0,2,0
1318270,2,2023,2023,0,1,6,5,31,107,30,0,1,9,-33.878059,151.19817,69,0,2,1,3,0,3,0,2,0,7,50,1,1945,1945,5,15,40,1,0,0,1,0
1318271,2,2023,2023,0,2,8,2209,17,25,2205,0,1,2,-34.140194,150.994058,68,0,2,0,3,0,0,0,2,0,7,80,2,1957,4009,8,5,40,1,0,0,1,0
1318273,2,2023,2023,7,0,11,1,31,106,34609,0,1,9,-33.67135,151.297574,50,0,2,1,2,0,0,0,0,0,7,50,0,1192,1192,1,33,27,2,0,0,1,0
1318274,4,2023,2023,7,5,1,6,1,136,34609,0,1,1,-33.862791,151.064975,67,0,2,1,2,0,0,0,0,0,7,50,0,312,312,2,16,40,1,0,1,0,0
1318276,4,2023,2023,0,1,5,78,31,38,34609,0,1,1,-32.764029,151.865068,57,2,1,0,1,0,0,0,2,0,7,80,0,2585,4009,8,5,40,1,0,1,0,0
1318278,1,2023,2023,0,0,6,92,27,55,34609,0,1,10,-33.885168,151.270559,76,0,2,1,3,0,0,0,2,0,0,50,0,6545,6545,4,5,19,2,0,0,0,1
1318279,1,2023,2023,0,6,7,222,27,278,34609,0,1,10,-33.779186,151.047824,54,0,2,1,3,0,3,0,2,0,7,50,0,1850,777,5,16,40,1,0,0,0,1
1318292,2,2023,2023,0,3,9,64,27,175,284,0,1,10,-33.77116,151.080268,54,0,2,1,3,0,3,3,3,2,9,60,2,5929,5929,1,5,0,2,0,0,1,0
1318295,2,2023,2023,0,5,5,53,27,155,51,0,1,9,-33.497333,151.319816,16,2,2,1,3,0,0,3,2,0,0,60,1,2852,2852,4,0,5,2,0,0,1,0
1318298,2,2023,2023,0,6,5,3,27,36,34609,0,1,1,-32.940447,151.621169,37,0,2,0,1,0,0,0,2,0,7,80,0,3775,3775,0,5,0,2,0,0,3,0
1318299,2,2023,2023,7,0,8,916,17,104,917,0,1,2,-32.822411,151.682903,48,0,2,1,0,0,0,0,2,0,7,80,2,1109,397,1,33,19,2,0,0,1,0
1318301,4,2023,2023,0,4,7,13,23,32,34609,0,1,1,-32.942297,151.709756,48,0,2,1,1,0,0,0,2,0,7,50,0,340,340,9,0,28,2,0,1,0,0
1318303,1,2023,2023,0,6,9,234,27,112,217,0,1,7,-33.695953,151.030712,31,0,2,1,2,0,0,0,0,0,0,60,2,926,926,4,0,13,2,0,0,0,2