Crash ID,Degree of crash - detailed,Reporting year,Year of crash,Month of crash,Day of week of crash,Two-hour intervals,Street of crash,Street type,Town,Route no.,School zone location,School zone active,Type of location,Latitude,Longitude,LGA,Urbanisation,Conurbation 1,Alignment,Street lighting,Road surface,Surface condition,Weather,Natural lighting,Signals operation,Other traffic control,Speed limit,Road classification,RUM - code,DCA - code,First impact type,Key TU type,Other TU type,No. of traffic units involved,No. killed,No. seriously injured,No. moderately injured,No. minor-other injured
1318310,4,2023,2023,7,1,3,1,27,1,34609,0,1,1,-29.054223,150.355005,51,1,0,1,0,0,0,0,2,0,7,100,0,1089,1089,7,0,40,1,0,1,0,0
1318311,2,2023,2023,7,2,6,32,27,78,28,0,1,1,-33.905919,150.787946,41,0,2,1,0,0,0,0,2,0,7,70,1,4026,4026,8,0,40,1,0,0,1,0
1318313,1,2022,2022,9,1,9,8,7,234,34609,0,1,9,-34.295258,146.027069,28,2,1,1,0,0,0,0,3,0,0,50,0,489,489,8,16,40,1,0,0,0,2
1318314,2,2023,2023,7,0,0,194,31,157,769,1,0,9,-33.793567,151.000022,54,0,2,1,3,0,3,3,0,2,7,60,2,1850,985,5,16,40,1,0,0,1,0
1318316,4,2023,2023,0,1,4,2126,17,73,2149,0,1,9,-33.887655,151.17165,32,0,2,1,1,0,0,0,2,2,7,60,2,2852,2852,4,9,0,3,0,1,0,2
1318317,4,2023,2023,0,1,5,2209,17,6,2205,0,1,1,-36.448668,149.856338,5,1,0,1,0,0,0,0,2,0,7,100,2,4026,4026,8,8,40,2,0,2,0,0
1318318,2,2023,2023,0,0,10,51,31,135,34609,0,1,9,-32.899462,151.73051,48,0,2,1,2,0,0,0,0,0,7,50,0,2585,777,8,5,40,2,0,0,1,0
1318320,2,2023,2023,7,4,11,224,27,49,321,0,1,1,-33.961094,151.213992,4,0,2,1,3,0,0,0,0,0,7,50,2,9859,9859,8,5,40,1,0,0,1,0
1318321,4,2023,2023,7,5,2,2126,17,60,2149,0,1,1,-33.650914,150.284921,8,2,2,1,0,0,0,3,0,0,7,80,2,3775,3775,0,21,35,2,0,1,0,0
1318323,4,2023,2023,0,2,9,59,31,107,321,0,1,9,-33.8823,151.201208,69,0,2,1,2,0,0,0,0,2,7,40,2,395,395,1,5,18,2,0,1,0,0
1318325,2,2023,2023,7,0,7,3371,17,463,3342,0,1,10,-30.312296,153.094737,19,2,1,1,1,0,0,0,2,2,7,60,2,2852,2852,4,5,36,2,0,0,2,0
1318329,2,2023,2023,0,1,7,43,27,10,34609,0,1,1,-33.932236,151.128714,4,0,2,1,1,0,0,0,2,0,7,50,0,941,941,1,5,27,2,0,0,1,0
1318330,4,2023,2023,0,1,5,8,27,4,34609,0,1,1,-34.045925,150.857576,13,0,2,1,1,0,0,0,2,0,7,70,0,14295,14295,3,5,0,3,0,1,0,0
1318331,2,2023,2023,0,0,5,1,31,30,34609,0,1,10,-30.081987,145.947423,51,2,1,1,1,0,0,0,2,0,0,50,0,6545,6545,4,0,5,2,0,0,1,0
1318332,4,2023,2023,4,0,11,31,27,20,46,0,1,1,-33.470872,150.182804,40,2,1,0,0,0,0,0,0,0,7,60,2,2585,4009,8,0,40,1,0,1,0,1
1318333,1,2023,2023,0,6,4,126,27,370,168,0,1,2,-34.069581,150.803739,13,0,2,1,1,0,0,0,2,0,7,60,2,14295,14295,3,5,5,3,0,0,0,2
1318338,1,2023,2023,0,6,4,6,31,90,34609,0,1,10,-33.717433,150.312226,8,2,2,0,1,0,0,0,2,0,15,50,0,6545,6545,4,5,27,2,0,0,0,1
1318339,2,2023,2023,3,6,6,866,17,44,793,0,1,9,-33.794301,150.983152,54,0,2,1,1,0,0,0,2,2,7,70,2,14295,14295,3,10,0,2,0,0,1,0
1318340,4,2023,2023,7,4,2,20,27,162,34609,0,1,9,-33.836823,150.912831,24,0,2,0,2,0,0,0,0,2,7,60,0,5929,5929,1,8,19,2,0,1,0,0
1318342,1,2023,2023,3,0,3,165,31,363,34609,0,1,1,-33.815265,151.010298,54,0,2,1,1,0,0,0,2,0,7,40,0,941,941,1,5,5,2,0,0,0,1
1318343,1,2023,2023,7,5,6,1,27,6,34609,0,1,1,-28.67408,153.46897,10,1,0,0,0,0,0,0,2,0,7,100,0,418,714,5,8,40,1,0,0,0,1
1318344,4,2023,2023,7,5,7,15,27,69,34609,0,1,2,-32.897844,151.691924,48,0,2,1,1,0,3,4,2,0,7,50,0,9859,9859,8,5,40,1,0,1,1,0
1318346,1,2023,2023,7,0,7,120,36,1,148,0,1,1,-30.36336,152.720452,6,1,0,1,1,0,3,4,2,0,7,100,2,14295,14295,3,10,5,2,0,0,0,1
1318347,1,2023,2023,0,5,5,220,27,69,222,0,1,10,-33.774183,150.961443,54,0,2,1,3,0,0,0,2,3,7,80,2,14295,14295,3,5,12,2,0,0,0,1
1318360,2,2023,2023,7,4,6,38,27,218,70,0,1,7,-33.743592,150.778049,55,0,2,0,3,0,0,0,2,0,0,60,1,926,926,4,29,0,2,0,0,1,0
1318363,2,2023,2023,0,1,8,21,27,7,61,0,1,1,-34.22758,146.110227,28,1,0,0,3,0,0,0,2,0,7,100,1,4552,5151,8,10,40,1,0,0,1,0
1318366,1,2023,2023,0,5,1,829,27,125,770,0,1,2,-33.828603,151.126494,61,0,2,1,3,0,0,0,0,0,7,60,2,1192,1192,1,5,0,2,0,0,0,1
1318369,1,2023,2023,7,5,4,47,31,363,31,0,1,10,-33.818962,151.011288,54,0,2,1,2,0,0,0,2,2,7,60,1,6545,6545,4,5,0,2,0,0,0,1
1318372,2,2023,2023,0,0,3,8,27,271,34609,0,1,7,-33.947491,151.00931,15,0,2,1,3,0,0,0,2,0,0,60,0,1669,1669,3,0,5,2,0,0,1,0
1318375,4,2023,2023,7,1,5,2209,17,4,2205,0,1,10,-36.315377,150.080556,23,1,0,0,0,0,0,0,2,0,7,100,2,5929,5929,1,21,0,2,0,1,2,2
1318377,2,2023,2023,0,6,7,829,27,149,770,0,1,10,-33.865306,151.172174,32,0,2,1,1,0,0,0,2,2,7,60,2,6545,6545,4,30,5,2,0,0,1,0
1318379,2,2023,2023,0,2,4,9,31,57,34609,0,1,10,-32.814318,151.477462,17,2,1,1,1,0,0,0,2,0,0,50,0,6545,6545,4,5,0,2,0,0,1,0
1318380,4,2023,2023,7,1,7,59,27,38,53,0,1,10,-34.127066,150.738482,79,2,2,1,3,0,0,0,2,0,15,50,1,6545,6545,4,21,2,2,0,1,1,0
1318383,4,2023,2023,3,6,8,48,31,139,605,0,1,2,-33.829194,151.210428,49,0,2,1,1,0,0,0,3,0,7,60,2,1220,1220,9,5,28,2,0,1,1,0
1318385,4,2023,2023,7,0,9,4,31,12,34609,0,1,7,-33.790321,151.251071,50,0,2,1,2,0,0,0,3,0,0,50,0,9859,9859,8,16,40,1,0,1,0,0
1318386,4,2023,2023,7,2,6,117,27,72,144,0,1,1,-33.848779,151.089723,14,0,2,1,1,0,0,0,2,0,7,60,2,190,190,1,16,0,2,0,1,0,0
1318387,1,2023,2023,3,2,2,51,31,166,34609,0,1,1,-33.424059,149.584884,3,2,1,1,2,0,0,0,0,0,8,60,0,404,404,8,16,40,1,0,0,0,1
1318388,4,2023,2023,0,3,7,99,27,39,39,0,1,1,-33.548833,150.860974,29,2,2,1,0,0,0,0,2,0,7,80,1,9859,9859,8,10,40,1,0,1,3,1
1318390,1,2022,2022,2,2,6,32,27,83,34609,0,1,1,-34.470769,150.466132,78,2,1,1,0,0,0,0,2,0,7,70,0,1282,1282,1,16,40,1,0,0,0,1
1318395,4,2023,2023,7,3,5,55,27,151,160,0,1,10,-34.02358,150.850463,13,0,2,1,1,0,0,0,2,0,0,60,2,6545,6545,4,10,5,3,0,1,0,0
1318396,4,2023,2023,3,1,9,2261,31,42,34609,0,1,9,-36.009181,146.375666,51,2,1,1,0,0,0,0,2,0,0,50,0,323,323,1,30,5,2,0,1,0,0
1318398,4,2023,2023,4,4,1,77,27,25,100,0,1,1,-34.494032,150.40987,78,2,1,1,2,0,0,0,0,0,7,60,2,368,368,9,5,28,2,0,1,1,0
1318400,1,2023,2023,0,0,5,387,27,115,331,0,1,10,-33.958972,151.063975,25,0,2,1,3,0,0,0,2,2,7,60,2,395,395,1,5,5,2,0,0,0,1
1318403,4,2023,2023,4,1,9,2261,17,47,2252,0,1,6,-35.736526,147.304719,27,1,0,0,0,0,0,0,2,0,7,110,2,2585,4009,8,10,40,1,0,1,0,0
1318404,4,2023,2023,3,2,6,3371,17,147,3342,0,1,2,-33.740722,151.137781,36,0,2,1,1,0,0,0,2,0,7,60,2,1383,1383,1,9,5,6,0,3,0,1
1318405,2,2023,2023,0,2,10,109,36,8,108,0,1,1,-28.441847,153.486176,72,2,1,0,0,0,0,0,0,0,7,60,1,1220,1220,9,30,28,2,0,0,1,0
1318409,2,2023,2023,0,4,9,39,31,131,34609,0,1,10,-36.07719,146.921498,0,2,1,1,2,0,0,0,0,2,7,50,0,6545,6545,4,5,5,2,0,0,1,0
1318410,2,2023,2023,0,2,5,38,27,78,38,0,1,9,-33.392782,151.452405,16,2,2,0,1,0,3,3,2,0,0,60,1,926,926,4,33,13,2,0,0,1,0
1318413,4,2023,2023,7,0,5,204,31,53,82,1,0,2,-35.135912,147.352358,75,2,1,1,1,0,0,0,2,0,9,60,1,591,591,1,22,5,2,0,1,0,0
1318414,2,2023,2023,7,5,8,8,27,10,9,0,1,1,-30.757338,152.947552,47,1,0,0,0,0,3,4,3,0,7,90,1,2585,4009,8,0,40,1,0,0,1,0
1318416,4,2023,2023,3,4,6,1052,14,33,928,0,1,3,-33.648289,151.13823,31,0,2,1,0,0,0,0,2,0,7,110,2,204,204,1,0,10,2,0,1,0,0
1318417,2,2023,2023,3,5,0,2209,17,32,2205,0,1,2,-34.589805,150.844348,62,0,2,0,2,0,0,0,0,0,7,100,2,2585,4009,8,0,40,1,0,0,1,0
1318418,2,2023,2023,4,1,0,1104,11,130,770,0,1,2,-33.870076,151.18908,69,0,2,0,2,0,3,2,0,0,7,60,2,14295,14295,3,0,12,2,0,0,1,0
1318419,4,2023,2023,3,6,10,18,27,9,41,0,1,9,-33.29802,148.994334,11,2,1,0,0,0,0,0,0,0,0,80,1,6545,6545,4,5,13,2,0,1,0,0
1318420,4,2023,2023,3,5,3,2209,17,133,2205,0,1,1,-34.510403,150.786224,80,0,2,0,1,0,0,0,2,0,7,60,2,190,190,1,5,25,2,0,1,0,0
1318427,2,2023,2023,0,0,5,55,13,112,34609,0,1,1,-33.44553,151.443701,16,2,2,1,3,0,0,0,2,0,7,40,0,1669,1669,3,0,5,2,0,0,1,0
1318429,1,2023,2023,7,1,4,61,27,53,208,1,2,9,-33.846735,150.962185,21,0,2,1,3,0,0,0,2,0,0,40,1,1669,1669,3,0,25,2,0,0,0,1
1318433,1,2023,2023,0,6,9,43,2,40,42,0,1,2,-33.732285,150.97128,71,0,2,1,3,0,0,0,0,0,7,70,2,1282,1282,1,0,5,2,0,0,0,1
1318436,1,2023,2023,0,5,8,178,27,115,34609,0,1,7,-33.964762,151.049679,25,0,2,1,3,0,0,0,2,0,0,50,0,6545,6545,4,5,5,2,0,0,0,1
1318438,1,2023,2023,4,5,8,46,27,148,43,0,1,1,-36.046396,146.930034,0,2,1,1,3,0,0,0,2,0,7,60,1,14295,14295,3,5,36,3,0,0,0,1
1318439,1,2023,2023,0,6,5,866,17,278,793,0,1,9,-33.777714,151.051952,54,0,2,1,3,0,0,0,2,2,7,60,2,1391,1391,1,0,5,2,0,0,0,1
1318443,4,2023,2023,7,5,10,112,27,370,256,0,1,10,-34.057146,150.82409,13,0,2,1,2,0,3,3,0,2,7,60,2,5929,5929,1,5,0,2,0,1,0,0
1318448,2,2023,2023,7,0,10,2261,17,204,2252,0,1,2,-33.90419,150.94312,24,0,2,1,2,0,0,0,0,0,7,70,2,1192,1192,1,5,5,2,0,0,1,0
1318451,2,2023,2023,3,0,11,20,27,40,20,0,1,1,-34.987753,150.593051,63,1,0,1,0,0,0,0,0,0,7,90,1,9859,9859,8,30,40,1,0,0,1,1
1318454,2,2023,2023,0,2,2,280,10,314,82,0,1,10,-33.850836,150.922233,24,0,2,1,1,0,0,0,0,2,7,50,1,3775,3775,0,0,5,2,0,0,1,0
1318455,1,2023,2023,7,1,3,222,31,131,212,0,1,2,-33.786839,151.181179,77,0,2,1,1,0,0,0,2,0,7,60,2,312,312,2,19,40,1,0,0,0,1
1318457,2,2023,2023,0,6,7,916,17,18,917,0,1,9,-32.743925,151.569061,42,2,1,1,0,0,0,0,2,2,7,80,2,5929,5929,1,9,5,2,0,0,1,2
1318459,2,2023,2023,3,2,6,103,27,13,98,0,1,9,-33.493101,150.818308,29,2,2,0,0,0,0,0,2,0,7,80,2,237,162,8,9,40,1,0,0,1,0
1318460,1,2023,2023,0,3,3,11,27,92,34609,1,0,1,-33.409933,151.355832,16,2,2,1,2,0,0,0,1,0,7,50,0,1945,1945,5,16,40,1,0,0,0,1
1318462,2,2023,2023,0,2,8,3371,17,25,3342,0,1,9,-32.740228,151.777509,57,1,0,1,1,0,0,0,2,0,0,110,2,2585,777,8,5,40,1,0,0,1,0
1318465,4,2023,2023,0,5,3,1,27,9,12,0,1,9,-35.55275,147.659581,27,1,0,1,0,0,0,0,1,0,0,100,2,489,489,8,9,40,1,0,3,0,0
1318467,2,2023,2023,7,5,10,47,31,363,31,0,1,10,-33.818962,151.011288,54,0,2,1,2,0,3,3,3,2,7,60,1,6545,6545,4,5,5,2,0,0,1,0
1318469,2,2023,2023,0,1,7,4,27,56,34609,0,1,1,-32.822872,151.301537,17,2,1,1,0,0,0,0,2,0,7,80,0,1945,1945,5,16,40,1,0,0,1,0
1318473,1,2023,2023,7,6,10,89,31,532,34609,0,1,10,-33.865142,151.204855,69,0,2,1,2,0,0,0,0,2,9,40,0,1220,1220,9,5,28,2,0,0,0,1
1318479,4,2023,2023,7,0,8,62,10,92,62,1,2,7,-33.411722,151.350003,16,2,2,1,3,0,0,0,2,0,0,40,2,6545,6545,4,0,5,2,0,1,0,0
1318481,2,2023,2023,0,0,6,5,31,106,34609,0,1,1,-28.856383,153.051733,60,2,1,1,3,0,0,0,2,0,8,50,0,1981,1981,4,10,5,2,0,0,1,0
1318482,2,2023,2023,7,3,0,1,10,78,34609,0,1,7,-33.824615,150.806356,55,0,2,0,2,0,0,0,0,0,0,50,0,1850,985,5,29,40,1,0,0,1,0
1318485,2,2023,2023,7,6,9,3371,17,225,3342,1,0,9,-33.797722,151.178237,77,0,2,1,2,0,0,0,3,2,7,60,2,1192,1192,1,22,5,2,0,0,1,0
1318489,1,2023,2023,3,1,7,43,2,40,42,0,1,9,-33.731689,150.966983,71,0,2,0,3,0,0,0,2,2,7,70,2,14295,14295,3,5,0,3,0,0,0,1
1318490,2,2023,2023,7,5,8,89,17,82,34609,0,1,10,-34.373176,150.896903,80,0,2,1,3,0,0,3,2,2,7,50,0,14295,14295,3,5,13,2,0,0,1,0
1318493,1,2023,2023,0,2,11,283,27,145,702,1,0,10,-33.923,151.068423,15,0,2,1,3,0,0,0,0,2,7,60,2,14295,14295,3,5,0,3,0,0,0,1
1318495,2,2023,2023,0,2,6,3,18,20,34609,0,1,9,-33.268366,151.337116,16,2,2,0,3,0,3,0,2,0,7,80,0,3775,3775,0,16,12,2,0,0,1,0
1318496,4,2023,2023,0,1,5,123,31,251,34609,0,1,1,-33.780166,150.944849,7,0,2,1,3,0,0,0,2,0,7,50,0,9859,9859,1,5,5,2,0,1,0,0
1318500,2,2023,2023,0,5,5,829,27,125,770,0,1,2,-33.829025,151.126642,61,0,2,1,1,0,0,0,2,0,7,60,2,14295,14295,3,8,25,2,0,0,1,0
1318504,2,2023,2023,0,5,6,9,31,215,34609,0,1,10,-35.109545,147.357768,75,2,1,1,0,0,0,0,2,0,0,50,0,6545,6545,4,0,0,2,0,0,1,0
1318506,4,2023,2023,0,5,3,15,27,103,34609,0,1,1,-28.824306,153.322123,39,2,1,1,1,0,3,0,2,0,7,50,0,3775,3775,0,10,0,2,0,2,0,0
1318507,2,2023,2023,0,2,4,4,27,70,34609,0,1,10,-33.980402,151.105861,25,0,2,1,1,0,0,0,2,0,0,50,0,6545,6545,4,5,27,2,0,0,1,0
1318508,4,2023,2023,7,5,3,34,31,79,44,0,1,9,-33.827648,151.214223,49,0,2,1,2,0,0,0,2,2,7,50,1,5929,5929,1,5,27,2,0,1,0,0
1318509,2,2023,2023,3,5,4,294,27,49,34609,0,1,7,-34.041763,151.14289,68,0,2,1,1,0,3,4,2,0,0,50,0,6545,6545,4,10,27,2,0,0,1,0
1318513,1,2023,2023,0,3,2,6,31,75,34609,0,1,10,-32.783198,151.641617,42,2,1,1,2,0,0,0,0,2,7,50,0,1957,777,8,5,40,2,0,0,0,1
1318516,4,2023,2023,7,4,8,150,27,173,415,0,1,2,-33.784503,151.129179,61,0,2,1,1,0,0,0,2,0,7,70,2,1192,1192,1,0,0,2,0,1,1,1
1318518,2,2023,2023,7,1,7,42,27,370,34609,0,1,7,-34.079131,150.804247,13,0,2,1,1,0,0,0,2,0,0,50,0,14295,14295,3,5,5,2,0,0,1,0
1318519,2,2023,2023,3,2,0,120,36,9,148,0,1,1,-30.342439,152.411386,18,1,0,0,0,0,0,0,0,0,7,100,2,4552,5151,8,5,40,1,0,0,1,0
1318520,4,2023,2023,4,4,4,3371,17,225,3342,0,1,9,-33.793435,151.179746,77,0,2,0,1,0,3,3,2,2,7,60,2,5929,5929,1,5,0,2,0,1,0,0
1318526,4,2023,2023,0,0,10,15,31,17,34609,0,1,1,-28.503815,153.525269,10,2,1,1,0,0,3,4,0,0,7,50,0,945,945,5,0,40,1,0,1,0,0
1318527,1,2023,2023,7,4,3,866,17,314,793,0,1,2,-33.853867,150.940265,24,0,2,1,1,0,0,6,1,0,7,70,2,4026,4026,8,30,40,1,0,0,0,1
1318529,4,2023,2023,4,0,5,330,1,144,34609,0,1,10,-34.060225,151.007943,68,0,2,1,1,0,3,4,2,0,15,50,0,6545,6545,4,5,0,2,0,2,0,0
1318530,4,2023,2023,0,2,5,194,31,309,702,0,1,2,-33.821598,151.097634,61,0,2,1,0,0,0,0,2,0,7,70,2,3775,3775,0,0,12,3,0,1,0,0
1318533,2,2023,2023,3,2,11,361,23,204,34609,0,1,9,-33.902481,150.937042,24,0,2,1,2,0,3,3,0,0,7,50,0,4552,985,8,5,40,1,0,0,1,0
1318539,4,2023,2023,7,0,11,3371,17,69,3342,0,1,10,-32.937794,151.748608,48,0,2,1,2,0,0,0,0,2,7,60,2,6545,6545,4,5,0,2,0,1,1,0
1318540,2,2023,2023,7,4,4,143,31,173,181,0,1,1,-33.880146,151.216225,69,0,2,1,1,0,3,4,2,0,7,40,2,14295,14295,3,19,22,2,0,0,2,3
1318541,4,2023,2023,7,3,7,103,27,29,256,0,1,1,-34.179761,150.790912,79,2,2,1,0,0,0,0,2,0,7,80,2,1669,1669,3,5,5,2,0,1,0,0
1318546,2,2023,2023,3,3,9,500,27,106,799,0,1,10,-33.922206,151.094878,15,0,2,1,2,0,0,0,3,2,7,60,2,1669,1669,3,5,18,2,0,0,1,0
1318547,2,2023,2023,3,0,4,1,31,173,34609,0,1,10,-33.878364,151.22185,69,0,2,1,1,0,0,0,2,0,0,40,0,186,186,1,5,5,2,0,0,1,0
1318552,4,2023,2023,7,4,3,3,10,62,34609,0,1,7,-33.722347,150.853437,7,0,2,0,1,0,0,0,2,0,0,50,0,1109,397,1,0,25,2,0,1,1,0
1318553,2,2023,2023,3,1,7,98,27,87,799,0,1,10,-33.928675,150.96228,41,0,2,1,1,0,0,0,2,2,7,70,2,5929,5929,1,8,5,2,0,0,1,0
1318562,2,2023,2023,7,4,4,5,25,74,34609,0,1,9,-33.709272,151.055112,31,0,2,1,0,0,0,0,2,0,7,50,0,1850,985,5,5,40,1,0,0,1,0
1318563,2,2023,2023,3,2,7,512,17,433,441,0,1,1,-33.24638,149.063725,52,1,0,1,0,0,0,0,2,0,7,100,2,9859,9859,8,5,40,1,0,0,1,0
1318564,2,2023,2023,0,1,9,4,31,49,34609,0,1,10,-34.443746,147.529259,51,2,1,1,1,0,0,0,3,0,0,50,0,6545,6545,4,5,5,2,0,0,1,0
1318566,2,2023,2023,0,6,8,2,27,204,1,0,1,10,-33.941639,151.132157,4,0,2,1,3,0,0,0,2,0,15,50,1,5929,5929,1,0,5,2,0,0,1,0
1318573,2,2023,2023,0,1,7,8,31,215,34609,0,1,1,-35.111936,147.370294,75,2,1,1,3,0,0,0,2,0,7,50,0,14295,14295,3,5,0,2,0,0,1,0
1318575,1,2023,2023,0,4,5,191,27,309,208,0,1,9,-33.810248,151.105991,61,0,2,0,3,0,3,4,2,2,7,60,2,1391,1391,1,10,5,2,0,0,0,1
1318576,1,2023,2023,7,6,8,56,27,115,80,0,1,9,-33.875586,151.190001,69,0,2,0,3,0,0,0,3,0,0,40,2,14295,14295,3,9,5,2,0,0,0,1
1318577,1,2023,2023,0,6,2,103,27,94,563,0,1,2,-33.83231,151.048958,54,0,2,1,3,0,0,0,0,0,7,70,2,9859,9859,8,10,40,1,0,0,0,3
1318579,1,2023,2023,0,0,6,105,17,251,136,0,1,10,-33.776727,150.933164,7,0,2,1,3,0,0,0,2,2,7,60,2,1192,1192,1,5,35,2,0,0,0,1
1318590,1,2023,2023,7,4,8,3371,17,73,3342,0,1,9,-33.776583,151.168685,36,0,2,1,0,0,0,0,2,0,7,60,2,591,591,1,22,0,2,0,0,0,1
1318592,1,2023,2023,7,4,8,475,10,78,268,0,1,1,-33.880812,150.794916,41,0,2,1,0,0,0,0,2,0,7,60,2,14295,14295,3,5,5,2,0,0,0,1
1318593,4,2023,2023,0,6,3,1,17,51,21,0,1,1,-34.188145,150.96938,80,0,2,0,0,0,0,0,2,0,7,70,1,2585,4009,8,5,40,1,0,1,0,0
1318595,1,2023,2023,0,2,7,23,10,64,101,1,0,9,-32.938708,151.712138,48,0,2,1,1,0,0,0,2,2,7,50,2,1981,1981,4,5,17,2,0,0,0,1
1318599,1,2023,2023,0,2,5,36,27,43,38,0,1,1,-33.760117,151.245471,50,0,2,1,0,0,0,0,2,0,7,60,1,9859,9859,8,22,40,1,0,0,0,1
1318603,4,2023,2023,4,6,6,14,27,4,34609,0,1,1,-33.341134,149.074622,52,1,0,1,0,0,0,0,2,0,7,100,0,14295,14295,3,22,27,2,0,1,0,0
1318606,4,2023,2023,7,0,4,2261,17,201,2252,0,1,3,-34.000265,150.843339,13,0,2,1,0,0,0,0,2,0,7,110,2,9859,9859,8,5,40,2,0,1,0,0
1318610,1,2023,2023,0,3,4,32,27,14,26,0,1,1,-33.647262,151.279645,50,0,2,0,1,0,0,0,2,0,7,50,1,1850,1463,5,22,40,1,0,0,0,1
1318613,4,2023,2023,0,3,11,512,17,2,441,0,1,1,-32.756917,148.928493,22,1,0,1,0,0,0,0,0,0,7,100,2,4026,4026,8,0,40,1,0,1,1,2
1318615,4,2023,2023,0,5,7,43,27,9,118,0,1,1,-30.462264,150.627442,70,1,0,0,0,0,0,0,2,0,7,100,2,2585,4009,8,0,40,1,0,1,0,0
1318617,2,2023,2023,4,3,11,478,17,96,480,0,1,2,-33.428081,151.394176,16,2,2,1,1,0,0,0,0,0,7,60,2,9859,9859,8,0,40,1,0,0,1,0
1318619,4,2023,2023,0,5,6,18,1,112,34609,0,1,2,-33.904369,151.212444,69,0,2,1,1,0,0,0,2,0,7,40,0,1981,1981,4,10,27,2,0,1,0,0
1318626,2,2023,2023,7,4,8,78,27,147,78,0,1,9,-33.868504,151.129673,14,0,2,1,2,0,0,0,2,2,7,50,2,2040,2040,9,5,28,2,0,0,1,0
1318627,2,2023,2023,7,2,5,8,1,37,80,0,1,10,-33.021531,151.675331,37,0,2,1,1,0,3,3,2,0,15,60,1,2852,2852,4,5,5,2,0,0,3,0
1318629,2,2023,2023,7,0,4,15,31,169,34609,0,1,1,-28.643818,153.61231,10,2,1,1,1,0,0,0,2,0,7,50,0,368,368,9,10,28,2,0,0,1,0
1318633,2,2023,2023,0,5,8,175,27,55,220,0,1,9,-33.749401,150.915969,7,0,2,1,1,0,0,0,2,2,7,50,2,2852,2852,4,5,0,2,0,0,1,0
1318634,2,2023,2023,0,2,6,98,27,251,136,1,0,1,-33.788025,150.919882,7,0,2,1,1,0,0,0,2,0,7,60,2,14295,14295,3,29,5,3,0,0,1,0
1318637,1,2023,2023,7,4,4,59,27,271,42,0,1,9,-33.949165,151.017423,15,0,2,1,3,0,0,0,2,0,0,60,1,1282,1282,1,5,5,2,0,0,0,1
1318638,1,2023,2023,0,4,4,866,17,278,793,0,1,9,-33.772668,151.05117,54,0,2,1,3,0,0,0,2,0,0,60,2,623,623,3,0,0,2,0,0,0,1
1318639,2,2023,2023,7,4,10,14,31,155,231,0,1,1,-33.487614,151.322357,16,2,2,1,3,0,0,0,0,0,7,50,2,1981,1981,4,5,5,2,0,0,1,0
1318640,2,2023,2023,0,4,10,1,18,14,34609,0,1,1,-31.138102,150.880181,70,1,0,1,3,0,0,0,0,0,7,100,0,1089,1089,7,5,40,1,0,0,1,0
1318641,2,2023,2023,0,1,6,59,34,4,34609,0,1,1,-33.021364,151.305686,17,1,0,1,3,2,3,0,2,0,7,100,0,1945,1945,5,16,40,1,0,0,1,0
1318642,1,2023,2023,7,4,5,153,27,197,147,1,0,1,-33.952478,151.084035,25,0,2,1,3,0,0,0,2,0,7,60,2,14295,14295,3,16,12,2,0,0,0,1
1318644,1,2023,2023,0,5,7,2209,17,14,2205,0,1,2,-33.976789,151.125112,25,0,2,1,3,0,0,0,2,0,7,70,2,14295,14295,3,10,25,2,0,0,0,1
1318646,2,2023,2023,0,5,5,2126,17,363,2149,0,1,10,-33.756826,150.712066,55,0,2,1,3,0,0,0,2,2,7,60,2,14295,14295,3,5,0,2,0,0,1,0
1318648,1,2023,2023,7,6,4,1104,14,223,962,0,1,3,-33.80634,150.926518,7,0,2,1,3,0,0,0,2,0,7,100,2,14295,14295,3,9,12,2,0,0,0,1
1318650,2,2023,2023,0,1,7,13,27,19,34609,0,1,1,-28.278457,153.516472,72,2,1,0,3,0,0,0,2,0,7,80,0,3775,3775,0,0,13,2,0,0,1,0
1318651,2,2023,2023,0,6,4,23,27,136,101,0,1,9,-32.926069,151.71825,48,0,2,0,1,0,3,3,2,2,7,60,2,14295,14295,3,16,5,2,0,0,1,0
1318652,1,2023,2023,0,5,11,2126,17,445,2149,0,1,9,-33.851258,151.054551,21,0,2,1,3,0,0,0,0,0,7,60,2,14295,14295,3,21,5,2,0,0,0,1
1318658,4,2023,2023,0,1,7,89,27,8,228,0,1,1,-33.290223,150.97021,29,2,2,1,0,2,0,0,2,0,7,50,1,1945,1945,5,16,40,1,0,1,0,0
1318667,2,2023,2023,0,1,1,3,27,18,34609,0,1,1,-31.150325,150.991699,70,1,0,1,0,0,0,0,0,0,7,100,0,41,41,8,5,40,2,0,0,2,0
1318671,2,2023,2023,0,2,10,9,31,445,34609,0,1,9,-33.865125,151.045438,21,0,2,1,3,0,0,6,0,0,9,50,0,5929,5929,1,0,5,2,0,0,1,0
1318673,2,2023,2023,0,2,7,205,27,161,415,0,1,2,-33.708527,151.177294,36,0,2,1,1,0,3,4,2,0,7,90,2,4026,4026,8,5,40,1,0,0,1,0
1318676,1,2023,2023,0,1,2,2126,17,323,2149,0,1,10,-33.788732,150.854304,7,0,2,1,3,0,0,0,0,1,10,80,2,2852,2852,4,0,13,2,0,0,0,1
1318683,2,2023,2023,0,4,8,23,1,294,34609,0,1,9,-33.958144,150.921259,41,0,2,1,2,0,3,0,3,2,7,60,0,256,256,4,10,0,2,0,0,1,1