Crash ID,Degree of crash - detailed,Reporting year,Year of crash,Month of crash,Day of week of crash,Two-hour intervals,Street of crash,Street type,Town,Route no.,School zone location,School zone active,Type of location,Latitude,Longitude,LGA,Urbanisation,Conurbation 1,Alignment,Street lighting,Road surface,Surface condition,Weather,Natural lighting,Signals operation,Other traffic control,Speed limit,Road classification,RUM - code,DCA - code,First impact type,Key TU type,Other TU type,No. of traffic units involved,No. killed,No. seriously injured,No. moderately injured,No. minor-other injured
1318684,1,2023,2023,0,2,5,916,17,104,917,0,1,2,-32.818742,151.680407,48,0,2,1,3,0,3,0,2,0,7,80,2,14295,14295,3,0,25,3,0,0,0,1
1318687,4,2023,2023,0,5,8,120,36,9,148,0,1,1,-30.356266,152.397426,18,1,0,0,0,0,0,0,3,0,7,100,2,1850,1463,5,16,40,1,0,1,0,0
1318691,4,2023,2023,3,0,3,171,31,316,34609,0,1,9,-33.9046,151.241114,59,0,2,1,0,0,0,0,1,0,0,50,0,489,489,5,5,0,2,0,1,0,0
1318692,2,2023,2023,0,4,6,866,17,77,793,0,1,9,-33.726203,151.084091,31,0,2,0,3,0,0,3,2,2,7,70,2,2852,2852,4,8,25,3,0,0,1,0
1318693,2,2023,2023,7,0,4,27,27,84,35,0,1,9,-33.804244,150.979814,54,0,2,0,0,0,0,0,2,2,7,50,1,5929,5929,1,0,25,2,0,0,1,0
1318696,1,2023,2023,0,2,5,15,31,166,34609,0,1,1,-33.416436,149.574202,3,2,1,1,0,0,0,0,2,0,7,50,0,3775,3775,0,5,5,3,0,0,0,1
1318699,1,2023,2023,7,4,8,4,31,219,34609,0,1,1,-32.902238,151.666142,48,0,2,1,1,0,0,0,2,0,9,40,0,2040,2040,9,5,28,2,0,0,0,1
1318705,4,2023,2023,0,3,8,68,27,110,67,0,1,9,-33.790043,151.003868,54,0,2,1,2,0,3,4,3,0,7,60,1,1945,1945,5,16,40,1,0,1,0,0
1318709,1,2022,2022,11,6,3,27,36,83,34609,0,1,1,-30.091819,153.188013,19,1,0,1,0,0,0,0,1,0,7,100,0,1089,1089,7,0,40,1,0,0,0,1
1318711,2,2023,2023,0,5,5,6,27,316,34609,0,1,7,-31.447234,152.885518,56,2,1,1,0,0,0,0,2,0,0,50,0,5929,5929,1,5,0,4,0,0,3,1
1318712,2,2023,2023,7,5,3,2126,17,247,2149,0,1,2,-33.808653,150.940437,21,0,2,1,1,0,0,0,2,0,7,80,2,14295,14295,3,5,13,2,0,0,1,0
1318717,4,2023,2023,0,0,6,3371,17,44,3342,0,1,9,-32.435225,152.191691,43,1,0,0,0,0,3,3,2,0,0,100,2,4552,5151,8,5,40,1,0,2,0,2
1318718,1,2023,2023,0,5,8,481,17,113,483,0,1,1,-29.467315,149.850698,51,2,1,0,0,0,0,0,2,0,7,60,2,3775,3775,0,33,0,2,0,0,0,1
1318721,2,2023,2023,4,5,9,3,31,29,34609,0,1,10,-33.977978,151.074417,25,0,2,1,1,0,0,0,3,0,0,50,0,6545,6545,4,5,27,2,0,0,1,0
1318722,4,2023,2023,7,0,8,229,14,278,237,0,1,3,-33.759436,151.043569,54,0,2,1,1,0,0,0,2,0,7,100,2,14295,14295,3,5,13,2,0,1,0,0
1318723,2,2023,2023,0,1,5,481,17,14,483,0,1,1,-30.735724,149.518055,51,1,0,1,0,0,0,0,2,0,7,110,2,1945,1945,5,10,40,1,0,0,1,0
1318724,4,2023,2023,4,0,7,86,27,7,42,0,1,1,-31.03964,152.744543,34,1,0,1,0,0,3,3,2,0,7,100,1,9859,9859,8,0,40,1,0,1,0,0
1318732,2,2023,2023,4,6,9,2126,17,106,2149,0,1,2,-33.887097,151.175466,32,0,2,1,1,0,0,0,2,0,7,60,2,1282,1282,1,16,5,3,0,0,2,0
1318733,4,2023,2023,7,5,10,6,7,433,34609,0,1,1,-33.301089,149.108615,52,2,1,0,2,0,0,0,0,0,7,50,0,4552,5151,8,5,40,1,0,1,0,1
1318734,2,2023,2023,3,1,1,92,27,48,34609,0,1,4,-32.712451,152.160789,57,2,1,0,2,0,0,0,0,0,7,50,0,2585,4009,1,10,0,2,0,0,1,0
1318737,1,2023,2023,3,0,7,32,27,82,34609,0,1,1,-33.82629,151.200874,49,0,2,1,0,0,0,0,2,0,7,40,0,144,144,1,0,5,2,0,0,0,1
1318753,1,2023,2022,9,4,4,829,27,124,770,0,1,9,-33.810823,151.033271,54,0,2,1,3,0,0,0,2,2,9,60,2,214,214,9,9,28,2,0,0,0,1
1318757,2,2023,2023,0,2,5,3371,17,39,3342,0,1,2,-29.868863,153.053269,18,1,0,0,3,0,0,0,2,0,7,110,2,4552,5151,8,5,40,1,0,0,1,0
1318763,2,2023,2022,2,1,10,6,27,21,34609,0,1,1,-33.038575,151.588616,37,0,2,1,3,0,0,0,0,0,7,60,0,4026,4026,8,0,40,1,0,0,1,0
1318764,2,2023,2023,4,6,5,133,27,66,260,0,1,7,-32.932016,151.639222,37,0,2,1,3,0,0,0,2,0,0,60,2,14295,14295,3,10,5,2,0,0,1,0
1318765,2,2023,2023,0,2,1,916,17,7,917,0,1,1,-31.401941,150.880031,70,1,0,1,3,0,0,0,0,0,7,100,2,1089,1089,7,5,40,1,0,0,1,0
1318766,2,2023,2023,7,5,5,232,36,34,331,0,1,10,-34.002865,150.777901,12,0,2,1,1,0,0,0,2,2,7,80,2,14295,14295,3,0,5,2,0,0,1,0
1318769,2,2023,2023,0,0,5,12,27,137,34609,0,1,7,-33.918153,151.203972,69,0,2,1,1,0,0,3,2,0,0,40,0,2852,2852,4,15,0,2,0,0,1,0
1318770,2,2023,2023,0,1,6,344,27,89,382,0,1,9,-33.658847,150.795814,55,0,2,1,3,0,0,0,2,0,15,80,2,623,623,3,5,5,2,0,0,1,0
1318775,1,2023,2023,0,0,3,78,17,23,58,0,1,1,-35.102965,149.037142,82,2,1,1,3,0,0,0,2,0,7,80,2,9859,9859,8,10,40,1,0,0,0,1
1318779,2,2023,2023,7,6,4,916,17,172,917,0,1,9,-32.763982,151.59768,42,2,1,1,3,0,3,4,2,2,7,60,2,14295,14295,3,5,0,2,0,0,1,0
1318786,2,2023,2023,8,1,4,2,27,5,34609,0,1,1,-29.473376,149.288762,51,1,0,1,3,2,0,0,2,0,7,110,0,1945,1945,5,10,40,1,0,0,1,0
1318791,1,2023,2023,0,5,6,500,27,646,799,0,1,1,-33.93411,151.030856,15,0,2,1,3,0,0,0,2,0,7,60,2,1669,1669,3,8,5,2,0,0,0,1
1318793,1,2023,2023,0,0,6,2126,17,438,2149,0,1,2,-33.843509,151.039861,21,0,2,1,3,0,0,0,2,0,7,60,2,14295,14295,3,10,0,3,0,0,0,1
1318794,1,2023,2023,0,0,3,485,27,187,769,1,0,2,-33.792722,150.999001,54,0,2,1,3,0,0,0,2,2,9,60,2,5929,5929,1,0,5,3,0,0,0,1
1318797,1,2023,2023,0,5,9,109,27,95,382,0,1,9,-33.737459,150.844148,7,0,2,1,3,0,0,0,3,0,7,60,2,14295,14295,3,5,5,2,0,0,0,1
1318798,1,2023,2023,0,6,6,6,27,316,34609,0,1,1,-33.921441,151.243078,59,0,2,1,3,0,0,0,2,0,7,50,0,941,941,1,5,5,2,0,0,0,1
1318808,2,2023,2023,0,3,6,3371,17,16,3342,0,1,2,-28.374331,153.524617,72,1,0,1,3,0,0,0,2,0,7,110,2,204,204,1,10,22,2,0,0,1,0
1318812,2,2023,2023,0,5,10,2126,17,445,2149,0,1,1,-33.854436,151.06066,21,0,2,1,3,0,0,0,0,0,7,60,2,1282,1282,1,5,0,2,0,0,1,0
1318816,1,2023,2023,0,0,7,2261,17,140,2252,0,1,9,-33.896388,150.99084,15,0,2,1,1,0,0,0,2,1,7,70,2,1669,1669,3,10,0,2,0,0,0,1
1318817,1,2023,2023,7,6,6,8,1,271,34609,0,1,9,-33.953552,151.020027,15,0,2,1,3,0,3,4,2,0,7,50,0,14295,14295,3,10,5,2,0,0,0,1
1318819,1,2023,2023,0,6,4,42,31,150,34609,0,1,7,-33.920411,151.233202,59,0,2,1,3,0,0,0,2,0,0,50,0,775,775,4,10,0,2,0,0,0,1
1318820,2,2023,2023,8,1,3,163,27,73,165,0,1,9,-33.750124,150.801716,7,0,2,1,3,0,0,0,1,2,7,60,1,9859,9859,8,0,40,1,0,0,1,0
1318825,2,2023,2023,0,2,5,3371,17,44,3342,0,1,1,-33.214321,151.511396,16,2,2,1,3,0,3,3,2,0,7,70,2,14295,14295,3,5,0,3,0,0,1,0
1318826,2,2023,2023,7,2,3,3,22,92,34609,0,1,1,-33.736914,150.960977,71,0,2,1,3,0,0,3,1,0,7,50,0,9859,9859,8,5,40,1,0,0,1,0
1318833,2,2023,2023,0,1,2,2209,17,204,2205,0,1,10,-33.939155,151.147727,4,0,2,1,3,0,0,0,1,2,6,60,2,6545,6545,4,0,0,3,0,0,1,0
1318836,2,2023,2023,0,4,7,1052,14,60,928,0,1,3,-33.432239,151.25375,16,1,2,1,0,0,0,0,2,0,7,110,2,14295,14295,3,10,0,3,0,0,1,0
1318838,2,2023,2023,0,1,7,1,31,207,34609,0,1,9,-31.977224,141.458154,51,2,1,1,3,0,0,0,2,0,0,50,0,9859,9859,8,34,40,1,0,0,1,0
1318839,2,2023,2023,7,6,10,104,27,137,140,1,0,1,-33.921816,151.19882,4,0,2,1,3,0,0,0,0,0,7,60,2,1669,1669,3,5,19,3,0,0,1,0
1318840,1,2023,2023,0,5,6,204,31,387,34609,0,1,10,-33.922278,151.18737,4,0,2,1,3,0,2,6,2,0,15,50,0,14295,14295,3,0,0,2,0,0,0,1
1318842,1,2023,2023,0,6,8,866,17,314,793,0,1,10,-33.85358,150.940772,24,0,2,1,3,0,0,0,2,2,7,70,2,14295,14295,3,10,5,2,0,0,0,1
1318843,2,2023,2023,3,3,1,2261,17,140,2252,0,1,2,-33.897119,150.992506,15,0,2,1,2,0,0,0,0,0,7,70,2,9859,9859,8,0,40,1,0,0,1,0
1318845,2,2023,2023,0,3,8,1,27,29,34609,0,1,1,-33.52752,150.62197,29,2,2,0,3,0,0,0,2,0,7,50,0,3775,3775,0,5,19,2,0,0,1,0
1318847,2,2023,2023,0,4,7,34,31,28,25,0,1,9,-35.37081,149.232886,58,2,1,0,3,0,0,0,2,0,0,60,1,2852,2852,4,5,0,2,0,0,1,0
1318848,2,2023,2023,7,2,9,105,17,162,34609,0,1,2,-33.833657,150.91275,24,0,2,0,1,0,0,0,3,0,7,60,0,418,714,5,0,40,1,0,0,1,0
1318849,4,2023,2023,0,0,4,68,27,110,67,0,1,9,-33.778324,151.011522,54,0,2,1,3,0,3,4,2,0,7,60,1,5929,5929,1,0,5,2,0,1,0,0
1318850,2,2023,2023,0,2,7,232,36,134,331,0,1,2,-33.962665,150.818721,41,0,2,0,3,0,3,4,2,0,7,80,2,14295,14295,3,0,5,2,0,0,1,0
1318852,2,2023,2023,0,5,9,485,27,52,769,0,1,2,-33.702236,150.929466,7,0,2,1,2,0,0,0,0,0,7,80,2,1383,1383,1,5,0,2,0,0,1,0
1318853,1,2023,2023,0,2,7,177,22,239,176,0,1,9,-34.043052,151.122854,68,0,2,0,3,0,0,0,2,1,7,60,2,395,395,1,0,5,2,0,0,0,1
1318861,1,2023,2023,0,0,11,171,31,443,34609,0,1,1,-33.89898,151.06911,67,0,2,1,3,0,0,0,0,0,7,50,0,9859,9859,1,5,5,2,0,0,0,1
1318863,2,2023,2023,0,1,8,68,31,69,23,0,1,1,-28.554867,153.509419,10,2,1,1,3,0,3,4,3,0,7,50,1,3775,3775,0,30,5,2,0,0,1,0
1318865,4,2023,2023,0,0,4,26,27,32,25,0,1,1,-31.943138,152.478667,43,2,1,1,3,0,0,0,2,0,7,70,1,1109,787,1,21,0,2,0,1,1,0
1318867,1,2023,2022,9,5,0,126,27,27,168,0,1,9,-34.040918,150.746142,12,0,2,1,3,0,3,4,0,0,7,60,2,14295,14295,3,0,5,2,0,0,0,1
1318868,4,2023,2023,0,0,2,100,27,323,100,0,1,9,-33.805734,150.851794,7,0,2,1,3,0,0,3,1,2,7,70,2,14295,14295,3,5,5,2,0,1,0,0
1318869,1,2023,2023,0,0,6,2261,17,20,2252,0,1,2,-35.460836,147.60134,75,1,0,1,3,0,3,4,2,0,7,110,2,14295,14295,3,29,13,2,0,0,0,1
1318872,1,2023,2023,0,0,4,500,27,293,799,0,1,10,-33.932472,151.049446,15,0,2,1,3,0,0,0,2,2,7,60,2,14295,14295,3,5,5,2,0,0,0,1
1318875,1,2023,2023,0,0,4,46,31,201,34609,0,1,1,-34.874297,150.600413,63,2,1,1,3,0,0,0,2,0,7,50,0,220,220,8,0,40,1,0,0,0,1
1318876,1,2023,2023,0,6,3,19,27,100,34609,0,1,1,-33.895123,150.897216,24,0,2,1,3,0,0,0,2,0,7,50,0,1282,1282,1,5,27,2,0,0,0,1
1318877,1,2023,2023,0,5,6,2126,17,106,2149,0,1,2,-33.887456,151.173358,32,0,2,1,3,0,0,0,2,0,7,60,2,14295,14295,3,5,5,2,0,0,0,1
1318879,1,2023,2023,0,3,4,85,31,65,34609,0,1,7,-34.485737,150.884476,80,0,2,1,3,0,0,3,2,0,0,50,0,6545,6545,4,5,12,2,0,0,0,1
1318885,2,2023,2023,0,4,1,111,27,102,233,0,1,10,-33.960234,151.231164,59,0,2,1,3,0,0,0,0,2,7,60,2,1383,1383,1,16,40,2,0,0,1,0
1318886,2,2023,2023,0,3,5,84,10,39,80,0,1,10,-34.314607,150.925026,80,0,2,1,3,0,0,0,2,0,7,50,2,14295,14295,3,21,0,3,0,0,1,0
1318887,4,2023,2023,3,0,4,2261,17,284,2252,1,2,9,-33.905805,151.015024,15,0,2,1,0,0,0,0,2,0,0,40,2,775,775,4,5,5,2,0,1,0,0
1318897,2,2023,2023,0,6,6,1,27,337,34609,0,1,1,-33.74069,151.014054,71,0,2,0,3,0,0,0,2,0,7,50,0,1957,4009,1,5,5,2,0,0,1,0
1318898,2,2023,2023,7,0,5,475,31,169,41,0,1,9,-33.901794,151.205787,69,0,2,1,1,0,0,0,2,0,0,50,1,926,926,4,0,5,4,0,0,1,0
1318899,1,2023,2023,0,5,9,224,27,169,321,0,1,10,-33.896661,151.199255,69,0,2,1,3,0,0,0,0,2,7,50,2,775,775,4,5,5,2,0,0,0,1
1318904,2,2023,2023,0,3,5,4,31,161,115,0,1,1,-33.734488,151.166374,36,0,2,1,3,0,0,0,2,0,7,60,1,1669,1669,3,0,0,2,0,0,2,0
1318907,1,2023,2023,0,0,9,90,31,174,165,0,1,10,-33.892094,151.216723,69,0,2,1,3,0,0,3,0,2,7,60,2,1669,1669,3,0,18,2,0,0,0,1
1318909,2,2023,2023,0,0,8,9,31,363,34609,0,1,7,-33.754056,150.705517,55,0,2,1,3,0,0,0,0,0,0,40,0,515,515,1,16,5,2,0,0,1,0
1318910,1,2023,2023,0,0,10,1,31,609,34609,0,1,1,-33.79063,150.909336,7,0,2,1,3,0,0,0,0,0,7,50,0,217,217,1,10,0,2,0,0,0,1
1318911,2,2023,2023,0,2,6,191,27,193,208,0,1,9,-33.789975,151.086165,61,0,2,1,3,0,3,4,2,0,7,60,2,14295,14295,3,5,5,2,0,0,1,0
1318912,2,2023,2023,0,6,7,75,10,63,165,0,1,2,-33.928923,151.214336,4,0,2,0,3,0,0,0,2,0,7,80,2,1192,1192,1,10,13,3,0,0,1,0
1318914,1,2023,2023,0,2,8,149,27,294,198,0,1,9,-33.938803,150.940188,41,0,2,1,3,0,0,0,2,0,7,60,2,217,217,1,5,5,2,0,0,0,1
1318915,1,2023,2023,0,0,8,117,27,309,702,0,1,2,-33.822775,151.096221,61,0,2,1,3,0,0,0,2,0,7,70,2,14295,14295,3,5,5,3,0,0,0,2
1318918,1,2023,2023,0,2,7,1104,14,460,962,0,1,3,-33.821893,150.985395,21,0,2,1,3,0,3,4,2,0,7,90,2,14295,14295,3,10,5,3,0,0,0,1
1318924,2,2023,2023,8,4,7,230,27,100,284,0,1,9,-33.810235,151.161348,38,0,2,1,3,0,0,0,2,0,7,60,2,9859,9859,8,5,40,1,0,0,1,0
1318925,1,2023,2023,7,5,8,296,27,76,34609,0,1,1,-34.551764,150.382352,78,2,1,1,3,0,3,4,2,0,7,50,0,14295,14295,3,5,0,2,0,0,0,1
1318926,4,2023,2023,0,2,8,866,17,44,793,0,1,9,-33.794301,150.983152,54,0,2,1,3,0,3,4,2,3,7,70,2,1669,1669,3,5,5,2,0,1,0,0
1318929,4,2023,2023,3,2,4,6,33,1,34609,0,1,1,-33.132852,151.032251,29,2,2,1,0,2,0,0,2,0,7,50,0,1089,1089,7,16,40,1,0,1,0,0
1318931,2,2023,2023,3,3,4,20,27,12,100,0,1,1,-33.655098,150.662517,29,2,2,1,0,0,0,0,2,0,7,80,2,14295,14295,3,10,0,3,0,0,2,2
1318932,2,2023,2023,0,2,9,475,10,70,268,0,1,9,-33.885378,150.869816,24,0,2,1,3,0,3,4,3,2,7,70,2,14295,14295,3,5,13,2,0,0,1,1
1318933,1,2023,2023,0,5,5,56,27,443,44,1,0,1,-33.909664,151.056827,15,0,2,1,3,0,0,0,2,0,7,60,1,1981,1981,4,5,5,2,0,0,0,1
1318937,2,2023,2023,0,0,10,34,27,225,69,0,1,1,-33.796091,151.173995,77,0,2,1,3,0,0,0,0,0,7,50,2,14295,14295,3,16,5,2,0,0,1,0
1318943,1,2023,2023,0,0,6,126,27,370,168,0,1,1,-34.071647,150.805377,13,0,2,1,3,0,0,0,2,0,7,60,2,14295,14295,3,5,0,2,0,0,0,1
1318946,2,2023,2023,8,1,9,177,31,162,34609,0,1,9,-33.856795,150.900074,24,0,2,1,3,0,0,0,0,2,7,60,0,5929,5929,1,5,5,2,0,0,1,0
1318947,2,2023,2023,0,2,9,103,27,4,98,0,1,1,-32.656487,151.025424,64,2,1,0,3,0,0,0,3,0,7,80,2,14295,14295,3,10,5,2,0,0,1,0
1318948,1,2023,2022,1,5,4,293,31,523,198,0,1,2,-33.927415,150.919514,41,0,2,1,3,0,0,0,2,0,7,60,2,1981,1981,4,5,12,2,0,0,0,1
1318949,1,2023,2023,7,4,7,61,27,232,70,0,1,1,-33.659806,150.925111,71,0,2,1,1,0,0,0,2,0,7,70,1,14295,14295,3,5,0,2,0,0,0,1
1318950,4,2023,2023,7,0,4,193,27,32,41,0,1,10,-33.982171,151.126252,25,0,2,1,1,0,0,0,2,0,0,60,1,6545,6545,4,5,12,2,0,1,0,0
1318951,2,2023,2023,4,1,0,117,27,78,144,0,1,1,-33.862432,151.093496,14,0,2,1,2,0,3,4,0,0,7,60,2,4026,4026,8,0,40,1,0,0,1,0
1318952,4,2023,2023,7,2,4,132,31,174,126,0,1,10,-33.892144,151.216944,69,0,2,1,1,0,0,0,2,3,7,50,2,1945,1945,5,22,40,2,0,1,0,0
1318953,4,2023,2023,7,0,3,361,32,62,96,0,1,9,-33.89408,151.149842,32,0,2,1,0,0,0,0,1,2,7,60,2,5929,5929,1,22,40,2,0,1,0,0
1318954,4,2023,2023,0,1,9,1052,14,60,928,0,1,3,-33.50068,151.189644,16,1,2,0,0,0,0,0,0,0,7,90,2,14295,14295,3,10,5,3,0,1,0,0
1318956,4,2023,2023,7,4,6,157,17,25,158,0,1,1,-33.731555,148.806383,51,1,0,0,0,0,0,0,2,0,7,100,2,3775,3775,0,0,10,2,0,2,0,0
1318957,2,2023,2023,7,4,8,1,31,70,34609,0,1,1,-32.724718,151.552767,42,2,1,1,0,0,0,0,2,0,7,50,0,144,144,1,0,19,2,0,0,1,0
1318959,2,2023,2023,3,5,2,177,22,239,176,0,1,2,-34.037731,151.118365,68,0,2,1,2,0,0,0,1,0,7,60,2,1282,1282,1,5,0,4,0,0,1,0
1318962,2,2023,2023,3,3,7,2126,17,60,2149,0,1,9,-33.632582,150.284666,8,2,2,1,1,0,0,0,2,0,0,60,2,775,775,4,16,18,3,0,0,1,1
1318964,4,2023,2023,3,6,8,123,36,20,49,1,2,1,-30.613439,151.491464,51,2,1,1,0,0,0,0,2,0,7,40,1,9859,9859,8,30,40,1,0,1,0,0
1318967,4,2023,2023,0,2,5,3371,17,85,3342,0,1,9,-33.733539,151.127998,36,0,2,1,1,0,0,0,2,2,7,60,2,14295,14295,3,16,5,2,0,1,0,0
1318968,4,2023,2023,0,2,7,5,27,10,34609,0,1,1,-31.470778,151.183455,70,2,1,0,0,2,0,0,2,0,7,80,0,418,714,5,16,40,1,0,1,0,0
1318970,2,2023,2023,0,5,2,232,36,64,168,1,0,10,-34.041622,150.7323,12,0,2,1,2,0,0,0,0,2,9,60,1,5929,5929,1,16,5,2,0,0,1,0
1318972,4,2023,2023,7,5,10,14,31,53,262,0,1,10,-32.924219,151.754337,48,0,2,1,2,0,3,0,0,2,7,60,2,5929,5929,1,5,0,2,0,1,0,1
1318978,2,2023,2023,0,6,5,17,18,201,34609,0,1,10,-34.874941,150.604253,63,2,1,1,1,0,0,0,2,0,15,50,0,186,186,9,10,28,2,0,0,1,0
1318982,2,2023,2023,0,6,11,230,27,173,284,0,1,9,-33.794231,151.134459,61,0,2,1,2,0,0,0,0,2,7,70,2,14295,14295,3,5,0,3,0,0,1,1
1318983,4,2023,2023,7,4,8,1104,14,149,962,0,1,3,-33.8176,150.978667,21,0,2,0,0,0,0,0,3,0,7,90,2,1282,1282,1,5,19,2,0,1,0,0
1318990,2,2023,2023,0,3,11,829,27,149,770,0,1,10,-33.863814,151.170152,32,0,2,1,2,0,0,0,0,2,7,60,2,6545,6545,4,0,0,2,0,0,1,0
1319007,1,2023,2023,0,4,7,6,27,130,34609,0,1,1,-33.868325,151.196492,69,0,2,1,1,0,0,0,2,2,7,40,0,238,238,9,5,28,2,0,0,0,1
1319008,2,2023,2023,0,6,7,158,27,68,207,0,1,9,-33.877515,151.24345,81,0,2,1,1,0,0,0,2,2,7,60,2,515,515,1,9,18,2,0,0,1,0
1319014,4,2023,2023,3,2,4,34,27,73,799,1,0,1,-33.89736,151.1654,32,0,2,1,0,0,0,0,2,0,7,60,2,387,387,1,22,13,2,0,1,0,0
1319017,4,2023,2023,0,5,8,255,31,609,220,0,1,10,-33.771865,150.911518,7,0,2,1,2,0,0,0,2,2,9,60,2,1220,1220,9,30,28,2,0,1,0,0
1319019,2,2023,2023,0,5,5,346,17,19,332,0,1,1,-28.878503,153.248142,39,2,1,1,0,0,0,0,2,0,7,80,2,14295,14295,3,30,0,2,0,0,1,0
1319021,2,2023,2023,8,6,5,35,27,155,231,1,0,9,-33.490823,151.326691,16,2,2,1,1,0,0,0,2,0,0,60,2,2040,2040,9,10,28,2,0,0,1,0
1319022,2,2023,2023,0,5,8,2,31,283,34609,1,0,10,-33.832281,151.000644,21,0,2,1,0,0,0,0,2,0,15,50,0,6545,6545,4,5,0,2,0,0,1,0
1319027,2,2023,2023,3,3,9,65,10,132,148,0,1,1,-34.134571,151.078022,68,0,2,1,0,0,0,0,2,0,7,80,2,404,404,8,16,40,1,0,0,1,0
1319028,2,2023,2023,0,0,10,296,27,283,293,0,1,9,-33.830493,151.003752,21,0,2,1,2,0,0,0,0,0,6,60,2,1669,1669,3,5,5,3,0,0,1,0
1319030,1,2023,2023,8,1,4,1104,11,532,770,0,1,10,-33.873004,151.204112,69,0,2,1,0,0,0,0,2,2,7,60,2,1282,1282,1,5,18,2,0,0,0,1
1319035,2,2023,2023,0,2,11,2,27,151,34609,0,1,1,-34.029162,150.831839,13,0,2,1,2,0,0,0,0,0,7,60,0,4026,4026,8,5,40,1,0,0,1,0
1319036,2,2023,2023,7,1,4,866,17,71,793,0,1,2,-33.836205,150.958525,21,0,2,1,1,0,0,0,2,0,7,70,2,14295,14295,3,5,5,3,0,0,1,0
1319038,1,2023,2022,2,4,3,48,31,104,605,0,1,2,-33.829848,151.215209,49,0,2,1,2,0,0,0,2,0,7,60,2,1192,1192,1,9,18,2,0,0,0,1
1319040,2,2023,2023,0,2,5,128,27,61,133,0,1,1,-33.778894,150.656102,55,0,2,0,0,0,3,4,2,0,7,80,2,14295,14295,3,10,5,3,0,0,2,1
1319042,2,2023,2023,3,3,1,2126,17,77,2149,0,1,10,-33.884358,151.198574,69,0,2,1,2,0,0,0,0,2,7,50,2,2040,2040,9,5,28,4,0,0,1,1
1319050,4,2023,2023,0,2,10,15,31,346,38,0,1,10,-33.875226,151.097691,9,0,2,1,2,0,3,3,0,2,7,50,1,395,395,1,16,12,2,0,1,0,0
1319052,2,2023,2023,3,0,7,4,31,119,34609,0,1,7,-32.764236,151.742228,57,2,1,1,1,0,0,0,2,0,0,50,0,6545,6545,4,5,5,2,0,0,2,2
1319054,2,2023,2023,7,6,11,1104,14,142,962,0,1,3,-33.827861,150.999355,54,0,2,0,2,0,0,0,0,0,7,40,2,14295,14295,3,10,5,2,0,0,1,0
1319059,2,2023,2023,0,5,4,32,27,29,28,0,1,9,-33.930871,150.784828,41,0,2,0,1,0,0,0,2,0,7,70,1,1850,777,5,16,40,1,0,0,1,0
1319060,1,2023,2023,3,5,8,4,31,284,34609,0,1,10,-33.907784,151.010712,15,0,2,1,1,0,0,0,2,0,0,50,0,6545,6545,4,5,5,2,0,0,0,1
1319070,4,2023,2023,0,1,0,195,27,76,186,0,1,10,-33.924449,150.848555,41,0,2,1,2,0,0,0,0,2,7,70,2,6545,6545,4,0,0,3,0,1,1,0
1319074,1,2023,2023,0,4,6,866,17,314,793,0,1,10,-33.853544,150.940641,24,0,2,1,2,0,0,0,2,2,7,70,2,14295,14295,3,9,13,3,0,0,0,1
1319078,2,2023,2023,0,5,10,45,27,80,44,0,1,2,-33.823206,151.149792,38,0,2,1,2,0,0,0,0,0,7,60,2,1945,1945,5,15,40,1,0,0,1,1
1319080,2,2023,2023,7,4,6,293,31,443,34609,0,1,1,-33.909452,151.057259,15,0,2,1,1,0,0,0,2,0,7,50,0,1981,1981,4,5,18,2,0,0,1,0
1319081,2,2023,2022,9,4,5,59,27,10,69,0,1,1,-34.193805,149.740671,51,2,1,0,0,0,0,0,2,0,7,40,1,4552,5151,8,3,40,1,0,0,1,0
1319089,2,2023,2023,3,2,6,33,27,70,49,0,1,9,-33.876681,150.876883,24,0,2,1,1,0,0,0,2,0,7,60,1,775,775,4,16,10,2,0,0,1,0
1319095,2,2023,2023,0,4,10,149,10,346,702,0,1,9,-33.875349,151.067121,67,0,2,1,2,0,0,0,0,2,9,80,2,2040,2040,9,33,28,2,0,0,1,0
1319096,2,2023,2023,8,5,10,37,27,58,34609,0,1,9,-33.262093,151.399181,16,2,2,0,2,0,0,0,0,0,7,80,0,782,957,5,29,40,1,0,0,1,0
1319098,4,2023,2023,7,3,7,11,10,65,34609,0,1,7,-36.044456,146.993339,0,2,1,0,1,0,0,0,2,0,0,60,0,1220,1220,9,5,28,2,0,1,1,0
1319102,2,2023,2023,4,2,8,25,27,136,76,0,1,9,-32.922268,151.715251,48,0,2,1,1,0,0,0,2,2,7,60,1,5929,5929,1,5,19,2,0,0,1,0
1319103,1,2023,2023,0,6,3,14,22,82,605,0,1,2,-33.788806,151.263076,50,0,2,1,1,0,0,0,2,0,7,80,2,9859,9859,8,15,40,1,0,0,0,1
1319107,2,2023,2023,7,4,2,23,27,104,144,0,1,9,-33.795487,150.806457,55,0,2,0,1,0,0,0,0,2,7,50,2,14295,14295,3,5,5,2,0,0,1,0
1319108,4,2023,2023,7,4,7,42,27,33,56,1,2,1,-33.898486,151.242307,76,0,2,1,0,0,0,0,2,0,7,40,1,340,340,9,0,28,2,0,1,0,0
1319113,4,2023,2023,0,2,6,13,27,223,34609,0,1,9,-33.800862,150.924305,7,0,2,1,1,0,3,4,2,0,0,50,0,5929,5929,1,5,0,2,0,1,0,0
1319117,2,2023,2023,7,5,11,97,27,166,799,0,1,2,-33.929979,150.991322,15,0,2,1,2,0,3,0,0,0,7,70,2,14295,14295,3,0,5,2,0,0,1,0