Crash ID,Degree of crash - detailed,Reporting year,Year of crash,Month of crash,Day of week of crash,Two-hour intervals,Street of crash,Street type,Town,Route no.,School zone location,School zone active,Type of location,Latitude,Longitude,LGA,Urbanisation,Conurbation 1,Alignment,Street lighting,Road surface,Surface condition,Weather,Natural lighting,Signals operation,Other traffic control,Speed limit,Road classification,RUM - code,DCA - code,First impact type,Key TU type,Other TU type,No. of traffic units involved,No. killed,No. seriously injured,No. moderately injured,No. minor-other injured
1319118,2,2023,2023,3,5,0,3,27,17,34609,0,1,1,-34.901727,150.620658,63,2,1,0,2,0,0,0,0,0,7,50,0,1259,5151,8,5,40,1,0,0,1,0
1319119,2,2023,2023,3,0,10,7,27,1,34609,0,1,1,-33.299698,143.932736,51,1,0,1,0,2,3,0,0,0,7,100,0,1282,1282,1,5,40,1,0,0,1,0
1319121,2,2023,2023,7,6,7,171,1,387,104,0,1,9,-33.934183,151.197085,4,0,2,1,1,0,0,0,2,0,0,60,2,5929,5929,1,5,5,2,0,0,1,0
1319123,4,2023,2023,7,0,8,168,17,1,212,0,1,1,-35.546015,149.956792,23,2,1,0,0,0,3,1,2,0,7,70,2,1850,1463,5,16,40,1,0,1,0,0
1319126,2,2023,2023,7,6,10,2209,17,273,2205,0,1,9,-34.425617,150.889955,80,0,2,1,2,0,0,0,0,2,7,50,2,2852,2852,4,5,13,2,0,0,1,0
1319129,2,2023,2023,3,0,0,4,27,32,34609,0,1,1,-34.596737,150.664012,78,2,1,1,0,2,0,0,0,0,7,60,0,475,475,5,0,40,1,0,0,2,0
1319131,4,2023,2023,3,0,8,20,31,150,140,0,1,9,-33.924287,151.229483,59,0,2,1,0,0,0,0,2,0,6,50,2,1981,1981,4,30,19,2,0,1,0,0
1319132,2,2023,2023,0,2,10,3,1,112,34609,0,1,1,-33.913646,150.924551,41,0,2,1,2,0,0,0,0,0,7,50,0,1109,787,1,0,19,2,0,0,1,0
1319133,2,2023,2023,7,6,3,3371,17,69,3342,0,1,9,-32.935863,151.749418,48,0,2,0,1,0,0,0,2,0,15,60,2,926,926,4,33,19,2,0,0,1,0
1319134,4,2023,2023,3,6,11,1,1,19,34609,0,1,1,-34.092485,150.784498,13,0,2,0,2,0,0,3,0,0,7,50,0,1259,5151,1,5,5,2,0,1,1,0
1319135,4,2023,2023,7,4,5,78,31,273,34609,0,1,1,-34.432073,150.888427,80,0,2,1,1,0,0,0,2,0,7,50,0,3775,3775,0,0,5,2,0,1,1,0
1319140,2,2023,2023,0,6,3,3371,17,54,3342,0,1,7,-33.093436,151.637602,37,0,2,0,0,0,0,0,2,0,0,60,2,6545,6545,4,0,0,2,0,0,2,0
1319141,2,2023,2023,0,1,5,7,27,40,34609,0,1,9,-33.829816,151.187571,38,0,2,1,1,0,0,0,2,0,7,50,0,340,340,9,0,28,2,0,0,1,0
1319142,4,2023,2023,3,0,2,114,27,24,228,0,1,1,-33.539097,150.92312,71,0,2,0,0,0,0,1,0,0,7,80,2,2585,4009,8,0,40,1,0,1,0,0
1319144,4,2023,2023,7,0,4,2209,17,40,2205,0,1,9,-35.025177,150.578532,63,1,0,0,0,0,0,0,2,0,0,100,2,926,926,4,5,19,3,0,1,0,0
1319148,4,2023,2023,0,1,4,56,27,115,80,0,1,9,-33.881092,151.184486,69,0,2,1,0,0,0,0,2,0,7,50,2,1981,1981,4,0,27,2,0,1,0,0
1319149,4,2023,2023,3,0,1,2126,17,171,2149,0,1,2,-33.816124,150.972453,21,0,2,1,2,0,0,0,0,0,7,80,2,1282,1282,1,8,10,2,0,1,0,0
1319150,2,2023,2023,0,3,7,161,17,23,161,0,1,1,-36.596958,149.445287,5,2,1,0,0,0,3,4,2,0,7,60,2,3775,3775,0,10,36,2,0,0,1,1
1319151,2,2023,2023,0,0,6,9,27,232,34609,0,1,2,-33.677031,150.922654,71,0,2,1,1,0,0,0,2,0,7,60,0,14295,14295,3,9,22,2,0,0,1,0
1319158,4,2023,2023,3,0,5,5,27,58,34609,0,1,9,-33.245879,151.398969,16,2,2,1,1,0,0,0,2,0,7,80,0,6545,6545,4,16,0,2,0,1,0,0
1319160,2,2023,2023,0,4,11,31,22,74,34609,0,1,1,-34.437906,150.863039,80,0,2,0,2,0,3,3,0,2,7,50,0,5929,5929,1,5,5,2,0,0,1,0
1319161,4,2023,2023,7,6,9,154,27,443,244,0,1,10,-33.909582,151.075461,15,0,2,0,1,0,0,0,2,2,7,60,2,14295,14295,3,5,13,2,0,1,0,0
1319163,2,2023,2023,8,5,4,1104,14,139,962,0,1,3,-33.879411,151.131382,32,0,2,1,2,0,0,0,2,0,7,80,2,14295,14295,3,5,0,4,0,0,1,0
1319165,2,2023,2023,4,1,3,20,31,44,34609,0,1,10,-32.053933,150.874272,73,2,1,1,0,0,0,0,2,0,0,50,0,6545,6545,4,5,40,2,0,0,1,0
1319168,4,2023,2023,7,4,11,515,14,243,518,0,1,3,-33.953372,150.878197,41,0,2,0,2,0,0,0,0,0,7,100,2,1282,1282,1,33,5,2,0,1,0,0
1319169,2,2023,2023,7,5,7,32,31,111,91,0,1,2,-33.921046,151.256783,59,0,2,1,0,0,0,0,2,0,7,40,1,1220,1220,9,5,28,2,0,0,1,0
1319172,1,2023,2023,7,4,8,89,31,532,34609,0,1,0,-33.867914,151.205177,69,0,2,1,2,0,3,4,3,0,7,40,0,2040,2040,9,5,28,2,0,0,0,1
1319173,4,2023,2023,3,5,4,30,24,167,34609,0,1,9,-33.83087,151.07131,54,0,2,1,0,0,0,0,2,0,0,50,0,5929,5929,1,0,5,2,0,1,0,0
1319176,2,2023,2023,7,0,11,348,17,105,232,0,1,7,-32.599277,149.586972,44,2,1,1,2,0,3,0,0,0,0,50,2,1850,777,5,16,40,1,0,0,1,0
1319179,2,2023,2023,7,0,0,2261,17,9,2252,0,1,2,-34.82105,149.358589,74,1,0,1,0,0,0,0,0,0,7,110,2,4026,4026,8,29,40,1,0,0,1,0
1319181,4,2023,2023,3,2,9,1,31,293,34609,0,1,1,-33.94551,151.255405,59,0,2,1,2,0,0,0,3,0,7,50,0,340,340,9,5,28,2,0,1,0,0
1319182,4,2023,2023,0,6,9,154,27,293,244,0,1,9,-33.926933,151.051648,15,0,2,1,2,0,0,0,0,0,0,60,2,1220,1220,9,9,28,2,0,1,1,0
1319189,2,2023,2023,0,4,11,45,31,43,81,0,1,2,-32.173582,152.498721,43,2,1,1,2,0,3,4,0,0,7,50,2,9859,9859,8,5,40,1,0,0,1,0
1319191,2,2023,2023,3,2,6,195,27,40,186,0,1,10,-33.943986,150.837252,41,0,2,0,1,0,0,0,2,1,7,70,2,14295,14295,3,5,13,2,0,0,1,0
1319196,1,2023,2023,7,5,0,2261,17,49,2252,0,1,2,-34.737087,149.7864,26,1,0,1,0,0,0,0,0,0,7,110,2,9859,9859,8,5,40,1,0,0,0,1
1319197,2,2023,2023,0,3,7,21,14,77,21,0,1,3,-33.920749,151.166776,32,0,2,1,2,0,0,6,2,0,7,80,2,14295,14295,3,5,5,2,0,0,1,0
1319198,1,2023,2023,7,1,7,4,1,78,34609,0,1,1,-33.42455,151.440966,16,2,2,1,0,0,0,0,2,0,7,50,0,238,238,9,30,28,2,0,0,0,1
1319199,4,2023,2023,0,6,7,265,10,445,563,0,1,2,-33.861421,151.042348,21,0,2,1,1,0,0,0,2,0,7,70,2,9859,9859,8,5,40,1,0,1,0,0
1319201,2,2023,2023,7,4,6,3371,17,35,3342,0,1,2,-29.958424,153.133875,18,1,0,0,0,0,0,0,2,0,7,110,2,1259,5151,8,3,40,1,0,0,1,0
1319202,1,2023,2023,7,5,7,1,31,22,49,0,1,1,-31.349568,150.647103,51,2,1,1,0,0,0,0,2,0,7,50,1,4026,4026,8,5,40,1,0,0,0,1
1319205,2,2023,2023,7,0,3,8,31,16,34609,0,1,9,-29.106035,153.425254,60,2,1,1,1,0,0,0,2,0,7,50,0,2852,2852,4,10,27,2,0,0,1,0
1319206,4,2023,2023,0,6,5,2209,17,179,2205,0,1,9,-36.738623,149.817585,5,1,0,1,0,0,0,0,2,0,0,100,2,775,775,4,0,19,2,0,1,0,0
1319207,2,2023,2023,8,5,9,4,25,562,34609,1,0,9,-32.24232,148.628625,22,2,1,1,0,0,0,0,0,0,0,50,0,775,775,4,0,27,2,0,0,1,0
1319212,4,2023,2023,0,3,2,149,10,346,702,0,1,9,-33.875249,151.067238,67,0,2,1,2,0,3,4,1,2,7,80,2,14295,14295,3,0,12,4,0,1,0,1
1319213,2,2023,2023,0,0,5,500,27,83,799,0,1,1,-33.913862,151.115074,15,0,2,1,0,0,0,0,2,0,7,60,2,238,238,9,5,28,2,0,0,1,1
1319214,4,2023,2023,3,0,6,13,31,122,34609,0,1,9,-33.427765,151.347092,16,2,2,0,1,0,0,0,2,0,0,50,0,2585,4009,8,5,40,1,0,1,1,0
1319220,4,2023,2022,9,5,8,19,18,104,34609,0,1,0,-33.830954,151.223072,49,0,2,1,0,0,0,0,2,0,7,10,0,368,368,9,9,28,2,0,1,0,0
1319221,2,2023,2023,0,2,10,2209,17,77,2205,0,1,9,-33.925038,151.160377,32,0,2,1,2,0,3,4,0,2,7,60,2,1945,1945,5,15,40,1,0,0,1,0
1319223,2,2023,2023,4,6,8,829,27,124,770,0,1,2,-33.809654,151.030456,54,0,2,1,1,0,0,0,2,0,7,60,2,14295,14295,3,5,0,4,0,0,1,1
1319230,4,2023,2023,4,5,9,3371,17,139,3342,0,1,10,-33.840537,151.208525,49,0,2,1,1,0,0,0,2,2,9,60,2,623,623,3,22,5,2,0,1,0,0
1319234,1,2023,2023,7,6,5,280,10,237,240,0,1,9,-33.865041,150.955039,24,0,2,1,0,0,0,0,2,0,7,60,2,1192,1192,1,0,20,2,0,0,0,1
1319235,4,2023,2023,0,6,7,11,31,173,34609,0,1,10,-33.879316,151.221184,69,0,2,1,1,0,0,0,2,2,9,40,0,2040,2040,9,10,28,2,0,1,0,0
1319238,2,2023,2023,7,2,4,3371,17,147,3342,0,1,9,-33.741049,151.1382,36,0,2,1,0,0,0,0,2,0,7,60,2,1220,1220,9,0,28,2,0,0,1,0
1319242,4,2023,2023,3,4,4,7,31,201,34609,0,1,10,-34.001038,150.869308,13,0,2,1,0,0,0,0,2,0,0,60,0,926,926,4,0,19,3,0,1,0,1
1319246,2,2023,2023,7,3,11,10,27,84,34609,0,1,1,-31.110402,150.896745,70,2,1,1,2,0,0,0,0,0,7,50,0,9859,9859,8,0,40,1,0,0,1,0
1319247,4,2023,2023,3,1,2,195,27,85,186,0,1,9,-33.900353,150.855595,41,0,2,1,1,0,0,0,1,2,7,70,2,1192,1192,1,8,5,3,0,1,1,0
1319248,2,2023,2023,7,3,0,3,27,273,34609,0,1,1,-34.42287,150.884268,80,0,2,0,0,0,0,0,0,0,7,50,0,4552,5151,1,5,12,2,0,0,1,0
1319249,4,2023,2023,0,6,1,9,36,39,34609,0,1,2,-32.737899,152.107074,57,2,1,0,2,0,0,0,0,0,7,50,0,4552,5151,8,0,40,1,0,2,0,0
1319251,4,2023,2023,0,3,11,86,27,4,42,0,1,1,-30.884534,152.598892,34,1,0,0,0,0,0,0,0,0,7,100,1,1259,5151,8,5,40,1,0,1,1,1
1319253,4,2023,2023,7,6,1,2261,17,35,2252,0,1,2,-34.929015,148.173787,20,1,0,0,0,0,3,4,0,0,7,110,2,1957,4009,8,29,40,1,0,1,0,0
1319256,4,2023,2023,7,0,5,2126,17,62,2149,0,1,2,-33.74725,150.613678,8,2,2,0,1,0,0,0,2,0,7,60,2,2585,4009,8,30,40,1,0,1,0,0
1319257,2,2023,2023,0,3,10,2209,17,13,2205,0,1,1,-35.138308,150.46508,63,2,1,0,0,0,3,4,0,0,7,80,2,1957,4009,8,5,40,1,0,0,1,0
1319259,2,2023,2023,0,1,11,37,31,198,41,0,1,10,-33.913061,151.104065,15,0,2,1,2,0,0,0,0,2,7,40,1,5929,5929,1,5,0,2,0,0,1,0
1319261,2,2023,2023,0,4,8,1,27,115,80,0,1,1,-33.875673,151.189872,69,0,2,1,2,0,0,0,3,0,7,40,2,1282,1282,1,5,5,2,0,0,1,0
1319262,2,2023,2023,0,5,3,24,27,70,24,0,1,9,-34.858375,150.604788,63,2,1,1,1,0,0,0,2,0,7,60,1,256,256,4,10,27,2,0,0,1,0
1319268,2,2023,2023,0,5,5,5,27,29,6,0,1,1,-30.721775,150.018413,51,1,0,1,0,0,0,0,2,0,7,100,1,1945,1945,5,10,40,1,0,0,1,0
1319271,2,2023,2023,0,6,6,33,25,228,34609,0,1,9,-34.754081,149.717439,26,2,1,1,1,0,0,0,2,0,7,50,0,1109,787,1,5,13,4,0,0,1,0
1319274,1,2023,2023,3,4,10,10,31,219,34609,0,1,10,-32.894668,151.666963,48,0,2,1,2,0,0,0,0,0,7,50,0,1945,1945,5,22,40,1,0,0,0,1
1319279,4,2023,2023,8,6,4,25,27,95,32,0,1,9,-34.391237,150.90235,80,0,2,0,1,0,0,0,2,0,0,60,1,2852,2852,4,5,5,2,0,1,2,0
1319281,2,2023,2023,0,1,7,10,31,49,34609,0,1,10,-32.98991,151.680521,37,0,2,1,1,0,0,3,2,0,9,60,0,2040,2040,9,0,26,2,0,0,1,0
1319286,4,2023,2023,0,2,11,1,18,45,34609,0,1,1,-31.785259,152.511679,43,2,1,0,0,2,3,4,0,0,7,50,0,4552,5151,8,5,40,1,0,3,0,0
1319288,2,2023,2023,8,5,6,3371,17,17,3342,0,1,2,-28.490686,153.518621,10,1,0,1,0,0,0,0,2,0,7,110,2,4026,4026,8,30,40,1,0,0,1,0
1319290,4,2023,2023,3,6,5,46,27,39,34609,0,1,9,-32.883556,151.654232,48,0,2,0,1,0,0,0,2,0,14,60,0,368,368,9,5,28,2,0,1,1,0
1319293,2,2023,2023,7,5,4,10,31,19,34609,0,1,10,-33.430264,149.574789,3,2,1,1,1,0,0,0,2,0,15,60,0,1669,1669,3,5,5,3,0,0,2,0
1319294,1,2023,2023,7,1,3,92,31,172,9,0,1,10,-32.751119,151.589973,42,2,1,1,1,0,3,4,2,2,7,40,1,2852,2852,4,30,0,3,0,0,0,2
1319298,4,2023,2023,4,5,5,23,10,19,174,0,1,10,-32.916907,151.478625,17,1,0,0,0,0,0,0,2,0,7,90,2,1850,777,5,16,40,1,0,1,0,0
1319305,2,2023,2023,4,3,8,19,27,29,34609,0,1,1,-32.88633,151.695699,48,0,2,1,1,0,3,4,2,0,7,50,0,1981,1981,4,0,5,2,0,0,1,0
1319307,4,2023,2023,7,6,7,4,10,57,34609,0,1,1,-32.251461,152.522047,43,2,1,1,0,0,0,0,2,0,7,50,0,340,340,9,16,28,2,0,1,0,0
1319311,2,2023,2023,0,3,9,83,31,523,34609,0,1,1,-33.922934,150.921182,41,0,2,1,2,0,0,0,0,0,7,50,0,1282,1282,1,0,19,3,0,0,1,0
1319314,2,2023,2023,0,3,8,53,27,155,51,1,0,1,-33.50278,151.320138,16,2,2,1,0,0,0,0,2,0,7,60,1,1945,1945,5,16,40,1,0,0,1,0
1319316,1,2023,2023,0,3,10,1,27,19,18,0,1,1,-35.836779,145.625725,51,1,0,1,0,0,0,0,0,0,7,100,1,1089,1089,7,10,40,1,0,0,0,1
1319320,1,2023,2023,0,5,4,109,36,28,108,0,1,1,-28.328758,153.403847,72,2,1,0,0,0,0,0,2,0,7,60,1,1669,1669,3,10,13,3,0,0,0,2
1319321,2,2023,2023,8,1,6,512,17,433,441,0,1,1,-33.25818,149.086374,52,2,1,0,1,0,3,4,2,0,7,70,2,3775,3775,0,9,36,2,0,0,1,0
1319323,1,2023,2023,7,5,4,147,27,104,605,0,1,2,-33.829326,151.216449,49,0,2,1,1,0,0,0,2,0,7,60,2,238,238,9,5,28,2,0,0,0,1
1319324,2,2023,2023,7,4,3,103,36,3,157,0,1,1,-28.500639,152.955828,51,1,0,1,1,0,3,4,1,0,7,100,2,4026,4026,8,10,40,1,0,0,1,0
1319328,1,2023,2023,0,1,9,22,27,43,228,0,1,1,-33.5985,150.861761,29,2,2,1,0,0,0,3,0,0,7,80,2,1669,1669,3,5,13,2,0,0,0,1
1319330,4,2023,2023,0,5,8,4,27,2,34609,0,1,1,-32.294955,151.713588,51,2,1,1,0,0,0,0,2,0,7,80,0,9859,9859,8,30,40,1,0,1,0,0
1319333,4,2023,2023,0,0,7,4,27,8,34609,0,1,9,-29.248245,141.668061,51,1,0,1,0,2,0,0,2,0,7,100,0,1945,1945,5,16,40,1,0,1,0,0
1319334,2,2023,2023,3,5,4,10,31,29,23,0,1,10,-32.396128,142.412977,51,2,1,1,0,0,0,0,2,0,15,50,1,14295,14295,3,10,13,2,0,0,4,0
1319335,1,2023,2023,7,3,3,78,17,68,58,0,1,2,-34.837238,148.955946,82,1,0,0,1,0,0,0,1,0,7,110,2,1089,1089,7,16,40,1,0,0,0,1
1319338,4,2023,2023,7,3,5,2,27,4,34609,0,1,1,-32.518359,149.48708,44,1,0,1,0,0,0,0,2,0,7,100,0,9859,9859,8,10,40,1,0,1,0,0
1319340,1,2022,2022,10,2,4,103,36,24,103,0,1,1,-32.64556,151.867862,57,1,0,1,0,0,2,6,2,0,7,90,1,312,312,2,22,40,1,0,0,0,1
1319342,2,2023,2023,3,2,4,3371,17,57,3342,0,1,7,-28.63596,153.550795,10,2,1,0,1,0,0,0,2,0,0,60,2,2852,2852,4,0,19,2,0,0,1,0
1319343,2,2023,2023,3,4,5,76,31,68,34609,0,1,10,-34.828098,148.910771,82,2,1,1,1,0,0,0,2,0,0,50,0,6545,6545,4,5,5,2,0,0,1,0
1319344,1,2023,2023,0,5,7,150,27,309,415,0,1,9,-33.808111,151.108562,61,0,2,1,1,0,0,0,2,2,7,70,2,5929,5929,1,30,5,2,0,0,0,1
1319345,4,2023,2023,7,5,3,171,1,57,104,0,1,9,-33.946104,151.223331,4,0,2,1,1,0,0,3,2,2,7,60,2,5929,5929,1,5,5,2,0,1,1,0
1319355,1,2022,2022,1,5,7,5,31,55,34609,0,1,9,-35.706346,150.176704,23,2,1,1,1,0,0,0,2,0,7,40,0,3775,3775,0,10,0,2,0,0,0,2
1319359,2,2023,2022,2,5,6,2261,17,523,2252,0,1,10,-33.928701,150.917871,41,0,2,1,3,0,0,0,2,2,7,60,2,5929,5929,1,5,5,2,0,0,1,0
1319361,1,2023,2023,8,4,8,229,14,110,237,0,1,3,-33.762846,151.019062,54,0,2,1,3,0,0,0,2,0,7,100,2,1391,1391,1,33,0,2,0,0,0,1
1319363,4,2023,2023,4,0,5,308,14,55,311,0,1,3,-33.735492,150.89652,7,0,2,1,3,0,3,4,2,0,7,100,2,1391,1391,1,9,0,2,0,1,0,0
1319364,4,2023,2023,0,2,11,1052,14,118,928,0,1,3,-33.367171,151.311733,16,1,2,0,3,0,3,4,0,0,7,110,2,14295,14295,3,5,0,2,0,1,0,0
1319368,4,2023,2023,7,6,9,50,27,169,382,0,1,1,-33.776379,150.839697,7,0,2,1,2,0,0,0,3,0,7,60,2,3775,3775,0,5,5,2,0,1,1,0
1319372,1,2023,2023,0,0,3,251,27,62,212,0,1,9,-33.753074,151.25687,50,0,2,1,3,0,0,0,1,0,7,70,2,623,623,3,9,5,3,0,0,0,1
1319374,1,2023,2023,8,0,8,89,27,182,228,1,0,9,-32.836245,151.346905,17,2,1,1,3,0,0,0,2,0,15,60,1,623,623,3,0,0,2,0,0,0,2
1319379,1,2023,2023,0,5,6,9,27,3,34609,0,1,1,-37.052626,149.732696,5,1,0,0,3,2,3,3,2,0,7,100,0,1850,1463,5,16,40,1,0,0,0,1
1319381,1,2023,2023,8,2,6,35,27,3,24,0,1,1,-32.593634,149.469604,44,1,0,0,3,0,0,0,2,0,7,100,1,1259,5151,8,5,40,1,0,0,0,1
1319382,1,2023,2023,0,6,6,90,31,252,165,0,1,2,-33.887503,151.217666,69,0,2,1,3,0,0,0,2,0,7,60,2,14295,14295,3,0,25,3,0,0,0,1
1319387,2,2023,2023,8,1,3,24,31,112,60,1,0,10,-36.062989,146.931598,0,2,1,1,3,0,0,0,2,2,7,60,1,775,775,4,9,5,2,0,0,1,0
1319388,2,2023,2023,8,6,6,478,17,128,480,0,1,2,-33.427778,151.322686,16,2,2,1,3,0,0,0,2,0,7,70,2,1383,1383,1,5,5,3,0,0,1,0
1319391,1,2023,2023,0,4,3,36,27,31,36,0,1,2,-34.029847,150.825006,13,0,2,1,3,0,0,3,1,0,7,50,1,14295,14295,3,9,0,2,0,0,0,1
1319392,2,2023,2023,8,2,6,126,27,22,168,0,1,2,-34.065598,150.797062,13,0,2,1,1,0,0,0,2,0,7,80,2,14295,14295,3,10,5,4,0,0,1,0
1319393,1,2023,2023,8,6,3,11,1,609,136,0,1,6,-33.776695,150.920245,7,0,2,0,3,0,0,0,2,0,7,60,2,14295,14295,3,0,5,2,0,0,0,1
1319400,1,2023,2023,8,5,4,112,27,79,769,0,1,1,-33.574927,150.714447,29,2,2,1,3,0,0,0,2,0,7,60,2,14295,14295,3,5,0,3,0,0,0,1
1319402,2,2023,2023,7,1,5,39,10,42,65,0,1,7,-33.701244,150.954032,71,0,2,1,0,0,3,4,2,0,0,60,1,9859,9859,8,5,40,1,0,0,1,0
1319405,2,2023,2023,8,3,5,97,17,14,88,0,1,2,-35.058764,149.374696,58,1,0,1,3,0,3,4,2,0,7,110,2,204,204,1,5,36,2,0,0,1,2
1319407,2,2023,2023,8,6,4,133,31,161,51,0,1,9,-33.883931,151.154818,32,0,2,1,3,0,0,0,2,0,7,50,1,1282,1282,1,5,40,1,0,0,1,0
1319410,2,2023,2023,8,3,9,25,27,83,34609,0,1,9,-34.445724,150.462258,78,2,1,1,3,0,3,4,0,0,7,50,0,9859,9859,8,10,40,1,0,0,1,0
1319412,2,2023,2023,8,1,4,112,27,201,256,0,1,1,-34.002271,150.839495,13,0,2,1,3,0,0,0,2,0,7,70,2,14295,14295,3,0,5,2,0,0,1,0
1319414,1,2023,2022,2,1,9,224,27,169,321,0,1,10,-33.898769,151.200003,69,0,2,1,3,0,0,0,2,2,7,50,2,2040,2040,9,9,28,2,0,0,0,1
1319416,1,2023,2023,8,3,7,11,31,137,34609,0,1,10,-34.026924,151.062584,68,0,2,1,3,0,0,0,2,0,0,50,0,6545,6545,4,5,0,2,0,0,0,1
1319417,1,2023,2023,8,4,11,1,27,65,34609,0,1,1,-33.797083,150.963999,54,0,2,1,3,0,0,0,0,0,7,50,0,1945,1945,5,10,40,1,0,0,0,1
1319421,2,2023,2023,7,0,7,308,14,86,311,0,1,3,-33.747731,150.943894,7,0,2,1,3,0,0,0,2,0,7,100,2,14295,14295,3,34,0,2,0,0,1,1
1319423,2,2023,2023,8,4,3,2126,17,78,2149,0,1,10,-33.700592,150.558633,8,2,2,0,3,0,0,0,2,2,7,80,2,14295,14295,3,10,5,2,0,0,1,0
1319425,2,2023,2023,8,3,5,13,27,36,14,0,1,1,-33.553052,149.266262,51,1,0,0,3,0,1,5,2,0,7,100,1,1850,1463,5,10,40,1,0,0,1,0
1319427,1,2023,2023,0,5,2,485,27,323,769,0,1,9,-33.760166,150.991105,71,0,2,1,3,0,0,0,1,2,7,60,2,623,623,3,5,0,2,0,0,0,1
1319430,2,2023,2023,8,0,9,4,31,70,34609,1,0,1,-33.911496,150.978424,15,0,2,0,3,0,0,0,0,0,7,50,0,4552,5151,1,5,6,3,0,0,1,0
1319434,4,2023,2023,7,6,7,177,31,174,109,0,1,7,-33.860493,150.927487,24,0,2,1,1,0,0,0,2,0,0,60,1,5929,5929,1,5,0,2,0,1,0,0
1319436,2,2023,2023,8,1,8,204,31,169,14,0,1,9,-33.903076,151.20726,69,0,2,1,3,0,0,0,2,2,7,50,1,623,623,3,0,12,2,0,0,1,0
1319438,2,2023,2023,0,6,3,6,31,246,34609,0,1,1,-33.907257,151.193467,69,0,2,1,3,0,0,0,2,0,7,40,0,9859,9859,1,0,25,3,0,0,1,0
1319445,2,2023,2023,0,5,8,220,14,133,220,0,1,3,-34.518183,150.78926,80,0,2,1,3,0,0,0,2,0,7,100,2,4026,4026,8,5,40,1,0,0,1,0
1319450,1,2023,2023,8,2,4,28,27,346,63,0,1,7,-33.879079,151.085751,67,0,2,1,3,0,0,0,2,0,0,50,1,6545,6545,4,0,0,2,0,0,0,1
1319452,1,2023,2023,8,1,4,2209,17,64,2205,0,1,2,-34.380301,150.900557,80,0,2,1,3,0,0,0,2,0,7,80,2,14295,14295,3,9,0,3,0,0,0,1
1319456,1,2023,2023,0,6,8,80,31,176,159,0,1,9,-33.952544,151.135359,4,0,2,1,3,0,0,0,2,0,7,60,2,623,623,3,5,0,2,0,0,0,1
1319463,1,2023,2023,8,1,9,89,36,96,81,0,1,1,-33.473958,148.206147,51,1,0,0,3,0,0,6,0,0,7,100,2,2585,4009,8,0,40,1,0,0,0,1
1319472,4,2023,2023,0,3,7,7,27,8,10,0,1,1,-36.847177,149.366855,65,1,0,0,3,0,3,4,2,0,7,100,1,1957,4009,8,30,40,1,0,1,0,0
1319474,2,2023,2023,8,5,9,1,31,39,34609,0,1,9,-33.771077,150.746789,55,0,2,1,3,0,0,0,0,0,7,50,0,2040,2040,9,5,28,2,0,0,1,0
1319475,1,2023,2023,8,2,8,512,17,17,441,0,1,1,-33.420362,149.440772,3,1,0,1,3,0,0,0,3,0,7,100,2,1089,1089,7,0,40,1,0,0,0,1
1319480,2,2023,2023,0,5,4,31,23,139,187,0,1,9,-33.873493,151.13723,32,0,2,1,3,0,0,0,2,2,7,60,2,926,926,4,5,12,2,0,0,1,0
1319481,2,2023,2023,0,2,5,134,10,69,133,0,1,2,-33.825613,151.020935,54,0,2,1,3,0,3,4,2,0,7,70,2,14295,14295,3,5,0,3,0,0,1,0
1319484,1,2023,2023,0,2,7,2261,17,45,2252,0,1,10,-33.891474,150.977271,15,0,2,1,3,0,0,0,2,0,0,70,2,14295,14295,3,0,5,2,0,0,0,1
1319492,2,2023,2023,0,0,7,81,27,609,115,0,1,9,-33.802359,150.896141,7,0,2,1,3,0,0,0,2,2,7,60,2,14295,14295,3,5,0,2,0,0,1,0
1319495,1,2023,2023,0,6,7,91,27,119,187,0,1,2,-33.873837,151.167454,32,0,2,1,3,0,0,0,2,0,7,70,2,14295,14295,3,10,25,2,0,0,0,1
1319496,1,2023,2023,8,4,3,8,31,387,140,0,1,1,-33.921244,151.182402,4,0,2,1,3,0,0,0,2,0,7,60,2,14295,14295,3,5,5,2,0,0,0,1
1319499,1,2023,2023,3,0,9,110,27,113,48,0,1,9,-34.345606,150.873406,80,0,2,0,3,0,0,0,2,0,7,100,2,1391,1391,1,5,5,3,0,0,0,1
1319500,2,2023,2023,8,5,6,3371,17,35,3342,0,1,2,-29.898599,153.064318,18,1,0,1,3,0,0,0,2,0,7,110,2,9859,9859,8,30,40,1,0,0,1,0
1319502,1,2023,2023,3,3,1,103,36,3,157,0,1,1,-29.567826,152.965426,18,1,0,0,3,0,0,0,0,0,7,100,2,2585,4009,8,10,40,1,0,0,0,1
1319503,4,2023,2023,8,6,8,18,36,40,34609,0,1,10,-34.222005,150.592343,79,2,2,1,3,0,0,0,4,0,0,60,0,6545,6545,4,5,13,2,0,1,0,0
1319504,2,2023,2023,7,3,9,178,31,84,34609,0,1,10,-31.096775,150.917681,70,2,1,1,3,0,0,3,3,0,0,50,0,256,256,4,10,27,2,0,0,1,0
1319507,1,2023,2023,0,4,8,3371,17,143,3342,1,0,10,-33.708509,151.098479,31,0,2,1,3,0,0,0,2,2,7,60,2,6545,6545,4,0,5,2,0,0,0,1
1319508,1,2023,2023,0,4,4,145,31,445,563,0,1,9,-33.862235,151.04204,21,0,2,0,3,0,0,0,2,0,0,70,2,623,623,3,33,5,2,0,0,0,1
1319511,4,2023,2023,8,6,4,110,27,23,173,0,1,2,-34.378793,150.861166,80,0,2,0,3,0,0,0,2,0,7,80,2,14295,14295,3,0,0,2,0,1,0,0