Crash ID,Degree of crash - detailed,Reporting year,Year of crash,Month of crash,Day of week of crash,Two-hour intervals,Street of crash,Street type,Town,Route no.,School zone location,School zone active,Type of location,Latitude,Longitude,LGA,Urbanisation,Conurbation 1,Alignment,Street lighting,Road surface,Surface condition,Weather,Natural lighting,Signals operation,Other traffic control,Speed limit,Road classification,RUM - code,DCA - code,First impact type,Key TU type,Other TU type,No. of traffic units involved,No. killed,No. seriously injured,No. moderately injured,No. minor-other injured
1319513,1,2023,2022,10,2,8,43,1,226,382,0,1,7,-33.758255,150.830815,7,0,2,0,3,0,0,0,4,0,0,60,2,2852,2852,4,5,0,2,0,0,0,2
1319517,2,2023,2023,8,1,9,1,31,15,34609,0,1,7,-33.891842,151.040006,15,0,2,1,3,0,0,0,0,0,0,60,0,1282,1282,1,5,5,2,0,0,1,0
1319520,1,2023,2023,0,1,6,28,31,225,34609,0,1,9,-33.79855,151.192246,77,0,2,1,3,0,0,0,2,0,7,50,0,926,926,4,0,36,2,0,0,0,1
1319523,1,2023,2023,8,6,11,2209,17,204,2205,0,1,1,-33.938064,151.148709,4,0,2,1,3,0,0,0,0,0,7,60,2,1981,1981,4,16,0,2,0,0,0,1
1319525,1,2023,2023,8,6,9,866,17,278,793,1,0,2,-33.763116,151.04775,54,0,2,1,3,0,0,0,3,0,7,60,2,1391,1391,1,0,0,4,0,0,0,1
1319527,2,2023,2023,0,4,2,195,27,162,15,0,1,7,-33.84612,150.877894,24,0,2,1,3,0,3,0,1,0,7,50,1,1192,1192,1,9,5,2,0,0,1,0
1319529,1,2023,2023,0,2,5,485,27,40,769,0,1,9,-33.732349,150.972087,71,0,2,1,3,0,3,4,2,2,7,70,2,14295,14295,3,5,5,2,0,0,0,1
1319532,1,2023,2023,0,0,8,4,27,50,34609,0,1,1,-33.637899,151.328458,50,0,2,1,3,0,0,0,2,0,7,40,0,1282,1282,1,10,5,2,0,0,0,1
1319540,1,2023,2023,8,6,7,15,27,56,13,0,1,1,-32.774911,151.322736,17,2,1,1,3,0,0,0,2,0,7,80,1,5929,5929,1,0,0,2,0,0,0,1
1319541,1,2023,2023,0,6,7,18,1,173,115,1,2,9,-33.707385,151.110666,31,0,2,0,3,0,0,0,2,2,7,40,1,14295,14295,3,9,5,2,0,0,0,1
1319542,2,2023,2023,8,5,10,2126,17,445,2149,0,1,2,-33.848791,151.049522,21,0,2,1,3,0,0,0,0,0,7,60,2,1192,1192,1,0,5,3,0,0,1,0
1319550,2,2023,2023,4,4,9,1,10,54,34609,0,1,1,-28.515826,153.531062,10,2,1,0,1,0,0,0,3,0,7,50,0,1957,4009,8,10,40,1,0,0,1,0
1319551,2,2023,2023,3,6,6,2261,17,14,2252,0,1,2,-34.807144,149.548475,26,1,0,1,0,0,0,0,2,0,7,110,2,9859,9859,8,8,40,1,0,0,1,0
1319555,1,2023,2023,0,2,10,344,27,89,382,0,1,9,-33.658847,150.795814,55,0,2,1,3,0,0,0,0,0,15,80,2,1669,1669,3,5,5,2,0,0,0,2
1319556,2,2023,2023,0,4,7,3,27,143,38,0,1,1,-33.878381,151.107978,9,0,2,0,1,0,0,0,2,0,7,50,1,3775,3775,0,10,5,3,0,0,1,0
1319559,2,2023,2023,8,1,7,265,10,445,563,0,1,10,-33.866336,151.041498,21,0,2,1,1,0,0,0,2,1,7,70,2,1383,1383,1,5,19,2,0,0,1,0
1319560,4,2023,2023,3,6,0,1052,14,83,928,0,1,3,-33.484902,151.185165,16,1,2,0,0,0,3,4,0,0,7,90,2,1259,5151,8,5,40,1,0,1,1,0
1319563,2,2023,2023,3,0,5,109,27,323,382,1,0,9,-33.785897,150.853182,7,0,2,1,1,0,0,0,2,2,7,60,2,5929,5929,1,5,36,2,0,0,2,0
1319566,2,2023,2023,0,2,9,147,27,55,34609,0,1,1,-33.886477,151.28437,76,0,2,0,2,0,0,0,0,0,7,50,0,1957,4009,1,15,5,2,0,0,1,1
1319571,2,2023,2023,0,5,6,157,17,123,158,0,1,10,-33.834321,148.688726,51,2,1,1,0,0,0,0,2,0,0,50,2,6545,6545,4,0,0,2,0,0,1,0
1319572,2,2023,2023,3,5,10,5,31,60,34609,0,1,1,-33.640599,150.287853,8,2,2,1,2,0,3,0,0,0,0,50,0,1945,1945,5,16,40,1,0,0,1,0
1319573,1,2023,2023,7,4,8,21,10,40,34609,0,1,1,-34.020427,150.762237,12,0,2,1,0,0,0,0,2,0,7,60,0,14295,14295,3,5,36,3,0,0,0,1
1319574,4,2023,2023,0,2,11,2,27,44,34609,0,1,1,-30.592532,152.910731,47,2,1,0,0,2,0,0,0,0,7,50,0,2585,4009,8,10,40,1,0,1,1,0
1319576,4,2023,2023,0,0,2,334,17,41,308,0,1,1,-31.46821,152.778277,56,1,0,0,0,0,3,4,0,0,7,90,2,1850,1463,5,16,40,1,0,1,0,0
1319583,4,2023,2023,0,4,2,344,27,44,369,0,1,9,-33.742338,150.715903,55,0,2,1,3,0,2,6,0,2,7,70,2,5929,5929,1,0,5,2,0,1,0,0
1319584,2,2023,2023,3,6,4,18,27,58,34609,0,1,7,-34.047769,151.129998,68,0,2,1,1,0,0,0,2,0,0,50,0,6545,6545,4,5,27,2,0,0,2,0
1319588,4,2023,2023,0,0,2,3371,17,13,3342,0,1,2,-29.979486,153.138703,18,1,0,1,1,0,0,0,1,0,7,110,2,1089,1089,7,5,40,1,0,1,0,0
1319589,4,2023,2023,3,0,8,74,27,41,260,0,1,2,-32.958709,151.615531,37,0,2,1,1,0,0,0,2,0,7,80,2,1945,1945,5,22,40,1,0,1,0,0
1319591,2,2023,2023,3,0,4,3371,17,63,3342,0,1,2,-28.178658,153.51907,72,1,0,0,1,0,0,0,2,0,7,100,2,4552,5151,8,5,40,2,0,0,1,0
1319592,4,2023,2023,0,1,5,1,10,38,34609,0,1,1,-32.734455,151.872051,57,2,1,1,0,0,0,0,2,0,7,50,0,340,340,9,0,28,2,0,1,0,0
1319594,1,2023,2023,7,6,7,8,27,210,34609,0,1,1,-34.023678,151.101799,68,0,2,1,0,0,0,0,2,0,7,50,0,9859,9859,1,0,13,2,0,0,0,1
1319600,4,2023,2023,8,4,7,2,27,1,34609,0,1,1,-34.77243,150.385433,63,1,0,0,0,0,0,0,2,0,7,100,0,1259,5151,8,0,40,1,0,1,0,0
1319601,4,2023,2023,3,2,5,109,27,460,106,0,1,9,-33.835459,150.984588,21,0,2,1,1,0,0,0,2,0,7,60,1,5929,5929,1,5,19,2,0,1,0,0
1319603,4,2023,2023,0,6,7,280,10,92,240,0,1,1,-33.880888,150.966591,24,0,2,1,1,0,0,0,2,0,7,60,2,623,623,3,5,0,2,0,1,0,0
1319605,2,2023,2023,0,1,8,103,27,370,256,0,1,10,-34.074907,150.80828,13,0,2,1,1,0,0,0,2,2,7,60,2,14295,14295,3,16,0,2,0,0,1,0
1319608,2,2023,2023,7,6,5,120,36,10,148,0,1,1,-30.532183,151.885787,1,1,0,1,0,0,0,0,2,0,7,100,2,4026,4026,8,5,40,1,0,0,1,0
1319610,1,2023,2023,0,3,5,1,27,24,769,0,1,6,-33.662579,150.893057,7,0,2,0,1,0,0,0,2,0,9,80,2,591,591,1,22,5,2,0,0,0,1
1319612,2,2023,2023,0,6,6,481,17,155,483,0,1,9,-33.145533,148.170448,53,2,1,1,0,0,0,0,2,0,0,50,2,2585,777,8,16,40,1,0,0,1,0
1319614,1,2023,2023,8,6,7,330,27,108,605,0,1,2,-33.760892,151.277255,50,0,2,0,0,0,0,0,2,0,7,60,2,515,515,1,0,19,2,0,0,0,1
1319618,1,2023,2023,8,2,4,22,31,309,208,0,1,9,-33.810733,151.10586,61,0,2,1,2,0,0,0,2,0,7,60,2,14295,14295,3,29,5,2,0,0,0,1
1319619,4,2023,2023,0,1,6,6,27,562,34609,0,1,1,-32.378272,148.70545,22,1,0,0,0,0,0,0,2,0,7,100,0,1259,5151,8,10,40,1,0,1,0,0
1319621,2,2023,2023,7,0,4,50,31,99,34609,0,1,10,-33.889913,151.265277,76,0,2,1,1,0,3,4,2,0,15,50,0,1945,1945,5,15,40,1,0,0,1,0
1319627,4,2023,2023,8,2,4,24,27,4,78,0,1,1,-33.602659,150.119887,40,1,0,0,0,0,0,0,2,0,7,100,2,404,404,8,16,40,1,0,1,0,0
1319628,2,2023,2023,8,5,7,512,10,172,34609,0,1,7,-32.760543,151.592501,42,2,1,1,1,0,0,0,2,0,0,50,0,14295,14295,3,0,0,2,0,0,1,0
1319629,4,2023,2023,7,6,3,133,1,8,34609,0,1,9,-35.758798,150.208838,23,2,1,0,1,0,3,0,1,0,7,50,0,4552,5151,8,16,40,1,0,1,0,0
1319631,2,2023,2023,0,5,7,1,31,42,34609,0,1,10,-36.000993,146.387198,51,2,1,1,1,0,0,0,2,0,0,50,0,6545,6545,4,5,19,2,0,0,1,0
1319632,4,2023,2023,0,6,4,16,27,143,19,0,1,7,-33.701311,151.106638,31,0,2,1,1,0,0,0,2,0,0,60,1,926,926,4,16,36,2,0,1,0,0
1319633,4,2023,2023,8,6,6,37,23,443,78,0,1,9,-33.906964,151.058976,15,0,2,1,1,0,0,0,2,0,16,60,2,5929,5929,1,0,19,2,0,1,0,0
1319638,4,2023,2023,0,2,6,82,27,84,181,0,1,9,-33.893976,151.264026,76,0,2,1,1,0,3,4,2,0,7,50,2,5929,5929,1,10,18,2,0,1,0,0
1319641,1,2023,2023,7,6,9,12,27,2,34609,0,1,1,-35.532698,145.167229,51,1,0,1,0,2,0,0,2,0,7,100,0,475,475,5,10,40,1,0,0,0,1
1319643,4,2023,2023,0,0,10,916,17,31,917,0,1,1,-31.132168,150.923629,70,2,1,1,0,0,0,0,0,0,7,60,2,2040,2040,9,3,28,2,0,1,1,0
1319646,2,2023,2023,8,6,3,224,27,387,321,0,1,6,-33.937624,151.194796,4,0,2,0,0,0,0,0,2,0,9,50,2,591,591,1,22,0,2,0,0,1,0
1319647,4,2023,2023,3,6,0,1052,14,54,928,0,1,3,-33.456698,151.204261,16,1,2,0,2,0,3,4,0,0,7,110,2,1259,5151,8,9,40,1,0,1,0,0
1319648,4,2023,2022,6,4,11,330,23,123,233,0,1,9,-33.914854,151.225406,59,0,2,1,0,0,0,0,0,2,7,50,2,1850,985,5,16,40,1,0,1,0,0
1319649,4,2023,2023,0,2,11,1,1,85,34609,0,1,1,-33.788373,150.667358,55,0,2,1,2,0,3,4,0,0,7,50,0,4026,4026,8,0,40,1,0,1,0,0
1319652,4,2023,2023,7,6,11,1,27,123,81,0,1,1,-33.873413,148.677352,51,1,0,0,0,0,0,0,0,0,7,100,2,418,714,5,0,40,1,0,1,0,1
1319653,4,2023,2023,7,4,4,475,31,532,34609,0,1,10,-33.866346,151.210736,69,0,2,1,1,0,3,4,2,2,7,40,0,2040,2040,9,5,28,2,0,1,0,0
1319663,2,2023,2023,8,4,7,2261,17,93,2252,0,1,2,-36.082668,146.926026,0,1,0,1,0,0,0,0,2,0,7,110,2,1383,1383,1,3,5,2,0,0,1,0
1319670,2,2023,2023,7,2,6,40,27,128,45,0,1,1,-33.419678,151.330493,16,2,2,1,1,0,3,3,2,0,7,60,1,3775,3775,0,5,0,2,0,0,6,1
1319672,4,2023,2023,0,2,8,512,10,58,34609,0,1,1,-33.435553,151.290849,16,2,2,1,1,0,0,0,2,0,7,50,0,1945,1945,5,17,40,1,0,1,0,0
1319675,4,2023,2023,0,3,6,3,31,13,34609,0,1,10,-28.905249,152.722709,51,2,1,0,0,0,0,0,2,0,7,50,0,1850,985,5,16,40,1,0,1,0,0
1319678,4,2023,2023,0,0,9,76,31,106,34609,0,1,1,-28.860965,153.049611,60,2,1,1,2,0,0,0,0,0,7,50,0,1282,1282,1,15,40,1,0,1,0,0
1319682,4,2023,2023,0,1,4,32,31,225,34609,0,1,10,-33.799713,151.185303,77,0,2,1,1,0,0,0,2,0,0,50,0,926,926,4,22,5,2,0,1,0,0
1319686,2,2023,2023,8,0,9,224,27,112,321,0,1,9,-33.907823,151.202812,69,0,2,1,2,0,0,0,0,2,7,50,2,5929,5929,1,5,18,2,0,0,1,0
1319687,4,2023,2023,0,0,10,46,27,219,34609,0,1,2,-32.891116,151.667547,48,0,2,1,0,0,0,0,0,0,7,60,0,3775,3775,0,10,0,2,0,1,0,0
1319691,1,2023,2023,0,2,8,22,31,64,61,1,0,1,-33.883644,151.024271,21,0,2,1,0,0,3,4,3,0,9,50,1,2040,2040,9,33,28,2,0,0,0,1
1319693,1,2023,2023,8,4,4,35,27,84,33,1,2,10,-33.78008,151.102899,61,0,2,1,0,0,0,0,2,2,7,40,1,14295,14295,3,0,0,2,0,0,0,1
1319695,2,2023,2023,8,5,3,3,27,10,34609,0,1,1,-28.413282,153.454655,72,1,0,0,0,0,2,6,2,0,7,100,0,3775,3775,0,0,0,2,0,0,1,0
1319699,1,2023,2023,8,6,11,15,27,26,18,0,1,1,-31.154368,152.916215,34,1,0,0,0,0,0,0,0,0,7,100,1,1089,1089,7,16,40,1,0,0,0,1
1319701,4,2023,2023,4,3,1,1,31,166,34609,0,1,4,-33.901787,151.181568,69,0,2,0,2,0,0,0,0,0,4,50,0,1850,1463,5,16,40,1,0,1,0,0
1319705,2,2023,2023,4,2,4,82,27,99,181,0,1,9,-33.895574,151.272709,76,0,2,0,1,0,0,0,2,0,0,50,2,1850,1463,5,16,40,1,0,0,1,0
1319707,2,2023,2023,8,3,8,7,27,52,34609,0,1,1,-33.636217,150.757434,55,0,2,1,1,0,0,0,2,0,7,70,0,4026,4026,8,5,40,1,0,0,1,0
1319708,2,2023,2023,0,5,7,158,27,46,207,0,1,2,-33.879039,151.237158,81,0,2,1,0,0,0,0,2,0,7,60,2,1192,1192,1,5,13,2,0,0,1,0
1319710,2,2023,2023,7,0,7,99,31,84,105,0,1,10,-33.885486,150.937029,24,0,2,1,1,0,0,0,2,2,7,60,1,6545,6545,4,5,0,2,0,0,2,0
1319713,2,2023,2023,0,0,4,1,4,87,34609,0,1,10,-33.693952,150.951322,71,0,2,1,0,0,0,3,2,0,0,50,0,6545,6545,4,8,5,2,0,0,1,0
1319715,1,2023,2023,0,3,8,481,17,113,483,0,1,9,-29.451944,149.852818,51,2,1,0,1,0,0,0,2,0,0,80,2,418,777,5,3,40,1,0,0,0,1
1319716,1,2023,2023,0,3,9,20,31,387,13,0,1,1,-33.923972,151.184724,4,0,2,1,2,0,0,0,3,0,7,50,2,1981,1981,4,9,5,2,0,0,0,1
1319721,2,2023,2023,7,2,8,3371,17,53,3342,0,1,9,-33.687475,151.10863,31,0,2,1,2,0,3,4,3,0,0,60,2,5929,5929,1,5,0,2,0,0,1,0
1319722,4,2023,2023,3,2,3,1,27,81,34609,1,0,1,-33.878878,151.253883,81,0,2,1,0,0,0,0,2,0,7,50,0,1945,1945,5,16,40,1,0,1,0,0
1319727,4,2023,2022,9,0,8,9,27,40,79,0,1,9,-33.810715,151.209851,77,0,2,1,1,0,0,0,2,2,7,50,2,2040,2040,9,5,28,2,0,1,0,0
1319728,4,2023,2023,8,0,5,2,31,84,34609,0,1,9,-31.108062,150.898518,70,2,1,1,1,0,0,0,2,0,15,50,0,489,489,8,5,40,1,0,1,0,0
1319730,2,2023,2023,0,1,3,7,4,101,34609,0,1,1,-32.900305,151.609875,37,0,2,0,1,0,3,0,2,0,7,50,0,3775,3775,0,5,0,2,0,0,2,0
1319731,2,2023,2023,0,0,8,175,27,609,220,0,1,9,-33.766151,150.912655,7,0,2,1,0,0,0,0,2,3,7,60,2,1391,1391,1,0,36,3,0,0,1,0
1319734,4,2023,2023,0,1,3,2,10,26,34609,0,1,1,-34.851743,150.578285,63,2,1,1,0,0,0,0,2,0,7,50,0,1945,1945,5,16,40,1,0,1,0,0
1319735,2,2023,2023,7,2,4,3,27,6,34609,0,1,1,-33.82044,151.164763,38,0,2,1,0,0,0,0,2,0,7,50,0,387,387,1,0,0,2,0,0,1,0
1319736,2,2023,2023,7,0,3,195,27,54,186,0,1,9,-33.877611,150.867716,24,0,2,1,1,0,0,0,2,2,7,70,2,14295,14295,3,9,13,3,0,0,2,0
1319739,2,2023,2023,7,0,8,98,31,100,159,0,1,9,-33.960061,151.154215,4,0,2,1,1,0,0,3,2,2,7,40,2,2852,2852,4,5,0,2,0,0,2,0
1319740,2,2023,2023,3,3,3,31,27,210,34609,0,1,1,-34.021893,151.104279,68,0,2,1,1,0,0,0,2,0,7,50,0,1192,1192,1,33,27,2,0,0,1,0
1319741,1,2023,2023,0,3,9,83,31,523,34609,0,1,1,-33.923593,150.921048,41,0,2,1,2,0,0,0,0,0,7,50,0,9859,9859,1,0,5,2,0,0,0,1
1319743,2,2023,2023,7,2,10,6,27,3,34609,0,1,1,-32.356171,151.043673,64,2,1,1,2,0,0,0,0,0,7,80,0,1945,1945,5,0,40,1,0,0,1,0
1319749,1,2023,2023,7,3,8,10,27,11,34609,0,1,1,-34.81501,149.78746,26,1,0,0,0,0,0,0,2,0,7,100,0,1259,5151,8,0,40,1,0,0,0,1
1319750,2,2023,2023,8,3,6,36,27,11,82,0,1,1,-35.178739,147.330564,75,2,1,1,1,0,0,3,2,0,7,80,1,4026,4026,8,5,40,1,0,0,1,0
1319753,4,2023,2023,3,3,10,109,27,20,62,0,1,10,-32.764547,151.527792,42,2,1,1,2,0,0,3,0,2,7,60,2,5929,5929,1,0,5,2,0,1,2,0
1319758,2,2023,2022,9,6,8,168,10,21,260,0,1,2,-33.950743,151.162404,4,0,2,1,0,0,0,0,2,0,7,60,2,1282,1282,1,10,19,2,0,0,1,0
1319759,4,2023,2023,7,4,8,346,17,7,332,0,1,2,-28.813504,153.274444,39,2,1,1,1,0,0,0,2,0,7,60,2,14295,14295,3,5,13,2,0,1,0,0
1319761,2,2023,2023,0,6,6,133,31,161,51,0,1,10,-33.884218,151.150012,32,0,2,1,1,0,0,0,2,2,7,50,1,5929,5929,1,5,0,2,0,0,2,0
1319763,2,2023,2023,8,4,4,2,31,215,34609,0,1,1,-35.11323,147.3748,75,2,1,1,1,0,0,0,2,0,7,50,0,1282,1282,1,5,40,1,0,0,1,0
1319764,4,2023,2022,9,4,5,916,17,179,917,0,1,10,-31.144677,150.9225,70,2,1,1,0,0,0,0,2,0,0,80,2,2852,2852,4,10,12,2,0,1,1,0
1319768,2,2023,2023,7,0,6,916,17,172,917,0,1,2,-32.744981,151.576978,42,2,1,0,0,0,0,0,2,0,7,80,2,1192,1192,1,33,5,2,0,0,1,0
1319769,4,2023,2023,3,3,7,8,1,99,34609,0,1,10,-33.888184,151.271189,76,0,2,1,1,0,0,0,2,0,9,40,0,2852,2852,4,5,18,2,0,1,0,0
1319771,2,2023,2023,7,6,7,133,17,10,121,0,1,1,-35.909583,149.158585,65,1,0,0,0,0,3,4,2,0,7,100,2,2585,4009,8,30,40,1,0,0,1,0
1319773,2,2023,2023,0,1,9,62,31,204,34609,0,1,1,-33.894172,150.929528,24,0,2,1,2,0,0,0,0,0,7,50,0,1981,1981,4,0,5,3,0,0,1,0
1319774,4,2023,2023,3,3,6,1,27,68,34609,0,1,1,-33.607826,149.823907,51,2,1,1,1,2,0,0,2,0,7,40,0,1945,1945,5,16,40,1,0,1,0,0
1319778,2,2023,2023,7,6,4,11,27,147,34609,0,1,1,-33.73812,151.148827,36,0,2,1,1,0,3,4,2,0,7,50,0,3775,3775,0,5,0,2,0,0,1,1
1319780,4,2023,2023,3,1,3,70,27,84,34609,1,0,9,-33.810435,150.9869,21,0,2,1,2,0,0,0,2,2,7,50,0,1220,1220,9,0,28,2,0,1,0,0
1319782,4,2023,2023,3,3,2,1,1,12,34609,0,1,1,-33.977887,151.048309,25,0,2,0,2,0,0,0,0,0,7,50,0,312,312,2,0,40,1,0,1,0,0
1319784,4,2023,2023,4,5,10,29,31,173,233,0,1,10,-33.885041,151.218198,69,0,2,1,2,0,0,0,0,2,7,60,2,6545,6545,4,5,19,2,0,1,0,0
1319785,4,2023,2023,3,5,7,115,27,138,114,0,1,10,-33.873413,151.273586,76,0,2,1,1,0,0,0,2,2,9,50,2,1220,1220,9,19,28,2,0,1,0,0
1319787,4,2023,2023,7,3,6,125,27,443,34609,0,1,1,-33.902267,151.053863,15,0,2,1,1,0,0,0,2,0,7,60,0,14295,14295,3,16,5,3,0,1,0,0
1319788,2,2023,2023,7,1,10,2,27,12,34609,0,1,1,-34.075249,150.498721,79,2,2,1,2,0,0,0,0,0,7,60,0,9859,9859,1,10,13,3,0,0,1,0
1319792,4,2023,2023,3,4,7,512,10,172,34609,0,1,2,-32.762209,151.584824,42,2,1,0,0,0,0,0,2,0,7,50,0,4552,5151,1,10,10,2,0,1,0,0
1319793,4,2023,2023,7,2,7,2209,17,9,2205,0,1,2,-35.085156,150.53427,63,2,1,1,1,0,0,0,2,0,7,80,2,9859,9859,8,30,40,1,0,1,0,0
1319795,1,2023,2023,3,0,7,5,27,8,10,0,1,1,-36.841233,149.502918,65,1,0,1,1,0,0,0,2,0,7,100,1,1945,1945,5,16,40,1,0,0,0,1
1319797,1,2023,2023,3,5,10,2209,17,35,2205,0,1,2,-34.054845,151.044373,68,0,2,1,1,0,0,0,0,0,7,80,2,14295,14295,3,0,13,2,0,0,0,1
1319798,4,2023,2023,3,3,6,866,17,171,793,0,1,10,-33.807257,150.969318,21,0,2,1,1,0,0,0,2,2,7,70,2,5929,5929,1,0,5,2,0,2,1,0
1319799,2,2023,2023,0,2,0,2,27,337,34609,0,1,1,-33.724638,151.001831,71,0,2,0,3,0,0,0,0,0,7,50,0,1957,4009,8,10,40,1,0,0,1,0
1319801,4,2023,2023,7,0,8,149,36,40,113,0,1,9,-32.026976,152.482107,43,2,1,1,0,0,0,0,2,0,7,80,1,1669,1669,3,10,5,3,0,2,1,0
1319802,4,2023,2023,7,0,5,5,10,90,34609,0,1,1,-28.240926,153.547024,72,2,1,1,0,0,0,0,2,0,7,50,0,9859,9859,1,0,36,2,0,1,0,0
1319803,2,2023,2023,3,4,8,36,27,23,39,0,1,1,-32.374947,149.23243,44,2,1,1,0,0,0,0,2,0,7,60,2,323,323,1,10,10,2,0,0,2,0
1319804,4,2023,2023,3,6,8,112,27,19,769,0,1,1,-33.546158,150.389837,8,2,2,0,1,0,3,4,2,0,7,80,2,1957,4009,8,29,40,3,0,2,2,0
1319805,2,2023,2023,0,4,9,6,27,21,34609,0,1,10,-33.038079,151.584782,37,0,2,1,2,0,0,0,0,0,0,60,0,4026,4026,8,5,40,1,0,0,1,0
1319806,4,2023,2023,4,3,8,348,17,25,232,0,1,1,-32.982224,149.856802,44,1,0,1,0,0,0,0,2,0,7,100,2,96,96,0,0,13,2,0,2,2,2
1319809,4,2023,2023,3,1,3,83,31,532,21,0,1,10,-33.874132,151.204267,69,0,2,1,1,0,0,0,2,2,7,40,1,395,395,1,0,19,2,0,1,0,0
1319812,4,2023,2023,3,4,8,1052,14,160,928,0,1,3,-33.118631,151.465374,37,0,2,1,0,0,0,0,2,0,7,110,2,945,945,5,16,40,1,0,1,0,0
1319816,1,2023,2023,4,4,5,3371,17,104,3342,0,1,2,-32.828379,151.684566,48,0,2,1,0,0,0,0,2,0,7,80,2,14295,14295,3,0,0,3,0,0,0,1
1319817,2,2023,2023,4,4,11,39,31,246,99,0,1,10,-33.901753,151.200142,69,0,2,1,2,0,0,0,0,2,7,50,2,14295,14295,3,10,0,3,0,0,2,0
1319818,4,2023,2023,3,2,9,2,27,2,34609,0,1,1,-32.527971,149.842483,44,1,0,1,0,2,0,0,3,0,7,100,0,14295,14295,3,34,13,3,0,1,2,0
1319824,2,2023,2023,0,2,10,105,27,174,109,0,1,9,-33.861471,150.924357,24,0,2,1,2,0,3,4,0,0,2,60,1,14295,14295,3,15,5,2,0,0,1,0
1319825,2,2023,2023,0,4,4,30,27,133,34609,0,1,1,-33.931208,151.013924,15,0,2,1,2,0,0,0,2,0,7,50,0,1109,397,1,5,5,2,0,0,1,1
1319826,4,2023,2023,8,6,8,222,31,44,34609,1,0,10,-30.712737,152.918255,47,2,1,1,1,0,0,0,3,0,0,50,0,5929,5929,1,10,5,2,0,1,0,0
1319829,2,2023,2023,0,6,8,39,31,246,99,0,1,10,-33.901753,151.200142,69,0,2,1,2,0,0,0,3,2,7,50,2,5929,5929,1,5,19,2,0,0,1,0
1319830,2,2023,2023,7,2,4,2,27,32,34609,0,1,9,-30.226598,151.644649,1,2,1,0,0,0,0,3,2,0,7,80,0,5929,5929,1,10,27,3,0,0,2,0
1319831,2,2023,2023,8,1,8,24,31,102,34609,0,1,2,-31.109088,150.908848,70,2,1,1,2,0,0,0,3,0,7,50,0,248,248,1,5,0,2,0,0,1,0
1319836,2,2023,2023,8,1,7,36,1,17,34609,1,2,10,-32.725873,151.531342,42,2,1,1,1,0,0,0,2,0,0,40,0,2040,2040,9,5,28,2,0,0,1,0
1319837,2,2023,2023,0,3,7,162,31,29,34609,0,1,10,-32.874273,151.689983,48,0,2,1,1,0,0,0,2,0,0,50,0,6545,6545,4,0,19,2,0,0,1,0
1319839,2,2023,2023,8,5,5,168,10,387,260,0,1,2,-33.94441,151.189277,4,0,2,1,0,0,0,0,2,0,7,60,2,14295,14295,3,10,5,2,0,0,1,0
1319840,4,2023,2023,0,6,6,2,27,4,34609,0,1,1,-33.100472,151.259658,16,1,2,0,0,2,0,0,2,0,7,100,0,1957,4009,8,16,40,1,0,1,0,0
1319841,4,2023,2023,0,5,8,20,31,135,101,0,1,10,-32.894706,151.739667,48,0,2,1,1,0,0,0,3,0,15,60,2,6545,6545,4,16,5,2,0,1,1,0
1319843,4,2023,2023,8,0,9,15,27,23,34609,0,1,1,-34.04461,150.812593,13,0,2,0,2,0,0,0,0,0,7,60,0,5929,5929,1,5,19,2,0,1,0,0
1319847,4,2023,2023,0,3,8,6,31,271,34609,0,1,9,-33.960175,151.021603,15,0,2,1,1,0,0,0,2,0,7,50,0,256,256,4,5,5,2,0,2,0,1
1319848,4,2023,2023,8,5,7,6,7,49,34609,0,1,9,-32.985917,151.682122,37,0,2,0,1,0,0,0,2,0,7,50,0,4552,5151,8,16,40,1,0,1,0,0
1319849,4,2023,2023,8,1,9,2126,17,218,2149,0,1,10,-33.769638,150.768726,55,0,2,1,2,0,0,0,3,2,7,60,2,1850,985,5,16,40,1,0,1,0,0
1319854,4,2023,2023,3,6,2,346,17,47,332,0,1,1,-28.841382,153.431722,2,1,0,1,0,0,3,4,1,0,7,100,2,9859,9859,8,5,40,3,0,1,0,0
1319855,2,2023,2023,0,3,5,1052,14,207,928,0,1,3,-33.566026,151.192101,31,0,2,0,1,0,0,0,2,0,7,110,2,14295,14295,3,9,0,9,0,0,2,0
1319856,1,2023,2023,0,1,9,78,1,77,34609,0,1,1,-32.57178,151.174896,64,2,1,1,2,0,0,0,3,0,7,50,0,368,368,9,5,28,2,0,0,0,1
1319859,2,2023,2023,0,3,5,191,17,24,189,0,1,9,-32.059073,149.908506,73,1,0,0,0,0,0,0,2,0,0,100,2,926,926,4,10,35,2,0,0,1,0
1319863,4,2023,2023,0,5,7,2209,17,40,2205,0,1,9,-35.051909,150.576227,63,1,0,1,1,0,0,0,2,0,15,100,2,2852,2852,4,30,13,2,0,1,0,0
1319865,2,2023,2023,0,4,11,1,25,532,34609,0,1,9,-33.865231,151.208273,69,0,2,1,2,0,3,4,0,0,7,40,0,312,312,2,5,40,1,0,0,1,0
1319867,4,2023,2023,7,4,7,4,27,11,34609,0,1,1,-28.630423,153.479161,10,2,1,0,0,0,0,0,2,0,7,80,0,3775,3775,0,5,0,2,0,2,0,0
1319869,2,2023,2023,7,2,4,17,2,74,34609,0,1,10,-34.031366,150.788427,12,0,2,1,1,0,0,0,2,2,7,60,0,6545,6545,4,0,5,2,0,0,1,1
1319872,2,2023,2023,0,0,2,1,7,33,34609,0,1,9,-33.49093,150.130511,40,2,1,0,2,0,0,3,1,0,7,50,0,4552,5151,8,5,40,1,0,0,1,0