Crash ID,Degree of crash - detailed,Reporting year,Year of crash,Month of crash,Day of week of crash,Two-hour intervals,Street of crash,Street type,Town,Route no.,School zone location,School zone active,Type of location,Latitude,Longitude,LGA,Urbanisation,Conurbation 1,Alignment,Street lighting,Road surface,Surface condition,Weather,Natural lighting,Signals operation,Other traffic control,Speed limit,Road classification,RUM - code,DCA - code,First impact type,Key TU type,Other TU type,No. of traffic units involved,No. killed,No. seriously injured,No. moderately injured,No. minor-other injured
1319875,2,2023,2023,0,4,8,9,31,562,34609,0,1,10,-32.25237,148.610356,22,2,1,1,0,0,0,0,2,0,0,50,0,6545,6545,4,5,5,2,0,0,1,0
1319877,1,2023,2023,7,0,11,4,27,3,34609,0,1,1,-34.050646,151.076887,68,0,2,0,1,0,0,0,0,0,7,50,0,4552,5151,8,9,40,2,0,0,0,1
1319879,2,2023,2023,7,0,8,866,17,171,793,0,1,10,-33.807288,150.969468,21,0,2,1,1,0,0,0,2,2,7,70,2,14295,14295,3,5,5,2,0,0,2,1
1319883,4,2023,2023,3,4,11,28,27,16,62,0,1,9,-36.719306,149.904082,5,2,1,0,0,0,3,4,0,0,7,80,2,4552,5151,8,0,40,1,0,1,0,0
1319886,4,2023,2023,8,6,1,40,27,46,34609,0,1,1,-35.160899,147.377321,75,2,1,1,2,0,3,4,0,0,7,50,0,4026,4026,8,5,40,1,0,1,0,0
1319888,2,2023,2023,7,6,10,5,27,316,34609,0,1,1,-31.45928,152.925922,56,2,1,1,2,0,0,0,0,0,7,50,0,9859,9859,1,0,13,2,0,0,1,0
1319890,2,2023,2023,7,5,7,4,18,172,34609,0,1,1,-32.746588,151.598376,42,2,1,1,2,0,3,0,2,0,7,40,0,1220,1220,9,0,28,2,0,0,1,0
1319892,4,2023,2023,7,2,7,1,27,2,34609,0,1,1,-29.654481,151.574675,51,2,1,1,0,0,0,6,2,0,7,80,0,1945,1945,5,16,40,1,0,1,0,0
1319893,4,2023,2023,0,5,10,6,1,18,34609,0,1,1,-33.233341,151.531813,16,2,2,1,2,0,0,0,0,0,7,50,0,214,214,9,5,28,2,0,1,0,0
1319894,4,2023,2023,3,2,8,2126,17,16,2149,0,1,2,-33.735231,150.481485,8,2,2,0,0,0,0,0,3,0,7,80,2,2585,4009,8,16,40,1,0,1,0,0
1319896,4,2023,2023,7,4,7,56,31,58,34609,0,1,7,-32.78037,151.737794,57,2,1,0,1,0,3,4,2,0,0,70,0,1850,1463,5,16,40,1,0,1,0,0
1319905,2,2023,2023,0,3,0,1,27,111,62,0,1,10,-33.697347,150.887294,7,0,2,1,2,0,3,4,0,2,7,70,2,5929,5929,1,5,5,2,0,0,1,0
1319906,1,2023,2023,8,6,5,3371,17,15,3342,0,1,2,-30.227743,153.146893,19,1,0,1,0,0,0,0,2,0,7,110,2,945,945,5,33,40,1,0,0,0,1
1319909,2,2023,2023,8,5,8,92,27,106,63,0,1,10,-33.913916,151.086258,15,0,2,1,1,0,0,0,2,2,7,50,1,5929,5929,1,0,5,2,0,0,1,0
1319910,4,2023,2023,8,3,4,9,27,9,1,0,1,9,-33.396634,149.178356,52,1,0,1,0,0,3,3,2,0,0,100,2,9859,9859,8,0,40,1,0,1,0,0
1319911,2,2023,2023,8,5,8,21,31,179,66,0,1,7,-31.911231,152.453746,43,2,1,1,0,0,0,0,2,0,0,60,1,6545,6545,4,5,0,2,0,0,1,0
1319912,4,2023,2023,7,2,10,55,36,155,95,0,1,1,-33.150517,148.334896,53,1,0,1,0,0,3,4,0,0,7,100,2,404,404,8,0,40,2,0,1,0,1
1319914,4,2023,2023,0,6,11,92,27,129,244,1,0,10,-33.895616,151.107284,15,0,2,1,2,0,0,0,0,0,0,60,2,6545,6545,4,5,19,2,0,1,0,0
1319917,1,2023,2023,3,3,4,111,27,80,233,0,1,9,-33.935649,151.230271,4,0,2,1,1,0,0,0,2,0,7,60,2,5929,5929,1,5,19,2,0,0,0,1
1319920,4,2023,2023,0,3,5,8,1,86,34609,0,1,9,-33.734858,151.213547,50,0,2,0,0,0,0,0,2,0,0,50,0,4552,5151,8,22,40,1,0,1,0,0
1319922,4,2023,2023,0,1,3,163,27,41,165,0,1,9,-33.728988,150.821996,7,0,2,1,1,0,0,0,2,0,0,60,1,1220,1220,9,5,28,2,0,1,0,0
1319923,2,2023,2023,8,0,9,102,31,646,28,0,1,10,-33.9181,151.047757,15,0,2,1,2,0,0,0,0,0,15,60,1,6545,6545,4,5,19,2,0,0,1,0
1319924,4,2023,2023,7,2,10,485,27,187,769,0,1,9,-33.771945,151.001104,54,0,2,1,2,0,3,3,0,2,7,60,2,2852,2852,4,5,5,2,0,1,0,0
1319927,4,2023,2023,0,6,4,123,36,17,90,0,1,1,-31.796993,151.913813,43,2,1,0,0,0,3,4,2,0,7,80,1,1850,1463,5,8,40,1,0,1,0,0
1319928,2,2023,2023,0,2,11,5,27,3,34609,0,1,1,-32.087955,152.028154,43,2,1,0,0,0,0,0,0,0,7,80,0,4552,5151,8,5,40,1,0,0,1,0
1319930,2,2023,2023,7,2,0,10,27,9,34609,1,0,7,-33.477954,151.358555,16,2,2,0,2,0,3,4,0,0,0,50,0,1259,5151,8,5,40,1,0,0,1,0
1319935,2,2023,2023,7,3,5,103,36,4,157,0,1,1,-28.444695,152.840079,51,2,1,0,0,0,0,0,2,0,7,70,2,3775,3775,0,21,13,2,0,0,1,0
1319936,4,2023,2023,3,5,4,171,27,115,6,0,1,10,-33.915253,151.184315,69,0,2,1,0,0,0,0,2,2,9,60,2,591,591,1,22,12,2,0,1,0,0
1319939,4,2023,2023,7,5,6,11,27,59,2,0,1,1,-33.156946,151.480816,37,0,2,0,1,0,3,4,2,0,7,80,1,3775,3775,0,5,13,2,0,1,1,2
1319940,2,2023,2023,0,6,9,2126,17,460,2149,0,1,10,-33.818035,150.981769,21,0,2,1,2,0,0,0,0,2,7,60,2,14295,14295,3,5,5,2,0,0,1,0
1319943,1,2023,2023,0,4,8,43,27,17,46,0,1,2,-28.266564,153.561526,72,2,1,1,2,0,3,4,0,0,7,60,1,14295,14295,3,5,36,2,0,0,0,2
1319944,4,2023,2023,3,5,8,34,1,27,34609,0,1,9,-30.149479,153.198951,19,2,1,1,1,0,0,0,2,0,7,50,0,941,941,1,5,19,2,0,2,0,0
1319945,2,2023,2023,0,1,7,123,36,17,90,0,1,1,-31.797169,151.913537,43,2,1,0,0,0,0,3,2,0,7,80,1,4552,5151,8,10,40,1,0,0,1,1
1319947,2,2023,2023,4,1,9,18,36,155,19,0,1,1,-33.020299,148.294812,53,1,0,1,0,0,3,4,0,0,7,100,1,945,945,5,5,40,1,0,0,1,0
1319952,2,2023,2023,7,4,4,1104,14,104,962,0,1,3,-33.833924,151.026097,54,0,2,1,0,0,0,0,2,0,7,90,2,9859,9859,8,0,40,1,0,0,1,0
1319953,4,2023,2023,3,0,11,348,27,363,88,0,1,2,-33.747602,150.689265,55,0,2,0,2,0,0,0,0,0,7,60,2,4552,5151,8,16,40,1,0,1,0,0
1319956,1,2023,2023,3,6,11,23,27,53,36,0,1,1,-35.185045,149.305825,58,1,0,0,1,0,3,4,0,0,7,90,1,4552,5151,8,0,40,1,0,0,0,1
1319960,2,2023,2023,3,1,4,22,10,387,64,0,1,10,-33.93213,151.185937,4,0,2,0,1,0,0,0,2,2,7,60,2,14295,14295,3,19,25,2,0,0,2,0
1319961,4,2023,2023,7,5,4,232,36,134,331,0,1,10,-33.949816,150.838633,41,0,2,1,1,0,3,3,2,2,7,70,2,5929,5929,1,5,5,2,0,1,0,0
1319963,1,2023,2023,8,4,9,117,27,72,702,0,1,9,-33.835381,151.088167,14,0,2,0,0,0,0,0,3,2,7,70,2,14295,14295,3,3,5,2,0,0,0,1
1319964,1,2023,2023,4,1,7,196,10,32,168,0,1,9,-33.927037,150.979505,15,0,2,1,2,0,3,0,2,2,9,60,2,14295,14295,3,8,5,2,0,0,0,1
1319965,1,2023,2023,0,1,7,22,27,104,144,0,1,9,-33.792411,150.807559,55,0,2,1,1,0,0,0,2,2,7,60,2,14295,14295,3,33,36,2,0,0,0,1
1319966,4,2023,2023,0,5,4,2261,17,443,2252,0,1,10,-33.901037,151.045328,15,0,2,1,1,0,0,0,2,2,7,60,2,5929,5929,1,5,5,2,0,1,0,0
1319968,1,2023,2023,0,6,8,39,31,246,99,0,1,10,-33.901753,151.200142,69,0,2,1,2,0,0,0,3,2,7,50,2,1669,1669,3,5,0,2,0,0,0,1
1319971,2,2023,2022,10,2,7,2,27,149,34609,0,1,1,-33.349682,151.341631,16,2,2,0,0,0,3,3,2,0,7,60,0,1957,4009,8,0,40,1,0,0,1,0
1319974,4,2023,2023,3,5,10,2,27,13,34609,0,1,1,-30.07622,152.941964,18,1,0,1,0,0,0,0,3,0,7,100,0,9859,9859,8,16,40,1,0,1,0,0
1319975,2,2023,2023,0,1,7,42,31,150,34609,0,1,7,-33.920369,151.233284,59,0,2,1,0,0,0,0,2,0,0,50,0,6545,6545,4,0,18,2,0,0,1,0
1319976,2,2023,2023,8,6,3,16,27,143,19,0,1,7,-33.701312,151.106642,31,0,2,1,1,0,0,0,2,0,0,60,1,926,926,4,16,5,2,0,0,1,0
1319977,4,2023,2023,8,0,2,26,10,10,26,0,1,1,-36.785233,149.91233,5,2,1,1,1,0,0,0,1,0,7,80,1,1089,1089,7,16,40,1,0,1,0,0
1319979,4,2023,2023,8,5,9,330,23,54,233,0,1,1,-33.895409,151.221681,69,0,2,1,2,0,0,0,3,0,7,60,2,1282,1282,1,16,36,3,0,1,0,0
1319981,1,2023,2023,8,2,0,19,31,131,34609,0,1,1,-33.783307,151.180153,36,0,2,1,2,0,0,0,0,0,7,50,0,4026,4026,1,10,5,2,0,0,0,1
1319982,4,2023,2023,7,2,7,57,27,36,143,0,1,1,-34.471183,149.489997,74,1,0,0,0,0,0,0,2,0,7,100,2,4552,5151,8,0,40,1,0,1,0,0
1319984,2,2023,2023,3,1,2,149,36,32,113,0,1,1,-32.405929,152.298199,43,2,1,0,0,0,0,6,0,0,7,80,1,782,957,5,33,40,1,0,0,1,0
1319985,2,2023,2023,8,0,5,1104,14,104,962,0,1,3,-33.833063,151.02334,54,0,2,0,1,0,0,6,2,0,7,90,2,4552,5151,8,34,40,1,0,0,1,0
1319987,2,2023,2023,0,2,6,163,27,73,165,1,0,7,-33.76307,150.813719,7,0,2,0,0,0,0,0,2,0,9,60,1,591,591,1,22,0,2,0,0,1,0
1319988,4,2023,2023,4,1,9,280,10,237,240,1,0,1,-33.86775,150.958096,24,0,2,0,2,0,3,4,2,0,7,60,2,3775,3775,0,5,0,3,0,1,1,0
1319991,2,2023,2023,0,4,2,2261,17,32,2252,0,1,2,-34.83259,149.041065,82,1,0,0,0,0,0,0,0,0,7,110,2,14295,14295,3,3,35,2,0,0,1,0
1319992,2,2023,2023,8,4,4,8,31,107,157,0,1,1,-29.689367,152.940151,18,2,1,1,1,0,0,0,2,0,7,50,2,404,404,8,10,40,1,0,0,1,0
1319993,2,2023,2023,8,0,8,103,27,94,563,0,1,2,-33.824485,151.05122,54,0,2,1,0,0,0,0,2,0,7,80,2,14295,14295,3,8,25,2,0,0,1,0
1319996,4,2023,2023,0,3,7,2,27,22,34609,0,1,1,-31.278017,152.057281,51,1,0,0,0,2,3,4,2,0,7,100,0,782,957,5,16,40,1,0,1,0,0
1319997,2,2023,2023,0,6,6,95,31,204,34609,0,1,10,-33.891804,151.125389,32,0,2,1,1,0,0,0,2,2,7,50,0,6545,6545,4,9,12,2,0,0,1,0
1319998,4,2023,2023,0,6,9,194,31,157,769,0,1,9,-33.795211,151.001019,54,0,2,1,2,0,0,0,2,0,7,60,2,2585,777,8,5,40,1,0,2,0,0
1320001,4,2023,2023,0,5,9,13,27,460,34609,0,1,1,-33.826407,150.982079,21,0,2,1,2,0,0,0,2,0,7,50,0,1220,1220,9,5,28,2,0,1,0,0
1320002,4,2023,2023,0,4,4,1,1,70,34609,0,1,1,-33.915903,151.002225,15,0,2,1,1,0,0,0,2,0,7,50,0,1282,1282,1,15,40,1,0,1,0,0
1320003,1,2023,2023,3,3,10,97,27,271,799,0,1,2,-33.937655,151.0159,15,0,2,1,2,0,0,0,0,0,7,70,2,945,945,5,5,40,1,0,0,0,2
1320005,4,2023,2023,0,4,9,72,14,169,71,0,1,3,-33.901489,151.214858,69,0,2,1,2,0,0,0,0,0,7,80,2,14295,14295,3,16,5,2,0,1,0,0
1320006,4,2023,2023,3,5,3,916,17,105,917,0,1,2,-32.71106,151.517007,42,2,1,1,0,0,3,3,2,0,7,60,2,3775,3775,0,10,13,2,0,1,0,0
1320007,2,2023,2023,7,2,11,12,31,91,34609,0,1,9,-33.96502,151.085747,25,0,2,1,2,0,0,0,0,0,7,50,0,2040,2040,9,22,28,2,0,0,1,1
1320012,2,2023,2023,7,0,4,3,31,123,34609,1,2,9,-33.882125,151.229948,81,0,2,1,1,0,0,0,2,0,9,40,0,1945,1945,5,22,40,1,0,0,1,0
1320013,2,2023,2023,7,3,4,19,31,8,12,0,1,9,-33.864144,151.203064,69,0,2,1,1,0,0,0,2,2,7,40,1,5929,5929,1,5,0,2,0,0,1,0
1320014,4,2023,2023,3,6,3,9,1,28,260,0,1,7,-32.945115,151.622801,37,0,2,0,1,0,0,0,2,0,0,70,2,926,926,4,22,12,2,0,1,0,0
1320017,2,2023,2023,7,6,9,829,27,363,770,0,1,2,-33.808604,151.01679,54,0,2,1,2,0,0,0,2,2,9,60,2,591,591,1,22,5,2,0,0,1,0
1320026,4,2023,2022,2,3,7,2,7,19,34609,0,1,1,-34.090035,150.786416,13,0,2,1,3,0,0,0,2,0,7,50,0,186,186,9,5,28,2,0,1,0,0
1320027,2,2023,2023,3,4,6,37,27,10,41,0,1,1,-28.99371,153.340087,39,1,0,0,0,0,0,0,2,0,7,100,1,3775,3775,0,5,40,2,0,0,1,0
1320028,2,2023,2023,3,6,8,1,27,8,34609,0,1,1,-30.494778,151.554567,51,1,0,1,0,0,0,0,2,0,7,100,0,1089,1089,7,16,40,1,0,0,1,0
1320029,2,2023,2023,4,0,8,204,31,28,82,1,0,2,-35.143592,147.350855,75,2,1,1,0,0,0,0,2,0,9,60,1,591,591,1,22,13,2,0,0,1,0
1320042,2,2023,2023,7,3,0,115,27,73,46,0,1,1,-34.187067,150.615053,79,2,2,0,0,0,0,0,0,0,7,80,2,1957,4009,8,0,40,1,0,0,2,0
1320043,4,2023,2023,4,5,3,36,36,2,139,0,1,1,-34.66616,146.450766,51,1,0,0,0,0,0,0,1,0,7,100,2,3775,3775,0,34,13,2,0,2,0,0
1320044,1,2023,2023,3,3,11,63,17,8,63,0,1,1,-34.107147,141.988025,51,1,0,0,0,0,0,0,0,0,7,100,2,782,957,5,0,40,1,0,0,0,2
1320045,2,2023,2023,4,2,1,916,17,77,917,0,1,1,-32.573459,151.182764,64,2,1,1,2,0,0,0,0,0,7,50,2,9859,9859,8,5,40,1,0,0,1,0
1320049,4,2023,2023,0,2,5,39,27,19,51,0,1,1,-33.655789,151.066891,31,0,2,0,0,0,3,4,2,0,7,60,2,3775,3775,0,22,13,2,0,1,0,0
1320053,2,2023,2023,0,5,9,12,31,78,103,0,1,1,-28.32754,153.39548,72,2,1,1,2,0,0,0,3,0,9,50,1,2040,2040,9,33,28,2,0,0,1,0
1320056,2,2023,2023,8,5,5,2,27,16,34609,0,1,9,-33.269502,151.485029,16,2,2,1,3,0,0,0,2,0,0,50,0,5929,5929,1,30,13,2,0,0,1,0
1320058,2,2023,2023,8,5,9,43,27,16,118,0,1,1,-30.418524,150.616134,70,1,0,0,3,0,0,0,3,0,7,100,2,1259,5151,8,5,40,1,0,0,1,0
1320063,1,2023,2023,8,1,4,19,31,182,174,0,1,1,-32.83619,151.356055,17,2,1,1,3,0,0,0,2,0,7,40,2,387,387,1,8,0,2,0,0,0,1
1320065,1,2023,2023,3,2,8,32,27,56,62,0,1,9,-33.80712,151.199331,77,0,2,1,3,0,0,0,2,2,7,60,2,14295,14295,3,5,5,2,0,0,0,1
1320068,2,2023,2023,7,2,5,1,7,73,34609,0,1,1,-35.150013,147.372862,75,2,1,1,1,0,0,0,2,0,7,50,0,312,312,2,5,40,1,0,0,1,0
1320070,2,2023,2023,8,6,3,191,17,13,189,0,1,1,-32.629832,151.143859,64,1,0,1,0,0,0,0,2,0,7,100,2,14295,14295,3,10,0,3,0,0,2,0
1320075,4,2023,2023,7,4,4,24,27,246,99,0,1,1,-33.905833,151.192152,69,0,2,1,1,0,0,0,2,0,7,60,2,340,340,9,5,28,2,0,1,0,0
1320078,4,2023,2023,8,0,8,1,27,4,34609,0,1,1,-29.115125,152.850857,60,2,1,1,0,2,0,0,2,0,7,50,0,1945,1945,5,16,40,1,0,1,0,0
1320079,2,2023,2023,8,2,6,4,31,463,34609,0,1,1,-30.290087,153.122071,19,2,1,1,0,0,0,0,2,0,7,50,0,1109,397,1,10,5,2,0,0,1,0
1320080,2,2023,2023,8,1,10,39,31,316,34609,0,1,9,-33.920886,151.246847,59,0,2,1,2,0,3,0,3,0,7,50,0,623,623,3,30,5,2,0,0,1,0
1320085,2,2023,2023,8,1,9,204,31,112,14,0,1,10,-33.904234,151.205236,69,0,2,1,2,0,0,0,0,2,7,50,1,1220,1220,9,0,28,2,0,0,1,0
1320086,2,2023,2023,8,0,3,866,17,204,793,0,1,10,-33.893152,150.922375,24,0,2,1,1,0,0,0,2,2,7,70,2,14295,14295,3,33,12,2,0,0,1,0
1320087,1,2023,2023,7,4,8,7,1,137,34609,0,1,10,-33.91664,151.205644,69,0,2,1,1,0,0,0,2,0,15,40,0,6545,6545,4,5,0,2,0,0,0,1
1320088,1,2023,2023,8,3,7,2209,17,17,2205,0,1,1,-35.09659,150.503914,63,2,1,0,0,0,3,4,2,0,7,80,2,1957,4009,8,5,40,1,0,0,0,1
1320090,4,2023,2023,7,5,9,5,1,109,34609,0,1,9,-33.963107,150.871407,41,0,2,0,2,0,3,4,3,0,7,50,0,1957,4009,8,16,40,1,0,1,0,0
1320095,2,2023,2023,7,5,4,512,27,87,34609,0,1,1,-34.04634,151.158314,68,0,2,1,2,0,0,0,2,0,7,50,0,1192,1192,1,0,27,2,0,0,1,0
1320099,2,2023,2023,8,0,4,13,31,49,34609,0,1,10,-32.990708,151.681201,37,0,2,1,3,0,0,0,2,0,0,60,0,6545,6545,4,0,5,2,0,0,1,0
1320100,1,2023,2023,8,1,8,829,27,157,770,0,1,10,-33.809095,151.00956,54,0,2,1,3,0,0,0,0,0,15,60,2,6545,6545,4,5,5,2,0,0,0,1
1320102,2,2023,2023,0,2,7,6,31,84,34609,0,1,7,-33.816572,150.989364,21,0,2,1,0,0,3,0,2,0,7,50,0,6545,6545,4,0,0,2,0,0,1,0
1320104,4,2023,2023,0,0,9,100,27,109,799,0,1,9,-33.904988,151.13807,32,0,2,1,1,0,3,4,0,0,7,60,2,77,77,1,15,40,1,0,1,0,0
1320105,2,2023,2023,0,5,11,36,18,363,34609,0,1,0,-33.753097,150.69219,55,0,2,1,0,0,2,6,0,0,7,40,0,1282,1282,1,5,40,1,0,0,1,0
1320107,1,2023,2023,0,4,9,62,10,91,169,0,1,6,-32.812348,151.654724,48,0,2,1,3,0,3,3,0,0,7,90,2,1282,1282,1,3,5,2,0,0,0,1
1320108,1,2023,2023,8,5,5,92,27,129,244,0,1,10,-33.897486,151.099615,15,0,2,1,3,0,0,0,2,2,7,60,2,14295,14295,3,5,5,2,0,0,0,1
1320110,1,2023,2023,0,5,5,2126,17,104,2149,0,1,2,-33.834225,151.02033,54,0,2,1,3,0,0,0,2,0,7,60,2,14295,14295,3,5,13,2,0,0,0,1
1320115,4,2023,2023,3,1,8,11,27,87,34609,0,1,10,-34.045011,151.155734,68,0,2,1,1,0,0,0,2,0,7,50,0,5929,5929,1,5,19,2,0,1,0,0
1320118,1,2023,2023,8,3,11,361,31,225,34609,0,1,4,-33.797051,151.180367,77,0,2,0,2,0,3,4,0,2,9,40,0,2040,2040,9,5,28,2,0,0,0,1
1320124,2,2023,2023,8,6,5,916,17,165,917,0,1,9,-32.286333,150.928854,46,1,0,1,3,0,0,0,2,0,7,100,2,14295,14295,3,10,5,2,0,0,1,0
1320125,2,2023,2023,8,2,5,74,27,41,260,0,1,2,-32.958861,151.615119,37,0,2,1,1,0,0,0,2,0,7,80,2,14295,14295,3,0,0,2,0,0,2,0
1320126,1,2023,2023,8,4,5,77,31,445,563,0,1,10,-33.884729,151.039953,21,0,2,1,3,0,0,0,2,2,7,80,2,1383,1383,1,8,0,2,0,0,0,1
1320127,2,2023,2023,3,5,7,149,36,40,113,0,1,1,-32.052931,152.480607,43,2,1,0,0,0,3,0,2,0,7,80,1,4552,5151,8,5,40,1,0,0,1,0
1320134,2,2023,2023,3,3,10,2261,17,523,2252,0,1,10,-33.919475,150.919506,41,0,2,1,2,0,0,0,0,2,7,60,2,5929,5929,1,5,5,2,0,0,2,0
1320135,2,2023,2023,0,3,7,5,1,73,34609,0,1,1,-35.145454,147.379849,75,2,1,1,0,0,0,3,2,0,7,50,0,9859,9859,8,5,40,1,0,0,1,0
1320137,4,2023,2023,0,5,5,191,27,309,208,0,1,9,-33.814582,151.107194,61,0,2,1,1,0,0,0,2,0,7,60,2,340,340,9,0,28,2,0,1,0,0
1320139,4,2023,2023,0,3,7,84,10,6,80,0,1,1,-34.243135,150.97694,80,0,2,0,1,0,0,0,2,0,7,60,2,1850,1463,5,16,40,1,0,1,0,0
1320140,1,2023,2023,0,2,8,4,1,293,34609,0,1,1,-33.926335,151.042518,15,0,2,1,1,0,0,0,2,0,7,50,0,1981,1981,4,10,27,2,0,0,0,1
1320142,2,2023,2023,7,5,10,30,31,85,35,0,1,9,-34.580006,150.777713,62,0,2,1,0,0,3,4,0,0,15,60,1,9859,9859,8,5,40,1,0,0,1,0
1320144,2,2023,2023,8,4,2,1,27,3,34609,0,1,1,-36.247001,149.210345,65,1,0,0,0,2,0,0,0,0,7,100,0,1957,4009,8,0,40,1,0,0,1,0
1320146,4,2023,2023,0,1,10,2126,17,218,2149,0,1,10,-33.773241,150.78657,55,0,2,1,2,0,3,0,0,2,15,50,2,6545,6545,4,5,19,2,0,1,0,0
1320149,4,2023,2023,0,1,6,265,17,18,193,0,1,7,-35.100493,147.349427,75,2,1,0,1,0,0,0,2,0,0,80,2,1850,777,5,16,40,1,0,1,0,0
1320152,4,2023,2023,0,0,2,196,10,166,168,0,1,1,-33.933356,150.976963,15,0,2,0,2,0,0,0,0,2,7,60,2,3775,3775,0,29,22,2,0,1,0,0
1320155,4,2023,2023,0,1,2,82,27,99,181,0,1,1,-33.895442,151.271955,76,0,2,1,2,0,3,4,0,0,7,50,2,4026,4026,1,5,41,2,0,1,0,0
1320156,1,2023,2023,8,4,6,26,31,171,34609,0,1,1,-33.807801,150.971627,21,0,2,1,3,1,2,6,2,0,7,50,0,312,312,2,33,40,1,0,0,0,1
1320157,2,2023,2023,0,4,8,143,31,175,34609,0,1,1,-33.772098,151.082606,54,0,2,1,1,0,0,0,2,0,7,50,0,1981,1981,4,5,0,2,0,0,1,0
1320158,2,2023,2023,8,5,11,97,31,463,34609,0,1,1,-30.29725,153.106033,19,2,1,1,1,0,0,0,0,0,7,50,0,1945,1945,5,9,40,1,0,0,1,0
1320161,2,2023,2023,8,1,3,89,36,44,34,0,1,1,-33.137847,147.22995,51,1,0,0,0,0,0,0,2,0,7,100,1,1850,1463,5,8,40,1,0,0,1,0
1320162,1,2023,2023,0,6,4,1104,14,445,962,0,1,3,-33.850131,151.05399,21,0,2,1,1,0,0,0,2,0,7,90,2,14295,14295,3,34,5,2,0,0,0,1
1320167,2,2023,2023,0,5,8,63,31,130,34609,0,1,9,-33.870024,151.19312,69,0,2,1,2,0,0,0,3,0,7,40,0,1945,1945,5,16,40,1,0,0,1,0
1320169,4,2023,2023,0,6,8,2261,17,284,2252,0,1,9,-33.907123,151.022788,15,0,2,1,1,0,0,0,3,0,7,60,2,6545,6545,4,21,5,4,0,1,2,0
1320170,1,2023,2023,8,5,4,1104,14,142,962,0,1,3,-33.827457,151.001491,54,0,2,1,3,0,0,3,2,0,7,90,2,14295,14295,3,10,5,3,0,0,0,1
1320176,2,2023,2023,8,6,9,9,27,370,53,0,1,10,-34.073122,150.80373,13,0,2,1,2,0,3,0,0,2,7,60,2,5929,5929,1,0,5,2,0,0,2,0
1320178,2,2023,2023,8,2,3,2126,17,36,2149,0,1,9,-33.808505,150.941614,21,0,2,1,3,0,0,0,1,0,0,80,2,2852,2852,4,9,13,2,0,0,1,1
1320179,1,2023,2023,8,5,3,5,27,35,34609,0,1,7,-35.344386,149.214599,58,2,1,0,3,0,0,0,2,0,0,50,0,1282,1282,1,5,27,2,0,0,0,1
1320183,2,2023,2023,0,4,8,118,27,646,118,0,1,10,-33.925304,151.030594,15,0,2,1,3,0,0,0,3,0,0,60,1,5929,5929,1,5,0,2,0,0,1,0
1320188,1,2023,2023,8,6,7,1,31,194,34609,0,1,10,-30.502968,151.650195,1,2,1,1,3,0,0,0,2,0,0,50,0,2852,2852,4,5,5,2,0,0,0,1
1320189,2,2023,2023,8,1,8,4,31,219,34609,0,1,10,-32.901287,151.671387,48,0,2,1,3,0,0,0,2,0,0,50,0,6545,6545,4,10,5,2,0,0,1,0
1320194,4,2023,2023,3,5,6,308,14,323,311,0,1,3,-33.787911,150.85685,7,0,2,1,0,0,0,0,2,0,7,100,2,4026,4026,8,0,40,1,0,1,0,0
1320198,2,2023,2023,7,0,4,9,27,224,44,0,1,9,-33.821423,151.233925,45,0,2,1,1,0,0,0,2,0,7,50,1,2852,2852,4,5,5,2,0,0,1,1
1320200,4,2023,2023,7,4,3,168,10,21,260,0,1,9,-33.948258,151.166094,4,0,2,1,0,0,0,0,2,0,7,60,2,1383,1383,1,10,5,2,0,1,0,0
1320201,2,2023,2023,8,5,9,42,27,370,34609,0,1,7,-34.079123,150.80424,13,0,2,0,2,0,0,0,3,0,0,50,0,6545,6545,4,0,19,2,0,0,2,0
1320210,4,2023,2023,8,2,4,7,27,73,34609,0,1,10,-33.889963,151.165124,32,0,2,1,0,0,0,0,2,0,15,50,0,6545,6545,4,5,5,2,0,2,0,0
1320211,1,2023,2023,8,6,2,3371,17,30,3342,0,1,2,-28.326931,153.51876,72,1,0,1,0,0,0,0,0,0,7,110,2,1192,1192,1,9,5,2,0,0,0,1
1320212,4,2023,2023,8,6,3,3371,17,24,3342,0,1,2,-29.682941,153.127965,18,1,0,1,0,0,0,0,2,0,7,100,2,9859,9859,8,0,40,1,0,1,1,0
1320215,1,2023,2023,3,5,7,6,1,123,34609,0,1,10,-33.915444,151.221912,59,0,2,1,1,0,0,0,2,0,15,50,0,6545,6545,4,0,0,2,0,0,0,1
1320216,2,2023,2023,7,0,7,3371,17,131,3342,0,1,9,-33.787416,151.17893,36,0,2,1,3,0,3,4,2,2,7,60,2,9859,9859,8,9,40,1,0,0,1,0
1320218,2,2023,2023,0,4,7,59,10,89,34609,0,1,10,-33.894218,151.233059,59,0,2,0,0,0,0,0,2,0,3,30,0,515,515,1,5,27,2,0,0,1,0
1320220,1,2023,2023,8,0,7,38,31,246,64,0,1,10,-33.911546,151.197559,69,0,2,1,3,0,0,0,2,2,7,50,2,14295,14295,3,21,12,2,0,0,0,1
1320221,1,2023,2023,8,3,9,171,23,99,34609,0,1,2,-33.890157,151.275229,76,0,2,1,3,0,3,3,0,0,7,40,0,1945,1945,5,16,40,1,0,0,0,1
1320224,2,2023,2023,0,5,3,32,27,78,28,0,1,10,-33.910019,150.786992,41,0,2,1,1,0,0,0,1,0,0,70,1,5929,5929,1,10,5,2,0,0,2,0
1320226,2,2023,2023,0,4,10,916,17,77,917,0,1,1,-32.563089,151.175966,64,2,1,1,3,0,0,0,0,0,7,50,2,9859,9859,8,30,40,1,0,0,3,0