Crash ID,Degree of crash - detailed,Reporting year,Year of crash,Month of crash,Day of week of crash,Two-hour intervals,Street of crash,Street type,Town,Route no.,School zone location,School zone active,Type of location,Latitude,Longitude,LGA,Urbanisation,Conurbation 1,Alignment,Street lighting,Road surface,Surface condition,Weather,Natural lighting,Signals operation,Other traffic control,Speed limit,Road classification,RUM - code,DCA - code,First impact type,Key TU type,Other TU type,No. of traffic units involved,No. killed,No. seriously injured,No. moderately injured,No. minor-other injured
1320227,4,2023,2023,0,1,9,109,27,460,106,0,1,10,-33.833935,150.977123,21,0,2,1,2,0,3,0,0,2,15,50,1,6545,6545,4,0,19,2,0,1,0,0
1320228,4,2023,2023,7,6,7,3,27,57,34609,0,1,1,-33.561704,150.948193,71,0,2,0,0,0,0,0,2,0,7,60,0,1957,4009,8,16,40,1,0,1,0,0
1320231,2,2023,2023,8,4,3,916,17,75,917,0,1,2,-32.780699,151.618236,42,1,0,1,3,0,0,0,1,0,7,90,2,14295,14295,3,16,13,2,0,0,1,0
1320233,2,2023,2023,8,5,3,7,31,108,34609,0,1,10,-28.866537,153.561023,2,2,1,1,3,0,3,4,2,0,0,50,0,6545,6545,4,10,36,2,0,0,1,0
1320234,1,2023,2023,8,0,10,178,27,189,101,0,1,9,-33.945751,151.053322,15,0,2,1,3,0,0,0,0,0,7,50,1,5929,5929,1,10,5,2,0,0,0,1
1320235,2,2023,2023,8,1,5,21,27,309,34609,0,1,1,-33.802942,151.11204,61,0,2,1,3,0,0,0,2,0,7,50,0,1981,1981,4,0,0,2,0,0,1,0
1320237,1,2023,2023,8,5,3,55,27,64,117,0,1,2,-32.939691,151.688539,48,0,2,1,3,0,0,0,2,0,7,70,2,14295,14295,3,10,0,2,0,0,0,1
1320241,4,2023,2023,8,0,5,16,10,5,15,0,1,1,-33.210625,151.585875,16,1,2,0,0,0,0,0,2,0,7,90,1,3775,3775,0,0,5,2,0,1,0,0
1320244,1,2023,2023,8,0,6,2,36,98,34609,0,1,7,-33.010752,151.594755,37,0,2,0,3,0,0,0,2,0,0,50,0,6545,6545,4,21,19,2,0,0,0,1
1320246,2,2023,2023,8,5,8,177,22,239,176,0,1,9,-34.043676,151.126457,68,0,2,1,3,0,0,0,3,0,0,70,2,2852,2852,4,5,5,2,0,0,1,0
1320247,2,2023,2023,8,4,7,344,27,168,382,0,1,9,-33.691416,150.825951,7,0,2,1,3,0,0,0,2,2,7,80,2,14295,14295,3,5,0,2,0,0,1,0
1320248,4,2023,2023,0,6,7,117,27,309,702,0,1,2,-33.823579,151.095007,61,0,2,1,1,0,0,0,2,0,7,70,2,14295,14295,3,9,12,3,0,1,1,0
1320254,2,2023,2023,8,5,4,3371,17,4,3342,0,1,2,-29.321992,153.230814,18,1,0,1,0,0,3,3,2,0,7,110,2,4026,4026,8,5,40,1,0,0,1,0
1320257,4,2023,2023,8,0,7,26,31,646,118,0,1,1,-33.914946,151.031736,15,0,2,1,1,0,0,0,2,0,7,60,1,2040,2040,9,5,28,2,0,1,0,0
1320258,4,2023,2023,0,0,3,12,27,29,12,1,0,7,-33.749513,151.272343,50,0,2,1,1,0,0,0,2,0,0,50,1,6545,6545,4,30,27,2,0,1,0,0
1320259,1,2023,2023,7,0,6,102,31,107,53,0,1,1,-33.876826,151.194422,69,0,2,1,1,0,0,0,2,0,7,50,2,1383,1383,1,0,19,2,0,0,0,1
1320262,2,2023,2023,8,6,5,1,27,1,34609,0,1,1,-31.928856,152.363963,43,1,0,1,0,0,0,0,2,0,7,100,0,4026,4026,8,5,40,1,0,0,1,0
1320265,4,2023,2023,0,1,6,265,17,30,193,0,1,1,-34.871867,147.557582,51,1,0,1,0,0,0,0,2,0,7,100,2,14295,14295,3,30,5,2,0,1,1,0
1320266,4,2023,2023,0,2,1,51,27,32,45,0,1,7,-33.74365,150.828421,7,0,2,1,2,0,0,0,0,0,0,60,1,312,312,2,9,40,1,0,1,0,0
1320267,1,2023,2023,0,6,7,500,27,198,799,0,1,9,-33.916021,151.109766,15,0,2,1,1,0,0,0,2,2,7,60,2,14295,14295,3,5,0,2,0,0,0,1
1320270,2,2023,2023,8,5,4,118,17,8,118,0,1,1,-31.194786,150.35719,51,1,0,1,0,0,0,0,2,0,7,110,2,475,475,5,29,40,1,0,0,1,0
1320271,2,2023,2023,7,6,2,17,27,26,39,0,1,1,-31.459896,150.594611,51,1,0,1,0,0,3,4,0,0,7,100,1,945,945,5,5,40,1,0,0,1,0
1320272,2,2023,2023,0,2,8,22,10,165,34609,0,1,9,-33.859432,151.15273,14,0,2,0,1,0,3,3,2,0,7,50,0,1957,4009,8,5,40,1,0,0,2,0
1320274,2,2023,2023,8,1,4,3,31,293,34609,0,1,10,-33.941999,151.22895,59,0,2,1,1,0,0,3,2,0,0,50,0,6545,6545,4,5,0,2,0,0,1,0
1320279,1,2023,2023,0,5,1,2,1,74,34609,0,1,1,-34.424097,150.856567,80,0,2,0,2,0,3,0,0,0,7,50,0,2585,4009,1,5,5,3,0,0,0,1
1320280,1,2023,2023,8,1,1,17,27,1,17,0,1,1,-35.194741,148.131445,66,1,0,1,0,0,0,0,0,0,7,100,2,9859,9859,8,5,40,1,0,0,0,1
1320291,4,2023,2023,8,0,5,43,27,56,87,0,1,10,-34.454792,150.873758,80,0,2,1,1,0,0,0,2,2,7,80,2,14295,14295,3,8,5,4,0,2,0,0
1320292,2,2023,2023,8,4,1,8,31,207,34609,0,1,1,-31.949408,141.466145,51,2,1,1,2,0,0,0,0,0,7,50,0,4026,4026,8,5,40,1,0,0,1,0
1320296,2,2023,2023,8,1,7,9,10,562,34609,0,1,9,-32.244432,148.644323,22,2,1,1,1,0,0,0,2,0,7,50,0,1109,787,1,0,5,2,0,0,1,0
1320298,1,2023,2023,0,1,4,32,27,14,26,0,1,1,-33.650804,151.278971,50,0,2,0,0,0,0,0,2,0,7,50,1,14295,14295,3,22,27,3,0,0,0,1
1320300,1,2023,2023,0,0,8,14,27,8,17,0,1,1,-30.04466,150.292577,51,1,0,0,0,0,0,0,2,0,7,100,1,1259,5151,8,0,40,1,0,0,0,1
1320306,4,2023,2023,8,2,7,265,10,445,563,0,1,9,-33.853469,151.040383,21,0,2,0,1,0,0,0,2,2,7,70,2,4552,985,8,0,40,1,0,1,1,1
1320307,1,2023,2023,0,2,11,230,27,173,284,0,1,10,-33.794231,151.134459,61,0,2,1,2,0,3,3,0,2,7,70,2,14295,14295,3,0,0,3,0,0,0,1
1320309,4,2023,2023,8,6,3,8,10,165,34609,0,1,1,-32.334401,150.902634,46,1,0,0,0,0,3,4,1,0,7,100,0,4552,5151,8,10,40,2,0,1,1,0
1320311,4,2023,2023,0,4,7,222,31,173,15,0,1,1,-33.8804,151.222896,69,0,2,0,1,0,3,3,2,0,7,40,1,96,96,0,5,19,2,0,1,0,0
1320314,2,2023,2023,7,4,8,4,27,65,34609,0,1,1,-33.867078,150.901891,24,0,2,1,1,0,3,4,2,0,7,50,0,3775,3775,0,5,0,2,0,0,1,0
1320321,2,2023,2023,0,5,2,104,27,246,140,0,1,10,-33.920825,151.191757,69,0,2,1,2,0,0,0,0,2,7,60,2,14295,14295,3,8,10,2,0,0,1,0
1320322,4,2023,2023,0,4,3,2209,17,14,2205,0,1,10,-33.973631,151.129671,25,0,2,1,0,0,3,3,2,2,7,70,2,6545,6545,4,8,5,2,0,1,0,0
1320323,2,2023,2023,7,4,8,25,27,147,94,0,1,9,-33.883579,151.004272,15,0,2,1,1,0,0,0,2,0,7,50,1,2040,2040,9,5,28,2,0,0,1,0
1320325,4,2023,2023,7,3,10,7,31,9,34609,0,1,1,-32.914449,151.30607,17,2,1,1,2,0,0,0,0,0,7,50,0,4026,4026,1,16,5,3,0,1,0,0
1320327,4,2023,2023,7,4,6,55,36,8,43,0,1,1,-32.444426,150.28356,46,1,0,1,0,0,3,0,2,0,7,100,1,1945,1945,5,16,40,1,0,1,0,0
1320328,4,2023,2023,3,5,3,8,1,145,34609,0,1,9,-33.931687,151.120532,15,0,2,0,1,0,0,0,2,0,0,50,0,2852,2852,4,5,27,2,0,1,0,0
1320330,2,2023,2023,7,5,3,512,17,433,441,0,1,7,-33.260756,149.076532,52,2,1,1,1,0,0,0,2,0,0,50,2,6545,6545,4,34,41,2,0,0,1,0
1320333,2,2023,2023,7,4,4,1,31,433,34609,0,1,1,-33.290669,149.099371,52,2,1,1,0,0,0,0,2,0,7,50,0,1109,397,1,0,0,2,0,0,1,0
1320334,4,2023,2023,7,5,1,177,31,162,208,0,1,9,-33.857895,150.908691,24,0,2,1,2,0,0,0,0,0,15,60,1,1282,1282,1,5,40,1,0,1,0,0
1320339,4,2023,2023,7,6,0,2261,17,201,2252,0,1,6,-33.989213,150.853985,13,0,2,0,2,0,0,0,0,0,7,60,2,2585,4009,8,16,40,1,0,1,0,0
1320341,2,2023,2023,4,3,0,9,1,9,34609,0,1,9,-35.151505,147.340022,75,2,1,1,2,0,0,0,0,0,7,70,0,256,256,4,0,5,2,0,0,1,2
1320343,4,2023,2023,3,2,8,1,27,4,34609,0,1,1,-31.436713,149.476197,51,1,0,1,0,2,0,0,2,0,7,100,0,9859,9859,8,5,40,1,0,2,2,0
1320344,2,2023,2023,3,4,8,34,27,127,799,0,1,1,-33.896357,151.161192,32,0,2,1,0,0,3,4,2,0,7,60,2,9859,9859,1,10,0,5,0,0,1,0
1320347,4,2023,2023,3,3,11,128,27,61,133,0,1,9,-33.834578,150.652596,55,0,2,1,2,0,0,0,0,0,0,60,2,323,323,1,34,13,2,0,1,0,0
1320349,4,2023,2023,0,5,6,177,31,314,208,0,1,7,-33.860452,150.9279,24,0,2,1,0,0,0,0,2,0,0,60,1,6545,6545,4,0,19,2,0,2,0,0
1320350,1,2023,2023,0,0,7,175,27,86,220,0,1,9,-33.74135,150.917543,7,0,2,1,3,0,0,0,2,2,7,70,2,14295,14295,3,5,5,2,0,0,0,1
1320351,2,2023,2023,8,6,9,14,31,165,34609,0,1,1,-32.263567,150.902328,46,2,1,1,3,0,0,0,2,0,7,50,0,9859,9859,8,34,40,1,0,0,1,0
1320352,4,2023,2023,3,3,1,2209,17,49,2205,0,1,2,-33.93228,151.153847,4,0,2,1,2,0,0,0,0,0,7,60,2,1192,1192,1,5,5,2,0,2,1,0
1320356,1,2023,2023,0,0,6,154,27,64,244,0,1,2,-33.905745,151.079334,67,0,2,1,3,0,0,0,2,0,7,60,2,1192,1192,1,0,0,2,0,0,0,1
1320358,1,2023,2023,8,4,9,2261,17,243,2252,0,1,9,-33.955878,150.894205,41,0,2,1,2,0,0,0,0,2,7,70,2,1383,1383,1,16,0,2,0,0,0,1
1320359,2,2023,2023,8,6,8,9,22,100,237,0,1,3,-33.801678,151.145254,77,0,2,1,3,0,0,0,0,0,7,80,2,14295,14295,3,5,5,2,0,0,1,0
1320361,1,2023,2023,8,0,3,57,27,155,75,0,1,2,-33.496226,151.307784,16,2,2,1,3,0,0,0,2,0,7,60,1,9859,9859,1,5,10,2,0,0,0,1
1320362,1,2023,2023,8,6,6,2126,17,106,2149,0,1,2,-33.886192,151.179376,69,0,2,1,3,0,0,0,2,0,7,60,2,14295,14295,3,5,19,2,0,0,0,1
1320372,2,2023,2023,8,4,10,22,31,215,34609,0,1,10,-35.10605,147.36159,75,2,1,1,3,0,0,0,0,0,0,50,0,6545,6545,4,16,0,2,0,0,1,0
1320374,4,2023,2023,7,1,8,2209,17,157,2205,0,1,9,-34.016914,151.092438,68,0,2,1,0,0,0,0,3,0,0,70,2,2852,2852,4,0,5,2,0,1,0,0
1320375,2,2023,2023,0,4,5,8,14,110,34609,0,1,3,-33.74617,151.05268,31,0,2,1,3,0,3,4,2,0,7,80,2,14295,14295,3,29,5,5,0,0,1,0
1320378,1,2023,2023,8,6,4,35,31,273,34609,1,0,9,-34.422991,150.903328,80,0,2,1,3,0,0,0,2,0,7,50,0,2040,2040,9,5,28,2,0,0,0,1
1320379,2,2023,2023,8,3,5,154,27,293,244,0,1,9,-33.91922,151.063269,15,0,2,1,3,0,3,4,2,0,15,60,2,926,926,4,5,5,2,0,0,1,0
1320385,4,2023,2023,8,0,6,866,17,171,793,0,1,10,-33.80296,150.971208,54,0,2,1,3,0,0,0,2,2,7,70,2,14295,14295,3,9,5,3,0,1,0,1
1320387,2,2023,2023,8,4,7,81,27,609,115,0,1,9,-33.784234,150.900049,7,0,2,1,3,0,0,0,2,0,7,60,2,515,515,1,5,19,2,0,0,1,0
1320393,4,2023,2023,7,2,11,25,31,460,55,0,1,10,-33.826596,150.98297,21,0,2,1,3,0,0,0,0,2,16,50,1,5929,5929,1,5,0,2,0,1,0,0
1320394,1,2023,2023,8,0,8,25,31,23,55,0,1,9,-33.821226,150.990142,21,0,2,1,3,0,0,0,2,0,15,60,1,14295,14295,3,0,0,2,0,0,0,1
1320395,1,2023,2023,0,3,10,2,1,523,34609,0,1,1,-33.934407,150.906785,41,0,2,1,3,0,0,0,0,0,7,50,0,238,238,9,0,28,2,0,0,0,1
1320396,4,2023,2023,8,1,4,1,1,148,34609,0,1,10,-36.040566,146.933604,0,2,1,1,3,0,0,0,2,0,0,50,0,6545,6545,4,0,5,2,0,1,0,0
1320400,2,2023,2023,8,2,3,169,27,137,54,0,1,2,-34.023338,151.054662,68,0,2,0,3,0,0,0,1,0,7,60,2,1957,4009,8,10,40,1,0,0,1,0
1320401,2,2023,2023,0,4,8,15,27,64,32,0,1,1,-34.384008,150.903826,80,0,2,1,1,0,0,0,2,0,7,50,1,591,591,1,22,0,2,0,0,1,0
1320402,2,2023,2023,8,6,8,41,27,137,80,0,1,7,-32.970027,151.688956,37,0,2,1,3,0,3,4,2,0,0,60,1,1945,1945,5,15,40,1,0,0,1,0
1320403,4,2023,2023,0,0,5,42,36,53,34609,0,1,1,-30.635803,152.975185,47,2,1,1,0,0,3,0,2,0,7,60,0,475,475,5,0,40,1,0,1,0,0
1320405,1,2023,2023,8,2,4,163,27,73,165,0,1,9,-33.750092,150.801818,7,0,2,1,3,0,0,0,2,2,7,60,1,1391,1391,1,30,5,2,0,0,0,1
1320407,2,2023,2023,8,5,7,7,27,83,34609,0,1,9,-33.889137,150.849591,41,0,2,1,1,0,0,0,2,0,7,50,0,2040,2040,9,5,28,3,0,0,1,1
1320409,1,2023,2023,0,4,8,8,6,37,34609,0,1,10,-32.795446,151.514784,17,2,1,1,1,0,3,3,2,0,0,50,0,6545,6545,4,16,36,2,0,0,0,2
1320414,2,2023,2023,7,5,10,21,25,228,34609,0,1,9,-34.723804,149.734616,26,2,1,0,0,0,3,4,0,0,7,50,0,4552,5151,8,10,40,1,0,0,1,0
1320415,2,2023,2023,7,2,6,8,27,13,34609,0,1,1,-33.340718,150.251811,40,1,0,1,0,2,3,4,2,0,7,100,0,475,475,5,0,40,1,0,0,1,0
1320416,4,2023,2023,0,5,3,1104,14,223,962,0,1,3,-33.805705,150.918032,7,0,2,1,2,0,0,0,1,0,7,100,2,14295,14295,3,34,0,4,0,1,1,0
1320420,4,2023,2023,7,4,10,916,17,105,917,0,1,9,-32.719511,151.536296,42,2,1,1,2,0,0,0,3,2,7,60,2,5929,5929,1,5,0,2,0,3,1,1
1320421,2,2023,2023,8,2,8,25,27,202,18,0,1,7,-33.961674,151.031794,15,0,2,1,1,0,0,0,3,0,0,60,1,2040,2040,9,5,28,2,0,0,1,0
1320422,2,2023,2023,0,1,11,2261,17,284,2252,1,0,9,-33.90766,151.026091,15,0,2,1,2,0,0,0,0,3,7,60,2,1383,1383,1,5,13,4,0,0,1,0
1320424,2,2023,2023,8,1,4,163,27,41,165,0,1,9,-33.728988,150.821996,7,0,2,1,1,0,0,0,2,0,7,60,1,5929,5929,1,5,0,2,0,0,1,0
1320425,1,2023,2023,8,4,4,14,27,91,44,0,1,10,-33.98947,150.882632,13,0,2,1,1,0,0,0,2,1,7,60,1,5929,5929,1,5,5,2,0,0,0,1
1320427,4,2023,2023,8,1,3,109,27,247,106,0,1,1,-33.829644,150.954799,21,0,2,1,1,0,0,0,2,0,7,60,1,1981,1981,4,0,5,2,0,1,0,0
1320433,2,2023,2023,0,6,9,76,32,646,34609,0,1,9,-33.917334,151.035389,15,0,2,1,2,0,0,0,0,0,9,40,0,2040,2040,9,5,28,2,0,0,1,0
1320434,1,2023,2023,7,4,2,55,1,167,34609,0,1,10,-33.849814,151.07392,54,0,2,1,2,0,0,0,1,2,7,60,0,5929,5929,1,5,0,2,0,0,0,1
1320436,2,2023,2023,8,2,9,128,27,26,133,0,1,2,-33.773355,150.669706,55,0,2,0,3,0,0,0,0,0,7,60,2,14295,14295,3,10,5,2,0,0,1,0
1320440,1,2023,2023,0,5,9,5,27,75,34609,1,0,7,-33.875852,151.112085,9,0,2,1,2,0,0,0,0,0,0,50,0,6545,6545,4,5,5,2,0,0,0,1
1320441,2,2023,2023,0,1,9,194,31,88,34609,0,1,10,-33.993815,151.112517,25,0,2,1,2,0,0,0,3,0,0,50,0,6545,6545,4,0,5,2,0,0,2,0
1320443,2,2023,2023,0,0,6,107,22,98,34609,0,1,7,-33.013873,151.597583,37,0,2,1,1,0,0,0,2,0,0,40,0,941,941,1,5,27,2,0,0,1,0
1320448,4,2023,2023,7,6,6,23,31,163,74,1,0,1,-33.863279,151.109523,14,0,2,1,1,0,0,0,2,0,7,50,1,3775,3775,0,5,40,2,0,1,0,0
1320449,4,2023,2023,8,3,7,3371,17,23,34609,0,1,1,-33.321797,151.400326,16,2,2,0,1,0,3,2,2,0,7,60,0,3775,3775,0,5,5,2,0,1,0,0
1320450,2,2023,2023,3,4,7,3371,17,117,3342,0,1,2,-28.184243,153.524069,72,1,0,1,1,0,0,0,2,0,7,100,2,14295,14295,3,8,0,4,0,0,2,2
1320453,2,2023,2023,8,3,0,21,27,43,34609,0,1,1,-33.551777,150.81092,29,2,2,0,0,0,3,1,0,0,7,80,0,1850,1463,5,0,40,1,0,0,1,0
1320454,2,2023,2023,8,1,9,62,10,91,169,0,1,10,-32.813624,151.635647,48,0,2,1,2,0,0,0,0,2,7,60,2,14295,14295,3,0,0,2,0,0,1,0
1320457,2,2023,2023,0,0,8,81,17,83,100,0,1,1,-34.447715,150.457734,78,2,1,1,0,0,0,0,2,0,7,60,2,9859,9859,8,5,40,1,0,0,1,0
1320458,2,2023,2023,8,0,8,2261,17,31,2252,0,1,2,-33.887572,151.09162,9,0,2,1,0,0,0,0,2,0,7,60,2,14295,14295,3,5,0,3,0,0,1,1
1320460,4,2023,2023,8,6,7,344,27,89,382,0,1,1,-33.642938,150.787355,55,0,2,1,1,0,0,0,2,0,7,80,2,14295,14295,3,29,19,2,0,1,0,0
1320464,1,2023,2023,8,6,4,18,36,40,34609,0,1,10,-34.222005,150.592343,79,2,2,1,0,0,0,0,2,0,0,60,0,2040,2040,9,9,28,2,0,0,0,1
1320467,2,2023,2023,3,5,4,7,23,87,34609,0,1,1,-34.060872,151.154065,68,0,2,1,0,0,0,0,2,0,7,50,0,1981,1981,4,5,5,2,0,0,1,0
1320470,1,2023,2023,0,4,8,1052,27,104,262,0,1,9,-32.908834,151.703366,48,0,2,1,0,0,0,6,2,0,7,60,2,14295,14295,3,5,5,2,0,0,0,1
1320474,2,2023,2023,0,3,7,56,1,18,46,0,1,1,-28.389126,153.564293,72,2,1,1,1,0,0,0,2,0,7,40,1,9859,9859,1,0,5,2,0,0,1,0
1320481,4,2023,2023,4,2,9,280,10,314,82,0,1,10,-33.850836,150.922233,24,0,2,1,2,0,0,0,3,2,7,60,1,6545,6545,4,5,13,2,0,1,0,0
1320484,4,2023,2023,0,1,6,41,31,98,34609,0,1,1,-33.010796,151.591389,37,0,2,1,1,0,0,0,2,0,7,50,0,1282,1282,1,15,13,2,0,1,0,0
1320490,1,2023,2023,0,2,10,515,14,197,518,0,1,3,-33.943374,151.075862,15,0,2,1,2,0,0,0,0,0,7,80,2,14295,14295,3,5,5,2,0,0,0,1
1320493,1,2023,2023,8,6,7,2,1,112,34609,0,1,9,-36.051696,146.926768,0,2,1,1,3,0,0,0,2,0,7,60,0,623,623,3,5,0,2,0,0,0,1
1320496,2,2023,2023,8,6,4,8,27,2,34609,0,1,1,-30.73811,150.61596,70,1,0,1,3,0,0,0,2,0,7,100,0,9859,9859,8,10,40,1,0,0,1,0
1320497,2,2023,2023,7,3,6,1104,14,143,962,0,1,3,-33.869005,151.10391,9,0,2,1,0,0,0,0,2,0,7,80,2,1383,1383,1,16,13,2,0,0,1,0
1320500,4,2023,2023,0,4,8,2209,17,10,2205,0,1,2,-34.650596,150.852932,35,1,0,0,0,0,0,0,2,0,7,100,2,2585,4009,8,0,40,1,0,1,0,0
1320503,2,2023,2023,0,2,7,222,27,71,165,0,1,9,-33.972904,151.075989,25,0,2,1,1,0,3,0,2,0,7,50,1,1669,1669,3,5,5,2,0,0,1,0
1320510,4,2023,2023,7,0,5,99,31,237,105,0,1,10,-33.864692,150.950527,24,0,2,1,1,0,0,0,2,0,15,60,1,6545,6545,4,5,12,2,0,1,0,0
1320511,4,2023,2023,8,3,6,2209,17,29,2205,0,1,1,-36.982644,149.887132,5,1,0,0,0,0,3,4,2,0,7,100,2,2585,4009,8,9,40,2,0,1,0,0
1320512,4,2023,2023,4,0,6,2126,17,26,2149,0,1,2,-33.70251,150.576989,8,2,2,0,0,0,3,4,2,0,7,80,2,1957,4009,8,5,40,1,0,1,0,0
1320515,1,2023,2023,0,5,10,2261,17,64,2252,0,1,9,-33.886043,151.06915,67,0,2,1,2,0,0,0,0,2,7,60,2,1192,1192,1,30,5,2,0,0,0,1
1320517,2,2023,2023,8,6,6,12,31,78,103,0,1,1,-28.327473,153.395006,72,2,1,1,1,0,2,6,2,0,7,50,1,2040,2040,9,5,28,2,0,0,1,0
1320518,4,2023,2023,0,6,5,16,27,143,19,0,1,7,-33.701267,151.106721,31,0,2,1,1,0,0,0,2,0,0,60,1,6545,6545,4,30,19,2,0,1,0,0
1320520,4,2023,2023,8,2,4,3371,17,119,3342,0,1,2,-32.757982,151.765049,57,1,0,1,1,0,0,0,2,0,7,110,2,404,404,8,22,40,1,0,1,0,0
1320522,4,2023,2023,7,2,3,46,27,96,49,1,0,9,-34.056241,150.847612,13,0,2,1,0,0,0,0,2,0,7,60,1,9859,9859,8,5,40,1,0,1,0,0
1320529,4,2023,2023,0,5,4,24,27,8,34609,0,1,1,-32.925932,151.411597,17,1,0,0,0,0,0,0,2,0,7,100,0,4552,5151,8,10,40,1,0,1,0,0
1320531,2,2023,2023,0,1,3,3,27,433,34609,0,1,10,-33.295419,149.065956,52,2,1,1,0,0,0,0,2,0,15,80,0,6545,6545,4,5,36,2,0,0,2,0
1320532,1,2023,2022,2,3,9,68,27,98,208,0,1,10,-33.744367,151.063702,31,0,2,1,0,0,0,0,2,0,7,60,2,1192,1192,1,5,0,2,0,0,0,1
1320535,2,2023,2023,8,2,8,56,23,31,144,0,1,9,-33.893161,151.090575,9,0,2,1,2,0,0,3,3,0,7,60,2,775,775,4,5,0,2,0,0,1,0
1320536,4,2023,2023,7,4,7,16,31,29,34609,0,1,9,-33.98132,151.068017,25,0,2,1,1,0,0,0,2,0,7,50,0,4026,4026,1,5,12,2,0,1,0,0
1320539,2,2023,2023,8,0,7,18,31,201,34609,0,1,7,-34.876662,150.602722,63,2,1,1,0,0,0,0,2,0,0,50,0,6545,6545,4,5,19,2,0,0,1,0
1320543,4,2023,2023,8,1,11,75,10,137,165,0,1,2,-33.914252,151.212429,69,0,2,1,2,0,0,0,0,0,7,80,2,1945,1945,5,16,40,1,0,1,0,0
1320547,4,2023,2023,7,3,10,5,27,370,34609,0,1,1,-34.064858,150.808471,13,0,2,0,2,0,0,0,0,0,7,60,0,2585,4009,8,5,40,1,0,1,0,0
1320551,1,2023,2023,7,4,8,5,27,8,34609,0,1,1,-28.45413,153.534933,72,2,1,0,0,0,0,0,2,0,7,80,0,273,957,5,30,40,1,0,0,0,1
1320553,1,2023,2023,7,2,3,103,36,7,157,0,1,1,-29.107475,152.998669,60,1,0,0,0,0,0,0,2,0,7,100,2,2585,4009,8,5,40,1,0,0,0,1
1320554,4,2023,2023,0,6,3,21,14,115,21,0,1,3,-33.916143,151.181164,69,0,2,1,2,0,0,0,1,0,7,80,2,14295,14295,3,10,12,2,0,1,0,0
1320556,4,2023,2023,0,3,5,481,17,7,483,0,1,1,-30.022401,149.791071,51,1,0,1,0,0,0,0,2,0,7,110,2,4026,4026,8,0,40,1,0,1,0,0
1320558,4,2023,2023,3,3,0,84,10,2,80,0,1,1,-34.259608,150.969696,80,0,2,1,2,0,0,3,0,0,7,60,2,237,162,8,5,40,1,0,2,0,0
1320559,4,2023,2023,4,0,10,213,17,61,213,0,1,10,-29.734529,151.73053,51,2,1,1,0,0,3,4,0,0,0,50,2,6545,6545,4,34,5,2,0,1,3,0
1320561,4,2023,2023,7,4,8,3371,17,29,3342,0,1,2,-31.808053,152.637944,43,1,0,1,0,0,0,0,2,0,7,110,2,4026,4026,8,0,40,1,0,1,0,0
1320562,4,2023,2023,7,0,3,15,27,56,13,0,1,1,-32.773232,151.310196,17,2,1,1,1,0,0,0,1,0,7,80,1,1089,1089,7,16,40,1,0,1,0,0
1320563,4,2023,2023,3,1,7,5,27,32,34609,0,1,1,-29.119908,153.348276,60,1,0,1,0,2,0,0,2,0,7,100,0,9859,9859,8,5,40,1,0,1,0,0
1320564,4,2023,2023,7,1,7,62,27,39,166,0,1,10,-33.24358,151.468686,16,2,2,1,0,0,0,3,2,2,7,70,2,6545,6545,4,16,13,2,0,1,0,0
1320565,4,2023,2023,7,5,4,24,27,15,41,0,1,1,-28.930938,153.186557,60,1,0,1,0,0,0,0,2,0,7,100,1,323,323,1,5,12,2,0,2,0,0
1320566,2,2023,2023,8,3,5,3371,17,58,3342,0,1,2,-28.570579,153.540644,10,1,0,0,3,0,0,0,2,0,7,110,2,4552,5151,8,0,40,1,0,0,1,0
1320568,4,2023,2023,7,2,9,255,27,62,172,0,1,9,-32.92382,151.622042,37,0,2,0,1,0,3,3,2,2,7,60,2,6545,6545,4,5,13,2,0,1,0,0
1320570,2,2023,2023,7,0,8,15,27,9,34609,0,1,1,-29.776772,151.011614,33,1,0,0,0,0,0,0,2,0,7,100,0,101,101,8,5,10,2,0,0,2,0
1320575,2,2023,2023,7,2,1,137,14,18,70,0,1,2,-32.800669,151.484153,17,1,0,1,2,0,3,3,0,0,7,110,2,204,204,1,30,13,2,0,0,1,0
1320577,2,2023,2023,7,0,9,2126,17,438,2149,0,1,2,-33.837828,151.026809,21,0,2,1,3,0,0,0,3,0,7,60,2,1282,1282,1,5,40,2,0,0,1,0
1320581,4,2023,2023,0,4,7,73,24,17,88,0,1,1,-33.776934,151.238071,50,0,2,1,0,0,0,0,2,0,7,60,2,3775,3775,0,5,0,2,0,1,1,0
1320583,2,2023,2023,3,0,10,26,27,239,34609,0,1,1,-34.043437,151.128085,68,0,2,1,0,0,0,0,0,0,7,50,0,4026,4026,1,0,23,3,0,0,1,0
1320584,1,2023,2023,0,0,5,32,27,10,34609,0,1,1,-34.734766,149.677801,26,1,0,0,0,0,3,4,2,0,7,100,0,1850,1463,5,16,40,1,0,0,0,1
1320586,1,2023,2023,8,2,10,475,10,523,268,0,1,2,-33.918976,150.917783,41,0,2,1,2,0,0,3,0,0,7,70,2,2040,2040,9,30,28,2,0,0,0,1
1320590,2,2023,2023,8,2,6,229,14,108,237,0,1,3,-33.812633,151.180632,77,0,2,1,0,0,0,0,2,0,7,80,2,84,84,8,29,40,1,0,0,1,0
1320591,4,2023,2023,0,6,4,204,31,173,34609,0,1,1,-33.879886,151.216989,69,0,2,0,1,0,0,0,2,0,7,40,0,237,162,8,0,40,1,0,1,0,0
1320595,4,2023,2023,0,2,11,2209,17,33,2205,0,1,2,-34.721077,150.830028,35,1,0,1,0,0,3,4,0,0,7,100,2,4026,4026,8,30,40,2,0,1,1,0