Crash ID,Degree of crash - detailed,Reporting year,Year of crash,Month of crash,Day of week of crash,Two-hour intervals,Street of crash,Street type,Town,Route no.,School zone location,School zone active,Type of location,Latitude,Longitude,LGA,Urbanisation,Conurbation 1,Alignment,Street lighting,Road surface,Surface condition,Weather,Natural lighting,Signals operation,Other traffic control,Speed limit,Road classification,RUM - code,DCA - code,First impact type,Key TU type,Other TU type,No. of traffic units involved,No. killed,No. seriously injured,No. moderately injured,No. minor-other injured
1320596,2,2023,2023,8,5,7,2126,17,27,2149,1,2,2,-33.725247,150.457314,8,2,2,1,0,0,0,0,2,0,7,40,2,1282,1282,1,29,5,2,0,0,2,0
1320597,4,2023,2023,0,2,7,3371,17,44,3342,0,1,1,-33.216656,151.508386,16,2,2,1,0,0,0,0,2,0,7,70,2,14295,14295,3,0,0,4,0,1,0,0
1320599,2,2023,2023,8,0,8,77,27,87,100,0,1,7,-34.484785,150.415928,78,2,1,1,2,0,0,0,3,0,0,50,2,6545,6545,4,10,19,2,0,0,1,0
1320600,2,2023,2023,0,5,7,165,31,22,369,0,1,1,-33.633038,150.789982,29,2,2,1,0,0,0,0,2,0,7,60,2,14295,14295,3,10,5,3,0,0,1,0
1320609,4,2023,2023,3,5,6,21,1,53,115,0,1,1,-33.758701,151.171491,36,0,2,1,1,0,3,4,2,0,7,60,1,3775,3775,0,9,0,2,0,1,2,0
1320610,2,2023,2023,7,0,9,171,27,52,369,0,1,7,-33.689833,150.728002,55,0,2,1,1,0,0,0,2,0,0,80,2,9859,9859,8,16,40,1,0,0,1,0
1320613,1,2023,2023,0,6,10,53,31,41,34609,0,1,1,-34.050329,150.697607,12,0,2,1,1,0,0,0,0,0,7,50,0,9859,9859,1,0,25,2,0,0,0,1
1320614,2,2023,2023,8,0,8,16,31,562,34609,0,1,10,-32.266247,148.618829,22,2,1,1,0,0,0,0,2,0,0,50,0,5929,5929,1,33,27,2,0,0,1,0
1320617,2,2023,2023,3,2,4,2,27,4,34609,0,1,1,-36.181478,149.470798,65,1,0,0,0,2,0,0,2,0,7,100,0,1850,1463,5,16,40,1,0,0,1,0
1320618,4,2023,2023,3,5,10,3371,17,207,3342,0,1,1,-33.602554,151.164923,31,0,2,0,0,0,0,0,0,0,7,80,2,2585,4009,8,5,40,1,0,3,0,0
1320622,2,2023,2023,8,0,5,3371,17,41,3342,0,1,9,-32.816527,151.696417,57,2,1,1,2,0,0,0,2,2,7,80,2,14295,14295,3,8,13,2,0,0,1,0
1320623,4,2023,2023,8,4,3,79,10,155,231,0,1,1,-33.482856,151.324325,16,2,2,1,0,0,0,0,2,0,7,60,2,3775,3775,0,30,22,2,0,1,0,0
1320626,2,2023,2023,0,6,9,2209,17,137,2205,0,1,2,-34.0457,151.052389,68,0,2,0,2,0,3,0,0,0,7,80,2,14295,14295,3,30,36,3,0,0,1,0
1320628,1,2023,2023,0,4,6,78,31,111,62,0,1,10,-33.70383,150.858266,7,0,2,1,1,0,0,0,2,2,7,70,2,14295,14295,3,5,0,2,0,0,0,1
1320630,1,2023,2023,8,6,7,73,31,532,34609,0,1,9,-33.876298,151.20553,69,0,2,1,3,0,0,0,2,2,7,40,0,395,395,1,5,5,2,0,0,0,1
1320636,2,2023,2023,8,0,3,2126,17,125,2149,0,1,9,-33.864503,151.083594,67,0,2,1,2,0,0,0,1,2,7,60,2,14295,14295,3,5,0,2,0,0,1,1
1320638,2,2023,2023,8,4,10,2,27,12,34609,0,1,1,-34.196172,146.174472,28,1,0,1,3,0,0,0,0,0,7,100,0,9859,9859,8,10,40,1,0,0,1,0
1320640,1,2023,2023,8,0,8,26,31,363,34609,0,1,1,-33.7562,150.702071,55,0,2,1,3,0,0,0,3,0,7,50,0,14295,14295,3,10,5,2,0,0,0,1
1320641,1,2023,2023,8,4,9,154,27,55,244,0,1,9,-33.903576,151.081731,15,0,2,1,3,0,0,0,2,0,7,60,2,5929,5929,1,5,36,2,0,0,0,1
1320642,1,2023,2023,8,2,5,165,31,128,369,0,1,1,-33.639377,150.784585,29,2,2,1,3,0,0,0,2,0,7,80,2,14295,14295,3,30,5,2,0,0,0,1
1320647,4,2023,2023,0,6,8,204,31,95,34609,0,1,9,-34.39573,150.892601,80,0,2,1,1,0,0,0,3,0,6,60,0,5929,5929,1,0,5,2,0,1,0,0
1320648,2,2023,2023,0,0,5,2261,17,23,2252,0,1,2,-34.631244,150.153393,78,1,0,0,2,0,0,0,2,0,7,110,2,1282,1282,1,5,35,2,0,0,1,0
1320649,4,2023,2023,0,2,1,251,14,82,124,0,1,6,-33.822604,151.205764,49,0,2,1,2,0,0,0,0,0,7,60,2,9859,9859,8,5,40,1,0,1,0,0
1320651,2,2023,2023,8,1,5,2209,17,201,2205,0,1,10,-34.878969,150.604667,63,2,1,1,0,0,3,3,2,2,9,70,2,591,591,1,18,0,2,0,0,1,0
1320653,2,2023,2023,7,1,3,515,14,202,518,0,1,3,-33.941069,151.040582,15,0,2,1,2,0,3,4,0,0,7,100,2,1391,1391,1,5,13,5,0,0,1,1
1320655,4,2023,2023,0,0,5,76,27,85,148,0,1,1,-32.935045,151.731162,48,0,2,1,1,0,3,3,2,0,7,60,1,9859,9859,1,10,36,2,0,1,0,0
1320657,2,2023,2023,0,3,6,161,17,4,161,0,1,1,-35.67611,148.486102,66,1,0,1,0,0,3,4,2,0,7,100,2,1945,1945,5,16,40,1,0,0,1,0
1320658,2,2023,2023,8,1,5,13,27,438,563,0,1,9,-33.849289,151.03883,21,0,2,1,1,0,0,0,2,1,7,70,2,5929,5929,1,0,5,2,0,0,1,0
1320659,4,2023,2023,7,2,11,24,27,8,41,0,1,1,-29.060272,153.287423,60,1,0,0,0,0,0,0,0,0,7,100,1,782,957,5,5,40,1,0,1,0,0
1320660,4,2023,2023,8,5,9,3,1,123,15,0,1,0,-33.878312,151.228473,69,0,2,1,2,0,0,0,0,0,7,40,1,3775,3775,0,22,5,2,0,1,0,0
1320663,2,2023,2023,0,6,5,1,31,290,34609,0,1,1,-33.954984,151.132239,4,0,2,1,0,0,0,0,2,0,7,50,0,238,238,9,19,28,2,0,0,1,0
1320664,4,2023,2023,4,5,6,866,17,77,793,0,1,10,-33.731363,151.080239,31,0,2,1,1,0,3,4,2,2,7,70,2,14295,14295,3,0,19,2,0,1,1,0
1320665,2,2023,2023,8,1,3,83,27,16,72,0,1,1,-28.774542,153.332566,39,1,0,0,0,0,3,4,2,0,7,100,2,3775,3775,0,0,5,2,0,0,2,0
1320668,4,2023,2023,7,5,3,120,36,16,148,0,1,1,-30.405071,152.748734,6,2,1,0,0,0,0,0,1,0,7,80,2,380,714,5,8,40,1,0,1,0,0
1320675,4,2023,2023,3,2,3,1,1,363,34609,0,1,0,-33.804876,150.99746,54,0,2,1,0,0,0,0,2,0,7,30,0,144,144,1,5,27,2,0,1,0,0
1320677,1,2023,2023,7,4,5,22,10,387,64,0,1,6,-33.932432,151.186176,4,0,2,0,0,0,0,0,2,0,7,70,2,14295,14295,3,0,5,2,0,0,0,1
1320689,2,2023,2023,0,1,9,21,1,53,34609,0,1,9,-32.244087,148.247568,51,2,1,1,2,0,0,0,0,0,0,50,0,2852,2852,4,34,27,2,0,0,1,0
1320690,4,2023,2023,4,3,0,346,17,14,332,0,1,1,-28.900514,152.599655,51,1,0,1,0,0,0,0,0,0,7,100,2,4026,4026,8,0,40,1,0,1,0,0
1320691,4,2023,2023,3,4,4,193,27,53,34609,0,1,1,-33.801661,151.040408,54,0,2,1,0,0,0,0,2,0,7,50,0,340,340,9,5,28,2,0,1,0,0
1320706,1,2023,2023,0,3,5,5,27,16,34609,0,1,1,-35.816081,144.957568,51,1,0,0,0,2,0,0,2,0,7,100,0,782,957,5,10,40,1,0,0,0,1
1320707,2,2023,2023,0,5,3,3,18,4,3,0,1,1,-34.100206,145.805527,51,1,0,1,0,0,0,0,2,0,7,100,1,945,945,5,0,40,1,0,0,1,0
1320711,1,2023,2023,8,3,8,2,31,52,34609,0,1,1,-33.70041,150.925483,7,0,2,1,2,0,3,4,0,0,7,50,0,9859,9859,1,0,36,2,0,0,0,1
1320716,2,2023,2023,0,1,6,230,27,197,284,0,1,2,-33.792908,151.132423,61,0,2,1,1,0,0,0,2,0,7,70,2,14295,14295,3,0,13,3,0,0,3,0
1320718,4,2023,2023,0,3,11,71,17,61,71,0,1,1,-35.550239,144.957738,51,2,1,1,2,0,0,0,0,0,7,80,2,9859,9859,8,5,40,1,0,1,0,0
1320720,4,2023,2023,7,0,10,10,27,7,34609,0,1,1,-33.845714,151.229552,49,0,2,1,2,0,0,0,0,0,7,50,0,9859,9859,1,5,5,3,0,1,0,0
1320721,4,2023,2023,0,2,8,49,31,532,34609,0,1,10,-33.865092,151.211596,69,0,2,1,2,0,0,0,3,2,7,40,0,2040,2040,9,10,28,2,0,1,0,0
1320728,1,2023,2023,8,4,8,2261,17,30,2252,0,1,2,-34.816265,148.439067,30,1,0,0,0,0,0,0,2,0,7,110,2,273,957,5,3,40,1,0,0,0,1
1320729,4,2023,2023,3,4,6,3,25,35,34609,0,1,9,-34.04046,151.046081,68,0,2,0,0,0,0,0,2,0,7,50,0,1850,985,5,16,40,1,0,1,0,0
1320731,1,2023,2023,0,3,3,45,31,43,34609,0,1,10,-32.553076,148.955395,22,2,1,1,0,0,0,0,1,0,0,50,0,6545,6545,4,10,0,2,0,0,0,1
1320736,4,2023,2023,8,3,7,11,27,136,34609,1,0,1,-33.916083,151.075609,15,0,2,1,1,0,0,0,2,0,7,50,0,1220,1220,9,5,28,2,0,1,0,0
1320738,4,2023,2023,0,4,9,104,27,443,702,0,1,2,-33.914096,151.062922,15,0,2,1,2,0,3,0,0,0,7,60,2,1383,1383,1,5,0,2,0,2,0,0
1320739,1,2023,2023,7,6,2,14,27,125,32,0,1,10,-33.822965,151.124648,61,0,2,1,2,0,0,0,1,0,7,50,1,5929,5929,1,34,27,2,0,0,0,1
1320740,4,2023,2023,0,1,4,77,10,43,331,0,1,1,-34.154388,150.657927,79,2,2,0,0,0,3,4,2,0,7,80,1,3775,3775,0,9,0,2,0,1,1,0
1320741,2,2023,2023,7,2,2,2126,17,218,2149,0,1,9,-33.7714,150.779351,55,0,2,1,2,0,0,0,1,2,7,60,2,5929,5929,1,5,5,2,0,0,1,0
1320742,4,2023,2023,0,6,5,1,27,1,3,0,1,1,-31.295549,147.857698,51,1,0,1,0,0,0,0,2,0,7,110,1,1089,1089,7,16,40,1,0,1,0,0
1320743,4,2023,2023,3,6,6,95,31,36,34609,1,0,9,-33.532123,149.251476,51,2,1,1,1,0,0,0,2,0,7,50,0,1945,1945,5,16,40,1,0,1,0,0
1320744,2,2023,2023,8,5,5,15,31,201,46,0,1,9,-34.888881,150.614095,63,2,1,1,1,0,0,0,2,0,0,60,1,1669,1669,3,10,5,2,0,0,1,0
1320748,2,2023,2023,7,4,5,230,27,84,284,0,1,10,-33.775225,151.104575,61,0,2,1,1,0,0,0,2,0,3,70,2,5929,5929,1,5,0,2,0,0,1,0
1320749,4,2023,2023,8,2,5,103,27,29,256,0,1,1,-34.222166,150.810711,79,1,2,0,0,0,0,0,2,0,7,90,2,4552,5151,8,16,40,1,0,1,0,0
1320751,1,2023,2023,8,4,8,51,31,228,143,0,1,1,-34.73843,149.709409,26,2,1,1,2,0,0,0,0,0,7,50,2,14295,14295,3,5,13,2,0,0,0,1
1320752,1,2023,2023,8,1,9,35,27,3,19,0,1,1,-34.067226,150.615218,79,1,2,0,0,0,0,0,0,0,7,100,1,4552,5151,8,0,40,1,0,0,0,1
1320754,1,2023,2023,8,3,8,5,31,47,212,0,1,1,-35.25653,149.442729,58,2,1,1,1,0,0,0,3,0,7,50,2,1220,1220,9,5,28,2,0,0,0,1
1320757,2,2023,2023,3,4,9,280,10,162,240,0,1,10,-33.851715,150.896332,24,0,2,1,2,0,0,3,3,2,7,70,2,312,312,2,5,40,1,0,0,1,0
1320758,1,2023,2023,8,4,3,2209,17,5,2205,0,1,1,-36.040685,150.082145,23,1,0,1,0,0,0,0,1,0,7,100,2,9859,9859,8,30,40,1,0,0,0,1
1320760,4,2023,2023,3,6,3,3371,17,28,3342,0,1,2,-28.683713,153.534496,10,1,0,1,0,0,0,6,2,0,7,110,2,14295,14295,3,34,35,2,0,1,0,0
1320764,2,2023,2023,3,0,8,8,31,53,66,1,0,7,-31.868734,152.371973,43,2,1,1,2,0,0,0,3,0,0,50,1,14295,14295,3,5,5,2,0,0,1,0
1320765,1,2023,2023,3,1,7,4,27,5,34609,0,1,1,-31.842416,152.419114,43,2,1,0,0,0,0,0,2,0,7,60,0,3775,3775,0,10,5,2,0,0,0,1
1320774,2,2023,2023,0,2,9,2126,17,363,2149,0,1,2,-33.824619,151.004606,54,0,2,1,2,0,0,0,3,0,7,60,2,14295,14295,3,9,5,2,0,0,1,0
1320777,4,2023,2023,8,5,6,5,7,130,34609,0,1,9,-34.448595,150.833982,80,0,2,0,0,0,0,0,2,0,7,50,0,83,83,5,10,40,1,0,2,1,0
1320778,2,2023,2023,8,4,7,2,27,150,34609,0,1,7,-33.923088,151.225722,59,0,2,1,0,0,0,0,2,0,0,50,0,6545,6545,4,0,27,2,0,0,1,0
1320779,2,2023,2023,8,2,4,163,27,95,165,0,1,9,-33.736153,150.837149,7,0,2,1,1,0,0,0,2,2,7,60,1,2852,2852,4,0,0,2,0,0,1,0
1320780,4,2023,2023,8,0,3,12,31,78,103,0,1,7,-28.327547,153.395687,72,2,1,1,1,0,0,0,2,0,0,50,1,6545,6545,4,10,27,2,0,1,0,0
1320783,4,2023,2023,8,5,8,147,27,290,34609,0,1,9,-33.851765,150.985978,21,0,2,1,1,0,0,0,3,0,7,50,0,1220,1220,9,0,28,2,0,1,0,0
1320786,4,2023,2023,8,3,7,220,27,187,222,0,1,2,-33.78993,150.977709,54,0,2,1,1,0,0,6,2,0,7,80,2,14295,14295,3,5,5,3,0,1,0,0
1320787,2,2023,2023,7,2,3,1,25,58,34609,0,1,1,-34.058273,151.109041,68,0,2,1,0,0,0,0,2,0,7,50,0,9859,9859,8,8,40,2,0,0,1,1
1320789,2,2023,2023,7,1,4,481,17,113,483,0,1,1,-28.983919,150.078079,51,1,0,1,0,0,0,0,2,0,15,110,2,14295,14295,3,30,13,2,0,0,3,4
1320791,4,2023,2023,7,0,11,2261,17,19,2252,0,1,3,-34.085573,150.769899,13,0,2,1,0,0,0,0,0,0,7,80,2,9859,9859,8,5,40,1,0,1,0,0
1320792,2,2023,2023,8,3,10,2,31,98,34609,0,1,10,-30.986564,150.248739,51,2,1,1,2,0,0,0,0,0,0,50,0,6545,6545,4,10,0,2,0,0,1,1
1320794,4,2023,2023,7,4,3,13,1,29,34609,0,1,1,-33.920587,150.890432,41,0,2,1,1,0,0,0,2,0,7,50,0,368,368,9,5,28,2,0,1,1,0
1320797,2,2023,2023,7,2,11,1104,11,130,770,0,1,2,-33.870439,151.189661,69,0,2,1,2,0,0,0,0,0,7,60,2,1383,1383,1,5,19,2,0,0,1,0
1320798,4,2023,2023,3,0,9,500,27,198,799,0,1,9,-33.920779,151.098222,15,0,2,1,1,0,0,0,2,0,0,60,2,2852,2852,4,5,0,7,0,1,0,0
1320800,2,2023,2023,3,6,6,37,27,25,52,0,1,1,-33.87304,150.618102,79,2,2,1,0,0,0,0,2,0,7,60,1,30,30,9,5,28,2,0,0,1,0
1320801,4,2023,2023,3,1,9,3,27,10,34609,0,1,1,-28.414121,153.455057,72,1,0,0,1,2,0,0,0,0,7,100,0,1957,4009,8,10,40,1,0,1,0,0
1320804,4,2023,2023,3,0,6,8,27,80,34609,0,1,10,-34.546818,146.39975,51,2,1,1,0,0,0,0,2,0,0,50,0,6545,6545,4,5,19,2,0,1,0,0
1320807,2,2023,2023,3,4,5,11,31,21,62,0,1,1,-35.776599,148.00973,66,2,1,1,0,0,0,0,2,0,7,40,2,1192,1192,1,5,21,2,0,0,1,0
1320808,1,2023,2023,7,6,8,4,31,363,34609,1,0,9,-33.811234,151.011592,54,0,2,1,0,0,0,0,2,0,7,50,0,926,926,4,5,5,2,0,0,0,1
1320809,4,2023,2023,7,3,8,46,27,6,34609,0,1,1,-34.057186,151.030606,68,0,2,0,0,0,0,0,2,0,7,50,0,1957,4009,1,5,5,2,0,1,0,0
1320811,4,2023,2023,3,2,6,103,27,33,167,0,1,9,-33.980326,151.136704,4,0,2,1,1,0,0,0,2,0,7,60,2,2852,2852,4,5,19,2,0,1,0,0
1320814,4,2023,2023,7,2,9,78,27,147,78,0,1,10,-33.864089,151.130339,14,0,2,1,1,0,0,0,3,2,7,50,2,6545,6545,4,5,5,2,0,2,2,1
1320816,4,2023,2023,0,2,3,916,17,179,917,0,1,1,-31.171459,150.920092,70,1,0,1,0,0,0,0,2,0,7,100,2,3775,3775,0,10,13,2,0,1,1,0
1320817,2,2023,2023,7,3,9,175,27,609,220,1,0,2,-33.76285,150.913449,7,0,2,1,2,0,0,0,0,0,7,70,2,2040,2040,9,5,28,2,0,0,1,0
1320818,4,2023,2023,3,0,4,14,1,167,34609,0,1,9,-33.845089,151.060318,54,0,2,1,2,0,0,0,2,2,7,60,0,5929,5929,1,5,27,2,0,1,0,0
1320819,4,2023,2023,3,2,10,154,27,293,244,0,1,1,-33.924962,151.055718,15,0,2,1,2,0,0,0,0,0,7,60,2,9859,9859,1,5,5,2,0,1,2,0
1320820,2,2023,2023,3,2,2,55,31,78,34609,0,1,1,-28.329202,153.395509,72,2,1,1,2,0,2,6,0,0,7,50,0,945,945,5,5,40,1,0,0,1,0
1320825,2,2023,2023,3,2,11,17,27,4,34609,0,1,1,-32.613493,148.548956,22,1,0,0,0,0,0,0,0,0,7,100,0,1259,5151,8,21,40,1,0,0,1,0
1320826,4,2023,2023,3,2,3,11,31,433,34609,0,1,1,-33.290563,149.078417,52,2,1,1,1,0,0,0,1,0,7,50,0,1282,1282,1,5,27,2,0,1,0,0
1320827,4,2023,2023,8,4,6,162,31,532,24,0,1,10,-33.868736,151.206953,69,0,2,1,1,0,0,0,2,2,7,40,1,1945,1945,5,15,40,1,0,1,0,0
1320830,4,2023,2023,8,1,6,8,27,20,34609,0,1,1,-29.171807,152.32946,51,2,1,0,0,2,0,0,2,0,7,80,0,380,714,5,16,40,1,0,1,0,0
1320834,4,2023,2023,0,1,8,3,31,87,34609,0,1,10,-33.698159,150.958165,71,0,2,1,2,0,0,0,0,0,0,60,0,5929,5929,1,0,0,2,0,1,0,1
1320836,4,2023,2023,8,6,9,76,24,6,154,0,1,10,-33.728082,150.880956,7,0,2,1,2,0,0,0,0,2,7,70,1,150,150,4,5,5,2,0,1,0,0
1320840,2,2023,2023,8,4,9,1,18,96,34609,0,1,10,-33.385771,148.005334,51,2,1,1,2,0,0,0,0,0,15,50,0,6545,6545,4,16,40,2,0,0,1,0
1320841,4,2023,2023,8,0,6,84,10,39,80,0,1,9,-34.315072,150.92296,80,0,2,1,1,0,0,0,2,0,15,50,2,775,775,4,5,5,3,0,1,0,0
1320846,2,2023,2023,7,5,6,48,31,83,34609,0,1,1,-33.911988,151.117295,15,0,2,1,1,0,3,4,2,0,9,50,0,2040,2040,9,5,28,2,0,0,1,0
1320849,2,2023,2023,0,3,6,35,27,12,34609,0,1,1,-34.075771,150.534828,79,2,2,0,0,0,3,0,2,0,7,80,0,1957,4009,8,0,40,1,0,0,1,0
1320852,2,2023,2023,3,0,8,169,1,92,94,0,1,9,-33.880573,150.975388,24,0,2,1,1,0,0,0,2,0,7,60,1,14295,14295,3,5,5,3,0,0,1,0
1320859,2,2023,2023,7,4,5,829,27,309,770,0,1,10,-33.813609,151.096303,61,0,2,1,1,0,0,0,2,2,7,60,2,5929,5929,1,0,5,2,0,0,1,0
1320860,2,2023,2023,8,6,3,56,27,106,80,0,1,10,-33.884392,151.178581,69,0,2,1,2,0,0,0,1,2,7,40,2,2040,2040,9,5,28,2,0,0,1,0
1320872,4,2023,2023,0,4,3,478,17,96,480,0,1,7,-33.437758,151.383723,16,2,2,1,1,0,0,0,2,0,0,60,2,5929,5929,1,16,5,2,0,1,0,0
1320874,4,2023,2023,0,2,11,1,27,179,34609,0,1,7,-33.762887,150.719964,55,0,2,1,2,0,0,0,0,0,0,50,0,2585,777,8,16,40,1,0,1,0,0
1320876,2,2023,2023,8,0,5,1,31,64,34609,0,1,9,-33.480457,150.156457,40,2,1,1,1,0,0,0,2,0,0,50,0,2040,2040,9,0,28,2,0,0,1,0
1320878,4,2023,2023,8,5,8,171,31,115,52,0,1,9,-33.9107,151.176452,32,0,2,0,1,0,0,0,2,0,0,50,1,591,591,1,22,12,2,0,1,0,0
1320884,2,2023,2023,3,3,5,103,36,5,103,0,1,1,-32.070832,151.942414,43,1,0,0,0,2,3,0,2,0,14,90,1,1850,1463,5,16,40,1,0,0,1,0
1320886,4,2023,2023,0,0,3,24,31,290,34609,0,1,10,-33.943372,151.124538,4,0,2,1,0,0,0,0,2,0,15,50,0,323,323,1,16,5,2,0,1,0,0
1320888,1,2023,2023,8,6,4,18,27,83,100,0,1,1,-34.453436,150.435291,78,2,1,1,1,0,0,0,2,0,7,50,2,1981,1981,4,0,27,2,0,0,0,1
1320892,1,2023,2023,8,3,6,48,10,316,121,0,1,2,-31.431846,152.890355,56,2,1,1,0,0,0,0,2,0,8,60,1,515,515,1,5,27,2,0,0,0,1
1320894,4,2023,2023,8,0,7,346,17,7,332,0,1,1,-28.864883,153.498624,2,2,1,1,1,0,0,0,2,0,7,80,2,1109,787,1,0,0,2,0,2,1,1
1320897,2,2023,2023,0,0,8,60,10,121,84,0,1,2,-28.202117,153.544215,72,2,1,1,1,0,0,0,2,0,7,60,1,1981,1981,4,10,27,2,0,0,1,0
1320900,2,2023,2023,8,5,6,3371,17,15,3342,0,1,2,-29.516998,153.198501,18,1,0,1,0,0,0,0,2,0,7,110,2,9859,9859,8,5,40,1,0,0,1,0
1320905,4,2023,2023,8,5,7,2,2,7,34609,0,1,2,-34.096843,150.697514,79,2,2,1,1,0,0,0,2,0,7,50,0,2040,2040,9,5,28,2,0,1,0,0
1320908,2,2023,2023,0,0,3,204,31,228,34609,0,1,10,-34.762434,149.708704,26,2,1,1,1,0,0,0,2,0,0,50,0,6545,6545,4,5,5,2,0,0,1,0
1320911,4,2023,2023,7,4,8,50,31,337,34609,0,1,1,-33.738187,151.003004,71,0,2,0,0,0,0,0,2,0,7,50,0,4552,5151,1,5,13,2,0,1,0,0
1320912,2,2023,2023,8,4,7,112,27,18,769,0,1,1,-33.516461,150.478012,29,2,2,0,0,0,0,0,2,0,7,80,2,2585,4009,8,10,40,1,0,0,1,0
1320913,2,2023,2023,0,6,3,330,23,123,233,0,1,10,-33.910039,151.223172,59,0,2,1,1,0,0,0,2,2,7,50,2,14295,14295,3,33,19,2,0,0,1,0
1320915,2,2023,2023,8,6,9,348,17,8,232,0,1,1,-33.410434,150.098276,40,1,0,1,0,0,0,0,0,0,7,100,2,1383,1383,1,5,10,2,0,0,1,0
1320921,1,2023,2023,8,5,9,112,27,79,769,0,1,1,-33.579322,150.719005,29,2,2,1,2,0,0,0,3,0,7,60,2,1282,1282,1,5,5,3,0,0,0,1
1320922,2,2023,2023,7,2,9,178,27,316,34609,0,1,1,-33.916881,151.241097,59,0,2,1,2,0,0,0,3,2,9,50,0,1220,1220,9,33,28,2,0,0,1,0
1320923,2,2023,2023,8,3,9,334,17,15,308,0,1,1,-30.939807,150.581632,70,1,0,1,0,0,0,0,0,0,7,100,2,1089,1089,7,10,40,1,0,0,2,0
1320924,2,2023,2022,10,5,6,19,31,182,174,0,1,1,-32.835658,151.356158,17,2,1,1,1,0,0,3,2,0,7,40,2,312,312,2,5,40,1,0,0,1,0
1320925,1,2023,2023,7,1,9,39,10,42,65,0,1,2,-33.7058,150.942724,71,0,2,1,1,0,0,3,3,0,7,60,1,14295,14295,3,5,5,2,0,0,0,1
1320930,4,2023,2023,8,2,6,1,31,131,34609,0,1,1,-36.075254,146.910585,0,2,1,1,0,0,3,4,2,0,7,50,0,3775,3775,0,5,5,2,0,1,1,0
1320931,4,2023,2023,8,3,5,4,27,87,34609,0,1,1,-34.479558,150.384723,78,2,1,0,0,0,0,0,2,0,7,80,0,1957,4009,8,16,40,1,0,1,0,0
1320932,4,2023,2023,0,0,7,39,27,143,51,0,1,9,-33.685568,151.095996,31,0,2,1,1,0,0,0,2,0,15,60,2,6545,6545,4,5,13,2,0,1,0,0
1320935,4,2023,2023,0,3,6,2,10,39,34609,0,1,1,-33.767049,150.747224,55,0,2,0,1,0,0,0,2,0,7,50,0,1282,1282,1,16,40,1,0,1,0,0
1320937,2,2023,2023,7,1,8,1,10,2,34609,0,1,1,-35.912685,150.154454,23,2,1,0,0,0,0,0,2,0,7,50,0,2585,4009,8,5,40,1,0,0,1,0
1320939,4,2023,2023,8,4,9,24,27,26,52,0,1,9,-33.915386,151.16802,32,0,2,1,1,0,0,0,0,2,9,50,1,2040,2040,9,22,28,2,0,1,0,0
1320940,2,2023,2023,8,4,7,4,31,107,34609,1,2,1,-29.681779,152.933962,18,2,1,1,1,0,0,0,2,0,7,40,0,1220,1220,9,5,28,2,0,0,1,0
1320941,2,2023,2023,7,6,10,17,31,93,34609,0,1,9,-33.416446,149.608142,3,2,1,1,2,0,0,0,0,0,7,50,0,4026,4026,1,5,0,2,0,0,2,0
1320942,4,2023,2023,0,5,9,4,22,70,34609,0,1,1,-33.251232,151.514058,16,2,2,1,1,0,0,0,0,0,7,50,0,9859,9859,8,30,40,1,0,1,0,0
1320944,2,2023,2023,7,6,7,29,27,17,34609,0,1,1,-28.240434,153.505227,72,2,1,1,0,0,0,0,2,0,7,60,0,83,83,5,16,40,1,0,0,1,0
1320946,4,2023,2023,8,2,7,251,27,62,212,0,1,2,-33.752235,151.250352,50,0,2,1,0,0,0,3,2,0,7,70,2,3775,3775,0,5,0,3,0,1,0,0
1320947,2,2023,2023,7,2,10,100,27,109,799,0,1,10,-33.903885,151.140963,32,0,2,1,2,0,0,0,0,2,7,60,2,1669,1669,3,5,18,3,0,0,1,0
1320948,4,2023,2023,0,4,6,2,31,3,34609,0,1,1,-32.845093,151.333882,17,2,1,1,1,0,0,3,2,0,7,50,0,3775,3775,0,16,13,2,0,1,0,0
1320949,4,2023,2023,7,1,7,39,27,36,91,0,1,9,-33.933994,151.258128,59,0,2,0,1,0,0,0,2,0,6,50,1,3775,3775,0,5,5,2,0,1,0,1
1320950,1,2023,2023,7,3,10,82,27,84,181,0,1,9,-33.893976,151.264026,76,0,2,1,0,0,3,4,0,0,15,50,2,1945,1945,5,22,40,1,0,0,0,1
1320951,2,2023,2023,7,0,4,12,27,79,42,0,1,1,-33.56534,150.749573,29,2,2,1,0,0,0,0,2,2,8,70,1,14295,14295,3,0,0,2,0,0,1,0
1320953,4,2023,2023,3,1,0,163,27,63,165,0,1,2,-33.735894,150.798878,7,0,2,1,2,0,0,0,0,0,7,60,1,9859,9859,8,16,40,1,0,1,0,0
1320955,4,2023,2023,0,5,9,204,31,28,82,1,0,9,-35.144358,147.350618,75,2,1,1,2,0,0,0,0,0,0,60,1,5929,5929,1,5,18,2,0,1,1,0
1320956,4,2023,2023,7,1,8,100,31,363,769,0,1,10,-33.814376,150.999848,54,0,2,1,1,0,0,0,2,2,7,60,2,6545,6545,4,0,5,2,0,1,0,0
1320958,4,2023,2023,7,4,6,2,27,132,2,0,1,1,-34.133998,151.081779,68,0,2,0,0,0,0,0,2,0,7,60,2,4552,5151,8,5,40,1,0,2,0,0
1320959,4,2023,2023,7,4,7,3,27,19,34609,0,1,9,-33.758587,151.093734,31,0,2,1,0,0,0,0,2,0,7,50,0,489,489,8,30,40,1,0,1,0,0
1320961,4,2023,2023,7,0,4,9,31,19,34609,0,1,9,-33.759281,151.095482,31,0,2,0,0,0,0,0,2,0,0,50,0,6545,6545,4,10,27,2,0,1,0,0