Crash ID,Degree of crash - detailed,Reporting year,Year of crash,Month of crash,Day of week of crash,Two-hour intervals,Street of crash,Street type,Town,Route no.,School zone location,School zone active,Type of location,Latitude,Longitude,LGA,Urbanisation,Conurbation 1,Alignment,Street lighting,Road surface,Surface condition,Weather,Natural lighting,Signals operation,Other traffic control,Speed limit,Road classification,RUM - code,DCA - code,First impact type,Key TU type,Other TU type,No. of traffic units involved,No. killed,No. seriously injured,No. moderately injured,No. minor-other injured
1320962,2,2023,2023,0,2,4,92,31,43,34609,0,1,9,-32.171693,152.503654,43,2,1,1,1,0,0,0,2,0,0,50,0,6545,6545,4,0,5,2,0,0,1,0
1320963,2,2023,2023,7,4,0,194,31,309,702,0,1,2,-33.818443,151.100899,61,0,2,1,0,0,0,0,0,0,7,60,2,1945,1945,5,16,40,1,0,0,1,0
1320964,2,2023,2023,7,0,10,12,27,19,34609,0,1,1,-31.216959,151.099329,70,1,0,0,0,0,0,0,0,0,7,100,0,4552,5151,8,10,40,1,0,0,1,0
1320965,4,2023,2023,7,4,8,330,23,150,233,0,1,10,-33.924575,151.228331,59,0,2,1,0,0,0,0,2,0,9,50,2,2040,2040,9,19,28,2,0,1,0,0
1320969,1,2023,2023,8,5,8,192,10,84,114,0,1,7,-33.468006,151.383689,16,2,2,1,2,0,0,0,0,0,0,60,2,14295,14295,3,0,0,3,0,0,0,1
1320973,4,2023,2023,8,0,8,15,31,133,34609,0,1,7,-33.925798,151.019592,15,0,2,1,1,0,0,0,2,0,0,50,0,2040,2040,9,5,28,3,0,1,0,0
1320978,2,2023,2023,8,2,11,149,27,60,198,0,1,10,-33.945258,150.946739,41,0,2,1,2,0,3,4,0,2,7,60,2,5929,5929,1,5,0,2,0,0,1,0
1320983,2,2023,2023,7,4,7,1,27,5,34609,0,1,1,-29.530267,149.26595,51,1,0,1,0,2,0,0,2,0,7,100,0,1945,1945,5,26,40,1,0,0,1,0
1320985,2,2023,2023,3,4,8,2209,17,82,2205,0,1,2,-34.375376,150.900705,80,0,2,1,1,0,0,0,2,0,7,80,2,14295,14295,3,16,13,2,0,0,1,0
1320987,2,2023,2023,8,4,8,255,27,71,166,0,1,10,-33.264528,151.545842,16,2,2,0,2,0,0,0,3,0,7,50,2,4552,5151,8,5,40,1,0,0,1,0
1320992,4,2023,2023,8,1,4,2209,17,10,2205,0,1,9,-36.842133,149.81355,5,1,0,0,0,0,0,3,2,0,0,100,2,1669,1669,3,0,12,2,0,1,0,0
1321001,4,2023,2023,8,3,7,59,31,67,34609,0,1,1,-34.428284,150.8661,80,0,2,1,1,0,0,0,2,0,7,50,0,1220,1220,9,5,28,2,0,1,0,0
1321002,4,2023,2023,3,1,8,15,27,6,91,0,1,1,-34.867728,149.246161,74,1,0,1,0,0,0,0,2,0,7,100,1,1089,1089,7,16,40,1,0,1,0,0
1321003,1,2023,2023,8,0,7,127,27,135,103,0,1,10,-32.900356,151.740592,48,0,2,1,1,0,0,6,2,2,9,60,1,591,591,1,22,40,2,0,0,0,1
1321006,4,2023,2023,0,0,4,31,22,253,165,0,1,1,-33.968252,151.108346,25,0,2,1,1,0,0,0,2,0,7,50,1,9859,9859,8,5,40,1,0,1,0,0
1321008,2,2023,2023,7,1,7,150,27,309,415,0,1,9,-33.803386,151.113524,61,0,2,0,0,0,0,0,2,2,7,70,2,1383,1383,1,21,5,2,0,0,1,0
1321013,2,2023,2023,3,2,5,92,27,106,63,0,1,1,-33.923239,151.090537,15,0,2,1,1,0,0,0,2,0,9,50,1,1220,1220,9,10,28,2,0,0,1,0
1321014,4,2023,2023,7,0,0,2209,17,17,2205,0,1,1,-35.096771,150.5038,63,2,1,0,0,0,0,0,0,0,7,80,2,2585,4009,8,16,40,1,0,1,0,0
1321019,4,2023,2023,7,6,5,283,27,129,702,0,1,9,-33.939136,151.07522,15,0,2,1,0,0,0,0,2,0,0,60,2,14295,14295,3,5,0,2,0,1,1,0
1321023,2,2023,2023,7,0,5,57,31,174,321,0,1,10,-33.889054,151.2016,69,0,2,1,1,0,0,0,2,1,9,50,2,591,591,1,22,40,2,0,0,1,0
1321027,4,2023,2023,7,0,10,86,27,9,65,0,1,1,-30.295291,152.423905,18,1,0,1,0,0,0,0,0,0,7,100,1,14295,14295,3,30,5,2,0,2,0,0
1321031,4,2023,2023,4,0,7,1052,14,83,928,0,1,3,-33.497834,151.188293,16,1,2,0,0,0,0,0,2,0,7,100,2,2585,4009,8,10,40,1,0,1,0,0
1321033,2,2023,2023,8,0,5,21,36,35,34609,0,1,1,-31.053945,152.85055,34,1,0,1,0,0,0,0,2,0,7,100,0,14295,14295,3,10,10,3,0,0,2,0
1321035,2,2023,2023,3,3,7,44,27,21,34609,1,0,1,-34.376562,150.912632,80,0,2,1,1,0,0,0,2,0,7,50,0,387,387,1,22,0,2,0,0,1,0
1321038,2,2023,2023,8,2,6,2261,17,523,2252,0,1,9,-33.931464,150.917227,41,0,2,1,1,0,0,0,2,0,7,60,2,14295,14295,3,0,0,4,0,0,1,2
1321040,2,2023,2023,0,2,1,1,1,11,34609,1,0,1,-33.924444,147.241147,51,2,1,1,2,0,0,0,0,0,7,50,0,4026,4026,8,5,40,1,0,0,2,0
1321042,1,2023,2023,8,6,7,19,27,6,42,0,1,9,-34.891892,150.593799,63,2,1,1,1,0,0,0,2,0,0,60,1,2852,2852,4,10,19,2,0,0,0,1
1321043,2,2023,2023,8,6,4,293,27,78,34609,0,1,1,-33.699151,150.563875,8,2,2,1,1,0,0,0,2,0,9,40,0,1220,1220,9,0,28,2,0,0,1,0
1321044,2,2023,2023,0,6,5,24,27,70,24,0,1,1,-34.855891,150.609672,63,2,1,0,0,0,0,0,2,0,7,60,1,5929,5929,1,0,0,2,0,0,1,0
1321050,1,2023,2023,8,4,3,97,27,166,799,0,1,2,-33.929747,150.989709,15,0,2,1,0,0,0,0,1,0,7,70,2,14295,14295,3,0,5,2,0,0,0,1
1321051,4,2023,2023,8,6,4,78,23,438,34609,1,2,1,-33.8483,151.031405,21,0,2,1,1,0,0,0,2,0,7,40,0,3775,3775,0,5,0,2,0,1,0,0
1321052,4,2023,2023,0,4,9,8,31,48,62,0,1,1,-36.673591,149.836419,5,2,1,0,2,0,0,0,3,0,7,50,1,782,957,5,21,40,1,0,3,0,0
1321060,2,2023,2023,0,4,3,2261,17,346,2252,0,1,9,-33.887133,151.072677,67,0,2,1,1,0,0,0,1,0,7,60,2,5929,5929,1,5,0,2,0,0,1,0
1321066,2,2023,2022,2,0,4,2209,17,201,2205,0,1,9,-34.875014,150.605422,63,2,1,1,0,0,0,0,2,0,7,70,2,14295,14295,3,10,5,3,0,0,1,0
1321067,2,2023,2023,8,2,6,1,1,193,34609,0,1,1,-33.788734,151.097264,61,0,2,1,1,0,0,0,2,0,7,50,0,9859,9859,8,0,40,1,0,0,1,0
1321070,2,2023,2023,8,6,9,296,27,92,293,0,1,9,-33.877248,150.98048,24,0,2,1,2,0,0,0,0,2,7,70,2,14295,14295,3,5,5,3,0,0,1,0
1321072,4,2023,2023,8,4,5,5,23,67,34609,1,0,1,-33.887456,151.008553,15,0,2,1,1,0,0,0,2,0,7,50,0,623,623,3,16,36,2,0,1,0,0
1321073,4,2023,2023,7,3,5,6,27,102,24,0,1,9,-33.974183,151.224402,59,0,2,1,0,0,0,0,2,0,0,60,2,2852,2852,4,29,27,2,0,1,0,0
1321075,2,2023,2023,0,0,8,3371,17,139,3342,0,1,2,-33.839561,151.207432,49,0,2,1,0,0,0,0,2,0,7,60,2,238,238,9,0,28,2,0,0,1,0
1321077,1,2023,2023,8,4,2,168,10,387,260,0,1,2,-33.945928,151.178588,4,0,2,1,2,0,0,0,1,0,7,70,2,14295,14295,3,8,0,2,0,0,0,1
1321078,4,2023,2023,0,6,4,55,27,64,117,0,1,2,-32.941257,151.688008,48,0,2,1,1,0,0,0,2,0,7,70,2,1945,1945,5,16,40,1,0,1,0,0
1321085,4,2023,2023,0,5,10,500,27,106,799,0,1,10,-33.922206,151.094878,15,0,2,1,2,0,0,0,0,2,7,60,2,5929,5929,1,15,36,2,0,1,0,0
1321087,1,2023,2023,8,3,7,475,10,83,268,0,1,9,-33.876198,150.84224,41,0,2,1,0,0,0,0,2,2,7,70,2,14295,14295,3,5,5,4,0,0,0,1
1321088,4,2023,2023,7,6,7,515,14,60,518,0,1,3,-33.944375,150.949009,41,0,2,1,0,0,0,0,2,0,7,100,2,1282,1282,1,29,5,2,0,1,0,0
1321089,4,2023,2023,8,0,7,1,27,5,34609,0,1,1,-34.011486,149.855386,51,1,0,0,1,0,0,0,2,0,7,100,0,1259,5151,8,16,40,1,0,1,0,0
1321091,4,2023,2023,0,2,5,22,31,65,34609,0,1,4,-33.801486,150.955873,21,0,2,0,1,0,0,0,2,0,9,50,0,2040,2040,9,5,28,2,0,1,0,0
1321095,4,2023,2023,3,6,5,97,31,137,34609,0,1,9,-34.044786,151.052569,68,0,2,1,1,0,3,4,2,0,0,50,0,1109,787,1,0,12,2,0,1,0,0
1321097,2,2023,2023,8,5,3,11,10,29,52,0,1,1,-34.10961,150.560961,79,1,2,1,0,0,0,0,2,0,7,100,1,96,96,0,5,10,2,0,0,1,0
1321101,4,2023,2023,8,2,9,512,17,43,441,0,1,1,-32.549672,148.941048,22,2,1,1,2,0,0,0,3,0,7,50,2,2040,2040,9,10,28,2,0,1,0,0
1321104,2,2023,2023,8,2,10,1,31,72,34609,0,1,1,-33.786723,151.055849,54,0,2,1,2,0,3,4,0,0,7,50,0,489,489,8,5,40,2,0,0,1,0
1321106,2,2023,2023,8,1,8,204,31,387,34609,0,1,10,-33.923591,151.187101,4,0,2,1,2,0,3,0,0,2,7,50,0,14295,14295,3,5,5,2,0,0,1,0
1321109,2,2023,2023,3,1,5,67,27,100,15,0,1,10,-33.804821,151.157291,77,0,2,1,1,0,3,4,2,1,0,50,1,1945,1945,5,15,40,1,0,0,1,0
1321110,2,2023,2023,7,3,1,2,31,14,34609,0,1,1,-34.513568,146.177332,51,2,1,0,0,0,0,3,0,0,7,50,0,4552,5151,8,10,40,1,0,0,1,0
1321112,2,2023,2022,2,5,7,330,27,49,605,1,2,2,-33.721737,151.298431,50,0,2,1,1,0,0,0,2,0,7,40,2,9859,9859,8,0,40,1,0,0,1,0
1321113,2,2023,2023,8,2,5,829,31,204,34609,0,1,1,-33.896878,151.129712,32,0,2,1,1,0,0,0,2,0,7,50,0,623,623,3,15,5,2,0,0,1,0
1321116,2,2023,2023,3,5,7,24,31,91,160,1,2,9,-33.987788,150.893315,13,0,2,1,0,0,0,3,2,2,7,40,2,14295,14295,3,21,5,3,0,0,1,0
1321117,2,2023,2023,8,0,3,112,27,201,256,0,1,1,-34.003011,150.839047,13,0,2,1,0,0,0,0,2,0,7,70,2,14295,14295,3,9,40,2,0,0,2,0
1321118,2,2023,2023,7,6,8,25,31,127,30,0,1,9,-33.88999,151.1585,32,0,2,1,0,0,0,0,2,0,0,60,1,775,775,4,30,19,2,0,0,1,0
1321119,4,2023,2023,3,6,8,67,27,58,34609,0,1,10,-34.055041,151.121449,68,0,2,1,1,0,3,3,2,0,0,50,0,6545,6545,4,0,0,2,0,1,1,0
1321122,4,2023,2023,7,6,1,916,17,105,917,0,1,1,-32.719085,151.533016,42,2,1,1,2,0,3,0,0,0,7,60,2,4026,4026,8,5,40,1,0,1,0,0
1321124,2,2023,2023,0,4,5,145,31,253,28,0,1,1,-33.964465,151.095035,25,0,2,1,1,0,0,0,2,0,7,50,1,340,340,9,5,28,2,0,0,2,0
1321127,4,2023,2023,8,5,4,191,27,370,68,0,1,9,-34.052936,150.822982,13,0,2,1,1,0,0,0,2,0,0,60,1,2852,2852,4,5,5,2,0,1,0,0
1321129,2,2023,2023,8,0,7,481,17,155,483,0,1,10,-33.131606,148.172403,53,2,1,1,1,0,0,0,2,0,0,50,2,6545,6545,4,0,0,2,0,0,1,0
1321132,2,2023,2023,8,0,4,56,31,38,34609,0,1,9,-33.772607,150.800034,55,0,2,1,1,0,0,0,2,0,7,50,0,312,312,2,10,40,1,0,0,1,0
1321136,4,2023,2023,7,6,4,3,27,26,34609,0,1,1,-33.841029,151.140847,51,0,2,0,1,0,0,0,2,0,7,50,0,1850,1463,5,22,40,1,0,1,0,0
1321163,2,2023,2023,4,0,7,123,36,3,90,0,1,1,-31.930696,151.885124,43,1,0,0,3,0,3,4,2,0,7,100,1,1259,5151,8,0,40,1,0,0,1,0
1321164,4,2023,2023,0,0,4,89,17,21,21,1,0,1,-34.244967,150.943451,80,0,2,0,3,0,3,4,2,0,7,100,1,4552,5151,8,10,40,1,0,1,0,0
1321167,4,2023,2023,8,3,8,132,27,11,34609,0,1,1,-34.513136,150.741426,80,0,2,1,1,0,3,4,2,0,7,80,0,9859,9859,8,0,40,1,0,1,0,0
1321169,1,2023,2023,8,0,4,15,10,121,34609,0,1,1,-28.203813,153.535482,72,2,1,0,3,0,0,0,2,0,7,50,0,941,941,1,5,40,2,0,0,0,2
1321171,2,2023,2023,8,0,4,98,27,169,382,0,1,10,-33.603877,150.757259,29,2,2,1,3,0,0,0,2,2,7,60,2,5929,5929,1,5,5,2,0,0,1,1
1321172,2,2023,2023,8,0,3,134,10,363,133,0,1,2,-33.814107,151.022467,54,0,2,1,3,0,0,0,2,0,7,70,2,1282,1282,1,8,5,2,0,0,1,0
1321174,2,2023,2023,0,2,8,92,27,16,34609,0,1,1,-32.970871,151.719519,37,0,2,1,3,0,0,0,2,0,7,60,0,1109,397,1,5,0,2,0,0,1,0
1321175,2,2023,2023,4,5,4,2209,17,77,2205,0,1,9,-33.925038,151.160377,32,0,2,1,3,0,0,0,2,2,7,60,2,1109,787,1,5,5,2,0,0,1,1
1321180,1,2023,2023,7,4,8,2126,17,62,2149,0,1,9,-33.745921,150.61261,8,2,2,0,3,0,3,4,2,3,7,60,2,14295,14295,3,30,5,2,0,0,0,1
1321182,2,2023,2023,8,0,9,42,27,6,34609,0,1,10,-34.446724,150.840714,80,0,2,1,2,0,0,0,0,0,15,50,0,2852,2852,4,10,19,2,0,0,1,0
1321184,2,2023,2023,3,5,0,9,10,16,34609,0,1,1,-33.990622,151.024832,68,0,2,0,0,0,0,0,0,0,7,50,0,4552,5151,1,0,12,3,0,0,1,0
1321191,1,2023,2023,0,4,8,31,23,139,187,0,1,10,-33.870763,151.141854,32,0,2,1,3,0,3,4,3,3,7,60,2,14295,14295,3,0,5,5,0,0,0,1
1321192,1,2023,2023,8,0,4,39,27,57,147,0,1,1,-28.636714,153.555268,10,2,1,1,3,0,0,0,2,0,7,60,1,14295,14295,3,10,5,2,0,0,0,1
1321197,1,2023,2023,3,1,7,24,31,162,34609,0,1,9,-33.848446,150.882875,24,0,2,1,3,0,0,0,2,0,0,60,0,6545,6545,4,5,36,2,0,0,0,1
1321199,1,2023,2023,0,4,8,1104,14,247,962,0,1,3,-33.815619,150.961206,21,0,2,1,3,0,0,0,4,0,7,90,2,1383,1383,1,0,5,2,0,0,0,1
1321204,2,2023,2023,8,1,7,8,27,36,7,0,1,7,-33.799707,151.027764,54,0,2,1,3,0,0,0,2,0,0,50,1,5929,5929,1,0,36,2,0,0,1,1
1321206,2,2023,2023,8,3,11,344,27,42,163,0,1,9,-33.735669,150.851649,7,0,2,1,3,0,0,0,0,2,7,70,2,5929,5929,1,5,0,2,0,0,1,0
1321207,4,2023,2023,8,0,6,478,17,5,480,1,0,9,-33.426613,151.413228,16,2,2,0,3,0,0,0,2,2,7,60,2,1383,1383,1,5,36,3,0,1,0,0
1321214,2,2023,2023,8,5,6,149,27,68,198,0,1,1,-34.07422,151.00652,68,0,2,0,3,0,0,0,2,0,7,70,2,1259,5151,8,5,40,1,0,0,1,0
1321215,4,2023,2023,8,4,4,128,27,74,133,0,1,9,-33.764045,150.681327,55,0,2,1,0,0,0,0,2,0,6,60,2,14295,14295,3,0,0,3,0,1,1,0
1321217,2,2023,2023,8,0,3,512,31,26,34609,0,1,1,-33.279062,151.565876,16,2,2,1,1,0,0,0,2,0,7,50,0,214,214,9,9,28,3,0,0,1,0
1321219,4,2023,2023,8,2,0,475,31,252,75,0,1,9,-33.889444,151.207972,69,0,2,1,3,0,0,0,0,0,7,40,1,2040,2040,9,5,28,2,0,1,0,0
1321224,4,2023,2023,8,6,5,4,27,31,34609,0,1,1,-35.570567,147.911457,66,1,0,0,3,0,0,0,2,0,7,100,0,782,957,5,16,40,1,0,1,0,0
1321227,1,2023,2023,0,2,5,72,31,204,62,0,1,9,-33.943712,151.150548,4,0,2,1,3,0,3,3,2,0,7,60,1,5929,5929,1,0,0,2,0,0,0,1
1321230,1,2023,2023,8,1,2,829,27,165,770,0,1,10,-33.856187,151.15943,14,0,2,1,3,0,0,3,0,2,7,60,2,1192,1192,1,30,5,2,0,0,0,1
1321232,2,2023,2022,2,1,5,12,23,87,34609,0,1,1,-34.064592,151.148802,68,0,2,1,3,0,0,0,2,0,7,50,0,4026,4026,1,5,13,3,0,0,1,0
1321234,1,2023,2023,4,5,7,283,27,197,702,1,0,10,-33.952614,151.083519,25,0,2,1,2,0,0,0,2,2,7,60,2,14295,14295,3,9,5,2,0,0,0,1
1321236,2,2023,2023,8,0,9,19,31,234,34609,0,1,10,-34.28833,146.032858,28,2,1,0,3,0,0,0,0,0,15,50,0,6545,6545,4,10,0,2,0,0,1,0
1321239,1,2023,2023,8,6,4,47,27,104,34609,0,1,10,-32.916963,151.711536,48,0,2,1,3,0,0,0,2,2,7,50,0,1282,1282,1,5,27,2,0,0,0,1
1321243,1,2023,2023,8,0,5,280,10,314,240,0,1,1,-33.856881,150.950246,24,0,2,1,3,0,0,0,2,0,7,60,2,1391,1391,1,8,5,2,0,0,0,1
1321252,1,2023,2023,8,6,8,117,27,72,144,0,1,9,-33.849904,151.08999,14,0,2,1,3,0,0,0,2,0,7,60,2,14295,14295,3,5,5,2,0,0,0,1
1321253,1,2023,2023,8,6,6,20,31,135,101,0,1,1,-32.898198,151.735536,48,0,2,1,3,0,3,4,2,0,7,60,2,1669,1669,3,5,0,2,0,0,0,1
1321255,4,2023,2023,8,6,10,30,24,9,34609,0,1,2,-33.833989,151.075102,54,0,2,0,3,0,0,0,0,0,7,50,0,1957,4009,8,5,40,1,0,1,0,0
1321258,1,2023,2023,8,0,11,4,27,43,34609,0,1,7,-33.697446,151.299014,50,0,2,1,2,0,0,0,0,0,0,50,0,4552,985,8,19,40,1,0,0,0,2
1321259,1,2023,2023,8,2,6,14,31,139,34609,0,1,1,-33.831089,151.205106,49,0,2,1,3,0,0,0,2,0,7,50,0,9859,9859,1,0,5,2,0,0,0,1
1321262,1,2023,2023,8,6,9,31,27,70,101,0,1,2,-32.912608,151.726275,48,0,2,1,3,0,3,4,0,0,7,60,2,14295,14295,3,5,5,2,0,0,0,1
1321268,1,2023,2023,8,4,4,265,10,445,563,0,1,10,-33.866405,151.041334,21,0,2,1,3,0,0,0,2,2,7,70,2,515,515,1,5,13,2,0,0,0,1
1321272,2,2023,2023,8,4,9,13,31,87,34609,0,1,7,-28.812912,153.284664,39,2,1,1,3,0,0,0,0,0,0,50,0,6545,6545,4,0,13,2,0,0,1,0
1321274,2,2023,2023,8,2,7,500,27,293,799,0,1,9,-33.931978,151.053371,15,0,2,1,3,0,0,0,2,2,7,60,2,14295,14295,3,0,0,2,0,0,1,0
1321275,2,2023,2023,8,0,8,15,31,64,34609,0,1,1,-33.895039,151.088372,67,0,2,1,3,0,0,0,3,0,7,50,0,9859,9859,1,5,5,2,0,0,1,0
1321277,1,2023,2023,8,2,8,14,27,31,34609,0,1,1,-33.871344,151.032223,21,0,2,1,3,0,0,0,3,0,9,50,0,214,214,9,0,28,2,0,0,0,1
1321282,1,2023,2023,8,0,6,55,27,134,38,0,1,10,-33.949818,150.802245,12,0,2,1,3,0,0,0,2,2,7,80,2,6545,6545,4,5,13,2,0,0,0,1
1321283,1,2023,2023,8,0,8,515,14,271,518,0,1,3,-33.939879,151.012063,15,0,2,1,3,0,0,0,2,0,7,100,2,14295,14295,3,5,0,3,0,0,0,1
1321284,2,2023,2023,7,4,4,55,1,167,34609,0,1,10,-33.849939,151.073857,54,0,2,1,3,0,0,0,2,2,7,60,0,2852,2852,4,9,5,2,0,0,1,0
1321285,2,2023,2023,0,3,8,30,27,187,94,0,1,2,-33.881034,150.984482,15,0,2,1,3,0,0,0,2,0,7,60,1,9859,9859,1,5,5,2,0,0,1,0
1321286,2,2023,2023,7,5,8,178,27,115,101,0,1,9,-33.960404,151.050693,25,0,2,1,1,0,0,0,2,0,0,50,1,5929,5929,1,5,0,2,0,0,1,0
1321287,2,2023,2023,0,3,9,334,17,11,308,0,1,1,-30.976747,150.731067,70,1,0,1,3,0,0,0,3,0,7,100,2,945,945,5,5,40,1,0,0,1,0
1321288,1,2023,2023,8,6,3,3,27,93,34609,0,1,1,-36.100297,146.937533,0,2,1,0,3,0,3,4,2,0,7,50,0,4552,5151,8,5,40,1,0,0,0,1
1321289,1,2023,2023,8,6,7,78,17,34,75,0,1,8,-33.859286,151.206257,69,0,2,1,3,0,0,0,2,0,7,70,2,14295,14295,3,0,0,2,0,0,0,1
1321290,1,2023,2023,0,1,8,2209,17,201,2205,0,1,9,-34.875017,150.605559,63,2,1,1,3,0,0,0,2,3,9,70,2,204,204,1,34,5,4,0,0,0,1
1321291,2,2023,2023,8,1,6,229,14,110,237,0,1,3,-33.763718,151.024801,54,0,2,1,3,0,0,0,2,0,7,100,2,1383,1383,1,29,5,2,0,0,2,0
1321292,2,2023,2023,8,5,6,2261,17,44,2252,0,1,10,-33.902553,150.944013,24,0,2,1,3,0,0,0,2,0,0,70,2,5929,5929,1,5,5,2,0,0,1,1
1321293,1,2023,2023,8,0,5,43,31,106,7,0,1,1,-33.675392,151.306573,50,0,2,1,3,0,0,0,2,0,7,50,1,1981,1981,4,0,19,2,0,0,0,1
1321298,4,2023,2023,8,4,3,13,10,252,34609,1,0,7,-33.946227,150.871377,41,0,2,0,3,0,0,0,2,0,0,50,0,2585,4009,8,5,40,1,0,1,0,0
1321302,1,2023,2023,8,5,8,125,27,108,123,0,1,7,-33.306066,151.409329,16,2,2,1,3,0,0,0,2,0,0,70,2,3775,3775,0,10,13,2,0,0,0,1
1321306,1,2023,2022,2,3,6,5,27,43,34609,0,1,10,-36.044766,144.731714,51,1,0,1,3,0,3,4,2,0,0,100,0,6545,6545,4,34,25,2,0,0,0,2
1321308,1,2023,2023,8,0,4,11,31,125,51,0,1,1,-33.859562,151.082041,67,0,2,1,3,0,0,0,2,0,7,50,1,14295,14295,3,8,0,3,0,0,0,1
1321313,1,2023,2023,8,5,8,134,10,69,133,0,1,2,-33.825604,151.020935,54,0,2,1,3,0,0,0,2,0,7,70,2,14295,14295,3,9,5,2,0,0,0,2
1321315,2,2023,2023,8,0,8,161,17,12,161,0,1,1,-36.584765,149.318692,65,1,0,1,3,0,3,4,3,0,7,100,2,1945,1945,5,16,40,1,0,0,1,0
1321317,2,2023,2023,8,4,3,62,10,55,169,0,1,7,-32.830244,151.527995,17,2,1,1,3,0,0,0,1,0,0,60,2,623,623,3,0,13,2,0,0,1,0
1321319,2,2023,2023,8,6,4,21,27,370,26,0,1,10,-34.059652,150.813566,13,0,2,1,3,0,0,0,2,2,7,50,1,14295,14295,3,5,5,3,0,0,1,0
1321326,2,2023,2023,8,1,0,23,10,9,174,0,1,1,-32.946469,151.479216,17,1,0,0,3,0,3,4,0,0,7,90,2,4552,5151,8,5,40,1,0,0,1,0
1321327,2,2023,2023,8,4,9,149,27,52,198,0,1,7,-33.961348,150.959737,41,0,2,0,3,0,0,0,3,0,0,60,2,14295,14295,3,0,0,2,0,0,1,0
1321328,1,2023,2023,7,0,3,49,31,532,34609,0,1,1,-33.864271,151.210412,69,0,2,1,3,0,0,0,2,0,7,40,0,1383,1383,1,19,19,2,0,0,0,1
1321330,2,2023,2023,8,1,4,43,27,56,87,0,1,2,-34.463673,150.871804,80,0,2,1,3,0,0,0,2,0,7,80,2,14295,14295,3,15,5,2,0,0,1,0
1321333,2,2023,2023,8,0,8,110,27,36,173,0,1,2,-34.391226,150.858254,80,0,2,0,3,0,0,0,3,0,7,80,2,14295,14295,3,5,13,3,0,0,1,0
1321334,2,2023,2022,6,2,7,2261,17,523,2252,0,1,9,-33.917232,150.919936,41,0,2,1,3,0,0,0,2,2,7,60,2,14295,14295,3,5,5,2,0,0,1,0
1321336,1,2023,2023,8,6,9,87,1,225,19,0,1,1,-33.79924,151.179183,77,0,2,1,3,0,0,0,0,0,7,60,1,2040,2040,9,0,28,2,0,0,0,1
1321337,2,2023,2023,6,4,7,161,17,8,161,0,1,1,-35.30052,148.07477,66,1,0,1,3,0,0,0,2,0,7,100,2,14295,14295,3,5,5,3,0,0,1,0
1321340,1,2023,2023,8,0,8,2,25,57,34609,0,1,7,-34.666773,150.84886,35,2,1,1,3,0,0,0,3,0,0,40,0,14295,14295,3,5,0,2,0,0,0,1
1321341,1,2023,2023,8,2,11,7,10,42,9,0,1,1,-33.648165,151.245146,50,0,2,0,3,0,0,0,0,0,7,60,2,1957,4009,8,5,40,1,0,0,0,1
1321345,1,2023,2023,8,2,5,102,31,107,53,0,1,10,-33.879053,151.195721,69,0,2,1,3,0,0,3,2,2,7,50,2,14295,14295,3,5,5,2,0,0,0,1
1321347,1,2023,2023,8,4,4,387,27,204,331,0,1,10,-33.940643,151.137223,4,0,2,1,3,0,0,0,2,0,0,60,2,6545,6545,4,9,13,2,0,0,0,1
1321349,1,2023,2023,8,1,8,3,27,32,41,0,1,1,-29.070561,153.333564,60,1,0,1,3,0,0,3,2,0,7,100,1,9859,9859,8,10,40,1,0,0,0,2
1321351,1,2023,2023,8,2,5,67,27,165,78,0,1,9,-33.851743,151.153524,14,0,2,1,3,0,3,0,2,2,7,50,2,395,395,1,5,22,2,0,0,0,1
1321352,2,2023,2023,8,4,4,27,31,73,34609,0,1,1,-33.831009,151.084999,14,0,2,1,3,0,0,0,2,0,7,50,0,14295,14295,3,5,5,2,0,0,1,0
1321361,1,2023,2023,8,4,4,866,17,247,793,0,1,10,-33.830305,150.960171,21,0,2,1,3,0,0,0,2,2,15,70,2,14295,14295,3,5,5,2,0,0,0,1
1321365,2,2023,2023,8,6,3,1,27,5,31,0,1,1,-36.172099,149.373249,65,1,0,0,3,0,3,3,2,0,7,100,1,380,714,5,30,40,1,0,0,1,0
1321371,1,2023,2023,8,5,7,515,14,243,518,0,1,3,-33.952008,150.879602,41,0,2,1,3,0,0,0,2,0,7,100,2,1391,1391,1,29,5,2,0,0,0,1
1321377,2,2023,2023,8,5,5,6,31,89,34609,0,1,1,-33.85544,150.882672,24,0,2,1,3,0,0,0,2,0,7,50,0,4026,4026,1,0,0,2,0,0,1,0
1321381,1,2023,2023,3,1,7,7,27,2,48,0,1,1,-32.372499,151.837975,51,1,0,0,3,0,0,0,2,0,7,100,1,1957,4009,8,16,40,1,0,0,0,1
1321383,1,2023,2023,4,6,6,25,31,169,147,0,1,1,-28.641072,153.608555,10,2,1,1,3,0,0,0,2,0,7,50,1,941,941,1,5,40,2,0,0,0,1
1321384,1,2023,2023,8,3,6,38,27,337,35,0,1,2,-33.723236,150.976158,71,0,2,1,3,0,0,0,2,0,7,60,1,14295,14295,3,0,5,2,0,0,0,1
1321385,2,2023,2023,8,6,8,2209,17,79,2205,0,1,2,-34.906926,150.602819,63,2,1,1,3,0,0,0,2,0,7,70,2,14295,14295,3,5,36,2,0,0,1,0
1321386,2,2023,2023,8,0,4,4,27,6,34609,0,1,1,-35.677823,147.952711,66,1,0,0,3,0,0,0,2,0,7,100,0,4552,5151,8,10,40,1,0,0,1,0