Crash ID,Degree of crash - detailed,Reporting year,Year of crash,Month of crash,Day of week of crash,Two-hour intervals,Street of crash,Street type,Town,Route no.,School zone location,School zone active,Type of location,Latitude,Longitude,LGA,Urbanisation,Conurbation 1,Alignment,Street lighting,Road surface,Surface condition,Weather,Natural lighting,Signals operation,Other traffic control,Speed limit,Road classification,RUM - code,DCA - code,First impact type,Key TU type,Other TU type,No. of traffic units involved,No. killed,No. seriously injured,No. moderately injured,No. minor-other injured
1321387,1,2023,2023,8,4,10,500,27,145,799,0,1,10,-33.929428,151.072388,15,0,2,1,3,0,0,0,0,2,7,60,2,14295,14295,3,0,0,2,0,0,0,2
1321392,1,2023,2023,8,0,7,56,27,443,44,0,1,1,-33.896844,151.058948,15,0,2,1,3,0,0,0,2,0,7,60,1,214,214,9,34,28,2,0,0,0,1
1321398,1,2023,2023,8,0,9,9,23,22,34609,0,1,1,-34.500346,150.877865,80,0,2,1,3,0,3,0,4,0,7,50,0,9859,9859,1,0,36,2,0,0,0,1
1321400,1,2023,2023,7,4,4,19,31,77,34609,0,1,1,-32.939873,151.751862,48,0,2,1,3,0,0,0,2,0,7,50,0,238,238,9,5,28,2,0,0,0,1
1321409,1,2023,2023,8,4,7,126,27,370,168,0,1,10,-34.072187,150.805656,13,0,2,1,3,0,0,0,2,2,9,60,2,14295,14295,3,5,0,2,0,0,0,1
1321410,1,2023,2023,8,4,4,150,27,197,415,0,1,9,-33.787668,151.125604,61,0,2,1,3,0,0,0,2,2,7,70,2,14295,14295,3,10,36,2,0,0,0,1
1321411,1,2023,2023,8,2,8,59,10,34,231,0,1,1,-33.498471,151.360096,16,2,2,1,3,0,0,0,0,0,7,60,2,14295,14295,3,5,12,2,0,0,0,2
1321412,2,2023,2023,8,2,9,8,31,107,34609,0,1,10,-29.682367,152.92742,18,2,1,1,3,0,0,0,3,0,15,50,0,6545,6545,4,0,36,2,0,0,1,0
1321413,4,2023,2023,0,2,7,191,27,193,208,0,1,9,-33.788518,151.085717,61,0,2,1,3,0,3,4,2,1,7,60,2,14295,14295,3,21,5,4,0,1,0,0
1321416,4,2023,2023,7,6,7,916,17,17,917,0,1,1,-32.215314,150.899225,46,1,0,0,3,0,3,4,2,0,7,100,2,14295,14295,3,10,5,2,0,1,0,0
1321419,2,2023,2023,8,6,8,3371,17,13,3342,0,1,2,-33.186075,151.53683,16,2,2,1,3,0,0,0,2,0,7,80,2,1282,1282,1,0,5,2,0,0,1,0
1321423,1,2023,2023,7,4,10,177,31,174,208,0,1,7,-33.860349,150.927514,24,0,2,1,2,0,0,0,0,0,0,60,1,14295,14295,3,5,5,2,0,0,0,1
1321424,2,2023,2023,8,2,6,475,31,169,41,0,1,1,-33.897566,151.206476,69,0,2,1,3,0,0,0,2,0,7,50,1,14295,14295,3,5,0,2,0,0,1,0
1321426,1,2023,2023,0,3,4,101,10,239,35,0,1,7,-34.03836,151.134335,68,0,2,0,3,0,0,0,2,0,0,70,2,14295,14295,3,10,0,2,0,0,0,1
1321428,2,2023,2023,8,1,8,57,27,16,126,0,1,7,-32.748296,151.73742,57,2,1,1,3,0,0,0,2,0,0,80,2,14295,14295,3,0,5,2,0,0,1,0
1321438,2,2023,2023,8,5,2,2209,17,17,2205,0,1,1,-35.095228,150.505907,63,2,1,0,0,0,0,0,1,0,7,80,2,1850,1463,5,10,40,1,0,0,1,0
1321440,1,2023,2023,8,1,7,515,14,60,518,0,1,3,-33.942159,150.942616,41,0,2,1,3,0,0,0,2,0,7,100,2,1391,1391,1,5,13,4,0,0,0,1
1321444,2,2023,2023,8,1,9,265,17,10,193,0,1,1,-35.563388,147.039506,27,1,0,1,3,0,0,0,0,0,7,100,2,1089,1089,7,3,40,1,0,0,1,0
1321446,2,2023,2023,8,0,2,145,31,112,39,0,1,9,-33.605366,150.824239,29,2,2,1,3,0,0,0,1,2,7,50,2,5929,5929,1,10,5,2,0,0,1,0
1321447,1,2023,2023,7,6,4,52,27,67,34609,0,1,1,-33.885355,151.010419,15,0,2,1,3,0,0,0,2,0,7,50,0,1981,1981,4,0,5,2,0,0,0,1
1321450,1,2023,2023,8,0,8,330,23,54,233,0,1,10,-33.901489,151.222806,69,0,2,1,3,0,0,0,0,1,7,60,2,14295,14295,3,10,0,2,0,0,0,1
1321453,2,2023,2023,8,2,7,2,23,133,34609,0,1,1,-34.511465,150.795474,80,0,2,1,1,0,0,0,2,0,7,50,0,945,945,5,16,40,1,0,0,1,0
1321460,1,2023,2023,8,2,9,71,31,78,125,0,1,7,-33.850805,151.011881,21,0,2,0,3,0,0,0,0,0,0,60,1,6545,6545,4,0,5,2,0,0,0,1
1321461,4,2023,2023,0,1,3,149,27,460,38,0,1,9,-33.824793,150.969398,21,0,2,1,3,0,0,0,1,0,0,60,1,6545,6545,4,10,5,2,0,1,0,0
1321466,1,2023,2023,8,2,9,7,27,46,34609,0,1,9,-35.163356,147.382285,75,2,1,0,3,0,0,0,0,0,15,50,0,6545,6545,4,0,5,2,0,0,0,1
1321470,1,2023,2023,8,4,7,128,27,363,133,0,1,2,-33.758049,150.685741,55,0,2,1,3,0,0,0,2,0,7,60,2,14295,14295,3,5,5,2,0,0,0,1
1321472,2,2023,2023,8,0,7,8,31,75,34609,0,1,9,-33.88272,151.117207,32,0,2,1,3,0,0,0,2,0,7,50,0,5929,5929,1,5,5,2,0,0,1,1
1321475,1,2023,2023,8,1,4,251,14,139,124,0,1,2,-33.842034,151.210922,49,0,2,1,3,0,0,0,2,0,7,70,2,14295,14295,3,5,0,3,0,0,0,1
1321478,1,2023,2023,8,2,4,45,31,49,331,0,1,9,-33.935467,151.156257,4,0,2,1,3,0,0,0,2,2,7,60,2,623,623,3,5,5,2,0,0,0,1
1321484,1,2023,2023,8,0,7,20,31,150,140,0,1,9,-33.924287,151.229483,59,0,2,1,3,0,0,0,2,0,2,50,2,941,941,1,5,19,2,0,0,0,1
1321488,1,2023,2023,8,6,8,15,27,32,70,1,0,1,-33.684974,151.01159,71,0,2,1,3,0,0,0,2,0,7,60,1,14295,14295,3,10,25,2,0,0,0,1
1321492,1,2023,2023,8,5,3,106,27,31,106,0,1,9,-33.926681,150.895083,41,0,2,1,3,0,3,4,2,0,15,70,2,1850,777,5,16,40,1,0,0,0,1
1321495,2,2023,2023,8,6,11,294,17,4,288,0,1,1,-35.00609,146.892562,75,1,0,1,3,0,0,6,0,0,7,100,2,3775,3775,0,29,13,2,0,0,1,0
1321499,2,2023,2023,0,4,3,11,10,65,34609,0,1,1,-36.041119,146.975405,0,2,1,1,3,0,0,0,1,0,7,60,0,945,945,5,0,40,1,0,0,1,0
1321500,2,2023,2023,8,6,8,1104,14,140,962,0,1,3,-33.79643,150.84895,7,0,2,1,3,0,0,0,2,0,7,100,2,404,404,8,5,40,1,0,0,1,0
1321505,4,2023,2023,3,0,9,72,1,134,36,0,1,1,-33.521461,151.316337,16,2,2,1,1,0,0,0,2,0,7,60,1,1981,1981,4,22,0,2,0,1,2,0
1321507,4,2023,2023,8,3,6,27,36,39,157,0,1,9,-29.789216,153.014312,18,1,0,1,0,0,3,4,2,0,0,100,2,2852,2852,4,5,19,2,0,1,0,0
1321511,1,2023,2023,8,4,10,169,31,108,57,0,1,2,-28.868144,153.554512,2,2,1,1,2,0,0,0,0,0,7,60,1,9859,9859,8,5,40,1,0,0,0,2
1321512,1,2023,2023,7,5,4,31,10,78,23,0,1,9,-33.438895,151.442176,16,2,2,0,1,0,3,4,2,0,7,50,1,3775,3775,0,10,13,2,0,0,0,1
1321513,4,2023,2023,7,1,9,9,27,10,34609,0,1,7,-33.409941,149.551517,3,2,1,1,1,0,0,0,2,0,0,60,0,6545,6545,4,10,13,2,0,1,0,0
1321514,4,2023,2023,0,2,11,232,36,92,331,0,1,10,-33.968936,150.814654,13,0,2,1,2,0,0,3,0,2,7,80,2,1220,1220,9,5,28,2,0,1,1,0
1321515,4,2023,2023,3,5,9,478,17,58,480,0,1,9,-33.435112,151.297134,16,2,2,1,2,0,0,0,3,2,7,60,2,5929,5929,1,5,5,2,0,1,0,0
1321517,4,2023,2023,0,0,7,23,7,96,34609,0,1,1,-34.227553,150.678614,79,2,2,1,1,0,0,0,2,0,7,50,0,9859,9859,8,5,40,1,0,1,0,0
1321518,2,2023,2023,0,4,8,79,31,149,18,1,2,9,-33.863062,151.170579,32,0,2,1,1,0,0,0,2,2,9,40,1,2040,2040,9,0,28,2,0,0,1,0
1321519,2,2023,2023,8,4,7,31,31,105,34609,0,1,10,-32.593709,149.593102,44,2,1,1,0,0,0,0,2,0,0,50,0,5929,5929,1,0,5,3,0,0,2,0
1321520,2,2023,2023,7,1,9,2261,17,70,2252,0,1,2,-34.588497,150.248471,78,1,0,1,0,0,0,0,0,0,7,110,2,4026,4026,8,8,40,1,0,0,1,0
1321523,1,2023,2023,7,6,11,112,27,31,256,0,1,7,-34.020103,150.835764,13,0,2,1,2,0,0,0,0,0,0,70,2,14295,14295,3,16,19,2,0,0,0,1
1321524,2,2023,2023,7,1,6,17,31,228,39,0,1,10,-34.755601,149.71142,26,2,1,1,1,0,0,0,2,0,0,50,2,2852,2852,4,5,5,2,0,0,1,0
1321525,2,2023,2023,0,3,5,3,27,4,34609,0,1,1,-28.325952,153.227482,72,2,1,0,0,0,0,0,2,0,7,60,0,1850,1463,5,16,40,2,0,0,1,0
1321527,4,2023,2023,0,4,4,22,31,135,101,0,1,9,-32.892775,151.740251,48,0,2,1,1,0,3,4,2,0,7,60,2,5929,5929,1,5,0,2,0,1,0,0
1321530,1,2023,2023,7,4,4,1104,14,445,962,0,1,3,-33.854285,151.061092,21,0,2,1,1,0,0,0,2,0,7,90,2,14295,14295,3,10,5,2,0,0,0,1
1321531,2,2023,2023,0,3,5,24,27,3,24,0,1,1,-28.269765,153.240813,72,2,1,0,0,0,0,0,2,0,7,80,1,2585,4009,8,16,40,1,0,0,1,0
1321532,2,2023,2023,3,4,8,9,1,28,260,0,1,9,-32.951929,151.618894,37,0,2,1,2,0,0,0,3,0,0,70,2,1669,1669,3,5,13,2,0,0,1,0
1321534,4,2023,2023,0,2,2,31,27,70,101,1,0,1,-32.904678,151.728293,48,0,2,1,2,0,0,0,0,0,7,60,2,14295,14295,3,8,27,2,0,1,0,0
1321536,4,2023,2023,0,1,10,346,36,2,14,0,1,1,-29.007224,151.539599,51,1,0,1,0,0,0,3,0,0,7,100,1,9859,9859,8,5,40,1,0,1,0,0
1321537,4,2023,2023,0,1,2,3371,17,40,3342,0,1,2,-31.515963,152.79462,56,1,0,0,1,0,0,0,1,0,7,110,2,4552,5151,8,5,40,1,0,1,0,0
1321539,2,2023,2023,8,1,6,40,31,363,34609,0,1,7,-33.759086,150.704058,55,0,2,1,0,0,0,0,2,0,0,50,0,6545,6545,4,30,5,2,0,0,1,0
1321546,4,2023,2023,8,5,5,120,36,12,148,0,1,1,-30.515703,151.984162,1,1,0,0,0,0,3,4,2,0,7,100,2,4552,5151,8,5,40,1,0,1,0,0
1321549,2,2023,2023,7,1,8,77,10,7,331,0,1,1,-34.099874,150.695429,79,2,2,1,0,0,0,0,2,0,7,80,1,1192,1192,1,8,27,2,0,0,1,0
1321550,4,2023,2023,7,6,4,3371,17,18,3342,0,1,2,-33.00131,151.686182,37,0,2,0,0,0,0,0,2,0,7,80,2,3775,3775,0,0,0,3,0,2,0,0
1321551,2,2023,2023,8,6,10,475,31,252,75,0,1,9,-33.880767,151.208811,69,0,2,1,2,0,3,4,3,0,7,40,1,14295,14295,3,16,40,2,0,0,1,0
1321552,2,2023,2023,8,6,8,24,31,91,34609,1,0,9,-32.975783,151.64873,37,0,2,1,0,0,0,0,3,0,0,50,0,2852,2852,4,30,27,2,0,0,1,0
1321553,4,2023,2023,0,2,4,478,17,128,480,0,1,0,-33.427211,151.30877,16,2,2,0,0,0,0,0,2,0,7,60,2,2585,4009,8,16,40,1,0,1,0,0
1321554,1,2023,2022,9,0,4,15,31,169,147,0,1,1,-28.642673,153.612235,10,2,1,1,0,0,0,0,2,0,7,50,1,1945,1945,5,16,40,1,0,0,0,1
1321560,1,2023,2023,7,5,8,866,17,278,793,0,1,2,-33.762188,151.047887,54,0,2,1,1,0,0,0,2,0,7,60,2,3775,3775,0,10,0,2,0,0,0,1
1321561,1,2023,2023,3,3,5,147,27,224,605,0,1,10,-33.824824,151.234371,45,0,2,1,1,0,0,0,2,0,0,60,2,5929,5929,1,30,5,2,0,0,0,2
1321565,4,2023,2023,8,0,9,40,27,30,74,0,1,10,-33.855222,151.139004,14,0,2,1,2,0,0,0,0,0,15,50,1,6545,6545,4,5,19,2,0,1,0,0
1321566,4,2023,2023,8,0,8,8,24,29,34609,0,1,9,-35.138931,147.333846,75,2,1,1,0,0,0,0,3,0,0,50,0,6545,6545,4,5,13,3,0,1,0,0
1321568,1,2023,2023,8,4,5,42,25,323,34609,0,1,7,-33.75964,150.99177,71,0,2,1,0,0,0,3,2,0,9,50,0,2040,2040,9,0,28,2,0,0,0,1
1321570,2,2023,2023,0,4,4,10,27,102,16,0,1,10,-31.109356,150.923243,70,2,1,1,1,0,0,0,2,0,0,60,1,2852,2852,4,5,5,2,0,0,1,0
1321572,1,2023,2023,7,6,9,117,1,210,121,0,1,10,-34.040102,151.101008,68,0,2,1,1,0,0,0,3,2,7,60,1,591,591,1,17,13,2,0,0,0,1
1321575,1,2023,2023,8,2,6,330,27,65,605,0,1,9,-33.705071,151.297292,50,0,2,1,1,0,0,0,2,2,9,70,2,2040,2040,9,33,28,2,0,0,0,1
1321577,2,2023,2023,8,6,8,54,27,61,49,0,1,10,-32.9287,151.731758,48,0,2,1,1,0,0,0,2,0,15,60,1,6545,6545,4,0,0,2,0,0,1,0
1321578,2,2023,2023,4,3,8,4,27,83,34609,0,1,1,-34.456242,150.426316,78,2,1,0,0,0,3,4,2,0,7,50,0,782,957,5,10,40,1,0,0,1,0
1321581,2,2023,2023,8,6,8,1,31,562,34609,0,1,1,-32.270877,148.618115,22,2,1,1,2,0,0,0,0,0,7,50,0,248,248,1,10,13,2,0,0,1,0
1321582,2,2023,2023,8,1,5,175,27,609,220,0,1,2,-33.750931,150.915775,7,0,2,1,1,0,0,0,2,0,7,70,2,1383,1383,1,9,19,2,0,0,1,0
1321583,2,2023,2023,0,3,8,2261,17,38,2252,0,1,3,-34.13286,150.745678,79,1,2,1,0,0,3,3,2,0,7,110,2,14295,14295,3,0,36,3,0,0,2,0
1321585,1,2023,2023,0,3,7,59,27,271,17,0,1,9,-33.940588,151.018506,15,0,2,1,1,0,0,0,2,2,7,60,2,14295,14295,3,0,5,2,0,0,0,1
1321587,2,2023,2023,8,6,8,2,36,65,34609,0,1,1,-32.925677,151.772763,48,0,2,1,2,0,3,4,0,0,9,30,0,1220,1220,9,10,28,2,0,0,1,0
1321589,2,2023,2023,0,1,11,77,12,43,331,0,1,9,-34.153595,150.658415,79,2,2,0,2,0,3,5,0,0,7,80,1,1259,5151,8,5,40,1,0,0,1,0
1321590,1,2023,2023,8,6,6,98,27,87,799,0,1,2,-33.92907,150.978712,41,0,2,1,0,0,0,0,2,0,7,70,2,1945,1945,5,0,40,1,0,0,0,1
1321594,4,2023,2023,8,1,5,63,17,207,63,0,1,1,-32.483875,141.577257,51,1,0,1,0,0,0,0,2,0,7,110,2,945,945,5,10,40,1,0,1,0,0
1321595,4,2023,2023,3,5,7,2261,17,14,2252,0,1,3,-34.011551,150.827949,13,0,2,0,0,0,0,0,2,0,7,110,2,1192,1192,1,5,0,2,0,1,0,0
1321598,4,2023,2023,8,2,4,11,27,71,34609,0,1,9,-33.96852,151.078346,25,0,2,1,1,0,0,0,2,0,7,40,0,1220,1220,9,33,28,2,0,1,0,0
1321601,2,2023,2023,0,4,4,7,27,16,62,0,1,9,-36.414862,150.061284,5,2,1,0,1,0,3,3,2,0,7,50,1,782,957,5,8,40,1,0,0,1,0
1321603,2,2023,2023,8,5,9,125,27,57,123,0,1,2,-33.355326,151.439435,16,2,2,0,2,0,0,0,0,0,7,60,2,4552,5151,1,0,13,3,0,0,1,0
1321604,2,2023,2023,8,1,8,6,36,65,34609,0,1,1,-33.804343,150.954812,21,0,2,1,2,0,0,0,3,0,7,50,0,14295,14295,3,10,25,2,0,0,1,0
1321609,2,2023,2023,7,2,9,56,27,443,44,0,1,1,-33.902112,151.058046,15,0,2,1,0,0,0,0,2,0,7,60,1,1109,397,1,30,0,2,0,0,1,0
1321610,2,2023,2023,3,0,11,5,31,41,18,1,0,1,-33.900104,151.186332,69,0,2,1,2,0,0,0,0,0,7,50,2,9859,9859,1,5,5,3,0,0,1,0
1321611,4,2023,2023,0,1,2,77,31,445,34609,0,1,9,-33.86489,151.043586,21,0,2,1,1,0,3,3,1,0,0,50,0,4552,985,8,8,40,1,0,1,1,0
1321613,2,2023,2023,3,2,3,515,14,243,518,0,1,3,-33.945678,150.896854,41,0,2,1,2,0,0,0,1,0,7,100,2,1383,1383,1,0,5,3,0,0,2,0
1321614,2,2023,2023,3,0,9,44,27,67,38,0,1,1,-33.871686,150.889226,24,0,2,1,0,0,0,0,2,0,7,60,1,1220,1220,9,33,28,2,0,0,1,0
1321615,4,2023,2023,7,3,5,103,27,4,98,0,1,1,-32.638231,151.052329,64,1,0,0,0,0,0,0,2,0,7,100,2,14295,14295,3,16,0,2,0,1,0,0
1321618,2,2023,2023,3,0,8,33,27,120,154,0,1,2,-33.77134,150.87319,7,0,2,1,1,0,0,0,2,0,7,60,1,14295,14295,3,5,5,3,0,0,1,0
1321619,2,2023,2023,7,0,6,500,27,293,799,0,1,9,-33.932473,151.049439,15,0,2,1,1,0,0,0,2,2,7,60,2,5929,5929,1,5,5,2,0,0,1,0
1321620,2,2023,2023,8,6,1,916,17,12,917,0,1,1,-31.889053,150.880098,73,2,1,1,0,0,0,0,0,0,7,80,2,9859,9859,8,5,40,1,0,0,1,0
1321621,2,2023,2023,8,6,5,14,27,77,17,0,1,1,-30.246293,149.886906,51,1,0,1,0,0,0,0,2,0,7,100,1,9859,9859,8,5,40,1,0,0,1,0
1321623,2,2023,2023,7,6,9,11,27,562,34609,0,1,1,-32.255285,148.580992,22,2,1,1,2,0,0,0,3,0,7,60,0,1669,1669,3,10,5,2,0,0,2,0
1321629,4,2023,2023,0,0,3,2261,17,23,2252,0,1,3,-34.058372,150.791424,13,0,2,1,1,0,0,0,2,0,7,110,2,14295,14295,3,16,0,2,0,1,0,0
1321630,1,2023,2023,8,3,9,64,31,64,94,0,1,1,-33.885272,151.021007,15,0,2,0,2,0,0,0,0,0,7,60,1,1850,1463,5,16,40,2,0,0,0,1
1321632,2,2023,2023,8,1,3,117,1,49,35,0,1,9,-33.965879,151.147912,4,0,2,1,2,0,3,0,1,2,7,60,2,3775,3775,0,10,5,2,0,0,1,0
1321633,2,2023,2023,8,4,8,118,31,218,34609,0,1,9,-33.76676,150.774022,55,0,2,1,2,0,0,0,3,0,9,40,0,2040,2040,9,30,28,3,0,0,2,0
1321635,4,2023,2023,8,1,9,2,27,3,34609,0,1,1,-31.987844,150.542718,73,1,0,1,0,0,0,0,0,0,7,100,0,945,945,5,29,40,1,0,1,0,0
1321637,2,2023,2023,8,5,10,6,31,155,34609,0,1,1,-33.13631,148.167454,53,2,1,1,2,0,0,0,0,0,7,50,0,9859,9859,1,30,0,2,0,0,1,0
1321639,1,2023,2023,0,5,6,177,22,49,176,0,1,9,-34.048893,151.143435,68,0,2,1,0,0,0,0,2,2,7,70,2,14295,14295,3,5,0,2,0,0,0,1
1321640,2,2023,2023,8,6,4,1,7,58,34609,0,1,1,-33.437429,151.28648,16,2,2,1,0,0,0,0,2,0,7,50,0,1192,1192,1,0,27,2,0,0,1,0
1321642,2,2023,2023,8,6,4,916,17,91,917,0,1,2,-32.809954,151.648189,48,0,2,1,0,0,0,0,2,0,7,90,2,9859,9859,8,5,40,1,0,0,1,0
1321651,2,2023,2023,0,5,11,57,31,36,143,0,1,1,-34.455229,149.466415,74,2,1,1,2,0,0,0,0,0,7,50,2,9859,9859,8,5,40,1,0,0,1,0
1321654,4,2023,2023,8,1,5,2261,17,140,2252,0,1,2,-33.894751,150.988462,15,0,2,1,0,0,0,0,2,0,0,70,2,3775,3775,0,5,0,2,0,3,0,0
1321657,2,2023,2023,8,6,5,40,27,162,34609,0,1,1,-33.841341,150.893593,24,0,2,1,1,0,0,0,2,0,7,50,0,1109,787,1,5,13,2,0,0,1,0
1321658,4,2023,2023,0,4,0,20,31,107,34609,0,1,1,-33.881192,151.198272,69,0,2,1,2,0,3,4,0,0,7,40,0,489,489,8,17,40,1,0,1,0,0
1321659,2,2023,2022,2,3,8,24,27,9,24,1,0,1,-28.312154,153.274956,72,2,1,1,0,0,0,0,2,0,7,50,1,1945,1945,5,16,40,1,0,0,1,0
1321661,2,2023,2023,8,4,1,72,27,72,56,0,1,9,-33.790906,151.065782,54,0,2,0,2,0,0,0,0,2,7,60,2,2852,2852,4,10,5,2,0,0,1,0
1321663,4,2023,2023,0,0,4,4,27,24,34609,0,1,1,-33.401892,151.406526,16,2,2,0,0,0,3,0,2,0,7,60,0,4552,5151,8,0,40,1,0,1,0,0
1321672,2,2023,2023,0,3,6,194,31,57,34609,0,1,1,-32.9761,151.687998,37,0,2,1,1,0,0,0,2,0,7,50,0,4026,4026,8,10,40,1,0,0,1,0
1321677,2,2023,2023,0,3,6,57,31,77,321,0,1,1,-33.888936,151.201556,69,0,2,1,1,0,3,4,2,0,7,50,2,1383,1383,1,10,12,2,0,0,2,0
1321680,1,2023,2023,0,4,8,3371,17,139,3342,0,1,9,-33.836983,151.208409,49,0,2,1,2,0,0,0,3,0,0,40,2,591,591,1,18,13,2,0,0,0,1
1321681,2,2023,2023,8,4,10,8,31,237,34609,0,1,7,-33.86737,150.95073,24,0,2,1,2,0,0,0,0,0,0,50,0,204,204,1,9,0,2,0,0,1,0
1321684,4,2023,2023,0,1,5,2,27,2,34609,0,1,1,-36.940838,149.903169,5,2,1,1,1,0,0,0,2,0,7,50,0,9859,9859,1,22,12,2,0,1,0,0
1321687,2,2023,2023,0,5,9,101,10,239,35,0,1,7,-34.038628,151.134348,68,0,2,0,0,0,0,0,0,0,0,70,2,1109,397,1,9,5,2,0,0,2,0
1321688,1,2023,2023,8,4,7,132,31,174,126,0,1,10,-33.892094,151.216723,69,0,2,1,1,0,0,0,2,2,7,50,2,6545,6545,4,5,5,2,0,0,0,1
1321690,4,2023,2023,7,6,6,61,10,160,34609,0,1,9,-33.105228,151.476969,37,0,2,1,1,0,0,0,2,0,0,60,0,2852,2852,4,5,0,2,0,1,0,1
1321694,4,2023,2023,8,0,7,35,1,63,52,0,1,1,-33.732213,150.797062,7,0,2,1,0,0,0,0,2,0,7,60,1,1981,1981,4,0,13,2,0,1,0,1
1321697,4,2023,2023,8,1,4,265,17,74,193,0,1,10,-34.644299,148.024366,20,2,1,1,1,0,0,3,2,0,0,50,2,6545,6545,4,5,0,2,0,1,0,0
1321699,2,2023,2023,8,1,5,2,27,2,34609,0,1,9,-33.414527,149.10757,11,1,0,0,0,0,3,4,2,0,7,100,0,4552,5151,8,9,40,1,0,0,2,0
1321700,2,2023,2023,8,5,6,2126,17,139,2149,0,1,9,-33.885457,151.137362,32,0,2,1,1,0,0,0,2,0,7,60,2,515,515,1,10,22,2,0,0,1,2
1321702,2,2023,2023,0,4,3,21,27,98,174,0,1,9,-33.007706,151.578456,37,0,2,1,0,0,3,4,2,0,15,60,2,2852,2852,4,10,5,2,0,0,1,0
1321707,1,2023,2023,0,6,9,2,25,70,34609,0,1,9,-33.880924,150.879156,24,0,2,0,2,0,3,3,0,0,7,50,0,1220,1220,9,5,28,2,0,0,0,1
1321710,1,2023,2023,8,6,5,23,10,112,23,0,1,9,-33.91388,150.940985,41,0,2,1,1,0,0,0,2,0,2,60,1,1957,777,8,15,40,1,0,0,0,1
1321712,2,2023,2023,8,1,10,2209,17,17,2205,0,1,1,-35.533297,150.303511,63,1,0,0,0,0,0,0,0,0,7,100,2,1957,4009,8,0,40,1,0,0,1,0
1321713,2,2023,2023,0,6,4,10,31,42,34609,0,1,10,-36.026223,146.375309,51,2,1,1,0,0,0,0,2,0,0,60,0,6545,6545,4,5,13,2,0,0,1,0
1321718,4,2023,2023,7,4,7,1,1,126,34609,0,1,10,-33.920795,150.808105,41,0,2,1,1,0,0,0,2,0,15,60,0,6545,6545,4,0,5,3,0,2,1,1
1321719,4,2023,2023,8,5,10,13,27,128,34609,0,1,1,-33.423642,151.313395,16,2,2,0,0,0,0,0,0,0,7,50,0,2585,4009,8,5,40,1,0,1,0,0
1321721,4,2023,2023,0,2,6,50,36,11,43,0,1,1,-36.258972,148.192354,66,2,1,0,0,0,0,0,2,0,7,80,2,4552,5151,8,16,40,1,0,1,0,0
1321722,1,2023,2023,8,3,6,48,31,314,34609,0,1,7,-33.856763,150.920994,24,0,2,1,0,0,0,0,2,0,0,50,0,5929,5929,1,5,13,2,0,0,0,1
1321724,2,2023,2023,8,3,0,78,17,139,124,0,1,2,-33.84283,151.211321,49,0,2,1,2,0,0,0,0,0,7,70,2,9859,9859,8,16,40,1,0,0,1,0
1321725,4,2023,2023,8,6,3,163,27,24,165,1,0,7,-33.730848,150.830134,7,0,2,0,1,0,0,0,2,0,0,60,1,926,926,4,16,13,2,0,1,0,0
1321726,1,2023,2023,8,2,5,344,27,363,369,0,1,9,-33.744157,150.715026,55,0,2,1,2,0,0,0,2,0,7,70,2,14295,14295,3,0,0,2,0,0,0,1
1321727,2,2023,2023,8,5,7,97,27,166,799,0,1,9,-33.931809,150.999415,15,0,2,1,2,0,0,0,2,2,7,70,2,14295,14295,3,5,5,2,0,0,1,0
1321730,2,2023,2023,8,4,6,24,31,112,60,0,1,2,-36.066664,146.930779,0,2,1,1,1,0,0,0,2,0,7,50,1,1981,1981,4,5,19,2,0,0,1,0
1321731,4,2023,2023,0,4,8,28,27,48,62,0,1,1,-36.682077,149.851758,5,2,1,1,0,0,0,0,3,0,7,60,1,3775,3775,0,0,0,2,0,2,0,1
1321732,1,2023,2023,7,6,4,63,31,252,34609,0,1,1,-33.885776,151.213925,69,0,2,1,1,0,3,0,2,0,7,40,0,1945,1945,5,15,40,1,0,0,0,1
1321737,2,2023,2023,7,0,9,6,10,33,34609,0,1,7,-34.062709,150.732314,12,0,2,0,0,0,0,6,2,0,7,50,0,6545,6545,4,5,5,2,0,0,1,0
1321741,1,2023,2023,0,4,9,97,17,61,88,0,1,9,-35.178786,149.268169,58,1,0,1,0,0,0,0,0,0,15,110,2,256,256,4,0,13,2,0,0,0,2
1321742,4,2023,2023,8,6,6,87,1,225,34609,0,1,9,-33.794962,151.192966,77,0,2,1,0,0,0,0,2,0,7,50,0,775,775,4,5,5,2,0,1,0,0
1321745,4,2023,2023,3,5,6,39,31,53,34609,0,1,1,-33.686485,151.113845,31,0,2,1,0,0,0,0,2,0,7,50,0,1282,1282,1,5,40,1,0,1,0,0
1321746,4,2023,2023,8,3,4,63,17,207,63,0,1,10,-31.956759,141.470565,51,2,1,1,1,0,0,0,2,0,0,50,2,6545,6545,4,5,5,2,0,1,0,0
1321748,2,2023,2023,0,3,6,74,27,41,260,0,1,7,-32.957442,151.616984,37,0,2,1,1,0,3,3,2,0,0,70,2,312,312,2,16,40,1,0,0,1,0
1321750,2,2023,2023,7,4,4,1104,11,130,770,0,1,2,-33.870122,151.189188,69,0,2,1,1,0,0,0,2,0,7,60,2,1945,1945,5,16,40,1,0,0,1,0
1321760,2,2023,2023,7,2,11,7,27,9,34609,0,1,7,-32.911946,151.733133,48,0,2,1,2,0,0,0,0,0,0,50,0,489,489,8,0,40,1,0,0,1,0
1321761,2,2023,2023,0,1,7,27,36,29,27,0,1,9,-31.735227,149.703906,51,1,0,0,0,0,0,0,2,0,0,100,1,6545,6545,4,0,13,2,0,0,2,2
1321764,1,2023,2023,8,1,6,12,27,7,62,0,1,1,-36.337247,150.057914,23,2,1,0,0,0,0,0,2,0,7,80,1,3775,3775,0,5,0,2,0,0,0,1