Crash ID,Degree of crash - detailed,Reporting year,Year of crash,Month of crash,Day of week of crash,Two-hour intervals,Street of crash,Street type,Town,Route no.,School zone location,School zone active,Type of location,Latitude,Longitude,LGA,Urbanisation,Conurbation 1,Alignment,Street lighting,Road surface,Surface condition,Weather,Natural lighting,Signals operation,Other traffic control,Speed limit,Road classification,RUM - code,DCA - code,First impact type,Key TU type,Other TU type,No. of traffic units involved,No. killed,No. seriously injured,No. moderately injured,No. minor-other injured
1321765,1,2023,2023,8,1,7,31,31,532,34609,0,1,10,-33.865087,151.205621,69,0,2,1,3,0,2,6,2,2,7,40,0,2040,2040,9,0,28,2,0,0,0,1
1321769,2,2023,2023,7,0,8,6,27,10,26,0,1,1,-29.295751,151.122977,33,1,0,0,0,0,0,0,3,0,7,100,1,1259,5151,8,10,40,1,0,0,1,0
1321771,4,2023,2023,0,0,6,29,31,609,48,1,0,10,-33.769156,150.892413,7,0,2,1,1,0,0,0,2,2,7,60,1,6545,6545,4,21,13,2,0,1,0,1
1321773,2,2023,2023,7,0,8,63,31,79,79,0,1,9,-33.824974,151.20981,49,0,2,1,1,0,0,0,2,0,15,50,2,515,515,1,5,0,2,0,0,1,0
1321776,2,2023,2023,7,5,5,2209,17,40,2205,0,1,2,-34.699096,150.840142,35,2,1,1,0,0,0,0,2,0,7,80,2,9859,9859,8,5,40,1,0,0,1,0
1321778,4,2023,2023,3,6,4,48,10,316,121,0,1,7,-31.431443,152.888994,56,2,1,1,1,0,0,0,2,0,0,60,1,1945,1945,5,15,40,1,0,1,0,0
1321779,2,2023,2023,0,4,8,1,1,167,34609,0,1,1,-33.848764,151.067634,54,0,2,1,1,0,0,3,3,0,7,50,0,1109,787,1,5,18,2,0,0,1,0
1321782,4,2023,2023,0,4,7,22,31,64,61,0,1,9,-33.885023,151.034696,21,0,2,1,1,0,0,0,2,0,7,50,1,2852,2852,4,33,19,2,0,1,0,0
1321786,2,2023,2023,7,4,4,5,27,54,34609,0,1,10,-28.519408,153.544738,10,2,1,1,1,0,0,0,2,0,15,50,0,6545,6545,4,0,19,2,0,0,1,0
1321787,4,2023,2023,8,6,7,33,10,7,34609,0,1,1,-28.594532,153.465514,10,2,1,0,0,0,0,0,2,0,7,80,0,3775,3775,0,5,5,2,0,1,1,0
1321788,4,2023,2023,0,4,4,481,17,562,483,0,1,10,-32.208052,148.618697,22,2,1,1,0,0,0,0,2,0,0,80,2,6545,6545,4,5,13,2,0,2,0,0
1321789,4,2023,2023,7,2,0,3371,17,32,3342,0,1,2,-31.939669,152.47891,43,2,1,1,2,0,0,0,0,0,7,80,2,9859,9859,8,29,40,1,0,1,0,0
1321792,2,2023,2023,0,4,5,28,27,38,28,0,1,1,-32.747877,151.869124,57,2,1,1,1,0,0,0,2,0,7,50,1,1981,1981,4,5,0,3,0,0,1,0
1321793,1,2023,2023,3,4,7,98,27,87,799,0,1,10,-33.928675,150.96228,41,0,2,1,1,0,3,0,2,2,7,70,2,14295,14295,3,8,5,2,0,0,0,3
1321796,4,2023,2023,7,4,0,114,27,118,34609,0,1,1,-33.335215,151.274829,16,2,2,1,0,0,0,3,0,0,7,80,0,4026,4026,8,5,40,1,0,1,0,1
1321800,1,2023,2023,0,6,6,42,31,438,34609,1,0,1,-33.848702,151.029461,21,0,2,1,1,0,0,0,2,0,7,50,0,2040,2040,9,0,28,2,0,0,0,1
1321804,4,2023,2023,0,2,6,99,27,9,39,0,1,1,-33.52166,150.880409,29,2,2,0,0,0,0,0,2,0,7,80,1,4552,5151,8,34,40,1,0,1,0,0
1321807,4,2023,2023,7,0,6,161,17,23,161,0,1,1,-36.610222,149.475661,5,2,1,0,0,0,0,0,2,0,7,60,2,3775,3775,0,16,0,2,0,1,0,0
1321809,4,2023,2023,0,1,8,2,1,145,34609,0,1,1,-33.922172,151.126561,15,0,2,1,0,0,0,0,3,0,7,50,0,312,312,2,19,40,1,0,1,0,0
1321811,2,2023,2023,0,3,7,57,1,193,145,0,1,10,-33.792301,151.082853,61,0,2,1,1,0,0,0,2,2,7,60,2,6545,6545,4,5,5,2,0,0,1,1
1321812,1,2023,2023,8,4,6,34,27,225,69,0,1,1,-33.796014,151.177807,77,0,2,1,1,0,0,0,2,0,7,50,2,14295,14295,3,10,0,2,0,0,0,1
1321813,4,2023,2023,8,5,8,52,27,438,103,0,1,1,-33.863729,151.018328,21,0,2,1,2,0,0,0,0,0,7,50,1,14295,14295,3,5,5,3,0,1,0,1
1321818,1,2023,2023,8,0,2,85,27,53,145,0,1,9,-33.798856,151.057081,54,0,2,1,2,0,0,0,1,2,7,70,2,5929,5929,1,5,0,2,0,0,0,1
1321823,4,2023,2023,0,1,6,39,27,19,51,0,1,1,-33.65702,151.068904,31,0,2,0,0,0,0,0,2,0,7,60,2,3775,3775,0,22,5,2,0,1,0,0
1321832,2,2023,2023,8,1,8,2126,17,139,2149,0,1,9,-33.875541,151.128739,32,0,2,1,0,0,0,0,2,0,0,60,2,775,775,4,5,5,2,0,0,2,0
1321839,4,2023,2023,0,5,9,1,1,148,34609,0,1,9,-36.040748,146.93503,0,2,1,1,0,0,0,0,3,0,0,50,0,1109,787,1,5,27,2,0,1,0,0
1321841,2,2023,2023,8,1,3,3371,17,41,3342,0,1,2,-31.4411,152.823356,56,1,0,1,1,0,0,0,2,0,7,110,2,9859,9859,8,5,40,1,0,0,1,0
1321843,1,2023,2023,8,4,0,512,17,433,441,1,0,7,-33.281761,149.0865,52,2,1,1,2,0,0,0,0,0,0,50,2,475,475,5,5,40,1,0,0,0,1
1321844,4,2023,2023,3,4,5,161,17,3,161,0,1,9,-36.663555,149.638252,5,1,0,0,0,0,0,0,2,0,7,100,2,1669,1669,3,8,0,2,0,1,1,0
1321846,2,2023,2023,7,2,11,25,27,25,143,0,1,1,-32.978538,149.756224,44,1,0,0,0,0,3,4,0,0,7,100,2,782,957,5,10,40,1,0,0,1,0
1321847,4,2023,2023,7,4,4,46,36,11,46,0,1,9,-32.940511,149.096568,22,2,1,0,0,0,0,0,2,0,7,60,1,1850,1463,5,29,40,1,0,1,1,0
1321849,4,2023,2023,7,0,6,27,27,11,18,0,1,1,-31.342215,151.360383,70,1,0,0,0,0,0,0,2,0,7,100,1,4552,5151,8,10,40,1,0,2,0,0
1321850,4,2023,2023,3,6,11,44,27,30,34609,0,1,10,-34.329292,146.025497,28,1,0,1,0,0,0,0,0,0,15,100,0,6545,6545,4,5,13,2,0,1,5,0
1321851,4,2023,2023,8,4,7,3371,17,82,3342,0,1,10,-33.827693,151.200771,49,0,2,1,1,0,0,0,2,2,9,60,2,2040,2040,9,5,28,4,0,1,0,2
1321854,1,2023,2023,3,3,5,2,27,11,34609,0,1,10,-34.076017,142.052324,51,2,1,1,0,0,0,0,2,0,0,80,0,6545,6545,4,0,5,2,0,0,0,2
1321856,2,2023,2023,7,2,6,35,31,173,34609,0,1,10,-33.87805,151.219819,69,0,2,1,1,0,0,0,2,0,7,40,0,2040,2040,9,5,28,2,0,0,1,0
1321857,2,2023,2023,0,3,11,512,17,433,441,0,1,9,-33.313203,149.141569,52,2,1,0,0,0,0,0,0,0,0,80,2,4552,5151,8,5,40,1,0,0,1,0
1321858,4,2023,2023,7,0,4,28,31,273,34609,0,1,0,-34.423246,150.895424,80,0,2,1,1,0,0,0,2,0,7,50,0,214,214,9,5,28,2,0,1,0,0
1321862,1,2023,2023,8,0,5,55,27,96,49,0,1,2,-34.050088,150.836584,13,0,2,1,1,0,0,0,2,0,0,60,1,14295,14295,3,0,0,2,0,0,0,1
1321863,1,2023,2023,8,1,4,13,27,438,563,0,1,2,-33.851106,151.037232,21,0,2,1,0,0,0,0,2,2,9,70,2,186,186,9,8,28,2,0,0,0,1
1321864,4,2023,2023,4,5,10,1,18,11,34609,0,1,9,-32.718903,151.591632,42,2,1,0,0,0,0,0,0,0,7,80,0,4552,5151,8,5,40,1,0,1,0,0
1321869,4,2023,2023,8,6,10,3371,17,23,3342,0,1,9,-32.999372,151.685787,37,0,2,0,2,0,0,0,0,2,7,70,2,14295,14295,3,5,0,2,0,1,0,0
1321872,1,2023,2023,8,3,7,5,27,136,34609,0,1,9,-33.865211,151.070317,67,0,2,1,0,0,0,0,2,0,9,50,0,591,591,1,22,5,2,0,0,0,1
1321873,2,2023,2023,8,4,4,866,17,314,793,0,1,2,-33.85374,150.940418,24,0,2,1,1,0,0,0,2,0,7,70,2,1981,1981,4,0,0,2,0,0,2,0
1321878,2,2023,2023,8,2,10,143,31,134,34609,0,1,9,-33.890634,151.243452,76,0,2,1,2,0,0,0,0,2,0,50,0,9859,9859,1,5,5,2,0,0,1,0
1321881,4,2023,2023,8,6,4,1,31,93,34609,0,1,1,-33.416437,149.617509,3,2,1,0,1,0,0,0,2,0,7,50,0,1850,1463,5,16,40,1,0,1,0,0
1321884,2,2023,2023,8,4,5,25,27,136,76,1,0,10,-32.922387,151.712049,48,0,2,0,1,0,0,0,2,0,0,60,1,5929,5929,1,0,5,2,0,0,1,0
1321885,2,2023,2023,8,1,8,12,27,102,49,0,1,1,-31.109168,150.898552,70,2,1,1,2,0,3,0,3,0,7,60,1,14295,14295,3,0,0,2,0,0,1,0
1321888,2,2023,2023,8,2,10,2,31,77,34609,0,1,1,-33.032196,151.66192,37,0,2,1,2,0,0,0,0,0,7,50,0,9859,9859,1,30,5,2,0,0,1,0
1321890,2,2023,2023,8,2,11,24,2,251,34609,0,1,1,-33.77158,150.925905,7,0,2,0,2,0,0,0,0,0,7,50,0,2585,4009,8,0,40,1,0,0,1,0
1321896,2,2023,2023,3,0,6,5,27,346,34609,0,1,1,-33.876046,151.064873,67,0,2,1,0,0,0,0,2,0,7,50,0,4026,4026,1,0,10,2,0,0,1,0
1321897,2,2023,2023,0,0,9,21,31,125,34609,0,1,1,-33.820759,151.132144,61,0,2,1,2,0,3,4,0,0,7,50,0,9859,9859,1,5,25,2,0,0,1,0
1321899,4,2023,2023,8,6,6,39,31,112,34609,0,1,10,-36.067904,146.923882,0,2,1,1,1,0,0,3,2,2,7,60,0,6545,6545,4,34,5,2,0,1,0,0
1321901,2,2023,2023,0,1,7,334,17,56,308,0,1,9,-31.45736,152.732269,56,2,1,1,0,0,0,0,2,0,9,40,2,591,591,1,17,0,2,0,0,2,0
1321902,2,2023,2023,0,2,2,2261,17,443,2252,0,1,2,-33.88881,151.060724,67,0,2,1,1,0,0,0,1,0,7,70,2,14295,14295,3,0,0,3,0,0,1,0
1321903,1,2023,2023,0,2,10,2,27,202,34609,0,1,1,-33.949821,151.030351,15,0,2,1,0,0,2,6,0,0,7,40,0,186,186,9,22,28,2,0,0,0,1
1321908,1,2023,2023,7,0,3,28,1,126,34609,1,0,10,-33.94377,150.803498,41,0,2,1,1,0,0,0,2,0,7,60,0,1981,1981,4,5,0,2,0,0,0,1
1321911,4,2023,2023,0,1,10,866,17,94,793,0,1,2,-33.880736,150.924503,24,0,2,1,2,0,0,0,3,0,7,70,2,14295,14295,3,0,5,3,0,2,0,0
1321954,2,2023,2023,3,2,6,10,31,204,2205,0,1,10,-33.939176,151.147971,4,0,2,1,1,0,0,0,2,2,7,60,2,256,256,4,5,22,2,0,0,1,0
1321957,1,2023,2023,8,4,2,145,31,112,39,0,1,9,-33.605366,150.824239,29,2,2,1,3,0,0,1,1,2,7,60,2,6545,6545,4,5,0,2,0,0,0,1
1321959,2,2023,2023,4,3,5,10,1,100,34609,0,1,2,-33.889549,150.885793,24,0,2,1,3,0,0,0,2,0,7,50,0,1981,1981,4,5,0,2,0,0,1,0
1321963,1,2023,2023,0,4,5,192,10,84,114,0,1,7,-33.465242,151.411329,16,2,2,1,3,0,3,4,2,0,0,60,2,14295,14295,3,5,36,2,0,0,0,1
1321968,1,2023,2023,8,1,7,57,27,172,126,0,1,1,-32.755901,151.609111,42,2,1,1,3,0,0,0,2,0,7,60,2,14295,14295,3,10,36,2,0,0,0,1
1321970,1,2023,2023,8,4,5,177,22,210,176,0,1,10,-34.034684,151.10685,68,0,2,1,3,0,0,0,2,0,0,60,2,2852,2852,4,5,5,2,0,0,0,1
1321971,1,2023,2023,7,0,9,102,31,293,28,0,1,1,-33.917368,151.059545,15,0,2,1,3,0,0,0,3,0,7,60,1,14295,14295,3,10,5,2,0,0,0,1
1321972,2,2023,2023,8,4,6,5,31,70,34609,0,1,1,-33.256632,151.498874,16,2,2,1,1,0,0,0,2,0,7,50,0,9859,9859,1,34,5,3,0,0,1,0
1321975,1,2023,2023,6,3,9,95,31,271,80,0,1,10,-33.944005,151.010072,15,0,2,1,3,0,0,0,3,2,7,60,1,14295,14295,3,5,12,2,0,0,0,1
1321980,1,2023,2023,7,3,6,344,27,95,382,0,1,9,-33.733067,150.848624,7,0,2,1,3,0,0,0,2,2,7,70,2,1669,1669,3,5,5,2,0,0,0,1
1321981,2,2023,2023,8,0,5,2209,17,115,2205,0,1,10,-34.035099,151.066289,68,0,2,1,1,0,0,0,2,2,7,70,2,14295,14295,3,0,5,3,0,0,1,0
1321984,1,2023,2023,8,4,9,3,27,1,34609,0,1,1,-30.094582,149.447114,51,1,0,1,3,0,0,0,3,0,7,100,0,1945,1945,5,0,40,1,0,0,0,1
1321985,1,2023,2023,8,4,5,5,10,57,34609,0,1,10,-33.94199,151.224584,4,0,2,1,3,0,0,0,2,0,9,50,0,941,941,1,0,5,2,0,0,0,1
1321991,1,2023,2023,8,5,7,829,31,162,240,0,1,10,-33.848867,150.922629,24,0,2,1,3,0,0,0,2,2,7,60,2,14295,14295,3,5,0,2,0,0,0,1
1321992,4,2023,2023,6,4,6,19,27,147,8,1,0,9,-33.748986,151.285736,50,0,2,1,3,0,0,0,2,2,7,50,1,9859,9859,8,10,40,1,0,1,0,0
1321993,1,2023,2023,8,6,8,1104,14,75,187,0,1,3,-33.874719,151.124516,32,0,2,1,3,0,0,0,3,0,7,80,2,14295,14295,3,10,5,3,0,0,0,1
1321995,2,2023,2023,0,3,3,126,27,370,168,0,1,10,-34.068036,150.80261,13,0,2,1,0,0,3,4,1,2,7,60,2,6545,6545,4,5,5,2,0,0,1,0
1321997,1,2023,2023,8,0,8,6,27,3,41,0,1,1,-35.013083,147.864208,20,1,0,1,3,0,0,0,2,0,7,100,1,1981,1981,4,8,12,2,0,0,0,1
1321998,1,2023,2023,8,4,8,2,10,83,34609,0,1,1,-30.123272,153.193278,19,2,1,1,3,0,0,0,2,0,7,50,0,217,217,1,16,0,2,0,0,0,1
1322000,2,2023,2023,8,5,5,71,27,44,122,0,1,9,-34.569237,150.861295,62,0,2,1,1,0,0,0,2,2,7,80,2,5929,5929,1,0,0,2,0,0,2,0
1322001,2,2023,2023,8,3,5,225,17,50,180,0,1,1,-34.568161,150.6687,62,0,2,0,0,0,0,0,2,0,7,60,2,1850,1463,5,16,40,1,0,0,1,0
1322005,1,2023,2023,0,6,8,866,27,438,34609,0,1,10,-33.849668,151.0256,21,0,2,1,3,0,0,0,4,0,15,50,0,6545,6545,4,5,0,2,0,0,0,1
1322009,2,2023,2023,8,0,8,77,27,16,58,0,1,9,-34.83534,150.585158,63,1,0,1,3,0,0,0,3,0,15,100,2,3775,3775,0,5,5,2,0,0,1,0
1322010,1,2023,2023,8,3,6,38,31,246,64,0,1,10,-33.915653,151.194973,69,0,2,1,3,0,3,4,2,2,7,50,2,395,395,1,9,5,2,0,0,0,1
1322012,2,2023,2023,6,3,9,2261,17,96,2252,0,1,3,-34.2292,150.668194,79,1,2,0,3,0,0,0,0,0,7,110,2,1957,4009,8,9,40,1,0,0,1,0
1322015,1,2023,2023,8,4,7,2,4,46,34609,1,2,1,-33.931835,150.848306,41,0,2,0,3,0,0,0,2,0,7,40,0,3775,3775,0,19,5,2,0,0,0,1
1322017,2,2023,2023,8,3,8,1,1,29,34609,0,1,9,-33.924182,150.790182,41,0,2,1,3,0,0,0,3,0,7,50,0,4026,4026,1,5,0,2,0,0,2,0
1322018,2,2023,2023,8,4,6,135,17,131,136,0,1,2,-36.084526,146.912622,0,2,1,1,1,0,0,0,2,0,7,60,2,9859,9859,1,5,5,2,0,0,1,1
1322020,1,2023,2023,6,4,4,344,27,609,163,0,1,9,-33.765311,150.903532,7,0,2,1,3,0,0,0,2,0,7,60,2,926,926,4,0,5,2,0,0,0,1
1322028,1,2023,2023,8,3,6,16,27,193,145,0,1,9,-33.793037,151.068683,61,0,2,1,3,0,0,0,2,0,0,60,2,14295,14295,3,5,5,3,0,0,0,1
1322031,1,2023,2023,8,3,2,26,17,5,13,0,1,1,-29.06665,149.443625,51,1,0,1,3,0,0,0,0,0,7,100,2,1945,1945,5,0,40,1,0,0,0,1
1322034,1,2023,2023,8,3,5,1052,14,54,928,0,1,3,-33.467493,151.194073,16,1,2,1,3,0,0,0,2,0,7,110,2,1282,1282,1,5,0,2,0,0,0,1
1322036,2,2023,2023,7,0,4,8,27,22,11,0,1,1,-35.134381,150.534304,63,2,1,0,3,0,3,4,2,0,7,80,1,1957,4009,8,10,40,1,0,0,1,0
1322038,1,2023,2023,8,0,3,49,27,111,62,0,1,10,-33.701499,150.873283,7,0,2,1,3,0,0,0,2,2,7,60,2,395,395,1,19,5,2,0,0,0,1
1322039,1,2023,2023,8,0,4,195,27,49,186,0,1,9,-33.918961,150.852808,41,0,2,1,3,0,0,0,2,2,7,70,2,14295,14295,3,10,5,2,0,0,0,1
1322041,1,2023,2023,8,4,8,866,17,187,793,0,1,9,-33.796686,150.986854,54,0,2,0,3,0,3,0,2,3,7,70,2,1192,1192,1,29,5,2,0,0,0,1
1322042,1,2023,2023,8,1,3,40,27,162,34609,0,1,1,-33.838401,150.887134,24,0,2,1,3,0,3,0,2,0,7,60,0,1981,1981,4,0,35,2,0,0,0,1
1322045,1,2023,2023,8,6,3,12,31,173,34609,0,1,1,-33.716222,151.125518,36,0,2,1,3,0,0,0,2,0,7,40,0,186,186,1,10,0,2,0,0,0,1
1322046,2,2023,2023,8,6,8,265,10,445,563,0,1,1,-33.856763,151.042097,21,0,2,1,3,0,0,0,2,0,7,70,2,1945,1945,5,16,40,1,0,0,1,0
1322051,1,2023,2023,8,5,4,222,31,131,212,0,1,9,-33.783568,151.191545,36,0,2,1,3,0,0,0,2,2,7,60,2,1282,1282,1,5,0,2,0,0,0,1
1322058,2,2023,2023,6,2,8,515,14,197,518,0,1,3,-33.943666,151.074328,15,0,2,1,3,0,0,0,2,0,7,100,2,14295,14295,3,5,0,3,0,0,2,0
1322060,2,2023,2023,6,4,4,17,27,8,34609,0,1,1,-33.525076,150.760239,29,2,2,0,3,0,3,0,2,0,7,80,0,4552,5151,8,5,40,1,0,0,1,0
1322064,1,2023,2023,8,4,3,21,14,77,21,0,1,3,-33.920873,151.165972,32,0,2,1,3,0,0,0,2,0,7,80,2,14295,14295,3,9,13,4,0,0,0,2
1322067,2,2023,2023,8,6,8,104,27,387,140,0,1,1,-33.920665,151.190691,4,0,2,1,3,0,0,0,2,0,7,60,2,144,144,1,5,5,2,0,0,1,0
1322068,1,2023,2023,8,1,5,13,10,23,34609,0,1,1,-32.877899,151.640599,48,0,2,0,3,0,0,0,2,0,7,50,0,273,957,5,5,40,1,0,0,0,1
1322073,1,2023,2023,8,6,3,829,27,159,770,0,1,2,-33.806877,151.071325,61,0,2,1,3,0,3,0,1,0,7,70,2,1981,1981,4,0,19,2,0,0,0,1
1322074,2,2023,2023,8,5,8,2126,17,323,2149,0,1,10,-33.792389,150.871549,7,0,2,1,1,0,0,0,2,2,7,80,2,14295,14295,3,10,5,2,0,0,2,0
1322076,2,2023,2023,8,1,8,1104,14,223,962,0,1,3,-33.803624,150.901701,7,0,2,1,3,0,0,0,2,0,7,100,2,14295,14295,3,5,0,2,0,0,1,0
1322079,1,2023,2023,8,6,4,10,27,56,34609,0,1,1,-32.985938,151.518113,37,0,2,1,3,2,3,0,2,0,7,50,0,1945,1945,5,16,40,1,0,0,0,1
1322080,2,2023,2023,7,1,6,2261,17,68,2252,0,1,2,-34.801702,148.876853,82,1,0,0,3,0,0,0,2,0,7,110,2,1957,4009,8,0,40,1,0,0,1,0
1322082,1,2023,2023,8,2,5,6,31,387,34609,0,1,9,-33.932924,151.19947,4,0,2,1,3,0,0,0,2,0,7,50,0,14295,14295,3,10,0,3,0,0,0,1
1322085,1,2023,2023,6,0,9,55,27,151,160,0,1,10,-34.049703,150.836903,13,0,2,1,3,0,0,0,0,2,7,60,2,14295,14295,3,30,5,3,0,0,0,3
1322089,2,2023,2023,0,4,7,1,27,5,34609,0,1,1,-33.72589,150.637263,8,2,2,0,3,0,0,0,2,0,7,50,0,3775,3775,0,5,0,2,0,0,1,0
1322093,1,2023,2023,8,3,7,37,27,8,48,0,1,9,-32.411502,151.750607,51,2,1,1,3,0,3,3,2,0,0,50,1,475,475,5,0,40,1,0,0,0,1
1322097,1,2023,2023,8,6,9,1,6,74,34609,0,1,9,-34.058633,150.75138,12,0,2,1,3,0,0,0,0,0,7,50,0,1669,1669,3,5,5,2,0,0,0,1
1322101,1,2023,2023,6,3,9,59,31,77,53,0,1,9,-33.885778,151.198688,69,0,2,1,3,0,0,0,3,0,7,50,2,14295,14295,3,0,5,3,0,0,0,1
1322105,1,2023,2023,7,3,8,829,27,149,770,0,1,2,-33.865738,151.172513,32,0,2,1,3,0,0,0,3,0,7,60,2,14295,14295,3,5,5,3,0,0,0,1
1322109,1,2023,2023,6,2,5,9,27,87,100,0,1,9,-34.47277,150.420239,78,2,1,1,3,0,0,0,2,0,0,50,2,63,63,4,0,36,2,0,0,0,1
1322112,2,2023,2023,8,1,4,2,27,29,34609,0,1,1,-33.951305,150.764655,12,0,2,0,3,0,0,0,2,0,7,80,0,1957,4009,8,10,40,1,0,0,1,0
1322115,1,2023,2023,8,1,4,296,27,283,293,0,1,9,-33.832908,151.002702,21,0,2,1,3,0,0,0,2,2,7,70,2,775,775,4,5,0,3,0,0,0,1
1322118,2,2023,2023,0,2,0,46,27,24,34609,0,1,9,-33.660268,150.876447,7,0,2,1,2,0,3,3,0,0,7,60,0,9859,9859,8,34,40,1,0,0,1,0
1322120,4,2023,2023,7,3,10,19,27,232,34609,0,1,1,-33.67476,150.920929,71,0,2,1,0,0,0,0,0,0,7,60,0,5929,5929,1,0,5,2,0,3,1,0
1322124,4,2023,2023,7,3,5,9,27,1,34609,0,1,1,-36.708344,149.400876,65,1,0,0,0,2,0,0,2,0,7,100,0,1850,1463,5,16,40,1,0,1,0,0
1322127,4,2023,2023,0,1,11,2126,17,93,2149,0,1,7,-33.419487,149.614918,3,2,1,1,2,0,0,0,0,0,0,60,2,1957,777,8,16,40,1,0,1,0,0
1322132,2,2023,2023,0,0,0,3371,17,28,3342,0,1,6,-28.682447,153.533968,10,2,1,0,2,0,0,0,0,0,7,50,2,2585,4009,8,10,40,1,0,0,1,0
1322134,4,2023,2023,0,2,9,145,31,73,34609,0,1,1,-34.189296,150.603922,79,2,2,1,2,0,0,0,0,0,7,60,0,9859,9859,1,10,35,2,0,1,0,0
1322135,4,2023,2023,0,0,11,4,7,20,34609,0,1,9,-33.793833,151.099844,61,0,2,1,2,0,3,4,0,0,7,50,0,9859,9859,8,5,40,1,0,1,0,0
1322136,4,2023,2023,8,1,7,2261,17,23,2252,0,1,2,-34.813246,148.605734,82,1,0,0,0,0,0,3,2,0,7,110,2,1282,1282,1,5,35,2,0,1,1,0
1322139,2,2023,2023,0,3,7,92,31,7,34609,0,1,9,-32.72664,151.623473,42,2,1,1,1,0,3,0,2,0,7,50,0,14295,14295,3,0,19,2,0,0,1,0
1322142,2,2023,2023,3,1,4,251,27,115,212,0,1,9,-33.751906,151.226764,50,0,2,0,1,0,0,0,2,2,7,70,2,4552,985,8,0,40,1,0,0,1,0
1322146,4,2023,2023,8,3,7,1,16,19,34609,0,1,1,-32.731254,151.995207,57,2,1,1,1,0,0,0,2,0,7,50,0,3775,3775,0,16,0,2,0,2,0,0
1322147,2,2023,2023,8,0,10,132,31,45,126,0,1,2,-33.887917,151.193662,69,0,2,1,2,0,0,0,0,0,7,50,2,1383,1383,1,5,19,2,0,0,1,0
1322149,2,2023,2023,0,3,6,133,31,49,34609,0,1,9,-32.992978,151.681871,37,0,2,1,1,0,0,0,2,0,7,50,0,1109,787,1,0,5,2,0,0,1,0
1322152,2,2023,2023,0,0,10,8,27,171,34609,0,1,1,-33.802332,150.978614,54,0,2,0,2,0,0,0,0,0,7,50,0,3775,3775,0,0,25,3,0,0,2,1
1322155,4,2023,2023,0,5,7,195,27,89,186,0,1,9,-33.858376,150.87345,24,0,2,1,1,0,0,0,2,0,0,70,2,623,623,3,10,5,2,0,1,0,0
1322156,2,2023,2023,6,1,6,213,17,10,213,0,1,1,-29.542953,152.23905,51,1,0,0,0,0,3,4,2,0,7,100,2,3775,3775,0,0,13,2,0,0,1,0
1322159,4,2023,2023,8,2,2,3371,17,30,3342,0,1,2,-32.605949,152.104052,43,1,0,1,0,0,0,0,0,0,7,110,2,9859,9859,8,21,40,1,0,1,0,0
1322165,2,2023,2023,8,1,5,204,27,246,34609,0,1,9,-33.909249,151.196545,69,0,2,1,1,0,0,0,2,0,9,50,0,591,591,1,22,0,2,0,0,1,0
1322167,2,2023,2023,6,6,9,59,10,34,231,0,1,1,-33.496255,151.353543,16,2,2,0,2,0,0,0,0,0,7,60,2,3775,3775,0,0,5,2,0,0,2,0
1322168,2,2023,2023,6,0,6,10,31,463,34609,0,1,1,-30.284169,153.127069,19,2,1,1,1,0,0,0,2,0,7,50,0,340,340,9,10,28,2,0,0,1,0
1322169,2,2023,2023,8,4,11,110,27,113,48,0,1,2,-34.36715,150.859378,80,0,2,1,1,0,0,0,0,0,7,100,2,9859,9859,8,5,40,1,0,0,1,0
1322172,2,2023,2023,8,1,3,13,31,80,69,0,1,10,-33.939354,151.217128,4,0,2,1,0,0,0,0,2,0,0,50,1,926,926,4,5,27,2,0,0,1,0
1322173,1,2023,2023,6,0,7,44,31,532,34609,0,1,4,-33.868775,151.197878,69,0,2,0,0,0,0,0,2,3,9,40,0,591,591,1,22,0,2,0,0,0,1
1322175,1,2023,2023,3,0,11,22,31,24,26,0,1,9,-35.98479,146.009876,51,2,1,1,2,0,0,0,0,0,7,50,2,9859,9859,1,22,23,2,0,0,0,1
1322176,1,2023,2023,8,5,3,348,17,105,232,0,1,9,-32.600522,149.596719,44,2,1,0,1,0,0,1,1,0,7,50,2,1850,1463,5,0,40,1,0,0,0,1
1322180,2,2023,2023,6,2,9,193,27,32,41,0,1,1,-33.980814,151.125035,25,0,2,1,2,0,0,0,0,0,7,60,1,1282,1282,1,5,13,2,0,0,1,0
1322183,1,2023,2023,8,2,11,12,31,49,34609,0,1,9,-34.449578,147.539578,51,2,1,1,2,0,0,0,0,0,7,50,0,4026,4026,8,10,40,1,0,0,0,1
1322185,1,2023,2023,0,6,10,2209,17,79,2205,0,1,7,-34.91445,150.603637,63,2,1,0,2,0,0,0,0,0,0,70,2,1981,1981,4,5,36,2,0,0,0,1
1322196,1,2023,2023,6,4,5,35,18,161,19,0,1,9,-33.879567,151.163479,32,0,2,1,1,0,0,0,2,0,7,40,1,489,489,8,30,40,1,0,0,0,1
1322198,4,2023,2023,8,1,7,2,1,523,34609,0,1,10,-33.934945,150.910934,41,0,2,1,1,0,0,0,2,0,0,50,0,6545,6545,4,9,12,2,0,1,2,0
1322200,4,2023,2023,6,6,2,128,27,61,133,1,0,1,-33.836068,150.651637,55,0,2,0,0,0,0,1,1,0,7,60,2,3775,3775,0,5,12,2,0,1,0,1
1322205,2,2023,2023,8,3,4,33,31,108,34609,0,1,1,-28.867302,153.567306,2,2,1,1,0,0,0,0,2,0,7,50,0,9859,9859,1,0,5,2,0,0,1,0
1322208,4,2023,2023,0,1,5,22,27,26,34609,0,1,7,-34.858245,150.584053,63,2,1,1,0,0,0,0,2,0,0,60,0,1945,1945,5,16,40,1,0,1,0,0