Crash ID,Degree of crash - detailed,Reporting year,Year of crash,Month of crash,Day of week of crash,Two-hour intervals,Street of crash,Street type,Town,Route no.,School zone location,School zone active,Type of location,Latitude,Longitude,LGA,Urbanisation,Conurbation 1,Alignment,Street lighting,Road surface,Surface condition,Weather,Natural lighting,Signals operation,Other traffic control,Speed limit,Road classification,RUM - code,DCA - code,First impact type,Key TU type,Other TU type,No. of traffic units involved,No. killed,No. seriously injured,No. moderately injured,No. minor-other injured
1322210,4,2023,2023,8,3,7,308,14,323,311,0,1,3,-33.801225,150.853462,7,0,2,1,1,0,0,0,2,0,7,100,2,1192,1192,1,9,36,2,0,1,0,0
1322211,4,2023,2023,0,1,9,5,31,201,34609,0,1,1,-34.892872,150.608741,63,2,1,1,2,0,0,3,0,0,7,50,0,368,368,9,10,28,2,0,1,0,0
1322213,4,2023,2023,3,5,4,1104,14,438,962,0,1,3,-33.841792,151.042022,21,0,2,1,1,0,0,0,2,0,7,90,2,14295,14295,3,8,0,8,0,1,2,0
1322217,1,2023,2023,0,6,3,15,31,106,34609,0,1,1,-28.856588,153.048763,60,2,1,1,1,0,0,0,1,0,7,50,0,1981,1981,4,5,27,2,0,0,0,1
1322219,1,2023,2023,0,5,7,2126,17,104,2149,0,1,9,-33.832644,151.016888,54,0,2,1,1,0,0,0,2,2,7,60,2,14295,14295,3,0,36,3,0,0,0,1
1322221,1,2023,2023,7,4,9,149,27,52,198,0,1,9,-33.966662,150.971301,41,0,2,1,2,0,0,0,3,0,7,60,2,14295,14295,3,5,0,3,0,0,0,1
1322222,2,2023,2023,7,6,10,30,31,98,34609,0,1,1,-33.737765,151.079417,31,0,2,1,0,0,0,0,0,0,7,50,0,4026,4026,1,5,12,3,0,0,1,0
1322225,4,2023,2023,8,0,6,2126,17,247,2149,0,1,10,-33.813192,150.958651,21,0,2,1,1,0,0,0,2,2,7,80,2,6545,6545,4,10,19,2,0,1,0,0
1322226,4,2023,2023,0,4,7,22,27,94,20,0,1,9,-33.77909,150.802185,55,0,2,1,1,0,0,0,2,2,7,60,1,5929,5929,1,5,10,3,0,1,2,0
1322227,4,2023,2023,8,5,8,196,10,70,168,0,1,9,-33.91406,150.975531,15,0,2,1,2,0,0,0,3,2,7,60,2,5929,5929,1,0,5,2,0,1,1,0
1322232,4,2023,2023,0,4,9,916,17,105,917,0,1,9,-32.719461,151.536334,42,2,1,1,2,0,0,0,0,2,7,60,2,5929,5929,1,5,5,2,0,1,1,0
1322236,2,2023,2023,7,0,4,2209,17,157,2205,0,1,9,-34.010202,151.095716,68,0,2,0,2,0,0,0,2,2,7,70,2,6545,6545,4,5,0,2,0,0,1,0
1322238,1,2023,2023,8,4,8,283,27,197,702,1,0,9,-33.94941,151.080924,25,0,2,1,2,0,0,0,3,2,7,60,2,5929,5929,1,33,36,2,0,0,0,1
1322239,4,2023,2023,8,0,3,57,36,112,769,0,1,9,-33.610487,150.807717,29,2,2,1,2,0,0,0,1,2,7,60,2,1669,1669,3,19,10,2,0,1,0,0
1322240,1,2023,2023,8,4,7,43,22,237,34609,0,1,1,-33.87226,150.956389,24,0,2,1,1,0,0,0,2,0,9,40,0,2040,2040,9,0,28,2,0,0,0,1
1322242,4,2023,2023,8,3,8,36,31,162,34609,0,1,1,-33.841055,150.921249,24,0,2,1,2,0,0,0,0,0,7,60,0,3775,3775,0,0,13,3,0,1,0,0
1322243,4,2023,2023,8,3,11,101,10,11,34609,0,1,1,-33.722134,150.795455,7,0,2,0,2,0,3,4,0,0,7,50,0,4552,5151,1,0,13,2,0,1,0,0
1322244,4,2023,2023,0,1,6,10,27,1,12,0,1,1,-31.224788,147.589068,51,1,0,1,0,0,0,0,2,0,7,100,1,945,945,5,10,40,1,0,1,0,0
1322246,4,2023,2023,8,3,5,3371,17,33,3342,0,1,9,-33.657655,151.13234,31,0,2,1,1,0,3,3,2,0,7,80,2,2852,2852,4,0,5,2,0,1,0,0
1322253,4,2023,2023,6,4,4,283,27,129,702,0,1,9,-33.934209,151.073556,15,0,2,1,1,0,0,0,2,3,7,60,2,1192,1192,1,5,40,2,0,1,0,0
1322254,4,2023,2023,6,2,5,2,27,60,34609,0,1,1,-33.838123,151.157601,51,0,2,1,1,0,0,0,2,0,7,50,0,4026,4026,8,0,40,1,0,1,0,0
1322255,4,2023,2023,8,3,11,3,31,19,34609,0,1,10,-33.692542,150.904233,7,0,2,1,2,0,0,0,0,0,0,50,0,6545,6545,4,5,0,2,0,1,2,0
1322256,1,2023,2023,8,4,5,11,27,42,9,0,1,1,-33.6633,151.253876,50,0,2,0,0,0,0,0,2,0,7,60,2,14295,14295,3,22,27,2,0,0,0,1
1322257,4,2023,2023,0,6,2,2209,17,176,2205,0,1,9,-33.955226,151.137703,4,0,2,1,3,0,2,6,0,2,7,60,2,1220,1220,9,9,28,2,0,1,0,0
1322258,2,2023,2023,8,5,9,134,10,69,133,0,1,9,-33.824907,151.021013,54,0,2,1,2,0,0,0,0,0,2,70,2,1282,1282,1,29,0,2,0,0,1,0
1322261,4,2023,2023,0,3,7,46,27,23,34609,0,1,1,-32.876758,151.635484,48,0,2,1,1,0,0,0,2,0,7,60,0,9859,9859,8,5,40,1,0,1,0,0
1322265,2,2023,2023,8,4,6,2261,17,39,2252,0,1,2,-35.938547,147.002908,0,1,0,1,0,0,0,0,2,0,7,110,2,9859,9859,8,29,40,1,0,0,1,0
1322267,1,2023,2023,8,2,6,2,31,204,34609,0,1,9,-33.934772,151.145326,4,0,2,1,0,0,0,0,2,3,7,50,0,941,941,1,5,18,2,0,0,0,1
1322269,4,2023,2023,7,5,7,3,31,84,34609,0,1,9,-33.887861,150.953567,24,0,2,1,1,0,3,4,2,0,7,50,0,256,256,4,0,27,2,0,1,0,0
1322270,4,2023,2023,7,0,6,171,27,113,369,0,1,9,-33.805299,150.696169,55,0,2,1,1,0,0,0,2,2,7,80,2,5929,5929,1,5,5,2,0,1,0,0
1322276,2,2023,2023,8,0,7,2,27,2,34609,0,1,1,-28.662385,153.319341,39,2,1,0,0,0,0,0,2,0,7,40,0,3775,3775,0,9,22,2,0,0,1,0
1322277,4,2023,2023,8,6,8,27,27,171,35,0,1,1,-33.803384,150.973571,54,0,2,1,2,0,0,0,0,0,7,50,1,1383,1383,1,5,5,2,0,1,0,0
1322281,2,2023,2023,0,5,8,1,10,30,34609,0,1,7,-32.759418,151.634725,42,2,1,1,1,0,3,4,2,0,0,50,0,6545,6545,4,0,27,2,0,0,1,0
1322284,2,2023,2023,8,0,8,112,17,207,112,0,1,7,-31.951489,141.454129,51,2,1,0,1,0,0,0,3,0,0,50,2,6545,6545,4,0,19,2,0,0,1,0
1322290,4,2023,2023,7,1,4,12,27,90,28,0,1,1,-33.793533,150.940267,21,0,2,1,0,0,3,4,2,0,7,60,1,3775,3775,0,30,0,2,0,1,1,0
1322292,4,2023,2023,4,5,6,105,27,65,109,0,1,1,-33.864115,150.912799,24,0,2,1,1,0,0,0,2,0,7,60,1,1945,1945,5,16,40,1,0,1,0,0
1322293,4,2023,2023,8,2,3,829,27,125,770,0,1,9,-33.828057,151.12642,61,0,2,1,0,0,0,0,2,0,7,60,2,9859,9859,1,5,5,2,0,1,0,0
1322294,2,2023,2023,8,2,6,4,27,15,34609,0,1,1,-33.06006,151.408532,37,0,2,1,1,0,2,2,2,0,7,60,0,4026,4026,8,16,40,1,0,0,1,0
1322296,2,2023,2023,8,6,7,157,17,36,158,0,1,10,-33.894859,148.160238,51,2,1,1,1,0,0,0,2,0,0,50,2,5929,5929,1,5,5,2,0,0,3,0
1322297,2,2023,2023,6,0,6,1,27,4,34609,0,1,11,-32.999375,149.566533,3,1,0,0,0,2,0,0,2,0,7,100,0,782,957,5,0,40,1,0,0,2,0
1322299,2,2023,2023,6,2,8,85,31,115,34609,1,0,1,-33.882996,151.191261,69,0,2,1,1,0,0,0,2,0,7,40,0,2040,2040,9,10,28,2,0,0,1,0
1322300,4,2023,2023,8,6,4,232,36,40,331,0,1,2,-33.94985,150.839919,41,0,2,1,0,0,0,0,2,0,7,70,2,14295,14295,3,8,0,4,0,1,1,0
1322302,4,2023,2023,0,3,2,2,27,4,34609,0,1,1,-34.473527,146.526474,51,1,0,0,0,0,0,0,1,0,7,100,0,1259,5151,8,5,40,1,0,1,0,0
1322305,2,2023,2023,8,4,8,18,31,32,34609,0,1,1,-32.357433,149.534876,44,2,1,1,1,0,0,0,2,0,7,50,0,1981,1981,4,5,36,2,0,0,1,0
1322306,1,2023,2023,8,2,4,27,31,15,40,0,1,10,-33.779849,151.282215,50,0,2,1,1,0,0,0,2,2,15,50,1,2040,2040,9,30,28,2,0,0,0,1
1322312,2,2023,2023,7,6,7,220,27,69,222,0,1,2,-33.774881,150.96194,54,0,2,1,1,0,0,0,2,0,7,80,2,14295,14295,3,9,13,4,0,0,1,1
1322314,1,2023,2023,4,3,10,134,10,69,133,0,1,9,-33.82137,151.021545,54,0,2,1,2,0,3,4,0,0,7,70,2,14295,14295,3,5,5,2,0,0,0,2
1322315,2,2023,2023,6,4,5,6,31,69,34609,0,1,1,-32.90123,151.691794,48,0,2,1,1,0,0,0,2,0,7,50,0,9859,9859,1,0,5,2,0,0,1,0
1322316,2,2023,2023,0,5,10,2261,17,143,2252,1,0,1,-33.887991,151.102347,9,0,2,1,2,0,0,0,0,0,7,60,2,14295,14295,3,16,19,2,0,0,1,0
1322317,2,2023,2023,0,5,7,15,27,41,15,0,1,9,-33.787621,151.27459,50,0,2,1,0,0,0,0,2,0,7,50,1,2040,2040,9,34,28,2,0,0,1,0
1322321,4,2023,2023,7,0,3,2,31,17,34609,0,1,9,-33.913339,151.259714,59,0,2,1,1,0,0,0,1,0,7,50,0,5929,5929,1,9,27,2,0,1,0,0
1322322,2,2023,2023,7,6,8,3,27,1,34609,0,1,1,-36.006596,149.401117,65,1,0,0,0,2,0,0,2,0,7,100,0,782,957,5,16,40,1,0,0,1,0
1322330,2,2023,2023,8,2,5,6,31,90,34609,0,1,10,-32.920496,151.74521,48,0,2,1,0,0,0,0,2,0,15,50,0,6545,6545,4,5,5,2,0,0,1,0
1322331,4,2023,2023,7,1,9,5,1,46,34609,0,1,1,-32.918145,151.667956,48,0,2,1,1,0,0,0,3,0,7,50,0,4026,4026,1,0,13,2,0,1,0,0
1322333,4,2023,2023,7,0,10,21,27,38,22,0,1,1,-32.768038,151.948544,57,2,1,1,0,0,0,0,3,0,7,80,1,57,57,1,5,0,2,0,2,0,0
1322334,2,2023,2023,7,1,3,1,27,1,34609,0,1,1,-35.979008,148.892398,65,2,1,0,0,2,3,3,2,0,7,60,0,1259,5151,8,10,40,1,0,0,1,0
1322338,2,2023,2023,3,4,0,512,17,11,441,0,1,1,-32.129735,148.109884,51,1,0,1,0,0,0,0,0,0,7,110,2,4026,4026,8,10,40,1,0,0,1,0
1322339,1,2023,2023,8,6,4,20,27,243,6,0,1,10,-33.953196,150.882836,41,0,2,1,1,0,0,0,2,2,7,60,2,14295,14295,3,0,5,2,0,0,0,1
1322340,4,2023,2023,8,4,9,81,17,45,331,0,1,1,-34.292717,150.580281,79,2,2,1,0,0,0,0,3,0,7,60,1,1945,1945,5,22,40,1,0,1,0,0
1322341,2,2023,2023,8,0,4,13,31,463,62,0,1,1,-30.294398,153.103807,19,2,1,1,0,0,0,0,2,0,7,50,1,941,941,1,0,5,2,0,0,1,0
1322342,1,2023,2023,3,5,4,29,1,105,34609,0,1,7,-32.714361,151.528846,42,2,1,1,1,0,0,0,2,0,7,50,0,1192,1192,1,5,27,2,0,0,0,1
1322343,4,2023,2023,3,6,6,3,27,8,34609,0,1,1,-30.526186,151.563857,51,1,0,0,0,0,0,3,2,0,7,100,0,2585,4009,8,16,40,1,0,1,0,0
1322346,4,2023,2023,7,5,9,13,31,80,69,0,1,10,-33.940619,151.215482,4,0,2,1,1,0,0,0,2,2,7,70,1,6545,6545,4,0,5,3,0,2,0,0
1322347,2,2023,2023,8,1,0,50,27,166,799,0,1,1,-33.898603,151.175997,32,0,2,1,2,0,0,0,0,0,7,40,2,3775,3775,0,5,5,2,0,0,1,1
1322352,4,2023,2023,8,3,4,2261,17,31,2252,0,1,2,-35.107693,148.058367,20,1,0,1,0,0,3,4,2,0,7,110,2,4026,4026,8,0,40,1,0,2,0,0
1322362,4,2023,2023,8,0,3,23,27,13,38,0,1,1,-33.312628,148.721234,11,1,0,1,0,0,0,0,2,0,7,100,2,9859,9859,8,5,40,1,0,1,1,0
1322363,2,2023,2023,8,4,5,3371,17,13,3342,0,1,2,-29.160225,153.29142,60,1,0,1,0,0,0,0,2,0,7,110,2,1945,1945,5,9,40,1,0,0,2,0
1322365,4,2023,2023,0,3,3,115,27,96,173,0,1,9,-34.242249,150.69562,79,2,2,1,1,0,0,0,2,0,15,80,2,926,926,4,9,19,2,0,1,0,0
1322367,2,2023,2023,0,4,4,20,31,7,5,0,1,10,-32.724881,151.626675,42,2,1,1,0,0,3,0,2,0,15,50,1,6545,6545,4,0,5,2,0,0,1,0
1322368,2,2023,2023,8,2,0,40,27,609,24,0,1,1,-33.7728,150.90173,7,0,2,1,2,0,0,0,0,0,7,50,1,9859,9859,1,10,12,2,0,0,1,0
1322371,4,2023,2023,8,1,11,6,31,179,34609,0,1,1,-33.757223,150.726488,55,0,2,1,2,0,0,0,0,0,7,50,0,9859,9859,1,5,5,3,0,1,0,0
1322374,1,2023,2023,8,2,4,103,36,5,157,0,1,9,-28.381657,152.652276,51,1,0,0,0,0,0,0,2,0,7,100,2,4552,5151,8,16,40,1,0,0,0,1
1322376,1,2023,2023,8,0,5,3371,17,8,3342,0,1,2,-30.780091,152.892732,47,1,0,1,0,0,0,0,2,0,7,100,2,9859,9859,8,5,40,1,0,0,0,3
1322377,2,2023,2023,8,4,4,26,31,201,34609,0,1,1,-33.993182,150.869811,13,0,2,1,0,0,0,0,2,0,7,50,0,4026,4026,8,5,40,1,0,0,1,0
1322382,4,2023,2023,8,0,7,11,3,72,54,0,1,2,-34.024391,151.013662,68,0,2,1,0,0,0,0,2,0,7,80,2,14295,14295,3,9,40,3,0,2,0,0
1322390,2,2023,2023,8,0,6,1,18,69,34609,0,1,1,-28.553788,153.501546,10,2,1,1,0,0,0,0,2,0,7,50,0,214,214,9,5,28,2,0,0,1,0
1322392,2,2023,2023,8,0,7,117,1,176,35,0,1,9,-33.965101,151.142642,4,0,2,1,1,0,0,0,2,2,6,60,2,5929,5929,1,5,5,2,0,0,1,0
1322393,2,2023,2023,8,6,4,1,7,41,34609,0,1,9,-30.35363,153.090091,19,2,1,1,0,0,0,0,2,2,7,50,0,5929,5929,1,5,0,2,0,0,1,1
1322395,2,2023,2023,0,2,6,110,31,19,34609,0,1,10,-30.642829,151.502566,51,2,1,1,1,0,0,3,2,0,0,50,0,6545,6545,4,10,5,2,0,0,1,0
1322399,4,2023,2023,8,3,7,4,27,23,34609,0,1,1,-33.003086,151.116021,17,2,1,1,0,2,0,0,2,0,7,60,0,1945,1945,5,16,40,1,0,1,0,0
1322403,1,2023,2023,8,3,6,97,17,61,88,0,1,9,-35.202276,149.210789,58,2,1,1,1,0,0,3,2,0,0,60,2,775,775,4,5,13,2,0,0,0,1
1322404,2,2023,2023,8,0,4,154,27,136,244,0,1,9,-33.914256,151.069257,15,0,2,1,1,0,0,0,2,2,7,60,2,14295,14295,3,9,0,3,0,0,2,1
1322405,1,2023,2023,7,0,8,3371,17,3,3342,0,1,2,-31.067749,152.885599,34,1,0,1,0,0,0,0,2,0,7,110,2,9859,9859,8,5,40,1,0,0,0,2
1322409,4,2023,2023,8,4,8,39,31,131,34609,0,1,10,-36.07719,146.921498,0,2,1,1,2,0,3,4,0,2,7,50,0,1220,1220,9,0,28,2,0,1,1,0
1322411,4,2023,2023,8,6,4,20,31,150,140,0,1,1,-33.924985,151.234616,59,0,2,1,1,0,0,0,2,0,7,50,2,2040,2040,9,5,28,2,0,1,0,0
1322416,4,2023,2023,8,2,5,222,31,131,212,0,1,9,-33.783568,151.191545,36,0,2,1,1,0,0,0,2,2,7,60,2,4552,985,8,16,40,1,0,1,0,0
1322418,2,2023,2023,8,5,11,866,17,171,793,0,1,10,-33.807257,150.969318,21,0,2,1,2,0,0,0,0,2,7,70,2,5929,5929,1,5,0,3,0,0,1,0
1322420,1,2023,2023,3,0,8,8,27,210,34609,0,1,1,-34.038444,151.111799,68,0,2,1,0,0,0,0,2,0,7,50,0,1669,1669,3,5,5,2,0,0,0,1
1322421,2,2023,2023,8,3,6,15,27,8,33,0,1,1,-34.281834,149.89156,74,1,0,0,0,2,0,0,2,0,7,100,1,1850,1463,5,16,40,1,0,0,1,0
1322422,1,2023,2023,6,1,9,13,27,2,20,0,1,1,-35.116466,147.055552,75,1,0,1,2,0,3,4,3,0,7,100,1,1669,1669,3,10,0,2,0,0,0,1
1322423,2,2023,2023,7,4,8,21,31,252,59,0,1,10,-33.885122,151.214051,69,0,2,1,1,0,0,0,2,2,9,40,1,2040,2040,9,30,28,2,0,0,1,0
1322424,4,2023,2023,0,2,1,105,27,67,109,0,1,9,-33.880289,150.890609,24,0,2,1,2,0,0,0,0,0,7,60,1,14295,14295,3,10,5,2,0,1,0,0
1322427,4,2023,2023,8,6,11,2,27,21,62,0,1,1,-35.771525,147.986341,66,1,0,1,0,0,3,3,0,0,7,100,2,9859,9859,8,5,40,1,0,1,0,0
1322431,2,2023,2023,8,0,7,225,31,65,34609,1,2,10,-34.488729,150.894085,80,0,2,1,1,0,0,0,2,2,7,40,0,14295,14295,3,33,36,3,0,0,1,0
1322434,2,2023,2023,8,3,5,20,31,174,321,0,1,10,-33.89169,151.199794,69,0,2,1,2,0,0,0,2,2,9,50,2,395,395,1,5,5,2,0,0,1,0
1322435,4,2023,2023,4,3,5,2126,17,73,2149,0,1,2,-33.888043,151.161665,32,0,2,1,1,0,0,0,2,0,7,60,2,1220,1220,9,5,28,2,0,1,0,0
1322439,2,2023,2023,6,4,8,125,27,443,34609,0,1,1,-33.901364,151.047411,15,0,2,1,2,0,0,0,0,0,7,50,0,1981,1981,4,5,5,3,0,0,1,0
1322441,4,2023,2023,7,2,5,3,31,157,34609,0,1,1,-33.799904,151.00517,54,0,2,1,1,0,0,0,2,0,7,50,0,1981,1981,4,0,0,2,0,1,0,0
1322442,2,2023,2023,8,1,8,916,17,17,917,0,1,10,-32.172205,150.890628,73,2,1,1,2,0,0,0,0,0,7,50,2,1669,1669,3,34,5,2,0,0,2,0
1322447,4,2023,2023,8,2,5,81,17,14,34609,0,1,1,-34.446649,150.386995,78,1,0,0,1,0,0,0,2,0,7,100,0,1981,1981,4,0,12,2,0,1,1,0
1322448,4,2023,2023,3,2,10,29,31,56,34609,0,1,9,-31.463722,152.732942,56,2,1,1,2,0,0,0,0,0,7,50,0,4026,4026,8,10,40,2,0,1,0,0
1322449,2,2023,2023,0,6,4,32,31,19,34609,0,1,10,-32.398517,148.825768,22,2,1,1,1,0,0,0,2,0,0,50,0,6545,6545,4,10,13,2,0,0,1,0
1322451,2,2023,2023,0,0,4,2209,17,35,2205,0,1,2,-35.507647,150.325537,63,1,0,0,0,0,0,0,2,0,7,100,2,1957,4009,8,5,40,1,0,0,1,0
1322459,2,2023,2023,7,1,4,21,31,128,34609,0,1,1,-33.620828,150.811201,29,2,2,1,0,0,3,4,2,0,7,50,0,1981,1981,4,34,5,3,0,0,1,0
1322460,1,2023,2023,7,6,6,39,31,96,34609,0,1,1,-35.35507,149.235837,58,2,1,1,0,0,0,0,2,0,7,50,0,14295,14295,3,5,5,2,0,0,0,1
1322461,1,2023,2023,7,6,4,4,27,8,4,0,1,1,-33.306243,146.735182,51,1,0,1,0,0,3,0,2,0,7,100,1,945,945,5,5,40,1,0,0,0,1
1322463,4,2023,2023,7,6,7,27,27,6,34609,0,1,1,-31.895027,152.23622,43,2,1,0,0,0,0,0,2,0,7,80,0,2585,4009,8,0,40,1,0,1,0,0
1322465,2,2023,2023,0,2,6,2,27,19,34609,0,1,1,-33.520946,150.35645,8,2,2,0,0,0,0,0,2,0,7,80,0,1850,1463,5,16,40,1,0,0,1,1
1322466,2,2023,2023,0,1,3,2,1,58,34609,0,1,7,-34.411895,150.896258,80,0,2,1,0,0,0,0,2,0,0,50,0,926,926,4,5,19,2,0,0,1,0
1322467,4,2023,2023,3,3,4,1,31,30,34609,0,1,10,-34.489604,150.332358,78,2,1,0,0,2,0,0,2,0,7,50,0,368,368,9,10,28,2,0,1,0,0
1322468,2,2023,2023,0,6,3,481,17,155,483,0,1,1,-33.156819,148.165424,53,2,1,1,0,0,0,0,2,0,7,80,2,1109,787,1,10,13,2,0,0,1,0
1322469,4,2023,2023,0,3,3,195,27,20,186,0,1,2,-33.931815,150.845982,41,0,2,1,1,0,0,0,2,0,7,70,2,1383,1383,1,5,13,2,0,1,0,0
1322470,2,2023,2023,0,3,8,112,17,23,112,0,1,1,-31.513693,145.686414,51,1,0,1,0,0,0,0,2,0,7,110,2,14295,14295,3,10,13,2,0,0,1,0
1322472,4,2023,2023,7,0,10,5,6,162,34609,0,1,1,-33.839403,150.895521,24,0,2,1,2,0,0,0,0,0,7,50,0,368,368,9,5,28,3,0,1,0,0
1322474,4,2023,2023,7,1,7,2,7,98,34609,0,1,1,-33.747707,151.066361,31,0,2,0,0,0,3,6,2,0,7,50,0,782,985,5,0,40,1,0,1,0,0
1322475,2,2023,2023,0,5,4,34,31,145,140,0,1,9,-33.926323,151.130787,15,0,2,1,0,0,0,0,2,0,15,50,1,2040,2040,9,0,28,2,0,0,1,0
1322476,4,2023,2023,3,6,6,2126,17,27,2149,0,1,1,-33.708192,150.34591,8,2,2,0,0,0,3,4,2,0,7,80,2,3775,3775,0,8,12,6,0,5,2,0
1322479,4,2023,2023,3,1,0,101,10,42,33,0,1,1,-34.025505,151.176376,68,0,2,0,2,0,3,4,0,0,7,80,1,1259,5151,8,5,40,1,0,1,0,0
1322483,2,2023,2023,0,6,5,81,31,252,34609,0,1,10,-33.881596,151.213497,69,0,2,1,0,0,0,0,2,0,7,40,0,515,515,1,5,27,2,0,0,1,0
1322484,1,2023,2023,0,5,9,15,27,9,34609,0,1,1,-34.889477,149.939617,26,1,0,1,0,0,0,0,0,0,7,100,0,1089,1089,7,16,40,1,0,0,0,1
1322485,4,2023,2023,0,2,5,1,27,3,8,0,1,1,-35.897347,146.894079,27,1,0,1,0,0,0,0,2,0,7,100,1,312,312,2,22,40,1,0,1,0,0
1322486,4,2023,2023,0,2,10,2261,17,112,2252,0,1,10,-33.913868,150.93175,41,0,2,1,2,0,0,0,0,2,7,70,2,2040,2040,9,5,28,2,0,1,1,0
1322488,2,2023,2023,7,3,6,98,27,169,382,0,1,1,-33.604029,150.757375,29,2,2,1,0,0,0,0,2,0,7,60,2,14295,14295,3,0,19,2,0,0,1,0
1322489,4,2023,2023,3,5,8,20,31,174,321,0,1,9,-33.892981,151.199131,69,0,2,1,1,0,0,0,2,0,7,50,2,926,926,4,5,19,2,0,1,0,0
1322492,1,2023,2023,7,4,7,829,27,124,770,0,1,9,-33.811379,151.034761,54,0,2,0,1,0,0,0,2,0,7,60,2,186,186,9,21,28,2,0,0,0,1
1322494,4,2023,2023,8,5,8,346,17,35,332,0,1,10,-28.81368,153.266551,39,2,1,1,0,0,0,0,2,0,0,60,2,1220,1220,9,10,28,2,0,1,0,0
1322495,2,2023,2023,0,1,8,37,27,46,41,0,1,1,-28.815334,153.282102,39,2,1,1,0,0,0,0,2,0,7,50,1,14295,14295,3,10,0,2,0,0,1,0
1322496,4,2023,2023,8,3,6,361,23,363,34609,0,1,0,-33.81323,150.995919,54,0,2,1,0,0,0,0,2,0,7,30,0,1282,1282,1,0,27,2,0,1,0,0
1322500,2,2023,2023,8,5,10,27,36,27,34609,0,1,1,-30.189352,153.147583,19,2,1,0,0,0,0,0,0,0,7,80,0,4552,5151,8,5,40,1,0,0,1,0
1322501,2,2023,2023,0,1,1,7,27,10,81,0,1,1,-32.089439,152.431591,43,2,1,0,0,0,0,0,0,0,7,80,2,4552,5151,8,10,40,1,0,0,1,0
1322502,4,2023,2023,8,2,4,37,27,36,22,0,1,10,-33.883377,151.183093,69,0,2,1,1,0,0,0,2,2,7,50,2,941,941,1,5,27,2,0,1,0,0
1322503,4,2023,2023,7,6,3,916,17,165,917,0,1,9,-32.325971,150.944527,46,1,0,1,2,0,3,0,2,0,15,100,2,5929,5929,1,29,5,2,0,1,0,0
1322504,2,2023,2023,8,5,4,15,27,3,9,0,1,1,-29.761882,150.742009,33,1,0,1,0,0,0,0,2,0,7,100,1,4026,4026,8,5,40,1,0,0,2,0
1322505,4,2023,2023,0,6,6,3,27,2,34609,0,1,1,-28.278991,153.305114,72,2,1,1,0,0,0,0,2,0,7,60,0,3775,3775,0,5,0,2,0,2,0,0
1322506,2,2023,2023,0,4,4,6,27,123,34609,0,1,9,-33.820449,151.054312,54,0,2,1,0,0,0,0,2,0,7,50,0,489,489,8,5,40,1,0,0,1,0
1322510,2,2023,2023,8,3,9,10,31,173,34609,0,1,1,-33.704564,151.115291,31,0,2,1,2,0,3,4,3,0,7,50,0,14295,14295,3,30,5,2,0,0,1,0
1322514,4,2023,2023,0,3,2,20,27,12,100,0,1,1,-33.645296,150.663414,29,2,2,0,0,0,0,0,0,0,7,80,2,2585,4009,8,5,40,1,0,1,0,0
1322522,2,2023,2023,3,3,2,34,31,98,260,0,1,2,-33.015581,151.592651,37,0,2,0,1,0,0,0,1,0,7,60,2,4552,5151,1,5,5,2,0,0,1,0
1322523,4,2023,2023,8,6,3,192,10,57,114,0,1,7,-33.446009,151.372396,16,2,2,0,1,0,0,0,2,0,0,70,2,775,775,4,5,5,2,0,2,0,0
1322525,2,2023,2023,7,3,6,34,27,36,39,0,1,1,-35.474891,149.760486,58,1,0,0,0,0,0,0,2,0,7,100,1,1957,4009,8,16,40,1,0,0,1,0
1322528,2,2023,2023,3,3,3,478,17,35,480,0,1,1,-33.266643,151.559963,16,2,2,1,3,0,2,6,0,0,7,60,2,4026,4026,1,5,13,2,0,0,1,1
1322529,4,2023,2023,0,2,2,133,31,646,97,0,1,1,-33.917727,151.025073,15,0,2,1,0,0,0,0,0,0,7,60,1,1282,1282,1,5,40,1,0,1,0,0
1322530,2,2023,2023,8,1,6,3,31,54,34609,0,1,10,-33.089428,151.637055,37,0,2,1,1,0,0,0,2,0,15,40,0,6545,6545,4,0,27,2,0,0,1,0
1322531,4,2023,2023,8,2,8,6,27,40,34609,0,1,1,-34.235057,150.581097,79,2,2,1,0,0,0,0,0,0,7,80,0,3775,3775,0,5,0,2,0,1,0,0
1322532,2,2023,2023,3,3,7,9,27,28,68,0,1,7,-34.080417,150.803667,13,0,2,0,1,0,0,0,2,0,0,60,1,6545,6545,4,5,5,2,0,0,1,0
1322541,4,2023,2023,8,1,9,126,1,226,144,0,1,7,-33.756523,150.818473,7,0,2,1,2,0,0,0,0,0,0,60,1,14295,14295,3,0,18,2,0,1,0,0
1322542,2,2023,2023,0,6,9,73,27,113,34609,0,1,9,-33.789984,150.750273,55,0,2,1,2,0,0,0,0,0,0,70,0,489,489,8,10,40,3,0,0,1,0
1322550,1,2023,2023,8,4,9,19,31,173,34609,0,1,1,-33.706556,151.122963,36,0,2,1,2,0,0,0,0,0,7,50,0,3775,3775,0,5,5,2,0,0,0,1
1322551,1,2023,2023,8,3,5,44,31,12,34609,0,1,9,-33.802524,151.263129,50,0,2,1,1,0,0,0,2,0,7,50,0,9859,9859,1,0,13,2,0,0,0,1
1322554,4,2023,2023,8,2,5,75,10,112,165,0,1,2,-33.911573,151.212873,69,0,2,1,1,0,0,0,2,0,7,80,2,14295,14295,3,9,13,2,0,1,0,0
1322555,4,2023,2023,6,1,2,2,27,11,14,0,1,1,-35.704564,146.631772,27,1,0,1,0,0,0,0,0,0,7,100,1,9859,9859,8,5,40,1,0,1,0,0