Crash ID,Degree of crash - detailed,Reporting year,Year of crash,Month of crash,Day of week of crash,Two-hour intervals,Street of crash,Street type,Town,Route no.,School zone location,School zone active,Type of location,Latitude,Longitude,LGA,Urbanisation,Conurbation 1,Alignment,Street lighting,Road surface,Surface condition,Weather,Natural lighting,Signals operation,Other traffic control,Speed limit,Road classification,RUM - code,DCA - code,First impact type,Key TU type,Other TU type,No. of traffic units involved,No. killed,No. seriously injured,No. moderately injured,No. minor-other injured
1322556,2,2023,2023,7,2,6,43,27,46,29,0,1,9,-32.919323,151.677862,48,0,2,1,1,0,0,0,2,0,7,60,1,9859,9859,8,5,40,1,0,0,1,0
1322562,4,2023,2023,6,6,3,63,27,103,34,0,1,7,-32.945109,151.664643,37,0,2,1,0,0,3,0,2,0,0,60,1,5929,5929,1,16,13,2,0,1,0,0
1322563,2,2023,2023,0,6,7,3,10,103,34609,0,1,9,-32.945186,151.651815,37,0,2,1,1,0,0,0,2,0,7,50,0,5929,5929,1,5,0,2,0,0,1,0
1322564,4,2023,2023,7,3,0,14,27,44,34609,0,1,1,-30.71938,152.900138,47,1,0,0,0,0,0,0,0,0,7,100,0,380,714,5,5,40,1,0,1,0,0
1322566,4,2023,2023,7,3,0,28,27,16,62,0,1,9,-36.719306,149.904082,5,2,1,0,0,0,3,4,0,0,7,80,1,4552,5151,8,5,40,1,0,2,1,1
1322567,4,2023,2023,7,5,4,161,17,18,161,0,1,1,-35.253471,147.92764,66,1,0,0,0,0,0,0,2,0,7,100,2,1957,4009,8,16,40,1,0,1,0,0
1322568,4,2023,2023,0,4,7,20,31,30,34609,0,1,1,-34.748084,146.551886,51,2,1,1,0,0,0,0,2,0,7,50,0,1981,1981,4,10,27,2,0,1,0,0
1322595,2,2022,2022,2,1,6,49,22,41,96,0,1,1,-32.972534,151.633707,37,0,2,0,3,0,3,4,2,0,7,60,2,2585,4009,1,30,13,2,0,0,1,0
1322603,2,2023,2023,3,6,10,1,1,85,34609,0,1,7,-33.780705,150.678404,55,0,2,1,2,0,3,4,0,0,0,50,0,4552,985,8,0,40,1,0,0,1,0
1322604,4,2023,2023,8,6,9,4,27,172,5,0,1,1,-32.741677,151.59328,42,2,1,0,2,0,0,0,0,0,7,60,1,3775,3775,0,10,0,4,0,2,0,0
1322606,2,2023,2023,6,3,8,59,27,109,34609,0,1,10,-33.960648,150.862336,41,0,2,1,3,0,0,0,3,2,7,60,0,6545,6545,4,5,5,2,0,0,1,1
1322608,1,2023,2023,7,2,7,4,27,49,605,0,1,2,-33.713759,151.297355,50,0,2,1,3,0,0,0,2,0,7,60,2,1282,1282,1,5,27,2,0,0,0,1
1322609,1,2023,2023,6,5,10,22,31,134,34609,0,1,10,-33.890814,151.247594,76,0,2,1,3,0,0,0,0,2,7,50,0,5929,5929,1,0,0,2,0,0,0,1
1322612,2,2023,2023,3,6,10,4,31,85,34609,0,1,1,-33.782877,150.685127,55,0,2,1,2,0,3,4,0,0,7,50,0,9859,9859,1,0,13,3,0,0,1,0
1322622,4,2023,2023,0,1,2,168,10,100,260,0,1,10,-33.954345,151.159015,4,0,2,1,3,0,0,0,1,0,0,60,2,775,775,4,34,19,2,0,1,0,0
1322624,2,2023,2023,8,1,7,133,17,9,121,0,1,1,-36.510528,149.285401,65,2,1,0,1,0,0,0,2,0,7,50,2,4552,5151,8,5,40,1,0,0,1,0
1322627,2,2023,2023,8,2,5,15,27,278,24,0,1,1,-33.775223,151.045198,54,0,2,1,3,0,0,0,2,0,7,50,1,1383,1383,1,0,0,2,0,0,1,0
1322628,1,2023,2023,8,4,4,5,27,15,49,0,1,9,-33.783263,151.285699,50,0,2,0,0,0,0,0,2,0,7,50,1,1850,1463,5,22,40,1,0,0,0,3
1322629,4,2023,2023,6,2,5,4,27,463,34609,0,1,1,-30.281646,153.103436,19,2,1,1,3,0,0,0,2,0,7,50,0,9859,9859,1,0,12,2,0,1,0,0
1322632,2,2023,2023,8,5,8,3371,17,57,3342,1,0,10,-32.981948,151.69228,37,0,2,1,3,0,0,0,3,1,7,60,2,14295,14295,3,9,0,2,0,0,1,0
1322634,2,2023,2023,0,3,6,46,27,101,13,0,1,7,-32.911419,151.62279,37,0,2,1,3,0,0,0,2,0,0,60,1,301,301,4,5,5,2,0,0,1,0
1322636,2,2023,2023,8,0,6,21,27,147,34609,0,1,1,-33.89029,150.999156,15,0,2,1,3,0,0,0,2,0,7,60,0,1192,1192,1,0,0,2,0,0,1,2
1322637,2,2023,2023,6,2,7,16,27,25,174,1,0,9,-32.841184,151.364887,17,2,1,1,3,0,0,0,2,0,7,60,2,14295,14295,3,0,5,2,0,0,1,0
1322640,1,2023,2023,6,5,7,78,31,76,34609,1,2,10,-35.360061,150.471162,63,2,1,1,3,0,0,0,2,0,15,40,0,144,144,1,5,13,2,0,0,0,1
1322641,1,2023,2023,6,5,3,196,10,166,168,0,1,2,-33.94348,150.982635,15,0,2,0,3,0,0,0,2,0,0,60,2,14295,14295,3,5,5,2,0,0,0,1
1322642,2,2023,2023,6,4,4,17,27,10,34609,0,1,1,-34.613959,150.444907,78,1,0,0,3,0,0,0,2,0,7,90,0,380,714,5,34,40,1,0,0,1,0
1322647,2,2023,2023,8,2,8,3,27,75,34609,0,1,11,-33.758342,150.376164,8,2,2,1,3,0,0,0,3,0,7,50,0,323,323,1,10,5,2,0,0,1,0
1322656,1,2023,2023,6,6,2,169,31,44,57,0,1,7,-28.863116,153.539732,2,2,1,1,3,0,0,0,1,0,0,60,1,14295,14295,3,5,5,2,0,0,0,1
1322659,2,2023,2023,7,2,8,8,27,36,34609,0,1,1,-34.462327,149.528497,74,1,0,1,0,0,0,0,2,0,7,100,0,3775,3775,0,0,5,2,0,0,1,0
1322660,1,2023,2023,7,6,4,150,27,197,415,1,2,2,-33.793536,151.119523,61,0,2,1,3,0,0,0,2,0,7,40,2,14295,14295,3,5,5,2,0,0,0,1
1322661,1,2023,2023,6,5,6,308,14,92,311,0,1,3,-33.756616,150.956709,71,0,2,1,3,0,0,0,2,0,7,100,2,14295,14295,3,8,35,2,0,0,0,1
1322663,2,2023,2023,6,1,9,2261,17,45,2252,0,1,3,-34.310698,150.599807,79,1,2,0,3,0,0,0,3,0,7,110,2,14295,14295,3,0,0,4,0,0,1,0
1322668,1,2023,2023,8,1,9,118,18,246,321,0,1,9,-33.89568,151.198204,69,0,2,1,3,0,0,0,0,0,7,50,2,395,395,1,21,19,2,0,0,0,1
1322672,1,2023,2023,8,1,7,500,27,646,799,0,1,9,-33.934197,151.026005,15,0,2,1,1,0,0,0,2,0,7,60,2,14295,14295,3,5,36,2,0,0,0,1
1322678,1,2023,2023,8,1,6,866,17,98,793,0,1,2,-33.736963,151.074488,31,0,2,1,3,0,0,0,2,0,7,70,2,14295,14295,3,0,13,2,0,0,0,1
1322679,2,2023,2023,8,1,7,475,10,42,268,0,1,9,-33.88547,150.869769,24,0,2,1,3,0,0,0,2,2,7,70,2,14295,14295,3,5,5,3,0,0,1,0
1322681,1,2023,2023,6,4,7,334,31,370,256,0,1,10,-34.070775,150.811886,13,0,2,1,3,0,0,0,2,2,7,60,2,14295,14295,3,5,5,2,0,0,0,1
1322682,2,2023,2023,6,4,9,3371,17,57,3342,0,1,9,-32.988636,151.691224,37,0,2,1,3,0,0,0,0,2,7,60,2,5929,5929,1,0,0,2,0,0,1,0
1322683,2,2023,2023,6,6,3,109,27,95,382,0,1,2,-33.733166,150.848511,7,0,2,0,3,0,0,0,2,0,7,60,2,14295,14295,3,8,13,3,0,0,1,0
1322685,1,2023,2023,6,3,6,1,7,52,34609,0,1,1,-33.95645,150.947868,41,0,2,1,3,0,0,0,2,0,7,40,0,9859,9859,8,5,40,1,0,0,0,1
1322686,2,2023,2023,8,6,5,9,31,67,34609,0,1,7,-33.89145,151.014773,15,0,2,1,3,0,0,0,2,0,0,50,0,4552,985,8,5,40,1,0,0,1,0
1322688,1,2023,2023,6,5,8,4,2,70,17,0,1,2,-34.026925,151.085192,68,0,2,1,3,0,0,0,2,0,7,60,1,14295,14295,3,0,0,2,0,0,0,1
1322700,4,2023,2023,6,6,3,283,27,129,702,0,1,9,-33.93516,151.073712,15,0,2,1,3,0,0,0,1,2,7,60,2,14295,14295,3,0,5,3,0,1,0,0
1322703,2,2023,2023,6,5,3,2,18,4,5,0,1,9,-32.76072,151.400633,17,2,1,0,0,0,0,0,2,0,0,80,1,1109,787,1,5,0,2,0,0,1,0
1322704,1,2023,2023,6,3,6,387,27,290,331,0,1,9,-33.959883,151.117136,4,0,2,0,3,0,0,0,2,2,7,60,2,5929,5929,1,0,5,2,0,0,0,1
1322707,2,2023,2023,6,3,6,1,6,63,34609,0,1,9,-33.243468,151.501079,16,2,2,1,3,0,0,0,2,0,7,50,0,14295,14295,3,10,13,2,0,0,2,0
1322708,4,2023,2023,6,3,4,387,27,290,331,1,0,9,-33.946136,151.127989,4,0,2,1,3,0,0,0,2,0,7,60,2,5929,5929,1,5,19,2,0,1,0,0
1322710,2,2023,2023,6,5,7,475,31,532,75,0,1,10,-33.873291,151.209898,69,0,2,1,3,0,0,0,2,2,7,40,1,14295,14295,3,5,13,2,0,0,1,0
1322715,1,2023,2023,0,4,8,68,31,128,7,0,1,9,-33.622509,150.815595,29,2,2,1,3,0,0,0,2,0,7,60,1,1957,777,8,29,40,2,0,0,0,1
1322720,2,2023,2023,6,2,8,1,27,6,2,0,1,1,-31.209338,144.673505,51,1,0,1,3,2,0,0,2,0,7,100,1,1945,1945,5,16,40,1,0,0,1,0
1322721,1,2023,2023,6,1,3,234,27,323,217,0,1,1,-33.754806,150.993603,71,0,2,1,3,2,0,0,1,0,7,60,2,3775,3775,0,5,25,2,0,0,0,2
1322722,1,2023,2023,6,6,4,76,27,85,148,0,1,10,-32.9339,151.723547,48,0,2,1,3,0,0,0,2,0,7,60,1,14295,14295,3,5,5,2,0,0,0,1
1322727,2,2023,2023,6,0,7,143,31,89,181,0,1,2,-33.890143,151.240209,59,0,2,1,3,0,0,0,2,0,7,60,2,14295,14295,3,5,12,2,0,0,1,0
1322728,1,2023,2023,6,5,4,104,27,387,140,0,1,9,-33.921056,151.193476,69,0,2,1,3,0,0,0,2,0,0,60,2,5929,5929,1,5,0,2,0,0,0,1
1322729,2,2023,2023,6,0,10,255,31,609,220,0,1,2,-33.773313,150.914186,7,0,2,1,3,0,0,0,0,0,7,60,2,1282,1282,1,5,40,3,0,0,1,0
1322730,2,2023,2023,6,4,9,23,31,106,34609,1,0,2,-33.677259,151.302389,50,0,2,1,3,0,0,0,0,0,7,40,0,941,941,1,0,0,2,0,0,1,0
1322733,2,2023,2023,6,6,4,308,14,88,311,0,1,3,-33.736967,150.848174,7,0,2,1,3,0,0,0,2,0,7,100,2,14295,14295,3,9,12,4,0,0,1,0
1322736,1,2023,2023,8,2,7,21,31,157,34609,0,1,7,-33.807579,151.012332,54,0,2,1,3,0,0,0,2,0,0,50,0,6545,6545,4,5,5,2,0,0,0,1
1322738,2,2023,2023,6,0,5,39,27,293,91,1,0,1,-33.944414,151.251655,59,0,2,1,3,0,0,0,2,0,7,50,1,941,941,1,21,5,2,0,0,1,0
1322746,2,2023,2023,6,0,6,26,27,232,34609,1,0,10,-33.683646,150.932056,71,0,2,1,3,0,0,0,2,2,7,60,0,5929,5929,1,0,36,2,0,0,1,0
1322748,1,2023,2023,6,6,7,475,10,78,268,0,1,7,-33.880472,150.807916,55,0,2,1,3,0,0,0,2,0,0,80,2,14295,14295,3,0,5,3,0,0,0,1
1322749,2,2023,2023,6,2,7,43,27,10,118,0,1,1,-30.915008,150.837156,70,1,0,1,3,0,0,0,2,0,7,100,2,945,945,5,10,40,1,0,0,1,0
1322752,1,2023,2023,6,4,3,344,27,363,369,0,1,9,-33.73507,150.717441,55,0,2,1,3,0,0,0,2,3,7,70,2,14295,14295,3,21,5,2,0,0,0,1
1322767,1,2023,2023,6,0,9,26,10,370,68,0,1,2,-34.074197,150.800348,13,0,2,1,3,0,0,6,0,0,7,60,1,14295,14295,3,5,5,2,0,0,0,1
1322769,1,2023,2023,6,3,4,829,27,165,770,0,1,9,-33.847322,151.151901,14,0,2,1,3,0,0,0,2,2,7,60,2,14295,14295,3,5,5,2,0,0,0,1
1322776,1,2023,2023,8,5,7,195,27,46,186,0,1,2,-33.924938,150.848348,41,0,2,1,3,0,0,0,2,0,7,70,2,14295,14295,3,0,36,2,0,0,0,1
1322783,1,2023,2023,6,4,7,2,27,74,34609,0,1,9,-34.024845,150.767839,12,0,2,1,3,0,0,0,2,0,0,50,0,5929,5929,1,0,5,2,0,0,0,1
1322785,1,2023,2023,6,3,8,48,31,121,102,0,1,9,-33.799224,151.284376,50,0,2,1,3,0,3,0,0,2,7,40,2,1669,1669,3,5,0,2,0,0,0,1
1322788,2,2023,2023,6,2,8,6,31,532,34609,0,1,9,-33.867735,151.205155,69,0,2,1,3,0,0,0,0,2,7,40,0,926,926,4,5,22,2,0,0,1,0
1322793,2,2023,2023,3,5,3,14,27,14,34609,0,1,1,-34.371401,148.391568,30,1,0,0,3,0,0,0,0,0,7,100,0,2585,4009,8,0,40,1,0,0,1,0
1322798,1,2023,2023,8,2,4,512,27,87,34609,0,1,9,-34.041662,151.161373,68,0,2,0,3,0,0,0,2,0,7,50,0,5929,5929,1,0,0,2,0,0,0,1
1322802,2,2023,2023,8,6,10,6,10,33,34609,0,1,1,-34.025259,150.820165,13,0,2,1,3,0,0,0,0,0,7,50,0,9859,9859,1,5,13,2,0,0,1,0
1322806,1,2023,2023,6,1,11,1,18,253,34609,0,1,0,-33.964644,151.098951,25,0,2,1,3,0,0,0,0,0,7,50,0,238,238,9,5,28,2,0,0,0,1
1322809,2,2023,2023,6,4,8,5,10,55,34609,0,1,2,-35.380154,149.193193,58,2,1,1,3,0,0,0,3,0,7,80,0,14295,14295,3,0,5,3,0,0,1,0
1322811,1,2023,2023,6,0,8,2209,17,157,2205,0,1,10,-34.019888,151.090391,68,0,2,1,3,0,0,0,3,2,7,70,2,5929,5929,1,5,13,3,0,0,0,1
1322814,2,2023,2023,6,3,11,220,14,9,220,0,1,3,-34.239765,150.945074,80,0,2,1,3,0,0,0,0,0,7,110,2,1089,1089,7,0,40,1,0,0,1,0
1322817,1,2023,2023,6,5,5,205,27,147,415,0,1,2,-33.749106,151.148329,36,0,2,0,3,0,0,0,2,0,7,70,2,14295,14295,3,30,5,2,0,0,0,1
1322818,4,2023,2023,6,3,6,27,27,49,28,0,1,2,-33.961148,151.209237,4,0,2,1,3,0,0,0,2,0,7,80,2,4026,4026,8,0,40,1,0,1,0,0
1322819,1,2023,2023,6,3,4,193,27,64,94,0,1,1,-33.877169,151.025002,21,0,2,1,3,0,0,0,2,0,7,60,1,9859,9859,1,5,5,2,0,0,0,1
1322820,2,2023,2023,6,0,9,1,1,18,34609,0,1,10,-32.949057,151.663832,37,0,2,1,3,0,0,0,0,0,0,50,0,6545,6545,4,5,5,2,0,0,1,0
1322823,2,2023,2023,6,0,5,61,31,32,45,0,1,1,-33.868972,150.974019,24,0,2,1,3,0,0,0,2,0,7,60,1,14295,14295,3,0,5,3,0,0,1,0
1322830,2,2023,2023,6,4,8,39,31,131,34609,0,1,9,-36.071296,146.922243,0,2,1,1,3,0,3,3,3,0,7,60,0,1669,1669,3,5,5,2,0,0,1,0
1322832,1,2023,2023,7,6,11,72,31,204,331,0,1,9,-33.939555,151.151385,4,0,2,1,3,0,0,0,0,2,7,60,2,5929,5929,1,5,5,2,0,0,0,1
1322836,2,2023,2023,6,0,7,165,31,132,34609,0,1,10,-29.765814,151.114755,33,2,1,1,3,0,0,0,2,0,0,50,0,6545,6545,4,16,0,2,0,0,1,0
1322842,4,2023,2023,6,6,8,24,1,31,34609,0,1,10,-33.877131,151.03453,21,0,2,1,3,0,0,0,2,0,0,50,0,1391,1391,1,0,5,3,0,1,1,0
1322847,2,2023,2023,8,6,5,11,27,87,34609,1,0,1,-33.691415,150.955247,71,0,2,1,3,0,0,0,2,0,7,60,0,9859,9859,8,0,40,1,0,0,1,0
1322851,1,2023,2023,6,3,8,83,31,523,34609,0,1,10,-33.922224,150.921322,41,0,2,1,3,0,0,0,3,2,7,50,0,14295,14295,3,5,5,2,0,0,0,1
1322856,1,2023,2023,6,5,2,125,27,155,75,0,1,10,-33.492792,151.315093,16,2,2,1,3,0,0,0,1,0,15,60,1,6545,6545,4,10,13,2,0,0,0,1
1322867,1,2023,2023,8,3,8,104,27,137,140,0,1,9,-33.922199,151.201691,4,0,2,1,3,0,0,0,2,0,6,60,2,83,83,1,16,0,2,0,0,0,1
1322869,1,2023,2023,6,6,3,829,31,162,240,0,1,2,-33.845951,150.903106,24,0,2,1,3,0,0,0,1,0,7,60,2,14295,14295,3,5,13,4,0,0,0,1
1322874,1,2023,2023,6,4,9,7,31,85,34609,0,1,10,-32.935115,151.724512,48,0,2,1,3,0,3,4,3,0,15,50,0,14295,14295,3,5,5,2,0,0,0,1
1322885,2,2023,2023,8,1,5,11,7,304,52,0,1,7,-33.921983,151.156494,32,0,2,0,3,0,0,0,2,0,0,50,1,14295,14295,3,5,27,2,0,0,1,0
1322888,2,2023,2023,6,6,6,169,31,108,34609,0,1,1,-28.868399,153.555265,2,2,1,1,3,0,0,0,2,0,7,50,0,941,941,1,0,5,2,0,0,1,0
1322891,2,2023,2023,8,6,5,21,1,70,34609,0,1,9,-33.906783,150.990933,15,0,2,1,3,0,0,0,2,0,7,50,0,1282,1282,1,5,5,2,0,0,1,1
1322892,2,2023,2023,6,5,6,126,1,226,144,0,1,7,-33.756539,150.818484,7,0,2,0,3,0,0,0,2,0,0,60,2,14295,14295,3,10,5,2,0,0,1,0
1322894,4,2023,2023,6,1,8,225,27,304,140,0,1,10,-33.9159,151.150223,32,0,2,1,0,0,0,0,4,2,7,50,1,2040,2040,9,0,28,2,0,1,0,0
1322895,1,2023,2023,6,0,3,294,17,2,288,0,1,1,-35.019777,146.929033,75,1,0,1,3,0,0,0,2,0,7,100,2,4026,4026,8,8,40,1,0,0,0,1
1322896,2,2023,2023,3,6,0,13,27,36,34609,0,1,1,-35.462965,149.788472,58,2,1,1,3,0,3,0,0,0,7,80,0,9859,9859,8,29,40,1,0,0,1,0
1322897,2,2023,2023,0,3,5,127,31,27,15,0,1,9,-32.657197,151.361354,17,2,1,1,3,0,0,0,2,2,7,60,1,9859,9859,8,0,40,1,0,0,1,0
1322901,2,2023,2023,6,0,5,40,27,59,39,0,1,1,-33.155202,151.478969,37,0,2,1,3,0,0,0,2,0,7,80,1,14295,14295,3,5,0,2,0,0,1,0
1322902,2,2023,2023,8,5,7,56,27,173,34609,0,1,2,-33.779157,151.120518,61,0,2,1,3,0,0,0,2,0,0,50,0,1282,1282,1,30,40,1,0,0,1,0
1322904,1,2023,2023,8,4,1,1,27,4,56,0,1,1,-33.706516,147.074875,51,1,0,1,3,0,0,0,0,0,7,100,1,9859,9859,8,34,40,1,0,0,0,1
1322908,1,2023,2023,8,5,7,168,10,102,260,0,1,9,-33.944569,151.188136,4,0,2,0,3,0,0,0,2,2,7,70,2,1391,1391,1,33,0,2,0,0,0,1
1322912,2,2023,2023,8,2,1,361,32,62,96,0,1,9,-33.89408,151.149844,32,0,2,1,3,0,0,0,0,2,7,60,2,5929,5929,1,10,5,2,0,0,1,0
1322913,2,2023,2023,6,2,7,1,34,3,34609,0,1,1,-35.868075,149.829683,23,1,0,0,3,2,0,0,2,0,7,100,0,1850,1463,5,16,40,1,0,0,1,0
1322915,1,2023,2023,6,4,8,205,27,161,415,1,0,10,-33.721878,151.171613,36,0,2,1,3,0,3,4,2,2,7,60,2,14295,14295,3,5,5,2,0,0,0,1
1322918,1,2023,2023,6,0,11,51,1,149,34609,0,1,2,-33.992804,151.132334,4,0,2,1,3,0,0,0,0,0,7,50,0,1981,1981,4,5,5,2,0,0,0,6
1322919,2,2023,2023,6,4,10,5,23,370,34609,0,1,1,-34.073788,150.806483,13,0,2,1,3,0,0,0,0,0,7,50,0,9859,9859,8,0,40,1,0,0,2,0
1322920,1,2023,2023,6,3,6,485,27,232,769,0,1,9,-33.687643,150.919937,71,0,2,1,3,0,0,0,2,2,7,80,2,14295,14295,3,5,5,2,0,0,0,1
1322923,1,2023,2023,6,5,8,13,27,193,34609,1,0,1,-33.792321,151.09553,61,0,2,1,3,0,0,0,3,0,7,50,0,238,238,9,0,28,2,0,0,0,1
1322924,1,2023,2023,8,0,8,56,27,323,38,1,0,9,-33.762667,150.981514,71,0,2,1,3,0,0,0,3,2,7,60,1,14295,14295,3,10,5,2,0,0,0,1
1322926,2,2023,2023,6,0,8,193,27,438,34609,0,1,1,-33.862648,151.027765,21,0,2,1,3,0,0,0,2,0,7,60,0,5929,5929,1,0,5,2,0,0,1,0
1322931,1,2023,2023,8,5,8,25,31,445,103,0,1,10,-33.864209,151.036077,21,0,2,1,3,0,0,0,3,2,7,50,1,6545,6545,4,5,0,2,0,0,0,1
1322932,2,2023,2023,6,5,7,36,27,8,36,0,1,9,-34.019406,150.809682,13,0,2,1,3,0,0,0,2,0,15,70,1,2852,2852,4,5,5,2,0,0,1,0
1322945,2,2023,2023,6,6,7,916,17,10,917,0,1,10,-32.700725,151.463969,42,2,1,1,3,0,0,0,2,2,7,80,2,5929,5929,1,10,10,3,0,0,1,0
1322946,1,2023,2023,6,4,7,25,27,147,94,0,1,7,-33.881523,150.993687,15,0,2,1,3,0,0,0,2,0,0,60,1,1192,1192,1,5,0,2,0,0,0,1
1322947,1,2023,2023,8,6,3,224,27,102,321,0,1,1,-33.952829,151.201052,4,0,2,1,3,0,0,0,4,0,7,50,2,1669,1669,3,9,25,2,0,0,0,1
1322952,1,2023,2023,6,2,9,24,27,14,36,0,1,9,-33.582234,150.928605,71,0,2,0,3,0,0,0,0,0,0,80,1,1259,5151,8,10,40,1,0,0,0,2
1322955,2,2023,2023,6,0,3,478,17,45,480,0,1,1,-33.338975,151.49855,16,2,2,1,3,0,0,0,2,0,7,50,2,312,312,2,30,40,1,0,0,1,0
1322959,1,2023,2023,7,1,5,30,27,41,24,0,1,9,-32.813055,151.773512,57,2,1,1,3,0,0,0,2,0,0,80,2,14295,14295,3,0,0,2,0,0,0,1
1322960,1,2023,2023,6,2,8,18,27,111,16,0,1,7,-33.920146,151.252119,59,0,2,1,3,0,0,0,2,0,0,50,1,14295,14295,3,5,5,2,0,0,0,1
1322961,1,2023,2023,6,6,7,2261,17,31,2252,0,1,9,-33.885995,151.095503,9,0,2,1,3,0,0,0,2,2,7,60,2,14295,14295,3,10,5,2,0,0,0,1
1322963,1,2023,2023,8,4,6,118,27,646,118,0,1,10,-33.914483,151.034342,15,0,2,1,3,0,0,0,2,2,7,60,1,14295,14295,3,5,13,3,0,0,0,2
1322964,1,2023,2023,6,4,7,224,27,387,321,0,1,2,-33.937226,151.194601,4,0,2,1,3,0,0,3,2,0,7,60,2,14295,14295,3,5,5,4,0,0,0,1
1322967,1,2023,2023,6,0,7,3371,17,19,3342,0,1,9,-33.388149,151.354968,16,2,2,0,3,0,0,0,2,0,7,60,2,14295,14295,3,0,0,2,0,0,0,1
1322969,1,2023,2023,6,2,7,57,27,9,143,0,1,1,-34.518903,149.555068,74,1,0,1,3,0,0,0,2,0,7,100,2,14295,14295,3,16,13,2,0,0,0,1
1322972,1,2023,2023,6,3,6,31,27,17,69,0,1,10,-33.792837,151.156393,61,0,2,0,3,0,0,0,2,0,0,60,2,14295,14295,3,5,0,2,0,0,0,1
1322974,1,2023,2023,6,0,5,330,27,49,605,0,1,10,-33.724786,151.298832,50,0,2,1,3,0,0,0,2,0,0,60,2,5929,5929,1,0,5,3,0,0,0,2
1322975,2,2023,2023,7,4,7,55,1,167,34609,0,1,10,-33.839969,151.068532,54,0,2,1,0,0,0,0,2,0,15,60,0,14295,14295,3,5,18,2,0,0,1,0
1322976,4,2023,2023,0,0,4,54,27,38,563,0,1,9,-34.046271,150.987797,68,0,2,1,1,0,0,0,2,0,15,80,2,5929,5929,1,0,5,2,0,1,0,0
1322977,4,2023,2023,8,0,9,92,31,83,34609,0,1,1,-30.110322,153.201799,19,2,1,1,2,0,0,0,0,0,7,40,0,1220,1220,9,5,28,2,0,1,1,0
1322979,2,2023,2023,0,4,8,2261,17,204,2252,0,1,2,-33.893749,150.959437,24,0,2,1,0,0,0,0,2,0,7,70,2,1383,1383,1,0,5,2,0,0,1,0
1322980,1,2023,2023,3,1,7,22,27,54,59,0,1,6,-33.886375,151.218122,69,0,2,0,1,0,0,0,2,2,9,50,1,2040,2040,9,10,28,2,0,0,0,1
1322981,2,2023,2023,0,0,7,76,27,69,148,0,1,1,-32.93765,151.74755,48,0,2,1,0,0,0,0,2,0,7,60,1,9859,9859,8,0,40,1,0,0,1,0
1322984,4,2023,2023,8,6,11,481,17,562,483,0,1,1,-32.253249,148.589359,22,2,1,1,2,0,0,0,0,0,7,60,2,9859,9859,1,21,35,2,0,1,1,0
1322985,4,2023,2023,7,0,8,91,27,119,187,0,1,2,-33.874161,151.165738,32,0,2,1,0,0,0,0,2,0,7,70,2,1282,1282,1,5,10,2,0,1,0,0
1322986,2,2023,2023,8,0,7,10,31,90,34609,0,1,10,-32.92646,151.741637,48,0,2,1,1,0,0,0,2,0,15,50,0,6545,6545,4,5,5,2,0,0,1,0
1322987,4,2023,2023,0,3,9,109,27,74,382,0,1,1,-33.757148,150.840012,7,0,2,1,2,0,0,0,0,0,7,60,2,14295,14295,3,16,5,2,0,1,0,0
1322991,4,2023,2023,8,1,4,95,31,16,118,0,1,10,-30.376348,150.610958,70,2,1,1,0,0,0,0,2,0,7,50,2,14295,14295,3,16,5,2,0,1,0,0
1322992,1,2023,2023,8,5,6,293,31,523,34609,0,1,10,-33.924896,150.923209,41,0,2,1,1,0,0,0,2,2,9,50,0,2040,2040,9,5,28,2,0,0,0,1
1322993,2,2023,2023,8,4,8,2,10,44,34609,0,1,7,-33.207977,151.503341,16,2,2,1,1,0,0,0,2,0,0,50,0,1945,1945,5,16,40,1,0,0,1,0
1322994,2,2023,2023,0,6,10,866,17,187,793,0,1,2,-33.796068,150.988269,54,0,2,1,2,0,0,0,0,0,7,70,2,9859,9859,8,33,40,1,0,0,1,0
1322997,2,2023,2023,7,4,4,40,10,6,174,0,1,1,-32.699893,151.339686,17,1,0,1,0,0,0,0,2,0,7,90,2,14295,14295,3,0,25,2,0,0,2,0
1322999,4,2023,2023,8,6,9,6,27,438,563,0,1,9,-33.849222,151.038702,21,0,2,1,2,0,0,0,0,2,9,70,2,2040,2040,9,5,28,2,0,1,0,0
1323000,4,2023,2023,8,2,8,178,27,189,518,0,1,9,-33.943115,151.053799,15,0,2,1,2,0,0,0,0,2,7,50,2,5929,5929,1,5,5,2,0,2,0,1
1323001,2,2023,2023,6,0,4,2209,17,35,2205,0,1,1,-35.445892,150.386718,63,1,0,0,0,0,0,0,2,0,7,100,2,3775,3775,0,8,0,2,0,0,1,0
1323002,2,2023,2023,8,1,6,72,27,228,39,0,1,2,-34.74717,149.747294,26,2,1,1,0,0,0,0,2,0,7,80,2,9859,9859,8,5,40,1,0,0,1,0
1323003,2,2023,2023,0,3,6,30,27,46,34609,0,1,9,-33.274383,151.397644,16,2,2,0,0,0,0,0,2,0,0,60,0,775,775,4,5,5,2,0,0,1,0
1323004,4,2023,2023,0,0,3,1,27,24,34609,0,1,1,-33.978589,150.672858,12,0,2,1,0,0,3,3,1,0,7,80,0,5929,5929,1,10,12,2,0,1,0,1
1323005,4,2023,2023,0,2,5,485,27,50,769,1,0,2,-33.646981,150.859275,7,0,2,1,1,0,0,0,2,0,7,80,2,1981,1981,4,10,27,2,0,1,0,0
1323006,2,2023,2023,8,1,8,512,17,4,441,0,1,1,-33.411011,149.525149,3,1,0,0,0,0,0,0,2,0,7,100,2,14295,14295,3,10,5,2,0,0,1,0