Crash ID,Degree of crash - detailed,Reporting year,Year of crash,Month of crash,Day of week of crash,Two-hour intervals,Street of crash,Street type,Town,Route no.,School zone location,School zone active,Type of location,Latitude,Longitude,LGA,Urbanisation,Conurbation 1,Alignment,Street lighting,Road surface,Surface condition,Weather,Natural lighting,Signals operation,Other traffic control,Speed limit,Road classification,RUM - code,DCA - code,First impact type,Key TU type,Other TU type,No. of traffic units involved,No. killed,No. seriously injured,No. moderately injured,No. minor-other injured
1323008,2,2023,2023,6,1,8,308,14,86,311,0,1,3,-33.740454,150.924801,7,0,2,1,1,0,0,0,2,0,7,100,2,14295,14295,3,34,13,2,0,0,1,0
1323010,1,2023,2023,0,6,7,101,10,11,34609,0,1,9,-33.728036,150.796079,7,0,2,1,0,0,0,0,2,0,7,50,0,63,63,4,5,5,2,0,0,0,1
1323011,4,2023,2023,8,6,3,57,36,17,769,0,1,1,-33.608212,150.789554,29,2,2,1,1,0,0,0,2,0,7,70,2,1981,1981,4,10,13,3,0,1,2,0
1323012,2,2023,2023,6,6,5,28,27,104,34609,0,1,9,-33.795858,150.790254,55,0,2,0,1,0,0,0,2,0,7,50,0,2585,4009,1,5,5,2,0,0,2,0
1323015,1,2023,2023,6,6,2,23,27,8,34609,0,1,1,-28.757388,153.389963,39,2,1,0,0,0,3,3,1,0,7,80,0,1259,5151,8,5,40,1,0,0,0,1
1323017,1,2023,2023,7,2,7,1,1,228,34609,0,1,1,-34.730401,149.725189,26,2,1,1,1,0,0,0,2,0,7,50,0,9859,9859,8,16,40,1,0,0,0,1
1323018,4,2023,2023,0,4,7,175,27,609,220,0,1,2,-33.770833,150.9118,7,0,2,1,0,0,0,0,2,0,7,60,2,238,238,9,10,28,2,0,1,0,0
1323020,4,2023,2023,7,4,1,165,31,80,16,0,1,10,-33.877797,151.205717,69,0,2,1,2,0,0,0,0,2,7,40,1,1220,1220,9,9,28,2,0,1,0,0
1323022,2,2023,2023,0,1,7,1,23,30,34609,0,1,1,-35.36247,149.212207,58,2,1,1,0,0,0,0,2,0,7,50,0,1669,1669,3,16,5,2,0,0,1,0
1323024,4,2023,2023,7,5,7,2,27,17,34609,0,1,1,-28.923947,153.477097,2,1,0,0,0,0,0,0,2,0,7,100,0,1850,1463,5,16,40,1,0,1,1,0
1323025,4,2023,2023,7,1,8,3,4,188,34609,0,1,9,-33.935758,151.092435,15,0,2,1,1,0,0,0,2,0,7,50,0,256,256,4,22,5,2,0,1,0,0
1323029,4,2023,2023,8,5,8,2,18,2,34609,0,1,1,-34.074157,148.791437,30,1,0,0,0,2,3,3,3,0,7,100,0,3775,3775,0,10,13,2,0,1,0,0
1323030,4,2023,2023,0,2,1,3,27,3,34609,0,1,1,-36.035056,149.097749,65,1,0,0,0,2,3,0,0,0,7,100,0,2585,4009,8,10,40,1,0,1,0,0
1323032,2,2023,2023,0,2,10,51,27,17,45,1,0,9,-33.743244,150.815211,7,0,2,1,2,0,3,4,0,0,7,60,1,1220,1220,9,30,28,2,0,0,1,0
1323033,4,2023,2023,0,6,7,3371,17,57,3342,0,1,2,-28.6232,153.547974,10,1,0,1,0,0,0,0,2,0,7,110,2,3775,3775,0,5,5,3,0,2,0,1
1323034,2,2023,2023,0,6,4,104,27,387,140,0,1,10,-33.920322,151.187922,4,0,2,1,1,0,0,0,2,2,7,60,2,1669,1669,3,5,0,2,0,0,1,0
1323035,2,2023,2023,0,2,9,2,27,3,34609,0,1,1,-29.042681,152.578406,18,1,0,0,0,0,0,0,0,0,7,100,0,2585,4009,8,5,40,1,0,0,1,0
1323036,1,2023,2023,7,1,2,23,27,1,34609,0,1,1,-31.663018,152.408224,56,1,0,0,0,2,3,4,0,0,7,90,0,404,404,8,10,40,1,0,0,0,2
1323049,2,2023,2023,8,5,3,220,27,86,222,0,1,1,-33.757594,150.954736,7,0,2,1,1,0,0,0,2,0,7,80,2,14295,14295,3,10,5,3,0,0,1,0
1323055,2,2023,2023,8,6,9,283,27,129,702,0,1,9,-33.93431,151.073585,15,0,2,1,2,0,0,0,0,2,7,60,2,14295,14295,3,0,0,3,0,0,1,0
1323058,1,2023,2023,8,0,9,5,10,67,34609,0,1,1,-33.705306,150.910593,7,0,2,1,2,0,0,0,0,0,7,50,0,1981,1981,4,0,5,4,0,0,0,1
1323062,4,2023,2023,7,2,10,105,27,67,109,0,1,9,-33.879818,150.891159,24,0,2,1,2,0,0,0,0,0,15,60,1,6545,6545,4,0,5,2,0,3,1,1
1323065,2,2023,2023,6,4,4,35,31,532,770,0,1,9,-33.873001,151.202429,69,0,2,1,1,0,0,3,2,2,7,50,2,1383,1383,1,15,5,2,0,0,1,0
1323068,2,2023,2023,8,5,2,829,27,165,770,0,1,10,-33.851035,151.154582,14,0,2,1,1,0,0,0,1,2,7,60,2,2040,2040,9,9,28,2,0,0,1,0
1323070,2,2023,2023,0,3,3,18,31,8,34609,0,1,10,-32.404834,151.749472,51,2,1,1,1,0,0,0,2,0,0,50,0,6545,6545,4,5,0,2,0,0,1,0
1323071,2,2023,2023,8,3,5,143,31,123,181,0,1,9,-33.884956,151.226272,81,0,2,1,1,0,0,0,2,2,7,50,2,14295,14295,3,5,5,2,0,0,1,1
1323077,4,2023,2023,6,1,3,15,27,14,34609,0,1,1,-30.134645,153.041325,19,2,1,0,0,0,3,2,2,0,7,80,0,2585,4009,8,21,40,2,0,1,0,0
1323079,4,2023,2023,7,5,8,19,27,26,34609,0,1,1,-33.111362,151.509091,37,0,2,1,1,0,3,4,2,0,7,70,0,9859,9859,8,5,40,1,0,1,0,0
1323080,4,2023,2023,8,3,6,103,36,13,157,0,1,1,-28.38714,152.668516,51,1,0,0,0,0,0,0,2,0,7,100,2,14295,14295,3,16,5,2,0,1,0,0
1323083,2,2023,2023,6,4,7,28,27,94,34609,0,1,1,-33.779421,150.792528,55,0,2,1,1,0,0,0,2,0,7,50,0,14295,14295,3,5,5,2,0,0,1,0
1323084,4,2023,2023,0,2,5,387,27,253,331,0,1,9,-33.965053,151.100099,25,0,2,1,1,0,0,0,2,1,7,60,2,14295,14295,3,5,19,2,0,1,0,0
1323087,1,2023,2023,8,5,6,205,27,161,415,1,0,2,-33.718055,151.172855,36,0,2,1,1,0,0,0,2,0,7,60,2,1391,1391,1,0,0,2,0,0,0,1
1323088,4,2023,2023,0,4,11,51,27,44,63,0,1,9,-34.560129,150.842792,62,0,2,1,2,0,0,0,0,2,7,70,2,5929,5929,1,5,5,2,0,1,0,0
1323089,2,2023,2023,8,1,7,26,27,69,34609,0,1,10,-33.354352,151.489865,16,2,2,1,2,0,0,0,2,0,0,50,0,6545,6545,4,5,25,2,0,0,1,0
1323090,4,2023,2023,8,4,5,171,1,80,104,0,1,10,-33.940678,151.215377,4,0,2,1,0,0,0,0,2,2,7,70,2,5929,5929,1,0,0,2,0,1,0,0
1323091,4,2023,2023,8,2,5,2,31,7,34609,0,1,9,-34.016658,150.839534,13,0,2,1,0,0,0,3,2,0,7,50,0,1109,787,1,34,19,2,0,1,0,0
1323094,2,2023,2023,8,0,2,3371,17,4,3342,0,1,2,-31.07162,152.88413,34,1,0,0,0,0,0,0,0,0,7,110,2,1957,4009,1,29,35,3,0,0,1,0
1323095,1,2023,2023,6,5,7,107,22,346,144,1,2,9,-33.876037,151.093546,9,0,2,1,0,0,0,0,2,0,7,40,2,238,238,9,33,28,2,0,0,0,1
1323099,2,2023,2023,3,5,9,78,17,22,75,0,1,8,-33.853832,151.209751,69,0,2,1,0,0,0,0,2,0,7,70,2,3775,3775,0,10,5,2,0,0,2,0
1323101,2,2023,2023,6,5,4,44,31,52,13,1,2,1,-33.901444,151.261745,76,0,2,1,1,0,3,4,2,0,7,40,1,340,340,9,5,28,2,0,0,1,0
1323104,1,2023,2023,8,2,7,1,31,42,34609,0,1,10,-35.991872,146.384381,51,2,1,1,1,0,0,0,2,0,0,60,0,5929,5929,1,34,18,2,0,0,0,1
1323105,2,2023,2023,8,2,5,17,27,164,65,0,1,9,-33.711299,150.881175,7,0,2,1,0,0,0,0,2,0,7,60,1,1850,777,5,22,40,1,0,0,1,0
1323110,2,2023,2023,8,3,8,3,31,49,34609,0,1,4,-34.446404,147.550542,51,2,1,0,1,0,0,0,2,0,7,50,0,2585,4009,8,0,40,1,0,0,1,0
1323111,4,2023,2023,6,2,3,4,31,18,34609,0,1,10,-32.743067,151.55998,42,2,1,1,0,0,0,1,2,0,15,50,0,121,121,9,10,28,3,0,2,0,0
1323114,1,2023,2023,0,2,4,36,1,126,34609,0,1,7,-33.918012,150.808669,41,0,2,1,0,0,0,0,2,0,0,60,0,6545,6545,4,10,5,2,0,0,0,2
1323115,4,2023,2023,8,1,7,293,31,128,369,0,1,10,-33.619207,150.807343,29,2,2,1,0,0,0,0,2,0,0,60,2,6545,6545,4,5,5,2,0,1,0,0
1323116,2,2023,2023,7,4,4,10,27,6,34609,0,1,1,-34.522541,150.485524,78,2,1,1,0,0,3,4,2,0,7,60,0,9859,9859,8,5,40,1,0,0,1,0
1323117,1,2023,2023,4,0,4,2261,17,187,2252,0,1,9,-33.888713,150.969588,24,0,2,1,0,0,3,4,2,2,7,70,2,14295,14295,3,0,13,2,0,0,0,1
1323119,2,2023,2023,6,0,7,193,27,201,34609,1,2,1,-34.895925,150.611585,63,2,1,1,1,0,0,0,2,0,7,40,0,9859,9859,1,0,5,3,0,0,2,0
1323120,2,2023,2023,8,1,3,40,27,609,24,0,1,10,-33.771977,150.891949,7,0,2,1,1,0,0,0,2,1,7,60,1,2040,2040,9,5,28,2,0,0,1,0
1323122,4,2023,2023,3,1,2,3371,17,107,3342,0,1,7,-33.271062,151.453429,16,2,2,0,2,0,0,0,1,0,0,60,2,926,926,4,0,19,2,0,1,0,0
1323127,2,2023,2022,2,2,1,27,36,83,34609,0,1,1,-30.129195,153.193245,19,2,1,1,0,0,0,0,0,0,7,60,0,9859,9859,1,30,13,2,0,0,1,0
1323128,4,2023,2023,6,3,5,234,27,24,228,1,0,9,-33.386356,150.985445,71,0,2,0,1,0,2,6,2,0,15,60,2,1850,1463,5,16,40,1,0,1,0,0
1323131,4,2023,2022,9,6,7,50,36,11,43,0,1,1,-36.242124,148.179163,66,1,0,0,0,0,1,6,2,0,7,100,2,4552,5151,8,16,40,1,0,1,0,0
1323132,1,2023,2023,8,6,8,9,27,38,34609,0,1,9,-33.950998,151.072548,25,0,2,1,1,0,0,0,2,0,7,50,0,323,323,1,5,0,2,0,0,0,1
1323133,1,2023,2023,6,1,7,19,27,8,605,0,1,2,-33.798722,151.251654,50,0,2,0,1,0,0,0,2,0,7,60,2,1192,1192,1,19,5,2,0,0,0,1
1323135,4,2023,2023,6,0,5,34,27,53,34609,0,1,10,-35.133,147.358407,75,2,1,1,1,0,0,0,2,0,0,50,0,6545,6545,4,5,5,2,0,2,0,1
1323137,4,2023,2023,8,6,11,500,27,646,799,0,1,9,-33.932884,151.040355,15,0,2,1,2,0,0,0,0,2,7,60,2,5929,5929,1,0,19,2,0,1,0,0
1323140,2,2023,2023,0,5,5,1104,14,136,962,0,1,6,-33.85674,151.072971,67,0,2,1,0,0,0,0,2,0,7,80,2,14295,14295,3,9,13,2,0,0,1,0
1323143,4,2023,2023,8,0,1,8,31,16,34609,0,1,9,-33.875841,151.226,69,0,2,1,2,0,0,0,0,0,7,40,0,404,404,8,22,40,1,0,1,0,0
1323144,4,2023,2023,6,2,7,5,27,84,34609,1,0,1,-33.779821,151.102805,61,0,2,1,0,0,0,0,2,0,7,50,0,591,591,1,22,13,2,0,1,1,0
1323145,2,2023,2023,6,2,4,2,27,234,34609,0,1,10,-34.301594,146.038548,28,2,1,1,1,0,0,0,2,0,15,60,0,6545,6545,4,5,0,2,0,0,1,0
1323146,2,2023,2023,3,1,8,2,31,290,34609,0,1,7,-33.850777,150.990082,21,0,2,1,0,0,0,0,2,0,0,50,0,1850,985,5,16,40,1,0,0,1,0
1323148,2,2023,2023,6,6,9,334,17,15,308,0,1,9,-30.954326,150.533283,70,1,0,1,1,0,0,0,0,0,7,100,2,2852,2852,4,5,0,2,0,0,1,0
1323154,2,2023,2023,8,1,3,18,1,42,26,0,1,7,-35.994603,146.390798,51,2,1,1,2,0,0,0,1,0,0,60,2,1259,985,8,16,40,1,0,0,1,0
1323156,4,2023,2023,7,6,7,2,31,44,34609,0,1,10,-33.763186,150.620057,8,2,2,1,0,0,0,0,2,0,0,50,0,1109,787,1,5,5,2,0,1,0,0
1323158,2,2023,2023,6,4,2,113,27,113,111,0,1,1,-33.821099,150.776103,55,0,2,1,2,0,0,0,0,0,7,80,2,945,945,5,34,40,1,0,0,1,0
1323162,2,2023,2023,8,4,7,26,31,363,34609,0,1,10,-33.75185,150.695457,55,0,2,1,0,0,0,0,2,2,9,40,0,591,591,1,17,5,2,0,0,1,0
1323164,4,2023,2023,6,1,7,31,27,79,33,1,2,9,-33.581627,150.717117,29,2,2,1,0,0,0,0,2,0,15,40,1,2040,2040,9,0,28,2,0,1,0,0
1323166,2,2023,2023,6,2,8,15,31,39,34609,1,0,2,-31.075608,152.83251,34,2,1,1,2,0,0,0,3,0,3,50,0,1109,787,1,0,18,2,0,0,1,0
1323168,2,2023,2023,6,6,7,866,31,172,126,1,2,1,-32.744374,151.590561,42,2,1,1,1,0,0,0,2,0,7,40,2,1220,1220,9,5,28,2,0,0,1,0
1323178,2,2023,2023,8,5,3,103,36,4,157,0,1,1,-28.432666,152.809997,51,1,0,0,0,0,3,4,1,0,7,100,2,404,404,8,5,40,1,0,0,1,0
1323181,2,2023,2023,7,1,3,8,27,17,34609,0,1,1,-28.499297,153.515078,10,2,1,0,0,0,0,0,1,0,7,80,0,4552,5151,8,10,40,1,0,0,1,0
1323183,4,2023,2023,7,2,1,44,1,15,18,0,1,1,-34.435914,150.885854,80,0,2,1,2,0,3,4,0,0,7,50,1,9859,9859,8,9,40,1,0,2,0,0
1323185,1,2023,2023,8,3,7,168,17,18,212,0,1,1,-35.655398,150.152764,23,1,0,0,0,0,0,0,2,0,7,100,2,1957,4009,8,5,40,2,0,0,0,1
1323186,1,2023,2023,3,5,6,3371,17,107,3342,0,1,9,-33.282476,151.425813,16,2,2,1,1,0,0,0,2,0,0,50,2,1669,1669,3,10,5,2,0,0,0,1
1323187,4,2023,2023,0,1,7,42,10,25,39,1,2,1,-34.489605,150.866606,80,0,2,1,0,0,0,0,2,0,7,40,1,2040,2040,9,5,28,2,0,1,0,0
1323190,4,2023,2023,6,0,3,1,31,84,34609,0,1,1,-33.804682,150.978565,54,0,2,1,1,0,0,0,2,0,7,50,0,144,144,1,5,0,3,0,1,0,0
1323193,2,2023,2023,8,0,8,866,31,204,34609,0,1,10,-33.900264,150.940877,24,0,2,1,1,0,0,0,2,2,15,50,0,6545,6545,4,15,5,2,0,0,1,0
1323197,1,2023,2023,6,6,5,1,18,89,34609,0,1,9,-33.89,151.228545,69,0,2,1,0,0,0,0,2,0,7,40,0,2852,2852,4,21,19,2,0,0,0,1
1323201,4,2023,2023,6,4,8,866,17,110,793,0,1,9,-33.748074,151.04983,71,0,2,0,0,0,0,0,3,2,7,70,2,1669,1669,3,0,0,2,0,1,0,0
1323208,2,2023,2023,7,6,10,6,27,14,34609,0,1,1,-33.14802,151.584107,16,2,2,0,2,0,0,0,0,0,7,50,0,1259,5151,1,5,13,2,0,0,1,0
1323209,4,2023,2023,6,6,6,107,22,346,144,1,0,9,-33.881376,151.09255,9,0,2,1,0,0,0,0,2,0,0,60,2,775,775,4,21,5,2,0,1,0,0
1323211,4,2023,2023,6,1,6,35,31,532,11,0,1,10,-33.877306,151.203264,69,0,2,1,0,0,0,0,2,2,7,50,1,5929,5929,1,5,18,2,0,1,0,0
1323214,2,2023,2023,6,5,8,515,14,166,518,0,1,3,-33.944631,150.982361,15,0,2,1,0,0,0,0,0,0,7,100,2,1282,1282,1,5,19,2,0,0,1,0
1323215,2,2023,2023,8,5,9,11,31,169,147,0,1,7,-28.650121,153.613135,10,2,1,0,2,0,0,0,0,0,0,50,1,5929,5929,1,22,13,2,0,0,1,0
1323216,1,2023,2023,6,1,6,191,27,175,208,0,1,9,-33.779141,151.084393,54,0,2,1,0,0,0,0,2,0,7,60,2,1669,1669,3,9,5,2,0,0,0,1
1323218,4,2023,2023,8,1,8,59,31,149,34609,0,1,10,-34.00058,151.125414,25,0,2,1,3,0,2,6,3,0,15,50,0,6545,6545,4,5,0,2,0,1,1,0
1323220,4,2023,2023,6,6,6,118,27,646,118,0,1,1,-33.912313,151.035009,15,0,2,1,0,0,0,0,2,0,7,60,1,1109,787,1,5,19,2,0,1,0,0
1323221,2,2023,2023,6,2,8,51,31,31,34609,0,1,9,-31.08472,150.87977,70,2,1,1,0,0,0,0,3,0,0,80,0,2852,2852,4,30,0,2,0,0,1,0
1323224,2,2023,2023,8,5,3,78,27,147,74,0,1,9,-33.861171,151.130724,14,0,2,1,1,0,0,0,2,0,9,50,1,2040,2040,9,34,28,2,0,0,1,0
1323226,2,2023,2023,6,2,10,19,27,143,34609,0,1,10,-33.875383,151.107464,9,0,2,1,2,0,0,0,0,2,9,50,0,2040,2040,9,5,28,2,0,0,1,0
1323227,4,2023,2023,7,2,5,35,10,11,148,0,1,1,-34.169816,151.017553,80,0,2,0,0,0,0,0,2,0,7,60,2,2585,4009,8,16,40,1,0,1,0,0
1323228,4,2023,2023,8,3,7,16,10,11,12,0,1,1,-30.649418,152.890094,47,1,0,0,0,0,0,0,2,0,7,90,1,782,957,5,16,40,1,0,1,0,0
1323229,4,2023,2023,8,3,9,23,27,104,144,0,1,9,-33.809974,150.787436,55,0,2,1,2,0,0,0,0,0,0,70,2,1282,1282,1,16,5,2,0,1,0,0
1323230,4,2023,2023,6,3,6,23,27,7,47,0,1,9,-34.635879,150.699503,35,2,1,1,1,0,0,0,2,0,0,80,1,1945,1945,5,16,40,1,0,1,0,1
1323231,2,2023,2023,8,6,3,85,27,72,145,0,1,9,-33.799075,151.053967,54,0,2,1,0,0,0,0,2,0,0,70,2,6545,6545,4,10,13,2,0,0,1,0
1323232,1,2023,2023,7,3,10,9,31,30,34609,0,1,9,-35.360848,149.205442,58,2,1,1,2,0,0,0,0,0,7,50,0,9859,9859,1,16,5,2,0,0,0,1
1323234,4,2023,2023,8,1,2,157,17,123,158,0,1,1,-33.792784,148.765324,51,1,0,1,0,0,0,6,0,0,7,100,2,9859,9859,8,10,40,1,0,1,0,0
1323238,2,2023,2023,8,5,4,3371,17,57,3342,0,1,1,-33.675379,151.112124,31,0,2,1,1,0,0,0,2,0,7,60,2,515,515,1,5,27,2,0,0,1,0
1323239,4,2023,2023,6,3,6,79,27,290,159,0,1,9,-33.945394,151.12231,4,0,2,0,1,0,0,0,2,0,15,60,2,4552,5151,8,5,40,1,0,1,0,0
1323250,2,2023,2023,8,3,5,15,1,134,36,0,1,4,-33.523498,151.310985,16,2,2,0,1,0,0,0,2,0,0,60,1,78,78,8,5,40,1,0,0,1,0
1323251,2,2023,2023,8,5,10,196,10,32,168,0,1,9,-33.927036,150.979504,15,0,2,1,2,0,0,0,0,2,7,60,2,5929,5929,1,5,0,2,0,0,1,1
1323252,4,2023,2023,8,0,3,45,27,134,40,0,1,9,-33.680569,150.859395,7,0,2,1,1,0,0,1,1,0,7,60,2,395,395,1,22,22,2,0,1,0,0
1323254,2,2023,2023,6,3,10,2261,17,187,2252,0,1,2,-33.891299,150.976762,15,0,2,0,2,0,0,0,0,0,7,70,2,1282,1282,1,33,5,2,0,0,2,0
1323255,1,2023,2023,8,0,3,18,10,73,18,0,1,1,-33.779728,151.151869,36,0,2,1,0,0,0,0,1,0,7,60,1,368,368,9,9,28,2,0,0,0,1
1323257,4,2023,2023,7,4,11,33,27,16,19,0,1,1,-33.749772,150.756181,55,0,2,0,2,0,0,0,0,0,7,70,1,3775,3775,0,5,0,2,0,1,1,0
1323261,4,2023,2023,8,6,3,80,27,316,50,1,0,9,-33.912507,151.237624,59,0,2,1,0,0,0,0,2,2,7,60,2,5929,5929,1,5,19,2,0,1,0,0
1323262,2,2023,2023,6,3,6,178,27,189,101,0,1,9,-33.948298,151.052782,15,0,2,1,1,0,0,0,2,0,7,50,1,2852,2852,4,0,27,2,0,0,1,0
1323263,4,2023,2023,7,0,8,265,17,21,193,0,1,9,-35.084589,147.350212,75,2,1,1,0,0,0,0,2,0,0,80,2,2852,2852,4,10,5,2,0,1,1,0
1323264,2,2023,2023,7,6,4,5,1,34,45,0,1,7,-35.089926,150.635195,63,2,1,1,1,0,0,0,2,0,0,70,1,4026,4026,8,5,40,1,0,0,1,0
1323268,4,2023,2023,6,4,2,500,27,271,799,0,1,9,-33.937306,151.020794,15,0,2,1,2,0,0,0,0,0,7,70,2,2852,2852,4,0,5,2,0,1,0,0
1323269,2,2023,2023,6,4,7,866,17,110,793,0,1,2,-33.747799,151.050098,31,0,2,1,1,0,3,4,2,0,0,70,2,14295,14295,3,19,0,2,0,0,1,0
1323273,2,2023,2023,6,0,4,2,27,105,34609,0,1,9,-32.614768,149.587216,44,2,1,1,0,0,0,0,2,0,7,50,0,775,775,4,5,5,2,0,0,1,0
1323274,1,2023,2023,8,4,9,3,27,13,34609,0,1,1,-32.725428,151.569679,42,2,1,1,0,0,3,4,0,0,7,60,0,1981,1981,4,0,5,2,0,0,0,2
1323276,4,2023,2023,6,5,9,2126,17,363,2149,0,1,10,-33.820265,151.003978,54,0,2,1,2,0,0,0,0,2,7,60,2,2040,2040,9,0,28,2,0,1,1,0
1323279,4,2023,2023,7,4,8,115,27,55,114,0,1,1,-33.860414,151.278962,76,0,2,1,1,0,0,0,2,0,7,50,2,1282,1282,1,0,27,2,0,1,0,0
1323281,1,2023,2023,6,1,4,74,27,609,163,0,1,10,-33.776722,150.901586,7,0,2,1,1,0,0,0,2,2,7,60,2,256,256,4,5,13,2,0,0,0,1
1323288,2,2023,2023,6,5,7,38,27,438,34609,1,2,7,-33.856912,151.03038,21,0,2,1,0,0,0,0,2,0,0,40,0,6545,6545,4,21,27,2,0,0,1,0
1323290,2,2023,2023,6,2,7,31,21,74,34609,0,1,9,-34.436524,150.861809,80,0,2,1,1,0,0,0,2,2,7,50,0,5929,5929,1,5,0,2,0,0,2,0
1323291,4,2023,2023,8,2,7,3,27,2,34609,0,1,1,-33.610079,150.198466,40,2,1,1,0,0,0,0,2,0,7,80,0,5929,5929,1,0,19,2,0,1,1,0
1323294,1,2023,2023,6,6,4,23,27,136,101,0,1,1,-32.92543,151.719003,48,0,2,0,0,0,0,0,2,0,7,60,2,14295,14295,3,5,0,2,0,0,0,1
1323298,4,2023,2023,8,6,4,40,27,94,40,0,1,9,-33.884499,150.930099,24,0,2,1,0,0,0,0,2,0,15,60,1,2852,2852,4,5,5,2,0,2,0,0
1323300,2,2023,2023,8,6,0,24,27,201,47,0,1,7,-33.989309,150.859538,13,0,2,0,2,0,0,0,0,0,0,60,1,1850,1463,5,5,40,1,0,0,1,0
1323301,2,2023,2023,8,5,8,478,17,26,480,0,1,9,-33.275334,151.558255,16,2,2,0,0,0,0,0,2,0,15,60,2,2852,2852,4,5,5,2,0,0,1,0
1323305,4,2023,2023,6,6,3,49,27,111,62,0,1,10,-33.698852,150.879481,7,0,2,1,1,0,0,0,2,2,7,70,2,2040,2040,9,0,28,2,0,1,1,0
1323308,2,2023,2023,6,4,4,8,27,3,34609,0,1,1,-33.121561,149.601394,3,1,0,0,0,0,3,4,2,0,7,100,0,4552,5151,8,5,40,1,0,0,1,0
1323310,1,2023,2023,0,0,8,89,17,137,34609,0,1,1,-34.030075,151.058878,68,0,2,1,1,0,0,0,2,0,7,50,0,14295,14295,3,5,5,2,0,0,0,2
1323311,4,2023,2023,8,6,7,26,27,103,34609,0,1,1,-32.942918,151.648988,37,0,2,1,1,0,0,0,2,0,7,60,0,1981,1981,4,10,5,2,0,1,0,0
1323315,2,2023,2023,6,4,6,95,31,16,118,0,1,1,-30.376082,150.611009,70,2,1,1,1,0,0,0,2,0,7,50,2,1109,787,1,30,13,3,0,0,2,0
1323320,1,2023,2023,8,0,5,3371,17,77,3342,0,1,1,-33.53077,151.201298,16,2,2,1,0,0,0,0,2,0,7,60,2,1945,1945,5,22,27,2,0,0,0,1
1323323,2,2023,2023,0,0,6,17,27,9,12,0,1,1,-35.644144,147.807209,27,1,0,0,0,0,3,4,2,0,7,100,2,380,714,5,10,40,1,0,0,1,0
1323324,1,2023,2023,8,1,9,7,31,226,34609,0,1,10,-33.771052,150.819267,7,0,2,1,2,0,0,0,0,0,7,50,0,2040,2040,9,33,28,2,0,0,0,1
1323326,2,2023,2023,6,4,7,21,10,89,34609,0,1,10,-28.211634,153.544876,72,2,1,1,1,0,0,0,2,2,7,60,0,2852,2852,4,0,5,2,0,0,1,0
1323327,4,2023,2023,7,1,4,24,31,91,160,0,1,7,-33.999868,150.881204,13,0,2,1,1,0,3,4,2,0,0,60,2,9859,9859,8,21,40,1,0,1,0,0
1323329,1,2023,2023,8,5,6,40,27,94,40,0,1,9,-33.882982,150.919071,24,0,2,1,0,0,0,0,2,0,7,50,1,2040,2040,9,10,28,2,0,0,0,1
1323334,4,2023,2023,6,5,4,78,27,284,61,0,1,7,-33.901142,151.021609,15,0,2,1,2,0,3,4,2,0,0,60,1,926,926,4,0,27,2,0,1,0,0
1323335,4,2023,2023,0,2,9,57,27,30,126,0,1,9,-32.765012,151.635935,42,2,1,1,2,0,0,0,3,2,7,80,2,5929,5929,1,0,5,2,0,2,0,1
1323336,4,2023,2023,8,6,9,3371,17,207,3342,0,1,1,-33.58291,151.18562,31,0,2,0,0,0,0,0,0,0,7,80,2,4552,5151,8,16,40,1,0,1,0,0
1323337,2,2023,2023,7,4,10,204,31,53,82,1,0,10,-35.132269,147.353116,75,2,1,1,2,0,0,0,3,2,7,60,1,926,926,4,30,5,2,0,0,1,0
1323339,1,2023,2023,7,1,0,10,25,96,212,0,1,2,-35.355759,149.229482,58,2,1,1,2,0,3,4,0,0,7,60,2,9859,9859,8,34,40,1,0,0,0,2
1323342,2,2023,2023,6,4,6,48,27,228,26,0,1,10,-34.763106,149.714357,26,2,1,1,1,0,0,0,2,0,15,60,2,6545,6545,4,21,5,2,0,0,1,0
1323345,4,2023,2023,6,2,6,225,17,70,180,0,1,1,-34.585795,150.283386,78,1,0,1,0,0,0,0,2,0,7,100,2,14295,14295,3,5,19,2,0,1,0,0
1323346,2,2023,2023,6,0,6,76,27,85,148,1,0,9,-32.934904,151.730228,48,0,2,1,1,0,0,0,2,0,7,60,1,14295,14295,3,9,36,2,0,0,1,0
1323348,4,2023,2023,6,5,6,14,27,55,34609,0,1,1,-33.793508,150.889828,7,0,2,1,0,0,0,0,2,0,7,60,0,323,323,1,16,13,2,0,1,0,0
1323351,4,2023,2023,3,3,4,62,10,17,169,0,1,9,-32.820774,151.607281,17,1,0,1,0,0,0,0,2,0,0,100,2,6545,6545,4,9,12,2,0,2,0,0
1323353,4,2023,2023,7,4,4,3371,17,36,3342,0,1,9,-33.635438,151.146284,31,0,2,1,1,0,0,0,2,2,7,80,2,926,926,4,33,27,2,0,1,0,0
1323355,1,2023,2023,8,0,3,14,27,8,34609,0,1,1,-33.650739,151.311597,50,0,2,1,1,0,0,0,2,0,7,50,0,9859,9859,8,10,40,1,0,0,0,1
1323361,2,2023,2023,7,2,3,2,27,3,34609,0,1,9,-34.018064,149.083823,74,1,0,1,1,0,0,0,2,0,7,100,0,1282,1282,1,16,40,1,0,0,1,0
1323362,4,2023,2023,6,2,6,3371,17,7,3342,0,1,7,-31.392616,152.810396,56,2,1,0,0,0,0,0,2,0,0,60,2,2585,4009,8,5,40,1,0,1,0,0
1323363,2,2023,2023,8,4,4,16,36,54,43,0,1,1,-28.525162,153.533604,10,2,1,0,0,0,0,0,2,0,7,80,1,4552,5151,8,0,40,1,0,0,1,0