Crash ID,Degree of crash - detailed,Reporting year,Year of crash,Month of crash,Day of week of crash,Two-hour intervals,Street of crash,Street type,Town,Route no.,School zone location,School zone active,Type of location,Latitude,Longitude,LGA,Urbanisation,Conurbation 1,Alignment,Street lighting,Road surface,Surface condition,Weather,Natural lighting,Signals operation,Other traffic control,Speed limit,Road classification,RUM - code,DCA - code,First impact type,Key TU type,Other TU type,No. of traffic units involved,No. killed,No. seriously injured,No. moderately injured,No. minor-other injured
1323368,2,2023,2023,8,0,6,72,31,176,62,0,1,10,-33.95969,151.145513,4,0,2,1,0,0,0,0,2,0,0,60,1,926,926,4,9,5,2,0,0,1,0
1323369,2,2023,2023,7,3,11,344,27,88,163,0,1,9,-33.739523,150.860069,7,0,2,1,2,0,0,0,0,0,7,70,2,1282,1282,1,0,13,2,0,0,1,0
1323374,2,2023,2023,6,3,5,4,27,8,34609,0,1,1,-32.865611,151.360624,17,2,1,0,0,0,0,0,2,0,7,60,0,4552,5151,8,0,40,1,0,0,1,0
1323376,4,2023,2023,8,5,9,61,27,19,70,0,1,1,-33.657149,150.941614,71,0,2,1,0,0,0,0,0,0,7,70,1,43,43,3,5,5,2,0,1,0,0
1323379,1,2023,2023,8,1,3,2126,17,107,2149,0,1,10,-33.883939,151.202184,69,0,2,1,1,0,0,0,0,2,7,40,2,2040,2040,9,5,28,2,0,0,0,1
1323381,2,2023,2023,0,3,6,48,31,194,34609,0,1,7,-30.516186,151.647751,1,2,1,1,1,0,0,0,2,0,0,50,0,6545,6545,4,10,19,2,0,0,1,0
1323384,4,2023,2023,8,1,7,2261,17,64,2252,0,1,9,-33.888102,151.074985,67,0,2,1,1,0,0,0,2,0,0,60,2,14295,14295,3,10,5,2,0,1,0,0
1323385,4,2023,2023,8,2,4,50,27,57,799,0,1,9,-33.89885,151.173449,32,0,2,1,0,0,0,0,2,2,9,40,2,340,340,9,5,28,2,0,1,0,0
1323388,4,2023,2023,6,1,9,112,27,59,256,0,1,10,-33.974846,150.856452,13,0,2,1,2,0,0,0,3,2,7,60,2,5929,5929,1,5,5,2,0,1,0,0
1323389,2,2023,2023,6,2,9,500,27,106,799,0,1,10,-33.922206,151.094878,15,0,2,1,2,0,0,0,0,2,7,60,2,5929,5929,1,0,0,2,0,0,1,0
1323390,1,2023,2023,6,3,5,33,31,96,34609,0,1,10,-35.351456,149.233058,58,2,1,1,0,0,0,0,2,2,9,50,0,2040,2040,9,5,28,2,0,0,0,1
1323392,2,2023,2023,6,1,9,30,27,133,34609,0,1,1,-33.931048,151.012824,15,0,2,1,2,0,0,0,3,0,7,50,0,238,238,9,10,28,2,0,0,1,0
1323396,2,2023,2023,8,5,4,71,27,69,122,0,1,2,-34.546297,150.861826,62,0,2,1,1,0,0,0,2,0,7,70,2,1282,1282,1,9,5,2,0,0,1,0
1323398,1,2023,2023,6,1,7,126,1,226,144,0,1,2,-33.772475,150.815751,7,0,2,1,1,0,0,0,2,0,7,60,2,14295,14295,3,5,0,2,0,0,0,1
1323399,2,2023,2023,0,6,1,2126,17,40,2149,0,1,1,-33.711883,150.520914,8,2,2,1,2,0,0,0,0,0,7,80,2,312,312,2,8,40,1,0,0,1,0
1323401,1,2023,2023,6,6,6,387,36,86,69,0,1,10,-33.722182,151.21728,50,0,2,0,1,0,0,0,2,2,7,80,2,14295,14295,3,10,0,2,0,0,0,2
1323402,4,2023,2023,7,5,10,3371,17,13,3342,0,1,9,-33.185876,151.53736,16,2,2,1,2,0,0,0,0,2,7,80,2,14295,14295,3,10,0,4,0,1,0,0
1323404,2,2023,2023,6,0,8,60,27,101,262,0,1,2,-32.90251,151.620862,37,0,2,1,1,0,0,0,2,0,7,90,2,14295,14295,3,5,5,2,0,0,1,0
1323408,4,2023,2023,8,3,5,32,1,73,34609,0,1,9,-33.779026,151.171219,36,0,2,1,0,0,0,0,2,0,7,50,0,2852,2852,4,0,27,2,0,1,0,0
1323409,4,2023,2023,7,0,6,18,23,55,34609,0,1,1,-33.94001,150.89479,41,0,2,1,0,0,0,0,2,0,7,50,0,368,368,9,19,28,2,0,1,0,0
1323411,2,2023,2023,7,0,4,158,27,46,207,0,1,1,-33.879229,151.238339,81,0,2,0,2,0,3,3,2,2,9,60,2,1957,4009,1,22,40,2,0,0,1,0
1323415,4,2023,2023,8,0,7,161,17,2,161,0,1,1,-35.293568,147.997398,66,1,0,0,0,0,0,0,2,0,7,100,2,3775,3775,0,5,0,2,0,2,1,0
1323416,2,2023,2023,8,1,4,6,31,18,34609,0,1,10,-28.989321,153.285613,60,2,1,1,1,0,0,0,2,0,0,50,0,6545,6545,4,10,10,2,0,0,1,0
1323417,4,2023,2023,8,5,7,2,1,73,34609,0,1,9,-33.754225,150.802441,7,0,2,1,0,0,0,0,2,0,7,50,0,591,591,1,16,5,2,0,1,0,0
1323418,4,2023,2023,0,6,7,20,31,36,34609,0,1,10,-33.576476,148.66001,11,2,1,1,0,0,0,0,2,0,7,50,0,186,186,9,5,28,2,0,1,0,0
1323422,2,2023,2023,0,5,7,3371,17,73,3342,0,1,9,-33.782915,151.172691,36,0,2,0,1,0,0,0,2,0,7,60,2,14295,14295,3,10,0,3,0,0,1,0
1323423,4,2023,2023,0,6,4,51,18,12,34609,0,1,1,-34.091553,150.522145,79,2,2,1,0,0,0,0,2,0,7,80,0,1981,1981,4,5,5,2,0,1,1,0
1323425,4,2023,2023,7,6,10,112,27,109,256,0,1,1,-33.971777,150.86504,41,0,2,1,2,0,0,0,0,0,7,70,2,14295,14295,3,5,5,3,0,1,1,1
1323427,1,2023,2023,8,0,7,6,10,130,34609,0,1,1,-34.462319,150.842958,80,0,2,1,1,0,0,0,2,0,7,50,0,9859,9859,1,5,5,3,0,0,0,1
1323428,4,2023,2023,8,1,5,475,10,42,268,0,1,1,-33.880517,150.809281,41,0,2,1,1,0,0,0,2,0,7,80,2,14295,14295,3,8,13,3,0,1,0,0
1323430,1,2023,2023,0,2,7,387,27,70,34609,0,1,7,-34.041652,151.083698,68,0,2,1,1,0,0,0,2,0,0,50,0,515,515,1,0,27,2,0,0,0,1
1323433,1,2023,2023,8,5,5,225,31,65,34609,1,0,10,-34.488729,150.894085,80,0,2,1,1,0,0,0,2,2,7,60,0,6545,6545,4,5,36,2,0,0,0,1
1323435,4,2023,2023,8,1,8,82,31,39,34609,0,1,9,-33.844864,151.212466,49,0,2,1,1,0,0,0,3,0,7,50,0,6545,6545,4,0,27,2,0,1,0,0
1323436,2,2023,2023,8,5,6,2261,17,93,2252,0,1,2,-36.073816,146.928957,0,1,0,0,0,0,0,0,2,0,7,110,2,14295,14295,3,5,13,2,0,0,1,0
1323438,4,2023,2023,8,2,7,33,27,11,260,0,1,2,-33.048206,151.565512,37,0,2,0,0,0,0,0,2,0,7,90,2,2585,4009,8,16,40,1,0,1,0,0
1323439,4,2023,2023,8,2,5,175,27,55,220,0,1,9,-33.743321,150.916971,7,0,2,1,1,0,0,0,2,2,7,70,2,5929,5929,1,0,25,2,0,1,1,0
1323441,4,2023,2023,8,5,0,2261,17,45,2252,0,1,2,-33.889139,150.97114,15,0,2,1,1,0,0,0,0,0,7,70,2,9859,9859,8,0,40,1,0,1,0,0
1323442,4,2023,2023,8,4,8,60,27,101,262,0,1,2,-32.89478,151.607241,37,0,2,1,2,0,0,0,3,0,7,80,2,14295,14295,3,5,5,3,0,1,2,0
1323445,2,2023,2023,0,2,2,1,31,44,34609,0,1,9,-33.760026,150.613182,8,2,2,1,2,0,0,0,0,0,7,50,0,1945,1945,5,5,40,1,0,0,1,0
1323450,4,2023,2023,6,1,4,39,22,65,34609,0,1,1,-33.397354,151.39883,16,2,2,0,0,0,3,3,2,0,7,60,0,3775,3775,0,5,0,2,0,1,1,0
1323454,4,2023,2023,8,2,7,6,27,9,3,0,1,1,-33.193023,144.034893,51,1,0,1,0,0,0,0,2,0,7,100,2,9859,9859,8,10,40,1,0,1,0,0
1323458,4,2023,2023,6,3,6,37,27,25,52,0,1,1,-33.870959,150.620691,79,2,2,0,0,0,3,4,2,0,7,60,1,3775,3775,0,10,5,2,0,1,1,0
1323466,2,2023,2023,6,0,5,34,10,10,40,0,1,9,-35.775127,150.227181,23,2,1,1,0,0,3,3,2,0,7,80,1,5929,5929,1,0,0,2,0,0,1,1
1323468,4,2023,2023,0,0,10,62,10,55,169,0,1,9,-32.826636,151.539837,17,1,0,1,0,0,0,3,0,0,7,100,2,2585,777,8,0,40,1,0,2,0,2
1323469,1,2023,2023,0,6,8,37,27,46,41,1,0,9,-28.832241,153.292279,39,2,1,1,0,0,0,0,2,0,0,50,1,4026,4026,8,5,40,1,0,0,0,1
1323470,2,2023,2023,7,6,4,60,27,174,44,0,1,9,-33.870677,150.92953,24,0,2,1,1,0,0,3,2,0,0,50,1,5929,5929,1,5,25,3,0,0,1,0
1323471,1,2023,2023,7,0,2,265,17,23,193,0,1,1,-35.283276,147.091469,51,1,0,0,1,0,0,0,0,0,7,100,2,1259,5151,8,3,40,1,0,0,0,1
1323472,1,2023,2023,0,5,9,3,27,2,39,0,1,1,-30.989675,148.154042,51,1,0,1,0,0,0,0,0,0,7,100,1,3775,3775,0,31,13,2,0,0,0,1
1323474,4,2023,2023,8,0,9,916,17,11,917,0,1,9,-32.475867,151.087684,64,1,0,1,0,0,0,0,0,0,0,100,2,312,312,2,33,40,1,0,1,0,0
1323479,4,2023,2023,0,2,11,2,27,12,34609,0,1,9,-34.258963,146.000954,28,2,1,1,0,0,0,0,0,0,0,80,0,489,489,8,0,40,1,0,1,0,0
1323481,4,2023,2023,8,0,6,2209,17,176,2205,0,1,9,-33.955226,151.137703,4,0,2,1,1,0,0,0,2,2,7,60,2,5929,5929,1,5,27,2,0,1,0,0
1323483,2,2023,2023,6,4,6,26,10,10,26,0,1,1,-36.75503,149.935772,5,1,0,1,0,0,3,4,2,0,7,100,1,945,945,5,9,40,1,0,0,1,0
1323486,1,2023,2023,7,5,6,3,4,609,34609,0,1,9,-33.761247,150.900193,7,0,2,1,1,0,3,4,2,0,7,50,0,1383,1383,1,5,19,2,0,0,0,1
1323489,1,2023,2023,8,6,6,193,1,143,34609,0,1,1,-33.874192,151.103667,9,0,2,1,1,0,0,0,2,0,7,40,0,14295,14295,3,5,19,2,0,0,0,1
1323491,4,2023,2023,0,2,6,103,36,9,103,0,1,1,-32.388832,151.95429,43,2,1,1,0,0,0,0,2,0,7,60,1,3775,3775,0,0,5,2,0,1,2,0
1323492,1,2023,2023,6,1,3,308,14,33,311,0,1,3,-33.775333,150.855238,7,0,2,0,2,0,0,3,1,0,7,100,2,14295,14295,3,10,0,2,0,0,0,1
1323494,4,2023,2023,8,3,5,123,36,16,90,0,1,1,-31.411091,151.59268,51,1,0,0,0,0,0,0,2,0,7,100,1,273,957,5,16,40,1,0,1,0,0
1323505,2,2023,2023,8,3,6,62,27,58,166,0,1,9,-33.228064,151.421246,16,2,2,1,1,0,0,0,2,2,7,60,2,395,395,1,0,19,2,0,0,1,0
1323507,2,2023,2023,6,5,8,163,27,226,165,0,1,7,-33.765021,150.826196,7,0,2,1,2,0,0,0,0,0,0,60,1,5929,5929,1,16,5,2,0,0,1,0
1323509,2,2023,2023,6,4,11,32,27,4,34609,0,1,1,-34.685055,149.583449,26,1,0,1,0,0,0,3,0,0,7,100,0,3775,3775,0,0,13,2,0,0,1,0
1323513,4,2023,2023,6,3,8,500,27,106,799,0,1,1,-33.92318,151.092889,15,0,2,1,2,0,0,0,3,0,7,60,2,3775,3775,0,5,5,2,0,1,0,0
1323516,4,2023,2023,6,2,5,45,3,33,331,0,1,2,-34.059711,150.729116,12,0,2,1,0,0,0,0,2,0,7,80,2,14295,14295,3,5,5,3,0,1,0,3
1323521,4,2023,2023,8,2,3,348,17,5,232,0,1,9,-32.668327,149.67981,44,1,0,0,0,0,0,0,2,0,7,100,2,4552,5151,8,5,40,1,0,1,0,0
1323524,4,2023,2023,0,2,8,866,17,94,793,0,1,2,-33.881303,150.924389,24,0,2,1,1,0,0,0,2,0,7,70,2,14295,14295,3,5,5,3,0,1,1,2
1323525,4,2023,2023,7,4,5,14,1,149,18,0,1,1,-33.986025,151.143666,4,0,2,1,0,0,0,0,2,0,7,60,1,387,387,1,22,0,2,0,1,0,0
1323527,4,2023,2023,6,0,5,481,17,3,483,0,1,1,-31.619441,148.743911,51,1,0,1,0,0,0,0,2,0,7,110,2,3775,3775,0,10,5,2,0,3,0,0
1323529,2,2023,2023,6,1,5,48,27,70,166,0,1,9,-33.256569,151.507991,16,2,2,1,1,0,0,3,2,0,7,50,2,1669,1669,3,5,5,2,0,0,1,0
1323534,1,2023,2023,6,2,10,25,31,445,103,0,1,1,-33.864348,151.037056,21,0,2,1,2,0,0,0,0,0,7,50,1,2040,2040,9,5,28,2,0,0,0,1
1323535,1,2023,2023,8,1,7,72,27,278,56,0,1,1,-33.788469,151.062243,54,0,2,1,1,0,0,0,2,0,7,60,2,14295,14295,3,0,0,2,0,0,0,1
1323538,2,2023,2023,7,4,9,475,10,137,268,0,1,10,-33.907693,150.898662,41,0,2,1,2,0,3,3,0,2,7,60,2,5929,5929,1,0,36,2,0,0,2,0
1323541,2,2023,2023,6,2,6,115,27,138,114,0,1,9,-33.865416,151.278183,81,0,2,1,1,0,0,0,2,0,7,50,2,186,186,9,0,28,2,0,0,1,0
1323543,2,2023,2023,6,2,2,1052,14,56,928,0,1,3,-32.969751,151.534482,37,0,2,1,0,0,0,1,0,0,7,110,2,204,204,1,3,0,2,0,0,1,0
1323546,4,2023,2023,8,5,8,14,27,251,34609,1,0,1,-33.770574,150.938575,7,0,2,1,2,0,0,0,3,0,7,50,0,2040,2040,9,5,28,2,0,1,0,0
1323547,2,2023,2023,6,5,9,83,31,532,21,0,1,10,-33.87449,151.208013,69,0,2,1,2,0,0,0,3,2,7,40,1,2040,2040,9,0,28,2,0,0,1,0
1323549,4,2023,2023,0,2,6,72,27,121,102,0,1,9,-33.796052,151.280096,50,0,2,1,1,0,0,0,2,0,7,60,2,14295,14295,3,5,5,2,0,1,0,0
1323550,2,2023,2023,6,4,8,4,31,304,34609,0,1,2,-33.916892,151.156406,32,0,2,1,1,0,0,0,2,0,7,50,0,4026,4026,8,5,40,1,0,0,1,0
1323551,2,2023,2023,8,1,8,5,1,54,34609,0,1,1,-33.721239,151.096169,31,0,2,1,1,0,0,0,2,0,7,50,0,14295,14295,3,5,5,2,0,0,1,0
1323553,2,2023,2023,6,3,7,107,22,98,174,0,1,9,-33.012766,151.589766,37,0,2,1,1,0,0,0,2,2,7,60,2,5929,5929,1,5,5,2,0,0,2,0
1323560,2,2023,2023,7,2,10,17,27,10,58,0,1,1,-34.649925,150.48817,78,2,1,0,0,0,0,0,0,0,7,60,2,2585,4009,8,16,40,1,0,0,1,0
1323561,4,2023,2023,6,0,9,1104,14,283,962,0,1,3,-33.828033,150.999404,21,0,2,1,2,0,0,0,0,0,7,90,2,1282,1282,1,5,19,2,0,1,0,0
1323562,2,2023,2023,8,6,5,10,31,176,34609,0,1,7,-33.951582,151.145255,4,0,2,1,1,0,0,0,2,0,0,50,0,6545,6545,4,9,19,2,0,0,1,0
1323565,2,2023,2023,6,0,0,85,10,125,702,0,1,9,-33.855938,151.072445,67,0,2,1,2,0,0,0,0,2,7,80,2,14295,14295,3,33,27,2,0,0,1,0
1323567,4,2023,2023,7,2,6,1,27,7,34609,0,1,1,-34.981452,146.742351,51,2,1,0,0,0,0,0,2,0,7,50,0,1089,1089,7,33,40,1,0,1,0,0
1323568,2,2023,2023,0,6,1,220,14,74,220,0,1,3,-34.435722,150.868076,80,0,2,1,2,0,0,0,0,0,7,80,2,1282,1282,1,5,13,2,0,0,2,0
1323570,4,2023,2023,6,0,11,361,31,445,59,0,1,1,-33.864816,151.051185,21,0,2,1,2,0,0,0,0,0,7,60,1,2040,2040,9,5,28,2,0,1,1,0
1323576,2,2023,2023,6,2,2,41,10,316,34609,0,1,1,-31.455054,152.921236,56,2,1,1,2,0,0,0,1,0,7,50,0,4026,4026,1,30,5,2,0,0,1,0
1323578,2,2023,2023,8,1,8,37,23,443,78,0,1,1,-33.908234,151.066911,15,0,2,1,2,0,0,0,0,0,7,60,2,1383,1383,1,0,5,2,0,0,1,0
1323579,2,2023,2023,8,4,10,296,27,460,293,0,1,2,-33.840257,150.999255,21,0,2,1,2,0,0,0,0,0,7,70,2,1383,1383,1,16,0,2,0,0,1,0
1323581,2,2023,2023,8,6,3,5,1,445,6,0,1,9,-33.859699,151.05612,21,0,2,1,1,0,0,6,2,0,0,60,1,395,395,1,22,0,2,0,0,1,0
1323582,2,2023,2023,6,4,7,48,31,139,605,0,1,9,-33.829829,151.214009,49,0,2,1,1,0,3,4,2,2,7,60,2,1259,985,8,9,40,1,0,0,1,0
1323583,4,2023,2023,8,6,10,89,36,10,19,0,1,1,-28.46865,152.548194,51,2,1,1,0,0,0,0,0,0,7,50,1,4026,4026,8,5,40,1,0,1,0,0
1323586,4,2023,2023,8,0,0,6,31,89,34609,0,1,7,-33.894772,151.230532,69,0,2,1,2,0,0,0,0,0,7,40,0,9859,9859,8,15,40,1,0,1,0,0
1323587,4,2023,2023,0,4,10,36,27,53,34609,0,1,1,-33.695618,151.111506,31,0,2,0,2,0,0,0,0,0,7,50,0,4552,5151,8,5,40,1,0,1,0,1
1323588,1,2023,2023,6,6,8,13,31,43,34609,0,1,10,-32.551452,148.943235,22,2,1,1,2,0,0,0,0,0,0,50,0,6545,6545,4,5,36,2,0,0,0,2
1323590,2,2023,2023,6,4,4,55,27,134,38,0,1,2,-33.950022,150.838251,41,0,2,1,1,0,0,1,2,0,0,80,2,14295,14295,3,10,0,2,0,0,1,0
1323593,4,2023,2023,8,5,7,107,22,100,34609,0,1,9,-33.960852,151.153962,4,0,2,1,1,0,0,0,2,0,0,50,0,2040,2040,9,21,28,2,0,1,0,0
1323594,4,2023,2023,7,0,7,158,27,46,207,0,1,2,-33.876951,151.232764,81,0,2,1,1,0,0,0,2,0,7,60,2,2040,2040,9,5,28,2,0,1,0,0
1323596,1,2023,2023,8,6,8,12,23,134,65,0,1,1,-33.67843,150.86041,7,0,2,1,1,0,0,0,2,0,7,50,1,591,591,1,22,0,2,0,0,0,1
1323598,2,2023,2023,7,1,2,234,27,337,217,0,1,9,-33.737283,151.001405,71,0,2,1,2,0,0,0,1,0,0,60,2,775,775,4,0,36,2,0,0,1,0
1323603,1,2023,2023,8,2,11,38,27,56,34609,0,1,1,-33.761544,150.774932,55,0,2,1,2,0,0,0,0,0,7,10,0,3775,3775,0,17,0,2,0,0,0,1
1323604,4,2023,2023,3,0,3,42,10,16,172,0,1,1,-32.863212,151.547016,17,2,1,1,2,0,0,0,2,0,7,80,2,1089,1089,7,5,40,1,0,1,0,0
1323606,2,2023,2023,6,0,6,1,27,3,34609,0,1,1,-31.130165,150.436121,51,1,0,1,0,2,0,0,2,0,7,100,0,9859,9859,8,5,40,1,0,0,1,0
1323609,4,2023,2023,0,4,4,22,27,123,59,0,1,9,-33.887865,151.225345,69,0,2,1,1,0,0,0,2,2,7,40,1,312,312,2,22,40,1,0,1,0,0
1323610,4,2023,2023,8,1,6,29,10,54,34609,0,1,1,-28.524323,153.535034,10,2,1,1,1,0,0,0,2,0,7,50,0,312,312,2,22,40,1,0,1,0,0
1323611,2,2023,2023,6,4,9,1,27,2,34609,0,1,1,-28.503689,153.544479,10,2,1,1,0,0,0,0,0,0,7,60,0,3775,3775,0,10,0,2,0,0,1,0
1323613,1,2023,2023,6,4,3,38,27,154,35,0,1,2,-33.709837,150.974078,71,0,2,1,1,0,0,0,2,0,7,50,1,14295,14295,3,0,5,2,0,0,0,1
1323615,2,2023,2023,0,4,7,19,31,225,34609,0,1,1,-33.795961,151.185491,77,0,2,1,1,0,0,0,2,0,7,40,0,2040,2040,9,0,28,2,0,0,1,0
1323617,2,2023,2023,8,5,4,92,31,273,34609,0,1,7,-34.43319,150.895809,80,0,2,1,0,0,0,0,2,0,0,50,0,6545,6545,4,30,13,2,0,0,1,0
1323618,4,2023,2023,8,2,11,153,27,253,147,0,1,10,-33.951043,151.09294,25,0,2,1,2,0,0,0,0,0,7,60,2,2040,2040,9,0,28,2,0,1,0,0
1323621,2,2023,2023,6,5,4,2261,31,228,39,0,1,10,-34.769132,149.696456,26,2,1,1,0,0,0,0,2,0,0,60,2,5929,5929,1,0,41,2,0,0,2,0
1323622,4,2023,2023,8,2,4,158,27,138,207,1,0,9,-33.865388,151.273065,81,0,2,0,1,0,0,0,2,0,0,50,2,5929,5929,1,5,27,2,0,1,0,0
1323623,2,2023,2023,8,2,5,11,36,11,13,0,1,1,-32.791771,148.689379,11,1,0,1,0,0,0,3,2,0,7,100,1,9859,9859,8,5,40,1,0,0,2,0
1323635,1,2023,2023,6,2,5,73,31,532,34609,0,1,0,-33.874897,151.205354,69,0,2,1,0,0,0,0,2,0,7,40,0,214,214,9,22,28,2,0,0,0,1
1323637,1,2023,2023,6,2,5,251,27,64,212,0,1,10,-33.76019,151.209219,50,0,2,0,2,0,0,0,2,2,7,70,2,5929,5929,1,5,5,2,0,0,0,1
1323639,2,2023,2023,0,4,3,2126,17,80,2149,0,1,10,-33.756117,150.652893,55,0,2,1,1,0,0,0,2,0,15,60,2,6545,6545,4,5,5,2,0,0,1,0
1323641,4,2023,2023,6,5,3,1,27,11,34609,0,1,1,-32.968943,148.804737,11,1,0,0,0,2,3,1,1,0,7,100,0,782,957,5,0,40,1,0,1,0,0
1323642,1,2023,2023,6,1,7,109,27,56,174,0,1,1,-32.984502,151.491022,37,0,2,1,0,0,0,0,2,0,7,90,2,1089,1089,7,16,40,1,0,0,0,1
1323644,4,2023,2023,6,4,9,2,31,201,34609,0,1,1,-34.893103,150.605727,63,2,1,1,2,0,0,0,2,0,7,50,0,9859,9859,8,16,40,1,0,1,0,0
1323650,4,2023,2023,0,4,5,10,27,57,34609,0,1,1,-33.360264,151.446018,16,2,2,1,1,0,0,0,2,0,7,50,0,489,489,8,5,40,1,0,1,0,0
1323656,4,2023,2023,8,6,4,2209,17,176,2205,1,2,9,-33.964314,151.137121,25,0,2,1,1,0,0,0,2,2,7,40,2,14295,14295,3,16,5,2,0,1,0,0
1323659,4,2023,2023,6,6,11,132,31,252,126,1,0,10,-33.889674,151.206082,69,0,2,1,2,0,0,0,0,2,9,50,2,2040,2040,9,5,28,2,0,1,0,0
1323661,4,2023,2023,6,5,9,26,27,443,34609,0,1,7,-33.908176,151.052125,15,0,2,1,2,0,0,0,0,0,0,50,0,6545,6545,4,5,19,2,0,1,0,0
1323662,2,2023,2022,1,5,7,57,36,169,769,0,1,1,-33.603976,150.772601,29,2,2,1,1,0,0,0,2,0,14,80,2,9859,9859,1,10,13,2,0,0,1,0
1323667,4,2023,2023,8,5,4,49,22,77,44,0,1,9,-33.72467,151.081318,31,0,2,1,1,0,0,0,2,2,7,50,1,926,926,4,5,5,2,0,2,0,0
1323668,1,2023,2023,6,0,9,2209,17,166,2205,0,1,10,-33.90281,151.1794,32,0,2,1,2,0,0,0,0,2,7,40,2,387,387,1,22,0,2,0,0,0,1
1323676,4,2023,2023,0,2,11,6,27,8,34609,0,1,1,-35.874766,146.966646,27,2,1,1,0,2,3,0,0,0,7,60,0,4026,4026,8,5,40,1,0,1,0,0
1323677,1,2023,2023,6,5,5,2,27,4,34609,0,1,1,-30.798583,152.987496,34,2,1,1,0,0,0,0,2,0,7,80,0,1192,1192,1,5,27,2,0,0,0,1
1323679,4,2023,2023,0,6,8,2209,17,13,2205,0,1,9,-36.632312,149.825922,5,1,0,1,1,0,0,0,2,0,15,100,2,2852,2852,4,0,25,2,0,3,0,9
1323682,2,2023,2023,8,6,3,2209,17,61,2205,0,1,9,-35.918842,150.084122,23,2,1,1,1,0,0,0,2,0,7,50,2,1669,1669,3,16,0,2,0,0,1,0
1323685,4,2023,2023,8,2,5,55,36,3,43,0,1,1,-32.400108,150.265748,44,1,0,0,0,0,0,0,2,0,7,100,1,1850,1463,5,16,40,1,0,1,0,0
1323686,4,2023,2023,0,2,6,1,27,9,34609,0,1,1,-30.295985,153.002644,19,2,1,0,0,0,0,0,2,0,7,80,0,3775,3775,0,16,0,2,0,1,1,0
1323687,2,2023,2023,7,2,11,12,31,61,34609,0,1,1,-33.8914,150.915238,24,0,2,1,0,0,0,0,0,0,7,50,0,4026,4026,1,5,5,2,0,0,1,0
1323690,4,2023,2023,0,2,8,4,33,2,34609,0,1,1,-33.162575,149.504993,3,1,0,1,0,0,0,0,3,0,7,100,0,1945,1945,5,16,40,1,0,1,0,0
1323691,2,2023,2023,0,4,6,10,36,65,34609,0,1,1,-30.354369,153.062023,19,2,1,0,1,0,0,0,2,0,7,60,0,3775,3775,0,5,10,2,0,0,1,0
1323692,2,2023,2023,7,3,8,5,31,43,34609,0,1,10,-32.555862,148.952339,22,2,1,1,0,0,0,0,2,0,0,50,0,6545,6545,4,16,0,2,0,0,1,0
1323693,4,2023,2023,7,0,4,3371,17,3,3342,0,1,9,-33.082758,151.644866,37,0,2,1,1,0,0,0,2,0,7,70,2,775,775,4,0,27,2,0,1,1,0
1323699,2,2023,2023,8,5,10,265,10,445,563,0,1,9,-33.859569,151.042915,21,0,2,1,2,0,0,0,0,0,7,70,2,5929,5929,1,0,0,2,0,0,2,0
1323702,4,2023,2023,0,1,5,45,27,134,40,1,0,9,-33.674558,150.870701,7,0,2,1,1,0,0,0,2,0,7,50,2,2852,2852,4,5,10,2,0,1,1,0
1323703,2,2023,2023,7,2,9,22,31,532,34609,0,1,1,-33.866894,151.202372,69,0,2,1,1,0,0,0,3,0,7,40,0,312,312,2,0,40,1,0,0,1,0
1323704,2,2023,2023,7,1,8,308,14,127,311,0,1,2,-33.840809,150.855423,24,0,2,1,0,0,0,0,3,0,7,100,2,14295,14295,3,8,0,5,0,0,1,1
1323705,4,2023,2023,7,2,10,10,10,105,34609,0,1,1,-32.700878,151.522637,42,2,1,0,2,0,0,0,0,0,7,50,0,2585,4009,8,16,40,2,0,2,0,0
1323707,4,2023,2023,0,1,10,6,10,120,34609,0,1,1,-32.214682,152.550552,43,2,1,0,0,0,3,4,0,0,7,60,0,4552,5151,8,5,40,1,0,1,0,2
1323708,2,2023,2023,0,6,3,2126,17,75,2149,0,1,2,-33.711268,150.376554,8,2,2,0,1,0,0,0,2,0,7,60,2,14295,14295,3,5,12,2,0,0,1,0
1323711,4,2023,2023,7,2,8,14,27,20,34609,0,1,1,-33.474427,150.720739,29,2,2,0,0,2,0,0,2,0,7,60,0,3775,3775,0,33,19,2,0,1,0,0
1323713,1,2023,2023,7,6,5,59,27,252,41,0,1,10,-33.942241,150.867399,41,0,2,1,1,0,0,0,2,2,7,60,1,14295,14295,3,5,0,2,0,0,0,1
1323715,4,2023,2023,7,5,11,87,31,179,34609,0,1,9,-31.907504,152.46644,43,2,1,1,2,0,0,0,0,0,15,50,0,9859,9859,1,16,5,2,0,1,0,1
1323717,2,2023,2023,7,3,6,475,10,137,268,0,1,9,-33.901242,150.896058,24,0,2,1,0,0,0,0,2,0,0,60,2,2852,2852,4,5,5,2,0,0,1,0
1323719,4,2023,2023,6,0,3,265,17,7,193,0,1,1,-35.070312,147.380022,75,1,0,1,2,0,3,1,2,0,7,100,2,9859,9859,8,8,40,1,0,1,0,0
1323720,4,2023,2023,8,5,6,3371,17,207,3342,0,1,1,-33.549133,151.196745,31,0,2,0,1,0,0,0,2,0,7,80,2,273,957,5,16,40,1,0,1,0,0
1323725,4,2023,2023,8,0,11,192,31,316,120,0,1,10,-33.917172,151.241193,59,0,2,1,2,0,0,0,0,2,7,50,2,2040,2040,9,5,28,2,0,1,0,0
1323729,4,2023,2023,8,0,6,13,31,50,34609,0,1,1,-34.339835,150.910959,80,0,2,1,1,0,0,0,2,0,7,50,0,4026,4026,1,5,5,2,0,1,0,0