Crash ID,Degree of crash - detailed,Reporting year,Year of crash,Month of crash,Day of week of crash,Two-hour intervals,Street of crash,Street type,Town,Route no.,School zone location,School zone active,Type of location,Latitude,Longitude,LGA,Urbanisation,Conurbation 1,Alignment,Street lighting,Road surface,Surface condition,Weather,Natural lighting,Signals operation,Other traffic control,Speed limit,Road classification,RUM - code,DCA - code,First impact type,Key TU type,Other TU type,No. of traffic units involved,No. killed,No. seriously injured,No. moderately injured,No. minor-other injured
1323731,2,2023,2023,7,4,3,162,31,532,24,0,1,10,-33.868736,151.206953,69,0,2,1,0,0,0,0,2,2,7,40,1,9859,9859,8,9,40,2,0,0,1,0
1323732,4,2023,2023,8,1,6,478,17,20,480,0,1,1,-33.29037,151.54933,16,2,2,1,0,0,0,0,2,0,7,80,2,9859,9859,1,10,13,2,0,1,0,0
1323733,1,2023,2023,8,5,4,37,23,443,78,0,1,2,-33.907619,151.063204,15,0,2,1,1,0,0,0,2,0,7,60,2,1282,1282,1,0,0,2,0,0,0,1
1323736,4,2023,2023,7,4,4,89,31,107,34609,0,1,10,-29.689844,152.942713,18,2,1,1,1,0,0,0,2,0,0,50,0,6545,6545,4,0,12,3,0,2,1,0
1323737,2,2023,2023,0,6,4,42,27,316,56,0,1,10,-33.902835,151.244823,59,0,2,1,1,0,0,0,2,2,7,50,1,6545,6545,4,0,0,2,0,0,1,0
1323739,2,2023,2023,8,6,7,13,31,207,34609,0,1,10,-31.976784,141.46095,51,2,1,1,0,0,0,0,2,0,0,50,0,6545,6545,4,5,13,2,0,0,1,0
1323742,4,2023,2023,7,2,6,3371,17,207,3342,0,1,1,-33.556314,151.193435,31,0,2,0,1,0,0,0,2,0,6,40,2,1981,1981,4,9,19,5,0,2,1,1
1323743,4,2023,2023,7,2,6,387,18,26,34609,0,1,9,-31.972514,152.564256,43,1,0,1,0,0,0,0,2,0,7,90,0,3775,3775,0,10,13,2,0,1,0,0
1323744,4,2023,2023,0,6,0,22,27,73,34609,0,1,7,-33.890695,151.165276,32,0,2,1,2,0,0,0,0,0,0,50,0,4552,985,8,16,40,1,0,1,0,0
1323745,4,2023,2023,0,1,9,283,27,197,702,1,0,9,-33.94941,151.080924,25,0,2,1,2,0,3,4,0,2,9,60,2,14295,14295,3,5,5,2,0,1,0,0
1323746,1,2023,2023,8,6,4,29,27,89,34609,0,1,1,-28.234059,153.534833,72,2,1,0,1,0,0,0,2,0,7,60,0,1957,4009,8,5,40,1,0,0,0,2
1323747,4,2023,2023,7,0,10,2,27,2,34609,0,1,1,-32.701133,151.565081,42,2,1,0,0,0,0,0,0,0,7,80,0,2585,4009,8,33,40,1,0,1,0,0
1323748,2,2023,2023,8,6,5,112,27,7,256,0,1,1,-34.018347,150.836099,13,0,2,1,0,0,0,0,2,0,7,70,2,945,945,5,16,40,1,0,0,1,0
1323749,4,2023,2023,8,4,1,1052,14,54,928,0,1,3,-33.473086,151.192976,16,2,2,0,2,0,3,1,0,0,7,60,2,1192,1192,1,8,10,2,0,1,1,0
1323750,1,2023,2023,0,2,3,77,31,445,34609,0,1,1,-33.86549,151.043475,21,0,2,1,2,0,0,0,1,0,7,50,0,368,368,9,10,28,2,0,0,0,1
1323752,4,2023,2023,3,1,6,3371,17,33,3342,0,1,10,-33.656554,151.134163,31,0,2,1,0,0,0,0,2,2,7,80,2,1945,1945,5,16,40,1,0,1,0,0
1323755,4,2023,2023,6,0,5,512,17,9,441,0,1,1,-32.458128,148.893821,22,1,0,1,0,0,0,0,2,0,7,110,2,9859,9859,8,0,40,1,0,1,0,0
1323758,4,2023,2023,7,6,3,346,17,19,332,0,1,1,-28.877315,153.251151,39,2,1,1,0,0,0,0,1,0,7,80,2,9859,9859,8,10,40,1,0,1,0,0
1323759,4,2023,2023,7,1,6,3,27,16,34609,0,1,1,-34.592937,146.375231,51,1,0,1,0,2,0,0,2,0,7,100,0,14295,14295,3,8,35,2,0,1,1,0
1323761,2,2023,2023,8,2,10,42,10,65,39,0,1,9,-34.487974,150.884875,80,0,2,0,2,0,0,0,0,0,0,60,1,1850,985,5,16,40,1,0,0,1,0
1323762,4,2023,2023,7,4,10,12,27,151,34609,0,1,1,-34.02019,150.865571,13,0,2,1,2,0,0,0,0,0,7,60,0,1220,1220,9,0,28,2,0,1,0,0
1323765,2,2023,2023,8,6,8,330,27,147,605,0,1,10,-33.752516,151.286775,50,0,2,1,2,0,0,0,2,2,9,60,2,2040,2040,9,33,28,2,0,0,1,0
1323766,4,2023,2023,8,2,4,14,1,30,18,1,0,1,-33.98104,151.144685,4,0,2,1,0,0,0,0,2,0,7,60,1,387,387,1,22,13,2,0,1,0,0
1323770,2,2023,2023,0,4,6,149,27,294,198,0,1,9,-33.937964,150.938621,41,0,2,1,1,0,0,3,2,2,7,60,2,2852,2852,4,10,5,2,0,0,1,0
1323772,1,2023,2023,0,5,9,3,31,102,34609,0,1,10,-33.95462,151.203698,4,0,2,1,2,0,0,0,0,0,0,50,0,1669,1669,3,5,5,2,0,0,0,1
1323773,2,2023,2023,0,3,11,3371,17,83,3342,0,1,1,-33.505674,151.19215,16,2,2,0,0,0,3,1,0,0,7,60,2,1850,1463,5,16,40,1,0,0,1,0
1323777,4,2023,2023,8,3,9,12,27,5,103,0,1,1,-32.084839,152.321431,43,1,0,1,0,0,0,0,0,0,7,90,1,4026,4026,8,10,40,1,0,1,0,0
1323786,4,2023,2023,8,2,10,2126,17,283,2149,0,1,10,-33.830735,151.012242,54,0,2,1,2,0,0,0,0,2,9,60,2,2040,2040,9,5,28,2,0,1,0,0
1323788,4,2023,2023,8,0,8,3,27,3,34609,0,1,1,-31.850807,152.730862,43,2,1,1,0,0,0,0,3,0,7,80,0,945,945,5,16,40,1,0,1,0,0
1323790,1,2023,2023,0,3,2,1052,14,87,928,0,1,3,-33.022387,151.480954,37,0,2,0,2,0,3,0,1,0,7,110,2,14295,14295,3,0,5,2,0,0,0,1
1323791,4,2023,2023,0,0,5,3371,17,89,3342,0,1,2,-28.223634,153.554091,72,1,0,1,1,0,0,0,2,0,7,100,2,1282,1282,1,29,36,2,0,1,0,0
1323814,4,2023,2023,7,6,4,78,31,82,34609,0,1,1,-33.825693,151.207023,49,0,2,1,0,0,0,0,2,0,7,50,0,387,387,1,22,0,2,0,1,0,0
1323816,4,2023,2023,7,0,10,68,27,98,208,0,1,10,-33.754268,151.067474,31,0,2,1,2,0,0,0,0,0,15,60,2,6545,6545,4,5,5,2,0,1,0,0
1323817,4,2023,2023,0,4,7,36,27,39,83,0,1,1,-29.436728,153.349313,18,2,1,1,0,0,3,3,2,0,7,50,1,190,190,1,5,0,2,0,1,0,0
1323819,2,2023,2023,0,0,7,22,10,108,57,0,1,2,-28.856743,153.560748,2,2,1,1,1,0,3,3,2,0,7,60,1,14295,14295,3,10,5,2,0,0,1,0
1323822,2,2023,2023,7,0,6,13,27,8,34609,0,1,1,-35.17715,149.781264,26,1,0,0,0,2,0,0,2,0,7,100,0,1850,1463,5,16,40,1,0,0,1,0
1323823,2,2023,2023,0,0,11,9,31,48,34609,0,1,9,-33.917478,147.208805,51,2,1,1,2,0,3,3,0,0,7,50,0,4026,4026,1,9,12,2,0,0,1,0
1323824,4,2023,2023,0,2,8,44,31,290,34609,0,1,1,-33.95521,151.117833,4,0,2,1,0,0,0,0,2,0,7,50,0,323,323,1,33,0,2,0,1,0,0
1323827,4,2023,2023,7,1,7,2261,17,112,2252,0,1,10,-33.913766,150.931691,41,0,2,1,1,0,0,0,2,2,7,70,2,1282,1282,1,5,19,4,0,1,0,1
1323828,4,2023,2023,7,3,11,7,23,87,34609,0,1,1,-34.06126,151.153791,68,0,2,0,2,0,3,0,0,0,7,50,0,4552,5151,1,16,40,2,0,1,0,0
1323829,2,2023,2023,7,5,3,78,17,34,58,0,1,1,-35.008355,149.021189,82,1,0,1,3,0,0,0,1,0,7,100,2,4026,4026,8,34,40,1,0,0,1,0
1323835,4,2023,2023,0,6,6,2,27,6,34609,0,1,9,-33.630265,150.137152,40,1,0,1,0,0,3,0,2,0,7,100,0,1192,1192,1,16,19,2,0,1,0,0
1323837,4,2023,2023,7,6,10,2126,17,16,2149,0,1,2,-33.72815,150.490013,8,2,2,0,0,0,3,0,0,0,7,80,2,3775,3775,0,5,0,2,0,1,0,0
1323838,4,2023,2023,8,4,9,15,31,460,34609,0,1,10,-33.830774,150.984103,21,0,2,1,2,0,0,0,0,0,15,50,0,6545,6545,4,15,0,2,0,1,0,0
1323839,4,2023,2023,0,2,7,104,27,137,140,0,1,2,-33.924008,151.212701,69,0,2,0,1,0,0,3,2,0,7,60,2,1957,4009,1,5,5,2,0,1,0,0
1323840,2,2023,2023,0,2,8,21,27,36,34609,0,1,1,-34.404278,150.851087,80,0,2,0,0,0,0,0,2,0,7,50,0,1850,1463,5,16,40,1,0,0,1,0
1323842,2,2023,2023,7,0,8,100,27,12,78,0,1,1,-33.512177,149.711393,3,1,0,0,0,0,0,0,2,0,7,100,2,3775,3775,0,16,0,2,0,0,1,0
1323843,4,2023,2023,0,1,6,1,27,6,23,0,1,1,-30.918187,144.480159,51,2,1,0,0,2,0,0,2,0,7,50,1,1850,1463,5,16,40,1,0,1,0,0
1323844,4,2023,2023,8,1,6,2209,17,19,2205,0,1,2,-34.810494,150.635561,63,1,0,0,2,0,0,0,2,0,0,100,2,1981,1981,4,9,10,2,0,1,1,0
1323849,4,2023,2023,8,2,5,49,22,41,96,0,1,1,-32.965208,151.623042,37,0,2,1,0,0,0,0,2,0,7,60,2,1981,1981,4,22,13,2,0,1,0,0
1323853,4,2023,2023,7,1,10,5,10,38,34609,0,1,1,-30.263476,153.130251,19,2,1,0,2,0,0,0,0,0,7,50,0,2585,4009,8,5,40,1,0,2,0,2
1323854,2,2023,2023,8,5,5,26,31,433,34609,0,1,9,-33.292777,149.077943,52,2,1,1,0,0,0,0,2,0,7,50,0,1669,1669,3,8,12,2,0,0,2,0
1323856,4,2023,2023,0,6,10,37,31,123,34609,1,0,10,-33.882282,151.231063,81,0,2,1,2,0,0,0,0,0,9,40,0,2040,2040,9,5,28,2,0,1,0,0
1323858,4,2023,2023,8,3,4,8,27,5,34609,0,1,9,-33.280633,151.476341,16,2,2,1,0,0,0,0,2,0,7,50,0,1945,1945,5,16,40,2,0,1,0,0
1323860,4,2023,2023,7,4,11,7,27,29,7,0,1,1,-31.903228,149.816816,51,1,0,1,0,0,0,0,0,0,7,100,1,380,714,5,10,40,1,0,2,0,0
1323862,2,2023,2023,6,5,3,133,1,68,8,0,1,1,-33.876538,151.239107,81,0,2,1,1,0,0,0,2,0,7,50,1,1981,1981,4,0,27,2,0,0,1,0
1323863,4,2023,2023,6,3,6,125,27,48,144,0,1,1,-32.731048,152.135421,57,2,1,1,0,0,0,0,2,0,7,60,2,4026,4026,8,0,40,1,0,1,0,0
1323864,1,2023,2023,6,0,7,2261,17,523,2252,0,1,10,-33.928611,150.917869,41,0,2,1,0,0,0,0,2,3,7,60,2,14295,14295,3,5,5,2,0,0,0,1
1323867,2,2023,2023,8,4,7,22,31,337,30,0,1,9,-33.729359,151.005758,71,0,2,1,1,0,0,0,2,2,7,60,2,14295,14295,3,0,25,2,0,0,1,0
1323869,2,2023,2023,7,0,10,83,27,169,147,0,1,9,-28.669383,153.612672,10,2,1,1,2,0,0,0,0,0,0,50,1,2852,2852,4,30,27,2,0,0,1,0
1323874,4,2023,2023,8,6,8,3371,17,108,3342,0,1,10,-33.308989,151.418518,16,2,2,1,1,0,0,0,3,2,7,60,2,14295,14295,3,16,13,2,0,1,0,0
1323880,1,2023,2023,6,4,3,10,27,346,34609,0,1,1,-33.871775,151.095124,9,0,2,1,0,0,0,0,2,0,7,50,0,2040,2040,9,5,28,2,0,0,0,1
1323881,4,2023,2023,7,0,6,71,36,12,139,0,1,10,-34.254969,145.988497,28,2,1,1,0,0,0,0,2,0,0,80,2,1391,1391,1,5,27,2,0,1,1,0
1323882,2,2023,2023,6,6,7,40,27,160,39,0,1,9,-33.115903,151.478211,37,0,2,1,1,0,0,0,2,0,7,60,1,2852,2852,4,33,5,2,0,0,1,0
1323883,2,2023,2023,6,6,8,2209,17,5,2205,0,1,1,-36.039922,150.083089,23,1,0,1,0,0,0,0,3,0,7,100,2,1089,1089,7,16,40,1,0,0,1,0
1323884,4,2023,2023,6,3,9,118,27,646,118,0,1,1,-33.928376,151.030041,15,0,2,1,2,0,0,0,0,0,7,60,1,368,368,9,5,28,2,0,1,1,0
1323885,4,2023,2023,8,6,4,1,27,5,34609,1,2,1,-28.678727,153.387428,39,2,1,1,0,0,0,0,2,0,7,40,0,4026,4026,8,30,40,1,0,1,0,0
1323886,4,2023,2023,6,1,10,18,27,148,34609,0,1,1,-36.038938,146.919877,0,2,1,1,0,0,3,4,0,0,7,60,0,4026,4026,8,5,40,1,0,1,0,0
1323887,2,2023,2023,6,5,6,27,27,84,35,1,0,2,-33.805642,150.987246,54,0,2,1,2,0,0,0,2,2,7,40,1,1981,1981,4,5,5,2,0,0,1,0
1323888,1,2023,2023,8,2,10,2209,17,34,2205,0,1,1,-37.003296,149.909222,5,1,0,1,0,0,0,0,0,0,7,100,2,945,945,5,10,40,1,0,0,0,1
1323889,4,2023,2023,6,4,7,2,27,30,34609,0,1,1,-33.264931,151.427421,16,2,2,0,1,0,0,0,2,0,7,50,0,395,395,1,10,19,2,0,1,0,0
1323893,4,2023,2023,7,4,8,1,10,73,34609,0,1,1,-33.730041,150.712244,55,0,2,1,1,0,0,0,2,0,7,50,0,323,323,1,16,13,2,0,1,0,0
1323894,2,2023,2023,6,4,7,2126,17,5,2149,0,1,1,-33.43741,149.851587,3,1,0,1,0,0,3,0,2,0,7,100,2,1945,1945,5,16,40,1,0,0,1,0
1323903,1,2023,2023,7,4,7,35,27,18,34609,0,1,1,-28.331112,153.559406,72,2,1,1,0,0,0,0,2,0,7,70,0,9859,9859,8,0,40,1,0,0,0,1
1323906,2,2023,2023,6,4,3,22,27,12,147,0,1,1,-28.703904,153.593615,10,2,1,0,3,0,0,0,2,0,7,80,1,4552,5151,8,8,40,1,0,0,1,0
1323908,1,2023,2023,8,1,4,110,27,113,173,0,1,2,-34.367647,150.859278,80,0,2,1,3,0,0,0,2,0,7,100,2,14295,14295,3,30,0,2,0,0,0,1
1323916,1,2023,2023,8,6,7,113,27,78,111,0,1,1,-33.878822,150.80613,55,0,2,1,3,0,0,0,2,0,7,80,2,14295,14295,3,9,13,2,0,0,0,1
1323919,4,2023,2023,6,4,6,361,31,290,42,1,0,1,-33.857273,150.982702,21,0,2,1,3,0,0,0,2,2,9,50,1,2040,2040,9,5,28,2,0,1,0,0
1323922,1,2023,2023,6,6,8,22,1,443,34609,0,1,7,-33.896302,151.054625,15,0,2,1,3,0,0,0,2,0,0,50,0,6545,6545,4,10,5,2,0,0,0,1
1323924,1,2023,2023,8,5,8,2126,17,283,2149,0,1,9,-33.826768,151.004802,54,0,2,1,3,0,0,0,2,0,2,60,2,14295,14295,3,10,5,2,0,0,0,1
1323926,2,2023,2023,8,5,8,3,31,194,34609,0,1,10,-30.513388,151.660883,1,2,1,1,1,0,0,0,3,0,0,50,0,6545,6545,4,0,5,2,0,0,1,0
1323927,2,2023,2023,6,4,7,95,27,106,605,0,1,9,-33.67367,151.311612,50,0,2,1,1,0,0,0,2,2,7,60,2,5929,5929,1,5,18,2,0,0,1,0
1323929,1,2023,2023,0,1,7,114,27,22,65,0,1,9,-33.402515,151.031563,16,2,2,0,0,0,0,0,2,0,7,60,1,14295,14295,3,16,19,2,0,0,0,1
1323931,2,2023,2023,6,5,8,3371,17,23,3342,0,1,9,-32.999395,151.685789,37,0,2,1,2,0,0,0,0,2,7,70,2,14295,14295,3,5,5,3,0,0,1,0
1323932,2,2023,2023,6,0,8,54,27,61,49,0,1,9,-32.92583,151.735813,48,0,2,1,1,0,0,0,3,0,0,60,1,591,591,1,17,5,2,0,0,1,0
1323933,2,2023,2023,8,5,7,60,27,101,262,0,1,7,-32.902985,151.622278,37,0,2,0,1,0,0,0,2,0,0,90,2,1850,777,5,16,40,1,0,0,1,0
1323940,2,2023,2023,6,6,8,35,27,363,24,0,1,7,-33.761235,150.689521,55,0,2,1,1,0,0,0,3,0,0,60,1,6545,6545,4,5,19,2,0,0,1,0
1323941,1,2023,2023,0,2,2,3371,17,13,3342,0,1,2,-29.984174,153.140483,19,1,0,0,0,0,0,0,0,0,7,110,2,1850,1463,5,10,40,1,0,0,0,1
1323947,2,2023,2023,8,5,5,829,27,165,770,0,1,10,-33.851086,151.154494,14,0,2,1,0,0,0,0,2,2,9,60,2,14295,14295,3,19,13,2,0,0,1,0
1323949,2,2023,2023,6,3,3,6,27,11,11,0,1,9,-34.45631,144.358074,51,1,0,1,0,2,3,0,1,0,7,100,1,1945,1945,5,0,40,1,0,0,1,0
1323950,4,2023,2023,6,4,4,229,14,173,237,0,1,3,-33.778096,151.128403,61,0,2,1,0,0,0,0,2,0,7,100,2,14295,14295,3,29,0,4,0,1,0,0
1323952,4,2023,2023,8,4,7,191,27,309,208,0,1,1,-33.813116,151.105166,61,0,2,1,0,0,0,0,2,0,7,60,2,340,340,9,0,28,2,0,1,0,0
1323956,4,2023,2023,8,0,6,165,31,363,34609,0,1,1,-33.815069,151.009804,54,0,2,1,0,0,0,0,2,0,7,40,0,14295,14295,3,9,13,6,0,1,1,1
1323959,1,2023,2023,6,1,8,126,1,226,144,0,1,7,-33.756523,150.818473,7,0,2,1,1,0,0,0,3,0,0,60,2,14295,14295,3,5,5,2,0,0,0,1
1323965,2,2023,2023,8,6,2,6,10,387,64,0,1,10,-33.932246,151.185912,4,0,2,1,2,0,0,0,0,2,14,40,2,395,395,1,10,19,2,0,0,1,0
1323967,2,2023,2023,6,5,3,475,10,137,268,0,1,9,-33.91358,150.906814,41,0,2,1,0,0,0,0,2,0,7,70,2,1282,1282,1,10,0,2,0,0,1,0
1323968,2,2023,2023,8,1,7,1,31,204,34609,0,1,9,-33.900986,150.921507,24,0,2,1,1,0,0,0,2,0,7,50,0,6545,6545,4,0,0,2,0,0,1,0
1323969,4,2023,2023,6,4,8,14,1,46,34609,0,1,9,-28.819217,153.291312,39,2,1,1,1,0,0,0,2,0,7,50,0,9859,9859,8,5,40,1,0,1,0,0
1323971,4,2023,2023,7,4,9,52,27,188,53,1,0,10,-33.941182,151.101192,25,0,2,1,1,0,0,0,3,2,7,50,1,1220,1220,9,0,28,2,0,1,1,0
1323973,2,2023,2022,2,5,11,38,27,37,47,0,1,1,-34.653586,150.806903,35,2,1,1,0,0,0,0,0,0,7,80,1,1669,1669,3,5,25,2,0,0,2,0
1323975,2,2023,2023,6,6,3,11,27,4,34609,0,1,1,-33.845858,151.115464,14,0,2,1,2,0,0,0,1,0,7,50,0,941,941,1,10,27,2,0,0,1,0
1323976,4,2023,2023,3,2,5,37,27,5,36,0,1,1,-32.539731,151.764258,51,1,0,1,0,0,0,0,2,0,7,90,1,15,15,1,0,19,2,0,1,0,0
1323981,4,2023,2023,4,3,5,95,31,64,34609,0,1,9,-34.05231,150.735943,12,0,2,1,1,0,0,0,2,0,7,50,0,1850,777,5,16,40,1,0,1,0,0
1323985,1,2023,2023,6,0,9,169,27,24,61,0,1,9,-33.822295,151.170056,38,0,2,1,2,0,0,0,0,0,7,50,1,1669,1669,3,5,27,2,0,0,0,1
1323989,4,2023,2023,6,0,8,154,27,55,244,0,1,9,-33.901171,151.085239,15,0,2,1,2,0,0,0,0,0,7,60,2,2852,2852,4,30,0,2,0,1,0,1
1323990,1,2023,2023,6,3,3,2,27,562,34609,0,1,1,-32.249406,148.672903,22,1,0,1,0,0,0,0,2,0,7,100,0,4026,4026,8,10,40,1,0,0,0,2
1323991,2,2023,2023,6,6,5,10,10,49,34609,0,1,1,-33.912834,150.853495,41,0,2,1,3,0,0,0,2,0,7,60,0,9859,9859,1,8,10,3,0,0,1,0
1323992,4,2023,2023,8,0,7,330,23,293,112,0,1,10,-33.941589,151.239108,59,0,2,1,1,0,0,0,2,2,7,50,2,1282,1282,1,15,0,2,0,1,0,1
1323993,2,2023,2023,6,2,3,86,27,9,65,0,1,1,-29.789768,152.910409,18,1,0,1,0,0,0,0,2,0,7,100,1,945,945,5,10,40,1,0,0,2,1
1323995,4,2023,2023,6,2,7,500,27,129,799,0,1,9,-33.927801,151.07884,15,0,2,1,1,0,0,0,2,0,2,60,2,2040,2040,9,0,28,2,0,1,0,0
1323997,2,2023,2023,6,4,4,2126,17,363,2149,0,1,9,-33.754741,150.707748,55,0,2,1,0,0,3,0,2,0,7,60,2,1945,1945,5,16,40,1,0,0,1,0
1324000,1,2023,2023,6,2,5,23,31,37,38,0,1,7,-33.905159,151.257377,76,0,2,1,3,0,0,0,2,0,0,50,1,5929,5929,1,0,19,2,0,0,0,1
1324002,4,2023,2023,6,1,8,485,27,187,769,0,1,1,-33.782407,150.99665,54,0,2,1,3,0,0,0,2,0,7,60,2,3775,3775,0,5,19,2,0,1,0,0
1324005,2,2023,2023,6,2,3,19,27,118,19,0,1,1,-33.357949,151.292831,16,1,2,1,3,0,3,1,1,0,7,100,1,9859,9859,8,10,40,1,0,0,1,0
1324007,4,2023,2023,8,0,8,17,31,290,33,0,1,9,-33.954937,151.124825,4,0,2,1,2,0,0,0,0,0,7,50,1,2585,777,8,5,40,1,0,1,0,0
1324011,2,2023,2023,8,6,5,7,31,69,34609,0,1,9,-28.547893,153.501791,10,2,1,1,1,0,0,0,2,0,7,50,0,515,515,1,22,5,2,0,0,1,0
1324013,1,2023,2023,6,0,6,3371,17,463,3342,0,1,10,-30.294129,153.115991,19,2,1,1,3,0,0,0,2,2,7,60,2,14295,14295,3,5,5,2,0,0,0,1
1324017,4,2023,2023,6,3,7,27,31,107,157,0,1,10,-29.686441,152.937265,18,2,1,1,3,0,0,0,2,0,0,50,2,6545,6545,4,5,0,2,0,1,0,0
1324020,4,2023,2023,7,4,6,1052,14,160,928,0,1,3,-33.135128,151.474562,37,0,2,1,1,0,0,0,2,0,7,110,2,14295,14295,3,34,35,2,0,1,0,0
1324022,4,2023,2023,0,5,10,23,36,14,62,0,1,1,-30.134004,153.000465,19,1,0,0,0,0,0,0,0,0,7,100,1,2585,4009,8,0,40,1,0,1,0,0
1324023,2,2023,2023,0,2,8,2126,17,247,2149,0,1,9,-33.808467,150.937199,21,0,2,1,1,0,0,0,3,2,7,80,2,5929,5929,1,5,0,2,0,0,1,0
1324025,4,2023,2023,8,1,5,2126,17,323,2149,0,1,10,-33.788972,150.854534,7,0,2,1,2,0,0,0,2,2,7,80,2,4552,985,8,29,40,1,0,1,0,0
1324028,2,2023,2023,7,1,3,512,17,10,441,0,1,1,-32.312356,148.724077,22,1,0,1,0,0,0,0,1,0,7,110,2,945,945,5,10,40,1,0,0,1,0
1324029,4,2023,2023,8,1,4,2209,17,8,2205,0,1,1,-35.085184,150.5392,63,2,1,0,0,0,0,0,2,0,7,80,2,2585,4009,8,5,40,1,0,1,0,0
1324031,4,2023,2023,8,2,3,59,10,84,231,0,1,7,-33.47255,151.394923,16,2,2,1,3,0,0,0,0,0,0,60,2,6545,6545,4,5,5,2,0,1,0,0
1324034,2,2023,2023,6,4,8,118,27,646,118,0,1,10,-33.913202,151.034847,15,0,2,1,2,0,0,0,3,2,7,60,1,6545,6545,4,5,5,2,0,0,2,0
1324036,4,2023,2023,7,5,3,171,27,64,369,0,1,9,-33.715028,150.724966,55,0,2,0,2,0,0,3,1,2,7,80,2,5929,5929,1,30,19,2,0,1,0,0
1324039,1,2023,2023,8,1,3,15,27,41,15,0,1,1,-33.787534,151.273949,50,0,2,1,1,0,0,0,1,0,7,50,1,144,144,1,9,5,2,0,0,0,1
1324041,4,2023,2023,0,0,1,16,31,70,148,0,1,1,-32.897101,151.72077,48,0,2,1,2,0,0,0,0,0,7,60,1,4026,4026,8,30,40,1,0,1,0,0
1324043,2,2023,2023,8,6,6,115,27,84,114,0,1,9,-33.889362,151.25948,76,0,2,0,3,0,0,0,2,2,7,50,2,2852,2852,4,0,18,2,0,0,1,0
1324044,2,2023,2023,6,4,4,1104,14,223,962,0,1,3,-33.805333,150.915349,7,0,2,1,0,0,0,3,2,0,7,100,2,1089,1089,7,5,40,1,0,0,1,0
1324045,1,2023,2023,6,2,9,104,27,246,140,0,1,2,-33.921365,151.195667,69,0,2,1,3,0,0,0,0,2,7,60,2,1981,1981,4,16,5,2,0,0,0,1
1324050,4,2023,2023,6,2,4,2,31,197,34609,0,1,9,-33.79891,151.127285,61,0,2,1,1,0,0,0,2,0,7,50,0,2852,2852,4,5,13,2,0,1,0,0
1324051,2,2023,2023,8,6,4,35,27,14,34609,0,1,1,-28.311961,153.437715,72,2,1,1,0,0,0,0,2,0,7,80,0,1981,1981,4,5,5,2,0,0,1,0
1324052,4,2023,2023,6,2,7,9,27,4,34609,0,1,1,-28.579144,152.930281,51,1,0,1,0,0,0,6,2,0,7,100,0,4026,4026,8,10,40,1,0,1,0,0
1324058,1,2023,2023,8,5,8,34,31,98,260,0,1,10,-33.011101,151.593622,37,0,2,1,2,0,0,0,0,2,15,50,2,1192,1192,1,22,5,3,0,0,0,1
1324059,2,2023,2023,0,4,8,6,31,115,34609,0,1,10,-33.882822,151.189032,69,0,2,1,0,0,3,4,3,0,0,50,0,6545,6545,4,16,0,2,0,0,1,0
1324061,2,2023,2023,0,1,1,39,27,5,29,0,1,1,-32.436657,149.686278,44,1,0,1,0,0,0,0,0,0,7,100,1,475,475,5,10,40,1,0,0,1,0
1324063,2,2023,2023,6,6,11,2209,17,55,2205,0,1,2,-35.706497,150.175104,23,2,1,1,2,0,0,0,0,0,7,60,2,4026,4026,8,5,40,1,0,0,1,0
1324064,4,2023,2023,0,1,1,157,17,5,158,0,1,2,-33.500743,149.391146,3,2,1,0,0,0,0,0,0,0,7,40,2,2585,4009,8,29,40,1,0,1,0,0
1324066,1,2023,2023,7,0,7,193,27,438,103,0,1,1,-33.864729,151.027369,21,0,2,1,3,0,0,0,2,0,7,60,1,941,941,1,10,0,2,0,0,0,1
1324069,1,2023,2023,6,0,7,2,27,32,34609,0,1,9,-33.749415,150.823771,7,0,2,1,1,0,0,0,2,0,7,50,0,4026,4026,8,5,40,1,0,0,0,1
1324070,1,2023,2023,6,4,4,1104,14,323,962,0,1,3,-33.798734,150.857538,7,0,2,1,3,0,0,3,2,0,7,100,2,1192,1192,1,0,0,2,0,0,0,1
1324071,1,2023,2023,6,6,7,866,17,157,793,1,0,10,-33.793912,151.018077,54,0,2,1,3,0,0,0,2,2,7,60,2,5929,5929,1,0,5,2,0,0,0,1
1324072,2,2023,2023,6,6,5,2209,17,77,2205,0,1,9,-33.92388,151.161735,32,0,2,1,3,0,0,0,2,0,7,60,2,14295,14295,3,0,5,3,0,0,1,0
1324074,1,2023,2023,8,4,8,44,31,13,34609,0,1,7,-35.630236,144.12827,51,2,1,1,1,0,0,6,3,0,0,50,0,5929,5929,1,5,0,2,0,0,0,1
1324075,1,2023,2023,6,6,11,7,27,562,34609,0,1,9,-32.200593,148.635734,22,2,1,1,2,0,0,0,0,0,0,80,0,489,489,8,10,40,1,0,0,0,1
1324076,2,2023,2023,6,3,5,57,27,58,75,0,1,9,-33.459432,151.282688,16,2,2,0,0,0,0,0,2,0,7,80,1,5929,5929,1,0,5,2,0,0,1,1
1324078,2,2023,2023,6,6,3,6,27,201,34609,0,1,9,-34.000837,150.854238,13,0,2,1,0,0,0,0,2,0,7,60,0,3775,3775,0,0,10,2,0,0,1,0
1324081,1,2023,2023,6,3,8,2126,17,143,2149,0,1,9,-33.86934,151.108626,9,0,2,1,3,0,0,3,2,2,7,60,2,14295,14295,3,5,0,2,0,0,0,1
1324082,1,2023,2023,6,2,9,1,31,132,34609,0,1,1,-29.772884,151.097625,33,2,1,1,3,0,0,0,0,0,7,50,0,4026,4026,1,16,13,2,0,0,0,1