Crash ID,Degree of crash - detailed,Reporting year,Year of crash,Month of crash,Day of week of crash,Two-hour intervals,Street of crash,Street type,Town,Route no.,School zone location,School zone active,Type of location,Latitude,Longitude,LGA,Urbanisation,Conurbation 1,Alignment,Street lighting,Road surface,Surface condition,Weather,Natural lighting,Signals operation,Other traffic control,Speed limit,Road classification,RUM - code,DCA - code,First impact type,Key TU type,Other TU type,No. of traffic units involved,No. killed,No. seriously injured,No. moderately injured,No. minor-other injured
1324084,2,2023,2023,6,4,3,2209,17,68,2205,0,1,2,-34.087599,151.007588,68,0,2,1,3,0,0,0,1,0,7,60,2,9859,9859,1,5,0,3,0,0,1,0
1324086,1,2023,2023,8,1,7,26,10,370,68,0,1,9,-34.078653,150.797971,13,0,2,0,3,0,0,0,2,0,7,60,1,5929,5929,1,5,5,2,0,0,0,1
1324092,2,2023,2023,6,1,7,132,31,45,126,0,1,9,-33.888217,151.195953,69,0,2,1,2,0,0,0,2,0,15,50,2,775,775,4,5,27,2,0,0,1,0
1324098,1,2023,2023,6,2,2,64,27,175,284,1,0,9,-33.773561,151.069184,54,0,2,1,3,0,0,0,1,0,7,60,2,1669,1669,3,5,5,2,0,0,0,1
1324100,1,2023,2023,6,5,5,78,17,39,75,0,1,2,-33.845789,151.212128,49,0,2,1,3,0,0,0,2,0,7,70,2,1391,1391,1,29,36,2,0,0,0,1
1324116,1,2023,2023,8,1,3,1104,14,223,962,0,1,3,-33.805363,150.915569,7,0,2,1,3,0,0,0,2,0,7,100,2,14295,14295,3,5,0,3,0,0,0,1
1324117,1,2023,2023,6,6,7,251,27,64,212,0,1,9,-33.762084,151.207164,50,0,2,1,3,0,0,0,2,0,0,70,2,14295,14295,3,5,0,2,0,0,0,1
1324119,1,2023,2023,6,4,9,2209,17,130,2205,0,1,1,-34.453904,150.845709,80,0,2,1,3,0,3,4,0,0,7,60,1,1282,1282,1,10,5,2,0,0,0,1
1324120,2,2023,2023,6,1,7,3,7,11,34609,0,1,1,-33.726667,150.792372,7,0,2,1,1,0,0,0,2,0,7,50,0,3775,3775,0,5,36,3,0,0,1,1
1324122,1,2023,2023,6,3,9,3371,17,43,3342,0,1,2,-30.470272,153.001111,6,1,0,0,3,0,3,4,0,0,7,110,2,1957,4009,8,5,40,1,0,0,0,1
1324125,4,2023,2023,6,6,4,13,27,460,34609,0,1,1,-33.826373,150.981921,21,0,2,1,1,0,0,0,2,0,7,50,0,1220,1220,9,5,28,2,0,1,0,0
1324128,4,2023,2023,0,5,8,1,1,23,34609,0,1,1,-32.988949,151.641659,37,0,2,1,1,0,0,0,2,0,7,50,0,9859,9859,1,16,6,2,0,1,0,0
1324129,1,2023,2023,0,1,9,296,27,290,293,0,1,9,-33.854765,150.995459,21,0,2,1,2,0,0,0,0,0,7,70,2,14295,14295,3,5,5,3,0,0,0,4
1324130,1,2023,2023,6,2,6,11,27,40,34609,0,1,1,-35.807929,150.174742,23,1,0,1,0,0,0,0,2,0,7,100,0,1945,1945,5,16,40,1,0,0,0,1
1324131,2,2023,2023,6,5,6,2,31,304,34609,0,1,9,-33.91304,151.159522,32,0,2,1,1,0,0,0,2,0,7,50,0,1192,1192,1,0,18,2,0,0,1,0
1324132,1,2023,2023,8,1,4,229,14,110,237,0,1,6,-33.758982,151.043942,71,0,2,1,1,0,0,0,2,0,7,80,2,14295,14295,3,10,5,2,0,0,0,1
1324133,1,2023,2023,6,6,9,3,27,80,34609,0,1,9,-33.81593,151.166083,38,0,2,1,1,0,0,0,0,0,7,50,0,1945,1945,5,22,40,2,0,0,0,1
1324135,1,2023,2023,6,6,6,175,27,609,220,1,0,2,-33.759601,150.913959,7,0,2,1,3,0,0,0,2,0,7,70,2,1383,1383,1,5,5,2,0,0,0,1
1324139,2,2023,2023,6,0,8,19,10,15,34609,0,1,1,-34.568955,150.829923,62,0,2,0,3,0,0,0,2,0,7,50,0,1957,4009,8,0,40,1,0,0,1,0
1324142,1,2023,2023,6,0,4,11,27,247,34609,0,1,1,-33.818054,150.959663,21,0,2,1,3,0,0,0,2,0,7,50,0,1981,1981,4,5,5,2,0,0,0,1
1324146,1,2023,2023,6,4,7,485,27,24,769,0,1,9,-33.65952,150.876311,7,0,2,0,3,0,0,0,2,0,0,80,2,775,775,4,5,25,2,0,0,0,1
1324150,4,2023,2023,0,0,11,32,14,35,124,0,1,3,-33.818136,151.202096,77,0,2,1,3,0,0,0,0,0,7,80,2,1383,1383,1,5,5,2,0,1,0,0
1324151,1,2023,2023,6,6,5,916,17,12,917,0,1,9,-30.31393,151.690181,1,1,0,1,3,0,0,0,2,0,7,100,2,945,945,5,5,40,1,0,0,0,1
1324153,1,2023,2023,6,3,9,22,1,337,34609,0,1,1,-33.733067,150.999879,71,0,2,1,3,0,0,0,0,0,7,50,0,9859,9859,1,5,5,2,0,0,0,1
1324154,1,2023,2023,6,1,4,60,27,219,262,0,1,10,-32.907537,151.665285,48,0,2,1,3,0,0,0,2,2,7,60,2,186,186,1,5,13,2,0,0,0,1
1324155,1,2023,2023,6,2,3,4,1,33,34609,1,0,7,-33.899184,151.245287,76,0,2,0,3,0,0,0,2,0,0,50,0,6545,6545,4,5,27,2,0,0,0,1
1324158,2,2023,2023,6,5,6,99,31,237,105,0,1,9,-33.869224,150.947748,24,0,2,1,3,0,0,0,2,0,15,60,1,14295,14295,3,5,5,2,0,0,2,0
1324159,1,2023,2023,6,0,8,6,31,224,34609,0,1,9,-33.832464,151.238647,45,0,2,1,3,0,0,0,0,0,7,50,0,1391,1391,1,5,0,3,0,0,0,1
1324160,1,2023,2023,6,4,8,515,14,294,518,0,1,3,-33.939016,150.919519,41,0,2,1,0,0,0,0,2,0,7,100,2,14295,14295,3,10,0,2,0,0,0,1
1324162,1,2023,2023,6,2,9,177,22,239,176,0,1,9,-34.043266,151.124232,68,0,2,1,3,0,0,0,0,0,0,60,2,14295,14295,3,5,36,2,0,0,0,1
1324164,1,2023,2023,6,3,6,2,31,87,34609,0,1,1,-33.684053,150.945656,71,0,2,1,3,0,0,0,2,0,7,50,0,941,941,1,0,0,2,0,0,0,1
1324168,1,2023,2023,6,6,8,346,17,44,332,0,1,9,-28.821541,153.411373,2,2,1,1,3,0,0,0,2,0,0,80,2,6545,6545,4,9,5,2,0,0,0,1
1324171,1,2023,2023,6,5,8,85,27,72,145,0,1,2,-33.799105,151.054135,54,0,2,1,3,0,0,0,2,0,7,70,2,1192,1192,1,0,13,2,0,0,0,1
1324174,1,2023,2023,6,6,2,11,31,228,26,0,1,9,-34.759899,149.717036,26,2,1,1,3,0,0,0,0,0,0,60,2,77,77,1,5,5,2,0,0,0,1
1324177,1,2023,2023,6,5,6,296,27,283,293,0,1,9,-33.832853,151.002838,21,0,2,1,3,0,0,0,2,2,7,70,2,14295,14295,3,5,5,3,0,0,0,1
1324178,1,2023,2023,6,0,5,283,27,145,702,0,1,2,-33.920015,151.066825,15,0,2,1,3,0,0,0,2,0,7,60,2,14295,14295,3,5,5,2,0,0,0,1
1324180,4,2023,2023,6,5,10,104,27,443,702,0,1,9,-33.911313,151.06353,15,0,2,1,3,0,0,0,0,0,7,70,2,1383,1383,1,30,5,2,0,1,0,0
1324186,1,2023,2023,6,1,8,8,1,433,34609,0,1,2,-33.269052,149.098848,52,2,1,1,0,0,0,0,0,0,7,50,0,4026,4026,8,0,40,1,0,0,0,1
1324187,2,2023,2023,6,5,9,515,14,243,518,0,1,3,-33.938856,150.918085,41,0,2,1,0,0,0,0,0,0,7,100,2,14295,14295,3,33,0,3,0,0,1,0
1324189,4,2023,2023,6,2,6,81,31,133,80,0,1,7,-33.922289,151.012871,15,0,2,1,1,0,0,0,2,0,0,60,1,14295,14295,3,16,13,2,0,1,0,1
1324190,2,2023,2023,8,2,11,5,10,83,34609,0,1,2,-33.887389,150.848214,41,0,2,0,2,0,0,0,0,0,7,50,0,1957,4009,8,5,40,1,0,0,1,0
1324192,1,2023,2023,6,5,4,829,27,9,770,0,1,2,-33.839991,151.136154,51,0,2,0,0,0,0,0,2,0,7,70,2,14295,14295,3,9,5,2,0,0,0,1
1324194,2,2023,2023,6,6,5,44,31,41,605,0,1,10,-33.780766,151.267627,50,0,2,1,2,0,0,0,2,2,7,60,2,83,83,1,5,19,2,0,0,1,0
1324195,4,2023,2023,6,5,2,62,27,21,166,0,1,9,-33.229228,151.423171,16,2,2,1,2,0,0,0,0,2,7,60,2,5929,5929,1,10,13,2,0,2,0,0
1324197,2,2023,2023,0,6,3,3,31,5,62,0,1,10,-32.831982,151.480757,17,2,1,1,1,0,0,0,1,0,0,50,2,6545,6545,4,30,0,2,0,0,1,0
1324199,2,2023,2023,4,0,6,107,22,70,17,0,1,9,-34.02774,151.090149,68,0,2,1,0,0,0,0,2,0,0,60,1,14295,14295,3,10,13,5,0,0,1,0
1324201,4,2023,2023,8,6,7,3,27,3,34609,0,1,1,-34.679734,149.899353,26,1,0,0,0,0,0,0,2,0,7,100,0,4552,5151,8,5,40,1,0,1,0,0
1324202,2,2023,2023,3,2,9,81,17,83,33,0,1,9,-34.447557,150.436932,78,2,1,1,2,0,0,0,2,2,7,60,1,5929,5929,1,5,0,2,0,0,2,0
1324204,4,2023,2023,7,3,7,1,23,21,34609,0,1,1,-33.666825,151.092898,31,0,2,1,1,0,0,0,2,0,7,50,0,1850,777,5,16,40,1,0,1,0,0
1324208,4,2023,2023,6,1,5,10,27,108,34609,0,1,1,-33.764117,151.262409,50,0,2,0,0,0,0,0,2,0,7,50,0,3775,3775,0,5,0,3,0,1,0,0
1324211,2,2023,2023,6,2,10,35,27,74,34609,0,1,9,-33.760076,150.678387,55,0,2,1,0,0,0,0,0,0,7,50,0,9859,9859,8,10,40,1,0,0,1,0
1324213,1,2023,2023,6,0,7,110,27,55,10,0,1,7,-33.933415,150.895546,41,0,2,1,0,0,0,0,2,0,0,50,1,5929,5929,1,0,5,2,0,0,0,1
1324214,1,2023,2023,6,1,6,1,27,1,34609,0,1,1,-30.645862,152.758215,47,1,0,1,0,2,0,0,2,0,7,100,0,404,404,8,16,40,1,0,0,0,1
1324218,1,2023,2023,6,2,9,6,31,252,34609,0,1,9,-33.882588,151.217076,69,0,2,1,2,0,0,0,0,0,7,40,0,9859,9859,8,10,40,1,0,0,0,1
1324220,2,2023,2023,6,5,8,48,31,79,34609,0,1,10,-33.579086,150.716636,29,2,2,1,3,0,0,0,2,0,0,50,0,6545,6545,4,0,13,2,0,0,1,0
1324221,2,2023,2023,6,4,8,14,31,42,34609,0,1,10,-35.352643,149.242753,58,2,1,1,3,0,3,4,2,0,0,50,0,6545,6545,4,5,36,2,0,0,1,0
1324223,2,2023,2023,6,5,8,109,27,460,106,0,1,10,-33.835274,150.983653,21,0,2,1,2,0,0,0,3,0,7,60,1,340,340,9,0,28,2,0,0,1,0
1324226,2,2023,2023,6,0,10,6,31,59,144,0,1,2,-32.88524,151.73225,48,0,2,1,2,0,0,0,0,0,7,60,2,4026,4026,8,10,40,1,0,0,1,0
1324227,2,2023,2023,0,6,10,3371,17,53,3342,0,1,9,-33.688468,151.107906,31,0,2,0,2,0,0,0,0,2,15,60,2,2852,2852,4,0,19,2,0,0,1,0
1324228,1,2023,2023,6,5,0,149,10,346,702,0,1,2,-33.885777,151.069046,67,0,2,1,2,0,0,0,0,0,7,70,2,14295,14295,3,33,5,3,0,0,0,1
1324231,4,2023,2023,6,0,9,109,27,247,106,0,1,1,-33.829671,150.951197,21,0,2,1,2,0,0,6,3,0,7,60,1,340,340,9,0,28,2,0,1,0,0
1324232,2,2023,2023,8,4,3,78,31,41,41,0,1,10,-35.052465,148.105835,20,2,1,1,3,0,0,0,1,0,0,50,1,4026,4026,8,10,40,1,0,0,1,0
1324238,1,2023,2023,6,0,4,30,31,169,769,0,1,10,-33.598046,150.749448,29,2,2,1,3,0,0,0,2,0,15,50,2,1259,985,8,9,40,1,0,0,0,1
1324240,2,2023,2023,8,1,8,6,27,10,34609,0,1,1,-31.345658,152.782859,56,2,1,0,0,0,0,0,2,0,7,80,0,1850,1463,5,16,40,1,0,0,1,0
1324241,1,2023,2023,6,1,4,52,27,438,103,0,1,10,-33.863758,151.018542,21,0,2,1,3,0,0,0,2,2,7,50,1,14295,14295,3,5,0,3,0,0,0,1
1324242,1,2023,2023,6,5,4,2126,17,438,2149,0,1,1,-33.840448,151.033943,21,0,2,1,3,0,0,0,2,0,7,60,2,14295,14295,3,8,5,2,0,0,0,1
1324244,2,2023,2023,6,5,4,79,27,46,159,0,1,10,-33.940866,151.116035,4,0,2,1,3,0,0,0,2,1,7,60,2,5929,5929,1,10,13,3,0,0,1,0
1324245,1,2023,2023,6,6,4,16,27,316,25,0,1,10,-33.910039,151.25164,59,0,2,1,3,0,0,0,2,2,7,50,1,1391,1391,1,5,0,2,0,0,0,1
1324246,1,2023,2023,6,0,7,103,27,72,563,0,1,9,-33.799389,151.055069,54,0,2,0,3,0,0,0,2,2,0,70,2,14295,14295,3,0,0,2,0,0,0,2
1324248,2,2023,2023,6,1,8,95,31,463,32,0,1,1,-30.281116,153.133092,19,2,1,0,0,0,0,0,2,0,7,60,1,1192,1192,1,5,27,2,0,0,1,0
1324249,2,2023,2023,6,2,7,60,27,237,34609,0,1,7,-33.873607,150.954831,24,0,2,1,0,0,0,0,2,0,0,40,0,2040,2040,9,5,28,2,0,0,1,0
1324250,2,2023,2023,8,5,5,3,27,118,34609,0,1,1,-33.411961,151.284379,16,2,2,0,0,0,0,0,2,0,7,60,0,1669,1669,3,5,0,2,0,0,1,0
1324252,1,2023,2023,6,1,9,346,36,22,14,0,1,9,-28.743854,150.420052,51,1,0,1,0,0,0,0,0,0,0,100,1,6545,6545,4,10,0,2,0,0,0,1
1324253,4,2023,2023,8,6,3,8,31,40,34609,0,1,1,-34.416215,150.885204,80,0,2,1,2,0,0,0,0,0,7,50,0,9859,9859,8,22,40,1,0,1,0,0
1324256,2,2023,2023,6,5,9,85,10,73,702,0,1,2,-33.836995,151.084505,14,0,2,1,2,0,0,0,0,0,7,70,2,14295,14295,3,5,0,2,0,0,2,0
1324261,2,2023,2023,6,3,6,14,18,18,34609,0,1,1,-31.126256,150.938552,70,2,1,1,0,0,0,0,2,0,7,50,0,340,340,9,5,28,2,0,0,1,0
1324263,2,2023,2023,0,2,8,387,27,253,331,0,1,10,-33.963628,151.092901,25,0,2,1,0,0,0,0,2,3,7,60,2,3775,3775,0,5,25,3,0,0,1,0
1324264,4,2023,2023,0,5,3,45,31,173,55,1,0,1,-33.874952,151.212443,69,0,2,1,1,0,0,0,2,2,9,40,1,2040,2040,9,22,28,2,0,1,0,0
1324266,1,2023,2023,6,4,7,2261,17,83,2252,0,1,3,-34.431907,150.458156,78,1,0,1,0,0,3,4,2,0,7,110,2,14295,14295,3,10,36,2,0,0,0,1
1324268,4,2023,2023,6,4,8,49,22,41,96,0,1,2,-32.970831,151.638566,37,0,2,1,2,0,3,4,0,0,7,60,2,14295,14295,3,5,5,3,0,1,0,0
1324269,4,2023,2023,6,0,2,12,27,7,11,0,1,1,-32.778816,152.110074,57,2,1,1,2,0,3,3,0,0,7,70,0,9859,9859,8,10,40,1,0,1,0,0
1324270,1,2023,2023,0,1,4,10,27,106,34609,0,1,1,-33.888894,151.181813,69,0,2,1,0,0,0,0,2,0,9,40,0,591,591,1,22,5,2,0,0,0,1
1324271,4,2023,2023,6,1,4,2,25,78,34609,0,1,9,-28.336542,153.366983,72,2,1,1,1,0,0,0,2,0,0,50,0,2852,2852,4,5,13,2,0,1,2,0
1324273,4,2023,2023,6,5,3,515,14,166,518,0,1,3,-33.946352,150.972342,15,0,2,1,2,0,0,0,0,0,7,100,2,14295,14295,3,5,36,3,0,1,1,0
1324274,2,2023,2023,6,0,2,10,27,14,27,0,1,1,-33.715147,150.782686,7,0,2,1,0,0,0,0,0,0,7,80,1,9859,9859,8,5,40,1,0,0,1,0
1324280,4,2023,2023,6,0,6,265,10,445,563,0,1,10,-33.861729,151.042278,21,0,2,1,1,0,0,0,2,2,7,70,2,14295,14295,3,5,0,2,0,1,0,0
1324281,4,2023,2023,4,0,4,1,27,11,1,0,1,1,-30.473922,152.314896,1,1,0,1,0,2,0,0,2,0,7,100,0,1089,1089,7,16,40,1,0,1,0,0
1324283,1,2023,2023,7,6,3,89,36,49,81,0,1,1,-34.333019,148.678265,30,1,0,0,0,0,3,4,2,0,7,100,2,418,714,5,10,40,1,0,0,0,1
1324284,1,2023,2023,6,0,5,485,27,232,769,0,1,10,-33.6842,150.916785,7,0,2,1,0,0,0,0,2,2,7,80,2,14295,14295,3,21,13,2,0,0,0,1
1324286,4,2023,2023,6,2,10,5,31,363,769,0,1,0,-33.8145,150.999803,54,0,2,1,2,0,0,0,0,0,7,60,2,3775,3775,0,0,19,3,0,1,1,0
1324288,2,2023,2023,6,1,7,161,17,8,161,0,1,1,-35.308411,148.064905,66,2,1,1,0,0,3,0,2,0,7,40,2,237,162,8,5,40,1,0,0,1,0
1324290,2,2023,2023,8,6,11,2,31,193,34609,0,1,1,-33.785654,151.100734,61,0,2,1,2,0,3,0,0,0,7,50,0,4026,4026,1,5,0,2,0,0,1,0
1324291,4,2023,2023,4,4,8,866,17,173,793,0,1,2,-33.720129,151.105823,31,0,2,1,0,0,0,0,2,0,7,70,2,1383,1383,1,16,0,2,0,1,0,0
1324297,4,2023,2023,6,2,8,70,27,78,100,1,0,1,-33.690247,150.583518,8,2,2,1,2,0,0,0,3,0,7,60,2,238,238,9,10,28,2,0,1,0,0
1324298,2,2023,2023,8,5,6,8,31,10,34609,0,1,9,-33.098216,151.641699,37,0,2,1,0,0,0,0,2,0,0,50,0,6545,6545,4,5,27,2,0,0,1,0
1324300,2,2023,2023,6,6,4,478,17,89,480,0,1,9,-33.385697,151.472515,16,2,2,1,0,0,0,0,2,0,15,60,2,5929,5929,1,5,5,2,0,0,1,0
1324302,4,2023,2023,6,0,4,33,31,98,34609,0,1,10,-33.011702,151.589972,37,0,2,1,1,0,0,0,2,0,15,60,0,6545,6545,4,30,41,3,0,1,0,0
1324303,2,2023,2023,6,4,3,22,10,108,57,0,1,7,-28.851151,153.553948,2,2,1,1,0,0,0,0,2,0,0,60,1,6545,6545,4,22,5,2,0,0,1,0
1324305,2,2023,2023,6,4,4,10,31,61,34609,0,1,2,-29.739416,151.73531,51,2,1,1,1,0,0,3,2,0,7,40,0,214,214,9,0,28,2,0,0,1,0
1324306,2,2023,2023,6,6,6,12,31,284,34609,0,1,10,-33.910449,151.013815,15,0,2,1,0,0,0,0,2,0,15,50,0,6545,6545,4,5,13,2,0,0,1,0
1324311,4,2023,2023,8,3,5,205,27,161,415,0,1,2,-33.731087,151.157199,36,0,2,1,1,0,0,0,2,0,7,60,2,14295,14295,3,5,19,2,0,1,0,0
1324312,2,2023,2023,6,4,10,10,27,18,34609,0,1,1,-33.329586,149.060471,52,2,1,0,0,0,3,4,0,0,7,80,0,4552,5151,8,5,40,1,0,0,2,0
1324313,2,2023,2023,8,6,8,3371,17,52,3342,0,1,1,-33.269904,151.454181,16,2,2,0,1,0,0,0,3,0,7,70,2,14295,14295,3,5,5,2,0,0,2,0
1324314,2,2023,2023,7,5,3,30,27,104,34609,0,1,1,-32.839966,151.689509,48,0,2,0,1,0,3,4,2,0,7,50,0,3775,3775,0,5,13,2,0,0,1,0
1324316,2,2023,2023,6,4,6,133,10,316,121,0,1,1,-31.466568,152.900441,56,2,1,1,0,0,0,0,2,0,7,70,1,3775,3775,0,5,0,2,0,0,1,0
1324321,4,2023,2023,8,1,7,485,27,50,769,0,1,2,-33.652536,150.866577,29,2,2,0,0,0,0,0,2,0,7,80,2,1383,1383,1,5,35,3,0,3,1,1
1324325,1,2023,2023,6,2,3,18,27,58,34609,0,1,7,-34.048101,151.132346,68,0,2,1,0,0,0,0,2,0,0,50,0,6545,6545,4,5,27,2,0,0,0,1
1324330,4,2023,2023,8,2,5,178,27,115,101,0,1,1,-33.956233,151.051584,25,0,2,1,0,0,0,0,2,0,7,50,1,591,591,1,18,5,2,0,1,0,0
1324331,4,2023,2023,8,5,8,177,22,70,176,0,1,10,-34.032041,151.080847,68,0,2,1,2,0,0,0,0,2,7,60,2,2040,2040,9,5,28,2,0,1,0,0
1324332,2,2023,2023,6,0,8,48,27,10,26,0,1,1,-35.070701,149.654509,26,2,1,1,1,0,3,4,0,0,7,60,2,4026,4026,8,5,40,1,0,0,1,0
1324334,1,2023,2023,7,2,11,1,31,147,34609,0,1,1,-33.758681,151.139545,36,0,2,1,2,0,0,0,0,0,7,50,0,312,312,2,0,40,1,0,0,0,1
1324339,4,2023,2023,0,2,3,46,27,304,39,0,1,9,-33.908328,151.151268,32,0,2,1,1,0,0,0,1,0,0,60,1,926,926,4,0,19,2,0,1,0,0
1324341,2,2023,2023,0,2,4,31,27,68,78,0,1,1,-33.723646,149.875018,51,1,0,0,0,0,0,0,2,0,7,100,1,1259,5151,8,5,40,1,0,0,1,0
1324342,4,2023,2023,7,2,11,4,27,56,34609,0,1,1,-32.824885,151.314429,17,2,1,1,0,0,0,0,0,0,7,80,0,9859,9859,8,10,40,1,0,1,0,0
1324343,4,2023,2023,8,4,9,45,27,304,96,0,1,10,-33.907603,151.159162,32,0,2,1,2,0,0,0,0,2,7,60,2,5929,5929,1,5,19,2,0,1,0,0
1324344,2,2023,2023,7,6,5,12,2,232,34609,0,1,9,-33.696432,150.931706,71,0,2,0,1,0,0,0,2,0,0,50,0,1669,1669,3,9,5,2,0,0,1,0
1324346,1,2023,2023,8,2,5,13,27,460,34609,0,1,1,-33.826337,150.981753,21,0,2,1,1,0,0,0,2,0,7,50,0,2040,2040,9,0,28,2,0,0,0,1
1324347,2,2023,2023,0,3,11,89,17,82,34609,0,1,1,-34.361392,150.899292,80,0,2,1,3,0,3,3,0,0,7,60,0,9859,9859,8,0,40,1,0,0,1,0
1324349,2,2023,2023,6,6,8,35,27,91,96,0,1,1,-32.960756,151.664747,37,0,2,1,3,0,3,4,2,0,7,70,2,14295,14295,3,0,5,2,0,0,1,0
1324351,2,2023,2023,0,1,6,255,27,28,34609,1,0,1,-32.952014,151.623415,37,0,2,1,3,0,0,0,2,0,7,60,0,144,144,1,5,5,2,0,0,1,0
1324352,4,2023,2023,8,2,6,3371,17,207,3342,0,1,1,-33.559833,151.19134,31,0,2,0,0,0,0,0,2,0,7,80,2,1850,1463,5,16,40,1,0,1,0,0
1324355,1,2023,2023,8,6,4,2,1,278,34609,1,2,9,-33.770664,151.058819,54,0,2,1,3,0,0,0,2,0,7,40,0,5929,5929,1,30,36,2,0,0,0,1
1324356,4,2023,2023,7,4,1,3371,17,19,3342,0,1,2,-31.85949,152.600699,43,1,0,1,0,0,3,0,0,0,7,100,2,4026,4026,8,34,40,1,0,2,0,0
1324357,1,2023,2023,8,6,8,2261,17,284,2252,0,1,2,-33.907292,151.021597,15,0,2,1,3,0,0,0,2,0,7,60,2,14295,14295,3,16,5,2,0,0,0,1
1324360,4,2023,2023,6,6,8,2126,17,22,2149,0,1,2,-33.582112,150.224487,40,2,1,0,3,0,0,0,0,0,7,60,2,2585,4009,8,16,40,1,0,1,0,0
1324365,1,2023,2023,8,4,8,829,27,149,770,0,1,2,-33.868675,151.183614,32,0,2,1,3,0,0,0,0,0,7,60,2,14295,14295,3,5,5,2,0,0,0,1
1324367,1,2023,2023,8,2,7,3,27,3,34609,0,1,1,-31.84333,152.74226,43,2,1,1,3,0,0,0,2,0,7,60,0,9859,9859,8,0,40,1,0,0,0,1
1324368,1,2023,2023,6,0,9,123,27,37,120,0,1,1,-33.902927,151.253076,76,0,2,1,3,0,0,0,3,0,7,50,2,14295,14295,3,9,36,4,0,0,0,1
1324373,1,2023,2023,6,6,11,114,27,4,65,0,1,1,-33.415842,151.150346,16,2,2,0,3,0,0,0,0,0,7,70,1,4552,5151,8,10,40,1,0,0,0,1
1324378,2,2023,2023,6,1,4,2261,17,523,2252,0,1,10,-33.928701,150.917871,41,0,2,0,3,0,0,0,2,2,7,60,2,3775,3775,0,5,5,2,0,0,1,0
1324380,1,2023,2023,6,4,10,1,27,32,34609,0,1,1,-32.299575,150.054276,73,1,0,0,3,0,0,0,4,0,7,100,0,1089,1089,7,30,40,1,0,0,0,1
1324381,2,2023,2023,0,3,0,10,31,102,34609,0,1,1,-31.110486,150.905277,70,2,1,1,2,0,0,0,0,0,7,50,0,9859,9859,1,5,13,2,0,0,1,0
1324384,2,2023,2023,6,3,5,7,10,387,34609,0,1,2,-33.930169,151.164664,32,0,2,1,3,0,0,0,2,0,7,60,0,14295,14295,3,10,0,3,0,0,1,0
1324385,2,2023,2023,8,0,9,2261,17,523,2252,0,1,2,-33.917056,150.919971,41,0,2,1,3,0,0,0,3,0,7,60,2,14295,14295,3,5,0,2,0,0,1,0
1324386,4,2023,2023,8,0,7,74,23,100,260,0,1,9,-33.961701,151.155931,4,0,2,1,0,0,0,0,2,0,2,60,2,340,340,9,5,28,2,0,1,0,0
1324389,2,2023,2023,0,3,1,1,18,28,34609,0,1,1,-28.705631,153.527605,10,1,0,0,0,2,3,4,0,0,7,100,0,2585,4009,8,0,40,1,0,0,2,1
1324391,2,2023,2023,0,4,5,76,31,15,34609,0,1,10,-34.547712,148.359714,30,2,1,1,1,0,0,0,2,0,0,50,0,6545,6545,4,0,41,2,0,0,1,0
1324393,2,2023,2023,7,6,4,16,36,17,41,0,1,1,-34.831182,147.419176,51,1,0,1,0,0,0,0,2,0,13,100,1,19,19,10,8,38,2,0,0,3,0
1324397,4,2023,2023,0,2,9,1,18,24,34609,0,1,1,-32.905275,151.787024,48,0,2,1,0,0,0,0,0,0,7,50,0,4026,4026,8,0,40,1,0,1,0,0
1324398,2,2023,2023,7,4,8,283,27,70,702,0,1,10,-33.974692,151.102317,25,0,2,1,1,0,0,0,2,0,7,60,2,1220,1220,9,5,28,2,0,0,1,0
1324402,4,2023,2023,8,6,4,25,31,49,56,0,1,7,-34.44691,147.533594,51,2,1,1,1,0,0,0,2,0,9,50,2,2040,2040,9,10,28,2,0,1,0,0
1324403,4,2023,2023,8,2,9,41,27,7,34609,0,1,9,-33.054368,151.296877,16,1,2,0,0,2,0,0,0,0,7,100,0,2585,4009,8,33,40,1,0,1,0,1
1324424,4,2023,2023,0,2,4,12,31,18,8,0,1,1,-28.977912,153.288287,60,2,1,0,0,0,0,0,2,0,7,80,1,4552,5151,8,5,40,1,0,1,0,0
1324425,4,2023,2023,7,1,8,162,31,316,34609,0,1,1,-33.906757,151.235141,59,0,2,1,1,0,0,0,2,0,7,50,0,28,28,1,5,20,2,0,1,0,0
1324426,2,2023,2023,8,2,7,191,27,33,208,0,1,1,-33.801593,151.100387,61,0,2,1,1,0,0,0,2,0,7,60,2,4026,4026,8,0,40,1,0,0,1,0
1324427,1,2023,2023,7,2,10,224,27,387,321,0,1,2,-33.924764,151.195716,4,0,2,1,2,0,0,0,0,0,7,50,2,2040,2040,9,0,28,2,0,0,0,1
1324429,4,2023,2023,8,1,2,224,27,246,321,0,1,9,-33.902803,151.201781,69,0,2,1,2,0,0,0,0,0,15,50,2,1282,1282,1,5,40,1,0,1,0,0
1324430,4,2023,2023,8,3,4,12,27,17,103,0,1,9,-32.061492,152.285006,43,1,0,0,0,0,0,0,2,0,0,90,1,1850,777,5,16,40,1,0,1,0,0
1324432,2,2023,2023,8,1,11,18,27,12,41,0,1,1,-33.444503,148.778078,11,1,0,0,0,0,0,0,0,0,7,100,1,1259,5151,8,0,40,1,0,0,1,0
1324433,2,2023,2023,4,6,6,14,31,130,34609,0,1,10,-33.867567,151.189357,69,0,2,1,1,0,0,0,2,0,7,40,0,6545,6545,4,5,5,2,0,0,1,0
1324437,2,2023,2023,0,3,9,7,1,433,34609,0,1,9,-33.299949,149.1186,52,2,1,1,2,0,3,4,0,0,0,50,0,5929,5929,1,5,19,2,0,0,1,0