Crash ID,Degree of crash - detailed,Reporting year,Year of crash,Month of crash,Day of week of crash,Two-hour intervals,Street of crash,Street type,Town,Route no.,School zone location,School zone active,Type of location,Latitude,Longitude,LGA,Urbanisation,Conurbation 1,Alignment,Street lighting,Road surface,Surface condition,Weather,Natural lighting,Signals operation,Other traffic control,Speed limit,Road classification,RUM - code,DCA - code,First impact type,Key TU type,Other TU type,No. of traffic units involved,No. killed,No. seriously injured,No. moderately injured,No. minor-other injured
1324438,4,2023,2023,8,1,1,74,23,49,260,0,1,9,-33.96669,151.153958,4,0,2,1,2,0,0,0,0,2,7,60,2,2585,777,8,5,40,1,0,1,1,1
1324439,4,2023,2023,0,5,8,387,27,91,331,0,1,9,-33.96198,151.079375,25,0,2,1,2,0,0,0,0,2,7,60,2,5929,5929,1,5,27,2,0,1,0,0
1324440,4,2023,2023,7,1,8,829,31,173,34609,0,1,2,-33.879835,151.220451,69,0,2,1,1,0,0,0,2,0,7,40,0,9859,9859,8,5,40,1,0,1,1,0
1324441,4,2023,2023,0,0,6,48,31,161,34609,0,1,1,-33.877257,151.152588,32,0,2,1,0,0,0,0,2,0,7,50,0,941,941,1,5,27,2,0,1,0,0
1324442,2,2023,2023,7,0,11,7,2,12,34609,0,1,2,-33.136884,151.55848,16,2,2,0,2,0,0,0,0,0,7,50,0,1957,4009,8,5,40,1,0,0,3,0
1324447,4,2023,2023,6,4,5,12,27,173,10,0,1,10,-33.777384,151.118029,61,0,2,1,0,0,0,3,2,2,7,50,1,2040,2040,9,5,28,2,0,1,0,0
1324452,4,2023,2023,0,4,0,9,27,55,34609,0,1,1,-33.37369,151.463113,16,2,2,1,2,0,0,0,0,0,7,50,0,4026,4026,1,5,0,3,0,1,0,0
1324454,4,2023,2023,0,4,8,481,17,96,483,0,1,1,-33.429786,147.925919,51,1,0,1,0,0,0,0,2,0,7,110,2,941,941,1,10,2,3,0,2,0,1
1324459,2,2023,2023,6,2,10,119,31,173,207,0,1,9,-33.87549,151.221338,69,0,2,1,2,0,0,0,0,0,7,50,2,623,623,3,22,5,2,0,0,1,0
1324460,4,2023,2023,8,5,8,19,10,15,34609,0,1,1,-34.568734,150.828222,62,0,2,0,1,0,0,0,2,0,7,50,0,1220,1220,9,0,28,2,0,1,1,0
1324466,2,2023,2023,6,2,8,500,27,293,799,1,0,9,-33.931813,151.05624,15,0,2,1,2,0,0,0,2,2,7,60,2,5929,5929,1,15,5,2,0,0,1,0
1324468,4,2023,2023,6,5,8,9,27,224,44,0,1,10,-33.822152,151.23885,45,0,2,1,2,0,0,0,3,2,7,50,1,5929,5929,1,0,19,2,0,1,0,0
1324469,2,2023,2023,6,4,10,1,27,26,34609,0,1,1,-33.069903,151.577303,37,0,2,1,2,0,0,0,0,0,7,50,0,4026,4026,8,30,40,1,0,0,1,0
1324470,1,2023,2023,8,6,9,2209,17,166,2205,0,1,9,-33.897314,151.179072,32,0,2,1,2,0,3,0,0,2,7,40,2,340,340,9,33,28,2,0,0,0,1
1324474,2,2023,2023,6,2,6,7,27,309,22,0,1,9,-33.801308,151.116851,61,0,2,1,1,0,0,0,2,0,7,60,1,1669,1669,3,0,5,2,0,0,1,0
1324477,4,2023,2023,6,4,9,175,27,55,220,0,1,10,-33.747529,150.916297,7,0,2,1,2,0,3,4,0,2,7,70,2,2040,2040,9,10,28,2,0,1,1,0
1324478,4,2023,2023,8,6,4,85,27,72,145,0,1,9,-33.799075,151.053967,54,0,2,1,1,0,0,0,2,0,0,70,2,5929,5929,1,9,5,2,0,1,0,0
1324480,1,2023,2023,7,4,10,15,27,9,34609,0,1,1,-29.779387,151.018646,33,1,0,0,0,0,0,0,0,0,7,100,0,1259,5151,8,5,40,1,0,0,0,2
1324481,4,2023,2023,6,0,3,2209,17,40,2205,0,1,2,-34.699025,150.840312,35,2,1,0,0,0,3,0,2,0,7,80,2,4552,5151,8,5,40,1,0,1,0,0
1324482,2,2023,2023,0,2,8,158,27,68,207,0,1,1,-33.878503,151.241176,81,0,2,0,1,0,3,4,2,0,7,60,2,1850,1463,5,22,40,1,0,0,1,0
1324483,1,2023,2023,8,1,9,7,31,134,34609,0,1,7,-33.683081,150.871433,7,0,2,1,0,0,0,0,0,0,0,50,0,2040,2040,9,5,28,2,0,0,0,1
1324484,4,2023,2023,8,5,8,1,31,134,34609,0,1,1,-33.893454,151.252243,76,0,2,1,1,0,0,0,3,0,7,50,0,2040,2040,9,0,28,2,0,1,0,0
1324488,2,2023,2023,5,4,1,2261,17,443,2252,0,1,9,-33.893415,151.054925,15,0,2,1,2,0,0,0,0,0,7,70,2,9859,9859,8,5,40,1,0,0,1,0
1324489,1,2023,2023,8,4,9,2209,17,144,2205,0,1,9,-34.063896,151.019052,68,0,2,1,2,0,0,0,0,0,0,70,2,5929,5929,1,10,5,3,0,0,0,1
1324491,4,2023,2023,0,4,2,2,27,2,34609,0,1,1,-34.266836,145.751125,51,1,0,1,0,2,0,0,0,0,7,100,0,1945,1945,5,0,40,1,0,1,0,0
1324492,4,2023,2023,8,0,7,82,27,84,181,0,1,9,-33.893188,151.258654,76,0,2,1,0,0,0,0,2,2,7,50,2,515,515,1,5,19,2,0,1,0,0
1324496,2,2023,2023,6,1,7,5,31,64,46,0,1,10,-33.481076,150.161386,40,2,1,1,1,0,0,0,2,2,9,50,2,1220,1220,9,0,28,2,0,0,1,0
1324497,2,2023,2023,5,6,0,2126,17,136,2149,0,1,9,-33.85845,151.069509,67,0,2,1,2,0,3,3,0,2,7,60,2,395,395,1,16,5,2,0,0,1,0
1324499,2,2023,2023,3,3,2,97,17,34,88,0,1,2,-34.837104,149.579082,26,1,0,1,3,0,0,0,1,0,7,110,2,1089,1089,7,30,40,1,0,0,1,0
1324507,1,2023,2023,0,3,7,1052,14,57,928,0,1,3,-33.679703,151.120872,31,0,2,1,0,0,3,4,2,0,7,110,2,14295,14295,3,10,5,3,0,0,0,1
1324511,1,2023,2023,6,4,5,171,27,363,369,0,1,6,-33.746824,150.71431,55,0,2,1,1,0,0,0,2,0,0,70,2,14295,14295,3,9,5,2,0,0,0,1
1324514,2,2023,2023,0,3,6,1,27,316,34609,0,1,1,-31.421715,152.892254,56,2,1,0,0,0,0,0,2,0,7,50,0,1957,4009,1,5,40,2,0,0,1,0
1324517,2,2023,2023,4,3,8,48,27,70,166,0,1,1,-33.257635,151.510588,16,2,2,1,0,0,0,3,2,0,7,40,2,9859,9859,1,5,0,2,0,0,1,0
1324519,1,2023,2023,8,0,9,24,27,123,34609,0,1,9,-33.881989,151.228954,81,0,2,0,2,0,0,0,0,0,7,40,0,57,57,1,0,27,2,0,0,0,1
1324520,2,2023,2023,6,0,9,70,27,26,100,0,1,1,-33.675817,150.605382,8,2,2,1,2,0,0,0,0,0,7,60,2,591,591,1,22,5,2,0,0,1,0
1324527,1,2023,2023,6,5,6,3,27,8,34609,0,1,1,-33.643635,151.319177,50,0,2,0,1,0,0,0,2,0,7,50,0,4552,5151,1,19,36,2,0,0,0,1
1324530,1,2023,2023,6,6,8,27,27,54,65,0,1,1,-33.705663,151.011172,71,0,2,1,2,0,0,0,3,0,7,60,1,14295,14295,3,10,5,2,0,0,0,1
1324531,2,2023,2023,6,1,7,512,31,24,34609,0,1,1,-32.910419,151.78661,48,0,2,1,2,0,0,0,2,0,7,50,0,14295,14295,3,0,27,2,0,0,1,0
1324532,4,2023,2023,6,5,4,1,27,15,34609,0,1,1,-35.786439,146.851046,27,1,0,0,0,0,3,1,2,0,7,100,0,2585,4009,8,0,40,1,0,1,0,0
1324538,2,2023,2023,6,4,6,2261,17,96,2252,0,1,3,-34.216213,150.682371,79,1,2,1,3,0,0,0,2,0,8,110,2,1192,1192,1,30,10,2,0,0,1,0
1324543,1,2023,2023,5,5,3,37,31,337,217,0,1,10,-33.732833,151.00689,71,0,2,1,3,0,3,4,1,2,7,60,2,5929,5929,1,5,5,2,0,0,0,1
1324547,1,2023,2023,6,5,7,100,31,363,769,0,1,10,-33.815962,150.999347,54,0,2,1,3,0,0,0,2,2,7,60,2,14295,14295,3,10,5,2,0,0,0,1
1324549,1,2023,2023,6,5,9,112,17,12,112,0,1,1,-31.554306,144.77548,51,1,0,1,0,0,0,0,0,0,7,110,2,945,945,5,0,40,1,0,0,0,1
1324551,1,2023,2023,6,5,7,2,31,193,34609,0,1,9,-33.794537,151.078017,61,0,2,1,1,0,0,0,2,0,0,50,0,6545,6545,4,5,5,2,0,0,0,1
1324556,2,2023,2023,3,5,7,5,10,120,34609,0,1,9,-32.196763,152.518316,43,2,1,0,1,0,0,0,2,0,7,50,0,5929,5929,1,5,0,2,0,0,1,0
1324557,4,2023,2023,6,2,8,3371,17,29,3342,0,1,2,-31.764945,152.671925,43,1,0,1,3,0,0,0,2,0,7,110,2,9859,9859,8,21,40,1,0,1,0,0
1324558,2,2023,2023,6,1,9,171,27,73,369,0,1,9,-33.715028,150.724966,55,0,2,1,0,0,3,3,3,2,7,70,2,5929,5929,1,0,5,2,0,0,2,0
1324560,4,2023,2023,5,3,4,1,27,7,34609,0,1,1,-33.101191,151.372952,16,1,2,1,0,2,0,0,2,0,7,100,0,1945,1945,5,16,40,1,0,1,0,0
1324561,1,2023,2023,6,5,6,5,31,83,34609,0,1,1,-33.905561,151.119698,15,0,2,1,1,0,0,0,2,0,7,50,0,1945,1945,5,15,40,1,0,0,0,1
1324562,4,2023,2023,6,3,3,23,31,43,34609,0,1,7,-33.690271,151.301027,50,0,2,0,1,0,3,4,1,0,0,50,0,404,404,8,16,40,1,0,1,0,0
1324564,2,2023,2023,6,6,8,36,27,33,36,0,1,9,-34.019336,150.809796,13,0,2,1,2,0,3,4,0,0,0,50,1,926,926,4,16,5,2,0,0,1,1
1324568,4,2023,2023,5,1,3,3,27,15,34609,0,1,1,-35.348409,146.1169,51,1,0,0,0,0,0,0,1,0,7,100,0,380,714,5,9,40,1,0,1,1,0
1324569,1,2023,2023,8,6,8,41,27,293,91,0,1,10,-33.952633,151.244346,59,0,2,1,1,0,0,0,3,0,0,50,1,6545,6545,4,5,0,2,0,0,0,1
1324570,1,2023,2023,8,0,5,171,27,60,369,0,1,10,-34.025833,150.726224,12,0,2,1,3,0,0,0,2,2,7,60,2,6545,6545,4,5,13,2,0,0,0,1
1324571,1,2023,2023,6,5,9,17,27,164,65,0,1,9,-33.711183,150.879858,7,0,2,1,3,0,0,0,3,0,7,60,1,14295,14295,3,0,5,2,0,0,0,1
1324572,2,2023,2023,6,2,8,99,31,237,105,0,1,9,-33.875411,150.943917,24,0,2,1,0,0,0,0,3,0,0,60,1,5929,5929,1,5,0,2,0,0,1,0
1324576,4,2023,2023,6,4,5,6,10,74,34609,0,1,1,-34.052668,150.751296,12,0,2,1,0,0,0,0,2,0,7,50,0,9859,9859,8,5,40,3,0,1,0,0
1324577,4,2023,2023,6,3,4,3,27,223,34609,0,1,1,-33.800027,150.921205,7,0,2,1,1,0,0,0,2,0,7,50,0,1282,1282,1,16,40,1,0,1,0,0
1324578,1,2023,2023,5,3,6,196,10,70,168,0,1,9,-33.907018,150.982049,15,0,2,0,3,0,0,0,2,0,7,60,2,1957,4009,8,5,40,1,0,0,0,1
1324579,4,2023,2023,6,2,7,2126,17,363,2149,0,1,9,-33.821907,151.004152,54,0,2,1,1,0,0,0,2,0,0,60,2,2852,2852,4,5,19,2,0,1,0,0
1324580,2,2023,2023,7,0,10,387,27,290,331,0,1,1,-33.944876,151.128519,4,0,2,1,2,0,0,0,0,0,7,60,2,14295,14295,3,5,25,2,0,0,1,0
1324581,1,2023,2023,6,0,4,34,27,225,69,0,1,9,-33.795914,151.174526,77,0,2,1,3,0,0,0,2,0,7,50,2,14295,14295,3,10,5,3,0,0,0,1
1324584,1,2023,2023,5,2,9,2261,17,284,2252,0,1,2,-33.907132,151.02201,15,0,2,1,3,0,0,0,0,0,7,60,2,14295,14295,3,5,36,2,0,0,0,1
1324586,1,2023,2023,6,2,6,57,27,337,47,0,1,2,-33.728784,150.995112,71,0,2,1,3,0,0,0,2,0,7,60,2,14295,14295,3,0,5,2,0,0,0,2
1324587,2,2023,2023,6,1,3,916,17,66,917,0,1,2,-32.812853,151.658448,48,0,2,1,3,0,0,0,1,0,7,90,2,1383,1383,1,5,10,2,0,0,1,0
1324590,2,2023,2023,6,3,6,5,22,168,34609,0,1,7,-33.718201,150.84116,7,0,2,1,1,0,0,0,2,0,0,60,0,1945,1945,5,16,40,1,0,0,1,0
1324594,1,2023,2023,6,1,6,28,27,346,63,0,1,7,-33.872217,151.087222,67,0,2,0,3,0,0,0,2,0,0,50,1,623,623,3,0,5,2,0,0,0,1
1324595,2,2023,2023,5,1,5,8,32,290,34609,0,1,10,-33.941857,151.127227,4,0,2,1,3,0,0,0,2,0,7,50,0,5929,5929,1,0,0,2,0,0,1,0
1324596,1,2023,2023,5,1,4,9,31,147,69,0,1,10,-33.870147,151.130927,14,0,2,1,3,0,0,0,2,2,7,60,2,301,301,4,5,5,2,0,0,0,1
1324601,2,2023,2023,5,5,9,2,10,85,34609,0,1,1,-34.590407,150.783925,62,0,2,0,3,0,3,4,0,0,7,60,0,4552,5151,8,5,40,1,0,0,1,0
1324603,2,2023,2023,5,2,8,348,17,12,232,0,1,1,-32.632254,149.629282,44,1,0,1,0,0,0,0,2,0,7,100,2,9859,9859,8,10,40,1,0,0,1,0
1324604,2,2023,2023,6,0,7,2,31,201,34609,1,2,1,-34.882416,150.606471,63,2,1,1,0,0,0,0,2,0,7,40,0,1981,1981,4,5,5,2,0,0,1,0
1324606,4,2023,2023,8,4,6,25,27,64,32,0,1,10,-34.384431,150.906766,80,0,2,1,1,0,0,0,2,2,7,60,1,5929,5929,1,30,18,2,0,1,0,0
1324609,2,2023,2023,6,0,10,330,23,7,233,0,1,10,-33.982255,151.236181,59,0,2,1,2,0,0,0,0,0,0,60,1,4026,4026,8,16,40,1,0,0,1,0
1324610,2,2023,2023,6,0,11,866,17,77,793,0,1,9,-33.730284,151.082401,31,0,2,1,2,0,0,0,0,0,7,70,2,9859,9859,8,9,40,1,0,0,1,0
1324612,2,2023,2023,6,0,3,71,27,33,69,0,1,9,-36.410641,148.595388,65,2,1,1,3,0,0,0,2,0,0,80,2,2852,2852,4,5,0,2,0,0,1,0
1324615,2,2023,2023,6,3,6,97,10,9,34609,0,1,9,-28.622468,153.444462,10,1,0,1,0,0,0,0,2,0,7,100,0,14295,14295,3,16,19,2,0,0,1,1
1324618,4,2023,2023,8,2,9,5,27,8,34609,0,1,1,-29.502742,148.149725,51,1,0,1,0,2,0,0,0,0,7,100,0,1089,1089,7,10,40,1,0,2,0,0
1324620,4,2023,2023,8,0,8,78,27,147,78,0,1,1,-33.869938,151.129338,14,0,2,1,2,0,0,0,3,0,7,50,2,2040,2040,9,5,28,2,0,1,0,0
1324621,4,2023,2023,6,6,5,37,27,10,41,0,1,1,-28.969405,153.339955,39,1,0,0,0,0,0,0,2,0,7,100,1,4552,5151,8,5,40,1,0,1,0,0
1324623,2,2023,2023,6,3,10,2126,17,65,2149,0,1,2,-33.539528,150.163892,40,2,1,0,0,0,3,4,0,0,7,80,2,782,957,5,10,40,1,0,0,2,0
1324625,2,2023,2023,8,5,5,866,17,94,793,0,1,9,-33.879881,150.924679,24,0,2,1,1,0,0,0,2,0,2,70,2,591,591,1,22,5,2,0,0,1,0
1324626,2,2023,2023,6,3,11,27,31,460,34609,0,1,7,-33.843983,151.006749,21,0,2,1,2,0,0,0,0,0,0,50,0,6545,6545,4,33,19,2,0,0,1,0
1324627,2,2023,2023,6,6,8,12,31,78,103,0,1,7,-28.328045,153.39901,72,2,1,1,0,0,0,0,2,0,0,50,1,14295,14295,3,5,5,2,0,0,1,0
1324628,2,2023,2023,6,5,3,45,27,1,40,0,1,1,-33.682026,150.856662,7,0,2,1,1,0,3,1,1,0,7,60,2,14295,14295,3,30,12,2,0,0,1,0
1324630,2,2023,2023,0,0,4,33,27,30,34609,0,1,9,-35.35766,149.222693,58,2,1,1,1,0,0,0,2,0,15,50,0,6545,6545,4,5,5,2,0,0,1,0
1324633,2,2023,2023,5,2,6,1,31,1,34609,0,1,1,-32.97779,151.619614,37,0,2,1,1,0,0,0,2,0,7,50,0,1981,1981,4,16,5,2,0,0,1,0
1324635,2,2023,2023,6,0,6,3371,17,83,3342,0,1,2,-30.064728,153.182935,19,1,0,1,0,0,0,0,2,0,7,100,2,1383,1383,1,5,35,2,0,0,2,0
1324637,2,2023,2023,6,0,0,86,27,9,65,0,1,1,-30.303634,152.412479,18,1,0,0,0,0,3,1,0,0,7,100,1,2585,4009,8,10,40,1,0,0,2,0
1324639,2,2023,2023,6,0,5,9,10,11,29,0,1,9,-32.926255,151.684949,48,0,2,1,1,0,0,0,2,0,0,60,1,623,623,3,5,19,2,0,0,1,0
1324647,4,2023,2023,0,0,5,1,27,2,34609,0,1,9,-28.517661,153.119498,51,2,1,1,0,2,3,4,2,0,7,60,0,9859,9859,8,16,40,1,0,1,0,0
1324652,4,2023,2023,6,4,5,79,10,43,231,0,1,1,-33.438439,151.326471,16,2,2,1,1,0,0,0,2,0,7,60,2,186,186,9,5,28,2,0,1,0,1
1324653,1,2023,2023,6,6,3,346,17,103,332,0,1,9,-28.811261,153.339754,39,2,1,0,1,0,0,0,2,0,7,60,2,3775,3775,0,0,5,2,0,0,0,2
1324655,1,2023,2023,5,2,5,330,27,49,605,0,1,9,-33.72343,151.298591,50,0,2,1,0,0,0,0,2,0,7,60,2,387,387,1,22,0,2,0,0,0,1
1324657,2,2023,2023,8,2,6,30,27,57,52,0,1,9,-33.903971,151.172805,32,0,2,1,3,0,0,0,2,0,7,60,1,1383,1383,1,5,19,2,0,0,1,0
1324661,2,2023,2023,5,1,3,11,31,125,34609,0,1,1,-33.863509,151.084125,67,0,2,1,3,0,0,3,1,0,7,50,0,3775,3775,0,5,0,2,0,0,1,0
1324665,2,2023,2023,5,6,8,478,17,78,480,0,1,2,-33.418319,151.44358,16,2,2,1,3,0,0,0,3,0,7,60,2,14295,14295,3,9,36,3,0,0,1,0
1324668,2,2023,2023,5,1,4,14,27,14,34609,0,1,1,-34.427357,148.489328,30,1,0,1,3,0,0,0,2,0,7,100,0,9859,9859,8,5,40,1,0,0,1,0
1324671,1,2023,2023,0,6,6,58,27,81,34609,0,1,1,-33.886099,151.257087,81,0,2,1,3,0,0,0,2,0,7,40,0,387,387,1,22,0,2,0,0,0,1
1324674,1,2023,2023,6,6,8,3371,17,3,3342,0,1,2,-33.085629,151.639917,37,0,2,1,3,0,0,0,2,0,7,60,2,14295,14295,3,5,0,2,0,0,0,1
1324675,1,2023,2023,6,1,3,110,27,445,40,0,1,1,-33.850389,151.053894,21,0,2,1,2,0,0,0,0,0,7,60,1,1192,1192,1,34,0,2,0,0,0,1
1324677,1,2023,2023,8,5,9,8,27,164,8,0,1,9,-33.740186,150.885087,7,0,2,1,3,0,0,0,0,0,7,60,1,5929,5929,1,0,40,2,0,0,0,1
1324680,4,2023,2023,6,6,9,916,17,105,917,0,1,2,-32.712326,151.519455,42,2,1,1,3,0,3,4,0,0,7,60,2,1391,1391,1,5,5,2,0,1,0,0
1324681,1,2023,2023,6,5,4,251,27,108,212,0,1,9,-33.754472,151.265515,50,0,2,1,3,0,0,0,2,0,0,70,2,395,395,1,16,5,2,0,0,0,1
1324682,1,2023,2022,6,0,9,82,27,84,181,0,1,1,-33.894083,151.264727,76,0,2,1,3,0,0,0,2,0,7,50,2,1981,1981,4,9,5,2,0,0,0,1
1324683,2,2023,2023,6,6,6,18,1,173,115,1,0,9,-33.707385,151.110666,31,0,2,0,1,0,3,4,2,2,9,60,1,2852,2852,4,0,13,2,0,0,1,0
1324685,4,2023,2023,5,5,8,112,27,109,256,0,1,10,-33.974638,150.856506,41,0,2,1,3,0,3,4,2,2,7,70,2,5929,5929,1,0,5,2,0,1,0,0
1324686,1,2023,2023,5,2,3,2209,17,176,2205,0,1,10,-33.95292,151.137508,4,0,2,0,2,0,0,0,2,2,7,60,2,6545,6545,4,10,5,2,0,0,0,1
1324687,4,2023,2023,5,1,9,10,27,14,34609,0,1,1,-31.157655,150.865221,70,1,0,1,1,2,0,0,0,0,7,100,0,312,312,2,10,40,1,0,1,0,0
1324690,2,2023,2023,5,5,10,103,27,13,98,0,1,1,-33.5086,150.819956,29,2,2,0,3,0,3,0,0,0,7,80,2,1957,4009,8,0,40,1,0,0,1,0
1324691,1,2023,2023,6,6,3,38,27,53,38,0,1,9,-33.392782,151.452405,16,2,2,1,1,0,0,0,2,0,7,60,1,1669,1669,3,29,0,2,0,0,0,2
1324695,1,2023,2023,5,6,10,74,27,56,59,0,1,9,-34.465455,150.871508,80,0,2,1,3,0,0,0,0,2,7,80,2,5929,5929,1,5,5,2,0,0,0,1
1324698,2,2023,2023,6,0,7,133,31,90,56,0,1,1,-33.882632,151.238517,81,0,2,1,3,0,0,0,2,0,7,50,1,14295,14295,3,34,0,2,0,0,1,0
1324699,2,2023,2023,6,5,8,1,1,316,34609,0,1,1,-33.916886,151.241798,59,0,2,1,3,0,0,0,2,0,7,50,0,9859,9859,8,5,40,1,0,0,1,0
1324702,1,2023,2023,8,6,7,8,27,70,34609,0,1,1,-34.033481,151.080651,68,0,2,1,3,0,0,0,2,0,9,50,0,14295,14295,3,10,0,2,0,0,0,1
1324714,4,2023,2023,6,3,5,296,27,460,293,0,1,9,-33.846496,150.997603,21,0,2,1,3,0,0,0,2,0,7,70,2,14295,14295,3,5,5,2,0,1,0,0
1324715,1,2023,2023,6,6,9,485,27,232,769,0,1,2,-33.699894,150.928727,71,0,2,1,3,0,3,4,3,0,7,80,2,14295,14295,3,0,0,2,0,0,0,1
1324718,4,2023,2023,0,3,3,149,36,40,113,0,1,1,-32.057971,152.479858,43,2,1,0,0,0,0,3,2,0,7,80,1,4552,5151,8,5,40,1,0,1,0,0
1324721,1,2023,2023,6,2,6,330,27,53,605,0,1,2,-33.726453,151.299128,50,0,2,1,0,0,0,0,2,0,7,60,2,14295,14295,3,0,5,3,0,0,0,1
1324723,4,2023,2023,8,6,8,43,27,56,87,0,1,2,-34.463681,150.871959,80,0,2,1,1,0,0,0,2,0,7,80,2,14295,14295,3,5,5,4,0,1,0,0
1324726,4,2023,2023,8,0,11,280,10,46,240,1,0,1,-33.886171,150.967818,24,0,2,1,2,0,0,0,0,0,7,60,2,9859,9859,8,5,40,1,0,1,0,0
1324731,2,2023,2023,6,4,6,11,31,225,34609,0,1,1,-33.798936,151.183242,77,0,2,1,1,0,0,0,2,0,9,40,0,591,591,1,22,5,2,0,0,1,0
1324733,2,2023,2023,6,6,1,112,27,370,256,0,1,10,-34.049507,150.826774,13,0,2,1,2,0,0,0,0,2,0,60,2,5929,5929,1,5,13,2,0,0,1,2
1324737,1,2023,2023,5,1,4,2209,17,13,2205,0,1,1,-36.601011,149.839105,5,1,0,0,0,0,0,0,2,0,7,100,2,101,101,8,30,12,2,0,0,0,1
1324738,4,2023,2023,0,3,0,14,25,168,34609,0,1,10,-33.719438,150.836105,7,0,2,0,2,0,0,0,0,0,0,60,0,2585,777,8,5,40,1,0,1,0,0
1324739,4,2023,2023,6,0,6,3371,17,13,3342,0,1,2,-29.987326,153.143459,19,1,0,0,0,0,0,0,2,0,7,110,2,2585,4009,8,0,40,1,0,1,0,0
1324740,4,2023,2023,5,5,4,3,1,73,34609,0,1,9,-33.82436,151.090069,14,0,2,1,1,0,3,4,2,0,0,50,0,63,63,4,0,12,3,0,1,0,0
1324742,1,2023,2023,6,2,6,5,10,92,34609,0,1,1,-33.982773,150.817147,13,0,2,1,0,0,2,6,2,0,7,50,0,220,220,8,0,40,1,0,0,0,1
1324744,1,2023,2023,6,5,3,2126,17,62,2149,0,1,2,-33.741896,150.607267,8,2,2,1,2,0,0,0,1,0,7,60,2,14295,14295,3,5,5,2,0,0,0,2
1324745,2,2023,2023,6,1,10,77,27,17,58,0,1,1,-34.688621,150.52713,63,2,1,0,0,0,0,0,0,0,7,80,2,4552,5151,8,5,40,1,0,0,1,0
1324746,1,2023,2023,5,1,11,15,36,316,34609,0,1,1,-31.46584,152.904619,56,2,1,0,2,0,3,4,0,0,7,50,0,418,714,5,5,40,1,0,0,0,1
1324748,4,2023,2023,6,1,10,283,27,253,702,0,1,9,-33.969796,151.098034,25,0,2,1,2,0,0,0,0,0,0,60,2,623,623,3,5,5,3,0,1,0,1
1324754,4,2023,2023,8,1,3,12,27,48,11,0,1,1,-32.74668,152.121618,57,2,1,0,0,0,0,0,2,0,7,80,1,1957,4009,8,0,40,1,0,1,0,0
1324757,2,2023,2023,8,5,5,59,27,252,41,0,1,10,-33.942241,150.867399,41,0,2,1,3,0,0,0,2,2,7,60,1,6545,6545,4,10,5,2,0,0,1,1
1324765,1,2023,2023,6,3,5,251,27,115,212,0,1,10,-33.752636,151.234486,50,0,2,1,1,0,0,0,2,2,7,70,2,5929,5929,1,5,5,2,0,0,0,1
1324776,4,2023,2023,8,0,3,2209,17,57,2205,0,1,2,-34.661677,150.85126,35,1,0,0,1,0,0,0,2,0,7,100,2,2585,4009,8,16,40,1,0,1,0,0
1324779,2,2023,2023,6,6,4,56,27,115,80,0,1,9,-33.875586,151.190001,69,0,2,1,1,0,0,0,2,0,0,50,2,5929,5929,1,22,5,2,0,0,1,0
1324780,2,2023,2023,8,6,9,3,1,154,34609,0,1,9,-33.707012,150.961169,71,0,2,1,2,0,0,0,0,0,7,50,0,2585,777,8,5,40,1,0,0,1,0
1324783,2,2023,2023,6,3,4,23,31,163,74,1,0,1,-33.863019,151.11116,14,0,2,1,2,0,0,0,2,0,7,50,1,5929,5929,1,5,27,2,0,0,1,0
1324784,4,2023,2023,6,1,6,2,31,463,34609,0,1,1,-30.294908,153.113162,19,2,1,1,1,0,0,0,2,0,7,40,0,186,186,9,22,28,2,0,1,0,0
1324785,2,2023,2023,6,6,8,1,27,108,34609,0,1,9,-33.807359,151.181349,77,0,2,1,0,0,0,0,0,0,7,50,0,2852,2852,4,5,27,2,0,0,1,0
1324786,2,2023,2023,5,6,9,23,27,61,21,0,1,9,-33.745203,150.89416,7,0,2,1,2,0,0,0,0,2,7,60,1,5929,5929,1,5,0,2,0,0,1,1
1324787,2,2023,2023,6,4,6,191,17,25,189,0,1,1,-32.357212,150.673145,46,1,0,1,0,0,0,0,2,0,7,100,2,1669,1669,3,3,13,2,0,0,1,0
1324788,2,2023,2023,6,6,9,2209,17,49,2205,0,1,9,-33.930815,151.155024,4,0,2,1,2,0,0,0,0,2,7,60,2,14295,14295,3,30,5,2,0,0,1,0
1324792,2,2023,2023,6,2,9,177,31,174,208,0,1,7,-33.860493,150.927487,24,0,2,1,2,0,0,0,0,0,0,60,1,6545,6545,4,0,0,2,0,0,1,0
1324796,2,2023,2023,8,3,8,53,36,18,95,0,1,1,-33.252133,148.989736,11,1,0,1,0,0,3,4,3,0,7,100,2,9859,9859,8,10,40,1,0,0,2,0
1324799,2,2023,2023,6,1,2,77,31,445,563,0,1,10,-33.872158,151.042277,21,0,2,1,2,0,0,0,1,2,7,70,2,6545,6545,4,5,5,2,0,0,1,0
1324800,2,2023,2023,6,5,7,17,31,56,21,0,1,10,-33.861211,151.17676,32,0,2,1,1,0,0,0,2,0,0,40,1,6545,6545,4,5,27,2,0,0,1,0
1324801,4,2023,2023,8,0,8,1104,11,532,770,0,1,2,-33.870627,151.203267,69,0,2,1,1,0,0,0,2,0,7,70,2,9859,9859,8,0,40,1,0,1,0,1
1324806,4,2023,2023,6,4,0,1,1,41,34609,0,1,9,-35.057617,148.101824,20,2,1,1,2,0,0,0,0,0,7,50,0,4026,4026,1,5,13,2,0,1,0,0
1324810,2,2023,2023,6,3,8,1,1,19,34609,0,1,1,-33.899414,150.609719,79,2,2,1,3,0,3,4,2,0,7,50,0,1945,1945,5,16,40,1,0,0,1,0