Crash ID,Degree of crash - detailed,Reporting year,Year of crash,Month of crash,Day of week of crash,Two-hour intervals,Street of crash,Street type,Town,Route no.,School zone location,School zone active,Type of location,Latitude,Longitude,LGA,Urbanisation,Conurbation 1,Alignment,Street lighting,Road surface,Surface condition,Weather,Natural lighting,Signals operation,Other traffic control,Speed limit,Road classification,RUM - code,DCA - code,First impact type,Key TU type,Other TU type,No. of traffic units involved,No. killed,No. seriously injured,No. moderately injured,No. minor-other injured
1324813,4,2023,2023,7,6,9,43,31,104,117,0,1,10,-32.914099,151.704238,48,0,2,1,2,0,0,0,3,0,7,60,2,5929,5929,1,10,19,2,0,1,1,0
1324814,2,2023,2023,7,2,6,515,14,38,518,0,1,3,-33.94363,151.071783,15,0,2,1,1,0,0,0,2,0,7,80,2,14295,14295,3,0,5,9,0,0,1,0
1324819,4,2023,2023,0,3,10,21,25,54,34609,0,1,9,-33.096266,151.639859,37,0,2,1,2,0,0,0,0,0,7,50,0,2852,2852,4,0,36,2,0,2,0,0
1324821,4,2023,2023,6,2,6,10,31,73,34609,0,1,1,-35.139403,147.373724,75,2,1,0,0,0,3,0,2,0,7,50,0,782,957,5,16,40,1,0,1,0,0
1324823,1,2023,2023,6,1,7,45,27,108,34609,0,1,1,-33.764119,151.27168,50,0,2,1,0,0,0,0,2,0,7,50,0,1109,787,1,5,18,2,0,0,0,1
1324825,4,2023,2023,7,1,11,15,27,247,38,0,1,9,-33.81919,150.933528,21,0,2,1,2,0,0,0,0,0,7,60,2,775,775,4,5,0,2,0,1,0,0
1324827,1,2023,2023,6,4,8,485,27,232,769,0,1,10,-33.662594,150.893445,7,0,2,1,3,0,0,0,2,2,7,80,2,14295,14295,3,5,0,3,0,0,0,1
1324829,1,2023,2023,6,2,0,2126,17,107,2149,0,1,10,-33.883939,151.202184,69,0,2,1,2,0,0,0,0,2,7,50,2,1220,1220,9,16,28,2,0,0,0,1
1324831,4,2023,2023,0,4,5,29,31,139,51,0,1,1,-33.879538,151.138079,32,0,2,1,0,0,0,0,2,0,7,50,1,2040,2040,9,0,28,2,0,1,0,0
1324835,2,2023,2023,6,1,8,194,31,309,34609,0,1,1,-33.814537,151.104959,61,0,2,1,2,0,0,0,3,0,7,50,0,2040,2040,9,0,28,2,0,0,1,0
1324837,1,2023,2023,6,5,4,4,31,219,34609,0,1,1,-32.892838,151.66641,48,0,2,1,0,0,0,0,2,0,7,50,0,2040,2040,9,33,28,2,0,0,0,1
1324843,2,2023,2023,6,2,6,220,27,104,222,0,1,10,-33.720565,150.937797,7,0,2,1,1,0,0,0,2,2,7,60,2,14295,14295,3,10,5,5,0,0,1,0
1324844,4,2023,2023,6,3,6,18,27,3,34609,0,1,1,-28.653672,153.360156,39,2,1,0,0,0,0,0,2,0,7,50,0,1850,1463,5,16,40,1,0,1,0,0
1324845,4,2023,2023,7,6,8,2,27,4,34609,0,1,1,-36.343855,149.818776,5,2,1,1,0,0,3,0,2,0,7,80,0,1945,1945,5,10,40,1,0,1,0,0
1324847,4,2023,2023,6,6,4,1104,14,283,962,0,1,3,-33.826869,151.004685,54,0,2,1,1,0,0,0,2,0,7,90,2,1945,1945,5,16,40,1,0,1,0,0
1324849,1,2023,2023,6,4,9,133,17,4,121,0,1,1,-35.859234,149.158286,65,1,0,0,3,0,0,0,0,0,7,100,2,1850,1463,5,5,40,1,0,0,0,1
1324851,1,2023,2023,6,6,8,500,27,271,799,0,1,2,-33.935652,151.023791,15,0,2,1,3,0,3,4,2,0,7,70,2,14295,14295,3,5,36,2,0,0,0,1
1324853,1,2023,2023,6,4,10,1052,14,149,928,0,1,3,-33.359551,151.339817,16,1,2,1,2,0,0,3,0,0,7,110,2,1192,1192,1,33,5,2,0,0,0,1
1324856,2,2023,2023,5,2,9,4,1,120,34609,0,1,1,-32.191469,152.521548,43,2,1,1,3,0,0,0,4,0,7,50,0,4026,4026,8,5,40,1,0,0,1,0
1324857,4,2023,2023,6,0,7,20,27,33,34609,0,1,9,-34.068195,150.71219,12,0,2,1,3,0,0,0,2,0,7,60,0,14295,14295,3,0,10,3,0,1,0,0
1324860,1,2023,2023,6,0,8,4,1,62,34609,0,1,9,-34.084344,150.82207,13,0,2,1,3,0,0,0,0,0,0,60,0,3775,3775,0,5,13,2,0,0,0,1
1324862,2,2023,2023,6,0,4,36,27,112,34609,0,1,10,-36.052452,146.932854,0,2,1,1,3,0,3,3,2,0,15,60,0,6545,6545,4,5,36,2,0,0,2,0
1324865,2,2023,2023,6,5,7,194,31,309,702,0,1,2,-33.819832,151.099438,61,0,2,1,3,0,0,0,2,0,7,70,2,14295,14295,3,9,10,2,0,0,1,0
1324866,2,2023,2023,7,5,11,1,31,271,34609,1,0,1,-33.95925,151.018437,15,0,2,1,2,0,0,0,0,0,7,50,0,9859,9859,1,0,5,2,0,0,1,0
1324867,1,2023,2023,5,0,7,481,17,562,483,0,1,10,-32.208052,148.618697,22,2,1,1,3,0,0,0,2,2,0,80,2,14295,14295,3,5,32,2,0,0,0,1
1324869,2,2023,2023,7,6,11,2,27,2,34609,0,1,1,-31.798285,152.53431,43,1,0,0,0,2,0,0,0,0,7,100,0,782,957,5,0,40,1,0,0,1,0
1324874,2,2023,2023,0,6,9,12,27,3,15,0,1,1,-33.541081,148.551201,11,2,1,1,0,2,0,0,0,0,7,40,1,4026,4026,8,10,40,1,0,0,1,0
1324876,1,2023,2023,7,2,11,2,27,136,34609,0,1,7,-33.913087,151.077405,15,0,2,1,2,0,0,0,0,0,7,40,0,4026,4026,1,5,5,3,0,0,0,1
1324877,4,2023,2023,0,4,5,44,27,23,126,0,1,9,-32.76665,151.813979,57,2,1,0,0,0,0,0,2,0,15,80,2,6545,6545,4,5,0,2,0,1,0,0
1324878,4,2023,2023,7,1,3,118,31,188,34609,0,1,1,-33.932212,151.090897,15,0,2,1,1,0,3,0,1,0,7,50,0,214,214,9,10,28,2,0,1,1,0
1324880,2,2023,2023,8,5,6,17,31,33,34609,0,1,1,-34.746101,150.827404,35,2,1,1,1,0,0,0,2,0,9,40,0,2040,2040,9,9,28,3,0,0,1,1
1324882,2,2023,2023,6,5,5,916,17,5,917,0,1,1,-31.988406,150.864788,73,1,0,1,3,0,0,0,2,0,7,100,2,3775,3775,0,10,0,2,0,0,1,0
1324883,2,2023,2023,6,6,9,3371,17,53,3342,0,1,1,-33.687091,151.108911,31,0,2,1,3,0,3,3,0,0,7,60,2,1192,1192,1,33,5,2,0,0,1,0
1324884,1,2023,2023,6,4,4,32,1,175,34609,0,1,10,-33.780198,151.07108,54,0,2,1,3,0,0,0,2,0,15,50,0,6545,6545,4,30,0,2,0,0,0,1
1324893,1,2023,2023,6,4,3,78,17,22,75,0,1,2,-33.85351,151.209953,69,0,2,1,3,0,0,0,2,0,7,70,2,14295,14295,3,10,10,2,0,0,0,1
1324899,2,2023,2023,6,3,7,11,27,133,34609,0,1,9,-34.500248,150.799544,80,0,2,1,1,0,0,0,2,0,15,60,0,2852,2852,4,5,5,2,0,0,1,0
1324904,2,2023,2023,0,0,8,13,25,433,34609,0,1,7,-33.28801,149.100332,52,2,1,1,1,0,0,0,2,0,0,50,0,6545,6545,4,33,27,2,0,0,1,0
1324905,2,2023,2023,7,0,7,105,27,174,109,0,1,9,-33.865178,150.911052,24,0,2,1,0,0,0,0,2,0,15,60,1,1669,1669,3,9,5,3,0,0,1,1
1324912,1,2023,2023,6,6,3,82,31,363,369,0,1,2,-33.761152,150.710652,55,0,2,1,1,0,3,4,1,0,7,70,2,14295,14295,3,10,5,2,0,0,0,1
1324915,4,2023,2023,8,5,8,103,27,94,563,0,1,2,-33.836472,151.047334,54,0,2,1,2,0,0,0,0,0,7,70,2,14295,14295,3,5,5,4,0,1,0,1
1324920,4,2023,2023,3,6,4,3,27,119,34609,0,1,1,-32.76381,151.769953,57,2,1,1,1,0,0,3,2,0,7,50,0,186,186,9,10,28,2,0,1,1,0
1324921,2,2023,2023,6,0,8,38,27,17,34609,0,1,7,-32.726168,151.52467,42,2,1,1,2,0,0,0,3,0,0,60,0,6545,6545,4,5,25,2,0,0,1,0
1324924,4,2023,2023,7,4,10,2126,17,80,2149,0,1,10,-33.754089,150.653271,55,0,2,1,2,0,0,0,0,2,7,60,2,6545,6545,4,22,5,2,0,1,0,0
1324929,1,2023,2023,8,6,4,12,27,154,34609,0,1,9,-33.707718,150.959478,71,0,2,1,3,0,0,0,2,0,7,50,0,256,256,4,30,5,2,0,0,0,1
1324930,1,2023,2023,6,6,8,153,27,197,147,0,1,10,-33.954952,151.079211,25,0,2,1,3,0,0,0,2,2,7,60,2,14295,14295,3,21,5,2,0,0,0,1
1324934,4,2023,2023,6,6,6,40,31,134,34609,0,1,9,-33.891143,151.245125,76,0,2,1,0,0,0,0,2,0,0,50,0,256,256,4,5,22,2,0,1,0,1
1324940,1,2023,2023,6,4,9,36,27,106,35,0,1,9,-33.891538,151.172562,32,0,2,1,3,0,0,0,3,2,7,50,1,2852,2852,4,30,5,2,0,0,0,1
1324941,1,2023,2023,6,0,6,916,17,11,917,0,1,1,-32.514432,151.123852,64,1,0,1,3,0,2,2,2,0,7,100,2,14295,14295,3,3,13,2,0,0,0,1
1324942,4,2023,2023,0,1,9,283,27,70,702,0,1,9,-33.980608,151.107657,25,0,2,1,2,0,0,0,0,0,15,70,2,775,775,4,0,19,2,0,1,0,0
1324946,4,2023,2023,0,3,6,106,27,55,106,0,1,2,-33.92736,150.905948,41,0,2,1,1,0,0,0,2,0,7,70,2,1981,1981,4,0,21,2,0,1,0,0
1324947,2,2023,2023,8,5,10,17,31,93,34609,1,0,1,-33.412655,149.614198,3,2,1,1,2,0,0,0,0,0,7,50,0,9859,9859,8,0,40,1,0,0,1,0
1324953,4,2023,2023,8,2,7,193,27,31,94,0,1,9,-33.868672,151.026629,21,0,2,1,0,0,0,0,2,0,0,60,1,1669,1669,3,5,5,3,0,1,0,0
1324954,2,2023,2023,7,6,5,56,27,323,38,0,1,1,-33.761763,150.975556,71,0,2,1,3,0,0,0,2,0,7,60,1,1282,1282,1,10,19,2,0,0,1,0
1324956,4,2023,2023,8,2,8,31,27,243,34609,0,1,7,-33.954208,150.889739,41,0,2,1,0,0,0,0,2,0,0,50,0,1220,1220,9,0,28,2,0,1,0,0
1324957,2,2023,2023,8,3,5,346,36,48,14,0,1,10,-29.021002,151.997479,51,2,1,1,0,0,0,0,2,0,0,60,1,1945,1945,5,16,40,1,0,0,1,0
1324958,1,2023,2023,8,6,7,20,10,55,91,0,1,9,-35.377355,149.188839,58,2,1,0,1,0,0,0,2,2,7,80,2,14295,14295,3,5,5,2,0,0,0,1
1324959,2,2023,2023,8,0,8,500,31,106,34609,0,1,1,-28.863059,153.049403,60,2,1,1,0,0,0,0,3,0,7,50,0,1945,1945,5,16,40,1,0,0,1,0
1324961,1,2023,2023,7,5,7,97,10,6,34609,0,1,9,-28.663359,153.455437,10,2,1,1,0,0,0,0,2,0,7,80,0,1192,1192,1,22,27,2,0,0,0,1
1324962,4,2023,2023,8,5,4,204,31,228,34609,1,0,1,-34.754636,149.715308,26,2,1,1,1,0,0,0,2,0,7,50,0,14295,14295,3,5,0,2,0,1,1,0
1324967,4,2023,2023,0,2,9,515,14,204,518,0,1,3,-33.934741,151.140654,4,0,2,1,2,0,0,0,0,0,7,80,2,1383,1383,1,5,5,2,0,1,0,0
1324968,4,2023,2023,6,4,3,57,36,17,769,0,1,9,-33.607655,150.787599,29,2,2,1,1,0,0,0,1,0,7,70,2,2852,2852,4,0,13,2,0,1,1,0
1324971,4,2023,2023,0,6,6,110,31,44,34609,0,1,10,-32.047999,150.863079,73,2,1,1,0,0,0,0,2,0,0,50,0,6545,6545,4,0,13,2,0,1,1,0
1324973,4,2023,2023,8,3,4,18,27,4,34609,0,1,1,-32.452268,152.126609,43,1,0,0,0,0,0,0,2,0,7,100,0,1850,1463,5,16,40,1,0,1,0,0
1324977,2,2023,2023,6,4,2,42,10,39,172,0,1,7,-32.894246,151.586502,37,0,2,1,1,0,0,0,0,0,0,60,2,6545,6545,4,10,19,2,0,0,1,0
1324978,4,2023,2023,5,5,4,2209,17,17,2205,0,1,1,-36.576396,149.825126,5,1,0,0,0,0,3,4,2,0,7,90,2,2585,4009,8,10,40,1,0,1,0,0
1324979,1,2023,2023,6,4,4,63,31,130,34609,0,1,9,-33.870024,151.19312,69,0,2,1,1,0,0,0,2,0,7,40,0,6545,6545,4,5,27,2,0,0,0,1
1324985,2,2023,2023,6,0,5,98,27,609,220,0,1,9,-33.775282,150.918702,7,0,2,1,1,0,0,0,2,0,7,60,2,775,775,4,21,5,2,0,0,2,0
1324987,2,2023,2023,6,4,4,294,17,15,288,0,1,1,-34.525417,144.765046,51,1,0,0,0,0,0,0,2,0,7,110,2,1850,1463,5,9,40,1,0,0,1,0
1324990,2,2023,2023,6,6,5,3,27,1,34609,0,1,1,-28.338852,152.969111,51,1,0,0,0,0,0,0,2,0,7,100,0,4552,5151,8,5,40,1,0,0,1,0
1324991,2,2023,2023,6,1,8,21,31,102,34609,0,1,10,-31.107579,150.904498,70,2,1,1,0,0,0,0,2,0,0,50,0,5929,5929,1,10,13,2,0,0,1,0
1324992,2,2023,2023,6,3,6,2,27,7,34609,0,1,1,-35.608648,150.260957,63,2,1,1,0,0,0,0,2,0,7,60,0,1945,1945,5,16,40,1,0,0,1,0
1324993,2,2023,2023,8,5,3,346,17,12,332,0,1,1,-28.858858,152.788509,51,1,0,0,0,0,0,0,2,0,7,100,2,1850,1463,5,10,40,1,0,0,1,0
1324994,2,2023,2023,5,2,5,44,1,126,22,0,1,10,-33.930246,150.812613,41,0,2,1,1,0,0,0,2,0,0,60,1,6545,6545,4,5,5,2,0,0,2,0
1324995,2,2023,2023,6,1,7,30,31,169,769,0,1,10,-33.596877,150.746963,29,2,2,1,1,0,0,3,2,1,15,60,2,6545,6545,4,0,13,3,0,0,1,0
1324998,4,2023,2023,7,4,6,83,27,16,72,0,1,1,-28.773778,153.333275,39,1,0,1,0,0,0,0,2,0,7,100,2,9859,9859,8,0,40,1,0,1,0,0
1325053,4,2023,2023,3,4,5,25,27,136,76,0,1,9,-32.922238,151.715254,48,0,2,1,1,0,0,0,2,2,7,60,1,5929,5929,1,5,12,2,0,1,0,0
1325055,2,2023,2023,0,3,7,1,27,32,34609,0,1,1,-34.586085,150.615773,78,2,1,0,3,0,3,3,2,0,7,50,0,2585,4009,1,5,41,2,0,0,1,0
1325056,4,2023,2023,8,2,3,1,27,1,34609,0,1,1,-35.326936,144.344073,51,1,0,0,3,2,0,0,2,0,7,100,0,3775,3775,0,5,13,2,0,1,2,0
1325057,2,2023,2023,8,1,1,15,10,132,34609,0,1,1,-34.124546,151.085294,68,0,2,0,3,0,0,0,0,0,7,80,0,4552,5151,8,5,40,1,0,0,1,0
1325059,4,2023,2023,8,5,5,28,27,43,28,0,1,1,-32.7883,151.855358,57,1,0,1,3,0,0,0,2,0,7,100,1,9859,9859,8,5,40,1,0,1,0,0
1325061,2,2023,2023,8,4,7,1104,14,460,962,0,1,3,-33.826277,150.992625,54,0,2,1,0,0,0,0,2,0,7,90,2,14295,14295,3,0,0,3,0,0,1,0
1325066,1,2023,2023,6,0,7,1052,14,77,928,0,1,3,-33.527491,151.198664,16,1,2,1,3,0,0,0,2,0,7,110,2,14295,14295,3,29,5,2,0,0,0,1
1325068,2,2023,2023,5,2,0,15,27,19,34609,0,1,1,-28.21612,153.482844,72,2,1,0,0,0,0,0,0,0,7,50,0,782,957,5,5,40,1,0,0,1,0
1325070,4,2023,2023,5,5,8,17,27,90,28,0,1,9,-33.787302,150.950147,21,0,2,1,3,0,3,3,2,2,7,60,1,775,775,4,5,5,2,0,1,0,0
1325073,2,2023,2023,5,6,7,67,27,210,55,0,1,9,-34.027822,151.106158,68,0,2,1,3,0,0,0,2,0,7,60,2,5929,5929,1,5,0,2,0,0,1,0
1325074,1,2023,2023,5,3,8,1052,14,160,928,0,1,3,-33.126667,151.470387,37,0,2,1,3,0,0,0,2,0,7,110,2,14295,14295,3,5,0,5,0,0,0,1
1325078,1,2023,2023,6,1,8,2261,17,46,2252,0,1,2,-33.88945,150.967739,24,0,2,1,3,0,0,3,2,0,7,70,2,14295,14295,3,0,0,3,0,0,0,2
1325079,1,2023,2023,5,3,6,3371,17,207,3342,0,1,1,-33.560095,151.189496,31,0,2,0,3,0,0,0,2,0,7,80,2,3775,3775,0,16,19,2,0,0,0,1
1325082,1,2023,2023,6,0,9,344,27,164,163,0,1,1,-33.741548,150.866743,7,0,2,1,3,0,0,0,0,0,7,70,2,14295,14295,3,5,36,4,0,0,0,1
1325084,1,2023,2023,0,3,7,4,31,179,34609,0,1,7,-31.909652,152.458809,43,2,1,1,3,0,0,0,2,0,0,50,0,217,217,1,0,36,2,0,0,0,1
1325088,1,2023,2023,5,4,4,90,31,169,165,0,1,10,-33.90088,151.214942,69,0,2,1,3,0,0,0,2,3,7,60,2,14295,14295,3,5,13,2,0,0,0,1
1325090,4,2023,2023,8,5,6,9,31,47,34609,0,1,1,-28.843239,153.441003,2,2,1,0,0,0,0,0,2,0,7,50,0,3775,3775,0,5,5,2,0,1,1,0
1325091,1,2023,2023,5,3,6,1104,14,247,962,0,1,3,-33.815273,150.960286,21,0,2,1,3,0,0,0,2,0,7,90,2,14295,14295,3,5,0,2,0,0,0,1
1325095,1,2023,2023,5,0,5,17,31,460,106,0,1,2,-33.833817,150.992017,21,0,2,1,3,0,0,0,2,0,7,60,1,515,515,1,5,0,2,0,0,0,1
1325096,1,2023,2023,6,4,8,485,27,67,769,0,1,2,-33.66447,150.897245,71,0,2,1,3,0,0,0,3,0,7,80,2,14295,14295,3,30,5,2,0,0,0,1
1325101,1,2023,2023,6,0,7,2,31,304,34609,0,1,9,-33.90722,151.157146,32,0,2,1,3,0,0,0,2,0,7,50,0,941,941,1,10,5,2,0,0,0,1
1325102,1,2023,2023,5,1,2,512,17,562,441,0,1,10,-32.253102,148.600293,22,2,1,1,2,0,0,0,0,2,7,60,2,6545,6545,4,5,13,2,0,0,0,1
1325104,1,2023,2023,6,2,8,71,31,55,34609,0,1,10,-33.880911,151.276071,76,0,2,1,3,0,0,0,3,0,0,50,0,6545,6545,4,5,5,2,0,0,0,1
1325107,1,2023,2023,8,6,4,2209,17,137,2205,0,1,10,-34.035088,151.066132,68,0,2,1,0,0,0,0,2,2,7,70,2,5929,5929,1,5,0,2,0,0,0,1
1325109,4,2023,2023,6,2,8,866,17,171,793,0,1,10,-33.807257,150.969318,21,0,2,1,2,0,0,0,0,2,7,70,2,14295,14295,3,5,5,2,0,1,0,1
1325110,2,2023,2023,5,1,4,113,27,78,111,0,1,1,-33.838245,150.780967,55,0,2,1,3,0,0,0,2,0,7,80,2,14295,14295,3,21,5,2,0,0,1,0
1325112,1,2023,2023,6,6,9,118,31,106,34609,0,1,7,-33.931349,151.090383,15,0,2,1,3,0,0,0,0,0,0,50,0,6545,6545,4,5,5,2,0,0,0,1
1325113,1,2023,2023,5,4,7,3371,17,32,3342,0,1,9,-32.951412,151.714119,48,0,2,0,3,0,0,0,2,2,7,60,2,1391,1391,1,0,5,2,0,0,0,2
1325115,1,2023,2023,5,3,8,2,27,19,34609,0,1,1,-35.800183,145.474478,51,1,0,1,3,0,0,0,0,0,7,100,0,1089,1089,7,0,40,1,0,0,0,1
1325118,4,2023,2023,5,2,8,178,27,12,34609,0,1,7,-33.971026,151.049022,25,0,2,1,3,0,0,0,3,0,0,50,0,926,926,4,0,27,2,0,1,0,0
1325120,1,2023,2023,6,4,6,2261,17,523,2252,0,1,10,-33.928647,150.918065,41,0,2,1,3,0,0,0,2,2,7,60,2,14295,14295,3,0,13,2,0,0,0,1
1325121,1,2023,2023,5,5,3,43,1,169,16,0,1,9,-33.760437,150.846804,7,0,2,1,1,0,0,6,2,2,7,60,2,14295,14295,3,5,12,2,0,0,0,1
1325122,1,2023,2023,6,6,9,104,27,443,702,0,1,2,-33.90823,151.064203,15,0,2,1,2,0,0,0,0,0,7,70,2,14295,14295,3,5,5,2,0,0,0,1
1325123,2,2023,2023,5,5,9,4,27,7,5,0,1,1,-35.666682,147.925831,66,1,0,0,3,0,3,4,2,0,7,100,1,4552,5151,8,5,40,1,0,0,1,0
1325124,2,2023,2023,5,1,6,4,31,25,34609,0,1,10,-33.009647,151.710408,37,0,2,1,3,0,0,0,2,0,15,50,0,6545,6545,4,0,5,2,0,0,1,0
1325131,2,2023,2023,5,4,8,171,31,363,31,0,1,1,-33.818915,151.005288,54,0,2,1,3,0,0,0,2,0,7,40,1,1945,1945,5,16,40,1,0,0,1,0
1325135,2,2023,2023,8,2,5,1,1,76,34609,1,0,9,-33.921262,150.862987,41,0,2,1,3,0,0,0,2,0,7,50,0,623,623,3,10,0,2,0,0,1,0
1325136,4,2023,2023,6,6,6,33,1,31,34609,1,0,9,-33.924992,150.88992,41,0,2,1,1,0,0,0,2,0,2,50,0,14295,14295,3,5,5,2,0,1,0,0
1325139,1,2023,2023,6,5,7,40,27,59,39,0,1,9,-33.169787,151.476695,37,0,2,1,3,0,0,0,2,0,0,60,1,14295,14295,3,9,13,2,0,0,0,2
1325143,1,2023,2023,6,5,4,2261,17,284,2252,0,1,2,-33.906816,151.018797,15,0,2,0,3,0,0,0,2,0,7,70,2,238,238,9,0,28,2,0,0,0,1
1325145,2,2023,2023,6,6,8,1104,14,41,962,0,1,3,-33.827057,151.003628,54,0,2,1,3,0,3,4,2,0,7,90,2,1383,1383,1,9,13,3,0,0,1,0
1325146,2,2023,2023,5,1,11,4,1,43,34609,1,0,9,-33.215205,151.513953,16,2,2,0,3,0,0,0,0,0,7,50,0,2585,4009,8,5,40,1,0,0,1,0
1325149,1,2023,2023,6,0,9,196,10,166,168,0,1,1,-33.941923,150.982979,15,0,2,1,3,0,3,4,0,0,7,60,2,1383,1383,1,0,13,2,0,0,0,1
1325151,1,2023,2023,6,3,5,19,27,82,605,0,1,2,-33.797455,151.25254,50,0,2,1,3,0,0,0,2,0,7,60,2,14295,14295,3,0,5,2,0,0,0,1
1325157,1,2023,2023,5,6,5,93,10,16,34609,0,1,9,-34.564083,150.834237,62,0,2,0,3,0,0,0,2,0,7,50,0,1109,397,1,5,5,4,0,0,0,1
1325159,1,2023,2023,6,0,7,31,27,136,101,0,1,10,-32.918235,151.724509,48,0,2,1,3,0,0,0,2,2,7,60,2,1669,1669,3,5,0,2,0,0,0,1
1325160,2,2023,2023,5,3,7,344,27,44,369,0,1,2,-33.746821,150.714311,55,0,2,1,1,0,0,0,2,0,0,70,2,14295,14295,3,0,5,2,0,0,1,0
1325162,1,2023,2023,5,5,6,12,27,22,34609,0,1,1,-35.160486,149.956193,58,2,1,0,3,0,3,4,2,0,7,80,0,2585,4009,8,5,40,1,0,0,0,1
1325164,2,2023,2023,3,3,4,3,27,16,34609,0,1,9,-34.590573,146.369351,51,1,0,1,3,2,0,0,2,0,7,100,0,9859,9859,8,0,40,1,0,0,1,0
1325169,1,2023,2023,6,2,5,19,1,100,68,0,1,1,-33.80642,151.166386,38,0,2,1,3,0,0,0,2,0,7,60,1,1282,1282,1,0,0,2,0,0,0,1
1325171,1,2023,2023,5,5,8,234,27,7,217,0,1,1,-33.625919,151.022739,71,0,2,1,3,0,3,3,3,0,7,80,2,4026,4026,8,34,40,1,0,0,0,1
1325172,1,2023,2023,5,2,6,1,31,443,34609,0,1,1,-33.910067,151.073387,15,0,2,1,3,0,0,0,2,0,7,50,0,1282,1282,1,5,5,2,0,0,0,2
1325176,1,2023,2023,5,3,5,296,27,290,293,0,1,2,-33.854316,150.995506,21,0,2,1,3,0,0,0,2,0,7,70,2,14295,14295,3,5,0,2,0,0,0,1
1325177,1,2023,2023,6,5,8,220,27,46,222,0,1,2,-33.787139,150.974049,54,0,2,1,3,0,0,0,3,0,7,80,2,1383,1383,1,5,5,2,0,0,0,1
1325179,1,2023,2023,6,0,5,308,14,104,311,0,1,3,-33.746197,150.941694,7,0,2,1,3,0,0,0,2,0,7,100,2,1391,1391,1,5,35,2,0,0,0,2
1325184,1,2023,2023,6,0,7,1,31,609,34609,0,1,9,-33.78271,150.913569,7,0,2,1,3,0,0,0,2,0,9,50,0,926,926,4,5,0,2,0,0,0,2
1325185,1,2023,2023,6,0,3,4,31,137,34609,0,1,10,-34.028636,151.063892,68,0,2,1,2,0,0,0,0,0,0,50,0,5929,5929,1,10,27,2,0,0,0,1
1325186,1,2023,2023,5,6,8,71,27,33,69,0,1,7,-36.414453,148.610759,65,2,1,0,3,0,0,0,2,0,0,60,2,1669,1669,3,21,13,2,0,0,0,1
1325187,2,2023,2023,6,4,8,2261,17,112,2252,0,1,2,-33.913496,150.932737,41,0,2,1,3,0,0,0,0,0,7,70,2,14295,14295,3,5,36,2,0,0,1,1
1325193,2,2023,2023,5,0,7,4,31,253,34609,0,1,10,-33.961371,151.092482,25,0,2,1,3,0,0,0,2,0,15,50,0,6545,6545,4,10,0,2,0,0,1,0
1325194,2,2023,2023,5,2,8,7,31,234,34609,0,1,10,-34.277438,146.049431,28,2,1,1,3,0,0,3,2,0,0,50,0,6545,6545,4,5,25,2,0,0,1,0
1325198,1,2023,2023,6,0,9,50,27,304,140,0,1,9,-33.904139,151.168355,32,0,2,1,0,0,0,0,3,3,7,60,1,14295,14295,3,5,5,2,0,0,0,1
1325202,1,2023,2023,5,2,7,22,10,147,34609,0,1,1,-33.871397,151.136873,14,0,2,1,3,0,0,0,2,0,7,50,0,1981,1981,4,5,0,2,0,0,0,1
1325203,4,2023,2023,5,6,3,18,1,26,34609,0,1,9,-33.915053,151.166404,32,0,2,1,1,0,0,0,2,0,0,50,0,926,926,4,22,5,2,0,1,0,0
1325204,2,2023,2023,5,3,2,6,27,5,34609,0,1,1,-32.289246,150.802037,46,1,0,1,3,0,0,0,0,0,7,100,0,5929,5929,1,10,0,2,0,0,1,0
1325205,2,2023,2023,5,0,8,39,27,57,147,0,1,1,-28.636529,153.560744,10,2,1,1,3,0,0,0,4,0,7,60,1,14295,14295,3,5,13,3,0,0,1,0
1325206,2,2023,2023,6,2,6,8,27,58,34609,0,1,1,-34.04802,151.117143,68,0,2,1,3,0,3,0,2,0,7,50,0,941,941,1,10,5,2,0,0,1,0
1325207,2,2023,2023,6,6,7,20,27,132,148,0,1,1,-34.064556,151.057054,68,0,2,0,3,0,3,4,2,0,7,60,2,1259,5151,8,0,40,1,0,0,1,0
1325209,2,2023,2023,5,2,6,1,27,19,34609,0,1,1,-33.665022,150.360081,8,1,2,0,3,2,0,0,2,0,7,100,0,3775,3775,0,5,13,2,0,0,1,0
1325212,4,2023,2023,7,3,10,48,27,21,62,0,1,1,-35.741264,148.029919,66,1,0,1,0,0,0,0,0,0,7,100,2,9859,9859,8,10,40,1,0,1,0,0
1325213,2,2023,2023,0,1,1,193,31,532,55,0,1,10,-33.873658,151.212607,69,0,2,1,2,0,3,4,0,2,7,40,1,14295,14295,3,5,5,2,0,0,2,0
1325214,4,2023,2023,7,2,7,125,27,43,144,0,1,1,-32.807057,151.872786,57,2,1,1,0,0,0,0,2,0,7,80,2,3775,3775,0,0,0,2,0,1,1,0
1325215,2,2023,2023,7,2,0,478,17,58,480,0,1,2,-33.429234,151.291031,16,2,2,0,2,0,0,0,0,0,7,70,2,1192,1192,1,22,5,2,0,0,1,0
1325216,4,2023,2023,7,4,11,3371,17,92,3342,0,1,2,-33.407952,151.350672,16,2,2,1,2,0,3,4,0,0,7,60,2,9859,9859,8,10,40,1,0,1,1,0
1325217,2,2023,2023,3,2,4,123,1,81,34609,0,1,9,-33.876801,151.254411,81,0,2,0,0,0,0,0,2,0,7,50,0,5929,5929,1,5,27,2,0,0,1,0
1325218,4,2023,2023,7,1,3,2126,17,226,2149,0,1,10,-33.779199,150.814379,7,0,2,1,1,0,3,4,1,2,7,80,2,14295,14295,3,5,19,2,0,1,0,0