Crash ID,Degree of crash - detailed,Reporting year,Year of crash,Month of crash,Day of week of crash,Two-hour intervals,Street of crash,Street type,Town,Route no.,School zone location,School zone active,Type of location,Latitude,Longitude,LGA,Urbanisation,Conurbation 1,Alignment,Street lighting,Road surface,Surface condition,Weather,Natural lighting,Signals operation,Other traffic control,Speed limit,Road classification,RUM - code,DCA - code,First impact type,Key TU type,Other TU type,No. of traffic units involved,No. killed,No. seriously injured,No. moderately injured,No. minor-other injured
1325220,2,2023,2023,0,2,6,829,31,115,34609,0,1,1,-33.913398,151.178827,32,0,2,1,1,0,3,4,2,0,7,50,0,1282,1282,1,16,40,1,0,0,1,0
1325222,4,2023,2023,0,6,5,77,27,11,58,0,1,1,-34.762279,150.565186,63,2,1,0,0,0,0,0,2,0,7,60,2,96,96,0,5,19,2,0,1,1,0
1325225,2,2023,2023,0,6,7,1,18,5,34609,0,1,1,-32.441423,149.70043,44,1,0,1,0,0,0,0,2,0,7,100,0,9859,9859,8,9,40,1,0,0,1,0
1325226,4,2023,2023,7,6,0,20,31,83,34609,0,1,1,-33.918486,151.109821,15,0,2,1,2,0,2,6,0,0,7,50,0,4026,4026,1,5,12,3,0,1,0,0
1325227,4,2023,2023,7,6,11,92,31,3,34609,0,1,1,-32.713068,151.649632,57,2,1,1,0,0,0,0,0,0,7,80,0,3775,3775,0,10,0,2,0,2,0,0
1325228,1,2023,2023,7,3,6,205,27,50,415,0,1,10,-33.682983,151.26155,50,0,2,1,1,0,0,0,2,2,7,70,2,2852,2852,4,5,13,2,0,0,0,1
1325229,1,2023,2023,0,6,10,3,10,62,34609,0,1,9,-33.723583,150.846551,7,0,2,1,0,0,0,0,0,0,15,50,0,2852,2852,4,0,5,2,0,0,0,3
1325230,1,2023,2023,0,4,8,72,31,176,62,0,1,9,-33.958904,151.146015,4,0,2,1,1,0,0,0,2,2,7,60,1,14295,14295,3,5,5,2,0,0,0,1
1325231,2,2023,2023,0,4,9,7,31,105,34609,0,1,1,-32.592853,149.586443,44,2,1,1,1,0,0,0,3,0,7,50,0,368,368,9,5,28,2,0,0,1,0
1325232,2,2023,2023,0,6,5,135,17,3,136,0,1,1,-35.949609,146.474506,51,1,0,1,0,0,0,0,2,0,7,100,2,4026,4026,8,0,40,1,0,0,1,0
1325234,2,2023,2023,8,1,7,2126,17,75,2149,0,1,9,-33.710957,150.376367,8,2,2,1,1,0,0,3,2,2,7,60,2,14295,14295,3,10,0,3,0,0,1,0
1325235,1,2023,2023,0,2,9,14,7,8,34609,0,1,1,-33.80871,151.253445,50,0,2,1,2,0,0,0,0,0,7,50,0,186,186,9,22,28,2,0,0,0,1
1325236,4,2023,2023,7,2,5,61,10,56,174,0,1,1,-32.978098,151.483541,37,0,2,0,0,0,0,3,2,0,7,90,2,2585,4009,8,33,40,1,0,1,0,0
1325237,4,2023,2023,8,1,4,2,27,35,34609,0,1,1,-30.077682,147.833995,51,1,0,1,0,2,0,0,2,0,7,100,0,1089,1089,7,16,40,1,0,1,0,0
1325239,2,2023,2023,8,4,10,35,27,30,34609,0,1,1,-28.329805,153.491835,72,2,1,0,2,0,3,4,0,0,7,80,0,1259,5151,8,30,40,1,0,0,1,0
1325240,4,2023,2023,8,5,0,145,27,84,34609,0,1,1,-33.806371,150.979688,54,0,2,1,2,0,0,0,0,0,7,50,0,9859,9859,8,5,40,1,0,1,0,0
1325243,4,2023,2023,8,2,8,1,27,11,34609,0,1,1,-32.873641,151.481633,17,2,1,0,0,0,0,0,3,0,7,80,0,3775,3775,0,5,19,2,0,2,0,0
1325244,4,2023,2023,8,6,5,2209,17,74,2205,0,1,9,-34.435096,150.86192,80,0,2,1,1,0,0,0,2,2,7,60,2,5929,5929,1,5,12,2,0,2,2,0
1325245,4,2023,2023,8,5,6,87,31,283,34609,0,1,1,-33.828611,151.010566,54,0,2,1,1,0,0,0,2,0,7,50,0,591,591,1,18,0,2,0,1,0,0
1325248,2,2023,2023,0,4,10,2126,17,75,2149,1,0,9,-33.871257,151.121438,32,0,2,1,2,0,3,4,0,0,7,60,2,1220,1220,9,15,28,2,0,0,1,1
1325249,2,2023,2023,8,0,9,293,31,562,34609,0,1,2,-32.253285,148.600307,22,2,1,1,2,0,0,0,0,0,7,50,0,1945,1945,5,16,40,1,0,0,1,0
1325251,2,2023,2023,8,2,0,1,10,56,34609,0,1,1,-32.74603,151.322179,17,2,1,0,2,0,0,0,0,0,7,40,0,4552,5151,8,0,40,1,0,0,1,0
1325252,2,2023,2023,8,2,6,90,31,174,165,0,1,0,-33.897445,151.215629,69,0,2,1,0,0,0,0,2,0,7,60,2,14295,14295,3,5,0,2,0,0,1,1
1325254,2,2023,2023,8,0,6,103,27,438,563,0,1,9,-33.842299,151.044201,54,0,2,1,1,0,0,0,2,2,7,70,2,1669,1669,3,5,10,2,0,0,1,0
1325256,4,2023,2023,8,2,6,5,31,162,34609,0,1,9,-33.855653,150.898223,24,0,2,1,1,0,0,0,2,0,7,50,0,340,340,9,21,28,2,0,1,0,0
1325257,2,2023,2023,0,6,3,1,18,90,34609,0,1,1,-33.888617,151.237722,81,0,2,1,0,0,0,0,1,0,7,50,0,941,941,1,0,27,2,0,0,1,1
1325259,4,2023,2023,0,4,11,2261,17,646,2252,1,0,10,-33.907309,151.033343,15,0,2,1,2,0,0,0,0,2,7,60,2,5929,5929,1,0,5,2,0,1,1,0
1325261,2,2023,2023,8,5,5,3,1,20,34609,0,1,9,-33.407042,151.467732,16,2,2,0,0,0,0,0,2,0,7,50,0,2585,4009,8,10,40,1,0,0,1,0
1325262,2,2023,2023,0,6,6,916,17,3,917,0,1,1,-28.937345,151.928292,51,1,0,1,0,0,0,0,2,0,7,100,2,3775,3775,0,10,35,2,0,0,1,0
1325263,4,2023,2023,8,1,10,63,31,79,79,0,1,10,-33.82299,151.210233,49,0,2,1,2,0,0,0,3,2,9,50,2,1220,1220,9,5,28,2,0,1,0,0
1325264,2,2023,2023,8,0,7,31,31,73,19,0,1,0,-33.870435,151.21805,69,0,2,0,0,0,0,0,2,0,7,50,2,1282,1282,1,5,19,2,0,0,1,0
1325268,2,2023,2023,0,2,3,171,27,346,38,0,1,10,-33.875226,151.097691,9,0,2,1,2,0,0,0,1,2,7,50,1,5929,5929,1,5,19,2,0,0,1,0
1325269,4,2023,2023,8,2,8,3,31,71,34609,0,1,9,-33.261121,151.546479,16,2,2,1,2,0,0,0,3,0,7,50,0,2040,2040,9,0,26,2,0,1,0,0
1325273,1,2023,2023,8,2,9,1,1,115,34609,0,1,1,-33.745328,151.225555,50,0,2,1,2,0,0,0,0,0,7,50,0,9859,9859,1,30,5,2,0,0,0,1
1325274,4,2023,2023,0,4,4,11,27,50,34609,0,1,1,-33.636855,151.326994,50,0,2,1,0,0,0,0,2,0,7,50,0,1945,1945,5,15,40,1,0,1,0,0
1325275,1,2023,2023,8,6,4,4,27,9,4,0,1,1,-28.778972,149.370817,51,1,0,1,0,0,0,0,2,0,7,100,1,1945,1945,5,0,40,1,0,0,0,1
1325277,2,2023,2023,8,6,6,24,31,124,34609,0,1,1,-33.811821,151.034663,54,0,2,1,1,0,0,0,2,0,7,50,0,323,323,1,9,0,2,0,0,1,0
1325278,1,2023,2023,0,6,8,54,27,646,30,0,1,10,-33.91474,151.036874,15,0,2,1,1,0,0,0,2,2,7,60,1,9859,9859,8,22,40,1,0,0,0,1
1325279,2,2023,2023,6,5,3,478,17,58,480,0,1,10,-33.433955,151.296597,16,2,2,1,1,0,3,3,1,2,7,60,2,14295,14295,3,9,10,2,0,0,1,0
1325282,2,2023,2023,6,0,7,103,36,4,103,0,1,1,-32.101754,151.939015,43,1,0,0,0,0,0,0,2,0,7,90,1,1850,1463,5,16,40,1,0,0,1,0
1325284,2,2023,2023,8,2,9,478,17,13,480,1,0,2,-33.372545,151.474975,16,2,2,1,2,0,0,0,0,0,7,60,2,3775,3775,0,5,0,2,0,0,5,0
1325286,2,2023,2023,8,2,8,6,31,105,34609,1,0,1,-32.712941,151.531901,42,2,1,1,0,0,0,0,2,0,8,50,0,4026,4026,8,16,40,1,0,0,1,0
1325288,2,2023,2023,6,4,10,213,17,11,213,0,1,1,-29.673992,152.839536,18,1,0,1,0,0,0,0,0,0,7,100,2,1089,1089,7,33,40,2,0,0,1,0
1325289,4,2023,2023,6,4,0,1,10,19,34609,0,1,1,-31.462523,152.832368,56,2,1,0,2,0,0,0,0,0,7,50,0,4552,5151,8,5,40,1,0,1,0,0
1325290,2,2023,2023,8,1,7,97,17,61,88,0,1,9,-35.178786,149.268169,58,1,0,1,0,0,0,0,2,0,15,110,2,6545,6545,4,30,36,2,0,0,1,0
1325293,1,2023,2023,8,4,7,4,27,5,11,0,1,1,-36.787547,149.74118,5,1,0,0,1,0,0,0,2,0,7,100,1,2585,4009,8,16,40,1,0,0,0,1
1325295,4,2023,2023,8,3,5,2,27,4,34609,0,1,1,-28.749045,153.187006,39,1,0,0,0,0,0,0,2,0,7,100,0,782,957,5,16,40,1,0,1,0,0
1325297,2,2023,2023,6,2,0,4,31,77,34609,1,0,1,-32.575085,151.182798,64,2,1,1,2,0,0,1,0,0,7,50,0,4026,4026,8,5,40,1,0,0,1,0
1325299,4,2023,2023,8,2,5,2,18,1,34609,0,1,1,-31.529959,150.473379,51,1,0,1,0,2,0,0,2,0,7,100,0,1945,1945,5,16,40,1,0,1,0,0
1325300,2,2023,2023,8,6,8,2,27,80,34609,0,1,1,-34.534725,146.388429,51,2,1,0,0,0,0,6,0,0,7,80,0,1259,5151,8,0,40,1,0,0,1,0
1325303,4,2023,2023,6,2,8,2,31,133,34609,0,1,2,-34.495824,150.795233,80,0,2,1,1,0,0,0,3,0,7,50,0,9859,9859,8,10,40,1,0,1,2,2
1325304,4,2023,2023,6,4,8,8,10,86,34609,0,1,1,-33.747073,150.931326,7,0,2,1,0,0,0,0,0,0,7,50,0,1669,1669,3,0,13,2,0,1,0,0
1325309,2,2023,2023,8,5,2,161,17,11,161,0,1,9,-36.060796,148.861119,65,1,0,0,0,0,0,0,0,0,0,100,2,782,957,5,8,40,1,0,0,1,0
1325311,4,2023,2023,8,6,10,39,22,65,34609,0,1,1,-33.397357,151.398797,16,2,2,0,0,0,3,4,0,0,7,60,0,4552,5151,8,33,40,1,0,1,0,0
1325313,1,2023,2023,6,5,4,97,31,532,34609,0,1,0,-33.872685,151.208141,69,0,2,1,1,0,0,0,2,0,7,40,0,1220,1220,9,5,28,2,0,0,0,1
1325314,1,2023,2023,6,3,8,21,1,123,25,0,1,6,-33.904126,151.214377,59,0,2,0,2,0,0,0,3,0,9,50,1,1220,1220,9,5,28,2,0,0,0,1
1325315,4,2023,2023,6,4,3,220,27,66,222,0,1,2,-33.713318,150.934125,7,0,2,1,1,0,0,0,2,0,7,80,2,14295,14295,3,5,13,2,0,1,0,0
1325316,2,2023,2023,6,4,8,16,27,90,34609,0,1,1,-33.884521,151.242609,81,0,2,0,1,0,0,0,2,0,7,50,0,4552,5151,1,5,5,3,0,0,1,0
1325321,2,2023,2023,6,4,8,2209,17,133,2205,0,1,1,-34.495693,150.793038,80,0,2,1,2,0,0,0,3,0,7,50,1,5929,5929,1,5,19,2,0,0,1,0
1325323,4,2023,2023,6,0,10,13,10,75,34609,0,1,1,-32.793176,151.638631,42,2,1,0,2,0,0,0,0,0,7,60,0,3775,3775,0,5,0,2,0,1,0,0
1325324,2,2023,2023,6,0,11,63,27,9,34,1,0,2,-32.948391,151.683338,37,0,2,0,2,0,0,1,0,0,7,60,1,1383,1383,1,16,5,2,0,0,1,0
1325326,2,2023,2023,6,6,4,78,31,55,34609,0,1,1,-35.716305,150.177473,23,2,1,1,0,0,0,0,2,0,7,50,0,3775,3775,0,10,13,3,0,0,1,0
1325327,4,2023,2023,8,1,11,1,27,2,34609,0,1,1,-33.02547,151.591222,37,0,2,0,2,0,0,0,0,0,7,50,0,4552,5151,8,5,40,1,0,1,0,0
1325330,2,2023,2023,6,1,10,2126,17,218,2149,0,1,9,-33.7714,150.779351,55,0,2,1,2,0,0,0,0,2,7,60,2,623,623,3,5,5,2,0,0,1,0
1325331,1,2023,2023,6,3,8,13,31,207,34609,0,1,7,-31.959697,141.46101,51,2,1,1,2,0,0,0,3,0,0,50,0,5929,5929,1,5,19,2,0,0,0,1
1325333,2,2023,2023,6,1,6,13,23,32,34609,1,0,9,-32.947262,151.708445,48,0,2,0,1,0,0,0,2,0,7,50,0,214,214,9,5,28,2,0,0,1,0
1325340,4,2023,2023,6,4,9,150,27,173,415,0,1,10,-33.785205,151.1285,61,0,2,1,2,0,0,0,0,2,7,70,2,6545,6545,4,5,22,2,0,1,1,1
1325341,4,2023,2023,6,4,11,26,31,283,34609,0,1,1,-33.846445,151.012226,21,0,2,1,2,0,0,0,0,0,7,50,0,9859,9859,1,5,13,2,0,2,0,0
1325343,4,2023,2023,6,6,9,1,18,204,34609,0,1,9,-33.888386,151.125277,32,0,2,1,2,0,0,0,3,0,7,50,0,214,214,9,5,28,2,0,1,0,0
1325351,2,2023,2023,6,2,0,5,1,44,34609,0,1,1,-33.790559,150.976816,54,0,2,1,0,0,0,0,0,0,7,50,0,9859,9859,1,21,5,2,0,0,1,0
1325356,2,2023,2023,5,1,5,169,31,108,34609,0,1,1,-28.870369,153.560172,2,2,1,1,1,0,3,3,2,2,9,40,0,2040,2040,9,10,28,2,0,0,1,0
1325361,2,2023,2023,6,2,8,1,31,309,34609,0,1,1,-33.812223,151.099974,61,0,2,1,2,0,0,0,3,0,7,50,0,9859,9859,1,5,5,2,0,0,1,0
1325363,4,2023,2023,6,3,6,18,27,13,34609,0,1,1,-32.466911,152.071009,43,2,1,0,0,0,0,0,2,0,7,80,0,1850,1463,5,16,40,1,0,1,0,0
1325364,4,2023,2023,6,1,6,8,1,43,34609,1,0,1,-33.2154,151.514829,16,2,2,1,1,0,0,0,2,0,7,50,0,9859,9859,1,10,25,3,0,1,0,0
1325365,4,2023,2023,6,4,5,171,1,65,22,0,1,1,-33.802301,150.958261,54,0,2,1,0,0,0,0,2,0,7,60,1,1981,1981,4,33,27,2,0,1,0,0
1325366,2,2023,2023,5,4,1,125,27,38,144,0,1,1,-32.793481,151.94266,57,2,1,0,0,0,0,0,0,0,7,60,2,1259,5151,8,10,40,1,0,0,1,0
1325368,1,2023,2023,6,4,5,35,27,85,34609,0,1,10,-33.910862,150.875157,41,0,2,1,1,0,0,0,2,2,7,50,0,5929,5929,1,10,5,2,0,0,0,2
1325370,1,2023,2023,6,4,5,63,17,5,63,0,1,1,-33.174443,141.679203,51,1,0,1,0,0,0,0,2,0,7,110,2,1945,1945,5,0,40,1,0,0,0,1
1325371,1,2023,2023,6,2,5,293,27,6,34609,0,1,1,-35.641982,149.867051,58,1,0,1,0,2,0,0,2,0,7,100,0,404,404,8,16,40,1,0,0,0,1
1325372,2,2023,2023,6,0,8,220,14,51,220,0,1,3,-34.475604,150.829587,80,0,2,1,2,0,0,0,0,0,7,100,2,14295,14295,3,10,5,2,0,0,1,0
1325373,4,2023,2023,8,5,4,330,23,293,112,0,1,2,-33.939678,151.238652,59,0,2,1,1,0,0,0,2,0,7,50,2,1220,1220,9,0,28,2,0,1,0,0
1325378,1,2023,2023,8,3,8,133,17,14,121,0,1,1,-35.693914,149.162933,65,1,0,1,0,0,0,0,0,0,7,100,2,1089,1089,7,5,40,1,0,0,0,1
1325380,2,2023,2023,8,0,8,3,31,80,34609,0,1,1,-33.969455,150.901305,13,0,2,1,0,0,0,0,3,0,7,50,0,4026,4026,1,5,4,2,0,0,1,0
1325382,4,2023,2023,8,1,7,92,31,56,34609,0,1,9,-33.803306,151.203854,77,0,2,1,1,0,0,0,2,0,7,50,0,1220,1220,9,9,28,2,0,1,0,0
1325384,2,2023,2023,5,1,0,2209,17,27,2205,0,1,2,-34.533043,150.786928,80,0,2,1,2,0,0,0,0,0,7,80,2,9859,9859,1,10,5,2,0,0,1,0
1325385,1,2023,2023,5,1,10,57,1,71,34609,0,1,9,-33.260151,151.543228,16,2,2,1,2,0,3,0,0,0,7,50,0,2040,2040,9,5,28,2,0,0,0,1
1325386,1,2023,2023,8,1,8,283,27,88,702,0,1,10,-33.983402,151.10913,25,0,2,1,2,0,0,0,3,2,7,70,2,14295,14295,3,10,5,2,0,0,0,1
1325388,1,2023,2023,6,0,5,4,27,65,19,0,1,9,-33.702569,151.291719,50,0,2,1,0,0,0,0,2,0,7,50,1,1945,1945,5,16,40,1,0,0,0,1
1325395,2,2023,2023,6,5,4,1,31,111,34609,0,1,9,-33.690494,150.873489,7,0,2,1,2,0,0,0,2,0,0,50,0,2852,2852,4,5,25,2,0,0,1,0
1325398,4,2023,2023,6,2,6,13,27,3,34609,0,1,9,-32.541668,151.168291,64,2,1,1,0,0,0,0,2,0,0,60,0,1669,1669,3,5,5,2,0,1,1,0
1325399,2,2023,2023,8,2,3,478,17,89,480,0,1,7,-33.379192,151.473484,16,2,2,1,1,0,0,0,2,0,7,60,2,6545,6545,4,10,5,2,0,0,2,0
1325400,4,2023,2023,6,6,11,348,17,32,232,0,1,1,-32.343969,149.484348,44,1,0,1,0,0,0,0,0,0,7,100,2,4026,4026,8,10,40,1,0,1,0,0
1325402,4,2023,2023,8,2,6,2126,17,143,2149,0,1,2,-33.868931,151.105687,14,0,2,1,1,0,0,3,2,0,7,60,2,1383,1383,1,5,19,2,0,1,0,0
1325406,4,2023,2023,6,6,10,220,14,67,220,0,1,9,-34.423205,150.868615,80,0,2,1,2,0,3,3,0,0,7,90,2,1669,1669,3,15,0,2,0,1,0,0
1325407,2,2023,2023,7,3,9,2,31,31,34609,0,1,9,-31.083615,150.876996,70,2,1,1,0,0,0,0,2,0,7,50,0,4026,4026,1,5,0,2,0,0,1,0
1325414,4,2023,2023,6,1,1,3,31,137,34609,0,1,2,-33.904744,150.907209,24,0,2,0,2,0,0,1,0,0,7,50,0,1957,4009,1,5,5,2,0,1,0,0
1325416,4,2023,2023,5,3,5,280,10,314,82,0,1,9,-33.851777,150.928664,24,0,2,1,1,0,0,0,2,0,15,50,1,6545,6545,4,5,5,2,0,1,0,1
1325418,4,2023,2023,6,4,1,12,31,174,41,0,1,0,-33.890402,151.205929,69,0,2,1,2,0,0,0,0,0,7,50,1,9859,9859,8,5,40,1,0,1,0,0
1325419,1,2023,2023,6,3,8,81,17,83,33,0,1,10,-34.449445,150.44295,78,2,1,1,2,0,0,0,3,2,7,50,1,14295,14295,3,33,5,2,0,0,0,1
1325421,2,2023,2023,6,2,7,1,18,316,34609,0,1,1,-33.908564,151.250568,59,0,2,1,1,0,0,0,2,0,7,50,0,340,340,9,0,26,2,0,0,1,0
1325424,2,2023,2023,8,4,4,1,4,35,34609,0,1,9,-35.345584,149.213993,58,2,1,1,0,0,0,0,2,0,0,40,0,63,63,4,5,5,2,0,0,1,1
1325425,4,2023,2023,0,0,3,42,27,67,231,0,1,9,-33.402203,151.342878,16,2,2,0,1,0,0,0,2,0,15,60,2,5929,5929,1,5,5,3,0,1,0,0
1325426,1,2023,2023,5,1,3,102,31,139,187,0,1,10,-33.875243,151.134633,32,0,2,1,2,0,0,0,1,2,7,60,2,6545,6545,4,5,19,2,0,0,0,1
1325427,4,2023,2023,6,4,6,2209,17,201,2205,0,1,10,-34.872204,150.605895,63,2,1,1,2,0,0,0,2,2,7,70,2,6545,6545,4,5,0,3,0,1,1,0
1325429,4,2023,2023,0,5,5,2209,17,68,2205,0,1,10,-34.079504,151.010635,68,0,2,1,1,0,0,0,2,2,7,70,2,14295,14295,3,5,5,2,0,1,0,1
1325432,2,2023,2023,0,2,11,43,27,46,29,0,1,1,-32.915291,151.673014,48,0,2,1,2,0,3,4,0,0,7,60,1,945,945,5,16,40,1,0,0,1,0
1325433,1,2023,2023,6,3,6,224,27,137,321,0,1,9,-33.917207,151.19994,69,0,2,1,1,0,0,0,2,0,0,50,2,2852,2852,4,0,0,2,0,0,0,1
1325436,2,2023,2023,5,6,5,6,10,31,34609,0,1,7,-34.585352,150.863114,62,0,2,1,0,0,0,0,2,0,0,50,0,14295,14295,3,22,5,2,0,0,1,0
1325441,1,2023,2023,5,2,8,2126,17,38,2149,0,1,2,-33.77638,150.801421,55,0,2,1,1,0,0,0,2,0,0,80,2,14295,14295,3,9,5,2,0,0,0,2
1325444,1,2023,2023,6,2,5,10,31,120,34609,0,1,9,-32.191563,152.511774,43,2,1,1,1,0,0,0,2,0,7,50,0,368,368,9,33,28,2,0,0,0,1
1325446,4,2023,2023,5,6,5,2126,17,445,2149,0,1,9,-33.853929,151.059686,21,0,2,1,1,0,0,0,2,0,7,60,2,5929,5929,1,9,5,2,0,1,0,0
1325447,4,2023,2023,8,0,6,175,27,609,220,1,0,10,-33.757904,150.914287,7,0,2,1,0,0,0,0,2,2,7,70,2,5929,5929,1,8,5,2,0,1,3,0
1325451,2,2023,2023,5,6,8,866,31,79,34609,0,1,10,-33.966876,151.120402,4,0,2,1,1,0,0,0,2,0,0,50,0,6545,6545,4,5,36,2,0,0,1,0
1325457,2,2023,2023,6,6,7,79,10,18,231,0,1,9,-33.475548,151.324003,16,2,2,1,0,0,3,4,2,0,7,60,2,14295,14295,3,9,19,2,0,0,1,0
1325464,1,2023,2023,0,3,7,153,27,290,147,0,1,10,-33.949352,151.116228,4,0,2,1,1,0,0,0,2,0,0,60,2,5929,5929,1,5,19,2,0,0,0,1
1325465,4,2023,2023,6,3,5,98,31,176,159,0,1,9,-33.953687,151.13948,4,0,2,1,1,0,0,0,2,2,7,60,2,5929,5929,1,5,5,2,0,1,0,1
1325466,2,2023,2023,6,4,7,1052,14,149,928,0,1,3,-33.337095,151.374692,16,1,2,0,0,0,0,3,2,0,7,110,2,1192,1192,1,5,5,2,0,0,2,0
1325467,4,2023,2023,6,4,7,1052,14,149,928,0,1,3,-33.337112,151.37468,16,1,2,0,0,0,0,3,2,0,7,110,2,14295,14295,3,3,35,2,0,1,0,0
1325472,2,2023,2023,6,3,6,2,31,78,34609,0,1,10,-28.329497,153.376505,72,2,1,1,0,0,0,0,2,0,15,40,0,6545,6545,4,17,0,2,0,0,1,0
1325474,2,2023,2023,6,3,9,195,27,49,186,0,1,2,-33.915849,150.855213,41,0,2,1,2,0,0,0,0,0,7,70,2,1981,1981,4,10,13,2,0,0,1,0
1325475,4,2023,2023,5,6,6,24,31,460,28,0,1,1,-33.845827,150.980101,21,0,2,1,1,0,0,0,2,0,7,50,1,2040,2040,9,5,28,2,0,1,0,0
1325479,2,2023,2023,6,2,9,149,36,40,113,0,1,1,-32.066987,152.481602,43,2,1,0,0,0,0,0,0,0,7,80,1,4552,5151,8,5,40,1,0,0,1,0
1325481,2,2023,2023,5,3,0,14,27,11,34609,0,1,1,-34.548617,150.741784,80,0,2,0,0,0,0,3,0,0,7,80,0,1259,5151,8,0,40,1,0,0,1,1
1325482,2,2023,2023,6,4,8,177,31,314,208,0,1,7,-33.862769,150.945059,24,0,2,1,2,0,0,0,3,0,0,60,1,6545,6545,4,9,0,4,0,0,2,0
1325483,2,2023,2023,8,5,2,1,27,33,34609,0,1,1,-34.068547,150.740501,12,0,2,1,2,0,0,0,0,0,7,50,0,9859,9859,1,5,5,2,0,0,2,0
1325488,2,2023,2023,5,5,6,1104,14,247,962,0,1,3,-33.814673,150.957798,21,0,2,1,1,0,0,0,2,0,7,90,2,1391,1391,1,10,0,4,0,0,1,0
1325489,2,2023,2023,5,3,8,2,31,102,34609,0,1,1,-31.110843,150.921013,70,2,1,1,2,0,0,0,3,0,7,50,0,3775,3775,0,5,13,2,0,0,1,2
1325492,1,2023,2023,6,3,4,1,27,67,34609,0,1,9,-33.870886,150.886716,24,0,2,0,1,0,0,0,2,0,0,50,0,926,926,4,0,5,2,0,0,0,1
1325496,4,2023,2023,6,5,9,4,27,6,34609,0,1,1,-32.662557,151.797904,57,1,0,1,0,0,0,0,0,0,7,90,0,4026,4026,8,0,40,1,0,1,0,0
1325499,1,2023,2023,5,3,7,39,31,42,34609,0,1,1,-33.662109,151.314973,50,0,2,1,1,0,0,0,2,0,7,50,0,9859,9859,1,0,12,2,0,0,0,1
1325502,2,2023,2023,8,4,8,134,10,157,133,0,1,2,-33.801894,151.023716,54,0,2,0,2,0,0,0,0,0,7,90,2,14295,14295,3,5,0,2,0,0,1,0
1325503,4,2023,2023,6,6,4,3,10,54,34609,0,1,7,-33.238285,151.497185,16,2,2,1,1,0,0,0,2,0,0,50,0,1981,1981,4,5,5,2,0,1,0,0
1325504,2,2023,2023,6,2,5,3371,17,9,3342,0,1,2,-32.353949,152.311761,43,1,0,1,0,0,0,0,2,0,7,110,2,1282,1282,1,3,5,2,0,0,1,0
1325505,4,2023,2023,6,4,6,3,27,2,34609,0,1,1,-33.618152,151.204652,50,0,2,1,0,0,0,3,2,0,7,50,0,175,188,8,0,40,1,0,1,0,0
1325508,4,2023,2023,8,5,4,204,31,252,34609,0,1,9,-33.88858,151.215327,69,0,2,1,0,0,0,0,2,0,7,40,0,591,591,1,22,40,2,0,1,0,0
1325509,2,2023,2023,6,6,6,6,31,72,34,1,0,10,-33.833787,151.226673,49,0,2,0,0,0,0,0,2,2,9,50,1,1220,1220,9,5,28,2,0,0,1,0
1325510,2,2023,2023,4,1,7,2126,17,65,2149,0,1,1,-33.522673,150.152098,40,2,1,0,0,0,3,4,2,0,7,80,2,4552,5151,8,10,40,1,0,0,1,0
1325512,2,2023,2023,6,3,7,2261,17,70,2252,0,1,9,-34.696844,150.023009,26,1,0,1,0,0,0,0,2,0,0,110,2,2852,2852,4,5,0,2,0,0,1,0
1325514,4,2023,2023,5,1,2,251,14,139,124,0,1,3,-33.836621,151.210953,49,0,2,1,3,0,2,6,1,0,7,80,2,9859,9859,8,15,40,1,0,1,0,0
1325515,4,2023,2023,6,5,4,485,27,24,769,0,1,2,-33.654289,150.870069,7,0,2,1,1,0,0,0,2,0,7,80,2,14295,14295,3,16,13,2,0,1,0,0
1325519,2,2023,2023,6,1,5,9,27,9,34609,0,1,1,-34.926425,149.743382,26,1,0,1,0,0,0,0,2,0,7,100,0,945,945,5,5,40,1,0,0,1,0
1325520,1,2023,2023,5,2,6,829,27,165,770,0,1,2,-33.848257,151.152515,14,0,2,1,0,0,0,0,2,0,7,60,2,1981,1981,4,5,27,2,0,0,0,1
1325521,2,2023,2023,5,0,5,72,14,169,71,0,1,3,-33.898483,151.215506,69,0,2,1,2,0,0,0,2,0,7,80,2,14295,14295,3,0,36,3,0,0,1,0
1325524,2,2023,2023,6,0,7,57,27,30,126,0,1,9,-32.767369,151.63072,42,2,1,0,0,0,0,0,2,0,15,80,2,2852,2852,4,0,5,2,0,0,1,0
1325530,2,2023,2023,6,6,8,16,31,194,34609,0,1,10,-30.50824,151.66919,1,2,1,1,1,0,0,0,3,0,15,50,0,5929,5929,1,10,19,2,0,0,1,0
1325531,2,2023,2023,5,5,10,7,27,148,34609,0,1,1,-36.036097,146.965133,0,2,1,0,0,0,3,4,0,0,7,60,0,3775,3775,0,5,36,2,0,0,1,0
1325532,2,2023,2023,5,6,3,33,27,98,260,0,1,1,-33.024216,151.577625,37,0,2,1,0,0,0,0,1,0,7,80,2,14295,14295,3,10,0,2,0,0,1,0
1325533,4,2023,2023,6,1,6,107,22,210,121,1,0,2,-34.03091,151.112597,68,0,2,1,1,0,0,0,2,0,7,60,1,4026,4026,1,0,5,2,0,1,0,0
1325534,2,2023,2023,6,0,6,2209,17,157,2205,0,1,2,-34.006653,151.112059,68,0,2,1,1,0,0,0,2,0,7,70,2,14295,14295,3,5,0,3,0,0,2,2
1325539,2,2023,2023,3,2,6,92,31,172,126,0,1,7,-32.748754,151.593885,42,2,1,1,0,0,2,2,2,0,0,50,2,14295,14295,3,9,5,2,0,0,1,0