Crash ID,Degree of crash - detailed,Reporting year,Year of crash,Month of crash,Day of week of crash,Two-hour intervals,Street of crash,Street type,Town,Route no.,School zone location,School zone active,Type of location,Latitude,Longitude,LGA,Urbanisation,Conurbation 1,Alignment,Street lighting,Road surface,Surface condition,Weather,Natural lighting,Signals operation,Other traffic control,Speed limit,Road classification,RUM - code,DCA - code,First impact type,Key TU type,Other TU type,No. of traffic units involved,No. killed,No. seriously injured,No. moderately injured,No. minor-other injured
1325542,2,2023,2023,6,4,3,308,14,323,311,0,1,3,-33.815813,150.851819,7,0,2,1,0,0,3,0,0,0,7,100,2,14295,14295,3,9,5,3,0,0,1,0
1325545,2,2023,2023,6,1,5,5,27,24,7,0,1,1,-33.410846,150.063864,40,2,1,0,1,0,0,0,2,0,7,50,1,2585,4009,8,10,40,1,0,0,1,0
1325546,2,2023,2023,6,4,6,7,27,4,34609,0,1,1,-34.808537,150.70907,63,2,1,0,0,0,0,3,2,0,7,80,0,1669,1669,3,5,5,2,0,0,1,1
1325549,2,2023,2023,6,5,9,37,23,443,78,0,1,10,-33.906717,151.057392,15,0,2,1,2,0,0,0,0,2,7,60,2,2040,2040,9,5,28,2,0,0,1,0
1325557,4,2023,2023,8,3,4,29,27,25,34609,0,1,9,-33.868147,151.279838,76,0,2,1,0,0,0,0,2,0,7,50,0,1850,985,5,16,40,1,0,1,0,0
1325558,1,2023,2022,9,6,4,9,27,61,34609,0,1,1,-33.837795,150.600154,55,0,2,0,0,2,0,0,2,0,7,60,0,368,368,9,5,28,2,0,0,0,1
1325559,1,2023,2023,5,2,5,68,27,110,67,1,0,1,-33.768187,151.026799,54,0,2,1,1,0,0,0,2,0,7,60,1,5929,5929,1,0,5,2,0,0,0,1
1325560,4,2023,2023,6,0,2,1,31,162,34609,0,1,9,-33.851059,150.90897,24,0,2,1,0,0,0,0,1,0,7,50,0,2040,2040,9,33,28,2,0,1,0,0
1325563,1,2023,2023,5,5,2,43,22,149,187,0,1,9,-33.869908,151.174792,32,0,2,1,2,0,3,4,1,2,7,60,2,1669,1669,3,0,5,2,0,0,0,1
1325566,1,2023,2023,5,0,8,829,27,125,770,1,0,9,-33.821142,151.119707,61,0,2,1,2,0,0,0,2,2,7,60,2,14295,14295,3,16,5,2,0,0,0,1
1325567,2,2023,2023,6,2,8,63,27,147,34609,0,1,1,-33.870221,150.992744,15,0,2,1,2,0,0,0,3,0,7,50,0,3775,3775,0,5,13,2,0,0,1,0
1325568,4,2023,2023,3,0,4,2209,17,79,2205,0,1,7,-34.904784,150.602181,63,2,1,0,0,0,0,0,2,0,0,70,2,6545,6545,4,5,19,2,0,1,0,0
1325574,2,2023,2023,5,1,9,3371,17,108,3342,0,1,9,-33.294735,151.422614,16,2,2,1,2,0,0,0,3,2,7,60,2,14295,14295,3,5,0,3,0,0,2,1
1325575,4,2023,2023,6,1,3,113,27,78,111,0,1,1,-33.880083,150.807647,55,0,2,1,1,0,0,0,2,0,7,80,2,14295,14295,3,16,5,2,0,1,0,0
1325579,4,2023,2023,8,1,8,3371,17,24,3342,0,1,9,-32.652609,151.866133,57,1,0,1,2,0,0,0,0,0,0,100,2,2852,2852,4,0,2,2,0,1,0,0
1325580,2,2023,2023,5,2,4,53,36,19,34,0,1,9,-33.41487,148.315653,51,1,0,0,0,0,3,4,2,0,0,100,2,1850,777,5,8,40,1,0,0,1,0
1325583,4,2023,2023,0,3,6,59,27,38,53,0,1,1,-34.127377,150.738421,79,2,2,1,1,0,0,3,2,0,7,50,1,78,78,8,16,40,1,0,1,0,0
1325584,4,2023,2023,5,2,7,1,36,1,34609,0,1,1,-33.145626,151.519227,37,0,2,1,0,2,0,0,2,0,7,50,0,3775,3775,0,16,19,2,0,1,1,0
1325586,1,2023,2023,6,4,3,48,13,40,34609,0,1,7,-34.019211,151.116942,68,0,2,0,2,0,0,0,1,0,0,50,0,1391,1391,1,0,27,2,0,0,0,1
1325587,1,2023,2023,5,5,5,2261,17,32,2252,0,1,3,-34.278852,150.640441,79,1,2,1,0,0,0,0,2,0,7,110,2,1282,1282,1,5,10,2,0,0,0,1
1325588,4,2023,2023,6,5,5,111,27,293,233,0,1,1,-33.936543,151.22987,59,0,2,1,1,0,3,3,2,0,7,60,2,2040,2040,9,0,28,2,0,1,0,0
1325589,4,2023,2023,8,4,7,15,27,127,154,0,1,9,-33.838732,150.871821,24,0,2,0,0,0,0,0,2,0,0,60,1,1669,1669,3,9,13,2,0,1,0,0
1325590,4,2023,2023,8,4,3,79,10,80,34609,0,1,10,-33.879135,151.201078,69,0,2,1,1,0,0,0,1,2,7,50,0,1945,1945,5,16,40,1,0,1,0,0
1325593,4,2023,2023,6,6,3,3371,17,12,3342,0,1,2,-28.771716,153.531312,2,1,0,1,1,0,0,0,2,0,7,110,2,14295,14295,3,34,40,2,0,1,0,0
1325595,4,2023,2023,6,2,8,5,27,6,34609,0,1,1,-29.463252,153.238375,18,2,1,0,0,0,0,0,3,0,7,80,0,2585,4009,8,5,40,1,0,1,0,0
1325597,1,2023,2023,5,0,11,8,1,37,34609,0,1,1,-33.018608,151.685841,37,0,2,0,1,0,0,0,0,0,7,50,0,4552,5151,8,5,40,1,0,0,0,1
1325598,2,2023,2023,6,0,9,10,27,10,34609,0,1,1,-33.741897,150.718299,55,0,2,1,3,1,2,6,0,0,16,50,0,9859,9859,1,5,5,2,0,0,2,0
1325599,2,2023,2023,6,0,3,11,1,609,136,0,1,9,-33.775881,150.921759,7,0,2,1,0,2,0,1,1,0,7,60,2,2852,2852,4,5,22,2,0,0,2,0
1325603,4,2023,2023,6,5,8,3,31,94,34609,0,1,1,-33.834082,151.048552,54,0,2,1,1,0,0,0,3,0,7,70,0,9859,9859,8,0,40,1,0,1,0,0
1325604,4,2023,2023,5,5,1,308,14,62,311,0,1,2,-33.730284,150.858352,7,0,2,1,2,0,0,1,0,0,7,100,2,475,475,5,29,40,1,0,1,0,0
1325618,1,2022,2022,4,3,10,225,17,32,180,0,1,1,-34.562633,150.629691,78,2,1,1,0,0,3,4,0,0,7,80,2,945,945,5,10,40,1,0,0,0,1
1325623,2,2023,2023,7,0,6,13,27,8,34609,0,1,1,-35.17715,149.781264,26,1,0,0,0,2,0,0,2,0,7,100,0,368,368,9,16,28,2,0,0,1,0
1325641,1,2022,2022,4,2,6,24,27,5,103,0,1,1,-28.699859,153.230503,39,2,1,0,0,0,3,0,2,0,7,80,1,3775,3775,0,16,13,2,0,0,0,1
1325642,1,2022,2022,1,3,10,213,17,11,213,0,1,1,-29.782486,151.385906,33,1,0,1,0,0,0,0,0,0,7,100,2,4026,4026,8,3,40,1,0,0,0,1
1325650,2,2023,2023,6,5,6,13,1,133,34609,0,1,10,-34.491209,150.802393,80,0,2,1,3,0,0,0,2,0,0,50,0,926,926,4,0,0,2,0,0,1,0
1325651,2,2023,2023,8,6,9,49,27,9,34609,0,1,1,-33.479692,151.345072,16,2,2,1,3,0,0,0,0,0,7,50,0,4026,4026,1,30,12,2,0,0,1,0
1325653,2,2023,2023,7,4,3,280,10,162,240,0,1,9,-33.851021,150.899145,24,0,2,1,2,0,0,0,1,2,7,70,2,2852,2852,4,5,5,2,0,0,1,0
1325654,2,2023,2023,6,5,5,1104,14,104,962,0,1,3,-33.831001,151.020207,54,0,2,1,3,0,0,0,2,0,7,90,2,9859,9859,8,0,40,1,0,0,1,0
1325656,1,2023,2023,8,1,3,2126,17,106,2149,0,1,10,-33.886171,151.179145,69,0,2,1,3,0,0,0,2,2,7,60,2,1282,1282,1,0,27,2,0,0,0,1
1325657,2,2023,2023,6,0,4,45,31,125,32,0,1,9,-33.822875,151.124603,61,0,2,1,3,0,0,0,2,0,7,50,1,214,214,9,5,28,2,0,0,1,0
1325658,1,2023,2023,6,6,8,191,27,370,68,0,1,10,-34.059726,150.813629,13,0,2,1,3,0,0,0,3,2,6,60,1,5929,5929,1,5,0,2,0,0,0,1
1325660,2,2023,2023,6,5,9,15,31,169,34609,0,1,7,-28.642177,153.612487,10,2,1,1,2,0,0,0,0,0,0,50,0,6545,6545,4,5,27,2,0,0,1,0
1325662,2,2023,2023,6,6,11,296,27,290,293,0,1,9,-33.861073,150.992876,21,0,2,1,3,0,0,0,0,2,15,70,2,1669,1669,3,5,5,2,0,0,1,0
1325666,1,2023,2023,5,1,4,9,1,137,34609,0,1,10,-33.921518,151.204187,69,0,2,1,3,0,0,0,2,0,15,40,0,6545,6545,4,0,0,4,0,0,0,1
1325667,4,2023,2023,6,0,9,3371,17,49,3342,0,1,2,-33.19919,151.523001,16,2,2,1,3,0,0,0,0,0,7,80,2,14295,14295,3,5,0,4,0,1,1,0
1325672,4,2023,2023,6,4,4,2209,17,64,2205,0,1,2,-34.382174,150.900359,80,0,2,1,3,0,0,0,2,0,7,80,2,14295,14295,3,5,5,2,0,1,0,0
1325673,1,2023,2023,6,4,11,78,17,34,58,0,1,1,-35.006611,149.021711,82,1,0,1,0,0,3,4,0,0,7,100,2,4026,4026,8,5,40,1,0,0,0,1
1325674,1,2023,2023,5,4,8,2,31,210,34609,0,1,9,-34.039122,151.101208,68,0,2,1,3,0,0,0,0,0,7,50,0,1282,1282,1,0,40,1,0,0,0,1
1325679,1,2023,2023,5,0,5,21,1,123,25,0,1,9,-33.904143,151.214348,59,0,2,0,3,0,0,0,2,0,7,50,1,14295,14295,3,10,5,2,0,0,0,1
1325683,2,2023,2023,6,0,11,53,31,147,125,0,1,9,-33.895104,151.004543,15,0,2,1,3,0,0,0,0,0,7,60,1,2852,2852,4,5,0,2,0,0,1,0
1325684,1,2023,2023,5,5,9,97,27,271,799,0,1,9,-33.935438,151.008986,15,0,2,1,3,0,3,3,0,0,2,70,2,775,775,4,5,19,2,0,0,0,1
1325686,2,2023,2023,5,0,8,8,1,50,34609,0,1,1,-33.226496,151.552295,16,2,2,0,3,0,0,0,2,0,7,50,0,1109,787,1,5,36,2,0,0,1,0
1325687,1,2023,2023,6,2,9,866,17,174,793,0,1,10,-33.873834,150.925728,24,0,2,1,2,0,0,0,0,1,7,70,2,14295,14295,3,5,0,3,0,0,0,2
1325688,1,2023,2022,2,0,7,27,27,9,34609,0,1,1,-28.371318,152.568499,51,2,1,1,3,0,0,0,2,0,7,80,0,1945,1945,5,16,40,1,0,0,0,1
1325691,1,2023,2023,0,2,5,6,31,271,34609,0,1,1,-33.935648,151.009048,15,0,2,1,3,0,0,0,2,0,7,50,0,1981,1981,4,10,5,2,0,0,0,1
1325694,1,2023,2023,6,5,4,150,27,309,415,0,1,9,-33.8033,151.113557,61,0,2,0,3,0,0,0,2,3,0,70,2,14295,14295,3,5,5,3,0,0,0,1
1325702,1,2023,2023,5,2,8,105,17,223,136,0,1,9,-33.806604,150.916558,7,0,2,1,3,0,0,0,2,2,7,60,2,1391,1391,1,0,5,2,0,0,0,1
1325704,2,2023,2023,6,0,5,6,10,323,34609,0,1,1,-33.806005,150.845129,7,0,2,0,3,0,0,0,2,0,7,50,0,312,312,2,19,40,1,0,0,1,0
1325707,2,2023,2023,5,2,10,1104,11,532,770,0,1,10,-33.873004,151.204112,69,0,2,1,3,0,0,0,0,2,7,30,2,6545,6545,4,5,5,2,0,0,1,0
1325709,1,2023,2023,5,1,7,512,17,19,441,0,1,1,-32.414255,148.837757,22,1,0,0,3,0,0,0,2,0,7,90,2,1957,4009,8,5,40,1,0,0,0,1
1325710,1,2023,2023,5,0,7,80,27,123,50,0,1,2,-33.903314,151.224941,59,0,2,1,3,0,0,0,2,0,7,60,2,14295,14295,3,9,0,3,0,0,0,1
1325712,2,2023,2023,5,4,2,4,27,136,148,1,0,9,-32.931844,151.718657,48,0,2,1,3,0,0,0,1,0,0,60,1,5929,5929,1,5,0,2,0,0,1,1
1325713,1,2023,2023,5,6,7,17,27,252,34609,0,1,1,-33.954197,150.873137,41,0,2,1,3,0,0,0,2,0,7,50,0,395,395,1,9,41,2,0,0,0,1
1325715,2,2023,2023,5,6,5,866,27,201,44,0,1,9,-34.002899,150.864621,13,0,2,1,3,0,0,0,2,0,7,60,1,1669,1669,3,21,5,2,0,0,1,0
1325719,1,2023,2023,6,2,5,2209,17,79,2205,0,1,7,-34.898343,150.602359,63,2,1,1,1,0,0,0,2,0,0,70,2,2852,2852,4,0,0,2,0,0,0,1
1325725,1,2023,2023,6,4,5,43,27,66,87,0,1,2,-34.442273,150.885811,80,0,2,1,3,0,0,0,2,0,7,80,2,14295,14295,3,0,0,2,0,0,0,1
1325731,1,2023,2023,0,6,6,104,27,443,702,0,1,9,-33.903485,151.064512,67,0,2,1,3,0,3,0,2,2,7,70,2,301,301,4,5,25,2,0,0,0,1
1325736,1,2023,2023,6,5,9,177,31,314,208,0,1,9,-33.861103,150.932405,24,0,2,1,2,0,0,0,0,0,7,60,1,14295,14295,3,10,10,2,0,0,0,1
1325738,1,2023,2023,6,6,8,1104,14,113,962,0,1,3,-33.786237,150.709892,55,0,2,1,3,0,0,0,3,0,7,110,2,14295,14295,3,21,5,3,0,0,0,1
1325739,2,2023,2023,5,4,11,171,27,73,369,0,1,9,-33.715028,150.724966,55,0,2,0,3,0,0,0,0,2,7,70,2,1669,1669,3,5,5,2,0,0,1,0
1325740,4,2023,2023,8,1,5,1,6,2,34609,0,1,9,-35.708842,150.248139,23,2,1,1,3,0,3,0,2,0,7,50,0,1850,1463,5,15,40,1,0,1,0,0
1325741,1,2023,2023,6,1,9,2209,17,133,2205,0,1,10,-34.498277,150.791305,80,0,2,1,3,0,0,0,0,2,0,60,1,14295,14295,3,0,5,3,0,0,0,1
1325743,1,2023,2023,5,5,4,2209,17,68,2205,0,1,2,-34.087974,151.007323,68,0,2,1,3,0,0,0,2,0,7,60,2,1391,1391,1,5,13,3,0,0,0,1
1325746,4,2023,2023,5,2,4,39,36,18,79,0,1,1,-33.789055,151.206574,77,0,2,1,0,0,0,0,2,0,7,60,2,84,84,6,9,12,2,0,1,0,0
1325747,1,2023,2023,6,4,1,308,14,83,311,0,1,3,-33.884855,150.83774,41,0,2,1,1,0,0,0,0,0,7,100,2,14295,14295,3,0,0,2,0,0,0,1
1325748,1,2023,2023,0,1,6,2,31,92,34609,0,1,9,-33.40366,151.358118,16,2,2,1,3,0,0,0,2,0,7,50,0,312,312,2,19,40,1,0,0,0,1
1325749,1,2023,2023,5,1,10,35,27,109,37,1,0,9,-33.908849,151.143361,32,0,2,1,3,0,3,4,0,0,0,50,1,14295,14295,3,5,5,2,0,0,0,1
1325755,1,2023,2023,5,1,7,109,27,323,382,1,0,10,-33.785897,150.853182,7,0,2,1,3,0,0,0,2,2,7,60,2,5929,5929,1,0,5,2,0,0,0,1
1325756,2,2023,2023,6,0,7,53,31,53,34609,1,0,10,-33.84858,150.965242,21,0,2,1,0,0,0,0,2,0,15,50,0,6545,6545,4,9,5,2,0,0,1,0
1325759,1,2023,2023,5,0,10,13,27,135,34609,0,1,1,-35.213286,149.791828,58,1,0,0,3,2,0,0,0,0,7,100,0,2585,4009,8,10,40,1,0,0,0,1
1325761,1,2023,2023,5,1,8,59,31,73,46,0,1,9,-34.179575,150.613777,79,2,2,1,3,0,0,0,2,0,0,60,2,14295,14295,3,5,0,2,0,0,0,1
1325764,2,2023,2023,5,2,5,2,27,56,34609,0,1,1,-32.799593,151.248712,17,1,0,0,3,0,0,0,2,0,7,100,0,1957,4009,8,16,40,1,0,0,1,0
1325767,2,2023,2023,5,1,4,3371,17,104,3342,0,1,2,-32.838358,151.6886,48,0,2,1,3,0,0,0,2,0,7,80,2,1391,1391,1,0,0,3,0,0,1,0
1325770,1,2023,2023,5,4,8,149,10,136,702,0,1,2,-33.859678,151.068547,67,0,2,1,3,0,0,3,2,0,7,80,2,1391,1391,1,5,36,2,0,0,0,1
1325771,1,2023,2023,5,2,5,283,27,145,702,0,1,2,-33.929122,151.072214,15,0,2,1,3,0,0,0,2,0,7,60,2,14295,14295,3,0,5,2,0,0,0,2
1325772,1,2023,2023,5,4,2,18,36,73,34,0,1,1,-34.186625,150.598963,79,2,2,0,3,0,0,6,1,0,7,80,1,1259,5151,8,10,40,1,0,0,0,1
1325774,1,2023,2023,5,5,10,5,31,445,34609,0,1,11,-33.860694,151.049484,21,0,2,1,3,0,3,4,0,0,7,50,0,4552,985,8,15,40,1,0,0,0,1
1325775,2,2023,2023,5,5,2,55,31,29,34609,1,0,7,-31.084807,150.936928,70,2,1,1,3,0,0,0,0,0,0,50,0,6545,6545,4,10,36,2,0,0,1,0
1325777,1,2023,2023,5,0,10,32,27,82,34609,0,1,1,-33.822298,151.200936,49,0,2,1,3,0,0,0,0,0,7,50,0,941,941,1,5,27,2,0,0,0,1
1325783,1,2023,2023,5,1,2,1,27,1,1,0,1,1,-28.870987,151.160141,33,1,0,0,3,0,0,0,0,0,7,100,1,418,714,5,3,40,1,0,0,0,1
1325785,2,2023,2023,5,3,0,157,17,7,158,0,1,1,-34.066492,145.370691,51,1,0,1,0,0,3,1,0,0,7,110,2,1089,1089,7,0,40,1,0,0,1,0
1325786,2,2023,2023,5,5,9,2126,17,323,2149,0,1,9,-33.789142,150.856023,7,0,2,1,0,0,0,0,0,2,7,80,2,5929,5929,1,3,36,2,0,0,1,0
1325788,1,2023,2023,5,6,11,2126,17,445,2149,0,1,9,-33.851258,151.054551,21,0,2,1,3,0,0,0,0,0,7,60,2,2852,2852,4,0,5,2,0,0,0,1
1325792,1,2023,2023,6,1,9,175,27,24,220,0,1,10,-33.728178,150.923534,7,0,2,1,3,0,0,0,0,2,7,70,2,6545,6545,4,34,5,2,0,0,0,1
1325794,2,2023,2023,5,5,11,296,27,41,293,1,0,9,-33.86708,150.988034,24,0,2,1,3,0,0,0,0,2,7,70,2,5929,5929,1,5,0,3,0,0,1,0
1325795,1,2023,2023,5,1,3,33,31,323,20,0,1,7,-33.763655,150.998025,71,0,2,1,3,0,0,0,1,0,0,60,1,5929,5929,1,5,5,2,0,0,0,1
1325799,1,2023,2023,5,5,7,4,1,363,34609,0,1,10,-33.743799,150.713832,55,0,2,1,3,0,0,0,2,0,0,50,0,6545,6545,4,30,12,2,0,0,0,1
1325803,2,2023,2023,5,0,4,500,27,83,799,0,1,9,-33.915838,151.110213,15,0,2,1,3,0,0,0,2,0,7,60,2,926,926,4,5,5,2,0,0,1,0
1325806,4,2023,2023,5,5,3,2261,17,443,2252,0,1,11,-33.904211,151.042187,15,0,2,1,3,0,0,0,2,0,7,60,2,1391,1391,1,5,35,2,0,1,0,0
1325809,1,2023,2023,5,1,4,92,27,28,34609,0,1,1,-34.009771,151.074904,68,0,2,1,3,0,0,0,2,0,7,50,0,1981,1981,4,0,5,2,0,0,0,2
1325811,1,2023,2023,5,5,9,475,10,137,268,0,1,10,-33.902703,150.89674,24,0,2,1,3,0,0,0,0,2,7,60,2,926,926,4,10,0,2,0,0,0,1
1325812,1,2023,2023,5,6,3,515,14,243,518,0,1,3,-33.957888,150.876545,41,0,2,1,2,0,0,0,2,0,7,100,2,1383,1383,1,29,5,3,0,0,0,1
1325813,4,2023,2023,6,1,8,54,27,20,563,0,1,9,-34.028867,151.006283,68,0,2,1,3,0,0,0,2,2,7,80,2,14295,14295,3,5,0,2,0,1,0,0
1325821,2,2023,2023,6,4,6,2209,17,201,2205,0,1,9,-34.869354,150.604092,63,2,1,1,0,0,0,3,2,0,0,70,2,775,775,4,5,13,2,0,0,1,0
1325826,4,2023,2023,0,4,7,102,31,107,53,0,1,0,-33.881157,151.196925,69,0,2,1,1,0,0,3,2,0,7,50,2,1981,1981,4,0,27,2,0,1,0,0
1325832,4,2023,2023,0,0,7,67,27,18,52,0,1,1,-30.373703,153.089216,19,2,1,1,1,0,0,0,2,0,7,50,1,3775,3775,0,5,5,2,0,4,0,0
1325833,4,2023,2023,0,4,3,15,31,41,34609,0,1,9,-31.093302,150.909908,70,2,1,1,0,0,0,0,2,0,7,50,0,2852,2852,4,10,19,2,0,1,1,0
1325835,2,2023,2023,8,2,6,107,22,77,34609,0,1,1,-33.866235,150.938147,24,0,2,1,3,0,3,4,2,0,9,40,0,591,591,1,22,5,2,0,0,1,0
1325836,4,2023,2023,0,1,7,38,31,12,34609,1,0,9,-33.355541,149.979745,40,2,1,0,1,0,0,0,2,0,7,50,0,256,256,4,5,5,2,0,1,2,0
1325837,4,2023,2023,0,2,7,59,27,271,42,1,0,10,-33.94524,151.018033,15,0,2,1,1,0,0,0,2,2,7,60,1,6545,6545,4,5,0,2,0,1,0,0
1325838,4,2023,2023,0,2,9,2261,17,243,2252,0,1,2,-33.956182,150.8932,41,0,2,1,2,0,0,0,3,0,7,70,2,1282,1282,1,5,0,2,0,1,0,0
1325840,2,2023,2023,8,6,8,1,31,103,34609,0,1,1,-34.317875,148.288184,30,2,1,1,1,0,0,0,2,0,7,50,0,9859,9859,1,5,12,3,0,0,1,0
1325841,4,2023,2023,8,6,9,132,31,174,126,1,0,10,-33.889674,151.206082,69,0,2,1,2,0,0,0,0,2,7,50,2,5929,5929,1,5,27,2,0,1,0,0
1325842,2,2023,2023,0,4,10,1,27,18,34609,0,1,9,-34.25769,146.205804,28,2,1,1,0,2,0,0,0,0,7,50,0,489,489,8,5,40,1,0,0,1,0
1325843,4,2023,2023,8,4,7,10,27,14,34609,0,1,1,-33.137627,150.077208,40,1,0,0,0,0,0,0,2,0,7,100,0,1957,4009,8,9,40,1,0,1,0,0
1325845,2,2023,2023,8,4,5,23,10,15,47,0,1,2,-32.897288,151.699569,48,0,2,0,1,0,0,0,2,0,7,60,2,1957,4009,1,5,5,2,0,0,1,0
1325846,4,2023,2023,0,2,11,89,36,2,19,0,1,1,-28.853643,152.656881,51,1,0,0,0,0,0,1,0,0,7,100,1,2585,4009,8,30,40,1,0,1,0,0
1325850,4,2023,2023,8,0,7,27,10,88,34609,0,1,1,-33.746377,150.849081,7,0,2,0,1,0,0,0,2,0,7,50,0,3775,3775,0,9,19,2,0,1,0,0
1325854,2,2023,2023,0,4,4,10,27,9,143,0,1,1,-34.16672,149.339176,74,1,0,1,0,0,0,0,2,0,7,100,2,1945,1945,5,5,40,1,0,0,1,0
1325855,1,2023,2023,8,0,6,3,6,64,34609,0,1,9,-34.052337,150.734112,12,0,2,1,1,0,0,0,2,0,7,50,0,2852,2852,4,0,0,2,0,0,0,1
1325856,2,2023,2023,8,2,10,83,27,169,147,1,0,1,-28.664886,153.614364,10,2,1,1,2,0,0,0,0,0,9,50,1,78,78,8,5,40,1,0,0,1,0
1325858,4,2023,2023,8,3,7,11,27,7,34609,0,1,1,-37.222729,149.67709,5,1,0,1,0,0,3,3,2,0,7,100,0,945,945,5,5,40,1,0,1,0,0
1325859,2,2023,2023,8,4,11,145,27,130,80,0,1,9,-33.873968,151.19241,69,0,2,1,2,0,0,0,0,2,7,40,2,2852,2852,4,5,5,3,0,0,2,0
1325862,2,2023,2023,8,1,7,7,27,20,34609,0,1,1,-31.022789,152.851389,34,1,0,0,0,0,0,0,2,0,7,100,0,4552,5151,8,16,40,1,0,0,2,0
1325865,4,2023,2023,8,5,5,205,27,161,415,1,0,10,-33.721978,151.171577,36,0,2,1,1,0,0,0,2,2,7,60,2,5929,5929,1,5,27,2,0,1,0,0
1325869,4,2023,2023,8,3,10,19,27,5,34609,0,1,1,-31.811276,152.382886,43,1,0,0,0,0,0,0,0,0,7,100,0,1259,5151,8,5,40,1,0,2,0,0
1325872,2,2023,2023,6,5,4,30,31,169,769,0,1,1,-33.596612,150.746399,29,2,2,1,1,0,0,0,2,0,7,60,2,5929,5929,1,5,0,2,0,0,2,0
1325873,2,2023,2023,6,0,1,296,27,290,293,0,1,9,-33.851965,150.996191,21,0,2,1,2,0,0,0,0,0,7,70,2,9859,9859,8,5,40,1,0,0,2,0
1325874,2,2023,2023,8,0,11,475,10,42,268,0,1,2,-33.883673,150.865227,24,0,2,1,2,0,0,0,0,0,7,70,2,14295,14295,3,9,0,4,0,0,1,0
1325876,1,2023,2023,8,5,4,110,31,316,34609,0,1,10,-31.43892,152.920273,56,2,1,1,1,0,0,0,2,0,15,50,0,2040,2040,9,0,26,2,0,0,0,1
1325877,4,2023,2023,8,5,2,1,31,148,34609,1,0,9,-36.051566,146.947477,0,2,1,1,2,0,3,4,0,0,7,50,0,1850,777,5,16,40,1,0,1,0,1
1325879,2,2023,2023,6,3,9,2209,17,35,2205,0,1,1,-35.455226,150.373839,63,1,0,1,0,0,0,0,0,0,7,100,2,9859,9859,8,8,40,1,0,0,1,0
1325880,2,2023,2023,0,1,8,46,27,304,39,0,1,1,-33.907049,151.147095,32,0,2,1,2,0,0,0,3,0,7,60,1,387,387,1,22,13,2,0,0,1,0
1325881,1,2023,2023,8,0,3,27,27,102,28,0,1,2,-33.959813,151.205016,4,0,2,1,0,0,0,0,2,0,7,80,2,14295,14295,3,8,5,2,0,0,0,1
1325882,1,2023,2023,6,4,7,115,27,43,46,0,1,9,-34.193135,150.644109,79,2,2,1,1,0,3,3,2,0,15,80,1,2852,2852,4,5,0,2,0,0,0,1
1325883,2,2023,2023,8,3,8,5,27,224,34609,0,1,10,-33.833464,151.250987,45,0,2,1,0,0,0,0,3,0,7,50,0,1192,1192,1,5,0,2,0,0,1,0
1325886,4,2023,2023,6,3,0,1,1,39,34609,0,1,1,-33.759399,150.921181,7,0,2,0,2,0,0,3,0,0,7,50,0,2585,4009,8,0,40,1,0,1,0,0
1325890,2,2023,2023,6,0,4,2261,17,243,2252,0,1,9,-33.957107,150.889209,41,0,2,1,1,0,0,0,2,0,7,70,2,14295,14295,3,0,5,3,0,0,2,0
1325891,2,2023,2023,8,5,6,283,27,88,702,1,0,2,-33.985794,151.110101,25,0,2,0,0,0,0,0,2,0,7,70,2,941,941,1,0,19,2,0,0,1,0
1325894,4,2023,2023,6,5,0,31,31,73,19,0,1,10,-33.87252,151.217605,69,0,2,1,2,0,0,3,0,2,7,50,2,6545,6545,4,22,5,2,0,1,0,0
1325895,2,2023,2023,6,2,5,2,31,103,34609,0,1,7,-28.819573,153.318901,39,2,1,1,0,0,0,0,2,0,0,50,0,9859,9859,8,5,40,1,0,0,1,0
1325896,4,2023,2023,6,2,2,2,27,8,34609,0,1,1,-35.017811,150.445366,63,1,0,0,0,2,0,0,0,0,7,100,0,1259,5151,8,10,40,1,0,1,1,0
1325897,2,2023,2023,6,0,3,7,31,646,11,0,1,9,-33.925696,151.033373,15,0,2,1,1,0,0,0,2,0,0,50,1,5929,5929,1,5,0,2,0,0,1,0
1325901,4,2023,2023,0,0,10,125,27,155,75,0,1,10,-33.492792,151.315093,16,2,2,1,2,0,0,0,0,0,15,60,1,6545,6545,4,22,0,2,0,1,0,0
1325904,2,2023,2023,6,1,10,6,10,463,6,0,1,1,-30.321153,153.086632,19,2,1,0,0,0,0,0,0,0,7,60,1,1850,1463,5,0,40,1,0,0,1,0
1325905,4,2023,2023,6,2,10,46,27,4,34609,0,1,9,-34.563008,150.869279,62,0,2,0,2,0,0,0,0,0,7,50,0,1957,777,8,16,40,1,0,1,0,0
1325908,4,2023,2023,6,2,6,1052,14,77,928,0,1,3,-33.538081,151.198897,16,1,2,1,0,0,0,0,2,0,7,110,2,14295,14295,3,9,13,4,0,1,0,0
1325911,4,2023,2023,6,6,6,53,27,134,51,0,1,9,-33.514199,151.317932,16,2,2,1,0,0,1,0,2,0,9,60,1,14295,14295,3,10,5,2,0,1,0,0
1325913,4,2023,2023,6,6,10,17,27,21,12,0,1,1,-35.765779,147.961763,66,1,0,1,0,0,3,3,0,0,7,100,2,9859,9859,8,10,40,1,0,1,0,0
1325915,2,2023,2023,6,3,9,2209,17,40,2205,0,1,1,-35.76287,150.153286,23,1,0,0,0,0,3,3,0,0,7,90,2,4552,5151,8,0,40,1,0,0,1,0
1325918,2,2023,2023,6,5,9,133,23,463,34609,0,1,1,-30.289512,153.138063,19,2,1,1,2,0,3,3,0,0,7,50,0,9859,9859,1,5,0,3,0,0,1,0