Crash ID,Degree of crash - detailed,Reporting year,Year of crash,Month of crash,Day of week of crash,Two-hour intervals,Street of crash,Street type,Town,Route no.,School zone location,School zone active,Type of location,Latitude,Longitude,LGA,Urbanisation,Conurbation 1,Alignment,Street lighting,Road surface,Surface condition,Weather,Natural lighting,Signals operation,Other traffic control,Speed limit,Road classification,RUM - code,DCA - code,First impact type,Key TU type,Other TU type,No. of traffic units involved,No. killed,No. seriously injured,No. moderately injured,No. minor-other injured
1325923,4,2023,2023,6,5,4,193,31,16,34609,0,1,1,-33.378717,149.543311,3,2,1,1,1,0,0,0,2,0,7,50,0,340,340,9,5,28,2,0,1,0,0
1325925,4,2023,2023,6,2,11,346,17,47,332,0,1,1,-28.850444,153.44676,2,2,1,1,2,0,0,0,0,0,7,80,2,9859,9859,1,0,5,2,0,1,0,0
1325927,2,2023,2023,6,2,5,3,22,8,34609,0,1,1,-31.007619,152.75442,34,1,0,0,0,2,0,0,2,0,7,100,0,3775,3775,0,16,13,2,0,0,1,1
1325928,4,2023,2023,6,3,11,103,27,16,98,0,1,1,-33.408221,150.785392,29,2,2,0,0,0,0,0,0,0,7,80,2,4552,5151,8,29,40,1,0,1,0,0
1325930,2,2023,2023,8,5,5,2,14,115,21,0,1,3,-33.91637,151.17403,32,0,2,0,1,0,0,0,2,0,7,80,2,14295,14295,3,29,5,2,0,0,1,0
1325931,2,2023,2023,6,6,4,22,1,65,34609,0,1,9,-34.482006,150.888413,80,0,2,0,1,0,0,0,2,0,7,50,0,4552,5151,8,9,40,1,0,0,1,0
1325933,1,2023,2023,6,6,10,78,31,134,36,0,1,9,-33.521351,151.318158,16,2,2,1,0,0,3,0,0,0,0,50,1,591,591,1,22,5,2,0,0,0,1
1325937,4,2023,2023,6,3,9,22,10,18,34609,0,1,1,-28.802735,153.526997,2,2,1,0,0,0,0,0,0,0,7,80,0,1850,1463,5,16,40,1,0,1,0,0
1325941,4,2023,2023,6,4,4,43,27,10,118,0,1,1,-30.882381,150.815863,70,1,0,1,0,0,0,0,2,0,7,100,2,9859,9859,8,0,40,1,0,1,0,0
1325942,4,2023,2023,6,4,9,829,27,125,770,0,1,9,-33.823745,151.123701,61,0,2,1,2,0,0,0,0,2,7,60,2,5929,5929,1,5,5,2,0,1,0,0
1325944,4,2023,2023,5,3,6,24,27,3,41,0,1,1,-28.911207,153.139777,60,1,0,1,0,0,0,0,2,0,7,100,1,4026,4026,8,0,40,1,0,1,1,0
1325947,2,2023,2023,6,5,8,133,10,316,121,0,1,2,-31.45666,152.897864,56,2,1,1,2,0,0,0,3,0,7,70,1,14295,14295,3,10,5,2,0,0,2,0
1325950,2,2023,2023,0,2,3,12,27,17,103,0,1,1,-32.057563,152.270938,43,1,0,1,0,0,0,0,2,0,7,90,1,4026,4026,8,0,40,1,0,0,1,0
1325954,4,2023,2023,5,1,8,19,27,164,65,0,1,2,-33.71484,150.89286,7,0,2,1,2,0,0,0,3,0,7,60,1,4026,4026,8,5,40,1,0,3,1,0
1325958,2,2023,2023,5,2,8,2126,17,125,2149,0,1,9,-33.863814,151.081945,67,0,2,1,2,0,0,0,3,2,9,60,2,2040,2040,9,30,28,2,0,0,1,0
1325962,2,2023,2023,5,4,5,9,31,58,34609,0,1,1,-34.40488,150.895064,80,0,2,1,0,0,0,0,2,0,7,50,0,941,941,1,5,0,3,0,0,1,0
1325964,1,2023,2023,5,3,0,15,27,49,34609,0,1,4,-33.720709,151.295038,50,0,2,1,2,0,0,0,0,0,7,50,0,3775,3775,0,0,27,2,0,0,0,1
1325966,2,2023,2023,5,5,7,3,27,14,34609,0,1,9,-28.346141,153.356688,72,1,0,0,0,0,0,0,2,0,7,100,0,2852,2852,4,10,13,2,0,0,1,0
1325967,2,2023,2023,6,0,2,109,36,10,108,0,1,1,-28.372471,153.414567,72,1,0,1,0,0,0,0,1,0,7,90,1,1089,1089,7,5,40,1,0,0,2,0
1325968,4,2023,2023,5,5,6,4,27,3,34609,0,1,1,-32.351894,151.736327,51,1,0,0,0,0,0,0,2,0,7,100,0,1259,5151,8,8,40,1,0,1,0,0
1325970,4,2023,2023,6,0,11,126,27,370,168,0,1,10,-34.068104,150.802502,13,0,2,1,2,0,0,0,0,2,7,60,2,2852,2852,4,16,13,2,0,1,0,0
1325974,2,2023,2023,5,6,7,51,31,31,34609,0,1,10,-31.090919,150.878565,70,2,1,1,0,0,0,0,2,0,0,50,0,6545,6545,4,5,0,2,0,0,1,0
1325976,1,2023,2023,5,5,10,1052,27,69,262,0,1,2,-32.904803,151.689565,48,0,2,1,2,0,0,0,0,0,7,60,2,2040,2040,9,33,28,2,0,0,0,1
1325978,4,2023,2023,6,1,10,29,31,31,34609,0,1,1,-31.092916,150.883136,70,2,1,1,2,0,0,0,0,0,7,50,0,1282,1282,1,10,19,2,0,1,0,0
1325979,2,2023,2023,5,2,4,4,1,73,34609,0,1,10,-33.826187,151.08635,14,0,2,1,1,0,0,0,2,0,0,50,0,6545,6545,4,5,27,3,0,0,1,1
1325980,4,2023,2023,6,5,9,42,10,65,39,0,1,2,-34.488099,150.884719,80,0,2,0,2,0,0,0,0,0,7,60,1,591,591,1,22,19,2,0,1,0,0
1325987,4,2023,2023,6,4,9,3,31,219,34609,0,1,1,-32.898047,151.681857,48,0,2,1,2,0,0,0,0,0,7,50,0,1089,1089,7,16,40,1,0,1,0,0
1325992,1,2023,2023,6,2,7,46,27,304,140,0,1,10,-33.91231,151.160107,32,0,2,1,1,0,0,0,2,2,7,50,1,1945,1945,5,15,40,1,0,0,0,1
1325996,2,2023,2023,6,1,5,3,10,85,34609,0,1,1,-33.797723,150.679705,55,0,2,1,1,0,0,0,2,0,7,50,0,1945,1945,5,16,40,1,0,0,1,0
1325998,2,2023,2023,5,2,6,43,27,17,46,0,1,10,-28.265676,153.561689,72,2,1,1,1,0,0,0,2,2,7,60,1,6545,6545,4,0,5,2,0,0,1,0
1326005,4,2023,2023,8,4,3,48,10,135,58,0,1,9,-32.89155,151.744805,48,0,2,1,1,0,0,0,2,0,7,80,2,775,775,4,0,19,2,0,1,0,0
1326006,2,2023,2023,4,3,1,33,18,9,8,0,1,1,-28.783969,153.532525,2,2,1,0,0,0,0,0,0,0,7,80,1,1957,4009,8,0,40,1,0,0,1,0
1326007,2,2023,2022,2,0,7,3,18,179,34609,0,1,1,-31.168155,150.934943,70,1,0,1,0,2,3,4,2,0,7,100,0,945,945,5,10,40,1,0,0,1,0
1326011,2,2023,2023,5,2,6,330,23,54,233,0,1,2,-33.899207,151.222173,69,0,2,1,1,0,0,0,2,0,7,60,2,14295,14295,3,5,5,2,0,0,1,0
1326014,2,2023,2023,5,2,3,1104,14,104,962,0,1,3,-33.833962,151.026231,54,0,2,1,0,0,0,0,2,0,7,90,2,204,204,1,9,5,2,0,0,1,1
1326015,4,2023,2023,8,4,7,11,31,225,34609,0,1,1,-33.797406,151.182577,77,0,2,1,2,0,0,0,2,0,7,40,0,1109,397,1,5,19,2,0,1,0,0
1326018,2,2023,2023,5,4,3,42,31,532,34609,0,1,0,-33.868237,151.205978,69,0,2,1,2,0,0,0,1,0,7,40,0,14295,14295,3,19,22,2,0,0,1,0
1326020,2,2023,2023,5,5,7,35,27,204,96,0,1,1,-33.904239,151.128981,32,0,2,1,1,0,3,4,2,0,7,50,2,941,941,1,0,12,3,0,0,1,0
1326023,4,2023,2023,8,1,7,6,31,117,34609,0,1,7,-28.176249,153.544395,72,2,1,0,0,0,0,0,2,0,0,50,0,6545,6545,4,5,27,2,0,1,0,0
1326026,2,2023,2023,5,5,4,16,27,433,34609,0,1,10,-33.29251,149.09947,52,2,1,1,1,0,0,0,2,0,15,50,0,6545,6545,4,5,5,2,0,0,3,0
1326034,2,2023,2023,5,2,8,2,31,77,34609,0,1,1,-33.865897,150.937119,24,0,2,1,2,0,0,0,3,0,7,50,0,2040,2040,9,33,28,2,0,0,1,0
1326036,2,2023,2023,5,3,5,87,27,346,34609,0,1,9,-33.872021,151.093733,67,0,2,1,1,0,0,3,2,0,9,50,0,1220,1220,9,0,28,2,0,0,1,0
1326039,4,2023,2023,6,0,9,2,31,443,34609,0,1,1,-33.902957,151.060882,15,0,2,1,1,0,0,0,0,0,7,50,0,14295,14295,3,33,27,2,0,1,0,0
1326043,2,2023,2023,5,0,8,162,31,53,148,0,1,10,-32.927253,151.760823,48,0,2,1,1,0,0,0,2,2,7,50,1,14295,14295,3,5,5,2,0,0,1,0
1326047,4,2023,2023,6,0,7,5,31,443,34609,0,1,1,-33.910796,151.059897,15,0,2,1,1,0,0,0,2,0,7,50,0,9859,9859,1,5,5,2,0,1,0,0
1326050,2,2023,2023,5,5,10,125,27,108,123,0,1,7,-33.32423,151.427663,16,2,2,0,2,0,3,4,0,0,0,70,2,1957,4009,8,10,40,1,0,0,1,0
1326058,1,2023,2023,6,6,7,14,27,105,34609,0,1,1,-32.620193,149.584118,44,2,1,0,0,2,0,0,2,0,7,50,0,3775,3775,0,10,22,2,0,0,0,1
1326061,2,2023,2023,8,0,7,110,27,41,173,0,1,2,-34.396281,150.867096,80,0,2,1,0,0,3,4,2,0,7,80,2,14295,14295,3,10,5,2,0,0,1,0
1326064,4,2023,2023,5,2,6,475,10,83,268,0,1,9,-33.874737,150.838878,41,0,2,0,2,0,0,0,2,0,7,70,2,1669,1669,3,30,5,2,0,1,0,0
1326065,4,2023,2023,5,4,3,127,27,48,103,0,1,9,-32.917121,151.749556,48,0,2,1,2,0,0,0,1,2,7,60,1,5929,5929,1,10,27,2,0,1,0,0
1326069,1,2023,2023,8,1,8,171,1,387,104,0,1,9,-33.934516,151.194979,4,0,2,1,1,0,0,0,2,0,7,60,2,2852,2852,4,5,0,2,0,0,0,1
1326071,4,2023,2023,5,5,9,18,36,30,34,0,1,10,-34.192399,150.577012,79,2,2,1,0,0,3,4,0,0,0,80,1,6545,6545,4,10,5,2,0,1,0,0
1326075,4,2023,2023,8,1,11,3371,17,28,3342,0,1,9,-32.636664,152.020014,43,1,0,1,2,0,0,1,0,0,15,110,2,5929,5929,1,5,25,2,0,1,0,0
1326076,4,2023,2023,6,2,5,2261,17,23,2252,0,1,3,-34.047198,150.817417,13,0,2,0,1,0,0,0,2,0,7,110,2,2585,4009,8,0,40,1,0,1,0,0
1326077,2,2023,2023,5,1,2,3371,17,6,3342,0,1,1,-31.67123,152.740374,56,1,0,1,2,0,0,0,0,0,7,110,2,4026,4026,8,0,40,1,0,0,1,0
1326080,1,2023,2023,6,1,11,23,31,142,34609,0,1,1,-33.829345,151.002457,21,0,2,0,1,0,0,0,0,0,7,50,0,4552,5151,1,5,5,2,0,0,0,1
1326085,2,2023,2023,5,6,8,113,27,78,111,0,1,1,-33.828772,150.779844,55,0,2,1,3,1,2,6,2,0,7,80,2,14295,14295,3,10,5,2,0,0,1,1
1326086,4,2023,2023,6,2,5,11,27,54,34609,0,1,7,-33.710088,151.004974,71,0,2,1,1,0,0,0,2,0,0,50,0,1850,985,5,16,40,1,0,1,0,0
1326087,4,2023,2023,5,4,3,2,31,66,34609,0,1,9,-33.712915,150.929296,7,0,2,1,1,0,0,0,2,0,7,50,0,2040,2040,9,0,28,2,0,1,0,0
1326088,4,2023,2023,8,2,3,2,31,187,34609,0,1,9,-33.888024,150.986182,15,0,2,1,0,0,0,0,2,0,7,50,0,926,926,4,5,22,2,0,1,0,0
1326097,4,2023,2023,6,5,8,475,10,42,268,0,1,9,-33.912558,150.904839,41,0,2,1,2,0,0,0,3,2,7,70,2,5929,5929,1,33,5,2,0,2,0,0
1326099,4,2023,2023,5,5,9,81,27,137,34609,0,1,7,-33.911345,150.905924,24,0,2,1,2,0,0,0,0,0,0,50,0,9859,9859,8,16,40,1,0,1,0,0
1326101,4,2023,2023,5,5,4,1052,14,101,928,0,1,3,-32.894767,151.589082,37,0,2,0,0,0,0,0,2,0,7,110,2,1282,1282,1,5,0,2,0,1,1,0
1326102,4,2023,2023,6,4,9,80,27,316,34609,0,1,9,-33.913488,151.244697,59,0,2,1,2,0,0,0,0,0,15,50,0,1220,1220,9,0,28,2,0,1,0,0
1326107,4,2023,2023,5,4,7,84,10,39,80,0,1,9,-34.318407,150.916707,80,0,2,1,0,0,0,0,2,0,7,50,2,14295,14295,3,9,13,2,0,1,0,0
1326110,2,2023,2023,5,1,8,69,31,155,34609,0,1,10,-33.136408,148.183626,53,2,1,1,2,0,0,0,3,0,0,50,0,6545,6545,4,30,13,2,0,0,1,0
1326112,2,2023,2023,5,2,10,36,27,438,25,0,1,10,-33.848218,151.021447,21,0,2,1,2,0,0,0,0,2,7,50,1,2040,2040,9,0,28,2,0,0,1,0
1326113,4,2023,2023,6,2,9,3,27,53,34609,0,1,1,-33.359892,151.436419,16,2,2,0,2,0,0,0,0,0,7,50,0,4552,5151,8,5,40,1,0,1,0,0
1326118,2,2023,2023,6,6,4,916,17,25,917,0,1,1,-30.865004,151.20399,70,1,0,0,0,0,0,0,2,0,7,100,2,4552,5151,8,5,40,1,0,0,1,0
1326120,2,2023,2023,5,5,4,149,10,346,702,0,1,2,-33.875771,151.067405,67,0,2,1,1,0,0,0,2,0,7,80,2,14295,14295,3,29,5,5,0,0,1,0
1326121,2,2023,2023,5,5,8,44,31,228,34609,0,1,10,-34.755413,149.705368,26,2,1,1,1,0,0,0,2,0,0,50,0,926,926,4,5,5,2,0,0,2,0
1326125,4,2023,2023,6,4,8,27,4,252,34609,0,1,9,-33.936956,150.88573,41,0,2,0,1,0,0,0,2,0,0,60,0,2852,2852,4,5,10,2,0,1,0,0
1326132,4,2023,2023,6,4,4,2126,17,438,2149,0,1,10,-33.845062,151.042205,21,0,2,1,1,0,0,0,2,2,7,60,2,14295,14295,3,9,0,5,0,1,0,1
1326133,1,2023,2023,5,5,4,9,27,72,34609,0,1,9,-33.832279,151.224363,49,0,2,1,0,0,0,0,2,0,9,50,0,1220,1220,9,5,28,2,0,0,0,1
1326141,2,2023,2023,5,3,9,109,27,61,105,0,1,10,-33.894813,150.903059,24,0,2,1,2,0,0,0,3,2,6,60,2,5929,5929,1,21,5,2,0,0,1,0
1326143,2,2023,2023,8,0,7,296,27,187,2252,0,1,10,-33.889485,150.973345,15,0,2,1,1,0,0,0,2,2,7,70,2,14295,14295,3,8,5,2,0,0,1,0
1326144,2,2023,2023,6,6,5,1,27,36,34609,0,1,1,-33.757542,151.066146,31,0,2,0,0,0,3,4,2,0,7,50,0,380,714,5,9,40,1,0,0,1,0
1326148,1,2023,2023,8,5,5,30,27,120,154,0,1,9,-33.762798,150.86321,7,0,2,1,1,0,0,0,2,2,7,60,1,591,591,1,22,5,2,0,0,0,1
1326151,2,2023,2023,6,6,3,29,31,293,34609,0,1,7,-33.937893,151.245316,59,0,2,1,1,0,0,0,2,0,0,50,0,1945,1945,5,15,40,1,0,0,1,0
1326156,2,2023,2023,6,0,1,100,27,323,100,0,1,2,-33.806622,150.85162,7,0,2,1,2,0,0,0,0,0,7,70,2,4026,4026,8,16,40,1,0,0,1,0
1326159,4,2023,2023,5,0,5,89,36,1,17,0,1,1,-29.575348,152.886872,18,1,0,1,0,2,0,0,2,0,7,100,1,1089,1089,7,16,40,1,0,1,0,0
1326162,2,2023,2023,5,3,0,84,10,10,80,0,1,1,-34.223286,150.988751,80,0,2,0,3,0,2,6,0,0,7,60,2,4552,5151,8,5,40,1,0,0,1,0
1326164,4,2023,2023,5,6,8,82,31,363,369,0,1,10,-33.747036,150.714261,55,0,2,1,3,0,2,6,3,3,9,70,2,591,591,1,22,5,2,0,1,0,0
1326166,2,2023,2023,8,5,8,3371,17,131,3342,0,1,10,-33.787464,151.179074,77,0,2,1,0,0,0,0,2,3,7,60,2,775,775,4,5,19,2,0,0,1,0
1326168,1,2023,2023,5,0,8,82,31,179,369,0,1,9,-33.75796,150.711838,55,0,2,1,0,0,0,0,2,0,7,70,2,775,775,4,33,27,2,0,0,0,1
1326169,2,2023,2023,5,2,4,45,31,44,34609,0,1,9,-33.755007,150.720581,55,0,2,0,0,0,0,0,2,0,7,50,0,4552,5151,8,5,40,1,0,0,1,0
1326177,1,2023,2023,8,1,7,515,14,294,518,0,1,3,-33.939921,150.926089,41,0,2,1,2,0,0,0,2,0,7,100,2,14295,14295,3,8,12,3,0,0,0,1
1326178,4,2023,2023,5,2,10,38,23,26,34609,0,1,1,-33.712457,150.589762,8,2,2,1,0,0,0,0,0,0,7,50,0,9859,9859,1,0,5,2,0,1,0,0
1326181,4,2023,2023,5,6,3,16,27,88,20,0,1,1,-33.759336,150.850818,7,0,2,1,1,0,0,0,1,0,7,60,1,1109,397,1,10,19,2,0,1,0,0
1326185,4,2023,2023,5,2,8,29,31,139,51,0,1,1,-33.876805,151.135885,32,0,2,1,2,0,0,0,0,0,9,50,1,14295,14295,3,0,5,3,0,1,0,0
1326191,4,2023,2023,8,2,6,21,27,89,34609,0,1,1,-33.857419,150.890591,24,0,2,1,1,0,0,0,2,0,7,50,0,368,368,9,10,28,2,0,1,0,0
1326199,4,2023,2023,6,5,7,2209,17,35,2205,0,1,1,-35.445838,150.386951,63,1,0,1,0,0,0,3,2,0,7,100,2,9859,9859,8,5,40,2,0,1,5,0
1326204,4,2023,2023,5,2,10,11,31,562,34609,0,1,9,-32.259637,148.603296,22,2,1,1,2,0,0,0,0,0,7,50,0,9859,9859,1,5,36,3,0,1,0,0
1326210,2,2023,2023,6,6,6,2261,17,64,2252,1,0,9,-33.886436,151.070763,67,0,2,1,3,1,2,6,2,0,7,60,2,5929,5929,1,5,36,2,0,0,1,1
1326213,1,2023,2023,5,1,8,103,27,123,563,0,1,10,-33.80475,151.053456,54,0,2,1,0,0,0,0,2,2,7,80,2,14295,14295,3,8,5,3,0,0,0,1
1326222,2,2023,2023,5,1,8,348,17,9,232,0,1,9,-32.569609,149.559452,44,2,1,1,0,0,0,0,3,0,0,80,2,1669,1669,3,21,13,2,0,0,1,0
1326226,2,2023,2023,6,1,0,54,27,134,34609,1,0,1,-33.958736,150.809891,12,0,2,0,2,0,0,0,0,0,7,60,0,1957,4009,8,0,40,1,0,0,1,0
1326228,4,2023,2023,6,6,8,14,27,18,34609,0,1,1,-30.893911,152.745888,34,1,0,0,0,0,0,6,2,0,7,100,0,1850,1463,5,16,40,2,0,1,0,0
1326230,4,2023,2023,5,2,10,1,27,1,34609,0,1,1,-28.772435,153.017798,60,1,0,1,0,0,0,0,0,0,7,100,0,4026,4026,8,30,40,1,0,1,0,1
1326235,4,2023,2023,8,6,3,125,27,38,144,0,1,1,-32.785894,151.926042,57,2,1,1,0,0,0,0,2,0,7,80,2,3775,3775,0,10,0,2,0,1,1,0
1326238,4,2023,2023,5,6,4,7,27,61,34609,0,1,9,-33.831095,150.658192,55,0,2,0,1,0,0,0,2,0,0,60,0,4552,5151,8,16,40,1,0,1,0,0
1326243,2,2023,2023,8,5,5,308,14,127,311,0,1,3,-33.859038,150.849089,24,0,2,1,1,0,0,0,2,0,3,100,2,1109,787,1,5,36,3,0,0,1,0
1326248,1,2023,2023,7,1,5,82,27,7,34,0,1,1,-28.599783,153.04309,51,2,1,0,0,0,0,0,2,0,7,80,1,2040,2040,9,10,28,2,0,0,0,1
1326251,4,2023,2023,0,0,3,213,17,9,213,0,1,1,-29.58127,152.560677,18,1,0,1,3,0,0,1,1,0,7,100,2,9859,9859,8,10,40,1,0,1,0,0
1326253,4,2023,2023,0,4,8,43,27,56,87,0,1,10,-34.454793,150.873533,80,0,2,1,1,0,0,3,3,2,7,80,2,2852,2852,4,10,12,2,0,1,1,0
1326254,4,2023,2023,0,2,8,16,36,3,56,0,1,1,-32.148487,147.291846,51,1,0,1,0,0,0,0,2,0,7,100,1,1945,1945,5,16,40,1,0,1,0,0
1326255,4,2023,2023,0,6,3,32,31,111,91,0,1,10,-33.918107,151.257355,59,0,2,1,0,0,0,0,2,0,15,50,1,6545,6545,4,0,27,2,0,1,0,0
1326256,2,2023,2023,0,2,7,8,27,13,34609,0,1,1,-33.534406,149.914924,40,1,0,0,0,0,0,0,2,0,7,100,0,380,714,5,16,40,1,0,0,1,0
1326257,4,2023,2023,0,5,5,13,27,443,34609,0,1,9,-33.910884,151.043196,15,0,2,1,1,0,0,0,2,0,7,50,0,368,368,9,5,28,2,0,1,1,0
1326258,4,2023,2023,0,0,5,2126,17,24,2149,0,1,9,-33.429013,150.077251,40,1,0,0,1,0,0,0,2,0,0,110,2,5929,5929,1,10,5,2,0,1,1,0
1326259,2,2023,2023,8,5,4,230,27,68,34609,0,1,9,-33.879733,151.244895,81,0,2,1,0,0,0,0,2,0,0,50,0,2585,777,8,15,40,1,0,0,1,0
1326260,4,2023,2023,0,1,9,42,27,134,30,0,1,1,-33.894851,151.250306,76,0,2,1,2,0,3,0,0,0,7,50,1,941,941,1,5,27,2,0,1,0,0
1326263,2,2023,2023,0,0,3,4,27,3,34609,0,1,1,-31.956911,150.811454,73,1,0,1,0,0,0,0,2,0,7,100,0,5929,5929,1,10,13,2,0,0,2,0
1326264,1,2023,2023,0,0,8,6,1,28,34609,0,1,1,-34.022456,151.063362,68,0,2,0,3,0,3,0,2,0,7,50,0,941,941,1,10,5,2,0,0,0,1
1326265,2,2023,2023,0,4,8,192,10,29,25,0,1,1,-33.466022,151.416587,16,2,2,1,2,0,3,4,0,0,7,70,1,1669,1669,3,5,13,2,0,0,1,0
1326266,4,2023,2023,8,2,0,22,27,25,228,0,1,1,-33.614612,150.83693,29,2,2,1,2,0,0,0,0,0,7,60,2,3775,3775,0,5,5,2,0,2,0,0
1326267,4,2023,2023,0,3,7,1,27,74,34609,0,1,1,-34.023413,150.761899,12,0,2,0,0,0,0,0,2,0,7,50,0,3775,3775,0,5,0,2,0,2,0,0
1326268,4,2023,2023,8,1,8,2,1,10,34609,1,0,7,-35.152396,147.362275,75,2,1,1,1,0,0,0,3,0,7,70,0,5929,5929,1,22,13,2,0,1,0,1
1326269,4,2023,2023,8,2,3,2126,17,24,2149,0,1,9,-33.438542,150.062062,40,1,0,1,0,0,0,1,2,0,0,110,2,2852,2852,4,5,0,2,0,1,1,0
1326270,2,2023,2023,8,0,7,512,17,562,441,0,1,10,-32.254442,148.60997,22,2,1,1,0,0,0,0,2,0,0,60,2,6545,6545,4,10,5,2,0,0,1,0
1326271,2,2023,2023,0,0,11,49,22,10,34609,0,1,1,-33.106979,151.646893,37,0,2,1,2,0,3,0,0,0,7,50,0,9859,9859,8,0,40,1,0,0,1,0
1326274,4,2023,2023,8,5,9,102,31,293,44,1,0,10,-33.916931,151.055819,15,0,2,1,2,0,0,0,0,2,7,60,1,1220,1220,9,10,28,2,0,1,0,0
1326275,2,2023,2023,8,5,10,346,17,24,332,0,1,1,-28.812759,153.387362,39,2,1,1,0,0,3,4,0,0,7,80,2,4026,4026,8,34,40,1,0,0,1,0
1326276,4,2023,2023,8,3,6,9,27,87,100,0,1,1,-34.46312,150.423066,78,2,1,1,0,0,0,3,2,0,7,70,2,1981,1981,4,5,5,2,0,1,1,0
1326277,4,2023,2023,8,3,2,346,17,103,332,0,1,1,-28.809336,153.357259,39,2,1,0,0,0,0,0,0,0,7,80,2,368,368,9,29,28,2,0,1,0,0
1326278,2,2023,2023,8,1,8,1,27,1,34609,0,1,1,-35.750322,144.651455,51,1,0,0,0,2,0,0,2,0,7,100,0,782,957,5,10,40,1,0,0,3,0
1326279,4,2023,2023,8,0,10,36,1,126,34609,0,1,1,-33.916148,150.795825,41,0,2,1,0,0,0,0,0,0,7,80,0,43,43,3,5,27,2,0,1,1,0
1326280,4,2023,2023,8,0,8,18,27,9,41,1,0,10,-33.294673,149.012613,11,2,1,1,0,0,0,0,0,0,0,80,1,775,775,4,0,5,2,0,2,3,1
1326281,2,2023,2023,8,4,6,481,17,113,483,0,1,1,-29.523067,149.850043,51,2,1,1,0,0,0,0,2,0,7,60,2,1109,787,1,0,2,2,0,0,1,2
1326282,4,2023,2023,8,0,7,30,31,85,35,0,1,1,-34.584256,150.778897,62,0,2,1,1,0,0,0,2,0,7,70,1,4026,4026,8,0,40,1,0,1,0,0
1326283,4,2023,2023,8,4,8,346,17,8,332,0,1,1,-28.869413,153.11092,60,1,0,1,0,0,0,0,2,0,7,100,2,14295,14295,3,10,13,3,0,1,2,0
1326286,2,2023,2023,8,0,4,2,31,99,34609,0,1,9,-33.893154,151.268993,76,0,2,0,1,0,0,0,2,0,15,50,0,1850,1463,5,16,40,1,0,0,1,0
1326287,2,2023,2023,8,6,8,99,31,6,34609,0,1,1,-33.942588,151.1293,4,0,2,1,1,0,0,0,2,0,7,50,0,1981,1981,4,0,18,2,0,0,1,0
1326290,2,2023,2023,8,4,5,2126,17,40,2149,0,1,9,-33.705835,150.528512,8,2,2,0,1,0,0,6,2,0,15,80,2,5929,5929,1,16,5,2,0,0,1,0
1326291,2,2023,2023,0,3,3,2261,17,18,2252,0,1,3,-34.039134,150.823256,13,0,2,0,0,0,0,3,2,0,7,110,2,1282,1282,1,5,5,2,0,0,1,0
1326297,2,2023,2023,0,2,6,157,17,123,158,0,1,9,-33.834696,148.679789,51,2,1,1,0,0,0,0,2,0,0,50,2,2852,2852,4,5,0,2,0,0,2,0
1326299,2,2023,2023,6,2,3,98,31,169,34609,0,1,9,-28.64103,153.612935,10,2,1,1,0,0,0,0,2,0,7,50,0,1220,1220,9,0,28,2,0,0,1,0
1326300,4,2023,2023,8,1,7,9,31,41,34609,1,2,1,-33.824223,151.008696,54,0,2,1,1,0,0,0,2,0,9,40,0,2040,2040,9,5,28,2,0,1,0,0
1326302,2,2023,2023,6,2,10,26,31,90,34609,0,1,7,-32.928481,151.748481,48,0,2,1,2,0,0,0,0,0,0,50,0,6545,6545,4,10,5,3,0,0,2,0
1326304,4,2023,2023,6,5,9,916,17,165,917,0,1,2,-32.277897,150.897509,46,2,1,1,2,0,0,0,0,0,7,50,2,4026,4026,8,16,40,1,0,1,0,0
1326308,2,2023,2023,8,5,10,8,31,44,34609,0,1,1,-33.089552,147.140207,51,2,1,1,2,2,0,0,0,0,7,50,0,4026,4026,8,5,40,1,0,0,1,0
1326309,1,2023,2023,6,6,11,105,27,67,109,0,1,9,-33.877865,150.893476,24,0,2,1,3,0,0,0,0,2,7,60,1,1669,1669,3,5,5,3,0,0,0,1
1326310,4,2023,2023,8,6,3,296,27,92,293,0,1,2,-33.871815,150.984465,24,0,2,1,2,0,0,0,2,0,7,70,2,14295,14295,3,5,35,2,0,1,0,0
1326312,1,2023,2023,8,2,8,14,27,11,34609,0,1,1,-34.507463,150.782619,80,0,2,1,2,0,0,0,3,0,7,50,0,238,238,9,0,26,2,0,0,0,1
1326313,4,2023,2023,8,2,9,6,27,201,34609,0,1,1,-34.004518,150.840743,13,0,2,1,2,0,0,0,0,0,7,60,0,1945,1945,5,16,40,1,0,1,0,0
1326314,4,2023,2023,6,4,2,52,27,438,103,0,1,10,-33.864321,151.02284,21,0,2,1,2,0,0,0,1,2,7,50,1,6545,6545,4,10,5,2,0,1,0,0
1326316,4,2023,2023,0,3,11,1,27,1,34609,0,1,1,-31.429134,147.428228,51,1,0,1,0,2,0,0,0,0,7,100,0,945,945,5,10,40,1,0,2,0,0
1326317,4,2023,2023,6,4,10,1,27,130,34609,0,1,9,-33.865457,151.195271,69,0,2,0,2,0,0,0,0,0,7,40,0,1850,777,5,16,40,1,0,1,0,0
1326319,1,2023,2023,6,2,7,283,27,197,702,1,0,6,-33.952335,151.08352,25,0,2,1,1,0,0,0,2,2,9,60,2,14295,14295,3,5,5,3,0,0,0,1
1326321,2,2023,2023,6,3,2,2126,17,22,2149,0,1,1,-33.571666,150.208685,40,2,1,0,0,0,0,0,0,0,7,80,2,2585,4009,8,5,40,1,0,0,1,0
1326322,4,2023,2023,6,6,10,15,10,69,34609,0,1,10,-33.772915,150.967556,54,0,2,1,2,0,0,0,0,2,7,50,0,5929,5929,1,10,13,2,0,1,0,0