Crash ID,Degree of crash - detailed,Reporting year,Year of crash,Month of crash,Day of week of crash,Two-hour intervals,Street of crash,Street type,Town,Route no.,School zone location,School zone active,Type of location,Latitude,Longitude,LGA,Urbanisation,Conurbation 1,Alignment,Street lighting,Road surface,Surface condition,Weather,Natural lighting,Signals operation,Other traffic control,Speed limit,Road classification,RUM - code,DCA - code,First impact type,Key TU type,Other TU type,No. of traffic units involved,No. killed,No. seriously injured,No. moderately injured,No. minor-other injured
1326323,4,2023,2023,6,6,4,194,31,24,90,0,1,10,-32.008107,151.958163,43,2,1,1,0,0,0,0,2,0,0,40,1,1220,1220,9,5,28,2,0,1,0,0
1326327,2,2023,2023,6,5,2,178,27,189,101,0,1,9,-33.943115,151.053799,15,0,2,1,2,0,3,4,0,2,7,50,1,5929,5929,1,10,5,2,0,0,1,0
1326328,2,2023,2023,8,0,6,4,31,6,34609,0,1,1,-33.583207,149.366528,51,2,1,0,0,0,0,3,2,0,7,50,0,2585,4009,8,0,40,1,0,0,1,0
1326333,2,2023,2023,6,2,0,193,27,438,34609,0,1,1,-33.859428,151.028344,21,0,2,1,2,0,0,0,0,0,7,60,0,4026,4026,1,5,5,4,0,0,1,0
1326335,4,2023,2023,6,4,11,346,17,44,332,0,1,1,-28.815069,153.402145,2,2,1,0,0,0,3,3,0,0,7,80,2,1850,1463,5,16,40,1,0,1,0,0
1326336,1,2023,2023,8,6,2,916,17,15,917,0,1,1,-31.791922,150.901316,73,1,0,1,0,0,3,1,1,0,7,100,2,3775,3775,0,3,13,2,0,0,0,1
1326341,2,2023,2023,6,0,4,7,1,433,34609,0,1,1,-33.300127,149.118565,52,2,1,1,0,0,3,4,2,0,7,50,0,4026,4026,8,0,40,1,0,0,1,0
1326343,4,2023,2023,6,2,8,123,27,37,120,0,1,1,-33.903175,151.253025,76,0,2,1,0,0,0,0,3,0,7,50,2,1945,1945,5,15,40,1,0,1,0,0
1326344,2,2023,2023,6,6,7,2209,17,13,2205,0,1,1,-36.631336,149.826912,5,1,0,0,0,0,0,0,2,0,7,100,2,1259,5151,8,34,40,1,0,0,1,0
1326346,1,2023,2023,6,5,9,500,27,293,799,0,1,9,-33.932471,151.044852,15,0,2,1,0,0,0,0,0,2,7,60,2,926,926,4,0,12,2,0,0,0,1
1326352,2,2023,2023,6,4,10,178,1,226,34609,1,0,1,-33.764599,150.813585,7,0,2,1,2,0,0,0,0,0,7,50,0,9859,9859,1,5,5,3,0,0,1,0
1326353,4,2023,2023,6,0,6,100,27,41,799,0,1,9,-33.905097,151.132711,15,0,2,1,1,0,0,0,2,0,7,60,2,3775,3775,0,5,5,3,0,2,2,0
1326355,2,2023,2023,6,4,3,84,27,169,769,0,1,1,-33.590824,150.734181,29,2,2,1,1,0,0,0,1,0,7,80,2,3775,3775,0,5,13,5,0,0,1,0
1326362,4,2023,2023,5,2,7,6,31,34,34609,0,1,1,-34.01163,150.761506,12,0,2,0,0,0,0,0,2,0,7,50,0,2585,4009,8,16,40,1,0,1,0,0
1326363,4,2023,2023,5,6,10,10,27,102,16,0,1,2,-31.105918,150.923091,70,2,1,1,2,0,0,0,0,0,7,60,1,9859,9859,1,16,5,2,0,1,0,0
1326364,1,2023,2023,6,4,8,1,27,18,34609,0,1,9,-33.73465,151.288728,50,0,2,1,2,0,0,0,0,0,15,50,0,5929,5929,1,5,18,2,0,0,0,1
1326365,4,2023,2023,5,6,4,13,25,433,34609,0,1,10,-33.27967,149.102036,52,2,1,1,1,0,3,4,2,0,0,50,0,6545,6545,4,0,5,2,0,1,0,0
1326367,2,2023,2023,6,4,9,222,27,14,40,0,1,1,-33.610627,150.905137,29,2,2,1,0,0,0,0,0,0,7,80,1,1109,787,1,21,0,2,0,0,1,0
1326371,4,2023,2023,5,6,7,2,27,23,34609,0,1,1,-34.017906,151.03042,68,0,2,1,3,0,0,0,2,0,7,50,0,1981,1981,4,5,0,4,0,1,0,0
1326374,2,2023,2023,5,3,7,13,27,10,34609,0,1,9,-32.702293,151.463653,42,2,1,1,0,0,0,0,2,0,0,50,0,489,489,8,5,40,1,0,0,1,0
1326383,1,2023,2023,5,5,8,19,27,22,122,0,1,10,-34.529931,150.8691,80,0,2,1,1,0,0,0,2,2,7,60,2,2040,2040,9,10,28,3,0,0,0,2
1326386,4,2023,2023,5,3,8,14,31,323,34609,0,1,7,-33.759653,150.991911,71,0,2,0,2,0,0,0,0,0,9,20,0,2040,2040,9,0,28,2,0,1,0,0
1326388,4,2023,2023,5,4,5,2,31,53,34609,0,1,1,-33.918203,150.842501,41,0,2,1,3,0,0,0,2,0,7,50,0,9859,9859,1,5,36,3,0,1,0,0
1326389,1,2023,2023,5,5,4,100,27,109,799,0,1,10,-33.903325,151.14239,32,0,2,1,1,0,0,0,2,2,9,60,2,2040,2040,9,33,28,2,0,0,0,1
1326390,2,2023,2023,5,6,4,45,3,36,331,0,1,9,-34.065202,150.713908,12,0,2,1,1,0,0,0,2,0,15,80,2,2852,2852,4,9,2,2,0,0,2,0
1326394,4,2023,2023,5,6,9,829,27,149,770,0,1,9,-33.868312,151.176046,32,0,2,1,2,0,0,0,0,0,7,60,2,1282,1282,1,0,5,2,0,1,0,0
1326396,2,2023,2023,6,1,3,5,1,86,34609,0,1,9,-33.741021,150.92096,7,0,2,0,0,0,0,0,2,0,7,50,0,1220,1220,9,5,28,2,0,0,1,0
1326400,4,2023,2023,5,3,7,205,27,50,415,0,1,1,-33.686337,151.256542,50,0,2,0,0,0,0,0,2,0,7,70,2,3775,3775,0,5,13,2,0,2,0,0
1326401,4,2023,2023,6,1,11,4,31,29,34609,0,1,9,-33.941621,150.757992,41,0,2,1,1,0,3,4,0,0,0,60,0,489,489,8,30,40,1,0,1,0,0
1326403,2,2023,2023,5,5,8,6,31,39,42,0,1,1,-31.08093,152.827578,34,2,1,1,0,0,0,0,2,0,7,50,1,1981,1981,4,9,19,2,0,0,1,0
1326408,4,2023,2023,5,3,9,512,17,30,441,0,1,10,-30.094084,145.936928,51,2,1,1,2,0,0,0,0,0,0,40,2,6545,6545,4,10,2,2,0,1,2,1
1326413,4,2023,2023,5,4,4,2261,17,201,2252,0,1,3,-33.986419,150.856369,13,0,2,1,1,0,0,0,2,0,7,110,2,1192,1192,1,0,5,2,0,1,0,0
1326414,2,2023,2023,8,3,4,500,27,198,799,0,1,1,-33.917854,151.105313,15,0,2,1,1,0,0,0,2,0,7,60,2,3775,3775,0,5,5,2,0,0,1,0
1326415,2,2023,2023,5,0,4,33,7,26,34609,0,1,9,-33.763184,150.8766,7,0,2,1,1,0,0,0,2,0,7,50,0,926,926,4,0,0,2,0,0,1,0
1326418,4,2023,2023,6,5,9,78,31,49,34609,0,1,1,-32.98819,151.677564,37,0,2,1,2,0,0,0,0,0,7,60,0,1981,1981,4,16,0,2,0,1,0,0
1326419,1,2023,2023,5,0,5,165,31,532,16,0,1,10,-33.874367,151.206803,69,0,2,1,1,0,0,0,2,2,9,40,1,1220,1220,9,5,28,2,0,0,0,1
1326423,2,2023,2023,5,4,5,3,27,41,34609,0,1,9,-30.360554,153.088771,19,2,1,1,0,0,0,0,2,0,0,50,0,14295,14295,3,5,5,2,0,0,1,1
1326426,4,2023,2023,5,0,3,14,27,78,34609,0,1,1,-28.330612,153.383225,72,2,1,0,2,0,3,0,1,0,7,50,0,4552,5151,8,16,40,1,0,1,0,0
1326427,4,2023,2023,6,0,9,2,27,29,34609,0,1,4,-33.729632,150.75478,55,0,2,0,2,0,0,0,0,0,7,50,0,4552,5151,8,5,40,1,0,1,0,0
1326428,1,2023,2023,5,5,9,2261,17,346,2252,0,1,9,-33.892298,151.088414,67,0,2,0,2,0,0,0,0,0,7,50,2,14295,14295,3,10,5,5,0,0,0,4
1326429,4,2023,2023,5,0,4,293,31,523,34609,0,1,10,-33.924896,150.923209,41,0,2,1,0,0,0,0,2,2,7,50,0,2040,2040,9,5,28,2,0,1,0,0
1326431,4,2023,2023,5,6,11,500,27,293,799,0,1,1,-33.9328,151.040546,15,0,2,1,2,0,0,0,0,0,7,60,2,5929,5929,1,5,18,2,0,1,0,0
1326434,1,2023,2023,5,4,8,4,1,16,34609,0,1,10,-34.566937,150.837709,62,0,2,1,3,0,0,0,3,3,9,50,0,5929,5929,1,30,5,2,0,0,0,1
1326439,1,2023,2023,8,6,6,177,31,174,208,0,1,9,-33.860272,150.927032,24,0,2,1,3,0,0,0,2,0,7,60,1,14295,14295,3,5,0,2,0,0,0,1
1326445,1,2023,2023,6,4,9,177,22,210,176,0,1,10,-34.035223,151.11343,68,0,2,1,1,0,3,4,0,2,7,60,2,14295,14295,3,10,5,2,0,0,0,1
1326448,1,2023,2023,6,1,7,125,27,38,144,0,1,1,-32.786372,151.929431,57,2,1,1,3,0,0,0,2,0,7,80,2,3775,3775,0,0,0,2,0,0,0,1
1326449,1,2023,2023,6,2,9,37,31,91,34609,0,1,7,-33.959016,151.087033,25,0,2,1,3,0,0,0,0,0,0,50,0,301,301,4,5,0,2,0,0,0,1
1326452,1,2023,2023,5,6,4,97,17,14,88,0,1,9,-35.100794,149.374336,82,1,0,1,3,0,0,0,2,0,0,110,2,775,775,4,5,22,2,0,0,0,1
1326455,2,2023,2023,5,1,4,2261,17,148,2252,0,1,2,-36.052514,146.959045,0,1,0,1,3,0,0,0,2,0,7,110,2,14295,14295,3,5,0,2,0,0,1,0
1326456,1,2023,2023,5,5,5,103,27,123,563,0,1,2,-33.821907,151.05165,54,0,2,1,3,0,0,0,2,0,7,80,2,14295,14295,3,21,13,2,0,0,0,2
1326459,2,2023,2023,6,4,10,500,27,646,799,0,1,2,-33.93463,151.035974,15,0,2,1,3,0,0,0,0,0,7,60,2,1383,1383,1,5,36,2,0,0,1,0
1326462,1,2023,2023,5,3,9,1052,14,13,928,0,1,3,-33.699441,151.118587,36,0,2,0,3,0,0,0,0,0,7,110,2,14295,14295,3,10,36,3,0,0,0,1
1326468,1,2023,2023,5,6,4,2,25,137,34609,0,1,10,-33.914078,151.205258,69,0,2,1,3,0,0,0,2,0,9,40,0,2040,2040,9,5,28,2,0,0,0,1
1326470,2,2023,2023,6,6,3,2261,17,243,2252,0,1,9,-33.957835,150.887124,41,0,2,1,3,0,3,4,1,2,7,70,2,14295,14295,3,8,13,2,0,0,1,0
1326477,1,2023,2023,5,0,9,30,27,120,154,0,1,2,-33.755061,150.864711,7,0,2,1,3,0,0,0,0,0,0,60,1,14295,14295,3,5,0,2,0,0,0,1
1326479,2,2023,2023,6,4,4,213,17,13,213,0,1,1,-29.585926,150.450843,51,1,0,1,3,0,0,0,2,0,7,100,2,9859,9859,8,5,40,1,0,0,1,0
1326483,2,2023,2023,5,1,3,11,27,147,34609,0,1,1,-33.738127,151.14888,36,0,2,0,3,0,3,4,1,0,7,50,0,3775,3775,0,5,12,2,0,0,1,0
1326487,4,2023,2023,5,3,5,5,27,8,34609,0,1,1,-32.885375,151.341718,17,2,1,0,1,2,0,0,2,0,7,50,0,1850,1463,5,16,40,1,0,1,0,0
1326488,1,2023,2023,8,6,6,485,27,50,769,0,1,9,-33.625789,150.838729,29,2,2,1,3,0,0,0,2,2,7,80,2,14295,14295,3,30,0,2,0,0,0,1
1326489,2,2023,2023,5,3,3,132,31,174,126,0,1,10,-33.892146,151.216944,69,0,2,1,3,0,0,0,2,2,7,50,2,6545,6545,4,0,5,2,0,0,2,0
1326496,1,2023,2023,6,4,9,25,27,89,208,0,1,7,-33.862405,150.877725,24,0,2,1,3,0,0,0,0,0,0,50,1,3775,3775,0,5,25,2,0,0,0,2
1326503,2,2023,2023,5,1,9,2209,17,9,2205,0,1,1,-35.085211,150.533717,63,2,1,1,3,0,0,0,0,2,7,80,2,14295,14295,3,34,5,2,0,0,1,0
1326505,2,2023,2023,8,2,7,48,13,40,34609,0,1,1,-34.019524,151.116427,68,0,2,1,0,0,0,0,2,0,7,50,0,1282,1282,1,0,0,2,0,0,1,1
1326506,1,2023,2023,5,6,8,10,31,41,19,0,1,7,-31.083694,150.912525,70,2,1,1,3,0,0,0,3,0,0,60,1,14295,14295,3,0,5,2,0,0,0,1
1326513,1,2023,2023,5,5,9,230,27,80,284,0,1,2,-33.811749,151.168213,38,0,2,1,3,0,0,0,3,0,7,60,2,1391,1391,1,5,36,2,0,0,0,1
1326514,2,2023,2023,5,2,8,1,31,57,34609,0,1,9,-32.810627,151.490424,17,2,1,1,3,0,0,0,0,0,7,50,0,214,214,9,0,28,2,0,0,1,0
1326515,1,2023,2023,6,0,6,2261,17,443,2252,0,1,10,-33.906002,151.040199,15,0,2,0,3,0,0,0,2,2,7,60,2,14295,14295,3,10,5,2,0,0,0,1
1326519,2,2023,2023,5,1,7,9,31,218,34609,0,1,10,-33.764078,150.773757,55,0,2,1,3,0,0,0,2,0,0,50,0,6545,6545,4,5,5,2,0,0,1,0
1326520,2,2023,2023,5,5,4,5,27,6,34609,0,1,1,-30.586152,150.488766,70,1,0,0,3,2,0,0,2,0,7,100,0,1259,5151,8,0,40,1,0,0,1,0
1326523,2,2023,2023,8,4,8,1,18,1,34609,0,1,1,-34.272698,147.858096,30,1,0,1,3,2,0,0,2,0,7,100,0,9859,9859,8,5,40,1,0,0,1,0
1326527,1,2023,2023,5,5,8,866,17,110,793,0,1,2,-33.74627,151.051683,31,0,2,1,3,0,0,0,0,0,7,70,2,14295,14295,3,0,36,3,0,0,0,1
1326529,2,2023,2023,5,3,4,19,27,609,34609,0,1,7,-33.791569,150.89455,7,0,2,1,1,0,0,0,2,0,0,60,0,6545,6545,4,0,25,2,0,0,1,1
1326531,1,2023,2023,5,4,2,225,17,85,180,0,1,10,-34.570727,150.775037,62,0,2,1,3,0,0,0,1,2,7,50,2,5929,5929,1,10,13,2,0,0,0,1
1326534,1,2023,2023,5,4,3,168,17,32,212,0,1,1,-35.33923,149.297627,58,1,0,0,3,0,0,0,2,0,7,100,2,1383,1383,1,34,0,2,0,0,0,1
1326537,2,2023,2023,5,0,6,225,17,76,180,0,1,1,-34.546458,150.374553,78,2,1,1,3,0,0,0,2,0,7,50,2,1391,1391,1,0,12,2,0,0,1,0
1326539,2,2023,2023,5,0,4,35,27,22,49,0,1,1,-31.32343,150.649466,51,1,0,1,3,0,0,0,2,0,7,100,1,3775,3775,0,0,10,2,0,0,1,0
1326545,1,2023,2023,5,4,9,232,36,40,331,0,1,2,-34.01777,150.762613,12,0,2,1,3,0,0,0,0,0,7,80,2,14295,14295,3,5,13,2,0,0,0,1
1326546,2,2023,2023,5,2,7,84,27,169,769,0,1,10,-33.588616,150.729479,29,2,2,1,3,0,0,0,2,0,0,60,2,5929,5929,1,5,5,2,0,0,1,0
1326548,2,2023,2023,5,6,9,1104,14,113,962,0,1,3,-33.785974,150.709908,55,0,2,1,3,0,0,0,0,0,7,110,2,14295,14295,3,0,36,2,0,0,1,0
1326551,1,2023,2023,5,5,8,11,1,370,34609,0,1,1,-34.069844,150.794432,13,0,2,1,3,0,0,0,2,0,7,40,0,1669,1669,3,9,5,2,0,0,0,1
1326562,2,2023,2023,4,4,10,1,27,16,34609,0,1,10,-35.701905,144.886833,51,1,0,1,3,2,0,0,3,0,0,100,0,1945,1945,5,30,40,1,0,0,1,0
1326563,1,2023,2023,5,4,9,829,27,363,770,0,1,9,-33.809157,151.022369,54,0,2,1,3,0,0,0,0,2,7,60,2,1391,1391,1,5,5,2,0,0,0,1
1326568,1,2023,2023,6,0,6,61,27,53,208,0,1,10,-33.850455,150.961131,21,0,2,1,3,0,0,0,2,2,7,60,1,623,623,3,5,12,2,0,0,0,1
1326572,1,2023,2023,5,0,9,1,27,5,34609,0,1,1,-30.857631,143.093396,51,2,1,1,3,2,0,0,0,0,7,50,0,9859,9859,8,10,40,1,0,0,0,1
1326579,2,2023,2023,5,5,4,19,27,118,19,0,1,9,-33.355957,151.290439,16,1,2,1,3,0,3,0,2,0,7,100,1,1945,1945,5,10,40,1,0,0,1,0
1326583,4,2023,2023,6,5,4,2,27,11,34609,0,1,1,-28.568781,153.452137,10,1,0,0,3,0,0,0,2,0,7,100,0,312,312,2,30,40,1,0,1,0,0
1326584,1,2023,2023,5,1,8,3371,17,33,3342,0,1,10,-33.656554,151.134163,31,0,2,1,3,0,0,0,3,2,7,80,2,5929,5929,1,10,5,2,0,0,0,1
1326585,1,2023,2023,5,5,3,8,31,112,165,0,1,2,-33.9054,151.21374,69,0,2,1,1,0,3,0,2,0,7,80,2,14295,14295,3,9,0,2,0,0,0,1
1326590,4,2023,2023,6,0,4,9,27,188,34609,1,2,1,-33.933388,151.097405,15,0,2,1,1,0,0,0,2,0,7,40,0,238,238,9,0,28,2,0,1,0,0
1326591,4,2023,2023,5,4,5,20,31,137,34609,1,0,10,-33.926267,151.200852,4,0,2,1,1,0,0,0,2,2,7,50,0,6545,6545,4,5,18,2,0,1,1,0
1326599,4,2023,2023,6,2,11,1,27,6,34609,0,1,1,-32.354878,151.517653,51,2,1,1,0,2,0,0,0,0,7,80,0,4026,4026,8,0,40,1,0,1,0,0
1326600,2,2023,2023,5,4,7,29,1,84,34609,0,1,7,-33.808466,150.980048,21,0,2,1,3,0,2,6,2,0,0,50,0,6545,6545,4,30,18,2,0,0,1,0
1326601,1,2023,2023,0,5,4,16,31,64,18,0,1,7,-33.956757,151.003338,15,0,2,1,1,0,0,0,2,0,0,60,1,775,775,4,5,5,2,0,0,0,1
1326606,4,2023,2023,6,4,8,9,31,58,34609,0,1,1,-34.400693,150.895409,80,0,2,1,2,0,3,4,0,0,7,50,0,1981,1981,4,5,13,2,0,1,0,0
1326607,2,2023,2023,4,1,10,220,27,251,222,0,1,10,-33.765726,150.958395,7,0,2,1,2,0,3,4,0,2,7,60,2,5929,5929,1,5,12,2,0,0,1,1
1326610,4,2023,2023,5,5,7,334,17,3,308,0,1,1,-31.476071,152.668486,56,2,1,0,0,0,3,4,2,0,7,80,2,1850,1463,5,10,40,1,0,1,0,0
1326612,4,2023,2023,6,5,3,251,14,139,124,0,1,3,-33.831936,151.21324,49,0,2,1,1,0,0,0,2,0,7,80,2,9859,9859,8,16,40,1,0,1,0,0
1326615,2,2023,2023,6,6,6,232,36,64,168,0,1,2,-34.043334,150.726404,12,0,2,1,1,0,0,0,2,0,7,60,1,14295,14295,3,0,36,2,0,0,1,0
1326617,2,2023,2023,5,4,8,3371,17,32,3342,0,1,7,-31.942059,152.475692,43,2,1,0,0,0,3,0,2,0,0,70,2,14295,14295,3,10,0,2,0,0,1,0
1326620,2,2023,2023,5,0,2,71,27,14,69,0,1,1,-36.371889,148.677617,65,1,0,1,0,0,3,2,0,0,7,100,2,9859,9859,8,10,40,1,0,0,1,0
1326625,2,2023,2023,5,3,0,55,27,112,70,0,1,1,-33.716626,151.028973,31,0,2,0,0,0,0,0,0,0,7,60,2,4552,5151,8,30,40,1,0,0,1,0
1326626,4,2023,2023,5,4,10,15,1,23,34609,0,1,9,-33.727448,150.811073,7,0,2,0,2,0,0,0,0,0,7,50,0,4552,5151,8,5,40,1,0,1,0,0
1326627,2,2023,2023,5,1,1,10,10,49,34609,0,1,1,-33.913147,150.853584,41,0,2,1,2,0,3,3,0,0,7,50,0,4026,4026,1,0,2,2,0,0,1,0
1326634,4,2023,2023,6,2,1,16,31,57,34609,0,1,9,-32.818985,151.470437,17,2,1,1,0,0,0,0,0,0,0,50,0,782,985,5,0,40,1,0,1,0,0
1326639,4,2023,2023,0,6,11,2,27,65,34609,0,1,9,-33.860879,150.912033,24,0,2,0,2,0,0,0,0,0,7,50,0,1957,4009,8,5,40,1,0,1,0,0
1326645,2,2023,2023,5,4,9,4,10,104,34609,0,1,1,-33.798424,150.796875,55,0,2,1,2,0,0,0,0,0,7,50,0,1220,1220,9,0,28,2,0,0,1,0
1326646,2,2023,2023,5,4,6,916,17,165,917,0,1,1,-32.250339,150.893219,46,2,1,1,1,0,0,0,2,0,7,60,2,941,941,1,10,5,2,0,0,1,0
1326649,1,2023,2023,5,3,10,37,31,80,19,0,1,10,-33.872729,151.174789,32,0,2,1,2,0,3,4,0,2,7,50,2,5929,5929,1,0,5,2,0,0,0,1
1326654,2,2023,2023,5,0,5,6,1,443,702,0,1,2,-33.917139,151.064519,15,0,2,1,1,0,0,0,2,0,7,60,2,14295,14295,3,0,36,2,0,0,1,0
1326657,4,2023,2023,6,5,5,107,22,210,121,0,1,1,-34.030485,151.109604,68,0,2,1,0,0,0,0,2,0,7,60,1,1981,1981,4,9,27,2,0,1,0,0
1326658,2,2023,2023,5,0,9,195,27,54,186,0,1,9,-33.879117,150.86688,24,0,2,1,2,0,0,0,0,2,7,70,2,5929,5929,1,5,5,3,0,0,1,0
1326659,4,2023,2023,5,1,3,6,31,36,34609,0,1,10,-34.417486,150.857323,80,0,2,1,2,0,0,0,1,0,0,50,0,926,926,4,21,27,2,0,1,0,0
1326660,4,2023,2023,6,3,9,330,23,150,112,0,1,2,-33.928398,151.233838,59,0,2,0,0,0,0,0,0,0,7,60,2,2585,4009,1,5,25,2,0,1,0,0
1326664,2,2023,2023,5,3,5,916,17,105,917,0,1,1,-32.706697,151.497034,42,2,1,1,0,0,0,0,2,0,7,80,2,3775,3775,0,5,0,2,0,0,4,0
1326670,2,2023,2023,8,2,7,12,27,8,62,0,1,1,-36.686842,149.970132,5,2,1,1,0,0,0,0,2,0,7,60,1,9859,9859,8,5,40,1,0,0,1,0
1326672,4,2023,2023,6,0,7,2,27,132,34609,0,1,1,-34.081277,151.130163,68,0,2,0,0,0,2,6,2,0,7,50,0,4552,5151,8,5,40,1,0,1,0,0
1326674,4,2023,2023,5,2,8,14,31,65,148,0,1,10,-32.927914,151.774188,48,0,2,1,1,0,0,0,2,2,7,40,1,5929,5929,1,0,19,2,0,1,0,0
1326680,4,2023,2023,5,0,6,46,27,22,43,0,1,1,-35.97882,146.899075,27,1,0,0,0,0,3,4,2,0,7,100,1,2585,4009,8,5,40,1,0,1,0,0
1326683,1,2023,2023,5,5,4,53,27,134,51,0,1,9,-33.510327,151.318614,16,2,2,1,1,0,0,0,2,0,0,60,1,2040,2040,9,5,28,2,0,0,0,1
1326684,2,2023,2023,5,6,4,10,27,10,34609,0,1,1,-35.200361,150.465123,63,2,1,0,0,0,3,4,2,0,7,80,0,2585,4009,8,0,40,1,0,0,1,0
1326688,4,2023,2023,5,0,8,95,31,13,34609,0,1,1,-29.54516,150.575884,51,2,1,1,0,0,0,0,3,0,7,50,0,9859,9859,1,30,0,3,0,1,0,0
1326691,1,2023,2023,5,5,7,14,31,29,148,0,1,1,-32.932059,151.771136,48,0,2,1,1,0,0,3,2,0,7,30,1,591,591,1,22,0,2,0,0,0,1
1326694,4,2023,2023,5,1,5,294,17,9,288,0,1,1,-35.097381,147.16347,75,1,0,1,0,0,0,0,2,0,7,100,2,9859,9859,8,34,40,1,0,1,0,0
1326701,4,2023,2023,6,2,6,162,31,91,172,0,1,10,-32.971517,151.64986,37,0,2,1,1,0,0,0,2,2,7,60,2,5929,5929,1,5,19,2,0,1,0,0
1326703,2,2023,2023,8,5,10,344,27,120,163,0,1,10,-33.742783,150.87022,7,0,2,1,2,0,0,0,0,2,7,70,2,14295,14295,3,10,5,2,0,0,1,0
1326704,2,2023,2023,5,6,8,192,31,316,120,0,1,10,-33.913163,151.24204,59,0,2,1,1,0,0,0,2,2,7,50,2,6545,6545,4,5,19,2,0,0,1,0
1326706,1,2023,2023,0,2,4,49,31,83,34609,0,1,1,-29.728733,152.924319,18,2,1,1,0,0,0,3,2,0,7,50,0,945,945,5,16,40,1,0,0,0,1
1326708,2,2023,2023,6,6,3,97,17,7,88,0,1,2,-34.92505,149.425382,74,1,0,0,0,0,1,5,1,0,7,110,2,1957,4009,8,10,40,4,0,0,2,0
1326711,2,2023,2023,6,4,7,3,27,80,34609,0,1,10,-33.81492,151.166368,38,0,2,1,2,0,3,4,2,2,9,50,0,2040,2040,9,10,28,3,0,0,1,1
1326713,2,2023,2023,8,2,11,101,10,42,33,0,1,1,-34.023992,151.165574,68,0,2,0,0,0,0,0,0,0,7,80,1,1957,4009,1,5,5,2,0,0,1,0
1326716,4,2023,2023,5,2,9,46,27,219,34609,0,1,9,-32.890889,151.666798,48,0,2,1,2,0,0,0,0,0,7,60,0,2040,2040,9,0,28,2,0,1,0,0
1326718,2,2023,2023,5,4,3,829,27,159,770,0,1,2,-33.80695,151.071012,61,0,2,1,1,0,0,0,2,0,7,70,2,1192,1192,1,10,5,3,0,0,1,0
1326721,2,2023,2023,6,1,6,481,17,7,483,0,1,2,-33.292673,148.085905,51,2,1,1,0,0,0,0,2,0,7,60,2,14295,14295,3,10,5,4,0,0,3,0
1326723,2,2023,2023,7,1,10,2209,17,115,2205,0,1,9,-34.026769,151.084603,68,0,2,1,2,0,0,0,3,2,7,70,2,926,926,4,5,5,4,0,0,1,0
1326727,1,2023,2023,6,6,4,26,31,363,34609,0,1,7,-33.756849,150.701865,55,0,2,1,2,0,0,0,2,0,0,50,0,5929,5929,1,16,5,2,0,0,0,1
1326731,1,2023,2023,0,1,11,2126,17,438,2149,0,1,10,-33.844998,151.042103,21,0,2,1,2,0,0,0,0,2,7,60,2,14295,14295,3,5,18,2,0,0,0,1
1326733,2,2023,2023,4,6,4,43,27,15,87,0,1,1,-34.442256,150.885498,80,0,2,1,0,0,0,0,2,0,7,80,2,14295,14295,3,5,5,5,0,0,1,0
1326734,4,2023,2023,6,4,9,30,31,134,34609,0,1,1,-33.516432,151.323453,16,2,2,1,0,0,0,0,0,0,7,50,0,9859,9859,1,15,0,2,0,1,0,0
1326735,4,2023,2023,8,6,3,11,3,23,54,0,1,2,-34.022196,151.038084,68,0,2,1,0,0,0,0,2,0,7,80,2,1383,1383,1,5,19,2,0,1,0,0
1326737,4,2023,2023,6,0,6,866,17,314,793,0,1,2,-33.847602,150.947313,21,0,2,1,0,0,0,0,2,0,7,70,2,238,238,9,9,28,2,0,1,0,0
1326738,2,2023,2023,0,4,9,117,1,176,35,0,1,1,-33.964931,151.141448,4,0,2,1,2,0,0,0,0,0,7,60,2,1945,1945,5,15,40,1,0,0,1,0
1326740,1,2023,2023,5,0,9,22,27,94,20,0,1,9,-33.77909,150.802185,55,0,2,0,2,0,0,0,0,2,7,60,1,14295,14295,3,0,13,2,0,0,0,1
1326745,1,2023,2023,5,5,9,79,27,145,159,0,1,10,-33.92773,151.108917,15,0,2,1,2,0,0,0,0,2,7,60,2,5929,5929,1,5,5,2,0,0,0,1
1326753,2,2023,2023,6,1,6,18,24,66,34609,0,1,7,-33.718214,150.925551,7,0,2,1,0,0,0,0,2,0,0,60,0,395,395,1,10,5,2,0,0,2,0
1326756,4,2023,2023,5,2,5,169,27,22,12,0,1,1,-33.420738,150.911263,71,0,2,0,0,0,0,0,2,0,7,50,1,3775,3775,0,10,19,2,0,1,0,0
1326758,2,2023,2023,5,5,4,13,31,234,34609,0,1,10,-34.284465,146.051168,28,2,1,1,0,0,0,0,2,0,0,50,0,6545,6545,4,0,0,2,0,0,2,0
1326760,2,2023,2023,8,2,7,2261,17,46,2252,0,1,9,-33.889322,150.967891,24,0,2,1,1,0,0,0,2,0,15,70,2,6545,6545,4,5,13,2,0,0,1,0
1326764,4,2023,2023,5,3,0,3371,17,42,3342,0,1,10,-33.823298,151.195518,38,0,2,0,2,0,0,0,0,2,7,60,2,515,515,1,5,5,2,0,1,0,0
1326766,4,2023,2023,6,0,3,39,27,284,563,0,1,9,-33.891989,151.038601,15,0,2,1,2,0,0,0,2,2,7,80,2,3775,3775,0,5,5,2,0,1,1,0
1326767,4,2023,2023,5,2,6,5,1,562,34609,0,1,10,-32.264241,148.614436,22,2,1,1,0,0,0,0,2,0,0,50,0,6545,6545,4,0,0,2,0,1,0,1
1326768,2,2023,2023,5,2,8,11,10,74,34609,1,0,1,-34.059951,150.760545,12,0,2,0,1,0,0,0,2,0,7,50,0,3775,3775,0,0,13,2,0,0,1,0