Crash ID,Degree of crash - detailed,Reporting year,Year of crash,Month of crash,Day of week of crash,Two-hour intervals,Street of crash,Street type,Town,Route no.,School zone location,School zone active,Type of location,Latitude,Longitude,LGA,Urbanisation,Conurbation 1,Alignment,Street lighting,Road surface,Surface condition,Weather,Natural lighting,Signals operation,Other traffic control,Speed limit,Road classification,RUM - code,DCA - code,First impact type,Key TU type,Other TU type,No. of traffic units involved,No. killed,No. seriously injured,No. moderately injured,No. minor-other injured
1326772,2,2023,2023,7,0,3,346,17,13,332,0,1,1,-28.907858,152.708466,51,1,0,1,1,0,0,0,2,0,7,100,2,14295,14295,3,5,13,2,0,0,2,0
1326773,2,2023,2023,5,2,5,296,27,187,293,0,1,2,-33.885424,150.975558,15,0,2,1,1,0,0,0,2,0,7,60,2,1192,1192,1,5,0,3,0,0,1,0
1326774,4,2023,2023,6,0,6,55,27,137,96,0,1,7,-32.960759,151.694308,37,0,2,0,0,0,0,0,2,0,0,60,2,2040,2040,9,5,28,2,0,1,0,0
1326779,4,2023,2023,5,4,3,4,27,28,34609,0,1,1,-33.167738,148.863791,11,1,0,1,0,2,0,6,1,0,7,100,0,1089,1089,7,10,40,1,0,3,1,1
1326780,1,2023,2023,5,0,7,7,1,463,34609,0,1,10,-30.287256,153.117185,19,2,1,1,0,0,0,0,2,0,0,50,0,6545,6545,4,5,5,2,0,0,0,2
1326781,4,2023,2023,5,3,9,133,31,646,97,0,1,9,-33.917055,151.020325,15,0,2,1,2,0,0,0,0,0,15,60,1,2852,2852,4,10,0,2,0,1,1,0
1326783,2,2023,2023,6,5,9,34,31,98,260,0,1,9,-33.008953,151.594032,37,0,2,1,2,0,0,0,3,2,7,60,2,2040,2040,9,0,26,2,0,0,1,0
1326788,1,2023,2023,5,6,3,387,27,115,331,0,1,9,-33.958137,151.069223,25,0,2,1,2,0,0,0,2,2,7,60,2,5929,5929,1,5,13,2,0,0,0,1
1326789,2,2023,2023,5,4,8,59,10,34,231,0,1,1,-33.496249,151.357055,16,2,2,1,1,0,0,0,2,0,7,60,2,14295,14295,3,0,0,2,0,0,2,0
1326793,1,2023,2023,5,0,6,10,31,41,19,0,1,9,-31.086935,150.908042,70,2,1,1,0,0,3,4,2,0,0,60,1,2852,2852,4,34,13,2,0,0,0,1
1326800,4,2023,2023,5,5,4,171,1,57,104,0,1,9,-33.945985,151.223333,4,0,2,1,1,0,0,0,2,2,7,60,2,2040,2040,9,5,28,2,0,1,1,0
1326804,4,2023,2023,6,4,2,97,27,32,799,0,1,9,-33.930746,150.995525,15,0,2,1,1,0,0,0,0,2,7,70,2,591,591,1,22,5,2,0,1,0,0
1326806,2,2023,2023,8,5,9,24,31,70,24,0,1,10,-33.433405,151.354626,16,2,2,1,2,0,0,0,0,0,0,60,1,3775,3775,0,5,19,2,0,0,1,0
1326809,2,2023,2023,8,6,4,14,31,7,262,0,1,2,-32.92531,151.755976,48,0,2,1,0,0,0,0,2,0,7,60,2,9859,9859,8,22,40,1,0,0,1,0
1326810,4,2023,2023,5,2,7,334,17,31,308,0,1,7,-31.093817,150.867917,70,2,1,0,1,0,0,0,2,0,0,60,2,1850,1463,5,16,40,1,0,1,0,0
1326811,4,2023,2023,5,2,1,220,14,30,220,0,1,9,-34.488119,150.809056,80,0,2,1,2,0,0,0,0,2,0,60,2,489,489,5,0,40,1,0,1,5,0
1326814,4,2023,2023,5,3,4,158,27,138,207,1,0,9,-33.865388,151.273065,81,0,2,0,0,0,0,0,2,0,7,50,2,5929,5929,1,21,27,2,0,1,0,0
1326828,1,2023,2023,7,1,3,1052,14,173,928,0,1,3,-33.711047,151.116024,36,0,2,1,3,0,0,0,1,0,7,80,2,14295,14295,3,5,12,3,0,0,0,1
1326829,4,2023,2023,0,6,7,18,27,68,20,0,1,1,-33.722978,149.91174,51,1,0,0,0,0,3,4,2,0,7,100,2,4552,5151,8,8,40,1,0,1,0,0
1326830,4,2023,2023,0,1,10,93,10,25,42,0,1,9,-32.940334,151.768787,48,0,2,1,2,0,0,0,0,0,7,50,1,1945,1945,5,16,40,1,0,1,0,0
1326832,2,2023,2023,0,5,11,17,27,5,14,0,1,1,-35.74575,147.527408,27,1,0,1,0,0,0,0,0,0,7,100,1,475,475,5,0,40,1,0,0,1,0
1326833,4,2023,2023,0,1,6,31,27,20,46,0,1,1,-33.471599,150.183904,40,2,1,0,0,0,0,0,2,0,7,60,2,4552,5151,8,16,40,2,0,2,0,0
1326834,4,2023,2023,0,5,6,68,27,98,208,1,0,10,-33.756333,151.071219,31,0,2,1,0,0,0,0,2,0,0,60,2,9859,9859,8,5,40,1,0,1,0,0
1326835,4,2023,2023,0,4,9,63,27,224,605,0,1,2,-33.805964,151.246438,45,0,2,1,2,0,0,0,0,0,7,60,2,1945,1945,5,16,40,1,0,1,0,0
1326837,4,2023,2023,0,1,11,3371,17,24,3342,0,1,9,-31.586769,152.729837,56,1,0,1,0,0,3,3,0,0,7,110,2,3775,3775,0,5,0,2,0,2,2,0
1326841,1,2023,2023,0,3,8,3,27,28,72,0,1,9,-28.685372,153.521986,10,2,1,1,1,0,0,0,2,0,7,50,2,2040,2040,9,5,28,2,0,0,0,1
1326842,4,2023,2023,8,1,9,2,18,224,34609,0,1,0,-33.823576,151.241335,45,0,2,1,0,0,0,0,0,0,7,10,0,238,238,9,5,28,2,0,1,0,0
1326843,2,2023,2023,8,0,8,293,31,128,369,0,1,10,-33.617487,150.809277,29,2,2,1,2,0,0,0,2,2,7,60,2,5929,5929,1,30,5,2,0,0,2,0
1326844,2,2023,2023,0,2,11,2261,17,96,2252,0,1,3,-34.228843,150.668494,79,1,2,1,0,0,3,4,0,0,7,110,2,9859,9859,8,0,40,1,0,0,1,0
1326845,4,2023,2023,8,0,8,3371,17,38,3342,0,1,9,-30.252428,153.131905,19,2,1,1,2,0,0,0,3,0,0,80,2,2852,2852,4,5,19,2,0,1,0,0
1326847,2,2023,2023,8,5,9,41,27,293,91,0,1,10,-33.952633,151.244346,59,0,2,1,2,0,0,0,0,0,0,50,1,2852,2852,4,0,19,2,0,0,1,0
1326848,4,2023,2023,8,0,8,1104,14,85,962,0,1,3,-33.776259,150.674824,55,0,2,1,2,0,0,0,3,0,7,110,2,14295,14295,3,5,13,2,0,1,0,1
1326849,4,2023,2023,8,4,6,2126,17,166,2149,0,1,10,-33.417807,149.569149,3,2,1,1,2,0,0,0,2,2,7,60,2,6545,6545,4,10,0,4,0,1,0,0
1326850,4,2023,2023,8,5,3,251,27,64,212,0,1,2,-33.762016,151.207361,50,0,2,1,1,0,0,0,2,0,7,70,2,1383,1383,1,16,0,2,0,1,0,0
1326852,2,2023,2023,6,4,4,2126,17,166,2149,0,1,1,-33.413759,149.581188,3,2,1,1,1,0,0,0,2,0,7,60,2,1282,1282,1,29,5,2,0,0,1,0
1326853,2,2023,2023,6,4,7,24,36,49,56,0,1,1,-34.408579,147.511453,51,1,0,1,3,0,0,0,2,0,7,100,2,14295,14295,3,5,40,2,0,0,1,0
1326854,4,2023,2023,8,0,7,2261,17,31,2252,0,1,2,-35.080341,148.093825,20,1,0,0,1,0,0,0,2,0,7,110,2,1383,1383,1,5,5,2,0,1,1,0
1326855,2,2023,2023,8,2,0,193,31,532,34,0,1,10,-33.87324,151.209179,69,0,2,1,2,0,0,0,0,2,7,40,1,6545,6545,4,21,5,2,0,0,3,0
1326857,4,2023,2023,6,2,3,1,27,118,34609,0,1,10,-33.395901,151.293725,16,2,2,0,0,0,3,1,1,0,15,50,0,2585,4009,8,5,40,1,0,1,0,0
1326858,1,2023,2023,8,1,8,5,27,61,4,0,1,1,-35.501137,144.793538,51,1,0,0,0,0,0,0,2,0,7,100,1,2585,4009,8,5,40,1,0,0,0,1
1326859,4,2023,2023,6,3,8,32,27,134,34609,0,1,10,-33.965654,150.810087,12,0,2,1,0,2,0,0,2,0,15,70,0,6545,6545,4,0,5,3,0,1,0,0
1326861,2,2023,2023,8,4,11,19,27,47,24,0,1,1,-28.817353,153.442512,2,2,1,0,0,0,0,6,0,0,7,80,1,2585,4009,8,30,40,1,0,0,1,0
1326863,4,2023,2023,6,5,6,70,27,84,35,0,1,9,-33.807845,150.987158,54,0,2,1,1,0,0,0,2,2,7,40,1,14295,14295,3,10,5,2,0,1,0,0
1326864,4,2023,2023,6,4,8,62,10,91,169,0,1,1,-32.815722,151.626411,48,0,2,1,3,0,0,0,2,0,7,100,2,1109,787,1,10,0,2,0,1,1,0
1326865,2,2023,2023,6,1,0,32,27,10,34609,0,1,1,-34.732754,149.678184,26,1,0,0,3,0,0,1,0,0,7,100,0,1259,5151,8,0,40,1,0,0,1,0
1326870,4,2023,2023,6,4,11,78,23,8,34,0,1,1,-34.233805,150.547799,79,1,2,0,0,0,3,0,0,0,7,100,1,1259,5151,8,5,40,1,0,1,0,0
1326872,4,2023,2023,6,6,9,42,36,35,34609,0,1,1,-30.503665,153.00942,6,2,1,1,2,0,0,0,0,0,7,50,0,9859,9859,8,16,40,1,0,1,0,0
1326874,4,2023,2023,8,5,1,485,27,232,769,0,1,2,-33.67587,150.911915,71,0,2,0,2,0,0,0,0,0,7,80,2,1383,1383,1,16,35,2,0,1,0,0
1326875,2,2023,2023,0,0,6,1,18,48,34609,0,1,1,-33.784417,147.067554,51,1,0,1,0,2,0,0,2,0,7,100,0,9859,9859,8,10,40,1,0,0,1,0
1326878,2,2023,2023,6,5,6,6,31,72,34609,0,1,1,-33.838695,151.091375,14,0,2,1,2,0,0,6,2,0,7,50,0,1259,985,8,5,40,1,0,0,1,0
1326880,1,2023,2023,6,2,1,1,10,7,34609,0,1,1,-33.663407,150.81256,29,2,2,0,2,0,0,0,0,0,7,50,0,4552,5151,8,10,40,1,0,0,0,1
1326882,4,2023,2023,6,0,7,47,31,51,34609,0,1,1,-34.198417,150.971502,80,0,2,0,3,2,0,0,2,0,7,50,0,4552,5151,8,0,40,1,0,1,0,0
1326886,1,2023,2023,6,4,6,485,27,323,769,0,1,9,-33.767812,150.99834,71,0,2,1,1,0,3,4,2,2,7,60,2,14295,14295,3,5,5,2,0,0,0,1
1326890,4,2023,2023,6,4,7,24,31,460,28,0,1,9,-33.84723,150.987193,21,0,2,1,1,0,0,0,2,0,6,50,1,1957,777,8,0,40,1,0,1,0,0
1326891,2,2023,2023,6,0,1,90,36,4,102,0,1,1,-34.4751,147.771966,51,1,0,1,0,0,0,0,0,0,7,100,2,1089,1089,7,5,40,1,0,0,1,0
1326897,2,2023,2023,6,4,10,43,27,61,76,0,1,2,-32.924181,151.730937,48,0,2,1,3,0,0,6,0,0,7,60,1,4026,4026,8,10,40,1,0,0,1,0
1326898,2,2023,2023,0,0,8,334,17,41,308,0,1,9,-31.463574,152.766197,56,2,1,1,0,0,0,0,3,0,15,80,2,2852,2852,4,5,5,2,0,0,1,0
1326900,1,2023,2023,6,3,9,1052,14,53,928,0,1,3,-33.683327,151.120518,31,0,2,1,2,0,0,0,0,0,7,110,2,14295,14295,3,10,5,2,0,0,0,1
1326904,4,2023,2023,6,4,7,178,27,189,101,0,1,1,-33.938727,151.054789,15,0,2,1,1,0,0,0,2,0,7,50,1,3775,3775,0,5,25,3,0,5,0,4
1326905,4,2023,2023,6,0,6,59,10,89,34609,0,1,0,-33.894049,151.233982,59,0,2,0,0,0,0,0,2,0,7,30,0,4552,5151,1,22,40,2,0,1,0,0
1326910,1,2023,2023,5,2,8,195,27,76,186,0,1,2,-33.920419,150.851436,41,0,2,1,3,0,0,0,3,0,7,70,2,14295,14295,3,10,0,4,0,0,0,3
1326911,4,2023,2023,5,4,6,40,27,59,39,0,1,7,-33.156107,151.478818,37,0,2,0,1,0,0,0,2,0,0,80,1,2585,4009,8,16,40,1,0,1,0,0
1326913,4,2023,2023,6,4,9,2261,17,93,2252,0,1,2,-36.074194,146.928864,0,1,0,0,2,0,0,0,0,0,7,110,2,1282,1282,1,29,0,2,0,1,0,0
1326917,2,2023,2023,5,4,7,9,31,27,17,0,1,1,-33.712786,150.333144,8,2,2,1,1,0,0,0,2,0,7,50,1,1981,1981,4,5,5,4,0,0,2,0
1326918,4,2023,2023,0,3,9,500,27,145,799,0,1,10,-33.929428,151.072388,15,0,2,1,2,0,0,0,3,2,7,60,2,14295,14295,3,9,5,2,0,1,0,1
1326919,4,2023,2023,5,3,4,133,1,22,34609,0,1,9,-34.47532,150.872201,80,0,2,1,1,0,0,0,2,0,7,50,0,3775,3775,0,5,5,2,0,1,0,0
1326924,2,2023,2023,6,3,6,8,6,10,34609,0,1,1,-33.105152,151.648118,37,0,2,1,1,0,0,0,2,0,7,50,0,238,238,9,0,28,2,0,0,1,0
1326926,4,2023,2023,5,4,6,103,36,14,103,0,1,1,-32.513737,151.943672,43,1,0,0,0,0,0,0,2,0,7,90,1,4552,5151,8,5,40,1,0,3,0,0
1326927,2,2023,2023,5,1,5,8,27,55,9,0,1,1,-32.819646,151.530639,17,2,1,0,3,0,0,0,2,0,7,80,1,1282,1282,1,5,40,1,0,0,1,0
1326930,2,2023,2023,6,2,8,78,31,124,34609,0,1,1,-33.814792,151.03713,54,0,2,1,3,0,0,0,3,0,7,50,0,5929,5929,1,10,13,2,0,0,1,0
1326931,2,2023,2023,5,2,7,38,27,53,38,0,1,6,-33.362934,151.44728,16,2,2,1,1,0,0,0,2,2,9,50,1,14295,14295,3,5,0,2,0,0,1,0
1326935,1,2023,2023,5,0,9,23,31,11,19,0,1,10,-32.754066,148.648044,11,2,1,1,2,0,0,0,0,0,0,50,1,926,926,4,10,10,2,0,0,0,1
1326938,1,2023,2023,8,1,7,11,27,147,34609,0,1,9,-33.753061,151.278682,50,0,2,1,1,0,0,0,2,0,7,50,0,1957,777,1,0,0,2,0,0,0,1
1326942,4,2023,2023,8,3,7,6,27,3,41,0,1,1,-35.076035,147.994661,20,1,0,1,1,0,3,4,2,0,7,100,1,323,323,1,5,13,2,0,1,1,0
1326944,2,2023,2023,6,4,5,21,31,224,34609,0,1,7,-33.821287,151.245549,45,0,2,1,0,0,0,0,2,0,0,50,0,6545,6545,4,30,27,2,0,0,1,0
1326945,4,2023,2023,5,6,10,1,6,179,34609,0,1,1,-31.890054,152.470678,43,2,1,0,2,0,0,0,0,0,7,50,0,1220,1220,9,5,28,2,0,1,0,0
1326946,2,2023,2023,5,0,11,20,22,121,49,0,1,9,-33.788724,151.287208,50,0,2,1,2,0,0,0,0,0,7,30,1,3775,3775,0,10,5,2,0,0,1,1
1326947,2,2023,2023,0,6,5,3371,17,143,3342,0,1,10,-33.697511,151.100318,31,0,2,1,1,0,0,0,2,2,7,60,2,623,623,3,5,19,2,0,0,1,0
1326948,2,2023,2023,8,6,7,2,27,140,34609,0,1,1,-33.784625,150.813446,7,0,2,0,1,0,0,0,2,0,7,50,0,1957,4009,1,5,12,3,0,0,1,0
1326953,4,2023,2023,8,2,2,2209,17,115,2205,0,1,2,-33.920102,151.168261,32,0,2,1,2,0,0,0,0,0,7,60,2,9859,9859,8,0,40,1,0,2,1,0
1326955,1,2023,2023,5,6,7,10,27,463,34609,0,1,10,-30.286148,153.13589,19,2,1,1,0,0,0,0,2,0,15,50,0,6545,6545,4,0,5,2,0,0,0,1
1326965,4,2023,2023,5,1,9,16,27,316,120,0,1,9,-33.907558,151.249129,59,0,2,1,3,0,0,0,0,0,0,50,2,3775,3775,0,10,5,2,0,1,0,0
1326967,2,2023,2023,5,4,3,16,10,11,12,0,1,1,-30.641535,152.86461,47,2,1,0,3,0,0,0,2,0,7,70,1,1259,5151,8,5,40,1,0,0,1,0
1326971,2,2023,2023,5,2,11,500,27,129,799,0,1,9,-33.927424,151.080101,15,0,2,1,3,0,0,0,0,0,0,60,2,2852,2852,4,5,5,2,0,0,1,0
1326973,1,2023,2023,5,4,8,191,17,15,189,0,1,1,-32.036277,149.492761,51,1,0,1,3,0,0,0,3,0,7,100,2,475,475,5,0,40,1,0,0,0,1
1326974,2,2023,2023,6,0,4,2261,31,228,39,0,1,10,-34.769083,149.696323,26,2,1,1,0,0,0,0,2,0,0,60,2,6545,6545,4,5,5,2,0,0,1,0
1326977,1,2023,2023,6,5,6,40,1,16,34609,0,1,9,-35.095224,147.382586,75,2,1,1,2,0,0,0,2,0,0,60,0,14295,14295,3,10,0,3,0,0,0,1
1326978,2,2023,2023,5,1,4,128,27,74,133,0,1,9,-33.770862,150.673697,55,0,2,1,1,0,0,0,2,1,7,60,2,14295,14295,3,9,10,2,0,0,1,0
1326981,4,2023,2023,0,2,5,63,31,79,79,1,0,9,-33.820045,151.210833,49,0,2,1,0,0,3,3,2,0,15,50,2,5929,5929,1,5,27,2,0,1,0,0
1326982,2,2023,2023,5,3,9,37,31,198,34609,0,1,9,-33.904017,151.103108,15,0,2,1,2,0,0,0,0,0,15,50,0,121,121,9,5,28,2,0,0,1,0
1326984,4,2023,2023,5,5,6,10,1,100,34609,0,1,2,-33.886095,150.887389,24,0,2,1,1,0,0,0,2,0,9,50,0,1220,1220,9,5,26,2,0,1,0,0
1326989,4,2023,2023,5,1,5,9,1,215,34609,0,1,7,-35.121903,147.343962,75,2,1,1,1,0,0,0,2,0,0,60,0,5929,5929,1,30,0,2,0,1,0,0
1326991,2,2023,2023,6,6,9,2209,17,204,2205,0,1,10,-33.94207,151.144454,4,0,2,1,2,0,0,6,0,0,0,60,2,5929,5929,1,5,0,2,0,0,1,0
1326994,2,2023,2023,5,6,6,120,36,10,148,0,1,1,-30.394996,152.745782,6,2,1,0,0,0,0,0,2,0,7,80,2,4552,5151,8,16,40,1,0,0,1,0
1326997,2,2023,2023,5,5,8,21,31,6,34609,0,1,9,-33.897659,151.192941,69,0,2,1,1,0,0,0,3,0,0,50,0,1945,1945,5,22,40,1,0,0,1,0
1327000,4,2023,2023,5,3,4,18,27,131,34609,0,1,7,-36.060826,146.915209,0,2,1,0,1,0,0,0,2,0,0,50,0,1850,777,5,16,40,1,0,1,0,0
1327002,2,2023,2023,5,0,6,31,27,68,78,0,1,1,-33.763513,149.88775,51,1,0,1,0,0,0,0,2,0,7,100,1,3775,3775,0,10,5,2,0,0,2,0
1327003,4,2023,2023,5,3,4,37,27,58,34609,0,1,1,-33.205347,151.43267,16,1,2,1,0,0,3,3,2,0,7,90,0,4026,4026,8,5,40,1,0,1,0,0
1327005,2,2023,2023,6,2,5,829,27,165,770,0,1,2,-33.858718,151.161384,14,0,2,0,0,0,2,6,2,0,7,60,2,14295,14295,3,9,0,2,0,0,1,0
1327006,4,2023,2023,5,5,3,44,27,23,126,0,1,1,-32.771186,151.854014,57,2,1,1,3,0,0,0,2,0,7,80,2,9859,9859,1,10,13,2,0,1,0,0
1327007,1,2023,2023,5,4,4,133,31,90,56,0,1,9,-33.886996,151.239685,81,0,2,1,3,0,0,0,2,2,7,50,1,1669,1669,3,0,0,2,0,0,0,1
1327008,2,2023,2023,5,4,4,308,14,252,311,0,1,3,-33.935289,150.874008,41,0,2,1,3,0,0,0,2,0,7,100,2,14295,14295,3,8,12,3,0,0,1,0
1327009,1,2023,2023,5,5,8,171,31,115,52,0,1,9,-33.912134,151.178609,32,0,2,1,3,0,0,0,3,0,0,50,1,14295,14295,3,34,5,2,0,0,0,1
1327014,2,2023,2023,1,5,4,50,27,304,140,0,1,9,-33.901967,151.169555,32,0,2,1,3,0,0,0,2,0,4,60,1,775,775,4,0,5,2,0,0,1,0
1327016,1,2023,2023,5,0,8,43,27,46,29,0,1,9,-32.916156,151.675387,48,0,2,0,3,0,0,0,3,0,7,60,1,14295,14295,3,0,0,2,0,0,0,1
1327017,1,2023,2023,5,0,7,330,27,53,605,0,1,2,-33.730468,151.300582,50,0,2,1,3,0,0,0,2,0,7,60,2,14295,14295,3,30,13,2,0,0,0,1
1327019,1,2023,2023,5,0,9,33,27,16,41,0,1,9,-33.745926,150.739498,55,0,2,1,3,0,0,0,0,0,0,50,1,14295,14295,3,5,0,2,0,0,0,1
1327022,2,2023,2023,5,1,3,348,27,169,100,0,1,9,-33.604618,150.724787,29,2,2,1,3,0,0,6,1,0,15,80,2,2852,2852,4,10,13,2,0,0,1,0
1327024,1,2023,2023,7,5,9,110,31,204,34609,0,1,10,-33.893145,150.934,24,0,2,1,3,0,0,0,4,2,6,40,0,5929,5929,1,5,5,2,0,0,0,1
1327025,1,2023,2023,5,6,10,283,27,197,702,1,0,2,-33.941317,151.076258,15,0,2,1,3,0,0,0,0,0,7,60,2,1391,1391,1,5,0,2,0,0,0,1
1327027,2,2023,2023,1,6,7,18,31,201,34609,0,1,7,-34.876636,150.602534,63,2,1,1,3,0,0,0,2,0,0,50,0,5929,5929,1,30,0,2,0,0,1,1
1327028,1,2023,2023,5,4,8,38,31,246,64,0,1,10,-33.915653,151.194973,69,0,2,1,3,0,0,0,3,3,7,50,2,1192,1192,1,0,0,2,0,0,0,1
1327030,1,2023,2023,5,6,0,103,27,149,167,0,1,10,-33.986697,151.135408,25,0,2,1,3,0,0,0,0,0,0,60,2,5929,5929,1,30,19,2,0,0,0,1
1327034,4,2023,2023,5,4,6,18,31,273,34609,0,1,9,-34.427291,150.901931,80,0,2,1,3,0,0,0,2,0,15,50,0,387,387,1,9,0,2,0,1,0,0
1327037,2,2023,2023,5,1,4,62,10,91,169,0,1,1,-32.815188,151.630644,48,0,2,1,3,0,0,0,2,0,7,100,2,14295,14295,3,10,13,3,0,0,1,0
1327038,1,2023,2023,5,6,8,105,27,65,109,0,1,1,-33.871723,150.901454,24,0,2,1,3,0,0,0,3,0,7,60,1,1669,1669,3,5,5,2,0,0,0,1
1327046,2,2023,2023,5,3,9,2,31,609,34609,0,1,9,-33.770621,150.913937,7,0,2,1,3,0,0,0,0,0,7,50,0,2852,2852,4,10,0,2,0,0,1,0
1327052,1,2023,2023,1,4,4,60,27,101,262,0,1,2,-32.898021,151.61064,37,0,2,1,3,0,0,0,2,0,7,90,2,1192,1192,1,5,5,2,0,0,0,1
1327057,1,2023,2023,6,6,8,89,17,137,2205,0,1,9,-34.031608,151.066788,68,0,2,1,3,0,0,0,2,2,7,70,2,14295,14295,3,5,5,2,0,0,0,1
1327058,1,2023,2023,5,2,4,16,31,25,34609,0,1,1,-33.870865,151.278514,76,0,2,1,3,0,0,0,2,0,7,50,0,9859,9859,1,10,36,3,0,0,0,1
1327066,1,2023,2023,5,2,6,330,23,102,112,0,1,10,-33.953043,151.241757,59,0,2,1,3,0,0,0,2,2,7,60,2,312,312,2,19,40,1,0,0,0,1
1327069,4,2023,2023,5,1,11,47,26,201,160,0,1,7,-34.01133,150.871641,13,0,2,1,3,0,0,0,0,0,0,60,2,1945,1945,5,5,40,1,0,1,0,0
1327073,2,2023,2023,5,2,1,3,27,2,34609,0,1,1,-32.935339,151.27641,17,2,1,0,3,0,0,0,0,0,7,80,0,782,957,5,5,40,1,0,0,1,0
1327074,1,2023,2023,5,2,7,2261,17,204,2252,0,1,9,-33.887958,151.123328,32,0,2,1,3,0,0,0,2,2,7,60,2,1391,1391,1,0,0,2,0,0,0,2
1327078,1,2023,2023,5,5,4,485,27,323,769,0,1,2,-33.761129,150.991961,71,0,2,1,1,0,0,0,2,0,7,60,2,5929,5929,1,5,25,2,0,0,0,1
1327079,2,2023,2023,5,5,8,33,1,22,34609,0,1,9,-33.918409,150.882508,41,0,2,1,3,0,0,0,2,0,7,50,0,1109,787,1,5,5,2,0,0,1,0
1327082,2,2023,2023,5,5,7,12,10,44,34609,0,1,1,-33.905669,150.966169,24,0,2,1,3,0,0,0,2,0,7,50,0,1282,1282,1,0,12,2,0,0,1,0
1327085,1,2023,2023,5,5,3,4,27,50,19,0,1,1,-33.684303,151.263459,50,0,2,1,3,0,0,0,2,0,7,60,1,1669,1669,3,30,0,2,0,0,0,1
1327087,2,2023,2023,5,3,6,2126,17,80,2149,0,1,10,-33.753414,150.660127,55,0,2,1,3,0,0,0,2,0,15,60,2,6545,6545,4,5,13,2,0,0,1,0
1327089,1,2023,2023,6,1,3,91,27,119,187,0,1,9,-33.870864,151.173059,32,0,2,1,3,0,0,0,1,2,7,70,2,1669,1669,3,0,13,2,0,0,0,1
1327090,1,2023,2023,5,6,8,56,27,443,44,0,1,9,-33.896918,151.058935,15,0,2,1,3,0,0,0,3,0,0,60,1,214,214,9,5,28,2,0,0,0,1
1327095,1,2023,2023,6,2,5,108,31,237,34609,0,1,1,-33.867876,150.951521,24,0,2,1,3,0,0,0,2,0,7,50,0,14295,14295,3,0,5,2,0,0,0,2
1327096,2,2023,2023,5,2,7,22,31,215,34609,0,1,10,-35.10605,147.36159,75,2,1,1,1,0,0,0,2,0,0,50,0,6545,6545,4,10,13,3,0,0,1,0
1327098,4,2023,2023,1,0,5,45,31,179,34609,0,1,1,-31.912043,152.461112,43,2,1,1,3,0,0,0,2,0,7,50,0,9859,9859,1,5,0,3,0,1,0,0
1327100,1,2023,2023,5,6,6,829,31,162,240,0,1,7,-33.848284,150.918534,24,0,2,1,3,0,0,0,2,0,0,60,2,515,515,1,5,35,2,0,0,0,1
1327102,1,2023,2023,5,1,5,25,31,87,100,0,1,1,-34.480905,150.417419,78,2,1,1,3,0,0,0,2,0,7,50,2,14295,14295,3,0,5,2,0,0,0,1
1327107,1,2023,2023,5,6,4,25,31,166,34609,0,1,9,-33.896135,151.186067,69,0,2,1,3,0,0,0,2,0,7,40,0,1282,1282,1,0,27,2,0,0,0,1
1327108,1,2023,2023,5,1,9,76,24,164,154,0,1,10,-33.72417,150.889014,7,0,2,0,3,0,0,0,0,2,7,70,1,14295,14295,3,9,5,2,0,0,0,1
1327112,1,2023,2023,5,1,7,126,1,226,144,0,1,2,-33.770264,150.816234,7,0,2,1,3,0,0,0,2,0,7,60,2,14295,14295,3,5,5,2,0,0,0,1
1327117,2,2023,2023,5,2,10,20,31,134,34609,0,1,10,-33.684834,150.872748,7,0,2,1,3,0,0,0,0,0,0,50,0,6545,6545,4,5,5,2,0,0,1,0
1327118,1,2023,2023,5,4,5,2126,17,80,2149,0,1,9,-33.746733,150.678065,55,0,2,0,3,0,0,0,2,2,7,60,2,14295,14295,3,0,25,2,0,0,0,1
1327119,2,2023,2023,5,3,4,74,27,609,163,0,1,10,-33.77825,150.9119,7,0,2,1,3,0,0,0,2,0,15,60,2,3775,3775,0,5,5,2,0,0,1,0
1327120,1,2023,2023,5,1,4,92,31,18,34609,0,1,9,-32.961507,151.710545,37,0,2,1,3,0,0,0,2,0,0,60,0,941,941,1,5,5,2,0,0,0,1
1327123,1,2023,2023,5,4,2,25,27,89,208,1,0,7,-33.860221,150.891177,24,0,2,1,3,0,0,0,1,0,7,50,1,515,515,1,5,22,2,0,0,0,1
1327124,1,2023,2023,7,4,8,283,27,91,702,0,1,9,-33.957793,151.087845,25,0,2,1,3,0,0,0,2,0,7,60,2,14295,14295,3,5,5,2,0,0,0,1
1327126,1,2023,2023,5,4,8,62,10,55,169,0,1,1,-32.830719,151.522269,17,1,0,1,3,0,0,0,2,0,7,90,2,1391,1391,1,0,5,3,0,0,0,2
1327127,2,2023,2023,1,0,7,41,27,33,154,0,1,2,-33.768091,150.864337,7,0,2,1,3,0,0,0,2,0,7,60,1,204,204,1,30,5,2,0,0,1,0
1327128,1,2023,2023,5,2,5,54,27,72,563,0,1,2,-34.022564,151.00806,68,0,2,1,3,0,0,0,2,0,7,80,2,14295,14295,3,5,0,3,0,0,0,1
1327135,1,2023,2023,5,1,9,866,17,171,793,0,1,10,-33.802838,150.971052,54,0,2,1,3,0,0,0,4,2,7,70,2,14295,14295,3,5,0,2,0,0,0,1
1327137,2,2023,2023,5,4,9,1104,14,438,962,0,1,3,-33.841143,151.041055,54,0,2,1,3,0,0,0,0,0,7,90,2,1282,1282,1,8,0,2,0,0,1,0
1327138,1,2023,2023,5,1,4,478,17,128,480,0,1,10,-33.427079,151.327224,16,2,2,1,3,0,0,0,2,2,7,70,2,14295,14295,3,10,5,2,0,0,0,1