Crash ID,Degree of crash - detailed,Reporting year,Year of crash,Month of crash,Day of week of crash,Two-hour intervals,Street of crash,Street type,Town,Route no.,School zone location,School zone active,Type of location,Latitude,Longitude,LGA,Urbanisation,Conurbation 1,Alignment,Street lighting,Road surface,Surface condition,Weather,Natural lighting,Signals operation,Other traffic control,Speed limit,Road classification,RUM - code,DCA - code,First impact type,Key TU type,Other TU type,No. of traffic units involved,No. killed,No. seriously injured,No. moderately injured,No. minor-other injured
1327142,2,2023,2023,5,0,7,3371,17,121,3342,0,1,6,-28.198185,153.530918,72,2,1,0,3,0,3,3,2,0,7,50,2,2585,4009,8,0,40,1,0,0,1,0
1327144,4,2023,2023,5,2,8,5,27,3,34609,0,1,1,-32.42446,152.499025,43,2,1,0,3,2,0,0,0,0,7,80,0,1957,4009,8,30,40,1,0,1,0,0
1327145,2,2023,2023,5,4,3,15,10,10,34609,0,1,9,-35.165748,147.355353,75,2,1,1,3,0,0,1,2,0,7,50,0,5929,5929,1,0,13,2,0,0,1,0
1327146,1,2023,2023,5,3,5,25,27,147,94,0,1,9,-33.883079,151.000633,15,0,2,1,3,0,0,0,2,0,9,50,1,14295,14295,3,0,0,2,0,0,0,1
1327147,2,2023,2023,6,0,10,177,22,239,176,0,1,10,-34.043187,151.123587,68,0,2,1,2,0,3,0,0,2,6,60,2,5929,5929,1,5,36,2,0,0,1,0
1327150,1,2023,2023,5,0,5,220,27,46,222,0,1,9,-33.786505,150.972983,54,0,2,1,3,0,0,0,2,2,7,80,2,5929,5929,1,16,0,2,0,0,0,1
1327151,2,2023,2023,5,5,7,62,10,122,62,0,1,9,-33.429075,151.34259,16,2,2,1,3,0,0,0,2,0,6,50,2,14295,14295,3,5,0,2,0,0,1,0
1327152,1,2023,2023,5,1,8,485,27,232,769,0,1,10,-33.6842,150.916785,7,0,2,1,3,0,0,0,2,3,7,80,2,1391,1391,1,9,5,2,0,0,0,1
1327157,4,2023,2023,5,5,8,3371,17,53,3342,0,1,2,-33.764883,151.156885,36,0,2,0,1,0,3,0,2,0,7,60,2,4552,5151,8,16,40,1,0,1,0,0
1327159,1,2023,2023,4,3,10,26,27,71,38,0,1,1,-33.836672,150.968148,21,0,2,1,3,0,0,0,0,0,7,60,1,623,623,3,0,5,2,0,0,0,1
1327160,2,2023,2023,5,0,9,14,27,79,34609,0,1,10,-33.579726,150.709751,29,2,2,1,3,0,0,0,0,0,0,50,0,6545,6545,4,0,0,3,0,0,1,0
1327161,4,2023,2023,1,6,3,39,31,112,34609,0,1,2,-36.064194,146.924529,0,2,1,0,3,0,0,0,2,0,7,60,0,3775,3775,0,5,12,2,0,1,0,0
1327165,2,2023,2023,1,6,7,2209,17,130,2205,0,1,9,-34.452898,150.846562,80,0,2,1,3,0,0,0,2,0,7,60,1,14295,14295,3,5,13,3,0,0,1,0
1327168,2,2023,2023,5,0,11,7,27,562,34609,0,1,1,-32.195896,148.704026,22,1,0,1,3,0,0,0,0,0,7,100,0,1089,1089,7,5,40,1,0,0,1,0
1327175,4,2023,2023,6,0,7,177,31,89,34609,0,1,1,-33.856053,150.893142,24,0,2,1,1,0,0,0,2,0,7,60,0,1981,1981,4,0,5,2,0,1,2,0
1327179,2,2023,2023,6,4,7,9,31,68,2205,0,1,9,-34.085142,151.010201,68,0,2,1,0,0,0,0,2,0,7,60,2,2040,2040,9,9,28,2,0,0,1,0
1327182,2,2023,2023,7,0,0,229,14,323,237,0,1,3,-33.769795,150.966623,71,0,2,0,0,0,3,3,0,0,7,100,2,4552,5151,8,30,40,1,0,0,1,0
1327190,4,2023,2023,5,6,4,3,1,53,34609,0,1,1,-33.853628,150.960337,21,0,2,1,1,0,0,0,2,0,7,50,0,9859,9859,1,5,5,2,0,1,0,0
1327195,4,2023,2023,5,3,4,2261,17,45,2252,0,1,3,-34.308388,150.60278,79,1,2,1,0,0,0,0,2,0,7,110,2,9859,9859,8,10,40,1,0,2,0,0
1327199,2,2023,2023,5,5,5,20,31,204,244,0,1,9,-33.889133,151.117293,32,0,2,1,0,0,0,0,2,0,7,60,2,623,623,3,33,19,2,0,0,1,0
1327203,4,2023,2023,1,6,3,1104,14,218,962,0,1,3,-33.784045,150.770778,55,0,2,1,2,0,0,0,1,0,7,100,2,14295,14295,3,9,19,2,0,1,0,0
1327204,2,2023,2023,6,4,3,5,10,228,34609,0,1,1,-34.730397,149.733594,26,2,1,1,0,0,0,3,2,0,7,50,0,312,312,2,8,40,1,0,0,1,0
1327205,2,2023,2023,5,1,6,6,1,182,34609,0,1,9,-32.824679,151.372458,17,2,1,1,0,0,0,0,2,0,0,50,0,6545,6545,4,0,5,2,0,0,1,0
1327206,2,2023,2023,5,6,11,296,27,147,293,0,1,10,-33.870499,150.985565,15,0,2,1,2,0,0,0,0,2,6,70,2,5929,5929,1,5,0,2,0,0,1,0
1327210,2,2023,2023,5,0,9,73,31,102,34609,1,0,9,-31.103611,150.910482,70,2,1,1,2,0,0,0,0,0,7,50,0,2852,2852,4,10,5,2,0,0,1,0
1327211,1,2023,2023,5,6,11,829,27,124,770,0,1,10,-33.813429,151.049201,54,0,2,1,2,0,0,0,0,0,6,70,2,926,926,4,10,0,3,0,0,0,1
1327213,2,2023,2023,5,1,9,10,31,460,34609,0,1,1,-33.823299,150.980453,21,0,2,1,2,0,0,0,0,0,7,50,0,1981,1981,4,0,0,2,0,0,2,0
1327214,2,2023,2023,6,2,5,42,27,134,30,0,1,10,-33.893796,151.249569,76,0,2,1,0,0,0,0,2,3,9,50,1,1220,1220,9,0,28,2,0,0,1,0
1327216,4,2023,2023,8,6,3,101,10,42,33,0,1,9,-34.018459,151.20435,68,0,2,1,0,0,0,0,1,0,0,60,1,775,775,4,10,27,2,0,1,0,0
1327222,4,2023,2023,6,5,3,61,31,92,45,0,1,1,-33.869001,150.965223,24,0,2,1,1,0,0,0,2,0,7,60,1,1383,1383,1,5,0,2,0,1,1,0
1327225,2,2023,2023,0,0,11,1,22,387,34609,0,1,0,-33.936203,151.165854,4,0,2,1,2,0,0,0,0,0,7,20,0,312,312,2,30,40,1,0,0,1,0
1327230,1,2023,2023,5,6,8,2126,17,106,2149,0,1,10,-33.886842,151.176557,69,0,2,1,2,0,0,0,2,2,7,60,2,14295,14295,3,0,0,2,0,0,0,1
1327231,2,2023,2023,5,2,8,10,27,104,34,0,1,10,-33.84037,151.217438,49,0,2,0,0,0,0,0,3,2,7,50,1,5929,5929,1,5,18,2,0,0,1,0
1327233,1,2023,2023,6,5,7,18,10,73,18,0,1,7,-33.777633,151.150706,36,0,2,1,1,0,0,0,2,0,0,60,1,6545,6545,4,5,5,2,0,0,0,1
1327240,4,2023,2023,5,5,7,1,31,102,34609,0,1,9,-33.947473,151.204882,4,0,2,1,0,0,3,4,2,0,0,50,0,1945,1945,5,16,40,1,0,1,0,0
1327242,4,2023,2023,6,0,7,25,31,646,34609,1,0,1,-33.920791,151.034709,15,0,2,1,1,0,0,0,2,0,9,40,0,2040,2040,9,5,28,2,0,1,1,0
1327243,2,2023,2023,5,5,6,169,27,22,12,0,1,1,-33.432435,150.898765,71,0,2,0,0,0,0,0,2,0,7,60,1,1957,4009,8,0,40,1,0,0,1,0
1327249,1,2023,2023,5,5,6,4,31,39,83,0,1,7,-29.436674,153.360822,18,2,1,1,1,0,3,4,2,0,9,40,1,1220,1220,9,5,28,2,0,0,0,1
1327251,1,2023,2023,5,3,11,97,31,363,92,0,1,9,-33.820556,150.995905,54,0,2,1,2,0,0,0,0,0,0,60,1,5929,5929,1,0,19,2,0,0,0,1
1327255,1,2023,2023,5,1,7,1104,14,142,962,0,1,3,-33.82793,150.998558,54,0,2,0,1,0,0,0,2,0,7,90,2,14295,14295,3,0,5,2,0,0,0,1
1327257,4,2023,2022,2,0,8,62,27,17,166,0,1,1,-33.240245,151.440237,16,2,2,1,0,0,0,0,2,0,7,80,2,1945,1945,5,16,40,1,0,1,0,0
1327260,4,2023,2023,5,5,1,3,27,1,34609,0,1,1,-31.393774,152.545118,56,1,0,0,1,0,3,2,0,0,7,100,0,1957,4009,8,10,40,1,0,1,0,0
1327263,4,2023,2023,5,6,8,475,31,532,34609,0,1,10,-33.866346,151.210736,69,0,2,1,0,0,0,0,2,2,7,40,0,5929,5929,1,5,19,2,0,1,0,0
1327264,2,2023,2023,5,6,4,344,27,89,382,0,1,1,-33.666228,150.801755,29,2,2,1,0,0,0,0,2,0,7,80,2,14295,14295,3,8,36,2,0,0,1,0
1327266,4,2023,2023,5,2,5,2,27,1,34609,0,1,1,-31.68926,152.072613,43,2,1,0,0,2,0,0,2,0,7,60,0,1850,1463,5,16,40,1,0,1,0,0
1327267,1,2023,2023,5,1,3,866,27,438,34609,0,1,9,-33.856745,151.024264,21,0,2,1,2,0,3,4,0,0,0,50,0,2040,2040,9,0,28,2,0,0,0,1
1327276,1,2023,2023,5,6,8,109,27,100,105,1,0,9,-33.893192,150.89122,24,0,2,1,0,0,0,0,3,0,7,60,2,2852,2852,4,30,5,2,0,0,0,1
1327278,4,2023,2023,5,1,7,296,27,187,293,0,1,2,-33.88876,150.973775,15,0,2,1,0,0,0,0,2,0,7,60,2,14295,14295,3,5,13,2,0,1,1,0
1327279,1,2023,2023,5,1,7,10,27,84,16,0,1,2,-31.100404,150.923373,70,2,1,1,1,0,0,0,2,0,7,60,1,9859,9859,1,0,36,2,0,0,0,1
1327280,4,2023,2023,8,2,11,12,10,65,34609,0,1,1,-36.061202,146.975138,0,2,1,1,0,0,0,0,0,0,7,80,0,9859,9859,1,5,13,4,0,1,0,2
1327281,2,2023,2023,7,6,5,107,22,239,121,1,0,9,-34.031719,151.118284,68,0,2,1,0,0,0,0,2,0,7,60,1,6545,6545,4,0,36,2,0,0,1,0
1327282,2,2023,2023,5,0,6,25,1,80,139,0,1,9,-34.551635,146.403816,51,2,1,1,1,0,0,0,2,0,0,50,2,2040,2040,9,10,28,2,0,0,1,0
1327286,2,2023,2023,5,6,4,17,31,106,32,0,1,9,-33.914282,151.085313,15,0,2,1,0,0,0,0,2,0,7,50,1,214,214,9,0,28,3,0,0,1,1
1327289,4,2023,2023,5,0,10,35,10,132,148,0,1,1,-34.156137,151.023431,68,0,2,0,0,0,0,0,0,0,7,60,2,4552,5151,8,16,40,1,0,1,0,0
1327290,1,2023,2023,8,0,8,104,27,443,702,0,1,2,-33.900283,151.065215,67,0,2,1,1,0,0,0,2,0,7,70,2,14295,14295,3,5,18,3,0,0,0,1
1327291,2,2023,2023,5,3,10,149,36,21,113,0,1,9,-32.090335,152.478379,43,2,1,1,2,0,0,0,0,0,15,80,1,2852,2852,4,10,0,2,0,0,1,0
1327293,4,2023,2023,1,6,8,512,27,41,34609,0,1,10,-33.906464,151.188091,69,0,2,1,1,0,0,0,2,2,7,50,0,5929,5929,1,5,19,2,0,1,0,0
1327294,4,2023,2023,5,6,10,3371,17,44,3342,0,1,1,-33.215434,151.509909,16,2,2,1,2,0,0,0,0,2,9,70,2,5929,5929,1,0,19,2,0,1,0,0
1327297,1,2023,2023,5,5,4,119,31,445,103,0,1,1,-33.864407,151.041455,21,0,2,1,1,0,0,0,2,0,7,50,1,312,312,2,5,40,2,0,0,0,1
1327298,4,2023,2023,6,4,7,59,10,89,34609,0,1,0,-33.89441,151.23656,59,0,2,0,1,0,0,0,2,0,7,30,0,941,941,1,0,27,2,0,1,0,0
1327301,2,2023,2023,5,5,10,109,27,71,106,0,1,10,-33.832332,150.969496,21,0,2,1,1,0,0,0,3,2,7,60,1,5929,5929,1,0,5,2,0,0,3,0
1327309,4,2023,2023,5,0,8,1052,14,83,928,0,1,3,-33.481787,151.183683,16,1,2,0,0,0,0,0,0,0,7,110,2,404,404,8,16,40,1,0,1,0,0
1327310,1,2023,2023,5,3,7,8,32,290,34609,0,1,10,-33.941857,151.127227,4,0,2,1,1,0,0,0,2,0,15,50,0,6545,6545,4,0,0,2,0,0,0,1
1327312,2,2023,2023,6,2,6,39,31,26,34609,1,0,10,-31.971644,152.587509,43,2,1,1,1,0,0,0,2,0,0,50,0,6545,6545,4,5,5,2,0,0,1,0
1327314,2,2023,2023,5,1,4,2126,17,363,2149,0,1,2,-33.819878,151.002428,54,0,2,1,1,0,0,0,2,0,7,60,2,14295,14295,3,5,5,5,0,0,1,1
1327315,4,2023,2023,5,1,5,67,31,35,34609,1,0,1,-28.808495,153.261541,39,2,1,1,0,0,0,0,2,0,7,50,0,9859,9859,1,8,0,2,0,1,0,0
1327316,4,2023,2023,5,0,8,137,14,24,70,0,1,3,-32.882535,151.58698,37,0,2,1,1,0,0,0,3,0,7,110,2,14295,14295,3,10,5,3,0,2,0,1
1327317,2,2023,2023,8,5,6,8,31,463,34609,0,1,1,-30.283502,153.125731,19,2,1,1,1,0,0,0,2,0,7,50,0,1282,1282,1,0,40,1,0,0,1,0
1327319,4,2023,2023,6,4,5,92,27,143,34609,0,1,1,-33.880559,151.103061,9,0,2,1,1,0,0,0,2,0,9,40,0,2040,2040,9,10,28,2,0,1,0,0
1327323,1,2023,2023,6,1,0,19,31,224,34609,0,1,1,-33.839892,151.23448,45,0,2,1,2,0,0,0,0,0,7,50,0,9859,9859,8,5,40,1,0,0,0,1
1327325,4,2023,2023,8,2,3,34,31,104,44,0,1,9,-33.827851,151.215607,49,0,2,1,2,0,0,0,1,2,7,50,1,5929,5929,1,5,19,2,0,1,0,0
1327326,2,2023,2023,1,5,5,20,27,9,20,0,1,1,-35.021349,150.61429,63,1,0,1,0,0,0,0,2,0,7,90,1,14295,14295,3,5,5,3,0,0,3,1
1327328,1,2023,2023,5,3,1,9,27,110,34609,0,1,1,-33.754282,151.034091,71,0,2,0,2,0,0,0,0,0,7,50,0,4552,5151,1,5,13,2,0,0,0,1
1327330,2,2023,2023,5,4,5,866,17,204,793,0,1,2,-33.893434,150.922442,24,0,2,1,3,0,0,0,2,0,7,70,2,14295,14295,3,0,0,2,0,0,1,0
1327334,4,2023,2023,8,4,3,232,36,134,331,0,1,9,-33.960401,150.822668,41,0,2,1,1,0,0,0,2,0,0,80,2,2040,2040,9,9,28,3,0,1,1,0
1327336,4,2023,2023,5,1,10,330,27,53,605,0,1,10,-33.728565,151.299697,50,0,2,1,2,0,0,0,0,0,7,60,2,1109,787,1,0,19,2,0,1,0,0
1327339,1,2023,2023,6,5,6,154,27,293,244,0,1,9,-33.927557,151.049157,15,0,2,1,1,0,0,0,2,0,15,60,2,6545,6545,4,5,5,2,0,0,0,1
1327340,4,2023,2023,5,4,3,22,27,41,173,0,1,2,-34.396411,150.867237,80,0,2,1,0,0,0,0,2,0,7,80,2,14295,14295,3,10,5,5,0,1,1,0
1327341,4,2023,2023,5,3,5,22,31,37,47,0,1,9,-34.639586,150.771947,35,2,1,1,3,0,0,0,2,0,15,80,1,5929,5929,1,30,19,2,0,1,0,0
1327343,4,2023,2023,5,0,10,2126,17,84,2149,0,1,10,-33.817889,150.981863,21,0,2,1,2,0,0,0,0,2,7,60,2,5929,5929,1,21,18,2,0,1,0,0
1327344,2,2023,2023,5,1,5,1,18,8,34609,0,1,1,-29.715274,150.891528,33,1,0,0,0,2,0,0,2,0,7,100,0,3775,3775,0,5,13,2,0,0,3,0
1327346,4,2023,2023,5,5,9,232,36,134,331,0,1,10,-33.975943,150.809795,12,0,2,1,2,0,0,0,0,2,7,80,2,14295,14295,3,5,5,2,0,1,0,0
1327348,4,2023,2023,5,1,3,2126,17,104,2149,0,1,9,-33.834451,151.020798,54,0,2,1,2,0,0,0,1,2,7,60,2,5929,5929,1,5,19,2,0,1,0,0
1327351,4,2023,2023,6,0,7,92,27,23,34609,0,1,9,-34.572864,150.86593,62,0,2,0,3,0,0,0,2,0,15,50,0,4552,5151,8,16,40,2,0,1,0,1
1327352,4,2023,2023,6,2,5,5,27,8,34609,0,1,1,-32.874243,151.364732,17,1,0,1,0,2,0,6,2,0,7,100,0,1945,1945,5,16,40,1,0,1,0,0
1327353,1,2023,2023,5,0,7,866,17,149,793,0,1,2,-33.817821,150.962428,21,0,2,0,1,0,0,0,2,0,7,70,2,14295,14295,3,8,10,5,0,0,0,1
1327354,2,2023,2023,5,4,11,204,27,387,13,0,1,10,-33.924339,151.187176,4,0,2,1,2,0,0,0,0,2,7,50,2,6545,6545,4,0,0,2,0,0,1,0
1327355,1,2023,2023,5,1,9,19,18,115,34609,0,1,0,-33.874559,151.182207,69,0,2,1,2,0,0,0,0,0,7,50,0,404,404,8,33,40,2,0,0,0,1
1327360,2,2023,2023,6,4,5,114,27,9,228,0,1,1,-33.495658,150.949521,71,0,2,1,1,0,0,0,2,0,7,80,2,395,395,1,0,10,2,0,0,1,0
1327361,4,2023,2023,6,3,5,5,27,11,34609,0,1,1,-32.6018,151.444528,64,1,0,0,0,0,0,0,2,0,7,100,0,782,957,5,16,40,1,0,1,0,0
1327363,4,2023,2023,5,5,2,829,27,159,770,0,1,10,-33.807358,151.086894,61,0,2,1,2,0,0,0,0,2,6,60,2,926,926,4,5,0,2,0,1,0,0
1327365,2,2023,2023,5,1,5,8,31,215,34609,0,1,1,-35.111582,147.367502,75,2,1,1,0,0,0,0,2,0,7,50,0,941,941,1,5,13,2,0,0,1,0
1327377,1,2023,2023,5,4,7,2261,17,443,2252,0,1,9,-33.892453,151.056076,15,0,2,1,1,0,2,6,2,0,0,70,2,14295,14295,3,8,12,2,0,0,0,1
1327381,2,2023,2023,5,3,8,2261,17,96,2252,0,1,3,-34.234323,150.664138,79,1,2,1,0,0,0,0,3,0,7,110,2,14295,14295,3,0,5,8,0,0,1,0
1327388,4,2023,2023,0,0,7,1,27,18,34609,0,1,1,-28.843438,153.603222,2,2,1,1,0,0,0,0,2,0,7,50,0,4026,4026,8,9,40,1,0,1,0,0
1327391,4,2023,2023,5,3,5,84,27,147,415,1,0,9,-33.758638,151.137932,36,0,2,0,1,0,0,0,2,0,15,70,2,5929,5929,1,5,14,2,0,1,0,0
1327394,4,2023,2023,5,1,5,108,31,77,34609,0,1,9,-33.865134,150.938357,24,0,2,1,0,0,0,0,2,0,0,40,0,2040,2040,9,9,28,2,0,1,0,0
1327395,2,2023,2023,6,5,3,361,23,237,35,0,1,1,-33.876147,150.952948,24,0,2,1,0,0,0,0,2,0,7,60,1,3775,3775,0,5,5,2,0,0,2,0
1327396,1,2023,2023,5,6,4,3371,17,85,3342,0,1,9,-33.736828,151.133389,36,0,2,1,0,0,0,0,2,0,15,60,2,14295,14295,3,9,5,2,0,0,0,1
1327398,1,2022,2022,10,1,7,42,36,18,34609,0,1,9,-30.704932,152.940584,47,1,0,1,0,0,0,0,2,0,0,100,0,2852,2852,4,0,10,2,0,0,0,1
1327399,2,2023,2023,0,0,11,1052,14,160,928,0,1,3,-33.119988,151.466523,37,0,2,1,0,0,3,4,0,0,7,110,2,4026,4026,8,5,40,1,0,0,1,0
1327401,1,2023,2023,0,6,9,82,27,9,103,0,1,1,-28.501537,153.19217,72,2,1,0,0,0,0,0,3,0,7,80,1,4552,5151,8,5,40,1,0,0,0,1
1327405,4,2023,2023,0,0,6,1,27,433,34609,0,1,9,-33.309362,149.129056,52,2,1,0,0,0,0,0,2,0,7,80,0,1109,787,1,5,5,2,0,1,1,0
1327407,2,2023,2023,8,6,4,38,27,165,21,0,1,9,-32.291771,150.869419,46,2,1,0,3,0,0,0,2,0,0,80,2,5929,5929,1,30,13,2,0,0,1,0
1327408,2,2023,2023,0,4,8,57,27,36,143,0,1,1,-34.475878,149.512657,74,2,1,1,0,0,0,0,3,0,7,60,2,4026,4026,8,5,40,1,0,0,1,0
1327410,4,2023,2023,8,0,10,916,17,15,917,0,1,9,-31.795125,150.911042,73,1,0,1,0,0,0,0,0,0,7,100,2,1669,1669,3,5,0,2,0,1,1,0
1327411,2,2023,2023,0,6,8,112,17,27,112,0,1,1,-31.713736,143.461024,51,1,0,1,0,0,0,0,2,0,7,110,2,9859,9859,8,0,40,1,0,0,2,0
1327412,2,2023,2023,0,5,8,20,27,112,34609,0,1,9,-33.910648,151.205891,69,0,2,1,1,0,0,0,2,2,7,50,0,5929,5929,1,5,27,2,0,0,1,0
1327413,2,2023,2023,8,2,5,3,27,93,34609,0,1,9,-36.090541,146.951849,0,2,1,0,3,0,0,0,2,0,7,50,0,1957,4009,8,5,40,1,0,0,1,0
1327414,4,2023,2023,0,3,5,5,1,102,34609,0,1,1,-31.108111,150.90872,70,2,1,1,0,0,0,0,2,0,7,50,0,9859,9859,8,16,40,1,0,1,1,0
1327416,2,2023,2023,8,6,10,2209,17,77,2205,0,1,9,-33.92091,151.166518,32,0,2,0,2,0,0,0,0,0,2,60,2,3775,3775,0,5,0,2,0,0,2,1
1327417,2,2023,2023,0,5,0,71,27,9,69,0,1,1,-36.314985,148.905076,65,1,0,0,0,0,0,0,0,0,7,100,2,1089,1089,7,8,40,1,0,0,1,0
1327421,2,2023,2023,8,5,6,119,31,433,34609,0,1,1,-33.28103,149.106343,52,2,1,1,0,0,0,0,2,0,7,50,0,1282,1282,1,5,40,1,0,0,1,0
1327423,4,2023,2023,8,0,7,2209,17,88,2205,0,1,9,-33.983295,151.114422,25,0,2,1,1,0,0,0,2,0,7,70,2,5929,5929,1,5,18,2,0,1,0,0
1327425,2,2023,2023,8,6,4,1104,11,532,770,0,1,10,-33.868795,151.203604,69,0,2,1,3,0,0,0,2,2,7,50,2,14295,14295,3,5,19,2,0,0,1,0
1327426,2,2023,2023,8,4,8,213,17,132,213,0,1,10,-29.775492,151.105095,33,2,1,0,0,0,0,0,3,0,0,50,2,5929,5929,1,10,13,2,0,0,2,0
1327430,1,2023,2023,8,6,11,9,31,55,34609,0,1,1,-33.932175,150.897483,41,0,2,1,2,0,0,0,0,0,7,50,0,312,312,2,5,40,1,0,0,0,1
1327431,2,2023,2023,8,5,2,866,17,247,793,0,1,9,-33.816417,150.963069,21,0,2,1,2,0,0,0,1,2,7,70,2,5929,5929,1,10,0,3,0,0,1,0
1327433,1,2023,2023,8,6,6,143,31,173,181,0,1,9,-33.88054,151.216924,69,0,2,1,0,0,0,0,2,2,7,40,2,1669,1669,3,0,5,2,0,0,0,1
1327436,4,2023,2023,8,1,9,36,27,22,34609,0,1,1,-32.769891,151.590395,42,2,1,0,2,0,0,0,0,0,7,50,0,3775,3775,0,0,5,2,0,1,0,0
1327437,1,2023,2023,8,5,5,22,31,337,30,0,1,2,-33.729005,151.00817,71,0,2,1,1,0,0,0,2,1,9,60,2,2040,2040,9,5,28,2,0,0,0,1
1327438,2,2023,2023,8,2,8,13,27,239,34609,0,1,7,-34.026119,151.126665,68,0,2,1,3,0,2,6,2,0,0,50,0,6545,6545,4,5,18,2,0,0,1,0
1327442,4,2023,2023,0,3,7,109,27,18,174,0,1,2,-32.988811,151.521182,37,0,2,0,0,0,0,0,2,0,7,80,2,14295,14295,3,16,19,3,0,1,0,0
1327444,2,2023,2023,6,3,6,17,10,63,34609,0,1,9,-33.239093,151.500714,16,2,2,1,1,0,0,0,2,2,7,50,0,14295,14295,3,30,5,2,0,0,1,0
1327445,1,2023,2023,8,3,8,1104,14,223,962,0,1,3,-33.806294,150.92395,7,0,2,1,1,0,0,0,2,0,7,100,2,14295,14295,3,5,5,2,0,0,0,1
1327446,4,2023,2023,8,4,5,2209,17,115,2205,0,1,2,-33.910906,151.180253,32,0,2,1,1,0,0,0,2,0,7,60,2,941,941,1,5,36,3,0,1,0,0
1327448,2,2023,2023,6,4,11,21,10,89,34609,0,1,10,-28.211634,153.544876,72,2,1,1,3,0,2,6,0,2,7,60,0,6545,6545,4,5,0,2,0,0,1,1
1327449,2,2023,2023,6,1,10,204,31,252,34609,0,1,1,-33.886171,151.215513,69,0,2,1,2,0,0,3,0,0,7,40,0,9859,9859,1,0,13,2,0,0,1,0
1327453,4,2023,2023,6,3,8,361,1,11,7,0,1,9,-34.648358,150.319705,78,2,1,0,1,0,0,0,3,0,15,60,1,1259,5151,8,5,40,1,0,1,0,0
1327455,4,2023,2023,0,2,4,3,27,346,63,0,1,10,-33.875106,151.086608,67,0,2,1,1,0,3,4,2,2,9,50,1,1220,1220,9,5,28,2,0,1,0,0
1327457,4,2023,2023,8,1,4,123,27,316,25,0,1,9,-33.912271,151.24958,59,0,2,0,0,0,0,0,2,0,7,50,1,5929,5929,1,5,19,2,0,1,0,0
1327458,4,2023,2023,6,0,2,82,27,10,103,0,1,1,-28.394361,153.335409,72,2,1,0,0,0,0,1,0,0,7,80,1,1259,5151,8,10,40,1,0,1,0,0
1327463,1,2023,2023,6,1,3,2261,17,243,2252,0,1,2,-33.947066,150.907948,41,0,2,1,3,0,0,0,2,0,7,70,2,14295,14295,3,5,13,3,0,0,0,2
1327464,4,2023,2023,6,6,3,77,10,43,331,0,1,1,-34.153958,150.666078,79,2,2,1,0,0,0,0,2,0,7,80,1,14295,14295,3,5,35,2,0,2,0,0
1327468,4,2023,2023,8,5,1,11,31,166,34609,0,1,1,-33.423528,149.565081,3,2,1,1,2,0,0,0,0,0,7,50,0,84,84,6,16,40,2,0,1,0,0
1327470,2,2023,2023,6,0,3,30,31,103,34609,0,1,1,-34.314893,148.284919,30,2,1,1,1,0,0,0,2,0,7,50,0,4026,4026,8,10,40,1,0,0,1,0
1327475,4,2023,2023,6,6,5,2,18,78,34609,0,1,0,-28.327423,153.398192,72,2,1,0,0,0,0,0,2,0,7,10,0,1957,4009,8,5,40,2,0,1,0,0
1327477,2,2023,2023,8,6,5,41,27,58,80,0,1,9,-32.982036,151.668669,37,0,2,0,1,0,0,0,2,2,7,60,1,5929,5929,1,5,5,2,0,0,1,0
1327478,2,2023,2023,6,2,0,6,31,90,34609,0,1,1,-33.721821,150.311593,8,2,2,1,2,0,0,0,0,0,7,50,0,9859,9859,1,5,12,3,0,0,1,0
1327479,2,2023,2023,6,4,8,296,27,283,293,0,1,2,-33.83025,151.003974,21,0,2,1,2,0,0,0,0,0,7,60,2,14295,14295,3,10,41,4,0,0,1,0
1327480,4,2023,2023,6,3,4,2209,17,204,2205,0,1,10,-33.939166,151.147863,4,0,2,1,1,0,0,3,2,2,7,60,2,14295,14295,3,21,0,2,0,1,0,0
1327481,1,2023,2023,6,2,7,4,27,53,34609,0,1,7,-33.77311,151.1526,36,0,2,1,0,0,0,0,2,0,0,50,0,926,926,4,15,0,2,0,0,0,1
1327482,2,2023,2023,6,6,8,11,31,123,34609,0,1,1,-33.818741,148.680074,51,2,1,1,3,0,3,4,3,0,7,50,0,9859,9859,1,5,0,2,0,0,1,0
1327484,2,2023,2023,5,3,8,134,10,69,133,0,1,2,-33.818044,151.022126,54,0,2,1,1,0,0,0,2,0,7,70,2,4026,4026,8,16,40,1,0,0,1,0
1327485,4,2023,2023,6,0,6,2209,17,40,2205,0,1,2,-34.973233,150.593805,63,1,0,1,0,0,0,0,2,0,7,100,2,1383,1383,1,29,19,2,0,1,1,0
1327487,2,2023,2023,5,1,4,2,27,49,34609,0,1,4,-33.719869,151.288038,50,0,2,0,3,0,0,0,2,0,7,50,0,3775,3775,0,5,13,2,0,0,1,0
1327494,2,2023,2023,6,6,9,2261,17,10,2252,0,1,2,-34.816398,149.455912,74,1,0,0,0,0,3,4,2,0,7,110,2,4552,5151,8,10,40,2,0,0,1,0
1327499,2,2023,2023,6,6,9,178,27,189,101,0,1,10,-33.950987,151.052463,25,0,2,1,2,0,3,3,0,0,0,50,1,5929,5929,1,5,0,2,0,0,1,0
1327504,4,2023,2023,6,6,3,53,31,188,34609,0,1,7,-33.942838,151.106885,4,0,2,1,2,0,3,0,1,0,0,50,0,6545,6545,4,33,0,2,0,1,0,0
1327506,4,2023,2023,5,5,10,1,31,19,34609,0,1,9,-33.435467,149.575999,3,2,1,1,0,0,3,4,0,0,0,50,0,489,489,8,16,40,1,0,1,0,0