Crash ID,Degree of crash - detailed,Reporting year,Year of crash,Month of crash,Day of week of crash,Two-hour intervals,Street of crash,Street type,Town,Route no.,School zone location,School zone active,Type of location,Latitude,Longitude,LGA,Urbanisation,Conurbation 1,Alignment,Street lighting,Road surface,Surface condition,Weather,Natural lighting,Signals operation,Other traffic control,Speed limit,Road classification,RUM - code,DCA - code,First impact type,Key TU type,Other TU type,No. of traffic units involved,No. killed,No. seriously injured,No. moderately injured,No. minor-other injured
1327508,4,2023,2023,5,4,7,98,27,87,799,0,1,2,-33.928936,150.977825,41,0,2,1,0,0,0,0,2,0,7,70,2,14295,14295,3,5,13,2,0,1,1,0
1327510,2,2023,2023,5,4,8,193,27,438,34609,1,0,7,-33.849287,151.030705,21,0,2,1,1,0,0,0,2,0,7,50,0,2040,2040,9,5,28,2,0,0,1,0
1327511,2,2023,2023,5,2,7,108,31,171,34609,0,1,1,-33.808086,150.972051,21,0,2,1,0,0,0,0,2,0,7,50,0,238,238,9,33,28,2,0,0,1,0
1327512,4,2023,2023,5,5,1,5,10,45,34609,0,1,1,-33.800691,150.805548,55,0,2,0,2,0,0,0,0,0,7,50,0,4552,5151,8,5,40,1,0,1,0,0
1327514,4,2023,2023,0,5,1,32,27,72,563,0,1,1,-34.005463,151.014601,68,0,2,0,0,0,0,0,0,0,7,80,2,2585,4009,8,8,40,1,0,1,0,0
1327516,4,2023,2023,5,3,5,13,10,1,34609,0,1,1,-32.341141,152.521307,43,2,1,1,0,0,0,0,2,0,7,80,0,9859,9859,8,16,40,1,0,1,0,0
1327517,1,2023,2023,8,3,10,330,27,108,605,0,1,9,-33.761265,151.274896,50,0,2,1,2,0,0,0,0,2,7,60,2,623,623,3,10,5,2,0,0,0,1
1327521,4,2023,2023,8,5,5,133,31,646,97,0,1,1,-33.917733,151.027833,15,0,2,1,1,0,0,0,2,0,7,60,1,9859,9859,1,5,0,2,0,1,0,0
1327523,2,2023,2023,5,3,5,1,27,17,34609,0,1,1,-33.430986,149.811119,3,1,0,1,0,2,0,6,2,0,7,100,0,1089,1089,7,16,40,1,0,0,1,0
1327527,2,2023,2023,3,5,10,10,27,1,34609,0,1,1,-33.469453,151.36117,16,2,2,1,2,0,3,4,0,0,7,50,0,9859,9859,1,10,0,2,0,0,1,0
1327528,4,2023,2023,8,5,2,7,27,12,34609,0,1,1,-33.862648,149.687671,51,1,0,0,0,0,1,1,1,0,7,100,0,4552,5151,8,0,40,1,0,1,0,0
1327533,2,2023,2023,5,3,6,2,31,22,34609,0,1,9,-36.046804,146.899136,0,2,1,1,0,0,0,0,2,0,7,50,0,1850,777,5,16,40,1,0,0,1,0
1327537,2,2023,2023,5,3,9,43,27,11,118,0,1,1,-30.612107,150.657417,70,1,0,0,3,0,0,0,0,0,7,100,2,4552,5151,8,10,40,1,0,0,1,0
1327539,2,2023,2023,5,2,9,8,31,150,34609,0,1,1,-33.9213,151.227029,59,0,2,1,2,0,0,0,0,0,7,50,0,214,214,9,5,28,2,0,0,1,0
1327540,2,2023,2023,5,0,8,13,27,95,34609,0,1,1,-34.394222,150.89374,80,0,2,1,1,0,0,0,2,0,7,50,0,1981,1981,4,5,25,2,0,0,2,0
1327545,2,2023,2023,6,5,4,2,25,193,34609,0,1,9,-33.781439,151.093206,61,0,2,0,1,0,0,0,2,0,7,50,0,5929,5929,1,0,27,2,0,0,1,0
1327546,2,2023,2023,5,1,5,20,27,11,45,0,1,1,-34.317751,148.500111,30,1,0,0,0,0,0,3,2,0,7,100,1,3775,3775,0,30,5,2,0,0,1,0
1327547,2,2023,2023,6,4,7,194,31,309,702,0,1,10,-33.817937,151.101314,61,0,2,1,0,0,0,0,2,2,7,60,2,14295,14295,3,0,5,2,0,0,1,1
1327550,2,2023,2023,5,0,3,500,27,198,799,0,1,10,-33.920184,151.09964,15,0,2,1,2,0,0,0,1,2,7,60,2,5929,5929,1,5,19,2,0,0,1,0
1327551,4,2023,2023,5,0,8,109,27,169,382,0,1,9,-33.780014,150.850357,7,0,2,1,2,0,0,0,0,2,7,60,2,5929,5929,1,30,19,2,0,1,0,0
1327554,4,2023,2023,5,6,7,10,31,532,34,0,1,10,-33.873031,151.207073,69,0,2,1,2,0,0,0,2,2,7,40,1,6545,6545,4,22,12,2,0,1,0,0
1327555,2,2023,2023,5,6,9,5,10,99,34609,0,1,0,-33.890173,151.279377,76,0,2,1,2,0,0,0,0,0,7,20,0,1945,1945,5,15,40,1,0,0,1,0
1327556,2,2023,2023,6,6,5,1,27,8,34609,0,1,1,-31.928535,152.144768,43,1,0,0,0,2,0,3,2,0,7,100,0,418,714,5,16,40,1,0,0,1,0
1327558,4,2023,2023,5,5,5,9,27,7,34609,0,1,1,-31.081897,152.72361,34,1,0,0,1,0,0,0,2,0,7,100,0,4552,5151,8,5,40,1,0,1,0,0
1327560,2,2023,2023,5,3,11,11,31,438,34609,0,1,7,-33.845767,151.037891,21,0,2,1,0,0,0,0,0,0,0,50,0,6545,6545,4,0,5,2,0,0,1,0
1327561,2,2023,2023,5,0,7,4,31,8,169,0,1,1,-32.824871,151.486676,17,2,1,1,0,0,0,0,2,0,7,60,2,941,941,1,0,0,2,0,0,1,0
1327562,4,2023,2023,5,6,7,8,27,54,34609,0,1,10,-33.622621,150.854054,29,2,2,0,0,0,0,0,2,0,0,70,0,6545,6545,4,0,5,2,0,1,1,0
1327568,4,2023,2023,5,4,8,168,17,18,212,0,1,1,-35.639727,150.090798,23,1,0,0,0,0,0,0,2,0,7,90,2,1957,4009,8,30,40,1,0,1,1,0
1327569,2,2023,2023,5,4,2,7,18,43,42,0,1,1,-33.572651,150.806907,29,2,2,1,0,0,0,1,0,0,7,80,1,9859,9859,8,10,40,1,0,0,1,0
1327570,4,2023,2023,5,1,8,283,27,197,702,1,0,9,-33.949471,151.080762,25,0,2,1,2,0,0,0,0,2,7,60,2,1220,1220,9,5,28,2,0,1,0,0
1327573,1,2023,2023,5,4,5,5,31,123,34609,0,1,1,-33.81522,151.056598,54,0,2,1,3,0,0,0,2,0,7,50,0,941,941,1,8,5,2,0,0,0,1
1327578,2,2023,2023,6,0,7,265,17,17,193,0,1,10,-35.667507,147.03869,27,2,1,1,1,0,3,4,2,0,0,50,2,2852,2852,4,3,12,2,0,0,1,0
1327580,2,2023,2023,5,0,4,294,17,215,288,0,1,10,-35.117142,147.35622,75,2,1,1,1,0,3,4,2,2,7,60,2,14295,14295,3,30,41,3,0,0,2,0
1327581,4,2023,2023,3,5,11,481,17,7,483,0,1,1,-35.1283,146.070095,51,1,0,1,0,0,0,0,0,0,7,110,2,404,404,8,26,40,1,0,1,0,0
1327585,4,2023,2023,5,4,5,35,27,5,24,0,1,1,-33.043999,149.6295,3,1,0,1,0,0,0,0,2,0,7,100,1,1089,1089,7,16,40,1,0,1,0,0
1327587,4,2023,2023,1,5,4,1,27,65,34609,0,1,7,-30.390977,153.030527,19,2,1,0,0,0,0,0,2,0,0,60,0,941,941,1,10,0,2,0,1,0,0
1327588,2,2023,2023,5,2,7,2126,17,90,2149,0,1,9,-33.706122,150.318732,8,2,2,1,1,0,0,0,2,2,7,70,2,2852,2852,4,21,13,2,0,0,1,0
1327597,1,2023,2023,5,4,3,44,27,304,21,0,1,1,-33.901524,151.161622,32,0,2,1,0,0,0,6,1,0,7,50,1,2040,2040,9,22,28,2,0,0,0,1
1327605,2,2023,2023,5,0,3,220,27,251,222,0,1,2,-33.766616,150.958577,71,0,2,1,1,0,0,0,2,0,7,80,2,14295,14295,3,5,36,2,0,0,1,1
1327607,2,2023,2023,5,2,6,71,31,15,34609,0,1,9,-32.912603,151.739078,48,0,2,1,1,0,0,0,2,0,7,50,0,1109,787,1,5,13,2,0,0,1,0
1327608,2,2023,2023,8,5,3,5,1,438,34609,0,1,7,-33.84198,151.034545,21,0,2,1,1,0,0,0,1,0,0,50,0,6545,6545,4,0,27,2,0,0,1,0
1327610,4,2023,2023,5,0,8,2,27,61,34609,0,1,1,-35.516751,144.994043,51,1,0,0,0,0,0,0,2,0,7,100,0,1850,1463,5,16,40,1,0,1,0,0
1327611,1,2023,2023,1,4,7,76,24,164,154,0,1,2,-33.728967,150.880541,7,0,2,1,3,0,0,0,2,0,7,70,1,14295,14295,3,5,40,2,0,0,0,1
1327613,2,2023,2023,1,5,7,137,31,44,34609,1,2,1,-34.56001,150.846082,62,0,2,1,3,0,0,0,2,0,7,40,0,2040,2040,9,10,28,2,0,0,1,0
1327614,2,2023,2023,1,2,8,21,27,20,34609,0,1,1,-33.252919,151.318868,16,2,2,0,0,0,0,0,2,0,7,80,0,4552,5151,8,5,40,1,0,0,1,0
1327621,1,2023,2023,5,5,5,866,17,110,793,0,1,10,-33.754183,151.047641,71,0,2,0,1,0,0,0,2,2,7,70,2,14295,14295,3,5,5,2,0,0,0,1
1327628,4,2023,2023,1,4,11,1052,14,207,928,0,1,3,-33.583523,151.187226,31,0,2,0,3,0,0,0,0,0,7,110,2,1259,5151,8,10,40,1,0,1,0,0
1327630,2,2023,2023,1,4,8,168,10,100,260,0,1,2,-33.952844,151.160211,4,0,2,1,3,0,0,0,2,0,7,60,2,14295,14295,3,5,13,2,0,0,1,0
1327631,1,2023,2023,1,5,7,7,18,43,42,0,1,1,-33.559721,150.803651,29,2,2,0,3,0,0,0,2,0,7,60,1,1669,1669,3,0,5,2,0,0,0,1
1327637,1,2023,2023,1,3,7,92,27,129,244,0,1,1,-33.896639,151.10307,15,0,2,1,3,0,0,0,2,0,7,60,2,1981,1981,4,30,27,2,0,0,0,1
1327639,1,2023,2023,1,4,3,5,10,30,34609,0,1,1,-34.050826,150.774127,12,0,2,0,3,0,0,0,2,0,7,50,0,14295,14295,3,0,0,2,0,0,0,1
1327640,1,2023,2023,6,2,4,475,10,100,268,0,1,10,-33.892416,150.887951,24,0,2,1,3,0,0,0,2,0,7,60,2,1383,1383,1,5,5,2,0,0,0,1
1327644,1,2023,2023,5,1,6,7,27,6,34609,0,1,1,-34.765356,150.653325,63,2,1,0,3,0,0,0,2,0,7,60,0,3775,3775,0,8,36,2,0,0,0,1
1327646,2,2023,2023,1,5,8,49,31,83,34609,0,1,10,-29.716907,152.934097,18,2,1,1,3,0,0,0,3,0,0,50,0,5929,5929,1,34,0,2,0,0,1,0
1327647,1,2023,2023,1,1,5,3,31,225,34609,0,1,10,-33.799464,151.186155,77,0,2,1,3,0,0,0,2,0,0,50,0,2852,2852,4,0,5,2,0,0,0,1
1327649,1,2023,2023,1,4,2,348,17,12,232,0,1,1,-33.023562,149.881779,44,1,0,0,3,0,3,1,0,0,7,100,2,4552,5151,8,3,40,1,0,0,0,1
1327650,1,2023,2023,8,2,3,2126,17,60,2149,0,1,9,-33.767327,150.754335,55,0,2,1,3,0,0,0,1,2,7,80,2,14295,14295,3,0,5,2,0,0,0,1
1327651,2,2023,2023,1,2,11,109,27,204,105,0,1,1,-33.896709,150.94765,24,0,2,1,3,0,3,3,0,0,7,60,2,1109,787,1,5,5,2,0,0,1,0
1327652,2,2023,2023,1,0,5,334,17,316,308,0,1,2,-31.44754,152.879676,56,2,1,1,3,0,0,0,2,0,7,70,2,14295,14295,3,5,5,2,0,0,1,0
1327654,2,2023,2023,5,6,8,280,10,92,240,0,1,1,-33.878002,150.965916,24,0,2,1,3,0,0,0,3,0,7,60,2,1981,1981,4,0,5,2,0,0,1,0
1327655,2,2023,2023,1,3,9,133,31,646,97,0,1,10,-33.917649,151.02952,15,0,2,0,3,0,3,0,3,2,9,60,1,14295,14295,3,0,19,2,0,0,1,0
1327669,1,2023,2023,5,4,3,195,27,53,186,0,1,2,-33.920812,150.850789,41,0,2,1,3,0,0,0,2,0,7,70,2,14295,14295,3,10,0,2,0,0,0,1
1327670,2,2023,2023,5,0,8,100,27,127,100,0,1,2,-33.840681,150.853958,24,0,2,1,3,0,0,0,3,0,7,70,2,1391,1391,1,5,5,2,0,0,1,0
1327671,1,2023,2023,1,1,4,230,27,173,284,0,1,9,-33.794231,151.134459,61,0,2,1,3,0,0,0,2,2,7,70,2,5929,5929,1,5,0,2,0,0,0,1
1327679,4,2023,2023,6,3,11,2209,17,10,2205,0,1,2,-34.653646,150.854764,35,1,0,0,2,0,0,0,0,0,7,100,2,204,204,1,5,5,2,0,1,1,0
1327683,1,2023,2023,6,6,9,85,27,72,145,0,1,9,-33.799075,151.053967,54,0,2,1,3,0,0,0,0,0,0,70,2,623,623,3,30,5,2,0,0,0,1
1327684,1,2023,2023,1,0,7,478,17,118,480,0,1,1,-33.429127,151.290795,16,2,2,1,3,0,0,0,2,0,7,70,2,14295,14295,3,9,0,2,0,0,0,1
1327686,2,2023,2023,1,2,6,40,31,460,34609,0,1,9,-33.844302,151.002541,21,0,2,1,0,0,0,0,2,0,0,50,0,1109,787,1,5,5,2,0,0,1,0
1327687,2,2023,2023,8,0,5,4,27,123,34609,0,1,1,-33.796222,148.70471,51,1,0,1,3,0,0,0,2,0,7,100,0,9859,9859,8,5,40,1,0,0,1,0
1327688,2,2023,2023,1,2,7,2,31,176,34609,0,1,1,-33.952853,151.133357,4,0,2,1,3,0,3,4,2,0,7,50,0,4026,4026,1,5,0,2,0,0,1,0
1327690,1,2023,2023,1,0,4,17,1,646,11,0,1,9,-33.924399,151.034288,15,0,2,1,3,0,0,0,2,3,7,60,1,14295,14295,3,0,5,2,0,0,0,1
1327693,2,2023,2023,1,6,6,478,17,58,480,0,1,1,-33.434736,151.297079,16,2,2,0,3,0,0,0,2,0,7,60,2,782,957,5,5,40,1,0,0,1,0
1327695,1,2023,2023,5,5,7,17,31,460,92,0,1,1,-33.833895,150.992384,21,0,2,1,3,0,3,4,2,0,7,60,1,14295,14295,3,0,0,2,0,0,0,1
1327697,2,2023,2023,1,0,11,12,31,363,34609,0,1,9,-33.811711,151.020107,54,0,2,1,3,0,0,0,0,0,7,50,0,5929,5929,1,5,5,2,0,0,1,0
1327700,2,2023,2023,5,2,6,2261,17,112,2252,0,1,9,-33.914042,150.931161,41,0,2,0,3,0,0,0,2,0,7,70,2,2852,2852,4,5,0,2,0,0,1,1
1327703,2,2023,2023,3,1,6,2261,17,32,2252,0,1,2,-34.832771,148.987808,82,1,0,0,3,0,0,0,2,0,7,110,2,4552,5151,8,0,40,1,0,0,1,0
1327705,2,2023,2023,1,5,4,481,17,16,483,0,1,10,-35.649223,145.573118,51,2,1,1,3,0,0,0,2,0,0,50,2,6545,6545,4,0,12,2,0,0,1,0
1327708,2,2023,2023,5,1,5,15,10,132,34609,0,1,1,-34.088076,151.137845,68,0,2,0,1,0,0,3,2,0,7,80,0,4552,5151,8,5,40,1,0,0,1,0
1327709,4,2023,2023,6,0,6,33,27,100,49,0,1,9,-33.884467,150.893191,24,0,2,1,0,0,0,0,2,2,7,60,1,1282,1282,1,5,5,3,0,1,0,0
1327710,1,2023,2022,11,3,5,1,27,1,34609,0,1,1,-35.385158,144.644459,51,1,0,1,0,2,3,2,2,0,7,100,0,945,945,5,0,40,1,0,0,0,1
1327712,1,2023,2023,5,1,7,4,1,70,97,0,1,1,-33.913782,150.97756,15,0,2,1,3,0,0,0,2,0,7,50,1,186,186,1,30,0,2,0,0,0,1
1327713,1,2023,2023,5,0,7,44,31,157,34609,0,1,10,-33.801671,151.008353,54,0,2,1,3,0,0,0,2,0,15,50,0,6545,6545,4,33,0,2,0,0,0,1
1327714,4,2023,2023,5,0,7,13,27,346,34609,0,1,1,-33.872891,151.082024,67,0,2,0,3,0,0,0,2,0,7,50,0,1259,5151,8,5,40,1,0,1,0,0
1327716,1,2023,2023,5,2,7,8,31,136,34609,0,1,9,-33.922524,151.078626,15,0,2,1,3,0,0,0,2,0,0,50,0,14295,14295,3,9,5,2,0,0,0,1
1327717,4,2023,2023,3,4,8,15,27,13,91,0,1,1,-34.543586,149.394252,74,1,0,1,3,0,0,0,2,0,7,100,1,1945,1945,5,16,40,1,0,1,0,0
1327718,1,2023,2023,1,5,3,220,14,74,220,0,1,3,-34.434021,150.868302,80,0,2,1,3,0,0,0,1,0,7,90,2,14295,14295,3,5,12,2,0,0,0,1
1327720,1,2023,2023,6,1,9,1052,14,60,928,0,1,3,-33.433657,151.257173,16,1,2,1,0,0,0,0,0,0,7,110,2,14295,14295,3,30,0,3,0,0,0,1
1327723,1,2023,2023,5,5,8,6,10,463,6,0,1,1,-30.323508,153.090222,19,2,1,1,3,0,0,3,2,0,7,60,1,1669,1669,3,0,0,2,0,0,0,1
1327724,2,2023,2023,1,5,10,22,27,59,34609,0,1,1,-33.169151,151.392219,37,0,2,0,3,0,3,1,0,0,7,60,0,4552,5151,8,5,40,1,0,0,1,0
1327725,2,2023,2023,5,6,4,30,27,57,52,0,1,9,-33.903971,151.172805,32,0,2,1,3,0,0,0,2,0,7,60,1,5929,5929,1,5,19,2,0,0,1,0
1327726,1,2023,2023,5,3,10,5,1,363,34609,0,1,10,-33.746328,150.695233,55,0,2,1,2,0,0,0,0,0,15,50,0,1282,1282,1,5,40,2,0,0,0,1
1327728,4,2023,2023,5,6,6,205,27,147,415,0,1,2,-33.744487,151.150036,36,0,2,1,3,0,0,0,2,0,7,70,2,9859,9859,8,5,40,1,0,1,0,0
1327730,4,2023,2023,8,1,7,1,27,110,34609,0,1,9,-33.738931,151.053717,31,0,2,1,3,0,0,0,2,0,7,50,0,4026,4026,1,5,5,2,0,1,0,0
1327731,1,2023,2023,8,2,6,2126,17,78,2149,0,1,2,-33.700561,150.557939,8,2,2,0,3,0,0,0,2,0,7,80,2,1391,1391,1,0,5,4,0,0,0,1
1327733,4,2023,2023,1,6,6,41,27,85,9,0,1,7,-33.728138,151.129358,36,0,2,1,3,0,0,0,2,0,0,60,1,926,926,4,5,0,2,0,1,0,0
1327735,4,2023,2023,6,3,6,32,31,17,91,1,0,9,-33.909971,151.259109,59,0,2,1,3,0,0,0,2,0,0,50,1,1850,985,5,15,40,1,0,1,0,0
1327738,2,2023,2023,1,3,5,20,27,12,100,0,1,1,-33.635607,150.66738,29,2,2,1,3,0,0,3,2,0,7,80,2,3775,3775,0,30,36,2,0,0,1,0
1327748,1,2023,2023,1,6,5,46,27,219,34609,0,1,2,-32.889473,151.662827,48,0,2,1,3,0,0,0,2,0,7,60,0,14295,14295,3,30,0,3,0,0,0,1
1327752,1,2023,2023,1,2,6,1104,14,247,962,0,1,3,-33.813511,150.953004,21,0,2,1,3,0,3,0,2,0,7,90,2,1391,1391,1,5,0,2,0,0,0,1
1327753,2,2023,2023,5,6,5,67,27,210,55,0,1,9,-34.027822,151.106158,68,0,2,1,3,0,0,0,2,0,0,60,2,1391,1391,1,10,5,3,0,0,1,0
1327756,4,2023,2023,6,6,9,330,1,144,34609,0,1,1,-34.060928,151.010561,68,0,2,1,0,0,0,0,0,0,7,50,0,14295,14295,3,5,5,3,0,1,0,0
1327758,2,2023,2023,5,4,4,38,27,8,45,0,1,1,-35.083604,150.647438,63,2,1,0,1,0,0,0,2,0,7,60,1,3775,3775,0,10,5,4,0,0,1,0
1327759,1,2023,2022,10,0,3,15,27,6,91,0,1,1,-34.941018,149.243645,82,1,0,0,0,0,3,3,2,0,7,100,1,418,714,5,10,40,1,0,0,0,1
1327765,2,2023,2023,1,4,8,204,31,134,34609,0,1,10,-33.672274,150.860457,7,0,2,1,2,0,0,0,3,0,0,50,0,6545,6545,4,5,5,4,0,0,1,1
1327767,2,2023,2023,6,0,6,2,10,14,34609,1,0,7,-34.008667,150.824656,13,0,2,1,0,0,0,0,2,0,0,60,0,489,489,8,5,40,1,0,0,2,0
1327768,1,2023,2023,6,3,0,17,36,68,19,0,1,7,-34.843924,148.912802,82,2,1,1,2,0,0,0,0,0,0,50,1,1945,1945,5,5,40,1,0,0,0,1
1327774,2,2023,2023,1,5,7,39,31,131,34609,0,1,1,-36.081048,146.920786,0,2,1,1,1,0,0,0,2,0,7,50,0,144,144,1,0,5,2,0,0,1,0
1327775,1,2023,2023,5,5,10,34,27,225,69,0,1,9,-33.796184,151.171668,77,0,2,0,0,0,0,0,0,0,7,50,2,1220,1220,9,5,28,2,0,0,0,1
1327785,4,2023,2023,1,0,7,12,27,58,43,0,1,1,-28.566011,153.536244,10,2,1,0,0,0,0,0,2,0,7,80,1,1669,1669,3,5,0,2,0,1,0,0
1327788,4,2023,2023,6,3,6,361,7,28,34609,0,1,1,-34.012329,151.064887,68,0,2,0,1,0,0,0,2,0,7,50,0,4552,5151,8,16,40,1,0,1,0,0
1327794,1,2023,2023,5,6,8,1,31,105,34609,1,0,9,-32.720289,151.529476,42,2,1,1,1,0,0,0,2,0,7,50,0,418,777,5,10,40,1,0,0,0,3
1327795,1,2023,2023,5,0,8,150,27,173,415,0,1,2,-33.787438,151.126101,61,0,2,1,1,0,0,0,0,0,7,70,2,14295,14295,3,10,5,2,0,0,0,2
1327802,1,2023,2023,1,6,4,1,18,346,34609,0,1,7,-33.870992,151.094562,14,0,2,0,1,0,0,0,2,0,9,50,0,2040,2040,9,0,28,2,0,0,0,1
1327804,2,2023,2023,1,1,8,512,17,562,441,0,1,9,-32.254104,148.607508,22,2,1,1,1,0,0,0,3,0,0,60,2,14295,14295,3,5,13,3,0,0,2,0
1327807,2,2023,2023,1,4,7,1,27,1,34609,0,1,1,-32.319731,149.922128,44,1,0,0,0,0,0,0,2,0,7,100,0,782,957,5,29,40,1,0,0,1,0
1327809,4,2023,2023,5,4,5,2,31,176,34609,0,1,1,-33.961962,151.1388,4,0,2,1,0,0,0,0,2,0,7,50,0,9859,9859,1,5,0,4,0,1,1,0
1327812,1,2023,2023,1,4,5,84,27,61,415,0,1,2,-33.770664,151.135961,36,0,2,1,1,0,0,0,2,0,7,70,2,14295,14295,3,5,5,4,0,0,0,1
1327813,1,2023,2023,1,5,8,19,1,293,34609,1,0,9,-33.945336,151.233119,59,0,2,1,1,0,0,0,3,0,7,50,0,1945,1945,5,16,40,1,0,0,0,1
1327819,4,2023,2023,6,1,4,132,31,252,126,0,1,10,-33.891544,151.21272,69,0,2,1,1,0,0,0,2,3,9,50,2,1383,1383,1,0,5,4,0,1,0,0
1327820,2,2023,2023,5,3,7,28,1,126,34609,1,0,10,-33.911482,150.809561,41,0,2,1,0,0,0,0,2,0,0,60,0,5929,5929,1,10,0,2,0,0,1,0
1327821,4,2023,2023,5,2,9,1,7,179,34609,0,1,9,-31.887332,152.468502,43,2,1,1,0,0,0,0,3,0,7,60,0,121,121,9,10,28,2,0,1,0,0
1327826,1,2023,2023,8,6,8,8,31,134,34609,0,1,1,-33.893551,151.248477,76,0,2,1,0,0,0,0,0,0,7,50,0,941,941,1,0,18,2,0,0,0,1
1327828,1,2023,2023,7,2,4,71,31,55,34609,0,1,10,-33.880804,151.275055,76,0,2,1,1,0,0,0,2,0,0,50,0,6545,6545,4,10,0,2,0,0,0,1
1327833,1,2023,2023,6,0,5,2261,17,523,2252,0,1,10,-33.928701,150.917871,41,0,2,1,1,0,0,0,2,2,7,60,2,623,623,3,10,0,2,0,0,0,2
1327834,2,2023,2023,1,6,4,1104,11,532,770,0,1,6,-33.874003,151.201542,69,0,2,1,0,0,0,0,2,0,7,60,2,14295,14295,3,10,0,3,0,0,1,0
1327840,4,2023,2023,6,2,6,63,31,460,34609,0,1,1,-33.843376,150.983745,21,0,2,1,0,0,0,0,2,0,7,50,0,9859,9859,1,5,0,2,0,1,0,0
1327844,2,2023,2023,5,2,5,81,17,83,33,0,1,9,-34.447557,150.436932,78,2,1,1,1,0,0,0,2,2,7,50,1,5929,5929,1,0,13,2,0,0,1,1
1327852,1,2023,2023,6,6,8,2126,17,140,2149,0,1,2,-33.783419,150.831358,7,0,2,1,0,0,0,0,3,0,7,80,2,14295,14295,3,5,5,2,0,0,0,1
1327854,1,2023,2023,5,2,10,53,27,155,51,0,1,1,-33.495806,151.320129,16,2,2,1,2,0,0,0,0,0,7,60,1,9859,9859,1,10,3,2,0,0,0,1
1327855,2,2023,2023,5,1,6,2,27,1,34609,0,1,1,-30.938069,150.052856,51,1,0,0,0,0,2,6,2,0,7,100,0,418,714,5,29,40,1,0,0,1,0
1327857,1,2023,2023,1,3,0,92,31,83,34609,1,0,1,-30.111348,153.196843,19,2,1,1,2,0,0,0,0,0,9,50,0,945,945,5,5,40,1,0,0,0,1
1327862,2,2023,2023,1,6,10,1052,14,101,928,0,1,6,-32.89412,151.592074,37,0,2,0,2,0,0,0,0,0,7,110,2,1957,4009,8,34,40,1,0,0,1,0
1327865,4,2023,2023,5,4,4,35,27,155,34609,0,1,1,-33.488603,151.325915,16,2,2,1,1,0,0,0,2,0,7,60,0,9859,9859,8,5,40,1,0,1,0,0
1327866,1,2023,2023,1,0,4,19,31,131,12,0,1,10,-33.788475,151.182137,77,0,2,1,1,0,0,0,2,0,15,50,1,6545,6545,4,0,0,2,0,0,0,1
1327875,2,2023,2022,10,4,9,7,31,108,34609,0,1,1,-28.864452,153.562165,2,2,1,1,2,0,0,0,0,0,7,50,0,9859,9859,8,5,40,1,0,0,1,0
1327877,2,2023,2023,7,4,9,19,18,95,32,0,1,10,-34.396123,150.900868,80,0,2,1,2,0,3,0,3,2,7,60,1,1945,1945,5,15,40,1,0,0,1,0
1327878,4,2023,2023,6,1,7,2,31,63,34609,0,1,9,-33.249666,151.464403,16,2,2,1,1,0,0,0,2,0,7,50,0,2852,2852,4,0,19,2,0,1,0,0
1327879,1,2023,2023,1,5,2,55,27,96,160,0,1,9,-34.052668,150.83257,13,0,2,0,2,0,0,0,1,0,7,60,2,2040,2040,9,10,28,2,0,0,0,1
1327883,2,2023,2023,5,2,8,280,10,314,240,0,1,1,-33.856641,150.949622,24,0,2,1,2,0,0,0,0,0,7,60,2,1981,1981,4,0,20,2,0,0,1,0
1327889,1,2023,2023,6,5,4,251,14,139,124,0,1,3,-33.833191,151.211703,49,0,2,1,1,0,3,4,2,0,7,80,2,14295,14295,3,10,0,3,0,0,0,1
1327891,4,2023,2023,5,5,7,3,27,1,34609,0,1,1,-31.07911,152.687755,34,1,0,0,0,0,0,0,2,0,7,100,0,3775,3775,0,5,0,2,0,1,1,0
1327892,4,2023,2023,6,2,7,1,31,2,34609,0,1,1,-34.061709,151.126361,68,0,2,1,0,0,0,0,2,0,7,50,0,323,323,1,22,0,2,0,1,0,0
1327893,4,2023,2023,6,1,10,47,27,293,69,0,1,10,-33.942314,151.244349,59,0,2,1,2,0,0,0,0,0,0,50,1,2852,2852,4,5,19,2,0,1,0,0
1327894,4,2023,2023,5,4,11,8,31,11,13,0,1,1,-29.36413,153.287955,18,2,1,0,0,0,0,0,0,0,7,50,1,2585,4009,8,34,40,1,0,1,0,0
1327895,4,2023,2023,5,1,4,12,22,19,19,0,1,1,-33.211685,151.475698,16,1,2,1,0,0,0,0,2,0,7,100,2,14295,14295,3,0,5,2,0,1,0,0
1327898,4,2023,2023,5,3,7,92,23,71,34609,0,1,9,-33.268063,151.540182,16,2,2,0,0,0,0,0,2,0,0,50,0,5929,5929,1,5,0,2,0,2,0,0
1327900,2,2023,2023,6,5,11,35,27,100,34609,0,1,7,-33.896446,150.883889,24,0,2,1,2,0,0,0,0,0,0,60,0,6545,6545,4,0,5,2,0,0,1,0
1327902,1,2023,2023,6,4,4,4,31,225,34609,0,1,9,-33.795371,151.186119,77,0,2,1,1,0,0,0,2,0,0,40,0,387,387,1,22,0,2,0,0,0,1
1327904,1,2023,2023,1,2,3,91,27,119,187,0,1,10,-33.874951,151.155162,32,0,2,1,1,0,0,0,2,2,7,70,2,14295,14295,3,10,40,2,0,0,0,1
1327909,2,2023,2023,5,1,5,26,27,32,25,0,1,1,-31.942838,152.477541,43,2,1,0,0,0,0,0,2,0,7,70,1,3775,3775,0,5,0,2,0,0,2,0
1327911,1,2023,2023,5,6,3,29,31,201,34609,0,1,1,-33.989517,150.86733,13,0,2,1,0,0,0,0,2,0,7,60,0,5929,5929,1,5,19,2,0,0,0,1