Crash ID,Degree of crash - detailed,Reporting year,Year of crash,Month of crash,Day of week of crash,Two-hour intervals,Street of crash,Street type,Town,Route no.,School zone location,School zone active,Type of location,Latitude,Longitude,LGA,Urbanisation,Conurbation 1,Alignment,Street lighting,Road surface,Surface condition,Weather,Natural lighting,Signals operation,Other traffic control,Speed limit,Road classification,RUM - code,DCA - code,First impact type,Key TU type,Other TU type,No. of traffic units involved,No. killed,No. seriously injured,No. moderately injured,No. minor-other injured
1327913,1,2023,2023,1,4,4,3371,17,108,3342,0,1,2,-33.814647,151.177944,77,0,2,1,3,0,0,0,2,0,7,60,2,1383,1383,1,22,5,2,0,0,0,1
1327915,4,2023,2023,6,2,10,3,27,15,34609,0,1,1,-33.068377,151.380863,37,0,2,1,0,2,0,0,0,0,7,100,0,1945,1945,5,16,40,1,0,1,1,0
1327923,1,2023,2023,1,5,4,829,27,165,770,0,1,10,-33.851086,151.154494,14,0,2,1,1,0,3,0,2,2,7,60,2,1220,1220,9,5,28,2,0,0,0,1
1327924,4,2023,2023,5,1,5,2261,17,36,2252,0,1,2,-36.090019,146.924255,0,1,0,1,0,0,0,0,2,0,7,110,2,14295,14295,3,16,5,2,0,1,0,0
1327925,1,2023,2023,5,2,9,12,31,143,34609,0,1,1,-33.882704,151.101937,9,0,2,1,2,0,0,0,0,0,7,50,0,2040,2040,9,5,28,2,0,0,0,1
1327928,2,2023,2023,5,1,5,149,36,120,81,0,1,9,-32.180337,152.517055,43,2,1,0,1,0,0,0,2,0,2,50,2,515,515,1,21,27,2,0,0,1,0
1327930,4,2023,2023,5,0,7,193,27,31,94,0,1,9,-33.874058,151.025608,21,0,2,1,1,0,0,0,2,0,7,60,1,2852,2852,4,5,5,4,0,1,2,1
1327931,2,2023,2023,6,5,4,46,31,41,34609,0,1,10,-33.865117,150.979065,24,0,2,1,1,0,0,0,2,0,15,50,0,6545,6545,4,15,12,2,0,0,1,0
1327933,2,2023,2023,1,4,6,27,7,13,34609,0,1,10,-32.546995,151.141836,64,2,1,1,0,0,0,0,2,0,0,60,0,6545,6545,4,5,0,2,0,0,1,0
1327934,2,2023,2023,5,3,8,1104,14,283,962,0,1,3,-33.826832,151.006963,54,0,2,1,0,0,0,3,3,0,7,90,2,14295,14295,3,5,5,6,0,0,1,0
1327935,2,2023,2023,1,4,4,45,1,294,34609,0,1,1,-33.942988,150.924447,41,0,2,1,0,0,0,0,2,0,7,60,0,14295,14295,3,5,5,2,0,0,1,0
1327939,4,2023,2023,1,6,9,19,31,131,12,0,1,10,-33.788475,151.182137,77,0,2,1,1,0,0,0,2,0,15,50,1,6545,6545,4,5,27,2,0,1,0,0
1327943,2,2023,2023,6,4,9,6,31,204,34609,0,1,10,-33.900441,151.127142,32,0,2,0,1,0,0,0,3,0,15,50,0,6545,6545,4,10,5,2,0,0,1,0
1327945,2,2023,2023,8,6,9,10,27,6,11,0,1,1,-32.314472,149.589624,44,1,0,1,0,0,0,0,0,0,7,100,1,945,945,5,10,40,1,0,0,1,0
1327946,4,2023,2023,5,6,9,145,27,143,51,0,1,10,-33.697185,151.09817,31,0,2,1,2,0,0,0,0,2,7,50,2,1945,1945,5,15,40,1,0,1,0,0
1327950,2,2023,2023,8,3,6,37,27,46,41,0,1,7,-28.81885,153.28437,39,2,1,1,0,0,3,6,2,0,0,50,1,1945,1945,5,16,40,1,0,0,1,0
1327952,2,2023,2023,5,2,5,12,27,1,34609,0,1,1,-32.710017,152.071107,57,2,1,1,1,0,0,0,2,0,7,50,0,9859,9859,8,5,40,2,0,0,1,0
1327954,4,2023,2023,5,2,8,11,23,15,34609,0,1,1,-33.449339,151.323266,16,2,2,1,1,0,0,0,2,0,7,50,0,4026,4026,8,0,40,1,0,1,0,0
1327955,2,2023,2023,5,3,4,98,31,100,159,0,1,9,-33.957821,151.149003,4,0,2,1,0,0,3,0,2,0,0,60,2,1981,1981,4,15,0,3,0,0,1,0
1327956,2,2023,2023,1,6,4,169,31,4,42,0,1,1,-31.061444,152.810814,34,2,1,1,0,0,3,0,2,0,7,60,1,3775,3775,0,5,5,2,0,0,1,1
1327957,1,2023,2023,5,5,6,86,27,16,65,0,1,1,-30.04933,152.641605,18,2,1,0,0,2,3,4,2,0,7,60,1,782,957,5,10,40,1,0,0,0,1
1327959,2,2023,2023,5,2,5,478,17,70,480,0,1,2,-33.439834,151.355997,16,2,2,0,1,0,0,0,2,0,7,60,2,2585,4009,8,9,40,4,0,0,1,0
1327962,1,2023,2023,6,4,6,1104,14,323,962,0,1,3,-33.795033,150.843302,7,0,2,1,0,0,3,0,2,0,7,100,2,1192,1192,1,5,5,2,0,0,0,1
1327964,4,2023,2023,6,3,9,308,14,323,311,0,1,6,-33.800595,150.864664,7,0,2,0,2,0,0,0,0,0,7,100,2,14295,14295,3,29,5,2,0,1,1,0
1327966,4,2023,2023,5,5,6,3371,17,11,3342,0,1,2,-29.998308,153.162238,19,1,0,1,0,0,0,0,2,0,3,110,2,1109,787,1,0,5,2,0,2,0,0
1327970,4,2023,2023,5,5,9,4,27,10,34609,0,1,1,-33.108669,151.451456,37,0,2,1,0,0,0,0,0,0,7,80,0,368,368,9,5,28,3,0,1,0,0
1327972,4,2023,2023,1,1,7,204,31,28,82,1,2,2,-35.140878,147.35129,75,2,1,1,0,0,0,0,2,0,7,40,1,1220,1220,9,5,28,2,0,1,0,0
1327974,2,2023,2023,6,4,11,83,27,433,19,0,1,9,-33.286198,149.106644,52,2,1,1,2,0,0,0,0,2,7,50,2,4026,4026,8,5,40,1,0,0,1,0
1327978,4,2023,2023,1,3,5,11,31,198,34609,0,1,10,-33.908447,151.105866,15,0,2,1,0,0,0,0,2,0,15,50,0,1669,1669,3,5,27,2,0,1,0,0
1327979,4,2023,2023,1,3,6,133,10,25,121,0,1,1,-31.564792,152.840515,56,2,1,1,0,0,3,4,2,0,7,70,1,945,945,5,5,40,1,0,1,0,0
1327983,2,2023,2023,5,3,8,10,27,115,10,0,1,10,-33.880869,151.187883,69,0,2,1,2,0,0,0,2,2,7,40,1,1945,1945,5,22,40,1,0,0,1,0
1327986,1,2023,2023,1,2,8,3,31,49,34609,1,0,1,-33.713306,151.299994,50,0,2,1,1,0,0,3,3,0,7,50,0,1981,1981,4,33,27,2,0,0,0,1
1327987,4,2023,2023,5,1,0,82,31,83,34609,0,1,4,-33.910594,151.115526,15,0,2,0,2,0,0,0,0,0,7,50,0,1259,5151,1,5,5,3,0,1,0,0
1327989,4,2023,2023,5,2,6,3371,17,49,3342,0,1,10,-33.199432,151.522604,16,2,2,1,1,0,0,0,2,2,7,80,2,5929,5929,1,5,13,3,0,1,1,0
1327990,2,2023,2023,1,1,9,149,10,346,702,0,1,9,-33.875262,151.067092,67,0,2,1,2,0,0,0,3,2,7,80,2,14295,14295,3,5,0,2,0,0,1,0
1327991,4,2023,2023,5,6,9,330,27,31,102,0,1,9,-33.78113,151.277628,50,0,2,1,2,0,0,0,0,0,7,50,2,1669,1669,3,15,13,2,0,1,0,0
1327994,2,2023,2023,5,6,7,16,27,143,19,0,1,10,-33.703316,151.106228,31,0,2,1,0,0,0,0,2,2,9,50,1,1220,1220,9,10,28,2,0,0,1,0
1327995,2,2023,2023,1,6,8,5,27,1,34609,0,1,9,-32.650004,149.634431,44,1,0,0,0,0,0,0,2,0,0,100,0,3775,3775,0,30,7,3,0,0,1,1
1327997,2,2023,2023,5,3,9,485,31,169,769,0,1,10,-33.600735,150.75931,29,2,2,0,2,0,3,4,0,2,7,60,2,5929,5929,1,5,0,2,0,0,1,0
1327998,4,2023,2023,1,4,3,1104,14,223,962,0,1,3,-33.805329,150.915314,7,0,2,1,0,0,0,0,2,0,7,100,2,14295,14295,3,10,5,2,0,1,0,0
1328000,2,2023,2023,5,3,7,3371,17,51,3342,0,1,10,-33.262513,151.481578,16,2,2,1,3,0,0,0,2,2,7,70,2,14295,14295,3,5,5,2,0,0,1,0
1328005,2,2023,2023,5,1,8,20,27,36,34609,0,1,9,-34.056145,150.708104,12,0,2,1,2,0,0,0,3,0,0,50,0,1220,1220,9,5,28,2,0,0,1,0
1328009,2,2023,2023,1,4,8,8,31,194,148,1,0,10,-30.521699,151.652977,1,2,1,1,1,0,0,0,3,0,15,50,2,5929,5929,1,0,13,2,0,0,1,0
1328010,4,2023,2023,4,5,10,90,36,2,102,0,1,1,-34.300187,146.667272,51,1,0,1,0,0,0,0,3,0,7,100,2,9859,9859,8,5,40,1,0,1,0,0
1328012,1,2023,2023,6,4,2,15,27,6,91,0,1,1,-34.861488,149.246873,74,1,0,1,0,0,0,0,0,0,7,100,1,1089,1089,7,10,40,1,0,0,0,1
1328013,4,2023,2023,6,4,6,3,27,8,34609,0,1,1,-29.872435,152.892357,18,2,1,0,0,0,0,0,2,0,7,80,0,4552,5151,8,10,40,1,0,1,0,0
1328015,2,2023,2023,1,3,7,22,22,532,22,0,1,3,-33.860288,151.213719,69,0,2,1,2,0,0,0,2,0,7,80,2,14295,14295,3,15,0,2,0,0,1,0
1328017,2,2023,2023,8,3,10,8,27,16,34609,0,1,1,-33.275707,151.490151,16,2,2,0,2,0,0,0,0,0,7,50,0,4552,5151,1,5,0,3,0,0,1,0
1328019,2,2023,2023,6,3,0,8,18,175,34609,0,1,9,-33.783715,151.0684,54,0,2,1,0,0,0,0,0,0,7,50,0,4026,4026,1,30,5,2,0,0,1,0
1328022,4,2023,2023,6,5,8,3371,17,107,3342,0,1,7,-33.252158,151.489844,16,2,2,1,1,0,0,0,3,0,0,70,2,14295,14295,3,5,18,2,0,1,0,0
1328025,4,2023,2023,5,4,5,2209,17,77,2205,0,1,2,-33.927406,151.158373,32,0,2,1,1,0,0,0,2,0,7,60,2,3775,3775,0,9,5,2,0,1,1,0
1328028,2,2023,2023,5,3,7,1,27,9,34609,0,1,1,-32.879591,147.802867,53,1,0,0,0,2,0,3,2,0,7,100,0,418,714,5,10,40,1,0,0,1,0
1328030,4,2023,2023,5,6,7,3371,17,39,3342,0,1,3,-29.858345,153.053506,18,1,0,1,0,0,0,0,2,0,7,110,2,475,475,5,16,40,1,0,1,0,0
1328032,2,2023,2023,1,3,5,3371,17,23,3342,0,1,2,-32.044198,152.450603,43,1,0,0,0,0,3,4,2,0,7,110,2,1957,4009,8,0,40,1,0,0,1,0
1328036,1,2022,2022,10,5,5,192,10,57,114,0,1,1,-33.464023,151.370405,16,2,2,0,1,0,0,0,2,0,7,60,2,96,96,0,10,0,2,0,0,0,3
1328042,2,2023,2023,8,1,3,12,27,58,43,0,1,1,-28.561286,153.539941,10,2,1,1,3,0,0,6,2,0,7,60,1,4026,4026,8,0,40,1,0,0,1,0
1328045,2,2023,2023,8,5,6,213,17,132,213,0,1,7,-29.779781,151.119171,33,2,1,1,3,0,0,0,2,0,0,50,2,775,775,4,5,19,2,0,0,1,0
1328050,1,2023,2023,5,2,7,19,27,120,34609,0,1,9,-33.766297,150.878492,7,0,2,1,3,0,0,0,2,0,7,50,0,214,214,9,5,28,2,0,0,0,1
1328051,2,2023,2023,6,3,8,157,17,18,158,0,1,1,-33.617812,149.137981,51,1,0,0,0,0,0,0,3,0,7,100,2,1957,4009,8,30,40,1,0,0,1,0
1328054,2,2023,2023,5,4,6,39,31,193,145,0,1,10,-33.794978,151.071879,61,0,2,1,3,0,0,0,2,0,15,60,2,6545,6545,4,5,0,2,0,0,1,0
1328056,2,2023,2023,1,6,7,109,27,460,106,0,1,9,-33.831278,150.965075,21,0,2,1,1,0,0,0,2,0,0,60,1,1669,1669,3,5,5,4,0,0,1,0
1328058,2,2023,2023,1,0,4,6,27,4,34609,0,1,1,-35.993893,146.976125,0,2,1,1,3,0,0,1,2,0,7,80,0,3775,3775,0,0,0,2,0,0,2,0
1328064,1,2023,2023,1,4,10,49,27,111,62,0,1,10,-33.697339,150.887422,7,0,2,1,3,0,0,0,0,2,7,70,2,14295,14295,3,9,12,2,0,0,0,1
1328065,2,2023,2023,1,5,3,17,1,646,11,0,1,9,-33.924161,151.032723,15,0,2,1,3,0,0,0,2,3,7,60,1,404,404,8,5,40,1,0,0,1,0
1328067,1,2023,2023,1,1,5,2261,17,443,2252,0,1,10,-33.905894,151.040142,15,0,2,1,3,0,3,3,2,2,7,60,2,14295,14295,3,9,12,2,0,0,0,1
1328068,1,2023,2023,1,6,7,78,17,15,58,0,1,1,-35.155495,149.059964,82,1,0,1,0,0,0,0,2,0,7,100,2,1669,1669,3,8,5,3,0,0,0,1
1328069,1,2023,2023,5,0,6,79,10,15,231,0,1,2,-33.450192,151.32197,16,2,2,1,3,0,0,0,2,0,7,60,2,14295,14295,3,33,0,3,0,0,0,1
1328071,2,2023,2023,5,2,10,475,31,174,41,0,1,10,-33.896138,151.206696,69,0,2,1,3,0,0,0,0,2,7,50,1,6545,6545,4,30,5,2,0,0,1,0
1328080,1,2023,2023,5,0,6,3,31,161,34609,0,1,9,-33.889389,151.149175,32,0,2,1,3,0,0,0,2,0,7,50,0,14295,14295,3,33,5,2,0,0,0,1
1328082,2,2023,2023,5,2,3,60,27,147,69,1,0,10,-33.869646,151.122307,14,0,2,1,1,0,0,0,2,2,7,60,2,5929,5929,1,9,5,2,0,0,1,0
1328083,2,2023,2023,6,0,5,25,31,460,55,0,1,10,-33.826596,150.98297,21,0,2,1,0,0,0,0,2,0,7,50,1,2040,2040,9,0,28,2,0,0,1,0
1328084,2,2023,2023,1,2,9,485,27,187,769,0,1,10,-33.789107,150.99541,54,0,2,0,3,0,0,0,0,2,7,60,2,5929,5929,1,30,13,2,0,0,1,1
1328089,1,2023,2023,1,5,4,478,17,78,480,0,1,7,-33.422677,151.438909,16,2,2,1,3,0,3,0,2,0,0,60,1,14295,14295,3,5,5,2,0,0,0,1
1328092,1,2023,2023,6,6,4,177,31,174,208,0,1,7,-33.860496,150.927481,24,0,2,1,3,0,3,4,2,0,0,60,1,6545,6545,4,5,0,2,0,0,0,1
1328093,2,2023,2023,6,2,9,1,27,1,34609,0,1,1,-36.907313,149.159258,65,1,0,0,0,2,0,0,3,0,7,100,0,1957,4009,8,10,40,1,0,0,1,0
1328094,4,2023,2023,1,1,4,20,27,34,20,0,1,1,-35.060362,150.633511,63,2,1,0,3,0,3,4,2,0,7,80,1,4552,5151,8,5,40,1,0,1,0,0
1328099,2,2023,2023,1,0,5,485,27,24,769,0,1,2,-33.659232,150.875883,7,0,2,0,3,0,0,0,2,0,7,80,2,14295,14295,3,0,0,2,0,0,1,0
1328100,2,2023,2023,5,1,4,34,31,145,140,0,1,10,-33.926183,151.13115,15,0,2,1,1,0,0,0,2,2,7,50,1,1669,1669,3,9,5,2,0,0,1,0
1328102,1,2023,2023,5,1,3,60,27,101,262,0,1,2,-32.893162,151.605816,37,0,2,1,3,0,3,0,2,0,7,80,2,1383,1383,1,8,0,2,0,0,0,1
1328105,2,2023,2023,1,5,8,280,10,237,240,0,1,1,-33.863262,150.95379,24,0,2,1,0,0,0,0,3,0,7,60,2,9859,9859,8,16,40,1,0,0,1,0
1328106,1,2023,2023,8,4,9,2209,17,166,2205,0,1,1,-33.902483,151.179223,69,0,2,1,3,0,0,0,0,0,7,50,2,14295,14295,3,33,5,2,0,0,0,2
1328109,1,2023,2023,1,4,7,1,27,10,34609,0,1,11,-30.790704,152.929443,47,1,0,0,3,2,0,0,2,0,7,100,0,1957,4009,8,0,40,1,0,0,0,2
1328110,2,2023,2023,8,6,4,44,31,82,605,0,1,6,-33.788413,151.265775,50,0,2,1,3,0,0,0,2,0,7,60,2,1282,1282,1,5,19,2,0,0,1,0
1328111,2,2023,2023,1,4,2,35,27,62,96,0,1,10,-33.890753,151.146388,32,0,2,1,3,0,0,0,0,0,15,50,2,945,945,5,30,40,1,0,0,1,0
1328113,2,2023,2023,1,4,3,224,31,150,34609,0,1,1,-33.92974,151.232274,59,0,2,1,3,0,0,0,2,0,7,50,0,14295,14295,3,16,0,2,0,0,1,0
1328121,1,2023,2023,1,0,1,344,27,168,382,0,1,9,-33.703732,150.836962,7,0,2,1,3,0,0,0,0,0,2,80,2,623,623,3,8,0,2,0,0,0,1
1328127,2,2023,2023,5,5,4,20,27,9,20,0,1,1,-35.017775,150.608571,63,1,0,1,3,0,0,0,2,0,7,90,1,1089,1089,7,0,40,1,0,0,1,0
1328128,2,2023,2023,5,3,9,2209,17,77,2205,0,1,2,-33.921337,151.165219,32,0,2,1,3,0,0,0,4,2,7,60,2,5929,5929,1,5,5,2,0,0,1,0
1328131,2,2023,2023,8,0,9,158,27,138,207,0,1,9,-33.872497,151.259823,81,0,2,1,3,0,0,0,0,2,7,60,2,14295,14295,3,5,0,2,0,0,1,0
1328132,4,2023,2023,1,4,8,54,27,20,563,0,1,9,-34.028867,151.006283,68,0,2,1,3,0,0,0,3,2,7,80,2,2852,2852,4,5,5,2,0,1,0,0
1328133,1,2023,2023,1,2,11,69,31,646,563,0,1,9,-33.916466,151.041252,15,0,2,1,3,0,0,0,0,2,7,60,2,5929,5929,1,0,5,2,0,0,0,1
1328137,2,2023,2023,1,1,9,72,27,278,56,0,1,9,-33.787683,151.061677,54,0,2,0,3,0,3,4,0,0,7,60,2,217,217,1,5,5,3,0,0,1,0
1328138,2,2023,2023,6,0,6,2,4,39,34609,0,1,1,-33.7711,150.744789,55,0,2,1,3,0,0,0,2,0,7,50,0,9859,9859,1,5,5,2,0,0,1,0
1328141,1,2023,2023,5,0,7,134,10,104,133,0,1,2,-33.833025,151.018799,54,0,2,1,3,0,0,0,2,0,7,60,2,14295,14295,3,10,0,2,0,0,0,1
1328145,1,2023,2023,1,3,3,149,10,136,702,0,1,2,-33.867569,151.06441,67,0,2,0,3,0,0,0,1,0,7,80,2,14295,14295,3,30,5,2,0,0,0,1
1328152,1,2023,2023,1,5,5,251,27,64,212,0,1,9,-33.759843,151.218754,50,0,2,0,3,0,0,0,2,0,7,70,2,5929,5929,1,10,5,2,0,0,0,1
1328156,1,2023,2023,1,4,8,8,27,323,20,0,1,7,-33.761366,151.004027,71,0,2,1,3,0,0,0,3,0,0,60,1,14295,14295,3,5,5,2,0,0,0,1
1328159,2,2023,2023,6,5,6,32,27,134,34609,0,1,10,-33.965654,150.810087,12,0,2,1,3,0,0,0,2,0,15,70,0,6545,6545,4,0,5,2,0,0,1,0
1328161,2,2023,2023,1,6,6,11,31,19,34609,0,1,10,-35.854992,150.174655,23,2,1,1,3,0,0,0,2,0,0,50,0,301,301,4,0,12,2,0,0,1,0
1328170,2,2023,2023,5,6,8,133,31,646,97,0,1,9,-33.917055,151.020325,15,0,2,1,3,0,3,0,0,0,15,60,1,9859,9859,8,0,40,1,0,0,1,0
1328171,1,2023,2023,1,4,4,478,17,18,480,0,1,9,-33.224795,151.535957,16,2,2,0,3,0,0,0,2,0,15,60,2,14295,14295,3,5,13,2,0,0,0,1
1328173,1,2023,2023,6,0,0,361,31,445,59,0,1,9,-33.865329,151.05646,21,0,2,0,3,0,0,0,0,2,7,60,1,623,623,3,5,5,2,0,0,0,1
1328175,2,2023,2023,1,1,7,5,31,204,34609,1,2,1,-33.88313,151.124614,32,0,2,1,3,0,0,3,2,0,7,40,0,941,941,1,5,12,3,0,0,1,0
1328178,4,2023,2023,1,2,6,387,27,290,331,0,1,9,-33.957157,151.11806,4,0,2,0,1,0,0,0,2,0,7,60,2,6545,6545,4,5,5,2,0,1,0,0
1328180,2,2023,2023,1,5,5,4,27,6,34609,0,1,1,-32.398664,149.636017,44,1,0,0,3,0,3,0,2,0,7,100,0,782,957,5,5,40,1,0,0,1,0
1328181,1,2023,2022,1,4,3,1,27,36,34609,0,1,1,-34.359829,149.447402,74,1,0,0,3,2,0,0,2,0,7,100,0,4552,5151,8,0,40,1,0,0,0,1
1328182,1,2023,2023,5,6,4,2126,17,44,2149,0,1,2,-33.797429,150.894918,7,0,2,1,1,0,0,0,2,0,7,80,2,14295,14295,3,5,5,2,0,0,0,1
1328183,1,2023,2023,8,1,4,59,27,271,42,0,1,9,-33.948671,151.017466,15,0,2,1,3,0,0,0,2,2,7,60,1,2852,2852,4,0,0,2,0,0,0,1
1328184,1,2023,2023,1,5,8,133,27,46,260,0,1,2,-32.917148,151.65853,48,0,2,0,3,0,0,0,3,0,7,70,2,4552,5151,1,0,5,2,0,0,0,1
1328185,1,2023,2023,5,5,4,4,10,22,34609,0,1,2,-34.06398,150.806359,13,0,2,1,3,0,0,0,2,0,7,50,0,1383,1383,1,5,12,2,0,0,0,1
1328186,1,2023,2023,1,4,3,21,14,246,21,0,1,3,-33.919609,151.183197,69,0,2,1,3,0,0,0,2,0,7,60,2,14295,14295,3,29,5,2,0,0,0,1
1328190,1,2023,2023,5,0,5,7,23,24,34609,0,1,9,-33.710189,151.105193,31,0,2,1,3,0,0,0,2,2,7,50,0,2852,2852,4,9,0,2,0,0,0,1
1328192,2,2023,2023,1,0,5,30,31,85,35,0,1,7,-34.575581,150.776311,62,0,2,1,3,0,0,0,2,0,0,60,1,14295,14295,3,10,0,2,0,0,1,0
1328194,1,2023,2023,6,3,6,103,27,62,256,0,1,9,-34.094779,150.804847,13,0,2,1,3,0,0,0,2,1,7,80,2,14295,14295,3,5,5,2,0,0,0,1
1328196,1,2023,2023,1,3,3,2209,17,88,2205,0,1,2,-34.003071,151.113293,25,0,2,1,3,0,3,0,2,0,7,70,2,14295,14295,3,0,5,2,0,0,0,1
1328197,1,2023,2023,8,1,11,193,27,228,34609,0,1,1,-34.762099,149.734382,26,2,1,1,3,0,0,0,0,0,9,50,0,1391,1391,1,5,40,2,0,0,0,1
1328202,1,2023,2023,5,2,7,293,31,532,55,0,1,1,-33.86085,151.213203,69,0,2,1,3,0,0,0,2,0,7,40,1,144,144,1,9,0,2,0,0,0,1
1328208,2,2023,2023,0,1,8,866,17,112,793,0,1,9,-33.910294,150.918974,41,0,2,1,1,0,0,0,2,2,7,70,2,1669,1669,3,5,0,2,0,0,1,0
1328209,4,2023,2023,0,3,1,21,27,12,61,0,1,10,-34.055575,146.099878,51,1,0,1,0,0,0,0,0,0,0,100,1,1945,1945,5,10,40,1,0,1,0,0
1328210,4,2023,2023,0,4,8,866,17,71,793,0,1,9,-33.835769,150.958659,21,0,2,1,2,0,0,0,0,2,6,70,2,5929,5929,1,0,0,2,0,1,0,0
1328212,2,2023,2023,0,2,4,83,27,4,34609,0,1,1,-28.671756,153.576681,10,2,1,0,0,0,3,4,2,0,7,80,0,3775,3775,0,5,5,2,0,0,1,1
1328213,2,2023,2023,0,6,2,2209,17,32,2205,0,1,1,-35.430305,150.411321,63,2,1,0,2,0,0,0,0,0,7,70,2,3775,3775,0,10,0,2,0,0,1,0
1328214,2,2023,2023,8,1,11,99,31,237,105,0,1,10,-33.866691,150.949306,24,0,2,1,2,0,0,0,0,2,7,60,1,515,515,1,33,0,2,0,0,1,0
1328215,4,2023,2023,0,4,4,102,27,26,34609,0,1,1,-34.573146,150.845226,62,0,2,1,1,0,3,4,2,0,7,60,0,3775,3775,0,5,5,4,0,1,1,0
1328216,2,2023,2023,8,5,5,34,31,433,34609,0,1,7,-33.276608,149.105102,52,2,1,1,1,0,0,0,2,0,0,50,0,1850,985,5,16,40,1,0,0,1,0
1328217,4,2023,2023,0,5,10,2209,17,166,2205,0,1,9,-33.904128,151.180188,69,0,2,1,2,0,0,0,0,2,9,40,2,2040,2040,9,16,28,2,0,1,1,0
1328218,1,2023,2023,8,2,9,16,31,137,34609,0,1,1,-32.961645,151.687056,37,0,2,1,2,0,0,0,0,0,7,50,0,9859,9859,1,0,12,2,0,0,0,2
1328221,4,2023,2023,8,5,10,481,17,15,483,0,1,1,-34.409558,146.882431,51,1,0,0,0,0,0,0,0,0,7,110,2,782,957,5,5,40,1,0,1,0,0
1328222,4,2023,2023,8,2,7,36,27,23,39,0,1,1,-32.375436,149.214315,44,1,0,0,1,0,0,0,2,0,7,100,2,2585,4009,8,16,40,2,0,1,1,0
1328223,2,2023,2023,0,6,8,2261,17,112,2252,0,1,2,-33.912964,150.934112,41,0,2,1,0,0,0,0,2,0,7,70,2,14295,14295,3,33,5,5,0,0,1,0
1328224,2,2023,2023,8,0,7,1,27,3,34609,0,1,9,-33.031467,147.95981,53,2,1,0,0,2,0,0,2,0,7,80,0,2585,4009,8,10,40,1,0,0,1,0
1328226,4,2023,2023,0,3,6,2,7,63,34609,0,1,1,-33.735288,150.801304,7,0,2,1,0,0,0,0,2,0,7,50,0,323,323,1,16,13,2,0,1,0,0
1328228,4,2023,2023,8,4,6,145,31,36,38,0,1,4,-33.572827,148.665628,11,2,1,0,0,0,0,0,2,0,7,50,2,3775,3775,0,5,35,2,0,1,0,0
1328229,4,2023,2023,8,2,7,38,27,32,35,0,1,1,-34.607621,150.788233,35,2,1,0,0,0,0,0,2,0,7,80,1,1957,4009,8,16,40,1,0,1,0,0
1328233,4,2023,2023,8,5,0,171,23,99,34609,0,1,2,-33.89033,151.275232,76,0,2,1,2,0,0,0,0,0,7,40,0,1945,1945,5,17,40,1,0,1,0,0
1328234,4,2023,2023,6,0,9,37,31,80,19,0,1,10,-33.881426,151.170684,32,0,2,1,2,0,0,0,0,2,7,50,2,5929,5929,1,5,18,2,0,1,0,0
1328238,4,2023,2023,6,0,2,283,27,197,702,1,0,9,-33.94941,151.080924,25,0,2,1,2,0,0,0,1,2,7,60,2,2040,2040,9,0,28,2,0,1,0,0
1328239,4,2023,2023,8,1,8,4,27,29,34609,0,1,9,-33.918076,150.889696,41,0,2,1,1,0,0,0,2,0,7,50,0,2852,2852,4,9,19,3,0,1,0,0
1328240,4,2023,2023,6,2,2,101,10,11,34609,0,1,1,-33.725958,150.798137,7,0,2,0,2,0,0,0,1,0,7,50,0,2585,4009,8,0,40,1,0,4,0,0
1328241,4,2023,2023,8,2,7,251,14,79,124,0,1,3,-33.82705,151.214212,49,0,2,0,1,0,0,0,2,0,7,80,2,404,404,8,0,40,1,0,1,0,0
1328242,2,2023,2023,6,1,7,344,27,89,382,0,1,1,-33.643954,150.788224,55,0,2,1,0,0,0,0,2,0,7,80,2,14295,14295,3,30,0,3,0,0,3,0
1328244,2,2023,2023,8,0,8,348,27,21,100,0,1,9,-33.609492,150.717603,29,2,2,1,0,0,0,0,2,0,15,60,2,2852,2852,4,5,19,2,0,0,1,0
1328250,4,2023,2023,6,0,7,251,27,115,212,0,1,10,-33.752636,151.234486,50,0,2,1,2,0,0,0,2,2,7,70,2,6545,6545,4,5,0,2,0,2,2,0
1328251,4,2023,2023,6,1,9,36,36,80,139,0,1,1,-34.581341,146.41543,51,2,1,1,2,0,0,0,3,0,7,80,2,9859,9859,8,5,40,1,0,2,0,0
1328252,2,2023,2023,6,6,4,193,31,532,75,0,1,10,-33.873293,151.209788,69,0,2,1,1,0,3,4,2,2,7,40,1,14295,14295,3,5,0,2,0,0,1,0
1328253,4,2023,2023,6,1,8,2126,17,33,2149,0,1,9,-33.724155,150.422254,8,2,2,0,2,0,0,0,3,0,0,70,2,2852,2852,4,0,36,2,0,1,0,1
1328255,4,2023,2023,6,1,3,515,14,243,518,0,1,3,-33.93796,150.906836,41,0,2,0,2,0,0,0,0,0,7,100,2,1383,1383,1,5,35,3,0,1,0,0
1328256,4,2023,2023,8,2,9,147,27,224,605,0,1,10,-33.824933,151.23435,45,0,2,1,2,0,0,0,0,0,15,60,2,5929,5929,1,15,5,2,0,1,0,0
1328258,2,2023,2023,8,3,10,103,27,14,167,0,1,1,-33.981482,151.136748,25,0,2,1,2,0,0,0,0,0,7,60,2,14295,14295,3,16,5,2,0,0,1,0
1328260,4,2023,2023,6,0,7,19,27,112,34609,0,1,9,-33.672415,151.043116,31,0,2,1,0,0,0,0,2,0,7,50,0,2585,777,8,21,40,1,0,1,0,0
1328261,4,2023,2023,6,6,5,149,36,10,113,0,1,1,-32.384165,152.396958,43,1,0,0,0,0,0,0,2,0,7,100,1,2585,4009,8,10,40,1,0,1,1,1