Crash ID,Degree of crash - detailed,Reporting year,Year of crash,Month of crash,Day of week of crash,Two-hour intervals,Street of crash,Street type,Town,Route no.,School zone location,School zone active,Type of location,Latitude,Longitude,LGA,Urbanisation,Conurbation 1,Alignment,Street lighting,Road surface,Surface condition,Weather,Natural lighting,Signals operation,Other traffic control,Speed limit,Road classification,RUM - code,DCA - code,First impact type,Key TU type,Other TU type,No. of traffic units involved,No. killed,No. seriously injured,No. moderately injured,No. minor-other injured
1328262,2,2023,2023,6,2,4,512,17,9,441,0,1,1,-33.380281,149.196164,52,1,0,1,0,0,0,0,2,0,7,100,2,9859,9859,8,5,40,1,0,0,1,0
1328264,2,2023,2023,6,3,6,6,36,7,11,0,1,1,-34.717754,150.059599,26,1,0,0,0,0,0,0,2,0,7,100,1,3775,3775,0,0,12,2,0,0,5,0
1328268,4,2023,2023,0,3,6,149,27,144,198,0,1,6,-34.0793,151.010343,68,0,2,0,1,0,0,0,2,2,9,50,2,591,591,1,22,0,2,0,1,0,0
1328269,4,2023,2023,6,5,4,6,27,13,48,0,1,9,-32.725674,151.588577,42,2,1,1,0,0,0,0,2,0,0,80,1,2852,2852,4,5,5,2,0,1,0,0
1328270,1,2023,2023,6,1,4,361,32,290,42,0,1,2,-33.854313,150.984794,21,0,2,1,0,0,0,0,2,0,9,40,1,2040,2040,9,33,28,2,0,0,0,1
1328271,2,2023,2023,5,6,7,58,27,81,34609,0,1,1,-33.880477,151.248891,81,0,2,0,1,0,0,0,2,0,7,50,0,1109,397,1,0,5,3,0,0,1,0
1328273,2,2023,2023,5,5,3,14,31,232,34609,0,1,1,-33.671375,150.879776,7,0,2,1,0,0,3,4,1,0,7,60,0,3775,3775,0,5,5,2,0,0,1,0
1328277,4,2023,2023,5,5,9,2126,17,78,2149,0,1,10,-33.700714,150.558734,8,2,2,0,2,0,0,0,0,2,7,80,2,926,926,4,10,0,2,0,1,0,0
1328280,4,2023,2023,5,4,5,11,10,179,34609,0,1,9,-31.893736,152.469878,43,2,1,1,0,0,0,0,2,0,7,50,0,323,323,1,16,5,2,0,1,1,0
1328281,4,2023,2023,6,4,11,16,27,88,20,0,1,1,-33.749088,150.853043,7,0,2,1,2,0,0,0,0,0,7,60,1,1109,787,1,0,5,2,0,1,1,0
1328284,2,2023,2023,6,0,7,6,1,119,34609,0,1,1,-32.763231,151.740526,57,2,1,1,1,0,0,0,2,0,7,50,0,9859,9859,1,5,5,2,0,0,1,0
1328286,4,2023,2023,5,3,9,2,1,55,34609,0,1,9,-33.930303,150.905862,41,0,2,1,0,0,0,0,0,0,7,50,0,214,214,9,33,28,2,0,1,0,0
1328287,4,2023,2023,8,5,9,100,31,157,769,0,1,10,-33.803199,151.003199,54,0,2,0,2,0,0,0,0,2,7,60,2,3775,3775,0,5,5,2,0,2,0,0
1328290,4,2023,2023,8,6,10,35,27,155,231,0,1,10,-33.493475,151.327717,16,2,2,1,2,0,0,0,0,0,0,60,2,121,121,9,5,28,2,0,1,0,0
1328291,4,2023,2023,5,0,3,8,27,3,34609,0,1,1,-34.894784,150.533299,63,1,0,0,0,0,0,0,1,0,7,100,0,3775,3775,0,21,10,2,0,1,0,0
1328292,4,2023,2023,5,3,5,117,27,78,144,0,1,9,-33.862938,151.093651,14,0,2,1,1,0,0,0,2,2,7,60,2,14295,14295,3,16,5,2,0,1,0,0
1328296,2,2023,2023,5,4,8,232,36,40,331,0,1,2,-34.019671,150.761502,12,0,2,1,0,0,0,0,2,0,9,80,2,14295,14295,3,5,5,2,0,0,2,0
1328297,4,2023,2023,5,4,8,68,31,69,23,0,1,9,-28.555202,153.510553,10,2,1,1,2,0,0,0,3,0,0,50,1,14295,14295,3,30,0,3,0,1,0,2
1328299,4,2023,2023,8,3,7,10,27,3,24,0,1,9,-28.820674,153.463089,2,2,1,1,0,0,3,3,2,0,15,80,1,14295,14295,3,34,0,2,0,1,1,0
1328300,4,2023,2023,6,0,10,11,27,71,34609,0,1,9,-33.96852,151.078346,25,0,2,1,2,0,0,0,0,0,9,40,0,926,926,4,5,18,2,0,1,0,0
1328301,2,2023,2023,5,0,5,42,10,25,39,0,1,2,-34.486589,150.861272,80,0,2,0,1,0,0,0,2,0,7,70,1,2585,4009,8,10,40,1,0,0,1,0
1328303,2,2023,2023,6,4,9,1,27,10,34609,0,1,1,-33.832074,149.32789,3,1,0,1,0,2,3,4,3,0,7,100,0,4026,4026,8,29,40,1,0,0,1,0
1328304,4,2023,2023,5,6,6,2,27,2,34609,0,1,1,-28.733289,153.258729,39,2,1,0,0,0,0,0,2,0,7,80,0,4552,5151,8,5,40,1,0,1,0,0
1328305,1,2023,2023,5,0,8,14,31,136,34609,0,1,1,-33.915277,151.071321,15,0,2,1,1,0,0,0,2,0,7,50,0,591,591,1,22,5,2,0,0,0,1
1328306,4,2023,2023,0,0,7,1,27,224,34609,0,1,1,-33.825228,151.243551,45,0,2,1,1,0,0,0,2,0,7,50,0,368,368,9,5,28,2,0,1,0,1
1328307,4,2023,2023,5,2,9,5,27,1,34609,0,1,1,-30.4231,151.563571,1,1,0,1,0,0,0,0,0,0,7,100,0,14295,14295,3,10,13,2,0,1,1,0
1328309,4,2023,2023,5,2,7,1,27,126,34609,0,1,1,-33.913755,150.825291,41,0,2,1,1,0,0,0,2,0,7,50,0,4026,4026,1,16,5,2,0,1,0,0
1328310,2,2023,2023,5,6,3,17,27,7,39,0,1,9,-31.393438,150.312139,51,1,0,1,0,0,0,0,1,0,7,100,1,515,515,1,3,36,2,0,0,1,0
1328312,2,2023,2023,6,2,7,22,31,13,34609,0,1,10,-31.645987,152.798128,56,2,1,1,1,0,0,0,2,0,0,50,0,926,926,4,10,0,2,0,0,1,1
1328314,4,2023,2023,5,0,11,63,27,224,605,0,1,1,-33.823889,151.241744,45,0,2,1,2,0,0,0,0,0,7,60,2,2040,2040,9,5,28,2,0,1,0,0
1328318,4,2023,2023,6,1,4,229,14,100,237,0,1,3,-33.801548,151.145081,77,0,2,1,0,0,0,0,2,0,7,80,2,14295,14295,3,8,5,7,0,1,3,1
1328321,2,2023,2023,6,4,5,500,27,136,799,0,1,9,-33.927424,151.080101,15,0,2,1,0,0,0,0,2,0,7,60,2,3775,3775,0,5,0,5,0,0,1,0
1328323,2,2023,2023,0,3,10,7,31,85,34609,0,1,10,-32.941555,151.723155,48,0,2,1,2,0,0,0,3,0,0,50,0,2040,2040,9,5,28,2,0,0,1,0
1328324,4,2023,2023,1,0,8,11,10,562,34609,0,1,1,-32.241864,148.633981,22,2,1,1,0,0,0,0,2,0,7,50,0,9859,9859,8,16,40,1,0,1,0,0
1328325,1,2023,2023,6,2,8,1,27,62,31,0,1,1,-33.758356,151.266262,50,0,2,1,2,0,0,0,0,0,7,50,1,1669,1669,3,5,27,2,0,0,0,1
1328327,2,2023,2023,5,3,7,13,27,24,12,0,1,1,-29.788926,153.180678,18,1,0,1,0,0,0,0,2,0,7,100,1,4026,4026,8,5,40,1,0,0,1,0
1328329,4,2023,2023,5,4,0,10,27,11,115,0,1,1,-33.761768,151.173072,36,0,2,0,2,0,0,0,0,0,7,60,1,4552,5151,8,10,40,2,0,1,0,0
1328336,2,2023,2023,5,5,7,123,36,3,49,0,1,1,-30.304571,151.205888,51,1,0,1,0,0,0,0,2,0,7,100,1,57,57,1,5,10,2,0,0,1,0
1328338,1,2023,2023,1,4,10,91,27,119,187,0,1,2,-33.874087,151.165729,32,0,2,0,2,0,0,0,0,0,7,70,2,14295,14295,3,0,5,2,0,0,0,1
1328340,2,2023,2023,1,1,5,4,31,64,34609,0,1,1,-34.043197,150.737011,12,0,2,1,1,0,0,0,2,0,9,50,0,312,312,2,21,40,1,0,0,1,0
1328342,4,2023,2023,1,2,10,5,27,53,34609,0,1,1,-32.201233,148.258691,51,1,0,1,0,0,0,0,0,0,7,100,0,4026,4026,8,34,40,1,0,1,1,0
1328346,1,2023,2023,6,4,4,4,31,69,34609,0,1,9,-33.779526,150.995502,54,0,2,1,1,0,0,0,2,0,7,50,0,83,83,1,0,5,2,0,0,0,1
1328347,2,2023,2023,1,0,9,39,31,290,34609,0,1,1,-33.858165,150.999933,21,0,2,1,2,0,0,0,0,0,7,50,0,4026,4026,8,5,40,1,0,0,1,0
1328348,4,2023,2023,1,4,8,7,27,290,34609,0,1,7,-33.858228,150.992497,21,0,2,1,1,0,0,0,2,0,0,50,0,6545,6545,4,17,5,2,0,1,0,0
1328349,4,2023,2023,1,6,4,28,27,4,62,0,1,1,-36.71571,149.880816,5,2,1,1,0,0,0,0,2,0,7,80,1,14295,14295,3,16,13,2,0,1,0,0
1328350,1,2023,2023,5,6,9,65,27,92,34609,0,1,2,-33.725011,150.941105,71,0,2,1,2,0,0,0,0,0,7,60,0,14295,14295,3,0,0,3,0,0,0,2
1328354,2,2023,2023,5,1,8,3371,17,85,3342,0,1,2,-33.733009,151.126622,36,0,2,0,1,0,0,0,2,0,7,60,2,238,238,9,5,28,2,0,0,1,0
1328355,2,2023,2023,5,3,6,1,27,3,34609,0,1,1,-29.658802,152.952054,18,1,0,1,0,0,0,0,2,0,7,100,0,1089,1089,7,16,40,1,0,0,1,0
1328358,4,2023,2023,5,4,6,103,27,34,98,0,1,1,-32.88199,150.775285,64,1,0,0,0,0,0,0,2,0,7,100,2,4552,5151,8,16,40,1,0,1,0,0
1328359,2,2023,2023,6,5,8,78,31,111,62,0,1,2,-33.706119,150.844687,7,0,2,1,0,0,0,0,2,0,7,70,2,9859,9859,8,10,40,1,0,0,1,0
1328364,4,2023,2023,5,4,10,109,27,460,2,0,1,1,-33.837159,150.993158,21,0,2,1,2,0,0,0,0,0,7,50,1,1109,787,1,5,5,3,0,2,0,0
1328368,4,2023,2023,1,5,4,6,31,562,34609,0,1,10,-32.247108,148.58837,22,2,1,1,1,0,0,0,2,0,15,50,0,6545,6545,4,5,41,2,0,2,1,0
1328372,1,2023,2023,8,2,9,1104,14,142,962,0,1,3,-33.827818,150.999631,54,0,2,1,2,0,0,0,0,0,7,90,2,14295,14295,3,30,25,3,0,0,0,1
1328375,1,2023,2023,5,3,5,2261,17,10,2252,0,1,9,-34.822257,149.401383,74,1,0,0,0,0,0,0,2,0,7,110,2,1259,5151,8,5,40,1,0,0,0,1
1328378,2,2023,2023,6,6,4,5,2,251,34609,0,1,10,-33.784343,150.938187,7,0,2,1,1,0,0,0,2,0,15,50,0,591,591,1,22,0,2,0,0,1,0
1328381,2,2023,2023,1,3,7,500,27,41,799,0,1,10,-33.904703,151.128568,32,0,2,1,3,0,0,0,2,3,7,60,2,256,256,4,5,12,2,0,0,1,0
1328383,1,2023,2023,5,3,5,2,34,2,34609,0,1,1,-30.242675,152.828665,6,2,1,0,0,2,0,0,2,0,7,40,0,1957,4009,8,16,40,1,0,0,0,1
1328385,4,2023,2023,6,3,5,65,10,132,148,0,1,1,-34.121695,151.078974,68,0,2,0,0,0,3,0,2,0,7,60,2,4552,5151,8,16,40,1,0,1,0,0
1328388,2,2023,2023,5,1,11,15,27,3,34609,0,1,1,-29.857186,150.887798,33,1,0,0,0,0,0,0,0,0,7,100,0,4552,5151,8,10,40,1,0,0,1,0
1328391,4,2023,2023,1,0,9,135,17,2,136,0,1,1,-35.78766,146.212172,51,1,0,1,0,0,0,0,0,0,7,100,2,945,945,5,8,40,1,0,1,0,0
1328392,2,2023,2023,1,1,7,2,1,58,34609,0,1,9,-33.755921,151.154968,36,0,2,1,0,0,3,4,2,0,9,50,0,1220,1220,9,5,28,2,0,0,1,0
1328393,2,2023,2023,1,4,5,3,27,29,34609,0,1,1,-35.319345,150.430952,63,2,1,1,0,0,0,0,2,0,7,50,0,2040,2040,9,10,28,2,0,0,1,0
1328399,2,2023,2023,5,1,9,177,31,89,34609,0,1,1,-33.856108,150.893591,24,0,2,1,2,0,0,0,0,0,7,60,0,9859,9859,1,0,0,2,0,0,1,0
1328401,1,2023,2023,5,5,9,6,31,646,34609,0,1,1,-33.912094,151.021344,15,0,2,1,2,0,0,0,0,0,7,50,0,1981,1981,4,0,5,2,0,0,0,1
1328402,4,2023,2023,1,2,3,15,27,188,140,0,1,10,-33.933155,151.091589,15,0,2,1,0,0,0,0,2,2,7,50,1,121,121,9,16,28,2,0,1,0,0
1328404,2,2023,2023,3,4,9,916,17,22,917,0,1,9,-32.772953,151.607521,42,2,1,1,2,0,0,0,3,2,7,80,2,14295,14295,3,30,0,2,0,0,1,0
1328405,2,2023,2023,5,2,6,916,17,104,917,0,1,2,-32.822573,151.683209,48,0,2,1,1,0,0,0,2,0,7,80,2,14295,14295,3,5,13,2,0,0,1,0
1328408,4,2023,2023,6,3,8,35,27,4,34609,0,1,1,-34.075274,150.538428,79,2,2,1,0,0,0,0,0,0,7,80,0,1669,1669,3,21,5,2,0,2,0,1
1328410,2,2023,2023,1,6,8,829,27,123,770,0,1,9,-33.814258,151.055094,54,0,2,1,2,0,0,0,3,0,7,70,2,2040,2040,9,0,28,2,0,0,1,0
1328411,2,2023,2023,1,1,8,344,27,7,382,0,1,9,-33.663223,150.799103,29,2,2,1,2,0,3,4,0,0,0,80,2,2852,2852,4,5,5,2,0,0,2,0
1328412,4,2023,2023,1,3,4,4,27,3,34609,0,1,1,-31.288008,152.684164,56,1,0,0,0,0,0,0,2,0,7,100,0,3775,3775,0,10,13,2,0,1,1,0
1328418,4,2023,2023,5,0,6,334,17,8,308,0,1,1,-30.995996,150.391265,51,1,0,1,1,0,0,0,2,0,7,100,2,3775,3775,0,10,0,2,0,2,0,0
1328420,2,2023,2023,1,2,5,1,36,36,34609,0,1,9,-33.876245,151.176492,69,0,2,1,1,0,0,0,2,0,9,50,0,2040,2040,9,5,28,2,0,0,1,0
1328422,4,2023,2023,1,5,3,46,31,290,34609,0,1,1,-33.947111,151.124196,4,0,2,1,0,0,0,0,2,0,7,50,0,489,489,8,5,40,1,0,1,1,0
1328423,2,2023,2023,0,6,10,10,27,32,34609,1,0,7,-33.749011,150.827191,7,0,2,1,2,0,0,0,0,0,0,50,0,1957,777,8,22,40,1,0,0,1,0
1328432,2,2023,2023,5,3,2,45,27,134,40,0,1,9,-33.681652,150.857362,7,0,2,1,2,0,0,0,0,0,7,60,2,9859,9859,8,5,40,1,0,0,1,0
1328434,2,2023,2023,7,2,10,3,31,161,34609,0,1,10,-33.886164,151.15244,32,0,2,1,2,0,0,0,0,0,0,50,0,1945,1945,5,15,40,1,0,0,1,0
1328435,2,2023,2023,1,6,3,134,10,363,133,0,1,6,-33.809995,151.02305,54,0,2,0,1,0,0,0,2,0,7,60,2,2585,4009,8,9,40,1,0,0,1,0
1328436,2,2023,2023,1,2,5,84,27,243,31,0,1,9,-33.946923,150.900465,41,0,2,1,0,0,0,0,2,0,9,60,1,591,591,1,22,5,2,0,0,1,0
1328438,4,2023,2023,6,3,9,4,27,9,34609,0,1,1,-32.901967,151.313449,17,2,1,1,0,0,0,0,0,0,7,80,0,1089,1089,7,16,40,1,0,1,0,0
1328439,1,2023,2023,6,4,4,118,31,316,34609,0,1,9,-33.910036,151.246258,59,0,2,1,1,0,0,0,2,0,7,50,0,387,387,1,22,5,2,0,0,0,1
1328440,2,2023,2023,1,3,5,13,31,39,83,0,1,10,-29.437881,153.356381,18,2,1,0,1,0,0,0,2,0,7,50,1,2585,4009,8,5,40,1,0,0,1,0
1328442,2,2023,2023,1,0,7,220,14,21,220,0,1,3,-34.293017,150.920991,80,0,2,1,0,0,0,0,2,0,7,110,2,9859,9859,8,5,40,1,0,0,1,0
1328443,4,2023,2023,5,0,3,44,31,160,260,0,1,1,-33.108514,151.487519,37,0,2,0,1,0,0,0,2,0,7,50,2,5929,5929,1,0,0,2,0,1,0,0
1328444,2,2023,2023,5,1,8,475,31,169,41,0,1,10,-33.898455,151.206362,69,0,2,1,2,0,0,0,3,2,9,50,1,2040,2040,9,33,28,2,0,0,1,0
1328447,2,2023,2023,1,0,4,3371,17,63,3342,0,1,7,-33.238494,151.499383,16,2,2,1,2,0,0,0,2,0,7,60,2,1282,1282,1,5,19,2,0,0,1,0
1328450,2,2023,2023,8,2,7,92,31,87,34609,0,1,1,-28.802872,153.291058,39,2,1,0,1,0,0,0,2,0,7,50,0,1850,1463,5,16,40,1,0,0,1,0
1328454,1,2023,2023,1,2,8,5,31,198,34609,0,1,7,-33.911336,151.096857,15,0,2,1,0,0,0,0,2,0,0,50,0,775,775,4,0,18,2,0,0,0,1
1328455,2,2023,2023,1,3,10,11,31,169,147,0,1,7,-28.650068,153.613126,10,2,1,1,2,0,0,0,0,0,0,50,1,4026,4026,8,5,40,1,0,0,1,0
1328456,2,2023,2023,1,0,7,2,10,38,34609,0,1,1,-30.255608,153.106366,19,2,1,0,0,0,0,0,2,0,7,50,0,4552,5151,8,0,40,1,0,0,2,0
1328460,4,2023,2023,1,0,11,8,10,31,231,0,1,1,-33.509707,151.332034,16,2,2,1,2,0,0,0,0,0,7,60,2,4026,4026,8,10,40,1,0,1,0,0
1328461,4,2023,2023,5,2,3,72,31,176,62,0,1,10,-33.949735,151.14888,4,0,2,1,2,0,0,0,1,2,7,60,1,1850,777,5,16,40,1,0,1,0,0
1328469,1,2023,2023,6,5,9,55,27,74,70,0,1,7,-33.72883,151.04123,31,0,2,0,2,0,0,0,0,0,0,60,1,1850,1463,5,16,40,1,0,0,0,1
1328473,4,2023,2023,5,5,11,7,31,225,34609,0,1,9,-33.793504,151.179842,77,0,2,1,2,0,3,2,0,0,7,60,0,1220,1220,9,5,28,2,0,1,0,0
1328474,1,2023,2023,5,6,10,44,31,41,605,0,1,10,-33.781637,151.267759,50,0,2,0,1,0,0,0,0,0,6,60,2,14295,14295,3,5,36,3,0,0,0,1
1328475,4,2023,2023,8,6,4,85,27,363,145,0,1,2,-33.804301,151.026253,54,0,2,1,1,0,0,0,2,0,7,60,2,14295,14295,3,5,5,3,0,1,0,0
1328480,1,2023,2023,7,0,4,157,17,3,158,0,1,1,-34.198527,145.180732,51,1,0,1,0,0,0,0,2,0,7,110,2,475,475,5,0,40,1,0,0,0,1
1328482,4,2023,2023,1,4,8,361,31,82,34609,0,1,1,-34.373403,150.899092,80,0,2,1,0,0,0,0,0,0,7,50,0,96,96,0,22,5,2,0,1,0,0
1328484,1,2023,2023,5,3,7,330,27,43,605,0,1,10,-33.692344,151.304574,50,0,2,1,1,0,3,4,2,2,7,70,2,6545,6545,4,0,0,2,0,0,0,2
1328487,4,2023,2023,1,4,8,45,27,134,40,0,1,9,-33.678858,150.8626,7,0,2,1,2,0,0,0,0,0,7,50,2,1220,1220,9,9,28,2,0,1,0,0
1328488,2,2023,2023,1,3,2,1052,14,101,928,0,1,3,-32.885453,151.604162,37,0,2,1,0,0,3,4,0,0,7,110,2,9859,9859,8,0,40,1,0,0,1,0
1328494,1,2023,2023,1,4,7,108,27,251,93,0,1,9,-33.771374,150.943725,7,0,2,1,1,0,0,0,2,3,7,60,1,14295,14295,3,5,0,2,0,0,0,1
1328497,2,2023,2023,1,1,7,11,27,445,34609,0,1,9,-33.871757,151.038405,21,0,2,1,1,0,3,4,2,0,15,50,0,1109,397,1,5,0,3,0,0,2,1
1328499,4,2023,2023,1,4,7,475,10,137,268,0,1,9,-33.91358,150.906814,41,0,2,1,1,0,0,0,2,0,0,70,2,2852,2852,4,30,12,2,0,1,1,0
1328502,1,2023,2023,1,5,8,13,27,646,34609,0,1,1,-33.915835,151.042867,15,0,2,1,1,0,0,0,2,0,7,50,0,591,591,1,22,5,2,0,0,0,1
1328503,4,2023,2023,5,0,10,26,27,149,34609,0,1,1,-33.359168,151.335046,16,2,2,0,0,0,0,0,0,0,7,80,0,4552,5151,8,16,40,1,0,1,0,0
1328504,2,2023,2023,1,3,9,1,31,133,34609,0,1,1,-34.484452,150.80362,80,0,2,1,0,0,3,4,0,0,7,50,0,1282,1282,1,5,40,1,0,0,1,0
1328505,1,2023,2023,1,5,3,232,36,134,331,0,1,2,-33.950974,150.837548,41,0,2,1,2,0,0,0,2,0,7,70,2,14295,14295,3,5,5,2,0,0,0,1
1328510,4,2023,2023,3,2,5,3,31,37,34609,1,0,0,-33.90004,151.257183,76,0,2,1,2,0,0,0,2,0,7,50,0,1282,1282,1,22,27,2,0,1,0,0
1328511,2,2023,2023,1,4,6,12,27,197,22,0,1,10,-33.796769,151.124361,61,0,2,1,1,0,0,0,2,2,7,60,1,2040,2040,9,0,28,3,0,0,2,0
1328514,2,2023,2023,0,2,9,2126,17,44,2149,0,1,2,-33.767364,150.639912,8,2,2,0,2,0,3,4,0,0,7,70,2,1259,5151,8,5,40,1,0,0,1,0
1328523,4,2023,2023,5,5,9,5,31,44,34609,0,1,8,-28.864171,153.539558,2,2,1,1,2,0,0,0,3,0,7,50,0,121,121,9,0,28,2,0,1,0,0
1328530,2,2023,2023,0,1,6,22,31,172,126,0,1,9,-32.745393,151.583524,42,2,1,1,0,0,0,0,2,0,7,60,2,5929,5929,1,0,5,2,0,0,1,0
1328534,2,2023,2023,8,6,7,512,17,7,441,0,1,1,-32.898437,148.892077,22,1,0,1,1,0,0,0,2,0,7,100,2,3775,3775,0,10,0,2,0,0,1,0
1328535,1,2023,2023,5,3,10,346,17,19,332,0,1,9,-28.878294,153.247147,39,2,1,1,0,0,0,0,0,0,7,80,2,2852,2852,4,10,5,2,0,0,0,1
1328538,2,2023,2023,1,5,8,7,31,169,34609,0,1,10,-33.763651,150.833951,7,0,2,1,1,0,0,0,2,0,15,50,0,6545,6545,4,5,13,2,0,0,2,2
1328539,2,2023,2023,7,5,4,1104,14,283,962,0,1,3,-33.827616,151.000673,54,0,2,1,1,0,0,0,2,0,7,90,2,1282,1282,1,29,5,2,0,0,1,0
1328540,2,2023,2023,1,2,5,26,10,370,68,0,1,7,-34.078453,150.797783,13,0,2,1,0,0,0,0,2,0,0,50,1,2040,2040,9,33,28,2,0,0,1,0
1328542,2,2023,2023,6,0,10,1104,14,74,962,0,1,3,-33.769587,150.666368,55,0,2,1,2,0,0,0,0,0,7,110,2,14295,14295,3,5,19,3,0,0,1,1
1328544,2,2023,2023,1,0,8,43,27,10,118,0,1,1,-30.896751,150.825199,70,1,0,1,0,0,0,0,2,0,7,100,2,9859,9859,8,0,40,1,0,0,1,0
1328547,4,2023,2023,1,5,10,78,27,31,61,0,1,9,-33.893988,151.021608,15,0,2,1,2,0,0,0,0,0,7,60,1,6545,6545,4,5,18,2,0,1,0,0
1328553,4,2023,2023,5,3,6,40,31,94,34609,0,1,10,-33.887491,150.924424,24,0,2,1,0,0,0,0,2,0,0,50,0,6545,6545,4,15,36,2,0,1,0,0
1328556,2,2023,2023,1,0,7,63,31,134,34609,0,1,10,-33.671351,150.859763,7,0,2,1,0,0,0,0,2,0,15,50,0,2852,2852,4,0,0,2,0,0,2,3
1328560,4,2023,2023,5,1,4,5,31,64,34609,0,1,7,-33.949138,151.004832,15,0,2,1,0,0,0,0,2,0,0,50,0,6545,6545,4,5,19,2,0,1,0,0
1328561,2,2023,2023,1,3,9,15,1,271,34609,0,1,9,-33.951809,151.015702,15,0,2,0,2,0,0,0,0,0,9,40,0,1220,1220,9,5,28,2,0,0,1,0
1328562,2,2023,2023,5,2,6,39,36,40,79,0,1,9,-33.807116,151.20868,77,0,2,1,1,0,0,0,2,0,7,60,2,6545,6545,4,5,0,2,0,0,1,2
1328564,2,2023,2023,1,4,8,57,31,77,321,0,1,1,-33.887567,151.201558,69,0,2,1,2,0,0,0,3,0,7,50,2,1282,1282,1,10,27,2,0,0,1,0
1328570,4,2023,2023,1,5,6,133,31,646,97,0,1,9,-33.916785,151.018493,15,0,2,1,1,0,0,0,2,2,7,60,1,9859,9859,8,5,40,1,0,2,0,0
1328571,2,2023,2023,5,2,9,31,27,157,34609,0,1,10,-34.020573,151.095121,68,0,2,1,2,0,0,0,0,0,15,50,0,6545,6545,4,5,0,2,0,0,1,0
1328573,4,2023,2023,1,3,6,69,31,646,563,0,1,1,-33.913777,151.042206,15,0,2,0,1,0,0,0,2,0,7,60,2,1383,1383,1,16,5,2,0,2,0,0
1328576,2,2023,2023,1,4,8,478,17,89,480,0,1,7,-33.392464,151.473608,16,2,2,1,2,0,0,0,0,0,7,60,2,9859,9859,8,30,40,3,0,0,3,0
1328579,2,2023,2023,1,0,9,2,27,23,34609,1,0,9,-34.01821,151.026104,68,0,2,1,2,0,0,0,2,0,7,60,0,6545,6545,4,16,5,2,0,0,1,0
1328583,4,2023,2023,1,6,8,16,31,169,34609,0,1,1,-28.639229,153.603355,10,2,1,1,0,0,0,0,3,0,7,50,0,3775,3775,0,22,5,2,0,1,0,0
1328587,1,2023,2023,6,6,9,2261,17,243,2252,0,1,9,-33.947836,150.907158,41,0,2,1,2,0,0,0,0,0,0,70,2,2852,2852,4,0,5,2,0,0,0,1
1328593,4,2023,2023,5,4,5,3371,17,463,3342,0,1,9,-30.285652,153.125194,19,2,1,1,1,0,0,0,2,0,7,60,2,5929,5929,1,5,0,2,0,1,0,0
1328594,2,2023,2023,5,2,9,2,1,55,34609,0,1,9,-33.942017,150.899376,41,0,2,1,2,0,0,0,0,0,7,50,0,515,515,1,5,5,4,0,0,1,0
1328595,1,2023,2023,5,5,10,283,27,145,702,0,1,2,-33.918301,151.065651,15,0,2,1,2,0,0,0,0,0,7,60,2,14295,14295,3,10,0,2,0,0,0,1
1328599,4,2023,2023,5,4,4,125,27,53,123,0,1,10,-33.362027,151.444374,16,2,2,0,1,0,0,0,2,2,7,60,2,2040,2040,9,0,28,2,0,1,0,0
1328600,4,2023,2023,1,4,5,44,27,290,53,0,1,9,-33.950616,151.102778,25,0,2,1,0,0,0,0,2,0,0,60,1,775,775,4,30,18,3,0,1,0,0
1328604,2,2023,2023,1,6,6,20,31,523,34609,0,1,0,-33.920428,150.922865,41,0,2,1,1,0,0,0,2,0,7,30,0,340,340,9,0,28,2,0,0,1,0
1328609,4,2023,2023,6,1,8,330,27,147,605,0,1,2,-33.758031,151.281256,50,0,2,1,2,0,0,0,3,0,7,60,2,14295,14295,3,16,5,2,0,1,0,0
1328610,4,2023,2023,1,3,9,112,27,18,769,0,1,1,-33.510991,150.493389,29,2,2,0,0,0,3,4,0,0,7,80,2,57,57,1,0,5,2,0,1,1,0
1328615,4,2023,2023,6,4,5,25,27,202,18,0,1,9,-33.961564,151.030988,15,0,2,1,0,0,0,0,2,0,7,60,1,387,387,1,22,13,2,0,1,0,0
1328617,4,2023,2023,1,6,10,1,25,104,34609,0,1,9,-33.734541,150.923017,7,0,2,1,2,0,0,0,0,0,0,50,0,1220,1220,9,5,28,2,0,1,0,0
1328619,2,2023,2023,1,5,5,24,27,12,31,0,1,1,-28.789258,153.139192,60,2,1,1,0,0,0,0,2,0,7,80,1,475,475,5,5,40,1,0,0,1,0
1328621,1,2023,2023,1,2,11,7,31,105,34609,0,1,1,-32.59943,149.578659,44,2,1,1,2,0,0,0,0,0,7,50,0,190,190,1,5,13,2,0,0,0,1
1328634,1,2023,2023,0,4,8,28,3,12,117,0,1,2,-32.94912,151.684337,37,0,2,1,2,0,3,3,3,0,7,90,2,9859,9859,8,0,40,1,0,0,0,1
1328636,2,2023,2023,0,0,2,2,27,155,34609,0,1,1,-33.235711,148.169024,53,1,0,1,0,0,0,0,0,0,7,100,0,9859,9859,8,5,40,1,0,0,1,0
1328639,2,2023,2023,0,4,8,55,31,123,34609,1,0,7,-33.835572,148.691012,51,2,1,1,0,0,0,0,3,0,0,50,0,926,926,4,16,5,2,0,0,2,0
1328640,1,2023,2023,0,4,4,104,27,443,702,0,1,9,-33.903464,151.064374,15,0,2,1,3,0,0,0,2,2,7,70,2,1282,1282,1,0,40,1,0,0,0,1
1328641,2,2023,2023,0,2,8,145,27,36,80,1,0,10,-33.882275,151.182334,69,0,2,1,2,0,0,0,3,2,7,50,2,1945,1945,5,22,40,1,0,0,1,0