Crash ID,Degree of crash - detailed,Reporting year,Year of crash,Month of crash,Day of week of crash,Two-hour intervals,Street of crash,Street type,Town,Route no.,School zone location,School zone active,Type of location,Latitude,Longitude,LGA,Urbanisation,Conurbation 1,Alignment,Street lighting,Road surface,Surface condition,Weather,Natural lighting,Signals operation,Other traffic control,Speed limit,Road classification,RUM - code,DCA - code,First impact type,Key TU type,Other TU type,No. of traffic units involved,No. killed,No. seriously injured,No. moderately injured,No. minor-other injured
1328642,2,2023,2023,0,3,2,2,31,11,34609,0,1,9,-33.848551,151.125873,14,0,2,1,0,0,0,0,0,0,7,50,0,9859,9859,8,5,40,1,0,0,1,0
1328643,4,2023,2023,0,5,7,15,27,22,34609,0,1,1,-35.111419,149.909479,26,1,0,1,0,0,0,0,2,0,7,100,0,475,475,5,16,40,1,0,1,0,0
1328646,1,2023,2023,8,4,4,1,1,17,34609,0,1,9,-33.767623,151.210272,50,0,2,1,0,0,0,0,2,0,7,50,0,5929,5929,1,5,27,2,0,0,0,1
1328648,4,2023,2023,8,6,4,25,27,8,260,0,1,1,-32.980913,151.60387,37,0,2,1,1,0,3,4,2,0,7,80,2,14295,14295,3,30,0,2,0,1,0,0
1328651,4,2023,2023,8,6,6,13,27,36,14,0,1,1,-33.545462,149.259654,51,2,1,1,0,0,0,0,2,0,7,70,1,4026,4026,8,10,40,1,0,1,0,0
1328652,2,2023,2023,0,6,10,2261,17,523,2252,0,1,9,-33.936408,150.914526,41,0,2,1,2,0,0,0,0,0,15,60,2,14295,14295,3,10,5,2,0,0,1,3
1328653,2,2023,2023,0,1,7,1,27,4,34609,0,1,9,-28.31647,153.232471,72,2,1,0,0,0,0,0,2,0,7,80,0,3775,3775,0,16,12,2,0,0,1,0
1328654,2,2023,2023,8,1,5,9,10,176,2205,0,1,10,-33.957121,151.137647,4,0,2,1,0,0,0,0,2,2,7,50,2,14295,14295,3,33,27,2,0,0,1,0
1328655,4,2023,2023,8,4,7,3,31,8,34609,0,1,9,-34.225954,150.55492,79,2,2,1,1,0,0,0,2,0,15,80,0,1669,1669,3,5,13,2,0,1,0,0
1328657,2,2023,2023,6,4,9,31,31,532,34609,0,1,1,-33.865173,151.204411,69,0,2,1,2,0,0,0,3,0,7,40,0,14295,14295,3,8,0,2,0,0,1,0
1328659,2,2023,2023,0,4,0,63,17,6,114,0,1,1,-33.462398,151.412455,16,2,2,0,2,0,0,0,0,0,7,70,2,1957,4009,8,5,40,1,0,0,1,0
1328660,4,2023,2023,8,2,0,1,27,36,34609,0,1,1,-33.895082,148.1501,51,2,1,1,0,0,0,0,0,0,7,50,0,945,945,5,5,40,1,0,1,1,0
1328661,4,2023,2023,6,0,7,4,31,28,34609,0,1,9,-33.41444,149.557637,3,2,1,1,0,0,0,0,2,0,7,50,0,6545,6545,4,16,13,2,0,1,0,0
1328664,4,2023,2023,8,4,8,68,31,41,168,0,1,2,-34.054812,150.695269,12,0,2,1,1,0,0,0,2,0,7,50,1,14295,14295,3,16,5,2,0,1,0,0
1328666,1,2023,2023,6,0,3,89,36,49,81,0,1,1,-34.355144,148.691206,30,1,0,0,0,0,0,0,2,0,7,100,2,4552,5151,8,8,40,1,0,0,0,1
1328667,2,2023,2023,6,2,11,143,31,173,19,0,1,9,-33.878444,151.214294,69,0,2,1,2,0,0,0,0,2,7,40,1,312,312,2,0,40,1,0,0,1,0
1328668,2,2023,2023,6,5,10,1,1,145,34609,0,1,1,-33.927791,151.118587,15,0,2,1,2,0,0,0,0,0,7,50,0,9859,9859,1,10,0,2,0,0,1,0
1328669,2,2023,2023,8,2,8,103,27,33,167,0,1,9,-33.980326,151.136704,4,0,2,1,1,0,0,0,2,0,7,60,2,2852,2852,4,0,18,2,0,0,1,0
1328670,4,2023,2023,6,3,9,12,10,35,34609,0,1,9,-34.097956,150.797681,13,0,2,1,2,0,0,0,0,0,7,60,0,14295,14295,3,16,19,2,0,2,0,0
1328671,4,2023,2023,6,1,8,1,31,16,34609,0,1,9,-34.591732,146.410667,51,2,1,1,2,0,0,3,2,0,7,50,0,4026,4026,8,11,40,1,0,1,0,1
1328672,1,2023,2023,8,2,5,10,34,4,34609,0,1,1,-35.478328,149.628077,58,2,1,0,1,2,0,0,2,0,7,60,0,1850,1463,5,16,40,1,0,0,0,1
1328673,1,2023,2023,6,2,8,23,27,53,36,0,1,1,-35.188169,149.327044,58,1,0,1,1,0,0,0,3,0,7,90,1,3775,3775,0,10,5,3,0,0,0,1
1328674,2,2023,2023,8,4,3,866,17,54,793,0,1,9,-33.723448,151.091276,31,0,2,0,1,0,0,0,2,2,7,70,2,2585,4009,8,9,40,2,0,0,3,0
1328676,2,2023,2023,8,6,6,230,27,173,284,0,1,10,-33.79122,151.130554,61,0,2,1,1,0,0,0,2,1,7,70,2,14295,14295,3,10,36,3,0,0,1,0
1328678,2,2023,2023,6,1,4,8,27,70,34609,1,0,7,-33.97885,151.110591,25,0,2,1,0,0,0,0,2,0,0,50,0,6545,6545,4,5,5,2,0,0,1,0
1328679,1,2023,2023,6,1,7,77,27,25,100,0,1,10,-34.513446,150.403549,78,2,1,1,1,0,0,0,2,0,7,70,2,5929,5929,1,5,25,2,0,0,0,1
1328680,2,2023,2023,6,6,8,16,31,41,34609,0,1,9,-33.819127,151.009466,54,0,2,1,2,0,0,0,3,0,7,40,0,2040,2040,9,8,28,2,0,0,1,0
1328681,2,2023,2023,6,6,3,10,18,56,34609,0,1,1,-32.753822,151.318632,17,2,1,1,0,0,0,0,2,0,7,80,0,9859,9859,8,5,40,1,0,0,1,0
1328683,2,2023,2023,6,3,6,225,17,15,180,0,1,9,-34.587713,150.542592,78,1,0,1,3,0,0,0,2,0,7,100,2,1850,777,5,16,40,1,0,0,1,0
1328688,2,2023,2023,5,5,8,24,31,433,34609,0,1,10,-33.292179,149.097101,52,2,1,1,0,0,3,4,2,0,15,50,0,6545,6545,4,0,5,2,0,0,1,0
1328689,2,2023,2023,6,2,8,9,27,36,40,0,1,1,-33.510778,149.229453,51,1,0,1,0,0,0,0,0,0,7,100,2,1669,1669,3,10,5,2,0,0,2,0
1328690,4,2023,2023,6,0,3,34,31,111,34609,0,1,10,-33.926402,151.253132,59,0,2,1,1,0,0,0,0,0,15,50,0,6545,6545,4,10,18,2,0,1,0,0
1328691,2,2023,2023,5,3,0,1,27,9,34609,0,1,9,-35.225014,146.689706,51,1,0,1,0,0,0,1,0,0,0,100,0,4026,4026,8,5,40,1,0,0,1,0
1328692,1,2023,2023,6,2,9,283,27,88,702,0,1,10,-33.983402,151.10913,25,0,2,1,1,0,0,0,2,2,9,70,2,1220,1220,9,5,28,2,0,0,0,1
1328694,2,2023,2023,5,3,7,829,27,304,140,0,1,9,-33.908292,151.163356,32,0,2,1,0,0,0,0,2,0,0,60,1,1192,1192,1,16,18,2,0,0,1,0
1328695,1,2023,2023,6,5,10,22,1,337,34609,0,1,1,-33.733685,151.000944,71,0,2,1,2,0,0,0,0,0,7,50,0,14295,14295,3,5,5,3,0,0,0,2
1328696,2,2023,2023,5,6,4,8,27,4,34609,0,1,1,-33.361769,149.510754,3,1,0,0,0,0,3,4,2,0,7,100,0,4552,5151,8,0,40,1,0,0,1,0
1328697,1,2023,2023,6,1,8,83,31,532,21,0,1,10,-33.874592,151.209026,69,0,2,1,1,0,0,0,2,2,7,40,1,1220,1220,9,5,28,2,0,0,0,1
1328699,4,2023,2023,5,1,6,265,17,23,193,0,1,9,-35.272561,147.116995,51,2,1,1,1,0,0,0,2,0,7,70,2,9859,9859,8,29,40,1,0,1,0,0
1328700,1,2023,2023,5,4,5,3371,17,36,3342,0,1,9,-33.431974,151.227353,16,2,2,1,3,0,0,0,2,0,7,50,2,1109,787,1,5,19,2,0,0,0,1
1328701,4,2023,2023,6,5,2,1,1,91,34609,0,1,9,-32.809422,151.632121,48,0,2,1,2,0,0,0,1,0,0,50,0,2852,2852,4,0,19,2,0,1,1,0
1328703,4,2023,2023,6,6,9,44,27,119,126,0,1,9,-32.757899,151.781458,57,2,1,1,2,0,3,4,0,0,0,70,2,5929,5929,1,10,5,2,0,1,1,0
1328707,1,2023,2023,5,5,10,51,31,304,34609,0,1,1,-33.908532,151.166779,32,0,2,1,2,0,0,0,0,0,7,50,0,1981,1981,4,5,19,2,0,0,0,2
1328709,4,2023,2023,6,4,2,29,1,84,34609,0,1,7,-33.80837,150.979996,21,0,2,0,2,0,0,0,1,0,0,50,0,5929,5929,1,5,27,2,0,1,0,0
1328710,2,2023,2023,5,4,6,265,17,103,193,0,1,1,-34.26919,148.381861,30,1,0,1,0,0,0,3,2,0,7,100,2,9859,9859,8,0,40,1,0,0,1,0
1328712,2,2023,2023,6,6,10,47,31,151,34609,0,1,9,-34.0245,150.853861,13,0,2,1,2,0,0,0,0,0,7,50,0,489,489,8,5,40,1,0,0,1,0
1328715,1,2023,2023,5,5,7,99,31,609,34609,0,1,10,-33.76409,150.915704,7,0,2,1,1,0,0,0,2,0,0,50,0,1282,1282,1,0,40,3,0,0,0,1
1328716,2,2023,2023,5,6,6,481,17,77,483,0,1,1,-30.304632,149.784969,51,1,0,1,0,0,0,0,2,0,7,110,2,3775,3775,0,5,2,2,0,0,1,0
1328718,4,2023,2023,5,4,7,5,31,137,34609,0,1,10,-32.962444,151.697411,37,0,2,1,1,0,0,0,2,0,15,50,0,2040,2040,9,33,26,2,0,1,0,0
1328719,1,2023,2023,5,3,5,48,10,19,121,0,1,10,-31.41663,152.859586,56,2,1,1,0,0,0,0,2,0,0,80,1,14295,14295,3,5,13,3,0,0,0,1
1328720,2,2023,2023,6,1,10,1104,14,142,962,0,1,3,-33.827221,150.99464,54,0,2,1,2,0,0,0,0,0,7,90,2,1282,1282,1,0,0,2,0,0,1,0
1328721,4,2023,2023,5,5,9,53,27,155,51,0,1,9,-33.489018,151.31983,16,2,2,1,2,0,0,0,2,2,7,60,1,5929,5929,1,5,19,2,0,1,0,0
1328723,2,2023,2023,5,2,3,1,7,219,34609,0,1,1,-32.90176,151.660599,48,0,2,0,0,0,0,0,2,0,7,50,0,1957,4009,1,0,0,2,0,0,1,0
1328724,4,2023,2023,5,5,5,1,31,171,34609,0,1,9,-33.809961,150.971425,21,0,2,1,1,0,0,0,2,0,0,50,0,2040,2040,9,5,28,2,0,1,0,0
1328725,4,2023,2023,5,0,10,1,7,73,34609,0,1,1,-35.146799,147.375014,75,2,1,0,2,0,0,0,0,0,7,50,0,4552,5151,1,16,13,2,0,1,0,0
1328726,2,2023,2023,6,4,4,20,31,57,169,0,1,1,-32.812035,151.477806,17,2,1,1,0,0,0,0,2,0,7,60,2,1669,1669,3,30,13,3,0,0,2,0
1328730,2,2023,2023,5,4,8,40,27,73,34609,1,0,1,-35.136979,147.375944,75,2,1,1,1,0,3,4,3,0,9,60,0,14295,14295,3,5,5,3,0,0,1,0
1328735,4,2023,2023,5,3,8,1,31,125,34609,0,1,1,-33.870346,151.083297,67,0,2,1,3,0,0,0,3,0,7,50,0,9859,9859,1,5,5,4,0,1,0,0
1328736,1,2023,2023,5,5,2,2209,17,68,2205,0,1,9,-34.08937,151.005429,68,0,2,1,1,0,0,0,1,0,7,60,2,43,43,3,33,19,2,0,0,0,1
1328741,1,2023,2023,5,4,6,24,27,2,103,0,1,1,-28.765318,153.242932,39,2,1,0,0,1,2,6,2,0,7,80,1,4552,5151,8,16,40,1,0,0,0,1
1328742,2,2023,2023,6,2,2,866,17,98,793,0,1,2,-33.739569,151.065839,31,0,2,1,2,0,0,6,1,0,7,70,2,14295,14295,3,19,27,2,0,0,1,0
1328745,4,2023,2023,6,0,6,98,27,609,136,0,1,10,-33.779592,150.920353,7,0,2,1,1,0,0,0,2,2,9,60,2,591,591,1,22,0,2,0,1,0,0
1328752,2,2023,2023,5,3,6,5,27,2,34609,0,1,1,-37.018949,149.645664,5,2,1,0,0,0,0,0,2,0,7,80,0,782,957,5,16,40,1,0,0,1,0
1328754,4,2023,2023,8,1,3,36,31,162,38,0,1,10,-33.846822,150.923059,24,0,2,1,1,0,0,0,2,0,0,60,2,5929,5929,1,5,5,2,0,1,0,0
1328755,2,2023,2023,5,1,11,6,1,60,34609,0,1,2,-33.754179,150.750667,55,0,2,1,2,0,0,1,0,0,7,50,0,9859,9859,1,5,0,3,0,0,1,0
1328757,2,2023,2023,5,1,8,204,31,15,82,0,1,1,-35.151808,147.346635,75,2,1,1,3,0,0,0,0,0,7,60,1,1981,1981,4,10,5,2,0,0,1,0
1328762,4,2023,2023,5,1,6,109,27,460,106,0,1,9,-33.835274,150.983653,21,0,2,1,1,0,0,0,2,0,2,60,1,6545,6545,4,5,5,2,0,1,0,0
1328764,2,2023,2023,6,0,2,24,31,237,44,0,1,9,-33.874896,150.954041,24,0,2,1,2,0,3,3,0,2,7,50,1,9859,9859,8,5,40,1,0,0,1,0
1328768,4,2023,2023,5,4,4,485,27,154,769,0,1,9,-33.718077,150.962518,71,0,2,1,0,0,0,0,2,0,7,60,2,5929,5929,1,0,10,3,0,1,0,0
1328771,4,2023,2023,8,5,0,2209,17,26,2205,0,1,9,-33.919162,151.16927,32,0,2,1,2,0,0,1,0,2,7,60,2,9859,9859,8,9,40,1,0,1,0,0
1328776,4,2023,2023,6,0,7,229,14,323,237,0,1,3,-33.766988,151.004611,54,0,2,1,0,0,0,0,2,0,7,100,2,14295,14295,3,16,40,2,0,1,0,0
1328777,2,2023,2023,5,3,6,20,31,31,34609,0,1,10,-33.503932,151.328296,16,2,2,1,0,2,0,0,2,0,7,50,0,3775,3775,0,16,27,2,0,0,1,0
1328781,1,2023,2023,1,5,11,2,31,234,34609,0,1,1,-34.279645,146.070117,28,2,1,1,3,0,0,0,0,0,7,50,0,9859,9859,8,5,40,1,0,0,0,1
1328783,2,2023,2023,5,6,7,114,27,34,228,0,1,9,-33.481863,150.953295,71,0,2,0,3,0,0,0,2,0,7,80,2,323,323,1,0,0,2,0,0,1,0
1328784,4,2023,2023,5,3,5,1,27,55,34609,0,1,9,-33.853551,151.272082,81,0,2,1,0,0,0,0,2,0,0,50,0,256,256,4,5,27,2,0,1,0,0
1328785,4,2023,2023,5,6,6,308,14,88,311,0,1,3,-33.734519,150.848973,7,0,2,1,0,0,0,0,2,0,7,100,2,1383,1383,1,5,10,2,0,1,0,0
1328787,4,2023,2023,1,4,3,76,24,24,154,0,1,9,-33.729682,150.917167,7,0,2,1,1,0,0,0,2,2,7,70,1,515,515,1,16,0,2,0,1,0,0
1328789,4,2023,2023,5,5,7,213,17,61,213,0,1,10,-29.733649,151.724255,51,2,1,1,0,0,0,0,2,0,0,50,2,6545,6545,4,34,35,2,0,1,0,0
1328790,4,2023,2023,5,0,7,97,31,363,92,0,1,9,-33.821534,150.99565,54,0,2,1,1,0,0,0,2,0,0,60,1,2852,2852,4,5,36,2,0,1,0,0
1328791,1,2023,2023,1,4,2,8,31,98,34609,0,1,1,-30.991177,150.240549,51,2,1,1,2,0,0,0,0,0,7,50,0,4026,4026,1,0,10,2,0,0,0,1
1328793,4,2023,2023,1,6,8,8,10,165,34609,0,1,1,-32.333328,150.940488,46,2,1,0,0,0,0,0,3,0,0,80,0,1981,1981,4,10,13,2,0,1,0,0
1328795,2,2023,2023,5,2,7,115,27,81,114,0,1,2,-33.88889,151.25723,81,0,2,0,0,0,0,0,2,2,9,50,2,1282,1282,1,15,5,2,0,0,1,0
1328798,4,2023,2023,5,3,8,68,27,110,67,0,1,1,-33.775058,151.01861,54,0,2,1,1,0,0,0,2,0,7,60,1,9859,9859,1,0,5,2,0,1,0,0
1328802,1,2023,2023,1,6,8,177,31,314,208,0,1,7,-33.860452,150.9279,24,0,2,0,0,0,0,0,2,0,0,60,1,14295,14295,3,0,5,2,0,0,0,1
1328804,2,2023,2023,5,3,10,7,10,387,331,0,1,2,-33.932285,151.163048,4,0,2,1,2,0,0,0,0,0,7,60,2,9859,9859,8,0,40,1,0,0,1,0
1328806,2,2023,2023,1,4,4,1104,14,323,962,0,1,3,-33.800227,150.865201,7,0,2,1,2,0,0,0,2,0,7,100,2,1383,1383,1,9,0,2,0,0,1,0
1328810,4,2023,2023,1,2,7,36,27,106,35,0,1,10,-33.891786,151.176258,32,0,2,1,3,0,0,0,2,2,7,50,1,5929,5929,1,0,19,2,0,1,0,0
1328811,2,2023,2023,1,6,7,2126,17,90,2149,0,1,9,-33.709243,150.309914,8,2,2,0,3,0,0,0,2,0,0,70,2,14295,14295,3,0,13,3,0,0,1,0
1328813,1,2023,2023,1,4,10,255,27,37,62,0,1,1,-32.805149,151.50816,17,2,1,1,3,0,0,0,0,0,7,60,2,14295,14295,3,5,5,2,0,0,0,1
1328815,2,2023,2023,5,3,6,213,17,113,213,0,1,1,-29.457384,149.843253,51,2,1,1,1,0,0,0,2,0,7,50,2,1192,1192,1,16,25,2,0,0,1,0
1328817,2,2023,2023,1,4,7,103,27,10,98,0,1,1,-33.442242,150.826075,29,2,2,1,0,0,0,0,2,0,7,40,2,14295,14295,3,0,13,2,0,0,1,0
1328826,1,2023,2023,0,6,6,230,27,84,284,0,1,2,-33.775816,151.10539,61,0,2,1,1,0,0,0,2,0,7,70,2,14295,14295,3,0,5,2,0,0,0,1
1328827,4,2023,2023,6,5,7,12,31,169,34609,0,1,1,-28.650336,153.621476,10,2,1,0,0,0,0,0,2,0,0,50,0,1850,1463,5,22,40,1,0,1,0,0
1328829,2,2023,2023,5,0,10,85,10,167,702,0,1,9,-33.856536,151.070977,54,0,2,0,0,0,0,6,0,2,7,80,2,14295,14295,3,5,0,2,0,0,2,0
1328837,2,2023,2023,1,3,11,7,10,96,49,0,1,2,-34.045699,150.831025,13,0,2,1,2,0,3,4,0,0,7,60,1,9859,9859,8,10,40,1,0,0,2,0
1328838,2,2023,2023,5,2,10,15,31,316,34609,0,1,1,-31.430793,152.884319,56,2,1,1,0,0,0,0,0,0,7,50,0,121,121,9,33,28,2,0,0,1,0
1328839,2,2023,2023,5,5,1,2261,17,49,2252,0,1,2,-34.743624,149.844663,26,1,0,0,0,0,0,1,0,0,7,110,2,2585,4009,8,5,40,1,0,0,1,0
1328841,4,2023,2023,5,4,7,11,27,92,34609,0,1,1,-33.410247,151.369718,16,2,2,1,0,0,0,0,2,0,7,50,0,14295,14295,3,0,27,2,0,1,0,0
1328842,1,2023,2023,1,0,9,15,31,316,34609,0,1,1,-31.432593,152.884028,56,2,1,1,2,0,0,0,0,0,7,50,0,9859,9859,1,10,23,3,0,0,0,1
1328853,2,2023,2023,1,5,6,6,7,49,34609,0,1,9,-32.987569,151.679453,37,0,2,1,3,0,0,0,2,0,0,50,0,2852,2852,4,0,5,2,0,0,1,0
1328854,4,2023,2023,5,5,6,2209,17,12,2205,0,1,1,-35.248676,150.423452,63,1,0,0,0,0,0,0,2,0,7,100,2,4552,5151,8,0,40,1,0,1,0,0
1328855,1,2023,2023,1,0,4,157,17,36,158,0,1,1,-33.514856,149.268735,51,1,0,1,3,0,0,0,2,0,7,100,2,96,96,0,5,0,2,0,0,0,1
1328857,1,2023,2023,1,6,9,4,10,75,34609,0,1,9,-32.786587,151.638073,42,2,1,1,3,0,0,0,3,0,15,60,0,14295,14295,3,10,5,2,0,0,0,1
1328858,1,2023,2023,1,0,4,77,27,40,34609,1,2,1,-34.415906,150.880978,80,0,2,1,3,0,0,0,2,0,7,40,0,1391,1391,1,0,0,4,0,0,0,1
1328860,4,2023,2023,1,4,2,46,36,8,46,0,1,9,-32.645493,149.003742,22,1,0,0,3,0,0,0,0,0,7,100,1,1259,5151,8,5,40,1,0,1,0,0
1328861,2,2023,2023,1,5,4,3,1,69,34609,1,2,1,-34.557673,150.853882,62,0,2,1,3,0,0,0,2,0,7,40,0,14295,14295,3,0,36,2,0,0,1,0
1328865,2,2023,2023,1,4,4,8,31,96,34609,0,1,10,-35.348523,149.224458,58,2,1,1,3,0,0,0,2,0,15,50,0,6545,6545,4,5,36,2,0,0,1,0
1328868,1,2023,2023,1,5,4,234,27,337,217,0,1,9,-33.714659,151.016143,71,0,2,0,3,0,0,0,2,2,7,60,2,5929,5929,1,0,5,2,0,0,0,2
1328871,2,2023,2023,1,6,9,8,10,79,34609,0,1,10,-34.017151,150.745489,12,0,2,0,3,0,0,0,3,2,7,60,0,5929,5929,1,10,36,2,0,0,1,0
1328876,1,2023,2023,5,1,3,485,27,187,769,0,1,1,-33.786833,150.995312,54,0,2,1,3,0,3,3,2,0,7,60,2,14295,14295,3,10,5,2,0,0,0,1
1328879,2,2023,2023,1,6,9,2126,17,65,2149,0,1,10,-33.811574,150.952387,21,0,2,1,3,0,0,0,0,2,7,80,2,926,926,4,5,0,2,0,0,1,0
1328881,4,2023,2023,5,2,5,2209,17,204,2205,0,1,9,-33.94387,151.142458,4,0,2,0,1,0,2,6,2,0,0,60,2,2852,2852,4,5,19,2,0,1,0,0
1328882,2,2023,2023,1,2,7,103,27,176,167,0,1,9,-33.970181,151.136284,4,0,2,1,3,0,0,0,2,0,0,60,2,1669,1669,3,8,0,2,0,0,1,0
1328883,2,2023,2023,5,6,8,49,22,91,172,0,1,9,-32.976554,151.644909,37,0,2,1,3,0,0,0,2,0,0,60,2,14295,14295,3,9,5,2,0,0,1,0
1328884,2,2023,2023,1,6,8,162,31,91,172,0,1,7,-32.966752,151.652299,37,0,2,1,3,0,3,4,2,0,0,60,2,775,775,4,5,13,2,0,0,1,0
1328886,1,2023,2023,1,0,4,255,31,232,34609,0,1,1,-33.689152,150.92747,71,0,2,1,3,0,0,0,2,0,7,50,0,248,248,1,5,0,2,0,0,0,1
1328887,1,2023,2023,1,6,4,7,27,38,76,0,1,1,-32.937423,151.686784,48,0,2,1,3,0,3,4,2,0,7,60,1,14295,14295,3,5,0,2,0,0,0,1
1328888,1,2023,2023,5,4,10,3,10,246,64,0,1,8,-33.918757,151.192557,69,0,2,1,3,0,0,0,0,0,15,10,2,1669,1669,3,5,5,2,0,0,0,1
1328889,2,2023,2023,1,3,6,29,31,57,34609,1,0,10,-32.820873,151.476658,17,2,1,1,3,0,3,0,2,0,0,50,0,1391,1391,1,0,13,2,0,0,1,0
1328890,2,2023,2023,1,6,8,5,27,15,34609,0,1,9,-32.774889,151.699863,42,1,0,1,3,0,0,0,2,0,7,100,0,926,926,4,5,5,2,0,0,1,0
1328899,2,2023,2023,1,4,4,475,10,83,268,0,1,10,-33.883573,150.857645,41,0,2,1,3,0,0,0,2,2,7,70,2,14295,14295,3,0,5,2,0,0,1,0
1328902,1,2023,2023,1,6,7,106,27,523,106,0,1,2,-33.927656,150.908977,41,0,2,1,3,0,0,0,2,0,7,60,2,1981,1981,4,5,5,2,0,0,0,1
1328903,2,2023,2023,5,5,6,35,27,71,24,1,0,9,-33.762785,150.69993,55,0,2,1,3,0,0,0,2,0,7,60,1,1391,1391,1,0,19,2,0,0,1,0
1328904,1,2023,2023,5,1,7,8,10,74,34609,0,1,1,-34.0542,150.772487,12,0,2,1,3,0,0,0,2,0,7,50,0,1391,1391,1,5,5,2,0,0,0,1
1328906,1,2023,2023,6,6,7,153,27,290,147,0,1,9,-33.949352,151.116228,4,0,2,1,3,0,3,3,2,0,7,60,2,5929,5929,1,0,5,2,0,0,0,1
1328909,1,2023,2023,1,0,9,34,31,111,34609,0,1,7,-33.918495,151.254724,59,0,2,1,3,0,0,0,3,0,0,50,0,6545,6545,4,5,5,2,0,0,0,1
1328911,1,2023,2023,1,6,7,22,27,123,59,0,1,2,-33.887518,151.224346,69,0,2,1,1,0,0,0,2,0,7,40,1,14295,14295,3,5,5,2,0,0,0,1
1328913,1,2023,2023,1,5,6,22,31,337,34609,0,1,1,-33.729651,151.001479,71,0,2,1,3,0,0,0,2,0,7,50,0,9859,9859,1,5,5,2,0,0,0,1
1328914,2,2023,2023,6,5,4,5,31,438,34609,0,1,7,-33.83969,151.036729,21,0,2,1,3,0,0,0,2,0,0,50,0,6545,6545,4,9,0,2,0,0,1,0
1328916,2,2023,2023,1,6,3,2126,17,65,2149,0,1,1,-33.530665,150.153732,40,2,1,1,3,0,0,3,1,0,7,80,2,941,941,1,8,36,2,0,0,1,0
1328924,2,2023,2023,6,1,7,45,1,294,26,0,1,9,-33.93707,150.925745,41,0,2,1,0,0,0,0,2,0,7,60,2,515,515,1,29,0,2,0,0,1,0
1328927,1,2023,2023,1,2,6,255,27,28,34609,0,1,10,-32.954398,151.62263,37,0,2,1,3,0,0,0,2,0,0,60,0,6545,6545,4,0,5,2,0,0,0,1
1328929,1,2023,2023,1,2,4,2126,17,438,2149,0,1,1,-33.845559,151.043039,21,0,2,1,3,0,0,0,2,0,7,60,2,14295,14295,3,0,0,2,0,0,0,1
1328933,4,2023,2023,1,1,3,57,27,58,75,0,1,1,-33.476234,151.289408,16,2,2,0,3,0,3,0,2,0,7,80,1,782,957,5,10,40,1,0,1,0,0
1328934,2,2023,2023,1,1,2,74,23,30,260,0,1,9,-33.985736,151.147314,4,0,2,1,3,0,0,0,0,2,7,60,2,6545,6545,4,5,0,2,0,0,1,0
1328937,1,2023,2023,1,0,6,171,1,387,104,0,1,9,-33.934865,151.201169,4,0,2,1,3,0,0,0,2,2,7,60,2,14295,14295,3,5,12,2,0,0,0,1
1328940,4,2023,2023,5,2,3,3371,17,27,3342,0,1,2,-30.157586,153.191791,19,1,0,0,0,0,0,0,1,0,7,100,2,4552,5151,8,0,40,1,0,1,0,0
1328943,1,2023,2023,1,0,6,205,27,50,415,0,1,9,-33.68784,151.238705,50,0,2,1,3,0,0,0,2,0,0,70,2,150,150,4,0,13,2,0,0,0,1
1328946,4,2023,2023,5,5,3,1,7,74,34609,0,1,9,-34.436524,150.861809,80,0,2,1,3,0,0,0,2,2,7,50,0,6545,6545,4,10,5,2,0,1,0,0
1328948,2,2023,2023,1,1,8,5,27,3,34609,0,1,1,-32.348167,150.81547,46,2,1,1,3,0,0,0,2,0,7,80,0,9859,9859,8,10,40,1,0,0,1,0
1328950,2,2023,2023,1,2,6,2,27,2,34609,0,1,1,-33.017106,151.167232,17,1,0,0,3,0,0,3,2,0,7,100,0,782,957,5,16,40,1,0,0,1,0
1328952,2,2023,2023,1,6,6,34,27,5,31,0,1,9,-35.856637,149.594325,58,1,0,1,3,0,0,0,2,0,7,100,1,9859,9859,8,0,40,1,0,0,1,1
1328953,1,2023,2023,1,4,8,10,27,106,2149,0,1,10,-33.886326,151.179193,69,0,2,1,3,0,0,0,2,1,7,60,2,1391,1391,1,5,0,2,0,0,0,1
1328954,1,2023,2023,1,4,11,75,10,387,165,0,1,2,-33.937231,151.196668,4,0,2,1,3,0,3,4,0,0,7,70,2,404,404,8,5,40,1,0,0,0,1
1328957,2,2023,2023,8,2,6,11,1,251,136,0,1,1,-33.776865,150.927477,7,0,2,1,3,0,0,0,2,0,7,60,2,941,941,1,5,5,2,0,0,1,0
1328973,4,2023,2023,7,3,8,45,27,80,44,0,1,2,-33.822782,151.149673,38,0,2,1,3,0,0,0,2,0,7,60,2,14295,14295,3,0,5,3,0,1,0,0
1328978,4,2023,2023,5,1,5,2209,17,6,2205,0,1,1,-36.365448,149.970574,5,1,0,1,0,0,0,0,2,0,7,100,2,4026,4026,8,5,40,1,0,1,0,0
1328981,2,2023,2023,1,0,7,515,14,166,518,0,1,3,-33.946533,150.972224,15,0,2,1,1,0,0,0,2,0,7,100,2,1192,1192,1,16,40,2,0,0,1,0
1328982,2,2023,2023,5,2,7,12,31,218,34609,0,1,9,-33.774814,150.776664,55,0,2,1,1,0,0,0,2,0,7,50,0,1669,1669,3,0,5,2,0,0,2,1
1328985,4,2023,2023,1,4,7,296,27,290,293,0,1,10,-33.855762,150.995112,21,0,2,1,1,0,0,0,2,2,7,70,2,6545,6545,4,16,5,2,0,1,0,0
1328988,4,2023,2023,6,2,0,265,17,7,193,0,1,1,-34.143107,148.488125,30,1,0,1,0,0,0,0,0,0,7,100,2,4026,4026,8,5,40,1,0,4,0,1