Crash ID,Degree of crash - detailed,Reporting year,Year of crash,Month of crash,Day of week of crash,Two-hour intervals,Street of crash,Street type,Town,Route no.,School zone location,School zone active,Type of location,Latitude,Longitude,LGA,Urbanisation,Conurbation 1,Alignment,Street lighting,Road surface,Surface condition,Weather,Natural lighting,Signals operation,Other traffic control,Speed limit,Road classification,RUM - code,DCA - code,First impact type,Key TU type,Other TU type,No. of traffic units involved,No. killed,No. seriously injured,No. moderately injured,No. minor-other injured
1328989,2,2023,2023,5,3,3,149,27,38,198,0,1,9,-34.053898,150.971131,68,0,2,1,2,0,0,0,1,2,7,80,2,2852,2852,4,0,5,3,0,0,1,0
1328990,1,2023,2023,1,1,10,475,10,42,268,0,1,10,-33.883517,150.864722,24,0,2,0,2,0,3,4,0,2,7,70,2,5929,5929,1,33,0,2,0,0,0,1
1328991,1,2023,2023,5,4,8,916,17,104,3342,0,1,9,-32.824675,151.683827,48,0,2,1,3,0,0,0,2,1,7,80,2,14295,14295,3,0,5,2,0,0,0,1
1328998,2,2023,2023,5,4,6,60,31,24,34609,0,1,10,-33.667058,150.865035,7,0,2,1,2,0,0,0,2,0,0,60,0,6545,6545,4,21,5,2,0,0,1,0
1328999,2,2023,2023,5,1,4,4,1,271,34609,0,1,9,-33.957239,151.011971,15,0,2,0,0,0,0,0,2,0,0,50,0,2852,2852,4,5,0,2,0,0,2,0
1329000,4,2023,2023,1,4,2,7,27,172,9,0,1,1,-32.765867,151.580072,42,2,1,1,0,0,0,0,0,0,7,50,1,9859,9859,1,10,5,2,0,1,0,0
1329003,4,2023,2023,1,1,7,361,23,253,165,0,1,9,-33.968658,151.104995,25,0,2,1,1,0,3,0,2,0,7,50,1,5929,5929,1,5,5,3,0,1,0,0
1329007,4,2023,2023,1,2,6,24,27,5,24,0,1,1,-28.319438,153.3437,72,2,1,0,0,0,0,0,2,0,7,80,1,1850,1463,5,16,40,1,0,1,0,0
1329012,1,2023,2023,1,5,6,14,31,290,34609,0,1,1,-33.962253,151.123729,4,0,2,1,0,0,0,0,2,0,7,50,0,368,368,9,10,28,2,0,0,0,1
1329014,2,2023,2023,6,3,4,1,27,7,34609,0,1,1,-34.267859,149.294279,74,1,0,0,0,2,0,3,2,0,7,100,0,4552,5151,8,5,40,1,0,0,1,0
1329015,2,2023,2023,1,3,4,12,27,137,34609,0,1,7,-32.964808,151.699575,37,0,2,1,0,0,0,0,2,0,0,50,0,150,150,4,10,27,2,0,0,1,0
1329017,4,2023,2023,1,1,9,21,27,103,34609,0,1,1,-34.307692,148.308691,30,2,1,1,1,0,0,0,2,0,7,50,0,57,57,1,16,13,2,0,1,0,0
1329018,4,2023,2023,1,0,5,19,27,73,34609,0,1,1,-33.783099,151.165846,36,0,2,1,0,0,0,0,2,0,7,50,0,9859,9859,1,0,36,2,0,1,0,0
1329022,4,2023,2023,1,2,6,1,31,67,34609,0,1,9,-33.640849,150.899772,71,0,2,1,0,0,0,0,2,0,7,50,0,6545,6545,4,22,0,2,0,1,0,0
1329027,2,2023,2023,0,2,9,17,27,13,34609,0,1,1,-33.517616,150.762039,29,2,2,0,1,0,3,4,0,0,7,80,0,418,714,5,5,40,1,0,0,1,0
1329028,2,2023,2023,1,2,4,2209,17,204,2205,0,1,10,-33.937152,151.149423,4,0,2,1,1,0,0,0,2,2,9,60,2,2040,2040,9,21,28,2,0,0,1,0
1329030,1,2023,2023,5,0,7,38,27,57,47,0,1,9,-34.652625,150.812336,35,2,1,0,0,0,0,0,2,0,15,80,1,2852,2852,4,5,13,2,0,0,0,1
1329034,2,2023,2023,1,3,0,103,36,6,103,0,1,1,-32.267404,151.916887,43,1,0,1,0,0,3,5,0,0,7,90,1,1089,1089,7,5,40,1,0,0,1,0
1329036,2,2023,2023,5,3,3,475,10,100,268,0,1,10,-33.889323,150.882905,24,0,2,1,2,0,0,0,2,2,7,70,2,6545,6545,4,9,22,2,0,0,1,0
1329038,4,2023,2023,1,0,10,15,27,103,34609,0,1,1,-28.830738,153.325624,39,2,1,0,0,0,0,0,0,0,7,50,0,4552,5151,8,5,40,1,0,1,0,0
1329039,2,2023,2023,1,1,4,26,10,9,26,0,1,9,-36.86775,149.900693,5,2,1,1,0,0,0,0,2,0,7,80,1,14295,14295,3,0,0,3,0,0,1,0
1329040,4,2023,2023,1,6,8,40,31,228,34609,1,0,9,-34.723752,149.740305,26,2,1,1,0,0,0,0,3,0,7,50,0,2852,2852,4,5,20,2,0,1,0,0
1329041,4,2023,2023,1,3,6,14,31,283,34609,0,1,7,-33.840776,151.005509,21,0,2,1,0,0,0,0,2,0,0,50,0,4552,985,8,5,40,1,0,1,0,0
1329043,2,2023,2023,1,6,8,6,27,232,34609,0,1,1,-33.684556,150.914004,7,0,2,1,1,0,0,0,2,0,7,60,0,3775,3775,0,5,13,2,0,0,1,0
1329044,2,2023,2023,0,4,9,18,27,13,20,0,1,1,-33.709368,150.021528,40,1,0,0,1,0,0,1,3,0,7,100,2,14295,14295,3,0,5,2,0,0,1,0
1329046,2,2023,2023,1,5,3,30,27,9,39,0,1,1,-35.574762,149.441804,58,1,0,1,0,0,0,1,2,0,7,100,1,1089,1089,7,16,40,1,0,0,1,0
1329047,4,2023,2023,1,2,7,25,27,64,32,0,1,10,-34.384431,150.906766,80,0,2,1,1,0,0,0,2,2,7,60,1,5929,5929,1,9,5,2,0,1,1,1
1329048,4,2023,2023,5,5,7,232,36,40,331,0,1,2,-33.996101,150.785832,12,0,2,0,0,0,0,0,2,0,7,80,2,4552,5151,8,5,40,1,0,1,0,0
1329051,2,2023,2023,6,3,6,2,31,12,34609,0,1,9,-33.902044,151.11496,15,0,2,1,0,0,0,3,2,0,7,50,0,1669,1669,3,5,5,2,0,0,2,0
1329052,2,2023,2023,1,0,7,22,10,147,34609,0,1,9,-33.872733,151.136339,14,0,2,0,0,0,0,0,2,0,15,50,0,6545,6545,4,0,27,2,0,0,1,0
1329054,4,2023,2023,6,0,8,33,27,100,49,0,1,7,-33.890065,150.901232,24,0,2,1,0,0,0,0,3,0,0,60,1,6545,6545,4,5,5,2,0,1,0,0
1329057,1,2023,2023,1,5,6,2,31,47,34609,0,1,10,-35.261846,149.439356,58,2,1,1,0,0,0,3,2,0,0,50,0,6545,6545,4,5,0,2,0,0,0,1
1329058,2,2023,2023,1,5,5,2209,17,29,2205,0,1,1,-36.982244,149.898417,5,1,0,0,3,0,0,0,2,0,7,100,2,1957,4009,8,5,40,1,0,0,1,0
1329059,4,2023,2023,1,0,6,2,31,139,34609,1,0,9,-33.835143,151.209605,49,0,2,1,0,0,0,0,2,0,7,40,0,1109,397,1,0,27,3,0,1,0,0
1329060,2,2023,2023,1,3,4,109,27,204,105,0,1,2,-33.895655,150.939742,24,0,2,1,1,0,0,0,2,0,7,60,2,14295,14295,3,10,5,2,0,0,2,0
1329063,4,2023,2023,1,4,2,485,27,187,769,0,1,10,-33.78641,150.995437,54,0,2,1,2,0,0,0,0,2,7,60,2,2852,2852,4,5,5,2,0,1,1,0
1329064,2,2023,2023,5,6,3,2209,17,6,2205,0,1,1,-35.408693,150.423828,63,1,0,1,1,0,3,4,2,0,7,100,2,1945,1945,5,16,40,1,0,0,1,0
1329065,2,2023,2023,1,1,6,2,31,215,34609,0,1,9,-35.118482,147.344882,75,2,1,1,0,0,0,0,2,0,7,60,0,1669,1669,3,16,0,2,0,0,1,0
1329069,2,2023,2023,5,5,4,38,27,53,38,0,1,9,-33.379395,151.449605,16,2,2,1,1,0,0,0,2,0,15,70,1,2852,2852,4,5,0,2,0,0,1,1
1329070,1,2023,2023,1,2,5,866,17,171,793,0,1,10,-33.811799,150.965384,21,0,2,1,2,0,0,0,2,2,7,70,2,623,623,3,5,13,2,0,0,0,1
1329075,1,2023,2023,1,2,10,115,27,81,114,0,1,9,-33.888867,151.257437,81,0,2,0,2,0,0,0,0,2,7,50,2,6545,6545,4,15,0,2,0,0,0,1
1329079,1,2023,2023,5,6,2,55,27,112,70,0,1,1,-33.69651,151.030381,31,0,2,1,0,0,0,6,0,0,7,60,2,14295,14295,3,34,22,2,0,0,0,1
1329080,4,2023,2023,1,5,3,35,27,21,96,0,1,9,-32.958227,151.674346,37,0,2,1,1,0,0,0,2,0,0,60,2,256,256,4,0,27,2,0,1,0,0
1329081,2,2023,2023,1,1,7,829,27,13,770,0,1,10,-33.807235,151.070504,61,0,2,1,1,0,0,0,2,2,7,70,2,14295,14295,3,8,0,2,0,0,1,0
1329083,4,2023,2023,6,3,6,114,27,22,65,0,1,1,-33.452357,151.067399,16,2,2,0,1,0,0,0,2,0,7,60,1,1850,1463,5,16,40,1,0,1,0,0
1329084,4,2023,2023,6,0,4,85,27,85,6,0,1,9,-33.739681,151.121043,36,0,2,0,1,0,3,0,2,0,7,50,1,1850,985,5,15,40,1,0,1,0,0
1329088,2,2023,2023,5,6,8,109,27,20,62,0,1,10,-32.764528,151.527798,42,2,1,1,2,0,0,0,3,2,7,60,2,5929,5929,1,0,13,2,0,0,2,0
1329093,4,2023,2023,1,5,8,63,27,187,17,0,1,1,-33.889319,150.99218,15,0,2,1,1,0,0,0,2,0,7,60,1,1220,1220,9,5,28,2,0,1,0,0
1329094,2,2023,2023,1,2,10,3,27,17,34609,0,1,1,-28.571916,153.227666,39,2,1,0,0,0,0,0,0,0,7,80,0,1957,4009,8,16,40,1,0,0,1,0
1329095,2,2023,2023,5,5,10,15,10,69,34609,0,1,1,-33.775251,150.972706,54,0,2,1,2,0,3,0,0,0,7,50,0,9859,9859,1,30,36,2,0,0,1,0
1329096,2,2023,2023,5,4,8,126,27,370,168,0,1,9,-34.063232,150.786838,13,0,2,1,0,0,0,0,2,2,7,80,2,14295,14295,3,5,36,2,0,0,1,0
1329098,4,2023,2023,1,0,2,22,27,173,34609,0,1,10,-33.875389,151.221989,69,0,2,1,2,0,3,3,1,2,7,40,0,6545,6545,4,5,19,2,0,1,0,0
1329099,1,2023,2023,6,0,4,308,14,83,311,0,1,3,-33.886376,150.836338,41,0,2,1,1,0,0,0,2,0,7,100,2,14295,14295,3,30,0,2,0,0,0,1
1329105,2,2023,2023,1,4,7,916,17,70,917,0,1,7,-32.739421,151.551651,42,2,1,0,1,0,0,0,2,0,0,60,2,6545,6545,4,0,19,2,0,0,1,0
1329108,4,2023,2023,1,0,7,348,17,105,232,0,1,9,-32.574849,149.565992,44,2,1,0,0,0,3,0,2,0,0,80,2,1669,1669,3,0,10,3,0,1,0,0
1329112,4,2023,2023,5,2,7,65,31,609,115,0,1,10,-33.772915,150.902879,7,0,2,1,1,0,0,0,2,2,7,60,2,6545,6545,4,10,0,3,0,1,1,0
1329113,4,2023,2023,1,2,7,2,27,2,34609,0,1,1,-32.278872,151.160897,64,2,1,0,0,0,0,0,2,0,7,80,0,4552,5151,8,16,40,1,0,1,0,0
1329119,4,2023,2023,1,6,6,12,27,39,34609,0,1,1,-32.73263,152.082472,57,2,1,1,1,0,0,0,2,0,7,50,0,3775,3775,0,9,10,2,0,2,0,0
1329120,4,2023,2023,1,4,11,2,27,9,34609,0,1,1,-34.467702,148.35415,30,1,0,0,0,2,0,0,0,0,7,100,0,4552,5151,8,5,40,1,0,2,0,0
1329123,4,2023,2023,5,2,4,1,27,6,2,0,1,1,-31.113587,144.559087,51,1,0,1,0,2,0,0,2,0,7,100,1,1089,1089,7,16,40,1,0,1,0,0
1329124,4,2023,2023,1,3,6,4,27,3,4,0,1,1,-30.819344,152.959508,34,2,1,0,0,0,0,0,2,0,7,80,1,2585,4009,8,16,40,1,0,1,0,0
1329125,4,2023,2023,1,6,3,113,27,113,111,0,1,9,-33.785242,150.770707,55,0,2,1,1,0,0,0,2,2,7,60,2,1945,1945,5,16,40,1,0,1,0,0
1329127,4,2023,2023,1,4,10,34,27,225,69,0,1,1,-33.796808,151.169331,77,0,2,0,0,0,0,0,0,0,7,50,2,4552,5151,8,5,40,1,0,1,1,0
1329128,1,2023,2023,1,6,3,515,14,294,518,0,1,3,-33.939644,150.924998,41,0,2,1,0,0,0,0,2,0,7,100,2,14295,14295,3,5,41,3,0,0,0,1
1329129,1,2023,2023,1,2,8,21,27,23,39,0,1,1,-32.354017,149.261215,44,1,0,1,2,0,0,0,2,0,7,100,2,4026,4026,8,5,40,1,0,0,0,1
1329130,4,2023,2023,5,2,4,5,31,134,34609,0,1,1,-33.521293,151.319907,16,2,2,1,0,0,0,0,2,0,7,50,0,1391,1391,1,30,5,2,0,1,0,1
1329131,4,2023,2023,1,6,9,6,27,74,34609,0,1,9,-34.050667,150.758925,12,0,2,1,2,0,0,0,0,0,7,50,0,6545,6545,4,5,27,2,0,1,0,0
1329132,1,2023,2023,1,6,9,829,27,159,770,0,1,9,-33.806346,151.073643,61,0,2,1,2,0,0,0,0,0,7,70,2,14295,14295,3,5,36,2,0,0,0,1
1329137,2,2023,2023,5,2,6,4,1,53,34609,1,0,1,-33.916723,150.841079,41,0,2,1,1,0,0,0,2,0,7,60,0,1945,1945,5,16,40,1,0,0,1,0
1329138,2,2023,2023,5,6,9,1,27,15,34609,0,1,1,-34.619562,150.338355,78,2,1,0,0,0,0,0,0,0,7,60,0,4552,5151,8,0,40,1,0,0,1,0
1329140,4,2023,2023,5,3,5,1,34,2,34609,0,1,1,-35.35638,147.357324,75,1,0,0,0,2,0,0,2,0,7,100,0,4552,5151,8,16,40,1,0,1,0,0
1329145,1,2023,2023,1,5,9,1,23,43,34609,0,1,7,-33.678598,151.288536,50,0,2,1,2,0,0,0,0,0,0,50,0,6545,6545,4,0,0,2,0,0,0,1
1329146,4,2023,2023,8,5,10,2209,17,157,2205,0,1,2,-34.008183,151.106919,68,0,2,0,2,0,0,0,0,0,7,70,2,14295,14295,3,5,27,2,0,1,0,0
1329152,4,2023,2023,1,0,2,63,27,224,605,0,1,2,-33.81606,151.243046,45,0,2,0,2,0,3,4,0,0,7,60,2,4552,5151,1,30,5,3,0,1,0,0
1329155,2,2023,2023,5,6,6,16,27,316,120,0,1,2,-33.908416,151.247462,59,0,2,1,1,0,0,0,2,0,7,50,2,941,941,1,0,19,2,0,0,1,0
1329156,2,2023,2022,9,4,9,13,27,47,34609,0,1,1,-28.84266,153.468792,2,2,1,0,0,2,0,0,3,0,7,60,0,782,957,5,5,40,1,0,0,1,0
1329158,2,2023,2022,9,3,4,500,31,106,34609,0,1,10,-28.860984,153.036705,60,2,1,1,1,0,0,0,2,3,7,50,0,1282,1282,1,33,40,1,0,0,1,0
1329161,4,2023,2023,5,1,6,42,36,44,34609,0,1,9,-30.589388,152.998253,47,1,0,1,1,0,0,0,2,0,0,90,0,5929,5929,1,5,13,2,0,1,1,0
1329162,2,2023,2023,1,4,0,344,27,363,369,0,1,2,-33.735516,150.717374,55,0,2,1,2,0,0,0,0,0,7,70,2,1945,1945,5,5,40,1,0,0,1,0
1329166,4,2023,2023,8,6,3,1104,14,223,962,0,1,3,-33.80634,150.926544,7,0,2,1,0,0,0,0,2,0,7,100,2,14295,14295,3,16,13,2,0,1,0,0
1329171,2,2023,2023,1,6,1,3371,17,24,3342,0,1,2,-32.652469,151.869818,57,1,0,1,0,0,0,0,0,0,7,100,2,945,945,5,3,40,1,0,0,1,0
1329174,4,2023,2023,1,1,5,3371,17,38,3342,0,1,10,-30.265047,153.12997,19,2,1,1,1,0,0,0,2,0,0,60,2,2852,2852,4,5,13,2,0,1,0,1
1329177,4,2023,2023,1,2,4,15,27,15,34609,0,1,9,-30.168479,153.109402,19,2,1,1,0,0,0,0,2,0,7,80,0,5929,5929,1,0,19,2,0,1,0,0
1329178,2,2023,2023,8,2,3,512,17,433,441,0,1,9,-33.308742,149.129723,52,2,1,1,0,0,0,0,2,0,0,80,2,14295,14295,3,10,5,2,0,0,1,0
1329185,4,2023,2023,6,1,3,63,27,224,605,0,1,9,-33.817819,151.243827,45,0,2,0,1,0,0,0,2,0,15,60,2,1282,1282,1,9,19,2,0,1,0,0
1329189,2,2023,2023,8,4,8,11,27,9,34609,0,1,1,-28.944693,153.061102,60,2,1,1,0,0,0,0,3,0,7,80,0,1109,787,1,0,13,3,0,0,1,0
1329190,4,2023,2023,1,0,9,485,27,24,769,0,1,9,-33.65952,150.876311,7,0,2,0,2,0,0,0,2,0,0,80,2,5929,5929,1,0,5,2,0,1,0,0
1329193,1,2023,2023,1,5,4,37,7,6,34609,0,1,10,-33.850429,151.140476,14,0,2,1,0,0,0,0,2,0,0,50,0,1282,1282,1,0,27,2,0,0,0,1
1329194,1,2023,2023,1,6,3,7,27,61,34609,0,1,10,-32.918304,151.733194,48,0,2,1,0,0,0,0,2,0,15,50,0,5929,5929,1,5,5,2,0,0,0,1
1329195,1,2023,2023,1,2,7,3371,17,35,3342,0,1,2,-32.135796,152.343542,43,1,0,1,0,0,0,0,2,0,7,100,2,475,475,5,10,40,1,0,0,0,1
1329198,2,2023,2023,5,1,3,222,27,71,165,0,1,1,-33.967295,151.071105,25,0,2,1,2,0,3,4,0,0,7,50,1,1109,787,1,5,22,2,0,0,1,0
1329205,4,2023,2023,5,3,9,60,27,239,167,0,1,9,-34.028207,151.120155,68,0,2,1,2,0,3,4,0,2,7,70,2,5929,5929,1,10,5,2,0,1,0,1
1329208,4,2023,2023,1,1,5,35,27,155,34609,0,1,1,-33.486367,151.325062,16,2,2,1,1,0,0,3,2,0,7,40,0,1220,1220,9,0,28,2,0,1,0,0
1329211,4,2023,2023,6,6,10,866,17,149,793,0,1,2,-33.824151,150.96246,21,0,2,1,2,0,0,0,0,0,7,70,2,1220,1220,9,0,28,2,0,1,1,0
1329213,1,2023,2023,1,4,8,23,10,136,101,0,1,7,-32.934543,151.712549,48,0,2,0,2,0,0,0,3,0,0,60,2,14295,14295,3,10,0,2,0,0,0,1
1329219,4,2023,2023,8,3,6,110,27,113,48,0,1,2,-34.363802,150.859019,80,0,2,1,0,0,0,0,2,0,7,100,2,4026,4026,8,16,40,1,0,1,0,0
1329225,4,2023,2023,5,1,6,387,27,290,331,0,1,9,-33.943316,151.129909,4,0,2,0,1,0,0,0,2,0,7,60,2,5929,5929,1,5,19,2,0,1,0,0
1329227,2,2023,2023,1,6,7,2209,17,61,2205,0,1,1,-35.879393,150.08788,23,1,0,0,0,0,0,0,2,0,7,100,2,1109,787,1,5,13,2,0,0,1,0
1329235,1,2023,2023,0,2,10,20,27,243,34609,0,1,1,-33.961986,150.878636,41,0,2,1,0,0,0,6,0,0,7,50,0,9859,9859,1,5,11,2,0,0,0,1
1329236,2,2023,2023,8,1,3,27,31,82,34609,0,1,10,-31.078,150.927498,70,2,1,1,3,0,0,0,1,0,15,50,0,6545,6545,4,5,13,2,0,0,1,0
1329238,2,2023,2023,0,0,3,4,31,83,34609,0,1,10,-29.703243,152.934606,18,2,1,1,1,0,0,0,2,0,0,50,0,323,323,1,22,0,2,0,0,1,0
1329239,2,2023,2023,8,5,6,2209,17,115,2205,0,1,10,-33.915489,151.174542,32,0,2,1,3,0,0,0,2,2,7,60,2,14295,14295,3,5,5,4,0,0,1,0
1329241,1,2023,2023,0,0,10,220,14,29,220,0,1,9,-34.401854,150.880376,80,0,2,0,0,0,0,0,0,0,0,80,2,2852,2852,4,30,5,2,0,0,0,1
1329242,2,2023,2023,8,1,3,69,31,646,563,0,1,10,-33.916433,151.041144,15,0,2,1,1,0,0,0,2,2,7,60,2,9859,9859,8,5,40,1,0,0,1,0
1329243,2,2023,2023,8,1,7,916,17,10,917,0,1,10,-29.564926,151.865071,51,1,0,0,0,0,3,4,2,0,7,100,2,83,83,5,29,40,1,0,0,1,0
1329246,1,2023,2023,8,3,8,72,14,173,71,0,1,3,-33.879956,151.216955,69,0,2,1,2,0,0,0,3,0,7,80,2,14295,14295,3,5,5,2,0,0,0,1
1329247,2,2023,2023,0,2,11,54,27,646,30,0,1,10,-33.91474,151.036874,15,0,2,1,2,0,0,0,0,2,7,60,1,2040,2040,9,5,28,2,0,0,1,0
1329248,2,2023,2023,8,4,7,1,25,323,34609,0,1,9,-33.806795,150.848803,7,0,2,0,1,0,0,0,2,0,15,50,0,926,926,4,16,0,2,0,0,1,0
1329249,4,2023,2023,8,3,8,5,27,3,34609,0,1,1,-36.685843,149.881482,5,2,1,0,0,2,0,0,3,0,7,80,0,4552,5151,8,0,40,1,0,2,0,0
1329250,4,2023,2023,8,1,8,13,3,370,256,0,1,2,-34.068013,150.816398,13,0,2,0,1,0,0,0,2,0,7,60,2,1282,1282,1,16,25,2,0,1,0,0
1329252,4,2023,2023,8,1,9,10,31,204,331,0,1,10,-33.939392,151.149907,4,0,2,1,2,0,0,0,3,2,7,60,2,5929,5929,1,9,19,2,0,1,0,0
1329253,2,2023,2023,0,5,0,78,27,147,78,0,1,10,-33.864089,151.130339,14,0,2,1,2,0,3,6,0,2,7,50,2,5929,5929,1,5,5,2,0,0,1,0
1329255,2,2023,2023,8,0,11,2,31,433,34609,0,1,10,-33.270767,149.091254,52,2,1,1,2,0,0,0,0,0,0,50,0,4026,4026,8,10,40,1,0,0,1,0
1329256,1,2023,2023,6,3,1,12,27,22,34609,0,1,1,-35.150996,149.958309,58,2,1,1,0,0,3,3,0,0,7,80,0,945,945,5,16,40,1,0,0,0,1
1329257,2,2023,2023,0,0,6,161,17,1,161,0,1,1,-35.935781,148.628705,65,2,1,0,0,0,0,0,2,0,7,80,2,3775,3775,0,29,22,2,0,0,2,4
1329258,4,2023,2023,8,0,3,1052,14,160,928,0,1,3,-33.12236,151.467546,37,0,2,1,1,0,0,0,2,0,7,110,2,9859,9859,8,0,40,1,0,1,0,0
1329259,2,2023,2023,0,4,10,2261,17,443,2252,0,1,9,-33.889468,151.05999,67,0,2,1,2,0,0,0,0,2,7,70,2,1192,1192,1,16,19,2,0,0,2,0
1329260,1,2023,2023,8,1,6,51,1,63,34609,0,1,1,-33.924581,151.211525,4,0,2,1,0,0,0,0,2,0,9,40,0,14295,14295,3,5,27,2,0,0,0,1
1329261,4,2023,2023,8,2,5,4,27,11,34609,0,1,1,-32.712359,151.598489,42,2,1,1,1,0,0,0,2,0,7,60,0,1669,1669,3,10,0,2,0,1,1,0
1329262,4,2023,2023,8,3,7,1,31,149,18,0,1,7,-33.860713,151.171627,32,0,2,1,1,0,0,0,2,0,9,40,1,2040,2040,9,5,28,2,0,1,0,0
1329263,4,2023,2023,6,4,10,16,27,2,118,0,1,1,-29.279861,150.727447,51,1,0,1,0,0,3,4,0,0,7,100,1,475,475,5,10,40,1,0,1,0,0
1329264,1,2023,2023,6,1,3,4,27,4,34609,0,1,1,-34.68308,149.731843,26,1,0,1,0,0,0,0,2,0,7,100,0,4026,4026,8,5,40,1,0,0,0,1
1329265,2,2023,2023,6,4,8,171,1,387,104,0,1,10,-33.934183,151.197085,4,0,2,1,3,0,0,0,2,0,0,60,2,5929,5929,1,0,18,2,0,0,1,0
1329267,4,2023,2023,6,5,4,35,27,13,34,0,1,1,-29.926326,151.177438,33,1,0,0,0,0,3,4,2,0,7,100,1,1259,5151,8,5,40,1,0,1,0,0
1329270,4,2023,2023,6,2,5,22,27,90,93,0,1,9,-33.785733,150.961109,54,0,2,1,1,0,0,0,2,0,0,60,1,2852,2852,4,0,19,2,0,1,0,0
1329272,4,2023,2023,8,5,3,500,27,41,799,0,1,9,-33.907489,151.126016,15,0,2,1,1,0,0,0,2,0,0,60,2,3775,3775,0,30,5,5,0,2,0,0
1329273,4,2023,2023,6,6,3,481,17,113,483,0,1,1,-29.067341,150.044,51,1,0,1,0,0,0,0,1,0,7,110,2,4026,4026,8,5,40,1,0,1,1,0
1329274,4,2023,2023,0,4,6,2,1,59,34609,0,1,1,-34.33794,150.912497,80,0,2,0,1,0,3,4,2,0,7,50,0,4552,5151,8,16,40,1,0,1,0,0
1329276,4,2023,2023,8,3,9,117,27,72,144,1,0,1,-33.841119,151.088574,14,0,2,1,2,0,0,0,3,0,7,60,2,1383,1383,1,0,19,2,0,1,0,0
1329277,2,2023,2023,6,6,4,9,27,81,34609,1,2,9,-33.886092,151.259507,81,0,2,0,1,0,0,0,2,0,15,40,0,926,926,4,22,5,2,0,0,1,0
1329278,1,2023,2023,6,1,10,10,31,107,34609,1,0,0,-33.881771,151.1953,69,0,2,1,2,0,3,4,0,0,7,50,0,1945,1945,5,22,40,1,0,0,0,1
1329279,1,2023,2023,6,5,4,63,27,9,34,1,2,2,-32.948315,151.683677,37,0,2,0,3,0,0,0,2,0,7,40,1,14295,14295,3,21,5,3,0,0,0,1
1329280,4,2023,2023,8,1,9,280,10,162,82,0,1,9,-33.849755,150.90589,24,0,2,1,2,0,0,0,0,2,7,60,1,5929,5929,1,5,5,3,0,1,1,0
1329281,4,2023,2023,6,0,5,222,31,173,15,0,1,7,-33.880673,151.222435,69,0,2,1,1,0,0,0,2,0,0,40,1,14295,14295,3,5,19,2,0,1,0,0
1329283,4,2023,2023,6,4,11,4,31,77,34609,0,1,10,-33.864043,150.935848,24,0,2,1,2,0,0,0,0,0,0,50,0,1109,787,1,5,19,2,0,1,0,1
1329285,2,2023,2023,5,5,7,2261,17,112,2252,0,1,2,-33.909735,150.940726,41,0,2,0,3,0,3,4,2,0,7,70,2,1957,4009,8,5,40,1,0,0,1,0
1329286,2,2023,2023,5,6,3,3,27,147,34609,0,1,9,-33.738215,151.149575,36,0,2,0,3,0,3,1,1,0,7,50,0,4552,985,8,10,40,1,0,0,1,0
1329287,2,2023,2023,8,2,6,4,36,44,34609,0,1,9,-33.20726,151.499046,16,2,2,1,0,0,0,0,2,0,0,50,0,1220,1220,9,0,28,2,0,0,1,0
1329288,4,2023,2023,8,2,8,34,27,53,34609,0,1,10,-35.133,147.358407,75,2,1,1,2,0,3,3,0,0,0,50,0,6545,6545,4,5,0,2,0,1,0,0
1329291,4,2023,2023,5,0,5,68,27,110,67,0,1,1,-33.790724,151.002495,54,0,2,0,3,0,0,0,2,0,7,60,1,4552,5151,8,5,40,1,0,1,0,0
1329292,2,2023,2023,5,6,3,86,31,83,65,0,1,10,-29.717597,152.938905,18,2,1,1,3,0,3,4,2,0,0,50,1,6545,6545,4,0,0,2,0,0,1,0
1329294,2,2023,2023,6,2,9,15,1,271,34609,0,1,1,-33.951905,151.015366,15,0,2,0,2,0,0,0,0,0,9,50,0,591,591,1,17,5,2,0,0,1,0
1329298,2,2023,2023,8,0,9,158,27,138,207,0,1,1,-33.871411,151.266704,81,0,2,1,2,0,0,0,3,0,7,60,2,1945,1945,5,15,40,1,0,0,1,0
1329299,2,2023,2023,6,6,4,154,27,293,244,0,1,10,-33.917618,151.064987,15,0,2,1,2,0,0,0,2,3,7,60,2,14295,14295,3,10,13,2,0,0,1,0
1329301,4,2023,2023,5,4,11,13,31,463,62,0,1,1,-30.29573,153.110173,19,2,1,1,2,0,0,0,0,0,7,50,1,9859,9859,1,5,13,2,0,1,0,0
1329303,1,2023,2023,6,2,9,204,31,157,34609,0,1,9,-33.793709,151.007638,54,0,2,1,2,0,3,3,0,0,0,50,0,5929,5929,1,10,5,2,0,0,0,1
1329304,4,2023,2023,5,2,5,103,36,6,157,0,1,1,-28.937447,153.005244,60,1,0,0,0,0,0,0,2,0,7,100,2,418,714,5,10,40,1,0,1,0,0
1329305,4,2023,2023,5,3,9,512,17,433,441,0,1,1,-33.205662,149.029708,11,1,0,1,0,0,3,4,0,0,7,100,2,9859,9859,8,30,40,1,0,1,0,0
1329307,4,2023,2023,6,1,7,3371,17,31,3342,0,1,2,-30.337728,153.077027,19,1,0,1,0,0,0,0,2,0,7,100,2,9859,9859,8,5,40,1,0,1,0,0
1329311,4,2023,2023,5,1,6,51,31,562,34609,0,1,1,-32.247466,148.613776,22,2,1,1,1,0,0,0,2,0,7,40,0,14295,14295,3,5,7,2,0,1,0,0
1329312,2,2023,2023,8,4,9,8,27,210,34609,0,1,1,-34.022827,151.102836,68,0,2,1,2,0,0,0,0,0,7,50,0,4026,4026,1,5,5,3,0,0,1,0