Crash ID,Degree of crash - detailed,Reporting year,Year of crash,Month of crash,Day of week of crash,Two-hour intervals,Street of crash,Street type,Town,Route no.,School zone location,School zone active,Type of location,Latitude,Longitude,LGA,Urbanisation,Conurbation 1,Alignment,Street lighting,Road surface,Surface condition,Weather,Natural lighting,Signals operation,Other traffic control,Speed limit,Road classification,RUM - code,DCA - code,First impact type,Key TU type,Other TU type,No. of traffic units involved,No. killed,No. seriously injured,No. moderately injured,No. minor-other injured
1329315,2,2023,2023,6,5,4,95,27,50,605,0,1,9,-33.626871,151.333489,50,0,2,1,1,0,0,0,2,0,0,60,2,515,515,1,5,27,2,0,0,1,0
1329319,4,2023,2023,5,1,3,916,17,6,917,0,1,1,-29.836723,151.737851,51,1,0,1,0,0,0,3,2,0,7,100,2,9859,9859,8,10,40,1,0,1,0,0
1329320,4,2023,2023,5,5,10,8,31,387,140,0,1,1,-33.920981,151.181332,4,0,2,1,2,0,3,2,0,0,7,60,2,1109,787,1,5,18,2,0,1,0,0
1329322,4,2023,2023,5,5,7,225,17,50,180,0,1,1,-34.564396,150.664442,62,0,2,0,0,0,0,0,2,0,7,60,2,1850,1463,5,16,40,1,0,1,0,0
1329323,4,2023,2023,5,2,8,1,27,59,34609,0,1,1,-33.178913,151.50562,37,0,2,1,0,0,0,0,3,0,7,50,0,9859,9859,8,5,40,1,0,1,0,0
1329324,2,2023,2023,8,3,5,2209,17,70,2205,0,1,10,-34.862036,150.601034,63,2,1,1,1,0,0,0,2,2,7,60,2,14295,14295,3,29,13,2,0,0,2,0
1329325,4,2023,2023,0,4,4,2209,17,1,2205,0,1,2,-34.760034,150.738861,63,1,0,1,0,0,3,3,2,0,7,100,2,14295,14295,3,10,27,2,0,1,1,0
1329327,2,2023,2023,5,3,7,15,27,16,118,0,1,1,-30.334586,150.599909,70,1,0,0,0,0,0,0,2,0,7,100,2,3775,3775,0,10,10,2,0,0,2,0
1329331,2,2023,2023,6,5,11,111,27,16,233,0,1,9,-33.925064,151.227849,4,0,2,0,2,0,0,0,0,2,7,60,2,5929,5929,1,16,5,2,0,0,1,0
1329334,4,2023,2023,6,5,3,45,3,36,331,0,1,1,-34.066153,150.711029,12,0,2,1,1,0,0,0,1,0,7,80,2,3775,3775,0,10,0,4,0,3,2,0
1329336,2,2023,2023,5,1,4,54,31,131,62,0,1,9,-33.785494,151.192419,77,0,2,1,0,0,0,0,2,0,7,60,2,5929,5929,1,30,5,2,0,0,1,0
1329338,4,2023,2023,5,0,3,171,1,65,22,0,1,9,-33.803518,150.962348,54,0,2,1,0,0,0,0,2,0,7,60,1,5929,5929,1,30,19,2,0,1,0,0
1329339,2,2023,2023,5,1,8,16,31,253,27,0,1,1,-33.968254,151.114326,25,0,2,1,0,0,0,0,2,0,7,60,1,190,190,1,5,5,3,0,0,1,0
1329340,2,2023,2023,5,4,3,1,10,323,34609,0,1,1,-33.80867,150.836331,7,0,2,0,0,0,0,0,2,0,7,50,0,1669,1669,3,10,5,2,0,0,1,0
1329341,4,2023,2023,1,5,0,2,7,60,34609,0,1,9,-33.820672,151.143781,51,0,2,1,2,0,0,0,0,0,7,50,0,9859,9859,1,0,12,4,0,1,0,0
1329346,2,2023,2023,5,0,8,85,27,53,145,0,1,2,-33.798439,151.049193,54,0,2,0,2,0,0,0,0,0,7,70,2,2585,4009,8,5,40,1,0,0,1,0
1329347,4,2023,2023,5,2,4,2126,17,104,2149,0,1,9,-33.833088,151.017857,54,0,2,1,0,0,0,0,2,0,7,60,2,1220,1220,9,5,28,2,0,1,0,0
1329348,1,2023,2023,5,2,3,11,31,125,51,0,1,1,-33.858666,151.083843,67,0,2,1,1,0,0,0,2,0,9,50,1,591,591,1,17,5,2,0,0,0,1
1329349,4,2023,2023,1,4,7,5,31,41,18,1,0,1,-33.900304,151.187821,69,0,2,1,3,0,0,0,2,0,7,40,2,4026,4026,1,5,0,4,0,1,0,0
1329350,1,2023,2023,5,6,8,829,27,124,770,0,1,9,-33.81073,151.033297,54,0,2,1,2,0,0,0,0,2,7,60,2,14295,14295,3,0,5,2,0,0,0,2
1329352,2,2023,2023,5,6,5,234,27,54,217,0,1,9,-33.714659,151.016143,71,0,2,0,1,0,0,0,2,2,7,60,2,5929,5929,1,0,0,2,0,0,2,0
1329354,2,2023,2023,5,3,7,51,27,23,63,0,1,10,-34.562422,150.836579,62,0,2,1,0,0,0,0,2,2,7,70,2,2852,2852,4,5,5,3,0,0,1,2
1329359,2,2023,2023,5,1,3,344,27,42,163,0,1,9,-33.735603,150.851743,7,0,2,1,0,0,0,0,2,2,7,70,2,5929,5929,1,19,5,2,0,0,2,0
1329362,4,2023,2023,5,5,6,3371,17,51,3342,0,1,10,-33.262513,151.481578,16,2,2,1,0,0,0,0,2,2,7,70,2,6545,6545,4,9,5,2,0,2,0,0
1329365,2,2023,2023,5,5,4,500,27,646,799,0,1,1,-33.934161,151.031332,15,0,2,1,1,0,0,0,2,0,7,60,2,1981,1981,4,0,36,2,0,0,1,0
1329367,4,2023,2023,1,6,3,9,27,7,9,0,1,1,-29.469474,151.651985,51,1,0,1,3,0,0,0,1,0,7,100,1,1089,1089,7,16,40,1,0,1,0,0
1329369,1,2023,2023,1,2,9,128,27,74,133,0,1,9,-33.77264,150.67097,55,0,2,1,2,0,3,4,2,2,7,60,2,5929,5929,1,5,5,2,0,0,0,1
1329370,1,2023,2023,1,2,6,9,27,6,34609,0,1,1,-28.285018,153.4245,72,2,1,1,0,1,2,6,2,0,7,80,0,945,945,5,5,40,1,0,0,0,1
1329372,2,2023,2023,1,6,11,222,27,562,34609,1,0,9,-32.268356,148.612259,22,2,1,1,2,0,0,0,0,0,7,50,0,2040,2040,9,5,28,2,0,0,1,0
1329373,2,2023,2023,5,1,7,109,27,169,382,0,1,9,-33.782815,150.851875,7,0,2,1,1,0,0,0,2,0,7,60,2,2852,2852,4,10,5,2,0,0,1,1
1329378,1,2023,2023,1,5,9,158,27,13,207,1,0,9,-33.87114,151.25128,81,0,2,0,2,0,0,0,0,2,7,60,2,5929,5929,1,5,18,2,0,0,0,1
1329387,1,2023,2023,1,4,7,2,10,25,34609,0,1,9,-33.620693,150.837788,29,2,2,1,1,0,0,0,2,0,7,50,0,1850,985,5,16,40,1,0,0,0,1
1329398,1,2023,2023,1,6,9,81,27,44,115,0,1,9,-33.802353,150.896073,7,0,2,1,2,0,0,0,0,2,7,60,2,14295,14295,3,5,5,2,0,0,0,1
1329405,2,2023,2023,1,0,5,34,31,82,18,0,1,9,-33.821336,151.204248,49,0,2,1,0,0,0,0,2,2,7,60,1,926,926,4,16,13,2,0,0,1,0
1329408,2,2023,2023,5,3,6,52,27,438,103,0,1,10,-33.863758,151.018542,21,0,2,1,1,0,0,0,2,1,0,50,1,5929,5929,1,0,5,2,0,0,1,0
1329417,2,2023,2023,1,2,4,137,31,87,34609,0,1,9,-28.806621,153.290913,39,2,1,1,0,0,0,0,2,0,7,50,0,323,323,1,5,0,3,0,0,1,0
1329421,4,2023,2023,1,6,4,109,36,21,108,0,1,2,-28.272438,153.478939,72,1,0,1,0,0,0,0,2,0,7,100,1,4026,4026,8,5,40,1,0,1,0,0
1329424,1,2023,2023,1,0,3,13,27,243,34609,0,1,10,-33.955554,150.884758,41,0,2,1,3,0,0,0,1,0,15,50,0,14295,14295,3,0,5,2,0,0,0,1
1329426,1,2023,2023,1,6,10,23,27,337,34609,0,1,5,-33.732205,151.005903,71,0,2,1,3,0,3,3,0,2,7,50,0,6545,6545,4,5,5,2,0,0,0,1
1329428,2,2023,2023,1,1,2,42,1,84,34609,0,1,1,-33.806929,150.990268,54,0,2,1,3,0,0,3,1,0,7,40,0,9859,9859,8,5,40,1,0,0,1,0
1329429,2,2023,2023,1,1,8,76,24,164,154,0,1,10,-33.724168,150.889109,7,0,2,1,3,0,0,0,0,2,7,70,1,14295,14295,3,5,5,2,0,0,1,1
1329430,2,2023,2023,1,5,3,104,27,443,702,0,1,2,-33.891755,151.066779,15,0,2,1,3,0,0,0,1,0,7,70,2,1383,1383,1,5,5,2,0,0,1,0
1329431,4,2023,2023,1,5,3,61,27,232,70,0,1,10,-33.661072,150.923622,71,0,2,0,3,0,3,1,1,0,15,70,1,5929,5929,1,5,5,3,0,1,0,0
1329432,1,2023,2023,1,6,5,485,27,187,769,0,1,10,-33.789107,150.99541,54,0,2,1,3,0,0,0,2,2,7,60,2,5929,5929,1,5,0,2,0,0,0,1
1329442,1,2023,2023,1,3,9,2209,17,58,2205,0,1,9,-34.410834,150.892545,80,0,2,0,3,0,3,4,0,2,7,60,2,5929,5929,1,30,0,2,0,0,0,1
1329443,1,2023,2023,1,4,7,50,27,125,51,0,1,7,-33.854114,151.077487,67,0,2,1,3,0,0,0,2,1,9,60,1,1669,1669,3,5,0,2,0,0,0,1
1329446,2,2023,2023,1,6,4,2126,17,62,2149,0,1,2,-33.734561,150.605162,8,2,2,0,3,0,0,0,2,0,7,60,2,14295,14295,3,8,13,3,0,0,1,0
1329448,2,2023,2023,1,2,4,149,10,346,702,0,1,1,-33.868778,151.063906,67,0,2,0,3,0,0,0,2,0,7,80,2,14295,14295,3,0,5,4,0,0,1,1
1329450,4,2023,2023,1,5,3,5,31,226,34609,0,1,9,-33.761137,150.828269,7,0,2,1,0,0,0,1,1,0,7,50,0,9859,9859,1,0,5,2,0,1,0,0
1329462,1,2023,2023,1,6,2,104,27,443,702,0,1,10,-33.903464,151.064374,15,0,2,1,3,0,3,0,1,2,7,70,2,5929,5929,1,10,5,2,0,0,0,1
1329467,1,2023,2023,6,6,8,515,14,166,518,0,1,3,-33.944786,150.981291,15,0,2,1,3,0,3,0,2,0,7,100,2,14295,14295,3,9,5,3,0,0,0,1
1329470,2,2023,2023,1,4,8,1,15,68,34609,0,1,1,-33.872587,151.246801,81,0,2,0,0,0,0,0,2,0,7,50,0,4552,5151,1,5,36,3,0,0,1,0
1329472,1,2023,2023,1,6,5,205,27,161,415,0,1,2,-33.708062,151.179389,36,0,2,1,3,0,0,0,2,0,7,90,2,14295,14295,3,5,0,3,0,0,0,1
1329475,1,2023,2023,1,0,7,118,27,646,118,0,1,10,-33.913202,151.034847,15,0,2,1,3,0,0,0,2,2,7,60,1,926,926,4,5,5,2,0,0,0,1
1329481,1,2023,2023,5,4,8,2126,17,136,2149,0,1,2,-33.856758,151.065363,21,0,2,1,3,0,0,0,3,2,9,60,2,14295,14295,3,0,5,2,0,0,0,1
1329482,1,2023,2023,5,6,7,515,14,294,518,0,1,3,-33.941988,150.941364,41,0,2,1,3,0,0,0,2,0,7,100,2,14295,14295,3,0,0,2,0,0,0,1
1329483,1,2023,2023,1,5,8,866,17,98,793,0,1,10,-33.754067,151.047779,31,0,2,1,3,0,0,0,2,2,7,70,2,1383,1383,1,5,5,2,0,0,0,1
1329485,2,2023,2023,1,6,8,15,23,433,34609,0,1,1,-33.258405,149.11327,52,2,1,1,3,0,0,0,2,0,7,80,0,1981,1981,4,5,5,2,0,0,1,0
1329486,2,2023,2023,1,0,11,1,10,73,34609,0,1,1,-33.717849,150.714283,55,0,2,1,2,0,0,0,0,0,7,50,0,9859,9859,1,5,5,2,0,0,1,0
1329487,2,2023,2023,1,6,8,72,31,165,21,0,1,10,-32.269337,150.884833,46,2,1,1,3,0,0,0,2,0,7,60,2,14295,14295,3,10,0,2,0,0,1,0
1329488,1,2023,2023,1,0,10,205,27,161,415,1,0,10,-33.721978,151.171577,36,0,2,1,2,0,0,0,0,2,7,60,2,5929,5929,1,0,0,2,0,0,0,1
1329490,2,2023,2023,1,0,6,829,31,179,70,0,1,10,-31.909254,152.467937,43,2,1,1,3,0,0,0,2,0,0,60,1,5929,5929,1,5,5,2,0,0,2,0
1329494,1,2023,2023,1,3,10,17,31,18,58,0,1,9,-32.921403,151.760099,48,0,2,1,3,0,3,4,0,2,9,60,2,214,214,9,5,28,2,0,0,0,1
1329496,2,2023,2023,1,6,9,17,31,91,96,0,1,9,-32.969485,151.638501,37,0,2,0,3,0,3,4,0,0,7,60,2,5929,5929,1,5,36,2,0,0,1,0
1329498,4,2023,2023,1,2,6,2126,17,283,2149,0,1,2,-33.825968,151.004647,54,0,2,1,3,0,0,0,2,0,7,60,2,1945,1945,5,0,40,1,0,1,0,0
1329509,1,2023,2023,1,6,4,125,27,108,123,0,1,2,-33.314336,151.422746,16,2,2,1,3,0,0,0,2,0,7,70,2,14295,14295,3,5,5,2,0,0,0,1
1329511,1,2023,2023,1,3,6,2261,17,64,2252,0,1,9,-33.886015,151.068929,67,0,2,1,3,0,0,0,2,2,7,60,2,395,395,1,10,5,2,0,0,0,1
1329515,2,2023,2023,0,0,9,3371,17,66,3342,0,1,2,-32.823234,151.685867,48,0,2,1,0,0,0,0,2,0,7,60,2,14295,14295,3,5,0,3,0,0,1,0
1329523,2,2023,2023,1,4,8,512,17,562,441,0,1,9,-32.253509,148.603166,22,2,1,1,3,0,0,0,2,0,0,60,2,5929,5929,1,5,0,3,0,0,1,0
1329524,2,2023,2023,1,6,3,6,27,23,172,0,1,1,-32.991139,151.635014,37,0,2,0,3,0,0,0,2,0,7,60,2,4552,5151,8,0,40,1,0,0,1,0
1329525,2,2023,2023,1,6,9,106,27,46,106,0,1,10,-33.926196,150.866422,41,0,2,1,3,0,3,4,3,2,7,70,2,14295,14295,3,5,5,2,0,0,1,0
1329527,1,2023,2023,1,6,3,44,1,163,34609,0,1,1,-33.863149,151.101408,14,0,2,1,3,0,0,0,1,0,7,50,0,1669,1669,3,10,5,2,0,0,0,1
1329530,1,2023,2023,6,2,6,475,10,137,268,0,1,10,-33.902703,150.89674,24,0,2,1,3,0,0,0,2,2,7,60,2,5929,5929,1,5,5,2,0,0,0,1
1329531,2,2023,2023,1,3,4,87,31,155,34609,0,1,10,-33.136736,148.180667,53,2,1,1,3,0,0,0,2,0,0,50,0,6545,6545,4,5,5,2,0,0,1,1
1329532,1,2023,2023,1,2,7,2,31,74,34609,0,1,10,-34.027732,150.776817,12,0,2,1,3,0,0,0,2,0,0,50,0,926,926,4,5,22,2,0,0,0,1
1329533,1,2023,2023,1,4,8,71,17,61,71,0,1,10,-35.529798,144.956935,51,2,1,1,3,0,3,3,0,0,0,50,2,14295,14295,3,0,13,2,0,0,0,1
1329536,4,2023,2023,1,0,11,81,31,133,80,0,1,1,-33.928114,151.012022,15,0,2,1,2,0,0,0,0,0,7,60,1,5929,5929,1,5,5,2,0,1,0,0
1329537,2,2023,2023,1,2,9,387,27,290,331,0,1,9,-33.9591,151.117569,4,0,2,1,2,0,0,0,3,0,7,60,2,2852,2852,4,5,0,2,0,0,1,0
1329539,2,2023,2023,1,1,8,1052,14,118,928,0,1,3,-33.434803,151.260104,16,1,2,0,3,0,0,0,2,0,7,110,2,14295,14295,3,30,0,9,0,0,1,0
1329541,1,2023,2023,5,0,5,27,27,9,35,0,1,1,-28.392232,152.63293,51,1,0,0,3,0,0,0,2,0,7,100,1,1957,4009,8,9,40,1,0,0,0,1
1329542,1,2023,2023,1,3,8,4,1,30,34609,0,1,1,-34.202781,150.571417,79,2,2,1,3,0,0,0,3,0,7,50,0,1981,1981,4,5,0,2,0,0,0,1
1329546,2,2023,2023,1,4,4,866,17,171,793,0,1,10,-33.802838,150.971052,54,0,2,0,3,0,3,3,2,2,7,70,2,14295,14295,3,5,25,3,0,0,1,0
1329547,1,2023,2023,1,0,8,118,27,646,118,0,1,10,-33.930729,151.029506,15,0,2,0,3,0,3,0,3,0,0,60,1,6545,6545,4,5,5,2,0,0,0,1
1329549,1,2023,2023,8,3,6,15,31,133,34609,0,1,10,-33.926031,151.021222,15,0,2,1,3,0,0,0,2,0,0,50,0,6545,6545,4,0,0,2,0,0,0,1
1329550,1,2023,2023,1,0,8,78,17,139,75,0,1,1,-33.84364,151.211569,49,0,2,1,3,0,0,0,3,0,7,70,2,14295,14295,3,10,5,4,0,0,0,1
1329551,1,2023,2023,1,6,10,2209,17,67,2205,0,1,9,-34.432101,150.865312,80,0,2,1,3,0,3,0,0,2,7,60,2,5929,5929,1,5,5,2,0,0,0,1
1329552,2,2023,2023,1,4,4,3371,17,80,3342,0,1,9,-33.816369,151.178642,38,0,2,0,3,0,0,0,2,2,6,60,2,14295,14295,3,21,0,2,0,0,1,2
1329553,1,2023,2023,1,4,10,32,31,111,91,0,1,9,-33.920858,151.256789,59,0,2,1,2,0,0,0,0,2,7,50,1,5929,5929,1,5,5,2,0,0,0,1
1329557,2,2023,2023,1,3,3,334,17,2,308,0,1,1,-31.475432,152.62159,56,1,0,0,3,0,0,0,1,0,7,100,2,2585,4009,8,5,40,1,0,0,1,0
1329558,2,2023,2023,1,5,3,7,27,13,34609,0,1,9,-34.109943,150.671614,79,2,2,1,0,0,0,1,1,0,7,80,0,489,489,8,0,40,1,0,0,1,0
1329562,2,2023,2023,6,4,5,67,27,100,15,0,1,2,-33.801437,151.145531,77,0,2,0,1,0,0,0,2,0,7,50,1,3775,3775,0,0,5,2,0,0,1,0
1329567,4,2023,2023,3,4,8,2209,17,106,2205,0,1,9,-33.891934,151.187793,69,0,2,1,1,0,0,0,2,0,15,50,2,2852,2852,4,5,19,2,0,1,0,0
1329576,2,2023,2023,1,3,9,1052,14,160,928,0,1,3,-33.117037,151.464807,37,0,2,1,2,0,0,0,0,0,7,110,2,9859,9859,8,5,40,1,0,0,2,0
1329578,1,2023,2023,8,3,7,6,27,147,34609,0,1,7,-33.754423,151.291961,50,0,2,1,0,0,0,0,2,0,0,50,0,6545,6545,4,10,5,2,0,0,0,1
1329580,2,2023,2023,1,4,7,230,10,115,34609,0,1,1,-33.746533,151.227841,50,0,2,1,1,0,0,0,2,0,7,50,0,4026,4026,8,0,40,2,0,0,1,0
1329581,2,2023,2023,1,1,6,4,31,207,34609,0,1,1,-31.964399,141.451669,51,2,1,1,1,0,0,0,2,0,7,50,0,1669,1669,3,21,0,2,0,0,3,1
1329584,4,2023,2023,8,6,9,3371,17,53,3342,0,1,9,-33.767871,151.158048,36,0,2,1,2,0,0,0,0,0,7,60,2,14295,14295,3,5,0,3,0,1,0,2
1329586,2,2023,2023,7,4,6,6,27,8,34609,0,1,1,-28.771964,153.417097,39,2,1,0,0,0,3,0,2,0,7,60,0,4552,5151,8,5,40,1,0,0,1,0
1329587,2,2023,2023,1,6,6,3,27,29,34609,0,1,9,-35.110498,150.623774,63,2,1,1,0,0,0,0,2,0,0,50,0,4026,4026,1,10,0,2,0,0,1,0
1329590,2,2023,2023,5,1,9,158,27,46,207,0,1,2,-33.876424,151.229996,81,0,2,1,1,0,0,0,3,2,9,60,2,1220,1220,9,33,28,2,0,0,1,0
1329594,2,2023,2023,1,4,3,3371,17,107,3342,0,1,9,-33.268585,151.435689,16,2,2,1,1,0,0,0,2,2,7,70,2,14295,14295,3,0,5,2,0,0,1,0
1329595,2,2023,2023,1,6,3,5,27,26,34609,0,1,1,-33.522017,145.35588,51,1,0,1,0,2,3,0,2,0,7,100,0,475,475,5,0,40,1,0,0,1,1
1329596,4,2023,2023,7,0,5,255,31,64,34609,0,1,1,-33.481333,150.156258,40,2,1,1,1,0,0,0,2,0,7,40,0,312,312,2,5,40,1,0,1,0,0
1329598,2,2023,2023,5,3,7,1,27,10,34609,0,1,1,-28.462856,152.500643,51,1,0,0,0,2,0,0,2,0,7,100,0,380,714,5,16,40,1,0,0,1,0
1329605,4,2023,2023,1,4,5,178,27,115,101,0,1,7,-33.957962,151.051204,25,0,2,1,1,0,0,0,2,0,0,50,1,6545,6545,4,0,18,2,0,1,0,0
1329607,2,2023,2023,1,0,8,2126,17,36,2149,0,1,9,-33.808467,150.937199,21,0,2,1,1,0,0,0,2,1,8,80,2,395,395,1,10,5,2,0,0,1,0
1329612,2,2023,2023,1,4,5,168,10,387,260,0,1,2,-33.946103,151.172426,4,0,2,1,1,0,0,0,2,0,7,70,2,1282,1282,1,9,18,2,0,0,1,0
1329615,2,2023,2023,1,5,7,220,14,78,220,0,1,3,-34.473332,150.832524,80,0,2,1,0,0,0,0,2,0,7,100,2,14295,14295,3,10,0,5,0,0,1,0
1329616,4,2023,2023,1,3,7,15,27,2,91,0,1,1,-34.664874,149.321799,74,1,0,0,0,0,0,0,2,0,7,100,1,4552,5151,8,16,40,1,0,1,0,0
1329617,1,2023,2023,1,5,8,14,27,40,88,0,1,7,-33.797328,151.250134,50,0,2,0,1,0,0,0,3,0,0,50,2,6545,6545,4,0,27,2,0,0,0,1
1329618,2,2023,2023,1,1,1,3371,17,18,3342,0,1,2,-30.917597,152.895097,34,1,0,1,0,0,0,6,0,0,7,110,2,14295,14295,3,3,13,2,0,0,1,0
1329619,1,2023,2023,1,1,4,178,27,70,48,0,1,10,-32.729734,151.55239,42,2,1,1,2,0,0,0,2,2,7,50,1,14295,14295,3,5,13,2,0,0,0,1
1329622,2,2023,2023,1,4,8,191,27,370,68,0,1,1,-34.058354,150.815554,13,0,2,1,2,0,0,0,3,0,7,60,1,1220,1220,9,5,28,2,0,0,1,0
1329625,4,2023,2023,5,6,8,11,1,111,34609,0,1,10,-33.702817,150.887241,7,0,2,1,0,0,0,0,2,0,15,50,0,1669,1669,3,5,5,2,0,1,0,1
1329630,4,2023,2023,5,6,6,293,31,128,369,0,1,10,-33.617487,150.809277,29,2,2,1,1,0,0,0,2,2,7,60,2,5929,5929,1,0,0,2,0,1,0,0
1329632,4,2023,2023,1,5,2,1,18,99,34609,0,1,9,-33.88825,151.266853,76,0,2,1,1,0,0,0,1,0,7,50,0,1109,787,1,5,18,2,0,1,0,0
1329634,2,2023,2023,1,6,9,5,27,55,34609,1,0,10,-36.219537,149.131413,65,2,1,1,2,0,0,0,0,0,0,60,0,6545,6545,4,10,5,2,0,0,1,0
1329635,1,2023,2023,6,1,8,1104,14,223,962,0,1,3,-33.805485,150.916455,7,0,2,1,0,0,0,0,3,0,7,100,2,14295,14295,3,10,5,5,0,0,0,1
1329636,2,2023,2023,1,2,6,33,1,31,34609,0,1,9,-33.923786,150.889599,41,0,2,1,0,0,0,0,2,0,7,50,0,14295,14295,3,5,0,2,0,0,1,0
1329637,1,2023,2023,1,3,7,4,27,56,34609,0,1,1,-35.116558,147.421622,75,2,1,0,0,0,0,0,2,0,7,80,0,14295,14295,3,5,13,2,0,0,0,1
1329639,2,2023,2023,1,0,5,60,10,121,84,0,1,2,-28.205032,153.544555,72,2,1,1,0,0,0,0,2,0,7,60,1,9859,9859,1,18,36,2,0,0,1,0
1329648,4,2023,2023,5,0,9,30,27,61,93,0,1,2,-33.745789,150.898845,7,0,2,0,2,0,0,0,0,0,7,60,1,1192,1192,1,10,19,2,0,1,0,0
1329649,2,2023,2023,1,3,0,1,7,223,34609,0,1,1,-33.794534,150.908887,7,0,2,0,2,0,0,0,0,0,7,50,0,4552,5151,1,0,10,2,0,0,1,0
1329650,2,2023,2023,1,1,10,8,1,112,34609,0,1,1,-33.909036,151.206733,69,0,2,1,2,0,3,3,0,2,9,40,0,2040,2040,9,15,26,2,0,0,1,1
1329651,2,2023,2023,1,5,4,6,31,89,34609,0,1,7,-33.894773,151.230531,69,0,2,1,0,0,3,3,2,0,0,40,0,1109,397,1,5,5,2,0,0,1,0
1329656,2,2023,2023,1,3,4,1,27,2,34609,0,1,9,-29.690851,149.474446,51,2,1,1,0,2,0,0,2,0,7,80,0,1945,1945,5,10,40,1,0,0,1,0
1329658,2,2023,2023,5,1,8,89,36,49,81,0,1,1,-34.464246,148.705055,30,1,0,1,0,0,0,0,0,0,7,100,2,1089,1089,7,0,40,1,0,0,1,0
1329662,4,2023,2023,7,1,3,123,36,3,49,0,1,1,-30.823766,151.54067,51,1,0,0,0,0,3,1,1,0,7,100,1,2585,4009,8,5,40,1,0,1,0,0
1329664,1,2023,2023,8,1,4,125,27,17,123,0,1,10,-33.34167,151.428504,16,2,2,1,1,0,0,0,2,2,7,70,2,14295,14295,3,0,13,2,0,0,0,1
1329669,2,2023,2023,1,2,6,232,36,34,331,0,1,2,-34.002824,150.7776,12,0,2,1,1,0,0,0,2,0,7,80,2,14295,14295,3,10,5,4,0,0,1,1
1329673,2,2023,2023,1,1,11,193,31,198,34609,0,1,9,-33.910075,151.106944,15,0,2,1,2,0,0,0,0,0,7,50,0,2040,2040,9,33,28,2,0,0,1,0
1329677,2,2023,2023,7,0,5,3371,17,10,3342,0,1,9,-32.953088,151.711539,37,0,2,1,3,0,0,0,2,2,7,60,2,14295,14295,3,5,5,2,0,0,1,0
1329681,4,2023,2023,8,0,3,110,27,113,48,0,1,2,-34.315804,150.892901,80,0,2,1,0,0,0,0,1,0,7,100,2,14295,14295,3,8,2,2,0,1,0,0
1329682,4,2023,2023,5,6,9,195,27,53,186,0,1,2,-33.935524,150.843196,41,0,2,1,2,0,3,0,0,0,7,70,2,1383,1383,1,5,10,3,0,1,0,1
1329688,2,2023,2023,1,1,7,916,17,13,917,0,1,10,-32.556607,151.167633,64,2,1,1,0,0,0,0,2,2,7,60,2,14295,14295,3,0,5,2,0,0,1,0
1329689,2,2023,2023,5,2,8,4,27,23,34609,0,1,1,-32.970964,151.115431,17,1,0,0,0,2,0,0,2,0,7,100,0,4552,5151,8,16,40,1,0,0,1,0
1329690,2,2023,2023,1,5,9,4,27,65,88,0,1,9,-33.708886,151.284059,50,0,2,1,2,0,0,0,0,0,0,70,2,2852,2852,4,34,0,2,0,0,1,0
1329695,2,2023,2023,5,3,7,2209,17,130,2205,0,1,10,-34.454515,150.845191,80,0,2,1,1,0,0,0,2,2,7,60,1,591,591,1,22,36,2,0,0,1,0
1329696,2,2023,2023,6,4,7,3,27,36,41,0,1,1,-33.873343,148.166267,51,1,0,0,1,0,2,2,2,0,7,100,1,1957,4009,8,0,40,1,0,0,1,0
1329697,4,2023,2023,1,4,7,92,27,129,244,0,1,9,-33.89951,151.091289,9,0,2,1,0,0,0,0,2,0,7,60,2,1220,1220,9,5,28,2,0,1,0,0
1329698,4,2023,2023,5,6,7,1,31,103,34609,0,1,1,-34.319459,148.287754,30,2,1,1,1,0,0,0,2,0,7,50,0,1220,1220,9,0,28,2,0,1,1,0
1329699,4,2023,2023,5,2,10,9,31,66,34609,0,1,1,-34.484163,150.894404,80,0,2,1,2,0,0,0,0,0,7,50,0,9859,9859,1,16,5,2,0,1,0,0
1329701,2,2023,2023,8,6,3,2,27,6,34609,0,1,1,-28.296674,153.468682,72,2,1,1,0,0,0,0,1,0,7,60,0,9859,9859,8,5,40,1,0,0,1,0
1329704,4,2023,2023,1,3,5,169,27,24,228,0,1,1,-33.388062,150.982493,71,0,2,0,1,0,3,4,2,0,8,60,1,1850,985,5,16,40,1,0,1,0,0
1329705,1,2023,2023,1,1,0,4,31,314,34609,0,1,4,-33.851674,150.944726,24,0,2,0,2,0,0,0,0,0,7,50,0,4552,5151,8,5,40,1,0,0,0,1
1329706,2,2023,2023,1,2,7,15,23,29,34609,0,1,1,-33.72887,150.727085,55,0,2,1,1,0,0,0,2,0,7,50,0,5929,5929,1,5,19,2,0,0,1,0
1329709,2,2023,2023,1,4,5,22,31,237,45,0,1,1,-33.876521,150.963025,24,0,2,1,0,0,0,0,2,0,7,60,1,9859,9859,8,5,40,2,0,0,1,0
1329712,2,2023,2023,5,5,3,178,27,316,34609,0,1,9,-33.915873,151.240689,59,0,2,1,0,0,0,0,1,0,7,50,0,1109,787,1,0,19,2,0,0,1,0
1329720,2,2023,2023,1,1,0,3371,17,54,3342,0,1,2,-28.529131,153.53764,10,1,0,0,0,0,0,0,0,0,7,110,2,2585,4009,8,5,40,1,0,0,1,0
1329721,1,2023,2023,1,6,7,2261,17,68,2252,0,1,9,-34.78846,148.857432,82,1,0,1,0,0,0,0,2,0,0,110,2,2852,2852,4,5,2,2,0,0,0,1
1329723,2,2023,2023,1,0,8,2261,17,284,2252,1,0,2,-33.905249,151.011909,15,0,2,1,2,0,0,0,3,0,7,70,2,14295,14295,3,16,5,2,0,0,1,0