Crash ID,Degree of crash - detailed,Reporting year,Year of crash,Month of crash,Day of week of crash,Two-hour intervals,Street of crash,Street type,Town,Route no.,School zone location,School zone active,Type of location,Latitude,Longitude,LGA,Urbanisation,Conurbation 1,Alignment,Street lighting,Road surface,Surface condition,Weather,Natural lighting,Signals operation,Other traffic control,Speed limit,Road classification,RUM - code,DCA - code,First impact type,Key TU type,Other TU type,No. of traffic units involved,No. killed,No. seriously injured,No. moderately injured,No. minor-other injured
1329730,1,2023,2023,1,3,1,8,27,119,6,0,1,9,-33.872674,151.167155,32,0,2,1,2,0,0,0,0,0,0,50,1,489,489,8,5,40,1,0,0,0,1
1329733,4,2023,2023,1,4,5,77,10,20,331,0,1,2,-34.082856,150.694792,12,0,2,1,0,0,0,0,2,0,7,80,2,380,714,5,16,40,1,0,1,0,0
1329734,4,2023,2023,5,6,8,3,10,140,34609,0,1,1,-33.787907,150.835491,7,0,2,1,0,0,0,0,2,0,7,50,0,1945,1945,5,16,40,1,0,1,0,0
1329736,4,2023,2023,5,1,7,100,31,157,769,0,1,10,-33.803199,151.003199,54,0,2,0,1,0,0,0,2,2,7,60,2,1220,1220,9,0,28,2,0,1,0,0
1329737,2,2023,2023,1,6,9,481,17,8,483,0,1,9,-34.34303,147.082557,51,1,0,0,2,0,0,0,3,0,0,110,2,782,985,5,3,40,1,0,0,1,0
1329741,2,2023,2023,5,0,2,283,27,145,702,0,1,10,-33.917551,151.065059,15,0,2,1,2,0,0,0,0,2,7,60,2,14295,14295,3,5,13,2,0,0,1,0
1329742,2,2023,2023,5,0,7,1,10,2,34609,0,1,9,-35.37203,150.441352,63,2,1,1,1,0,0,0,2,0,7,50,0,1192,1192,1,16,5,2,0,0,1,0
1329744,1,2023,2023,8,5,7,3371,17,139,3342,0,1,9,-33.83932,151.209952,49,0,2,0,0,0,0,0,2,0,9,50,2,2040,2040,9,0,28,2,0,0,0,1
1329748,4,2023,2023,1,0,6,8,31,35,34609,0,1,10,-31.078711,152.842265,34,2,1,1,0,0,0,0,2,2,7,50,0,1669,1669,3,5,0,2,0,1,1,0
1329753,2,2023,2023,1,1,7,296,27,290,293,0,1,2,-33.863987,150.990664,21,0,2,1,1,0,0,0,2,0,7,70,2,1383,1383,1,5,35,2,0,0,1,0
1329755,4,2023,2023,1,2,4,3,27,13,34609,0,1,1,-30.098437,152.9388,18,1,0,0,0,2,0,0,2,0,7,100,0,1850,1463,5,16,40,1,0,1,0,0
1329761,1,2023,2023,6,3,10,10,31,252,34609,0,1,10,-33.887294,151.212197,69,0,2,1,0,0,0,0,3,0,7,40,0,941,941,1,33,27,2,0,0,0,1
1329762,4,2023,2023,4,1,4,346,17,46,332,0,1,7,-28.814666,153.281673,39,2,1,1,0,0,0,0,2,0,7,60,2,14295,14295,3,5,5,2,0,1,0,0
1329764,2,2023,2023,1,4,8,255,27,66,172,0,1,2,-32.928789,151.641337,37,0,2,1,1,0,0,0,3,0,7,60,2,1220,1220,9,5,28,2,0,0,1,0
1329765,2,2023,2023,1,4,2,1052,14,149,928,0,1,3,-33.349746,151.364393,16,1,2,1,0,0,2,6,0,0,7,110,2,14295,14295,3,0,0,4,0,0,1,0
1329767,2,2023,2023,1,1,4,7,10,172,34609,0,1,1,-32.760943,151.592754,42,2,1,1,1,0,3,4,2,0,7,50,0,14295,14295,3,5,40,2,0,0,1,0
1329769,2,2023,2023,1,4,7,31,31,70,148,0,1,10,-32.900135,151.721134,48,0,2,1,0,0,0,0,2,2,7,60,1,5929,5929,1,0,5,2,0,0,1,0
1329780,4,2023,2023,1,1,4,44,31,253,34609,0,1,9,-33.960718,151.097697,25,0,2,1,1,0,0,3,2,0,7,50,0,1981,1981,4,5,12,2,0,1,0,0
1329782,4,2023,2023,6,3,5,12,31,24,34609,0,1,1,-32.894012,151.789398,48,0,2,1,1,0,0,0,2,0,7,70,0,4026,4026,8,5,40,1,0,1,0,0
1329783,4,2023,2023,5,6,3,7,31,179,34609,0,1,7,-31.910662,152.456943,43,2,1,1,1,0,0,0,2,0,0,50,0,6545,6545,4,0,27,2,0,1,0,0
1329789,4,2023,2023,0,4,3,866,17,157,793,0,1,2,-33.792973,151.009926,54,0,2,0,0,0,3,4,2,0,7,90,2,14295,14295,3,5,10,3,0,2,0,0
1329798,2,2023,2023,0,2,0,3,27,22,34609,0,1,1,-33.443245,150.865931,29,2,2,0,0,0,3,4,0,0,7,50,0,418,714,5,10,40,1,0,0,1,0
1329799,4,2023,2023,8,5,4,29,27,147,69,0,1,10,-33.872795,151.132676,14,0,2,1,1,0,0,0,2,0,0,60,2,6545,6545,4,5,19,2,0,1,0,0
1329800,4,2023,2023,8,4,8,2126,17,27,2149,0,1,1,-33.708257,150.347513,8,2,2,0,0,0,0,0,0,0,7,80,2,3775,3775,0,5,0,3,0,1,1,0
1329801,2,2023,2023,8,1,11,35,27,16,34,0,1,1,-29.881284,151.128511,33,1,0,0,0,0,3,4,0,0,7,100,1,2585,4009,8,10,40,1,0,0,1,0
1329802,1,2023,2023,0,3,6,171,31,80,16,0,1,9,-33.879152,151.205835,69,0,2,1,0,0,0,0,2,0,7,40,1,2040,2040,9,5,28,2,0,0,0,1
1329803,2,2023,2023,8,6,9,55,1,167,34609,0,1,10,-33.839922,151.068642,54,0,2,1,2,0,0,0,0,0,15,60,0,5929,5929,1,0,0,2,0,0,1,0
1329805,2,2023,2023,8,1,9,42,27,316,56,0,1,10,-33.902835,151.244823,59,0,2,1,2,0,0,0,3,2,7,50,1,14295,14295,3,33,19,2,0,0,1,0
1329806,4,2023,2023,8,0,6,56,27,115,80,0,1,1,-33.875754,151.189747,69,0,2,1,1,0,0,0,2,0,0,40,2,1383,1383,1,0,27,2,0,1,0,0
1329807,4,2023,2023,8,2,5,11,18,8,17,0,1,1,-30.948589,153.002745,34,2,1,0,0,0,0,0,2,0,7,80,1,3775,3775,0,0,10,2,0,1,1,0
1329810,4,2023,2023,8,2,11,5,27,87,34609,0,1,1,-33.671293,150.942711,71,0,2,0,2,0,0,0,0,0,7,50,0,4552,5151,8,0,40,1,0,1,0,0
1329812,2,2023,2023,8,5,7,1,31,96,34609,0,1,1,-33.36309,148.002838,51,2,1,1,1,0,0,0,2,0,7,50,0,1282,1282,1,16,40,1,0,0,1,0
1329814,4,2023,2023,8,3,9,8,31,210,34609,0,1,1,-34.038126,151.09408,68,0,2,1,2,0,0,0,3,0,7,50,0,9859,9859,1,0,0,2,0,1,0,0
1329815,2,2023,2023,6,4,4,11,27,92,34609,0,1,1,-33.408863,151.358877,16,2,2,1,1,0,0,0,2,0,7,50,0,340,340,9,5,28,2,0,0,1,0
1329816,4,2023,2023,8,2,4,132,31,252,126,1,0,10,-33.889674,151.206082,69,0,2,1,1,0,0,0,2,2,7,50,2,2040,2040,9,30,28,2,0,1,1,0
1329818,4,2023,2023,8,0,3,11,27,87,34609,1,0,1,-33.692175,150.955578,71,0,2,1,1,0,0,0,1,0,7,60,0,3775,3775,0,5,5,3,0,1,1,0
1329820,1,2023,2023,8,3,2,2126,17,80,2149,0,1,10,-33.887354,151.173451,32,0,2,1,2,0,0,6,1,2,7,60,2,1220,1220,9,5,28,2,0,0,0,1
1329821,2,2023,2023,0,4,8,348,31,532,34609,0,1,0,-33.877838,151.20865,69,0,2,1,1,0,0,0,2,0,7,40,0,395,395,1,9,27,2,0,0,1,0
1329823,4,2023,2023,6,5,6,11,31,90,49,1,0,10,-32.923655,151.744023,48,0,2,1,2,0,0,0,2,2,7,60,1,395,395,1,22,5,2,0,1,0,0
1329825,2,2023,2023,6,2,5,12,27,11,34609,0,1,1,-33.906773,150.649108,41,0,2,0,1,0,0,0,2,0,7,80,0,4552,5151,8,16,40,1,0,0,1,0
1329826,2,2023,2023,6,1,5,8,27,119,34609,0,1,9,-33.87369,151.155952,32,0,2,1,0,0,0,0,2,0,7,50,0,775,775,4,5,27,2,0,0,1,0
1329827,4,2023,2023,6,4,7,21,27,16,34609,0,1,9,-33.54905,150.710978,29,2,2,1,0,0,3,3,2,0,7,60,0,9859,9859,8,10,40,1,0,1,0,0
1329829,2,2023,2023,6,0,7,1052,14,59,928,0,1,3,-33.153654,151.471507,37,0,2,1,0,0,0,0,2,0,7,110,2,4026,4026,8,5,40,1,0,0,1,0
1329832,2,2023,2023,6,4,8,119,31,73,207,0,1,10,-33.874246,151.216326,69,0,2,1,1,0,0,0,3,2,7,50,2,387,387,1,22,22,2,0,0,1,0
1329837,2,2023,2023,6,4,2,47,27,18,34609,0,1,1,-33.735128,151.289074,50,0,2,1,0,0,0,0,0,0,7,50,0,9859,9859,1,0,5,2,0,0,1,0
1329840,4,2023,2023,6,3,0,8,27,4,34609,0,1,1,-33.324019,149.10919,52,1,0,0,0,0,0,0,0,0,7,100,0,4552,5151,8,5,40,1,0,1,0,0
1329841,2,2023,2023,6,5,7,54,31,91,28,0,1,9,-33.964769,151.088021,25,0,2,1,1,0,0,0,2,0,9,50,1,2040,2040,9,30,28,2,0,0,1,0
1329842,1,2023,2023,8,2,10,32,31,111,91,0,1,2,-33.920348,151.256895,59,0,2,1,2,0,0,0,0,0,7,40,1,2040,2040,9,0,28,2,0,0,0,1
1329843,1,2023,2023,6,3,5,45,27,304,96,0,1,10,-33.909724,151.162208,32,0,2,1,0,0,0,0,2,2,6,60,1,5929,5929,1,22,0,2,0,0,0,1
1329846,4,2023,2023,6,2,10,1,6,6,34609,0,1,1,-32.729399,152.031445,57,2,1,0,2,0,0,0,0,0,7,50,0,2585,4009,1,16,0,2,0,1,0,0
1329849,1,2023,2023,5,5,8,2261,17,140,2252,0,1,2,-33.904654,151.002771,15,0,2,0,2,0,3,4,3,0,7,70,2,14295,14295,3,10,5,2,0,0,0,1
1329854,2,2023,2023,5,6,8,7,27,11,34609,1,0,10,-36.033331,146.944838,0,2,1,1,2,0,0,3,0,2,7,60,0,591,591,1,22,5,2,0,0,1,0
1329855,2,2023,2023,6,4,8,43,22,149,187,0,1,2,-33.87009,151.174679,32,0,2,1,2,0,0,0,2,0,7,50,2,1282,1282,1,33,19,2,0,0,1,0
1329856,2,2023,2023,6,6,7,32,27,134,34609,0,1,10,-33.965654,150.810087,12,0,2,1,1,0,0,0,2,0,15,50,0,6545,6545,4,30,22,3,0,0,1,0
1329858,4,2023,2023,6,6,8,42,31,145,34609,0,1,1,-33.924418,151.071742,15,0,2,1,1,0,3,4,2,0,7,50,0,1981,1981,4,5,5,2,0,1,0,0
1329859,4,2023,2023,6,0,9,3,31,133,34609,0,1,1,-33.919849,151.001646,15,0,2,1,2,0,0,0,0,0,7,50,0,9859,9859,1,5,13,2,0,1,0,0
1329861,1,2023,2023,5,1,3,3,27,10,34609,0,1,1,-28.480681,152.538314,51,1,0,0,0,0,3,0,2,0,7,100,0,1259,5151,8,3,40,1,0,0,0,1
1329862,2,2023,2023,5,1,6,7,27,346,34609,0,1,10,-33.885025,151.089399,67,0,2,1,1,0,0,0,2,0,0,50,0,6545,6545,4,5,0,2,0,0,2,0
1329863,2,2023,2023,6,5,8,2,27,64,34609,0,1,9,-33.884491,151.017575,15,0,2,1,2,0,0,0,0,0,7,50,0,323,323,1,5,12,4,0,0,1,1
1329866,2,2023,2023,5,5,4,3371,17,58,3342,0,1,2,-32.787409,151.729545,57,2,1,1,3,0,0,0,2,0,7,80,2,14295,14295,3,8,13,3,0,0,1,0
1329868,2,2023,2023,5,2,7,3371,17,67,3342,0,1,2,-33.394093,151.34948,16,2,2,1,3,0,0,0,2,0,7,60,2,1945,1945,5,5,40,1,0,0,1,0
1329872,4,2023,2023,5,4,1,112,17,207,112,0,1,9,-31.965054,141.432095,51,2,1,1,2,0,0,0,0,0,7,50,2,418,777,5,5,40,1,0,1,2,0
1329873,4,2023,2023,5,3,8,14,1,64,52,1,0,7,-33.713063,150.731389,55,0,2,1,1,0,3,4,2,0,0,60,1,489,489,5,0,40,1,0,1,0,0
1329874,4,2023,2023,5,0,8,2,1,95,34609,0,1,9,-34.394716,150.892777,80,0,2,1,1,0,0,0,3,0,15,50,0,2852,2852,4,0,5,3,0,1,0,0
1329875,2,2023,2023,5,5,7,3371,17,92,3342,0,1,9,-33.40264,151.350114,16,2,2,0,1,0,0,0,2,0,0,60,2,14295,14295,3,10,5,3,0,0,1,1
1329880,2,2023,2023,5,6,8,1,1,40,34609,0,1,1,-33.691938,150.547155,8,2,2,0,0,0,0,0,2,0,7,50,0,4552,5151,1,5,0,3,0,0,1,0
1329882,1,2023,2023,5,0,8,104,27,387,140,0,1,1,-33.920665,151.190694,4,0,2,1,0,0,0,0,3,0,7,60,2,1282,1282,1,33,18,2,0,0,0,1
1329887,1,2023,2023,5,5,8,8,7,93,34609,0,1,9,-33.414678,149.61239,3,2,1,0,1,0,0,0,2,0,0,50,0,5929,5929,1,5,5,2,0,0,0,1
1329888,2,2023,2023,8,2,5,101,10,42,33,0,1,1,-34.022322,151.194647,68,0,2,1,0,0,0,0,2,0,0,80,1,1981,1981,4,10,27,2,0,0,1,0
1329890,4,2023,2023,5,2,5,205,27,86,415,0,1,2,-33.706136,151.204023,50,0,2,1,0,0,0,0,2,0,7,90,2,1945,1945,5,16,40,1,0,1,0,0
1329891,4,2023,2023,5,4,10,42,10,11,172,0,1,9,-32.854873,151.5233,17,2,1,0,0,0,0,0,0,0,7,80,2,782,957,5,5,40,1,0,1,1,0
1329893,2,2023,2023,5,6,8,8,27,323,34609,1,0,1,-33.76789,150.96878,71,0,2,1,1,0,0,0,3,0,7,50,0,9859,9859,1,10,5,3,0,0,1,0
1329895,2,2023,2023,6,4,5,481,17,8,483,0,1,1,-30.458275,149.661938,51,1,0,1,0,0,0,0,2,0,7,110,2,945,945,5,9,40,1,0,0,1,0
1329897,2,2023,2023,1,6,7,128,27,363,133,0,1,10,-33.760636,150.684264,55,0,2,1,3,0,0,0,2,2,7,60,2,256,256,4,0,5,2,0,0,1,0
1329902,4,2023,2023,5,6,2,196,36,36,4,0,1,1,-33.831447,148.087906,51,1,0,0,0,0,0,0,0,0,7,100,1,2585,4009,8,9,40,1,0,1,0,0
1329903,2,2023,2023,1,0,7,3,31,169,34609,0,1,10,-33.596582,150.750412,29,2,2,1,1,0,3,0,2,0,0,50,0,6545,6545,4,19,13,2,0,0,1,6
1329907,2,2023,2023,1,1,4,100,27,109,799,0,1,10,-33.903885,151.140963,32,0,2,1,1,0,3,4,2,2,7,60,2,1945,1945,5,15,40,1,0,0,1,0
1329908,2,2023,2023,1,2,10,115,27,84,114,0,1,9,-33.889362,151.25948,81,0,2,0,2,0,0,0,0,2,7,50,2,14295,14295,3,5,5,2,0,0,1,0
1329909,2,2023,2023,5,4,7,105,27,70,109,0,1,9,-33.885278,150.884744,24,0,2,1,0,0,0,0,2,0,7,60,1,5929,5929,1,5,0,2,0,0,1,0
1329910,2,2023,2023,5,3,11,60,27,237,44,0,1,1,-33.872964,150.939925,24,0,2,1,2,0,3,4,0,0,7,50,1,9859,9859,8,5,40,1,0,0,3,0
1329912,2,2023,2023,5,3,8,2126,17,44,2149,0,1,9,-33.765064,150.621885,8,2,2,0,2,0,0,0,3,2,7,80,2,14295,14295,3,5,5,2,0,0,1,0
1329913,2,2023,2023,1,1,7,3371,17,41,3342,0,1,2,-32.815409,151.698738,57,2,1,1,1,0,0,0,2,0,7,80,2,1282,1282,1,8,12,2,0,0,2,0
1329916,2,2023,2023,5,4,8,8,27,13,34609,0,1,1,-33.562345,149.904407,40,1,0,0,0,0,0,0,3,0,7,100,0,1850,1463,5,10,40,1,0,0,1,0
1329924,4,2023,2023,1,1,5,12,27,4,62,0,1,1,-36.527817,150.030731,5,2,1,0,0,0,3,4,2,0,7,80,1,2585,4009,8,5,40,1,0,1,0,0
1329927,2,2023,2023,5,2,4,1,1,91,34609,0,1,1,-33.961506,151.081402,25,0,2,1,3,0,0,0,2,0,7,50,0,9859,9859,1,0,5,3,0,0,1,0
1329928,1,2023,2023,1,0,5,35,27,42,212,0,1,7,-35.350181,149.241244,58,2,1,1,3,0,0,0,2,0,0,60,2,14295,14295,3,5,0,2,0,0,0,1
1329929,2,2023,2023,1,6,8,2209,17,106,2205,0,1,2,-33.890607,151.189061,69,0,2,1,0,0,0,0,3,0,7,50,2,387,387,1,22,36,2,0,0,1,0
1329932,4,2023,2023,1,6,3,2126,17,73,2149,0,1,9,-33.887655,151.17165,32,0,2,1,2,0,0,0,1,2,7,60,2,5929,5929,1,0,0,2,0,1,0,0
1329933,2,2023,2023,1,0,2,334,17,84,308,0,1,10,-31.091998,150.922756,70,2,1,1,3,0,0,0,0,2,7,50,2,5929,5929,1,0,12,2,0,0,1,0
1329935,2,2023,2023,6,4,6,20,31,433,34609,0,1,9,-33.2819,149.102681,52,2,1,1,2,0,0,0,2,0,9,50,0,591,591,1,22,5,2,0,0,1,0
1329937,1,2023,2023,1,0,9,1,32,66,34609,0,1,10,-33.711572,150.927858,7,0,2,1,2,0,0,0,0,0,0,50,0,1109,397,1,5,5,2,0,0,0,1
1329939,2,2023,2023,5,1,6,101,10,42,33,0,1,1,-34.022469,151.195327,68,0,2,0,0,0,0,0,2,0,7,80,1,1109,787,1,9,5,2,0,0,1,1
1329943,4,2023,2023,1,0,6,13,27,9,20,0,1,1,-35.1826,146.850831,51,1,0,1,0,0,0,0,2,0,7,100,1,9859,9859,8,5,40,1,0,1,0,0
1329949,4,2023,2023,1,2,9,114,27,22,65,0,1,1,-33.402103,151.030617,16,2,2,0,0,0,0,0,0,0,7,60,1,3775,3775,0,5,5,2,0,1,0,0
1329954,2,2023,2023,1,5,4,1,31,10,34609,0,1,10,-32.724089,148.18927,53,2,1,1,3,0,0,0,2,0,0,50,0,6545,6545,4,10,40,2,0,0,1,0
1329959,2,2023,2023,1,4,9,59,27,271,42,0,1,9,-33.958488,151.016629,15,0,2,1,3,0,0,0,0,2,7,60,1,1192,1192,1,5,36,2,0,0,1,0
1329962,4,2023,2023,5,2,8,41,27,3,69,0,1,1,-34.205965,149.74249,74,2,1,0,0,0,3,4,2,0,7,80,1,3775,3775,0,0,19,2,0,1,0,0
1329963,2,2023,2023,1,1,11,1052,14,56,928,0,1,3,-33.005582,151.504426,37,0,2,1,0,0,3,3,0,0,7,60,2,14295,14295,3,3,10,2,0,0,1,0
1329964,4,2023,2023,5,6,3,8,27,33,5,0,1,1,-34.788747,150.776413,63,2,1,1,0,0,0,0,2,0,7,80,1,9859,9859,8,10,40,1,0,1,0,0
1329966,2,2023,2023,5,1,9,91,27,119,187,0,1,2,-33.874825,151.153542,32,0,2,0,2,0,0,0,0,0,7,70,2,14295,14295,3,8,5,3,0,0,1,0
1329968,2,2023,2023,1,4,2,63,17,207,63,0,1,1,-32.202715,141.399501,51,1,0,1,0,0,0,0,0,0,7,110,2,945,945,5,5,40,1,0,0,1,0
1329971,1,2023,2023,1,0,5,2209,17,40,2205,0,1,1,-35.764215,150.151898,23,1,0,0,0,0,0,0,2,0,7,90,2,782,957,5,16,40,1,0,0,0,1
1329973,4,2023,2023,1,1,5,866,17,187,793,0,1,2,-33.795803,150.984545,54,0,2,1,0,0,0,0,2,0,7,70,2,1192,1192,1,8,5,2,0,1,0,0
1329979,2,2023,2023,1,2,8,8,31,234,34609,0,1,9,-34.285392,146.047625,28,2,1,1,0,0,0,0,2,0,7,50,0,340,340,9,5,28,2,0,0,1,0
1329985,4,2023,2023,1,3,10,348,27,363,88,0,1,10,-33.74559,150.690966,55,0,2,1,2,0,0,0,0,2,7,60,2,4026,4026,8,5,40,1,0,1,0,0
1329987,2,2023,2023,1,5,7,2209,17,166,2205,0,1,9,-33.895228,151.181687,69,0,2,1,0,0,0,0,2,0,7,40,2,14295,14295,3,9,41,2,0,0,1,0
1329993,1,2023,2023,1,1,8,26,27,188,17,0,1,1,-33.940128,151.09981,25,0,2,1,3,0,0,0,2,0,7,50,1,1981,1981,4,0,5,2,0,0,0,2
1329994,2,2023,2023,11,4,3,3,27,36,34609,0,1,1,-33.905768,148.080967,51,1,0,1,3,2,0,0,2,0,7,100,0,9859,9859,8,10,40,1,0,0,1,0
1329995,2,2023,2023,11,5,4,2209,17,88,2205,0,1,10,-33.984026,151.1139,25,0,2,1,3,0,0,0,2,2,7,70,2,14295,14295,3,10,5,2,0,0,1,0
1329996,2,2023,2023,1,2,9,9,1,77,4,0,1,9,-33.725831,151.083449,31,0,2,1,2,0,0,0,0,0,7,50,1,623,623,3,0,5,3,0,0,1,0
1329998,1,2023,2023,11,1,4,1,2,7,34609,0,1,2,-32.726273,151.61827,42,2,1,1,3,0,0,0,2,0,7,30,0,9859,9859,8,0,40,1,0,0,0,1
1329999,1,2023,2023,11,2,5,17,27,78,30,1,0,10,-28.323244,153.394283,72,2,1,1,3,0,0,0,2,0,15,50,1,6545,6545,4,30,5,2,0,0,0,1
1330001,1,2023,2023,1,4,4,308,14,88,311,0,1,3,-33.746837,150.846413,7,0,2,1,3,0,0,0,2,0,7,100,2,14295,14295,3,5,5,4,0,0,0,1
1330002,2,2023,2023,11,5,6,103,27,34,98,0,1,1,-32.874223,150.809473,64,1,0,0,3,0,0,0,2,0,7,100,2,1850,1463,5,25,40,1,0,0,1,0
1330005,1,2023,2023,11,6,3,1104,14,140,962,0,1,3,-33.794945,150.843869,7,0,2,1,3,0,0,0,2,0,7,100,2,1383,1383,1,5,0,2,0,0,0,1
1330008,1,2023,2023,11,2,8,165,31,134,34609,0,1,10,-33.67503,150.862531,7,0,2,1,3,0,0,0,2,0,15,50,0,6545,6545,4,5,0,2,0,0,0,2
1330010,1,2023,2023,11,1,4,1052,27,69,262,0,1,2,-32.907333,151.695497,48,0,2,1,3,0,0,0,2,0,7,60,2,14295,14295,3,5,5,2,0,0,0,1
1330014,2,2023,2023,11,2,5,13,27,151,34609,0,1,1,-34.031825,150.848287,13,0,2,1,3,0,0,0,2,0,7,50,0,5929,5929,1,9,5,2,0,0,1,0
1330016,2,2023,2023,1,4,9,149,27,52,198,0,1,1,-33.955962,150.955878,41,0,2,1,3,0,0,0,0,0,7,60,2,14295,14295,3,5,5,3,0,0,1,0
1330017,1,2023,2023,11,0,7,220,17,187,222,0,1,9,-33.79425,150.983293,54,0,2,1,3,0,0,0,2,2,7,70,2,14295,14295,3,8,5,2,0,0,0,1
1330018,4,2023,2023,11,5,1,13,27,5,34609,0,1,1,-32.454236,151.184192,64,1,0,1,3,0,0,0,0,0,7,100,0,9859,9859,8,10,40,1,0,1,0,0
1330021,2,2023,2023,1,6,2,2,27,15,8,0,1,1,-35.774581,146.899316,27,2,1,1,3,0,0,1,0,0,7,50,1,4026,4026,8,5,40,1,0,0,1,0
1330023,1,2023,2023,11,5,6,11,31,273,34609,0,1,1,-34.435031,150.891983,80,0,2,1,3,0,0,0,2,0,7,50,0,14295,14295,3,10,25,2,0,0,0,1
1330024,1,2023,2023,5,5,7,3371,17,104,3342,0,1,2,-32.852411,151.700506,48,0,2,1,1,0,0,0,2,0,14,60,2,14295,14295,3,10,0,2,0,0,0,1
1330027,1,2023,2023,5,3,5,46,1,443,34609,0,1,9,-33.913365,151.046441,15,0,2,1,3,0,0,0,2,0,15,50,0,1109,787,1,5,0,2,0,0,0,1
1330030,2,2023,2023,1,4,8,12,10,89,34609,0,1,9,-28.214045,153.540309,72,2,1,1,3,0,0,0,3,2,7,50,0,5929,5929,1,5,0,3,0,0,1,0
1330036,1,2023,2023,11,3,6,39,36,18,79,0,1,9,-33.785781,151.20108,77,0,2,1,3,0,0,0,2,2,7,60,2,5929,5929,1,5,5,2,0,0,0,2
1330038,1,2023,2023,1,1,7,2261,17,45,2252,0,1,9,-33.88968,150.968266,15,0,2,1,3,0,0,0,2,0,7,70,2,1669,1669,3,9,5,2,0,0,0,1
1330040,2,2023,2023,5,1,4,478,17,70,480,1,2,9,-33.436988,151.351102,16,2,2,1,3,0,3,0,2,2,7,40,2,14295,14295,3,5,0,2,0,0,1,0
1330043,1,2023,2023,5,5,8,478,17,70,480,0,1,10,-33.436096,151.346412,16,2,2,1,3,0,0,0,3,2,7,60,2,14295,14295,3,30,0,2,0,0,0,1
1330045,1,2023,2023,1,6,4,1104,14,104,962,0,1,3,-33.83092,151.020089,54,0,2,1,3,0,0,0,2,0,7,90,2,14295,14295,3,0,5,3,0,0,0,1
1330046,2,2023,2023,1,4,8,229,14,175,237,0,1,3,-33.764303,151.08604,54,0,2,1,0,0,0,0,2,0,7,100,2,14295,14295,3,5,5,2,0,0,1,0
1330047,1,2023,2023,1,0,10,255,27,71,166,1,0,9,-33.26633,151.548512,16,2,2,1,3,0,0,0,0,0,0,50,2,926,926,4,5,5,2,0,0,0,1
1330048,2,2023,2023,11,4,8,10,31,53,118,0,1,10,-31.087202,150.929847,70,2,1,1,3,0,0,0,4,0,0,50,2,14295,14295,3,5,0,2,0,0,2,0
1330049,4,2023,2023,1,6,4,1,10,42,198,0,1,2,-33.945506,150.946472,41,0,2,1,0,0,0,0,2,0,7,60,2,14295,14295,3,5,5,2,0,1,0,0
1330050,1,2023,2023,1,2,5,265,10,445,563,0,1,10,-33.864983,151.041659,21,0,2,1,3,0,0,0,2,2,7,70,2,14295,14295,3,5,0,2,0,0,0,1
1330053,1,2023,2023,1,2,8,283,27,197,702,1,0,2,-33.949973,151.081398,25,0,2,1,3,0,0,0,3,0,7,60,2,14295,14295,3,5,5,2,0,0,0,1
1330054,2,2023,2023,1,0,9,3,1,115,34609,0,1,1,-34.031018,151.073634,68,0,2,1,3,0,0,0,0,0,0,50,0,1981,1981,4,5,5,3,0,0,1,0
1330060,2,2023,2023,1,0,3,101,10,42,33,0,1,1,-34.026339,151.179929,68,0,2,0,3,0,0,0,1,0,7,80,1,3775,3775,0,5,22,2,0,0,1,0
1330063,2,2023,2023,5,4,5,500,27,293,799,0,1,9,-33.931694,151.060095,15,0,2,1,3,0,0,0,2,2,7,60,2,926,926,4,0,5,2,0,0,1,0
1330068,2,2023,2023,11,0,8,5,31,83,34609,0,1,1,-34.450461,150.455258,78,2,1,0,3,2,0,0,2,0,7,50,0,4552,5151,8,5,40,1,0,0,1,0
1330069,1,2023,2023,1,1,6,82,31,179,369,1,0,10,-33.754285,150.712782,55,0,2,1,3,0,3,4,2,2,7,70,2,14295,14295,3,10,0,2,0,0,0,1
1330070,2,2023,2023,1,3,7,1,31,87,34609,0,1,9,-33.687408,150.94542,71,0,2,1,3,0,0,0,2,0,0,60,0,1669,1669,3,5,13,2,0,0,1,0
1330072,1,2023,2023,1,6,8,1104,14,140,962,0,1,3,-33.795539,150.845901,7,0,2,1,3,0,3,4,3,0,7,100,2,14295,14295,3,0,5,2,0,0,0,1
1330076,1,2023,2023,11,5,4,1104,11,532,770,0,1,10,-33.873004,151.204112,69,0,2,1,3,0,0,0,2,2,7,30,2,14295,14295,3,5,13,2,0,0,0,1
1330080,2,2023,2023,1,2,9,5,31,171,34609,0,1,1,-33.809053,150.978233,21,0,2,1,3,0,0,0,0,0,7,50,0,1981,1981,4,5,5,3,0,0,1,0
1330081,2,2023,2023,8,2,7,2126,17,40,2149,0,1,2,-33.705179,150.529465,8,2,2,0,3,0,0,0,2,0,7,80,2,4552,5151,8,10,40,1,0,0,1,0
1330088,1,2023,2023,1,6,7,2209,17,34,2205,0,1,1,-37.078439,149.87223,5,1,0,0,3,0,3,4,2,0,7,100,2,4552,5151,8,5,40,1,0,0,0,1
1330090,1,2023,2023,1,0,4,1,10,252,34609,0,1,7,-33.945262,150.871684,41,0,2,1,3,0,0,0,2,0,0,50,0,623,623,3,10,5,2,0,0,0,1
1330092,1,2023,2023,1,1,8,2126,17,38,2149,0,1,9,-33.775866,150.798698,55,0,2,1,3,0,3,4,2,0,7,80,2,775,775,4,0,0,2,0,0,0,1
1330093,2,2023,2023,1,5,7,168,17,6,212,0,1,1,-35.48153,149.92408,58,1,0,0,3,0,0,3,2,0,7,100,2,3775,3775,0,10,5,2,0,0,1,0