Crash ID,Degree of crash - detailed,Reporting year,Year of crash,Month of crash,Day of week of crash,Two-hour intervals,Street of crash,Street type,Town,Route no.,School zone location,School zone active,Type of location,Latitude,Longitude,LGA,Urbanisation,Conurbation 1,Alignment,Street lighting,Road surface,Surface condition,Weather,Natural lighting,Signals operation,Other traffic control,Speed limit,Road classification,RUM - code,DCA - code,First impact type,Key TU type,Other TU type,No. of traffic units involved,No. killed,No. seriously injured,No. moderately injured,No. minor-other injured
1330094,2,2023,2023,1,4,7,2126,17,223,2149,0,1,2,-33.802401,150.916091,7,0,2,1,3,0,0,0,2,0,7,60,2,4026,4026,8,5,40,1,0,0,1,0
1330095,1,2023,2023,1,2,5,39,27,284,563,0,1,2,-33.899494,151.037116,15,0,2,1,3,0,0,0,2,0,7,70,2,1109,787,1,5,5,2,0,0,0,3
1330096,1,2023,2023,1,6,9,205,27,161,415,0,1,2,-33.734455,151.1541,36,0,2,1,3,0,3,4,0,0,7,60,2,1391,1391,1,15,5,2,0,0,0,1
1330097,1,2023,2023,1,0,3,71,27,2,69,0,1,1,-36.411222,148.402597,65,2,1,0,3,0,1,5,2,0,7,80,2,1282,1282,1,10,0,2,0,0,0,1
1330098,4,2023,2023,1,1,8,37,27,70,34609,0,1,1,-33.903741,150.995412,15,0,2,0,3,0,0,0,2,0,7,50,0,4552,5151,8,5,40,1,0,1,0,0
1330100,1,2023,2023,11,6,9,39,22,65,34609,0,1,1,-33.391681,151.406625,16,2,2,0,3,0,0,0,3,0,7,60,0,4552,5151,8,21,40,1,0,0,0,1
1330101,2,2023,2023,1,5,8,78,27,10,228,0,1,1,-33.051731,151.133412,17,2,1,0,1,0,0,0,3,0,7,80,1,418,714,5,16,40,1,0,0,1,0
1330103,1,2023,2023,8,0,10,103,27,39,98,0,1,1,-33.5538,150.838064,29,2,2,1,3,0,0,6,0,0,7,60,2,475,475,5,9,40,1,0,0,0,1
1330104,2,2023,2023,1,6,8,213,17,10,213,0,1,1,-29.564943,153.114648,18,1,0,1,3,0,0,0,3,0,7,100,2,945,945,5,10,40,1,0,0,2,0
1330108,2,2023,2023,1,4,6,8,1,646,34609,0,1,9,-33.917177,151.040145,15,0,2,1,3,0,0,0,2,2,7,50,0,5929,5929,1,0,13,2,0,0,1,0
1330112,1,2023,2023,1,5,5,39,31,460,34609,0,1,7,-33.843489,151.002723,21,0,2,0,3,0,0,0,2,0,0,50,0,6545,6545,4,5,0,2,0,0,0,1
1330116,2,2023,2023,1,6,3,1,27,24,34609,0,1,1,-36.231994,150.131406,23,2,1,1,3,0,0,0,1,0,7,50,0,1089,1089,7,15,40,1,0,0,1,0
1330117,1,2023,2023,1,0,6,3,27,204,105,0,1,9,-33.889517,150.931754,24,0,2,1,3,0,0,0,2,0,0,60,1,1981,1981,4,5,12,2,0,0,0,1
1330119,1,2023,2023,1,0,4,78,31,253,34609,0,1,1,-33.968939,151.103639,25,0,2,1,3,0,0,0,2,0,7,50,0,248,248,1,5,5,3,0,0,0,1
1330121,2,2023,2023,1,4,7,515,14,166,518,0,1,3,-33.944527,150.983083,15,0,2,1,3,0,0,0,2,0,7,100,2,14295,14295,3,8,36,5,0,0,1,0
1330122,2,2023,2023,1,5,8,57,31,112,34609,0,1,1,-33.914518,150.929822,41,0,2,1,3,0,0,0,2,0,7,50,0,1981,1981,4,0,5,2,0,0,1,0
1330127,4,2023,2023,1,6,8,46,27,22,43,0,1,1,-35.942663,146.879556,27,1,0,1,0,0,3,0,2,0,7,100,1,9859,9859,8,10,40,1,0,1,0,0
1330130,4,2023,2023,6,4,6,40,10,9,174,0,1,1,-32.802298,151.349402,17,2,1,1,0,0,0,3,2,0,7,70,2,1109,397,1,10,19,2,0,1,0,0
1330133,4,2023,2023,1,6,10,234,27,323,217,0,1,1,-33.755105,150.993268,71,0,2,0,2,0,3,3,0,0,7,60,2,4552,5151,8,5,40,1,0,1,0,0
1330134,2,2023,2023,1,5,6,30,31,433,34609,0,1,1,-33.273667,149.122479,52,2,1,0,0,0,0,0,2,0,7,50,0,2040,2040,9,5,28,2,0,0,1,0
1330135,2,2023,2023,1,6,8,8,10,101,9,0,1,9,-32.895781,151.60572,37,0,2,1,2,0,3,4,3,0,15,60,1,6545,6545,4,0,13,2,0,0,2,0
1330137,4,2023,2023,5,3,7,3371,17,207,3342,0,1,1,-33.549258,151.196555,31,0,2,0,0,0,0,0,2,0,7,80,2,1850,1463,5,16,40,1,0,1,0,0
1330138,4,2023,2023,11,2,4,7,27,1,34609,0,1,1,-35.647689,145.195756,51,1,0,0,0,0,0,0,2,0,7,100,0,1850,1463,5,10,40,1,0,1,0,0
1330140,4,2023,2023,1,6,4,251,14,79,124,0,1,3,-33.826836,151.214078,49,0,2,0,1,0,0,0,2,0,7,60,2,1383,1383,1,0,19,2,0,1,0,0
1330141,4,2023,2023,1,4,3,32,27,120,34609,0,1,9,-33.780236,150.875666,7,0,2,1,1,0,0,0,2,0,7,50,0,1220,1220,9,0,28,2,0,1,0,0
1330142,2,2023,2023,1,3,8,485,27,154,769,0,1,9,-33.713725,150.95942,71,0,2,0,2,0,0,0,2,2,7,60,2,6545,6545,4,5,12,2,0,0,1,1
1330143,2,2023,2023,5,3,1,15,1,64,34609,0,1,1,-33.95341,151.001206,15,0,2,1,2,0,0,0,0,0,7,50,0,4026,4026,1,5,0,4,0,0,1,0
1330150,4,2023,2023,11,0,5,387,36,86,69,0,1,2,-33.737804,151.220265,50,0,2,1,1,0,0,0,2,0,7,70,2,9859,9859,8,10,40,1,0,1,0,0
1330153,2,2023,2023,1,5,9,11,31,433,19,1,0,7,-33.281769,149.086498,52,2,1,1,2,0,0,0,0,0,0,50,2,6545,6545,4,10,27,2,0,0,1,0
1330158,1,2023,2023,5,3,9,512,31,31,34609,0,1,1,-33.894444,151.099638,9,0,2,1,2,0,0,0,0,0,7,50,0,1981,1981,4,0,40,2,0,0,0,1
1330159,4,2023,2023,1,0,5,2209,17,40,2205,0,1,2,-34.698829,150.841822,35,2,1,0,3,0,0,0,2,0,7,80,2,1259,5151,8,16,40,1,0,1,0,0
1330162,2,2023,2023,8,3,6,16,31,134,34609,0,1,10,-33.680976,150.875218,7,0,2,1,0,0,0,0,2,0,15,50,0,6545,6545,4,5,0,2,0,0,1,0
1330165,2,2023,2023,11,0,9,21,27,148,60,0,1,9,-36.042893,146.950635,0,2,1,1,2,0,0,0,0,0,8,60,1,926,926,4,5,19,2,0,0,1,0
1330169,1,2023,2023,11,2,6,213,17,1,213,0,1,9,-29.645696,151.975694,51,1,0,1,0,0,0,0,2,0,7,100,2,4552,985,8,5,40,1,0,0,0,1
1330173,4,2023,2023,1,6,4,3,27,202,34609,0,1,1,-33.947006,151.033091,15,0,2,1,1,0,0,0,2,0,7,50,0,1109,787,1,0,12,3,0,1,0,1
1330176,4,2023,2023,5,1,7,21,27,70,97,1,2,1,-33.912486,150.984245,15,0,2,1,1,0,0,0,2,0,7,40,1,2040,2040,9,5,28,2,0,1,0,0
1330177,2,2023,2023,1,6,3,18,10,79,34609,0,1,10,-34.001236,150.739608,12,0,2,1,1,0,0,0,2,2,7,50,0,6545,6545,4,5,36,3,0,0,2,0
1330183,2,2023,2023,11,5,8,30,27,39,93,1,2,9,-33.7574,150.940743,7,0,2,1,1,0,0,0,2,0,7,40,1,9859,9859,8,10,40,1,0,0,1,0
1330185,4,2023,2023,1,1,5,14,31,90,49,1,0,2,-32.92351,151.74263,48,0,2,0,1,0,0,0,2,0,7,60,1,3775,3775,0,5,13,3,0,2,1,0
1330188,1,2023,2023,1,6,0,3371,17,90,3342,0,1,2,-28.255505,153.529093,72,1,0,0,3,0,2,6,0,0,7,110,2,2585,4009,8,10,40,1,0,0,0,1
1330190,1,2023,2023,1,0,6,63,31,130,34609,0,1,9,-33.870024,151.19312,69,0,2,1,0,0,0,0,2,0,7,40,0,28,28,1,5,27,2,0,0,0,1
1330191,2,2023,2023,11,3,4,37,1,198,29,0,1,1,-33.907289,151.100523,15,0,2,1,1,0,0,0,2,0,7,50,1,9859,9859,1,0,5,4,0,0,1,0
1330192,2,2023,2023,1,3,9,1,27,18,34609,0,1,1,-32.751511,151.567856,42,2,1,1,0,2,3,4,0,0,7,60,0,4026,4026,8,5,40,1,0,0,1,0
1330195,4,2023,2023,1,3,3,3371,17,54,3342,0,1,9,-33.225341,151.502964,16,2,2,1,1,0,3,3,2,0,7,60,2,9859,9859,8,0,40,1,0,1,0,0
1330197,4,2023,2023,1,1,5,3,27,8,34609,0,1,1,-29.880054,152.892789,18,2,1,0,0,2,0,0,2,0,7,80,0,2585,4009,8,8,40,1,0,1,0,0
1330199,2,2023,2023,1,4,6,196,10,32,168,0,1,1,-33.924009,150.977161,15,0,2,1,0,0,0,0,2,0,7,60,2,14295,14295,3,5,0,2,0,0,2,0
1330200,2,2023,2023,1,5,3,31,22,84,34609,0,1,2,-33.882501,150.945955,24,0,2,1,0,0,0,0,2,0,7,50,0,9859,9859,1,0,5,2,0,0,2,0
1330204,2,2023,2023,6,1,8,17,27,70,34609,1,0,1,-34.036967,151.084641,68,0,2,1,2,0,0,0,3,0,7,50,0,2040,2040,9,0,28,2,0,0,1,0
1330205,4,2023,2023,1,2,10,229,14,36,237,0,1,3,-33.763304,151.079699,54,0,2,1,2,0,0,0,0,0,7,100,2,9859,9859,8,5,40,1,0,1,0,0
1330208,4,2023,2023,5,3,5,97,27,166,799,0,1,9,-33.932223,151.000207,15,0,2,1,0,0,0,0,2,0,0,70,2,1945,1945,5,16,40,1,0,1,0,0
1330212,2,2023,2023,0,4,7,2126,17,38,2149,0,1,9,-33.776298,150.800889,55,0,2,1,1,0,0,0,2,0,0,80,2,623,623,3,0,19,2,0,0,1,0
1330215,4,2023,2023,1,4,4,7,1,18,34609,0,1,1,-28.856297,153.585104,2,2,1,1,0,0,0,0,2,0,7,50,0,4026,4026,8,5,40,1,0,1,0,0
1330216,2,2023,2023,1,0,5,2126,17,36,2149,0,1,10,-33.885068,151.184604,69,0,2,1,1,0,0,0,2,3,7,60,2,1383,1383,1,16,0,3,0,0,1,0
1330220,1,2023,2023,1,1,4,60,10,121,84,0,1,10,-28.198468,153.543667,72,2,1,1,2,0,0,0,2,2,7,60,1,14295,14295,3,10,0,2,0,0,0,1
1330222,4,2023,2023,1,6,5,63,10,19,34609,0,1,1,-28.205044,153.489127,72,2,1,0,0,0,0,0,2,0,7,60,0,4552,5151,8,0,40,1,0,1,0,0
1330238,4,2023,2023,1,6,3,10,31,87,34609,0,1,0,-34.054951,151.151833,68,0,2,1,0,0,0,0,1,0,7,10,0,214,214,9,10,28,2,0,1,0,0
1330239,1,2023,2023,1,3,8,3,1,10,34609,0,1,9,-34.932924,150.778303,63,2,1,1,1,0,0,0,2,0,8,50,0,368,368,9,21,28,2,0,0,0,1
1330242,4,2023,2023,5,2,6,3371,17,104,3342,0,1,2,-32.824978,151.683417,48,0,2,0,0,0,0,0,2,0,7,80,2,1259,5151,8,16,40,1,0,1,0,0
1330243,2,2023,2023,1,4,6,68,27,278,67,0,1,1,-33.769701,151.03643,54,0,2,1,1,0,0,3,2,0,7,60,1,1383,1383,1,33,19,2,0,0,1,0
1330246,2,2023,2023,1,5,4,60,27,101,262,0,1,2,-32.894157,151.606818,37,0,2,1,0,0,0,0,2,0,7,80,2,14295,14295,3,5,5,2,0,0,1,0
1330248,2,2023,2023,1,4,6,6,31,24,34609,0,1,10,-33.967909,151.251079,59,0,2,1,1,0,0,0,2,0,0,50,0,6545,6545,4,5,0,2,0,0,2,0
1330250,2,2023,2023,5,4,9,16,31,194,34609,0,1,1,-30.505179,151.65812,1,2,1,1,2,0,0,0,0,0,7,50,0,9859,9859,1,5,5,2,0,0,1,0
1330257,2,2023,2023,5,3,5,1,27,9,34609,0,1,1,-29.569125,152.565574,18,1,0,0,0,2,0,0,2,0,7,100,0,4552,5151,8,16,40,1,0,0,1,0
1330258,1,2023,2023,6,6,8,30,27,193,34609,0,1,1,-33.78966,151.070396,61,0,2,1,2,0,3,4,3,0,7,50,0,14295,14295,3,5,5,3,0,0,0,1
1330259,2,2023,2023,1,5,2,23,31,60,19,0,1,1,-33.75048,150.760143,55,0,2,1,2,0,0,1,0,0,7,70,1,9859,9859,8,5,40,1,0,0,1,0
1330260,4,2023,2023,1,3,10,7,27,9,36,0,1,9,-32.681528,151.716707,57,2,1,1,0,0,0,0,0,0,0,80,1,1945,1945,5,16,40,1,0,1,0,0
1330262,1,2023,2023,1,6,9,280,10,237,240,1,0,2,-33.866222,150.955778,24,0,2,1,0,0,0,0,3,0,7,60,2,14295,14295,3,10,0,2,0,0,0,1
1330264,2,2023,2023,1,6,5,21,27,26,10,0,1,1,-32.745075,151.388101,17,2,1,0,0,0,0,0,2,0,7,80,1,1850,777,5,16,40,1,0,0,1,0
1330265,4,2023,2023,5,1,4,1,31,24,34609,1,2,1,-33.961534,151.248875,59,0,2,1,1,0,0,0,2,0,7,40,0,9859,9859,1,0,23,2,0,1,0,0
1330267,4,2023,2023,8,1,8,916,17,172,917,0,1,10,-32.747965,151.582712,42,2,1,1,2,0,0,0,3,0,0,60,2,5929,5929,1,5,19,2,0,1,1,0
1330272,1,2023,2023,1,3,7,1,27,16,34609,0,1,1,-28.390404,153.516588,72,1,0,0,0,0,0,0,2,0,7,100,0,2585,4009,8,30,40,1,0,0,0,2
1330273,4,2023,2023,1,0,5,67,27,225,68,0,1,9,-33.801477,151.18794,77,0,2,1,1,0,0,0,2,2,7,50,1,5929,5929,1,30,13,2,0,1,0,1
1330279,2,2023,2023,1,3,6,485,27,50,769,0,1,9,-33.622876,150.837297,29,2,2,1,0,0,0,0,2,0,15,80,2,2852,2852,4,10,5,2,0,0,2,0
1330281,2,2023,2023,6,1,0,4,27,204,34609,0,1,1,-33.890626,150.927807,24,0,2,1,2,0,0,0,0,0,7,50,0,9859,9859,1,21,12,2,0,0,1,0
1330282,4,2023,2023,1,1,9,125,27,155,75,0,1,10,-33.492792,151.315093,16,2,2,1,2,0,0,0,0,0,15,60,1,6545,6545,4,5,5,2,0,1,1,0
1330284,2,2023,2023,5,4,9,293,31,523,198,0,1,2,-33.928377,150.918289,41,0,2,0,2,0,0,0,2,0,7,60,2,1850,1463,5,15,40,1,0,0,1,0
1330285,4,2023,2023,11,0,11,4,27,2,34609,0,1,1,-30.866726,150.45915,51,2,1,1,0,2,0,0,0,0,7,80,0,14295,14295,3,10,13,2,0,1,0,0
1330288,2,2023,2023,1,0,9,2261,17,284,2252,0,1,9,-33.907399,151.023948,15,0,2,1,2,0,0,0,0,2,7,60,2,5929,5929,1,5,5,2,0,0,1,1
1330293,2,2023,2023,1,3,6,23,36,13,62,0,1,1,-30.067472,152.984141,18,1,0,1,0,0,0,0,2,0,7,100,1,83,83,5,16,40,1,0,0,1,0
1330294,2,2023,2023,1,4,6,149,10,346,702,0,1,10,-33.86795,151.064387,67,0,2,1,1,0,3,4,2,2,7,80,2,14295,14295,3,5,5,2,0,0,1,0
1330296,4,2023,2023,8,2,9,106,27,252,106,0,1,2,-33.926594,150.896439,41,0,2,1,2,0,0,0,3,2,7,70,2,1220,1220,9,5,26,2,0,1,0,0
1330299,4,2023,2023,11,3,3,105,17,223,136,0,1,9,-33.806604,150.916558,7,0,2,1,0,0,0,0,2,2,7,40,2,14295,14295,3,5,5,2,0,1,0,0
1330300,2,2023,2023,8,3,6,829,27,123,770,0,1,10,-33.814375,151.056244,54,0,2,1,1,0,0,0,2,2,7,70,2,5929,5929,1,5,5,2,0,0,1,0
1330302,4,2023,2023,1,4,8,19,31,24,34609,0,1,10,-33.965177,151.250424,59,0,2,1,1,0,0,0,2,0,15,50,0,6545,6545,4,22,13,2,0,1,0,0
1330303,1,2023,2023,5,2,4,229,14,323,237,0,1,3,-33.768409,150.996335,71,0,2,1,1,0,0,0,2,0,7,100,2,1192,1192,1,10,36,2,0,0,0,1
1330304,4,2023,2023,11,6,11,6,27,132,34609,0,1,1,-29.764629,151.098773,33,2,1,1,0,0,0,0,0,0,7,80,0,1089,1089,7,16,40,1,0,1,0,0
1330307,2,2023,2023,5,6,4,118,27,646,118,0,1,9,-33.927125,151.030327,15,0,2,1,0,0,0,0,2,0,7,60,1,340,340,9,30,28,2,0,0,2,0
1330317,4,2023,2023,11,6,7,12,27,39,34609,0,1,9,-32.723753,152.077945,57,2,1,1,0,0,0,0,2,0,15,50,0,5929,5929,1,0,0,2,0,1,0,1
1330318,2,2023,2023,5,2,6,111,27,102,233,0,1,9,-33.967225,151.231245,59,0,2,0,1,0,0,0,2,2,7,60,2,5929,5929,1,0,27,2,0,0,1,0
1330319,2,2023,2023,1,1,4,13,1,562,34609,0,1,9,-32.259038,148.628869,22,2,1,1,1,0,0,0,2,0,7,60,0,926,926,4,5,0,3,0,0,2,0
1330322,4,2023,2023,5,4,5,2261,17,284,2252,0,1,9,-33.907399,151.023948,15,0,2,1,1,0,0,0,2,2,7,60,2,5929,5929,1,5,5,2,0,1,0,0
1330328,4,2023,2023,5,4,7,195,27,76,186,0,1,2,-33.922013,150.850023,41,0,2,1,2,0,0,0,2,0,7,70,2,14295,14295,3,0,13,2,0,1,0,0
1330331,2,2023,2023,1,4,0,1052,14,59,928,0,1,3,-33.164326,151.46849,37,0,2,1,0,0,2,6,0,0,7,110,2,4026,4026,8,29,40,1,0,0,1,0
1330343,2,2023,2023,8,3,7,24,27,7,24,0,1,1,-34.859402,150.714897,63,2,1,1,0,0,3,3,2,0,7,80,1,9859,9859,8,34,40,1,0,0,1,0
1330345,4,2023,2023,8,0,0,36,27,106,35,0,1,1,-33.891697,151.173846,32,0,2,1,2,0,0,0,0,0,7,50,1,9859,9859,1,0,5,4,0,2,1,0
1330347,4,2023,2023,8,1,3,36,27,10,72,0,1,1,-28.7246,153.420213,10,1,0,1,0,0,0,0,1,0,7,100,2,3775,3775,0,0,12,2,0,2,0,0
1330349,2,2023,2023,0,2,3,2126,17,17,2149,0,1,1,-33.448757,149.821727,3,1,0,1,3,0,3,4,1,0,7,100,2,404,404,8,5,40,1,0,0,1,0
1330350,4,2023,2023,8,6,6,53,36,13,34,0,1,1,-33.301073,148.688283,11,1,0,0,0,0,0,0,2,0,7,100,2,4552,5151,8,5,40,1,0,1,0,0
1330351,4,2023,2023,8,3,5,112,27,16,769,0,1,1,-33.556025,150.698683,29,2,2,1,0,0,0,0,2,0,7,80,2,14295,14295,3,0,5,3,0,1,1,2
1330353,2,2023,2023,8,0,10,9,27,55,34609,0,1,1,-33.372817,151.462406,16,2,2,1,2,0,0,0,0,0,7,50,0,9859,9859,1,5,13,2,0,0,1,0
1330354,4,2023,2023,8,4,8,33,27,16,41,0,1,1,-33.747065,150.746671,55,0,2,1,0,0,0,0,0,0,7,70,1,14295,14295,3,5,13,2,0,1,0,0
1330357,2,2023,2023,8,3,1,1,6,41,34609,0,1,9,-33.729806,150.819627,7,0,2,1,0,0,3,4,0,0,7,50,0,9859,9859,1,0,5,2,0,0,1,0
1330358,4,2023,2023,8,3,8,112,27,19,769,0,1,1,-33.556342,150.342988,8,2,2,0,0,0,0,0,3,0,7,80,2,3775,3775,0,10,5,2,0,1,2,0
1330359,4,2023,2023,8,6,8,13,27,5,34609,0,1,1,-31.437536,152.697184,56,2,1,1,0,0,0,0,0,0,7,80,0,9859,9859,8,8,40,1,0,1,0,0
1330360,2,2023,2023,8,3,1,2,27,2,34609,0,1,1,-35.511487,145.261477,51,1,0,1,0,0,3,0,0,0,7,100,0,4026,4026,8,10,40,1,0,0,1,0
1330363,4,2023,2023,6,5,8,77,31,445,563,0,1,9,-33.87146,151.042403,21,0,2,1,0,0,0,0,3,0,7,70,2,775,775,4,5,19,2,0,1,0,0
1330364,2,2023,2023,6,2,5,5,31,161,96,1,0,1,-33.887812,151.147258,32,0,2,1,1,0,0,0,2,0,7,50,2,9859,9859,1,5,5,3,0,0,1,0
1330365,2,2023,2023,8,3,3,14,27,14,34609,0,1,1,-34.430409,148.493012,30,1,0,0,0,0,0,0,0,0,7,100,0,4552,5151,8,5,40,1,0,0,1,0
1330366,4,2023,2023,8,6,7,348,27,73,88,0,1,9,-33.705091,150.695985,55,0,2,0,1,0,0,0,2,0,15,80,2,5929,5929,1,10,13,2,0,1,0,1
1330367,4,2023,2023,8,2,7,7,31,53,34609,0,1,1,-31.867303,152.370849,43,2,1,0,1,0,0,0,2,0,7,50,0,4552,5151,1,5,0,2,0,1,1,0
1330368,4,2023,2023,6,5,4,57,27,337,47,0,1,9,-33.733049,151.002651,71,0,2,1,2,0,0,0,2,2,7,60,2,5929,5929,1,0,41,2,0,1,0,0
1330370,4,2023,2023,8,1,7,916,17,66,917,0,1,2,-32.812978,151.659508,48,0,2,0,0,0,0,0,2,0,7,90,2,2585,4009,8,5,40,1,0,1,0,0
1330373,4,2023,2023,6,3,10,916,17,77,917,0,1,10,-32.561079,151.174561,64,2,1,1,2,0,3,0,0,0,15,50,2,1850,777,5,16,40,1,0,1,0,0
1330376,4,2023,2023,6,0,5,112,27,370,256,0,1,2,-34.052223,150.824378,13,0,2,1,1,0,0,0,2,0,7,60,2,14295,14295,3,10,5,2,0,1,0,0
1330377,4,2023,2023,6,5,3,51,27,16,63,0,1,10,-34.562422,150.836579,62,0,2,1,1,0,0,0,2,2,7,70,2,5929,5929,1,5,0,2,0,2,0,0
1330378,2,2023,2023,8,6,8,6,27,30,34609,0,1,1,-34.76308,146.641807,51,1,0,0,0,0,0,0,0,0,7,100,0,2585,4009,8,10,40,1,0,0,2,0
1330380,1,2023,2023,6,2,3,3371,17,53,3342,0,1,10,-32.925214,151.759429,48,0,2,1,0,0,0,0,2,2,9,60,2,6545,6545,4,22,5,2,0,0,0,1
1330381,2,2023,2023,6,5,10,7,27,8,34609,0,1,1,-33.701456,150.808131,7,0,2,1,2,0,0,0,0,0,7,50,0,9859,9859,1,5,5,4,0,0,1,0
1330382,2,2023,2023,5,1,9,4,27,4,34609,0,1,1,-30.726298,152.964093,47,2,1,1,0,0,3,4,0,0,7,80,0,220,220,8,30,40,1,0,0,1,0
1330383,2,2023,2023,5,5,8,191,17,562,189,0,1,1,-32.243803,148.60961,22,2,1,1,2,0,3,4,3,0,7,60,2,1282,1282,1,5,5,4,0,0,1,0
1330384,2,2023,2023,5,3,8,2,31,18,34609,1,0,9,-32.953898,151.664771,37,0,2,1,1,0,0,0,2,0,15,50,0,489,489,8,10,40,1,0,0,1,0
1330386,2,2023,2023,8,6,9,829,27,125,770,0,1,9,-33.838045,151.133132,51,0,2,1,2,0,0,0,0,0,7,70,2,775,775,4,10,5,2,0,0,1,0
1330387,4,2023,2023,8,4,3,90,31,112,165,0,1,2,-33.906646,151.213556,69,0,2,1,2,0,0,0,1,0,7,80,2,14295,14295,3,9,5,4,0,1,2,0
1330388,2,2023,2023,6,0,10,2,27,2,34609,0,1,1,-28.347814,153.162594,72,1,0,0,1,0,0,0,0,0,7,100,0,4552,5151,8,5,40,1,0,0,1,0
1330389,2,2023,2023,6,3,8,2261,17,140,2252,0,1,2,-33.892675,150.98293,15,0,2,0,2,0,0,0,3,0,7,70,2,1850,1463,5,16,40,1,0,0,1,0
1330390,2,2023,2023,6,0,5,18,27,246,34609,0,1,1,-33.914584,151.187182,69,0,2,1,3,0,0,0,2,0,7,50,0,395,395,1,5,10,2,0,0,1,0
1330392,4,2023,2023,5,2,7,8,27,13,34609,0,1,1,-33.439488,150.232312,40,1,0,0,0,2,0,3,2,0,7,100,0,3775,3775,0,16,13,2,0,1,0,0
1330394,4,2023,2023,5,3,2,1104,14,223,962,0,1,6,-33.803707,150.898112,7,0,2,1,2,0,0,0,1,0,7,100,2,14295,14295,3,5,5,2,0,1,1,0
1330395,4,2023,2023,8,0,8,2126,17,17,2149,0,1,9,-33.714257,150.594053,8,2,2,0,0,0,0,0,2,0,0,80,2,2852,2852,4,19,22,2,0,2,6,1
1330396,4,2023,2023,5,2,6,2261,17,346,2252,0,1,2,-33.889337,151.090223,67,0,2,1,0,0,0,0,2,0,7,60,2,9859,9859,8,0,40,1,0,1,0,0
1330397,4,2023,2023,5,4,6,9,31,147,69,0,1,10,-33.870147,151.130927,14,0,2,1,1,0,0,0,2,2,9,60,2,1220,1220,9,5,28,2,0,1,0,0
1330398,4,2023,2023,6,2,5,19,31,225,12,0,1,1,-33.791409,151.183444,77,0,2,1,1,0,0,0,2,0,7,50,1,387,387,1,22,0,2,0,1,0,0
1330399,4,2023,2023,6,4,8,3371,17,21,3342,0,1,2,-31.976714,152.466302,43,1,0,0,0,0,3,0,3,0,7,110,2,380,714,5,5,40,1,0,1,1,0
1330401,2,2023,2023,5,5,9,23,27,136,101,0,1,7,-32.934543,151.712549,48,0,2,0,3,0,0,0,3,2,0,60,2,14295,14295,3,5,41,2,0,0,1,0
1330402,4,2023,2023,5,5,5,46,31,35,34609,0,1,2,-31.079604,152.841974,34,2,1,1,0,0,0,0,2,0,7,10,1,2040,2040,9,5,28,2,0,1,0,0
1330406,2,2023,2023,5,2,0,38,27,189,165,0,1,9,-33.95119,151.058925,25,0,2,1,2,0,0,0,0,0,7,50,1,9859,9859,1,10,13,6,0,0,1,0
1330408,4,2023,2023,5,3,0,89,36,2,19,0,1,1,-28.873852,152.649142,51,1,0,0,0,2,0,0,0,0,7,100,1,2585,4009,8,0,40,1,0,1,0,0
1330409,2,2023,2023,6,5,8,40,31,175,34609,0,1,7,-33.767427,151.084515,54,0,2,1,0,0,0,0,3,0,0,50,0,775,775,4,0,27,2,0,0,1,0
1330410,2,2023,2023,5,2,11,22,27,14,26,0,1,1,-35.066511,147.377168,75,2,1,0,0,0,0,0,0,0,7,80,1,782,957,5,5,40,1,0,0,1,0
1330412,2,2023,2023,5,5,5,4,1,123,34609,0,1,9,-33.814631,151.056337,54,0,2,1,1,0,0,0,2,0,7,50,0,5929,5929,1,15,5,2,0,0,1,0
1330414,2,2023,2023,8,1,7,177,22,210,176,0,1,10,-34.034818,151.10688,68,0,2,1,0,0,0,0,2,0,7,60,2,6545,6545,4,5,36,2,0,0,1,0
1330415,4,2023,2023,8,2,4,33,27,33,154,0,1,2,-33.783365,150.87258,7,0,2,1,0,0,0,0,2,0,7,70,1,9859,9859,8,0,40,1,0,1,0,0
1330420,4,2023,2023,5,4,7,2,27,32,34609,0,1,1,-34.243584,150.625298,79,2,2,0,0,0,0,0,2,0,7,80,0,2585,4009,8,16,40,1,0,1,0,0
1330421,2,2023,2023,5,6,8,346,17,19,332,0,1,1,-28.86727,153.258049,39,1,0,0,0,0,0,0,3,0,7,100,2,4552,5151,8,5,40,2,0,0,2,0
1330422,4,2023,2023,5,6,8,866,17,112,793,0,1,9,-33.910384,150.91898,41,0,2,1,1,0,0,0,2,2,7,70,2,14295,14295,3,16,0,2,0,1,0,0
1330423,4,2023,2023,5,2,4,60,27,253,331,0,1,10,-33.963361,151.103048,25,0,2,1,1,0,0,0,2,2,7,60,2,5929,5929,1,5,36,2,0,1,0,0
1330430,2,2023,2023,8,2,5,829,27,165,770,0,1,2,-33.858432,151.161769,14,0,2,1,0,0,0,0,2,0,7,60,2,14295,14295,3,5,5,2,0,0,1,0
1330432,2,2023,2023,5,2,4,86,27,12,65,0,1,1,-29.927367,152.741734,18,1,0,1,0,0,0,0,2,0,7,100,1,323,323,1,16,13,2,0,0,1,1
1330438,4,2023,2023,5,6,8,12,27,39,39,0,1,1,-33.563077,150.838585,29,2,2,1,2,0,0,0,3,0,7,60,2,9859,9859,8,5,40,1,0,2,0,0
1330439,2,2023,2023,1,5,3,7,27,197,22,0,1,9,-33.800037,151.118324,61,0,2,1,0,0,0,0,2,0,0,60,1,5929,5929,1,19,5,2,0,0,1,0
1330440,2,2023,2023,5,5,7,8,27,284,34609,0,1,1,-33.897182,151.017619,15,0,2,1,1,0,0,0,2,0,7,50,0,9859,9859,1,0,5,2,0,0,1,0