Crash ID,Degree of crash - detailed,Reporting year,Year of crash,Month of crash,Day of week of crash,Two-hour intervals,Street of crash,Street type,Town,Route no.,School zone location,School zone active,Type of location,Latitude,Longitude,LGA,Urbanisation,Conurbation 1,Alignment,Street lighting,Road surface,Surface condition,Weather,Natural lighting,Signals operation,Other traffic control,Speed limit,Road classification,RUM - code,DCA - code,First impact type,Key TU type,Other TU type,No. of traffic units involved,No. killed,No. seriously injured,No. moderately injured,No. minor-other injured
1330442,2,2023,2023,5,4,4,109,27,169,34609,0,1,1,-33.770476,150.84308,7,0,2,1,1,0,0,0,2,0,7,40,0,1282,1282,1,0,40,2,0,0,1,0
1330443,2,2023,2023,5,4,10,42,31,107,34609,1,0,9,-29.682318,152.930712,18,2,1,1,2,0,0,0,0,0,7,50,0,489,489,8,5,40,1,0,0,1,0
1330444,4,2023,2023,5,1,3,39,27,2,29,0,1,1,-32.457915,149.686722,44,1,0,1,0,0,0,0,1,0,7,100,1,9859,9859,8,10,40,1,0,1,0,0
1330446,2,2023,2023,5,4,3,47,31,218,34609,0,1,10,-33.777608,150.773686,55,0,2,1,1,0,0,0,2,0,0,50,0,941,941,1,5,5,2,0,0,2,0
1330447,2,2023,2023,5,6,4,1104,14,323,962,0,1,3,-33.794278,150.840793,7,0,2,1,0,0,3,0,2,0,7,100,2,1282,1282,1,29,5,2,0,0,2,0
1330451,2,2023,2023,6,4,5,225,17,76,180,0,1,1,-34.546902,150.373936,78,2,1,1,0,0,0,0,2,0,7,50,2,14295,14295,3,8,5,5,0,0,2,0
1330454,4,2023,2023,6,4,8,387,27,290,331,0,1,9,-33.952479,151.122719,4,0,2,1,2,0,0,0,3,2,7,60,2,1282,1282,1,30,5,2,0,1,0,0
1330455,4,2023,2023,5,0,8,2126,17,363,2149,0,1,9,-33.821896,151.004261,54,0,2,1,1,0,0,0,3,0,0,60,2,2040,2040,9,10,28,2,0,1,0,0
1330457,4,2023,2023,6,0,7,52,27,438,103,0,1,10,-33.863758,151.018542,21,0,2,1,1,0,0,0,2,1,7,50,1,5929,5929,1,5,5,2,0,1,0,0
1330458,2,2023,2023,5,0,4,3371,17,32,3342,0,1,7,-31.940849,152.47543,43,2,1,1,0,0,0,0,2,0,0,70,2,515,515,1,5,13,2,0,0,1,0
1330459,4,2023,2023,5,4,11,69,31,93,34609,0,1,1,-36.09042,146.932759,0,2,1,0,2,0,0,0,0,0,7,60,0,4552,5151,8,30,40,1,0,1,1,0
1330462,1,2023,2023,1,6,4,4,1,99,34609,0,1,1,-33.894857,151.274145,76,0,2,1,1,0,0,0,2,0,7,10,0,368,368,9,33,28,2,0,0,0,1
1330466,2,2023,2023,1,2,5,161,17,4,161,0,1,1,-36.241347,149.066124,65,1,0,1,0,0,0,0,2,0,7,100,2,1669,1669,3,10,5,3,0,0,3,0
1330468,2,2023,2023,1,2,8,2126,17,19,2149,0,1,1,-33.433952,149.916987,40,1,0,0,0,0,0,0,2,0,7,100,2,1850,1463,5,10,40,1,0,0,1,0
1330470,1,2023,2023,1,0,10,76,31,39,34609,0,1,1,-31.059638,152.822604,34,2,1,1,2,0,0,0,0,0,7,50,0,1220,1220,9,0,28,2,0,0,0,1
1330475,4,2023,2023,1,3,5,213,17,7,213,0,1,1,-29.635762,152.764784,18,1,0,0,0,0,0,0,2,0,7,100,2,2585,4009,8,16,40,1,0,1,0,0
1330478,1,2023,2023,1,6,9,158,27,173,207,0,1,0,-33.876741,151.227285,69,0,2,1,2,0,0,0,0,0,7,60,2,1282,1282,1,5,12,2,0,0,0,1
1330479,2,2023,2023,1,1,7,2209,17,35,2205,0,1,2,-34.049863,151.051612,68,0,2,0,0,0,3,4,2,0,7,80,2,3775,3775,0,5,5,2,0,0,1,0
1330485,2,2023,2023,1,2,7,512,10,18,34609,0,1,1,-33.531033,150.780483,29,2,2,1,1,0,0,0,2,0,7,50,0,3775,3775,0,5,5,2,0,0,1,0
1330491,4,2023,2023,1,0,3,515,14,197,518,0,1,3,-33.942858,151.078179,15,0,2,1,1,0,0,0,2,0,7,80,2,1391,1391,1,8,19,4,0,1,0,0
1330492,4,2023,2023,1,6,8,46,27,219,34609,0,1,7,-32.887535,151.656737,48,0,2,0,1,0,0,0,2,0,0,60,0,1850,1463,5,16,40,1,0,1,0,0
1330496,1,2023,2023,5,3,8,32,27,78,28,0,1,7,-33.914849,150.786157,41,0,2,1,2,0,0,0,0,0,0,70,1,6545,6545,4,5,5,2,0,0,0,1
1330498,4,2023,2023,5,6,7,45,31,43,81,0,1,2,-32.173377,152.498636,43,2,1,1,1,0,0,0,2,0,7,50,2,340,340,9,33,28,2,0,1,0,0
1330501,2,2023,2023,1,5,8,104,27,387,140,0,1,1,-33.920938,151.192578,4,0,2,1,2,0,0,0,0,0,7,60,2,5929,5929,1,10,19,2,0,0,1,0
1330505,2,2023,2023,1,3,6,12,31,61,34609,0,1,1,-35.522479,144.960635,51,2,1,1,3,0,0,0,2,0,7,50,0,4026,4026,1,10,36,6,0,0,1,0
1330506,1,2023,2023,1,3,7,4,27,2,4,0,1,1,-36.239633,149.143839,65,2,1,0,3,0,3,3,2,0,7,80,1,273,957,5,5,40,1,0,0,0,1
1330509,2,2023,2023,1,2,8,11,1,234,34609,0,1,1,-34.284908,146.065267,28,2,1,1,0,0,0,0,3,0,7,50,0,1981,1981,4,5,12,2,0,0,1,0
1330510,1,2023,2023,1,0,7,35,27,71,24,0,1,9,-33.761961,150.693868,55,0,2,1,3,0,0,0,2,0,7,60,1,515,515,1,5,5,2,0,0,0,1
1330511,1,2023,2023,5,5,8,39,27,137,80,0,1,1,-32.970395,151.695789,37,0,2,1,3,0,0,0,2,0,7,60,1,1981,1981,4,0,0,2,0,0,0,1
1330513,2,2023,2023,5,4,1,2126,17,363,2149,0,1,10,-33.819461,151.00008,54,0,2,1,2,0,0,0,0,2,7,60,2,1945,1945,5,16,40,1,0,0,1,0
1330516,2,2023,2023,1,6,5,15,1,363,16,0,1,1,-33.743431,150.692592,55,0,2,1,0,0,0,0,2,0,7,60,1,1981,1981,4,3,0,2,0,0,1,0
1330517,2,2023,2023,1,0,8,133,27,66,260,0,1,9,-32.927619,151.645528,37,0,2,1,1,0,0,0,3,0,0,60,2,2852,2852,4,5,13,3,0,0,1,0
1330520,4,2023,2023,1,4,4,113,27,218,111,0,1,9,-33.777339,150.772256,55,0,2,1,1,0,3,0,2,0,0,60,2,1282,1282,1,5,22,2,0,1,0,0
1330524,1,2023,2023,1,1,9,6,23,147,34609,0,1,1,-33.755409,151.287527,50,0,2,0,2,0,3,4,0,0,7,40,0,1850,1463,5,15,40,1,0,0,0,1
1330525,4,2023,2023,1,0,7,6,31,87,34609,0,1,9,-34.485656,150.418873,78,2,1,1,0,0,0,0,2,0,7,50,0,5929,5929,1,5,5,2,0,1,0,0
1330528,2,2023,2023,1,4,11,35,27,84,33,0,1,10,-33.777802,151.107986,61,0,2,1,2,0,3,4,0,2,7,70,1,14295,14295,3,0,0,3,0,0,1,0
1330529,2,2023,2023,11,0,5,222,31,173,15,0,1,1,-33.879039,151.224766,69,0,2,0,0,0,0,0,2,0,7,40,1,1981,1981,4,0,18,2,0,0,1,0
1330530,4,2023,2023,1,1,7,3371,17,52,3342,0,1,1,-33.262205,151.460803,16,2,2,1,0,0,0,0,2,0,7,70,2,14295,14295,3,10,5,2,0,1,0,0
1330538,2,2023,2023,1,4,7,3371,17,92,3342,0,1,1,-33.397122,151.344664,16,2,2,0,1,0,0,0,2,0,7,60,2,14295,14295,3,0,12,2,0,0,1,0
1330539,2,2023,2023,11,5,6,35,1,43,52,0,1,9,-33.724915,150.788253,7,0,2,1,1,0,0,0,2,2,7,70,1,5929,5929,1,5,5,2,0,0,2,0
1330541,2,2023,2023,1,5,9,92,31,363,34609,0,1,1,-33.754482,150.701468,55,0,2,1,2,0,0,0,0,0,7,50,0,4026,4026,1,0,0,2,0,0,1,0
1330542,2,2023,2023,1,0,6,98,27,43,34609,0,1,9,-33.550527,150.817992,29,2,2,1,0,0,0,0,2,0,7,80,0,2852,2852,4,5,13,2,0,0,1,0
1330543,2,2023,2023,1,1,6,2261,17,370,2252,0,1,6,-34.060073,150.788879,13,0,2,1,3,0,0,0,2,0,7,80,2,9859,9859,8,0,40,1,0,0,1,0
1330549,2,2023,2023,11,4,8,30,27,57,52,0,1,1,-33.903486,151.172583,32,0,2,1,1,0,0,0,2,0,7,60,1,1981,1981,4,0,36,2,0,0,1,0
1330550,4,2023,2023,11,3,8,26,10,8,68,0,1,7,-34.078849,150.797731,13,0,2,1,1,0,0,0,2,0,0,60,1,6545,6545,4,5,27,2,0,1,0,0
1330556,4,2023,2023,1,6,7,97,31,142,92,0,1,9,-33.827472,150.994034,21,0,2,1,1,0,0,0,2,0,7,60,1,9859,9859,8,0,40,1,0,1,0,0
1330558,4,2023,2023,1,0,6,40,27,122,45,1,0,9,-33.418699,151.341118,16,2,2,1,1,0,0,0,2,0,0,60,1,1282,1282,1,16,5,2,0,1,0,0
1330563,4,2023,2023,11,5,7,109,36,28,108,0,1,1,-28.327625,153.407275,72,2,1,1,1,0,0,0,2,0,7,60,1,9859,9859,1,10,5,2,0,1,0,0
1330566,1,2023,2023,11,2,5,30,27,55,93,0,1,9,-33.746549,150.908893,7,0,2,1,3,0,0,0,2,0,0,60,1,623,623,3,5,5,2,0,0,0,1
1330567,1,2023,2023,11,2,7,26,31,646,118,0,1,9,-33.914197,151.031894,15,0,2,1,3,0,0,0,2,2,7,60,1,14295,14295,3,5,5,3,0,0,0,2
1330570,2,2023,2023,1,0,4,234,27,112,217,0,1,9,-33.650823,151.020146,31,0,2,1,3,0,0,0,2,0,7,60,2,926,926,4,0,0,3,0,0,1,0
1330572,1,2023,2023,11,4,4,21,14,77,21,0,1,6,-33.920482,151.166457,32,0,2,1,3,0,0,0,2,0,7,80,2,14295,14295,3,10,5,2,0,0,0,1
1330574,2,2023,2023,11,0,2,168,17,14,212,0,1,1,-35.277784,149.690761,58,1,0,0,3,0,3,4,1,0,7,100,2,273,957,5,10,40,1,0,0,1,0
1330575,1,2023,2022,2,6,8,72,27,82,102,1,0,2,-33.7953,151.255766,50,0,2,1,3,0,0,0,2,0,7,60,2,1981,1981,4,8,22,2,0,0,0,1
1330576,2,2023,2023,11,5,8,1052,14,39,928,0,1,3,-32.895383,151.578674,37,0,2,1,3,0,0,0,2,0,7,110,2,1282,1282,1,21,12,2,0,0,1,0
1330580,1,2023,2023,11,1,4,866,17,278,793,0,1,9,-33.777714,151.051952,54,0,2,1,3,0,0,0,2,2,7,60,2,14295,14295,3,8,36,2,0,0,0,1
1330581,4,2023,2023,1,6,10,251,14,79,124,0,1,2,-33.826538,151.212812,49,0,2,0,3,0,0,0,0,0,7,50,2,14295,14295,3,16,5,2,0,1,0,0
1330582,1,2023,2023,1,4,8,21,31,91,34609,0,1,1,-33.985785,150.890158,13,0,2,1,3,0,0,0,0,0,7,50,0,1981,1981,4,30,5,2,0,0,0,1
1330584,2,2023,2023,11,2,5,77,10,45,331,0,1,10,-34.276617,150.576502,79,2,2,1,3,0,0,0,2,0,15,80,1,775,775,4,5,13,2,0,0,1,0
1330587,1,2023,2023,11,4,7,387,36,115,69,0,1,10,-33.745719,151.222475,50,0,2,1,3,0,0,0,2,2,7,70,2,1383,1383,1,5,0,4,0,0,0,1
1330591,1,2023,2023,11,2,9,346,17,9,332,0,1,1,-28.897093,152.465598,51,1,0,0,3,0,0,0,3,0,7,100,2,380,714,5,0,40,1,0,0,0,1
1330594,2,2023,2023,11,2,8,125,31,438,44,0,1,10,-33.850664,151.035898,21,0,2,1,3,0,0,0,2,0,7,50,1,5929,5929,1,0,5,2,0,0,1,0
1330597,1,2023,2023,11,2,8,50,27,125,51,0,1,7,-33.854114,151.077487,67,0,2,0,3,0,0,0,3,3,9,60,1,6545,6545,4,5,12,2,0,0,0,1
1330598,2,2023,2023,1,1,4,34,31,79,8,1,2,1,-33.82704,151.210025,49,0,2,1,3,0,0,0,2,0,7,40,1,14295,14295,3,10,5,2,0,0,1,0
1330599,1,2023,2023,11,1,5,5,31,64,34609,0,1,1,-33.761884,151.216511,50,0,2,1,3,0,0,0,2,0,7,50,0,1981,1981,4,0,36,2,0,0,0,1
1330602,4,2023,2023,11,5,6,1052,14,60,928,0,1,3,-33.425938,151.230211,16,1,2,0,3,0,0,0,2,0,7,110,2,14295,14295,3,9,5,2,0,1,0,0
1330605,2,2023,2023,11,6,11,2,23,59,34609,0,1,1,-34.332006,150.901771,80,0,2,1,3,0,0,0,0,0,7,50,0,9859,9859,1,10,36,3,0,0,1,0
1330607,1,2023,2023,11,0,4,2126,17,223,2149,0,1,10,-33.805033,150.927543,7,0,2,1,3,0,0,0,2,1,7,80,2,14295,14295,3,0,5,2,0,0,0,1
1330608,1,2023,2023,1,0,7,9,27,252,34609,0,1,1,-33.934459,150.88541,41,0,2,1,3,0,0,0,2,0,7,60,0,217,217,1,10,13,2,0,0,0,1
1330611,1,2023,2023,11,6,9,229,14,323,237,0,1,3,-33.767385,151.001775,54,0,2,1,3,0,0,0,3,0,7,100,2,1383,1383,1,3,5,2,0,0,0,1
1330612,1,2023,2023,11,0,4,85,10,38,702,0,1,2,-33.83714,151.084215,14,0,2,1,3,0,3,4,2,0,7,70,2,14295,14295,3,10,0,2,0,0,0,1
1330618,2,2023,2023,11,0,5,143,31,123,181,0,1,2,-33.884851,151.225363,81,0,2,1,3,0,3,4,2,0,7,50,2,1383,1383,1,0,0,2,0,0,1,0
1330620,1,2023,2023,1,4,4,2261,17,346,2252,0,1,9,-33.885847,151.068928,67,0,2,0,3,0,0,0,2,2,7,60,2,14295,14295,3,33,5,2,0,0,0,1
1330621,1,2023,2023,11,3,5,2261,17,523,2252,0,1,10,-33.934569,150.915777,41,0,2,1,3,0,0,3,2,2,7,60,2,14295,14295,3,5,5,2,0,0,0,1
1330624,1,2023,2023,11,0,6,8,27,7,36,0,1,1,-33.603714,150.889256,29,2,2,1,3,0,0,0,2,0,7,70,1,1945,1945,5,16,40,1,0,0,0,1
1330625,1,2023,2023,1,5,3,3371,17,225,3342,0,1,10,-33.796098,151.177998,77,0,2,0,0,0,3,4,2,2,15,60,2,1669,1669,3,5,0,2,0,0,0,1
1330626,1,2023,2023,1,0,8,125,27,38,144,0,1,7,-32.789044,151.903062,57,2,1,0,3,0,0,0,2,0,0,80,2,515,515,1,19,13,2,0,0,0,1
1330627,2,2023,2023,11,0,10,2,1,161,34609,0,1,1,-33.723019,151.152084,36,0,2,1,1,0,0,0,0,0,7,50,0,4026,4026,8,5,40,1,0,0,1,0
1330629,1,2023,2023,1,4,6,2209,17,77,2205,0,1,2,-33.92645,151.158956,32,0,2,1,0,0,0,0,2,0,7,60,2,14295,14295,3,5,5,3,0,0,0,1
1330631,1,2023,2023,11,5,6,51,27,69,63,0,1,2,-34.55262,150.858727,62,0,2,1,3,0,0,0,2,0,7,70,2,1981,1981,4,0,5,2,0,0,0,1
1330632,2,2023,2023,1,1,7,2209,17,201,2205,0,1,10,-34.872204,150.605895,63,2,1,1,3,0,3,4,2,2,7,60,2,9859,9859,8,10,40,1,0,0,1,0
1330635,2,2023,2023,1,6,5,14,1,169,99,0,1,10,-33.9009,151.215114,69,0,2,1,3,0,0,0,2,2,7,50,2,14295,14295,3,10,0,2,0,0,1,1
1330636,1,2023,2023,1,4,4,117,27,78,144,1,2,10,-33.855598,151.091386,14,0,2,1,3,0,0,0,2,3,7,40,2,14295,14295,3,0,0,2,0,0,0,1
1330640,2,2023,2023,1,5,8,8,27,2,43,0,1,1,-32.369789,149.998182,44,1,0,0,3,0,0,0,2,0,7,100,1,1850,1463,5,29,40,1,0,0,1,0
1330643,2,2023,2023,1,1,7,39,27,293,91,0,1,9,-33.939025,151.257008,59,0,2,1,1,0,3,4,2,1,7,50,1,256,256,4,0,22,2,0,0,1,0
1330644,2,2023,2023,11,2,6,1,27,16,34609,0,1,1,-35.795888,144.922604,51,1,0,0,0,2,0,0,2,0,7,100,0,1850,1463,5,16,40,1,0,0,1,0
1330646,1,2023,2023,11,0,11,2126,17,80,2149,0,1,10,-33.887338,151.173558,32,0,2,1,3,0,3,4,0,2,7,60,2,1383,1383,1,5,5,2,0,0,0,1
1330647,2,2023,2023,1,2,3,916,17,91,917,0,1,2,-32.805373,151.642723,48,0,2,1,3,0,0,0,2,0,7,90,2,9859,9859,8,0,40,1,0,0,1,0
1330649,1,2023,2023,11,0,6,330,23,54,233,0,1,10,-33.895232,151.22164,69,0,2,1,2,0,3,4,2,2,7,60,2,14295,14295,3,10,0,2,0,0,0,2
1330652,1,2023,2023,11,0,3,128,27,61,133,0,1,1,-33.855893,150.646883,55,0,2,0,3,0,3,4,1,0,7,80,2,4552,5151,8,10,40,1,0,0,0,1
1330656,1,2023,2023,11,5,4,77,31,445,563,0,1,9,-33.878149,151.041256,21,0,2,1,3,0,0,0,2,2,7,80,2,14295,14295,3,29,0,2,0,0,0,1
1330658,1,2023,2023,1,2,5,50,27,125,51,0,1,7,-33.854123,151.077481,67,0,2,1,3,0,0,0,2,3,0,60,1,1282,1282,1,0,5,2,0,0,0,1
1330661,2,2023,2023,1,1,7,220,27,251,222,0,1,10,-33.75851,150.955337,7,0,2,1,3,0,3,4,2,2,7,80,2,6545,6545,4,5,5,2,0,0,1,0
1330663,1,2023,2023,1,6,4,64,27,175,284,0,1,10,-33.773143,151.070973,54,0,2,1,1,0,0,0,2,2,7,60,2,1383,1383,1,0,5,2,0,0,0,1
1330665,1,2023,2023,11,1,8,31,24,77,36,0,1,9,-33.732257,151.08586,31,0,2,1,3,0,0,0,2,0,7,60,1,14295,14295,3,5,0,2,0,0,0,1
1330672,1,2023,2023,1,0,9,6,10,104,34609,1,0,1,-33.735971,150.927764,7,0,2,1,3,0,0,0,0,0,7,50,0,387,387,1,19,0,2,0,0,0,1
1330673,1,2023,2023,1,5,8,7,27,61,34609,1,0,1,-33.750208,150.888736,7,0,2,1,3,0,0,0,3,0,7,50,0,1109,787,1,5,5,2,0,0,0,1
1330677,1,2023,2023,11,3,6,478,17,69,480,0,1,9,-33.367286,151.475887,16,2,2,1,3,0,0,0,2,0,7,60,2,1109,397,1,5,19,2,0,0,0,1
1330678,2,2023,2023,1,1,5,60,27,101,262,0,1,2,-32.904969,151.634937,37,0,2,0,3,0,0,3,2,0,7,90,2,2585,4009,8,0,40,1,0,0,1,0
1330679,2,2023,2023,1,6,7,137,31,363,34609,0,1,10,-33.815676,151.00143,54,0,2,1,3,0,0,0,2,3,7,40,0,2852,2852,4,0,5,2,0,0,1,0
1330680,1,2023,2023,1,6,3,230,27,197,284,0,1,2,-33.791428,151.130524,61,0,2,1,3,0,3,4,2,0,7,70,2,14295,14295,3,5,5,2,0,0,0,1
1330681,2,2023,2023,6,1,5,2209,17,157,2205,0,1,9,-34.007432,151.111619,68,0,2,1,3,0,0,0,2,1,7,70,2,1109,397,1,5,40,2,0,0,1,0
1330684,1,2023,2023,1,2,4,6,27,193,34609,1,0,1,-33.793295,151.077612,61,0,2,1,3,0,0,0,2,0,7,50,0,1383,1383,1,0,12,2,0,0,0,1
1330687,2,2023,2023,11,0,8,280,10,237,240,0,1,9,-33.861092,150.9525,24,0,2,1,3,0,0,0,2,0,15,60,2,2585,777,1,0,0,2,0,0,1,0
1330688,1,2023,2023,1,1,6,18,31,273,34609,0,1,10,-34.426044,150.892832,80,0,2,1,3,0,3,4,2,2,6,50,0,6545,6545,4,5,0,2,0,0,0,1
1330689,1,2023,2023,11,0,5,82,1,8,34609,0,1,10,-34.575514,150.755116,62,0,2,1,3,0,0,0,2,0,0,50,0,6545,6545,4,10,13,2,0,0,0,1
1330690,1,2023,2023,11,6,7,2,31,26,34609,0,1,9,-33.28045,151.568475,16,2,2,1,3,0,0,0,2,0,15,50,0,3775,3775,0,0,0,2,0,0,0,1
1330691,1,2023,2023,11,1,6,7,31,19,34609,0,1,1,-33.373915,151.358649,16,2,2,1,3,0,0,0,2,0,7,50,0,1981,1981,4,5,36,2,0,0,0,2
1330692,2,2023,2023,11,0,7,37,1,30,212,0,1,10,-35.346362,149.206596,58,2,1,1,3,0,0,0,2,2,7,80,2,14295,14295,3,30,0,2,0,0,1,0
1330693,4,2023,2023,11,0,2,115,27,20,173,0,1,2,-34.35014,150.802742,80,0,2,1,3,0,3,4,0,0,7,100,2,9859,9859,8,10,40,1,0,1,0,0
1330695,2,2023,2023,5,2,7,11,3,23,54,0,1,2,-34.021401,151.042527,68,0,2,1,3,0,0,0,2,0,7,80,2,204,204,1,0,0,3,0,0,1,0
1330696,1,2023,2023,11,2,7,2126,17,204,2149,0,1,2,-33.885696,151.137721,32,0,2,1,3,0,0,0,2,0,7,60,2,14295,14295,3,5,5,2,0,0,0,2
1330697,1,2023,2023,1,2,9,829,27,165,770,0,1,2,-33.856407,151.159638,14,0,2,1,3,0,0,0,0,0,7,60,2,14295,14295,3,5,0,2,0,0,0,1
1330701,1,2023,2023,11,6,4,3,27,73,165,0,1,10,-33.760242,150.80942,7,0,2,1,3,0,0,0,2,2,7,50,1,14295,14295,3,0,5,3,0,0,0,1
1330702,2,2023,2023,1,1,6,220,27,46,222,0,1,9,-33.786424,150.973105,54,0,2,1,3,0,0,0,2,2,7,80,2,1192,1192,1,5,0,2,0,0,2,0
1330706,1,2023,2023,11,5,10,2126,17,142,2149,0,1,10,-33.827567,151.004726,54,0,2,1,3,0,0,0,0,2,7,60,2,926,926,4,34,0,2,0,0,0,1
1330710,1,2023,2023,7,5,9,1,1,78,34609,1,0,1,-33.70234,150.573208,8,2,2,1,3,0,0,0,2,0,7,50,0,1945,1945,5,16,40,1,0,0,0,1
1330714,2,2023,2023,11,0,5,2,31,119,34609,0,1,7,-32.762719,151.743954,57,2,1,1,0,0,3,4,2,0,0,40,0,6545,6545,4,5,5,2,0,0,1,0
1330718,4,2023,2023,1,4,7,13,27,132,17,0,1,9,-29.732619,151.084882,33,1,0,1,0,0,0,0,2,0,0,100,1,2852,2852,4,5,0,2,0,1,0,1
1330722,4,2023,2023,5,2,11,1052,14,46,928,0,1,3,-33.279773,151.405902,16,1,2,1,2,0,0,0,0,0,7,110,2,4026,4026,8,10,40,1,0,1,0,0
1330723,2,2023,2023,11,2,11,53,31,53,34609,1,0,10,-33.84858,150.965242,21,0,2,1,2,0,0,0,0,0,15,50,0,6545,6545,4,5,0,2,0,0,1,0
1330727,2,2023,2023,11,0,9,37,27,29,52,0,1,1,-34.067374,150.574198,79,2,2,1,0,0,0,0,0,0,7,80,1,9859,9859,8,5,40,1,0,0,1,0
1330733,2,2023,2023,5,5,11,2,27,87,34609,0,1,1,-34.492831,150.447282,78,2,1,1,0,0,0,0,0,0,7,50,0,9859,9859,8,10,40,1,0,0,1,0
1330736,4,2023,2023,1,5,4,4,10,168,34609,0,1,1,-33.692801,150.818834,7,0,2,1,1,0,0,0,2,0,7,50,0,2040,2040,9,19,28,2,0,1,0,0
1330737,2,2023,2023,7,0,0,2,27,14,34609,0,1,1,-34.762339,149.516591,26,2,1,1,0,2,0,0,0,0,7,80,0,9859,9859,8,9,40,1,0,0,1,0
1330740,1,2023,2023,11,3,4,10,31,37,34609,0,1,10,-29.454404,153.199534,18,2,1,1,1,0,0,0,2,0,15,50,0,2852,2852,4,5,5,2,0,0,0,1
1330746,4,2023,2023,6,0,3,5,27,29,1,0,1,9,-29.016132,153.431526,60,2,1,0,1,0,0,0,2,0,7,60,1,217,217,1,10,27,2,0,1,0,0
1330749,1,2023,2023,1,0,7,6,27,6,8,0,1,1,-35.063985,143.957959,51,1,0,0,0,0,0,0,2,0,7,100,1,273,957,5,10,40,1,0,0,0,1
1330752,4,2023,2023,1,4,4,1,27,13,34609,0,1,1,-33.135539,151.628722,37,0,2,0,0,2,0,0,2,0,7,100,0,3775,3775,0,22,19,2,0,1,0,0
1330754,2,2023,2023,1,4,2,3,27,18,34609,0,1,1,-29.025201,153.251403,60,1,0,1,0,0,0,1,1,0,8,100,0,9859,9859,8,0,40,1,0,0,1,0
1330760,1,2023,2023,1,6,8,9,1,271,11,0,1,10,-33.95161,151.021664,15,0,2,1,1,0,0,0,2,0,7,60,1,1669,1669,3,0,36,2,0,0,0,1
1330761,4,2023,2023,6,2,7,2261,17,23,2252,0,1,3,-34.046597,150.818005,13,0,2,0,1,0,0,0,2,0,7,110,2,1282,1282,1,3,5,2,0,1,0,0
1330764,4,2023,2023,11,4,6,103,36,8,157,0,1,1,-29.396167,152.997969,18,1,0,1,0,0,0,0,2,0,7,100,2,9859,9859,8,9,40,1,0,2,0,0
1330769,4,2023,2023,5,1,10,2,27,7,34609,0,1,1,-30.938145,151.400735,51,1,0,0,0,0,0,0,0,0,7,100,0,4552,5151,8,10,40,1,0,1,0,0
1330779,2,2023,2023,1,3,4,83,27,169,34609,0,1,1,-28.670163,153.607652,10,2,1,0,0,0,0,3,2,0,7,80,0,4552,5151,8,5,40,1,0,0,1,0
1330783,4,2023,2023,11,1,9,40,27,149,34609,0,1,1,-33.819141,150.964457,21,0,2,1,2,0,0,0,0,0,7,50,0,1220,1220,9,5,28,2,0,1,0,0
1330784,4,2023,2023,11,6,3,4,27,95,34609,0,1,1,-33.740934,150.827912,7,0,2,1,0,0,0,0,2,0,7,50,0,9859,9859,8,21,40,1,0,1,0,0
1330786,4,2023,2023,1,1,7,37,1,64,34609,0,1,10,-33.69821,150.73392,55,0,2,1,0,0,0,0,2,0,15,70,0,5929,5929,1,5,5,3,0,1,1,0
1330787,4,2023,2023,11,5,7,45,31,523,34609,0,1,1,-33.921531,150.929205,41,0,2,1,1,0,0,0,2,0,7,30,0,2040,2040,9,33,28,2,0,1,0,0
1330788,1,2023,2023,11,0,4,72,27,72,56,0,1,9,-33.793845,151.065969,54,0,2,1,1,0,3,4,2,3,6,60,2,63,63,4,0,12,2,0,0,0,1
1330789,2,2023,2023,1,1,5,6,31,82,34609,0,1,9,-33.796955,151.266313,50,0,2,0,1,0,0,0,2,0,15,50,0,591,591,1,22,5,2,0,0,1,0
1330792,1,2023,2023,11,2,0,512,17,11,441,0,1,9,-32.0277,147.978315,51,2,1,1,2,0,0,0,0,0,7,50,2,1089,1089,7,10,40,1,0,0,0,1
1330794,4,2023,2023,1,5,8,1,27,1,34609,0,1,1,-28.717212,152.693581,51,2,1,0,0,2,0,0,2,0,7,80,0,1259,5151,8,10,40,1,0,2,0,0
1330795,4,2023,2023,0,4,8,205,27,106,415,0,1,7,-33.676103,151.289608,50,0,2,1,1,0,0,0,2,0,0,40,2,14295,14295,3,8,0,3,0,1,1,0
1330798,2,2023,2023,11,4,10,109,27,204,105,0,1,10,-33.897883,150.925336,24,0,2,1,2,0,3,4,0,2,7,60,2,6545,6545,4,5,5,2,0,0,1,0
1330799,2,2023,2023,11,4,3,125,27,32,144,0,1,7,-32.769132,152.065637,57,2,1,1,1,0,0,0,1,0,0,80,2,9859,9859,8,16,40,1,0,0,1,0
1330801,4,2023,2023,11,2,8,2,27,5,34609,0,1,9,-32.06213,151.913573,43,2,1,1,0,0,0,0,2,0,7,80,0,2585,777,8,16,40,1,0,1,0,0
1330809,1,2023,2023,1,2,6,103,27,123,563,0,1,2,-33.817969,151.052191,54,0,2,1,1,0,0,0,2,0,7,80,2,14295,14295,3,0,5,3,0,0,0,1
1330811,2,2023,2023,11,4,3,39,27,169,34609,0,1,9,-33.784274,150.843806,7,0,2,1,0,0,0,0,1,0,7,50,0,150,150,4,5,5,2,0,0,1,0
1330812,2,2023,2023,8,5,9,346,17,47,332,0,1,9,-28.85137,153.449648,2,2,1,1,2,0,0,0,3,0,7,80,2,5929,5929,1,5,5,2,0,0,1,0
1330813,1,2023,2023,1,6,8,42,27,134,30,0,1,1,-33.894164,151.249837,76,0,2,1,2,0,3,4,0,0,7,50,1,387,387,1,22,0,2,0,0,0,1