Crash ID,Degree of crash - detailed,Reporting year,Year of crash,Month of crash,Day of week of crash,Two-hour intervals,Street of crash,Street type,Town,Route no.,School zone location,School zone active,Type of location,Latitude,Longitude,LGA,Urbanisation,Conurbation 1,Alignment,Street lighting,Road surface,Surface condition,Weather,Natural lighting,Signals operation,Other traffic control,Speed limit,Road classification,RUM - code,DCA - code,First impact type,Key TU type,Other TU type,No. of traffic units involved,No. killed,No. seriously injured,No. moderately injured,No. minor-other injured
1330816,4,2023,2023,5,2,11,500,27,80,160,0,1,10,-33.974881,150.899246,13,0,2,1,2,0,0,0,0,2,7,60,2,256,256,4,5,0,2,0,1,1,0
1330817,4,2023,2023,11,1,7,6,18,44,34609,0,1,9,-28.830429,153.423393,2,2,1,1,1,0,0,0,2,0,0,70,0,5929,5929,1,5,5,2,0,1,0,0
1330820,4,2023,2023,1,6,7,2,7,24,34609,0,1,1,-33.730714,150.844491,7,0,2,0,0,0,0,0,2,0,7,50,0,2585,4009,1,5,13,2,0,1,1,0
1330822,4,2023,2023,11,3,5,163,27,24,165,0,1,9,-33.732685,150.833194,7,0,2,1,1,0,0,0,2,2,7,60,1,1945,1945,5,16,40,1,0,1,0,0
1330823,4,2023,2023,1,5,4,60,27,239,167,0,1,2,-34.026996,151.120397,68,0,2,1,0,0,0,0,2,0,7,70,2,1282,1282,1,29,18,2,0,1,0,0
1330825,1,2023,2023,5,5,7,330,27,65,605,0,1,2,-33.705594,151.29732,50,0,2,1,1,0,0,0,2,0,7,70,2,14295,14295,3,22,5,2,0,0,0,1
1330827,1,2023,2023,11,4,6,26,31,90,34609,0,1,10,-32.928775,151.750538,48,0,2,1,0,0,0,0,2,0,15,50,0,6545,6545,4,5,0,3,0,0,0,2
1330828,4,2023,2023,5,4,8,109,27,74,382,0,1,9,-33.747284,150.842126,7,0,2,1,0,0,0,0,2,0,0,60,2,5929,5929,1,30,19,2,0,1,0,0
1330829,2,2023,2023,1,4,7,8,27,8,34609,0,1,1,-34.556956,150.568136,78,2,1,0,0,0,0,0,2,0,7,70,0,3775,3775,0,5,0,2,0,0,1,2
1330835,2,2023,2023,11,0,3,69,31,646,563,0,1,10,-33.910796,151.041942,15,0,2,1,2,0,0,0,1,2,7,60,2,9859,9859,8,0,40,1,0,0,1,0
1330836,4,2023,2023,5,6,5,22,31,224,34609,0,1,1,-33.829951,151.239768,45,0,2,1,1,0,0,0,2,0,7,50,0,1220,1220,9,5,28,2,0,1,1,0
1330838,4,2023,2023,1,1,4,348,17,31,232,0,1,1,-31.086597,148.398481,51,1,0,0,0,0,0,0,2,0,7,110,2,782,957,5,21,40,1,0,1,0,0
1330839,4,2023,2023,1,4,11,103,27,123,563,0,1,2,-33.814813,151.052447,54,0,2,1,2,0,0,0,0,0,7,80,2,1383,1383,1,16,0,2,0,1,0,0
1330840,4,2023,2023,5,6,9,117,27,72,144,0,1,1,-33.852525,151.090609,14,0,2,1,2,0,0,0,0,0,7,60,2,368,368,9,10,28,2,0,1,0,0
1330842,1,2023,2023,11,3,2,478,17,22,480,0,1,1,-33.327418,151.508056,16,2,2,1,2,0,0,0,0,0,7,70,2,9859,9859,8,10,40,1,0,0,0,1
1330843,4,2023,2023,1,5,3,234,27,54,217,0,1,9,-33.714659,151.016143,31,0,2,0,1,0,0,0,2,2,7,60,2,5929,5929,1,0,13,3,0,1,0,0
1330847,4,2023,2023,1,6,2,4,27,12,34609,0,1,1,-35.978558,146.783173,27,1,0,1,0,0,3,3,0,0,7,100,0,9859,9859,8,5,40,1,0,1,0,0
1330853,1,2023,2023,6,0,3,36,27,115,38,0,1,7,-33.753524,151.243497,50,0,2,1,0,0,0,0,2,0,0,60,1,926,926,4,22,0,2,0,0,0,1
1330856,1,2023,2023,11,1,3,3,10,21,34609,0,1,1,-35.0708,147.343391,75,2,1,1,0,0,0,0,2,0,7,50,0,30,30,9,33,28,2,0,0,0,1
1330862,2,2023,2023,1,4,11,57,31,176,165,0,1,1,-33.96106,151.136029,25,0,2,0,2,0,3,4,0,0,7,50,1,4552,5151,8,5,40,2,0,0,1,0
1330863,1,2023,2023,11,6,3,11,31,39,34609,0,1,10,-31.065751,152.826851,34,2,1,1,0,0,0,0,1,0,0,50,0,6545,6545,4,0,0,2,0,0,0,2
1330867,4,2023,2023,11,0,9,2209,17,7,2205,0,1,1,-36.866634,149.8638,5,1,0,1,0,0,0,0,0,0,7,100,2,3775,3775,0,0,0,2,0,1,0,0
1330868,4,2023,2023,6,6,3,3371,17,143,3342,0,1,9,-33.702338,151.099295,31,0,2,1,2,0,0,0,2,2,7,60,2,150,150,4,5,5,2,0,1,0,0
1330869,2,2023,2023,11,2,6,1104,14,104,962,0,1,3,-33.830948,151.020326,54,0,2,1,1,0,0,0,2,0,7,90,2,9859,9859,8,5,40,1,0,0,1,0
1330871,2,2023,2023,1,3,5,18,36,5,19,0,1,1,-32.588134,148.91046,22,2,1,0,0,0,0,0,2,0,7,80,1,782,957,5,16,40,1,0,0,1,0
1330873,4,2023,2023,0,6,9,478,17,13,480,0,1,7,-33.369186,151.475656,16,2,2,1,2,0,0,0,0,0,0,60,2,9859,9859,8,34,40,1,0,1,0,0
1330877,2,2023,2023,11,6,9,4,31,112,34609,0,1,10,-33.613322,150.812202,29,2,2,1,2,0,0,0,0,0,15,50,0,5929,5929,1,10,5,2,0,0,1,0
1330878,4,2023,2023,1,5,8,866,27,438,34609,0,1,9,-33.851636,151.025222,21,0,2,1,2,0,0,0,0,0,0,50,0,2040,2040,9,5,28,2,0,1,0,0
1330880,2,2023,2023,1,6,10,8,27,290,34609,0,1,1,-33.868625,151.000368,21,0,2,1,2,0,3,4,0,0,7,50,0,9859,9859,8,5,40,1,0,0,1,0
1330881,2,2023,2023,11,1,4,11,1,10,46,0,1,1,-34.930863,150.757275,63,2,1,1,1,0,0,0,2,0,7,50,1,1981,1981,4,5,5,2,0,0,2,0
1330882,4,2023,2023,1,2,6,81,31,646,80,0,1,10,-33.916198,151.014049,15,0,2,0,1,0,0,0,2,2,7,60,1,14295,14295,3,5,5,3,0,1,0,0
1330884,4,2023,2023,1,4,6,84,27,61,415,0,1,2,-33.76674,151.136936,36,0,2,1,1,0,0,0,2,0,7,70,2,9859,9859,8,5,40,1,0,1,0,0
1330885,4,2023,2023,11,0,6,229,14,36,237,0,1,3,-33.758839,151.065786,31,0,2,1,1,0,3,3,2,0,7,100,2,14295,14295,3,9,0,3,0,2,0,0
1330889,4,2023,2023,5,6,8,1,31,197,34609,0,1,1,-33.792084,151.118421,61,0,2,1,2,0,0,0,0,0,7,50,0,238,238,9,5,28,4,0,1,0,0
1330894,2,2023,2023,1,0,7,24,31,169,769,0,1,1,-33.598065,150.752676,29,2,2,1,2,0,0,0,2,0,7,60,2,2040,2040,9,0,28,2,0,0,1,0
1330895,4,2023,2023,1,2,5,43,27,56,87,0,1,9,-34.445998,150.875885,80,0,2,0,0,0,0,0,2,2,7,80,2,14295,14295,3,0,5,2,0,1,0,0
1330896,1,2023,2023,5,2,9,500,27,293,799,0,1,9,-33.932541,151.041858,15,0,2,1,2,0,0,0,0,2,7,50,2,14295,14295,3,10,5,2,0,0,0,1
1330897,4,2023,2023,1,4,7,1,27,7,1,0,1,1,-34.950586,146.274882,51,1,0,1,0,2,0,0,2,0,7,100,1,1089,1089,7,16,40,1,0,1,0,0
1330900,1,2023,2023,5,5,7,3,1,54,34609,0,1,1,-33.888681,151.222742,69,0,2,1,0,0,0,0,2,0,7,40,0,5929,5929,1,10,27,2,0,0,0,1
1330910,1,2023,2023,1,0,4,2261,17,228,2252,0,1,2,-34.777759,149.677851,26,1,0,1,0,0,0,0,2,0,7,110,2,9859,9859,8,5,40,1,0,0,0,2
1330913,4,2023,2023,11,0,8,265,10,445,563,0,1,10,-33.865001,151.041814,21,0,2,1,2,0,0,0,3,3,7,70,2,14295,14295,3,10,0,2,0,1,0,0
1330914,2,2023,2023,1,3,10,346,17,103,332,0,1,1,-28.816041,153.337129,39,2,1,1,0,0,0,0,0,0,7,60,2,14295,14295,3,5,13,2,0,0,1,0
1330916,4,2023,2023,1,6,9,57,1,193,145,0,1,10,-33.792301,151.082853,61,0,2,1,2,0,0,0,0,2,7,60,2,5929,5929,1,0,18,2,0,1,0,0
1330919,2,2023,2023,1,6,4,361,32,290,42,0,1,9,-33.851843,150.986518,21,0,2,1,0,0,0,0,2,0,0,50,1,6545,6545,4,30,0,2,0,0,1,0
1330920,4,2023,2023,5,4,10,3,27,62,34609,0,1,2,-34.089041,150.818997,13,0,2,0,1,0,0,0,0,0,7,60,0,1282,1282,1,16,40,1,0,1,0,0
1330921,1,2023,2023,1,3,7,196,36,103,15,0,1,1,-34.259073,148.263338,30,1,0,1,1,0,0,0,2,0,7,100,1,9859,9859,8,0,40,1,0,0,0,1
1330926,2,2023,2023,1,5,3,515,14,294,518,0,1,3,-33.940379,150.93059,41,0,2,1,1,0,0,0,2,0,7,100,2,14295,14295,3,10,5,3,0,0,1,0
1330928,4,2023,2023,8,5,6,26,27,56,68,0,1,1,-33.803588,151.205755,77,0,2,1,0,0,0,0,2,0,7,60,1,18,18,2,33,22,2,0,1,0,0
1330929,2,2023,2023,1,3,7,1,31,443,34609,0,1,10,-33.913872,151.060254,15,0,2,1,1,0,0,0,2,0,7,50,0,941,941,1,5,27,2,0,0,1,0
1330930,4,2023,2023,1,0,9,10,10,22,11,0,1,1,-35.156874,150.598684,63,2,1,1,2,0,0,0,3,0,7,50,1,3775,3775,0,15,13,2,0,1,0,0
1330931,4,2023,2023,6,5,9,283,27,197,702,1,0,10,-33.952614,151.083519,25,0,2,1,2,0,0,0,0,2,7,60,2,2040,2040,9,5,28,2,0,1,0,0
1330937,2,2023,2023,1,1,9,9,31,88,34609,0,1,9,-33.744697,150.856475,7,0,2,1,2,0,0,0,3,0,7,50,0,2852,2852,4,5,5,2,0,0,1,0
1330938,4,2023,2023,1,4,8,2261,17,112,2252,0,1,10,-33.913766,150.931691,41,0,2,1,2,0,0,3,3,2,7,70,2,1850,985,5,16,40,1,0,1,0,0
1330942,2,2023,2023,11,2,5,829,27,159,770,0,1,9,-33.80681,151.082461,61,0,2,1,1,0,0,0,2,2,7,60,2,2852,2852,4,5,5,2,0,0,1,1
1330946,2,2023,2023,1,1,10,230,27,175,284,0,1,1,-33.772715,151.08784,54,0,2,1,2,0,0,0,0,0,7,60,2,204,204,1,5,5,4,0,0,1,0
1330947,4,2023,2023,1,4,2,4,31,90,34609,0,1,9,-33.787655,150.951152,21,0,2,1,2,0,0,0,1,0,0,50,0,186,186,1,8,5,2,0,1,0,0
1330948,1,2023,2023,1,6,3,193,27,25,133,0,1,9,-33.866262,150.644301,55,0,2,1,0,0,0,0,2,0,0,60,2,1669,1669,3,0,5,2,0,0,0,1
1330949,2,2023,2023,11,2,7,59,27,271,17,0,1,9,-33.940587,151.018499,15,0,2,1,1,0,0,0,2,2,7,60,2,2852,2852,4,10,10,2,0,0,2,0
1330950,1,2023,2023,6,4,6,95,31,4,34609,0,1,1,-33.843042,151.209214,49,0,2,1,1,0,0,0,2,0,7,50,0,1981,1981,4,0,13,2,0,0,0,1
1330955,4,2023,2023,6,0,7,916,17,104,917,0,1,2,-32.823903,151.684041,48,0,2,1,1,0,0,0,2,0,7,80,2,14295,14295,3,16,0,2,0,1,0,0
1330957,4,2023,2023,5,1,9,2,36,10,34609,0,1,9,-33.008321,151.644507,37,0,2,1,2,0,3,4,3,0,7,50,0,1945,1945,5,22,40,1,0,1,0,0
1330958,4,2023,2023,1,1,6,103,36,8,103,0,1,1,-32.007128,152.135534,43,1,0,1,0,0,0,3,2,0,7,90,1,9859,9859,8,10,40,1,0,1,0,0
1330961,1,2023,2023,11,3,9,109,27,460,34609,0,1,9,-33.836622,150.990454,21,0,2,1,2,0,0,0,3,0,9,40,0,2040,2040,9,5,28,2,0,0,0,1
1330962,2,2023,2023,1,6,4,283,27,145,702,0,1,10,-33.921376,151.067473,15,0,2,1,1,0,0,0,2,2,7,60,2,14295,14295,3,0,5,2,0,0,1,0
1330966,2,2023,2023,11,5,7,9,27,6,34609,0,1,1,-28.290363,153.397933,72,2,1,0,0,0,0,0,2,0,7,80,0,4552,5151,8,0,40,1,0,0,1,0
1330967,4,2023,2023,5,0,4,3371,17,4,3342,0,1,2,-31.081465,152.876615,34,1,0,1,0,0,0,0,2,0,7,100,2,945,945,5,5,40,1,0,1,0,0
1330980,4,2023,2023,6,2,7,78,27,11,34609,0,1,1,-33.849378,151.128162,14,0,2,1,3,0,0,0,2,0,7,50,0,9859,9859,1,5,5,2,0,1,0,0
1330981,2,2023,2023,8,5,4,92,27,129,244,0,1,9,-33.894201,151.113074,32,0,2,1,0,0,0,0,2,0,7,60,2,5929,5929,1,5,5,2,0,0,1,0
1330982,2,2023,2023,8,3,10,10,10,49,34609,0,1,7,-33.906039,150.851566,41,0,2,1,2,0,0,0,0,0,0,60,0,1957,777,1,5,11,2,0,0,2,0
1330984,4,2023,2023,8,3,3,485,27,154,769,0,1,10,-33.70844,150.941357,71,0,2,1,2,0,0,0,2,2,7,80,2,6545,6545,4,0,12,2,0,2,2,0
1330985,4,2023,2023,8,1,5,15,27,3,33,0,1,1,-34.30777,150.067233,78,2,1,0,0,2,0,0,2,0,7,60,1,782,957,5,8,40,1,0,1,0,0
1330986,4,2023,2023,8,1,5,3,31,433,34609,0,1,10,-33.283024,149.110477,52,2,1,1,1,0,0,0,2,0,0,50,0,6545,6545,4,30,19,2,0,1,1,0
1330991,4,2023,2023,8,1,8,23,31,169,382,0,1,7,-33.758317,150.831059,7,0,2,1,1,0,0,0,3,0,0,60,2,5929,5929,1,16,5,2,0,1,0,0
1330992,4,2023,2023,8,5,8,20,31,107,34609,1,0,1,-33.877574,151.196185,69,0,2,1,1,0,0,0,2,0,7,40,0,387,387,1,22,0,2,0,1,0,0
1330995,2,2023,2023,8,5,7,9,31,57,34609,0,1,10,-32.814318,151.477462,17,2,1,1,1,0,0,0,2,0,0,50,0,6545,6545,4,5,13,2,0,0,2,0
1330997,1,2023,2023,8,0,8,293,31,128,369,0,1,10,-33.617487,150.809277,29,2,2,1,1,0,0,0,3,2,7,60,2,5929,5929,1,30,40,2,0,0,0,1
1330998,2,2023,2023,8,2,5,143,31,123,181,0,1,2,-33.883173,151.220738,69,0,2,1,0,0,0,0,2,0,7,50,2,1383,1383,1,5,5,3,0,0,1,0
1330999,4,2023,2023,8,4,7,46,36,4,46,0,1,1,-32.82076,149.077114,22,1,0,1,0,0,0,0,2,0,7,100,1,945,945,5,10,40,1,0,1,0,0
1331000,4,2023,2023,6,4,8,191,17,32,189,0,1,1,-32.112612,150.135454,73,1,0,0,0,0,0,0,3,0,7,100,2,418,714,5,9,40,1,0,1,0,0
1331001,4,2023,2023,8,5,7,12,27,27,15,0,1,1,-32.630132,151.360895,64,2,1,1,1,0,0,0,2,0,7,80,1,9859,9859,8,5,40,1,0,1,0,0
1331002,4,2023,2023,6,4,6,171,23,99,34609,0,1,9,-33.893665,151.273042,76,0,2,1,0,0,0,0,2,0,7,40,0,1220,1220,9,16,28,2,0,1,0,0
1331003,4,2023,2023,8,5,8,133,31,70,97,0,1,9,-33.915654,150.997798,15,0,2,1,2,0,0,0,3,0,0,60,1,5929,5929,1,5,18,2,0,1,0,0
1331004,4,2023,2023,6,4,5,48,10,463,52,0,1,9,-30.308181,153.120482,19,2,1,1,0,0,2,6,2,0,7,80,1,9859,9859,8,21,40,1,0,1,0,0
1331009,4,2023,2023,6,0,3,175,27,609,220,0,1,10,-33.763693,150.913072,7,0,2,1,1,0,0,0,2,2,7,70,2,5929,5929,1,15,0,2,0,1,0,0
1331011,2,2023,2023,5,0,4,2,31,44,34609,0,1,10,-33.763186,150.620057,8,2,2,1,1,0,0,0,2,0,0,50,0,2852,2852,4,0,0,2,0,0,1,0
1331012,4,2023,2023,5,3,5,5,27,50,34609,0,1,9,-33.515668,151.342117,16,2,2,1,3,0,0,0,2,0,0,50,0,2040,2040,9,0,28,2,0,1,1,0
1331015,2,2023,2023,8,3,6,105,27,67,109,0,1,1,-33.878266,150.892994,24,0,2,1,0,0,0,0,2,0,7,60,1,9859,9859,8,16,40,1,0,0,1,0
1331016,2,2023,2023,6,1,7,220,27,46,222,0,1,2,-33.785919,150.972462,54,0,2,1,1,0,0,0,2,0,7,80,2,14295,14295,3,5,0,3,0,0,1,0
1331018,2,2023,2023,5,6,4,294,17,5,288,0,1,9,-35.122295,147.301596,75,1,0,1,0,0,0,1,2,0,0,100,2,14295,14295,3,5,5,3,0,0,1,0
1331024,4,2023,2023,6,2,5,63,17,4,63,0,1,1,-29.61595,141.894701,51,2,1,0,0,2,3,4,2,0,7,50,2,1850,1463,5,10,40,1,0,1,1,0
1331025,2,2023,2023,5,4,8,308,14,86,311,0,1,3,-33.746756,150.942097,7,0,2,1,2,0,0,0,2,0,7,100,2,14295,14295,3,0,0,2,0,0,1,0
1331026,4,2023,2023,6,4,9,2,31,25,34609,0,1,1,-35.034744,150.665504,63,2,1,1,0,0,0,0,0,0,7,50,0,5929,5929,1,30,19,2,0,1,0,0
1331027,4,2023,2023,5,1,6,27,36,83,34609,0,1,1,-30.10191,153.187428,19,2,1,1,0,0,0,3,2,0,7,80,0,4026,4026,8,10,40,1,0,1,1,0
1331030,4,2023,2023,5,6,6,334,17,98,308,0,1,7,-30.986242,150.268333,51,2,1,1,1,0,0,0,2,0,7,50,2,1945,1945,5,16,40,1,0,1,0,0
1331031,2,2023,2023,5,6,3,18,24,67,34609,0,1,2,-33.71285,150.899654,7,0,2,0,1,0,0,0,1,0,0,60,0,14295,14295,3,10,0,2,0,0,1,0
1331032,2,2023,2023,6,6,9,147,27,104,605,0,1,9,-33.829651,151.217633,49,0,2,1,2,0,0,0,0,0,7,60,2,14295,14295,3,16,5,2,0,0,1,0
1331033,2,2023,2023,5,2,1,112,27,16,769,0,1,1,-33.5538,150.695817,29,2,2,0,2,0,0,0,0,0,7,80,2,4552,5151,8,10,40,1,0,0,2,0
1331035,2,2023,2023,8,1,1,115,27,73,46,0,1,7,-34.190167,150.631125,79,2,2,1,2,0,3,1,0,0,0,80,2,4026,4026,8,29,40,1,0,0,1,0
1331036,4,2023,2023,5,4,10,2,4,46,34609,1,0,1,-33.932303,150.848349,41,0,2,0,0,0,0,0,0,0,7,50,0,4552,5151,8,16,40,1,0,1,0,0
1331039,2,2023,2023,5,3,5,3371,17,207,3342,0,1,1,-33.583659,151.178242,31,0,2,1,0,0,0,0,2,0,7,80,2,9859,9859,8,16,40,1,0,0,1,0
1331040,1,2023,2023,5,5,6,21,27,148,60,0,1,2,-36.049146,146.937634,0,2,1,1,1,0,0,0,2,0,7,60,1,591,591,1,22,0,2,0,0,0,1
1331041,4,2023,2023,5,3,8,24,27,6,78,0,1,1,-33.814828,150.018057,51,2,1,0,0,0,0,3,3,0,7,40,2,1957,4009,8,16,40,1,0,1,0,0
1331042,4,2023,2023,5,1,6,93,10,58,13,0,1,2,-34.410667,150.887907,80,0,2,1,1,0,0,0,2,0,7,80,2,9859,9859,8,10,40,1,0,1,0,0
1331043,2,2023,2023,5,3,7,866,17,314,793,0,1,10,-33.856896,150.936023,24,0,2,1,1,0,0,0,2,2,7,70,2,14295,14295,3,9,5,2,0,0,1,0
1331044,4,2023,2023,5,4,3,916,17,104,917,0,1,2,-32.820745,151.68206,48,0,2,1,0,0,0,0,2,0,7,80,2,14295,14295,3,9,0,5,0,1,2,0
1331045,2,2023,2023,5,2,10,255,27,62,172,0,1,7,-32.9233,151.610042,37,0,2,1,2,0,0,0,0,0,0,60,2,4026,4026,8,16,40,1,0,0,1,0
1331046,4,2023,2023,6,5,6,11,31,370,14,0,1,2,-34.066919,150.810986,13,0,2,1,1,0,0,0,2,0,7,60,1,14295,14295,3,16,5,2,0,1,0,0
1331048,4,2023,2023,5,4,10,1104,11,532,770,0,1,10,-33.863398,151.205372,69,0,2,1,2,0,0,0,0,2,7,40,2,312,312,2,19,40,1,0,1,0,0
1331049,1,2023,2023,1,3,6,213,17,4,213,0,1,1,-29.786285,151.34587,33,1,0,0,0,0,0,0,2,0,7,100,2,4552,5151,8,10,40,1,0,0,0,1
1331052,4,2023,2023,1,3,7,1,31,69,34609,0,1,9,-34.557353,150.866429,62,0,2,1,1,0,0,0,2,0,7,50,0,5929,5929,1,0,13,2,0,1,4,0
1331053,4,2023,2023,5,2,5,71,27,69,122,0,1,10,-34.552422,150.860042,62,0,2,0,1,0,0,0,2,2,6,70,2,5929,5929,1,16,0,2,0,1,0,0
1331054,2,2023,2023,5,4,9,5,27,38,28,0,1,9,-33.948296,151.071524,25,0,2,1,2,0,0,0,3,0,0,50,1,6545,6545,4,5,13,2,0,0,1,0
1331055,4,2023,2023,5,2,6,24,18,246,34609,0,1,10,-33.905951,151.191446,69,0,2,1,1,0,0,0,2,0,15,40,0,2852,2852,4,5,18,2,0,1,0,0
1331056,4,2023,2023,1,6,4,61,27,232,70,0,1,1,-33.658498,150.927926,71,0,2,0,0,0,0,0,2,0,7,70,1,3775,3775,0,5,0,2,0,2,0,0
1331058,2,2023,2023,1,4,9,10,27,25,80,0,1,1,-32.994081,151.713706,37,0,2,1,0,0,0,0,0,0,7,80,1,4026,4026,8,5,40,1,0,0,1,0
1331063,2,2023,2023,5,3,11,5,27,5,34609,0,1,1,-28.840989,153.090012,60,1,0,1,0,0,3,4,0,0,7,100,0,9859,9859,8,5,40,1,0,0,2,0
1331065,1,2023,2023,1,4,4,1,27,40,34609,0,1,1,-35.03981,150.618824,63,1,0,1,3,0,0,0,2,0,7,100,0,1192,1192,1,30,27,2,0,0,0,1
1331066,2,2023,2023,1,3,8,9,31,523,34609,0,1,1,-33.933536,150.907942,41,0,2,1,0,0,0,0,2,0,7,50,0,4026,4026,1,5,12,2,0,0,1,0
1331070,4,2023,2023,5,0,10,1,27,4,34609,0,1,1,-32.472292,149.472193,44,1,0,1,3,1,2,6,0,0,7,100,0,1945,1945,5,23,40,1,0,1,0,0
1331072,4,2023,2023,5,5,7,1,31,85,34609,0,1,9,-33.903525,150.866366,41,0,2,1,1,0,0,0,2,0,7,50,0,2852,2852,4,0,0,2,0,1,1,1
1331074,4,2023,2023,1,5,11,62,10,122,62,0,1,10,-33.427279,151.344216,16,2,2,1,2,0,0,0,0,2,7,50,2,945,945,5,5,40,1,0,1,0,0
1331078,4,2023,2023,5,6,8,62,10,55,169,0,1,7,-32.829863,151.53031,17,2,1,0,0,0,0,0,2,0,0,60,2,1957,777,8,0,40,1,0,1,0,0
1331082,2,2023,2023,5,2,3,916,17,9,917,0,1,1,-32.405251,150.990121,64,1,0,1,0,0,0,0,2,0,7,100,2,4026,4026,8,5,40,1,0,0,1,2
1331084,4,2023,2023,1,0,3,80,31,204,187,0,1,10,-33.879953,151.123534,32,0,2,0,1,0,3,3,2,0,15,60,2,6545,6545,4,5,19,2,0,1,0,0
1331085,4,2023,2023,1,1,3,92,27,129,244,0,1,9,-33.894068,151.113619,32,0,2,1,1,0,0,0,2,2,7,60,2,1220,1220,9,5,28,2,0,1,0,0
1331091,4,2023,2023,1,6,4,37,27,85,115,0,1,9,-33.719691,151.140601,36,0,2,1,1,0,0,0,2,0,7,60,1,5929,5929,1,5,27,2,0,1,0,0
1331093,2,2023,2023,1,4,5,213,17,20,213,0,1,1,-29.558998,153.150051,18,2,1,1,0,0,0,0,2,0,7,80,2,312,312,2,10,40,1,0,0,1,0
1331094,4,2023,2023,1,3,0,37,27,9,36,0,1,1,-32.652913,151.719413,57,2,1,1,0,0,0,0,0,0,7,80,1,9859,9859,8,0,40,1,0,1,2,0
1331096,2,2023,2023,5,0,5,165,31,523,34609,1,0,1,-33.919093,150.92558,41,0,2,1,1,0,0,0,2,0,9,30,0,591,591,1,18,5,2,0,0,1,0
1331098,2,2023,2023,1,2,10,11,27,5,34609,0,1,1,-28.353827,153.30354,72,1,0,0,0,0,0,0,0,0,7,100,0,1957,4009,8,5,40,1,0,0,1,0
1331100,2,2023,2023,1,5,10,14,31,28,34609,1,0,1,-35.142807,147.34197,75,2,1,0,2,0,0,0,0,0,7,50,0,4552,5151,1,5,5,2,0,0,1,0
1331103,4,2023,2023,1,6,2,91,27,119,187,0,1,2,-33.87447,151.163617,32,0,2,1,2,0,3,4,0,0,7,70,2,3775,3775,0,5,5,3,0,2,0,0
1331105,1,2023,2023,1,3,6,2261,17,140,2252,0,1,2,-33.896276,150.99067,15,0,2,1,0,0,0,0,2,0,7,70,2,14295,14295,3,10,5,2,0,0,0,1
1331107,2,2023,2023,1,0,3,36,27,31,36,0,1,7,-34.030015,150.827345,13,0,2,1,1,0,0,0,2,0,0,60,1,6545,6545,4,5,12,2,0,0,1,1
1331108,2,2023,2023,1,2,1,4,31,26,34609,0,1,1,-33.109111,151.530385,37,0,2,1,0,0,0,0,0,0,7,60,0,2585,777,8,5,40,1,0,0,1,1
1331112,4,2023,2023,5,1,5,48,31,33,45,0,1,10,-33.41509,151.344287,16,2,2,1,0,0,0,0,2,0,7,60,1,395,395,1,5,5,3,0,1,0,0
1331114,4,2023,2023,5,3,8,829,27,165,770,0,1,2,-33.841967,151.147653,14,0,2,1,2,0,0,0,3,0,7,70,2,3775,3775,0,10,5,3,0,1,1,0
1331117,4,2023,2023,1,2,6,70,27,17,100,0,1,1,-33.66515,150.650851,8,2,2,0,1,0,0,0,2,0,7,60,2,3775,3775,0,5,5,2,0,1,0,0
1331120,4,2023,2023,1,2,5,103,36,13,157,0,1,1,-28.365623,152.659777,51,1,0,1,0,0,0,0,2,0,7,100,2,1945,1945,5,16,40,1,0,1,0,0
1331122,1,2023,2023,1,6,6,34,27,18,34609,0,1,1,-28.792849,153.513463,2,2,1,0,0,0,0,0,2,0,7,60,0,782,957,5,16,40,1,0,0,0,1
1331125,1,2023,2023,1,5,2,2261,17,49,2252,0,1,2,-34.744756,149.854891,26,1,0,0,0,0,3,0,1,0,7,110,2,1957,4009,8,8,40,1,0,0,0,1
1331128,4,2023,2023,11,2,4,348,27,23,88,0,1,9,-33.717416,150.695816,55,0,2,1,1,0,0,0,2,0,15,80,2,2852,2852,4,5,5,2,0,1,1,0
1331129,1,2023,2023,1,0,5,866,27,201,44,0,1,7,-33.995359,150.872831,13,0,2,0,1,0,0,0,2,0,0,60,1,4552,985,8,22,40,1,0,0,0,1
1331130,1,2023,2023,1,6,3,103,27,94,563,0,1,10,-33.839869,151.046071,54,0,2,0,0,0,0,0,2,2,9,70,2,623,623,3,33,10,3,0,0,0,2
1331131,4,2023,2023,1,4,8,3,10,29,34609,0,1,1,-33.743122,150.787339,7,0,2,1,3,0,2,6,2,0,7,50,0,340,340,9,0,28,2,0,1,0,0
1331132,2,2023,2023,1,3,4,101,10,49,121,0,1,2,-34.038729,151.135587,68,0,2,1,1,0,3,4,2,0,7,70,1,9859,9859,8,5,40,1,0,0,1,0
1331135,2,2023,2023,1,1,6,127,27,59,103,0,1,10,-32.889658,151.726392,48,0,2,1,3,1,2,6,2,2,7,60,1,14295,14295,3,0,5,3,0,0,2,0
1331136,4,2023,2023,1,3,4,109,36,17,43,0,1,7,-28.491639,153.520718,10,2,1,1,0,0,0,0,2,0,0,60,1,14295,14295,3,16,19,2,0,1,0,0
1331137,2,2023,2023,1,5,8,512,17,562,441,0,1,2,-32.257696,148.633405,22,2,1,1,1,0,0,0,2,0,7,60,2,1981,1981,4,5,27,2,0,0,1,0
1331139,2,2023,2023,1,6,5,13,27,173,12,0,1,1,-33.727773,151.113688,36,0,2,1,0,0,0,0,2,0,7,50,1,14295,14295,3,16,12,2,0,0,1,0
1331140,2,2023,2023,1,1,8,125,31,104,34609,0,1,1,-33.83818,151.213579,49,0,2,0,3,0,3,3,0,0,7,50,0,175,188,8,5,40,1,0,0,1,2