Crash ID,Degree of crash - detailed,Reporting year,Year of crash,Month of crash,Day of week of crash,Two-hour intervals,Street of crash,Street type,Town,Route no.,School zone location,School zone active,Type of location,Latitude,Longitude,LGA,Urbanisation,Conurbation 1,Alignment,Street lighting,Road surface,Surface condition,Weather,Natural lighting,Signals operation,Other traffic control,Speed limit,Road classification,RUM - code,DCA - code,First impact type,Key TU type,Other TU type,No. of traffic units involved,No. killed,No. seriously injured,No. moderately injured,No. minor-other injured
1331142,4,2023,2023,11,3,5,7,27,15,34609,0,1,9,-33.058383,151.333198,37,0,2,1,3,2,0,0,2,0,7,100,0,1945,1945,5,0,40,1,0,2,0,0
1331148,2,2023,2023,11,5,6,194,31,155,34609,0,1,10,-33.13565,148.173793,53,2,1,1,1,0,0,0,2,0,0,50,0,926,926,4,10,5,2,0,0,1,0
1331153,2,2023,2023,11,0,6,866,17,187,793,0,1,2,-33.792101,150.996909,54,0,2,1,0,0,0,0,2,0,7,70,2,14295,14295,3,5,0,2,0,0,1,0
1331156,4,2023,2023,1,5,10,40,27,49,39,0,1,1,-33.195539,151.519949,16,2,2,0,1,0,0,0,0,0,7,80,1,1957,4009,8,30,40,1,0,1,0,0
1331160,4,2023,2023,11,2,5,3,31,106,34609,0,1,1,-28.85835,153.027235,60,2,1,1,0,0,2,6,2,0,7,50,0,312,312,2,5,40,1,0,1,0,0
1331165,1,2023,2023,1,2,9,2,31,41,34609,0,1,9,-33.906464,151.188091,69,0,2,1,2,0,0,0,3,2,7,50,0,14295,14295,3,5,5,2,0,0,0,1
1331166,2,2023,2023,11,3,1,168,17,32,212,0,1,9,-35.339173,149.286348,58,2,1,0,0,0,0,0,0,0,7,80,2,1089,1089,7,10,40,1,0,0,1,0
1331167,1,2023,2023,11,3,11,2261,17,20,2252,0,1,2,-35.380036,147.667185,75,1,0,0,0,0,0,0,0,0,7,110,2,1957,4009,8,5,40,1,0,0,0,1
1331168,1,2023,2023,1,1,3,103,27,94,563,0,1,2,-33.830435,151.04948,54,0,2,1,1,0,0,0,2,0,7,70,2,14295,14295,3,8,5,3,0,0,0,1
1331169,2,2023,2023,11,2,8,16,31,169,3,1,0,1,-33.599011,150.747578,29,2,2,1,0,0,0,0,2,0,7,60,1,1109,787,1,5,5,2,0,0,2,0
1331170,4,2023,2023,11,5,10,11,31,370,14,0,1,10,-34.071125,150.80689,13,0,2,1,2,0,0,0,0,2,7,60,1,5929,5929,1,0,5,2,0,1,0,0
1331171,4,2023,2023,1,2,5,82,27,3,34609,0,1,1,-29.908801,153.009791,18,1,0,1,0,0,0,0,2,0,7,100,0,941,941,1,5,19,2,0,1,0,0
1331172,2,2023,2023,11,5,2,11,31,433,19,0,1,7,-33.282625,149.09382,52,2,1,1,2,0,3,3,1,0,0,50,2,6545,6545,4,10,27,2,0,0,1,0
1331178,2,2023,2023,11,6,5,478,17,69,480,0,1,9,-33.360014,151.483315,16,2,2,1,1,0,0,0,2,0,15,50,2,14295,14295,3,34,5,3,0,0,1,0
1331179,2,2023,2023,6,1,6,4,31,96,34609,0,1,1,-33.365365,148.024813,51,2,1,1,0,0,0,0,2,0,7,50,0,1945,1945,5,16,40,1,0,0,1,0
1331181,2,2023,2023,0,0,0,57,31,36,143,0,1,7,-34.458137,149.470365,74,2,1,1,3,0,0,0,0,0,0,50,2,4026,4026,8,10,40,1,0,0,1,0
1331182,4,2023,2023,11,6,8,52,27,438,103,0,1,10,-33.864321,151.02284,21,0,2,1,3,0,0,0,3,1,7,50,1,186,186,1,10,5,2,0,1,0,0
1331183,1,2023,2023,1,4,4,78,27,31,61,0,1,1,-33.890689,151.022305,15,0,2,1,3,0,0,0,2,0,9,60,1,1282,1282,1,18,13,2,0,0,0,1
1331186,1,2023,2023,11,0,6,283,27,197,702,1,0,2,-33.9519,151.082841,25,0,2,1,3,0,0,0,2,0,7,60,2,14295,14295,3,9,12,2,0,0,0,1
1331192,4,2023,2023,11,5,6,177,22,239,176,0,1,10,-34.043912,151.128289,68,0,2,0,3,0,0,0,2,0,0,70,2,2852,2852,4,5,5,2,0,1,1,0
1331193,1,2023,2023,11,2,6,500,27,106,799,0,1,10,-33.922206,151.094878,15,0,2,1,3,0,0,0,2,2,7,60,2,14295,14295,3,5,5,2,0,0,0,1
1331194,1,2023,2023,11,0,9,76,24,164,154,0,1,2,-33.72371,150.888092,7,0,2,0,3,0,0,0,3,0,7,70,1,14295,14295,3,5,5,2,0,0,0,1
1331195,2,2023,2023,11,0,1,2126,17,19,2149,0,1,3,-33.425372,150.104486,40,1,0,0,3,0,0,0,0,0,7,100,2,14295,14295,3,10,5,2,0,0,1,0
1331196,1,2023,2023,11,2,5,829,27,124,770,0,1,2,-33.80946,151.029841,54,0,2,1,3,0,0,0,2,0,7,60,2,14295,14295,3,9,0,2,0,0,0,1
1331199,2,2023,2023,11,3,7,265,17,9,193,0,1,9,-34.76271,147.867054,51,1,0,0,3,0,0,0,2,0,0,100,2,323,323,1,8,5,2,0,0,1,0
1331201,4,2023,2023,1,4,3,25,27,13,34609,0,1,10,-33.63899,150.9044,71,0,2,1,3,0,0,0,2,0,15,70,0,6545,6545,4,5,13,2,0,1,0,1
1331202,1,2023,2023,8,4,5,19,27,57,63,0,1,7,-34.570876,150.823152,62,0,2,0,3,0,0,0,2,0,0,60,2,6545,6545,4,5,0,2,0,0,0,1
1331205,1,2023,2023,1,3,7,19,27,22,122,0,1,10,-34.529931,150.8691,80,0,2,1,3,0,0,0,2,2,7,60,2,14295,14295,3,0,0,2,0,0,0,1
1331212,1,2023,2022,10,6,10,61,27,53,208,0,1,9,-33.853535,150.959863,21,0,2,1,3,0,3,4,0,0,0,60,1,1391,1391,1,0,0,2,0,0,0,1
1331215,1,2023,2023,1,0,3,308,14,53,311,0,1,3,-33.91489,150.850089,41,0,2,1,3,0,0,0,1,0,7,100,2,14295,14295,3,9,12,2,0,0,0,1
1331217,1,2023,2023,6,6,8,54,31,28,62,0,1,1,-33.793759,151.196094,77,0,2,1,1,0,0,0,2,0,7,60,2,14295,14295,3,5,5,3,0,0,0,2
1331219,2,2023,2023,1,5,7,7,27,134,34609,0,1,1,-33.986842,150.784938,12,0,2,1,3,0,3,4,2,0,7,70,0,14295,14295,3,21,5,2,0,0,1,0
1331225,1,2023,2023,11,5,4,67,27,42,34609,1,2,1,-33.890838,150.868807,24,0,2,1,3,0,0,0,2,0,9,40,0,14295,14295,3,5,40,2,0,0,0,1
1331226,1,2023,2023,11,1,7,475,10,83,268,0,1,2,-33.883547,150.852303,41,0,2,0,3,0,0,0,2,0,7,70,2,14295,14295,3,5,0,2,0,0,0,1
1331230,2,2023,2023,11,4,8,4,27,2,34609,0,1,1,-29.793902,151.206265,33,1,0,1,3,0,0,0,3,0,7,100,0,1945,1945,5,16,40,1,0,0,1,0
1331233,1,2023,2023,11,4,6,33,31,532,34609,0,1,1,-33.863737,151.206237,69,0,2,1,3,0,0,0,2,0,7,40,0,14295,14295,3,0,5,2,0,0,0,1
1331237,2,2023,2023,1,0,9,82,27,134,181,0,1,1,-33.892437,151.254854,76,0,2,1,3,0,0,0,0,0,7,50,2,1192,1192,1,5,5,2,0,0,1,0
1331238,1,2023,2023,11,6,11,97,27,166,799,0,1,10,-33.929664,150.980263,15,0,2,1,2,0,0,0,0,2,7,70,2,14295,14295,3,5,19,2,0,0,0,1
1331239,1,2023,2023,1,4,7,22,10,387,64,0,1,10,-33.932263,151.186063,4,0,2,1,3,0,0,0,2,1,7,70,2,14295,14295,3,10,13,2,0,0,0,1
1331242,2,2023,2023,11,2,10,103,27,123,563,0,1,2,-33.824059,151.051361,54,0,2,1,3,0,0,0,0,0,7,80,2,14295,14295,3,5,0,2,0,0,1,0
1331245,1,2023,2023,1,6,8,4,27,61,36,0,1,9,-33.766154,151.132949,36,0,2,1,3,0,0,0,0,0,0,60,1,14295,14295,3,5,0,2,0,0,0,1
1331246,2,2023,2023,11,4,11,105,31,69,34609,0,1,1,-33.823865,151.020187,54,0,2,1,2,0,0,0,0,0,7,50,0,3775,3775,0,5,5,3,0,0,2,0
1331252,1,2023,2023,11,2,6,6,27,71,34609,0,1,10,-33.835952,150.974302,21,0,2,1,3,0,0,0,2,0,0,50,0,28,28,1,5,5,2,0,0,0,1
1331255,2,2023,2023,11,5,4,97,17,34,88,0,1,2,-34.809101,149.608057,26,1,0,1,3,0,0,0,2,0,7,110,2,1383,1383,1,8,10,2,0,0,1,0
1331256,1,2023,2023,5,5,3,128,27,74,133,0,1,2,-33.76701,150.678706,55,0,2,1,3,0,0,0,2,0,7,60,2,14295,14295,3,9,13,2,0,0,0,1
1331262,2,2023,2023,11,4,6,39,27,21,51,0,1,1,-33.664247,151.089838,31,0,2,1,3,0,0,0,2,0,7,60,2,9859,9859,8,5,40,1,0,0,1,0
1331265,1,2023,2023,1,6,4,4,1,126,34609,0,1,9,-33.919276,150.81835,41,0,2,1,0,0,0,0,2,0,15,60,0,1669,1669,3,5,5,2,0,0,0,1
1331266,1,2023,2023,5,4,7,16,31,165,34609,0,1,1,-33.856773,151.146256,14,0,2,1,1,0,0,0,2,0,7,50,0,2040,2040,9,0,28,2,0,0,0,1
1331269,1,2023,2023,11,5,4,149,10,136,702,0,1,2,-33.865995,151.065546,67,0,2,1,3,0,0,0,2,0,7,80,2,1383,1383,1,9,0,2,0,0,0,1
1331270,2,2023,2023,11,4,4,2,31,25,34609,0,1,10,-32.840304,151.367569,17,2,1,1,3,0,0,0,2,0,0,50,0,6545,6545,4,10,0,2,0,0,1,1
1331271,2,2023,2023,11,6,4,39,27,7,29,0,1,1,-32.266833,149.775711,44,1,0,1,3,0,0,0,2,0,7,100,1,475,475,5,5,40,1,0,0,1,0
1331272,1,2023,2023,11,1,8,23,31,226,382,1,0,1,-33.759375,150.830571,7,0,2,1,3,0,0,0,2,0,9,60,2,14295,14295,3,5,0,2,0,0,0,1
1331278,4,2023,2023,11,0,8,334,17,21,308,0,1,1,-31.407311,152.242377,56,1,0,0,3,0,0,0,2,0,7,100,2,1850,1463,5,16,40,1,0,1,0,0
1331279,1,2023,2023,11,2,6,69,32,646,34609,0,1,7,-33.917882,151.03897,15,0,2,1,3,0,0,0,2,0,0,40,0,2852,2852,4,5,0,2,0,0,0,1
1331281,1,2023,2023,11,5,5,1052,14,60,928,0,1,3,-33.430626,151.249624,16,1,2,0,3,0,0,0,2,0,7,110,2,4552,5151,8,8,40,1,0,0,0,1
1331282,1,2023,2023,1,5,8,1104,14,247,962,0,1,3,-33.811301,150.941978,21,0,2,1,3,0,2,6,3,0,7,100,2,14295,14295,3,9,19,3,0,0,0,1
1331289,2,2023,2023,11,6,4,16,10,4,12,0,1,1,-30.674945,152.924716,47,1,0,0,3,0,0,0,2,0,7,90,1,3775,3775,0,10,0,2,0,0,1,0
1331295,2,2023,2023,11,2,11,24,31,44,34609,0,1,7,-33.8963,150.962368,24,0,2,1,3,0,0,0,0,0,0,50,0,217,217,1,5,0,2,0,0,1,0
1331296,2,2023,2023,11,4,5,76,31,55,34609,0,1,1,-36.228576,149.13308,65,2,1,1,3,0,0,0,2,0,7,50,0,404,404,8,16,40,1,0,0,1,0
1331297,1,2023,2023,1,4,7,2209,17,10,2205,0,1,10,-33.984041,151.114012,25,0,2,1,3,0,0,0,2,2,7,70,2,14295,14295,3,10,5,2,0,0,0,1
1331302,1,2023,2023,1,0,9,55,27,112,70,0,1,1,-33.696527,151.030371,31,0,2,1,3,0,0,0,3,0,7,60,2,312,312,2,5,40,1,0,0,0,1
1331303,1,2023,2023,5,2,9,22,31,283,125,0,1,1,-33.831538,151.010113,54,0,2,1,3,0,0,0,0,0,7,60,1,1383,1383,1,5,5,2,0,0,0,1
1331304,2,2023,2023,11,6,3,2261,17,18,2252,0,1,3,-34.034867,150.823983,13,0,2,1,3,0,0,0,2,0,7,110,2,1282,1282,1,8,0,2,0,0,1,0
1331306,2,2023,2023,5,1,4,21,27,12,61,0,1,1,-34.138086,146.109409,28,1,0,1,3,0,0,0,2,0,7,100,1,9859,9859,8,5,40,1,0,0,1,0
1331307,2,2023,2023,11,1,3,38,31,387,64,0,1,9,-33.92287,151.191486,4,0,2,0,3,0,0,0,1,0,7,50,2,14295,14295,3,0,5,2,0,0,1,0
1331309,1,2023,2023,11,3,8,3,31,460,34609,0,1,1,-33.840027,150.987355,21,0,2,1,3,0,0,0,2,0,7,50,0,404,404,8,16,40,1,0,0,0,1
1331313,4,2023,2023,1,5,4,191,27,370,68,0,1,2,-34.065041,150.806251,13,0,2,1,1,0,0,0,2,0,7,60,1,1192,1192,1,5,5,2,0,1,1,0
1331315,4,2023,2023,11,6,9,293,31,112,769,0,1,9,-33.605434,150.824168,29,2,2,1,2,0,0,0,0,2,7,60,2,1220,1220,9,10,28,2,0,1,0,0
1331316,1,2023,2023,11,2,7,26,31,363,34609,0,1,7,-33.760501,150.700749,55,0,2,1,1,0,0,0,2,0,0,50,0,14295,14295,3,5,27,2,0,0,0,1
1331317,1,2023,2023,1,1,8,54,27,646,118,0,1,10,-33.914472,151.034234,15,0,2,1,0,0,3,3,3,1,7,60,1,1282,1282,1,0,19,2,0,0,0,1
1331318,4,2023,2023,11,2,3,42,10,39,172,0,1,7,-32.894236,151.586519,37,0,2,1,1,0,0,0,2,0,0,60,2,1282,1282,1,0,27,2,0,1,0,0
1331321,4,2023,2023,6,6,5,1,14,173,34609,0,1,3,-33.713269,151.114721,36,0,2,1,1,0,0,6,2,0,7,80,2,4026,4026,8,16,40,1,0,2,0,0
1331327,4,2023,2023,11,6,8,334,31,370,256,0,1,10,-34.070701,150.811758,13,0,2,1,1,0,0,0,2,2,7,60,2,775,775,4,0,25,2,0,1,3,0
1331328,4,2023,2023,5,1,10,2126,17,283,2149,0,1,9,-33.830068,151.01068,54,0,2,1,2,0,0,0,0,2,7,60,2,5929,5929,1,0,12,2,0,1,1,0
1331336,4,2023,2023,11,3,8,81,27,55,115,0,1,2,-33.794983,150.897507,7,0,2,1,0,0,0,0,2,0,7,60,2,238,238,9,10,28,2,0,1,0,0
1331338,2,2023,2023,5,1,4,14,1,133,34609,0,1,9,-34.507159,150.796025,80,0,2,1,1,0,0,0,2,0,0,50,0,489,489,8,5,40,1,0,0,1,0
1331341,2,2023,2023,11,1,7,36,27,10,83,0,1,1,-29.422334,153.298557,18,1,0,1,0,0,0,0,2,0,7,90,1,14295,14295,3,0,0,3,0,0,2,0
1331346,2,2023,2023,5,2,8,5,27,43,34609,0,1,1,-30.458744,152.961023,6,1,0,0,0,0,0,0,0,0,7,100,0,2585,4009,8,5,40,1,0,0,1,0
1331352,2,2023,2023,11,2,4,229,14,278,237,0,1,6,-33.759186,151.047439,54,0,2,1,2,0,0,0,2,0,7,70,2,14295,14295,3,0,36,3,0,0,1,0
1331353,4,2023,2023,11,3,9,12,27,197,22,0,1,1,-33.795528,151.125645,61,0,2,1,2,0,0,0,0,0,7,60,1,190,190,1,5,13,2,0,2,0,0
1331354,4,2023,2023,1,5,7,4,27,5,2,0,1,1,-30.67378,145.189363,51,1,0,1,0,2,0,0,2,0,7,100,1,1945,1945,5,16,40,1,0,1,0,0
1331356,4,2023,2023,11,0,11,2261,17,23,2252,0,1,3,-34.056564,150.79684,13,0,2,1,2,0,0,0,0,0,7,110,2,204,204,1,5,5,4,0,1,1,0
1331357,2,2023,2023,11,2,5,7,1,137,34609,0,1,7,-33.915843,151.202244,69,0,2,1,1,0,0,0,2,0,0,40,0,9859,9859,1,15,36,2,0,0,1,0
1331359,2,2023,2023,11,4,8,213,17,83,213,0,1,1,-29.705779,152.943129,18,2,1,1,1,0,1,0,2,0,7,60,2,1981,1981,4,5,13,2,0,0,1,0
1331360,2,2023,2023,11,4,7,2209,17,133,2205,0,1,9,-34.512836,150.784517,80,0,2,1,3,0,0,0,2,2,7,60,1,14295,14295,3,5,5,2,0,0,1,0
1331361,4,2023,2023,5,6,7,177,22,210,176,0,1,10,-34.033118,151.092498,68,0,2,1,1,0,0,0,2,2,7,60,2,5929,5929,1,5,5,2,0,1,0,0
1331367,4,2023,2023,5,1,10,82,27,12,34,0,1,1,-28.594771,153.082206,51,1,0,0,0,0,0,0,0,0,7,100,1,1850,1463,5,8,40,1,0,1,0,0
1331369,4,2023,2023,7,4,8,2,27,4,34609,0,1,1,-31.367977,152.834614,56,1,0,1,0,0,0,0,2,0,7,100,0,1282,1282,1,23,40,1,0,1,0,0
1331370,4,2023,2023,11,0,4,2,31,219,34609,0,1,1,-32.904667,151.672162,48,0,2,1,0,0,0,0,2,0,7,50,0,186,186,9,16,28,2,0,1,0,0
1331372,2,2023,2023,11,3,5,361,23,237,35,0,1,9,-33.88074,150.948938,24,0,2,1,1,0,0,0,2,0,0,60,1,2852,2852,4,30,5,2,0,0,1,0
1331375,2,2023,2023,1,6,8,143,31,173,181,0,1,9,-33.881117,151.21814,69,0,2,1,1,0,3,4,2,2,7,50,2,5929,5929,1,9,5,3,0,0,1,0
1331376,4,2023,2023,11,1,6,46,27,148,43,0,1,7,-36.03303,146.922024,0,2,1,1,1,0,0,0,2,0,0,60,1,1945,1945,5,22,40,1,0,1,0,0
1331378,1,2023,2023,1,1,11,361,32,62,96,0,1,1,-33.893979,151.149316,32,0,2,0,2,0,0,0,0,0,7,60,2,14295,14295,3,5,27,2,0,0,0,1
1331388,4,2023,2023,1,4,7,5,31,18,34609,0,1,9,-32.962464,151.710335,37,0,2,0,0,0,0,0,2,0,0,60,0,5929,5929,1,5,13,3,0,1,0,0
1331391,4,2023,2023,6,4,6,1,18,363,34609,0,1,9,-33.813332,151.005494,54,0,2,1,0,0,3,4,2,0,7,50,0,2040,2040,9,0,28,2,0,1,0,0
1331393,1,2023,2023,11,5,8,62,31,77,34609,0,1,9,-32.565379,151.167046,64,2,1,1,0,0,0,0,2,0,7,40,0,18,18,2,5,40,2,0,0,0,1
1331396,1,2023,2023,1,0,0,24,27,1,34609,0,1,1,-32.204141,150.972406,46,1,0,0,0,0,0,0,0,0,7,100,0,1259,5151,8,5,40,1,0,0,0,1
1331404,2,2023,2023,5,5,5,92,27,55,36,0,1,7,-35.71285,150.186009,23,2,1,1,1,0,0,0,2,0,0,60,1,9859,9859,8,16,40,1,0,0,1,0
1331411,2,2023,2023,8,1,4,293,27,438,34609,0,1,1,-33.843256,151.036322,21,0,2,1,1,0,0,0,2,0,7,50,0,9859,9859,1,5,0,2,0,0,1,0
1331413,2,2023,2023,11,4,8,22,27,89,59,0,1,2,-33.889925,151.232427,69,0,2,0,1,0,0,0,2,0,7,40,1,1259,5151,8,0,40,1,0,0,1,0
1331417,4,2023,2023,1,4,5,829,27,309,770,0,1,9,-33.818173,151.114443,61,0,2,1,0,0,0,0,2,1,7,60,2,3775,3775,0,5,10,2,0,1,0,0
1331421,2,2023,2023,11,5,2,348,17,35,232,0,1,1,-29.728972,148.112518,51,1,0,1,0,0,0,0,0,0,7,110,2,945,945,5,5,40,1,0,0,2,0
1331423,1,2023,2023,11,4,6,15,27,112,70,0,1,7,-33.689949,151.016513,71,0,2,1,1,0,0,0,2,0,0,50,1,926,926,4,22,40,2,0,0,0,1
1331424,4,2023,2023,11,2,4,8,31,16,34609,0,1,7,-33.816822,151.092971,61,0,2,1,1,0,0,0,2,0,0,50,0,6545,6545,4,5,27,2,0,1,0,0
1331425,4,2023,2023,5,2,6,1,31,646,34609,0,1,1,-33.934558,151.023288,15,0,2,1,1,0,0,0,2,0,7,50,0,323,323,1,15,0,2,0,1,0,0
1331429,4,2023,2023,11,3,3,8,27,80,34609,1,0,1,-33.820437,151.170235,38,0,2,0,2,0,0,0,1,0,7,50,0,4552,5151,1,16,5,2,0,1,0,0
1331432,2,2023,2023,11,2,7,1,31,13,34609,0,1,1,-34.35754,150.48969,78,2,1,1,0,0,0,0,2,0,7,50,0,9859,9859,1,5,0,2,0,0,1,0
1331435,4,2023,2023,8,5,7,18,27,58,34609,0,1,1,-34.047535,151.132538,68,0,2,1,1,0,0,0,2,0,7,50,0,9859,9859,1,0,12,2,0,1,0,0
1331436,1,2023,2023,1,6,7,46,1,79,34609,0,1,9,-34.89903,150.606211,63,2,1,1,1,0,0,0,2,0,0,60,0,2852,2852,4,5,19,2,0,0,0,1
1331441,2,2023,2023,11,6,7,255,31,24,34609,0,1,1,-36.886678,149.911991,5,2,1,1,1,0,0,0,2,0,7,50,0,4026,4026,8,5,40,1,0,0,1,0
1331443,4,2023,2023,11,2,4,2209,17,201,2205,0,1,10,-34.866731,150.602158,63,2,1,0,0,0,0,0,2,2,7,60,2,14295,14295,3,5,0,3,0,1,0,0
1331445,2,2023,2023,11,2,7,866,17,171,793,0,1,2,-33.80709,150.969398,21,0,2,1,1,0,0,0,2,0,7,70,2,14295,14295,3,0,5,2,0,0,1,0
1331446,2,2023,2023,11,3,11,32,31,29,34609,0,1,1,-31.099179,150.942411,70,2,1,1,2,0,0,0,0,0,7,50,0,489,489,8,5,40,1,0,0,1,0
1331449,2,2023,2023,11,3,6,3371,17,20,3342,0,1,10,-33.068518,151.651279,37,0,2,1,3,0,0,0,2,0,0,70,2,28,28,1,5,27,2,0,0,1,0
1331455,2,2023,2023,11,6,3,7,27,18,34609,0,1,1,-33.343793,148.978884,11,2,1,0,0,0,0,0,1,0,7,50,0,273,957,5,5,40,1,0,0,1,0
1331456,4,2023,2023,1,0,7,3371,17,24,3342,0,1,9,-31.54313,152.776296,56,1,0,0,0,0,0,0,2,0,7,110,2,380,714,5,10,40,1,0,1,0,0
1331460,2,2023,2023,11,0,7,3,31,70,34609,0,1,0,-32.734378,151.554206,42,2,1,1,0,0,0,0,2,0,7,40,0,368,368,9,10,28,2,0,0,1,0
1331461,2,2023,2023,1,3,8,1,27,1,34609,0,1,1,-33.871487,144.063142,51,2,1,1,0,2,3,4,2,0,7,80,0,4026,4026,8,10,40,1,0,0,2,1
1331462,1,2023,2023,1,1,8,9,1,77,4,0,1,10,-33.724722,151.081416,31,0,2,1,1,0,0,0,2,0,7,50,1,941,941,1,5,19,2,0,0,0,1
1331463,2,2023,2023,11,3,6,12,27,32,11,0,1,1,-32.776762,152.080433,57,2,1,1,0,0,0,0,2,0,7,50,0,1192,1192,1,9,27,2,0,0,1,0
1331464,1,2023,2023,11,0,9,2126,17,363,2149,0,1,1,-33.750833,150.697323,55,0,2,1,2,0,0,0,3,0,7,50,2,3775,3775,0,22,22,2,0,0,0,1
1331466,4,2023,2023,1,3,9,2209,17,59,2205,0,1,1,-34.334028,150.913277,80,0,2,1,1,0,0,0,0,0,7,60,2,2040,2040,9,30,28,4,0,2,0,0
1331467,1,2023,2023,8,4,8,2126,17,27,2149,0,1,9,-33.728341,150.459714,8,2,2,1,1,0,0,0,2,0,0,80,2,1669,1669,3,0,25,2,0,0,0,2
1331471,4,2023,2023,11,4,7,294,17,11,288,0,1,1,-35.171695,147.643952,75,1,0,1,0,0,0,0,2,0,7,100,2,945,945,5,5,40,1,0,1,0,0
1331472,4,2023,2023,11,3,10,14,27,7,3,0,1,1,-34.916641,147.557374,51,1,0,0,0,0,0,0,0,2,8,100,1,1850,1463,5,10,40,1,0,1,0,0
1331473,4,2023,2023,6,2,7,481,17,11,483,0,1,9,-33.933225,147.222012,51,2,1,1,0,0,0,0,2,0,0,60,2,623,623,3,3,13,2,0,1,0,0
1331474,2,2023,2023,5,6,4,15,27,13,91,0,1,1,-34.503266,149.413182,74,1,0,1,0,0,0,0,2,0,7,100,1,1089,1089,7,5,40,1,0,0,1,0
1331482,4,2023,2023,11,6,7,6,25,137,34609,0,1,9,-33.909187,150.907056,24,0,2,1,0,0,0,0,2,0,7,50,0,1669,1669,3,10,5,3,0,1,0,0
1331485,2,2023,2023,1,2,9,42,31,100,34609,0,1,10,-33.958311,151.155297,4,0,2,1,2,0,0,0,0,0,15,50,0,6545,6545,4,5,5,2,0,0,2,0
1331487,2,2023,2023,1,3,4,1,10,35,34609,0,1,1,-30.487661,153.006488,6,2,1,1,1,0,0,0,2,0,7,50,0,4026,4026,8,0,40,1,0,0,1,0
1331491,4,2023,2023,1,6,5,67,27,157,55,0,1,2,-34.009841,151.105258,68,0,2,1,0,0,0,0,2,0,7,70,2,1981,1981,4,5,12,3,0,1,0,0
1331493,2,2023,2023,11,3,0,59,31,77,53,0,1,10,-33.886801,151.198762,69,0,2,1,2,0,0,0,0,0,7,50,2,591,591,1,22,5,2,0,0,1,0
1331494,4,2023,2023,11,3,5,112,27,79,769,0,1,1,-33.582728,150.722505,29,2,2,1,0,0,0,0,2,0,7,60,2,1981,1981,4,16,13,2,0,1,0,0
1331497,2,2023,2023,11,6,5,3,27,8,34609,0,1,1,-36.648989,149.924487,5,2,1,0,0,2,0,0,2,0,7,60,0,3775,3775,0,0,0,2,0,0,2,0
1331499,4,2023,2023,5,6,3,9,27,8,34609,0,1,1,-33.550585,151.202719,31,0,2,0,1,0,0,0,2,0,7,50,0,1259,5151,8,16,40,1,0,1,0,0
1331500,2,2023,2023,6,0,8,92,27,109,34609,0,1,10,-33.906525,151.142834,32,0,2,1,2,0,0,0,0,0,9,50,0,2040,2040,9,5,28,2,0,0,1,0
1331505,4,2023,2023,1,3,6,255,27,71,166,0,1,1,-33.26341,151.537688,16,2,2,1,1,0,0,0,2,0,7,50,2,14295,14295,3,5,0,2,0,1,0,0
1331506,4,2023,2023,11,0,7,109,36,19,108,0,1,9,-28.273597,153.507933,72,1,0,1,0,0,0,0,2,0,0,100,1,2852,2852,4,0,5,2,0,1,0,0
1331507,1,2023,2023,1,1,3,95,31,18,47,0,1,1,-32.895369,151.714686,48,0,2,1,1,0,0,0,2,0,7,60,2,14295,14295,3,5,0,2,0,0,0,1
1331510,4,2023,2023,11,3,6,1,31,13,34609,0,1,9,-34.359117,150.486366,78,2,1,1,0,0,0,0,2,0,0,50,0,782,985,5,30,40,1,0,1,0,0
1331511,4,2023,2023,11,1,7,117,1,115,121,0,1,10,-34.035755,151.070788,68,0,2,1,1,0,0,0,2,2,7,60,1,1945,1945,5,16,40,1,0,1,0,0
1331514,4,2023,2023,11,0,7,9,1,28,260,0,1,10,-32.954691,151.618317,37,0,2,1,0,0,0,0,2,0,0,70,2,5929,5929,1,0,19,2,0,1,0,0
1331518,4,2023,2023,11,1,5,128,27,74,133,0,1,9,-33.764045,150.681327,55,0,2,1,0,0,0,0,2,0,6,60,2,14295,14295,3,16,13,2,0,1,0,0
1331521,4,2023,2023,5,0,5,99,31,237,105,0,1,10,-33.872935,150.945472,24,0,2,1,3,0,0,0,2,2,7,60,1,3775,3775,0,10,5,2,0,1,0,0
1331523,2,2023,2023,5,5,11,91,27,139,187,0,1,2,-33.869833,151.145043,32,0,2,0,2,0,0,0,0,0,7,60,2,418,714,5,5,40,1,0,0,1,0
1331524,2,2023,2023,5,6,11,31,27,85,41,0,1,1,-33.723474,151.139677,36,0,2,1,0,0,0,0,0,0,7,50,1,4026,4026,1,0,5,2,0,0,1,0
1331526,2,2023,2023,11,6,9,3,27,53,34609,0,1,1,-33.35839,151.438261,16,2,2,1,2,0,0,0,3,0,7,50,0,9859,9859,8,0,40,1,0,0,1,0
1331529,4,2023,2023,5,6,3,9,27,10,19,0,1,1,-33.935822,151.118348,4,0,2,1,1,0,0,0,2,0,7,50,1,238,238,9,5,28,2,0,1,0,0
1331535,2,2023,2023,1,5,4,2,10,28,34609,0,1,1,-28.332007,153.419734,72,2,1,0,0,0,0,0,2,0,7,50,0,4552,5151,8,16,40,2,0,0,1,1
1331537,2,2023,2023,11,4,8,13,25,433,34609,0,1,2,-33.282723,149.101399,52,2,1,1,1,0,0,0,2,0,9,50,0,1220,1220,9,5,26,2,0,0,1,0