Crash ID,Degree of crash - detailed,Reporting year,Year of crash,Month of crash,Day of week of crash,Two-hour intervals,Street of crash,Street type,Town,Route no.,School zone location,School zone active,Type of location,Latitude,Longitude,LGA,Urbanisation,Conurbation 1,Alignment,Street lighting,Road surface,Surface condition,Weather,Natural lighting,Signals operation,Other traffic control,Speed limit,Road classification,RUM - code,DCA - code,First impact type,Key TU type,Other TU type,No. of traffic units involved,No. killed,No. seriously injured,No. moderately injured,No. minor-other injured
1331538,2,2023,2023,1,3,5,168,17,18,212,0,1,1,-35.647413,150.14191,23,2,1,1,0,0,0,0,2,0,7,60,2,1192,1192,1,16,19,2,0,0,1,0
1331540,2,2023,2023,11,0,9,119,31,145,140,0,1,1,-33.927557,151.109981,15,0,2,1,0,0,0,0,0,0,7,50,1,387,387,1,15,5,2,0,0,1,0
1331541,2,2023,2023,11,0,4,20,31,174,321,0,1,10,-33.894991,151.198239,69,0,2,1,1,0,0,0,2,1,7,50,2,395,395,1,5,36,2,0,0,1,0
1331545,2,2023,2023,11,4,5,3371,17,57,3342,0,1,2,-28.634297,153.548952,10,1,0,1,3,0,2,6,2,0,7,100,2,4026,4026,8,0,40,1,0,0,1,0
1331554,4,2023,2023,11,5,4,3371,17,82,3342,0,1,9,-33.829148,151.201715,49,0,2,1,1,0,0,0,2,0,15,60,2,2040,2040,9,5,28,2,0,1,0,0
1331555,4,2023,2023,11,2,4,30,27,39,93,0,1,2,-33.754128,150.932338,7,0,2,1,1,0,0,0,2,0,7,60,1,14295,14295,3,5,5,3,0,1,0,0
1331558,4,2023,2023,11,4,11,2261,17,243,2252,0,1,10,-33.957487,150.882391,41,0,2,1,2,0,0,0,0,2,7,70,2,6545,6545,4,30,5,3,0,1,0,0
1331559,4,2023,2023,11,2,8,5,31,20,34609,0,1,1,-33.97707,151.091771,25,0,2,1,1,0,0,0,2,0,7,50,0,9859,9859,1,5,0,2,0,1,0,0
1331560,4,2023,2023,1,4,4,3371,17,108,3342,0,1,9,-33.809752,151.177877,77,0,2,0,1,0,0,0,2,2,4,60,2,5929,5929,1,5,5,2,0,2,0,0
1331561,2,2023,2023,11,6,0,1,4,79,34609,0,1,1,-34.007444,150.744389,12,0,2,0,2,0,0,0,0,0,7,50,0,4552,5151,8,5,40,1,0,0,1,0
1331562,4,2023,2023,11,1,3,3,27,43,34609,0,1,1,-30.440745,153.000877,6,1,0,1,0,0,0,0,2,0,7,100,0,945,945,5,16,40,1,0,1,0,0
1331570,2,2023,2023,8,5,9,57,27,122,34609,0,1,1,-33.410879,151.345466,16,2,2,1,1,0,0,0,0,0,7,60,0,9859,9859,8,5,40,1,0,0,1,0
1331578,2,2023,2023,5,0,9,475,10,523,268,0,1,2,-33.919132,150.918336,41,0,2,1,3,0,0,0,0,0,7,60,2,1383,1383,1,0,5,2,0,0,1,0
1331583,4,2023,2023,8,2,10,1104,14,323,962,0,1,3,-33.79132,150.817415,7,0,2,1,0,0,0,0,0,0,7,110,2,941,941,1,5,5,2,0,1,1,0
1331584,2,2023,2023,8,6,7,48,10,316,121,0,1,9,-31.429497,152.884415,56,2,1,1,0,0,0,0,2,0,0,50,1,926,926,4,0,22,2,0,0,4,1
1331586,4,2023,2023,8,1,2,481,17,77,483,0,1,1,-30.227472,149.809158,51,1,0,1,0,0,0,0,0,0,7,110,2,4026,4026,8,10,40,1,0,1,0,0
1331588,4,2023,2023,6,3,8,51,27,28,63,0,1,9,-34.558604,150.84405,62,0,2,1,1,0,0,0,2,2,7,70,2,2852,2852,4,0,19,2,0,2,0,0
1331590,2,2023,2023,6,5,9,265,10,445,563,0,1,2,-33.863556,151.042294,21,0,2,0,2,0,0,0,0,2,9,70,2,1220,1220,9,0,28,2,0,0,1,1
1331591,2,2023,2023,6,1,9,128,27,363,133,0,1,9,-33.759021,150.684979,55,0,2,1,2,0,0,0,0,2,7,60,2,5929,5929,1,5,13,3,0,0,1,0
1331593,2,2023,2023,6,5,11,2261,17,11,2252,0,1,10,-33.887142,151.105607,9,0,2,0,2,0,0,0,0,2,7,60,2,1259,5151,8,5,40,1,0,0,1,0
1331595,4,2023,2023,6,3,2,103,36,2,157,0,1,10,-29.645729,152.927322,18,2,1,0,2,0,0,0,0,0,0,50,2,4552,5151,8,16,40,1,0,1,0,0
1331596,1,2023,2023,6,6,4,89,31,532,34609,0,1,10,-33.866706,151.205036,69,0,2,1,2,0,3,4,2,2,7,40,0,2040,2040,9,9,28,2,0,0,0,1
1331597,4,2023,2023,6,6,7,91,27,161,187,0,1,10,-33.875144,151.156056,32,0,2,1,1,0,0,0,2,2,7,70,2,515,515,1,8,18,2,0,1,0,0
1331598,4,2023,2023,5,0,7,19,27,81,30,0,1,1,-33.881213,151.263585,81,0,2,1,0,0,0,0,2,0,7,50,1,1945,1945,5,22,40,1,0,1,0,0
1331599,1,2023,2023,6,4,7,143,31,90,181,0,1,2,-33.890542,151.238281,81,0,2,1,0,0,0,0,2,0,7,60,2,1383,1383,1,16,0,2,0,0,0,1
1331601,4,2023,2023,5,3,8,1,31,26,34609,0,1,1,-31.512685,150.683202,51,2,1,1,1,2,0,3,3,0,7,50,0,1945,1945,5,10,40,1,0,1,0,0
1331602,4,2023,2023,6,3,4,866,17,187,793,0,1,9,-33.796695,150.986746,54,0,2,0,1,0,3,4,2,2,7,70,2,14295,14295,3,16,19,2,0,1,0,0
1331604,4,2023,2023,6,6,3,916,17,18,917,0,1,9,-32.741401,151.56039,42,2,1,1,1,0,0,1,2,0,0,80,2,2852,2852,4,34,19,2,0,1,0,0
1331605,4,2023,2023,6,6,8,11,31,115,34609,0,1,10,-34.033798,151.071178,68,0,2,1,1,0,0,0,2,2,9,50,0,2040,2040,9,0,28,2,0,1,0,0
1331606,4,2023,2023,8,3,6,57,27,337,47,0,1,2,-33.724374,150.98688,71,0,2,1,0,0,0,0,2,0,7,60,2,14295,14295,3,30,5,3,0,1,0,0
1331608,1,2023,2023,6,0,6,143,31,173,19,0,1,1,-33.877792,151.213311,69,0,2,1,1,0,0,0,2,2,9,40,1,186,186,9,22,28,2,0,0,0,1
1331609,4,2023,2023,5,6,7,17,1,106,34609,0,1,1,-34.571669,150.80138,62,0,2,1,0,0,0,0,2,0,7,50,0,9859,9859,1,22,36,2,0,1,0,0
1331610,4,2023,2023,5,5,11,3,27,57,34609,0,1,1,-33.610637,151.00735,71,0,2,1,0,0,3,4,0,0,7,60,0,4026,4026,8,5,40,1,0,1,1,0
1331611,1,2023,2023,6,6,10,106,27,252,106,0,1,2,-33.927928,150.875961,41,0,2,1,2,0,3,3,0,0,7,70,2,1383,1383,1,5,0,2,0,0,0,1
1331615,4,2023,2023,5,0,7,4,27,55,34609,0,1,1,-33.882268,151.277735,76,0,2,1,0,0,0,0,2,0,7,50,0,9859,9859,1,22,4,3,0,1,0,0
1331617,2,2023,2023,6,5,10,27,27,5,34609,0,1,1,-31.686351,152.043976,43,1,0,0,0,2,0,0,0,0,7,100,0,273,957,5,10,40,1,0,0,1,0
1331619,4,2023,2023,5,6,8,225,17,32,180,0,1,9,-34.560728,150.623525,78,2,1,0,0,0,1,0,3,0,0,60,2,4552,5151,8,5,40,1,0,1,0,0
1331620,2,2023,2023,5,5,4,55,36,155,95,0,1,9,-33.154864,148.339139,53,1,0,0,0,0,0,0,2,0,7,100,2,775,775,4,0,5,2,0,0,1,0
1331621,1,2023,2023,5,3,10,2261,17,443,2252,0,1,9,-33.886204,151.065833,67,0,2,0,2,0,3,4,0,2,7,60,2,14295,14295,3,5,18,2,0,0,0,1
1331622,2,2023,2023,5,6,9,76,24,164,154,0,1,2,-33.724446,150.890123,7,0,2,0,0,0,0,0,0,0,7,70,1,14295,14295,3,5,5,4,0,0,1,0
1331623,4,2023,2023,5,0,11,1,27,25,34609,0,1,1,-30.83116,151.150902,70,1,0,0,0,0,3,0,0,0,7,100,0,4552,5151,8,10,40,1,0,1,0,0
1331624,2,2023,2023,5,3,0,10,27,13,34609,0,1,1,-35.196302,150.444621,63,2,1,0,0,0,0,0,0,0,7,80,0,4552,5151,8,10,40,1,0,0,1,0
1331626,4,2023,2023,5,2,6,82,27,14,103,0,1,1,-28.348164,153.363821,72,1,0,1,0,0,0,0,2,0,7,100,1,57,57,1,33,19,2,0,1,0,0
1331628,4,2023,2023,6,6,5,4,1,293,34609,1,0,1,-33.927095,151.055043,15,0,2,1,1,0,0,0,2,0,7,50,0,340,340,9,5,28,2,0,1,1,0
1331630,4,2023,2023,5,0,10,14,31,29,148,0,1,9,-32.928883,151.773676,48,0,2,1,2,0,3,3,0,0,0,40,1,2852,2852,4,5,19,2,0,1,1,0
1331631,1,2023,2023,5,6,6,344,27,168,382,0,1,10,-33.723981,150.844287,7,0,2,1,1,0,0,0,2,2,7,80,2,14295,14295,3,8,0,2,0,0,0,1
1331632,2,2023,2023,6,6,8,17,27,11,11,0,1,9,-34.659351,150.287474,78,2,1,1,1,0,3,4,2,0,7,50,1,121,121,9,9,28,2,0,0,1,0
1331634,4,2023,2023,5,6,10,105,17,609,136,0,1,9,-33.792671,150.919122,7,0,2,1,2,0,0,0,0,2,7,60,2,2852,2852,4,15,12,2,0,1,0,0
1331636,4,2023,2023,5,4,9,36,27,43,38,0,1,1,-33.767837,151.256499,50,0,2,1,2,0,0,0,0,0,7,60,1,3775,3775,0,5,12,2,0,1,0,0
1331637,4,2023,2023,5,5,6,35,27,304,37,0,1,10,-33.906643,151.145827,32,0,2,1,1,0,0,0,2,2,7,60,1,3775,3775,0,5,0,3,0,1,1,0
1331639,4,2023,2023,6,0,7,109,27,27,34609,0,1,10,-32.655974,151.353168,17,2,1,1,0,0,0,0,2,0,0,60,0,256,256,4,10,19,2,0,1,0,0
1331640,2,2023,2023,1,1,4,24,27,57,36,0,1,1,-33.581186,150.945522,71,0,2,0,3,0,3,4,2,0,7,70,1,1957,4009,8,0,40,1,0,0,1,0
1331643,2,2023,2023,1,5,9,171,31,523,34609,1,0,10,-33.918028,150.925789,41,0,2,1,2,0,0,0,2,2,9,30,0,2040,2040,9,5,28,2,0,0,1,0
1331644,4,2023,2023,1,3,1,14,27,13,34609,0,1,1,-33.409641,149.0289,11,1,0,1,0,0,2,6,0,0,7,100,0,945,945,5,10,40,1,0,1,1,0
1331645,2,2023,2023,5,0,8,2261,17,96,2252,0,1,6,-34.229758,150.66637,79,2,2,0,1,0,0,0,2,0,7,80,2,14295,14295,3,0,0,3,0,0,1,1
1331647,4,2023,2023,1,5,5,158,27,68,207,0,1,1,-33.878777,151.239594,81,0,2,0,0,0,0,0,2,0,7,60,2,1282,1282,1,33,18,2,0,1,0,0
1331649,2,2023,2023,1,4,9,35,31,123,34609,0,1,9,-33.880051,151.226345,81,0,2,1,0,0,0,0,3,0,7,40,0,5929,5929,1,9,27,2,0,0,1,0
1331657,4,2023,2023,1,5,4,916,17,102,917,0,1,9,-31.112164,150.92322,70,2,1,1,1,0,0,0,2,0,7,60,2,5929,5929,1,30,19,2,0,1,0,0
1331658,4,2023,2023,5,4,9,500,27,646,799,0,1,9,-33.934621,151.036447,15,0,2,1,2,0,0,0,0,2,7,60,2,926,926,4,5,0,3,0,1,2,0
1331659,2,2023,2023,1,2,10,133,17,10,121,0,1,1,-35.910573,149.157691,65,1,0,1,0,0,0,0,0,0,7,100,2,945,945,5,8,40,1,0,0,1,0
1331666,4,2023,2023,1,4,3,15,1,17,69,0,1,1,-33.792687,151.16032,77,0,2,1,1,0,0,0,2,0,7,50,2,3775,3775,0,5,13,2,0,1,0,1
1331669,4,2023,2023,1,2,6,112,27,29,769,0,1,1,-33.537047,150.633018,29,2,2,1,1,0,0,0,2,0,7,60,2,1109,787,1,0,19,2,0,1,0,0
1331672,1,2023,2023,5,0,4,36,27,43,38,0,1,7,-33.768109,151.25665,50,0,2,1,1,0,0,0,2,0,0,60,1,6545,6545,4,5,27,2,0,0,0,1
1331674,4,2023,2023,6,2,0,32,14,35,124,0,1,2,-33.815658,151.20046,77,0,2,1,2,0,0,0,0,0,7,80,2,14295,14295,3,16,0,2,0,1,0,0
1331676,2,2023,2023,1,6,4,2,31,62,34609,0,1,1,-33.89436,151.136718,32,0,2,1,0,0,0,0,2,0,7,50,0,2040,2040,9,30,28,2,0,0,1,0
1331678,1,2023,2023,11,1,3,25,27,43,34609,0,1,1,-33.588092,150.871939,29,2,2,0,3,0,0,0,4,0,7,70,0,4552,5151,8,10,40,1,0,0,0,1
1331681,1,2023,2023,5,0,4,9,31,147,69,0,1,11,-33.870147,151.130927,14,0,2,1,1,0,0,0,2,2,9,60,2,2040,2040,9,5,28,2,0,0,0,1
1331687,4,2023,2023,1,5,11,2209,17,10,2205,0,1,1,-36.80065,149.814418,5,1,0,1,0,0,0,0,0,0,7,100,2,1089,1089,7,16,40,1,0,1,0,0
1331695,1,2023,2023,1,2,7,2126,17,136,2149,0,1,9,-33.857788,151.067924,67,0,2,1,2,0,0,0,2,0,0,60,2,5929,5929,1,21,25,2,0,0,0,1
1331697,4,2023,2023,1,3,4,28,10,5,70,0,1,7,-31.939351,152.468139,43,2,1,1,1,0,3,4,2,0,0,70,1,4026,4026,8,16,40,1,0,1,0,0
1331698,2,2023,2023,1,5,9,15,23,29,34609,0,1,1,-33.728717,150.728154,55,0,2,1,3,0,0,0,0,0,7,50,0,3775,3775,0,5,0,2,0,0,2,0
1331699,1,2023,2023,11,3,7,387,36,86,69,0,1,10,-33.722236,151.217148,50,0,2,1,3,0,0,0,2,2,9,80,2,2040,2040,9,5,28,2,0,0,0,1
1331701,2,2023,2023,11,2,6,177,31,65,34609,0,1,1,-33.856889,150.900757,24,0,2,1,3,0,0,0,2,0,7,60,0,9859,9859,8,5,40,1,0,0,1,0
1331704,4,2023,2023,11,6,6,4,27,29,34609,0,1,1,-31.9158,143.069519,51,1,0,1,0,2,0,0,2,0,7,110,0,1945,1945,5,16,40,1,0,1,0,0
1331706,2,2023,2023,11,4,4,2209,17,76,2205,0,1,1,-35.370968,150.467877,63,2,1,1,1,0,0,0,2,0,7,60,2,1669,1669,3,9,13,2,0,0,1,1
1331709,4,2023,2023,5,4,3,4,31,15,34609,0,1,9,-34.615536,150.316523,78,2,1,0,0,1,1,0,1,0,7,50,0,2585,4009,8,5,40,1,0,1,0,0
1331710,4,2023,2023,1,6,4,39,27,36,91,0,1,1,-33.933566,151.257977,59,0,2,1,0,0,3,4,2,0,7,50,1,312,312,2,0,40,1,0,1,0,0
1331713,2,2023,2023,1,2,1,14,10,13,34609,0,1,2,-33.633031,150.905587,71,0,2,1,2,0,0,0,0,0,7,50,0,4026,4026,8,0,40,1,0,0,1,0
1331714,4,2023,2023,8,4,7,2209,17,59,2205,0,1,1,-34.32445,150.913021,80,0,2,0,0,0,0,0,2,0,7,60,2,3775,3775,0,16,5,2,0,1,0,0
1331716,4,2023,2023,11,2,5,1,25,87,34609,0,1,1,-33.680511,150.93931,71,0,2,1,1,0,0,0,2,0,7,50,0,238,238,9,0,28,2,0,1,0,0
1331720,4,2023,2023,11,6,6,70,27,78,100,0,1,1,-33.691026,150.582003,8,2,2,0,3,0,0,0,2,0,7,60,2,2585,4009,8,5,40,1,0,1,0,0
1331727,2,2023,2023,11,3,7,2209,17,79,2205,0,1,2,-34.902037,150.60191,63,2,1,1,3,0,0,0,2,0,7,70,2,1282,1282,1,8,13,2,0,0,1,0
1331728,4,2023,2023,11,3,10,1052,14,54,928,0,1,3,-33.454693,151.205988,16,1,2,0,3,0,3,0,0,0,7,110,2,1259,5151,8,5,40,1,0,1,0,1
1331731,2,2023,2023,1,5,6,100,27,127,100,0,1,1,-33.830725,150.855788,24,0,2,0,3,0,0,0,2,0,7,70,2,1957,4009,8,8,40,1,0,0,1,0
1331732,4,2023,2023,11,3,6,1,27,35,34609,0,1,1,-29.793426,148.391552,51,2,1,1,0,2,0,0,2,0,7,80,0,9859,9859,8,23,40,1,0,1,0,0
1331735,2,2023,2023,11,5,9,57,27,30,126,0,1,9,-32.767369,151.63072,42,2,1,1,2,0,0,0,0,0,15,80,2,2852,2852,4,5,19,2,0,0,1,0
1331736,2,2023,2023,11,5,8,5,27,106,41,0,1,1,-28.879188,153.071543,60,1,0,1,0,0,0,0,3,0,7,100,1,945,945,5,10,40,1,0,0,1,0
1331737,4,2023,2023,11,0,9,280,10,162,82,0,1,9,-33.851128,150.915262,24,0,2,1,2,0,0,0,0,0,0,60,1,5929,5929,1,5,19,2,0,1,0,0
1331739,1,2023,2023,1,3,9,1,27,2,34609,0,1,1,-34.177139,142.229538,51,2,1,1,0,0,0,0,2,0,7,50,0,1945,1945,5,16,40,1,0,0,0,1
1331743,2,2023,2023,1,0,11,1,31,168,34609,0,1,1,-33.69057,150.818503,7,0,2,1,2,0,0,0,0,0,7,50,0,4026,4026,1,0,12,2,0,0,1,0
1331747,1,2023,2023,11,0,5,7,23,646,34609,0,1,10,-33.919328,151.0311,15,0,2,1,0,0,0,0,2,0,7,40,0,14295,14295,3,33,0,2,0,0,0,1
1331751,2,2023,2023,1,4,5,2126,17,169,2149,0,1,9,-33.786036,150.843236,7,0,2,1,0,0,3,0,2,0,0,80,2,775,775,4,33,19,2,0,0,1,0
1331753,2,2023,2023,1,6,4,22,27,36,173,0,1,3,-34.375633,150.861711,80,0,2,0,0,0,0,0,2,0,7,80,2,4552,5151,8,9,40,1,0,0,1,0
1331754,4,2023,2023,5,0,4,17,31,14,34609,0,1,9,-30.33505,152.707903,6,2,1,1,0,0,0,0,2,0,7,50,0,1850,985,5,16,40,1,0,1,0,0
1331758,4,2023,2023,11,0,6,57,36,169,769,0,1,1,-33.60601,150.780877,29,2,2,1,0,0,0,0,2,0,7,80,2,9859,9859,8,5,40,1,0,1,0,0
1331759,2,2023,2023,11,2,4,137,31,65,34609,0,1,2,-32.927481,151.767531,48,0,2,1,0,0,0,0,2,0,7,40,0,14295,14295,3,30,5,2,0,0,1,1
1331765,2,2023,2023,1,4,8,2209,17,130,2205,0,1,9,-34.467229,150.830443,80,0,2,1,1,0,0,0,3,0,15,70,1,489,489,8,30,40,1,0,0,1,0
1331767,1,2023,2023,11,0,8,12,31,98,8,0,1,10,-30.974766,150.252256,51,2,1,1,3,0,0,0,4,0,0,50,1,6545,6545,4,30,13,2,0,0,0,1
1331771,1,2023,2023,0,1,6,1052,14,87,928,0,1,3,-33.0772,151.476866,37,0,2,0,3,0,1,0,2,0,7,110,2,14295,14295,3,9,13,2,0,0,0,1
1331772,1,2023,2023,11,3,5,71,27,69,122,0,1,9,-34.554581,150.859868,62,0,2,1,3,0,0,0,2,2,7,70,2,14295,14295,3,5,0,2,0,0,0,1
1331774,1,2023,2023,1,4,6,3,27,33,34609,0,1,9,-33.796695,151.092114,61,0,2,0,3,0,0,0,2,0,0,50,0,6545,6545,4,5,0,2,0,0,0,1
1331776,1,2023,2023,11,3,4,234,27,337,217,0,1,10,-33.734849,151.002984,71,0,2,1,3,0,0,0,2,3,7,60,2,1192,1192,1,5,5,2,0,0,0,1
1331781,2,2023,2023,11,0,8,28,27,43,28,0,1,1,-32.792982,151.853335,57,2,1,1,3,0,0,0,4,2,7,80,1,14295,14295,3,30,5,2,0,0,1,0
1331782,2,2023,2023,11,5,8,42,10,78,39,0,1,2,-34.475444,150.835462,80,0,2,1,3,0,0,0,2,0,7,70,1,14295,14295,3,30,5,3,0,0,1,1
1331783,2,2023,2023,11,4,8,18,10,79,34609,0,1,10,-34.00812,150.739355,12,0,2,1,2,0,0,0,2,2,7,50,0,5929,5929,1,5,5,2,0,0,1,0
1331785,2,2023,2023,11,0,5,39,10,42,65,0,1,7,-33.701286,150.953892,71,0,2,1,3,0,3,4,2,0,0,60,1,4026,4026,8,5,40,1,0,0,1,0
1331786,1,2023,2023,1,0,4,168,10,387,260,0,1,2,-33.944675,151.188172,4,0,2,1,3,0,0,0,2,0,7,70,2,1391,1391,1,29,5,2,0,0,0,1
1331787,2,2023,2023,11,1,3,34,31,98,260,0,1,1,-33.007751,151.594259,37,0,2,1,3,0,0,0,1,0,7,60,2,9859,9859,1,10,5,3,0,0,1,0
1331788,2,2023,2023,1,1,4,2209,17,157,2205,0,1,9,-34.010202,151.095716,68,0,2,0,3,0,0,0,2,2,7,70,2,2852,2852,4,0,0,2,0,0,3,0
1331790,2,2023,2023,11,6,8,44,31,460,34609,0,1,10,-33.839043,150.980081,21,0,2,1,0,0,0,0,2,0,0,50,0,6545,6545,4,5,0,2,0,0,2,1
1331791,1,2023,2023,11,2,5,330,23,293,39,1,0,9,-33.955894,151.244174,59,0,2,1,3,0,0,0,2,0,15,60,1,14295,14295,3,0,12,2,0,0,0,1
1331792,1,2023,2023,11,2,9,128,27,74,133,0,1,9,-33.77264,150.67097,55,0,2,1,3,0,0,0,0,2,5,60,2,5929,5929,1,5,5,2,0,0,0,1
1331794,2,2023,2023,1,1,6,27,27,84,35,0,1,9,-33.804244,150.979814,54,0,2,1,1,0,0,0,2,2,7,50,1,1383,1383,1,10,0,2,0,0,1,0
1331798,1,2023,2023,11,0,7,61,27,232,70,0,1,10,-33.661072,150.923622,71,0,2,1,3,0,0,0,2,0,15,70,1,623,623,3,5,5,2,0,0,0,1
1331799,2,2023,2023,11,5,4,19,31,234,34609,0,1,10,-34.28833,146.032858,28,2,1,1,3,0,0,0,2,0,15,50,0,9859,9859,8,5,40,1,0,0,1,0
1331802,1,2023,2023,11,2,5,2126,17,283,2149,0,1,9,-33.82652,151.004665,54,0,2,1,3,0,0,0,2,3,9,60,2,14295,14295,3,5,0,2,0,0,0,1
1331803,1,2023,2023,11,2,5,79,27,46,159,0,1,10,-33.940866,151.116035,4,0,2,1,3,0,0,0,2,2,7,60,2,217,217,1,5,0,2,0,0,0,1
1331804,1,2023,2023,11,2,6,45,31,204,331,0,1,9,-33.937618,151.152882,4,0,2,1,3,0,0,0,2,2,7,60,2,14295,14295,3,5,0,2,0,0,0,1
1331807,2,2023,2023,8,6,5,1104,14,223,962,0,1,3,-33.805683,150.917012,7,0,2,1,3,0,0,0,2,0,7,100,2,14295,14295,3,5,5,3,0,0,1,0
1331808,1,2023,2023,11,6,8,171,27,113,369,0,1,2,-33.784122,150.705616,55,0,2,1,3,0,0,0,3,0,7,70,2,14295,14295,3,0,5,2,0,0,0,1
1331810,1,2023,2023,11,4,4,85,27,72,145,0,1,2,-33.799123,151.054271,54,0,2,1,3,0,0,0,2,0,7,70,2,14295,14295,3,0,5,2,0,0,0,1
1331812,2,2023,2023,11,1,3,53,31,113,10,0,1,10,-29.462992,149.835962,51,2,1,1,3,0,0,0,1,0,0,50,1,775,775,4,0,5,2,0,0,1,0
1331819,1,2023,2023,1,4,7,37,31,82,34609,0,1,9,-31.075748,150.926474,70,2,1,1,3,0,0,6,2,0,15,50,0,217,217,1,0,0,2,0,0,0,1
1331820,2,2023,2023,11,3,2,2209,17,17,2205,0,1,1,-35.539831,150.29941,63,1,0,0,3,0,0,0,0,0,7,100,2,1957,4009,8,10,40,1,0,0,1,0
1331821,4,2023,2023,11,4,4,251,14,79,124,0,1,2,-33.824622,151.211028,49,0,2,0,0,0,0,0,2,0,7,60,2,1383,1383,1,9,19,2,0,1,0,0
1331824,1,2023,2023,11,3,6,92,27,129,244,0,1,1,-33.896577,151.103324,15,0,2,1,3,0,0,0,2,0,7,60,2,1192,1192,1,5,13,2,0,0,0,1
1331825,1,2023,2023,11,0,3,46,27,148,43,0,1,10,-36.04968,146.931689,0,2,1,1,3,0,0,0,2,2,7,60,1,6545,6545,4,0,13,2,0,0,0,1
1331826,2,2023,2023,1,0,5,91,27,161,187,0,1,2,-33.875314,151.159822,32,0,2,0,3,0,0,0,2,0,7,70,2,1391,1391,1,8,18,2,0,0,1,0
1331827,2,2023,2023,11,3,9,1,31,70,34609,0,1,1,-32.726447,151.553153,42,2,1,1,3,0,0,0,3,0,7,50,0,9859,9859,1,5,0,2,0,0,1,0
1331832,2,2023,2023,11,2,4,866,17,247,793,0,1,9,-33.836449,150.958266,21,0,2,1,3,0,0,0,2,0,7,70,2,775,775,4,10,5,2,0,0,1,0
1331834,2,2023,2023,11,4,10,500,27,83,799,0,1,10,-33.912746,151.11823,15,0,2,1,3,0,0,0,0,0,7,60,2,14295,14295,3,5,5,2,0,0,1,0
1331836,2,2023,2023,11,6,9,230,27,173,284,0,1,2,-33.790762,151.129952,61,0,2,1,3,0,0,0,3,0,7,70,2,14295,14295,3,5,5,3,0,0,1,0
1331837,2,2023,2023,11,4,4,32,14,108,124,0,1,3,-33.813001,151.191929,77,0,2,1,3,0,0,0,2,0,7,80,2,14295,14295,3,30,5,2,0,0,1,0
1331838,1,2023,2023,11,4,7,1052,27,69,262,0,1,9,-32.904865,151.689979,48,0,2,1,3,0,0,0,2,0,7,60,2,14295,14295,3,5,5,3,0,0,0,1
1331841,2,2023,2023,11,4,8,6,27,80,69,0,1,10,-33.93946,151.223897,4,0,2,1,3,0,0,0,3,2,7,50,1,1109,397,1,5,19,2,0,0,1,0
1331844,1,2023,2023,11,2,7,50,27,167,51,0,1,7,-33.85377,151.077103,54,0,2,1,3,0,0,0,2,3,0,60,1,14295,14295,3,5,5,2,0,0,0,1
1331845,1,2023,2023,11,4,6,98,27,223,11,0,1,9,-33.793651,150.920754,7,0,2,1,3,0,0,0,2,0,7,60,1,14295,14295,3,10,5,2,0,0,0,1
1331846,2,2023,2023,11,4,7,21,27,26,10,0,1,9,-32.736296,151.390002,17,2,1,1,0,0,0,0,2,0,15,80,1,5929,5929,1,5,5,2,0,0,1,0
1331847,2,2023,2023,11,6,4,515,14,188,518,0,1,3,-33.936206,151.110739,15,0,2,1,3,0,0,0,2,0,7,80,2,14295,14295,3,10,0,2,0,0,1,0
1331848,1,2023,2023,1,0,7,916,17,32,917,0,1,1,-32.593408,151.196567,64,2,1,1,3,0,0,0,2,0,7,80,2,9859,9859,8,0,40,1,0,0,0,1
1331849,1,2023,2023,6,3,6,44,1,126,22,0,1,10,-33.921676,150.814334,41,0,2,1,3,0,0,0,2,0,0,60,1,6545,6545,4,0,5,2,0,0,0,1
1331851,1,2023,2023,11,0,5,1,27,2,34609,0,1,1,-33.638801,151.312905,50,0,2,0,3,0,0,0,2,0,7,50,0,312,312,2,5,40,1,0,0,0,1
1331855,2,2023,2023,11,0,6,1052,27,219,262,0,1,10,-32.904417,151.68687,48,0,2,1,3,0,0,0,2,1,8,60,2,14295,14295,3,10,5,3,0,0,1,0
1331857,1,2023,2023,11,0,7,6,23,86,34609,0,1,7,-33.747345,150.93166,7,0,2,1,3,0,0,0,2,0,0,50,0,6545,6545,4,5,0,2,0,0,0,1
1331859,2,2023,2023,11,4,8,18,10,53,18,0,1,1,-33.772108,151.145014,36,0,2,1,3,0,0,0,3,0,7,60,1,14295,14295,3,5,5,2,0,0,1,0
1331867,2,2023,2023,11,2,10,3,31,290,34609,0,1,1,-33.853941,150.998089,21,0,2,1,3,0,0,0,0,0,7,50,0,9859,9859,1,5,5,2,0,0,1,0
1331869,1,2023,2023,11,5,8,23,14,17,22,0,1,2,-33.860928,151.206202,69,0,2,1,3,0,0,3,2,0,7,70,2,14295,14295,3,5,5,2,0,0,0,1
1331870,1,2023,2023,11,1,3,2,27,115,38,0,1,7,-33.753568,151.243401,50,0,2,1,3,0,0,0,2,0,0,50,1,14295,14295,3,0,0,2,0,0,0,1
1331877,1,2023,2023,8,1,8,2126,17,73,2149,0,1,10,-33.888185,151.164892,32,0,2,1,3,0,3,0,3,2,7,60,2,14295,14295,3,5,5,2,0,0,0,1
1331878,1,2023,2023,11,0,8,24,27,246,99,0,1,10,-33.907968,151.190181,69,0,2,1,1,0,0,0,3,2,7,60,2,5929,5929,1,5,5,2,0,0,0,1
1331881,2,2023,2023,11,2,5,44,27,202,563,0,1,9,-33.948025,151.037135,15,0,2,1,3,0,0,0,2,0,7,70,2,14295,14295,3,5,19,2,0,0,1,0