Crash ID,Degree of crash - detailed,Reporting year,Year of crash,Month of crash,Day of week of crash,Two-hour intervals,Street of crash,Street type,Town,Route no.,School zone location,School zone active,Type of location,Latitude,Longitude,LGA,Urbanisation,Conurbation 1,Alignment,Street lighting,Road surface,Surface condition,Weather,Natural lighting,Signals operation,Other traffic control,Speed limit,Road classification,RUM - code,DCA - code,First impact type,Key TU type,Other TU type,No. of traffic units involved,No. killed,No. seriously injured,No. moderately injured,No. minor-other injured
1331886,2,2023,2023,11,6,9,3,27,89,27,0,1,1,-33.678366,150.78771,55,0,2,1,1,0,0,0,0,0,7,80,1,1669,1669,3,10,5,3,0,0,1,1
1331888,2,2023,2023,11,2,5,77,31,64,563,0,1,9,-33.885729,151.039766,21,0,2,1,3,0,0,0,2,0,7,80,2,2852,2852,4,10,5,2,0,0,1,0
1331890,2,2023,2023,1,3,9,37,27,149,20,0,1,9,-33.34811,151.378582,16,2,2,1,0,0,0,0,0,0,7,60,1,5929,5929,1,10,5,2,0,0,1,0
1331892,1,2023,2023,11,4,7,49,27,201,47,0,1,7,-33.989191,150.867695,13,0,2,0,3,0,0,0,2,0,0,60,1,1391,1391,1,29,5,2,0,0,0,1
1331895,2,2023,2023,11,6,3,77,1,112,34609,0,1,1,-33.913963,150.933294,41,0,2,1,1,0,0,0,1,0,7,50,0,9859,9859,1,10,10,2,0,0,1,0
1331898,1,2023,2023,11,6,8,1,27,3,34609,0,1,1,-30.726126,151.030647,70,1,0,1,3,2,0,0,3,0,7,100,0,9859,9859,8,0,40,1,0,0,0,1
1331901,1,2023,2023,11,5,3,23,27,523,23,0,1,1,-33.922334,150.908331,41,0,2,1,3,0,0,0,2,0,7,60,1,1383,1383,1,0,35,2,0,0,0,1
1331907,4,2023,2023,1,0,7,45,31,147,34609,0,1,1,-33.867658,151.123193,14,0,2,1,0,0,0,0,2,0,7,50,0,340,340,9,0,28,2,0,1,0,0
1331910,2,2023,2023,1,2,8,4,27,10,34609,0,1,1,-34.06869,151.115456,68,0,2,1,1,0,3,4,2,0,7,50,0,9859,9859,1,5,5,2,0,0,1,0
1331912,4,2023,2023,11,2,4,114,27,22,65,0,1,1,-33.451185,151.069158,16,2,2,0,0,0,0,0,2,0,7,60,1,1850,1463,5,16,40,1,0,1,0,0
1331913,2,2023,2023,11,0,9,916,17,13,917,0,1,10,-32.556607,151.167633,64,2,1,1,3,0,0,0,0,2,15,60,2,1669,1669,3,0,0,2,0,0,3,0
1331916,2,2023,2023,11,3,8,118,31,194,34609,0,1,10,-30.527559,151.674197,1,2,1,1,1,0,0,0,2,0,0,50,0,6545,6545,4,5,13,2,0,0,2,0
1331922,4,2023,2023,6,1,8,3371,17,29,3342,0,1,2,-32.181184,152.327803,43,1,0,0,0,0,0,0,2,0,7,100,2,2585,4009,8,5,40,1,0,1,0,0
1331924,1,2023,2023,11,0,9,44,31,31,605,0,1,10,-33.776414,151.266757,50,0,2,1,2,0,0,0,0,2,7,60,2,515,515,1,5,18,2,0,0,0,1
1331925,4,2023,2023,5,6,5,485,27,323,769,0,1,9,-33.736315,150.981724,71,0,2,1,1,0,0,0,2,2,7,60,2,591,591,1,22,0,2,0,1,1,0
1331927,2,2023,2023,11,3,7,56,1,18,46,0,1,1,-28.389473,153.563451,72,2,1,1,1,0,0,0,2,0,7,40,1,9859,9859,1,5,5,3,0,0,1,0
1331931,4,2023,2023,11,0,0,10,27,438,34609,0,1,10,-33.859789,151.025958,21,0,2,1,0,0,0,0,0,0,15,50,0,6545,6545,4,5,0,4,0,1,0,0
1331934,1,2023,2023,5,6,4,3,27,15,34609,0,1,1,-35.147539,149.003194,82,2,1,0,0,0,0,0,2,0,7,80,0,3775,3775,0,5,0,2,0,0,0,1
1331935,2,2023,2023,11,6,5,9,27,41,34609,0,1,9,-34.093105,150.820156,13,0,2,1,0,0,0,0,2,0,7,50,0,1850,985,5,16,40,1,0,0,1,0
1331936,2,2023,2023,1,6,8,5,22,646,34609,0,1,0,-33.917446,151.033662,15,0,2,1,1,0,3,4,2,0,7,40,0,248,248,1,0,5,2,0,0,1,0
1331937,2,2023,2023,11,3,8,5,27,155,34609,0,1,10,-33.132627,148.162236,53,2,1,1,1,0,0,0,2,0,0,50,0,6545,6545,4,5,19,2,0,0,2,0
1331939,2,2023,2023,11,0,3,9,31,562,34609,0,1,9,-32.251178,148.618164,22,2,1,1,0,0,0,0,2,0,7,50,0,1669,1669,3,10,36,2,0,0,2,0
1331942,2,2023,2023,11,0,8,40,27,94,40,0,1,9,-33.884148,150.927585,24,0,2,1,1,0,0,0,2,0,9,40,1,2040,2040,9,5,28,2,0,0,1,0
1331943,4,2023,2023,1,5,4,5,31,438,34609,0,1,7,-33.839572,151.036694,21,0,2,1,1,0,0,0,2,0,0,50,0,6545,6545,4,0,27,2,0,1,0,0
1331944,1,2023,2023,1,2,5,1,27,30,34609,0,1,1,-34.790259,148.568886,30,1,0,0,0,2,0,0,2,0,7,100,0,1957,4009,8,30,40,1,0,0,0,1
1331948,1,2023,2023,11,4,7,44,27,337,34609,0,1,1,-33.732406,150.979757,71,0,2,1,1,0,0,0,2,0,7,50,0,1981,1981,4,5,0,2,0,0,0,1
1331949,4,2023,2023,5,0,11,30,10,27,30,0,1,9,-33.209761,151.202906,16,2,2,0,0,0,0,0,0,0,7,80,1,4552,5151,8,0,40,1,0,1,0,0
1331950,4,2023,2023,6,0,7,346,17,106,332,0,1,1,-28.866946,152.992268,60,1,0,1,0,0,0,0,2,0,7,100,2,9859,9859,8,5,40,1,0,2,0,0
1331953,4,2023,2023,11,5,9,2,1,39,34609,0,1,9,-31.059324,152.826449,34,2,1,1,2,0,0,0,0,0,7,50,0,395,395,1,0,19,2,0,1,0,0
1331955,2,2023,2023,11,3,5,165,31,169,34609,0,1,10,-33.898469,151.202351,69,0,2,1,1,0,0,0,2,0,15,50,0,6545,6545,4,5,5,2,0,0,1,0
1331956,2,2023,2023,5,2,0,2261,17,70,2252,0,1,2,-34.741054,149.940143,26,1,0,1,0,0,0,0,0,0,7,110,2,1089,1089,7,5,40,1,0,0,1,0
1331957,2,2023,2023,7,1,4,13,27,210,34609,0,1,10,-34.035645,151.101989,68,0,2,1,0,0,0,0,2,2,7,50,0,5929,5929,1,5,5,2,0,0,1,0
1331958,4,2023,2023,11,4,9,50,27,169,382,0,1,10,-33.777236,150.848196,7,0,2,1,2,0,0,0,0,2,7,50,2,6545,6545,4,10,5,2,0,1,1,1
1331959,2,2023,2023,11,1,8,48,31,72,44,0,1,10,-33.828913,151.22197,49,0,2,1,1,0,0,0,3,2,7,50,1,1945,1945,5,16,40,2,0,0,1,0
1331961,1,2023,2023,6,5,4,2126,17,179,2149,0,1,1,-33.759536,150.723617,55,0,2,1,1,0,0,0,2,0,7,60,2,1981,1981,4,5,27,2,0,0,0,1
1331966,2,2023,2023,11,6,7,2209,17,61,2205,0,1,7,-35.912088,150.080303,23,2,1,0,1,0,0,3,2,0,0,50,2,6545,6545,4,0,5,2,0,0,1,0
1331967,2,2023,2023,11,0,4,2,36,10,34609,0,1,1,-33.008402,151.655349,37,0,2,0,0,0,0,0,2,0,7,50,0,2040,2040,9,0,28,2,0,0,1,0
1331974,4,2023,2023,11,4,7,3371,17,10,3342,0,1,2,-32.637455,152.036133,43,1,0,0,0,0,0,0,2,0,7,100,2,4552,5151,1,8,10,2,0,1,0,0
1331976,2,2023,2023,11,2,2,4,10,316,34609,0,1,1,-31.474346,152.933405,56,2,1,0,2,0,3,4,0,0,7,50,0,3775,3775,0,0,13,2,0,0,1,0
1331977,4,2023,2023,11,1,10,154,27,145,244,0,1,2,-33.915783,151.067333,15,0,2,1,2,0,0,0,0,0,7,60,2,2040,2040,9,10,28,2,0,1,0,0
1331979,4,2023,2023,11,3,8,191,17,8,189,0,1,1,-32.539266,150.969611,64,1,0,1,0,0,0,0,3,0,7,100,2,9859,9859,8,10,40,1,0,1,0,0
1331981,2,2023,2023,11,0,8,916,17,32,917,0,1,1,-30.295152,151.689705,1,1,0,1,0,0,0,0,3,0,7,100,2,14295,14295,3,10,13,2,0,0,1,0
1331984,2,2023,2023,1,5,3,866,17,314,793,0,1,1,-33.849243,150.945639,21,0,2,0,0,0,0,0,1,0,7,70,2,1957,4009,8,16,40,1,0,0,1,0
1331987,4,2023,2023,1,6,8,89,17,82,34609,0,1,1,-34.370594,150.897348,80,0,2,1,2,0,0,0,0,0,7,50,0,1220,1220,9,5,28,2,0,1,0,0
1331988,1,2023,2023,5,4,5,3,27,17,34609,0,1,1,-33.604566,151.3335,50,0,2,0,1,0,0,0,2,0,7,40,0,1850,1463,5,22,40,1,0,0,0,1
1331990,2,2023,2023,5,1,4,14,31,171,34609,1,0,9,-33.81481,150.969799,21,0,2,1,0,0,0,0,2,0,7,50,0,5929,5929,1,0,5,2,0,0,2,0
1331997,2,2023,2023,11,1,8,4,27,271,34609,0,1,1,-33.962428,151.013358,15,0,2,1,1,0,0,0,2,0,7,50,0,9859,9859,1,5,5,2,0,0,1,0
1332001,2,2023,2023,6,1,7,2126,17,166,2149,0,1,10,-33.41439,149.581949,3,2,1,1,1,0,0,0,2,2,7,60,2,14295,14295,3,8,0,2,0,0,1,1
1332002,4,2023,2023,11,6,4,1052,14,83,928,0,1,3,-33.47737,151.188146,16,1,2,1,1,0,0,0,2,0,7,90,2,1383,1383,1,0,35,2,0,1,1,0
1332024,2,2023,2023,11,5,4,17,31,316,34609,0,1,1,-33.907926,151.25481,59,0,2,1,1,0,0,0,2,0,7,50,0,387,387,1,22,0,2,0,0,1,0
1332030,4,2023,2023,11,3,8,7,27,13,6,1,0,1,-34.07822,150.678425,12,0,2,1,1,0,0,0,3,0,7,60,1,9859,9859,8,0,40,1,0,1,0,0
1332034,2,2023,2023,11,0,4,481,17,15,483,0,1,1,-34.344001,146.924116,51,1,0,1,0,0,0,0,2,0,7,110,2,1089,1089,7,5,40,1,0,0,1,1
1332035,4,2023,2023,11,4,4,16,27,32,34609,0,1,1,-33.923403,150.981602,15,0,2,1,0,0,0,0,2,0,7,40,0,9859,9859,8,5,40,1,0,1,0,0
1332037,2,2023,2023,11,3,7,17,31,149,21,0,1,10,-33.864091,151.176669,32,0,2,1,2,0,0,0,2,0,15,40,1,6545,6545,4,5,5,2,0,0,1,1
1332038,2,2023,2023,1,2,11,162,31,532,34609,0,1,9,-33.868775,151.202641,69,0,2,0,2,0,0,0,0,0,7,40,0,591,591,1,22,5,2,0,0,1,0
1332039,1,2023,2023,11,4,7,169,31,108,34609,0,1,2,-28.870942,153.561584,2,2,1,1,0,0,0,0,2,0,7,40,0,214,214,9,33,28,2,0,0,0,1
1332040,4,2023,2023,5,3,4,54,27,38,563,0,1,9,-34.046271,150.987797,68,0,2,1,0,0,0,0,2,0,15,80,2,78,78,8,11,40,1,0,1,0,0
1332041,4,2023,2023,1,4,8,149,10,346,702,0,1,10,-33.867992,151.06417,67,0,2,1,0,0,0,0,2,2,7,80,2,14295,14295,3,0,5,2,0,1,0,0
1332043,1,2023,2023,11,1,4,18,1,169,34609,0,1,9,-33.901525,151.21293,69,0,2,1,0,0,0,0,2,0,7,40,0,775,775,4,0,22,2,0,0,0,1
1332044,1,2023,2023,6,1,7,19,31,188,34609,0,1,2,-33.942932,151.10135,25,0,2,1,1,0,0,0,2,0,7,50,0,14295,14295,3,0,12,2,0,0,0,1
1332047,4,2023,2023,11,2,5,110,27,113,48,0,1,2,-34.314331,150.894107,80,0,2,1,1,0,0,0,2,0,7,100,2,14295,14295,3,5,0,10,0,1,1,0
1332049,4,2023,2023,11,0,6,14,27,143,34609,0,1,9,-33.873999,151.110847,9,0,2,1,1,0,0,0,2,0,7,50,0,2852,2852,4,21,19,3,0,1,0,0
1332051,4,2023,2023,11,4,11,1,7,164,34609,0,1,9,-33.73583,150.88622,7,0,2,1,2,0,0,0,0,0,0,50,0,237,162,8,0,40,1,0,2,0,0
1332052,4,2023,2023,1,1,4,42,10,51,39,0,1,2,-34.470228,150.827652,80,0,2,0,1,0,0,0,2,0,0,70,1,1259,5151,8,15,40,1,0,1,0,0
1332053,4,2023,2023,11,2,8,3371,17,107,3342,0,1,1,-33.269708,151.443557,16,2,2,1,1,0,0,0,2,0,7,70,2,9859,9859,1,10,5,2,0,1,0,0
1332054,2,2023,2023,11,5,4,28,27,43,28,0,1,1,-32.803821,151.850945,57,2,1,1,1,0,0,0,2,0,7,80,1,1669,1669,3,5,5,2,0,0,2,0
1332058,1,2023,2023,11,3,8,829,27,165,770,0,1,10,-33.851086,151.154494,14,0,2,1,1,0,0,0,2,1,9,60,2,2040,2040,9,5,28,2,0,0,0,1
1332061,2,2023,2023,11,2,5,12,27,8,15,0,1,1,-32.563381,151.320473,64,2,1,0,0,0,0,0,2,0,7,80,1,1957,4009,8,29,40,1,0,0,1,0
1332063,1,2023,2023,5,4,0,2261,17,70,2252,0,1,2,-34.728935,149.983978,26,1,0,1,0,0,0,0,0,0,7,110,2,14295,14295,3,3,35,2,0,0,0,3
1332068,2,2023,2023,11,6,0,62,10,33,62,1,0,1,-33.414131,151.349406,16,2,2,1,2,0,0,0,0,0,7,60,2,9859,9859,1,10,13,2,0,0,1,0
1332069,1,2023,2023,11,4,9,77,31,119,34609,0,1,10,-33.87166,151.165644,32,0,2,1,2,0,0,0,0,0,0,40,0,9859,9859,8,0,40,1,0,0,0,1
1332070,4,2023,2023,11,0,3,67,36,62,23,0,1,1,-33.739579,150.605622,8,2,2,0,1,0,0,0,2,0,7,50,1,404,404,8,16,40,1,0,1,0,0
1332071,4,2023,2023,1,2,4,2,22,168,34609,0,1,1,-33.717593,150.841019,7,0,2,1,1,0,0,0,2,0,7,50,0,5929,5929,1,5,19,2,0,1,0,0
1332074,1,2023,2023,7,4,8,26,31,123,38,0,1,1,-33.822585,148.684626,51,2,1,1,0,0,0,0,2,0,9,50,2,14295,14295,3,0,40,2,0,0,0,1
1332075,2,2023,2023,1,4,7,34,27,38,117,0,1,2,-32.929548,151.692803,48,0,2,1,1,0,0,0,2,0,7,60,2,14295,14295,3,5,5,2,0,0,2,0
1332080,1,2023,2023,11,6,2,2126,17,140,2149,0,1,9,-33.78074,150.820151,7,0,2,1,2,0,0,0,0,2,7,80,2,5929,5929,1,21,5,2,0,0,0,1
1332081,4,2023,2023,1,6,0,2,27,2,34609,0,1,1,-28.738863,153.254627,39,2,1,0,0,0,0,0,0,0,7,80,0,380,777,5,30,40,1,0,1,0,0
1332089,2,2023,2023,5,1,8,4,27,70,34609,0,1,1,-34.607359,150.228555,78,2,1,1,0,0,0,0,3,0,7,60,0,3775,3775,0,5,5,2,0,0,2,0
1332091,1,2023,2023,11,0,8,346,17,24,332,0,1,10,-28.811081,153.367061,39,2,1,0,0,0,0,0,2,0,15,80,2,926,926,4,5,0,2,0,0,0,1
1332092,2,2023,2023,11,5,7,21,31,252,59,0,1,10,-33.884684,151.211418,69,0,2,1,1,0,0,0,2,0,0,40,1,1282,1282,1,0,27,3,0,0,1,0
1332094,2,2023,2023,11,0,4,8,27,5,34609,0,1,1,-33.290504,151.4708,16,2,2,1,0,0,0,0,2,0,7,50,0,1981,1981,4,0,19,2,0,0,1,0
1332097,2,2023,2023,7,6,6,34,10,21,34609,0,1,7,-35.745315,150.20138,23,2,1,0,3,0,0,6,2,0,0,80,0,1850,1463,5,16,40,1,0,0,1,0
1332099,4,2023,2023,6,0,5,23,27,15,34609,0,1,1,-28.808278,153.485828,2,2,1,1,0,0,0,0,2,0,7,80,0,323,323,1,16,5,2,0,1,0,0
1332101,4,2023,2023,11,1,7,283,27,129,702,0,1,2,-33.936365,151.074324,15,0,2,1,0,0,0,0,2,0,7,60,2,14295,14295,3,8,5,5,0,1,0,0
1332102,2,2023,2023,1,4,6,171,27,64,369,0,1,9,-33.713737,150.723217,55,0,2,1,0,0,0,0,2,2,7,70,2,4552,985,8,9,40,1,0,0,1,0
1332104,2,2023,2023,11,4,7,9,27,26,34609,0,1,1,-34.584588,150.852332,62,0,2,0,1,0,0,0,2,0,7,50,0,1957,4009,1,5,13,3,0,0,1,0
1332106,1,2023,2023,11,1,3,84,27,60,32,0,1,9,-33.825939,151.136445,51,0,2,1,1,0,0,0,2,0,7,60,1,5929,5929,1,33,27,2,0,0,0,1
1332107,4,2023,2023,11,1,4,2,27,123,34609,0,1,1,-33.812593,148.780058,51,1,0,1,0,0,0,0,2,0,7,100,0,9859,9859,8,16,40,1,0,1,0,0
1332114,4,2023,2023,11,1,2,110,27,31,34609,0,1,10,-33.892213,151.019549,15,0,2,1,0,0,0,0,1,0,15,50,0,6545,6545,4,5,13,2,0,1,0,0
1332116,4,2023,2023,1,2,9,2209,17,25,2205,0,1,2,-34.136535,150.994285,68,0,2,1,2,0,3,4,0,0,7,80,2,9859,9859,8,30,40,1,0,1,1,0
1332120,2,2023,2023,11,4,4,125,31,438,44,0,1,9,-33.84714,151.030946,21,0,2,1,1,0,0,0,2,2,7,50,1,2040,2040,9,0,28,2,0,0,1,0
1332128,2,2023,2023,8,1,10,1,27,29,34609,0,1,1,-34.417422,150.869763,80,0,2,1,2,0,0,0,3,0,7,50,0,1282,1282,1,22,40,2,0,0,1,0
1332133,2,2023,2023,11,6,6,165,31,128,369,0,1,1,-33.639339,150.784611,29,2,2,1,1,0,0,0,2,0,7,60,2,5929,5929,1,5,27,2,0,0,1,0
1332141,4,2023,2023,1,1,3,3371,17,19,3342,0,1,1,-33.391322,151.35337,16,2,2,1,1,0,0,0,2,0,7,60,2,1220,1220,9,0,28,2,0,1,0,0
1332144,4,2023,2023,1,2,1,3371,17,77,3342,0,1,2,-33.045766,151.655631,37,0,2,1,2,0,0,0,0,0,7,60,2,3775,3775,0,22,5,2,0,1,0,0
1332146,2,2023,2023,11,0,10,10,27,115,10,0,1,9,-33.879098,151.186429,69,0,2,1,3,0,0,0,0,0,7,40,1,14295,14295,3,16,5,2,0,0,1,0
1332159,2,2023,2023,11,4,4,17,31,290,33,0,1,7,-33.956851,151.126473,4,0,2,1,0,0,0,0,2,0,0,50,1,6545,6545,4,0,5,2,0,0,1,0
1332160,4,2023,2023,1,4,4,2126,17,163,2149,0,1,9,-33.86934,151.108626,14,0,2,1,1,0,0,0,2,2,7,60,2,1220,1220,9,0,28,2,0,1,0,0
1332163,1,2023,2023,11,1,4,1,27,115,34609,0,1,1,-33.745198,151.215204,50,0,2,1,1,0,0,0,2,0,7,40,0,2040,2040,9,30,28,2,0,0,0,1
1332164,2,2023,2023,1,6,8,515,14,294,518,0,1,3,-33.947369,150.966003,41,0,2,1,3,0,0,0,2,0,7,100,2,14295,14295,3,5,13,8,0,0,3,0
1332165,2,2023,2023,11,5,7,3,10,64,34609,0,1,1,-34.039352,150.74332,12,0,2,1,1,0,0,0,2,0,7,50,0,515,515,1,10,19,2,0,0,1,0
1332166,4,2023,2023,11,2,2,5,2,134,34609,0,1,9,-33.98556,150.799941,12,0,2,1,3,0,0,0,0,0,7,50,0,9859,9859,1,0,5,2,0,1,0,0
1332169,2,2023,2023,6,5,9,102,31,293,28,1,0,9,-33.917049,151.056881,15,0,2,1,2,0,0,0,0,2,7,60,1,5929,5929,1,0,0,2,0,0,1,1
1332170,4,2023,2023,1,3,1,2261,17,36,2252,0,1,2,-36.098337,146.914575,0,1,0,1,2,0,3,0,0,0,7,110,2,9859,9859,8,10,40,1,0,1,0,0
1332180,1,2023,2023,10,6,11,3,27,224,21,0,1,9,-33.846565,151.245544,45,0,2,0,3,0,3,4,0,0,7,50,1,1259,5151,8,10,40,1,0,0,0,1
1332181,2,2023,2023,10,1,10,3371,17,35,3342,0,1,10,-32.092087,152.391103,43,1,0,1,3,0,0,0,0,0,7,100,2,1089,1089,7,10,40,1,0,0,1,0
1332183,4,2023,2023,1,6,6,105,27,67,109,0,1,9,-33.880289,150.890609,24,0,2,1,0,0,0,0,2,0,7,60,1,3775,3775,0,5,5,3,0,2,1,1
1332184,2,2023,2023,11,6,4,222,27,562,34609,0,1,7,-32.270376,148.626948,22,2,1,1,0,0,0,0,2,0,0,60,0,6545,6545,4,21,10,2,0,0,1,0
1332187,2,2023,2023,1,1,7,157,17,123,158,0,1,1,-33.835262,148.695322,51,2,1,1,0,0,0,0,2,0,7,50,2,1981,1981,4,34,27,2,0,0,1,0
1332189,2,2023,2023,11,5,7,13,27,95,34609,0,1,1,-34.394411,150.894474,80,0,2,1,1,0,0,0,2,0,7,50,0,14295,14295,3,10,0,3,0,0,1,1
1332190,2,2023,2023,5,1,7,2261,17,49,2252,0,1,9,-34.743504,149.844148,26,1,0,1,0,0,0,0,2,0,0,110,2,941,941,1,10,5,2,0,0,1,1
1332191,1,2023,2023,11,0,4,2209,17,79,2205,0,1,10,-33.973551,151.129591,25,0,2,1,3,0,3,3,2,2,7,70,2,1192,1192,1,8,5,2,0,0,0,1
1332193,4,2023,2023,11,6,3,346,17,19,332,0,1,1,-28.882551,153.239306,39,2,1,1,1,0,0,0,2,0,7,60,2,14295,14295,3,8,13,2,0,1,0,0
1332194,2,2023,2023,1,1,4,103,27,35,256,0,1,7,-34.114297,150.79761,13,0,2,1,3,0,0,0,2,0,0,70,2,14295,14295,3,5,0,3,0,0,1,0
1332198,4,2023,2023,11,1,6,11,23,15,34609,0,1,1,-33.453133,151.316208,16,2,2,0,1,0,0,0,2,0,7,50,0,2585,4009,8,5,40,1,0,1,1,0
1332201,1,2023,2023,11,0,3,17,31,14,96,0,1,7,-32.965499,151.646505,37,0,2,1,3,0,0,0,2,0,0,60,2,14295,14295,3,5,0,2,0,0,0,1
1332204,4,2023,2023,5,3,3,6,27,293,34609,0,1,4,-33.938177,151.044293,15,0,2,0,2,0,0,0,1,0,7,50,0,4552,5151,1,34,10,2,0,1,0,0
1332205,4,2023,2023,11,6,6,1052,14,118,928,0,1,3,-33.366955,151.330429,16,1,2,0,1,0,0,0,2,0,7,110,2,4552,5151,8,5,40,1,0,1,0,0
1332211,2,2023,2023,1,5,8,27,27,147,49,0,1,1,-33.75928,151.280612,50,0,2,1,1,0,0,0,2,0,7,60,1,1981,1981,4,10,0,2,0,0,1,0
1332214,1,2023,2023,11,4,6,4,31,460,34609,0,1,1,-33.836702,150.985683,21,0,2,1,1,0,0,0,2,0,7,50,0,1945,1945,5,15,40,2,0,0,0,2
1332215,2,2023,2023,11,0,8,7,27,43,34609,1,2,1,-33.69696,151.295484,50,0,2,1,0,0,0,0,3,0,9,40,0,591,591,1,22,13,2,0,0,1,0
1332216,2,2023,2023,11,2,3,2126,17,163,2149,1,0,9,-33.86858,151.103001,14,0,2,1,3,0,0,0,1,2,7,60,2,2852,2852,4,0,5,2,0,0,1,0
1332217,4,2023,2023,5,0,10,2209,17,67,2205,0,1,9,-34.432143,150.865391,80,0,2,1,2,0,0,0,0,2,9,60,2,6545,6545,4,10,13,2,0,1,0,1
1332221,4,2023,2023,1,6,7,4,31,94,34609,0,1,10,-33.835035,151.045806,54,0,2,1,0,0,0,0,2,0,15,50,0,1945,1945,5,16,40,1,0,1,0,0
1332222,2,2023,2023,6,4,7,40,27,128,45,0,1,1,-33.426197,151.327429,16,2,2,1,1,0,0,0,2,0,7,60,1,323,323,1,10,0,2,0,0,1,0
1332223,2,2023,2023,11,0,8,13,31,43,34609,0,1,10,-32.558981,148.951745,22,2,1,1,0,0,0,0,2,0,0,50,0,6545,6545,4,9,0,2,0,0,1,0
1332229,2,2023,2023,5,4,9,512,17,433,34609,0,1,7,-33.259467,149.113318,52,2,1,1,3,0,0,0,0,0,0,80,0,6545,6545,4,0,40,2,0,0,1,0
1332232,2,2023,2023,11,6,10,91,27,119,187,0,1,9,-33.871537,151.171969,32,0,2,1,2,0,0,3,0,2,7,40,2,14295,14295,3,0,5,3,0,0,2,1
1332233,1,2023,2023,11,0,2,168,10,387,260,0,1,2,-33.945049,151.185605,4,0,2,1,3,0,3,4,0,0,7,70,2,1945,1945,5,15,40,1,0,0,0,1
1332234,1,2023,2023,11,4,5,67,27,157,55,0,1,10,-34.022219,151.106796,68,0,2,1,3,0,0,0,2,2,7,70,2,301,301,4,5,0,3,0,0,0,1
1332235,1,2023,2023,11,2,10,42,31,35,34609,0,1,1,-30.029095,148.112972,51,2,1,1,2,0,0,0,0,0,7,50,0,186,186,9,5,28,2,0,0,0,1
1332236,1,2023,2023,11,1,8,78,31,34,34609,0,1,1,-34.971217,149.025094,82,2,1,1,0,0,0,0,3,0,7,50,0,3775,3775,0,0,5,2,0,0,0,1
1332239,2,2023,2023,1,0,5,14,31,228,34609,0,1,7,-34.747186,149.718454,26,2,1,1,1,0,0,0,2,0,0,50,0,4026,4026,8,5,40,1,0,0,1,0
1332241,4,2023,2023,1,2,3,1,27,55,34609,0,1,9,-33.859228,151.270741,81,0,2,0,1,0,0,0,1,0,7,50,0,2852,2852,4,0,27,2,0,1,0,0
1332244,4,2023,2023,6,6,10,91,27,119,187,0,1,10,-33.874317,151.164686,32,0,2,1,2,0,0,0,0,2,9,70,2,1220,1220,9,5,26,2,0,1,0,0
1332245,1,2023,2023,11,2,8,16,31,134,34609,0,1,10,-33.680976,150.875218,7,0,2,1,1,0,0,0,2,0,15,50,0,6545,6545,4,5,0,3,0,0,0,1
1332247,1,2023,2023,11,6,9,1,10,63,34609,0,1,1,-28.197995,153.503132,72,2,1,1,0,2,0,0,0,0,7,50,0,9859,9859,8,16,40,1,0,0,0,1
1332250,2,2023,2023,11,5,4,2209,17,201,2205,0,1,2,-34.871677,150.605758,63,2,1,1,1,0,0,0,2,0,7,60,2,1192,1192,1,5,22,3,0,0,1,0
1332251,2,2023,2023,5,0,9,48,10,13,58,0,1,2,-32.89486,151.750372,48,0,2,0,2,0,0,0,0,0,7,80,2,2585,4009,8,5,40,1,0,0,1,0
1332252,2,2023,2023,11,0,8,1,22,19,19,0,1,2,-33.212743,151.47159,16,1,2,1,3,0,0,0,3,0,7,100,2,4026,4026,8,5,40,1,0,0,1,0
1332253,1,2023,2023,11,2,7,85,10,167,702,0,1,10,-33.856878,151.07053,54,0,2,0,3,0,0,0,2,0,7,80,2,2852,2852,4,5,5,2,0,0,0,1
1332255,2,2023,2023,11,0,7,43,27,12,118,0,1,9,-31.059902,150.897764,70,2,1,1,0,0,0,0,2,0,15,60,2,2852,2852,4,0,5,2,0,0,1,0
1332259,1,2023,2023,5,2,5,1,27,2,34609,0,1,1,-28.498639,153.547043,10,2,1,1,2,0,0,0,2,0,7,50,0,591,591,1,22,13,2,0,0,0,1
1332260,1,2023,2023,5,4,8,346,17,9,332,0,1,1,-28.90696,152.422096,51,1,0,1,0,0,0,0,2,0,7,100,2,4026,4026,8,5,40,1,0,0,0,1
1332263,2,2023,2023,1,5,8,163,27,29,165,0,1,9,-33.743265,150.798338,7,0,2,1,3,0,0,0,2,2,7,60,1,14295,14295,3,0,5,2,0,0,1,0
1332267,4,2023,2023,11,2,4,39,27,8,29,0,1,1,-32.175469,149.792022,44,1,0,0,0,0,0,0,2,0,7,100,1,3775,3775,0,5,13,2,0,5,0,0
1332270,1,2023,2023,11,2,10,5,27,39,34609,0,1,1,-35.970988,147.011249,0,1,0,1,3,0,0,0,0,0,7,100,0,1089,1089,7,0,40,1,0,0,0,1
1332275,4,2023,2023,10,1,0,5,27,3,6,0,1,1,-30.964301,149.910984,51,1,0,1,1,0,0,0,0,0,7,100,1,1089,1089,7,16,40,1,0,1,0,0
1332277,2,2023,2023,1,2,6,31,1,523,34609,0,1,9,-33.913901,150.9128,41,0,2,1,1,0,0,0,2,0,7,50,0,83,83,1,10,5,2,0,0,1,0
1332279,2,2023,2023,5,5,8,3371,17,27,3342,0,1,2,-30.184579,153.153935,19,1,0,1,2,0,3,3,3,0,7,110,2,4026,4026,8,30,40,1,0,0,1,0