Crash ID,Degree of crash - detailed,Reporting year,Year of crash,Month of crash,Day of week of crash,Two-hour intervals,Street of crash,Street type,Town,Route no.,School zone location,School zone active,Type of location,Latitude,Longitude,LGA,Urbanisation,Conurbation 1,Alignment,Street lighting,Road surface,Surface condition,Weather,Natural lighting,Signals operation,Other traffic control,Speed limit,Road classification,RUM - code,DCA - code,First impact type,Key TU type,Other TU type,No. of traffic units involved,No. killed,No. seriously injured,No. moderately injured,No. minor-other injured
1332283,2,2023,2023,10,0,11,3,27,13,34609,0,1,1,-33.509529,150.785512,29,2,2,1,3,0,3,0,0,0,7,70,0,9859,9859,8,30,40,1,0,0,1,0
1332285,1,2023,2023,5,0,7,126,27,74,168,0,1,10,-34.055066,150.775872,12,0,2,0,1,0,0,0,2,2,7,80,2,14295,14295,3,0,0,2,0,0,0,1
1332287,2,2023,2023,8,4,3,916,17,23,917,0,1,9,-31.619322,150.767318,51,2,1,1,0,0,0,3,1,0,8,40,2,1669,1669,3,9,13,2,0,0,1,0
1332288,4,2023,2023,11,0,6,10,27,4,12,0,1,9,-30.517279,147.486054,51,1,0,1,0,0,0,0,2,0,7,100,1,418,777,5,29,40,1,0,1,0,0
1332290,2,2023,2023,1,2,7,1,27,28,34609,0,1,1,-31.831756,152.610523,43,2,1,1,0,0,0,0,2,0,7,60,0,9859,9859,8,10,40,1,0,0,1,0
1332292,4,2023,2023,8,5,7,5,31,52,34609,0,1,10,-33.706095,150.921522,7,0,2,1,0,0,0,0,2,0,0,50,0,6545,6545,4,0,25,2,0,1,0,0
1332294,2,2023,2023,11,4,4,33,1,234,139,0,1,10,-34.285486,146.027394,28,2,1,1,3,0,0,0,2,0,0,60,2,6545,6545,4,19,13,2,0,0,1,0
1332299,2,2023,2023,11,0,6,79,10,43,231,0,1,1,-33.436384,151.31999,16,2,2,1,1,0,0,0,2,0,7,60,2,1981,1981,4,0,13,2,0,0,1,1
1332304,2,2023,2023,1,6,0,2,27,41,34609,0,1,9,-34.098435,150.818854,13,0,2,1,2,0,0,0,0,0,0,60,0,2585,777,8,5,40,1,0,0,1,0
1332306,1,2023,2023,11,5,8,100,31,363,769,0,1,10,-33.805185,151.002597,54,0,2,1,3,0,0,0,4,0,15,60,2,1391,1391,1,5,5,2,0,0,0,1
1332309,2,2023,2023,5,4,8,308,14,127,311,0,1,3,-33.848078,150.853169,24,0,2,1,0,0,0,0,2,0,7,100,2,14295,14295,3,9,13,3,0,0,1,0
1332313,2,2023,2023,1,4,5,1,27,68,34609,0,1,1,-33.751909,149.862152,51,1,0,1,1,0,0,0,2,0,7,100,0,1192,1192,1,0,13,3,0,0,1,0
1332327,4,2023,2023,6,0,4,137,31,115,34609,0,1,1,-34.041069,151.075896,68,0,2,0,1,0,3,0,2,0,7,50,0,186,186,9,10,28,2,0,1,0,0
1332328,4,2023,2023,11,5,3,77,27,247,38,0,1,9,-33.827984,150.931708,21,0,2,0,0,0,0,0,2,0,0,60,2,5929,5929,1,5,13,2,0,1,1,0
1332330,4,2023,2023,11,5,8,45,27,74,45,0,1,9,-33.738132,151.034025,31,0,2,0,2,0,0,0,3,0,0,60,2,256,256,4,5,27,2,0,1,0,0
1332333,1,2023,2023,11,5,5,6,31,246,34609,0,1,1,-33.908143,151.194836,69,0,2,1,0,0,0,0,2,0,7,50,0,14295,14295,3,33,0,2,0,0,0,1
1332337,4,2023,2023,11,0,7,84,27,20,34609,0,1,1,-33.9359,150.844499,41,0,2,1,3,0,0,0,2,0,7,60,0,1669,1669,3,5,0,2,0,1,0,0
1332339,1,2023,2023,11,6,5,2209,17,77,2205,0,1,2,-33.924254,151.161417,32,0,2,1,3,0,0,0,2,0,7,60,2,1383,1383,1,5,35,3,0,0,0,1
1332341,4,2023,2023,0,3,7,24,27,10,34609,0,1,9,-29.029017,153.100381,60,1,0,1,1,2,3,4,2,0,7,100,0,14295,14295,3,16,19,2,0,1,0,0
1332343,4,2023,2023,11,5,10,92,27,143,34609,0,1,10,-33.870299,151.105097,9,0,2,1,2,0,3,2,0,0,7,50,0,6545,6545,4,5,19,2,0,1,0,0
1332344,4,2023,2023,6,2,5,196,10,70,168,0,1,1,-33.912654,150.975669,15,0,2,1,1,0,0,0,2,0,7,60,2,1981,1981,4,0,27,2,0,1,0,0
1332345,1,2023,2023,11,2,7,8,27,22,11,0,1,7,-35.152785,150.570629,63,2,1,0,3,0,0,0,2,0,0,80,1,14295,14295,3,0,41,2,0,0,0,1
1332346,2,2023,2023,1,2,6,165,31,523,34609,1,0,1,-33.919463,150.925507,41,0,2,1,1,0,0,0,2,0,7,30,0,312,312,2,0,40,1,0,0,1,0
1332347,1,2023,2023,11,5,6,220,27,69,222,0,1,10,-33.774157,150.961216,7,0,2,1,3,0,0,0,2,2,7,80,2,14295,14295,3,9,13,2,0,0,0,1
1332350,1,2023,2023,1,2,6,39,31,169,99,0,1,10,-33.900262,151.206164,69,0,2,1,3,0,0,0,2,2,7,50,2,5929,5929,1,0,0,2,0,0,0,1
1332352,4,2023,2023,11,0,6,1052,14,53,928,0,1,3,-33.6841,151.120781,31,0,2,1,3,0,0,0,2,0,7,110,2,1391,1391,1,0,5,4,0,1,1,0
1332362,2,2023,2023,11,2,10,40,27,59,39,0,1,9,-33.183332,151.48812,37,0,2,0,3,0,0,0,0,0,7,60,1,418,714,5,5,40,1,0,0,2,0
1332364,4,2023,2023,11,0,5,1,31,224,34609,1,0,9,-33.834555,151.243567,45,0,2,1,3,0,0,0,2,0,7,50,0,4552,985,8,0,40,1,0,1,0,0
1332367,2,2023,2023,11,2,8,481,17,25,483,0,1,1,-31.679912,148.707469,51,1,0,0,0,0,0,0,2,0,7,110,2,2585,4009,8,5,40,1,0,0,1,0
1332375,4,2023,2023,11,6,4,27,1,103,34609,0,1,1,-28.823604,153.32801,39,2,1,1,0,0,0,0,2,0,7,50,0,1669,1669,3,5,0,3,0,1,0,0
1332376,2,2023,2023,11,0,5,194,31,65,34609,1,0,10,-32.929125,151.779174,48,0,2,1,3,0,0,0,2,0,15,50,0,1109,787,1,5,5,2,0,0,1,0
1332378,4,2023,2023,11,4,4,265,10,445,563,0,1,10,-33.861557,151.042165,21,0,2,1,1,0,0,0,2,2,7,70,2,14295,14295,3,0,40,2,0,2,0,0
1332379,4,2023,2023,8,3,11,11,31,74,34609,0,1,1,-34.636537,148.01288,20,2,1,1,2,0,3,4,0,0,7,50,0,4026,4026,8,5,40,1,0,1,0,0
1332383,1,2023,2023,11,1,4,178,27,189,101,0,1,9,-33.94584,151.053303,15,0,2,1,3,0,0,0,2,0,7,50,1,14295,14295,3,10,5,2,0,0,0,1
1332384,2,2023,2023,8,2,11,866,17,314,793,0,1,10,-33.851806,150.942751,24,0,2,1,2,0,0,0,0,2,7,70,2,14295,14295,3,10,5,2,0,0,1,0
1332385,2,2023,2023,11,1,5,20,31,137,34609,0,1,7,-33.92589,151.198134,4,0,2,1,1,0,0,0,2,0,0,50,0,14295,14295,3,5,18,2,0,0,1,0
1332393,1,2023,2023,11,4,3,158,27,123,207,0,1,10,-33.876819,151.229515,81,0,2,1,3,0,3,3,1,2,7,60,2,623,623,3,0,19,2,0,0,0,1
1332395,2,2023,2023,11,3,7,2,31,139,34609,1,0,1,-33.830606,151.206574,49,0,2,1,3,0,0,0,2,0,7,50,0,214,214,9,0,28,2,0,0,1,0
1332398,2,2023,2023,1,6,11,1,27,25,34609,0,1,1,-33.823779,148.880966,51,1,0,0,3,0,0,0,0,0,7,100,0,1259,5151,8,5,40,1,0,0,1,0
1332400,2,2023,2023,1,5,9,44,27,33,34609,0,1,7,-34.062371,150.732271,12,0,2,1,2,0,3,4,0,0,0,60,0,14295,14295,3,5,5,3,0,0,1,0
1332401,2,2023,2023,11,5,3,230,27,173,284,0,1,2,-33.790916,151.130155,61,0,2,1,0,0,0,0,2,0,7,70,2,1282,1282,1,10,36,4,0,0,2,1
1332402,1,2023,2023,11,1,5,158,27,138,207,0,1,9,-33.871474,151.266501,81,0,2,1,3,0,0,0,2,0,7,60,2,1383,1383,1,5,0,2,0,0,0,1
1332407,4,2023,2023,1,6,7,51,27,17,45,0,1,2,-33.743334,150.817234,7,0,2,1,3,0,0,0,2,0,7,60,1,9859,9859,8,10,40,1,0,1,0,0
1332419,2,2023,2023,5,3,7,20,31,30,34609,0,1,10,-34.748203,146.552868,51,2,1,1,3,0,0,6,2,0,0,50,0,301,301,4,0,0,2,0,0,1,0
1332420,2,2023,2023,11,0,4,168,17,18,212,0,1,1,-35.594897,150.069986,23,1,0,0,3,0,0,0,2,0,7,90,2,312,312,2,10,40,1,0,0,1,0
1332421,4,2023,2023,6,1,10,17,27,29,15,0,1,1,-34.227122,150.744442,79,2,2,0,0,0,0,0,0,0,7,60,1,1957,4009,8,0,40,1,0,1,0,0
1332423,2,2023,2023,0,4,7,296,27,283,293,0,1,9,-33.830528,151.003852,21,0,2,1,1,0,0,0,2,0,7,60,2,2852,2852,4,5,5,2,0,0,1,0
1332424,2,2023,2023,11,0,10,4,31,29,34609,0,1,10,-32.930444,151.767708,48,0,2,1,2,0,0,0,0,0,15,40,0,6545,6545,4,0,5,2,0,0,1,0
1332427,4,2023,2023,11,2,1,33,31,57,34609,0,1,2,-32.817564,151.482561,17,2,1,1,2,0,0,0,0,0,7,40,0,312,312,2,10,40,1,0,1,0,0
1332429,2,2023,2023,1,1,4,23,31,129,34609,0,1,1,-33.894501,151.11422,32,0,2,1,1,0,0,0,2,0,7,50,0,237,397,1,5,13,2,0,0,1,0
1332431,1,2023,2023,11,3,7,97,27,271,799,0,1,2,-33.938173,151.017206,15,0,2,1,3,0,0,0,2,0,7,70,2,1192,1192,1,33,36,2,0,0,0,1
1332436,2,2023,2023,1,4,10,80,31,309,34609,1,0,1,-33.820135,151.114516,61,0,2,1,0,0,3,0,0,0,7,50,0,5929,5929,1,5,19,3,0,0,1,0
1332440,4,2023,2023,5,3,1,348,17,31,232,0,1,1,-30.945144,148.37386,51,2,1,1,0,0,0,0,0,0,7,50,2,4026,4026,8,23,40,1,0,1,1,0
1332448,1,2023,2023,11,0,3,8,27,136,702,0,1,10,-33.9166,151.064193,15,0,2,1,3,0,3,4,2,0,7,60,2,14295,14295,3,10,36,3,0,0,0,1
1332451,2,2023,2023,5,2,0,24,1,145,52,0,1,1,-33.924994,151.14004,15,0,2,1,2,0,0,0,0,0,7,50,1,4026,4026,1,5,13,2,0,0,1,0
1332452,2,2023,2023,11,0,7,3,31,169,34609,0,1,10,-33.596582,150.750412,29,2,2,1,3,0,0,0,2,0,0,50,0,6545,6545,4,5,5,2,0,0,1,0
1332454,1,2023,2023,1,6,3,220,14,11,220,0,1,3,-34.484989,150.815255,80,0,2,1,3,0,0,0,2,0,7,100,2,14295,14295,3,10,0,2,0,0,0,1
1332455,2,2023,2023,1,4,7,6,31,66,34609,0,1,10,-32.925985,151.637077,37,0,2,1,1,0,0,0,2,0,0,50,0,1945,1945,5,5,40,1,0,0,1,0
1332457,1,2023,2023,11,4,2,44,27,67,34609,0,1,9,-33.656087,150.913279,71,0,2,1,3,0,0,0,0,0,15,50,0,623,623,3,5,5,2,0,0,0,1
1332458,2,2023,2023,11,4,9,2126,17,323,2149,0,1,9,-33.78741,150.848177,7,0,2,1,2,0,3,3,3,0,7,80,2,5929,5929,1,0,13,2,0,0,1,0
1332460,4,2023,2023,11,3,8,59,31,237,34609,0,1,7,-33.8722,150.955333,24,0,2,1,0,0,0,0,2,0,0,40,0,591,591,1,18,5,2,0,1,0,0
1332461,4,2023,2023,8,1,6,1,27,2,34609,0,1,1,-28.702699,152.903644,51,1,0,0,0,2,0,0,2,0,7,100,0,4552,5151,8,10,40,1,0,1,0,0
1332463,1,2023,2023,5,2,7,3371,17,143,3342,0,1,9,-33.697377,151.099593,31,0,2,1,1,0,0,0,2,2,7,60,2,14295,14295,3,0,0,2,0,0,0,1
1332465,1,2023,2023,1,1,9,21,31,293,34609,0,1,7,-33.937505,151.242497,59,0,2,1,3,0,3,4,3,0,0,50,0,6545,6545,4,10,5,2,0,0,0,1
1332468,2,2023,2023,10,4,3,2261,17,187,2252,0,1,2,-33.890464,150.975155,15,0,2,1,3,0,0,0,1,0,7,70,2,14295,14295,3,5,5,4,0,0,1,0
1332469,2,2023,2023,5,1,3,77,27,13,58,0,1,1,-34.732248,150.524397,63,2,1,0,2,0,0,6,2,0,7,60,2,2585,4009,8,5,40,1,0,0,1,0
1332471,2,2023,2023,11,0,8,53,31,53,34609,1,0,10,-33.84858,150.965242,21,0,2,1,1,0,0,0,2,0,15,50,0,6545,6545,4,10,12,3,0,0,1,0
1332473,1,2023,2023,11,3,7,330,27,108,605,0,1,9,-33.765031,151.270543,50,0,2,1,3,0,0,0,2,0,0,60,2,14295,14295,3,10,5,2,0,0,0,1
1332475,2,2023,2023,11,0,3,1,18,39,34609,0,1,1,-29.756172,153.058865,18,2,1,1,0,2,0,0,2,0,7,50,0,3775,3775,0,10,0,2,0,0,1,0
1332476,1,2023,2023,11,1,8,77,31,445,563,0,1,2,-33.88452,151.040144,21,0,2,1,3,0,0,3,3,0,7,80,2,14295,14295,3,9,5,3,0,0,0,1
1332477,4,2023,2023,6,4,5,61,10,160,34609,0,1,1,-33.094134,151.468171,37,0,2,1,1,0,0,0,2,0,7,60,0,3775,3775,0,30,10,3,0,2,1,0
1332478,4,2023,2023,11,6,9,23,27,53,66,0,1,1,-31.863224,152.378929,43,2,1,1,0,0,0,0,0,0,7,60,1,1109,787,1,10,0,2,0,1,0,0
1332479,1,2023,2023,11,5,8,113,27,104,111,0,1,9,-33.798158,150.768672,55,0,2,1,3,0,0,0,3,0,15,80,2,14295,14295,3,5,5,2,0,0,0,1
1332484,4,2023,2023,1,3,5,86,27,2,65,0,1,1,-30.189932,152.543267,18,2,1,0,0,0,0,0,2,0,7,80,1,2585,4009,8,16,40,1,0,1,0,0
1332485,4,2023,2023,8,4,8,1,1,17,34609,1,0,1,-33.713486,151.147675,36,0,2,1,1,0,0,0,3,0,7,50,0,190,190,1,5,0,2,0,1,0,0
1332486,4,2023,2023,1,6,7,12,27,31,34609,0,1,1,-33.428351,151.368037,16,2,2,1,0,0,0,0,2,0,7,50,0,1109,787,1,5,12,2,0,1,0,0
1332487,2,2023,2023,11,4,9,475,31,112,34609,0,1,9,-33.907291,151.207685,69,0,2,1,2,0,0,0,0,2,7,50,0,5929,5929,1,5,27,2,0,0,1,0
1332488,4,2023,2023,11,5,3,125,27,55,123,0,1,7,-33.365271,151.460918,16,2,2,1,1,0,0,0,2,0,0,60,2,214,214,9,33,28,2,0,1,0,0
1332489,1,2023,2023,5,1,6,71,31,283,125,0,1,10,-33.836607,151.01483,21,0,2,1,1,0,0,0,2,2,7,60,1,5929,5929,1,5,41,2,0,0,0,1
1332490,1,2023,2023,6,0,7,3,36,53,34609,0,1,1,-35.137422,149.333298,82,1,0,0,0,0,2,6,2,0,7,100,0,1850,1463,5,16,40,1,0,0,0,1
1332495,1,2023,2022,1,3,2,481,17,29,483,0,1,1,-31.393295,149.250833,51,1,0,0,3,0,0,0,0,0,7,100,2,1850,1463,5,5,40,1,0,0,0,1
1332499,4,2023,2023,1,4,4,11,1,106,35,0,1,9,-33.891004,151.179144,69,0,2,1,0,0,0,0,2,0,9,50,1,2040,2040,9,5,28,2,0,1,1,0
1332502,2,2023,2023,10,6,2,475,10,78,268,0,1,9,-33.880592,150.792772,55,0,2,1,3,0,0,0,0,0,0,60,2,2852,2852,4,5,0,2,0,0,1,0
1332505,4,2023,2023,11,1,10,6,1,646,34609,0,1,1,-33.920351,151.028291,15,0,2,1,0,0,0,0,0,0,7,50,0,2040,2040,9,5,28,2,0,1,0,1
1332514,4,2023,2023,1,1,7,85,10,38,702,0,1,9,-33.837366,151.084459,14,0,2,1,1,0,0,0,2,2,9,50,2,2040,2040,9,5,28,2,0,1,1,0
1332515,4,2023,2023,5,1,8,21,31,42,34609,0,1,10,-35.999732,146.382877,51,2,1,1,1,0,0,0,2,0,0,50,0,6545,6545,4,5,41,2,0,1,0,0
1332517,1,2023,2023,11,0,7,22,31,42,34609,0,1,7,-33.823815,151.198955,49,0,2,1,3,0,0,0,2,0,0,50,0,14295,14295,3,10,19,2,0,0,0,1
1332518,2,2023,2023,11,5,5,31,31,6,34609,0,1,1,-33.891457,151.198225,69,0,2,1,1,0,0,0,2,0,7,40,0,323,323,1,22,12,2,0,0,1,0
1332520,2,2023,2023,8,5,3,4,27,2,143,0,1,9,-33.751241,149.371508,3,1,0,1,1,0,1,0,2,0,7,100,2,1945,1945,5,10,40,1,0,0,1,0
1332522,1,2023,2023,11,3,5,2209,17,32,2205,0,1,7,-34.574366,150.822057,62,0,2,0,3,0,0,0,2,2,7,60,2,14295,14295,3,0,0,2,0,0,0,1
1332526,4,2023,2023,1,2,10,196,10,70,168,0,1,1,-33.913738,150.975588,15,0,2,1,2,0,0,0,0,0,7,60,2,5929,5929,1,0,0,2,0,1,0,0
1332527,4,2023,2023,5,5,6,17,27,7,39,0,1,1,-31.397088,150.35634,51,1,0,1,0,0,3,3,2,0,7,100,1,83,83,5,8,40,1,0,1,0,0
1332528,4,2023,2023,11,2,9,14,27,25,34609,0,1,9,-34.47935,150.87147,80,0,2,1,3,0,0,0,2,2,7,50,0,5929,5929,1,5,13,2,0,1,1,0
1332529,4,2023,2023,1,4,8,89,31,460,34609,0,1,9,-33.828263,150.9836,21,0,2,1,2,0,0,0,3,0,0,50,0,2852,2852,4,5,19,2,0,1,0,0
1332530,2,2023,2023,11,6,8,53,31,140,125,0,1,1,-33.898473,151.003775,15,0,2,1,3,0,0,0,2,0,7,60,1,14295,14295,3,0,0,2,0,0,1,1
1332531,2,2023,2023,6,6,3,24,27,246,99,0,1,2,-33.91459,151.185043,69,0,2,1,1,0,0,0,2,0,7,60,2,14295,14295,3,5,5,3,0,0,1,1
1332537,1,2023,2023,11,4,10,1,27,3,34609,0,1,1,-30.42631,153.059299,19,1,0,0,3,2,0,3,0,0,7,100,0,1850,1463,5,0,40,1,0,0,0,1
1332540,4,2023,2023,6,0,6,916,17,165,917,0,1,1,-32.33295,150.95119,46,1,0,1,0,0,0,0,2,0,7,100,2,3775,3775,0,0,2,2,0,2,1,0
1332548,4,2023,2023,11,6,7,14,22,82,605,0,1,2,-33.795549,151.253073,50,0,2,1,3,0,0,0,2,0,7,60,2,14295,14295,3,5,5,3,0,1,0,0
1332550,2,2023,2023,11,2,6,13,27,4,20,0,1,1,-35.122623,147.017028,75,1,0,1,3,0,0,0,2,0,7,100,1,1089,1089,7,10,40,1,0,0,1,0
1332556,4,2023,2023,11,0,4,76,27,85,148,0,1,10,-32.933495,151.720901,48,0,2,1,1,0,3,3,2,0,15,60,1,2852,2852,4,5,19,2,0,1,0,0
1332558,1,2023,2023,11,0,6,5,27,78,34609,0,1,1,-33.429507,151.439041,16,2,2,1,3,0,0,0,2,0,7,50,0,5929,5929,1,5,19,2,0,0,0,1
1332561,2,2023,2023,1,1,7,44,27,119,126,0,1,1,-32.768515,151.79844,57,2,1,1,0,0,0,0,2,0,7,80,2,14295,14295,3,5,13,2,0,0,2,0
1332565,2,2023,2023,11,4,3,20,31,77,34609,0,1,10,-30.333866,149.78041,51,2,1,1,1,0,0,0,2,0,15,50,0,2852,2852,4,5,41,2,0,0,1,0
1332569,1,2023,2023,11,3,5,2209,17,23,2205,0,1,2,-34.588616,150.844704,62,0,2,1,1,0,0,0,2,0,7,100,2,14295,14295,3,33,27,2,0,0,0,1
1332571,1,2023,2023,11,2,5,169,27,22,12,0,1,1,-33.432362,150.898222,71,0,2,0,0,0,0,0,2,0,7,50,1,2585,4009,8,16,40,1,0,0,0,1
1332582,2,2023,2023,10,4,2,225,17,15,180,0,1,1,-34.58784,150.542881,78,1,0,1,3,0,0,0,1,0,7,100,2,404,404,8,10,40,1,0,0,1,0
1332585,4,2023,2023,11,0,5,2209,17,79,2205,0,1,7,-34.898343,150.602359,63,2,1,0,0,0,0,0,2,0,0,70,2,4552,5151,8,5,40,1,0,1,0,0
1332587,4,2023,2023,1,1,5,3371,17,30,3342,0,1,9,-33.276531,151.428624,16,2,2,1,0,0,0,0,2,0,15,70,2,3775,3775,0,5,0,3,0,2,1,0
1332595,1,2023,2023,10,0,4,109,27,460,106,0,1,9,-33.833284,150.974095,21,0,2,1,3,0,0,0,2,0,0,60,1,1669,1669,3,5,0,2,0,0,0,1
1332596,2,2023,2023,6,3,6,1,1,304,34609,0,1,9,-33.911267,151.148889,32,0,2,1,0,0,0,0,2,0,0,50,0,6545,6545,4,0,27,2,0,0,1,0
1332597,4,2023,2023,11,5,3,829,27,123,770,0,1,10,-33.814375,151.056244,54,0,2,0,1,0,0,0,2,2,9,70,2,14295,14295,3,5,0,2,0,1,0,0
1332605,1,2023,2023,10,5,8,78,31,124,34609,0,1,1,-33.815694,151.043549,54,0,2,1,3,0,0,0,2,0,7,50,0,1981,1981,4,0,5,2,0,0,0,1
1332607,4,2023,2023,11,6,6,32,31,111,34609,0,1,10,-33.923733,151.249721,59,0,2,0,0,0,0,0,2,0,0,50,0,6545,6545,4,5,0,2,0,1,0,0
1332608,1,2023,2023,11,2,4,42,31,44,34609,0,1,10,-33.746934,150.71617,55,0,2,1,3,0,0,0,2,0,15,50,0,6545,6545,4,5,5,2,0,0,0,1
1332610,2,2023,2023,11,0,8,916,17,77,917,0,1,9,-32.567356,151.178933,64,2,1,1,3,0,0,0,3,0,7,50,2,4026,4026,8,5,40,1,0,0,1,0
1332613,4,2023,2023,5,6,3,1,31,79,34609,0,1,1,-34.001718,150.731944,12,0,2,1,3,0,0,0,2,0,7,50,0,5929,5929,1,0,0,3,0,1,0,0
1332619,2,2023,2023,10,3,11,30,27,646,34609,0,1,7,-33.932241,151.023244,15,0,2,1,2,0,0,0,0,0,0,50,0,214,214,9,5,28,2,0,0,1,0
1332621,2,2023,2023,11,5,7,115,27,113,173,0,1,2,-34.363561,150.85415,80,0,2,0,1,0,0,0,2,0,7,80,2,186,186,1,21,5,2,0,0,1,1
1332622,1,2023,2023,1,5,7,3,1,150,34609,0,1,1,-33.922511,151.216049,59,0,2,1,0,0,0,0,2,0,7,50,0,387,387,1,22,12,2,0,0,0,1
1332625,1,2023,2023,10,5,8,177,22,49,176,0,1,2,-34.046912,151.136153,68,0,2,1,3,0,0,0,2,0,7,70,2,14295,14295,3,5,12,2,0,0,0,1
1332626,1,2023,2023,11,0,0,2,1,112,34609,0,1,9,-33.43432,151.433178,16,2,2,1,0,0,0,0,0,0,7,50,0,9859,9859,8,0,40,1,0,0,0,1
1332628,1,2023,2023,11,6,3,2,10,89,34609,0,1,9,-28.225847,153.544293,72,2,1,1,3,0,0,0,2,0,0,50,0,14295,14295,3,33,5,2,0,0,0,1
1332639,1,2023,2023,11,4,9,829,27,159,770,0,1,9,-33.80583,151.075833,61,0,2,1,3,0,0,3,3,0,7,70,2,14295,14295,3,0,0,2,0,0,0,1
1332642,2,2023,2023,11,5,7,168,10,387,260,0,1,2,-33.946053,151.178783,4,0,2,1,0,0,0,0,2,0,7,70,2,14295,14295,3,10,12,3,0,0,1,0
1332647,1,2023,2023,11,0,8,12,31,218,34609,0,1,7,-33.776789,150.785239,55,0,2,1,3,0,0,0,2,0,0,50,0,6545,6545,4,0,5,2,0,0,0,1
1332649,4,2023,2023,11,3,4,2209,17,106,2205,0,1,9,-34.570923,150.814053,62,0,2,0,1,0,0,0,2,2,7,70,2,1850,1463,5,16,40,1,0,1,0,0
1332652,2,2023,2023,10,5,8,60,27,101,262,0,1,2,-32.90291,151.625724,37,0,2,1,3,0,0,3,2,0,7,90,2,14295,14295,3,5,5,2,0,0,1,0
1332655,4,2023,2023,11,3,0,104,27,443,702,0,1,2,-33.907515,151.064253,15,0,2,0,2,0,0,0,0,0,7,70,2,1957,4009,8,5,40,1,0,1,0,0
1332657,1,2023,2023,1,2,7,143,31,314,34609,0,1,1,-33.853375,150.942697,24,0,2,1,1,0,0,0,2,0,7,50,0,9859,9859,1,30,5,2,0,0,0,1
1332658,2,2023,2023,5,2,4,2261,17,70,2252,0,1,2,-34.734281,149.968927,26,1,0,0,0,0,0,0,2,0,7,110,2,2585,4009,8,5,40,1,0,0,1,0
1332661,1,2023,2023,10,3,5,35,10,20,148,0,1,1,-34.200452,151.011036,80,0,2,0,3,0,0,0,2,0,7,60,2,404,404,8,16,40,3,0,0,0,1
1332667,1,2023,2023,10,4,11,1052,14,36,928,0,1,3,-33.426004,151.22913,16,1,2,0,3,0,0,0,0,0,7,110,2,1383,1383,1,29,0,2,0,0,0,1
1332670,1,2023,2023,10,2,10,39,27,284,563,0,1,2,-33.895714,151.037822,15,0,2,1,3,0,0,0,0,0,7,80,2,14295,14295,3,5,5,4,0,0,0,1
1332672,2,2023,2023,1,2,8,31,27,70,101,0,1,10,-32.906821,151.727488,48,0,2,1,2,0,0,0,0,2,7,60,2,1282,1282,1,19,40,2,0,0,1,1
1332678,2,2023,2023,10,1,2,6,31,134,34609,0,1,10,-33.684481,150.87787,7,0,2,1,3,0,0,0,1,0,15,50,0,1669,1669,3,10,5,2,0,0,1,0
1332680,4,2023,2023,1,6,5,177,31,65,208,0,1,10,-33.857378,150.904304,24,0,2,1,1,0,0,0,2,2,7,60,1,6545,6545,4,5,5,2,0,2,0,0
1332682,2,2023,2023,11,6,5,6,31,207,34609,0,1,2,-31.9587,141.464877,51,2,1,1,0,0,0,0,2,0,7,40,0,14295,14295,3,10,5,2,0,0,1,0
1332683,1,2023,2023,11,0,5,147,27,104,605,0,1,10,-33.830367,151.219389,49,0,2,1,1,0,3,4,2,2,7,60,2,14295,14295,3,0,0,2,0,0,0,1
1332686,2,2023,2023,11,4,7,10,31,44,34609,0,1,7,-32.05278,150.867208,73,2,1,1,0,0,0,0,2,0,0,40,0,926,926,4,0,13,2,0,0,2,0
1332688,2,2023,2023,11,5,4,2126,17,77,2149,0,1,10,-33.884047,151.202241,69,0,2,1,1,0,0,0,2,2,9,50,2,1220,1220,9,0,28,2,0,0,1,0
1332693,1,2023,2023,11,6,9,68,27,98,208,1,0,10,-33.749495,151.064533,31,0,2,1,3,0,0,0,4,3,7,60,2,14295,14295,3,10,5,2,0,0,0,2
1332696,4,2023,2023,11,0,7,5,27,4,39,0,1,1,-32.010512,151.005528,73,2,1,0,0,0,0,0,2,0,7,60,1,3775,3775,0,0,0,2,0,2,0,1
1332697,1,2023,2023,1,0,6,35,27,193,33,0,1,10,-33.783927,151.094343,61,0,2,1,1,0,0,0,2,2,7,60,1,1282,1282,1,5,0,2,0,0,0,1
1332699,4,2023,2023,6,0,8,13,27,278,24,0,1,7,-33.760815,151.041626,54,0,2,1,3,0,0,0,2,0,0,50,1,1981,1981,4,5,13,2,0,1,0,0
1332703,4,2023,2023,1,5,8,1,34,16,34609,0,1,1,-33.98693,151.020754,68,0,2,1,0,2,0,0,3,0,7,10,0,475,475,5,22,40,1,0,1,0,0
1332705,2,2023,2023,1,1,4,44,1,126,22,0,1,10,-33.947425,150.809183,41,0,2,1,1,0,0,0,2,0,0,60,1,6545,6545,4,5,5,2,0,0,2,0
1332710,2,2023,2023,11,5,5,111,27,102,233,1,0,10,-33.955613,151.230321,59,0,2,1,3,0,0,0,2,2,7,60,2,14295,14295,3,5,5,2,0,0,1,0
1332712,1,2023,2023,11,6,6,6,18,225,34609,1,0,1,-33.794955,151.18468,77,0,2,1,1,0,0,0,2,0,7,40,0,2040,2040,9,5,28,2,0,0,0,1
1332713,2,2023,2023,10,1,4,13,22,62,34609,0,1,1,-34.087698,150.810568,13,0,2,0,3,0,0,0,2,0,7,60,0,1957,4009,1,30,5,3,0,0,1,0