Crash ID,Degree of crash - detailed,Reporting year,Year of crash,Month of crash,Day of week of crash,Two-hour intervals,Street of crash,Street type,Town,Route no.,School zone location,School zone active,Type of location,Latitude,Longitude,LGA,Urbanisation,Conurbation 1,Alignment,Street lighting,Road surface,Surface condition,Weather,Natural lighting,Signals operation,Other traffic control,Speed limit,Road classification,RUM - code,DCA - code,First impact type,Key TU type,Other TU type,No. of traffic units involved,No. killed,No. seriously injured,No. moderately injured,No. minor-other injured
1332715,1,2023,2023,11,2,11,346,17,87,332,0,1,2,-28.815381,153.287327,39,2,1,1,3,0,0,0,0,0,7,60,2,9859,9859,8,0,40,2,0,0,0,1
1332720,1,2023,2023,10,5,4,14,22,82,6,0,1,2,-33.788691,151.265271,50,0,2,0,3,0,0,0,2,0,7,60,1,1383,1383,1,0,19,2,0,0,0,1
1332725,4,2023,2023,11,2,7,21,10,6,34609,0,1,9,-35.311452,150.466,63,2,1,1,1,0,0,0,2,0,7,50,0,2585,777,8,16,40,1,0,1,0,0
1332726,1,2023,2023,11,5,4,17,27,115,34609,0,1,9,-34.025214,151.072984,68,0,2,1,1,0,0,0,2,0,15,50,0,2852,2852,4,0,18,2,0,0,0,1
1332727,1,2023,2023,10,0,8,109,27,460,106,1,0,9,-33.834939,150.981947,21,0,2,1,3,0,0,0,2,0,0,60,1,2852,2852,4,10,5,2,0,0,0,1
1332735,4,2023,2023,1,2,6,15,10,14,34609,0,1,1,-33.546494,151.269356,16,2,2,0,0,0,0,0,2,0,7,60,0,1850,1463,5,16,40,1,0,1,0,0
1332736,2,2023,2023,1,6,9,23,31,52,13,0,1,9,-33.897416,151.261107,76,0,2,1,0,0,3,4,0,0,7,50,1,2040,2040,9,5,28,2,0,0,1,0
1332739,1,2023,2023,11,6,8,32,14,108,124,0,1,3,-33.813705,151.189866,77,0,2,0,3,0,0,3,2,0,7,80,2,14295,14295,3,0,0,2,0,0,0,1
1332741,4,2023,2023,11,0,7,3371,17,23,3342,0,1,2,-32.046639,152.447577,43,1,0,0,1,0,3,4,2,0,7,110,2,1957,4009,8,9,40,1,0,1,0,0
1332742,2,2023,2023,11,2,4,32,27,169,88,0,1,10,-33.623945,150.739887,29,2,2,1,1,0,0,0,2,0,15,80,2,6545,6545,4,0,0,3,0,0,1,0
1332743,4,2023,2023,11,3,5,4,1,13,34609,0,1,1,-32.791097,151.66642,42,2,1,1,1,0,0,0,2,0,7,50,0,3775,3775,0,0,36,2,0,1,0,0
1332744,1,2023,2023,11,1,3,13,10,74,12,0,1,9,-33.731286,151.028507,31,0,2,1,3,0,0,0,2,0,15,60,1,2852,2852,4,0,0,3,0,0,0,1
1332747,1,2023,2023,10,3,8,2209,17,35,2205,0,1,9,-35.485888,150.339169,63,2,1,1,3,0,0,0,2,0,15,80,2,14295,14295,3,8,12,2,0,0,0,2
1332750,1,2023,2023,10,4,6,19,31,161,96,0,1,10,-33.8842,151.147612,32,0,2,1,3,0,0,0,2,2,7,50,2,1383,1383,1,5,5,2,0,0,0,1
1332752,1,2023,2023,10,3,6,65,27,646,563,0,1,2,-33.929277,151.038398,15,0,2,1,3,0,0,0,2,0,7,70,2,1383,1383,1,5,19,2,0,0,0,1
1332754,1,2023,2023,1,4,10,220,27,92,222,0,1,10,-33.758268,150.955369,71,0,2,1,2,0,0,0,0,2,7,80,2,5929,5929,1,5,5,2,0,0,0,2
1332755,1,2023,2023,10,0,8,105,17,251,136,0,1,9,-33.771111,150.938836,7,0,2,1,3,0,0,0,3,3,7,60,2,14295,14295,3,5,5,2,0,0,0,1
1332757,2,2023,2023,11,4,6,171,1,57,104,0,1,2,-33.946014,151.222801,4,0,2,0,1,0,0,0,2,0,7,60,2,1192,1192,1,5,27,2,0,0,1,0
1332764,1,2023,2023,10,2,8,112,27,16,769,0,1,1,-33.55056,150.68278,29,2,2,1,3,0,0,0,3,0,7,60,2,1391,1391,1,0,13,2,0,0,0,1
1332767,1,2023,2023,5,6,9,11,27,62,29,0,1,9,-33.753693,151.261062,50,0,2,1,2,0,0,0,3,2,7,60,1,14295,14295,3,0,13,2,0,0,0,1
1332768,4,2023,2023,5,3,5,11,31,316,34609,0,1,1,-33.906821,151.239394,59,0,2,1,0,0,0,0,2,0,7,50,0,1981,1981,4,5,27,2,0,1,0,0
1332769,2,2023,2023,10,6,8,19,27,25,34609,0,1,1,-32.890724,151.692346,48,0,2,1,3,0,0,0,2,0,7,50,0,1981,1981,4,5,5,2,0,0,1,0
1332770,2,2023,2023,11,2,6,5,31,445,34609,0,1,10,-33.860221,151.050137,21,0,2,1,3,0,0,0,2,0,15,50,0,6545,6545,4,21,0,2,0,0,2,0
1332773,1,2023,2023,1,4,11,125,27,17,123,0,1,7,-33.351282,151.433093,16,2,2,1,3,0,3,4,0,0,0,60,2,9859,9859,8,5,40,1,0,0,0,1
1332775,1,2023,2023,11,3,1,37,27,19,52,0,1,7,-33.878317,150.617538,79,2,2,0,2,0,0,0,0,0,0,60,1,4552,985,8,5,40,1,0,0,0,1
1332776,2,2023,2023,10,6,6,19,31,166,143,0,1,10,-33.423059,149.577438,3,2,1,1,3,0,0,6,2,0,0,50,2,6545,6545,4,5,13,4,0,0,1,0
1332779,2,2023,2023,5,5,9,296,27,187,293,0,1,10,-33.883662,150.976416,24,0,2,1,2,0,0,0,0,2,7,60,2,6545,6545,4,10,5,2,0,0,1,0
1332780,4,2023,2023,6,6,0,80,31,30,34609,0,1,9,-33.862947,151.143491,14,0,2,0,2,0,0,0,0,0,0,50,0,4552,5151,8,5,40,1,0,1,0,0
1332781,2,2023,2023,6,4,11,2126,17,75,2149,0,1,2,-33.711284,150.361357,8,2,2,0,3,0,0,0,0,0,7,80,2,1391,1391,1,30,5,2,0,0,1,0
1332783,4,2023,2023,11,3,1,5,31,53,34609,0,1,1,-33.761517,151.168501,36,0,2,1,2,0,0,0,0,0,7,50,0,9859,9859,8,5,40,1,0,1,0,0
1332784,2,2023,2023,5,6,10,38,27,80,34609,0,1,1,-33.972339,150.904612,13,0,2,1,3,0,0,0,0,0,7,50,0,4026,4026,8,0,40,1,0,0,1,0
1332785,2,2023,2023,10,6,6,916,17,61,917,0,1,2,-29.744892,151.736786,51,2,1,1,3,0,0,0,2,0,7,60,2,9859,9859,1,18,5,2,0,0,1,0
1332786,2,2023,2023,6,0,10,283,27,91,702,0,1,1,-33.955845,151.086196,25,0,2,1,3,0,0,0,0,0,7,60,2,14295,14295,3,5,0,2,0,0,1,0
1332788,2,2023,2023,11,2,5,3,31,20,34609,0,1,9,-33.081374,151.655572,37,0,2,0,0,0,0,0,2,0,7,50,0,5929,5929,1,5,27,2,0,0,1,0
1332789,4,2023,2023,11,2,3,19,27,182,174,0,1,9,-32.832197,151.355897,17,2,1,1,1,0,0,0,1,2,7,60,1,1850,985,5,16,40,1,0,1,0,0
1332793,4,2023,2023,1,4,7,8,27,134,34609,1,2,1,-33.972756,150.804969,12,0,2,1,1,0,0,0,2,0,7,40,0,4026,4026,8,5,40,1,0,2,1,0
1332796,1,2023,2023,11,1,4,31,27,304,34609,0,1,1,-33.903553,151.153272,32,0,2,1,0,0,0,0,2,0,7,60,0,18,18,2,33,40,2,0,0,0,1
1332799,2,2023,2023,11,5,8,3,2,73,34609,0,1,9,-33.832772,151.085735,14,0,2,1,1,0,0,0,2,2,7,40,0,14295,14295,3,5,27,3,0,0,1,0
1332803,2,2023,2023,6,1,8,42,27,67,231,0,1,9,-33.403908,151.341353,16,2,2,1,2,0,0,0,0,0,0,60,2,5929,5929,1,30,5,2,0,0,1,0
1332804,4,2023,2023,11,0,4,10,27,3,34609,0,1,1,-33.709154,150.241432,8,2,2,0,0,0,0,0,2,0,7,70,0,3775,3775,0,22,0,2,0,1,0,0
1332805,1,2023,2023,11,2,6,17,27,42,34609,0,1,9,-33.824477,151.192339,38,0,2,1,3,0,0,0,2,0,7,50,0,5929,5929,1,5,0,2,0,0,0,1
1332811,1,2023,2023,1,5,7,478,17,58,480,0,1,10,-33.433955,151.296597,16,2,2,1,3,0,0,0,2,3,7,60,2,1945,1945,5,5,40,1,0,0,0,1
1332812,4,2023,2023,11,5,6,46,31,41,34609,0,1,10,-33.864222,150.979211,24,0,2,1,1,0,0,0,2,0,15,50,0,6545,6545,4,5,12,3,0,1,0,0
1332813,2,2023,2023,11,2,8,37,1,126,34609,1,0,10,-33.946559,150.802953,41,0,2,1,3,0,0,0,3,0,15,60,0,6545,6545,4,30,0,2,0,0,2,1
1332814,2,2023,2023,11,5,6,5,31,102,34609,0,1,10,-31.11648,150.913709,70,2,1,1,0,0,0,0,2,0,0,50,0,6545,6545,4,5,13,2,0,0,1,0
1332815,2,2023,2023,1,1,8,3371,17,139,3342,0,1,10,-33.838766,151.206909,49,0,2,1,0,0,3,3,2,2,7,60,2,1220,1220,9,19,28,2,0,0,1,0
1332816,2,2023,2023,11,2,6,2261,17,38,2252,0,1,3,-34.123701,150.753654,79,1,2,1,0,0,0,0,2,0,7,100,2,14295,14295,3,5,0,2,0,0,1,0
1332817,2,2023,2023,5,5,8,296,27,290,293,1,0,9,-33.85104,150.996465,21,0,2,1,3,0,0,3,2,0,2,70,2,14295,14295,3,0,5,2,0,0,1,0
1332818,2,2023,2023,1,4,8,39,36,40,79,0,1,9,-33.810427,151.207952,77,0,2,1,3,0,0,0,2,2,7,50,2,395,395,1,0,0,2,0,0,1,0
1332821,2,2023,2023,10,0,11,344,27,10,369,0,1,2,-33.738355,150.716974,55,0,2,1,3,0,0,0,0,0,7,70,2,1282,1282,1,5,5,2,0,0,1,0
1332825,2,2023,2023,1,6,4,36,27,43,38,0,1,1,-33.754533,151.243281,50,0,2,1,0,0,0,0,2,0,7,60,1,1669,1669,3,5,36,2,0,0,1,0
1332829,4,2023,2023,11,0,5,4,27,11,34609,0,1,1,-34.355792,150.902474,80,0,2,1,1,0,0,0,2,0,7,50,0,9859,9859,1,5,13,3,0,1,0,0
1332831,1,2023,2023,11,1,5,55,27,64,34,0,1,7,-32.947127,151.685841,48,0,2,0,3,0,0,0,2,0,0,60,1,14295,14295,3,5,5,2,0,0,0,1
1332832,4,2023,2023,11,4,9,478,17,96,480,0,1,2,-33.437692,151.373963,16,2,2,1,0,0,0,0,0,0,7,70,2,14295,14295,3,5,5,2,0,1,0,0
1332834,1,2023,2023,10,2,8,71,31,78,125,0,1,9,-33.862216,151.009769,21,0,2,1,3,0,0,0,2,0,0,60,1,775,775,4,5,5,2,0,0,0,1
1332835,4,2023,2023,1,0,6,387,36,115,69,0,1,9,-33.748538,151.224145,50,0,2,1,1,0,0,0,2,2,7,70,2,14295,14295,3,16,0,2,0,1,0,0
1332838,4,2023,2023,1,5,4,31,7,463,34609,0,1,9,-30.288909,153.130604,19,2,1,1,1,0,0,0,2,0,0,50,0,150,150,4,17,13,2,0,1,0,0
1332839,4,2023,2023,1,0,9,3371,17,207,3342,0,1,9,-33.590046,151.171147,31,0,2,1,2,0,0,0,0,0,7,60,2,945,945,5,5,40,1,0,1,0,0
1332840,1,2023,2023,10,0,3,43,27,46,29,0,1,7,-32.915193,151.672332,48,0,2,0,3,0,0,0,2,0,0,60,1,6545,6545,4,0,0,2,0,0,0,1
1332848,2,2023,2023,11,6,0,20,31,107,34609,1,0,9,-33.877137,151.195934,69,0,2,1,2,0,3,4,0,0,7,40,0,237,162,8,5,40,1,0,0,1,1
1332849,2,2023,2023,10,1,6,123,36,14,49,0,1,1,-30.405538,151.320828,51,1,0,0,3,0,0,0,2,0,7,100,1,418,714,5,34,40,1,0,0,1,0
1332850,1,2023,2023,0,2,6,2126,17,171,2149,0,1,10,-33.814351,150.964524,21,0,2,1,2,0,0,0,2,2,7,80,2,14295,14295,3,10,5,2,0,0,0,1
1332853,1,2023,2023,11,0,5,57,1,13,34609,0,1,9,-33.86539,151.144864,14,0,2,1,3,0,0,0,2,0,7,50,0,1669,1669,3,5,13,2,0,0,0,1
1332855,1,2023,2023,11,4,5,234,27,323,217,0,1,1,-33.756882,150.992407,71,0,2,1,3,0,0,0,2,0,7,60,2,14295,14295,3,9,5,2,0,0,0,1
1332857,2,2023,2023,11,4,7,6,31,16,34609,0,1,1,-33.925654,151.221687,4,0,2,1,0,0,0,0,2,0,7,50,0,387,387,1,22,0,2,0,0,1,0
1332862,1,2023,2023,11,2,9,255,31,609,220,0,1,10,-33.771775,150.911449,7,0,2,1,3,0,0,0,0,2,7,60,2,6545,6545,4,5,13,2,0,0,0,1
1332868,2,2023,2023,10,5,6,168,10,387,260,0,1,2,-33.943975,151.190662,4,0,2,1,3,0,0,0,2,0,7,70,2,1282,1282,1,8,5,2,0,0,1,0
1332869,1,2023,2023,10,5,4,2209,17,77,2205,0,1,2,-33.923781,151.161857,32,0,2,1,3,0,0,0,2,0,7,60,2,14295,14295,3,5,5,3,0,0,0,1
1332872,2,2023,2023,11,0,8,103,27,123,563,0,1,9,-33.818251,151.052153,54,0,2,1,2,0,3,0,3,0,0,80,2,775,775,4,5,5,2,0,0,1,0
1332879,1,2023,2023,11,3,4,344,27,42,163,0,1,2,-33.740239,150.862723,7,0,2,1,3,0,0,0,2,2,9,70,2,1383,1383,1,0,5,2,0,0,0,1
1332881,1,2023,2023,11,3,0,17,10,36,34609,0,1,1,-34.401885,150.837111,80,0,2,0,0,0,0,0,0,0,7,80,0,4552,5151,8,5,40,1,0,0,0,1
1332882,4,2023,2023,11,6,6,127,27,59,103,0,1,10,-32.889734,151.726312,48,0,2,1,1,0,0,0,2,2,7,60,1,6545,6545,4,10,10,2,0,1,0,0
1332884,2,2023,2023,11,1,10,49,31,147,34609,0,1,1,-33.881875,150.999868,15,0,2,1,2,0,0,0,0,0,7,50,0,186,186,9,0,28,2,0,0,1,0
1332887,2,2023,2023,10,3,6,3371,17,24,3342,0,1,2,-32.513449,152.209955,43,1,0,0,0,0,0,0,2,0,7,110,2,1192,1192,1,10,12,2,0,0,1,0
1332888,1,2023,2023,11,5,8,220,27,46,222,0,1,9,-33.786445,150.972903,54,0,2,1,3,0,0,0,2,0,7,80,2,14295,14295,3,5,5,2,0,0,0,1
1332889,1,2023,2023,8,6,3,2209,17,133,2205,0,1,9,-34.524289,150.788688,80,0,2,0,0,0,0,0,1,0,15,80,1,14295,14295,3,10,5,2,0,0,0,1
1332891,2,2023,2023,11,3,5,5,10,63,34609,0,1,9,-33.256834,151.479704,16,2,2,1,3,0,0,0,2,0,7,50,0,9859,9859,1,5,5,2,0,0,1,0
1332893,1,2023,2023,10,1,6,30,27,187,94,0,1,9,-33.880559,150.979328,15,0,2,0,3,0,0,0,2,0,0,60,1,14295,14295,3,0,25,2,0,0,0,1
1332897,2,2023,2023,10,4,3,127,27,135,103,0,1,1,-32.893255,151.731024,48,0,2,1,3,0,0,0,1,2,9,60,1,14295,14295,3,10,5,2,0,0,1,0
1332898,2,2023,2023,10,2,11,1,27,438,34609,0,1,9,-33.861542,151.033592,21,0,2,1,3,0,0,0,0,0,7,50,0,5929,5929,1,5,5,2,0,0,1,0
1332899,4,2023,2023,11,6,3,169,27,23,54,0,1,2,-34.021539,151.042288,68,0,2,0,3,0,0,0,1,0,7,80,2,4552,5151,8,5,40,1,0,1,0,0
1332900,2,2023,2023,11,6,8,99,31,237,105,0,1,9,-33.871949,150.946075,24,0,2,1,1,0,0,3,2,0,15,60,1,2852,2852,4,5,5,2,0,0,2,0
1332901,1,2023,2023,11,6,6,10,27,237,34609,0,1,10,-33.867859,150.956844,24,0,2,1,3,0,0,0,2,2,6,40,0,1391,1391,1,10,5,2,0,0,0,1
1332902,1,2023,2023,6,0,3,101,10,42,121,1,0,7,-34.03913,151.156472,68,0,2,1,3,0,0,0,1,0,0,70,1,926,926,4,22,5,2,0,0,0,1
1332904,1,2023,2023,10,3,6,2261,17,96,2252,0,1,3,-34.233409,150.664718,79,1,2,1,3,0,0,0,2,0,7,110,2,14295,14295,3,10,0,2,0,0,0,1
1332906,4,2023,2023,11,2,8,19,27,11,17,0,1,1,-32.15595,148.634923,22,1,0,1,0,0,0,0,3,0,13,100,1,9859,9859,8,10,40,1,0,1,0,0
1332909,4,2023,2023,11,4,8,154,27,55,244,0,1,1,-33.902897,151.082534,67,0,2,1,2,0,0,0,2,0,7,60,2,623,623,3,5,19,2,0,1,0,0
1332910,1,2023,2023,10,0,7,916,17,13,917,0,1,2,-32.555162,151.161264,64,2,1,1,3,0,0,0,2,0,7,60,2,14295,14295,3,5,13,3,0,0,0,1
1332919,4,2023,2023,5,2,5,280,10,127,240,0,1,2,-33.845158,150.870727,24,0,2,1,1,0,0,0,2,0,7,60,2,14295,14295,3,0,36,2,0,1,0,0
1332922,2,2023,2023,10,5,8,3371,17,5,3342,0,1,7,-28.225519,153.556991,72,2,1,0,3,0,0,0,2,0,0,60,2,4552,5151,8,5,40,1,0,0,1,0
1332926,2,2023,2023,11,6,5,39,23,98,260,0,1,9,-33.015732,151.589346,37,0,2,1,1,0,0,0,2,0,6,60,2,4026,4026,8,10,40,3,0,0,1,0
1332927,1,2023,2023,11,0,7,330,27,125,25,0,1,7,-33.828523,151.129531,51,0,2,1,1,0,0,0,2,0,0,60,1,2852,2852,4,30,5,2,0,0,0,2
1332928,4,2023,2023,11,0,10,16,27,53,19,0,1,1,-33.69304,151.108611,31,0,2,1,2,0,0,0,0,0,7,60,1,323,323,1,10,5,2,0,1,1,0
1332929,2,2023,2023,10,2,3,178,27,189,101,0,1,2,-33.942099,151.054162,15,0,2,1,1,0,0,0,2,1,7,50,1,9859,9859,8,0,40,1,0,0,1,0
1332930,4,2023,2023,1,1,6,1,6,34,34609,0,1,1,-33.501819,151.361005,16,2,2,1,0,2,0,0,2,0,7,50,0,4026,4026,8,5,40,1,0,1,0,0
1332938,4,2023,2023,11,0,6,3371,17,39,3342,0,1,9,-33.244284,151.494908,16,2,2,1,0,0,0,0,2,0,15,70,2,2852,2852,4,5,5,2,0,2,1,2
1332941,2,2023,2023,1,3,11,11,1,111,34609,0,1,1,-33.69997,150.887718,7,0,2,0,2,0,0,0,0,0,7,50,0,2585,4009,1,0,13,3,0,0,1,0
1332944,2,2023,2023,1,3,10,15,27,29,34609,0,1,1,-28.797975,153.587896,2,2,1,0,2,0,0,0,0,0,7,50,0,1850,1463,5,0,40,1,0,0,1,0
1332945,4,2023,2023,11,2,6,2,27,3,34609,0,1,1,-30.815401,152.84437,47,1,0,0,0,2,0,0,2,0,7,100,0,3775,3775,0,0,13,2,0,1,1,1
1332948,4,2023,2023,11,3,7,20,27,19,24,0,1,1,-33.651107,151.046642,31,0,2,1,0,0,0,0,2,0,7,60,1,340,340,9,0,28,2,0,1,0,0
1332953,1,2023,2023,10,1,3,135,17,93,136,0,1,10,-36.076473,146.936459,0,2,1,1,0,0,0,0,2,0,0,60,2,775,775,4,0,0,3,0,0,0,1
1332954,2,2023,2023,11,6,4,85,31,219,34609,0,1,9,-32.902587,151.670739,48,0,2,1,1,0,0,0,2,0,7,60,0,926,926,4,5,5,2,0,0,1,0
1332958,1,2023,2023,11,4,7,2,31,166,34609,0,1,1,-33.935163,150.9958,15,0,2,1,1,0,2,6,2,0,7,50,0,323,323,1,15,10,2,0,0,0,1
1332962,1,2023,2023,5,1,11,16,7,108,34609,0,1,1,-28.857872,153.556209,2,2,1,0,2,0,0,0,0,0,7,50,0,3775,3775,0,10,27,2,0,0,0,1
1332963,2,2023,2023,10,3,5,1,18,6,34609,0,1,1,-28.283888,153.409828,72,1,0,0,0,0,0,0,2,0,7,100,0,404,404,8,16,40,1,0,0,1,0
1332965,4,2023,2023,10,6,7,133,17,12,121,0,1,1,-36.61068,149.297171,65,1,0,0,1,0,3,4,2,0,7,100,2,1957,4009,8,5,40,1,0,1,0,0
1332972,2,2023,2023,11,6,0,2261,17,523,2252,0,1,10,-33.924242,150.918383,41,0,2,1,2,0,0,0,0,2,7,60,2,6545,6545,4,5,5,2,0,0,2,0
1332976,4,2023,2023,11,6,7,11,10,6,34609,0,1,1,-30.59602,151.522045,51,1,0,0,0,0,0,0,2,0,7,100,0,1850,1463,5,10,40,1,0,2,0,0
1332977,4,2023,2023,11,6,8,32,27,35,62,0,1,9,-33.816992,151.20161,77,0,2,1,0,0,0,0,2,0,7,80,2,14295,14295,3,16,5,2,0,1,0,0
1332982,2,2023,2023,1,1,9,3,18,49,34609,0,1,1,-34.464911,147.548513,51,1,0,1,0,0,0,0,0,0,7,100,0,4026,4026,8,10,40,1,0,0,1,0
1332983,2,2023,2023,11,1,3,56,27,202,34609,0,1,10,-33.955893,151.035179,15,0,2,1,0,0,0,6,2,0,0,50,0,6545,6545,4,10,5,2,0,0,1,0
1332984,2,2023,2023,11,2,1,1,31,43,231,0,1,1,-33.439931,151.327578,16,2,2,1,2,0,0,0,0,0,7,50,2,4026,4026,8,0,40,1,0,0,1,0
1332985,2,2023,2023,11,4,7,40,27,71,34609,0,1,1,-33.76944,150.693764,55,0,2,1,1,0,0,0,2,0,7,50,0,323,323,1,16,25,2,0,0,1,0
1332991,4,2023,2023,11,5,5,5,27,32,34609,0,1,1,-32.755551,152.101312,57,2,1,0,1,0,0,0,2,0,7,80,0,5929,5929,1,34,5,2,0,1,0,0
1332994,2,2023,2023,1,6,6,1104,14,323,962,0,1,3,-33.798978,150.858644,7,0,2,1,0,0,0,0,2,0,7,100,2,14295,14295,3,9,13,3,0,0,1,0
1332996,2,2023,2023,10,3,9,48,31,35,42,0,1,10,-31.0805,152.841888,34,2,1,0,2,0,0,0,0,2,7,50,1,6545,6545,4,5,5,2,0,0,1,1
1332998,4,2023,2023,10,5,2,110,27,113,48,0,1,2,-34.316861,150.891638,80,0,2,1,0,0,0,0,1,0,7,100,2,9859,9859,8,10,40,1,0,1,0,0
1333000,4,2023,2023,1,4,7,478,17,96,480,0,1,2,-33.437693,151.373433,16,2,2,1,1,0,0,0,2,0,7,70,2,14295,14295,3,0,5,2,0,1,0,0
1333001,4,2023,2023,6,4,7,11,27,29,165,0,1,9,-33.977402,151.08541,25,0,2,1,0,0,0,0,2,0,0,50,1,2852,2852,4,0,0,5,0,1,0,1
1333004,2,2023,2023,10,4,9,1,31,3,34609,0,1,10,-34.997866,150.720674,63,2,1,1,0,0,0,0,3,0,15,50,0,6545,6545,4,0,5,2,0,0,1,0
1333006,4,2023,2023,1,2,3,7,31,169,34609,0,1,0,-33.898182,151.213988,69,0,2,1,0,0,0,0,2,0,7,50,0,1981,1981,4,10,27,2,0,1,0,0
1333008,4,2023,2023,11,1,5,17,31,460,92,0,1,9,-33.83412,150.993299,21,0,2,1,0,0,0,0,2,0,15,60,1,775,775,4,5,5,2,0,1,1,0
1333009,2,2023,2023,5,0,8,2261,17,523,2252,0,1,10,-33.928542,150.918058,41,0,2,1,1,0,0,0,3,2,7,60,2,1669,1669,3,10,5,2,0,0,1,0
1333010,2,2023,2023,6,1,5,161,17,11,161,0,1,1,-36.059478,148.855821,65,1,0,1,0,0,0,0,2,0,7,100,2,945,945,5,29,40,1,0,0,1,0
1333012,4,2023,2023,1,4,10,2261,17,284,2252,1,0,2,-33.905681,151.014073,15,0,2,1,2,0,0,0,0,0,7,70,2,9859,9859,8,5,40,1,0,1,0,0
1333013,4,2023,2023,11,1,6,39,27,293,91,0,1,1,-33.940625,151.254067,59,0,2,0,0,0,0,0,2,0,7,50,1,1957,4009,1,5,5,3,0,1,0,0
1333017,4,2023,2023,11,5,5,2126,17,283,2149,0,1,9,-33.828681,151.00739,54,0,2,1,0,0,0,0,2,0,7,60,2,591,591,1,17,12,2,0,1,0,0
1333021,4,2023,2023,5,2,3,2,31,443,34609,0,1,1,-33.903006,151.060871,15,0,2,1,0,0,0,0,2,0,7,50,0,1220,1220,9,5,28,2,0,1,0,0
1333023,2,2023,2023,11,0,8,30,31,283,34609,0,1,9,-33.842799,151.010273,21,0,2,1,2,0,0,0,2,0,7,50,0,2040,2040,9,0,28,2,0,0,1,0
1333027,1,2023,2023,5,0,6,26,10,370,68,0,1,7,-34.078652,150.797971,13,0,2,1,0,0,0,0,2,0,0,60,1,14295,14295,3,8,0,2,0,0,0,1
1333031,4,2023,2023,6,5,10,485,27,323,769,0,1,10,-33.761977,150.992848,71,0,2,1,2,0,3,3,0,2,9,60,2,1220,1220,9,0,28,2,0,1,0,0
1333032,4,2023,2023,11,1,9,15,23,646,34609,0,1,1,-33.919424,151.033155,15,0,2,1,2,0,0,0,3,0,7,40,0,214,214,9,33,28,2,0,1,0,0
1333033,1,2023,2023,11,4,7,103,36,14,103,0,1,1,-32.458118,151.963659,43,2,1,1,0,0,0,0,2,0,7,70,1,1669,1669,3,10,36,2,0,0,0,1
1333038,2,2023,2023,10,6,3,68,27,110,67,1,0,9,-33.775038,151.023814,54,0,2,0,0,0,0,0,2,0,0,60,1,5929,5929,1,10,5,2,0,0,1,0
1333039,1,2023,2023,11,6,4,162,31,532,24,0,1,0,-33.868851,151.207981,69,0,2,1,0,0,0,0,2,0,7,40,1,387,387,1,22,0,2,0,0,0,1
1333040,4,2023,2023,1,3,0,4,10,31,34609,0,1,1,-34.026082,150.827553,13,0,2,1,0,0,0,0,0,0,7,50,0,9859,9859,1,0,0,2,0,1,0,0
1333043,2,2023,2023,11,4,5,3,31,165,34609,0,1,1,-32.274365,150.88405,46,2,1,1,1,0,0,0,2,0,7,50,0,14295,14295,3,5,27,2,0,0,1,0
1333050,4,2023,2023,11,4,4,109,27,460,106,0,1,9,-33.835634,150.985465,21,0,2,1,1,0,0,3,2,0,0,60,1,775,775,4,5,0,2,0,1,1,0
1333051,4,2023,2023,8,5,6,55,27,151,160,0,1,7,-34.031798,150.847516,13,0,2,1,1,0,0,0,2,0,0,60,2,1282,1282,1,21,19,2,0,1,0,0
1333053,2,2023,2023,11,2,8,4,27,32,34609,0,1,9,-33.740713,150.82796,7,0,2,1,1,0,0,0,2,0,7,50,0,9859,9859,8,5,40,1,0,0,1,0
1333055,4,2023,2023,5,2,9,82,31,370,34609,0,1,6,-34.063453,150.816995,13,0,2,1,2,0,0,0,0,0,9,60,0,2040,2040,9,0,28,2,0,1,0,0
1333056,4,2023,2023,11,5,8,2,4,40,34609,0,1,2,-33.730065,150.963332,71,0,2,0,1,0,0,0,3,0,7,50,0,4552,5151,1,5,5,3,0,1,0,1
1333057,1,2023,2023,5,1,8,21,27,20,34609,0,1,1,-34.388383,150.840935,80,0,2,1,1,0,0,0,2,0,7,80,0,14295,14295,3,0,5,2,0,0,0,1
1333060,4,2023,2023,11,4,6,515,14,189,518,0,1,3,-33.943416,151.059387,15,0,2,1,1,0,0,0,2,0,7,100,2,14295,14295,3,8,5,3,0,1,0,0
1333061,4,2023,2023,1,4,6,55,31,562,34609,0,1,1,-32.233515,148.608637,22,2,1,1,0,2,0,0,2,0,7,60,0,214,214,9,29,28,2,0,1,0,0
1333066,2,2023,2023,1,1,3,2,27,24,34609,0,1,1,-35.886632,146.097777,51,1,0,1,0,0,0,0,2,0,7,100,0,4026,4026,8,10,40,1,0,0,1,0
1333068,4,2023,2023,5,6,8,4,27,4,34609,0,1,1,-30.654164,152.84355,47,1,0,0,0,0,0,0,3,0,7,100,0,2585,4009,8,0,40,1,0,1,0,0
1333070,1,2023,2023,1,4,4,3,31,226,34609,0,1,1,-33.763633,150.823365,7,0,2,1,1,0,0,0,2,0,7,50,0,14295,14295,3,5,5,3,0,0,0,1
1333072,2,2023,2023,11,6,8,475,31,169,41,0,1,10,-33.898366,151.206373,69,0,2,1,2,0,0,0,2,2,7,50,1,14295,14295,3,5,5,3,0,0,1,0
1333077,1,2023,2023,1,5,4,361,31,169,382,0,1,2,-33.769822,150.8348,7,0,2,1,1,0,0,0,2,0,7,60,2,14295,14295,3,5,5,2,0,0,0,1