Crash ID,Degree of crash - detailed,Reporting year,Year of crash,Month of crash,Day of week of crash,Two-hour intervals,Street of crash,Street type,Town,Route no.,School zone location,School zone active,Type of location,Latitude,Longitude,LGA,Urbanisation,Conurbation 1,Alignment,Street lighting,Road surface,Surface condition,Weather,Natural lighting,Signals operation,Other traffic control,Speed limit,Road classification,RUM - code,DCA - code,First impact type,Key TU type,Other TU type,No. of traffic units involved,No. killed,No. seriously injured,No. moderately injured,No. minor-other injured
1333082,1,2023,2023,1,0,1,1,31,33,34609,0,1,1,-36.421299,148.611572,65,2,1,0,2,0,0,0,0,0,7,50,0,782,957,5,5,40,1,0,0,0,1
1333085,4,2023,2023,11,3,5,8,27,5,34609,0,1,1,-33.201177,151.363516,16,2,2,0,0,0,0,0,2,0,7,80,0,1850,1463,5,16,40,1,0,1,0,0
1333086,2,2023,2023,11,6,9,2261,17,45,2252,0,1,3,-34.296746,150.616388,79,1,2,1,2,0,3,4,0,0,7,110,2,1945,1945,5,16,40,1,0,0,1,0
1333088,2,2023,2023,11,5,9,62,10,122,62,0,1,10,-33.425312,151.344614,16,2,2,1,2,0,0,0,0,2,7,50,2,5929,5929,1,16,5,2,0,0,1,0
1333091,1,2023,2023,5,6,8,1,1,87,34609,0,1,9,-34.053551,151.154498,68,0,2,1,2,0,0,0,3,0,7,50,0,238,238,9,0,28,2,0,0,0,1
1333095,4,2023,2023,1,2,10,9,27,53,34609,0,1,10,-33.761913,151.159387,36,0,2,1,1,0,0,0,0,0,15,50,0,186,186,9,30,28,2,0,1,0,0
1333101,1,2023,2023,10,3,3,67,27,56,62,0,1,10,-33.803359,151.198228,77,0,2,1,2,0,0,0,2,2,7,50,2,775,775,4,5,5,3,0,0,0,2
1333102,2,2023,2023,5,6,8,82,31,363,369,0,1,10,-33.762276,150.710286,55,0,2,1,1,0,0,0,2,0,15,70,2,5929,5929,1,34,5,2,0,0,1,0
1333103,1,2023,2023,5,4,4,158,27,13,207,1,2,9,-33.87114,151.25128,81,0,2,1,1,0,0,0,2,0,15,40,2,1945,1945,5,16,40,1,0,0,0,1
1333108,2,2023,2023,11,5,7,9,31,27,17,0,1,1,-33.712788,150.333145,8,2,2,1,1,0,0,0,2,0,7,50,1,1981,1981,4,5,0,2,0,0,2,0
1333113,4,2023,2023,5,6,9,2,1,163,34609,1,0,9,-33.855272,151.09286,14,0,2,1,2,0,0,0,3,0,0,50,0,1220,1220,9,5,28,2,0,1,0,0
1333116,2,2023,2023,1,0,4,67,27,157,55,0,1,10,-34.022235,151.106927,68,0,2,1,1,0,0,0,2,2,7,70,2,1669,1669,3,33,5,3,0,0,1,0
1333117,2,2023,2023,10,1,8,3,31,137,34609,0,1,1,-32.966599,151.698102,37,0,2,1,1,0,0,0,2,0,7,50,0,5929,5929,1,5,5,2,0,0,1,1
1333122,1,2023,2023,11,0,4,222,31,131,212,0,1,9,-33.785392,151.185872,77,0,2,1,0,0,0,0,2,0,7,60,2,775,775,4,10,5,2,0,0,0,1
1333124,1,2023,2023,11,0,2,829,27,159,770,0,1,9,-33.806716,151.082457,61,0,2,1,2,0,0,0,1,2,7,60,2,14295,14295,3,5,5,2,0,0,0,2
1333128,4,2023,2023,11,1,8,3371,17,463,3342,0,1,2,-30.285592,153.125373,19,2,1,1,1,0,0,0,2,0,7,60,2,1383,1383,1,5,2,2,0,1,0,0
1333130,2,2023,2023,10,2,4,15,31,346,34609,0,1,9,-33.884644,151.075488,67,0,2,1,0,0,0,0,2,0,0,50,0,775,775,4,5,27,2,0,0,1,0
1333131,4,2023,2023,5,1,7,1,10,92,34609,0,1,1,-33.985323,150.820974,13,0,2,1,1,0,0,0,2,0,7,50,0,1945,1945,5,16,40,1,0,1,0,0
1333133,2,2023,2023,11,1,5,105,27,67,109,0,1,9,-33.876226,150.89551,24,0,2,1,1,0,0,0,2,0,0,60,1,2852,2852,4,5,5,3,0,0,1,1
1333135,2,2023,2023,5,3,8,5,31,44,34609,0,1,1,-28.864683,153.535086,2,2,1,1,1,0,0,0,2,0,7,50,0,3775,3775,0,5,5,2,0,0,2,0
1333136,2,2023,2023,11,6,3,2209,17,11,2205,0,1,1,-36.201112,150.114776,23,2,1,0,1,0,3,4,2,0,7,50,2,1957,4009,8,5,40,1,0,0,1,0
1333138,2,2023,2023,5,2,7,71,27,19,69,0,1,2,-36.353672,148.772677,65,1,0,0,0,0,3,3,2,0,7,100,2,1957,4009,8,10,40,1,0,0,1,0
1333140,4,2023,2023,8,0,5,346,17,16,332,0,1,1,-28.969336,152.183666,51,1,0,0,0,0,0,0,2,0,7,100,2,83,83,5,34,40,1,0,1,0,0
1333141,1,2023,2023,11,0,6,92,27,106,63,0,1,10,-33.917701,151.088462,15,0,2,1,1,0,0,0,2,0,9,40,1,340,340,9,5,28,2,0,0,0,1
1333145,4,2023,2023,11,4,8,829,27,123,770,0,1,10,-33.814375,151.056244,54,0,2,1,1,0,0,0,3,2,7,70,2,1220,1220,9,5,28,2,0,1,0,0
1333148,4,2023,2023,10,4,1,3371,17,35,3342,0,1,2,-29.927145,153.079533,18,1,0,0,2,0,0,0,0,0,7,110,2,4552,5151,1,3,2,2,0,1,0,0
1333150,2,2023,2023,11,5,5,27,27,12,39,0,1,7,-31.126602,150.994233,70,2,1,1,0,0,0,0,2,0,0,60,1,926,926,4,0,13,2,0,0,1,0
1333151,4,2023,2023,11,3,4,17,27,29,15,0,1,1,-34.211149,150.778401,79,1,2,1,0,0,0,0,2,0,7,100,1,475,475,5,16,40,1,0,1,0,0
1333152,4,2023,2023,8,1,5,829,27,125,770,0,1,9,-33.838045,151.133132,51,0,2,1,1,0,0,0,2,0,7,70,2,1282,1282,1,8,19,2,0,1,1,0
1333156,2,2023,2023,6,6,4,78,31,137,34609,0,1,10,-34.032829,151.064946,68,0,2,1,1,0,0,0,2,0,15,50,0,6545,6545,4,5,27,2,0,0,1,0
1333157,4,2023,2023,10,6,4,12,31,166,34609,0,1,10,-33.426009,149.577068,3,2,1,1,1,0,0,0,2,0,0,50,0,6545,6545,4,9,0,2,0,1,0,0
1333159,2,2023,2023,1,0,8,17,31,228,34609,0,1,10,-34.753176,149.70724,26,2,1,1,1,0,0,0,3,0,0,50,0,6545,6545,4,0,5,2,0,0,1,0
1333161,4,2023,2023,11,1,5,89,31,148,34609,0,1,1,-36.053593,146.949874,0,2,1,1,0,0,0,0,2,0,7,50,0,121,121,9,5,28,2,0,1,0,0
1333163,2,2023,2023,5,3,5,17,27,24,34609,0,1,9,-34.014874,150.709383,12,0,2,1,0,0,0,0,2,0,15,80,0,2852,2852,4,5,0,2,0,0,1,0
1333167,2,2023,2023,1,4,11,95,31,304,34609,0,1,1,-33.912442,151.150877,32,0,2,0,2,0,0,0,0,0,7,50,0,4552,5151,1,5,3,6,0,0,1,0
1333168,4,2023,2023,1,1,9,1,27,113,34609,0,1,9,-33.788459,150.738433,55,0,2,1,0,0,2,6,0,0,0,70,0,489,489,8,0,40,1,0,1,0,0
1333169,4,2023,2023,5,3,6,234,27,34,228,0,1,1,-33.42783,150.989201,71,0,2,0,0,0,2,6,2,0,7,80,2,4552,5151,8,5,40,1,0,2,0,1
1333170,1,2023,2023,11,5,4,36,1,147,34609,0,1,1,-33.746993,151.287254,50,0,2,1,1,0,0,0,2,0,7,50,0,9859,9859,1,5,13,2,0,0,0,1
1333171,4,2023,2023,1,3,3,8,7,154,34609,0,1,9,-33.719024,150.953474,71,0,2,1,2,0,0,0,1,0,7,50,0,9859,9859,8,16,40,1,0,1,0,0
1333172,2,2023,2023,11,1,4,110,31,433,34609,0,1,7,-33.284746,149.093217,52,2,1,1,1,0,0,0,2,0,0,50,0,9859,9859,8,5,40,1,0,0,1,0
1333173,4,2023,2023,11,1,7,103,27,16,98,0,1,1,-33.365338,150.708572,29,2,2,1,0,0,0,0,2,0,7,80,2,4026,4026,8,5,40,1,0,1,0,0
1333177,2,2023,2023,10,4,8,2209,31,309,34609,0,1,9,-33.814499,151.111149,61,0,2,1,1,0,0,0,2,0,7,50,0,2852,2852,4,5,36,2,0,0,1,0
1333181,4,2023,2023,11,1,10,3371,17,207,3342,0,1,1,-33.586132,151.174187,31,0,2,0,0,0,0,0,3,0,7,80,2,1850,1463,5,16,40,1,0,1,0,0
1333187,4,2023,2023,11,0,9,515,14,243,518,0,1,3,-33.947748,150.892675,41,0,2,0,2,0,0,0,3,0,7,100,2,14295,14295,3,9,0,4,0,1,0,0
1333191,4,2023,2023,10,6,7,60,27,33,34609,0,1,1,-33.71712,150.44421,8,2,2,1,3,0,0,0,2,0,7,50,0,9859,9859,8,5,40,1,0,1,0,0
1333192,4,2023,2023,1,1,6,85,27,85,6,0,1,1,-33.736435,151.126674,36,0,2,1,0,0,3,4,2,0,7,50,1,9859,9859,8,30,40,1,0,1,0,0
1333193,2,2023,2023,11,6,9,22,27,169,147,0,1,9,-28.669383,153.612672,10,2,1,1,0,0,0,0,0,0,0,50,1,5929,5929,1,0,0,2,0,0,1,0
1333195,4,2023,2023,1,4,7,49,27,91,47,0,1,7,-33.994627,150.875451,13,0,2,1,1,0,0,0,2,0,0,60,1,14295,14295,3,5,18,2,0,1,0,0
1333196,4,2023,2023,10,2,8,2126,17,445,2149,0,1,10,-33.85484,151.061436,21,0,2,1,1,0,0,0,2,1,7,60,2,14295,14295,3,9,18,3,0,1,0,0
1333198,2,2023,2023,1,2,4,87,31,143,34609,0,1,1,-33.698009,151.103151,31,0,2,1,1,0,0,0,2,0,7,50,0,9859,9859,1,5,5,2,0,0,1,0
1333199,2,2023,2023,1,1,7,515,14,197,518,0,1,3,-33.942392,151.079855,15,0,2,1,0,0,0,0,2,0,7,80,2,204,204,1,10,25,2,0,0,1,1
1333200,2,2023,2023,11,2,6,95,31,107,83,0,1,10,-29.678171,152.940563,18,2,1,1,0,0,0,0,2,0,0,50,1,6545,6545,4,0,0,2,0,0,1,0
1333202,2,2023,2023,5,6,8,70,27,26,100,0,1,9,-33.682295,150.594172,8,2,2,0,1,0,0,0,2,0,0,60,2,1669,1669,3,10,12,2,0,0,1,0
1333205,2,2023,2023,10,3,5,35,1,11,52,0,1,7,-33.719813,150.781982,7,0,2,1,1,0,0,0,2,0,0,70,1,2585,777,8,5,40,1,0,0,1,0
1333209,4,2023,2023,11,3,9,6,31,174,34609,0,1,9,-33.870343,150.931927,24,0,2,1,2,0,0,0,0,0,7,50,0,5929,5929,1,9,19,2,0,1,0,0
1333215,4,2023,2023,11,4,8,3371,17,30,3342,0,1,10,-33.190775,151.56875,16,2,2,1,1,0,0,0,2,0,0,80,2,5929,5929,1,10,5,2,0,1,0,1
1333224,2,2023,2023,11,0,9,26,31,90,34609,0,1,10,-32.928775,151.750538,48,0,2,1,2,0,0,0,3,0,15,50,0,6545,6545,4,0,25,2,0,0,2,0
1333227,2,2023,2023,11,5,10,3371,17,52,3342,0,1,1,-33.262125,151.46026,16,2,2,1,0,0,0,0,0,0,7,70,2,1669,1669,3,5,0,2,0,0,1,0
1333229,4,2023,2023,11,4,7,171,27,64,369,0,1,9,-33.691456,150.727881,55,0,2,1,0,0,0,0,2,0,0,80,2,515,515,1,9,19,2,0,1,0,0
1333230,1,2023,2023,0,3,5,133,27,20,260,0,1,2,-32.933134,151.635509,37,0,2,1,1,0,0,0,2,0,7,60,2,14295,14295,3,10,5,2,0,0,0,1
1333231,4,2023,2023,1,4,8,27,36,83,34609,0,1,1,-30.069145,153.183423,19,1,0,0,0,0,0,0,3,0,7,100,0,3775,3775,0,5,0,2,0,2,0,0
1333239,1,2023,2023,11,5,7,56,27,323,38,0,1,9,-33.756705,150.964287,71,0,2,1,1,0,0,0,2,2,7,60,1,5929,5929,1,0,0,2,0,0,0,2
1333240,4,2023,2023,0,6,4,25,27,15,260,0,1,1,-32.974502,151.606359,37,0,2,1,1,0,0,0,2,0,7,80,2,14295,14295,3,5,5,2,0,1,0,0
1333246,4,2023,2023,5,6,4,1,1,54,34609,0,1,1,-33.728416,151.09077,31,0,2,1,1,0,0,0,2,0,7,50,0,1282,1282,1,5,40,1,0,1,0,0
1333247,2,2023,2023,8,0,5,24,31,31,24,0,1,1,-33.431146,151.375234,16,2,2,1,0,0,0,0,2,0,7,60,1,4026,4026,8,5,40,1,0,0,1,0
1333248,4,2023,2023,5,1,7,107,22,77,34609,0,1,1,-33.864955,150.938391,24,0,2,1,1,0,0,0,2,0,9,40,0,591,591,1,22,0,2,0,1,0,0
1333249,4,2023,2023,1,0,11,24,31,11,34609,0,1,9,-34.358787,150.900681,80,0,2,0,2,0,0,0,0,0,7,60,0,1259,985,1,5,13,2,0,1,0,2
1333251,2,2023,2023,1,5,3,1104,14,223,962,0,1,3,-33.806342,150.926663,7,0,2,1,0,0,3,0,2,0,7,100,2,14295,14295,3,0,0,3,0,0,1,0
1333253,4,2023,2023,8,4,6,191,17,562,189,0,1,1,-32.2283,148.654694,22,1,0,1,0,0,0,0,2,0,7,100,2,1109,787,1,0,0,2,0,1,0,0
1333254,4,2023,2023,5,5,2,35,36,58,43,0,1,1,-28.535991,153.543669,10,2,1,0,0,0,3,4,0,0,7,60,1,3775,3775,0,0,5,2,0,1,1,0
1333256,4,2023,2023,5,3,1,2209,17,133,2205,0,1,9,-34.503027,150.788539,80,0,2,1,2,0,0,0,0,2,7,60,1,489,489,8,0,40,3,0,1,0,0
1333258,2,2023,2023,10,3,6,2209,17,58,2205,0,1,9,-34.410834,150.892545,80,0,2,1,0,0,0,0,2,2,7,60,2,1850,777,5,16,40,1,0,0,1,0
1333261,1,2023,2023,11,5,7,4,10,89,34609,0,1,6,-28.221352,153.551487,72,2,1,1,1,0,0,0,2,0,7,70,0,14295,14295,3,10,5,2,0,0,0,1
1333262,4,2023,2023,11,6,4,8,27,22,11,0,1,1,-35.138623,150.546954,63,2,1,0,0,0,0,0,2,0,7,80,1,380,714,5,16,40,1,0,1,0,0
1333264,4,2023,2023,5,1,4,26,27,56,68,0,1,10,-33.804383,151.205578,77,0,2,1,1,0,0,0,2,2,7,60,1,5929,5929,1,5,5,2,0,1,0,1
1333269,4,2023,2023,10,3,11,344,27,42,163,0,1,9,-33.74017,150.862502,7,0,2,1,2,0,0,0,0,2,7,70,2,5929,5929,1,5,5,2,0,1,0,1
1333270,1,2023,2023,6,2,8,21,27,18,26,0,1,10,-34.055772,150.81031,13,0,2,1,2,0,0,0,3,2,7,50,1,5929,5929,1,0,19,2,0,0,0,1
1333274,2,2023,2023,1,0,10,478,17,10,480,0,1,10,-33.435842,151.344697,16,2,2,1,0,0,0,0,0,0,0,60,2,2852,2852,4,33,0,2,0,0,1,0
1333275,4,2023,2023,6,3,0,387,18,26,34609,0,1,1,-31.97351,152.571612,43,2,1,1,2,0,0,0,0,0,7,50,0,4026,4026,1,10,5,2,0,1,0,0
1333276,1,2023,2023,10,6,6,102,31,107,53,0,1,9,-33.883471,151.198262,69,0,2,1,0,0,0,0,2,0,0,50,2,395,395,1,0,19,2,0,0,0,1
1333278,2,2023,2023,6,6,4,22,27,12,147,0,1,1,-28.723642,153.593593,10,2,1,1,0,0,0,0,2,0,7,80,1,323,323,1,16,5,2,0,0,2,0
1333281,4,2023,2023,10,1,7,16,10,65,22,0,1,9,-33.381704,151.35869,16,2,2,1,1,0,0,0,2,0,0,60,1,623,623,3,0,19,2,0,1,0,0
1333282,2,2023,2023,6,3,1,3,27,6,34609,0,1,1,-28.309788,153.469502,72,2,1,1,0,0,0,0,0,0,7,80,0,4026,4026,8,5,40,1,0,0,1,0
1333283,4,2023,2023,11,1,4,59,27,147,5,1,0,1,-33.869824,151.122278,14,0,2,1,1,0,0,0,2,0,7,50,1,2040,2040,9,5,28,2,0,1,0,0
1333285,2,2023,2023,11,0,5,55,36,7,43,0,1,1,-32.380571,150.408214,46,2,1,0,0,0,0,0,2,0,7,80,1,1850,1463,5,16,40,1,0,0,1,0
1333287,2,2023,2023,11,5,7,73,24,21,88,0,1,9,-33.708886,151.284059,50,0,2,1,0,0,0,0,2,0,0,70,2,2852,2852,4,10,5,2,0,0,1,0
1333288,2,2023,2023,11,5,5,49,31,83,34609,0,1,9,-29.715563,152.934988,18,2,1,1,1,0,0,0,2,0,0,50,0,6545,6545,4,0,5,2,0,0,2,0
1333293,4,2023,2023,11,1,6,191,17,7,189,0,1,1,-32.637348,151.191766,64,1,0,0,0,0,0,0,2,0,7,100,2,1957,4009,8,0,40,1,0,1,0,0
1333295,1,2023,2023,11,1,9,6,27,35,34609,0,1,10,-35.344371,149.220673,58,2,1,0,2,0,0,0,0,0,0,50,0,6545,6545,4,10,5,2,0,0,0,2
1333296,4,2023,2023,11,0,10,17,31,193,34609,0,1,9,-33.792129,151.101499,61,0,2,1,2,0,0,0,0,0,7,50,0,5929,5929,1,0,18,2,0,1,0,0
1333298,1,2023,2023,11,5,8,56,27,106,80,0,1,1,-33.883914,151.179439,69,0,2,1,1,0,0,0,2,0,7,40,2,941,941,1,19,27,2,0,0,0,1
1333299,4,2023,2023,5,3,7,72,14,174,71,0,1,3,-33.892574,151.216814,69,0,2,1,1,0,0,0,2,0,7,80,2,9859,9859,8,16,40,2,0,1,0,0
1333301,4,2023,2023,1,1,8,1,27,18,34609,0,1,9,-34.978659,150.714656,63,2,1,1,0,0,0,0,3,0,7,70,0,1850,777,5,16,40,1,0,1,0,0
1333302,2,2023,2023,5,4,3,149,27,144,198,0,1,1,-34.071885,150.998851,68,0,2,0,2,0,0,0,1,0,7,70,2,1259,5151,8,10,40,1,0,0,1,0
1333307,4,2023,2023,10,3,5,18,27,6,66,0,1,9,-31.878039,152.330592,43,1,0,1,0,0,0,0,2,0,7,90,1,9859,9859,8,16,40,1,0,1,0,0
1333308,2,2023,2023,6,5,10,4,22,9,34609,0,1,1,-33.457525,149.555841,3,2,1,0,0,0,3,4,0,0,7,60,0,4552,5151,8,16,40,1,0,0,1,0
1333309,4,2023,2023,1,0,7,2126,17,179,2149,0,1,9,-33.757919,150.716456,55,0,2,1,1,0,0,0,2,0,0,60,2,5929,5929,1,0,0,2,0,1,1,0
1333310,2,2023,2023,10,5,5,11,31,120,81,0,1,7,-32.179559,152.509447,43,2,1,1,0,0,0,0,2,0,0,50,2,14295,14295,3,0,0,2,0,0,1,0
1333312,2,2023,2023,1,0,10,118,27,646,118,0,1,10,-33.914483,151.034342,15,0,2,1,2,0,0,0,0,2,7,60,1,5929,5929,1,5,5,2,0,0,2,0
1333319,4,2023,2023,11,4,10,2,31,17,34609,0,1,1,-33.910087,151.257104,59,0,2,1,2,0,3,4,0,0,7,50,0,9859,9859,1,16,13,2,0,1,0,0
1333323,2,2023,2023,6,4,10,2209,17,144,2205,0,1,9,-34.074874,151.011239,68,0,2,1,2,0,0,0,0,2,7,70,2,5929,5929,1,0,19,2,0,0,1,0
1333326,2,2023,2023,11,0,10,79,10,43,231,0,1,1,-33.437898,151.32371,16,2,2,1,2,0,0,0,0,0,7,60,2,1220,1220,9,0,28,2,0,0,1,0
1333327,2,2023,2023,10,6,3,3371,17,29,3342,0,1,2,-31.773514,152.651628,43,1,0,1,0,0,0,0,2,0,7,110,2,4026,4026,8,0,40,1,0,0,1,0
1333328,4,2023,2023,6,4,3,105,17,223,136,0,1,9,-33.806604,150.916558,7,0,2,1,1,0,0,3,2,2,7,60,2,1669,1669,3,5,36,3,0,3,1,1
1333329,2,2023,2023,10,6,10,6,27,4,34609,0,1,1,-28.71042,153.145451,39,1,0,1,0,0,0,0,0,0,7,100,0,9859,9859,8,5,40,1,0,0,1,0
1333333,4,2023,2023,10,4,7,330,27,294,34609,0,1,1,-33.945349,150.934966,41,0,2,1,0,0,0,0,2,0,7,60,0,2040,2040,9,5,28,2,0,1,0,0
1333337,2,2023,2023,10,0,8,334,17,98,308,0,1,7,-30.98869,150.276274,51,2,1,0,0,0,0,0,2,0,0,60,2,1850,985,5,29,40,1,0,0,1,0
1333338,4,2023,2023,11,5,8,3371,17,92,3342,0,1,10,-33.396753,151.344974,16,2,2,1,0,0,0,0,2,0,0,60,2,775,775,4,0,27,2,0,1,0,0
1333339,4,2023,2023,6,3,7,3371,17,83,3342,0,1,1,-33.50235,151.192642,16,2,2,0,0,0,0,0,2,0,7,60,2,4552,5151,8,16,40,1,0,1,0,0
1333346,2,2023,2023,10,4,5,95,31,107,34609,0,1,1,-29.68199,152.937717,18,2,1,1,0,0,0,0,2,0,7,50,0,9859,9859,1,5,40,2,0,0,1,0
1333350,1,2023,2023,8,2,7,38,27,32,35,0,1,1,-34.607621,150.788233,35,2,1,0,0,0,0,0,2,0,7,80,1,2585,4009,8,16,40,1,0,0,0,1
1333351,1,2023,2023,10,6,8,109,27,44,169,0,1,9,-32.810827,151.431621,17,2,1,1,3,0,0,0,2,2,7,60,2,14295,14295,3,0,13,2,0,0,0,2
1333353,1,2023,2023,10,1,5,11,1,166,35,1,0,9,-33.891394,151.183841,69,0,2,1,3,0,0,0,2,0,7,50,1,14295,14295,3,5,5,2,0,0,0,1
1333354,1,2023,2023,5,2,8,67,27,147,78,0,1,9,-33.863183,151.133407,14,0,2,1,3,0,0,0,3,0,0,50,2,3775,3775,0,5,5,2,0,0,0,1
1333356,2,2023,2023,10,2,2,17,27,7,39,0,1,9,-31.400669,150.435393,51,1,0,0,3,0,0,0,0,0,0,100,1,1957,777,8,0,40,1,0,0,1,0
1333362,1,2023,2023,10,4,8,220,14,78,220,0,1,3,-34.473832,150.831941,80,0,2,1,3,0,0,0,2,0,7,100,1,14295,14295,3,5,5,2,0,0,0,1
1333363,2,2023,2023,5,3,7,7,10,42,27,0,1,9,-33.667208,151.231262,50,0,2,0,0,0,0,0,2,0,7,60,2,782,957,5,16,40,1,0,0,1,0
1333365,2,2023,2023,10,1,8,5,31,194,34609,0,1,10,-30.506323,151.669893,1,2,1,1,3,0,3,0,2,0,15,50,0,6545,6545,4,0,0,2,0,0,1,0
1333367,2,2023,2023,10,0,7,4,1,18,34609,0,1,1,-31.015811,152.809799,34,2,1,0,0,2,0,0,2,0,7,80,0,1850,1463,5,0,40,1,0,0,1,1
1333368,1,2023,2023,10,5,8,500,27,646,799,0,1,1,-33.934596,151.035254,15,0,2,1,3,0,0,0,2,0,7,60,2,1981,1981,4,5,5,2,0,0,0,1
1333369,2,2023,2023,10,0,0,916,17,70,917,0,1,7,-32.725441,151.543393,42,2,1,0,2,0,3,2,0,0,0,60,2,6545,6545,4,5,5,2,0,0,1,0
1333371,2,2023,2023,5,5,10,50,31,115,34609,0,1,1,-33.883479,151.192467,69,0,2,1,2,0,0,0,0,0,7,50,0,941,941,1,5,27,2,0,0,1,0
1333372,4,2023,2023,10,3,5,2,10,46,34609,0,1,9,-35.160634,147.376787,75,2,1,0,0,0,0,0,2,0,7,50,0,2585,4009,8,0,40,1,0,1,0,0
1333374,1,2023,2023,1,4,7,137,14,24,70,0,1,2,-32.87889,151.574937,37,0,2,1,0,0,0,0,2,0,7,110,2,101,101,8,0,40,4,0,0,0,1
1333375,2,2023,2023,11,6,10,1,1,55,34609,0,1,1,-35.374926,149.200699,58,2,1,1,2,0,0,0,0,0,7,50,0,214,214,9,5,28,2,0,0,1,0
1333377,1,2023,2023,10,4,7,37,31,273,87,0,1,9,-34.415594,150.899609,80,0,2,1,3,0,0,0,2,0,15,60,2,14295,14295,3,5,0,2,0,0,0,1
1333378,1,2023,2023,10,3,9,2209,17,106,2205,0,1,9,-33.887664,151.19307,69,0,2,1,3,0,0,0,3,2,7,50,2,14295,14295,3,5,12,2,0,0,0,1
1333381,4,2023,2023,11,1,7,5,23,42,34609,0,1,1,-34.008369,151.201853,68,0,2,1,0,0,0,0,2,0,7,50,0,214,214,9,17,28,2,0,1,0,0
1333383,4,2023,2023,5,2,9,21,27,147,34609,0,1,10,-33.884518,151.000355,15,0,2,1,2,0,0,0,0,0,9,50,0,2040,2040,9,5,28,2,0,1,0,0
1333388,1,2023,2023,1,0,7,10,27,32,34609,0,1,1,-33.745061,150.828126,7,0,2,1,3,0,0,0,2,0,7,50,0,14295,14295,3,5,5,2,0,0,0,1
1333390,2,2023,2023,1,0,9,26,27,92,25,0,1,1,-33.973415,150.828007,41,0,2,0,2,0,0,0,0,0,7,70,1,3775,3775,0,5,25,2,0,0,1,2
1333391,4,2023,2023,5,0,8,118,17,10,118,0,1,1,-29.984327,146.565315,51,1,0,1,0,0,0,0,3,0,7,110,2,14295,14295,3,10,19,2,0,1,1,0
1333392,1,2023,2023,10,1,6,1,25,13,34609,0,1,9,-33.867454,151.250032,81,0,2,1,1,0,0,0,2,0,0,50,0,121,121,9,9,28,2,0,0,0,1
1333395,2,2023,2023,10,4,7,3,10,26,34609,0,1,1,-33.06606,151.568683,37,0,2,0,1,0,0,0,2,0,7,80,0,3775,3775,0,5,13,2,0,0,3,0
1333397,2,2023,2023,6,1,5,3,27,9,34609,0,1,1,-33.329835,148.980945,11,1,0,0,0,0,0,0,2,0,7,100,0,4552,5151,8,5,40,1,0,0,1,0
1333398,2,2023,2023,10,2,2,222,27,54,40,0,1,1,-33.626524,150.894491,29,2,2,1,0,0,0,0,0,0,7,80,1,9859,9859,8,9,40,1,0,0,1,0
1333401,1,2023,2023,10,5,4,5,31,58,34609,0,1,9,-34.412317,150.887019,80,0,2,1,3,0,3,4,2,0,15,50,0,14295,14295,3,5,5,2,0,0,0,1
1333403,2,2023,2023,10,3,8,42,31,106,34609,0,1,10,-28.86381,153.040939,60,2,1,1,2,0,0,0,2,0,0,50,0,6545,6545,4,5,0,2,0,0,2,1
1333404,2,2023,2023,11,5,11,11,36,232,34609,0,1,10,-33.69218,150.926819,71,0,2,1,2,0,3,4,0,2,7,50,0,5929,5929,1,16,5,2,0,0,1,1
1333405,1,2023,2023,5,0,8,48,31,121,102,0,1,9,-33.799224,151.284376,50,0,2,1,1,0,3,0,2,2,7,30,2,1220,1220,9,16,28,2,0,0,0,1
1333407,1,2023,2023,10,3,6,97,27,166,799,0,1,9,-33.929543,150.989215,15,0,2,1,3,0,0,0,2,2,7,70,2,1383,1383,1,0,0,3,0,0,0,3
1333410,1,2023,2023,11,3,7,153,27,188,147,1,0,9,-33.949918,151.100396,25,0,2,1,3,0,0,0,2,0,7,60,2,14295,14295,3,5,5,2,0,0,0,1
1333411,4,2023,2023,11,5,6,866,31,204,34609,0,1,10,-33.900264,150.940877,24,0,2,1,0,0,0,0,2,0,15,50,0,6545,6545,4,10,5,2,0,2,1,0
1333413,2,2023,2023,11,6,3,11,27,115,34609,0,1,9,-33.740809,151.209067,50,0,2,0,1,0,0,0,2,0,0,50,0,775,775,4,5,27,2,0,0,1,0
1333415,4,2023,2023,6,1,5,485,27,187,769,0,1,1,-33.787745,150.995044,54,0,2,1,1,0,0,0,2,0,7,60,2,1282,1282,1,5,40,1,0,1,0,0
1333416,2,2023,2023,10,0,10,37,23,443,78,0,1,1,-33.906969,151.05901,15,0,2,1,3,0,0,0,0,0,7,60,2,1383,1383,1,5,0,2,0,0,1,1
1333418,1,2023,2023,5,2,2,31,10,12,34609,0,1,1,-35.914616,145.696263,51,2,1,1,2,0,0,0,0,0,7,50,0,1945,1945,5,15,40,1,0,0,0,1
1333419,1,2023,2023,11,6,6,14,27,7,34609,0,1,1,-35.408546,150.356605,63,2,1,1,3,0,0,0,2,0,7,80,0,77,77,1,0,0,2,0,0,0,2
1333421,4,2023,2023,5,3,6,2261,17,23,2252,0,1,9,-34.646653,150.119636,78,1,0,1,1,0,0,0,2,0,0,110,2,6545,6545,4,10,5,2,0,1,1,0
1333422,4,2023,2023,10,5,9,3371,17,173,3342,0,1,2,-33.716238,151.108613,31,0,2,0,0,0,0,0,2,0,7,60,2,1220,1220,9,10,28,2,0,1,0,0