Crash ID,Degree of crash - detailed,Reporting year,Year of crash,Month of crash,Day of week of crash,Two-hour intervals,Street of crash,Street type,Town,Route no.,School zone location,School zone active,Type of location,Latitude,Longitude,LGA,Urbanisation,Conurbation 1,Alignment,Street lighting,Road surface,Surface condition,Weather,Natural lighting,Signals operation,Other traffic control,Speed limit,Road classification,RUM - code,DCA - code,First impact type,Key TU type,Other TU type,No. of traffic units involved,No. killed,No. seriously injured,No. moderately injured,No. minor-other injured
1333426,2,2023,2023,6,0,8,82,27,84,181,0,1,9,-33.894497,151.26745,76,0,2,1,2,0,0,0,2,0,7,50,2,4026,4026,1,22,0,2,0,0,1,0
1333431,2,2023,2023,5,4,7,10,27,18,34609,0,1,9,-34.057622,151.139405,68,0,2,1,0,0,0,0,2,0,0,50,0,2852,2852,4,5,0,3,0,0,1,0
1333437,2,2023,2023,11,0,4,157,17,6,158,0,1,1,-33.908628,148.451549,51,1,0,0,0,0,0,0,2,0,7,100,2,3775,3775,0,29,0,2,0,0,1,0
1333438,2,2023,2023,0,4,7,3371,17,58,3342,0,1,2,-28.550631,153.536595,10,1,0,1,1,0,0,0,2,0,7,110,2,14295,14295,3,29,0,2,0,0,2,0
1333439,2,2023,2023,5,1,7,101,10,239,35,0,1,2,-34.032256,151.121848,68,0,2,1,1,0,0,0,2,0,7,60,2,1383,1383,1,16,5,2,0,0,1,1
1333440,2,2023,2023,11,5,9,23,1,179,70,0,1,9,-31.905094,152.475809,43,2,1,0,2,0,0,0,0,0,7,60,1,6545,6545,4,22,18,2,0,0,2,0
1333441,1,2023,2023,5,0,8,134,10,157,133,0,1,2,-33.79301,151.010824,54,0,2,0,3,0,0,0,2,0,7,90,2,14295,14295,3,9,0,2,0,0,0,1
1333442,4,2023,2023,5,2,5,59,31,73,46,0,1,9,-34.179575,150.613777,79,2,2,1,1,0,0,0,2,0,15,50,2,323,323,1,16,5,2,0,1,0,0
1333444,4,2023,2023,11,5,3,77,10,40,331,0,1,7,-34.222262,150.593661,79,2,2,1,1,0,0,0,1,0,0,50,1,6545,6545,4,34,0,3,0,1,0,0
1333446,4,2023,2023,11,6,3,2126,17,438,2149,0,1,10,-33.837919,151.026996,21,0,2,1,0,0,0,0,2,2,7,60,2,5929,5929,1,33,19,2,0,1,0,0
1333447,2,2023,2023,10,0,2,195,27,53,186,0,1,10,-33.924564,150.848335,41,0,2,1,3,0,0,0,1,2,7,70,2,14295,14295,3,0,0,2,0,0,1,0
1333448,2,2023,2023,1,4,0,21,27,26,10,0,1,1,-32.775725,151.355734,17,2,1,0,0,0,3,4,0,0,7,80,1,2585,4009,8,5,40,1,0,0,1,0
1333451,1,2023,2023,10,1,2,44,27,202,563,0,1,2,-33.946451,151.03597,15,0,2,1,2,0,0,0,0,0,7,70,2,3775,3775,0,22,40,2,0,0,0,1
1333454,2,2023,2023,11,5,5,3,31,207,34609,0,1,10,-31.952134,141.473185,51,2,1,1,0,0,0,0,2,0,0,60,0,6545,6545,4,0,13,2,0,0,1,0
1333455,2,2023,2023,11,2,3,346,17,103,332,0,1,2,-28.818317,153.333422,39,2,1,0,0,0,0,0,2,0,7,60,2,2585,4009,8,16,40,1,0,0,1,0
1333456,2,2023,2023,5,2,4,1,27,7,34609,0,1,1,-35.393556,150.278251,63,1,0,0,0,2,3,0,2,0,7,100,0,1850,1463,5,16,40,1,0,0,1,0
1333462,2,2023,2023,11,0,6,829,27,124,770,0,1,9,-33.813429,151.049201,54,0,2,1,3,0,0,0,2,0,6,70,2,623,623,3,10,36,2,0,0,1,0
1333465,4,2023,2023,5,1,8,2126,17,149,2149,0,1,10,-33.818035,150.981769,21,0,2,1,2,0,0,0,3,2,7,60,2,5929,5929,1,5,22,4,0,1,0,0
1333468,1,2023,2023,10,6,4,101,10,49,121,0,1,2,-34.039194,151.139072,68,0,2,1,3,0,0,0,2,0,7,70,1,14295,14295,3,5,5,2,0,0,0,1
1333469,1,2023,2023,10,4,9,220,27,86,222,0,1,2,-33.757998,150.954998,7,0,2,1,2,0,0,0,3,0,7,80,2,14295,14295,3,5,0,3,0,0,0,2
1333472,4,2023,2023,10,4,4,27,27,15,62,0,1,9,-30.233307,153.0233,19,2,1,0,0,0,0,0,2,0,7,80,1,3775,3775,0,5,13,2,0,1,0,1
1333474,2,2023,2023,11,2,7,4,27,16,34609,0,1,1,-36.440402,150.037472,5,1,0,0,0,2,0,0,2,0,7,100,0,3775,3775,0,10,0,2,0,0,1,0
1333476,1,2023,2023,10,0,8,21,1,8,14,0,1,1,-34.504393,150.332129,78,2,1,1,3,0,0,0,4,0,7,50,1,9859,9859,1,33,22,2,0,0,0,1
1333477,1,2023,2023,11,0,7,475,31,532,34609,0,1,10,-33.866346,151.210736,69,0,2,1,1,0,0,0,2,2,7,40,0,5929,5929,1,5,27,2,0,0,0,1
1333478,1,2023,2023,10,5,4,2126,17,283,2149,0,1,10,-33.827598,151.004833,54,0,2,1,3,0,3,4,2,2,7,60,2,1192,1192,1,5,0,2,0,0,0,1
1333480,4,2023,2023,10,3,6,10,31,84,16,0,1,10,-31.094783,150.924017,70,2,1,1,1,0,0,0,2,0,0,60,1,5929,5929,1,5,13,2,0,1,2,0
1333485,4,2023,2023,5,6,9,168,10,387,260,0,1,9,-33.9382,151.192828,4,0,2,1,2,0,0,0,3,2,7,70,2,14295,14295,3,9,0,2,0,1,0,0
1333486,1,2023,2023,10,1,5,103,27,94,563,0,1,10,-33.834,151.048216,54,0,2,1,3,0,0,0,2,2,7,70,2,14295,14295,3,0,5,2,0,0,0,1
1333487,4,2023,2023,11,4,8,68,31,363,34609,0,1,10,-33.816485,151.001157,54,0,2,1,1,0,0,0,2,2,9,50,0,340,340,9,33,28,2,0,1,0,0
1333490,2,2023,2023,10,1,7,8,27,9,34609,0,1,1,-34.426899,148.296692,30,1,0,0,1,0,2,6,2,0,7,100,0,1957,4009,8,0,40,1,0,0,1,0
1333491,1,2023,2023,10,3,5,65,31,609,115,0,1,1,-33.77433,150.902312,7,0,2,1,3,0,0,0,2,0,7,60,2,14295,14295,3,5,5,2,0,0,0,1
1333494,4,2023,2023,1,0,6,1052,14,91,928,0,1,6,-32.813514,151.636325,48,0,2,0,1,0,0,0,2,0,7,60,2,2585,4009,8,16,40,1,0,1,0,0
1333495,4,2023,2023,10,1,8,3371,17,225,3342,0,1,9,-33.793435,151.179746,77,0,2,1,0,0,0,0,2,2,7,60,2,5929,5929,1,0,5,2,0,1,0,0
1333496,2,2023,2023,10,6,10,4,27,13,34609,0,1,1,-33.870174,151.251071,81,0,2,1,2,0,0,0,0,0,7,50,0,9859,9859,1,5,25,2,0,0,1,0
1333499,2,2023,2023,1,5,5,1104,14,223,962,0,1,3,-33.802541,150.890599,7,0,2,1,1,0,0,0,2,0,7,100,2,4026,4026,8,0,40,1,0,0,1,0
1333500,4,2023,2023,1,4,2,2126,17,147,2149,1,0,9,-33.871213,151.121891,14,0,2,1,2,0,0,0,0,2,7,60,2,1282,1282,1,21,5,2,0,2,0,0
1333503,2,2023,2023,10,4,3,225,17,85,180,0,1,1,-34.569996,150.774622,62,0,2,1,3,0,0,0,1,0,7,60,2,14295,14295,3,0,13,4,0,0,1,0
1333504,2,2023,2023,10,5,9,42,31,438,34609,0,1,10,-33.85375,151.028515,21,0,2,1,2,0,0,0,0,0,0,50,0,6545,6545,4,9,5,2,0,0,1,0
1333507,1,2023,2023,10,4,9,866,31,182,34609,0,1,10,-32.837596,151.356873,17,2,1,1,1,0,0,0,2,0,15,50,0,6545,6545,4,0,13,2,0,0,0,2
1333509,2,2023,2023,6,5,6,225,27,304,140,0,1,9,-33.917266,151.14864,32,0,2,1,1,0,0,0,2,0,15,50,1,14295,14295,3,16,5,2,0,0,1,0
1333511,2,2023,2023,1,2,5,2209,17,61,2205,0,1,1,-35.870558,150.112072,23,1,0,1,0,0,0,0,2,0,7,100,2,404,404,8,16,40,1,0,0,1,0
1333512,4,2023,2023,6,5,8,475,31,80,75,0,1,9,-33.881665,151.208646,69,0,2,1,2,0,0,0,0,2,7,40,1,2040,2040,9,5,28,2,0,1,1,0
1333513,4,2023,2023,5,6,3,47,27,293,69,0,1,10,-33.940974,151.234718,59,0,2,1,0,0,0,0,0,0,0,50,1,1220,1220,9,10,28,2,0,1,0,0
1333517,2,2023,2023,1,2,6,22,31,194,34609,0,1,1,-30.505358,151.681617,1,2,1,1,3,0,0,0,2,0,7,50,0,9859,9859,8,5,40,1,0,0,1,0
1333518,2,2023,2023,1,4,3,9,31,53,34609,0,1,1,-31.864166,152.372244,43,2,1,1,1,0,0,0,2,0,7,50,0,5929,5929,1,0,19,2,0,0,1,0
1333520,2,2023,2023,5,6,4,49,27,91,47,0,1,7,-33.994676,150.875826,13,0,2,1,0,0,0,0,2,0,0,60,1,1192,1192,1,10,13,3,0,0,1,0
1333527,1,2023,2023,6,5,8,93,1,460,34609,0,1,9,-33.836381,150.989226,21,0,2,1,2,0,0,0,3,2,7,40,0,14295,14295,3,8,5,2,0,0,0,1
1333528,1,2023,2023,10,1,9,147,27,224,605,0,1,2,-33.825512,151.233266,45,0,2,1,3,0,0,0,3,0,7,60,2,14295,14295,3,5,5,2,0,0,0,1
1333530,2,2023,2023,11,3,11,2,1,89,34609,0,1,1,-33.374689,151.481829,16,2,2,0,2,0,0,0,0,0,7,50,0,4552,5151,1,10,25,2,0,0,1,0
1333531,2,2023,2023,10,0,4,481,17,77,483,0,1,9,-30.325169,149.782077,51,2,1,1,3,0,0,0,2,0,7,50,2,775,775,4,5,13,2,0,0,1,0
1333534,2,2023,2023,10,3,8,1052,14,87,928,0,1,3,-33.064,151.478534,37,0,2,0,1,0,0,0,2,0,7,110,2,237,162,8,0,40,1,0,0,1,0
1333536,2,2023,2023,10,1,10,10,27,3,12,0,1,1,-31.097901,147.486276,51,1,0,1,0,2,0,0,0,0,7,100,1,1089,1089,7,21,40,1,0,0,1,0
1333537,2,2023,2023,5,4,10,2126,17,73,2149,0,1,10,-33.888185,151.164892,32,0,2,1,2,0,0,0,0,2,7,60,2,1220,1220,9,5,28,2,0,0,1,0
1333540,4,2023,2023,11,2,11,51,27,169,34609,0,1,1,-33.780537,150.849199,7,0,2,1,3,0,0,0,0,0,7,50,0,9859,9859,1,0,5,2,0,1,0,0
1333543,2,2023,2023,10,3,5,44,31,160,260,0,1,7,-33.112745,151.478192,37,0,2,1,3,0,0,0,2,0,0,60,2,83,83,1,22,5,2,0,0,1,0
1333544,4,2023,2023,11,3,5,103,27,5,98,0,1,1,-32.895915,150.761985,64,1,0,1,0,0,0,0,2,0,7,100,2,14295,14295,3,16,19,2,0,1,0,1
1333549,2,2023,2023,8,1,8,3371,17,54,3342,0,1,9,-33.233451,151.502288,16,2,2,1,2,0,0,0,3,0,7,60,2,9859,9859,8,9,40,1,0,0,1,0
1333550,1,2023,2023,1,4,3,43,2,40,42,0,1,2,-33.732475,150.971872,71,0,2,1,1,0,3,3,2,0,7,70,2,4026,4026,8,5,40,3,0,0,0,1
1333555,2,2023,2023,5,4,5,20,27,11,45,0,1,1,-34.368931,148.586129,30,1,0,1,0,0,0,3,2,0,7,100,1,4026,4026,8,10,40,1,0,0,1,0
1333559,2,2023,2023,10,1,2,2,31,165,34609,0,1,7,-32.261154,150.901849,46,2,1,1,3,0,0,0,1,0,0,50,0,6545,6545,4,5,5,2,0,0,1,0
1333567,1,2023,2023,11,1,0,44,27,67,34609,0,1,1,-33.662275,150.909785,71,0,2,1,2,0,0,0,0,0,7,60,0,9859,9859,8,0,40,1,0,0,0,1
1333568,2,2023,2023,11,2,8,95,27,14,605,0,1,1,-33.644851,151.322963,50,0,2,0,0,0,0,0,3,0,7,60,2,3775,3775,0,16,5,2,0,0,1,0
1333569,2,2023,2023,11,1,9,3,27,26,34609,0,1,9,-33.395834,145.671551,51,1,0,0,0,0,0,0,0,0,7,100,0,273,957,5,0,40,1,0,0,1,0
1333571,2,2023,2023,1,4,4,28,3,23,117,0,1,2,-32.991891,151.688638,37,0,2,0,0,0,0,0,2,0,7,90,2,1383,1383,1,5,19,2,0,0,1,0
1333572,2,2023,2023,11,4,5,6,31,29,34609,0,1,10,-30.708893,150.044634,51,2,1,1,1,0,0,0,2,0,0,50,0,5929,5929,1,16,0,2,0,0,1,0
1333573,2,2023,2023,11,3,4,866,17,174,793,0,1,10,-33.873784,150.925875,24,0,2,1,1,0,0,0,2,2,7,70,2,6545,6545,4,5,13,2,0,0,2,0
1333576,2,2023,2023,6,6,3,30,24,167,34609,0,1,9,-33.843686,151.076074,54,0,2,0,0,0,0,0,1,0,0,60,0,3775,3775,0,5,5,2,0,0,2,0
1333578,2,2023,2023,10,5,5,3371,17,10,3342,0,1,2,-30.343079,153.070822,19,1,0,1,0,0,0,0,2,0,7,100,2,9859,9859,8,5,40,1,0,0,1,0
1333579,4,2023,2023,1,5,11,54,27,20,563,0,1,9,-34.032848,151.005121,68,0,2,1,2,0,0,0,0,2,7,80,2,2852,2852,4,10,19,2,0,1,0,0
1333585,2,2023,2023,10,5,9,2209,17,176,2205,0,1,9,-33.955859,151.137657,4,0,2,1,2,0,0,0,2,0,7,60,2,14295,14295,3,0,0,2,0,0,2,0
1333586,2,2023,2023,1,2,11,178,27,189,101,0,1,9,-33.942322,151.054122,15,0,2,1,2,0,0,0,0,2,7,50,1,5929,5929,1,0,0,2,0,0,1,0
1333590,4,2023,2023,11,2,10,5,27,127,34609,0,1,1,-33.829191,150.852327,24,0,2,1,0,0,0,0,0,0,7,60,0,489,489,8,0,40,1,0,1,0,0
1333592,4,2023,2023,1,0,7,6,31,207,34609,0,1,2,-31.958952,141.46446,51,2,1,1,1,0,0,0,2,0,7,40,0,4026,4026,8,0,40,1,0,2,0,0
1333595,1,2023,2023,10,6,9,1,27,11,34609,0,1,1,-34.112213,141.877875,51,1,0,0,0,2,3,0,3,0,7,100,0,368,368,9,23,28,2,0,0,0,1
1333597,2,2023,2023,11,0,7,39,31,273,34609,0,1,1,-34.424204,150.881377,80,0,2,1,1,0,0,0,2,0,7,50,0,1981,1981,4,5,18,2,0,0,1,0
1333600,4,2023,2023,11,4,4,866,17,174,793,0,1,2,-33.872671,150.925774,24,0,2,0,3,0,0,0,2,0,7,70,2,14295,14295,3,0,0,2,0,1,0,0
1333603,2,2023,2023,10,1,4,74,27,609,163,0,1,10,-33.778869,150.914218,7,0,2,1,3,0,3,0,2,2,7,60,2,5929,5929,1,5,5,2,0,0,1,0
1333604,4,2023,2023,10,5,6,12,27,15,34609,0,1,1,-29.4913,153.237736,18,2,1,1,1,0,0,6,2,0,7,80,0,83,83,5,16,40,1,0,1,0,0
1333606,2,2023,2023,11,0,6,10,1,90,34609,0,1,10,-33.88367,151.24054,81,0,2,1,3,0,0,0,2,0,15,50,0,301,301,4,10,0,2,0,0,1,0
1333607,4,2023,2023,11,0,7,308,14,323,311,0,1,6,-33.792161,150.855931,7,0,2,1,1,0,0,0,2,0,7,100,2,9859,9859,8,5,40,1,0,1,0,0
1333608,1,2023,2023,10,6,4,4,31,136,34609,0,1,10,-33.920046,151.07715,15,0,2,1,0,0,0,0,2,2,7,50,0,2040,2040,9,0,28,2,0,0,0,1
1333610,2,2023,2023,1,2,11,171,31,66,34609,0,1,1,-34.482387,150.902971,80,0,2,1,2,0,0,0,0,0,7,40,0,9859,9859,8,17,40,1,0,0,1,0
1333613,2,2023,2023,1,1,9,98,31,100,159,0,1,2,-33.960439,151.155104,4,0,2,1,2,0,0,0,0,3,9,40,2,4026,4026,8,5,40,1,0,0,1,0
1333614,4,2023,2023,10,0,10,222,27,562,34609,0,1,10,-32.268718,148.614857,22,2,1,1,2,0,0,0,0,0,15,50,0,5929,5929,1,10,19,2,0,1,0,0
1333616,4,2023,2023,8,1,4,97,27,251,34609,0,1,1,-33.776169,150.93191,7,0,2,1,1,0,0,0,2,0,7,50,0,5929,5929,1,30,5,2,0,1,0,1
1333617,4,2023,2023,5,4,9,16,31,161,34609,0,1,1,-33.728251,151.174616,36,0,2,1,2,0,0,0,0,0,7,50,0,4026,4026,1,0,0,2,0,2,0,1
1333621,2,2023,2023,10,5,11,3371,17,40,3342,0,1,2,-31.494684,152.806433,56,1,0,1,0,0,0,0,0,0,7,110,2,14295,14295,3,29,5,2,0,0,1,0
1333627,4,2023,2023,3,3,6,1,31,609,34609,0,1,1,-33.785452,150.902509,7,0,2,1,0,0,0,0,2,0,7,50,0,9859,9859,1,0,5,2,0,1,0,0
1333631,4,2023,2023,6,6,4,387,27,290,331,0,1,10,-33.948206,151.127863,4,0,2,1,1,0,0,0,2,2,7,60,2,1220,1220,9,10,28,2,0,1,0,0
1333633,2,2023,2023,11,0,3,4,31,98,34609,0,1,9,-33.012018,151.583047,37,0,2,1,1,0,0,0,1,0,7,50,0,1945,1945,5,16,40,1,0,0,1,0
1333635,4,2023,2023,6,5,3,2261,17,92,2252,0,1,3,-34.001072,150.840808,13,0,2,1,0,0,0,0,2,0,7,110,2,14295,14295,3,16,5,2,0,1,0,0
1333636,4,2023,2023,6,0,3,916,17,11,917,0,1,1,-32.478579,151.091186,64,1,0,0,0,0,3,4,2,0,7,100,2,380,714,5,9,40,1,0,1,1,0
1333642,2,2023,2023,11,6,4,10,31,4,39,0,1,1,-32.011546,151.004589,73,2,1,0,0,0,0,0,2,0,7,60,1,3775,3775,0,8,10,2,0,0,1,1
1333647,2,2023,2023,10,0,7,20,27,243,6,0,1,2,-33.953782,150.882723,41,0,2,1,0,0,0,3,2,0,7,60,2,9859,9859,8,5,40,1,0,0,1,0
1333648,2,2023,2023,11,3,5,149,10,346,702,0,1,2,-33.881462,151.069151,67,0,2,1,1,0,0,0,2,0,7,70,2,1383,1383,1,5,35,3,0,0,1,0
1333652,1,2023,2023,6,0,8,30,24,167,34609,0,1,11,-33.829999,151.072021,54,0,2,1,3,0,0,0,4,0,0,50,0,2852,2852,4,5,5,3,0,0,0,1
1333653,1,2023,2023,10,2,10,2261,17,443,2252,0,1,9,-33.897012,151.049886,15,0,2,1,3,0,0,0,0,2,7,70,2,14295,14295,3,5,5,2,0,0,0,1
1333657,2,2023,2023,10,3,4,56,27,443,44,0,1,1,-33.905961,151.057407,15,0,2,1,3,0,0,0,2,0,9,40,1,14295,14295,3,5,0,2,0,0,1,0
1333659,2,2023,2023,11,0,7,916,17,22,917,0,1,9,-32.772953,151.607521,42,2,1,0,1,0,0,0,2,2,7,80,2,14295,14295,3,5,0,3,0,0,1,1
1333662,4,2023,2023,1,3,5,2,27,23,34609,0,1,1,-33.650982,150.704249,55,0,2,0,0,2,0,3,2,0,7,60,0,3775,3775,0,16,13,2,0,1,0,0
1333664,2,2023,2023,1,5,4,8,31,172,34609,0,1,1,-32.744103,151.600248,42,2,1,1,0,0,0,0,2,0,7,50,0,1981,1981,4,0,27,2,0,0,1,0
1333665,2,2023,2023,10,6,8,2209,17,11,2205,0,1,1,-36.20715,150.12344,23,2,1,0,0,0,0,3,2,0,7,50,2,3775,3775,0,5,13,2,0,0,1,0
1333667,4,2023,2023,10,6,6,68,31,438,34609,0,1,9,-33.840872,151.030747,21,0,2,1,1,0,0,0,2,0,7,50,0,6545,6545,4,21,13,2,0,1,0,0
1333668,2,2023,2023,10,5,7,2261,17,204,2252,0,1,1,-33.887996,151.135368,32,0,2,1,0,0,0,0,2,0,7,60,2,1220,1220,9,5,28,3,0,0,1,0
1333669,1,2023,2023,11,2,6,195,27,40,186,0,1,2,-33.948475,150.838461,41,0,2,1,1,0,0,0,2,0,7,70,2,14295,14295,3,5,0,2,0,0,0,1
1333670,4,2023,2023,5,6,9,30,31,252,9,0,1,10,-33.883841,151.216051,69,0,2,1,2,0,0,0,0,2,7,40,1,5929,5929,1,0,18,2,0,1,0,0
1333673,2,2023,2023,5,0,5,1104,11,130,770,0,1,2,-33.872902,151.19427,69,0,2,1,1,0,0,0,2,0,7,60,2,9859,9859,8,5,40,1,0,0,1,0
1333677,2,2023,2023,1,3,8,280,10,237,240,0,1,9,-33.865041,150.955039,24,0,2,1,2,0,0,0,3,0,0,60,2,1220,1220,9,5,28,2,0,0,1,0
1333681,4,2023,2023,10,3,5,1,7,316,34609,0,1,1,-31.423294,152.891,56,2,1,1,1,0,0,0,2,0,7,50,0,238,238,9,0,28,2,0,1,0,0
1333683,4,2023,2023,10,6,3,113,27,104,111,0,1,1,-33.80914,150.773448,55,0,2,1,0,0,0,0,2,0,7,80,2,14295,14295,3,16,5,2,0,1,0,0
1333684,1,2023,2023,10,5,8,56,27,443,44,1,0,7,-33.893019,151.059661,15,0,2,1,3,0,0,0,2,0,0,60,1,1981,1981,4,0,18,2,0,0,0,1
1333688,2,2023,2023,10,0,6,97,31,460,92,0,1,9,-33.830226,150.993227,21,0,2,1,0,0,0,3,2,0,7,60,1,5929,5929,1,5,0,2,0,0,2,0
1333691,2,2023,2023,1,3,3,1,1,609,34609,0,1,1,-33.783125,150.908221,7,0,2,1,0,0,0,1,2,0,7,50,0,4026,4026,8,5,40,1,0,0,1,0
1333692,2,2023,2023,10,5,4,3371,17,49,3342,0,1,10,-33.19902,151.522966,16,2,2,1,3,0,0,0,2,0,7,80,2,623,623,3,10,12,2,0,0,1,0
1333694,2,2023,2023,10,6,5,77,27,87,100,0,1,7,-34.484576,150.415838,78,2,1,1,1,0,0,0,2,0,0,50,2,6545,6545,4,0,0,2,0,0,1,0
1333701,4,2023,2023,11,4,7,330,23,293,112,1,0,9,-33.936958,151.238474,59,0,2,1,1,0,0,0,2,0,15,50,2,4026,4026,8,5,40,1,0,2,0,0
1333702,2,2023,2023,10,4,5,46,27,11,43,0,1,9,-35.702082,146.726384,27,1,0,1,3,0,0,0,2,0,0,100,1,2852,2852,4,0,5,2,0,0,1,0
1333705,2,2023,2023,10,4,4,127,27,48,103,0,1,1,-32.914766,151.748042,48,0,2,1,1,0,0,0,2,0,7,60,1,340,340,9,5,26,2,0,0,1,0
1333709,2,2023,2023,10,4,7,76,31,201,34609,1,2,10,-34.871994,150.598659,63,2,1,1,3,0,0,0,2,0,15,40,0,6545,6545,4,5,5,2,0,0,1,0
1333713,4,2023,2023,5,4,7,2126,17,136,2149,0,1,2,-33.856265,151.064207,67,0,2,1,0,0,0,0,2,0,7,60,2,1981,1981,4,0,27,2,0,1,0,0
1333714,4,2023,2023,10,6,7,1,1,3,34609,0,1,1,-33.032368,149.416849,3,2,1,1,0,0,0,0,2,0,7,40,0,186,186,9,0,28,2,0,1,0,0
1333715,4,2023,2023,5,5,9,150,27,173,415,0,1,9,-33.781049,151.132806,61,0,2,1,3,0,0,0,0,2,7,70,2,926,926,4,9,5,2,0,1,0,0
1333716,4,2023,2023,11,0,7,283,27,88,702,0,1,10,-33.983402,151.10913,25,0,2,1,0,0,0,0,2,2,7,70,2,5929,5929,1,0,0,2,0,1,0,0
1333717,2,2023,2023,11,5,8,2261,17,70,2252,0,1,2,-34.690426,150.038498,26,1,0,0,1,0,3,4,2,0,7,110,2,1259,5151,8,5,40,1,0,0,1,0
1333724,2,2023,2023,11,6,9,20,10,55,91,0,1,7,-35.377351,149.189088,58,2,1,1,2,0,0,0,0,0,0,80,2,5929,5929,1,0,5,3,0,0,1,0
1333728,1,2023,2023,10,5,4,478,17,128,480,0,1,10,-33.427301,151.317671,16,2,2,1,3,0,0,0,2,2,7,70,2,14295,14295,3,34,5,2,0,0,0,1
1333732,2,2023,2023,5,0,2,48,27,20,62,0,1,1,-35.532329,148.141344,66,1,0,0,3,0,1,0,0,0,7,100,2,4552,5151,8,9,40,1,0,0,1,0
1333734,2,2023,2023,10,4,5,1104,11,532,770,0,1,2,-33.874282,151.201395,69,0,2,1,3,0,0,0,2,0,7,60,2,14295,14295,3,0,5,2,0,0,1,0
1333738,2,2023,2023,11,1,9,866,17,523,793,0,1,9,-33.907865,150.918525,41,0,2,1,2,0,0,0,0,2,7,70,2,14295,14295,3,16,5,2,0,0,1,0
1333739,4,2023,2023,1,3,5,178,27,13,48,0,1,1,-32.728358,151.557516,42,2,1,1,1,0,0,0,2,0,7,50,1,14295,14295,3,5,0,3,0,1,2,0
1333740,4,2023,2023,10,2,7,43,2,104,42,0,1,10,-33.742885,150.944005,7,0,2,1,1,0,0,0,2,2,7,70,2,6545,6545,4,0,13,2,0,2,0,0
1333741,1,2023,2023,10,5,8,133,31,139,51,0,1,9,-33.884457,151.142079,32,0,2,1,3,0,3,4,2,2,7,50,1,2852,2852,4,5,5,2,0,0,0,1
1333746,1,2023,2023,10,2,8,13,27,193,34609,0,1,1,-33.783957,151.074273,54,0,2,1,3,0,0,0,2,0,7,50,0,1981,1981,4,0,0,2,0,0,0,1
1333748,1,2023,2023,10,6,3,25,31,445,34609,0,1,1,-33.865055,151.042242,21,0,2,1,3,0,0,0,2,0,7,50,0,14295,14295,3,10,0,2,0,0,0,1
1333754,2,2023,2023,10,2,6,126,27,39,168,0,1,2,-34.041433,150.748388,12,0,2,1,3,0,0,0,2,0,7,80,2,14295,14295,3,10,5,3,0,0,2,0
1333755,4,2023,2023,11,1,5,2209,17,273,2205,0,1,1,-34.425641,150.889739,80,0,2,1,1,0,0,0,2,0,7,50,2,9859,9859,8,0,40,1,0,1,0,0
1333756,4,2023,2023,1,4,6,9,31,140,34609,0,1,1,-33.897819,151.002708,15,0,2,1,1,0,0,0,2,0,7,50,0,14295,14295,3,5,0,2,0,1,0,0
1333758,1,2023,2023,10,1,8,334,31,35,34609,0,1,1,-33.820335,151.199086,77,0,2,1,3,0,0,0,2,0,7,50,0,3775,3775,0,5,5,2,0,0,0,1
1333759,1,2023,2023,10,5,7,44,31,198,34609,0,1,9,-33.918456,151.098654,15,0,2,1,0,0,0,3,2,0,7,50,0,941,941,1,5,5,2,0,0,0,1
1333760,4,2023,2023,8,5,5,33,10,69,34609,0,1,9,-28.537167,153.506734,10,1,0,0,3,0,0,0,2,0,7,100,0,5929,5929,1,0,5,2,0,1,0,0
1333761,2,2023,2023,11,6,7,73,24,40,88,0,1,10,-33.782681,151.238148,50,0,2,1,3,0,0,0,2,2,7,60,2,14295,14295,3,10,12,2,0,0,1,0
1333764,4,2023,2023,10,3,6,2,31,41,34609,0,1,1,-30.356607,153.080678,19,2,1,1,1,0,0,0,2,0,7,50,0,9859,9859,8,5,40,1,0,1,0,0
1333772,2,2023,2023,5,3,11,125,27,22,144,0,1,1,-32.856209,151.806241,57,1,0,1,2,0,0,0,0,0,7,100,2,9859,9859,8,5,40,1,0,0,2,0
1333775,2,2023,2023,10,2,6,158,27,68,207,0,1,1,-33.87323,151.247322,81,0,2,1,1,0,0,0,2,0,7,60,2,404,404,8,15,40,1,0,0,1,0
1333777,1,2023,2023,11,2,6,2209,17,176,2205,0,1,9,-33.948344,151.140007,4,0,2,1,1,0,0,0,2,2,7,60,2,340,340,9,0,28,2,0,0,0,1
1333778,2,2023,2023,11,4,4,17,10,32,34609,0,1,1,-32.764356,152.066475,57,2,1,1,0,0,0,0,2,0,7,80,0,14295,14295,3,33,19,2,0,0,1,0
1333784,1,2023,2023,11,3,2,11,31,194,148,0,1,9,-30.524009,151.660851,1,2,1,0,2,0,0,0,0,0,0,50,2,4552,5151,8,10,40,1,0,0,0,1
1333788,2,2023,2023,10,6,5,3371,17,108,3342,0,1,9,-33.816571,151.178991,77,0,2,1,1,0,0,0,2,2,7,60,2,14295,14295,3,9,5,2,0,0,1,0
1333789,1,2023,2023,10,2,11,72,27,82,605,0,1,6,-33.795821,151.253148,50,0,2,0,0,0,0,0,0,0,9,60,2,2040,2040,9,0,28,2,0,0,0,1
1333796,4,2023,2023,5,2,6,62,31,61,34609,0,1,1,-33.892953,150.920832,24,0,2,1,1,0,0,3,2,0,7,50,0,1109,787,1,5,18,2,0,1,0,0