Crash ID,Degree of crash - detailed,Reporting year,Year of crash,Month of crash,Day of week of crash,Two-hour intervals,Street of crash,Street type,Town,Route no.,School zone location,School zone active,Type of location,Latitude,Longitude,LGA,Urbanisation,Conurbation 1,Alignment,Street lighting,Road surface,Surface condition,Weather,Natural lighting,Signals operation,Other traffic control,Speed limit,Road classification,RUM - code,DCA - code,First impact type,Key TU type,Other TU type,No. of traffic units involved,No. killed,No. seriously injured,No. moderately injured,No. minor-other injured
1333799,2,2023,2023,1,5,9,2,22,19,34609,0,1,10,-32.7329,151.999341,57,2,1,1,2,0,0,0,0,0,0,50,0,6545,6545,4,0,19,2,0,0,1,0
1333800,2,2023,2023,1,4,3,205,27,161,415,0,1,2,-33.714986,151.173792,36,0,2,1,2,0,0,0,1,0,7,60,2,3775,3775,0,10,5,3,0,0,2,0
1333802,4,2023,2023,6,2,4,3371,17,19,3342,0,1,2,-31.436949,152.82307,56,1,0,1,0,0,0,0,2,0,7,110,2,9859,9859,8,10,40,2,0,1,0,0
1333804,1,2023,2023,11,2,11,916,17,32,917,0,1,1,-32.592867,151.196184,64,2,1,1,0,0,0,0,0,0,7,80,2,9859,9859,8,9,40,1,0,0,0,1
1333805,1,2023,2023,10,4,3,9,27,252,34609,0,1,7,-33.934605,150.88645,41,0,2,1,3,0,0,0,1,0,0,50,0,1109,787,1,5,5,2,0,0,0,1
1333806,4,2023,2023,11,0,5,5,1,293,34609,1,0,7,-33.944805,151.232651,59,0,2,1,1,0,0,0,2,0,0,50,0,6545,6545,4,30,27,2,0,1,0,0
1333807,4,2023,2023,11,3,5,36,27,10,83,0,1,9,-29.426084,153.275577,18,1,0,0,0,0,0,0,2,0,7,90,1,941,941,1,34,0,2,0,1,3,0
1333809,2,2023,2023,10,5,0,2261,17,68,2252,0,1,2,-34.806286,148.88494,82,1,0,1,3,0,0,0,0,0,7,110,2,9859,9859,8,5,40,1,0,0,1,0
1333810,4,2023,2023,11,1,7,109,36,14,108,0,1,9,-28.316076,153.43462,72,2,1,0,0,0,0,0,2,0,0,80,1,2852,2852,4,0,10,2,0,1,0,0
1333813,2,2023,2023,11,0,10,46,27,304,39,0,1,10,-33.909596,151.154378,32,0,2,1,2,0,0,3,0,2,7,50,1,5929,5929,1,5,18,2,0,0,1,0
1333820,2,2023,2023,11,5,8,866,17,171,793,0,1,10,-33.802838,150.971052,54,0,2,1,1,0,0,0,2,2,7,70,2,14295,14295,3,5,0,3,0,0,1,0
1333823,2,2023,2023,11,6,8,30,27,57,52,0,1,1,-33.900283,151.171361,32,0,2,1,3,0,3,0,3,0,7,60,1,1945,1945,5,16,40,1,0,0,1,0
1333824,2,2023,2023,5,6,4,2209,17,17,2205,0,1,1,-35.099353,150.502567,63,2,1,0,1,0,0,0,2,0,7,80,2,3775,3775,0,5,13,3,0,0,1,2
1333825,1,2023,2023,1,1,8,220,27,154,222,0,1,10,-33.712018,150.933667,71,0,2,1,2,0,3,0,2,2,7,80,2,14295,14295,3,10,0,2,0,0,0,1
1333826,4,2023,2023,1,3,9,22,18,20,34609,0,1,10,-30.222445,149.448263,51,2,1,1,0,2,0,0,0,0,15,50,0,4026,4026,8,16,40,1,0,1,0,0
1333829,2,2023,2023,6,3,3,3371,17,173,3342,1,0,10,-33.719583,151.115898,36,0,2,1,1,0,0,0,2,2,6,60,2,2852,2852,4,0,5,2,0,0,1,0
1333831,1,2023,2023,10,6,8,232,36,64,168,0,1,1,-34.043684,150.725627,12,0,2,1,3,0,0,0,2,0,7,50,1,3775,3775,0,0,13,2,0,0,0,1
1333835,4,2023,2023,5,3,6,8,27,63,34609,0,1,1,-28.191419,153.482873,72,2,1,0,0,0,0,0,2,0,7,80,0,4552,5151,8,5,40,1,0,1,0,0
1333836,1,2023,2023,10,4,8,18,31,13,34609,0,1,9,-33.872161,151.22505,69,0,2,1,3,0,0,0,2,0,9,40,0,14295,14295,3,0,36,2,0,0,0,2
1333837,2,2023,2023,11,0,9,56,27,323,38,0,1,9,-33.759991,150.966358,71,0,2,0,3,0,0,0,0,0,0,60,1,623,623,3,30,5,2,0,0,1,0
1333838,2,2023,2023,1,2,10,1104,11,130,770,0,1,2,-33.87094,151.191774,69,0,2,0,2,0,0,0,0,0,7,60,2,1391,1391,1,16,19,2,0,0,1,0
1333839,4,2023,2023,11,5,10,2261,17,443,2252,0,1,9,-33.890426,151.05887,67,0,2,1,2,0,0,0,0,2,7,70,2,5929,5929,1,29,5,2,0,1,1,0
1333841,2,2023,2023,10,6,4,68,27,175,208,0,1,1,-33.767024,151.081745,54,0,2,1,3,0,3,0,2,0,7,60,2,1282,1282,1,8,5,5,0,0,1,0
1333843,2,2023,2023,11,2,5,35,31,532,34609,0,1,10,-33.876643,151.207843,69,0,2,1,1,0,0,0,2,2,9,40,0,395,395,1,5,27,2,0,0,1,0
1333847,1,2023,2023,10,5,6,25,31,460,55,0,1,9,-33.823935,150.988289,21,0,2,1,3,0,0,0,2,2,7,50,1,5929,5929,1,0,5,2,0,0,0,1
1333849,4,2023,2023,10,1,4,265,17,23,193,0,1,9,-35.274709,147.106202,51,2,1,1,0,0,0,0,2,0,7,70,2,1669,1669,3,8,13,2,0,1,0,0
1333850,1,2023,2023,10,0,7,128,27,363,133,0,1,2,-33.756888,150.686326,55,0,2,1,3,0,0,0,2,0,7,60,2,14295,14295,3,0,5,2,0,0,0,1
1333851,2,2023,2023,10,5,7,330,23,123,233,0,1,10,-33.886648,151.219046,69,0,2,1,1,0,0,0,2,2,7,60,2,6545,6545,4,10,5,3,0,0,1,0
1333853,1,2023,2023,10,3,5,3371,17,463,3342,0,1,2,-30.304743,153.102242,19,2,1,0,3,0,0,0,2,0,7,60,2,14295,14295,3,0,19,2,0,0,0,1
1333855,4,2023,2023,6,2,5,2261,17,70,2252,0,1,2,-34.629468,150.16155,78,1,0,1,0,0,0,0,2,0,7,110,2,14295,14295,3,5,10,3,0,1,2,1
1333856,2,2023,2023,1,4,11,9,31,463,34609,0,1,1,-30.304227,153.114436,19,2,1,1,2,0,0,0,0,0,7,50,0,9859,9859,8,0,40,1,0,0,1,0
1333858,2,2023,2023,6,1,5,42,27,128,231,0,1,1,-33.417132,151.323384,16,2,2,0,1,0,3,0,2,0,7,60,2,2585,4009,8,5,40,2,0,0,1,0
1333859,4,2023,2023,1,6,7,18,24,66,34609,0,1,2,-33.718536,150.927181,7,0,2,1,1,0,0,0,2,0,7,60,0,9859,9859,8,0,40,1,0,1,0,0
1333860,2,2023,2023,10,0,4,829,27,165,770,0,1,2,-33.841926,151.147767,14,0,2,1,1,0,0,0,2,0,7,70,2,14295,14295,3,5,13,3,0,0,1,0
1333861,4,2023,2023,10,2,8,5,27,17,34609,0,1,1,-35.090085,150.482921,63,2,1,0,0,2,0,0,2,0,7,50,0,2585,4009,8,16,40,1,0,1,0,0
1333862,1,2023,2023,11,1,3,105,17,609,136,0,1,9,-33.792671,150.919122,7,0,2,1,3,0,0,0,2,2,7,60,2,14295,14295,3,5,5,2,0,0,0,1
1333864,4,2023,2023,11,3,5,3371,17,19,3342,0,1,2,-31.858198,152.600954,43,1,0,1,0,0,0,0,2,0,7,100,2,4026,4026,8,10,40,1,0,2,0,0
1333866,1,2023,2023,11,2,5,149,27,60,198,0,1,10,-33.945258,150.946739,41,0,2,1,1,0,0,0,2,2,7,60,2,515,515,1,10,5,2,0,0,0,1
1333872,2,2023,2023,5,2,7,149,27,72,198,0,1,1,-33.985175,150.992685,68,0,2,1,1,0,0,0,2,0,7,80,2,4026,4026,8,10,40,1,0,0,1,0
1333874,1,2023,2023,1,3,7,32,27,45,27,0,1,9,-33.678385,151.232819,50,0,2,1,1,0,0,0,2,0,0,60,2,1945,1945,5,16,40,1,0,0,0,1
1333876,4,2023,2023,11,6,7,512,17,10,441,0,1,1,-32.316775,148.731681,22,1,0,1,0,0,0,0,2,0,7,110,2,96,96,0,5,13,2,0,1,1,0
1333877,1,2023,2023,1,1,7,1,27,6,34609,0,1,1,-35.612949,149.778274,58,1,0,0,0,2,0,0,2,0,7,100,0,4552,5151,8,10,40,1,0,0,0,1
1333878,4,2023,2023,6,5,8,1052,14,17,928,0,1,3,-32.81452,151.635704,48,0,2,1,2,0,0,0,3,0,7,60,2,14295,14295,3,5,0,2,0,1,0,0
1333879,1,2023,2023,10,3,6,11,31,433,19,1,0,7,-33.281585,149.086376,52,2,1,1,1,0,0,0,2,0,0,50,2,5929,5929,1,16,12,2,0,0,0,1
1333880,2,2023,2023,1,3,7,3,31,443,34609,0,1,1,-33.906538,151.05804,15,0,2,1,1,0,0,0,2,0,7,50,0,9859,9859,1,5,5,2,0,0,1,0
1333887,2,2023,2023,11,4,3,162,31,12,13,0,1,9,-33.902829,151.118909,15,0,2,1,1,0,0,0,2,0,7,50,1,4026,4026,8,5,40,1,0,0,1,0
1333890,2,2023,2023,10,4,3,1104,14,323,962,0,1,3,-33.803069,150.896613,7,0,2,1,3,0,0,0,2,0,7,100,2,14295,14295,3,5,5,2,0,0,1,0
1333891,2,2023,2023,10,5,4,3,27,363,16,0,1,2,-33.742956,150.691353,55,0,2,1,0,0,0,0,2,0,7,50,1,941,941,1,5,13,2,0,0,1,0
1333892,2,2023,2023,10,5,3,1,18,228,34609,0,1,1,-34.771963,149.68957,26,2,1,1,0,0,0,0,1,0,7,50,0,9859,9859,1,5,35,2,0,0,1,1
1333893,4,2023,2023,10,3,8,7,18,11,34609,0,1,1,-35.145677,147.418384,75,2,1,1,0,0,0,0,2,0,7,80,0,9859,9859,8,5,40,1,0,1,0,0
1333895,4,2023,2023,11,5,9,294,17,215,288,0,1,1,-35.119872,147.375839,75,2,1,1,2,0,0,0,0,0,7,60,2,1109,787,1,5,19,2,0,1,0,0
1333897,1,2023,2023,11,6,8,1104,14,149,962,0,1,3,-33.818904,150.98155,21,0,2,0,3,0,0,0,2,0,7,90,2,1391,1391,1,5,0,2,0,0,0,1
1333898,2,2023,2023,6,0,8,515,14,243,518,0,1,3,-33.938788,150.91745,41,0,2,1,0,0,0,0,0,0,7,100,2,14295,14295,3,10,0,3,0,0,1,0
1333899,2,2023,2023,10,4,3,8,27,55,9,0,1,1,-32.826008,151.529332,17,2,1,0,0,0,0,0,2,0,7,80,1,3775,3775,0,10,0,3,0,0,2,0
1333901,1,2023,2023,10,4,7,33,31,57,62,0,1,1,-32.816873,151.484227,17,2,1,1,3,0,0,0,2,0,7,60,2,14295,14295,3,0,5,2,0,0,0,1
1333903,2,2023,2023,10,3,3,1,27,8,34609,0,1,1,-32.120168,148.369904,51,1,0,1,0,0,0,0,2,0,7,100,0,475,475,5,9,40,1,0,0,1,0
1333905,4,2023,2023,11,6,4,97,17,53,88,0,1,2,-35.165372,149.308944,58,1,0,1,0,0,0,0,2,0,7,110,2,14295,14295,3,10,2,2,0,1,0,1
1333906,4,2023,2023,10,6,7,14,31,646,34609,0,1,1,-33.930963,151.027034,15,0,2,1,0,0,0,0,2,0,7,50,0,1109,787,1,5,5,2,0,1,0,0
1333907,4,2023,2023,10,5,8,58,27,74,34609,0,1,1,-34.43439,150.861238,80,0,2,1,1,0,3,3,2,0,7,50,0,5929,5929,1,5,5,2,0,1,1,0
1333908,2,2023,2023,10,5,6,125,27,48,144,0,1,2,-32.740119,152.117407,57,2,1,0,0,0,0,0,2,0,7,80,2,1383,1383,1,30,13,2,0,0,1,0
1333909,1,2023,2023,10,2,5,2261,17,64,2252,0,1,2,-33.885931,151.069621,67,0,2,0,3,0,0,0,2,0,9,60,2,14295,14295,3,9,0,2,0,0,0,1
1333912,2,2023,2023,11,6,9,6,31,103,34609,0,1,9,-32.94135,151.659924,37,0,2,1,3,0,0,0,0,0,15,50,0,77,77,1,30,13,2,0,0,1,0
1333916,1,2023,2023,10,3,6,2261,17,443,2252,0,1,2,-33.901735,151.044645,15,0,2,1,3,0,0,0,2,0,7,70,2,14295,14295,3,8,5,2,0,0,0,1
1333918,1,2023,2023,5,3,5,5,31,43,34609,0,1,9,-32.565659,148.954071,22,2,1,1,0,0,3,4,2,0,7,50,0,4026,4026,8,5,40,1,0,0,0,1
1333919,2,2023,2023,10,5,9,5,27,6,39,0,1,1,-32.033905,150.934419,73,1,0,0,0,0,0,0,0,0,7,100,1,4552,5151,8,16,40,1,0,0,1,0
1333921,2,2023,2023,10,0,9,485,27,337,769,0,1,9,-33.726017,150.973027,71,0,2,1,2,0,0,3,3,2,7,60,2,14295,14295,3,5,5,2,0,0,1,0
1333922,2,2023,2023,11,3,0,213,17,83,213,0,1,9,-29.706091,152.935476,18,2,1,1,2,0,0,0,0,0,7,50,2,489,489,8,5,40,1,0,0,1,0
1333925,4,2023,2023,1,6,1,2126,17,12,2149,0,1,10,-33.672334,150.280196,8,2,2,0,2,0,3,1,0,2,7,60,2,2585,4009,8,29,40,1,0,1,0,0
1333932,2,2023,2023,10,1,6,51,27,44,63,0,1,9,-34.556424,150.84666,62,0,2,0,1,0,0,0,2,2,7,70,2,5929,5929,1,0,25,2,0,0,2,0
1333940,1,2023,2023,10,3,10,109,27,95,382,0,1,9,-33.737895,150.843947,7,0,2,0,2,0,0,0,0,2,7,60,2,5929,5929,1,10,5,2,0,0,0,1
1333941,2,2023,2023,6,0,3,14,27,78,34609,0,1,1,-28.333,153.372583,72,2,1,1,0,0,2,6,2,0,7,50,0,368,368,9,5,28,2,0,0,1,0
1333942,4,2023,2023,5,6,4,17,31,136,32,0,1,1,-33.918786,151.073883,15,0,2,1,0,0,0,0,2,0,7,50,1,2040,2040,9,5,28,2,0,1,0,0
1333945,2,2023,2023,10,6,3,3,27,5,34609,0,1,10,-35.129625,146.547886,51,1,0,1,3,0,0,0,2,0,7,100,0,6545,6545,4,10,0,2,0,0,1,0
1333952,2,2023,2023,8,4,8,17,31,69,34609,0,1,10,-28.556461,153.500267,10,2,1,1,3,0,0,0,2,0,0,50,0,6545,6545,4,30,0,2,0,0,1,0
1333954,2,2023,2023,10,3,5,109,27,70,62,1,0,9,-32.752956,151.538056,42,2,1,1,1,0,0,0,2,0,15,60,2,14295,14295,3,0,0,3,0,0,3,1
1333955,4,2023,2023,11,0,9,387,27,253,331,0,1,1,-33.965095,151.099221,25,0,2,1,2,0,0,0,3,0,7,60,2,5929,5929,1,10,18,2,0,1,0,0
1333956,4,2023,2023,1,0,3,3,27,8,34609,0,1,1,-28.895399,153.347049,39,1,0,0,0,0,0,0,2,0,7,100,0,2585,4009,8,16,40,1,0,1,0,0
1333957,1,2023,2023,1,5,10,280,10,314,240,0,1,9,-33.855997,150.947705,24,0,2,1,3,0,0,0,0,0,7,60,2,14295,14295,3,0,5,2,0,0,0,1
1333958,2,2023,2023,10,2,8,916,17,172,917,0,1,2,-32.752791,151.586847,42,2,1,1,0,0,0,0,2,0,7,60,2,1945,1945,5,16,40,1,0,0,1,0
1333963,2,2023,2023,11,6,2,7,31,57,52,0,1,1,-33.898124,151.169929,32,0,2,1,2,0,3,0,1,0,7,60,1,941,941,1,0,18,2,0,0,1,0
1333964,1,2023,2023,5,0,4,34,31,145,140,0,1,9,-33.926969,151.124912,15,0,2,1,0,0,0,3,2,3,7,50,1,14295,14295,3,30,13,2,0,0,0,1
1333967,1,2023,2023,10,1,3,38,27,165,21,0,1,1,-32.284906,150.871525,46,2,1,1,1,0,0,0,2,0,7,80,2,14295,14295,3,10,5,3,0,0,0,2
1333968,2,2023,2023,11,1,4,133,17,5,121,0,1,1,-36.180694,149.158312,65,1,0,0,0,0,0,0,2,0,7,100,2,4552,5151,1,5,23,2,0,0,1,0
1333971,2,2023,2023,10,5,8,3371,17,24,3342,0,1,2,-29.749643,153.09428,18,1,0,1,1,0,0,0,2,0,7,110,2,1945,1945,5,16,40,1,0,0,1,0
1333979,2,2023,2023,11,3,7,10,27,8,34609,0,1,1,-28.730706,153.062968,51,1,0,1,0,2,0,0,2,0,7,100,0,9859,9859,8,33,40,1,0,0,1,1
1333980,1,2023,2023,10,6,3,39,27,284,563,0,1,10,-33.899049,151.037196,15,0,2,1,2,0,0,0,1,2,7,70,2,14295,14295,3,8,0,2,0,0,0,1
1333981,2,2023,2023,11,0,7,58,31,79,34609,0,1,10,-34.909198,150.599383,63,2,1,1,1,0,0,0,2,0,7,60,0,6545,6545,4,5,22,2,0,0,2,0
1333982,2,2023,2023,6,1,1,31,31,463,34609,0,1,9,-30.288529,153.132495,19,2,1,1,2,0,0,0,0,0,7,50,0,4552,985,1,10,12,2,0,0,1,0
1333984,2,2023,2023,10,3,5,2,27,26,34609,0,1,1,-32.743477,151.348569,17,2,1,0,1,0,0,0,2,0,7,80,0,2585,4009,8,16,40,1,0,0,1,0
1333985,4,2023,2023,11,1,5,7,27,11,34609,0,1,9,-31.47159,152.764138,56,2,1,0,1,0,0,0,2,0,0,80,0,395,395,1,22,5,2,0,1,0,0
1333986,4,2023,2023,10,0,11,280,10,54,240,0,1,7,-33.851188,150.876323,24,0,2,0,2,0,3,0,0,0,0,60,2,6545,6545,4,10,5,3,0,1,0,0
1333988,4,2023,2023,10,1,0,6,18,79,34609,0,1,1,-33.55816,150.721316,29,2,2,1,0,0,0,0,0,0,7,80,0,4026,4026,8,10,40,1,0,1,0,0
1333989,4,2023,2023,1,0,6,108,31,144,34609,0,1,1,-34.066201,151.013405,68,0,2,1,3,0,0,0,2,0,7,50,0,1109,787,1,5,19,3,0,1,0,0
1333994,4,2023,2023,1,0,7,916,17,32,917,0,1,1,-32.600342,151.199624,64,2,1,1,0,0,0,0,2,0,7,80,2,3775,3775,0,5,5,2,0,2,0,0
1333995,2,2023,2023,10,4,3,40,27,122,45,1,0,1,-33.418756,151.341535,16,2,2,1,1,0,0,0,2,2,9,60,1,14295,14295,3,5,5,2,0,0,1,0
1333997,4,2023,2023,11,0,6,7,1,134,34609,0,1,9,-33.51345,151.313385,16,2,2,1,0,0,0,0,2,0,0,50,0,5929,5929,1,5,5,2,0,1,1,0
1333999,4,2023,2023,11,5,9,102,31,646,28,0,1,7,-33.917029,151.041848,15,0,2,1,2,0,0,0,0,0,0,50,1,5929,5929,1,0,18,2,0,1,0,0
1334003,1,2023,2023,3,3,11,2261,17,523,2252,0,1,2,-33.922503,150.918922,41,0,2,1,3,2,0,0,0,0,7,60,2,1282,1282,1,5,0,2,0,0,0,1
1334004,1,2023,2023,10,4,5,81,31,133,80,0,1,7,-33.93098,151.012343,15,0,2,1,3,0,0,0,2,0,0,50,1,14295,14295,3,5,12,2,0,0,0,1
1334008,4,2023,2023,1,6,7,78,27,438,34609,0,1,1,-33.853,151.03251,21,0,2,1,0,0,0,0,2,0,7,40,0,2040,2040,9,0,28,2,0,1,0,0
1334011,4,2023,2023,1,1,7,9,31,55,34609,0,1,10,-33.932789,150.902203,41,0,2,0,0,0,0,0,2,0,15,50,0,6545,6545,4,10,0,2,0,1,2,0
1334012,2,2023,2023,10,4,4,3,27,11,34609,0,1,1,-33.955109,147.372637,51,1,0,1,0,0,0,0,2,0,7,100,0,9859,9859,8,8,40,1,0,0,1,0
1334014,2,2023,2023,10,0,6,104,27,137,140,0,1,9,-33.922477,151.203791,4,0,2,1,1,0,0,0,2,0,0,60,2,387,387,1,15,5,2,0,0,1,0
1334019,1,2023,2023,10,2,8,35,31,15,262,0,1,10,-32.918081,151.738495,48,0,2,1,3,0,0,0,2,0,15,60,2,14295,14295,3,5,0,2,0,0,0,1
1334022,2,2023,2023,10,0,3,20,27,28,34609,0,1,1,-31.838427,152.619945,43,1,0,0,1,0,0,0,2,0,7,90,0,782,957,5,10,40,1,0,0,1,0
1334026,2,2023,2023,1,4,3,12,31,176,34609,0,1,1,-33.972562,151.136925,4,0,2,1,1,0,0,0,2,0,7,50,0,1109,787,1,5,13,2,0,0,2,0
1334028,4,2023,2023,10,3,1,512,31,165,34609,0,1,1,-32.270138,150.885531,46,2,1,1,3,0,0,0,0,0,7,50,0,9859,9859,1,0,5,3,0,1,0,0
1334029,1,2023,2023,5,2,10,1,27,151,34609,0,1,1,-34.022322,150.838246,13,0,2,1,0,0,0,0,0,0,7,50,0,9859,9859,8,5,40,1,0,0,0,1
1334031,2,2023,2023,10,1,3,344,27,61,163,0,1,9,-33.75182,150.886899,7,0,2,1,3,0,0,0,2,2,7,60,2,2852,2852,4,5,13,2,0,0,1,0
1334032,4,2023,2023,0,3,6,9,27,3,41,0,1,9,-34.957151,147.765251,51,1,0,0,0,0,3,3,2,0,7,100,1,775,775,4,22,0,2,0,1,0,0
1334033,1,2023,2023,11,2,2,97,17,53,88,0,1,10,-35.163529,149.311716,58,1,0,1,3,0,0,0,0,0,7,110,2,1089,1089,7,5,40,1,0,0,0,1
1334034,1,2023,2023,10,4,7,93,1,523,34609,0,1,1,-33.924148,150.917697,41,0,2,1,1,0,0,0,2,0,7,50,0,2040,2040,9,5,28,2,0,0,0,1
1334036,2,2023,2023,10,4,5,80,31,66,172,0,1,10,-32.927098,151.636879,37,0,2,1,3,0,3,4,2,2,7,60,2,14295,14295,3,10,5,2,0,0,1,0
1334039,2,2023,2023,8,5,6,7,10,23,34609,0,1,9,-32.871799,151.644608,48,0,2,1,0,0,0,0,2,0,7,50,0,9859,9859,8,5,40,1,0,0,1,0
1334042,2,2023,2023,10,0,6,118,27,646,118,0,1,9,-33.923822,151.030415,15,0,2,0,1,0,0,0,2,2,7,60,1,5929,5929,1,9,0,2,0,0,3,0
1334043,2,2023,2023,11,2,4,2261,17,284,2252,0,1,2,-33.906055,151.01552,15,0,2,1,0,0,0,0,2,0,7,70,2,1282,1282,1,33,18,2,0,0,1,0
1334045,4,2023,2023,11,5,8,37,31,273,87,0,1,10,-34.428065,150.899365,80,0,2,1,1,0,0,0,3,1,7,60,2,1220,1220,9,33,28,2,0,1,0,0
1334046,2,2023,2023,10,5,7,2209,17,32,2205,0,1,6,-34.589648,150.84416,62,0,2,0,0,0,0,0,2,0,7,80,2,2585,4009,8,29,40,1,0,0,1,0
1334047,4,2023,2023,6,6,6,2261,17,49,2252,0,1,2,-34.743219,149.771395,26,1,0,0,1,0,3,4,2,0,7,110,2,418,714,5,16,40,1,0,1,0,0
1334048,2,2023,2023,10,6,6,193,27,50,34609,0,1,9,-34.348746,150.911637,80,0,2,1,1,0,0,0,2,0,15,50,0,2852,2852,4,10,5,2,0,0,1,0
1334049,2,2023,2023,11,0,8,2,27,4,82,0,1,1,-35.518413,147.261625,27,1,0,1,0,0,0,0,2,0,7,100,1,9859,9859,8,10,40,1,0,0,1,0
1334052,2,2023,2023,5,4,5,224,27,26,321,0,1,1,-33.909883,151.202435,69,0,2,1,0,0,0,0,2,0,7,50,2,387,387,1,22,0,2,0,0,1,0
1334057,2,2023,2023,5,4,10,220,14,51,220,0,1,3,-34.161866,150.981121,80,0,2,1,0,0,0,0,0,0,7,110,2,4026,4026,8,10,40,1,0,0,1,0
1334058,4,2023,2023,10,3,7,23,10,19,174,0,1,1,-32.937675,151.483042,17,1,0,1,0,0,0,0,2,0,7,90,2,14295,14295,3,16,0,2,0,1,0,0
1334061,2,2023,2023,10,0,4,1,31,10,34609,0,1,10,-32.725342,148.185224,53,2,1,1,3,0,0,0,2,0,0,50,0,6545,6545,4,10,5,2,0,0,1,0
1334063,2,2023,2023,10,3,6,92,27,11,36,0,1,10,-35.720627,150.190529,23,2,1,1,1,0,0,0,2,2,7,60,1,14295,14295,3,5,0,2,0,0,1,1
1334067,2,2023,2023,11,6,4,125,27,32,144,0,1,7,-32.768745,152.074565,57,2,1,0,0,0,0,3,2,0,0,80,2,1850,985,5,16,40,1,0,0,2,0
1334068,4,2023,2023,11,1,7,1,10,19,65,0,1,9,-33.292466,151.236022,16,2,2,0,1,0,0,0,2,0,15,60,1,2852,2852,4,19,10,2,0,2,3,2
1334070,2,2023,2023,1,1,6,225,17,50,180,0,1,1,-34.564986,150.662558,62,0,2,0,0,0,0,0,2,0,7,60,2,2585,4009,8,5,40,1,0,0,1,0
1334071,4,2023,2023,6,1,8,1052,14,36,928,0,1,3,-33.639991,151.14506,31,0,2,1,1,0,0,0,2,0,7,110,2,1282,1282,1,10,5,2,0,1,0,0
1334072,4,2023,2023,11,2,5,1,27,1,34609,0,1,1,-33.482607,149.612919,3,2,1,0,0,0,0,0,2,0,7,80,0,2585,4009,8,8,40,1,0,3,3,0
1334077,4,2023,2023,10,1,9,481,17,113,483,0,1,1,-29.406461,149.920422,51,1,0,1,0,0,0,0,2,0,7,110,2,475,475,5,9,40,1,0,1,0,0
1334078,1,2023,2023,11,2,11,515,14,202,518,0,1,3,-33.940462,151.035641,15,0,2,1,3,0,0,0,0,0,7,100,2,1391,1391,1,21,13,2,0,0,0,1
1334079,2,2023,2023,10,5,6,15,27,13,228,0,1,1,-32.626146,151.124555,64,1,0,1,3,0,0,0,2,0,7,100,1,1109,787,1,10,35,2,0,0,1,0
1334080,4,2023,2023,11,5,2,3371,17,24,3342,0,1,2,-32.5785,152.128856,43,1,0,0,0,0,0,0,0,0,7,110,2,1850,1463,5,8,40,1,0,1,1,0
1334081,4,2023,2023,11,2,4,1,27,1,34609,0,1,1,-30.05955,153.187345,19,2,1,1,0,0,0,0,2,0,7,60,0,1192,1192,1,22,22,2,0,1,0,0
1334082,4,2023,2023,10,2,0,35,27,74,34609,0,1,1,-33.760272,150.679773,55,0,2,1,0,0,0,0,0,0,7,50,0,41,41,8,16,40,1,0,1,0,0
1334084,2,2023,2023,5,3,5,72,18,93,143,0,1,7,-33.405533,149.599462,3,2,1,0,1,0,0,0,2,0,0,50,2,6545,6545,4,10,27,2,0,0,1,0
1334085,4,2023,2023,10,4,8,1,27,11,34609,0,1,9,-31.433738,151.413347,70,1,0,1,0,2,0,0,2,0,7,100,0,4026,4026,8,10,40,1,0,1,0,0
1334087,1,2023,2023,11,0,1,475,31,532,34609,0,1,10,-33.866346,151.210736,69,0,2,1,3,0,3,4,0,2,7,40,0,5929,5929,1,9,5,2,0,0,0,1
1334088,1,2023,2023,10,0,8,23,10,87,23,0,1,7,-33.919053,150.96182,41,0,2,1,0,0,0,3,2,0,0,60,1,9859,9859,8,0,40,1,0,0,0,1
1334092,2,2023,2023,10,2,7,829,31,123,34609,0,1,0,-33.886029,151.229555,81,0,2,1,0,0,0,0,2,0,7,40,0,248,248,1,5,18,5,0,0,1,0
1334094,4,2023,2023,10,4,4,512,27,246,15,0,1,1,-33.900629,151.193423,69,0,2,1,1,0,0,0,2,0,7,50,1,1220,1220,9,5,28,2,0,1,0,0
1334096,2,2023,2023,10,5,5,916,17,105,917,0,1,1,-32.72024,151.537478,42,2,1,1,1,0,0,0,2,0,7,60,2,1981,1981,4,5,27,2,0,0,1,0
1334097,4,2023,2023,10,3,5,171,27,85,369,0,1,2,-33.794349,150.698911,55,0,2,1,1,0,0,0,2,0,7,70,2,3775,3775,0,5,0,2,0,1,0,0
1334098,4,2023,2023,1,4,8,12,31,24,34609,0,1,1,-33.967446,151.247736,59,0,2,1,1,0,0,0,3,0,7,50,0,1282,1282,1,21,19,2,0,1,0,0
1334099,4,2023,2023,5,4,7,8,10,79,34609,0,1,9,-34.008999,150.745208,12,0,2,1,1,0,0,0,2,0,7,50,0,4026,4026,8,9,40,1,0,1,0,0
1334100,2,2023,2023,6,4,8,1,27,134,34609,0,1,1,-33.510337,151.315148,16,2,2,1,0,0,3,4,0,0,7,50,0,9859,9859,1,5,13,2,0,0,1,0
1334101,2,2023,2023,11,2,7,2126,17,93,2149,0,1,9,-33.418694,149.604153,3,2,1,1,1,0,0,0,2,2,7,60,2,14295,14295,3,16,36,2,0,0,1,0
1334103,4,2023,2023,10,3,0,115,27,55,114,0,1,6,-33.857117,151.282203,81,0,2,0,2,0,0,0,0,0,7,50,2,2585,4009,8,5,40,1,0,1,0,0