Crash ID,Degree of crash - detailed,Reporting year,Year of crash,Month of crash,Day of week of crash,Two-hour intervals,Street of crash,Street type,Town,Route no.,School zone location,School zone active,Type of location,Latitude,Longitude,LGA,Urbanisation,Conurbation 1,Alignment,Street lighting,Road surface,Surface condition,Weather,Natural lighting,Signals operation,Other traffic control,Speed limit,Road classification,RUM - code,DCA - code,First impact type,Key TU type,Other TU type,No. of traffic units involved,No. killed,No. seriously injured,No. moderately injured,No. minor-other injured
1334106,4,2023,2023,11,6,9,916,17,104,917,0,1,2,-32.826639,151.683651,48,0,2,0,0,0,0,0,3,0,7,80,2,4552,5151,8,16,40,1,0,1,0,0
1334108,2,2023,2023,6,2,7,62,27,17,166,0,1,9,-33.229228,151.423171,16,2,2,1,1,0,0,0,2,2,7,60,2,5929,5929,1,10,36,3,0,0,1,1
1334110,2,2023,2023,10,1,7,4,1,127,34609,0,1,9,-33.824329,150.825826,24,0,2,1,1,0,0,0,2,2,7,60,0,380,777,5,5,40,1,0,0,1,0
1334111,2,2023,2023,10,3,5,866,17,171,793,0,1,2,-33.806712,150.969774,21,0,2,1,0,0,0,0,2,0,7,70,2,14295,14295,3,5,0,2,0,0,1,0
1334119,1,2023,2023,10,2,6,308,14,323,311,0,1,3,-33.796151,150.854502,7,0,2,1,3,0,0,0,2,0,7,100,2,14295,14295,3,5,5,2,0,0,0,1
1334122,2,2023,2023,11,4,9,54,27,646,30,0,1,10,-33.91474,151.036874,15,0,2,1,2,0,0,0,3,2,7,60,1,14295,14295,3,10,5,2,0,0,1,0
1334123,1,2023,2023,10,3,6,1052,14,77,928,0,1,3,-33.531665,151.200419,16,1,2,0,3,0,0,0,2,0,7,110,2,14295,14295,3,0,0,2,0,0,0,1
1334127,2,2023,2023,6,6,8,1,31,100,34609,0,1,10,-33.89115,150.894268,24,0,2,0,1,0,0,0,3,0,0,50,0,6545,6545,4,0,25,2,0,0,1,0
1334128,1,2023,2023,11,5,4,165,31,128,369,0,1,1,-33.638993,150.784859,29,2,2,1,3,0,0,0,2,0,7,60,2,14295,14295,3,9,5,2,0,0,0,1
1334129,4,2023,2023,6,1,7,2261,17,201,2252,0,1,3,-33.986735,150.855983,13,0,2,1,0,0,0,0,2,0,7,110,2,1282,1282,1,10,5,3,0,1,1,0
1334135,1,2023,2023,5,5,8,8,31,25,13,0,1,9,-33.86893,151.222524,69,0,2,0,2,0,0,0,3,0,7,50,1,2040,2040,9,10,28,2,0,0,0,1
1334136,1,2023,2023,10,0,4,10,31,193,34609,0,1,2,-33.790787,151.084859,61,0,2,1,3,0,0,0,2,0,7,50,0,941,941,1,5,0,2,0,0,0,1
1334137,1,2023,2023,10,4,7,76,27,69,148,0,1,1,-32.936104,151.736436,48,0,2,1,1,0,0,0,2,0,7,60,1,1383,1383,1,22,5,2,0,0,0,1
1334141,4,2023,2023,11,5,10,475,10,70,268,0,1,10,-33.883405,150.864787,24,0,2,1,2,0,0,0,0,2,7,70,2,6545,6545,4,16,5,2,0,1,0,0
1334148,2,2023,2023,10,2,7,109,27,460,106,0,1,1,-33.835793,150.986264,21,0,2,1,3,2,0,0,2,0,7,60,1,9859,9859,8,5,40,1,0,0,1,0
1334154,4,2023,2023,11,0,5,10,27,6,34609,0,1,1,-33.119605,150.276112,40,2,1,0,0,0,0,0,2,0,7,50,0,1850,1463,5,16,40,1,0,1,0,0
1334156,4,2023,2023,10,1,7,205,27,50,415,0,1,1,-33.68797,151.24615,50,0,2,0,1,0,0,0,2,0,7,70,2,3775,3775,0,8,5,3,0,2,1,1
1334157,2,2023,2023,11,5,7,28,1,251,93,1,0,2,-33.760833,150.942396,7,0,2,1,1,0,0,0,2,0,7,60,1,190,190,1,0,5,3,0,0,1,0
1334158,2,2023,2023,11,4,8,229,14,36,237,0,1,3,-33.763324,151.07978,54,0,2,1,3,0,0,0,2,0,7,100,2,14295,14295,3,0,0,3,0,0,1,1
1334161,4,2023,2023,5,2,3,1,27,10,34609,0,1,1,-28.723916,153.379488,39,2,1,1,0,0,0,0,2,0,7,80,0,9859,9859,8,0,40,1,0,1,0,0
1334163,1,2023,2023,10,3,3,30,31,169,769,0,1,10,-33.596877,150.746963,29,2,2,1,1,0,0,0,2,2,9,60,2,2040,2040,9,5,28,2,0,0,0,1
1334164,4,2023,2023,5,2,10,5,27,76,34609,0,1,1,-34.575472,150.408357,78,2,1,1,0,0,0,0,0,0,7,60,0,312,312,2,0,40,1,0,1,0,0
1334166,1,2023,2023,11,3,4,15,27,22,34609,0,1,1,-35.144328,149.95971,26,2,1,1,3,0,0,0,2,0,7,80,0,3775,3775,0,16,13,2,0,0,0,1
1334167,2,2023,2023,10,2,8,3371,17,7,3342,0,1,2,-28.47551,153.510897,10,1,0,0,3,0,0,0,2,0,7,110,2,782,957,5,5,40,1,0,0,1,0
1334173,1,2023,2023,10,0,5,59,10,8,231,0,1,9,-33.482736,151.385104,16,2,2,1,3,0,0,0,2,0,0,70,2,5929,5929,1,5,0,4,0,0,0,1
1334174,2,2023,2023,1,5,10,2,1,143,34609,0,1,1,-33.693697,151.099201,31,0,2,1,3,1,2,6,0,0,7,50,0,9859,9859,8,5,40,1,0,0,1,0
1334175,1,2023,2023,5,5,4,3371,17,131,3342,0,1,9,-33.78751,151.178979,77,0,2,1,1,0,0,0,2,2,7,60,2,1669,1669,3,33,19,2,0,0,0,1
1334177,1,2023,2023,10,3,7,234,27,337,217,0,1,9,-33.746277,150.994594,71,0,2,1,3,0,0,0,2,0,7,60,2,2852,2852,4,5,0,2,0,0,0,1
1334178,2,2023,2023,10,4,9,3,10,12,34609,0,1,9,-32.993955,151.672703,37,0,2,1,2,0,0,0,3,0,7,50,0,1981,1981,4,22,0,2,0,0,1,0
1334184,4,2023,2023,10,1,4,21,27,36,34609,0,1,1,-34.392419,150.84874,80,0,2,0,0,0,0,0,2,0,7,60,0,1850,1463,5,16,40,1,0,1,0,0
1334187,2,2023,2023,5,2,5,75,10,137,165,0,1,2,-33.92368,151.213274,69,0,2,1,0,0,0,0,2,0,7,80,2,1192,1192,1,33,5,3,0,0,1,0
1334188,1,2023,2023,10,0,7,9,27,96,34609,0,1,1,-33.439378,151.388619,16,2,2,1,3,0,0,0,2,0,7,50,0,3775,3775,0,5,5,2,0,0,0,1
1334195,2,2023,2023,1,5,8,105,27,174,109,0,1,9,-33.861678,150.923324,24,0,2,1,1,0,0,0,2,0,0,60,1,1669,1669,3,9,5,2,0,0,1,0
1334199,2,2023,2023,10,1,3,220,27,92,222,0,1,10,-33.725137,150.940369,71,0,2,1,3,0,0,0,2,2,7,80,2,515,515,1,0,5,2,0,0,1,1
1334201,4,2023,2023,1,5,8,330,1,144,34609,1,0,1,-34.059341,151.004658,68,0,2,1,1,0,0,0,2,0,7,50,0,591,591,1,22,5,2,0,1,0,0
1334204,1,2023,2023,10,5,7,10,27,10,143,0,1,1,-34.087764,149.338141,74,1,0,0,0,0,0,0,2,0,7,100,2,2585,4009,8,9,40,1,0,0,0,1
1334206,2,2023,2023,10,3,8,829,27,123,770,0,1,2,-33.813991,151.053234,54,0,2,1,3,0,0,0,3,0,7,70,2,2040,2040,9,5,28,2,0,0,1,0
1334208,1,2023,2023,1,0,6,296,27,290,293,1,0,9,-33.849145,150.996979,21,0,2,1,3,0,0,0,2,2,7,70,2,1391,1391,1,5,0,2,0,0,0,1
1334210,2,2023,2023,1,5,8,14,10,13,34609,0,1,10,-33.63899,150.9044,71,0,2,1,2,0,0,0,3,0,15,70,0,6545,6545,4,5,41,2,0,0,1,1
1334215,2,2023,2023,11,4,8,361,31,8,8,0,1,1,-30.852537,149.029732,51,1,0,1,0,0,0,0,3,0,7,100,1,945,945,5,29,40,1,0,0,1,0
1334220,1,2023,2023,1,6,7,829,31,173,34609,0,1,0,-33.879711,151.220595,69,0,2,1,1,0,0,0,2,0,7,40,0,1981,1981,4,0,25,2,0,0,0,1
1334226,2,2023,2023,10,6,6,95,31,370,34609,0,1,1,-34.070651,150.810688,13,0,2,1,1,0,0,0,2,1,7,50,0,1981,1981,4,5,5,2,0,0,1,0
1334229,4,2023,2023,10,2,6,3,31,29,34609,0,1,9,-35.114165,150.633923,63,2,1,0,0,0,0,0,2,0,7,50,0,2852,2852,4,5,13,2,0,1,0,0
1334232,2,2023,2023,6,4,3,168,17,8,212,0,1,9,-35.368279,149.771945,58,1,0,0,0,0,1,0,1,0,7,100,2,418,714,5,0,40,1,0,0,2,0
1334237,2,2023,2023,5,4,4,3371,17,463,3342,0,1,7,-30.320985,153.085958,19,2,1,1,0,0,0,0,2,0,0,60,2,14295,14295,3,29,5,2,0,0,1,0
1334238,4,2023,2023,11,6,3,16,36,58,43,0,1,7,-28.534352,153.540026,10,2,1,0,1,0,0,0,2,0,0,60,1,1850,1463,5,15,40,1,0,1,0,0
1334241,4,2023,2023,11,2,6,1,27,2,34609,0,1,9,-30.39729,151.123228,51,1,0,0,0,2,0,0,2,0,7,100,0,1850,1463,5,16,40,1,0,1,0,0
1334246,4,2023,2023,11,3,7,126,27,30,168,0,1,9,-34.057952,150.779355,12,0,2,1,1,0,0,0,2,2,7,80,2,14295,14295,3,0,5,2,0,1,0,1
1334247,1,2023,2023,10,2,7,104,27,443,702,0,1,2,-33.889194,151.067167,15,0,2,1,3,0,0,0,2,0,7,50,2,1383,1383,1,5,0,2,0,0,0,1
1334252,2,2023,2023,11,5,8,118,27,646,118,1,0,9,-33.909669,151.035513,15,0,2,1,0,0,0,0,0,0,7,60,1,2852,2852,4,8,27,2,0,0,1,0
1334254,4,2023,2023,5,4,3,154,27,55,244,0,1,10,-33.902142,151.083601,15,0,2,1,1,0,0,0,1,2,9,60,2,1220,1220,9,10,28,2,0,1,0,0
1334257,4,2023,2023,11,4,4,47,31,117,84,0,1,10,-28.175792,153.541808,72,2,1,1,1,0,0,0,2,2,9,50,1,591,591,1,18,22,2,0,1,1,0
1334259,1,2023,2023,10,3,0,125,27,155,75,0,1,10,-33.492792,151.315093,16,2,2,1,3,0,0,0,0,0,15,60,1,6545,6545,4,5,0,2,0,0,0,1
1334260,1,2023,2023,10,2,7,6,27,438,563,0,1,2,-33.845728,151.041426,21,0,2,1,3,0,0,0,2,0,7,70,2,14295,14295,3,5,5,2,0,0,0,1
1334263,4,2023,2023,10,0,7,251,14,79,124,0,1,2,-33.823731,151.208604,49,0,2,1,0,0,0,0,2,0,7,80,2,1945,1945,5,16,40,1,0,1,0,0
1334268,1,2023,2023,1,4,2,14,27,91,44,0,1,7,-33.98359,150.883677,13,0,2,1,3,0,0,0,0,0,0,60,1,1282,1282,1,5,12,2,0,0,0,1
1334269,1,2023,2023,10,4,7,2,31,7,34609,0,1,9,-34.016094,150.840541,13,0,2,1,3,0,0,0,2,0,7,50,0,5929,5929,1,0,5,2,0,0,0,1
1334272,2,2023,2023,5,4,9,232,36,34,331,0,1,2,-34.008342,150.771383,12,0,2,1,2,0,0,0,0,0,7,80,2,14295,14295,3,5,0,4,0,0,2,0
1334273,2,2023,2023,10,2,5,916,17,75,917,0,1,6,-32.792886,151.632979,42,1,0,1,0,0,0,0,2,0,7,90,2,1282,1282,1,5,27,2,0,0,1,0
1334276,4,2023,2023,0,1,7,8,10,30,34609,0,1,10,-32.75576,151.633191,42,2,1,1,1,0,0,0,2,0,0,50,0,6545,6545,4,5,19,2,0,2,0,0
1334283,2,2023,2023,11,4,7,21,31,179,66,0,1,10,-31.909517,152.452501,43,2,1,1,0,0,0,0,2,0,15,60,1,2852,2852,4,5,0,2,0,0,2,0
1334289,1,2023,2023,10,0,6,61,27,232,70,0,1,10,-33.661072,150.923622,71,0,2,1,3,0,0,0,2,0,15,70,1,623,623,3,10,5,2,0,0,0,1
1334291,1,2023,2023,10,4,8,11,31,34,2,0,1,2,-37.064817,149.906073,5,2,1,1,0,0,0,0,2,0,7,50,1,941,941,1,30,13,2,0,0,0,1
1334293,2,2023,2023,11,2,11,32,31,111,91,0,1,9,-33.920869,151.256856,59,0,2,1,2,0,0,0,0,2,7,50,1,1220,1220,9,33,28,2,0,0,1,0
1334295,2,2023,2023,11,6,6,5,31,107,30,0,1,10,-33.878243,151.197711,69,0,2,1,1,0,0,0,2,2,6,50,1,395,395,1,5,19,2,0,0,1,0
1334296,4,2023,2023,11,0,5,3,27,8,3,0,1,1,-31.426412,151.087845,70,1,0,0,0,0,3,4,2,0,7,100,1,418,714,5,3,40,1,0,1,0,0
1334298,1,2023,2023,11,5,4,32,27,42,27,0,1,1,-33.662631,151.250066,50,0,2,0,1,0,0,0,2,0,7,60,2,3775,3775,0,5,0,2,0,0,0,1
1334302,4,2023,2023,10,1,6,48,27,70,166,0,1,10,-33.257596,151.510494,16,2,2,1,2,0,0,0,2,2,9,50,2,5929,5929,1,30,19,2,0,1,1,0
1334303,4,2023,2023,5,6,0,3371,17,16,3342,0,1,2,-31.276161,152.81235,56,1,0,1,0,0,3,0,0,0,7,110,2,14295,14295,3,5,2,2,0,1,0,0
1334308,2,2023,2023,10,6,7,481,17,17,483,0,1,1,-33.676341,147.538777,51,1,0,1,3,0,0,0,2,0,7,110,2,3775,3775,0,31,0,2,0,0,1,0
1334310,4,2023,2023,10,0,8,11,10,67,34609,0,1,1,-34.4314,150.864504,80,0,2,1,1,0,0,0,2,0,7,50,0,30,30,9,30,26,2,0,1,0,0
1334312,2,2023,2023,6,2,6,60,27,219,262,0,1,2,-32.908349,151.659855,48,0,2,1,1,0,0,0,2,0,7,90,2,4026,4026,8,5,40,1,0,0,1,0
1334313,4,2023,2023,5,3,6,25,1,79,34609,0,1,10,-33.971177,151.126747,25,0,2,1,0,0,0,0,2,0,0,50,0,5929,5929,1,0,5,2,0,1,0,0
1334314,1,2023,2023,10,3,3,916,17,32,917,0,1,1,-32.643131,151.234607,64,2,1,0,0,0,0,0,2,0,7,80,2,4552,5151,8,34,40,1,0,0,0,1
1334315,2,2023,2023,10,5,4,118,17,98,118,0,1,10,-30.97758,150.253291,51,2,1,1,1,0,0,0,2,2,7,40,2,5929,5929,1,0,0,2,0,0,1,0
1334320,2,2023,2023,1,0,3,866,17,523,793,0,1,9,-33.907865,150.918525,41,0,2,1,1,0,0,0,2,2,7,70,2,14295,14295,3,10,36,2,0,0,1,0
1334322,4,2023,2023,11,0,9,78,32,646,34609,0,1,6,-33.917995,151.037262,15,0,2,0,1,0,0,0,0,0,9,40,0,1220,1220,9,5,28,2,0,1,0,0
1334326,1,2023,2023,10,0,6,16,31,64,18,0,1,1,-33.956572,151.00154,15,0,2,1,3,0,0,0,2,0,7,60,1,1981,1981,4,5,5,2,0,0,0,1
1334328,2,2023,2023,10,1,9,32,27,19,34609,0,1,1,-33.437105,149.938877,40,1,0,0,0,2,0,0,3,0,7,100,0,1259,5151,8,5,40,1,0,0,1,0
1334329,1,2023,2023,11,6,9,59,31,107,321,0,1,1,-33.877127,151.198226,69,0,2,1,2,0,0,0,0,0,7,50,2,1981,1981,4,0,27,2,0,0,0,1
1334331,2,2023,2023,10,6,5,40,27,73,34609,1,0,10,-35.147061,147.372665,75,2,1,1,3,0,0,0,2,2,7,60,0,3775,3775,0,10,5,2,0,0,1,0
1334332,2,2023,2023,10,5,8,104,27,137,140,0,1,10,-33.922923,151.207044,69,0,2,1,0,0,0,0,2,2,7,60,2,1669,1669,3,16,13,2,0,0,1,0
1334333,2,2023,2023,11,0,1,44,27,67,38,0,1,1,-33.876442,150.89215,24,0,2,1,2,0,0,0,0,0,7,60,1,4026,4026,1,0,5,2,0,0,1,0
1334334,4,2023,2023,11,0,10,7,36,6,7,0,1,1,-31.532601,149.372494,51,1,0,0,0,2,0,0,0,0,7,100,1,1850,1463,5,0,40,1,0,2,1,0
1334337,1,2023,2023,6,4,6,11,31,115,34609,0,1,10,-34.033739,151.071198,68,0,2,1,3,0,0,0,2,2,7,50,0,5929,5929,1,0,0,2,0,0,0,1
1334339,1,2023,2023,11,1,5,3371,17,18,3342,0,1,9,-33.005252,151.685237,37,0,2,0,3,0,0,0,2,0,0,80,2,14295,14295,3,30,5,2,0,0,0,1
1334341,1,2023,2023,10,2,1,17,31,48,34609,0,1,1,-32.914146,151.744492,48,0,2,1,2,0,0,0,0,0,7,50,0,9859,9859,1,5,5,4,0,0,0,1
1334345,1,2023,2023,10,4,9,3371,17,85,3342,0,1,2,-33.73755,151.134201,36,0,2,1,2,0,3,4,3,0,7,60,2,14295,14295,3,0,5,2,0,0,0,1
1334346,4,2023,2023,10,3,6,2209,17,201,2205,0,1,10,-34.878951,150.604529,63,2,1,1,3,0,0,0,2,2,7,70,2,5929,5929,1,5,5,3,0,1,0,0
1334350,2,2023,2023,10,5,7,97,31,363,92,0,1,10,-33.82048,150.995925,54,0,2,1,1,0,0,0,2,0,15,60,1,6545,6545,4,0,5,2,0,0,2,0
1334351,1,2023,2023,11,2,10,296,27,187,293,0,1,9,-33.87613,150.981413,15,0,2,1,2,0,0,0,0,0,0,70,2,2852,2852,4,0,5,2,0,0,0,1
1334352,2,2023,2023,5,4,6,3371,17,173,3342,0,1,9,-33.712912,151.107637,31,0,2,0,3,0,0,0,2,0,7,60,2,5929,5929,1,0,13,3,0,0,2,0
1334355,4,2023,2023,10,3,6,103,27,12,98,0,1,1,-32.942628,150.702414,64,2,1,0,0,0,0,0,2,0,7,80,2,4552,5151,8,16,40,1,0,1,0,0
1334358,2,2023,2023,10,0,7,28,3,64,117,0,1,7,-32.946873,151.685777,48,0,2,0,0,0,0,0,2,0,0,50,2,5929,5929,1,16,0,2,0,0,1,0
1334360,2,2023,2023,10,6,3,193,18,30,34609,0,1,1,-34.860466,147.574749,51,2,1,0,3,0,0,0,2,0,7,50,0,4552,5151,8,0,40,3,0,0,1,0
1334361,1,2023,2023,10,2,6,92,31,363,34609,0,1,2,-33.751798,150.69018,55,0,2,1,2,0,0,0,2,0,7,50,0,14295,14295,3,5,5,2,0,0,0,1
1334362,1,2023,2023,10,5,6,158,27,138,207,0,1,9,-33.87232,151.258575,81,0,2,1,1,0,3,4,2,0,0,60,2,2852,2852,4,5,0,2,0,0,0,1
1334366,1,2023,2023,10,5,8,11,36,232,34609,0,1,10,-33.69218,150.926819,71,0,2,0,3,0,0,0,2,2,7,50,0,395,395,1,5,5,2,0,0,0,2
1334368,2,2023,2023,10,2,10,36,27,438,25,0,1,10,-33.846413,151.021786,21,0,2,1,2,0,0,0,0,0,15,50,1,6545,6545,4,0,5,2,0,0,1,1
1334369,1,2023,2023,10,1,8,49,27,111,62,0,1,2,-33.704024,150.859538,7,0,2,1,3,0,3,4,2,0,7,70,2,1945,1945,5,15,40,1,0,0,0,1
1334371,2,2023,2023,1,6,3,194,31,48,34609,1,0,1,-33.926739,147.204747,51,2,1,1,3,0,0,0,1,0,7,50,0,4026,4026,1,5,5,2,0,0,1,0
1334374,2,2023,2023,10,6,8,26,27,111,34609,0,1,10,-33.700472,150.857519,7,0,2,1,3,0,0,0,2,0,15,60,0,5929,5929,1,5,36,2,0,0,1,0
1334376,2,2023,2023,5,2,8,346,17,44,332,0,1,7,-28.861875,153.519824,2,2,1,0,1,0,0,0,2,0,0,60,2,6545,6545,4,10,19,2,0,0,1,0
1334381,4,2023,2023,5,1,7,283,27,70,702,0,1,10,-33.977564,151.104925,25,0,2,1,0,0,0,0,2,2,7,60,2,19,19,1,5,10,2,0,1,0,0
1334384,1,2023,2023,10,0,7,2,31,9,34609,1,2,1,-33.015273,151.665297,37,0,2,1,1,0,0,0,2,0,7,40,0,2040,2040,9,0,28,2,0,0,0,1
1334385,1,2023,2023,10,2,11,387,27,204,331,0,1,1,-33.941605,151.13453,4,0,2,1,3,0,0,0,0,0,7,60,2,14295,14295,3,10,5,3,0,0,0,1
1334388,2,2023,2023,1,3,2,71,36,10,61,0,1,1,-34.411741,146.04163,28,1,0,1,0,0,0,0,0,0,7,100,2,9859,9859,8,10,40,1,0,0,1,0
1334389,4,2023,2023,10,2,5,39,31,193,145,0,1,10,-33.794978,151.071879,61,0,2,1,0,0,0,0,2,0,15,60,2,6545,6545,4,0,10,3,0,1,1,1
1334391,4,2023,2023,10,3,6,114,27,4,65,0,1,1,-33.395019,151.152494,16,2,2,0,0,0,0,0,2,0,7,70,1,380,714,5,16,40,1,0,1,0,0
1334392,4,2023,2023,10,3,8,27,27,49,28,0,1,2,-33.961776,151.212442,4,0,2,1,0,0,0,0,2,0,7,80,2,1383,1383,1,5,19,3,0,2,0,0
1334395,4,2023,2023,11,1,5,2261,17,30,2252,0,1,2,-35.626926,147.471269,27,1,0,1,0,0,0,0,2,0,7,110,2,4026,4026,8,0,40,1,0,1,2,0
1334397,4,2023,2023,10,3,5,19,27,11,16,0,1,1,-31.50634,152.572766,56,1,0,0,0,0,0,0,2,0,7,100,1,4552,5151,8,16,40,1,0,1,0,0
1334400,1,2023,2023,10,6,3,40,31,219,262,0,1,10,-32.906153,151.671187,48,0,2,1,1,0,0,0,2,2,7,60,2,6545,6545,4,5,5,3,0,0,0,1
1334401,1,2023,2023,10,5,4,283,27,145,702,0,1,10,-33.917466,151.065154,15,0,2,1,3,0,0,3,2,2,7,60,2,14295,14295,3,5,5,2,0,0,0,1
1334402,2,2023,2023,1,1,7,280,10,127,240,0,1,9,-33.841911,150.855538,24,0,2,1,1,0,0,0,2,2,7,70,2,14295,14295,3,5,10,2,0,0,1,0
1334404,2,2023,2023,10,3,9,56,27,323,38,1,0,9,-33.762667,150.981514,71,0,2,1,2,0,0,0,0,2,7,60,1,1669,1669,3,5,19,2,0,0,1,0
1334405,1,2023,2023,10,2,11,8,31,194,34609,0,1,10,-30.508992,151.650375,1,2,1,1,2,0,0,0,0,0,0,50,0,9859,9859,8,5,40,1,0,0,0,1
1334407,2,2023,2023,11,6,7,916,17,22,917,0,1,9,-32.775426,151.612264,42,2,1,1,3,0,0,0,2,2,7,80,2,14295,14295,3,10,5,2,0,0,1,0
1334411,4,2023,2023,1,1,9,10,31,188,17,0,1,9,-33.9442,151.093197,25,0,2,1,2,0,0,0,0,0,7,50,1,926,926,4,5,19,2,0,1,0,0
1334412,4,2023,2023,11,3,8,73,31,102,34609,0,1,9,-31.103401,150.916209,70,2,1,1,1,0,0,0,3,0,7,50,0,5929,5929,1,5,19,2,0,1,0,0
1334417,2,2023,2023,10,5,7,196,10,33,168,0,1,1,-33.96941,151.02842,15,0,2,1,0,0,0,0,2,0,7,70,2,3775,3775,0,5,5,3,0,0,1,0
1334418,2,2023,2023,10,0,11,12,27,154,34609,1,0,1,-33.711761,150.961179,71,0,2,1,2,0,3,4,0,0,7,50,0,9859,9859,1,5,0,2,0,0,1,0
1334421,2,2023,2023,10,1,6,89,36,13,81,0,1,1,-34.086951,148.732692,30,1,0,0,0,0,0,3,2,0,7,100,2,4552,5151,8,30,40,1,0,0,5,0
1334422,4,2023,2023,10,4,8,344,27,120,163,0,1,7,-33.742694,150.870265,7,0,2,1,3,0,0,0,2,2,7,60,2,6545,6545,4,5,5,2,0,1,0,0
1334423,1,2023,2023,10,1,5,6,31,84,34609,0,1,1,-33.894171,151.26351,76,0,2,1,1,0,0,0,2,0,7,50,0,1109,787,1,10,18,2,0,0,0,1
1334425,1,2023,2023,11,1,7,36,1,126,34609,0,1,7,-33.917859,150.808699,41,0,2,1,3,0,0,0,2,0,0,60,0,775,775,4,5,5,2,0,0,0,1
1334430,1,2023,2023,11,6,4,128,27,61,133,0,1,1,-33.826513,150.653616,55,0,2,1,0,0,0,0,2,0,7,80,2,14295,14295,3,0,0,3,0,0,0,1
1334432,2,2023,2023,10,0,7,15,27,27,34609,0,1,9,-30.179594,153.118176,19,2,1,0,0,0,0,0,2,0,7,80,0,4552,985,8,0,40,1,0,0,1,0
1334433,2,2023,2023,11,0,0,6,27,11,11,0,1,1,-34.579112,144.297991,51,1,0,1,0,0,0,0,0,0,7,100,1,4026,4026,8,3,40,1,0,0,1,0
1334434,1,2023,2023,11,5,8,4,27,2,34609,0,1,1,-33.723993,149.566293,3,1,0,0,3,0,0,0,4,0,7,100,0,2585,4009,8,10,40,1,0,0,0,1
1334436,4,2023,2023,11,3,6,1,34,1,34609,0,1,1,-34.500833,150.56225,78,1,0,0,0,2,0,0,2,0,7,100,0,404,404,8,16,40,1,0,1,0,0
1334439,4,2023,2023,11,1,7,19,31,24,34609,0,1,10,-33.965177,151.250424,59,0,2,1,0,0,0,0,2,0,15,50,0,6545,6545,4,0,5,2,0,1,0,0
1334440,1,2023,2023,10,6,9,344,27,62,382,0,1,2,-33.732295,150.847999,7,0,2,1,0,0,3,4,3,0,7,70,2,14295,14295,3,5,36,3,0,0,0,1
1334442,2,2023,2023,11,2,7,171,1,387,104,0,1,9,-33.933967,151.199251,4,0,2,1,1,0,0,0,2,2,7,60,2,5929,5929,1,5,0,2,0,0,2,0
1334449,2,2023,2023,10,3,11,191,27,193,208,0,1,10,-33.788431,151.08569,61,0,2,1,2,0,0,0,0,2,7,40,2,14295,14295,3,5,0,3,0,0,1,0
1334450,2,2023,2023,10,3,0,46,27,16,34609,0,1,1,-32.881332,151.621031,48,0,2,0,2,0,0,0,0,0,7,40,0,1850,1463,5,16,40,1,0,0,1,0
1334454,1,2023,2023,10,4,7,4,27,8,34609,0,1,1,-32.867732,151.362529,17,2,1,0,1,0,0,0,2,0,7,80,0,3775,3775,0,10,13,2,0,0,0,1
1334456,1,2023,2023,11,6,4,82,27,14,103,0,1,1,-28.353739,153.36103,72,1,0,0,1,2,0,0,2,0,7,100,1,4552,5151,8,0,40,1,0,0,0,3
1334457,1,2023,2023,10,4,3,3371,17,225,3342,0,1,10,-33.799315,151.178986,77,0,2,1,2,0,0,0,1,2,9,60,2,2040,2040,9,5,28,2,0,0,0,1
1334459,2,2023,2023,10,5,7,44,1,273,18,0,1,2,-34.42622,150.887362,80,0,2,1,1,0,0,0,2,0,7,50,1,186,186,9,22,28,2,0,0,1,0
1334461,1,2023,2023,10,4,8,109,27,460,106,0,1,9,-33.835634,150.985465,21,0,2,1,3,0,0,0,2,0,7,60,1,14295,14295,3,5,0,2,0,0,0,1
1334467,2,2023,2023,10,4,6,255,27,66,260,0,1,10,-32.932049,151.652842,37,0,2,1,1,0,0,0,2,2,7,60,2,6545,6545,4,10,5,2,0,0,1,0
1334469,2,2023,2023,11,0,7,9,1,187,34609,0,1,1,-33.89034,150.976676,15,0,2,1,1,0,0,0,2,0,7,50,0,9859,9859,8,5,40,1,0,0,1,0
1334470,1,2023,2023,10,5,7,1,27,8,34609,0,1,1,-33.641175,151.320561,50,0,2,1,0,0,0,0,2,0,7,50,0,1220,1220,9,5,28,2,0,0,0,1
1334479,1,2023,2023,6,5,7,2209,17,67,2205,1,0,1,-34.425283,150.872974,80,0,2,1,3,0,0,0,2,0,7,60,2,1945,1945,5,16,40,1,0,0,0,1
1334480,2,2023,2023,11,4,9,2,10,74,34609,0,1,1,-33.733752,151.045712,31,0,2,1,0,0,0,0,0,0,7,50,0,9859,9859,1,0,5,3,0,0,1,1
1334483,1,2023,2023,1,4,5,3,31,438,34609,0,1,1,-33.837665,151.027101,21,0,2,1,3,0,0,0,2,0,7,60,0,1109,787,1,5,19,2,0,0,0,1
1334485,1,2023,2023,10,6,4,68,27,98,208,0,1,10,-33.754268,151.067474,31,0,2,1,3,0,0,0,2,0,7,60,2,1383,1383,1,0,0,3,0,0,0,1
1334488,4,2023,2023,10,4,3,49,31,1,34609,1,0,10,-33.484871,150.154534,40,2,1,1,0,0,0,0,2,0,15,50,0,6545,6545,4,5,27,2,0,1,0,0
1334490,1,2023,2023,11,2,7,44,27,89,38,0,1,9,-33.855855,150.891835,24,0,2,1,3,0,0,0,2,2,7,60,1,775,775,4,19,5,2,0,0,0,1