Crash ID,Degree of crash - detailed,Reporting year,Year of crash,Month of crash,Day of week of crash,Two-hour intervals,Street of crash,Street type,Town,Route no.,School zone location,School zone active,Type of location,Latitude,Longitude,LGA,Urbanisation,Conurbation 1,Alignment,Street lighting,Road surface,Surface condition,Weather,Natural lighting,Signals operation,Other traffic control,Speed limit,Road classification,RUM - code,DCA - code,First impact type,Key TU type,Other TU type,No. of traffic units involved,No. killed,No. seriously injured,No. moderately injured,No. minor-other injured
1334491,2,2023,2023,11,1,6,14,27,20,34609,0,1,1,-33.460124,150.723509,29,2,2,0,0,2,0,0,2,0,7,60,0,1957,4009,8,10,40,1,0,0,1,0
1334494,2,2023,2023,10,6,4,157,17,48,158,0,1,1,-33.881371,147.021854,51,1,0,1,0,0,0,0,2,0,7,100,2,1089,1089,7,16,40,1,0,0,1,0
1334496,1,2023,2023,11,0,5,33,10,69,34609,0,1,1,-28.577868,153.481837,10,2,1,0,0,0,0,0,2,0,7,80,0,3775,3775,0,5,5,2,0,0,0,4
1334498,4,2023,2023,10,6,10,2209,17,74,2205,0,1,9,-34.435096,150.86192,80,0,2,1,2,0,0,0,0,2,7,60,2,5929,5929,1,5,0,2,0,3,0,0
1334501,4,2023,2023,10,0,7,8,27,3,34609,0,1,1,-31.117164,152.337614,56,2,1,1,0,2,0,0,2,0,7,80,0,1945,1945,5,16,40,1,0,1,0,0
1334504,2,2023,2023,6,5,4,24,1,145,52,0,1,1,-33.92391,151.135951,15,0,2,1,0,0,0,0,2,0,7,50,1,9859,9859,1,5,36,3,0,0,1,0
1334505,4,2023,2023,11,5,9,104,27,443,702,0,1,9,-33.91262,151.063382,15,0,2,1,2,0,0,0,0,0,7,70,2,2852,2852,4,10,13,2,0,1,1,1
1334508,2,2023,2023,10,5,5,2261,17,243,2252,0,1,9,-33.947862,150.907336,41,0,2,1,0,0,0,3,2,0,7,70,2,14295,14295,3,5,5,4,0,0,2,0
1334510,2,2023,2023,11,2,6,8,27,13,34609,0,1,1,-33.439292,150.232106,40,2,1,0,0,2,0,0,2,0,7,80,0,1850,1463,5,16,40,1,0,0,1,0
1334511,2,2023,2023,1,4,11,35,2,31,34609,0,1,2,-34.58272,150.861922,62,0,2,0,2,0,0,0,0,0,7,50,0,2585,4009,8,16,40,1,0,0,1,0
1334512,2,2023,2023,10,2,6,102,34,8,34609,0,1,1,-34.947788,150.468047,63,1,0,0,0,2,0,0,2,0,7,100,0,1850,1463,5,16,40,1,0,0,1,0
1334514,4,2023,2023,10,1,3,3,27,110,34609,0,1,1,-33.774977,151.009574,54,0,2,1,1,0,0,0,2,0,7,50,0,9859,9859,1,0,5,2,0,1,0,0
1334515,1,2023,2023,11,5,8,14,31,155,231,0,1,1,-33.48861,151.323189,16,2,2,1,0,0,0,0,2,0,7,50,2,1981,1981,4,33,18,2,0,0,0,1
1334518,4,2023,2023,1,3,5,9,27,7,34609,0,1,1,-33.089623,151.356433,16,2,2,0,0,2,0,0,2,0,7,50,0,1850,1463,5,16,40,1,0,1,0,0
1334520,1,2023,2023,10,2,11,1,27,18,34609,0,1,1,-34.17759,146.22964,51,1,0,0,0,2,0,0,0,0,7,100,0,1850,1463,5,10,40,1,0,0,0,1
1334522,2,2023,2023,1,2,10,27,31,70,34609,0,1,1,-32.900774,151.728884,48,0,2,0,2,0,0,0,0,0,7,50,0,4552,5151,8,16,40,1,0,0,1,0
1334524,1,2023,2023,10,2,10,2126,17,283,2149,0,1,10,-33.83066,151.012274,54,0,2,1,3,0,0,0,0,2,7,60,2,14295,14295,3,9,0,2,0,0,0,1
1334526,2,2023,2023,10,1,8,76,23,169,34609,0,1,7,-33.771693,150.834286,7,0,2,1,3,0,0,0,2,0,0,50,0,926,926,4,16,0,2,0,0,1,0
1334527,2,2023,2023,10,4,10,126,1,140,144,0,1,2,-33.779474,150.814323,7,0,2,1,2,0,0,0,0,0,7,70,2,14295,14295,3,5,5,3,0,0,2,0
1334534,4,2023,2023,11,5,11,10,31,70,34609,0,1,9,-34.845235,150.611182,63,2,1,1,2,0,0,0,0,0,0,50,0,256,256,4,22,27,2,0,1,1,0
1334535,1,2023,2023,10,0,2,168,17,47,212,0,1,1,-35.277161,149.423952,58,1,0,1,0,0,0,0,0,0,7,100,2,9859,9859,8,5,40,1,0,0,0,1
1334536,4,2023,2023,11,2,4,2,27,118,34609,0,1,10,-33.381441,151.287671,16,2,2,1,0,0,0,0,2,0,7,70,0,623,623,3,16,19,2,0,1,0,0
1334539,2,2023,2023,10,0,9,18,27,7,41,0,1,9,-33.298185,148.959094,11,1,0,1,3,0,0,0,3,0,7,100,1,623,623,3,0,13,2,0,0,1,0
1334540,1,2023,2023,10,5,3,29,31,273,18,0,1,7,-34.419333,150.892511,80,0,2,1,1,0,0,0,2,0,7,50,1,6545,6545,4,10,27,2,0,0,0,1
1334541,1,2023,2023,5,3,7,61,10,87,34609,0,1,1,-33.093884,151.466781,37,0,2,1,1,0,0,0,2,0,7,60,0,623,623,3,10,5,2,0,0,0,1
1334545,2,2023,2023,10,2,1,112,17,10,112,0,1,1,-31.745564,142.377299,51,1,0,1,0,0,0,0,0,0,7,110,2,475,475,5,3,40,1,0,0,1,0
1334546,4,2023,2023,1,4,10,4,1,188,34609,0,1,9,-33.943142,151.100165,25,0,2,1,2,0,0,0,0,0,7,50,0,489,489,8,5,40,1,0,1,0,0
1334547,1,2023,2023,10,3,7,112,27,151,256,0,1,9,-34.025677,150.833538,13,0,2,1,2,0,0,0,2,2,7,70,2,5929,5929,1,5,5,2,0,0,0,1
1334550,1,2023,2023,11,3,6,42,31,100,34609,0,1,10,-33.958311,151.155297,4,0,2,1,1,0,0,0,2,0,15,50,0,1669,1669,3,5,5,2,0,0,0,1
1334553,4,2023,2023,11,2,6,4,31,463,34609,0,1,1,-30.294998,153.117544,19,2,1,1,1,0,0,0,2,0,7,40,0,2040,2040,9,10,28,2,0,1,0,0
1334563,4,2023,2023,10,2,5,2261,17,92,2252,0,1,3,-33.991148,150.851479,13,0,2,1,0,0,0,0,2,0,7,110,2,9859,9859,8,5,40,1,0,1,0,0
1334564,2,2023,2023,5,0,8,29,31,252,233,0,1,9,-33.882623,151.217278,69,0,2,1,2,0,0,0,3,2,7,60,2,515,515,1,5,19,2,0,0,1,0
1334565,2,2023,2023,10,1,5,2209,17,61,2205,0,1,9,-35.876641,150.102056,23,1,0,1,0,0,0,3,2,0,7,100,2,4026,4026,8,5,40,1,0,0,1,0
1334567,4,2023,2023,5,3,8,157,17,10,158,0,1,1,-33.928164,145.905241,51,1,0,1,0,0,0,0,2,0,7,110,2,945,945,5,10,40,1,0,1,0,0
1334568,2,2023,2023,10,1,8,6,27,148,34609,0,1,1,-36.047243,146.938254,0,2,1,1,2,0,0,0,2,0,7,50,0,4026,4026,8,5,40,1,0,0,1,0
1334569,2,2023,2023,10,3,9,127,27,48,103,0,1,1,-32.917555,151.749841,48,0,2,1,1,0,0,0,2,0,7,60,1,1109,787,1,5,0,2,0,0,1,0
1334571,2,2023,2023,1,4,7,34,31,98,260,0,1,10,-33.013281,151.593204,37,0,2,1,1,0,0,0,2,2,9,60,2,2040,2040,9,10,26,2,0,0,1,0
1334573,4,2023,2023,10,4,10,12,24,29,34609,0,1,9,-33.723038,150.725833,55,0,2,1,2,0,0,0,0,0,0,50,0,5929,5929,1,5,19,2,0,1,0,0
1334576,4,2023,2023,11,0,8,6,27,21,34609,0,1,9,-33.874501,150.908224,24,0,2,1,1,0,0,0,2,0,7,50,0,6545,6545,4,5,0,2,0,1,0,0
1334578,2,2023,2023,11,1,7,105,17,223,136,0,1,1,-33.804538,150.915615,7,0,2,1,1,0,0,0,2,0,7,60,2,14295,14295,3,29,12,5,0,0,1,0
1334581,2,2023,2023,10,3,7,1,18,1,34609,0,1,9,-32.448122,149.73065,44,1,0,0,1,0,3,0,2,0,7,100,0,2585,4009,8,16,40,1,0,0,1,0
1334583,1,2023,2023,10,1,8,334,17,53,308,0,1,2,-31.089716,150.932008,70,2,1,1,1,0,0,0,2,0,7,50,2,14295,14295,3,0,5,4,0,0,0,1
1334586,2,2023,2023,10,5,7,3371,17,53,3342,0,1,2,-30.643846,152.967739,47,1,0,0,3,0,0,0,2,0,7,110,2,1259,5151,8,0,40,1,0,0,1,0
1334590,2,2023,2023,10,4,8,194,31,155,34609,0,1,7,-33.135602,148.174239,53,2,1,1,3,0,0,0,2,0,0,40,0,6545,6545,4,0,5,2,0,0,1,0
1334591,2,2023,2023,10,6,7,14,27,7,3,0,1,1,-34.98562,147.494992,75,1,0,1,3,0,0,0,2,0,7,100,1,9859,9859,8,30,40,1,0,0,1,0
1334599,2,2023,2023,10,4,7,6,27,85,34609,0,1,9,-34.574045,150.76026,62,0,2,1,1,0,0,0,2,0,0,50,0,2040,2040,9,0,26,2,0,0,1,0
1334603,1,2023,2023,11,6,6,119,31,433,34609,0,1,1,-33.281091,149.10633,52,2,1,1,0,0,0,0,2,0,7,50,0,1981,1981,4,10,25,2,0,0,0,1
1334605,1,2023,2023,10,5,4,515,14,166,518,0,1,3,-33.944472,150.982361,15,0,2,1,3,0,0,0,2,0,7,100,2,1383,1383,1,8,5,2,0,0,0,1
1334608,1,2023,2023,11,0,7,104,27,246,140,0,1,10,-33.920178,151.187809,69,0,2,1,3,0,0,0,2,2,7,60,2,14295,14295,3,0,0,2,0,0,0,2
1334609,1,2023,2023,10,5,3,162,31,65,122,0,1,2,-34.489992,150.888191,80,0,2,1,3,0,0,0,1,0,7,70,2,14295,14295,3,10,13,2,0,0,0,1
1334613,1,2023,2023,10,1,8,73,27,443,78,1,0,1,-33.905551,151.048373,15,0,2,1,3,0,0,0,2,0,7,60,2,14295,14295,3,5,0,3,0,0,0,1
1334620,1,2023,2023,10,1,4,2209,17,133,2205,0,1,10,-34.492751,150.795234,80,0,2,1,3,0,0,0,2,2,7,50,1,5929,5929,1,5,0,2,0,0,0,1
1334622,1,2023,2023,10,2,8,10,1,100,34609,0,1,7,-33.888791,150.886641,24,0,2,0,3,0,0,0,2,0,0,50,0,6545,6545,4,5,0,2,0,0,0,1
1334623,1,2023,2023,10,2,8,1,1,293,34609,0,1,1,-33.918438,151.052317,15,0,2,1,3,0,0,0,2,0,7,50,0,1981,1981,4,0,13,2,0,0,0,1
1334625,1,2023,2023,10,1,5,2261,17,14,2252,0,1,3,-34.006848,150.83216,13,0,2,0,3,0,0,0,2,0,7,110,2,1282,1282,1,0,40,3,0,0,0,1
1334629,1,2023,2023,11,5,6,16,27,90,34609,0,1,10,-33.889358,151.251066,81,0,2,1,0,0,0,0,2,2,7,50,0,14295,14295,3,10,5,2,0,0,0,1
1334632,1,2023,2023,10,3,6,177,22,239,176,0,1,10,-34.040003,151.120436,68,0,2,1,3,0,0,0,2,0,0,60,2,3775,3775,0,30,5,2,0,0,0,1
1334633,1,2023,2023,11,3,6,31,27,157,34609,0,1,10,-34.020573,151.095121,68,0,2,1,3,0,0,0,2,0,15,50,0,6545,6545,4,10,5,2,0,0,0,2
1334637,1,2023,2023,0,5,7,113,27,113,111,0,1,1,-33.826389,150.77844,55,0,2,1,3,0,0,0,2,0,7,80,2,14295,14295,3,8,13,2,0,0,0,1
1334638,4,2023,2023,10,1,4,1,31,247,34609,0,1,1,-33.828492,150.934724,21,0,2,1,3,0,0,0,2,0,7,50,0,9859,9859,1,0,4,2,0,1,0,0
1334639,4,2023,2023,10,5,4,8,1,40,79,0,1,10,-33.811796,151.210631,77,0,2,1,3,0,0,0,2,0,15,50,2,6545,6545,4,10,5,2,0,1,0,0
1334641,1,2023,2023,10,6,5,177,31,314,208,0,1,7,-33.860349,150.927515,24,0,2,1,3,0,0,3,2,0,0,60,1,6545,6545,4,5,0,2,0,0,0,1
1334647,1,2023,2023,10,2,6,104,27,137,140,0,1,9,-33.922463,151.203684,69,0,2,1,3,0,0,0,2,2,9,60,2,14295,14295,3,0,5,2,0,0,0,1
1334650,1,2023,2023,10,6,7,829,1,337,35,0,1,7,-33.730665,150.979581,71,0,2,1,3,0,0,0,2,0,0,50,1,1669,1669,3,9,36,2,0,0,0,1
1334652,1,2023,2023,10,6,8,20,31,150,140,1,0,9,-33.9253,151.236899,59,0,2,1,3,0,0,0,3,0,7,50,2,14295,14295,3,5,5,4,0,0,0,1
1334656,1,2023,2023,10,6,7,73,24,65,88,0,1,2,-33.709861,151.295528,50,0,2,0,3,0,0,0,2,2,9,70,2,2585,4009,8,0,40,1,0,0,0,1
1334657,4,2023,2023,1,2,10,330,1,144,34609,1,0,1,-34.063178,151.018401,68,0,2,0,0,0,0,0,0,0,7,50,0,4552,5151,8,16,40,1,0,1,0,0
1334661,2,2023,2023,9,6,3,220,14,133,220,0,1,3,-34.493161,150.802854,80,0,2,1,3,0,0,0,2,0,7,100,2,14295,14295,3,16,5,2,0,0,1,0
1334664,1,2023,2023,10,4,8,8,31,165,34609,0,1,10,-33.852117,151.156693,14,0,2,1,3,0,3,4,0,0,15,50,0,1282,1282,1,0,0,2,0,0,0,1
1334668,2,2023,2023,9,6,8,71,31,78,125,0,1,10,-33.861416,151.009955,21,0,2,1,3,0,0,0,2,0,0,60,1,5929,5929,1,5,5,2,0,0,1,0
1334669,1,2023,2023,10,6,8,39,31,246,99,0,1,1,-33.90263,151.196627,69,0,2,1,3,0,0,0,2,0,7,50,2,1981,1981,4,0,27,2,0,0,0,1
1334676,1,2023,2023,10,0,4,12,23,50,34609,0,1,1,-33.636641,151.329864,50,0,2,1,0,0,0,0,2,0,7,40,0,1981,1981,4,9,0,2,0,0,0,1
1334678,4,2023,2023,10,5,2,19,27,55,34609,0,1,1,-33.788627,150.881451,7,0,2,1,3,0,0,0,0,0,7,50,0,14295,14295,3,0,5,2,0,1,0,0
1334679,2,2023,2023,10,2,4,3371,17,42,3342,0,1,10,-33.823195,151.195501,49,0,2,0,3,0,0,0,2,3,7,60,2,3775,3775,0,0,5,2,0,0,1,0
1334680,2,2023,2023,5,2,6,224,27,137,321,0,1,9,-33.910887,151.202098,69,0,2,1,1,0,0,0,2,0,0,50,2,1945,1945,5,15,40,1,0,0,1,0
1334683,2,2023,2023,10,0,5,515,14,166,518,0,1,3,-33.944401,150.98112,15,0,2,1,3,0,0,0,2,0,7,60,2,9859,9859,8,0,40,1,0,0,1,0
1334688,1,2023,2023,11,0,7,67,31,102,34609,0,1,1,-33.954492,151.205031,4,0,2,1,3,0,0,0,2,0,7,50,0,9859,9859,1,9,0,2,0,0,0,1
1334690,1,2023,2023,10,0,4,56,27,323,38,1,2,9,-33.762667,150.981514,71,0,2,1,3,0,0,0,2,2,7,40,1,14295,14295,3,19,0,2,0,0,0,1
1334691,2,2023,2023,9,4,5,485,27,67,769,0,1,2,-33.659546,150.876776,71,0,2,1,3,0,0,0,2,0,7,80,2,1282,1282,1,0,13,2,0,0,1,0
1334701,2,2023,2023,10,3,10,2261,17,35,2252,0,1,3,-34.365603,150.54003,78,1,0,0,3,0,0,0,0,0,7,110,2,404,404,8,5,40,1,0,0,1,0
1334702,1,2023,2023,10,4,11,34,31,169,99,0,1,10,-33.90088,151.214942,69,0,2,1,3,0,3,4,0,2,7,60,2,14295,14295,3,5,5,2,0,0,0,1
1334703,1,2023,2023,10,5,3,5,1,130,34609,0,1,7,-34.456473,150.859714,80,0,2,1,3,0,0,0,2,0,0,60,0,1383,1383,1,29,0,2,0,0,0,1
1334705,1,2023,2023,10,6,8,866,17,278,793,1,0,2,-33.76665,151.047595,54,0,2,1,3,0,0,0,2,0,7,60,2,14295,14295,3,0,5,2,0,0,0,1
1334706,1,2023,2023,10,6,3,19,31,445,34609,0,1,1,-33.850977,151.059073,54,0,2,1,3,0,3,4,2,0,7,60,0,1109,787,1,5,0,2,0,0,0,1
1334707,2,2023,2023,10,2,5,512,17,433,441,0,1,1,-33.290238,149.133935,52,2,1,1,3,0,0,0,2,0,7,80,2,9859,9859,8,10,40,1,0,0,1,0
1334712,4,2023,2023,10,3,10,41,31,119,96,0,1,10,-33.873464,151.155152,32,0,2,1,3,0,0,0,0,2,7,50,2,6545,6545,4,0,13,2,0,1,0,0
1334713,2,2023,2023,10,4,8,916,17,9,917,0,1,1,-30.3971,151.694059,1,1,0,0,3,0,0,0,3,0,7,100,2,273,957,5,5,40,1,0,0,1,0
1334714,4,2023,2023,10,4,3,308,14,53,311,0,1,3,-33.910716,150.848055,41,0,2,1,0,0,0,0,2,0,7,100,2,14295,14295,3,8,35,2,0,1,0,0
1334722,1,2023,2023,10,4,10,2126,17,204,2149,0,1,9,-33.884384,151.134818,32,0,2,1,3,0,0,6,0,0,7,60,2,14295,14295,3,5,5,2,0,0,0,1
1334730,1,2023,2023,9,6,3,344,27,42,163,0,1,9,-33.74017,150.862502,7,0,2,1,3,0,2,6,2,3,7,70,2,14295,14295,3,5,5,2,0,0,0,1
1334733,1,2023,2023,10,6,8,283,27,197,702,0,1,9,-33.943109,151.077106,15,0,2,1,3,0,3,3,2,2,7,60,2,14295,14295,3,5,25,3,0,0,0,1
1334734,2,2023,2023,10,1,5,2209,17,17,2205,0,1,1,-36.552899,149.820898,5,1,0,0,3,0,3,4,2,0,7,90,2,2585,4009,8,0,40,1,0,0,1,0
1334735,2,2023,2023,10,1,4,54,27,646,30,0,1,2,-33.914605,151.040759,15,0,2,1,3,0,0,0,2,0,7,60,1,1981,1981,4,5,0,2,0,0,1,0
1334741,2,2023,2023,10,4,7,125,27,108,123,0,1,2,-33.31142,151.420475,16,2,2,1,3,0,0,0,2,0,7,70,2,14295,14295,3,9,12,3,0,0,1,0
1334742,1,2023,2023,10,3,6,171,27,143,34609,0,1,9,-33.883819,151.095949,9,0,2,1,3,0,0,0,2,0,7,50,0,515,515,1,21,19,2,0,0,0,1
1334745,4,2023,2023,11,4,11,39,36,11,79,0,1,1,-33.800941,151.210993,77,0,2,1,3,0,0,0,0,0,7,60,2,1669,1669,3,5,19,2,0,1,0,0
1334748,2,2023,2023,10,4,8,2126,17,65,2149,0,1,1,-33.541039,150.164968,40,2,1,0,3,0,3,4,3,0,7,80,2,1957,4009,8,0,40,1,0,0,1,0
1334749,2,2023,2023,10,0,7,2209,17,204,2205,0,1,2,-33.938778,151.148022,4,0,2,1,3,0,0,0,2,0,7,60,2,1391,1391,1,16,5,2,0,0,1,0
1334753,1,2023,2023,11,0,7,118,27,646,118,1,0,9,-33.906816,151.036001,15,0,2,1,0,0,0,0,2,0,0,60,1,623,623,3,5,5,2,0,0,0,1
1334755,4,2023,2023,11,1,4,866,17,278,793,0,1,1,-33.770784,151.051069,54,0,2,0,1,0,0,0,2,0,7,60,2,3775,3775,0,5,0,4,0,1,0,1
1334756,2,2023,2023,5,6,7,38,27,53,38,0,1,1,-33.378055,151.450994,16,2,2,0,0,0,0,0,2,0,7,70,1,380,714,5,0,40,1,0,0,1,0
1334757,4,2023,2023,1,2,9,1,31,201,34609,0,1,7,-34.885619,150.608268,63,2,1,1,2,0,0,0,0,0,0,40,0,368,368,9,10,26,2,0,1,0,0
1334759,4,2023,2023,1,5,3,829,27,165,770,0,1,2,-33.846479,151.15156,14,0,2,1,1,0,0,0,2,0,7,60,2,1282,1282,1,0,0,4,0,1,1,0
1334760,4,2023,2023,1,6,3,46,27,4,34609,0,1,1,-34.564466,150.868049,62,0,2,1,1,0,0,0,2,0,7,50,0,190,190,1,22,0,2,0,1,0,0
1334765,4,2023,2023,10,0,3,293,1,41,34609,0,1,10,-34.065828,150.694716,12,0,2,1,0,0,0,0,2,0,15,50,0,6545,6545,4,9,5,2,0,1,0,0
1334766,4,2023,2023,1,4,9,2,31,174,34609,0,1,9,-33.873044,150.923059,24,0,2,1,2,0,0,3,0,0,7,50,0,1220,1220,9,5,28,2,0,1,0,0
1334771,4,2023,2023,8,2,9,1,23,119,34609,0,1,1,-32.753527,151.760571,57,2,1,0,2,0,0,0,0,0,7,50,0,2585,4009,8,5,40,1,0,1,0,0
1334773,2,2023,2023,10,3,6,7,27,7,34609,0,1,1,-32.718022,152.168182,57,2,1,0,0,0,0,0,2,0,7,50,0,387,387,1,22,0,2,0,0,1,0
1334774,1,2023,2023,10,1,7,829,27,363,770,0,1,9,-33.808642,151.016281,54,0,2,1,1,0,0,0,2,0,2,60,2,2040,2040,9,33,28,2,0,0,0,1
1334777,1,2023,2023,10,2,10,3371,17,137,3342,0,1,2,-32.964421,151.695726,37,0,2,1,2,0,0,0,0,0,7,60,2,623,623,3,33,5,2,0,0,0,1
1334778,2,2023,2023,11,2,4,27,1,194,34609,0,1,10,-30.514059,151.671892,1,2,1,1,0,0,0,0,2,0,0,50,0,256,256,4,5,0,2,0,0,1,0
1334779,1,2023,2023,6,0,0,154,27,136,244,0,1,9,-33.912471,151.071589,15,0,2,1,2,0,3,4,0,0,7,60,2,4026,4026,8,16,40,1,0,0,0,1
1334780,4,2023,2023,10,0,10,330,10,13,34609,0,1,1,-28.618087,153.000542,51,2,1,0,2,0,0,0,0,0,7,50,0,3775,3775,0,10,22,2,0,1,1,0
1334781,4,2023,2023,11,2,7,177,31,237,208,0,1,9,-33.861564,150.95763,24,0,2,0,1,0,0,0,2,0,0,60,1,2852,2852,4,0,19,2,0,1,1,0
1334782,4,2023,2023,11,5,6,15,27,6,34609,0,1,1,-31.05483,150.969802,70,2,1,0,0,0,0,0,2,0,7,80,0,4552,5151,8,10,40,1,0,1,0,0
1334784,2,2023,2023,11,0,11,11,31,163,34609,0,1,1,-33.867835,151.105866,14,0,2,1,2,0,0,0,0,0,7,50,0,9859,9859,1,5,0,3,0,0,1,0
1334785,2,2023,2023,10,1,4,6,31,131,34609,0,1,7,-36.070014,146.912785,0,2,1,1,1,0,3,4,2,0,0,50,0,4026,4026,8,5,40,1,0,0,1,0
1334786,4,2023,2023,11,6,5,175,27,21,220,0,1,10,-33.738335,150.917863,7,0,2,1,0,0,0,0,2,2,7,70,2,19,19,1,30,10,3,0,1,0,0
1334787,4,2023,2023,11,5,8,1,1,145,19,0,1,9,-33.929669,151.12455,15,0,2,0,1,0,0,0,2,0,0,50,1,926,926,4,0,27,2,0,1,0,0
1334789,2,2023,2023,10,1,6,8,31,176,159,0,1,9,-33.952273,151.132854,4,0,2,1,0,0,0,0,2,0,0,60,2,775,775,4,5,5,2,0,0,2,0
1334790,2,2023,2023,10,3,7,8,27,20,34609,0,1,1,-29.196628,152.297365,51,2,1,0,0,2,0,0,2,0,7,80,0,1850,1463,5,16,40,1,0,0,1,0
1334791,4,2023,2023,11,0,10,2,18,57,34609,0,1,1,-33.607938,151.022835,31,0,2,1,0,0,0,0,0,0,7,50,0,9859,9859,8,5,40,1,0,1,0,0
1334793,2,2023,2023,10,6,7,25,27,219,29,1,2,7,-32.913995,151.665492,48,0,2,1,1,0,0,0,2,0,7,40,1,1220,1220,9,0,28,2,0,0,1,0
1334801,4,2023,2023,10,0,4,33,4,218,34609,0,1,9,-33.737262,150.767747,55,0,2,1,1,0,0,3,2,0,15,60,0,6545,6545,4,5,12,2,0,2,0,0
1334806,2,2023,2023,10,1,7,14,1,167,34609,0,1,2,-33.848788,151.061689,54,0,2,1,1,0,0,0,2,0,7,60,0,1192,1192,1,5,27,2,0,0,1,0
1334807,4,2023,2023,5,5,8,2126,17,19,2149,0,1,1,-33.430795,150.109181,40,1,0,1,0,0,0,0,2,0,7,100,2,14295,14295,3,5,10,3,0,1,0,0
1334809,2,2023,2023,1,6,9,87,1,225,19,0,1,9,-33.797745,151.183975,77,0,2,1,2,0,3,4,0,2,7,40,1,2040,2040,9,5,28,2,0,0,1,0
1334811,2,2023,2023,10,0,8,916,17,2,917,0,1,1,-31.327663,150.882225,70,1,0,0,0,0,0,0,2,0,7,100,2,4552,5151,8,19,40,1,0,0,1,1
1334815,1,2023,2023,10,4,5,37,31,43,34609,0,1,9,-32.558498,148.948265,22,2,1,1,0,0,0,0,2,0,0,50,0,1850,777,5,16,40,1,0,0,0,1
1334816,4,2023,2023,10,4,0,255,27,71,166,0,1,1,-33.262621,151.524381,16,2,2,1,2,0,0,0,0,0,7,50,2,9859,9859,8,5,40,1,0,1,0,0
1334818,4,2023,2023,10,0,8,44,31,215,34609,0,1,10,-35.119114,147.359612,75,2,1,1,0,0,0,0,2,0,0,50,0,6545,6545,4,22,0,2,0,1,0,0
1334820,2,2023,2023,1,4,3,13,27,8,34609,0,1,9,-35.188734,149.788525,26,1,0,0,0,2,0,0,2,0,7,100,0,2585,4009,8,0,40,1,0,0,1,0
1334822,2,2023,2023,10,0,8,85,31,219,34609,0,1,1,-32.902364,151.671196,48,0,2,1,1,0,0,0,2,0,7,60,0,1981,1981,4,10,5,2,0,0,1,0
1334824,4,2023,2023,10,1,3,515,14,55,518,0,1,3,-33.945929,150.896275,41,0,2,1,0,0,0,0,2,0,7,100,2,14295,14295,3,9,12,2,0,1,0,0
1334825,1,2023,2023,10,1,4,283,27,145,702,0,1,2,-33.921729,151.067839,15,0,2,1,1,0,0,0,2,0,7,60,2,14295,14295,3,5,5,4,0,0,0,1
1334833,4,2023,2023,10,4,10,93,1,31,231,0,1,9,-33.508599,151.330938,16,2,2,1,2,0,0,3,0,0,7,60,2,5929,5929,1,0,19,2,0,1,0,0
1334834,4,2023,2023,10,5,10,10,27,1,34609,0,1,1,-34.768925,150.625369,63,2,1,0,0,0,0,0,0,0,7,60,0,4552,5151,8,5,40,1,0,2,0,0
1334837,4,2023,2023,5,4,9,89,27,4,34609,0,1,1,-32.727403,151.494508,42,2,1,0,0,0,0,0,0,0,7,80,0,4552,5151,8,5,40,1,0,1,0,0
1334840,1,2023,2023,10,5,5,19,31,433,40,0,1,10,-33.284165,149.103632,52,2,1,1,1,0,0,0,2,2,7,50,1,6545,6545,4,22,0,2,0,0,0,1
1334843,2,2023,2023,5,6,5,3371,17,13,3342,0,1,1,-32.946404,151.727564,48,0,2,1,1,0,0,0,2,0,7,70,2,14295,14295,3,5,13,3,0,0,1,0
1334846,2,2023,2023,10,6,7,2126,17,33,2149,0,1,9,-33.71865,150.434282,8,2,2,1,1,0,0,0,2,0,15,70,2,591,591,1,22,5,2,0,0,1,0
1334849,2,2023,2023,10,2,5,2,27,2,62,0,1,1,-36.465627,150.062028,5,2,1,1,0,0,0,0,2,0,7,80,1,945,945,5,5,40,1,0,0,1,0
1334850,4,2023,2023,6,0,2,103,36,2,157,0,1,1,-29.008671,153.006483,60,2,1,0,0,0,0,1,1,0,7,40,2,1850,1463,5,5,40,1,0,1,0,0
1334851,2,2023,2023,1,3,7,23,27,4,34609,0,1,9,-28.782384,153.455266,2,2,1,1,0,0,0,0,2,0,0,60,0,6545,6545,4,5,0,2,0,0,1,0
1334852,2,2023,2023,11,3,10,3,1,74,34609,0,1,7,-34.026897,150.776664,12,0,2,1,1,0,0,0,0,0,0,50,0,6545,6545,4,29,25,2,0,0,1,0
1334853,4,2023,2023,10,0,6,13,27,96,34609,0,1,1,-34.049129,150.830166,13,0,2,1,1,0,0,0,2,0,7,60,0,941,941,1,5,5,3,0,1,0,0
1334854,4,2023,2023,10,6,4,481,17,48,483,0,1,1,-33.991174,147.156156,51,1,0,1,0,0,0,0,2,0,7,110,2,1945,1945,5,16,40,1,0,1,0,0
1334857,4,2023,2023,10,3,0,92,27,143,34609,0,1,1,-33.877688,151.103635,9,0,2,1,2,0,0,0,0,0,7,40,0,4026,4026,1,10,5,7,0,1,5,2
1334860,2,2023,2023,11,2,9,20,27,252,4,0,1,1,-33.945317,150.882144,41,0,2,1,2,0,0,0,3,0,7,60,1,14295,14295,3,5,0,2,0,0,1,0
1334863,1,2023,2023,10,3,6,9,31,56,21,0,1,7,-33.858839,151.177509,32,0,2,0,1,0,0,0,2,0,0,40,1,5929,5929,1,22,0,2,0,0,0,1