Crash ID,Degree of crash - detailed,Reporting year,Year of crash,Month of crash,Day of week of crash,Two-hour intervals,Street of crash,Street type,Town,Route no.,School zone location,School zone active,Type of location,Latitude,Longitude,LGA,Urbanisation,Conurbation 1,Alignment,Street lighting,Road surface,Surface condition,Weather,Natural lighting,Signals operation,Other traffic control,Speed limit,Road classification,RUM - code,DCA - code,First impact type,Key TU type,Other TU type,No. of traffic units involved,No. killed,No. seriously injured,No. moderately injured,No. minor-other injured
1334864,4,2023,2023,11,2,0,330,27,49,605,0,1,9,-33.712732,151.29718,50,0,2,1,2,0,0,0,0,2,9,60,2,214,214,9,10,28,2,0,1,0,0
1334866,2,2023,2023,1,5,3,475,31,80,75,0,1,9,-33.881665,151.208646,69,0,2,1,1,0,3,3,2,2,9,40,1,1945,1945,5,16,40,1,0,0,1,0
1334867,4,2023,2023,11,4,4,15,31,99,30,0,1,1,-33.888911,151.274223,76,0,2,1,1,0,0,0,2,0,7,40,1,1109,397,1,5,18,2,0,1,0,0
1334871,4,2023,2023,5,2,0,475,31,252,75,0,1,9,-33.886945,151.208252,69,0,2,1,2,0,0,0,0,0,7,40,1,2040,2040,9,5,28,2,0,1,0,0
1334873,4,2023,2023,5,2,7,334,17,41,308,0,1,1,-31.461597,152.814159,56,1,0,0,0,0,0,0,2,0,7,90,2,14295,14295,3,10,19,2,0,1,0,0
1334879,4,2023,2023,10,5,9,1,31,5,34609,0,1,1,-28.336775,153.378492,72,2,1,1,1,0,0,0,3,0,7,50,0,4026,4026,8,10,40,1,0,1,0,0
1334880,4,2023,2023,1,2,7,162,31,53,34609,1,0,10,-33.846401,150.965825,21,0,2,1,1,0,0,0,2,0,0,50,0,6545,6545,4,9,0,2,0,2,0,0
1334883,2,2023,2023,10,5,6,109,27,323,382,0,1,2,-33.788346,150.854298,7,0,2,1,1,0,0,0,2,0,7,60,2,3775,3775,0,21,5,2,0,0,1,0
1334887,4,2023,2023,10,1,7,24,27,57,36,0,1,9,-33.616681,150.990289,71,0,2,0,0,0,0,0,2,0,7,60,1,1669,1669,3,10,5,2,0,1,0,0
1334889,4,2023,2023,10,2,2,84,10,39,80,0,1,1,-34.320043,150.914308,80,0,2,0,2,0,0,0,0,0,7,50,2,4552,5151,1,5,5,3,0,1,0,0
1334894,4,2023,2023,1,2,3,158,27,138,207,0,1,9,-33.869658,151.269778,81,0,2,1,1,0,0,0,2,2,7,50,2,5929,5929,1,9,27,2,0,1,0,0
1334896,1,2023,2023,10,3,8,46,31,273,34609,0,1,1,-34.421236,150.891771,80,0,2,1,0,0,0,0,2,0,7,50,0,2040,2040,9,22,28,2,0,0,0,2
1334898,2,2023,2023,10,3,5,22,31,10,34609,0,1,10,-33.435278,151.344815,16,2,2,1,1,0,0,0,2,0,7,50,0,6545,6545,4,0,5,2,0,0,1,0
1334901,4,2023,2023,1,6,7,44,27,251,34609,0,1,9,-33.780971,150.927168,7,0,2,0,1,0,0,0,2,0,0,50,0,4552,5151,8,16,40,1,0,1,0,0
1334903,2,2023,2023,11,6,6,26,1,112,34609,0,1,10,-33.909694,151.20455,69,0,2,1,1,0,0,0,2,0,0,40,0,6545,6545,4,5,27,2,0,0,1,0
1334905,4,2023,2023,11,0,7,4,27,5,34609,0,1,1,-30.828111,152.712041,47,1,0,0,0,2,0,0,2,0,7,100,0,1850,1463,5,16,40,1,0,1,0,0
1334908,4,2023,2023,5,6,3,4,27,12,34609,0,1,1,-33.400602,149.919717,40,1,0,0,0,0,1,3,2,0,7,100,0,4552,5151,8,5,40,1,0,1,0,0
1334909,4,2023,2023,5,5,4,11,27,6,34609,0,1,1,-32.259186,148.47199,22,1,0,1,0,0,0,0,2,0,7,100,0,9859,9859,8,0,40,1,0,1,0,0
1334910,4,2023,2023,11,3,11,85,31,219,34609,0,1,7,-32.903985,151.667555,48,0,2,1,2,0,0,0,0,0,0,60,0,1669,1669,3,16,5,2,0,1,0,0
1334911,2,2023,2023,10,1,3,153,27,290,147,0,1,9,-33.949604,151.119937,4,0,2,1,1,0,0,0,2,0,7,60,2,5929,5929,1,0,25,2,0,0,1,1
1334912,4,2023,2023,10,0,5,90,31,112,165,0,1,2,-33.90708,151.213477,69,0,2,1,1,0,0,0,2,0,7,80,2,1383,1383,1,16,12,3,0,1,0,0
1334913,2,2023,2023,10,4,6,14,10,316,34609,0,1,1,-31.438856,152.886218,56,2,1,0,0,0,3,4,2,0,7,50,0,3775,3775,0,33,5,2,0,0,1,0
1334914,4,2023,2023,6,0,9,11,1,64,34609,0,1,9,-33.954614,151.010699,15,0,2,1,2,0,0,0,0,0,7,60,0,2852,2852,4,16,5,2,0,1,0,0
1334916,1,2023,2023,5,4,2,26,1,112,34609,0,1,10,-33.910439,151.204291,69,0,2,1,2,0,3,0,0,0,15,50,0,926,926,4,5,5,2,0,0,0,1
1334920,1,2023,2023,5,2,7,6,27,316,34609,0,1,1,-31.441339,152.885153,56,2,1,1,0,0,0,0,2,0,7,50,0,1981,1981,4,5,5,2,0,0,0,1
1334922,4,2023,2023,1,2,10,24,31,433,34609,0,1,1,-33.265265,149.101944,52,2,1,1,2,0,2,6,0,0,7,50,0,9859,9859,1,5,0,2,0,1,0,0
1334926,1,2023,2023,10,4,0,294,17,3,288,0,1,1,-34.731051,143.824593,51,1,0,0,0,0,0,0,0,0,7,110,2,3775,3775,0,5,2,2,0,0,0,1
1334928,4,2023,2023,6,3,2,4,1,107,34609,1,0,1,-33.279638,151.445759,16,2,2,1,0,0,0,0,0,0,7,60,0,9859,9859,8,5,40,1,0,1,0,0
1334929,2,2023,2023,11,6,6,1104,14,323,962,0,1,3,-33.799205,150.858508,7,0,2,1,0,0,0,0,2,0,7,100,2,1192,1192,1,0,13,3,0,0,1,0
1334931,2,2023,2023,10,3,2,132,31,252,126,0,1,10,-33.889952,151.207908,69,0,2,1,2,0,0,0,0,2,7,50,2,5929,5929,1,5,5,2,0,0,1,0
1334932,2,2023,2023,11,0,7,8,31,107,34609,0,1,10,-29.682367,152.92742,18,2,1,1,1,0,0,0,2,0,15,50,0,5929,5929,1,10,19,2,0,0,1,0
1334935,2,2023,2023,10,3,7,2,7,41,34609,0,1,9,-30.360846,153.087743,19,2,1,0,0,0,0,0,2,0,7,50,0,1192,1192,1,16,5,2,0,0,1,0
1334936,4,2023,2023,11,6,6,2,10,337,34609,0,1,1,-33.72299,151.011497,71,0,2,1,1,0,0,0,2,0,7,50,0,340,340,9,5,28,2,0,1,0,0
1334938,2,2023,2023,10,1,7,8,27,194,34609,0,1,1,-30.478811,151.73123,1,2,1,1,0,0,0,0,2,0,7,80,0,3775,3775,0,8,10,2,0,0,2,0
1334940,2,2023,2023,5,4,8,108,31,176,34609,0,1,9,-33.962371,151.132071,4,0,2,1,0,0,0,0,3,0,9,40,0,2040,2040,9,5,28,2,0,0,1,0
1334941,2,2023,2023,5,1,9,195,27,54,186,0,1,7,-33.861816,150.871988,24,0,2,1,1,0,0,0,0,0,0,70,2,14295,14295,3,5,19,2,0,0,1,0
1334945,4,2023,2023,1,0,11,2126,17,33,2149,0,1,2,-33.488305,150.134124,40,2,1,1,2,0,0,0,0,0,7,70,2,9859,9859,8,16,40,1,0,1,0,0
1334946,2,2023,2023,10,2,0,63,27,103,34,0,1,9,-32.946596,151.66673,37,0,2,1,2,0,0,0,0,0,0,60,1,2852,2852,4,5,19,2,0,0,1,0
1334947,4,2023,2023,1,4,11,4,27,55,34609,0,1,1,-33.881647,151.272681,76,0,2,1,2,0,0,0,0,0,7,50,0,9859,9859,1,0,6,2,0,1,0,0
1334948,1,2023,2023,11,0,9,165,31,532,34609,0,1,6,-33.872157,151.206993,69,0,2,1,2,0,3,0,0,0,7,20,0,1220,1220,9,22,28,2,0,0,0,1
1334951,4,2023,2023,5,2,5,7,7,2,34609,0,1,1,-28.329932,153.569956,72,2,1,1,3,2,2,6,2,0,7,50,0,4026,4026,1,5,0,2,0,1,0,0
1334954,2,2023,2023,6,2,8,38,1,30,34609,0,1,1,-31.055507,151.054433,70,2,1,1,0,0,0,0,2,0,7,50,0,9859,9859,1,5,0,4,0,0,1,0
1334956,4,2023,2023,10,0,1,171,1,12,34609,0,1,1,-32.551957,151.15816,64,2,1,0,0,0,0,0,0,0,7,50,0,14295,14295,3,0,27,2,0,1,0,0
1334959,2,2023,2023,10,0,10,2,27,4,34609,0,1,1,-33.034018,151.607366,37,0,2,0,3,0,3,4,0,0,7,50,0,2585,4009,8,5,40,1,0,0,2,0
1334964,4,2023,2023,6,0,4,105,17,223,34609,0,1,7,-33.809558,150.918179,7,0,2,1,2,0,0,0,2,0,0,60,0,6545,6545,4,8,19,2,0,1,0,0
1334969,2,2023,2023,5,4,8,192,31,316,120,1,0,9,-33.924721,151.23957,59,0,2,1,2,0,0,0,3,0,7,50,2,515,515,1,0,19,2,0,0,1,0
1334970,2,2023,2023,10,1,2,191,17,5,189,0,1,1,-32.109848,149.191533,22,1,0,1,0,0,0,0,0,0,7,100,2,9859,9859,8,9,40,1,0,0,1,0
1334974,2,2023,2023,9,6,6,126,1,226,144,0,1,2,-33.778259,150.814725,7,0,2,1,1,0,0,0,2,0,7,60,2,1383,1383,1,8,0,2,0,0,1,0
1334977,2,2023,2023,11,0,8,55,27,126,38,0,1,10,-33.949598,150.80211,41,0,2,1,1,0,0,0,3,1,7,80,2,14295,14295,3,0,19,2,0,0,1,0
1334979,4,2023,2023,1,4,7,1052,14,60,928,0,1,3,-33.43043,151.247025,16,1,2,1,0,0,0,0,2,0,7,110,2,14295,14295,3,9,10,2,0,1,0,0
1334981,1,2023,2023,6,0,11,132,31,174,126,0,1,10,-33.891777,151.214442,69,0,2,1,2,0,0,0,0,2,7,50,2,2040,2040,9,5,28,2,0,0,0,1
1334982,1,2023,2023,10,4,9,8,10,164,34609,0,1,9,-33.718036,150.890908,7,0,2,1,2,0,3,4,3,0,15,50,0,1669,1669,3,5,5,2,0,0,0,1
1334983,2,2023,2023,10,0,1,15,27,253,7,0,1,9,-33.966234,151.099673,25,0,2,0,2,0,0,0,0,0,0,60,1,4552,5151,8,0,40,1,0,0,1,0
1334984,1,2023,2023,10,1,6,27,31,438,34609,0,1,7,-33.851565,151.030242,21,0,2,1,0,0,3,4,2,0,0,50,0,2040,2040,9,10,28,3,0,0,0,2
1334985,4,2023,2023,10,1,2,19,31,445,34609,0,1,9,-33.851143,151.059396,54,0,2,1,0,0,0,0,0,0,7,50,0,1109,787,1,5,19,2,0,1,0,0
1334990,4,2023,2023,11,5,6,1,27,57,34609,0,1,9,-33.448914,151.376639,16,2,2,1,1,0,0,0,2,0,7,50,0,9859,9859,1,5,5,2,0,1,0,0
1334993,4,2023,2023,10,4,6,9,31,28,34609,0,1,1,-33.414664,149.558532,3,2,1,0,0,0,0,0,2,0,7,50,0,1850,1463,5,16,40,1,0,1,0,0
1334995,2,2023,2023,10,2,1,32,27,19,34609,0,1,1,-33.430422,149.960323,40,1,0,0,0,0,3,4,0,0,7,100,0,2585,4009,8,10,40,1,0,0,1,0
1334996,1,2023,2023,11,0,3,27,27,9,35,0,1,1,-28.378035,152.583603,51,1,0,0,0,0,0,0,2,0,7,100,1,2585,4009,8,10,40,1,0,0,0,1
1334998,4,2023,2023,10,4,9,2126,17,223,2149,0,1,2,-33.804682,150.925255,7,0,2,1,1,0,0,0,2,0,7,80,2,3775,3775,0,5,0,2,0,1,0,0
1335000,4,2023,2023,1,6,6,158,27,138,207,0,1,9,-33.867334,151.271819,81,0,2,0,0,0,0,0,2,0,7,50,2,1850,1463,5,16,40,3,0,1,0,0
1335006,4,2023,2023,6,1,4,132,31,174,126,0,1,9,-33.889225,151.202806,69,0,2,1,1,0,0,0,2,2,9,50,2,9859,9859,8,5,40,3,0,1,1,1
1335007,2,2023,2023,10,4,7,60,10,121,84,0,1,10,-28.194812,153.542714,72,2,1,1,1,0,0,0,2,2,7,60,1,1259,985,8,5,40,1,0,0,1,0
1335008,4,2023,2023,5,2,10,125,27,290,103,0,1,10,-33.863021,151.00623,21,0,2,0,2,0,2,2,0,2,7,60,1,2040,2040,9,5,28,2,0,1,0,0
1335010,4,2023,2023,6,4,9,3371,17,65,3342,0,1,2,-30.361747,153.05694,19,1,0,1,2,0,3,4,0,0,7,110,2,3775,3775,0,10,13,3,0,1,1,0
1335011,4,2023,2023,6,1,8,2,27,171,34609,0,1,1,-33.812326,150.959964,21,0,2,1,2,0,0,0,3,0,7,50,0,515,515,1,9,19,2,0,1,0,0
1335012,4,2023,2023,1,6,4,2209,17,273,2205,0,1,1,-34.425255,150.884904,80,0,2,0,0,0,3,3,2,0,7,50,2,1282,1282,1,5,19,2,0,1,0,0
1335013,4,2023,2023,11,2,7,6,27,7,34609,0,1,1,-34.240843,146.119857,28,1,0,1,0,0,0,0,2,0,7,100,0,475,475,5,10,40,1,0,1,0,0
1335014,4,2023,2023,10,2,8,42,27,37,30,0,1,1,-33.902343,151.254724,76,0,2,1,1,0,0,0,2,0,7,50,1,144,144,1,0,18,2,0,1,0,0
1335015,4,2023,2023,11,1,6,79,27,198,159,0,1,9,-33.921379,151.106485,15,0,2,1,1,0,0,0,2,0,0,60,2,6545,6545,4,0,18,2,0,1,0,0
1335016,4,2023,2023,1,2,5,37,27,46,41,0,1,1,-28.81965,153.284901,39,2,1,1,1,0,0,0,2,0,7,50,1,1981,1981,4,0,27,2,0,1,1,0
1335017,2,2023,2023,11,2,5,916,17,4,917,0,1,2,-32.707018,151.419234,42,1,0,0,1,0,3,0,2,0,7,90,2,1192,1192,1,30,5,3,0,0,1,0
1335018,4,2023,2023,10,3,4,133,27,6,174,0,1,9,-32.869896,151.424972,17,1,0,1,0,0,0,0,2,0,7,100,2,4026,4026,8,5,40,1,0,1,0,0
1335019,2,2023,2023,1,6,7,478,17,96,480,0,1,2,-33.435705,151.385297,16,2,2,0,0,0,0,0,2,0,7,60,2,1192,1192,1,0,0,2,0,0,1,0
1335020,4,2023,2023,10,2,8,512,17,433,441,0,1,1,-33.187796,149.020858,11,1,0,0,0,0,0,0,2,0,7,100,2,1850,1463,5,16,40,1,0,1,0,0
1335022,2,2023,2023,5,4,5,7,27,6,48,0,1,9,-32.699998,151.584906,42,2,1,0,0,0,0,0,2,0,7,60,1,4552,5151,8,5,40,1,0,0,1,0
1335026,2,2023,2023,5,5,9,100,27,109,799,0,1,1,-33.902662,151.143765,32,0,2,1,2,0,3,4,0,2,9,60,2,1220,1220,9,5,28,2,0,0,1,0
1335029,2,2023,2023,10,0,7,71,31,78,125,0,1,7,-33.857025,151.01095,21,0,2,1,0,0,0,0,2,0,0,60,1,14295,14295,3,0,5,2,0,0,1,0
1335032,2,2023,2023,10,5,4,485,27,67,769,0,1,10,-33.660068,150.881367,71,0,2,1,2,0,0,0,2,2,7,80,2,5929,5929,1,5,12,2,0,0,1,0
1335039,4,2023,2023,11,2,6,2261,17,92,2252,0,1,2,-34.001663,150.839837,13,0,2,1,0,0,0,0,2,0,7,110,2,14295,14295,3,5,19,5,0,1,1,0
1335045,4,2023,2023,11,6,10,3,27,19,34609,0,1,1,-31.407739,152.850805,56,2,1,1,0,2,0,0,0,0,7,80,0,4026,4026,8,0,40,1,0,1,1,0
1335046,2,2023,2023,10,1,5,16,31,106,34609,0,1,9,-28.868951,153.042105,60,2,1,1,0,0,0,0,2,0,0,50,0,5929,5929,1,10,27,2,0,0,1,0
1335049,2,2023,2023,1,3,3,2209,17,115,2205,0,1,2,-34.032364,151.074984,68,0,2,0,0,0,0,0,2,0,7,70,2,4552,5151,8,5,40,1,0,0,1,0
1335051,4,2023,2023,1,0,7,4,27,60,34609,0,1,1,-33.948904,150.950523,41,0,2,1,0,0,0,0,2,0,7,50,0,515,515,1,0,20,2,0,1,0,0
1335052,4,2023,2023,10,4,4,53,31,188,34609,0,1,7,-33.9426,151.107985,4,0,2,1,1,0,0,0,2,0,0,50,0,6545,6545,4,10,19,2,0,1,0,0
1335053,1,2023,2023,10,5,7,143,31,134,34609,0,1,10,-33.89154,151.252026,76,0,2,1,0,0,0,0,2,3,6,50,0,1383,1383,1,0,0,2,0,0,0,1
1335054,4,2023,2023,10,0,6,49,31,562,34609,0,1,1,-32.24554,148.5937,22,2,1,1,1,0,0,0,2,0,7,50,0,214,214,9,0,28,2,0,1,1,0
1335056,2,2023,2023,10,0,9,99,31,77,105,0,1,10,-33.866691,150.949306,24,0,2,1,1,0,0,0,2,2,7,60,1,6545,6545,4,5,36,2,0,0,1,0
1335057,2,2023,2023,11,2,5,6,31,76,34609,0,1,1,-35.358253,150.472789,63,2,1,1,1,0,0,0,2,0,7,40,0,9859,9859,1,22,0,2,0,0,1,0
1335062,4,2023,2023,11,2,9,3,27,57,34609,0,1,1,-33.610657,151.008782,71,0,2,0,0,0,0,0,0,0,7,60,0,121,121,9,33,28,2,0,1,0,0
1335068,2,2023,2023,1,5,3,56,27,106,80,0,1,9,-33.884167,151.178991,69,0,2,1,1,0,0,0,2,0,7,40,2,5929,5929,1,5,27,2,0,0,1,0
1335074,4,2023,2023,10,5,8,2126,17,139,2149,0,1,9,-33.882151,151.133185,32,0,2,0,1,0,0,0,2,0,0,60,2,1259,5151,8,5,40,1,0,1,0,0
1335078,2,2023,2023,10,4,7,344,27,89,382,0,1,1,-33.671266,150.806289,55,0,2,1,0,0,0,3,2,0,7,80,2,14295,14295,3,8,13,3,0,0,1,0
1335079,2,2023,2023,6,4,6,478,17,69,480,0,1,1,-33.363002,151.479849,16,2,2,1,3,0,2,6,2,0,7,50,2,3775,3775,0,5,0,2,0,0,1,0
1335081,2,2023,2023,10,5,6,7,10,63,34609,0,1,9,-33.249575,151.504473,16,2,2,0,1,0,0,0,2,0,7,50,0,6545,6545,4,22,0,2,0,0,1,0
1335082,4,2023,2023,11,3,5,177,22,239,176,0,1,10,-34.037507,151.118171,68,0,2,0,1,0,0,0,2,2,9,60,2,1220,1220,9,10,28,2,0,1,0,0
1335084,1,2023,2023,5,6,5,51,1,57,34609,0,1,7,-33.944354,151.222385,4,0,2,1,0,0,0,0,2,0,9,50,0,238,238,9,5,28,2,0,0,0,1
1335085,2,2023,2023,10,0,3,34,27,38,117,0,1,9,-32.928918,151.693572,48,0,2,0,1,0,3,4,2,2,7,60,2,6545,6545,4,5,0,2,0,0,1,0
1335088,2,2023,2023,10,1,7,2126,17,75,2149,0,1,2,-33.726734,150.386875,8,2,2,1,1,0,0,0,2,0,7,80,2,190,190,1,9,13,3,0,0,1,0
1335090,4,2023,2023,11,3,8,1,27,17,34609,0,1,1,-34.683446,150.537804,63,2,1,0,0,2,0,0,2,0,7,50,0,3775,3775,0,16,5,2,0,1,0,0
1335092,2,2023,2023,1,6,7,191,27,370,68,0,1,1,-34.05826,150.815687,13,0,2,1,1,0,0,0,2,0,7,60,1,1981,1981,4,5,5,3,0,0,1,0
1335093,1,2023,2023,10,5,8,36,27,44,34609,0,1,9,-28.830411,153.423494,2,2,1,0,0,0,0,0,2,0,7,60,0,926,926,4,21,5,2,0,0,0,1
1335094,2,2023,2023,10,4,3,27,31,107,157,0,1,7,-29.689615,152.934848,18,2,1,1,1,0,0,0,2,0,0,40,2,6545,6545,4,5,27,2,0,0,1,0
1335097,2,2023,2023,1,6,8,19,31,234,34609,0,1,10,-34.289356,146.035084,28,2,1,0,1,0,0,0,2,0,0,50,0,6545,6545,4,5,0,2,0,0,3,0
1335101,4,2023,2023,11,2,9,1,27,1,34609,0,1,1,-35.534858,145.447235,51,1,0,0,0,2,0,0,3,0,7,100,0,2585,4009,8,10,40,1,0,2,1,0
1335103,2,2023,2023,10,1,3,158,27,68,207,0,1,1,-33.878535,151.241545,81,0,2,0,1,0,0,0,1,0,7,60,2,5929,5929,1,5,19,2,0,0,1,0
1335108,1,2023,2023,1,1,8,2126,17,283,2149,0,1,9,-33.824939,151.004537,54,0,2,1,2,0,0,0,3,2,7,60,2,623,623,3,0,5,2,0,0,0,1
1335109,2,2023,2023,5,1,6,916,17,91,917,0,1,2,-32.802466,151.640088,48,0,2,0,0,0,0,0,2,0,7,90,2,4552,5151,8,5,40,1,0,0,1,0
1335112,4,2023,2023,11,5,7,2209,17,59,2205,0,1,10,-34.33726,150.910815,80,0,2,1,1,0,0,0,2,2,7,60,2,5929,5929,1,0,27,2,0,1,1,0
1335113,2,2023,2023,1,1,4,92,27,11,36,0,1,7,-35.722492,150.191656,23,2,1,0,1,0,3,4,2,0,0,60,1,1850,1463,5,16,40,1,0,0,1,0
1335115,4,2023,2023,1,6,6,512,17,11,441,0,1,2,-33.362553,149.177869,52,1,0,1,0,0,0,3,2,0,7,100,2,1383,1383,1,31,35,2,0,1,0,0
1335118,2,2023,2023,10,4,7,63,27,103,34,0,1,9,-32.946596,151.66673,37,0,2,1,0,0,0,0,2,0,7,60,1,14295,14295,3,5,0,2,0,0,1,1
1335119,4,2023,2023,11,4,1,17,27,5,14,0,1,1,-35.757152,147.460562,27,1,0,1,0,0,0,0,0,0,7,100,1,4026,4026,8,34,40,1,0,1,0,0
1335123,1,2023,2023,11,4,8,143,31,173,181,0,1,1,-33.881558,151.218872,69,0,2,1,1,0,0,0,2,2,9,50,2,2040,2040,9,22,28,2,0,0,0,1
1335125,2,2023,2023,10,1,7,225,17,32,180,0,1,1,-34.56909,150.62439,78,2,1,0,0,0,0,0,2,0,7,60,2,4552,5151,8,5,40,1,0,0,1,0
1335126,2,2023,2023,11,3,6,829,31,26,34609,0,1,4,-33.281877,151.569749,16,2,2,0,0,0,0,0,2,0,7,50,0,1850,1463,5,16,40,1,0,0,1,0
1335127,2,2023,2023,10,3,8,8,27,48,34609,0,1,1,-29.143678,152.19415,51,1,0,0,0,2,0,0,2,0,7,100,0,3775,3775,0,16,0,2,0,0,1,0
1335128,4,2023,2023,11,2,0,387,27,290,331,0,1,10,-33.948206,151.127863,4,0,2,1,2,0,0,0,0,2,7,60,2,14295,14295,3,5,35,2,0,1,0,0
1335130,1,2023,2023,10,1,6,168,27,8,34609,0,1,1,-28.665344,153.431825,10,1,0,0,0,0,0,0,2,0,7,100,0,2585,4009,8,0,40,1,0,0,0,1
1335133,4,2023,2023,1,0,9,8,31,197,147,0,1,9,-33.956153,151.076952,25,0,2,1,2,0,0,0,0,0,7,60,2,1220,1220,9,5,28,2,0,1,0,0
1335135,1,2023,2023,11,6,7,29,31,252,233,0,1,10,-33.885041,151.218198,69,0,2,1,1,0,0,0,2,2,9,60,2,591,591,1,22,5,2,0,0,0,1
1335142,2,2023,2023,10,2,7,18,36,5,19,0,1,1,-32.571492,148.922267,22,2,1,0,0,2,0,0,2,0,8,40,1,4552,5151,8,0,40,1,0,0,1,0
1335144,4,2023,2023,5,5,5,11,31,370,14,0,1,7,-34.068546,150.808703,13,0,2,0,1,0,0,0,2,0,0,60,1,395,395,1,5,13,2,0,1,0,0
1335147,4,2023,2023,11,4,9,2261,17,201,2252,0,1,3,-33.989236,150.853404,13,0,2,1,2,0,0,0,0,0,7,110,2,9859,9859,8,10,40,1,0,1,0,0
1335148,4,2023,2023,10,3,10,39,23,98,34609,0,1,1,-33.016045,151.592775,37,0,2,1,2,0,0,0,0,0,7,50,0,4026,4026,1,30,5,2,0,1,0,0
1335150,2,2023,2023,10,1,6,42,31,316,34609,0,1,10,-33.920819,151.236466,59,0,2,1,0,0,0,0,2,0,0,50,0,6545,6545,4,5,0,2,0,0,1,1
1335151,1,2023,2023,11,3,8,36,31,252,34609,0,1,9,-33.881808,151.217725,69,0,2,1,3,0,2,6,3,0,6,40,0,941,941,1,5,19,2,0,0,0,1
1335153,2,2023,2023,10,4,7,16,1,202,118,0,1,9,-33.937283,151.027013,15,0,2,1,1,0,0,0,2,0,0,60,1,2040,2040,9,5,28,2,0,0,1,0
1335155,1,2023,2023,10,6,7,71,31,35,34609,0,1,1,-31.078818,152.840939,34,2,1,1,0,0,0,0,2,0,7,50,0,2040,2040,9,10,28,2,0,0,0,1
1335156,2,2023,2023,10,2,6,59,27,271,42,1,0,10,-33.94524,151.018033,15,0,2,1,1,0,0,0,2,2,7,60,1,5929,5929,1,5,5,2,0,0,1,0
1335158,4,2023,2023,11,2,6,2126,17,136,2149,0,1,9,-33.858491,151.069606,67,0,2,1,2,0,0,0,2,2,7,60,2,14295,14295,3,5,0,3,0,1,0,0
1335160,2,2023,2023,5,1,8,8,27,5,34609,0,1,1,-28.506947,153.494676,10,2,1,1,0,0,0,0,2,0,0,80,0,3775,3775,0,0,13,2,0,0,1,0
1335165,4,2023,2023,10,5,7,3371,17,20,3342,0,1,2,-29.568254,153.148233,18,1,0,1,0,0,0,0,2,0,7,110,2,9859,9859,8,10,40,2,0,1,0,1
1335166,1,2023,2023,1,4,7,3371,17,40,3342,0,1,9,-33.819022,151.183396,38,0,2,1,2,0,0,0,2,2,7,60,2,312,312,2,19,40,1,0,0,0,1
1335175,1,2023,2023,9,0,6,68,27,98,208,1,0,1,-33.747421,151.064038,31,0,2,1,3,0,0,0,2,0,7,60,2,1282,1282,1,5,5,2,0,0,0,1
1335178,1,2023,2023,9,6,7,2126,17,60,2149,0,1,2,-33.767237,150.753959,55,0,2,1,0,0,0,0,2,0,7,80,2,14295,14295,3,5,0,5,0,0,0,2
1335179,4,2023,2023,1,1,8,35,27,155,231,0,1,2,-33.496381,151.32883,16,2,2,1,0,0,0,0,2,0,7,60,2,14295,14295,3,15,0,2,0,1,0,0
1335180,4,2023,2023,10,2,8,9,31,79,34609,0,1,9,-34.003529,150.736515,12,0,2,1,1,0,0,0,2,0,7,50,0,2852,2852,4,22,13,3,0,1,0,0
1335183,2,2023,2023,10,0,10,118,17,35,118,0,1,1,-30.075363,147.573002,51,1,0,1,3,0,0,0,0,0,7,100,2,1945,1945,5,16,40,1,0,0,1,0
1335185,2,2023,2023,9,0,6,3,27,187,34609,0,1,1,-33.881579,150.974682,24,0,2,1,3,0,0,0,2,0,7,50,0,1383,1383,1,8,5,3,0,0,1,0
1335188,2,2023,2023,10,2,10,114,27,24,228,0,1,1,-33.54003,150.920519,71,0,2,0,0,0,0,0,0,0,7,80,2,4552,5151,8,5,40,1,0,0,1,0
1335189,2,2023,2023,1,1,0,26,1,21,34609,0,1,1,-33.683687,151.090822,31,0,2,0,2,0,0,0,0,0,7,50,0,2585,4009,1,30,13,4,0,0,1,0
1335199,1,2023,2023,9,4,3,11,27,62,29,0,1,1,-33.746996,151.263278,50,0,2,1,3,0,0,0,2,0,7,50,1,9859,9859,1,5,5,2,0,0,0,1
1335200,1,2023,2023,10,3,5,2126,17,125,2149,0,1,9,-33.864469,151.083488,67,0,2,1,2,0,0,0,2,2,7,60,2,926,926,4,5,5,2,0,0,0,1
1335204,2,2023,2023,10,0,3,5,31,207,34609,0,1,10,-31.986737,141.464608,51,2,1,1,1,0,0,0,2,0,0,50,0,2852,2852,4,0,18,2,0,0,1,0
1335206,1,2023,2023,10,2,6,2261,17,17,2252,0,1,2,-34.800791,149.292138,74,1,0,1,0,0,0,0,2,0,7,110,2,475,475,5,16,40,1,0,0,0,1
1335208,4,2023,2023,11,5,6,22,31,59,47,0,1,9,-32.891137,151.724803,48,0,2,1,1,0,0,0,2,0,0,50,2,1282,1282,1,0,5,2,0,1,0,0
1335210,2,2023,2023,9,4,4,3,27,194,13,0,1,9,-30.49958,151.670725,1,2,1,1,3,0,0,0,2,0,0,50,1,14295,14295,3,5,5,2,0,0,1,0
1335211,2,2023,2023,10,0,6,8,27,11,34609,0,1,1,-32.615565,151.439329,42,2,1,1,0,0,2,6,2,0,7,80,0,4026,4026,8,5,40,1,0,0,1,2
1335217,2,2023,2023,9,4,2,361,31,445,59,0,1,7,-33.86469,151.047896,21,0,2,1,3,0,0,0,0,0,0,60,1,926,926,4,5,5,2,0,0,1,0