Crash ID,Degree of crash - detailed,Reporting year,Year of crash,Month of crash,Day of week of crash,Two-hour intervals,Street of crash,Street type,Town,Route no.,School zone location,School zone active,Type of location,Latitude,Longitude,LGA,Urbanisation,Conurbation 1,Alignment,Street lighting,Road surface,Surface condition,Weather,Natural lighting,Signals operation,Other traffic control,Speed limit,Road classification,RUM - code,DCA - code,First impact type,Key TU type,Other TU type,No. of traffic units involved,No. killed,No. seriously injured,No. moderately injured,No. minor-other injured
1335219,2,2023,2023,10,3,10,3,31,163,34609,0,1,1,-33.861814,151.098929,14,0,2,1,3,0,0,0,0,0,7,50,0,14295,14295,3,5,0,2,0,0,1,1
1335223,2,2023,2023,10,5,6,47,27,65,34609,0,1,2,-32.925278,151.786542,48,0,2,1,1,0,0,0,2,0,7,30,0,9859,9859,1,5,36,2,0,0,1,0
1335227,4,2023,2023,1,6,9,24,31,237,34609,0,1,9,-33.870341,150.95335,24,0,2,1,2,0,0,0,0,0,7,40,0,6545,6545,4,22,41,2,0,1,0,0
1335229,1,2023,2023,9,6,4,177,22,239,176,0,1,9,-34.0423,151.12235,68,0,2,1,3,0,0,3,2,0,6,60,2,5929,5929,1,0,0,2,0,0,0,1
1335230,2,2023,2023,11,2,7,112,17,207,112,0,1,1,-31.905192,141.643725,51,1,0,0,0,0,0,0,2,0,7,110,2,14295,14295,3,16,19,2,0,0,2,0
1335231,2,2023,2023,10,3,1,11,7,74,34609,0,1,1,-34.436224,150.858722,80,0,2,0,2,0,0,0,0,0,7,50,0,4552,5151,1,0,5,3,0,0,1,0
1335232,2,2023,2023,1,3,8,63,27,103,34,0,1,1,-32.949019,151.670271,37,0,2,0,1,0,0,0,2,0,7,60,1,1259,5151,1,5,5,2,0,0,1,0
1335233,2,2023,2023,10,1,5,1,1,64,34609,0,1,9,-32.947181,151.696255,48,0,2,1,1,0,0,0,2,0,7,50,0,1981,1981,4,5,0,2,0,0,1,0
1335249,1,2023,2023,10,4,7,25,27,15,260,0,1,9,-32.972729,151.606217,37,0,2,0,3,0,0,0,2,0,7,70,2,14295,14295,3,0,5,2,0,0,0,1
1335251,4,2023,2023,11,1,4,37,27,21,34609,0,1,1,-33.27381,151.404817,16,2,2,1,1,0,0,0,2,0,7,80,0,623,623,3,9,13,2,0,1,0,0
1335257,1,2023,2023,10,0,7,4,31,112,34609,0,1,1,-33.613551,150.812493,29,2,2,1,3,0,0,6,2,0,7,50,0,1981,1981,4,5,27,2,0,0,0,1
1335259,1,2023,2023,5,4,10,29,31,139,69,0,1,10,-33.873259,151.133039,32,0,2,1,3,0,0,0,0,0,0,60,2,6545,6545,4,5,18,2,0,0,0,1
1335262,2,2023,2023,9,4,6,95,31,346,59,0,1,9,-33.867597,151.063622,67,0,2,1,3,0,0,0,2,2,7,60,1,14295,14295,3,5,13,2,0,0,1,0
1335263,2,2023,2023,10,2,8,149,36,120,113,0,1,9,-32.253856,152.535841,43,1,0,1,1,0,0,0,3,0,7,100,1,1669,1669,3,5,5,2,0,0,1,1
1335266,1,2023,2023,9,4,4,11,1,111,34609,0,1,1,-33.697761,150.865356,7,0,2,1,1,0,0,0,2,0,7,50,0,1220,1220,9,5,28,2,0,0,0,1
1335268,1,2023,2023,11,2,4,21,27,36,34609,0,1,1,-34.399161,150.851252,80,0,2,0,0,0,0,0,2,0,7,60,0,1957,4009,8,16,40,1,0,0,0,1
1335278,4,2023,2023,9,6,7,11,31,120,81,0,1,2,-32.17991,152.508775,43,2,1,0,0,0,0,0,2,0,7,50,2,1957,4009,8,0,40,1,0,1,0,0
1335280,4,2023,2023,1,5,8,2126,17,149,2149,0,1,10,-33.818035,150.981769,21,0,2,1,1,0,0,0,3,2,7,60,2,5929,5929,1,5,19,2,0,1,1,0
1335283,4,2023,2023,10,1,9,1,10,22,34609,0,1,1,-33.811886,150.930417,21,0,2,1,2,0,0,0,0,0,7,50,0,9859,9859,1,34,5,2,0,1,0,0
1335284,4,2023,2023,6,2,3,1052,14,21,928,0,1,3,-33.275912,151.405351,16,1,2,1,0,0,0,0,0,0,7,110,2,9859,9859,8,5,40,1,0,1,0,0
1335286,4,2023,2023,11,1,6,59,31,107,321,0,1,10,-33.877873,151.198658,69,0,2,1,2,0,0,0,2,1,7,50,2,1282,1282,1,21,19,2,0,1,0,0
1335292,4,2023,2023,11,3,3,8,27,10,34609,0,1,1,-33.446617,149.169766,51,2,1,1,0,0,2,6,2,0,7,80,0,3775,3775,0,10,12,2,0,2,0,0
1335300,4,2023,2023,10,1,3,1,27,168,34609,0,1,10,-33.703489,150.820517,7,0,2,1,3,0,0,0,2,0,0,50,0,926,926,4,0,36,2,0,2,0,0
1335301,2,2023,2023,1,6,9,4,1,144,34609,1,0,9,-34.062508,151.011341,68,0,2,0,2,0,3,4,0,0,7,50,0,3775,3775,0,5,0,2,0,0,1,0
1335306,4,2023,2023,9,2,5,35,27,363,24,0,1,7,-33.760844,150.686378,55,0,2,1,0,0,0,0,2,0,0,60,1,14295,14295,3,0,13,2,0,1,0,0
1335307,1,2023,2023,10,0,7,82,27,21,34609,0,1,1,-34.37762,150.91335,80,0,2,1,0,0,0,0,2,0,7,50,0,121,121,9,0,28,2,0,0,0,1
1335311,4,2023,2023,11,6,4,6,18,44,34609,0,1,9,-28.830429,153.423393,2,2,1,1,1,0,0,0,2,0,7,60,0,5929,5929,1,5,5,2,0,1,1,0
1335312,4,2023,2023,10,0,6,25,1,80,139,0,1,2,-34.551718,146.401727,51,2,1,1,3,0,0,0,2,0,7,50,2,941,941,1,10,13,2,0,1,0,0
1335314,4,2023,2023,10,3,5,283,27,91,702,0,1,9,-33.965791,151.094677,25,0,2,1,1,0,0,0,2,2,7,60,2,14295,14295,3,5,0,2,0,1,1,0
1335315,1,2023,2023,10,2,6,37,27,61,105,0,1,9,-33.886926,150.913198,24,0,2,1,3,0,0,0,2,0,7,60,1,941,941,1,0,0,3,0,0,0,1
1335316,1,2023,2023,10,5,6,3371,17,63,3342,0,1,9,-28.18046,153.520651,72,2,1,0,1,0,0,0,2,2,5,60,2,6545,6545,4,10,12,2,0,0,0,1
1335318,1,2023,2023,9,2,6,26,31,290,34609,0,1,10,-33.952881,151.127752,4,0,2,1,0,0,3,4,2,0,15,50,0,6545,6545,4,15,5,2,0,0,0,1
1335320,2,2023,2023,9,0,6,866,17,187,793,0,1,10,-33.795458,150.989598,54,0,2,1,1,0,0,0,2,2,7,70,2,5929,5929,1,0,0,3,0,0,1,0
1335322,4,2023,2023,5,4,10,2,27,80,34609,0,1,1,-34.535856,146.420013,51,2,1,0,0,0,3,4,0,0,7,60,0,2585,4009,8,5,40,1,0,2,0,0
1335323,2,2023,2023,10,6,8,481,17,562,483,0,1,10,-32.249975,148.591857,22,2,1,1,1,0,0,0,2,2,7,60,2,5929,5929,1,5,5,3,0,0,2,0
1335326,1,2023,2023,10,5,8,866,17,149,793,0,1,2,-33.816637,150.963161,21,0,2,0,1,0,0,0,2,0,7,70,2,14295,14295,3,10,0,2,0,0,0,1
1335327,1,2023,2023,9,6,9,230,27,197,284,0,1,2,-33.793279,151.132895,61,0,2,1,3,0,0,0,3,0,7,70,2,14295,14295,3,16,5,2,0,0,0,1
1335328,4,2023,2023,10,6,6,3,27,6,1,0,1,1,-31.566375,147.945632,51,1,0,1,0,2,3,4,2,0,7,110,1,9859,9859,8,10,40,1,0,1,0,0
1335331,4,2023,2023,10,4,7,58,31,13,34609,0,1,10,-33.366661,151.486139,16,2,2,1,1,0,0,0,2,0,0,50,0,6545,6545,4,5,0,2,0,1,0,0
1335333,2,2023,2023,10,6,5,100,31,157,769,0,1,10,-33.803199,151.003199,54,0,2,1,1,0,0,0,2,2,7,60,2,5929,5929,1,0,10,2,0,0,2,0
1335334,2,2023,2023,10,2,7,48,31,363,34609,0,1,10,-33.814908,151.009299,54,0,2,1,1,0,0,0,2,2,9,40,0,2040,2040,9,5,28,2,0,0,1,0
1335337,4,2023,2023,11,3,5,103,36,17,66,0,1,1,-32.03009,152.271551,43,1,0,0,0,0,0,0,2,0,7,90,1,380,714,5,10,40,1,0,1,0,0
1335338,4,2023,2023,10,4,7,57,27,155,75,0,1,1,-33.497119,151.30072,16,2,2,1,0,0,0,0,2,0,7,60,1,14295,14295,3,30,5,4,0,1,0,0
1335339,4,2023,2023,11,0,3,133,1,22,34609,0,1,9,-34.467535,150.872312,80,0,2,1,1,0,0,0,2,0,9,50,0,14295,14295,3,5,5,2,0,1,0,1
1335340,1,2023,2023,10,5,7,95,27,50,605,1,0,9,-33.633316,151.331147,50,0,2,0,1,0,0,0,2,2,7,60,2,926,926,4,16,13,2,0,0,0,1
1335341,2,2023,2023,10,0,9,4,31,155,34609,0,1,7,-33.134604,148.165454,53,2,1,1,0,0,0,0,2,0,0,50,0,6545,6545,4,5,0,2,0,0,1,0
1335342,2,2023,2023,10,1,9,14,31,201,34609,0,1,7,-34.003135,150.861305,13,0,2,1,2,0,0,0,0,0,0,60,0,6545,6545,4,17,13,2,0,0,1,1
1335343,2,2023,2023,10,0,3,348,27,169,100,0,1,10,-33.602005,150.733855,29,2,2,1,0,0,0,0,2,0,15,60,2,6545,6545,4,30,27,2,0,0,1,0
1335345,1,2023,2023,9,2,7,2126,17,44,2149,0,1,2,-33.76597,150.634741,8,2,2,1,3,0,3,4,2,0,7,70,2,9859,9859,8,5,40,1,0,0,0,1
1335349,4,2023,2023,10,1,7,36,27,106,35,0,1,1,-33.891604,151.173098,32,0,2,1,0,0,0,0,2,0,7,50,1,1220,1220,9,5,28,2,0,1,0,0
1335351,4,2023,2023,10,4,4,70,27,26,100,0,1,9,-33.681587,150.600642,8,2,2,0,0,0,0,0,2,0,7,60,2,3775,3775,0,5,5,2,0,1,1,0
1335352,1,2023,2023,11,0,8,2,10,337,34609,0,1,9,-33.722836,150.970903,71,0,2,0,3,0,0,0,2,0,7,50,0,6545,6545,4,5,0,2,0,0,0,1
1335353,2,2023,2023,10,3,4,1,27,1,34609,0,1,1,-29.122948,151.879995,51,1,0,0,0,2,0,0,2,0,7,100,0,1089,1089,7,16,40,1,0,0,1,0
1335356,4,2023,2023,1,4,7,9,27,11,34609,0,1,1,-28.313777,153.424585,72,2,1,1,0,0,0,0,2,0,7,80,0,945,945,5,16,40,1,0,1,0,0
1335357,2,2023,2023,9,6,4,8,27,29,147,0,1,1,-28.797429,153.587691,2,2,1,1,3,0,0,0,2,0,7,80,1,14295,14295,3,0,40,2,0,0,2,0
1335359,2,2023,2023,10,1,3,57,27,16,126,0,1,1,-32.749067,151.735103,57,2,1,1,0,0,0,0,2,0,7,80,2,14295,14295,3,0,5,2,0,0,2,0
1335364,1,2023,2023,10,0,9,2209,17,166,2205,0,1,10,-33.897228,151.179141,32,0,2,1,3,0,0,0,0,3,7,40,2,6545,6545,4,5,5,2,0,0,0,1
1335365,2,2023,2023,1,5,8,27,1,132,148,0,1,1,-34.149763,151.012454,68,0,2,1,0,0,0,0,2,2,7,40,2,3775,3775,0,10,0,2,0,0,1,0
1335370,4,2023,2023,10,5,3,35,27,8,19,0,1,10,-34.071574,150.653743,79,2,2,1,1,0,0,0,2,0,15,80,1,2852,2852,4,5,0,2,0,1,1,0
1335372,2,2023,2023,9,6,8,10,18,193,34609,0,1,1,-33.789234,151.08482,61,0,2,1,3,0,0,0,3,0,7,50,0,214,214,9,5,28,2,0,0,1,0
1335373,2,2023,2023,10,0,9,478,17,22,480,0,1,1,-33.327222,151.506625,16,2,2,1,2,0,0,0,2,0,7,70,2,4026,4026,8,5,40,1,0,0,1,0
1335379,2,2023,2023,1,1,8,2261,17,201,2252,0,1,3,-33.987879,150.854705,13,0,2,1,0,0,0,0,3,0,7,110,2,4026,4026,8,5,40,1,0,0,1,0
1335381,1,2023,2023,10,2,1,10,31,148,34609,0,1,1,-36.046216,146.93399,0,2,1,1,1,0,3,0,0,0,7,50,0,4026,4026,8,5,40,2,0,0,0,2
1335383,2,2023,2023,10,1,3,133,31,646,97,0,1,9,-33.917289,151.021925,15,0,2,1,1,0,0,0,2,0,15,60,1,4026,4026,8,0,40,1,0,0,1,0
1335388,2,2023,2023,9,4,9,137,14,24,70,0,1,3,-32.780284,151.46029,17,1,0,1,3,0,3,4,3,0,7,110,2,475,475,5,5,40,1,0,0,1,0
1335393,4,2023,2023,5,3,2,89,17,11,34609,0,1,1,-34.359021,150.900447,80,0,2,0,3,0,2,6,0,0,7,60,0,4552,5151,8,0,40,3,0,1,0,0
1335396,2,2023,2023,10,0,7,78,31,228,34609,0,1,10,-34.746482,149.725246,26,2,1,1,0,0,0,3,2,0,15,50,0,2852,2852,4,5,5,2,0,0,1,0
1335397,4,2023,2023,5,6,9,829,27,123,770,0,1,10,-33.814279,151.056237,54,0,2,0,2,0,0,0,0,2,7,70,2,1220,1220,9,10,28,2,0,1,0,0
1335399,4,2023,2023,5,2,6,26,27,118,34609,0,1,9,-33.34978,151.289942,16,2,2,0,1,0,0,0,2,0,7,80,0,4552,5151,8,16,40,1,0,1,0,0
1335400,4,2023,2023,10,1,7,56,27,251,11,0,1,9,-33.766265,150.946497,7,0,2,1,1,0,0,0,2,0,7,60,2,3775,3775,0,9,0,5,0,4,1,0
1335402,4,2023,2023,1,1,8,33,27,11,260,0,1,9,-33.050229,151.567609,37,0,2,0,2,0,0,0,3,0,15,90,2,2852,2852,4,15,0,2,0,1,1,0
1335403,2,2023,2023,1,5,7,1,31,117,34609,0,1,1,-28.174259,153.537987,72,2,1,0,1,0,0,0,2,0,7,50,0,4552,5151,1,5,13,2,0,0,1,0
1335406,4,2023,2023,1,5,3,26,27,92,25,0,1,10,-33.971613,150.816766,13,0,2,0,2,0,0,0,1,2,7,70,1,2852,2852,4,5,10,2,0,2,0,0
1335407,2,2023,2023,1,4,9,3,10,13,34609,0,1,1,-32.94515,151.732771,48,0,2,0,2,0,0,0,0,0,7,50,0,1259,5151,1,5,40,2,0,0,1,0
1335408,1,2023,2023,10,6,7,829,27,13,770,0,1,10,-33.807235,151.070504,61,0,2,1,3,0,0,0,2,2,7,70,2,1391,1391,1,5,5,2,0,0,0,1
1335411,2,2023,2023,10,2,8,13,31,87,34609,0,1,7,-28.809347,153.285248,39,2,1,1,0,0,0,0,2,0,0,50,0,6545,6545,4,0,13,2,0,0,1,0
1335416,1,2023,2023,9,0,6,171,27,143,34609,0,1,7,-33.873622,151.098023,9,0,2,0,3,0,0,0,2,0,0,50,0,14295,14295,3,0,5,2,0,0,0,1
1335418,2,2023,2023,6,2,2,5,27,15,41,0,1,1,-28.931546,153.19421,60,1,0,1,1,0,0,0,0,0,7,100,1,9859,9859,8,0,40,1,0,0,2,0
1335421,4,2023,2023,1,4,5,37,31,273,87,0,1,1,-34.425063,150.899964,80,0,2,1,1,0,0,0,2,0,7,60,2,2040,2040,9,33,28,2,0,1,0,0
1335422,4,2023,2023,1,6,4,3,10,28,34609,0,1,9,-34.091062,150.790831,13,0,2,1,0,0,0,0,2,0,7,50,0,2040,2040,9,9,28,2,0,1,0,0
1335424,4,2023,2023,1,4,10,12,27,36,41,0,1,1,-33.560633,148.646678,11,2,1,0,0,0,0,0,0,0,7,80,1,4552,5151,8,10,40,1,0,2,0,0
1335427,2,2023,2023,9,2,8,74,27,66,59,0,1,10,-34.478418,150.886734,80,0,2,1,1,0,3,4,2,2,7,60,2,945,945,5,5,40,1,0,0,1,0
1335430,1,2023,2023,10,1,4,84,27,243,31,0,1,7,-33.947618,150.903134,41,0,2,0,3,0,0,0,2,0,0,60,1,14295,14295,3,0,36,2,0,0,0,1
1335431,1,2023,2023,11,3,7,2,27,1,2,0,1,1,-28.631377,152.008994,51,1,0,0,0,0,0,0,2,0,7,100,1,782,957,5,0,40,1,0,0,0,2
1335434,4,2023,2023,11,5,0,3,31,61,34609,0,1,1,-33.757659,150.898926,7,0,2,1,2,0,0,0,0,0,7,50,0,9859,9859,1,5,5,3,0,1,0,0
1335435,4,2023,2023,11,4,7,40,10,56,174,0,1,9,-32.775321,151.34074,17,2,1,1,0,0,0,0,2,0,15,80,2,5929,5929,1,0,13,2,0,2,0,0
1335437,1,2023,2023,10,5,8,866,17,314,793,0,1,10,-33.847873,150.947101,21,0,2,0,3,0,0,0,2,2,7,70,2,14295,14295,3,0,41,2,0,0,0,1
1335439,1,2023,2023,9,6,6,50,27,304,140,0,1,1,-33.902794,151.169099,32,0,2,1,3,0,0,0,2,0,7,60,1,1391,1391,1,5,22,2,0,0,0,1
1335441,1,2023,2023,1,5,10,21,14,77,21,0,1,3,-33.920661,151.166948,32,0,2,1,0,0,0,0,0,0,7,80,2,14295,14295,3,5,5,2,0,0,0,1
1335444,4,2023,2023,10,5,6,1,1,33,34609,0,1,1,-34.025003,150.820136,13,0,2,0,1,0,0,0,2,0,7,50,0,2585,4009,8,5,40,2,0,1,0,0
1335445,4,2023,2023,10,4,7,3371,17,12,3342,0,1,2,-32.15044,152.324357,43,1,0,1,0,0,3,4,2,0,7,100,2,14295,14295,3,10,0,2,0,1,0,0
1335447,2,2023,2023,10,3,5,2,27,3,34609,0,1,1,-35.617894,150.29191,63,2,1,0,0,0,0,0,2,0,7,60,0,4552,5151,8,16,40,1,0,0,1,0
1335448,4,2023,2023,11,2,9,280,10,54,240,0,1,9,-33.849288,150.876429,24,0,2,0,2,0,0,0,0,2,7,60,2,4552,5151,8,10,40,1,0,2,0,0
1335451,4,2023,2023,1,5,8,2,27,147,34609,0,1,1,-33.870024,151.008912,21,0,2,1,1,0,0,0,2,0,7,50,0,941,941,1,5,13,2,0,1,0,0
1335452,4,2023,2023,10,4,7,224,27,137,321,1,0,9,-33.919856,151.198082,69,0,2,1,3,0,0,0,2,0,7,50,2,2852,2852,4,10,5,2,0,1,0,0
1335453,2,2023,2023,10,0,7,1,31,50,34609,1,2,9,-34.346927,150.907559,80,0,2,1,1,0,3,4,2,0,15,40,0,1220,1220,9,10,28,2,0,0,1,0
1335455,4,2023,2023,10,2,7,1104,14,113,962,0,1,3,-33.785995,150.706412,55,0,2,1,1,0,0,0,2,0,7,110,2,9859,9859,8,0,40,1,0,1,1,0
1335461,4,2023,2023,9,0,8,2209,17,17,2205,0,1,1,-36.551465,149.823737,5,1,0,1,0,0,0,0,2,0,7,90,2,9859,9859,8,5,40,1,0,1,0,0
1335463,4,2023,2023,5,6,9,165,31,128,369,0,1,1,-33.638227,150.785433,29,2,2,1,2,0,0,0,0,0,7,60,2,96,96,0,16,5,2,0,1,0,0
1335467,2,2023,2023,1,2,10,308,14,323,311,0,1,3,-33.806143,150.852496,7,0,2,1,0,0,0,0,0,0,7,100,2,4026,4026,8,0,40,1,0,0,1,0
1335469,2,2023,2023,1,0,9,12,2,232,34609,0,1,9,-33.686276,150.924131,71,0,2,1,2,0,0,0,0,0,0,60,0,2852,2852,4,5,22,2,0,0,1,0
1335472,4,2023,2023,11,1,5,91,27,119,187,0,1,10,-33.874993,151.15605,32,0,2,1,1,0,0,0,2,2,9,70,2,2040,2040,9,8,28,2,0,1,1,0
1335473,2,2023,2023,1,5,10,13,27,44,34609,0,1,1,-33.794988,150.975678,54,0,2,0,2,0,3,0,0,0,7,50,0,1957,4009,1,30,36,3,0,0,1,0
1335475,2,2023,2023,10,3,5,7,27,6,34609,0,1,1,-34.120214,147.926148,30,1,0,1,1,0,0,0,2,0,7,100,0,945,945,5,16,40,1,0,0,1,0
1335477,2,2023,2023,11,0,7,330,23,150,112,0,1,2,-33.933032,151.237079,59,0,2,1,1,0,0,0,2,2,9,60,2,2040,2040,9,5,28,2,0,0,2,0
1335481,4,2023,2023,11,3,5,2261,17,284,2252,0,1,9,-33.904988,151.010649,15,0,2,1,0,0,0,0,2,0,0,70,2,775,775,4,5,0,4,0,1,0,0
1335482,2,2023,2023,10,3,6,101,10,42,33,0,1,1,-34.026313,151.179196,68,0,2,0,0,0,0,0,2,0,0,80,1,1981,1981,4,10,5,2,0,0,1,2
1335485,4,2023,2023,10,4,7,2,27,15,20,0,1,1,-35.325066,146.437497,51,1,0,1,3,0,0,0,2,0,7,100,1,945,945,5,0,40,1,0,1,0,0
1335486,4,2023,2023,5,4,7,5,27,74,34609,0,1,9,-34.031224,150.763104,12,0,2,1,1,0,0,0,2,0,7,80,0,1109,787,1,9,13,2,0,1,0,0
1335490,2,2023,2023,10,1,3,10,31,204,331,0,1,1,-33.939369,151.149695,4,0,2,1,1,0,0,0,2,0,7,60,2,9859,9859,8,5,40,1,0,0,1,0
1335493,4,2023,2023,10,4,7,1,27,2,34609,0,1,1,-31.821922,151.300809,73,2,1,1,0,2,0,0,2,0,7,60,0,3775,3775,0,0,19,2,0,1,0,0
1335494,2,2023,2023,6,5,8,16,27,90,34609,0,1,7,-33.889603,151.247767,81,0,2,1,0,0,0,0,2,0,0,50,0,5929,5929,1,22,36,2,0,0,1,0
1335495,2,2023,2023,10,1,10,18,24,66,34609,0,1,2,-33.719423,150.930544,7,0,2,1,0,0,0,0,2,0,7,60,0,1945,1945,5,5,40,1,0,0,1,0
1335505,4,2023,2023,6,4,4,104,27,137,140,0,1,9,-33.922505,151.203994,69,0,2,1,0,0,0,0,2,0,2,60,2,186,186,9,9,28,2,0,1,0,0
1335506,1,2023,2023,10,3,4,57,31,38,169,0,1,10,-32.814737,151.46418,17,2,1,1,3,0,0,0,2,0,0,60,2,515,515,1,0,27,2,0,0,0,1
1335507,4,2023,2023,11,4,6,15,27,25,117,0,1,1,-32.871975,151.706282,48,0,2,1,1,0,0,0,2,0,7,60,2,1109,397,1,0,19,2,0,1,0,0
1335509,4,2023,2023,11,3,9,2126,17,107,2149,0,1,10,-33.883939,151.202184,69,0,2,1,2,0,0,0,0,2,9,40,2,1220,1220,9,5,28,2,0,1,0,0
1335511,1,2023,2023,10,5,5,128,27,363,133,0,1,10,-33.760726,150.684027,55,0,2,1,1,0,0,0,2,1,7,60,2,1282,1282,1,16,40,2,0,0,0,1
1335519,4,2023,2023,11,6,6,108,31,171,34609,0,1,1,-33.809831,150.971469,21,0,2,1,0,0,0,0,2,0,7,50,0,2040,2040,9,5,28,2,0,1,0,0
1335521,1,2023,2023,10,4,5,7,31,84,181,0,1,9,-33.893091,151.258675,76,0,2,1,3,0,0,0,2,2,7,50,2,186,186,1,19,5,2,0,0,0,1
1335522,4,2023,2023,10,5,5,4,27,84,34609,1,0,7,-33.770598,151.109228,61,0,2,1,0,0,0,0,2,0,7,50,0,220,220,1,28,10,4,0,1,1,1
1335524,1,2023,2023,9,0,9,33,27,27,40,0,1,1,-33.761829,151.295662,50,0,2,1,3,0,0,0,3,0,7,50,1,14295,14295,3,0,18,3,0,0,0,1
1335526,2,2023,2023,5,6,9,13,31,78,7,0,1,1,-33.847223,151.013196,21,0,2,1,0,0,0,0,3,0,7,50,1,2040,2040,9,33,28,2,0,0,1,0
1335527,2,2023,2023,11,2,8,128,27,26,133,0,1,9,-33.773129,150.669834,55,0,2,1,1,0,0,0,2,2,7,60,2,5929,5929,1,10,5,2,0,0,2,0
1335532,1,2023,2023,10,0,7,2126,17,171,2149,0,1,10,-33.815483,150.969528,21,0,2,1,3,0,0,0,2,2,7,80,2,14295,14295,3,5,0,2,0,0,0,1
1335534,1,2023,2023,9,6,10,2126,17,39,2149,0,1,9,-33.767492,150.754404,55,0,2,1,3,2,0,0,0,2,7,80,2,5929,5929,1,0,36,2,0,0,0,1
1335540,1,2023,2023,11,5,7,103,27,149,167,0,1,9,-33.999917,151.127444,4,0,2,1,1,0,0,0,2,0,0,70,2,14295,14295,3,8,5,2,0,0,0,1
1335544,2,2023,2023,1,4,9,112,27,59,256,0,1,10,-33.973377,150.860204,13,0,2,1,2,0,0,0,0,2,7,70,2,5929,5929,1,5,36,2,0,0,1,1
1335545,2,2023,2023,10,1,5,26,27,56,68,0,1,10,-33.804383,151.205578,77,0,2,1,1,0,0,0,2,2,7,50,1,2852,2852,4,0,13,2,0,0,2,0
1335547,1,2023,2023,10,3,5,3,27,20,34609,0,1,1,-29.203624,152.248292,51,1,0,0,3,2,0,0,2,0,7,100,0,782,957,5,16,40,1,0,0,0,1
1335549,4,2023,2023,10,2,7,10,27,8,34609,0,1,1,-34.526187,150.578802,78,2,1,0,0,0,0,0,2,0,7,80,0,4552,5151,8,30,40,1,0,2,0,0
1335552,1,2023,2023,10,5,8,47,31,41,31,0,1,10,-33.819387,151.007484,54,0,2,0,3,0,0,0,3,2,9,60,1,14295,14295,3,5,5,2,0,0,0,1
1335554,2,2023,2023,10,2,8,48,27,70,166,0,1,9,-33.258943,151.513775,16,2,2,1,3,0,0,0,2,0,7,50,2,9859,9859,1,0,12,2,0,0,1,0
1335555,2,2023,2023,9,1,2,204,27,246,8,0,1,9,-33.910256,151.195609,69,0,2,1,3,0,0,0,1,2,7,50,1,5929,5929,1,0,0,2,0,0,1,0
1335559,4,2023,2023,10,6,7,3,31,48,34609,0,1,1,-36.677862,149.841189,5,2,1,1,0,0,0,0,2,0,7,50,0,2040,2040,9,30,26,2,0,1,0,0
1335565,2,2023,2023,10,3,4,7,27,87,34609,0,1,1,-33.695518,150.963116,71,0,2,1,3,0,0,0,2,0,7,60,0,9859,9859,1,0,0,2,0,0,1,0
1335568,1,2023,2023,10,5,5,14,7,53,34609,0,1,9,-35.135528,147.357882,75,2,1,0,1,0,0,0,2,0,7,50,0,1850,985,5,16,40,1,0,0,0,1
1335571,4,2023,2023,5,4,5,296,27,283,293,0,1,2,-33.831529,151.003317,21,0,2,1,1,0,0,0,2,0,7,70,2,2040,2040,9,5,28,2,0,1,0,0
1335573,4,2023,2023,10,6,3,45,27,168,40,0,1,9,-33.691525,150.838034,7,0,2,1,1,0,0,0,2,0,7,70,2,6545,6545,4,5,13,2,0,1,0,1
1335575,1,2023,2023,10,1,7,47,31,41,31,0,1,10,-33.818962,151.011288,54,0,2,1,0,0,3,3,2,2,7,60,1,2040,2040,9,5,28,2,0,0,0,1
1335576,4,2023,2023,10,6,7,92,31,363,34609,1,2,1,-33.75574,150.707161,55,0,2,1,1,0,0,0,2,0,9,40,0,1220,1220,9,0,28,2,0,1,0,0
1335577,1,2023,2023,9,4,10,153,27,188,147,1,0,9,-33.949128,151.105582,4,0,2,1,3,0,0,0,0,0,7,60,2,5929,5929,1,5,0,2,0,0,0,1
1335578,4,2023,2023,6,1,3,37,27,4,41,0,1,9,-29.044975,153.336165,39,2,1,0,0,0,0,1,1,0,0,80,1,782,957,5,30,40,1,0,1,0,0
1335582,4,2023,2023,10,4,6,23,31,173,34609,0,1,1,-33.878549,151.218379,69,0,2,1,1,0,0,0,2,0,7,50,0,941,941,1,0,27,2,0,1,0,0
1335589,1,2023,2023,5,1,8,2,31,16,34609,0,1,10,-32.907764,151.705378,48,0,2,1,3,0,0,0,2,0,15,50,0,6545,6545,4,16,5,2,0,0,0,1
1335590,4,2023,2023,1,5,9,2126,17,84,2149,0,1,9,-33.819176,150.988758,21,0,2,1,2,0,0,0,0,0,6,60,2,4026,4026,8,5,40,1,0,1,0,0
1335591,4,2023,2023,11,3,0,115,27,8,114,0,1,9,-33.846983,151.284242,81,0,2,0,2,0,0,0,0,0,0,50,1,1850,1463,5,22,40,1,0,1,0,0
1335592,2,2023,2023,9,4,4,162,31,218,34609,0,1,1,-33.769713,150.776589,55,0,2,1,0,0,0,0,2,0,7,50,0,9859,9859,1,10,5,7,0,0,1,0
1335605,2,2023,2023,11,5,7,30,18,95,34609,1,0,9,-34.396969,150.887768,80,0,2,1,1,0,0,3,2,0,7,50,0,2852,2852,4,22,5,2,0,0,1,0
1335608,4,2023,2023,5,2,7,196,10,34,168,0,1,1,-33.978225,151.005318,15,0,2,0,1,0,0,0,2,0,7,60,2,4552,5151,1,5,10,2,0,1,0,0
1335609,2,2023,2023,10,0,8,92,27,106,63,0,1,9,-33.921976,151.090049,15,0,2,1,1,0,3,4,2,0,0,50,1,2852,2852,4,5,27,2,0,0,1,0