Crash ID,Degree of crash - detailed,Reporting year,Year of crash,Month of crash,Day of week of crash,Two-hour intervals,Street of crash,Street type,Town,Route no.,School zone location,School zone active,Type of location,Latitude,Longitude,LGA,Urbanisation,Conurbation 1,Alignment,Street lighting,Road surface,Surface condition,Weather,Natural lighting,Signals operation,Other traffic control,Speed limit,Road classification,RUM - code,DCA - code,First impact type,Key TU type,Other TU type,No. of traffic units involved,No. killed,No. seriously injured,No. moderately injured,No. minor-other injured
1335613,4,2023,2023,11,4,0,16,27,316,120,0,1,1,-33.907961,151.248642,59,0,2,0,2,0,0,0,0,0,7,50,2,190,190,1,22,12,2,0,1,0,0
1335617,4,2023,2023,5,3,4,171,1,387,104,0,1,9,-33.933967,151.199251,4,0,2,0,1,0,3,3,2,2,7,60,2,5929,5929,1,30,5,2,0,1,0,0
1335620,2,2023,2023,10,4,8,4,31,433,34609,0,1,1,-33.274538,149.101996,52,2,1,1,1,0,3,4,3,0,7,50,0,1981,1981,4,5,13,2,0,0,1,0
1335623,2,2023,2023,11,0,8,14,27,6,34609,0,1,1,-33.456934,149.021308,11,1,0,0,0,0,0,0,3,0,7,100,0,4552,5151,8,5,40,1,0,0,2,0
1335628,4,2023,2023,1,3,5,387,36,86,69,0,1,9,-33.738806,151.220138,50,0,2,1,0,0,0,0,2,2,7,70,2,5929,5929,1,0,0,3,0,1,1,1
1335629,2,2023,2023,11,6,3,21,31,139,34609,1,0,1,-33.834479,151.209742,49,0,2,1,0,0,3,0,2,0,7,50,0,5929,5929,1,5,27,2,0,0,1,0
1335634,2,2023,2023,9,1,3,1,27,1,34609,0,1,1,-33.081117,147.492759,51,1,0,1,3,2,0,0,2,0,7,100,0,1945,1945,5,10,40,1,0,0,1,0
1335638,4,2023,2023,11,5,6,23,27,45,144,0,1,9,-33.81264,150.786071,55,0,2,1,1,0,0,0,2,2,7,80,2,2852,2852,4,5,10,2,0,1,1,0
1335639,2,2023,2023,10,4,8,9,27,232,34609,0,1,10,-33.676638,150.922915,71,0,2,1,1,0,3,3,2,2,9,60,0,2040,2040,9,0,28,2,0,0,1,0
1335642,2,2023,2023,10,1,7,171,1,57,104,0,1,9,-33.946104,151.223331,4,0,2,1,1,0,0,0,2,2,7,60,2,2852,2852,4,0,5,2,0,0,1,0
1335651,1,2023,2023,9,4,5,205,27,161,415,0,1,9,-33.730664,151.159896,36,0,2,1,3,0,0,0,2,0,0,60,2,14295,14295,3,5,0,2,0,0,0,2
1335656,2,2023,2023,5,0,3,3371,17,119,3342,0,1,2,-32.778241,151.751142,57,1,0,1,1,0,0,0,2,0,7,110,2,1945,1945,5,0,40,1,0,0,1,0
1335660,2,2023,2023,10,5,4,30,31,83,34609,0,1,1,-29.706588,152.942001,18,2,1,1,1,0,0,0,2,0,7,50,0,9859,9859,8,0,40,1,0,0,1,0
1335661,1,2023,2023,11,0,7,105,27,67,109,0,1,1,-33.873334,150.899171,24,0,2,1,0,0,0,0,2,0,7,60,1,1220,1220,9,0,28,2,0,0,0,1
1335662,2,2023,2023,10,0,8,41,10,117,34609,0,1,6,-28.182701,153.537281,72,2,1,0,1,0,3,4,2,0,7,60,0,2585,4009,8,5,40,1,0,0,1,0
1335670,2,2023,2023,11,1,7,2,27,2,34609,0,1,1,-32.68529,151.429795,42,2,1,1,0,0,0,0,2,0,7,80,0,1981,1981,4,8,19,2,0,0,1,0
1335671,1,2023,2023,10,5,5,1104,14,142,962,0,1,3,-33.827661,151.000447,54,0,2,1,3,0,0,0,2,0,7,90,2,14295,14295,3,5,0,3,0,0,0,1
1335673,4,2023,2023,1,2,9,4,27,15,34609,0,1,1,-33.520465,150.09604,40,1,0,1,0,0,0,0,0,0,7,100,0,3775,3775,0,10,5,2,0,2,0,1
1335674,2,2023,2023,6,0,6,12,27,14,34609,0,1,1,-34.495769,146.178013,51,1,0,1,0,0,0,3,2,0,7,100,0,3775,3775,0,10,10,2,0,0,1,0
1335675,2,2023,2023,6,4,6,829,27,165,770,0,1,10,-33.851086,151.154494,14,0,2,1,1,0,0,0,2,1,7,60,2,4026,4026,8,19,40,3,0,0,3,0
1335676,2,2023,2023,10,4,8,177,22,239,176,0,1,9,-34.040311,151.120697,68,0,2,1,3,0,0,0,2,0,0,60,2,5929,5929,1,5,19,2,0,0,1,0
1335677,2,2023,2023,9,2,7,57,27,11,75,0,1,1,-33.490347,151.300051,16,2,2,0,0,0,3,4,2,0,7,60,1,3775,3775,0,5,5,2,0,0,1,0
1335679,2,2023,2023,9,3,9,2,31,100,34609,0,1,1,-33.810399,151.169985,38,0,2,1,3,0,0,0,3,0,7,50,0,4026,4026,1,30,5,2,0,0,1,0
1335682,4,2023,2023,10,2,8,163,27,23,165,0,1,1,-33.728988,150.810054,7,0,2,1,3,0,0,0,2,0,7,60,1,1981,1981,4,5,0,3,0,1,0,0
1335684,4,2023,2023,1,0,8,44,31,237,34609,0,1,1,-33.868851,150.954869,24,0,2,1,1,0,0,0,2,0,2,40,0,2040,2040,9,0,28,2,0,1,0,0
1335685,4,2023,2023,10,5,7,308,14,127,311,0,1,3,-33.84234,150.855375,24,0,2,1,3,0,0,0,2,0,7,100,2,14295,14295,3,10,0,4,0,1,0,1
1335686,1,2023,2023,11,2,0,20,22,121,49,0,1,9,-33.79283,151.286975,50,0,2,1,2,0,0,0,0,0,7,30,1,2852,2852,4,9,0,2,0,0,0,1
1335691,2,2023,2023,10,3,2,112,27,29,769,0,1,1,-33.540081,150.633007,29,2,2,0,0,0,0,0,0,0,7,60,2,52,52,8,0,40,1,0,0,1,0
1335693,2,2023,2023,11,6,8,296,27,147,293,0,1,2,-33.875734,150.981696,15,0,2,1,1,0,0,0,2,0,7,70,2,1383,1383,1,0,35,2,0,0,1,0
1335695,2,2023,2023,9,1,4,481,17,77,483,0,1,10,-30.321091,149.780707,51,2,1,1,1,0,0,0,2,0,0,50,2,6545,6545,4,0,5,2,0,0,1,1
1335698,2,2023,2023,10,0,3,478,17,96,480,1,0,9,-33.438563,151.379798,16,2,2,1,0,0,3,4,2,3,7,70,2,945,945,5,5,40,1,0,0,1,0
1335705,4,2023,2023,10,4,1,2,1,39,34609,0,1,9,-31.05937,152.826538,34,2,1,1,2,0,0,0,0,0,7,50,0,945,945,5,5,40,1,0,1,1,0
1335706,4,2023,2023,10,3,10,44,27,202,563,0,1,10,-33.953902,151.038107,15,0,2,0,2,0,0,0,0,2,7,70,2,5929,5929,1,0,13,2,0,1,0,0
1335708,4,2023,2023,6,6,9,296,27,290,293,0,1,9,-33.852479,150.996137,21,0,2,1,2,0,0,0,0,0,7,70,2,2040,2040,9,5,28,2,0,1,0,0
1335710,4,2023,2023,1,4,10,11,31,433,19,0,1,10,-33.283823,149.101181,52,2,1,1,2,0,0,0,0,2,7,50,2,19,19,1,0,19,2,0,1,0,0
1335717,1,2023,2023,10,5,7,1,10,72,702,0,1,9,-33.835381,151.088167,14,0,2,0,3,0,0,0,2,2,7,70,2,14295,14295,3,16,0,2,0,0,0,1
1335719,4,2023,2023,6,1,9,67,27,165,34609,0,1,9,-33.850607,151.155278,14,0,2,1,0,0,0,0,0,0,7,50,0,2040,2040,9,19,28,2,0,1,0,0
1335723,4,2023,2023,5,6,6,5,18,609,34609,0,1,9,-33.771805,150.910004,7,0,2,1,1,0,0,0,2,0,7,40,0,2040,2040,9,5,28,2,0,1,0,0
1335724,2,2023,2023,10,6,9,2126,17,80,2149,0,1,9,-33.746764,150.674564,55,0,2,1,3,0,2,6,3,3,7,60,2,5929,5929,1,10,5,2,0,0,2,0
1335727,2,2023,2023,10,0,8,3,25,76,34609,0,1,9,-33.916969,150.867153,41,0,2,1,0,0,0,0,2,0,7,50,0,2852,2852,4,5,5,2,0,0,1,1
1335728,2,2023,2023,11,1,1,69,31,646,563,0,1,10,-33.91071,151.041912,15,0,2,1,2,0,3,0,0,2,7,60,2,9859,9859,8,5,40,1,0,0,1,0
1335729,1,2023,2023,10,2,7,44,1,126,22,0,1,9,-33.918798,150.814916,41,0,2,1,3,0,0,0,2,0,0,60,1,14295,14295,3,0,0,4,0,0,0,1
1335730,4,2023,2023,9,6,4,134,10,69,133,0,1,2,-33.822753,151.021342,54,0,2,1,3,0,0,0,2,0,7,70,2,14295,14295,3,0,22,2,0,1,0,0
1335731,2,2023,2023,9,1,8,5,31,121,34609,0,1,1,-28.193864,153.538694,72,2,1,1,0,0,0,0,3,0,7,50,0,2040,2040,9,33,28,2,0,0,1,0
1335733,4,2023,2023,10,1,7,2126,17,445,2149,0,1,9,-33.851258,151.054551,21,0,2,1,1,0,0,0,2,0,15,60,2,2852,2852,4,5,13,2,0,1,0,0
1335734,2,2023,2023,11,6,7,225,27,304,140,0,1,1,-33.917446,151.148335,32,0,2,1,0,0,0,0,2,0,7,50,1,1669,1669,3,5,0,2,0,0,3,0
1335735,1,2023,2023,6,5,9,133,17,1,121,0,1,1,-36.964055,149.22578,65,1,0,1,1,0,0,0,3,0,7,100,2,1089,1089,7,5,40,1,0,0,0,1
1335736,4,2023,2023,10,2,10,37,31,273,87,0,1,1,-34.424174,150.900154,80,0,2,1,2,0,0,0,0,0,7,60,2,340,340,9,5,28,2,0,1,0,0
1335741,2,2023,2023,1,0,7,485,27,323,769,0,1,2,-33.744244,150.98215,71,0,2,1,1,0,0,0,2,0,7,60,2,1383,1383,1,5,19,3,0,0,1,0
1335746,2,2023,2023,1,6,3,126,1,226,144,0,1,10,-33.764206,150.817468,7,0,2,1,2,0,0,0,1,2,7,60,2,1669,1669,3,5,13,2,0,0,1,0
1335749,2,2023,2023,9,4,11,3,27,2,34609,0,1,1,-36.065523,149.078962,65,1,0,0,3,2,0,0,0,0,7,100,0,1850,1463,5,10,40,1,0,0,1,0
1335750,2,2023,2023,10,5,8,79,27,85,34609,0,1,9,-32.939791,151.714672,48,0,2,1,1,0,0,0,2,0,0,60,0,5929,5929,1,30,19,2,0,0,1,0
1335752,2,2023,2023,10,3,4,3371,17,77,3342,0,1,1,-33.515474,151.19632,16,2,2,1,1,0,0,0,2,0,7,60,2,1945,1945,5,16,40,1,0,0,1,0
1335756,2,2023,2023,8,5,7,3371,17,23,3342,0,1,2,-32.996789,151.686443,37,0,2,1,3,0,0,0,2,2,9,70,2,1192,1192,1,10,13,3,0,0,1,1
1335761,2,2023,2023,6,5,3,45,3,36,331,0,1,1,-34.066179,150.710965,12,0,2,1,1,0,0,0,1,0,7,80,2,9859,9859,8,0,40,1,0,0,1,0
1335771,2,2023,2023,6,2,6,251,14,82,124,0,1,3,-33.823226,151.207239,49,0,2,0,0,0,0,0,2,0,7,80,2,14295,14295,3,5,0,2,0,0,1,0
1335772,2,2023,2023,6,3,6,18,27,3,34609,0,1,1,-28.653672,153.360156,39,2,1,0,0,0,0,0,2,0,7,50,0,1850,1463,5,16,40,1,0,0,1,0
1335780,4,2023,2023,5,3,9,37,31,198,41,0,1,10,-33.913061,151.104065,15,0,2,1,2,0,0,0,0,2,7,40,1,2040,2040,9,0,28,2,0,1,0,0
1335783,2,2023,2023,10,0,5,115,27,113,173,0,1,2,-34.371098,150.828643,80,0,2,0,0,0,0,0,2,0,7,100,2,4552,5151,8,0,40,1,0,0,1,0
1335791,4,2023,2023,11,0,6,204,31,58,34609,0,1,9,-34.415113,150.900787,80,0,2,0,1,0,0,0,2,0,15,40,0,5929,5929,1,22,5,2,0,1,0,0
1335792,4,2023,2023,9,0,9,51,27,16,63,0,1,9,-34.560286,150.842594,62,0,2,1,2,0,0,0,0,2,7,70,2,9859,9859,8,16,40,1,0,2,0,0
1335794,4,2023,2023,9,3,7,3,27,1,34609,0,1,1,-35.323345,150.369928,63,2,1,0,0,2,0,0,2,0,7,80,0,4552,5151,8,10,40,1,0,1,0,1
1335796,4,2023,2023,11,5,7,11,31,72,44,1,0,10,-33.828804,151.225536,49,0,2,1,1,0,0,0,2,2,9,50,1,1220,1220,9,0,28,2,0,1,0,0
1335799,4,2023,2023,10,1,9,178,27,189,101,0,1,10,-33.95312,151.051793,25,0,2,1,0,0,0,0,3,2,9,50,1,1220,1220,9,0,28,2,0,1,0,0
1335803,1,2023,2023,10,5,7,4,7,95,34609,0,1,9,-33.740501,150.833572,7,0,2,1,3,0,0,0,2,0,7,50,0,4026,4026,8,10,40,1,0,0,0,1
1335805,1,2023,2023,11,5,7,23,31,523,34609,1,2,1,-33.917716,150.930504,41,0,2,1,0,0,0,0,2,0,7,40,0,1220,1220,9,0,28,2,0,0,0,1
1335811,1,2023,2023,9,2,5,10,27,51,34609,0,1,1,-34.470638,150.807395,80,0,2,1,3,0,3,0,2,0,7,80,0,14295,14295,3,8,5,3,0,0,0,1
1335812,2,2023,2023,9,2,7,123,27,111,25,0,1,9,-33.91675,151.248854,59,0,2,1,3,0,0,0,2,0,7,50,1,2040,2040,9,0,28,2,0,0,1,0
1335821,2,2023,2023,9,6,4,123,27,337,11,0,1,1,-33.728022,150.987544,71,0,2,1,3,0,0,0,2,0,7,50,1,1981,1981,4,5,5,2,0,0,1,0
1335822,4,2023,2023,10,0,8,44,27,253,331,0,1,9,-33.959078,151.110126,25,0,2,1,0,0,3,4,2,2,7,60,2,5929,5929,1,30,5,2,0,1,1,0
1335825,1,2023,2023,9,5,5,63,17,4,63,0,1,1,-33.466098,141.711413,51,1,0,1,0,0,0,0,2,0,7,110,2,1945,1945,5,16,40,1,0,0,0,1
1335826,2,2023,2023,10,6,7,16,31,176,34609,0,1,1,-33.957411,151.13346,4,0,2,1,0,0,0,3,2,0,7,50,0,1220,1220,9,5,28,2,0,0,1,0
1335828,2,2023,2023,9,3,10,330,27,65,605,0,1,9,-33.705071,151.297292,50,0,2,1,2,0,3,0,0,2,7,70,2,2852,2852,4,0,5,2,0,0,1,1
1335832,2,2023,2023,9,6,10,2261,17,70,2252,0,1,2,-34.742654,149.917871,26,2,1,0,0,2,0,0,0,0,7,60,2,782,957,5,34,40,1,0,0,1,0
1335835,1,2023,2023,10,2,10,225,17,85,180,1,0,10,-34.571547,150.76538,62,0,2,1,3,0,0,0,0,2,7,60,2,5929,5929,1,5,0,2,0,0,0,1
1335838,2,2023,2023,8,2,0,192,10,84,114,0,1,1,-33.467323,151.377336,16,2,2,1,2,0,0,0,0,0,7,60,2,945,945,5,5,40,1,0,0,1,0
1335839,1,2023,2023,10,3,7,5,31,169,100,1,0,9,-33.598223,150.745994,29,2,2,0,0,0,0,0,2,0,0,60,2,2852,2852,4,5,19,2,0,0,0,1
1335841,2,2023,2023,5,1,6,27,7,13,34609,0,1,10,-32.546995,151.141836,64,2,1,1,0,0,0,0,2,0,0,60,0,926,926,4,5,13,2,0,0,1,0
1335842,2,2023,2023,11,1,7,3,31,207,34609,0,1,10,-31.945097,141.469034,51,2,1,1,0,0,0,0,2,0,0,50,0,6545,6545,4,5,5,2,0,0,1,1
1335845,2,2023,2023,10,1,5,1104,14,247,962,0,1,3,-33.807455,150.932001,21,0,2,0,3,0,0,0,2,0,7,100,2,1957,4009,8,5,40,2,0,0,1,0
1335847,1,2023,2023,9,4,5,18,27,251,13,1,0,1,-33.781122,150.940002,7,0,2,1,3,0,0,0,2,0,7,60,1,941,941,1,0,5,2,0,0,0,1
1335848,2,2023,2023,9,1,3,39,31,70,34609,0,1,10,-33.253012,151.508521,16,2,2,1,3,0,0,0,2,0,0,50,0,6545,6545,4,30,22,2,0,0,1,0
1335850,4,2023,2023,10,5,7,1,31,234,34609,1,2,1,-34.284296,146.069645,28,2,1,1,0,0,0,0,2,0,7,40,0,340,340,9,5,28,2,0,1,0,0
1335853,4,2023,2023,9,4,6,1052,14,59,928,0,1,3,-33.157123,151.470673,37,0,2,1,0,0,0,0,2,0,7,110,2,14295,14295,3,10,0,3,0,1,1,0
1335857,4,2023,2023,11,2,8,2209,17,115,2205,0,1,9,-34.032043,151.076182,68,0,2,1,3,0,0,0,2,0,7,70,2,9859,9859,8,5,40,1,0,1,0,0
1335858,1,2023,2023,10,1,8,119,31,98,34609,0,1,0,-33.014521,151.5858,37,0,2,1,3,0,0,0,2,0,7,50,0,220,220,8,5,40,1,0,0,0,1
1335859,4,2023,2023,10,1,7,71,36,10,61,0,1,9,-34.465057,146.016582,28,1,0,0,0,0,0,0,2,0,7,100,2,418,714,5,29,40,2,0,1,1,0
1335860,1,2023,2023,9,5,5,37,23,443,78,0,1,10,-33.906706,151.057285,15,0,2,1,3,0,0,0,2,2,7,60,2,1383,1383,1,5,5,2,0,0,0,1
1335861,2,2023,2023,11,5,6,162,31,65,122,0,1,10,-34.487303,150.887956,80,0,2,1,1,0,0,0,2,2,7,60,2,1669,1669,3,5,0,2,0,0,1,2
1335862,2,2023,2023,11,2,6,92,27,204,244,0,1,1,-33.893377,151.116789,32,0,2,1,1,0,0,0,2,0,7,60,2,14295,14295,3,0,5,4,0,0,1,0
1335864,4,2023,2023,5,6,11,481,17,14,483,0,1,1,-30.884711,149.444745,51,1,0,1,0,0,0,0,0,0,7,110,2,4026,4026,8,10,40,1,0,1,0,0
1335865,4,2023,2023,10,3,4,330,27,7,25,0,1,7,-33.81402,151.140272,61,0,2,1,0,0,0,0,2,0,0,60,1,14295,14295,3,5,5,2,0,1,1,0
1335867,2,2023,2023,9,4,4,123,36,4,90,0,1,1,-31.963689,151.897359,43,1,0,0,3,0,0,0,2,0,7,90,1,3775,3775,0,16,5,2,0,0,1,0
1335869,4,2023,2023,1,3,0,2,27,2,34609,0,1,1,-32.731077,149.521014,44,1,0,1,0,0,0,0,0,0,7,100,0,9859,9859,8,10,40,1,0,2,0,0
1335870,4,2023,2023,10,6,5,17,27,115,34609,0,1,2,-34.03259,151.071442,68,0,2,1,1,0,0,3,2,0,7,50,0,340,340,9,0,28,2,0,1,0,0
1335873,4,2023,2023,9,0,5,23,31,226,382,1,0,1,-33.759313,150.830585,7,0,2,1,0,0,0,0,2,0,9,60,2,14295,14295,3,9,5,3,0,1,0,0
1335876,1,2023,2023,10,4,8,12,31,137,34609,0,1,1,-32.964296,151.69498,37,0,2,1,3,0,0,0,3,0,7,40,0,14295,14295,3,5,0,2,0,0,0,1
1335878,1,2023,2023,9,0,4,20,1,78,34609,0,1,1,-33.700303,150.563964,8,2,2,0,3,0,0,0,2,0,7,50,0,323,323,1,5,5,2,0,0,0,1
1335880,2,2023,2023,10,6,7,33,1,29,34609,0,1,1,-33.92064,150.887911,41,0,2,1,3,0,0,0,2,0,7,50,0,14295,14295,3,0,13,2,0,0,1,1
1335881,4,2023,2023,11,0,3,36,31,363,31,0,1,10,-33.818893,151.019287,54,0,2,1,0,0,0,0,2,2,7,60,1,14295,14295,3,10,5,2,0,1,0,0
1335882,2,2023,2023,11,0,8,191,17,32,189,0,1,10,-32.139696,150.358155,73,2,1,1,1,0,0,0,2,0,0,50,2,6545,6545,4,5,0,2,0,0,2,0
1335885,4,2023,2023,1,0,6,54,31,131,62,0,1,10,-33.787065,151.19313,77,0,2,1,1,0,0,0,2,2,7,60,2,14295,14295,3,16,13,2,0,1,0,0
1335898,1,2023,2023,10,4,7,866,17,149,793,0,1,9,-33.818738,150.962484,21,0,2,1,3,0,0,0,2,0,15,70,2,14295,14295,3,10,0,2,0,0,0,1
1335905,1,2023,2023,10,1,5,12,31,166,34609,1,0,7,-33.419461,149.570743,3,2,1,1,0,0,0,0,2,0,0,50,0,6545,6545,4,10,27,2,0,0,0,1
1335907,2,2023,2023,10,3,8,213,17,10,213,0,1,2,-29.572806,153.07475,18,1,0,1,0,0,0,0,2,0,7,100,2,14295,14295,3,0,5,2,0,0,4,0
1335912,2,2023,2023,1,5,3,133,31,646,97,0,1,1,-33.917661,151.02459,15,0,2,1,1,0,0,0,2,0,7,60,1,14295,14295,3,10,27,2,0,0,1,0
1335915,1,2023,2023,10,6,11,13,27,173,12,0,1,1,-33.73334,151.100744,36,0,2,1,2,0,3,4,0,2,7,50,1,5929,5929,1,5,19,2,0,0,0,1
1335916,1,2023,2023,1,3,7,6,31,237,34609,0,1,1,-33.868358,150.955451,24,0,2,1,0,0,0,0,2,0,7,40,0,2040,2040,9,10,28,2,0,0,0,1
1335917,4,2023,2023,6,3,7,3371,17,207,3342,0,1,1,-33.560144,151.189314,31,0,2,0,0,0,0,0,2,0,7,80,2,4552,5151,8,16,40,1,0,1,0,0
1335920,4,2023,2023,9,6,7,512,17,53,441,0,1,1,-32.174539,148.16495,51,1,0,1,0,0,0,3,2,0,7,110,2,4026,4026,8,9,40,1,0,1,0,0
1335923,2,2023,2023,10,0,0,293,31,77,34609,0,1,1,-32.942306,151.737919,48,0,2,1,2,0,3,4,0,0,7,50,0,9859,9859,1,5,36,2,0,0,1,0
1335926,1,2023,2023,10,0,4,1,1,150,34609,0,1,7,-33.921959,151.219317,59,0,2,1,0,0,0,0,2,0,0,50,0,6545,6545,4,0,27,2,0,0,0,1
1335934,1,2023,2023,10,6,8,128,27,363,133,0,1,10,-33.760616,150.684091,55,0,2,1,3,0,0,0,2,2,7,60,2,1391,1391,1,0,13,2,0,0,0,1
1335936,4,2023,2023,9,4,5,1104,14,94,962,0,1,3,-33.788318,150.792979,55,0,2,1,2,0,0,0,2,0,7,110,2,9859,9859,8,10,40,1,0,1,0,0
1335937,2,2023,2023,9,3,0,1,27,22,34609,0,1,1,-36.057185,150.049331,23,2,1,0,0,2,0,3,0,0,7,50,0,782,957,5,10,40,1,0,0,2,0
1335940,4,2023,2023,5,0,4,47,31,28,34609,0,1,7,-33.406259,149.574099,3,2,1,1,1,0,3,4,2,0,0,60,0,6545,6545,4,5,0,2,0,1,0,0
1335941,4,2023,2023,9,4,9,56,27,173,34609,0,1,1,-33.777733,151.118597,61,0,2,1,1,0,0,0,2,0,7,50,0,1220,1220,9,5,28,2,0,1,0,0
1335947,4,2023,2023,11,1,8,13,27,239,34609,0,1,1,-34.029988,151.125968,68,0,2,1,0,0,0,0,2,0,7,50,0,2040,2040,9,5,28,2,0,1,1,0
1335948,2,2023,2023,9,3,7,225,17,50,180,0,1,1,-34.556557,150.657565,62,0,2,0,0,0,0,0,2,0,7,60,2,380,714,5,16,40,1,0,0,1,0
1335950,1,2023,2023,10,0,5,4,23,147,40,0,1,1,-33.751755,151.289214,50,0,2,1,1,0,0,0,2,0,9,40,1,591,591,1,17,5,2,0,0,0,1
1335951,2,2023,2023,10,6,5,30,31,433,34609,0,1,10,-33.278946,149.097133,52,2,1,1,1,0,3,4,2,0,0,50,0,6545,6545,4,0,5,2,0,0,1,0
1335954,2,2023,2023,9,5,7,866,17,278,793,0,1,9,-33.785011,151.042322,54,0,2,1,0,0,0,0,2,0,2,60,2,2040,2040,9,0,28,2,0,0,1,0
1335957,2,2023,2023,10,0,7,5,31,35,34609,1,2,1,-34.371077,150.915863,80,0,2,1,1,0,3,4,2,0,9,40,0,368,368,9,5,28,2,0,0,1,0
1335962,2,2023,2023,11,6,8,1104,14,75,962,0,1,3,-33.87136,151.11227,9,0,2,1,2,0,0,0,3,0,7,80,2,14295,14295,3,5,13,4,0,0,1,0
1335963,2,2023,2023,9,6,8,177,22,70,176,0,1,10,-34.032321,151.083224,68,0,2,1,3,0,0,0,2,0,7,60,2,775,775,4,5,5,2,0,0,1,0
1335965,4,2023,2023,10,0,8,348,27,169,100,0,1,9,-33.599482,150.742341,29,2,2,1,0,0,0,0,2,0,7,60,2,1669,1669,3,5,36,2,0,1,0,0
1335967,1,2023,2023,10,3,4,78,27,11,5,0,1,2,-33.855375,151.130328,14,0,2,1,1,0,0,0,2,0,7,50,1,387,387,1,22,5,2,0,0,0,1
1335968,1,2023,2023,9,4,9,11,10,65,34609,0,1,1,-36.045995,146.985889,0,2,1,1,0,0,0,0,3,0,7,60,0,14295,14295,3,0,27,2,0,0,0,1
1335969,4,2023,2023,11,6,10,23,10,112,34609,0,1,2,-33.915176,150.944317,41,0,2,1,2,0,0,0,0,2,9,60,0,1981,1981,4,10,5,2,0,2,0,0
1335970,1,2023,2023,10,0,9,225,17,70,180,0,1,1,-34.581446,150.300114,78,1,0,1,3,0,3,4,3,0,7,100,2,1981,1981,4,0,12,2,0,0,0,1
1335971,4,2023,2023,11,3,2,2261,17,204,2252,0,1,2,-33.889679,151.12627,32,0,2,1,2,0,0,0,0,0,7,60,2,4026,4026,8,5,40,1,0,1,0,0
1335972,1,2023,2023,10,0,6,135,17,93,136,0,1,1,-36.077235,146.942807,0,2,1,1,1,0,0,0,2,0,7,60,2,1669,1669,3,5,36,2,0,0,0,1
1335974,1,2023,2023,9,0,4,6,27,204,34609,0,1,7,-33.893641,150.925773,24,0,2,1,3,0,0,0,2,0,0,50,0,1282,1282,1,5,5,2,0,0,0,1
1335976,4,2023,2023,9,3,10,829,27,363,770,0,1,2,-33.809233,151.023156,54,0,2,0,1,0,3,4,0,0,7,60,2,1957,4009,8,0,40,1,0,1,0,0
1335979,2,2023,2023,10,3,9,22,31,43,34609,0,1,1,-33.56437,150.871413,29,2,2,0,0,2,0,0,3,0,7,50,0,273,957,5,10,40,1,0,0,1,0
1335980,4,2023,2023,10,5,3,196,10,34,168,0,1,9,-33.968894,150.995569,15,0,2,1,3,0,0,0,1,0,0,60,2,2852,2852,4,5,5,2,0,1,0,1
1335982,2,2023,2023,9,6,9,348,17,105,232,0,1,7,-32.590398,149.583694,44,2,1,1,1,0,3,4,2,0,0,50,2,6545,6545,4,0,36,2,0,0,1,0
1335984,1,2023,2023,8,4,7,3,31,207,34609,0,1,10,-31.969341,141.443322,51,2,1,1,3,0,0,0,2,0,0,50,0,6545,6545,4,0,13,2,0,0,0,1
1335985,1,2023,2023,10,4,7,2261,17,204,2252,0,1,9,-33.887592,151.122196,32,0,2,0,0,0,0,0,2,0,15,60,2,4552,5151,8,5,40,1,0,0,0,1
1335989,2,2023,2023,9,6,4,1104,11,149,770,0,1,2,-33.867849,151.180796,32,0,2,0,3,0,0,3,2,0,7,60,2,1282,1282,1,5,22,2,0,0,1,0
1335990,1,2023,2023,10,5,7,2209,17,29,2205,0,1,1,-35.317873,150.441243,63,2,1,0,3,0,0,0,2,0,7,50,2,5929,5929,1,5,19,2,0,0,0,1
1335991,1,2023,2023,9,0,6,149,27,42,198,0,1,10,-33.945341,150.946644,41,0,2,1,3,0,0,0,2,2,7,60,2,1669,1669,3,5,36,2,0,0,0,1
1335993,1,2023,2023,10,3,5,171,27,113,369,0,1,9,-33.7864,150.703524,55,0,2,0,3,0,0,0,2,2,7,70,2,14295,14295,3,5,0,2,0,0,0,1
1335997,2,2023,2023,10,0,4,2209,17,70,2205,0,1,7,-34.842651,150.59433,63,2,1,1,1,0,3,4,2,0,0,70,2,6545,6545,4,5,0,2,0,0,1,0
1336000,2,2023,2023,11,4,6,60,27,147,69,0,1,9,-33.870306,151.126831,14,0,2,1,1,0,0,0,2,0,7,60,2,1850,777,5,15,40,1,0,0,1,0
1336002,1,2023,2023,10,0,9,334,17,53,308,0,1,10,-31.090738,150.928282,70,2,1,1,2,0,0,0,3,2,6,50,2,14295,14295,3,34,5,2,0,0,0,1
1336006,1,2023,2022,9,5,4,330,27,106,605,0,1,2,-33.687384,151.304642,50,0,2,1,3,0,0,0,2,0,7,70,2,14295,14295,3,5,0,2,0,0,0,1
1336008,4,2023,2023,10,1,7,11,1,234,34609,0,1,1,-34.2785,146.068283,28,2,1,1,1,0,0,3,2,0,7,50,0,2040,2040,9,0,28,2,0,1,0,0
1336012,4,2023,2023,5,5,11,178,27,189,101,0,1,9,-33.942322,151.05412,15,0,2,1,2,0,0,0,0,2,0,50,1,5929,5929,1,5,0,2,0,1,0,1
1336013,2,2023,2023,11,5,8,21,27,19,22,0,1,9,-32.736435,152.0015,57,2,1,1,1,0,0,0,2,0,0,60,1,1259,985,8,16,40,1,0,0,1,0