Crash ID,Degree of crash - detailed,Reporting year,Year of crash,Month of crash,Day of week of crash,Two-hour intervals,Street of crash,Street type,Town,Route no.,School zone location,School zone active,Type of location,Latitude,Longitude,LGA,Urbanisation,Conurbation 1,Alignment,Street lighting,Road surface,Surface condition,Weather,Natural lighting,Signals operation,Other traffic control,Speed limit,Road classification,RUM - code,DCA - code,First impact type,Key TU type,Other TU type,No. of traffic units involved,No. killed,No. seriously injured,No. moderately injured,No. minor-other injured
1336016,2,2023,2023,9,4,4,36,27,7,39,0,1,1,-32.438664,149.08592,22,1,0,0,3,0,0,0,2,0,7,100,2,3775,3775,0,29,10,3,0,0,1,0
1336017,2,2023,2023,5,2,6,205,27,106,415,0,1,1,-33.678054,151.297654,50,0,2,1,1,0,0,0,2,0,7,60,2,83,83,5,34,40,1,0,0,1,0
1336020,2,2023,2023,1,4,7,30,27,33,41,0,1,10,-33.984514,151.138672,4,0,2,1,0,0,0,0,2,0,15,60,1,6545,6545,4,5,0,2,0,0,1,0
1336025,4,2023,2023,1,5,4,916,17,30,917,0,1,10,-31.043583,151.055939,70,1,0,1,1,0,0,0,2,0,0,100,2,2852,2852,4,10,19,2,0,1,0,0
1336026,4,2023,2023,9,0,7,20,27,40,20,0,1,1,-34.986493,150.591762,63,2,1,1,0,0,0,0,2,0,7,80,1,9859,9859,8,5,40,1,0,1,0,0
1336027,1,2023,2023,11,3,7,4,1,129,34609,0,1,1,-33.90095,151.093924,9,0,2,1,1,0,0,0,2,0,7,50,0,941,941,1,5,19,2,0,0,0,1
1336028,4,2023,2023,10,2,6,2209,17,10,2205,0,1,2,-34.656337,150.854081,35,1,0,1,0,0,0,0,2,0,7,100,2,14295,14295,3,5,0,2,0,1,1,0
1336030,2,2023,2023,9,4,7,348,31,363,34609,0,1,7,-33.759319,150.69494,55,0,2,1,1,0,0,0,2,0,0,50,0,6545,6545,4,0,19,2,0,0,1,0
1336031,4,2023,2023,9,6,8,11,27,125,34609,0,1,9,-33.820006,151.124978,61,0,2,1,0,0,0,0,2,0,7,50,0,2040,2040,9,15,28,2,0,1,0,0
1336032,2,2023,2023,9,6,7,82,31,363,369,0,1,10,-33.762276,150.710286,55,0,2,1,1,0,0,0,2,1,15,70,2,5929,5929,1,0,13,3,0,0,2,0
1336035,4,2023,2023,5,1,10,46,1,29,165,0,1,2,-33.976172,151.086736,25,0,2,0,2,0,3,4,0,0,7,50,1,2585,4009,8,16,40,1,0,1,0,0
1336040,1,2023,2023,9,0,6,230,27,197,284,0,1,2,-33.793016,151.13256,61,0,2,1,3,0,0,0,2,0,7,70,2,1383,1383,1,8,13,3,0,0,0,1
1336041,4,2023,2023,10,1,0,24,1,609,115,0,1,1,-33.765386,150.909989,7,0,2,1,2,0,0,0,0,0,7,60,2,1981,1981,4,0,27,2,0,1,0,0
1336044,4,2023,2023,9,4,10,3371,17,4,3342,0,1,10,-33.130853,151.625766,37,0,2,1,3,0,3,4,0,0,15,80,2,926,926,4,5,13,2,0,1,1,0
1336045,2,2023,2023,10,1,8,44,27,119,126,0,1,7,-32.755525,151.765816,57,2,1,1,1,0,0,0,2,0,0,60,2,515,515,1,5,19,2,0,0,2,0
1336048,1,2023,2023,9,1,5,15,31,169,34609,0,1,1,-28.644131,153.612394,10,2,1,1,3,0,0,0,2,0,9,50,0,14295,14295,3,5,0,2,0,0,0,1
1336049,2,2023,2023,10,5,8,82,31,179,369,0,1,2,-33.758547,150.711503,55,0,2,1,1,0,0,0,2,2,9,70,2,591,591,1,22,5,3,0,0,1,0
1336050,4,2023,2023,10,4,10,171,1,387,104,0,1,10,-33.935726,151.207574,4,0,2,0,2,0,3,0,0,2,7,70,2,14295,14295,3,10,5,2,0,1,0,0
1336052,4,2023,2023,10,6,3,1052,14,149,928,0,1,3,-33.356002,151.352939,16,1,2,0,0,0,3,4,2,0,7,110,2,14295,14295,3,0,5,3,0,1,0,0
1336061,4,2023,2023,10,6,9,126,1,226,144,0,1,9,-33.761288,150.817957,7,0,2,1,2,2,0,0,0,0,0,60,2,2852,2852,4,5,5,3,0,1,2,0
1336062,2,2023,2023,11,0,3,79,27,198,159,0,1,1,-33.921214,151.106398,15,0,2,1,0,0,3,4,2,0,7,60,2,1981,1981,4,10,19,2,0,0,1,0
1336066,4,2023,2023,9,3,5,196,10,45,168,0,1,1,-33.897402,150.973143,15,0,2,1,0,0,3,4,2,0,7,70,2,14295,14295,3,16,0,2,0,1,0,0
1336067,1,2023,2023,10,0,5,26,27,103,34609,0,1,1,-32.9427,151.646989,37,0,2,1,3,0,3,3,2,0,7,60,0,14295,14295,3,10,25,2,0,0,0,1
1336070,2,2023,2023,10,4,3,4,1,18,34609,0,1,1,-32.706952,151.529044,42,2,1,0,1,0,3,4,2,0,7,50,0,1957,4009,8,5,40,1,0,0,2,0
1336074,2,2023,2023,1,5,9,280,10,237,240,0,1,1,-33.859197,150.951613,24,0,2,1,2,0,0,0,0,0,7,60,2,1192,1192,1,10,5,2,0,0,1,0
1336076,1,2023,2023,10,3,7,2261,17,26,2252,0,1,3,-34.106965,150.76207,13,0,2,1,3,0,0,0,2,0,7,110,2,14295,14295,3,0,41,3,0,0,0,1
1336077,4,2023,2023,10,4,8,113,27,104,111,0,1,9,-33.798158,150.768672,55,0,2,1,0,0,0,0,2,0,7,80,2,1669,1669,3,5,0,2,0,1,0,0
1336078,2,2023,2023,10,3,5,2,27,7,34609,0,1,1,-33.001163,151.543534,37,0,2,1,3,2,0,0,2,0,7,50,0,1945,1945,5,16,40,1,0,0,1,0
1336080,2,2023,2023,10,3,10,475,31,204,11,0,1,9,-33.885918,151.124055,32,0,2,1,2,0,0,0,0,0,7,50,1,1220,1220,9,9,28,2,0,0,1,0
1336084,4,2023,2023,5,0,8,191,17,24,189,0,1,10,-32.034857,150.006196,73,1,0,1,1,0,0,0,2,0,0,100,2,4026,4026,8,5,40,1,0,1,0,0
1336087,2,2023,2023,10,5,4,344,27,168,382,0,1,1,-33.678222,150.813056,7,0,2,1,0,0,0,0,2,0,7,80,2,14295,14295,3,29,0,4,0,0,1,0
1336091,2,2023,2023,11,4,3,45,3,64,331,0,1,6,-34.039763,150.745025,12,0,2,0,0,0,0,0,2,0,7,100,2,1850,1463,5,29,40,1,0,0,1,0
1336093,2,2023,2023,5,2,5,2209,17,76,2205,0,1,9,-35.3571,150.474339,63,2,1,1,1,0,0,0,2,0,0,50,2,5929,5929,1,0,19,2,0,0,1,0
1336096,1,2023,2023,9,5,6,15,31,143,34609,0,1,9,-33.701833,151.103828,31,0,2,1,3,0,0,0,2,0,0,50,0,2852,2852,4,5,0,2,0,0,0,1
1336098,2,2023,2023,6,4,4,222,27,173,34609,0,1,9,-33.706479,151.129604,36,0,2,1,1,0,0,0,2,0,7,50,0,1850,777,5,16,40,1,0,0,1,0
1336109,2,2023,2023,9,6,4,84,27,61,415,0,1,9,-33.767929,151.136798,36,0,2,1,3,0,0,0,2,0,7,70,2,2852,2852,4,5,5,2,0,0,1,0
1336110,4,2023,2023,10,0,11,75,10,123,165,0,1,2,-33.911671,151.212987,59,0,2,1,2,0,0,0,0,0,7,80,2,14295,14295,3,0,0,3,0,2,0,0
1336111,1,2023,2023,10,2,8,2126,17,163,2149,0,1,9,-33.866905,151.095084,14,0,2,1,1,0,0,0,2,3,7,60,2,395,395,1,0,5,2,0,0,0,1
1336112,1,2023,2023,9,0,4,5,27,108,34609,0,1,1,-33.29166,151.418552,16,2,2,1,3,0,0,0,2,0,7,50,0,323,323,1,0,41,2,0,0,0,1
1336114,4,2023,2023,11,4,8,14,10,316,34609,0,1,2,-31.456872,152.873785,56,2,1,1,1,0,0,0,2,0,7,60,0,14295,14295,3,16,0,2,0,1,0,0
1336117,2,2023,2023,9,0,7,2261,17,32,2252,0,1,2,-34.834931,149.024113,82,1,0,1,3,0,0,0,2,0,7,110,2,1945,1945,5,0,40,1,0,0,1,0
1336120,2,2023,2023,10,4,10,78,27,147,78,0,1,9,-33.868504,151.129673,14,0,2,1,2,0,3,4,0,2,7,50,2,2040,2040,9,10,28,2,0,0,1,0
1336121,2,2023,2023,9,4,8,3371,17,463,3342,0,1,9,-30.308412,153.100582,19,2,1,0,3,0,0,0,2,2,7,60,2,14295,14295,3,5,5,4,0,0,1,0
1336123,2,2023,2023,10,5,2,1052,27,69,262,0,1,7,-32.90571,151.692263,48,0,2,1,2,0,0,0,1,2,7,60,2,5929,5929,1,9,12,2,0,0,1,0
1336125,1,2023,2023,9,6,3,866,17,157,793,0,1,9,-33.795778,151.013569,54,0,2,1,3,0,0,0,2,2,7,50,2,14295,14295,3,5,0,2,0,0,0,1
1336127,2,2023,2023,9,1,5,1,31,28,34609,0,1,1,-28.688769,153.514943,10,2,1,1,3,0,0,0,2,0,7,50,0,1981,1981,4,0,19,2,0,0,1,0
1336128,4,2023,2023,10,1,6,77,31,48,34609,0,1,10,-36.67698,149.842673,5,2,1,1,0,0,0,3,2,0,15,50,0,6545,6545,4,16,0,2,0,1,1,0
1336129,2,2023,2023,1,3,8,127,31,77,34609,0,1,1,-30.321495,149.780936,51,2,1,1,0,0,0,0,2,0,7,50,0,941,941,1,10,13,3,0,0,2,0
1336130,2,2023,2023,10,4,10,22,27,169,147,0,1,9,-28.669383,153.612672,10,2,1,1,3,0,2,6,0,0,0,50,1,9859,9859,8,22,40,1,0,0,1,0
1336131,4,2023,2023,9,2,1,51,27,28,34609,0,1,10,-33.910862,150.875157,41,0,2,1,2,0,0,0,0,2,7,50,0,6545,6545,4,5,5,2,0,1,0,0
1336133,2,2023,2023,10,3,9,829,27,159,770,0,1,10,-33.807453,151.086885,61,0,2,1,2,0,0,0,0,2,7,60,2,1669,1669,3,5,18,2,0,0,1,0
1336135,4,2023,2023,10,5,11,61,27,32,70,0,1,1,-33.681515,151.009797,71,0,2,0,3,0,0,0,0,0,7,70,1,1981,1981,4,5,0,2,0,1,0,0
1336139,1,2023,2023,9,0,9,3371,17,77,3342,0,1,10,-33.033504,151.660808,37,0,2,1,3,0,0,0,3,2,7,50,2,5929,5929,1,0,0,2,0,0,0,1
1336143,4,2023,2023,9,1,5,16,36,7,3,0,1,1,-35.790631,148.319889,66,1,0,1,0,0,0,0,2,0,7,100,1,1089,1089,7,16,40,1,0,1,0,0
1336145,2,2023,2023,10,1,7,512,17,433,441,0,1,1,-33.18667,149.019969,11,1,0,1,3,0,0,0,2,0,7,100,2,4026,4026,8,5,40,1,0,0,1,0
1336147,2,2023,2023,5,2,9,48,31,72,44,0,1,10,-33.82905,151.22259,49,0,2,1,2,0,0,0,3,0,15,50,1,6545,6545,4,5,27,2,0,0,1,0
1336148,2,2023,2023,10,2,2,43,27,316,38,0,1,1,-33.903247,151.247639,59,0,2,1,2,0,0,0,0,0,7,50,1,1945,1945,5,22,40,1,0,0,1,0
1336149,2,2023,2023,5,0,11,92,27,129,29,0,1,1,-33.901022,151.098982,9,0,2,1,2,0,0,0,0,0,7,50,1,1945,1945,5,15,40,1,0,0,1,0
1336151,2,2023,2023,10,1,9,108,31,70,101,0,1,10,-32.902931,151.728715,48,0,2,0,2,0,3,3,0,2,2,50,2,1850,777,5,16,40,1,0,0,1,0
1336153,4,2023,2023,1,5,10,8,27,147,34609,0,1,1,-33.871272,150.999845,15,0,2,1,2,0,0,0,0,0,7,50,0,9859,9859,8,0,40,1,0,1,0,0
1336155,2,2023,2023,11,5,4,478,17,96,480,0,1,2,-33.437995,151.382919,16,2,2,1,1,0,0,0,2,0,7,60,2,1981,1981,4,5,0,2,0,0,2,0
1336157,2,2023,2023,10,5,2,1,27,26,34609,0,1,1,-32.727791,151.382534,17,2,1,0,0,0,0,0,1,0,7,80,0,1259,5151,8,5,40,1,0,0,1,0
1336161,1,2023,2023,9,3,10,195,27,53,186,0,1,10,-33.921073,150.850552,41,0,2,1,3,0,0,0,0,2,7,70,2,14295,14295,3,5,0,2,0,0,0,1
1336165,2,2023,2023,1,6,7,3,27,16,34609,0,1,10,-34.590872,146.404559,51,2,1,1,0,0,0,0,2,0,0,80,0,6545,6545,4,19,0,2,0,0,1,0
1336170,2,2023,2023,11,4,10,224,27,169,321,0,1,1,-33.896852,151.199324,69,0,2,1,0,0,0,0,0,0,7,50,2,368,368,9,19,28,2,0,0,1,0
1336175,1,2023,2023,10,3,5,193,31,532,34,0,1,10,-33.873031,151.207073,69,0,2,1,3,0,0,0,2,2,7,40,1,1391,1391,1,16,22,2,0,0,0,1
1336178,4,2023,2023,11,5,7,330,27,108,605,0,1,2,-33.764315,151.271277,50,0,2,0,1,0,0,0,2,0,7,60,2,4552,5151,1,30,5,5,0,1,0,1
1336180,2,2023,2023,9,0,4,2126,17,161,2149,0,1,10,-33.887881,151.161338,32,0,2,1,0,0,3,3,2,3,6,60,2,1282,1282,1,0,27,2,0,0,1,0
1336181,2,2023,2023,9,6,1,5,31,562,34609,0,1,9,-32.252749,148.58512,22,2,1,1,2,0,0,0,0,0,7,50,0,3775,3775,0,5,0,2,0,0,2,0
1336182,4,2023,2023,9,3,7,500,27,106,799,0,1,9,-33.924807,151.088925,15,0,2,1,1,0,0,3,2,0,7,60,2,1669,1669,3,16,5,2,0,1,0,0
1336183,1,2023,2023,9,6,3,220,14,11,220,0,1,3,-34.201979,150.965209,80,0,2,1,0,0,0,0,1,0,7,110,2,14295,14295,3,5,5,4,0,0,0,1
1336184,1,2023,2023,9,6,5,3371,17,53,3342,0,1,10,-32.925176,151.759342,48,0,2,1,3,0,0,0,2,2,7,60,2,5929,5929,1,5,5,2,0,0,0,1
1336188,4,2023,2023,5,6,8,2209,17,79,2205,0,1,2,-33.973841,151.129176,25,0,2,1,2,0,0,0,0,0,7,70,2,1220,1220,9,0,28,2,0,1,0,0
1336191,2,2023,2023,5,5,5,2126,17,179,2149,0,1,10,-33.762218,150.734976,55,0,2,1,1,0,3,4,2,2,7,60,2,515,515,1,19,5,2,0,0,1,1
1336193,1,2023,2023,9,3,7,3,27,25,34609,0,1,1,-35.036632,150.629433,63,2,1,1,3,0,0,0,2,0,7,80,0,14295,14295,3,10,0,3,0,0,0,1
1336196,2,2023,2023,9,5,9,1,1,370,34609,0,1,9,-34.0748,150.793398,13,0,2,0,1,0,0,0,2,0,0,50,0,941,941,1,5,5,2,0,0,1,1
1336197,2,2023,2023,9,0,4,84,1,10,34609,0,1,9,-34.302188,146.082549,28,2,1,1,3,0,0,0,2,0,7,60,0,14295,14295,3,5,0,2,0,0,1,0
1336199,4,2023,2023,11,3,7,2261,17,30,2252,0,1,3,-34.034335,150.823652,13,0,2,1,0,0,0,0,2,0,7,110,2,14295,14295,3,0,13,2,0,1,2,1
1336202,2,2023,2023,11,2,8,39,27,57,147,0,1,9,-28.636359,153.552091,10,2,1,1,1,0,0,0,2,0,15,60,1,14295,14295,3,5,0,2,0,0,2,0
1336203,2,2023,2023,11,6,7,2209,17,157,2205,0,1,10,-34.008757,151.101067,68,0,2,1,0,0,0,0,2,0,7,70,2,623,623,3,30,18,2,0,0,1,0
1336204,1,2023,2023,9,3,0,123,27,316,25,0,1,10,-33.91,151.251542,59,0,2,1,3,0,0,0,0,2,7,50,1,6545,6545,4,5,5,2,0,0,0,1
1336208,2,2023,2023,1,3,9,11,27,5,34609,0,1,1,-28.352562,153.31808,72,1,0,1,0,0,0,0,0,0,7,100,0,4026,4026,8,5,40,1,0,0,1,0
1336209,2,2023,2023,11,5,6,2209,17,79,2205,0,1,2,-34.902731,150.602116,63,2,1,1,1,0,0,0,2,0,7,70,2,3775,3775,0,5,0,2,0,0,1,0
1336211,4,2023,2023,9,1,4,8,27,8,34609,0,1,10,-28.847961,153.356311,39,2,1,1,0,0,0,0,2,0,15,80,0,6545,6545,4,0,5,2,0,1,0,0
1336215,4,2023,2023,11,0,6,512,17,1,441,0,1,1,-31.902813,147.813594,51,1,0,1,0,0,0,0,2,0,7,110,2,1945,1945,5,16,40,1,0,1,0,0
1336217,2,2023,2023,9,5,7,344,27,89,382,0,1,1,-33.661219,150.797312,55,0,2,1,0,0,0,0,2,0,7,80,2,14295,14295,3,8,10,2,0,0,1,0
1336223,2,2023,2023,9,0,6,7,31,78,34609,0,1,1,-34.485122,150.843207,80,0,2,1,1,0,0,0,2,0,7,50,0,186,186,9,34,28,2,0,0,1,0
1336224,1,2023,2023,10,4,4,2261,17,31,2252,1,2,10,-33.887657,151.101645,9,0,2,1,3,0,0,0,2,3,7,40,2,14295,14295,3,5,5,3,0,0,0,1
1336225,4,2023,2023,1,6,6,19,27,132,34609,0,1,1,-29.794375,151.132264,33,2,1,1,0,2,0,0,2,0,7,80,0,1089,1089,7,16,40,1,0,1,0,0
1336228,4,2023,2023,10,2,9,6,18,13,34609,0,1,9,-33.873257,151.22582,69,0,2,1,2,0,0,0,0,0,7,40,0,591,591,1,22,0,2,0,1,0,0
1336234,4,2023,2023,9,2,5,1,34,562,34609,0,1,1,-32.281424,148.753912,22,2,1,1,0,2,0,0,2,0,7,50,0,404,404,8,16,40,1,0,1,0,0
1336237,4,2023,2023,6,4,11,1104,14,218,962,0,1,6,-33.783172,150.770849,55,0,2,1,3,0,0,0,0,0,7,60,2,186,186,1,10,13,2,0,1,0,0
1336238,2,2023,2023,10,0,5,169,27,16,34609,0,1,1,-31.384308,151.83312,51,1,0,0,0,2,3,0,2,0,7,100,0,1850,1463,5,16,40,1,0,0,1,0
1336239,1,2023,2023,10,0,4,10,25,96,212,0,1,9,-35.356077,149.228603,58,2,1,1,3,0,0,0,2,0,0,60,2,14295,14295,3,8,5,2,0,0,0,1
1336240,1,2023,2023,10,0,6,29,31,56,34609,0,1,1,-31.459936,152.733727,56,2,1,1,3,0,0,0,2,0,7,50,0,1109,787,1,5,19,2,0,0,0,1
1336242,4,2023,2023,10,5,4,123,31,39,34609,0,1,1,-32.902576,151.58238,37,0,2,1,0,0,0,0,2,0,7,50,0,2040,2040,9,0,28,2,0,1,0,0
1336243,2,2023,2023,9,2,8,6,27,96,49,0,1,10,-34.052107,150.846821,13,0,2,1,3,0,0,0,4,0,15,60,1,6545,6545,4,0,0,2,0,0,1,0
1336245,2,2023,2023,1,6,9,3371,17,63,3342,0,1,10,-33.264169,151.473059,16,2,2,1,2,0,0,0,3,0,15,70,2,6545,6545,4,0,13,2,0,0,1,0
1336248,4,2023,2023,1,6,3,50,36,11,7,0,1,1,-36.205863,148.101728,66,1,0,0,0,0,3,1,1,0,7,100,1,273,957,5,9,40,1,0,1,0,0
1336249,2,2023,2023,10,3,8,143,31,218,34609,0,1,1,-33.782175,150.778358,55,0,2,1,1,0,0,0,2,0,7,50,0,9859,9859,1,5,0,2,0,0,1,0
1336250,4,2023,2023,9,2,0,2,18,6,34609,0,1,1,-33.465751,149.510503,3,2,1,0,0,2,0,0,0,0,7,50,0,1850,1463,5,0,40,1,0,1,1,0
1336255,2,2023,2023,11,6,9,8,31,207,34609,0,1,2,-31.9536,141.464925,51,2,1,1,2,0,0,0,0,0,7,50,0,9859,9859,1,5,0,2,0,0,1,2
1336256,4,2023,2023,10,3,6,12,27,19,34609,0,1,1,-31.215834,151.093671,70,1,0,1,0,0,0,0,2,0,7,100,0,1945,1945,5,16,40,1,0,1,1,0
1336259,4,2023,2023,11,2,3,3371,17,4,3342,0,1,2,-30.843741,152.904936,47,1,0,1,0,0,0,0,1,0,7,100,2,9859,9859,8,3,40,1,0,1,0,0
1336260,2,2023,2023,1,5,6,283,27,70,702,0,1,10,-33.977564,151.104925,25,0,2,1,1,0,0,0,2,2,7,60,2,5929,5929,1,5,5,2,0,0,1,0
1336261,4,2023,2023,10,4,8,2126,17,445,2149,0,1,9,-33.849236,151.05044,21,0,2,1,2,0,0,0,2,2,7,60,2,591,591,1,22,5,2,0,1,0,0
1336263,1,2023,2023,9,2,6,7,27,48,34609,0,1,9,-32.71837,152.164306,57,2,1,1,3,0,0,0,2,0,7,50,0,14295,14295,3,5,13,2,0,0,0,1
1336267,2,2023,2023,5,2,9,3,31,37,47,0,1,1,-34.648562,150.777732,35,2,1,1,2,0,0,0,0,0,7,50,1,3775,3775,0,5,5,2,0,0,1,0
1336268,4,2023,2023,10,0,7,6,7,52,34609,1,2,1,-33.955863,150.95132,41,0,2,0,1,0,2,6,2,0,7,40,0,1220,1220,9,5,28,2,0,1,0,0
1336270,4,2023,2023,11,1,7,3,10,35,34609,0,1,9,-34.097906,150.783219,13,0,2,1,0,0,0,0,2,0,7,60,0,2852,2852,4,0,19,2,0,1,0,0
1336273,2,2023,2023,9,4,2,23,27,61,21,0,1,1,-33.744768,150.893214,7,0,2,1,2,0,0,0,1,0,7,60,1,9859,9859,1,5,4,3,0,0,1,0
1336275,4,2023,2023,11,6,9,25,31,646,34609,1,0,7,-33.920525,151.034708,15,0,2,1,2,0,0,0,0,0,0,50,0,14295,14295,3,5,5,2,0,1,0,0
1336276,2,2023,2023,1,2,0,76,24,164,154,0,1,2,-33.726262,150.882244,7,0,2,0,2,0,0,0,0,0,7,70,1,2585,4009,8,0,40,1,0,0,1,0
1336278,4,2023,2023,9,4,11,90,31,174,165,0,1,2,-33.892604,151.216879,69,0,2,1,2,0,3,4,0,0,7,60,2,1192,1192,1,0,0,26,0,1,0,0
1336280,2,2023,2023,10,6,6,2126,17,65,2149,0,1,2,-33.539807,150.164329,40,2,1,0,0,0,3,4,2,0,7,80,2,380,714,5,5,40,1,0,0,1,0
1336284,2,2023,2023,1,4,6,348,17,3,232,0,1,1,-32.500821,149.512462,44,1,0,0,0,0,0,0,2,0,7,100,2,2585,4009,8,5,40,2,0,0,1,0
1336285,2,2023,2023,1,4,4,2261,17,187,2252,0,1,2,-33.89227,150.980547,15,0,2,1,3,0,0,0,2,0,7,70,2,14295,14295,3,5,5,3,0,0,1,0
1336286,2,2023,2023,1,5,10,123,31,26,61,0,1,1,-34.571328,145.997208,51,2,1,0,2,0,0,0,0,0,7,50,2,3775,3775,0,10,10,2,0,0,1,0
1336287,1,2023,2023,10,2,6,134,10,363,133,0,1,9,-33.813213,151.022583,54,0,2,1,3,0,0,0,2,0,7,70,2,1391,1391,1,0,0,3,0,0,0,1
1336293,2,2023,2023,11,3,3,128,27,61,133,0,1,1,-33.848424,150.654161,55,0,2,0,1,0,0,0,4,0,7,60,2,1259,5151,8,9,40,1,0,0,1,0
1336297,4,2023,2023,9,2,9,14,31,80,34609,1,0,10,-34.545292,146.403814,51,2,1,1,2,0,0,0,2,0,0,50,0,6545,6545,4,10,0,2,0,1,0,0
1336298,4,2023,2023,9,4,9,16,1,202,118,0,1,1,-33.934222,151.026936,15,0,2,1,1,0,0,0,2,0,7,60,1,1220,1220,9,5,28,2,0,1,0,0
1336301,2,2023,2023,9,3,8,2209,17,45,2205,0,1,9,-33.891932,151.187795,69,0,2,1,3,0,0,0,2,0,15,40,2,2852,2852,4,0,13,2,0,0,1,0
1336302,1,2023,2023,9,3,4,6,27,34,34609,0,1,1,-33.512558,151.371968,16,2,2,0,3,0,3,4,2,0,7,60,0,3775,3775,0,10,5,2,0,0,0,1
1336304,4,2023,2023,1,3,7,105,27,21,109,0,1,1,-33.866011,150.909922,24,0,2,1,0,0,0,0,2,0,7,60,1,14295,14295,3,5,5,2,0,1,0,0
1336306,1,2023,2023,9,5,7,27,27,1,35,0,1,9,-28.541482,152.152445,51,1,0,0,0,0,0,0,2,0,7,100,1,782,957,5,16,40,1,0,0,0,1
1336307,2,2023,2023,9,0,9,2209,17,273,2205,0,1,1,-34.426119,150.880935,80,0,2,0,3,0,0,0,2,0,7,50,2,96,96,0,9,13,2,0,0,2,0
1336308,2,2023,2023,9,0,4,123,27,316,25,0,1,10,-33.91,151.251542,59,0,2,1,3,0,0,0,2,3,7,50,1,515,515,1,5,18,2,0,0,1,0
1336312,4,2023,2023,11,5,9,27,27,119,9,0,1,10,-33.874243,151.160594,32,0,2,1,2,0,0,0,3,2,7,50,1,6545,6545,4,5,0,2,0,1,1,0
1336314,1,2023,2023,10,6,10,82,31,41,34609,0,1,10,-33.86491,150.982383,24,0,2,1,3,0,0,0,0,0,15,50,0,14295,14295,3,5,5,2,0,0,0,1
1336321,2,2023,2023,9,6,8,2209,17,3,2205,0,1,2,-34.756326,150.7503,63,1,0,0,0,0,3,4,2,0,7,100,2,1957,4009,8,30,40,1,0,0,2,0
1336323,1,2023,2023,10,5,3,71,27,21,122,0,1,10,-34.540783,150.864438,62,0,2,1,1,0,0,0,2,2,7,70,2,14295,14295,3,5,27,2,0,0,0,1
1336326,1,2023,2023,9,0,1,3371,17,10,3342,0,1,2,-30.330755,153.081787,19,1,0,1,3,0,0,0,0,0,7,100,2,1089,1089,7,5,40,1,0,0,0,1
1336327,2,2023,2023,10,3,8,1052,14,57,928,0,1,3,-33.679091,151.120304,31,0,2,1,1,0,0,0,3,0,7,110,2,14295,14295,3,34,5,2,0,0,1,0
1336331,4,2023,2023,11,6,5,18,24,66,34609,0,1,2,-33.717684,150.921606,7,0,2,1,0,0,0,0,2,0,7,60,0,9859,9859,8,5,40,1,0,1,0,0
1336332,2,2023,2023,10,6,4,31,31,70,148,0,1,1,-32.898682,151.721449,48,0,2,1,1,0,0,0,2,0,7,60,1,14295,14295,3,5,0,2,0,0,2,0
1336333,2,2023,2023,10,4,3,95,31,204,34609,0,1,10,-33.897714,151.127421,32,0,2,1,1,0,0,0,2,0,15,50,0,6545,6545,4,0,5,2,0,0,2,0
1336338,4,2023,2023,11,5,5,3,1,24,34609,0,1,1,-33.962253,150.985629,15,0,2,1,0,0,0,0,2,0,7,50,0,1669,1669,3,10,0,2,0,1,0,0
1336344,2,2023,2023,10,3,9,2209,17,23,2205,0,1,1,-35.617379,150.255078,23,1,0,1,0,0,0,0,3,0,7,100,2,4026,4026,8,5,40,1,0,0,1,0
1336348,2,2023,2023,10,5,6,42,27,52,38,0,1,1,-33.905678,151.268695,76,0,2,0,0,0,0,0,2,0,7,50,1,1981,1981,4,0,27,2,0,0,1,0
1336349,2,2023,2023,9,0,6,13,27,96,34609,0,1,1,-34.048274,150.830902,13,0,2,1,3,0,0,0,2,0,7,60,0,1109,787,1,5,5,2,0,0,1,0
1336350,2,2023,2023,9,4,7,171,1,57,104,0,1,2,-33.945924,151.226449,4,0,2,1,3,0,0,3,2,0,7,60,2,14295,14295,3,5,5,3,0,0,1,0
1336352,4,2023,2023,10,0,6,44,31,48,34609,0,1,10,-32.917823,151.748608,48,0,2,1,3,0,0,0,2,0,15,50,0,14295,14295,3,30,0,2,0,1,0,0
1336360,4,2023,2023,10,4,8,3371,17,207,3342,0,1,1,-33.569872,151.191729,31,0,2,0,0,0,0,0,2,0,7,80,2,3775,3775,0,16,25,3,0,1,1,0
1336364,2,2023,2023,10,5,6,100,27,127,100,0,1,10,-33.832048,150.855482,24,0,2,1,0,0,0,0,2,0,15,70,2,14295,14295,3,10,25,2,0,0,1,0
1336369,2,2023,2023,10,2,6,485,27,337,769,0,1,2,-33.725675,150.972895,71,0,2,0,3,0,0,0,2,0,7,60,2,14295,14295,3,5,36,3,0,0,1,1
1336370,1,2023,2023,10,0,11,2126,17,609,2149,0,1,10,-33.79815,150.896996,7,0,2,1,3,0,0,0,0,2,7,80,2,5929,5929,1,0,0,3,0,0,0,1
1336371,4,2023,2023,9,2,11,7,23,24,34609,0,1,1,-33.711295,151.107347,31,0,2,1,2,0,3,4,0,0,7,40,0,9859,9859,1,5,0,2,0,1,0,0
1336372,4,2023,2023,10,0,5,3,27,29,34609,0,1,1,-33.74065,150.794564,7,0,2,1,1,0,0,0,2,0,7,50,0,1669,1669,3,5,5,2,0,1,0,0
1336374,2,2023,2023,10,6,0,387,27,290,331,0,1,1,-33.943144,151.130159,4,0,2,0,2,0,3,6,0,0,7,60,2,4552,5151,8,10,40,1,0,0,1,0