Crash ID,Degree of crash - detailed,Reporting year,Year of crash,Month of crash,Day of week of crash,Two-hour intervals,Street of crash,Street type,Town,Route no.,School zone location,School zone active,Type of location,Latitude,Longitude,LGA,Urbanisation,Conurbation 1,Alignment,Street lighting,Road surface,Surface condition,Weather,Natural lighting,Signals operation,Other traffic control,Speed limit,Road classification,RUM - code,DCA - code,First impact type,Key TU type,Other TU type,No. of traffic units involved,No. killed,No. seriously injured,No. moderately injured,No. minor-other injured
1336386,2,2023,2023,9,5,10,1,27,4,34609,0,1,1,-34.269784,150.52915,78,1,0,1,3,2,0,0,0,0,7,100,0,945,945,5,10,40,1,0,0,1,0
1336390,4,2023,2023,10,0,9,32,27,148,34609,0,1,7,-36.03907,146.939101,0,2,1,1,1,0,0,0,3,0,0,50,0,6545,6545,4,0,27,2,0,1,1,0
1336391,4,2023,2023,5,4,8,255,31,83,100,0,1,2,-34.450797,150.448868,78,2,1,0,1,0,0,0,2,2,9,50,2,2040,2040,9,9,28,2,0,1,1,0
1336393,4,2023,2023,10,1,0,84,27,61,415,0,1,2,-33.772477,151.135297,36,0,2,0,2,0,0,0,0,0,7,70,2,1383,1383,1,33,19,2,0,1,0,0
1336396,2,2023,2023,10,4,4,829,27,125,770,0,1,10,-33.830181,151.126663,61,0,2,1,0,0,0,0,2,2,7,60,2,14295,14295,3,5,5,3,0,0,1,0
1336398,2,2023,2023,11,0,11,1,36,17,34609,0,1,9,-28.594005,153.225799,39,2,1,1,2,0,0,0,0,0,7,50,0,4552,985,8,5,40,1,0,0,1,0
1336400,4,2023,2023,10,5,5,111,27,57,233,0,1,9,-33.944112,151.226838,4,0,2,1,1,0,0,0,2,2,7,60,2,5929,5929,1,5,5,2,0,1,1,0
1336401,4,2023,2023,10,1,3,77,31,445,563,0,1,9,-33.869285,151.042523,21,0,2,0,1,0,0,0,2,2,6,70,2,5929,5929,1,8,5,4,0,1,1,0
1336402,4,2023,2023,9,2,11,1052,14,21,928,0,1,3,-33.249079,151.405817,16,1,2,0,3,0,2,6,0,0,7,110,2,1282,1282,1,0,5,2,0,2,2,0
1336407,1,2023,2023,9,2,5,1104,14,75,962,0,1,3,-33.871898,151.114246,9,0,2,1,3,0,0,0,2,0,7,80,2,14295,14295,3,5,0,2,0,0,0,1
1336409,4,2023,2023,9,2,3,6,10,76,34609,0,1,1,-33.910352,150.860607,41,0,2,1,1,0,0,0,2,0,7,50,0,9859,9859,1,5,5,3,0,1,0,0
1336411,2,2023,2023,9,1,8,50,27,125,51,0,1,7,-33.854281,151.077238,67,0,2,0,3,0,0,0,2,0,0,60,1,5929,5929,1,30,5,2,0,0,1,0
1336413,2,2023,2023,10,5,3,22,27,113,173,0,1,2,-34.374031,150.86099,80,0,2,1,0,0,0,0,2,0,7,80,2,14295,14295,3,8,13,3,0,0,1,0
1336417,1,2023,2023,11,6,4,500,27,198,799,0,1,9,-33.917272,151.106724,15,0,2,1,2,0,0,0,2,0,7,60,2,2852,2852,4,0,5,2,0,0,0,1
1336421,1,2023,2023,11,0,3,4,27,2,34609,0,1,1,-33.51412,149.042299,51,1,0,0,3,0,0,0,2,0,7,100,0,418,714,5,10,40,1,0,0,0,1
1336422,4,2023,2023,9,0,7,387,27,290,331,0,1,9,-33.9591,151.117569,4,0,2,1,3,0,0,0,2,0,7,60,2,301,301,4,5,19,2,0,1,0,0
1336424,2,2023,2023,9,1,7,22,31,283,125,0,1,10,-33.830741,151.01027,54,0,2,0,1,0,0,0,2,0,0,60,1,6545,6545,4,15,12,2,0,0,1,0
1336432,2,2023,2023,9,3,7,1,27,7,34609,0,1,1,-33.220267,148.352648,51,1,0,0,0,2,0,0,2,0,7,100,0,3775,3775,0,0,13,2,0,0,2,1
1336434,1,2023,2023,1,4,6,44,1,15,18,0,1,9,-34.436552,150.885602,80,0,2,1,0,0,0,0,2,0,0,50,1,2852,2852,4,0,19,2,0,0,0,2
1336438,4,2023,2023,9,1,9,293,31,523,34609,0,1,1,-33.923786,150.923476,41,0,2,1,0,0,0,0,2,0,9,30,0,1220,1220,9,10,28,2,0,1,0,0
1336440,1,2023,2023,10,1,9,2,18,12,34609,0,1,1,-36.804032,149.69308,5,1,0,1,1,0,0,0,2,0,7,100,0,1945,1945,5,16,40,1,0,0,0,1
1336441,4,2023,2023,11,2,3,154,27,443,244,0,1,2,-33.908912,151.07583,67,0,2,1,1,0,0,0,2,0,7,60,2,9859,9859,8,10,40,1,0,2,2,0
1336444,2,2023,2023,5,1,8,1,27,1,34609,0,1,1,-30.432482,153.019372,6,2,1,0,0,0,0,0,2,0,7,80,0,3775,3775,0,0,13,2,0,0,2,0
1336446,2,2023,2023,1,3,6,60,27,239,167,0,1,9,-34.028207,151.120155,68,0,2,1,1,0,0,0,2,2,7,70,2,5929,5929,1,5,0,3,0,0,2,0
1336447,4,2023,2023,11,3,8,6,1,80,34609,0,1,10,-34.562663,146.411227,51,2,1,1,3,0,0,0,2,0,0,50,0,6545,6545,4,5,36,2,0,1,1,0
1336454,4,2023,2023,11,5,10,28,27,4,62,0,1,1,-36.511705,150.042956,5,2,1,0,0,0,3,0,0,0,7,80,1,1850,1463,5,5,40,1,0,1,0,0
1336455,4,2023,2023,10,3,8,193,27,25,133,0,1,1,-33.866317,150.644838,55,0,2,1,0,0,0,0,2,0,7,60,2,1945,1945,5,16,40,1,0,1,0,0
1336458,4,2023,2023,1,6,8,330,23,293,112,0,1,2,-33.941942,151.239623,59,0,2,1,1,0,3,4,2,0,7,50,2,368,368,9,19,28,2,0,1,0,0
1336459,2,2023,2023,10,1,2,2261,17,3,2252,0,1,2,-34.741609,149.839745,26,1,0,1,0,0,0,6,1,0,7,110,2,1089,1089,7,8,40,1,0,0,1,0
1336464,2,2023,2023,9,0,4,3,10,30,34609,0,1,10,-32.755655,151.628505,42,2,1,1,3,0,3,4,2,0,0,50,0,6545,6545,4,5,0,2,0,0,1,0
1336465,2,2023,2023,9,3,5,9,27,27,34609,0,1,9,-33.242636,151.256569,16,2,2,0,3,0,0,0,2,0,7,80,0,380,714,5,16,40,1,0,0,1,0
1336466,4,2023,2023,11,5,9,109,27,247,106,0,1,10,-33.829732,150.948877,21,0,2,1,2,0,0,0,3,2,7,60,1,5929,5929,1,5,10,2,0,1,0,0
1336473,2,2023,2023,5,1,8,82,31,370,49,0,1,10,-34.063657,150.816999,13,0,2,1,0,0,0,0,2,2,7,60,1,5929,5929,1,19,5,2,0,0,1,0
1336476,1,2023,2023,9,0,2,916,17,32,917,0,1,1,-32.640515,151.231794,64,1,0,1,0,0,3,4,1,0,7,90,2,1109,787,1,34,5,2,0,0,0,2
1336478,4,2023,2023,11,3,9,98,27,87,799,0,1,9,-33.929247,150.942992,41,0,2,1,2,0,0,0,0,2,7,70,2,5929,5929,1,5,0,2,0,1,0,0
1336480,2,2023,2023,10,6,9,60,27,239,167,0,1,9,-34.028207,151.120155,68,0,2,1,1,0,3,4,2,2,7,70,2,5929,5929,1,5,0,3,0,0,1,1
1336483,1,2023,2023,11,6,2,1,18,166,34609,0,1,1,-33.899012,151.175695,32,0,2,1,2,0,0,0,0,0,7,40,0,4026,4026,8,5,40,1,0,0,0,1
1336485,1,2023,2023,9,0,2,1104,14,323,962,0,1,3,-33.801179,150.870218,7,0,2,1,3,0,0,0,1,0,7,100,2,1383,1383,1,29,5,3,0,0,0,1
1336487,2,2023,2023,6,6,8,19,27,57,63,0,1,7,-34.570777,150.82365,62,0,2,1,2,0,0,0,0,0,0,60,2,14295,14295,3,10,5,3,0,0,1,1
1336488,2,2023,2023,9,5,7,308,14,42,311,0,1,3,-33.869183,150.84638,24,0,2,1,3,0,0,0,2,0,7,100,2,9859,9859,8,10,40,1,0,0,1,0
1336491,2,2023,2023,10,5,3,92,31,316,34609,0,1,9,-33.916795,151.238021,59,0,2,1,1,0,0,0,2,2,7,40,0,1220,1220,9,5,26,2,0,0,1,0
1336493,4,2023,2023,1,3,4,56,27,115,80,0,1,9,-33.873968,151.19241,69,0,2,1,1,0,0,0,2,2,7,50,2,5929,5929,1,5,5,2,0,2,1,0
1336496,2,2023,2023,11,0,3,4,31,134,34609,0,1,10,-33.890905,151.244315,76,0,2,1,0,0,0,0,2,0,0,50,0,1669,1669,3,0,0,2,0,0,1,0
1336497,2,2023,2023,9,2,8,4,31,40,88,0,1,1,-33.790077,151.24139,50,0,2,0,3,0,3,3,2,0,7,60,2,3775,3775,0,5,13,2,0,0,1,0
1336498,1,2023,2023,9,3,4,194,31,363,3,0,1,10,-33.806695,151.005709,54,0,2,1,3,0,0,0,2,2,7,60,2,14295,14295,3,5,5,2,0,0,0,1
1336499,2,2023,2023,9,6,2,109,27,95,382,0,1,9,-33.734102,150.846947,7,0,2,1,2,0,0,0,0,2,7,60,2,9859,9859,8,19,40,1,0,0,1,0
1336501,4,2023,2023,9,1,10,37,31,38,34609,0,1,10,-32.80885,151.456932,17,2,1,1,2,0,0,0,0,0,0,50,0,6545,6545,4,16,5,2,0,1,0,0
1336503,4,2023,2023,9,3,5,20,27,243,6,0,1,10,-33.953185,150.882729,41,0,2,1,1,0,3,4,2,2,7,60,2,5929,5929,1,5,0,2,0,1,0,0
1336505,1,2023,2023,9,6,8,4,27,147,34609,0,1,1,-33.865724,151.132309,14,0,2,1,1,0,0,0,3,0,7,50,0,1669,1669,3,22,5,2,0,0,0,1
1336507,4,2023,2023,10,0,5,2209,17,67,2205,0,1,1,-34.432969,150.864362,80,0,2,1,1,0,0,6,2,0,7,60,2,1669,1669,3,5,0,3,0,1,0,1
1336510,4,2023,2023,11,6,7,46,27,46,34609,0,1,1,-32.920467,151.672462,48,0,2,1,1,0,0,0,2,0,7,50,0,340,340,9,0,28,2,0,1,0,0
1336514,2,2023,2023,1,0,9,33,27,120,34609,0,1,7,-33.762967,150.864874,7,0,2,1,2,0,0,0,0,0,0,50,0,6545,6545,4,22,0,2,0,0,1,0
1336518,2,2023,2023,11,3,8,3,27,15,34609,0,1,1,-30.699312,152.87758,47,1,0,0,0,2,0,0,2,0,7,100,0,1957,4009,8,5,40,1,0,0,1,0
1336521,2,2023,2023,10,6,6,2,31,94,34609,0,1,10,-33.883355,150.932871,24,0,2,1,1,0,0,0,2,0,15,50,0,6545,6545,4,5,0,2,0,0,1,0
1336523,2,2023,2023,9,5,9,2126,17,147,2149,0,1,9,-33.869679,151.111702,9,0,2,1,3,0,0,0,3,0,7,60,2,14295,14295,3,8,5,2,0,0,1,0
1336525,4,2023,2023,10,1,9,21,27,20,34609,0,1,1,-33.270733,151.390957,16,2,2,1,0,0,2,6,0,0,7,80,0,3775,3775,0,5,0,2,0,2,1,0
1336526,2,2023,2023,9,1,7,866,17,278,793,0,1,9,-33.762611,151.04783,54,0,2,1,1,0,0,0,2,0,2,60,2,6545,6545,4,16,12,2,0,0,1,0
1336528,2,2023,2023,1,3,5,2261,17,44,2252,0,1,9,-33.897356,150.952857,24,0,2,1,1,0,0,0,2,2,7,70,2,5929,5929,1,5,5,2,0,0,1,0
1336534,4,2023,2023,9,3,6,30,27,55,93,0,1,9,-33.747078,150.912635,7,0,2,1,3,0,0,0,2,0,7,60,1,4552,985,8,0,40,1,0,1,0,0
1336535,1,2023,2023,10,1,9,1052,27,69,262,0,1,7,-32.905712,151.692268,48,0,2,0,2,0,0,0,3,2,0,60,2,1282,1282,1,0,27,2,0,0,0,1
1336537,4,2023,2023,9,0,7,4,27,15,34609,0,1,1,-35.68683,146.929688,27,1,0,1,0,0,0,0,2,0,7,100,0,4026,4026,8,0,40,1,0,1,0,0
1336540,1,2023,2023,10,5,7,19,18,64,34609,0,1,1,-34.386453,150.902866,80,0,2,1,1,0,0,0,2,0,7,50,0,591,591,1,22,0,2,0,0,0,1
1336545,4,2023,2023,11,2,11,158,27,68,207,0,1,9,-33.877495,151.243498,81,0,2,1,2,0,0,0,0,2,9,60,2,2040,2040,9,5,28,2,0,1,0,0
1336547,4,2023,2023,11,6,4,2,27,159,34609,0,1,1,-33.807046,151.09092,61,0,2,1,1,0,0,0,2,0,7,50,0,1220,1220,9,0,28,2,0,1,0,0
1336549,2,2023,2023,9,2,7,1,27,11,34609,0,1,1,-36.03518,148.880259,65,2,1,1,0,2,0,0,2,0,7,80,0,1945,1945,5,16,40,1,0,0,1,0
1336551,2,2023,2023,9,0,7,348,31,523,34609,0,1,10,-33.919669,150.920581,41,0,2,1,1,0,0,0,2,0,7,50,0,591,591,1,22,5,2,0,0,1,0
1336552,2,2023,2023,10,1,11,39,31,370,256,0,1,10,-34.066683,150.819605,13,0,2,1,3,0,0,0,0,2,7,60,2,1192,1192,1,10,0,2,0,0,1,0
1336553,2,2023,2023,10,5,11,18,27,6,66,0,1,1,-31.887333,152.321161,43,1,0,0,0,0,0,0,0,0,7,90,1,1259,5151,8,10,40,1,0,0,1,0
1336556,4,2023,2023,11,5,4,20,27,34,20,0,1,1,-35.056983,150.632515,63,2,1,0,0,0,0,0,2,0,7,80,1,3775,3775,0,16,0,2,0,1,0,0
1336564,2,2023,2023,11,6,6,475,10,100,268,0,1,10,-33.889323,150.882905,24,0,2,1,1,0,0,0,2,2,7,70,2,6545,6545,4,0,22,2,0,0,1,0
1336568,2,2023,2023,10,5,7,6,27,4,34609,0,1,9,-36.013929,146.980102,0,2,1,1,0,0,0,0,2,0,0,80,0,2852,2852,4,0,19,2,0,0,1,0
1336572,1,2023,2023,9,5,7,50,27,169,382,0,1,1,-33.778318,150.841325,7,0,2,1,3,0,0,0,2,0,7,60,2,14295,14295,3,5,40,2,0,0,0,1
1336574,2,2023,2023,10,5,6,224,27,387,321,1,0,10,-33.92146,151.196417,4,0,2,1,0,0,0,0,2,2,7,50,2,14295,14295,3,5,18,2,0,0,1,0
1336575,4,2023,2023,9,0,8,515,14,294,518,0,1,3,-33.939315,150.922144,41,0,2,1,1,0,0,0,2,0,7,100,2,1945,1945,5,16,40,1,0,1,0,0
1336583,4,2023,2023,9,4,3,2209,17,130,2205,0,1,9,-34.449763,150.849301,80,0,2,1,1,0,0,0,2,2,7,60,1,5929,5929,1,5,0,2,0,1,0,1
1336585,4,2023,2023,10,5,0,230,27,84,284,1,0,10,-33.772523,151.10088,61,0,2,1,2,0,0,0,0,2,7,70,2,1669,1669,3,30,22,2,0,1,0,0
1336590,2,2023,2023,10,4,8,112,17,27,112,0,1,1,-31.591692,142.968977,51,1,0,1,0,0,0,6,2,0,7,110,2,945,945,5,10,40,1,0,0,1,0
1336594,2,2023,2023,9,2,7,60,10,121,84,0,1,9,-28.189673,153.541046,72,2,1,1,1,0,0,0,2,0,0,60,1,2585,777,8,5,40,1,0,0,1,0
1336597,2,2023,2023,11,1,2,192,31,316,56,0,1,10,-33.902835,151.244823,59,0,2,1,2,0,0,0,1,2,7,50,1,14295,14295,3,0,18,2,0,0,1,0
1336603,4,2023,2023,11,2,0,35,10,20,148,0,1,1,-34.222225,150.99854,80,0,2,0,0,0,0,0,0,0,7,60,2,1259,5151,8,5,40,1,0,1,0,0
1336604,1,2023,2023,1,2,3,82,27,5,103,0,1,2,-28.342169,153.372829,72,2,1,1,1,0,0,0,2,0,7,50,1,9859,9859,8,10,40,1,0,0,0,1
1336606,4,2023,2023,9,1,7,35,27,21,96,0,1,9,-32.958227,151.674346,37,0,2,1,3,0,0,0,2,0,7,60,2,14295,14295,3,5,0,3,0,1,0,0
1336607,4,2023,2023,10,1,11,15,27,53,5,0,1,2,-33.689487,151.106163,31,0,2,1,2,0,0,0,0,0,7,60,1,9859,9859,1,0,5,3,0,1,0,0
1336619,4,2023,2023,9,3,10,2261,17,12,2252,0,1,2,-34.829546,149.047331,74,1,0,0,3,0,0,0,3,0,7,110,2,273,957,5,5,40,1,0,1,0,0
1336624,1,2023,2023,9,6,7,387,27,253,331,0,1,10,-33.963628,151.092901,25,0,2,1,3,0,0,0,2,3,7,60,2,14295,14295,3,0,12,2,0,0,0,1
1336628,1,2023,2022,10,4,8,85,31,219,34609,0,1,10,-32.902,151.671861,48,0,2,1,3,0,0,0,2,0,15,60,0,14295,14295,3,5,5,2,0,0,0,1
1336629,4,2023,2023,9,6,2,308,14,88,311,0,1,6,-33.734588,150.84928,7,0,2,1,1,0,3,4,1,0,7,70,2,4026,4026,8,10,40,1,0,1,0,0
1336631,4,2023,2023,11,6,5,4,27,61,36,0,1,7,-33.761959,151.127997,36,0,2,1,1,0,0,0,2,0,0,60,1,4026,4026,8,10,40,1,0,1,0,0
1336633,2,2023,2023,10,4,2,110,27,95,173,0,1,7,-34.402876,150.891197,80,0,2,1,2,0,0,0,1,0,0,60,2,926,926,4,22,0,2,0,0,1,0
1336634,4,2023,2023,11,1,7,4,31,77,34609,0,1,7,-32.938976,151.753943,48,0,2,1,0,0,0,0,2,0,0,50,0,6545,6545,4,0,27,2,0,1,0,0
1336635,1,2023,2023,9,4,3,106,27,252,106,0,1,9,-33.927844,150.873859,41,0,2,1,3,0,0,0,2,2,7,70,2,1669,1669,3,5,13,2,0,0,0,1
1336636,2,2023,2023,1,4,5,23,27,15,34609,0,1,9,-32.912631,151.739574,48,0,2,0,1,0,0,0,2,0,0,50,0,2852,2852,4,10,27,2,0,0,1,0
1336637,2,2023,2023,5,2,4,16,27,11,10,0,1,1,-35.891642,148.448097,65,2,1,1,0,0,3,5,2,0,7,60,0,368,368,9,10,28,2,0,0,1,0
1336638,2,2023,2023,11,6,6,2261,17,49,2252,0,1,2,-34.739141,149.777815,26,1,0,1,0,0,0,0,2,0,7,110,2,1383,1383,1,0,5,2,0,0,2,1
1336639,4,2023,2023,9,3,10,3371,17,69,3342,0,1,10,-32.930371,151.754538,48,0,2,1,2,0,0,0,0,2,7,60,2,5929,5929,1,5,5,2,0,1,0,1
1336641,2,2023,2023,11,1,6,8,31,98,34609,0,1,7,-30.980566,150.242625,51,2,1,1,1,0,0,0,2,0,0,50,0,5929,5929,1,0,13,2,0,0,1,0
1336643,1,2023,2023,9,6,5,916,17,17,917,0,1,1,-32.149023,150.883654,73,2,1,1,0,0,0,0,2,0,7,80,2,1192,1192,1,33,27,2,0,0,0,1
1336646,4,2023,2023,1,0,9,4,27,10,34609,0,1,1,-30.517006,152.063442,1,1,0,0,0,0,0,0,0,0,7,100,0,1089,1089,7,16,40,1,0,1,0,0
1336648,1,2023,2023,9,0,8,149,27,60,198,0,1,9,-33.942423,150.942707,41,0,2,1,3,0,0,0,2,2,7,60,2,1669,1669,3,21,5,2,0,0,0,1
1336649,2,2023,2023,9,0,4,10,27,10,34609,0,1,1,-35.151667,147.358985,75,2,1,1,0,0,0,0,2,0,7,70,0,14295,14295,3,10,5,3,0,0,1,0
1336651,1,2023,2023,10,3,7,2261,17,12,2252,0,1,2,-34.823298,149.071478,74,1,0,0,0,0,0,0,2,0,7,110,2,1192,1192,1,16,5,2,0,0,0,1
1336653,2,2023,2023,9,3,4,37,1,52,34609,0,1,1,-33.971421,150.918778,41,0,2,1,0,0,0,0,2,0,7,60,0,4026,4026,8,5,40,1,0,0,1,0
1336656,1,2023,2023,9,4,6,105,17,251,136,0,1,2,-33.776504,150.933348,7,0,2,1,1,0,0,0,2,0,7,60,2,14295,14295,3,16,5,2,0,0,0,1
1336660,4,2023,2023,10,3,2,42,27,61,34609,0,1,9,-32.922877,151.726544,48,0,2,1,0,0,3,0,1,0,7,50,0,1282,1282,1,0,40,1,0,1,0,0
1336662,2,2023,2023,11,1,3,90,31,169,165,0,1,2,-33.90327,151.214492,69,0,2,1,1,0,0,0,2,0,7,60,2,14295,14295,3,10,5,2,0,0,1,0
1336669,1,2023,2023,10,6,4,177,31,77,208,0,1,1,-33.86213,150.940076,24,0,2,1,3,0,0,0,2,0,7,60,1,14295,14295,3,0,5,2,0,0,0,1
1336674,4,2023,2023,9,2,4,20,6,40,34609,0,1,1,-32.000962,152.48046,43,2,1,0,1,0,3,4,2,0,7,60,0,1089,1089,7,16,40,1,0,1,0,0
1336675,4,2023,2023,11,4,8,5,32,197,17,0,1,1,-33.948594,151.081202,25,0,2,1,0,0,0,0,2,0,7,50,1,340,340,9,0,28,2,0,1,0,0
1336679,2,2023,2023,9,2,3,133,10,13,121,0,1,1,-31.643894,152.799231,56,2,1,0,3,0,0,0,2,0,7,50,1,4552,5151,1,0,5,2,0,0,1,0
1336684,2,2023,2023,1,4,3,485,27,69,769,0,1,1,-33.775879,151.000979,54,0,2,0,1,0,0,0,2,0,7,60,2,3775,3775,0,10,0,3,0,0,1,1
1336685,1,2023,2023,11,3,8,104,27,137,140,0,1,9,-33.922505,151.203994,69,0,2,1,1,0,0,0,2,0,0,60,2,5929,5929,1,5,5,2,0,0,0,1
1336686,2,2023,2023,1,6,4,330,23,293,112,0,1,10,-33.952971,151.242196,59,0,2,1,1,0,0,0,2,3,7,60,2,1282,1282,1,15,5,2,0,0,1,0
1336692,2,2023,2023,9,5,5,110,27,41,173,0,1,2,-34.397345,150.868034,80,0,2,0,0,0,3,4,2,0,7,80,2,204,204,1,0,5,2,0,0,2,0
1336695,1,2023,2023,9,2,11,3,27,18,34609,0,1,1,-35.701868,150.180862,23,2,1,1,2,0,0,0,0,0,7,40,0,9859,9859,1,0,5,3,0,0,0,1
1336697,2,2023,2023,10,1,6,62,27,21,166,0,1,2,-33.241673,151.444102,16,2,2,1,3,0,0,0,2,0,7,80,2,1383,1383,1,5,0,3,0,0,1,1
1336698,2,2023,2023,9,5,6,112,17,207,112,0,1,7,-31.951639,141.454107,51,2,1,1,0,0,0,0,2,0,0,50,2,6545,6545,4,10,19,2,0,0,1,0
1336708,4,2023,2023,10,2,10,348,17,12,232,0,1,1,-32.633671,149.631071,44,1,0,1,0,0,0,0,0,0,7,100,2,9859,9859,8,30,40,1,0,1,0,0
1336709,1,2023,2023,1,1,4,3371,17,39,3342,0,1,2,-29.815618,153.03534,18,1,0,0,3,0,0,0,2,0,7,110,2,1957,4009,8,5,40,1,0,0,0,1
1336710,1,2023,2023,10,2,5,829,27,159,770,0,1,2,-33.807196,151.085129,61,0,2,1,3,0,0,0,2,0,7,60,2,1391,1391,1,0,5,2,0,0,0,1
1336713,2,2023,2023,10,0,10,39,27,11,29,0,1,1,-32.527591,149.656325,44,1,0,1,0,0,0,0,0,0,7,100,1,4026,4026,8,10,40,1,0,0,1,0
1336714,2,2023,2023,9,4,2,42,36,18,34609,0,1,1,-30.704301,152.937533,47,2,1,1,2,0,3,4,1,0,7,80,0,9859,9859,8,0,40,1,0,0,1,0
1336721,4,2023,2023,10,2,11,220,14,29,173,0,1,9,-34.401854,150.880376,80,0,2,1,2,0,0,0,0,0,0,80,2,2852,2852,4,0,0,3,0,1,2,1
1336722,2,2023,2023,9,6,5,7,31,253,34609,0,1,1,-33.957826,151.097482,25,0,2,1,3,0,0,0,2,0,7,50,0,9859,9859,1,0,10,3,0,0,1,0
1336723,1,2023,2023,9,2,9,12,1,134,34609,0,1,9,-33.893609,151.25167,76,0,2,1,0,0,0,0,2,0,7,50,0,1109,397,1,5,18,2,0,0,0,1
1336727,2,2023,2023,1,0,7,103,36,5,103,0,1,1,-32.076531,151.937003,43,1,0,0,0,0,0,0,2,0,7,90,1,1957,4009,8,5,40,1,0,0,1,0
1336728,2,2023,2023,11,5,4,45,31,43,81,0,1,9,-32.168354,152.49666,43,2,1,1,1,0,0,0,2,0,0,50,2,5929,5929,1,0,5,2,0,0,2,0
1336729,2,2023,2023,11,0,11,3371,17,54,3342,0,1,1,-33.235284,151.501582,16,2,2,1,2,0,0,0,0,0,7,60,2,1669,1669,3,10,5,3,0,0,1,0
1336734,2,2023,2023,9,0,7,79,31,149,96,0,1,1,-33.864864,151.168495,32,0,2,1,3,0,0,0,2,0,7,50,2,9859,9859,1,10,0,3,0,0,1,0
1336737,2,2023,2023,9,1,3,293,10,74,34609,0,1,1,-33.726619,151.047435,31,0,2,1,3,0,0,0,2,0,7,50,0,9859,9859,1,5,13,2,0,0,1,0
1336738,2,2023,2023,9,6,7,39,27,169,147,0,1,7,-28.637587,153.592531,10,2,1,1,1,0,0,0,2,0,0,60,1,14295,14295,3,5,0,2,0,0,2,2
1336739,2,2023,2023,10,4,3,3371,17,22,3342,0,1,2,-31.900105,152.532159,43,1,0,1,3,0,0,0,2,0,7,110,2,9859,9859,1,10,10,2,0,0,1,0
1336743,2,2023,2023,10,2,4,27,36,29,27,0,1,1,-31.911769,149.672758,51,1,0,1,0,0,0,0,2,0,7,100,1,1945,1945,5,16,40,2,0,0,1,0
1336744,1,2023,2023,11,5,8,123,27,337,11,0,1,10,-33.727836,150.988158,71,0,2,1,1,0,0,0,2,1,7,50,1,1669,1669,3,10,5,2,0,0,0,1
1336745,2,2023,2023,9,0,4,6,31,132,34609,1,2,1,-29.77121,151.102477,33,2,1,1,0,0,0,0,2,0,7,40,0,340,340,9,30,28,2,0,0,1,0
1336746,4,2023,2023,11,6,3,2,10,83,34609,0,1,9,-30.078951,153.188518,19,1,0,1,0,0,0,0,2,0,0,100,0,395,395,1,33,27,2,0,1,0,0
1336748,1,2023,2023,10,0,7,1104,14,149,962,0,1,3,-33.816331,150.964686,21,0,2,1,3,0,0,0,2,0,7,90,2,1391,1391,1,5,0,2,0,0,0,1
1336749,4,2023,2023,10,5,10,45,31,370,34609,0,1,1,-34.077511,150.828159,13,0,2,1,2,0,3,4,0,0,7,50,0,4026,4026,1,5,13,2,0,1,0,0
1336750,2,2023,2023,9,4,6,13,31,234,34609,0,1,10,-34.281751,146.051668,28,2,1,1,3,0,0,0,2,0,0,50,0,6545,6545,4,5,13,2,0,0,1,0
1336751,1,2023,2023,10,3,10,98,27,294,799,0,1,2,-33.929101,150.952438,41,0,2,1,3,0,0,0,0,0,7,70,2,14295,14295,3,10,0,2,0,0,0,1
1336758,2,2023,2023,10,4,7,308,14,76,311,0,1,3,-33.921869,150.854899,41,0,2,0,1,0,0,3,2,0,7,100,2,1259,5151,8,9,40,1,0,0,1,2
1336759,2,2023,2023,9,6,0,10,31,87,34609,0,1,1,-34.057384,151.152056,68,0,2,1,2,0,0,0,0,0,7,50,0,9859,9859,1,10,5,2,0,0,1,0
1336763,2,2023,2023,9,3,7,13,1,562,34609,0,1,7,-32.251403,148.630478,22,2,1,1,1,0,0,0,2,0,0,60,0,6545,6545,4,0,19,2,0,0,1,0
1336767,4,2023,2023,10,3,5,3,27,173,34609,1,0,1,-33.719409,151.115933,36,0,2,1,0,0,0,0,2,0,7,50,0,9859,9859,8,30,40,1,0,1,0,0
1336771,2,2023,2023,9,0,3,7,4,101,34609,0,1,1,-32.900201,151.60982,37,0,2,0,1,0,3,4,2,0,7,50,0,14295,14295,3,0,5,2,0,0,1,0
1336772,1,2023,2023,10,0,8,16,31,194,148,0,1,10,-30.517399,151.667802,1,2,1,1,1,0,0,0,2,2,7,50,2,5929,5929,1,5,0,2,0,0,0,1
1336773,1,2023,2023,1,0,9,348,27,169,100,1,0,9,-33.598768,150.744524,29,2,2,1,2,0,0,0,0,0,15,60,2,5929,5929,1,0,19,2,0,0,0,1
1336776,4,2023,2023,5,0,7,118,18,323,34609,0,1,7,-33.742761,150.973011,71,0,2,1,1,0,0,0,2,0,0,50,0,6545,6545,4,0,18,2,0,1,0,0
1336778,2,2023,2023,10,3,8,2261,17,32,2252,0,1,2,-34.27059,150.6462,79,1,2,1,3,0,0,0,2,0,7,110,2,4026,4026,8,10,40,1,0,0,1,0
1336779,1,2023,2023,10,1,8,485,27,154,769,0,1,9,-33.69688,150.927398,7,0,2,1,3,0,0,0,2,2,7,80,2,1383,1383,1,30,0,3,0,0,0,2
1336783,2,2023,2023,9,5,4,387,27,253,34609,0,1,1,-33.967287,151.10907,25,0,2,1,3,0,3,0,2,0,7,50,0,1383,1383,1,0,0,2,0,0,1,0