Crash ID,Degree of crash - detailed,Reporting year,Year of crash,Month of crash,Day of week of crash,Two-hour intervals,Street of crash,Street type,Town,Route no.,School zone location,School zone active,Type of location,Latitude,Longitude,LGA,Urbanisation,Conurbation 1,Alignment,Street lighting,Road surface,Surface condition,Weather,Natural lighting,Signals operation,Other traffic control,Speed limit,Road classification,RUM - code,DCA - code,First impact type,Key TU type,Other TU type,No. of traffic units involved,No. killed,No. seriously injured,No. moderately injured,No. minor-other injured
1336785,2,2023,2023,11,4,8,293,31,523,198,0,1,9,-33.927819,150.918974,41,0,2,1,0,0,0,0,2,0,0,60,2,214,214,9,5,28,2,0,0,1,0
1336786,4,2023,2023,11,2,7,17,31,91,96,1,0,1,-32.966075,151.643656,37,0,2,0,1,0,0,0,2,1,9,60,2,3775,3775,0,5,5,2,0,1,1,0
1336792,4,2023,2023,10,5,4,204,27,246,34609,0,1,9,-33.906914,151.198559,69,0,2,1,1,0,0,0,2,0,0,50,0,301,301,4,9,27,2,0,1,0,0
1336796,1,2023,2023,9,0,5,2261,17,26,2252,0,1,3,-34.431977,150.455455,78,1,0,1,3,0,3,3,2,0,7,110,2,4026,4026,8,5,40,1,0,0,0,1
1336798,1,2023,2023,11,3,4,481,17,562,483,0,1,9,-32.256129,148.587171,22,2,1,1,3,0,0,0,2,0,7,60,2,14295,14295,3,10,0,2,0,0,0,1
1336807,2,2023,2023,10,3,11,79,27,188,159,1,0,9,-33.928722,151.109137,15,0,2,1,2,0,0,0,0,0,15,60,2,1669,1669,3,5,19,2,0,0,1,0
1336810,2,2023,2023,9,3,7,2209,17,67,2205,1,0,1,-34.425288,150.873032,80,0,2,1,1,0,0,0,2,0,7,60,2,1981,1981,4,5,5,2,0,0,1,0
1336812,4,2023,2023,11,4,10,2,27,41,34609,0,1,9,-34.099251,150.818688,13,0,2,1,2,0,0,0,0,0,7,60,0,6545,6545,4,22,5,2,0,1,0,0
1336815,4,2023,2023,10,2,6,35,27,53,34609,0,1,9,-35.198304,149.363966,58,1,0,0,0,0,0,0,2,0,7,100,0,323,323,1,0,13,2,0,1,0,0
1336817,1,2023,2023,5,2,0,25,31,169,147,0,1,1,-28.640947,153.608116,10,2,1,1,2,0,0,0,0,0,7,50,1,4026,4026,1,22,5,2,0,0,0,1
1336819,2,2023,2023,9,4,8,8,27,11,34609,0,1,1,-28.558814,153.398295,10,1,0,0,3,0,0,0,2,0,7,100,0,3775,3775,0,0,5,2,0,0,1,0
1336824,2,2023,2023,10,6,5,15,27,14,34609,0,1,1,-30.134925,153.040749,19,2,1,0,0,0,0,0,2,0,7,80,0,782,957,5,8,40,1,0,0,1,0
1336827,4,2023,2023,9,3,6,42,27,52,38,0,1,1,-33.904475,151.266379,76,0,2,1,1,0,0,0,2,0,7,50,1,14295,14295,3,22,13,2,0,1,0,0
1336828,1,2023,2023,10,6,11,2261,17,47,2252,0,1,2,-35.67386,147.389284,27,1,0,1,2,0,0,0,0,0,7,110,2,14295,14295,3,29,13,2,0,0,0,1
1336830,4,2023,2023,9,4,10,11,31,433,19,0,1,10,-33.283471,149.098723,52,2,1,1,2,0,3,4,0,2,7,50,2,1220,1220,9,30,28,3,0,2,0,0
1336832,2,2023,2023,9,4,4,2209,17,17,2205,0,1,9,-36.540554,149.825789,5,1,0,0,0,0,3,4,2,0,0,90,2,1957,4009,8,10,40,1,0,0,1,0
1336835,2,2023,2023,5,6,11,82,27,84,181,0,1,1,-33.894809,151.269517,76,0,2,1,2,0,0,0,0,0,7,50,2,5929,5929,1,0,19,2,0,0,1,0
1336836,1,2023,2023,9,2,10,346,17,47,332,0,1,1,-28.843171,153.43235,2,1,0,0,0,0,0,0,0,0,7,100,2,1957,4009,8,5,40,1,0,0,0,1
1336837,4,2023,2023,10,0,10,27,27,54,65,0,1,1,-33.695541,150.986314,71,0,2,1,2,0,3,4,0,0,7,60,1,4026,4026,8,5,40,2,0,1,0,1
1336841,2,2023,2023,9,6,8,23,1,53,34609,0,1,10,-32.229683,148.238557,51,2,1,1,1,0,0,0,2,0,0,50,0,6545,6545,4,5,5,2,0,0,1,1
1336842,2,2023,2023,9,3,7,2126,17,169,2149,0,1,2,-33.782197,150.82711,7,0,2,1,1,0,0,0,2,0,7,80,2,14295,14295,3,5,0,3,0,0,1,0
1336844,4,2023,2023,10,2,7,1,27,2,34609,0,1,1,-30.66697,151.216619,51,1,0,0,0,2,0,0,2,0,7,100,0,1850,1463,5,16,40,1,0,1,0,0
1336845,4,2023,2023,5,1,10,512,17,4,441,0,1,1,-29.349,145.86243,51,1,0,0,0,0,0,0,0,0,7,110,2,2585,4009,8,30,40,1,0,3,0,0
1336847,2,2023,2023,9,4,4,1,31,41,34609,0,1,1,-35.06468,148.105436,20,2,1,1,3,0,3,4,2,0,7,40,0,1282,1282,1,30,40,1,0,0,1,0
1336856,4,2023,2023,5,6,8,500,27,83,799,0,1,1,-33.912465,151.118653,15,0,2,1,2,0,0,0,3,0,7,60,2,1220,1220,9,10,28,2,0,1,0,0
1336857,2,2023,2023,11,1,8,165,31,78,34609,0,1,1,-33.856766,151.086042,14,0,2,1,3,0,0,0,4,0,7,50,0,5929,5929,1,21,5,2,0,0,1,0
1336863,4,2023,2023,11,0,6,2,27,11,34609,0,1,1,-30.019306,153.201762,19,2,1,0,0,0,0,0,2,0,7,80,0,4552,5151,8,16,40,1,0,1,0,0
1336864,2,2023,2023,5,5,4,7,10,42,34609,0,1,9,-33.736159,150.860033,7,0,2,1,0,0,0,1,2,0,0,50,0,2852,2852,4,0,0,2,0,0,2,0
1336865,4,2023,2023,9,5,5,123,27,316,120,0,1,10,-33.906966,151.252178,59,0,2,1,1,0,0,0,2,2,7,50,2,6545,6545,4,0,5,2,0,1,0,0
1336868,4,2023,2023,9,2,6,11,27,8,34609,0,1,1,-33.299328,150.98367,29,2,2,1,1,0,0,0,2,0,7,60,0,1945,1945,5,16,40,1,0,1,0,0
1336869,2,2023,2023,9,2,7,45,27,304,96,0,1,1,-33.901677,151.153541,32,0,2,1,3,0,0,0,2,0,7,60,2,9859,9859,8,30,40,1,0,0,1,0
1336870,2,2023,2023,10,1,3,2261,17,35,2252,0,1,3,-34.349627,150.547666,78,1,0,0,0,0,0,0,2,0,7,110,2,387,387,1,3,5,2,0,0,1,0
1336872,1,2023,2023,9,0,11,2,27,44,34609,0,1,1,-32.836522,151.446136,17,2,1,1,1,0,0,0,0,0,7,50,0,186,186,9,0,28,3,0,0,0,1
1336874,4,2023,2023,1,0,11,2,27,29,34609,0,1,1,-31.823769,149.671002,51,1,0,0,0,0,0,0,0,0,7,100,0,4552,5151,8,9,40,1,0,1,2,1
1336875,1,2023,2023,11,6,8,330,27,14,26,0,1,1,-33.646904,151.286185,50,0,2,0,1,0,0,0,3,0,7,50,1,1957,4009,8,5,40,1,0,0,0,1
1336880,4,2023,2023,10,3,4,14,31,145,34609,0,1,9,-33.926271,151.12398,15,0,2,1,1,0,0,0,2,0,7,50,0,2040,2040,9,5,28,2,0,1,0,0
1336881,2,2023,2023,11,4,9,42,27,67,231,0,1,1,-33.400929,151.342605,16,2,2,0,2,0,0,0,0,0,7,60,2,273,957,5,5,40,1,0,0,1,0
1336882,2,2023,2023,11,6,5,123,36,17,90,0,1,1,-31.773031,151.898498,43,2,1,0,0,0,0,0,2,0,6,80,1,4552,5151,8,8,40,1,0,0,1,0
1336886,2,2023,2023,10,6,4,3,31,91,34609,0,1,9,-32.980002,151.651097,37,0,2,0,1,0,0,0,2,0,7,50,0,4552,5151,1,22,5,2,0,0,1,0
1336889,1,2023,2023,9,4,8,16,31,161,115,0,1,9,-33.725922,151.157335,36,0,2,1,3,0,0,0,2,0,0,60,1,14295,14295,3,5,36,3,0,0,0,1
1336892,2,2023,2023,9,1,6,120,36,35,148,0,1,1,-30.420197,152.845364,6,2,1,0,0,0,3,4,2,0,7,80,2,3775,3775,0,10,0,2,0,0,1,2
1336893,4,2023,2023,10,3,6,123,36,6,90,0,1,9,-31.736183,151.868582,43,2,1,0,0,0,0,0,2,0,6,80,1,1957,4009,8,5,40,1,0,1,1,0
1336900,2,2023,2023,9,1,5,1,31,30,34609,0,1,9,-32.750819,151.639627,42,2,1,1,3,0,0,0,2,0,7,50,0,1109,787,1,5,5,2,0,0,1,1
1336901,4,2023,2023,9,0,7,62,10,91,169,0,1,1,-32.815394,151.629033,48,0,2,1,0,0,0,0,2,0,7,100,2,9859,9859,8,5,40,1,0,1,0,0
1336907,2,2023,2023,10,5,4,191,27,309,208,0,1,6,-33.809995,151.106086,61,0,2,0,0,0,0,0,2,0,9,60,2,2040,2040,9,5,28,2,0,0,1,0
1336909,1,2023,2023,10,6,5,168,17,36,212,0,1,1,-35.406046,149.78276,58,1,0,0,0,0,0,0,2,0,7,100,2,2585,4009,8,0,40,1,0,0,0,2
1336910,2,2023,2023,1,5,8,2,31,83,37,0,1,9,-33.915017,151.116225,15,0,2,1,2,0,0,0,0,0,7,50,1,9859,9859,1,5,5,2,0,0,1,0
1336911,2,2023,2023,9,1,11,294,17,9,288,0,1,1,-35.106386,147.209912,75,1,0,1,0,0,0,0,0,0,7,100,2,4026,4026,8,5,40,1,0,0,1,0
1336917,2,2023,2023,10,0,8,21,31,252,59,0,1,10,-33.885122,151.214051,69,0,2,1,2,0,0,0,2,2,9,40,1,1220,1220,9,30,28,2,0,0,1,0
1336922,1,2023,2023,9,0,11,14,31,61,49,0,1,10,-32.923667,151.741915,48,0,2,0,3,0,0,0,0,2,7,60,1,775,775,4,5,0,2,0,0,0,2
1336925,1,2023,2023,10,1,5,1052,14,207,928,0,1,3,-33.559354,151.192751,31,0,2,1,3,0,0,0,2,0,7,110,2,14295,14295,3,8,12,2,0,0,0,1
1336932,4,2023,2023,10,1,7,225,17,50,180,0,1,1,-34.571759,150.669562,62,0,2,0,0,0,3,3,2,0,7,60,2,2585,4009,8,16,40,1,0,1,0,0
1336933,1,2023,2023,9,6,7,2,31,193,34609,0,1,1,-33.780499,151.09789,61,0,2,1,3,0,0,0,2,0,7,50,0,14295,14295,3,0,5,2,0,0,0,1
1336936,2,2023,2023,10,1,7,115,27,138,114,0,1,9,-33.871725,151.274791,76,0,2,1,0,0,0,0,2,0,0,50,2,5929,5929,1,0,27,2,0,0,1,0
1336937,2,2023,2023,9,2,6,6,27,562,34609,0,1,1,-32.32672,148.643906,22,1,0,1,0,0,0,0,2,0,7,100,0,1945,1945,5,16,40,1,0,0,1,0
1336945,4,2023,2023,11,6,12,1,31,189,34609,0,1,9,-33.951614,151.057276,25,0,2,0,1,0,0,0,2,0,0,50,0,2852,2852,4,5,13,2,0,1,0,0
1336946,4,2023,2023,11,4,4,8,27,36,7,0,1,1,-33.789919,151.028751,54,0,2,1,1,0,0,0,2,0,7,50,1,9859,9859,1,5,5,3,0,1,0,0
1336947,2,2023,2023,9,0,5,229,14,323,769,0,1,9,-33.768087,150.998916,54,0,2,0,0,0,0,3,2,0,9,60,2,2040,2040,9,5,28,2,0,0,1,0
1336948,1,2023,2023,11,2,7,4,31,41,34609,1,0,10,-35.125488,147.362643,75,2,1,1,3,0,0,0,2,0,15,50,0,9859,9859,8,0,40,1,0,0,0,2
1336950,4,2023,2023,1,1,5,1052,27,69,117,0,1,7,-32.906008,151.692943,48,0,2,1,1,0,0,0,2,0,0,60,2,2852,2852,4,30,19,2,0,1,0,0
1336951,2,2023,2023,10,6,9,5,27,323,34609,0,1,1,-33.746002,150.977575,71,0,2,0,3,0,0,0,0,0,7,50,0,4552,5151,1,0,0,2,0,0,1,0
1336953,2,2023,2023,1,6,4,178,18,189,34609,0,1,9,-33.94994,151.05307,25,0,2,1,1,0,0,0,2,0,4,50,0,186,186,1,0,0,2,0,0,1,0
1336954,4,2023,2023,5,0,5,515,14,523,518,0,1,3,-33.938541,150.915738,41,0,2,1,2,0,0,6,2,0,7,100,2,1282,1282,1,8,0,2,0,1,0,0
1336957,4,2023,2023,1,0,6,137,31,90,103,0,1,2,-32.921289,151.752272,48,0,2,0,1,0,0,6,2,0,7,60,1,1957,4009,8,16,40,1,0,1,0,0
1336958,2,2023,2023,10,3,3,3371,17,18,3342,0,1,2,-30.944338,152.864115,34,1,0,1,0,0,0,0,2,0,7,110,2,1192,1192,1,0,13,2,0,0,1,0
1336959,4,2023,2023,8,6,8,177,31,237,208,0,1,1,-33.86369,150.951477,24,0,2,1,2,0,0,0,0,0,7,60,1,368,368,9,5,28,2,0,1,0,0
1336960,2,2023,2023,0,5,2,8,31,107,34609,1,0,10,-29.685031,152.931662,18,2,1,1,2,0,0,0,1,0,0,50,0,6545,6545,4,16,5,2,0,0,2,0
1336973,4,2023,2023,9,1,6,3,27,1,31,0,1,1,-36.196235,149.252827,65,1,0,1,0,0,1,5,2,0,7,100,1,475,475,5,16,40,1,0,1,0,0
1336974,1,2023,2023,11,0,8,90,31,169,165,0,1,10,-33.903826,151.21416,69,0,2,1,0,0,0,0,3,2,7,60,2,14295,14295,3,5,5,2,0,0,0,1
1336975,1,2023,2023,9,1,9,344,27,363,369,0,1,9,-33.744157,150.715026,55,0,2,1,1,0,0,0,2,0,0,70,2,2040,2040,9,33,28,2,0,0,0,1
1336978,4,2023,2023,5,6,8,112,17,207,112,0,1,10,-31.954058,141.468331,51,2,1,1,2,0,0,0,3,0,0,50,2,6545,6545,4,0,0,2,0,1,1,0
1336981,4,2023,2023,10,3,8,475,10,78,268,0,1,9,-33.877684,150.781604,55,0,2,0,1,0,0,0,2,0,7,80,2,1669,1669,3,5,0,2,0,1,0,0
1336984,2,2023,2023,9,6,9,866,17,54,793,1,0,9,-33.723887,151.09918,31,0,2,1,1,0,0,0,3,0,15,70,2,2852,2852,4,5,18,2,0,0,1,0
1336985,2,2023,2023,10,0,8,97,27,166,799,0,1,10,-33.929521,150.980326,15,0,2,0,3,0,0,0,2,2,7,60,2,14295,14295,3,5,13,3,0,0,1,1
1336988,2,2023,2023,9,4,6,3,27,22,34609,0,1,1,-33.586911,150.205841,40,2,1,0,0,0,0,3,2,0,7,80,0,4552,5151,8,9,40,1,0,0,1,0
1336990,1,2023,2023,9,6,4,23,31,139,34609,0,1,1,-33.874161,151.138697,32,0,2,1,1,0,0,0,2,0,7,50,0,14295,14295,3,5,5,2,0,0,0,1
1336995,2,2023,2023,9,4,3,149,36,120,113,0,1,1,-32.245467,152.539569,43,1,0,1,0,0,0,0,2,0,7,100,1,14295,14295,3,22,27,2,0,0,1,1
1336996,4,2023,2023,9,0,5,2,31,79,34609,0,1,1,-34.913945,150.58309,63,2,1,1,0,0,3,4,2,0,7,60,0,175,188,1,8,5,7,0,1,0,0
1336997,2,2023,2023,9,1,8,829,27,123,770,0,1,10,-33.81405,151.05365,54,0,2,1,3,0,0,0,3,2,7,70,2,14295,14295,3,5,5,4,0,0,1,0
1336999,2,2023,2023,9,6,9,4,31,105,43,0,1,9,-32.58927,149.58398,44,2,1,1,1,0,0,0,2,0,0,50,1,4026,4026,8,8,40,1,0,0,1,0
1337000,4,2023,2023,9,3,0,137,14,4,70,0,1,3,-32.747188,151.429115,17,1,0,1,0,0,0,0,0,0,7,110,2,1220,1220,9,5,28,2,0,1,0,0
1337001,2,2023,2023,10,4,7,44,1,33,34609,0,1,1,-33.965095,151.027985,15,0,2,1,1,0,0,0,2,0,7,50,0,1109,787,1,5,13,3,0,0,1,0
1337002,4,2023,2023,9,5,7,7,23,173,34609,0,1,1,-33.712883,151.110304,31,0,2,1,1,0,0,0,2,0,7,50,0,1220,1220,9,10,28,2,0,1,0,0
1337005,2,2023,2023,10,0,11,255,27,103,172,0,1,2,-32.937787,151.657302,37,0,2,0,2,0,0,0,0,0,7,60,2,4552,5151,8,5,40,1,0,0,1,0
1337006,1,2023,2023,1,6,7,10,31,56,34609,1,2,1,-31.455073,152.729848,56,2,1,1,0,0,3,0,2,0,7,40,0,591,591,1,22,5,2,0,0,0,1
1337013,2,2023,2023,9,5,6,3,31,123,34609,0,1,9,-33.811196,151.056901,54,0,2,1,3,0,0,0,2,0,7,50,0,9859,9859,8,10,40,1,0,0,1,0
1337015,4,2023,2023,9,0,5,2,27,2,34609,0,1,10,-35.467882,146.623152,51,1,0,1,3,0,0,0,2,0,15,100,0,1850,777,5,29,40,1,0,1,0,0
1337021,2,2023,2023,9,6,4,24,27,57,36,0,1,9,-33.584823,150.960828,71,0,2,0,0,0,0,0,2,0,0,70,1,3775,3775,0,5,5,2,0,0,2,0
1337028,1,2023,2023,9,1,10,77,31,445,34609,0,1,7,-33.866179,151.04334,21,0,2,1,3,0,0,0,0,0,0,50,0,1109,397,1,5,5,2,0,0,0,1
1337032,4,2023,2023,10,3,2,55,36,22,95,0,1,9,-33.184121,148.599336,11,1,0,1,0,0,0,0,1,0,7,100,2,4026,4026,8,5,40,1,0,1,0,0
1337033,2,2023,2023,1,5,6,2126,17,19,2149,0,1,2,-33.431579,150.110492,40,1,0,0,0,0,0,0,2,0,7,100,2,2585,4009,8,10,40,1,0,0,1,0
1337035,4,2023,2023,10,4,7,128,27,363,133,0,1,2,-33.756144,150.686491,55,0,2,1,0,0,0,0,2,0,7,60,2,4026,4026,8,0,40,1,0,1,0,1
1337040,1,2023,2023,9,4,7,17,31,53,145,0,1,9,-33.799389,151.055075,54,0,2,1,3,0,0,0,2,2,7,70,2,14295,14295,3,9,0,2,0,0,0,1
1337043,2,2023,2023,11,0,8,3,27,147,34609,0,1,9,-33.738215,151.149575,36,0,2,1,1,0,0,0,2,0,7,50,0,2852,2852,4,5,5,3,0,0,1,0
1337045,2,2023,2023,9,1,9,13,27,193,34609,0,1,1,-33.786993,151.075138,54,0,2,1,2,0,0,0,0,0,7,50,0,941,941,1,0,0,2,0,0,1,0
1337047,1,2023,2023,9,5,9,26,27,232,34609,0,1,9,-33.686034,150.924914,71,0,2,1,3,0,0,0,2,0,0,60,0,2852,2852,4,0,5,2,0,0,0,1
1337048,1,2023,2023,9,6,3,192,31,150,120,0,1,9,-33.927349,151.238913,59,0,2,1,3,0,0,0,2,0,7,60,2,5929,5929,1,5,5,2,0,0,0,1
1337050,4,2023,2023,9,2,10,916,17,23,917,0,1,1,-31.621626,150.732483,51,1,0,0,0,0,0,0,0,0,7,100,2,1089,1089,7,10,40,1,0,1,0,0
1337051,4,2023,2023,11,3,10,12,31,49,34609,0,1,9,-34.455855,147.543354,51,2,1,1,0,0,0,0,0,0,7,50,0,475,475,5,5,40,1,0,1,0,0
1337059,1,2023,2023,9,2,4,13,31,120,81,0,1,10,-32.189249,152.515445,43,2,1,1,3,0,0,3,2,0,0,50,2,2852,2852,4,10,5,2,0,0,0,1
1337061,4,2023,2023,5,0,5,6,27,204,34609,0,1,7,-33.895238,150.925366,24,0,2,1,0,0,0,0,2,0,0,50,0,6545,6545,4,5,18,2,0,1,0,0
1337062,4,2023,2023,9,1,7,512,17,562,441,0,1,7,-32.258757,148.641147,22,2,1,1,0,0,3,4,2,0,0,70,2,4552,985,8,0,40,1,0,1,0,0
1337065,2,2023,2023,10,1,6,866,17,61,793,0,1,2,-33.899251,150.91917,24,0,2,1,1,0,0,0,2,0,7,70,2,1945,1945,5,16,40,1,0,0,1,0
1337066,2,2023,2023,9,3,10,76,24,164,154,0,1,10,-33.739154,150.871853,7,0,2,1,2,0,0,0,0,2,7,60,1,14295,14295,3,5,5,2,0,0,1,0
1337072,4,2023,2023,9,5,6,2209,17,44,2205,0,1,9,-33.94694,151.140748,4,0,2,1,1,0,3,3,2,0,0,60,2,14295,14295,3,16,13,2,0,1,0,0
1337076,4,2023,2023,9,4,8,112,17,4,112,0,1,1,-31.556814,146.569598,51,1,0,1,0,0,0,0,2,0,7,110,2,1089,1089,7,16,40,1,0,1,0,0
1337077,1,2023,2023,9,0,6,56,27,443,44,1,0,7,-33.892957,151.059707,15,0,2,1,0,0,0,0,2,0,0,60,1,238,238,9,30,28,2,0,0,0,1
1337080,2,2023,2023,11,6,7,6,1,123,34609,0,1,7,-33.917099,151.221585,59,0,2,1,0,0,0,0,2,0,0,50,0,1282,1282,1,33,27,2,0,0,1,0
1337083,1,2023,2023,9,4,8,2126,17,78,2149,0,1,2,-33.69802,150.569043,8,2,2,1,3,0,0,0,2,0,7,80,2,14295,14295,3,8,40,2,0,0,0,1
1337090,2,2023,2023,9,1,7,1,27,89,34609,0,1,10,-33.866888,150.888575,24,0,2,1,0,0,0,0,2,0,7,50,0,775,775,4,5,12,3,0,0,1,0
1337092,4,2023,2023,9,0,7,2,27,20,34609,0,1,1,-35.929957,146.582012,51,1,0,1,0,0,0,0,2,0,7,100,0,5929,5929,1,29,10,2,0,1,0,1
1337094,1,2023,2023,9,4,9,55,10,96,47,0,1,2,-33.434305,151.392823,16,2,2,1,3,0,3,3,4,0,7,60,2,1981,1981,4,0,5,2,0,0,0,1
1337095,4,2023,2023,11,1,8,171,31,80,34609,0,1,10,-33.879655,151.208459,69,0,2,1,1,0,0,0,2,2,7,40,0,2040,2040,9,19,26,2,0,1,0,0
1337096,2,2023,2023,10,1,3,294,17,16,288,0,1,10,-34.643917,143.56688,51,2,1,1,3,0,0,0,1,0,0,50,2,1945,1945,5,16,40,1,0,0,1,0
1337103,2,2023,2023,9,2,11,2261,17,284,2252,0,1,2,-33.908239,151.030577,15,0,2,1,2,0,0,0,0,0,7,60,2,1383,1383,1,10,5,2,0,0,2,0
1337106,1,2023,2023,9,3,2,1,31,224,34609,0,1,1,-33.823197,151.243262,45,0,2,1,2,0,0,0,0,0,7,50,0,3775,3775,0,0,13,2,0,0,0,1
1337108,1,2023,2023,9,6,4,251,14,39,124,0,1,3,-33.843684,151.211179,49,0,2,1,3,0,3,3,2,0,7,70,2,1282,1282,1,29,5,2,0,0,0,1
1337110,4,2023,2023,10,4,7,26,27,80,160,0,1,1,-33.96533,150.900028,13,0,2,1,0,0,0,0,2,0,7,60,2,9859,9859,8,16,40,1,0,1,0,0
1337113,4,2023,2023,10,2,5,3,27,14,34609,0,1,1,-28.955609,153.456586,2,1,0,0,0,0,0,0,2,0,7,100,0,4552,5151,8,16,40,1,0,1,0,0
1337115,4,2023,2023,9,2,6,255,27,71,166,0,1,1,-33.263389,151.532086,16,2,2,1,0,0,0,0,2,0,7,50,2,3775,3775,0,5,5,3,0,1,0,0
1337117,2,2023,2023,11,2,8,5,27,5,34609,0,1,1,-35.17787,143.446814,51,1,0,0,0,0,0,0,3,0,7,100,0,2585,4009,8,5,40,1,0,0,1,0
1337120,2,2023,2023,10,3,5,3,27,3,34609,0,1,1,-28.651777,153.260177,39,1,0,0,0,0,0,0,2,0,7,100,0,380,714,5,16,40,1,0,0,1,0
1337121,1,2023,2023,11,2,5,3,27,11,34609,0,1,1,-28.351853,153.526954,72,1,0,0,3,0,2,6,2,0,7,100,0,2585,4009,8,16,40,1,0,0,0,1
1337122,2,2023,2023,9,4,4,18,31,110,34609,1,2,9,-33.775156,151.025051,54,0,2,1,0,0,0,0,2,0,0,40,0,2852,2852,4,5,13,2,0,0,1,0
1337126,4,2023,2023,1,1,8,14,27,251,14,0,1,9,-33.775873,150.95534,7,0,2,1,1,2,0,0,2,0,7,60,1,5929,5929,1,9,5,2,0,1,0,0
1337129,2,2023,2023,10,4,11,30,31,78,34609,0,1,1,-33.851928,151.008359,21,0,2,1,2,0,3,0,0,0,7,50,0,237,397,1,5,12,3,0,0,1,0
1337130,1,2023,2023,9,2,7,5,27,4,34609,0,1,1,-35.910635,146.56798,27,1,0,1,0,0,0,0,2,0,7,100,0,312,312,2,16,40,1,0,0,0,1
1337131,1,2023,2023,9,6,6,1,27,251,34609,0,1,1,-33.78938,150.922949,7,0,2,1,3,0,0,0,2,0,7,50,0,9859,9859,1,0,5,3,0,0,0,1
1337132,2,2023,2023,9,4,6,149,27,294,198,0,1,10,-33.941683,150.9421,41,0,2,1,3,0,0,0,2,2,7,60,2,926,926,4,5,5,2,0,0,1,0
1337135,4,2023,2023,5,3,10,866,27,201,44,0,1,7,-34.004422,150.863017,13,0,2,1,2,0,0,0,0,0,0,60,1,9859,9859,8,0,40,1,0,1,0,0
1337139,2,2023,2023,10,5,6,118,17,8,118,0,1,1,-31.246488,150.43877,51,2,1,1,0,0,0,0,2,2,8,40,2,14295,14295,3,8,22,2,0,0,2,1
1337144,4,2023,2023,5,0,0,35,27,18,34609,0,1,1,-28.330379,153.553421,72,2,1,0,0,0,0,0,0,0,7,70,0,1957,4009,8,10,40,1,0,1,0,0
1337145,2,2023,2023,10,0,7,1,18,14,34609,0,1,1,-34.865286,149.702834,26,1,0,0,0,2,0,0,2,0,7,100,0,782,957,5,5,40,1,0,0,1,0
1337149,2,2023,2023,9,6,9,2126,17,609,2149,0,1,2,-33.799615,150.901055,7,0,2,1,3,0,3,4,3,0,7,80,2,204,204,1,0,5,3,0,0,1,0
1337152,1,2023,2023,9,0,9,149,27,60,198,0,1,1,-33.958649,150.958053,41,0,2,1,3,0,0,0,3,0,7,60,2,14295,14295,3,5,5,2,0,0,0,1
1337153,1,2023,2023,9,6,7,10,31,41,34609,1,2,1,-35.123038,147.363607,75,2,1,1,3,0,0,0,2,0,7,40,0,2040,2040,9,5,28,2,0,0,0,1
1337156,4,2023,2023,9,3,5,220,14,67,220,0,1,3,-34.423987,150.869069,80,0,2,1,1,0,0,0,2,0,7,90,2,14295,14295,3,16,13,2,0,1,0,0
1337163,2,2023,2023,9,3,7,78,27,64,61,1,0,9,-33.886462,151.023205,15,0,2,1,3,0,3,0,2,0,7,60,1,3775,3775,0,9,0,2,0,0,1,0
1337164,4,2023,2023,9,3,7,62,31,41,34609,1,0,10,-34.052691,150.69467,12,0,2,1,1,0,0,0,2,0,0,50,0,6545,6545,4,5,5,2,0,1,0,0
1337169,2,2023,2023,10,0,10,2,27,239,34609,0,1,1,-34.037645,151.127487,68,0,2,1,0,0,0,0,0,0,7,50,0,4026,4026,1,5,36,2,0,0,1,0
1337170,1,2023,2023,9,1,8,2209,17,40,2205,0,1,1,-35.047445,150.576885,63,1,0,1,3,0,0,0,2,0,7,100,2,14295,14295,3,10,0,2,0,0,0,1
1337172,2,2023,2023,10,0,4,2261,17,32,2252,0,1,2,-34.829676,148.976104,82,1,0,0,0,0,0,0,2,0,7,110,2,14295,14295,3,8,12,2,0,0,1,0
1337173,4,2023,2023,9,5,6,133,17,22,121,0,1,1,-36.848546,149.276895,65,1,0,0,3,0,3,4,2,0,7,100,2,4552,5151,8,5,40,1,0,1,0,0
1337175,2,2023,2023,1,4,7,31,22,74,34609,0,1,1,-34.437906,150.86304,80,0,2,0,2,0,0,0,2,2,7,50,0,1669,1669,3,10,5,2,0,0,1,0
1337178,2,2023,2023,9,4,8,16,31,102,34609,0,1,9,-33.961066,151.234343,59,0,2,1,0,0,0,0,2,0,7,60,0,2852,2852,4,21,5,2,0,0,2,0
1337180,2,2023,2023,10,1,4,165,31,78,34609,1,2,1,-28.321749,153.404042,72,2,1,1,3,0,0,0,2,0,7,40,0,4026,4026,1,5,0,2,0,0,1,0
1337187,1,2023,2023,9,1,7,3371,17,58,3342,0,1,9,-33.755649,151.152747,36,0,2,1,3,0,0,0,2,2,7,60,2,623,623,3,16,5,2,0,0,0,1
1337189,2,2023,2023,9,1,4,2,27,61,34609,0,1,9,-32.923424,151.730775,48,0,2,1,1,0,0,0,2,0,15,50,0,1220,1220,9,30,28,2,0,0,1,0
1337192,4,2023,2023,10,3,7,255,31,22,70,0,1,1,-31.902436,152.523316,43,2,1,0,0,0,0,0,2,0,7,60,1,4552,5151,8,0,40,1,0,1,2,0
1337193,2,2023,2023,10,2,5,280,10,314,82,1,0,1,-33.852375,150.932709,24,0,2,1,3,0,0,0,2,0,7,60,1,14295,14295,3,30,0,3,0,0,1,0