Crash ID,Degree of crash - detailed,Reporting year,Year of crash,Month of crash,Day of week of crash,Two-hour intervals,Street of crash,Street type,Town,Route no.,School zone location,School zone active,Type of location,Latitude,Longitude,LGA,Urbanisation,Conurbation 1,Alignment,Street lighting,Road surface,Surface condition,Weather,Natural lighting,Signals operation,Other traffic control,Speed limit,Road classification,RUM - code,DCA - code,First impact type,Key TU type,Other TU type,No. of traffic units involved,No. killed,No. seriously injured,No. moderately injured,No. minor-other injured
1337194,2,2023,2023,9,0,9,44,27,89,38,1,0,10,-33.867016,150.889497,24,0,2,1,3,0,0,0,3,2,7,60,1,6545,6545,4,0,40,2,0,0,1,0
1337197,2,2023,2023,9,6,6,64,27,175,284,0,1,1,-33.772584,151.073566,54,0,2,1,3,0,0,0,2,0,7,60,2,14295,14295,3,8,41,3,0,0,1,0
1337199,2,2023,2023,10,0,10,56,27,6,44,0,1,1,-33.915392,151.055853,15,0,2,1,2,0,0,0,0,0,7,60,1,941,941,1,5,5,2,0,0,1,0
1337200,2,2023,2023,9,0,11,10,27,32,34609,0,1,10,-32.349953,149.444841,44,1,0,0,0,0,0,0,0,0,0,100,0,4552,985,8,10,40,1,0,0,1,0
1337202,4,2023,2023,10,6,5,346,17,8,332,0,1,9,-28.862138,153.082401,60,1,0,1,0,0,0,0,2,0,7,100,2,4026,4026,8,0,40,1,0,1,0,0
1337204,4,2023,2023,11,3,5,35,10,20,148,0,1,1,-34.201042,151.011087,80,0,2,0,1,0,0,0,2,0,7,60,2,4552,5151,8,16,40,1,0,1,0,0
1337208,2,2023,2023,11,2,11,14,27,133,34609,0,1,1,-34.505418,150.786468,80,0,2,0,2,0,0,6,0,0,7,50,0,2585,4009,1,5,34,2,0,0,1,0
1337212,1,2023,2023,9,6,7,485,27,337,47,0,1,9,-33.726102,150.973044,71,0,2,1,3,0,3,4,2,2,7,70,2,14295,14295,3,0,13,2,0,0,0,1
1337213,1,2023,2023,10,6,8,117,27,73,702,0,1,9,-33.833953,151.08893,14,0,2,0,1,0,0,0,2,3,7,70,2,14295,14295,3,0,5,5,0,0,0,1
1337217,4,2023,2023,11,2,11,41,27,102,91,0,1,1,-33.954225,151.23678,59,0,2,1,2,0,0,0,0,0,7,50,1,9859,9859,1,10,36,2,0,1,0,0
1337218,4,2023,2023,10,0,6,56,27,443,44,0,1,1,-33.907575,151.057154,15,0,2,1,3,0,0,0,2,0,9,40,1,214,214,9,33,28,2,0,1,0,0
1337219,1,2023,2023,9,0,6,3371,17,104,3342,0,1,2,-32.824689,151.68449,48,0,2,1,3,0,0,0,2,0,7,80,2,14295,14295,3,10,0,3,0,0,0,1
1337220,4,2023,2023,10,2,10,2261,17,112,2252,0,1,2,-33.90577,150.942962,41,0,2,1,2,0,0,0,0,0,7,70,2,945,945,5,5,40,1,0,1,0,0
1337221,4,2023,2023,9,6,8,108,27,106,34609,0,1,1,-34.565217,150.796522,62,0,2,1,0,0,0,0,2,0,7,60,0,591,591,1,17,5,2,0,1,0,0
1337222,2,2023,2023,5,3,7,916,17,44,917,0,1,9,-32.037305,150.863864,73,1,0,1,0,0,0,0,2,0,15,100,2,2852,2852,4,0,13,2,0,0,3,0
1337224,4,2023,2023,5,1,3,1104,14,460,962,0,1,3,-33.821754,150.984988,21,0,2,1,2,0,3,4,1,0,7,90,2,14295,14295,3,9,5,6,0,1,0,0
1337225,4,2023,2023,11,4,9,866,17,314,793,0,1,2,-33.858687,150.93252,24,0,2,1,2,0,0,0,0,0,7,70,2,1220,1220,9,0,28,2,0,1,1,0
1337227,4,2023,2023,5,0,11,163,27,29,165,0,1,9,-33.740343,150.796695,7,0,2,0,2,0,0,0,0,0,0,60,1,2852,2852,4,5,19,2,0,1,0,1
1337231,4,2023,2023,9,5,4,125,31,438,44,0,1,2,-33.846817,151.030624,21,0,2,1,3,0,3,4,2,0,7,60,1,1981,1981,4,10,5,2,0,1,0,0
1337237,1,2023,2023,11,6,10,82,31,11,34609,0,1,10,-33.847389,151.212963,49,0,2,1,2,0,0,0,0,2,9,50,0,2040,2040,9,5,28,2,0,0,0,1
1337243,2,2023,2023,9,6,9,41,27,33,7,0,1,2,-33.772833,150.855972,7,0,2,1,1,0,0,0,2,2,7,60,1,5929,5929,1,5,5,2,0,0,1,2
1337244,4,2023,2023,6,2,5,2,27,2,34609,0,1,9,-31.02355,152.338918,34,1,0,0,0,2,3,2,2,0,7,100,0,1850,1463,5,16,40,1,0,1,0,0
1337245,4,2023,2023,1,5,6,62,10,55,169,0,1,10,-32.830107,151.513263,17,1,0,1,0,0,0,0,2,0,15,90,2,5929,5929,1,10,5,2,0,1,0,0
1337247,1,2023,2023,9,5,11,829,27,123,770,0,1,10,-33.81405,151.05365,54,0,2,1,3,0,0,0,0,2,7,70,2,186,186,1,5,5,2,0,0,0,1
1337248,4,2023,2023,11,1,9,3,31,76,34609,0,1,1,-35.362249,150.47226,63,2,1,1,2,0,0,0,0,0,7,50,0,9859,9859,8,5,40,1,0,1,0,0
1337249,1,2023,2023,9,1,10,2261,17,20,2252,0,1,2,-35.413663,147.645675,75,1,0,1,3,0,0,0,0,0,7,110,2,1089,1089,7,3,40,1,0,0,0,1
1337252,4,2023,2023,9,6,7,92,31,83,34609,1,2,1,-30.111337,153.196893,19,2,1,1,0,0,0,3,2,0,9,40,0,14295,14295,3,16,0,2,0,1,0,0
1337256,4,2023,2023,1,5,2,134,10,36,133,0,1,2,-33.802292,151.024128,54,0,2,0,2,0,3,4,0,0,7,90,2,14295,14295,3,10,19,2,0,1,0,0
1337262,1,2023,2023,9,0,4,2,23,57,34609,0,1,9,-33.341752,151.430344,16,2,2,0,3,0,0,0,2,0,15,50,0,926,926,4,5,5,2,0,0,0,1
1337264,1,2023,2023,9,0,9,224,27,387,321,0,1,9,-33.926274,151.195407,4,0,2,1,3,0,0,0,3,0,0,50,2,515,515,1,5,13,2,0,0,0,1
1337265,1,2023,2023,9,3,3,2,31,337,34609,0,1,9,-33.727063,151.00876,71,0,2,1,3,0,0,6,2,0,7,50,0,2852,2852,4,30,19,2,0,0,0,1
1337267,4,2023,2023,10,0,8,132,31,174,126,0,1,1,-33.891643,151.213445,69,0,2,1,1,0,0,0,2,0,7,50,2,515,515,1,10,27,2,0,1,0,0
1337275,4,2023,2023,9,1,5,133,10,40,121,0,1,1,-31.503242,152.896941,56,1,0,0,0,0,3,3,2,0,7,100,1,3775,3775,0,5,25,2,0,1,1,0
1337276,4,2023,2023,9,5,8,26,10,13,26,0,1,1,-36.825392,149.901202,5,2,1,0,0,0,3,1,3,0,7,80,1,4552,5151,8,5,40,1,0,1,0,0
1337278,2,2023,2023,9,0,11,25,27,136,76,1,0,10,-32.922045,151.713412,48,0,2,1,2,0,0,0,0,2,7,60,1,5929,5929,1,5,5,2,0,0,1,0
1337280,1,2023,2023,9,4,11,4,31,207,34609,0,1,9,-31.954044,141.456262,51,2,1,1,2,0,0,0,0,0,7,50,0,9859,9859,1,5,0,2,0,0,0,1
1337281,4,2023,2023,1,3,1,12,27,11,34609,0,1,1,-33.918475,150.676823,41,0,2,0,1,0,0,0,0,0,7,80,0,4552,5151,8,16,40,1,0,1,0,0
1337286,4,2023,2023,11,1,6,916,17,179,917,0,1,10,-31.144677,150.9225,70,2,1,1,0,0,0,0,2,0,0,80,2,6545,6545,4,0,5,2,0,1,1,1
1337287,1,2023,2023,10,2,11,4,23,18,34609,0,1,1,-32.90143,151.710211,48,0,2,0,2,0,0,0,0,0,7,50,0,2585,4009,1,0,5,3,0,0,0,1
1337289,4,2023,2023,11,4,3,222,31,57,34609,0,1,4,-32.823996,151.472996,17,2,1,0,0,0,0,0,1,0,7,50,0,3775,3775,0,30,13,2,0,2,0,0
1337290,2,2023,2023,9,5,5,47,31,226,34609,0,1,9,-33.769987,150.805923,7,0,2,1,3,0,0,0,2,0,7,50,0,1109,787,1,0,0,2,0,0,1,0
1337292,4,2023,2023,1,4,3,45,31,204,331,0,1,9,-33.938431,151.15162,4,0,2,1,2,0,0,0,1,2,7,60,2,5929,5929,1,10,19,2,0,1,0,1
1337295,4,2023,2023,10,2,6,24,27,5,103,0,1,1,-28.689165,153.221696,39,2,1,1,3,0,0,0,2,0,7,80,1,14295,14295,3,16,13,2,0,1,0,0
1337296,1,2023,2023,11,3,8,10,31,646,34609,0,1,2,-33.915323,151.036815,15,0,2,1,2,0,0,0,2,0,7,40,0,1981,1981,4,5,13,2,0,0,0,1
1337298,1,2023,2023,9,5,1,2209,17,48,2205,0,1,9,-36.709233,149.838403,5,1,0,0,3,0,3,4,0,0,0,100,2,4552,985,8,5,40,1,0,0,0,1
1337302,4,2023,2023,9,3,5,8,4,65,34609,0,1,1,-36.04571,146.990178,0,2,1,1,1,0,0,0,2,0,7,50,0,1981,1981,4,10,18,2,0,1,0,0
1337309,4,2023,2023,9,2,5,8,1,646,34609,0,1,1,-33.916409,151.040111,15,0,2,1,0,0,0,0,2,0,7,50,0,2585,4009,8,5,40,5,0,1,1,2
1337313,2,2023,2023,10,1,7,1,31,59,47,0,1,1,-32.888976,151.727091,48,0,2,1,0,0,0,0,2,0,7,60,2,1192,1192,1,0,0,3,0,0,1,0
1337321,4,2023,2023,9,0,8,103,27,29,256,0,1,2,-34.189445,150.790674,79,2,2,1,0,0,0,3,3,0,7,80,2,9859,9859,8,16,40,1,0,1,0,0
1337322,2,2023,2023,10,0,10,916,17,32,917,0,1,2,-32.645303,151.243763,64,2,1,1,2,0,0,0,0,2,7,60,2,14295,14295,3,0,5,2,0,0,1,1
1337324,2,2023,2023,9,2,11,485,27,154,769,0,1,9,-33.718077,150.962518,71,0,2,1,3,0,0,0,0,0,2,60,2,775,775,4,0,5,2,0,0,1,0
1337325,4,2023,2023,9,0,3,154,27,55,244,0,1,10,-33.902142,151.083601,15,0,2,1,1,0,3,4,2,2,9,60,2,1220,1220,9,10,28,2,0,1,0,0
1337330,4,2023,2023,9,0,4,213,17,113,213,0,1,1,-29.47783,149.961717,51,1,0,1,2,0,0,0,2,0,7,100,2,1089,1089,7,16,40,1,0,1,1,0
1337333,2,2023,2023,11,1,9,11,1,234,34609,0,1,1,-34.280469,146.066314,28,2,1,0,0,0,0,0,3,0,7,50,0,4552,5151,8,5,40,1,0,0,1,0
1337334,1,2023,2023,9,0,7,60,31,138,34609,0,1,9,-33.872053,151.27374,81,0,2,1,2,0,0,0,2,0,7,50,0,14295,14295,3,8,5,2,0,0,0,1
1337335,2,2023,2023,9,1,4,65,27,202,563,0,1,9,-33.940458,151.035452,15,0,2,1,1,0,0,0,2,2,7,70,2,14295,14295,3,5,5,3,0,0,1,0
1337336,2,2023,2023,9,3,8,125,1,137,34609,0,1,2,-34.044616,151.052641,68,0,2,1,3,0,0,0,4,0,7,50,0,9859,9859,8,0,40,1,0,0,1,0
1337340,2,2023,2023,10,2,5,2261,17,32,2252,0,1,9,-34.836073,149.019974,82,1,0,0,0,0,0,0,2,0,0,110,2,1109,787,1,0,0,2,0,0,1,1
1337341,1,2023,2023,9,2,3,17,27,78,30,1,0,10,-28.323244,153.394283,72,2,1,1,1,0,0,0,2,0,0,50,1,6545,6545,4,5,27,2,0,0,0,1
1337346,2,2023,2023,10,6,7,3,31,234,34609,0,1,1,-34.29229,146.048085,28,2,1,1,1,0,0,0,2,0,7,50,0,1109,787,1,10,5,2,0,0,2,0
1337348,2,2023,2023,5,5,10,6,27,2,34609,0,1,1,-32.652751,151.377941,64,2,1,0,0,0,0,0,0,0,7,60,0,4552,5151,8,5,40,1,0,0,1,0
1337351,2,2023,2023,9,5,8,512,17,30,441,0,1,10,-30.087232,145.945265,51,2,1,1,1,0,0,0,2,0,0,50,2,6545,6545,4,10,0,2,0,0,1,2
1337353,1,2023,2023,9,4,4,475,10,523,268,1,2,2,-33.916371,150.911134,41,0,2,1,1,0,0,0,2,0,7,40,2,1220,1220,9,5,28,2,0,0,0,1
1337355,2,2023,2023,9,3,3,293,31,112,369,0,1,10,-33.614066,150.813146,29,2,2,1,3,0,0,0,1,0,15,60,2,6545,6545,4,5,5,2,0,0,1,0
1337359,4,2023,2023,9,3,4,44,31,35,34609,0,1,10,-34.366088,150.911941,80,0,2,1,1,2,0,0,2,0,15,50,0,6545,6545,4,5,19,2,0,1,0,0
1337362,4,2023,2023,1,6,6,5,27,210,34609,0,1,7,-34.037363,151.112787,68,0,2,1,3,0,0,0,2,0,0,50,0,4026,4026,8,5,40,1,0,1,0,0
1337364,2,2023,2023,9,0,6,7,31,105,34609,0,1,1,-32.587198,149.572003,44,2,1,1,1,0,0,0,2,0,7,50,0,248,248,1,16,5,2,0,0,1,0
1337366,2,2023,2023,9,6,5,220,27,154,222,0,1,10,-33.712018,150.933667,71,0,2,1,3,0,0,0,2,2,0,80,2,623,623,3,5,5,2,0,0,1,0
1337369,1,2023,2023,9,5,6,8,31,92,240,0,1,9,-33.876943,150.965779,24,0,2,1,1,0,0,0,2,2,9,50,2,14295,14295,3,5,25,3,0,0,0,1
1337370,2,2023,2023,9,0,3,27,27,17,62,0,1,1,-30.268859,153.049986,19,2,1,0,0,0,3,4,2,0,7,80,1,782,957,5,0,40,1,0,0,1,2
1337374,4,2023,2023,10,6,10,9,31,445,34609,0,1,9,-33.86439,151.045609,21,0,2,1,2,0,3,4,0,0,9,50,0,2040,2040,9,5,28,3,0,1,1,0
1337375,4,2023,2023,9,0,5,13,31,207,34609,0,1,7,-31.96325,141.454948,51,2,1,1,1,0,0,0,2,0,0,50,0,1850,985,5,16,40,1,0,1,0,0
1337381,4,2023,2023,11,4,7,111,27,57,233,0,1,9,-33.945881,151.22703,4,0,2,1,1,0,0,0,2,2,7,60,2,5929,5929,1,5,13,2,0,1,0,0
1337383,4,2023,2023,9,5,8,2261,17,140,2252,0,1,2,-33.898353,150.995057,15,0,2,1,1,0,0,0,2,2,7,70,2,5929,5929,1,5,25,2,0,2,1,0
1337388,2,2023,2023,9,1,4,13,22,62,34609,0,1,7,-34.082037,150.81206,13,0,2,1,1,0,0,0,2,0,0,60,0,14295,14295,3,5,13,2,0,0,1,0
1337389,2,2023,2023,9,0,9,34,31,98,260,0,1,9,-33.008953,151.594032,37,0,2,1,3,0,0,0,3,2,7,60,2,14295,14295,3,5,13,2,0,0,1,0
1337390,1,2023,2023,9,4,8,17,31,14,96,1,0,2,-32.965793,151.645281,37,0,2,1,3,0,3,4,2,0,7,60,2,14295,14295,3,10,5,3,0,0,0,1
1337392,1,2023,2023,9,4,3,13,27,223,34609,0,1,9,-33.800862,150.924305,7,0,2,1,3,0,0,3,2,0,0,50,0,6545,6545,4,5,5,2,0,0,0,1
1337396,1,2023,2023,11,2,5,2126,17,363,2149,0,1,10,-33.819397,151.000213,54,0,2,1,3,0,0,0,2,2,7,60,2,14295,14295,3,5,36,2,0,0,0,1
1337399,2,2023,2023,1,4,7,1104,14,142,962,0,1,3,-33.82793,150.998558,54,0,2,0,1,0,0,0,2,0,7,90,2,1192,1192,1,5,5,2,0,0,1,1
1337404,1,2023,2023,10,6,7,1,31,70,24,0,1,7,-33.434709,151.352572,16,2,2,1,1,0,0,0,2,0,0,60,1,101,101,8,30,13,2,0,0,0,1
1337406,1,2023,2023,9,2,0,63,17,112,34609,0,1,1,-33.451387,151.437494,16,2,2,1,2,0,3,0,0,0,7,50,0,9859,9859,1,30,5,3,0,0,0,1
1337407,2,2023,2023,9,2,4,2209,17,35,2205,0,1,1,-35.494247,150.336074,63,1,0,0,0,0,3,4,2,0,7,100,2,4552,5151,8,5,40,1,0,0,1,0
1337408,2,2023,2023,10,5,5,105,17,251,136,0,1,9,-33.770991,150.938777,7,0,2,1,1,0,0,0,2,3,7,60,2,14295,14295,3,5,0,3,0,0,1,0
1337409,2,2023,2023,10,4,6,26,31,363,34609,0,1,7,-33.760551,150.70064,55,0,2,1,1,0,0,3,2,0,0,50,0,6545,6545,4,5,0,2,0,0,2,0
1337412,2,2023,2023,11,1,4,73,18,174,34609,0,1,0,-33.893137,151.212997,69,0,2,1,1,0,0,0,2,0,7,40,0,30,30,9,22,28,2,0,0,1,0
1337417,2,2023,2023,9,1,6,35,1,43,52,0,1,9,-33.724915,150.788253,7,0,2,1,3,0,0,0,2,2,7,70,1,2852,2852,4,5,13,2,0,0,1,0
1337418,4,2023,2023,10,2,6,25,23,137,34609,0,1,7,-34.026774,151.061331,68,0,2,1,0,0,0,0,2,0,0,50,0,775,775,4,16,5,2,0,1,0,0
1337420,4,2023,2023,9,1,7,47,27,63,34609,0,1,9,-33.248939,151.50104,16,2,2,1,1,0,0,0,2,0,7,50,0,775,775,4,5,0,2,0,1,0,0
1337423,4,2023,2023,10,0,9,44,31,136,34609,0,1,1,-33.92422,151.078189,15,0,2,1,1,0,0,0,2,0,7,50,0,1220,1220,9,5,28,2,0,1,0,0
1337426,4,2023,2023,10,1,9,4,1,96,34609,0,1,1,-34.058851,150.827579,13,0,2,0,1,0,0,0,2,0,7,50,0,3775,3775,0,5,27,2,0,1,0,0
1337429,2,2023,2023,10,0,9,2261,17,443,2252,0,1,9,-33.890426,151.05887,67,0,2,1,3,0,0,0,0,2,7,70,2,5929,5929,1,5,13,2,0,0,1,0
1337432,4,2023,2023,5,6,4,177,22,239,176,0,1,9,-34.036823,151.117091,68,0,2,1,1,0,0,0,2,0,7,60,2,14295,14295,3,0,13,3,0,1,1,1
1337434,1,2023,2023,10,0,8,1104,14,143,962,0,1,3,-33.869578,151.106156,9,0,2,1,3,0,0,0,2,0,7,80,2,14295,14295,3,5,5,3,0,0,0,1
1337438,4,2023,2023,10,4,11,866,17,247,793,0,1,10,-33.816417,150.963069,21,0,2,1,2,0,3,0,0,2,7,70,2,5929,5929,1,16,5,2,0,1,1,0
1337440,4,2023,2023,10,6,7,2261,17,243,2252,0,1,9,-33.957835,150.887124,41,0,2,0,1,0,0,0,2,2,7,70,2,5929,5929,1,16,5,2,0,1,0,0
1337441,4,2023,2023,6,3,5,6,27,3,34609,0,1,1,-34.531783,147.661901,51,1,0,1,3,2,0,0,2,0,7,100,0,1945,1945,5,16,40,1,0,1,0,0
1337443,4,2023,2023,9,3,8,1104,14,323,962,0,1,3,-33.791405,150.815221,7,0,2,1,1,0,0,0,2,0,7,110,2,1282,1282,1,10,27,2,0,1,1,0
1337446,1,2023,2023,9,0,4,232,36,252,331,0,1,10,-33.956092,150.872758,41,0,2,1,2,0,3,4,2,2,7,70,2,14295,14295,3,0,36,3,0,0,0,1
1337448,1,2023,2023,9,0,9,224,27,246,321,1,0,10,-33.92146,151.196417,69,0,2,1,1,0,0,0,2,2,9,50,2,591,591,1,22,5,2,0,0,0,1
1337449,4,2023,2023,11,2,11,255,27,71,166,0,1,1,-33.263198,151.531267,16,2,2,1,2,0,0,0,0,0,7,50,2,340,340,9,5,28,2,0,1,1,0
1337450,1,2023,2023,9,2,6,22,31,215,34609,0,1,10,-35.104097,147.360673,75,2,1,1,3,0,0,0,2,0,7,50,0,5929,5929,1,0,5,2,0,0,0,1
1337451,4,2023,2023,1,5,2,13,27,2,18,0,1,1,-32.012187,150.753634,73,1,0,0,0,0,0,1,1,0,7,100,1,4552,5151,8,10,40,1,0,1,0,0
1337452,2,2023,2023,9,0,4,91,27,161,187,0,1,10,-33.875033,151.160843,32,0,2,1,1,0,3,4,2,2,7,70,2,2040,2040,9,9,28,2,0,0,1,0
1337453,2,2023,2023,11,5,1,1,1,80,34609,0,1,1,-33.815771,151.177708,38,0,2,1,2,0,0,0,0,0,7,40,0,4026,4026,8,0,40,1,0,0,2,0
1337455,2,2023,2023,10,3,5,178,27,13,48,0,1,1,-32.728122,151.557985,42,2,1,1,1,0,0,0,2,0,7,50,1,14295,14295,3,10,0,3,0,0,1,1
1337465,2,2023,2023,11,5,11,2261,17,523,2252,0,1,9,-33.929058,150.91802,41,0,2,1,3,0,0,0,0,0,0,60,2,1391,1391,1,33,0,2,0,0,1,0
1337466,1,2023,2023,9,0,7,87,1,225,19,0,1,9,-33.79915,151.179453,77,0,2,1,2,0,0,0,2,0,7,40,1,1669,1669,3,21,5,2,0,0,0,1
1337470,1,2023,2023,11,6,4,13,27,131,212,0,1,2,-33.780848,151.195896,36,0,2,0,3,0,0,0,2,0,7,60,2,14295,14295,3,0,0,2,0,0,0,1
1337471,1,2023,2023,9,4,6,361,31,169,382,0,1,2,-33.769822,150.8348,7,0,2,1,3,0,3,4,2,0,7,60,2,14295,14295,3,5,5,2,0,0,0,2
1337472,1,2023,2023,5,2,9,296,27,92,293,0,1,9,-33.877246,150.980586,24,0,2,1,3,0,0,0,0,2,7,70,2,14295,14295,3,10,0,2,0,0,0,2
1337479,1,2023,2023,9,6,8,2209,17,176,2205,0,1,9,-33.955226,151.137703,4,0,2,1,3,0,3,4,2,2,7,60,2,14295,14295,3,21,5,4,0,0,0,1
1337482,2,2023,2023,11,5,9,2,31,39,34609,0,1,10,-31.071018,152.827537,34,2,1,1,2,0,0,0,0,0,0,50,0,2040,2040,9,16,28,2,0,0,1,0
1337487,2,2023,2023,9,0,5,5,27,5,11,0,1,1,-36.782577,149.719636,5,1,0,0,3,0,3,4,2,0,7,100,1,4552,5151,8,5,40,1,0,0,1,0
1337492,2,2023,2023,10,3,6,475,31,96,34609,0,1,9,-33.392386,147.995983,51,2,1,1,1,0,0,0,2,0,7,50,0,1850,777,5,16,40,1,0,0,1,0
1337494,4,2023,2023,5,3,4,387,27,115,331,0,1,10,-33.958886,151.063903,25,0,2,1,1,0,0,0,2,1,7,60,2,5929,5929,1,21,5,2,0,1,1,0
1337497,4,2023,2023,10,0,1,6,4,363,34609,0,1,1,-33.748241,150.69768,55,0,2,0,2,0,0,0,0,0,7,50,0,4552,5151,1,16,5,2,0,1,0,0
1337504,1,2023,2023,9,3,8,387,27,253,331,0,1,9,-33.964044,151.095225,25,0,2,1,3,0,0,0,2,2,7,60,2,63,63,4,0,5,3,0,0,0,1
1337505,1,2023,2023,9,4,8,3371,17,82,3342,0,1,2,-33.826816,151.199934,49,0,2,1,3,0,3,4,2,0,7,60,2,1282,1282,1,5,5,2,0,0,0,2
1337514,2,2023,2023,11,2,3,1,31,246,34609,0,1,9,-33.898969,151.194091,69,0,2,0,0,0,0,0,1,0,7,50,0,1957,4009,8,5,40,1,0,0,1,0
1337515,1,2023,2023,10,5,4,5,31,443,34609,0,1,1,-33.910628,151.058836,15,0,2,1,1,0,0,0,2,0,7,50,0,1220,1220,9,9,28,2,0,0,0,1
1337517,2,2023,2023,10,2,5,234,27,323,217,0,1,9,-33.759602,150.992933,71,0,2,1,1,0,0,0,2,2,9,60,2,1220,1220,9,10,28,2,0,0,1,0
1337518,4,2023,2023,11,2,3,7,27,7,34609,0,1,1,-28.318458,153.249363,72,2,1,0,1,0,2,2,2,0,7,80,0,1850,1463,5,16,40,1,0,1,0,0
1337520,2,2023,2023,9,2,5,105,27,174,109,0,1,9,-33.861678,150.923324,24,0,2,1,1,0,0,0,2,0,7,60,1,5929,5929,1,5,0,2,0,0,1,0
1337521,1,2023,2023,9,5,8,232,36,252,331,0,1,10,-33.954891,150.864299,41,0,2,1,1,0,0,0,2,2,7,70,2,14295,14295,3,10,5,2,0,0,0,1
1337524,2,2023,2023,9,4,8,11,31,316,34609,0,1,1,-33.906569,151.239443,59,0,2,1,3,0,3,4,2,0,7,50,0,1981,1981,4,0,5,3,0,0,1,1
1337527,4,2023,2023,10,2,11,23,27,8,34609,0,1,1,-28.755239,153.419435,39,2,1,0,0,0,0,0,0,0,7,80,0,2585,4009,8,5,40,1,0,1,0,0
1337531,1,2023,2023,9,0,4,387,36,86,69,0,1,10,-33.722236,151.217148,50,0,2,1,1,0,0,0,2,2,9,80,2,2040,2040,9,0,28,2,0,0,0,1
1337534,4,2023,2023,10,4,8,43,27,13,118,0,1,10,-30.972616,150.867519,70,1,0,1,0,0,0,0,2,0,0,100,2,1669,1669,3,5,5,2,0,1,0,0
1337536,4,2023,2023,9,5,8,265,10,445,563,0,1,9,-33.859569,151.042915,21,0,2,1,0,0,0,0,2,0,7,70,2,5929,5929,1,5,5,2,0,1,0,0
1337537,2,2023,2023,9,0,3,48,27,70,166,0,1,10,-33.254771,151.498354,16,2,2,1,3,0,3,4,2,0,7,50,2,9859,9859,8,5,40,1,0,0,1,0
1337538,4,2023,2023,1,6,4,32,14,108,124,0,1,2,-33.812979,151.191993,77,0,2,1,0,0,0,0,2,0,7,80,2,1192,1192,1,16,18,2,0,1,0,0
1337542,4,2023,2023,1,4,5,45,27,80,34609,0,1,10,-33.814836,151.16639,38,0,2,1,1,0,0,0,2,2,9,50,0,2040,2040,9,8,28,2,0,1,0,0
1337544,2,2023,2023,9,5,5,866,17,278,793,0,1,9,-33.758611,151.049114,71,0,2,1,3,0,0,3,2,2,7,70,2,1391,1391,1,0,0,2,0,0,2,0
1337548,4,2023,2023,1,6,9,2,31,182,34609,0,1,9,-32.833471,151.363801,17,2,1,1,2,0,0,0,0,0,7,50,0,2852,2852,4,5,19,2,0,2,0,0
1337549,2,2023,2023,11,5,8,13,27,151,34609,1,0,6,-34.029558,150.84859,13,0,2,0,3,0,2,6,2,0,9,50,0,2040,2040,9,0,28,2,0,0,1,0
1337551,2,2023,2023,9,6,8,2209,17,157,2205,0,1,9,-34.016914,151.092438,68,0,2,1,0,0,0,3,2,0,0,70,2,5929,5929,1,5,0,4,0,0,2,0
1337552,4,2023,2023,11,3,7,114,27,10,65,0,1,1,-33.467413,151.089018,16,2,2,0,1,0,0,0,2,0,7,60,1,1957,4009,8,16,40,1,0,1,0,0
1337553,2,2023,2023,10,6,4,4,1,646,34609,0,1,9,-33.921109,151.043562,15,0,2,1,1,0,0,0,2,0,7,50,0,2852,2852,4,0,5,2,0,0,1,0
1337558,2,2023,2023,9,6,9,36,27,10,72,0,1,9,-28.70611,153.497785,10,2,1,0,1,0,0,0,2,0,0,50,2,1109,787,1,5,0,2,0,0,3,0
1337559,4,2023,2023,1,1,5,866,27,201,44,1,0,10,-33.999958,150.867946,13,0,2,1,2,0,3,4,2,2,7,60,1,5929,5929,1,0,0,2,0,1,0,0
1337560,1,2023,2023,9,4,7,33,27,33,154,0,1,10,-33.772965,150.874105,7,0,2,1,1,0,0,0,2,2,7,60,1,14295,14295,3,0,5,2,0,0,0,1
1337561,2,2023,2023,1,3,5,500,27,293,799,0,1,1,-33.932005,151.053154,15,0,2,1,1,0,0,0,2,0,7,60,2,14295,14295,3,5,5,2,0,0,1,0
1337567,4,2023,2023,10,0,11,49,31,83,34609,0,1,9,-29.725491,152.927838,18,2,1,0,2,0,0,0,0,0,7,50,0,1850,985,5,16,40,1,0,1,0,0
1337570,4,2023,2023,10,3,0,35,27,155,231,1,0,1,-33.490998,151.326758,16,2,2,1,2,0,0,0,0,0,7,60,2,4026,4026,8,34,40,1,0,1,0,0
1337576,2,2023,2023,9,6,6,21,1,120,34609,0,1,9,-33.770554,150.874601,7,0,2,0,0,0,0,0,2,0,7,50,0,4552,985,8,16,40,1,0,0,1,0
1337577,2,2023,2023,9,3,10,2,31,113,34609,0,1,10,-29.462972,149.841635,51,2,1,1,2,0,3,4,0,2,7,40,0,150,150,4,10,13,2,0,0,2,0
1337578,1,2023,2023,9,2,6,2126,17,17,2149,0,1,2,-33.710386,150.587081,8,2,2,0,3,0,3,4,2,0,7,80,2,1259,5151,8,10,40,1,0,0,0,1
1337580,2,2023,2023,1,0,9,112,27,79,769,0,1,10,-33.579888,150.719578,29,2,2,1,2,0,0,0,3,2,7,60,2,775,775,4,5,5,2,0,0,1,0
1337581,2,2023,2023,9,0,9,125,27,43,144,0,1,1,-32.801058,151.888685,57,2,1,0,0,0,0,0,2,0,7,80,2,1957,4009,8,30,40,1,0,0,1,0
1337582,2,2023,2023,9,2,5,1,27,5,34609,0,1,1,-36.413299,148.720787,65,1,0,0,3,0,0,0,2,0,7,100,0,1850,1463,5,0,40,1,0,0,1,0