Crash ID,Degree of crash - detailed,Reporting year,Year of crash,Month of crash,Day of week of crash,Two-hour intervals,Street of crash,Street type,Town,Route no.,School zone location,School zone active,Type of location,Latitude,Longitude,LGA,Urbanisation,Conurbation 1,Alignment,Street lighting,Road surface,Surface condition,Weather,Natural lighting,Signals operation,Other traffic control,Speed limit,Road classification,RUM - code,DCA - code,First impact type,Key TU type,Other TU type,No. of traffic units involved,No. killed,No. seriously injured,No. moderately injured,No. minor-other injured
1337584,4,2023,2023,10,6,9,19,27,29,34609,1,0,1,-32.89,151.694319,48,0,2,0,1,0,0,0,3,0,7,50,0,3775,3775,0,5,5,3,0,1,0,0
1337588,2,2023,2023,9,5,10,2,27,26,34609,0,1,1,-31.49967,150.72099,51,1,0,0,0,2,0,0,0,0,7,100,0,1850,1463,5,5,40,1,0,0,1,0
1337589,4,2023,2023,11,3,5,7,27,12,34609,0,1,1,-33.880799,149.657671,51,1,0,0,0,0,0,0,2,0,7,100,0,1850,1463,5,16,40,1,0,1,0,0
1337591,2,2023,2023,9,0,8,78,31,76,34609,0,1,1,-35.359453,150.466542,63,2,1,1,0,0,0,0,2,0,7,50,0,323,323,1,0,25,2,0,0,1,0
1337602,1,2023,2023,9,5,5,2,31,460,92,0,1,7,-33.835772,150.99609,21,0,2,1,3,0,3,4,2,0,0,60,1,14295,14295,3,5,5,2,0,0,0,1
1337603,2,2023,2023,9,4,11,36,27,438,25,0,1,10,-33.848218,151.021447,21,0,2,1,3,0,0,0,0,2,7,50,1,5929,5929,1,5,5,2,0,0,1,0
1337605,1,2023,2023,2,2,6,1,31,65,34609,1,0,9,-33.386782,151.364671,16,2,2,0,3,0,0,0,2,0,7,50,0,775,775,4,5,0,2,0,0,0,1
1337606,1,2023,2023,9,4,6,118,27,646,34609,0,1,9,-33.917234,151.032944,15,0,2,0,3,0,0,0,2,2,7,40,0,14295,14295,3,5,5,2,0,0,0,1
1337607,1,2023,2023,9,0,9,178,27,189,101,0,1,9,-33.948301,151.052803,15,0,2,1,3,0,0,0,3,0,7,50,1,1391,1391,1,0,5,2,0,0,0,1
1337609,2,2023,2023,9,4,8,177,22,239,176,0,1,9,-34.036823,151.117091,68,0,2,1,3,0,0,3,3,0,7,60,2,2852,2852,4,0,5,2,0,0,1,0
1337611,1,2023,2023,2,6,4,3371,17,57,3342,0,1,2,-28.632923,153.549116,10,1,0,1,3,0,0,0,2,0,7,110,2,1282,1282,1,5,12,2,0,0,0,1
1337612,2,2023,2023,11,3,5,204,31,228,34609,0,1,10,-34.746118,149.722394,26,2,1,1,3,0,0,0,2,0,7,50,0,1669,1669,3,0,0,2,0,0,1,0
1337614,1,2023,2023,2,0,4,330,27,108,605,0,1,9,-33.764072,151.271416,50,0,2,1,3,0,0,0,2,2,7,60,2,5929,5929,1,0,19,2,0,0,0,1
1337615,1,2023,2023,9,6,0,829,27,149,770,0,1,9,-33.86713,151.175309,32,0,2,0,3,0,0,0,0,2,7,60,2,5929,5929,1,5,5,2,0,0,0,1
1337617,1,2023,2023,9,6,4,192,10,84,114,0,1,1,-33.468308,151.385237,16,2,2,1,3,0,0,0,2,0,7,60,2,1383,1383,1,5,13,2,0,0,0,1
1337619,2,2023,2023,9,4,8,73,27,443,78,0,1,10,-33.906707,151.057177,15,0,2,1,3,0,0,0,2,2,7,60,2,2040,2040,9,5,26,2,0,0,1,0
1337621,2,2023,2023,9,1,7,137,31,438,34609,1,2,1,-33.843301,151.034699,21,0,2,1,3,0,0,0,2,0,9,40,0,2040,2040,9,5,28,2,0,0,1,0
1337624,1,2023,2023,9,1,4,2,27,323,769,0,1,9,-33.749935,150.986058,71,0,2,1,3,0,0,0,2,2,7,60,2,14295,14295,3,5,5,2,0,0,0,1
1337629,1,2023,2023,2,0,7,149,27,294,198,0,1,1,-33.93363,150.934561,41,0,2,1,3,0,0,0,2,0,7,60,2,1981,1981,4,5,5,2,0,0,0,1
1337630,2,2023,2023,9,1,8,12,27,90,28,0,1,9,-33.804682,150.935675,21,0,2,1,3,0,0,0,2,0,7,60,1,926,926,4,5,5,3,0,0,1,1
1337632,1,2023,2023,9,4,6,48,10,59,58,0,1,9,-32.886371,151.728039,48,0,2,0,3,0,0,3,2,2,7,80,2,14295,14295,3,5,0,2,0,0,0,1
1337633,1,2023,2023,2,2,3,21,31,219,34609,0,1,10,-32.90974,151.67165,48,0,2,1,3,0,3,4,1,0,0,50,0,6545,6545,4,0,13,2,0,0,0,1
1337634,2,2023,2023,2,1,5,1104,14,247,962,0,1,3,-33.811115,150.941011,21,0,2,1,3,0,0,0,2,0,7,100,2,14295,14295,3,5,10,2,0,0,1,0
1337635,1,2023,2023,10,6,7,2261,17,112,2252,0,1,9,-33.911409,150.93817,41,0,2,1,3,0,0,0,2,2,7,70,2,14295,14295,3,9,5,2,0,0,0,1
1337636,2,2023,2023,1,0,8,1,31,62,34609,0,1,1,-33.751342,150.614673,8,2,2,1,3,0,0,0,3,0,7,50,0,9859,9859,1,5,5,2,0,0,1,0
1337637,2,2023,2023,9,4,2,225,17,32,180,1,0,10,-34.588528,150.591515,78,2,1,1,2,0,3,4,1,0,0,50,2,926,926,4,5,13,2,0,0,1,0
1337638,4,2023,2023,2,4,4,60,27,253,331,0,1,10,-33.961652,151.105857,25,0,2,1,3,0,0,0,2,0,15,60,2,5929,5929,1,0,5,2,0,1,1,0
1337639,1,2023,2023,2,0,9,42,1,94,34609,0,1,10,-33.842175,151.045871,54,0,2,1,3,0,0,0,4,0,0,50,0,6545,6545,4,0,5,2,0,0,0,1
1337640,2,2023,2023,9,2,8,3371,17,53,3342,0,1,9,-33.765138,151.156874,36,0,2,1,1,0,3,4,2,2,7,60,2,9859,9859,8,5,40,1,0,0,1,0
1337643,1,2023,2023,2,0,8,171,27,37,369,0,1,10,-33.865641,150.698376,41,0,2,1,3,0,0,0,3,2,7,80,2,14295,14295,3,10,0,2,0,0,0,1
1337644,1,2023,2023,9,3,6,2209,17,35,2205,0,1,2,-34.362444,150.906866,80,0,2,1,3,0,0,0,2,0,7,80,2,14295,14295,3,5,13,2,0,0,0,1
1337646,4,2023,2023,10,1,8,475,31,162,240,0,1,1,-33.846592,150.899911,24,0,2,1,3,0,0,0,2,0,7,60,2,1282,1282,1,22,5,2,0,1,0,0
1337648,1,2023,2023,9,2,5,153,27,197,147,0,1,1,-33.956041,151.077352,25,0,2,1,3,0,0,0,2,0,7,60,2,14295,14295,3,10,36,2,0,0,0,1
1337649,1,2023,2023,2,2,7,2261,17,112,2252,0,1,10,-33.913766,150.931691,41,0,2,1,3,0,0,0,2,2,7,70,2,14295,14295,3,5,0,2,0,0,0,1
1337651,2,2023,2023,9,2,8,23,27,53,36,0,1,1,-35.204038,149.352068,58,1,0,1,3,0,0,0,2,0,7,90,1,9859,9859,8,10,40,1,0,0,1,0
1337657,1,2023,2023,9,5,5,107,22,346,144,1,0,9,-33.8797,151.092873,9,0,2,1,3,0,0,0,2,0,0,60,2,14295,14295,3,30,0,2,0,0,0,3
1337659,1,2023,2023,9,5,7,34,31,96,25,1,2,9,-35.35749,149.23309,58,2,1,1,3,0,3,4,2,0,0,40,1,2852,2852,4,19,5,2,0,0,0,2
1337663,2,2023,2023,11,4,4,2261,17,140,2252,0,1,9,-33.897407,150.993107,15,0,2,1,0,0,0,0,2,0,3,70,2,5929,5929,1,5,5,2,0,0,1,0
1337667,1,2023,2023,10,0,5,2261,17,204,2252,0,1,9,-33.898517,150.949187,24,0,2,1,3,0,0,0,2,2,7,70,2,14295,14295,3,5,5,2,0,0,0,1
1337670,4,2023,2023,2,5,7,77,27,87,100,0,1,1,-34.485328,150.415359,78,2,1,1,3,0,0,0,2,0,7,60,2,9859,9859,1,5,5,2,0,1,0,0
1337674,1,2023,2023,9,4,4,6,10,101,34609,0,1,9,-32.911548,151.619933,37,0,2,1,3,0,0,0,2,0,7,50,0,14295,14295,3,0,5,2,0,0,0,1
1337675,1,2023,2023,9,5,7,43,2,92,42,0,1,2,-33.738105,150.95134,71,0,2,0,3,0,0,0,2,0,7,70,2,14295,14295,3,0,12,2,0,0,0,1
1337676,1,2023,2023,9,0,10,45,1,294,34609,0,1,9,-33.940348,150.924976,41,0,2,0,3,0,0,0,0,0,0,60,0,14295,14295,3,0,5,2,0,0,0,1
1337680,1,2023,2023,9,3,7,36,1,53,34609,0,1,1,-33.922972,150.845026,41,0,2,1,3,0,0,0,2,0,7,60,0,1981,1981,4,5,12,2,0,0,0,1
1337686,2,2023,2023,9,0,3,230,27,100,284,0,1,9,-33.801712,151.145391,77,0,2,1,3,0,3,4,2,2,7,70,2,14295,14295,3,0,25,2,0,0,1,0
1337691,1,2023,2023,10,4,5,135,17,12,136,0,1,1,-36.032162,146.792815,27,1,0,1,3,0,3,3,2,0,7,100,2,945,945,5,0,40,1,0,0,0,1
1337695,1,2023,2023,10,5,6,22,27,16,207,0,1,9,-33.876225,151.228617,69,0,2,1,3,0,3,4,2,2,7,60,2,14295,14295,3,10,0,2,0,0,0,1
1337700,1,2023,2023,2,5,5,16,31,176,8,0,1,1,-33.956499,151.134273,4,0,2,1,3,0,0,0,2,0,7,50,1,14295,14295,3,5,5,3,0,0,0,1
1337701,2,2023,2022,2,0,10,866,17,54,793,0,1,9,-33.723618,151.092774,31,0,2,0,3,0,0,0,0,0,7,70,2,312,312,2,19,40,1,0,0,1,0
1337708,2,2023,2023,2,5,8,6,31,46,34609,0,1,1,-33.78753,150.972402,54,0,2,1,3,0,0,0,2,0,7,50,0,9859,9859,8,0,40,1,0,0,1,0
1337710,1,2023,2023,11,1,6,3371,17,54,3342,0,1,1,-33.230604,151.502786,16,2,2,1,1,0,0,0,2,0,7,60,2,1981,1981,4,9,10,2,0,0,0,1
1337717,1,2023,2023,10,2,6,4,27,43,34609,0,1,2,-36.106282,144.751353,51,2,1,1,1,0,0,0,2,0,0,50,0,14295,14295,3,0,0,2,0,0,0,1
1337718,1,2023,2023,9,1,10,36,27,15,34609,0,1,2,-33.998176,151.027477,68,0,2,0,2,0,0,0,0,0,7,50,0,14295,14295,3,10,0,2,0,0,0,1
1337719,4,2023,2023,1,5,8,7,1,445,34609,0,1,9,-33.87227,151.04319,21,0,2,1,1,0,0,0,3,0,7,50,0,926,926,4,0,19,2,0,1,0,0
1337721,2,2023,2023,9,6,8,45,3,36,331,0,1,10,-34.060893,150.727223,12,0,2,1,3,0,3,4,2,2,9,80,2,204,204,1,5,41,2,0,0,1,0
1337726,1,2023,2023,9,4,3,12,1,147,34609,0,1,1,-33.753664,151.287,50,0,2,1,3,0,0,0,2,0,7,40,0,1981,1981,4,0,5,5,0,0,0,1
1337729,2,2023,2023,9,0,3,3371,17,18,3342,0,1,2,-30.82652,152.886469,47,1,0,1,3,0,0,0,1,0,7,100,2,475,475,5,0,40,1,0,0,1,0
1337731,2,2023,2023,9,5,3,916,17,20,917,0,1,1,-30.939301,151.110642,70,2,1,0,3,0,3,4,2,0,7,80,2,2585,4009,8,0,40,1,0,0,1,0
1337732,2,2023,2023,9,3,5,251,14,79,124,0,1,3,-33.824237,151.209901,49,0,2,1,3,0,0,0,2,0,7,80,2,14295,14295,3,5,0,2,0,0,1,0
1337735,1,2023,2023,9,5,4,12,10,39,34609,1,2,9,-32.738279,152.113778,57,2,1,1,3,0,0,0,2,0,0,40,0,623,623,3,0,5,2,0,0,0,1
1337736,4,2023,2023,9,2,6,3371,17,20,3342,0,1,2,-29.545219,153.181629,18,1,0,1,3,0,0,0,2,0,7,110,2,475,475,5,10,40,1,0,1,0,0
1337737,1,2023,2023,9,0,8,1052,14,118,928,0,1,3,-33.435215,151.262231,16,1,2,0,3,0,0,0,2,0,7,110,2,14295,14295,3,10,0,5,0,0,0,2
1337738,4,2023,2023,2,5,6,2,31,24,34609,0,1,10,-34.022739,150.70968,12,0,2,1,3,0,0,0,2,0,7,50,0,9859,9859,8,5,40,1,0,1,0,0
1337740,2,2023,2023,9,6,5,2126,17,23,2149,0,1,1,-33.448599,150.0033,40,1,0,0,3,0,3,3,2,0,7,100,2,14295,14295,3,5,12,2,0,0,1,0
1337746,4,2023,2023,9,0,3,149,27,460,38,0,1,9,-33.827773,150.969462,21,0,2,1,3,0,0,0,2,2,7,60,1,14295,14295,3,5,5,3,0,2,1,0
1337753,1,2023,2023,2,5,8,61,27,232,70,0,1,1,-33.661744,150.922904,71,0,2,0,3,0,0,0,2,0,7,70,1,3775,3775,0,10,5,3,0,0,0,1
1337755,2,2023,2023,9,1,3,283,27,253,702,0,1,10,-33.965759,151.094652,25,0,2,1,3,0,3,0,2,2,7,60,2,1192,1192,1,5,10,2,0,0,1,0
1337756,1,2023,2023,11,6,4,109,36,28,108,0,1,1,-28.327264,153.408067,72,2,1,1,3,0,0,0,2,0,7,60,1,214,214,9,5,28,2,0,0,0,1
1337757,1,2023,2023,9,4,7,4,31,54,34609,0,1,10,-33.089546,151.630934,37,0,2,1,3,0,0,0,2,0,0,50,0,6545,6545,4,10,0,2,0,0,0,1
1337759,2,2023,2023,2,1,4,4,27,19,6,0,1,1,-36.394092,148.854585,65,1,0,0,3,0,0,0,2,0,7,100,1,4552,5151,8,0,40,1,0,0,1,0
1337760,4,2023,2023,9,6,9,133,10,40,121,0,1,1,-31.505291,152.895406,56,1,0,1,3,0,3,4,3,0,7,100,1,4026,4026,8,5,40,1,0,1,0,0
1337765,2,2023,2023,10,5,4,80,27,316,50,0,1,9,-33.906289,151.231145,59,0,2,1,1,0,0,0,2,2,7,60,2,14295,14295,3,15,5,2,0,0,1,0
1337767,4,2023,2023,1,0,10,7,27,36,34609,0,1,1,-34.513035,149.46403,74,1,0,1,0,0,0,0,0,0,7,100,0,9859,9859,8,10,40,1,0,1,0,0
1337773,2,2023,2023,10,5,3,866,17,278,793,1,0,1,-33.764033,151.047565,54,0,2,1,0,0,0,0,2,0,7,60,2,591,591,1,22,5,2,0,0,1,0
1337774,2,2023,2023,2,2,5,6,31,370,34609,0,1,10,-34.073899,150.798953,13,0,2,1,1,0,0,0,2,2,7,50,0,5929,5929,1,5,0,2,0,0,1,0
1337776,4,2023,2023,10,3,0,9,27,252,34609,0,1,1,-33.934345,150.884592,41,0,2,1,2,0,0,0,0,0,7,60,0,9859,9859,1,16,10,2,0,1,0,0
1337777,4,2023,2023,11,2,4,67,27,15,34609,0,1,1,-30.660064,152.862068,47,2,1,0,0,0,0,0,2,0,7,80,0,1259,5151,8,5,40,1,0,1,0,0
1337779,2,2023,2023,11,4,8,46,27,284,34609,0,1,1,-33.901193,151.008735,15,0,2,1,0,0,0,0,2,0,7,50,0,323,323,1,10,5,2,0,0,1,0
1337781,4,2023,2023,10,1,5,30,27,166,52,0,1,10,-33.90503,151.173331,32,0,2,1,1,0,0,0,2,2,9,60,1,2040,2040,9,0,28,2,0,1,0,0
1337782,2,2023,2023,11,4,5,4,27,438,34609,0,1,10,-33.841048,151.032851,21,0,2,1,0,0,0,0,2,0,15,50,0,6545,6545,4,5,5,3,0,0,1,0
1337785,2,2023,2023,9,4,5,2126,17,323,2149,0,1,9,-33.789546,150.85701,7,0,2,1,1,0,0,0,2,2,9,80,2,591,591,1,22,5,2,0,0,1,0
1337787,2,2023,2023,9,2,8,8,27,24,34609,0,1,1,-31.517969,152.729858,56,2,1,0,0,0,3,4,2,0,7,80,0,1850,1463,5,16,40,1,0,0,1,0
1337789,2,2023,2023,9,0,7,44,27,202,563,0,1,9,-33.949023,151.037638,15,0,2,1,0,0,0,0,2,0,7,70,2,5929,5929,1,0,5,2,0,0,1,0
1337790,2,2023,2023,9,6,7,8,31,48,62,0,1,10,-36.675775,149.832538,5,2,1,0,1,0,0,0,2,0,0,50,1,1669,1669,3,0,13,2,0,0,1,0
1337792,4,2023,2023,9,5,8,5,31,157,34609,0,1,1,-34.010039,151.103006,68,0,2,1,0,0,0,0,2,0,7,50,0,14295,14295,3,5,25,2,0,1,0,0
1337796,4,2023,2023,10,1,7,2,31,64,34609,0,1,1,-33.954818,150.991161,15,0,2,1,1,0,0,0,2,0,7,50,0,4026,4026,8,5,40,1,0,1,0,0
1337798,4,2023,2023,9,4,4,126,31,201,34609,0,1,7,-34.001648,150.863026,13,0,2,1,0,0,0,0,2,0,0,50,0,6545,6545,4,10,5,2,0,1,1,0
1337801,2,2023,2023,9,6,3,97,31,363,92,0,1,1,-33.823215,150.995209,54,0,2,1,1,0,3,4,2,0,7,60,1,57,57,1,10,5,2,0,0,2,0
1337803,1,2023,2023,9,0,8,18,36,40,34609,0,1,1,-34.22034,150.580525,79,2,2,1,0,0,3,3,2,0,7,60,0,9859,9859,1,5,36,2,0,0,0,1
1337804,2,2023,2023,10,5,6,916,17,61,917,0,1,1,-29.784816,151.731821,51,1,0,1,0,0,0,0,2,0,7,100,2,945,945,5,10,40,1,0,0,1,0
1337806,2,2023,2023,9,1,8,3,27,201,34609,0,1,9,-34.897103,150.620977,63,2,1,0,0,0,0,0,2,0,7,70,0,1669,1669,3,5,0,2,0,0,1,0
1337807,2,2023,2023,9,3,7,4,27,103,34609,0,1,1,-34.298673,148.271196,30,2,1,1,0,0,0,0,2,0,7,80,0,4026,4026,8,5,40,1,0,0,1,0
1337808,4,2023,2023,9,3,7,103,27,14,98,0,1,1,-33.435976,150.828604,29,2,2,0,0,2,0,0,2,0,7,80,2,4552,5151,8,16,40,1,0,1,0,0
1337809,2,2023,2023,10,3,0,2,25,273,34609,0,1,1,-34.426272,150.898644,80,0,2,1,0,0,0,0,0,0,7,10,0,9859,9859,8,22,40,1,0,0,1,0
1337813,1,2023,2023,9,3,11,24,31,91,160,0,1,10,-33.990776,150.892756,13,0,2,1,2,0,0,0,0,2,7,60,2,14295,14295,3,0,0,2,0,0,0,1
1337814,1,2023,2023,9,3,4,17,31,117,34609,0,1,1,-28.180307,153.539415,72,2,1,1,1,0,0,0,2,0,7,50,0,3775,3775,0,22,5,2,0,0,0,1
1337815,4,2023,2023,9,4,3,15,31,460,34609,0,1,10,-33.831114,150.985862,21,0,2,1,1,0,0,0,2,0,0,50,0,6545,6545,4,0,13,2,0,1,1,0
1337816,4,2023,2023,9,0,9,2209,17,115,2205,0,1,9,-34.031611,151.066979,68,0,2,0,0,0,3,4,3,2,7,70,2,4552,985,8,16,40,1,0,1,0,0
1337819,2,2023,2023,9,4,10,348,31,363,34609,0,1,7,-33.755943,150.698644,55,0,2,1,3,0,2,6,0,0,0,50,0,2040,2040,9,16,28,2,0,0,1,0
1337823,1,2023,2023,9,0,3,132,31,174,126,1,0,9,-33.889469,151.20454,69,0,2,1,2,0,3,4,1,2,7,50,2,5929,5929,1,5,36,2,0,0,0,1
1337824,2,2023,2023,2,0,10,48,31,35,42,0,1,10,-31.0805,152.841888,34,2,1,0,2,0,0,0,0,2,9,50,1,591,591,1,22,5,2,0,0,1,0
1337826,2,2023,2023,9,4,5,157,17,4,158,0,1,1,-33.79372,147.613431,51,1,0,1,0,0,3,4,2,0,7,100,2,1089,1089,7,16,40,1,0,0,1,0
1337833,1,2023,2023,9,1,6,1,31,40,34609,0,1,1,-34.223179,150.582521,79,2,2,1,1,0,0,0,2,0,7,50,0,30,30,9,33,28,2,0,0,0,1
1337835,2,2023,2023,9,4,4,31,1,234,139,0,1,2,-34.288297,146.048018,28,2,1,1,1,0,0,3,2,0,9,50,2,9859,9859,1,0,13,2,0,0,1,0
1337837,2,2023,2023,10,1,7,475,10,42,268,0,1,1,-33.880505,150.821413,41,0,2,0,0,0,0,0,2,0,7,60,2,3775,3775,0,5,10,2,0,0,1,0
1337839,1,2023,2023,2,0,3,47,27,18,34609,0,1,1,-33.732348,151.286196,50,0,2,0,0,0,0,0,2,0,7,50,0,1089,1089,7,16,40,1,0,0,0,1
1337841,2,2023,2023,9,2,5,17,31,228,34609,0,1,7,-34.754279,149.70941,26,2,1,1,1,0,3,4,2,0,0,50,0,1945,1945,5,16,40,1,0,0,1,0
1337842,1,2023,2023,2,3,3,2126,17,78,2149,0,1,9,-33.866664,151.094142,14,0,2,1,0,0,0,0,2,0,7,60,2,14295,14295,3,5,5,2,0,0,0,1
1337844,2,2023,2023,10,5,4,10,27,49,10,0,1,9,-34.472181,148.668354,30,1,0,1,0,0,0,0,2,0,0,100,1,945,945,5,10,40,1,0,0,1,0
1337845,4,2023,2023,11,3,10,113,27,104,111,0,1,1,-33.798336,150.76864,55,0,2,1,1,0,0,0,0,0,7,80,2,96,96,0,10,5,3,0,1,1,1
1337849,4,2023,2023,9,3,10,54,27,646,30,0,1,9,-33.914598,151.040054,15,0,2,1,2,0,0,0,0,2,7,60,1,5929,5929,1,9,0,3,0,1,0,0
1337851,2,2023,2023,1,6,5,2209,17,68,2205,0,1,9,-34.087754,151.007392,68,0,2,1,1,0,0,0,2,2,7,60,2,4026,4026,8,10,40,1,0,0,1,0
1337852,2,2023,2023,9,1,4,109,27,460,106,0,1,9,-33.832863,150.972043,21,0,2,1,1,0,0,0,2,0,15,60,1,775,775,4,0,13,2,0,0,1,0
1337860,4,2023,2023,11,6,7,42,27,52,38,0,1,9,-33.904881,151.267414,76,0,2,1,0,0,0,0,2,0,9,50,1,9859,9859,8,22,40,1,0,1,0,0
1337861,4,2023,2023,9,1,4,26,27,71,38,0,1,9,-33.835216,150.96857,21,0,2,1,1,0,0,0,2,0,0,60,1,2040,2040,9,0,28,2,0,1,0,0
1337863,1,2023,2023,11,4,10,89,36,10,19,0,1,1,-28.451891,152.570275,51,1,0,0,0,0,0,0,0,0,7,100,1,4552,5151,8,10,40,1,0,0,0,1
1337869,2,2023,2023,5,2,6,100,27,109,799,0,1,10,-33.903885,151.140963,32,0,2,1,1,0,0,0,2,2,7,60,2,5929,5929,1,5,19,2,0,0,1,0
1337872,4,2023,2023,11,3,0,2,1,121,34609,1,0,1,-33.786604,151.286146,50,0,2,1,0,0,0,0,0,0,7,40,0,9859,9859,1,5,0,3,0,1,0,0
1337873,4,2023,2023,10,0,6,161,17,18,161,0,1,1,-35.252616,147.927057,66,1,0,0,0,0,0,0,2,0,7,100,2,3775,3775,0,5,12,2,0,2,0,0
1337874,2,2023,2023,2,0,5,2209,17,34,2205,0,1,9,-37.013567,149.909578,5,1,0,0,0,0,3,4,2,0,7,100,2,273,985,5,10,40,1,0,0,1,0
1337877,1,2023,2023,10,3,5,1,27,47,34609,0,1,1,-35.356771,149.427437,58,1,0,0,0,0,0,0,2,0,7,100,0,4552,5151,8,16,40,1,0,0,0,1
1337879,4,2023,2023,11,1,5,4,27,7,34609,0,1,1,-33.47785,149.089963,51,1,0,1,2,0,0,0,2,0,7,100,0,9859,9859,8,5,40,1,0,1,0,0
1337882,2,2023,2023,9,4,9,2261,17,243,2252,0,1,9,-33.938451,150.913232,41,0,2,1,1,0,0,0,3,2,7,60,2,926,926,4,16,0,2,0,0,1,0
1337886,2,2023,2023,9,5,7,92,31,172,9,0,1,1,-32.749835,151.59211,42,2,1,1,1,0,0,0,2,0,7,50,1,1109,397,1,5,5,2,0,0,1,0
1337894,2,2023,2023,9,2,11,55,27,137,96,0,1,9,-32.956704,151.686671,37,0,2,1,2,0,0,0,0,2,7,60,2,6545,6545,4,5,0,2,0,0,1,1
1337895,2,2023,2023,1,6,5,90,36,68,102,0,1,1,-34.746454,148.742509,82,1,0,1,0,0,0,0,2,0,7,100,2,9859,9859,8,0,40,1,0,0,1,0
1337903,4,2023,2023,10,5,5,98,27,87,799,0,1,9,-33.929247,150.942992,41,0,2,1,0,0,0,0,2,3,7,70,2,2852,2852,4,5,0,2,0,1,1,0
1337905,2,2023,2023,9,1,5,54,27,61,49,0,1,10,-32.9287,151.731758,48,0,2,1,0,0,0,0,2,0,15,60,1,5929,5929,1,34,18,2,0,0,1,0
1337906,4,2023,2023,9,0,4,33,27,11,260,0,1,9,-33.050229,151.567609,37,0,2,0,0,0,0,0,2,0,15,90,2,2852,2852,4,0,5,2,0,1,0,1
1337911,4,2023,2023,9,1,7,40,10,9,174,0,1,1,-32.812179,151.350085,17,2,1,1,1,0,0,0,2,0,7,70,2,1669,1669,3,0,0,3,0,2,0,0
1337912,1,2023,2023,11,3,9,27,27,84,35,0,1,9,-33.804244,150.979814,54,0,2,0,2,0,0,0,3,2,7,50,1,1282,1282,1,0,5,2,0,0,0,1
1337913,2,2023,2023,2,0,0,1,27,49,34609,0,1,1,-34.433383,147.548166,51,2,1,1,0,0,0,0,0,0,7,70,0,9859,9859,8,10,40,1,0,0,1,0
1337916,2,2023,2023,10,1,9,126,27,27,168,0,1,2,-34.041974,150.750084,12,0,2,1,0,0,0,0,2,0,7,80,2,14295,14295,3,5,0,3,0,0,1,0
1337918,2,2023,2023,9,1,9,2,31,77,2,0,1,1,-32.560401,151.171345,64,2,1,1,1,0,3,0,2,0,7,50,1,9859,9859,8,5,40,1,0,0,1,0
1337919,1,2023,2023,9,2,8,48,31,139,605,0,1,1,-33.829275,151.211462,49,0,2,1,0,0,0,0,2,0,7,60,2,1981,1981,4,16,27,2,0,0,0,1
1337924,4,2023,2023,11,5,7,42,31,103,34609,0,1,10,-34.317477,148.296239,30,2,1,1,0,0,0,0,2,0,0,50,0,5929,5929,1,5,13,2,0,1,0,1
1337926,1,2023,2023,1,5,10,3,27,179,34609,0,1,1,-31.897058,152.46202,43,2,1,0,2,0,0,0,0,0,7,50,0,4552,5151,1,30,12,2,0,0,0,1
1337927,2,2023,2023,11,2,5,24,27,10,34609,0,1,1,-32.704027,151.458326,42,2,1,1,0,0,0,0,2,0,7,50,0,5929,5929,1,0,19,3,0,0,1,0
1337930,4,2023,2023,2,5,3,64,27,175,284,0,1,1,-33.771751,151.077505,54,0,2,1,1,0,0,0,2,0,7,60,2,2040,2040,9,33,28,2,0,1,0,0
1337931,4,2023,2023,9,6,5,10,27,4,34609,0,1,1,-29.838604,152.672971,18,2,1,0,0,0,0,0,2,0,7,80,0,782,957,5,16,40,1,0,1,0,0
1337933,2,2023,2023,1,5,8,10,27,36,40,0,1,9,-33.526882,149.243993,51,2,1,1,0,0,0,0,2,0,0,50,2,2852,2852,4,5,10,2,0,0,2,0
1337935,2,2023,2023,1,5,10,485,27,52,769,0,1,9,-33.700128,150.92862,7,0,2,1,2,0,0,0,0,2,7,80,2,14295,14295,3,0,5,3,0,0,2,1
1337937,1,2023,2023,2,3,5,110,31,19,34609,0,1,10,-30.642804,151.502567,51,2,1,1,1,0,0,0,2,0,0,50,0,220,220,8,30,40,1,0,0,0,1
1337940,2,2023,2023,5,4,5,103,27,176,167,0,1,9,-33.972852,151.136398,4,0,2,1,1,0,0,0,2,0,0,60,2,14295,14295,3,0,13,2,0,0,1,1
1337941,2,2023,2023,9,1,6,16,27,12,34609,0,1,7,-32.932275,151.586071,37,0,2,1,0,0,0,0,2,0,0,60,0,6545,6545,4,21,27,2,0,0,1,0
1337942,4,2023,2023,11,2,4,61,10,87,174,0,1,9,-33.013346,151.491643,37,0,2,1,0,0,0,0,2,0,7,90,2,5929,5929,1,0,0,2,0,1,1,0
1337946,4,2023,2023,1,1,8,1,27,58,34609,0,1,1,-28.538892,153.554308,10,2,1,0,0,0,0,0,2,0,7,40,0,1220,1220,9,5,28,2,0,1,0,0
1337955,4,2023,2023,9,2,7,42,10,24,172,0,1,1,-32.877968,151.561859,37,0,2,0,0,0,0,0,2,0,7,80,2,4552,5151,8,16,40,1,0,1,0,0
1337957,4,2023,2023,2,2,5,2209,17,166,2205,1,0,1,-33.899691,151.177931,32,0,2,1,1,0,0,0,2,0,7,40,2,14295,14295,3,5,5,2,0,1,0,0
1337959,2,2023,2023,10,3,4,3371,17,37,3342,0,1,2,-29.466217,153.209214,18,1,0,0,0,0,0,0,2,0,7,110,2,418,714,5,0,40,1,0,0,1,0