Crash ID,Degree of crash - detailed,Reporting year,Year of crash,Month of crash,Day of week of crash,Two-hour intervals,Street of crash,Street type,Town,Route no.,School zone location,School zone active,Type of location,Latitude,Longitude,LGA,Urbanisation,Conurbation 1,Alignment,Street lighting,Road surface,Surface condition,Weather,Natural lighting,Signals operation,Other traffic control,Speed limit,Road classification,RUM - code,DCA - code,First impact type,Key TU type,Other TU type,No. of traffic units involved,No. killed,No. seriously injured,No. moderately injured,No. minor-other injured
1337962,1,2023,2023,9,6,5,7,27,12,34609,0,1,1,-33.862658,149.702804,51,1,0,0,0,0,0,0,2,0,7,100,0,1259,5151,8,8,40,1,0,0,0,1
1337963,2,2023,2023,11,1,10,26,31,646,34609,1,0,1,-33.90908,151.032966,15,0,2,1,2,0,0,0,0,0,7,60,0,5929,5929,1,5,5,4,0,0,2,0
1337964,2,2023,2023,2,2,1,7,27,18,34609,0,1,1,-33.336108,148.987204,11,2,1,0,0,0,3,4,0,0,7,80,0,2585,4009,8,5,40,1,0,0,4,0
1337975,4,2023,2023,10,6,5,8,31,48,34609,0,1,1,-32.724493,152.144338,57,2,1,1,0,0,0,0,2,0,7,50,0,9859,9859,8,21,40,1,0,1,0,0
1337979,2,2023,2023,9,4,3,71,17,61,71,0,1,1,-35.527261,144.968434,51,2,1,0,0,0,0,0,2,0,7,50,2,1192,1192,1,0,27,2,0,0,1,0
1337980,2,2023,2023,9,2,9,25,27,22,34609,0,1,1,-33.831508,151.196844,49,0,2,1,2,0,0,0,3,0,7,50,0,9859,9859,1,0,0,3,0,0,1,0
1337983,4,2023,2023,9,0,7,213,17,12,213,0,1,9,-29.704087,152.955628,18,2,1,0,0,0,3,4,2,0,0,80,2,6545,6545,4,5,13,3,0,1,2,1
1337985,2,2023,2023,9,4,5,55,27,179,34609,0,1,1,-33.759708,150.720522,55,0,2,1,1,0,0,0,2,0,7,50,0,340,340,9,5,28,2,0,0,1,0
1337988,4,2023,2023,1,6,10,2209,17,176,2205,0,1,2,-33.970301,151.134449,25,0,2,1,2,0,0,0,0,0,7,60,2,1282,1282,1,5,0,2,0,1,0,0
1337989,4,2023,2023,10,0,5,106,27,523,106,0,1,9,-33.926917,150.90314,41,0,2,1,1,0,0,0,2,1,7,70,2,1192,1192,1,5,22,2,0,2,0,0
1337992,1,2023,2023,11,4,8,12,27,19,34609,0,1,1,-28.619026,153.508089,10,2,1,0,0,0,0,0,2,0,7,80,0,380,714,5,16,40,1,0,0,0,1
1337999,4,2023,2023,9,6,4,12,31,84,5,0,1,9,-33.889125,150.942553,24,0,2,1,0,0,0,0,2,0,7,50,1,2040,2040,9,0,28,2,0,1,0,0
1338000,2,2023,2023,11,6,8,5,27,3,34609,0,1,1,-31.79386,152.499142,43,1,0,0,0,0,0,0,3,0,7,100,0,2585,4009,8,5,40,1,0,0,1,0
1338001,4,2023,2023,1,6,4,149,36,120,81,0,1,2,-32.201126,152.517362,43,2,1,1,1,0,0,0,2,0,0,60,2,1981,1981,4,0,19,2,0,1,0,0
1338004,2,2023,2023,1,4,8,81,17,2,33,0,1,9,-34.44159,150.420655,78,2,1,1,1,0,0,6,2,0,7,80,1,2852,2852,4,0,19,2,0,0,1,1
1338005,4,2023,2023,2,3,11,2261,17,92,2252,0,1,3,-33.985843,150.856494,13,0,2,1,2,0,0,0,0,0,7,110,2,204,204,1,0,36,2,0,2,2,0
1338006,4,2023,2023,10,3,3,2261,17,30,2252,0,1,3,-34.468458,150.336464,78,1,0,1,0,0,0,0,2,0,7,110,2,4026,4026,8,10,40,1,0,1,1,0
1338007,1,2023,2023,10,2,7,4,7,29,34609,0,1,1,-35.104269,150.630479,63,2,1,1,1,0,2,6,2,0,7,50,0,323,323,1,16,5,2,0,0,0,1
1338009,1,2023,2023,5,4,5,21,31,252,59,0,1,0,-33.885264,151.215528,69,0,2,1,0,0,0,0,2,0,7,40,1,387,387,1,22,12,2,0,0,0,1
1338011,4,2023,2023,9,6,9,38,33,2,1,0,1,1,-31.976671,145.052515,51,1,0,1,0,2,0,0,3,0,7,100,1,14295,14295,3,10,13,2,0,1,1,0
1338012,2,2023,2023,10,4,6,192,10,84,114,0,1,9,-33.467353,151.376627,16,2,2,1,0,0,0,0,2,0,0,60,2,2852,2852,4,5,0,3,0,0,1,0
1338013,2,2023,2023,9,6,4,13,1,85,34609,0,1,1,-33.740616,151.123546,36,0,2,1,1,0,0,0,2,0,7,50,0,368,368,9,5,28,2,0,0,1,0
1338017,4,2023,2023,9,3,6,294,17,215,288,0,1,7,-35.115557,147.34528,75,2,1,1,1,0,0,0,2,0,0,60,2,6545,6545,4,16,5,2,0,1,0,0
1338019,2,2023,2023,9,1,4,19,1,47,44,0,1,10,-33.810726,151.163562,38,0,2,1,0,0,0,3,2,2,7,60,2,395,395,1,16,12,2,0,0,1,0
1338020,2,2023,2023,11,6,9,50,31,43,34609,0,1,9,-36.106675,144.75475,51,2,1,1,2,0,0,0,0,0,0,50,0,150,150,4,22,5,2,0,0,1,0
1338021,2,2023,2023,10,0,4,16,31,94,20,0,1,1,-33.77746,150.802419,55,0,2,1,1,0,0,0,2,0,7,60,1,5929,5929,1,5,0,3,0,0,1,0
1338023,4,2023,2023,11,6,8,17,27,10,58,0,1,1,-34.67431,150.488905,78,2,1,1,0,0,0,3,2,0,7,80,2,3775,3775,0,5,13,2,0,1,1,1
1338024,1,2023,2023,11,6,4,47,31,226,144,0,1,9,-33.77201,150.815736,7,0,2,1,1,0,0,0,2,1,7,60,2,14295,14295,3,5,5,3,0,0,0,1
1338025,2,2023,2023,5,4,6,126,1,17,17,0,1,2,-33.751472,150.819367,7,0,2,1,1,0,0,0,2,0,7,60,1,9859,9859,1,0,0,2,0,0,1,0
1338027,4,2023,2023,10,4,11,7,27,9,34609,0,1,1,-35.01044,150.628286,63,2,1,0,0,0,0,0,0,0,7,80,0,4552,5151,8,10,40,1,0,1,1,0
1338028,4,2023,2023,11,3,3,78,32,646,34609,0,1,9,-33.91789,151.037612,15,0,2,1,1,0,0,0,2,2,7,40,0,5929,5929,1,5,36,2,0,1,1,0
1338029,2,2023,2023,9,4,3,83,27,169,147,0,1,1,-28.656226,153.616336,10,2,1,1,3,0,0,0,2,0,7,50,1,9859,9859,1,21,5,3,0,0,1,0
1338034,4,2023,2023,10,3,5,10,27,8,34609,0,1,1,-34.527059,150.574547,78,2,1,0,0,0,0,0,2,0,7,80,0,1259,5151,1,22,13,2,0,1,0,0
1338037,4,2023,2023,9,4,7,234,27,337,217,0,1,9,-33.730681,151.016826,71,0,2,1,1,0,3,4,2,2,7,60,2,1220,1220,9,0,28,2,0,1,0,0
1338039,4,2023,2023,9,2,4,42,10,16,172,0,1,1,-32.868021,151.557741,17,2,1,0,0,0,3,4,2,0,7,80,2,1850,1463,5,16,40,1,0,1,0,0
1338040,4,2023,2023,1,5,8,26,27,56,68,0,1,9,-33.803426,151.205791,77,0,2,1,0,0,0,0,2,0,7,60,1,5929,5929,1,0,19,3,0,1,0,0
1338043,2,2023,2023,10,1,8,38,27,78,38,0,1,1,-33.407744,151.450649,16,2,2,1,0,0,0,0,2,0,7,60,1,14295,14295,3,0,36,2,0,0,1,0
1338045,2,2023,2023,9,1,6,3,27,234,34609,0,1,1,-34.240812,146.061939,28,2,1,0,0,2,0,0,2,0,7,80,0,2585,4009,8,10,40,1,0,0,1,0
1338046,4,2023,2023,10,1,8,3,27,2,34609,0,1,1,-33.722827,149.576062,3,1,0,0,1,0,3,4,2,0,7,100,0,1259,5151,8,16,40,1,0,1,0,0
1338048,2,2023,2023,10,1,3,1104,14,104,962,0,1,3,-33.834507,151.027952,54,0,2,1,0,0,0,0,2,0,7,90,2,1383,1383,1,16,0,2,0,0,1,0
1338049,2,2023,2023,9,6,8,51,10,104,34609,0,1,9,-33.795145,150.775932,55,0,2,1,1,0,0,0,2,0,0,50,0,1669,1669,3,5,5,2,0,0,3,0
1338055,2,2023,2023,9,0,3,500,27,83,799,0,1,10,-33.910843,151.121149,15,0,2,1,0,0,3,4,2,0,2,60,2,2040,2040,9,9,28,2,0,0,1,0
1338057,4,2023,2023,9,5,4,32,27,134,34609,0,1,10,-33.965654,150.810087,12,0,2,1,0,0,0,0,2,0,15,70,0,5929,5929,1,5,5,2,0,3,1,0
1338059,1,2023,2023,5,4,10,82,27,10,103,0,1,1,-28.416714,153.326048,72,2,1,1,0,1,2,6,0,0,7,80,1,9859,9859,8,5,40,1,0,0,0,1
1338060,4,2023,2023,11,6,7,12,27,8,15,0,1,1,-32.556879,151.311441,64,1,0,0,0,0,0,0,2,0,7,100,1,2585,4009,8,16,40,1,0,1,0,0
1338061,2,2023,2023,10,0,11,11,2,52,34609,0,1,2,-33.262986,151.464639,16,2,2,1,2,0,0,0,0,0,7,50,0,1945,1945,5,16,40,1,0,0,1,0
1338067,2,2023,2023,10,6,6,2209,17,51,2205,0,1,2,-34.468686,150.826054,80,0,2,0,1,0,0,3,2,0,0,70,1,14295,14295,3,9,5,2,0,0,1,0
1338069,2,2023,2023,9,0,9,26,27,103,34609,0,1,9,-32.942098,151.638862,37,0,2,1,0,0,0,0,2,0,7,60,0,9859,9859,8,0,40,1,0,0,1,0
1338072,2,2023,2023,9,5,8,1,27,13,34609,0,1,1,-33.420278,148.999934,11,1,0,0,0,2,0,0,2,0,7,100,0,273,957,5,10,40,1,0,0,2,1
1338073,4,2023,2023,2,5,4,11,1,56,34609,0,1,9,-35.142975,147.387353,75,2,1,1,0,0,0,0,2,0,0,60,0,2585,777,8,15,40,1,0,1,0,0
1338075,4,2023,2023,2,3,9,346,17,12,332,0,1,1,-28.89611,152.742235,51,1,0,0,0,0,0,0,3,0,7,100,2,380,714,5,16,40,1,0,1,0,0
1338076,4,2023,2023,9,2,8,55,27,134,38,0,1,9,-33.951545,150.816912,12,0,2,1,1,0,3,4,2,2,7,80,2,1669,1669,3,5,0,2,0,1,0,0
1338080,2,2023,2023,9,4,10,4,1,110,34609,1,0,1,-33.776545,151.023396,54,0,2,1,2,0,3,4,0,0,7,50,0,1981,1981,4,5,5,2,0,0,1,0
1338085,1,2023,2023,9,3,10,1,27,13,34609,0,1,1,-33.519984,150.806871,29,2,2,0,0,0,0,0,0,0,7,50,0,2585,4009,8,30,40,1,0,0,0,1
1338086,2,2023,2023,10,1,10,294,17,26,288,0,1,1,-34.593681,145.991704,51,2,1,1,0,0,0,0,0,0,7,80,2,380,777,5,16,40,1,0,0,1,0
1338091,2,2023,2023,2,1,4,29,31,139,51,0,1,10,-33.876917,151.135975,32,0,2,1,1,0,0,0,2,0,0,50,1,6545,6545,4,5,0,2,0,0,1,0
1338093,4,2023,2023,11,3,9,2261,17,75,2252,0,1,9,-33.886669,151.112664,9,0,2,0,2,0,0,0,3,0,7,60,2,3775,3775,0,5,5,2,0,1,0,1
1338098,2,2023,2023,10,5,7,3371,17,58,3342,0,1,2,-32.781549,151.73997,57,2,1,1,1,0,0,0,2,0,7,70,2,14295,14295,3,0,0,3,0,0,1,0
1338107,4,2023,2023,11,6,4,114,27,22,65,0,1,1,-33.403675,151.033355,16,2,2,1,0,0,0,0,2,0,7,60,1,14295,14295,3,16,19,2,0,2,0,0
1338108,1,2023,2023,11,5,8,19,27,112,34609,0,1,1,-33.675877,151.04869,31,0,2,0,1,0,0,0,2,0,7,50,0,2585,4009,8,0,40,1,0,0,0,1
1338118,2,2023,2023,9,0,11,46,27,16,34609,0,1,9,-32.878618,151.61686,48,0,2,1,2,0,3,4,0,2,7,50,0,5929,5929,1,0,36,2,0,0,2,0
1338121,4,2023,2023,11,3,9,77,31,445,563,0,1,9,-33.869285,151.042523,21,0,2,0,2,0,0,0,0,2,7,70,2,5929,5929,1,0,13,2,0,2,2,0
1338122,2,2023,2023,9,6,5,6,27,204,34609,0,1,7,-33.89362,150.925619,24,0,2,1,1,0,0,0,2,0,0,50,0,6545,6545,4,0,0,2,0,0,1,0
1338124,1,2023,2023,10,2,7,154,27,443,244,0,1,1,-33.907691,151.076658,67,0,2,0,1,0,0,0,2,0,7,60,2,1981,1981,4,16,40,2,0,0,0,1
1338126,2,2023,2023,10,1,4,30,27,166,52,0,1,10,-33.904965,151.173299,32,0,2,1,1,0,0,0,2,2,9,60,1,2040,2040,9,5,28,3,0,0,1,1
1338128,4,2023,2023,1,6,3,12,27,39,39,0,1,1,-33.584524,150.834669,29,2,2,1,0,0,0,1,1,0,7,80,2,3775,3775,0,10,13,3,0,1,1,0
1338129,4,2023,2023,9,1,4,4,27,6,34609,0,1,1,-35.592458,146.089112,51,1,0,1,0,2,0,0,2,0,7,100,0,3775,3775,0,9,13,2,0,1,0,0
1338135,1,2023,2023,9,1,5,19,31,532,12,0,1,1,-33.866386,151.203347,69,0,2,1,0,0,0,0,2,0,4,40,1,1383,1383,1,5,19,2,0,0,0,1
1338137,4,2023,2023,11,3,4,2209,17,68,2205,0,1,9,-34.090458,151.004219,68,0,2,1,1,0,0,0,2,0,7,60,2,14295,14295,3,22,27,2,0,1,0,0
1338138,2,2023,2023,9,0,7,1,27,19,34609,0,1,1,-33.649319,151.065786,31,0,2,0,1,0,0,0,2,0,8,60,0,4552,5151,8,5,40,1,0,0,1,0
1338140,1,2023,2023,9,2,4,18,1,173,115,1,0,9,-33.707738,151.113166,31,0,2,1,1,0,3,4,2,0,7,50,1,14295,14295,3,5,5,2,0,0,0,1
1338141,2,2023,2023,2,2,2,7,27,4,34609,0,1,1,-34.816865,150.719819,63,2,1,0,0,0,0,0,1,0,7,80,0,380,714,5,8,40,1,0,0,1,0
1338142,4,2023,2023,10,4,4,154,27,293,244,0,1,9,-33.927266,151.050321,15,0,2,1,0,0,0,0,2,0,0,60,2,14295,14295,3,16,5,3,0,1,0,0
1338144,4,2023,2023,9,0,3,10,31,74,34609,0,1,1,-33.768134,150.686741,55,0,2,1,2,0,3,4,2,0,7,50,0,9859,9859,8,5,40,1,0,1,0,0
1338145,2,2023,2023,9,0,9,234,27,57,217,0,1,9,-33.606717,151.015648,71,0,2,1,2,0,0,0,2,0,7,80,2,3775,3775,0,9,0,2,0,0,1,1
1338149,1,2023,2023,9,1,11,1,18,80,34609,0,1,10,-34.55334,146.408875,51,2,1,1,1,2,0,0,0,0,0,50,0,9859,9859,8,10,40,1,0,0,0,1
1338150,2,2023,2023,9,2,6,204,31,228,34609,0,1,10,-34.760723,149.71016,26,2,1,1,0,0,0,0,2,0,0,50,0,6545,6545,4,5,27,2,0,0,1,0
1338151,1,2023,2023,9,1,7,22,27,16,207,0,1,2,-33.876271,151.229081,69,0,2,1,1,0,3,0,2,0,7,60,2,1192,1192,1,16,5,2,0,0,0,1
1338152,2,2023,2023,9,5,3,157,17,123,158,0,1,10,-33.835383,148.696179,51,2,1,1,1,0,0,0,2,0,0,50,2,6545,6545,4,5,13,2,0,0,1,0
1338154,4,2023,2023,9,2,5,6,36,25,34609,0,1,1,-33.880182,148.937389,51,1,0,1,0,0,0,0,2,0,7,100,0,1089,1089,7,16,40,1,0,1,0,0
1338155,2,2023,2023,1,4,9,1,31,44,34609,0,1,9,-34.562013,150.859135,62,0,2,1,2,0,0,0,0,0,7,50,0,1109,787,1,10,19,2,0,0,1,1
1338156,1,2023,2023,10,4,8,2261,17,646,2252,1,0,2,-33.906011,151.03962,15,0,2,1,1,0,0,0,3,0,7,60,2,14295,14295,3,5,0,2,0,0,0,1
1338158,1,2023,2023,9,3,5,7,27,43,34609,0,1,1,-36.06791,144.954662,51,1,0,1,1,2,0,0,2,0,7,100,0,945,945,5,16,40,1,0,0,0,1
1338159,2,2023,2023,11,0,2,27,36,83,34609,0,1,1,-30.070886,153.184023,19,1,0,0,0,0,0,0,1,0,7,100,0,4552,5151,8,5,40,1,0,0,1,0
1338162,4,2023,2023,6,5,2,2209,17,157,2205,0,1,2,-34.008911,151.110337,68,0,2,0,2,0,3,0,1,0,7,70,2,1957,4009,8,5,40,1,0,1,0,0
1338166,4,2023,2023,5,2,0,10,10,22,11,0,1,9,-35.157299,150.594239,63,2,1,1,2,0,0,0,0,0,0,50,1,5929,5929,1,10,19,2,0,1,0,0
1338167,2,2023,2023,9,6,4,11,27,13,2,0,1,1,-33.180001,151.539243,16,2,2,1,0,0,3,4,2,0,7,80,1,1109,787,1,0,5,2,0,0,1,0
1338168,2,2023,2023,9,1,8,18,31,273,34609,0,1,1,-34.426172,150.893859,80,0,2,1,1,0,0,0,2,0,7,50,0,312,312,2,16,40,1,0,0,1,0
1338172,4,2023,2023,11,2,5,346,17,16,332,0,1,1,-28.911275,152.289651,51,1,0,0,0,0,0,0,2,0,7,100,2,2585,4009,8,16,40,1,0,1,0,0
1338174,4,2023,2023,1,5,6,3,27,18,34609,0,1,1,-34.973693,150.745039,63,2,1,0,0,0,0,0,2,2,8,40,0,3775,3775,0,5,13,2,0,1,0,0
1338175,4,2023,2023,9,4,4,171,1,90,22,0,1,9,-33.787811,150.951917,54,0,2,1,0,0,0,0,2,0,7,60,1,340,340,9,0,28,2,0,1,0,0
1338179,1,2023,2023,9,1,5,45,27,110,45,0,1,1,-33.740456,151.040462,31,0,2,0,0,0,0,0,2,0,7,60,2,1981,1981,4,0,12,2,0,0,0,1
1338181,4,2023,2023,5,0,8,103,36,13,157,0,1,1,-28.387669,152.667791,51,1,0,0,0,0,0,0,2,0,7,100,2,2585,4009,8,16,40,1,0,1,0,0
1338182,2,2023,2023,11,4,8,29,31,88,15,0,1,2,-33.753849,150.857239,7,0,2,1,0,0,0,0,2,0,7,60,1,2040,2040,9,33,28,2,0,0,1,0
1338187,4,2023,2023,10,1,6,2209,17,6,2205,0,1,9,-35.811155,150.129846,23,1,0,1,0,0,3,4,2,0,0,100,2,5929,5929,1,5,5,2,0,1,1,0
1338188,2,2023,2023,9,4,4,344,27,89,382,0,1,9,-33.658847,150.795814,55,0,2,1,1,0,0,3,2,0,15,80,2,926,926,4,5,35,4,0,0,2,1
1338194,4,2023,2023,9,2,4,1,31,102,34609,0,1,9,-33.951849,151.203069,4,0,2,1,1,0,0,0,2,0,7,50,0,2852,2852,4,0,18,2,0,1,0,0
1338196,2,2023,2023,9,2,8,26,31,283,34609,0,1,1,-33.846249,151.010831,21,0,2,1,0,0,0,0,2,0,7,50,0,1981,1981,4,10,20,2,0,0,1,0
1338205,2,2023,2023,9,2,9,280,10,314,240,0,1,1,-33.854895,150.944404,24,0,2,1,1,0,0,0,3,0,7,60,2,9859,9859,1,5,5,6,0,0,1,0
1338208,2,2023,2023,9,2,10,50,27,57,799,0,1,9,-33.899066,151.171926,32,0,2,1,2,0,0,0,0,2,7,50,2,5929,5929,1,16,27,2,0,0,1,0
1338212,2,2023,2023,9,6,4,224,27,26,321,0,1,1,-33.909537,151.202549,69,0,2,1,1,0,0,6,2,0,7,50,2,186,186,9,22,28,2,0,0,1,0
1338217,4,2023,2023,9,4,8,2126,17,161,2149,0,1,9,-33.88869,151.155195,32,0,2,1,1,0,3,3,2,0,7,60,2,14295,14295,3,16,5,2,0,1,0,0
1338220,1,2023,2023,1,3,6,2209,17,33,2205,0,1,2,-34.712853,150.836345,35,2,1,0,0,0,0,0,2,0,7,80,2,312,312,2,22,40,1,0,0,0,1
1338232,2,2023,2023,2,2,7,13,27,118,34609,0,1,9,-33.414547,151.300077,16,2,2,0,1,0,0,0,2,0,0,50,0,5929,5929,1,0,5,2,0,0,1,1
1338237,1,2023,2023,2,6,8,3,27,155,34609,0,1,9,-33.500328,151.322322,16,2,2,1,0,0,0,0,2,0,7,50,0,3775,3775,0,33,27,2,0,0,0,1
1338240,1,2023,2023,9,1,10,89,36,4,81,0,1,1,-33.663302,148.520107,51,1,0,1,3,0,0,0,0,0,7,100,2,9859,9859,8,3,40,1,0,0,0,1
1338242,4,2023,2023,10,6,7,46,31,77,34609,0,1,10,-32.937354,151.754856,48,0,2,1,0,0,0,0,2,0,0,40,0,6545,6545,4,0,0,2,0,1,0,1
1338244,2,2023,2023,9,2,2,2,27,103,34609,0,1,1,-34.26722,148.33104,30,1,0,0,0,2,0,0,0,0,7,100,0,1957,4009,8,5,40,1,0,0,1,0
1338246,2,2023,2023,9,3,7,79,27,46,159,0,1,10,-33.940866,151.116035,4,0,2,1,3,0,0,0,2,2,7,60,2,5929,5929,1,19,19,2,0,0,1,0
1338249,2,2023,2023,9,4,5,82,31,179,369,0,1,10,-33.760662,150.710957,55,0,2,1,1,0,0,6,2,2,7,70,2,214,214,9,33,28,2,0,0,1,0
1338251,2,2023,2023,9,6,5,334,17,98,308,0,1,10,-30.979393,150.256507,51,2,1,1,1,0,0,0,2,0,0,50,2,6545,6545,4,5,13,3,0,0,2,0
1338255,2,2023,2023,1,1,9,178,1,226,34609,0,1,1,-33.758547,150.814753,7,0,2,1,2,0,0,0,0,0,7,50,0,1981,1981,4,5,5,2,0,0,1,0
1338261,1,2023,2023,9,4,7,72,14,173,71,0,1,6,-33.876341,151.217233,69,0,2,1,2,0,0,0,2,0,7,60,2,14295,14295,3,10,36,2,0,0,0,3
1338263,4,2023,2023,9,4,7,15,27,102,69,0,1,1,-33.946343,151.209313,4,0,2,0,0,0,3,4,2,0,7,50,1,3775,3775,0,5,5,2,0,1,1,0
1338270,4,2023,2023,10,6,8,102,31,107,53,0,1,10,-33.880524,151.196561,69,0,2,1,0,0,0,0,2,0,5,50,2,6545,6545,4,22,5,2,0,1,0,0
1338272,4,2023,2023,10,5,7,8,27,323,34609,1,2,1,-33.768437,150.969168,71,0,2,1,0,0,0,0,2,0,7,40,0,9859,9859,1,0,12,2,0,1,0,0
1338273,4,2023,2023,5,0,6,61,27,32,208,0,1,9,-33.857537,150.95869,21,0,2,1,0,0,0,0,2,2,7,60,1,3775,3775,0,10,5,2,0,1,0,0
1338277,2,2023,2023,9,1,4,80,31,77,42,0,1,10,-32.943104,151.75725,48,0,2,1,1,0,0,0,2,0,0,50,1,6545,6545,4,10,5,2,0,0,1,0
1338281,4,2023,2023,2,6,10,11,31,53,34609,0,1,1,-33.762194,151.162579,36,0,2,1,3,0,0,0,0,0,7,50,0,9859,9859,1,5,12,2,0,1,0,0
1338282,1,2023,2023,2,4,5,16,27,316,120,0,1,9,-33.907069,151.251628,59,0,2,1,1,0,0,0,2,0,7,50,2,5929,5929,1,0,18,2,0,0,0,1
1338283,4,2023,2023,9,1,2,126,27,30,168,0,1,2,-34.053401,150.772173,12,0,2,1,2,0,0,0,1,0,7,80,2,9859,9859,8,5,40,1,0,1,0,0
1338284,2,2023,2023,9,6,8,6,27,103,34609,0,1,1,-28.850333,153.320127,39,2,1,0,0,0,0,0,2,0,7,80,0,1259,5151,8,5,40,1,0,0,1,0
1338294,2,2023,2023,2,1,4,4,1,161,34609,0,1,1,-33.718886,151.155709,36,0,2,1,3,0,0,0,2,0,7,50,0,945,945,5,0,40,1,0,0,1,0
1338295,2,2023,2023,10,0,8,5,27,21,34609,0,1,1,-33.649655,151.106072,31,0,2,0,3,0,0,0,2,0,7,50,0,1981,1981,4,0,27,2,0,0,1,0
1338296,1,2023,2023,9,0,8,296,27,283,293,0,1,9,-33.830528,151.003852,21,0,2,1,3,0,0,0,3,0,6,60,2,1109,397,1,10,5,2,0,0,0,1
1338297,2,2023,2023,11,2,10,515,14,189,518,0,1,3,-33.942009,151.048763,15,0,2,1,2,0,0,0,0,0,7,100,2,1282,1282,1,5,5,3,0,0,2,0
1338301,1,2023,2023,2,0,4,23,31,72,44,0,1,9,-33.824756,151.231492,49,0,2,1,3,0,0,0,2,0,0,50,1,1669,1669,3,9,5,3,0,0,0,1
1338302,2,2023,2023,1,2,7,344,27,89,382,0,1,7,-33.641795,150.785706,55,0,2,1,1,0,3,3,2,0,0,80,2,6545,6545,4,5,5,3,0,0,1,0
1338310,1,2023,2023,2,1,8,255,27,15,260,0,1,1,-32.994766,151.599481,37,0,2,1,1,0,0,0,2,0,7,60,2,14295,14295,3,0,12,2,0,0,0,1
1338318,2,2023,2023,10,2,4,109,27,137,105,0,1,9,-33.895763,150.909767,24,0,2,1,1,0,0,0,2,0,7,60,2,14295,14295,3,8,5,3,0,0,2,0
1338321,4,2023,2023,2,1,9,37,31,273,87,0,1,10,-34.429681,150.899009,80,0,2,1,1,0,0,0,2,0,7,60,2,1282,1282,1,21,19,2,0,1,0,0
1338322,2,2023,2023,10,3,8,47,27,293,34609,0,1,1,-33.944771,151.258192,59,0,2,1,0,0,0,0,2,0,7,50,0,340,340,9,5,28,2,0,0,1,0
1338326,4,2023,2023,9,3,5,80,27,316,50,0,1,2,-33.911516,151.236087,59,0,2,0,0,0,3,4,2,0,7,60,2,4552,5151,8,0,40,1,0,1,0,0
1338333,1,2023,2023,10,5,4,265,17,17,193,0,1,1,-35.716516,147.027495,27,1,0,0,3,0,0,0,2,0,7,100,2,1850,1463,5,8,40,1,0,0,0,1
1338334,1,2023,2023,1,5,8,346,17,24,332,0,1,1,-28.811668,153.375348,39,2,1,1,3,0,3,4,0,0,7,80,2,14295,14295,3,5,12,2,0,0,0,1
1338336,4,2023,2023,2,4,6,48,31,33,45,0,1,10,-33.419034,151.343482,16,2,2,1,1,0,0,0,2,2,7,60,1,6545,6545,4,22,0,2,0,1,0,0
1338338,2,2023,2023,2,2,11,6,27,5,34609,0,1,1,-35.240832,147.446055,75,1,0,0,0,0,0,0,0,0,7,100,0,4552,5151,8,5,40,1,0,0,1,0
1338340,2,2023,2023,2,2,5,27,17,54,34609,0,1,9,-33.092766,151.634247,37,0,2,0,1,0,0,0,2,0,0,50,0,775,775,4,5,27,2,0,0,1,0
1338342,2,2023,2023,2,6,9,4,27,18,26,0,1,1,-33.65404,151.289515,50,0,2,0,0,0,0,0,2,0,7,50,1,1957,4009,1,0,0,2,0,0,1,0
1338344,4,2023,2023,10,4,8,33,27,27,40,0,1,1,-33.762328,151.295562,50,0,2,1,1,0,0,0,2,0,7,50,1,312,312,2,5,40,1,0,1,0,0
1338349,2,2023,2023,2,5,2,21,31,133,34609,0,1,1,-33.924539,151.013906,15,0,2,1,2,0,0,0,0,0,7,50,0,9859,9859,1,0,0,2,0,0,1,0
1338351,4,2023,2023,11,2,11,18,10,89,34609,0,1,1,-28.221393,153.523041,72,2,1,0,0,0,3,4,0,0,7,60,0,1850,1463,5,5,40,1,0,1,1,0
1338353,4,2023,2023,2,1,7,13,27,12,34609,0,1,9,-32.531675,151.168951,64,2,1,1,0,0,0,0,2,0,0,60,0,1669,1669,3,10,13,2,0,1,1,0
1338354,2,2023,2023,11,3,7,3371,17,139,3342,0,1,9,-33.836949,151.208167,49,0,2,1,0,0,0,0,2,0,4,40,2,2040,2040,9,5,28,2,0,0,1,0
1338355,2,2023,2023,2,2,6,1052,14,53,928,0,1,3,-33.681975,151.120383,31,0,2,1,3,0,0,0,2,0,7,110,2,1383,1383,1,0,5,3,0,0,1,0
1338357,1,2023,2023,11,3,2,20,31,174,321,0,1,10,-33.891612,151.199848,69,0,2,1,3,0,0,0,1,2,7,50,2,14295,14295,3,33,5,2,0,0,0,1
1338359,4,2023,2023,2,2,7,67,27,165,34609,0,1,9,-33.850795,151.154983,14,0,2,1,1,0,0,0,2,0,7,50,0,591,591,1,18,36,3,0,1,0,0
1338361,1,2023,2023,2,0,3,2126,17,445,2149,0,1,2,-33.847045,151.045956,21,0,2,1,3,0,0,0,1,0,7,60,2,1383,1383,1,5,5,2,0,0,0,1
1338363,4,2023,2023,9,2,8,104,27,293,28,0,1,1,-33.917451,151.062344,15,0,2,1,1,0,0,0,2,0,7,60,1,9859,9859,1,5,5,6,0,1,0,0
1338365,2,2023,2023,2,4,6,42,27,128,231,0,1,10,-33.424854,151.319296,16,2,2,1,3,0,0,0,2,2,7,60,2,5929,5929,1,10,5,2,0,0,1,1
1338366,2,2023,2023,10,1,10,3371,17,53,3342,0,1,2,-33.769456,151.160027,36,0,2,0,2,0,0,0,0,0,4,60,2,368,368,9,5,28,3,0,0,1,0