Crash ID,Degree of crash - detailed,Reporting year,Year of crash,Month of crash,Day of week of crash,Two-hour intervals,Street of crash,Street type,Town,Route no.,School zone location,School zone active,Type of location,Latitude,Longitude,LGA,Urbanisation,Conurbation 1,Alignment,Street lighting,Road surface,Surface condition,Weather,Natural lighting,Signals operation,Other traffic control,Speed limit,Road classification,RUM - code,DCA - code,First impact type,Key TU type,Other TU type,No. of traffic units involved,No. killed,No. seriously injured,No. moderately injured,No. minor-other injured
1338373,1,2023,2023,2,0,8,2209,17,77,2205,0,1,9,-33.925038,151.160377,32,0,2,1,0,0,0,0,2,2,7,60,2,623,623,3,8,40,2,0,0,0,1
1338375,4,2023,2023,2,0,3,23,36,15,62,0,1,1,-30.199554,153.01443,19,1,0,0,0,0,0,0,2,0,7,100,1,3775,3775,0,5,0,2,0,1,1,0
1338376,2,2023,2023,9,0,5,1052,14,77,928,0,1,3,-33.536019,151.199447,16,1,2,1,1,0,0,0,2,0,7,110,2,14295,14295,3,10,0,3,0,0,1,0
1338379,2,2023,2023,11,2,8,111,27,150,233,0,1,10,-33.924616,151.228259,59,0,2,1,1,0,0,0,2,2,7,50,2,6545,6545,4,5,13,2,0,0,1,0
1338384,4,2023,2023,9,3,7,123,36,24,90,0,1,1,-31.977846,151.939036,43,1,0,0,0,0,3,4,2,0,7,100,1,1259,5151,8,0,40,1,0,1,0,0
1338388,4,2023,2023,2,0,7,334,17,11,308,0,1,1,-31.021014,150.805178,70,1,0,1,0,0,0,0,2,0,7,100,2,1282,1282,1,5,13,2,0,5,0,0
1338394,4,2023,2023,5,4,4,100,31,363,769,0,1,10,-33.814376,150.999848,54,0,2,1,1,0,0,0,2,2,7,60,2,6545,6545,4,5,5,3,0,1,0,0
1338396,2,2023,2023,9,6,4,1052,27,69,262,0,1,2,-32.90731,151.695098,48,0,2,1,1,0,0,0,2,0,7,60,2,1282,1282,1,10,27,2,0,0,1,0
1338398,4,2023,2023,2,1,8,103,36,8,157,0,1,1,-29.377086,153.009123,18,1,0,0,0,0,2,6,2,0,7,100,2,3775,3775,0,5,13,2,0,1,1,0
1338400,1,2023,2023,5,6,5,24,1,609,115,0,1,1,-33.76512,150.908815,7,0,2,1,1,0,0,0,2,0,7,60,2,1981,1981,4,5,27,2,0,0,0,1
1338402,2,2023,2023,2,2,6,2,31,94,34609,0,1,10,-33.883355,150.932871,24,0,2,1,0,0,0,0,2,0,15,50,0,6545,6545,4,0,5,2,0,0,1,0
1338403,4,2023,2023,10,1,10,126,27,27,168,0,1,9,-34.040918,150.746142,12,0,2,1,2,0,0,0,0,0,0,60,2,5929,5929,1,10,19,2,0,1,0,0
1338405,2,2023,2023,9,0,4,6,31,36,34609,1,2,1,-34.05261,150.716309,12,0,2,1,1,0,0,0,2,0,7,40,0,340,340,9,30,28,2,0,0,1,0
1338407,1,2023,2023,10,3,3,11,27,18,34609,0,1,1,-28.397277,153.403911,72,2,1,0,1,0,0,0,2,0,7,50,0,4552,5151,8,9,40,1,0,0,0,1
1338408,4,2023,2023,9,1,7,91,27,119,187,0,1,2,-33.874407,151.164507,32,0,2,1,0,0,0,0,2,0,7,70,2,14295,14295,3,5,18,2,0,1,0,0
1338411,2,2023,2023,2,0,4,485,27,66,769,0,1,9,-33.704282,150.930279,7,0,2,1,3,0,0,0,2,2,7,80,2,14295,14295,3,9,0,2,0,0,1,0
1338412,1,2023,2023,9,2,11,119,31,73,207,0,1,10,-33.874398,151.216293,69,0,2,1,2,0,0,0,0,2,7,50,2,14295,14295,3,5,5,4,0,0,0,2
1338419,4,2023,2023,9,1,5,26,31,102,34609,0,1,9,-33.944608,151.197167,4,0,2,1,1,0,0,0,2,0,7,50,0,2040,2040,9,5,28,2,0,1,0,0
1338423,2,2023,2023,9,5,8,1,34,23,34609,0,1,1,-35.630851,150.221334,23,2,1,0,0,2,0,3,2,0,7,60,0,4552,5151,8,16,40,1,0,0,1,0
1338424,2,2023,2023,2,3,7,1104,14,283,962,0,1,3,-33.826782,151.005813,54,0,2,1,3,0,0,0,2,0,7,90,2,1383,1383,1,5,0,5,0,0,1,0
1338430,4,2023,2023,2,5,4,192,31,316,120,0,1,10,-33.917065,151.24121,59,0,2,1,1,0,0,0,2,2,7,50,1,368,368,9,0,28,2,0,1,0,0
1338431,1,2023,2023,9,6,4,3371,17,104,3342,0,1,2,-32.851637,151.699288,48,0,2,1,0,0,0,0,2,0,7,80,2,14295,14295,3,5,0,2,0,0,0,1
1338435,2,2023,2023,2,0,8,47,31,117,84,0,1,7,-28.173509,153.542598,72,2,1,0,3,0,0,0,3,0,0,50,1,14295,14295,3,0,0,2,0,0,1,0
1338437,2,2023,2023,10,6,8,40,31,49,24,0,1,10,-33.948113,151.223378,4,0,2,1,1,0,0,0,3,2,7,60,2,5929,5929,1,0,19,2,0,0,1,0
1338438,2,2023,2023,2,3,7,57,27,155,75,0,1,1,-33.496841,151.306225,16,2,2,1,3,0,0,0,2,0,7,60,1,3775,3775,0,0,0,2,0,0,1,0
1338440,2,2023,2023,10,4,7,2126,17,33,2149,0,1,10,-33.718751,150.441573,8,2,2,0,1,0,3,4,2,2,7,70,2,14295,14295,3,0,0,2,0,0,2,1
1338441,1,2023,2023,9,1,2,500,27,646,799,0,1,2,-33.934559,151.025654,15,0,2,1,3,0,0,0,1,0,7,60,2,1383,1383,1,5,5,2,0,0,0,1
1338442,2,2023,2023,10,0,10,85,31,66,34609,0,1,7,-34.485247,150.891337,80,0,2,1,2,0,0,0,0,0,0,50,0,775,775,4,5,0,2,0,0,1,0
1338444,2,2023,2023,11,3,7,3,1,71,34609,0,1,1,-33.771229,150.692397,55,0,2,1,0,0,0,0,2,0,7,50,0,9859,9859,1,5,0,2,0,0,1,0
1338445,2,2023,2023,9,0,4,40,27,94,40,0,1,1,-33.883482,150.9227,24,0,2,1,3,0,3,4,2,0,7,60,1,14295,14295,3,5,5,2,0,0,1,0
1338446,1,2023,2023,2,0,3,97,27,271,799,0,1,2,-33.936217,151.011731,15,0,2,1,3,0,0,0,2,0,7,70,2,14295,14295,3,10,0,2,0,0,0,1
1338448,1,2023,2023,11,5,5,2261,17,523,2252,0,1,2,-33.921144,150.919182,41,0,2,1,1,0,0,0,2,0,7,60,2,1282,1282,1,9,12,2,0,0,0,1
1338451,2,2023,2023,9,2,11,1,27,9,34609,0,1,1,-34.423124,148.350921,30,1,0,0,0,2,0,0,0,0,7,100,0,782,957,5,0,40,1,0,0,1,1
1338452,1,2023,2023,9,6,9,5,1,102,34609,0,1,1,-31.107921,150.913036,70,2,1,0,1,0,0,0,2,0,7,50,0,418,714,5,16,40,1,0,0,0,1
1338453,1,2023,2023,2,3,6,829,27,125,770,0,1,9,-33.826665,151.126314,61,0,2,1,3,0,3,0,2,0,15,60,2,515,515,1,5,5,2,0,0,0,1
1338460,2,2023,2023,9,4,8,27,1,132,148,0,1,1,-34.150472,151.027687,68,0,2,0,0,0,3,4,2,0,7,60,2,4552,5151,8,5,40,1,0,0,1,0
1338462,4,2023,2023,9,1,4,4,31,74,20,0,1,1,-33.744605,150.843768,7,0,2,1,1,0,0,0,2,0,7,60,1,14295,14295,3,0,13,3,0,1,0,0
1338465,2,2023,2023,9,5,3,47,31,41,31,0,1,1,-33.818833,151.010069,54,0,2,1,0,0,0,0,2,0,7,60,1,1220,1220,9,10,28,2,0,0,1,0
1338466,1,2023,2023,11,3,10,41,27,102,91,0,1,10,-33.955049,151.233323,59,0,2,1,2,0,0,0,0,0,15,50,1,1220,1220,9,10,28,2,0,0,0,1
1338467,1,2023,2023,11,2,6,46,27,148,43,0,1,9,-36.051059,146.932558,0,2,1,1,3,0,0,0,2,2,7,60,1,14295,14295,3,5,0,2,0,0,0,1
1338468,2,2023,2023,9,2,6,89,17,51,21,0,1,1,-34.167527,150.966439,80,0,2,0,0,0,3,4,2,0,7,100,1,2585,4009,8,0,40,1,0,0,1,0
1338472,2,2023,2023,9,6,7,30,27,646,34609,1,2,1,-33.93201,151.021829,15,0,2,1,1,0,3,3,2,0,9,40,0,2040,2040,9,5,28,2,0,0,1,0
1338474,4,2023,2023,10,0,7,234,27,323,217,0,1,1,-33.746689,150.994147,71,0,2,0,1,0,3,4,2,0,7,60,2,4552,5151,8,9,40,1,0,1,0,0
1338478,2,2023,2023,2,6,8,99,31,84,105,0,1,10,-33.87964,150.94123,24,0,2,1,3,0,0,0,4,2,7,60,1,5929,5929,1,5,5,2,0,0,2,0
1338479,4,2023,2023,9,3,5,478,17,22,480,0,1,1,-33.336646,151.501539,16,2,2,1,1,0,0,0,2,0,7,50,2,14295,14295,3,16,0,2,0,1,0,0
1338484,1,2023,2023,9,4,7,15,31,41,34609,0,1,1,-31.093178,150.910061,70,2,1,1,3,0,3,0,2,0,7,50,0,9859,9859,1,0,10,2,0,0,0,1
1338488,2,2023,2023,2,3,5,3,27,2,11,0,1,1,-36.72776,149.613528,5,1,0,0,0,0,3,4,2,0,7,100,1,4552,5151,8,10,40,1,0,0,1,0
1338489,4,2023,2023,5,3,2,2126,17,106,2149,0,1,10,-33.886582,151.177341,69,0,2,1,2,0,0,0,1,2,7,60,2,14295,14295,3,5,5,2,0,1,1,0
1338491,2,2023,2023,10,6,8,1,31,9,34609,0,1,10,-32.911988,151.754515,48,0,2,1,0,0,0,3,2,0,15,40,0,14295,14295,3,0,27,2,0,0,1,0
1338492,1,2023,2023,2,2,6,91,27,119,187,0,1,10,-33.874804,151.155154,32,0,2,1,3,0,0,0,2,2,7,70,2,395,395,1,5,0,2,0,0,0,1
1338493,4,2023,2023,2,4,7,123,36,7,90,0,1,1,-31.673403,151.831989,43,1,0,0,0,0,0,0,2,0,7,90,1,404,404,8,16,40,1,0,1,0,0
1338494,4,2023,2023,9,0,4,1,27,15,34609,0,1,1,-30.226713,153.151743,19,2,1,1,1,0,3,4,2,0,7,50,0,2040,2040,9,0,28,2,0,1,0,0
1338500,2,2023,2023,2,4,7,4,27,4,34609,0,1,1,-32.344912,151.76494,51,2,1,1,0,0,0,0,2,0,7,50,0,14295,14295,3,16,13,2,0,0,1,0
1338501,4,2023,2023,2,1,3,6,10,130,34609,0,1,1,-34.462124,150.843132,80,0,2,1,1,0,0,0,2,0,7,50,0,1109,787,1,10,19,2,0,1,0,0
1338510,1,2023,2023,9,0,4,37,31,273,87,0,1,10,-34.426962,150.899561,80,0,2,1,1,0,0,0,2,2,7,60,2,6545,6545,4,0,0,2,0,0,0,1
1338511,2,2023,2023,1,5,4,85,31,179,34609,0,1,7,-31.898507,152.477896,43,2,1,1,1,0,0,0,2,0,0,60,0,591,591,1,22,5,2,0,0,1,0
1338512,2,2023,2023,1,6,0,169,27,123,34609,0,1,1,-33.820245,151.052831,54,0,2,1,2,0,0,0,0,0,7,50,0,9859,9859,1,5,5,4,0,0,1,0
1338515,2,2023,2023,9,5,5,80,27,316,50,1,0,9,-33.912993,151.240824,59,0,2,1,1,0,0,0,2,2,7,50,2,14295,14295,3,5,18,3,0,0,1,0
1338516,2,2023,2023,9,2,8,2126,17,21,2149,0,1,2,-33.725404,150.402792,8,2,2,0,0,0,3,4,2,0,7,80,2,1259,5151,8,0,40,1,0,0,2,0
1338517,4,2023,2023,2,5,8,512,17,562,441,0,1,10,-32.254442,148.60997,22,2,1,1,0,0,0,0,2,0,0,60,2,6545,6545,4,10,36,2,0,1,0,0
1338518,4,2023,2023,2,1,4,2209,17,7,2205,0,1,1,-35.123805,150.476658,63,1,0,1,0,0,2,6,2,0,7,100,2,1109,787,1,5,13,2,0,2,0,0
1338519,2,2023,2023,1,0,8,475,10,37,268,0,1,2,-33.866143,150.697785,41,0,2,1,1,0,0,0,2,0,7,80,2,1383,1383,1,10,0,2,0,0,1,0
1338523,4,2023,2023,1,6,8,8,27,168,34609,0,1,1,-33.718806,150.839428,7,0,2,1,1,0,0,0,3,0,15,60,0,1981,1981,4,0,5,2,0,1,0,1
1338526,1,2023,2023,2,2,4,150,27,309,415,0,1,2,-33.808718,151.107674,61,0,2,1,3,0,0,3,2,0,7,70,2,14295,14295,3,10,5,2,0,0,0,1
1338532,4,2023,2023,9,5,7,110,31,204,34609,0,1,1,-33.890481,150.934529,24,0,2,1,1,0,0,0,2,0,7,50,0,1981,1981,4,5,0,4,0,2,0,0
1338535,1,2023,2023,9,5,6,2,27,26,34609,0,1,1,-33.703082,150.57581,8,2,2,0,1,0,0,0,2,0,7,50,0,4552,5151,8,10,40,1,0,0,0,1
1338537,1,2023,2023,9,0,7,82,27,84,181,0,1,1,-33.894472,151.26729,76,0,2,1,0,0,0,0,2,0,7,50,2,941,941,1,19,27,2,0,0,0,1
1338539,4,2023,2023,2,4,8,485,27,154,769,0,1,2,-33.711306,150.955365,71,0,2,1,3,0,0,0,2,0,7,60,2,1981,1981,4,5,5,5,0,2,0,0
1338546,4,2023,2023,10,2,6,3,34,8,34609,0,1,1,-33.324377,150.1245,40,2,1,1,0,2,0,0,2,0,7,50,0,1945,1945,5,16,40,1,0,1,0,0
1338548,1,2023,2023,9,0,8,34,31,145,34609,1,0,9,-33.928093,151.122097,15,0,2,1,3,0,0,0,4,0,7,50,0,14295,14295,3,21,0,2,0,0,0,1
1338550,4,2023,2023,10,5,5,220,14,130,220,0,1,3,-34.458685,150.854996,80,0,2,1,1,0,0,0,2,0,7,100,2,4026,4026,8,8,40,1,0,1,0,0
1338551,4,2023,2023,10,2,8,103,27,35,256,0,1,7,-34.114131,150.797603,13,0,2,1,1,0,0,3,2,0,0,70,2,4026,4026,8,0,40,1,0,1,0,0
1338552,4,2023,2023,11,1,10,2209,17,106,2205,0,1,7,-34.549279,150.78535,62,0,2,0,2,0,0,0,0,3,0,70,2,2585,4009,8,16,40,1,0,1,0,0
1338556,4,2023,2023,9,0,9,76,24,164,154,0,1,2,-33.724549,150.889966,7,0,2,0,2,0,3,4,3,0,7,70,1,2585,4009,8,0,40,1,0,1,0,0
1338562,1,2023,2023,2,4,7,10,31,293,34609,0,1,1,-33.925859,151.061206,15,0,2,1,3,0,0,0,2,0,7,50,0,941,941,1,10,5,2,0,0,0,1
1338563,1,2023,2023,2,4,9,30,27,187,94,0,1,9,-33.880565,150.979329,15,0,2,1,3,0,0,0,3,0,0,60,1,14295,14295,3,10,0,2,0,0,0,1
1338565,2,2023,2023,10,3,6,294,17,11,288,0,1,1,-34.664868,144.160055,51,1,0,1,0,0,0,0,2,0,7,110,2,475,475,5,0,40,1,0,0,2,1
1338570,2,2023,2023,9,5,6,3,1,64,34609,0,1,1,-33.473563,150.15526,40,2,1,1,1,0,0,0,2,0,7,50,0,1981,1981,4,5,5,2,0,0,1,0
1338572,4,2023,2023,10,4,10,280,10,237,240,0,1,9,-33.862796,150.953462,24,0,2,1,2,0,0,0,0,0,0,60,2,6545,6545,4,5,19,2,0,1,0,0
1338573,1,2023,2023,2,4,4,232,36,34,331,0,1,10,-34.009824,150.770155,12,0,2,1,3,0,0,0,2,2,7,80,2,14295,14295,3,5,0,2,0,0,0,1
1338576,1,2023,2023,9,0,9,89,17,82,34609,1,0,1,-34.367685,150.898099,80,0,2,1,2,0,0,0,0,0,7,60,0,3775,3775,0,34,13,2,0,0,0,1
1338578,2,2023,2023,9,0,11,1,27,194,34609,0,1,1,-30.481623,151.658121,1,1,0,1,0,0,0,0,0,0,7,100,0,475,475,5,5,40,1,0,0,1,1
1338579,2,2023,2023,5,0,10,28,27,108,34609,0,1,1,-33.294659,151.422084,16,2,2,1,2,0,0,0,0,0,7,50,0,368,368,9,5,28,2,0,0,1,0
1338581,1,2023,2023,9,6,5,829,27,149,770,0,1,2,-33.861056,151.16494,32,0,2,1,3,0,0,0,2,0,7,60,2,1192,1192,1,10,0,3,0,0,0,1
1338582,2,2023,2023,2,3,11,1,24,167,34609,0,1,1,-33.839509,151.069606,54,0,2,1,2,0,3,0,0,0,7,60,0,9859,9859,8,0,40,1,0,0,1,0
1338584,4,2023,2023,5,2,9,500,27,293,799,0,1,10,-33.932465,151.049502,15,0,2,1,2,0,0,0,0,2,7,60,2,5929,5929,1,5,19,2,0,1,0,0
1338587,1,2023,2023,9,0,6,5,27,197,6,0,1,9,-33.947568,151.07602,25,0,2,1,3,0,0,0,2,0,7,50,1,6545,6545,4,0,5,2,0,0,0,1
1338588,2,2023,2023,10,5,4,57,27,36,143,0,1,1,-34.482883,149.522917,74,1,0,0,0,0,0,0,2,0,7,100,2,83,83,5,10,40,2,0,0,1,0
1338590,4,2023,2023,2,2,8,147,27,224,605,0,1,9,-33.826241,151.232653,45,0,2,1,0,0,0,0,3,0,7,60,2,1282,1282,1,0,19,2,0,1,0,0
1338591,4,2023,2023,9,4,7,105,27,174,109,0,1,1,-33.862364,150.919658,24,0,2,1,1,0,0,0,2,0,7,60,1,3775,3775,0,0,13,3,0,1,1,0
1338592,1,2023,2023,9,6,8,485,27,323,769,0,1,2,-33.760884,150.991746,71,0,2,1,3,0,0,0,2,0,7,60,2,14295,14295,3,0,0,2,0,0,0,1
1338593,2,2023,2023,2,1,2,512,17,562,441,0,1,1,-32.274968,148.676371,22,1,0,1,3,0,0,0,1,0,7,110,2,14295,14295,3,5,12,2,0,0,1,0
1338596,2,2023,2023,9,0,10,4,27,2,4,0,1,9,-36.239239,149.144282,65,2,1,0,2,0,3,4,0,0,0,80,1,782,957,5,10,40,1,0,0,2,0
1338597,2,2023,2023,9,4,8,15,1,363,16,0,1,1,-33.744016,150.69571,55,0,2,1,1,0,0,0,2,0,7,60,1,1981,1981,4,0,12,2,0,0,1,0
1338598,4,2023,2023,1,2,3,6,23,106,34609,0,1,1,-33.68642,151.308708,50,0,2,0,1,0,0,0,2,0,7,50,0,1109,787,1,0,27,2,0,1,0,0
1338602,4,2023,2023,10,3,6,13,27,10,14,0,1,1,-33.773796,149.33466,3,1,0,0,0,0,0,0,2,0,7,100,1,4552,5151,8,16,40,1,0,1,0,0
1338603,1,2023,2023,2,6,4,57,27,172,126,0,1,1,-32.765259,151.62251,42,2,1,1,3,0,0,0,2,0,7,80,2,14295,14295,3,5,5,2,0,0,0,1
1338606,2,2023,2023,10,5,3,23,10,32,101,0,1,2,-32.946667,151.715092,48,0,2,0,1,0,0,0,2,0,7,50,2,14295,14295,3,9,5,2,0,0,1,0
1338610,4,2023,2023,2,3,4,32,31,111,91,0,1,7,-33.926813,151.255461,59,0,2,1,1,0,3,4,2,0,0,50,1,1945,1945,5,15,40,1,0,1,0,0
1338611,4,2023,2023,10,3,11,39,27,11,29,0,1,1,-32.521716,149.660087,44,1,0,0,0,0,0,0,0,0,7,100,1,4552,5151,8,10,40,1,0,1,0,0
1338614,4,2023,2023,1,2,9,866,27,201,44,0,1,9,-33.99847,150.86963,13,0,2,1,2,0,0,0,0,0,0,60,1,9859,9859,1,16,0,2,0,1,0,0
1338615,2,2023,2023,2,1,9,1,31,82,34609,0,1,10,-34.367469,150.906142,80,0,2,1,1,0,0,0,2,0,0,50,0,1669,1669,3,0,5,2,0,0,1,2
1338618,2,2023,2023,2,2,0,5,10,13,34609,0,1,1,-33.140033,151.626507,37,0,2,0,0,0,0,0,0,0,7,60,0,1089,1089,7,10,40,1,0,0,1,2
1338619,2,2023,2023,2,6,8,3,23,35,34609,0,1,10,-33.270122,151.552553,16,2,2,1,3,0,0,0,4,0,0,50,0,6545,6545,4,5,0,2,0,0,1,0
1338621,4,2023,2023,9,4,8,225,17,50,180,0,1,1,-34.566937,150.663907,62,0,2,0,3,0,3,4,2,0,7,60,2,1957,4009,8,0,40,1,0,1,0,0
1338623,2,2023,2023,11,4,8,512,17,562,441,0,1,9,-32.255897,148.62066,22,2,1,1,1,0,0,0,2,0,0,60,2,14295,14295,3,0,5,2,0,0,1,0
1338630,4,2023,2023,9,5,8,500,27,106,799,0,1,9,-33.922752,151.09375,15,0,2,1,1,0,0,0,2,0,0,60,2,2852,2852,4,5,19,2,0,1,0,0
1338632,2,2023,2023,9,4,4,8,31,35,34609,0,1,10,-35.348523,149.224458,58,2,1,1,1,0,0,0,2,0,15,50,0,6545,6545,4,5,5,2,0,0,1,0
1338633,1,2023,2023,2,3,5,44,31,52,13,1,0,1,-33.901639,151.261255,76,0,2,1,1,0,0,3,2,0,7,50,1,43,43,3,0,27,2,0,0,0,1
1338636,4,2023,2023,9,6,7,114,27,34,228,0,1,1,-33.481086,150.956985,71,0,2,0,0,0,3,4,2,0,7,80,2,3775,3775,0,10,2,2,0,1,0,0
1338639,4,2023,2023,11,2,5,475,10,137,268,0,1,1,-33.898719,150.894835,24,0,2,1,1,0,0,0,2,0,7,60,2,4026,4026,8,10,40,1,0,1,0,0
1338640,1,2023,2023,9,5,9,46,27,164,34609,0,1,1,-33.728751,150.894047,7,0,2,1,1,0,3,0,2,0,7,50,0,591,591,1,22,5,2,0,0,0,1
1338651,1,2023,2023,2,1,8,23,10,87,23,0,1,1,-33.915404,150.954878,41,0,2,1,3,0,0,0,2,0,7,60,1,14295,14295,3,9,5,2,0,0,0,1
1338652,1,2023,2023,9,5,5,109,27,95,382,0,1,2,-33.737695,150.844009,7,0,2,1,1,0,0,0,2,2,9,60,2,14295,14295,3,5,5,2,0,0,0,1
1338660,2,2023,2023,2,2,6,829,27,363,770,0,1,2,-33.809142,151.02302,54,0,2,1,3,0,1,0,2,0,7,60,2,14295,14295,3,5,0,2,0,0,1,0
1338661,4,2023,2023,9,0,3,134,10,104,962,0,1,9,-33.831638,151.019806,54,0,2,1,1,0,0,0,2,2,7,70,2,2852,2852,4,0,10,2,0,1,0,0
1338662,4,2023,2023,9,6,3,12,27,278,34609,0,1,1,-33.787743,151.044151,54,0,2,1,3,0,0,0,2,0,7,50,0,9859,9859,1,5,5,2,0,1,0,0
1338665,2,2023,2023,2,0,6,2261,17,243,2252,0,1,9,-33.947862,150.907336,41,0,2,1,3,0,0,0,2,0,7,70,2,14295,14295,3,9,0,2,0,0,1,0
1338666,1,2023,2023,2,0,7,2209,17,106,2205,0,1,2,-34.554801,150.790404,62,0,2,1,3,0,0,0,2,0,7,70,2,1981,1981,4,5,12,2,0,0,0,1
1338673,2,2023,2023,1,0,10,47,26,201,160,0,1,9,-34.014347,150.867895,13,0,2,1,2,0,0,0,0,0,0,60,2,5929,5929,1,5,5,2,0,0,1,0
1338676,1,2023,2023,9,1,4,39,27,64,563,0,1,9,-33.887105,151.039661,21,0,2,1,3,0,0,0,2,0,0,80,2,1391,1391,1,0,5,2,0,0,0,1
1338678,1,2023,2023,9,5,7,95,31,346,59,0,1,1,-33.86683,151.061854,67,0,2,1,2,0,0,0,2,0,7,60,1,14295,14295,3,5,19,2,0,0,0,1
1338679,4,2023,2023,11,1,6,11,31,120,34609,0,1,1,-32.180478,152.51778,43,2,1,1,1,0,0,0,2,0,7,50,0,323,323,1,16,5,2,0,1,0,0
1338685,4,2023,2023,9,2,9,44,31,53,34609,0,1,2,-30.644361,152.997074,47,2,1,0,2,0,0,0,0,0,7,50,0,4552,5151,1,5,13,2,0,1,0,0
1338687,4,2023,2023,11,6,2,1,22,6,34609,0,1,6,-33.828378,151.146531,38,0,2,0,2,0,0,0,0,0,7,60,0,2585,4009,8,16,40,1,0,1,0,0
1338689,4,2023,2023,9,4,2,14,1,64,34609,0,1,10,-33.705754,150.732638,55,0,2,1,2,0,0,3,1,0,15,60,0,6545,6545,4,10,13,2,0,1,0,0
1338690,4,2023,2023,1,6,5,126,1,41,17,0,1,2,-33.731778,150.822394,7,0,2,1,0,0,0,0,2,0,9,60,1,591,591,1,22,41,2,0,1,0,0
1338692,2,2023,2023,2,6,6,61,10,87,34609,0,1,1,-33.066722,151.467883,37,0,2,0,0,0,0,0,2,0,7,60,0,1259,5151,8,5,40,1,0,0,1,0
1338693,1,2023,2023,2,5,7,132,31,252,126,1,2,1,-33.88964,151.205821,69,0,2,1,3,0,0,0,2,0,7,40,2,14295,14295,3,0,0,2,0,0,0,1
1338694,1,2023,2023,2,0,9,330,27,31,102,0,1,2,-33.771877,151.268374,50,0,2,1,0,0,0,0,2,0,7,50,2,1282,1282,1,33,27,2,0,0,0,1
1338697,2,2023,2023,2,0,5,192,31,316,56,1,0,9,-33.908238,151.244173,59,0,2,1,3,0,0,0,2,0,7,60,1,6545,6545,4,5,0,2,0,0,1,0
1338698,4,2023,2023,2,5,8,6,31,438,34609,0,1,9,-33.845485,151.034467,21,0,2,1,1,0,0,0,2,0,7,50,0,926,926,4,16,5,2,0,1,0,1
1338699,4,2023,2023,2,0,8,22,10,18,24,0,1,1,-28.795,153.518258,2,2,1,0,1,0,0,0,2,0,7,80,1,1109,787,1,0,19,2,0,2,0,0
1338702,4,2023,2023,11,5,4,2,27,17,34609,0,1,1,-35.613098,147.04256,27,1,0,1,0,2,0,0,2,0,7,100,0,3775,3775,0,0,13,2,0,2,2,1
1338704,2,2023,2023,10,5,5,296,27,41,293,0,1,2,-33.869717,150.986049,24,0,2,1,1,0,0,0,2,0,7,70,2,1981,1981,4,5,0,3,0,0,2,0
1338706,4,2023,2023,10,2,9,1,31,71,34609,0,1,1,-33.965327,151.067597,25,0,2,1,1,0,0,0,2,0,7,50,0,5929,5929,1,5,19,2,0,1,0,0
1338709,2,2023,2023,9,6,7,1,31,70,34609,0,1,1,-32.903,151.726116,48,0,2,1,1,0,0,0,2,0,7,50,0,121,121,9,33,28,2,0,0,1,0
1338712,1,2023,2023,9,1,8,4,10,55,34609,0,1,7,-35.378921,149.202763,58,2,1,1,1,0,0,0,2,0,0,50,0,489,489,8,16,40,1,0,0,0,1
1338714,2,2023,2023,9,4,8,1,27,96,34609,0,1,10,-34.050054,150.827984,13,0,2,0,0,0,0,0,2,0,0,60,0,775,775,4,0,5,2,0,0,1,0
1338717,4,2023,2023,9,4,1,5,27,224,34609,0,1,1,-33.834081,151.254373,45,0,2,0,2,0,0,0,0,0,7,50,0,4552,5151,8,0,40,2,0,1,0,1
1338720,2,2023,2023,2,1,8,916,17,9,917,0,1,9,-32.708671,151.426012,42,1,0,0,3,0,0,0,2,0,15,90,2,2852,2852,4,10,0,2,0,0,1,0
1338721,1,2023,2023,2,2,10,1,31,117,34609,0,1,1,-28.174743,153.537009,72,2,1,1,3,0,2,6,3,0,7,50,0,489,489,5,22,40,1,0,0,0,1
1338724,1,2023,2023,10,4,5,1,2,121,34609,0,1,1,-28.19998,153.543229,72,2,1,1,1,0,0,0,2,0,7,50,0,1981,1981,4,5,5,2,0,0,0,1
1338729,1,2023,2023,11,0,9,100,27,140,100,0,1,9,-33.79697,150.853369,7,0,2,1,2,0,0,0,3,2,7,70,2,1669,1669,3,8,5,2,0,0,0,2
1338734,2,2023,2023,9,1,11,76,24,164,154,0,1,10,-33.724217,150.888979,7,0,2,0,2,0,0,3,0,2,7,70,1,4552,5151,8,5,40,1,0,0,1,0
1338736,2,2023,2023,11,1,6,29,31,609,48,0,1,10,-33.771977,150.891949,7,0,2,1,0,0,0,0,2,2,7,60,1,83,83,1,0,19,2,0,0,1,0
1338739,4,2023,2023,1,0,7,10,10,49,34609,0,1,1,-33.915465,150.854069,41,0,2,1,0,0,0,0,2,0,7,50,0,340,340,9,0,28,2,0,1,0,0
1338743,4,2023,2023,9,5,3,866,17,157,793,0,1,2,-33.792829,151.007977,54,0,2,0,0,0,0,0,2,0,7,90,2,14295,14295,3,5,0,3,0,1,0,1
1338745,2,2023,2023,1,2,6,81,17,10,100,0,1,9,-34.430565,150.482945,78,2,1,1,0,0,0,0,2,2,7,80,2,14295,14295,3,10,0,2,0,0,1,0
1338751,4,2023,2023,9,0,6,4,31,62,34609,0,1,1,-32.922411,151.630901,37,0,2,1,1,0,0,0,2,0,7,50,0,9859,9859,1,0,19,2,0,1,0,0
1338752,4,2023,2023,2,5,4,1,27,24,34609,0,1,1,-29.636097,153.214627,18,1,0,0,0,2,0,0,2,0,7,100,0,1259,5151,8,10,40,1,0,1,0,0