Crash ID,Degree of crash - detailed,Reporting year,Year of crash,Month of crash,Day of week of crash,Two-hour intervals,Street of crash,Street type,Town,Route no.,School zone location,School zone active,Type of location,Latitude,Longitude,LGA,Urbanisation,Conurbation 1,Alignment,Street lighting,Road surface,Surface condition,Weather,Natural lighting,Signals operation,Other traffic control,Speed limit,Road classification,RUM - code,DCA - code,First impact type,Key TU type,Other TU type,No. of traffic units involved,No. killed,No. seriously injured,No. moderately injured,No. minor-other injured
1338753,1,2023,2023,9,4,6,120,34,4,34609,0,1,1,-35.251679,148.76175,82,1,0,0,0,2,0,0,2,0,7,100,0,1850,1463,5,16,40,1,0,0,0,1
1338754,1,2023,2023,11,4,3,8,31,137,54,0,1,10,-34.030162,151.063573,68,0,2,1,3,0,0,0,2,0,15,70,2,256,256,4,10,5,2,0,0,0,1
1338755,2,2023,2023,2,1,6,44,1,126,22,0,1,10,-33.930246,150.812613,41,0,2,1,0,0,0,0,2,0,0,60,1,6545,6545,4,0,0,2,0,0,1,0
1338759,1,2023,2023,2,4,3,17,27,4,62,0,1,1,-35.828862,147.906257,66,1,0,0,0,0,0,0,2,0,7,100,2,1259,5151,8,5,40,1,0,0,0,1
1338763,2,2023,2023,2,5,6,1,27,10,34609,0,1,1,-33.50146,150.768562,29,2,2,0,3,2,0,0,2,0,7,60,0,782,957,5,10,40,1,0,0,1,0
1338766,4,2023,2023,2,1,6,866,27,247,34609,0,1,1,-33.823986,150.94879,21,0,2,1,1,0,0,0,2,0,7,50,0,9859,9859,8,5,40,1,0,1,0,0
1338767,4,2023,2023,10,3,5,127,27,59,103,0,1,9,-32.886815,151.720965,48,0,2,1,1,0,0,0,2,2,7,60,1,1669,1669,3,0,0,2,0,1,1,0
1338768,2,2023,2023,2,5,7,512,17,9,441,0,1,1,-33.408052,149.495667,3,1,0,0,0,0,0,0,2,0,7,100,2,3775,3775,0,5,35,2,0,0,1,0
1338769,1,2023,2023,9,0,8,2126,17,44,2149,0,1,2,-33.76654,150.635,8,2,2,0,3,0,0,0,2,0,7,70,2,14295,14295,3,10,0,2,0,0,0,1
1338773,4,2023,2023,10,2,5,55,27,112,70,0,1,9,-33.70559,151.02594,31,0,2,1,1,0,0,0,2,2,7,60,2,2852,2852,4,0,5,2,0,1,0,0
1338776,2,2023,2023,11,0,6,55,10,112,47,0,1,9,-33.439263,151.429008,16,2,2,1,1,0,0,0,2,2,7,60,2,2852,2852,4,5,5,2,0,0,1,0
1338778,4,2023,2023,9,0,8,1104,14,140,962,0,1,3,-33.796036,150.847602,7,0,2,1,0,0,0,0,2,0,7,100,2,1383,1383,1,5,0,3,0,1,0,0
1338779,2,2023,2023,9,4,11,37,1,96,212,0,1,10,-35.356989,149.22297,58,2,1,1,2,0,3,4,0,2,7,60,2,5929,5929,1,5,5,2,0,0,2,1
1338782,2,2023,2023,11,4,6,44,1,273,18,0,1,1,-34.431647,150.886146,80,0,2,1,1,0,0,3,2,0,7,50,1,4026,4026,1,5,0,2,0,0,1,0
1338785,1,2023,2023,9,4,8,31,31,73,19,0,1,10,-33.872607,151.217578,69,0,2,1,1,0,0,0,2,2,7,50,2,945,945,5,15,40,1,0,0,0,1
1338788,2,2023,2023,2,4,7,161,17,11,161,0,1,1,-35.880442,148.497301,65,2,1,0,3,0,3,4,2,0,7,80,2,1850,1463,5,16,40,1,0,0,2,0
1338790,4,2023,2023,2,3,5,1,33,1,34609,0,1,1,-32.940515,150.950455,64,1,0,0,0,2,0,0,2,0,7,100,0,1850,1463,5,16,40,1,0,1,0,0
1338791,2,2023,2023,2,5,5,12,31,9,34609,0,1,9,-29.464865,153.216617,18,2,1,1,1,0,0,0,2,0,0,50,0,782,985,5,15,40,1,0,0,1,0
1338793,4,2023,2023,10,1,8,2126,17,90,2149,0,1,1,-33.69219,150.290959,8,2,2,0,3,0,3,4,2,0,7,70,2,3775,3775,0,0,12,2,0,1,0,0
1338795,2,2023,2023,9,0,7,7,31,107,34609,0,1,2,-29.689085,152.934013,18,2,1,1,1,0,0,0,2,0,7,40,0,4026,4026,8,5,40,2,0,0,1,0
1338799,1,2023,2023,9,0,6,81,27,609,115,0,1,1,-33.782897,150.900323,7,0,2,1,3,0,0,0,2,0,7,60,2,9859,9859,1,5,13,2,0,0,0,1
1338800,4,2023,2023,9,0,9,51,31,16,10,0,1,1,-33.744079,150.654916,55,0,2,1,1,0,0,0,2,0,7,50,1,1669,1669,3,10,5,3,0,1,0,0
1338801,2,2023,2023,10,1,8,5,31,60,34609,0,1,10,-33.640734,150.287862,8,2,2,1,1,0,0,0,2,0,0,50,0,6545,6545,4,0,27,2,0,0,1,0
1338809,1,2023,2023,9,4,6,1104,11,130,770,0,1,6,-33.872755,151.193457,69,0,2,0,3,0,0,3,2,0,7,40,2,1282,1282,1,5,5,2,0,0,0,1
1338810,2,2023,2023,9,2,3,485,27,232,769,0,1,10,-33.684133,150.916724,7,0,2,1,1,0,0,0,2,2,7,80,2,6545,6545,4,9,13,2,0,0,1,0
1338811,1,2023,2023,9,2,5,387,36,10,34609,0,1,1,-31.458451,151.264162,70,1,0,1,0,2,3,4,2,0,7,100,0,1945,1945,5,16,40,1,0,0,0,1
1338813,2,2023,2023,9,0,11,37,23,443,78,0,1,2,-33.907585,151.062943,15,0,2,1,3,0,0,0,0,0,7,60,2,9859,9859,8,10,40,1,0,0,1,0
1338816,2,2023,2023,2,1,4,65,31,609,115,0,1,2,-33.769653,150.903998,7,0,2,1,3,0,0,0,2,0,7,60,2,14295,14295,3,5,5,2,0,0,1,0
1338817,2,2023,2023,5,2,7,1,1,43,34609,0,1,1,-33.21716,151.518809,16,2,2,1,1,0,0,0,2,0,7,50,0,9859,9859,1,5,13,2,0,0,1,0
1338818,1,2023,2023,10,3,8,90,36,9,102,0,1,9,-34.492647,147.832503,20,1,0,1,0,0,0,0,2,0,0,100,2,3775,3775,0,5,0,2,0,0,0,3
1338819,2,2023,2023,9,4,2,3,27,1,34609,0,1,1,-30.017071,149.329106,51,1,0,1,0,0,0,0,1,0,7,100,0,1089,1089,7,10,40,1,0,0,1,0
1338821,2,2023,2023,1,3,0,1,10,45,34609,0,1,9,-33.804128,150.79889,55,0,2,1,2,0,3,0,0,0,7,50,0,489,489,8,5,40,1,0,0,1,0
1338824,4,2023,2023,9,2,8,114,27,21,65,0,1,1,-33.3506,151.159697,16,2,2,0,0,0,3,4,2,0,7,80,1,2585,4009,8,0,40,1,0,1,0,0
1338825,2,2023,2023,2,4,6,80,27,107,6,1,0,1,-33.28143,151.419877,16,2,2,1,0,0,0,0,2,0,7,50,0,1981,1981,4,5,0,2,0,0,1,0
1338827,2,2023,2023,10,0,6,165,31,363,34609,0,1,1,-33.813633,151.003912,54,0,2,1,0,0,0,0,2,0,7,40,0,144,144,1,5,27,2,0,0,1,0
1338831,4,2023,2023,10,1,8,1,27,22,34609,0,1,1,-31.135909,152.093589,51,1,0,0,0,0,0,0,2,0,7,100,0,1957,4009,8,10,40,1,0,1,0,0
1338834,4,2023,2023,6,5,6,86,27,8,65,0,1,1,-29.826085,152.891606,18,2,1,0,0,0,0,0,2,0,7,50,1,2585,4009,8,5,40,1,0,1,1,0
1338835,2,2023,2023,6,3,3,3371,17,27,3342,0,1,2,-30.187655,153.149868,19,1,0,1,1,0,0,3,2,0,7,110,2,9859,9859,8,22,40,1,0,0,1,0
1338843,1,2023,2023,2,6,3,15,27,127,154,0,1,7,-33.834443,150.873472,24,0,2,0,3,0,0,0,1,0,0,80,1,1850,1463,5,10,40,1,0,0,0,1
1338845,2,2023,2023,2,2,7,280,10,237,240,0,1,9,-33.876958,150.965672,24,0,2,1,3,0,0,0,2,2,7,60,2,2852,2852,4,0,5,2,0,0,1,0
1338846,1,2023,2023,2,6,8,137,14,24,70,0,1,2,-32.885576,151.59405,37,0,2,1,3,0,0,0,2,0,7,110,2,14295,14295,3,10,0,2,0,0,0,1
1338847,2,2023,2023,2,4,5,330,27,49,605,0,1,9,-33.712726,151.29729,50,0,2,1,3,0,3,4,2,2,7,60,2,5929,5929,1,9,0,5,0,0,1,0
1338853,1,2023,2023,2,6,7,2126,17,75,2149,0,1,2,-33.727111,150.393735,8,2,2,0,3,0,3,4,2,0,7,80,2,2585,4009,8,5,40,1,0,0,0,2
1338855,1,2023,2023,2,1,7,22,27,136,702,0,1,9,-33.862363,151.066651,67,0,2,1,3,0,0,0,2,0,15,60,2,14295,14295,3,0,41,2,0,0,0,1
1338856,1,2023,2023,9,4,3,5,27,52,34609,0,1,2,-33.700569,150.927308,7,0,2,1,3,0,3,0,1,0,7,50,0,1192,1192,1,5,13,2,0,0,0,1
1338859,1,2023,2023,2,2,6,72,27,72,56,0,1,9,-33.794452,151.065523,54,0,2,1,3,0,0,0,2,0,7,60,2,14295,14295,3,5,0,2,0,0,0,1
1338864,2,2023,2023,2,5,8,22,27,43,228,0,1,9,-33.596072,150.863197,29,2,2,1,3,0,0,0,2,0,7,80,2,14295,14295,3,10,0,3,0,0,1,0
1338865,1,2023,2023,2,3,9,1,27,30,34609,0,1,9,-34.357307,146.066199,28,1,0,1,3,2,0,6,3,0,7,100,0,945,945,5,5,40,1,0,0,0,2
1338866,1,2023,2023,2,1,8,143,31,123,181,0,1,9,-33.883777,151.222257,81,0,2,1,3,0,0,0,4,2,7,50,2,1192,1192,1,5,0,2,0,0,0,1
1338867,2,2023,2023,2,4,9,43,27,15,46,0,1,9,-28.296741,153.569395,72,2,1,0,3,0,3,4,3,2,7,60,1,5929,5929,1,0,5,2,0,0,1,0
1338875,1,2023,2023,2,5,10,3371,17,147,3342,0,1,9,-33.751009,151.147472,36,0,2,1,3,0,0,0,0,2,7,60,2,1109,397,1,0,5,2,0,0,0,1
1338879,2,2023,2023,9,4,3,308,14,104,311,0,1,10,-33.742854,150.943817,7,0,2,1,3,0,0,0,2,2,7,70,2,14295,14295,3,5,25,2,0,0,1,0
1338883,2,2023,2023,9,5,8,1104,14,247,962,0,1,3,-33.812894,150.949916,21,0,2,1,0,0,0,0,2,0,7,100,2,14295,14295,3,10,13,3,0,0,1,0
1338887,1,2023,2023,2,6,3,40,31,94,34609,0,1,9,-33.837977,151.04705,54,0,2,1,3,0,0,0,2,0,7,70,0,1391,1391,1,10,5,2,0,0,0,1
1338890,1,2023,2023,2,4,7,20,31,174,321,0,1,9,-33.893815,151.198741,69,0,2,1,3,0,0,0,2,0,7,50,2,1192,1192,1,16,36,2,0,0,0,1
1338892,1,2023,2023,9,2,7,6,31,35,34609,0,1,1,-30.44808,152.897528,6,2,1,0,3,0,0,0,2,0,7,50,0,14295,14295,3,5,0,2,0,0,0,1
1338899,2,2023,2023,2,6,8,134,10,363,133,0,1,2,-33.809344,151.023647,54,0,2,1,3,0,3,4,3,0,7,70,2,1945,1945,5,16,40,1,0,0,1,0
1338900,4,2023,2023,11,6,5,59,27,43,53,0,1,1,-34.191057,150.65077,79,1,2,1,0,0,0,0,2,0,7,100,1,77,77,1,16,40,1,0,1,0,0
1338906,2,2023,2023,2,6,7,42,27,33,56,0,1,2,-33.897687,151.242462,76,0,2,0,3,0,3,4,2,0,7,50,1,204,204,1,0,5,2,0,0,1,0
1338913,1,2023,2023,2,6,3,220,27,187,222,0,1,2,-33.790786,150.978848,54,0,2,1,3,0,3,4,2,0,7,80,2,14295,14295,3,5,5,2,0,0,0,1
1338917,2,2023,2023,2,6,5,12,31,78,103,0,1,7,-28.327547,153.395687,72,2,1,1,1,0,0,0,2,0,0,50,1,1383,1383,1,5,0,5,0,0,1,0
1338919,2,2023,2023,9,0,9,171,27,60,369,0,1,9,-34.036846,150.733753,12,0,2,1,2,0,0,0,3,2,7,60,2,5929,5929,1,0,5,3,0,0,1,0
1338922,2,2023,2023,2,4,5,84,27,58,415,0,1,2,-33.752031,151.144537,36,0,2,1,3,0,3,4,2,0,7,70,2,3775,3775,0,9,5,2,0,0,1,0
1338924,2,2023,2023,2,0,0,16,36,6,41,0,1,1,-34.829498,147.361235,51,1,0,1,3,0,0,0,0,0,7,100,1,9859,9859,8,5,40,1,0,0,1,0
1338927,2,2023,2023,2,4,4,23,27,45,144,0,1,9,-33.798308,150.803691,55,0,2,1,3,0,0,0,2,2,7,50,2,6545,6545,4,5,13,2,0,0,1,0
1338928,2,2023,2023,2,3,6,2126,17,125,2149,0,1,9,-33.864469,151.083488,67,0,2,1,3,0,0,0,2,2,7,60,2,5929,5929,1,5,19,2,0,0,1,1
1338930,1,2023,2023,2,6,8,32,27,78,28,0,1,9,-33.895403,150.789936,41,0,2,1,3,0,3,4,2,0,7,70,1,623,623,3,5,0,2,0,0,0,1
1338932,2,2023,2023,9,1,8,39,31,193,145,0,1,10,-33.794978,151.071879,61,0,2,1,3,0,0,0,3,0,15,60,2,6545,6545,4,0,5,2,0,0,1,0
1338934,1,2023,2023,2,6,7,12,1,309,34609,0,1,4,-33.812483,151.102893,61,0,2,1,3,0,0,0,2,0,7,50,0,14295,14295,3,5,5,2,0,0,0,1
1338936,4,2023,2023,9,0,6,15,31,169,34609,0,1,9,-28.642756,153.612212,10,2,1,1,3,0,0,0,2,0,7,50,0,2040,2040,9,5,28,2,0,1,0,0
1338941,1,2023,2023,2,0,7,6,27,24,34609,0,1,9,-33.396449,151.402501,16,2,2,1,3,0,3,0,2,0,15,50,0,14295,14295,3,5,5,2,0,0,0,1
1338943,1,2023,2023,9,1,3,229,14,98,237,0,1,3,-33.757439,151.055862,31,0,2,1,3,0,0,0,2,0,7,100,2,14295,14295,3,10,0,3,0,0,0,2
1338948,1,2023,2023,11,5,7,115,27,96,46,0,1,2,-34.227532,150.665333,79,2,2,0,3,0,3,0,2,0,7,80,2,14295,14295,3,8,13,2,0,0,0,1
1338950,2,2023,2023,2,0,4,334,17,41,308,0,1,7,-31.461996,152.819935,56,2,1,1,3,0,0,0,2,0,0,60,2,14295,14295,3,30,12,2,0,0,1,0
1338951,1,2023,2023,9,6,4,330,27,31,102,0,1,9,-33.775432,151.270691,50,0,2,0,3,0,3,4,2,2,7,50,2,14295,14295,3,0,0,2,0,0,0,1
1338954,2,2023,2023,2,5,11,26,27,188,17,0,1,1,-33.940373,151.098463,25,0,2,0,3,0,3,3,0,0,7,50,1,1981,1981,4,5,5,2,0,0,1,0
1338956,1,2023,2023,2,1,7,8,27,168,34609,0,1,7,-33.718432,150.84102,7,0,2,0,3,0,0,0,2,0,7,60,0,775,775,4,0,13,2,0,0,0,1
1338958,1,2023,2023,2,1,6,53,31,140,125,0,1,1,-33.900417,151.003394,15,0,2,1,3,0,0,0,2,0,7,60,1,14295,14295,3,5,5,2,0,0,0,1
1338959,2,2023,2023,2,2,5,1104,14,143,962,0,1,3,-33.868932,151.103712,9,0,2,1,3,0,0,0,2,0,7,80,2,4026,4026,8,5,40,1,0,0,1,0
1338960,4,2023,2023,2,5,7,12,27,278,34609,0,1,1,-33.785105,151.04384,54,0,2,1,1,0,0,0,2,0,7,50,0,220,220,8,5,40,1,0,1,0,0
1338961,1,2023,2023,9,5,4,230,27,175,284,0,1,9,-33.771231,151.088974,54,0,2,0,3,0,0,0,2,0,7,60,2,14295,14295,3,0,5,3,0,0,0,1
1338962,1,2023,2023,9,1,7,829,27,363,770,0,1,9,-33.808548,151.017479,54,0,2,1,3,0,0,0,2,0,7,60,2,312,312,2,19,40,1,0,0,0,1
1338963,4,2023,2023,10,4,10,14,27,3,34609,0,1,1,-34.047168,150.670483,12,0,2,1,2,0,0,0,0,0,7,60,0,4026,4026,8,10,40,1,0,1,0,0
1338964,2,2023,2023,2,4,9,29,1,126,34609,0,1,10,-33.937974,150.80467,41,0,2,1,3,0,0,0,2,0,0,60,0,6545,6545,4,5,0,2,0,0,2,0
1338965,2,2023,2023,9,4,5,105,17,22,34609,0,1,10,-33.828597,150.916497,21,0,2,1,3,0,0,0,2,2,7,60,0,14295,14295,3,8,0,2,0,0,1,0
1338967,1,2023,2023,2,3,8,82,27,108,34609,0,1,9,-33.808748,151.184545,77,0,2,1,3,0,3,0,2,2,7,50,0,14295,14295,3,5,0,2,0,0,0,1
1338970,1,2023,2023,9,4,8,161,17,55,161,0,1,1,-36.240683,149.085221,65,1,0,1,3,0,0,0,2,0,7,100,2,77,77,1,16,40,1,0,0,0,1
1338971,2,2023,2023,2,6,6,2261,17,443,2252,0,1,9,-33.886759,151.064301,15,0,2,0,3,0,0,0,2,0,7,70,2,14295,14295,3,5,10,3,0,0,1,1
1338975,2,2023,2023,2,5,8,175,27,21,220,0,1,9,-33.738343,150.917862,7,0,2,1,1,0,0,0,2,2,7,70,2,2852,2852,4,5,0,2,0,0,1,0
1338979,2,2023,2023,2,5,6,26,27,189,34609,0,1,1,-33.951121,151.044914,25,0,2,1,3,0,0,0,2,0,7,50,0,1945,1945,5,5,40,1,0,0,1,0
1338984,2,2023,2023,2,6,7,149,10,346,702,0,1,2,-33.875788,151.067258,67,0,2,1,3,0,0,0,2,0,7,80,2,14295,14295,3,0,0,3,0,0,1,0
1338985,2,2023,2023,2,4,5,31,31,562,34609,0,1,1,-32.263275,148.615885,22,2,1,1,3,0,0,0,2,0,7,50,0,1981,1981,4,10,5,2,0,0,1,0
1338987,1,2023,2023,2,5,2,251,27,115,212,0,1,10,-33.752622,151.234373,50,0,2,1,3,0,0,0,0,2,7,70,2,1282,1282,1,33,5,3,0,0,0,1
1338988,1,2023,2023,2,4,10,103,27,17,256,0,1,1,-34.166149,150.789479,13,0,2,0,3,0,0,0,0,0,7,80,2,1089,1089,7,10,40,1,0,0,0,1
1338994,1,2023,2023,2,4,3,3,27,161,34609,0,1,9,-33.731967,151.16938,36,0,2,1,3,0,3,4,1,0,7,50,0,2852,2852,4,0,5,2,0,0,0,1
1338995,2,2023,2023,10,0,8,171,27,113,369,0,1,2,-33.805902,150.695995,55,0,2,1,3,0,0,0,2,0,7,80,2,14295,14295,3,10,0,2,0,0,1,0
1338996,4,2023,2023,10,6,4,2209,17,115,2205,0,1,10,-33.91557,151.174624,32,0,2,1,3,0,3,4,2,2,7,60,2,1850,777,5,15,40,1,0,1,0,0
1338998,2,2023,2023,11,4,5,21,27,36,34609,0,1,1,-34.396769,150.849499,80,0,2,1,3,0,0,0,2,0,7,60,0,3775,3775,0,0,0,2,0,0,1,0
1338999,2,2023,2023,2,3,6,18,1,112,34609,0,1,9,-33.906701,151.210664,69,0,2,1,3,0,0,0,2,0,7,40,0,5929,5929,1,5,18,2,0,0,1,0
1339000,4,2023,2023,2,3,2,308,14,55,311,0,1,3,-33.737505,150.912341,7,0,2,1,3,0,0,0,0,0,7,100,2,14295,14295,3,5,0,2,0,1,0,0
1339002,1,2023,2023,2,6,4,4,27,43,34609,0,1,1,-33.584908,150.889084,29,2,2,0,3,0,3,4,2,0,7,70,0,4552,5151,8,5,40,1,0,0,0,1
1339007,2,2023,2023,2,5,8,2126,17,84,2149,0,1,9,-33.817183,150.981024,21,0,2,1,3,0,0,0,2,2,7,60,2,775,775,4,5,5,2,0,0,1,0
1339008,4,2023,2023,2,6,8,1,1,323,34609,0,1,1,-33.762813,150.960605,71,0,2,0,3,0,0,0,2,0,7,50,0,214,214,9,10,28,2,0,1,0,0
1339014,1,2023,2023,2,6,5,117,1,115,121,0,1,1,-34.036333,151.074775,68,0,2,1,3,0,0,0,2,0,7,60,1,1282,1282,1,9,0,2,0,0,0,1
1339015,1,2023,2023,2,6,9,18,1,143,115,1,0,9,-33.705721,151.101653,31,0,2,1,3,0,3,4,3,2,7,50,1,2852,2852,4,0,5,2,0,0,0,1
1339016,1,2023,2023,2,2,8,192,31,316,120,1,0,1,-33.914188,151.241814,59,0,2,1,3,0,0,0,2,0,7,50,2,14295,14295,3,5,5,2,0,0,0,1
1339018,2,2023,2023,2,6,5,1,31,25,34609,0,1,1,-31.708046,148.658991,51,2,1,1,3,0,0,3,2,0,7,50,0,941,941,1,34,5,2,0,0,2,0
1339023,2,2023,2023,2,6,11,30,10,19,30,0,1,1,-33.299078,151.235021,16,2,2,0,3,0,0,0,0,0,7,60,1,4552,5151,8,5,40,1,0,0,1,0
1339024,1,2023,2023,9,3,3,98,27,294,198,0,1,2,-33.927708,150.930052,41,0,2,1,3,0,3,4,1,0,7,60,2,14295,14295,3,10,41,3,0,0,0,1
1339026,1,2023,2023,2,2,9,125,27,155,75,0,1,10,-33.493003,151.316576,16,2,2,1,3,0,0,0,3,0,0,60,1,6545,6545,4,0,5,2,0,0,0,1
1339028,1,2023,2023,2,5,5,866,17,314,793,0,1,10,-33.853544,150.940641,24,0,2,0,3,0,0,0,2,2,7,70,2,623,623,3,9,0,2,0,0,0,1
1339030,2,2023,2023,2,6,3,255,27,20,76,0,1,1,-32.935947,151.673043,37,0,2,0,3,0,3,4,1,0,7,60,1,1981,1981,4,5,5,2,0,0,1,0
1339035,1,2023,2023,2,1,8,20,31,387,13,0,1,10,-33.923861,151.183899,4,0,2,1,3,0,0,0,2,2,7,50,2,14295,14295,3,16,5,2,0,0,0,1
1339037,4,2023,2023,2,6,4,8,10,107,34609,1,0,1,-33.273245,151.426033,16,2,2,1,3,0,3,4,2,0,7,50,0,9859,9859,1,0,0,2,0,1,0,0
1339038,1,2023,2023,2,3,9,4,27,155,34609,0,1,1,-33.498704,151.316464,16,2,2,1,3,0,3,0,2,0,7,50,0,5929,5929,1,10,5,2,0,0,0,1
1339042,1,2023,2023,2,2,6,19,27,147,8,1,0,1,-33.746665,151.286225,50,0,2,1,3,0,0,0,2,0,7,50,1,14295,14295,3,5,0,2,0,0,0,2
1339045,1,2023,2023,2,0,6,143,31,123,181,0,1,2,-33.884174,151.223282,81,0,2,1,3,0,0,0,2,0,7,50,2,14295,14295,3,5,0,2,0,0,0,1
1339047,1,2023,2023,2,6,5,114,27,118,34609,0,1,10,-33.381441,151.287671,16,2,2,0,3,0,3,4,2,0,7,70,0,4552,5151,8,10,40,1,0,0,0,1
1339050,2,2023,2023,2,6,5,1104,14,9,962,0,1,3,-33.756845,150.647438,55,0,2,1,3,0,3,4,2,0,7,90,2,14295,14295,3,0,0,3,0,0,1,1
1339053,1,2023,2023,2,1,7,11,31,94,40,0,1,2,-33.831168,151.053525,54,0,2,1,3,0,0,0,2,0,7,60,1,14295,14295,3,10,5,2,0,0,0,1
1339054,1,2023,2023,2,0,9,230,27,197,284,0,1,2,-33.793183,151.132772,61,0,2,1,3,0,0,0,3,0,7,70,2,14295,14295,3,5,0,2,0,0,0,2
1339056,1,2023,2023,9,6,8,3,27,45,34609,0,1,10,-34.29108,150.58225,79,2,2,1,3,0,3,0,2,0,0,50,0,5929,5929,1,21,13,2,0,0,0,1
1339062,1,2023,2023,2,0,9,125,27,46,123,0,1,7,-33.30588,151.409031,16,2,2,1,3,0,0,0,3,0,0,70,2,1391,1391,1,0,5,2,0,0,0,1
1339063,1,2023,2023,2,5,8,23,31,33,23,0,1,10,-33.895522,151.246658,76,0,2,1,3,0,0,0,2,2,7,50,1,623,623,3,5,0,2,0,0,0,1
1339064,2,2023,2023,2,2,3,4,31,316,34609,1,0,1,-33.915252,151.241804,59,0,2,1,3,0,0,0,2,0,7,50,0,1109,397,1,5,13,2,0,0,1,0
1339065,2,2023,2023,2,6,7,916,17,19,917,0,1,1,-30.653508,151.490204,51,1,0,1,3,0,3,4,2,0,7,100,2,9859,9859,8,9,40,1,0,0,1,0
1339067,1,2023,2023,9,2,4,67,27,30,78,0,1,9,-33.859791,151.142013,14,0,2,1,3,0,0,0,2,0,0,50,2,1391,1391,1,5,13,2,0,0,0,1
1339070,1,2023,2023,9,5,8,41,27,102,24,0,1,9,-33.959331,151.221742,59,0,2,1,2,0,0,0,2,2,7,50,2,14295,14295,3,5,5,2,0,0,0,1
1339072,2,2023,2023,2,5,5,2,27,67,34609,0,1,9,-33.66071,150.91217,71,0,2,1,3,0,0,0,2,0,0,50,0,5929,5929,1,0,36,2,0,0,1,0
1339073,2,2023,2023,9,6,6,2,2,63,34609,0,1,1,-33.261757,151.470262,16,2,2,0,0,0,0,0,2,0,7,50,0,4552,5151,1,34,5,2,0,0,1,0
1339077,4,2023,2023,2,2,3,3371,17,37,3342,0,1,9,-33.011381,151.678186,37,0,2,0,3,0,0,0,2,0,0,80,2,2852,2852,4,5,13,2,0,1,0,0
1339078,2,2023,2023,2,4,5,117,1,58,121,0,1,2,-34.04172,151.112324,68,0,2,1,3,0,3,3,2,0,7,60,1,14295,14295,3,10,5,3,0,0,1,0
1339079,2,2023,2023,9,6,3,229,14,108,237,0,1,3,-33.81341,151.184101,77,0,2,1,3,0,0,0,2,0,7,80,2,14295,14295,3,5,0,2,0,0,1,0
1339081,1,2023,2023,2,0,10,2126,17,136,2149,0,1,9,-33.859571,151.072078,67,0,2,1,3,0,0,0,0,0,6,60,2,14295,14295,3,0,19,3,0,0,0,1
1339085,2,2023,2023,2,0,4,475,10,100,268,0,1,9,-33.890543,150.88489,24,0,2,1,3,0,0,0,2,2,7,70,2,14295,14295,3,5,0,2,0,0,1,0
1339088,2,2023,2023,2,5,7,3,10,108,34609,0,1,1,-33.314942,151.420426,16,2,2,1,3,0,0,0,2,0,7,50,0,1981,1981,4,5,5,2,0,0,1,0
1339090,2,2023,2023,2,6,6,485,27,40,769,0,1,1,-33.723232,150.970269,71,0,2,1,3,0,0,0,2,0,7,60,2,14295,14295,3,5,0,2,0,0,1,0
1339091,2,2023,2023,9,1,10,2126,17,363,2149,1,0,9,-33.818403,150.994473,54,0,2,1,3,0,0,0,0,0,2,60,2,14295,14295,3,5,36,3,0,0,1,0
1339093,1,2023,2023,2,1,9,475,10,523,268,0,1,10,-33.915278,150.909701,41,0,2,1,3,0,0,0,2,2,7,70,2,14295,14295,3,0,5,2,0,0,0,3
1339095,2,2023,2023,2,4,8,16,27,10,17,0,1,1,-35.014343,149.10095,82,1,0,1,3,0,0,0,2,0,7,100,1,9859,9859,8,0,40,1,0,0,1,0
1339099,1,2023,2023,10,6,8,113,27,113,111,0,1,9,-33.785276,150.770835,55,0,2,1,3,0,3,0,2,2,7,60,2,1669,1669,3,5,0,2,0,0,0,1
1339102,2,2023,2023,2,2,5,1,27,8,34609,0,1,1,-32.972216,148.655047,11,1,0,0,3,0,0,0,2,0,7,100,0,4552,5151,8,0,40,1,0,0,1,0
1339104,1,2023,2023,9,5,7,171,31,50,34609,0,1,10,-34.342383,150.905267,80,0,2,1,3,0,0,0,2,2,7,60,0,1669,1669,3,5,0,2,0,0,0,2
1339105,4,2023,2023,9,5,7,21,10,40,34609,0,1,2,-34.02068,150.762791,12,0,2,1,3,0,0,0,2,0,7,60,0,9859,9859,8,5,40,1,0,1,0,0
1339106,1,2023,2023,2,5,5,387,36,115,69,0,1,9,-33.749453,151.224767,50,0,2,1,3,0,0,0,2,0,0,70,2,5929,5929,1,0,36,2,0,0,0,1
1339110,4,2023,2023,2,4,7,15,31,55,34609,0,1,9,-33.882357,151.278368,76,0,2,1,3,0,0,3,2,0,7,50,0,9859,9859,8,16,40,1,0,1,0,0
1339113,1,2023,2023,2,5,6,2126,17,127,2149,0,1,9,-33.888274,151.157627,32,0,2,1,3,0,0,0,2,2,7,60,2,14295,14295,3,5,0,2,0,0,0,1
1339116,2,2023,2023,10,1,5,55,36,22,35,0,1,9,-32.857419,149.969413,44,2,1,1,3,0,0,0,2,0,7,50,1,1945,1945,5,16,40,1,0,0,1,0
1339120,1,2023,2023,2,6,5,251,27,147,212,0,1,9,-33.757624,151.277792,50,0,2,1,3,0,3,0,2,0,15,60,2,14295,14295,3,10,5,2,0,0,0,1
1339122,2,2023,2023,2,0,9,38,27,32,35,0,1,1,-34.608728,150.788001,35,2,1,1,3,0,0,0,2,0,7,80,1,945,945,5,10,40,1,0,0,1,0
1339125,2,2023,2023,2,3,9,87,31,143,34609,0,1,1,-33.70004,151.102751,31,0,2,1,3,0,0,0,2,0,7,50,0,9859,9859,1,5,13,3,0,0,1,0