Crash ID,Degree of crash - detailed,Reporting year,Year of crash,Month of crash,Day of week of crash,Two-hour intervals,Street of crash,Street type,Town,Route no.,School zone location,School zone active,Type of location,Latitude,Longitude,LGA,Urbanisation,Conurbation 1,Alignment,Street lighting,Road surface,Surface condition,Weather,Natural lighting,Signals operation,Other traffic control,Speed limit,Road classification,RUM - code,DCA - code,First impact type,Key TU type,Other TU type,No. of traffic units involved,No. killed,No. seriously injured,No. moderately injured,No. minor-other injured
1339127,2,2023,2023,2,1,7,48,31,314,34609,0,1,7,-33.856763,150.921155,24,0,2,1,3,0,0,0,2,0,0,50,0,1282,1282,1,5,12,2,0,0,1,0
1339129,1,2023,2023,2,2,5,224,27,26,321,0,1,9,-33.911891,151.201758,69,0,2,1,3,0,0,0,2,0,7,50,2,5929,5929,1,0,19,2,0,0,0,1
1339130,2,2023,2023,2,3,0,12,10,89,34609,0,1,1,-28.213614,153.536975,72,2,1,1,3,0,3,4,0,0,7,50,0,9859,9859,8,5,40,1,0,0,1,0
1339133,1,2023,2023,2,3,4,6,27,169,147,0,1,1,-28.660132,153.615292,10,2,1,1,3,0,0,0,2,0,7,50,1,14295,14295,3,0,5,2,0,0,0,1
1339135,4,2023,2023,2,1,10,81,17,35,34609,0,1,1,-34.352116,150.551796,78,1,0,1,3,0,0,0,0,0,7,100,0,1089,1089,7,16,40,1,0,1,0,0
1339142,1,2023,2023,2,1,11,2209,17,166,2205,0,1,9,-33.892919,151.185036,69,0,2,1,3,0,0,0,0,3,7,40,2,14295,14295,3,5,5,2,0,0,0,1
1339143,2,2023,2023,2,4,3,1,31,79,34609,0,1,10,-34.910202,150.615799,63,2,1,1,3,0,0,0,1,0,0,60,0,9859,9859,8,5,40,1,0,0,1,0
1339145,2,2023,2023,9,1,6,43,31,136,117,0,1,1,-32.919002,151.70322,48,0,2,0,3,0,0,3,2,0,7,60,2,4552,5151,1,5,0,3,0,0,1,0
1339146,4,2023,2023,2,0,7,2,31,79,34609,0,1,1,-34.005619,150.729822,12,0,2,1,1,0,0,0,2,0,7,50,0,1109,397,1,5,5,2,0,1,0,0
1339148,1,2023,2023,2,6,3,103,27,94,563,0,1,10,-33.830176,151.049572,54,0,2,1,3,0,0,0,2,2,7,70,2,6545,6545,4,0,0,2,0,0,0,1
1339149,1,2023,2023,2,1,8,230,27,197,284,0,1,2,-33.785782,151.120887,61,0,2,1,3,0,0,0,2,0,7,70,2,14295,14295,3,5,5,2,0,0,0,1
1339152,2,2023,2023,5,4,4,1,1,161,34609,0,1,1,-33.726932,151.157224,36,0,2,1,0,0,0,0,2,0,7,50,0,2040,2040,9,5,28,2,0,0,1,0
1339153,4,2023,2023,5,3,10,1,18,4,34609,0,1,1,-34.279741,148.232594,30,1,0,0,0,2,0,0,0,0,7,100,0,2585,4009,8,10,40,1,0,1,1,0
1339154,1,2023,2023,5,4,1,2261,17,10,2252,0,1,2,-34.815949,149.428789,74,1,0,0,0,0,0,1,0,0,7,110,2,1957,4009,8,3,40,1,0,0,0,1
1339155,4,2023,2023,5,0,2,283,27,145,702,0,1,2,-33.918052,151.065652,15,0,2,1,2,0,0,0,0,0,7,60,2,9859,9859,8,5,40,1,0,1,1,0
1339156,4,2023,2023,1,4,7,205,27,50,415,0,1,1,-33.68572,151.248172,50,0,2,0,1,0,0,0,2,0,7,60,2,3775,3775,0,10,5,3,0,2,1,0
1339157,4,2023,2023,5,1,10,102,31,107,53,0,1,9,-33.883471,151.198262,69,0,2,1,2,0,3,3,0,0,0,50,2,395,395,1,5,19,2,0,1,0,0
1339158,2,2023,2023,1,4,3,15,31,84,34609,0,1,1,-33.897775,151.274277,76,0,2,1,1,0,0,0,2,0,7,50,0,9859,9859,1,9,13,8,0,0,1,1
1339159,2,2023,2023,1,3,8,30,31,76,34609,0,1,9,-34.553851,150.371252,78,2,1,1,1,0,0,0,2,0,15,50,0,2585,777,8,0,40,1,0,0,1,0
1339160,2,2023,2023,5,1,9,14,27,13,34609,0,1,1,-33.411991,149.028385,11,1,0,1,0,0,0,0,0,0,7,100,0,1669,1669,3,10,0,2,0,0,1,0
1339162,4,2023,2023,1,5,9,3,27,2,34609,0,1,1,-34.051535,141.279901,51,1,0,1,0,2,0,0,3,0,7,100,0,4026,4026,8,30,40,1,0,1,0,1
1339163,4,2023,2023,1,4,8,48,27,70,166,0,1,1,-33.254793,151.503058,16,2,2,1,0,0,0,0,2,0,7,50,2,9859,9859,8,0,40,1,0,1,0,0
1339164,4,2023,2023,1,0,3,25,31,127,30,0,1,9,-33.894907,151.157124,32,0,2,1,1,0,0,0,2,0,7,60,1,591,591,1,22,13,2,0,1,0,0
1339166,4,2023,2023,1,3,4,346,17,4,332,0,1,1,-28.92529,152.315744,51,2,1,0,0,0,0,0,2,0,7,60,2,1259,5151,8,5,40,1,0,1,0,0
1339167,4,2023,2023,1,0,0,220,27,69,222,0,1,9,-33.777981,150.964175,7,0,2,1,2,0,0,0,0,0,7,80,2,4026,4026,8,5,40,1,0,1,0,0
1339168,2,2023,2023,1,0,3,2126,17,73,2149,0,1,10,-33.887964,151.16771,32,0,2,1,1,0,0,0,2,3,7,60,2,14295,14295,3,10,12,3,0,0,1,0
1339169,4,2023,2023,1,0,8,225,17,85,180,0,1,1,-34.571297,150.768258,62,0,2,1,0,0,0,0,2,0,7,60,2,3775,3775,0,5,5,2,0,1,2,1
1339170,2,2023,2023,1,1,8,7,27,187,34609,0,1,1,-33.875213,150.983446,15,0,2,1,1,0,3,4,2,0,7,50,0,4026,4026,8,5,40,1,0,0,1,0
1339172,2,2023,2023,1,1,7,35,27,62,96,0,1,10,-33.893044,151.145913,32,0,2,1,1,0,0,0,2,2,7,50,2,515,515,1,0,5,3,0,0,1,0
1339174,4,2023,2023,1,0,5,204,31,119,34609,0,1,9,-32.763966,151.74843,57,2,1,1,0,0,0,0,2,0,0,50,0,2852,2852,4,5,5,2,0,1,1,0
1339177,4,2023,2023,1,1,0,1,1,29,34609,0,1,1,-35.140934,147.336711,75,2,1,1,2,0,0,0,0,0,7,50,0,1945,1945,5,16,40,1,0,1,0,0
1339181,4,2023,2023,1,5,4,16,27,11,34609,0,1,1,-33.800354,151.218015,77,0,2,1,0,0,3,0,2,0,7,50,0,1109,787,1,5,27,2,0,1,0,0
1339182,2,2023,2023,1,4,7,23,1,179,70,0,1,9,-31.907036,152.471292,43,2,1,1,2,0,0,0,2,0,7,60,1,14295,14295,3,0,0,2,0,0,1,0
1339186,4,2023,2023,1,5,2,19,27,137,49,1,0,1,-33.897828,150.900682,24,0,2,1,2,0,0,0,1,0,7,50,1,5929,5929,1,5,19,2,0,1,0,0
1339188,4,2023,2023,1,4,9,1,27,73,34609,0,1,1,-33.725528,150.714241,55,0,2,0,2,0,0,0,0,0,7,50,0,4552,5151,8,0,40,1,0,2,0,0
1339189,2,2023,2023,1,5,9,2,7,85,34609,1,0,9,-33.89939,150.867158,41,0,2,1,2,0,0,0,0,0,7,50,0,9859,9859,1,0,40,3,0,0,1,0
1339191,4,2023,2023,1,0,6,15,27,8,33,0,1,1,-34.289766,149.950689,74,2,1,1,0,0,3,3,2,0,7,60,1,1945,1945,5,16,40,1,0,1,0,0
1339194,2,2023,2023,11,6,10,3371,17,57,3342,0,1,2,-32.989526,151.691068,37,0,2,1,2,0,0,0,0,0,7,60,2,1192,1192,1,0,12,2,0,0,1,0
1339196,2,2023,2023,1,5,7,229,14,323,237,0,1,3,-33.767135,151.003553,54,0,2,1,0,0,0,0,2,0,7,100,2,1192,1192,1,16,13,2,0,0,1,0
1339198,2,2023,2023,1,1,10,137,14,55,70,0,1,3,-32.853391,151.547195,17,1,0,0,2,0,0,0,0,0,7,110,2,14295,14295,3,5,5,2,0,0,2,0
1339199,4,2023,2023,11,1,9,1,27,3,34609,0,1,1,-35.712287,144.480266,51,1,0,1,0,2,0,3,3,0,7,100,0,14295,14295,3,33,27,2,0,1,0,0
1339200,2,2023,2023,11,6,8,33,27,33,154,0,1,2,-33.7698,150.871882,7,0,2,0,1,0,0,0,2,0,7,60,1,3775,3775,0,5,5,2,0,0,1,0
1339201,4,2023,2023,1,4,7,82,31,179,369,0,1,10,-33.762302,150.710422,55,0,2,1,1,0,0,0,2,0,15,70,2,5929,5929,1,10,5,2,0,1,0,0
1339203,2,2023,2023,1,0,9,191,17,8,189,0,1,9,-32.555279,151.015895,64,1,0,0,0,0,0,6,0,0,0,100,2,6545,6545,4,34,0,2,0,0,1,0
1339205,1,2023,2023,1,5,11,2261,17,49,2252,0,1,2,-34.735258,149.831251,26,1,0,1,0,0,3,4,0,0,7,110,2,9859,9859,8,9,40,1,0,0,0,2
1339206,4,2023,2023,11,0,8,6,27,3,34609,0,1,1,-34.540184,147.676907,51,1,0,1,0,0,0,0,3,0,7,100,0,9859,9859,8,34,40,1,0,1,0,0
1339207,2,2023,2023,11,6,7,344,27,88,163,0,1,9,-33.733981,150.849655,7,0,2,1,0,0,0,0,2,2,7,70,2,14295,14295,3,5,13,2,0,0,1,0
1339208,4,2023,2023,11,4,11,90,36,49,102,0,1,1,-34.451684,147.597894,51,1,0,1,0,0,0,0,0,0,7,100,2,3775,3775,0,9,35,2,0,1,0,0
1339210,4,2023,2023,11,4,9,2,27,17,34609,0,1,1,-35.59018,147.04076,27,1,0,1,0,2,0,0,0,0,7,100,0,9859,9859,8,5,40,1,0,1,0,0
1339212,2,2023,2023,11,4,8,1,31,24,34609,0,1,9,-33.908958,150.884219,41,0,2,1,1,0,0,0,2,0,7,50,0,1669,1669,3,16,13,2,0,0,1,0
1339214,2,2023,2023,1,5,7,22,27,173,34609,0,1,0,-33.875889,151.221672,69,0,2,1,0,0,0,0,2,0,7,40,0,4026,4026,8,5,40,1,0,0,1,0
1339215,2,2023,2023,1,1,8,60,27,237,34609,0,1,9,-33.873597,150.954315,24,0,2,1,0,0,0,0,3,0,0,40,0,591,591,1,18,5,2,0,0,1,0
1339224,1,2023,2023,1,6,7,3371,17,10,3342,0,1,2,-31.37092,152.80126,56,1,0,0,0,0,0,0,2,0,7,110,2,4552,5151,8,0,40,1,0,0,0,1
1339225,2,2023,2023,11,3,5,61,10,160,34609,0,1,9,-33.09726,151.472686,37,0,2,1,0,0,0,0,2,0,0,60,0,256,256,4,16,10,2,0,0,1,0
1339227,4,2023,2023,1,6,3,39,36,11,79,0,1,9,-33.783802,151.199289,77,0,2,1,1,0,0,0,2,0,0,60,2,14295,14295,3,5,22,2,0,1,1,0
1339229,4,2023,2023,11,6,5,1,27,1,34609,0,1,1,-28.552293,152.535218,51,1,0,0,0,2,0,0,2,0,7,100,0,3775,3775,0,10,19,2,0,1,0,0
1339230,2,2023,2023,1,4,4,1104,14,41,962,0,1,3,-33.826876,151.012496,54,0,2,0,1,0,0,0,2,0,7,90,2,1192,1192,1,8,10,3,0,0,1,0
1339231,2,2023,2023,11,2,4,1,27,2,34609,0,1,1,-28.427002,152.981965,51,1,0,1,0,2,0,0,2,0,7,100,0,1192,1192,1,10,19,2,0,0,1,0
1339234,2,2023,2023,11,0,10,3,31,90,34609,0,1,1,-33.71479,150.319293,8,2,2,1,2,0,0,0,0,0,15,50,0,3775,3775,0,0,5,2,0,0,1,0
1339235,2,2023,2023,5,1,2,150,27,197,415,0,1,10,-33.797812,151.115071,61,0,2,0,2,0,3,3,0,2,7,70,2,6545,6545,4,5,0,2,0,0,2,1
1339236,1,2023,2023,11,6,2,485,27,337,769,0,1,9,-33.719593,150.96364,71,0,2,0,2,0,0,0,1,0,15,60,2,2852,2852,4,5,27,2,0,0,0,1
1339239,2,2023,2023,10,3,4,103,27,12,98,0,1,1,-32.944388,150.700612,64,2,1,0,0,0,0,0,2,0,7,80,2,4552,5151,8,16,40,1,0,0,1,0
1339242,2,2023,2023,11,5,9,2126,17,140,2149,0,1,9,-33.783307,150.83174,7,0,2,1,2,0,0,3,0,2,7,80,2,782,985,5,5,40,1,0,0,1,0
1339244,1,2023,2023,10,4,6,4,18,8,34609,0,1,1,-29.621639,153.004937,18,2,1,0,0,0,0,0,2,0,7,50,0,3775,3775,0,0,0,2,0,0,0,1
1339245,2,2023,2023,10,4,7,126,1,226,144,0,1,9,-33.775701,150.815107,7,0,2,1,0,0,0,0,2,0,7,60,2,5929,5929,1,5,12,3,0,0,1,0
1339247,2,2023,2023,10,6,9,23,27,136,101,0,1,1,-32.926335,151.71797,48,0,2,1,2,0,3,4,0,0,7,60,2,9859,9859,8,9,40,1,0,0,1,0
1339249,2,2023,2023,10,0,5,68,27,98,208,0,1,10,-33.754268,151.067474,31,0,2,1,1,0,0,0,2,0,15,60,2,1282,1282,1,5,36,3,0,0,1,0
1339250,2,2023,2023,10,5,5,512,17,562,441,0,1,1,-32.208227,148.544746,22,1,0,1,0,0,0,0,2,0,7,110,2,945,945,5,10,40,1,0,0,1,0
1339252,4,2023,2023,10,2,5,77,27,7,34609,0,1,9,-31.952001,148.631897,22,1,0,0,0,0,0,0,2,0,7,100,0,418,714,5,16,40,1,0,1,0,0
1339253,4,2023,2023,10,0,1,35,27,30,34609,0,1,1,-28.332806,153.475914,72,2,1,0,0,0,3,3,0,0,7,80,0,4552,5151,8,5,40,1,0,1,0,0
1339254,2,2023,2023,10,3,11,2261,17,80,2252,0,1,9,-33.95948,150.885372,13,0,2,1,2,0,0,0,0,2,7,70,2,2852,2852,4,5,36,2,0,0,1,0
1339255,2,2023,2023,10,2,6,15,27,133,34609,0,1,10,-34.483678,150.80288,80,0,2,1,1,0,0,0,2,0,15,60,0,5929,5929,1,5,19,2,0,0,1,0
1339258,2,2023,2023,10,5,4,2126,17,22,2149,0,1,1,-33.570946,150.207869,40,2,1,1,0,0,0,0,2,0,7,80,2,1669,1669,3,5,0,2,0,0,3,0
1339259,4,2023,2023,10,4,11,1104,11,130,770,0,1,2,-33.869222,151.185716,69,0,2,1,2,0,0,0,0,0,7,60,2,14295,14295,3,16,0,2,0,1,0,0
1339261,4,2023,2023,10,6,8,222,31,57,34609,0,1,7,-32.822537,151.472197,17,2,1,1,1,0,0,0,3,0,0,50,0,515,515,1,0,19,2,0,1,0,0
1339262,2,2023,2023,10,1,10,5,31,62,34609,0,1,9,-33.891324,151.142309,32,0,2,1,2,0,0,0,0,0,0,50,0,3775,3775,0,16,0,2,0,0,1,0
1339266,4,2023,2023,10,6,11,44,27,89,38,1,0,10,-33.867016,150.889497,24,0,2,1,2,0,0,0,0,2,7,60,1,6545,6545,4,9,5,2,0,1,2,0
1339267,4,2023,2023,10,5,3,2209,17,130,2205,0,1,9,-34.461898,150.83849,80,0,2,1,1,0,3,3,2,2,7,60,1,5929,5929,1,0,13,3,0,1,1,0
1339270,2,2023,2023,11,3,4,171,1,57,104,0,1,9,-33.946104,151.223331,4,0,2,1,1,0,0,0,2,2,1,60,2,2852,2852,4,0,5,2,0,0,1,0
1339273,4,2023,2023,10,1,9,80,27,316,34609,0,1,9,-33.913434,151.244985,59,0,2,0,1,0,0,0,2,0,7,50,0,1850,1463,5,15,40,1,0,1,0,0
1339275,1,2023,2023,10,0,11,1,27,22,34609,0,1,1,-28.792951,150.242596,51,2,1,1,0,2,0,0,0,0,7,80,0,945,945,5,10,40,1,0,0,0,4
1339277,2,2023,2023,10,6,9,76,31,115,34609,1,0,1,-33.881835,151.194569,69,0,2,1,2,0,3,0,0,0,7,50,0,1220,1220,9,5,28,2,0,0,1,0
1339279,2,2023,2023,11,2,0,63,27,103,34,0,1,9,-32.949572,151.673304,37,0,2,1,2,0,0,0,0,0,0,60,1,9859,9859,1,5,5,2,0,0,1,0
1339281,4,2023,2023,10,1,11,61,10,87,34609,0,1,1,-33.038245,151.480353,37,0,2,1,0,0,0,0,0,0,7,90,0,9859,9859,8,10,40,1,0,1,0,0
1339282,4,2023,2023,10,3,10,6,27,7,34609,0,1,1,-36.697352,149.815947,5,1,0,1,0,0,0,0,0,0,7,100,0,1089,1089,7,0,40,1,0,1,1,0
1339286,4,2023,2023,10,0,9,154,27,55,244,0,1,10,-33.902142,151.083601,67,0,2,1,0,0,0,0,2,2,7,60,2,2852,2852,4,15,12,2,0,1,0,0
1339287,2,2023,2023,1,6,4,109,27,204,105,0,1,9,-33.895922,150.935318,24,0,2,1,1,0,0,0,2,2,7,60,2,1981,1981,4,5,13,2,0,0,1,0
1339289,4,2023,2023,10,2,0,101,10,42,33,0,1,1,-34.02247,151.19177,68,0,2,0,2,0,3,4,0,0,7,80,1,4552,5151,8,5,40,1,0,2,0,0
1339290,4,2023,2023,10,4,8,1104,14,445,962,0,1,3,-33.843217,151.045019,54,0,2,1,0,0,3,0,2,0,7,90,2,14295,14295,3,16,13,2,0,1,0,0
1339292,2,2023,2023,11,3,6,48,27,21,62,0,1,9,-35.408694,148.121969,66,1,0,0,0,0,0,0,2,0,7,100,2,3775,3775,0,10,13,2,0,0,3,0
1339293,4,2023,2023,10,0,9,2,27,7,34609,0,1,9,-33.172665,151.570489,16,2,2,1,0,0,0,0,2,0,7,50,0,489,489,8,16,40,1,0,1,0,0
1339294,2,2023,2023,10,3,7,18,1,112,34609,0,1,2,-33.90434,151.212451,69,0,2,1,1,0,0,0,2,0,2,40,0,214,214,9,10,28,2,0,0,1,0
1339296,2,2023,2023,10,4,7,294,17,44,288,0,1,1,-35.21804,147.790699,75,1,0,0,1,0,0,0,2,0,7,100,2,14295,14295,3,5,13,3,0,0,2,0
1339299,1,2023,2023,10,3,9,8,27,43,38,0,1,1,-33.775779,151.262799,50,0,2,1,0,0,0,0,3,0,7,60,1,515,515,1,5,18,2,0,0,0,1
1339300,4,2023,2023,9,0,1,2,27,73,34609,0,1,1,-33.725083,150.71301,55,0,2,0,2,0,0,0,0,0,7,50,0,312,312,2,33,40,1,0,1,0,0
1339301,1,2023,2023,10,4,7,361,23,253,165,0,1,9,-33.96857,151.108372,25,0,2,1,1,0,0,0,2,2,7,50,1,14295,14295,3,30,5,2,0,0,0,1
1339302,2,2023,2023,10,6,8,104,27,443,702,0,1,9,-33.903485,151.064512,67,0,2,1,1,0,0,3,2,2,7,70,2,14295,14295,3,10,5,2,0,0,1,0
1339306,2,2023,2023,10,4,8,102,31,646,28,0,1,7,-33.917001,151.042025,15,0,2,1,1,0,0,0,2,0,0,50,1,1109,397,1,5,5,2,0,0,1,0
1339307,4,2023,2023,9,3,1,26,27,92,25,0,1,1,-33.981475,150.838611,41,0,2,1,2,0,3,4,0,0,7,70,1,9859,9859,8,0,40,1,0,1,0,0
1339308,4,2023,2023,10,5,8,251,14,139,124,0,1,3,-33.837575,151.211027,49,0,2,1,1,0,0,0,2,0,7,60,2,1282,1282,1,0,18,2,0,1,0,0
1339312,2,2023,2023,9,2,10,2,31,85,34609,0,1,9,-33.809072,150.684642,55,0,2,1,2,0,0,0,0,0,7,50,0,312,312,2,10,40,1,0,0,1,0
1339319,2,2023,2023,9,3,7,2126,17,90,2149,0,1,1,-33.696054,150.289402,8,2,2,0,0,0,3,4,2,0,7,70,2,1259,5151,8,0,40,1,0,0,1,0
1339321,2,2023,2023,10,1,4,224,27,387,321,0,1,9,-33.931794,151.194216,4,0,2,1,2,0,0,0,2,2,9,50,2,2040,2040,9,5,28,2,0,0,1,0
1339323,4,2023,2023,1,3,8,55,36,22,95,0,1,1,-33.191999,148.52383,11,1,0,1,0,0,0,0,2,0,7,100,2,945,945,5,0,40,1,0,1,1,0
1339324,2,2023,2023,9,4,11,2209,17,55,2205,0,1,2,-35.721164,150.17516,23,2,1,1,2,0,0,3,0,0,7,60,2,1089,1089,7,16,40,1,0,0,1,0
1339328,4,2023,2023,9,1,4,49,31,132,34609,0,1,10,-29.775513,151.120541,33,2,1,1,1,0,0,0,2,0,0,50,0,6545,6545,4,5,0,2,0,1,0,2
1339329,2,2023,2023,10,2,7,512,17,9,441,0,1,1,-33.384881,149.204277,52,1,0,0,0,0,0,0,2,0,7,100,2,1383,1383,1,16,0,2,0,0,1,0
1339334,2,2023,2023,9,1,9,2126,17,5,2149,0,1,1,-33.452155,149.79283,3,1,0,1,0,0,0,0,2,0,7,100,2,14295,14295,3,0,0,2,0,0,1,0
1339335,2,2023,2023,9,0,4,35,27,32,34,0,1,1,-30.214244,151.654767,1,1,0,0,0,0,0,0,2,0,7,100,1,3775,3775,0,5,5,2,0,0,2,0
1339336,4,2023,2023,10,6,6,13,31,108,34609,1,0,10,-28.868577,153.562538,2,2,1,1,0,0,0,0,2,0,0,50,0,6545,6545,4,0,25,2,0,2,1,0
1339339,4,2023,2023,9,1,8,46,36,3,46,0,1,1,-33.045111,149.067055,11,1,0,0,0,0,0,0,2,0,7,100,1,2585,4009,8,10,40,1,0,1,0,0
1339343,1,2023,2023,9,3,2,475,31,532,75,0,1,10,-33.873304,151.209896,69,0,2,1,2,0,0,0,0,2,9,40,1,214,214,9,33,28,2,0,0,0,1
1339344,1,2023,2023,10,2,7,27,27,4,35,0,1,9,-28.912664,152.09866,51,1,0,0,0,0,0,0,2,0,7,100,1,782,957,5,16,40,1,0,0,0,1
1339346,4,2023,2023,10,3,9,72,27,72,56,0,1,10,-33.796564,151.065263,54,0,2,0,2,0,0,0,0,2,7,60,2,14295,14295,3,16,5,2,0,1,0,0
1339349,4,2023,2023,9,2,5,3,27,48,34609,0,1,1,-33.986599,147.006247,51,1,0,0,0,0,0,0,2,0,7,100,0,4552,5151,8,16,40,1,0,1,0,0
1339354,1,2023,2023,11,5,10,3371,17,63,3342,0,1,2,-28.166343,153.500321,72,1,0,1,2,0,0,0,0,0,7,100,2,1192,1192,1,29,36,2,0,0,0,2
1339356,2,2023,2023,9,6,0,3371,17,12,3342,0,1,2,-32.143702,152.333201,43,1,0,0,0,0,3,0,0,0,7,100,2,2585,4009,8,5,40,1,0,0,1,0
1339360,2,2023,2023,9,3,0,55,36,155,95,0,1,1,-33.106469,148.109647,53,1,0,1,0,0,0,0,0,0,7,100,2,3775,3775,0,5,13,2,0,0,2,0
1339363,1,2023,2023,10,6,7,126,27,76,34609,1,2,9,-34.553748,150.38607,78,2,1,1,1,0,0,0,2,0,15,40,0,2040,2040,9,5,28,2,0,0,0,1
1339366,2,2023,2023,10,0,10,36,31,218,70,0,1,9,-33.764649,150.780492,55,0,2,1,2,0,3,4,0,2,7,60,1,5929,5929,1,5,5,3,0,0,1,0
1339369,2,2023,2023,9,5,8,123,27,33,120,0,1,5,-33.900321,151.253619,76,0,2,1,0,0,0,0,2,2,6,50,1,256,256,4,10,0,3,0,0,1,0
1339373,2,2023,2023,9,3,5,1104,11,149,770,0,1,2,-33.867991,151.180953,32,0,2,1,1,0,0,0,2,0,7,60,2,1383,1383,1,5,5,2,0,0,1,0
1339376,2,2023,2023,9,6,4,3371,17,89,3342,0,1,2,-28.219758,153.549646,72,1,0,1,1,0,0,0,2,0,7,100,2,1192,1192,1,10,0,2,0,0,1,0
1339377,2,2023,2023,10,4,9,481,17,6,483,0,1,1,-33.810142,147.477646,51,1,0,1,0,0,0,0,2,0,7,110,2,43,43,3,5,32,3,0,0,3,0
1339381,2,2023,2023,9,2,4,1052,27,69,262,0,1,7,-32.906644,151.692838,48,0,2,1,1,0,3,4,2,0,0,60,2,14295,14295,3,10,5,2,0,0,1,0
1339382,4,2023,2023,9,3,0,112,27,96,256,0,1,10,-34.049494,150.826967,13,0,2,1,2,0,0,0,0,2,7,60,2,5929,5929,1,5,0,2,0,1,0,0
1339383,2,2023,2023,9,3,5,3371,10,316,34609,0,1,1,-31.442409,152.925107,56,2,1,1,0,0,0,0,2,0,7,50,0,2040,2040,9,33,28,2,0,0,1,0
1339384,2,2023,2023,9,2,10,2,27,16,34609,0,1,1,-34.72747,150.180972,78,1,0,0,0,2,3,4,0,0,7,100,0,4552,5151,8,0,40,1,0,0,1,0
1339385,2,2023,2023,9,5,4,157,17,123,158,0,1,1,-33.83408,148.686969,51,2,1,1,1,0,0,0,2,0,7,50,2,591,591,1,22,5,2,0,0,1,0
1339386,2,2023,2023,10,1,3,225,27,304,140,0,1,10,-33.914329,151.152712,32,0,2,1,1,0,0,0,2,0,0,50,1,6545,6545,4,10,27,2,0,0,1,0
1339387,2,2023,2023,9,4,5,481,17,7,483,0,1,1,-33.315881,148.068503,51,1,0,1,0,0,3,4,2,0,7,110,2,3775,3775,0,9,35,2,0,0,2,0
1339389,4,2023,2023,9,4,6,1,27,21,34609,0,1,1,-33.275066,151.221136,16,2,2,0,0,0,3,3,2,0,7,80,0,3775,3775,0,10,13,2,0,2,0,0
1339391,1,2023,2023,10,4,7,1,1,62,34609,0,1,7,-34.081768,150.812129,13,0,2,0,1,0,0,0,2,0,0,60,0,6545,6545,4,30,5,2,0,0,0,1
1339400,2,2023,2023,9,3,11,20,31,83,34609,0,1,1,-33.919147,151.110205,15,0,2,1,2,0,0,0,0,0,7,50,0,9859,9859,1,5,5,2,0,0,1,0
1339401,2,2023,2023,9,0,3,232,36,39,331,0,1,9,-34.036285,150.746357,12,0,2,1,0,0,0,0,2,0,15,80,2,623,623,3,19,0,2,0,0,1,0
1339410,4,2023,2023,9,2,7,35,27,62,96,0,1,9,-33.893459,151.145687,32,0,2,1,1,0,3,4,2,0,0,50,2,5929,5929,1,0,27,2,0,1,0,0
1339414,4,2023,2023,9,0,4,1104,14,438,962,0,1,6,-33.842631,151.04267,21,0,2,1,0,0,3,4,2,0,7,80,2,1945,1945,5,16,40,1,0,1,0,0
1339415,4,2023,2023,9,2,1,265,17,103,193,0,1,1,-34.298031,148.332076,30,2,1,0,2,0,0,0,0,0,7,80,2,273,957,5,10,40,1,0,1,0,0
1339417,2,2023,2023,2,6,6,1,31,18,7,0,1,1,-29.428616,147.976771,51,2,1,1,0,0,0,0,2,0,7,50,1,1957,777,8,5,40,1,0,0,1,0
1339418,2,2023,2023,2,1,8,149,36,120,113,0,1,1,-32.255139,152.535349,43,1,0,1,3,0,2,6,2,0,7,100,1,4026,4026,8,0,40,1,0,0,1,0
1339421,1,2023,2023,9,2,6,97,17,17,88,0,1,1,-34.848758,149.556142,26,1,0,0,0,0,0,0,2,0,7,110,2,1957,4009,8,5,40,1,0,0,0,1
1339430,2,2023,2023,2,0,4,1,1,609,34609,0,1,9,-33.788519,150.913565,7,0,2,1,0,0,0,0,2,0,7,50,0,5929,5929,1,10,5,2,0,0,1,1
1339432,4,2023,2023,9,2,4,500,27,80,160,0,1,9,-33.970229,150.900114,13,0,2,1,1,0,3,0,2,0,0,60,2,2852,2852,4,5,5,2,0,1,1,0
1339433,4,2023,2023,9,6,4,5,27,6,34609,0,1,1,-30.614183,150.514795,70,1,0,0,0,2,0,3,2,0,7,100,0,1259,5151,8,10,40,1,0,1,0,0
1339435,4,2023,2023,2,6,9,145,27,115,80,0,1,9,-33.88064,151.185342,69,0,2,1,0,0,0,0,2,0,7,40,2,5929,5929,1,10,18,2,0,1,0,0
1339440,1,2023,2023,11,4,8,1,27,42,34609,0,1,1,-33.73306,151.268366,50,0,2,0,0,0,0,0,2,0,7,50,0,3775,3775,0,22,12,2,0,0,0,1
1339441,4,2023,2023,10,0,6,3,31,61,34609,0,1,10,-35.531886,144.96202,51,2,1,1,1,0,0,0,2,0,0,50,0,6545,6545,4,5,0,2,0,1,1,0
1339442,4,2023,2023,2,0,7,2,27,7,34609,0,1,1,-33.633854,151.016423,71,0,2,1,1,0,0,0,2,0,7,50,0,340,340,9,10,28,2,0,1,0,0
1339448,2,2023,2023,2,5,4,126,1,32,144,0,1,7,-33.75625,150.818887,7,0,2,1,0,0,0,0,2,0,0,60,2,5929,5929,1,9,0,2,0,0,2,0
1339451,4,2023,2023,10,0,1,5,31,137,34609,0,1,9,-33.903684,150.889355,24,0,2,1,0,0,0,0,0,0,7,50,0,9859,9859,1,5,10,2,0,1,0,0