Crash ID,Degree of crash - detailed,Reporting year,Year of crash,Month of crash,Day of week of crash,Two-hour intervals,Street of crash,Street type,Town,Route no.,School zone location,School zone active,Type of location,Latitude,Longitude,LGA,Urbanisation,Conurbation 1,Alignment,Street lighting,Road surface,Surface condition,Weather,Natural lighting,Signals operation,Other traffic control,Speed limit,Road classification,RUM - code,DCA - code,First impact type,Key TU type,Other TU type,No. of traffic units involved,No. killed,No. seriously injured,No. moderately injured,No. minor-other injured
1339452,2,2023,2023,9,4,3,330,27,106,605,0,1,9,-33.681731,151.303025,50,0,2,1,1,0,0,0,2,0,15,70,2,5929,5929,1,5,19,2,0,0,1,1
1339454,2,2023,2023,2,2,7,2126,17,33,2149,0,1,10,-33.490387,150.133834,40,2,1,1,2,0,0,0,2,2,7,70,2,5929,5929,1,5,5,2,0,0,1,0
1339457,4,2023,2023,2,1,5,70,27,17,100,0,1,1,-33.664609,150.65432,8,2,2,0,0,0,0,0,2,0,7,60,2,1957,4009,8,16,40,1,0,1,0,0
1339461,4,2023,2023,2,3,6,43,31,104,117,1,0,9,-32.911786,151.704843,48,0,2,1,1,0,0,0,2,0,0,60,2,1669,1669,3,16,5,2,0,1,0,0
1339462,2,2023,2023,9,0,5,169,31,44,57,0,1,7,-28.863105,153.539765,2,2,1,1,1,0,3,4,2,0,0,60,1,14295,14295,3,0,0,2,0,0,1,1
1339470,2,2023,2023,9,6,2,916,17,3,917,0,1,1,-28.97891,151.942755,51,1,0,1,0,0,0,0,0,0,7,100,2,9859,9859,8,8,40,1,0,0,1,0
1339472,4,2023,2023,2,1,4,59,27,112,34609,0,1,1,-33.700513,151.035071,31,0,2,1,1,0,0,0,2,0,7,60,0,9859,9859,8,21,40,1,0,1,2,0
1339474,2,2023,2023,9,4,10,230,1,193,34609,0,1,1,-33.782289,151.075632,54,0,2,0,1,0,0,0,2,0,7,50,0,2585,4009,8,0,40,1,0,0,1,0
1339475,4,2023,2023,9,3,5,65,10,132,148,0,1,9,-34.130317,151.081076,68,0,2,1,0,0,0,0,2,0,15,80,2,2852,2852,4,5,19,2,0,1,1,0
1339476,2,2023,2023,2,5,8,6,1,370,34609,0,1,1,-34.067159,150.833639,13,0,2,1,1,0,0,0,2,0,7,60,0,941,941,1,5,22,3,0,0,1,0
1339477,4,2023,2023,2,0,5,191,27,370,68,0,1,1,-34.0575,150.816754,13,0,2,1,1,0,0,0,2,0,7,60,1,1945,1945,5,16,40,1,0,1,0,0
1339478,2,2023,2023,2,0,7,485,27,232,769,0,1,2,-33.681935,150.915376,71,0,2,1,1,0,0,0,2,0,7,80,2,14295,14295,3,10,13,2,0,0,1,0
1339479,2,2023,2023,2,1,4,6,31,219,34609,0,1,7,-32.905072,151.663708,48,0,2,0,0,0,0,0,2,0,0,50,0,6545,6545,4,16,5,2,0,0,1,0
1339483,1,2023,2023,2,5,7,2,31,84,34609,0,1,1,-33.886535,150.949328,24,0,2,1,0,0,0,0,2,0,7,50,0,340,340,9,0,28,2,0,0,0,1
1339486,4,2023,2023,9,0,10,6,10,75,34609,0,1,1,-32.768267,151.631079,42,2,1,1,2,0,0,0,0,0,7,60,0,1109,397,1,5,13,2,0,1,1,0
1339492,2,2023,2023,9,3,5,40,27,59,39,0,1,1,-33.158241,151.478694,37,0,2,1,0,0,0,0,2,0,7,80,1,9859,9859,8,5,40,1,0,0,1,0
1339494,2,2023,2023,2,4,7,29,27,17,34609,0,1,1,-28.233793,153.523592,72,2,1,0,0,0,0,0,2,0,7,60,0,3775,3775,0,5,13,2,0,0,1,0
1339495,1,2023,2023,2,3,4,6,27,5,34609,0,1,1,-32.295325,150.806543,46,2,1,0,0,0,0,0,2,0,7,80,0,1259,5151,8,5,40,1,0,0,0,1
1339498,2,2023,2023,2,4,5,8,31,117,34609,0,1,1,-28.185823,153.526361,72,2,1,1,1,0,0,0,2,0,7,50,0,57,57,1,0,22,3,0,0,1,0
1339499,2,2023,2023,9,0,6,17,31,14,34609,0,1,9,-30.336513,152.707855,6,2,1,1,0,0,3,4,2,0,7,50,0,489,489,8,5,40,1,0,0,1,0
1339500,2,2023,2023,9,6,3,9,27,9,8,0,1,1,-34.519641,148.305219,30,1,0,1,0,0,0,0,2,0,7,100,1,323,323,1,10,13,2,0,0,1,0
1339501,2,2023,2023,9,0,8,1,31,123,34609,0,1,10,-33.816002,151.059253,54,0,2,1,1,0,0,0,2,0,15,50,0,6545,6545,4,15,0,2,0,0,1,0
1339502,4,2023,2023,2,0,5,1,31,14,34609,0,1,10,-34.81316,147.201037,51,2,1,1,1,0,0,0,2,0,0,50,0,6545,6545,4,0,5,2,0,1,1,0
1339503,2,2023,2023,2,2,8,99,31,609,34609,0,1,10,-33.764104,150.915811,7,0,2,1,0,0,0,0,2,0,7,50,0,9859,9859,1,0,35,3,0,0,2,0
1339505,1,2023,2023,2,5,9,191,27,309,34609,0,1,9,-33.812221,151.103934,61,0,2,1,0,0,0,0,2,0,7,50,0,1669,1669,3,5,27,2,0,0,0,1
1339508,2,2023,2023,2,6,7,1,25,31,34609,0,1,9,-31.12134,150.90767,70,2,1,0,1,0,0,0,2,0,7,50,0,2852,2852,4,5,5,2,0,0,2,0
1339512,4,2023,2023,2,2,7,15,27,3,41,0,1,1,-28.907804,153.135847,60,1,0,1,0,0,0,0,2,0,7,100,1,9859,9859,8,9,40,1,0,1,0,0
1339518,2,2023,2023,9,4,10,11,31,72,44,0,1,9,-33.827488,151.228283,49,0,2,1,2,0,3,4,0,0,7,50,1,1669,1669,3,5,19,2,0,0,1,0
1339519,4,2023,2023,2,0,8,44,1,126,22,0,1,9,-33.9417,150.810322,41,0,2,1,0,0,0,0,2,0,0,60,1,3775,3775,0,5,0,2,0,1,0,0
1339520,4,2023,2023,6,5,8,133,10,316,121,0,1,1,-31.489636,152.907205,56,2,1,1,0,0,0,0,0,0,7,70,1,9859,9859,8,10,40,1,0,1,0,0
1339522,1,2023,2023,2,6,9,163,27,63,165,0,1,1,-33.738054,150.797201,7,0,2,0,1,0,0,0,2,0,7,60,1,1981,1981,4,16,5,2,0,0,0,1
1339523,4,2023,2023,2,1,6,3371,17,207,3342,0,1,1,-33.556976,151.19412,31,0,2,0,0,0,0,0,2,0,7,80,2,1981,1981,4,0,19,2,0,1,0,0
1339524,1,2023,2023,9,1,8,3371,17,59,3342,0,1,9,-32.881986,151.718762,48,0,2,0,2,0,0,0,2,2,7,80,2,1850,1463,5,16,40,1,0,0,0,1
1339528,2,2023,2023,11,4,6,512,17,7,441,0,1,1,-32.88833,148.894376,22,1,0,1,0,0,0,0,2,0,7,100,2,9859,9859,8,0,40,1,0,0,1,2
1339529,4,2023,2023,11,0,7,12,27,53,55,0,1,10,-33.850783,150.963583,21,0,2,1,0,0,0,0,2,0,0,50,1,926,926,4,5,0,2,0,2,1,0
1339530,2,2023,2023,6,6,10,171,31,443,34609,0,1,1,-33.903612,151.071666,67,0,2,0,2,0,3,0,0,0,7,50,0,3775,3775,0,5,25,2,0,0,3,0
1339531,2,2023,2023,2,4,8,135,17,93,136,0,1,10,-36.076473,146.936459,0,2,1,1,1,0,3,3,2,0,0,60,2,5929,5929,1,0,5,2,0,0,1,0
1339532,2,2023,2023,2,6,11,3371,17,77,3342,0,1,10,-32.939883,151.743203,48,0,2,1,2,0,0,0,0,2,7,60,2,2852,2852,4,5,5,2,0,0,2,0
1339533,4,2023,2023,9,0,8,5,31,18,34609,0,1,10,-32.95792,151.662682,37,0,2,1,1,0,0,0,2,0,0,50,0,1945,1945,5,17,40,1,0,1,0,0
1339534,2,2023,2023,2,1,0,73,24,115,88,0,1,1,-33.74906,151.234901,50,0,2,1,0,0,0,0,0,0,7,70,2,9859,9859,8,30,40,1,0,0,1,0
1339535,4,2023,2023,2,1,8,120,36,10,148,0,1,9,-30.374789,152.725377,6,1,0,0,0,0,0,0,2,0,0,100,2,2585,4009,8,5,40,1,0,1,0,0
1339538,4,2023,2023,9,3,6,3371,17,207,3342,0,1,1,-33.556357,151.193508,31,0,2,0,0,0,0,0,2,0,6,80,2,1981,1981,4,21,19,2,0,1,0,0
1339539,4,2023,2023,2,2,5,2126,17,78,2149,0,1,10,-33.865165,151.088814,14,0,2,0,3,0,2,6,2,2,7,60,2,5929,5929,1,10,19,2,0,1,0,0
1339540,4,2023,2023,9,0,6,3,27,8,34609,0,1,1,-34.956605,150.500755,63,1,0,1,0,0,3,4,2,0,7,100,0,945,945,5,16,40,1,0,1,0,0
1339542,4,2023,2023,2,5,8,1,31,137,34609,0,1,9,-32.969362,151.708717,37,0,2,0,0,0,0,0,2,0,15,50,0,2852,2852,4,0,19,2,0,1,0,0
1339543,2,2023,2023,2,5,5,7,27,4,34609,0,1,1,-33.310993,149.16762,52,2,1,1,0,0,0,0,2,0,7,80,0,9859,9859,8,0,40,1,0,0,1,0
1339545,1,2023,2023,2,2,9,1104,11,130,770,0,1,2,-33.870588,151.190232,69,0,2,1,0,0,0,0,2,0,7,60,2,14295,14295,3,5,5,2,0,0,0,1
1339548,4,2023,2023,11,2,9,2261,17,44,2252,0,1,9,-33.898435,150.950696,24,0,2,1,2,0,0,0,0,0,7,70,2,9859,9859,8,16,40,1,0,1,0,0
1339551,4,2023,2023,9,4,2,2261,17,47,2252,0,1,2,-35.766635,147.284456,27,1,0,1,0,0,0,0,0,0,7,110,2,475,475,5,3,40,1,0,1,0,0
1339552,2,2023,2023,9,3,5,49,22,41,96,0,1,10,-32.961334,151.620219,37,0,2,1,1,0,0,0,2,0,0,60,2,1669,1669,3,5,5,2,0,0,1,1
1339554,4,2023,2023,11,0,4,1052,14,54,928,0,1,3,-33.468905,151.193851,16,1,2,1,1,0,0,0,2,0,7,110,2,14295,14295,3,0,5,2,0,1,1,0
1339555,4,2023,2023,2,5,5,103,36,4,157,0,1,1,-28.437954,152.813138,51,1,0,0,0,0,0,0,2,0,7,100,2,1259,5151,8,5,40,1,0,1,0,0
1339556,4,2023,2023,11,5,3,15,31,18,34609,0,1,1,-28.984857,153.284348,60,2,1,1,0,0,0,0,2,0,7,50,0,220,220,8,10,40,2,0,1,0,0
1339557,4,2023,2023,2,0,9,2261,17,443,2252,0,1,2,-33.902567,151.043824,15,0,2,1,3,0,2,6,2,0,7,70,2,9859,9859,8,9,40,1,0,1,0,0
1339558,2,2023,2023,2,1,9,150,27,309,415,0,1,9,-33.803198,151.113785,61,0,2,1,2,0,0,0,3,2,7,70,2,14295,14295,3,5,5,3,0,0,1,0
1339560,4,2023,2023,2,1,7,1,27,23,34609,0,1,1,-35.301444,147.169447,51,1,0,1,0,0,0,0,2,0,7,100,0,1945,1945,5,28,40,1,0,1,0,0
1339566,4,2023,2023,6,6,6,178,31,157,34609,0,1,10,-33.800664,151.01329,54,0,2,1,1,0,0,0,2,0,15,50,0,6545,6545,4,5,0,2,0,1,0,0
1339567,4,2023,2023,1,4,9,3371,17,108,3342,0,1,2,-33.304713,151.42038,16,2,2,1,2,0,0,0,0,0,7,60,2,515,515,1,0,19,2,0,1,0,0
1339569,2,2023,2023,10,5,5,2261,17,35,2252,0,1,3,-34.368772,150.53847,78,1,0,1,0,0,0,0,2,0,7,110,2,1945,1945,5,10,40,1,0,0,1,0
1339571,4,2023,2023,10,6,5,79,27,46,159,0,1,10,-33.93821,151.114166,4,0,2,1,1,0,0,0,2,2,9,60,2,1220,1220,9,5,28,2,0,1,0,0
1339573,4,2023,2023,9,6,6,39,27,19,51,0,1,1,-33.652659,151.043272,31,0,2,1,0,0,0,0,2,0,7,60,2,1109,787,1,5,19,2,0,1,0,0
1339574,2,2023,2023,2,0,8,1,31,7,42,0,1,9,-32.934019,151.776708,48,0,2,0,2,0,0,0,0,0,7,50,1,2585,4009,1,0,5,2,0,0,1,0
1339576,4,2023,2023,2,6,6,3,27,3,34609,0,1,1,-28.724587,153.197259,39,1,0,1,0,0,0,0,2,0,7,100,0,9859,9859,8,30,40,1,0,1,0,0
1339577,2,2023,2023,9,5,7,43,31,136,117,0,1,9,-32.917191,151.703404,48,0,2,1,1,0,0,0,2,2,7,60,2,926,926,4,0,0,2,0,0,1,0
1339578,2,2023,2023,2,5,2,1104,14,113,962,0,1,3,-33.785977,150.714857,55,0,2,1,3,0,2,6,0,0,7,110,2,404,404,8,5,40,2,0,0,1,0
1339582,4,2023,2023,10,4,10,2209,17,88,2205,1,0,2,-33.985529,151.112918,25,0,2,1,2,0,3,4,0,0,7,70,2,3775,3775,0,15,13,3,0,1,0,1
1339585,4,2023,2023,2,1,7,11,22,293,34609,0,1,2,-33.927547,151.059463,15,0,2,1,1,0,0,0,2,0,7,50,0,220,220,1,5,0,3,0,1,0,0
1339592,2,2023,2023,10,3,8,123,36,10,90,0,1,1,-31.891127,151.876425,43,1,0,0,0,0,0,0,2,0,7,90,1,2585,4009,8,5,40,1,0,0,1,0
1339596,2,2023,2023,2,0,9,163,27,73,165,0,1,9,-33.7581,150.80834,7,0,2,1,1,0,0,0,3,0,9,60,1,14295,14295,3,5,0,3,0,0,1,1
1339597,2,2023,2023,9,0,7,1,18,30,34609,0,1,1,-34.195232,150.560357,79,2,2,1,0,2,0,0,2,0,7,50,0,4026,4026,8,23,40,1,0,0,1,0
1339598,2,2023,2023,2,0,8,1,27,11,34609,0,1,1,-35.119528,147.444002,75,2,1,1,0,2,0,0,2,0,7,50,0,1945,1945,5,10,40,1,0,0,3,0
1339600,4,2023,2023,9,6,7,308,14,86,311,0,1,3,-33.744461,150.937217,7,0,2,1,1,0,3,4,2,0,7,100,2,14295,14295,3,5,0,3,0,1,0,0
1339605,2,2023,2023,9,4,7,2209,17,77,2205,0,1,2,-33.921332,151.165217,32,0,2,1,0,0,0,0,2,2,7,60,2,5929,5929,1,5,0,2,0,0,1,0
1339607,1,2023,2023,2,2,5,58,27,81,34609,0,1,1,-33.880943,151.250264,81,0,2,0,1,0,0,0,2,0,7,50,0,3775,3775,0,5,0,2,0,0,0,2
1339612,4,2023,2023,9,0,7,866,17,171,793,0,1,2,-33.798323,150.974277,54,0,2,0,1,0,0,0,2,0,7,70,2,14295,14295,3,16,5,2,0,1,0,0
1339614,4,2023,2023,11,4,4,19,31,166,143,0,1,1,-33.422824,149.577771,3,2,1,1,1,0,0,0,2,0,7,50,2,591,591,1,18,5,2,0,1,0,0
1339616,2,2023,2023,2,5,8,73,27,113,16,0,1,9,-33.78352,150.75054,55,0,2,1,2,0,3,0,2,2,7,70,2,1945,1945,5,16,40,1,0,0,1,0
1339618,2,2023,2023,2,1,10,132,31,77,126,0,1,9,-33.888856,151.200383,69,0,2,1,2,0,0,0,3,0,7,50,2,2040,2040,9,5,28,2,0,0,1,0
1339619,2,2023,2023,2,0,5,3,27,10,34609,0,1,1,-34.637285,148.496065,30,1,0,1,0,0,0,0,2,0,7,100,0,9859,9859,8,5,40,1,0,0,1,0
1339620,4,2023,2023,2,3,8,191,17,6,189,0,1,1,-32.340372,150.578873,46,1,0,1,0,0,0,0,2,0,7,100,2,9859,9859,8,5,40,1,0,3,1,0
1339622,4,2023,2023,9,4,7,11,10,27,34609,0,1,1,-34.059508,150.737938,12,0,2,1,0,0,0,0,2,0,7,50,0,368,368,9,5,28,2,0,1,0,0
1339623,2,2023,2023,2,3,0,56,27,130,34609,0,1,10,-33.870788,151.195722,69,0,2,1,2,0,0,0,0,2,7,40,0,5929,5929,1,5,18,2,0,0,1,0
1339624,4,2023,2023,9,3,6,3371,17,27,3342,0,1,2,-30.139168,153.19347,19,1,0,1,0,0,0,3,2,0,7,110,2,9859,9859,8,0,40,1,0,1,0,0
1339625,2,2023,2023,2,5,9,44,31,136,34609,1,0,9,-33.921915,151.076808,15,0,2,1,1,0,0,0,2,0,0,50,0,2040,2040,9,0,28,2,0,0,1,0
1339628,2,2023,2023,9,1,10,2126,17,140,2149,0,1,2,-33.777885,150.808154,7,0,2,1,2,0,0,0,0,0,7,80,2,14295,14295,3,5,0,2,0,0,1,0
1339637,4,2023,2023,2,2,5,120,36,14,148,0,1,1,-30.469193,152.929485,6,1,0,1,0,0,0,0,2,0,7,100,2,941,941,1,0,41,2,0,2,0,0
1339641,4,2023,2023,10,4,5,40,27,84,40,0,1,9,-33.887311,150.943315,24,0,2,1,2,0,0,0,2,2,7,60,1,5929,5929,1,0,19,2,0,1,0,0
1339645,2,2023,2023,2,4,8,16,10,67,22,0,1,9,-33.386672,151.349174,16,2,2,1,1,0,0,0,2,0,0,50,1,1669,1669,3,10,36,2,0,0,1,0
1339646,4,2023,2023,2,4,7,28,27,16,62,0,1,1,-36.723656,149.904653,5,2,1,0,0,0,0,0,2,0,7,80,1,3775,3775,0,5,0,2,0,1,0,1
1339647,4,2023,2023,9,4,7,19,31,197,702,0,1,1,-33.949218,151.081532,25,0,2,1,1,0,0,0,2,0,7,50,2,1220,1220,9,5,28,2,0,1,0,0
1339648,4,2023,2023,2,6,3,9,27,9,34609,0,1,10,-32.864069,147.583249,53,1,0,1,0,0,0,0,2,0,0,100,0,6545,6545,4,10,12,2,0,1,0,0
1339653,1,2023,2023,5,3,6,4,27,2,34609,0,1,1,-34.768014,148.950246,82,1,0,0,0,0,0,0,2,0,7,100,0,418,714,5,10,40,1,0,0,0,1
1339657,4,2023,2023,2,1,8,154,27,55,244,0,1,9,-33.900258,151.087041,67,0,2,1,0,0,0,0,2,0,7,60,2,43,43,3,5,5,2,0,1,0,0
1339659,4,2023,2023,2,6,11,3371,17,85,3342,1,0,9,-33.730234,151.123805,36,0,2,1,2,0,0,0,0,0,7,60,2,1220,1220,9,5,28,2,0,1,0,0
1339663,2,2023,2023,2,5,5,7,1,33,34609,0,1,9,-35.124431,147.338939,75,2,1,1,3,0,0,0,2,0,7,50,0,489,489,8,34,40,1,0,0,1,0
1339665,2,2023,2023,2,0,7,11,1,104,34609,0,1,1,-33.795716,150.782065,55,0,2,0,1,0,0,0,2,0,7,50,0,2585,4009,1,30,5,3,0,0,1,0
1339669,4,2023,2023,2,5,10,25,27,147,94,0,1,7,-33.883294,151.00205,15,0,2,1,2,0,0,0,0,0,0,40,1,323,323,1,16,0,2,0,1,0,1
1339672,4,2023,2023,10,3,6,1,27,5,34609,0,1,1,-30.389344,152.872286,6,1,0,1,0,2,0,0,2,0,7,100,0,4026,4026,8,0,40,1,0,1,0,0
1339673,2,2023,2023,1,6,0,67,27,100,15,0,1,1,-33.805994,151.164907,38,0,2,1,0,0,3,4,0,0,7,50,1,9859,9859,1,0,13,3,0,0,1,0
1339674,2,2023,2023,10,1,5,67,10,26,34609,0,1,1,-34.392905,150.486914,78,2,1,0,0,0,0,0,2,0,7,80,0,4552,5151,8,21,40,1,0,0,1,0
1339678,4,2023,2023,2,5,5,1,27,3,34609,0,1,1,-31.934906,151.820445,43,1,0,1,0,0,0,0,2,0,7,100,0,1945,1945,5,8,40,1,0,1,0,0
1339679,2,2023,2023,2,1,10,32,27,169,88,0,1,9,-33.610968,150.742887,29,2,2,0,2,0,0,0,3,0,0,60,2,6545,6545,4,5,5,2,0,0,1,0
1339681,4,2023,2023,9,4,7,62,10,122,62,0,1,10,-33.427279,151.344216,16,2,2,1,1,0,0,0,2,1,7,50,2,1192,1192,1,15,5,2,0,1,0,0
1339686,2,2023,2023,2,3,4,36,27,3,83,0,1,9,-29.431386,153.260207,18,1,0,1,0,0,0,0,2,0,0,90,1,2852,2852,4,0,13,2,0,0,1,1
1339687,4,2023,2023,9,2,8,3371,17,6,3342,0,1,3,-28.924125,153.473194,2,1,0,1,0,0,0,0,2,0,7,110,2,9859,9859,1,29,5,2,0,1,0,0
1339689,4,2023,2023,9,5,4,2209,17,273,2205,0,1,9,-34.425421,150.89092,80,0,2,1,0,0,3,4,2,2,9,50,2,2040,2040,9,0,28,2,0,1,0,0
1339690,4,2023,2023,9,3,7,120,36,35,148,0,1,1,-30.440511,152.873028,6,1,0,1,0,0,0,0,2,0,7,100,2,3775,3775,0,0,13,3,0,1,0,0
1339692,4,2023,2023,2,0,10,123,36,11,90,0,1,1,-31.729902,151.867951,43,2,1,0,0,0,0,0,0,0,7,80,1,2585,4009,8,19,40,1,0,1,0,0
1339698,4,2023,2023,9,2,3,3,27,4,34609,0,1,9,-33.341769,149.878307,40,1,0,1,0,2,0,0,2,0,7,100,0,9859,9859,8,33,40,1,0,1,0,0
1339705,4,2023,2023,9,3,3,13,27,438,34609,0,1,10,-33.861007,151.028079,21,0,2,1,1,0,0,0,2,2,7,50,0,5929,5929,1,0,5,2,0,1,0,0
1339707,2,2023,2023,2,6,8,60,27,101,262,0,1,2,-32.902443,151.620436,37,0,2,1,1,0,0,0,2,0,7,90,2,14295,14295,3,0,10,2,0,0,1,0
1339708,2,2023,2023,10,2,0,33,18,9,8,0,1,1,-28.78773,153.556252,2,2,1,1,0,0,0,0,0,0,7,80,1,9859,9859,8,10,40,1,0,0,1,0
1339712,2,2023,2023,9,0,8,54,27,38,563,0,1,9,-34.046271,150.987797,68,0,2,1,0,0,0,0,2,0,15,80,2,150,150,4,0,5,2,0,0,1,0
1339717,4,2023,2023,2,1,9,1,22,91,96,0,1,7,-32.973538,151.643583,37,0,2,0,3,0,2,6,2,0,0,40,2,6545,6545,4,0,0,2,0,1,0,0
1339718,2,2023,2023,2,6,11,4,27,532,75,0,1,9,-33.869858,151.211959,69,0,2,0,2,0,3,4,0,2,7,40,1,4552,985,8,5,40,1,0,0,1,0
1339719,1,2023,2023,9,2,1,111,27,102,233,0,1,9,-33.965271,151.23138,59,0,2,1,2,0,0,0,0,0,0,60,2,2852,2852,4,0,5,2,0,0,0,2
1339723,2,2023,2023,2,1,7,61,27,32,208,0,1,9,-33.857624,150.958663,21,0,2,1,1,0,0,0,2,2,7,60,1,14295,14295,3,10,13,2,0,0,1,0
1339724,4,2023,2023,10,1,8,111,27,150,233,0,1,9,-33.933464,151.230307,4,0,2,1,0,0,0,0,2,0,15,60,2,6545,6545,4,0,5,2,0,1,0,0
1339727,1,2023,2023,2,2,6,97,31,532,34609,0,1,0,-33.875746,151.207914,69,0,2,1,0,0,0,0,2,0,7,40,0,1282,1282,1,5,5,16,0,0,0,1
1339728,2,2023,2023,9,0,6,229,14,173,237,0,1,3,-33.766143,151.112253,61,0,2,1,1,0,0,0,2,0,7,100,2,14295,14295,3,5,5,3,0,0,2,0
1339729,4,2023,2023,9,3,8,1,18,41,34609,0,1,1,-34.061654,150.681842,12,0,2,1,0,0,0,0,2,0,7,80,0,9859,9859,8,0,40,1,0,1,0,0
1339735,2,2023,2023,2,6,7,3,27,36,34609,0,1,1,-35.486795,149.784005,58,1,0,0,0,0,0,3,2,0,7,100,0,3775,3775,0,0,0,2,0,0,2,0
1339736,4,2023,2023,2,4,10,220,27,66,222,0,1,10,-33.711991,150.933484,7,0,2,1,2,0,0,0,0,2,7,80,2,5929,5929,1,0,5,2,0,1,2,0
1339742,2,2023,2023,2,4,9,14,27,36,14,0,1,2,-33.795555,151.014846,54,0,2,0,1,0,0,0,2,0,7,60,2,190,190,1,17,40,2,0,0,1,0
1339743,2,2023,2023,9,2,8,13,31,103,34609,0,1,7,-34.311738,148.296007,30,2,1,1,1,0,0,0,2,0,0,50,0,14295,14295,3,5,0,2,0,0,1,0
1339745,2,2023,2023,2,4,5,5,27,52,769,0,1,9,-33.700162,150.92852,7,0,2,1,1,0,0,0,2,2,7,80,2,1220,1220,9,33,28,2,0,0,1,0
1339748,2,2023,2023,2,1,4,71,17,61,71,0,1,1,-35.656049,144.910432,51,1,0,1,0,0,3,3,2,0,7,100,2,3775,3775,0,5,13,2,0,0,1,0
1339749,4,2023,2023,2,4,7,35,31,90,262,0,1,10,-32.919775,151.747767,48,0,2,1,1,0,0,0,2,2,7,60,2,2040,2040,9,5,28,2,0,1,0,0
1339752,4,2023,2023,2,5,8,294,17,6,288,0,1,10,-34.725806,143.887388,51,1,0,1,1,0,3,3,2,0,0,110,2,945,945,5,5,40,1,0,1,0,0
1339757,4,2023,2023,2,4,3,1052,14,207,928,0,1,3,-33.568756,151.192524,31,0,2,1,1,0,0,3,2,0,7,110,2,9859,9859,8,5,40,1,0,1,0,0
1339762,2,2023,2023,11,0,7,475,10,137,268,0,1,10,-33.902703,150.89674,24,0,2,1,1,0,0,0,2,2,7,60,2,6545,6545,4,5,5,2,0,0,1,0
1339764,2,2023,2023,2,3,4,38,27,8,45,0,1,9,-35.085946,150.64457,63,2,1,1,1,0,0,0,2,0,0,60,1,2852,2852,4,0,13,2,0,0,1,0
1339765,2,2023,2023,2,3,11,14,27,14,34609,0,1,1,-34.382287,148.411305,30,1,0,1,0,0,0,0,0,0,7,100,0,9859,9859,8,5,40,1,0,0,1,0
1339766,4,2023,2023,9,1,4,229,14,173,237,0,1,3,-33.787283,151.134522,61,0,2,1,0,0,0,0,2,0,7,100,2,14295,14295,3,29,13,3,0,1,1,0
1339767,2,2023,2023,2,5,10,69,7,20,34609,0,1,1,-33.976655,151.096103,25,0,2,1,2,0,0,0,0,0,7,50,0,9859,9859,8,10,40,1,0,0,1,0
1339770,4,2023,2023,10,5,5,149,27,38,198,0,1,1,-34.037186,150.960163,68,0,2,1,0,0,0,0,2,0,7,90,2,1109,787,1,5,0,2,0,2,0,0
1339774,4,2023,2023,9,1,10,2261,17,140,2252,0,1,9,-33.900148,150.997731,15,0,2,1,2,0,0,0,0,0,7,70,2,591,591,1,22,5,2,0,1,0,0
1339776,4,2023,2023,9,4,9,90,31,169,165,0,1,2,-33.901735,151.21476,69,0,2,1,1,0,0,0,2,0,7,60,2,1981,1981,4,5,19,2,0,1,0,0
1339780,2,2023,2023,2,5,11,515,14,202,518,0,1,6,-33.94063,151.034801,15,0,2,0,2,0,3,4,0,0,0,70,2,14295,14295,3,10,0,2,0,0,1,0
1339786,4,2023,2023,9,4,4,512,17,17,441,0,1,1,-33.434029,149.355633,3,2,1,1,0,0,2,6,2,0,7,80,2,9859,9859,1,5,23,2,0,2,0,0
1339790,2,2023,2023,2,0,6,118,27,646,118,0,1,9,-33.927125,151.030327,15,0,2,1,1,0,0,0,2,0,0,60,1,623,623,3,22,0,2,0,0,1,0
1339791,2,2023,2023,2,0,4,220,14,51,220,0,1,6,-34.201124,150.96602,80,0,2,0,1,0,0,0,2,0,7,70,2,2585,4009,8,8,40,1,0,0,1,0
1339792,1,2023,2023,11,3,8,33,27,16,41,0,1,10,-33.745618,150.73739,55,0,2,1,2,0,0,0,2,2,7,50,1,14295,14295,3,0,5,2,0,0,0,2
1339793,4,2023,2023,2,5,7,2,27,22,34609,0,1,10,-33.824959,150.917853,21,0,2,1,1,0,0,0,2,2,7,60,0,4026,4026,8,16,40,1,0,1,0,0
1339795,2,2023,2023,2,0,8,478,17,13,480,1,0,7,-33.372717,151.474997,16,2,2,1,1,0,0,0,2,0,0,60,2,9859,9859,8,5,40,1,0,0,1,0
1339796,2,2023,2023,2,4,8,1,10,103,34609,0,1,1,-34.302118,148.391541,30,1,0,0,0,0,0,0,2,0,7,100,0,2585,4009,8,23,40,1,0,0,1,0
1339803,2,2023,2023,9,6,7,4,31,49,34609,0,1,1,-33.934637,151.155918,4,0,2,1,1,0,0,0,2,0,7,50,0,368,368,9,0,28,3,0,0,1,0
1339809,2,2023,2023,2,6,3,18,27,13,34609,0,1,9,-32.487118,152.015602,43,1,0,0,1,0,0,0,2,0,7,100,0,1259,5151,8,5,40,1,0,0,1,0
1339811,2,2023,2023,9,5,6,387,27,290,331,0,1,9,-33.95866,151.117701,4,0,2,0,1,0,0,0,2,0,7,60,2,1669,1669,3,0,5,2,0,0,1,0
1339812,2,2023,2023,10,5,8,348,17,19,232,0,1,9,-33.425158,150.104313,40,1,0,1,0,0,0,0,2,0,0,100,2,1109,397,1,0,5,2,0,0,3,0
1339814,4,2023,2023,2,2,5,6,27,10,34609,0,1,1,-31.34558,152.783191,56,2,1,0,1,0,0,0,2,0,7,80,0,1850,1463,5,16,40,1,0,1,0,0