Crash ID,Degree of crash - detailed,Reporting year,Year of crash,Month of crash,Day of week of crash,Two-hour intervals,Street of crash,Street type,Town,Route no.,School zone location,School zone active,Type of location,Latitude,Longitude,LGA,Urbanisation,Conurbation 1,Alignment,Street lighting,Road surface,Surface condition,Weather,Natural lighting,Signals operation,Other traffic control,Speed limit,Road classification,RUM - code,DCA - code,First impact type,Key TU type,Other TU type,No. of traffic units involved,No. killed,No. seriously injured,No. moderately injured,No. minor-other injured
1339815,1,2023,2023,2,0,4,92,27,129,244,0,1,9,-33.896526,151.103532,15,0,2,1,1,0,0,0,2,0,7,60,2,2040,2040,9,0,28,2,0,0,0,1
1339816,2,2023,2023,9,3,5,27,10,21,34609,0,1,9,-28.271051,153.466074,72,2,1,1,1,0,3,4,2,0,0,60,0,2852,2852,4,0,13,2,0,0,1,0
1339820,2,2023,2023,2,6,5,8,31,166,34609,0,1,7,-33.412253,149.58496,3,2,1,0,0,0,0,0,2,0,0,50,0,1957,777,8,5,40,1,0,0,1,0
1339824,4,2023,2023,2,0,8,17,31,106,32,0,1,1,-33.913031,151.088285,15,0,2,1,1,0,0,0,2,0,7,50,1,941,941,1,0,19,2,0,1,0,0
1339826,4,2023,2023,9,4,6,283,27,70,702,0,1,10,-33.975507,151.103033,25,0,2,1,1,0,0,0,2,0,0,60,2,2852,2852,4,5,0,2,0,1,1,1
1339828,2,2023,2023,2,3,11,43,22,125,34609,0,1,1,-33.865372,151.081244,67,0,2,1,3,0,2,6,0,0,7,50,0,9859,9859,8,5,40,1,0,0,1,0
1339834,2,2023,2023,2,4,8,19,31,433,40,0,1,10,-33.284165,149.103632,52,2,1,1,1,0,0,0,2,2,7,50,1,5929,5929,1,5,13,2,0,0,2,0
1339835,4,2023,2023,11,2,10,42,36,18,34609,0,1,1,-30.696875,152.965162,47,1,0,1,3,0,2,6,0,0,7,100,0,945,945,5,16,40,1,0,1,0,0
1339836,2,2023,2023,9,3,10,24,31,314,34609,0,1,1,-33.856062,150.930249,24,0,2,1,2,0,0,0,3,0,7,50,0,9859,9859,1,5,10,2,0,0,1,0
1339837,1,2023,2023,2,2,0,8,27,194,34609,0,1,9,-30.476646,151.735033,1,1,0,0,0,0,0,0,0,0,0,100,0,2585,985,8,10,40,1,0,0,0,1
1339841,2,2023,2023,2,0,5,3371,17,54,3342,0,1,9,-33.08766,151.639027,37,0,2,1,1,0,0,0,2,0,7,60,2,1220,1220,9,5,28,2,0,0,1,0
1339844,2,2023,2023,2,0,5,3371,17,44,3342,0,1,2,-30.554212,153.004439,6,1,0,1,0,0,0,3,2,0,7,110,2,4026,4026,8,5,40,1,0,0,1,0
1339851,4,2023,2023,6,0,9,916,17,9,917,0,1,1,-32.414467,151.026871,64,1,0,0,0,0,0,0,0,0,7,100,2,3775,3775,0,5,36,3,0,1,1,0
1339852,4,2023,2023,2,3,1,2,18,9,34609,0,1,1,-32.562659,149.588054,44,1,0,1,0,2,0,0,0,0,7,100,0,9859,9859,8,10,40,1,0,2,0,0
1339853,4,2023,2023,2,6,10,2,7,42,34609,0,1,1,-33.920694,150.899571,41,0,2,1,2,0,0,0,3,0,7,50,0,2040,2040,9,21,28,2,0,1,0,0
1339859,4,2023,2023,2,3,0,119,31,532,55,0,1,10,-33.873753,151.212595,69,0,2,1,2,0,0,0,0,2,7,40,1,6545,6545,4,5,0,2,0,1,2,1
1339860,2,2023,2023,2,2,10,4,27,3,34609,0,1,1,-32.351427,151.73621,51,1,0,1,0,0,0,0,0,0,7,90,0,1089,1089,7,16,40,1,0,0,1,0
1339865,2,2023,2023,10,2,6,13,27,89,34609,0,1,9,-33.378728,151.471245,16,2,2,1,1,0,0,0,2,2,7,60,0,5929,5929,1,5,36,2,0,0,1,0
1339868,2,2023,2023,2,0,10,3371,17,463,3342,0,1,2,-30.312669,153.09379,19,2,1,1,2,0,0,0,0,0,7,60,2,9859,9859,8,5,40,1,0,0,1,0
1339871,4,2023,2023,2,0,10,3,23,43,34609,0,1,7,-33.731506,150.780965,7,0,2,1,2,0,0,0,0,0,0,50,0,6545,6545,4,30,19,2,0,1,0,1
1339874,4,2023,2023,2,1,6,916,17,91,917,0,1,2,-32.798799,151.639595,48,0,2,0,0,0,0,0,2,0,7,90,2,2585,4009,8,0,40,2,0,1,0,1
1339875,1,2023,2023,2,3,10,346,36,5,14,0,1,1,-28.811956,150.656655,33,1,0,1,0,0,0,0,0,0,7,100,1,1089,1089,7,8,40,1,0,0,0,1
1339878,2,2023,2023,2,0,9,39,27,284,563,1,0,9,-33.905132,151.036236,15,0,2,1,2,0,0,0,3,2,6,50,2,1383,1383,1,0,5,2,0,0,2,0
1339879,1,2023,2023,11,2,8,17,31,228,39,0,1,2,-34.758711,149.716721,26,2,1,1,1,0,0,0,3,0,7,50,2,1220,1220,9,5,28,2,0,0,0,1
1339880,4,2023,2023,2,2,11,21,31,82,605,0,1,10,-33.827837,151.201905,49,0,2,1,2,0,0,0,0,2,9,60,2,2040,2040,9,0,28,2,0,1,0,0
1339881,4,2023,2023,2,2,10,3371,17,82,3342,0,1,2,-33.828461,151.20123,49,0,2,1,2,0,0,0,0,0,7,60,2,1945,1945,5,15,40,1,0,1,0,0
1339883,2,2023,2023,9,1,7,225,17,76,180,0,1,1,-34.546017,150.378128,78,2,1,1,0,0,0,0,2,0,7,50,2,190,190,1,0,13,2,0,0,1,1
1339884,2,2023,2023,2,2,5,225,17,76,180,0,1,1,-34.548386,150.372631,78,2,1,1,0,0,0,0,2,0,7,50,2,1220,1220,9,5,28,2,0,0,1,0
1339897,4,2023,2023,2,6,8,12,27,28,34609,0,1,9,-32.943311,151.626658,37,0,2,1,1,0,0,0,2,2,7,60,0,5929,5929,1,5,0,2,0,1,0,0
1339898,1,2023,2023,2,2,4,8,31,215,34609,0,1,9,-35.112287,147.373075,75,2,1,1,0,0,0,0,2,0,7,50,0,1109,397,1,5,5,2,0,0,0,3
1339899,4,2023,2023,11,5,2,48,10,19,121,0,1,9,-31.415528,152.846456,56,2,1,1,0,0,0,0,1,0,7,80,1,14295,14295,3,5,27,2,0,1,0,0
1339901,2,2023,2023,2,4,6,44,27,75,34609,0,1,9,-33.878454,151.121384,32,0,2,1,1,0,0,0,2,0,0,50,0,1957,777,8,19,40,1,0,0,1,1
1339905,1,2023,2023,9,0,10,43,27,121,34609,1,0,10,-33.799212,151.286721,50,0,2,1,2,0,3,4,0,2,7,30,0,2040,2040,9,10,28,2,0,0,0,1
1339907,2,2023,2023,2,3,8,67,27,157,55,0,1,9,-34.009784,151.105399,68,0,2,1,1,0,0,3,2,0,7,70,2,1383,1383,1,5,0,3,0,0,4,0
1339909,4,2023,2023,10,3,7,2,10,47,34609,0,1,1,-33.778536,151.293478,50,0,2,1,0,0,0,0,2,0,7,50,0,340,340,9,0,28,3,0,1,0,0
1339910,2,2023,2023,10,6,6,23,14,532,22,0,1,8,-33.861539,151.212259,69,0,2,1,2,0,3,0,2,0,7,70,2,1945,1945,5,15,40,1,0,0,1,0
1339911,2,2023,2023,2,2,8,149,10,346,702,0,1,9,-33.875349,151.067121,67,0,2,1,0,0,0,0,2,2,7,80,2,14295,14295,3,0,5,2,0,0,1,0
1339913,2,2023,2023,2,0,6,12,31,102,34609,0,1,1,-33.94897,151.203979,4,0,2,1,1,0,0,0,2,0,7,50,0,368,368,9,5,28,2,0,0,1,0
1339914,4,2023,2023,2,5,2,39,27,11,29,0,1,1,-32.521681,149.660118,44,1,0,0,0,0,0,0,1,0,7,100,1,2585,4009,8,10,40,1,0,1,0,0
1339916,2,2023,2023,2,5,4,92,27,129,244,1,0,9,-33.895875,151.106206,9,0,2,1,1,0,0,0,2,0,7,60,2,9859,9859,8,5,40,1,0,0,1,0
1339924,4,2023,2023,2,2,6,916,17,19,917,0,1,1,-30.672373,151.482546,51,1,0,1,0,0,0,0,2,0,7,100,2,475,475,5,9,40,1,0,1,0,0
1339925,4,2023,2023,2,6,8,2,31,194,34609,0,1,10,-30.524339,151.677812,1,2,1,1,0,0,0,0,2,0,0,50,0,6545,6545,4,0,5,2,0,1,0,0
1339926,4,2023,2023,2,2,6,213,17,9,213,0,1,1,-29.578606,152.543662,18,1,0,1,0,0,0,0,2,0,7,100,2,1945,1945,5,16,40,1,0,1,0,0
1339927,2,2023,2023,9,3,7,54,27,284,18,0,1,7,-33.897674,151.025746,15,0,2,1,0,0,0,0,2,0,0,60,1,775,775,4,0,5,2,0,0,1,0
1339931,4,2023,2023,6,1,4,67,25,56,68,0,1,10,-33.804383,151.205578,77,0,2,1,0,0,0,0,2,2,7,50,1,2040,2040,9,0,28,2,0,1,0,0
1339932,2,2023,2023,2,0,8,150,27,309,415,0,1,10,-33.797721,151.114963,61,0,2,0,0,0,0,0,2,2,7,70,2,5929,5929,1,5,0,2,0,0,1,0
1339936,2,2023,2023,2,4,4,11,27,9,34609,0,1,1,-28.426295,153.385865,72,2,1,0,0,0,3,4,2,0,7,60,0,1259,5151,8,5,40,1,0,0,1,0
1339938,1,2023,2023,2,0,10,21,27,23,15,0,1,1,-32.315163,149.197765,44,1,0,1,0,0,0,0,0,0,7,100,1,9859,9859,8,0,40,1,0,0,0,1
1339940,1,2023,2023,2,4,3,13,31,207,34609,0,1,7,-31.959693,141.461018,51,2,1,1,0,0,0,0,2,0,0,50,0,6545,6545,4,10,41,2,0,0,0,1
1339947,1,2023,2023,2,3,7,2,1,53,34609,0,1,9,-33.916137,150.848801,41,0,2,1,1,0,0,0,2,0,7,50,0,2852,2852,4,0,0,3,0,0,0,1
1339951,4,2023,2023,2,4,11,20,27,34,20,0,1,1,-35.079115,150.658904,63,2,1,1,0,0,0,0,0,0,7,80,1,9859,9859,8,5,40,1,0,1,0,0
1339953,1,2023,2023,2,6,8,3,27,337,34609,0,1,9,-33.721048,151.000037,71,0,2,1,1,0,0,0,2,0,7,50,0,14295,14295,3,5,0,4,0,0,0,1
1339954,4,2023,2023,2,0,5,3371,17,147,3342,0,1,9,-33.744207,151.141177,36,0,2,1,1,0,0,0,2,0,2,60,2,775,775,4,5,0,2,0,1,0,0
1339956,1,2023,2023,2,5,6,133,31,646,97,0,1,10,-33.917649,151.02952,15,0,2,1,1,0,0,0,2,2,6,60,1,5929,5929,1,5,0,2,0,0,0,1
1339957,4,2023,2023,2,1,4,46,1,121,34609,0,1,1,-28.199283,153.51695,72,2,1,0,0,0,0,0,2,0,7,50,0,1957,4009,8,5,40,1,0,1,0,0
1339958,4,2023,2023,1,6,4,1052,14,149,928,0,1,3,-33.348359,151.365594,16,1,2,1,1,0,0,0,2,0,7,110,2,14295,14295,3,5,2,2,0,1,0,0
1339959,4,2023,2023,2,0,8,37,27,89,34609,0,1,1,-33.672894,150.779266,55,0,2,1,0,0,0,0,2,0,7,70,0,4026,4026,8,5,40,1,0,2,0,0
1339960,2,2023,2023,9,4,4,16,36,54,43,0,1,1,-28.512728,153.530654,10,2,1,1,0,0,3,4,2,0,7,50,1,3775,3775,0,5,13,2,0,0,1,0
1339962,4,2023,2023,2,0,5,2,36,316,34609,0,1,1,-31.470684,152.872077,56,2,1,0,0,0,0,0,2,0,7,50,0,3775,3775,0,10,5,2,0,1,0,0
1339963,2,2023,2023,2,2,11,6,27,59,34609,0,1,7,-34.338828,150.913202,80,0,2,0,2,0,0,0,0,0,0,50,0,1850,1463,5,10,40,1,0,0,1,0
1339969,2,2023,2023,2,6,7,481,17,96,483,0,1,1,-33.482601,147.824035,51,1,0,0,0,0,0,0,2,0,7,110,2,1957,4009,8,10,40,1,0,0,1,0
1339971,4,2023,2023,2,4,9,23,1,31,34609,0,1,10,-33.877259,151.035459,21,0,2,1,1,0,0,0,2,0,0,50,0,6545,6545,4,5,36,3,0,1,0,1
1339973,2,2023,2023,10,2,5,9,27,10,34609,0,1,7,-33.409911,149.551518,3,2,1,1,1,0,0,0,2,0,0,60,0,6545,6545,4,0,5,2,0,0,2,1
1339974,2,2023,2023,2,4,8,36,27,10,83,0,1,1,-29.432258,153.266941,18,1,0,0,0,0,3,4,2,0,7,90,1,380,714,5,10,40,1,0,0,1,0
1339975,2,2023,2023,9,5,4,98,27,294,198,0,1,2,-33.92782,150.930061,41,0,2,1,1,0,0,3,2,0,7,60,2,1220,1220,9,5,28,2,0,0,1,0
1339976,4,2023,2023,2,6,10,27,27,54,65,0,1,9,-33.695564,150.982207,71,0,2,1,0,0,3,4,0,0,7,60,1,9859,9859,8,5,40,1,0,1,0,0
1339980,2,2023,2023,2,5,5,2209,17,21,21,0,1,1,-34.25948,150.947388,80,0,2,1,0,0,3,1,2,0,7,100,1,3775,3775,0,10,0,2,0,0,1,1
1339992,4,2023,2023,1,4,7,14,27,6,34609,0,1,1,-33.435239,149.023398,11,1,0,1,0,0,2,6,2,0,7,100,0,4026,4026,8,0,40,1,0,1,0,0
1339993,4,2023,2023,1,4,6,56,31,119,34609,0,1,9,-32.770706,151.741714,57,2,1,1,1,0,0,0,2,0,0,50,0,3775,3775,0,0,10,2,0,1,0,0
1339994,1,2023,2023,1,2,8,16,27,28,34609,0,1,1,-31.809022,152.603482,43,2,1,0,0,0,0,0,0,0,7,80,0,1957,4009,8,5,40,1,0,0,0,1
1339996,2,2023,2023,1,2,11,2126,17,179,2149,0,1,2,-33.759713,150.724891,55,0,2,1,2,0,3,4,0,0,7,60,2,9859,9859,1,5,13,2,0,0,1,0
1339997,2,2023,2023,1,1,7,2126,17,283,2149,0,1,9,-33.824939,151.004537,54,0,2,1,1,0,3,4,2,2,5,60,2,14295,14295,3,9,5,3,0,0,1,0
1339998,4,2023,2023,1,0,5,45,27,134,40,0,1,1,-33.680656,150.859231,7,0,2,1,0,0,0,0,2,0,7,60,2,1109,787,1,5,22,2,0,1,0,1
1339999,2,2023,2023,1,6,9,16,36,11,2,0,1,1,-32.638291,147.563406,53,1,0,0,0,0,0,3,0,0,7,100,1,2585,4009,8,10,40,1,0,0,1,0
1340000,2,2023,2023,1,3,8,34,10,19,40,0,1,10,-35.855925,150.163146,23,2,1,1,2,0,0,3,3,0,0,80,1,5929,5929,1,9,19,2,0,0,1,0
1340002,2,2023,2023,11,3,1,27,36,29,27,0,1,1,-31.915731,149.667058,51,1,0,0,0,0,0,0,0,0,7,100,1,1259,5151,8,0,40,1,0,0,1,0
1340007,2,2023,2023,1,5,2,916,17,10,917,0,1,1,-29.592454,151.871069,51,1,0,1,0,0,3,3,0,0,7,100,2,3775,3775,0,10,0,2,0,0,1,0
1340008,4,2023,2023,11,5,7,1,27,1,34609,0,1,1,-35.74197,147.817623,27,2,1,0,0,2,0,3,2,0,7,60,0,4552,5151,8,34,40,1,0,1,0,0
1340010,4,2023,2023,1,4,9,105,27,21,109,0,1,1,-33.86935,150.905052,24,0,2,1,2,0,0,0,0,2,7,60,1,1981,1981,4,5,5,2,0,1,1,0
1340012,2,2023,2023,11,1,9,132,31,45,126,0,1,9,-33.888462,151.197672,69,0,2,1,2,0,0,0,0,0,0,50,2,5929,5929,1,5,27,2,0,0,1,0
1340013,2,2023,2023,11,4,8,25,31,363,55,0,1,9,-33.822889,150.989038,21,0,2,1,1,0,0,0,3,0,7,60,1,1669,1669,3,5,5,2,0,0,1,0
1340015,4,2023,2023,1,6,6,125,27,155,75,0,1,10,-33.492792,151.315093,16,2,2,1,1,0,0,0,2,0,15,60,1,6545,6545,4,30,5,2,0,1,0,0
1340016,4,2023,2023,11,3,4,1,27,11,34609,0,1,1,-32.597209,147.513852,51,1,0,0,0,2,0,0,2,0,7,100,0,380,714,5,9,40,1,0,1,0,1
1340018,2,2023,2023,11,6,9,2126,17,65,2149,0,1,2,-33.52419,150.153395,40,2,1,0,3,0,0,0,3,0,7,80,2,14295,14295,3,10,41,2,0,0,1,0
1340019,4,2023,2023,11,5,5,294,17,56,288,0,1,7,-35.122126,147.391842,75,2,1,1,0,0,0,0,2,0,0,60,2,6545,6545,4,5,27,2,0,1,0,0
1340021,2,2023,2023,1,0,10,150,27,173,415,0,1,10,-33.785075,151.128415,61,0,2,1,2,0,0,0,0,2,7,70,2,2852,2852,4,19,13,2,0,0,1,4
1340024,2,2023,2023,11,0,5,2209,17,14,2205,0,1,1,-36.156932,150.096414,23,1,0,1,0,0,0,0,2,0,7,100,2,9859,9859,8,10,40,1,0,0,1,0
1340025,4,2023,2023,11,5,0,2261,17,23,2252,0,1,3,-34.051333,150.811805,13,0,2,0,0,0,2,6,0,0,7,110,2,1850,1463,5,9,40,1,0,1,0,0
1340027,4,2023,2023,11,4,11,78,17,22,75,0,1,8,-33.853957,151.209845,69,0,2,1,2,0,0,0,0,0,7,70,2,9859,9859,8,22,40,1,0,1,0,0
1340029,2,2023,2023,10,3,6,35,27,13,34,0,1,1,-29.942498,151.20184,33,1,0,1,0,0,0,0,2,0,7,100,1,9859,9859,8,5,40,1,0,0,1,1
1340034,2,2023,2023,10,5,5,163,27,73,165,0,1,10,-33.760184,150.809503,7,0,2,1,1,0,0,0,2,2,7,60,1,6545,6545,4,5,13,2,0,0,2,0
1340037,2,2023,2023,10,4,8,334,17,56,308,0,1,9,-31.459817,152.750013,56,2,1,1,0,0,0,0,2,0,7,80,2,14295,14295,3,5,5,4,0,0,2,2
1340039,2,2023,2023,1,2,8,46,27,284,34609,0,1,10,-33.90172,151.008629,15,0,2,1,1,0,0,0,2,0,0,50,0,6545,6545,4,5,13,2,0,0,1,0
1340040,4,2023,2023,10,2,5,62,10,55,169,0,1,1,-32.829178,151.53222,17,2,1,1,0,0,0,0,2,0,7,60,2,1109,787,1,16,19,2,0,1,1,0
1340041,4,2023,2023,11,6,8,133,31,49,34609,1,0,9,-32.991173,151.685189,37,0,2,0,1,0,0,0,2,0,0,60,0,2852,2852,4,16,12,2,0,1,0,0
1340042,2,2023,2023,10,2,10,65,10,132,148,0,1,1,-34.115808,151.061684,68,0,2,0,0,0,0,0,0,0,7,60,2,2585,4009,8,5,40,1,0,0,1,0
1340045,4,2023,2023,11,2,9,123,27,316,120,0,1,10,-33.904831,151.252659,59,0,2,1,0,0,0,0,0,0,0,50,2,6545,6545,4,0,19,2,0,1,0,0
1340046,4,2023,2023,10,3,10,27,27,84,35,1,0,9,-33.805828,150.987041,54,0,2,1,2,0,0,0,0,2,7,40,1,5929,5929,1,0,5,2,0,1,1,1
1340047,2,2023,2023,10,4,5,73,31,149,34609,0,1,1,-33.822362,150.968027,21,0,2,1,0,0,3,4,2,0,7,50,0,9859,9859,1,0,0,2,0,0,1,0
1340049,2,2023,2023,10,5,8,25,27,219,34609,0,1,1,-32.911515,151.664565,48,0,2,1,0,0,0,0,2,0,7,50,0,1981,1981,4,10,5,2,0,0,1,0
1340052,2,2023,2023,10,3,1,485,27,232,769,0,1,10,-33.690414,150.922382,71,0,2,1,3,0,2,6,0,2,7,80,2,4552,985,8,0,40,1,0,0,1,0
1340053,4,2023,2023,10,6,1,55,27,96,160,0,1,1,-34.053303,150.830314,13,0,2,0,2,0,0,0,0,0,7,60,2,4552,5151,8,5,40,1,0,1,0,0
1340054,4,2023,2023,5,0,2,19,27,18,34609,0,1,9,-34.053315,151.142823,68,0,2,1,2,0,0,0,0,0,7,50,0,5929,5929,1,5,19,2,0,1,0,0
1340055,4,2023,2023,1,3,5,54,27,46,19,0,1,7,-33.941536,151.114638,4,0,2,1,1,0,0,0,2,0,0,50,1,312,312,2,19,40,1,0,1,0,0
1340056,2,2023,2023,11,0,11,6,31,13,38,0,1,9,-33.290145,148.73727,11,2,1,1,0,0,0,0,0,0,7,50,2,256,256,4,5,13,2,0,0,1,0
1340058,2,2023,2023,10,5,9,3371,17,53,3342,0,1,1,-33.689693,151.10664,31,0,2,1,1,0,0,0,2,0,7,60,2,1192,1192,1,5,27,2,0,0,1,0
1340059,4,2023,2023,10,3,8,2,27,164,34609,0,1,9,-33.733246,150.901146,7,0,2,1,0,0,0,0,2,0,7,50,0,96,96,0,16,5,2,0,1,0,0
1340061,4,2023,2023,10,0,9,134,10,157,133,0,1,2,-33.798913,151.01704,54,0,2,1,2,0,0,0,0,0,7,90,2,4026,4026,8,5,40,1,0,1,0,0
1340062,2,2023,2023,9,0,5,1,31,44,34609,0,1,9,-33.07651,147.154304,51,2,1,1,1,0,0,0,2,0,7,50,0,775,775,4,30,12,2,0,0,1,0
1340063,4,2023,2023,9,2,10,112,27,370,256,0,1,9,-34.052454,150.824418,13,0,2,0,2,0,0,0,0,3,7,60,2,926,926,4,10,13,2,0,1,0,0
1340064,1,2023,2023,10,6,9,149,36,120,113,1,0,9,-32.215032,152.525687,43,2,1,1,1,0,0,0,2,0,0,60,1,1669,1669,3,30,5,2,0,0,0,2
1340066,4,2023,2023,10,5,8,103,27,176,167,0,1,9,-33.971651,151.136341,4,0,2,1,1,0,0,0,2,2,7,60,2,14295,14295,3,9,18,3,0,1,0,0
1340067,1,2023,2023,11,1,3,3371,17,41,3342,0,1,9,-32.816406,151.696357,57,2,1,1,1,0,0,0,2,2,7,80,2,14295,14295,3,0,0,2,0,0,0,1
1340068,2,2023,2023,10,4,5,90,31,112,165,0,1,2,-33.90891,151.213135,69,0,2,1,1,0,0,0,2,0,7,80,2,14295,14295,3,16,5,2,0,0,1,0
1340069,1,2023,2023,10,0,7,232,36,134,331,0,1,2,-33.981789,150.79944,12,0,2,1,0,0,0,0,2,0,7,80,2,14295,14295,3,5,13,4,0,0,0,2
1340076,4,2023,2023,10,3,7,44,1,39,34609,0,1,1,-33.2415,151.471765,16,2,2,1,1,0,0,0,2,0,7,50,0,340,340,9,5,28,2,0,1,0,0
1340077,4,2023,2023,9,6,7,3371,17,77,3342,0,1,1,-33.038025,151.659423,37,0,2,1,1,0,0,0,2,0,7,50,2,9859,9859,1,30,5,2,0,1,0,0
1340080,4,2023,2023,9,3,4,195,27,76,186,0,1,2,-33.924029,150.848749,41,0,2,1,1,0,3,4,2,0,7,70,2,3775,3775,0,10,0,3,0,2,0,0
1340081,4,2023,2023,9,0,11,2,18,49,34609,0,1,1,-34.744248,149.842335,26,1,0,0,0,0,0,0,0,0,7,100,0,4552,5151,8,34,40,1,0,1,1,0
1340082,2,2023,2023,9,3,4,255,27,103,76,0,1,1,-32.939235,151.670744,37,0,2,0,1,0,0,0,2,0,7,60,1,2585,4009,8,5,40,1,0,0,1,0
1340088,4,2023,2023,9,6,3,334,17,41,308,0,1,1,-31.467588,152.803294,56,1,0,0,0,0,0,3,1,0,7,90,2,3775,3775,0,5,12,2,0,2,0,0
1340089,2,2023,2023,9,1,7,3371,17,104,3342,0,1,2,-32.852315,151.700578,48,0,2,1,3,0,3,4,2,0,7,40,2,14295,14295,3,5,0,4,0,0,1,0
1340090,2,2023,2023,9,2,11,127,31,27,34609,1,0,1,-32.655901,151.348849,17,2,1,1,1,0,0,0,0,0,7,60,0,9859,9859,8,10,40,1,0,0,1,0
1340092,2,2023,2023,9,6,3,2209,17,144,2205,0,1,9,-34.067166,151.014887,68,0,2,1,1,0,0,0,2,0,7,70,2,14295,14295,3,0,0,3,0,0,1,0
1340093,2,2023,2023,9,0,4,265,17,7,193,0,1,1,-34.428358,148.237757,30,1,0,1,0,0,0,0,2,0,7,100,2,323,323,1,10,37,2,0,0,1,1
1340095,4,2023,2023,9,5,10,3,27,16,6,0,1,1,-29.098057,153.406758,60,2,1,1,0,0,3,0,0,0,7,80,1,4026,4026,8,5,40,1,0,1,0,0
1340096,2,2023,2023,10,5,8,147,27,224,605,0,1,9,-33.824548,151.240988,45,0,2,1,1,0,3,3,3,2,9,60,2,1220,1220,9,0,28,2,0,0,1,0
1340100,4,2023,2023,9,3,4,9,27,7,34609,0,1,1,-33.233963,151.268969,16,2,2,0,0,0,0,0,2,0,7,80,0,3775,3775,0,16,13,2,0,1,0,0
1340102,4,2023,2023,9,6,9,3371,17,16,3342,0,1,2,-31.285468,152.815613,56,1,0,1,0,0,0,0,0,0,7,110,2,1945,1945,5,5,40,1,0,1,0,0
1340103,2,2023,2023,9,0,4,157,17,18,158,0,1,1,-33.639748,149.101564,51,1,0,1,0,0,0,0,2,0,7,100,2,1945,1945,5,16,40,1,0,0,1,0
1340104,4,2023,2023,9,5,7,104,27,16,140,0,1,2,-33.925096,151.227424,4,0,2,0,1,0,0,0,2,0,7,60,2,186,186,9,5,28,2,0,1,1,0
1340111,4,2023,2023,9,1,8,2209,17,4,2205,0,1,1,-37.305073,149.76567,5,1,0,0,0,0,3,4,3,0,7,100,2,4552,5151,8,21,40,1,0,2,0,0
1340120,2,2023,2023,10,6,5,177,31,65,34609,0,1,9,-33.856885,150.900727,24,0,2,1,1,0,0,0,2,0,7,60,0,14295,14295,3,0,5,3,0,0,2,0
1340122,2,2023,2023,9,4,7,3,31,143,34609,0,1,1,-33.885408,151.105922,9,0,2,1,1,0,0,0,2,0,7,50,0,186,186,9,22,28,3,0,0,2,0
1340126,2,2023,2023,2,0,1,9,27,3,56,0,1,1,-32.933701,147.427344,51,1,0,0,0,0,0,0,0,0,7,100,1,418,714,5,3,40,1,0,0,1,0
1340128,4,2023,2023,9,6,4,98,27,87,799,0,1,2,-33.929998,150.939282,41,0,2,0,0,0,3,4,2,0,7,70,2,3775,3775,0,5,5,3,0,2,3,1
1340131,4,2023,2023,2,2,3,3371,17,18,3342,0,1,2,-30.944092,152.864335,34,1,0,1,0,0,0,0,1,0,7,110,2,475,475,5,21,40,1,0,2,0,0
1340137,4,2023,2023,2,1,7,16,27,37,16,0,1,1,-33.846956,150.736063,55,0,2,1,0,0,0,0,2,0,7,80,1,3775,3775,0,0,0,3,0,2,0,0
1340138,2,2023,2023,2,4,8,2209,17,40,2205,0,1,2,-35.761873,150.154747,23,1,0,0,0,0,0,3,2,0,7,90,2,782,957,5,3,40,1,0,0,1,0
1340143,2,2023,2023,2,0,10,5,27,9,34609,0,1,1,-33.472939,149.588995,3,2,1,0,0,0,0,0,0,0,7,80,0,782,957,5,10,40,1,0,0,1,0
1340144,4,2023,2023,2,3,0,1,27,14,34609,0,1,1,-35.068116,147.386439,75,2,1,0,0,0,0,0,0,0,7,50,0,4552,5151,8,0,40,1,0,2,0,1
1340147,1,2023,2023,2,6,7,193,27,253,34609,0,1,0,-33.964862,151.104345,25,0,2,1,1,0,0,0,2,0,7,50,0,214,214,9,33,28,2,0,0,0,1
1340148,1,2023,2023,9,6,2,2126,17,283,2149,0,1,2,-33.83015,151.010873,54,0,2,1,2,0,3,3,0,0,7,60,2,14295,14295,3,5,19,4,0,0,0,1
1340149,2,2023,2023,11,2,2,916,17,5,917,0,1,1,-30.781698,151.333803,70,1,0,1,0,0,0,0,1,0,7,100,2,1945,1945,5,9,40,1,0,0,1,0
1340150,4,2023,2023,2,3,8,123,36,3,49,0,1,1,-30.303689,151.205687,51,1,0,1,0,0,0,0,2,0,7,100,1,9859,9859,8,5,40,1,0,1,0,0
1340154,2,2023,2023,2,5,2,90,36,24,102,0,1,1,-34.509375,148.056237,20,1,0,0,0,0,0,0,1,0,7,100,2,4552,5151,8,0,40,1,0,0,1,0
1340156,2,2023,2023,2,1,3,55,31,78,34609,0,1,10,-28.331045,153.395189,72,2,1,1,0,0,0,0,2,0,0,50,0,6545,6545,4,22,0,2,0,0,1,0
1340157,4,2023,2023,2,5,8,83,27,13,34609,0,1,1,-28.674283,153.559343,10,2,1,0,0,0,0,0,2,0,7,80,0,96,96,0,5,12,2,0,1,0,1
1340158,4,2023,2023,9,0,9,34,31,145,34609,1,0,1,-33.9281,151.121873,15,0,2,1,0,0,0,3,2,0,7,50,0,3775,3775,0,0,5,3,0,2,0,1
1340159,4,2023,2023,2,2,4,3,27,40,34609,0,1,1,-35.045615,150.510631,63,1,0,0,0,0,0,0,2,0,7,90,0,3775,3775,0,10,0,2,0,2,1,0
1340161,4,2023,2023,2,2,5,1,10,106,34609,0,1,9,-34.571808,150.813414,62,0,2,1,1,0,0,0,2,0,7,50,0,9859,9859,8,0,40,1,0,1,0,0