Crash ID,Degree of crash - detailed,Reporting year,Year of crash,Month of crash,Day of week of crash,Two-hour intervals,Street of crash,Street type,Town,Route no.,School zone location,School zone active,Type of location,Latitude,Longitude,LGA,Urbanisation,Conurbation 1,Alignment,Street lighting,Road surface,Surface condition,Weather,Natural lighting,Signals operation,Other traffic control,Speed limit,Road classification,RUM - code,DCA - code,First impact type,Key TU type,Other TU type,No. of traffic units involved,No. killed,No. seriously injured,No. moderately injured,No. minor-other injured
1340170,4,2023,2023,2,2,9,234,27,112,217,1,0,1,-33.684918,151.027545,31,0,2,1,3,0,0,0,2,0,7,60,2,9859,9859,8,5,40,1,0,1,0,0
1340172,1,2023,2023,2,1,8,24,27,123,34609,0,1,9,-33.883445,151.222646,81,0,2,0,0,0,0,0,2,0,7,40,0,2040,2040,9,5,28,2,0,0,0,1
1340179,1,2023,2023,2,4,8,205,27,45,415,0,1,2,-33.700747,151.212783,50,0,2,1,0,0,0,0,2,0,7,80,2,14295,14295,3,5,5,3,0,0,0,1
1340181,4,2023,2023,10,6,6,330,23,293,112,0,1,10,-33.94003,151.238741,59,0,2,1,0,0,0,0,2,2,9,50,2,1220,1220,9,0,28,2,0,1,0,0
1340182,2,2023,2023,2,0,10,9,27,42,29,1,0,9,-33.739958,151.275751,50,0,2,1,2,0,0,0,0,0,7,50,1,941,941,1,5,18,2,0,0,1,0
1340184,2,2023,2023,2,3,7,2,27,8,34609,0,1,1,-30.424052,149.912336,51,2,1,1,0,2,0,0,2,0,7,80,0,9859,9859,8,0,40,1,0,0,1,0
1340185,2,2023,2023,2,2,5,346,17,12,332,0,1,1,-28.861854,152.787399,51,1,0,0,0,0,0,0,2,0,7,100,2,3775,3775,0,8,0,2,0,0,2,0
1340186,2,2023,2023,9,1,7,15,31,99,30,0,1,10,-33.889329,151.274861,76,0,2,1,1,0,0,0,2,0,9,40,1,1383,1383,1,5,19,2,0,0,1,0
1340188,2,2023,2023,2,3,8,92,31,316,34609,0,1,1,-33.914942,151.226183,59,0,2,1,0,0,0,0,2,0,7,40,0,387,387,1,22,40,2,0,0,1,0
1340189,2,2023,2023,2,5,5,346,17,44,332,0,1,7,-28.861875,153.519825,2,2,1,0,0,0,0,0,2,0,0,60,2,14295,14295,3,5,0,2,0,0,1,0
1340193,4,2023,2023,10,5,7,10,31,21,5,1,2,10,-34.503877,144.841948,51,2,1,1,0,0,0,0,2,0,0,40,1,6545,6545,4,34,36,2,0,1,1,0
1340194,2,2023,2023,6,2,9,67,27,58,34609,0,1,1,-34.056493,151.121182,68,0,2,1,2,0,0,0,3,0,7,50,0,9859,9859,1,10,5,6,0,0,1,0
1340197,4,2023,2023,9,5,3,866,17,174,793,1,0,10,-33.869661,150.925124,24,0,2,1,1,0,0,0,2,2,7,70,2,14295,14295,3,0,13,2,0,1,2,0
1340198,2,2023,2023,2,3,2,16,27,16,68,0,1,10,-33.80241,151.211464,77,0,2,1,2,0,0,3,0,2,7,60,1,926,926,4,0,5,2,0,0,1,1
1340199,2,2023,2023,9,6,5,387,27,253,34609,0,1,0,-33.96634,151.101749,25,0,2,1,1,0,0,0,2,2,9,40,0,941,941,1,19,19,3,0,0,1,0
1340200,2,2023,2023,2,0,8,1,7,337,34609,1,0,1,-33.714489,150.989392,71,0,2,0,0,0,3,4,2,0,7,50,0,3775,3775,0,0,27,2,0,0,1,0
1340202,1,2023,2023,2,5,5,42,27,134,30,0,1,10,-33.892083,151.24984,76,0,2,1,1,0,0,0,2,2,9,50,1,1945,1945,5,22,40,1,0,0,0,1
1340205,4,2023,2023,2,5,7,2261,17,11,2252,0,1,2,-35.86552,147.186313,27,1,0,1,0,0,0,0,2,0,7,110,2,1945,1945,5,16,40,1,0,1,0,0
1340206,4,2023,2023,9,1,6,3,10,219,34609,0,1,7,-32.911623,151.6838,48,0,2,1,1,0,0,0,2,0,0,50,0,9859,9859,8,22,40,1,0,1,0,0
1340207,4,2023,2023,9,0,11,35,31,207,34609,0,1,1,-31.943976,141.445061,51,2,1,1,0,0,0,0,0,0,7,50,0,1089,1089,7,16,40,1,0,1,0,0
1340211,2,2023,2023,9,3,8,2209,17,133,2205,0,1,9,-34.503027,150.788539,80,0,2,1,1,0,0,0,2,1,7,60,1,14295,14295,3,0,5,3,0,0,2,0
1340216,4,2023,2023,2,4,4,8,1,40,79,0,1,9,-33.815511,151.21215,77,0,2,0,0,0,3,4,2,0,7,50,2,4552,5151,8,5,40,1,0,1,0,0
1340217,2,2023,2023,2,6,9,361,31,41,34609,0,1,9,-35.121492,147.372592,75,2,1,1,1,0,0,3,2,0,0,50,0,6545,6545,4,22,40,2,0,0,1,0
1340221,2,2023,2023,2,5,10,112,17,5,112,0,1,1,-31.548888,146.838696,51,1,0,1,0,0,0,0,0,0,7,110,2,475,475,5,0,40,1,0,0,2,1
1340222,1,2023,2023,2,2,7,51,27,25,45,0,1,2,-33.742785,150.808491,7,0,2,1,1,0,0,0,2,0,7,60,1,1383,1383,1,16,41,2,0,0,0,1
1340223,1,2023,2023,2,3,11,12,31,137,34609,0,1,1,-33.9125,151.204486,69,0,2,1,0,2,0,6,0,0,7,40,0,9859,9859,1,5,5,2,0,0,0,1
1340225,1,2023,2023,2,3,8,6,27,38,34609,0,1,1,-32.761252,151.819824,57,2,1,1,0,0,0,0,2,0,7,80,0,9859,9859,8,0,40,1,0,0,0,1
1340228,2,2023,2023,2,5,6,251,14,139,124,0,1,3,-33.842517,151.211049,49,0,2,1,0,0,0,0,2,0,7,70,2,1282,1282,1,10,40,2,0,0,1,0
1340236,1,2023,2023,2,6,8,33,10,11,34609,0,1,1,-28.625549,153.484339,10,2,1,0,0,0,0,0,2,0,7,80,0,4552,5151,8,0,40,1,0,0,0,1
1340238,1,2023,2023,2,5,7,3371,17,173,3342,0,1,2,-33.717859,151.108406,31,0,2,1,3,0,0,0,2,0,7,60,2,1981,1981,4,5,5,2,0,0,0,1
1340243,1,2023,2023,2,6,7,178,31,143,34609,0,1,1,-33.878869,151.103066,9,0,2,1,3,0,3,4,2,0,7,40,0,14295,14295,3,5,5,2,0,0,0,1
1340247,2,2023,2023,2,0,6,60,10,121,84,0,1,9,-28.191021,153.540958,72,2,1,1,0,0,0,0,2,0,0,60,1,14295,14295,3,5,0,3,0,0,1,0
1340248,2,2024,2023,2,4,6,11,10,134,181,0,1,2,-33.890904,151.253302,76,0,2,0,3,0,3,4,2,0,7,50,2,14295,14295,3,5,5,2,0,0,1,0
1340255,2,2023,2023,2,0,9,265,17,14,193,0,1,1,-33.981187,148.582257,51,1,0,1,3,0,3,4,3,0,7,100,2,9859,9859,8,0,40,1,0,0,1,0
1340259,1,2023,2023,9,4,8,3371,17,104,3342,0,1,2,-32.852602,151.70099,48,0,2,1,3,0,0,0,2,0,7,60,2,14295,14295,3,9,5,2,0,0,0,1
1340261,2,2024,2024,4,1,8,41,27,102,91,0,1,9,-33.953048,151.23971,59,0,2,1,0,0,0,0,2,0,7,50,1,9859,9859,1,5,12,3,0,0,1,0
1340262,1,2023,2023,2,0,6,20,31,433,34609,1,0,10,-33.283297,149.1124,52,2,1,1,3,0,0,3,2,0,15,50,0,6545,6545,4,5,13,2,0,0,0,1
1340263,4,2024,2024,4,6,8,3371,17,207,3342,0,1,1,-33.559577,151.191614,31,0,2,0,3,0,3,3,2,0,7,80,2,4552,5151,8,16,40,1,0,1,0,0
1340268,2,2023,2023,2,1,5,61,10,87,174,0,1,9,-33.013346,151.491643,37,0,2,1,3,0,0,0,2,0,7,90,2,5929,5929,1,0,25,3,0,0,1,0
1340269,1,2023,2023,2,4,5,2126,17,143,2149,0,1,10,-33.868891,151.105366,9,0,2,1,3,0,0,0,2,2,9,60,2,14295,14295,3,0,5,2,0,0,0,1
1340272,4,2023,2023,2,0,9,109,27,323,382,1,0,10,-33.785897,150.853182,7,0,2,1,3,0,0,0,3,2,7,60,2,83,83,1,5,0,2,0,1,0,0
1340275,2,2023,2023,2,0,3,4,27,49,34609,0,1,1,-34.396869,147.539141,51,1,0,1,3,0,0,0,1,0,7,100,0,323,323,1,0,12,2,0,0,1,0
1340276,2,2024,2024,4,5,7,1,27,50,19,0,1,1,-33.687156,151.268723,50,0,2,0,3,0,0,0,2,0,7,60,1,380,714,5,9,40,1,0,0,1,0
1340277,1,2024,2024,4,1,6,16,36,7,34609,0,1,1,-35.875937,148.368297,66,2,1,0,3,0,0,0,2,0,7,80,0,4552,5151,8,10,40,1,0,0,0,1
1340283,1,2023,2023,2,2,3,97,27,166,799,0,1,10,-33.929664,150.980263,15,0,2,1,3,0,0,0,1,2,7,70,2,6545,6545,4,5,5,2,0,0,0,1
1340290,2,2023,2023,2,2,6,2126,17,23,2149,0,1,2,-33.450518,149.988708,40,1,0,0,1,0,0,0,2,0,7,100,2,1259,5151,8,30,40,1,0,0,1,0
1340293,1,2023,2023,2,0,6,20,27,62,31,0,1,9,-33.759598,151.26715,50,0,2,1,3,0,0,0,2,0,7,50,1,14295,14295,3,10,5,2,0,0,0,1
1340295,1,2023,2023,2,4,5,3,27,3,34609,0,1,1,-31.886436,151.46638,73,1,0,0,3,2,0,0,2,0,7,100,0,380,714,5,16,40,1,0,0,0,1
1340298,2,2023,2023,9,5,3,1,18,112,34609,0,1,1,-33.448241,151.444788,16,2,2,1,1,0,0,3,2,0,7,40,0,1282,1282,1,10,40,1,0,0,1,0
1340302,1,2023,2023,2,2,7,5,10,24,6,0,1,9,-32.794899,151.444021,17,2,1,0,3,0,0,0,2,0,0,80,1,3775,3775,0,5,5,2,0,0,0,1
1340304,2,2023,2023,2,4,8,2209,17,7,2205,0,1,1,-35.565965,150.271695,63,1,0,1,3,0,0,0,2,0,7,100,2,14295,14295,3,10,13,2,0,0,1,0
1340305,1,2023,2023,2,2,6,149,27,38,198,0,1,2,-34.05381,150.970599,68,0,2,1,3,0,0,0,2,0,7,70,2,14295,14295,3,0,36,2,0,0,0,1
1340306,2,2024,2024,4,1,5,27,27,154,65,0,1,1,-33.696616,150.968775,71,0,2,1,3,0,3,3,2,0,7,60,1,9859,9859,8,5,40,1,0,0,1,0
1340310,1,2023,2023,2,3,5,2209,17,79,2205,0,1,7,-34.91458,150.603385,63,2,1,1,3,0,0,0,2,0,0,70,2,14295,14295,3,0,13,2,0,0,0,1
1340311,1,2023,2023,2,3,10,283,27,91,702,0,1,2,-33.962869,151.09203,25,0,2,1,3,0,3,4,0,0,7,60,2,1282,1282,1,9,19,2,0,0,0,1
1340312,2,2023,2023,2,5,9,2126,17,323,2149,0,1,2,-33.7914,150.865346,7,0,2,1,3,0,0,0,2,0,7,80,2,1383,1383,1,0,35,2,0,0,1,0
1340323,2,2023,2023,10,1,7,18,27,134,34609,0,1,10,-33.958171,150.799467,12,0,2,1,3,0,0,0,2,0,15,70,0,6545,6545,4,0,36,2,0,0,1,0
1340324,1,2023,2023,2,2,5,485,27,52,769,0,1,9,-33.69688,150.927398,7,0,2,1,3,0,0,0,2,1,7,80,2,1282,1282,1,5,5,2,0,0,0,1
1340328,2,2023,2023,2,4,4,2126,17,27,2149,0,1,2,-33.724124,150.455296,8,2,2,0,3,0,0,0,2,0,7,80,2,1957,4009,8,10,40,1,0,0,1,0
1340330,1,2023,2023,2,6,5,1,1,168,34609,0,1,10,-33.702613,150.817607,7,0,2,1,0,0,0,0,2,0,0,50,0,2852,2852,4,5,19,2,0,0,0,1
1340335,2,2023,2023,2,5,8,2261,17,523,2252,0,1,9,-33.932405,150.916854,41,0,2,1,1,0,0,0,2,2,7,60,2,5929,5929,1,5,0,2,0,0,2,0
1340336,2,2023,2023,2,2,10,49,27,109,34609,0,1,9,-33.969895,150.859557,41,0,2,1,3,0,0,0,0,2,7,50,0,14295,14295,3,10,5,2,0,0,1,0
1340340,2,2024,2024,4,1,8,93,10,25,42,0,1,1,-32.937963,151.772771,48,0,2,0,3,0,0,0,2,0,7,50,1,14295,14295,3,5,5,2,0,0,1,0
1340344,1,2023,2023,9,2,6,117,1,239,121,0,1,9,-34.042479,151.117771,68,0,2,1,3,0,0,0,2,0,0,60,1,1669,1669,3,0,0,3,0,0,0,1
1340355,2,2023,2023,9,4,8,4,31,165,34609,0,1,9,-32.25636,150.889357,46,2,1,1,0,0,0,0,2,0,0,50,0,2852,2852,4,0,13,2,0,0,1,0
1340358,4,2023,2023,2,5,7,2209,17,137,2205,0,1,9,-34.033079,151.066571,68,0,2,1,1,0,0,0,2,2,9,70,2,1220,1220,9,5,28,2,0,1,0,0
1340359,1,2023,2023,2,4,5,51,1,57,34609,0,1,2,-33.94442,151.222218,4,0,2,1,0,0,0,0,2,0,0,50,0,395,395,1,0,5,2,0,0,0,1
1340361,2,2023,2023,2,6,2,481,17,7,483,0,1,1,-33.315178,148.069519,51,1,0,0,0,0,3,4,1,0,7,110,2,1259,5151,8,5,40,1,0,0,1,0
1340365,4,2023,2023,2,0,9,112,27,6,769,0,1,1,-33.517378,150.294216,8,1,2,1,1,0,0,0,2,0,7,100,2,1109,397,1,0,19,2,0,1,0,0
1340366,2,2023,2023,9,5,10,500,27,646,799,0,1,9,-33.935138,151.024681,15,0,2,1,2,0,0,0,0,2,7,60,2,926,926,4,0,0,2,0,0,2,0
1340372,2,2023,2023,10,6,6,125,27,155,75,0,1,7,-33.49349,151.32059,16,2,2,1,0,0,0,0,2,0,0,60,1,6545,6545,4,5,19,2,0,0,1,0
1340377,2,2023,2023,9,3,5,13,27,1,12,0,1,9,-29.790675,153.18525,18,1,0,0,0,0,0,0,2,0,7,90,1,1669,1669,3,5,0,2,0,0,2,0
1340378,2,2023,2023,2,0,10,42,27,8,34609,0,1,1,-31.473933,151.163905,70,1,0,1,0,0,0,0,0,0,7,100,0,9859,9859,8,10,40,1,0,0,1,0
1340379,2,2023,2023,11,3,8,1104,14,142,962,0,1,3,-33.827115,150.994403,54,0,2,1,2,0,0,0,3,0,7,90,2,14295,14295,3,0,5,3,0,0,1,0
1340380,4,2023,2023,2,0,9,89,36,2,17,0,1,1,-29.029293,152.605502,18,2,1,1,0,0,0,0,3,0,7,80,1,4026,4026,8,10,40,1,0,1,2,0
1340382,2,2023,2023,2,5,9,14,31,40,34609,0,1,9,-34.409186,150.882354,80,0,2,1,1,0,0,0,2,0,6,50,0,2852,2852,4,5,19,2,0,0,1,0
1340386,2,2023,2023,2,4,5,9,31,19,143,0,1,9,-33.430897,149.578571,3,2,1,1,1,0,0,0,2,0,7,60,2,1981,1981,4,5,13,2,0,0,1,0
1340387,1,2023,2023,2,5,8,35,31,532,11,0,1,2,-33.874816,151.203227,69,0,2,1,1,0,0,0,2,0,7,50,1,1192,1192,1,16,0,2,0,0,0,1
1340388,4,2023,2023,2,6,7,35,27,1,19,0,1,1,-34.070356,150.660745,12,0,2,0,0,0,3,4,2,0,7,80,1,3775,3775,0,10,0,2,0,1,2,0
1340400,4,2023,2023,2,2,7,5,27,15,41,0,1,1,-28.917767,153.152938,60,1,0,1,0,0,0,0,2,0,7,100,1,945,945,5,5,40,1,0,1,0,0
1340406,1,2023,2023,9,2,2,27,27,251,136,0,1,9,-33.767884,150.94413,7,0,2,1,2,0,3,4,0,2,7,60,2,6545,6545,4,19,0,2,0,0,0,1
1340407,2,2024,2024,4,5,8,6,36,9,118,0,1,1,-30.54048,150.608193,70,1,0,0,0,0,0,0,2,0,7,100,2,4552,5151,8,10,40,1,0,0,1,0
1340408,1,2023,2023,2,6,6,79,27,145,159,0,1,9,-33.931734,151.1098,15,0,2,1,1,0,0,0,2,0,7,60,2,5929,5929,1,33,19,2,0,0,0,1
1340410,2,2023,2023,2,2,10,1,27,22,34609,0,1,1,-33.634543,150.796185,29,2,2,0,0,0,0,0,3,0,7,50,0,1957,4009,1,5,13,3,0,0,1,0
1340417,1,2023,2023,9,6,3,31,31,73,19,0,1,10,-33.87252,151.217605,69,0,2,1,1,0,3,4,2,2,7,50,2,591,591,1,22,19,2,0,0,0,1
1340421,4,2023,2023,1,5,8,283,27,70,702,0,1,2,-33.97808,151.105291,25,0,2,1,1,0,0,0,3,0,7,60,2,238,238,9,5,28,2,0,1,0,0
1340422,4,2023,2023,1,1,3,2209,17,144,2205,0,1,9,-34.062664,151.021773,68,0,2,0,1,0,0,0,2,0,0,70,2,5929,5929,1,5,13,2,0,1,0,0
1340423,4,2023,2023,2,6,6,65,10,132,148,0,1,1,-34.113469,151.064853,68,0,2,0,0,0,3,0,2,0,7,60,2,1850,1463,5,16,40,1,0,1,0,0
1340424,1,2023,2023,9,1,6,22,31,44,34609,0,1,1,-33.975204,151.116119,25,0,2,1,1,0,0,0,2,0,7,50,0,9859,9859,1,0,5,2,0,0,0,1
1340427,4,2023,2023,9,0,8,3371,17,24,3342,0,1,2,-32.558949,152.14318,43,1,0,1,0,0,0,0,2,0,7,110,2,204,204,1,0,0,2,0,1,0,0
1340429,4,2023,2023,2,4,10,44,27,89,38,1,0,10,-33.867016,150.889497,24,0,2,1,2,0,0,0,0,2,7,60,1,1669,1669,3,5,19,2,0,1,0,0
1340430,4,2023,2023,9,2,4,1,27,37,34609,0,1,1,-31.164955,151.464975,51,1,0,0,0,2,0,0,2,0,7,100,0,2585,4009,8,16,40,1,0,1,0,0
1340433,1,2023,2023,2,3,2,106,27,31,14,0,1,2,-33.927103,150.892658,41,0,2,1,2,0,0,0,1,0,7,70,2,2040,2040,9,33,28,2,0,0,0,1
1340434,4,2023,2023,2,2,9,12,27,293,34609,0,1,10,-33.94084,151.244642,59,0,2,1,0,0,0,0,2,0,15,50,0,6545,6545,4,22,0,2,0,1,0,0
1340435,2,2023,2023,2,4,6,330,23,293,112,0,1,2,-33.947991,151.240577,59,0,2,1,0,0,0,0,2,0,7,60,2,14295,14295,3,15,13,2,0,0,1,0
1340436,2,2023,2023,2,1,7,67,27,165,78,0,1,9,-33.855115,151.14835,14,0,2,1,1,0,0,0,2,0,0,50,2,1282,1282,1,5,0,2,0,0,1,0
1340437,2,2023,2023,9,1,6,18,31,39,34609,0,1,10,-35.308937,148.218669,66,2,1,1,0,0,0,0,2,0,0,50,0,6545,6545,4,16,0,2,0,0,2,0
1340449,4,2023,2023,2,6,7,2261,17,47,2252,0,1,2,-35.791576,147.261006,27,1,0,1,0,0,0,0,2,0,7,110,2,14295,14295,3,29,2,3,0,1,0,1
1340453,1,2023,2023,2,0,4,175,27,66,220,0,1,2,-33.721371,150.932655,7,0,2,1,1,0,0,0,2,1,9,70,2,1383,1383,1,0,27,2,0,0,0,1
1340457,4,2023,2023,9,5,7,104,27,137,140,0,1,1,-33.922178,151.20153,4,0,2,1,1,0,0,3,2,0,7,60,2,1282,1282,1,5,5,2,0,1,0,0
1340458,2,2023,2023,10,6,5,36,27,71,55,0,1,7,-33.84477,150.974082,21,0,2,1,1,0,0,0,2,0,7,50,1,1391,1391,1,5,0,2,0,0,2,0
1340459,4,2023,2023,2,1,1,7,27,172,9,0,1,1,-32.780485,151.560201,42,2,1,1,0,0,0,0,0,0,7,80,1,4026,4026,8,5,40,1,0,1,0,0
1340460,2,2023,2023,2,3,4,1,10,5,34609,0,1,4,-33.542494,151.307084,16,2,2,0,1,0,3,4,2,0,7,50,0,3775,3775,0,0,13,2,0,0,1,0
1340465,2,2023,2023,2,6,4,222,31,45,34609,0,1,10,-33.889236,151.195385,69,0,2,1,0,0,0,0,2,0,0,50,0,6545,6545,4,0,27,2,0,0,1,0
1340466,2,2023,2023,10,2,7,125,31,438,44,0,1,10,-33.850664,151.035898,21,0,2,1,1,0,0,0,2,0,7,50,1,5929,5929,1,5,5,2,0,0,1,1
1340470,2,2023,2023,2,6,7,125,27,108,123,0,1,2,-33.32139,151.427635,16,2,2,0,1,0,3,4,2,0,7,70,2,3775,3775,0,5,0,2,0,0,1,1
1340471,1,2023,2023,2,6,10,1,25,80,2149,0,1,9,-33.746719,150.674567,55,0,2,1,2,0,3,4,0,2,7,60,2,2040,2040,9,5,28,2,0,0,0,1
1340472,4,2023,2023,9,4,9,2209,17,33,2205,0,1,2,-34.715187,150.832919,35,2,1,0,2,0,3,4,0,0,7,80,2,2585,4009,8,5,40,1,0,1,0,0
1340473,4,2023,2023,9,3,10,15,23,646,34609,0,1,9,-33.91949,151.032235,15,0,2,1,2,0,0,0,0,0,7,40,0,5929,5929,1,34,19,2,0,1,0,0
1340474,1,2023,2023,9,1,5,361,27,9,34609,0,1,1,-34.004531,151.068459,68,0,2,1,1,0,0,0,2,0,7,50,0,1109,787,1,5,27,3,0,0,0,2
1340476,1,2023,2023,2,5,5,63,31,24,34609,0,1,10,-33.663964,150.873757,7,0,2,1,0,0,0,0,2,0,0,60,0,5929,5929,1,5,0,2,0,0,0,1
1340477,4,2023,2023,9,4,1,37,27,8,41,0,1,1,-28.886258,153.30037,39,2,1,0,0,0,0,0,0,0,7,80,1,1957,4009,8,5,40,1,0,1,0,0
1340478,4,2023,2023,1,4,0,125,27,108,123,0,1,2,-33.322919,151.427706,16,2,2,1,2,0,3,0,0,0,7,70,2,9859,9859,8,10,40,1,0,1,1,0
1340480,2,2023,2023,2,3,4,35,31,90,262,0,1,10,-32.919682,151.747786,48,0,2,1,1,0,0,0,2,2,7,60,2,591,591,1,22,5,2,0,0,1,0
1340482,2,2023,2023,2,5,7,15,27,323,154,0,1,1,-33.807227,150.864019,7,0,2,1,0,0,0,0,2,0,7,60,1,3775,3775,0,9,5,3,0,0,2,0
1340486,4,2023,2023,2,2,6,16,27,21,34609,0,1,9,-32.915271,151.581809,37,0,2,1,1,0,0,0,2,0,0,50,0,2852,2852,4,16,13,2,0,1,0,0
1340487,4,2023,2023,10,6,4,205,27,161,415,0,1,2,-33.708527,151.177294,36,0,2,0,0,0,0,0,2,0,7,90,2,3775,3775,0,0,0,4,0,2,3,0
1340490,2,2023,2023,2,2,4,35,31,90,262,0,1,10,-32.919682,151.747786,48,0,2,1,1,0,0,0,2,2,7,60,2,6545,6545,4,0,0,2,0,0,1,0
1340492,2,2024,2024,4,5,7,35,27,9,24,0,1,1,-32.569448,149.549165,44,1,0,0,0,0,0,0,2,0,7,100,1,273,957,5,0,40,1,0,0,3,0
1340493,4,2024,2024,4,1,8,13,31,17,17,0,1,9,-30.88834,153.038814,34,2,1,1,0,0,0,0,2,0,7,50,1,775,775,4,5,0,2,0,1,0,0
1340495,2,2023,2023,2,4,3,17,1,60,34609,1,0,9,-33.948313,150.955252,41,0,2,1,1,0,0,0,2,0,0,50,0,14295,14295,3,0,5,2,0,0,1,0
1340496,2,2023,2023,2,3,7,163,27,41,165,0,1,9,-33.729102,150.819876,7,0,2,1,1,0,0,3,2,0,7,60,1,5929,5929,1,5,5,2,0,0,2,0
1340497,4,2023,2023,11,0,4,829,27,157,770,0,1,9,-33.808785,151.006983,54,0,2,1,1,0,0,0,2,0,15,60,2,2040,2040,9,0,28,2,0,1,0,0
1340498,4,2024,2024,4,6,10,18,27,13,34609,0,1,1,-32.475067,152.050124,43,1,0,0,0,0,0,0,0,0,7,100,0,1089,1089,7,16,40,1,0,1,1,0
1340499,2,2023,2023,9,0,10,20,27,61,93,1,0,9,-33.755564,150.896568,7,0,2,1,2,0,0,0,0,0,0,50,1,5929,5929,1,0,27,2,0,0,1,0
1340501,1,2023,2023,10,2,9,30,27,2,34609,0,1,1,-32.243877,152.106526,43,1,0,0,0,2,0,0,2,0,7,100,0,1850,1463,5,16,40,1,0,0,0,1
1340502,4,2023,2023,11,3,8,15,1,17,69,0,1,1,-33.794295,151.166355,77,0,2,0,1,0,0,0,2,0,7,50,2,623,623,3,16,36,2,0,1,0,0
1340506,1,2023,2023,11,1,4,42,27,67,231,0,1,7,-33.398152,151.3426,16,2,2,1,1,0,0,0,2,0,0,60,2,6545,6545,4,5,19,2,0,0,0,1
1340513,2,2023,2023,2,0,8,1,27,30,34609,0,1,9,-34.316472,146.071982,28,1,0,1,0,2,0,0,2,0,0,100,0,489,489,8,5,40,1,0,0,1,0
1340515,2,2023,2023,9,6,5,39,31,161,19,0,1,1,-33.879813,151.166406,32,0,2,1,1,0,0,0,2,0,7,50,1,4026,4026,1,5,5,4,0,0,1,0
1340517,2,2024,2024,4,6,5,36,27,10,83,0,1,1,-29.420819,153.29267,18,1,0,1,0,0,0,0,2,0,7,90,1,1109,787,1,5,5,2,0,0,1,0
1340521,2,2023,2023,2,4,8,866,17,77,793,0,1,2,-33.724758,151.088541,31,0,2,1,1,0,0,0,2,0,7,70,2,1192,1192,1,10,0,2,0,0,1,1
1340525,2,2023,2023,2,0,7,500,27,136,799,0,1,9,-33.926688,151.082556,15,0,2,1,1,0,0,0,2,0,0,60,2,926,926,4,0,5,2,0,0,1,1
1340526,4,2023,2023,2,1,0,1,27,1,34609,0,1,1,-33.529043,151.347031,16,2,2,1,2,0,3,0,0,0,7,50,0,4026,4026,8,0,40,1,0,1,0,0
1340527,4,2023,2023,9,3,7,1,27,5,34609,0,1,1,-30.383879,152.891946,6,2,1,0,0,0,0,0,2,0,7,80,0,3775,3775,0,16,5,2,0,1,0,0
1340530,2,2023,2023,2,6,8,192,10,84,114,0,1,1,-33.466206,151.410844,16,2,2,0,1,0,3,4,2,0,7,60,2,1957,4009,8,5,40,1,0,0,1,0
1340531,2,2023,2023,2,0,9,26,27,80,160,0,1,9,-33.965754,150.899467,13,0,2,1,1,0,0,0,2,2,7,60,2,5929,5929,1,5,5,2,0,0,1,2
1340533,2,2023,2023,9,0,8,361,1,75,34609,0,1,2,-32.783773,151.641021,42,2,1,1,1,0,3,4,2,0,7,50,0,14295,14295,3,0,5,2,0,0,1,1
1340536,4,2023,2023,2,6,7,19,31,234,34609,0,1,1,-34.289321,146.036071,28,2,1,0,1,0,0,0,2,0,7,50,0,340,340,9,19,28,2,0,1,0,0
1340540,2,2023,2023,1,4,10,63,31,79,79,0,1,10,-33.82299,151.210233,49,0,2,1,2,0,0,0,0,2,7,50,2,1220,1220,9,0,28,3,0,0,1,0
1340541,4,2023,2023,2,4,3,7,36,14,103,0,1,1,-32.316974,151.919807,43,1,0,0,0,0,3,4,2,0,7,90,1,1259,5151,8,5,40,2,0,1,0,0
1340542,4,2023,2023,6,3,4,2209,17,157,2205,0,1,9,-34.009065,151.1097,68,0,2,0,0,0,0,0,2,0,7,70,2,1850,1463,5,16,40,1,0,1,0,0
1340543,4,2023,2023,11,2,7,330,23,7,233,0,1,10,-33.982255,151.236181,59,0,2,1,0,0,0,0,2,0,7,60,1,515,515,1,0,19,2,0,1,0,0
1340544,2,2023,2023,2,1,0,43,1,226,144,0,1,2,-33.7581,150.830314,7,0,2,1,2,0,0,0,0,0,7,60,2,9859,9859,8,10,40,1,0,0,1,0
1340547,4,2023,2023,2,3,5,866,17,98,793,0,1,9,-33.739043,151.071129,31,0,2,1,2,0,3,4,2,2,7,70,2,1945,1945,5,16,40,1,0,1,0,0
1340550,2,2023,2023,9,6,11,126,27,370,168,0,1,10,-34.068003,150.802406,13,0,2,1,2,0,3,0,0,2,7,60,2,6545,6545,4,5,13,2,0,0,1,0
1340553,2,2024,2024,4,6,8,3,31,98,34609,0,1,9,-33.736956,151.077626,31,0,2,1,1,0,0,3,2,0,7,50,0,256,256,4,5,0,2,0,0,1,0
1340555,4,2023,2023,9,6,4,387,27,91,331,1,0,10,-33.963344,151.086748,25,0,2,1,1,0,3,3,2,2,9,60,2,6545,6545,4,0,5,2,0,2,0,1
1340556,2,2023,2023,11,4,7,3371,17,73,3342,0,1,9,-33.775891,151.168861,36,0,2,0,1,0,0,0,2,2,7,60,2,1220,1220,9,5,28,2,0,0,1,0
1340560,2,2023,2023,5,2,5,4,31,70,34609,0,1,1,-34.850649,150.602383,63,2,1,1,1,0,0,0,2,0,7,50,0,395,395,1,16,5,2,0,0,1,1
1340561,2,2023,2023,10,3,1,475,31,44,27,0,1,9,-33.971312,151.116878,25,0,2,1,2,0,0,0,0,0,7,60,1,9859,9859,1,0,5,3,0,0,1,0