Crash ID,Degree of crash - detailed,Reporting year,Year of crash,Month of crash,Day of week of crash,Two-hour intervals,Street of crash,Street type,Town,Route no.,School zone location,School zone active,Type of location,Latitude,Longitude,LGA,Urbanisation,Conurbation 1,Alignment,Street lighting,Road surface,Surface condition,Weather,Natural lighting,Signals operation,Other traffic control,Speed limit,Road classification,RUM - code,DCA - code,First impact type,Key TU type,Other TU type,No. of traffic units involved,No. killed,No. seriously injured,No. moderately injured,No. minor-other injured
1340563,2,2023,2023,2,6,11,4,27,36,34609,0,1,1,-33.801812,150.944097,21,0,2,1,2,0,0,3,0,0,7,50,0,9859,9859,1,5,10,2,0,0,1,0
1340564,2,2023,2023,2,2,11,23,31,226,382,0,1,7,-33.763077,150.83009,7,0,2,1,1,0,0,0,0,0,0,60,2,1850,985,5,16,40,1,0,0,1,0
1340565,1,2023,2023,2,0,4,2209,17,166,2205,0,1,1,-33.897951,151.178595,69,0,2,1,0,0,0,0,2,2,9,40,2,2040,2040,9,9,28,2,0,0,0,1
1340568,2,2023,2023,2,0,9,916,17,172,917,0,1,10,-32.752938,151.586971,42,2,1,1,2,0,0,0,3,2,7,60,2,6545,6545,4,0,5,2,0,0,1,1
1340569,1,2023,2023,2,6,6,478,17,78,480,0,1,7,-33.414888,151.450364,16,2,2,0,1,0,3,4,2,0,0,60,2,782,957,5,0,40,1,0,0,0,1
1340570,4,2023,2023,9,1,9,21,27,26,10,0,1,1,-32.73216,151.391975,17,2,1,0,0,0,3,4,3,0,7,80,1,2585,4009,8,5,40,1,0,1,0,0
1340576,4,2023,2023,2,2,9,8,31,92,34609,0,1,9,-33.410943,151.352893,16,2,2,0,1,0,0,0,3,0,0,50,0,2852,2852,4,22,0,2,0,1,1,0
1340581,4,2023,2023,2,1,6,19,1,132,148,0,1,1,-34.059075,151.051787,68,0,2,1,0,0,0,0,2,0,7,80,2,1945,1945,5,16,40,1,0,1,0,0
1340585,4,2023,2023,2,0,3,4,31,460,34609,0,1,1,-33.836302,150.985801,21,0,2,1,0,0,0,0,2,0,7,50,0,1981,1981,4,5,18,2,0,1,0,0
1340586,1,2023,2023,9,0,10,1,27,13,34609,0,1,1,-31.017357,150.914823,70,2,1,0,0,0,0,6,0,0,7,80,0,2585,4009,8,5,40,1,0,0,0,1
1340587,2,2023,2023,2,6,7,512,17,433,441,0,1,1,-33.187043,149.02027,11,1,0,1,0,0,0,0,2,0,7,100,2,3775,3775,0,30,0,2,0,0,2,0
1340588,4,2023,2023,9,2,7,1,27,2,34609,0,1,1,-31.024552,151.164784,70,1,0,0,0,2,0,0,2,0,7,100,0,3775,3775,0,16,13,2,0,1,0,0
1340590,4,2023,2023,2,2,10,63,31,92,34609,0,1,10,-33.872233,150.970604,24,0,2,1,2,0,0,0,3,0,15,50,0,6545,6545,4,22,41,2,0,1,0,0
1340591,2,2023,2023,2,1,5,8,1,112,34609,0,1,1,-33.906751,151.207989,69,0,2,1,0,0,0,0,2,0,9,50,0,2040,2040,9,5,28,2,0,0,1,0
1340603,1,2023,2023,1,4,4,1104,14,142,962,0,1,3,-33.827506,150.995377,54,0,2,0,1,0,0,3,2,0,7,90,2,14295,14295,3,9,5,3,0,0,0,1
1340604,4,2023,2023,1,3,11,3,27,19,34609,0,1,1,-31.422656,152.842395,56,2,1,0,0,0,3,4,0,0,7,80,0,1957,4009,8,5,40,1,0,1,0,0
1340605,1,2023,2023,1,6,11,29,31,173,233,0,1,9,-33.883369,151.217527,69,0,2,1,2,0,0,0,0,0,7,60,2,6545,6545,4,5,27,2,0,0,0,1
1340606,2,2023,2023,1,1,3,7,27,46,34609,0,1,9,-35.16392,147.386787,75,2,1,1,1,0,2,6,2,0,7,50,0,9859,9859,1,10,13,2,0,0,1,0
1340607,4,2023,2023,1,5,3,4,31,198,34609,0,1,7,-33.911473,151.096928,15,0,2,1,2,0,3,4,2,0,0,50,0,1220,1220,9,5,28,2,0,1,0,0
1340608,2,2023,2023,1,4,7,9,1,55,34609,0,1,1,-33.36952,151.466097,16,2,2,1,1,0,0,0,2,0,7,50,0,9859,9859,8,5,40,2,0,0,1,0
1340609,2,2023,2023,5,3,6,10,31,61,34609,1,0,10,-35.524776,144.952339,51,2,1,1,0,0,0,0,2,0,0,50,0,6545,6545,4,10,5,2,0,0,2,0
1340610,4,2023,2023,1,2,10,31,27,3,46,0,1,1,-33.477845,150.249323,40,2,1,0,0,0,0,0,0,0,7,80,2,4552,5151,8,30,40,1,0,1,1,0
1340612,2,2023,2023,1,5,9,171,23,99,34609,0,1,9,-33.893665,151.273042,76,0,2,0,2,0,3,4,0,0,7,50,0,5929,5929,1,5,18,2,0,0,1,0
1340613,4,2023,2023,1,5,6,361,32,460,42,1,0,9,-33.840707,150.990813,21,0,2,0,1,0,0,0,2,0,7,50,1,3775,3775,0,5,36,3,0,1,0,0
1340614,4,2023,2023,1,3,1,7,31,8,34609,0,1,1,-30.945605,149.064919,51,2,1,1,2,0,0,0,0,0,7,50,0,14295,14295,3,10,17,2,0,1,0,0
1340615,1,2023,2023,11,1,5,2,27,23,34609,0,1,1,-35.677156,150.240706,23,2,1,0,0,2,0,0,2,0,7,50,0,1850,1463,5,22,40,1,0,0,0,1
1340616,4,2023,2023,1,0,2,280,10,237,240,0,1,9,-33.862796,150.953462,24,0,2,1,2,0,3,0,1,0,0,60,2,312,312,2,15,40,2,0,1,1,0
1340618,4,2023,2023,11,3,5,14,27,157,14,0,1,1,-33.802722,151.006457,54,0,2,1,2,0,0,0,2,0,7,60,1,2040,2040,9,10,28,2,0,1,1,0
1340620,1,2023,2023,1,0,8,330,27,147,605,0,1,10,-33.752516,151.286775,50,0,2,1,0,0,0,0,2,2,9,60,2,2040,2040,9,19,28,2,0,0,0,1
1340624,2,2023,2023,1,5,8,9,27,110,20,0,1,10,-33.764801,151.014921,54,0,2,1,1,0,0,0,2,1,7,60,1,14295,14295,3,5,5,3,0,0,1,0
1340626,2,2023,2023,11,2,11,2,31,102,16,0,1,10,-31.109351,150.92297,70,2,1,1,2,0,0,0,0,0,7,60,1,418,777,5,10,40,1,0,0,1,0
1340627,1,2023,2023,1,6,4,54,31,91,28,0,1,9,-33.964841,151.088086,25,0,2,1,1,0,0,0,2,0,9,50,1,623,623,3,19,5,2,0,0,0,1
1340628,4,2023,2023,11,0,9,30,27,55,93,0,1,2,-33.746222,150.90699,7,0,2,1,2,0,0,0,0,0,7,60,1,312,312,2,5,40,1,0,1,1,0
1340629,2,2023,2023,1,6,8,8,27,102,34609,0,1,9,-31.11404,150.905534,70,2,1,1,0,0,0,0,2,0,7,50,0,2852,2852,4,5,5,2,0,0,2,0
1340630,4,2023,2023,11,4,3,62,10,92,62,1,0,7,-33.411721,151.349999,16,2,2,1,0,0,0,0,1,0,0,60,2,6545,6545,4,10,0,2,0,1,0,0
1340631,4,2023,2023,1,6,4,21,1,123,25,0,1,7,-33.909789,151.221077,59,0,2,1,1,0,3,4,2,0,0,50,1,1945,1945,5,15,40,1,0,1,0,0
1340634,4,2023,2023,11,0,10,16,36,17,41,0,1,1,-34.83149,147.419102,51,1,0,0,0,0,0,0,0,0,7,100,1,3775,3775,0,5,0,2,0,2,0,0
1340635,4,2023,2023,1,0,7,1,27,3,34609,0,1,1,-30.865266,152.770652,47,2,1,1,0,2,0,0,2,0,7,80,0,1945,1945,5,16,40,1,0,1,0,0
1340636,1,2023,2023,11,3,2,512,17,9,441,0,1,1,-33.377256,149.192256,52,1,0,1,2,0,0,0,0,0,7,100,2,9859,9859,8,5,40,1,0,0,0,1
1340637,4,2023,2023,11,2,3,103,27,16,98,0,1,1,-33.366472,150.711549,29,2,2,0,0,1,2,6,2,0,7,80,2,1259,5151,8,5,40,1,0,1,0,1
1340638,2,2023,2023,11,0,10,283,27,197,702,1,0,10,-33.952614,151.083519,25,0,2,1,2,0,0,0,0,2,7,60,2,1192,1192,1,5,5,2,0,0,1,0
1340640,2,2023,2023,1,6,4,5,27,70,34609,1,2,1,-34.846226,150.601524,63,2,1,1,0,0,0,0,2,2,9,40,0,14295,14295,3,0,36,2,0,0,1,0
1340642,4,2023,2023,10,5,9,118,27,646,118,1,0,1,-33.909403,151.03557,15,0,2,1,2,0,0,0,3,0,9,60,1,1220,1220,9,5,28,2,0,1,0,0
1340643,2,2023,2023,1,6,9,74,23,30,260,0,1,9,-33.985736,151.147314,4,0,2,1,2,0,0,0,0,2,7,60,2,623,623,3,0,5,3,0,0,1,0
1340644,4,2023,2023,10,3,9,63,17,207,63,0,1,1,-31.965092,141.457115,51,2,1,0,1,0,0,0,3,0,7,50,2,4552,5151,1,0,0,3,0,1,0,0
1340646,4,2023,2023,10,6,7,1,27,30,34609,0,1,1,-30.094075,145.897853,51,2,1,0,0,0,0,0,2,0,7,50,0,782,957,5,0,40,1,0,2,4,1
1340649,4,2023,2023,1,4,5,2209,17,88,2205,0,1,2,-34.000496,151.114864,25,0,2,1,1,0,0,0,2,0,7,70,2,14295,14295,3,30,0,2,0,1,0,0
1340650,2,2023,2023,10,1,6,346,17,12,332,0,1,1,-28.854237,152.903651,60,2,1,0,0,2,0,0,2,2,14,40,2,14295,14295,3,34,5,2,0,0,1,0
1340651,2,2023,2023,10,4,9,15,27,24,228,1,0,9,-33.559972,150.907366,29,2,2,1,1,0,0,0,2,0,0,80,2,2852,2852,4,33,5,2,0,0,1,0
1340655,2,2023,2023,10,4,10,34,31,145,140,0,1,9,-33.926688,151.127804,15,0,2,1,2,0,3,0,0,0,0,50,1,2852,2852,4,5,18,2,0,0,1,0
1340656,2,2023,2023,10,2,3,56,23,129,144,0,1,1,-33.898214,151.089612,9,0,2,1,1,0,0,0,2,0,7,60,2,1981,1981,4,5,18,2,0,0,1,0
1340657,4,2023,2023,1,3,3,2209,17,88,2205,0,1,2,-33.992788,151.114347,25,0,2,0,1,0,0,0,2,0,7,70,2,4552,5151,8,10,40,1,0,1,0,0
1340659,4,2023,2023,10,4,6,5,10,40,34609,0,1,1,-31.532365,152.797474,56,2,1,0,0,0,3,4,2,0,7,80,0,3775,3775,0,0,12,2,0,2,0,0
1340660,2,2023,2023,10,5,10,255,27,35,166,0,1,1,-33.268305,151.554875,16,2,2,1,2,0,0,0,0,0,7,50,2,9859,9859,1,0,5,2,0,0,1,0
1340662,4,2023,2023,10,5,6,149,36,120,113,1,0,7,-32.213571,152.525484,43,2,1,1,1,0,0,0,2,0,0,60,1,1945,1945,5,15,40,1,0,1,0,0
1340663,4,2023,2023,9,2,0,283,27,129,702,0,1,2,-33.931772,151.072882,15,0,2,1,2,0,3,4,0,0,7,60,2,9859,9859,8,10,40,1,0,1,0,0
1340664,4,2023,2023,9,2,8,296,27,41,293,0,1,2,-33.865541,150.989209,24,0,2,1,1,0,0,3,2,0,7,70,2,9859,9859,8,5,40,1,0,1,0,0
1340667,1,2023,2023,10,0,3,251,27,62,212,0,1,10,-33.754457,151.260875,50,0,2,1,1,0,3,4,2,2,7,70,2,6545,6545,4,5,5,3,0,0,0,2
1340668,2,2023,2023,11,1,5,500,27,83,799,0,1,9,-33.916021,151.109766,15,0,2,1,0,0,0,0,2,0,0,60,2,775,775,4,5,5,2,0,0,1,0
1340669,2,2023,2023,10,1,7,157,17,18,158,0,1,1,-33.593652,149.175557,51,1,0,1,0,0,3,4,2,0,7,100,2,9859,9859,8,9,40,1,0,0,1,0
1340670,4,2023,2023,9,4,6,29,31,31,34609,0,1,1,-31.088933,150.881517,70,2,1,0,1,0,0,0,2,0,7,50,0,4552,5151,8,5,40,1,0,1,0,0
1340671,2,2023,2023,1,2,5,149,10,346,702,0,1,2,-33.868799,151.064054,67,0,2,0,1,0,0,0,2,0,7,80,2,14295,14295,3,5,5,3,0,0,1,0
1340674,2,2023,2023,9,0,2,22,31,309,702,0,1,2,-33.813381,151.104555,61,0,2,1,1,0,0,0,1,0,7,60,2,1383,1383,1,5,5,2,0,0,1,0
1340676,4,2023,2023,9,5,11,59,27,9,69,0,1,1,-33.928617,149.75677,51,1,0,1,0,0,0,0,0,0,7,100,1,1089,1089,7,10,40,1,0,1,1,0
1340678,2,2023,2023,9,2,7,78,31,106,157,0,1,9,-28.849967,153.046296,60,2,1,1,1,0,0,0,2,0,0,50,2,2852,2852,4,5,36,2,0,0,1,1
1340682,2,2023,2023,9,1,3,3371,17,19,3342,0,1,2,-31.877244,152.562428,43,1,0,0,0,0,0,0,2,0,7,100,2,4552,5151,8,9,40,1,0,0,1,0
1340683,2,2023,2023,11,2,6,65,10,132,148,0,1,9,-34.075314,151.056548,68,0,2,0,0,0,0,0,2,0,7,50,2,6545,6545,4,5,25,2,0,0,1,1
1340684,4,2023,2023,10,3,5,334,17,21,308,0,1,1,-31.412207,152.166944,56,2,1,0,0,0,0,0,2,0,7,80,2,3775,3775,0,16,13,2,0,1,1,0
1340687,4,2023,2023,9,2,8,2,27,4,34609,0,1,1,-31.839442,152.098458,43,1,0,0,0,2,0,0,3,0,7,100,0,2585,4009,8,16,40,1,0,1,0,0
1340689,4,2023,2023,9,3,6,194,31,309,702,0,1,9,-33.819373,151.099798,61,0,2,1,1,0,0,0,2,2,7,70,2,14295,14295,3,16,5,2,0,1,0,0
1340690,4,2023,2023,9,6,7,126,1,226,144,0,1,9,-33.775701,150.815107,7,0,2,1,1,0,0,0,2,0,7,60,2,5929,5929,1,5,0,2,0,1,0,0
1340693,2,2023,2023,10,1,7,52,27,188,53,0,1,10,-33.939954,151.100928,4,0,2,1,3,0,3,6,2,2,7,50,1,2852,2852,4,9,18,2,0,0,1,0
1340700,2,2023,2023,9,2,7,51,27,346,34609,1,0,9,-33.879067,151.096903,9,0,2,1,1,0,3,3,2,0,7,50,0,6545,6545,4,5,13,2,0,0,1,0
1340701,4,2023,2023,9,2,0,81,27,148,34609,0,1,1,-36.046395,146.919771,0,2,1,1,2,0,3,3,0,0,7,50,0,4026,4026,1,5,5,3,0,1,0,0
1340703,4,2023,2023,9,3,5,82,27,84,181,0,1,1,-33.894989,151.270713,76,0,2,0,0,0,0,0,2,0,7,50,2,1981,1981,4,0,5,5,0,1,1,0
1340704,4,2023,2023,9,2,6,114,27,24,228,0,1,1,-33.529539,150.925532,71,0,2,0,0,0,0,0,2,0,7,80,2,4552,5151,8,16,40,1,0,1,0,0
1340705,2,2023,2023,9,5,8,56,31,119,34609,1,0,9,-32.766459,151.741263,57,2,1,0,1,0,3,3,2,0,2,50,0,5929,5929,1,10,22,2,0,0,1,3
1340707,2,2023,2023,9,2,11,171,1,4,34609,0,1,1,-35.748232,150.207963,23,2,1,1,2,0,0,0,0,0,7,50,0,121,121,9,16,28,2,0,0,1,1
1340709,2,2023,2023,10,2,9,21,27,26,10,0,1,1,-32.749535,151.386515,17,2,1,1,0,0,0,0,2,0,7,80,1,9859,9859,8,5,40,1,0,0,1,0
1340713,4,2023,2023,9,5,6,59,10,8,34609,0,1,1,-33.393398,149.555527,3,2,1,0,1,0,0,3,2,0,7,50,0,2585,4009,8,5,40,1,0,1,0,0
1340714,4,2023,2023,2,3,5,481,17,20,483,0,1,1,-31.005466,149.409051,51,1,0,1,0,0,0,0,2,0,7,110,2,1945,1945,5,3,40,1,0,1,0,0
1340717,4,2023,2023,10,3,2,69,31,646,563,0,1,9,-33.914568,151.04186,15,0,2,1,2,0,0,0,1,2,7,60,2,9859,9859,8,5,40,1,0,2,0,0
1340718,2,2023,2023,9,6,6,154,27,443,244,0,1,10,-33.909582,151.075461,15,0,2,0,3,0,0,0,2,2,7,60,2,14295,14295,3,9,0,2,0,0,1,0
1340719,2,2023,2023,9,4,6,109,27,182,169,1,0,1,-32.828577,151.368411,17,2,1,1,0,0,0,0,2,0,7,60,2,9859,9859,8,0,40,1,0,0,1,0
1340720,4,2023,2023,2,2,6,112,17,27,112,0,1,1,-31.693346,143.753062,51,1,0,1,0,0,0,0,2,0,7,110,2,4026,4026,8,10,40,1,0,1,0,0
1340724,4,2023,2023,2,2,5,82,27,134,181,0,1,1,-33.891165,151.253509,76,0,2,1,1,0,0,0,2,0,7,50,2,14295,14295,3,16,0,4,0,1,0,0
1340725,4,2023,2023,2,0,4,132,31,174,126,0,1,10,-33.89042,151.209134,69,0,2,1,1,0,0,0,2,2,7,50,2,5929,5929,1,0,19,2,0,1,0,0
1340730,1,2023,2023,2,6,0,21,1,123,25,0,1,7,-33.909813,151.220995,59,0,2,1,2,0,0,0,0,0,0,50,1,301,301,4,33,27,2,0,0,0,1
1340733,4,2023,2023,2,6,7,229,14,110,237,0,1,3,-33.764831,151.014127,54,0,2,1,0,0,0,0,2,0,7,100,2,14295,14295,3,10,5,3,0,1,0,1
1340736,4,2023,2023,2,5,8,308,14,42,311,0,1,3,-33.731284,150.861913,7,0,2,1,3,0,0,0,2,0,7,100,2,9859,9859,8,0,40,1,0,1,0,0
1340737,2,2023,2023,2,3,4,18,31,108,57,0,1,1,-28.863893,153.557137,2,2,1,1,3,0,3,4,2,0,7,60,1,9859,9859,8,0,40,1,0,0,1,0
1340738,1,2023,2023,2,4,8,41,31,445,34609,0,1,7,-33.866342,151.045212,21,0,2,1,3,0,0,0,2,0,0,50,0,2852,2852,4,5,5,2,0,0,0,1
1340739,2,2023,2023,2,5,8,127,27,59,103,0,1,10,-32.889658,151.726392,48,0,2,1,3,0,0,0,2,2,7,60,1,6545,6545,4,5,0,3,0,0,1,0
1340741,4,2023,2023,10,5,11,63,27,3,34609,0,1,1,-34.178368,148.372386,30,1,0,0,0,2,0,0,0,0,7,100,0,2585,4009,8,5,40,1,0,2,0,0
1340745,2,2023,2023,2,1,5,133,27,46,260,0,1,2,-32.912223,151.66206,48,0,2,1,1,0,0,0,2,0,7,70,2,4026,4026,1,10,5,2,0,0,1,0
1340747,2,2023,2023,10,2,8,55,36,22,95,0,1,9,-33.193359,148.622652,11,1,0,1,0,0,0,0,2,0,7,100,2,1669,1669,3,9,12,2,0,0,1,0
1340752,4,2023,2023,2,4,10,3371,17,7,3342,0,1,7,-31.028704,152.884426,34,2,1,0,2,0,0,0,3,0,0,60,2,2585,4009,8,0,40,1,0,1,1,0
1340753,4,2023,2023,2,3,5,866,17,187,793,0,1,2,-33.795894,150.988651,54,0,2,1,1,0,0,0,2,0,7,70,2,14295,14295,3,5,0,4,0,1,0,0
1340754,2,2023,2023,2,1,7,3371,17,35,3342,0,1,2,-29.92355,153.075276,18,1,0,1,0,0,0,0,2,0,7,110,2,4026,4026,8,5,40,1,0,0,1,2
1340755,2,2023,2023,2,0,2,27,36,83,34609,0,1,9,-30.110002,153.190052,19,2,1,1,2,0,0,0,0,0,7,50,0,9859,9859,1,19,4,2,0,0,1,0
1340757,2,2023,2023,2,5,10,61,10,87,34609,0,1,1,-33.033735,151.488368,37,0,2,0,0,0,0,0,0,0,7,90,0,4552,5151,8,5,40,1,0,0,1,0
1340759,4,2023,2023,2,4,7,478,17,89,480,0,1,9,-33.388125,151.472882,16,2,2,1,0,0,0,3,2,0,7,60,2,9859,9859,8,5,40,1,0,1,0,0
1340761,4,2023,2023,2,1,4,3371,17,35,3342,0,1,2,-29.922596,153.074119,18,1,0,1,0,0,0,0,2,0,7,110,2,9859,9859,8,0,40,1,0,1,0,0
1340764,4,2023,2023,2,6,10,2126,17,60,2149,0,1,10,-33.76819,150.757915,55,0,2,1,2,0,3,0,0,2,7,80,2,6545,6545,4,5,0,2,0,2,0,0
1340770,2,2023,2023,9,4,5,3371,17,104,3342,0,1,9,-32.824795,151.683981,48,0,2,1,0,0,0,3,2,2,7,60,2,2852,2852,4,34,13,3,0,0,2,0
1340777,4,2023,2023,2,0,8,7,1,226,34609,0,1,1,-33.761683,150.829116,7,0,2,1,3,0,0,0,3,0,7,50,0,4026,4026,8,16,40,1,0,1,0,0
1340779,2,2024,2024,4,1,8,103,36,8,103,0,1,1,-32.004593,152.119051,43,1,0,1,3,0,0,0,3,0,7,90,1,9859,9859,8,30,40,1,0,0,1,0
1340780,2,2024,2024,4,1,9,6,31,24,34609,1,0,10,-32.014419,151.961601,43,2,1,1,3,0,0,0,2,0,0,50,0,9859,9859,8,0,40,1,0,0,1,0
1340783,2,2023,2023,9,1,4,9,31,215,34609,1,2,1,-35.10707,147.365405,75,2,1,1,1,0,0,0,2,0,7,40,0,368,368,9,0,28,2,0,0,1,0
1340789,2,2023,2023,9,1,6,2,10,7,2,0,1,1,-36.040208,150.121553,23,2,1,0,0,0,3,4,2,0,7,60,1,1957,4009,8,5,40,1,0,0,1,1
1340793,2,2023,2023,9,2,4,30,27,187,94,0,1,9,-33.880565,150.979333,15,0,2,1,1,0,3,4,2,0,0,60,1,1945,1945,5,16,40,1,0,0,1,0
1340797,1,2023,2023,2,6,9,2126,17,44,2149,0,1,2,-33.797915,150.896315,7,0,2,1,1,0,0,0,2,0,7,80,2,1383,1383,1,33,19,2,0,0,0,1
1340799,2,2023,2023,2,4,6,194,31,105,34609,0,1,1,-32.592357,149.58835,44,2,1,1,1,0,0,0,2,0,7,40,0,1220,1220,9,10,28,2,0,0,1,0
1340802,2,2023,2023,9,4,6,37,31,80,19,0,1,10,-33.881426,151.170684,32,0,2,1,1,0,0,0,2,2,7,50,2,6545,6545,4,9,5,2,0,0,1,0
1340804,1,2023,2023,2,0,5,78,31,43,34609,0,1,1,-32.174641,152.498854,43,2,1,1,1,0,0,0,2,0,7,50,0,1220,1220,9,9,26,2,0,0,0,1
1340805,4,2023,2023,10,1,6,65,10,132,148,0,1,1,-34.086881,151.069987,68,0,2,0,0,0,0,0,2,0,7,60,2,782,957,5,16,40,1,0,1,0,0
1340806,1,2023,2023,2,0,5,1,27,33,34609,0,1,1,-34.777384,150.741595,63,2,1,0,0,0,0,0,2,0,7,60,0,2585,4009,8,5,40,1,0,0,0,1
1340807,2,2023,2023,2,1,6,330,23,293,112,0,1,2,-33.942113,151.239662,59,0,2,1,0,0,0,0,2,0,7,50,2,2040,2040,9,5,28,2,0,0,1,0
1340809,4,2023,2023,2,3,6,11,27,4,34609,0,1,1,-28.35489,153.236307,72,1,0,0,3,0,0,0,2,0,7,100,0,1259,5151,8,0,40,1,0,1,0,1
1340814,4,2024,2024,4,6,9,30,27,120,154,0,1,10,-33.755345,150.864661,7,0,2,1,3,0,0,0,3,2,7,60,1,14295,14295,3,0,0,2,0,1,0,0
1340815,2,2024,2024,4,6,3,21,36,56,34609,0,1,1,-31.125492,152.827193,34,2,1,1,3,0,0,0,1,0,7,80,0,14295,14295,3,8,13,2,0,0,1,0
1340819,2,2024,2024,4,6,11,106,27,76,106,0,1,9,-33.927024,150.871073,41,0,2,1,3,0,0,0,0,2,7,70,2,1192,1192,1,9,5,2,0,0,1,0
1340821,1,2023,2023,2,2,7,387,36,45,69,0,1,2,-33.701271,151.212901,50,0,2,1,3,0,0,0,2,0,0,80,2,14295,14295,3,33,5,3,0,0,0,1
1340825,2,2023,2023,9,4,7,24,27,65,78,0,1,1,-33.552069,150.14564,40,2,1,0,3,0,3,4,2,0,7,80,2,1957,4009,8,10,40,1,0,0,1,0
1340829,2,2023,2023,11,1,7,51,1,115,34609,0,1,1,-33.749442,151.224284,50,0,2,1,3,0,0,0,2,0,7,40,0,1981,1981,4,10,0,2,0,0,1,0
1340830,2,2024,2024,4,4,11,2209,17,273,2205,0,1,9,-34.426022,150.87776,80,0,2,1,3,0,0,0,0,2,7,60,2,1981,1981,4,10,5,2,0,0,1,0
1340834,2,2023,2023,2,6,7,55,27,134,38,0,1,10,-33.950744,150.809111,12,0,2,1,1,0,0,0,2,2,7,80,2,6545,6545,4,0,0,2,0,0,1,0
1340835,1,2023,2023,2,4,5,485,27,337,769,0,1,2,-33.731911,150.972245,71,0,2,1,3,0,0,0,2,0,7,70,2,1383,1383,1,5,0,2,0,0,0,1
1340839,1,2024,2024,4,5,9,11,27,36,34609,0,1,10,-33.80152,150.951136,21,0,2,1,3,0,0,0,3,2,7,50,0,926,926,4,21,5,2,0,0,0,1
1340841,2,2023,2023,2,3,10,105,27,65,109,0,1,9,-33.872039,150.900971,24,0,2,1,3,0,0,0,0,0,7,60,1,14295,14295,3,10,0,2,0,0,1,0
1340842,1,2023,2023,9,4,9,1104,14,75,962,0,1,3,-33.87204,151.114786,9,0,2,1,3,0,0,0,3,0,7,80,2,14295,14295,3,0,5,3,0,0,0,1
1340843,4,2024,2024,4,0,8,1,27,4,34609,0,1,10,-32.378385,152.124846,43,1,0,0,3,2,0,3,2,0,7,100,0,1850,1463,5,16,40,1,0,1,0,0
1340845,1,2023,2023,9,6,7,165,31,532,34609,0,1,1,-33.862662,151.207565,69,0,2,0,3,0,3,4,2,0,7,40,0,1981,1981,4,5,13,2,0,0,0,1
1340848,4,2023,2023,2,3,4,481,17,20,483,0,1,1,-30.894042,149.441383,51,1,0,1,0,0,0,0,2,0,7,110,2,4026,4026,8,10,40,1,0,1,0,0
1340849,2,2024,2024,4,1,6,171,31,363,34609,0,1,10,-33.818371,151.000545,54,0,2,1,3,0,0,0,2,2,7,40,0,14295,14295,3,5,5,2,0,0,1,0
1340850,4,2024,2024,4,5,11,2261,17,30,2252,0,1,2,-35.540303,147.54133,27,1,0,0,0,0,3,4,0,0,7,110,2,273,957,5,30,40,1,0,2,0,0
1340852,1,2023,2023,2,0,8,134,10,104,133,0,1,9,-33.831639,151.019811,54,0,2,1,3,0,3,0,2,2,7,70,2,6545,6545,4,5,36,2,0,0,0,1
1340854,2,2024,2024,4,1,4,23,14,532,22,0,1,10,-33.863272,151.212887,69,0,2,1,3,0,0,3,2,2,7,40,2,5929,5929,1,5,5,2,0,0,1,0
1340855,2,2024,2024,4,2,4,2,27,128,34609,0,1,1,-33.412873,151.325768,16,2,2,1,3,0,0,0,2,0,7,50,0,1945,1945,5,16,40,1,0,0,1,0
1340859,1,2023,2023,2,0,9,147,27,104,605,0,1,10,-33.830405,151.219489,49,0,2,1,3,0,0,0,2,2,7,60,2,14295,14295,3,19,5,3,0,0,0,1
1340860,2,2023,2023,2,2,6,6,10,23,34609,0,1,1,-34.04995,150.812809,13,0,2,0,0,0,0,0,2,0,7,60,0,4552,5151,8,5,40,1,0,0,1,0
1340861,1,2023,2023,2,0,4,9,27,57,34609,0,1,9,-32.989269,151.695614,37,0,2,1,3,0,0,0,2,0,0,60,0,5929,5929,1,0,5,2,0,0,0,1
1340864,1,2023,2023,2,1,7,330,27,121,102,0,1,9,-33.78855,151.284663,50,0,2,1,2,0,0,0,2,0,0,50,2,5929,5929,1,16,5,2,0,0,0,1
1340865,1,2023,2023,2,5,8,15,31,99,30,0,1,9,-33.889821,151.275589,76,0,2,1,3,0,0,0,2,2,7,40,1,14295,14295,3,5,5,2,0,0,0,1
1340870,2,2024,2024,4,1,7,80,31,66,172,0,1,10,-32.927098,151.636879,37,0,2,1,3,0,0,0,2,2,7,50,2,14295,14295,3,5,0,3,0,0,1,0
1340872,1,2023,2023,2,1,6,87,31,106,32,0,1,7,-33.912497,151.089663,15,0,2,1,3,0,0,0,2,0,0,50,1,6545,6545,4,5,0,2,0,0,0,1
1340874,2,2024,2024,4,1,7,475,10,523,268,1,0,2,-33.917153,150.912085,41,0,2,1,3,0,3,4,2,0,7,70,2,623,623,3,5,10,2,0,0,1,0
1340878,2,2024,2024,4,3,9,91,27,119,187,0,1,10,-33.874317,151.164686,32,0,2,1,3,0,0,0,3,2,7,70,2,6545,6545,4,5,5,2,0,0,1,0
1340881,1,2023,2023,2,4,7,14,31,232,34609,0,1,10,-33.676538,150.883649,7,0,2,1,3,0,3,4,2,0,0,60,0,623,623,3,10,13,2,0,0,0,1
1340883,2,2024,2024,4,0,5,220,14,40,220,0,1,3,-34.416371,150.879219,80,0,2,1,3,0,0,0,2,0,7,90,2,14295,14295,3,5,0,2,0,0,1,0
1340885,1,2023,2023,2,1,6,115,27,96,46,0,1,9,-34.229193,150.667115,79,2,2,1,3,0,0,0,2,2,7,80,2,14295,14295,3,8,5,2,0,0,0,2