Crash ID,Degree of crash - detailed,Reporting year,Year of crash,Month of crash,Day of week of crash,Two-hour intervals,Street of crash,Street type,Town,Route no.,School zone location,School zone active,Type of location,Latitude,Longitude,LGA,Urbanisation,Conurbation 1,Alignment,Street lighting,Road surface,Surface condition,Weather,Natural lighting,Signals operation,Other traffic control,Speed limit,Road classification,RUM - code,DCA - code,First impact type,Key TU type,Other TU type,No. of traffic units involved,No. killed,No. seriously injured,No. moderately injured,No. minor-other injured
1340891,2,2024,2024,4,0,8,330,23,54,233,0,1,10,-33.901432,151.222558,69,0,2,1,3,0,0,0,2,2,7,60,2,2585,777,8,16,40,1,0,0,1,0
1340894,2,2023,2023,2,4,5,10,25,96,212,0,1,10,-35.3544,149.232058,58,2,1,1,3,0,0,0,2,2,7,50,2,6545,6545,4,5,5,2,0,0,1,0
1340896,1,2023,2023,9,2,7,59,27,252,21,0,1,7,-33.932533,150.869133,41,0,2,1,1,0,0,0,2,0,0,60,2,1391,1391,1,5,13,2,0,0,0,1
1340900,1,2023,2023,2,2,3,220,14,56,220,0,1,3,-34.447006,150.860531,80,0,2,0,3,0,0,0,2,0,7,100,2,418,714,5,0,40,1,0,0,0,1
1340901,1,2023,2023,2,4,7,1,27,43,34609,0,1,1,-36.040627,144.626756,51,1,0,1,3,2,0,0,2,0,7,100,0,9859,9859,8,10,40,1,0,0,0,3
1340905,2,2023,2023,2,2,5,283,27,91,702,0,1,9,-33.956664,151.086891,25,0,2,1,3,0,0,0,2,0,15,60,2,5929,5929,1,5,5,2,0,0,1,0
1340906,1,2023,2023,2,6,3,330,27,49,605,1,0,9,-33.720526,151.298217,50,0,2,1,0,0,0,0,2,2,7,60,2,5929,5929,1,10,0,2,0,0,0,1
1340911,1,2023,2023,2,0,5,78,27,7,74,0,1,2,-33.856158,151.130563,14,0,2,1,3,0,0,0,2,0,7,50,1,9859,9859,1,10,5,2,0,0,0,1
1340912,1,2024,2024,4,2,4,3371,17,137,3342,0,1,2,-32.961094,151.697387,37,0,2,0,3,0,0,0,2,0,7,60,2,1383,1383,1,5,13,2,0,0,0,1
1340913,1,2024,2024,4,5,4,134,10,69,133,0,1,10,-33.819304,151.021981,54,0,2,1,3,0,0,0,2,2,7,70,2,14295,14295,3,0,5,2,0,0,0,2
1340915,1,2024,2024,4,0,5,18,1,169,34609,0,1,1,-33.90017,151.213235,69,0,2,1,3,0,0,0,2,0,7,40,0,14295,14295,3,0,0,2,0,0,0,1
1340917,2,2023,2023,9,2,6,9,27,46,19,0,1,1,-33.937566,151.115377,4,0,2,1,1,0,0,0,2,0,7,50,1,515,515,1,5,27,2,0,0,1,0
1340922,2,2024,2024,4,6,5,866,17,523,793,0,1,2,-33.908638,150.918682,41,0,2,0,3,0,3,0,2,0,7,50,2,14295,14295,3,5,5,2,0,0,1,0
1340923,1,2023,2023,2,5,6,229,14,98,237,0,1,3,-33.758384,151.052134,54,0,2,1,3,0,0,0,2,0,7,100,2,9859,9859,8,10,40,1,0,0,0,1
1340925,1,2024,2024,4,6,6,23,27,210,34609,0,1,1,-34.035088,151.095787,68,0,2,1,3,0,0,0,2,0,7,50,0,1981,1981,4,0,0,2,0,0,0,1
1340927,2,2023,2023,2,6,4,71,17,5,71,0,1,1,-35.430563,144.900543,51,1,0,1,3,0,0,0,2,0,7,100,2,14295,14295,3,33,27,2,0,0,1,0
1340928,2,2024,2024,4,1,9,25,27,43,34609,0,1,10,-33.591826,150.87454,29,2,2,0,3,0,3,3,4,0,0,70,0,6545,6545,4,5,0,2,0,0,1,0
1340931,1,2023,2023,1,0,6,3,31,106,34609,0,1,1,-33.676336,151.303022,50,0,2,1,3,0,0,0,2,0,9,40,0,214,214,9,0,28,2,0,0,0,1
1340935,2,2024,2024,4,6,3,2126,17,142,2149,0,1,10,-33.827598,151.004833,54,0,2,1,3,0,0,0,1,2,7,60,2,14295,14295,3,10,0,3,0,0,1,0
1340937,2,2023,2023,2,6,3,11,10,107,34609,0,1,1,-33.264937,151.453534,16,2,2,0,3,0,3,4,2,0,7,50,0,14295,14295,3,10,0,2,0,0,1,0
1340939,2,2024,2024,4,5,6,916,17,11,917,0,1,2,-32.475912,151.087758,64,1,0,0,0,0,0,0,2,0,7,100,2,1957,4009,8,5,40,1,0,0,1,0
1340942,4,2024,2024,4,5,8,3371,17,49,3342,0,1,2,-33.186974,151.53221,16,2,2,0,0,0,0,0,2,0,7,80,2,4552,5151,8,5,40,1,0,1,0,0
1340949,4,2023,2023,9,1,10,33,27,89,34609,0,1,9,-33.891597,151.230772,69,0,2,1,2,0,3,0,0,0,0,40,0,5929,5929,1,9,19,2,0,1,0,0
1340951,1,2023,2023,1,0,9,1,1,49,34609,0,1,10,-34.050281,151.143459,68,0,2,1,2,0,0,0,0,0,0,50,0,5929,5929,1,33,19,2,0,0,0,1
1340952,2,2023,2023,2,6,3,2209,17,49,2205,0,1,9,-33.932644,151.153452,4,0,2,1,1,0,3,4,2,2,7,60,2,1945,1945,5,16,40,1,0,0,1,0
1340953,2,2023,2023,2,1,8,6,27,80,34609,0,1,10,-33.752657,150.668506,55,0,2,1,0,0,0,0,2,0,15,50,0,926,926,4,5,13,2,0,0,1,0
1340955,1,2023,2023,2,1,0,10,36,65,34609,0,1,9,-30.363427,153.046517,19,2,1,1,0,0,0,0,0,0,0,80,0,945,945,5,30,40,1,0,0,0,1
1340956,4,2023,2023,2,6,8,5,23,100,34609,0,1,9,-33.890847,150.892534,24,0,2,0,0,0,0,0,2,0,0,50,0,2852,2852,4,5,0,2,0,1,0,1
1340960,2,2024,2024,4,6,2,3,10,105,34609,0,1,1,-32.613139,149.591356,44,2,1,1,2,0,0,0,1,0,7,50,0,4026,4026,1,0,36,3,0,0,1,0
1340961,2,2023,2023,2,5,6,24,1,145,52,0,1,2,-33.924311,151.154321,15,0,2,1,1,0,3,0,2,0,9,50,1,591,591,1,22,5,2,0,0,1,0
1340963,1,2024,2024,4,1,4,829,27,123,770,0,1,2,-33.814048,151.054024,54,0,2,1,0,0,0,0,2,0,7,70,2,14295,14295,3,0,5,2,0,0,0,1
1340965,4,2023,2023,2,0,6,9,10,79,34609,0,1,2,-34.001302,150.740799,12,0,2,1,0,0,0,0,2,0,7,60,0,1109,787,1,30,19,2,0,1,0,0
1340968,4,2023,2023,10,1,8,87,31,179,34609,0,1,10,-31.908162,152.465379,43,2,1,1,1,0,0,0,2,0,15,50,0,6545,6545,4,10,5,2,0,1,0,0
1340971,2,2023,2023,11,2,7,387,27,115,34609,0,1,1,-33.966313,151.053016,25,0,2,1,0,0,0,0,2,0,7,50,0,340,340,9,0,28,2,0,0,1,0
1340973,2,2023,2023,2,5,1,3371,17,8,3342,0,1,2,-28.436939,153.507383,72,1,0,1,0,0,3,3,0,0,7,110,2,9859,9859,8,5,40,1,0,0,1,0
1340978,1,2023,2023,2,5,1,500,27,646,799,0,1,1,-33.933922,151.029057,15,0,2,1,2,0,0,0,0,0,7,60,2,9859,9859,8,5,40,1,0,0,0,1
1340980,1,2023,2023,11,2,2,2261,17,14,2252,0,1,2,-34.805117,149.513159,26,1,0,1,0,0,0,0,1,0,7,110,2,9859,9859,8,10,40,1,0,0,0,1
1340982,1,2023,2023,9,2,8,71,27,5,69,0,1,1,-36.362107,148.70722,65,1,0,0,0,0,3,3,2,0,7,100,2,2585,4009,8,16,40,1,0,0,0,1
1340984,4,2023,2023,2,3,7,65,10,132,148,0,1,1,-34.151366,151.028875,68,0,2,0,0,0,0,0,2,0,7,60,2,312,312,2,16,40,1,0,1,0,0
1340987,2,2023,2023,2,3,7,3,27,9,34609,0,1,9,-31.346189,152.792656,56,1,0,1,1,0,3,3,2,0,7,100,2,2852,2852,4,5,0,2,0,0,1,2
1340990,4,2023,2023,9,0,4,2,31,70,34609,0,1,10,-34.855055,150.607437,63,2,1,1,1,0,3,4,2,0,0,50,0,2852,2852,4,0,13,2,0,1,0,1
1340996,4,2023,2023,11,4,2,2,27,12,34609,0,1,1,-34.076151,150.499154,79,2,2,1,0,0,0,0,1,0,7,60,0,404,404,8,16,40,1,0,1,0,0
1340999,4,2024,2024,4,6,5,1052,27,69,262,0,1,7,-32.905713,151.692269,48,0,2,0,1,0,0,0,2,2,7,60,2,14295,14295,3,16,0,2,0,1,0,0
1341004,2,2023,2023,9,6,7,89,36,3,17,0,1,1,-29.175046,152.629761,18,1,0,0,0,0,0,0,2,0,7,100,1,3775,3775,0,8,22,2,0,0,4,0
1341009,2,2024,2024,4,1,11,478,17,50,480,0,1,9,-33.232096,151.547505,16,2,2,1,3,0,3,4,0,0,7,60,2,475,475,5,10,40,1,0,0,1,0
1341012,2,2023,2023,2,3,5,3371,17,43,3342,0,1,2,-30.46151,153.00229,6,1,0,1,0,0,3,4,2,0,7,110,2,9859,9859,8,0,40,1,0,0,1,0
1341014,4,2024,2024,4,5,2,195,27,76,186,0,1,10,-33.924449,150.848555,41,0,2,1,1,0,0,0,1,2,7,70,2,14295,14295,3,0,5,2,0,1,1,0
1341016,4,2023,2023,9,6,7,2,31,15,34609,0,1,1,-34.593313,150.517549,78,2,1,1,1,0,0,0,2,0,7,50,0,591,591,1,22,13,2,0,1,0,0
1341020,2,2024,2024,4,6,3,14,10,194,34609,0,1,1,-30.509741,151.68478,1,2,1,0,0,0,0,1,1,0,7,50,0,1259,5151,1,22,12,2,0,0,1,0
1341023,2,2023,2023,2,3,2,98,27,87,799,0,1,2,-33.929061,150.978222,41,0,2,1,2,0,3,4,0,0,7,60,2,204,204,1,10,25,2,0,0,1,0
1341024,2,2023,2023,2,6,10,24,24,85,34609,0,1,7,-33.792294,150.688221,55,0,2,0,2,0,0,0,0,0,0,50,0,1259,5151,8,5,40,1,0,0,1,0
1341025,4,2023,2023,2,5,5,2209,17,67,2205,1,0,1,-34.425279,150.87292,80,0,2,1,1,0,0,0,2,0,7,60,2,1220,1220,9,30,28,2,0,1,0,0
1341026,4,2023,2023,1,1,4,5,27,108,34609,1,0,1,-33.303873,151.416163,16,2,2,1,0,0,0,0,2,0,7,50,0,9859,9859,1,0,10,2,0,1,0,0
1341027,2,2023,2023,9,6,4,12,10,179,34609,0,1,1,-31.899094,152.466207,43,2,1,1,1,0,0,0,2,0,7,60,0,175,188,8,0,40,1,0,0,1,0
1341042,2,2024,2024,4,5,9,55,36,25,35,0,1,1,-32.934887,149.897902,44,1,0,0,0,0,3,4,2,0,7,90,1,4552,5151,8,0,40,1,0,0,1,0
1341046,1,2023,2023,2,3,10,829,27,149,770,0,1,2,-33.867725,151.175937,32,0,2,1,2,0,0,0,0,0,7,60,2,14295,14295,3,5,5,2,0,0,0,1
1341050,2,2024,2024,4,1,6,126,27,370,168,0,1,9,-34.062997,150.78687,13,0,2,0,1,0,3,4,2,2,7,80,2,395,395,1,30,35,2,0,0,1,0
1341051,1,2023,2023,9,5,5,8,31,271,34609,0,1,1,-33.939193,150.999359,15,0,2,1,1,0,3,4,2,0,7,60,0,368,368,9,33,28,3,0,0,0,1
1341052,1,2023,2023,9,6,4,3371,17,149,3342,0,1,7,-33.356126,151.369528,16,2,2,1,0,0,0,0,2,0,0,60,2,14295,14295,3,0,12,2,0,0,0,1
1341054,4,2024,2024,4,6,5,829,1,225,34609,0,1,9,-33.797383,151.179382,77,0,2,1,1,0,0,0,2,0,9,40,0,2040,2040,9,21,28,2,0,1,0,0
1341056,4,2024,2024,4,1,7,346,17,106,332,0,1,7,-28.871297,153.044202,60,2,1,1,1,0,3,3,2,0,0,50,2,4026,4026,8,0,40,1,0,1,0,0
1341058,2,2024,2024,4,6,6,28,27,25,28,0,1,1,-32.669975,151.834873,57,1,0,1,1,0,0,0,2,0,7,100,1,5929,5929,1,30,5,2,0,0,1,0
1341065,4,2023,2023,2,6,4,308,14,95,311,0,1,3,-33.733863,150.848825,7,0,2,0,1,0,3,4,2,0,7,100,2,14295,14295,3,10,13,5,0,2,1,0
1341068,2,2023,2023,10,0,7,5,10,39,34609,0,1,9,-33.246583,151.487671,16,2,2,0,0,0,3,4,2,0,7,50,0,5929,5929,1,0,19,2,0,0,1,0
1341072,2,2023,2023,2,4,4,2,31,316,34609,0,1,1,-31.432704,152.91242,56,2,1,1,1,0,0,0,2,0,7,50,0,941,941,1,5,27,2,0,0,1,0
1341073,4,2023,2023,2,0,3,87,1,225,19,0,1,10,-33.79711,151.186006,77,0,2,1,1,0,0,0,2,2,9,40,1,1220,1220,9,0,28,2,0,1,0,0
1341074,2,2023,2023,2,0,6,39,31,193,34609,0,1,1,-33.796396,151.066702,61,0,2,0,0,0,0,0,2,0,7,50,0,4552,5151,8,5,40,1,0,0,1,0
1341076,1,2023,2023,2,0,7,5,27,84,34609,0,1,9,-33.78181,151.103732,61,0,2,1,0,0,0,0,2,0,7,50,0,1220,1220,9,0,28,2,0,0,0,1
1341078,4,2023,2023,2,2,6,3,27,36,34609,1,0,1,-33.934302,151.25323,59,0,2,1,0,0,0,0,2,0,7,50,0,3775,3775,0,0,5,2,0,1,0,0
1341082,1,2023,2023,2,0,7,28,3,69,117,0,1,2,-32.89974,151.69425,48,0,2,1,1,0,0,0,2,0,7,60,2,14295,14295,3,10,13,4,0,0,0,1
1341087,2,2023,2023,10,4,10,7,31,58,34609,0,1,9,-32.984154,151.679076,37,0,2,1,2,0,0,0,0,0,15,50,0,2852,2852,4,5,27,2,0,0,1,0
1341090,1,2023,2023,5,5,8,7,27,4,34609,0,1,1,-33.311769,149.212872,11,1,0,0,0,0,0,0,3,0,7,100,0,4552,5151,8,16,40,1,0,0,0,1
1341092,1,2023,2023,2,3,7,334,17,56,308,0,1,1,-31.463063,152.722827,56,2,1,1,0,0,3,4,2,0,7,50,2,4026,4026,1,10,5,2,0,0,0,1
1341093,2,2023,2023,2,6,8,3371,17,35,3342,0,1,2,-32.113742,152.370723,43,1,0,1,0,0,0,0,2,0,7,100,2,9859,9859,8,5,40,1,0,0,2,1
1341098,4,2023,2023,2,2,5,24,27,7,24,0,1,9,-34.847029,150.730037,63,2,1,1,0,0,0,0,2,0,0,80,1,5929,5929,1,5,5,2,0,1,0,0
1341100,2,2023,2023,2,2,6,3,10,60,34609,1,0,10,-34.019226,150.753612,12,0,2,1,1,0,0,0,2,2,7,60,0,5929,5929,1,5,0,2,0,0,1,0
1341101,4,2023,2023,2,5,7,1,31,12,34609,0,1,9,-33.984281,151.241474,59,0,2,1,1,0,0,0,2,0,7,50,0,926,926,4,0,5,2,0,1,0,0
1341106,4,2024,2024,4,6,6,3371,17,25,3342,0,1,2,-32.861394,151.705044,48,0,2,1,1,0,0,0,2,0,7,60,2,9859,9859,1,0,5,2,0,1,0,0
1341114,4,2023,2023,2,6,8,39,27,36,91,0,1,1,-33.937389,151.257649,59,0,2,1,0,0,0,0,2,0,7,50,1,515,515,1,5,27,2,0,1,0,0
1341122,4,2024,2024,4,5,4,39,31,271,21,0,1,10,-33.944238,151.011597,15,0,2,1,1,0,0,0,2,0,15,50,1,926,926,4,0,0,2,0,1,1,0
1341123,1,2023,2023,2,4,9,13,31,55,34609,1,0,7,-33.885554,151.276067,76,0,2,1,0,0,0,0,2,0,0,50,0,926,926,4,15,0,2,0,0,0,1
1341126,2,2023,2023,2,4,4,14,27,3,34609,0,1,1,-34.043763,150.669444,12,0,2,0,1,0,0,0,2,0,7,60,0,14295,14295,3,5,5,2,0,0,1,1
1341129,2,2023,2023,2,4,9,92,27,143,34609,0,1,1,-33.877865,151.103599,9,0,2,1,1,0,0,0,3,0,7,40,0,2040,2040,9,19,28,2,0,0,1,0
1341132,4,2024,2024,4,5,6,104,27,137,140,0,1,9,-33.922199,151.201691,69,0,2,1,1,0,0,0,2,0,6,60,2,2040,2040,9,5,28,2,0,1,0,0
1341133,1,2023,2023,2,1,6,283,27,197,702,1,0,9,-33.94941,151.080924,25,0,2,1,0,0,0,0,2,2,7,60,2,5929,5929,1,5,12,2,0,0,0,1
1341136,2,2023,2023,2,4,5,330,27,106,605,0,1,9,-33.681731,151.303025,50,0,2,1,0,0,0,0,2,0,15,70,2,5929,5929,1,5,0,3,0,0,1,1
1341138,2,2024,2024,4,3,8,220,14,40,220,0,1,3,-34.412581,150.882749,80,0,2,1,0,0,0,0,2,0,7,80,2,14295,14295,3,16,19,2,0,0,1,0
1341141,1,2023,2023,2,2,2,35,2,31,34609,0,1,7,-34.592299,150.872858,62,0,2,1,2,0,0,0,0,0,0,50,0,475,475,5,5,40,1,0,0,0,1
1341142,4,2023,2023,2,1,10,8,31,35,34609,0,1,1,-34.369678,150.921852,80,0,2,0,1,0,0,0,2,0,7,50,0,2585,4009,8,0,40,1,0,1,0,0
1341147,4,2023,2023,2,0,6,195,27,53,186,0,1,2,-33.932679,150.845143,41,0,2,1,1,0,0,0,2,0,7,70,2,4026,4026,8,16,40,1,0,1,0,0
1341149,2,2024,2024,4,1,3,2126,17,55,2149,0,1,9,-33.795601,150.8894,7,0,2,1,0,0,0,0,2,0,15,80,2,623,623,3,8,5,2,0,0,1,0
1341152,4,2023,2023,2,3,7,178,27,189,101,0,1,9,-33.94584,151.053303,15,0,2,1,0,0,0,0,2,0,7,50,1,2040,2040,9,33,28,2,0,1,0,0
1341153,4,2023,2023,10,3,3,24,27,8,31,0,1,1,-28.701542,153.0413,51,2,1,0,0,0,0,0,2,0,7,80,1,1957,4009,8,0,40,1,0,2,0,0
1341154,4,2023,2023,2,5,3,334,17,3,308,0,1,1,-31.477185,152.673053,56,2,1,0,0,0,0,0,2,0,7,80,2,2585,4009,8,5,40,1,0,1,0,0
1341161,1,2023,2023,9,6,0,2209,17,204,2205,0,1,10,-33.943756,151.142444,4,0,2,0,2,0,0,0,0,0,0,60,2,1109,787,1,33,19,2,0,0,0,1
1341168,2,2023,2023,2,2,6,13,27,3,34609,0,1,1,-31.436395,152.706454,56,2,1,0,3,0,0,0,2,0,7,80,0,4552,5151,8,5,40,1,0,0,1,0
1341178,4,2023,2023,1,2,9,1,27,8,34609,0,1,1,-31.019786,148.992663,51,1,0,1,0,0,0,0,0,0,7,100,0,945,945,5,10,40,1,0,1,0,0
1341179,2,2023,2023,1,5,7,46,27,62,13,0,1,1,-32.918085,151.623264,37,0,2,1,1,0,0,0,2,0,7,60,1,9859,9859,1,5,5,2,0,0,1,0
1341180,4,2023,2023,1,2,0,27,17,23,34609,0,1,1,-33.316861,151.407641,16,2,2,0,0,0,0,0,0,0,7,60,0,4552,5151,8,0,40,1,0,1,0,0
1341181,4,2023,2023,1,5,5,12,31,87,34609,0,1,9,-28.809024,153.288033,39,2,1,1,1,0,0,0,2,0,7,50,0,2585,777,1,5,0,3,0,1,0,0
1341182,2,2023,2023,1,0,7,204,31,169,9,0,1,10,-33.8971,151.213136,69,0,2,1,2,0,0,0,2,2,6,40,1,5929,5929,1,0,18,2,0,0,1,0
1341184,2,2023,2023,1,5,1,296,27,147,293,0,1,9,-33.87613,150.981413,15,0,2,1,2,0,3,3,0,0,0,70,2,9859,9859,8,5,40,1,0,0,1,0
1341186,4,2023,2023,1,6,3,1104,14,609,962,0,1,3,-33.804154,150.906794,7,0,2,1,1,0,0,0,2,0,7,100,2,14295,14295,3,21,5,3,0,1,0,0
1341187,2,2023,2023,1,4,7,11,31,173,34609,0,1,10,-33.878428,151.215397,69,0,2,1,1,0,0,0,2,2,6,50,0,5929,5929,1,5,20,2,0,0,1,0
1341188,2,2023,2023,1,5,9,48,10,59,58,0,1,2,-32.886171,151.72756,48,0,2,0,2,0,0,0,0,0,7,80,2,1259,5151,8,5,40,1,0,0,1,0
1341189,4,2023,2023,11,5,9,35,27,18,34609,0,1,1,-28.329129,153.550717,72,2,1,0,0,0,2,6,0,0,7,70,0,1259,5151,8,5,40,1,0,1,0,0
1341190,4,2023,2023,11,4,5,18,27,2,14,0,1,1,-28.704942,153.302645,39,2,1,0,0,0,0,0,2,0,7,60,1,782,957,5,10,40,1,0,1,0,0
1341191,2,2023,2023,11,1,9,283,27,129,702,0,1,2,-33.939413,151.075487,15,0,2,1,1,0,0,0,0,0,7,60,2,1383,1383,1,5,25,3,0,0,1,0
1341192,2,2023,2023,5,0,7,3371,17,119,3342,0,1,2,-32.770914,151.760633,57,1,0,0,0,0,0,0,2,0,7,110,2,2585,4009,8,0,40,1,0,0,1,0
1341193,2,2023,2023,1,6,6,18,27,111,34609,0,1,1,-33.920418,151.253932,59,0,2,1,1,0,0,0,2,0,7,50,0,323,323,1,22,5,2,0,0,1,0
1341194,1,2023,2023,11,2,9,169,31,108,34609,0,1,1,-28.868372,153.555198,2,2,1,1,1,0,0,0,3,0,7,50,0,2040,2040,9,0,28,2,0,0,0,1
1341195,2,2023,2023,11,5,0,6,31,16,34609,0,1,1,-32.90191,151.697953,48,0,2,1,2,0,0,0,0,0,7,50,0,9859,9859,1,5,5,2,0,0,1,0
1341196,4,2023,2023,1,0,8,120,36,35,148,0,1,1,-30.433175,152.8584,6,1,0,1,0,0,0,0,2,0,7,100,2,9859,9859,8,5,40,1,0,2,0,0
1341197,2,2023,2023,11,1,4,10,31,55,34609,0,1,9,-33.863736,151.282539,76,0,2,1,0,0,0,0,2,0,7,50,0,5929,5929,1,9,18,2,0,0,1,0
1341200,2,2023,2023,11,1,5,71,27,14,69,0,1,1,-36.385146,148.673819,65,1,0,1,0,0,0,0,2,0,7,100,2,945,945,5,33,40,1,0,0,1,0
1341201,1,2023,2023,11,0,9,10,31,70,34609,0,1,7,-33.972116,151.10636,25,0,2,1,2,0,0,0,0,0,0,50,0,6545,6545,4,0,5,2,0,0,0,1
1341204,2,2023,2023,10,1,6,13,27,22,4,0,1,1,-31.347135,150.620163,51,2,1,1,3,0,2,6,4,0,7,80,1,9859,9859,8,5,40,1,0,0,1,0
1341206,2,2023,2023,11,4,8,51,31,47,34609,0,1,1,-33.777614,151.289855,50,0,2,1,2,0,0,0,2,0,7,50,0,3775,3775,0,5,13,3,0,0,1,1
1341207,2,2023,2023,1,6,2,2261,17,23,2252,0,1,6,-34.061236,150.784454,13,0,2,0,1,0,0,0,1,0,7,80,2,14295,14295,3,0,0,5,0,0,1,0
1341208,2,2023,2023,10,6,5,4,31,1,7,0,1,1,-31.024603,152.947972,34,2,1,1,0,0,0,0,2,0,7,60,1,9859,9859,8,0,40,1,0,0,1,0
1341209,2,2023,2023,10,4,3,171,31,523,34609,0,1,1,-33.917918,150.924959,41,0,2,1,1,0,0,0,2,0,9,50,0,2040,2040,9,9,28,2,0,0,1,1
1341210,4,2023,2023,10,0,5,5,18,225,34609,0,1,9,-33.796907,151.182358,77,0,2,1,2,0,0,0,2,0,7,40,0,237,162,8,0,40,1,0,1,0,0
1341213,4,2023,2023,11,4,6,296,27,147,293,0,1,9,-33.870157,150.985828,15,0,2,1,0,0,0,0,2,0,0,70,2,1282,1282,1,5,10,2,0,1,0,0
1341215,2,2023,2023,1,4,7,51,27,28,34609,0,1,10,-33.910862,150.875157,41,0,2,1,1,0,0,0,2,2,7,50,0,2852,2852,4,5,13,2,0,0,1,0
1341217,4,2023,2023,10,6,9,7,27,87,34609,1,0,1,-33.696694,150.963601,71,0,2,1,2,0,0,0,0,0,9,50,0,2040,2040,9,5,28,2,0,1,0,0
1341218,4,2023,2023,1,1,3,3371,17,131,3342,0,1,9,-33.78332,151.174442,36,0,2,1,2,0,0,0,2,2,7,60,2,2852,2852,4,5,12,3,0,2,0,1
1341223,4,2023,2023,10,5,1,21,14,204,21,0,1,3,-33.935367,151.15739,4,0,2,0,0,0,0,0,0,0,7,80,2,4552,5151,8,5,40,1,0,1,0,0
1341224,2,2023,2023,10,4,6,115,27,99,114,0,1,9,-33.887611,151.264956,76,0,2,1,0,0,0,0,2,2,7,50,2,5929,5929,1,5,12,2,0,0,4,0
1341227,2,2023,2023,10,0,10,13,31,55,34609,1,0,7,-33.885595,151.275966,76,0,2,1,2,0,0,0,3,0,0,50,0,1945,1945,5,16,40,1,0,0,1,0
1341228,1,2023,2023,10,5,7,38,31,26,64,0,1,9,-33.908375,151.20024,69,0,2,1,1,0,0,0,2,0,7,50,2,1282,1282,1,9,0,4,0,0,0,1
1341229,4,2023,2023,10,6,11,83,31,43,228,0,1,1,-33.59103,150.864241,29,2,2,0,2,0,0,0,0,0,7,50,2,2585,4009,8,5,40,1,0,1,0,0
1341230,4,2023,2023,10,0,10,18,27,12,41,0,1,1,-33.478802,148.753594,11,1,0,1,0,0,0,0,0,0,7,100,1,9859,9859,8,10,40,1,0,1,1,0
1341233,2,2023,2023,9,4,6,35,27,30,34609,0,1,1,-28.328092,153.474385,72,2,1,0,0,0,0,0,2,0,7,80,0,4552,5151,8,10,40,1,0,0,1,0
1341235,4,2023,2023,11,1,5,2126,17,27,2149,0,1,1,-33.595332,150.263502,8,2,2,0,0,0,0,0,2,0,7,60,2,3775,3775,0,5,2,2,0,1,1,0
1341236,4,2023,2023,11,1,7,387,27,290,331,0,1,1,-33.94925,151.127115,4,0,2,1,2,0,0,0,2,2,9,60,2,14295,14295,3,22,0,2,0,1,0,0
1341238,4,2023,2023,9,2,11,478,17,89,480,0,1,1,-33.398807,151.471467,16,2,2,1,0,0,3,4,0,0,7,70,2,121,121,9,0,28,2,0,1,1,0
1341239,2,2023,2023,9,6,5,5,27,1,34609,0,1,1,-33.467973,150.187848,40,2,1,1,0,0,0,3,2,0,7,50,0,4026,4026,8,8,40,1,0,0,1,0
1341242,2,2023,2023,9,3,6,42,10,25,39,0,1,2,-34.487523,150.863135,80,0,2,1,0,0,0,0,2,0,7,70,1,14295,14295,3,34,27,2,0,0,1,0
1341244,4,2023,2023,9,2,0,35,10,11,148,0,1,1,-34.181845,151.023008,80,0,2,0,0,0,0,0,0,0,7,60,2,2585,4009,8,5,40,1,0,2,0,0
1341246,4,2023,2023,10,5,8,71,27,69,122,0,1,10,-34.552422,150.860042,62,0,2,0,1,0,0,0,2,2,6,70,2,5929,5929,1,5,5,2,0,1,0,0
1341248,2,2023,2023,9,6,7,35,10,11,148,0,1,1,-34.19535,151.013006,80,0,2,0,3,0,0,0,2,0,7,60,2,4552,5151,8,16,40,1,0,0,1,0
1341249,2,2023,2023,10,5,2,67,27,112,34609,0,1,1,-33.448863,151.444633,16,2,2,0,2,0,0,6,0,0,7,40,0,4552,5151,1,10,0,2,0,0,1,0
1341253,4,2023,2023,1,4,4,54,31,131,62,0,1,1,-33.785663,151.192496,77,0,2,1,1,0,0,0,2,0,7,60,2,1220,1220,9,30,28,2,0,1,0,0
1341256,4,2023,2023,10,3,6,478,17,50,480,0,1,1,-33.232841,151.550883,16,2,2,1,1,0,0,0,2,0,7,60,2,9859,9859,8,5,40,1,0,1,0,0
1341258,4,2023,2023,9,4,4,1104,11,149,770,0,1,2,-33.868176,151.182142,32,0,2,1,0,0,0,0,2,0,7,60,2,1192,1192,1,0,19,2,0,1,0,0
1341259,4,2023,2023,9,4,9,5,27,90,34609,0,1,1,-33.791883,150.939373,7,0,2,1,1,0,0,0,3,0,7,50,0,1220,1220,9,5,28,2,0,1,0,0
1341265,2,2023,2023,9,3,10,475,10,100,268,0,1,10,-33.88926,150.882978,24,0,2,1,2,0,0,0,0,2,5,70,2,6545,6545,4,0,22,2,0,0,1,0
1341266,1,2023,2023,10,4,6,9,27,204,34609,0,1,1,-33.936366,151.142465,4,0,2,1,1,0,0,0,2,0,7,50,0,387,387,1,22,12,2,0,0,0,1
1341270,1,2023,2023,9,3,8,6,31,72,34,0,1,10,-33.830855,151.229789,49,0,2,1,0,0,0,0,2,0,15,50,1,6545,6545,4,0,5,2,0,0,0,1
1341276,2,2023,2023,9,1,7,1,6,75,34609,0,1,1,-32.774135,151.63743,42,2,1,1,1,0,0,0,2,0,7,50,0,4026,4026,1,10,13,3,0,0,1,0
1341278,2,2023,2023,2,0,6,224,27,102,321,0,1,1,-33.946358,151.197352,4,0,2,0,1,0,0,0,2,0,7,50,2,5929,5929,1,0,18,2,0,0,1,0