Crash ID,Degree of crash - detailed,Reporting year,Year of crash,Month of crash,Day of week of crash,Two-hour intervals,Street of crash,Street type,Town,Route no.,School zone location,School zone active,Type of location,Latitude,Longitude,LGA,Urbanisation,Conurbation 1,Alignment,Street lighting,Road surface,Surface condition,Weather,Natural lighting,Signals operation,Other traffic control,Speed limit,Road classification,RUM - code,DCA - code,First impact type,Key TU type,Other TU type,No. of traffic units involved,No. killed,No. seriously injured,No. moderately injured,No. minor-other injured
1341279,2,2023,2023,9,0,10,23,31,52,13,0,1,7,-33.897861,151.263694,76,0,2,1,2,0,3,4,0,0,0,50,1,1945,1945,5,15,40,1,0,0,1,0
1341281,4,2023,2023,9,0,7,229,14,36,237,0,1,3,-33.75915,151.066227,54,0,2,1,0,0,3,0,2,0,7,100,2,14295,14295,3,0,36,2,0,1,0,1
1341284,2,2023,2023,9,3,0,1,27,2,34609,0,1,1,-33.523041,149.157837,51,1,0,0,0,0,3,0,0,0,7,100,0,4552,5151,8,5,40,1,0,0,1,0
1341287,4,2023,2023,9,0,6,111,27,102,233,0,1,9,-33.965271,151.23138,59,0,2,1,0,0,0,0,2,0,0,60,2,1383,1383,1,0,19,2,0,1,0,0
1341290,1,2023,2023,9,4,10,222,27,147,34609,0,1,1,-33.874572,151.010243,21,0,2,1,0,0,0,6,0,0,7,60,0,14295,14295,3,9,5,2,0,0,0,1
1341291,1,2023,2023,9,5,6,100,31,363,769,0,1,9,-33.814377,150.999848,54,0,2,1,1,0,0,0,2,2,9,60,2,14295,14295,3,30,5,3,0,0,0,1
1341292,1,2023,2023,9,4,9,29,27,96,34609,0,1,9,-35.357425,149.228428,58,2,1,1,1,0,0,0,2,0,7,50,0,1282,1282,1,5,27,2,0,0,0,1
1341296,4,2023,2023,9,4,7,43,31,104,117,1,0,9,-32.911102,151.704978,48,0,2,1,0,0,0,0,2,0,7,60,2,2040,2040,9,5,28,2,0,1,0,0
1341299,1,2023,2023,10,1,7,40,27,94,40,0,1,7,-33.882373,150.915154,24,0,2,1,0,0,0,0,2,0,0,60,1,14295,14295,3,16,13,2,0,0,0,1
1341301,2,2023,2023,11,2,6,2,31,293,34609,0,1,10,-33.938787,151.235174,59,0,2,1,0,0,0,0,2,0,15,50,0,6545,6545,4,0,18,2,0,0,1,0
1341305,2,2023,2023,9,6,7,27,36,29,27,0,1,9,-31.735227,149.703906,51,1,0,1,3,0,3,3,2,0,0,100,1,782,985,5,10,40,1,0,0,1,0
1341308,2,2023,2023,2,4,6,5,31,76,34609,0,1,9,-35.354741,150.472244,63,2,1,1,2,0,0,0,2,0,0,50,0,4026,4026,8,30,40,1,0,0,1,0
1341312,4,2023,2023,2,5,6,6,27,4,34609,0,1,9,-32.06609,152.528139,43,2,1,0,0,0,0,0,2,0,0,50,0,4552,5151,8,5,40,1,0,1,0,0
1341313,4,2023,2023,2,4,8,149,36,21,81,0,1,1,-32.106155,152.475167,43,1,0,0,0,0,3,3,2,0,7,100,2,14295,14295,3,0,0,2,0,1,0,0
1341315,2,2023,2023,2,6,5,2126,17,26,2149,0,1,2,-33.704377,150.58436,8,2,2,0,1,0,0,0,2,0,7,80,2,14295,14295,3,5,0,3,0,0,1,0
1341317,2,2023,2023,2,4,3,47,27,19,15,0,1,1,-33.362281,148.279247,51,1,0,1,0,0,0,0,2,0,7,110,1,9859,9859,8,10,40,1,0,0,1,0
1341318,1,2023,2023,2,2,2,265,10,445,563,0,1,10,-33.861729,151.042278,21,0,2,0,1,0,0,0,1,2,7,70,2,926,926,4,5,12,2,0,0,0,1
1341319,1,2023,2023,2,5,7,42,27,33,56,0,1,7,-33.894772,151.241004,76,0,2,1,1,0,0,0,2,0,0,50,1,14295,14295,3,10,5,2,0,0,0,1
1341320,1,2023,2023,2,1,4,95,31,346,59,0,1,9,-33.867651,151.063709,67,0,2,1,1,0,0,0,2,2,7,50,1,14295,14295,3,0,0,2,0,0,0,1
1341321,4,2023,2023,2,3,9,15,27,65,38,0,1,9,-33.869435,150.899578,24,0,2,0,1,0,0,3,3,0,7,50,1,4552,5151,1,0,5,4,0,1,0,0
1341326,4,2023,2023,2,3,7,5,27,149,34609,0,1,1,-33.294756,151.340639,16,1,2,0,0,2,0,0,2,0,7,100,0,3775,3775,0,16,13,2,0,1,1,0
1341328,2,2023,2023,9,4,7,8,1,48,34609,0,1,1,-32.91416,151.752752,48,0,2,1,1,0,0,0,2,0,7,40,0,121,121,9,5,28,2,0,0,1,0
1341329,4,2023,2023,2,0,5,103,27,12,98,0,1,1,-32.950171,150.696103,64,2,1,1,0,0,0,0,2,0,7,80,2,1945,1945,5,16,40,1,0,1,0,0
1341333,2,2023,2023,2,6,8,5,10,62,34609,0,1,9,-34.095844,150.806729,13,0,2,1,0,0,3,4,2,0,7,60,0,6545,6545,4,5,5,2,0,0,1,0
1341336,2,2023,2023,10,4,6,2126,17,16,2149,0,1,1,-33.733169,150.472822,8,2,2,1,0,0,0,0,2,2,9,80,2,14295,14295,3,21,5,2,0,0,1,0
1341338,4,2023,2023,2,6,8,15,1,17,69,0,1,1,-33.793872,151.165818,77,0,2,0,1,0,0,0,2,0,7,50,2,1957,4009,1,0,13,2,0,1,2,0
1341340,4,2023,2023,2,6,4,28,1,126,34609,0,1,1,-33.941939,150.803888,41,0,2,1,0,0,0,0,2,0,7,60,0,9859,9859,1,5,5,2,0,1,0,0
1341344,2,2023,2023,10,3,6,22,22,139,22,0,1,3,-33.838341,151.210743,49,0,2,1,1,0,0,0,2,0,7,80,2,14295,14295,3,5,0,2,0,0,1,0
1341345,2,2023,2023,2,3,1,16,31,169,3,0,1,1,-33.600077,150.749752,29,2,2,1,2,0,0,0,0,0,7,60,1,9859,9859,1,30,5,2,0,0,1,0
1341347,2,2023,2023,10,5,5,2,31,316,34609,0,1,1,-33.916467,151.248352,59,0,2,1,0,0,0,0,2,0,7,50,0,14295,14295,3,5,0,2,0,0,1,0
1341350,4,2023,2023,2,6,4,39,31,169,99,0,1,9,-33.90046,151.207472,69,0,2,1,0,0,0,0,2,0,0,50,2,6545,6545,4,10,27,2,0,1,0,0
1341351,4,2023,2023,2,5,5,92,31,3,34609,0,1,10,-32.714726,151.648803,57,2,1,1,1,0,0,0,2,0,15,50,0,4552,985,8,16,40,1,0,1,0,0
1341352,1,2024,2024,4,5,7,296,27,290,293,0,1,9,-33.853666,150.995693,21,0,2,1,1,0,0,0,2,1,0,70,2,623,623,3,5,0,2,0,0,0,1
1341365,2,2024,2024,4,5,6,29,31,88,15,0,1,9,-33.753733,150.857044,7,0,2,1,3,0,0,0,2,0,0,60,1,2852,2852,4,5,5,2,0,0,2,0
1341366,4,2023,2023,2,5,4,18,27,239,33,0,1,1,-34.042434,151.13355,68,0,2,1,3,0,0,0,2,0,7,60,1,1192,1192,1,5,0,2,0,1,0,0
1341367,4,2023,2023,2,6,8,177,22,239,176,0,1,10,-34.040003,151.120436,68,0,2,1,1,0,0,0,2,2,7,60,2,14295,14295,3,0,5,2,0,1,0,0
1341369,4,2024,2024,4,1,8,1,27,6,34609,0,1,1,-34.821556,147.093818,51,1,0,1,3,2,0,0,2,0,7,100,0,9859,9859,8,5,40,1,0,1,0,0
1341370,4,2024,2024,4,2,7,175,27,24,220,0,1,10,-33.728178,150.923534,7,0,2,1,3,0,0,0,2,2,7,70,2,5929,5929,1,0,5,3,0,1,0,0
1341372,2,2024,2024,4,3,11,26,27,71,38,1,0,10,-33.837279,150.967957,21,0,2,1,3,0,0,0,0,0,15,60,1,5929,5929,1,5,0,2,0,0,1,0
1341376,2,2024,2024,4,1,1,78,17,39,75,0,1,2,-33.849034,151.212586,49,0,2,0,2,0,0,0,0,0,7,70,2,14295,14295,3,5,5,2,0,0,1,0
1341379,4,2024,2024,4,0,10,8,10,101,9,0,1,1,-32.895997,151.604689,37,0,2,0,2,0,0,0,0,0,7,80,1,1109,397,1,10,5,2,0,1,1,0
1341382,2,2023,2023,2,6,7,2209,17,130,2205,0,1,9,-34.467219,150.830473,80,0,2,1,0,0,3,4,2,0,15,70,1,1669,1669,3,5,5,2,0,0,1,0
1341385,1,2024,2024,4,6,7,78,17,39,75,0,1,8,-33.850671,151.21173,49,0,2,1,0,0,3,0,2,0,7,70,2,3775,3775,0,5,5,2,0,0,0,1
1341387,4,2024,2024,4,6,6,23,23,48,34609,0,1,1,-28.251147,153.572068,72,2,1,1,1,0,0,0,2,0,7,50,0,4026,4026,1,30,13,2,0,1,0,0
1341388,4,2023,2023,9,3,6,36,27,10,72,0,1,1,-28.71022,153.489302,10,2,1,0,0,0,0,0,2,0,7,80,2,2585,4009,8,5,40,1,0,1,0,0
1341391,2,2024,2024,4,0,3,120,36,194,148,0,1,9,-30.525713,151.697813,1,2,1,1,0,0,0,0,1,0,0,80,2,1089,1089,7,16,40,1,0,0,1,0
1341393,4,2023,2023,2,2,8,14,27,18,41,0,1,9,-29.028028,153.26475,60,1,0,0,0,0,0,0,2,0,7,100,1,418,714,5,16,40,1,0,1,0,0
1341396,1,2024,2024,4,5,8,132,31,174,126,0,1,10,-33.889952,151.207908,69,0,2,1,1,0,0,0,2,2,9,50,2,591,591,1,22,18,2,0,0,0,1
1341399,1,2024,2024,4,2,2,34,27,5,31,0,1,1,-35.889393,149.595048,58,1,0,0,0,2,0,0,0,0,7,100,1,1089,1089,7,16,40,1,0,0,0,1
1341400,1,2023,2023,2,6,10,105,27,67,109,0,1,9,-33.877865,150.893476,24,0,2,1,2,0,3,4,0,2,7,60,1,1282,1282,1,5,19,2,0,0,0,1
1341401,2,2023,2023,2,1,8,8,31,171,34609,0,1,1,-33.809057,150.973083,21,0,2,1,0,0,0,0,2,0,7,50,0,186,186,9,22,28,2,0,0,1,0
1341403,4,2023,2023,2,6,5,1052,14,207,928,0,1,3,-33.543088,151.197529,31,0,2,1,1,0,3,4,2,0,7,110,2,14295,14295,3,10,0,4,0,1,0,0
1341406,1,2023,2023,2,4,6,95,31,271,80,0,1,2,-33.936516,151.011464,15,0,2,1,3,0,0,0,2,0,7,60,1,14295,14295,3,9,5,2,0,0,0,1
1341408,2,2024,2024,4,3,8,2126,17,27,2149,0,1,2,-33.720279,150.450702,8,2,2,1,3,0,3,4,2,0,7,70,2,14295,14295,3,5,12,2,0,0,2,0
1341412,1,2024,2024,4,1,3,15,31,133,34609,0,1,1,-33.925856,151.020005,15,0,2,1,3,0,3,4,1,0,7,50,0,1981,1981,4,10,5,2,0,0,0,1
1341413,2,2023,2023,2,4,4,2261,17,140,2252,0,1,9,-33.904458,151.002591,15,0,2,1,3,0,0,0,2,3,7,70,2,1383,1383,1,33,0,2,0,0,1,0
1341414,1,2024,2024,4,5,8,230,27,100,284,0,1,2,-33.810627,151.163539,38,0,2,1,3,0,0,0,2,0,7,80,2,14295,14295,3,5,0,2,0,0,0,1
1341415,4,2023,2023,2,0,6,58,27,74,34609,0,1,2,-34.43135,150.858891,80,0,2,0,3,0,0,0,2,0,7,50,0,1981,1981,4,0,0,3,0,1,0,0
1341416,1,2023,2023,2,1,8,196,10,166,168,0,1,10,-33.944929,150.9823,15,0,2,1,3,0,0,6,2,3,7,60,2,14295,14295,3,0,5,2,0,0,0,2
1341418,1,2023,2023,2,5,2,3371,17,23,3342,0,1,2,-32.045417,152.448365,43,1,0,0,3,0,0,0,1,0,7,110,2,782,957,5,3,40,1,0,0,0,2
1341424,2,2024,2024,4,2,8,83,27,13,34609,0,1,1,-28.672677,153.573876,10,2,1,0,3,0,3,3,2,0,7,80,0,3775,3775,0,0,5,2,0,0,1,0
1341429,2,2023,2023,11,3,9,99,31,84,105,0,1,10,-33.881272,150.940196,24,0,2,1,3,0,0,0,0,0,0,60,1,6545,6545,4,5,5,2,0,0,1,0
1341430,1,2024,2024,4,1,4,2126,17,283,2149,0,1,2,-33.831023,151.012916,54,0,2,1,3,0,0,0,2,0,7,60,2,14295,14295,3,9,5,2,0,0,0,1
1341434,1,2023,2023,2,6,6,481,17,25,483,0,1,1,-31.737288,148.646776,51,1,0,1,3,0,0,0,2,0,7,110,2,5929,5929,1,5,19,2,0,0,0,1
1341435,4,2024,2024,4,1,3,1052,14,57,928,0,1,3,-33.67422,151.12009,31,0,2,1,3,0,3,4,1,0,7,110,2,9859,9859,8,10,40,1,0,1,0,0
1341437,1,2024,2024,4,6,8,220,27,104,222,0,1,10,-33.725355,150.939898,7,0,2,1,3,0,0,0,2,2,7,80,2,14295,14295,3,0,5,4,0,0,0,1
1341443,1,2024,2024,4,0,7,6,27,59,34609,0,1,7,-34.338726,150.913747,80,0,2,0,3,0,0,0,2,0,0,50,0,6545,6545,4,10,5,2,0,0,0,1
1341444,1,2024,2024,4,2,9,2,27,2,34609,0,1,1,-28.351901,153.435836,72,1,0,1,3,0,0,0,2,0,7,100,0,3775,3775,0,5,13,2,0,0,0,1
1341445,1,2024,2024,4,2,6,475,31,112,34609,0,1,9,-33.907291,151.207685,69,0,2,1,3,0,0,0,2,2,7,40,0,515,515,1,5,5,2,0,0,0,1
1341448,2,2024,2024,4,4,9,126,27,44,34609,0,1,1,-32.983363,147.306141,51,1,0,0,3,2,0,0,2,0,7,100,0,4552,5151,8,10,40,1,0,0,2,0
1341451,4,2024,2024,4,1,4,4,27,1,34609,0,1,1,-33.05256,151.597378,37,0,2,0,3,0,3,3,2,0,7,50,0,1282,1282,1,5,40,1,0,1,0,0
1341456,1,2024,2024,4,3,6,117,27,73,702,0,1,2,-33.827027,151.090755,14,0,2,1,3,0,3,4,2,0,7,70,2,14295,14295,3,5,5,2,0,0,0,1
1341457,2,2023,2023,2,1,4,76,24,164,154,0,1,10,-33.742727,150.870402,7,0,2,1,3,0,0,0,2,2,7,70,1,14295,14295,3,9,5,2,0,0,1,0
1341458,1,2023,2023,2,0,5,2209,17,115,2205,0,1,2,-34.032322,151.075235,68,0,2,0,3,0,0,0,2,0,7,70,2,14295,14295,3,0,25,2,0,0,0,1
1341459,2,2024,2024,4,0,6,2261,17,23,2252,0,1,2,-34.642917,150.122698,78,1,0,0,3,0,0,0,2,0,7,110,2,14295,14295,3,8,2,2,0,0,1,0
1341462,2,2024,2024,4,3,4,2261,17,75,2252,0,1,9,-33.887032,151.113486,32,0,2,1,3,0,0,0,2,0,0,60,2,5929,5929,1,0,5,2,0,0,1,0
1341466,2,2023,2023,2,0,8,866,17,54,793,1,0,10,-33.724593,151.097,31,0,2,1,3,0,0,0,3,2,7,70,2,6545,6545,4,5,5,2,0,0,1,0
1341469,2,2024,2024,4,3,5,36,10,91,34609,0,1,9,-32.801332,151.648391,48,0,2,1,3,0,0,3,2,0,7,50,0,14295,14295,3,0,0,4,0,0,1,0
1341473,1,2024,2024,4,2,3,4,10,232,34609,0,1,7,-33.681878,150.921236,71,0,2,1,3,0,0,0,2,0,0,50,0,6545,6545,4,10,27,2,0,0,0,1
1341476,2,2024,2024,4,1,4,37,1,96,212,0,1,10,-35.356706,149.225351,58,2,1,1,3,0,3,4,2,2,7,60,2,6545,6545,4,10,5,2,0,0,1,0
1341477,1,2023,2023,2,6,4,78,17,139,75,0,1,2,-33.844143,151.211362,49,0,2,1,3,0,0,0,2,0,7,70,2,1383,1383,1,0,5,2,0,0,0,1
1341480,4,2023,2023,2,4,10,65,10,132,148,0,1,1,-34.112021,151.059888,68,0,2,0,1,0,0,0,2,0,7,80,2,2585,4009,8,16,40,1,0,1,0,0
1341483,1,2023,2023,2,0,7,2,31,145,34609,0,1,9,-33.923503,151.12275,15,0,2,1,3,0,3,4,2,0,7,50,0,14295,14295,3,5,0,2,0,0,0,2
1341487,2,2024,2024,4,4,8,27,27,37,34609,0,1,1,-30.988564,151.899416,51,1,0,0,3,2,0,0,2,0,7,100,0,782,957,5,0,40,1,0,0,1,0
1341502,2,2024,2024,4,5,7,3371,17,12,3342,0,1,2,-32.143766,152.334148,43,1,0,0,3,0,3,4,2,0,7,100,2,1850,1463,5,10,40,1,0,0,1,0
1341503,2,2023,2023,11,0,3,3371,17,25,3342,0,1,9,-32.863505,151.705487,48,0,2,0,3,0,0,0,2,2,6,80,2,14295,14295,3,10,13,3,0,0,1,0
1341512,2,2024,2024,4,4,0,11,31,433,19,0,1,10,-33.283752,149.101189,52,2,1,1,3,0,0,0,0,2,7,40,2,5929,5929,1,5,5,2,0,0,1,0
1341515,2,2024,2024,4,0,6,296,27,290,293,0,1,9,-33.853624,150.995802,21,0,2,1,0,0,0,0,2,0,7,70,2,515,515,1,5,13,2,0,0,1,0
1341516,1,2024,2024,4,5,9,171,1,65,22,0,1,9,-33.799407,150.954849,54,0,2,1,3,0,0,0,2,0,7,60,1,1669,1669,3,5,5,2,0,0,0,1
1341517,2,2023,2023,2,4,5,346,17,24,332,0,1,1,-28.811883,153.376868,39,2,1,1,0,0,0,0,2,0,7,80,2,14295,14295,3,0,0,2,0,0,1,1
1341518,1,2024,2024,4,6,8,97,27,166,799,0,1,9,-33.929543,150.989215,15,0,2,1,3,0,0,3,2,2,7,70,2,1391,1391,1,5,5,2,0,0,0,1
1341522,1,2024,2024,4,4,10,11,27,4,34609,0,1,1,-34.157392,146.025964,28,1,0,0,3,2,0,0,0,0,7,100,0,380,714,5,5,40,1,0,0,0,1
1341528,1,2023,2023,2,2,10,3371,17,92,3342,0,1,7,-33.40375,151.350451,16,2,2,0,3,0,0,0,3,0,0,60,2,6545,6545,4,0,13,2,0,0,0,1
1341535,2,2024,2024,4,1,3,1104,14,223,962,0,1,3,-33.805117,150.913763,7,0,2,1,3,0,3,4,2,0,7,100,2,14295,14295,3,5,0,2,0,0,1,1
1341539,1,2024,2024,4,4,4,10,31,143,34609,0,1,9,-33.702463,151.100066,31,0,2,1,3,0,0,0,2,0,7,50,0,775,775,4,10,5,2,0,0,0,1
1341540,1,2024,2024,4,5,10,866,17,278,793,0,1,9,-33.783208,151.045275,54,0,2,1,3,0,0,0,0,2,7,60,2,5929,5929,1,0,0,2,0,0,0,1
1341543,2,2023,2023,2,5,5,9,31,29,34609,0,1,9,-28.79728,153.593197,2,2,1,1,3,0,0,0,2,0,7,50,0,5929,5929,1,5,0,2,0,0,1,0
1341548,1,2024,2024,4,1,8,2126,17,94,2149,0,1,9,-33.776721,150.802653,55,0,2,1,1,0,3,0,2,2,7,80,2,775,775,4,0,0,2,0,0,0,1
1341549,2,2024,2024,4,0,11,1,23,5,34609,0,1,1,-35.702178,150.195194,23,2,1,1,2,0,0,0,0,0,7,50,0,9859,9859,1,5,13,3,0,0,1,0
1341550,2,2024,2024,4,5,6,2209,17,13,2205,0,1,1,-35.174828,150.441246,63,1,0,1,0,0,0,0,2,0,7,100,2,9859,9859,8,5,40,1,0,0,2,0
1341552,2,2024,2024,4,6,6,4,31,463,34609,0,1,1,-30.289878,153.120553,19,2,1,1,1,0,0,0,2,0,7,50,0,1109,787,1,5,0,2,0,0,1,0
1341554,2,2024,2024,4,1,7,15,31,41,34609,0,1,9,-31.093302,150.909908,70,2,1,1,1,0,0,0,2,0,0,50,0,489,489,8,0,40,1,0,0,1,0
1341559,4,2023,2023,2,4,5,293,27,247,34609,0,1,1,-33.832157,150.945321,21,0,2,0,1,0,3,4,2,0,7,50,0,2585,4009,8,5,40,1,0,1,0,0
1341561,4,2023,2023,9,6,9,348,17,14,232,0,1,1,-33.175463,150.001008,40,1,0,0,0,0,3,3,2,0,7,100,2,1259,5151,8,10,40,1,0,1,0,0
1341562,2,2024,2024,4,2,6,1,27,26,34609,0,1,10,-34.586555,150.847991,62,0,2,1,0,0,0,0,2,0,0,50,0,323,323,1,16,5,2,0,0,1,1
1341565,2,2023,2023,10,3,11,1,24,316,34609,0,1,1,-31.455984,152.919098,56,2,1,0,2,0,0,0,0,0,7,50,0,1957,4009,1,10,5,2,0,0,1,0
1341568,4,2024,2024,4,1,4,500,31,106,34609,0,1,10,-28.861374,153.039046,60,2,1,1,0,0,0,0,2,0,0,50,0,6545,6545,4,5,0,2,0,1,0,0
1341570,2,2023,2023,2,6,5,1052,14,207,928,0,1,3,-33.543101,151.197525,31,0,2,1,1,0,3,4,2,0,7,110,2,14295,14295,3,9,13,3,0,0,1,0
1341572,1,2024,2024,4,0,11,2261,17,44,2252,0,1,2,-35.215855,147.800209,75,1,0,0,2,0,0,0,0,0,7,110,2,14295,14295,3,10,5,2,0,0,0,3
1341573,2,2024,2024,4,6,5,6,1,42,34609,0,1,1,-35.338449,149.246127,58,2,1,1,0,0,0,0,2,0,7,50,0,5929,5929,1,10,5,2,0,0,1,0
1341576,4,2023,2023,2,6,8,79,27,46,159,0,1,1,-33.939964,151.115165,4,0,2,1,0,0,0,0,2,0,7,60,2,1383,1383,1,0,18,2,0,1,0,0
1341579,2,2023,2023,2,4,7,57,36,24,25,0,1,1,-33.625028,150.829258,29,2,2,0,0,0,3,4,2,0,7,70,2,3775,3775,0,10,12,2,0,0,1,0
1341581,2,2024,2024,4,6,9,126,27,370,168,0,1,2,-34.06501,150.79378,13,0,2,1,1,0,3,4,2,2,9,80,2,14295,14295,3,5,0,2,0,0,2,0
1341582,2,2023,2023,2,5,9,35,27,363,24,0,1,7,-33.761286,150.689574,55,0,2,1,0,0,0,0,3,0,0,60,1,6545,6545,4,5,5,2,0,0,2,0
1341583,2,2024,2024,4,1,11,15,31,25,34609,0,1,1,-35.045729,150.67373,63,2,1,0,2,0,0,0,0,0,7,50,0,2585,4009,8,10,40,1,0,0,1,0
1341585,2,2023,2023,2,5,6,6,27,132,34609,0,1,1,-29.767218,151.089489,33,2,1,0,0,0,0,0,2,0,7,80,0,1850,1463,5,16,40,1,0,0,1,0
1341588,2,2024,2024,4,4,4,133,17,14,121,0,1,1,-35.769397,149.161436,65,2,1,1,0,0,0,0,2,0,14,40,2,14295,14295,3,8,10,6,0,0,1,2
1341591,4,2024,2024,4,5,8,42,7,33,34609,0,1,9,-33.79974,151.08654,61,0,2,1,0,0,0,0,2,0,0,50,0,395,395,1,5,27,2,0,1,0,0
1341592,2,2024,2024,4,5,9,149,36,13,113,0,1,1,-32.394854,152.307558,43,2,1,0,0,0,3,3,3,0,7,80,1,4552,5151,8,0,40,1,0,0,2,0
1341593,2,2023,2023,9,4,9,2126,17,19,2149,0,1,2,-33.429358,150.106797,40,1,0,0,0,0,0,3,2,0,7,100,2,2585,4009,8,0,40,1,0,0,1,0
1341595,2,2023,2023,2,4,6,2126,17,39,2149,0,1,9,-33.767025,150.752317,55,0,2,1,0,0,0,0,2,0,7,80,2,1192,1192,1,5,13,2,0,0,1,0
1341596,4,2024,2024,4,5,6,1,36,65,34609,0,1,1,-34.489239,150.875821,80,0,2,1,0,0,0,0,2,0,7,50,0,3775,3775,0,16,19,2,0,1,0,1
1341601,2,2023,2023,2,2,7,866,17,247,793,0,1,9,-33.815783,150.963909,21,0,2,1,0,0,0,0,2,2,7,70,2,5929,5929,1,5,5,2,0,0,1,0
1341602,2,2023,2023,2,6,3,85,27,53,145,1,0,9,-33.802993,151.038616,54,0,2,0,2,0,3,4,1,0,0,60,2,4552,5151,8,5,40,1,0,0,1,0
1341603,4,2023,2023,10,4,11,2209,17,2,2205,0,1,7,-34.541674,150.785472,80,0,2,0,2,0,3,4,0,0,0,50,2,926,926,4,16,13,2,0,1,0,0
1341605,2,2024,2024,4,0,4,12,27,64,12,0,1,7,-33.895479,151.073904,67,0,2,1,0,0,3,4,2,0,0,60,1,1945,1945,5,15,40,1,0,0,1,0
1341607,2,2023,2023,10,4,0,107,22,26,34609,0,1,6,-34.026777,151.084439,68,0,2,0,2,0,3,4,0,2,9,70,0,2585,4009,8,0,40,1,0,0,1,0
1341608,2,2023,2023,2,0,8,2,1,69,34609,0,1,1,-34.553613,150.860952,62,0,2,1,1,0,0,0,2,0,7,50,0,395,395,1,30,5,2,0,0,1,0
1341613,2,2023,2023,9,2,6,99,31,237,105,0,1,9,-33.875411,150.943917,24,0,2,1,1,0,0,0,2,0,0,60,1,6545,6545,4,5,5,2,0,0,1,0
1341617,2,2023,2023,9,0,8,31,27,2,46,0,1,1,-33.47538,150.176547,40,2,1,1,1,0,0,0,2,0,7,50,2,9859,9859,1,0,5,3,0,0,1,0
1341618,2,2024,2024,4,3,0,27,31,29,34609,0,1,1,-34.076446,150.567639,79,2,2,0,2,0,0,0,0,0,7,60,0,4552,5151,8,5,40,1,0,0,2,1
1341620,2,2023,2023,2,5,6,2261,17,41,2252,0,1,9,-34.998834,148.112997,20,1,0,1,0,0,0,0,2,0,0,110,2,2852,2852,4,10,5,2,0,0,2,0
1341622,2,2023,2023,2,6,4,1,27,4,34609,0,1,1,-35.782265,147.921176,66,2,1,0,0,2,3,0,2,0,7,50,0,1850,1463,5,16,40,1,0,0,1,0
1341623,1,2023,2023,10,5,5,22,31,532,34609,0,1,9,-33.866926,151.201832,69,0,2,1,2,0,0,0,2,0,9,40,0,1220,1220,9,5,28,2,0,0,0,1
1341632,1,2023,2023,1,4,3,1104,14,44,962,0,1,3,-33.802419,150.890611,7,0,2,1,1,0,0,0,2,0,7,100,2,14295,14295,3,10,5,2,0,0,0,1
1341634,2,2023,2023,9,0,5,478,17,128,480,0,1,2,-33.426649,151.315499,16,2,2,0,0,0,3,4,2,0,7,70,2,1259,5151,8,5,40,1,0,0,1,0
1341636,4,2023,2023,11,5,2,2,27,29,34609,0,1,4,-33.951165,150.757218,12,0,2,0,0,0,0,0,1,0,7,80,0,1089,1089,7,5,40,1,0,1,0,0
1341639,4,2023,2023,9,5,7,53,27,134,34609,0,1,1,-33.52202,151.316582,16,2,2,1,1,0,0,0,2,0,7,50,0,1220,1220,9,5,28,2,0,1,0,0
1341643,2,2023,2023,2,6,9,27,17,83,34609,0,1,9,-30.090918,153.188055,19,1,0,1,0,0,0,3,2,0,7,100,0,2852,2852,4,5,13,2,0,0,2,0
1341646,2,2023,2023,2,5,11,361,32,460,42,0,1,2,-33.837235,150.992163,21,0,2,1,2,0,3,4,0,0,9,50,1,1220,1220,9,5,28,2,0,0,1,0
1341649,2,2024,2024,4,1,7,133,17,9,121,0,1,9,-36.50734,149.285368,65,2,1,1,1,0,0,3,2,0,0,50,2,14295,14295,3,0,5,3,0,0,1,2
1341652,2,2024,2024,4,3,11,515,14,197,518,0,1,3,-33.943206,151.077181,15,0,2,1,2,0,0,0,0,0,7,80,2,1282,1282,1,5,5,2,0,0,1,0
1341657,1,2023,2023,11,2,0,35,31,532,34609,0,1,2,-33.876902,151.209923,69,0,2,1,2,0,3,4,0,0,7,40,0,214,214,9,19,28,2,0,0,0,1
1341658,4,2024,2024,4,0,8,512,10,172,34609,0,1,7,-32.76242,151.589251,42,2,1,0,1,0,0,0,2,0,0,50,0,1981,1981,4,5,27,2,0,1,0,0
1341663,2,2024,2024,4,0,6,330,27,31,102,0,1,9,-33.777459,151.274021,50,0,2,0,1,0,0,0,2,0,7,60,2,1259,5151,8,22,40,1,0,0,3,0
1341664,2,2023,2023,2,0,7,11,31,176,10,0,1,9,-33.949025,151.144668,4,0,2,1,1,0,0,0,2,0,2,60,1,775,775,4,10,12,3,0,0,1,0
1341667,2,2024,2024,4,5,7,21,1,51,34609,0,1,1,-33.254288,151.493243,16,2,2,1,0,0,0,0,2,0,7,50,0,1981,1981,4,8,27,2,0,0,1,0
1341668,4,2024,2024,4,2,4,3,31,54,34609,0,1,1,-33.084706,151.633596,37,0,2,1,1,0,0,0,2,0,7,50,0,4026,4026,1,5,4,2,0,1,0,0
1341669,1,2024,2024,4,3,6,15,31,131,34609,0,1,1,-36.080979,146.917973,0,2,1,1,1,0,0,3,2,0,7,50,0,591,591,1,22,0,2,0,0,0,1
1341670,4,2024,2024,4,1,5,149,27,42,198,0,1,10,-33.945341,150.946644,41,0,2,1,1,0,3,4,2,2,7,60,2,2852,2852,4,0,0,2,0,1,0,0