Crash ID,Degree of crash - detailed,Reporting year,Year of crash,Month of crash,Day of week of crash,Two-hour intervals,Street of crash,Street type,Town,Route no.,School zone location,School zone active,Type of location,Latitude,Longitude,LGA,Urbanisation,Conurbation 1,Alignment,Street lighting,Road surface,Surface condition,Weather,Natural lighting,Signals operation,Other traffic control,Speed limit,Road classification,RUM - code,DCA - code,First impact type,Key TU type,Other TU type,No. of traffic units involved,No. killed,No. seriously injured,No. moderately injured,No. minor-other injured
1341673,2,2024,2024,4,1,7,89,36,13,81,0,1,1,-34.145026,148.706502,30,1,0,1,0,0,0,0,2,0,7,100,2,9859,9859,8,0,40,1,0,0,1,0
1341674,4,2023,2023,2,6,1,7,31,253,34609,0,1,1,-33.962028,151.101092,25,0,2,1,2,0,0,0,0,0,7,50,0,9859,9859,1,5,13,3,0,1,0,0
1341675,2,2023,2023,2,2,5,17,31,290,33,0,1,7,-33.956792,151.126417,4,0,2,1,1,0,0,6,2,0,0,50,1,5929,5929,1,0,19,2,0,0,1,0
1341676,4,2024,2024,4,5,10,1,27,8,34609,0,1,1,-32.976665,151.722169,37,0,2,0,0,0,3,4,0,0,7,50,0,2585,4009,8,9,40,1,0,1,0,0
1341678,4,2023,2023,2,6,7,2261,17,143,2252,0,1,9,-33.885937,151.095606,9,0,2,1,1,0,3,4,2,1,7,60,2,2040,2040,9,15,28,2,0,1,0,0
1341681,1,2024,2024,4,5,5,84,27,125,32,0,1,10,-33.824175,151.132814,51,0,2,1,1,0,3,4,2,2,7,60,1,6545,6545,4,5,0,2,0,0,0,1
1341683,2,2024,2024,4,6,3,178,27,189,101,0,1,10,-33.95312,151.051793,25,0,2,1,0,0,0,0,2,2,9,50,1,1220,1220,9,10,28,2,0,0,1,0
1341686,4,2023,2023,11,6,3,24,27,8,41,0,1,1,-29.06124,153.308466,60,1,0,0,1,0,0,0,2,0,7,100,1,2585,4009,8,30,40,1,0,1,0,0
1341687,2,2024,2024,4,1,8,38,27,34,45,0,1,1,-35.079434,150.655129,63,2,1,1,1,0,0,0,2,0,7,60,1,3775,3775,0,5,0,3,0,0,2,0
1341690,4,2024,2024,4,4,5,12,31,87,34609,0,1,1,-28.808849,153.288066,39,2,1,1,1,0,0,0,2,0,7,50,0,9859,9859,8,5,40,1,0,1,0,0
1341691,1,2023,2023,2,4,3,2126,17,84,2149,0,1,9,-33.818526,150.9936,21,0,2,1,0,0,0,0,2,0,0,60,2,368,368,9,5,28,2,0,0,0,1
1341695,2,2023,2023,9,1,9,79,27,290,159,0,1,9,-33.947191,151.126623,4,0,2,1,2,0,0,0,2,0,7,60,2,3775,3775,0,5,5,2,0,0,1,0
1341699,4,2023,2023,9,5,7,114,27,22,65,0,1,1,-33.397851,151.017204,16,2,2,0,0,0,0,0,2,0,7,60,1,1259,5151,8,16,40,1,0,1,0,0
1341700,2,2023,2023,2,4,10,33,31,71,34609,0,1,9,-33.970365,151.079952,25,0,2,1,0,0,0,0,2,0,9,40,0,1220,1220,9,33,28,2,0,0,1,0
1341708,1,2023,2023,2,0,7,178,27,189,101,0,1,9,-33.948741,151.052715,15,0,2,1,0,0,3,0,2,0,7,50,1,2852,2852,4,5,5,5,0,0,0,1
1341709,4,2024,2024,4,2,6,12,27,74,34609,0,1,9,-34.444144,150.844167,80,0,2,1,1,0,0,0,2,0,15,50,0,2852,2852,4,5,19,2,0,1,0,0
1341714,2,2024,2024,4,1,0,293,31,532,55,0,1,1,-33.862179,151.213034,69,0,2,1,2,0,3,4,0,0,7,40,1,1220,1220,9,19,28,2,0,0,1,0
1341715,2,2024,2024,4,3,6,82,27,84,181,0,1,1,-33.894578,151.267983,76,0,2,1,1,0,0,0,2,0,7,50,2,14295,14295,3,0,0,3,0,0,1,1
1341724,2,2024,2024,4,0,11,1,27,13,34609,0,1,1,-34.254593,146.107082,28,2,1,1,0,2,0,0,0,0,7,70,0,9859,9859,8,5,40,1,0,0,1,1
1341725,2,2024,2024,4,1,7,22,31,283,125,0,1,10,-33.830741,151.01027,54,0,2,1,1,0,3,4,2,0,7,60,1,19,19,1,5,19,2,0,0,1,0
1341727,4,2023,2023,2,6,5,5,27,57,34609,0,1,1,-33.608978,151.005296,71,0,2,1,1,0,3,4,2,0,7,60,0,9859,9859,8,5,40,1,0,1,0,0
1341728,2,2023,2023,9,3,7,3371,17,36,3342,0,1,9,-33.42994,151.230635,16,2,2,0,1,0,0,0,2,0,15,60,2,2852,2852,4,30,13,2,0,0,1,0
1341729,4,2023,2023,2,0,6,61,27,53,208,0,1,1,-33.854596,150.959572,21,0,2,1,1,0,0,0,2,0,7,60,1,1669,1669,3,16,0,2,0,1,0,0
1341730,4,2023,2023,10,1,5,30,27,646,34609,0,1,1,-33.932181,151.023482,15,0,2,1,1,0,0,0,2,0,7,50,0,941,941,1,5,0,3,0,1,0,0
1341732,4,2024,2024,4,4,6,34,27,3,83,0,1,10,-29.658026,152.946957,18,2,1,1,1,0,0,0,2,0,15,60,1,5929,5929,1,5,5,2,0,2,1,0
1341733,2,2023,2023,10,6,4,36,27,43,38,0,1,1,-33.760668,151.245707,50,0,2,1,2,0,0,0,2,0,7,60,1,1945,1945,5,16,40,1,0,0,1,0
1341734,4,2024,2024,4,6,8,3371,17,108,3342,0,1,9,-33.307283,151.419808,16,2,2,1,1,0,0,0,2,2,9,60,2,340,340,9,5,28,2,0,1,0,0
1341740,4,2024,2024,4,1,5,55,31,35,34609,0,1,1,-33.270661,151.558509,16,2,2,1,0,0,0,0,2,0,7,50,0,1220,1220,9,30,28,2,0,1,0,0
1341744,2,2023,2023,2,1,9,109,27,460,106,0,1,10,-33.832332,150.969496,21,0,2,1,1,0,0,0,2,2,0,60,1,5929,5929,1,5,0,2,0,0,1,0
1341745,4,2023,2023,2,2,8,13,27,11,34609,0,1,7,-33.985921,151.097002,25,0,2,1,1,0,0,0,2,0,0,50,0,1945,1945,5,16,40,1,0,1,0,0
1341746,4,2024,2024,4,4,5,280,10,314,82,0,1,10,-33.851301,150.925426,24,0,2,1,0,0,0,0,2,0,2,60,1,775,775,4,5,5,2,0,1,0,0
1341748,2,2024,2024,4,0,8,18,27,13,34609,0,1,1,-32.466108,152.070783,43,1,0,0,0,0,0,0,2,0,7,100,0,1850,1463,5,16,40,1,0,0,1,0
1341750,2,2024,2024,4,3,4,1,31,129,34609,0,1,10,-33.895561,151.093464,9,0,2,1,1,0,0,0,2,0,15,50,0,96,96,0,16,5,2,0,0,1,0
1341752,2,2023,2023,2,6,10,25,1,35,34609,0,1,7,-34.042926,151.05065,68,0,2,1,0,0,0,0,0,0,0,50,0,4026,4026,1,5,13,2,0,0,1,0
1341757,2,2023,2023,2,0,2,866,27,201,44,0,1,7,-33.995362,150.872816,13,0,2,0,2,0,0,0,1,0,0,60,1,4552,985,8,10,40,1,0,0,1,0
1341759,2,2024,2024,4,3,8,105,27,67,109,0,1,9,-33.877865,150.893476,24,0,2,1,1,0,3,4,2,2,7,60,1,256,256,4,5,5,2,0,0,1,0
1341761,4,2023,2023,2,0,9,1052,14,36,928,0,1,3,-33.434299,151.221759,16,1,2,1,1,0,0,0,2,0,7,110,2,14295,14295,3,5,2,4,0,1,1,0
1341764,4,2024,2024,4,1,6,28,31,532,75,0,1,9,-33.870723,151.210111,69,0,2,1,1,0,0,0,2,3,7,40,1,14295,14295,3,0,18,3,0,1,0,0
1341765,4,2023,2023,10,6,8,39,27,137,80,0,1,9,-32.974657,151.703045,37,0,2,1,0,0,0,0,2,0,7,60,1,1669,1669,3,5,5,3,0,1,0,0
1341766,4,2024,2024,4,1,1,43,27,136,76,1,0,1,-32.922438,151.711717,48,0,2,1,2,0,0,0,0,0,7,60,1,9859,9859,1,5,13,2,0,1,0,0
1341769,2,2023,2023,2,4,7,102,31,293,28,0,1,1,-33.917264,151.058674,15,0,2,1,1,0,0,0,2,0,7,60,1,14295,14295,3,5,0,2,0,0,1,0
1341770,1,2023,2023,2,2,1,334,17,4,308,0,1,1,-31.439894,152.410436,56,1,0,0,0,0,0,0,0,0,7,100,2,4552,5151,8,0,40,1,0,0,0,2
1341775,2,2024,2024,4,2,8,1,27,16,34609,0,1,1,-32.785681,149.98199,44,2,1,0,0,2,0,0,2,0,7,50,0,312,312,2,10,40,1,0,0,1,0
1341789,2,2023,2023,2,4,5,57,27,16,126,0,1,1,-32.749031,151.735219,57,2,1,1,0,0,0,0,2,0,7,80,2,14295,14295,3,5,13,3,0,0,1,2
1341791,4,2024,2024,4,3,7,19,27,182,174,0,1,9,-32.830671,151.355738,17,2,1,1,1,0,3,4,2,0,15,60,2,1109,397,1,5,13,2,0,1,1,0
1341792,2,2023,2023,11,1,11,294,17,15,288,0,1,1,-34.504578,144.963716,51,1,0,1,0,0,0,0,0,0,7,110,2,404,404,8,5,40,1,0,0,2,3
1341795,4,2023,2023,2,0,7,103,27,35,256,0,1,1,-34.113704,150.797856,13,0,2,1,0,0,0,0,2,0,7,70,2,14295,14295,3,5,0,4,0,1,1,0
1341797,2,2023,2023,2,0,4,213,17,13,213,0,1,1,-29.495126,152.323948,51,1,0,0,3,0,0,3,2,0,7,100,2,4552,5151,8,0,40,1,0,0,1,0
1341802,4,2023,2023,1,3,1,3,27,3,34609,0,1,1,-28.728131,153.199387,39,2,1,1,0,0,0,0,0,0,7,60,0,4026,4026,8,10,40,1,0,1,0,0
1341803,2,2023,2023,1,6,7,24,27,4,103,0,1,9,-28.747101,153.225906,39,2,1,0,0,0,0,0,2,0,0,50,1,1957,4009,1,0,13,2,0,0,1,0
1341805,2,2023,2023,1,5,11,73,24,21,88,0,1,1,-33.709141,151.285091,50,0,2,1,2,0,3,4,0,0,7,70,2,1259,985,8,10,40,1,0,0,1,0
1341808,2,2023,2023,1,3,2,125,27,57,123,0,1,7,-33.335936,151.431132,16,2,2,1,2,0,0,0,0,0,0,70,2,9859,9859,8,0,40,1,0,0,1,0
1341809,4,2023,2023,1,1,3,294,17,215,288,0,1,10,-35.117142,147.35622,75,2,1,1,1,0,3,4,2,2,7,60,2,6545,6545,4,0,0,2,0,1,0,0
1341810,4,2023,2023,11,4,5,500,27,198,799,0,1,9,-33.919395,151.101566,15,0,2,1,1,0,0,0,2,0,0,60,2,2852,2852,4,5,5,2,0,1,1,0
1341814,4,2023,2023,1,5,4,512,17,7,441,0,1,1,-31.312164,146.958296,51,1,0,1,0,0,0,0,2,0,7,110,2,945,945,5,3,40,1,0,1,0,0
1341817,4,2023,2023,11,2,5,1104,14,460,962,0,1,3,-33.824682,150.988792,21,0,2,1,0,0,3,0,2,0,7,90,2,14295,14295,3,10,0,3,0,1,0,1
1341819,4,2023,2023,11,0,4,62,27,39,166,0,1,1,-33.25052,151.484866,16,2,2,1,1,0,3,4,2,0,7,70,2,14295,14295,3,21,5,3,0,1,0,0
1341821,2,2023,2023,11,5,2,56,27,130,80,0,1,9,-33.873968,151.19241,69,0,2,1,2,0,0,0,1,2,9,40,2,2040,2040,9,30,28,2,0,0,1,0
1341822,4,2023,2023,10,0,6,6,1,112,34609,0,1,9,-33.908104,151.212012,69,0,2,1,1,0,0,0,2,0,7,50,0,1109,397,1,0,19,2,0,1,0,0
1341823,4,2023,2023,11,6,9,109,27,460,106,0,1,9,-33.832634,150.970927,21,0,2,1,2,0,0,0,0,0,0,60,1,5929,5929,1,15,19,2,0,1,2,0
1341824,2,2023,2023,11,4,10,1,31,234,34609,0,1,9,-34.279256,146.060852,28,2,1,0,2,0,0,0,0,0,7,50,0,5929,5929,1,5,19,2,0,0,1,0
1341825,4,2023,2023,11,4,10,866,17,173,793,0,1,9,-33.718268,151.108339,31,0,2,1,2,0,0,0,0,2,7,60,2,5929,5929,1,5,0,2,0,1,0,0
1341826,4,2023,2023,10,4,9,2261,17,201,2252,0,1,3,-33.986802,150.855903,13,0,2,1,2,0,0,0,0,0,7,110,2,9859,9859,8,5,40,1,0,2,0,0
1341828,4,2023,2023,10,2,5,6,27,5,34609,0,1,1,-35.250397,147.466933,75,1,0,1,0,0,0,0,2,0,7,100,0,1945,1945,5,16,40,1,0,1,0,0
1341830,4,2023,2023,10,6,5,109,27,247,106,0,1,10,-33.829732,150.948877,21,0,2,1,1,0,0,0,2,2,7,60,1,5929,5929,1,8,12,2,0,1,0,0
1341832,2,2023,2023,10,3,7,26,27,26,25,0,1,1,-31.966407,152.573818,43,2,1,1,0,0,0,0,2,0,4,70,1,14295,14295,3,5,5,2,0,0,1,0
1341833,2,2023,2023,10,3,0,50,27,166,799,0,1,1,-33.898097,151.17767,32,0,2,1,2,0,0,0,0,0,7,40,2,2040,2040,9,5,28,2,0,0,1,0
1341835,4,2023,2023,9,4,8,47,31,117,84,0,1,2,-28.171249,153.543415,72,2,1,1,1,0,0,0,2,0,7,50,1,9859,9859,8,5,40,1,0,1,0,0
1341837,2,2023,2023,10,0,5,48,13,11,34609,0,1,9,-34.023166,151.111857,68,0,2,0,1,0,3,4,2,0,7,50,0,3775,3775,0,10,13,2,0,0,1,0
1341839,4,2023,2023,9,2,9,11,7,55,34609,0,1,9,-35.70937,150.177425,23,2,1,1,1,0,0,0,2,0,0,50,0,4552,985,1,5,0,2,0,1,1,0
1341842,2,2023,2023,11,2,9,387,27,115,331,0,1,10,-33.961386,151.05806,25,0,2,1,2,0,0,0,0,2,7,60,2,6545,6545,4,5,5,2,0,0,1,0
1341846,4,2023,2023,10,2,2,29,31,56,34609,0,1,9,-31.460484,152.733611,56,2,1,1,2,0,3,4,0,0,7,50,0,3775,3775,0,5,19,2,0,1,0,0
1341847,4,2023,2023,10,1,3,63,31,134,34609,0,1,10,-33.670285,150.861776,7,0,2,1,0,0,0,0,2,0,15,50,0,591,591,1,22,36,2,0,1,0,0
1341849,2,2023,2023,9,4,3,5,27,18,24,0,1,1,-28.797984,153.502501,2,2,1,1,0,0,0,0,2,0,7,80,1,14295,14295,3,5,0,2,0,0,1,0
1341856,4,2023,2023,9,1,0,46,31,273,34609,1,0,1,-34.421716,150.895691,80,0,2,1,2,0,0,0,0,0,7,50,0,9859,9859,1,0,5,3,0,1,0,0
1341859,2,2023,2023,9,6,6,6,18,3,34609,0,1,1,-30.976714,150.804622,70,1,0,1,0,0,3,3,2,0,7,100,0,4026,4026,8,5,40,1,0,0,1,0
1341860,2,2023,2023,10,0,9,387,27,290,331,0,1,9,-33.950037,151.126416,4,0,2,1,2,0,0,0,3,2,7,60,2,1220,1220,9,0,28,2,0,0,2,0
1341862,2,2023,2023,9,4,11,829,27,159,770,0,1,9,-33.806426,151.080905,61,0,2,1,3,0,0,3,0,2,7,60,2,5929,5929,1,5,36,2,0,0,1,0
1341863,2,2023,2023,2,5,8,109,27,323,382,1,0,10,-33.785897,150.853182,7,0,2,1,1,0,0,0,2,2,7,60,2,5929,5929,1,5,0,2,0,0,3,0
1341864,2,2023,2023,9,3,10,15,10,7,34609,0,1,1,-34.084328,151.148233,68,0,2,1,2,0,0,0,0,0,7,50,0,4026,4026,8,30,40,1,0,0,1,0
1341866,4,2023,2023,2,3,5,23,36,1,62,0,1,1,-29.955796,152.97353,18,1,0,1,0,0,0,0,2,0,7,100,1,945,945,5,0,40,1,0,3,0,1
1341871,4,2023,2023,9,0,8,24,24,85,34609,0,1,2,-33.792598,150.68723,55,0,2,0,0,0,0,0,2,0,7,50,0,4552,5151,8,16,40,1,0,1,0,0
1341875,4,2023,2023,9,6,7,51,31,119,34609,0,1,1,-32.760641,151.759239,57,2,1,1,1,0,0,0,2,0,7,50,0,9859,9859,1,16,36,2,0,1,0,1
1341877,4,2023,2023,2,5,10,4,27,137,34609,1,0,1,-33.904141,150.912024,24,0,2,0,2,0,0,0,0,0,7,50,0,3775,3775,0,0,36,2,0,3,0,0
1341878,4,2023,2023,2,6,7,149,36,21,81,0,1,1,-32.13035,152.490305,43,1,0,0,0,0,0,0,2,0,7,100,2,4552,5151,8,0,40,1,0,2,0,0
1341880,4,2024,2023,2,2,5,3,31,4,34609,0,1,9,-34.456998,150.821811,80,0,2,1,0,0,0,0,2,0,7,50,0,1945,1945,5,16,40,2,0,1,0,0
1341883,4,2023,2023,2,1,3,224,27,387,321,0,1,10,-33.938129,151.194577,4,0,2,1,1,0,0,0,2,2,7,60,2,515,515,1,8,18,2,0,1,0,0
1341885,2,2023,2023,2,1,5,14,27,201,34609,0,1,1,-33.988261,150.858501,13,0,2,1,3,0,0,0,2,0,7,60,0,1981,1981,4,5,25,2,0,0,1,0
1341886,4,2023,2023,2,2,11,4,27,2,34609,0,1,1,-34.296842,148.271437,30,2,1,0,0,0,3,0,0,0,7,80,0,1957,4009,8,5,40,1,0,1,1,0
1341888,4,2023,2023,2,1,3,37,27,85,115,0,1,9,-33.721413,151.148698,36,0,2,0,1,0,0,0,2,0,15,60,1,14295,14295,3,9,0,3,0,1,2,0
1341890,2,2023,2023,9,1,5,59,27,9,69,0,1,1,-34.015062,149.791571,51,1,0,0,0,0,0,0,2,0,7,100,1,782,957,5,3,40,1,0,0,1,0
1341895,4,2023,2023,9,0,8,15,31,64,34609,0,1,10,-33.960634,150.999342,15,0,2,1,1,0,0,0,2,0,0,50,0,1391,1391,1,0,13,2,0,3,0,0
1341900,2,2023,2023,11,2,7,103,27,445,563,0,1,9,-33.84322,151.043506,21,0,2,1,0,0,0,0,2,2,7,70,2,5929,5929,1,5,0,2,0,0,1,0
1341901,4,2023,2023,2,4,0,18,23,438,34609,1,0,1,-33.85177,151.03456,21,0,2,1,2,0,0,6,0,0,7,50,0,941,941,1,5,0,4,0,1,0,0
1341908,4,2023,2023,2,4,8,25,31,445,34609,0,1,1,-33.865189,151.043312,21,0,2,1,1,0,0,0,2,0,7,50,0,1220,1220,9,10,28,2,0,1,0,0
1341917,2,2023,2023,9,0,8,1,31,162,34609,0,1,9,-33.850221,150.905785,24,0,2,1,0,2,0,0,2,0,0,50,0,775,775,4,0,19,2,0,0,1,0
1341921,4,2024,2024,4,1,7,13,27,460,34609,0,1,9,-33.826318,150.976421,21,0,2,1,0,0,0,0,2,0,7,50,0,1220,1220,9,5,28,2,0,1,0,0
1341927,2,2023,2023,2,2,6,5,10,93,34609,0,1,11,-33.416613,149.62633,3,2,1,1,0,0,0,0,2,0,7,50,0,5929,5929,1,5,13,2,0,0,4,0
1341928,2,2023,2023,2,0,5,55,1,102,34609,0,1,1,-33.961997,151.227367,59,0,2,1,1,0,0,3,2,0,7,50,0,4026,4026,1,5,5,4,0,0,1,0
1341931,1,2024,2024,4,3,6,123,23,47,34609,0,1,9,-33.778153,151.293205,50,0,2,0,3,0,0,3,2,0,15,50,0,2852,2852,4,0,0,2,0,0,0,1
1341933,2,2023,2023,2,4,5,51,31,202,563,0,1,9,-33.949081,151.037555,15,0,2,1,0,0,0,0,2,0,7,70,2,9859,9859,1,0,13,2,0,0,1,0
1341939,4,2023,2023,2,2,9,109,27,7,174,0,1,1,-32.999616,151.537235,37,0,2,1,0,0,0,0,2,0,7,80,2,4026,4026,8,30,40,1,0,1,0,0
1341940,4,2023,2023,2,2,9,2,27,12,34609,0,1,1,-28.701777,153.609919,10,2,1,0,0,0,0,0,2,0,7,60,0,1259,5151,8,0,40,1,0,1,0,0
1341941,2,2024,2024,4,4,7,128,36,105,34609,0,1,1,-32.596211,149.601458,44,2,1,0,1,0,0,0,2,0,7,50,0,312,312,2,10,40,1,0,0,1,0
1341943,2,2024,2024,4,5,0,1,7,52,34609,0,1,9,-33.960316,150.950274,41,0,2,1,2,0,0,0,0,0,7,40,0,9859,9859,1,5,13,2,0,0,1,0
1341945,2,2024,2024,4,1,7,481,17,27,483,0,1,1,-32.460772,148.338342,51,1,0,0,0,0,3,4,2,0,7,110,2,273,957,5,0,40,1,0,0,1,0
1341947,4,2024,2024,4,4,6,230,27,197,284,0,1,9,-33.796651,151.137071,61,0,2,1,2,0,0,0,2,2,7,70,2,9859,9859,8,5,40,1,0,1,0,0
1341950,1,2023,2023,10,1,8,478,17,22,480,0,1,9,-33.326302,151.511372,16,2,2,1,0,0,0,0,2,0,0,70,2,5929,5929,1,5,27,2,0,0,0,2
1341951,2,2023,2023,2,5,1,196,10,70,168,0,1,9,-33.91406,150.975531,15,0,2,1,3,0,0,0,0,2,7,60,2,9859,9859,8,5,40,1,0,0,1,0
1341955,2,2024,2024,4,6,7,133,17,3,121,0,1,1,-35.998911,149.141648,65,1,0,1,3,0,3,4,2,0,7,100,2,945,945,5,5,40,1,0,0,1,0
1341965,2,2023,2023,2,3,7,2126,17,169,2149,0,1,9,-33.786036,150.843236,7,0,2,1,0,0,3,3,2,0,0,80,2,2852,2852,4,0,5,2,0,0,1,0
1341967,2,2024,2024,4,6,8,1,1,182,34609,0,1,9,-32.828235,151.35996,17,2,1,1,3,0,0,0,2,0,7,50,0,1850,777,5,16,40,1,0,0,1,0
1341968,2,2023,2023,2,3,6,68,27,110,67,0,1,1,-33.784396,151.008913,54,0,2,0,1,0,0,0,2,0,7,60,1,3775,3775,0,0,13,2,0,0,1,1
1341971,4,2024,2024,4,3,8,225,27,304,140,0,1,1,-33.920296,151.144419,32,0,2,1,0,0,0,0,2,0,7,50,1,387,387,1,22,5,2,0,1,0,0
1341972,2,2024,2024,4,2,6,40,34,3,34609,0,1,1,-31.132792,152.330956,56,1,0,0,0,2,0,0,2,0,7,100,0,1850,1463,5,16,40,1,0,0,1,0
1341978,2,2024,2024,4,4,4,13,27,8,4,0,1,9,-35.320548,148.066604,66,2,1,0,1,0,0,0,2,0,7,50,1,2585,4009,8,0,40,1,0,0,1,0
1341984,4,2023,2023,9,5,9,2,31,363,34609,0,1,1,-33.810236,151.006695,54,0,2,1,2,0,3,4,0,0,7,40,0,238,238,9,0,26,2,0,1,0,0
1341988,2,2023,2023,2,1,10,117,27,72,144,0,1,9,-33.845314,151.089519,14,0,2,1,2,0,0,0,3,0,7,60,2,9859,9859,8,0,40,1,0,0,1,0
1341989,4,2024,2024,4,5,2,344,27,89,382,0,1,1,-33.669494,150.804626,55,0,2,1,0,0,3,0,1,0,7,80,2,3775,3775,0,8,10,2,0,2,0,0
1341992,2,2024,2024,4,1,8,3371,17,38,3342,0,1,2,-30.261731,153.128402,19,2,1,0,0,0,3,4,2,0,7,80,2,1192,1192,1,10,36,2,0,0,1,0
1341993,1,2024,2024,4,5,5,29,31,7,34609,0,1,10,-33.852975,151.181356,32,0,2,1,3,0,0,0,2,0,15,40,0,1282,1282,1,33,0,2,0,0,0,1
1341997,2,2024,2024,4,1,7,478,17,122,480,0,1,7,-33.429251,151.338776,16,2,2,0,3,0,0,0,2,0,0,60,2,14295,14295,3,5,13,2,0,0,1,0
1341998,2,2024,2024,4,5,5,220,27,104,222,0,1,10,-33.725355,150.939898,7,0,2,1,3,0,0,0,2,1,7,80,2,14295,14295,3,5,0,2,0,0,1,0
1342001,2,2024,2024,4,0,5,346,17,47,332,0,1,1,-28.847481,153.440003,2,1,0,0,3,0,0,0,2,0,7,100,2,4552,5151,8,9,40,1,0,0,1,0
1342002,2,2024,2024,4,4,10,205,27,106,415,0,1,9,-33.678383,151.301049,50,0,2,1,3,0,0,0,0,2,7,60,2,5929,5929,1,5,22,2,0,0,2,0
1342003,1,2024,2024,4,4,7,135,17,131,136,0,1,2,-36.081212,146.923677,0,2,1,1,3,0,0,0,2,0,7,60,2,14295,14295,3,16,0,2,0,0,0,1
1342005,2,2024,2024,4,0,9,65,27,202,563,0,1,10,-33.941377,151.035262,15,0,2,1,3,0,0,0,3,0,15,70,2,2852,2852,4,10,5,2,0,0,1,0
1342006,2,2024,2024,4,5,5,42,27,128,231,0,1,9,-33.419055,151.3202,16,2,2,1,3,0,0,0,2,0,0,60,2,14295,14295,3,0,0,2,0,0,1,0
1342009,1,2024,2024,4,2,3,26,31,161,34609,0,1,7,-33.877405,151.156209,32,0,2,1,3,0,0,0,2,0,0,50,0,29,29,6,0,27,2,0,0,0,1
1342010,1,2023,2023,9,0,7,32,31,28,34609,0,1,2,-28.686763,153.52295,10,2,1,1,3,0,0,3,2,0,7,50,0,1981,1981,4,5,0,2,0,0,0,1
1342011,2,2023,2023,2,0,9,500,27,80,160,0,1,10,-33.978838,150.898521,13,0,2,1,3,0,0,0,2,0,15,60,2,1391,1391,1,5,25,2,0,0,1,0
1342012,2,2024,2024,4,2,6,293,31,112,769,0,1,10,-33.606761,150.822191,29,2,2,1,3,0,0,0,2,2,7,60,2,5929,5929,1,5,0,2,0,0,1,0
1342013,1,2023,2023,5,4,9,56,27,251,136,0,1,10,-33.768324,150.942794,7,0,2,1,3,0,0,0,0,2,7,60,2,1391,1391,1,5,13,2,0,0,0,1
1342015,2,2024,2024,4,0,4,69,31,30,34609,0,1,1,-34.744674,146.553506,51,2,1,1,3,0,0,0,2,0,7,50,0,9859,9859,1,10,13,2,0,0,1,0
1342016,2,2024,2024,4,2,6,14,1,30,18,0,1,1,-33.984474,151.143984,4,0,2,1,3,0,0,0,2,0,7,60,1,1981,1981,4,30,0,2,0,0,1,0
1342017,1,2024,2024,4,1,8,95,31,72,34609,1,0,1,-33.839796,151.086235,14,0,2,1,3,0,0,0,2,0,9,50,0,14295,14295,3,5,5,2,0,0,0,1
1342020,1,2024,2024,4,3,11,30,27,6,39,0,1,1,-35.439703,149.38078,58,1,0,0,3,0,0,0,0,0,7,100,1,782,957,5,5,40,1,0,0,0,1
1342021,4,2024,2024,4,1,7,2,31,162,34609,0,1,9,-33.841136,150.921781,24,0,2,1,3,0,0,0,2,0,0,60,0,1391,1391,1,9,0,2,0,1,0,0
1342024,4,2023,2023,2,1,2,515,14,166,518,0,1,3,-33.944772,150.98026,15,0,2,1,3,0,0,0,0,0,7,100,2,1192,1192,1,5,10,2,0,1,0,0
1342025,2,2024,2024,4,4,10,27,31,224,34609,0,1,9,-33.827114,151.237758,45,0,2,1,3,0,0,0,0,0,7,50,0,9859,9859,1,30,0,2,0,0,1,0
1342026,1,2023,2023,2,0,3,61,27,232,70,0,1,10,-33.661072,150.923622,71,0,2,1,3,0,0,0,2,0,15,70,1,14295,14295,3,0,5,2,0,0,0,1
1342028,2,2023,2023,2,1,3,916,17,18,917,0,1,9,-32.741401,151.56039,42,2,1,0,1,0,0,0,2,0,7,80,2,2852,2852,4,9,5,2,0,0,1,0
1342030,4,2024,2024,4,2,5,8,27,13,34609,0,1,1,-33.531332,149.914642,40,1,0,0,3,0,0,0,2,0,7,100,0,1850,1463,5,16,40,1,0,1,0,0
1342031,1,2024,2024,4,5,3,14,27,56,34609,0,1,9,-33.857893,151.183861,32,0,2,1,3,0,0,0,1,0,7,40,0,387,387,1,22,5,2,0,0,0,1
1342032,2,2024,2024,4,4,5,1,27,13,34609,0,1,1,-34.734025,150.479656,63,2,1,1,3,0,0,3,2,0,7,60,0,77,77,1,19,22,3,0,0,1,1
1342033,2,2024,2024,4,2,6,1,31,17,34609,0,1,1,-32.729313,151.535493,42,2,1,1,3,0,0,0,2,0,7,50,0,14295,14295,3,5,5,2,0,0,1,0
1342035,1,2024,2024,4,4,7,1,27,29,34609,0,1,1,-31.747266,152.649463,43,1,0,0,3,2,0,0,2,0,7,100,0,623,623,3,9,0,2,0,0,0,1
1342036,4,2024,2024,4,5,8,37,31,323,34609,0,1,9,-33.755671,150.99862,71,0,2,1,3,0,0,0,2,0,7,50,0,1669,1669,3,0,5,2,0,1,0,0
1342041,1,2023,2023,2,4,11,2261,17,284,2252,0,1,2,-33.907173,151.021617,15,0,2,1,3,0,0,0,0,0,7,60,2,14295,14295,3,0,5,2,0,0,0,1
1342043,4,2024,2024,4,5,8,515,14,60,518,0,1,3,-33.944713,150.949753,41,0,2,1,3,0,0,0,3,0,7,100,2,14295,14295,3,5,13,2,0,1,0,1
1342045,1,2024,2024,4,0,6,30,27,133,34609,0,1,9,-33.931574,151.017337,15,0,2,1,3,0,0,0,2,0,7,50,0,14295,14295,3,5,0,2,0,0,0,1