Crash ID,Degree of crash - detailed,Reporting year,Year of crash,Month of crash,Day of week of crash,Two-hour intervals,Street of crash,Street type,Town,Route no.,School zone location,School zone active,Type of location,Latitude,Longitude,LGA,Urbanisation,Conurbation 1,Alignment,Street lighting,Road surface,Surface condition,Weather,Natural lighting,Signals operation,Other traffic control,Speed limit,Road classification,RUM - code,DCA - code,First impact type,Key TU type,Other TU type,No. of traffic units involved,No. killed,No. seriously injured,No. moderately injured,No. minor-other injured
1342047,2,2024,2024,4,3,9,19,27,137,49,0,1,9,-33.905036,150.894814,24,0,2,1,3,0,0,0,0,0,7,50,1,5929,5929,1,5,36,2,0,0,1,0
1342048,1,2023,2023,2,2,11,866,17,149,793,0,1,10,-33.817629,150.962647,21,0,2,1,3,0,0,0,0,2,7,70,2,14295,14295,3,5,5,2,0,0,0,1
1342054,1,2023,2023,9,4,6,68,27,110,67,1,0,1,-33.79264,151.000673,54,0,2,1,3,0,0,0,2,2,9,60,1,1981,1981,4,30,10,2,0,0,0,2
1342056,1,2024,2024,4,4,6,126,1,226,144,0,1,2,-33.765183,150.817145,7,0,2,1,3,0,0,0,2,0,7,60,2,14295,14295,3,5,5,3,0,0,0,1
1342058,2,2023,2023,2,4,7,515,14,166,518,0,1,3,-33.943851,150.987763,15,0,2,1,3,0,0,0,2,0,7,100,2,1391,1391,1,8,0,2,0,0,1,0
1342061,4,2023,2023,2,6,6,177,31,174,109,0,1,7,-33.860494,150.927487,24,0,2,1,3,0,0,0,2,0,0,60,1,6545,6545,4,0,5,2,0,1,0,0
1342066,2,2024,2024,4,4,7,45,27,168,40,0,1,9,-33.690653,150.843608,7,0,2,1,3,0,3,4,2,0,7,70,2,1669,1669,3,8,0,2,0,0,1,0
1342067,2,2024,2024,4,0,8,330,27,294,34609,0,1,9,-33.943886,150.924279,41,0,2,1,3,0,0,0,4,2,7,60,0,301,301,4,0,5,2,0,0,1,0
1342073,1,2024,2024,4,6,8,2209,17,49,2205,0,1,9,-33.93474,151.151431,4,0,2,1,3,0,0,0,2,0,7,60,2,14295,14295,3,5,0,2,0,0,0,1
1342074,2,2024,2024,4,4,4,17,31,117,34609,0,1,1,-28.177337,153.539935,72,2,1,1,3,0,0,0,2,0,7,50,0,1109,787,1,0,0,2,0,0,1,0
1342079,2,2024,2024,4,2,8,283,27,197,702,0,1,2,-33.945397,151.07795,15,0,2,1,3,0,0,0,2,0,7,60,2,14295,14295,3,33,0,2,0,0,1,0
1342080,2,2024,2024,4,6,6,7,27,26,34609,0,1,9,-33.274419,151.56309,16,2,2,1,3,0,0,0,2,0,7,50,0,5929,5929,1,0,0,2,0,0,2,0
1342081,1,2024,2024,4,4,4,1104,11,130,770,0,1,2,-33.870184,151.189327,69,0,2,1,3,0,0,0,2,0,7,60,2,14295,14295,3,5,0,2,0,0,0,1
1342083,1,2024,2024,4,2,3,47,31,41,31,0,1,10,-33.819387,151.007484,54,0,2,1,3,0,0,0,2,2,7,60,1,2852,2852,4,0,0,2,0,0,0,1
1342084,1,2023,2023,2,4,4,45,27,110,45,0,1,9,-33.732742,151.026941,71,0,2,1,3,0,0,0,2,2,7,60,2,14295,14295,3,0,5,2,0,0,0,1
1342086,1,2024,2024,4,0,4,283,27,145,702,0,1,10,-33.917466,151.065154,15,0,2,1,3,0,0,0,2,2,7,60,2,1383,1383,1,0,5,3,0,0,0,1
1342087,2,2024,2024,4,2,7,3371,17,69,3342,1,0,10,-32.931421,151.753537,48,0,2,1,1,0,0,0,2,0,15,60,2,515,515,1,0,27,2,0,0,1,0
1342088,1,2023,2023,2,0,2,133,27,46,260,0,1,9,-32.913382,151.660796,48,0,2,1,3,0,0,0,0,2,7,70,2,5929,5929,1,5,5,2,0,0,0,1
1342090,1,2024,2024,4,5,6,133,31,46,56,0,1,1,-33.880005,151.237588,81,0,2,0,3,0,3,4,2,2,7,50,1,14295,14295,3,5,13,2,0,0,0,1
1342094,1,2024,2024,4,0,5,916,17,66,917,0,1,9,-32.811052,151.669295,48,0,2,1,3,0,0,0,2,0,0,80,2,14295,14295,3,5,5,2,0,0,0,1
1342096,2,2024,2024,4,5,4,10,27,232,34609,0,1,9,-33.678315,150.897846,7,0,2,1,3,0,0,0,2,0,0,60,0,2852,2852,4,8,0,2,0,0,1,0
1342097,1,2023,2023,2,5,7,125,27,55,123,1,2,7,-33.363971,151.454419,16,2,2,1,3,0,0,0,2,0,0,40,2,14295,14295,3,8,5,2,0,0,0,1
1342099,2,2024,2024,4,0,10,213,17,3,213,0,1,1,-29.537739,150.226155,51,1,0,0,3,0,0,0,0,0,7,100,2,1089,1089,7,10,40,1,0,0,1,0
1342102,1,2024,2024,4,6,8,330,27,49,605,0,1,9,-33.712726,151.29729,50,0,2,1,3,0,0,0,2,2,9,60,2,1957,777,8,19,40,2,0,0,0,1
1342106,2,2024,2024,4,4,7,171,27,73,369,0,1,9,-33.715028,150.724966,55,0,2,1,3,0,0,0,2,1,0,70,2,5929,5929,1,5,12,2,0,0,1,0
1342107,1,2023,2023,2,6,2,2126,17,218,2149,0,1,9,-33.771613,150.779561,55,0,2,1,3,0,0,0,0,2,7,60,2,14295,14295,3,10,0,2,0,0,0,1
1342109,1,2024,2024,4,5,6,330,23,123,233,0,1,2,-33.91674,151.225862,59,0,2,1,3,0,0,0,2,0,7,50,2,312,312,2,19,40,1,0,0,0,1
1342110,2,2024,2024,4,3,5,17,10,39,34609,0,1,9,-32.882585,151.664246,48,0,2,1,1,0,0,0,2,0,7,50,0,1669,1669,3,5,5,2,0,0,2,0
1342113,2,2023,2023,2,2,4,2126,17,445,2149,0,1,9,-33.849236,151.05044,21,0,2,1,3,0,0,0,2,2,15,60,2,1109,787,1,5,5,2,0,0,1,1
1342114,4,2024,2024,4,6,8,1052,14,173,928,0,1,3,-33.715175,151.112699,36,0,2,1,3,0,3,4,2,0,7,80,2,4026,4026,8,9,40,2,0,1,0,0
1342115,1,2024,2024,4,2,5,1,27,42,34609,0,1,7,-33.688167,150.937775,71,0,2,1,3,0,0,0,2,0,0,60,0,6545,6545,4,0,5,2,0,0,0,1
1342116,1,2024,2024,4,0,4,47,31,82,34609,0,1,10,-34.370146,150.89744,80,0,2,1,3,0,0,0,2,2,7,50,0,14295,14295,3,0,0,2,0,0,0,1
1342118,2,2024,2024,4,3,10,150,27,197,415,0,1,2,-33.787901,151.125364,61,0,2,1,3,0,0,0,0,0,7,70,2,1282,1282,1,5,10,2,0,0,1,0
1342120,1,2024,2024,4,4,10,293,31,523,198,0,1,9,-33.927819,150.918974,41,0,2,1,3,0,0,0,0,0,0,60,2,14295,14295,3,16,5,2,0,0,0,1
1342121,1,2024,2024,4,0,8,104,27,443,702,0,1,10,-33.895291,151.066302,67,0,2,1,3,0,0,0,2,2,7,70,2,14295,14295,3,5,5,3,0,0,0,1
1342123,2,2023,2023,2,0,6,53,31,147,125,0,1,1,-33.893331,151.004898,15,0,2,1,3,0,0,0,2,0,7,60,1,3775,3775,0,10,5,2,0,0,1,0
1342124,2,2024,2024,4,4,8,100,27,68,78,0,1,1,-33.609725,149.780054,51,2,1,0,3,0,3,4,2,0,7,80,2,1850,1463,5,10,40,1,0,0,1,0
1342126,1,2023,2023,8,0,8,71,27,69,122,0,1,10,-34.5525,150.859872,62,0,2,1,3,0,0,0,2,2,7,70,2,14295,14295,3,0,5,2,0,0,0,1
1342130,1,2024,2024,4,4,7,2261,17,443,2252,0,1,10,-33.906002,151.040199,15,0,2,0,3,0,0,0,2,2,7,60,2,14295,14295,3,5,5,2,0,0,0,1
1342132,4,2024,2024,4,0,5,98,27,609,220,0,1,2,-33.775461,150.91887,7,0,2,1,3,0,0,0,2,0,7,60,2,9859,9859,8,9,40,1,0,1,0,0
1342133,2,2023,2023,9,6,5,55,27,134,38,0,1,10,-33.949069,150.796771,12,0,2,1,3,0,0,0,2,2,7,80,2,14295,14295,3,10,5,2,0,0,1,0
1342134,1,2024,2024,4,2,6,1,27,24,34609,0,1,1,-33.458993,150.07882,40,1,0,0,3,2,0,0,2,0,7,100,0,14295,14295,3,10,13,2,0,0,0,1
1342135,2,2024,2024,4,6,3,17,36,12,72,0,1,1,-28.652735,153.54427,10,2,1,1,3,0,0,0,2,0,7,80,2,14295,14295,3,9,0,5,0,0,1,0
1342136,1,2024,2024,4,1,8,133,27,20,260,0,1,1,-32.933754,151.633644,37,0,2,1,0,0,0,0,2,0,7,60,2,14295,14295,3,5,5,4,0,0,0,1
1342138,4,2023,2023,11,5,8,5,1,43,34609,0,1,10,-33.217865,151.522012,16,2,2,0,1,0,0,0,2,0,7,50,0,3775,3775,0,16,12,2,0,1,0,0
1342141,4,2024,2024,4,5,6,4,10,43,34609,0,1,7,-33.726412,150.785756,7,0,2,1,0,0,0,3,2,0,0,50,0,6545,6545,4,5,0,2,0,1,0,0
1342143,2,2023,2023,2,1,7,12,31,58,43,0,1,1,-28.553432,153.545461,10,2,1,1,0,0,0,0,2,0,7,60,1,238,238,9,5,28,2,0,0,1,0
1342146,1,2023,2023,9,0,5,224,27,387,321,0,1,10,-33.935105,151.194077,4,0,2,1,1,0,0,0,2,2,7,60,2,6545,6545,4,5,18,3,0,0,0,1
1342149,4,2024,2024,4,3,2,481,17,15,483,0,1,1,-34.386011,146.891563,51,1,0,1,0,0,0,0,0,0,7,110,2,4026,4026,8,3,40,1,0,1,0,0
1342152,1,2023,2023,2,6,7,2,31,53,66,0,1,9,-31.868164,152.368589,43,2,1,1,0,0,3,4,2,0,15,50,1,395,395,1,5,27,2,0,0,0,1
1342156,4,2024,2024,4,0,8,2126,17,147,2149,0,1,2,-33.873547,151.126911,14,0,2,1,1,0,0,0,2,0,7,60,2,14295,14295,3,29,5,9,0,6,1,0
1342157,2,2024,2024,4,4,5,475,10,12,268,0,1,9,-33.874643,150.76015,55,0,2,1,0,0,0,0,2,0,7,80,2,945,945,5,10,40,1,0,0,1,0
1342159,2,2023,2023,1,6,4,22,27,123,59,0,1,9,-33.889547,151.22887,69,0,2,0,0,0,0,0,2,0,15,40,1,256,256,4,5,27,2,0,0,1,0
1342160,2,2024,2024,4,1,9,1052,14,149,928,0,1,3,-33.352795,151.356636,16,1,2,0,1,0,3,4,3,0,7,110,2,4552,5151,8,5,40,1,0,0,1,0
1342163,2,2024,2024,4,1,4,103,36,106,157,1,0,9,-28.847376,153.043258,60,2,1,1,0,0,0,0,2,0,7,50,2,1669,1669,3,10,5,2,0,0,2,1
1342165,2,2024,2024,4,3,11,3,27,56,34609,0,1,1,-32.812261,151.314312,17,2,1,1,0,0,3,4,0,0,7,80,0,9859,9859,8,0,40,1,0,0,1,0
1342167,4,2024,2024,4,2,6,10,27,149,34609,0,1,1,-33.291864,151.347538,16,2,2,1,0,2,2,6,2,0,7,60,0,9859,9859,8,22,40,1,0,1,0,0
1342169,2,2024,2024,4,6,6,2,31,71,34609,0,1,1,-33.764001,150.702251,55,0,2,1,0,0,0,3,2,0,7,50,0,9859,9859,1,5,0,2,0,0,1,0
1342170,1,2024,2024,4,2,11,361,23,143,38,0,1,10,-33.877422,151.103689,9,0,2,1,2,0,0,0,0,2,7,40,1,5929,5929,1,5,19,2,0,0,0,1
1342173,2,2024,2024,4,6,6,293,31,562,34609,0,1,1,-32.261204,148.601529,22,2,1,1,0,0,0,0,2,0,7,60,0,186,186,9,22,28,2,0,0,1,0
1342180,4,2024,2024,4,3,7,33,27,27,40,0,1,10,-33.762641,151.295499,50,0,2,1,0,0,0,3,2,2,7,50,1,1945,1945,5,22,40,1,0,1,0,0
1342184,4,2023,2023,2,4,11,3371,17,60,3342,0,1,1,-33.440982,151.252025,16,2,2,0,0,0,0,0,0,0,7,60,2,4552,5151,8,16,40,1,0,1,0,0
1342187,2,2024,2024,4,3,2,3371,17,29,3342,0,1,2,-29.037972,153.402253,60,1,0,0,0,0,0,0,1,0,7,110,2,2585,4009,8,0,40,1,0,0,1,1
1342190,2,2023,2023,2,4,4,1,31,9,34609,0,1,10,-34.00231,151.060803,68,0,2,1,1,0,0,0,2,0,0,50,0,2040,2040,9,0,28,2,0,0,1,0
1342194,4,2024,2024,4,6,10,2261,17,112,2252,0,1,2,-33.906875,150.942762,41,0,2,1,2,0,0,0,0,0,7,70,2,1945,1945,5,16,40,1,0,1,0,0
1342198,1,2023,2023,2,4,6,165,31,532,16,0,1,1,-33.876827,151.206017,69,0,2,1,1,0,3,4,2,0,7,40,1,1945,1945,5,22,40,1,0,0,0,1
1342199,1,2024,2024,4,1,7,29,31,44,34609,0,1,1,-30.707645,152.92073,47,2,1,1,1,0,3,0,2,0,7,50,0,591,591,1,22,0,2,0,0,0,1
1342203,2,2024,2024,4,0,9,2261,17,112,2252,0,1,2,-33.913813,150.931898,41,0,2,1,1,0,0,0,2,0,7,70,2,14295,14295,3,0,0,4,0,0,2,0
1342206,4,2023,2023,9,1,1,283,27,253,702,0,1,10,-33.970589,151.098708,25,0,2,1,2,0,0,0,0,2,7,60,2,4026,4026,8,0,40,3,0,4,0,0
1342208,4,2024,2024,4,4,9,2,1,41,34609,0,1,1,-30.359516,153.078252,19,2,1,1,0,0,0,0,2,0,7,50,0,9859,9859,1,5,0,2,0,1,0,0
1342209,4,2024,2024,4,0,6,485,27,323,769,0,1,9,-33.767804,150.998334,71,0,2,1,1,0,0,0,2,2,7,60,2,1192,1192,1,5,19,2,0,1,0,0
1342214,4,2024,2024,4,6,7,104,27,137,140,0,1,9,-33.922505,151.203994,69,0,2,1,1,0,0,0,2,0,0,60,2,591,591,1,22,0,2,0,1,0,0
1342216,4,2023,2023,9,2,6,3,27,5,34609,0,1,1,-28.536833,153.166403,51,1,0,0,0,0,0,0,2,0,7,100,0,2585,4009,8,0,40,1,0,1,0,0
1342219,4,2023,2023,2,0,10,283,27,70,702,0,1,10,-33.977564,151.104925,25,0,2,1,2,0,0,0,0,2,7,60,2,5929,5929,1,0,5,2,0,1,0,1
1342220,1,2024,2024,4,2,10,56,31,11,34609,0,1,2,-34.107878,141.913659,51,2,1,1,0,2,0,0,3,0,7,50,0,1945,1945,5,16,40,1,0,0,0,1
1342221,2,2023,2023,2,6,3,916,17,12,917,0,1,9,-32.554963,151.160224,64,2,1,1,2,0,3,4,2,0,0,60,2,6545,6545,4,10,13,2,0,0,1,0
1342224,2,2023,2023,9,5,10,866,17,174,793,0,1,10,-33.873745,150.925745,24,0,2,1,2,0,3,0,0,2,7,70,2,5929,5929,1,5,5,2,0,0,1,0
1342230,2,2023,2023,2,3,4,118,27,646,118,0,1,9,-33.928465,151.030021,15,0,2,1,1,0,0,3,2,0,0,60,1,9859,9859,1,5,0,3,0,0,1,0
1342232,2,2024,2024,4,1,0,27,27,87,34609,0,1,1,-33.92476,150.96836,41,0,2,0,2,0,0,0,0,0,7,60,0,273,957,5,5,40,1,0,0,1,0
1342234,4,2023,2023,2,5,7,1,18,532,34609,0,1,9,-33.862435,151.211169,69,0,2,1,1,0,0,0,2,0,7,40,0,2040,2040,9,0,28,2,0,1,0,0
1342236,2,2024,2024,4,3,5,22,27,41,173,0,1,2,-34.396243,150.867056,80,0,2,1,0,0,0,0,2,0,7,80,2,14295,14295,3,0,0,5,0,0,1,0
1342237,4,2023,2023,2,6,8,8,31,176,159,0,1,1,-33.952393,151.132635,4,0,2,1,0,0,0,0,2,0,7,60,2,2040,2040,9,5,28,2,0,1,0,0
1342239,4,2024,2024,4,0,8,4,10,119,34609,0,1,9,-32.75975,151.769191,57,2,1,1,1,0,0,0,2,0,7,50,0,2852,2852,4,5,0,2,0,1,0,0
1342244,2,2024,2024,4,4,7,26,31,646,118,0,1,9,-33.914197,151.031894,15,0,2,1,1,0,0,0,2,2,7,60,1,623,623,3,5,0,2,0,0,1,0
1342247,1,2023,2023,2,4,6,387,27,204,331,0,1,2,-33.939147,151.147351,4,0,2,0,1,0,0,0,2,0,7,60,2,14295,14295,3,5,5,2,0,0,0,1
1342249,4,2023,2023,2,6,4,27,27,290,34609,0,1,1,-33.854195,150.987027,21,0,2,1,1,0,0,0,2,0,9,40,0,2040,2040,9,5,28,2,0,1,0,0
1342251,4,2024,2024,4,1,6,191,27,193,208,0,1,9,-33.789975,151.086165,61,0,2,1,1,0,0,0,2,0,6,60,2,775,775,4,5,5,2,0,1,1,0
1342254,4,2024,2024,4,1,5,2,36,646,34609,0,1,0,-33.916124,151.035544,15,0,2,0,1,0,0,3,2,0,9,50,0,1220,1220,9,5,28,2,0,1,0,0
1342260,2,2024,2024,4,2,8,829,27,165,770,0,1,2,-33.847669,151.152268,14,0,2,1,1,0,0,0,2,0,7,60,2,14295,14295,3,5,36,3,0,0,1,0
1342263,4,2023,2023,2,2,7,16,1,24,25,0,1,9,-33.626012,150.838273,29,2,2,1,1,0,0,0,2,0,7,60,2,14295,14295,3,21,13,3,0,1,1,0
1342268,2,2023,2023,9,2,9,72,31,204,331,0,1,9,-33.939077,151.15147,4,0,2,1,2,0,0,0,3,0,7,60,2,1282,1282,1,5,19,2,0,0,1,0
1342271,2,2024,2024,4,1,2,3,27,278,34609,0,1,1,-33.783787,151.029305,54,0,2,0,2,0,0,0,1,0,7,50,0,1259,5151,1,10,5,2,0,0,1,0
1342276,2,2024,2024,4,0,4,2126,17,93,2149,0,1,7,-33.420359,149.625357,3,2,1,1,1,0,0,0,2,0,0,60,2,14295,14295,3,10,12,2,0,0,1,0
1342279,4,2024,2024,4,3,7,26,31,609,34609,0,1,9,-33.771486,150.906076,7,0,2,1,1,0,0,0,2,1,7,40,0,5929,5929,1,16,5,2,0,1,0,0
1342280,1,2023,2023,2,0,9,2126,17,218,2149,0,1,2,-33.769646,150.770583,55,0,2,0,1,0,0,0,2,0,7,60,2,2040,2040,9,30,28,2,0,0,0,1
1342283,2,2023,2023,2,4,9,2209,17,70,2205,0,1,2,-34.839827,150.594985,63,2,1,1,1,0,0,0,2,0,7,70,2,9859,9859,1,8,35,2,0,0,1,0
1342290,4,2023,2023,9,0,0,251,14,139,124,0,1,3,-33.838385,151.210346,49,0,2,1,2,0,3,4,0,0,7,80,2,204,204,1,0,5,2,0,1,0,0
1342292,2,2023,2023,11,1,3,125,27,38,144,0,1,1,-32.787034,151.933228,57,2,1,1,1,0,0,0,1,0,7,80,2,1669,1669,3,5,13,2,0,0,1,0
1342296,1,2023,2023,9,6,8,283,27,129,702,0,1,9,-33.936885,151.074365,15,0,2,1,1,0,0,0,2,2,7,60,2,5929,5929,1,5,5,2,0,0,0,1
1342303,2,2024,2024,4,2,11,82,27,84,181,0,1,9,-33.893976,151.264026,76,0,2,1,2,0,0,0,0,0,7,50,2,14295,14295,3,16,19,2,0,0,1,0
1342307,2,2024,2024,4,4,9,36,27,106,35,0,1,7,-33.891178,151.17849,32,0,2,1,2,0,0,0,3,0,0,50,1,591,591,1,22,19,2,0,0,1,1
1342312,2,2023,2023,2,2,9,168,17,6,212,0,1,9,-35.480556,149.922935,58,1,0,0,0,0,3,0,0,0,7,100,2,782,957,5,0,40,1,0,0,1,0
1342313,4,2024,2024,4,2,10,161,17,6,161,0,1,1,-35.371714,148.291932,66,1,0,1,0,0,0,0,0,0,7,100,2,9859,9859,8,10,40,1,0,1,0,0
1342318,2,2024,2024,4,2,10,34,27,53,34609,0,1,7,-35.130748,147.342488,75,2,1,1,1,0,0,0,2,0,0,60,0,6545,6545,4,0,5,2,0,0,1,0
1342320,2,2024,2024,4,6,10,113,27,218,111,0,1,6,-33.770206,150.773589,55,0,2,0,1,0,0,0,2,0,9,60,2,2585,4009,8,5,40,3,0,0,2,0
1342324,2,2023,2023,2,2,4,3,31,198,34609,0,1,1,-33.924687,151.099929,15,0,2,1,3,0,0,0,2,0,7,50,0,4026,4026,1,8,13,4,0,0,1,0
1342330,4,2023,2023,1,4,3,191,27,370,68,0,1,10,-34.059726,150.813629,13,0,2,1,2,0,3,3,1,2,6,60,1,5929,5929,1,5,10,2,0,1,0,0
1342331,4,2023,2023,1,4,2,17,31,18,58,0,1,7,-32.917823,151.758454,48,0,2,1,2,0,0,0,1,0,0,60,2,6545,6545,4,0,27,2,0,1,0,0
1342332,2,2023,2023,1,4,8,11,31,49,56,0,1,7,-34.448807,147.534488,51,2,1,1,1,0,0,0,3,0,0,50,2,4026,4026,8,9,40,1,0,0,1,0
1342333,4,2023,2023,1,4,3,115,27,81,114,0,1,1,-33.888384,151.260578,81,0,2,0,1,0,3,0,2,0,7,50,2,14295,14295,3,16,5,2,0,1,0,0
1342334,4,2023,2023,11,2,8,2,27,4,34609,0,1,1,-29.854799,151.22078,33,1,0,1,0,2,0,0,2,0,7,100,0,404,404,8,16,40,1,0,1,0,0
1342337,2,2023,2023,11,2,11,23,10,15,47,0,1,9,-32.896826,151.706189,48,0,2,0,2,0,0,0,0,2,7,60,2,5929,5929,1,5,5,2,0,0,1,0
1342338,2,2023,2023,1,2,1,89,36,6,81,0,1,1,-33.489158,148.27357,51,1,0,1,0,0,0,0,0,0,7,100,2,9859,9859,8,9,40,1,0,0,1,0
1342339,4,2023,2023,11,0,8,67,27,157,55,0,1,9,-34.014069,151.104685,68,0,2,1,2,0,0,0,0,2,7,70,2,5929,5929,1,10,19,2,0,2,1,0
1342341,4,2023,2023,11,0,9,1,27,41,34609,0,1,1,-30.360014,153.092018,19,2,1,1,2,0,0,0,3,0,7,50,0,945,945,5,16,40,1,0,1,0,0
1342342,2,2023,2023,11,0,6,1,27,194,34609,0,1,9,-30.507298,151.688703,1,2,1,1,1,0,3,4,2,0,15,50,0,2852,2852,4,30,0,2,0,0,1,1
1342344,4,2023,2023,11,6,10,59,10,84,231,0,1,7,-33.472343,151.394976,16,2,2,1,2,0,0,0,0,0,0,60,2,4026,4026,8,0,40,1,0,1,0,0
1342346,4,2023,2023,11,2,6,38,27,56,70,0,1,9,-33.756628,150.775667,55,0,2,1,1,0,0,0,2,2,7,60,1,2852,2852,4,5,19,2,0,2,0,1
1342347,2,2023,2023,11,0,6,12,31,111,34609,0,1,10,-33.921597,151.247875,59,0,2,1,3,0,2,6,2,0,15,50,0,6545,6545,4,0,19,2,0,0,1,0
1342348,2,2023,2023,11,6,5,51,27,69,63,0,1,9,-34.554401,150.853294,62,0,2,1,0,0,0,0,2,2,7,70,2,515,515,1,5,19,2,0,0,1,0
1342349,2,2023,2023,11,3,3,45,31,194,13,0,1,7,-30.512558,151.669679,1,2,1,1,1,0,0,1,2,0,0,50,1,475,475,5,5,40,1,0,0,1,0
1342350,4,2023,2023,1,0,7,84,1,226,34609,0,1,9,-33.764606,150.808168,7,0,2,1,1,0,0,0,2,0,0,50,0,5929,5929,1,5,12,2,0,1,1,0
1342351,4,2023,2023,1,0,3,192,31,316,56,0,1,10,-33.902835,151.244823,59,0,2,1,3,0,0,0,2,2,7,50,1,6545,6545,4,5,5,2,0,1,0,0
1342353,4,2023,2023,11,6,7,2,27,33,34609,0,1,1,-33.470057,150.126159,40,2,1,1,0,0,0,0,2,0,7,50,0,1945,1945,5,16,40,1,0,1,0,0
1342354,4,2023,2023,10,1,7,14,27,40,88,0,1,9,-33.792828,151.24467,50,0,2,1,0,0,0,0,2,0,7,60,2,14295,14295,3,16,0,2,0,1,1,0
1342356,4,2023,2023,10,5,6,3,31,67,22,0,1,1,-33.394709,151.340064,16,2,2,1,1,0,0,0,2,0,7,50,1,9859,9859,1,0,13,3,0,1,0,0
1342357,1,2023,2023,10,3,8,3,18,61,34609,0,1,1,-35.119773,149.195209,82,1,0,0,3,2,0,0,2,0,7,100,0,1957,4009,8,30,40,1,0,0,0,3
1342358,1,2023,2023,11,2,6,232,36,134,331,0,1,9,-33.982236,150.799172,12,0,2,0,1,0,0,0,2,2,7,80,2,14295,14295,3,10,5,2,0,0,0,1
1342360,4,2023,2023,10,3,4,8,27,8,24,0,1,1,-33.599455,151.126298,31,0,2,0,0,0,0,0,2,0,7,40,1,3775,3775,0,16,13,2,0,1,0,0
1342363,4,2023,2023,10,5,6,829,27,124,770,0,1,2,-33.810151,151.031726,54,0,2,1,1,0,0,3,2,0,7,60,2,1383,1383,1,15,10,2,0,1,1,0
1342364,4,2023,2023,11,3,8,149,36,10,113,0,1,1,-32.379915,152.454698,43,2,1,0,0,0,0,0,2,0,7,80,1,3775,3775,0,5,0,2,0,2,1,0
1342366,2,2023,2023,11,0,7,95,31,293,34609,0,1,9,-33.925791,151.055627,15,0,2,1,1,0,0,0,2,2,7,50,0,1220,1220,9,5,28,2,0,0,1,0
1342367,1,2023,2023,10,6,7,512,17,433,441,1,0,2,-33.28017,149.08692,52,2,1,1,1,0,3,4,2,0,7,50,2,1957,4009,8,10,40,1,0,0,0,1
1342369,4,2023,2023,10,5,9,16,27,17,34609,0,1,1,-32.941674,151.57484,37,0,2,0,0,0,3,4,3,0,7,80,0,2585,4009,8,5,40,2,0,2,0,0
1342370,2,2023,2023,10,0,7,83,27,433,19,0,1,9,-33.293951,149.114265,52,2,1,1,0,0,0,0,2,2,7,50,2,14295,14295,3,5,5,3,0,0,1,0
1342371,2,2023,2023,10,0,10,110,31,26,34609,0,1,10,-31.505678,150.678096,51,2,1,1,3,0,2,6,0,0,0,50,0,6545,6545,4,5,13,2,0,0,1,0
1342375,1,2023,2023,1,4,3,16,31,363,34609,0,1,1,-33.822011,151.003077,54,0,2,1,1,0,0,0,2,0,7,50,0,368,368,9,5,28,3,0,0,0,1
1342377,2,2023,2023,10,0,5,103,27,34,98,0,1,1,-32.833263,150.853419,64,1,0,0,0,0,0,0,2,0,7,100,2,1089,1089,7,16,40,1,0,0,1,0
1342378,4,2023,2023,10,6,7,10,31,41,34609,1,0,10,-35.123382,147.366091,75,2,1,1,0,0,3,4,2,0,0,50,0,6545,6545,4,0,0,2,0,1,0,0
1342379,4,2023,2023,1,1,9,27,27,290,34609,0,1,9,-33.855907,150.996364,21,0,2,1,3,0,2,6,0,0,0,50,0,5929,5929,1,5,19,2,0,1,0,0
1342381,1,2023,2023,9,2,7,13,27,11,13,0,1,1,-35.673338,146.714537,27,1,0,0,0,0,0,0,2,0,7,100,1,1957,4009,8,5,40,1,0,0,0,1
1342382,4,2023,2023,10,3,10,22,1,443,34609,0,1,7,-33.900138,151.053755,15,0,2,1,2,0,0,0,0,0,7,50,0,6545,6545,4,10,18,2,0,1,0,1
1342383,2,2023,2023,9,0,5,39,27,11,29,0,1,1,-32.506551,149.671252,44,1,0,0,0,0,0,0,2,0,7,100,1,1259,5151,8,10,40,1,0,0,1,0
1342384,2,2023,2023,9,4,1,84,27,169,769,0,1,1,-33.595503,150.744047,29,2,2,1,2,0,0,0,0,2,14,40,2,14295,14295,3,5,5,2,0,0,1,0
1342386,2,2023,2023,11,2,7,12,27,74,34609,0,1,9,-34.446217,150.8485,80,0,2,1,1,0,0,0,2,0,7,50,0,3775,3775,0,10,5,2,0,0,1,0
1342387,2,2023,2023,11,2,7,17,10,12,34609,0,1,1,-34.423158,150.814691,80,0,2,1,0,0,0,0,2,0,7,60,0,1282,1282,1,9,40,1,0,0,1,0
1342390,4,2023,2023,9,0,10,103,27,17,256,0,1,1,-34.134803,150.79113,13,0,2,1,0,0,0,0,0,0,7,80,2,3775,3775,0,5,13,2,0,1,1,1
1342391,4,2023,2023,10,3,5,3,10,31,34609,0,1,1,-33.924359,150.885916,41,0,2,1,1,0,0,0,2,0,7,50,0,3775,3775,0,22,5,2,0,1,0,0
1342392,4,2023,2023,9,6,7,8,1,433,34609,1,2,10,-33.269423,149.101471,52,2,1,1,1,0,0,0,2,0,9,40,0,1220,1220,9,0,28,2,0,1,0,0
1342393,2,2023,2023,10,0,4,192,31,316,120,0,1,9,-33.912255,151.242681,59,0,2,1,1,0,0,0,2,0,0,50,2,5929,5929,1,9,27,2,0,0,1,0
1342394,4,2023,2023,9,1,7,36,27,10,72,0,1,1,-28.711042,153.484807,10,2,1,0,0,0,3,4,2,0,7,80,2,3775,3775,0,30,0,3,0,2,0,0