Crash ID,Degree of crash - detailed,Reporting year,Year of crash,Month of crash,Day of week of crash,Two-hour intervals,Street of crash,Street type,Town,Route no.,School zone location,School zone active,Type of location,Latitude,Longitude,LGA,Urbanisation,Conurbation 1,Alignment,Street lighting,Road surface,Surface condition,Weather,Natural lighting,Signals operation,Other traffic control,Speed limit,Road classification,RUM - code,DCA - code,First impact type,Key TU type,Other TU type,No. of traffic units involved,No. killed,No. seriously injured,No. moderately injured,No. minor-other injured
1342399,2,2023,2023,9,0,2,3371,17,49,3342,0,1,9,-33.199432,151.522604,16,2,2,1,2,0,0,0,0,2,7,80,2,6545,6545,4,5,5,2,0,0,1,1
1342402,2,2023,2023,9,2,7,11,27,7,143,0,1,1,-34.369142,149.378054,74,1,0,1,0,0,0,0,2,0,7,100,2,312,312,2,16,40,2,0,0,1,0
1342405,4,2023,2023,10,5,6,308,14,127,311,0,1,3,-33.850461,150.852267,24,0,2,1,1,0,0,0,2,0,7,100,2,14295,14295,3,5,13,2,0,1,0,0
1342406,4,2023,2023,9,6,7,24,27,5,24,0,1,1,-28.320588,153.346204,72,2,1,0,0,0,0,0,2,0,7,80,1,3775,3775,0,10,13,2,0,1,0,2
1342407,4,2023,2023,10,2,7,162,31,387,34609,0,1,1,-33.928428,151.186258,4,0,2,1,1,0,0,0,2,0,7,50,0,1981,1981,4,5,27,2,0,1,0,0
1342409,4,2023,2023,9,2,6,45,3,64,331,0,1,2,-34.062058,150.72557,12,0,2,0,0,0,0,0,2,0,7,80,2,1850,1463,5,8,40,1,0,1,0,1
1342410,4,2023,2023,9,3,1,4,10,22,34609,0,1,1,-33.63806,150.796571,29,2,2,1,3,0,2,6,0,0,7,50,0,9859,9859,8,0,40,1,0,1,0,0
1342412,2,2023,2023,10,3,4,42,10,24,1,0,1,9,-32.890038,151.572338,37,0,2,1,0,0,0,0,2,0,0,80,2,1669,1669,3,16,19,2,0,0,1,1
1342413,4,2023,2023,9,3,2,7,27,187,34609,0,1,9,-33.874335,150.985143,15,0,2,1,2,0,3,4,0,0,7,50,0,9859,9859,8,5,40,1,0,2,0,0
1342414,4,2023,2023,9,5,4,2126,17,445,2149,0,1,10,-33.850799,151.053669,21,0,2,1,1,0,0,3,2,2,7,60,2,1945,1945,5,16,40,1,0,1,0,0
1342415,4,2023,2023,9,1,7,2,1,253,34609,0,1,9,-33.966394,151.103507,25,0,2,1,0,0,0,0,2,0,9,40,0,591,591,1,22,5,2,0,1,0,0
1342418,2,2023,2023,9,4,10,3,27,6,34609,0,1,1,-31.773533,148.299538,51,1,0,1,0,0,0,6,0,0,7,100,0,1089,1089,7,0,40,1,0,0,1,1
1342420,2,2023,2023,9,2,11,2,27,11,34609,0,1,1,-34.799539,148.359593,30,1,0,1,0,0,0,0,0,0,7,100,0,9859,9859,8,10,40,1,0,0,1,0
1342421,1,2023,2023,2,6,9,53,27,134,51,0,1,9,-33.517161,151.317412,16,2,2,1,3,0,0,0,2,0,7,50,1,5929,5929,1,10,18,2,0,0,0,1
1342422,2,2023,2023,10,2,3,25,27,147,94,0,1,1,-33.88352,151.003868,15,0,2,1,1,0,0,0,2,0,7,50,1,9859,9859,8,5,40,1,0,0,1,0
1342423,2,2023,2023,9,2,5,195,27,53,186,0,1,9,-33.918926,150.852545,41,0,2,1,1,0,3,4,2,2,7,70,2,14295,14295,3,10,5,2,0,0,1,0
1342425,1,2023,2023,9,5,8,115,27,55,114,0,1,1,-33.863179,151.278433,81,0,2,1,1,0,0,0,2,0,7,50,2,1109,397,1,0,5,3,0,0,0,1
1342426,4,2023,2023,2,6,6,25,1,103,34609,0,1,1,-28.821965,153.322711,39,2,1,1,1,0,0,0,2,0,7,50,0,9859,9859,8,5,40,1,0,1,0,0
1342429,4,2023,2023,2,2,2,2,27,6,34609,0,1,1,-32.303185,149.604106,44,1,0,1,0,0,0,0,0,0,7,100,0,9859,9859,8,10,40,1,0,1,0,0
1342436,2,2023,2023,2,1,7,3,31,224,34609,0,1,1,-33.822264,151.242456,45,0,2,0,0,0,0,0,2,0,7,50,0,237,162,8,5,40,1,0,0,1,0
1342438,1,2023,2023,10,3,7,4,23,42,34609,0,1,9,-33.648317,151.30527,50,0,2,0,0,0,0,0,2,0,15,50,0,1259,5151,1,5,40,2,0,0,0,1
1342439,4,2023,2023,2,5,4,91,27,161,187,0,1,10,-33.874951,151.155162,32,0,2,1,2,0,0,0,2,2,7,70,2,6545,6545,4,5,5,2,0,2,0,0
1342441,2,2023,2023,11,6,10,232,36,74,331,0,1,10,-34.020333,150.76111,12,0,2,1,2,0,3,3,3,2,7,80,2,5929,5929,1,0,0,2,0,0,1,0
1342442,1,2023,2023,9,3,4,13,31,106,34609,0,1,1,-33.67209,151.296838,50,0,2,1,1,0,0,0,2,0,7,50,0,9859,9859,1,5,13,2,0,0,0,1
1342444,2,2023,2023,2,0,0,213,17,83,213,0,1,9,-29.705483,152.934267,18,2,1,1,2,0,0,0,0,0,7,50,2,489,489,8,5,40,1,0,0,1,0
1342446,2,2023,2023,2,0,8,163,27,63,165,0,1,9,-33.740343,150.796695,7,0,2,0,0,0,0,0,2,0,7,60,1,5929,5929,1,10,5,2,0,0,2,1
1342450,4,2023,2023,2,5,8,37,27,3,36,0,1,1,-32.46667,151.750841,51,1,0,1,0,0,3,4,2,0,7,100,1,9859,9859,8,10,40,1,0,1,0,0
1342453,4,2023,2023,2,0,6,2,31,234,34609,0,1,9,-34.279763,146.041775,28,2,1,1,0,0,0,0,2,0,7,50,0,5929,5929,1,5,19,2,0,1,0,0
1342454,2,2023,2023,2,1,9,191,27,33,208,0,1,9,-33.802038,151.100493,61,0,2,0,0,0,0,0,2,0,7,60,2,3775,3775,0,0,0,2,0,0,1,0
1342456,4,2023,2023,2,1,11,204,31,112,14,0,1,10,-33.904234,151.205236,69,0,2,1,3,0,2,6,0,3,6,50,1,5929,5929,1,5,19,2,0,1,0,0
1342457,4,2023,2023,2,0,7,71,27,9,69,0,1,1,-36.319226,148.928071,65,1,0,0,0,0,0,0,2,0,7,100,2,2585,4009,8,0,40,1,0,1,0,0
1342458,4,2023,2023,2,1,5,3371,17,54,3342,0,1,9,-33.233451,151.502288,16,2,2,1,1,0,0,0,2,0,7,60,2,1850,777,5,16,40,1,0,1,0,0
1342459,4,2023,2023,2,2,2,500,27,136,799,0,1,9,-33.927158,151.080982,15,0,2,1,2,0,0,0,0,0,2,60,2,3775,3775,0,5,5,3,0,1,1,0
1342463,2,2023,2023,2,2,11,7,18,104,34609,0,1,1,-33.739815,150.937969,7,0,2,1,2,0,3,0,0,0,7,50,0,1981,1981,4,0,5,4,0,0,1,0
1342465,2,2024,2024,4,4,6,68,31,69,23,0,1,9,-28.5546,153.508512,10,2,1,1,1,0,0,0,2,0,7,50,1,14295,14295,3,0,0,3,0,0,1,0
1342468,2,2023,2023,2,1,4,158,27,68,207,0,1,1,-33.872992,151.247624,81,0,2,0,0,0,0,0,2,0,7,60,2,186,186,9,0,26,4,0,0,2,1
1342469,4,2023,2023,9,2,6,115,27,96,173,0,1,9,-34.23396,150.676447,79,2,2,1,0,0,0,0,2,0,7,80,2,3775,3775,0,5,0,3,0,2,6,1
1342471,4,2023,2023,9,3,9,165,31,69,34609,0,1,2,-34.552573,150.861341,62,0,2,1,0,0,0,0,2,0,7,30,0,4026,4026,8,22,40,1,0,1,0,0
1342476,4,2023,2023,2,0,3,14,27,251,34609,0,1,1,-33.770866,150.938716,7,0,2,1,1,0,0,0,2,0,7,50,0,1109,787,1,33,19,2,0,1,0,0
1342479,2,2024,2024,4,1,7,118,27,646,118,0,1,9,-33.921846,151.031064,15,0,2,1,3,0,0,0,2,0,0,50,1,256,256,4,5,5,2,0,0,1,0
1342480,1,2024,2024,4,0,9,132,31,252,126,0,1,9,-33.89042,151.209134,69,0,2,1,3,0,0,0,2,2,9,50,2,5929,5929,1,5,5,2,0,0,0,1
1342482,2,2024,2024,4,4,8,192,31,316,120,1,0,9,-33.915221,151.241591,59,0,2,1,2,0,0,0,2,0,7,50,2,775,775,4,22,13,2,0,0,1,0
1342486,4,2024,2024,4,1,8,3,27,136,34609,0,1,7,-33.864953,151.068721,67,0,2,1,1,0,0,3,2,0,0,50,0,186,186,9,9,28,2,0,1,1,0
1342491,1,2023,2023,2,0,8,204,31,252,34609,0,1,1,-33.884441,151.215912,69,0,2,1,0,0,0,0,2,0,7,40,0,1981,1981,4,33,27,2,0,0,0,1
1342492,2,2023,2023,2,5,5,2,27,151,34609,0,1,2,-34.030282,150.831432,13,0,2,0,0,0,0,0,2,0,0,60,0,1981,1981,4,5,0,2,0,0,1,0
1342494,1,2024,2024,4,1,4,109,27,100,105,1,0,1,-33.894198,150.898499,24,0,2,1,0,0,0,0,2,0,7,60,2,4026,4026,8,0,40,1,0,0,0,1
1342495,4,2024,2024,4,3,0,103,36,107,157,0,1,1,-29.665826,152.937188,18,2,1,1,0,0,0,0,0,0,7,50,2,9859,9859,8,16,40,1,0,1,0,0
1342496,2,2023,2023,10,0,6,2209,17,88,2205,0,1,9,-33.991085,151.113821,25,0,2,1,2,0,0,0,2,2,7,70,2,775,775,4,10,5,2,0,0,1,0
1342497,4,2023,2023,2,0,6,2126,17,218,2149,0,1,9,-33.771566,150.779375,55,0,2,1,0,0,0,0,2,2,7,60,2,4552,985,8,0,40,1,0,1,0,0
1342498,2,2024,2024,4,1,2,34,31,56,34609,0,1,7,-31.094908,152.83698,34,2,1,1,1,0,3,3,1,0,0,50,0,4026,4026,8,0,40,1,0,0,1,0
1342500,1,2024,2024,4,0,8,2,27,7,34609,0,1,1,-34.312211,149.375659,74,1,0,0,3,2,0,0,2,0,7,100,0,1089,1089,7,16,40,1,0,0,0,1
1342502,4,2023,2023,2,4,11,2,27,132,34609,0,1,1,-34.084488,151.126536,68,0,2,0,3,0,0,0,0,0,7,50,0,2585,4009,8,5,40,1,0,1,0,0
1342504,1,2024,2024,4,6,5,265,17,24,193,0,1,1,-34.566613,148.105278,20,1,0,0,3,0,3,4,2,0,7,100,2,273,957,5,8,40,1,0,0,0,1
1342509,4,2024,2024,4,5,6,4,1,173,34609,0,1,1,-33.722716,151.110238,36,0,2,1,1,0,3,3,2,0,7,50,0,9859,9859,1,0,10,2,0,1,0,0
1342511,2,2024,2024,4,1,6,2126,17,65,2149,0,1,2,-33.539519,150.163384,40,2,1,0,0,0,3,4,2,0,7,80,2,2585,4009,8,0,40,1,0,0,1,0
1342515,2,2023,2023,2,5,5,171,31,31,34609,0,1,1,-33.875488,151.02787,21,0,2,1,0,0,0,0,2,0,7,50,0,9859,9859,1,9,0,2,0,0,1,0
1342516,2,2024,2024,4,0,7,2126,17,22,2149,0,1,1,-33.571537,150.208502,40,2,1,0,0,0,0,0,2,0,7,80,2,3775,3775,0,34,13,2,0,0,1,0
1342517,4,2023,2023,2,6,0,229,14,84,237,0,1,6,-33.764431,151.105366,61,0,2,0,0,0,3,4,0,0,7,100,2,1850,1463,5,5,40,1,0,1,0,0
1342518,4,2024,2024,4,4,6,16,36,7,3,0,1,1,-35.792187,148.307125,66,2,1,0,0,0,0,0,2,0,7,80,1,1850,1463,5,16,40,1,0,1,0,0
1342519,2,2024,2024,4,5,3,1052,14,160,928,0,1,6,-33.120517,151.465992,37,0,2,0,1,0,3,0,2,0,7,60,2,2585,4009,8,30,40,1,0,0,1,0
1342520,4,2024,2024,4,4,7,3371,17,21,3342,0,1,2,-28.597059,153.544973,10,1,0,1,0,0,0,0,2,0,7,100,2,14295,14295,3,5,0,2,0,2,0,0
1342524,4,2024,2024,4,0,2,361,32,62,96,0,1,9,-33.89408,151.149844,32,0,2,1,3,0,0,0,0,2,7,60,2,5929,5929,1,0,5,2,0,1,0,0
1342532,1,2024,2024,4,1,8,149,27,294,198,0,1,9,-33.929141,150.931228,41,0,2,0,2,0,0,0,2,2,7,60,2,368,368,9,29,28,2,0,0,0,1
1342533,2,2023,2023,2,3,3,168,10,387,260,0,1,2,-33.945293,151.184556,4,0,2,1,0,0,0,0,2,0,7,70,2,1282,1282,1,8,5,2,0,0,1,0
1342535,2,2024,2024,4,1,10,3,10,29,34609,0,1,9,-35.135192,147.336038,75,2,1,0,1,0,0,0,2,0,0,50,0,1669,1669,3,5,0,2,0,0,1,0
1342539,2,2024,2024,4,1,2,2209,17,77,2205,0,1,2,-33.92209,151.16384,32,0,2,1,2,0,3,4,0,0,14,60,2,9859,9859,8,30,40,2,0,0,1,0
1342540,4,2024,2024,4,1,7,4,27,7,34609,0,1,1,-35.586628,147.926065,66,1,0,0,0,0,0,0,2,0,7,100,0,2585,4009,8,5,40,1,0,1,0,0
1342542,4,2024,2024,4,3,8,481,17,562,483,0,1,1,-32.320649,148.520812,22,1,0,1,0,0,0,0,2,0,7,110,2,9859,9859,8,8,40,1,0,1,1,0
1342547,2,2024,2024,4,5,5,7,27,29,147,0,1,7,-28.823661,153.604228,2,2,1,1,0,0,0,0,2,0,0,60,1,1945,1945,5,16,40,1,0,0,1,0
1342549,4,2024,2024,4,1,6,515,14,243,518,0,1,3,-33.949904,150.884486,41,0,2,1,3,0,0,0,2,0,7,100,2,1945,1945,5,21,40,1,0,1,0,0
1342551,1,2024,2024,3,4,9,330,27,121,102,1,0,9,-33.785635,151.281042,50,0,2,1,3,0,0,0,4,2,9,50,2,1282,1282,1,22,0,2,0,0,0,1
1342552,1,2024,2024,4,0,8,2209,17,64,2205,0,1,2,-34.379756,150.900443,80,0,2,1,3,0,0,0,2,0,7,80,2,14295,14295,3,5,0,2,0,0,0,1
1342554,4,2024,2024,4,4,3,2261,17,93,2252,0,1,2,-36.077139,146.926926,0,1,0,1,1,0,0,0,2,0,7,110,2,3775,3775,0,0,19,2,0,1,0,0
1342564,2,2024,2024,4,5,7,15,27,247,38,0,1,10,-33.81762,150.933852,21,0,2,1,1,0,0,0,2,2,7,60,2,1981,1981,4,0,19,2,0,0,1,0
1342565,1,2023,2023,10,4,6,11,1,337,30,0,1,10,-33.730035,151.008712,71,0,2,1,3,0,3,3,2,2,7,60,2,1669,1669,3,5,5,2,0,0,0,1
1342566,1,2024,2024,4,1,8,3371,17,463,3342,0,1,2,-30.297695,153.112747,19,2,1,0,3,0,0,0,2,0,7,60,2,14295,14295,3,10,0,2,0,0,0,1
1342570,1,2024,2024,4,3,6,56,27,130,80,0,1,10,-33.872452,151.193716,69,0,2,1,3,0,0,0,2,3,0,40,2,14295,14295,3,5,5,2,0,0,0,1
1342574,2,2023,2023,1,6,3,157,17,9,158,0,1,1,-33.878494,146.720532,51,1,0,1,3,0,0,1,2,0,7,100,2,14295,14295,3,10,13,2,0,0,1,0
1342577,1,2023,2023,2,0,8,149,10,346,702,0,1,2,-33.87626,151.067551,67,0,2,1,3,0,0,0,2,0,7,80,2,14295,14295,3,10,13,3,0,0,0,1
1342586,1,2024,2024,4,5,11,147,27,104,605,0,1,0,-33.829574,151.217433,49,0,2,1,3,0,0,0,0,0,7,60,2,186,186,1,0,5,2,0,0,0,1
1342587,1,2024,2024,4,2,3,205,27,45,415,0,1,10,-33.700717,151.212541,50,0,2,1,3,0,0,0,2,2,7,80,2,14295,14295,3,5,5,2,0,0,0,1
1342593,4,2023,2023,2,4,8,866,31,204,34609,0,1,10,-33.900264,150.940877,24,0,2,1,3,0,0,0,2,0,15,50,0,6545,6545,4,0,0,2,0,1,0,1
1342594,2,2024,2024,4,6,4,42,36,53,34609,0,1,1,-30.666141,152.981863,47,2,1,1,3,0,3,3,2,0,7,60,0,623,623,3,10,12,2,0,0,1,0
1342602,4,2024,2024,4,2,3,3,27,57,41,0,1,9,-33.678284,151.115821,31,0,2,1,3,0,0,0,2,0,14,60,2,14295,14295,3,22,27,2,0,1,0,0
1342604,2,2024,2024,4,4,8,2261,17,187,2252,0,1,9,-33.888713,150.969588,24,0,2,0,3,0,0,0,2,2,7,70,2,623,623,3,10,5,2,0,0,1,0
1342605,2,2023,2023,11,3,3,478,17,45,480,0,1,9,-33.343606,151.493894,16,2,2,1,0,0,0,0,2,0,7,50,2,9859,9859,1,21,5,2,0,0,1,0
1342606,1,2024,2024,4,6,3,2261,17,92,2252,0,1,3,-34.001614,150.839918,13,0,2,1,3,0,0,0,1,0,7,110,2,1282,1282,1,3,5,2,0,0,0,1
1342610,1,2024,2024,4,5,6,48,10,59,58,0,1,9,-32.884125,151.724372,48,0,2,1,3,0,0,0,2,2,7,80,2,14295,14295,3,10,13,2,0,0,0,1
1342613,4,2024,2024,4,1,7,344,27,62,382,0,1,10,-33.72394,150.844546,7,0,2,1,3,0,0,3,2,2,7,80,2,4026,4026,8,0,40,1,0,1,0,0
1342618,1,2024,2024,4,2,8,125,27,55,123,0,1,7,-33.367744,151.466597,16,2,2,1,3,0,0,0,2,0,0,60,2,14295,14295,3,5,5,2,0,0,0,1
1342619,4,2024,2024,4,1,9,92,27,48,34609,0,1,1,-32.712313,152.16013,57,2,1,1,3,0,0,0,2,0,7,50,0,214,214,9,0,28,2,0,1,0,0
1342620,2,2024,2024,4,5,4,2261,17,23,2252,0,1,3,-34.058175,150.791921,13,0,2,1,3,0,0,0,2,0,7,110,2,1383,1383,1,0,35,2,0,0,1,0
1342623,4,2024,2024,4,5,9,123,31,26,61,0,1,1,-34.576679,145.993356,51,2,1,0,3,0,3,3,3,0,7,80,2,2585,4009,8,10,40,1,0,1,0,0
1342624,1,2024,2024,4,6,4,125,27,57,123,0,1,2,-33.330004,151.429233,16,2,2,0,3,0,0,3,2,0,7,70,2,14295,14295,3,5,0,2,0,0,0,3
1342625,1,2024,2024,4,3,7,45,1,52,34609,0,1,1,-33.97129,150.919351,41,0,2,1,3,0,0,0,2,0,0,60,0,14295,14295,3,21,5,2,0,0,0,1
1342626,2,2024,2024,4,1,8,1104,14,323,962,0,1,3,-33.802169,150.885222,7,0,2,1,3,0,0,0,2,0,7,100,2,14295,14295,3,9,0,5,0,0,1,0
1342630,1,2024,2024,4,0,8,95,31,370,34609,0,1,1,-34.06951,150.811728,13,0,2,1,3,0,0,0,2,0,7,10,0,14295,14295,3,0,5,2,0,0,0,1
1342631,2,2023,2023,2,6,7,37,27,173,115,0,1,1,-33.715612,151.134526,36,0,2,1,1,0,0,0,2,0,7,60,1,14295,14295,3,0,12,2,0,0,1,0
1342632,1,2024,2024,4,6,4,84,27,61,415,0,1,9,-33.769244,151.136257,36,0,2,1,3,0,0,0,2,2,7,70,2,5929,5929,1,30,5,2,0,0,0,1
1342635,1,2024,2024,4,5,4,280,10,237,240,0,1,9,-33.862796,150.953462,24,0,2,1,3,0,3,4,2,0,0,60,2,5929,5929,1,5,0,2,0,0,0,1
1342636,2,2024,2024,4,6,5,145,31,80,61,0,1,9,-33.816535,151.160939,38,0,2,0,3,0,0,0,2,0,15,50,1,395,395,1,5,0,2,0,0,1,0
1342637,1,2024,2024,4,2,1,829,27,165,770,0,1,10,-33.856232,151.159364,14,0,2,1,3,0,3,4,0,2,7,60,2,14295,14295,3,5,5,2,0,0,0,1
1342640,1,2024,2024,4,1,9,59,27,252,41,0,1,10,-33.938474,150.868113,41,0,2,1,3,0,0,0,2,2,7,60,1,2852,2852,4,5,5,2,0,0,0,1
1342641,4,2024,2024,4,0,7,171,1,387,104,0,1,10,-33.934364,151.195951,4,0,2,1,3,0,0,0,2,0,7,60,2,6545,6545,4,9,19,2,0,1,0,0
1342642,2,2024,2024,4,5,5,17,31,149,21,0,1,10,-33.864091,151.176669,32,0,2,1,3,0,0,0,2,0,15,40,1,1945,1945,5,15,40,1,0,0,1,0
1342644,1,2023,2023,10,4,7,2126,17,60,2149,0,1,10,-33.762106,150.734976,55,0,2,1,3,0,0,6,2,2,7,60,2,14295,14295,3,19,36,2,0,0,0,1
1342645,1,2023,2023,2,5,6,13,1,247,34609,0,1,1,-33.829953,150.957869,21,0,2,1,3,0,0,0,2,0,7,50,0,941,941,1,5,0,2,0,0,0,1
1342646,1,2024,2024,4,1,8,2209,17,95,2205,0,1,2,-34.403634,150.892801,80,0,2,1,3,0,0,0,2,0,7,90,2,14295,14295,3,0,0,2,0,0,0,1
1342648,2,2024,2024,4,5,6,1104,14,142,962,0,1,3,-33.827825,150.999588,54,0,2,1,3,0,0,0,2,0,7,90,2,1391,1391,1,5,5,2,0,0,1,1
1342650,1,2024,2024,4,5,7,2261,17,346,2252,0,1,10,-33.887569,151.091467,9,0,2,0,3,0,0,0,2,2,7,60,2,14295,14295,3,5,0,2,0,0,0,1
1342652,1,2024,2024,4,4,2,2126,17,226,2149,0,1,10,-33.779236,150.814523,7,0,2,1,3,0,0,0,1,2,7,80,2,14295,14295,3,5,5,3,0,0,0,1
1342655,1,2023,2023,2,0,6,232,36,60,331,0,1,9,-34.038811,150.741279,12,0,2,1,3,0,0,0,2,0,0,60,2,5929,5929,1,0,0,2,0,0,0,1
1342656,4,2024,2024,4,4,6,9,27,11,34609,0,1,1,-28.323775,153.409702,72,1,0,1,3,0,0,0,2,0,7,100,0,3775,3775,0,0,0,2,0,1,0,0
1342660,2,2024,2024,4,0,7,81,31,133,80,0,1,1,-33.933548,151.011737,15,0,2,1,3,0,0,0,2,0,7,60,1,5929,5929,1,0,19,2,0,0,1,0
1342662,1,2024,2024,4,5,8,106,27,46,106,1,0,2,-33.92664,150.859358,41,0,2,1,3,0,0,0,2,0,7,70,2,14295,14295,3,0,5,2,0,0,0,1
1342666,2,2024,2024,4,3,11,92,27,129,244,1,0,9,-33.895301,151.108576,15,0,2,1,3,0,0,0,0,2,7,60,2,14295,14295,3,5,0,2,0,0,1,0
1342668,4,2024,2024,4,6,8,866,17,77,793,0,1,9,-33.730142,151.082369,31,0,2,1,1,0,0,0,2,0,7,70,2,3775,3775,0,30,13,3,0,1,2,0
1342671,2,2024,2024,4,5,4,44,31,253,34609,0,1,9,-33.96144,151.09832,25,0,2,1,3,0,0,0,2,0,15,50,0,2852,2852,4,5,5,4,0,0,1,0
1342674,2,2024,2024,4,1,7,232,36,64,331,0,1,9,-34.038538,150.74219,12,0,2,1,3,0,3,4,2,0,0,60,2,6545,6545,4,10,5,2,0,0,2,0
1342675,2,2024,2024,4,1,5,38,27,189,165,0,1,7,-33.941664,151.060815,15,0,2,1,3,0,0,0,2,0,0,50,1,14295,14295,3,5,0,2,0,0,1,0
1342676,2,2024,2024,4,1,10,3371,17,18,3342,0,1,2,-30.814697,152.873931,47,1,0,1,3,0,0,3,0,0,7,100,2,4026,4026,8,0,40,1,0,0,1,0
1342677,4,2024,2024,4,1,4,4,1,127,34609,0,1,1,-33.824145,150.824054,24,0,2,1,1,0,0,0,2,0,7,50,0,1669,1669,3,8,5,2,0,1,0,0
1342679,2,2024,2024,4,4,8,18,31,201,34609,0,1,7,-34.876632,150.602535,63,2,1,1,3,0,0,3,2,0,0,50,0,6545,6545,4,5,25,2,0,0,1,0
1342680,4,2024,2024,4,1,7,1,27,4,34609,0,1,1,-35.246529,148.420341,66,1,0,0,3,2,0,0,2,0,7,100,0,782,957,5,8,40,1,0,1,0,0
1342681,2,2024,2024,4,6,5,916,17,61,917,0,1,10,-29.739443,151.73779,51,2,1,1,3,0,0,0,2,0,0,60,2,5929,5929,1,5,5,2,0,0,1,0
1342685,1,2024,2024,4,5,8,866,17,171,793,0,1,2,-33.807601,150.969191,21,0,2,1,3,0,0,0,2,0,7,70,2,14295,14295,3,10,0,2,0,0,0,1
1342689,1,2024,2024,4,6,8,177,22,239,176,0,1,9,-34.036823,151.117091,68,0,2,1,3,0,0,0,2,0,0,60,2,29,29,6,0,0,2,0,0,0,1
1342691,2,2024,2024,4,4,7,232,36,64,331,0,1,2,-34.03677,150.745789,12,0,2,0,2,0,0,0,2,0,7,80,2,14295,14295,3,5,13,2,0,0,1,0
1342693,1,2024,2024,4,6,11,500,27,646,799,0,1,1,-33.934209,151.031776,15,0,2,1,3,0,3,4,0,0,7,60,2,14295,14295,3,5,13,3,0,0,0,1
1342694,1,2024,2024,4,2,11,37,27,58,34609,0,1,9,-33.257282,151.397463,16,2,2,1,3,0,0,0,0,0,7,80,0,9859,9859,8,0,40,1,0,0,0,2
1342696,2,2024,2024,4,2,7,92,27,11,29,0,1,1,-33.890772,151.100982,9,0,2,1,3,0,0,0,2,0,7,50,1,5929,5929,1,0,5,2,0,0,1,0
1342698,2,2024,2024,4,5,4,6,27,63,34609,0,1,1,-33.25151,151.476796,16,2,2,1,3,0,0,0,2,0,7,50,0,9859,9859,1,30,5,2,0,0,1,0
1342704,2,2024,2024,4,6,5,1,27,18,34609,0,1,9,-28.411872,153.562914,72,2,1,1,3,0,0,0,2,0,0,80,0,9859,9859,8,5,40,1,0,0,1,0
1342705,2,2024,2024,4,4,3,97,27,271,799,0,1,2,-33.933011,151.002611,15,0,2,1,3,0,0,0,2,0,7,70,2,14295,14295,3,21,0,2,0,0,1,0
1342706,1,2024,2024,4,4,8,87,31,532,34609,0,1,1,-33.861939,151.212543,69,0,2,1,3,0,0,0,2,0,7,40,0,14295,14295,3,9,36,2,0,0,0,1
1342713,1,2024,2024,4,5,6,42,36,5,34609,0,1,1,-36.473323,148.5924,65,1,0,1,3,0,0,0,2,0,7,100,0,3775,3775,0,0,0,2,0,0,0,1
1342718,4,2024,2024,4,5,7,36,27,9,72,0,1,1,-28.712644,153.456348,10,2,1,0,0,0,3,4,2,0,7,80,2,3775,3775,0,9,13,2,0,1,0,0
1342720,4,2024,2024,4,5,8,296,27,187,293,0,1,2,-33.878032,150.97995,24,0,2,1,0,0,2,6,2,0,7,70,2,1220,1220,9,30,28,2,0,1,0,0
1342726,4,2024,2024,4,3,10,3,27,3,34609,0,1,1,-28.726749,153.198565,39,1,0,1,0,0,3,4,0,0,7,100,0,9859,9859,8,10,40,1,0,1,0,0
1342727,2,2023,2023,2,4,8,866,17,278,793,0,1,1,-33.783776,151.044454,54,0,2,0,1,0,0,0,2,0,7,60,2,4552,5151,8,10,40,2,0,0,1,0
1342735,2,2024,2024,4,1,4,1,27,2,34609,0,1,1,-36.717821,149.823309,5,2,1,0,0,2,0,0,2,0,7,50,0,1850,1463,5,16,40,1,0,0,1,0
1342738,2,2023,2023,2,2,5,14,27,51,34609,0,1,9,-33.266978,151.481917,16,2,2,1,1,0,0,0,2,0,7,50,0,1109,787,1,5,5,3,0,0,2,0
1342740,4,2023,2023,2,1,3,78,31,124,34609,0,1,1,-33.814926,151.038088,54,0,2,1,1,0,0,0,1,0,7,50,0,5929,5929,1,0,19,4,0,1,0,0
1342741,4,2024,2024,4,2,9,50,36,4,7,0,1,1,-36.16636,148.066587,66,1,0,0,0,0,3,4,2,0,7,100,1,4552,5151,8,9,40,1,0,1,0,0
1342743,2,2023,2023,1,6,9,1104,14,609,962,0,1,3,-33.804505,150.909341,7,0,2,1,2,0,0,0,0,0,7,100,2,14295,14295,3,10,41,4,0,0,1,1
1342744,2,2024,2024,4,3,9,6,31,149,34609,0,1,1,-34.001864,151.133233,4,0,2,1,1,0,0,0,2,0,7,50,0,9859,9859,1,5,5,4,0,0,1,0
1342745,4,2024,2024,4,4,5,78,27,10,228,0,1,1,-33.05186,151.133512,17,2,1,0,0,0,0,0,2,0,7,80,1,4552,5151,8,16,40,1,0,1,0,0
1342746,4,2023,2022,2,1,9,334,17,15,308,1,0,7,-31.699966,147.836442,51,2,1,1,1,0,0,0,2,0,9,50,2,2040,2040,9,10,28,2,0,1,0,0
1342747,4,2023,2023,2,1,6,2,27,56,34609,0,1,9,-32.993688,151.445583,37,0,2,0,0,2,0,0,2,0,7,100,0,404,404,8,16,40,1,0,1,0,0
1342749,1,2024,2024,4,2,5,30,27,4,39,0,1,1,-35.628862,149.52472,58,1,0,1,1,2,0,0,2,0,7,100,1,3775,3775,0,16,5,2,0,0,0,1