Crash ID,Degree of crash - detailed,Reporting year,Year of crash,Month of crash,Day of week of crash,Two-hour intervals,Street of crash,Street type,Town,Route no.,School zone location,School zone active,Type of location,Latitude,Longitude,LGA,Urbanisation,Conurbation 1,Alignment,Street lighting,Road surface,Surface condition,Weather,Natural lighting,Signals operation,Other traffic control,Speed limit,Road classification,RUM - code,DCA - code,First impact type,Key TU type,Other TU type,No. of traffic units involved,No. killed,No. seriously injured,No. moderately injured,No. minor-other injured
1342752,1,2023,2023,2,3,7,79,27,145,159,0,1,9,-33.936233,151.111917,15,0,2,1,1,0,0,0,2,2,7,60,2,1282,1282,1,33,27,2,0,0,0,1
1342754,2,2024,2024,4,1,6,108,31,176,34609,1,0,9,-33.961127,151.133223,25,0,2,1,1,0,0,0,2,0,7,50,0,1220,1220,9,5,28,2,0,0,1,0
1342757,2,2024,2024,4,3,8,829,27,309,770,1,0,9,-33.821082,151.119627,61,0,2,1,1,0,0,0,2,2,7,60,2,2040,2040,9,5,28,2,0,0,1,0
1342760,4,2024,2024,4,6,5,478,17,69,480,0,1,10,-33.353561,151.488957,16,2,2,1,1,0,0,0,2,0,15,50,2,340,340,9,5,28,2,0,1,0,0
1342761,4,2024,2024,4,3,8,27,31,107,34609,0,1,10,-29.686734,152.930266,18,2,1,1,0,0,0,0,2,0,0,50,0,6545,6545,4,5,5,2,0,2,0,0
1342766,2,2024,2024,4,2,4,3,27,2,34609,0,1,1,-35.335886,150.183233,63,1,0,0,0,2,3,0,2,0,7,100,0,2585,4009,8,5,40,1,0,0,1,0
1342768,4,2024,2024,4,0,2,2126,17,55,2149,0,1,10,-33.79815,150.896996,7,0,2,1,2,0,0,0,1,2,7,80,2,5929,5929,1,5,5,2,0,1,1,0
1342775,2,2024,2024,4,5,11,1,1,10,34609,0,1,1,-35.69997,150.233194,23,2,1,0,2,0,0,0,0,0,7,50,0,4552,5151,8,5,40,1,0,0,1,1
1342777,4,2024,2024,4,0,5,5,27,58,34609,0,1,1,-32.986121,151.672509,37,0,2,1,1,0,0,0,2,0,7,60,0,1981,1981,4,5,19,2,0,1,0,0
1342781,4,2024,2024,4,5,6,2,31,225,34609,0,1,1,-33.797606,151.190665,77,0,2,1,1,0,0,0,2,0,7,50,0,2585,777,8,5,40,1,0,1,0,0
1342782,2,2023,2023,9,2,8,1104,14,460,962,0,1,3,-33.825367,150.990639,54,0,2,1,0,0,0,0,2,0,7,90,2,14295,14295,3,10,5,4,0,0,1,1
1342787,1,2024,2024,4,4,11,135,17,131,136,1,0,10,-36.075187,146.925289,0,2,1,1,2,0,3,4,0,2,7,60,2,6545,6545,4,10,0,2,0,0,0,1
1342788,4,2024,2024,4,1,5,48,10,463,52,0,1,2,-30.304226,153.122899,19,2,1,0,1,0,3,4,2,0,7,60,1,4552,5151,8,5,40,1,0,1,0,0
1342796,4,2024,2024,4,6,8,204,31,112,14,0,1,1,-33.903834,151.205972,69,0,2,1,0,0,0,3,2,0,7,50,1,2040,2040,9,0,28,2,0,1,0,0
1342797,4,2023,2023,5,1,1,59,27,5,69,0,1,1,-33.793213,149.801469,51,1,0,1,0,0,0,0,0,0,7,100,1,1089,1089,7,10,40,1,0,1,0,0
1342800,4,2023,2023,2,3,7,2261,17,33,2252,0,1,3,-34.028779,150.82384,13,0,2,1,0,0,0,0,2,0,7,110,2,1945,1945,5,16,40,1,0,1,0,0
1342801,2,2024,2024,4,2,3,1,10,25,34609,0,1,9,-35.365284,150.398843,63,2,1,0,0,0,0,0,2,0,7,80,0,2852,2852,4,0,27,2,0,0,1,0
1342803,4,2023,2023,2,0,7,829,27,157,770,0,1,2,-33.80842,151.018367,54,0,2,1,0,0,0,0,2,0,7,60,2,1282,1282,1,5,5,2,0,1,0,0
1342804,2,2023,2023,2,0,11,1052,14,160,928,0,1,3,-33.114581,151.463041,37,0,2,1,0,0,0,0,0,0,7,110,2,14295,14295,3,30,0,2,0,0,1,0
1342807,4,2024,2024,4,6,8,103,27,1,98,0,1,1,-33.118027,150.697091,29,1,2,0,0,0,3,4,2,0,7,100,2,4552,5151,8,5,40,1,0,1,0,0
1342808,4,2024,2024,4,5,5,1,27,4,34609,0,1,1,-35.558485,149.52941,58,1,0,1,0,2,0,0,2,0,7,100,0,9859,9859,8,16,40,1,0,1,0,0
1342811,2,2023,2023,10,6,6,80,31,66,172,0,1,2,-32.9315,151.638733,37,0,2,1,1,0,0,0,2,0,7,50,2,14295,14295,3,5,13,2,0,0,1,0
1342813,4,2023,2023,9,0,9,108,31,77,34609,0,1,1,-33.866223,150.94586,24,0,2,1,1,0,0,0,2,0,7,50,0,9859,9859,1,30,5,3,0,1,1,0
1342816,2,2024,2024,4,6,8,251,27,29,212,0,1,9,-33.756182,151.276133,50,0,2,1,1,0,0,3,2,0,7,60,2,2852,2852,4,0,0,2,0,0,1,0
1342817,4,2024,2024,4,2,5,15,31,346,38,0,1,1,-33.874978,151.095764,9,0,2,1,0,0,3,3,2,0,7,50,1,1945,1945,5,15,40,1,0,1,0,0
1342822,2,2023,2023,9,2,11,6,10,29,34609,1,0,1,-33.470837,151.431415,16,2,2,1,0,0,0,0,0,0,7,50,0,312,312,2,0,40,1,0,0,1,0
1342823,4,2024,2024,4,4,3,35,10,20,148,0,1,9,-34.214429,151.006446,80,0,2,1,0,0,0,0,2,0,7,60,2,1669,1669,3,16,12,2,0,1,0,0
1342825,4,2024,2024,4,1,1,133,17,5,121,0,1,1,-36.79166,149.281618,65,1,0,0,0,0,0,0,0,0,7,100,2,4552,5151,8,5,40,1,0,1,0,0
1342827,2,2024,2024,4,1,3,2,31,102,34609,0,1,10,-33.946564,151.206863,4,0,2,1,0,0,0,0,2,0,0,50,0,6545,6545,4,16,0,2,0,0,1,0
1342829,2,2023,2023,9,0,5,4,27,70,34609,0,1,1,-34.781418,149.961627,26,2,1,0,0,0,2,6,2,0,7,80,0,4552,5151,8,16,40,1,0,0,1,0
1342830,2,2023,2023,2,6,6,74,23,49,260,0,1,9,-33.974142,151.150787,4,0,2,1,0,0,0,0,2,3,7,60,2,4026,4026,8,15,40,1,0,0,1,0
1342831,2,2024,2024,4,4,10,2126,17,140,2149,0,1,2,-33.788774,150.853723,7,0,2,1,2,0,0,0,0,0,7,80,2,1383,1383,1,0,19,2,0,0,1,0
1342832,1,2024,2024,4,5,8,481,17,25,483,0,1,1,-31.71544,148.669331,51,2,1,0,0,0,0,0,2,0,7,60,2,2585,4009,8,30,40,1,0,0,0,1
1342833,4,2023,2023,9,4,3,115,27,8,114,0,1,1,-33.84686,151.284086,81,0,2,0,1,0,3,4,2,0,7,50,1,1850,1463,5,22,40,1,0,1,0,0
1342834,2,2023,2023,2,6,7,4,18,293,34609,0,1,10,-33.925698,151.053531,15,0,2,1,0,0,0,0,2,0,15,60,0,591,591,1,17,5,2,0,0,1,0
1342841,2,2024,2024,4,3,10,63,27,103,34,0,1,9,-32.942751,151.659654,37,0,2,1,2,0,0,0,3,0,7,60,1,926,926,4,5,5,2,0,0,1,0
1342843,2,2023,2023,9,0,9,168,10,387,260,0,1,2,-33.947975,151.166515,4,0,2,1,0,0,0,0,3,0,7,70,2,14295,14295,3,16,0,2,0,0,1,0
1342846,2,2023,2023,2,0,7,348,17,31,232,0,1,9,-31.102915,148.399583,51,1,0,1,0,0,0,0,2,0,7,110,2,14295,14295,3,10,34,2,0,0,1,0
1342847,4,2024,2024,4,1,4,193,1,463,34609,0,1,1,-30.297333,153.113354,19,2,1,1,2,0,0,0,2,0,7,40,0,14295,14295,3,5,13,2,0,1,0,0
1342848,1,2024,2024,4,5,4,30,31,283,34609,0,1,7,-33.841402,151.010615,21,0,2,1,1,0,3,4,2,0,0,50,0,926,926,4,16,5,2,0,0,0,1
1342852,2,2023,2023,9,4,4,38,27,165,21,0,1,9,-32.291771,150.869419,46,2,1,0,1,0,0,0,2,0,0,80,2,2852,2852,4,10,0,2,0,0,1,0
1342858,4,2024,2024,4,3,6,54,27,646,30,0,1,10,-33.91474,151.036874,15,0,2,1,1,0,0,0,2,2,7,60,1,5929,5929,1,5,0,2,0,1,1,0
1342861,4,2023,2023,2,5,5,3371,17,108,3342,0,1,9,-33.81212,151.175551,77,0,2,0,1,0,0,0,2,2,7,60,2,1669,1669,3,8,5,2,0,1,0,0
1342865,2,2024,2024,4,0,8,10,31,87,34609,0,1,2,-28.810087,153.277697,39,2,1,1,0,0,0,3,2,0,7,50,0,9859,9859,8,30,40,1,0,0,1,0
1342874,2,2023,2023,10,6,9,1,31,232,34609,0,1,9,-33.686297,150.90681,7,0,2,1,1,0,0,0,2,0,0,60,0,2852,2852,4,0,0,2,0,0,1,0
1342875,2,2024,2024,4,6,4,12,31,215,34609,0,1,1,-35.118264,147.344926,75,2,1,1,1,0,0,0,2,0,7,60,0,1981,1981,4,0,40,2,0,0,1,0
1342876,4,2024,2024,4,6,8,95,31,463,32,0,1,1,-30.280898,153.132619,19,2,1,0,1,0,0,0,2,0,0,60,1,1981,1981,4,5,19,2,0,1,0,0
1342879,2,2023,2023,2,2,4,485,27,67,769,0,1,2,-33.662174,150.892868,71,0,2,0,1,0,0,0,2,0,7,80,2,1192,1192,1,5,13,2,0,0,1,0
1342883,2,2023,2023,5,0,10,213,17,10,213,0,1,1,-29.626684,152.148761,51,1,0,1,0,0,0,0,0,0,7,100,2,475,475,5,5,40,1,0,0,1,0
1342885,2,2024,2024,4,0,5,14,31,182,34609,0,1,7,-32.835271,151.355268,17,2,1,1,1,0,0,0,2,0,0,10,0,6545,6545,4,5,0,2,0,0,1,1
1342886,4,2023,2023,10,1,4,18,10,73,18,0,1,7,-33.777686,151.150569,36,0,2,1,1,0,0,0,2,0,0,60,1,6545,6545,4,0,19,2,0,1,0,0
1342889,4,2023,2023,9,0,8,12,27,137,34609,0,1,1,-32.964993,151.70471,37,0,2,1,0,0,3,4,2,0,7,60,0,3775,3775,0,0,13,2,0,1,0,0
1342891,1,2024,2024,4,4,0,27,27,119,96,0,1,1,-33.871076,151.160977,32,0,2,1,2,0,0,0,0,0,7,50,2,9859,9859,1,5,0,3,0,0,0,2
1342892,4,2023,2023,2,6,10,15,27,115,34609,0,1,9,-34.023872,151.077954,68,0,2,1,2,0,0,0,0,0,7,50,0,489,489,8,5,40,1,0,1,0,0
1342894,1,2024,2024,4,0,5,177,31,314,208,0,1,7,-33.860453,150.9279,24,0,2,0,1,0,3,3,2,0,0,60,1,2852,2852,4,5,5,2,0,0,0,1
1342898,4,2023,2023,10,5,7,1052,14,83,928,0,1,3,-33.506505,151.189271,16,1,2,0,0,0,0,0,2,0,7,100,2,14295,14295,3,5,0,5,0,1,0,1
1342901,2,2024,2024,4,0,11,73,24,115,88,0,1,1,-33.761442,151.232382,50,0,2,0,1,0,3,4,0,0,7,80,2,121,121,9,0,28,2,0,0,1,0
1342906,1,2024,2024,4,2,11,18,36,30,34,0,1,1,-34.200019,150.574124,79,2,2,1,0,0,0,0,0,0,7,60,1,9859,9859,1,0,0,2,0,0,0,1
1342907,2,2024,2024,4,5,6,204,31,53,82,1,0,9,-35.136204,147.352299,75,2,1,1,0,0,0,0,2,0,0,60,1,775,775,4,5,5,2,0,0,1,0
1342909,2,2024,2024,4,5,3,153,27,197,147,0,1,9,-33.957874,151.070911,25,0,2,1,0,0,0,0,2,0,7,60,2,6545,6545,4,30,19,2,0,0,1,0
1342910,2,2024,2024,4,1,1,16,27,17,34609,0,1,1,-32.941292,151.575048,37,0,2,0,0,0,0,0,0,0,7,80,0,3775,3775,0,0,36,2,0,0,1,1
1342912,1,2023,2023,1,1,8,2261,17,243,2252,0,1,9,-33.94924,150.90591,41,0,2,1,1,0,0,0,3,0,0,70,2,5929,5929,1,30,5,2,0,0,0,1
1342913,2,2024,2024,4,2,7,2,27,2,34609,0,1,1,-32.662524,151.43338,42,2,1,1,1,0,0,0,2,0,7,80,0,945,945,5,16,40,1,0,0,1,0
1342915,2,2023,2023,2,0,5,79,10,18,231,0,1,1,-33.464209,151.317438,16,2,2,0,2,0,0,0,2,0,7,60,2,14295,14295,3,10,13,3,0,0,2,0
1342919,2,2024,2024,4,6,11,296,27,92,293,0,1,10,-33.870486,150.985466,24,0,2,1,2,0,0,0,0,2,7,70,2,5929,5929,1,5,5,3,0,0,1,0
1342920,2,2023,2023,9,2,7,45,3,27,331,0,1,2,-34.042285,150.745495,12,0,2,0,0,0,3,4,2,0,7,100,2,1957,4009,8,5,40,1,0,0,1,0
1342926,2,2024,2024,4,1,4,58,27,81,34609,0,1,9,-33.885017,151.255316,81,0,2,1,1,0,0,3,2,0,0,50,0,1669,1669,3,16,25,2,0,0,1,0
1342928,4,2024,2024,4,2,6,330,27,49,605,0,1,2,-33.712912,151.297189,50,0,2,1,1,0,0,0,2,0,7,60,2,1945,1945,5,16,40,1,0,1,0,0
1342929,4,2023,2023,9,4,7,23,27,136,101,0,1,9,-32.926069,151.71825,48,0,2,1,1,0,0,0,2,2,7,60,2,1945,1945,5,16,40,1,0,1,0,0
1342936,4,2023,2023,6,0,10,1104,14,104,962,0,1,3,-33.786869,150.78556,55,0,2,1,0,0,0,0,0,0,7,40,2,190,190,1,0,10,2,0,1,1,0
1342941,4,2023,2023,9,5,5,9,27,6,34609,0,1,1,-28.290807,153.400206,72,2,1,0,3,0,0,3,2,0,7,80,0,2585,4009,8,10,40,1,0,1,0,0
1342944,1,2023,2023,2,3,11,12,31,309,34609,0,1,1,-33.804943,151.118137,61,0,2,1,3,0,0,0,0,0,7,50,0,9859,9859,1,5,0,3,0,0,0,1
1342949,2,2024,2024,4,2,6,2126,17,147,2149,0,1,9,-33.870693,151.116933,14,0,2,1,3,0,0,0,2,0,7,60,2,9859,9859,8,10,40,1,0,0,1,0
1342953,4,2024,2024,4,3,9,2126,17,136,2149,0,1,9,-33.85845,151.069509,67,0,2,1,3,0,3,0,2,2,7,60,2,5929,5929,1,0,5,2,0,1,1,0
1342955,1,2023,2023,9,0,9,475,31,174,41,0,1,10,-33.893242,151.207298,69,0,2,1,3,0,3,0,3,2,7,50,1,2040,2040,9,5,28,2,0,0,0,1
1342956,1,2024,2024,4,3,7,9,27,74,12,0,1,9,-34.646747,148.031386,20,2,1,0,3,0,0,0,2,0,0,50,1,4552,5151,8,29,40,1,0,0,0,1
1342957,2,2024,2024,4,0,3,109,27,20,62,0,1,10,-32.764538,151.527796,42,2,1,1,1,0,0,0,2,2,7,60,2,5929,5929,1,5,10,2,0,0,1,0
1342959,4,2024,2024,4,1,8,20,31,174,321,0,1,9,-33.893815,151.198741,69,0,2,1,3,0,0,0,2,0,7,50,2,395,395,1,5,12,2,0,1,0,0
1342960,1,2024,2024,4,4,6,3371,17,100,3342,0,1,10,-33.805458,151.179265,77,0,2,1,3,0,0,0,2,2,7,50,2,5929,5929,1,0,13,2,0,0,0,1
1342964,2,2024,2024,4,1,6,361,23,176,165,0,1,9,-33.967308,151.129276,25,0,2,1,3,0,0,0,2,0,0,50,1,14295,14295,3,5,0,2,0,0,1,0
1342965,1,2024,2024,3,0,5,230,27,173,284,0,1,2,-33.782846,151.115278,61,0,2,1,3,0,0,6,2,0,7,70,2,1383,1383,1,5,5,2,0,0,0,1
1342970,2,2024,2024,3,0,8,11,31,120,81,0,1,2,-32.179476,152.510217,43,2,1,0,3,0,0,0,2,0,7,50,2,14295,14295,3,10,19,2,0,0,1,0
1342971,2,2024,2024,3,5,3,27,1,155,34609,0,1,1,-33.506624,151.324033,16,2,2,1,3,0,3,4,2,0,7,50,0,4026,4026,1,0,0,3,0,0,1,0
1342977,1,2024,2024,3,3,5,126,1,226,144,0,1,2,-33.774079,150.815432,7,0,2,1,3,0,3,0,2,0,7,60,2,14295,14295,3,0,5,2,0,0,0,1
1342982,1,2023,2023,9,2,1,829,27,9,770,0,1,10,-33.84004,151.136362,51,0,2,1,3,0,0,0,0,2,7,70,2,5929,5929,1,5,5,2,0,0,0,1
1342990,1,2024,2024,3,4,7,196,10,45,168,0,1,1,-33.89618,150.972453,15,0,2,1,3,0,0,0,2,0,7,70,2,14295,14295,3,5,5,3,0,0,0,1
1342991,1,2024,2024,4,1,5,2126,17,363,2149,0,1,10,-33.750718,150.68776,55,0,2,1,3,0,0,0,2,2,7,60,2,14295,14295,3,10,5,2,0,0,0,1
1342996,2,2024,2024,4,0,7,30,27,33,41,0,1,10,-33.98486,151.141045,4,0,2,1,3,0,0,0,2,0,15,60,1,6545,6545,4,0,5,2,0,0,1,0
1343000,2,2024,2024,3,3,4,4,27,7,34609,0,1,9,-34.613012,150.53521,78,2,1,0,3,0,0,0,2,0,15,60,0,1850,985,5,16,40,1,0,0,1,0
1343004,1,2024,2024,4,5,8,2,31,363,34609,0,1,9,-33.817426,151.000866,54,0,2,1,3,0,0,0,2,2,0,40,0,775,775,4,0,5,2,0,0,0,2
1343005,2,2024,2024,4,6,8,158,27,173,207,0,1,10,-33.876879,151.228411,69,0,2,1,3,0,0,0,2,2,7,60,2,14295,14295,3,5,5,2,0,0,1,0
1343012,1,2024,2024,4,4,3,19,27,29,117,0,1,9,-32.874632,151.702447,48,0,2,1,3,0,0,0,4,0,0,60,2,5929,5929,1,34,5,2,0,0,0,1
1343013,1,2024,2024,4,6,5,866,17,278,793,0,1,10,-33.7823,151.049886,54,0,2,0,3,0,0,0,2,0,0,60,2,5929,5929,1,9,5,2,0,0,0,1
1343017,1,2023,2023,9,5,8,42,10,39,9,0,1,7,-32.899541,151.590815,37,0,2,1,3,0,0,0,3,0,0,80,1,14295,14295,3,5,13,2,0,0,0,1
1343019,1,2024,2024,4,6,10,6,25,175,34609,1,0,10,-33.772524,151.082426,54,0,2,0,3,0,0,0,0,2,5,50,0,217,217,1,5,5,2,0,0,0,1
1343023,2,2024,2024,3,5,5,2209,17,22,2205,0,1,1,-36.082141,150.047726,23,1,0,1,3,0,0,0,2,0,7,100,2,14295,14295,3,0,0,2,0,0,1,0
1343029,1,2024,2024,3,0,9,23,27,523,23,0,1,1,-33.919282,150.908914,41,0,2,1,3,0,0,0,3,0,7,60,1,14295,14295,3,0,36,3,0,0,0,1
1343031,1,2024,2024,3,4,8,11,27,9,34609,0,1,1,-28.427198,153.398027,72,1,0,0,3,0,3,4,3,0,7,100,0,1957,4009,8,0,40,1,0,0,0,1
1343033,1,2024,2024,4,4,9,192,31,150,120,1,0,10,-33.925652,151.23933,59,0,2,1,3,0,0,6,2,2,7,50,2,5929,5929,1,10,27,2,0,0,0,1
1343035,2,2024,2024,3,5,8,3371,17,149,3342,0,1,7,-33.344443,151.368144,16,2,2,0,3,0,3,4,2,0,0,60,2,1259,985,8,10,40,1,0,0,1,0
1343040,1,2024,2024,3,6,3,3,31,15,34609,0,1,10,-33.900107,150.84744,41,0,2,1,3,0,0,0,2,0,0,50,0,6545,6545,4,30,0,2,0,0,0,1
1343042,4,2024,2024,4,1,10,108,31,147,34609,0,1,1,-33.737826,151.145207,36,0,2,1,3,0,0,0,3,0,7,50,0,9859,9859,1,5,5,2,0,1,0,0
1343044,1,2024,2024,4,4,8,8,10,154,34609,0,1,7,-33.710409,150.937971,71,0,2,1,3,0,0,0,2,0,0,60,0,14295,14295,3,10,0,2,0,0,0,1
1343050,1,2024,2024,3,0,5,83,27,13,34609,0,1,1,-28.674997,153.554316,10,2,1,0,3,0,3,4,2,0,7,80,0,418,714,5,30,40,1,0,0,0,1
1343051,1,2024,2024,4,4,5,866,17,278,793,0,1,9,-33.783208,151.045275,54,0,2,0,3,0,0,0,2,2,7,60,2,14295,14295,3,8,0,2,0,0,0,1
1343052,4,2024,2024,3,1,7,30,27,55,93,0,1,9,-33.746549,150.908893,7,0,2,1,3,0,0,0,2,0,0,60,1,1391,1391,1,5,12,2,0,1,0,0
1343053,2,2024,2024,3,3,7,2209,17,115,2205,0,1,10,-33.912557,151.179311,32,0,2,1,3,0,0,0,2,2,7,60,2,1383,1383,1,5,5,2,0,0,1,0
1343057,1,2024,2024,4,2,9,127,27,48,103,0,1,9,-32.917121,151.749556,48,0,2,1,3,0,0,0,2,2,7,60,1,1669,1669,3,5,5,2,0,0,0,3
1343058,4,2024,2024,4,0,10,5,1,109,34609,0,1,10,-33.957563,150.872524,41,0,2,1,3,0,0,0,0,0,7,50,0,6545,6545,4,5,0,2,0,1,0,1
1343059,1,2024,2024,4,1,8,98,27,609,136,0,1,10,-33.779719,150.92036,7,0,2,1,3,0,0,0,2,2,7,60,2,14295,14295,3,5,5,2,0,0,0,1
1343060,2,2024,2024,4,5,8,1104,14,460,962,0,1,3,-33.824602,150.988978,54,0,2,1,3,0,0,0,2,0,7,90,2,14295,14295,3,0,0,3,0,0,1,0
1343064,1,2024,2024,4,1,10,38,27,337,35,0,1,9,-33.717243,150.975028,71,0,2,1,2,0,0,0,0,0,15,60,1,1945,1945,5,16,40,1,0,0,0,1
1343066,2,2024,2024,4,1,8,77,31,445,563,0,1,10,-33.872158,151.042277,21,0,2,1,3,0,0,3,2,2,7,70,2,2852,2852,4,5,5,2,0,0,1,1
1343071,1,2023,2023,2,5,8,45,27,110,45,0,1,9,-33.743496,151.047112,31,0,2,1,3,0,0,0,2,2,7,60,2,14295,14295,3,10,5,2,0,0,0,1
1343072,1,2024,2024,4,1,7,280,10,237,240,0,1,9,-33.876336,150.965527,24,0,2,1,3,0,3,4,2,0,7,60,2,14295,14295,3,0,5,3,0,0,0,1
1343073,2,2024,2024,4,2,8,109,27,204,105,0,1,1,-33.895861,150.933091,24,0,2,1,3,0,0,0,2,0,7,60,2,14295,14295,3,0,12,2,0,0,1,0
1343082,1,2024,2024,3,1,7,150,27,197,415,0,1,9,-33.787668,151.125604,61,0,2,1,0,0,0,0,2,2,7,70,2,14295,14295,3,30,12,2,0,0,0,1
1343083,4,2024,2024,3,5,4,14,31,131,34609,0,1,7,-36.076764,146.918969,0,2,1,1,3,0,0,0,2,0,0,50,0,6545,6545,4,0,5,2,0,2,0,0
1343092,1,2024,2024,3,2,9,106,27,46,106,0,1,2,-33.924991,150.849229,41,0,2,0,3,0,0,0,2,0,7,70,2,1981,1981,4,16,0,2,0,0,0,1
1343093,2,2024,2024,4,0,9,50,27,57,799,0,1,10,-33.899492,151.170935,32,0,2,0,3,0,0,0,2,2,7,60,2,1192,1192,1,0,5,2,0,0,1,0
1343095,1,2024,2024,4,6,8,1104,14,438,962,0,1,3,-33.841773,151.041992,21,0,2,1,1,0,0,0,2,0,7,90,2,14295,14295,3,0,0,3,0,0,0,1
1343100,2,2023,2023,11,1,6,205,27,161,415,1,0,10,-33.719112,151.172542,36,0,2,1,1,0,0,0,2,1,7,60,2,5929,5929,1,5,13,2,0,0,1,1
1343102,4,2023,2023,1,5,8,3,31,73,34609,0,1,1,-33.730182,150.703921,55,0,2,1,0,0,0,0,2,0,7,50,0,1981,1981,4,21,19,2,0,1,0,0
1343103,4,2023,2023,1,4,6,133,10,5,121,0,1,9,-31.635314,152.756627,56,2,1,1,1,0,0,0,2,0,0,70,1,2852,2852,4,0,19,2,0,1,0,0
1343104,2,2023,2023,11,1,3,158,27,138,207,0,1,9,-33.870063,151.269173,81,0,2,1,1,0,0,0,2,2,7,50,2,5929,5929,1,10,27,2,0,0,1,0
1343105,4,2023,2023,10,6,4,916,17,102,917,0,1,1,-31.112653,150.923391,70,2,1,1,1,0,0,0,2,0,7,60,2,14295,14295,3,16,13,2,0,1,0,0
1343106,2,2023,2023,11,4,8,3,31,123,34609,0,1,1,-33.911029,151.216445,59,0,2,1,0,0,0,0,2,0,7,50,0,368,368,9,22,28,2,0,0,1,0
1343109,2,2023,2023,11,2,6,5,31,15,34609,0,1,1,-31.702636,147.838379,51,2,1,1,0,0,0,0,2,0,7,50,0,1109,787,1,5,13,2,0,0,3,1
1343110,1,2023,2023,1,1,3,11,27,150,34609,0,1,1,-33.922371,151.225504,59,0,2,1,0,0,0,0,2,0,7,50,0,1981,1981,4,5,5,2,0,0,0,1
1343112,4,2023,2023,11,4,3,481,17,29,483,0,1,1,-31.415939,149.198126,51,1,0,1,0,0,0,0,2,0,7,100,2,4026,4026,8,10,40,1,0,1,0,0
1343114,2,2023,2023,10,1,7,1,1,53,34609,0,1,9,-33.912049,150.84295,41,0,2,1,0,0,0,0,2,0,7,50,0,301,301,4,22,13,2,0,0,1,0
1343115,2,2023,2023,10,5,5,481,17,7,483,0,1,1,-29.884193,149.791857,51,2,1,0,0,0,0,0,2,0,7,80,2,4552,5151,8,8,40,1,0,0,1,0
1343117,4,2023,2023,11,4,9,14,27,4,17,0,1,1,-29.985103,150.420873,51,1,0,1,0,0,0,0,0,0,7,100,1,945,945,5,10,40,1,0,1,0,0
1343118,4,2023,2023,11,5,6,18,27,111,16,0,1,1,-33.920077,151.251648,59,0,2,1,0,0,0,0,2,0,7,50,1,3775,3775,0,5,12,2,0,1,0,0
1343119,2,2023,2023,10,3,5,15,27,278,24,0,1,10,-33.777039,151.045616,54,0,2,1,1,0,0,0,2,2,7,50,1,3775,3775,0,0,27,2,0,0,1,1
1343120,2,2023,2023,1,4,7,40,27,148,34609,0,1,1,-36.051645,146.958141,0,2,1,1,0,0,0,0,2,0,7,60,0,3775,3775,0,5,36,2,0,0,1,0
1343122,4,2023,2023,11,0,7,117,1,239,121,0,1,10,-34.042649,151.119371,68,0,2,1,1,0,0,0,2,2,7,60,1,5929,5929,1,10,5,2,0,1,0,0
1343125,4,2023,2023,10,0,5,8,27,7,34609,0,1,1,-32.881321,151.306296,17,2,1,0,0,0,3,4,2,0,7,80,0,3775,3775,0,10,5,2,0,1,1,0
1343127,2,2023,2023,11,6,7,2,31,139,34609,1,2,9,-33.830614,151.206633,49,0,2,1,1,0,0,0,2,0,7,40,0,6545,6545,4,5,19,2,0,0,1,0
1343128,4,2023,2023,10,0,7,23,27,194,8,0,1,10,-30.517986,151.647058,1,2,1,1,1,0,0,0,2,0,0,50,1,1850,777,5,16,40,1,0,1,0,0
1343129,2,2023,2023,9,4,9,36,31,37,34609,0,1,1,-29.455028,153.203668,18,2,1,1,1,0,0,0,3,0,7,50,0,175,188,8,5,40,1,0,0,1,0
1343133,2,2023,2023,10,0,8,13,31,80,69,1,0,5,-33.941206,151.214519,4,0,2,1,1,0,0,0,2,0,0,50,1,19,19,1,10,27,2,0,0,1,0
1343134,4,2023,2023,10,3,4,39,31,523,14,0,1,10,-33.922224,150.921322,41,0,2,1,1,0,0,0,2,2,7,50,2,5929,5929,1,0,18,2,0,1,0,0
1343135,4,2023,2023,10,0,8,1,18,1,34609,0,1,1,-35.486951,146.773469,51,1,0,1,0,2,0,0,2,0,7,100,0,945,945,5,5,40,1,0,1,0,0
1343136,4,2023,2023,9,5,7,2209,17,13,2205,0,1,1,-36.616561,149.849912,5,1,0,0,0,0,0,3,2,0,7,100,2,1957,4009,8,0,40,1,0,1,0,0
1343137,4,2023,2023,10,3,8,2261,17,96,2252,0,1,3,-34.216203,150.682384,79,1,2,1,0,0,0,0,3,0,7,110,2,204,204,1,21,5,2,0,1,0,0
1343141,4,2023,2023,9,6,9,2,27,37,34609,0,1,1,-30.920192,151.524104,51,1,0,0,0,0,0,0,2,0,7,100,0,273,957,5,10,40,1,0,2,0,1
1343143,4,2023,2023,9,5,3,3371,17,24,3342,0,1,3,-29.674415,153.130792,18,1,0,1,0,0,3,4,2,0,7,110,2,4026,4026,8,5,40,1,0,1,0,0
1343147,4,2023,2023,9,3,0,29,27,17,34609,0,1,1,-28.240779,153.508258,72,2,1,0,0,0,0,0,0,0,7,60,0,1957,4009,8,9,40,1,0,1,0,0
1343148,2,2023,2023,9,0,9,2126,17,23,2149,0,1,9,-33.818853,150.991686,21,0,2,1,2,0,0,0,3,2,7,60,2,2852,2852,4,0,22,2,0,0,2,0
1343150,2,2023,2023,9,2,0,103,36,6,157,0,1,1,-28.942981,153.007008,60,1,0,1,0,0,0,0,0,0,7,100,2,1089,1089,7,30,40,1,0,0,1,0