Crash ID,Degree of crash - detailed,Reporting year,Year of crash,Month of crash,Day of week of crash,Two-hour intervals,Street of crash,Street type,Town,Route no.,School zone location,School zone active,Type of location,Latitude,Longitude,LGA,Urbanisation,Conurbation 1,Alignment,Street lighting,Road surface,Surface condition,Weather,Natural lighting,Signals operation,Other traffic control,Speed limit,Road classification,RUM - code,DCA - code,First impact type,Key TU type,Other TU type,No. of traffic units involved,No. killed,No. seriously injured,No. moderately injured,No. minor-other injured
1343151,4,2023,2023,9,3,1,125,31,25,34609,0,1,1,-32.840716,151.370508,17,2,1,1,2,0,0,0,0,0,7,50,0,4026,4026,8,16,40,1,0,1,0,0
1343152,4,2023,2023,9,0,11,1,27,8,34609,0,1,1,-30.430445,151.998981,1,1,0,0,1,2,3,0,0,0,7,100,0,1850,1463,5,10,40,1,0,1,0,0
1343153,2,2023,2023,9,5,6,115,27,96,173,0,1,2,-34.284244,150.716504,79,1,2,0,1,0,3,4,2,0,7,100,2,1957,4009,8,5,40,1,0,0,1,0
1343155,2,2023,2023,9,6,5,68,31,73,331,0,1,10,-34.16935,150.611367,79,2,2,1,1,0,0,0,2,0,15,50,1,926,926,4,5,19,2,0,0,1,0
1343157,2,2023,2023,9,3,1,5,27,22,34609,0,1,1,-35.238841,149.867941,26,1,0,0,0,2,0,0,0,0,7,100,0,4552,5151,8,10,40,1,0,0,2,1
1343158,4,2023,2023,9,6,11,1,27,98,260,0,1,2,-33.015783,151.588624,37,0,2,1,2,0,3,3,0,0,7,60,2,9859,9859,1,5,13,4,0,1,0,0
1343161,4,2023,2023,9,3,9,20,2,55,34609,0,1,0,-33.890801,151.283821,76,0,2,1,0,0,0,0,2,0,7,40,0,2040,2040,9,5,28,2,0,1,0,0
1343162,4,2023,2023,2,5,4,27,27,87,34609,0,1,1,-33.924625,150.96846,41,0,2,0,0,0,0,0,2,0,7,50,0,1850,1463,5,16,40,1,0,1,0,0
1343163,1,2023,2023,2,2,9,67,31,166,18,0,1,1,-33.897101,151.179636,69,0,2,1,1,0,0,0,2,0,7,40,2,387,387,1,16,0,3,0,0,0,1
1343168,4,2023,2023,10,5,8,361,23,84,35,0,1,9,-33.88238,150.947521,24,0,2,1,1,0,3,4,2,0,7,60,1,5929,5929,1,10,13,2,0,1,0,1
1343169,4,2023,2023,2,6,9,3371,17,17,3342,0,1,9,-28.867269,153.495303,2,1,0,0,0,0,0,0,2,0,0,110,2,782,957,5,16,40,1,0,1,0,0
1343170,4,2023,2023,2,1,4,14,27,6,34609,0,1,1,-33.449244,149.021193,11,2,1,1,0,0,0,0,2,0,7,80,0,945,945,5,29,40,1,0,1,0,0
1343171,2,2023,2023,2,4,9,1052,14,17,928,0,1,3,-32.931492,151.549834,37,0,2,0,1,0,0,0,3,0,7,110,2,14295,14295,3,5,0,2,0,0,2,0
1343172,4,2023,2023,2,4,6,25,31,131,34609,0,1,9,-36.070791,146.918872,0,2,1,0,0,0,3,4,2,0,7,50,0,3775,3775,0,5,0,2,0,1,0,0
1343175,4,2023,2023,9,5,4,255,27,62,172,0,1,7,-32.923324,151.609888,37,0,2,0,1,0,0,3,2,0,0,60,2,2852,2852,4,22,0,2,0,1,0,0
1343181,4,2023,2023,10,3,5,512,31,92,34609,0,1,9,-33.879697,150.971636,24,0,2,1,1,2,0,0,2,0,0,50,0,6545,6545,4,5,25,2,0,1,1,0
1343182,4,2023,2023,2,0,5,14,27,25,34609,0,1,1,-34.479098,150.869431,80,0,2,1,1,0,0,0,2,0,7,50,0,1945,1945,5,16,40,1,0,1,0,0
1343187,1,2023,2023,2,2,5,3,27,2,34609,0,1,1,-33.617816,151.33526,50,0,2,0,1,0,0,0,2,0,7,40,0,4552,5151,1,5,0,2,0,0,0,1
1343190,4,2023,2023,2,4,8,6,31,532,34609,0,1,9,-33.867735,151.205155,69,0,2,1,1,0,0,3,3,2,9,40,0,1220,1220,9,5,28,2,0,1,0,0
1343194,4,2023,2023,9,3,6,19,31,224,34609,0,1,1,-33.829169,151.247475,45,0,2,0,1,0,0,0,2,0,7,50,0,323,323,1,15,0,2,0,1,0,0
1343195,2,2023,2023,2,0,3,1,18,36,34609,0,1,1,-33.595296,148.62719,51,1,0,1,0,2,0,0,2,0,7,100,0,1981,1981,4,5,5,2,0,0,1,0
1343196,2,2023,2023,9,4,10,92,27,129,244,0,1,10,-33.894707,151.110993,9,0,2,1,0,0,3,4,0,2,7,60,2,14295,14295,3,5,0,2,0,0,1,0
1343199,2,2024,2024,4,1,5,5,31,39,34609,1,0,10,-35.315261,148.228823,66,2,1,1,1,0,3,4,2,0,0,50,0,6545,6545,4,5,13,2,0,0,2,0
1343202,2,2024,2024,4,6,7,52,27,106,53,0,1,10,-33.928467,151.098213,15,0,2,1,1,0,0,0,2,0,0,50,1,14295,14295,3,0,27,2,0,0,1,0
1343203,2,2023,2023,2,5,9,109,27,204,105,0,1,1,-33.897949,150.925233,24,0,2,1,1,0,0,0,2,0,7,60,2,3775,3775,0,5,25,2,0,0,1,0
1343204,2,2023,2023,2,5,7,2261,17,68,2252,0,1,2,-34.79681,148.871889,82,1,0,1,0,0,0,0,2,0,7,110,2,1945,1945,5,10,40,1,0,0,1,0
1343217,4,2024,2024,4,2,7,512,17,28,441,0,1,1,-33.033218,148.868163,11,1,0,0,0,0,0,0,2,0,7,100,2,1957,4009,8,10,40,1,0,2,1,0
1343221,4,2024,2024,4,5,3,28,3,64,117,0,1,2,-32.949416,151.684385,37,0,2,1,0,0,0,0,2,0,7,90,2,14295,14295,3,5,0,2,0,1,0,0
1343222,4,2024,2024,4,5,7,23,27,39,34609,0,1,7,-33.757045,150.923772,7,0,2,1,0,0,0,0,2,0,0,50,0,6545,6545,4,16,0,2,0,1,0,0
1343223,2,2024,2024,4,4,7,2,31,84,34609,0,1,10,-31.107502,150.894849,70,2,1,1,1,0,3,4,2,0,15,50,0,6545,6545,4,16,0,2,0,0,1,0
1343224,4,2024,2024,4,1,8,149,36,40,113,0,1,1,-32.01116,152.472253,43,2,1,0,0,0,0,3,3,0,7,80,1,1981,1981,4,5,13,2,0,1,0,0
1343225,4,2024,2024,4,2,9,4,10,74,34609,0,1,1,-33.721594,151.044408,31,0,2,0,1,0,0,0,2,0,9,50,0,1259,5151,8,16,40,1,0,1,0,0
1343226,4,2024,2024,4,5,5,2,27,2,34609,0,1,1,-33.00815,151.222891,17,1,0,1,0,0,0,0,2,0,7,100,0,1945,1945,5,16,40,1,0,1,0,0
1343230,2,2024,2024,4,2,8,34,31,433,34609,0,1,2,-33.276896,149.10569,52,2,1,1,1,0,0,0,2,0,13,50,0,9859,9859,8,0,40,1,0,0,1,0
1343231,2,2023,2023,2,3,4,5,10,11,34609,0,1,1,-33.489391,151.431299,16,2,2,0,0,0,0,0,2,0,7,50,0,3775,3775,0,5,0,2,0,0,1,0
1343232,4,2024,2024,4,3,9,3371,17,463,3342,0,1,2,-30.293446,153.116623,19,2,1,1,1,0,0,0,2,0,7,60,2,9859,9859,8,0,40,1,0,1,0,0
1343233,2,2023,2023,2,0,7,16,27,143,19,0,1,7,-33.698419,151.107105,31,0,2,1,1,0,0,0,2,0,0,60,1,14295,14295,3,22,25,2,0,0,1,0
1343237,2,2024,2024,4,3,6,8,27,13,34609,0,1,1,-33.51761,149.930433,40,1,0,1,0,0,0,0,2,0,7,100,0,945,945,5,16,40,1,0,0,1,0
1343241,4,2024,2024,4,3,6,40,27,609,24,1,0,1,-33.772634,150.897652,7,0,2,1,0,0,0,0,2,0,9,50,1,4026,4026,8,9,40,1,0,1,0,0
1343249,2,2024,2024,4,3,6,1104,11,130,770,0,1,2,-33.869547,151.187424,69,0,2,1,0,0,0,0,2,0,7,60,2,1192,1192,1,5,0,3,0,0,1,0
1343253,2,2024,2024,4,2,7,10,31,53,118,0,1,2,-31.087332,150.929967,70,2,1,1,1,0,0,0,2,0,7,50,2,14295,14295,3,5,5,4,0,0,1,1
1343255,2,2024,2024,4,2,10,1,18,2,34609,0,1,1,-35.398677,146.555469,51,1,0,1,0,2,0,0,0,0,7,100,0,945,945,5,10,40,1,0,0,1,0
1343257,4,2024,2024,4,5,9,109,36,21,108,0,1,1,-28.275863,153.494146,72,1,0,1,0,0,3,4,2,0,7,100,1,1192,1192,1,21,27,2,0,1,0,0
1343260,2,2024,2024,4,1,7,5,1,25,34609,0,1,1,-32.896011,151.68625,48,0,2,1,1,0,0,0,2,0,7,50,0,4026,4026,1,5,0,2,0,0,1,0
1343262,2,2024,2024,4,5,6,3,18,32,34609,0,1,1,-32.412708,149.515465,44,2,1,1,0,2,0,0,2,0,7,60,0,9859,9859,8,5,40,1,0,0,1,0
1343285,4,2023,2023,2,1,8,100,27,140,100,0,1,2,-33.790705,150.854623,7,0,2,1,0,0,0,0,2,0,7,70,2,1282,1282,1,5,13,3,0,1,0,0
1343288,2,2024,2024,4,6,9,112,17,207,112,0,1,7,-31.958561,141.442767,51,2,1,1,1,0,0,0,2,0,0,50,2,6545,6545,4,10,19,2,0,0,1,0
1343289,2,2024,2024,3,3,3,3371,17,58,3342,0,1,9,-32.791425,151.724769,57,2,1,1,1,0,0,0,2,2,7,80,2,9859,9859,8,5,40,1,0,0,1,0
1343290,4,2024,2024,4,1,3,14,31,165,34609,0,1,10,-32.263889,150.904404,46,2,1,1,0,0,0,0,2,0,0,50,0,6545,6545,4,0,5,2,0,1,1,0
1343293,2,2024,2024,3,6,8,11,31,106,34609,0,1,9,-28.860037,153.063569,60,2,1,1,1,0,0,0,2,0,7,50,0,1220,1220,9,21,28,2,0,0,1,0
1343295,2,2023,2023,10,1,4,79,10,18,231,0,1,1,-33.466435,151.318828,16,2,2,1,0,0,0,0,2,0,7,60,2,1981,1981,4,5,27,2,0,0,1,0
1343296,2,2024,2024,4,1,7,3371,17,43,3342,0,1,10,-33.213716,151.512191,16,2,2,1,1,0,0,0,2,2,7,70,2,1669,1669,3,5,5,2,0,0,1,0
1343299,4,2024,2024,3,2,5,103,27,34,98,0,1,1,-32.813885,150.872881,64,1,0,0,0,0,0,0,2,0,7,100,2,1850,1463,5,16,40,1,0,1,0,0
1343300,2,2024,2024,4,2,4,2209,17,49,2205,0,1,2,-33.931168,151.154689,4,0,2,1,1,0,3,3,2,0,7,60,2,14295,14295,3,0,36,2,0,0,1,0
1343303,2,2023,2023,2,1,5,334,31,179,70,0,1,2,-31.903821,152.476807,43,2,1,1,1,0,0,0,2,0,7,60,1,186,186,9,0,28,2,0,0,1,0
1343306,2,2024,2024,4,6,8,20,27,3,20,0,1,9,-35.101817,150.67647,63,2,1,1,0,0,3,4,2,0,0,80,1,6545,6545,4,5,5,2,0,0,2,0
1343310,2,2024,2024,3,4,3,348,27,23,15,0,1,9,-33.669493,150.67667,55,0,2,0,1,0,3,3,2,0,0,80,1,1669,1669,3,8,13,3,0,0,1,1
1343311,4,2023,2023,2,3,7,1,27,112,34609,0,1,9,-33.689571,151.002799,71,0,2,0,0,0,0,0,2,0,7,60,0,340,340,9,5,28,2,0,1,0,0
1343312,2,2024,2024,4,4,5,26,10,9,26,0,1,1,-36.859056,149.915294,5,2,1,1,0,0,3,4,2,0,7,80,1,96,96,0,10,0,3,0,0,1,0
1343313,4,2024,2024,3,4,3,1052,14,149,928,0,1,3,-33.347849,151.366064,16,1,2,1,1,0,0,0,2,0,7,110,2,1383,1383,1,5,35,2,0,1,0,0
1343314,2,2024,2024,3,0,6,1,25,562,34609,0,1,1,-32.221762,148.628474,22,2,1,1,0,0,2,6,2,0,7,50,0,1981,1981,4,8,13,2,0,0,1,0
1343319,4,2024,2024,4,5,8,2261,17,284,2252,0,1,9,-33.907217,151.022451,15,0,2,0,1,0,0,0,2,0,0,60,2,1282,1282,1,0,19,3,0,1,0,1
1343321,2,2024,2024,4,6,6,127,27,135,103,0,1,1,-32.895344,151.733969,48,0,2,1,1,0,0,0,2,0,7,60,1,387,387,1,22,0,2,0,0,1,0
1343322,2,2024,2024,4,2,4,7,10,19,34609,0,1,2,-34.093986,150.785894,13,0,2,1,1,0,3,4,2,0,7,60,0,14295,14295,3,5,5,3,0,0,2,0
1343326,4,2023,2023,9,0,5,308,14,252,311,0,1,3,-33.931947,150.8677,41,0,2,0,0,0,0,0,2,0,7,100,2,14295,14295,3,29,12,3,0,1,0,0
1343327,2,2023,2023,10,6,5,84,1,80,139,0,1,2,-34.555554,146.410191,51,2,1,1,1,0,0,0,2,0,7,50,2,941,941,1,30,36,2,0,0,2,0
1343330,2,2024,2024,3,2,2,34,31,79,8,1,0,1,-33.82698,151.20961,49,0,2,1,2,0,0,0,1,0,7,50,1,1383,1383,1,0,27,2,0,0,1,0
1343334,4,2023,2023,2,5,11,101,10,42,33,0,1,1,-34.019004,151.203489,68,0,2,1,0,0,0,0,0,0,7,60,1,9859,9859,8,0,40,1,0,1,0,0
1343335,4,2023,2023,9,1,3,3371,17,58,3342,1,0,10,-33.760704,151.154822,36,0,2,1,2,0,0,0,2,2,0,60,2,5929,5929,1,0,19,2,0,1,0,0
1343343,4,2024,2024,4,6,4,57,31,38,169,0,1,10,-32.814737,151.46418,17,2,1,1,0,0,0,0,2,0,15,60,2,6545,6545,4,0,41,2,0,1,0,0
1343345,4,2024,2024,4,6,5,11,31,9,40,0,1,9,-33.831988,151.05648,54,0,2,1,1,0,0,0,2,2,7,60,1,5929,5929,1,10,27,2,0,1,0,0
1343346,4,2023,2023,2,6,4,42,36,35,34609,0,1,2,-30.479901,153.00479,6,2,1,1,1,0,0,0,2,0,7,80,0,1383,1383,1,22,5,2,0,1,1,0
1343347,2,2023,2023,10,5,4,2261,17,68,2252,0,1,2,-34.774795,148.735747,82,1,0,1,0,0,0,0,2,0,7,110,2,14295,14295,3,29,2,2,0,0,1,0
1343352,4,2024,2024,3,3,5,3,31,69,34609,0,1,1,-34.54836,150.865942,62,0,2,1,0,0,0,0,2,0,7,50,0,1945,1945,5,16,40,2,0,1,0,1
1343360,4,2024,2024,4,3,8,5,31,226,34609,0,1,1,-33.760372,150.823121,7,0,2,1,1,0,0,0,2,0,7,50,0,340,340,9,0,28,2,0,1,0,0
1343362,4,2023,2023,9,3,0,232,36,109,331,0,1,10,-33.950963,150.845586,41,0,2,1,2,0,3,4,0,2,7,70,2,6545,6545,4,10,5,2,0,1,1,0
1343367,2,2024,2024,4,4,10,36,27,39,83,0,1,1,-29.433703,153.340212,18,2,1,1,2,0,0,0,0,0,7,50,1,9859,9859,1,5,0,2,0,0,1,0
1343374,4,2023,2023,2,5,11,224,27,387,321,0,1,10,-33.934939,151.194019,4,0,2,1,2,0,3,3,0,2,7,60,2,5929,5929,1,30,5,2,0,1,0,0
1343377,4,2024,2024,4,5,7,6,27,5,34609,0,1,9,-32.295228,150.806134,46,2,1,0,0,0,0,0,2,0,0,60,0,1259,5151,8,5,40,1,0,1,0,1
1343378,1,2024,2024,4,4,7,2261,17,83,2252,0,1,3,-34.444554,150.398712,78,1,0,1,0,0,0,0,2,0,7,110,2,9859,9859,8,5,40,1,0,0,0,1
1343384,2,2024,2024,3,4,6,220,14,51,220,0,1,3,-34.184663,150.970917,80,0,2,1,1,0,0,0,2,0,7,110,2,1282,1282,1,8,0,2,0,0,1,1
1343385,2,2024,2024,4,3,5,7,1,463,34609,0,1,1,-30.287285,153.115977,19,2,1,1,0,0,0,0,2,0,7,50,0,1669,1669,3,0,5,3,0,0,1,0
1343388,2,2024,2024,4,0,6,3371,17,12,3342,0,1,2,-28.763945,153.534187,2,1,0,0,0,0,0,0,2,0,7,110,2,4552,5151,8,0,40,1,0,0,1,0
1343391,2,2024,2024,4,6,7,23,27,61,21,0,1,9,-33.743394,150.890849,7,0,2,1,1,0,0,3,2,0,15,60,1,1945,1945,5,16,40,1,0,0,1,0
1343395,2,2024,2024,4,6,6,334,10,83,34609,0,1,10,-34.454879,150.445715,78,2,1,1,0,0,0,3,2,0,0,50,0,6545,6545,4,5,36,2,0,0,1,1
1343397,1,2024,2024,4,1,5,178,27,189,101,0,1,1,-33.954747,151.051444,25,0,2,1,0,0,3,3,2,0,7,50,1,1981,1981,4,5,36,3,0,0,0,1
1343402,2,2023,2023,2,3,0,3371,10,316,34609,0,1,1,-31.453292,152.929588,56,2,1,1,2,0,0,0,0,0,7,50,0,9859,9859,8,10,40,1,0,0,2,0
1343404,1,2024,2024,3,1,4,12,31,41,34609,1,0,9,-33.821106,151.013911,54,0,2,1,1,0,0,0,2,0,7,50,0,368,368,9,10,28,3,0,0,0,1
1343405,1,2024,2024,4,2,9,191,27,20,208,0,1,9,-33.802038,151.100493,61,0,2,0,2,0,0,0,3,0,0,60,2,775,775,4,0,5,2,0,0,0,1
1343407,1,2023,2023,2,4,4,40,27,94,40,0,1,1,-33.884303,150.928702,24,0,2,1,1,0,0,0,2,0,7,50,1,238,238,9,33,28,2,0,0,0,1
1343409,4,2024,2024,4,0,4,2,2,8,34609,0,1,9,-35.072592,147.344804,75,2,1,1,0,0,0,0,2,0,7,70,0,2852,2852,4,5,5,2,0,1,2,0
1343412,2,2024,2024,3,6,11,2261,17,284,2252,1,0,9,-33.907754,151.025963,15,0,2,1,2,0,0,0,0,2,7,60,2,2040,2040,9,33,28,2,0,0,1,0
1343413,4,2024,2024,4,6,6,24,27,8,31,0,1,1,-28.722227,153.078062,51,1,0,0,0,0,0,0,2,0,7,100,1,380,714,5,10,40,1,0,1,0,0
1343414,2,2023,2023,11,0,6,194,31,48,34609,0,1,10,-33.92352,147.205235,51,2,1,0,1,0,0,0,2,0,9,40,0,1850,1463,5,16,40,1,0,0,1,0
1343415,2,2023,2023,9,0,8,38,1,49,34609,0,1,7,-34.046745,151.14176,68,0,2,1,0,0,3,6,2,0,0,50,0,2852,2852,4,22,5,2,0,0,1,0
1343417,2,2024,2024,4,5,6,361,27,164,34609,0,1,9,-33.732768,150.890409,7,0,2,1,1,0,0,0,2,0,7,50,0,6545,6545,4,5,5,2,0,0,2,0
1343424,1,2023,2023,2,2,7,11,27,29,34609,0,1,9,-33.748676,151.279571,50,0,2,1,1,0,0,0,2,0,7,50,0,9859,9859,1,5,5,2,0,0,0,1
1343425,2,2024,2024,4,5,4,22,27,7,34609,0,1,1,-32.593019,149.65481,44,1,0,0,0,0,0,0,2,0,7,100,0,782,957,5,0,40,1,0,0,1,0
1343426,1,2024,2024,4,4,9,35,36,58,43,0,1,10,-28.53777,153.548495,10,2,1,0,2,0,0,0,2,0,0,50,1,1259,985,8,10,40,1,0,0,0,1
1343427,1,2024,2024,4,2,10,6,31,172,34609,0,1,1,-32.74855,151.587771,42,2,1,1,2,0,0,0,0,0,7,50,0,9859,9859,1,0,13,2,0,0,0,1
1343429,2,2024,2024,4,5,5,3371,17,43,3342,0,1,1,-33.215457,151.509878,16,2,2,1,1,0,0,0,2,2,7,70,2,5929,5929,1,5,0,2,0,0,1,0
1343432,4,2023,2023,9,4,5,17,31,91,96,0,1,1,-32.967387,151.642184,37,0,2,0,0,0,3,4,2,0,7,60,2,4552,5151,8,5,40,1,0,1,0,0
1343435,2,2023,2023,1,0,8,98,31,100,159,0,1,9,-33.959727,151.153432,4,0,2,1,1,0,0,0,2,0,0,40,2,623,623,3,5,5,3,0,0,1,0
1343436,1,2024,2023,10,0,10,9,27,44,56,0,1,1,-33.014544,147.251025,51,1,0,0,1,0,0,6,0,0,7,100,1,1850,1463,5,29,40,1,0,0,0,1
1343437,4,2024,2024,4,0,3,15,1,225,69,0,1,10,-33.796357,151.167386,77,0,2,0,1,0,0,3,2,0,15,50,2,5929,5929,1,9,18,2,0,1,0,0
1343444,4,2024,2024,4,4,3,163,27,73,165,0,1,9,-33.750724,150.802024,7,0,2,1,1,0,0,0,2,2,7,60,1,1669,1669,3,5,0,2,0,1,0,0
1343450,4,2023,2023,9,1,5,916,17,20,917,0,1,1,-30.948899,151.107898,70,1,0,0,0,0,3,4,2,0,7,100,2,3775,3775,0,0,13,2,0,3,0,0
1343452,1,2024,2024,4,5,10,135,17,93,136,0,1,10,-36.076473,146.936459,0,2,1,1,1,0,0,0,3,0,0,60,2,6545,6545,4,30,0,3,0,0,0,1
1343457,2,2024,2024,4,6,3,255,31,22,70,0,1,1,-31.900406,152.519927,43,2,1,1,0,0,0,0,2,0,7,60,1,9859,9859,1,21,5,2,0,0,1,0
1343458,2,2024,2024,4,1,10,7,27,19,34609,0,1,1,-33.682558,150.889261,7,0,2,1,0,0,0,0,0,0,7,60,0,4026,4026,8,0,40,1,0,0,1,0
1343460,2,2024,2024,4,1,8,3371,31,69,480,0,1,10,-33.358323,151.484996,16,2,2,1,1,0,0,0,2,0,0,50,2,9859,9859,1,5,41,4,0,0,1,0
1343464,1,2024,2024,4,5,7,6,10,75,34609,0,1,1,-32.77726,151.632843,42,2,1,1,1,0,0,0,2,0,7,60,0,368,368,9,10,28,2,0,0,0,1
1343465,4,2023,2023,11,5,6,4,27,160,34609,0,1,10,-33.101359,151.504332,37,0,2,1,1,0,0,0,2,0,0,60,0,6545,6545,4,8,12,2,0,2,0,0
1343468,4,2024,2024,4,6,3,56,27,86,11,0,1,1,-33.761881,150.951406,7,0,2,1,0,0,0,0,2,0,7,60,2,1109,787,1,5,36,2,0,1,0,0
1343472,2,2024,2024,3,1,10,2,1,28,34609,0,1,9,-35.150748,147.355956,75,2,1,1,2,0,3,3,3,0,0,70,0,2852,2852,4,10,18,2,0,0,1,0
1343474,4,2023,2023,2,5,4,115,27,55,114,0,1,5,-33.885012,151.26794,76,0,2,1,1,0,0,0,2,2,9,50,2,2040,2040,9,0,28,2,0,1,0,0
1343475,4,2023,2023,2,2,8,73,1,36,34609,0,1,1,-33.758603,151.071458,31,0,2,1,0,0,0,0,2,0,7,50,0,9859,9859,1,0,5,2,0,1,0,0
1343477,4,2024,2024,4,6,8,2261,17,143,2252,0,1,2,-33.887164,151.098586,9,0,2,1,0,0,0,0,2,0,7,60,2,1220,1220,9,33,28,2,0,1,0,0
1343479,4,2024,2024,4,3,6,2126,17,84,2149,0,1,2,-33.817546,150.981513,21,0,2,0,1,0,0,0,2,0,7,60,2,4552,5151,8,10,40,1,0,1,0,1
1343481,1,2024,2024,4,6,7,11,1,80,59,0,1,10,-33.881663,151.205936,69,0,2,1,1,0,0,0,2,2,9,40,1,2040,2040,9,33,28,2,0,0,0,1
1343482,1,2024,2024,4,3,6,500,27,204,799,0,1,10,-33.904703,151.128568,32,0,2,1,0,0,0,0,2,2,7,60,2,6545,6545,4,5,5,2,0,0,0,1
1343485,2,2024,2024,4,5,4,30,27,57,799,0,1,10,-33.899537,151.171029,32,0,2,1,1,0,3,4,2,2,7,60,1,1220,1220,9,8,28,2,0,0,1,0
1343486,2,2024,2024,4,5,6,387,27,91,331,0,1,1,-33.963562,151.091024,25,0,2,1,1,0,0,0,2,0,7,60,2,1282,1282,1,33,18,2,0,0,1,0
1343489,4,2024,2024,3,4,6,220,27,104,222,0,1,10,-33.725355,150.939898,7,0,2,1,0,0,0,0,2,3,7,80,2,14295,14295,3,10,5,3,0,1,0,0
1343494,4,2024,2024,3,0,7,4,27,71,34609,0,1,9,-33.77457,150.694824,55,0,2,1,1,0,0,0,2,0,7,50,0,340,340,9,5,28,2,0,1,0,0
1343495,2,2024,2024,4,0,0,348,17,10,232,0,1,1,-32.6791,149.690768,44,1,0,0,0,0,0,0,0,0,7,100,2,4552,5151,8,5,40,1,0,0,1,0
1343497,1,2024,2024,4,3,8,123,36,7,90,0,1,1,-31.648554,151.797062,43,1,0,0,0,0,3,4,3,0,7,90,1,2585,4009,8,5,40,1,0,0,0,1
1343499,4,2024,2024,3,0,7,515,14,294,518,0,1,3,-33.940638,150.932516,41,0,2,1,1,0,0,0,2,0,7,100,2,1282,1282,1,9,0,2,0,1,0,1
1343513,2,2023,2023,2,5,4,7,31,53,34609,0,1,10,-31.867476,152.372111,43,2,1,1,3,0,0,0,2,0,0,50,0,926,926,4,34,0,2,0,0,1,0
1343516,4,2023,2023,10,3,9,13,7,22,34609,0,1,1,-33.796178,151.275523,50,0,2,1,1,0,0,0,3,0,7,50,0,9859,9859,1,0,5,3,0,1,0,0
1343517,4,2023,2023,9,4,6,35,10,20,148,0,1,1,-34.212436,151.008577,80,0,2,1,3,0,0,0,2,0,7,60,2,3775,3775,0,0,5,2,0,1,0,1
1343518,2,2024,2024,4,6,11,2261,17,44,2252,0,1,2,-33.896886,150.953547,24,0,2,1,3,0,0,0,0,0,7,70,2,1383,1383,1,5,5,3,0,0,1,0
1343521,2,2024,2024,3,0,4,45,27,168,40,0,1,9,-33.686032,150.849383,7,0,2,1,3,0,0,0,2,0,7,60,2,623,623,3,5,13,2,0,0,1,1
1343522,1,2024,2024,4,1,6,3371,17,18,3342,0,1,2,-28.788874,153.524767,2,1,0,0,3,0,3,4,2,0,7,110,2,1957,4009,1,3,13,2,0,0,0,1
1343523,2,2024,2024,3,0,6,220,14,40,220,0,1,3,-34.416048,150.879715,80,0,2,1,3,0,0,0,2,0,7,90,2,14295,14295,3,0,0,2,0,0,1,0
1343525,2,2024,2024,3,5,3,4,10,122,34609,0,1,1,-33.430263,151.343597,16,2,2,0,3,0,3,4,2,0,7,50,0,323,323,1,10,13,2,0,0,1,0
1343526,2,2024,2024,4,4,4,8,27,41,18,0,1,10,-33.899831,151.184909,69,0,2,1,0,0,0,0,2,0,7,40,2,5929,5929,1,5,27,2,0,0,1,0
1343528,4,2024,2024,4,0,8,41,27,102,91,0,1,1,-33.953065,151.241542,59,0,2,0,3,0,0,0,2,0,7,50,1,4552,5151,1,5,5,2,0,1,0,0
1343533,2,2024,2024,3,3,3,32,31,16,34609,0,1,1,-33.266184,151.490036,16,2,2,1,3,0,0,0,2,0,7,50,0,9859,9859,1,0,0,2,0,0,1,0
1343538,1,2024,2024,3,3,7,3371,17,12,3342,0,1,2,-33.046974,151.655555,37,0,2,1,3,0,0,0,2,0,7,60,2,1109,787,1,0,0,2,0,0,0,1
1343541,1,2024,2024,4,5,5,30,31,169,3,0,1,10,-33.600372,150.75439,29,2,2,1,3,0,0,0,2,0,0,60,1,150,150,4,0,0,2,0,0,0,1
1343546,1,2024,2024,3,2,8,196,10,166,799,0,1,10,-33.929521,150.980326,15,0,2,0,3,0,0,0,2,2,7,70,2,14295,14295,3,29,5,2,0,0,0,1
1343549,1,2024,2024,3,4,4,11,1,29,13,0,1,10,-33.751684,150.795048,7,0,2,0,3,0,0,0,2,0,0,50,1,6545,6545,4,5,0,2,0,0,0,1
1343550,1,2023,2023,10,1,4,308,14,164,311,0,1,3,-33.734041,150.879646,7,0,2,1,3,0,0,0,2,0,7,100,2,14295,14295,3,33,0,3,0,0,0,1
1343553,2,2024,2024,3,3,2,229,14,173,237,0,1,3,-33.771093,151.117185,61,0,2,0,2,0,0,0,0,0,7,100,2,1259,5151,8,10,40,1,0,0,1,0
1343555,1,2024,2024,3,2,8,3371,17,147,3342,0,1,9,-33.75079,151.147287,36,0,2,0,3,0,0,0,3,2,7,60,2,14295,14295,3,5,5,2,0,0,0,2
1343556,1,2024,2024,3,2,5,72,27,278,56,0,1,9,-33.787241,151.061188,54,0,2,1,3,0,0,0,2,2,6,60,2,1669,1669,3,0,5,2,0,0,0,1
1343562,1,2024,2024,4,6,3,23,14,532,22,0,1,3,-33.863782,151.213127,69,0,2,0,3,0,0,0,2,0,7,70,2,14295,14295,3,5,10,2,0,0,0,1
1343564,1,2024,2024,3,4,9,2,31,460,34609,0,1,9,-33.832885,150.984414,21,0,2,1,3,0,0,0,3,0,7,50,0,1282,1282,1,22,5,2,0,0,0,1
1343569,2,2024,2024,3,1,4,158,27,55,207,0,1,9,-33.859735,151.273267,81,0,2,1,3,0,0,0,2,0,7,50,2,1669,1669,3,5,5,2,0,0,1,0
1343570,2,2024,2024,3,6,1,344,27,26,163,0,1,2,-33.749103,150.882597,7,0,2,1,3,0,0,0,0,0,7,70,2,14295,14295,3,5,0,2,0,0,1,0