Crash ID,Degree of crash - detailed,Reporting year,Year of crash,Month of crash,Day of week of crash,Two-hour intervals,Street of crash,Street type,Town,Route no.,School zone location,School zone active,Type of location,Latitude,Longitude,LGA,Urbanisation,Conurbation 1,Alignment,Street lighting,Road surface,Surface condition,Weather,Natural lighting,Signals operation,Other traffic control,Speed limit,Road classification,RUM - code,DCA - code,First impact type,Key TU type,Other TU type,No. of traffic units involved,No. killed,No. seriously injured,No. moderately injured,No. minor-other injured
1343571,4,2024,2024,3,6,4,1,10,110,34609,0,1,9,-33.751932,151.045088,71,0,2,1,3,0,0,0,2,0,7,50,0,775,775,4,0,5,2,0,1,0,0
1343572,1,2024,2024,4,1,6,37,27,25,52,0,1,1,-33.877441,150.617785,79,2,2,1,3,0,0,0,2,0,7,60,1,14295,14295,3,34,13,2,0,0,0,1
1343573,1,2024,2024,3,6,7,515,14,166,518,0,1,3,-33.943834,150.987882,15,0,2,1,3,0,0,0,2,0,7,100,2,14295,14295,3,30,5,4,0,0,0,1
1343575,1,2024,2024,3,0,7,866,17,171,793,0,1,10,-33.811886,150.965355,21,0,2,1,3,0,0,0,2,2,7,70,2,14295,14295,3,5,0,2,0,0,0,1
1343579,2,2024,2024,3,6,8,251,27,64,212,0,1,2,-33.762265,151.207034,50,0,2,1,3,0,0,0,2,0,7,70,2,14295,14295,3,5,5,4,0,0,1,0
1343580,1,2024,2024,3,5,9,3371,17,33,3342,0,1,10,-33.656597,151.134227,31,0,2,1,3,0,0,0,2,2,7,80,2,6545,6545,4,5,36,2,0,0,0,1
1343582,2,2024,2024,3,3,6,171,1,387,104,0,1,2,-33.934956,151.201681,4,0,2,0,3,0,0,0,2,0,7,60,2,14295,14295,3,5,0,2,0,0,1,0
1343584,2,2024,2024,4,1,7,72,27,228,39,0,1,2,-34.742408,149.758735,26,2,1,0,3,0,0,0,2,0,7,80,2,1957,4009,8,0,40,1,0,0,1,0
1343585,1,2024,2024,3,5,8,2,27,3,34609,0,1,10,-34.992881,150.721719,63,2,1,1,1,0,0,0,2,0,15,50,0,323,323,1,5,5,2,0,0,0,1
1343588,1,2024,2024,3,4,4,3371,17,77,3342,0,1,9,-33.041786,151.657204,37,0,2,1,3,0,0,0,2,0,7,60,2,1109,397,1,10,0,2,0,0,0,1
1343597,1,2023,2023,10,6,7,55,27,151,160,0,1,1,-34.034893,150.845636,13,0,2,1,3,0,0,0,2,0,7,60,2,1383,1383,1,8,5,2,0,0,0,1
1343598,4,2024,2024,3,3,9,2126,17,140,2149,0,1,9,-33.78741,150.848177,7,0,2,1,3,0,0,0,0,0,15,80,2,2852,2852,4,0,0,2,0,1,0,0
1343599,2,2024,2024,3,6,5,866,17,110,793,0,1,9,-33.758609,151.049114,71,0,2,0,3,0,0,0,2,2,7,70,2,1383,1383,1,5,5,3,0,0,1,0
1343602,1,2024,2024,3,3,9,2209,17,68,2205,0,1,10,-34.079504,151.010635,68,0,2,1,3,0,0,0,2,1,7,70,2,14295,14295,3,0,5,2,0,0,0,1
1343603,1,2024,2024,4,2,7,2261,17,523,2252,0,1,10,-33.934569,150.915777,41,0,2,1,0,0,0,0,2,3,7,60,2,14295,14295,3,5,5,2,0,0,0,1
1343607,2,2024,2024,3,5,10,1,27,2,34609,0,1,1,-35.048613,145.499945,51,1,0,1,3,2,0,0,0,0,7,100,0,945,945,5,10,40,1,0,0,1,0
1343610,1,2024,2024,3,4,5,12,27,90,28,0,1,1,-33.793044,150.941031,21,0,2,1,3,0,0,0,2,0,7,60,1,1282,1282,1,33,5,2,0,0,0,1
1343612,1,2024,2024,3,6,6,232,36,109,331,0,1,10,-33.953238,150.856048,41,0,2,1,3,0,0,0,2,2,7,70,2,14295,14295,3,9,0,2,0,0,0,1
1343614,2,2024,2024,3,4,7,475,31,80,75,0,1,9,-33.881665,151.208646,69,0,2,1,3,0,0,0,2,2,7,40,1,515,515,1,0,19,2,0,0,1,0
1343615,1,2024,2024,4,6,7,150,27,197,415,1,0,9,-33.793161,151.119708,61,0,2,1,3,0,0,0,2,2,7,70,2,14295,14295,3,9,5,2,0,0,0,1
1343617,1,2024,2024,4,2,9,500,27,129,799,0,1,1,-33.926751,151.082345,15,0,2,1,3,0,0,0,3,0,7,60,2,14295,14295,3,5,5,3,0,0,0,1
1343618,1,2024,2024,4,0,3,1,31,55,244,0,1,9,-33.904429,151.080897,15,0,2,1,3,0,0,0,2,0,7,60,2,14295,14295,3,5,5,3,0,0,0,1
1343619,2,2024,2024,3,1,5,1104,11,149,770,0,1,2,-33.867934,151.179544,32,0,2,1,3,0,0,0,2,0,7,60,2,14295,14295,3,5,13,2,0,0,1,0
1343626,4,2024,2024,3,3,6,4,1,79,34609,0,1,10,-33.975354,151.122521,25,0,2,1,3,0,0,0,2,0,15,50,0,6545,6545,4,5,5,2,0,1,0,0
1343627,1,2023,2023,2,2,4,866,17,204,793,0,1,10,-33.893167,150.922492,24,0,2,1,3,0,0,0,2,2,7,70,2,14295,14295,3,10,5,2,0,0,0,1
1343628,2,2023,2023,2,0,7,14,1,198,32,0,1,1,-33.9091,151.099493,15,0,2,1,1,0,0,0,2,0,7,50,1,1981,1981,4,5,18,2,0,0,1,0
1343630,1,2024,2024,4,6,6,74,27,130,59,0,1,10,-34.453711,150.856603,80,0,2,0,3,0,0,0,2,2,7,80,2,623,623,3,5,0,2,0,0,0,1
1343633,2,2024,2024,3,1,8,829,1,225,34609,0,1,1,-33.794529,151.188815,77,0,2,1,3,0,0,0,2,0,7,50,0,14295,14295,3,19,5,2,0,0,1,0
1343642,2,2024,2024,3,6,3,1052,14,118,928,0,1,3,-33.366577,151.331102,16,1,2,0,3,0,0,0,2,0,7,110,2,14295,14295,3,5,5,5,0,0,1,0
1343644,1,2024,2024,3,6,7,15,27,11,34609,0,1,1,-34.486509,150.806825,80,0,2,1,3,0,0,0,2,0,7,60,0,14295,14295,3,0,36,3,0,0,0,1
1343648,2,2024,2024,4,5,8,113,27,218,111,0,1,1,-33.775886,150.77251,55,0,2,1,3,0,0,0,4,0,7,60,2,14295,14295,3,0,0,3,0,0,1,0
1343649,2,2024,2024,3,5,5,24,27,246,99,0,1,10,-33.907968,151.190181,69,0,2,1,1,0,0,0,2,2,7,60,2,623,623,3,10,10,2,0,0,2,0
1343652,1,2024,2024,3,4,4,71,27,69,122,0,1,10,-34.552422,150.860042,62,0,2,1,3,0,0,0,2,2,7,70,2,1669,1669,3,10,5,2,0,0,0,1
1343653,1,2024,2024,3,0,10,829,27,159,770,0,1,10,-33.809274,151.092782,61,0,2,1,3,0,0,0,0,2,7,60,2,14295,14295,3,21,0,2,0,0,0,1
1343654,1,2023,2023,7,4,6,63,31,139,3,0,1,1,-33.839837,151.206672,49,0,2,1,1,0,0,0,2,0,7,40,1,214,214,9,5,28,2,0,0,0,1
1343655,1,2024,2024,4,5,8,89,31,316,34609,0,1,10,-31.428964,152.91214,56,2,1,1,3,0,0,0,2,0,0,50,0,6545,6545,4,5,13,2,0,0,0,1
1343659,1,2024,2024,4,6,9,22,22,532,22,0,1,3,-33.861014,151.21372,69,0,2,1,3,0,0,0,0,0,7,80,2,14295,14295,3,0,0,2,0,0,0,1
1343661,2,2024,2024,3,6,3,2209,17,14,2205,0,1,2,-36.165082,150.105284,23,1,0,0,3,0,0,0,2,0,7,100,2,2585,4009,8,5,40,1,0,0,1,0
1343664,4,2023,2023,11,3,10,3,27,2,34609,0,1,1,-34.134973,149.001486,30,1,0,0,0,0,0,0,0,0,7,100,0,4552,5151,8,0,40,1,0,1,1,0
1343665,4,2023,2023,1,0,6,7,31,99,34609,0,1,1,-33.889037,151.268376,76,0,2,1,0,0,0,0,2,0,7,50,0,238,238,9,34,28,2,0,1,0,0
1343666,1,2023,2023,11,1,4,46,27,304,39,0,1,10,-33.909596,151.154378,32,0,2,1,1,0,0,0,2,2,9,50,1,1220,1220,9,0,28,2,0,0,0,1
1343667,4,2023,2023,1,5,9,113,27,218,111,0,1,10,-33.774994,150.772665,55,0,2,1,2,0,0,0,0,0,0,60,2,6545,6545,4,9,19,2,0,1,0,0
1343668,4,2023,2023,11,2,5,52,27,8,53,0,1,1,-33.928298,151.098139,15,0,2,1,1,0,0,0,2,0,7,50,1,3775,3775,0,15,18,2,0,1,0,0
1343669,2,2023,2023,1,0,8,55,31,123,34609,0,1,1,-33.831848,148.6918,51,2,1,1,1,0,0,0,2,0,7,50,0,14295,14295,3,5,5,2,0,0,1,0
1343670,2,2023,2023,11,5,6,13,31,122,34609,0,1,10,-33.426937,151.341851,16,2,2,1,1,0,0,0,2,2,9,40,0,591,591,1,17,5,2,0,0,1,0
1343673,4,2023,2023,11,3,0,171,1,42,29,0,1,9,-33.743719,151.28804,50,0,2,1,2,0,0,0,0,0,7,50,1,2852,2852,4,0,18,2,0,1,0,0
1343675,2,2023,2023,11,0,1,229,14,323,237,0,1,3,-33.7711,150.986067,71,0,2,1,2,0,0,0,0,0,7,100,2,14295,14295,3,5,5,2,0,0,2,0
1343676,4,2023,2023,11,0,11,3,27,1,34609,0,1,1,-32.628636,149.66137,44,1,0,1,0,2,0,0,0,0,7,100,0,4026,4026,8,10,40,1,0,1,3,0
1343678,2,2023,2023,10,0,11,20,31,61,34609,0,1,9,-33.891348,150.909412,24,0,2,1,2,0,3,4,0,0,7,50,0,5929,5929,1,0,19,2,0,0,1,0
1343679,2,2023,2023,11,4,4,27,10,149,34609,0,1,1,-34.003848,151.134822,4,0,2,1,1,0,0,0,2,0,7,50,0,387,387,1,22,5,2,0,0,1,0
1343680,4,2023,2023,1,5,10,21,27,80,23,0,1,7,-33.742666,150.65526,55,0,2,1,3,0,2,6,0,0,0,50,1,6545,6545,4,5,19,2,0,1,0,0
1343682,4,2023,2023,10,4,9,104,27,16,140,0,1,9,-33.925527,151.221741,4,0,2,1,2,0,0,0,0,0,0,60,2,5929,5929,1,5,27,2,0,1,0,0
1343683,4,2023,2023,10,6,10,2,27,29,34609,0,1,1,-31.880441,149.836606,51,1,0,1,0,0,3,0,0,0,7,100,0,1089,1089,7,10,40,1,0,1,0,0
1343686,4,2023,2023,9,1,10,27,31,562,34609,0,1,1,-32.252254,148.597833,22,2,1,0,2,0,0,0,0,0,7,50,0,2585,4009,8,16,40,1,0,2,0,0
1343687,4,2023,2023,9,5,1,20,31,31,34609,0,1,1,-33.505615,151.327988,16,2,2,1,2,0,0,0,0,0,7,50,0,4026,4026,1,5,5,2,0,1,1,0
1343688,4,2023,2023,9,0,7,1,31,73,34609,0,1,10,-33.892988,151.170394,32,0,2,1,1,0,0,0,2,0,15,50,0,1945,1945,5,17,40,1,0,1,0,0
1343692,4,2023,2023,10,1,7,2126,17,75,2149,0,1,2,-33.711168,150.362422,8,2,2,0,1,0,0,0,2,0,7,80,2,4552,5151,8,0,40,1,0,1,0,0
1343695,2,2023,2023,9,2,2,30,27,32,39,0,1,1,-35.357047,149.289658,58,2,1,0,0,0,0,0,0,0,7,80,1,4552,5151,8,10,40,1,0,0,1,0
1343697,2,2023,2023,11,1,11,165,31,80,16,0,1,10,-33.882843,151.204154,69,0,2,1,2,0,0,0,0,2,7,40,2,14295,14295,3,10,5,2,0,0,1,0
1343698,4,2023,2023,9,2,9,120,36,14,148,0,1,9,-30.467242,152.966303,6,1,0,0,0,0,0,0,0,0,7,100,2,1957,4009,8,0,40,1,0,1,0,0
1343701,2,2023,2023,9,1,10,12,1,134,34609,0,1,1,-33.982936,150.80571,12,0,2,0,2,0,0,0,0,0,7,50,0,4552,5151,1,0,5,2,0,0,1,0
1343702,2,2023,2023,9,6,10,19,27,160,34609,0,1,1,-33.106921,151.497694,37,0,2,1,2,0,0,0,0,0,7,60,0,57,57,1,5,13,2,0,0,1,0
1343704,4,2023,2023,9,3,8,83,27,16,72,0,1,1,-28.760422,153.354358,39,2,1,0,0,0,3,4,2,0,7,80,2,418,714,5,5,40,1,0,1,0,0
1343707,2,2023,2023,10,3,6,18,27,239,34609,0,1,1,-34.047551,151.129096,68,0,2,1,1,0,0,0,2,0,7,50,0,9859,9859,1,5,5,2,0,0,1,0
1343708,2,2023,2023,9,4,7,113,27,113,111,0,1,1,-33.806813,150.771757,55,0,2,1,1,0,3,4,2,0,7,80,2,14295,14295,3,29,13,5,0,0,3,0
1343714,4,2023,2023,2,2,5,78,27,23,228,0,1,1,-33.037151,151.140417,17,2,1,0,0,0,0,0,2,0,7,80,1,3775,3775,0,16,5,2,0,1,1,0
1343715,2,2023,2023,2,3,2,8,27,2,34609,0,1,1,-30.447051,151.85083,1,1,0,1,0,0,0,0,1,0,7,100,0,4026,4026,8,9,40,1,0,0,1,0
1343716,2,2023,2023,9,1,11,308,14,323,311,0,1,3,-33.780452,150.858208,7,0,2,0,0,0,0,0,0,0,7,100,2,4552,5151,8,5,40,1,0,0,1,0
1343719,1,2023,2023,9,3,10,6,31,92,34609,1,0,1,-33.878516,150.971358,24,0,2,1,3,0,0,0,0,0,7,50,0,9859,9859,1,0,0,2,0,0,0,1
1343721,2,2023,2023,2,3,6,9,27,87,100,0,1,9,-34.474794,150.419367,78,2,1,1,1,0,0,3,2,0,0,50,2,3775,3775,0,16,0,2,0,0,1,0
1343722,2,2023,2023,2,3,4,3371,17,90,3342,0,1,2,-28.25451,153.529383,72,1,0,0,1,0,0,0,2,0,7,110,2,1109,787,1,30,0,3,0,0,1,0
1343723,2,2023,2023,9,2,8,2,27,4,34609,0,1,1,-34.88732,148.877944,82,1,0,0,0,0,0,3,2,0,7,100,0,4552,5151,8,16,40,1,0,0,1,0
1343724,4,2023,2023,2,3,6,4,1,165,34609,0,1,1,-32.280082,150.893584,46,2,1,1,1,0,0,0,2,0,7,50,0,9859,9859,1,0,5,2,0,1,1,0
1343725,4,2023,2023,2,5,0,3,27,41,34609,0,1,1,-30.359479,153.080813,19,2,1,0,2,0,0,0,0,0,7,60,0,1957,4009,8,16,40,1,0,1,0,0
1343726,4,2023,2023,9,2,4,30,27,33,41,0,1,1,-33.984101,151.135771,25,0,2,1,1,0,0,0,2,0,7,60,1,1220,1220,9,5,28,2,0,1,0,0
1343730,4,2023,2023,9,4,7,103,27,39,98,0,1,1,-33.545896,150.83947,29,2,2,1,0,0,0,0,2,0,7,80,2,4026,4026,8,5,40,1,0,1,0,0
1343731,2,2023,2023,2,5,10,10,1,89,34609,0,1,1,-33.389418,151.462097,16,2,2,0,2,0,3,4,0,0,7,50,0,1957,4009,1,0,0,2,0,0,1,0
1343732,2,2023,2023,10,5,11,2261,17,443,2252,0,1,2,-33.889597,151.059839,67,0,2,1,2,0,0,0,0,0,7,70,2,1192,1192,1,10,13,2,0,0,1,0
1343733,4,2023,2023,10,0,7,107,22,210,17,0,1,9,-34.029121,151.099661,68,0,2,1,2,0,0,0,2,2,7,60,1,5929,5929,1,9,5,3,0,1,0,0
1343734,4,2023,2023,2,4,8,78,17,17,75,0,1,2,-33.859409,151.206165,69,0,2,1,1,0,0,3,2,0,7,70,2,14295,14295,3,0,5,3,0,2,0,0
1343738,2,2023,2023,11,5,3,85,10,38,702,0,1,2,-33.837798,151.083493,14,0,2,0,1,0,0,0,2,0,7,70,2,14295,14295,3,0,0,3,0,0,1,0
1343739,4,2023,2023,9,4,11,143,31,173,19,0,1,1,-33.877266,151.212836,69,0,2,1,2,0,3,4,0,0,7,40,1,1220,1220,9,5,28,2,0,1,0,0
1343742,2,2023,2023,2,1,0,2126,17,21,2149,0,1,9,-33.724481,150.412756,8,2,2,1,2,0,3,4,0,0,0,80,2,9859,9859,8,5,40,1,0,0,1,0
1343744,4,2023,2023,2,6,7,14,27,6,34609,0,1,1,-33.441852,150.709581,29,2,2,0,0,0,0,0,2,0,7,50,0,1259,5151,8,5,40,1,0,1,0,0
1343745,4,2023,2023,2,0,7,4,10,6,34609,0,1,9,-35.317754,150.466834,63,2,1,1,1,0,0,3,2,0,7,50,0,9859,9859,1,16,13,2,0,1,0,0
1343746,4,2023,2023,2,4,8,23,27,179,34609,1,0,1,-31.905942,152.445755,43,2,1,1,1,0,0,0,2,0,7,50,0,9859,9859,1,5,5,2,0,1,0,0
1343748,2,2023,2023,2,2,10,2261,17,23,2252,0,1,2,-34.631479,150.152082,78,1,0,0,2,0,0,0,3,0,7,110,2,4552,5151,8,10,40,1,0,0,1,0
1343750,4,2023,2023,9,6,7,2209,17,115,2205,0,1,9,-34.031661,151.067005,68,0,2,1,1,0,0,0,2,2,7,70,2,14295,14295,3,0,5,2,0,1,0,0
1343751,1,2023,2023,9,0,9,204,31,169,9,0,1,10,-33.89794,151.21235,69,0,2,1,1,0,3,4,0,2,7,50,1,5929,5929,1,10,27,2,0,0,0,1
1343752,4,2024,2024,4,6,2,293,31,128,369,0,1,10,-33.622644,150.803471,29,2,2,1,1,0,0,0,1,2,7,60,2,5929,5929,1,16,10,2,0,1,0,0
1343754,2,2023,2023,2,4,8,346,17,103,332,0,1,7,-28.811461,153.354157,39,2,1,1,1,0,3,4,2,0,0,60,2,1945,1945,5,16,40,1,0,0,1,0
1343756,4,2024,2024,4,6,7,105,27,67,109,0,1,9,-33.877865,150.893476,24,0,2,1,1,0,0,0,2,2,7,60,1,1282,1282,1,5,5,2,0,1,1,0
1343757,4,2024,2024,4,4,5,68,27,175,208,0,1,1,-33.766245,151.082009,54,0,2,1,1,0,0,0,2,0,7,60,2,1383,1383,1,22,0,2,0,1,0,0
1343759,2,2024,2024,4,1,10,2209,17,204,2205,0,1,10,-33.941999,151.144545,4,0,2,1,2,0,0,0,0,0,7,60,2,14295,14295,3,5,0,2,0,0,1,1
1343760,4,2023,2023,2,2,6,829,27,363,770,0,1,2,-33.809164,151.010231,54,0,2,1,0,0,0,0,2,0,7,60,2,1981,1981,4,5,27,2,0,1,0,0
1343761,4,2023,2023,2,6,6,6,27,80,34609,0,1,1,-33.75347,150.667525,55,0,2,0,1,0,0,0,2,0,7,50,0,4552,5151,1,5,13,3,0,1,0,0
1343762,4,2024,2024,4,5,6,13,27,234,34609,0,1,1,-34.300275,146.06703,28,2,1,1,0,0,0,0,2,0,7,80,0,591,591,1,28,13,2,0,1,0,0
1343764,4,2023,2023,10,6,6,17,2,74,34609,0,1,10,-34.024504,150.770739,12,0,2,1,1,0,0,0,2,2,7,60,0,5929,5929,1,5,5,2,0,1,0,0
1343765,4,2024,2024,4,2,7,1,27,10,34609,0,1,1,-28.987554,153.113484,60,1,0,1,0,2,0,0,2,0,7,100,0,1282,1282,1,30,40,1,0,1,1,0
1343767,1,2024,2024,4,3,6,10,36,1,6,0,1,1,-36.536114,148.980909,65,1,0,0,0,0,0,0,2,0,7,100,1,4552,5151,8,16,40,1,0,0,0,1
1343769,2,2024,2024,4,2,11,6,27,7,34609,0,1,1,-36.707279,149.730366,5,1,0,0,0,2,0,0,0,0,7,100,0,782,957,5,10,40,1,0,0,1,0
1343771,4,2024,2024,4,0,10,5,27,2,34609,0,1,1,-30.733743,152.77135,47,1,0,0,0,1,2,6,0,0,7,100,0,1259,5151,8,16,40,1,0,1,0,0
1343773,4,2024,2024,4,2,5,2,36,4,12,0,1,1,-30.398106,147.763476,51,1,0,1,0,0,0,0,2,0,7,100,1,4026,4026,8,5,40,1,0,1,0,0
1343774,1,2023,2023,9,2,4,9,27,204,34609,0,1,10,-33.935643,151.143825,4,0,2,1,3,0,2,6,2,0,9,50,0,14295,14295,3,5,18,2,0,0,0,1
1343775,2,2024,2024,4,4,5,104,27,137,140,0,1,9,-33.922199,151.201691,4,0,2,1,0,0,0,0,2,0,7,60,2,5929,5929,1,5,18,2,0,0,1,0
1343778,1,2024,2024,4,3,6,44,31,253,34609,0,1,10,-33.965428,151.101736,25,0,2,1,1,0,3,4,2,0,9,50,0,2040,2040,9,33,28,2,0,0,0,1
1343781,4,2024,2024,4,0,6,171,31,61,34609,1,0,10,-35.911478,150.075531,23,2,1,1,0,0,0,0,2,0,0,50,0,6545,6545,4,0,36,2,0,1,1,0
1343782,4,2024,2024,4,4,9,40,10,56,174,0,1,1,-32.783177,151.345661,17,2,1,1,0,0,0,0,2,0,7,80,2,9859,9859,8,5,40,1,0,1,0,0
1343787,2,2024,2024,4,0,9,31,31,73,19,0,1,10,-33.87252,151.217605,69,0,2,1,1,0,0,0,2,2,6,40,2,5929,5929,1,30,5,2,0,0,1,0
1343792,4,2024,2024,4,2,0,1,34,3,34609,0,1,1,-35.951416,149.746611,23,2,1,0,0,2,0,0,0,0,7,50,0,1957,4009,8,0,40,1,0,1,0,0
1343793,4,2024,2024,4,2,5,30,27,33,41,0,1,10,-33.984344,151.137481,4,0,2,1,2,0,0,3,2,0,0,60,1,926,926,4,16,5,2,0,1,0,0
1343796,4,2024,2024,4,3,4,866,17,171,793,0,1,10,-33.802838,150.971052,54,0,2,1,2,0,3,2,2,2,7,70,2,2852,2852,4,0,13,2,0,2,0,0
1343798,1,2024,2024,4,5,9,15,27,247,38,0,1,9,-33.823388,150.932688,21,0,2,1,0,0,0,0,2,0,0,60,2,5929,5929,1,10,5,2,0,0,0,1
1343802,4,2024,2024,4,5,4,35,1,63,52,0,1,9,-33.732582,150.797335,7,0,2,1,1,0,3,4,2,2,7,60,1,4552,985,8,5,40,1,0,1,0,0
1343803,1,2024,2024,4,6,7,78,32,646,34609,0,1,9,-33.917942,151.037122,15,0,2,0,1,0,0,0,2,0,9,40,0,1220,1220,9,33,28,2,0,0,0,1
1343806,2,2024,2024,3,1,8,48,27,21,62,0,1,1,-35.407807,148.121795,66,1,0,0,0,0,3,4,2,0,7,100,2,782,957,5,30,40,1,0,0,1,0
1343808,2,2024,2024,3,3,6,2209,17,61,2205,0,1,7,-35.912097,150.080287,23,2,1,1,1,0,0,0,2,0,0,50,2,6545,6545,4,5,13,2,0,0,1,0
1343810,1,2023,2023,2,4,0,65,27,154,34609,0,1,9,-33.722127,150.951647,71,0,2,1,2,0,0,0,0,0,7,60,0,1957,777,8,5,40,1,0,0,0,1
1343815,4,2024,2024,3,4,9,56,27,443,44,0,1,10,-33.902835,151.057923,15,0,2,1,2,0,0,0,2,2,7,60,1,4552,985,8,5,40,1,0,1,0,0
1343817,4,2023,2023,2,2,10,10,31,148,34609,0,1,1,-36.023826,146.937771,0,2,1,1,0,0,0,0,0,0,7,50,0,4026,4026,8,5,40,1,0,1,0,0
1343818,2,2024,2024,3,0,0,1,31,73,34609,0,1,1,-35.134132,147.37537,75,2,1,1,0,0,3,0,0,0,7,50,0,4026,4026,1,0,10,2,0,0,1,0
1343819,4,2024,2024,3,5,7,265,10,445,563,0,1,9,-33.866405,151.041334,21,0,2,1,1,0,0,0,2,2,6,70,2,9859,9859,8,0,40,1,0,1,0,0
1343822,4,2023,2023,10,6,7,46,1,646,34609,0,1,1,-33.91998,151.042802,15,0,2,1,0,0,0,0,2,0,7,50,0,4026,4026,1,9,0,2,0,1,0,0
1343826,2,2024,2024,4,3,11,4,2,31,34609,0,1,7,-34.588335,150.864909,62,0,2,1,2,0,0,0,0,0,0,50,0,220,220,8,34,40,1,0,0,1,0
1343833,2,2024,2024,3,4,4,60,10,121,84,0,1,2,-28.20242,153.544139,72,2,1,1,1,0,3,3,2,0,7,60,1,3775,3775,0,22,13,2,0,0,1,0
1343836,2,2024,2024,4,6,7,38,27,15,45,0,1,7,-35.078348,150.657882,63,2,1,1,1,0,3,3,2,0,0,60,1,4026,4026,8,5,40,1,0,0,1,0
1343838,4,2023,2023,2,0,10,60,27,101,262,0,1,7,-32.902598,151.622498,37,0,2,1,2,0,0,0,0,0,0,90,2,4026,4026,8,0,40,1,0,1,0,0
1343839,2,2023,2023,2,1,9,108,31,77,105,0,1,10,-33.866677,150.949199,24,0,2,1,1,0,3,4,2,2,7,50,1,3775,3775,0,5,5,2,0,0,2,0
1343840,4,2024,2024,3,1,7,6,31,98,34609,0,1,1,-33.014127,151.58789,37,0,2,1,3,0,2,6,2,0,7,50,0,340,340,9,10,28,2,0,1,0,0
1343842,2,2024,2024,4,0,7,25,27,89,208,1,0,7,-33.860485,150.890902,24,0,2,1,1,0,0,0,2,0,0,50,1,6545,6545,4,0,0,2,0,0,1,1
1343844,1,2023,2023,9,4,8,72,27,82,102,1,0,10,-33.794571,151.257957,50,0,2,1,2,0,0,3,3,2,7,60,2,2040,2040,9,0,28,2,0,0,0,1
1343846,2,2023,2023,2,5,7,128,27,363,133,0,1,2,-33.752516,150.687303,55,0,2,1,1,0,0,0,2,0,7,60,2,14295,14295,3,0,10,2,0,0,1,0
1343849,4,2024,2024,4,4,8,196,10,70,168,0,1,9,-33.907018,150.982049,15,0,2,0,0,0,0,0,2,0,7,60,2,5929,5929,1,5,19,2,0,1,0,0
1343850,2,2024,2024,3,0,10,15,31,346,38,0,1,10,-33.875226,151.097691,9,0,2,1,2,0,0,0,3,2,7,50,1,2040,2040,9,33,28,2,0,0,1,0
1343852,2,2024,2024,4,5,8,119,31,131,34609,0,1,1,-33.788536,151.181939,77,0,2,1,0,0,0,0,2,0,7,50,0,9859,9859,1,0,5,2,0,0,1,0
1343853,1,2024,2024,4,1,9,149,27,149,38,0,1,9,-33.827773,150.969462,21,0,2,1,0,0,0,0,2,2,7,60,1,926,926,4,5,0,2,0,0,0,1
1343854,2,2024,2024,4,6,8,85,27,53,145,0,1,2,-33.798686,151.047534,54,0,2,1,2,0,0,0,2,0,7,70,2,1282,1282,1,29,5,2,0,0,1,0
1343857,2,2024,2024,4,1,10,296,27,187,293,0,1,2,-33.888667,150.973814,15,0,2,1,2,0,0,0,0,0,7,60,2,9859,9859,8,0,40,1,0,0,1,0
1343866,4,2023,2023,2,0,8,191,27,370,68,0,1,1,-34.062039,150.809755,13,0,2,1,0,0,0,0,2,0,7,60,1,1669,1669,3,16,40,2,0,1,0,0
1343874,2,2024,2024,3,3,7,6,7,39,34609,0,1,1,-33.76698,150.931213,7,0,2,0,0,0,0,0,2,0,7,50,0,3775,3775,0,10,5,2,0,0,1,0
1343879,1,2023,2023,2,2,0,2261,17,10,2252,0,1,2,-34.811907,149.477759,74,1,0,1,0,0,0,3,0,0,7,110,2,9859,9859,8,5,40,1,0,0,0,1
1343881,4,2024,2024,4,3,8,2,27,2,34609,0,1,1,-31.663191,152.123295,43,1,0,0,0,2,1,0,2,0,7,100,0,1850,1463,5,16,40,1,0,1,0,0
1343884,1,2024,2024,3,4,4,104,27,137,140,0,1,9,-33.922586,151.204581,4,0,2,1,1,0,0,0,2,0,7,60,2,2040,2040,9,5,28,2,0,0,0,1
1343886,4,2024,2024,4,6,5,229,14,173,237,0,1,6,-33.790588,151.135473,61,0,2,0,1,0,0,0,2,0,7,100,2,4552,5151,8,5,40,2,0,1,0,0
1343887,4,2024,2023,2,5,7,2209,17,40,2205,0,1,1,-35.009425,150.581592,63,2,1,1,0,0,0,0,2,0,7,80,2,3775,3775,0,10,5,3,0,1,1,1
1343891,4,2024,2024,3,1,5,13,27,21,34609,0,1,1,-35.438423,148.079604,66,1,0,0,0,0,3,4,2,0,7,100,0,782,957,5,0,40,1,0,1,0,0
1343892,2,2024,2024,4,0,6,6,27,40,34609,0,1,1,-34.234271,150.57937,79,2,2,0,0,0,3,3,2,0,7,60,0,4552,5151,8,16,40,1,0,0,1,0
1343893,2,2024,2024,3,6,10,128,27,74,133,0,1,2,-33.768496,150.677263,55,0,2,1,2,0,0,0,0,0,7,60,2,4026,4026,8,0,40,1,0,0,1,0
1343897,2,2024,2024,3,2,5,4,27,9,34609,0,1,1,-28.595588,153.440886,10,1,0,0,0,0,3,4,2,0,7,100,0,3775,3775,0,5,5,2,0,0,1,0
1343898,4,2024,2024,4,4,6,1,1,52,34609,0,1,1,-33.703484,150.91568,7,0,2,0,1,0,0,0,2,0,7,50,0,4552,5151,1,5,5,2,0,1,1,0
1343901,2,2024,2024,3,2,10,204,31,58,87,0,1,10,-34.414921,150.899563,80,0,2,1,2,0,0,0,0,2,7,60,2,5929,5929,1,5,5,2,0,0,1,0