Crash ID,Degree of crash - detailed,Reporting year,Year of crash,Month of crash,Day of week of crash,Two-hour intervals,Street of crash,Street type,Town,Route no.,School zone location,School zone active,Type of location,Latitude,Longitude,LGA,Urbanisation,Conurbation 1,Alignment,Street lighting,Road surface,Surface condition,Weather,Natural lighting,Signals operation,Other traffic control,Speed limit,Road classification,RUM - code,DCA - code,First impact type,Key TU type,Other TU type,No. of traffic units involved,No. killed,No. seriously injured,No. moderately injured,No. minor-other injured
1343906,1,2024,2024,4,0,7,143,31,173,181,0,1,9,-33.881203,151.218066,69,0,2,1,1,0,0,0,2,2,7,50,2,14295,14295,3,0,0,3,0,0,0,1
1343913,2,2024,2024,4,0,9,17,27,39,34609,0,1,1,-33.556982,150.863078,29,2,2,0,0,0,0,0,2,0,7,70,0,2585,4009,8,0,40,1,0,0,1,0
1343916,2,2024,2024,4,1,8,2126,17,163,2149,0,1,9,-33.86787,151.098409,14,0,2,1,2,0,0,0,2,0,7,60,2,1192,1192,1,33,19,2,0,0,1,0
1343917,2,2024,2024,3,1,7,95,31,463,32,0,1,1,-30.281123,153.133113,19,2,1,0,1,0,0,0,2,0,7,60,1,591,591,1,22,0,2,0,0,1,0
1343923,2,2024,2024,4,5,8,126,27,74,168,0,1,10,-34.048065,150.761704,12,0,2,1,1,0,0,0,2,2,7,80,2,14295,14295,3,0,0,2,0,0,1,0
1343925,2,2023,2023,9,5,6,213,17,11,213,0,1,1,-29.771197,151.435702,33,1,0,0,0,0,0,0,2,0,7,100,2,1957,4009,8,8,40,1,0,0,1,0
1343927,4,2023,2023,9,4,7,21,27,20,34609,0,1,1,-33.25421,151.325533,16,2,2,1,0,0,0,0,2,0,7,80,0,945,945,5,16,40,1,0,1,0,0
1343929,2,2023,2023,10,6,6,14,31,290,34609,0,1,1,-33.95912,151.127954,4,0,2,1,1,0,0,0,2,0,7,50,0,782,957,5,5,40,1,0,0,1,0
1343932,2,2024,2024,3,3,7,125,31,438,44,0,1,1,-33.8484,151.032268,21,0,2,1,0,0,0,0,2,0,7,50,1,9859,9859,8,5,40,1,0,0,1,0
1343935,4,2024,2024,3,2,8,57,27,172,126,0,1,1,-32.756239,151.609508,42,2,1,1,0,0,0,0,2,0,7,60,2,9859,9859,8,5,40,1,0,1,0,0
1343937,4,2024,2024,3,0,4,3371,17,73,3342,0,1,9,-33.775891,151.168861,36,0,2,0,1,0,0,0,2,0,7,60,2,2040,2040,9,0,28,2,0,1,0,0
1343941,4,2023,2023,2,0,3,478,17,70,480,0,1,1,-33.438403,151.358556,16,2,2,0,1,0,0,0,2,0,7,60,2,1850,1463,5,16,40,1,0,1,0,0
1343942,2,2024,2024,4,2,6,4,31,219,34609,0,1,10,-32.901287,151.671387,48,0,2,0,1,0,0,0,2,0,0,50,0,1957,777,8,0,40,1,0,0,1,0
1343943,4,2024,2024,3,1,3,4,31,204,34609,0,1,9,-33.939104,151.137065,4,0,2,1,1,0,0,0,2,0,7,50,0,926,926,4,10,0,2,0,1,0,1
1343945,4,2024,2024,3,2,6,2,31,64,34609,0,1,1,-33.95459,151.001575,15,0,2,1,1,0,0,0,2,0,7,50,0,9859,9859,8,5,40,1,0,1,0,0
1343947,2,2024,2024,4,2,6,10,27,68,34609,0,1,1,-33.624755,149.847865,51,1,0,0,0,0,0,0,2,0,7,100,0,1850,1463,5,16,40,1,0,0,1,0
1343951,1,2024,2024,3,2,5,31,27,70,101,0,1,10,-32.906821,151.727488,48,0,2,1,2,0,0,0,2,2,7,60,2,5929,5929,1,10,5,2,0,0,0,1
1343952,4,2024,2024,4,6,9,1,10,29,34609,0,1,9,-35.133853,147.336188,75,2,1,0,0,0,0,0,2,0,0,50,0,1957,4009,1,5,5,2,0,1,0,0
1343959,4,2024,2024,3,1,4,3371,17,9,3342,0,1,2,-32.348992,152.319256,43,1,0,0,0,0,0,0,2,0,7,110,2,418,714,5,5,40,1,0,1,0,0
1343960,4,2024,2024,3,0,8,255,27,103,76,0,1,1,-32.936592,151.671994,37,0,2,1,1,0,0,3,2,0,7,60,1,2040,2040,9,0,28,2,0,1,0,0
1343961,1,2024,2024,3,1,6,43,27,121,34609,1,0,10,-33.799212,151.286721,50,0,2,1,1,0,0,0,2,2,9,30,0,1220,1220,9,5,28,2,0,0,0,1
1343962,2,2024,2024,4,6,8,14,27,39,34609,1,0,9,-33.766765,150.922744,7,0,2,1,0,0,0,0,2,0,0,50,0,14295,14295,3,30,19,2,0,0,1,0
1343964,4,2024,2024,4,3,4,3,31,15,49,0,1,1,-33.780026,151.282176,50,0,2,1,1,0,0,0,2,0,7,50,1,1945,1945,5,15,40,1,0,1,0,0
1343965,4,2024,2024,3,4,11,45,1,52,34609,0,1,1,-33.965339,150.920885,41,0,2,0,0,0,0,0,0,0,7,60,0,3775,3775,0,5,5,2,0,1,3,0
1343967,1,2024,2024,7,2,7,37,31,523,198,0,1,9,-33.925676,150.925157,41,0,2,1,0,0,0,0,2,2,7,50,2,14295,14295,3,5,0,2,0,0,0,1
1343970,4,2023,2023,9,6,6,26,27,56,68,0,1,10,-33.804383,151.205578,77,0,2,1,1,0,0,0,2,2,7,60,1,5929,5929,1,5,5,2,0,1,0,0
1343974,4,2024,2024,4,4,8,2,18,6,34609,0,1,1,-33.46935,149.522322,3,1,0,0,0,2,0,0,2,0,7,100,0,1957,4009,8,0,40,1,0,1,0,0
1343975,4,2024,2024,4,1,9,191,27,193,208,0,1,1,-33.792886,151.090141,61,0,2,1,2,0,0,0,3,0,7,60,2,14295,14295,3,15,0,2,0,1,0,0
1343976,2,2024,2024,3,2,3,8,27,6,34609,0,1,1,-34.290021,148.835723,30,1,0,0,0,0,0,0,2,0,7,100,0,1957,4009,8,10,40,1,0,0,1,0
1343978,4,2024,2024,3,4,6,169,27,40,61,0,1,10,-33.827091,151.185602,38,0,2,1,0,0,0,0,2,0,0,50,1,1669,1669,3,5,5,2,0,1,0,0
1343979,2,2024,2024,4,3,6,31,1,234,139,0,1,2,-34.288498,146.051181,28,2,1,1,2,0,3,0,2,0,7,50,2,1981,1981,4,5,20,2,0,0,1,0
1343989,4,2024,2024,4,1,3,2209,17,144,2205,0,1,2,-34.059329,151.027738,68,0,2,1,1,0,3,4,2,0,7,70,2,1945,1945,5,15,40,1,0,1,0,0
1343990,2,2024,2024,3,5,6,361,23,143,38,0,1,1,-33.875451,151.098161,9,0,2,1,0,0,0,0,2,0,7,50,1,14295,14295,3,10,5,2,0,0,1,0
1343991,2,2024,2024,4,1,11,387,27,253,34609,0,1,9,-33.967276,151.109366,25,0,2,1,2,0,0,0,0,0,0,50,0,63,63,4,5,5,2,0,0,3,1
1343993,4,2024,2024,3,6,3,59,27,271,42,0,1,1,-33.956694,151.016791,15,0,2,1,1,0,0,0,2,0,7,60,1,3775,3775,0,0,22,3,0,1,1,0
1343997,2,2024,2024,3,0,4,133,10,316,121,0,1,7,-31.470337,152.912698,56,2,1,0,1,0,0,0,2,0,0,60,1,6545,6545,4,5,5,2,0,0,1,0
1344002,2,2024,2024,4,6,5,2261,17,523,2252,0,1,10,-33.919426,150.91936,41,0,2,1,1,0,0,0,2,2,7,60,2,14295,14295,3,33,13,3,0,0,1,0
1344009,2,2024,2024,4,6,6,83,27,169,147,0,1,9,-28.659357,153.615557,10,2,1,1,1,0,0,0,2,0,7,50,1,14295,14295,3,0,18,2,0,0,1,0
1344010,1,2024,2024,3,3,5,13,27,11,13,0,1,9,-29.35532,153.271783,18,2,1,1,0,0,0,0,2,0,7,80,1,323,323,1,5,5,2,0,0,0,1
1344011,2,2023,2023,1,6,6,18,27,58,34609,0,1,7,-34.048174,151.132408,68,0,2,0,0,0,0,0,2,0,0,50,0,6545,6545,4,30,18,2,0,0,1,0
1344022,4,2024,2024,3,1,7,23,36,13,62,0,1,1,-30.076006,152.989494,18,1,0,1,0,0,0,0,2,0,7,100,1,9859,9859,8,5,40,1,0,1,0,0
1344024,4,2024,2024,3,5,3,229,14,173,237,0,1,3,-33.779098,151.129614,61,0,2,1,1,0,3,4,2,0,7,100,2,14295,14295,3,16,5,2,0,1,0,1
1344027,2,2024,2024,4,6,7,127,27,135,103,0,1,9,-32.892977,151.730633,48,0,2,1,1,0,0,0,2,0,7,60,1,1669,1669,3,8,5,2,0,0,1,0
1344030,2,2024,2024,3,2,8,5,10,103,34609,0,1,1,-28.81128,153.311403,39,2,1,0,1,0,3,4,3,0,7,50,0,1850,1463,5,15,40,1,0,0,1,0
1344034,2,2024,2024,4,0,8,481,17,11,483,0,1,10,-32.18063,148.622637,22,2,1,0,1,0,0,0,2,0,15,80,2,6545,6545,4,5,2,2,0,0,2,1
1344036,4,2024,2024,3,3,8,14,27,44,34609,0,1,1,-30.713138,152.905702,47,2,1,0,0,0,3,4,2,0,7,80,0,4552,5151,8,5,40,1,0,2,0,0
1344038,2,2024,2024,4,3,6,38,27,34,45,0,1,1,-35.082508,150.648377,63,2,1,1,0,0,0,0,2,0,7,60,1,591,591,1,16,27,3,0,0,1,0
1344039,1,2024,2024,3,6,11,8,27,11,34609,0,1,1,-34.420563,145.497637,51,1,0,0,0,0,0,0,0,0,7,100,0,4552,5151,8,0,40,1,0,0,0,1
1344040,1,2024,2024,3,1,4,23,1,13,34609,0,1,10,-33.866133,151.141866,14,0,2,1,1,0,0,0,2,0,0,50,0,6545,6545,4,0,0,2,0,0,0,2
1344041,4,2023,2023,2,0,7,361,23,84,35,0,1,9,-33.886692,150.943796,24,0,2,1,0,0,0,0,2,0,7,60,1,5929,5929,1,5,19,3,0,1,0,0
1344052,4,2024,2024,3,3,3,30,27,187,94,0,1,1,-33.881598,150.989883,15,0,2,1,0,0,0,0,2,0,7,60,1,9859,9859,1,5,41,2,0,1,0,0
1344053,2,2024,2024,3,1,8,51,27,28,63,0,1,9,-34.555892,150.847959,62,0,2,1,0,0,0,0,2,0,15,70,2,2852,2852,4,0,5,2,0,0,1,0
1344054,4,2024,2024,4,2,9,9,31,60,34609,1,0,10,-33.830203,151.137856,51,0,2,1,1,0,0,0,3,0,0,50,0,6545,6545,4,5,5,2,0,1,0,0
1344059,2,2024,2024,4,4,7,8,1,201,34609,0,1,10,-34.876814,150.603841,63,2,1,1,1,0,0,0,2,2,7,50,0,6545,6545,4,0,0,2,0,0,2,0
1344060,1,2024,2024,4,1,3,515,14,202,518,0,1,3,-33.93989,151.030449,15,0,2,0,0,0,0,0,2,0,7,100,2,14295,14295,3,8,5,3,0,0,0,1
1344066,4,2024,2024,3,0,6,26,27,118,34609,0,1,1,-33.351021,151.292287,16,2,2,0,0,0,0,0,2,0,7,80,0,2585,4009,8,16,40,1,0,1,0,0
1344068,1,2023,2023,2,0,8,3,27,2,3,0,1,1,-29.077133,147.489345,51,1,0,0,0,0,0,0,2,0,7,100,1,380,714,5,10,40,1,0,0,0,1
1344071,2,2024,2024,3,6,8,22,31,309,702,0,1,2,-33.81336,151.10469,61,0,2,1,2,0,0,0,2,0,7,60,2,14295,14295,3,10,5,3,0,0,1,0
1344073,4,2024,2024,4,3,8,15,27,3,33,0,1,1,-34.345949,150.110363,78,2,1,0,0,2,0,0,2,0,7,60,1,4552,5151,8,16,40,1,0,1,0,0
1344074,2,2024,2024,3,1,8,48,27,51,166,0,1,7,-33.254483,151.496629,16,2,2,0,1,0,0,0,2,0,0,50,2,5929,5929,1,10,36,2,0,0,1,0
1344076,4,2024,2024,4,1,7,72,14,174,71,0,1,3,-33.896901,151.215898,69,0,2,1,1,0,0,0,2,0,7,80,2,1391,1391,1,0,5,2,0,1,0,0
1344078,4,2024,2024,3,3,11,3371,17,53,3342,0,1,9,-33.765127,151.156774,36,0,2,1,2,0,0,0,0,2,0,60,2,926,926,4,5,5,2,0,2,1,1
1344079,1,2023,2023,2,0,11,2,27,28,34609,0,1,9,-34.093683,150.797939,13,0,2,1,2,0,3,4,0,0,7,50,0,204,204,1,33,19,2,0,0,0,1
1344080,4,2024,2024,3,3,1,90,31,54,165,0,1,10,-33.889972,151.217609,69,0,2,1,2,0,0,0,0,2,9,60,2,6545,6545,4,22,5,2,0,1,1,0
1344081,2,2024,2024,3,0,4,2209,17,40,2205,0,1,9,-34.983305,150.58775,63,2,1,1,1,0,0,0,2,0,15,80,2,5929,5929,1,5,0,3,0,0,2,0
1344085,4,2024,2024,3,2,9,39,31,193,145,0,1,10,-33.793497,151.077677,61,0,2,1,1,0,0,0,2,2,9,60,2,2040,2040,9,9,28,2,0,1,0,0
1344086,4,2024,2024,3,6,3,829,27,309,770,0,1,9,-33.81824,151.114352,61,0,2,1,0,0,0,0,2,2,9,60,2,2040,2040,9,0,28,2,0,1,0,0
1344087,2,2024,2024,3,0,3,916,17,27,917,0,1,1,-32.66302,151.369307,17,2,1,0,1,0,0,0,2,0,7,80,2,3775,3775,0,5,0,2,0,0,1,0
1344099,1,2024,2024,4,0,8,2261,17,7,2252,0,1,3,-34.424334,150.471947,78,1,0,1,3,0,0,0,2,0,7,110,2,1192,1192,1,5,35,2,0,0,0,1
1344101,2,2023,2023,10,3,11,92,31,316,34609,0,1,1,-33.915041,151.226926,59,0,2,1,3,0,0,0,0,0,7,40,0,941,941,1,30,5,3,0,0,1,0
1344105,2,2023,2023,11,4,9,2126,17,226,2149,0,1,2,-33.78049,150.819658,7,0,2,1,0,0,0,0,0,0,7,80,2,1383,1383,1,29,5,2,0,0,1,0
1344107,1,2024,2024,4,0,4,213,17,132,213,0,1,7,-29.779781,151.119171,33,2,1,1,3,0,0,0,2,0,0,50,2,5929,5929,1,30,5,2,0,0,0,1
1344108,1,2024,2024,3,0,11,344,27,88,163,0,1,9,-33.733981,150.849655,7,0,2,1,3,0,0,0,0,2,7,70,2,5929,5929,1,5,0,2,0,0,0,1
1344110,2,2024,2024,4,6,8,98,31,176,159,0,1,1,-33.952948,151.137721,4,0,2,1,3,0,0,0,2,0,16,60,2,84,84,8,0,40,1,0,0,1,0
1344111,1,2024,2024,3,2,8,2126,17,346,2149,0,1,9,-33.867217,151.096217,9,0,2,1,3,0,0,0,3,2,7,60,2,6545,6545,4,5,0,2,0,0,0,1
1344114,2,2024,2024,3,5,8,135,17,65,136,0,1,1,-36.066939,146.979371,0,2,1,1,0,0,0,0,2,0,7,80,2,945,945,5,0,40,1,0,0,1,0
1344115,2,2024,2024,3,2,5,4,27,24,34609,0,1,1,-34.941522,150.598927,63,2,1,1,3,0,0,0,2,0,7,60,0,14295,14295,3,30,5,2,0,0,1,0
1344120,2,2024,2024,3,5,3,29,1,105,34609,0,1,2,-32.714669,151.535065,42,2,1,1,3,0,0,0,2,0,7,50,0,475,475,5,5,40,1,0,0,1,0
1344121,1,2023,2023,2,4,5,177,31,314,208,0,1,7,-33.860348,150.927512,24,0,2,1,3,0,0,0,2,0,0,60,1,6545,6545,4,0,5,2,0,0,0,1
1344122,1,2023,2023,11,4,8,1104,14,223,962,0,1,3,-33.805116,150.91376,7,0,2,1,3,0,0,0,2,0,7,100,2,14295,14295,3,10,5,3,0,0,0,1
1344131,2,2024,2024,4,4,4,21,27,98,174,0,1,9,-33.00819,151.579058,37,0,2,1,3,0,0,0,2,0,7,60,2,1669,1669,3,5,5,2,0,0,1,2
1344142,1,2024,2024,3,5,5,1,27,197,34609,0,1,10,-33.7953,151.138682,61,0,2,1,3,0,3,4,2,0,15,50,0,1669,1669,3,5,0,2,0,0,0,1
1344143,1,2024,2024,3,3,9,99,31,609,34609,0,1,10,-33.76409,150.915704,7,0,2,1,2,0,0,0,0,0,15,50,0,6545,6545,4,5,5,2,0,0,0,1
1344147,4,2024,2024,3,2,8,104,27,137,140,0,1,2,-33.923015,151.207574,69,0,2,1,1,0,0,0,3,0,7,60,2,14295,14295,3,10,12,2,0,1,0,1
1344153,2,2024,2024,3,1,7,4,27,284,34609,0,1,10,-33.901908,151.009978,15,0,2,1,3,0,0,0,2,0,0,50,0,6545,6545,4,0,0,2,0,0,1,1
1344154,1,2024,2024,3,0,3,59,27,252,21,0,1,7,-33.93253,150.869131,41,0,2,0,3,0,0,0,2,0,0,60,2,395,395,1,10,35,2,0,0,0,1
1344162,1,2024,2024,3,5,4,16,27,54,9,0,1,1,-33.715074,151.015028,71,0,2,1,3,0,3,3,2,0,7,60,1,14295,14295,3,5,0,2,0,0,0,1
1344164,1,2024,2024,4,3,9,79,27,8,159,0,1,10,-33.924089,151.107999,15,0,2,1,3,0,0,0,3,2,7,60,2,1391,1391,1,5,36,2,0,0,0,1
1344168,1,2024,2024,3,1,9,866,17,110,793,0,1,6,-33.791679,150.997816,54,0,2,1,3,0,0,0,3,0,7,90,2,14295,14295,3,5,5,2,0,0,0,1
1344170,2,2024,2024,3,0,7,196,10,70,168,0,1,9,-33.91406,150.975531,15,0,2,1,3,0,0,0,2,2,7,60,2,5929,5929,1,0,0,4,0,0,1,0
1344171,2,2024,2024,3,2,5,6,27,169,147,0,1,10,-28.654202,153.615775,10,2,1,1,3,0,0,0,2,0,0,50,1,14295,14295,3,5,36,2,0,0,1,0
1344175,1,2024,2024,3,1,2,126,1,226,144,0,1,7,-33.756525,150.818475,7,0,2,1,3,0,0,0,1,0,0,60,2,1391,1391,1,0,0,2,0,0,0,1
1344176,2,2024,2024,3,6,8,1,31,149,34609,0,1,1,-33.865235,151.176289,32,0,2,1,3,0,0,0,2,0,7,40,0,237,162,8,5,40,1,0,0,1,0
1344180,1,2024,2024,3,5,5,2126,17,127,2149,0,1,9,-33.887985,151.159133,32,0,2,1,3,0,0,0,2,2,7,60,2,14295,14295,3,5,5,2,0,0,0,1
1344184,1,2024,2024,3,4,6,55,13,112,34609,0,1,1,-33.448809,151.448566,16,2,2,1,3,0,0,0,2,0,7,50,0,217,217,1,0,0,2,0,0,0,1
1344186,1,2024,2024,3,5,6,2,27,60,34609,0,1,10,-33.632404,150.286057,8,2,2,1,1,0,0,0,2,0,15,50,0,6545,6545,4,0,5,2,0,0,0,1
1344188,1,2024,2024,3,4,7,38,27,154,35,0,1,7,-33.70946,150.973793,71,0,2,0,3,0,0,0,2,0,0,60,1,14295,14295,3,5,18,2,0,0,0,1
1344189,1,2024,2024,3,6,7,4,27,224,34609,0,1,7,-33.827683,151.234933,45,0,2,1,3,0,0,0,2,0,7,50,0,14295,14295,3,0,0,2,0,0,0,1
1344190,4,2024,2024,3,0,8,3371,17,10,3342,0,1,2,-30.167209,153.17869,19,1,0,1,3,0,3,3,2,0,7,110,2,475,475,5,30,40,1,0,1,0,0
1344191,2,2024,2024,3,2,5,4,27,6,78,0,1,1,-33.77777,150.11241,51,2,1,0,3,2,2,6,2,0,7,20,2,3775,3775,0,16,19,2,0,0,1,1
1344194,1,2024,2024,3,2,9,9,27,3,56,0,1,1,-32.714626,147.46507,51,1,0,1,3,0,0,0,2,0,7,100,1,475,475,5,26,40,1,0,0,0,1
1344198,2,2024,2024,3,2,6,61,27,53,208,0,1,10,-33.850455,150.961131,21,0,2,1,3,0,0,0,2,2,6,60,1,5929,5929,1,10,5,2,0,0,1,0
1344208,1,2024,2024,3,5,4,16,31,102,34609,0,1,7,-33.961933,151.23822,59,0,2,1,3,0,0,0,2,0,0,60,0,14295,14295,3,5,0,2,0,0,0,1
1344215,2,2024,2024,3,1,9,104,27,443,702,0,1,10,-33.89538,151.066287,67,0,2,1,3,0,0,0,3,2,7,70,2,14295,14295,3,5,13,2,0,0,1,0
1344216,4,2024,2024,3,3,6,2261,17,49,2252,0,1,9,-34.736486,149.787303,26,1,0,1,3,0,0,0,2,0,0,110,2,237,162,8,5,40,1,0,1,0,0
1344217,1,2024,2024,3,0,5,3371,17,463,3342,0,1,9,-30.308412,153.100582,19,2,1,0,3,0,0,0,2,2,7,60,2,14295,14295,3,5,13,2,0,0,0,1
1344222,1,2024,2024,3,3,9,150,27,197,415,0,1,2,-33.788175,151.125305,61,0,2,1,3,0,0,0,3,0,7,70,2,14295,14295,3,0,5,2,0,0,0,1
1344223,1,2024,2024,3,5,8,1052,14,149,928,0,1,3,-33.352663,151.357494,16,1,2,0,3,0,3,4,2,0,7,110,2,14295,14295,3,0,5,2,0,0,0,1
1344229,1,2024,2024,3,3,10,2,31,96,34609,0,1,1,-34.219262,150.633288,79,1,2,1,0,0,0,0,0,0,7,100,0,945,945,5,10,40,1,0,0,0,1
1344230,2,2024,2024,3,1,8,73,1,175,34609,0,1,1,-33.775411,151.073329,54,0,2,1,3,0,0,3,3,0,7,50,0,3775,3775,0,5,13,2,0,0,2,0
1344231,2,2024,2024,3,3,7,157,17,123,158,0,1,9,-33.834699,148.681177,51,2,1,1,3,0,3,4,2,0,0,50,2,475,475,5,16,40,1,0,0,1,0
1344233,4,2024,2024,3,1,4,22,1,137,34609,0,1,9,-33.899217,150.896882,24,0,2,1,0,0,0,0,2,0,7,50,0,1981,1981,4,5,5,3,0,2,0,0
1344234,4,2024,2024,3,5,7,25,27,66,34609,0,1,10,-34.479938,150.900481,80,0,2,1,3,0,0,3,2,0,0,50,0,3775,3775,0,5,5,2,0,1,0,0
1344238,1,2024,2024,3,4,7,109,27,204,105,0,1,10,-33.89689,150.927843,24,0,2,1,3,0,0,0,2,2,7,60,2,5929,5929,1,5,5,2,0,0,0,1
1344240,1,2024,2024,3,6,7,30,27,193,34609,0,1,1,-33.790803,151.065959,54,0,2,1,3,0,0,0,2,0,7,50,0,14295,14295,3,5,5,2,0,0,0,2
1344245,2,2023,2023,10,6,9,26,31,26,7,0,1,9,-31.508227,150.680788,51,2,1,1,3,0,0,0,0,0,7,40,1,4026,4026,8,0,40,1,0,0,1,0
1344246,2,2024,2024,3,5,6,62,31,77,33,0,1,10,-32.563214,151.169177,64,2,1,1,3,0,0,3,2,2,7,50,1,5929,5929,1,5,5,2,0,0,1,0
1344253,2,2024,2024,3,5,1,361,32,62,96,0,1,9,-33.89408,151.149844,32,0,2,1,3,0,3,4,0,2,7,60,2,5929,5929,1,0,0,2,0,0,1,0
1344255,1,2024,2024,4,3,10,112,27,151,256,0,1,7,-34.030607,150.830835,13,0,2,1,3,0,0,0,0,0,0,70,2,14295,14295,3,5,0,2,0,0,0,1
1344258,4,2024,2024,3,0,4,1,31,237,34609,0,1,1,-33.870339,150.952808,24,0,2,1,3,0,3,3,2,0,7,50,0,312,312,2,0,40,1,0,1,0,0
1344259,4,2024,2024,3,4,7,220,14,113,220,0,1,3,-34.292286,150.921541,80,0,2,1,3,0,0,0,2,0,7,110,2,14295,14295,3,0,5,2,0,1,0,0
1344263,4,2023,2023,1,4,8,45,3,33,331,0,1,2,-34.061575,150.72651,12,0,2,1,1,0,0,0,2,0,7,100,2,3775,3775,0,5,12,2,0,1,0,1
1344264,4,2023,2023,10,1,7,6,10,106,34609,0,1,1,-28.842761,153.037477,60,2,1,0,1,0,0,0,2,0,7,50,0,2585,4009,8,5,40,1,0,1,0,0
1344268,4,2023,2023,11,2,7,296,27,460,293,0,1,9,-33.846496,150.997603,21,0,2,1,1,0,0,0,2,0,0,70,2,2852,2852,4,5,5,2,0,1,1,0
1344269,4,2023,2023,10,4,1,3371,17,463,3342,0,1,2,-30.282795,153.12767,19,2,1,1,3,0,2,6,0,0,7,60,2,9859,9859,8,0,40,1,0,1,0,0
1344270,2,2023,2023,11,4,5,308,14,323,311,0,1,3,-33.814606,150.851831,7,0,2,1,2,0,0,0,2,0,7,100,2,1282,1282,1,0,10,2,0,0,1,0
1344271,4,2023,2023,11,0,6,175,27,609,220,0,1,9,-33.752688,150.915291,7,0,2,1,1,0,0,0,2,2,7,70,2,3775,3775,0,30,13,4,0,2,0,0
1344272,4,2023,2023,10,5,8,109,27,169,382,0,1,9,-33.779353,150.849846,7,0,2,1,0,0,0,0,2,0,7,60,2,2852,2852,4,0,5,2,0,1,0,1
1344273,4,2023,2023,10,1,9,60,27,174,44,1,0,1,-33.868558,150.92035,24,0,2,1,1,0,0,0,2,0,9,50,1,2040,2040,9,0,28,2,0,1,0,0
1344275,4,2023,2023,10,1,3,48,10,463,52,0,1,7,-30.303186,153.123966,19,2,1,1,1,0,0,0,2,0,0,60,1,6545,6545,4,5,19,2,0,1,0,1
1344276,2,2023,2023,10,0,11,5,27,6,34609,0,1,1,-33.867303,150.799163,55,0,2,0,2,0,0,0,0,0,7,60,0,1259,5151,8,30,40,1,0,0,1,0
1344278,4,2023,2023,10,5,7,3,27,3,34609,0,1,1,-31.729617,152.648003,43,2,1,0,1,0,0,0,2,0,7,80,0,3775,3775,0,30,0,2,0,1,0,0
1344279,1,2023,2023,10,5,8,2209,17,176,2205,0,1,9,-33.960551,151.137991,4,0,2,1,0,0,3,4,2,0,7,60,2,14295,14295,3,5,0,2,0,0,0,1
1344280,2,2023,2023,10,5,7,346,17,44,332,0,1,9,-28.821541,153.411373,2,2,1,1,1,0,0,0,2,0,0,80,2,6545,6545,4,0,13,2,0,0,2,0
1344281,4,2023,2023,10,2,5,103,27,149,167,0,1,10,-33.987513,151.134911,25,0,2,1,1,0,0,0,2,3,7,60,2,5929,5929,1,10,0,2,0,1,1,2
1344282,4,2023,2023,9,2,5,3371,17,11,3342,0,1,2,-31.724117,152.698983,43,1,0,1,1,0,0,0,2,0,7,110,2,9859,9859,1,10,0,2,0,1,0,1
1344283,4,2023,2023,9,2,10,78,17,34,75,0,1,2,-33.860178,151.205853,69,0,2,1,2,0,0,0,0,0,7,70,2,2040,2040,9,5,28,2,0,1,0,0
1344284,4,2023,2023,9,0,4,5,31,41,34609,0,1,1,-33.908067,151.129681,15,0,2,1,1,0,0,0,2,0,7,50,0,340,340,9,5,28,2,0,1,0,0
1344285,4,2023,2023,9,3,3,110,27,113,48,0,1,2,-34.336271,150.880347,80,0,2,0,0,0,0,0,2,0,7,100,2,1957,4009,8,5,40,1,0,1,0,0
1344288,4,2023,2023,11,5,9,3371,17,65,3342,0,1,9,-33.382564,151.369901,16,2,2,1,2,0,0,0,0,2,7,60,2,14295,14295,3,5,36,2,0,1,0,0
1344289,2,2023,2023,9,0,6,56,1,155,34609,1,0,1,-33.504348,151.320355,16,2,2,1,1,0,0,0,2,0,7,50,0,3775,3775,0,0,5,3,0,0,1,0
1344290,4,2023,2023,9,2,5,4,36,33,18,0,1,1,-36.468495,148.642219,65,1,0,0,0,0,0,0,2,0,7,100,1,14295,14295,3,5,13,3,0,1,0,0
1344291,2,2023,2023,9,0,8,224,27,137,321,0,1,9,-33.911891,151.201758,69,0,2,1,2,0,0,0,2,0,7,50,2,5929,5929,1,0,19,2,0,0,1,0
1344294,4,2023,2023,9,3,9,70,31,43,34609,0,1,9,-33.574887,150.861846,29,2,2,1,0,0,0,0,2,0,15,50,0,256,256,4,22,13,2,0,1,0,0
1344295,2,2023,2023,9,5,8,10,27,271,18,0,1,1,-33.955453,151.017228,15,0,2,1,1,0,0,0,2,0,7,60,1,14295,14295,3,5,5,2,0,0,1,0
1344297,2,2023,2023,2,2,5,4,31,228,34609,0,1,7,-34.74935,149.713542,26,2,1,1,1,0,0,0,2,0,0,50,0,1945,1945,5,16,40,1,0,0,1,0
1344298,2,2023,2023,11,2,11,24,1,609,115,0,1,10,-33.76563,150.911037,7,0,2,1,2,0,0,0,0,2,7,60,2,1259,985,8,0,40,1,0,0,1,0
1344299,4,2023,2023,9,0,5,8,27,252,21,0,1,9,-33.932308,150.872197,41,0,2,0,0,0,0,0,2,2,7,60,2,2585,4009,8,16,40,2,0,1,0,0
1344303,2,2023,2023,9,1,11,485,27,187,769,1,0,2,-33.792721,150.999002,54,0,2,1,2,0,0,0,0,2,9,60,2,1981,1981,4,0,5,2,0,0,2,0
1344308,2,2023,2023,9,3,0,79,10,15,231,0,1,9,-33.448754,151.326781,16,2,2,0,2,0,0,0,0,0,7,60,2,2585,4009,8,10,40,1,0,0,2,0
1344310,4,2023,2023,2,5,5,2,27,4,34609,0,1,11,-33.947327,149.533104,51,2,1,0,0,0,0,0,2,0,0,50,0,782,957,5,29,40,1,0,1,0,0