Crash ID,Degree of crash - detailed,Reporting year,Year of crash,Month of crash,Day of week of crash,Two-hour intervals,Street of crash,Street type,Town,Route no.,School zone location,School zone active,Type of location,Latitude,Longitude,LGA,Urbanisation,Conurbation 1,Alignment,Street lighting,Road surface,Surface condition,Weather,Natural lighting,Signals operation,Other traffic control,Speed limit,Road classification,RUM - code,DCA - code,First impact type,Key TU type,Other TU type,No. of traffic units involved,No. killed,No. seriously injured,No. moderately injured,No. minor-other injured
1344313,2,2023,2023,9,3,5,89,27,182,228,0,1,1,-32.842042,151.33714,17,2,1,1,0,0,0,0,2,0,7,60,1,14295,14295,3,5,0,4,0,0,1,0
1344315,4,2023,2023,2,1,11,5,36,32,34609,0,1,1,-32.36101,152.259069,43,1,0,0,0,0,0,0,0,0,7,100,0,4552,5151,8,5,40,1,0,4,2,0
1344317,1,2023,2023,9,5,8,220,27,92,222,0,1,2,-33.757857,150.955123,71,0,2,1,1,0,3,4,3,0,7,80,2,14295,14295,3,5,0,2,0,0,0,1
1344319,2,2023,2023,2,6,9,12,27,151,34609,0,1,1,-34.037325,150.854281,13,0,2,1,2,0,0,0,3,0,7,60,0,1981,1981,4,5,19,2,0,0,1,0
1344321,2,2023,2023,9,4,8,15,31,64,34609,0,1,1,-33.963761,150.998768,15,0,2,1,0,0,0,0,2,0,7,50,0,14295,14295,3,0,5,2,0,0,1,0
1344323,4,2023,2023,2,4,4,3,27,18,34609,0,1,1,-33.306547,149.058095,52,2,1,0,0,0,0,0,2,0,7,80,0,323,323,1,16,5,2,0,1,0,0
1344324,1,2023,2023,11,4,5,283,27,70,702,0,1,9,-33.980608,151.107657,25,0,2,1,2,0,0,0,2,0,15,50,2,2040,2040,9,0,28,2,0,0,0,1
1344326,4,2023,2023,2,0,4,71,27,69,122,0,1,9,-34.554581,150.859868,62,0,2,1,1,0,0,0,2,2,7,70,2,5929,5929,1,0,5,2,0,1,0,0
1344327,4,2023,2023,9,3,3,21,36,13,34609,0,1,1,-30.866504,152.928255,34,1,0,1,0,0,3,4,2,0,7,100,1,404,404,8,16,40,1,0,1,0,0
1344329,4,2023,2023,2,0,4,31,27,197,69,0,1,10,-33.794998,151.14087,61,0,2,1,1,0,0,0,2,2,7,60,2,5929,5929,1,5,5,2,0,1,0,1
1344330,2,2023,2023,9,6,7,80,27,107,6,1,0,1,-33.282392,151.420288,16,2,2,0,0,0,0,0,2,0,7,50,0,1957,4009,1,5,13,3,0,0,2,0
1344331,1,2023,2023,2,0,9,44,31,215,34609,0,1,7,-35.115045,147.360425,75,2,1,1,1,0,0,0,3,0,0,50,0,591,591,1,22,13,2,0,0,0,1
1344332,4,2023,2023,2,2,0,97,27,166,799,0,1,9,-33.931929,150.999403,15,0,2,1,2,0,0,0,0,2,7,70,2,5929,5929,1,0,5,2,0,6,1,0
1344333,2,2024,2024,4,4,8,48,10,316,121,0,1,7,-31.430278,152.886504,56,2,1,1,0,0,0,0,2,0,0,60,1,6545,6545,4,16,0,2,0,0,1,0
1344334,4,2024,2024,4,1,0,4,1,187,34609,0,1,4,-33.881709,150.972644,24,0,2,0,2,0,0,3,0,0,7,50,0,4552,5151,8,5,40,1,0,3,0,1
1344335,2,2023,2023,2,6,8,55,10,112,47,0,1,1,-33.439163,151.421079,16,2,2,0,1,0,3,4,2,0,7,70,2,418,714,5,30,40,1,0,0,1,0
1344336,4,2023,2023,2,0,8,86,27,12,65,0,1,1,-29.991555,152.711139,18,1,0,0,0,0,0,0,2,0,7,100,1,1259,5151,8,16,40,1,0,1,0,0
1344337,4,2023,2023,11,1,3,19,27,118,19,0,1,1,-33.326281,151.276645,16,1,2,1,0,0,0,0,2,0,7,100,1,1089,1089,7,16,40,1,0,1,0,0
1344338,4,2023,2023,2,3,5,8,27,13,34609,0,1,1,-30.033644,152.998136,18,1,0,0,0,2,0,0,2,0,7,100,0,1850,1463,5,16,40,1,0,1,0,0
1344340,4,2023,2023,9,3,9,98,31,176,159,0,1,9,-33.954944,151.142388,4,0,2,1,2,0,0,0,0,0,7,60,2,775,775,4,5,19,2,0,1,0,0
1344342,2,2024,2024,4,1,6,3371,17,10,3342,0,1,2,-32.637463,152.036104,43,1,0,0,0,0,0,0,2,0,7,110,2,4552,5151,8,5,40,1,0,0,1,0
1344344,2,2023,2023,2,6,8,16,31,194,148,0,1,1,-30.520429,151.678747,1,2,1,1,1,0,0,0,2,0,7,50,2,186,186,1,10,5,2,0,0,1,0
1344345,4,2023,2023,10,3,0,47,27,293,69,0,1,10,-33.941141,151.252813,59,0,2,0,2,0,0,0,0,2,7,50,1,1957,4009,1,10,5,3,0,1,1,0
1344346,2,2024,2024,4,4,3,1,6,10,34609,0,1,9,-30.15833,153.189288,19,2,1,1,1,0,0,0,2,0,7,50,0,4026,4026,8,5,40,1,0,0,1,0
1344347,2,2024,2024,4,1,1,34,27,6,83,0,1,1,-29.516331,153.095136,18,1,0,1,2,0,0,0,0,0,7,100,1,475,475,5,10,40,1,0,0,1,1
1344351,4,2024,2024,4,5,9,8,34,22,34609,0,1,1,-36.062684,146.893247,0,2,1,0,0,2,0,3,2,0,7,80,0,3775,3775,0,16,27,2,0,1,0,1
1344352,1,2024,2024,4,3,5,29,23,19,34609,0,1,1,-28.213273,153.490438,72,2,1,1,0,0,2,6,2,0,7,50,0,9859,9859,1,0,5,3,0,0,0,1
1344356,4,2024,2024,4,2,8,3371,17,32,3342,0,1,2,-29.088165,153.342317,60,1,0,0,0,0,0,3,2,0,7,110,2,2585,4009,8,0,40,1,0,1,0,0
1344357,4,2023,2023,11,4,8,478,17,128,480,0,1,9,-33.427208,151.329656,16,2,2,1,1,0,0,0,3,0,0,70,2,2852,2852,4,5,19,2,0,1,0,0
1344358,4,2024,2024,4,1,4,39,31,94,34609,0,1,10,-33.836895,151.035892,54,0,2,1,1,0,3,4,2,0,15,50,0,6545,6545,4,5,5,4,0,1,1,0
1344365,1,2023,2023,11,6,2,147,27,104,605,0,1,10,-33.830511,151.219478,49,0,2,1,2,0,0,0,0,2,7,60,2,6545,6545,4,5,5,2,0,0,0,1
1344366,4,2024,2024,4,4,8,2126,17,33,2149,0,1,9,-33.477951,150.135377,40,2,1,0,0,0,0,0,2,0,0,70,2,775,775,4,10,0,2,0,1,1,1
1344369,2,2024,2024,4,6,11,2261,17,284,2252,0,1,10,-33.907374,151.020557,15,0,2,0,2,0,0,0,0,2,7,60,2,3775,3775,0,16,5,2,0,0,1,0
1344377,2,2024,2024,4,6,8,2209,17,29,2205,0,1,1,-35.308212,150.430733,63,2,1,0,0,0,0,0,2,0,7,60,2,3775,3775,0,5,0,3,0,0,1,1
1344379,2,2024,2024,4,4,9,916,17,165,917,0,1,9,-32.275228,150.895245,46,2,1,1,1,0,0,0,2,2,7,50,2,1669,1669,3,34,36,2,0,0,1,0
1344382,2,2024,2024,4,6,6,2,27,4,34609,0,1,1,-36.461419,148.79862,65,1,0,1,0,2,3,0,2,0,7,100,0,9859,9859,8,0,40,1,0,0,2,2
1344383,2,2024,2024,4,2,4,1,6,433,34609,0,1,1,-33.263798,149.092593,52,2,1,0,1,0,0,0,2,0,7,50,0,220,220,8,5,40,1,0,0,1,0
1344388,4,2024,2024,3,6,6,15,27,82,34609,0,1,1,-31.064007,150.9413,70,2,1,0,0,0,3,6,2,0,7,80,0,1957,4009,8,0,40,1,0,1,0,0
1344389,4,2024,2024,4,6,4,330,23,293,112,0,1,2,-33.940364,151.23926,59,0,2,1,1,0,0,0,2,0,7,50,2,2040,2040,9,0,28,2,0,1,0,0
1344390,2,2024,2024,4,0,7,48,10,463,32,0,1,7,-30.292526,153.132823,19,2,1,1,0,0,0,0,2,0,0,60,1,1282,1282,1,5,13,3,0,0,1,0
1344392,4,2024,2024,3,3,11,12,27,25,34609,0,1,1,-33.900903,150.64452,41,0,2,0,0,0,0,0,0,0,7,80,0,4552,5151,8,5,40,1,0,1,1,0
1344394,1,2024,2024,3,2,5,23,27,61,91,0,1,9,-35.183763,149.258437,58,2,1,1,1,0,0,0,2,0,0,80,2,6545,6545,4,10,5,2,0,0,0,2
1344403,4,2024,2024,4,4,7,112,27,79,769,0,1,1,-33.573636,150.713105,29,2,2,1,1,0,0,0,2,0,7,60,2,9859,9859,8,0,40,1,0,1,0,0
1344405,1,2024,2024,3,4,6,4,27,41,34609,0,1,1,-34.108686,150.818625,13,0,2,0,0,0,0,0,2,0,7,60,0,1850,1463,5,5,40,1,0,0,0,1
1344407,4,2024,2024,4,2,8,16,36,58,43,0,1,7,-28.534516,153.540264,10,2,1,0,1,0,0,0,2,0,0,60,1,1850,1463,5,22,40,1,0,1,0,0
1344410,4,2024,2024,3,2,7,829,27,149,770,0,1,9,-33.86713,151.175309,32,0,2,0,1,0,0,0,2,2,7,60,2,14295,14295,3,16,5,2,0,1,0,0
1344412,4,2024,2024,4,1,4,2,31,53,34609,0,1,10,-32.232358,148.242953,51,2,1,1,1,0,0,0,2,0,0,50,0,84,84,8,10,40,1,0,1,0,0
1344417,2,2024,2024,3,0,8,3,31,106,34609,0,1,10,-28.849196,153.041582,60,2,1,1,0,0,0,0,2,0,0,50,0,6545,6545,4,22,36,2,0,0,1,0
1344419,2,2024,2024,3,6,4,265,10,445,563,0,1,10,-33.861729,151.042278,21,0,2,0,1,0,0,0,2,1,7,70,2,14295,14295,3,5,5,6,0,0,2,0
1344422,2,2024,2024,3,0,8,37,31,198,34609,0,1,9,-33.920124,151.109607,15,0,2,1,0,0,0,0,2,0,7,50,0,2852,2852,4,5,5,2,0,0,1,1
1344428,4,2024,2024,3,2,10,3371,17,11,3342,0,1,2,-30.050953,153.185671,19,1,0,1,2,0,0,3,0,0,7,110,2,3775,3775,0,0,5,2,0,2,0,0
1344431,4,2024,2024,3,3,9,2209,17,273,2205,0,1,7,-34.419567,150.892544,80,0,2,1,1,0,0,0,2,0,0,50,2,6545,6545,4,33,18,2,0,1,0,0
1344434,1,2024,2024,4,6,7,294,17,15,288,0,1,1,-34.592441,144.652693,51,1,0,1,0,0,3,4,2,0,7,110,2,1945,1945,5,16,40,1,0,0,0,1
1344436,1,2024,2024,3,0,11,19,31,532,34609,0,1,0,-33.86969,151.203709,69,0,2,1,2,0,3,4,0,0,7,40,0,1383,1383,1,22,19,3,0,0,0,1
1344437,4,2024,2024,3,3,10,57,31,532,30,0,1,10,-33.877607,151.2047,69,0,2,1,2,0,0,0,0,2,9,40,1,1220,1220,9,5,28,2,0,1,0,0
1344450,4,2024,2024,3,5,7,6,31,460,34609,0,1,1,-33.837702,150.985721,21,0,2,1,0,0,0,3,2,0,7,50,0,2040,2040,9,5,28,3,0,1,0,1
1344453,2,2024,2024,3,3,8,15,27,3,34609,0,1,1,-35.060154,149.863921,26,1,0,0,0,0,0,0,2,0,7,100,0,1089,1089,7,10,40,1,0,0,1,1
1344455,2,2024,2024,4,6,7,2209,17,29,2205,0,1,9,-35.310909,150.431831,63,2,1,1,0,0,0,0,2,0,7,50,2,14295,14295,3,10,0,2,0,0,1,0
1344458,4,2024,2024,4,6,6,7,27,523,34609,0,1,10,-33.929411,150.920693,41,0,2,1,1,0,0,6,2,0,0,50,0,2852,2852,4,5,5,2,0,1,1,0
1344459,4,2024,2024,4,0,5,133,10,316,121,0,1,2,-31.443442,152.898698,56,2,1,0,1,0,0,3,2,0,7,70,1,2585,4009,8,5,40,1,0,1,0,0
1344460,4,2024,2024,3,1,9,220,27,251,222,0,1,2,-33.765371,150.958157,7,0,2,1,2,0,0,0,3,0,7,80,2,14295,14295,3,16,5,2,0,1,0,0
1344463,2,2024,2024,4,1,8,70,27,78,100,0,1,9,-33.693524,150.575345,8,2,2,1,1,0,3,4,2,0,15,60,2,2852,2852,4,0,5,2,0,0,1,0
1344469,2,2024,2024,3,0,9,55,10,112,47,0,1,9,-33.439263,151.429008,16,2,2,1,0,0,0,0,2,2,7,60,2,2852,2852,4,0,12,2,0,0,1,0
1344470,4,2024,2024,3,3,0,87,31,10,34609,0,1,9,-31.63272,152.702026,56,2,1,1,0,0,3,4,0,0,0,50,0,4552,985,8,5,40,1,0,1,0,0
1344474,1,2024,2024,3,3,5,2,27,3,34609,0,1,9,-32.434576,149.596584,44,1,0,1,0,2,0,0,2,0,0,100,0,489,489,8,21,40,1,0,0,0,1
1344476,2,2024,2024,3,2,3,222,27,562,34609,0,1,9,-32.267205,148.6037,22,2,1,1,0,0,0,0,2,0,0,60,0,2852,2852,4,0,27,2,0,0,1,0
1344482,2,2024,2024,3,6,3,4,31,77,34609,0,1,9,-32.942499,151.756232,48,0,2,1,1,0,3,4,1,0,0,50,0,5929,5929,1,10,27,2,0,0,1,0
1344484,4,2023,2023,9,6,6,12,31,143,34609,0,1,1,-33.6989,151.105006,31,0,2,1,0,0,0,0,2,0,7,50,0,1850,1463,5,16,40,1,0,1,0,0
1344485,4,2024,2024,4,5,7,195,27,40,186,0,1,2,-33.949634,150.838832,41,0,2,0,1,0,0,0,2,0,7,70,2,14295,14295,3,16,13,2,0,1,0,0
1344487,2,2024,2024,3,6,8,163,27,29,165,0,1,2,-33.744498,150.799103,7,0,2,1,1,0,3,4,2,0,7,60,1,14295,14295,3,5,5,2,0,0,1,0
1344489,2,2024,2024,3,1,5,20,31,438,34609,0,1,1,-33.838015,151.030426,21,0,2,1,0,0,0,0,2,0,7,50,0,1981,1981,4,29,0,2,0,0,1,0
1344494,2,2024,2024,4,0,8,2126,17,179,2149,0,1,10,-33.756865,150.712192,55,0,2,1,1,0,0,0,2,3,9,70,2,1192,1192,1,8,5,2,0,0,1,0
1344498,4,2024,2024,3,5,4,15,27,20,34609,0,1,1,-32.926547,151.670235,37,0,2,0,1,0,3,4,2,0,7,50,0,3775,3775,0,30,0,2,0,1,0,0
1344501,4,2024,2024,4,1,11,387,27,115,331,0,1,10,-33.961293,151.057969,25,0,2,1,0,0,0,0,0,3,7,60,2,5929,5929,1,0,5,2,0,1,0,0
1344502,4,2023,2023,10,4,11,1,27,10,34609,0,1,1,-29.662926,149.717304,51,1,0,0,0,0,0,0,0,0,7,100,0,1850,1463,5,10,40,1,0,1,0,0
1344507,4,2024,2024,4,6,5,19,1,132,148,0,1,1,-34.060361,151.053451,68,0,2,1,0,0,0,0,2,0,7,60,2,1945,1945,5,16,40,1,0,1,0,0
1344509,2,2024,2024,3,0,4,29,1,14,52,0,1,9,-33.715521,150.770384,7,0,2,1,1,0,0,0,2,0,0,80,1,6545,6545,4,5,0,2,0,0,1,1
1344513,1,2023,2023,9,4,10,72,31,44,62,0,1,1,-33.949313,151.149065,4,0,2,1,2,0,0,0,0,0,7,60,1,1282,1282,1,0,0,3,0,0,0,1
1344514,4,2024,2024,3,5,8,77,31,64,563,0,1,9,-33.885729,151.039766,21,0,2,1,0,0,0,0,2,0,0,80,2,2852,2852,4,0,0,2,0,1,1,0
1344515,2,2024,2024,3,0,6,3371,17,12,3342,0,1,2,-32.149006,152.325393,43,1,0,0,0,0,3,4,2,0,7,100,2,782,957,5,0,40,1,0,0,1,0
1344517,4,2023,2023,2,6,8,98,27,6,34609,1,0,9,-33.835416,151.203282,49,0,2,1,1,0,3,4,2,0,9,40,0,2040,2040,9,5,28,2,0,1,0,0
1344518,2,2024,2024,3,2,0,2,22,9,34609,0,1,7,-33.835309,151.057535,54,0,2,0,2,0,0,0,0,0,0,50,0,368,368,9,0,28,2,0,0,1,0
1344519,4,2024,2024,3,3,5,46,27,96,49,0,1,1,-34.056662,150.847421,13,0,2,1,0,0,0,0,2,0,7,60,1,9859,9859,1,0,0,3,0,1,0,0
1344521,4,2024,2024,3,6,11,6,10,33,34609,0,1,9,-34.015521,150.815466,13,0,2,1,2,0,3,4,0,0,0,60,0,4026,4026,8,5,40,1,0,1,0,0
1344523,4,2023,2023,10,1,3,1104,14,323,962,0,1,3,-33.791842,150.830536,7,0,2,0,3,0,2,6,1,0,7,110,2,14295,14295,3,5,0,3,0,1,0,0
1344524,4,2024,2024,3,6,7,74,27,609,163,0,1,10,-33.778869,150.914218,7,0,2,1,1,0,0,0,2,2,7,60,2,5929,5929,1,0,36,2,0,1,1,0
1344526,2,2024,2024,3,6,5,73,31,532,34609,0,1,10,-33.865166,151.204142,69,0,2,1,2,0,3,4,2,2,7,40,0,6545,6545,4,0,0,2,0,0,1,1
1344527,2,2024,2024,3,2,0,916,17,17,917,0,1,1,-32.15993,150.887629,73,2,1,1,2,0,0,0,0,0,7,50,2,9859,9859,8,10,40,1,0,0,1,0
1344529,2,2024,2024,3,0,4,2126,17,21,2149,0,1,2,-33.725725,150.398195,8,2,2,1,0,0,3,4,2,0,7,80,2,9859,9859,8,5,40,1,0,0,1,0
1344532,4,2024,2024,3,0,8,15,27,11,34609,0,1,1,-35.291454,148.570236,66,2,1,0,0,2,0,0,3,0,7,60,0,4552,5151,8,0,40,1,0,1,0,0
1344538,1,2024,2024,3,5,8,195,27,49,186,0,1,2,-33.91752,150.854172,41,0,2,1,1,0,3,4,2,0,7,70,2,14295,14295,3,0,0,2,0,0,0,1
1344539,1,2024,2024,3,5,4,255,27,103,172,0,1,9,-32.933835,151.655634,37,0,2,1,0,0,0,0,2,3,7,60,2,14295,14295,3,33,5,2,0,0,0,1
1344541,4,2024,2024,3,6,7,102,31,107,53,0,1,10,-33.879053,151.195721,69,0,2,1,1,0,0,0,2,2,7,50,2,14295,14295,3,5,5,3,0,1,0,1
1344542,2,2024,2024,3,6,4,17,31,433,34609,0,1,10,-33.284413,149.09091,52,2,1,1,1,0,0,0,2,0,0,50,0,6545,6545,4,10,5,2,0,0,1,0
1344548,2,2024,2024,3,3,11,21,1,123,25,0,1,2,-33.909985,151.222794,59,0,2,1,2,0,0,0,0,0,7,50,1,1957,4009,8,5,40,1,0,0,1,0
1344550,2,2024,2024,4,0,6,105,27,70,109,0,1,1,-33.884864,150.885231,24,0,2,1,0,0,0,0,2,0,7,60,1,14295,14295,3,10,12,2,0,0,1,0
1344551,4,2024,2024,3,5,3,512,17,562,441,0,1,1,-32.217353,148.556656,22,1,0,1,0,0,0,0,2,0,7,110,2,3775,3775,0,0,13,2,0,1,1,0
1344562,2,2024,2024,3,2,11,6,10,63,34609,0,1,9,-33.244753,151.497366,16,2,2,1,2,0,0,0,0,0,7,50,0,2852,2852,4,5,0,2,0,0,1,0
1344565,1,2023,2023,10,2,4,17,31,201,34609,0,1,7,-34.882215,150.599085,63,2,1,1,1,0,0,0,2,0,0,50,0,6545,6545,4,5,13,2,0,0,0,1
1344570,2,2024,2024,3,5,3,125,27,155,75,0,1,1,-33.492723,151.314601,16,2,2,1,1,0,0,0,2,0,11,60,1,14295,14295,3,5,13,2,0,0,1,0
1344576,2,2024,2024,3,5,2,2261,17,30,2252,0,1,3,-34.482024,150.314432,78,1,0,0,1,0,0,1,1,0,7,110,2,14295,14295,3,5,2,2,0,0,1,0
1344578,2,2024,2024,4,4,10,1,1,89,34609,0,1,1,-33.860064,150.889185,24,0,2,1,2,0,0,0,0,0,7,50,0,312,312,2,10,40,1,0,0,1,0
1344582,2,2024,2024,3,2,3,330,23,35,39,0,1,7,-33.978688,151.2445,59,0,2,1,2,0,0,0,1,0,0,60,1,2852,2852,4,5,27,2,0,0,1,0
1344583,4,2024,2024,4,2,5,1,27,7,34609,0,1,1,-30.781348,152.529046,34,1,0,0,0,0,0,0,2,0,7,100,0,273,957,5,16,40,1,0,1,0,0
1344593,2,2023,2023,10,0,7,3371,17,89,3342,0,1,2,-28.224806,153.555554,72,1,0,1,0,0,3,4,2,0,7,100,2,14295,14295,3,5,13,4,0,0,1,0
1344596,4,2024,2024,3,0,3,56,1,224,34609,0,1,9,-33.829538,151.25291,45,0,2,0,1,0,3,3,2,0,7,50,0,237,162,8,5,40,1,0,1,0,0
1344601,4,2024,2024,4,6,4,829,27,165,770,0,1,10,-33.855074,151.158278,14,0,2,1,1,0,0,0,2,2,9,60,2,2040,2040,9,10,28,2,0,1,0,0
1344603,4,2024,2024,3,5,3,475,31,532,75,0,1,10,-33.873304,151.209896,69,0,2,1,2,0,3,4,1,2,7,40,1,6545,6545,4,22,13,2,0,1,0,0
1344605,4,2024,2024,3,3,5,35,27,1,34609,0,1,1,-33.345318,151.147184,16,2,2,1,0,0,0,0,2,0,7,50,0,78,78,8,23,40,1,0,2,0,0
1344606,2,2024,2024,3,0,8,27,27,44,34609,1,0,1,-33.898628,150.965369,24,0,2,1,1,0,0,0,2,0,7,50,0,1981,1981,4,22,5,2,0,0,1,0
1344613,2,2024,2024,3,1,3,866,1,79,34609,0,1,9,-34.907583,150.587132,63,2,1,1,1,0,0,3,2,0,0,80,0,2852,2852,4,5,13,2,0,0,1,0
1344616,2,2023,2023,2,4,5,82,31,179,369,0,1,10,-33.768049,150.710352,55,0,2,1,1,0,0,0,2,2,7,70,2,6545,6545,4,0,5,2,0,0,2,0
1344617,4,2024,2024,3,0,8,154,27,293,244,0,1,1,-33.926985,151.051441,15,0,2,1,0,0,0,0,2,0,7,60,2,1220,1220,9,5,28,2,0,1,0,0
1344618,2,2024,2024,3,1,5,222,27,562,34609,1,0,10,-32.268022,148.609835,22,2,1,1,1,0,0,0,2,0,15,50,0,6545,6545,4,5,5,2,0,0,1,1
1344621,4,2023,2023,2,6,5,59,27,271,42,0,1,9,-33.948671,151.017466,15,0,2,1,1,0,0,0,2,2,7,60,1,14295,14295,3,5,13,3,0,1,0,0
1344622,4,2024,2024,3,5,4,4,33,5,34609,0,1,1,-33.190338,149.520072,3,1,0,0,0,0,0,0,2,0,7,100,0,1089,1089,7,16,40,1,0,1,0,0
1344624,4,2024,2024,3,6,7,2,36,79,34609,1,0,1,-33.999115,150.736991,12,0,2,1,1,0,0,0,2,0,7,50,0,1220,1220,9,5,26,3,0,1,0,1
1344625,2,2024,2024,3,3,9,829,27,159,770,0,1,9,-33.806426,151.080905,61,0,2,1,1,0,0,0,3,2,7,60,2,5929,5929,1,5,5,2,0,0,1,0
1344630,4,2024,2024,3,0,5,17,27,106,157,0,1,10,-28.846789,153.039734,60,2,1,1,1,0,3,4,2,0,15,50,2,6545,6545,4,0,0,2,0,2,0,0
1344633,4,2024,2024,4,6,4,85,27,72,145,0,1,9,-33.799075,151.053967,54,0,2,1,2,0,0,0,2,0,0,70,2,5929,5929,1,5,22,2,0,1,0,0
1344634,2,2024,2024,4,0,6,283,27,197,702,1,0,2,-33.950599,151.081908,25,0,2,1,1,0,0,0,2,0,7,60,2,1192,1192,1,33,5,2,0,0,1,0
1344639,2,2023,2023,11,2,8,12,27,19,34609,0,1,1,-28.58973,153.496992,10,2,1,1,0,0,3,4,3,0,7,80,0,4026,4026,8,10,40,1,0,0,1,0
1344640,1,2024,2024,3,3,11,46,1,253,165,0,1,1,-33.969947,151.099762,25,0,2,1,2,0,0,0,0,0,7,50,1,9859,9859,1,0,5,2,0,0,0,1
1344646,2,2024,2024,3,1,7,8,31,433,19,1,0,2,-33.278361,149.087182,52,2,1,1,1,0,0,0,2,0,7,50,2,3775,3775,0,21,0,3,0,0,1,0
1344649,2,2024,2024,4,6,7,283,27,88,702,0,1,2,-33.988027,151.111715,25,0,2,1,1,0,0,0,2,0,7,70,2,1282,1282,1,8,5,2,0,0,1,0
1344651,1,2024,2024,3,6,7,2209,17,44,2205,0,1,9,-33.947629,151.140383,4,0,2,1,1,0,0,0,2,0,0,60,2,5929,5929,1,15,5,2,0,0,0,2
1344655,4,2024,2024,4,4,8,512,17,9,441,0,1,1,-33.385305,149.209286,52,1,0,0,0,0,0,0,2,0,7,100,2,1259,5151,8,10,40,1,0,1,0,0
1344658,1,2023,2023,11,1,5,2,27,23,34609,0,1,1,-35.677094,150.240883,23,2,1,0,0,2,0,0,2,0,7,50,0,1850,1463,5,22,40,2,0,0,0,1
1344659,2,2023,2023,11,6,5,1052,14,77,928,0,1,3,-33.516255,151.195311,16,1,2,0,1,0,0,0,2,0,7,90,2,1282,1282,1,5,13,2,0,0,1,0
1344661,4,2023,2023,11,3,1,50,27,57,799,0,1,10,-33.899492,151.170935,32,0,2,1,2,0,0,0,0,2,9,60,2,2040,2040,9,5,28,2,0,1,0,0
1344662,2,2023,2023,11,0,9,37,1,96,212,0,1,10,-35.356706,149.225351,58,2,1,1,2,0,0,0,0,2,7,60,2,5929,5929,1,10,5,2,0,0,1,0
1344663,4,2023,2023,11,0,10,2209,17,12,2205,0,1,1,-35.276999,150.423293,63,1,0,1,0,0,0,0,0,0,7,100,2,3775,3775,0,5,0,2,0,2,1,0
1344664,2,2023,2023,11,2,8,4,27,4,31,0,1,1,-36.170302,149.465474,65,1,0,0,0,2,0,0,2,0,7,100,1,368,368,9,16,28,2,0,0,2,0
1344665,2,2023,2023,11,5,7,194,31,309,702,0,1,9,-33.819373,151.099798,61,0,2,1,1,0,0,0,2,2,7,70,2,9859,9859,1,8,22,2,0,0,1,0
1344666,1,2023,2023,10,5,5,10,1,100,34609,0,1,1,-33.886079,150.887407,24,0,2,1,1,0,0,0,2,0,9,50,0,1220,1220,9,5,28,2,0,0,0,1
1344668,2,2023,2023,11,0,8,27,27,2,34609,0,1,1,-31.79104,152.067194,43,1,0,0,0,2,0,0,2,0,7,100,0,1259,5151,8,10,40,1,0,0,2,0
1344669,4,2023,2023,11,4,6,10,27,73,35,0,1,9,-33.894055,151.164099,32,0,2,1,1,0,0,0,2,2,7,50,1,6545,6545,4,5,10,2,0,1,0,0
1344670,4,2023,2023,10,2,8,1,27,5,34609,0,1,1,-32.241244,152.471848,43,2,1,1,1,0,0,0,2,0,7,50,0,121,121,9,5,28,2,0,1,0,0
1344671,4,2023,2023,9,2,7,3,27,45,34609,0,1,1,-34.290681,150.58493,79,2,2,1,0,0,0,6,2,0,7,50,0,1945,1945,5,16,40,1,0,1,0,0
1344673,1,2023,2023,10,3,9,296,27,41,293,0,1,2,-33.865916,150.988908,24,0,2,1,2,0,0,0,0,0,7,70,2,591,591,1,22,5,2,0,0,0,1
1344675,4,2023,2023,11,4,0,1052,14,54,928,0,1,3,-33.464383,151.195185,16,1,2,0,1,0,0,0,0,0,7,110,2,1957,4009,8,16,40,1,0,1,0,0
1344676,4,2023,2023,9,3,6,916,17,30,917,0,1,10,-31.074166,151.027815,70,1,0,1,0,0,0,0,2,0,0,100,2,6545,6545,4,0,5,2,0,1,0,0
1344677,2,2023,2023,9,6,10,73,10,18,34609,0,1,1,-31.131017,150.942047,70,2,1,0,2,0,0,0,0,0,7,50,0,1850,1463,5,10,40,1,0,0,1,0
1344678,4,2023,2023,10,5,2,35,1,63,52,0,1,9,-33.734646,150.798965,7,0,2,1,1,0,0,0,1,0,15,60,1,5929,5929,1,5,19,2,0,1,0,0
1344683,4,2023,2023,9,2,6,4,31,204,34609,0,1,9,-33.939104,151.137065,4,0,2,1,1,0,0,0,2,0,7,50,0,941,941,1,30,19,2,0,1,0,0
1344684,2,2023,2023,2,6,9,1,25,18,34609,0,1,1,-35.649729,150.138112,23,2,1,1,0,0,0,0,2,0,7,50,0,1089,1089,7,16,40,1,0,0,1,0
1344688,4,2023,2023,9,3,7,3371,17,36,3342,0,1,1,-33.432852,151.233052,16,2,2,0,0,0,0,0,2,0,7,60,2,4552,5151,8,16,40,1,0,1,0,0
1344690,2,2023,2023,11,5,7,165,31,128,369,0,1,1,-33.637998,150.785607,29,2,2,1,1,0,0,0,2,0,7,60,2,14295,14295,3,9,0,3,0,0,2,0
1344691,2,2023,2023,9,6,7,109,36,21,108,0,1,1,-28.272538,153.472003,72,1,0,1,1,0,0,0,2,0,7,100,1,1383,1383,1,5,5,2,0,0,1,0
1344694,2,2023,2023,2,0,11,5,7,8,34609,0,1,9,-33.610988,151.136862,31,0,2,0,2,0,0,0,0,0,7,50,0,4552,5151,8,16,40,1,0,0,1,0