Crash ID,Degree of crash - detailed,Reporting year,Year of crash,Month of crash,Day of week of crash,Two-hour intervals,Street of crash,Street type,Town,Route no.,School zone location,School zone active,Type of location,Latitude,Longitude,LGA,Urbanisation,Conurbation 1,Alignment,Street lighting,Road surface,Surface condition,Weather,Natural lighting,Signals operation,Other traffic control,Speed limit,Road classification,RUM - code,DCA - code,First impact type,Key TU type,Other TU type,No. of traffic units involved,No. killed,No. seriously injured,No. moderately injured,No. minor-other injured
1344695,1,2023,2023,9,2,5,481,17,3,483,0,1,1,-33.235934,148.115282,53,1,0,1,0,0,3,4,2,0,7,110,2,1945,1945,5,16,40,1,0,0,0,1
1344697,1,2023,2023,10,5,3,77,27,40,34609,1,0,1,-34.416171,150.883006,80,0,2,1,1,0,0,0,2,0,7,50,0,368,368,9,30,28,2,0,0,0,1
1344698,2,2023,2023,2,6,4,40,27,19,34609,0,1,10,-35.755489,145.583882,51,1,0,1,0,0,0,0,2,0,0,100,0,6545,6545,4,29,5,2,0,0,1,1
1344699,2,2023,2023,2,3,10,500,27,106,799,0,1,9,-33.9233,151.092662,15,0,2,1,2,0,3,4,0,0,6,60,2,14295,14295,3,5,5,2,0,0,1,0
1344701,1,2023,2023,2,6,3,132,31,252,126,0,1,10,-33.891777,151.214442,69,0,2,1,1,0,0,0,2,2,6,50,2,6545,6545,4,22,5,2,0,0,0,1
1344703,4,2023,2023,9,6,5,2126,17,363,2149,0,1,9,-33.750624,150.695951,55,0,2,1,0,0,0,0,2,2,7,50,2,1220,1220,9,19,28,2,0,1,0,0
1344704,2,2023,2023,2,2,1,346,17,14,332,0,1,1,-28.895927,152.58311,51,1,0,1,0,0,3,1,0,0,7,100,2,945,945,5,9,40,1,0,0,1,0
1344705,1,2023,2023,2,5,9,145,31,532,34609,0,1,10,-33.863493,151.210359,69,0,2,1,1,0,0,0,3,2,7,40,0,5929,5929,1,22,5,2,0,0,0,1
1344706,2,2023,2023,2,2,0,4,31,207,34609,0,1,9,-31.946537,141.455963,51,2,1,1,2,0,0,0,0,0,15,50,0,2852,2852,4,16,5,2,0,0,1,0
1344712,4,2023,2023,9,3,8,157,17,8,158,0,1,1,-33.422732,149.549483,3,2,1,0,1,0,0,3,2,0,7,80,2,4552,5151,8,0,40,1,0,1,0,0
1344715,1,2023,2023,2,2,9,1,31,201,34609,0,1,10,-34.891482,150.59861,63,2,1,1,0,0,0,3,3,0,0,50,0,6545,6545,4,16,13,2,0,0,0,1
1344717,2,2023,2023,9,1,3,72,31,176,62,0,1,10,-33.949735,151.14888,4,0,2,1,0,0,0,0,1,2,7,60,1,3775,3775,0,5,0,2,0,0,1,0
1344719,4,2024,2024,4,5,8,98,27,87,799,0,1,9,-33.928845,150.977534,41,0,2,1,0,0,0,0,2,0,0,70,2,14295,14295,3,16,5,3,0,1,0,0
1344723,4,2023,2023,9,1,0,2,27,12,34609,0,1,1,-32.160371,152.308873,43,1,0,0,0,2,0,0,0,0,7,100,0,2585,4009,8,10,40,1,0,1,0,0
1344725,1,2024,2024,4,3,7,8,27,5,34609,0,1,1,-33.056763,149.628258,3,1,0,0,3,0,0,0,2,0,7,100,0,3775,3775,0,5,5,2,0,0,0,2
1344728,4,2024,2024,4,5,11,76,24,164,154,0,1,10,-33.724217,150.888979,7,0,2,1,2,0,0,0,0,2,7,70,1,5929,5929,1,0,13,2,0,1,1,0
1344729,2,2023,2023,9,0,8,194,31,363,34609,0,1,4,-33.816665,151.003432,54,0,2,0,1,0,0,0,2,0,9,40,0,2040,2040,9,19,28,2,0,0,1,0
1344733,2,2023,2023,10,1,7,147,27,104,605,0,1,2,-33.82928,151.216069,49,0,2,1,1,0,0,0,2,0,7,60,2,14295,14295,3,5,19,2,0,0,1,0
1344738,1,2024,2024,4,1,2,67,27,147,74,0,1,9,-33.864285,151.127265,14,0,2,1,3,0,0,0,1,0,7,50,1,941,941,1,5,36,2,0,0,0,1
1344743,2,2024,2024,4,0,0,15,10,10,34609,0,1,1,-35.162767,147.354037,75,2,1,1,2,0,3,4,0,0,7,50,0,4026,4026,8,0,40,1,0,0,1,0
1344744,4,2024,2024,4,0,6,18,27,10,14,0,1,1,-28.786895,153.277996,39,2,1,1,0,0,0,0,2,0,7,80,1,3775,3775,0,9,5,2,0,1,0,0
1344745,4,2024,2024,4,2,5,67,31,64,34609,0,1,1,-33.951277,150.997796,15,0,2,1,1,0,0,0,2,0,7,50,0,340,340,9,5,28,2,0,1,1,0
1344746,4,2024,2024,4,6,10,829,27,304,140,0,1,9,-33.906191,151.165063,32,0,2,0,2,0,0,0,0,0,7,60,1,1850,777,5,16,40,1,0,1,0,0
1344747,4,2023,2023,11,0,7,348,17,12,232,0,1,1,-33.023261,149.880722,44,1,0,0,0,0,0,0,2,0,7,100,2,5929,5929,1,10,5,2,0,1,1,0
1344748,1,2023,2023,2,3,1,6,27,5,34609,0,1,1,-33.395787,149.85062,3,1,0,1,0,0,0,3,0,0,7,100,0,4026,4026,8,9,40,1,0,0,0,1
1344749,2,2023,2023,9,4,6,18,31,62,34609,1,0,4,-33.896473,151.136445,32,0,2,1,1,0,3,4,2,0,7,50,0,941,941,1,5,0,3,0,0,2,0
1344750,4,2024,2024,4,2,6,3371,17,90,3342,0,1,2,-28.273068,153.520609,72,1,0,0,0,0,2,6,2,0,3,110,2,941,941,1,0,13,2,0,2,1,1
1344751,1,2024,2024,4,0,10,3,27,2,34609,0,1,1,-34.121978,141.523733,51,1,0,1,0,2,0,0,0,0,7,100,0,945,945,5,0,40,1,0,0,0,2
1344752,2,2024,2024,4,6,6,9,1,215,34609,0,1,7,-35.120794,147.344628,75,2,1,1,0,0,0,0,2,0,0,50,0,1383,1383,1,5,0,2,0,0,1,0
1344753,1,2024,2024,4,0,6,8,31,56,34609,0,1,1,-33.859677,151.185565,32,0,2,1,0,0,0,0,2,0,7,40,0,43,43,3,0,27,2,0,0,0,1
1344754,1,2023,2023,9,3,7,3371,17,60,3342,0,1,1,-33.437901,151.252575,16,2,2,0,1,0,0,0,2,0,7,60,2,1850,1463,5,16,40,1,0,0,0,1
1344755,4,2024,2024,4,6,10,73,27,443,78,1,0,1,-33.905989,151.051448,15,0,2,1,2,0,0,0,0,0,7,60,2,1981,1981,4,5,5,2,0,1,0,0
1344757,2,2024,2024,4,3,5,147,27,102,34609,0,1,1,-33.973399,151.226804,59,0,2,1,0,0,0,0,2,0,0,50,0,5929,5929,1,5,19,2,0,0,1,0
1344761,4,2024,2024,4,6,8,2209,17,24,2205,0,1,9,-34.946348,150.602013,63,1,0,0,0,0,3,4,3,0,0,100,2,6545,6545,4,5,0,2,0,1,2,0
1344762,4,2024,2024,4,5,8,1,18,16,34609,0,1,1,-35.103622,147.376075,75,2,1,0,0,2,0,0,2,0,7,50,0,220,220,8,0,40,1,0,1,0,0
1344768,2,2024,2024,3,6,7,2,10,89,34609,0,1,9,-28.226694,153.539721,72,2,1,0,1,0,0,0,2,0,0,50,0,395,395,1,19,5,2,0,0,1,0
1344769,2,2024,2024,4,1,6,916,17,32,917,0,1,1,-32.599481,151.199324,64,2,1,1,0,0,0,3,2,0,7,80,2,3775,3775,0,0,13,3,0,0,1,0
1344773,4,2024,2024,3,0,8,220,14,78,220,0,1,3,-34.475062,150.830509,80,0,2,1,0,0,0,0,2,0,7,100,2,14295,14295,3,16,0,3,0,1,1,0
1344776,1,2024,2024,4,6,8,63,31,173,34609,0,1,10,-33.877408,151.215623,69,0,2,1,1,0,3,4,2,2,7,40,0,1945,1945,5,16,40,1,0,0,0,1
1344779,1,2024,2024,4,1,6,21,31,293,34609,0,1,1,-33.943321,151.241279,59,0,2,1,1,0,0,0,2,0,7,50,0,43,43,3,33,18,2,0,0,0,1
1344780,2,2024,2024,4,6,7,2261,17,7,2252,0,1,2,-34.823566,149.058275,74,1,0,0,0,0,3,4,2,0,7,110,2,1259,5151,8,0,40,1,0,0,2,1
1344781,4,2024,2024,3,0,11,3,27,155,34609,0,1,1,-33.125855,148.314504,53,1,0,0,0,2,3,0,0,0,7,100,0,1850,1463,5,10,40,1,0,2,1,0
1344786,2,2024,2024,4,5,10,224,27,246,321,0,1,10,-33.901489,151.201136,69,0,2,1,3,0,0,0,0,2,7,50,2,1391,1391,1,30,0,2,0,0,1,0
1344794,4,2024,2024,3,1,1,112,27,109,256,0,1,2,-33.972543,150.861475,41,0,2,0,3,0,2,6,0,0,7,70,2,2585,4009,8,5,40,1,0,2,0,0
1344803,4,2024,2024,3,4,6,387,27,12,34609,0,1,1,-34.960432,150.646491,63,1,0,0,0,0,0,0,2,0,7,90,0,4552,5151,8,0,40,1,0,1,0,0
1344804,2,2024,2024,3,5,7,3,27,346,34609,0,1,1,-33.878714,151.083416,67,0,2,1,3,0,0,0,2,0,7,50,0,9859,9859,1,5,5,2,0,0,1,0
1344805,2,2024,2024,4,2,10,294,17,15,288,0,1,1,-34.496025,145.024429,51,1,0,1,0,0,0,0,0,0,7,110,2,1089,1089,7,10,40,1,0,0,1,0
1344808,1,2024,2024,3,4,7,20,27,137,34609,0,1,1,-33.912144,151.212168,69,0,2,1,0,0,0,0,2,0,7,50,0,14295,14295,3,0,5,2,0,0,0,1
1344811,2,2024,2024,3,0,8,8,1,112,34609,0,1,1,-33.904425,151.209289,69,0,2,1,1,0,0,0,2,0,7,50,0,1981,1981,4,5,27,2,0,0,1,0
1344813,1,2024,2024,3,3,1,220,27,104,222,0,1,2,-33.731959,150.942821,7,0,2,1,3,0,0,0,0,0,7,80,2,14295,14295,3,16,0,2,0,0,0,1
1344819,4,2024,2024,3,2,9,71,36,30,61,0,1,9,-34.34763,146.037854,28,2,1,1,0,0,0,0,2,0,7,80,2,4026,4026,8,5,40,1,0,1,0,0
1344820,4,2024,2024,3,6,6,3371,17,12,3342,0,1,2,-32.139951,152.337528,43,1,0,1,0,0,3,4,2,0,7,100,2,4026,4026,8,29,40,1,0,1,0,0
1344821,2,2024,2024,4,0,4,42,1,79,34609,0,1,1,-34.914101,150.600827,63,2,1,1,1,0,0,0,2,0,7,60,0,1981,1981,4,5,13,2,0,0,1,0
1344824,1,2024,2024,4,2,9,7,31,202,34609,0,1,1,-33.93796,151.039555,15,0,2,0,1,0,0,0,2,0,7,50,0,2585,4009,8,5,40,1,0,0,0,2
1344829,2,2024,2024,4,6,7,20,31,149,260,0,1,1,-33.990867,151.134916,4,0,2,1,0,0,0,0,2,0,7,60,2,1282,1282,1,33,19,2,0,0,1,0
1344830,2,2024,2024,3,5,4,36,27,106,35,0,1,9,-33.891357,151.177884,32,0,2,1,0,0,0,0,2,0,0,50,1,2852,2852,4,5,27,2,0,0,1,0
1344832,2,2024,2024,3,0,3,118,17,77,118,0,1,1,-30.213469,149.613624,51,1,0,0,0,0,0,0,2,0,7,100,2,1089,1089,7,16,40,1,0,0,1,0
1344833,1,2024,2024,3,0,6,2126,17,26,2149,0,1,9,-33.702007,150.58136,8,2,2,0,1,0,0,0,2,0,15,80,2,2852,2852,4,5,27,2,0,0,0,1
1344839,4,2024,2024,4,5,7,7,31,10,34609,0,1,10,-32.909815,151.764412,48,0,2,1,1,0,0,0,2,0,0,50,0,1850,985,5,16,40,1,0,1,0,0
1344840,2,2024,2024,3,6,7,22,27,18,147,0,1,1,-28.682655,153.608167,10,2,1,1,1,0,0,0,2,0,7,50,1,591,591,1,22,5,2,0,0,1,0
1344846,2,2024,2024,3,3,11,29,27,24,30,0,1,1,-33.905527,150.892474,41,0,2,1,2,0,0,0,0,0,7,60,1,1109,397,1,10,0,2,0,0,1,0
1344848,4,2024,2024,4,0,1,9,31,56,34609,0,1,2,-31.093994,152.830407,34,2,1,1,2,0,0,0,0,0,7,50,0,2040,2040,9,5,28,2,0,1,1,0
1344851,2,2024,2024,3,6,5,3371,17,10,3342,0,1,7,-30.165884,153.180097,19,2,1,0,0,0,0,0,2,0,0,60,2,1192,1192,1,16,0,2,0,0,1,0
1344852,2,2024,2024,3,1,6,2209,17,70,2205,0,1,10,-34.023799,151.089037,68,0,2,1,3,0,0,0,2,2,7,70,2,1391,1391,1,5,0,2,0,0,1,0
1344855,4,2024,2024,3,0,8,916,17,75,917,0,1,2,-32.789599,151.628568,42,2,1,1,0,0,0,3,2,0,7,50,2,1109,397,1,0,0,2,0,1,1,1
1344856,2,2024,2024,3,6,7,2126,17,40,2149,0,1,2,-33.703836,150.530344,8,2,2,1,3,0,0,0,2,0,7,80,2,9859,9859,8,5,40,1,0,0,1,0
1344859,2,2024,2024,3,5,8,3371,17,85,3342,0,1,9,-33.733446,151.12802,36,0,2,0,3,0,0,0,2,2,7,60,2,1669,1669,3,0,5,2,0,0,1,0
1344860,1,2023,2023,2,0,6,33,27,120,154,0,1,2,-33.781931,150.872904,7,0,2,1,3,0,0,0,2,0,7,70,1,14295,14295,3,5,12,2,0,0,0,1
1344863,2,2024,2024,3,4,4,6,27,65,34609,0,1,7,-33.796413,150.958982,54,0,2,1,3,0,3,4,2,0,0,50,0,6545,6545,4,0,0,2,0,0,1,0
1344865,1,2024,2024,3,1,3,205,27,161,415,0,1,10,-33.728363,151.163749,36,0,2,1,3,0,0,0,1,0,7,60,2,1192,1192,1,5,5,2,0,0,0,1
1344866,2,2024,2024,3,5,6,25,27,89,208,1,0,7,-33.86018,150.891075,24,0,2,1,3,0,0,0,2,0,0,50,1,2852,2852,4,5,0,3,0,0,1,0
1344867,2,2024,2024,3,2,2,91,27,119,187,0,1,2,-33.871312,151.172339,32,0,2,1,3,0,3,0,1,0,7,70,2,1282,1282,1,8,5,2,0,0,1,0
1344868,1,2024,2024,4,1,8,68,27,157,67,1,0,1,-33.793371,151.000235,54,0,2,1,3,0,0,0,2,0,7,60,1,14295,14295,3,29,0,2,0,0,0,1
1344871,1,2024,2024,3,6,3,2261,17,243,2252,0,1,9,-33.947836,150.907158,41,0,2,1,3,0,0,0,2,0,0,70,2,5929,5929,1,5,0,2,0,0,0,1
1344875,2,2024,2024,3,0,8,36,27,134,36,0,1,10,-33.998225,150.791429,12,0,2,1,3,0,0,0,2,3,0,50,1,14295,14295,3,5,0,2,0,0,1,0
1344876,1,2024,2024,3,2,6,35,27,91,96,0,1,1,-32.964709,151.657979,37,0,2,1,3,0,3,4,2,0,7,60,2,5929,5929,1,10,0,2,0,0,0,1
1344877,2,2024,2024,3,2,7,7,31,102,34609,0,1,7,-31.108337,150.915061,70,2,1,1,3,0,0,0,2,0,0,50,0,6545,6545,4,10,0,2,0,0,1,0
1344883,1,2024,2024,3,6,8,50,27,304,140,0,1,9,-33.903295,151.168824,32,0,2,1,3,0,0,0,2,2,7,60,1,14295,14295,3,5,0,2,0,0,0,1
1344884,1,2024,2024,3,1,6,344,27,168,382,0,1,10,-33.707055,150.838972,7,0,2,1,3,0,3,4,2,2,7,80,2,14295,14295,3,0,0,2,0,0,0,1
1344888,2,2024,2024,3,5,3,515,14,294,518,0,1,3,-33.943875,150.948327,41,0,2,1,3,0,3,4,2,0,7,100,2,14295,14295,3,8,13,2,0,0,1,0
1344890,2,2024,2024,3,2,0,78,27,147,78,0,1,10,-33.870551,151.129169,14,0,2,0,2,0,0,0,0,2,7,60,2,5929,5929,1,5,0,2,0,0,1,0
1344892,1,2024,2024,3,5,4,23,27,136,101,0,1,9,-32.92673,151.717593,48,0,2,1,3,0,3,4,2,0,0,60,2,14295,14295,3,9,0,2,0,0,0,1
1344894,1,2024,2024,4,1,8,171,1,90,22,0,1,1,-33.793888,150.952527,54,0,2,1,3,0,0,0,3,0,7,60,1,1981,1981,4,0,5,2,0,0,0,1
1344895,4,2024,2024,3,0,4,5,27,65,34609,0,1,1,-36.06159,146.989965,0,2,1,1,3,0,0,0,2,0,7,80,0,14295,14295,3,0,5,3,0,1,0,1
1344899,2,2024,2024,3,2,0,15,27,136,34609,0,1,9,-32.919434,151.713772,48,0,2,1,3,0,0,0,0,0,7,50,0,9859,9859,8,30,40,1,0,0,1,0
1344900,2,2024,2024,3,1,8,74,27,609,163,0,1,7,-33.777202,150.907383,7,0,2,0,0,0,0,0,2,1,0,60,2,14295,14295,3,9,18,2,0,0,1,0
1344901,2,2024,2024,3,6,7,40,10,9,174,0,1,9,-32.793378,151.348968,17,2,1,1,3,0,0,0,2,0,7,80,2,623,623,3,21,5,2,0,0,1,0
1344903,1,2024,2024,3,2,5,2,10,164,34609,0,1,9,-33.718036,150.902733,7,0,2,0,3,0,0,0,2,0,7,50,0,14295,14295,3,9,5,2,0,0,0,1
1344908,2,2024,2024,3,6,5,7,2,12,34609,0,1,9,-33.138877,151.56877,16,2,2,1,2,0,0,0,2,0,7,50,0,301,301,4,0,27,2,0,0,1,0
1344909,1,2024,2024,3,2,8,36,27,10,72,0,1,9,-28.709565,153.489962,10,2,1,0,3,0,3,4,2,0,0,80,2,782,957,5,30,40,1,0,0,0,1
1344910,1,2024,2024,3,1,8,23,14,34,22,0,1,6,-33.85973,151.205784,69,0,2,1,3,0,0,3,3,0,7,70,2,14295,14295,3,0,0,2,0,0,0,1
1344914,2,2024,2024,3,0,8,34,10,19,40,0,1,10,-35.855925,150.163146,23,2,1,1,3,0,0,0,2,0,0,80,1,5929,5929,1,5,5,2,0,0,1,0
1344917,1,2024,2024,3,1,8,330,1,159,34609,0,1,1,-33.807933,151.092065,61,0,2,1,1,0,0,0,2,0,7,50,0,1981,1981,4,5,5,2,0,0,0,2
1344921,1,2024,2024,3,1,5,31,1,646,34609,0,1,1,-33.91179,151.013537,15,0,2,1,1,0,0,0,2,0,7,50,0,4026,4026,1,5,13,2,0,0,0,1
1344923,2,2024,2024,3,4,8,27,31,562,34609,0,1,1,-32.245576,148.600292,22,2,1,1,3,0,0,0,2,0,7,50,0,1669,1669,3,5,13,2,0,0,1,0
1344926,2,2024,2024,3,0,7,229,14,323,237,0,1,3,-33.765517,150.959447,71,0,2,1,1,0,0,0,2,0,7,60,2,1282,1282,1,3,0,2,0,0,1,0
1344928,1,2024,2024,4,6,2,100,27,109,799,1,0,10,-33.905775,151.135904,32,0,2,0,0,0,0,3,0,0,7,60,2,5929,5929,1,5,19,2,0,0,0,1
1344929,2,2024,2024,3,6,4,125,27,108,123,0,1,2,-33.312922,151.421571,16,2,2,0,3,0,0,0,2,0,7,70,2,14295,14295,3,9,5,4,0,0,1,0
1344931,2,2024,2024,4,6,8,3,27,4,34609,0,1,1,-29.671822,152.071253,51,1,0,0,3,0,0,0,2,0,7,100,0,3775,3775,0,0,5,2,0,0,1,2
1344933,2,2024,2024,3,1,7,9,10,243,34609,0,1,1,-33.952055,150.895467,41,0,2,0,3,0,3,4,2,0,7,50,0,4552,5151,1,0,0,3,0,0,1,0
1344934,1,2024,2024,3,2,8,205,27,45,415,0,1,10,-33.693466,151.220587,50,0,2,1,3,0,0,0,2,0,0,80,2,2852,2852,4,0,5,2,0,0,0,1
1344935,1,2024,2024,3,0,6,14,1,19,22,1,0,1,-33.382431,151.353532,16,2,2,1,3,0,0,0,2,0,7,50,1,5929,5929,1,5,5,2,0,0,0,1
1344939,4,2024,2024,3,3,7,387,27,204,331,1,0,10,-33.939186,151.14564,4,0,2,1,1,0,0,0,2,2,7,60,2,6545,6545,4,5,0,2,0,2,0,0
1344940,1,2024,2024,3,1,4,8,27,147,34609,0,1,9,-33.875228,150.99908,15,0,2,1,3,0,0,0,2,0,15,50,0,14295,14295,3,0,5,2,0,0,0,1
1344942,1,2024,2024,3,3,7,105,27,67,109,0,1,1,-33.875359,150.896606,24,0,2,1,0,0,0,0,2,0,7,60,1,14295,14295,3,0,5,2,0,0,0,7
1344943,4,2024,2024,3,5,5,56,27,443,44,0,1,9,-33.904795,151.057597,15,0,2,1,0,0,3,4,2,0,15,60,1,14295,14295,3,5,5,3,0,1,1,1
1344944,2,2024,2024,3,2,11,4,31,95,34609,0,1,9,-34.400613,150.89174,80,0,2,1,3,0,0,0,0,2,7,60,0,5929,5929,1,5,5,2,0,0,1,0
1344945,2,2024,2024,3,5,8,330,27,53,605,0,1,10,-33.727258,151.29927,50,0,2,1,3,0,0,0,2,0,0,60,2,5929,5929,1,33,22,2,0,0,1,1
1344946,2,2024,2024,3,4,3,1104,11,149,770,0,1,2,-33.867833,151.180055,32,0,2,0,3,0,3,4,2,0,7,60,2,14295,14295,3,9,13,2,0,0,1,0
1344947,1,2024,2024,4,4,6,150,27,197,415,1,0,2,-33.794324,151.118632,61,0,2,1,3,0,0,0,2,0,7,70,2,14295,14295,3,5,5,2,0,0,0,1
1344951,2,2024,2024,3,1,8,72,27,72,56,0,1,1,-33.791319,151.065986,54,0,2,1,3,0,3,4,2,0,7,60,2,14295,14295,3,9,0,2,0,0,1,0
1344955,2,2024,2024,3,2,0,8,31,237,34609,0,1,1,-33.86618,150.952924,24,0,2,1,3,0,3,4,0,0,7,50,0,1981,1981,4,0,5,2,0,0,1,0
1344957,2,2024,2024,3,5,8,54,27,38,563,0,1,1,-34.04795,150.982155,68,0,2,1,3,0,3,4,3,0,7,80,2,14295,14295,3,0,5,3,0,0,1,0
1344958,2,2024,2024,3,4,7,83,1,106,34609,0,1,9,-33.669503,151.304792,50,0,2,1,1,0,0,0,2,0,7,50,0,2852,2852,4,5,19,2,0,0,1,0
1344961,2,2024,2024,3,5,6,168,17,19,212,0,1,1,-35.548058,149.95403,23,2,1,0,3,0,3,4,2,0,7,70,2,1850,1463,5,0,40,1,0,0,1,0
1344962,1,2024,2024,3,5,6,119,31,73,207,0,1,10,-33.874537,151.218076,69,0,2,1,3,0,3,4,2,2,7,50,2,14295,14295,3,5,10,2,0,0,0,1
1344963,2,2024,2024,3,3,9,33,27,100,49,0,1,1,-33.884931,150.893868,24,0,2,1,2,0,0,0,2,0,7,60,1,623,623,3,21,5,2,0,0,1,0
1344964,2,2024,2024,3,2,5,15,27,3,33,0,1,1,-34.308315,150.06291,78,1,0,0,3,2,0,0,2,0,7,100,1,782,957,5,16,40,1,0,0,1,0
1344965,2,2024,2024,3,2,5,866,17,94,793,0,1,9,-33.879881,150.924679,24,0,2,1,3,0,0,0,2,0,15,70,2,14295,14295,3,0,5,2,0,0,1,0
1344967,2,2024,2024,3,4,7,280,10,54,240,0,1,2,-33.849597,150.876486,24,0,2,1,3,0,0,0,2,0,7,60,2,14295,14295,3,8,5,2,0,0,1,0
1344969,2,2024,2024,3,2,11,4,18,43,34609,0,1,1,-32.822056,151.869187,57,2,1,0,3,2,3,3,0,0,7,80,0,2585,4009,8,5,40,1,0,0,1,0
1344970,2,2024,2024,4,5,4,165,31,67,34609,0,1,9,-33.647244,150.907898,71,0,2,1,3,0,0,0,2,0,16,60,0,1391,1391,1,0,10,2,0,0,1,0
1344972,1,2024,2024,3,5,9,104,27,443,702,0,1,2,-33.891905,151.066749,15,0,2,1,3,0,3,4,3,0,7,70,2,14295,14295,3,5,5,2,0,0,0,1
1344978,4,2024,2024,3,5,11,6,31,55,34609,0,1,9,-33.863494,151.281147,76,0,2,0,3,0,0,0,0,0,7,50,0,1850,1463,5,16,40,1,0,1,0,0
1344979,1,2024,2024,3,6,3,1052,14,77,928,0,1,3,-33.534879,151.199882,16,1,2,1,3,0,3,4,2,0,7,110,2,14295,14295,3,0,0,2,0,0,0,1
1344980,1,2024,2024,3,6,4,1,1,6,34609,0,1,9,-33.413422,149.52581,3,2,1,0,3,0,0,0,2,0,0,50,0,3775,3775,0,30,5,2,0,0,0,1
1344984,1,2023,2023,7,5,3,251,14,79,124,0,1,3,-33.823836,151.209,49,0,2,1,3,0,0,3,0,0,7,80,2,14295,14295,3,8,5,2,0,0,0,2
1344990,1,2024,2024,4,0,10,866,17,174,793,0,1,10,-33.873745,150.925745,24,0,2,1,3,0,0,0,0,2,7,70,2,926,926,4,0,0,2,0,0,0,1
1344992,4,2024,2024,3,5,5,2,31,79,34609,0,1,9,-33.97025,151.123316,25,0,2,1,3,0,3,3,2,0,7,50,0,2852,2852,4,5,13,2,0,1,0,0
1344994,1,2024,2024,3,6,10,59,10,34,231,1,0,1,-33.504143,151.363549,16,2,2,1,3,0,0,0,0,0,7,60,2,14295,14295,3,0,0,2,0,0,0,1
1345000,2,2024,2024,3,0,10,76,27,69,148,0,1,9,-32.937461,151.746163,48,0,2,1,2,0,0,0,0,0,7,60,1,6545,6545,4,5,0,2,0,0,2,0
1345002,2,2024,2024,3,2,10,1104,14,460,962,0,1,3,-33.821624,150.984833,21,0,2,1,2,0,0,0,0,0,7,90,2,4026,4026,8,5,40,1,0,0,1,0
1345006,4,2024,2024,3,6,4,103,27,94,563,0,1,2,-33.824166,151.051347,54,0,2,1,1,0,0,0,2,0,7,80,2,14295,14295,3,10,41,3,0,1,1,0
1345009,1,2024,2024,4,0,6,2261,17,204,2252,0,1,10,-33.888516,151.117504,32,0,2,1,1,0,0,0,2,2,6,60,2,14295,14295,3,5,5,2,0,0,0,1
1345011,4,2023,2023,9,1,7,229,14,84,237,0,1,3,-33.765134,151.1006,61,0,2,1,1,0,0,0,2,0,7,100,2,14295,14295,3,10,5,2,0,1,0,0
1345012,4,2024,2024,3,6,7,19,27,67,34609,0,1,9,-33.703759,150.894217,7,0,2,1,0,0,0,0,2,2,7,60,0,14295,14295,3,0,5,2,0,1,0,0
1345014,4,2024,2024,3,0,4,475,31,44,27,0,1,10,-33.970115,151.115871,25,0,2,1,2,0,0,0,2,2,7,60,1,5929,5929,1,5,19,2,0,1,0,0
1345015,2,2024,2024,3,5,9,7,27,4,147,0,1,1,-28.835704,153.603007,2,2,1,1,2,0,0,0,0,0,7,80,1,3775,3775,0,0,0,2,0,0,1,2
1345016,4,2024,2024,3,2,3,84,10,10,80,0,1,1,-34.223151,150.993893,80,0,2,0,0,0,0,0,2,0,7,60,2,14295,14295,3,22,36,2,0,1,0,0
1345022,2,2024,2024,4,2,4,192,31,316,120,0,1,10,-33.913163,151.24204,59,0,2,1,2,0,0,0,2,2,7,50,2,1192,1192,1,5,27,2,0,0,1,0
1345023,4,2024,2024,3,1,4,10,31,82,34609,0,1,1,-33.796778,151.258712,50,0,2,1,0,0,3,4,2,0,7,50,0,1981,1981,4,5,5,2,0,1,0,0
1345028,2,2024,2024,3,6,4,37,1,30,212,0,1,9,-35.349853,149.209126,58,2,1,1,1,0,0,0,2,0,0,80,2,14295,14295,3,0,0,2,0,0,1,0
1345031,2,2024,2024,4,5,9,17,27,3,18,0,1,1,-35.236772,148.300002,66,1,0,0,0,2,0,0,2,0,7,100,1,273,957,5,0,40,1,0,0,2,1
1345032,2,2024,2024,3,2,11,2261,17,523,2252,0,1,2,-33.921475,150.919117,41,0,2,1,2,0,0,0,0,0,7,60,2,204,204,1,15,0,2,0,0,1,0
1345034,2,2024,2024,4,0,7,34,31,145,34609,0,1,9,-33.929745,151.117073,15,0,2,1,0,0,0,0,2,0,0,50,0,2852,2852,4,5,36,2,0,0,2,0
1345036,2,2024,2024,3,6,7,86,27,16,65,0,1,1,-30.100885,152.6278,18,1,0,0,0,0,3,3,2,0,7,100,1,4552,5151,8,16,40,1,0,0,1,0
1345037,1,2023,2023,11,5,6,86,27,2,65,0,1,1,-30.198647,152.548028,18,1,0,1,0,0,0,0,2,0,7,100,1,1109,787,1,10,19,2,0,0,0,2
1345039,4,2023,2023,1,0,6,21,27,20,34609,0,1,1,-33.268489,151.339795,16,2,2,0,0,0,0,0,2,0,7,80,0,1259,5151,8,16,40,1,0,1,0,0
1345040,2,2024,2024,3,4,5,123,27,304,34609,0,1,10,-33.919809,151.155221,32,0,2,1,0,0,0,0,2,0,15,50,0,6545,6545,4,33,27,2,0,0,1,0
1345041,4,2024,2024,3,4,11,82,27,10,103,0,1,1,-28.431285,153.310524,72,2,1,0,0,0,3,0,0,0,7,80,1,418,714,5,16,40,1,0,1,0,0
1345042,2,2023,2023,2,2,4,73,31,151,34609,1,0,7,-34.028836,150.846225,13,0,2,1,1,0,0,0,2,0,0,50,0,4552,985,8,5,40,1,0,0,1,0