Crash ID,Degree of crash - detailed,Reporting year,Year of crash,Month of crash,Day of week of crash,Two-hour intervals,Street of crash,Street type,Town,Route no.,School zone location,School zone active,Type of location,Latitude,Longitude,LGA,Urbanisation,Conurbation 1,Alignment,Street lighting,Road surface,Surface condition,Weather,Natural lighting,Signals operation,Other traffic control,Speed limit,Road classification,RUM - code,DCA - code,First impact type,Key TU type,Other TU type,No. of traffic units involved,No. killed,No. seriously injured,No. moderately injured,No. minor-other injured
1345044,2,2024,2024,3,0,9,46,31,438,34609,0,1,10,-33.837852,151.029889,21,0,2,1,1,0,0,3,3,0,15,50,0,6545,6545,4,0,13,2,0,0,1,0
1345048,2,2024,2024,3,4,10,220,14,133,220,0,1,3,-34.499708,150.795855,80,0,2,1,0,0,0,0,0,0,7,100,2,4026,4026,8,0,40,1,0,0,1,0
1345053,1,2024,2024,4,1,6,3371,17,90,3342,0,1,2,-28.226733,153.557674,72,1,0,1,0,0,0,0,2,0,7,100,2,9859,9859,8,3,40,1,0,0,0,1
1345055,4,2024,2024,3,4,6,57,27,337,47,0,1,2,-33.724682,150.977402,71,0,2,1,0,0,0,0,2,0,7,60,2,14295,14295,3,5,0,2,0,1,0,0
1345058,2,2023,2023,2,3,4,63,10,13,42,0,1,1,-32.94964,151.731002,48,0,2,0,1,0,0,3,2,0,7,60,1,1981,1981,4,30,27,2,0,0,1,0
1345059,4,2023,2023,2,2,10,2126,17,346,2149,0,1,9,-33.867466,151.097169,9,0,2,1,2,0,0,0,0,0,0,60,2,14295,14295,3,5,19,3,0,1,0,0
1345063,4,2024,2024,3,5,3,95,31,346,59,0,1,9,-33.869957,151.069236,67,0,2,1,0,0,0,0,2,0,15,50,1,2852,2852,4,30,5,2,0,1,0,0
1345074,2,2024,2024,4,0,6,27,27,9,35,0,1,1,-28.391718,152.633485,51,1,0,0,0,0,3,4,2,0,7,100,1,3775,3775,0,10,13,2,0,0,1,1
1345078,4,2024,2024,4,4,6,67,27,100,15,0,1,1,-33.805613,151.162451,38,0,2,1,0,0,0,0,2,0,7,50,1,3775,3775,0,0,5,4,0,1,2,0
1345079,1,2024,2024,4,2,10,10,34,3,34609,0,1,1,-35.335456,148.225371,66,2,1,1,0,2,0,0,3,0,7,50,0,1945,1945,5,16,40,1,0,0,0,1
1345082,2,2024,2024,4,5,7,1,27,154,34609,0,1,9,-33.714119,150.953468,71,0,2,1,0,0,0,0,2,0,0,50,0,6545,6545,4,5,5,2,0,0,1,0
1345085,2,2024,2024,3,6,9,3371,17,19,3342,0,1,2,-31.878501,152.55951,43,1,0,0,0,0,3,4,3,0,7,100,2,1259,5151,8,3,40,1,0,0,1,0
1345087,4,2024,2024,3,1,7,4,27,7,34609,0,1,1,-32.888003,151.310818,17,2,1,1,0,0,0,0,2,0,7,80,0,9859,9859,8,5,40,1,0,2,0,0
1345089,2,2024,2024,3,5,7,56,27,202,34609,0,1,10,-33.956788,151.035002,15,0,2,1,1,0,0,0,2,0,0,50,0,3775,3775,0,5,5,2,0,0,1,0
1345092,2,2024,2024,3,3,1,23,7,433,34609,0,1,1,-33.303322,149.114531,52,2,1,1,2,0,0,0,0,0,7,50,0,9859,9859,8,5,40,1,0,0,1,0
1345095,2,2024,2024,3,5,3,85,27,18,34609,0,1,1,-33.755547,151.111852,36,0,2,1,0,0,0,0,2,0,7,50,0,1981,1981,4,5,27,2,0,0,1,0
1345096,4,2024,2024,3,5,5,27,27,5,35,0,1,1,-28.778066,152.091251,51,1,0,0,0,2,0,0,2,0,7,100,1,380,714,5,0,40,1,0,2,0,0
1345098,2,2024,2024,3,5,2,3371,17,13,3342,0,1,2,-33.186872,151.553035,16,2,2,1,2,0,0,0,0,0,7,80,2,9859,9859,8,5,40,1,0,0,1,1
1345100,2,2023,2023,10,0,3,2209,17,29,2205,0,1,1,-35.328643,150.447601,63,2,1,1,1,0,0,0,2,0,7,80,2,9859,9859,8,9,40,1,0,0,1,0
1345102,2,2024,2024,3,5,3,220,14,133,220,0,1,3,-34.504621,150.790899,80,0,2,0,0,0,3,4,1,0,7,100,2,14295,14295,3,5,5,2,0,0,1,0
1345106,2,2023,2023,2,1,10,1,10,110,34609,0,1,1,-33.760024,151.034556,71,0,2,1,2,0,0,0,0,0,7,50,0,18,18,2,0,40,2,0,0,1,0
1345107,4,2024,2024,4,5,9,283,27,70,702,0,1,10,-33.974692,151.102317,25,0,2,1,0,0,0,0,2,0,0,60,2,775,775,4,16,5,2,0,1,0,0
1345108,1,2024,2024,3,2,7,12,27,31,49,0,1,9,-31.119951,150.890451,70,1,0,1,0,0,0,3,2,0,7,100,1,83,83,5,5,40,1,0,0,0,1
1345112,4,2023,2023,9,6,5,6,18,7,34609,0,1,1,-34.610981,150.534543,78,2,1,0,0,0,3,1,2,0,7,60,0,3775,3775,0,0,0,2,0,2,0,0
1345115,2,2024,2024,3,3,9,204,31,314,34609,0,1,1,-33.85598,150.927816,24,0,2,1,1,0,3,4,3,0,7,50,0,9859,9859,1,5,0,3,0,0,1,0
1345122,2,2024,2024,3,5,6,19,31,532,34609,0,1,0,-33.873183,151.204132,69,0,2,1,1,0,3,4,2,0,7,40,0,1282,1282,1,5,5,2,0,0,1,0
1345124,4,2024,2024,3,2,4,191,17,5,189,0,1,1,-32.105316,149.064448,22,1,0,1,0,0,0,0,2,0,7,100,2,14295,14295,3,10,0,2,0,2,0,1
1345125,2,2024,2024,3,6,8,16,27,21,34609,0,1,1,-32.920265,151.591035,37,0,2,1,0,2,0,0,2,0,7,50,0,9859,9859,8,10,40,1,0,0,1,0
1345126,2,2024,2024,3,5,8,866,17,204,793,0,1,2,-33.902645,150.918289,24,0,2,1,2,0,0,0,2,0,7,70,2,14295,14295,3,5,5,2,0,0,1,1
1345127,1,2024,2024,3,1,1,35,27,109,96,0,1,9,-33.899322,151.133452,32,0,2,1,2,0,0,0,0,0,0,50,2,404,404,8,15,40,1,0,0,0,1
1345130,2,2024,2024,4,4,3,2261,17,23,2252,0,1,2,-34.818031,148.675625,82,1,0,0,0,0,0,0,2,0,7,110,2,4552,5151,8,16,40,1,0,0,1,0
1345134,4,2024,2024,4,4,10,45,27,80,34609,0,1,1,-33.813644,151.160503,38,0,2,1,2,0,0,0,3,0,7,50,0,2040,2040,9,5,28,2,0,1,0,0
1345138,1,2024,2024,3,2,10,6,10,120,34609,0,1,1,-32.213689,152.553589,43,2,1,0,0,0,3,4,0,0,7,60,0,4552,5151,8,5,40,1,0,0,0,1
1345140,4,2024,2024,3,1,6,26,27,131,115,0,1,1,-33.778448,151.184871,36,0,2,1,1,0,3,4,2,0,7,60,1,3775,3775,0,5,5,4,0,2,0,0
1345143,2,2024,2024,3,6,8,22,31,59,47,0,1,1,-32.891402,151.724681,48,0,2,1,1,0,3,4,2,0,7,60,2,14295,14295,3,34,5,3,0,0,2,0
1345147,1,2024,2024,4,1,4,133,17,12,121,0,1,1,-36.109527,149.143074,65,1,0,1,0,0,0,0,2,0,7,100,2,945,945,5,30,40,1,0,0,0,1
1345150,2,2024,2024,3,2,10,40,27,21,40,0,1,9,-33.87553,150.902452,24,0,2,1,2,0,0,0,3,0,7,60,1,2852,2852,4,5,19,2,0,0,2,0
1345152,2,2024,2024,3,5,5,37,1,96,212,0,1,10,-35.356805,149.225352,58,2,1,1,1,0,0,0,2,2,7,60,2,6545,6545,4,0,13,2,0,0,1,0
1345155,1,2024,2024,3,5,5,515,14,204,518,0,1,3,-33.934979,151.142802,4,0,2,1,2,0,0,0,2,0,7,80,2,1282,1282,1,8,13,2,0,0,0,1
1345156,2,2024,2024,3,3,6,3,27,2,34609,0,1,9,-33.844639,151.204257,49,0,2,1,0,0,0,0,2,0,7,50,0,186,186,1,0,22,2,0,0,1,0
1345161,4,2024,2024,3,5,5,45,31,43,81,0,1,7,-32.171099,152.498827,43,2,1,1,1,0,0,0,2,0,0,50,2,926,926,4,16,5,2,0,1,0,0
1345162,2,2024,2024,3,1,4,481,17,27,483,0,1,9,-32.545708,148.249436,51,1,0,1,0,0,0,0,2,0,7,110,2,101,101,8,21,10,2,0,0,1,0
1345163,4,2024,2024,4,2,6,2,27,11,34609,0,1,1,-34.835592,148.329991,30,1,0,0,0,0,0,0,2,0,7,100,0,418,714,5,16,40,1,0,1,0,0
1345167,2,2023,2023,10,3,6,7,27,27,34609,0,1,9,-33.721228,150.451147,8,2,2,1,1,0,0,0,2,0,15,50,0,4552,985,8,0,40,1,0,0,1,0
1345171,1,2024,2024,3,6,10,165,31,532,16,0,1,10,-33.876395,151.206169,69,0,2,1,2,0,0,0,0,2,9,40,1,2040,2040,9,22,28,2,0,0,0,1
1345172,4,2024,2024,3,2,11,36,27,3,82,0,1,1,-35.199347,147.327276,75,1,0,0,0,0,0,0,0,0,7,100,1,323,323,1,16,5,2,0,1,0,0
1345175,2,2024,2024,3,2,4,1052,14,87,928,0,1,3,-33.040131,151.473681,37,0,2,1,0,0,0,0,2,0,7,110,2,4026,4026,8,0,40,1,0,0,1,0
1345177,4,2024,2024,3,5,8,104,27,387,140,0,1,2,-33.920573,151.19003,4,0,2,1,0,0,0,0,2,0,9,60,2,1981,1981,4,10,27,2,0,1,0,0
1345179,4,2024,2024,4,3,4,2261,17,47,2252,0,1,2,-35.737185,147.305198,27,1,0,0,0,0,0,0,2,0,7,110,2,4552,5151,8,8,40,1,0,1,0,0
1345183,1,2024,2024,3,0,9,145,27,201,34609,0,1,9,-34.869712,150.601167,63,2,1,1,1,0,3,4,3,0,0,50,0,1220,1220,9,0,28,2,0,0,0,1
1345185,4,2023,2023,9,4,7,283,27,129,702,0,1,9,-33.936885,151.074365,15,0,2,1,1,0,0,0,2,2,7,60,2,5929,5929,1,5,0,2,0,1,0,0
1345189,4,2024,2024,3,0,6,108,31,70,101,0,1,10,-32.902931,151.728715,48,0,2,0,1,0,0,0,2,2,7,60,2,6545,6545,4,16,5,3,0,1,0,0
1345192,2,2023,2023,9,0,4,41,27,102,91,0,1,1,-33.954184,151.236866,59,0,2,1,0,0,3,0,2,0,7,50,1,5929,5929,1,5,19,2,0,0,1,0
1345193,2,2024,2024,3,5,10,3371,17,30,3342,0,1,1,-33.270621,151.43134,16,2,2,1,0,0,0,0,0,0,7,70,2,14295,14295,3,5,5,3,0,0,1,0
1345195,2,2024,2024,4,3,6,19,31,172,126,0,1,7,-32.748782,151.593622,42,2,1,1,0,0,0,0,2,0,0,50,1,6545,6545,4,10,18,2,0,0,1,0
1345196,4,2024,2024,3,0,3,5,27,445,59,0,1,1,-33.886069,151.047306,21,0,2,0,1,0,0,0,2,0,7,60,1,14295,14295,3,10,0,2,0,1,0,0
1345197,1,2024,2024,4,5,6,2,1,154,34609,0,1,9,-33.711383,150.964826,71,0,2,1,1,0,0,0,2,0,7,50,0,9859,9859,8,0,40,1,0,0,0,1
1345198,2,2024,2024,3,3,5,4,1,89,34609,0,1,11,-33.894193,151.24059,59,0,2,1,1,0,0,0,2,0,4,30,0,515,515,1,0,27,2,0,0,1,0
1345199,4,2024,2024,3,5,8,48,31,323,34609,0,1,10,-33.763935,150.993856,71,0,2,1,0,0,0,0,2,0,0,50,0,6545,6545,4,0,5,2,0,1,0,0
1345202,4,2024,2024,3,6,3,107,22,77,34609,0,1,10,-33.869163,150.937596,24,0,2,1,1,0,0,0,2,0,0,50,0,6545,6545,4,5,13,2,0,1,2,0
1345204,2,2023,2023,2,5,6,83,31,77,34609,0,1,10,-32.566932,151.169176,64,2,1,1,1,0,0,0,2,0,15,50,0,3775,3775,0,0,0,2,0,0,2,0
1345205,2,2023,2023,1,4,9,82,31,179,369,1,0,2,-33.754109,150.712825,55,0,2,1,2,0,0,0,0,0,7,70,2,14295,14295,3,30,25,3,0,0,2,0
1345207,4,2024,2024,4,1,10,866,17,94,793,0,1,2,-33.878668,150.924923,24,0,2,1,1,0,0,0,3,0,7,70,2,14295,14295,3,16,5,2,0,1,0,0
1345213,4,2024,2024,3,3,11,6,36,25,34609,0,1,1,-33.838263,148.913824,51,1,0,0,0,0,0,0,0,0,7,100,0,380,714,5,0,40,1,0,1,0,0
1345214,1,2024,2024,3,4,8,481,17,15,483,0,1,1,-34.355904,146.913454,51,1,0,1,0,0,0,0,2,0,7,110,2,14295,14295,3,9,12,3,0,0,0,1
1345224,4,2024,2024,3,0,4,137,14,18,70,0,1,3,-32.796112,151.474022,17,1,0,0,2,0,0,0,2,0,7,110,2,1850,1463,5,16,40,1,0,1,0,0
1345225,2,2024,2024,3,0,4,137,14,18,70,0,1,3,-32.796085,151.473995,17,1,0,0,2,0,0,0,2,0,7,110,2,1850,1463,5,16,40,1,0,0,1,0
1345226,4,2023,2023,11,1,5,11,1,64,11,0,1,1,-32.939473,151.695717,48,0,2,1,0,0,0,0,2,0,7,70,1,3775,3775,0,5,5,2,0,1,0,0
1345232,2,2024,2024,4,0,5,22,27,113,34609,0,1,1,-33.778422,150.713702,55,0,2,1,3,0,0,0,2,0,7,60,0,1669,1669,3,10,5,2,0,0,1,0
1345236,2,2024,2024,3,5,4,2261,17,243,2252,0,1,9,-33.943544,150.911221,41,0,2,1,3,0,0,0,2,2,7,70,2,926,926,4,5,0,2,0,0,1,0
1345240,2,2024,2024,3,5,9,10,4,26,34609,0,1,1,-34.5761,150.839773,62,0,2,0,1,0,0,0,3,0,7,50,0,3775,3775,0,0,36,2,0,0,1,0
1345241,2,2024,2024,3,1,9,10,27,290,34609,0,1,7,-33.852303,150.977756,21,0,2,1,3,0,3,4,0,0,0,50,0,2585,777,8,5,40,2,0,0,1,0
1345242,4,2024,2024,3,5,4,2126,17,363,2149,0,1,2,-33.821463,151.004069,54,0,2,1,3,0,0,0,2,0,7,60,2,14295,14295,3,5,5,2,0,1,0,1
1345245,2,2024,2024,3,0,4,330,27,106,26,0,1,1,-33.672125,151.302386,50,0,2,1,3,0,0,0,2,0,7,60,1,3775,3775,0,9,36,4,0,0,1,0
1345246,2,2024,2024,7,0,7,100,27,323,100,0,1,2,-33.797905,150.853183,7,0,2,1,3,0,0,0,2,0,7,70,2,14295,14295,3,10,5,3,0,0,1,0
1345249,2,2024,2024,3,5,8,100,27,41,799,0,1,9,-33.904945,151.130419,15,0,2,1,3,0,0,0,2,0,0,60,2,2852,2852,4,0,19,2,0,0,1,0
1345254,2,2024,2024,7,4,7,3,27,19,34609,0,1,1,-32.356055,148.905549,22,1,0,1,3,2,0,0,2,0,7,100,0,475,475,5,21,40,1,0,0,1,0
1345255,2,2024,2024,3,0,10,39,31,460,34609,0,1,7,-33.843401,151.002656,21,0,2,1,3,0,0,0,0,0,0,50,0,926,926,4,15,0,2,0,0,1,0
1345262,1,2024,2024,7,2,8,153,27,188,147,0,1,10,-33.951043,151.09294,25,0,2,1,3,0,0,0,0,0,0,60,2,5929,5929,1,30,0,2,0,0,0,1
1345263,1,2024,2024,4,3,11,12,27,21,19,0,1,1,-33.695613,151.28311,50,0,2,0,3,0,0,0,0,0,7,50,1,52,52,6,5,40,1,0,0,0,1
1345264,1,2024,2024,3,1,6,60,27,174,44,0,1,9,-33.870166,150.92731,24,0,2,1,3,0,0,0,2,0,0,50,1,1669,1669,3,5,5,2,0,0,0,1
1345268,2,2023,2023,1,5,1,280,10,92,240,0,1,9,-33.876958,150.965672,24,0,2,1,3,0,0,0,0,2,7,60,2,5929,5929,1,0,0,2,0,0,1,0
1345270,1,2024,2024,3,0,10,280,10,314,82,0,1,10,-33.850836,150.922233,24,0,2,1,3,0,0,0,0,2,7,60,1,6545,6545,4,5,5,2,0,0,0,1
1345271,2,2024,2024,3,6,8,16,31,161,115,0,1,1,-33.726313,151.160284,36,0,2,1,3,0,0,0,2,0,7,60,1,14295,14295,3,10,13,2,0,0,1,0
1345273,2,2024,2024,3,2,8,64,27,175,284,1,0,9,-33.773561,151.069184,54,0,2,1,3,0,0,0,2,0,15,60,2,2852,2852,4,5,5,2,0,0,1,0
1345274,2,2024,2024,7,6,3,475,10,12,268,0,1,1,-33.874866,150.761873,55,0,2,0,0,0,0,0,2,0,7,80,2,1850,985,5,29,40,1,0,0,1,0
1345282,1,2024,2024,3,6,8,3371,17,77,3342,0,1,1,-33.029566,151.661139,37,0,2,1,3,0,0,0,2,0,7,60,2,14295,14295,3,0,5,2,0,0,0,1
1345283,1,2024,2024,3,3,5,4,27,44,34609,0,1,9,-33.794999,150.971435,54,0,2,1,3,0,0,0,2,0,7,50,0,1945,1945,5,5,40,1,0,0,0,1
1345285,2,2024,2024,3,4,10,19,27,143,34609,0,1,10,-33.875383,151.107464,9,0,2,1,3,0,0,0,0,2,7,50,0,5929,5929,1,5,0,2,0,0,2,0
1345286,1,2023,2023,6,6,8,22,22,39,22,0,1,3,-33.846141,151.212355,49,0,2,1,3,0,0,0,3,0,7,80,2,14295,14295,3,0,13,2,0,0,0,1
1345295,1,2024,2024,3,0,7,866,17,204,793,0,1,2,-33.899754,150.919137,24,0,2,1,3,0,0,6,2,0,7,70,2,14295,14295,3,0,5,2,0,0,0,1
1345297,1,2024,2024,3,1,4,43,1,32,144,0,1,7,-33.757264,150.825465,7,0,2,1,3,0,0,0,2,0,7,60,2,6545,6545,4,5,5,2,0,0,0,1
1345299,2,2023,2023,11,6,7,220,27,66,222,0,1,2,-33.705076,150.93046,7,0,2,1,3,0,0,0,2,0,7,80,2,1192,1192,1,0,12,2,0,0,1,0
1345306,1,2024,2024,3,5,8,3,31,84,34609,0,1,1,-33.473535,151.391715,16,2,2,1,3,0,0,3,2,0,7,50,0,1981,1981,4,0,0,2,0,0,0,1
1345308,2,2024,2024,3,5,5,55,36,44,10,0,1,1,-32.857531,147.023989,51,1,0,1,3,0,0,0,2,0,7,100,1,475,475,5,10,40,1,0,0,1,0
1345314,1,2024,2024,7,2,5,109,27,460,106,0,1,9,-33.835634,150.985465,21,0,2,1,3,0,0,3,2,0,0,60,1,2852,2852,4,5,5,2,0,0,0,1
1345315,2,2024,2024,7,4,3,3371,17,57,3342,0,1,9,-33.670187,151.115898,31,0,2,1,3,0,0,0,2,0,7,60,2,2852,2852,4,0,19,2,0,0,1,0
1345324,2,2024,2024,3,0,8,192,31,150,120,0,1,9,-33.927349,151.238913,59,0,2,1,3,0,0,0,2,0,0,60,2,1945,1945,5,15,40,1,0,0,1,0
1345325,2,2024,2024,7,0,5,296,27,460,293,0,1,9,-33.846496,150.997603,21,0,2,1,3,0,0,0,2,0,0,70,2,2852,2852,4,5,5,2,0,0,1,0
1345329,1,2024,2024,7,4,4,33,1,31,34609,1,2,7,-33.924547,150.889902,41,0,2,1,3,0,0,0,2,0,0,40,0,5929,5929,1,9,0,2,0,0,0,1
1345330,1,2024,2024,7,0,7,14,1,129,34609,0,1,1,-33.931706,151.068007,15,0,2,1,3,0,0,0,2,0,7,50,0,217,217,1,5,12,2,0,0,0,1
1345331,2,2024,2024,3,5,4,334,1,3,34609,0,1,1,-34.635918,150.851513,35,2,1,1,3,0,0,0,2,0,7,50,0,9859,9859,1,5,0,2,0,0,1,0
1345333,2,2024,2024,7,0,8,5,27,16,35,0,1,10,-32.801748,149.973802,44,2,1,1,3,0,0,0,2,0,0,50,1,9859,9859,1,5,13,2,0,0,1,0
1345336,2,2024,2024,3,4,6,7,10,30,34609,0,1,1,-33.26751,151.431116,16,2,2,0,3,0,0,0,2,0,7,50,0,1957,4009,8,0,40,1,0,0,1,0
1345337,2,2024,2024,7,5,8,62,10,55,169,0,1,7,-32.829503,151.531687,17,2,1,1,3,0,0,0,3,0,0,60,2,14295,14295,3,5,5,2,0,0,1,0
1345341,2,2024,2024,3,2,4,177,22,210,176,0,1,9,-34.035165,151.111554,68,0,2,1,3,0,0,0,2,0,0,60,2,1945,1945,5,22,40,1,0,0,1,0
1345345,1,2024,2024,3,6,4,22,27,151,34609,0,1,9,-34.031997,150.848223,13,0,2,1,3,0,0,0,2,0,7,60,0,1391,1391,1,5,5,2,0,0,0,1
1345348,1,2024,2024,4,4,4,10,31,80,34609,0,1,10,-33.75146,150.648935,55,0,2,1,0,0,0,0,2,0,15,50,0,2852,2852,4,5,0,2,0,0,0,1
1345349,4,2024,2024,3,6,9,47,27,293,69,0,1,10,-33.942314,151.244349,59,0,2,1,3,0,0,0,0,0,0,50,1,5929,5929,1,19,5,2,0,1,0,0
1345350,2,2024,2024,3,2,7,3,18,80,34609,0,1,0,-34.549864,146.406406,51,2,1,1,3,0,0,0,2,0,7,50,0,9859,9859,8,5,40,1,0,0,1,0
1345351,2,2024,2024,3,4,3,4,27,63,34609,0,1,9,-33.25135,151.475738,16,2,2,1,3,0,0,0,2,0,7,50,0,1945,1945,5,5,40,1,0,0,1,0
1345352,1,2024,2024,3,5,10,230,27,173,284,0,1,2,-33.786935,151.124919,61,0,2,1,3,0,3,4,0,0,7,70,2,14295,14295,3,5,0,3,0,0,0,1
1345354,1,2024,2024,3,3,6,330,27,49,605,0,1,10,-33.712726,151.29729,50,0,2,1,3,0,0,0,2,2,7,60,2,14295,14295,3,5,5,2,0,0,0,1
1345356,1,2024,2024,7,0,8,132,31,174,126,0,1,1,-33.889867,151.207493,69,0,2,1,3,0,0,0,2,0,7,50,2,1282,1282,1,10,5,2,0,0,0,2
1345357,2,2024,2024,3,4,5,1,31,9,34609,0,1,9,-33.483628,151.313099,16,2,2,1,3,0,3,4,2,0,7,50,0,3775,3775,0,5,12,2,0,0,1,0
1345359,2,2024,2024,7,2,9,205,27,161,415,0,1,10,-33.730027,151.160934,36,0,2,1,3,0,0,0,0,2,7,60,2,5929,5929,1,5,0,4,0,0,1,0
1345360,2,2024,2024,3,6,9,19,27,8,605,0,1,2,-33.798418,151.252098,50,0,2,0,3,0,0,0,0,0,7,60,2,14295,14295,3,10,5,3,0,0,1,0
1345362,1,2024,2024,3,0,7,3371,17,137,3342,0,1,2,-32.967015,151.695104,37,0,2,1,3,0,0,0,2,0,7,60,2,14295,14295,3,5,5,2,0,0,0,1
1345369,2,2024,2024,3,0,6,10,31,246,64,0,1,1,-33.907309,151.201162,69,0,2,1,3,0,0,0,2,0,7,50,2,1981,1981,4,5,5,3,0,0,1,0
1345372,4,2024,2024,7,1,3,251,27,115,212,0,1,2,-33.754683,151.222718,50,0,2,1,0,0,0,0,2,0,7,70,2,1282,1282,1,16,0,2,0,1,0,0
1345373,1,2024,2024,3,6,8,1,10,32,34609,0,1,9,-33.926539,150.980422,15,0,2,1,3,0,0,0,2,0,7,50,0,2852,2852,4,0,19,2,0,0,0,1
1345375,1,2024,2024,7,1,8,4,1,109,34609,0,1,1,-33.965804,150.854211,41,0,2,1,3,0,0,0,2,0,7,50,0,941,941,1,5,0,2,0,0,0,1
1345380,2,2024,2024,7,0,3,2209,17,106,2205,0,1,9,-34.567898,150.803077,62,0,2,0,3,0,0,0,2,2,7,60,2,14295,14295,3,0,0,2,0,0,1,0
1345381,2,2024,2024,7,6,7,95,27,14,605,0,1,9,-33.647744,151.326934,50,0,2,0,3,0,0,0,2,0,15,60,2,5929,5929,1,5,0,2,0,0,1,0
1345383,1,2024,2024,3,3,8,866,17,171,793,0,1,2,-33.814178,150.964582,21,0,2,1,3,0,0,0,2,0,7,70,2,1391,1391,1,0,0,2,0,0,0,1
1345385,1,2024,2024,7,5,7,95,27,42,605,0,1,10,-33.65989,151.316983,50,0,2,1,3,0,0,0,2,0,0,60,2,6545,6545,4,0,5,2,0,0,0,1
1345387,2,2024,2024,7,1,9,4,27,87,34609,0,1,1,-34.479481,150.395237,78,2,1,1,3,0,0,0,3,0,7,60,0,1945,1945,5,5,40,1,0,0,1,0
1345390,1,2024,2024,7,0,3,5,23,16,34609,0,1,1,-33.724981,151.287009,50,0,2,1,3,0,0,0,2,0,7,50,0,1981,1981,4,10,5,2,0,0,0,1
1345392,1,2023,2023,2,5,8,158,27,138,207,0,1,1,-33.870995,151.25456,81,0,2,1,3,0,0,0,3,0,7,60,2,941,941,1,0,5,2,0,0,0,1
1345393,2,2024,2024,7,6,5,3371,17,90,3342,0,1,9,-28.247652,153.534734,72,1,0,1,0,0,0,0,2,0,0,110,2,2852,2852,4,5,0,2,0,0,1,1
1345394,1,2024,2024,7,2,9,45,27,110,45,0,1,6,-33.747781,151.049884,31,0,2,0,3,0,3,4,3,0,9,60,2,14295,14295,3,5,0,2,0,0,0,1
1345396,4,2023,2023,11,0,2,6,27,15,34609,0,1,1,-30.21193,153.026185,19,2,1,0,0,0,0,1,1,0,7,80,0,1259,5151,8,5,40,1,0,1,0,0
1345397,2,2023,2023,11,3,1,6,31,562,34609,0,1,1,-32.2467,148.641152,22,2,1,1,0,0,0,0,0,0,7,50,0,9859,9859,1,5,5,2,0,0,1,0
1345398,1,2023,2023,11,2,8,2,31,43,34609,0,1,1,-36.113831,144.761883,51,2,1,1,0,0,0,0,2,0,7,50,0,1945,1945,5,16,40,1,0,0,0,1
1345399,4,2023,2023,11,6,4,3371,17,463,3342,0,1,9,-30.305608,153.101876,19,2,1,1,1,0,0,0,2,0,0,60,2,5929,5929,1,5,13,2,0,1,0,0
1345400,4,2023,2023,11,3,5,42,31,82,118,0,1,9,-31.076708,150.916588,70,2,1,1,1,0,0,0,2,0,7,60,2,5929,5929,1,5,27,2,0,1,1,0
1345401,4,2023,2023,11,0,8,12,27,30,34609,0,1,9,-34.197658,150.554631,79,2,2,0,0,0,0,0,2,0,0,80,0,6545,6545,4,5,5,2,0,2,0,0
1345402,2,2023,2023,11,3,10,100,27,127,799,0,1,10,-33.896228,151.154137,32,0,2,1,2,0,0,0,0,2,7,60,2,1669,1669,3,30,18,2,0,0,1,0
1345403,2,2023,2023,11,2,11,18,27,89,27,0,1,10,-33.676815,150.788483,55,0,2,0,0,0,0,0,0,0,15,80,1,1850,1463,5,10,40,1,0,0,1,0
1345404,4,2023,2023,10,3,5,20,31,433,34609,0,1,7,-33.282007,149.104053,52,2,1,1,1,0,0,0,2,0,0,50,0,6545,6545,4,5,19,2,0,1,1,0
1345407,4,2023,2023,10,6,7,191,17,25,189,0,1,1,-32.37032,150.691029,46,2,1,1,0,0,0,0,2,0,11,80,2,1945,1945,5,16,40,1,0,1,0,0
1345408,2,2023,2023,10,1,9,2126,17,62,2149,0,1,9,-33.890003,151.146535,32,0,2,1,1,0,0,0,2,0,2,60,2,591,591,1,22,5,2,0,0,1,0
1345409,2,2023,2023,11,4,8,2126,17,27,2149,0,1,9,-33.592066,150.256787,8,2,2,0,0,0,0,0,3,0,15,60,2,3775,3775,0,10,5,2,0,0,2,0
1345410,4,2023,2023,10,5,11,62,27,21,166,0,1,9,-33.229228,151.423171,16,2,2,1,2,0,3,4,0,2,7,60,2,5929,5929,1,5,19,2,0,1,1,0
1345411,1,2023,2023,10,6,7,7,10,179,34609,0,1,9,-31.898478,152.455123,43,2,1,1,1,0,0,0,2,0,7,60,0,2040,2040,9,9,28,2,0,0,0,1
1345412,2,2023,2023,10,2,11,133,31,161,51,1,0,10,-33.883791,151.157064,32,0,2,1,2,0,0,0,0,2,7,50,1,5929,5929,1,5,19,2,0,0,1,0
1345413,2,2023,2023,10,3,10,53,36,96,34,0,1,1,-33.401293,148.173549,51,1,0,1,0,0,0,0,0,0,7,100,2,1282,1282,1,23,40,1,0,0,2,0
1345415,2,2023,2023,9,6,10,2126,17,140,2149,0,1,10,-33.78741,150.848177,7,0,2,1,2,0,0,0,0,0,15,80,2,2852,2852,4,0,5,2,0,0,1,0
1345416,2,2023,2023,9,3,8,2,18,8,34609,0,1,1,-33.310142,149.670403,3,1,0,0,0,0,0,0,2,0,7,100,0,4552,5151,8,16,40,1,0,0,1,0
1345419,4,2023,2023,10,1,3,2126,17,55,2149,0,1,2,-33.795271,150.888194,7,0,2,1,1,0,0,6,1,0,7,80,2,14295,14295,3,8,5,3,0,1,1,0
1345421,1,2023,2023,9,2,10,5,31,19,34609,0,1,10,-33.694521,150.881928,7,0,2,1,1,0,0,0,0,0,0,50,0,6545,6545,4,30,12,2,0,0,0,1