Crash ID,Degree of crash - detailed,Reporting year,Year of crash,Month of crash,Day of week of crash,Two-hour intervals,Street of crash,Street type,Town,Route no.,School zone location,School zone active,Type of location,Latitude,Longitude,LGA,Urbanisation,Conurbation 1,Alignment,Street lighting,Road surface,Surface condition,Weather,Natural lighting,Signals operation,Other traffic control,Speed limit,Road classification,RUM - code,DCA - code,First impact type,Key TU type,Other TU type,No. of traffic units involved,No. killed,No. seriously injured,No. moderately injured,No. minor-other injured
1345422,4,2023,2023,9,3,1,39,27,7,29,0,1,1,-32.28581,149.743775,44,1,0,1,0,0,0,0,0,0,7,100,1,1089,1089,7,5,40,1,0,1,0,0
1345424,1,2023,2023,10,0,9,40,27,94,40,0,1,2,-33.883729,150.924524,24,0,2,1,1,0,0,0,3,0,7,40,1,2040,2040,9,5,28,2,0,0,0,1
1345427,2,2023,2023,10,3,7,17,27,31,17,0,1,1,-35.108104,148.096983,20,1,0,1,0,0,0,0,2,0,7,100,2,9859,9859,8,16,40,1,0,0,1,0
1345428,1,2023,2023,9,6,11,115,27,99,114,0,1,9,-33.887611,151.264956,76,0,2,1,2,0,0,0,0,2,7,50,2,5929,5929,1,5,18,2,0,0,0,1
1345429,4,2023,2023,9,0,11,26,31,363,34609,0,1,1,-33.753278,150.701942,55,0,2,1,2,0,0,0,0,0,7,50,0,14295,14295,3,5,5,3,0,1,0,1
1345431,2,2023,2023,9,3,6,33,1,22,34609,1,0,1,-33.919909,150.886561,41,0,2,1,1,0,0,0,2,0,9,50,0,591,591,1,22,5,2,0,0,1,0
1345435,4,2023,2023,9,5,10,224,27,246,321,0,1,5,-33.905528,151.202829,69,0,2,1,2,0,0,0,0,2,7,50,2,926,926,4,0,5,3,0,1,1,1
1345437,4,2023,2023,10,4,8,93,1,31,231,0,1,1,-33.505953,151.331441,16,2,2,1,0,2,0,0,2,0,7,60,2,515,515,1,30,27,2,0,1,0,0
1345439,1,2023,2023,11,4,7,12,27,5,34609,0,1,1,-29.535197,153.25653,18,2,1,0,0,0,0,0,2,0,7,80,0,380,714,5,0,40,1,0,0,0,1
1345442,2,2023,2023,9,0,9,100,27,127,100,0,1,10,-33.841586,150.853932,24,0,2,1,1,0,0,0,2,1,7,70,2,6545,6545,4,30,13,3,0,0,1,0
1345444,4,2023,2023,2,1,7,2,31,78,34609,0,1,9,-34.478465,150.839648,80,0,2,1,1,0,0,0,2,0,7,50,0,489,489,8,5,40,1,0,1,0,0
1345448,1,2023,2023,10,5,1,59,27,35,53,0,1,1,-34.173955,150.69919,79,2,2,0,0,0,0,0,0,0,7,80,1,1850,1463,5,15,40,1,0,0,0,1
1345450,1,2023,2023,2,2,5,37,27,62,34609,0,1,2,-34.088922,150.819502,13,0,2,0,0,0,0,0,2,0,7,60,0,14295,14295,3,0,0,2,0,0,0,1
1345451,1,2023,2023,2,1,8,10,7,293,34609,0,1,1,-33.951803,151.244491,59,0,2,1,1,0,0,0,2,0,7,50,0,3775,3775,0,5,5,4,0,0,0,1
1345454,2,2023,2023,2,1,7,29,32,117,34609,0,1,1,-28.180371,153.54131,72,2,1,0,0,0,0,0,2,0,7,50,0,312,312,2,21,40,3,0,0,1,0
1345457,4,2023,2023,2,6,6,485,27,187,769,0,1,10,-33.78641,150.995437,54,0,2,1,1,0,0,3,2,2,7,60,2,6545,6545,4,5,0,2,0,1,1,0
1345458,4,2023,2023,2,4,5,85,31,66,34609,0,1,10,-34.48724,150.898951,80,0,2,1,1,0,0,0,2,2,7,60,0,6545,6545,4,9,5,2,0,1,0,0
1345459,4,2023,2023,9,1,4,4,27,35,34609,0,1,9,-34.370737,150.909844,80,0,2,1,1,0,0,0,2,0,7,60,0,591,591,1,22,0,2,0,1,0,0
1345463,2,2023,2023,2,1,3,220,14,51,220,0,1,3,-34.167617,150.978679,80,0,2,1,0,0,0,0,2,0,7,110,2,14295,14295,3,5,12,2,0,0,1,0
1345466,2,2023,2023,2,3,1,22,27,6,26,0,1,1,-29.499152,151.125446,33,2,1,0,2,0,0,0,0,0,7,80,1,782,957,5,10,40,1,0,0,1,0
1345467,2,2023,2023,2,2,10,46,36,11,46,0,1,1,-33.040984,149.065133,22,1,0,1,0,0,3,4,0,0,7,100,1,9859,9859,8,0,40,1,0,0,1,0
1345468,4,2023,2023,2,1,9,1052,14,118,928,0,1,6,-33.426052,151.279334,16,1,2,1,1,0,0,0,2,0,7,110,2,1383,1383,1,5,12,2,0,1,0,0
1345470,1,2024,2024,4,4,5,15,27,201,34609,0,1,7,-33.99797,150.864523,13,0,2,1,1,0,0,0,2,0,9,40,0,1220,1220,9,5,28,2,0,0,0,1
1345471,2,2024,2024,4,3,8,56,27,115,80,0,1,1,-33.878067,151.188429,69,0,2,1,1,0,0,0,2,0,7,40,2,2040,2040,9,5,28,2,0,0,1,0
1345472,2,2024,2024,4,3,8,154,27,293,244,0,1,9,-33.919679,151.062753,15,0,2,1,1,0,0,0,2,0,0,60,2,2852,2852,4,5,0,2,0,0,1,0
1345473,4,2023,2023,2,2,6,106,27,523,106,0,1,1,-33.92836,150.913699,41,0,2,1,1,0,0,0,2,0,7,60,2,1220,1220,9,0,28,2,0,1,0,0
1345475,1,2023,2023,2,2,4,192,31,316,120,1,0,10,-33.925652,151.23933,59,0,2,1,1,0,0,0,2,1,7,50,2,6545,6545,4,30,0,2,0,0,0,2
1345476,1,2024,2024,4,3,5,36,27,22,34609,0,1,1,-36.047126,146.9019,0,2,1,0,0,0,0,3,2,0,7,60,0,2585,4009,8,5,40,1,0,0,0,1
1345478,2,2023,2023,9,2,3,39,31,246,99,0,1,1,-33.902201,151.198345,69,0,2,1,0,0,0,0,2,0,7,50,2,387,387,1,22,12,3,0,0,1,0
1345479,4,2024,2024,4,5,4,2209,17,5,2205,0,1,1,-36.763121,149.81329,5,1,0,0,0,0,3,3,2,0,7,100,2,2585,4009,8,5,40,1,0,1,0,0
1345482,4,2023,2023,2,0,7,18,27,58,34609,0,1,7,-34.046773,151.12285,68,0,2,1,1,0,0,0,2,0,0,50,0,4026,4026,8,0,40,2,0,1,0,0
1345483,4,2024,2024,4,6,3,103,27,94,563,0,1,10,-33.830176,151.049572,54,0,2,1,1,0,0,0,2,2,7,70,2,926,926,4,9,5,2,0,2,1,0
1345484,4,2023,2023,2,3,6,2261,17,30,2252,0,1,6,-34.033986,150.823634,13,0,2,0,1,0,3,3,2,0,7,80,2,1850,1463,5,16,40,1,0,1,0,0
1345485,4,2024,2024,4,4,4,28,10,12,70,0,1,7,-31.934929,152.466885,43,2,1,1,0,0,0,0,2,0,0,70,1,395,395,1,0,19,2,0,1,0,0
1345487,4,2024,2024,4,1,6,25,31,33,34609,0,1,1,-33.718154,150.430135,8,2,2,0,1,0,3,4,2,0,7,50,0,395,395,1,5,5,2,0,1,0,0
1345488,4,2023,2023,2,6,6,3371,17,44,3342,0,1,2,-30.608064,152.981431,47,1,0,1,0,0,0,0,2,0,7,110,2,4026,4026,8,0,40,2,0,1,1,0
1345490,2,2024,2024,4,5,10,2,23,40,34609,0,1,1,-33.79823,151.246015,50,0,2,1,2,0,0,3,0,0,7,50,0,9859,9859,1,5,5,2,0,0,1,0
1345491,4,2024,2024,4,1,4,4,27,6,34609,0,1,1,-30.719526,152.800613,47,2,1,0,0,0,3,4,2,0,7,80,0,1957,4009,8,10,40,1,0,1,0,0
1345499,2,2024,2024,4,3,1,330,27,147,605,0,1,10,-33.758768,151.280465,50,0,2,0,2,0,0,0,0,2,7,60,2,2585,4009,8,5,40,1,0,0,1,0
1345500,4,2023,2023,11,2,7,24,27,9,24,0,1,9,-28.296393,153.270714,72,2,1,1,0,0,0,0,2,0,7,80,1,57,57,1,5,0,2,0,3,1,0
1345504,4,2024,2024,4,5,3,2209,17,40,2205,0,1,1,-35.033339,150.582441,63,1,0,0,0,0,3,3,2,0,7,100,2,3775,3775,0,5,10,3,0,1,1,1
1345505,2,2024,2024,4,1,8,29,31,37,83,0,1,1,-29.471006,153.204241,18,2,1,0,0,0,3,4,2,0,7,60,1,3775,3775,0,5,13,2,0,0,2,0
1345512,2,2023,2023,2,1,6,193,31,316,34609,0,1,9,-31.430213,152.899891,56,2,1,0,1,0,0,0,2,3,7,50,0,4552,5151,8,0,40,1,0,0,1,1
1345513,4,2024,2024,4,6,4,39,23,98,34609,0,1,1,-33.016154,151.593588,37,0,2,1,1,0,0,0,2,0,7,50,0,9859,9859,1,0,0,3,0,1,0,0
1345514,4,2024,2024,4,2,7,3371,17,40,3342,0,1,2,-31.508494,152.798889,56,1,0,1,0,0,3,4,2,0,7,110,2,4026,4026,8,0,40,1,0,1,0,0
1345517,4,2024,2024,4,6,3,19,31,115,34609,0,1,9,-33.875386,151.182314,69,0,2,1,1,0,0,0,2,0,7,50,0,1220,1220,9,5,28,2,0,1,0,0
1345518,2,2023,2023,10,0,10,63,27,224,605,0,1,9,-33.806846,151.246652,45,0,2,0,2,0,3,4,0,2,7,60,2,2585,4009,8,5,40,3,0,0,2,0
1345519,2,2024,2024,4,2,7,1,31,284,34609,0,1,10,-33.912119,151.004821,15,0,2,1,1,0,0,0,2,0,15,50,0,6545,6545,4,10,5,2,0,0,2,0
1345524,4,2024,2024,3,5,3,2209,17,106,2205,0,1,2,-33.88496,151.194555,69,0,2,1,1,0,3,4,2,0,7,50,2,1220,1220,9,5,28,2,0,1,1,0
1345525,4,2024,2024,4,4,11,344,27,95,382,0,1,10,-33.733067,150.848624,7,0,2,1,2,0,0,0,0,2,7,70,2,6545,6545,4,10,12,2,0,1,1,0
1345527,4,2024,2024,3,2,4,2209,17,106,2205,0,1,9,-34.568024,150.803086,62,0,2,0,1,0,0,3,2,2,7,60,2,1981,1981,4,10,0,2,0,1,0,0
1345529,2,2024,2024,3,1,7,10,10,41,34609,0,1,1,-35.134045,147.372682,75,2,1,0,0,0,3,4,2,0,7,50,0,4552,5151,8,5,40,1,0,0,1,0
1345530,1,2024,2024,4,4,9,145,27,36,80,1,0,10,-33.882325,151.182244,69,0,2,1,2,0,0,0,3,3,7,40,2,9859,9859,1,22,12,2,0,0,0,1
1345532,4,2024,2024,3,3,7,119,31,166,34609,0,1,1,-33.419394,149.578715,3,2,1,1,1,0,0,0,2,0,7,50,0,1282,1282,1,0,40,1,0,1,0,0
1345536,2,2024,2024,4,1,9,27,27,47,49,0,1,7,-33.774126,151.279098,50,0,2,1,1,0,0,0,2,0,0,60,1,6545,6545,4,5,19,2,0,0,1,0
1345538,4,2024,2024,4,2,6,175,27,104,220,0,1,2,-33.720995,150.935125,7,0,2,1,0,0,0,0,2,0,7,70,2,14295,14295,3,5,5,2,0,1,0,0
1345540,2,2023,2023,9,2,7,83,31,523,34609,0,1,10,-33.919827,150.921778,41,0,2,1,1,0,0,0,2,2,7,50,0,5929,5929,1,9,5,2,0,0,1,0
1345545,2,2024,2024,4,5,8,6,31,234,34609,0,1,1,-34.288844,146.042059,28,2,1,1,1,0,0,0,2,0,7,50,0,248,248,1,10,5,2,0,0,1,0
1345547,2,2023,2023,2,3,9,98,31,100,159,0,1,10,-33.95705,151.147148,4,0,2,1,2,0,0,0,3,2,7,60,2,14295,14295,3,5,12,2,0,0,1,0
1345549,2,2024,2024,4,3,5,478,17,50,480,0,1,7,-33.239899,151.565454,16,2,2,1,1,0,3,4,2,0,0,60,2,5929,5929,1,22,5,2,0,0,1,0
1345550,2,2024,2024,4,1,5,2126,17,80,2149,0,1,9,-33.887391,151.173165,32,0,2,1,1,0,0,0,2,0,7,60,2,186,186,9,22,28,2,0,0,1,0
1345551,2,2024,2024,4,3,7,1052,14,118,928,0,1,3,-33.421195,151.290252,16,1,2,1,1,0,0,0,2,0,7,110,2,14295,14295,3,0,36,5,0,0,1,0
1345554,4,2023,2023,10,3,7,1,9,65,34609,0,1,9,-36.043442,146.987409,0,2,1,1,0,0,0,0,2,0,7,50,0,1850,777,5,16,40,1,0,1,0,0
1345556,4,2024,2024,3,4,3,92,27,129,244,0,1,9,-33.89365,151.115535,32,0,2,1,1,0,0,0,2,0,15,50,2,6545,6545,4,5,0,2,0,1,0,0
1345557,4,2024,2024,3,4,5,42,36,44,34609,0,1,9,-30.589388,152.998253,47,1,0,1,0,0,3,4,2,0,0,90,0,5929,5929,1,0,41,3,0,1,1,0
1345558,4,2024,2024,4,3,3,3,27,57,41,0,1,1,-33.678466,151.113743,31,0,2,1,0,0,0,0,2,0,7,60,2,14295,14295,3,22,27,3,0,1,0,0
1345562,2,2024,2024,3,4,7,3371,17,83,3342,0,1,2,-30.105212,153.168781,19,1,0,0,1,0,0,0,2,0,7,110,2,380,714,5,9,40,1,0,0,2,1
1345563,1,2024,2024,3,0,5,1,31,232,34609,0,1,1,-33.692306,150.924869,71,0,2,1,0,0,0,0,2,0,9,50,0,2040,2040,9,33,28,2,0,0,0,1
1345571,1,2024,2024,3,3,8,27,36,29,27,0,1,1,-31.629086,149.757493,51,1,0,0,0,0,0,0,2,0,7,100,1,380,714,5,5,40,1,0,0,0,1
1345572,4,2024,2024,3,0,10,39,31,161,34609,0,1,10,-33.886091,151.153272,32,0,2,1,2,0,0,0,0,0,0,50,0,6545,6545,4,5,27,2,0,1,0,0
1345573,4,2024,2024,4,6,5,515,14,202,518,0,1,3,-33.940534,151.026551,15,0,2,1,1,0,0,0,2,0,7,100,2,14295,14295,3,30,25,2,0,1,0,1
1345574,4,2024,2024,4,4,8,5,31,94,34609,0,1,1,-33.884708,150.926043,24,0,2,1,1,0,3,4,2,0,7,50,0,2040,2040,9,5,28,2,0,1,0,0
1345585,2,2023,2023,9,0,8,2126,17,80,2149,0,1,5,-33.882929,151.204126,69,0,2,1,3,0,0,6,2,2,9,40,2,591,591,1,17,40,2,0,0,1,0
1345588,4,2024,2024,3,0,3,293,31,128,369,0,1,10,-33.617487,150.809277,29,2,2,1,1,0,0,0,1,2,7,60,2,1220,1220,9,5,28,2,0,1,0,0
1345589,4,2024,2024,3,2,7,9,27,23,34609,0,1,1,-34.630438,150.831017,62,0,2,0,0,0,0,0,2,0,7,80,0,2585,4009,8,16,40,1,0,1,0,0
1345590,2,2024,2024,4,4,5,33,23,104,34609,0,1,1,-33.800047,150.777518,55,0,2,1,1,0,0,0,2,0,7,50,0,9859,9859,1,30,5,3,0,0,1,0
1345592,2,2024,2024,3,5,7,8,2,169,34609,0,1,1,-28.635757,153.592798,10,2,1,0,1,0,0,0,2,0,7,50,0,3775,3775,0,0,0,2,0,0,2,0
1345593,4,2024,2024,3,6,7,36,27,4,82,0,1,1,-35.504059,147.262055,27,1,0,1,0,0,0,0,2,0,7,100,1,4026,4026,8,8,40,1,0,1,0,1
1345595,4,2024,2024,3,5,7,916,17,194,917,0,1,1,-30.539069,151.607572,1,1,0,1,0,0,3,4,2,0,7,100,2,9859,9859,1,5,5,2,0,1,0,0
1345597,2,2024,2024,3,2,1,24,31,91,160,0,1,7,-33.995965,150.891587,13,0,2,1,2,0,3,4,0,0,0,60,2,395,395,1,10,5,2,0,0,1,0
1345598,4,2024,2024,3,3,6,1,6,9,34609,0,1,1,-33.43662,149.593393,3,2,1,1,0,0,0,0,2,0,7,50,0,2040,2040,9,0,28,2,0,1,0,0
1345599,4,2024,2024,3,4,5,280,10,314,82,0,1,10,-33.850836,150.922233,24,0,2,1,1,0,0,0,2,2,7,60,1,2040,2040,9,8,28,2,0,1,0,0
1345600,2,2024,2024,3,0,11,283,27,145,702,0,1,2,-33.928622,151.071909,15,0,2,1,2,0,0,0,0,0,7,60,2,1383,1383,1,5,19,2,0,0,1,0
1345602,1,2024,2024,3,0,10,8,31,171,34609,0,1,1,-33.815337,150.970976,21,0,2,1,2,0,0,0,3,0,7,50,0,9859,9859,1,5,5,2,0,0,0,1
1345605,2,2024,2024,4,1,4,2209,17,40,2205,0,1,1,-35.743959,150.161009,23,1,0,1,0,0,0,0,2,0,7,90,2,3775,3775,0,5,35,2,0,0,1,0
1345615,2,2024,2024,3,1,6,3,18,31,34609,0,1,9,-31.076145,150.859529,70,2,1,1,1,0,0,0,2,0,0,80,0,941,941,1,5,13,2,0,0,1,0
1345621,2,2024,2024,3,5,5,1052,14,60,928,0,1,3,-33.430938,151.250593,16,1,2,0,0,0,3,4,2,0,7,110,2,4552,5151,8,29,40,2,0,0,2,0
1345624,2,2024,2024,3,5,10,95,31,218,34609,0,1,1,-33.764083,150.77448,55,0,2,1,2,0,3,3,0,0,7,40,0,340,340,9,30,28,2,0,0,2,0
1345628,2,2024,2024,3,3,3,84,10,6,80,0,1,1,-34.249599,150.975506,80,0,2,0,1,0,0,0,2,0,7,60,2,1850,1463,5,16,40,1,0,0,1,0
1345631,2,2024,2024,4,5,5,3371,17,73,3342,0,1,10,-33.77404,151.167816,36,0,2,0,1,0,3,3,2,2,7,60,2,14295,14295,3,9,0,2,0,0,1,0
1345636,2,2024,2024,3,3,11,3371,17,225,3342,0,1,1,-33.800328,151.179465,77,0,2,0,2,0,0,0,0,0,7,60,2,4552,5151,8,5,40,1,0,0,1,0
1345638,4,2024,2024,3,4,3,29,1,126,34609,0,1,10,-33.937974,150.80467,41,0,2,1,1,0,0,0,1,0,0,60,0,6545,6545,4,5,5,2,0,1,0,0
1345639,4,2024,2024,3,2,0,3,27,14,34609,0,1,1,-28.970772,152.551817,51,1,0,0,0,0,0,0,0,0,10,100,0,1259,5151,8,10,40,1,0,1,0,0
1345646,2,2024,2024,4,1,5,5,1,43,34609,0,1,10,-33.729635,150.78688,7,0,2,1,1,0,0,0,2,0,15,50,0,6545,6545,4,0,19,2,0,0,1,0
1345653,2,2024,2024,3,5,0,3371,17,28,3342,0,1,2,-32.647537,151.916508,57,1,0,0,0,0,0,0,0,0,7,110,2,2585,4009,8,0,40,1,0,0,3,0
1345654,4,2023,2023,2,2,5,2126,17,9,2149,0,1,2,-33.720538,150.49432,8,2,2,0,0,0,3,4,2,0,7,80,2,1850,1463,5,16,40,1,0,2,0,0
1345655,2,2024,2024,3,0,4,117,27,72,144,0,1,10,-33.85085,151.090211,14,0,2,1,0,0,0,0,2,0,15,60,2,6545,6545,4,5,12,2,0,0,1,0
1345658,1,2024,2024,7,2,4,168,17,19,212,0,1,1,-35.546503,149.958445,23,2,1,0,0,0,3,1,2,0,7,70,2,1259,5151,8,9,40,1,0,0,0,3
1345659,4,2024,2024,4,2,4,48,10,135,58,0,1,9,-32.890178,151.73973,48,0,2,0,1,0,0,0,2,0,7,80,2,1850,1463,5,22,40,1,0,1,0,0
1345661,4,2024,2024,4,0,9,2,27,3,34609,0,1,1,-30.38379,150.680873,70,1,0,1,0,0,0,0,2,0,7,100,0,9859,9859,8,0,40,1,0,1,0,0
1345662,1,2024,2024,7,5,9,8,31,35,34609,1,0,10,-35.347281,149.214708,58,2,1,1,1,0,0,0,2,0,0,50,0,6545,6545,4,0,36,2,0,0,0,2
1345663,2,2024,2024,4,0,0,105,17,162,34609,0,1,2,-33.833919,150.912729,24,0,2,0,2,0,0,0,0,0,7,60,0,2585,4009,8,5,40,1,0,0,1,1
1345668,2,2024,2024,7,3,5,294,17,215,288,0,1,10,-35.117156,147.356318,75,2,1,1,1,0,3,0,2,2,7,60,2,5929,5929,1,30,0,2,0,0,1,0
1345669,4,2024,2024,4,2,4,114,27,22,65,0,1,9,-33.395789,151.01401,16,2,2,0,0,0,3,3,2,0,7,80,1,782,957,5,21,40,1,0,1,0,0
1345670,4,2024,2024,3,3,7,149,27,60,198,0,1,2,-33.950286,150.951158,41,0,2,1,0,0,0,0,2,0,7,60,2,9859,9859,8,16,40,1,0,1,0,0
1345672,4,2024,2024,7,0,7,41,27,102,24,0,1,9,-33.95927,151.221822,59,0,2,1,0,0,0,0,2,2,7,50,2,83,83,1,5,36,3,0,1,0,0
1345674,2,2024,2024,3,6,4,23,27,433,95,0,1,1,-33.273649,149.080967,52,2,1,1,0,0,0,0,2,0,7,50,2,2040,2040,9,5,28,2,0,0,1,0
1345678,2,2024,2024,7,5,5,133,31,161,51,0,1,10,-33.883938,151.15471,32,0,2,1,0,0,0,0,2,0,0,50,1,926,926,4,5,5,2,0,0,2,0
1345680,2,2024,2024,7,2,7,3371,17,63,3342,0,1,7,-33.238731,151.499433,16,2,2,1,1,0,0,3,2,0,0,60,2,6545,6545,4,5,0,3,0,0,1,0
1345684,2,2023,2023,5,4,4,11,1,56,34609,0,1,9,-35.142975,147.387353,75,2,1,1,1,0,0,0,2,0,0,60,0,2852,2852,4,5,5,2,0,0,1,0
1345691,2,2024,2024,3,4,9,25,27,8,260,0,1,2,-32.981767,151.603535,37,0,2,1,2,0,3,4,3,0,7,80,2,9859,9859,8,5,40,1,0,0,1,0
1345692,1,2024,2024,3,5,5,97,27,271,799,0,1,2,-33.933459,151.00344,15,0,2,1,0,0,0,0,2,0,7,70,2,1282,1282,1,8,5,2,0,0,0,1
1345693,1,2024,2024,7,6,10,38,27,438,34609,0,1,4,-33.850573,151.031841,21,0,2,0,2,0,0,0,0,0,9,40,0,2040,2040,9,5,28,3,0,0,0,2
1345698,2,2023,2023,2,3,9,44,31,80,34609,0,1,1,-33.886428,151.171751,32,0,2,1,2,0,0,0,3,0,7,50,0,84,84,8,22,40,1,0,0,1,0
1345702,1,2024,2024,4,4,8,1,31,167,34609,0,1,1,-33.822925,151.076618,54,0,2,1,1,0,0,0,2,0,7,50,0,217,217,1,0,0,2,0,0,0,1
1345711,2,2024,2024,3,5,4,11,27,139,34,0,1,9,-33.841711,151.214812,49,0,2,0,1,0,0,0,2,0,15,50,1,5929,5929,1,9,36,2,0,0,1,0
1345712,2,2024,2024,7,1,9,17,27,125,34609,0,1,9,-33.825734,151.119582,61,0,2,1,1,0,0,0,2,0,0,50,0,2040,2040,9,5,28,2,0,0,1,0
1345714,4,2024,2024,3,1,8,115,27,113,173,0,1,1,-34.376026,150.837061,80,0,2,1,0,0,3,3,2,0,7,100,2,4026,4026,8,5,40,1,0,1,0,0
1345717,4,2024,2024,4,2,10,114,27,9,228,0,1,1,-33.502005,150.953363,71,0,2,1,0,0,0,0,0,0,7,80,2,4026,4026,8,5,40,1,0,1,0,0
1345720,4,2024,2024,3,6,3,17,31,82,10,0,1,1,-33.822348,151.202874,49,0,2,1,1,0,3,3,2,0,7,50,1,1945,1945,5,16,40,1,0,1,0,0
1345725,4,2024,2024,3,5,4,8,7,76,34609,0,1,9,-33.908538,150.864279,41,0,2,1,1,0,0,0,2,0,7,50,0,1220,1220,9,0,28,2,0,1,0,0
1345730,4,2024,2024,7,1,5,2261,17,284,2252,0,1,9,-33.907399,151.023948,15,0,2,1,1,0,0,0,2,2,7,60,2,5929,5929,1,30,0,3,0,1,1,0
1345732,4,2024,2024,3,6,9,12,27,151,34609,0,1,9,-34.041601,150.852326,13,0,2,1,1,0,0,0,2,0,7,60,0,2852,2852,4,0,19,3,0,1,0,0
1345736,2,2024,2024,4,6,11,117,27,72,702,0,1,9,-33.835381,151.088167,14,0,2,0,2,0,0,0,0,2,7,70,2,5929,5929,1,5,5,2,0,0,1,0
1345741,2,2024,2024,3,4,8,143,31,123,181,1,0,9,-33.886127,151.228994,81,0,2,1,1,0,0,0,2,0,0,50,2,1945,1945,5,22,40,1,0,0,1,0
1345742,2,2024,2024,3,2,9,1,31,35,34609,0,1,1,-35.348687,149.222086,58,2,1,1,0,0,3,3,2,0,7,50,0,9859,9859,8,5,40,2,0,0,2,0
1345744,2,2024,2024,4,1,8,22,27,90,93,0,1,7,-33.784154,150.954117,54,0,2,1,3,0,0,0,2,0,0,60,1,2852,2852,4,0,19,2,0,0,1,1
1345745,2,2024,2024,3,4,8,39,36,40,79,0,1,9,-33.807116,151.20868,77,0,2,1,1,0,0,3,2,0,6,60,2,2852,2852,4,5,5,3,0,0,1,0
1345748,4,2024,2024,3,2,10,478,17,96,480,0,1,10,-33.433833,151.390015,16,2,2,1,2,0,3,4,0,2,7,60,2,5929,5929,1,5,5,2,0,3,0,0
1345749,1,2023,2023,9,3,6,2,27,7,34609,0,1,1,-33.011712,151.517974,37,0,2,0,0,2,0,0,2,0,7,100,0,1850,1463,5,16,40,1,0,0,0,1
1345751,2,2024,2024,3,0,5,500,31,106,34609,1,0,10,-28.862139,153.043715,60,2,1,1,1,0,3,3,2,0,0,50,0,6545,6545,4,0,0,2,0,0,1,0
1345753,2,2024,2024,4,3,7,67,27,210,55,0,1,9,-34.032002,151.108663,68,0,2,1,0,0,0,0,2,0,0,60,2,1669,1669,3,10,5,2,0,0,1,0
1345759,1,2024,2024,3,1,11,123,36,11,90,0,1,1,-31.728574,151.869112,43,2,1,0,0,0,0,3,0,0,7,80,1,14295,14295,3,9,13,2,0,0,0,1
1345761,4,2023,2023,2,2,6,114,27,21,65,0,1,1,-33.329959,151.165137,16,2,2,0,0,0,0,0,2,0,7,80,1,2585,4009,8,16,40,1,0,1,0,0
1345763,2,2024,2024,3,1,9,41,31,161,96,0,1,1,-33.87528,151.155151,32,0,2,0,1,0,0,0,3,0,7,50,2,1383,1383,1,5,19,2,0,0,1,0
1345764,4,2024,2024,3,1,6,283,27,197,702,1,0,9,-33.94989,151.081121,25,0,2,1,1,0,0,0,2,2,7,60,2,14295,14295,3,5,12,2,0,2,0,0
1345765,2,2024,2024,3,4,7,128,27,61,133,0,1,1,-33.844047,150.651129,55,0,2,1,1,0,0,0,2,0,7,60,2,14295,14295,3,5,22,2,0,0,1,0
1345766,4,2024,2024,3,1,7,36,31,29,34609,0,1,1,-32.930858,151.76569,48,0,2,1,1,0,0,0,2,0,7,60,0,1981,1981,4,0,27,2,0,1,0,0
1345769,4,2024,2024,3,5,3,1104,14,247,962,0,1,3,-33.80847,150.934333,21,0,2,0,0,0,0,0,2,0,7,100,2,14295,14295,3,8,10,2,0,1,0,0
1345772,1,2024,2024,7,1,6,193,1,58,34609,0,1,9,-33.754217,151.152529,36,0,2,1,1,0,0,0,2,0,15,50,0,2040,2040,9,0,28,2,0,0,0,1
1345773,2,2024,2024,7,0,3,35,31,8,34609,0,1,10,-32.400734,151.750342,51,2,1,1,1,0,0,0,2,0,0,50,0,6545,6545,4,21,0,2,0,0,1,0
1345774,2,2024,2024,3,1,4,3,31,41,34609,0,1,10,-33.909526,151.126246,15,0,2,1,0,0,0,0,2,0,15,50,0,6545,6545,4,0,13,2,0,0,1,0
1345776,2,2024,2024,3,4,8,100,27,68,78,0,1,7,-33.698417,149.845244,51,2,1,1,1,0,0,0,2,0,0,60,2,6545,6545,4,10,0,2,0,0,1,0
1345777,1,2024,2024,3,4,7,2209,17,130,2205,0,1,1,-34.452293,150.847076,80,0,2,1,1,0,0,0,2,0,7,60,1,238,238,9,0,28,2,0,0,0,1
1345778,4,2024,2024,3,1,4,7,27,5,34609,0,1,1,-28.790268,153.063116,60,2,1,1,0,0,0,0,2,0,0,80,0,78,78,8,0,40,1,0,1,0,0
1345779,4,2024,2024,7,2,4,8,27,2,11,0,1,1,-35.48216,144.197372,51,1,0,1,0,0,0,0,2,0,7,100,1,4026,4026,8,10,40,1,0,1,0,0
1345782,1,2024,2024,7,1,5,1,31,115,34609,0,1,1,-33.876824,151.189472,69,0,2,1,0,0,0,0,2,0,7,50,0,489,489,8,5,40,1,0,0,0,1
1345784,2,2024,2024,7,5,3,6,27,71,34609,0,1,10,-33.835952,150.974302,21,0,2,1,1,0,0,0,2,0,0,50,0,5929,5929,1,0,19,2,0,0,1,0
1345785,4,2023,2023,2,6,6,114,27,21,65,0,1,1,-33.359363,151.158204,16,2,2,0,0,0,0,0,2,0,7,80,1,4552,5151,8,16,40,1,0,1,0,0
1345786,1,2024,2024,3,2,8,1,27,103,34609,0,1,1,-32.938402,151.663847,37,0,2,1,1,0,0,0,2,0,7,50,0,1282,1282,1,10,5,2,0,0,0,1
1345787,4,2023,2023,2,3,8,60,27,101,262,0,1,7,-32.902879,151.621933,37,0,2,0,1,0,0,0,2,0,0,90,2,14295,14295,3,5,0,2,0,1,0,1