Crash ID,Degree of crash - detailed,Reporting year,Year of crash,Month of crash,Day of week of crash,Two-hour intervals,Street of crash,Street type,Town,Route no.,School zone location,School zone active,Type of location,Latitude,Longitude,LGA,Urbanisation,Conurbation 1,Alignment,Street lighting,Road surface,Surface condition,Weather,Natural lighting,Signals operation,Other traffic control,Speed limit,Road classification,RUM - code,DCA - code,First impact type,Key TU type,Other TU type,No. of traffic units involved,No. killed,No. seriously injured,No. moderately injured,No. minor-other injured
1345792,4,2024,2024,3,6,8,2,1,11,34609,0,1,1,-33.750546,151.182328,36,0,2,0,1,0,0,0,3,0,7,50,0,4552,5151,8,5,40,1,0,1,1,0
1345797,4,2024,2024,3,6,8,107,22,98,174,0,1,10,-33.012766,151.589766,37,0,2,1,2,0,3,4,2,2,7,60,2,5929,5929,1,0,10,2,0,1,0,0
1345800,2,2024,2024,4,3,9,500,27,129,799,0,1,1,-33.927208,151.080815,15,0,2,1,0,0,0,0,2,0,7,60,2,1282,1282,1,0,19,2,0,0,1,0
1345802,2,2024,2024,3,0,6,485,27,232,769,0,1,10,-33.674815,150.910907,71,0,2,1,1,0,0,0,2,2,7,80,2,5929,5929,1,10,13,2,0,0,1,0
1345803,2,2024,2024,3,4,4,20,31,91,34609,0,1,10,-33.959805,151.085689,25,0,2,1,0,0,3,4,2,0,15,50,0,6545,6545,4,0,36,2,0,0,1,0
1345804,2,2023,2023,9,2,2,10,27,9,34609,0,1,1,-34.915066,149.89473,26,1,0,1,0,1,2,1,0,0,7,100,0,404,404,8,10,40,1,0,0,1,0
1345807,1,2024,2024,4,4,8,3,31,49,34609,1,0,1,-33.713265,151.300014,50,0,2,1,1,0,0,0,2,0,7,50,0,238,238,9,0,28,2,0,0,0,1
1345808,2,2023,2023,2,4,6,44,31,160,260,0,1,9,-33.107627,151.490021,37,0,2,1,1,0,0,0,2,0,0,50,2,2852,2852,4,5,0,2,0,0,1,0
1345810,2,2024,2024,7,4,4,829,31,179,70,0,1,10,-31.910485,152.465774,43,2,1,1,1,0,0,0,2,0,0,60,1,5929,5929,1,5,5,2,0,0,1,0
1345817,2,2024,2024,3,0,8,500,27,80,160,0,1,9,-33.970229,150.900114,13,0,2,1,1,0,0,0,2,0,0,60,2,926,926,4,5,0,2,0,0,1,0
1345819,2,2024,2024,3,4,10,3371,17,139,3342,0,1,10,-33.840537,151.208525,49,0,2,1,2,0,0,0,3,2,9,60,2,1220,1220,9,5,28,2,0,0,1,0
1345823,2,2024,2024,3,4,10,133,27,28,260,0,1,1,-32.942499,151.624497,37,0,2,1,2,0,3,4,0,0,7,60,2,3775,3775,0,5,5,2,0,0,1,0
1345824,2,2024,2024,3,0,3,330,23,293,112,0,1,2,-33.949906,151.241022,59,0,2,1,1,0,3,0,2,0,7,60,2,515,515,1,5,27,2,0,0,1,0
1345831,4,2024,2024,4,4,10,6,31,37,34609,0,1,1,-32.669817,151.391311,17,2,1,1,0,0,0,0,0,0,7,60,0,1945,1945,5,16,40,1,0,1,0,0
1345833,2,2024,2024,3,3,6,177,31,314,208,0,1,7,-33.860453,150.9279,24,0,2,1,1,0,0,0,2,0,0,60,1,6545,6545,4,0,5,3,0,0,1,0
1345835,1,2024,2024,7,6,8,866,17,278,793,0,1,10,-33.783025,151.047453,54,0,2,1,0,0,0,0,2,2,7,60,2,14295,14295,3,5,13,2,0,0,0,2
1345838,2,2024,2024,3,6,2,330,27,108,605,0,1,2,-33.760038,151.278369,50,0,2,1,2,0,3,0,1,0,7,60,2,9859,9859,8,16,40,1,0,0,1,0
1345839,4,2024,2024,3,0,8,2126,17,127,2149,1,0,9,-33.888877,151.154411,32,0,2,1,1,0,0,0,2,0,7,60,2,9859,9859,8,0,40,2,0,1,0,0
1345843,2,2024,2024,3,4,3,1,27,13,34609,0,1,9,-33.503296,150.863168,29,2,2,0,0,0,3,4,2,0,7,70,0,6545,6545,4,10,22,2,0,0,1,0
1345844,4,2024,2024,3,6,7,2209,17,273,2205,0,1,9,-34.425617,150.889955,80,0,2,1,1,0,0,0,2,2,7,50,2,1220,1220,9,9,26,2,0,1,0,0
1345846,4,2024,2024,3,6,7,1,1,147,34609,1,2,9,-33.874721,150.997068,15,0,2,1,0,0,0,0,2,0,7,40,0,2040,2040,9,0,28,2,0,1,0,0
1345850,2,2024,2024,3,5,6,13,31,463,34609,0,1,10,-30.300661,153.110045,19,2,1,1,0,0,0,0,2,0,7,50,0,5929,5929,1,5,5,3,0,0,1,0
1345853,2,2024,2024,3,0,8,222,31,131,212,0,1,9,-33.786809,151.181281,77,0,2,1,0,0,0,0,2,2,7,60,2,14295,14295,3,8,5,6,0,0,1,1
1345856,2,2023,2023,11,4,7,330,23,293,112,1,0,9,-33.936958,151.238474,59,0,2,1,1,0,0,0,2,0,15,50,2,9859,9859,8,5,40,1,0,0,1,0
1345857,4,2023,2023,11,2,7,112,17,207,112,0,1,1,-31.905202,141.643745,51,1,0,0,0,0,0,0,2,0,7,110,2,1192,1192,1,16,19,2,0,1,0,0
1345869,2,2024,2024,3,2,5,27,27,294,27,0,1,1,-33.93936,150.952872,41,0,2,1,1,0,0,0,2,0,7,60,1,3775,3775,0,0,5,2,0,0,2,0
1345877,2,2024,2024,3,0,11,103,27,94,563,0,1,10,-33.830176,151.049572,54,0,2,1,3,0,0,0,0,2,7,70,2,14295,14295,3,5,13,2,0,0,1,0
1345879,1,2024,2024,3,1,3,5,31,61,34609,0,1,10,-35.538113,144.96462,51,2,1,1,3,0,0,0,2,0,0,50,0,2852,2852,4,0,13,2,0,0,0,1
1345882,1,2024,2024,7,0,4,20,27,13,24,0,1,1,-33.632381,151.036892,31,0,2,0,3,0,3,0,2,0,7,60,1,4552,5151,8,5,40,1,0,0,0,1
1345886,1,2024,2024,3,6,2,12,27,82,34609,0,1,1,-33.790301,151.265999,50,0,2,1,3,0,0,0,1,0,7,50,0,1192,1192,1,0,12,2,0,0,0,1
1345893,2,2024,2024,7,2,6,475,10,137,268,0,1,10,-33.907693,150.898662,41,0,2,1,2,0,3,4,2,2,7,60,2,5929,5929,1,10,0,2,0,0,1,1
1345895,1,2024,2024,7,2,10,475,31,80,75,0,1,10,-33.878399,151.20927,69,0,2,1,2,0,0,0,0,2,9,40,1,6545,6545,4,5,0,3,0,0,0,1
1345896,2,2024,2024,7,1,6,225,17,70,180,0,1,1,-34.561772,150.341897,78,2,1,1,3,0,0,0,2,0,7,80,2,14295,14295,3,30,13,2,0,0,1,0
1345897,2,2023,2023,2,2,8,255,27,62,172,0,1,9,-32.92382,151.622042,37,0,2,0,3,0,0,0,2,2,7,60,2,926,926,4,5,5,2,0,0,1,0
1345900,1,2024,2024,7,1,4,16,27,35,34609,0,1,1,-28.812507,153.266309,39,2,1,1,3,0,0,0,2,0,7,50,0,1981,1981,4,5,19,2,0,0,0,1
1345903,2,2024,2024,7,4,8,97,31,460,92,0,1,9,-33.830226,150.993227,21,0,2,1,3,0,0,0,2,0,7,60,1,5929,5929,1,0,5,2,0,0,1,0
1345909,1,2023,2023,2,6,8,330,27,108,605,0,1,2,-33.764798,151.270792,50,0,2,1,3,0,0,0,2,0,7,60,2,14295,14295,3,5,40,2,0,0,0,1
1345911,1,2024,2024,7,3,2,485,27,232,769,0,1,10,-33.690517,150.922224,7,0,2,1,3,0,0,0,0,2,7,80,2,14295,14295,3,5,5,2,0,0,0,2
1345913,4,2023,2023,2,5,8,10,27,2,34609,0,1,1,-33.1138,151.563982,37,0,2,1,3,0,0,0,2,0,7,50,0,1981,1981,4,0,0,2,0,1,0,0
1345916,1,2024,2024,3,3,6,16,27,74,34609,0,1,1,-33.732031,151.037,31,0,2,1,3,0,0,0,2,0,7,50,0,941,941,1,5,5,2,0,0,0,1
1345917,1,2024,2024,4,0,5,283,27,197,702,1,0,9,-33.948862,151.080457,25,0,2,1,3,0,0,0,2,1,7,60,2,775,775,4,5,5,2,0,0,0,1
1345926,2,2024,2024,7,5,3,59,31,73,46,0,1,1,-34.17895,150.613832,79,2,2,1,3,0,0,0,2,0,7,50,2,14295,14295,3,5,10,2,0,0,1,0
1345927,1,2024,2024,7,1,4,171,1,387,104,0,1,9,-33.933967,151.199251,4,0,2,0,3,0,0,0,2,2,7,60,2,5929,5929,1,5,12,2,0,0,0,1
1345930,1,2024,2024,7,5,7,866,17,54,793,1,2,2,-33.723578,151.099632,31,0,2,1,3,0,0,0,2,0,7,40,2,1383,1383,1,5,5,2,0,0,0,1
1345931,2,2024,2024,3,4,8,103,27,149,167,0,1,9,-33.999786,151.127379,25,0,2,1,3,0,0,0,2,0,7,70,2,5929,5929,1,10,19,2,0,0,1,0
1345932,1,2024,2024,3,0,9,43,27,70,148,0,1,10,-32.909519,151.717462,48,0,2,1,3,0,3,4,2,0,15,60,1,1957,777,8,10,40,1,0,0,0,1
1345934,2,2024,2024,7,5,7,1,27,80,34609,0,1,9,-33.753976,150.665371,55,0,2,1,3,0,0,0,2,0,0,50,0,3775,3775,0,0,0,2,0,0,1,0
1345935,4,2024,2024,7,3,7,51,27,76,34609,0,1,10,-33.910862,150.875157,41,0,2,1,3,0,0,0,2,2,7,50,0,5929,5929,1,5,0,2,0,2,0,0
1345936,2,2024,2024,7,0,4,143,31,175,34609,0,1,1,-33.769632,151.083652,54,0,2,1,3,0,0,0,2,0,7,50,0,387,387,1,22,36,2,0,0,1,0
1345937,2,2024,2024,3,1,5,10,31,155,95,0,1,9,-33.142513,148.187522,53,2,1,1,3,0,0,0,2,0,0,50,2,941,941,1,0,0,2,0,0,1,0
1345941,1,2024,2024,3,1,7,43,2,92,42,0,1,7,-33.736734,150.96083,71,0,2,0,3,0,0,0,2,0,0,70,2,14295,14295,3,0,0,2,0,0,0,1
1345944,1,2024,2024,7,0,3,149,10,346,702,0,1,2,-33.870487,151.064638,67,0,2,1,3,0,0,0,2,0,7,80,2,14295,14295,3,8,5,3,0,0,0,2
1345946,2,2024,2024,3,1,7,475,31,44,27,0,1,9,-33.97276,151.118026,25,0,2,0,3,0,0,3,2,0,0,60,1,1391,1391,1,0,5,2,0,0,1,0
1345951,1,2024,2024,7,2,6,10,27,175,34609,0,1,10,-33.771143,151.07537,54,0,2,1,3,0,3,4,2,0,15,50,0,150,150,4,15,0,2,0,0,0,1
1345953,2,2024,2024,4,4,8,296,27,290,293,0,1,9,-33.86109,150.992988,21,0,2,1,3,0,0,0,2,2,7,70,2,14295,14295,3,5,0,2,0,0,1,0
1345954,2,2024,2024,4,3,6,2,27,3,34609,0,1,1,-33.706172,150.151667,40,1,0,0,3,2,0,0,2,0,7,100,0,14295,14295,3,5,0,2,0,0,1,0
1345957,1,2024,2024,3,2,9,153,27,290,147,0,1,1,-33.94986,151.123756,4,0,2,1,3,0,0,0,4,0,7,60,2,1981,1981,4,0,19,2,0,0,0,1
1345960,1,2024,2024,7,1,5,2126,17,223,2149,0,1,10,-33.805033,150.927543,7,0,2,1,3,0,0,0,2,2,7,80,2,6545,6545,4,5,0,2,0,0,0,1
1345962,4,2024,2024,3,6,9,13,23,64,34609,0,1,9,-32.940741,151.70912,48,0,2,1,1,0,3,4,2,2,7,60,0,14295,14295,3,5,5,2,0,1,0,0
1345968,1,2024,2024,3,2,7,175,27,24,220,0,1,2,-33.727722,150.924498,7,0,2,1,3,0,0,0,2,0,7,70,2,14295,14295,3,5,0,3,0,0,0,1
1345971,1,2024,2024,7,5,6,72,27,72,56,0,1,1,-33.795452,151.06505,54,0,2,0,3,0,0,0,2,0,7,60,2,14295,14295,3,0,13,2,0,0,0,2
1345975,1,2024,2024,7,2,4,27,17,23,34609,0,1,1,-33.3215,151.398422,16,2,2,0,3,0,0,3,2,0,7,60,0,3775,3775,0,0,12,2,0,0,0,1
1345976,2,2024,2024,3,2,3,107,22,210,121,0,1,1,-34.030547,151.110046,68,0,2,1,3,0,0,0,1,0,7,60,1,9859,9859,1,10,0,2,0,0,1,0
1345977,2,2024,2024,7,0,4,3371,17,65,3342,0,1,2,-33.385044,151.364746,16,2,2,1,3,0,0,0,2,0,7,60,2,2040,2040,9,5,28,2,0,0,1,0
1345978,4,2024,2024,7,0,4,168,10,387,260,0,1,10,-33.933847,151.192162,4,0,2,1,3,0,0,0,2,2,7,70,2,9859,9859,8,16,40,1,0,1,0,0
1345979,2,2024,2024,7,3,0,5,1,43,34609,0,1,1,-33.217973,151.518865,16,2,2,1,3,0,0,0,0,0,7,50,0,1981,1981,4,0,5,2,0,0,1,0
1345981,1,2024,2024,7,4,5,11,31,273,34609,0,1,1,-34.430712,150.892573,80,0,2,1,3,0,0,0,2,0,7,50,0,5929,5929,1,5,0,3,0,0,0,1
1345982,1,2024,2024,7,3,4,1,27,56,34609,0,1,10,-33.807705,151.203663,77,0,2,1,3,0,0,0,2,0,15,50,0,186,186,1,10,5,2,0,0,0,1
1345986,2,2024,2024,3,6,5,95,27,17,605,0,1,1,-33.59642,151.320347,50,0,2,1,3,0,0,0,2,0,9,40,2,312,312,2,19,40,1,0,0,1,0
1345991,1,2024,2024,3,6,2,74,23,100,260,0,1,9,-33.965842,151.154173,4,0,2,1,3,0,3,4,1,0,7,60,2,14295,14295,3,0,5,3,0,0,0,1
1345993,2,2024,2024,3,5,8,829,27,125,770,0,1,2,-33.826933,151.126352,61,0,2,1,1,0,0,0,2,0,7,60,2,14295,14295,3,0,5,2,0,0,1,0
1345994,1,2024,2024,3,5,4,3,27,45,34609,0,1,1,-34.296987,150.611367,79,2,2,0,3,0,0,3,2,0,7,80,0,1957,4009,8,5,40,1,0,0,0,1
1345995,2,2024,2024,7,5,8,3,31,91,34609,0,1,1,-32.979314,151.653269,37,0,2,1,3,0,0,0,2,0,7,50,0,5929,5929,1,5,13,2,0,0,1,0
1345997,2,2024,2024,7,2,6,4,10,119,34609,0,1,1,-32.760206,151.778647,57,2,1,1,3,0,0,0,2,0,7,50,0,1109,787,1,5,5,2,0,0,2,0
1345999,2,2024,2024,7,3,5,330,23,35,39,0,1,9,-33.9698,151.241551,59,0,2,0,0,0,0,0,2,0,15,60,1,6545,6545,4,5,27,2,0,0,1,0
1346000,2,2024,2024,3,3,4,293,27,145,34609,0,1,1,-33.92234,151.134757,15,0,2,1,3,0,0,0,2,0,7,50,0,5929,5929,1,10,13,2,0,0,1,1
1346007,2,2024,2024,7,5,3,109,27,18,174,0,1,9,-32.989702,151.521852,37,0,2,1,3,0,0,0,0,0,15,80,2,6545,6545,4,10,0,2,0,0,2,0
1346008,1,2024,2024,7,3,5,4,31,54,34609,0,1,9,-33.873226,150.867944,24,0,2,0,3,0,0,0,2,0,7,50,0,2852,2852,4,30,25,2,0,0,0,1
1346009,2,2024,2024,7,0,9,2,1,294,34609,0,1,1,-33.945588,150.955667,41,0,2,1,3,0,0,0,0,0,7,50,0,14295,14295,3,0,13,3,0,0,1,0
1346011,1,2024,2024,7,2,9,234,27,337,217,0,1,9,-33.738067,151.000999,71,0,2,1,3,0,0,0,2,0,15,60,2,2852,2852,4,0,13,2,0,0,0,1
1346012,1,2024,2024,7,0,8,30,27,57,52,0,1,9,-33.902494,151.17213,32,0,2,1,3,0,0,0,2,2,7,60,1,14295,14295,3,10,0,2,0,0,0,1
1346017,1,2024,2024,7,1,8,115,27,113,173,0,1,1,-34.375896,150.835183,80,0,2,1,3,0,0,0,2,0,7,100,2,14295,14295,3,33,40,3,0,0,0,1
1346018,1,2024,2024,7,1,11,220,27,69,222,0,1,2,-33.769978,150.95931,54,0,2,1,3,0,0,0,0,0,7,80,2,14295,14295,3,16,0,2,0,0,0,1
1346031,2,2024,2024,7,1,7,48,10,316,121,0,1,1,-31.42024,152.867414,56,2,1,1,3,0,0,0,2,0,7,60,1,14295,14295,3,8,13,4,0,0,1,0
1346032,1,2024,2024,3,1,4,11,1,337,30,0,1,10,-33.730035,151.008712,71,0,2,1,3,0,0,0,2,2,7,60,2,5929,5929,1,0,0,2,0,0,0,1
1346034,4,2024,2024,3,1,10,45,27,110,45,0,1,9,-33.743496,151.047112,31,0,2,1,3,0,0,0,0,2,7,60,2,5929,5929,1,5,13,2,0,1,0,0
1346036,1,2024,2024,7,5,9,1,18,43,34609,0,1,1,-33.561676,150.795571,29,2,2,0,3,0,0,0,0,0,7,60,0,4552,5151,8,0,40,1,0,0,0,1
1346037,2,2024,2024,3,3,7,5,1,35,34609,0,1,1,-34.04216,151.049092,68,0,2,0,3,0,0,0,2,0,7,50,0,2585,4009,1,5,5,2,0,0,1,0
1346043,4,2023,2023,11,4,3,222,31,131,212,0,1,1,-33.786501,151.182298,36,0,2,1,1,0,0,0,2,0,7,60,2,3775,3775,0,10,5,3,0,2,0,0
1346044,2,2023,2023,11,0,9,13,27,43,42,0,1,1,-33.577891,150.81994,29,2,2,1,2,0,0,0,0,0,7,80,1,43,43,3,16,13,2,0,0,1,0
1346048,4,2023,2023,11,4,6,35,27,16,34,0,1,1,-29.898374,151.141308,33,1,0,1,0,0,0,0,2,0,7,100,1,9859,9859,8,0,40,1,0,1,0,0
1346049,4,2023,2023,10,5,3,53,31,130,34609,0,1,9,-33.870581,151.195987,69,0,2,1,2,0,0,0,1,0,2,40,0,515,515,1,16,27,2,0,1,0,0
1346050,4,2023,2023,10,2,7,512,17,17,441,0,1,1,-33.426339,149.394169,3,1,0,1,0,0,0,0,2,0,7,100,2,3775,3775,0,9,0,2,0,1,1,0
1346054,2,2023,2023,10,3,5,98,27,223,11,0,1,1,-33.795317,150.923071,7,0,2,1,1,0,0,0,2,0,7,60,1,4026,4026,8,5,40,1,0,0,1,0
1346056,4,2023,2023,10,2,1,19,27,96,34609,0,1,2,-34.052002,150.829486,13,0,2,0,2,0,0,0,0,0,7,50,0,1957,4009,8,5,40,1,0,1,0,0
1346057,4,2023,2023,10,2,9,9,27,6,41,0,1,1,-34.920061,147.664636,51,1,0,0,0,0,0,0,2,0,7,100,1,4552,5151,8,10,40,1,0,2,0,0
1346058,4,2023,2023,9,2,6,2,36,65,34609,0,1,7,-32.925786,151.771583,48,0,2,1,3,0,2,6,2,0,9,30,0,1220,1220,9,5,26,2,0,1,0,0
1346060,4,2023,2023,9,3,1,346,17,44,332,0,1,1,-28.815077,153.402658,2,2,1,0,0,0,3,4,0,0,7,80,2,1957,4009,8,0,40,1,0,1,0,1
1346061,1,2023,2023,9,6,10,4,31,93,34609,0,1,10,-36.076683,146.93002,0,2,1,1,2,0,3,0,0,0,0,50,0,1850,985,5,22,40,1,0,0,0,1
1346062,4,2023,2023,9,6,9,500,27,293,799,0,1,1,-33.932181,151.051764,15,0,2,1,2,0,0,0,0,0,7,60,2,57,57,1,9,19,2,0,1,0,0
1346063,4,2023,2023,9,6,3,6,31,78,125,0,1,1,-33.864502,151.009044,21,0,2,1,1,0,0,0,2,0,7,60,1,5929,5929,1,16,5,2,0,1,0,0
1346065,4,2023,2023,10,1,5,2,31,98,34609,1,0,1,-30.984234,150.249314,51,2,1,1,1,0,0,0,2,0,7,50,0,323,323,1,9,40,2,0,1,1,0
1346066,2,2023,2023,9,1,6,4,10,85,34609,0,1,9,-34.587836,150.775117,62,0,2,1,1,0,0,0,2,0,0,50,0,1109,787,1,5,5,2,0,0,2,0
1346068,4,2023,2023,9,3,3,283,27,145,702,0,1,2,-33.921215,151.067377,15,0,2,1,1,0,0,0,2,2,9,60,2,14295,14295,3,16,5,2,0,1,0,0
1346069,4,2023,2023,9,2,3,24,31,58,34609,0,1,9,-33.755316,151.157229,36,0,2,1,0,0,0,0,2,0,7,50,0,2852,2852,4,5,27,2,0,1,0,0
1346070,4,2023,2023,9,2,4,171,27,79,369,0,1,9,-34.011849,150.724461,12,0,2,1,1,0,0,0,2,0,2,80,2,515,515,1,34,19,2,0,1,0,0
1346071,4,2023,2023,9,5,10,7,10,56,34609,0,1,9,-31.466819,152.73231,56,2,1,1,2,0,0,0,0,0,7,50,0,489,489,8,16,40,1,0,1,0,0
1346072,2,2023,2023,10,6,3,22,31,59,47,0,1,9,-32.892511,151.7236,48,0,2,1,1,0,0,0,2,0,0,60,2,2852,2852,4,5,5,2,0,0,1,0
1346073,2,2023,2023,9,2,5,15,27,4,91,0,1,1,-34.642323,149.332818,74,1,0,0,0,0,3,4,2,0,7,100,1,782,957,5,30,40,1,0,0,1,0
1346077,2,2023,2023,2,3,4,193,1,85,34609,0,1,1,-32.935482,151.71823,48,0,2,1,1,0,0,3,2,0,7,60,0,9859,9859,1,5,10,2,0,0,1,0
1346080,4,2023,2023,2,0,6,3,6,201,34609,0,1,9,-34.893304,150.616727,63,2,1,0,1,0,0,0,2,0,0,50,0,2585,4009,8,10,40,1,0,1,0,0
1346081,4,2023,2023,9,3,6,54,27,284,18,0,1,2,-33.898999,151.036831,15,0,2,1,1,0,0,0,2,0,7,60,1,9859,9859,8,0,40,1,0,1,0,0
1346082,4,2023,2023,2,4,4,115,27,138,114,0,1,9,-33.872587,151.274138,81,0,2,1,1,0,0,0,2,0,9,50,2,1220,1220,9,9,28,3,0,1,0,1
1346084,2,2023,2023,10,1,4,296,27,290,293,0,1,11,-33.86109,150.992988,21,0,2,1,1,0,0,0,2,2,7,70,2,5929,5929,1,5,25,5,0,0,1,0
1346087,4,2023,2023,10,3,3,171,27,24,369,0,1,10,-33.994929,150.726007,12,0,2,0,1,0,0,0,2,2,7,80,2,1850,1463,5,16,40,1,0,1,0,0
1346089,2,2023,2023,2,5,4,115,27,138,114,0,1,5,-33.885102,151.267755,81,0,2,1,0,0,0,0,2,2,7,50,2,186,186,1,8,19,2,0,0,1,0
1346091,2,2023,2023,2,5,11,25,27,133,34609,0,1,10,-34.493225,150.790323,80,0,2,1,2,0,3,4,0,0,15,50,0,5929,5929,1,5,12,2,0,0,1,0
1346092,1,2023,2023,11,4,4,11,31,609,34609,0,1,1,-33.756269,150.911768,7,0,2,1,1,0,0,0,2,0,7,50,0,1981,1981,4,21,36,2,0,0,0,1
1346094,1,2023,2023,9,0,4,13,27,6,143,0,1,1,-34.678984,149.688433,26,1,0,1,0,0,3,4,2,0,7,100,2,3775,3775,0,5,36,3,0,0,0,1
1346095,4,2023,2023,11,6,4,169,27,80,61,0,1,10,-33.81846,151.162963,38,0,2,0,1,0,0,0,2,0,7,50,1,5929,5929,1,10,18,2,0,1,0,0
1346103,2,2024,2024,4,4,9,4,31,30,34609,0,1,1,-34.206866,150.550761,79,2,2,0,0,0,0,0,2,0,7,50,0,4552,5151,8,0,40,1,0,0,1,0
1346104,1,2023,2023,2,6,11,500,27,41,799,0,1,9,-33.907558,151.125947,15,0,2,0,2,0,0,0,0,0,0,60,2,1383,1383,1,33,18,2,0,0,0,1
1346105,2,2023,2023,2,0,7,1,25,110,34609,0,1,9,-33.750376,151.02912,71,0,2,1,1,0,0,0,2,0,7,50,0,5929,5929,1,5,27,2,0,0,1,0
1346108,4,2023,2023,2,1,6,829,27,159,770,0,1,2,-33.806835,151.071892,61,0,2,1,0,0,0,0,2,0,7,70,2,623,623,3,16,25,2,0,1,1,0
1346110,4,2023,2023,2,4,9,2,25,144,34609,0,1,1,-34.064836,151.011744,68,0,2,1,0,0,0,0,2,0,7,50,0,1981,1981,4,5,5,2,0,1,1,0
1346113,4,2023,2023,2,1,4,334,17,8,308,0,1,1,-30.968984,150.484887,51,1,0,1,1,0,0,0,2,0,7,100,2,14295,14295,3,16,0,2,0,1,0,0
1346114,2,2024,2024,4,5,5,8,27,5,6,0,1,1,-34.766923,150.814838,35,2,1,1,1,0,0,3,2,0,7,60,1,1981,1981,4,5,5,2,0,0,1,0
1346116,2,2024,2024,4,6,1,21,22,115,21,0,1,6,-33.91531,151.180593,32,0,2,0,2,0,0,0,0,0,7,60,2,2585,4009,8,16,40,1,0,0,1,0
1346118,4,2024,2024,4,1,8,1,10,44,34609,0,1,1,-32.844192,151.453742,17,2,1,1,2,0,0,3,2,0,7,60,0,4026,4026,8,5,40,1,0,1,0,0
1346119,4,2024,2024,4,1,7,293,31,112,769,0,1,2,-33.60814,150.820461,29,2,2,1,1,0,0,0,2,0,7,60,2,1850,1463,5,16,40,1,0,1,0,0
1346121,4,2024,2024,4,0,10,6,27,193,34609,0,1,1,-33.795809,151.07843,61,0,2,1,2,0,0,0,0,0,7,50,0,9859,9859,1,5,5,2,0,2,0,0
1346123,2,2023,2023,2,2,9,90,36,13,102,0,1,1,-34.26309,146.163185,28,1,0,1,1,2,0,0,2,0,7,100,2,4026,4026,8,10,40,1,0,0,1,0
1346124,4,2024,2024,4,4,4,3371,17,29,3342,0,1,2,-31.795427,152.64366,43,1,0,1,1,0,0,0,2,0,7,110,2,9859,9859,8,10,40,1,0,1,0,0
1346125,2,2024,2024,4,6,11,52,31,99,34609,0,1,1,-33.889189,151.265963,76,0,2,1,2,0,0,0,0,0,7,50,0,9859,9859,1,22,5,3,0,0,1,0
1346126,4,2024,2024,4,1,5,2,6,85,34609,0,1,1,-33.794791,150.667435,55,0,2,0,1,0,0,0,2,0,7,50,0,1957,4009,8,5,40,1,0,1,0,0
1346127,2,2023,2023,9,6,9,213,17,132,213,0,1,9,-29.774339,151.089149,33,2,1,1,0,0,2,6,3,0,0,50,2,9859,9859,8,3,40,1,0,0,1,0
1346130,4,2023,2023,9,6,7,2,31,225,34609,0,1,1,-33.795716,151.168896,77,0,2,1,1,0,0,0,2,0,7,50,0,4026,4026,1,30,5,3,0,1,0,0
1346132,4,2023,2023,10,3,5,2,7,23,34609,0,1,1,-34.046485,150.806748,13,0,2,0,1,0,0,0,2,0,7,50,0,2585,4009,8,16,40,1,0,1,0,0
1346133,4,2024,2024,4,6,10,31,22,284,34609,0,1,10,-33.91036,151.013833,15,0,2,1,2,0,0,0,0,0,15,50,0,9859,9859,1,10,0,3,0,1,0,0
1346134,4,2024,2024,4,3,9,2,27,6,34609,0,1,1,-33.708171,149.685306,51,1,0,0,0,0,0,3,3,0,7,100,0,418,714,5,5,40,1,0,1,0,0
1346135,4,2024,2024,4,4,6,10,7,12,34609,0,1,9,-31.055041,150.895154,70,2,1,0,0,0,0,0,2,0,7,50,0,1850,1463,5,16,40,1,0,1,0,0
1346138,4,2024,2024,4,0,1,78,17,22,75,0,1,8,-33.853959,151.209572,69,0,2,1,2,0,0,0,0,0,7,70,2,9859,9859,8,15,40,1,0,2,0,0
1346140,2,2024,2024,4,5,10,43,27,61,76,0,1,9,-32.924001,151.730638,48,0,2,1,2,0,0,0,0,2,7,60,1,5929,5929,1,5,5,2,0,0,1,0
1346141,4,2023,2023,9,0,8,31,1,234,139,0,1,1,-34.287963,146.04694,28,2,1,1,0,0,0,0,2,0,7,50,2,1220,1220,9,10,28,2,0,1,0,0
1346142,4,2024,2024,4,1,5,43,27,11,118,0,1,1,-30.612107,150.657417,70,1,0,0,0,0,0,0,2,0,7,100,2,4552,5151,8,10,40,1,0,1,0,0
1346144,4,2023,2023,2,5,6,916,17,12,917,0,1,2,-32.656593,151.302184,64,1,0,1,0,0,0,0,2,0,7,100,2,9859,9859,8,10,40,1,0,1,0,0
1346145,4,2023,2023,9,0,9,133,23,463,34609,0,1,1,-30.286615,153.138526,19,2,1,1,0,0,0,0,2,0,7,50,0,1282,1282,1,16,40,1,0,1,0,0
1346146,4,2024,2024,3,0,11,1104,14,218,962,0,1,3,-33.784354,150.773253,55,0,2,1,0,0,0,0,0,0,7,110,2,4026,4026,8,10,40,1,0,1,1,0
1346150,2,2024,2024,4,6,5,8,10,14,14,0,1,1,-36.924367,149.893682,5,2,1,0,0,0,0,0,2,0,7,70,1,1850,1463,5,16,40,1,0,0,1,0
1346155,4,2024,2024,3,1,9,34,31,145,34609,0,1,9,-33.930134,151.116406,15,0,2,1,2,0,0,0,2,0,7,50,0,14295,14295,3,10,5,2,0,1,1,0
1346157,2,2024,2024,3,5,8,2,27,1,34609,0,1,1,-28.885376,153.571761,2,2,1,0,1,0,0,0,2,0,7,50,0,4552,5151,8,0,40,1,0,0,1,1