Crash ID,Degree of crash - detailed,Reporting year,Year of crash,Month of crash,Day of week of crash,Two-hour intervals,Street of crash,Street type,Town,Route no.,School zone location,School zone active,Type of location,Latitude,Longitude,LGA,Urbanisation,Conurbation 1,Alignment,Street lighting,Road surface,Surface condition,Weather,Natural lighting,Signals operation,Other traffic control,Speed limit,Road classification,RUM - code,DCA - code,First impact type,Key TU type,Other TU type,No. of traffic units involved,No. killed,No. seriously injured,No. moderately injured,No. minor-other injured
1346160,2,2024,2024,3,3,3,8,31,48,62,0,1,1,-36.673814,149.839875,5,2,1,1,1,0,0,0,2,0,7,50,1,9859,9859,8,30,40,1,0,0,1,0
1346161,4,2024,2024,3,4,11,3371,17,121,3342,0,1,6,-28.205827,153.541324,72,2,1,1,2,0,3,4,0,0,7,60,2,4026,4026,8,9,40,1,0,1,0,0
1346162,1,2024,2024,3,4,4,191,17,25,189,0,1,1,-32.403339,150.719897,46,1,0,0,0,0,0,3,2,0,7,100,2,4552,5151,8,3,40,1,0,0,0,1
1346163,4,2024,2024,3,6,4,10,27,25,80,0,1,9,-32.99066,151.713562,37,0,2,0,0,0,3,4,2,0,0,60,1,5929,5929,1,9,0,2,0,1,1,0
1346165,2,2024,2024,3,0,3,68,27,98,208,1,0,9,-33.752752,151.065536,31,0,2,0,1,0,0,0,2,0,7,60,2,2852,2852,4,0,18,2,0,0,1,0
1346168,4,2024,2024,3,1,7,2126,17,44,2149,0,1,9,-33.76353,150.633583,8,2,2,0,1,0,0,0,2,0,0,70,2,2852,2852,4,5,0,2,0,2,0,0
1346169,4,2024,2024,3,4,9,6,27,14,6,0,1,9,-30.3298,152.702317,6,2,1,0,0,0,0,0,0,0,7,80,1,2585,4009,8,10,40,1,0,1,0,0
1346170,2,2024,2024,4,2,8,123,36,10,49,0,1,1,-30.073618,151.09773,33,1,0,0,0,0,3,4,2,0,7,100,1,273,957,5,0,40,1,0,0,2,0
1346171,4,2024,2024,3,2,6,8,27,12,34609,0,1,1,-34.107232,150.508444,79,1,2,0,0,0,0,0,2,0,7,100,0,3775,3775,0,16,5,2,0,1,0,0
1346172,4,2024,2024,4,2,3,15,31,24,34609,0,1,1,-33.826742,151.170747,38,0,2,1,1,0,0,0,2,0,7,50,0,9859,9859,1,5,0,2,0,1,0,0
1346175,4,2024,2024,3,1,7,103,36,5,157,0,1,1,-28.607274,152.991216,51,2,1,0,0,0,0,0,2,0,7,80,2,3775,3775,0,10,5,2,0,2,0,0
1346176,2,2024,2024,3,6,7,12,31,77,321,0,1,9,-33.885452,151.202942,69,0,2,0,1,0,0,0,2,3,7,50,2,1850,985,5,15,40,1,0,0,1,0
1346177,2,2024,2024,3,4,3,168,10,387,260,0,1,2,-33.946049,151.179364,4,0,2,1,2,0,0,0,1,0,7,60,2,3775,3775,0,5,5,2,0,0,1,0
1346179,4,2024,2024,4,3,5,4,23,4,34609,0,1,1,-33.987777,151.10035,25,0,2,1,0,0,0,0,2,0,7,50,0,248,248,1,16,0,2,0,1,0,0
1346180,4,2024,2024,4,3,10,85,27,53,145,0,1,9,-33.798835,151.046463,54,0,2,1,2,0,0,0,0,2,0,70,2,5929,5929,1,0,5,3,0,1,2,0
1346181,1,2024,2024,3,1,2,2261,17,44,2252,0,1,10,-33.893766,150.959747,24,0,2,1,2,0,3,4,0,2,7,70,2,5929,5929,1,0,5,2,0,0,0,1
1346184,2,2024,2024,3,6,0,37,31,253,34609,0,1,1,-33.966119,151.103947,25,0,2,1,0,0,0,0,0,0,7,50,0,237,397,1,5,5,4,0,0,2,0
1346186,4,2024,2024,4,4,6,18,31,42,34609,0,1,1,-33.890807,150.866411,24,0,2,0,0,0,0,0,2,0,7,60,0,1391,1391,1,5,19,2,0,1,0,0
1346188,4,2024,2024,4,6,0,3,1,234,34609,0,1,1,-34.30461,146.005431,28,2,1,1,0,0,0,0,0,0,7,80,0,475,475,5,10,40,1,0,1,0,0
1346191,4,2024,2024,3,5,5,3,27,309,34609,0,1,1,-33.810405,151.12071,61,0,2,0,0,0,3,4,2,0,7,50,0,1957,4009,8,5,40,1,0,1,0,0
1346192,4,2024,2024,3,3,7,134,10,363,133,0,1,10,-33.817999,151.021984,54,0,2,1,0,0,0,0,2,0,2,70,2,19,19,1,5,0,2,0,1,0,0
1346194,4,2024,2024,3,2,9,14,31,5,34609,0,1,9,-33.969959,151.055668,25,0,2,1,0,0,0,0,2,0,0,50,0,368,368,9,0,28,3,0,1,0,0
1346197,4,2024,2024,3,6,4,61,10,160,5,0,1,1,-33.100491,151.474761,37,0,2,1,1,0,0,0,2,0,7,60,1,3775,3775,0,5,0,2,0,1,2,1
1346198,4,2024,2024,4,1,9,77,31,64,563,0,1,2,-33.886748,151.03958,21,0,2,1,2,0,0,0,2,0,7,80,2,9859,9859,8,5,40,1,0,1,0,0
1346199,4,2024,2024,3,4,4,59,27,370,53,0,1,1,-34.07351,150.791781,13,0,2,1,0,0,0,0,2,0,7,60,2,9859,9859,8,0,40,1,0,1,0,0
1346202,4,2024,2024,4,2,9,2,31,42,34609,0,1,1,-36.03483,146.369507,51,2,1,1,0,2,0,0,2,0,7,50,0,1945,1945,5,16,40,1,0,1,0,0
1346203,1,2024,2024,3,4,8,85,31,283,34609,0,1,1,-33.830391,151.009384,54,0,2,1,0,0,0,0,2,0,7,50,0,368,368,9,5,28,2,0,0,0,1
1346205,4,2024,2024,3,5,5,3371,17,463,3342,0,1,9,-30.285652,153.125194,19,2,1,1,1,0,0,0,2,0,7,60,2,5929,5929,1,5,5,2,0,1,0,0
1346210,2,2024,2024,4,6,7,65,31,609,115,0,1,9,-33.770877,150.903664,7,0,2,1,0,0,0,0,2,2,7,60,2,1391,1391,1,5,18,2,0,0,1,0
1346212,4,2024,2024,7,5,5,2,27,562,34609,0,1,1,-32.275018,148.699948,22,1,0,1,0,0,0,0,2,0,7,100,0,9859,9859,8,0,40,1,0,1,0,0
1346213,1,2024,2024,3,4,4,2126,17,93,2149,0,1,9,-33.41859,149.601598,3,2,1,1,1,0,0,0,2,2,7,70,2,14295,14295,3,10,5,2,0,0,0,1
1346221,4,2024,2024,3,0,4,57,31,176,165,1,0,9,-33.96214,151.134164,25,0,2,1,1,0,0,0,2,0,7,40,1,2040,2040,9,5,28,2,0,1,0,0
1346223,4,2024,2024,3,5,10,75,10,123,165,0,1,2,-33.912288,151.212911,59,0,2,1,2,0,0,0,0,0,7,80,2,14295,14295,3,0,0,3,0,1,1,0
1346229,4,2023,2023,2,1,6,48,31,82,605,1,0,9,-33.828748,151.207814,49,0,2,1,0,0,0,0,2,0,7,60,2,5929,5929,1,15,5,2,0,1,0,0
1346232,4,2024,2024,7,0,10,475,10,100,268,0,1,9,-33.890476,150.884956,24,0,2,1,2,0,0,0,0,2,7,70,2,2040,2040,9,19,26,3,0,1,0,0
1346237,1,2024,2024,3,6,6,2,27,17,14,0,1,1,-35.657961,147.074179,27,1,0,0,0,0,0,0,2,0,7,100,1,4552,5151,8,3,40,1,0,0,0,1
1346239,2,2024,2024,7,3,9,22,31,77,34609,0,1,10,-33.885008,151.196015,69,0,2,1,1,0,3,0,3,0,15,40,0,6545,6545,4,5,27,2,0,0,1,0
1346241,1,2024,2024,7,3,8,346,36,5,14,0,1,1,-28.858311,150.709091,33,1,0,0,0,0,2,6,2,0,7,100,1,1957,4009,8,10,40,1,0,0,0,2
1346242,4,2024,2024,7,6,4,6,31,53,6,0,1,9,-30.6433,153.003443,47,2,1,0,0,0,0,0,2,0,15,50,1,1850,1463,5,22,40,1,0,1,0,0
1346244,2,2024,2024,3,0,8,1,1,8,34609,0,1,1,-33.802881,151.254615,50,0,2,0,0,0,0,3,2,0,7,50,0,3775,3775,0,0,5,2,0,0,1,0
1346247,4,2023,2023,10,2,10,4,27,52,34609,0,1,1,-33.279059,151.475101,16,2,2,0,0,0,0,0,0,0,7,50,0,1957,4009,8,9,40,1,0,1,0,0
1346248,4,2023,2023,2,3,0,4,27,39,34609,1,0,1,-33.24227,151.482627,16,2,2,1,2,0,0,6,0,0,7,50,0,9859,9859,1,0,41,2,0,1,0,0
1346249,2,2024,2024,3,6,10,113,27,218,111,0,1,9,-33.780583,150.771711,55,0,2,1,2,0,0,0,0,2,7,60,2,5929,5929,1,5,5,2,0,0,2,1
1346250,4,2024,2024,3,4,8,48,27,6,62,0,1,1,-35.713263,148.045648,66,1,0,0,0,0,0,0,2,0,7,100,2,1957,4009,8,16,40,1,0,1,0,0
1346255,2,2024,2024,7,2,7,25,27,5,143,0,1,1,-33.187157,149.679705,3,1,0,0,0,0,3,4,2,0,7,100,2,1957,4009,8,0,40,1,0,0,1,0
1346257,4,2024,2024,3,0,9,6,27,154,34609,0,1,1,-33.714902,150.970884,71,0,2,1,1,0,0,0,3,0,7,50,0,2040,2040,9,0,28,2,0,1,0,0
1346258,4,2024,2024,3,1,4,5,27,323,34609,0,1,9,-33.754661,150.963968,71,0,2,1,0,0,0,0,2,0,7,50,0,340,340,9,5,28,2,0,1,0,0
1346265,1,2023,2023,2,0,8,2209,17,7,2205,0,1,2,-35.10446,150.499001,63,2,1,0,0,0,0,0,2,0,7,80,2,2585,4009,8,5,40,1,0,0,0,1
1346272,2,2024,2024,7,1,11,512,17,43,441,0,1,7,-32.551348,148.941002,22,2,1,0,2,0,0,0,0,0,0,50,2,380,714,5,5,40,1,0,0,1,0
1346273,2,2024,2024,7,2,8,34,31,98,260,0,1,10,-33.011101,151.593622,37,0,2,1,1,0,0,3,2,2,7,60,2,5929,5929,1,5,13,2,0,0,1,0
1346275,2,2024,2024,4,5,10,23,1,179,70,0,1,9,-31.902188,152.477456,43,2,1,0,2,0,3,4,0,0,7,60,1,2852,2852,4,5,0,2,0,0,2,0
1346276,4,2024,2024,3,6,3,346,17,24,332,0,1,1,-28.812211,153.379303,39,2,1,1,0,0,0,0,2,0,7,80,2,14295,14295,3,10,13,8,0,2,1,0
1346277,2,2024,2024,3,3,5,111,27,16,233,0,1,2,-33.925242,151.227986,4,0,2,0,2,0,0,0,2,0,7,60,2,1850,1463,5,16,40,1,0,0,1,0
1346287,2,2024,2024,3,4,7,44,31,160,260,0,1,1,-33.108918,151.486987,37,0,2,1,1,0,0,0,2,0,7,50,2,1282,1282,1,5,27,2,0,0,1,1
1346289,1,2024,2024,3,4,7,98,27,128,382,0,1,7,-33.64152,150.785727,29,2,2,1,0,0,0,0,2,0,0,80,2,1669,1669,3,5,0,2,0,0,0,1
1346290,4,2023,2023,9,1,7,1,10,35,34609,0,1,1,-30.541097,153.017262,6,2,1,0,0,0,0,0,2,0,7,80,0,1089,1089,7,16,40,1,0,1,0,0
1346292,4,2024,2024,7,1,4,123,27,316,120,0,1,10,-33.903991,151.252856,59,0,2,1,1,0,0,0,2,2,6,50,2,6545,6545,4,22,40,2,0,1,0,0
1346293,4,2024,2024,4,4,3,59,27,271,42,0,1,10,-33.955406,151.016908,15,0,2,1,1,0,0,0,2,2,7,60,1,6545,6545,4,5,0,3,0,1,0,0
1346295,4,2024,2024,7,4,9,4,27,67,34609,0,1,10,-33.645919,150.884674,71,0,2,1,2,0,0,0,0,0,0,50,0,6545,6545,4,22,0,2,0,1,0,0
1346298,2,2024,2024,7,1,4,9,10,61,40,0,1,1,-35.904224,150.114592,23,2,1,0,0,0,0,0,2,0,7,80,1,1669,1669,3,5,5,2,0,0,2,1
1346299,4,2024,2024,3,4,4,11,27,16,34609,0,1,10,-34.234057,146.034832,28,1,0,1,0,0,0,0,2,0,0,100,0,6545,6545,4,0,12,2,0,1,0,0
1346300,2,2024,2024,3,5,3,866,17,278,793,0,1,10,-33.7823,151.049886,54,0,2,0,2,0,3,4,1,0,0,60,2,6545,6545,4,5,13,2,0,0,1,0
1346302,4,2024,2024,3,2,7,68,27,98,208,0,1,1,-33.741555,151.062346,31,0,2,0,0,0,0,0,2,0,7,60,2,2585,4009,8,5,40,1,0,1,0,0
1346306,1,2024,2024,7,6,5,11,27,38,28,0,1,9,-33.948296,151.071524,25,0,2,0,1,0,0,0,2,0,0,40,1,6545,6545,4,5,5,2,0,0,0,1
1346309,4,2024,2024,3,6,10,99,31,84,105,0,1,10,-33.880497,150.940689,24,0,2,0,2,0,0,0,0,0,15,60,1,775,775,4,5,0,2,0,1,1,0
1346310,2,2024,2024,7,0,8,2,18,337,34609,0,1,1,-33.73476,151.003984,71,0,2,1,1,0,0,0,2,0,7,10,0,238,238,9,10,28,2,0,0,1,0
1346311,2,2024,2024,7,6,4,40,27,149,34609,0,1,1,-33.817577,150.964407,21,0,2,1,1,0,0,0,2,0,7,50,0,2040,2040,9,10,28,2,0,0,1,0
1346312,4,2024,2024,4,3,5,2,27,12,34609,0,1,1,-29.927597,152.7251,18,1,0,1,1,0,0,0,2,0,7,100,0,1945,1945,5,16,40,1,0,1,0,0
1346313,2,2024,2024,3,0,8,30,27,43,24,0,1,1,-32.813343,151.795442,57,2,1,0,0,0,0,0,3,0,7,80,2,4552,5151,8,5,40,1,0,0,1,0
1346314,2,2024,2024,3,0,7,109,27,204,105,0,1,10,-33.89689,150.927843,24,0,2,1,1,0,0,0,2,2,9,60,2,591,591,1,18,0,2,0,0,1,0
1346317,4,2024,2024,7,2,6,42,31,82,118,0,1,9,-31.081889,150.921741,70,2,1,1,1,0,0,0,2,0,0,60,2,6545,6545,4,5,5,2,0,1,1,0
1346321,4,2024,2024,3,4,5,101,10,239,35,0,1,7,-34.03836,151.134324,68,0,2,1,1,0,0,0,2,0,0,70,2,6545,6545,4,5,5,2,0,1,0,0
1346330,2,2024,2024,3,0,7,2209,17,76,2205,0,1,10,-35.360363,150.473662,63,2,1,1,1,0,0,0,2,0,15,50,2,6545,6545,4,5,0,2,0,0,1,0
1346331,4,2024,2024,7,5,7,78,27,10,228,0,1,1,-33.058685,151.133109,17,2,1,0,0,0,0,0,2,0,7,80,1,380,714,5,16,40,1,0,1,0,0
1346334,2,2023,2023,2,3,6,3371,17,29,3342,0,1,9,-32.216749,152.322497,43,2,1,1,1,0,3,3,2,0,0,80,2,2852,2852,4,5,5,2,0,0,1,0
1346338,2,2024,2024,3,4,9,19,27,35,105,0,1,9,-33.887672,150.90357,24,0,2,1,1,0,0,0,2,0,0,60,1,14295,14295,3,10,5,2,0,0,2,0
1346339,2,2024,2024,7,0,8,103,27,124,563,0,1,2,-33.817756,151.052053,54,0,2,1,0,0,0,0,2,0,7,80,2,1383,1383,1,5,13,2,0,0,1,0
1346341,4,2024,2024,7,3,4,220,14,9,220,0,1,3,-34.243503,150.942025,80,0,2,1,0,0,0,0,2,0,7,110,2,14295,14295,3,10,36,2,0,1,0,0
1346343,4,2024,2024,3,4,4,330,23,150,112,0,1,10,-33.931247,151.23663,59,0,2,0,1,0,0,0,2,0,0,60,2,6545,6545,4,0,27,2,0,1,0,0
1346344,1,2024,2024,3,4,9,361,23,79,165,0,1,1,-33.968859,151.122765,25,0,2,1,2,0,0,0,3,0,7,50,1,387,387,1,22,36,2,0,0,0,1
1346346,1,2024,2024,4,3,8,222,27,54,40,0,1,7,-33.633403,150.889674,71,0,2,1,1,0,0,0,2,0,0,80,1,6545,6545,4,0,0,2,0,0,0,1
1346347,2,2024,2024,3,3,6,63,17,112,34609,0,1,1,-33.450735,151.43661,16,2,2,0,1,0,0,0,2,0,7,50,0,14295,14295,3,0,5,2,0,0,2,0
1346349,1,2024,2024,7,2,5,3,31,523,268,0,1,9,-33.917926,150.912721,41,0,2,0,0,0,0,0,2,0,9,50,2,591,591,1,18,5,2,0,0,0,1
1346350,1,2023,2023,5,2,9,165,31,363,34609,0,1,1,-33.813047,151.001412,54,0,2,1,2,0,0,0,0,0,16,40,0,941,941,1,33,18,2,0,0,0,1
1346353,1,2023,2023,9,3,5,5,27,135,34609,0,1,1,-35.229404,149.848443,58,2,1,1,1,2,3,4,2,0,7,50,0,1945,1945,5,16,40,1,0,0,0,1
1346358,4,2024,2024,4,6,10,21,31,316,34609,0,1,9,-31.431406,152.899665,56,2,1,1,2,0,0,0,0,2,7,50,0,489,489,8,5,40,1,0,1,0,0
1346362,2,2024,2024,7,1,4,29,1,126,34609,0,1,10,-33.937974,150.80467,41,0,2,1,0,0,0,0,2,0,0,60,0,6545,6545,4,5,0,2,0,0,2,0
1346365,4,2024,2024,7,1,8,55,36,7,43,0,1,1,-32.382795,150.465015,46,1,0,0,0,0,0,0,2,0,7,100,1,1957,4009,8,10,40,1,0,1,0,0
1346369,4,2024,2024,3,2,9,51,31,107,157,0,1,7,-29.693374,152.936713,18,2,1,1,0,0,3,4,0,0,0,50,2,2040,2040,9,10,28,2,0,1,0,0
1346370,1,2024,2024,3,1,11,2126,17,136,2149,0,1,9,-33.85845,151.069509,67,0,2,1,2,0,0,0,0,2,7,60,2,5929,5929,1,10,5,2,0,0,0,1
1346373,4,2024,2024,7,5,4,11,27,7,34609,0,1,1,-37.228591,149.684217,5,2,1,0,0,0,0,0,2,0,7,60,0,418,714,5,10,40,1,0,1,0,0
1346376,1,2024,2024,3,0,11,8,27,3,34609,0,1,1,-31.895827,152.382602,43,2,1,0,0,0,0,0,0,0,7,80,0,4552,5151,8,34,40,1,0,0,0,1
1346380,2,2024,2024,4,4,5,10,1,86,34609,0,1,1,-33.728958,151.217193,50,0,2,1,1,0,0,0,2,0,7,50,0,941,941,1,0,19,2,0,0,1,0
1346381,4,2024,2024,3,4,1,112,17,12,112,0,1,1,-31.51944,144.505666,51,1,0,1,1,0,0,0,0,0,7,110,2,475,475,5,3,40,1,0,1,0,0
1346382,2,2024,2024,3,5,6,171,1,90,22,0,1,7,-33.785284,150.952477,54,0,2,1,0,0,3,4,2,0,0,60,1,83,83,1,0,5,2,0,0,1,0
1346383,4,2024,2024,3,0,6,2,34,34,34609,0,1,1,-32.86027,150.853124,64,1,0,0,0,2,0,0,2,0,7,100,0,1850,1463,5,16,40,1,0,1,0,0
1346385,4,2024,2024,3,4,7,2,6,173,34609,0,1,1,-33.708855,151.14033,36,0,2,1,0,0,0,0,2,0,7,50,0,214,214,9,9,28,2,0,1,0,0
1346390,2,2024,2024,3,4,9,123,1,253,34609,0,1,10,-33.954471,151.090991,25,0,2,1,0,0,0,0,2,0,15,50,0,6545,6545,4,5,0,2,0,0,1,0
1346391,4,2024,2024,3,6,7,334,17,41,308,0,1,7,-31.097867,150.890978,70,2,1,1,1,0,0,0,2,0,0,60,2,6545,6545,4,5,19,2,0,1,0,0
1346395,2,2024,2024,7,6,0,3371,17,53,3342,0,1,2,-33.76931,151.159822,36,0,2,1,2,0,0,0,0,0,7,60,2,1391,1391,1,10,5,2,0,0,1,0
1346400,2,2024,2024,3,6,10,5,27,4,5,0,1,1,-30.786325,150.655218,70,1,0,0,0,0,0,0,0,0,7,100,1,782,957,5,10,40,1,0,0,1,0
1346401,4,2024,2024,3,4,5,27,27,84,35,1,0,10,-33.805642,150.987246,54,0,2,1,1,0,3,4,2,2,7,40,1,5929,5929,1,5,0,2,0,1,0,1
1346406,2,2023,2023,9,0,7,19,31,131,12,0,1,9,-33.788475,151.182137,77,0,2,1,0,0,0,0,2,0,15,50,1,2852,2852,4,5,0,2,0,0,1,0
1346407,4,2024,2024,7,4,4,5,31,45,34609,0,1,9,-33.344678,151.4964,16,2,2,1,1,0,0,0,2,2,9,50,0,2040,2040,9,5,28,2,0,1,0,0
1346408,2,2024,2024,3,0,9,2261,17,24,2252,0,1,3,-34.397901,150.513271,78,1,0,1,0,0,3,0,3,0,7,110,2,1945,1945,5,8,40,1,0,0,1,0
1346412,2,2024,2024,7,4,7,3371,17,42,3342,0,1,2,-33.823906,151.197353,49,0,2,1,1,0,0,0,2,0,7,60,2,14295,14295,3,5,5,2,0,0,1,0
1346413,4,2024,2024,3,3,8,9,27,4,39,0,1,1,-31.325073,149.417581,51,1,0,1,0,0,3,4,2,0,7,100,1,9859,9859,8,10,40,1,0,1,0,0
1346421,2,2024,2024,7,0,7,44,31,105,34609,0,1,1,-32.594656,149.583967,44,2,1,1,0,0,0,0,2,0,7,50,0,1981,1981,4,0,27,2,0,0,1,0
1346423,2,2024,2024,7,6,9,8,27,4,34609,0,1,1,-33.364261,149.512968,3,1,0,0,0,0,0,0,0,0,7,100,0,4552,5151,8,10,40,1,0,0,1,0
1346428,2,2024,2024,4,5,3,49,27,111,62,0,1,10,-33.701655,150.873382,7,0,2,1,2,0,3,4,2,2,7,70,2,4552,985,8,0,40,1,0,0,1,0
1346429,2,2024,2024,3,6,7,89,17,11,21,0,1,9,-34.206322,150.961418,80,0,2,1,1,0,0,0,2,0,15,70,1,6545,6545,4,0,27,2,0,0,1,0
1346430,2,2024,2024,7,4,4,73,31,532,34609,1,0,0,-33.874717,151.205333,69,0,2,1,2,0,0,0,2,0,7,40,0,395,395,1,0,40,2,0,0,1,0
1346431,2,2023,2023,9,2,6,6,27,45,34609,0,1,0,-33.343668,151.497149,16,2,2,1,1,0,0,0,2,0,7,10,0,1220,1220,9,5,28,2,0,0,1,0
1346433,4,2024,2024,3,3,0,204,31,387,34609,0,1,10,-33.922278,151.18737,4,0,2,1,2,0,0,0,0,0,7,50,0,5929,5929,1,30,18,2,0,1,0,0
1346435,1,2024,2024,7,0,3,5,1,145,37,0,1,7,-33.915659,151.133998,15,0,2,1,0,0,0,0,1,0,0,50,1,5929,5929,1,22,5,2,0,0,0,1
1346436,4,2024,2024,7,0,4,133,31,49,34609,0,1,10,-32.992503,151.682676,37,0,2,1,1,0,0,0,2,1,7,40,0,5929,5929,1,0,5,2,0,1,1,0
1346438,2,2024,2024,7,2,0,79,27,145,159,0,1,10,-33.932666,151.110005,15,0,2,1,2,0,0,0,0,2,7,60,2,4026,4026,8,5,40,1,0,0,1,0
1346440,2,2023,2023,1,3,5,1,27,5,34609,0,1,1,-30.331298,142.23722,51,1,0,1,0,2,0,0,2,0,7,100,0,1945,1945,5,16,40,1,0,0,1,0
1346442,4,2023,2023,0,3,6,65,31,609,115,0,1,10,-33.772915,150.902879,7,0,2,1,1,0,0,0,2,2,7,60,2,6545,6545,4,5,19,2,0,1,0,0
1346443,1,2024,2024,7,6,7,13,27,193,34609,0,1,1,-33.782638,151.073896,54,0,2,1,0,0,0,0,2,0,7,50,0,1282,1282,1,0,36,2,0,0,0,1
1346445,4,2024,2024,3,4,9,3371,17,207,3342,0,1,1,-33.552589,151.193302,31,0,2,0,0,0,0,0,2,0,7,80,2,404,404,8,16,40,1,0,1,0,0
1346446,4,2024,2024,7,2,5,2126,17,93,2149,0,1,2,-33.418439,149.600524,3,2,1,1,1,0,0,3,2,0,7,70,2,14295,14295,3,34,0,2,0,1,0,0
1346448,2,2023,2023,2,6,9,133,18,71,34609,0,1,0,-33.965067,151.081485,25,0,2,1,2,0,0,0,0,0,7,50,0,2040,2040,9,33,28,2,0,0,1,0
1346452,1,2024,2024,3,3,9,12,10,35,34609,0,1,9,-34.09745,150.7976,13,0,2,1,0,0,0,0,2,0,7,60,0,6545,6545,4,16,5,2,0,0,0,1
1346454,4,2024,2024,3,1,5,1,27,6,34609,0,1,1,-34.887937,150.581853,63,2,1,1,0,0,0,0,2,0,7,50,0,1282,1282,1,5,10,2,0,1,0,0
1346457,2,2024,2024,3,0,7,2126,17,140,2149,0,1,10,-33.78741,150.848177,7,0,2,1,1,0,0,0,2,0,0,80,2,6545,6545,4,0,5,3,0,0,3,0
1346458,4,2024,2024,3,5,3,1,18,85,34609,0,1,9,-33.732694,151.130859,36,0,2,1,0,0,0,3,2,0,7,50,0,591,591,1,22,13,2,0,1,0,0
1346463,2,2024,2024,7,5,5,37,31,523,198,0,1,10,-33.926237,150.922773,41,0,2,1,0,0,0,0,2,2,7,60,2,5929,5929,1,5,25,2,0,0,2,0
1346465,1,2024,2024,3,4,5,361,31,225,34609,0,1,9,-33.79624,151.180358,77,0,2,1,2,0,3,4,2,0,7,40,0,1383,1383,1,0,36,2,0,0,0,1
1346474,4,2023,2023,10,3,4,114,27,9,228,0,1,1,-33.516431,150.955077,71,0,2,0,0,0,0,0,2,0,7,80,2,1850,1463,5,16,40,1,0,1,0,0
1346478,2,2023,2023,10,2,0,1,27,7,34609,0,1,1,-33.479635,149.090788,51,1,0,1,0,2,0,0,0,0,7,100,0,9859,9859,8,10,40,1,0,0,1,0
1346479,2,2023,2023,10,2,9,5,25,112,34609,0,1,1,-36.058376,146.916769,0,2,1,0,1,0,0,0,2,0,7,50,0,220,220,8,10,40,1,0,0,1,0
1346480,4,2023,2023,10,4,7,82,27,84,181,0,1,1,-33.894009,151.264239,76,0,2,1,1,0,0,0,2,0,7,50,2,14295,14295,3,16,22,2,0,1,0,0
1346482,1,2023,2023,10,5,6,13,27,210,34609,0,1,1,-34.037448,151.101554,68,0,2,1,0,0,0,0,2,0,7,50,0,1981,1981,4,9,27,2,0,0,0,1
1346483,1,2023,2023,10,4,5,12,31,166,34609,0,1,1,-33.419212,149.570504,3,2,1,1,1,0,0,0,2,0,7,50,0,1981,1981,4,0,27,2,0,0,0,1
1346484,4,2023,2023,10,4,10,3,27,1,34609,0,1,1,-31.437209,152.641631,56,2,1,1,0,0,0,0,0,0,7,80,0,4026,4026,8,10,40,1,0,1,1,0
1346485,2,2023,2023,10,3,1,78,32,646,34609,0,1,1,-33.917884,151.042738,15,0,2,0,2,0,0,0,0,0,7,60,0,4552,5151,1,5,5,2,0,0,1,0
1346486,4,2023,2023,10,3,10,16,27,88,20,0,1,9,-33.749588,150.852943,7,0,2,1,2,0,0,0,0,0,7,60,1,5929,5929,1,5,19,2,0,2,1,0
1346487,1,2023,2023,9,6,6,7,27,72,34609,0,1,1,-33.836885,151.09205,14,0,2,1,1,0,0,6,2,0,9,50,0,9859,9859,1,5,40,2,0,0,0,1
1346489,1,2023,2023,10,4,2,485,27,50,769,1,0,10,-33.646421,150.858681,7,0,2,1,1,0,0,0,1,2,7,80,2,14295,14295,3,5,0,2,0,0,0,1
1346490,1,2023,2023,10,3,8,255,1,16,139,1,0,1,-34.599823,146.411275,51,2,1,1,0,0,0,0,2,0,7,50,2,1220,1220,9,30,28,2,0,0,0,1
1346493,4,2023,2023,9,3,9,205,27,45,415,0,1,2,-33.691752,151.222287,50,0,2,1,1,0,0,3,2,0,7,80,2,9859,9859,8,0,40,1,0,1,0,0
1346494,4,2023,2023,9,1,11,14,27,25,34609,0,1,9,-34.478977,150.868532,80,0,2,1,2,0,0,0,0,0,0,50,0,2852,2852,4,5,18,2,0,1,0,0
1346496,4,2023,2023,2,0,6,2,27,15,34609,0,1,1,-30.220659,153.094585,19,1,0,0,0,0,0,0,2,0,7,100,0,782,957,5,16,40,1,0,1,0,0
1346497,4,2023,2023,9,4,6,6,31,64,34609,0,1,1,-33.487467,150.142674,40,2,1,1,0,0,3,4,2,0,7,50,0,9859,9859,1,5,0,2,0,1,0,0
1346498,2,2023,2023,9,1,11,3371,17,57,3342,0,1,1,-33.675154,151.11209,31,0,2,0,2,0,0,0,0,0,7,60,2,1957,4009,8,0,40,2,0,0,1,0
1346500,2,2023,2023,9,2,0,475,31,75,34609,0,1,1,-33.88342,151.118705,32,0,2,1,2,0,3,4,0,0,7,50,0,4026,4026,1,5,0,2,0,0,1,0
1346504,4,2023,2023,9,4,0,20,31,10,34609,0,1,9,-33.06016,151.575743,37,0,2,0,0,0,0,0,0,0,7,60,0,1957,4009,8,10,40,1,0,1,0,0
1346505,2,2023,2023,9,3,0,11,1,316,34609,0,1,1,-33.904906,151.247974,59,0,2,1,2,0,0,0,0,0,7,50,0,186,186,9,5,28,2,0,0,1,0
1346506,1,2023,2023,2,0,7,15,27,64,34609,0,1,1,-34.383475,150.899822,80,0,2,1,1,0,0,0,2,0,9,80,0,14295,14295,3,5,5,2,0,0,0,1
1346507,1,2023,2023,2,4,7,1104,14,149,962,0,1,6,-33.816688,150.966741,21,0,2,1,1,0,0,0,2,2,7,90,2,14295,14295,3,5,5,2,0,0,0,1