Crash ID,Degree of crash - detailed,Reporting year,Year of crash,Month of crash,Day of week of crash,Two-hour intervals,Street of crash,Street type,Town,Route no.,School zone location,School zone active,Type of location,Latitude,Longitude,LGA,Urbanisation,Conurbation 1,Alignment,Street lighting,Road surface,Surface condition,Weather,Natural lighting,Signals operation,Other traffic control,Speed limit,Road classification,RUM - code,DCA - code,First impact type,Key TU type,Other TU type,No. of traffic units involved,No. killed,No. seriously injured,No. moderately injured,No. minor-other injured
1346509,2,2023,2023,9,3,7,12,27,41,24,0,1,1,-32.82502,151.741574,57,2,1,1,1,0,0,0,2,0,7,80,2,5929,5929,1,9,5,2,0,0,1,0
1346511,4,2023,2023,9,3,7,20,27,137,34609,0,1,10,-33.910722,151.206391,69,0,2,1,1,0,0,0,2,2,7,50,0,591,591,1,22,5,2,0,1,0,0
1346512,4,2023,2023,2,4,6,69,31,16,34609,0,1,10,-35.095229,147.389875,75,2,1,1,1,0,0,0,2,0,7,60,0,6545,6545,4,5,5,2,0,2,0,0
1346513,4,2023,2023,2,6,3,134,10,363,133,0,1,6,-33.809034,151.023905,54,0,2,0,0,0,0,0,2,0,9,70,2,2585,4009,8,5,40,1,0,1,0,0
1346514,1,2023,2023,2,0,9,1104,14,140,962,0,1,3,-33.795691,150.846421,7,0,2,1,1,0,0,0,2,0,7,100,2,9859,9859,8,9,40,1,0,0,0,1
1346516,4,2023,2023,9,1,9,103,27,41,256,0,1,10,-34.102167,150.802314,13,0,2,1,2,0,0,0,2,2,7,70,2,9859,9859,8,21,40,1,0,1,0,0
1346518,2,2023,2023,10,4,4,8,1,53,34609,1,0,7,-33.919412,150.840582,41,0,2,1,1,0,0,0,2,0,0,60,0,6545,6545,4,10,0,2,0,0,1,3
1346519,4,2023,2023,2,4,7,7,23,198,34609,0,1,9,-33.906747,151.110004,15,0,2,1,0,0,0,0,2,0,7,50,0,4026,4026,8,5,40,1,0,1,0,0
1346520,2,2023,2023,2,2,7,55,27,134,38,0,1,9,-33.949069,150.796771,12,0,2,1,1,0,0,0,2,2,7,80,2,5929,5929,1,5,12,2,0,0,1,1
1346522,4,2023,2023,2,2,10,2,27,6,34609,0,1,1,-35.372066,148.163481,66,1,0,0,0,0,0,0,0,0,7,100,0,4552,5151,8,5,40,1,0,1,0,0
1346523,4,2023,2023,2,3,2,70,27,78,100,0,1,1,-33.693915,150.575079,8,2,2,0,2,0,3,4,1,0,7,60,2,190,190,1,22,0,2,0,1,0,0
1346524,2,2023,2023,2,0,1,7,31,316,34609,0,1,10,-31.431275,152.908274,56,2,1,1,2,0,0,0,0,2,7,50,0,9859,9859,8,5,40,1,0,0,1,0
1346525,4,2023,2023,2,2,9,1,27,7,34609,0,1,1,-33.433658,149.112327,51,1,0,0,0,0,0,3,2,0,7,100,0,1850,1463,5,16,40,1,0,1,0,0
1346526,4,2023,2023,2,4,3,3,27,64,34609,0,1,7,-34.050717,150.736347,12,0,2,1,1,0,0,0,2,0,0,50,0,2040,2040,9,33,28,2,0,1,0,0
1346528,4,2023,2023,2,0,7,2126,17,140,2149,0,1,10,-33.781607,150.823918,7,0,2,1,1,0,0,0,2,2,9,80,2,1220,1220,9,30,26,2,0,1,1,0
1346530,4,2023,2023,2,5,6,98,27,294,799,0,1,2,-33.929018,150.955212,41,0,2,1,1,0,0,0,2,0,7,70,2,1945,1945,5,16,40,1,0,1,0,0
1346532,2,2023,2023,2,4,6,2209,17,130,2205,0,1,9,-34.455206,150.8446,80,0,2,1,1,0,0,0,2,2,7,60,1,5929,5929,1,0,5,2,0,0,1,1
1346533,2,2023,2023,2,1,9,1,31,105,34609,0,1,1,-32.718415,151.51712,42,2,1,1,0,0,3,4,2,0,7,50,0,368,368,9,10,28,2,0,0,1,0
1346534,4,2023,2023,9,3,2,387,27,290,331,0,1,1,-33.951794,151.123939,4,0,2,1,2,0,3,4,0,0,7,60,2,9859,9859,1,16,5,2,0,1,0,0
1346536,4,2023,2023,2,2,2,82,27,134,181,0,1,10,-33.892809,151.255155,76,0,2,0,2,0,0,0,0,2,7,50,2,2585,4009,8,30,40,1,0,1,0,0
1346540,1,2024,2024,4,3,0,35,31,532,34609,0,1,2,-33.876819,151.209626,69,0,2,1,2,0,0,0,0,2,9,40,0,2040,2040,9,33,28,2,0,0,0,1
1346542,2,2024,2024,4,1,0,220,14,78,220,0,1,3,-34.471254,150.834653,80,0,2,1,3,0,0,0,0,0,7,100,2,14295,14295,3,5,0,2,0,0,1,0
1346544,4,2023,2023,2,0,4,10,27,35,12,0,1,9,-34.90068,148.161345,20,1,0,0,0,0,0,0,2,0,7,100,1,4552,5151,8,5,40,1,0,1,0,0
1346546,1,2023,2023,2,5,8,16,10,4,12,0,1,1,-30.666735,152.923524,47,2,1,0,3,0,3,4,2,0,7,70,1,4552,5151,8,0,40,1,0,0,0,3
1346547,2,2024,2024,4,5,0,161,17,3,161,0,1,1,-36.103244,148.879568,65,1,0,1,0,0,0,3,0,0,7,100,2,1945,1945,5,0,40,1,0,0,1,0
1346548,4,2024,2024,4,1,8,9,27,144,34609,0,1,9,-34.05178,151.018504,68,0,2,1,1,0,0,0,3,0,0,50,0,489,489,8,16,40,1,0,1,0,0
1346549,2,2024,2024,4,2,8,330,23,150,112,0,1,9,-33.928913,151.234932,59,0,2,1,0,0,0,0,2,0,0,60,2,6545,6545,4,5,0,2,0,0,1,0
1346553,2,2023,2023,2,4,8,829,27,124,770,0,1,10,-33.813353,151.049216,54,0,2,1,1,0,0,0,2,0,15,70,2,5929,5929,1,5,0,2,0,0,1,0
1346554,4,2024,2024,4,0,2,50,27,167,51,0,1,7,-33.853878,151.076936,54,0,2,1,0,0,0,0,1,3,0,60,1,6545,6545,4,0,27,2,0,1,0,0
1346557,4,2024,2024,4,5,8,11,36,11,13,0,1,1,-32.803365,148.690478,11,1,0,0,0,0,0,0,2,0,7,100,1,2585,4009,8,5,40,1,0,1,0,1
1346558,4,2024,2024,4,6,9,128,27,61,133,0,1,1,-33.855729,150.647116,55,0,2,0,0,0,3,0,3,0,7,80,2,3775,3775,0,5,5,2,0,2,0,0
1346559,4,2023,2023,2,6,6,103,27,34,98,0,1,1,-32.798174,150.899805,64,2,1,0,0,0,0,0,2,0,7,80,2,3775,3775,0,16,19,3,0,1,1,0
1346560,4,2024,2024,4,6,4,1,27,2,34609,0,1,1,-32.661131,151.390669,64,2,1,0,0,0,0,0,2,0,7,80,0,4552,5151,8,10,40,1,0,1,0,0
1346562,2,2024,2024,4,6,7,168,17,32,212,0,1,1,-35.340458,149.284824,58,2,1,1,0,0,3,4,2,0,7,80,2,3775,3775,0,10,5,2,0,0,1,0
1346565,2,2024,2024,4,3,0,53,36,18,95,0,1,1,-33.258379,148.999911,11,1,0,0,0,0,0,0,0,0,7,100,2,418,714,5,0,40,1,0,0,1,0
1346567,4,2023,2023,2,1,11,7,2,12,34609,0,1,1,-33.137324,151.564784,16,2,2,1,2,0,0,0,0,0,7,50,0,1945,1945,5,16,40,1,0,1,0,0
1346568,2,2024,2024,4,1,9,20,1,54,34609,0,1,1,-33.098189,151.646563,37,0,2,1,1,0,0,0,3,0,7,50,0,9859,9859,1,0,5,2,0,0,1,0
1346569,1,2024,2024,4,0,5,1052,14,118,928,0,1,3,-33.385977,151.298583,16,1,2,1,0,0,0,0,2,0,7,110,2,1282,1282,1,0,2,2,0,0,0,1
1346572,4,2024,2024,4,2,8,387,27,290,331,0,1,1,-33.951211,151.124994,4,0,2,1,1,0,0,0,2,0,7,60,2,3775,3775,0,0,5,3,0,2,0,0
1346573,2,2024,2024,4,6,5,21,31,65,19,0,1,1,-33.704393,151.296557,50,0,2,1,1,0,0,0,2,0,7,50,1,387,387,1,16,25,3,0,0,1,0
1346574,1,2024,2024,4,6,7,916,17,104,917,0,1,2,-32.816678,151.678428,48,0,2,1,3,0,0,0,2,0,7,80,2,14295,14295,3,0,0,3,0,0,0,3
1346575,1,2024,2024,4,4,3,5,23,21,34609,0,1,1,-34.543214,150.867882,62,0,2,1,0,0,0,0,2,0,7,50,0,387,387,1,22,0,2,0,0,0,2
1346577,4,2024,2024,4,4,5,8,1,112,34609,0,1,10,-33.905294,151.208811,69,0,2,1,0,0,0,0,2,0,7,50,0,340,340,9,30,28,2,0,1,0,0
1346578,4,2024,2024,4,1,2,149,27,38,198,0,1,9,-34.053906,150.971193,68,0,2,1,0,0,0,0,1,2,7,80,2,9859,9859,8,9,40,1,0,1,0,0
1346579,4,2023,2023,2,1,10,2261,17,140,2252,0,1,2,-33.898353,150.995057,15,0,2,1,2,0,0,0,0,2,7,70,2,5929,5929,1,5,5,2,0,1,1,0
1346582,4,2024,2024,3,6,9,3371,17,58,3342,0,1,2,-28.554064,153.539144,10,1,0,1,0,0,0,3,2,0,7,110,2,9859,9859,1,5,5,2,0,1,1,0
1346584,2,2024,2024,4,5,9,98,31,100,159,0,1,9,-33.959727,151.153432,4,0,2,1,2,0,0,0,3,0,7,40,2,2040,2040,9,0,28,2,0,0,1,0
1346585,4,2024,2024,3,1,7,2209,17,144,2205,0,1,9,-34.069871,151.013054,68,0,2,1,1,0,0,0,2,0,7,70,2,1669,1669,3,0,25,2,0,1,2,0
1346588,4,2024,2024,3,5,5,24,27,57,36,0,1,1,-33.619532,151.011676,71,0,2,0,0,0,3,4,2,0,7,60,1,3775,3775,0,9,5,2,0,1,0,0
1346589,4,2024,2024,3,0,6,14,31,283,34609,0,1,7,-33.840692,151.005436,21,0,2,1,0,0,0,0,2,0,0,50,0,1220,1220,9,0,28,2,0,1,0,0
1346590,4,2024,2024,3,6,3,3371,17,53,3342,0,1,10,-32.926625,151.758134,48,0,2,1,1,0,0,0,2,2,7,60,2,4552,985,8,9,40,1,0,1,0,0
1346592,2,2023,2023,2,3,11,296,27,460,293,0,1,9,-33.841633,150.998958,21,0,2,1,2,0,0,0,0,0,2,70,2,1383,1383,1,5,36,2,0,0,1,2
1346593,4,2024,2024,3,4,10,7,27,39,34609,0,1,1,-29.752012,153.063836,18,2,1,1,0,0,0,0,0,0,7,80,0,945,945,5,16,40,1,0,1,0,0
1346596,4,2024,2024,3,3,5,1,27,5,34609,0,1,9,-36.024143,150.072482,23,2,1,1,0,2,3,3,2,0,7,50,0,1945,1945,5,16,40,1,0,1,0,0
1346597,4,2024,2024,4,3,9,3,31,4,34609,0,1,1,-31.456552,149.897314,51,2,1,1,0,0,0,0,2,0,7,50,0,623,623,3,16,0,2,0,1,0,0
1346599,2,2024,2024,3,1,4,2,10,85,34609,1,2,1,-33.787372,150.690113,55,0,2,0,0,0,0,0,2,0,7,40,0,1957,4009,8,10,40,1,0,0,1,0
1346602,4,2024,2024,3,2,8,20,31,36,34609,0,1,9,-34.054803,150.709922,12,0,2,1,3,0,0,0,2,0,7,50,0,1383,1383,1,22,5,2,0,1,0,0
1346603,4,2024,2024,4,2,11,16,27,113,34609,0,1,1,-33.79059,150.754318,55,0,2,1,0,0,0,0,0,0,7,70,0,1945,1945,5,16,40,1,0,1,0,0
1346604,1,2024,2024,3,0,8,3371,17,58,3342,0,1,2,-32.801243,151.715462,57,2,1,1,1,0,0,0,2,0,7,80,2,1383,1383,1,5,0,3,0,0,0,1
1346605,1,2024,2024,3,1,4,5,10,228,34609,1,0,1,-34.731254,149.729581,26,2,1,0,1,0,0,0,2,0,7,50,0,1259,5151,8,0,40,1,0,0,0,1
1346606,2,2024,2024,4,2,8,19,27,48,34609,0,1,1,-29.078379,151.935425,51,1,0,0,0,0,0,3,2,0,7,100,0,782,957,5,16,40,1,0,0,1,0
1346608,2,2024,2024,3,1,3,3,31,13,34609,0,1,1,-32.54948,151.141355,64,2,1,1,0,0,0,0,2,0,7,60,0,515,515,1,9,19,2,0,0,1,0
1346609,4,2024,2024,3,6,3,14,27,13,34609,0,1,1,-34.550245,150.737443,62,0,2,0,0,0,3,0,2,0,7,80,0,3775,3775,0,0,0,2,0,3,0,0
1346613,1,2024,2024,3,4,4,11,27,163,34609,0,1,7,-33.852009,151.107584,14,0,2,1,1,0,0,0,2,0,0,50,0,3775,3775,0,5,5,2,0,0,0,1
1346618,4,2024,2024,3,2,7,4,27,5,34609,0,1,1,-33.31382,149.550759,3,1,0,1,0,0,0,0,2,0,7,100,0,3775,3775,0,0,12,2,0,3,0,1
1346620,2,2024,2024,3,1,8,11,27,12,34609,0,1,9,-33.001677,151.666055,37,0,2,0,0,0,3,3,3,0,7,60,0,84,84,6,17,40,1,0,0,1,0
1346622,4,2024,2024,3,4,8,11,10,11,34609,0,1,9,-34.482318,150.804537,80,0,2,1,1,0,0,0,2,0,7,50,0,5929,5929,1,0,5,2,0,1,0,0
1346627,4,2024,2024,3,3,6,21,27,26,10,0,1,1,-32.781853,151.355269,17,2,1,0,0,0,0,0,2,0,7,80,1,1259,5151,8,5,40,1,0,1,0,0
1346636,2,2024,2024,7,3,8,1,10,17,34609,0,1,1,-33.446689,149.826222,3,2,1,0,0,0,0,0,2,0,7,60,0,3775,3775,0,0,13,2,0,0,1,0
1346637,4,2024,2024,4,2,0,265,10,445,563,0,1,9,-33.859546,151.042783,21,0,2,1,2,0,3,4,0,0,7,70,2,4552,985,8,16,40,2,0,2,0,0
1346639,4,2024,2024,3,4,7,21,31,50,34609,0,1,1,-34.34802,150.911384,80,0,2,0,0,0,0,0,2,0,7,50,0,418,714,5,16,40,1,0,1,0,0
1346646,2,2024,2024,7,0,8,133,17,55,121,0,1,1,-36.234793,149.127172,65,2,1,1,0,0,0,0,2,0,7,50,2,9859,9859,8,0,40,1,0,0,1,0
1346650,2,2024,2024,7,0,6,348,17,105,232,0,1,9,-32.60948,149.600854,44,2,1,1,0,0,0,0,2,0,7,50,2,1192,1192,1,10,0,3,0,0,1,0
1346653,2,2024,2024,3,3,6,50,36,10,43,0,1,1,-36.486467,148.14455,66,2,1,0,0,0,0,0,2,0,7,60,2,273,957,5,16,40,1,0,0,1,0
1346654,2,2024,2024,7,2,6,78,31,228,34609,0,1,2,-34.753675,149.71928,26,2,1,1,3,0,0,0,2,0,7,40,0,1282,1282,1,16,40,1,0,0,1,0
1346656,1,2024,2024,7,3,8,17,31,33,6,0,1,10,-34.749218,150.826765,35,2,1,1,3,0,0,0,2,0,0,50,1,6545,6545,4,5,5,2,0,0,0,2
1346661,2,2024,2024,3,1,7,6,27,90,34609,1,0,9,-33.791771,150.959956,54,0,2,1,3,0,0,0,2,0,7,50,0,9859,9859,1,5,0,2,0,0,1,0
1346663,2,2024,2024,7,0,9,829,27,124,770,0,1,2,-33.811572,151.035975,54,0,2,1,3,0,0,0,2,0,7,60,2,14295,14295,3,9,0,3,0,0,1,3
1346664,1,2023,2023,2,5,5,46,31,77,34609,0,1,10,-32.937354,151.754856,48,0,2,1,0,0,0,0,2,0,0,40,0,6545,6545,4,0,0,3,0,0,0,1
1346665,1,2024,2024,7,5,4,145,31,112,769,0,1,9,-33.605366,150.824239,29,2,2,1,1,0,0,0,2,2,7,60,2,1192,1192,1,5,27,2,0,0,0,1
1346667,2,2024,2024,7,1,4,1,27,16,34609,0,1,1,-31.31901,152.742617,56,2,1,0,0,0,3,4,2,0,7,80,0,2585,4009,8,10,40,1,0,0,1,0
1346669,1,2024,2024,7,4,10,346,17,87,332,0,1,7,-28.814062,153.277758,39,2,1,1,2,0,0,0,0,0,0,60,2,6545,6545,4,5,19,2,0,0,0,1
1346673,2,2024,2024,3,2,2,3,27,40,34609,0,1,1,-35.049037,150.585705,63,2,1,1,2,0,0,0,0,0,7,50,0,9859,9859,8,10,40,1,0,0,1,0
1346674,4,2024,2024,7,3,4,24,27,65,78,0,1,1,-33.548609,150.153209,40,2,1,0,0,0,0,0,2,0,7,80,2,1259,5151,8,16,40,1,0,1,0,0
1346675,4,2024,2024,3,1,3,6,1,136,34609,0,1,1,-33.86354,151.06535,67,0,2,1,2,0,0,0,0,0,7,50,0,9859,9859,1,30,0,3,0,1,0,0
1346677,2,2024,2024,3,4,9,234,27,323,217,0,1,9,-33.750581,150.99417,71,0,2,0,0,0,0,0,2,0,15,60,2,2852,2852,4,5,36,2,0,0,1,0
1346680,1,2024,2024,4,0,7,12,31,58,43,0,1,10,-28.538991,153.548254,10,2,1,1,0,0,0,0,2,0,0,50,1,2040,2040,9,21,28,3,0,0,0,1
1346685,1,2024,2024,7,6,10,73,24,65,88,0,1,1,-33.709446,151.286064,50,0,2,1,3,0,0,0,0,0,7,70,2,3775,3775,0,0,0,2,0,0,0,1
1346688,1,2024,2024,7,6,5,7,23,32,42,1,0,1,-33.865987,150.969658,24,0,2,1,3,0,0,0,2,0,7,50,1,14295,14295,3,0,5,3,0,0,0,1
1346696,2,2024,2024,3,3,8,126,27,30,168,0,1,10,-34.053546,150.772756,12,0,2,1,1,0,0,0,2,2,7,80,2,14295,14295,3,10,36,2,0,0,1,0
1346699,1,2024,2024,7,4,10,829,27,125,770,0,1,9,-33.826204,151.12614,61,0,2,1,3,0,0,0,0,0,7,60,2,14295,14295,3,5,5,3,0,0,0,1
1346700,1,2024,2024,7,0,7,2209,17,68,2205,0,1,9,-34.085174,151.010302,68,0,2,1,3,0,0,0,2,0,7,60,2,5929,5929,1,5,5,2,0,0,0,1
1346702,1,2024,2024,7,6,4,55,1,167,34609,0,1,10,-33.846548,151.072134,54,0,2,1,3,0,0,0,2,2,7,60,0,14295,14295,3,0,13,2,0,0,0,1
1346704,4,2024,2024,7,2,3,21,31,460,34609,1,0,9,-33.841301,150.988577,21,0,2,1,3,0,0,0,1,0,7,50,0,14295,14295,3,10,5,2,0,1,0,0
1346705,1,2024,2024,7,5,2,330,23,293,112,0,1,9,-33.936755,151.237949,59,0,2,1,3,0,0,0,4,0,15,50,2,14295,14295,3,9,25,2,0,0,0,1
1346706,2,2024,2024,7,6,6,7,27,5,34609,0,1,1,-28.73437,153.365426,39,1,0,0,3,0,0,0,2,0,7,100,0,1850,1463,5,5,40,1,0,0,1,0
1346708,2,2024,2024,7,5,2,500,27,271,799,0,1,9,-33.938489,151.018701,15,0,2,0,3,0,0,0,0,2,7,70,2,1850,1463,5,29,40,1,0,0,1,0
1346709,2,2024,2024,7,2,6,866,17,174,793,1,0,10,-33.869694,150.925265,24,0,2,1,3,0,0,0,2,2,7,70,2,14295,14295,3,5,0,2,0,0,3,0
1346710,2,2024,2024,3,5,7,19,31,17,34609,0,1,10,-33.863377,151.206294,69,0,2,1,1,0,0,0,2,2,7,40,0,5929,5929,1,5,0,2,0,0,1,0
1346712,4,2024,2024,7,6,8,3371,17,35,3342,0,1,1,-30.53094,152.991787,6,1,0,0,3,0,0,0,2,0,7,110,2,1850,1463,5,10,40,1,0,1,0,0
1346716,4,2024,2024,7,2,7,265,10,445,563,0,1,9,-33.85946,151.042803,21,0,2,1,3,0,0,0,2,0,7,70,2,9859,9859,8,5,40,1,0,1,0,0
1346721,2,2024,2024,3,5,3,4,31,67,34609,0,1,9,-33.709085,150.900519,7,0,2,1,3,0,0,0,2,0,15,50,0,5929,5929,1,5,5,2,0,0,1,0
1346722,2,2024,2024,7,0,9,81,17,20,331,0,1,11,-34.087526,150.695142,12,0,2,1,0,0,0,0,3,0,0,80,2,2852,2852,4,30,0,2,0,0,1,1
1346728,1,2024,2024,7,3,5,8,27,43,38,0,1,1,-33.776466,151.264313,50,0,2,0,3,0,3,3,2,0,7,60,1,3775,3775,0,5,0,2,0,0,0,1
1346732,1,2024,2024,3,1,0,104,27,443,702,0,1,2,-33.889729,151.067201,15,0,2,1,3,0,0,0,0,0,7,70,2,3775,3775,0,5,0,2,0,0,0,1
1346733,2,2024,2024,7,1,9,334,17,56,308,0,1,7,-31.457432,152.734157,56,2,1,1,3,0,0,0,2,0,0,40,2,6545,6545,4,16,36,2,0,0,1,0
1346739,1,2024,2024,3,4,2,515,14,271,518,0,1,3,-33.940529,151.016336,15,0,2,1,3,0,3,4,1,0,7,100,2,14295,14295,3,10,5,2,0,0,0,1
1346741,2,2024,2024,7,5,3,2209,17,137,2205,0,1,9,-34.031611,151.066979,68,0,2,0,3,0,3,4,1,2,7,70,2,29,29,6,10,13,2,0,0,1,0
1346748,2,2024,2024,7,2,8,14,27,11,34609,0,1,1,-34.546331,150.742941,80,0,2,0,3,0,0,3,2,0,7,80,0,3775,3775,0,0,0,2,0,0,1,0
1346750,2,2024,2024,7,4,8,127,27,48,103,0,1,9,-32.910976,151.745899,48,0,2,1,3,0,0,0,2,2,7,60,1,5929,5929,1,0,13,2,0,0,1,0
1346751,1,2024,2024,4,5,3,1,1,201,34609,0,1,1,-33.995116,150.865856,13,0,2,1,2,0,0,0,2,0,7,50,0,1981,1981,4,5,13,2,0,0,0,1
1346754,1,2024,2024,7,4,3,195,27,54,186,0,1,2,-33.871208,150.869948,24,0,2,1,3,0,0,0,2,0,7,70,2,14295,14295,3,0,13,2,0,0,0,1
1346755,2,2024,2024,7,0,9,2126,17,84,2149,0,1,9,-33.819191,150.988651,21,0,2,1,3,0,0,0,0,0,0,60,2,775,775,4,5,19,2,0,0,1,0
1346758,2,2024,2024,7,0,5,9,27,63,34609,1,0,10,-33.250102,151.46732,16,2,2,1,1,0,0,0,2,2,7,50,0,5929,5929,1,9,5,2,0,0,1,0
1346759,1,2024,2024,7,6,1,26,27,92,25,0,1,1,-33.974946,150.829899,13,0,2,1,3,0,0,0,0,0,7,70,1,14295,14295,3,5,13,3,0,0,0,2
1346760,1,2024,2024,7,5,8,2261,17,2,2252,0,1,3,-33.977768,150.870013,13,0,2,0,3,0,0,0,2,0,7,110,2,1383,1383,1,29,0,3,0,0,0,1
1346761,1,2024,2024,7,3,7,2126,17,60,2149,0,1,1,-33.641745,150.285271,8,2,2,1,3,0,3,4,2,0,7,60,2,14295,14295,3,10,13,2,0,0,0,1
1346762,2,2024,2024,7,0,9,44,27,89,38,0,1,1,-33.855576,150.891891,24,0,2,1,3,0,0,0,3,0,7,60,1,1192,1192,1,5,19,2,0,0,1,0
1346763,1,2024,2024,7,2,11,5,1,159,34609,0,1,10,-33.802783,151.091218,61,0,2,0,3,0,3,4,0,2,7,50,0,5929,5929,1,5,5,2,0,0,0,1
1346765,1,2024,2024,7,0,5,73,24,17,88,0,1,10,-33.739463,151.244526,50,0,2,0,3,0,3,4,2,2,7,80,2,14295,14295,3,10,5,2,0,0,0,1
1346768,2,2024,2024,7,3,10,229,14,19,237,0,1,3,-33.764155,151.090139,31,0,2,1,3,0,3,0,0,0,7,100,2,14295,14295,3,8,5,4,0,0,1,1
1346771,2,2024,2024,7,6,3,2209,17,70,2205,0,1,9,-34.862036,150.601034,63,2,1,1,3,0,0,0,2,2,7,70,2,1391,1391,1,5,0,2,0,0,1,0
1346773,1,2024,2024,7,4,7,17,31,27,34609,0,1,10,-32.762841,151.601621,42,2,1,1,3,0,0,0,2,0,0,50,0,1109,397,1,10,5,2,0,0,0,1
1346774,1,2024,2024,7,3,0,1104,11,149,770,0,1,2,-33.868852,151.177254,32,0,2,1,3,0,3,4,0,0,7,60,2,1391,1391,1,5,10,2,0,0,0,1
1346775,2,2024,2024,7,6,6,9,27,44,56,0,1,9,-33.013897,147.265258,51,1,0,0,3,0,0,0,2,0,7,100,1,14295,14295,3,29,0,2,0,0,1,0
1346777,1,2024,2024,4,6,7,60,27,239,167,1,0,2,-34.03093,151.11963,68,0,2,1,3,0,0,0,2,0,7,70,2,1192,1192,1,16,0,2,0,0,0,1
1346778,1,2024,2024,3,4,4,48,10,316,121,0,1,1,-31.423473,152.872924,56,2,1,1,3,0,0,0,2,0,7,60,1,14295,14295,3,0,5,2,0,0,0,1
1346780,1,2024,2024,3,2,4,2261,17,45,2252,0,1,10,-33.889614,150.973002,15,0,2,1,3,0,0,0,2,2,7,70,2,14295,14295,3,10,5,3,0,0,0,1
1346781,1,2024,2024,7,6,4,19,27,40,605,0,1,9,-33.799905,151.248802,50,0,2,1,3,0,0,0,2,0,7,60,2,5929,5929,1,21,0,2,0,0,0,1
1346782,2,2024,2024,7,2,5,2126,17,60,2149,0,1,1,-33.624533,150.278507,8,2,2,0,3,0,3,4,2,0,7,80,2,14295,14295,3,5,0,3,0,0,1,0
1346785,2,2024,2024,3,2,5,234,27,112,217,0,1,2,-33.693716,151.019974,71,0,2,0,1,0,0,0,2,0,9,50,2,14295,14295,3,5,5,2,0,0,1,0
1346788,2,2024,2024,7,6,7,177,31,314,208,1,0,1,-33.859203,150.918771,24,0,2,1,3,0,0,0,2,0,9,60,1,14295,14295,3,5,36,2,0,0,1,0
1346789,2,2024,2024,7,2,7,225,17,85,180,1,0,9,-34.571026,150.771518,62,0,2,1,3,0,3,4,2,0,0,50,2,775,775,4,5,13,2,0,0,1,0
1346790,1,2023,2023,2,4,5,23,27,61,93,0,1,7,-33.7462,150.898195,7,0,2,0,1,0,0,0,2,0,0,60,1,1383,1383,1,5,0,2,0,0,0,1
1346792,2,2024,2024,7,1,6,78,31,283,34609,0,1,1,-33.834275,151.010967,21,0,2,1,3,0,0,0,2,0,7,50,0,941,941,1,5,0,2,0,0,1,0
1346797,1,2024,2024,3,4,8,8,10,154,34609,0,1,7,-33.710414,150.937975,71,0,2,1,3,0,2,6,2,0,0,60,0,14295,14295,3,5,5,2,0,0,0,1
1346799,2,2024,2024,7,5,7,98,27,169,382,0,1,10,-33.603877,150.757259,29,2,2,1,3,0,0,0,2,2,7,60,2,6545,6545,4,21,12,2,0,0,1,0
1346803,1,2024,2024,7,2,5,2126,17,163,2149,0,1,9,-33.86803,151.098933,14,0,2,1,3,0,0,0,2,2,7,60,2,14295,14295,3,0,5,2,0,0,0,2
1346805,2,2024,2024,7,3,6,7,27,45,34609,0,1,9,-33.681779,151.226402,50,0,2,1,3,0,0,0,2,0,15,50,0,14295,14295,3,0,0,2,0,0,1,0
1346813,1,2024,2024,7,4,6,59,27,271,42,0,1,1,-33.949296,151.017411,15,0,2,1,3,0,0,0,2,0,7,60,1,14295,14295,3,0,5,2,0,0,0,2
1346815,1,2024,2024,3,6,8,6,27,201,34609,0,1,1,-34.001005,150.853857,13,0,2,0,3,0,0,0,2,0,7,60,0,1981,1981,4,5,5,2,0,0,0,1
1346817,1,2024,2024,7,6,4,475,10,100,268,0,1,9,-33.892469,150.888038,24,0,2,1,3,0,0,0,2,0,7,60,2,14295,14295,3,8,5,2,0,0,0,1
1346820,1,2024,2024,7,4,3,46,31,62,34609,0,1,1,-33.892237,151.139638,32,0,2,1,3,0,0,0,2,0,7,50,0,1981,1981,4,10,5,2,0,0,0,1
1346821,2,2024,2024,7,2,6,222,31,131,79,0,1,9,-33.782521,151.195143,77,0,2,1,3,0,0,3,2,0,0,50,2,14295,14295,3,0,5,2,0,0,1,2
1346825,4,2024,2024,7,6,7,2,10,609,34609,0,1,9,-33.788484,150.890856,7,0,2,1,3,0,0,0,2,0,7,50,0,3775,3775,0,30,0,3,0,1,0,0
1346830,4,2024,2024,7,3,9,10,6,15,34609,0,1,1,-30.226865,153.149656,19,2,1,1,1,0,0,0,3,0,7,50,0,1282,1282,1,0,5,2,0,1,0,0
1346834,4,2024,2024,7,1,10,1052,14,59,928,0,1,3,-33.163453,151.468714,37,0,2,1,0,0,0,0,0,0,8,90,2,1282,1282,1,3,10,2,0,1,1,0
1346839,2,2024,2024,7,1,10,3,31,316,34609,0,1,10,-33.912619,151.245164,59,0,2,1,0,0,0,0,0,0,15,50,0,6545,6545,4,10,5,2,0,0,1,0
1346841,2,2024,2024,4,2,5,27,31,83,34609,0,1,1,-29.71024,152.935508,18,2,1,1,0,0,0,0,2,0,7,50,0,4026,4026,1,10,36,2,0,0,1,0
1346842,2,2024,2024,7,5,0,9,27,81,34609,0,1,2,-33.886499,151.265308,81,0,2,0,2,0,0,0,0,0,7,50,0,1957,4009,8,5,40,1,0,0,1,0
1346843,2,2024,2024,7,2,5,171,1,63,104,0,1,2,-33.936594,151.209622,4,0,2,1,0,0,0,0,2,0,7,70,2,1383,1383,1,10,0,2,0,0,1,0