Crash ID,Degree of crash - detailed,Reporting year,Year of crash,Month of crash,Day of week of crash,Two-hour intervals,Street of crash,Street type,Town,Route no.,School zone location,School zone active,Type of location,Latitude,Longitude,LGA,Urbanisation,Conurbation 1,Alignment,Street lighting,Road surface,Surface condition,Weather,Natural lighting,Signals operation,Other traffic control,Speed limit,Road classification,RUM - code,DCA - code,First impact type,Key TU type,Other TU type,No. of traffic units involved,No. killed,No. seriously injured,No. moderately injured,No. minor-other injured
1346844,4,2024,2024,3,3,5,177,31,77,208,0,1,2,-33.862685,150.94414,24,0,2,1,1,0,0,0,2,0,7,60,1,1220,1220,9,0,28,2,0,1,0,0
1346847,4,2024,2024,3,5,2,1052,14,149,928,0,1,3,-33.351039,151.362454,16,1,2,0,0,0,0,0,0,0,7,110,2,2585,4009,8,0,40,1,0,1,0,0
1346848,1,2024,2024,3,3,6,5,31,43,34609,0,1,1,-32.564224,148.953187,22,2,1,1,0,0,0,0,2,0,7,50,0,1945,1945,5,16,40,1,0,0,0,1
1346851,1,2024,2024,3,1,8,8,31,271,34609,0,1,1,-33.936194,150.999375,15,0,2,1,1,0,0,0,2,0,7,60,0,941,941,1,5,19,2,0,0,0,1
1346852,4,2024,2024,7,6,8,2209,17,40,2205,0,1,1,-35.020426,150.579333,63,2,1,1,1,0,0,0,2,0,7,80,2,1669,1669,3,10,13,3,0,1,1,0
1346855,4,2024,2024,3,0,6,4,18,57,34609,0,1,1,-33.598967,150.99773,71,0,2,1,0,0,0,0,2,0,7,50,0,4026,4026,8,5,40,1,0,1,0,0
1346856,2,2024,2024,7,2,10,294,17,215,288,0,1,10,-35.118842,147.368836,75,2,1,1,2,0,0,0,0,2,7,60,2,5929,5929,1,5,13,2,0,0,2,0
1346858,2,2023,2023,11,2,10,13,27,43,42,0,1,1,-33.59644,150.819208,29,2,2,0,0,0,2,6,0,0,7,80,1,4552,5151,8,10,40,1,0,0,1,0
1346860,4,2024,2024,3,4,0,515,14,294,518,0,1,3,-33.939759,150.92474,41,0,2,1,0,0,0,0,0,0,7,100,2,14295,14295,3,33,5,2,0,1,0,0
1346862,4,2024,2024,3,5,4,13,31,182,34609,0,1,10,-32.835886,151.345731,17,2,1,1,1,0,0,0,2,0,0,50,0,6545,6545,4,10,0,2,0,1,1,0
1346865,4,2024,2024,3,5,6,32,10,27,34609,0,1,2,-32.761764,151.598159,42,2,1,0,1,0,3,4,2,0,7,50,0,1259,5151,8,5,40,1,0,1,0,0
1346866,4,2023,2023,9,4,9,29,27,42,30,0,1,9,-33.898093,150.873181,41,0,2,1,0,0,0,0,2,2,7,60,1,5929,5929,1,5,19,2,0,1,0,0
1346867,1,2024,2024,3,5,3,3,7,532,19,0,1,9,-33.868869,151.218101,69,0,2,0,0,0,0,0,2,2,7,50,2,14295,14295,3,5,19,2,0,0,0,2
1346868,1,2024,2024,7,2,6,12,31,78,103,0,1,2,-28.32769,153.396594,72,2,1,1,1,0,0,0,2,2,9,50,1,591,591,1,22,13,2,0,0,0,1
1346871,2,2024,2024,7,4,11,4,31,253,34609,0,1,1,-33.956819,151.08855,25,0,2,1,2,0,3,4,0,0,7,50,0,9859,9859,1,0,0,3,0,0,1,0
1346872,2,2024,2024,3,0,6,5,27,4,5,0,1,1,-30.778802,150.704699,70,1,0,0,0,0,0,0,2,0,7,100,1,4552,5151,8,10,40,1,0,0,1,0
1346877,4,2023,2023,9,2,6,916,17,29,917,0,1,1,-31.100777,150.933554,70,2,1,0,1,0,0,0,2,0,7,80,2,1957,4009,8,17,40,1,0,1,0,0
1346881,4,2024,2024,7,0,8,1,27,247,34609,0,1,9,-33.828238,150.958319,21,0,2,1,0,0,0,0,2,0,7,50,0,6545,6545,4,0,27,2,0,1,0,0
1346883,4,2024,2024,4,5,5,40,27,35,40,0,1,7,-33.879664,150.907118,24,0,2,1,0,0,0,0,2,0,0,60,1,6545,6545,4,5,0,2,0,1,0,0
1346887,2,2024,2024,7,6,7,28,31,523,34609,0,1,10,-33.922957,150.926877,41,0,2,1,2,0,0,0,2,2,7,30,0,14295,14295,3,0,5,2,0,0,1,0
1346888,2,2024,2024,3,5,2,500,27,293,799,0,1,1,-33.931684,151.060257,15,0,2,1,2,0,3,4,0,0,7,60,2,1282,1282,1,5,5,2,0,0,1,0
1346892,2,2024,2024,7,3,8,220,27,46,222,0,1,2,-33.788223,150.975495,54,0,2,1,1,0,0,0,2,0,7,80,2,9859,9859,8,5,40,3,0,0,1,0
1346895,1,2024,2024,7,3,9,143,31,134,181,0,1,9,-33.889804,151.241774,76,0,2,0,1,0,0,0,2,2,7,60,2,775,775,4,5,5,5,0,0,0,2
1346896,4,2024,2024,7,2,6,1,27,4,34609,0,1,1,-34.880264,150.569236,63,2,1,1,0,2,3,4,2,0,7,60,0,9859,9859,8,10,40,1,0,1,0,0
1346898,4,2024,2024,7,1,5,3,31,85,34609,0,1,1,-32.93836,151.736204,48,0,2,1,1,0,3,4,2,0,7,50,0,9859,9859,1,5,5,4,0,1,0,0
1346899,2,2024,2024,7,0,10,9,10,79,34609,0,1,10,-34.001707,150.735141,12,0,2,0,2,0,0,0,0,2,7,50,0,6545,6545,4,5,5,2,0,0,1,0
1346900,1,2024,2024,7,6,4,192,31,316,120,0,1,10,-33.917065,151.24121,59,0,2,1,0,0,0,0,2,3,7,50,2,1282,1282,1,22,0,2,0,0,0,1
1346902,2,2024,2024,7,0,8,77,12,40,331,0,1,1,-34.212857,150.602243,79,2,2,1,0,0,0,0,2,0,7,60,1,623,623,3,8,5,2,0,0,1,0
1346903,1,2024,2024,7,4,3,251,27,108,212,0,1,9,-33.754646,151.269155,50,0,2,1,1,0,0,0,2,0,7,70,2,14295,14295,3,5,5,4,0,0,0,2
1346909,4,2024,2024,3,2,8,19,18,11,34609,0,1,1,-34.688473,148.63953,82,1,0,0,0,2,0,0,2,0,7,100,0,1850,1463,5,16,40,1,0,1,0,0
1346911,2,2024,2024,7,0,3,2,31,137,34609,0,1,10,-32.966381,151.690663,37,0,2,1,0,0,0,0,2,0,0,50,0,2852,2852,4,10,19,2,0,0,1,0
1346912,4,2024,2024,3,2,10,22,31,363,2,0,1,1,-33.804927,151.022412,54,0,2,1,1,0,0,0,0,0,7,60,1,14295,14295,3,33,20,2,0,1,0,0
1346917,2,2024,2024,7,1,3,17,31,18,58,0,1,9,-32.921403,151.760099,48,0,2,1,2,0,0,0,1,2,7,60,2,1282,1282,1,33,27,2,0,0,1,0
1346921,4,2024,2024,7,3,10,25,31,460,55,0,1,1,-33.825621,150.985012,21,0,2,1,2,0,0,0,0,0,7,50,1,14295,14295,3,5,19,4,0,1,1,1
1346922,2,2024,2024,7,3,5,133,31,49,34609,0,1,1,-33.70744,151.302902,50,0,2,1,0,0,0,0,2,0,7,50,0,387,387,1,22,0,2,0,0,1,0
1346925,1,2023,2023,1,4,4,61,31,32,45,0,1,9,-33.869163,150.963775,24,0,2,1,0,0,0,0,2,1,7,60,1,1282,1282,1,5,5,2,0,0,0,1
1346927,4,2024,2024,7,3,5,5,27,2,34609,0,1,1,-28.750575,152.904823,51,1,0,0,0,0,0,0,2,0,7,100,0,782,957,5,16,40,1,0,1,0,0
1346928,2,2024,2024,7,5,8,35,27,109,37,0,1,1,-33.906948,151.145429,32,0,2,1,1,0,0,0,2,0,7,50,1,1282,1282,1,5,19,2,0,0,1,0
1346931,4,2024,2024,4,5,6,5,27,58,34609,0,1,9,-33.245879,151.398969,16,2,2,1,1,0,0,0,2,0,0,80,0,150,150,4,8,19,2,0,1,0,0
1346934,2,2024,2024,3,0,8,220,27,69,222,0,1,10,-33.768543,150.959006,54,0,2,1,1,0,0,3,2,2,7,80,2,14295,14295,3,10,13,2,0,0,1,0
1346935,4,2024,2024,3,4,5,15,31,78,34609,1,0,9,-34.478558,150.853923,80,0,2,1,1,0,0,0,2,0,15,50,0,2852,2852,4,5,19,2,0,1,0,0
1346936,4,2024,2024,7,6,8,33,27,44,41,0,1,1,-33.743103,150.720222,55,0,2,1,1,0,0,0,2,0,7,70,1,1945,1945,5,16,40,1,0,1,0,0
1346938,4,2024,2024,3,6,4,7,31,108,34609,0,1,0,-33.766126,151.268195,50,0,2,1,1,0,0,0,2,0,7,20,0,214,214,9,19,28,2,0,1,0,0
1346939,4,2023,2023,2,4,11,24,36,4,56,0,1,1,-34.714324,147.578123,51,1,0,1,0,0,0,0,0,0,7,100,2,945,945,5,5,40,1,0,1,0,0
1346941,4,2024,2024,7,4,5,92,27,143,34609,0,1,1,-33.884529,151.102287,9,0,2,1,1,0,0,0,2,0,7,50,0,4026,4026,8,15,40,1,0,1,0,0
1346944,2,2024,2024,7,1,4,64,27,175,284,0,1,10,-33.77116,151.080268,54,0,2,1,1,0,0,0,2,3,7,60,2,14295,14295,3,5,5,2,0,0,1,0
1346945,2,2024,2024,3,3,11,133,31,646,97,0,1,9,-33.917499,151.0234,15,0,2,1,2,0,0,0,0,0,15,60,1,775,775,4,0,0,2,0,0,2,0
1346952,4,2024,2024,4,6,10,3371,17,147,3342,0,1,9,-33.741708,151.139012,36,0,2,1,2,0,0,0,3,2,7,60,2,2852,2852,4,5,36,2,0,1,0,1
1346953,2,2024,2024,7,0,8,42,36,44,34609,0,1,9,-30.589388,152.998253,47,1,0,1,1,0,3,0,2,0,0,90,0,5929,5929,1,0,5,2,0,0,1,0
1346954,1,2024,2024,7,6,4,2126,17,55,2149,0,1,9,-33.795601,150.8894,7,0,2,1,1,0,3,4,2,0,15,80,2,14295,14295,3,5,19,2,0,0,0,1
1346955,1,2023,2023,9,4,11,118,27,646,34609,0,1,10,-33.919531,151.03165,15,0,2,1,2,0,3,4,0,2,7,40,0,256,256,4,5,0,2,0,0,0,2
1346956,4,2024,2024,3,1,6,5,31,18,12,0,1,9,-30.703984,152.921502,47,2,1,1,0,0,0,0,2,0,0,50,1,6545,6545,4,10,10,2,0,1,0,0
1346960,4,2024,2024,7,1,10,97,27,271,799,0,1,2,-33.936391,151.012231,15,0,2,1,2,0,3,4,0,0,7,70,2,9859,9859,8,10,40,1,0,1,0,0
1346964,2,2024,2024,7,6,7,72,27,82,102,0,1,1,-33.794154,151.263002,50,0,2,1,1,0,0,0,2,0,7,60,2,2040,2040,9,10,28,2,0,0,1,0
1346967,1,2024,2024,3,4,6,21,27,16,23,0,1,1,-33.742656,150.650823,55,0,2,1,0,0,0,0,2,0,7,50,1,1981,1981,4,0,5,4,0,0,0,1
1346976,2,2024,2024,3,6,7,97,17,53,88,0,1,9,-35.144902,149.33364,58,1,0,1,0,0,0,0,2,0,7,100,2,489,489,8,5,40,1,0,0,1,0
1346981,2,2024,2024,7,0,7,2,1,19,34609,0,1,10,-30.650665,151.495353,51,2,1,1,0,0,0,0,2,0,0,50,0,14295,14295,3,5,0,2,0,0,1,0
1346982,2,2024,2024,4,1,3,348,27,169,100,0,1,10,-33.602005,150.733855,29,2,2,1,0,0,3,4,2,0,15,60,2,6545,6545,4,5,10,2,0,0,1,0
1346984,2,2024,2024,4,0,11,255,27,66,172,0,1,2,-32.926526,151.635617,37,0,2,1,2,0,0,0,0,0,7,60,2,9859,9859,8,5,40,1,0,0,1,0
1346985,4,2023,2023,11,6,6,334,17,316,308,0,1,2,-31.447157,152.8799,56,2,1,1,0,0,0,0,2,0,7,70,2,14295,14295,3,5,0,2,0,1,0,0
1346987,4,2024,2024,7,3,4,39,1,337,34609,0,1,1,-33.742803,150.997739,71,0,2,1,1,0,3,4,2,0,7,50,0,9859,9859,8,0,40,1,0,1,0,0
1346988,2,2024,2024,3,6,9,2126,17,78,2149,0,1,10,-33.700592,150.558741,8,2,2,0,1,0,0,0,3,2,7,80,2,14295,14295,3,29,5,2,0,0,1,0
1346990,4,2024,2024,7,4,6,213,17,13,213,0,1,1,-29.56759,150.29586,51,1,0,0,0,0,0,0,2,0,7,100,2,3775,3775,0,0,2,3,0,2,0,0
1346991,2,2024,2024,7,3,10,22,27,16,207,0,1,9,-33.876277,151.227876,69,0,2,1,2,0,0,0,0,0,7,60,2,1220,1220,9,15,28,2,0,0,1,0
1346993,4,2024,2024,4,3,7,54,31,91,28,0,1,7,-33.959111,151.082925,25,0,2,1,0,0,0,0,2,0,0,50,1,6545,6545,4,5,18,2,0,1,0,0
1347001,4,2024,2024,7,3,6,22,27,10,148,0,1,1,-30.534211,151.87519,1,1,0,1,0,0,3,4,2,0,7,100,2,4026,4026,8,10,40,1,0,1,0,0
1347003,4,2024,2024,4,6,0,89,36,4,17,0,1,9,-29.572968,152.91363,18,1,0,0,0,0,3,0,0,0,0,100,1,2585,4009,8,30,40,1,0,1,0,0
1347004,2,2024,2024,3,1,7,126,27,64,168,0,1,1,-34.040312,150.744231,12,0,2,1,1,0,0,0,2,0,7,60,2,14295,14295,3,5,0,2,0,0,1,0
1347005,2,2024,2024,4,6,8,2261,17,228,2252,0,1,2,-34.776735,149.68318,26,1,0,1,1,0,3,4,2,0,7,110,2,1945,1945,5,9,40,1,0,0,1,0
1347006,4,2024,2024,3,6,10,2,27,13,34609,0,1,1,-29.53723,150.616384,51,1,0,1,0,0,0,0,0,0,7,100,0,945,945,5,5,40,1,0,1,0,0
1347009,1,2024,2024,3,6,8,14,31,171,34609,1,0,9,-33.81481,150.969799,21,0,2,1,1,0,0,0,2,0,7,50,0,515,515,1,0,5,2,0,0,0,3
1347012,2,2024,2024,4,3,7,12,27,32,11,0,1,1,-32.774698,152.078605,57,2,1,1,0,0,0,0,2,0,7,80,0,312,312,2,30,40,1,0,0,1,0
1347015,4,2023,2023,2,1,8,4,10,13,34609,0,1,9,-33.61746,150.908435,71,0,2,1,0,0,0,0,2,0,7,50,0,190,190,1,30,5,3,0,1,0,0
1347017,4,2024,2024,3,5,3,251,27,17,212,0,1,2,-33.767413,151.204673,50,0,2,0,0,0,3,4,2,0,7,80,2,14295,14295,3,30,19,2,0,1,0,1
1347019,2,2024,2024,3,2,10,213,17,13,213,0,1,1,-29.585267,150.449134,51,1,0,1,0,0,0,0,0,0,7,100,2,1089,1089,7,10,40,1,0,0,1,0
1347020,4,2024,2024,3,3,8,220,14,11,220,0,1,3,-34.200451,150.965517,80,0,2,1,1,0,0,0,2,0,7,110,2,14295,14295,3,9,13,4,0,2,2,0
1347022,4,2024,2024,7,5,8,3371,17,30,3342,0,1,2,-33.274456,151.429571,16,2,2,1,1,0,0,0,2,0,7,70,2,945,945,5,16,40,1,0,1,0,0
1347023,2,2024,2024,7,3,6,57,27,337,47,0,1,2,-33.725939,150.973337,71,0,2,1,0,0,0,0,2,0,7,60,2,14295,14295,3,5,0,2,0,0,1,1
1347025,4,2024,2024,3,6,3,39,36,40,79,0,1,1,-33.80555,151.209091,77,0,2,1,2,0,3,4,1,2,9,60,2,1945,1945,5,16,40,1,0,1,0,0
1347030,1,2024,2024,3,4,10,64,27,175,284,0,1,10,-33.773143,151.070973,54,0,2,1,2,0,0,0,2,2,7,60,2,5929,5929,1,33,5,2,0,0,0,1
1347031,4,2024,2024,7,1,10,1104,11,130,770,0,1,2,-33.87097,151.191214,69,0,2,0,0,0,0,0,0,0,7,60,2,1259,5151,8,16,40,1,0,1,0,0
1347035,4,2024,2024,7,2,6,153,27,197,147,0,1,10,-33.954952,151.079211,25,0,2,1,1,0,3,4,2,2,9,60,2,214,214,9,10,28,2,0,1,0,0
1347043,4,2024,2024,7,1,7,1,31,25,34609,0,1,9,-33.747453,150.810024,7,0,2,0,1,0,0,0,2,0,7,50,0,1669,1669,3,16,5,2,0,1,0,0
1347046,2,2024,2024,7,4,3,3,31,363,34609,0,1,1,-33.756595,150.69476,55,0,2,1,2,0,0,0,1,0,7,50,0,2040,2040,9,33,28,2,0,0,1,0
1347047,2,2024,2024,7,3,7,137,14,16,70,0,1,3,-32.864293,151.560907,17,1,0,0,1,0,0,0,2,0,7,110,2,1282,1282,1,10,0,2,0,0,1,0
1347048,2,2024,2024,3,3,5,1,27,22,34609,0,1,1,-36.034492,149.924999,23,1,0,1,0,2,0,0,2,0,7,100,0,945,945,5,16,40,1,0,0,1,0
1347050,4,2024,2024,4,4,11,84,27,243,31,0,1,1,-33.946915,150.900404,41,0,2,1,2,0,0,0,0,0,9,60,1,2040,2040,9,10,28,2,0,1,0,0
1347053,4,2023,2023,10,2,6,6,27,1,27,0,1,1,-34.4189,149.102858,74,1,0,1,0,0,0,0,2,0,7,100,1,1945,1945,5,16,40,1,0,1,0,0
1347055,2,2024,2024,7,5,9,3371,17,463,3342,0,1,10,-30.316156,153.091836,19,2,1,1,1,0,0,0,3,2,7,60,2,6545,6545,4,0,5,2,0,0,1,0
1347059,2,2023,2023,9,0,1,44,31,253,34609,0,1,1,-33.957501,151.094927,25,0,2,1,2,0,0,0,0,0,7,50,0,9859,9859,1,5,5,3,0,0,1,0
1347063,2,2024,2024,7,3,6,117,1,49,35,0,1,9,-33.966448,151.15164,4,0,2,1,1,0,0,6,2,0,7,60,2,5929,5929,1,10,5,2,0,0,1,0
1347064,1,2024,2024,7,1,3,5,25,314,34609,0,1,1,-33.835122,150.925984,21,0,2,0,1,0,0,0,1,0,7,50,0,186,186,9,30,28,2,0,0,0,1
1347065,4,2024,2024,7,4,8,4,1,284,34609,0,1,1,-33.901069,151.029141,15,0,2,1,0,0,0,0,2,0,7,50,0,9859,9859,8,16,40,1,0,1,0,0
1347067,1,2024,2024,7,2,3,9,10,48,34609,0,1,9,-32.714232,152.157669,57,2,1,1,1,0,0,0,2,0,15,50,0,1945,1945,5,22,40,1,0,0,0,1
1347073,2,2024,2024,3,1,6,232,36,79,331,0,1,2,-34.019877,150.761117,12,0,2,1,0,0,0,0,2,0,0,80,2,14295,14295,3,5,5,2,0,0,1,0
1347076,2,2024,2024,7,0,7,916,17,10,917,0,1,1,-32.531746,151.138606,64,2,1,1,3,0,0,0,2,0,7,80,2,14295,14295,3,5,0,2,0,0,1,0
1347093,2,2023,2023,9,2,8,71,36,23,11,0,1,1,-31.553132,145.883323,51,1,0,0,3,0,0,0,2,0,7,110,2,782,957,5,5,40,1,0,0,1,0
1347094,4,2024,2024,3,4,3,2209,17,157,2205,0,1,10,-34.008057,151.105716,68,0,2,1,3,0,0,0,2,2,7,70,2,5929,5929,1,0,0,3,0,1,0,0
1347104,4,2024,2024,7,5,6,7,27,62,34609,0,1,1,-33.744299,150.622371,8,2,2,1,0,0,0,0,2,0,7,50,0,9859,9859,1,5,13,2,0,1,0,0
1347106,2,2024,2024,7,0,3,63,31,79,79,0,1,10,-33.821109,151.210616,49,0,2,1,3,0,3,3,2,2,7,50,2,5929,5929,1,10,18,2,0,0,1,0
1347108,4,2024,2024,7,0,3,22,10,108,57,0,1,7,-28.851356,153.554172,2,2,1,1,3,0,0,3,2,0,0,60,1,6545,6545,4,0,5,2,0,1,0,0
1347113,2,2024,2024,7,4,5,3371,17,11,3342,0,1,2,-31.725556,152.697377,43,1,0,1,3,0,0,0,2,0,7,110,2,9859,9859,1,5,13,2,0,0,1,0
1347114,2,2024,2024,3,6,4,2261,17,112,2252,0,1,2,-33.911524,150.937876,41,0,2,1,3,0,0,0,2,0,7,70,2,14295,14295,3,5,0,2,0,0,1,0
1347115,1,2024,2024,7,4,7,230,27,173,284,0,1,10,-33.781631,151.113685,61,0,2,1,3,0,0,0,2,2,0,70,2,623,623,3,0,5,2,0,0,0,1
1347117,1,2024,2024,7,5,6,2,1,562,34609,0,1,9,-32.240053,148.636373,22,2,1,1,3,0,0,0,2,0,7,50,0,9859,9859,8,10,40,1,0,0,0,1
1347118,1,2024,2024,7,4,4,31,27,70,101,0,1,10,-32.906821,151.727488,48,0,2,1,2,0,0,0,2,2,7,50,2,14295,14295,3,5,5,2,0,0,0,1
1347119,4,2024,2024,7,2,5,296,27,187,293,0,1,2,-33.882844,150.976867,24,0,2,1,0,0,0,3,2,0,7,60,2,14295,14295,3,5,5,5,0,1,0,0
1347120,2,2024,2024,7,4,6,232,36,40,331,0,1,9,-33.993884,150.787709,12,0,2,1,3,0,0,0,2,2,7,80,2,14295,14295,3,0,5,2,0,0,1,0
1347122,2,2024,2024,7,2,7,2209,17,23,2205,0,1,1,-35.623126,150.251519,23,1,0,0,3,0,0,0,2,0,7,100,2,1957,4009,8,5,40,1,0,0,1,0
1347126,1,2024,2024,7,0,6,6,10,33,34609,0,1,9,-34.025112,150.82004,13,0,2,1,3,0,0,0,2,0,7,50,0,63,63,4,10,0,2,0,0,0,1
1347127,1,2024,2024,7,3,7,36,1,53,34609,0,1,1,-33.92113,150.831761,41,0,2,1,3,0,0,0,2,0,7,60,0,5929,5929,1,5,0,2,0,0,0,1
1347131,2,2024,2024,7,1,9,26,17,5,13,0,1,1,-29.160527,149.719518,51,1,0,0,3,0,3,4,2,0,7,100,2,4552,5151,8,10,40,1,0,0,1,0
1347133,2,2024,2024,7,6,7,475,10,42,268,0,1,9,-33.874737,150.838878,24,0,2,0,3,0,0,0,2,0,7,70,2,623,623,3,8,0,2,0,0,1,0
1347136,1,2024,2024,7,2,6,149,10,136,702,0,1,2,-33.862469,151.067039,67,0,2,1,3,0,0,0,2,0,7,80,2,1391,1391,1,0,40,2,0,0,0,1
1347137,2,2024,2024,7,0,8,265,17,14,193,0,1,1,-34.009071,148.573707,51,1,0,0,3,0,0,0,2,0,7,100,2,4552,5151,8,5,40,1,0,0,1,0
1347143,1,2024,2024,3,6,8,28,3,69,117,0,1,2,-32.905113,151.692518,48,0,2,0,3,0,0,0,2,0,7,90,2,14295,14295,3,10,5,2,0,0,0,1
1347148,2,2024,2024,7,0,10,294,17,14,288,0,1,1,-34.717659,146.436521,51,1,0,1,3,0,0,0,0,0,7,100,2,1089,1089,7,0,40,1,0,0,1,0
1347149,2,2024,2024,7,1,4,71,36,26,139,0,1,1,-33.545253,145.526604,51,1,0,1,3,0,0,0,2,0,7,100,2,3775,3775,0,10,13,3,0,0,1,0
1347150,1,2024,2024,7,2,3,193,1,224,34609,0,1,7,-33.832278,151.236242,45,0,2,0,3,0,0,0,2,0,0,50,0,6545,6545,4,5,0,2,0,0,0,1
1347154,1,2024,2024,4,1,7,2,31,69,34609,1,0,10,-32.904179,151.694851,48,0,2,1,3,0,0,0,2,0,7,50,0,941,941,1,9,5,2,0,0,0,1
1347158,2,2024,2024,3,1,5,45,1,294,34609,0,1,1,-33.959,150.921083,41,0,2,1,1,0,0,0,2,0,7,60,0,3775,3775,0,5,13,2,0,0,1,0
1347159,2,2024,2024,7,5,2,149,10,346,702,0,1,9,-33.875439,151.067149,67,0,2,1,3,0,3,4,1,3,7,80,2,1391,1391,1,3,5,2,0,0,1,0
1347160,1,2024,2024,3,5,4,866,17,171,793,0,1,9,-33.810465,150.966075,21,0,2,1,3,0,0,0,2,0,15,70,2,14295,14295,3,5,0,2,0,0,0,1
1347161,2,2024,2024,7,6,8,12,31,61,34609,0,1,1,-35.530785,144.96465,51,2,1,1,3,0,0,0,2,0,7,50,0,312,312,2,0,40,1,0,0,1,0
1347163,2,2024,2024,7,4,6,9,31,290,34609,0,1,9,-33.848832,150.99074,21,0,2,1,0,0,0,0,2,0,7,50,0,9859,9859,1,5,0,2,0,0,1,0
1347164,1,2024,2024,7,4,4,4,27,75,34609,0,1,1,-32.788512,151.637059,42,2,1,0,3,0,0,0,2,0,7,60,0,14295,14295,3,5,5,2,0,0,0,1
1347167,1,2024,2024,7,0,11,145,31,532,34609,0,1,10,-33.863493,151.210359,69,0,2,1,3,0,0,0,0,2,7,40,0,5929,5929,1,5,5,2,0,0,0,1
1347170,1,2024,2024,4,6,4,19,27,57,63,0,1,2,-34.563827,150.830307,62,0,2,0,3,0,0,0,2,0,9,70,2,14295,14295,3,30,5,2,0,0,0,1
1347171,1,2024,2024,3,6,9,33,10,69,34609,0,1,1,-28.529139,153.511082,10,1,0,0,3,0,0,0,3,0,7,100,0,3775,3775,0,10,0,2,0,0,0,1
1347176,2,2024,2024,7,6,6,36,27,12,82,0,1,1,-35.478699,147.263823,75,1,0,0,3,0,0,0,2,0,7,100,1,273,957,5,5,40,1,0,0,1,0
1347178,2,2024,2024,7,3,3,1,1,23,34609,0,1,1,-34.020633,151.023088,68,0,2,1,3,0,3,0,2,0,7,50,0,9859,9859,1,5,13,2,0,0,1,0
1347184,2,2024,2024,4,6,11,14,27,157,14,0,1,1,-33.79642,151.012248,54,0,2,1,3,0,0,0,0,0,7,60,1,14295,14295,3,33,5,5,0,0,1,0
1347185,1,2024,2024,3,4,7,15,31,133,34609,0,1,9,-33.925406,151.016714,15,0,2,1,3,0,0,0,2,0,7,50,0,14295,14295,3,0,0,2,0,0,0,1
1347188,2,2024,2024,4,1,10,4,27,35,34609,0,1,1,-30.487292,152.994794,6,1,0,1,3,0,0,0,0,0,7,100,0,3775,3775,0,0,5,2,0,0,1,0
1347189,2,2024,2024,7,6,3,35,27,84,33,1,0,10,-33.78008,151.102899,61,0,2,1,3,0,0,0,2,2,7,60,1,14295,14295,3,5,13,2,0,0,1,0
1347194,4,2024,2024,7,1,5,20,27,61,93,0,1,9,-33.746304,150.896744,7,0,2,0,3,0,0,0,2,2,7,60,1,83,83,1,0,5,2,0,1,0,0
1347197,1,2024,2024,7,6,9,3371,17,58,3342,0,1,2,-33.751358,151.147813,36,0,2,1,3,0,0,0,3,0,7,60,2,14295,14295,3,5,5,2,0,0,0,1
1347198,4,2024,2024,7,6,5,3,27,210,34609,0,1,7,-34.02459,151.094378,68,0,2,1,3,0,0,0,2,0,0,50,0,1259,985,8,16,40,1,0,1,0,0
1347210,2,2024,2024,7,5,6,330,27,294,34609,0,1,10,-33.943886,150.924279,41,0,2,1,3,0,0,0,2,2,7,60,0,1192,1192,1,9,5,2,0,0,1,0
1347211,1,2024,2024,7,0,3,330,23,150,112,0,1,2,-33.924579,151.228816,59,0,2,0,3,0,0,0,2,0,7,60,2,1383,1383,1,0,27,2,0,0,0,1
1347221,4,2024,2024,7,6,6,16,27,161,115,0,1,9,-33.726723,151.162914,36,0,2,0,3,0,0,3,2,0,7,50,1,1383,1383,1,0,0,2,0,1,0,0
1347223,1,2024,2024,7,6,10,51,27,28,63,0,1,9,-34.558604,150.84405,62,0,2,1,3,0,0,0,0,2,7,70,2,5929,5929,1,5,13,2,0,0,0,1
1347225,4,2024,2024,7,1,9,224,31,79,34609,0,1,10,-33.9664,151.115579,25,0,2,1,3,0,0,0,3,0,15,50,0,6545,6545,4,0,0,2,0,1,0,0
1347226,4,2024,2024,7,1,9,16,1,86,34609,0,1,10,-33.746928,150.925109,7,0,2,1,3,0,0,0,2,0,7,50,0,9859,9859,8,0,40,1,0,1,0,0
1347229,1,2023,2023,2,5,7,20,31,107,34609,0,1,10,-33.881571,151.19849,69,0,2,1,3,0,0,0,2,0,7,40,0,14295,14295,3,0,13,2,0,0,0,2
1347230,4,2024,2024,7,5,6,63,31,79,79,0,1,9,-33.824635,151.209926,49,0,2,1,3,0,3,0,2,2,7,50,2,2852,2852,4,16,5,2,0,1,0,0
1347231,2,2024,2024,7,1,7,1104,14,247,962,0,1,3,-33.81351,150.952999,21,0,2,1,3,0,0,0,2,0,7,90,2,14295,14295,3,8,5,6,0,0,1,0
1347234,2,2024,2024,7,1,4,145,31,21,34609,0,1,1,-35.777337,148.011795,66,2,1,1,3,0,0,0,2,0,7,50,0,1282,1282,1,5,40,1,0,0,1,0
1347235,1,2023,2023,2,6,6,2261,17,284,2252,1,0,9,-33.90764,151.025984,15,0,2,1,3,0,0,0,2,2,7,60,2,14295,14295,3,5,25,2,0,0,0,1
1347237,2,2024,2024,7,4,10,109,27,247,106,1,0,1,-33.828849,150.942781,21,0,2,1,3,0,0,0,0,0,7,60,1,14295,14295,3,0,5,2,0,0,1,0
1347238,2,2024,2024,7,1,10,7,18,562,34609,0,1,2,-32.247784,148.630928,22,2,1,1,3,0,0,0,0,0,7,60,0,9859,9859,8,10,40,1,0,0,1,0