Crash ID,Degree of crash - detailed,Reporting year,Year of crash,Month of crash,Day of week of crash,Two-hour intervals,Street of crash,Street type,Town,Route no.,School zone location,School zone active,Type of location,Latitude,Longitude,LGA,Urbanisation,Conurbation 1,Alignment,Street lighting,Road surface,Surface condition,Weather,Natural lighting,Signals operation,Other traffic control,Speed limit,Road classification,RUM - code,DCA - code,First impact type,Key TU type,Other TU type,No. of traffic units involved,No. killed,No. seriously injured,No. moderately injured,No. minor-other injured
1347241,2,2024,2024,7,2,7,475,10,523,268,0,1,9,-33.918345,150.915503,41,0,2,0,3,0,0,0,2,2,7,70,2,5929,5929,1,5,0,2,0,0,2,0
1347242,1,2024,2024,7,3,8,12,27,159,34609,0,1,1,-33.809623,151.092441,61,0,2,1,3,0,0,0,2,0,7,50,0,1981,1981,4,5,0,2,0,0,0,1
1347243,4,2024,2024,7,0,7,126,1,94,144,0,1,1,-33.785423,150.806649,55,0,2,1,3,0,0,0,2,0,7,70,2,1391,1391,1,33,5,6,0,1,0,0
1347246,2,2024,2024,7,4,11,153,27,290,147,0,1,9,-33.94982,151.123161,4,0,2,1,3,0,0,0,0,2,7,60,2,2852,2852,4,5,5,2,0,0,1,0
1347250,2,2024,2024,7,5,7,515,14,271,518,0,1,3,-33.941406,151.003233,15,0,2,1,3,0,0,0,2,0,7,100,2,14295,14295,3,5,12,2,0,0,1,0
1347251,1,2024,2024,7,4,9,213,17,113,213,0,1,10,-29.471256,149.848565,51,2,1,1,3,0,0,0,2,0,0,50,2,1669,1669,3,0,0,2,0,0,0,3
1347256,1,2024,2024,7,5,8,1104,14,104,962,0,1,3,-33.831273,151.020601,54,0,2,1,3,0,0,0,2,0,7,90,2,14295,14295,3,5,5,2,0,0,0,1
1347258,1,2024,2024,7,5,9,255,27,62,172,0,1,9,-32.923722,151.622044,37,0,2,1,3,0,0,0,2,2,15,60,2,14295,14295,3,0,0,2,0,0,0,1
1347259,1,2024,2024,7,2,6,15,10,132,34609,0,1,1,-34.106288,151.089028,68,0,2,1,3,0,0,6,2,0,7,80,0,9859,9859,8,34,40,1,0,0,0,1
1347260,2,2024,2024,7,0,10,330,27,147,605,0,1,2,-33.755433,151.283448,50,0,2,1,3,0,0,0,0,0,4,60,2,14295,14295,3,0,0,2,0,0,1,0
1347261,1,2024,2024,7,6,8,12,23,134,65,0,1,1,-33.676534,150.8593,7,0,2,1,1,0,0,0,2,0,7,60,1,14295,14295,3,5,0,2,0,0,0,1
1347269,2,2024,2024,7,3,7,165,31,155,34609,0,1,2,-33.488319,151.324576,16,2,2,1,3,0,0,0,2,0,7,50,0,1981,1981,4,5,0,2,0,0,1,0
1347270,1,2024,2024,7,5,3,829,27,125,770,0,1,9,-33.823745,151.123701,61,0,2,1,3,0,0,0,2,1,7,60,2,515,515,1,10,18,2,0,0,0,1
1347274,1,2024,2024,7,1,7,168,17,36,212,0,1,1,-35.461265,149.837835,58,1,0,1,3,0,0,0,2,0,7,100,2,14295,14295,3,30,0,2,0,0,0,1
1347276,4,2023,2023,10,3,8,11,27,38,6,0,1,1,-33.948067,151.072974,25,0,2,1,0,0,0,0,2,0,7,50,1,3775,3775,0,5,5,2,0,1,0,0
1347277,4,2023,2023,9,4,4,9,31,157,34609,0,1,7,-33.803197,151.010685,54,0,2,1,0,0,0,0,2,0,0,50,0,6545,6545,4,0,27,2,0,1,0,0
1347278,4,2023,2023,10,2,10,1,31,134,34609,0,1,10,-33.673596,150.87424,7,0,2,1,2,0,0,0,0,0,0,50,0,6545,6545,4,15,5,2,0,1,1,0
1347279,4,2023,2023,10,1,8,916,17,165,917,0,1,1,-32.270003,150.888443,46,2,1,1,0,0,0,0,2,0,7,50,2,1220,1220,9,16,28,2,0,2,0,0
1347280,2,2023,2023,10,4,9,2,31,179,34609,0,1,1,-33.764625,150.712261,55,0,2,1,1,0,0,0,2,0,7,50,0,9859,9859,8,5,40,1,0,0,1,0
1347281,4,2023,2023,9,3,10,6,31,169,34609,0,1,1,-33.760161,150.843,7,0,2,1,2,0,3,4,0,0,7,50,0,1282,1282,1,33,0,2,0,1,0,0
1347282,4,2023,2023,10,2,4,77,10,73,331,0,1,1,-34.202968,150.610273,79,2,2,1,0,0,0,0,2,0,7,80,1,57,57,1,10,27,4,0,1,1,1
1347283,2,2023,2023,10,0,0,829,27,159,770,0,1,2,-33.813075,151.095944,61,0,2,1,2,0,3,4,0,0,7,60,2,14295,14295,3,30,5,4,0,0,1,0
1347284,2,2023,2023,10,6,9,3371,17,173,3342,1,0,10,-33.719693,151.115876,36,0,2,1,2,0,0,0,0,2,7,60,2,5929,5929,1,10,13,2,0,0,1,1
1347285,4,2023,2023,9,4,5,330,1,159,34609,0,1,7,-33.80678,151.09338,61,0,2,1,1,0,0,3,2,0,0,50,0,1945,1945,5,22,40,1,0,1,0,0
1347286,4,2023,2023,9,4,8,2,31,102,34609,0,1,9,-33.942048,151.196898,4,0,2,1,1,0,3,4,3,0,7,50,0,1109,397,1,5,19,2,0,1,0,0
1347287,4,2023,2023,9,5,3,11,3,22,122,0,1,2,-34.502354,150.887386,80,0,2,0,1,0,0,0,2,0,7,80,2,14295,14295,3,9,27,2,0,1,1,0
1347288,4,2023,2023,10,4,8,2126,17,73,2149,0,1,10,-33.888176,151.165005,32,0,2,1,1,0,0,0,2,3,7,60,2,1282,1282,1,10,18,2,0,1,0,0
1347289,2,2023,2023,9,6,4,1,1,31,34609,0,1,9,-34.596078,150.857391,62,0,2,1,1,0,0,0,2,0,7,50,0,368,368,9,5,28,2,0,0,1,0
1347290,4,2023,2023,9,4,9,34,27,6,83,0,1,9,-29.559459,153.074525,18,2,1,1,0,2,0,0,0,0,7,60,1,9859,9859,8,5,40,1,0,2,0,0
1347292,4,2023,2023,10,2,4,293,31,523,34609,0,1,2,-33.916353,150.924877,41,0,2,1,2,0,0,0,2,0,7,50,0,9859,9859,1,9,0,3,0,1,0,0
1347293,2,2023,2023,10,3,7,25,27,5,143,0,1,1,-33.144952,149.692387,3,2,1,1,3,0,2,6,2,0,7,80,2,945,945,5,29,40,1,0,0,1,0
1347294,4,2023,2023,9,6,7,49,31,532,34609,0,1,9,-33.864757,151.211119,69,0,2,1,2,0,0,0,2,2,7,40,0,1220,1220,9,5,28,2,0,1,0,0
1347297,2,2023,2023,9,4,9,20,27,137,34609,0,1,9,-33.911402,151.208784,69,0,2,1,2,0,3,4,3,0,15,50,0,1945,1945,5,16,40,1,0,0,1,0
1347298,2,2023,2023,10,4,6,37,27,58,34609,0,1,9,-33.227936,151.41178,16,2,2,1,0,0,0,0,2,0,0,80,0,1383,1383,1,5,7,2,0,0,1,0
1347300,4,2023,2023,2,5,10,195,27,54,186,0,1,11,-33.880519,150.866182,24,0,2,1,2,0,0,0,0,0,7,70,2,14295,14295,3,0,5,2,0,1,1,0
1347302,1,2023,2023,2,0,11,2,10,38,34609,0,1,1,-30.255773,153.106415,19,1,0,0,0,0,0,0,0,0,7,100,0,1957,4009,8,0,40,1,0,0,0,3
1347303,2,2023,2023,2,1,4,224,31,34,34609,0,1,1,-37.051256,149.892151,5,2,1,1,0,0,0,3,2,0,7,50,0,1945,1945,5,16,40,1,0,0,1,0
1347304,1,2023,2023,2,2,5,2,31,363,34609,0,1,1,-33.818031,151.003506,54,0,2,1,1,0,0,0,2,0,7,40,0,2040,2040,9,5,28,2,0,0,0,1
1347305,4,2023,2023,2,3,11,3371,17,65,3342,0,1,7,-30.391104,153.035393,19,2,1,0,2,0,3,0,0,0,0,60,2,1259,5151,8,3,40,1,0,1,0,0
1347306,1,2023,2023,10,1,7,11,31,370,14,0,1,4,-34.06274,150.816195,13,0,2,0,0,0,0,0,2,0,15,60,1,1981,1981,4,5,5,2,0,0,0,1
1347307,4,2023,2023,2,0,8,79,10,18,231,0,1,9,-33.475548,151.324003,16,2,2,1,1,0,0,0,2,0,7,60,2,3775,3775,0,0,5,3,0,1,1,2
1347308,2,2023,2023,2,3,9,3,31,207,34609,0,1,9,-31.947481,141.469315,51,2,1,1,1,0,0,0,2,0,0,50,0,489,489,8,16,40,1,0,0,1,0
1347311,4,2023,2023,2,5,6,2,27,21,34609,0,1,1,-32.115702,152.498355,43,2,1,1,0,2,0,0,2,0,7,70,0,1945,1945,5,16,40,1,0,1,0,0
1347312,2,2023,2023,2,4,9,3371,17,463,3342,0,1,9,-30.316156,153.091836,19,2,1,1,1,0,0,0,2,2,7,60,2,9859,9859,8,30,40,1,0,0,1,0
1347313,4,2023,2023,2,1,9,27,36,15,27,0,1,1,-31.965088,149.641159,51,1,0,0,0,0,0,0,0,0,7,100,1,418,714,5,3,40,1,0,1,0,0
1347314,1,2023,2023,9,2,5,330,27,65,605,1,0,2,-33.700489,151.299519,50,0,2,1,1,0,0,0,2,0,7,70,2,14295,14295,3,0,0,2,0,0,0,1
1347315,4,2023,2023,2,1,9,6,31,23,34609,0,1,10,-31.500339,145.838175,51,2,1,1,0,0,0,0,3,0,0,50,0,1850,985,5,16,40,1,0,1,0,0
1347318,4,2024,2024,4,0,0,86,27,7,34609,0,1,1,-30.790606,152.458872,34,1,0,0,0,0,0,0,0,0,7,100,0,4552,5151,8,5,40,1,0,1,0,0
1347321,4,2024,2024,4,1,4,220,14,51,220,0,1,3,-34.475642,150.829545,80,0,2,1,0,0,0,3,2,0,7,100,2,4026,4026,8,10,40,1,0,1,0,0
1347322,2,2023,2023,2,3,2,19,27,137,34609,0,1,9,-33.897996,150.896328,24,0,2,1,2,0,0,0,0,0,7,50,0,9859,9859,1,5,5,2,0,0,2,0
1347328,2,2024,2024,4,6,9,3,31,163,34609,0,1,1,-33.853873,151.105378,14,0,2,1,1,0,0,0,2,0,7,50,0,14295,14295,3,5,5,2,0,0,2,0
1347329,4,2023,2023,2,4,4,153,27,290,147,0,1,9,-33.949413,151.117115,4,0,2,1,1,0,0,3,2,0,7,60,2,2852,2852,4,5,5,2,0,1,0,0
1347332,2,2024,2024,4,3,6,5,27,363,34609,0,1,1,-33.746923,150.686701,55,0,2,0,0,0,3,4,2,0,7,50,0,2585,4009,1,5,10,2,0,0,1,0
1347333,2,2024,2024,4,3,6,105,27,70,109,0,1,1,-33.881968,150.888647,24,0,2,1,1,0,0,0,2,0,7,60,1,1109,787,1,5,5,2,0,0,1,1
1347337,2,2024,2024,4,2,8,866,17,187,793,0,1,9,-33.796695,150.986746,54,0,2,0,1,0,0,0,2,2,7,70,2,5929,5929,1,5,0,2,0,0,1,0
1347338,2,2024,2024,4,1,0,137,31,65,34609,0,1,0,-32.927153,151.781589,48,0,2,1,2,0,3,4,0,0,7,10,0,4026,4026,1,5,5,2,0,0,1,0
1347339,2,2024,2024,4,6,7,98,31,115,34609,1,0,7,-33.881884,151.194788,69,0,2,1,1,0,0,0,2,0,0,40,0,6545,6545,4,5,20,2,0,0,1,0
1347342,4,2024,2024,4,0,6,916,17,66,917,0,1,2,-32.810658,151.670998,48,0,2,1,1,0,0,0,2,0,7,80,2,14295,14295,3,8,13,2,0,1,0,0
1347343,4,2024,2024,3,3,7,3371,17,13,3342,0,1,2,-29.136094,153.320244,60,1,0,1,0,0,0,0,2,0,7,110,2,9859,9859,8,10,40,1,0,1,0,0
1347344,1,2024,2024,4,2,7,13,27,21,34609,0,1,1,-35.437439,148.090855,66,1,0,0,0,0,0,0,2,0,7,100,0,418,714,5,16,40,1,0,0,0,1
1347347,2,2024,2024,3,1,11,147,27,8,34609,0,1,1,-33.844304,151.284004,81,0,2,1,2,0,0,0,0,0,7,40,0,9859,9859,1,5,0,3,0,0,1,0
1347348,2,2024,2024,4,4,9,79,31,56,18,0,1,1,-33.856039,151.176049,32,0,2,1,1,0,0,0,2,0,9,40,1,2040,2040,9,5,28,2,0,0,1,0
1347349,4,2024,2024,3,2,7,346,17,16,332,0,1,1,-28.905907,152.282946,51,1,0,0,0,0,0,0,2,0,7,100,2,4552,5151,8,16,40,1,0,1,0,0
1347356,1,2024,2024,3,3,7,5,27,55,34609,0,1,9,-36.194103,149.119622,65,2,1,1,0,0,0,0,2,0,0,80,0,323,323,1,16,5,2,0,0,0,1
1347358,1,2023,2023,2,6,6,3,27,17,34609,0,1,1,-33.601564,151.325575,50,0,2,0,0,0,3,4,2,0,7,40,0,368,368,9,8,28,2,0,0,0,1
1347360,2,2024,2024,3,5,10,30,27,57,52,0,1,9,-33.903971,151.172805,32,0,2,1,2,0,0,0,0,0,0,60,1,5929,5929,1,5,19,2,0,0,1,0
1347362,1,2024,2024,3,5,11,97,17,61,88,0,1,6,-35.181518,149.252662,82,1,0,1,0,0,0,0,0,0,7,110,2,121,121,9,33,28,2,0,0,0,1
1347364,1,2023,2023,2,2,7,15,27,6,91,0,1,1,-34.691734,149.306681,74,1,0,1,0,0,0,0,2,0,7,100,1,945,945,5,10,40,1,0,0,0,1
1347368,2,2024,2024,3,4,11,31,31,53,34609,1,0,9,-33.847661,150.967507,21,0,2,1,2,0,0,0,0,0,7,50,0,9859,9859,8,0,40,1,0,0,1,0
1347373,4,2024,2024,3,6,6,87,31,201,34609,0,1,1,-34.003922,150.859148,13,0,2,1,1,0,0,0,2,0,7,50,0,941,941,1,5,5,3,0,2,0,0
1347374,4,2024,2024,3,2,1,33,7,26,34609,0,1,1,-33.763261,150.877678,7,0,2,1,2,0,0,0,0,0,7,50,0,9859,9859,1,0,13,2,0,3,0,0
1347376,4,2024,2024,4,0,5,7,10,30,34609,0,1,1,-33.266824,151.432079,16,2,2,0,0,0,0,0,2,0,7,50,0,2585,4009,8,16,40,1,0,1,0,0
1347377,2,2024,2024,4,3,4,20,27,11,45,0,1,1,-34.332305,148.533376,30,1,0,0,0,0,0,0,2,0,7,100,1,1259,5151,8,0,40,1,0,0,1,0
1347380,2,2024,2024,3,4,6,71,27,147,34609,0,1,10,-33.753562,151.294363,50,0,2,1,1,0,3,3,2,0,15,40,0,6545,6545,4,5,13,2,0,0,2,0
1347383,1,2024,2024,4,3,6,230,27,197,284,0,1,2,-33.792537,151.131953,61,0,2,1,1,0,0,0,2,0,7,70,2,1383,1383,1,5,0,2,0,0,0,1
1347385,2,2024,2024,3,6,5,346,17,1,332,0,1,1,-28.873357,153.163267,60,1,0,1,0,0,0,0,2,0,7,100,2,14295,14295,3,5,0,2,0,0,1,0
1347387,2,2024,2024,4,6,11,2261,17,35,2252,0,1,3,-34.333546,150.56036,78,1,0,1,0,0,0,0,0,0,7,110,2,14295,14295,3,5,5,2,0,0,1,0
1347391,4,2024,2024,7,2,11,2209,17,166,2205,0,1,9,-33.898278,151.178289,69,0,2,1,2,0,0,0,0,0,0,40,2,623,623,3,15,5,2,0,1,0,0
1347393,2,2024,2024,7,1,3,346,17,103,332,0,1,9,-28.814451,153.338059,39,2,1,1,1,0,0,0,2,0,7,60,2,14295,14295,3,5,0,3,0,0,2,0
1347394,4,2024,2024,7,4,5,1,27,460,34609,0,1,10,-33.830822,150.971452,21,0,2,1,0,0,0,0,2,0,0,50,0,6545,6545,4,0,0,2,0,2,1,0
1347395,4,2024,2024,4,2,6,109,27,460,106,0,1,9,-33.834539,150.979914,21,0,2,1,1,0,2,6,2,0,0,60,1,775,775,4,21,0,2,0,1,0,0
1347396,2,2024,2024,7,3,10,40,27,46,34609,0,1,9,-35.163284,147.38222,75,2,1,0,2,0,0,0,0,0,15,50,0,4552,5151,1,5,13,2,0,0,1,0
1347399,4,2024,2024,3,2,11,1052,14,87,928,0,1,3,-33.083086,151.474784,37,0,2,1,1,0,0,0,0,0,7,110,2,9859,9859,8,5,40,1,0,1,0,0
1347401,4,2024,2024,3,4,9,344,27,168,382,0,1,1,-33.687125,150.822605,7,0,2,1,0,0,0,0,2,0,7,80,2,96,96,0,9,5,2,0,2,1,0
1347407,4,2024,2024,7,5,8,56,27,443,44,0,1,10,-33.902835,151.057923,15,0,2,1,1,0,0,0,2,2,9,60,1,2040,2040,9,5,28,2,0,1,0,0
1347409,2,2024,2024,3,5,5,7,1,55,34609,1,0,7,-33.934031,150.900342,41,0,2,1,1,0,3,4,2,0,0,50,0,1945,1945,5,16,40,1,0,0,1,0
1347411,1,2024,2024,7,1,6,62,10,91,169,0,1,2,-32.814282,151.633803,48,0,2,1,1,0,0,0,2,0,7,100,2,101,101,8,5,13,2,0,0,0,1
1347412,2,2024,2024,7,0,7,3371,17,54,3342,0,1,2,-33.086023,151.639842,37,0,2,1,0,0,0,0,2,0,7,60,2,14295,14295,3,9,13,4,0,0,1,1
1347413,2,2024,2024,7,6,8,82,31,363,369,0,1,10,-33.762276,150.710286,55,0,2,1,1,0,0,0,2,0,15,70,2,6545,6545,4,5,0,2,0,0,3,1
1347415,4,2024,2024,7,1,8,2209,17,179,2205,0,1,1,-36.737863,149.818184,5,1,0,1,0,0,0,0,2,0,7,100,2,9859,9859,8,0,40,1,0,1,0,0
1347416,4,2024,2024,3,6,7,100,31,363,769,0,1,10,-33.814376,150.999848,54,0,2,1,1,0,0,0,2,2,9,60,2,1220,1220,9,10,28,2,0,1,0,0
1347420,1,2024,2024,4,5,4,15,27,9,34609,0,1,1,-34.929424,149.940106,26,2,1,0,0,0,3,4,2,0,7,80,0,1089,1089,7,16,40,1,0,0,0,1
1347423,4,2024,2024,7,2,5,18,27,44,34609,0,1,9,-32.42022,152.20082,43,2,1,0,0,0,0,0,2,0,0,80,0,4552,5151,8,5,40,1,0,1,0,0
1347424,4,2024,2024,3,3,5,120,36,10,148,0,1,1,-30.379378,152.727577,6,1,0,0,0,0,3,4,2,0,7,100,2,4552,5151,8,30,40,1,0,2,0,0
1347425,4,2024,2024,7,1,8,125,27,38,144,0,1,2,-32.79244,151.952397,57,1,0,0,0,0,0,0,2,0,7,100,2,2585,4009,8,5,40,1,0,1,1,0
1347426,4,2024,2024,7,1,10,33,25,228,34609,0,1,9,-34.754002,149.717304,26,2,1,1,2,0,0,0,0,0,0,40,0,1850,985,5,17,40,1,0,1,0,0
1347432,2,2024,2024,7,5,5,4,27,2,4,0,1,1,-30.96695,142.347587,51,1,0,0,0,2,0,0,2,0,7,100,1,1850,1463,5,5,40,1,0,0,1,0
1347437,4,2024,2024,7,0,11,1,27,10,34609,0,1,9,-32.638003,152.034263,43,2,1,1,2,0,0,0,0,0,7,80,0,4026,4026,8,5,40,3,0,2,1,0
1347438,4,2024,2024,7,6,9,149,27,60,198,0,1,10,-33.945258,150.946739,41,0,2,1,1,0,0,0,2,2,7,60,2,9859,9859,8,0,40,1,0,1,0,0
1347442,4,2024,2024,7,1,5,12,23,134,65,0,1,1,-33.679262,150.860843,7,0,2,1,1,0,0,0,2,0,7,50,1,1220,1220,9,29,28,2,0,1,0,0
1347443,1,2024,2024,7,6,4,1,25,162,240,0,1,1,-33.851171,150.893928,24,0,2,1,1,0,0,0,2,0,7,50,2,186,186,9,22,28,2,0,0,0,1
1347446,2,2024,2024,3,5,8,1,18,646,34609,0,1,9,-33.91698,151.034249,15,0,2,1,1,0,0,0,2,0,15,40,0,1383,1383,1,0,5,2,0,0,1,0
1347447,4,2024,2024,7,5,5,26,31,161,6,0,1,1,-33.887111,151.157477,32,0,2,1,1,0,0,0,2,0,9,40,1,2040,2040,9,5,28,2,0,1,0,0
1347448,2,2024,2024,7,4,8,10,31,122,34609,0,1,1,-33.422463,151.340342,16,2,2,1,0,0,0,0,2,0,9,50,0,2040,2040,9,5,28,2,0,0,1,0
1347449,2,2024,2024,7,4,3,71,27,69,122,0,1,9,-34.547795,150.861361,62,0,2,1,1,0,0,0,2,2,7,70,2,5929,5929,1,5,5,2,0,0,1,0
1347450,2,2024,2024,4,0,1,3371,17,49,3342,0,1,2,-33.193798,151.526938,16,2,2,1,0,0,0,0,0,0,7,80,2,9859,9859,8,5,40,1,0,0,1,0
1347452,2,2024,2024,7,3,6,1,27,61,34609,0,1,1,-35.524658,145.048919,51,2,1,1,0,2,0,0,2,0,7,80,0,4026,4026,8,16,40,1,0,0,1,0
1347453,2,2024,2024,7,4,4,92,31,70,34609,0,1,2,-32.730237,151.552723,42,2,1,1,1,0,0,0,2,0,7,40,0,238,238,9,0,28,2,0,0,2,0
1347456,4,2024,2024,7,2,7,3371,17,20,3342,0,1,2,-29.589509,153.137568,18,1,0,1,0,0,0,0,2,0,7,110,2,9859,9859,8,5,40,1,0,1,0,0
1347460,4,2024,2024,3,4,2,7,27,3,34609,0,1,1,-28.861771,153.41812,2,2,1,1,0,0,0,1,0,0,7,80,0,1089,1089,7,16,40,1,0,1,0,0
1347461,2,2024,2024,7,5,4,361,23,84,35,0,1,9,-33.883126,150.946876,24,0,2,1,0,0,0,0,2,0,0,60,1,2852,2852,4,5,0,2,0,0,1,0
1347465,2,2024,2024,7,5,7,2,31,609,34609,0,1,1,-33.790746,150.904337,7,0,2,1,1,0,0,0,2,0,7,50,0,2040,2040,9,5,28,2,0,0,1,0
1347468,1,2024,2024,3,2,7,109,27,74,382,0,1,9,-33.756971,150.84005,7,0,2,1,1,0,0,0,2,0,7,60,2,1945,1945,5,16,40,1,0,0,0,1
1347472,4,2023,2023,2,0,7,3,1,232,34609,1,2,1,-33.678296,150.920309,71,0,2,0,1,0,0,0,2,0,7,40,0,312,312,2,0,40,1,0,1,0,0
1347473,4,2024,2024,7,0,5,125,27,32,144,0,1,7,-32.768815,152.065782,57,2,1,1,1,0,0,0,2,0,0,80,2,9859,9859,8,0,40,1,0,1,0,0
1347474,1,2024,2024,7,1,4,475,31,532,75,0,1,9,-33.874663,151.209723,69,0,2,1,1,0,0,0,2,2,7,40,1,1192,1192,1,5,27,2,0,0,0,1
1347475,1,2024,2024,7,6,4,1104,14,104,962,0,1,6,-33.831854,151.020858,54,0,2,1,0,0,0,0,2,0,7,70,2,14295,14295,3,9,0,3,0,0,0,1
1347476,1,2024,2024,7,6,6,220,27,251,222,0,1,10,-33.774157,150.961216,7,0,2,1,1,0,0,0,2,2,7,80,2,1220,1220,9,10,28,2,0,0,0,1
1347481,2,2024,2024,7,6,4,22,31,228,34609,0,1,9,-34.741797,149.738187,26,2,1,1,0,0,3,0,2,0,7,50,0,2852,2852,4,10,22,2,0,0,1,0
1347482,2,2024,2024,3,6,7,37,27,10,36,0,1,1,-32.612819,151.710635,57,2,1,1,0,0,0,3,2,0,7,80,1,4026,4026,8,5,40,1,0,0,1,0
1347483,1,2024,2024,7,4,10,3,31,161,34609,0,1,10,-33.886164,151.15244,32,0,2,1,2,0,0,0,0,0,0,50,0,6545,6545,4,5,36,3,0,0,0,1
1347485,4,2024,2024,3,0,9,1,27,87,34609,0,1,9,-33.693944,150.961534,71,0,2,1,0,0,0,0,2,0,7,50,0,6545,6545,4,0,13,2,0,1,0,1
1347486,2,2024,2024,7,0,11,81,17,30,34609,0,1,1,-34.490503,150.33311,78,2,1,0,0,0,0,0,0,0,7,50,0,2585,4009,8,0,40,1,0,0,1,0
1347487,1,2024,2024,7,4,4,10,2,67,34609,0,1,7,-33.698694,150.912809,7,0,2,1,1,0,0,0,2,0,0,50,0,6545,6545,4,0,5,2,0,0,0,1
1347488,1,2024,2024,7,5,4,2126,17,149,2149,0,1,9,-33.817298,150.980958,21,0,2,0,2,0,0,0,2,2,7,60,2,1669,1669,3,5,0,2,0,0,0,1
1347490,2,2024,2024,7,0,4,9,10,63,34609,0,1,9,-33.255618,151.480167,16,2,2,1,0,0,0,3,2,0,7,50,0,340,340,9,5,28,2,0,0,1,0
1347491,2,2024,2024,7,1,3,10,27,9,34609,0,1,1,-34.825797,149.861933,26,1,0,0,0,0,0,0,2,0,7,100,0,1957,4009,8,0,40,1,0,0,1,0
1347494,4,2024,2024,3,6,4,1,1,30,34609,0,1,1,-33.19407,151.562061,16,2,2,1,0,0,0,0,2,0,7,50,0,1945,1945,5,16,40,1,0,1,0,0
1347501,1,2024,2024,7,3,4,68,27,175,208,0,1,9,-33.770969,151.081141,54,0,2,1,0,0,0,0,2,2,7,60,2,926,926,4,5,5,2,0,0,0,1
1347504,4,2024,2024,3,5,5,81,31,133,80,0,1,10,-33.916108,151.014042,15,0,2,0,0,0,0,3,2,2,7,60,1,6545,6545,4,0,5,2,0,2,0,0
1347506,2,2024,2024,7,6,7,334,17,31,308,0,1,9,-31.080469,150.853195,70,1,0,1,0,0,3,0,2,0,0,100,2,926,926,4,5,22,2,0,0,1,0
1347508,2,2024,2024,7,0,7,37,31,38,34609,0,1,1,-33.769542,150.791353,55,0,2,1,1,0,0,0,2,0,7,50,0,1981,1981,4,5,19,3,0,0,1,0
1347510,1,2024,2024,3,6,5,72,31,100,62,0,1,1,-33.954808,151.147635,4,0,2,1,2,0,0,0,2,0,7,60,1,323,323,1,5,5,2,0,0,0,1
1347512,4,2024,2024,7,2,4,7,18,562,34609,0,1,1,-32.274275,148.625999,22,2,1,1,1,0,0,3,2,0,7,60,0,5929,5929,1,0,5,2,0,1,1,0
1347514,2,2024,2024,7,6,7,194,31,85,34609,1,0,1,-34.576759,150.766944,62,0,2,0,1,0,0,0,2,0,7,50,0,14295,14295,3,5,0,2,0,0,1,0
1347515,4,2024,2024,3,5,4,6,10,74,34609,0,1,2,-34.022381,150.765014,12,0,2,1,0,0,0,0,2,0,7,50,0,1220,1220,9,0,28,2,0,1,0,0
1347519,4,2024,2024,7,3,7,5,31,134,120,0,1,1,-33.896064,151.25448,76,0,2,1,0,0,3,0,2,0,7,50,2,9859,9859,8,5,40,1,0,1,0,0
1347520,2,2024,2024,7,5,10,2,1,646,34609,0,1,1,-33.922059,151.043153,15,0,2,1,2,0,0,0,0,0,7,50,0,9859,9859,1,5,5,2,0,0,1,0
1347521,4,2024,2024,7,2,7,3371,17,18,3342,0,1,2,-30.990333,152.858303,34,1,0,0,0,0,0,0,2,0,7,110,2,418,714,5,10,40,1,0,1,1,0
1347523,4,2024,2024,7,3,5,485,27,232,769,0,1,10,-33.674815,150.910907,71,0,2,1,0,0,0,0,2,2,7,80,2,5929,5929,1,10,19,2,0,1,0,0
1347526,4,2024,2024,7,2,9,2,1,147,34609,0,1,1,-33.880295,150.997703,15,0,2,1,2,0,0,0,3,0,7,50,0,4026,4026,1,5,36,2,0,1,0,0
1347528,4,2024,2024,7,3,5,293,25,71,34609,0,1,0,-33.971543,151.078351,25,0,2,1,0,0,0,0,2,0,7,50,0,9859,9859,8,5,40,1,0,1,0,0
1347532,2,2024,2024,3,2,7,4,27,49,176,0,1,10,-34.047263,151.137092,68,0,2,1,1,0,0,3,2,0,7,70,2,1957,777,1,10,0,4,0,0,1,0
1347536,2,2024,2024,7,3,6,2,18,3,34609,0,1,1,-34.950652,148.932937,82,2,1,1,0,2,0,0,2,0,7,80,0,1945,1945,5,16,40,1,0,0,1,0
1347547,2,2024,2024,3,3,4,500,27,293,799,0,1,1,-33.93157,151.061948,15,0,2,1,0,0,0,0,2,0,7,60,2,14295,14295,3,9,25,3,0,0,1,0
1347555,2,2024,2024,7,5,11,52,27,438,103,0,1,9,-33.864907,151.027335,21,0,2,1,2,0,0,0,0,2,7,60,1,5929,5929,1,5,5,2,0,0,1,0
1347556,2,2024,2024,7,0,10,177,31,314,208,0,1,7,-33.863117,150.947303,24,0,2,1,2,0,0,0,0,0,0,60,1,14295,14295,3,5,0,2,0,0,1,0
1347557,2,2023,2023,4,6,6,1104,14,39,962,0,1,3,-33.782917,150.757265,55,0,2,1,1,0,0,0,2,0,7,110,2,1282,1282,1,5,35,2,0,0,1,0
1347558,2,2024,2024,3,4,4,1,6,463,34609,0,1,9,-30.286332,153.128987,19,2,1,1,0,0,0,0,2,0,0,50,0,926,926,4,5,0,2,0,0,2,1
1347559,2,2024,2024,7,0,6,13,27,173,12,0,1,1,-33.735472,151.100032,36,0,2,1,1,0,0,0,2,0,7,50,1,312,312,2,5,40,1,0,0,1,0
1347562,2,2024,2024,7,6,3,1104,14,149,962,0,1,3,-33.816427,150.964554,21,0,2,1,0,0,0,0,2,0,7,90,2,404,404,8,5,40,3,0,0,2,0