Crash ID,Degree of crash - detailed,Reporting year,Year of crash,Month of crash,Day of week of crash,Two-hour intervals,Street of crash,Street type,Town,Route no.,School zone location,School zone active,Type of location,Latitude,Longitude,LGA,Urbanisation,Conurbation 1,Alignment,Street lighting,Road surface,Surface condition,Weather,Natural lighting,Signals operation,Other traffic control,Speed limit,Road classification,RUM - code,DCA - code,First impact type,Key TU type,Other TU type,No. of traffic units involved,No. killed,No. seriously injured,No. moderately injured,No. minor-other injured
1347565,1,2023,2023,2,2,8,866,17,247,793,0,1,2,-33.817375,150.962549,21,0,2,0,1,0,0,0,2,0,9,70,2,14295,14295,3,10,0,2,0,0,0,1
1347568,1,2024,2024,7,0,11,80,31,8,34609,0,1,1,-32.985979,151.715118,37,0,2,1,2,0,0,0,0,0,7,50,0,9859,9859,1,5,5,4,0,0,0,1
1347573,4,2024,2024,7,6,10,153,27,290,147,0,1,9,-33.948963,151.110512,4,0,2,1,2,0,0,0,0,0,7,60,2,5929,5929,1,5,5,2,0,1,0,0
1347575,4,2023,2023,2,1,6,1,31,445,34609,0,1,1,-33.86906,151.044029,21,0,2,1,0,0,0,0,2,0,7,50,0,1981,1981,4,5,12,2,0,1,0,0
1347579,2,2024,2024,7,4,3,9,27,10,34609,0,1,7,-33.409911,149.551518,3,2,1,1,1,0,0,0,2,0,0,60,0,6545,6545,4,10,5,2,0,0,1,0
1347582,4,2024,2024,4,5,8,6,10,101,34609,0,1,2,-32.911534,151.620697,37,0,2,0,1,0,0,0,2,0,7,50,0,2585,4009,8,5,40,1,0,1,0,0
1347583,4,2024,2024,7,3,3,3371,17,20,3342,0,1,2,-32.29955,152.346044,43,1,0,0,1,0,0,0,2,0,7,110,2,1259,5151,8,5,40,1,0,1,0,0
1347588,4,2024,2024,7,1,6,47,31,82,34609,0,1,10,-34.370146,150.89744,80,0,2,1,0,0,0,0,2,2,7,50,0,2040,2040,9,5,28,2,0,1,0,0
1347589,4,2023,2023,2,6,8,2126,17,75,2149,0,1,2,-33.727637,150.388621,8,2,2,0,0,0,3,4,2,0,7,80,2,2585,4009,8,5,40,2,0,1,0,0
1347591,2,2024,2024,7,0,8,47,26,201,160,0,1,9,-34.014347,150.867895,13,0,2,0,0,0,0,0,2,0,0,60,2,2852,2852,4,5,36,2,0,0,1,0
1347594,2,2024,2024,7,6,8,84,27,61,415,0,1,2,-33.762977,151.137177,36,0,2,1,1,0,0,0,2,0,7,70,2,14295,14295,3,16,0,2,0,0,1,0
1347596,1,2024,2024,7,1,8,829,27,309,770,0,1,10,-33.814289,151.097616,61,0,2,1,1,0,0,0,2,0,7,60,2,775,775,4,5,0,2,0,0,0,1
1347598,2,2024,2024,7,4,10,1104,14,94,962,0,1,3,-33.788792,150.79506,55,0,2,1,0,0,3,4,0,0,7,110,2,14295,14295,3,0,35,2,0,0,1,0
1347599,4,2024,2024,7,3,7,5,10,25,34609,0,1,9,-31.534413,152.805461,56,2,1,0,0,0,0,3,2,0,0,80,0,4552,5151,8,5,40,1,0,1,0,0
1347605,4,2023,2023,2,2,5,515,14,271,518,0,1,3,-33.94111,151.003788,15,0,2,1,0,0,3,3,2,0,7,100,2,1192,1192,1,5,10,2,0,1,0,0
1347606,4,2024,2024,7,2,11,3,27,309,34609,0,1,2,-33.814234,151.122038,61,0,2,0,2,0,3,4,0,0,7,50,0,4552,5151,8,16,40,1,0,1,0,0
1347613,4,2024,2024,3,6,3,37,27,21,36,0,1,1,-32.5506,151.763303,51,1,0,0,0,0,0,0,2,0,7,90,1,4552,5151,8,10,40,1,0,1,0,0
1347614,2,2024,2024,7,2,5,192,10,57,114,0,1,2,-33.439533,151.373361,16,2,2,1,0,0,0,0,2,0,7,60,2,1945,1945,5,16,40,1,0,0,1,0
1347615,2,2024,2024,3,4,3,14,31,80,19,0,1,7,-33.882358,151.173578,32,0,2,1,1,0,3,0,2,0,0,40,1,6545,6545,4,0,27,2,0,0,1,0
1347618,2,2024,2024,3,5,8,2126,17,62,2149,0,1,9,-33.889987,151.146428,32,0,2,1,1,0,3,4,2,0,2,60,2,1945,1945,5,16,40,1,0,0,1,0
1347619,2,2024,2024,7,4,0,30,31,78,34609,0,1,1,-33.85573,151.007685,21,0,2,1,3,0,2,6,0,0,7,50,0,9859,9859,1,5,5,3,0,0,1,0
1347621,1,2024,2024,3,4,3,232,36,134,331,0,1,10,-33.975822,150.809583,12,0,2,1,0,0,0,0,2,2,7,80,2,14295,14295,3,9,5,2,0,0,0,1
1347624,4,2024,2024,3,4,8,12,31,82,34609,0,1,1,-34.371164,150.899166,80,0,2,1,1,0,0,0,2,0,7,50,0,5929,5929,1,5,19,2,0,1,0,0
1347627,4,2024,2024,7,1,6,866,17,44,793,0,1,9,-33.794385,150.983214,54,0,2,1,0,0,0,0,2,2,7,70,2,14295,14295,3,0,5,5,0,2,1,0
1347634,1,2024,2024,7,6,5,1104,14,149,962,0,1,3,-33.81715,150.970476,21,0,2,1,0,0,0,0,2,0,7,90,2,1192,1192,1,33,0,2,0,0,0,1
1347646,4,2024,2024,7,0,8,2126,17,445,2149,0,1,2,-33.8521,151.056169,21,0,2,1,0,0,0,0,2,0,7,60,2,14295,14295,3,9,0,3,0,1,0,0
1347647,4,2024,2024,4,6,4,224,27,102,321,0,1,1,-33.952472,151.200419,4,0,2,1,1,0,0,0,2,0,7,50,2,2040,2040,9,5,28,2,0,1,0,0
1347650,2,2024,2024,7,1,3,1104,14,69,962,0,1,3,-33.826944,151.013029,54,0,2,0,1,0,0,0,2,0,7,90,2,1282,1282,1,8,5,2,0,0,1,0
1347652,4,2024,2024,7,6,8,3371,17,73,3342,0,1,2,-33.77445,151.168034,36,0,2,1,1,0,0,0,2,0,7,60,2,9859,9859,8,5,40,1,0,1,0,0
1347654,1,2024,2024,3,1,3,4,27,26,34609,0,1,7,-34.579888,150.844793,62,0,2,1,1,0,0,0,2,0,0,50,0,591,591,1,22,40,2,0,0,0,1
1347659,2,2024,2024,7,0,6,100,27,42,100,0,1,1,-33.865055,150.846681,24,0,2,1,0,0,3,4,2,0,7,80,2,3775,3775,0,5,35,2,0,0,1,0
1347660,1,2024,2024,3,4,7,2,1,13,34609,0,1,9,-33.873008,151.225922,69,0,2,0,1,0,0,0,2,0,9,40,0,591,591,1,22,0,2,0,0,0,1
1347662,2,2024,2024,7,5,10,6,18,243,34609,0,1,1,-33.956696,150.894588,41,0,2,1,0,0,0,0,0,0,7,50,0,9859,9859,1,5,5,3,0,0,1,0
1347663,4,2024,2024,7,4,8,1,34,5,34609,0,1,1,-36.969904,149.855825,5,2,1,0,0,2,0,0,2,0,7,50,0,1850,1463,5,16,40,1,0,1,0,0
1347665,2,2024,2024,7,1,4,39,27,11,43,0,1,1,-32.541881,149.646517,44,1,0,0,0,0,3,4,2,0,4,100,1,1957,4009,8,10,40,1,0,0,1,0
1347669,2,2024,2024,3,6,8,39,27,284,563,1,2,1,-33.905945,151.036084,15,0,2,1,1,0,0,0,2,0,7,40,2,14295,14295,3,5,5,4,0,0,1,0
1347673,1,2024,2024,7,5,9,97,31,460,92,0,1,9,-33.830226,150.993227,21,0,2,1,0,0,0,0,3,0,15,60,1,591,591,1,17,5,2,0,0,0,1
1347678,4,2024,2024,3,3,5,3371,17,463,3342,0,1,9,-30.298454,153.112379,19,2,1,0,0,0,3,4,2,0,7,60,2,3775,3775,0,0,5,5,0,1,0,1
1347686,2,2024,2024,7,5,4,512,27,46,34609,0,1,1,-35.153916,147.404763,75,2,1,1,0,0,0,0,2,0,7,80,0,9859,9859,8,5,40,1,0,0,2,0
1347688,4,2024,2024,7,5,4,2,18,3,34609,0,1,1,-33.729018,147.275464,51,1,0,1,0,2,3,0,2,0,7,100,0,1945,1945,5,16,40,1,0,1,0,0
1347690,4,2024,2024,7,2,3,500,27,646,799,0,1,10,-33.933781,151.027025,15,0,2,1,1,0,3,0,2,2,7,60,2,926,926,4,5,10,3,0,1,0,0
1347692,4,2024,2024,7,2,9,13,27,89,34609,1,0,1,-33.869448,150.873568,24,0,2,1,0,0,0,0,2,0,7,50,0,186,186,9,5,28,2,0,1,0,0
1347693,1,2024,2024,7,6,5,3,36,52,34609,1,0,10,-33.265811,151.46509,16,2,2,1,1,0,0,0,2,0,0,50,0,6545,6545,4,5,0,3,0,0,0,2
1347694,2,2024,2024,7,1,7,59,10,14,231,1,0,1,-33.493029,151.389369,16,2,2,1,0,0,0,0,2,0,7,70,2,3775,3775,0,0,5,3,0,0,1,0
1347695,2,2024,2024,7,0,10,2,1,168,34609,0,1,1,-33.684695,150.817215,7,0,2,1,2,0,0,0,0,0,7,50,0,4026,4026,1,5,5,2,0,0,1,0
1347697,4,2024,2024,4,1,4,2126,17,33,2149,0,1,10,-33.490387,150.133834,40,2,1,1,1,0,3,4,2,2,7,70,2,5929,5929,1,5,10,2,0,1,0,0
1347699,2,2024,2024,3,2,8,89,36,10,81,0,1,1,-34.619115,148.774526,82,1,0,1,0,0,0,0,2,0,7,100,2,4026,4026,8,10,40,1,0,0,1,1
1347702,4,2024,2024,7,5,3,25,27,8,34609,0,1,1,-33.652773,150.910612,71,0,2,1,0,0,0,0,2,2,7,40,0,41,41,8,5,40,1,0,1,0,0
1347703,4,2024,2024,7,1,4,344,27,3,382,0,1,1,-33.685495,150.821112,7,0,2,1,0,0,0,0,2,0,7,80,2,14295,14295,3,30,5,3,0,1,1,0
1347705,4,2024,2024,3,6,3,3,27,26,34609,0,1,1,-33.355067,145.685393,51,1,0,1,0,0,0,0,2,0,7,100,0,418,777,5,5,40,1,0,1,1,0
1347708,4,2024,2024,7,6,7,17,27,31,17,0,1,1,-35.155515,148.118406,20,1,0,0,0,0,0,0,2,0,7,100,2,1957,4009,8,10,40,1,0,2,0,0
1347714,4,2023,2023,10,3,4,78,27,11,5,0,1,2,-33.855375,151.130328,14,0,2,1,1,0,0,0,2,0,7,50,1,387,387,1,22,5,2,0,1,0,0
1347715,2,2024,2024,3,0,5,334,17,98,308,0,1,1,-30.983439,150.223674,51,1,0,1,3,0,2,6,2,0,7,100,2,9859,9859,8,10,40,1,0,0,1,0
1347723,2,2024,2024,7,5,4,46,31,273,34609,1,2,0,-34.422754,150.90321,80,0,2,1,3,0,0,0,2,0,7,40,0,9859,9859,8,30,40,1,0,0,1,0
1347726,4,2024,2024,4,6,3,2209,17,23,2205,0,1,9,-35.674944,150.213724,23,1,0,0,3,0,3,0,2,0,0,100,2,4552,5151,8,10,40,1,0,1,0,0
1347727,2,2023,2023,9,6,8,1,18,304,34609,0,1,1,-33.910718,151.154673,32,0,2,1,3,0,3,4,2,0,7,50,0,9859,9859,8,5,40,1,0,0,1,0
1347728,1,2024,2024,7,3,7,90,31,169,165,0,1,10,-33.900989,151.215105,69,0,2,1,3,0,0,0,2,2,7,60,2,14295,14295,3,8,5,3,0,0,0,2
1347729,1,2024,2024,7,5,8,17,27,111,65,0,1,9,-33.712541,150.890316,7,0,2,1,3,0,0,0,2,0,7,60,1,14295,14295,3,5,0,3,0,0,0,1
1347730,2,2023,2023,2,5,0,222,27,19,34609,0,1,9,-33.687158,150.881873,7,0,2,1,3,0,0,0,0,0,15,60,0,2852,2852,4,10,0,2,0,0,2,0
1347732,2,2024,2024,7,6,8,26,31,194,34609,0,1,10,-30.513247,151.672192,1,2,1,1,3,0,0,0,2,0,0,50,0,6545,6545,4,19,0,2,0,0,2,0
1347733,2,2024,2024,7,6,7,19,27,30,34609,1,0,2,-33.188487,151.576224,16,2,2,1,3,0,0,0,2,0,7,50,0,217,217,1,5,13,2,0,0,1,0
1347738,2,2024,2024,7,6,8,3,27,71,34609,0,1,1,-33.781425,150.70538,55,0,2,1,3,0,0,0,2,0,7,50,0,4026,4026,1,16,5,3,0,0,1,0
1347740,1,2024,2024,7,2,5,158,27,173,207,0,1,9,-33.876879,151.228411,69,0,2,1,3,0,0,0,2,2,7,60,2,1383,1383,1,5,5,2,0,0,0,1
1347742,1,2024,2024,7,4,7,344,27,363,369,0,1,9,-33.742315,150.715759,55,0,2,1,3,0,0,0,2,2,7,70,2,395,395,1,0,5,2,0,0,0,1
1347747,2,2024,2024,0,1,5,55,36,3,35,0,1,1,-32.40929,150.119162,44,1,0,1,3,0,0,0,2,0,7,100,1,1945,1945,5,31,40,1,0,0,1,0
1347749,1,2024,2024,7,5,6,9,10,79,34609,0,1,2,-34.001216,150.741098,12,0,2,1,3,0,0,0,2,0,7,60,0,1383,1383,1,0,13,2,0,0,0,1
1347762,2,2024,2024,3,4,6,12,31,460,34609,0,1,9,-33.835811,150.991592,21,0,2,1,1,0,0,0,2,0,0,40,0,775,775,4,0,0,2,0,0,1,0
1347764,1,2024,2024,7,1,9,280,10,162,82,0,1,2,-33.851132,150.917696,24,0,2,0,3,0,0,0,4,2,9,60,1,14295,14295,3,5,5,2,0,0,0,1
1347765,1,2024,2024,0,5,7,95,27,14,605,0,1,2,-33.642918,151.323037,50,0,2,0,3,0,3,4,2,0,7,60,2,3775,3775,0,5,0,2,0,0,0,1
1347767,1,2024,2024,0,1,7,68,27,98,208,0,1,2,-33.741346,151.062129,31,0,2,1,3,0,0,0,2,0,0,60,2,1282,1282,1,5,5,2,0,0,0,1
1347768,1,2024,2024,3,2,7,6,1,38,702,0,1,1,-33.837069,151.084148,14,0,2,1,3,0,0,0,2,0,7,50,2,1282,1282,1,0,13,2,0,0,0,1
1347769,2,2024,2024,7,2,9,2,1,73,34609,0,1,9,-33.756332,150.805275,7,0,2,1,3,0,0,0,0,0,7,50,0,4552,985,1,5,13,3,0,0,1,0
1347770,2,2024,2024,7,0,4,6,27,154,34609,0,1,1,-33.71399,150.973941,71,0,2,1,3,0,0,0,2,0,7,50,0,1282,1282,1,22,0,2,0,0,1,0
1347773,1,2024,2024,7,6,9,308,14,74,311,0,1,3,-33.751926,150.846019,7,0,2,0,3,0,0,0,0,0,7,100,2,14295,14295,3,5,13,3,0,0,0,1
1347777,4,2024,2024,7,4,5,43,2,40,42,0,1,7,-33.732443,150.970256,71,0,2,1,3,0,3,4,2,0,0,70,2,515,515,1,5,27,2,0,1,0,0
1347778,1,2024,2024,7,4,7,71,27,147,34609,0,1,10,-33.753562,151.294363,50,0,2,1,3,0,0,0,2,0,15,40,0,6545,6545,4,5,0,2,0,0,0,1
1347782,1,2024,2024,7,2,7,6,10,55,34609,0,1,2,-35.380443,149.199928,58,2,1,0,3,0,0,0,2,0,7,50,0,5929,5929,1,0,5,2,0,0,0,1
1347783,4,2024,2024,7,5,5,2,27,1,34609,0,1,1,-29.037871,152.797154,60,1,0,0,3,2,3,3,2,0,7,100,0,1850,1463,5,16,40,1,0,1,0,0
1347785,1,2024,2024,7,5,6,111,27,16,233,0,1,9,-33.925094,151.227935,4,0,2,0,3,0,0,0,2,2,7,60,2,1391,1391,1,5,5,2,0,0,0,1
1347787,4,2024,2024,7,5,5,54,27,646,118,0,1,9,-33.914354,151.033145,15,0,2,1,3,0,0,6,2,2,7,60,1,1391,1391,1,5,5,3,0,1,0,1
1347788,1,2024,2024,0,6,4,22,27,29,173,0,1,2,-34.401312,150.878022,80,0,2,0,3,0,0,0,2,0,7,80,2,14295,14295,3,0,5,3,0,0,0,1
1347790,2,2024,2024,7,3,9,17,10,63,34609,0,1,9,-33.246756,151.49776,16,2,2,1,3,0,0,0,2,0,0,50,0,9859,9859,8,5,40,1,0,0,1,0
1347791,4,2023,2023,2,4,4,67,27,157,55,0,1,10,-34.022235,151.106927,68,0,2,1,3,0,0,0,2,2,7,70,2,6545,6545,4,33,5,3,0,1,2,0
1347793,4,2024,2024,3,5,6,97,27,166,799,0,1,9,-33.929893,150.99079,15,0,2,1,1,0,3,4,2,2,7,70,2,5929,5929,1,9,5,3,0,1,0,0
1347794,2,2024,2024,7,3,3,36,27,5,39,0,1,1,-32.519744,148.970144,22,1,0,1,3,0,0,0,2,0,7,100,2,1089,1089,7,5,40,1,0,0,1,0
1347799,1,2023,2023,2,3,8,27,27,3,39,0,1,1,-31.31316,151.14434,70,1,0,0,3,0,0,0,2,0,7,100,1,782,957,5,10,40,1,0,0,0,1
1347801,1,2024,2024,7,5,7,204,31,314,34609,0,1,7,-33.853821,150.928214,24,0,2,1,3,0,0,0,2,0,0,50,0,775,775,4,0,5,2,0,0,0,1
1347803,1,2024,2024,7,4,5,916,17,104,917,0,1,2,-32.820225,151.68183,48,0,2,1,3,0,0,0,2,0,7,80,2,14295,14295,3,0,13,2,0,0,0,1
1347804,4,2024,2024,7,1,5,31,27,210,34609,0,1,1,-34.021893,151.104279,68,0,2,1,3,0,0,0,2,0,7,50,0,14295,14295,3,0,13,2,0,1,0,0
1347807,1,2024,2024,7,2,4,1,1,35,34609,0,1,1,-33.818857,151.202218,77,0,2,1,3,0,3,0,2,0,7,50,0,186,186,1,5,5,2,0,0,0,2
1347808,2,2024,2024,7,4,3,866,17,171,793,0,1,10,-33.80287,150.971204,54,0,2,1,3,0,0,0,2,2,7,70,2,14295,14295,3,10,0,2,0,0,1,0
1347810,1,2024,2024,7,4,9,78,17,22,75,0,1,1,-33.857989,151.207062,69,0,2,1,3,0,0,0,2,0,7,70,2,9859,9859,8,21,40,1,0,0,0,1
1347817,1,2024,2024,7,6,3,2,31,316,16,0,1,0,-33.918161,151.241098,59,0,2,1,3,0,0,0,2,0,7,50,1,1383,1383,1,8,5,2,0,0,0,1
1347819,1,2024,2024,3,3,8,107,22,210,121,0,1,1,-34.030196,151.107583,68,0,2,1,3,0,0,0,2,0,7,60,1,3775,3775,0,10,0,2,0,0,0,1
1347824,4,2024,2024,0,4,8,255,27,20,76,0,1,1,-32.935952,151.673439,37,0,2,1,3,0,3,4,2,0,7,60,1,1669,1669,3,0,5,3,0,1,0,0
1347827,1,2024,2024,7,0,3,21,10,74,34609,0,1,10,-34.024504,150.770739,12,0,2,1,2,0,0,0,2,2,7,60,0,6545,6545,4,10,5,2,0,0,0,1
1347828,2,2024,2024,7,1,6,220,14,40,220,0,1,3,-34.417121,150.877966,80,0,2,0,3,0,0,0,2,0,7,90,2,1850,1463,5,16,40,1,0,0,1,0
1347829,2,2024,2024,7,4,11,91,27,139,187,0,1,10,-33.870763,151.141854,32,0,2,1,3,0,0,0,0,2,7,60,2,1282,1282,1,0,5,2,0,0,1,0
1347834,1,2024,2024,7,4,3,330,27,53,605,0,1,10,-33.72481,151.29897,50,0,2,1,3,0,0,0,2,0,7,60,2,1109,397,1,5,40,2,0,0,0,1
1347837,2,2024,2024,7,1,5,40,31,179,34609,0,1,7,-33.761606,150.715149,55,0,2,1,3,0,0,0,2,0,0,50,0,5929,5929,1,16,0,2,0,0,1,0
1347838,1,2024,2024,7,4,4,26,31,646,118,0,1,1,-33.915885,151.031539,15,0,2,1,3,0,3,4,2,0,7,60,1,1192,1192,1,0,0,2,0,0,0,1
1347843,2,2024,2024,7,2,7,2209,17,144,2205,0,1,9,-34.059349,151.028152,68,0,2,1,3,0,0,0,2,3,7,70,2,14295,14295,3,5,5,2,0,0,1,0
1347845,2,2024,2024,0,1,8,13,27,346,59,0,1,10,-33.870632,151.087409,67,0,2,1,3,0,0,0,2,2,7,50,1,1391,1391,1,16,5,2,0,0,1,0
1347847,4,2024,2024,0,4,5,33,27,26,260,0,1,1,-33.060253,151.555415,37,0,2,1,3,0,3,4,2,0,7,90,2,9859,9859,8,0,40,1,0,1,0,0
1347849,1,2024,2024,7,0,8,829,31,314,240,0,1,10,-33.848867,150.922629,24,0,2,1,3,0,0,0,2,2,7,60,2,14295,14295,3,5,5,2,0,0,0,1
1347850,4,2024,2024,7,6,5,47,27,293,69,0,1,10,-33.942314,151.244349,59,0,2,1,1,0,0,0,2,0,0,50,1,5929,5929,1,0,5,2,0,1,0,0
1347851,1,2024,2024,7,4,3,2126,17,80,2149,0,1,7,-33.758367,150.652226,55,0,2,0,3,0,0,0,2,0,0,60,2,14295,14295,3,30,5,2,0,0,0,1
1347852,1,2024,2024,4,3,5,4,31,173,34609,0,1,10,-33.875862,151.22199,69,0,2,1,0,0,0,0,2,2,9,50,0,2040,2040,9,33,28,2,0,0,0,1
1347854,1,2024,2024,3,5,10,37,27,21,36,0,1,1,-32.581233,151.776367,51,2,1,0,3,0,0,0,3,0,7,50,1,4552,5151,8,10,40,1,0,0,0,1
1347857,1,2024,2024,7,0,8,78,31,111,62,0,1,10,-33.703828,150.858365,7,0,2,1,3,0,0,0,2,2,7,70,2,1282,1282,1,0,0,2,0,0,0,1
1347858,1,2024,2024,7,0,9,2126,17,171,2149,0,1,9,-33.816352,150.973505,21,0,2,1,3,0,0,0,0,0,4,80,2,14295,14295,3,5,5,3,0,0,0,1
1347861,1,2024,2024,7,4,5,330,27,147,605,0,1,9,-33.753958,151.284934,50,0,2,1,3,0,0,0,2,2,7,60,2,395,395,1,5,5,2,0,0,0,1
1347862,4,2024,2024,7,0,4,485,27,154,769,0,1,9,-33.719593,150.96364,71,0,2,1,3,0,0,3,2,0,15,60,2,2852,2852,4,0,5,2,0,1,0,0
1347865,1,2024,2024,7,0,8,18,1,112,34609,0,1,9,-33.906701,151.210664,69,0,2,0,3,0,0,0,2,0,9,40,0,14295,14295,3,0,19,2,0,0,0,1
1347869,2,2024,2024,0,1,5,348,17,4,232,0,1,1,-33.092185,149.947444,40,1,0,0,3,0,0,0,2,0,7,100,2,14295,14295,3,10,5,3,0,0,2,0
1347875,1,2023,2023,2,6,6,107,22,77,34609,0,1,1,-33.866703,150.938059,24,0,2,1,3,0,0,0,2,0,7,40,0,1981,1981,4,10,5,2,0,0,0,1
1347876,2,2024,2024,3,5,10,149,27,60,198,0,1,10,-33.949292,150.950069,41,0,2,1,3,0,0,0,0,2,7,60,2,5929,5929,1,5,13,3,0,0,1,0
1347877,2,2024,2024,7,4,6,39,27,225,34609,0,1,9,-33.805926,151.172946,77,0,2,1,3,0,0,0,2,0,7,50,0,1391,1391,1,8,5,2,0,0,1,0
1347881,2,2024,2024,7,5,8,145,27,36,80,1,0,10,-33.882275,151.182334,69,0,2,1,3,0,0,0,2,2,7,40,2,515,515,1,22,5,2,0,0,1,0
1347886,2,2024,2024,7,6,8,204,31,169,14,0,1,9,-33.903076,151.20726,69,0,2,1,3,0,0,0,2,2,7,50,1,5929,5929,1,5,0,2,0,0,1,0
1347893,4,2024,2024,7,6,4,119,31,188,140,0,1,1,-33.928256,151.105456,15,0,2,1,3,0,0,0,2,0,7,50,1,144,144,1,5,12,2,0,1,1,0
1347894,4,2024,2024,7,0,7,79,31,56,18,0,1,1,-33.856244,151.177186,32,0,2,1,3,0,0,0,2,0,7,40,1,9859,9859,1,5,12,2,0,1,0,0
1347898,1,2024,2024,7,4,3,195,27,54,268,0,1,10,-33.883292,150.864697,24,0,2,1,1,0,3,3,1,3,7,70,2,14295,14295,3,5,5,2,0,0,0,1
1347905,4,2023,2023,10,0,6,192,10,84,114,0,1,1,-33.465308,151.403232,16,2,2,0,1,0,3,3,2,0,7,60,2,4552,5151,8,0,40,1,0,1,0,0
1347907,4,2023,2023,10,1,4,6,10,29,34609,1,2,1,-33.472179,151.431439,16,2,2,0,1,0,0,0,2,0,7,40,0,2585,4009,8,5,40,1,0,1,0,0
1347908,4,2023,2023,10,3,6,3,31,82,34609,0,1,1,-33.796834,151.264998,50,0,2,1,0,0,0,0,2,0,7,50,0,1981,1981,4,5,19,2,0,1,0,0
1347910,2,2023,2023,9,3,0,23,27,53,36,0,1,1,-35.200844,149.345621,58,1,0,0,0,0,0,0,0,0,7,90,1,418,714,5,5,40,1,0,0,1,0
1347911,2,2023,2023,9,3,2,15,31,30,34609,1,0,9,-30.093812,145.946626,51,2,1,1,2,0,0,0,0,0,7,50,0,489,489,8,21,40,1,0,0,1,0
1347913,4,2023,2023,9,3,5,2126,17,40,2149,0,1,2,-33.694508,150.537906,8,2,2,0,1,0,0,0,2,0,7,60,2,2585,4009,8,16,40,1,0,1,0,0
1347914,1,2023,2023,9,4,8,7,23,69,34609,0,1,9,-32.901925,151.688383,48,0,2,1,0,0,0,0,2,0,0,50,0,5929,5929,1,5,27,2,0,0,0,1
1347918,4,2023,2023,9,4,10,71,36,6,11,0,1,1,-32.036894,145.994925,51,1,0,0,0,0,3,4,0,0,7,110,2,418,714,5,0,40,1,0,1,0,0
1347919,2,2023,2023,10,2,9,177,31,314,208,0,1,7,-33.86045,150.927899,24,0,2,1,2,0,0,0,3,0,0,60,1,14295,14295,3,5,5,2,0,0,1,0
1347920,1,2023,2023,2,0,10,475,31,252,75,0,1,5,-33.879797,151.209083,69,0,2,1,2,0,0,0,0,2,7,40,1,9859,9859,8,22,40,1,0,0,0,1
1347921,4,2023,2023,9,1,9,2126,17,5,2149,0,1,1,-33.451987,149.797174,3,1,0,1,0,0,0,0,2,0,7,100,2,14295,14295,3,10,0,2,0,2,1,0
1347922,2,2023,2023,2,0,5,4,36,44,34609,1,0,1,-32.40576,152.211746,43,2,1,1,1,0,0,0,2,2,9,60,0,9859,9859,8,0,40,1,0,0,1,0
1347926,4,2023,2023,9,0,4,225,17,70,180,0,1,1,-34.581684,150.299816,78,1,0,1,0,0,3,0,2,0,7,100,2,9859,9859,8,5,40,1,0,1,0,0
1347928,2,2023,2023,9,2,7,1104,14,142,962,0,1,3,-33.826581,151.004133,54,0,2,0,1,0,0,0,2,0,7,60,2,14295,14295,3,0,0,2,0,0,1,0
1347929,2,2023,2023,2,6,5,168,10,102,260,0,1,2,-33.944661,151.188237,4,0,2,1,0,0,0,0,2,0,7,70,2,1282,1282,1,8,5,2,0,0,1,0
1347930,2,2023,2023,9,4,10,10,27,36,40,0,1,10,-33.528094,149.245952,51,2,1,1,2,0,3,0,0,0,0,50,2,1220,1220,9,10,28,2,0,0,1,0
1347932,4,2023,2023,9,2,5,57,27,11,75,0,1,1,-33.494445,151.29837,16,2,2,0,0,0,3,4,2,0,7,60,1,3775,3775,0,5,0,2,0,1,0,0
1347935,2,2023,2023,2,0,6,44,1,126,22,0,1,7,-33.918798,150.814916,41,0,2,1,1,0,0,0,2,0,0,60,1,6545,6545,4,5,5,2,0,0,2,0
1347937,4,2023,2023,2,0,10,387,27,3,41,0,1,1,-29.064869,153.342414,39,1,0,1,0,0,3,6,0,0,7,100,1,214,214,9,9,28,2,0,1,1,0
1347938,2,2023,2023,2,6,5,1052,14,77,928,0,1,3,-33.527561,151.19873,16,1,2,1,0,0,3,4,2,0,7,110,2,1192,1192,1,10,0,2,0,0,1,0
1347939,4,2023,2023,2,0,8,2209,17,7,2205,0,1,1,-36.912496,149.872936,5,1,0,0,0,0,0,0,2,0,7,100,2,4552,5151,8,9,40,1,0,1,0,0
1347942,4,2024,2024,4,1,0,114,27,24,228,0,1,1,-33.554198,150.910477,71,0,2,0,0,0,3,4,0,0,7,80,2,2585,4009,8,10,40,1,0,1,0,0
1347943,2,2023,2023,2,3,1,2,31,102,34609,0,1,1,-31.116879,150.91404,70,2,1,0,2,0,0,0,0,0,7,50,0,4552,5151,1,5,5,2,0,0,1,0
1347944,2,2023,2023,10,4,4,17,27,70,34609,0,1,1,-34.034841,151.085073,68,0,2,1,2,0,0,0,2,0,9,40,0,2040,2040,9,33,28,2,0,0,1,0
1347945,2,2023,2023,2,2,8,7,27,48,34609,0,1,7,-32.717662,152.159733,57,2,1,1,1,0,0,3,2,0,0,50,0,6545,6545,4,0,27,2,0,0,1,0
1347947,4,2024,2024,4,5,5,85,10,38,702,0,1,2,-33.839374,151.083226,14,0,2,1,1,0,0,0,2,0,7,70,2,1383,1383,1,15,40,2,0,1,0,0
1347948,1,2023,2023,9,1,3,475,31,252,75,0,1,10,-33.88344,151.208304,69,0,2,1,2,0,0,0,2,2,7,40,1,1850,985,5,22,40,1,0,0,0,1
1347949,4,2023,2023,9,5,9,12,31,176,34609,0,1,10,-33.965239,151.134557,25,0,2,1,1,0,0,0,2,0,7,40,0,926,926,4,5,5,4,0,1,0,0