Crash ID,Degree of crash - detailed,Reporting year,Year of crash,Month of crash,Day of week of crash,Two-hour intervals,Street of crash,Street type,Town,Route no.,School zone location,School zone active,Type of location,Latitude,Longitude,LGA,Urbanisation,Conurbation 1,Alignment,Street lighting,Road surface,Surface condition,Weather,Natural lighting,Signals operation,Other traffic control,Speed limit,Road classification,RUM - code,DCA - code,First impact type,Key TU type,Other TU type,No. of traffic units involved,No. killed,No. seriously injured,No. moderately injured,No. minor-other injured
1347950,4,2023,2023,10,1,3,105,17,251,136,0,1,2,-33.775581,150.934092,7,0,2,1,0,0,0,0,2,0,7,60,2,14295,14295,3,16,13,2,0,1,0,0
1347953,4,2023,2023,2,6,8,22,27,8,34609,0,1,1,-28.711441,153.541425,2,2,1,1,0,0,0,0,3,0,7,60,0,1669,1669,3,16,5,2,0,1,1,0
1347955,2,2024,2024,4,1,1,1,25,251,34609,0,1,9,-33.787503,150.927136,7,0,2,0,2,0,3,4,0,0,7,50,0,4552,5151,1,34,0,2,0,0,1,0
1347958,4,2024,2024,4,4,10,78,17,34,75,0,1,2,-33.859735,151.206056,69,0,2,1,2,0,0,0,0,0,7,70,2,4026,4026,8,5,40,1,0,1,0,0
1347960,4,2024,2024,4,4,9,1,27,5,34609,0,1,1,-30.017048,151.689417,1,1,0,1,0,0,0,0,3,0,7,100,0,9859,9859,8,10,40,1,0,1,0,0
1347961,2,2024,2024,4,6,9,11,36,12,11,0,1,1,-33.651039,148.905738,51,1,0,0,0,0,0,0,3,0,7,100,1,4552,5151,8,0,40,1,0,0,1,0
1347965,4,2023,2023,2,2,6,512,17,17,441,0,1,1,-33.430812,149.383864,3,1,0,1,0,0,0,0,2,0,7,100,2,9859,9859,8,30,40,1,0,1,0,0
1347967,2,2024,2024,4,3,6,3371,17,41,3342,0,1,2,-32.815185,151.699202,57,2,1,1,1,0,0,0,2,0,7,80,2,14295,14295,3,16,5,2,0,0,1,0
1347968,2,2024,2024,4,0,9,6,10,104,34609,0,1,1,-33.795653,150.804047,55,0,2,1,2,0,0,0,3,0,7,50,0,387,387,1,22,13,2,0,0,1,0
1347969,2,2024,2024,4,4,2,2126,17,139,2149,0,1,2,-33.889489,151.144425,32,0,2,0,2,0,0,0,0,0,7,60,2,1957,4009,8,10,40,1,0,0,1,0
1347972,2,2024,2024,3,6,8,2209,17,106,2205,0,1,2,-33.886188,151.194022,69,0,2,1,2,0,3,4,3,0,7,50,2,1192,1192,1,16,5,2,0,0,1,0
1347975,4,2024,2024,4,4,9,27,27,251,136,0,1,10,-33.766975,150.951552,7,0,2,1,1,0,0,0,2,2,7,60,2,9859,9859,8,10,40,1,0,1,0,0
1347978,4,2024,2024,3,0,10,283,27,129,702,0,1,2,-33.930632,151.072649,15,0,2,1,2,0,0,0,0,0,7,60,2,1192,1192,1,5,5,2,0,3,1,0
1347979,4,2024,2024,4,0,10,18,31,166,34609,0,1,1,-33.415491,149.579745,3,2,1,1,0,0,0,0,0,0,7,50,0,1220,1220,9,5,28,2,0,1,0,0
1347980,2,2023,2023,2,6,2,17,31,56,21,0,1,1,-33.861983,151.176347,32,0,2,0,0,0,0,0,1,0,7,40,1,1850,1463,5,17,40,1,0,0,1,0
1347983,4,2024,2024,3,5,10,43,22,57,34609,1,0,1,-32.984192,151.69222,37,0,2,0,2,0,0,0,0,0,7,50,0,4552,5151,8,16,40,1,0,1,0,0
1347984,4,2024,2024,4,3,10,7,27,168,34609,0,1,1,-33.701233,150.812177,7,0,2,1,2,0,0,0,0,0,7,50,0,9859,9859,1,5,5,2,0,1,1,0
1347985,1,2024,2024,3,5,4,475,31,532,75,0,1,10,-33.86918,151.21039,69,0,2,1,0,0,0,0,2,2,9,40,1,2040,2040,9,30,28,2,0,0,0,1
1347986,4,2024,2024,3,6,7,7,31,78,34609,0,1,1,-33.853341,151.008695,21,0,2,1,1,0,0,0,2,0,7,50,0,941,941,1,5,5,4,0,1,0,0
1347989,4,2024,2024,4,6,6,4,27,2,34609,0,1,1,-31.755193,151.079705,73,1,0,0,0,2,0,0,2,0,7,100,0,3775,3775,0,16,0,2,0,1,1,0
1347991,2,2023,2023,2,4,8,42,10,55,172,0,1,1,-32.855389,151.528584,17,2,1,1,1,0,0,0,2,0,7,80,2,83,83,5,5,40,2,0,0,1,0
1347992,2,2024,2024,3,4,11,36,27,290,55,0,1,9,-33.851946,150.971845,21,0,2,1,2,0,3,4,0,0,0,50,1,941,941,1,5,0,4,0,0,1,0
1347993,4,2024,2024,4,6,6,475,10,137,268,0,1,1,-33.904958,150.897812,24,0,2,1,1,0,3,4,2,0,7,60,2,14295,14295,3,16,5,2,0,1,0,0
1347995,4,2024,2024,3,3,6,168,10,100,260,0,1,2,-33.952174,151.160745,4,0,2,1,0,0,0,0,2,0,7,60,2,9859,9859,1,5,5,2,0,1,0,0
1347996,4,2024,2024,3,3,8,1,22,79,34609,0,1,9,-33.999219,150.728651,12,0,2,1,1,0,3,4,2,0,7,50,0,6545,6545,4,0,5,2,0,1,0,0
1347997,2,2024,2024,3,3,5,3371,17,90,3342,0,1,9,-28.233507,153.559942,72,2,1,1,1,0,0,0,2,0,0,50,2,323,323,1,5,36,2,0,0,1,0
1348000,4,2024,2024,3,5,7,1052,14,83,928,0,1,3,-33.51458,151.193059,16,1,2,0,0,0,0,0,2,0,7,100,2,4552,5151,8,5,40,1,0,1,0,0
1348001,1,2024,2024,3,4,4,103,27,176,167,0,1,9,-33.971651,151.136341,25,0,2,1,1,0,0,0,2,2,7,60,2,2040,2040,9,0,28,2,0,0,0,1
1348007,1,2024,2024,3,6,7,12,31,56,34609,1,2,1,-31.091014,152.824998,34,2,1,1,0,0,0,0,2,0,7,40,0,941,941,1,0,19,2,0,0,0,1
1348008,2,2024,2024,3,4,8,1104,14,44,962,0,1,3,-33.802696,150.893845,7,0,2,1,1,0,0,0,2,0,7,100,2,14295,14295,3,16,36,2,0,0,1,0
1348009,4,2024,2024,7,0,5,109,27,38,169,0,1,1,-32.814485,151.452046,17,2,1,0,1,0,0,0,2,0,7,60,2,3775,3775,0,5,13,2,0,1,1,0
1348010,2,2024,2024,3,4,6,11,1,56,13,0,1,10,-33.755746,150.785792,55,0,2,1,0,0,3,4,2,0,15,50,1,6545,6545,4,0,19,2,0,0,1,0
1348011,2,2024,2024,3,1,11,19,27,147,8,1,0,7,-33.746842,151.286188,50,0,2,1,2,0,0,3,0,0,0,50,1,2585,777,1,5,10,2,0,0,1,0
1348013,2,2024,2024,4,6,7,2126,17,75,2149,0,1,9,-33.70858,150.350884,8,2,2,1,1,0,3,3,2,0,15,70,2,775,775,4,5,13,2,0,0,2,0
1348014,4,2023,2023,2,0,9,177,22,210,176,0,1,2,-34.035095,151.112042,68,0,2,1,2,0,0,0,3,0,7,60,2,9859,9859,8,5,40,1,0,1,0,0
1348016,2,2024,2024,3,0,11,71,36,30,8,0,1,1,-30.477671,145.931089,51,1,0,1,0,0,0,0,0,0,7,110,2,945,945,5,0,40,1,0,0,1,0
1348018,2,2023,2023,2,4,7,77,31,163,69,0,1,10,-33.865795,151.105985,14,0,2,1,1,0,0,0,2,2,7,60,2,5929,5929,1,5,5,2,0,0,2,0
1348019,4,2024,2024,7,1,4,171,31,115,52,0,1,9,-33.9107,151.176452,32,0,2,1,0,0,0,0,2,0,0,50,1,1945,1945,5,22,40,1,0,1,0,0
1348022,4,2024,2024,3,6,5,4,27,155,34609,0,1,10,-33.486371,151.334809,16,2,2,1,0,0,0,0,2,0,0,50,0,6545,6545,4,33,27,2,0,1,0,0
1348023,4,2024,2024,7,3,2,20,27,243,34609,0,1,1,-33.961986,150.878636,41,0,2,1,2,0,0,0,0,0,7,50,0,9859,9859,1,5,8,2,0,1,0,0
1348024,2,2024,2024,7,1,9,93,10,58,13,0,1,2,-34.411329,150.886899,80,0,2,1,0,0,0,0,2,0,7,80,2,14295,14295,3,5,0,3,0,0,1,0
1348025,4,2024,2024,7,2,6,1,31,523,34609,0,1,1,-33.931043,150.913448,41,0,2,1,1,0,0,0,2,0,7,50,0,1981,1981,4,15,0,2,0,1,0,0
1348028,2,2024,2024,7,1,6,33,27,16,41,0,1,10,-33.745618,150.73739,55,0,2,1,1,0,0,0,2,2,7,50,1,2852,2852,4,19,5,2,0,0,1,0
1348030,4,2024,2024,7,1,8,109,36,8,108,0,1,9,-28.441689,153.489232,72,2,1,1,3,0,2,6,2,0,0,60,1,926,926,4,0,19,2,0,1,0,0
1348033,2,2024,2024,7,0,7,1,27,39,34609,0,1,1,-33.522813,150.837923,29,2,2,0,0,0,3,4,2,0,7,60,0,3775,3775,0,10,0,2,0,0,1,0
1348034,4,2024,2024,7,5,3,133,31,161,51,0,1,10,-33.884116,151.151939,32,0,2,1,1,0,0,0,2,2,7,50,1,5929,5929,1,5,27,2,0,1,0,0
1348035,2,2024,2024,7,6,7,41,27,8,69,0,1,1,-34.668759,149.779357,26,1,0,0,0,0,0,0,2,0,7,100,1,4552,5151,8,16,40,1,0,0,1,0
1348036,4,2024,2024,7,2,4,6,27,6,34609,0,1,1,-33.429594,150.811072,29,2,2,0,0,0,0,1,2,0,7,70,0,1850,1463,5,16,40,1,0,1,0,0
1348037,4,2024,2024,7,1,4,25,31,646,34609,0,1,9,-33.918285,151.035191,15,0,2,1,1,0,0,0,2,2,7,40,0,2040,2040,9,5,28,2,0,1,0,0
1348038,2,2024,2024,7,4,8,56,31,119,126,0,1,1,-32.755205,151.757133,57,2,1,1,1,0,0,0,2,0,7,60,2,14295,14295,3,10,5,3,0,0,1,0
1348044,2,2024,2024,7,4,8,2209,17,40,2205,0,1,1,-35.76965,150.14846,23,1,0,0,0,0,3,4,3,0,7,90,2,3775,3775,0,5,5,2,0,0,2,0
1348047,4,2024,2024,7,1,6,128,27,74,133,0,1,9,-33.769871,150.675595,55,0,2,1,1,0,0,0,2,2,7,40,2,5929,5929,1,0,13,2,0,1,0,0
1348053,2,2024,2024,7,3,8,6,10,66,34609,0,1,1,-33.71794,150.920993,7,0,2,1,0,0,0,0,2,0,7,50,0,340,340,9,5,28,2,0,0,1,0
1348060,4,2024,2024,7,0,8,20,31,135,101,0,1,10,-32.897362,151.736511,48,0,2,1,1,0,3,4,2,2,7,60,2,2040,2040,9,10,28,2,0,1,0,0
1348061,1,2024,2024,7,0,5,7,1,33,34609,0,1,1,-35.12205,147.321447,75,2,1,1,0,0,0,0,2,0,7,50,0,1945,1945,5,16,40,1,0,0,0,1
1348063,2,2024,2024,7,3,9,346,17,103,332,0,1,9,-28.81413,153.313372,39,2,1,1,2,0,3,4,0,0,15,60,2,4026,4026,8,5,40,1,0,0,1,0
1348067,2,2024,2024,7,5,11,17,10,39,34609,0,1,1,-32.876472,151.64946,48,0,2,1,2,0,0,0,0,0,7,50,0,2040,2040,9,5,28,2,0,0,1,0
1348071,2,2024,2024,7,6,5,512,17,7,441,0,1,1,-32.834926,148.908504,22,1,0,0,0,0,3,4,2,0,7,100,2,101,101,8,8,40,2,0,0,1,0
1348072,4,2024,2024,3,3,6,35,31,90,262,0,1,10,-32.919001,151.742867,48,0,2,1,1,0,0,0,2,2,7,60,2,6545,6545,4,5,0,3,0,2,0,0
1348075,2,2024,2024,7,2,9,30,27,32,39,0,1,1,-35.361509,149.307495,58,1,0,1,1,0,0,0,2,0,7,90,1,4026,4026,8,5,40,1,0,0,1,0
1348077,4,2024,2024,3,2,11,50,27,57,799,0,1,9,-33.89892,151.172829,32,0,2,1,2,0,0,0,0,2,7,50,2,2040,2040,9,5,28,2,0,1,0,0
1348078,1,2024,2024,7,4,11,1,7,243,34609,0,1,1,-33.942554,150.901771,41,0,2,1,2,0,0,0,0,0,7,50,0,4026,4026,1,5,0,2,0,0,0,1
1348079,2,2024,2024,7,5,6,13,31,166,34609,0,1,1,-33.420014,149.574458,3,2,1,1,1,0,0,0,2,0,7,50,0,941,941,1,5,5,2,0,0,1,0
1348081,2,2024,2024,7,6,7,1,27,194,34609,0,1,7,-30.491172,151.64506,1,2,1,1,0,0,0,0,2,0,7,50,0,256,256,4,5,5,2,0,0,1,0
1348082,4,2024,2024,7,2,6,2261,17,243,2252,0,1,2,-33.956337,150.892676,41,0,2,1,1,0,0,0,2,0,7,70,2,14295,14295,3,16,0,2,0,1,0,0
1348089,4,2024,2024,7,1,7,1,16,12,34609,0,1,9,-34.490282,150.772355,80,0,2,1,0,0,0,0,2,0,15,50,0,14295,14295,3,18,5,2,0,1,0,0
1348090,4,2023,2023,2,5,7,19,27,26,34609,0,1,1,-33.110358,151.505782,37,0,2,1,0,0,3,4,2,0,7,70,0,3775,3775,0,5,10,2,0,1,0,0
1348091,2,2023,2023,9,5,6,51,31,123,13,0,1,10,-33.837431,148.695752,51,2,1,1,1,0,0,0,2,0,0,50,1,6545,6545,4,5,0,2,0,0,1,0
1348092,4,2024,2024,7,0,8,1104,14,104,962,0,1,3,-33.834762,151.028605,54,0,2,1,0,0,0,0,2,0,7,90,2,14295,14295,3,34,5,4,0,1,1,0
1348094,4,2024,2024,7,6,5,220,14,78,220,0,1,3,-34.477032,150.828215,80,0,2,1,0,0,0,0,2,0,7,100,2,1282,1282,1,8,36,2,0,2,0,0
1348095,2,2024,2024,7,0,7,13,1,562,34609,0,1,1,-32.25176,148.639817,22,2,1,0,0,0,0,0,2,0,7,50,0,4552,5151,8,0,40,1,0,0,1,0
1348099,2,2024,2024,7,3,4,23,27,61,91,0,1,1,-35.238483,149.264555,58,2,1,0,0,0,0,0,2,0,7,80,2,1089,1089,7,16,40,1,0,0,1,0
1348106,1,2024,2024,3,1,1,80,31,204,187,0,1,10,-33.88415,151.12026,32,0,2,1,2,0,0,0,0,2,7,60,2,6545,6545,4,0,5,2,0,0,0,1
1348108,1,2024,2024,7,2,4,7,1,151,34609,0,1,1,-34.030319,150.853884,13,0,2,0,1,0,0,0,2,0,7,50,0,1109,397,1,9,5,2,0,0,0,2
1348116,4,2024,2024,7,1,9,24,27,57,36,0,1,1,-33.608732,150.98133,71,0,2,0,1,0,0,0,2,0,7,60,1,1981,1981,4,9,12,2,0,1,0,0
1348117,2,2024,2024,0,4,8,42,36,44,34609,0,1,9,-30.589388,152.998253,47,1,0,1,0,0,3,4,2,0,0,90,0,5929,5929,1,9,5,2,0,0,1,1
1348119,2,2024,2024,3,4,5,512,17,562,441,0,1,9,-32.253509,148.603166,22,2,1,1,0,0,0,0,2,0,0,60,2,5929,5929,1,0,0,2,0,0,1,0
1348122,4,2024,2024,0,5,7,3371,17,77,3342,0,1,9,-33.037253,151.659875,37,0,2,1,1,0,3,0,2,2,9,60,2,1220,1220,9,10,28,2,0,1,0,0
1348127,4,2024,2024,7,6,6,6,31,25,174,0,1,10,-32.846204,151.37814,17,2,1,0,1,0,3,0,2,0,0,60,2,1850,985,5,16,40,1,0,1,0,0
1348129,2,2024,2024,7,6,5,53,31,90,34609,0,1,2,-33.887013,151.247378,81,0,2,1,1,0,3,3,2,0,7,50,0,387,387,1,22,12,2,0,0,1,0
1348130,2,2024,2024,7,4,7,348,17,105,232,0,1,1,-32.602715,149.597796,44,2,1,1,1,0,0,0,2,0,7,50,2,14295,14295,3,10,0,2,0,0,1,0
1348137,1,2024,2024,3,2,1,24,27,6,31,0,1,1,-28.701099,153.017019,51,1,0,0,0,0,0,0,0,0,7,100,1,404,404,8,10,40,1,0,0,0,1
1348138,1,2024,2024,3,2,7,45,27,304,96,0,1,9,-33.910951,151.163973,32,0,2,1,1,0,0,0,2,0,9,60,2,2040,2040,9,5,28,2,0,0,0,1
1348139,4,2024,2024,7,5,5,2209,17,79,2205,0,1,7,-34.908705,150.602979,63,2,1,0,1,0,0,0,2,0,0,70,2,5929,5929,1,30,0,2,0,1,0,0
1348147,2,2023,2023,2,6,10,3371,17,63,3342,0,1,2,-33.262766,151.481133,16,2,2,1,2,0,3,4,0,0,7,70,2,14295,14295,3,5,0,2,0,0,1,0
1348151,4,2024,2024,3,6,4,101,10,49,121,0,1,2,-34.039296,151.139822,68,0,2,1,0,0,0,0,2,0,7,70,1,1981,1981,4,10,27,2,0,1,0,0
1348154,2,2024,2024,3,1,10,3,4,43,34609,0,1,1,-33.683801,151.294097,50,0,2,1,0,0,0,0,0,0,7,50,0,9859,9859,1,5,5,4,0,0,1,0
1348156,4,2023,2023,2,1,7,3371,17,54,3342,0,1,1,-33.226962,151.503007,16,2,2,1,1,0,0,0,2,0,7,60,2,14295,14295,3,16,13,2,0,1,0,0
1348159,2,2024,2024,7,5,8,123,1,253,34609,0,1,10,-33.954471,151.090991,25,0,2,1,1,0,0,0,2,0,15,50,0,6545,6545,4,0,5,2,0,0,1,0
1348160,4,2024,2024,7,1,4,59,10,89,34609,0,1,0,-33.903746,151.231005,59,0,2,0,0,0,0,0,2,0,7,30,0,1850,1463,5,22,40,1,0,1,0,0
1348161,2,2024,2024,7,3,7,16,31,246,12,0,1,1,-33.897094,151.198363,69,0,2,1,0,0,0,0,2,0,7,50,1,1282,1282,1,5,18,2,0,0,1,0
1348162,2,2024,2024,3,2,11,72,27,94,34609,0,1,10,-33.784147,150.782905,55,0,2,1,0,0,0,0,0,0,15,50,0,623,623,3,33,19,2,0,0,1,0
1348164,4,2024,2024,7,0,9,866,27,438,34609,0,1,9,-33.857191,151.02418,21,0,2,1,2,0,0,0,0,0,0,50,0,395,395,1,5,25,2,0,1,2,3
1348165,2,2023,2023,2,3,1,2,31,18,34609,0,1,1,-28.685677,153.614232,10,2,1,1,2,0,0,0,0,0,7,50,0,9859,9859,1,22,5,2,0,0,1,0
1348166,1,2024,2024,7,4,8,23,31,134,23,0,1,1,-33.897071,151.258793,76,0,2,1,1,0,0,0,2,0,7,50,1,387,387,1,22,0,2,0,0,0,1
1348167,2,2024,2024,7,2,4,224,27,102,321,0,1,9,-33.945577,151.196999,4,0,2,1,0,0,0,0,2,0,7,50,2,2852,2852,4,0,5,4,0,0,1,0
1348171,2,2024,2024,0,6,6,8,27,10,9,0,1,1,-30.760772,152.9673,47,1,0,0,0,0,0,0,2,0,7,100,1,3775,3775,0,0,0,2,0,0,1,1
1348173,2,2024,2024,7,0,6,14,31,82,34609,0,1,10,-33.822967,151.200928,49,0,2,1,1,0,0,0,2,0,0,50,0,6545,6545,4,5,18,2,0,0,1,0
1348174,2,2024,2024,7,0,4,76,27,69,148,0,1,1,-32.936244,151.73741,48,0,2,1,1,0,3,4,2,0,7,60,1,14295,14295,3,0,5,3,0,0,1,0
1348175,2,2024,2024,7,6,9,81,27,609,115,0,1,6,-33.794863,150.897534,7,0,2,1,0,0,0,0,2,0,0,60,2,1981,1981,4,0,5,2,0,0,2,0
1348177,2,2024,2024,7,0,4,2126,17,33,2149,0,1,2,-33.718469,150.431989,8,2,2,0,1,0,0,3,2,0,7,70,2,14295,14295,3,33,5,3,0,0,2,0
1348178,4,2024,2024,7,4,5,18,1,143,115,0,1,9,-33.706032,151.103652,31,0,2,1,2,0,0,0,2,2,7,50,1,1220,1220,9,0,28,8,0,1,0,0
1348180,4,2024,2024,4,0,11,2,1,112,34609,0,1,9,-33.43378,151.433283,16,2,2,1,2,0,0,0,0,0,7,50,0,9859,9859,1,5,13,2,0,1,0,0
1348186,2,2024,2024,7,3,4,42,27,52,34609,0,1,9,-33.902972,151.261052,76,0,2,1,3,0,0,0,2,0,15,50,0,5929,5929,1,5,27,2,0,0,1,0
1348187,4,2024,2024,7,2,7,3,27,8,34609,0,1,9,-32.748748,152.169403,57,2,1,1,0,0,0,0,2,0,7,50,0,5929,5929,1,0,0,2,0,1,0,0
1348192,2,2024,2024,4,4,8,67,27,56,68,0,1,9,-33.804198,151.204247,77,0,2,1,0,0,0,0,2,2,7,50,1,5929,5929,1,5,0,2,0,0,1,0
1348193,4,2024,2024,7,1,9,40,27,609,24,1,0,1,-33.772639,150.897695,7,0,2,1,0,0,0,0,2,0,9,50,1,2040,2040,9,0,28,2,0,1,0,0
1348198,4,2024,2024,7,3,4,171,23,99,34609,0,1,7,-33.892323,151.2731,76,0,2,0,1,0,0,0,2,0,0,40,0,1259,5151,8,22,40,1,0,1,0,0
1348207,2,2024,2024,7,6,6,2209,17,61,2205,0,1,10,-35.909233,150.081,23,2,1,1,1,0,0,0,2,2,7,50,2,6545,6545,4,5,5,2,0,0,1,0
1348209,1,2024,2024,3,4,6,38,1,49,34609,0,1,1,-34.046816,151.142296,68,0,2,1,1,0,3,4,2,0,7,50,0,9859,9859,1,0,0,2,0,0,0,1
1348215,2,2024,2024,7,6,3,64,27,278,284,0,1,9,-33.777384,151.05347,54,0,2,1,1,0,0,0,2,2,7,60,2,5929,5929,1,5,0,2,0,0,2,0
1348216,2,2024,2024,7,1,3,68,27,110,67,0,1,1,-33.778964,151.011227,54,0,2,1,0,0,0,0,2,0,7,60,1,1981,1981,4,0,5,2,0,0,1,0
1348223,2,2024,2024,7,4,10,115,27,81,114,0,1,9,-33.889362,151.25948,81,0,2,0,2,0,0,0,0,2,7,50,2,14295,14295,3,5,18,2,0,0,1,0
1348224,2,2024,2024,7,0,4,2,27,26,34609,0,1,1,-33.678805,150.604333,8,2,2,0,1,0,0,0,2,0,7,50,0,1957,4009,8,5,40,1,0,0,1,0
1348225,1,2024,2024,7,1,2,147,27,104,605,0,1,10,-33.830405,151.219489,49,0,2,1,2,0,0,0,1,2,7,60,2,6545,6545,4,10,0,2,0,0,0,1
1348226,4,2023,2023,10,6,5,57,27,9,75,0,1,9,-33.479365,151.29215,16,2,2,0,0,0,0,3,2,0,7,80,1,3775,3775,0,30,12,2,0,1,0,0
1348227,2,2024,2024,7,2,9,21,31,29,34609,0,1,1,-32.933549,151.77169,48,0,2,1,1,0,0,0,0,0,7,50,0,14295,14295,3,22,5,3,0,0,1,0
1348231,2,2024,2024,3,5,3,829,27,363,770,0,1,2,-33.809169,151.023556,54,0,2,1,1,0,0,0,1,0,7,60,2,14295,14295,3,9,12,3,0,0,1,0
1348233,2,2024,2024,7,5,8,15,31,228,34609,1,0,1,-34.747795,149.71104,26,2,1,1,1,0,0,0,2,0,7,50,0,1109,397,1,5,0,2,0,0,1,0
1348236,2,2024,2024,7,2,5,2126,17,55,2149,0,1,10,-33.79216,150.8715,7,0,2,1,1,0,0,0,2,2,7,80,2,2852,2852,4,0,36,2,0,0,2,0
1348240,2,2024,2024,7,1,2,78,31,106,157,0,1,1,-28.852071,153.046097,60,2,1,0,2,0,0,0,0,0,7,50,2,4552,5151,8,10,40,1,0,0,1,0
1348244,4,2024,2024,7,2,9,165,31,174,34609,0,1,9,-33.890768,151.202523,69,0,2,1,1,0,0,3,2,0,7,40,0,340,340,9,5,28,3,0,1,0,0
1348246,1,2024,2024,7,0,4,866,17,174,793,0,1,10,-33.873745,150.925745,24,0,2,1,1,0,0,0,2,2,7,70,2,1220,1220,9,0,28,2,0,0,0,1
1348249,2,2024,2024,7,2,5,44,31,135,34609,0,1,9,-32.908295,151.73991,48,0,2,1,1,0,0,0,2,0,0,50,0,256,256,4,0,27,2,0,0,1,0
1348250,4,2024,2024,7,2,7,15,10,14,34609,0,1,1,-33.535913,151.297844,16,2,2,0,0,0,0,0,2,0,7,80,0,4552,5151,8,16,40,1,0,1,0,0
1348251,4,2024,2024,4,6,7,1,27,239,34609,0,1,1,-34.043003,151.131737,68,0,2,1,0,0,2,6,2,0,7,50,0,4552,5151,8,5,40,1,0,2,0,0
1348255,2,2024,2024,7,3,9,15,27,70,34609,0,1,9,-33.976025,151.108143,25,0,2,1,2,0,0,0,0,0,7,50,0,9859,9859,1,34,36,3,0,0,1,0
1348259,2,2024,2024,3,5,4,3371,17,143,3342,0,1,9,-33.704576,151.098678,31,0,2,1,1,0,0,0,2,2,9,60,2,2040,2040,9,0,28,2,0,0,2,0
1348261,4,2024,2024,7,3,4,1,27,7,34609,0,1,1,-35.288566,147.314173,75,1,0,1,0,0,0,0,2,0,7,100,0,1089,1089,7,16,40,1,0,1,0,0
1348271,2,2024,2024,7,0,7,1,27,197,34609,0,1,1,-33.940491,151.076187,15,0,2,1,1,0,0,0,2,0,7,50,0,2040,2040,9,5,28,2,0,0,1,0
1348273,2,2024,2024,7,3,10,145,27,36,80,1,0,10,-33.882275,151.182334,69,0,2,1,2,0,0,0,0,2,7,40,2,3775,3775,0,0,0,2,0,0,1,0
1348275,2,2024,2024,7,3,10,69,31,646,563,0,1,6,-33.906399,151.040205,15,0,2,1,1,0,0,0,0,0,7,60,2,1945,1945,5,16,40,1,0,0,1,0
1348276,4,2024,2024,7,1,9,168,10,21,260,0,1,10,-33.951734,151.161299,4,0,2,1,1,0,0,0,2,2,7,60,2,14295,14295,3,16,36,2,0,1,0,0
1348278,2,2023,2023,2,0,1,46,27,109,39,0,1,9,-33.905366,151.144499,32,0,2,1,2,0,0,0,0,0,0,60,1,9859,9859,8,5,40,1,0,0,1,0
1348280,2,2024,2024,7,4,10,74,27,66,59,0,1,10,-34.478418,150.886734,80,0,2,1,2,0,3,4,0,2,7,60,2,6545,6545,4,5,5,2,0,0,1,1
1348282,2,2024,2024,3,6,6,92,31,179,34609,0,1,7,-31.911734,152.450519,43,2,1,1,1,0,0,0,2,0,0,50,0,1192,1192,1,5,27,2,0,0,1,0
1348286,2,2024,2024,7,0,10,89,17,59,34609,0,1,1,-34.337882,150.910028,80,0,2,1,2,0,0,0,0,0,7,60,0,591,591,1,22,19,2,0,0,1,0
1348288,4,2024,2024,0,1,6,481,17,8,483,0,1,9,-34.715425,146.785353,51,1,0,1,0,0,0,0,2,0,0,110,2,2852,2852,4,0,0,2,0,1,0,0
1348291,4,2023,2023,9,6,9,4,27,65,34609,1,0,9,-33.380563,151.375004,16,2,2,1,1,0,0,0,2,0,9,50,0,1945,1945,5,17,40,1,0,1,0,0
1348292,1,2024,2024,7,1,6,103,36,14,103,0,1,1,-32.302173,151.915937,43,1,0,0,0,0,0,0,2,0,7,90,1,1259,5151,8,5,40,2,0,0,0,1
1348295,4,2024,2024,7,3,10,42,31,36,34609,0,1,10,-32.963668,151.605127,37,0,2,1,2,0,0,0,0,0,15,40,0,368,368,9,0,28,2,0,1,0,0
1348298,2,2024,2024,7,5,3,14,22,82,605,0,1,2,-33.795127,151.253182,50,0,2,1,1,0,3,3,2,0,7,60,2,1282,1282,1,16,13,2,0,0,1,0
1348299,2,2024,2024,4,2,11,7,23,87,34609,0,1,9,-34.063342,151.153512,68,0,2,1,2,0,3,4,0,0,7,50,0,9859,9859,1,30,0,3,0,0,1,0
1348300,4,2024,2024,7,4,7,18,10,79,34609,0,1,10,-34.001133,150.739489,12,0,2,1,1,0,0,0,2,2,7,60,0,5929,5929,1,30,13,2,0,1,0,0
1348303,2,2024,2024,7,2,7,145,31,91,28,0,1,10,-33.96577,151.088915,25,0,2,0,0,0,0,0,2,0,9,50,1,926,926,4,5,5,2,0,0,1,0
1348305,2,2024,2024,0,6,5,3,31,523,34609,0,1,9,-33.912337,150.917915,41,0,2,1,1,0,0,0,2,0,7,50,0,941,941,1,5,0,3,0,0,1,1
1348306,2,2024,2024,7,6,9,32,27,4,34609,0,1,1,-34.693687,149.602423,26,1,0,1,0,0,0,0,3,0,7,100,0,945,945,5,5,40,1,0,0,1,0
1348307,2,2024,2024,7,1,9,3371,17,207,3342,0,1,1,-33.579111,151.18467,31,0,2,0,0,0,0,3,3,0,7,80,2,1850,1463,5,16,40,1,0,0,1,0
1348308,1,2024,2024,7,5,6,28,31,523,34609,0,1,9,-33.924392,150.926613,41,0,2,1,1,0,0,0,2,2,7,40,0,5929,5929,1,10,19,2,0,0,0,1
1348309,1,2024,2024,3,3,7,1104,14,223,962,0,1,3,-33.806238,150.921362,7,0,2,1,0,0,0,0,2,0,7,100,2,1383,1383,1,16,40,2,0,0,0,1
1348311,4,2024,2024,7,6,8,133,27,66,260,0,1,10,-32.923523,151.652011,37,0,2,1,0,0,0,0,2,2,7,70,2,5929,5929,1,0,19,2,0,1,0,0