Crash ID,Degree of crash - detailed,Reporting year,Year of crash,Month of crash,Day of week of crash,Two-hour intervals,Street of crash,Street type,Town,Route no.,School zone location,School zone active,Type of location,Latitude,Longitude,LGA,Urbanisation,Conurbation 1,Alignment,Street lighting,Road surface,Surface condition,Weather,Natural lighting,Signals operation,Other traffic control,Speed limit,Road classification,RUM - code,DCA - code,First impact type,Key TU type,Other TU type,No. of traffic units involved,No. killed,No. seriously injured,No. moderately injured,No. minor-other injured
1348314,4,2024,2024,7,4,7,54,27,61,49,0,1,1,-32.925173,151.73677,48,0,2,1,1,0,0,0,2,0,7,60,1,591,591,1,22,13,2,0,1,0,0
1348318,1,2023,2023,9,2,6,21,31,179,66,0,1,9,-31.905373,152.448965,43,2,1,1,0,0,0,0,2,0,9,60,1,14295,14295,3,5,40,2,0,0,0,1
1348322,2,2024,2024,7,6,10,3,25,136,76,0,1,9,-32.922375,151.71575,48,0,2,1,2,0,0,0,0,0,0,60,1,5929,5929,1,0,5,2,0,0,2,0
1348324,2,2024,2024,7,4,9,7,27,4,34609,0,1,9,-33.044863,151.582252,37,0,2,0,2,0,0,0,3,0,7,50,0,5929,5929,1,0,20,2,0,0,1,0
1348325,1,2024,2024,7,0,11,35,27,193,33,0,1,1,-33.785847,151.089162,61,0,2,1,2,0,0,0,0,0,7,60,1,3775,3775,0,5,5,2,0,0,0,1
1348326,4,2024,2024,7,0,4,5,31,50,34609,0,1,9,-33.511029,151.337561,16,2,2,1,1,0,0,0,2,0,0,50,0,2852,2852,4,0,5,2,0,1,0,0
1348335,2,2023,2023,10,5,6,829,27,124,770,0,1,2,-33.810151,151.031726,54,0,2,1,1,0,0,3,2,0,7,60,2,14295,14295,3,0,0,2,0,0,2,0
1348349,2,2024,2024,3,6,8,1104,14,609,962,0,1,3,-33.801595,150.878635,7,0,2,1,3,0,0,0,2,0,7,100,2,14295,14295,3,0,0,6,0,0,1,2
1348350,4,2024,2024,7,1,5,177,22,210,176,0,1,9,-34.03445,151.104227,68,0,2,1,3,0,0,0,2,1,7,60,2,301,301,4,5,5,2,0,1,0,0
1348352,2,2024,2024,7,5,7,22,10,69,34609,0,1,1,-33.776577,150.991062,54,0,2,1,3,0,0,0,2,0,7,50,0,9859,9859,8,0,40,1,0,0,1,0
1348355,4,2024,2024,7,5,8,72,27,43,34609,0,1,1,-33.6947,151.30948,50,0,2,0,0,0,0,0,2,0,7,50,0,4552,5151,1,5,5,2,0,1,0,0
1348358,2,2024,2024,7,1,7,3371,17,147,3342,0,1,9,-33.741068,151.138088,36,0,2,1,3,0,0,0,2,0,7,60,2,9859,9859,8,0,40,1,0,0,1,0
1348359,4,2024,2024,0,6,5,95,31,24,34609,0,1,1,-32.006091,151.959665,43,2,1,1,3,0,0,0,2,0,7,50,0,1282,1282,1,18,5,2,0,1,0,0
1348365,2,2024,2024,7,6,8,28,10,5,25,0,1,7,-31.93946,152.467988,43,2,1,1,3,0,0,0,2,0,0,70,1,14295,14295,3,10,0,2,0,0,1,0
1348369,1,2024,2024,0,0,9,18,1,112,165,0,1,2,-33.90388,151.21253,69,0,2,1,3,0,3,4,2,0,7,40,2,14295,14295,3,0,5,2,0,0,0,1
1348370,2,2024,2024,0,2,0,19,27,40,605,0,1,9,-33.800448,151.24696,50,0,2,0,3,0,3,4,0,0,15,60,2,4552,5151,8,5,40,1,0,0,1,0
1348377,2,2024,2024,0,2,4,48,27,21,62,0,1,1,-35.415753,148.12776,66,1,0,0,3,0,3,4,2,0,7,100,2,1259,5151,8,5,40,1,0,0,1,0
1348379,1,2023,2023,10,1,9,3,31,17,103,0,1,9,-28.595861,153.222989,39,2,1,1,3,0,0,0,2,0,0,50,1,144,144,1,10,0,2,0,0,0,1
1348380,4,2024,2024,7,0,8,1,25,5,34609,0,1,1,-33.399781,151.385086,16,2,2,0,0,2,3,4,3,0,7,50,0,404,404,8,16,40,1,0,1,0,0
1348384,1,2024,2024,0,4,9,280,10,237,240,0,1,1,-33.875053,150.965226,24,0,2,1,3,0,3,4,0,0,7,60,2,3775,3775,0,5,0,2,0,0,0,1
1348390,1,2024,2024,7,4,8,7,31,85,34609,0,1,10,-32.935115,151.724512,48,0,2,1,3,0,0,0,2,0,15,50,0,6545,6545,4,0,5,2,0,0,0,1
1348399,2,2024,2024,0,0,6,162,31,53,148,0,1,10,-32.927253,151.760823,48,0,2,1,3,0,3,4,2,2,7,50,1,14295,14295,3,0,5,2,0,0,1,0
1348400,2,2024,2024,7,2,4,59,31,73,46,0,1,1,-34.17696,150.614229,79,2,2,1,3,0,0,0,2,0,7,60,2,4026,4026,8,10,40,1,0,0,1,0
1348402,2,2024,2024,7,4,8,1104,11,532,770,0,1,2,-33.862711,151.20514,69,0,2,1,3,0,0,0,2,0,7,70,2,14295,14295,3,9,0,3,0,0,1,0
1348406,2,2024,2024,0,1,8,59,27,35,53,0,1,1,-34.173977,150.699139,79,2,2,0,3,0,3,0,2,0,7,80,1,1850,1463,5,10,40,1,0,0,1,0
1348407,2,2024,2024,0,2,9,106,27,76,106,0,1,10,-33.925894,150.853639,41,0,2,1,3,0,0,0,3,2,7,70,2,2852,2852,4,0,5,2,0,0,2,0
1348410,1,2024,2024,0,0,2,515,14,189,518,0,1,3,-33.942176,151.050053,15,0,2,1,3,0,3,4,1,0,7,100,2,1282,1282,1,29,5,2,0,0,0,1
1348414,1,2023,2023,11,3,8,11,27,29,25,0,1,9,-33.468164,151.430793,16,2,2,0,3,0,0,0,2,0,15,50,1,5929,5929,1,5,19,2,0,0,0,1
1348417,2,2024,2024,3,6,7,192,31,316,120,1,2,2,-33.914745,151.241694,59,0,2,1,1,0,0,0,2,0,7,40,2,9859,9859,8,0,40,1,0,0,1,0
1348421,2,2024,2024,0,4,6,72,27,72,56,0,1,9,-33.793845,151.065969,54,0,2,1,3,0,3,4,2,2,7,60,2,1669,1669,3,9,0,2,0,0,1,0
1348422,1,2024,2024,0,4,6,158,27,138,207,0,1,1,-33.868406,151.27069,81,0,2,1,3,0,3,4,2,0,7,50,2,9859,9859,8,5,40,1,0,0,0,1
1348426,1,2024,2024,0,2,7,45,3,36,331,0,1,1,-34.07067,150.701497,12,0,2,1,3,0,0,0,2,0,7,80,2,14295,14295,3,34,0,2,0,0,0,1
1348428,2,2024,2024,0,5,3,12,31,35,34609,0,1,10,-33.968939,151.237579,59,0,2,1,3,0,0,0,4,0,0,50,0,1192,1192,1,5,13,2,0,0,1,0
1348429,1,2024,2024,0,4,5,55,27,74,70,0,1,9,-33.722158,151.035111,31,0,2,1,3,0,3,4,2,2,7,60,2,1391,1391,1,0,12,2,0,0,0,1
1348434,1,2024,2024,0,4,6,2209,17,79,2205,0,1,7,-34.90846,150.603131,63,2,1,1,3,0,3,3,2,0,0,70,2,1192,1192,1,8,13,2,0,0,0,1
1348435,4,2024,2024,0,4,8,6,27,27,34609,0,1,7,-32.758122,151.604384,42,2,1,1,3,0,3,4,2,0,0,60,0,945,945,5,10,40,1,0,1,0,0
1348438,2,2024,2024,7,0,4,23,10,87,23,0,1,2,-33.927776,150.962251,41,0,2,1,3,0,0,3,2,0,7,60,1,14295,14295,3,10,12,2,0,0,1,0
1348439,2,2024,2024,0,5,7,829,27,124,770,1,0,2,-33.812599,151.043299,54,0,2,1,3,0,3,4,2,0,7,70,2,14295,14295,3,5,5,3,0,0,1,0
1348442,2,2024,2024,3,0,5,51,31,20,34609,0,1,1,-32.765999,151.525106,42,2,1,1,0,0,0,0,2,0,7,50,0,1282,1282,1,9,4,4,0,0,1,0
1348446,1,2024,2024,0,3,6,5,27,81,30,0,1,1,-33.876727,151.2613,81,0,2,0,3,0,0,0,2,0,7,50,1,1981,1981,4,10,0,2,0,0,0,1
1348447,1,2024,2024,0,5,5,8,1,99,34609,0,1,9,-33.888964,151.270449,76,0,2,1,3,0,0,0,2,0,9,40,0,14295,14295,3,0,13,3,0,0,0,1
1348448,4,2024,2024,0,0,3,20,31,131,60,1,0,10,-36.071774,146.925948,0,2,1,1,3,0,0,0,1,0,0,60,1,9859,9859,8,0,40,1,0,1,0,0
1348452,2,2024,2024,7,5,7,3,31,65,34609,0,1,9,-36.045701,146.986969,0,2,1,0,3,0,0,0,2,0,7,60,0,14295,14295,3,0,5,2,0,0,1,0
1348454,1,2024,2024,7,3,5,2126,17,9,2149,0,1,2,-33.715266,150.510571,8,2,2,0,3,0,0,0,2,0,7,80,2,14295,14295,3,0,13,2,0,0,0,1
1348460,1,2024,2024,0,4,7,20,27,62,31,0,1,9,-33.755751,151.263401,50,0,2,1,3,0,3,4,2,0,15,50,1,14295,14295,3,5,5,2,0,0,0,1
1348461,2,2024,2024,0,3,8,12,27,175,34609,0,1,9,-33.771708,151.087153,54,0,2,1,3,0,0,0,2,0,7,50,0,5929,5929,1,5,5,2,0,0,1,0
1348464,2,2024,2024,0,3,4,125,31,438,44,0,1,1,-33.844925,151.028733,21,0,2,1,3,0,0,0,2,0,7,60,1,14295,14295,3,5,5,2,0,0,1,0
1348468,2,2024,2024,7,5,8,515,14,294,518,0,1,3,-33.939194,150.921087,41,0,2,1,3,0,0,0,4,0,7,100,2,14295,14295,3,5,12,3,0,0,1,2
1348472,1,2024,2024,0,1,3,12,27,39,39,0,1,1,-33.598279,150.829009,29,2,2,1,3,0,0,0,2,0,7,80,2,14295,14295,3,10,13,3,0,0,0,1
1348473,2,2024,2024,7,1,8,7,31,13,91,0,1,9,-34.543139,149.394286,74,2,1,0,3,0,0,0,2,0,0,50,1,489,489,8,5,40,1,0,0,1,0
1348475,2,2024,2024,0,0,8,2209,17,19,2205,0,1,2,-34.803217,150.658168,63,1,0,0,3,0,3,4,3,0,7,100,2,4552,5151,8,5,40,1,0,0,1,0
1348480,2,2024,2024,3,4,10,68,31,76,100,0,1,9,-34.536343,150.391278,78,2,1,1,3,0,0,3,0,0,15,60,2,623,623,3,0,5,2,0,0,1,0
1348487,1,2024,2024,0,2,8,2126,17,445,2149,0,1,9,-33.852195,151.056353,21,0,2,1,3,0,0,0,2,0,7,60,2,6545,6545,4,5,0,2,0,0,0,1
1348489,4,2024,2024,0,0,0,37,23,443,78,0,1,1,-33.907088,151.059751,15,0,2,1,3,0,3,4,0,0,7,60,2,4026,4026,8,10,40,1,0,1,0,0
1348492,2,2024,2024,7,6,4,68,27,110,67,0,1,1,-33.780427,151.011149,54,0,2,1,3,0,0,0,2,0,7,60,1,1981,1981,4,5,0,2,0,0,2,0
1348493,2,2024,2024,0,2,10,334,17,7,308,0,1,1,-30.946592,151.405102,51,2,1,0,3,0,3,0,0,0,7,70,2,1259,5151,8,5,40,1,0,0,1,0
1348499,1,2024,2024,0,5,3,15,27,247,38,0,1,7,-33.827437,150.931853,21,0,2,1,3,0,0,0,2,0,0,60,2,14295,14295,3,5,0,2,0,0,0,1
1348502,1,2024,2024,0,4,4,111,27,57,233,0,1,9,-33.944112,151.226838,4,0,2,1,3,0,0,0,2,2,7,60,2,5929,5929,1,0,0,2,0,0,0,1
1348504,1,2024,2024,7,2,5,1,27,2,34609,0,1,1,-35.843761,147.657544,27,1,0,1,3,2,0,0,2,0,7,100,0,1945,1945,5,16,40,1,0,0,0,1
1348506,2,2024,2024,0,2,3,14,31,182,34609,0,1,10,-32.839661,151.3543,17,2,1,1,3,0,0,0,2,0,15,50,0,5929,5929,1,5,5,2,0,0,1,0
1348510,1,2024,2024,7,3,10,153,27,290,147,0,1,10,-33.949244,151.114593,4,0,2,1,3,0,0,0,0,2,7,60,2,14295,14295,3,5,19,2,0,0,0,1
1348511,1,2024,2024,0,5,3,15,31,143,38,0,1,10,-33.875226,151.097691,9,0,2,1,3,0,0,0,2,2,7,50,1,926,926,4,5,5,2,0,0,0,1
1348512,2,2024,2024,7,1,8,73,24,40,88,0,1,9,-33.780485,151.23795,50,0,2,1,0,0,0,0,2,0,7,60,2,2852,2852,4,30,0,2,0,0,1,0
1348515,1,2024,2024,7,1,6,61,31,41,45,0,1,1,-33.870348,150.984396,24,0,2,1,3,0,0,0,2,0,7,60,1,14295,14295,3,5,5,2,0,0,0,1
1348517,1,2024,2024,0,3,5,68,27,175,208,0,1,9,-33.770969,151.081141,54,0,2,1,3,0,0,0,2,2,7,60,2,14295,14295,3,0,5,2,0,0,0,1
1348518,1,2024,2024,0,6,2,191,27,33,208,1,0,1,-33.796828,151.093608,61,0,2,0,3,0,0,0,0,0,7,60,2,4552,5151,8,9,40,1,0,0,0,2
1348519,1,2024,2024,7,4,4,65,31,609,115,0,1,9,-33.770848,150.903547,7,0,2,1,3,0,0,0,2,2,7,60,2,150,150,4,5,13,2,0,0,0,1
1348521,1,2024,2024,7,1,4,1,31,179,34609,0,1,9,-33.759948,150.71579,55,0,2,1,3,0,0,0,2,0,7,50,0,5929,5929,1,5,5,2,0,0,0,1
1348525,4,2023,2023,9,4,6,171,1,57,104,0,1,9,-33.946104,151.223331,4,0,2,0,1,0,0,0,2,2,7,60,2,5929,5929,1,10,19,2,0,1,0,0
1348526,1,2023,2023,9,1,10,330,27,147,605,0,1,10,-33.749322,151.289693,50,0,2,1,2,0,0,0,0,2,9,60,2,2040,2040,9,0,28,2,0,0,0,1
1348529,2,2023,2023,11,5,1,916,17,105,917,0,1,9,-32.719721,151.527964,42,2,1,0,0,0,0,0,0,2,7,60,2,1259,5151,8,5,40,1,0,0,1,0
1348530,4,2023,2023,9,0,7,79,10,155,231,0,1,2,-33.482449,151.324297,16,2,2,0,1,0,0,0,2,0,7,60,2,14295,14295,3,16,25,2,0,1,0,0
1348531,4,2023,2023,9,6,3,34,27,38,117,0,1,2,-32.930948,151.691736,48,0,2,1,1,0,0,3,2,0,7,60,2,14295,14295,3,0,0,4,0,1,1,0
1348532,2,2023,2023,9,0,11,3,27,13,34609,0,1,1,-32.724264,151.566464,42,2,1,1,1,0,0,0,0,0,7,60,0,9859,9859,8,5,40,1,0,0,1,0
1348533,4,2023,2023,10,3,8,11,23,15,34609,0,1,1,-33.454645,151.315512,16,2,2,1,1,0,0,0,2,3,7,50,0,1669,1669,3,5,0,2,0,1,1,0
1348534,4,2023,2023,9,1,4,35,27,84,33,0,1,9,-33.779534,151.104112,61,0,2,1,0,0,0,0,2,0,7,60,1,5929,5929,1,5,19,2,0,1,0,0
1348537,4,2023,2023,9,5,2,500,27,80,160,0,1,1,-33.980372,150.898237,13,0,2,1,0,0,0,0,1,0,7,60,2,3775,3775,0,10,13,2,0,1,1,0
1348538,4,2023,2023,9,1,5,149,36,120,113,0,1,9,-32.207406,152.523646,43,2,1,1,1,0,0,0,2,0,7,60,1,2852,2852,4,5,25,2,0,1,1,0
1348539,2,2023,2023,9,6,8,19,27,25,34609,0,1,1,-32.890641,151.688672,48,0,2,0,1,0,0,0,2,0,7,50,0,2585,4009,1,5,5,2,0,0,1,0
1348541,4,2023,2023,9,4,7,9,27,9,34609,0,1,1,-32.670903,151.747381,57,2,1,0,0,0,0,0,2,0,7,80,0,3775,3775,0,10,13,2,0,2,0,0
1348542,2,2023,2023,9,6,6,3371,17,69,3342,0,1,9,-32.935822,151.749391,48,0,2,1,0,0,0,0,2,0,15,60,2,2852,2852,4,5,5,2,0,0,2,0
1348544,4,2023,2023,9,0,0,1052,14,149,928,0,1,3,-33.350475,151.363656,16,1,2,0,0,0,3,4,0,0,7,110,2,4552,5151,1,29,5,2,0,1,1,0
1348545,2,2023,2023,2,5,3,475,31,532,75,0,1,9,-33.877361,151.209394,69,0,2,1,1,0,0,3,2,0,7,40,1,1220,1220,9,0,28,2,0,0,1,0
1348546,4,2023,2023,10,3,7,154,27,293,244,0,1,9,-33.923136,151.05834,15,0,2,1,0,0,0,0,2,0,0,60,2,926,926,4,5,5,2,0,1,0,0
1348547,2,2023,2023,10,6,2,3371,17,65,3342,0,1,2,-30.412966,153.025258,19,1,0,1,2,0,0,0,0,0,7,110,2,237,162,8,0,40,1,0,0,2,0
1348548,2,2023,2023,9,1,8,7,27,13,6,0,1,1,-34.070638,150.681663,12,0,2,1,1,0,0,0,2,0,7,80,1,14295,14295,3,9,12,2,0,0,1,0
1348549,2,2023,2023,9,0,7,512,17,562,441,0,1,1,-32.254046,148.607088,22,2,1,1,0,0,3,4,2,0,7,60,2,14295,14295,3,10,13,2,0,0,1,1
1348551,4,2023,2023,9,5,7,308,14,54,311,0,1,3,-33.875368,150.84456,24,0,2,1,1,0,0,0,2,0,7,100,2,1383,1383,1,5,35,2,0,1,0,0
1348553,2,2023,2023,9,5,6,123,36,14,49,0,1,1,-30.445139,151.34902,51,1,0,0,0,0,0,0,2,0,7,100,1,4552,5151,8,10,40,1,0,0,1,0
1348554,4,2023,2023,10,4,10,19,31,149,34609,0,1,4,-33.817515,150.972857,21,0,2,0,2,0,0,0,0,0,7,50,0,3775,3775,0,0,36,2,0,1,1,0
1348555,4,2023,2023,2,5,3,77,10,73,331,0,1,1,-34.21176,150.606035,79,2,2,0,0,0,0,0,2,0,7,80,1,3775,3775,0,5,5,2,0,2,0,0
1348556,2,2023,2023,9,4,3,229,14,173,237,0,1,3,-33.787321,151.134524,61,0,2,1,0,0,0,0,2,0,7,100,2,1282,1282,1,5,0,3,0,0,3,0
1348559,4,2023,2023,2,0,9,59,27,5,69,0,1,1,-33.803461,149.792876,51,1,0,0,0,0,0,0,2,0,7,100,1,2585,4009,8,5,40,1,0,1,0,0
1348560,4,2023,2023,2,0,11,10,31,120,34609,0,1,1,-32.181959,152.512269,43,2,1,1,2,0,0,0,0,0,7,40,0,3775,3775,0,17,20,2,0,1,0,0
1348564,2,2023,2023,2,6,5,112,17,207,112,0,1,10,-31.953121,141.474048,51,2,1,1,1,0,0,0,2,0,0,50,2,6545,6545,4,5,13,2,0,0,1,0
1348565,4,2024,2024,4,4,5,114,27,21,65,0,1,1,-33.368486,151.160653,16,2,2,0,1,0,0,0,2,0,7,80,1,3775,3775,0,16,19,2,0,2,0,0
1348566,4,2023,2023,2,0,7,294,17,18,288,0,1,9,-35.12195,147.318116,75,2,1,1,1,0,3,4,2,0,0,80,2,926,926,4,5,13,2,0,1,0,0
1348568,4,2023,2023,2,2,11,3,27,6,34609,0,1,1,-30.567244,152.76933,47,1,0,0,0,2,3,4,0,0,7,100,0,782,957,5,5,40,1,0,1,1,0
1348570,4,2024,2024,4,2,0,86,27,8,42,0,1,1,-31.03272,152.73282,34,1,0,1,0,0,0,0,0,0,7,100,1,9859,9859,8,10,40,1,0,1,0,0
1348572,1,2024,2024,4,0,11,12,27,35,103,0,1,1,-32.097054,152.370732,43,2,1,0,2,0,0,0,0,0,7,60,1,2585,4009,8,10,40,1,0,0,0,1
1348573,2,2024,2024,4,1,7,31,27,304,34609,1,0,2,-33.914639,151.145889,32,0,2,1,1,0,3,4,2,0,9,50,0,2040,2040,9,30,28,2,0,0,1,0
1348576,4,2024,2024,4,3,8,73,24,65,88,0,1,1,-33.710869,151.275686,50,0,2,1,0,0,3,4,2,0,7,80,2,3775,3775,0,5,5,3,0,2,0,0
1348577,2,2024,2024,4,5,8,39,31,94,34609,0,1,10,-33.842703,151.046863,54,0,2,1,0,0,0,0,2,0,0,50,0,5929,5929,1,5,19,2,0,0,1,0
1348578,4,2024,2024,4,0,7,32,27,29,28,0,1,7,-33.914911,150.78606,41,0,2,1,2,0,0,0,2,0,0,80,1,14295,14295,3,0,13,3,0,1,0,0
1348579,2,2024,2024,4,4,11,5,10,194,34609,0,1,1,-30.5033,151.65141,1,2,1,1,2,0,0,0,0,0,7,50,0,1945,1945,5,17,40,1,0,0,1,0
1348580,4,2024,2024,4,4,8,103,36,17,66,0,1,1,-32.013622,152.258476,43,2,1,0,0,0,0,0,2,0,7,80,1,2585,4009,8,5,40,1,0,1,0,0
1348581,2,2024,2024,4,5,11,1,33,43,34609,0,1,1,-32.822644,151.868406,57,1,0,0,0,2,0,0,0,0,7,100,0,1957,4009,8,10,40,1,0,0,1,0
1348582,1,2023,2023,2,6,9,92,31,120,34609,0,1,10,-32.180853,152.511579,43,2,1,1,2,0,3,4,3,0,7,40,0,186,186,9,17,28,2,0,0,0,1
1348583,2,2024,2024,4,3,0,102,27,26,34609,0,1,1,-34.572746,150.84489,62,0,2,1,2,0,0,0,0,0,7,60,0,9859,9859,1,0,12,2,0,0,1,0
1348584,4,2024,2024,4,4,7,84,27,20,34609,0,1,7,-33.936222,150.847113,41,0,2,0,1,0,3,4,2,0,0,60,0,3775,3775,0,10,0,2,0,1,0,0
1348585,2,2024,2024,4,4,8,348,17,12,232,0,1,1,-32.649208,149.659957,44,1,0,0,0,0,0,0,2,0,7,100,2,1259,5151,8,10,40,1,0,0,1,0
1348586,4,2024,2024,4,0,11,10,27,84,34609,0,1,9,-31.103151,150.892682,70,2,1,1,2,0,0,0,0,0,0,50,0,9859,9859,8,34,40,1,0,1,0,0
1348587,1,2024,2024,4,5,6,80,27,316,50,1,0,9,-33.912501,151.237626,59,0,2,1,1,0,0,0,2,2,7,60,2,5929,5929,1,5,18,2,0,0,0,1
1348589,4,2024,2024,4,5,4,35,31,90,262,0,1,2,-32.91953,151.74621,48,0,2,1,0,0,0,3,2,0,7,60,2,4026,4026,1,10,0,4,0,1,0,0
1348592,4,2024,2024,4,5,7,5,31,117,34609,0,1,1,-28.168985,153.549466,72,2,1,0,0,0,0,0,2,0,7,50,0,3775,3775,0,5,13,2,0,2,0,0
1348593,2,2024,2024,4,6,9,92,27,55,63,0,1,1,-33.902862,151.084013,15,0,2,1,1,0,3,4,2,0,9,50,1,1220,1220,9,0,28,2,0,0,1,0
1348596,4,2024,2024,4,3,11,32,4,26,34609,0,1,1,-34.58803,150.849532,62,0,2,0,2,0,2,6,0,0,7,50,0,2585,4009,1,5,5,3,0,1,0,0
1348597,4,2024,2024,3,6,6,50,31,147,34609,0,1,1,-33.75197,151.284062,50,0,2,0,1,0,0,3,2,0,7,50,0,368,368,9,30,28,2,0,1,1,0
1348602,4,2024,2024,3,3,9,1,34,12,34609,0,1,1,-33.653358,150.610384,29,2,2,1,0,2,0,0,3,0,7,10,0,9859,9859,8,16,40,1,0,2,0,0
1348604,2,2024,2024,4,5,3,14,27,163,74,0,1,10,-33.853091,151.102853,14,0,2,1,0,0,0,0,2,0,15,50,1,591,591,1,22,5,2,0,0,1,0
1348607,2,2024,2024,4,4,0,1,27,19,34609,0,1,1,-34.78917,150.640816,63,2,1,1,0,0,0,0,0,0,7,70,0,4026,4026,8,5,40,1,0,0,1,0
1348608,2,2023,2023,2,1,2,1,18,21,34609,0,1,1,-31.578019,147.170343,51,1,0,1,0,0,0,0,0,0,7,100,0,945,945,5,16,40,1,0,0,2,0
1348609,2,2024,2024,3,0,6,149,10,346,702,0,1,9,-33.875423,151.067293,67,0,2,1,0,0,0,0,2,3,7,80,2,1383,1383,1,0,12,2,0,0,1,0
1348611,2,2024,2024,3,6,7,8,10,30,34609,0,1,10,-32.75576,151.633191,42,2,1,1,1,0,3,4,2,0,0,50,0,6545,6545,4,5,5,2,0,0,1,0
1348613,1,2024,2024,3,2,5,169,27,6,34609,0,1,1,-35.057232,147.741051,51,1,0,0,0,0,2,6,2,0,7,100,0,782,957,5,16,40,1,0,0,0,1
1348614,2,2024,2024,3,2,7,9,10,176,34609,0,1,1,-33.958093,151.144084,4,0,2,1,1,0,0,0,2,0,7,50,0,238,238,9,33,28,2,0,0,1,0
1348616,4,2023,2023,2,2,11,866,17,204,793,0,1,2,-33.901337,150.918688,24,0,2,1,2,0,0,0,0,0,7,70,2,14295,14295,3,16,36,3,0,1,1,0
1348617,2,2024,2024,3,5,4,35,10,17,34609,0,1,7,-28.922219,153.475955,2,2,1,0,0,0,0,0,2,0,0,60,0,6545,6545,4,0,0,2,0,0,1,0
1348620,2,2024,2024,3,1,7,2209,17,88,2205,0,1,2,-33.993808,151.115307,25,0,2,1,2,0,0,0,2,0,7,70,2,1945,1945,5,16,40,1,0,0,1,0
1348632,4,2023,2023,9,3,5,57,27,15,126,0,1,1,-32.759581,151.689922,42,1,0,1,1,0,0,0,2,0,7,90,2,9859,9859,8,5,40,1,0,1,1,0
1348633,4,2024,2024,3,2,8,5,27,13,34609,0,1,1,-35.103151,150.471367,63,2,1,0,0,2,3,0,2,0,7,60,0,1850,1463,5,16,40,1,0,1,0,0
1348635,4,2024,2024,3,4,6,118,17,5,118,0,1,1,-30.06698,148.957697,51,1,0,0,0,0,0,0,2,0,7,100,2,1850,1463,5,3,40,1,0,1,0,0
1348638,2,2024,2024,3,2,6,19,31,316,34609,0,1,10,-33.904962,151.243289,59,0,2,1,1,0,0,0,2,0,0,50,0,6545,6545,4,22,0,2,0,0,1,0
1348639,4,2024,2024,3,2,5,109,27,18,174,0,1,1,-32.991667,151.523764,37,0,2,0,0,0,0,0,2,0,7,80,2,1109,787,1,0,0,2,0,2,0,1
1348640,2,2024,2024,3,2,4,67,27,147,74,0,1,7,-33.864454,151.121689,14,0,2,1,1,0,0,0,2,0,0,50,1,1282,1282,1,0,27,2,0,0,1,0
1348649,2,2024,2024,3,1,8,346,17,12,332,0,1,1,-28.850782,152.916213,60,1,0,0,0,0,0,0,2,0,7,100,2,3775,3775,0,30,13,2,0,0,1,0
1348653,4,2024,2024,3,0,4,45,31,43,81,0,1,2,-32.174294,152.499044,43,2,1,1,1,0,0,0,2,0,7,50,2,340,340,9,10,28,2,0,1,0,0
1348654,4,2024,2024,3,1,8,2,1,65,34609,0,1,9,-36.044569,146.990069,0,2,1,1,1,0,0,0,2,0,0,60,0,2852,2852,4,9,19,2,0,1,0,0
1348656,2,2024,2024,3,0,3,2126,17,26,2149,0,1,2,-33.702488,150.577426,8,2,2,0,0,0,3,4,2,0,7,80,2,1957,4009,8,5,40,1,0,0,1,0
1348657,1,2024,2024,3,3,5,348,17,35,232,0,1,2,-30.020103,148.116912,51,2,1,1,0,0,0,0,2,0,7,40,2,186,186,9,17,28,2,0,0,0,2
1348660,2,2024,2024,3,4,4,132,31,77,126,0,1,1,-33.888069,151.194845,69,0,2,1,1,0,0,0,2,0,7,50,2,2040,2040,9,5,28,2,0,0,1,0
1348661,2,2024,2024,7,2,6,3,27,2,34609,0,1,1,-36.867643,149.690407,5,1,0,0,0,0,0,0,2,0,7,100,0,782,957,5,16,40,1,0,0,1,0
1348665,4,2024,2024,7,6,4,330,1,159,34609,0,1,7,-33.805166,151.094848,61,0,2,1,1,0,0,0,2,0,0,50,0,6545,6545,4,5,27,2,0,1,0,0
1348668,4,2023,2023,2,0,7,515,14,189,518,0,1,3,-33.942392,151.051682,15,0,2,1,1,0,0,0,2,0,7,100,2,4026,4026,8,8,40,1,0,1,0,0
1348671,4,2024,2024,3,2,7,135,17,131,136,0,1,7,-36.082129,146.909957,0,2,1,1,0,0,0,0,2,0,0,50,2,2040,2040,9,10,28,2,0,1,0,0
1348676,2,2024,2024,7,0,3,57,31,532,30,0,1,10,-33.878094,151.207429,69,0,2,1,2,0,0,0,2,2,9,40,1,2040,2040,9,0,28,2,0,0,1,0
1348680,2,2024,2024,7,4,3,10,27,9,34609,0,1,1,-35.138399,147.321834,75,2,1,1,0,0,0,0,1,0,7,70,0,3775,3775,0,10,5,2,0,0,1,0
1348683,2,2024,2024,7,1,8,265,10,445,563,0,1,9,-33.853421,151.040494,21,0,2,0,0,0,0,0,2,2,7,70,2,14295,14295,3,8,5,2,0,0,1,0
1348693,4,2024,2024,7,0,6,3371,17,131,3342,0,1,9,-33.78835,151.179593,77,0,2,1,0,0,3,0,2,0,7,60,2,186,186,9,18,28,2,0,1,0,0
1348694,4,2024,2024,7,3,1,3,27,15,34609,0,1,1,-34.004855,151.082414,68,0,2,0,2,0,0,0,0,0,7,50,0,4552,5151,1,5,0,2,0,1,1,0
1348696,2,2024,2024,7,0,8,79,10,43,231,0,1,9,-33.439365,151.328167,16,2,2,1,1,0,0,0,2,0,0,60,2,2852,2852,4,0,5,2,0,0,1,0