Crash ID,Degree of crash - detailed,Reporting year,Year of crash,Month of crash,Day of week of crash,Two-hour intervals,Street of crash,Street type,Town,Route no.,School zone location,School zone active,Type of location,Latitude,Longitude,LGA,Urbanisation,Conurbation 1,Alignment,Street lighting,Road surface,Surface condition,Weather,Natural lighting,Signals operation,Other traffic control,Speed limit,Road classification,RUM - code,DCA - code,First impact type,Key TU type,Other TU type,No. of traffic units involved,No. killed,No. seriously injured,No. moderately injured,No. minor-other injured
1348700,2,2024,2024,7,2,8,2,31,18,34609,0,1,9,-28.686503,153.613883,10,2,1,1,1,0,0,3,2,0,7,50,0,323,323,1,16,0,2,0,0,1,0
1348701,4,2024,2024,7,3,4,60,27,101,262,0,1,10,-32.894645,151.607099,37,0,2,1,0,0,0,0,2,2,7,80,2,1282,1282,1,10,19,2,0,1,1,0
1348702,4,2024,2024,7,1,4,59,27,38,53,0,1,9,-34.148349,150.721735,79,2,2,0,0,0,0,0,2,0,0,80,1,6545,6545,4,5,0,2,0,2,0,0
1348705,4,2024,2024,7,4,4,36,27,12,82,0,1,1,-35.380179,147.258086,75,1,0,0,0,0,0,0,2,0,7,100,1,2585,4009,8,5,40,1,0,1,0,0
1348712,2,2024,2024,3,4,7,14,31,16,6,0,1,7,-29.112411,153.426455,60,2,1,1,0,0,0,0,2,0,0,50,1,9859,9859,8,5,40,1,0,0,1,0
1348713,4,2024,2024,3,5,2,1104,14,223,962,0,1,3,-33.805116,150.913756,7,0,2,1,2,0,0,0,0,0,7,100,2,1282,1282,1,9,19,2,0,1,1,0
1348714,4,2024,2024,4,2,5,213,17,13,213,0,1,1,-29.570053,150.620786,51,1,0,0,0,0,0,0,2,0,7,100,2,4552,5151,8,0,40,1,0,1,0,0
1348719,4,2024,2024,3,3,11,137,27,4,39,0,1,1,-31.92637,151.237311,73,2,1,0,0,0,0,0,0,0,7,60,1,273,957,5,0,40,1,0,1,0,0
1348724,4,2023,2023,2,0,7,22,31,198,34609,0,1,1,-33.913005,151.101159,15,0,2,1,0,0,2,6,2,0,7,50,0,1282,1282,1,0,40,1,0,1,0,0
1348728,2,2024,2024,7,4,6,294,17,16,288,0,1,1,-34.616854,143.334193,51,1,0,1,0,0,0,0,2,0,7,110,2,9859,9859,8,0,40,1,0,0,1,0
1348729,2,2024,2024,7,0,8,27,10,197,2,0,1,1,-33.792045,151.15249,61,0,2,0,0,0,0,0,2,0,7,50,2,3775,3775,0,5,27,2,0,0,1,0
1348742,2,2024,2024,7,0,9,2261,17,70,2252,0,1,2,-34.734723,149.960345,26,1,0,0,0,0,0,0,2,0,7,110,2,1957,4009,1,5,10,2,0,0,1,2
1348743,4,2024,2024,0,0,7,294,17,215,288,0,1,10,-35.118842,147.368836,75,2,1,1,1,0,3,4,2,2,9,60,2,2040,2040,9,5,28,2,0,1,0,0
1348746,1,2024,2024,7,3,8,12,31,201,34609,1,0,1,-34.874607,150.598124,63,2,1,1,2,0,3,4,3,0,7,50,0,3775,3775,0,5,40,3,0,0,0,1
1348748,1,2024,2024,7,2,11,2261,17,346,2252,0,1,2,-33.885931,151.069621,67,0,2,0,2,0,0,0,0,0,9,60,2,14295,14295,3,5,5,2,0,0,0,1
1348749,4,2024,2024,7,4,3,73,31,175,34609,0,1,7,-33.766467,151.073941,54,0,2,1,0,0,0,0,2,0,0,50,0,6545,6545,4,0,0,2,0,1,0,0
1348751,2,2024,2024,4,6,8,1,31,96,34609,0,1,1,-33.392962,147.995388,51,2,1,1,0,0,0,0,2,0,7,50,0,4026,4026,8,5,40,1,0,0,2,0
1348752,1,2024,2024,7,0,5,229,14,98,237,0,1,3,-33.757373,151.056267,31,0,2,1,0,0,0,0,2,0,7,100,2,14295,14295,3,16,5,2,0,0,0,1
1348755,2,2023,2023,2,0,10,98,27,4,34609,0,1,1,-33.362686,151.497999,16,2,2,1,2,0,0,0,3,0,7,50,0,1981,1981,4,10,5,2,0,0,1,0
1348757,4,2024,2024,7,2,4,33,27,54,34609,0,1,1,-33.896069,151.224795,69,0,2,1,1,0,0,0,2,0,9,50,0,2040,2040,9,5,28,2,0,1,0,0
1348760,4,2024,2024,7,6,8,3371,17,57,3342,0,1,9,-33.66155,151.125856,31,0,2,1,1,0,0,3,2,0,7,80,2,2852,2852,4,5,5,2,0,1,0,0
1348761,4,2024,2024,7,1,2,500,27,293,799,1,0,1,-33.931857,151.054633,15,0,2,1,0,0,0,0,0,0,7,60,2,4026,4026,8,0,40,1,0,1,0,0
1348764,1,2024,2024,7,4,11,39,22,53,34609,0,1,1,-33.387311,151.437722,16,2,2,0,0,0,3,3,0,0,7,60,0,2585,4009,8,5,40,1,0,0,0,1
1348768,2,2024,2024,0,2,8,1,27,44,34609,0,1,1,-33.129462,147.261297,51,1,0,1,0,2,3,3,2,0,7,100,0,1945,1945,5,10,40,1,0,0,3,0
1348772,2,2024,2024,7,6,8,1,27,224,34609,0,1,9,-33.823435,151.244979,45,0,2,1,1,0,0,0,2,0,7,50,0,5929,5929,1,10,5,2,0,0,1,0
1348773,1,2023,2023,10,4,5,93,1,523,7,0,1,10,-33.924416,150.919672,41,0,2,1,0,0,0,0,2,0,15,50,1,312,312,2,19,40,1,0,0,0,1
1348776,1,2024,2024,3,6,3,78,27,11,5,0,1,1,-33.851774,151.129128,14,0,2,1,0,0,0,0,2,0,7,50,1,1945,1945,5,16,40,1,0,0,0,1
1348779,4,2024,2024,4,5,8,1104,14,223,962,0,1,3,-33.805421,150.915999,7,0,2,1,1,0,0,0,2,0,7,100,2,14295,14295,3,5,5,3,0,1,0,0
1348782,4,2024,2024,7,4,4,1,10,168,34609,0,1,1,-33.697673,150.810804,7,0,2,1,0,0,0,0,2,0,7,50,0,591,591,1,22,25,2,0,1,0,0
1348784,2,2024,2024,0,5,11,500,27,293,799,0,1,9,-33.932471,151.044852,15,0,2,1,2,0,0,0,0,2,7,60,2,926,926,4,16,13,2,0,0,1,0
1348788,2,2024,2024,7,1,6,361,23,79,165,0,1,9,-33.968523,151.124534,25,0,2,1,1,0,0,0,2,2,7,50,1,2040,2040,9,5,28,2,0,0,1,0
1348790,1,2024,2024,7,0,10,135,17,131,136,1,0,10,-36.075187,146.925289,0,2,1,1,2,0,0,0,0,2,7,60,2,5929,5929,1,10,5,2,0,0,0,1
1348793,4,2024,2024,4,4,6,2,27,8,34609,0,1,1,-34.307417,149.866359,74,1,0,1,0,2,3,4,2,0,7,100,0,404,404,8,16,40,1,0,1,0,0
1348799,1,2024,2024,0,5,9,31,31,218,34609,0,1,1,-33.763973,150.776462,55,0,2,1,1,0,3,0,3,0,9,40,0,591,591,1,17,5,2,0,0,0,1
1348800,4,2024,2024,0,3,1,27,27,251,136,0,1,9,-33.767884,150.94413,7,0,2,0,2,0,0,0,0,2,7,60,2,2585,4009,8,0,40,1,0,1,1,1
1348801,2,2024,2024,7,2,4,2261,17,204,2252,0,1,10,-33.889341,151.132333,32,0,2,0,0,0,0,0,2,2,9,60,2,1220,1220,9,30,28,2,0,0,1,0
1348804,4,2024,2024,4,1,3,5,27,16,3,0,1,1,-29.099354,153.42966,60,1,0,0,0,0,3,3,1,0,7,100,1,2585,4009,8,5,40,1,0,1,0,0
1348805,4,2024,2024,0,1,7,103,36,6,103,0,1,1,-32.595816,151.899072,43,1,0,1,0,0,0,0,2,0,7,90,1,323,323,1,0,5,2,0,1,0,0
1348809,2,2024,2024,7,6,7,3371,17,463,3342,0,1,2,-30.324866,153.083657,19,1,0,1,0,0,0,0,2,0,7,100,2,4026,4026,8,5,40,1,0,0,1,1
1348810,4,2024,2024,7,0,4,2261,17,18,2252,0,1,3,-34.050275,150.814604,13,0,2,0,1,0,0,0,2,0,7,110,2,1282,1282,1,0,0,3,0,1,0,1
1348812,4,2024,2024,7,4,5,118,17,15,118,0,1,1,-31.143734,150.291765,51,1,0,1,0,0,0,0,2,0,7,110,2,9859,9859,8,3,40,1,0,1,0,0
1348816,4,2024,2024,7,4,8,97,31,363,92,0,1,10,-33.820556,150.995905,54,0,2,1,1,0,0,0,2,0,0,60,1,5929,5929,1,5,27,2,0,1,0,0
1348818,2,2023,2023,7,1,3,6,27,29,147,0,1,7,-28.781659,153.580787,2,2,1,1,0,0,0,1,1,0,0,60,1,2852,2852,4,10,27,2,0,0,1,0
1348819,2,2024,2024,7,4,2,68,27,278,67,0,1,10,-33.767975,151.043402,54,0,2,1,2,0,0,0,1,2,7,60,1,6545,6545,4,5,0,2,0,0,1,0
1348821,4,2024,2024,0,1,4,33,10,69,34609,0,1,1,-28.523027,153.511355,10,1,0,0,0,0,0,0,2,0,7,100,0,3775,3775,0,5,0,2,0,2,0,0
1348825,4,2024,2024,7,0,6,12,31,252,75,1,0,9,-33.888593,151.206317,69,0,2,1,0,0,0,0,2,0,9,40,1,591,591,1,22,12,2,0,1,0,0
1348827,4,2024,2024,7,5,3,4,1,163,34609,0,1,10,-33.857194,151.108006,14,0,2,1,0,0,0,0,2,0,15,50,0,1220,1220,9,5,28,2,0,1,0,0
1348832,2,2024,2024,7,3,11,38,27,63,70,0,1,9,-33.737355,150.789982,7,0,2,1,2,0,0,0,0,0,7,70,1,5929,5929,1,5,0,2,0,0,1,0
1348834,2,2024,2024,0,5,4,2209,17,10,2205,0,1,1,-36.402353,149.868427,5,1,0,0,0,0,0,0,2,0,7,100,2,3775,3775,0,0,0,2,0,0,1,0
1348836,2,2024,2024,7,1,9,19,27,96,34609,0,1,1,-34.057044,150.832317,13,0,2,1,1,0,0,0,2,0,7,60,0,1669,1669,3,5,0,2,0,0,1,0
1348837,2,2024,2024,7,6,9,196,10,34,168,0,1,10,-33.974305,151.01704,15,0,2,0,1,0,0,0,2,0,15,60,2,1850,1463,5,16,40,1,0,0,1,0
1348842,1,2024,2024,7,0,6,2261,17,68,2252,0,1,2,-34.779446,148.715351,82,1,0,1,0,0,0,0,2,0,7,110,2,475,475,5,5,40,1,0,0,0,1
1348843,4,2024,2024,7,3,6,3,27,1,48,0,1,1,-32.564814,151.606804,51,2,1,0,0,0,0,0,2,0,7,80,1,4552,5151,8,16,40,1,0,1,0,0
1348844,2,2024,2024,7,4,3,162,31,91,172,0,1,9,-32.975214,151.646478,37,0,2,1,0,0,0,0,2,2,7,40,2,14295,14295,3,10,12,2,0,0,1,0
1348850,4,2024,2024,7,2,6,8,27,284,34609,0,1,1,-33.897438,151.020979,15,0,2,1,0,0,0,0,2,0,7,50,0,1282,1282,1,5,0,2,0,1,0,0
1348856,4,2024,2024,3,4,9,192,10,84,114,1,0,7,-33.469274,151.392365,16,2,2,1,1,0,0,0,2,0,0,60,2,395,395,1,19,0,2,0,1,0,0
1348870,4,2024,2024,0,2,9,38,27,8,45,0,1,9,-35.088424,150.557091,63,2,1,1,0,0,0,3,3,0,7,60,1,9859,9859,8,5,40,1,0,1,0,0
1348874,2,2024,2024,0,4,9,230,27,84,284,0,1,9,-33.779625,151.11064,61,0,2,1,2,0,3,4,3,0,0,70,2,1383,1383,1,0,0,2,0,0,1,0
1348876,2,2024,2024,7,0,4,1,1,40,34609,0,1,1,-33.791605,151.243581,50,0,2,1,1,0,0,0,2,0,7,50,0,248,248,1,0,0,2,0,0,1,0
1348878,2,2024,2024,0,4,3,15,27,82,34609,0,1,1,-31.05922,150.951542,70,2,1,1,0,0,0,3,1,0,7,80,0,1109,397,1,10,12,2,0,0,1,0
1348880,1,2024,2024,0,0,3,10,27,433,34609,0,1,1,-33.306884,149.07087,52,2,1,0,0,0,3,4,0,0,7,80,0,380,714,5,5,40,1,0,0,0,1
1348884,4,2024,2024,3,6,6,105,27,70,109,0,1,9,-33.885214,150.88482,24,0,2,1,1,0,0,0,2,0,7,60,1,2040,2040,9,0,28,2,0,1,0,0
1348890,2,2024,2024,0,5,4,4,31,107,34609,0,1,10,-29.679626,152.942893,18,2,1,1,1,0,0,0,2,0,0,50,0,6545,6545,4,0,5,2,0,0,2,0
1348894,2,2024,2024,7,0,4,1,27,48,34609,0,1,1,-32.73007,152.13626,57,2,1,1,0,0,0,0,2,0,7,50,0,1192,1192,1,0,27,2,0,0,1,0
1348897,2,2024,2024,0,5,11,3,27,2,34609,0,1,1,-34.858443,149.324272,74,1,0,1,0,2,0,0,0,0,7,100,0,4026,4026,8,5,40,1,0,0,1,0
1348898,2,2024,2024,7,2,9,3,10,179,34609,0,1,1,-31.898366,152.47091,43,2,1,0,2,0,0,0,2,0,7,50,0,1957,4009,8,5,40,1,0,0,1,0
1348901,1,2024,2024,0,4,5,15,23,646,34609,0,1,1,-33.919394,151.033575,15,0,2,1,0,0,0,0,2,0,7,40,0,144,144,1,5,5,2,0,0,0,1
1348908,2,2024,2024,7,3,5,2126,17,60,2149,0,1,1,-33.662537,150.277875,8,2,2,0,0,0,3,4,2,0,7,80,2,4552,5151,8,5,40,1,0,0,1,0
1348909,4,2024,2024,7,2,9,22,27,32,34609,0,1,1,-33.655308,151.001018,71,0,2,1,0,0,3,4,0,0,7,70,0,4026,4026,8,34,40,1,0,1,0,0
1348912,2,2023,2023,10,4,6,22,27,10,148,0,1,9,-30.540875,151.777988,1,1,0,0,0,0,0,0,2,0,0,100,2,2585,4009,8,9,40,1,0,0,1,0
1348914,4,2024,2024,0,5,7,27,27,19,39,0,1,1,-31.250937,151.130623,70,1,0,0,0,0,0,0,2,0,7,100,1,404,404,8,16,40,1,0,1,0,0
1348915,2,2024,2024,7,4,8,76,27,85,148,0,1,1,-32.934285,151.726097,48,0,2,1,1,0,0,0,2,0,7,60,1,340,340,9,9,28,2,0,0,1,0
1348917,2,2024,2024,0,2,5,8,31,48,62,0,1,10,-36.674282,149.843252,5,2,1,1,0,0,3,4,2,0,0,50,1,6545,6545,4,5,13,2,0,0,1,0
1348918,2,2024,2024,0,1,7,829,23,48,34609,0,1,1,-32.719837,152.146417,57,2,1,1,1,0,0,0,2,0,7,40,0,9859,9859,1,5,0,3,0,0,1,0
1348919,4,2024,2024,3,6,3,1,27,2,34609,0,1,1,-32.474628,151.772571,51,2,1,0,0,0,0,0,2,0,7,80,0,4552,5151,8,5,40,1,0,1,0,0
1348922,2,2024,2024,7,4,4,33,27,21,260,0,1,1,-33.034157,151.563577,37,0,2,0,0,0,0,0,2,0,7,80,2,14295,14295,3,5,36,2,0,0,2,0
1348926,1,2023,2023,2,2,6,8,27,15,34609,1,0,1,-34.001628,151.021622,68,0,2,1,1,0,0,0,2,0,7,60,0,121,121,9,19,28,2,0,0,0,1
1348928,4,2024,2024,7,5,7,232,36,40,331,0,1,10,-33.950795,150.845623,41,0,2,1,0,0,0,0,2,2,7,70,2,14295,14295,3,5,0,2,0,1,0,0
1348930,4,2024,2024,7,4,5,53,27,134,51,0,1,2,-33.514381,151.317901,16,2,2,1,1,0,0,0,2,0,7,60,1,9859,9859,8,5,40,1,0,1,0,0
1348931,1,2024,2024,0,5,8,4,31,41,34609,0,1,10,-33.909998,151.134741,15,0,2,0,1,0,0,0,2,0,15,50,0,14295,14295,3,5,12,2,0,0,0,2
1348935,4,2024,2024,0,6,7,1,10,20,34609,0,1,10,-35.983495,146.640053,51,2,1,1,1,0,0,0,2,0,0,50,0,380,777,5,16,40,1,0,1,0,0
1348938,4,2024,2024,0,1,10,344,27,88,163,0,1,9,-33.733981,150.849655,7,0,2,1,2,0,0,0,0,2,7,70,2,5929,5929,1,16,0,3,0,1,0,0
1348939,4,2024,2024,7,0,1,135,17,8,136,0,1,1,-36.100283,147.038896,0,2,1,0,2,0,0,0,0,0,7,80,2,2585,4009,8,5,40,1,0,1,0,2
1348940,4,2024,2024,3,4,10,204,27,246,34609,0,1,1,-33.91183,151.194163,69,0,2,1,2,0,0,0,0,0,7,50,0,1109,397,1,0,27,2,0,1,0,0
1348941,2,2024,2024,3,1,6,3,27,176,34609,0,1,0,-33.976721,151.137045,4,0,2,1,1,0,0,0,2,0,7,50,0,2040,2040,9,10,28,2,0,0,1,0
1348942,4,2024,2024,3,6,6,59,27,26,53,0,1,1,-34.108225,150.751637,13,0,2,0,1,0,0,0,2,0,7,80,2,3775,3775,0,10,5,2,0,2,1,0
1348944,2,2024,2024,0,2,6,109,27,44,169,0,1,1,-32.811093,151.427532,17,2,1,1,1,0,0,0,2,0,7,60,2,9859,9859,1,0,5,2,0,0,2,1
1348946,4,2023,2023,2,0,10,2209,17,157,2205,0,1,2,-34.02297,151.089457,68,0,2,1,0,0,3,0,0,0,7,70,2,1945,1945,5,16,40,1,0,1,0,0
1348947,2,2024,2024,3,4,5,3,31,70,34609,0,1,10,-32.733934,151.554293,42,2,1,1,0,0,0,0,2,2,7,40,0,6545,6545,4,10,0,2,0,0,2,0
1348948,4,2024,2024,0,6,11,1,10,74,34609,1,0,1,-34.033268,150.787359,12,0,2,1,2,0,0,0,0,0,7,50,0,9859,9859,1,5,35,2,0,1,0,0
1348949,4,2024,2024,7,1,10,2209,17,40,2205,0,1,9,-34.960594,150.599398,63,1,0,1,0,0,0,0,0,0,0,100,2,1850,777,5,16,40,1,0,1,0,0
1348955,2,2024,2024,7,3,10,283,27,197,702,0,1,2,-33.943687,151.077381,25,0,2,1,2,0,0,0,0,2,9,60,2,1383,1383,1,5,0,3,0,0,3,0
1348957,4,2024,2024,7,3,10,916,17,104,917,0,1,9,-32.824765,151.683817,48,0,2,1,2,0,0,0,0,2,7,80,2,926,926,4,0,5,2,0,1,0,0
1348959,2,2024,2024,0,5,9,55,31,166,34609,1,0,10,-33.895972,151.178087,32,0,2,1,2,0,0,0,3,0,7,50,0,387,387,1,22,12,2,0,0,1,0
1348961,1,2024,2024,7,0,4,13,27,173,11,0,1,10,-33.778448,151.125644,61,0,2,1,1,0,0,0,2,2,7,50,1,1669,1669,3,22,0,2,0,0,0,1
1348964,1,2024,2024,7,0,7,230,27,84,284,1,0,2,-33.771568,151.099733,61,0,2,1,1,0,0,0,2,0,0,70,2,14295,14295,3,5,5,2,0,0,0,1
1348966,4,2024,2024,7,5,2,2261,17,30,2252,0,1,3,-34.042845,150.820887,13,0,2,0,0,0,0,0,1,0,7,110,2,1282,1282,1,8,5,3,0,1,0,0
1348969,2,2024,2024,0,6,9,4,31,161,96,0,1,9,-33.889011,151.146985,32,0,2,1,2,0,0,0,0,2,7,50,2,2852,2852,4,5,5,2,0,0,1,1
1348974,1,2024,2024,7,0,8,117,1,239,121,0,1,2,-34.042843,151.120299,68,0,2,1,1,0,0,0,2,0,7,60,1,144,144,1,0,40,2,0,0,0,1
1348976,2,2023,2023,2,2,7,12,27,1,34609,0,1,1,-34.143254,149.583224,74,1,0,0,0,2,0,0,2,0,7,100,0,380,714,5,0,40,1,0,0,1,0
1348979,4,2024,2024,3,6,8,18,27,13,34609,0,1,1,-32.462031,152.092947,43,1,0,1,0,0,0,0,2,0,7,100,0,4026,4026,1,5,13,2,0,1,0,0
1348983,4,2024,2024,0,3,9,2209,17,106,2205,0,1,2,-34.568258,150.804169,62,0,2,1,2,0,0,0,0,0,7,70,2,591,591,1,22,0,2,0,1,0,0
1348984,4,2024,2024,7,6,4,19,31,9,34609,0,1,1,-31.087479,152.840451,34,2,1,1,1,0,0,0,2,0,7,50,1,14295,14295,3,5,13,2,0,1,1,0
1348985,2,2024,2024,7,4,7,55,10,112,47,0,1,9,-33.439371,151.428987,16,2,2,1,1,0,0,0,2,2,7,60,2,14295,14295,3,10,36,2,0,0,1,0
1348988,4,2024,2024,7,6,4,280,10,92,240,0,1,9,-33.876958,150.965672,24,0,2,1,1,0,0,0,2,2,7,60,2,5929,5929,1,5,19,2,0,1,0,0
1348990,2,2024,2024,7,2,5,3,31,316,34609,0,1,10,-33.912619,151.245164,59,0,2,1,0,0,0,0,2,0,15,50,0,6545,6545,4,5,0,2,0,0,1,0
1348992,4,2024,2024,0,2,5,22,27,29,173,0,1,9,-34.401854,150.880376,80,0,2,1,1,0,3,0,2,0,0,80,2,2852,2852,4,0,0,2,0,1,1,2
1348996,1,2024,2024,7,5,8,515,14,293,518,0,1,3,-33.94108,151.040673,15,0,2,1,0,0,0,0,2,0,7,100,2,1282,1282,1,5,5,2,0,0,0,1
1348997,2,2024,2024,0,4,5,110,27,167,40,0,1,9,-33.837569,151.061263,54,0,2,0,1,0,0,0,2,0,0,60,1,2852,2852,4,5,5,2,0,0,3,0
1348999,4,2024,2024,7,4,6,63,17,112,114,0,1,1,-33.460299,151.417137,16,2,2,1,0,0,0,0,2,0,7,70,2,9859,9859,1,5,0,2,0,1,0,0
1349000,2,2024,2024,7,6,10,77,27,25,100,0,1,1,-34.49327,150.410205,78,2,1,1,2,0,0,0,0,0,7,60,2,14295,14295,3,10,5,2,0,0,1,0
1349005,1,2024,2024,7,2,6,77,27,11,58,0,1,1,-34.784944,150.557639,63,2,1,0,0,0,0,0,2,0,7,60,2,1957,4009,8,22,40,1,0,0,0,1
1349009,2,2024,2024,0,2,7,2209,17,4,2205,0,1,1,-36.000431,150.105717,23,1,0,1,0,0,0,3,2,0,7,100,2,3775,3775,0,10,5,2,0,0,2,0
1349018,4,2023,2023,9,4,8,8,27,172,9,0,1,10,-32.784359,151.555645,42,2,1,1,1,0,0,0,2,0,15,60,1,926,926,4,16,0,2,0,1,0,0
1349020,2,2023,2023,9,2,5,26,31,171,34609,0,1,10,-33.807913,150.972109,21,0,2,1,1,0,0,0,2,1,7,50,0,9859,9859,8,0,40,1,0,0,1,0
1349021,4,2023,2023,9,6,9,2,27,2,34609,0,1,1,-29.349815,153.132781,18,1,0,1,0,2,0,0,3,0,7,100,0,9859,9859,8,0,40,1,0,1,0,0
1349022,2,2023,2023,9,0,11,6,31,204,34609,0,1,9,-33.894976,151.120745,32,0,2,1,2,0,0,0,0,0,7,50,0,9859,9859,1,0,5,2,0,0,1,0
1349029,4,2023,2023,9,1,9,192,31,316,120,1,0,1,-33.914256,151.2418,59,0,2,1,1,0,0,0,2,0,7,50,2,387,387,1,22,5,2,0,1,0,0
1349030,1,2023,2023,9,5,9,6,31,169,34609,0,1,9,-33.767022,150.832929,7,0,2,1,1,0,0,0,3,0,7,50,0,14295,14295,3,5,0,2,0,0,0,2
1349032,4,2023,2023,9,6,7,7,31,134,34609,1,2,1,-33.677568,150.867264,7,0,2,1,1,0,0,0,2,0,7,40,0,238,238,9,0,28,2,0,1,1,0
1349033,1,2023,2023,9,1,4,177,22,49,176,0,1,10,-34.047202,151.137213,68,0,2,1,3,0,0,0,2,0,7,70,2,1282,1282,1,5,5,2,0,0,0,2
1349034,4,2023,2023,9,3,7,128,27,61,133,0,1,1,-33.856111,150.64664,55,0,2,0,1,0,3,4,2,0,7,80,2,3775,3775,0,0,0,2,0,2,0,0
1349035,4,2023,2023,2,3,1,6,27,36,34609,0,1,9,-33.901268,148.169515,51,2,1,0,1,0,0,0,0,0,7,50,0,4552,5151,8,5,40,1,0,1,0,0
1349037,1,2023,2023,9,5,7,1052,27,104,262,0,1,9,-32.908478,151.700821,48,0,2,1,2,0,0,0,2,0,15,60,2,14295,14295,3,10,0,2,0,0,0,1
1349038,4,2023,2023,2,4,7,109,27,16,169,0,1,9,-32.820866,151.42055,17,2,1,1,0,0,0,6,2,0,7,80,2,1109,787,1,10,13,2,0,1,0,0
1349039,1,2023,2023,2,1,6,109,36,10,108,0,1,1,-28.390649,153.422224,72,1,0,0,0,0,0,0,2,0,7,90,1,3775,3775,0,10,0,2,0,0,0,2
1349040,2,2023,2023,2,2,2,1,31,31,34609,0,1,9,-35.084902,148.099134,20,2,1,1,0,0,0,0,1,0,7,50,0,9859,9859,8,5,40,1,0,0,1,0
1349041,1,2024,2024,4,1,4,1,18,29,34609,0,1,1,-30.718227,150.175297,51,1,0,1,0,2,0,0,2,0,7,100,0,945,945,5,10,40,1,0,0,0,1
1349042,4,2023,2023,2,2,5,485,27,24,769,0,1,9,-33.65952,150.876311,7,0,2,1,1,0,0,0,2,0,0,80,2,2852,2852,4,0,36,2,0,2,1,0
1349044,4,2024,2024,4,4,5,9,10,96,34609,0,1,1,-34.236741,150.729171,79,2,2,0,1,0,2,6,2,0,7,80,0,4552,5151,8,16,40,1,0,2,0,0
1349046,2,2024,2024,4,3,9,5,18,21,34609,0,1,9,-28.604574,153.556272,10,2,1,1,2,0,0,0,3,0,7,50,0,9859,9859,8,10,40,1,0,0,1,0
1349047,2,2023,2023,2,2,11,2,31,44,34609,0,1,1,-33.747064,150.730367,55,0,2,1,0,0,0,0,0,0,7,50,0,368,368,9,10,28,3,0,0,2,0
1349049,4,2023,2023,2,0,9,9,1,194,34609,0,1,1,-30.516061,151.643252,1,2,1,0,0,0,0,0,2,0,7,50,0,2585,4009,8,16,40,1,0,1,0,0
1349050,2,2024,2024,4,3,7,45,3,64,331,0,1,6,-34.03959,150.745094,12,0,2,0,0,0,3,4,2,0,7,100,2,1192,1192,1,21,0,2,0,0,1,1
1349051,2,2024,2024,4,3,8,175,27,609,220,0,1,9,-33.766105,150.912801,7,0,2,1,1,0,3,4,2,2,9,60,2,591,591,1,22,5,2,0,0,1,0
1349052,1,2023,2023,2,3,3,55,36,44,10,0,1,1,-32.723496,146.97276,51,2,1,1,0,0,0,0,1,0,7,80,1,4026,4026,8,10,40,1,0,0,0,1
1349053,1,2024,2024,4,0,10,2209,17,201,2205,0,1,10,-34.878951,150.604529,63,2,1,1,2,0,0,0,0,2,7,70,2,1669,1669,3,5,0,2,0,0,0,2
1349055,4,2024,2024,4,6,7,387,27,115,331,0,1,10,-33.961293,151.057969,25,0,2,1,1,0,0,0,2,2,7,60,2,5929,5929,1,5,0,2,0,2,0,0
1349058,4,2024,2024,3,1,4,16,2,168,34609,0,1,10,-33.695124,150.819053,7,0,2,1,3,0,0,0,2,0,15,50,0,926,926,4,0,0,2,0,1,0,0
1349059,2,2024,2024,3,3,6,255,31,4,34609,0,1,1,-31.015978,152.944587,34,2,1,1,1,0,0,0,2,0,7,50,0,941,941,1,10,36,2,0,0,1,0
1349060,2,2024,2024,3,4,8,95,27,17,605,0,1,9,-33.594747,151.319959,50,0,2,0,0,0,0,0,2,0,0,40,2,380,777,5,10,40,1,0,0,1,0
1349062,4,2023,2023,2,1,1,7,10,66,260,1,0,1,-32.92927,151.652782,37,0,2,0,3,0,2,6,0,0,7,60,2,4552,5151,1,5,0,3,0,1,0,0
1349064,2,2024,2024,4,5,4,86,27,12,65,0,1,1,-29.993304,152.709123,18,1,0,0,0,0,3,4,2,0,7,100,1,3775,3775,0,30,13,2,0,0,1,0
1349065,2,2024,2024,4,6,6,8,31,93,34609,0,1,1,-33.405683,149.598661,3,2,1,1,1,0,0,0,2,0,7,50,0,1669,1669,3,0,0,2,0,0,2,0
1349066,4,2023,2023,9,0,4,7,31,290,34609,0,1,1,-33.944628,151.128048,4,0,2,1,1,0,0,0,2,0,7,50,0,941,941,1,5,0,3,0,1,0,0
1349067,4,2024,2024,3,0,9,916,17,105,917,0,1,10,-32.713631,151.522857,42,2,1,1,1,0,0,0,2,2,7,60,2,5929,5929,1,0,13,2,0,1,0,0
1349068,4,2024,2024,4,0,4,112,27,29,769,0,1,1,-33.519558,150.617317,29,2,2,0,0,0,0,0,2,0,7,80,2,1259,5151,8,5,40,1,0,1,0,0
1349069,4,2024,2024,3,3,7,90,36,9,102,0,1,1,-34.499343,147.873224,20,2,1,0,0,0,0,0,2,0,7,60,2,4552,5151,8,16,40,1,0,1,0,0
1349070,4,2024,2024,4,5,10,5,27,1,34609,0,1,1,-32.93861,150.047451,40,1,0,0,0,0,0,0,3,0,7,100,0,1259,5151,8,10,40,1,0,1,0,0
1349071,2,2024,2024,4,6,5,2,18,6,34609,0,1,1,-33.800102,147.359401,51,1,0,1,0,2,3,0,2,0,7,100,0,1383,1383,1,16,19,2,0,0,1,1
1349072,2,2023,2023,9,1,5,2126,17,16,2149,0,1,2,-33.73257,150.487306,8,2,2,0,0,0,0,0,2,0,7,80,2,1850,1463,5,29,40,1,0,0,1,0
1349077,2,2024,2024,3,5,7,42,31,106,34609,0,1,10,-28.864196,153.043282,60,2,1,1,0,0,0,0,2,0,0,50,0,5929,5929,1,9,0,2,0,0,2,0