Crash ID,Degree of crash - detailed,Reporting year,Year of crash,Month of crash,Day of week of crash,Two-hour intervals,Street of crash,Street type,Town,Route no.,School zone location,School zone active,Type of location,Latitude,Longitude,LGA,Urbanisation,Conurbation 1,Alignment,Street lighting,Road surface,Surface condition,Weather,Natural lighting,Signals operation,Other traffic control,Speed limit,Road classification,RUM - code,DCA - code,First impact type,Key TU type,Other TU type,No. of traffic units involved,No. killed,No. seriously injured,No. moderately injured,No. minor-other injured
1349078,2,2024,2024,3,6,8,25,1,42,34609,0,1,1,-33.731977,151.273856,50,0,2,1,0,0,0,0,2,0,7,50,0,9859,9859,1,0,0,2,0,0,1,0
1349079,4,2024,2024,3,3,7,2126,17,166,2149,0,1,9,-33.418206,149.59112,3,2,1,1,1,0,0,0,2,2,7,70,2,4552,985,8,16,40,1,0,1,0,0
1349080,4,2024,2024,3,2,1,478,17,128,480,0,1,2,-33.427612,151.324801,16,2,2,1,2,0,0,0,0,0,7,70,2,9859,9859,8,5,40,1,0,1,0,0
1349081,1,2024,2024,3,3,9,14,31,204,34609,0,1,1,-33.940047,151.13295,4,0,2,1,1,0,0,0,2,0,7,50,0,1282,1282,1,5,5,2,0,0,0,1
1349082,4,2024,2024,3,2,7,1,10,121,84,0,1,2,-28.186575,153.539465,72,2,1,1,0,0,3,4,2,0,7,60,1,14295,14295,3,21,0,2,0,1,1,2
1349083,1,2024,2024,3,6,8,82,31,179,369,0,1,9,-33.755743,150.712464,55,0,2,1,1,0,0,0,2,0,15,70,2,14295,14295,3,5,0,3,0,0,0,1
1349084,2,2024,2024,3,1,4,2209,17,6,2205,0,1,1,-36.43702,149.847867,5,1,0,1,0,0,0,0,2,0,7,100,2,4026,4026,8,10,40,1,0,0,1,0
1349086,4,2023,2023,2,3,1,4,36,3,34609,0,1,1,-31.28819,152.532721,56,1,0,0,0,2,0,6,0,0,7,100,0,782,957,5,10,40,1,0,2,0,0
1349089,2,2024,2024,3,2,5,25,27,5,27,0,1,1,-34.375884,148.933961,30,1,0,0,0,0,0,0,2,0,7,100,1,1259,5151,8,16,40,1,0,0,1,0
1349090,2,2024,2024,3,5,9,1,27,5,34609,0,1,1,-32.543799,148.881516,22,2,1,0,0,0,0,0,2,0,7,80,0,3775,3775,0,29,5,2,0,0,1,0
1349091,4,2024,2024,3,3,4,12,31,29,34609,0,1,9,-33.984014,151.079003,25,0,2,1,1,0,0,0,2,0,7,50,0,1220,1220,9,5,28,2,0,1,0,0
1349093,2,2024,2024,3,0,10,3,27,6,34609,0,1,1,-34.38703,150.334851,78,1,0,1,0,2,3,4,0,0,7,100,0,9859,9859,8,0,40,1,0,0,1,0
1349094,2,2024,2024,3,4,6,866,27,201,44,0,1,7,-33.995505,150.873014,13,0,2,1,1,0,0,0,2,0,0,60,1,6545,6545,4,16,5,2,0,0,1,0
1349096,2,2024,2024,3,2,7,79,31,123,34609,0,1,9,-33.911375,151.225082,59,0,2,1,3,0,0,0,2,0,15,50,0,775,775,4,9,27,2,0,0,1,0
1349097,2,2024,2024,3,4,6,2,10,21,34609,0,1,1,-35.736652,150.20007,23,2,1,1,1,0,0,0,2,0,7,50,0,214,214,9,5,28,2,0,0,1,0
1349098,4,2024,2024,7,0,3,68,31,73,331,0,1,1,-34.188344,150.605378,79,2,2,1,0,0,0,3,1,0,7,60,1,1220,1220,9,5,28,2,0,1,0,0
1349101,2,2024,2024,7,5,10,191,27,22,68,0,1,10,-34.064253,150.80679,13,0,2,1,2,0,0,0,0,2,7,60,1,9859,9859,8,16,40,1,0,0,1,0
1349102,4,2024,2024,7,0,1,1104,14,71,962,0,1,3,-33.782256,150.688952,55,0,2,0,2,0,3,4,0,0,7,110,2,1850,1463,5,16,40,1,0,1,0,0
1349106,2,2024,2024,7,2,8,62,10,91,169,0,1,10,-32.813624,151.635647,48,0,2,1,2,0,0,3,2,2,7,60,2,926,926,4,5,13,2,0,0,1,0
1349110,2,2024,2024,3,4,9,21,1,123,25,0,1,7,-33.90968,151.220935,59,0,2,1,0,0,0,0,2,0,0,50,1,6545,6545,4,15,5,2,0,0,1,0
1349112,4,2024,2024,3,4,4,15,27,27,34609,0,1,9,-30.199365,153.145139,19,2,1,1,0,0,0,0,2,0,0,80,0,150,150,4,16,0,2,0,1,0,0
1349114,4,2024,2024,4,6,8,2261,17,35,2252,0,1,3,-34.192482,150.711713,79,1,2,1,0,0,3,4,2,0,7,110,2,9859,9859,8,5,40,1,0,1,0,0
1349115,2,2024,2024,7,6,8,26,31,166,34609,0,1,9,-33.425537,149.586344,3,2,1,1,1,0,0,0,2,0,7,60,0,14295,14295,3,0,0,2,0,0,1,1
1349119,4,2024,2024,7,0,6,2126,17,65,2149,0,1,2,-33.537096,150.160686,40,2,1,0,0,0,0,0,2,0,7,80,2,1850,1463,5,16,40,1,0,1,0,0
1349120,2,2024,2024,4,0,5,31,27,17,41,0,1,1,-33.702026,151.147784,36,0,2,0,0,0,0,0,2,0,7,50,1,5929,5929,1,10,27,2,0,0,1,0
1349125,2,2024,2024,4,5,0,8,1,346,144,0,1,1,-33.869549,151.092541,14,0,2,0,2,0,3,4,0,0,7,60,2,14295,14295,3,10,0,2,0,0,1,0
1349126,2,2024,2024,7,5,7,12,10,28,34609,0,1,1,-34.086637,150.79343,13,0,2,1,1,0,0,0,2,0,7,60,0,9859,9859,1,5,5,3,0,0,1,0
1349130,2,2024,2024,7,0,6,11,18,18,17,0,1,9,-30.955922,152.95069,34,1,0,1,1,0,3,4,2,0,7,100,1,2852,2852,4,10,40,2,0,0,2,3
1349132,4,2024,2024,7,4,5,10,31,149,34609,0,1,1,-33.996996,151.124686,25,0,2,1,1,0,0,0,2,0,7,50,0,9859,9859,1,5,13,2,0,1,0,0
1349136,2,2024,2024,7,5,4,191,27,370,68,0,1,1,-34.061303,150.810986,13,0,2,1,3,0,0,0,2,0,7,60,1,1981,1981,4,5,5,2,0,0,1,0
1349137,1,2024,2024,7,1,6,2,27,2,34609,0,1,1,-33.53482,150.236194,40,2,1,1,0,0,2,6,2,0,7,50,0,4026,4026,8,0,40,1,0,0,0,1
1349142,1,2024,2024,7,5,8,1,27,8,34609,0,1,1,-35.117568,149.756642,26,1,0,0,0,2,0,0,3,0,7,100,0,3775,3775,0,5,12,2,0,0,0,1
1349144,2,2024,2024,7,5,10,191,17,562,189,0,1,7,-32.241261,148.622258,22,2,1,1,2,0,0,0,0,0,0,60,2,6545,6545,4,10,5,2,0,0,1,0
1349150,2,2024,2024,4,0,9,3371,17,16,3342,0,1,2,-33.173196,151.609105,37,0,2,1,0,0,0,0,2,0,7,80,2,9859,9859,8,5,40,1,0,0,1,0
1349153,4,2024,2024,7,4,9,3371,17,137,3342,0,1,9,-32.969735,151.691888,37,0,2,0,2,0,0,3,0,2,7,60,2,3775,3775,0,0,5,6,0,2,4,0
1349155,1,2024,2024,7,2,7,7,27,3,8,0,1,1,-34.633879,148.283449,30,1,0,1,0,0,0,0,2,0,7,100,1,945,945,5,10,40,1,0,0,0,1
1349163,4,2024,2024,7,1,5,14,1,169,99,0,1,10,-33.900901,151.215126,69,0,2,0,1,0,0,0,2,2,7,50,2,1850,985,5,8,40,1,0,1,0,0
1349164,4,2024,2024,0,1,5,3371,17,28,3342,0,1,2,-31.834064,152.615693,43,1,0,1,3,0,0,0,2,0,7,100,2,1383,1383,1,0,5,2,0,1,0,0
1349166,4,2024,2024,7,2,3,3371,17,107,3342,0,1,9,-33.265442,151.455134,16,2,2,1,2,0,0,0,0,2,7,70,2,5929,5929,1,10,5,2,0,1,0,0
1349170,4,2024,2024,7,2,3,4,1,107,34609,1,0,1,-33.278953,151.446775,16,2,2,0,0,0,0,0,2,0,7,60,0,1259,5151,8,5,40,1,0,1,1,0
1349171,2,2024,2024,7,3,9,2,27,4,34609,0,1,1,-31.839436,152.098455,43,1,0,0,1,2,0,0,2,0,7,100,0,2585,4009,8,16,40,1,0,0,1,0
1349174,4,2024,2024,7,5,4,125,31,438,44,0,1,9,-33.849243,151.033359,21,0,2,1,1,0,0,0,2,2,7,50,1,9859,9859,8,0,40,1,0,1,0,0
1349177,2,2024,2024,0,4,4,125,27,43,144,0,1,1,-32.818918,151.843095,57,2,1,1,1,0,3,4,2,0,7,80,2,14295,14295,3,5,5,3,0,0,1,0
1349182,4,2024,2024,7,4,9,475,31,532,75,0,1,10,-33.878399,151.20927,69,0,2,1,2,0,0,0,0,2,7,40,1,5929,5929,1,5,19,2,0,1,0,0
1349183,2,2024,2024,7,6,3,9,27,204,34609,0,1,1,-33.93444,151.146217,4,0,2,1,2,0,0,0,1,0,7,50,0,238,238,9,34,28,2,0,0,1,0
1349186,2,2024,2024,7,4,0,19,27,47,24,0,1,1,-28.817529,153.442146,2,2,1,0,0,0,0,0,0,0,7,80,1,2585,4009,8,10,40,1,0,0,1,0
1349188,2,2024,2024,7,0,11,42,31,316,34609,0,1,9,-33.920682,151.235648,59,0,2,1,2,0,0,0,0,2,7,50,0,6545,6545,4,19,5,2,0,0,1,0
1349190,2,2024,2024,7,0,8,204,31,228,34609,0,1,10,-34.746118,149.722394,26,2,1,1,3,0,0,0,2,0,0,50,0,1669,1669,3,10,5,2,0,0,1,0
1349194,1,2024,2024,0,2,4,57,27,337,47,0,1,9,-33.733049,151.002651,71,0,2,1,3,0,0,0,2,2,7,60,2,5929,5929,1,0,5,2,0,0,0,2
1349196,4,2024,2024,7,0,5,2,27,7,34609,0,1,1,-34.723018,150.169154,26,2,1,1,1,2,0,0,2,0,7,60,0,4026,4026,8,16,40,1,0,1,0,0
1349197,2,2024,2024,0,5,6,4,27,15,34609,0,1,1,-33.548397,150.121191,40,2,1,0,0,0,3,3,2,0,7,80,0,1259,5151,8,10,40,1,0,0,1,0
1349202,2,2024,2024,7,1,5,12,23,33,34609,0,1,2,-34.070248,150.736692,12,0,2,1,1,0,0,6,2,0,7,50,0,1981,1981,4,0,5,2,0,0,1,0
1349203,4,2024,2024,7,0,2,57,31,38,169,0,1,10,-32.814737,151.46418,17,2,1,1,2,0,0,0,0,0,15,60,2,6545,6545,4,5,19,2,0,1,0,0
1349210,4,2024,2024,7,6,11,125,27,57,123,0,1,10,-33.328222,151.428372,16,2,2,1,2,0,0,0,0,2,7,70,2,2852,2852,4,5,0,2,0,1,0,0
1349213,4,2024,2024,3,3,8,84,10,39,80,0,1,9,-34.313839,150.926601,80,0,2,1,0,0,0,0,2,0,15,50,2,14295,14295,3,33,27,2,0,1,0,0
1349215,2,2024,2024,7,4,4,20,31,387,34609,0,1,1,-33.925062,151.192064,4,0,2,1,1,0,0,0,2,0,7,50,0,14295,14295,3,16,5,2,0,0,1,0
1349216,4,2024,2024,0,1,9,23,31,60,19,0,1,1,-33.75048,150.760256,55,0,2,0,2,0,0,0,3,0,7,60,1,3775,3775,0,0,5,2,0,1,1,0
1349221,2,2024,2024,0,4,3,265,17,215,193,0,1,2,-35.11452,147.345787,75,2,1,1,0,0,0,0,2,0,7,80,2,14295,14295,3,0,0,2,0,0,1,0
1349222,1,2024,2024,0,6,7,23,31,523,34609,1,0,10,-33.916288,150.93078,41,0,2,1,3,0,0,0,2,0,15,30,0,6545,6545,4,5,5,2,0,0,0,1
1349223,4,2024,2024,0,2,9,171,1,63,104,0,1,2,-33.939201,151.214154,4,0,2,0,1,0,0,0,2,0,7,70,2,14295,14295,3,16,25,2,0,1,0,0
1349224,1,2024,2024,0,4,3,48,10,7,34609,0,1,1,-31.406668,152.820419,56,2,1,1,3,0,0,0,2,0,14,80,0,14295,14295,3,0,0,2,0,0,0,1
1349225,2,2024,2024,0,4,6,98,27,609,220,0,1,9,-33.773557,150.914639,7,0,2,1,3,0,0,0,2,2,7,60,2,5929,5929,1,5,0,2,0,0,1,0
1349226,1,2024,2024,0,2,4,2209,17,77,2205,0,1,2,-33.924726,151.160741,32,0,2,1,3,0,0,0,2,0,7,60,2,941,941,1,10,0,2,0,0,0,1
1349229,2,2024,2024,0,3,4,485,27,337,769,0,1,9,-33.726102,150.973044,71,0,2,1,3,0,0,0,2,3,7,60,2,1383,1383,1,5,36,2,0,0,1,0
1349230,2,2024,2024,0,5,7,191,17,13,189,0,1,1,-32.414526,150.744791,46,1,0,0,3,0,0,0,2,0,7,100,2,4552,5151,8,5,40,1,0,0,1,0
1349231,2,2024,2024,0,0,5,40,31,219,262,0,1,9,-32.907067,151.668444,48,0,2,1,3,0,0,0,2,2,7,60,2,14295,14295,3,5,13,2,0,0,1,0
1349234,2,2024,2024,0,2,5,133,27,66,260,0,1,2,-32.924395,151.651604,37,0,2,1,3,0,0,3,2,0,7,70,2,14295,14295,3,5,5,2,0,0,1,0
1349235,2,2024,2024,7,6,7,133,17,9,121,0,1,1,-36.797933,149.282925,65,1,0,0,3,0,0,0,2,0,7,100,2,4552,5151,8,10,40,1,0,0,1,0
1349237,2,2024,2024,3,5,6,3,27,148,34609,0,1,9,-36.051177,146.922533,0,2,1,1,3,0,0,0,2,0,0,60,0,926,926,4,0,5,2,0,0,1,0
1349240,4,2024,2024,0,3,5,829,27,13,770,0,1,2,-33.808687,151.066921,54,0,2,1,3,0,0,0,2,0,0,70,2,1383,1383,1,5,5,3,0,1,0,0
1349246,1,2024,2024,0,4,6,22,31,237,45,0,1,9,-33.876711,150.963169,24,0,2,1,3,0,0,0,2,0,15,60,1,5929,5929,1,30,0,2,0,0,0,1
1349247,1,2024,2024,0,5,6,2261,17,187,2252,0,1,9,-33.888713,150.969588,24,0,2,0,3,0,0,0,2,2,7,70,2,14295,14295,3,8,5,2,0,0,0,1
1349249,2,2024,2024,0,3,7,829,27,125,770,0,1,9,-33.837066,151.130869,51,0,2,1,1,0,0,0,2,0,0,70,2,515,515,1,0,19,2,0,0,1,0
1349252,2,2024,2024,0,0,6,68,27,98,208,0,1,10,-33.754268,151.067474,31,0,2,1,3,0,0,0,2,0,15,60,2,150,150,4,5,5,2,0,0,2,0
1349253,1,2024,2024,7,6,2,177,31,65,208,0,1,10,-33.858883,150.916357,24,0,2,1,3,0,0,0,0,2,7,60,1,5929,5929,1,5,5,2,0,0,0,1
1349255,1,2024,2024,0,5,4,14,27,251,34609,1,0,9,-33.768872,150.937717,7,0,2,0,3,0,3,4,2,2,7,50,0,14295,14295,3,5,5,3,0,0,0,1
1349256,1,2024,2024,0,5,8,2126,17,62,2149,0,1,10,-33.887577,151.141745,32,0,2,1,3,0,0,0,2,2,7,60,2,14295,14295,3,5,19,2,0,0,0,1
1349258,4,2024,2024,0,5,5,1,1,33,34609,0,1,9,-33.80416,151.083318,61,0,2,1,3,0,0,0,2,0,7,50,0,4552,985,8,5,40,1,0,1,0,0
1349259,1,2024,2024,0,2,5,150,27,197,415,0,1,1,-33.792324,151.120609,61,0,2,1,3,0,0,0,2,0,7,70,2,14295,14295,3,5,5,2,0,0,0,1
1349263,4,2024,2024,0,4,8,220,27,46,222,0,1,2,-33.784992,150.97128,54,0,2,1,3,0,0,0,2,0,7,80,2,14295,14295,3,0,0,2,0,1,0,0
1349264,1,2024,2024,7,5,8,97,27,87,799,0,1,2,-33.928449,150.97079,41,0,2,0,3,0,0,0,2,0,7,70,2,14295,14295,3,0,12,2,0,0,0,1
1349266,1,2024,2024,7,4,4,515,14,271,518,0,1,3,-33.942661,151.000488,15,0,2,0,0,0,0,0,2,0,7,100,2,14295,14295,3,9,13,2,0,0,0,1
1349267,1,2024,2024,7,4,9,829,27,125,770,0,1,2,-33.83902,151.134537,51,0,2,1,3,0,0,0,0,0,7,70,2,14295,14295,3,0,5,3,0,0,0,1
1349268,4,2024,2024,7,0,10,330,27,31,102,0,1,2,-33.773112,151.268325,50,0,2,0,3,0,0,0,0,0,7,60,2,1850,1463,5,16,40,1,0,1,0,0
1349272,2,2024,2024,7,4,11,280,10,46,240,0,1,9,-33.882477,150.967402,24,0,2,0,3,0,3,4,0,2,7,60,2,14295,14295,3,5,5,2,0,0,1,0
1349273,2,2024,2024,0,0,8,9,27,57,34609,0,1,9,-32.987771,151.69598,37,0,2,0,3,0,0,0,4,0,0,60,0,1850,1463,5,16,40,1,0,0,1,0
1349275,2,2024,2024,0,5,6,829,27,149,770,0,1,2,-33.861293,151.165138,32,0,2,1,3,0,0,0,2,0,7,60,2,14295,14295,3,19,22,2,0,0,1,0
1349276,1,2024,2024,0,0,9,2,27,10,34609,0,1,1,-32.306098,149.438309,44,1,0,1,3,0,0,0,0,0,7,100,0,1945,1945,5,10,40,1,0,0,0,1
1349277,1,2024,2024,0,6,3,128,27,363,133,0,1,10,-33.760739,150.684208,55,0,2,1,3,0,0,0,1,2,7,60,2,14295,14295,3,10,5,2,0,0,0,1
1349278,1,2024,2024,0,4,9,2209,17,51,2205,0,1,1,-34.467779,150.828687,80,0,2,1,3,0,0,0,0,0,7,70,1,14295,14295,3,5,5,2,0,0,0,1
1349280,4,2024,2024,0,0,5,22,27,113,48,0,1,2,-34.339,150.878805,80,0,2,1,3,0,0,0,2,0,7,100,2,9859,9859,8,0,40,1,0,1,0,0
1349282,1,2024,2024,0,4,4,43,27,89,34609,0,1,9,-33.90463,151.232827,59,0,2,1,3,0,0,0,2,0,15,30,0,2040,2040,9,5,28,2,0,0,0,1
1349285,2,2024,2024,7,5,5,104,27,64,702,0,1,2,-33.887476,151.067732,15,0,2,0,3,0,0,0,2,0,7,70,2,1282,1282,1,8,5,2,0,0,1,0
1349287,1,2024,2024,0,3,7,67,27,165,78,0,1,1,-33.855541,151.147699,14,0,2,1,3,0,0,0,2,0,7,50,2,1282,1282,1,5,25,2,0,0,0,1
1349289,1,2024,2024,0,5,7,17,10,4,34609,0,1,7,-32.74937,152.068489,57,2,1,0,3,0,3,4,2,0,0,80,0,14295,14295,3,0,5,2,0,0,0,2
1349292,1,2024,2024,0,0,8,16,31,94,20,0,1,1,-33.777476,150.802414,55,0,2,1,3,0,0,0,2,0,7,60,1,5929,5929,1,21,5,3,0,0,0,1
1349293,1,2024,2024,0,6,8,204,31,252,34609,0,1,9,-33.889256,151.215143,69,0,2,1,3,0,0,0,3,0,7,40,0,395,395,1,5,27,2,0,0,0,1
1349295,1,2024,2024,0,4,8,40,31,14,24,0,1,1,-33.951894,151.223499,4,0,2,1,3,0,0,0,3,0,7,60,2,1981,1981,4,0,0,2,0,0,0,1
1349298,1,2024,2024,0,6,10,33,27,33,154,0,1,10,-33.772864,150.873945,7,0,2,0,3,0,3,4,0,2,7,60,1,6545,6545,4,0,0,2,0,0,0,1
1349299,2,2024,2024,7,4,4,149,27,52,198,0,1,1,-33.98171,150.991993,68,0,2,0,3,0,0,0,2,0,7,80,2,3775,3775,0,8,10,2,0,0,1,0
1349300,2,2024,2024,7,4,6,10,31,198,41,0,1,10,-33.9131,151.103967,15,0,2,1,3,0,0,0,2,3,7,40,1,941,941,1,5,5,2,0,0,1,0
1349303,2,2024,2024,0,1,4,515,14,197,518,0,1,3,-33.943343,151.076526,15,0,2,1,3,0,0,0,2,0,7,100,2,1391,1391,1,5,10,2,0,0,1,0
1349304,1,2024,2024,7,2,6,149,10,346,702,0,1,9,-33.875336,151.067266,67,0,2,1,3,0,0,0,2,2,7,80,2,14295,14295,3,8,5,2,0,0,0,2
1349305,1,2024,2024,0,2,7,2209,17,166,2205,0,1,10,-33.906654,151.181392,32,0,2,1,3,0,0,0,2,2,7,40,2,6545,6545,4,5,0,2,0,0,0,2
1349309,1,2024,2024,0,3,5,12,27,82,34609,0,1,1,-33.790165,151.265379,50,0,2,1,3,0,0,0,2,0,7,50,0,941,941,1,5,5,2,0,0,0,1
1349311,1,2024,2024,0,4,8,3,10,53,34609,0,1,10,-35.139884,149.334602,82,1,0,0,3,0,0,0,2,0,15,100,0,6545,6545,4,5,13,2,0,0,0,1
1349312,2,2024,2024,0,3,5,55,36,22,35,0,1,1,-32.876219,149.945944,44,1,0,0,3,2,0,0,2,0,7,90,1,380,714,5,5,40,1,0,0,1,0
1349315,1,2024,2024,7,6,6,2,31,198,34609,0,1,1,-33.921866,151.102764,15,0,2,1,3,0,0,0,2,0,7,50,0,941,941,1,9,18,2,0,0,0,1
1349317,1,2024,2024,0,2,5,265,10,445,563,0,1,10,-33.861557,151.042165,21,0,2,0,3,0,0,0,2,2,7,70,2,14295,14295,3,8,12,3,0,0,0,1
1349318,1,2024,2024,3,4,10,2,31,162,34609,0,1,1,-33.852136,150.891099,24,0,2,1,3,0,0,0,0,0,7,50,0,1981,1981,4,5,5,3,0,0,0,1
1349319,1,2024,2024,0,2,9,22,27,160,260,0,1,9,-33.11828,151.466011,37,0,2,1,3,0,0,0,0,0,7,60,2,5929,5929,1,5,5,2,0,0,0,1
1349323,2,2024,2024,7,5,5,2,31,67,34609,0,1,1,-33.8721,150.899397,24,0,2,0,3,0,0,0,2,0,7,50,0,1957,4009,8,5,40,1,0,0,1,0
1349337,1,2024,2024,0,3,10,178,31,143,34609,0,1,10,-33.878912,151.103385,9,0,2,1,3,0,0,0,0,3,16,40,0,387,387,1,5,5,2,0,0,0,1
1349340,2,2024,2024,0,0,6,3371,17,40,3342,0,1,2,-33.817234,151.17973,38,0,2,0,1,0,0,0,2,0,7,60,2,4552,5151,1,10,12,4,0,0,1,0
1349341,1,2024,2024,3,5,5,7,10,169,34609,0,1,1,-28.637211,153.581802,10,2,1,1,3,0,0,0,2,0,7,50,0,1981,1981,4,10,27,2,0,0,0,1
1349350,2,2024,2024,7,1,9,177,22,70,176,0,1,10,-34.033,151.089167,68,0,2,1,1,0,0,0,3,2,7,60,2,14295,14295,3,10,0,3,0,0,1,0
1349358,2,2024,2024,7,6,5,71,17,5,71,0,1,1,-35.048263,144.777219,51,1,0,1,3,0,0,0,2,0,7,110,2,945,945,5,0,40,1,0,0,1,0
1349361,2,2024,2024,7,3,9,3371,17,44,3342,0,1,2,-28.839874,153.525954,2,1,0,1,0,0,3,4,2,0,7,110,2,9859,9859,8,5,40,1,0,0,1,0
1349363,1,2024,2024,7,6,5,6,31,179,34609,0,1,9,-33.758936,150.716119,55,0,2,1,0,0,0,0,2,0,7,50,0,2852,2852,4,5,0,2,0,0,0,1
1349364,4,2024,2024,7,6,5,39,31,290,34609,1,0,1,-33.860032,150.999539,21,0,2,1,1,0,0,0,2,0,7,50,0,1945,1945,5,15,40,1,0,1,0,0
1349369,1,2024,2024,7,1,7,500,27,106,799,1,2,9,-33.924148,151.091089,15,0,2,1,1,0,0,0,2,2,7,40,2,5929,5929,1,5,19,2,0,0,0,1
1349371,4,2024,2024,0,1,4,12,27,39,34609,0,1,7,-34.040847,150.760094,12,0,2,1,0,0,0,0,2,0,0,50,0,1945,1945,5,16,40,1,0,1,0,0
1349374,1,2024,2024,7,0,9,50,27,166,799,0,1,10,-33.898552,151.176419,32,0,2,1,2,0,0,0,0,2,7,40,2,5929,5929,1,5,18,2,0,0,0,1
1349378,2,2024,2024,0,1,6,481,17,77,483,0,1,9,-30.22402,149.810259,51,1,0,1,1,0,0,0,2,0,0,110,2,3775,3775,0,30,2,2,0,0,1,0
1349380,1,2024,2024,0,1,11,15,31,64,34609,0,1,9,-34.384518,150.894755,80,0,2,1,2,0,0,0,0,0,15,60,0,9859,9859,8,5,40,1,0,0,0,1
1349382,2,2024,2024,0,3,9,31,27,79,33,0,1,1,-33.584969,150.712349,29,2,2,1,2,0,0,0,0,0,7,60,1,9859,9859,1,5,13,2,0,0,1,0
1349383,2,2024,2024,3,5,3,3371,17,77,3342,0,1,2,-33.035249,151.660885,37,0,2,1,0,0,0,0,2,0,7,50,2,3775,3775,0,10,0,2,0,0,1,0
1349384,4,2024,2024,7,4,10,1,25,40,34609,0,1,9,-34.019646,151.118651,68,0,2,1,0,0,0,0,0,0,7,50,0,340,340,9,5,28,2,0,1,0,0
1349387,2,2024,2024,0,2,10,3,31,53,34609,1,0,1,-33.80047,151.045807,54,0,2,1,2,0,0,0,0,0,7,50,0,9859,9859,1,5,0,2,0,0,1,0
1349394,2,2024,2024,0,5,6,47,27,111,34609,0,1,9,-33.711061,150.859034,7,0,2,1,0,0,0,0,2,0,7,60,0,623,623,3,5,40,2,0,0,1,1
1349395,4,2024,2024,0,6,8,36,27,106,35,0,1,9,-33.891538,151.172562,32,0,2,1,1,0,0,0,2,2,7,50,1,5929,5929,1,0,0,2,0,1,0,0
1349401,4,2024,2024,3,6,7,86,27,8,65,0,1,1,-29.85093,152.864422,18,1,0,1,0,0,0,0,2,0,7,100,1,1945,1945,5,16,40,1,0,1,0,0
1349402,4,2024,2024,3,1,10,5,31,293,34609,1,0,1,-33.927153,151.054324,15,0,2,1,2,0,0,0,0,0,7,50,0,9859,9859,1,15,5,2,0,1,0,0
1349412,1,2024,2024,0,5,4,103,27,176,167,0,1,9,-33.971651,151.136341,4,0,2,1,1,0,0,0,2,2,9,60,2,2040,2040,9,0,28,2,0,0,0,1
1349416,2,2024,2024,7,2,6,149,10,346,702,0,1,2,-33.879786,151.068626,67,0,2,1,0,0,0,0,2,0,7,80,2,14295,14295,3,8,5,5,0,0,1,0
1349418,1,2024,2024,7,5,8,30,1,55,34609,0,1,1,-33.892098,151.283362,76,0,2,1,0,0,0,0,2,0,7,50,0,1981,1981,4,9,18,2,0,0,0,1
1349419,2,2024,2024,7,5,8,3371,17,10,3342,0,1,2,-30.335364,153.080136,19,1,0,1,1,0,0,0,2,0,0,100,2,1981,1981,4,8,5,2,0,0,1,0
1349423,2,2024,2024,0,5,8,8,31,77,34609,0,1,10,-32.566084,151.184681,64,2,1,1,0,0,0,0,2,0,0,50,0,6545,6545,4,5,0,3,0,0,1,0
1349427,4,2024,2024,0,5,6,83,31,523,34609,0,1,1,-33.923192,150.921132,41,0,2,1,0,0,0,0,2,0,7,50,0,238,238,9,5,26,2,0,1,0,0
1349430,2,2024,2024,7,2,10,6,31,106,34609,0,1,1,-28.840875,153.040582,60,2,1,1,2,0,0,0,0,0,7,50,0,14295,14295,3,0,5,2,0,0,1,0
1349433,4,2023,2023,9,4,8,19,27,36,19,0,1,1,-33.409799,151.217535,16,1,2,0,0,0,3,4,2,0,7,100,1,4552,5151,8,5,40,1,0,1,0,0
1349434,4,2023,2023,9,6,8,51,27,57,34609,0,1,9,-34.568687,150.822566,62,0,2,1,1,0,3,4,2,0,7,50,0,14295,14295,3,16,5,2,0,1,1,0
1349438,2,2024,2024,7,5,6,43,27,56,87,0,1,2,-34.445266,150.876514,80,0,2,1,1,0,0,0,2,0,7,80,2,14295,14295,3,10,13,3,0,0,1,0
1349439,2,2024,2024,0,4,5,163,27,73,165,0,1,9,-33.750724,150.802024,7,0,2,1,1,0,0,0,2,2,7,60,1,2852,2852,4,5,13,2,0,0,2,0
1349442,1,2024,2024,0,3,4,8,10,101,9,0,1,9,-32.897006,151.597216,37,0,2,0,0,0,0,0,2,0,7,80,1,3775,3775,0,33,13,2,0,0,0,1
1349443,2,2024,2024,0,0,8,36,1,53,34609,0,1,1,-33.92297,150.84501,41,0,2,1,0,0,0,0,2,0,7,60,0,9859,9859,8,0,40,1,0,0,1,0
1349446,1,2024,2024,7,1,3,3371,17,463,3342,0,1,1,-30.300662,153.110723,19,2,1,0,2,0,0,0,2,0,7,60,2,14295,14295,3,8,12,2,0,0,0,1
1349447,2,2024,2024,7,2,6,204,31,169,9,0,1,9,-33.899012,151.211387,69,0,2,1,0,0,0,0,2,3,7,50,1,1282,1282,1,5,27,2,0,0,1,0
1349449,4,2024,2024,0,0,8,36,27,12,82,0,1,10,-35.420801,147.273157,75,1,0,1,0,0,0,0,2,0,0,100,1,6545,6545,4,5,5,2,0,1,0,0
1349451,2,2024,2024,0,6,3,33,27,10,260,0,1,9,-33.051968,151.568457,37,0,2,1,1,0,0,0,2,0,15,90,2,150,150,4,5,0,2,0,0,1,0
1349454,2,2024,2024,7,5,5,82,27,108,34609,0,1,9,-33.810842,151.180102,77,0,2,1,0,0,0,0,2,0,7,50,0,4026,4026,8,5,40,1,0,0,2,0