Crash ID,Degree of crash - detailed,Reporting year,Year of crash,Month of crash,Day of week of crash,Two-hour intervals,Street of crash,Street type,Town,Route no.,School zone location,School zone active,Type of location,Latitude,Longitude,LGA,Urbanisation,Conurbation 1,Alignment,Street lighting,Road surface,Surface condition,Weather,Natural lighting,Signals operation,Other traffic control,Speed limit,Road classification,RUM - code,DCA - code,First impact type,Key TU type,Other TU type,No. of traffic units involved,No. killed,No. seriously injured,No. moderately injured,No. minor-other injured
1349457,2,2024,2024,0,0,10,1,27,26,34609,1,0,1,-33.670855,150.609373,8,2,2,1,2,0,0,0,0,0,7,50,0,9859,9859,8,5,40,1,0,0,1,0
1349462,4,2024,2024,0,1,5,3371,17,21,3342,0,1,9,-28.608108,153.546326,10,1,0,1,1,0,0,0,2,0,0,100,2,2852,2852,4,5,12,3,0,1,1,1
1349463,1,2024,2024,7,3,7,1,27,239,167,0,1,9,-34.028207,151.120155,68,0,2,1,1,0,0,0,2,2,7,70,2,5929,5929,1,0,5,3,0,0,0,1
1349466,4,2024,2024,0,4,5,24,27,5,103,0,1,1,-28.673774,153.22154,39,2,1,1,0,0,0,0,2,0,7,80,1,14295,14295,3,16,0,2,0,1,0,0
1349471,1,2024,2024,4,0,9,1,6,104,34609,0,1,9,-32.917288,151.7022,48,0,2,0,0,2,0,0,3,0,7,50,0,52,52,6,22,40,1,0,0,0,1
1349477,2,2024,2024,3,3,6,1,27,5,34609,0,1,1,-30.360338,152.904201,6,2,1,0,0,2,0,0,2,0,7,50,0,3775,3775,0,10,5,2,0,0,1,0
1349479,2,2024,2024,0,6,7,6,27,27,34609,0,1,1,-32.759808,151.601973,42,2,1,1,1,0,0,0,2,0,15,60,0,5929,5929,1,8,5,2,0,0,1,0
1349482,4,2024,2024,7,3,8,22,27,6,34609,0,1,1,-32.646733,149.832354,44,2,1,0,0,0,0,0,2,0,7,80,0,4552,5151,8,0,40,1,0,3,0,0
1349483,4,2024,2024,7,0,11,3371,17,54,3342,0,1,7,-33.093127,151.637656,37,0,2,0,2,0,0,0,0,0,0,60,2,1850,1463,5,16,40,1,0,1,0,0
1349486,1,2023,2023,2,3,10,18,10,121,34609,0,1,1,-28.203947,153.521392,72,2,1,1,0,0,3,4,0,0,7,80,0,9859,9859,8,9,40,1,0,0,0,1
1349487,2,2024,2024,7,6,6,2,27,2,34609,0,1,1,-33.979426,150.0564,51,1,0,0,0,2,0,0,2,0,7,100,0,1259,5151,8,5,40,1,0,0,2,0
1349488,1,2024,2024,0,5,6,178,31,309,34609,0,1,9,-33.817647,151.098556,61,0,2,1,1,0,0,0,2,0,7,50,0,926,926,4,9,18,2,0,0,0,1
1349489,1,2024,2024,7,0,4,24,31,112,60,0,1,10,-36.066322,146.930951,0,2,1,1,1,0,0,0,2,0,0,60,1,591,591,1,22,0,2,0,0,0,1
1349490,2,2024,2024,7,1,7,1,31,225,34609,0,1,9,-33.797417,151.179282,77,0,2,1,1,0,0,0,2,0,9,40,0,1220,1220,9,0,28,2,0,0,1,0
1349491,4,2024,2024,0,2,6,4,27,207,5,0,1,1,-31.996425,141.437657,51,2,1,1,0,0,0,0,2,0,7,80,1,9859,9859,8,16,40,1,0,1,0,0
1349492,2,2024,2024,0,0,9,2126,17,33,2149,0,1,10,-33.481152,150.136809,40,2,1,0,2,0,0,0,0,2,9,70,2,1220,1220,9,0,28,2,0,0,1,0
1349493,2,2024,2024,7,4,6,10,27,68,34609,0,1,1,-33.642581,149.847022,51,1,0,0,0,0,0,0,2,0,7,100,0,4552,5151,8,30,40,1,0,0,1,0
1349495,1,2024,2024,7,4,5,165,31,112,34609,0,1,1,-33.607288,150.819757,29,2,2,1,1,0,0,0,2,0,7,40,0,387,387,1,10,5,2,0,0,0,2
1349497,4,2024,2024,0,6,10,21,1,120,34609,0,1,1,-33.770829,150.876648,7,0,2,1,2,0,0,0,0,0,7,50,0,1981,1981,4,33,18,2,0,1,0,0
1349499,1,2024,2024,0,2,9,204,31,252,34609,0,1,1,-33.886657,151.215405,69,0,2,1,0,0,0,0,2,0,7,40,0,395,395,1,5,27,2,0,0,0,1
1349500,2,2024,2024,7,3,3,230,27,197,284,0,1,9,-33.794231,151.134459,61,0,2,1,2,0,0,0,1,2,7,70,2,14295,14295,3,5,5,2,0,0,1,0
1349502,4,2024,2024,3,3,11,2,31,125,34609,0,1,0,-33.831103,151.129552,51,0,2,1,2,0,0,0,0,0,7,50,0,9859,9859,8,16,40,1,0,1,0,0
1349505,2,2024,2024,0,2,8,168,17,14,212,0,1,1,-35.285743,149.696492,58,1,0,0,0,0,0,0,2,0,7,100,2,1259,5151,8,5,40,1,0,0,1,0
1349508,4,2024,2024,4,1,9,46,27,109,39,0,1,1,-33.903674,151.14273,32,0,2,1,0,0,0,3,2,0,7,40,1,2040,2040,9,0,28,2,0,1,0,0
1349509,2,2024,2024,3,5,7,31,27,136,101,0,1,2,-32.919531,151.724141,48,0,2,1,0,0,0,0,2,2,9,60,2,14295,14295,3,5,5,2,0,0,1,0
1349513,2,2024,2024,7,2,1,26,1,112,34609,0,1,10,-33.910439,151.204291,69,0,2,1,2,0,3,4,0,0,15,50,0,6545,6545,4,5,36,2,0,0,1,0
1349514,2,2024,2024,0,3,9,11,31,207,34609,0,1,10,-31.950853,141.459581,51,2,1,1,2,0,0,0,0,0,0,50,0,6545,6545,4,22,5,2,0,0,1,0
1349516,2,2024,2024,0,3,7,4,27,562,34609,0,1,1,-32.179972,148.739712,22,1,0,0,0,0,0,0,2,0,7,100,0,782,957,5,5,40,1,0,0,1,0
1349517,2,2023,2023,9,0,10,26,27,16,25,0,1,1,-31.94724,152.502539,43,1,0,1,0,0,0,0,0,0,7,90,1,9859,9859,8,5,40,1,0,0,1,1
1349518,4,2024,2024,3,5,8,34,27,40,34609,1,0,1,-33.792242,151.250916,50,0,2,1,1,0,0,0,2,0,7,50,0,323,323,1,16,27,2,0,1,0,0
1349520,4,2024,2024,7,6,5,40,27,108,34609,0,1,1,-33.808506,151.184217,77,0,2,1,1,0,0,0,2,2,9,40,0,2040,2040,9,5,28,2,0,1,0,0
1349522,2,2024,2024,0,0,8,348,27,169,100,1,0,9,-33.598223,150.745994,29,2,2,0,1,0,3,4,2,0,0,60,2,926,926,4,0,5,2,0,0,1,0
1349525,1,2024,2024,7,6,8,103,27,94,563,0,1,10,-33.839869,151.046071,54,0,2,1,1,0,0,0,2,2,7,70,2,14295,14295,3,9,5,2,0,0,0,1
1349526,4,2024,2024,7,3,7,220,27,187,222,0,1,10,-33.791216,150.979229,54,0,2,1,1,0,0,0,2,2,7,80,2,2040,2040,9,5,28,2,0,1,0,1
1349530,4,2024,2024,0,4,9,1052,14,149,928,0,1,3,-33.348227,151.365438,16,1,2,1,0,0,3,4,3,0,7,110,2,14295,14295,3,0,2,3,0,1,0,0
1349534,4,2024,2024,7,2,4,78,27,11,228,0,1,1,-33.092671,151.128904,17,2,1,0,0,0,0,0,2,0,7,80,1,1850,1463,5,16,40,1,0,1,0,0
1349536,4,2024,2024,0,4,5,27,27,119,9,0,1,10,-33.874243,151.160594,32,0,2,1,1,0,0,0,2,2,7,50,1,6545,6545,4,5,0,2,0,1,0,0
1349537,4,2024,2024,0,4,9,9,27,18,34609,0,1,1,-32.796624,151.476376,17,2,1,1,2,0,0,0,0,0,7,70,0,3775,3775,0,10,25,2,0,2,0,0
1349543,4,2024,2024,0,5,8,17,31,201,34609,1,0,7,-34.880229,150.599338,63,2,1,1,2,0,3,4,3,0,0,50,0,926,926,4,16,13,2,0,1,0,0
1349545,2,2024,2024,7,0,4,80,31,204,187,0,1,10,-33.885942,151.11913,32,0,2,1,0,0,0,0,2,0,0,60,2,14295,14295,3,0,5,3,0,0,1,0
1349547,2,2023,2023,1,6,10,12,31,314,34609,0,1,7,-33.852776,150.92169,24,0,2,1,2,0,0,0,0,0,0,50,0,6545,6545,4,5,0,2,0,0,1,0
1349548,1,2024,2024,0,4,8,36,31,15,148,0,1,10,-32.938636,151.758629,48,0,2,1,0,0,0,0,3,2,7,50,1,14295,14295,3,5,5,3,0,0,0,1
1349552,2,2024,2024,0,5,10,485,27,323,769,0,1,9,-33.769833,151.000473,54,0,2,1,2,0,3,4,0,0,7,60,2,14295,14295,3,33,5,4,0,0,1,0
1349553,2,2024,2024,0,5,3,82,31,179,369,1,0,2,-33.754991,150.712629,55,0,2,1,1,0,0,0,2,0,7,70,2,1981,1981,4,30,27,2,0,0,1,0
1349556,4,2024,2024,3,6,9,23,31,52,38,0,1,1,-33.905447,151.258193,76,0,2,1,1,0,0,0,2,0,7,50,1,9859,9859,8,5,40,1,0,1,0,0
1349560,2,2024,2024,7,1,4,916,17,105,917,0,1,1,-32.721024,151.538963,42,2,1,1,1,0,0,0,2,0,7,60,2,2040,2040,9,0,28,2,0,0,1,0
1349561,4,2024,2024,7,0,7,3371,17,83,3342,0,1,2,-30.065941,153.182809,19,1,0,1,0,0,3,4,2,0,7,110,2,9859,9859,8,10,40,1,0,1,0,0
1349571,1,2024,2024,7,1,6,222,27,29,165,0,1,1,-33.974136,151.077059,25,0,2,1,1,0,0,0,2,0,7,50,1,2040,2040,9,33,28,2,0,0,0,1
1349573,2,2024,2024,3,5,2,2261,17,523,2252,0,1,9,-33.938035,150.913466,41,0,2,1,1,0,3,4,1,2,7,60,2,1669,1669,3,0,5,2,0,0,2,0
1349578,2,2023,2023,9,2,5,3,27,48,34609,0,1,1,-33.986599,147.006247,51,1,0,0,0,0,0,0,2,0,7,100,0,782,957,5,16,40,1,0,0,1,0
1349582,2,2023,2023,9,1,8,15,31,228,34609,0,1,2,-34.752597,149.719351,26,2,1,1,0,0,0,0,2,0,7,50,0,1220,1220,9,10,28,2,0,0,1,0
1349583,2,2024,2024,7,1,1,68,31,128,7,0,1,1,-33.618871,150.811028,29,2,2,1,3,0,0,0,0,0,7,50,1,1282,1282,1,5,40,1,0,0,1,0
1349586,1,2023,2023,9,4,9,2209,17,201,2205,0,1,2,-34.873991,150.605765,63,2,1,1,3,0,3,3,3,0,7,70,2,4026,4026,8,5,40,1,0,0,0,1
1349588,4,2024,2024,7,4,7,45,27,74,45,0,1,1,-33.73506,151.029633,31,0,2,1,3,0,0,0,2,0,7,60,2,14295,14295,3,0,13,2,0,1,1,0
1349593,2,2024,2024,7,0,9,5,31,163,34609,0,1,1,-33.856874,151.103642,14,0,2,1,3,0,0,0,3,0,7,50,0,186,186,9,5,28,2,0,0,1,0
1349595,2,2024,2024,0,6,8,168,17,14,212,0,1,1,-35.278279,149.691337,58,1,0,0,3,0,0,0,2,0,7,100,2,1109,787,1,5,13,2,0,0,1,0
1349596,2,2024,2024,3,5,3,196,10,45,168,0,1,1,-33.900093,150.975594,15,0,2,1,1,0,1,5,2,0,7,70,2,14295,14295,3,0,0,2,0,0,1,3
1349597,1,2024,2024,4,6,7,2209,17,176,2205,0,1,2,-33.970215,151.134579,25,0,2,1,3,0,0,0,2,0,7,60,2,1282,1282,1,5,40,1,0,0,0,1
1349598,1,2024,2024,0,6,5,92,27,143,34609,0,1,1,-33.876801,151.103814,9,0,2,1,3,0,0,0,2,2,9,40,0,2040,2040,9,17,28,2,0,0,0,1
1349601,1,2024,2024,0,5,2,515,14,523,518,0,1,3,-33.938239,150.914188,41,0,2,1,3,0,0,0,0,0,7,100,2,14295,14295,3,9,5,3,0,0,0,1
1349603,2,2024,2024,0,3,5,177,22,210,176,0,1,10,-34.034155,151.102442,68,0,2,1,1,0,0,0,2,2,7,60,2,14295,14295,3,9,5,2,0,0,1,0
1349604,1,2024,2024,3,6,5,348,27,363,88,0,1,2,-33.739793,150.692735,55,0,2,1,3,0,2,6,2,0,7,60,2,1981,1981,4,5,27,2,0,0,0,1
1349605,2,2024,2024,0,3,6,2261,17,243,2252,0,1,9,-33.947431,150.907778,41,0,2,1,3,0,0,0,2,0,0,70,2,14295,14295,3,5,5,2,0,0,1,0
1349606,2,2024,2024,0,2,9,48,31,73,34609,0,1,10,-33.890787,151.1609,32,0,2,1,2,0,0,0,0,0,15,50,0,6545,6545,4,5,5,2,0,0,1,0
1349608,2,2024,2024,7,3,7,916,17,70,917,0,1,7,-32.739068,151.551549,42,2,1,0,3,0,0,0,2,3,0,60,2,14295,14295,3,0,0,2,0,0,1,0
1349610,2,2024,2024,7,4,4,6,10,40,34609,0,1,1,-34.01231,150.791559,12,0,2,0,3,0,0,0,2,0,7,50,0,3775,3775,0,5,0,2,0,0,2,0
1349611,1,2024,2024,0,2,6,133,31,46,56,0,1,6,-33.879198,151.237351,81,0,2,1,3,0,3,4,2,2,9,50,1,14295,14295,3,5,5,2,0,0,0,1
1349615,2,2024,2024,0,4,8,115,27,138,114,0,1,9,-33.869116,151.276997,76,0,2,0,3,0,0,0,2,0,7,50,2,3775,3775,0,5,5,3,0,0,2,0
1349616,2,2024,2024,7,0,10,7,31,80,34609,0,1,10,-33.880776,151.202803,69,0,2,1,3,0,0,0,0,2,7,40,0,5929,5929,1,0,13,2,0,0,1,0
1349619,1,2024,2024,0,4,4,3,27,112,34609,0,1,9,-33.440912,151.433616,16,2,2,1,1,0,3,4,2,0,15,50,0,14295,14295,3,5,25,2,0,0,0,1
1349623,2,2024,2024,0,3,10,34,31,123,34609,0,1,9,-33.8238,148.688344,51,2,1,1,3,0,0,0,0,0,7,50,0,2852,2852,4,5,36,2,0,0,1,0
1349629,1,2024,2024,0,6,7,485,27,154,769,0,1,9,-33.715973,150.960761,71,0,2,1,3,0,0,0,2,2,7,60,2,14295,14295,3,5,5,2,0,0,0,1
1349634,2,2024,2024,0,0,10,829,27,159,770,0,1,2,-33.81182,151.09487,61,0,2,1,3,0,0,0,0,0,7,60,2,1391,1391,1,5,5,2,0,0,1,0
1349635,2,2024,2024,0,1,0,15,27,278,24,0,1,9,-33.781822,151.045315,54,0,2,1,3,0,0,0,0,0,7,50,1,9859,9859,1,0,5,3,0,0,1,0
1349638,1,2024,2024,0,5,2,1,27,169,34609,0,1,1,-28.669436,153.603263,10,2,1,1,3,0,0,0,0,0,7,60,0,945,945,5,0,40,1,0,0,0,1
1349642,1,2024,2024,0,4,11,112,27,92,256,0,1,10,-33.978169,150.850133,41,0,2,1,3,0,0,0,0,0,0,70,2,9859,9859,8,5,40,1,0,0,0,1
1349647,2,2024,2024,7,4,8,213,17,113,213,0,1,1,-29.461036,149.814051,51,2,1,1,3,0,0,0,3,0,7,50,2,14295,14295,3,8,0,2,0,0,1,0
1349650,1,2024,2024,0,3,9,29,1,84,35,0,1,10,-33.808565,150.986925,21,0,2,1,3,0,0,0,4,2,7,50,1,5929,5929,1,5,13,3,0,0,0,1
1349651,1,2024,2024,0,4,4,1052,14,83,928,0,1,3,-33.485098,151.185179,16,1,2,0,3,0,3,4,2,0,7,90,2,4552,5151,8,5,40,1,0,0,0,1
1349653,2,2024,2024,3,4,5,3371,17,149,3342,0,1,10,-33.348956,151.369445,16,2,2,0,3,0,0,0,2,3,7,60,2,14295,14295,3,5,13,2,0,0,1,0
1349655,4,2024,2024,0,2,4,265,17,18,193,0,1,1,-35.136092,147.311393,75,1,0,1,3,0,0,0,2,0,7,100,2,1089,1089,7,16,40,1,0,1,0,0
1349656,2,2024,2024,0,1,2,866,17,278,793,0,1,9,-33.779647,151.05229,54,0,2,0,3,0,0,0,1,2,7,60,2,14295,14295,3,5,0,2,0,0,1,0
1349659,1,2024,2024,7,4,4,22,22,532,22,0,1,3,-33.861089,151.213855,69,0,2,1,3,0,0,0,2,0,7,80,2,14295,14295,3,5,40,2,0,0,0,1
1349660,2,2024,2024,7,0,6,74,27,609,48,0,1,10,-33.775846,150.895288,7,0,2,1,3,0,0,0,2,2,7,60,1,1391,1391,1,5,0,2,0,0,1,0
1349662,4,2024,2024,0,0,9,294,17,4,288,0,1,1,-35.008239,146.837112,75,1,0,0,3,0,3,4,3,0,7,100,2,52,52,6,0,40,1,0,1,0,0
1349666,2,2024,2024,0,3,5,103,27,62,256,0,1,9,-34.088821,150.806007,13,0,2,1,3,0,0,0,2,2,7,80,2,5929,5929,1,5,5,2,0,0,1,1
1349670,1,2024,2024,3,4,8,108,31,363,34609,1,0,9,-33.817093,151.006003,54,0,2,0,3,0,0,0,3,2,7,40,0,312,312,2,19,40,1,0,0,0,1
1349672,1,2024,2024,0,1,8,251,14,139,124,0,1,3,-33.833411,151.211955,49,0,2,1,3,0,0,0,3,0,7,80,2,14295,14295,3,0,5,3,0,0,0,1
1349675,2,2024,2024,7,1,5,18,31,273,34609,0,1,10,-34.426044,150.892832,80,0,2,0,3,0,0,0,2,2,7,50,0,6545,6545,4,0,13,2,0,0,1,0
1349676,2,2024,2024,0,3,10,280,10,92,240,1,0,2,-33.871275,150.962669,24,0,2,1,3,0,0,0,0,0,7,60,2,4026,4026,8,5,40,1,0,0,1,0
1349677,2,2024,2024,0,3,7,6,18,79,34609,0,1,9,-33.570965,150.718671,29,2,2,0,3,0,0,0,2,0,7,70,0,2852,2852,4,5,36,2,0,0,1,0
1349681,4,2024,2024,0,0,7,71,17,61,71,0,1,9,-35.594917,144.928965,51,1,0,0,0,0,0,0,2,0,7,100,2,1259,5151,8,5,40,1,0,1,0,0
1349685,1,2024,2024,7,1,8,2209,17,44,2205,0,1,9,-33.947629,151.140383,4,0,2,1,3,0,0,0,2,0,0,60,2,395,395,1,10,36,2,0,0,0,1
1349686,2,2024,2024,0,1,4,89,36,4,17,0,1,1,-29.571441,152.899753,18,1,0,0,3,0,0,0,2,0,7,100,1,782,957,5,5,40,1,0,0,1,0
1349687,2,2024,2024,0,4,10,28,31,273,34609,0,1,1,-34.423087,150.891264,80,0,2,1,3,0,0,0,0,0,7,50,0,186,186,9,22,28,2,0,0,1,0
1349689,2,2024,2024,0,5,5,44,1,11,34609,0,1,9,-34.442888,150.873907,80,0,2,1,3,0,0,0,2,0,7,50,0,5929,5929,1,5,27,2,0,0,2,0
1349690,2,2024,2024,0,4,3,500,27,646,799,0,1,9,-33.934303,151.032636,15,0,2,1,3,0,0,0,1,0,0,60,2,5929,5929,1,30,19,2,0,0,1,0
1349691,1,2024,2024,0,6,8,78,17,34,75,0,1,2,-33.859122,151.206505,69,0,2,1,3,0,0,0,3,0,7,70,2,14295,14295,3,5,0,2,0,0,0,1
1349692,1,2024,2024,7,5,2,232,36,34,331,0,1,10,-34.009824,150.770155,12,0,2,1,3,0,0,0,0,2,7,80,2,5929,5929,1,5,0,2,0,0,0,1
1349693,4,2024,2024,0,5,6,10,27,271,18,0,1,1,-33.955658,151.018639,15,0,2,1,3,0,0,0,2,0,7,60,1,9859,9859,1,5,5,2,0,1,0,0
1349701,1,2024,2024,0,2,10,500,27,136,799,0,1,1,-33.925773,151.085633,15,0,2,1,3,0,0,0,0,0,7,60,2,14295,14295,3,5,5,3,0,0,0,1
1349705,2,2024,2024,0,5,0,111,27,293,233,1,0,2,-33.947049,151.229046,59,0,2,1,3,0,0,0,0,0,7,60,2,9859,9859,8,19,40,1,0,0,1,0
1349707,1,2024,2024,0,6,5,1,1,104,34609,0,1,9,-33.834572,151.217531,49,0,2,1,3,0,0,0,2,0,7,50,0,4026,4026,8,10,40,1,0,0,0,1
1349712,2,2024,2024,0,1,8,2,18,646,34609,0,1,9,-33.919634,151.035547,15,0,2,1,3,0,0,0,2,0,8,40,0,4026,4026,8,5,40,1,0,0,1,0
1349714,2,2024,2024,0,2,8,2126,17,36,2149,0,1,9,-33.808271,150.937209,21,0,2,0,3,0,0,3,2,2,7,80,2,14295,14295,3,5,5,2,0,0,1,0
1349717,2,2024,2024,0,4,8,97,27,166,799,0,1,9,-33.929893,150.99079,15,0,2,1,3,0,0,0,2,2,7,70,2,14295,14295,3,8,5,2,0,0,1,0
1349721,4,2024,2024,7,1,4,1,27,22,34609,0,1,1,-35.94849,146.936947,27,1,0,0,3,0,0,0,2,0,7,100,0,14295,14295,3,0,5,2,0,1,0,1
1349723,1,2024,2024,0,5,7,42,10,62,172,0,1,2,-32.918232,151.597586,37,0,2,1,3,0,0,0,2,0,0,80,2,1383,1383,1,10,0,2,0,0,0,1
1349724,2,2024,2024,0,6,7,485,27,232,769,0,1,10,-33.69033,150.922312,71,0,2,1,3,0,0,0,2,2,7,80,2,14295,14295,3,5,5,2,0,0,1,0
1349725,1,2024,2024,0,3,7,283,27,197,702,1,0,9,-33.948862,151.080457,25,0,2,1,3,0,0,0,2,2,7,60,2,14295,14295,3,5,36,2,0,0,0,1
1349726,1,2024,2024,0,4,9,112,27,96,256,0,1,2,-34.049814,150.826647,13,0,2,1,1,0,0,0,2,0,9,60,2,14295,14295,3,5,5,2,0,0,0,1
1349727,2,2024,2024,0,5,7,1104,14,149,962,0,1,3,-33.816684,150.965586,21,0,2,1,3,0,0,0,2,0,7,90,2,14295,14295,3,10,0,3,0,0,1,0
1349730,4,2024,2024,0,4,4,175,27,66,220,0,1,9,-33.721409,150.932453,7,0,2,0,3,0,0,0,2,2,7,60,2,1850,777,5,16,40,1,0,1,0,0
1349731,4,2024,2024,0,0,4,76,24,120,154,0,1,10,-33.742828,150.870346,7,0,2,1,3,0,0,0,2,2,7,60,1,2585,777,8,16,40,3,0,1,0,0
1349734,4,2024,2024,0,6,3,1104,14,323,962,0,1,3,-33.801476,150.876608,7,0,2,1,3,0,0,0,4,0,7,100,2,14295,14295,3,10,35,3,0,1,0,0
1349739,4,2024,2024,0,4,8,126,27,22,168,0,1,2,-34.065395,150.795893,13,0,2,1,3,0,0,0,2,0,7,80,2,1282,1282,1,10,10,4,0,1,0,0
1349741,4,2023,2023,9,1,10,1052,14,54,928,0,1,3,-33.47549,151.190954,16,1,2,0,0,0,0,0,0,0,7,110,2,1957,4009,8,10,40,1,0,1,0,0
1349742,2,2023,2023,9,1,5,4,27,12,34609,0,1,1,-33.374089,149.972364,40,2,1,0,0,0,0,3,2,0,7,50,0,782,957,5,9,40,1,0,0,1,0
1349745,4,2023,2023,9,0,11,2261,17,284,2252,0,1,9,-33.906108,151.015727,15,0,2,1,2,0,0,0,0,2,9,70,2,591,591,1,22,0,2,0,1,0,0
1349747,2,2023,2023,9,2,3,8,10,165,34609,0,1,1,-32.327581,150.944006,46,2,1,0,0,0,0,0,2,0,7,80,0,3775,3775,0,10,13,2,0,0,2,0
1349749,4,2023,2023,2,5,7,13,31,36,34609,0,1,1,-33.936499,151.256025,59,0,2,0,0,0,0,0,2,0,7,50,0,4552,5151,1,16,0,2,0,1,0,0
1349751,2,2023,2023,2,2,6,1052,14,14,928,0,1,3,-33.218498,151.442555,16,1,2,1,1,0,0,0,2,0,7,110,2,14295,14295,3,0,12,3,0,0,1,0
1349752,4,2023,2023,9,1,9,9,31,119,34609,0,1,0,-33.87237,151.153568,32,0,2,1,1,0,0,0,3,0,7,50,0,144,144,1,5,27,2,0,1,0,0
1349755,2,2023,2023,9,2,11,68,27,98,208,0,1,1,-33.755824,151.070461,31,0,2,1,2,0,0,0,0,0,7,60,2,1945,1945,5,5,40,1,0,0,1,0
1349756,4,2023,2023,9,4,7,42,36,18,34609,0,1,9,-30.704932,152.940584,47,2,1,1,0,0,0,3,2,0,0,80,0,5929,5929,1,10,5,2,0,1,2,0
1349757,1,2023,2023,2,2,10,14,18,18,34609,1,0,1,-31.143242,150.978796,70,1,0,1,0,0,0,0,0,0,7,100,0,3775,3775,0,10,0,3,0,0,0,1
1349758,2,2023,2023,2,2,11,348,17,105,232,0,1,1,-32.589308,149.577483,44,2,1,0,2,0,0,0,0,0,7,50,2,4552,5151,8,16,40,3,0,0,1,0
1349759,2,2023,2023,9,4,6,6,27,2,8,0,1,1,-34.994668,143.768044,51,1,0,0,0,0,0,0,2,0,7,100,1,273,957,5,10,40,1,0,0,1,0
1349760,2,2023,2023,2,3,10,4,10,58,34609,0,1,1,-33.243633,151.405984,16,2,2,0,0,0,0,0,0,0,7,60,0,3775,3775,0,28,0,2,0,0,1,1
1349763,2,2023,2023,2,3,4,9,31,228,34609,0,1,1,-34.755564,149.72001,26,2,1,1,1,0,0,0,2,0,7,50,0,941,941,1,16,5,2,0,0,1,0
1349764,2,2023,2023,2,4,0,46,36,11,46,0,1,1,-33.02875,149.065224,22,1,0,1,0,0,0,0,0,0,7,100,1,9859,9859,8,5,40,1,0,0,1,0
1349767,2,2024,2024,4,4,5,334,17,316,308,0,1,2,-31.43552,152.897673,56,2,1,1,1,0,0,0,2,0,7,60,2,4026,4026,8,16,40,1,0,0,1,0
1349769,1,2023,2023,2,6,2,76,27,69,148,0,1,9,-32.935921,151.735137,48,0,2,1,2,0,0,0,0,0,0,60,1,6545,6545,4,10,10,2,0,0,0,1
1349770,4,2024,2024,4,5,6,51,27,85,34609,0,1,10,-33.910862,150.875157,41,0,2,1,1,0,0,0,2,2,7,50,0,5929,5929,1,0,5,2,0,1,0,0
1349771,2,2024,2024,4,0,0,1,1,210,176,0,1,9,-34.034703,151.105419,68,0,2,1,2,0,0,0,0,0,0,60,2,2585,777,8,5,40,2,0,0,1,0
1349772,4,2024,2024,4,1,7,222,27,562,34609,0,1,1,-32.270055,148.624666,22,2,1,1,1,0,3,4,2,0,7,60,0,1945,1945,5,16,40,1,0,1,0,0
1349773,4,2024,2024,4,4,9,485,27,323,769,0,1,10,-33.761977,150.992848,71,0,2,1,2,0,0,0,3,2,7,60,2,14295,14295,3,5,5,4,0,1,0,0
1349774,4,2023,2023,2,6,0,149,27,72,198,0,1,1,-33.988725,150.992593,68,0,2,0,0,0,3,4,0,0,7,80,2,3775,3775,0,5,5,2,0,1,2,0
1349775,4,2023,2023,2,5,7,478,17,50,480,0,1,1,-33.234746,151.556559,16,2,2,1,1,0,0,0,2,0,7,50,2,3775,3775,0,5,0,3,0,2,0,0
1349777,4,2023,2023,9,4,7,31,27,17,41,0,1,1,-33.700466,151.148183,36,0,2,1,0,0,0,0,2,0,7,50,1,238,238,9,5,28,2,0,1,0,0
1349779,4,2024,2024,4,5,9,79,10,15,231,0,1,9,-33.450596,151.31983,16,2,2,0,1,0,0,0,2,0,3,60,2,2585,4009,8,16,40,1,0,1,0,0
1349781,4,2024,2024,4,4,8,11,27,16,34609,0,1,10,-34.234057,146.034832,28,1,0,1,0,0,0,0,2,0,0,100,0,6545,6545,4,0,0,2,0,1,1,0
1349782,2,2024,2024,4,0,5,224,27,26,321,0,1,1,-33.909375,151.202602,69,0,2,1,1,0,0,0,2,0,7,50,2,515,515,1,9,19,3,0,0,1,0
1349783,2,2024,2024,4,6,9,24,31,237,34609,0,1,1,-33.874013,150.946696,24,0,2,1,0,0,0,0,2,0,7,50,0,4026,4026,1,0,0,2,0,0,2,0
1349784,2,2024,2024,4,5,6,5,31,75,34609,0,1,7,-33.882713,151.110576,9,0,2,1,1,0,0,0,2,0,0,50,0,6545,6545,4,10,27,2,0,0,1,0
1349785,4,2023,2023,2,3,9,78,7,100,34609,0,1,1,-33.888997,150.888602,24,0,2,1,0,0,0,0,2,0,7,50,0,4026,4026,1,0,0,2,0,1,0,0
1349786,2,2024,2024,3,2,8,1,27,204,34609,0,1,9,-33.933072,151.146032,4,0,2,1,1,0,0,0,2,0,7,50,0,5929,5929,1,0,27,2,0,0,1,0
1349788,4,2024,2024,4,6,8,3,27,1,34609,0,1,1,-32.381076,149.306825,44,1,0,1,0,0,0,0,2,0,7,100,0,9859,9859,8,5,40,1,0,2,0,0
1349790,2,2024,2024,3,6,11,95,31,115,34609,0,1,10,-33.881332,151.192595,69,0,2,1,2,0,0,0,0,0,0,50,0,1945,1945,5,22,40,1,0,0,1,0
1349791,4,2024,2024,3,2,5,361,31,82,34609,0,1,1,-34.373105,150.896365,80,0,2,1,1,0,0,0,2,0,7,50,0,591,591,1,22,5,2,0,1,0,0