Crash ID,Degree of crash - detailed,Reporting year,Year of crash,Month of crash,Day of week of crash,Two-hour intervals,Street of crash,Street type,Town,Route no.,School zone location,School zone active,Type of location,Latitude,Longitude,LGA,Urbanisation,Conurbation 1,Alignment,Street lighting,Road surface,Surface condition,Weather,Natural lighting,Signals operation,Other traffic control,Speed limit,Road classification,RUM - code,DCA - code,First impact type,Key TU type,Other TU type,No. of traffic units involved,No. killed,No. seriously injured,No. moderately injured,No. minor-other injured
1349792,4,2023,2023,2,5,8,23,31,52,38,0,1,2,-33.906683,151.266818,76,0,2,0,1,0,0,0,2,0,7,50,1,1850,1463,5,15,40,1,0,1,0,0
1349793,4,2024,2024,4,1,11,346,17,3,332,0,1,1,-28.865121,152.986376,60,1,0,0,0,0,3,0,0,0,7,100,2,782,957,5,5,40,1,0,1,0,0
1349794,1,2024,2024,4,4,0,3371,17,6,3342,0,1,2,-31.667293,152.738506,56,1,0,0,0,0,0,0,0,0,7,110,2,2585,4009,8,5,40,1,0,0,0,1
1349795,2,2024,2024,3,2,8,67,27,165,78,0,1,9,-33.856572,151.146213,14,0,2,1,0,0,0,0,2,0,7,50,2,623,623,3,16,0,2,0,0,1,0
1349798,2,2024,2024,3,6,3,2126,17,346,2149,0,1,9,-33.865888,151.092102,14,0,2,1,0,0,0,0,2,0,15,60,2,775,775,4,5,19,3,0,0,1,0
1349799,4,2024,2024,3,1,10,25,27,26,34609,0,1,1,-31.167237,152.96981,34,2,1,1,0,0,0,0,0,0,7,80,0,9859,9859,8,5,40,1,0,2,0,0
1349802,4,2024,2024,3,5,6,2126,17,65,2149,0,1,1,-33.537039,150.160661,40,2,1,0,0,0,3,4,2,0,7,80,2,273,957,5,0,40,1,0,1,0,0
1349806,4,2024,2024,4,0,4,149,10,346,702,0,1,10,-33.867909,151.064212,67,0,2,1,1,0,0,0,2,2,7,80,2,6545,6545,4,5,13,5,0,1,3,0
1349807,4,2024,2024,4,6,0,72,14,123,71,0,1,3,-33.904372,151.214181,59,0,2,1,2,0,0,0,0,0,7,80,2,14295,14295,3,16,10,2,0,1,0,0
1349811,1,2024,2024,3,6,3,59,10,89,34609,0,1,0,-33.902388,151.229426,59,0,2,0,0,0,0,0,2,0,7,30,0,1089,1089,7,22,40,1,0,0,0,1
1349812,4,2024,2024,3,1,7,12,27,39,39,0,1,1,-33.591666,150.835803,29,2,2,1,0,0,3,4,2,0,7,80,2,3775,3775,0,30,13,2,0,1,1,1
1349813,2,2024,2024,4,3,1,9,27,70,34609,0,1,1,-33.882849,150.870905,24,0,2,1,0,0,2,6,0,0,7,50,0,4026,4026,1,0,5,2,0,0,1,0
1349816,4,2024,2024,3,1,1,2,27,3,34609,0,1,1,-32.045541,152.534437,43,2,1,0,2,0,0,0,0,0,7,50,0,4552,5151,1,10,0,2,0,1,0,0
1349819,2,2024,2024,4,0,9,99,31,237,105,0,1,10,-33.864692,150.950527,24,0,2,1,0,0,0,0,2,0,15,50,1,775,775,4,5,19,2,0,0,1,0
1349820,4,2024,2024,7,6,4,2209,17,6,2205,0,1,1,-35.439095,150.397862,63,2,1,1,0,0,0,0,2,0,7,70,2,4026,4026,8,30,40,1,0,1,0,0
1349821,2,2024,2024,7,5,8,500,27,136,799,0,1,10,-33.925397,151.086895,15,0,2,1,1,0,0,0,2,2,7,60,2,2040,2040,9,33,28,2,0,0,1,0
1349822,4,2024,2024,3,0,10,45,1,15,34609,0,1,7,-34.574744,150.834256,62,0,2,0,2,0,3,0,0,0,0,50,0,926,926,4,5,0,2,0,1,0,0
1349824,2,2024,2024,7,0,11,916,17,165,917,0,1,2,-32.266504,150.888145,46,2,1,1,2,0,3,0,0,0,7,50,2,9859,9859,8,10,40,1,0,0,1,0
1349825,4,2024,2024,3,3,7,1,27,9,39,0,1,1,-33.486183,150.886015,71,0,2,1,0,0,0,0,2,0,7,80,1,323,323,1,16,13,2,0,1,0,0
1349826,2,2024,2024,3,1,7,26,27,131,115,0,1,9,-33.778899,151.185226,36,0,2,1,1,0,0,0,2,0,15,60,1,14295,14295,3,5,0,2,0,0,2,0
1349827,1,2024,2024,7,2,5,3,31,433,34609,0,1,2,-33.283645,149.096142,52,2,1,1,0,0,0,0,2,0,7,40,0,214,214,9,0,28,2,0,0,0,1
1349830,2,2024,2024,7,4,3,2261,17,35,2252,0,1,3,-34.317673,150.582201,78,1,0,0,0,0,0,0,1,0,7,110,2,14295,14295,3,8,5,2,0,0,1,0
1349831,4,2024,2024,7,4,5,2126,17,23,2149,0,1,1,-33.449994,150.012342,40,1,0,1,0,0,0,0,2,0,7,100,2,1945,1945,5,10,40,1,0,1,0,0
1349832,2,2024,2024,3,6,11,195,27,53,186,0,1,10,-33.935701,150.843067,41,0,2,1,2,0,3,4,0,2,7,70,2,5929,5929,1,0,0,2,0,0,2,0
1349837,2,2024,2024,7,3,6,8,31,128,34609,0,1,1,-33.624519,150.805839,29,2,2,0,0,0,0,0,2,0,7,50,0,3775,3775,0,10,5,2,0,0,1,0
1349842,4,2024,2024,3,3,8,33,27,16,41,0,1,1,-33.743887,150.725164,55,0,2,1,1,0,0,0,2,0,7,70,1,4026,4026,8,10,40,1,0,2,0,0
1349843,1,2024,2024,7,4,4,4,27,23,2,0,1,10,-31.493507,145.836947,51,2,1,1,1,0,0,0,2,0,0,50,1,6545,6545,4,0,5,2,0,0,0,1
1349845,4,2024,2024,7,6,6,29,1,84,35,0,1,9,-33.809116,150.988867,21,0,2,1,0,0,0,0,2,2,7,50,1,1220,1220,9,5,28,2,0,1,0,0
1349847,1,2024,2024,7,1,7,9,27,54,44,0,1,1,-33.72061,151.096881,31,0,2,0,1,0,0,0,2,2,9,60,1,14295,14295,3,5,5,2,0,0,0,1
1349850,4,2024,2024,7,4,9,1,27,1,34609,0,1,1,-31.053125,150.759086,70,1,0,1,0,0,0,0,3,0,7,100,0,4026,4026,8,29,40,1,0,1,0,0
1349852,2,2024,2024,7,5,5,475,31,41,34609,0,1,1,-34.052748,150.697495,12,0,2,1,0,0,0,0,2,0,7,50,0,1981,1981,4,10,19,2,0,0,1,0
1349857,4,2024,2024,7,3,7,77,12,45,331,0,1,1,-34.263189,150.573224,79,2,2,0,0,0,0,0,2,0,7,80,1,1669,1669,3,9,0,2,0,3,0,0
1349859,2,2024,2024,3,3,5,916,17,22,917,0,1,9,-32.77311,151.607437,42,2,1,1,1,0,0,0,2,2,7,80,2,14295,14295,3,5,0,2,0,0,1,1
1349860,2,2024,2024,7,4,7,127,27,135,103,0,1,10,-32.902049,151.742874,48,0,2,1,1,0,0,0,2,1,7,60,1,5929,5929,1,5,18,2,0,0,1,0
1349861,2,2024,2024,7,2,5,178,27,189,518,0,1,10,-33.943115,151.053799,15,0,2,1,2,0,0,0,2,2,7,50,2,5929,5929,1,5,19,2,0,0,1,0
1349867,4,2024,2024,3,2,9,34,1,293,34609,0,1,1,-33.919559,151.057687,15,0,2,1,0,0,0,0,2,0,7,50,0,1957,777,8,5,40,2,0,1,0,0
1349868,4,2024,2024,7,4,10,225,27,304,140,0,1,10,-33.9159,151.150223,32,0,2,1,2,0,0,0,0,2,7,50,1,5929,5929,1,5,19,2,0,1,0,0
1349872,2,2024,2024,7,3,5,213,17,113,213,0,1,9,-29.463074,149.775549,51,1,0,1,0,0,0,0,2,0,0,100,2,623,623,3,10,13,2,0,0,1,0
1349875,4,2024,2024,0,5,5,24,1,145,52,0,1,1,-33.924982,151.141901,15,0,2,1,1,0,0,0,2,0,7,50,1,1220,1220,9,0,28,2,0,1,0,0
1349877,1,2024,2024,7,5,7,4,1,147,34609,0,1,9,-33.871715,151.133573,14,0,2,1,0,0,0,0,2,0,7,50,0,217,217,1,10,5,2,0,0,0,1
1349879,4,2024,2024,7,5,7,53,31,67,125,0,1,9,-33.89117,151.005323,15,0,2,1,1,0,0,0,2,0,15,60,1,2852,2852,4,5,19,2,0,1,0,0
1349880,2,2024,2024,7,0,9,13,27,76,14,0,1,9,-34.536129,150.358512,78,2,1,1,1,0,0,0,2,0,0,70,1,775,775,4,5,13,2,0,0,1,0
1349886,1,2024,2024,0,3,4,35,10,463,34609,0,1,9,-30.305373,153.133065,19,2,1,0,0,0,3,4,2,0,0,50,0,2852,2852,4,5,0,2,0,0,0,1
1349898,2,2024,2024,0,0,4,143,31,123,181,0,1,1,-33.884648,151.2245,81,0,2,0,1,0,0,0,2,0,7,50,2,1383,1383,1,22,22,2,0,0,1,0
1349902,2,2024,2024,0,4,7,42,25,323,34609,0,1,7,-33.759644,150.991757,71,0,2,1,0,0,0,0,2,0,9,50,0,238,238,9,5,28,2,0,0,1,0
1349907,4,2024,2024,0,5,5,3,27,36,34609,0,1,1,-33.930754,151.253716,59,0,2,0,1,0,0,0,2,0,7,50,0,2585,4009,8,0,40,1,0,1,1,0
1349908,4,2024,2024,0,0,6,15,27,103,34609,0,1,1,-28.830321,153.324614,39,2,1,0,0,0,0,0,2,0,7,50,0,4552,5151,8,0,40,1,0,1,0,0
1349909,4,2024,2024,0,2,6,916,17,44,917,0,1,9,-32.037305,150.863864,73,1,0,0,0,0,0,0,2,0,15,100,2,2852,2852,4,0,13,2,0,2,0,0
1349915,1,2024,2024,7,5,9,11,27,182,34609,0,1,1,-32.830976,151.342449,17,2,1,1,1,0,0,0,2,0,7,40,0,14295,14295,3,16,5,2,0,0,0,1
1349918,4,2024,2024,0,0,6,283,27,145,702,1,0,10,-33.922865,151.068505,15,0,2,1,1,0,0,0,2,2,7,60,2,2040,2040,9,0,28,2,0,1,0,0
1349919,1,2024,2024,0,3,7,81,27,609,115,0,1,1,-33.782996,150.900302,7,0,2,1,1,0,0,0,2,0,7,60,2,9859,9859,8,0,40,1,0,0,0,1
1349921,2,2024,2024,0,2,5,6,27,58,34609,0,1,1,-32.981509,151.674101,37,0,2,1,0,0,0,0,2,0,7,50,0,9859,9859,1,0,12,2,0,0,1,0
1349924,4,2024,2024,0,4,9,30,31,78,34609,0,1,1,-33.862276,151.006378,21,0,2,1,2,0,0,0,0,0,7,50,0,9859,9859,1,0,12,2,0,1,0,1
1349925,4,2024,2024,0,1,10,48,31,79,605,0,1,9,-33.829679,151.213968,49,0,2,1,2,0,0,0,0,2,7,60,2,5929,5929,1,5,5,2,0,1,1,0
1349927,1,2024,2024,0,6,8,17,31,131,34609,0,1,10,-36.083556,146.921733,0,2,1,1,0,0,0,0,2,0,0,50,0,6545,6545,4,33,5,2,0,0,0,1
1349928,2,2024,2024,0,0,3,3,31,290,34609,1,0,1,-33.945393,151.127378,4,0,2,1,0,0,3,4,2,0,7,50,0,1945,1945,5,16,40,1,0,0,1,0
1349930,4,2024,2024,0,5,11,6,31,102,34609,0,1,1,-33.945958,151.191213,4,0,2,1,1,0,3,4,0,0,7,50,0,9859,9859,1,10,23,3,0,1,0,0
1349934,2,2024,2024,3,2,10,478,17,35,480,0,1,7,-33.269093,151.560275,16,2,2,1,2,0,0,0,0,0,0,60,2,6545,6545,4,17,5,2,0,0,1,0
1349935,2,2024,2024,7,2,4,3371,17,65,3342,0,1,2,-30.376925,153.051399,19,1,0,0,0,0,0,0,2,0,7,110,2,1383,1383,1,0,0,2,0,0,1,0
1349936,2,2024,2024,7,0,8,280,10,162,82,0,1,9,-33.850232,150.909148,24,0,2,1,1,0,0,0,2,2,7,60,1,1391,1391,1,5,10,2,0,0,1,1
1349937,4,2024,2024,0,4,9,149,36,21,81,0,1,1,-32.142815,152.48953,43,1,0,0,3,0,2,6,0,0,7,100,2,1259,5151,8,5,40,1,0,2,0,0
1349940,2,2024,2024,0,0,6,4,31,207,34609,0,1,10,-31.952543,141.461015,51,2,1,1,1,0,0,0,2,0,0,50,0,6545,6545,4,0,19,2,0,0,1,0
1349943,2,2024,2024,0,1,8,4,31,105,34609,0,1,9,-32.710465,151.520174,42,2,1,0,1,0,0,0,2,0,7,50,0,14295,14295,3,5,0,2,0,0,1,0
1349947,1,2024,2024,3,5,8,3,31,83,13,0,1,9,-33.910275,151.119696,15,0,2,1,0,0,0,0,2,0,0,50,1,926,926,4,0,19,2,0,0,0,1
1349949,4,2024,2024,0,3,5,133,23,45,34609,0,1,1,-33.350617,151.502656,16,2,2,1,0,0,0,0,2,0,7,50,0,387,387,1,22,0,2,0,1,0,0
1349950,2,2024,2024,0,3,7,2126,17,40,2149,0,1,1,-33.706794,150.525269,8,2,2,0,0,0,3,2,2,0,7,80,2,1957,4009,8,5,40,1,0,0,1,0
1349957,4,2024,2024,0,1,8,11,27,40,34609,0,1,7,-35.071976,150.571986,63,2,1,1,1,0,0,0,2,0,0,80,0,6545,6545,4,0,19,2,0,1,0,0
1349965,1,2024,2024,3,2,3,45,27,60,44,0,1,2,-33.834067,151.145701,51,0,2,1,2,0,0,0,2,0,7,70,2,1282,1282,1,9,27,2,0,0,0,1
1349967,2,2024,2024,7,0,8,4,31,95,34609,0,1,1,-34.40055,150.89122,80,0,2,1,1,0,0,0,2,0,7,50,0,5929,5929,1,5,13,2,0,0,1,0
1349972,4,2023,2023,2,3,8,255,27,20,260,0,1,1,-33.087252,151.499732,37,0,2,0,1,0,0,0,2,0,7,60,2,3775,3775,0,0,0,3,0,3,0,0
1349974,4,2024,2024,0,2,6,2,27,1,34609,0,1,1,-31.693819,151.182614,73,1,0,1,0,0,0,0,2,0,7,100,0,1945,1945,5,16,40,1,0,1,0,0
1349975,4,2024,2024,0,5,7,481,17,15,483,0,1,1,-34.405268,146.887128,51,1,0,0,0,0,0,0,2,0,7,110,2,273,957,5,0,40,1,0,2,0,0
1349978,4,2023,2023,9,0,2,2261,17,140,2252,0,1,9,-33.897107,150.992243,15,0,2,1,1,0,0,0,1,0,0,70,2,2852,2852,4,10,19,2,0,1,0,0
1349986,1,2024,2024,0,1,7,6,31,16,34609,0,1,9,-33.928467,151.222593,4,0,2,1,1,0,0,0,2,0,7,50,0,9859,9859,1,0,10,2,0,0,0,1
1349992,4,2024,2024,3,5,7,62,10,8,169,0,1,9,-32.827917,151.490663,17,2,1,1,1,0,0,0,2,0,7,60,2,926,926,4,5,0,2,0,1,2,0
1349993,4,2023,2023,2,3,5,296,27,290,293,0,1,9,-33.851965,150.996191,21,0,2,1,0,0,0,0,2,0,7,70,2,14295,14295,3,16,5,2,0,1,0,0
1349994,1,2024,2024,0,1,9,204,31,387,34609,0,1,10,-33.922278,151.18737,4,0,2,1,2,0,0,0,2,0,15,50,0,6545,6545,4,0,5,2,0,0,0,1
1349997,4,2024,2024,0,3,11,26,31,370,34609,0,1,2,-34.067537,150.812611,13,0,2,1,2,0,0,0,0,0,7,50,0,9859,9859,8,30,40,1,0,1,0,1
1349998,4,2024,2024,0,2,0,115,27,138,114,0,1,1,-33.87792,151.270349,81,0,2,0,2,0,3,4,0,0,7,50,2,1850,1463,5,15,40,1,0,1,0,0
1349999,4,2024,2024,7,3,9,45,7,143,44,1,0,2,-33.709022,151.098376,31,0,2,1,1,0,0,0,2,0,7,50,1,14295,14295,3,16,0,3,0,1,0,1
1350005,1,2024,2024,3,6,3,10,31,143,34609,0,1,1,-33.70349,151.107487,31,0,2,1,1,0,0,0,2,0,7,50,0,368,368,9,0,28,2,0,0,0,1
1350007,2,2024,2024,0,5,3,2,27,609,34609,1,0,4,-33.779182,150.906024,7,0,2,0,1,0,0,0,2,0,7,50,0,1850,1463,5,15,40,1,0,0,1,0
1350011,2,2024,2024,3,5,5,3371,17,44,3342,0,1,10,-33.213716,151.512191,16,2,2,1,1,0,0,3,2,2,7,70,2,2852,2852,4,5,0,2,0,0,1,1
1350017,4,2024,2024,0,5,7,6,10,76,34609,0,1,7,-33.916383,150.863906,41,0,2,1,0,0,0,0,2,0,0,50,0,6545,6545,4,0,19,2,0,1,0,0
1350019,4,2024,2024,0,1,6,30,27,120,154,0,1,10,-33.755345,150.864661,7,0,2,1,1,0,0,0,2,2,7,60,1,2040,2040,9,0,28,2,0,1,0,0
1350021,4,2024,2024,7,2,4,59,10,89,34609,0,1,10,-33.894218,151.233059,59,0,2,0,0,0,0,0,2,0,15,30,0,775,775,4,5,27,2,0,1,0,0
1350024,2,2024,2024,0,6,10,35,27,71,24,0,1,1,-33.763528,150.705574,55,0,2,1,2,0,0,0,0,0,7,60,1,14295,14295,3,5,5,2,0,0,1,0
1350027,4,2024,2024,7,4,10,11,1,72,34609,0,1,1,-33.849881,151.094531,14,0,2,0,2,0,3,4,0,0,7,50,0,1259,5151,8,5,40,1,0,1,0,0
1350028,2,2024,2024,0,4,9,3371,17,29,3342,0,1,2,-32.211628,152.323,43,1,0,1,1,0,0,0,0,0,7,100,2,1282,1282,1,29,5,2,0,0,1,0
1350030,2,2024,2024,3,5,11,916,17,9,917,0,1,1,-31.827571,150.925691,73,1,0,0,0,0,3,4,0,0,7,100,2,273,957,5,3,40,1,0,0,1,0
1350031,4,2024,2024,0,2,7,24,31,112,60,1,0,2,-36.062101,146.93177,0,2,1,1,1,0,0,0,2,0,7,60,1,9859,9859,1,0,0,2,0,1,0,0
1350032,1,2024,2024,0,0,5,265,17,103,193,0,1,1,-34.379747,148.26011,30,1,0,0,0,0,3,4,2,0,7,100,2,1259,5151,8,34,40,1,0,0,0,2
1350033,2,2024,2024,0,3,11,149,10,346,702,0,1,2,-33.875176,151.067063,67,0,2,1,0,0,0,0,0,0,7,80,2,1192,1192,1,33,0,3,0,0,1,0
1350034,2,2024,2024,7,4,6,829,27,309,770,1,0,2,-33.818717,151.115386,61,0,2,1,0,0,0,0,2,0,7,60,2,1282,1282,1,0,19,2,0,0,1,0
1350038,4,2024,2024,0,1,5,4,27,2,34609,0,1,1,-29.396939,153.140324,18,2,1,1,0,2,0,0,2,0,7,80,0,1089,1089,7,16,40,1,0,1,0,0
1350039,1,2024,2024,0,4,6,162,31,532,24,0,1,10,-33.869073,151.209667,69,0,2,1,3,0,2,2,2,3,7,40,1,186,186,9,22,28,2,0,0,0,1
1350041,2,2024,2024,7,2,11,65,10,132,148,0,1,1,-34.149893,151.029054,68,0,2,0,1,0,3,4,0,0,7,60,2,4552,5151,8,10,40,1,0,0,1,0
1350042,4,2024,2024,0,5,4,16,31,70,34609,0,1,1,-32.736225,151.555732,42,2,1,1,0,0,0,0,2,0,7,50,0,1945,1945,5,15,40,1,0,1,0,0
1350044,4,2024,2024,7,1,4,478,17,50,480,0,1,1,-33.234621,151.555712,16,2,2,1,0,0,0,0,2,0,0,50,2,1981,1981,4,0,5,2,0,2,1,0
1350046,2,2024,2024,0,1,3,100,27,109,799,0,1,10,-33.903885,151.140963,32,0,2,1,0,0,0,0,2,2,7,60,2,6545,6545,4,0,36,2,0,0,1,0
1350053,2,2024,2024,0,0,7,19,31,131,12,0,1,10,-33.789112,151.182421,77,0,2,1,1,0,0,0,2,0,0,50,1,6545,6545,4,5,0,2,0,0,1,0
1350058,2,2024,2024,7,0,9,18,23,438,34609,0,1,9,-33.850548,151.033206,21,0,2,1,2,0,0,0,3,0,9,40,0,2040,2040,9,5,28,2,0,0,1,0
1350060,2,2024,2024,0,1,2,39,27,6,29,0,1,1,-32.37472,149.718492,44,1,0,1,0,0,0,0,0,0,7,100,1,1089,1089,7,5,40,1,0,0,2,0
1350064,2,2024,2024,0,2,7,14,10,67,34609,0,1,10,-33.63899,150.9044,71,0,2,1,1,0,0,0,2,0,15,70,0,6545,6545,4,5,0,3,0,0,1,2
1350065,4,2024,2024,0,5,11,110,27,445,40,0,1,9,-33.849544,151.054104,54,0,2,0,2,0,3,4,0,0,15,60,2,2585,777,8,5,40,1,0,1,1,0
1350067,4,2024,2024,0,0,4,120,36,10,148,0,1,1,-30.384185,152.73859,6,1,0,0,0,0,0,0,2,0,7,100,2,3775,3775,0,5,0,2,0,1,1,1
1350068,2,2024,2024,7,6,8,3371,17,173,3342,1,0,9,-33.726044,151.119569,36,0,2,1,1,0,0,0,2,0,15,60,2,14295,14295,3,0,36,2,0,0,1,0
1350071,4,2024,2024,0,1,5,17,31,460,106,0,1,9,-33.833355,150.98975,21,0,2,1,0,0,0,0,2,3,9,60,1,2040,2040,9,33,28,2,0,1,0,0
1350074,4,2024,2024,3,6,3,2,1,10,34609,1,0,9,-33.007651,151.641044,37,0,2,0,1,0,0,0,1,0,7,50,0,121,121,9,8,28,2,0,1,0,0
1350076,2,2024,2024,0,5,9,348,27,363,88,0,1,10,-33.745626,150.691063,55,0,2,1,1,0,0,0,2,2,9,60,2,926,926,4,0,27,2,0,0,1,0
1350078,4,2023,2023,9,1,4,3371,17,16,3342,0,1,9,-33.186473,151.58406,16,2,2,1,0,0,0,0,2,0,15,80,2,2852,2852,4,5,36,2,0,2,0,0
1350081,1,2023,2023,9,4,7,38,27,115,165,0,1,1,-33.95445,151.059919,25,0,2,1,0,0,0,0,2,0,7,50,1,14295,14295,3,5,0,2,0,0,0,1
1350093,2,2024,2024,0,1,7,2126,17,161,2149,0,1,9,-33.888182,151.157613,32,0,2,1,0,0,0,0,2,2,7,60,2,5929,5929,1,9,5,2,0,0,1,0
1350096,2,2024,2024,0,1,2,2126,17,16,2149,0,1,2,-33.726525,150.490954,8,2,2,1,2,0,0,0,0,0,0,80,2,5929,5929,1,8,19,2,0,0,1,0
1350098,2,2024,2024,0,4,7,47,31,246,34609,0,1,10,-33.912015,151.198826,69,0,2,1,1,0,3,4,2,0,15,50,0,1945,1945,5,15,40,1,0,0,1,0
1350099,4,2024,2024,0,6,8,55,31,562,34609,0,1,7,-32.249454,148.60341,22,2,1,1,0,0,0,0,2,0,0,50,0,6545,6545,4,5,27,2,0,1,0,0
1350103,4,2024,2024,7,2,11,14,1,167,34609,0,1,2,-33.850013,151.062369,54,0,2,1,2,0,0,0,0,0,7,60,0,1220,1220,9,5,28,2,0,1,0,0
1350108,4,2024,2024,0,1,5,2209,17,10,2205,0,1,1,-35.195295,150.440364,63,1,0,0,0,0,0,0,2,0,7,100,2,3775,3775,0,5,0,2,0,1,0,0
1350112,4,2024,2024,7,1,9,29,27,31,34609,1,0,1,-33.894942,151.026048,15,0,2,1,2,0,0,0,3,0,9,50,0,1220,1220,9,5,28,2,0,1,0,0
1350114,4,2024,2024,0,0,4,283,27,70,702,0,1,1,-33.975659,151.10317,25,0,2,1,0,0,0,0,2,0,7,60,2,14295,14295,3,20,0,2,0,1,0,0
1350115,4,2024,2024,0,2,9,2,31,133,34609,0,1,9,-33.928528,151.008112,15,0,2,1,2,0,0,0,3,0,7,50,0,2040,2040,9,10,28,2,0,1,0,0
1350117,2,2024,2024,0,2,4,348,17,8,232,0,1,1,-32.462739,149.511987,44,1,0,0,0,0,3,4,2,0,7,100,2,4552,5151,8,5,40,1,0,0,1,0
1350118,2,2024,2024,7,5,5,71,17,21,71,0,1,1,-34.508152,144.843764,51,2,1,1,0,0,0,0,2,0,7,50,2,14295,14295,3,10,5,2,0,0,1,1
1350120,4,2023,2023,2,3,3,3371,17,49,3342,0,1,10,-33.199432,151.522604,16,2,2,1,0,0,3,3,2,2,7,80,2,9859,9859,8,0,40,1,0,1,0,0
1350123,2,2024,2024,0,6,8,36,27,73,35,0,1,7,-33.891702,151.168138,32,0,2,1,2,0,0,0,3,0,0,50,1,5929,5929,1,5,0,2,0,0,1,0
1350129,2,2024,2024,0,3,9,78,17,532,75,0,1,1,-33.85583,151.208504,69,0,2,1,2,0,0,0,0,0,7,70,2,1282,1282,1,10,5,2,0,0,1,1
1350131,2,2024,2024,0,6,11,117,27,163,69,0,1,9,-33.862938,151.093651,14,0,2,1,2,0,0,0,0,2,7,60,2,5929,5929,1,0,5,2,0,0,1,0
1350133,4,2024,2024,0,0,8,27,31,438,34609,0,1,7,-33.851606,151.030097,21,0,2,1,2,0,0,0,3,0,0,50,0,2040,2040,9,0,28,2,0,1,0,0
1350139,2,2024,2024,7,6,11,205,27,106,415,0,1,9,-33.679372,151.302707,50,0,2,0,2,0,0,0,0,2,7,60,2,1383,1383,1,5,5,2,0,0,1,0
1350142,2,2024,2024,7,3,9,361,31,176,34609,0,1,7,-33.950987,151.136834,4,0,2,1,1,0,0,0,2,0,9,40,0,2040,2040,9,0,28,2,0,0,1,0
1350144,2,2024,2024,3,5,4,3371,17,54,3342,0,1,1,-33.222351,151.504362,16,2,2,1,0,0,0,0,2,0,7,60,2,14295,14295,3,0,0,4,0,0,1,1
1350146,4,2024,2024,0,1,8,2,6,27,34609,0,1,7,-32.766253,151.616889,42,2,1,0,1,0,0,0,2,0,0,50,0,1259,5151,8,0,40,1,0,1,0,0
1350148,2,2024,2024,7,6,5,478,17,89,480,0,1,7,-33.379062,151.47351,16,2,2,1,1,0,0,0,2,0,0,60,2,6545,6545,4,5,19,2,0,0,2,0
1350154,4,2023,2023,9,0,2,22,31,309,702,0,1,2,-33.813381,151.104555,61,0,2,1,1,0,0,0,1,0,7,60,2,3775,3775,0,0,13,2,0,2,0,0
1350157,4,2023,2023,9,4,5,93,10,283,125,0,1,9,-33.83392,151.013071,21,0,2,1,1,0,0,0,2,0,7,50,1,1669,1669,3,16,5,2,0,1,1,0
1350158,2,2023,2023,9,5,6,866,17,171,793,0,1,9,-33.80595,150.970263,54,0,2,1,1,0,0,0,2,2,7,70,2,14295,14295,3,16,5,2,0,0,1,0
1350159,4,2023,2023,9,4,7,26,31,204,11,0,1,10,-33.890519,151.125478,32,0,2,1,2,0,0,0,2,2,7,50,1,2040,2040,9,5,28,2,0,1,0,0
1350162,2,2023,2023,9,4,1,2209,17,44,2205,0,1,2,-33.946099,151.141088,4,0,2,1,2,0,3,0,0,0,7,60,2,9859,9859,8,10,40,1,0,0,1,0
1350163,4,2023,2023,9,2,0,3371,17,54,3342,0,1,2,-33.086023,151.639842,37,0,2,1,2,0,3,0,0,0,7,60,2,186,186,9,16,28,2,0,1,0,0
1350166,4,2023,2023,9,6,4,2261,17,30,2252,0,1,3,-34.45693,150.36106,78,1,0,0,0,0,0,0,2,0,7,110,2,14295,14295,3,10,10,2,0,1,2,0
1350167,2,2023,2023,2,6,10,102,31,107,53,0,1,10,-33.879053,151.195721,69,0,2,1,2,0,0,0,0,2,7,50,2,2852,2852,4,0,19,2,0,0,1,0
1350168,2,2023,2023,9,6,4,265,17,18,193,0,1,9,-35.122137,147.318103,75,2,1,1,0,0,0,0,2,0,0,80,2,9859,9859,8,5,40,1,0,0,1,0
1350171,4,2023,2023,2,0,10,100,27,127,799,0,1,10,-33.896228,151.154137,32,0,2,1,2,0,0,0,0,2,9,60,2,1220,1220,9,0,28,2,0,1,0,0
1350172,4,2023,2023,2,4,7,154,27,293,244,0,1,1,-33.927367,151.049919,15,0,2,1,1,0,0,0,2,0,7,60,2,1220,1220,9,9,28,2,0,1,0,0
1350173,4,2023,2023,2,6,3,157,17,10,158,0,1,1,-33.846567,146.247569,51,1,0,0,0,0,0,0,2,0,7,100,2,782,957,5,29,40,1,0,1,1,0
1350174,1,2023,2023,2,1,3,35,18,48,34609,0,1,1,-33.915951,147.167703,51,1,0,1,0,2,0,0,2,0,7,100,0,9859,9859,8,10,40,1,0,0,0,1
1350176,4,2023,2023,2,0,11,500,27,145,799,0,1,1,-33.931042,151.064757,15,0,2,1,2,0,0,0,0,0,7,60,2,3775,3775,0,16,0,2,0,1,0,0
1350177,4,2023,2023,2,2,8,2126,17,179,2149,0,1,10,-33.762106,150.734976,55,0,2,1,1,0,0,0,2,2,7,60,2,14295,14295,3,5,5,3,0,2,0,0
1350178,1,2023,2023,2,4,11,3,27,4,10,0,1,1,-36.865209,149.573876,5,2,1,0,0,0,3,4,0,0,7,60,1,4552,5151,8,10,40,1,0,0,0,1
1350179,4,2023,2023,2,6,10,3371,17,149,3342,0,1,2,-33.360121,151.369677,16,2,2,1,2,0,0,0,3,0,7,60,2,1981,1981,4,16,13,2,0,1,0,0
1350180,4,2023,2023,2,4,10,500,27,646,799,0,1,9,-33.935035,151.024601,15,0,2,1,2,0,0,0,0,2,7,60,2,5929,5929,1,5,5,2,0,1,0,0