Crash ID,Degree of crash - detailed,Reporting year,Year of crash,Month of crash,Day of week of crash,Two-hour intervals,Street of crash,Street type,Town,Route no.,School zone location,School zone active,Type of location,Latitude,Longitude,LGA,Urbanisation,Conurbation 1,Alignment,Street lighting,Road surface,Surface condition,Weather,Natural lighting,Signals operation,Other traffic control,Speed limit,Road classification,RUM - code,DCA - code,First impact type,Key TU type,Other TU type,No. of traffic units involved,No. killed,No. seriously injured,No. moderately injured,No. minor-other injured
1350182,4,2023,2023,2,5,5,137,31,172,34609,0,1,9,-32.745995,151.594248,42,2,1,1,0,0,0,0,2,0,0,50,0,2852,2852,4,5,0,2,0,1,0,0
1350183,4,2023,2023,2,0,11,3371,17,42,3342,0,1,9,-33.823589,151.193928,38,0,2,1,2,0,0,0,0,2,7,60,2,1220,1220,9,0,28,2,0,1,0,0
1350184,1,2023,2023,2,5,10,204,31,73,34609,0,1,1,-33.873591,151.21828,69,0,2,1,2,0,0,0,0,0,7,40,0,2040,2040,9,5,28,2,0,0,0,1
1350186,4,2023,2023,2,6,7,230,27,84,284,0,1,9,-33.779566,151.110558,61,0,2,1,1,0,0,0,2,0,0,70,2,775,775,4,0,19,2,0,1,0,0
1350187,2,2024,2024,4,5,8,72,31,283,34609,0,1,10,-33.826334,150.999971,54,0,2,1,0,0,0,0,2,0,15,50,0,6545,6545,4,0,5,2,0,0,1,1
1350188,4,2023,2023,2,4,9,97,27,166,799,0,1,9,-33.929543,150.989215,15,0,2,1,0,0,0,0,2,3,7,70,2,14295,14295,3,5,5,2,0,1,0,1
1350189,2,2024,2024,4,4,11,25,27,64,32,0,1,1,-34.386504,150.906293,80,0,2,1,2,0,3,0,0,0,7,60,1,9859,9859,1,10,13,2,0,0,1,0
1350190,4,2023,2023,2,2,11,2261,17,49,2252,0,1,2,-34.736427,149.78751,26,1,0,1,1,0,0,0,0,0,7,110,2,4026,4026,8,29,40,1,0,1,0,0
1350192,4,2024,2024,4,1,5,9,10,79,34609,0,1,10,-34.00145,150.746232,12,0,2,1,1,0,3,4,2,2,7,60,0,6545,6545,4,16,5,3,0,1,0,0
1350193,2,2024,2024,4,5,6,76,24,24,154,0,1,6,-33.730925,150.921052,7,0,2,0,1,0,0,0,2,2,9,70,1,1850,1463,5,16,40,1,0,0,1,0
1350200,2,2023,2023,2,0,7,829,27,124,770,0,1,2,-33.812096,151.040342,54,0,2,1,1,0,0,0,2,0,7,70,2,340,340,9,0,28,2,0,0,1,1
1350201,4,2023,2023,9,5,8,177,22,239,176,0,1,9,-34.036823,151.117091,68,0,2,1,1,0,0,3,2,0,0,60,2,5929,5929,1,10,19,2,0,1,0,0
1350202,2,2024,2024,4,2,7,2,36,1,2,0,1,1,-32.946503,146.223058,51,1,0,0,0,0,0,0,2,0,7,100,1,1850,1463,5,26,40,1,0,0,1,0
1350203,2,2024,2024,4,1,8,1,27,68,34609,0,1,10,-34.845547,148.920878,82,2,1,1,0,0,0,0,2,0,0,50,0,6545,6545,4,5,19,2,0,0,1,0
1350205,4,2024,2024,4,3,8,3,10,41,34609,0,1,1,-30.355166,153.090854,19,2,1,1,3,0,2,6,4,0,7,50,0,14295,14295,3,33,21,2,0,1,0,0
1350207,1,2024,2024,4,2,8,220,14,29,220,0,1,9,-34.401854,150.880376,80,0,2,1,1,0,3,3,2,0,0,80,2,2852,2852,4,5,13,2,0,0,0,4
1350209,4,2024,2024,3,1,6,10,31,532,34,0,1,1,-33.87276,151.205999,69,0,2,1,1,0,0,0,2,0,7,30,1,121,121,9,19,28,2,0,1,0,0
1350210,1,2024,2024,4,0,4,44,27,85,34609,0,1,1,-33.745627,151.119123,36,0,2,1,0,0,0,0,2,0,7,50,0,14295,14295,3,5,0,2,0,0,0,1
1350211,2,2024,2024,3,4,9,112,27,29,769,0,1,1,-33.539865,150.636521,29,2,2,0,2,0,0,0,0,0,7,60,2,3775,3775,0,5,10,2,0,0,1,0
1350212,4,2024,2024,3,3,10,7,31,130,34609,0,1,10,-33.870723,151.195687,69,0,2,1,2,0,0,0,0,2,7,40,0,5929,5929,1,0,18,2,0,1,0,0
1350214,1,2023,2023,2,0,8,29,27,147,69,0,1,9,-33.872757,151.132647,14,0,2,1,1,0,0,0,2,0,0,60,2,14295,14295,3,5,5,3,0,0,0,1
1350215,4,2023,2023,2,4,11,32,1,646,34609,0,1,10,-33.922615,151.028704,15,0,2,1,2,0,0,0,0,0,0,50,0,3775,3775,0,5,0,2,0,1,0,0
1350218,4,2024,2024,3,4,3,1,27,29,256,0,1,1,-34.229494,150.816381,79,1,2,0,0,0,0,0,2,0,7,90,2,4552,5151,8,5,40,2,0,3,1,0
1350219,4,2024,2024,3,3,4,191,17,6,189,0,1,1,-32.343143,150.585931,46,1,0,1,0,0,0,3,2,0,7,100,2,1089,1089,7,16,40,1,0,1,0,0
1350222,4,2024,2024,3,0,9,3,1,33,34609,0,1,1,-33.729808,150.442421,8,2,2,0,0,0,3,4,2,0,7,50,0,4552,5151,8,9,40,1,0,1,0,0
1350223,1,2024,2024,3,2,8,1,7,24,34609,0,1,1,-35.988994,145.969014,51,2,1,0,0,0,0,0,2,0,7,60,0,2585,4009,8,5,40,1,0,0,0,3
1350224,4,2024,2024,3,4,4,143,31,252,19,0,1,1,-33.877057,151.212325,69,0,2,0,1,0,0,3,2,0,7,40,1,1383,1383,1,15,35,2,0,1,0,0
1350225,2,2024,2024,3,1,0,72,31,363,34609,0,1,1,-33.822082,150.999513,54,0,2,1,2,0,0,0,0,0,7,50,0,14295,14295,3,5,5,4,0,0,1,0
1350227,4,2024,2024,3,5,3,171,1,65,22,0,1,9,-33.803518,150.962348,54,0,2,1,0,0,3,4,1,0,0,60,1,4026,4026,8,15,40,1,0,1,0,0
1350230,2,2024,2024,3,4,10,62,10,55,169,0,1,1,-32.825855,151.541783,17,1,0,1,0,0,0,0,0,0,7,100,2,4026,4026,8,0,40,1,0,0,1,0
1350231,4,2024,2024,3,3,5,9,27,8,34609,0,1,1,-33.54786,151.199015,31,0,2,0,0,0,0,0,2,0,7,50,0,3775,3775,0,5,0,2,0,1,1,0
1350232,1,2024,2024,7,2,11,1,31,44,34609,0,1,1,-33.08576,147.141223,51,2,1,1,2,0,0,0,0,0,7,50,0,9859,9859,8,23,40,1,0,0,0,1
1350233,4,2024,2024,3,3,10,51,31,252,59,0,1,10,-33.885209,151.215734,69,0,2,1,2,0,0,0,0,2,7,40,1,1282,1282,1,33,27,2,0,1,0,0
1350237,4,2024,2024,3,5,4,13,27,247,34609,1,2,1,-33.815357,150.941335,21,0,2,1,0,0,0,0,2,0,7,40,0,1220,1220,9,0,28,2,0,1,0,0
1350243,2,2024,2024,4,4,6,81,17,83,33,0,1,9,-34.447557,150.436932,78,2,1,1,1,0,0,0,2,2,7,60,1,5929,5929,1,10,13,2,0,0,2,0
1350244,2,2024,2024,7,4,3,1,27,3,34609,0,1,1,-33.222818,149.083353,11,1,0,0,0,0,2,6,2,0,7,100,0,1957,4009,8,34,40,1,0,0,1,0
1350247,4,2024,2024,4,2,11,10,27,51,34609,0,1,1,-34.472431,150.792656,80,0,2,0,2,0,0,0,0,0,7,80,0,1259,5151,8,5,40,1,0,1,0,0
1350249,1,2023,2023,2,5,3,32,31,111,91,0,1,2,-33.922639,151.256416,59,0,2,1,0,0,0,0,2,0,7,40,1,2040,2040,9,10,28,2,0,0,0,1
1350256,2,2024,2024,7,3,6,6,27,130,34609,0,1,1,-33.865817,151.194278,69,0,2,1,1,0,0,3,2,0,7,40,0,186,186,9,17,28,2,0,0,1,0
1350257,4,2024,2024,7,1,9,12,27,18,42,0,1,10,-33.534998,150.758858,29,2,2,1,1,0,3,0,2,0,0,60,1,6545,6545,4,5,13,2,0,1,0,1
1350258,4,2024,2024,7,4,3,17,27,4,34609,0,1,1,-32.618238,148.54889,22,1,0,1,0,0,0,0,2,0,7,100,0,1089,1089,7,0,40,1,0,2,0,1
1350259,4,2024,2024,7,1,1,59,10,14,231,1,0,1,-33.494795,151.391036,16,2,2,1,0,0,0,0,0,0,7,70,2,9859,9859,8,0,40,1,0,1,0,0
1350262,4,2024,2024,7,6,8,125,27,38,144,0,1,1,-32.793156,151.941668,57,2,1,0,0,0,3,3,2,0,7,80,2,4552,5151,8,5,40,1,0,1,0,0
1350263,2,2024,2024,3,3,10,512,17,433,441,0,1,7,-33.278328,149.129561,52,2,1,0,1,0,0,0,0,0,0,80,2,6545,6545,4,5,5,2,0,0,1,0
1350272,2,2024,2024,7,1,8,27,36,15,27,0,1,1,-31.955505,149.643586,51,1,0,0,0,0,0,0,2,0,7,100,1,380,714,5,5,40,1,0,0,1,0
1350273,4,2024,2024,3,3,2,158,27,68,207,0,1,10,-33.87713,151.244873,81,0,2,1,2,0,0,0,0,2,7,60,2,1259,985,8,16,40,1,0,1,0,0
1350274,2,2024,2024,7,4,10,3371,17,225,3342,0,1,10,-33.796217,151.178081,77,0,2,0,2,0,0,0,0,2,7,60,2,1282,1282,1,8,0,2,0,0,1,0
1350275,4,2024,2024,7,3,5,1,27,19,34609,0,1,1,-30.650715,151.517387,51,2,1,1,0,0,0,0,2,0,7,50,0,4026,4026,8,10,40,1,0,1,0,0
1350279,2,2024,2024,7,4,7,60,27,239,167,1,0,10,-34.031926,151.119437,68,0,2,1,3,0,0,0,2,2,7,70,2,14295,14295,3,8,5,3,0,0,1,0
1350280,1,2024,2024,0,5,6,916,17,165,917,0,1,2,-32.395173,150.971825,46,1,0,1,3,0,3,4,2,0,7,100,2,1383,1383,1,9,10,3,0,0,0,1
1350282,4,2024,2024,0,5,4,7,27,106,52,0,1,1,-33.893069,151.172285,32,0,2,1,1,0,0,0,2,0,7,50,1,14295,14295,3,22,40,2,0,1,0,0
1350284,1,2024,2024,7,6,7,232,36,40,331,0,1,2,-34.019389,150.761667,12,0,2,1,1,0,0,0,2,0,7,80,2,14295,14295,3,5,0,2,0,0,0,1
1350285,4,2024,2024,7,1,3,4,27,162,34609,0,1,1,-33.837092,150.912853,24,0,2,0,2,0,0,0,2,0,7,60,0,1282,1282,1,33,5,3,0,1,1,0
1350286,2,2024,2024,7,2,5,222,31,45,34609,0,1,10,-33.889236,151.195385,69,0,2,1,1,0,0,0,2,0,0,40,0,6545,6545,4,22,5,2,0,0,1,0
1350288,1,2024,2024,7,4,8,57,31,77,321,0,1,9,-33.885452,151.202942,69,0,2,1,3,0,0,3,2,2,7,40,2,14295,14295,3,10,0,2,0,0,0,1
1350291,2,2024,2024,4,1,9,101,10,49,121,1,0,9,-34.039118,151.143341,68,0,2,1,3,0,0,0,2,2,7,70,1,5929,5929,1,10,0,2,0,0,1,1
1350292,1,2024,2024,3,4,9,32,31,111,91,0,1,1,-33.925996,151.255694,59,0,2,1,0,0,0,0,3,0,7,50,1,9859,9859,1,0,0,3,0,0,0,1
1350294,4,2024,2024,3,6,7,1,4,39,34609,0,1,9,-31.060175,152.83632,34,2,1,1,1,0,0,0,2,0,7,50,0,4552,985,8,33,40,1,0,1,0,0
1350295,1,2024,2024,0,6,5,3371,17,11,3342,0,1,2,-28.35361,153.523429,72,1,0,1,3,0,0,0,2,0,7,110,2,1109,397,1,5,5,2,0,0,0,1
1350297,2,2024,2024,7,5,4,2209,17,14,2205,0,1,1,-36.159043,150.098851,23,1,0,0,0,0,3,4,2,0,7,100,2,1259,5151,8,10,40,1,0,0,1,0
1350299,2,2024,2024,0,1,6,161,17,10,161,0,1,1,-35.501958,148.272434,66,1,0,1,3,0,0,0,2,0,7,100,2,9859,9859,8,30,40,1,0,0,1,0
1350303,2,2024,2024,7,1,9,89,31,532,34609,0,1,10,-33.866706,151.205036,69,0,2,1,2,0,0,0,0,2,9,40,0,2040,2040,9,0,28,2,0,0,1,0
1350307,2,2024,2024,0,5,3,62,10,55,169,0,1,7,-32.829127,151.530944,17,2,1,1,0,0,0,0,1,0,0,60,2,1669,1669,3,33,0,2,0,0,1,0
1350308,2,2024,2024,3,6,9,149,10,136,702,0,1,2,-33.862941,151.066816,67,0,2,1,1,0,3,4,2,0,7,80,2,1282,1282,1,10,0,4,0,0,2,0
1350309,1,2024,2024,0,0,4,43,27,17,46,0,1,9,-28.27561,153.561369,72,2,1,1,0,0,3,4,2,0,15,80,1,2852,2852,4,5,0,2,0,0,0,2
1350310,4,2024,2024,0,0,9,1,31,35,34609,0,1,1,-34.107373,150.79626,13,0,2,1,2,0,3,4,3,0,7,50,0,4026,4026,1,5,5,2,0,1,0,0
1350312,2,2024,2024,3,6,4,63,31,139,5,1,2,1,-33.836389,151.207357,49,0,2,1,0,0,0,0,2,0,7,40,1,1383,1383,1,19,27,2,0,0,1,0
1350314,1,2024,2024,0,5,8,2126,17,77,2149,0,1,9,-33.884382,151.197365,69,0,2,1,2,0,3,4,2,0,9,50,2,591,591,1,22,5,2,0,0,0,1
1350316,4,2024,2024,0,2,6,481,17,10,483,0,1,1,-31.464552,148.960917,51,1,0,0,0,0,0,0,2,0,7,100,2,1957,4009,8,30,40,1,0,2,1,0
1350317,2,2024,2024,7,3,6,97,17,53,88,0,1,9,-35.140598,149.335893,82,1,0,1,0,0,0,0,2,0,15,110,2,2852,2852,4,5,5,2,0,0,1,1
1350319,4,2024,2024,0,4,8,3371,17,104,3342,0,1,2,-32.826842,151.683771,48,0,2,0,1,0,0,0,3,0,7,60,2,1383,1383,1,0,10,4,0,1,0,0
1350326,2,2024,2024,0,0,2,36,36,14,139,0,1,9,-34.49724,146.188777,51,1,0,1,0,0,0,0,1,0,0,100,2,2852,2852,4,0,0,2,0,0,1,0
1350328,2,2024,2024,0,0,10,9,27,204,34609,0,1,1,-33.936483,151.142246,4,0,2,1,2,0,3,4,0,0,9,50,0,1220,1220,9,10,28,2,0,0,1,0
1350334,4,2024,2024,7,0,4,33,27,54,34609,0,1,9,-33.895714,151.223788,69,0,2,1,1,0,0,0,2,2,9,50,0,591,591,1,22,0,3,0,1,0,0
1350336,4,2024,2024,0,6,6,9,27,10,34609,0,1,7,-33.409911,149.551518,3,2,1,1,1,0,0,0,2,0,0,60,0,6545,6545,4,0,19,2,0,1,0,0
1350337,2,2024,2024,4,5,3,11,31,121,34609,0,1,1,-33.804557,151.290451,50,0,2,1,1,0,0,0,2,0,7,50,0,2040,2040,9,22,28,2,0,0,1,0
1350344,2,2024,2024,0,6,4,115,27,138,114,0,1,9,-33.881371,151.270168,76,0,2,0,3,0,0,0,2,0,0,50,2,5929,5929,1,10,5,2,0,0,1,0
1350353,4,2024,2024,7,2,10,3371,17,36,3342,0,1,2,-33.433041,151.227047,16,2,2,0,0,0,0,0,0,0,7,50,2,2585,4009,8,16,40,1,0,1,0,0
1350356,4,2024,2024,0,3,1,112,27,109,256,0,1,1,-33.970233,150.868178,41,0,2,1,0,0,0,0,0,0,7,80,2,9859,9859,8,5,40,1,0,1,0,0
1350357,4,2024,2024,0,2,5,15,31,32,34609,1,0,9,-32.363543,149.5346,44,2,1,1,1,0,0,0,2,0,0,50,0,9859,9859,8,34,40,1,0,1,0,0
1350359,4,2024,2024,0,1,8,42,27,323,34609,0,1,1,-33.749862,150.968002,71,0,2,0,1,0,0,0,2,0,7,50,0,4552,5151,1,5,12,2,0,1,0,0
1350360,4,2024,2024,0,1,3,134,10,363,133,0,1,2,-33.811396,151.023039,54,0,2,1,2,0,0,0,2,0,7,70,2,9859,9859,8,15,40,1,0,2,0,0
1350361,1,2024,2024,0,6,4,2,1,112,34609,0,1,9,-36.051355,146.923938,0,2,1,1,1,0,0,0,2,0,7,60,0,2852,2852,4,10,5,2,0,0,0,1
1350362,2,2024,2024,0,3,8,1,27,57,34609,0,1,9,-34.672019,150.857382,35,2,1,1,0,0,0,0,2,0,7,40,0,214,214,9,0,28,2,0,0,1,0
1350364,2,2024,2024,0,1,7,3371,17,73,3342,0,1,2,-33.772362,151.162861,36,0,2,1,0,0,0,0,2,0,7,60,2,190,190,1,5,0,2,0,0,1,0
1350366,4,2024,2024,7,4,7,65,10,132,148,0,1,1,-34.080266,151.056746,68,0,2,0,0,0,0,0,2,0,7,60,2,1850,1463,5,16,40,1,0,1,0,0
1350369,4,2024,2024,0,5,8,13,27,73,13,0,1,9,-33.868796,151.21936,69,0,2,1,2,0,3,4,0,2,7,50,1,5929,5929,1,5,19,2,0,1,0,0
1350371,4,2024,2024,0,1,5,220,14,113,220,0,1,6,-34.302247,150.906065,80,0,2,1,0,0,0,0,2,0,7,80,2,1945,1945,5,16,40,1,0,1,0,0
1350377,1,2024,2024,0,0,4,1052,27,104,262,0,1,10,-32.909737,151.70956,48,0,2,1,2,0,0,0,2,2,7,60,2,2040,2040,9,0,28,2,0,0,0,1
1350385,2,2024,2024,8,6,7,43,2,92,42,0,1,7,-33.737283,150.955314,71,0,2,1,3,0,3,0,2,0,0,70,2,6545,6545,4,0,19,2,0,0,1,0
1350386,2,2024,2024,0,3,10,32,27,78,28,0,1,9,-33.895403,150.789936,41,0,2,1,3,0,0,0,4,0,7,70,1,775,775,4,5,0,2,0,0,1,0
1350388,1,2024,2024,0,0,6,53,31,433,34609,0,1,10,-33.291291,149.10544,52,2,1,1,3,0,0,0,2,0,0,50,0,6545,6545,4,0,5,2,0,0,0,1
1350396,2,2023,2023,6,0,5,9,10,176,34609,0,1,1,-33.957128,151.137211,4,0,2,1,3,0,0,3,2,0,7,50,0,3775,3775,0,5,5,2,0,0,1,0
1350398,1,2024,2024,0,6,9,26,31,94,34609,0,1,7,-33.836198,151.039243,54,0,2,1,3,0,0,0,3,0,0,50,0,6545,6545,4,10,5,2,0,0,0,1
1350399,2,2024,2024,0,0,9,178,27,316,34609,0,1,9,-33.913592,151.239748,59,0,2,1,1,0,0,0,3,0,9,50,0,2040,2040,9,10,28,2,0,0,1,0
1350401,2,2024,2024,0,5,3,3371,17,149,3342,0,1,7,-33.344453,151.368153,16,2,2,1,3,0,0,0,2,2,7,60,2,14295,14295,3,9,5,2,0,0,1,0
1350403,4,2024,2024,7,6,8,18,10,73,18,0,1,1,-33.775998,151.149622,36,0,2,1,3,0,0,0,3,0,7,60,1,3775,3775,0,5,12,2,0,1,0,0
1350406,4,2024,2024,0,3,6,81,27,147,34609,0,1,10,-33.736059,151.139688,36,0,2,1,3,0,0,0,2,0,0,50,0,6545,6545,4,0,0,2,0,1,0,0
1350408,2,2024,2024,7,3,8,8,27,68,34609,0,1,9,-33.738749,149.908443,51,1,0,0,3,0,0,0,2,0,7,100,0,1850,777,5,16,40,1,0,0,1,0
1350413,2,2024,2024,0,2,9,2261,17,284,2252,1,0,2,-33.905245,151.012703,15,0,2,0,3,0,0,0,3,0,7,70,2,14295,14295,3,0,5,2,0,0,1,0
1350414,2,2024,2024,0,2,10,3,31,26,34609,0,1,9,-34.0177,151.081229,68,0,2,1,3,0,0,0,0,0,7,50,0,2040,2040,9,0,28,3,0,0,1,1
1350422,2,2024,2024,0,0,5,2126,17,323,2149,0,1,10,-33.788972,150.854534,7,0,2,1,3,0,0,0,2,3,7,80,2,14295,14295,3,5,25,2,0,0,1,0
1350424,1,2024,2024,0,2,6,1104,14,142,962,0,1,3,-33.827614,151.000685,54,0,2,1,3,0,0,0,2,0,7,90,2,14295,14295,3,10,0,2,0,0,0,1
1350425,2,2024,2024,8,4,4,62,27,21,166,0,1,9,-33.229228,151.423171,16,2,2,1,3,0,3,3,2,2,6,60,2,14295,14295,3,9,0,3,0,0,1,0
1350427,2,2024,2024,0,4,10,133,17,12,121,0,1,1,-36.065385,149.157977,65,1,0,0,3,0,0,0,0,0,7,100,2,1259,5151,8,0,40,1,0,0,1,0
1350428,2,2024,2024,0,1,5,6,27,2,34609,0,1,1,-35.284533,148.050149,66,1,0,0,3,0,3,0,2,0,7,100,0,2585,4009,8,5,40,1,0,0,1,0
1350430,2,2024,2024,0,2,7,3371,17,147,3342,0,1,2,-33.750509,151.14691,36,0,2,0,3,0,0,0,2,0,0,60,2,14295,14295,3,5,0,2,0,0,1,0
1350434,2,2024,2024,7,0,6,16,36,17,43,0,1,9,-28.497796,153.527035,10,2,1,1,3,0,0,0,2,0,0,80,1,6545,6545,4,0,10,2,0,0,1,0
1350436,4,2024,2024,0,1,10,65,10,132,148,0,1,1,-34.161329,151.033172,68,0,2,0,3,0,0,0,0,0,7,60,2,2585,4009,8,5,40,1,0,2,0,0
1350439,4,2024,2024,0,4,11,3371,17,207,3342,0,1,2,-33.570686,151.192113,31,0,2,1,3,0,3,4,0,0,7,80,2,14295,14295,3,5,5,6,0,1,0,0
1350441,2,2024,2024,0,2,7,485,27,232,769,0,1,9,-33.687643,150.919937,71,0,2,1,3,0,0,0,2,2,7,80,2,14295,14295,3,30,0,2,0,0,1,0
1350442,2,2024,2024,3,5,3,28,31,137,54,0,1,2,-34.026426,151.055602,68,0,2,1,3,0,0,0,2,0,7,60,2,14295,14295,3,0,36,2,0,0,1,0
1350449,1,2024,2024,0,3,6,56,23,31,144,0,1,9,-33.889643,151.091244,9,0,2,1,3,0,0,0,2,0,7,60,2,2852,2852,4,5,5,2,0,0,0,1
1350452,1,2024,2024,0,4,8,866,17,110,793,0,1,10,-33.745713,151.05222,31,0,2,1,3,0,0,0,2,2,7,70,2,14295,14295,3,0,0,2,0,0,0,1
1350455,2,2024,2024,0,3,10,47,27,293,69,0,1,10,-33.941141,151.252813,59,0,2,0,3,0,0,0,0,2,7,50,1,4552,5151,1,5,0,4,0,0,1,0
1350457,2,2024,2024,0,4,10,84,27,252,31,0,1,1,-33.944771,150.885776,41,0,2,1,3,0,0,0,0,0,7,60,1,14295,14295,3,10,0,2,0,0,1,0
1350458,2,2024,2024,0,4,5,1,31,55,34609,0,1,1,-36.234689,149.129486,65,2,1,1,3,0,0,0,2,0,7,50,0,1981,1981,4,16,0,2,0,0,1,0
1350460,2,2024,2024,8,4,10,512,17,562,441,0,1,10,-32.253851,148.605658,22,2,1,1,3,0,0,0,0,2,7,60,2,83,83,1,16,13,2,0,0,1,0
1350466,2,2024,2024,0,4,8,177,31,65,208,0,1,10,-33.858883,150.916357,24,0,2,1,3,0,0,0,3,2,7,60,1,14295,14295,3,10,13,3,0,0,1,0
1350467,1,2024,2024,3,5,4,16,31,290,34609,0,1,9,-33.847827,150.97613,21,0,2,1,3,0,0,0,2,0,7,50,0,6545,6545,4,5,5,2,0,0,0,1
1350468,2,2024,2024,0,3,0,283,27,70,702,0,1,1,-33.978776,151.106097,25,0,2,1,3,0,0,0,0,0,7,70,2,9859,9859,1,5,5,2,0,0,1,0
1350472,1,2024,2024,3,0,7,3,1,646,34609,0,1,9,-33.919123,151.045345,15,0,2,1,3,0,0,0,2,0,7,50,0,9859,9859,8,0,40,1,0,0,0,1
1350473,2,2024,2024,0,5,10,916,17,44,917,0,1,9,-32.047432,150.858853,73,1,0,1,3,0,3,4,0,0,15,100,2,2852,2852,4,10,36,2,0,0,1,0
1350474,1,2024,2024,0,4,7,224,27,387,321,1,0,10,-33.92146,151.196417,4,0,2,0,3,0,0,0,2,2,7,50,2,1282,1282,1,5,5,2,0,0,0,1
1350476,4,2024,2024,0,4,7,12,27,90,28,0,1,1,-33.793347,150.940557,21,0,2,1,0,0,0,0,2,0,7,60,1,1192,1192,1,5,5,2,0,2,0,0
1350478,2,2024,2024,0,6,7,10,31,293,34609,0,1,9,-33.935935,151.232127,59,0,2,1,0,0,0,0,2,0,7,50,0,63,63,4,5,18,2,0,0,1,0
1350480,1,2024,2024,0,0,7,10,31,74,34609,0,1,1,-33.766622,150.680247,55,0,2,1,3,0,0,0,2,0,7,50,0,14295,14295,3,0,5,2,0,0,0,1
1350481,4,2024,2024,0,2,4,220,27,104,222,0,1,10,-33.725355,150.939898,7,0,2,1,3,0,0,0,2,2,7,80,2,6545,6545,4,0,5,2,0,1,0,0
1350487,1,2024,2024,3,2,10,220,27,92,222,0,1,10,-33.720413,150.937952,71,0,2,1,3,0,0,3,3,2,7,80,2,6545,6545,4,0,5,2,0,0,0,1
1350488,2,2024,2024,0,5,5,2,31,293,34609,0,1,1,-33.940424,151.260359,59,0,2,1,3,0,3,4,2,0,7,50,0,9859,9859,1,8,0,3,0,0,1,0
1350489,2,2024,2024,4,4,6,2209,17,35,2205,0,1,10,-34.362052,150.907133,80,0,2,1,1,0,0,0,2,2,7,80,2,14295,14295,3,10,0,2,0,0,1,0
1350492,1,2024,2024,7,4,2,99,31,84,105,0,1,9,-33.883398,150.938738,24,0,2,1,3,0,0,0,0,0,0,60,1,1282,1282,1,5,0,2,0,0,0,2
1350493,2,2024,2024,8,4,8,19,27,87,34609,1,0,1,-33.682962,150.930846,71,0,2,1,3,0,0,0,3,0,7,60,0,14295,14295,3,5,5,2,0,0,1,0
1350496,2,2024,2024,0,0,6,133,27,20,260,0,1,9,-32.932903,151.636635,37,0,2,1,3,0,0,0,2,2,7,60,2,14295,14295,3,5,5,3,0,0,1,0
1350498,2,2024,2024,0,2,3,7,27,61,34609,0,1,9,-33.750568,150.888346,7,0,2,1,3,0,0,0,2,0,15,50,0,5929,5929,1,5,5,3,0,0,1,0
1350499,2,2024,2024,0,6,9,32,27,169,88,0,1,1,-33.613731,150.741668,29,2,2,1,3,0,0,0,4,0,7,60,2,1089,1089,7,5,40,1,0,0,1,0
1350500,1,2024,2024,0,1,6,49,27,246,15,0,1,10,-33.897629,151.195544,69,0,2,1,3,0,0,0,2,2,7,50,1,1669,1669,3,30,5,2,0,0,0,2
1350502,2,2024,2024,8,6,7,55,27,64,34,0,1,1,-32.948179,151.686007,48,0,2,1,3,0,3,4,2,0,7,60,1,14295,14295,3,0,0,3,0,0,1,0
1350503,1,2024,2024,0,6,7,1104,14,139,962,0,1,3,-33.876702,151.14127,32,0,2,1,3,0,0,0,2,0,7,90,2,1282,1282,1,5,5,2,0,0,0,1
1350508,1,2024,2024,0,0,10,2261,17,140,2252,0,1,2,-33.898353,150.995057,15,0,2,1,3,0,3,4,0,3,7,70,2,14295,14295,3,5,13,2,0,0,0,1
1350509,1,2024,2024,0,4,7,2,27,173,34609,0,1,1,-33.778825,151.122141,61,0,2,1,3,0,0,0,2,0,7,50,0,1981,1981,4,5,5,2,0,0,0,1
1350510,2,2024,2024,0,1,8,11,27,136,34609,1,0,1,-33.914739,151.074801,15,0,2,1,1,0,0,0,2,0,7,50,0,1192,1192,1,5,18,2,0,0,1,0
1350511,1,2024,2024,4,5,5,196,10,166,168,0,1,9,-33.936684,150.980849,15,0,2,1,3,0,0,0,2,0,0,60,2,1391,1391,1,5,0,2,0,0,0,1
1350513,1,2024,2024,0,6,10,44,31,304,34609,0,1,1,-33.908345,151.172499,32,0,2,1,3,0,0,0,0,0,7,50,0,1383,1383,1,30,19,2,0,0,0,1
1350517,4,2024,2024,0,0,3,1052,14,57,928,0,1,3,-33.674146,151.119889,31,0,2,0,3,0,0,0,2,0,7,110,2,1391,1391,1,10,5,3,0,1,1,0
1350518,2,2024,2024,0,5,9,2,23,86,34609,0,1,1,-33.732677,151.220794,50,0,2,1,3,0,0,0,4,0,7,50,0,9859,9859,1,10,5,3,0,0,1,0
1350523,1,2024,2024,0,5,3,92,27,129,244,0,1,2,-33.899641,151.090342,9,0,2,1,3,0,0,0,1,0,7,60,2,14295,14295,3,5,5,2,0,0,0,1
1350524,2,2024,2024,0,0,9,72,27,193,56,0,1,9,-33.790906,151.065782,61,0,2,0,3,0,0,0,0,2,7,60,2,775,775,4,0,5,2,0,0,1,0
1350525,2,2024,2024,7,5,5,5,27,95,34609,1,0,10,-34.389855,150.893593,80,0,2,1,3,0,0,0,2,2,7,50,0,3775,3775,0,5,5,4,0,0,1,1
1350526,2,2024,2024,0,0,2,2261,17,523,2252,0,1,10,-33.919514,150.919343,41,0,2,1,3,0,0,0,0,2,7,60,2,1383,1383,1,10,35,3,0,0,1,0