Crash ID,Degree of crash - detailed,Reporting year,Year of crash,Month of crash,Day of week of crash,Two-hour intervals,Street of crash,Street type,Town,Route no.,School zone location,School zone active,Type of location,Latitude,Longitude,LGA,Urbanisation,Conurbation 1,Alignment,Street lighting,Road surface,Surface condition,Weather,Natural lighting,Signals operation,Other traffic control,Speed limit,Road classification,RUM - code,DCA - code,First impact type,Key TU type,Other TU type,No. of traffic units involved,No. killed,No. seriously injured,No. moderately injured,No. minor-other injured
1350529,2,2024,2024,0,5,5,2209,17,176,2205,1,0,2,-33.96576,151.136841,25,0,2,1,3,0,0,0,2,0,7,60,2,14295,14295,3,5,5,2,0,0,1,0
1350532,1,2024,2024,0,5,6,51,1,80,69,0,1,10,-33.939394,151.223916,4,0,2,1,3,0,0,0,2,2,9,50,1,14295,14295,3,5,0,2,0,0,0,1
1350533,4,2024,2024,0,6,2,123,27,37,120,1,0,1,-33.898879,151.253922,76,0,2,1,3,0,0,0,1,0,7,50,2,3775,3775,0,0,0,2,0,1,0,1
1350536,2,2024,2024,0,1,4,40,34,3,34609,0,1,1,-31.137237,152.345077,56,1,0,1,3,2,3,0,2,0,7,100,0,1945,1945,5,16,40,1,0,0,1,0
1350538,1,2024,2024,0,0,4,53,31,67,125,1,0,9,-33.879256,151.007542,15,0,2,1,3,0,3,4,2,0,9,60,1,14295,14295,3,5,5,2,0,0,0,1
1350540,1,2024,2024,0,5,8,2209,17,179,2205,0,1,9,-36.738623,149.817585,5,1,0,1,3,0,0,0,3,0,0,100,2,2852,2852,4,0,0,2,0,0,0,1
1350542,1,2024,2024,0,6,6,175,27,21,220,0,1,9,-33.731262,150.921332,7,0,2,1,3,0,0,0,2,2,7,70,2,14295,14295,3,5,0,2,0,0,0,1
1350545,2,2024,2024,8,6,4,125,27,32,144,0,1,1,-32.747334,152.112913,57,1,0,1,0,0,3,4,2,0,7,90,2,9859,9859,8,5,40,1,0,0,1,0
1350548,1,2024,2024,0,4,8,3371,17,149,3342,1,0,9,-33.353919,151.369378,16,2,2,0,3,0,0,0,2,3,7,60,2,14295,14295,3,10,5,2,0,0,0,1
1350549,4,2024,2024,0,0,7,3,10,26,34609,0,1,1,-33.760817,150.881368,7,0,2,0,1,0,0,0,2,0,7,50,0,1850,1463,5,15,40,1,0,1,0,0
1350550,4,2023,2023,9,1,7,43,27,61,76,0,1,2,-32.923324,151.723552,48,0,2,1,1,0,0,0,2,0,7,60,1,591,591,1,22,0,2,0,1,0,0
1350552,2,2024,2024,0,6,11,13,27,273,34609,0,1,7,-34.421159,150.883367,80,0,2,1,2,0,0,0,0,0,0,50,0,1945,1945,5,15,40,1,0,0,1,0
1350553,2,2024,2024,7,3,9,6,27,13,48,0,1,1,-32.722981,151.588625,42,2,1,1,2,0,0,0,0,0,7,80,1,9859,9859,1,0,5,2,0,0,1,0
1350556,4,2023,2023,2,5,3,1052,14,83,928,0,1,3,-33.476539,151.189146,16,1,2,1,1,0,0,0,2,0,7,110,2,1282,1282,1,8,5,3,0,1,0,0
1350565,2,2024,2024,0,1,6,39,10,87,65,0,1,10,-33.699732,150.959029,71,0,2,1,3,0,0,0,2,2,7,60,1,5929,5929,1,0,5,2,0,0,1,0
1350569,2,2024,2024,0,5,7,32,10,27,34609,0,1,1,-32.761854,151.596727,42,2,1,1,1,0,0,0,2,0,7,60,0,1981,1981,4,0,19,2,0,0,2,0
1350570,1,2024,2024,7,2,10,178,31,143,34609,0,1,10,-33.878912,151.103385,9,0,2,1,2,0,2,6,0,3,7,40,0,14295,14295,3,10,0,4,0,0,0,1
1350571,2,2024,2024,7,3,1,2209,17,40,2205,0,1,2,-34.703216,150.837389,35,2,1,0,2,0,0,0,0,0,7,80,2,4552,5151,8,0,40,1,0,0,1,0
1350577,2,2024,2024,7,0,6,45,27,60,32,0,1,9,-33.83409,151.145532,51,0,2,1,2,0,0,0,2,2,7,50,2,926,926,4,5,19,2,0,0,1,0
1350579,2,2024,2024,0,1,5,222,31,120,34609,0,1,7,-32.197527,152.526177,43,2,1,1,0,0,0,0,2,0,0,50,0,926,926,4,5,0,2,0,0,1,0
1350580,2,2024,2024,0,0,10,119,31,145,140,0,1,1,-33.927446,151.110665,15,0,2,1,2,0,0,0,0,0,7,50,1,1282,1282,1,9,13,3,0,0,1,0
1350581,4,2024,2024,0,3,3,3371,17,13,3342,0,1,2,-29.975087,153.137739,18,1,0,0,1,0,3,4,2,0,7,110,2,1957,4009,8,0,40,1,0,1,0,0
1350585,1,2024,2024,0,6,4,19,31,57,34609,0,1,10,-34.563597,150.813791,62,0,2,1,0,0,0,0,2,0,0,50,0,6545,6545,4,5,5,2,0,0,0,1
1350586,4,2024,2024,0,6,7,44,27,443,34609,1,0,1,-33.910635,151.055805,15,0,2,1,1,0,0,0,2,0,7,50,0,9859,9859,1,22,5,2,0,1,0,0
1350587,4,2024,2024,0,4,6,19,10,89,34609,0,1,9,-28.228744,153.538076,72,2,1,0,1,0,0,0,2,0,7,50,0,6545,6545,4,0,5,2,0,1,0,0
1350588,4,2024,2024,7,2,3,23,31,163,74,1,0,10,-33.862607,151.10809,14,0,2,1,0,0,0,0,2,2,7,50,1,6545,6545,4,5,0,2,0,1,1,0
1350592,2,2024,2024,0,1,9,119,31,133,34609,0,1,1,-33.917671,151.018308,15,0,2,1,2,0,0,0,0,0,7,50,0,3775,3775,0,5,5,2,0,0,1,0
1350595,2,2024,2024,0,2,11,49,31,83,34609,0,1,7,-29.70368,152.940502,18,2,1,1,2,0,3,4,0,0,0,50,0,1945,1945,5,16,40,1,0,0,1,0
1350599,2,2024,2024,0,0,10,213,17,83,213,0,1,10,-29.707116,152.937529,18,2,1,1,2,0,0,0,0,0,0,50,2,6545,6545,4,5,5,2,0,0,1,0
1350600,4,2024,2024,0,3,5,1104,14,223,962,0,1,3,-33.805455,150.91535,7,0,2,1,1,0,0,0,2,0,7,100,2,1192,1192,1,0,5,2,0,1,0,0
1350601,2,2024,2024,0,6,3,293,31,128,369,0,1,10,-33.624045,150.801179,29,2,2,1,1,0,0,3,2,0,0,60,2,1669,1669,3,10,13,3,0,0,1,1
1350605,2,2024,2024,7,2,8,169,1,92,94,0,1,9,-33.880574,150.975386,24,0,2,1,0,0,0,0,2,0,15,60,1,9859,9859,8,9,40,1,0,0,1,0
1350611,4,2024,2024,0,2,8,17,27,7,18,0,1,10,-35.279529,148.241289,66,1,0,1,0,0,0,0,2,0,0,100,1,6545,6545,4,0,5,2,0,2,0,0
1350613,1,2024,2024,0,0,10,105,27,70,109,0,1,9,-33.885278,150.884744,24,0,2,1,2,0,0,0,0,0,0,60,1,3775,3775,0,5,0,3,0,0,0,1
1350614,2,2024,2024,7,3,11,2261,17,31,2252,0,1,3,-34.029715,150.824137,13,0,2,1,0,0,0,0,0,0,7,110,2,14295,14295,3,5,10,2,0,0,1,0
1350615,4,2024,2024,0,5,0,165,31,166,34609,0,1,1,-33.420471,149.573215,3,2,1,1,2,0,0,0,0,0,7,50,0,9859,9859,1,0,10,2,0,1,0,0
1350616,2,2024,2024,0,5,6,177,31,314,208,0,1,10,-33.861977,150.938956,24,0,2,1,1,0,3,4,2,2,7,60,1,5929,5929,1,0,10,2,0,0,1,0
1350620,4,2024,2024,0,0,3,866,17,278,793,0,1,9,-33.78299,151.047553,54,0,2,1,2,0,3,4,0,2,9,60,2,1220,1220,9,10,28,2,0,1,0,0
1350621,4,2024,2024,0,2,4,6,31,75,34609,0,1,10,-33.714332,150.368161,8,2,2,1,1,0,0,0,2,0,0,50,0,6545,6545,4,5,36,2,0,2,1,0
1350623,4,2024,2024,0,1,8,3371,17,149,3342,0,1,2,-33.363921,151.37121,16,2,2,0,0,0,0,0,2,0,7,60,2,4552,5151,8,0,40,1,0,1,1,0
1350626,2,2024,2024,3,0,10,2261,17,35,2252,0,1,3,-34.390656,150.519634,78,1,0,1,0,0,0,0,0,0,7,110,2,190,190,1,8,10,2,0,0,1,0
1350627,2,2024,2024,0,6,6,387,36,86,69,0,1,9,-33.7041,151.214356,50,0,2,1,1,0,0,0,2,2,7,80,2,5929,5929,1,0,0,2,0,0,1,0
1350632,2,2024,2024,3,2,3,500,27,198,799,0,1,10,-33.91823,151.104401,15,0,2,1,2,0,0,0,2,2,7,60,2,926,926,4,0,5,2,0,0,1,0
1350633,4,2024,2024,0,5,5,2261,17,44,2252,0,1,9,-33.897356,150.952857,24,0,2,1,0,0,0,0,2,2,7,70,2,9859,9859,8,5,40,2,0,1,0,0
1350634,4,2024,2024,7,1,8,168,17,13,212,0,1,1,-35.482075,149.904377,58,1,0,0,0,0,0,0,2,0,7,100,2,1259,5151,8,9,40,1,0,1,0,0
1350641,2,2024,2024,0,4,9,13,31,120,81,0,1,2,-32.193483,152.514381,43,2,1,1,2,0,0,0,0,0,7,60,2,4026,4026,8,30,40,1,0,0,2,0
1350646,2,2024,2024,4,6,7,27,27,54,65,0,1,9,-33.704113,151.008478,71,0,2,1,1,0,0,0,2,0,7,60,1,3775,3775,0,0,5,3,0,0,1,1
1350649,2,2024,2024,0,3,3,73,27,443,78,0,1,1,-33.904802,151.04306,15,0,2,1,1,0,0,0,1,0,7,60,2,9859,9859,1,0,12,2,0,0,1,0
1350650,2,2024,2024,0,5,8,103,36,17,103,0,1,1,-32.027317,152.206394,43,1,0,0,0,0,3,0,2,0,7,90,1,2585,4009,8,0,40,1,0,0,1,0
1350654,2,2024,2024,7,6,8,3371,17,54,3342,0,1,2,-28.523299,153.529947,10,1,0,0,1,0,3,4,2,0,7,110,2,1259,5151,8,10,40,1,0,0,1,0
1350655,2,2024,2024,0,3,7,2,31,29,34609,0,1,10,-31.276811,149.273479,51,2,1,1,0,0,0,0,2,0,0,50,0,6545,6545,4,34,0,2,0,0,1,0
1350659,4,2024,2024,0,5,0,20,27,132,148,0,1,1,-34.063731,151.056962,68,0,2,1,0,0,0,0,0,0,7,60,2,9859,9859,8,5,40,1,0,2,0,1
1350660,2,2024,2024,0,6,8,37,27,94,105,0,1,1,-33.889572,150.932182,24,0,2,1,1,0,0,0,2,0,7,60,1,14295,14295,3,5,0,2,0,0,1,0
1350662,4,2024,2024,0,5,5,9,27,8,39,0,1,1,-31.452555,149.820439,51,1,0,0,0,0,0,0,2,0,7,100,1,418,714,5,16,40,1,0,1,0,0
1350665,2,2024,2024,0,1,8,13,10,75,34609,0,1,1,-32.787431,151.628951,42,2,1,1,2,0,0,0,0,0,7,50,0,9859,9859,1,5,13,4,0,0,1,0
1350666,4,2024,2024,7,5,2,1,1,140,34609,0,1,1,-33.894938,150.987275,15,0,2,1,2,0,0,0,1,0,7,50,0,2040,2040,9,5,28,2,0,1,0,0
1350668,2,2024,2024,3,3,8,32,31,161,34609,0,1,1,-33.731942,151.167715,36,0,2,1,0,0,0,0,2,0,7,50,0,9859,9859,1,5,5,2,0,0,1,0
1350669,4,2024,2024,4,1,5,35,27,193,33,0,1,1,-33.785927,151.08874,61,0,2,1,1,0,0,3,2,0,7,60,1,4026,4026,1,5,5,2,0,1,0,0
1350671,1,2024,2024,3,3,0,1104,14,323,962,0,1,3,-33.799965,150.862217,7,0,2,1,2,0,0,0,0,0,7,100,2,1282,1282,1,10,0,2,0,0,0,1
1350672,2,2024,2024,3,4,2,2261,17,33,2252,0,1,3,-34.023722,150.823984,13,0,2,1,0,0,0,0,0,0,7,110,2,1945,1945,5,16,40,1,0,0,1,0
1350673,4,2024,2024,0,0,5,165,31,363,34609,0,1,1,-33.815069,151.009803,54,0,2,1,2,0,0,0,2,0,7,40,0,2040,2040,9,9,26,2,0,1,0,0
1350675,4,2024,2024,0,4,4,194,31,24,103,0,1,10,-32.01267,151.958081,43,2,1,1,0,0,0,0,2,0,0,60,1,2852,2852,4,5,19,2,0,1,1,0
1350682,1,2024,2024,0,6,8,193,1,143,34609,0,1,1,-33.874177,151.10356,9,0,2,1,0,0,0,0,2,0,7,40,0,941,941,1,5,19,2,0,0,0,1
1350684,2,2024,2024,0,0,4,83,31,228,34609,0,1,10,-34.760827,149.73135,26,2,1,1,0,0,0,0,2,0,0,50,0,6545,6545,4,0,25,2,0,0,2,0
1350688,4,2024,2024,0,2,5,3371,17,77,3342,0,1,2,-33.030002,151.661054,37,0,2,1,0,0,0,0,2,0,7,60,2,1981,1981,4,5,27,2,0,1,0,0
1350691,2,2024,2024,0,5,3,42,36,44,34609,0,1,9,-30.589388,152.998253,47,1,0,1,0,0,0,3,2,0,0,90,0,5929,5929,1,0,36,2,0,0,1,0
1350695,4,2024,2024,0,0,6,2126,17,363,2149,0,1,10,-33.820265,151.003978,54,0,2,0,0,0,0,0,2,2,6,60,2,5929,5929,1,5,0,2,0,1,2,0
1350706,2,2024,2024,0,0,4,36,36,9,139,0,1,10,-34.519907,146.283452,51,1,0,1,0,0,0,0,2,0,0,100,2,6545,6545,4,8,0,2,0,0,1,0
1350707,2,2024,2024,0,6,9,161,17,23,161,0,1,1,-36.613921,149.498812,5,1,0,1,0,0,0,0,0,0,7,100,2,14295,14295,3,10,25,2,0,0,1,0
1350708,4,2024,2024,0,1,9,3371,17,121,3342,0,1,2,-28.206163,153.541694,72,1,0,1,2,0,0,0,0,0,7,100,2,1282,1282,1,29,5,2,0,1,0,0
1350709,2,2024,2024,8,6,10,36,27,11,82,0,1,1,-35.17527,147.331726,75,2,1,1,0,0,0,0,0,0,7,80,1,9859,9859,8,30,40,1,0,0,1,0
1350710,4,2023,2023,9,6,3,1052,14,118,928,0,1,3,-33.41786,151.294954,16,1,2,0,1,0,0,0,2,0,7,110,2,14295,14295,3,10,5,3,0,1,0,0
1350724,1,2024,2024,0,6,9,149,10,346,702,0,1,9,-33.875349,151.067121,67,0,2,1,2,0,0,0,0,2,7,80,2,14295,14295,3,5,40,2,0,0,0,1
1350726,2,2024,2024,0,4,5,7,36,1,8,0,1,1,-30.581892,148.964956,51,1,0,1,0,2,0,0,2,0,7,100,1,9859,9859,8,5,40,1,0,0,1,0
1350728,4,2024,2024,0,6,6,37,27,62,34609,0,1,7,-34.089348,150.810563,13,0,2,1,0,0,0,0,2,0,0,60,0,6545,6545,4,5,19,2,0,1,0,0
1350733,2,2024,2024,7,2,6,12,10,26,34609,0,1,1,-33.278458,151.564385,16,2,2,1,1,0,0,3,2,0,7,50,0,9859,9859,8,5,40,1,0,0,1,0
1350734,4,2024,2024,0,2,8,31,24,18,36,1,0,9,-33.746026,151.113448,36,0,2,1,1,0,0,0,2,0,15,60,1,2852,2852,4,5,0,2,0,1,1,0
1350736,2,2024,2024,0,1,8,13,31,108,34609,0,1,7,-28.862902,153.565712,2,2,1,1,0,0,0,0,2,0,0,50,0,6545,6545,4,0,27,2,0,0,1,0
1350741,4,2024,2024,0,2,9,79,27,290,159,0,1,1,-33.945404,151.124992,4,0,2,0,1,0,3,3,0,0,7,60,2,3775,3775,0,5,5,2,0,1,0,0
1350744,2,2023,2023,9,3,11,294,17,215,288,0,1,7,-35.115438,147.345609,75,2,1,0,2,0,0,0,0,0,0,60,2,6545,6545,4,8,12,2,0,0,1,0
1350745,1,2024,2024,3,4,4,2,31,134,34609,0,1,10,-33.68227,150.877503,7,0,2,1,0,0,0,0,2,0,0,50,0,6545,6545,4,5,0,2,0,0,0,1
1350750,2,2024,2024,0,3,1,51,31,562,34609,1,0,9,-32.259678,148.611409,22,2,1,1,2,0,0,0,0,0,7,50,0,9859,9859,8,30,40,1,0,0,1,0
1350752,4,2024,2024,0,0,8,21,22,115,21,0,1,6,-33.915453,151.184014,69,0,2,1,0,0,0,0,2,0,7,60,2,14295,14295,3,10,12,2,0,1,0,0
1350754,2,2024,2024,0,1,8,78,27,31,61,0,1,1,-33.890644,151.022314,15,0,2,1,1,0,0,0,2,0,9,60,1,1220,1220,9,5,28,2,0,0,1,0
1350755,4,2024,2024,0,0,6,114,27,21,65,0,1,1,-33.345961,151.15958,16,2,2,0,0,0,0,0,2,0,7,80,1,4552,5151,8,16,40,1,0,1,0,0
1350759,2,2024,2024,0,2,5,3371,17,35,3342,0,1,2,-29.935033,153.094343,18,1,0,0,0,0,0,0,2,0,7,110,2,418,714,5,0,40,1,0,0,2,1
1350760,4,2024,2024,0,5,8,500,27,293,799,1,0,9,-33.93177,151.057653,15,0,2,1,0,0,0,0,2,2,7,60,2,591,591,1,22,12,2,0,1,0,0
1350761,4,2024,2024,7,0,8,2261,17,112,2252,0,1,9,-33.914341,150.924756,41,0,2,1,1,0,0,0,2,2,7,70,2,5929,5929,1,5,5,2,0,1,1,0
1350770,1,2024,2024,0,4,3,30,1,55,34609,0,1,1,-33.890728,151.282742,76,0,2,1,1,0,0,0,1,0,7,50,0,186,186,9,9,28,3,0,0,0,2
1350773,2,2024,2024,0,2,8,11,31,6,34609,0,1,9,-32.657822,149.8487,44,2,1,0,1,0,0,0,2,0,7,80,0,1850,777,5,16,40,1,0,0,1,0
1350775,2,2024,2024,7,3,5,133,23,14,34609,0,1,1,-36.172915,150.134199,23,2,1,0,0,0,0,0,2,0,7,50,0,591,591,1,22,12,2,0,0,1,0
1350778,2,2024,2024,0,1,3,7,27,8,34609,0,1,1,-34.152944,148.124647,30,1,0,0,0,0,0,0,1,0,7,100,0,1850,1463,5,10,40,1,0,0,1,0
1350779,2,2024,2024,0,4,4,3,27,5,34609,0,1,1,-28.202506,153.564479,72,2,1,0,0,0,0,0,2,0,7,50,0,3775,3775,0,0,5,2,0,0,2,0
1350781,4,2024,2024,0,4,7,5,27,70,34609,0,1,1,-34.541393,150.300853,78,1,0,1,0,0,0,0,2,0,7,90,0,9859,9859,8,0,40,1,0,1,0,0
1350782,1,2024,2024,3,6,6,2261,17,34,2252,0,1,2,-34.805902,149.605004,26,2,1,1,0,0,0,0,2,0,7,80,2,1945,1945,5,16,40,1,0,0,0,1
1350783,4,2024,2024,0,5,10,97,31,460,92,0,1,1,-33.831555,150.992837,21,0,2,1,2,0,0,0,0,0,7,60,1,9859,9859,8,0,40,1,0,1,1,0
1350804,2,2024,2024,0,5,7,20,31,135,101,0,1,9,-32.897593,151.736239,48,0,2,1,1,0,3,4,2,0,2,60,2,591,591,1,22,41,2,0,0,1,0
1350808,4,2024,2024,7,5,8,1,27,118,34609,0,1,1,-33.33281,151.269596,16,1,2,0,0,2,0,0,2,0,7,100,0,1850,1463,5,33,40,1,0,1,0,0
1350815,4,2023,2023,9,0,6,2,1,62,34609,0,1,1,-32.920801,151.625289,37,0,2,1,1,0,0,0,2,0,7,50,0,9859,9859,1,0,25,2,0,1,0,0
1350818,4,2023,2023,2,4,8,346,17,9,332,0,1,1,-28.925083,152.343074,51,1,0,0,0,0,0,0,2,0,7,100,2,1957,4009,8,5,40,1,0,1,0,0
1350827,2,2024,2024,7,3,5,220,14,133,220,0,1,3,-34.521433,150.78853,80,0,2,1,0,0,0,0,2,0,7,100,2,1383,1383,1,5,0,2,0,0,1,0
1350828,2,2024,2024,0,6,0,7,27,290,34609,0,1,1,-33.946125,151.122658,4,0,2,0,3,0,0,0,0,0,7,50,0,4552,5151,1,10,0,3,0,0,1,0
1350831,4,2024,2024,0,2,5,2209,17,201,2205,0,1,1,-34.881651,150.604119,63,2,1,1,3,0,0,0,2,0,7,70,2,14295,14295,3,10,5,4,0,1,0,0
1350834,2,2024,2024,0,5,2,1,27,9,34609,0,1,9,-35.012051,150.64393,63,2,1,0,3,0,3,4,0,0,0,80,0,2585,777,8,5,40,1,0,0,1,0
1350836,1,2024,2024,8,4,4,43,27,56,87,0,1,2,-34.453903,150.873754,80,0,2,1,3,0,0,0,2,0,7,80,2,14295,14295,3,0,5,2,0,0,0,1
1350837,2,2024,2024,0,0,5,224,27,387,321,1,0,2,-33.928814,151.194876,4,0,2,1,3,0,0,0,2,0,7,50,2,1282,1282,1,5,40,1,0,0,1,0
1350839,4,2024,2024,8,6,6,24,31,112,60,0,1,10,-36.052535,146.933525,0,2,1,1,3,0,0,0,2,2,7,60,1,6545,6545,4,10,0,2,0,1,0,0
1350842,1,2024,2024,0,2,6,344,27,24,382,0,1,1,-33.729197,150.845878,7,0,2,1,3,0,0,0,2,0,7,70,2,14295,14295,3,0,5,2,0,0,0,1
1350844,4,2024,2024,0,0,7,3371,17,143,3342,0,1,9,-33.702357,151.099391,31,0,2,1,3,0,0,0,2,2,7,60,2,5929,5929,1,0,5,2,0,1,0,1
1350848,2,2024,2024,0,1,5,3371,17,44,3342,0,1,2,-32.386928,152.240198,43,1,0,1,3,0,0,0,2,0,7,110,2,14295,14295,3,29,10,2,0,0,1,0
1350851,2,2023,2023,2,6,6,2126,17,283,2149,0,1,9,-33.826538,151.004796,54,0,2,1,3,0,0,0,2,2,7,60,2,14295,14295,3,21,5,2,0,0,1,0
1350852,2,2024,2024,8,0,9,2261,17,45,2252,0,1,3,-34.315821,150.584787,79,1,2,0,3,0,3,4,3,0,7,110,2,14295,14295,3,30,5,4,0,0,1,0
1350856,2,2024,2024,3,4,9,74,27,66,59,0,1,10,-34.478424,150.886911,80,0,2,0,3,0,0,0,2,2,7,60,2,6545,6545,4,0,0,3,0,0,1,1
1350857,1,2024,2024,8,3,5,18,1,42,26,0,1,10,-36.010069,146.374115,51,2,1,1,3,0,0,0,2,0,0,60,2,6545,6545,4,5,0,2,0,0,0,1
1350861,2,2024,2024,0,1,7,93,10,95,13,0,1,2,-34.406264,150.892084,80,0,2,0,3,0,0,0,2,0,7,80,2,14295,14295,3,0,0,2,0,0,1,0
1350863,1,2024,2024,0,3,9,20,31,150,140,0,1,1,-33.924211,151.22901,59,0,2,0,3,0,0,0,4,0,7,50,2,14295,14295,3,15,0,2,0,0,0,1
1350864,2,2024,2024,8,2,7,866,17,278,793,0,1,9,-33.778885,151.052302,54,0,2,1,3,0,0,3,2,0,2,60,2,775,775,4,5,5,2,0,0,1,1
1350866,4,2024,2024,8,2,5,126,27,74,168,0,1,10,-34.048065,150.761704,12,0,2,1,3,0,0,0,2,2,7,80,2,14295,14295,3,10,0,2,0,1,0,0
1350868,2,2024,2024,0,5,7,1052,14,77,928,0,1,3,-33.53834,151.19896,16,1,2,1,3,0,0,0,2,0,7,110,2,1383,1383,1,0,5,2,0,0,1,0
1350869,2,2024,2024,8,0,10,110,27,445,40,0,1,9,-33.849519,151.054213,54,0,2,0,3,0,3,4,0,0,7,60,1,2585,777,8,9,40,1,0,0,1,0
1350870,4,2024,2024,0,1,8,178,27,189,101,0,1,9,-33.942322,151.054122,15,0,2,1,1,0,0,0,3,1,7,50,1,5929,5929,1,5,5,2,0,1,0,0
1350873,1,2024,2024,0,2,7,9,1,163,34609,0,1,1,-33.855332,151.097176,14,0,2,1,3,0,0,0,2,0,7,50,0,14295,14295,3,5,5,2,0,0,0,1
1350874,2,2024,2024,8,6,10,115,27,138,114,0,1,9,-33.883037,151.269276,76,0,2,1,2,0,3,4,0,0,7,50,2,2852,2852,4,5,18,2,0,0,1,0
1350879,1,2023,2023,1,6,8,49,31,39,34609,0,1,7,-33.843766,151.210564,49,0,2,1,3,0,3,4,3,0,0,40,0,6545,6545,4,5,27,2,0,0,0,1
1350880,1,2024,2024,8,0,6,77,31,445,563,0,1,9,-33.869326,151.042397,21,0,2,0,3,0,3,4,2,2,7,70,2,1669,1669,3,5,0,3,0,0,0,1
1350882,4,2024,2024,7,5,8,47,26,201,160,0,1,9,-34.014347,150.867895,13,0,2,1,3,0,0,0,3,0,0,60,2,5929,5929,1,0,5,2,0,1,0,0
1350883,2,2024,2024,0,1,9,866,17,61,793,0,1,10,-33.893063,150.922393,24,0,2,1,3,0,0,0,4,2,7,70,2,14295,14295,3,5,5,2,0,0,2,3
1350884,1,2024,2024,0,3,10,485,27,323,769,0,1,9,-33.757108,150.989574,71,0,2,1,3,0,0,0,0,0,7,60,2,14295,14295,3,5,0,2,0,0,0,1
1350886,2,2024,2024,7,5,3,17,1,147,34609,0,1,1,-33.752846,151.289091,50,0,2,1,3,0,0,0,2,0,7,40,0,1109,397,1,5,27,2,0,0,1,0
1350888,1,2024,2024,7,3,5,3371,17,54,3342,0,1,1,-33.230588,151.502789,16,2,2,1,3,0,0,0,2,0,7,60,2,1282,1282,1,5,5,2,0,0,0,1
1350890,2,2024,2024,8,4,8,1104,14,113,962,0,1,3,-33.784333,150.731045,55,0,2,1,3,0,0,3,2,0,7,110,2,14295,14295,3,10,0,2,0,0,1,0
1350892,1,2024,2024,8,6,8,3371,17,463,3342,0,1,2,-30.319374,153.088836,19,2,1,1,3,0,3,4,3,0,7,60,2,14295,14295,3,5,5,2,0,0,0,1
1350893,1,2024,2024,0,6,7,133,31,90,56,0,1,1,-33.889413,151.240335,81,0,2,1,3,0,0,0,2,0,7,50,1,14295,14295,3,5,0,3,0,0,0,1
1350897,2,2024,2024,8,0,7,44,31,74,34609,0,1,1,-34.635282,148.025524,20,2,1,1,3,0,0,0,2,0,7,50,0,5929,5929,1,5,5,2,0,0,2,0
1350902,2,2024,2024,8,5,7,485,27,232,769,0,1,2,-33.674986,150.911098,71,0,2,0,3,0,0,3,2,0,7,80,2,4552,5151,8,5,40,1,0,0,1,0
1350903,1,2024,2024,0,1,9,2261,17,243,2252,0,1,9,-33.957723,150.884303,41,0,2,1,3,0,0,0,3,0,7,70,2,1391,1391,1,30,5,2,0,0,0,1
1350905,1,2024,2024,0,1,3,16,27,143,19,0,1,10,-33.69682,151.107535,31,0,2,1,3,0,0,3,2,0,0,60,1,1282,1282,1,5,0,2,0,0,0,1
1350906,1,2024,2024,8,2,5,63,27,103,34,0,1,2,-32.942915,151.660063,37,0,2,1,3,0,0,0,2,0,7,60,1,14295,14295,3,5,0,2,0,0,0,1
1350909,1,2024,2024,0,2,6,2209,17,59,2205,1,0,1,-34.326404,150.913306,80,0,2,0,3,0,0,0,2,0,7,60,2,14295,14295,3,5,5,2,0,0,0,1
1350910,1,2024,2024,0,6,9,2209,17,64,2205,0,1,10,-34.383514,150.900176,80,0,2,1,3,0,0,0,3,2,7,80,2,14295,14295,3,5,36,3,0,0,0,1
1350912,1,2024,2024,8,0,9,232,36,109,331,0,1,10,-33.953238,150.856048,41,0,2,1,3,0,3,4,0,2,7,70,2,14295,14295,3,5,5,2,0,0,0,1
1350915,2,2024,2024,0,6,6,500,27,41,799,0,1,9,-33.907558,151.125947,32,0,2,0,3,0,0,0,2,0,0,60,2,1391,1391,1,15,12,2,0,0,1,0
1350916,1,2024,2024,8,4,4,280,10,162,82,0,1,1,-33.850855,150.913392,24,0,2,1,3,0,0,0,2,2,7,60,1,14295,14295,3,5,5,2,0,0,0,1
1350917,2,2024,2024,8,1,6,12,27,22,34609,0,1,1,-35.16629,149.99584,58,2,1,0,0,0,3,4,2,0,7,80,0,782,957,5,0,40,1,0,0,1,0
1350918,1,2024,2024,0,5,6,177,31,314,208,0,1,7,-33.860348,150.927516,24,0,2,0,3,0,3,0,2,0,0,60,1,1282,1282,1,5,13,2,0,0,0,1
1350919,1,2024,2024,0,5,4,9,31,166,34609,0,1,1,-33.419557,149.567648,3,2,1,1,0,0,0,0,2,0,7,50,0,1109,787,1,5,0,2,0,0,0,1
1350927,2,2024,2024,8,6,8,6,31,363,34609,0,1,10,-33.820388,150.994204,54,0,2,1,3,0,3,4,0,0,15,50,0,6545,6545,4,5,0,2,0,0,1,0
1350930,2,2024,2024,8,1,9,7,27,10,81,0,1,1,-32.09153,152.441641,43,2,1,0,3,0,0,3,3,0,7,80,2,4552,5151,8,0,40,1,0,0,1,0
1350931,1,2024,2024,0,6,5,14,27,40,88,1,0,9,-33.794315,151.250477,50,0,2,1,3,0,0,3,2,0,7,50,2,2852,2852,4,5,5,2,0,0,0,1
1350934,1,2024,2024,8,1,4,125,27,55,123,0,1,7,-33.367742,151.466602,16,2,2,1,2,0,3,4,2,0,0,60,2,14295,14295,3,10,0,2,0,0,0,1
1350935,2,2024,2024,0,3,6,916,17,23,917,0,1,1,-31.633338,150.725234,51,1,0,0,3,0,0,0,2,0,7,100,2,1850,1463,5,0,40,1,0,0,1,0