Crash ID,Degree of crash - detailed,Reporting year,Year of crash,Month of crash,Day of week of crash,Two-hour intervals,Street of crash,Street type,Town,Route no.,School zone location,School zone active,Type of location,Latitude,Longitude,LGA,Urbanisation,Conurbation 1,Alignment,Street lighting,Road surface,Surface condition,Weather,Natural lighting,Signals operation,Other traffic control,Speed limit,Road classification,RUM - code,DCA - code,First impact type,Key TU type,Other TU type,No. of traffic units involved,No. killed,No. seriously injured,No. moderately injured,No. minor-other injured
1350937,2,2024,2024,8,2,4,330,23,7,233,0,1,10,-33.982255,151.236181,59,0,2,1,3,0,3,3,2,0,0,60,1,6545,6545,4,0,5,2,0,0,1,1
1350941,1,2024,2024,0,5,8,43,27,136,76,0,1,10,-32.923214,151.722752,48,0,2,1,3,0,3,4,2,2,7,60,1,14295,14295,3,0,5,2,0,0,0,1
1350942,1,2024,2024,0,6,4,283,27,197,702,0,1,2,-33.942521,151.076623,15,0,2,1,3,0,0,0,2,0,7,60,2,14295,14295,3,5,13,2,0,0,0,1
1350948,2,2024,2024,0,3,9,178,27,189,101,0,1,9,-33.942322,151.054122,15,0,2,1,3,0,0,0,0,2,7,50,1,5929,5929,1,0,5,2,0,0,2,0
1350949,1,2024,2024,0,3,8,191,27,309,208,0,1,9,-33.810372,151.106055,61,0,2,1,3,0,0,0,2,2,7,60,2,14295,14295,3,30,36,2,0,0,0,1
1350951,1,2024,2024,8,0,9,12,1,75,34609,0,1,7,-32.778186,151.647446,42,2,1,0,3,0,3,4,3,0,0,50,0,14295,14295,3,5,0,2,0,0,0,1
1350953,4,2024,2024,0,2,6,55,36,2,35,0,1,1,-32.596583,150.086413,44,1,0,1,3,0,3,3,2,0,7,100,1,1945,1945,5,16,40,1,0,1,0,0
1350957,2,2024,2024,8,4,9,2209,17,22,2205,0,1,1,-36.054031,150.059429,23,1,0,0,3,0,0,0,0,0,7,100,2,1957,4009,8,9,40,1,0,0,1,0
1350958,1,2024,2024,0,5,7,123,27,173,34609,0,1,10,-33.707444,151.122769,36,0,2,1,3,0,3,4,2,0,15,50,0,3775,3775,0,5,5,2,0,0,0,1
1350959,1,2024,2024,7,3,5,149,10,346,702,0,1,9,-33.875349,151.067121,67,0,2,1,3,0,0,0,2,2,7,80,2,14295,14295,3,0,0,3,0,0,0,1
1350961,1,2024,2024,0,5,6,55,1,167,34609,0,1,10,-33.84989,151.073964,54,0,2,0,3,0,0,0,2,2,0,60,0,14295,14295,3,10,5,2,0,0,0,1
1350962,2,2024,2024,0,2,10,4,27,20,34609,0,1,1,-33.073734,151.481508,37,0,2,0,3,0,0,0,0,0,7,80,0,3775,3775,0,0,5,2,0,0,1,0
1350963,1,2024,2024,8,1,6,55,31,38,34609,0,1,9,-33.769038,150.797818,55,0,2,1,3,0,3,2,2,0,7,50,0,926,926,4,5,5,2,0,0,0,2
1350967,1,2024,2024,0,0,9,232,36,40,331,0,1,10,-33.950034,150.838552,41,0,2,1,3,0,0,0,3,2,7,70,2,14295,14295,3,0,5,2,0,0,0,1
1350969,1,2024,2024,0,1,3,49,27,19,62,0,1,10,-33.697135,150.887349,7,0,2,1,3,0,0,0,1,1,7,70,2,14295,14295,3,5,13,2,0,0,0,1
1350970,2,2024,2024,8,0,4,3371,17,9,3342,0,1,2,-32.355991,152.309645,43,1,0,1,3,0,0,0,2,0,7,110,2,14295,14295,3,8,10,2,0,0,1,0
1350974,1,2024,2024,0,3,4,3371,17,131,3342,0,1,10,-33.78751,151.178979,77,0,2,1,3,0,0,0,2,2,7,60,2,1669,1669,3,0,0,2,0,0,0,1
1350975,1,2024,2024,8,1,4,45,1,294,26,0,1,1,-33.933511,150.92828,41,0,2,1,3,0,3,4,2,0,7,60,2,1282,1282,1,0,13,3,0,0,0,1
1350978,1,2024,2024,8,0,4,5,31,62,34609,0,1,7,-33.895125,151.134639,32,0,2,1,3,0,0,3,2,0,0,50,0,6545,6545,4,0,19,2,0,0,0,1
1350980,2,2024,2024,8,4,3,2261,17,443,2252,0,1,10,-33.894166,151.054003,15,0,2,1,3,0,0,0,2,2,7,70,2,14295,14295,3,5,12,5,0,0,1,0
1350984,4,2024,2024,8,1,5,9,27,2,39,0,1,1,-31.410811,149.736213,51,1,0,1,3,0,0,0,2,0,7,100,1,1089,1089,7,5,40,1,0,1,0,0
1350988,1,2023,2023,0,6,4,2,27,64,101,0,1,9,-32.93872,151.711909,48,0,2,1,3,0,0,0,2,3,6,50,2,945,945,5,0,40,1,0,0,0,1
1350990,2,2024,2024,8,2,8,111,27,80,233,0,1,9,-33.933464,151.230307,4,0,2,1,3,0,0,0,3,0,0,60,2,775,775,4,5,0,2,0,0,1,0
1350991,2,2024,2024,8,1,8,19,1,59,34609,0,1,10,-33.979394,150.853641,13,0,2,1,3,0,0,0,2,0,0,50,0,6545,6545,4,5,0,2,0,0,1,1
1350998,1,2024,2024,7,2,8,62,27,63,166,0,1,7,-33.249825,151.482882,16,2,2,1,3,0,0,0,2,0,0,70,2,5929,5929,1,16,5,2,0,0,0,1
1351000,2,2024,2024,8,0,6,14,31,53,262,0,1,1,-32.925479,151.756015,48,0,2,1,3,0,0,0,2,0,7,60,2,14295,14295,3,30,36,3,0,0,1,1
1351002,2,2024,2024,8,4,4,346,17,44,332,0,1,9,-28.821541,153.411373,2,2,1,1,3,0,3,4,2,0,0,80,2,2852,2852,4,5,5,2,0,0,1,1
1351003,2,2024,2024,8,3,5,8,31,77,34609,0,1,10,-32.569309,151.183938,64,2,1,1,3,0,3,3,2,0,15,50,0,775,775,4,5,5,2,0,0,1,0
1351005,1,2024,2024,8,3,7,3371,17,60,3342,0,1,1,-33.436827,151.261132,16,2,2,0,3,0,3,4,2,0,7,60,2,4552,5151,8,10,40,1,0,0,0,2
1351006,1,2024,2024,0,1,6,16,31,157,34609,0,1,10,-33.796385,151.004827,54,0,2,1,3,0,0,0,2,0,15,50,0,6545,6545,4,5,5,2,0,0,0,1
1351008,1,2024,2024,0,5,9,24,1,251,13,0,1,7,-33.777749,150.937548,7,0,2,0,3,0,0,0,0,0,0,60,1,926,926,4,0,0,2,0,0,0,1
1351010,4,2023,2023,2,3,5,9,27,29,23,0,1,1,-32.736804,142.417086,51,1,0,0,0,2,0,0,2,0,7,110,1,1850,1463,5,5,40,1,0,2,0,0
1351011,4,2023,2023,9,1,0,3,10,42,34609,0,1,2,-35.352867,149.251782,58,2,1,0,2,0,0,0,0,0,7,60,0,418,714,5,5,40,1,0,1,0,0
1351012,2,2023,2023,2,3,10,35,27,62,96,0,1,9,-33.895615,151.138575,32,0,2,0,2,0,0,0,3,2,7,50,2,4552,5151,8,5,40,1,0,0,2,0
1351014,2,2023,2023,2,0,10,109,27,74,382,1,0,9,-33.749548,150.841629,7,0,2,1,2,0,0,0,0,2,0,60,2,1109,787,1,0,22,2,0,0,1,0
1351016,4,2023,2023,2,3,8,105,27,65,109,0,1,9,-33.865178,150.911052,24,0,2,0,1,0,0,0,2,0,15,60,1,3775,3775,0,5,5,2,0,1,0,1
1351017,2,2023,2023,9,0,3,2126,17,65,2149,0,1,2,-33.536585,150.159794,40,2,1,0,0,0,3,4,2,0,7,80,2,1259,5151,8,5,40,1,0,0,1,0
1351018,2,2023,2023,2,6,0,45,1,294,26,0,1,9,-33.935323,150.926992,41,0,2,1,2,0,0,0,0,0,0,60,2,5929,5929,1,5,5,2,0,0,1,0
1351019,2,2023,2023,2,0,2,47,27,293,69,0,1,2,-33.941419,151.23792,59,0,2,1,1,0,0,0,1,0,7,50,1,9859,9859,1,9,0,5,0,0,1,0
1351020,4,2023,2023,9,6,7,1,1,293,34609,0,1,1,-33.934549,151.231254,59,0,2,1,1,0,0,0,2,0,7,50,0,312,312,2,0,40,2,0,1,0,0
1351021,2,2023,2023,2,1,9,19,10,68,34609,0,1,1,-33.683848,149.83893,51,2,1,1,0,0,0,3,2,0,7,50,0,4026,4026,8,0,40,1,0,0,1,0
1351022,4,2023,2023,2,0,7,1,7,234,34609,0,1,1,-34.279699,146.060346,28,2,1,1,1,0,0,0,2,0,7,50,0,5929,5929,1,5,19,2,0,1,0,0
1351024,4,2023,2023,2,3,0,75,10,387,165,0,1,2,-33.941962,151.192646,4,0,2,0,2,0,3,0,0,0,7,70,2,2585,4009,8,0,40,2,0,1,1,0
1351025,4,2023,2023,2,2,10,1,25,115,34609,0,1,9,-33.745362,151.216077,50,0,2,0,2,0,0,0,0,0,15,40,0,96,96,0,16,5,2,0,1,0,0
1351026,1,2023,2023,2,4,10,6,31,370,34609,0,1,9,-34.073899,150.798953,13,0,2,1,1,0,0,0,2,2,7,60,0,14295,14295,3,5,5,2,0,0,0,1
1351027,4,2024,2024,4,5,7,2,27,60,34609,0,1,9,-33.83721,151.155806,51,0,2,0,1,0,0,0,2,0,7,50,0,3775,3775,0,5,18,2,0,1,0,0
1351031,4,2023,2023,2,5,6,26,27,111,34609,0,1,10,-33.700472,150.857519,7,0,2,1,1,0,0,0,2,0,15,60,0,5929,5929,1,5,41,2,0,2,2,0
1351033,4,2024,2024,4,1,8,515,14,271,518,0,1,3,-33.939589,151.007607,15,0,2,0,0,0,0,0,2,0,7,100,2,1282,1282,1,16,0,2,0,1,0,0
1351034,4,2023,2023,2,1,3,3,31,28,34609,0,1,9,-33.9146,150.884732,41,0,2,1,0,0,0,0,2,0,7,50,0,4026,4026,8,5,40,1,0,2,0,0
1351035,2,2024,2024,4,5,8,84,27,252,31,0,1,7,-33.945074,150.888247,41,0,2,1,0,0,3,3,2,0,0,60,1,14295,14295,3,30,0,2,0,0,1,1
1351039,4,2024,2024,3,4,11,1,31,45,34609,0,1,1,-34.287171,150.583841,79,2,2,1,0,0,0,0,0,0,7,50,0,4026,4026,1,10,5,2,0,1,0,0
1351040,4,2023,2023,2,4,1,829,27,165,770,0,1,10,-33.856232,151.159364,14,0,2,1,2,0,0,0,0,2,7,60,2,4026,4026,8,5,40,2,0,1,0,0
1351041,2,2024,2024,4,6,8,37,27,94,105,0,1,7,-33.889114,150.928957,24,0,2,1,0,0,0,0,2,0,0,60,1,1192,1192,1,5,0,3,0,0,1,0
1351042,2,2024,2024,4,2,1,10,31,13,34609,0,1,1,-33.369012,151.48537,16,2,2,1,2,0,0,0,0,0,7,50,0,9859,9859,1,0,5,3,0,0,1,0
1351043,2,2024,2024,3,4,11,1,31,16,34609,0,1,1,-36.429467,150.077103,5,2,1,1,2,0,0,0,0,0,7,50,0,9859,9859,1,5,13,3,0,0,1,0
1351044,1,2024,2024,3,0,11,2261,17,204,2252,0,1,2,-33.903315,150.943353,24,0,2,0,2,0,0,0,0,0,7,70,2,1282,1282,1,9,5,3,0,0,0,1
1351045,2,2024,2024,3,3,4,5,27,121,34609,0,1,1,-28.199169,153.548656,72,2,1,1,1,0,0,0,2,0,7,50,0,4026,4026,1,5,5,2,0,0,1,0
1351046,2,2023,2023,9,4,11,251,14,79,605,0,1,9,-33.829675,151.214593,49,0,2,0,2,0,0,3,0,2,7,60,2,14295,14295,3,0,5,3,0,0,1,0
1351047,4,2024,2024,4,4,9,12,10,26,8,0,1,6,-34.023823,151.08864,68,0,2,0,1,0,0,0,2,0,9,70,1,591,591,1,22,19,2,0,1,1,0
1351049,2,2024,2024,3,5,7,9,1,41,34609,0,1,1,-30.359389,153.096803,19,2,1,1,0,0,0,0,2,0,7,50,0,941,941,1,5,0,2,0,0,1,0
1351051,2,2024,2024,3,2,0,4,7,22,34609,0,1,1,-33.642285,150.810352,29,2,2,0,2,0,0,0,0,0,7,50,0,4552,5151,1,21,13,2,0,0,1,0
1351052,2,2024,2024,3,4,10,361,23,80,44,1,0,7,-33.971375,150.894498,13,0,2,1,2,0,0,0,0,0,0,50,1,14295,14295,3,5,25,2,0,0,1,0
1351053,4,2024,2024,3,3,4,90,31,112,165,0,1,2,-33.904782,151.213861,69,0,2,1,1,0,0,0,2,0,7,60,2,14295,14295,3,33,18,3,0,1,0,0
1351054,2,2023,2023,2,3,5,916,17,105,917,0,1,1,-32.707815,151.509751,42,2,1,1,0,0,0,0,2,0,7,60,2,3775,3775,0,10,0,2,0,0,1,0
1351055,4,2024,2024,3,3,0,2261,17,68,2252,0,1,6,-34.765344,148.763554,82,1,0,0,0,0,0,0,0,0,7,100,2,380,714,5,10,40,1,0,1,0,0
1351056,2,2024,2024,4,3,4,2261,17,32,2252,0,1,3,-34.266619,150.648797,79,1,2,1,1,0,0,0,2,0,7,110,2,14295,14295,3,0,12,2,0,0,1,0
1351057,1,2024,2024,3,3,9,40,31,37,49,0,1,10,-30.98109,151.594189,51,2,1,1,0,0,0,0,2,0,0,50,1,6545,6545,4,10,5,2,0,0,0,1
1351058,2,2024,2024,4,5,8,107,22,346,144,1,0,9,-33.881376,151.09255,9,0,2,1,0,0,0,0,2,0,15,60,2,2852,2852,4,0,5,2,0,0,1,0
1351060,1,2024,2024,3,2,3,2,31,10,34609,0,1,1,-32.67301,152.179293,43,2,1,1,0,0,0,0,2,0,7,50,0,186,186,9,30,28,2,0,0,0,1
1351063,4,2024,2024,3,6,5,4,31,65,34609,0,1,1,-34.484435,150.886868,80,0,2,1,1,0,0,0,2,0,7,50,0,14295,14295,3,5,0,2,0,1,1,0
1351064,4,2024,2024,3,3,7,36,36,9,139,0,1,1,-34.52492,146.30967,51,1,0,0,0,0,0,0,2,0,7,100,2,1957,4009,8,0,40,1,0,1,0,2
1351065,2,2024,2024,4,4,6,1052,14,87,928,0,1,3,-33.079238,151.476244,37,0,2,1,0,0,0,0,2,0,7,110,2,1383,1383,1,10,0,2,0,0,1,0
1351066,1,2024,2024,7,2,3,23,23,293,34609,0,1,1,-33.943109,151.262195,59,0,2,1,1,0,0,0,2,0,7,50,0,515,515,1,33,27,2,0,0,0,1
1351067,1,2024,2024,3,5,6,27,31,100,34609,0,1,9,-33.96141,151.153616,4,0,2,1,1,0,3,4,2,0,7,50,0,1981,1981,4,0,19,2,0,0,0,1
1351069,2,2024,2024,3,4,7,2209,17,166,2205,0,1,9,-33.900097,151.178072,69,0,2,1,1,0,0,0,2,0,7,40,2,28,28,1,8,5,2,0,0,1,0
1351070,2,2024,2024,3,5,9,5,31,252,34609,0,1,7,-33.881367,151.210842,69,0,2,1,0,0,3,3,2,0,7,40,0,1945,1945,5,16,40,1,0,0,1,0
1351072,1,2024,2024,3,1,7,308,14,95,311,0,1,6,-33.736875,150.848052,7,0,2,1,0,0,0,0,2,0,7,100,2,14295,14295,3,34,0,3,0,0,0,1
1351075,1,2024,2024,3,5,10,7,4,40,34609,0,1,1,-34.020593,150.764085,12,0,2,1,2,0,0,0,2,0,7,50,0,941,941,1,5,25,2,0,0,0,1
1351076,2,2024,2024,3,4,4,18,1,293,34609,0,1,7,-33.948241,151.25447,59,0,2,1,0,0,0,0,2,0,7,50,0,775,775,4,5,18,2,0,0,1,0
1351077,2,2024,2024,7,2,10,44,31,31,34609,0,1,9,-34.581444,150.861755,62,0,2,0,2,0,0,0,0,2,7,50,0,5929,5929,1,10,5,2,0,0,1,0
1351078,4,2024,2024,4,6,7,829,31,162,15,0,1,9,-33.84341,150.88395,24,0,2,1,0,0,0,0,2,0,7,60,1,2852,2852,4,5,40,2,0,2,0,1
1351079,4,2024,2024,4,2,11,40,27,59,39,0,1,1,-33.182715,151.487614,37,0,2,0,0,0,0,0,0,0,7,60,1,1259,5151,8,5,40,1,0,2,0,0
1351080,4,2024,2024,7,0,8,348,17,31,232,0,1,1,-30.964252,148.389597,51,2,1,0,0,0,0,0,2,0,7,50,2,2585,4009,8,5,40,1,0,1,0,0
1351081,2,2024,2024,7,5,0,2,31,228,34609,0,1,9,-34.751568,149.708589,26,2,1,1,2,0,0,0,0,0,7,50,0,782,985,5,5,40,1,0,0,1,0
1351082,4,2024,2024,3,0,8,36,27,23,39,0,1,1,-32.377971,149.295831,44,1,0,1,0,0,0,0,2,0,7,100,2,945,945,5,16,40,1,0,1,0,0
1351084,2,2024,2024,7,5,5,34,10,165,34609,0,1,9,-32.284593,150.90178,46,2,1,1,1,0,0,0,2,0,7,50,0,1945,1945,5,16,40,1,0,0,1,0
1351086,4,2024,2024,7,3,1,3371,17,41,3342,0,1,2,-32.81675,151.695952,57,2,1,1,2,0,0,0,0,0,7,80,2,1945,1945,5,9,40,1,0,1,0,0
1351087,2,2024,2024,7,6,10,1104,14,247,962,0,1,3,-33.813159,150.951015,21,0,2,1,0,0,0,0,0,0,7,100,2,4026,4026,8,5,40,1,0,0,1,0
1351088,4,2024,2024,7,5,6,13,27,17,34609,0,1,1,-33.746789,150.810462,7,0,2,0,1,0,0,0,2,0,7,50,0,3775,3775,0,0,0,2,0,3,1,0
1351089,4,2024,2024,7,5,9,8,27,3,34609,0,1,1,-34.899951,150.486309,63,2,1,0,0,2,0,0,3,0,7,60,0,1957,4009,8,16,40,1,0,1,0,0
1351096,4,2024,2024,7,2,11,7,31,102,34609,1,0,1,-31.105256,150.91553,70,2,1,1,2,0,0,0,0,0,7,50,0,14295,14295,3,9,20,2,0,1,0,0
1351097,4,2024,2024,7,3,6,15,27,82,34609,0,1,1,-31.075474,150.939451,70,2,1,1,0,0,0,0,2,0,7,50,0,9859,9859,1,5,25,2,0,2,1,0
1351098,4,2024,2024,3,2,8,153,27,188,147,0,1,1,-33.948833,151.107532,4,0,2,1,2,0,0,0,2,0,7,60,2,5929,5929,1,10,19,2,0,1,0,0
1351101,2,2024,2024,7,0,4,4,31,84,4,1,0,1,-33.890037,150.937019,24,0,2,1,1,0,0,0,2,0,9,50,1,1981,1981,4,5,27,2,0,0,1,0
1351104,4,2024,2024,7,4,4,17,31,93,34609,0,1,9,-33.416446,149.608142,3,2,1,1,0,0,0,0,2,0,7,50,0,323,323,1,16,13,2,0,1,0,0
1351105,4,2024,2024,7,2,8,11,27,5,34609,1,0,1,-28.497451,153.411111,10,2,1,0,0,0,0,0,2,0,7,80,0,418,714,5,16,40,1,0,1,0,0
1351107,4,2024,2024,7,1,9,17,31,91,96,0,1,1,-32.96799,151.640758,37,0,2,1,1,0,0,0,2,0,7,60,2,4026,4026,8,0,40,1,0,1,0,0
1351108,2,2024,2024,3,3,5,5,25,100,34609,0,1,1,-33.892921,150.897875,24,0,2,1,0,0,0,0,2,0,7,50,0,368,368,9,5,28,3,0,0,1,0
1351109,4,2024,2024,7,1,3,2126,17,136,2149,0,1,9,-33.857788,151.067924,67,0,2,1,1,0,0,0,2,0,0,60,2,5929,5929,1,0,19,2,0,1,0,0
1351114,2,2024,2024,7,6,6,2,27,9,34609,0,1,1,-32.890284,144.371863,51,1,0,1,0,2,0,0,2,0,7,100,0,1089,1089,7,10,40,1,0,0,2,0
1351115,4,2024,2024,7,6,3,19,27,7,19,0,1,1,-33.309016,151.252313,16,1,2,1,1,0,0,1,2,0,7,100,1,1089,1089,7,16,40,1,0,1,0,0
1351116,2,2024,2024,7,2,4,15,27,77,17,0,1,1,-30.142625,150.053887,51,1,0,0,0,0,0,0,2,0,7,100,1,404,404,8,16,40,1,0,0,1,0
1351118,4,2024,2024,7,0,6,114,27,19,65,0,1,1,-33.310738,151.257137,16,2,2,0,0,0,0,0,2,0,7,80,1,1957,4009,8,9,40,1,0,1,0,0
1351122,2,2024,2024,7,2,9,192,31,316,120,1,0,1,-33.915723,151.241484,59,0,2,1,2,0,0,0,0,0,7,50,2,1109,787,1,0,19,2,0,0,2,0
1351123,2,2024,2024,7,3,6,1052,14,207,928,0,1,3,-33.56781,151.192337,31,0,2,1,1,0,0,0,2,0,7,110,2,14295,14295,3,0,13,3,0,0,1,0
1351125,1,2024,2024,3,4,3,168,10,21,260,0,1,9,-33.948258,151.166094,4,0,2,1,1,0,0,0,2,0,7,70,2,14295,14295,3,9,13,2,0,0,0,1
1351127,2,2024,2024,7,5,7,19,31,445,34609,0,1,1,-33.849632,151.056452,54,0,2,1,0,0,0,0,2,0,7,60,0,3775,3775,0,15,13,2,0,0,1,0
1351128,4,2024,2024,0,0,10,37,31,176,34609,0,1,10,-33.96292,151.141184,4,0,2,1,2,0,3,4,0,0,0,50,0,6545,6545,4,22,5,2,0,1,0,0
1351130,4,2024,2024,7,3,2,19,27,23,54,0,1,2,-34.021772,151.041295,68,0,2,0,2,0,3,0,0,0,7,80,2,1957,4009,8,5,40,1,0,2,0,0
1351131,1,2024,2024,0,5,7,41,10,117,34609,0,1,1,-28.186941,153.528531,72,2,1,1,0,0,0,0,2,0,7,50,0,323,323,1,16,0,2,0,0,0,1
1351132,2,2024,2024,0,5,11,18,23,55,34609,0,1,9,-33.940125,150.895009,41,0,2,1,0,0,0,0,0,0,7,50,0,6545,6545,4,5,0,2,0,0,1,1
1351133,4,2024,2024,7,1,2,1,31,194,34609,0,1,1,-30.535665,151.681676,1,2,1,0,0,0,3,1,1,0,7,50,0,4552,5151,8,8,40,1,0,1,0,0
1351138,2,2024,2024,0,5,8,1,27,13,34609,0,1,1,-35.543334,149.930653,58,2,1,1,0,0,0,0,2,0,7,50,0,323,323,1,21,0,2,0,0,1,0
1351139,4,2024,2024,7,2,3,2126,17,147,2149,0,1,9,-33.871728,151.124102,14,0,2,0,2,0,0,0,0,0,7,60,2,3775,3775,0,5,5,2,0,1,0,1
1351140,1,2024,2024,7,2,11,866,17,187,793,0,1,2,-33.79599,150.98872,54,0,2,1,2,0,0,0,0,0,7,70,2,14295,14295,3,10,0,2,0,0,0,1
1351142,2,2024,2024,7,0,7,2,27,2,34609,0,1,1,-34.860838,148.362631,20,1,0,0,0,0,0,0,2,0,7,100,0,418,714,5,16,40,1,0,0,1,0
1351146,4,2024,2024,0,5,7,19,31,433,40,0,1,1,-33.298926,149.100712,52,2,1,0,3,0,2,6,2,0,7,50,1,3775,3775,0,9,0,2,0,2,1,0
1351147,2,2024,2024,0,6,3,4,31,40,88,0,1,1,-33.790999,151.241227,50,0,2,1,2,0,0,0,1,0,7,60,2,9859,9859,1,5,0,2,0,0,1,0
1351148,4,2024,2024,0,4,4,12,27,18,34609,0,1,1,-32.963002,151.709602,37,0,2,1,1,0,0,0,2,0,7,60,0,2040,2040,9,0,28,2,0,1,0,0
1351150,2,2024,2024,0,4,7,47,26,201,160,0,1,9,-34.014347,150.867895,13,0,2,0,0,0,0,0,2,0,0,60,2,5929,5929,1,5,0,2,0,0,1,0
1351151,2,2024,2024,0,2,4,916,17,12,917,0,1,1,-30.3142,151.690186,1,1,0,1,0,0,0,0,2,0,7,100,2,5929,5929,1,9,5,2,0,0,1,0
1351152,2,2024,2024,7,4,3,153,27,188,147,0,1,1,-33.948832,151.10754,4,0,2,1,0,0,0,0,0,0,7,60,2,5929,5929,1,5,19,2,0,0,1,0
1351158,4,2024,2024,7,4,4,2,31,46,34609,0,1,9,-33.881048,150.962321,24,0,2,1,1,0,0,0,2,0,7,50,0,2852,2852,4,8,19,2,0,1,0,0
1351161,4,2024,2024,0,6,6,169,27,6,34609,0,1,1,-35.063982,147.740612,51,1,0,0,0,0,0,0,2,0,7,100,0,4552,5151,8,10,40,1,0,1,0,0
1351162,2,2024,2024,7,0,6,1,18,121,34609,0,1,9,-33.792435,151.284595,50,0,2,0,0,0,0,0,2,0,15,50,0,214,214,9,33,28,2,0,0,1,0
1351167,4,2024,2024,0,2,7,348,17,3,232,0,1,1,-32.496422,149.511911,44,1,0,1,0,0,3,3,2,0,7,100,2,4026,4026,8,5,40,1,0,1,0,0
1351169,2,2024,2024,0,6,4,1104,14,113,962,0,1,3,-33.786269,150.710971,55,0,2,0,1,0,0,0,2,0,7,110,2,1282,1282,1,5,5,4,0,0,2,1
1351173,4,2024,2024,0,0,7,4,10,79,34609,0,1,10,-33.997065,150.73983,12,0,2,1,1,0,0,0,2,2,7,60,0,5929,5929,1,5,0,2,0,1,1,0
1351174,2,2024,2024,0,2,7,44,27,202,563,0,1,10,-33.953902,151.038107,15,0,2,1,0,0,0,0,2,2,7,70,2,623,623,3,21,0,3,0,0,2,0
1351178,2,2024,2024,0,3,5,175,27,86,220,0,1,9,-33.74135,150.917543,7,0,2,1,1,0,0,0,2,1,7,70,2,1282,1282,1,0,0,2,0,0,1,1
1351179,1,2024,2024,0,1,5,2126,17,19,2149,0,1,2,-33.452471,150.117116,40,1,0,1,0,0,0,0,2,0,7,100,2,1383,1383,1,10,0,2,0,0,0,1
1351181,2,2024,2024,0,5,3,348,17,24,232,0,1,9,-33.409564,150.098003,40,1,0,0,1,0,0,0,1,0,0,100,2,5929,5929,1,10,0,2,0,0,1,0
1351182,4,2024,2024,0,6,7,1,25,115,34609,0,1,1,-33.757495,151.225568,50,0,2,1,0,0,0,0,2,0,7,50,0,220,220,1,5,0,4,0,1,0,0
1351183,4,2024,2024,7,0,5,163,27,63,165,0,1,2,-33.734383,150.801029,7,0,2,0,1,0,0,0,2,0,7,60,1,4552,5151,1,5,13,2,0,1,0,0
1351188,4,2024,2024,0,4,3,19,27,7,19,0,1,1,-33.381771,151.2252,16,1,2,0,0,0,3,4,2,0,7,100,1,2585,4009,8,9,40,1,0,2,0,0
1351196,4,2024,2024,0,1,0,1052,14,173,928,0,1,3,-33.720445,151.108167,36,0,2,0,2,0,0,0,0,0,7,60,2,4552,5151,8,5,40,1,0,1,0,0
1351198,4,2024,2024,7,6,5,500,27,83,799,0,1,1,-33.90802,151.125319,15,0,2,1,1,0,0,0,2,0,7,60,2,515,515,1,10,19,2,0,1,0,0
1351201,2,2024,2024,3,4,10,2209,17,88,2205,0,1,10,-33.984026,151.1139,25,0,2,1,2,0,0,0,0,2,7,70,2,5929,5929,1,0,5,2,0,0,1,0
1351202,4,2024,2024,3,5,11,3371,17,44,3342,0,1,10,-33.213716,151.512191,16,2,2,1,2,0,3,3,0,2,7,70,2,5929,5929,1,30,5,2,0,1,2,2
1351204,2,2024,2024,7,0,7,11,31,73,34609,0,1,1,-33.828784,151.088574,14,0,2,1,1,0,0,0,2,0,7,50,0,4026,4026,8,5,40,2,0,0,1,1
1351207,4,2024,2024,0,1,5,168,27,100,34609,0,1,1,-33.96242,151.152102,4,0,2,1,1,0,0,0,2,0,7,50,0,9859,9859,1,22,13,2,0,1,0,0
1351210,4,2024,2024,0,6,5,126,1,226,34609,0,1,9,-33.768785,150.816716,7,0,2,1,1,0,0,0,2,0,7,50,0,4026,4026,8,5,40,1,0,1,0,0
1351211,2,2024,2024,8,6,6,293,31,562,34609,0,1,2,-32.250192,148.600774,22,2,1,1,0,0,0,0,2,0,9,40,0,2040,2040,9,10,28,2,0,0,1,0
1351213,2,2024,2024,7,4,7,27,27,290,34609,0,1,9,-33.853203,150.982071,21,0,2,1,1,0,0,0,2,0,7,50,0,2852,2852,4,0,18,2,0,0,1,0
1351214,2,2024,2024,0,3,5,109,27,460,106,1,0,9,-33.835083,150.98267,21,0,2,1,1,0,0,0,2,2,7,60,1,5929,5929,1,33,19,2,0,0,1,0
1351215,1,2024,2024,0,4,3,330,27,106,26,1,0,7,-33.670472,151.302293,50,0,2,1,1,0,0,0,2,0,0,60,1,5929,5929,1,22,5,2,0,0,0,1
1351217,2,2024,2024,0,1,9,42,10,65,39,0,1,2,-34.487184,150.886353,80,0,2,0,2,0,0,3,0,0,7,60,1,1981,1981,4,5,19,2,0,0,1,0
1351219,4,2024,2024,0,0,6,2209,17,24,2205,0,1,1,-36.257953,150.131696,23,1,0,1,0,0,0,3,2,0,7,100,2,3775,3775,0,30,13,2,0,2,1,0
1351220,2,2024,2024,0,0,4,56,27,115,80,0,1,9,-33.873968,151.19241,69,0,2,1,1,0,0,0,2,2,7,40,2,5929,5929,1,5,27,2,0,0,1,0
1351221,4,2024,2024,3,3,5,1,27,118,34609,0,1,9,-33.373145,151.288428,16,2,2,0,0,0,0,0,2,0,7,70,0,4552,5151,8,16,40,1,0,1,0,0
1351222,2,2024,2024,0,5,5,45,31,77,34609,0,1,1,-33.867022,150.942212,24,0,2,1,1,0,0,0,2,0,7,50,0,941,941,1,5,5,2,0,0,1,0