Crash ID,Degree of crash - detailed,Reporting year,Year of crash,Month of crash,Day of week of crash,Two-hour intervals,Street of crash,Street type,Town,Route no.,School zone location,School zone active,Type of location,Latitude,Longitude,LGA,Urbanisation,Conurbation 1,Alignment,Street lighting,Road surface,Surface condition,Weather,Natural lighting,Signals operation,Other traffic control,Speed limit,Road classification,RUM - code,DCA - code,First impact type,Key TU type,Other TU type,No. of traffic units involved,No. killed,No. seriously injured,No. moderately injured,No. minor-other injured
1351224,4,2024,2024,0,4,5,30,10,19,30,0,1,1,-33.282305,151.229012,16,1,2,1,0,0,0,0,2,0,7,100,1,1981,1981,4,0,19,2,0,1,0,0
1351226,1,2023,2023,2,2,7,35,10,11,148,0,1,1,-34.195464,151.013008,80,0,2,0,0,0,0,0,2,0,7,60,2,4552,5151,8,16,40,1,0,0,0,1
1351228,4,2024,2024,8,4,8,46,27,39,34609,0,1,2,-32.8903,151.665094,48,0,2,1,2,0,0,0,0,0,7,60,0,1945,1945,5,16,40,1,0,1,0,0
1351230,2,2024,2024,0,3,9,34,1,80,34609,0,1,9,-34.556682,146.402353,51,2,1,1,2,0,0,0,0,0,7,50,0,1669,1669,3,5,5,2,0,0,1,0
1351238,1,2024,2024,0,4,11,6,36,4,6,0,1,1,-34.900781,143.496312,51,1,0,1,0,0,0,0,0,0,7,100,2,1089,1089,7,0,40,1,0,0,0,2
1351239,4,2024,2024,0,0,11,143,31,173,19,0,1,1,-33.877549,151.213014,69,0,2,1,2,0,0,6,0,0,7,40,1,186,186,9,22,28,2,0,1,0,0
1351241,4,2024,2024,0,0,3,3,7,43,34609,0,1,10,-33.21255,151.525279,16,2,2,1,0,0,0,0,2,0,15,50,0,775,775,4,10,19,2,0,1,0,0
1351244,1,2024,2024,0,5,4,3,2,164,34609,0,1,1,-33.713882,150.887066,7,0,2,0,0,0,0,0,2,0,7,50,0,3775,3775,0,30,5,2,0,0,0,2
1351246,2,2024,2024,0,4,4,27,31,23,34609,1,0,7,-34.577777,150.8657,62,0,2,1,1,0,0,0,2,0,0,50,0,6545,6545,4,0,27,2,0,0,1,0
1351247,1,2024,2024,7,3,0,224,27,246,321,0,1,5,-33.905528,151.202829,69,0,2,1,2,0,3,4,0,2,7,50,2,5929,5929,1,5,0,2,0,0,0,1
1351250,4,2023,2023,1,0,8,3,27,2,34609,0,1,1,-28.643301,152.926977,51,1,0,0,0,0,0,0,2,0,7,100,0,3775,3775,0,5,0,2,0,1,0,0
1351252,4,2024,2024,8,3,9,6,27,111,34609,0,1,9,-33.706082,150.859111,7,0,2,0,0,0,3,4,0,0,7,60,0,1957,4009,8,5,40,1,0,1,0,0
1351253,2,2024,2024,0,4,7,17,10,39,34609,0,1,7,-32.734761,152.083807,57,2,1,0,1,0,0,0,2,0,0,50,0,515,515,1,0,27,2,0,0,1,0
1351256,2,2024,2024,0,5,8,6,31,87,34609,0,1,1,-34.055667,151.153378,68,0,2,1,1,0,0,0,2,0,9,50,0,591,591,1,17,36,2,0,0,1,0
1351258,4,2024,2024,8,1,7,61,27,232,70,0,1,1,-33.65884,150.926932,71,0,2,0,0,0,3,4,2,0,7,70,1,3775,3775,0,0,12,2,0,1,0,0
1351260,2,2024,2024,0,2,6,37,27,4,91,0,1,1,-34.589884,149.37423,74,1,0,1,0,0,0,0,2,0,7,100,1,515,515,1,34,19,2,0,0,1,0
1351261,2,2024,2024,4,4,7,2,31,32,34609,0,1,1,-34.589658,150.596395,78,2,1,1,0,0,0,0,2,0,7,50,0,9859,9859,8,9,40,1,0,0,1,0
1351264,2,2024,2024,8,6,6,123,27,37,120,0,1,5,-33.903902,151.252874,76,0,2,1,0,0,3,4,2,2,7,50,2,14295,14295,3,15,5,2,0,0,1,0
1351265,4,2024,2024,0,6,5,2126,17,60,2149,0,1,1,-33.762623,150.737043,55,0,2,1,0,0,0,0,2,0,7,80,2,9859,9859,8,5,40,1,0,1,0,0
1351268,4,2024,2024,0,3,3,3371,17,20,3342,0,1,2,-32.301322,152.346057,43,1,0,0,1,0,0,0,2,0,7,110,2,84,84,8,16,40,1,0,1,0,0
1351272,4,2024,2024,8,6,6,5,27,24,34609,0,1,1,-32.051731,151.997833,43,2,1,0,0,0,0,3,2,0,7,80,0,2585,4009,8,10,40,1,0,1,0,0
1351277,1,2024,2024,0,3,6,3371,17,90,3342,0,1,2,-28.264399,153.526825,72,1,0,0,1,0,0,0,2,0,7,110,2,1957,4009,8,21,40,1,0,0,0,2
1351281,1,2024,2024,0,2,0,23,27,36,38,0,1,1,-33.670343,148.671192,51,1,0,0,0,0,0,0,0,0,7,100,2,4552,5151,8,5,40,1,0,0,0,1
1351287,4,2024,2024,0,0,9,85,10,38,702,0,1,2,-33.837443,151.083801,14,0,2,0,2,0,0,0,3,0,7,70,2,1192,1192,1,16,0,2,0,1,0,0
1351293,2,2024,2024,0,5,4,126,1,226,144,0,1,10,-33.766213,150.816956,7,0,2,1,1,0,0,0,2,2,7,60,2,2852,2852,4,0,0,2,0,0,2,0
1351295,1,2024,2024,0,4,9,16,27,25,174,0,1,10,-32.845084,151.378761,17,2,1,1,0,0,0,0,3,0,0,60,2,6545,6545,4,5,19,2,0,0,0,1
1351297,4,2024,2024,7,2,9,4,1,145,34609,0,1,7,-33.924068,151.125539,15,0,2,1,2,0,0,0,3,0,0,50,0,6545,6545,4,0,19,2,0,1,0,0
1351298,2,2024,2024,8,2,4,39,27,8,29,0,1,1,-32.171686,149.794801,44,1,0,1,0,0,3,4,2,0,7,100,1,4026,4026,8,0,40,1,0,0,1,1
1351301,1,2024,2024,8,1,5,165,31,11,34609,0,1,10,-30.648073,152.855338,47,2,1,1,1,0,0,0,2,0,0,50,0,6545,6545,4,5,19,2,0,0,0,1
1351302,2,2024,2024,0,2,11,73,27,443,78,0,1,10,-33.905503,151.048036,15,0,2,1,2,0,0,0,0,2,6,60,2,5929,5929,1,16,18,2,0,0,1,0
1351304,4,2024,2024,8,5,4,19,31,60,34609,0,1,1,-33.821907,151.139208,51,0,2,1,0,0,3,3,2,0,7,50,0,323,323,1,16,5,2,0,1,0,0
1351306,2,2024,2024,8,0,5,1,27,2,34609,0,1,1,-30.914003,152.545173,34,1,0,1,0,2,0,0,2,0,7,100,0,9859,9859,8,16,40,1,0,0,1,0
1351309,4,2024,2024,0,6,3,2209,17,130,2205,0,1,9,-34.452898,150.846562,80,0,2,1,1,0,0,0,2,0,15,60,1,775,775,4,5,0,3,0,1,2,1
1351312,4,2024,2024,0,5,8,19,1,80,44,0,1,9,-33.811163,151.162607,38,0,2,1,1,0,0,0,2,0,6,60,2,1383,1383,1,5,5,3,0,1,1,0
1351314,2,2024,2024,0,5,7,33,27,3,260,0,1,2,-33.059789,151.563725,37,0,2,0,0,0,2,6,2,0,7,90,2,1957,4009,8,5,40,1,0,0,1,0
1351318,4,2024,2024,8,6,5,1104,14,247,962,0,1,3,-33.816007,150.963342,21,0,2,1,0,0,0,3,2,0,7,90,2,4026,4026,8,9,40,1,0,1,0,0
1351319,2,2024,2024,8,2,9,32,27,52,88,0,1,9,-33.678376,150.729814,55,0,2,1,2,0,3,0,0,0,7,80,2,3775,3775,0,5,5,2,0,0,2,0
1351322,4,2024,2024,3,2,10,2209,17,157,2205,0,1,9,-34.008723,151.103178,68,0,2,0,2,0,0,0,0,2,7,70,2,1192,1192,1,5,0,2,0,1,0,0
1351323,4,2024,2024,7,5,0,47,31,51,34609,0,1,1,-34.17763,150.995358,80,0,2,0,0,0,0,0,0,0,7,50,0,2585,4009,8,5,40,1,0,1,1,0
1351331,2,2024,2024,3,0,4,31,1,234,139,0,1,2,-34.288528,146.051418,28,2,1,1,0,0,0,0,2,0,7,50,2,1981,1981,4,5,27,2,0,0,1,0
1351332,4,2024,2024,8,3,6,1,27,4,34609,0,1,1,-29.900027,152.440515,18,1,0,0,0,2,3,2,2,0,7,100,0,1850,1463,5,16,40,1,0,1,0,0
1351335,2,2024,2024,8,2,4,95,27,42,605,0,1,9,-33.653948,151.321783,50,0,2,1,2,0,0,0,2,2,9,50,2,1220,1220,9,5,28,3,0,0,1,1
1351338,2,2024,2024,0,0,6,25,27,67,94,0,1,1,-33.883745,151.006935,15,0,2,1,0,0,0,0,2,0,7,60,1,1383,1383,1,9,5,2,0,0,1,0
1351339,4,2024,2024,0,2,8,16,10,91,34609,0,1,9,-33.994395,150.894752,13,0,2,0,1,0,0,0,2,0,7,50,0,1850,1463,5,16,40,1,0,1,0,0
1351341,2,2024,2024,0,2,10,3,27,53,34609,0,1,1,-33.359831,151.436545,16,2,2,0,0,0,0,0,0,0,7,50,0,4552,5151,8,5,40,1,0,0,2,1
1351342,4,2024,2024,7,2,4,177,22,210,176,0,1,10,-34.033118,151.092498,68,0,2,1,1,0,0,0,2,2,7,60,2,14295,14295,3,5,5,2,0,1,0,1
1351343,4,2024,2024,0,6,2,361,31,445,59,0,1,1,-33.864868,151.053351,21,0,2,1,0,0,0,0,0,0,7,60,1,14295,14295,3,5,10,2,0,1,0,0
1351344,2,2024,2024,0,0,10,283,27,88,702,1,0,9,-33.987017,151.110904,25,0,2,1,2,0,0,6,0,2,7,70,2,14295,14295,3,5,5,3,0,0,1,0
1351346,2,2024,2024,0,2,8,85,31,179,34609,0,1,9,-31.899356,152.484898,43,2,1,1,0,0,0,0,2,0,0,50,0,5929,5929,1,0,36,3,0,0,2,0
1351347,2,2023,2023,2,0,8,5,31,62,34609,0,1,9,-32.925954,151.610289,37,0,2,1,1,0,0,0,2,0,6,50,0,2852,2852,4,16,0,2,0,0,1,0
1351349,2,2024,2024,8,6,8,28,10,32,70,0,1,7,-31.939944,152.471826,43,2,1,0,1,0,3,4,3,0,0,70,1,1981,1981,4,0,27,2,0,0,1,0
1351350,1,2024,2024,0,0,10,22,27,95,173,0,1,7,-34.402871,150.891207,80,0,2,1,2,0,0,0,0,0,0,60,2,926,926,4,5,5,2,0,0,0,1
1351356,4,2024,2024,8,1,11,2126,17,94,2149,0,1,9,-33.774925,150.794012,55,0,2,1,2,0,3,4,0,2,7,60,2,5929,5929,1,5,5,2,0,1,0,0
1351357,4,2024,2024,8,1,9,6,27,2,34609,0,1,1,-33.525206,149.478146,3,1,0,1,0,0,0,0,0,0,7,100,0,1089,1089,7,16,40,1,0,1,0,0
1351359,2,2024,2024,8,4,8,11,27,9,118,0,1,1,-29.992409,150.595378,51,1,0,0,0,0,0,0,2,0,7,100,2,782,957,5,3,40,1,0,0,1,0
1351362,2,2024,2024,0,0,7,91,27,139,187,0,1,2,-33.870205,151.147098,32,0,2,0,1,0,3,4,2,0,7,60,2,1850,1463,5,16,40,1,0,0,1,0
1351364,2,2024,2024,0,0,5,512,17,562,441,0,1,1,-32.305132,148.714372,22,1,0,1,0,0,3,4,2,0,7,110,2,4026,4026,8,34,40,1,0,0,1,0
1351365,4,2024,2024,0,6,3,104,27,443,702,0,1,9,-33.915768,151.062943,15,0,2,0,1,0,0,0,2,2,7,60,2,5929,5929,1,5,13,2,0,1,2,0
1351366,2,2024,2024,0,1,7,916,17,61,917,0,1,10,-29.73946,151.737903,51,2,1,1,1,0,0,0,2,0,0,60,2,5929,5929,1,5,27,2,0,0,1,0
1351367,1,2023,2023,4,2,9,2,27,5,34609,0,1,1,-34.695759,146.342849,51,1,0,1,0,0,0,0,2,0,7,100,0,4026,4026,8,0,40,1,0,0,0,1
1351370,2,2024,2024,8,5,7,3371,17,53,3342,0,1,2,-30.639858,152.972847,47,1,0,0,0,0,3,4,2,0,7,110,2,1259,5151,8,5,40,1,0,0,1,0
1351372,2,2024,2024,8,1,2,6,18,7,34609,0,1,1,-34.608974,150.536033,78,2,1,1,0,0,0,1,1,0,7,80,0,404,404,8,10,40,1,0,0,1,0
1351375,2,2024,2024,8,2,7,37,27,58,34609,0,1,1,-33.214732,151.427855,16,2,2,1,1,0,0,3,2,0,7,60,0,4026,4026,8,0,40,1,0,0,2,0
1351376,1,2024,2024,7,3,9,3371,17,40,3342,0,1,9,-33.824401,151.187945,38,0,2,0,1,0,0,0,2,2,7,60,2,5929,5929,1,5,13,2,0,0,0,1
1351380,2,2024,2024,7,1,8,50,27,166,799,0,1,9,-33.898665,151.175218,32,0,2,1,0,0,0,0,2,0,0,40,2,591,591,1,22,25,2,0,0,1,0
1351389,1,2024,2024,8,3,6,4,27,91,44,1,0,7,-33.993978,150.881759,13,0,2,0,1,0,3,4,2,0,0,60,1,5929,5929,1,5,0,2,0,0,0,1
1351390,2,2024,2024,8,5,8,515,14,294,518,0,1,6,-33.941668,150.941848,41,0,2,1,2,0,3,4,0,0,7,60,2,14295,14295,3,16,40,2,0,0,1,0
1351392,2,2024,2024,0,6,7,126,27,30,168,0,1,2,-34.058299,150.779701,12,0,2,1,0,0,0,0,2,0,7,80,2,14295,14295,3,34,40,3,0,0,1,0
1351394,4,2024,2024,8,1,8,334,17,41,308,0,1,1,-31.468334,152.777724,56,1,0,0,0,0,3,3,3,0,7,90,2,1850,1463,5,16,40,1,0,1,0,0
1351403,2,2024,2024,8,6,9,334,17,31,308,0,1,9,-31.080469,150.853195,70,1,0,1,0,0,0,0,0,0,0,100,2,6545,6545,4,5,5,2,0,0,1,0
1351407,1,2024,2024,7,2,0,17,27,3,18,0,1,1,-34.989584,148.841135,82,1,0,0,0,0,0,0,0,0,7,100,1,2585,4009,8,10,40,1,0,0,0,1
1351408,4,2024,2024,7,3,5,916,17,77,917,0,1,1,-32.573107,151.182555,64,2,1,1,1,0,0,0,2,0,7,50,2,515,515,1,5,19,2,0,1,0,0
1351409,4,2024,2024,8,3,7,2261,17,80,2252,0,1,9,-33.95948,150.885372,13,0,2,1,2,0,3,0,2,2,7,70,2,2852,2852,4,5,0,2,0,1,1,0
1351411,2,2024,2024,7,4,4,7,31,107,34609,0,1,7,-29.687962,152.93223,18,2,1,1,1,0,0,0,2,0,0,50,0,14295,14295,3,10,12,3,0,0,1,0
1351412,2,2024,2024,7,3,9,61,31,92,45,0,1,2,-33.869568,150.963114,24,0,2,1,1,0,0,0,2,3,9,60,1,1282,1282,1,5,12,2,0,0,2,0
1351413,4,2024,2024,7,2,9,82,27,134,181,0,1,9,-33.893333,151.25973,76,0,2,1,1,0,0,0,2,0,0,50,2,5929,5929,1,0,18,2,0,1,1,0
1351416,2,2024,2024,0,6,5,866,17,54,793,1,0,2,-33.723436,151.099999,31,0,2,1,1,0,0,0,2,0,7,70,2,14295,14295,3,8,5,2,0,0,1,0
1351423,2,2024,2024,0,4,5,101,10,49,121,1,0,2,-34.039329,151.142727,68,0,2,1,0,0,0,0,2,0,15,70,1,14295,14295,3,0,27,2,0,0,1,0
1351426,4,2024,2024,0,3,5,2,7,63,34609,0,1,1,-33.733576,150.802566,7,0,2,1,1,0,0,0,2,0,7,50,0,591,591,1,22,5,2,0,1,0,0
1351427,4,2024,2024,8,2,11,194,31,157,769,0,1,9,-33.795211,151.001019,54,0,2,1,2,0,3,4,0,0,3,60,2,1109,787,1,5,5,2,0,1,0,0
1351429,2,2024,2024,0,1,10,191,17,24,189,0,1,1,-32.056323,149.922468,73,1,0,1,0,0,0,0,0,0,7,100,2,9859,9859,8,5,40,1,0,0,1,0
1351431,2,2024,2024,7,0,8,2261,17,24,2252,0,1,7,-34.404946,150.50715,78,2,1,1,0,0,0,0,2,0,0,60,2,1669,1669,3,0,5,2,0,0,1,0
1351432,4,2024,2024,0,4,6,2,27,23,34609,0,1,9,-33.661992,150.701897,55,0,2,1,0,2,0,0,2,0,7,50,0,1945,1945,5,16,40,1,0,1,0,0
1351433,4,2024,2024,3,1,3,38,27,189,165,0,1,10,-33.946328,151.059908,15,0,2,1,1,0,0,0,2,2,7,50,1,775,775,4,9,12,2,0,2,0,0
1351434,1,2024,2024,8,4,5,330,27,106,26,0,1,9,-33.676839,151.303734,50,0,2,0,1,0,0,0,2,0,15,60,1,2040,2040,9,5,28,2,0,0,0,1
1351435,1,2024,2024,0,0,3,95,27,17,605,0,1,1,-33.598466,151.319623,50,0,2,1,1,0,0,0,2,0,7,40,2,9859,9859,1,10,13,4,0,0,0,1
1351441,2,2024,2024,8,1,8,48,10,59,58,0,1,9,-32.886371,151.728039,48,0,2,1,2,0,3,3,3,2,7,80,2,5929,5929,1,30,5,2,0,0,1,1
1351443,4,2024,2024,8,2,1,10,27,84,34609,0,1,10,-31.108778,150.89162,70,2,1,1,2,0,0,0,0,0,0,50,0,1850,985,5,16,40,1,0,1,0,0
1351446,4,2024,2024,0,2,1,2209,17,29,2205,0,1,1,-36.982119,149.898687,5,2,1,0,0,0,0,0,0,0,7,80,2,2585,4009,8,5,40,1,0,1,0,0
1351448,2,2024,2024,8,1,4,1052,14,46,928,0,1,3,-33.296142,151.405241,16,1,2,1,1,0,3,4,2,0,7,110,2,14295,14295,3,0,13,3,0,0,1,0
1351453,2,2024,2024,0,0,9,1052,14,77,928,0,1,6,-33.533286,151.199932,16,1,2,0,0,0,0,0,0,0,7,110,2,2040,2040,9,0,28,2,0,0,1,0
1351454,2,2024,2024,0,2,7,109,27,323,382,1,0,10,-33.785897,150.853182,7,0,2,1,1,0,0,0,2,2,7,60,2,5929,5929,1,0,5,2,0,0,1,0
1351457,4,2024,2024,8,0,3,115,27,113,173,0,1,2,-34.363653,150.854252,80,0,2,0,0,0,3,4,2,0,7,80,2,1957,4009,8,8,40,1,0,1,0,0
1351458,4,2024,2024,8,6,6,62,31,445,34609,0,1,1,-33.854693,151.04712,21,0,2,1,2,0,3,4,2,0,7,60,0,2040,2040,9,0,28,2,0,1,0,0
1351459,2,2024,2024,8,6,9,89,27,182,228,0,1,2,-32.83275,151.354488,17,2,1,1,2,0,3,4,0,0,7,60,1,14295,14295,3,5,0,3,0,0,2,0
1351461,2,2024,2024,0,6,11,35,27,84,33,0,1,1,-33.778253,151.106961,61,0,2,1,2,0,0,0,0,0,7,60,1,1981,1981,4,5,19,2,0,0,1,0
1351464,1,2024,2024,7,4,7,475,31,30,34609,1,0,10,-34.742407,146.565432,51,2,1,1,1,0,0,0,2,0,0,50,0,2040,2040,9,5,28,2,0,0,0,1
1351465,1,2024,2024,0,0,11,1104,11,532,770,0,1,10,-33.863398,151.205372,69,0,2,1,2,0,0,0,0,2,9,40,2,591,591,1,22,0,2,0,0,0,1
1351467,1,2024,2024,0,1,8,2126,17,179,2149,0,1,10,-33.765091,150.74569,55,0,2,1,1,0,0,0,2,2,7,80,2,14295,14295,3,5,5,2,0,0,0,1
1351478,2,2024,2024,4,0,6,1104,14,41,962,0,1,3,-33.826841,151.011304,54,0,2,0,3,0,3,4,2,0,7,90,2,14295,14295,3,8,5,4,0,0,1,1
1351479,1,2024,2024,7,2,9,12,31,137,34609,0,1,10,-33.911998,151.202217,69,0,2,1,3,0,0,0,0,0,15,40,0,6545,6545,4,10,5,2,0,0,0,1
1351481,2,2024,2024,4,3,8,1,10,22,34609,0,1,9,-34.060133,150.8001,13,0,2,1,3,0,0,0,4,0,7,50,0,2852,2852,4,5,0,2,0,0,1,0
1351486,2,2024,2024,0,0,5,48,31,139,605,1,0,10,-33.82892,151.208956,49,0,2,1,3,0,0,0,2,2,7,60,2,6545,6545,4,0,5,2,0,0,1,0
1351488,4,2024,2024,8,1,0,265,10,445,563,0,1,9,-33.869285,151.042523,21,0,2,0,3,0,3,4,0,2,7,70,2,5929,5929,1,5,22,2,0,1,0,0
1351489,1,2024,2024,8,6,9,22,31,38,34609,0,1,10,-32.813475,151.462082,17,2,1,1,3,0,0,0,0,0,15,50,0,256,256,4,0,5,2,0,0,0,1
1351490,2,2024,2024,8,5,5,21,36,7,34609,0,1,1,-31.020657,152.897326,34,1,0,1,3,0,3,4,2,0,7,100,0,1669,1669,3,0,13,2,0,0,1,0
1351491,4,2024,2024,8,4,4,2126,17,93,2149,0,1,2,-33.421021,149.627929,3,2,1,1,3,0,0,0,2,0,7,80,2,4026,4026,8,0,40,1,0,1,0,0
1351492,2,2024,2024,8,2,0,220,27,92,222,0,1,10,-33.758268,150.955369,71,0,2,1,3,0,3,0,0,2,7,80,2,5929,5929,1,0,5,2,0,0,1,0
1351493,2,2024,2024,8,2,4,3,18,106,34609,0,1,0,-33.67697,151.303433,50,0,2,1,3,0,0,0,2,0,7,40,0,248,248,1,5,0,2,0,0,1,0
1351496,2,2024,2024,0,4,8,1104,14,247,962,0,1,3,-33.807604,150.932668,21,0,2,0,3,0,0,0,2,0,7,100,2,14295,14295,3,5,0,3,0,0,1,0
1351497,1,2024,2024,8,4,10,55,10,96,47,0,1,1,-33.435579,151.401736,16,2,2,1,3,0,3,4,0,0,7,70,2,1282,1282,1,0,0,2,0,0,0,1
1351501,2,2024,2024,8,2,6,33,27,98,260,0,1,1,-33.02912,151.562705,37,0,2,0,0,0,3,3,2,0,7,80,2,2585,4009,8,5,40,1,0,0,1,0
1351502,2,2024,2024,4,2,6,13,27,210,7,0,1,9,-34.032413,151.103577,68,0,2,1,0,0,0,0,2,0,0,50,1,2852,2852,4,0,5,2,0,0,1,0
1351503,1,2024,2024,8,3,9,251,27,115,212,0,1,10,-33.752636,151.234486,50,0,2,1,2,0,3,4,0,2,7,70,2,5929,5929,1,0,13,2,0,0,0,1
1351505,1,2024,2024,7,2,8,63,17,11,63,0,1,1,-34.109018,142.11517,51,1,0,1,0,0,0,0,2,0,7,100,2,9859,9859,8,5,40,1,0,0,0,1
1351507,1,2024,2024,8,1,10,39,27,169,147,0,1,1,-28.637834,153.576083,10,2,1,1,3,0,3,0,0,0,7,80,1,1391,1391,1,9,5,2,0,0,0,1
1351509,1,2024,2024,8,2,6,35,1,63,52,0,1,9,-33.734646,150.798965,7,0,2,1,3,0,3,4,2,0,7,60,1,5929,5929,1,5,5,2,0,0,0,1
1351511,2,2024,2024,8,1,7,19,27,6,17,0,1,1,-31.945259,148.99309,22,1,0,1,3,0,0,0,2,0,7,100,1,475,475,5,0,40,1,0,0,1,0
1351515,1,2024,2024,8,5,4,11,31,273,34609,0,1,1,-34.432409,150.8924,80,0,2,1,3,0,0,0,2,0,7,50,0,3775,3775,0,10,13,2,0,0,0,1
1351516,1,2024,2024,8,1,6,283,27,129,702,0,1,9,-33.93516,151.073712,15,0,2,1,3,0,0,0,2,2,7,60,2,5929,5929,1,9,5,2,0,0,0,1
1351521,4,2024,2024,8,6,7,109,27,38,169,0,1,1,-32.814447,151.456048,17,2,1,1,3,0,0,0,2,0,7,60,2,14295,14295,3,19,25,7,0,1,0,0
1351525,2,2024,2024,8,2,4,133,17,5,121,0,1,1,-36.713585,149.272553,65,1,0,1,3,0,3,4,2,0,7,100,2,945,945,5,30,40,1,0,0,1,0
1351531,1,2024,2024,0,0,7,3,27,9,34609,0,1,1,-35.582207,149.480607,58,1,0,0,3,2,0,0,2,0,7,100,0,1957,4009,8,16,40,1,0,0,0,1
1351535,1,2024,2024,0,5,8,12,2,232,34609,0,1,1,-33.688352,150.92687,71,0,2,1,3,0,0,0,3,0,7,50,0,1282,1282,1,0,12,2,0,0,0,1
1351542,1,2024,2024,8,6,9,2126,17,179,2149,0,1,9,-33.758879,150.720697,55,0,2,1,2,0,0,0,0,2,7,60,2,5929,5929,1,5,19,2,0,0,0,1
1351544,1,2024,2024,8,1,4,145,31,445,34609,0,1,9,-33.861957,151.040888,21,0,2,1,3,0,3,3,2,0,0,50,0,1981,1981,4,10,0,2,0,0,0,1
1351547,2,2024,2024,8,1,4,1,25,294,34609,0,1,1,-33.943253,150.926289,41,0,2,1,3,0,3,0,2,0,7,20,0,14295,14295,3,5,5,5,0,0,1,0
1351549,2,2024,2024,8,5,5,64,27,278,284,0,1,1,-33.776816,151.056017,54,0,2,1,3,0,0,0,2,0,7,60,2,14295,14295,3,5,5,2,0,0,1,1
1351553,1,2024,2024,7,4,3,4,10,157,34609,0,1,1,-33.792534,151.006945,54,0,2,1,3,0,0,0,1,0,7,50,0,14295,14295,3,10,0,3,0,0,0,1
1351554,1,2024,2024,8,1,4,21,1,346,34609,0,1,9,-33.889,151.080998,67,0,2,1,3,0,3,0,2,0,0,50,0,6545,6545,4,5,5,2,0,0,0,1
1351557,2,2024,2024,8,6,7,10,27,314,34609,0,1,9,-33.83859,150.950834,21,0,2,1,3,0,0,3,2,0,7,60,0,5929,5929,1,5,0,2,0,0,1,0
1351559,1,2024,2024,7,2,9,5,1,363,34609,0,1,10,-33.746328,150.695233,55,0,2,1,1,0,0,0,0,0,15,50,0,6545,6545,4,5,0,3,0,0,0,1
1351561,1,2024,2024,8,6,6,1104,14,460,962,0,1,3,-33.826851,150.993829,54,0,2,1,3,0,3,4,2,0,7,90,2,14295,14295,3,5,5,2,0,0,0,1
1351562,1,2024,2024,8,4,3,205,27,45,415,0,1,9,-33.684,151.229798,50,0,2,0,3,0,3,0,1,2,7,70,2,14295,14295,3,5,13,2,0,0,0,1
1351564,4,2024,2024,8,3,0,2261,17,96,2252,0,1,3,-34.228905,150.668445,79,1,2,0,3,0,3,4,0,0,7,110,2,14295,14295,3,0,35,2,0,1,0,0
1351567,2,2024,2024,8,4,3,171,27,79,369,0,1,10,-34.006531,150.723744,12,0,2,1,3,0,3,0,2,2,7,80,2,1669,1669,3,9,5,2,0,0,1,0
1351570,2,2024,2024,0,2,1,46,27,15,49,0,1,2,-34.077094,150.840834,13,0,2,1,3,0,0,0,0,0,7,60,1,9859,9859,8,9,40,1,0,0,1,0
1351576,2,2024,2024,8,5,9,80,27,316,50,0,1,9,-33.906289,151.231145,59,0,2,1,3,0,3,4,0,2,7,60,2,14295,14295,3,0,18,2,0,0,1,0
1351582,2,2024,2024,8,0,3,500,27,293,799,0,1,10,-33.932471,151.044852,15,0,2,0,3,0,3,2,1,2,7,60,2,3775,3775,0,9,5,2,0,0,1,0
1351583,1,2024,2024,8,6,2,1104,14,223,962,0,1,3,-33.805558,150.916968,7,0,2,1,3,0,0,0,0,0,7,100,2,14295,14295,3,8,13,3,0,0,0,1
1351584,2,2024,2024,8,6,4,15,27,2,91,0,1,1,-34.668223,149.317411,74,1,0,0,3,0,3,4,2,0,7,100,1,4552,5151,8,5,40,1,0,0,1,0
1351586,1,2024,2024,8,6,6,4,31,284,34609,0,1,10,-33.907782,151.010716,15,0,2,1,3,0,0,0,2,0,0,50,0,6545,6545,4,5,5,2,0,0,0,2
1351587,1,2024,2024,3,1,11,475,31,162,240,0,1,9,-33.851021,150.899145,24,0,2,1,3,0,0,0,0,2,7,70,2,1192,1192,1,5,35,2,0,0,0,1
1351590,2,2024,2024,8,4,4,866,17,247,793,0,1,9,-33.833294,150.959411,21,0,2,1,3,0,0,3,2,0,0,70,2,775,775,4,5,0,2,0,0,1,0
1351591,4,2024,2024,8,0,3,15,27,14,46,0,1,1,-34.926215,150.690496,63,2,1,0,3,0,3,4,2,0,7,80,1,2585,4009,8,0,40,1,0,1,0,0
1351592,1,2024,2023,2,2,6,97,27,271,799,0,1,2,-33.935224,151.008325,15,0,2,1,3,0,0,0,2,0,7,70,2,14295,14295,3,0,5,2,0,0,0,1
1351594,1,2024,2024,3,5,6,3371,17,10,3342,0,1,2,-32.081954,152.426696,43,1,0,0,2,0,3,4,2,0,7,100,2,2585,4009,8,10,40,1,0,0,0,1
1351597,2,2024,2024,8,4,4,95,31,76,34609,0,1,9,-34.551411,150.370732,78,2,1,0,3,0,3,4,2,0,15,50,0,1850,1463,5,5,40,1,0,0,1,0
1351601,1,2024,2024,0,1,8,81,31,646,80,0,1,1,-33.915855,151.013929,15,0,2,1,3,0,0,0,0,0,7,60,1,14295,14295,3,5,36,3,0,0,0,1
1351603,2,2024,2024,8,5,8,98,27,87,799,0,1,2,-33.928381,150.971031,41,0,2,0,3,0,0,0,2,0,7,70,2,14295,14295,3,5,5,3,0,0,1,0
1351604,1,2024,2024,8,0,4,265,10,445,563,0,1,10,-33.861557,151.042165,21,0,2,0,3,0,0,0,2,2,7,70,2,1282,1282,1,5,0,2,0,0,0,2