Crash ID,Degree of crash - detailed,Reporting year,Year of crash,Month of crash,Day of week of crash,Two-hour intervals,Street of crash,Street type,Town,Route no.,School zone location,School zone active,Type of location,Latitude,Longitude,LGA,Urbanisation,Conurbation 1,Alignment,Street lighting,Road surface,Surface condition,Weather,Natural lighting,Signals operation,Other traffic control,Speed limit,Road classification,RUM - code,DCA - code,First impact type,Key TU type,Other TU type,No. of traffic units involved,No. killed,No. seriously injured,No. moderately injured,No. minor-other injured
1351614,1,2024,2024,8,4,7,193,1,58,34609,0,1,1,-33.753764,151.154002,36,0,2,1,3,0,0,0,2,0,7,50,0,1981,1981,4,30,5,2,0,0,0,1
1351617,2,2024,2023,2,4,4,251,27,64,212,1,0,10,-33.759194,151.219022,50,0,2,1,3,0,0,0,2,2,7,70,2,14295,14295,3,5,13,3,0,0,1,0
1351622,2,2024,2024,8,5,4,330,23,123,233,0,1,9,-33.914856,151.225541,59,0,2,1,3,0,0,0,2,2,7,50,2,5929,5929,1,0,5,2,0,0,1,0
1351625,1,2024,2024,8,6,8,1,4,59,34609,0,1,10,-32.883385,151.725004,48,0,2,1,3,0,0,0,3,0,0,50,0,14295,14295,3,10,5,2,0,0,0,1
1351626,1,2024,2024,8,3,9,344,27,88,163,0,1,9,-33.735669,150.851649,7,0,2,1,3,0,3,4,0,2,7,70,2,14295,14295,3,5,5,2,0,0,0,1
1351628,1,2024,2024,8,3,10,500,27,646,799,0,1,9,-33.93443,151.033769,15,0,2,1,3,0,0,0,0,0,7,60,2,14295,14295,3,5,5,2,0,0,0,1
1351633,2,2024,2024,8,6,4,3371,17,108,3342,0,1,2,-33.296107,151.422306,16,2,2,1,3,0,0,0,2,0,7,60,2,14295,14295,3,5,5,3,0,0,1,0
1351636,2,2024,2024,8,3,7,9,27,11,34609,0,1,1,-34.830424,149.744327,26,1,0,1,3,0,3,3,2,0,7,100,0,9859,9859,8,5,40,1,0,0,1,0
1351638,2,2024,2024,8,0,8,10,25,96,212,0,1,2,-35.354575,149.231921,58,2,1,1,3,0,0,0,2,0,7,50,2,945,945,5,5,40,1,0,0,1,0
1351640,1,2024,2024,8,2,5,51,1,73,34609,0,1,1,-33.776564,151.170279,36,0,2,1,3,0,3,4,2,0,7,50,0,220,220,8,30,40,1,0,0,0,2
1351645,1,2024,2024,7,4,4,829,27,309,770,0,1,9,-33.8167,151.111843,61,0,2,0,3,0,0,0,2,0,7,60,2,6545,6545,4,5,5,2,0,0,0,1
1351649,2,2024,2024,0,5,8,35,27,29,34609,0,1,1,-34.076613,150.567003,79,2,2,0,3,0,0,0,3,0,7,60,0,52,52,8,0,40,1,0,0,1,0
1351652,1,2024,2024,8,2,10,55,1,167,34609,0,1,10,-33.849819,151.07391,54,0,2,1,3,0,3,4,0,2,7,60,0,5929,5929,1,0,0,2,0,0,0,1
1351655,1,2024,2024,0,0,7,19,27,35,105,0,1,7,-33.885817,150.905665,24,0,2,1,3,0,0,0,2,0,0,60,1,926,926,4,30,0,2,0,0,0,1
1351657,1,2024,2024,8,5,8,169,31,37,83,0,1,9,-29.444978,153.206093,18,2,1,0,3,0,0,0,2,0,7,50,1,77,77,1,0,13,2,0,0,0,1
1351662,2,2024,2024,0,2,9,175,27,21,220,0,1,9,-33.733481,150.920152,7,0,2,1,3,0,0,0,4,2,7,70,2,1669,1669,3,10,5,2,0,0,1,0
1351664,1,2024,2024,8,6,7,194,31,337,34609,0,1,9,-33.740312,151.004396,71,0,2,1,3,0,3,4,2,0,7,50,0,2852,2852,4,5,13,2,0,0,0,1
1351667,1,2024,2024,8,3,6,89,17,50,34609,0,1,1,-34.341433,150.906342,80,0,2,1,3,0,3,4,2,0,7,60,0,1282,1282,1,5,5,2,0,0,0,1
1351670,2,2024,2023,2,6,4,72,14,174,71,0,1,3,-33.893939,151.216572,69,0,2,1,0,0,0,0,2,0,7,80,2,9859,9859,8,5,40,2,0,0,2,0
1351671,4,2024,2024,4,6,9,27,10,19,34609,0,1,1,-34.081036,150.838662,13,0,2,0,1,0,3,3,2,0,7,50,0,4552,5151,1,16,25,2,0,1,0,0
1351672,2,2024,2023,2,4,6,293,31,532,55,0,1,1,-33.868741,151.21211,69,0,2,1,1,0,0,0,2,0,7,40,1,3775,3775,0,0,5,2,0,0,3,0
1351673,2,2024,2023,2,2,11,83,27,13,34609,0,1,1,-28.673686,153.561646,10,2,1,0,0,0,0,0,0,0,7,80,0,1259,5151,8,16,40,1,0,0,1,0
1351674,2,2024,2023,2,4,3,2126,17,60,2149,0,1,1,-33.603294,150.26896,8,2,2,0,0,0,3,4,2,0,7,80,2,1957,4009,8,5,40,1,0,0,1,0
1351675,2,2024,2023,2,6,11,43,31,104,117,0,1,9,-32.914125,151.70433,48,0,2,1,2,0,0,0,0,0,0,60,2,1945,1945,5,5,40,1,0,0,1,0
1351676,2,2024,2023,2,2,7,3371,17,37,3342,0,1,2,-29.443897,153.234674,18,1,0,1,0,0,0,0,2,0,7,110,2,945,945,5,5,40,1,0,0,1,0
1351678,4,2024,2023,2,2,3,31,27,157,34609,0,1,7,-34.021033,151.098519,68,0,2,1,1,0,0,0,2,0,0,50,0,6545,6545,4,5,27,3,0,2,0,0
1351679,4,2024,2024,4,3,7,55,36,22,35,0,1,1,-32.8766,149.940677,44,1,0,0,0,0,0,0,2,0,7,90,1,4552,5151,8,16,40,1,0,1,0,0
1351681,4,2024,2023,2,5,7,2209,17,44,2205,0,1,2,-33.945213,151.141556,4,0,2,1,1,0,3,0,2,0,7,60,2,1383,1383,1,30,19,6,0,1,1,0
1351682,4,2024,2023,2,3,5,9,31,273,34609,0,1,7,-34.429251,150.896653,80,0,2,1,1,0,0,0,2,0,0,50,0,6545,6545,4,5,27,2,0,1,0,0
1351685,4,2024,2024,4,2,10,6,10,33,34609,0,1,9,-34.744342,150.833179,35,2,1,1,2,0,3,3,0,0,7,50,0,4026,4026,8,30,40,1,0,1,1,0
1351686,4,2024,2023,2,3,1,13,27,132,17,0,1,9,-29.743977,151.106249,33,1,0,0,0,0,3,3,0,0,7,100,1,4552,5151,8,0,40,1,0,1,0,0
1351688,4,2024,2024,4,1,6,56,23,129,144,0,1,9,-33.895287,151.090169,9,0,2,1,1,0,0,0,2,2,7,60,2,5929,5929,1,5,19,2,0,1,1,0
1351689,4,2024,2024,4,3,2,145,31,98,34609,0,1,10,-30.988376,150.25031,51,2,1,1,2,0,0,0,0,0,15,50,0,6545,6545,4,5,13,2,0,1,1,0
1351690,1,2024,2024,4,2,6,123,36,10,49,0,1,1,-30.250869,151.146978,51,1,0,1,0,0,0,0,2,0,7,100,1,945,945,5,0,40,1,0,0,0,1
1351692,2,2024,2023,2,0,6,1052,14,173,928,0,1,3,-33.703903,151.11813,31,0,2,1,1,0,0,0,2,0,7,110,2,14295,14295,3,10,0,3,0,0,1,0
1351693,4,2024,2024,3,2,7,2,34,4,34609,0,1,1,-35.475276,148.596051,66,1,0,1,0,2,0,0,2,0,7,100,0,1945,1945,5,16,40,1,0,1,0,0
1351695,2,2024,2024,4,4,9,17,2,74,34609,0,1,10,-34.024504,150.770739,12,0,2,1,1,0,0,0,2,2,7,60,0,5929,5929,1,0,5,2,0,0,3,0
1351696,4,2024,2024,3,0,4,16,10,91,34609,0,1,1,-33.994913,150.897549,13,0,2,0,1,0,0,0,2,0,7,50,0,623,623,3,16,5,2,0,1,0,0
1351697,2,2024,2024,3,5,8,82,31,370,49,0,1,10,-34.074474,150.826408,13,0,2,1,1,0,3,4,2,2,7,60,1,5929,5929,1,0,0,2,0,0,3,0
1351699,4,2024,2024,3,4,10,28,27,16,62,0,1,1,-36.723459,149.903732,5,2,1,0,0,0,0,0,0,0,7,80,1,4552,5151,8,0,40,1,0,1,0,0
1351702,4,2024,2024,3,3,3,234,27,24,228,0,1,1,-33.387594,150.984824,31,0,2,0,2,0,0,1,1,0,7,60,2,3775,3775,0,5,13,2,0,1,0,1
1351703,4,2024,2023,2,3,10,204,31,169,99,0,1,9,-33.900811,151.209758,69,0,2,1,2,0,0,0,3,2,7,50,2,5929,5929,1,5,27,2,0,1,0,0
1351705,2,2024,2024,4,3,4,4,27,11,34609,0,1,1,-32.71644,151.596046,42,2,1,1,0,0,0,0,2,0,7,60,0,323,323,1,16,37,2,0,0,1,0
1351707,4,2024,2024,3,2,7,7,31,6,34609,0,1,1,-31.550778,149.387823,51,2,1,1,0,0,0,0,2,0,7,50,0,3775,3775,0,16,5,2,0,2,0,0
1351708,1,2024,2024,3,6,0,4,27,96,34609,0,1,1,-35.346504,149.227397,58,2,1,1,2,0,0,0,0,0,7,50,0,9859,9859,1,5,5,3,0,0,0,1
1351712,2,2024,2024,3,0,7,74,27,22,59,0,1,9,-34.465592,150.871482,80,0,2,1,1,0,0,0,2,2,7,80,2,395,395,1,5,13,2,0,0,1,0
1351713,1,2024,2024,4,5,10,251,14,139,124,0,1,3,-33.834462,151.211157,49,0,2,0,2,0,3,4,0,0,7,40,2,4552,5151,8,5,40,1,0,0,0,1
1351714,2,2024,2024,7,6,9,30,27,24,34609,0,1,1,-32.780176,151.420799,17,2,1,0,0,0,3,4,3,0,7,60,0,2585,4009,8,5,40,1,0,0,1,0
1351715,2,2024,2024,7,2,0,5,27,16,35,0,1,1,-32.801343,149.973675,44,2,1,1,2,0,0,0,0,0,7,50,1,9859,9859,1,5,0,2,0,0,1,0
1351719,2,2024,2024,7,0,4,2261,17,23,2252,0,1,3,-34.061218,150.786154,13,0,2,0,0,0,0,0,2,0,7,110,2,1383,1383,1,30,13,2,0,0,1,0
1351723,2,2024,2023,2,5,8,1,36,20,34609,1,0,10,-33.074966,151.649411,37,0,2,1,1,0,0,0,2,0,7,50,0,6545,6545,4,16,13,2,0,0,1,0
1351724,4,2024,2024,4,0,8,72,27,82,102,0,1,10,-33.793869,151.260544,50,0,2,0,0,0,0,0,2,0,7,60,2,515,515,1,30,19,2,0,1,0,3
1351725,4,2024,2024,7,2,7,2,27,35,34609,0,1,1,-35.459098,150.335851,63,2,1,0,0,2,0,0,2,0,7,80,0,2585,4009,8,16,40,1,0,1,0,0
1351729,1,2024,2024,7,4,6,97,17,53,88,0,1,2,-35.143108,149.334546,58,1,0,1,1,0,0,0,2,0,7,110,2,9859,9859,8,5,40,1,0,0,0,1
1351730,4,2024,2024,7,0,7,118,17,35,118,0,1,9,-30.020462,148.108026,51,2,1,1,0,0,0,0,2,0,7,80,2,489,489,8,16,40,1,0,1,0,0
1351733,4,2024,2024,7,3,7,8,27,24,34609,0,1,1,-31.526749,152.721939,56,2,1,0,0,0,3,4,2,0,7,80,0,3775,3775,0,16,5,2,0,1,0,0
1351734,4,2024,2024,7,1,5,916,17,32,917,1,0,10,-30.217178,151.673139,1,2,1,1,0,0,0,0,2,0,15,70,2,6545,6545,4,5,10,2,0,1,0,0
1351735,1,2024,2024,7,3,8,4,27,38,34609,0,1,1,-32.747184,151.855012,57,2,1,1,1,0,0,0,2,0,7,60,0,186,186,9,10,28,2,0,0,0,1
1351739,4,2024,2024,7,5,10,916,17,70,917,0,1,2,-32.734231,151.543821,42,2,1,1,2,0,0,0,3,0,7,80,2,1192,1192,1,5,0,4,0,1,1,1
1351743,2,2024,2024,7,6,11,7,31,16,34609,0,1,1,-32.891615,151.609698,48,0,2,1,0,0,0,0,0,0,7,80,0,9859,9859,8,10,40,1,0,0,1,0
1351744,2,2024,2024,0,6,4,2126,17,80,2149,0,1,2,-33.887875,151.167572,32,0,2,1,1,0,0,0,2,0,7,60,2,2040,2040,9,15,28,2,0,0,1,0
1351745,2,2024,2024,0,6,3,45,1,294,26,0,1,9,-33.93707,150.925745,41,0,2,1,2,0,0,0,1,0,7,60,2,1669,1669,3,15,0,2,0,0,1,0
1351746,1,2024,2024,7,5,3,35,27,30,34609,0,1,1,-28.328936,153.500261,72,2,1,0,0,0,3,3,1,0,7,80,0,3775,3775,0,5,10,2,0,0,0,1
1351747,4,2024,2024,7,5,9,52,27,188,53,1,0,1,-33.941528,151.101266,25,0,2,1,1,0,0,0,2,0,7,50,1,340,340,9,5,28,2,0,1,0,0
1351748,2,2024,2024,7,6,3,2126,17,166,2149,0,1,9,-33.418189,149.590353,3,2,1,1,2,0,0,0,1,0,7,70,2,186,186,9,17,28,2,0,0,1,0
1351749,4,2024,2024,7,4,6,3371,17,23,3342,0,1,2,-32.041853,152.456252,43,1,0,0,1,0,0,0,2,0,7,110,2,1957,4009,1,29,5,2,0,1,0,0
1351751,1,2024,2024,0,0,10,92,31,172,9,0,1,10,-32.751119,151.589973,42,2,1,1,2,0,3,4,0,2,7,50,1,5929,5929,1,33,0,2,0,0,0,1
1351755,2,2024,2024,0,2,10,9,27,11,34609,0,1,1,-28.324237,153.408594,72,2,1,1,0,0,0,0,0,0,7,50,0,96,96,0,10,25,3,0,0,1,1
1351757,2,2024,2024,3,6,9,2261,17,243,2252,0,1,10,-33.950416,150.904575,41,0,2,1,0,0,0,0,2,2,7,70,2,1669,1669,3,10,5,2,0,0,1,0
1351759,4,2024,2024,7,6,4,61,10,87,34609,0,1,1,-33.080037,151.44671,37,0,2,0,0,0,0,0,2,0,7,60,0,1383,1383,1,16,0,2,0,1,0,0
1351761,4,2024,2024,0,6,5,109,36,28,108,0,1,1,-28.319267,153.429707,72,2,1,1,1,0,0,0,2,0,7,60,1,14295,14295,3,5,0,2,0,1,0,1
1351764,2,2024,2024,0,2,4,103,36,1,157,0,1,9,-29.625627,152.928824,18,2,1,0,0,0,0,0,2,0,16,80,2,2585,4009,8,30,40,1,0,0,1,0
1351765,4,2024,2024,0,4,7,334,17,11,308,0,1,1,-30.980677,150.759008,70,1,0,1,0,0,0,0,2,0,7,100,2,14295,14295,3,8,0,3,0,1,2,0
1351767,2,2024,2024,0,5,0,2261,17,523,2252,0,1,9,-33.937924,150.913529,41,0,2,1,2,0,0,0,0,2,7,60,2,1669,1669,3,5,19,2,0,0,2,0
1351768,2,2024,2024,7,5,9,55,13,112,34609,0,1,9,-33.446189,151.443839,16,2,2,0,1,0,0,0,2,3,9,40,0,14295,14295,3,16,0,2,0,0,1,0
1351769,2,2024,2024,4,4,6,11,27,18,34609,0,1,9,-28.339408,153.56544,72,2,1,0,0,0,0,0,2,0,7,50,0,1850,1463,5,22,40,1,0,0,1,0
1351770,1,2024,2024,0,6,7,34,31,123,38,0,1,9,-33.833507,148.686359,51,2,1,1,1,0,0,0,2,0,0,50,2,591,591,1,22,0,2,0,0,0,1
1351771,2,2024,2024,0,0,4,168,17,32,212,0,1,1,-35.346079,149.2749,58,2,1,0,0,0,3,4,2,0,7,80,2,380,714,5,10,40,1,0,0,1,0
1351774,2,2024,2024,0,1,9,515,14,294,518,0,1,3,-33.947284,150.962973,41,0,2,1,0,0,0,0,0,0,7,100,2,14295,14295,3,0,0,2,0,0,1,0
1351775,1,2024,2024,0,0,4,4,31,131,34609,0,1,9,-36.076763,146.908303,0,2,1,1,0,0,0,0,2,0,0,60,0,926,926,4,5,0,2,0,0,0,1
1351776,4,2024,2024,0,6,3,22,27,26,34609,0,1,7,-34.856968,150.582958,63,2,1,0,1,0,0,3,2,0,0,60,0,926,926,4,8,24,2,0,1,0,0
1351781,2,2024,2024,0,2,2,20,31,80,34609,0,1,1,-33.881031,151.168064,32,0,2,1,2,0,3,4,0,0,7,50,0,1192,1192,1,0,5,3,0,0,1,0
1351785,1,2024,2024,0,6,9,137,14,18,70,0,1,3,-32.794488,151.472871,17,1,0,1,0,0,0,3,3,0,7,110,2,368,368,9,0,28,2,0,0,0,1
1351787,4,2024,2024,0,3,5,78,27,23,228,0,1,1,-33.027667,151.13266,17,2,1,0,1,0,0,0,2,0,7,80,1,418,714,5,16,40,1,0,1,0,0
1351793,4,2024,2024,0,0,0,31,24,61,36,0,1,1,-33.753532,151.1187,36,0,2,1,2,0,0,0,0,0,7,60,1,1945,1945,5,16,40,1,0,1,0,0
1351797,4,2024,2024,0,3,5,103,27,34,98,0,1,1,-32.797743,150.89994,64,2,1,0,0,0,3,3,2,0,7,80,2,1850,1463,5,16,40,1,0,1,0,0
1351799,1,2024,2024,0,4,7,85,10,167,702,0,1,2,-33.851575,151.080226,54,0,2,0,1,0,3,4,2,0,7,80,2,14295,14295,3,0,36,2,0,0,0,1
1351800,1,2024,2024,7,4,10,2209,17,176,2205,1,0,2,-33.96527,151.136938,25,0,2,1,2,0,0,0,0,0,7,60,2,121,121,9,30,28,2,0,0,0,1
1351806,2,2024,2024,0,0,5,2126,17,115,2149,0,1,9,-33.884378,151.194801,69,0,2,1,1,0,0,0,2,2,7,50,2,1669,1669,3,16,19,2,0,0,1,0
1351809,4,2024,2024,0,3,7,3371,17,207,3342,0,1,1,-33.597897,151.169227,31,0,2,0,0,0,0,0,2,0,7,80,2,1259,5151,8,16,40,1,0,1,0,0
1351812,2,2024,2024,0,4,8,1,34,15,34609,0,1,1,-30.168663,153.044298,19,2,1,1,0,0,0,0,2,0,7,50,0,1089,1089,7,16,40,1,0,0,1,0
1351813,4,2024,2024,0,3,9,294,17,11,288,0,1,1,-35.171075,147.640593,75,1,0,1,0,0,0,0,3,0,7,100,2,1669,1669,3,5,5,2,0,1,0,0
1351815,4,2024,2024,8,4,4,36,27,9,72,0,1,1,-28.716152,153.482868,10,2,1,0,0,0,3,3,2,0,7,80,2,96,96,0,5,10,2,0,1,0,0
1351818,4,2024,2024,0,5,6,11,27,9,118,0,1,1,-29.995909,150.595355,51,1,0,0,0,0,0,0,2,0,7,100,2,4552,5151,8,3,40,1,0,1,0,0
1351829,1,2024,2024,7,3,2,29,31,139,69,0,1,10,-33.874916,151.134375,32,0,2,1,2,0,0,0,0,2,7,60,2,5929,5929,1,10,5,2,0,0,0,1
1351832,2,2024,2024,8,0,7,2,27,12,34609,0,1,1,-31.09428,151.027648,70,2,1,0,0,0,0,0,2,0,7,80,0,3775,3775,0,10,13,2,0,0,1,2
1351833,4,2024,2024,8,1,8,12,27,102,49,0,1,9,-31.10248,150.903439,70,2,1,1,0,0,0,0,2,0,7,60,1,2852,2852,4,5,19,2,0,1,0,0
1351834,2,2024,2024,0,0,11,163,27,95,165,0,1,9,-33.736153,150.837149,7,0,2,1,2,0,0,0,0,2,7,60,1,5929,5929,1,5,5,3,0,0,1,0
1351837,4,2024,2024,0,4,3,23,31,283,34609,0,1,1,-33.829145,151.003508,21,0,2,0,1,0,0,0,2,0,7,50,0,14295,14295,3,5,10,2,0,1,0,0
1351839,2,2024,2024,7,0,9,2126,17,104,2149,0,1,9,-33.833088,151.017857,54,0,2,1,2,0,0,0,2,0,7,60,2,14295,14295,3,5,19,4,0,0,1,0
1351843,2,2024,2024,3,0,4,117,27,163,144,0,1,9,-33.859266,151.092518,14,0,2,1,1,0,0,0,2,0,7,60,2,150,150,4,5,40,2,0,0,1,0
1351844,2,2024,2024,0,6,10,157,17,36,158,0,1,1,-33.881944,148.135434,51,1,0,1,0,0,0,0,0,0,7,100,2,945,945,5,10,40,1,0,0,2,1
1351848,2,2024,2024,0,0,10,49,22,57,34609,0,1,1,-34.555062,150.834425,62,0,2,0,2,0,0,0,0,0,7,50,0,591,591,1,22,5,2,0,0,1,0
1351851,4,2024,2024,0,3,6,1104,14,45,144,0,1,9,-33.792356,150.807667,55,0,2,1,1,0,0,0,2,2,7,60,2,14295,14295,3,5,5,3,0,1,0,0
1351852,4,2024,2024,8,1,9,3,27,2,34609,0,1,1,-28.821429,152.969937,60,1,0,0,0,0,3,3,0,0,7,100,0,1957,4009,8,5,40,1,0,1,0,0
1351853,4,2024,2024,8,6,3,481,17,20,483,0,1,1,-30.988903,149.415195,51,1,0,1,0,0,0,0,1,0,7,110,2,475,475,5,10,40,1,0,1,0,0
1351854,1,2024,2024,8,4,4,3371,17,51,3342,0,1,2,-33.261507,151.483361,16,2,2,1,1,0,0,0,2,0,7,70,2,1220,1220,9,9,28,2,0,0,0,1
1351857,4,2024,2024,7,4,8,1104,14,323,962,0,1,3,-33.798968,150.8586,7,0,2,1,1,0,0,0,3,0,7,100,2,1383,1383,1,16,36,2,0,1,0,0
1351858,2,2024,2024,8,1,7,251,27,8,212,0,1,2,-33.776519,151.195572,36,0,2,0,1,0,3,3,2,0,7,60,2,1383,1383,1,8,19,2,0,0,1,0
1351859,2,2024,2024,8,6,9,55,31,175,34609,0,1,1,-33.771832,151.086417,54,0,2,1,2,0,3,4,0,0,7,50,0,9859,9859,8,5,40,1,0,0,1,1
1351865,1,2024,2024,8,6,7,4,1,43,34609,1,0,9,-33.215716,151.513668,16,2,2,1,1,0,0,0,2,0,7,50,0,1981,1981,4,5,27,2,0,0,0,1
1351867,4,2024,2024,0,6,8,125,31,54,34609,0,1,10,-33.082843,151.631431,37,0,2,1,1,0,0,0,2,0,0,50,0,6545,6545,4,0,5,2,0,1,1,0
1351868,2,2024,2024,0,2,4,153,27,188,147,1,0,9,-33.949665,151.102057,25,0,2,1,1,0,3,4,2,3,7,60,2,1192,1192,1,5,40,2,0,0,1,0
1351869,1,2024,2024,8,3,7,829,27,98,34609,0,1,1,-33.738093,151.059009,31,0,2,1,0,0,0,0,2,0,7,50,0,1981,1981,4,0,5,2,0,0,0,1
1351872,1,2024,2024,8,1,9,1,31,41,34609,0,1,1,-33.785607,151.269253,50,0,2,1,0,0,0,3,3,0,7,50,0,1192,1192,1,5,27,2,0,0,0,1
1351880,4,2024,2024,0,6,10,43,1,32,144,0,1,7,-33.756217,150.818859,7,0,2,0,2,0,3,4,0,0,0,60,2,6545,6545,4,10,5,2,0,1,0,0
1351881,4,2024,2024,0,1,4,6,31,37,34609,0,1,9,-32.672898,151.388543,17,2,1,0,0,0,0,0,2,0,7,60,0,1850,777,5,16,40,1,0,1,0,0
1351885,4,2024,2024,0,5,6,478,17,70,480,0,1,10,-33.438549,151.354147,16,2,2,1,1,0,3,4,2,2,9,60,2,2040,2040,9,5,28,2,0,1,0,0
1351886,4,2024,2024,0,0,11,125,31,438,44,0,1,10,-33.849955,151.034631,21,0,2,1,2,0,0,0,0,2,7,50,1,2585,777,8,16,40,1,0,1,0,0
1351888,1,2024,2024,8,3,7,50,27,57,140,0,1,1,-33.900439,151.170403,32,0,2,1,2,0,3,4,2,0,7,60,1,1109,787,1,5,27,2,0,0,0,1
1351889,2,2024,2024,0,1,7,55,27,151,160,1,0,10,-34.02943,150.848208,13,0,2,1,1,0,0,0,2,2,7,60,2,6545,6545,4,5,13,2,0,0,1,0
1351892,2,2024,2024,0,0,9,13,31,78,7,0,1,1,-33.847586,151.01609,21,0,2,1,1,0,3,4,2,0,7,50,1,3775,3775,0,0,5,2,0,0,2,0
1351893,2,2024,2024,3,4,2,205,27,161,415,0,1,2,-33.730693,151.159683,36,0,2,0,2,0,0,0,0,0,7,60,2,4552,5151,8,5,40,1,0,0,1,0
1351896,4,2024,2024,0,4,10,11,3,22,122,0,1,2,-34.506724,150.880984,80,0,2,1,2,0,3,4,0,0,7,80,2,14295,14295,3,33,36,2,0,1,0,0
1351900,1,2024,2024,0,2,7,8,27,20,34609,0,1,1,-29.179554,152.236159,51,1,0,0,0,2,0,0,2,0,7,100,0,4552,5151,8,16,40,1,0,0,0,1
1351902,2,2024,2024,8,4,4,866,27,247,34609,0,1,7,-33.819082,150.948718,21,0,2,1,2,0,3,0,2,0,0,50,0,6545,6545,4,5,27,2,0,0,1,0
1351904,1,2024,2023,2,3,0,5,10,28,3,0,1,10,-33.11011,148.831143,11,1,0,1,0,2,0,0,0,0,7,100,2,945,945,5,5,40,1,0,0,0,1
1351905,2,2024,2024,0,1,0,224,27,387,321,1,0,10,-33.92146,151.196417,69,0,2,1,2,0,0,0,0,2,7,50,2,6545,6545,4,21,5,2,0,0,1,0
1351906,2,2024,2024,0,0,11,1052,14,77,928,0,1,3,-33.52563,151.197232,16,1,2,0,2,0,3,4,0,0,7,110,2,1192,1192,1,30,0,4,0,0,1,0
1351911,4,2024,2024,8,1,7,16,10,4,12,0,1,1,-30.658897,152.903152,47,1,0,1,0,0,3,4,2,0,7,90,1,3775,3775,0,10,5,2,0,1,1,0
1351913,2,2024,2024,3,5,8,4,27,50,34609,0,1,9,-33.510437,151.342028,16,2,2,1,1,0,0,0,2,0,0,50,0,2852,2852,4,5,0,2,0,0,2,0
1351914,4,2024,2024,8,1,8,2,27,11,34609,0,1,1,-32.935493,149.045154,22,2,1,0,0,0,0,0,3,0,7,80,0,418,714,5,10,40,1,0,1,0,0
1351916,4,2024,2023,1,2,6,92,27,25,34609,0,1,10,-33.012446,151.714624,37,0,2,1,1,0,0,0,2,0,0,50,0,2040,2040,9,5,28,2,0,1,0,0
1351919,4,2024,2024,0,5,7,230,27,80,284,0,1,10,-33.810726,151.163562,38,0,2,1,1,0,0,0,2,1,7,60,2,1282,1282,1,5,0,2,0,1,0,0
1351923,4,2024,2024,8,3,10,1,31,121,34609,0,1,0,-33.791303,151.286217,50,0,2,1,2,0,3,4,0,0,7,50,0,2040,2040,9,5,28,2,0,1,0,0
1351924,4,2024,2024,0,5,9,6,27,23,172,0,1,9,-32.997369,151.637119,37,0,2,0,2,0,0,0,3,0,0,60,2,2852,2852,4,0,19,2,0,1,0,0
1351925,2,2024,2024,8,5,5,5,31,155,34609,0,1,10,-33.131266,148.175364,53,2,1,1,0,0,0,0,2,0,0,50,0,6545,6545,4,0,5,2,0,0,2,1
1351931,2,2024,2024,0,2,5,98,31,115,34609,0,1,9,-33.882759,151.19488,69,0,2,1,1,0,0,0,2,0,2,40,0,591,591,1,22,0,2,0,0,1,0
1351932,4,2024,2024,0,5,3,32,31,460,34609,1,0,9,-33.827252,150.973657,21,0,2,1,0,0,0,0,1,0,0,50,0,1220,1220,9,33,28,2,0,1,0,0
1351933,2,2024,2024,4,0,9,35,18,11,34609,0,1,1,-32.857133,151.314614,17,2,1,1,0,2,0,0,2,0,7,50,0,9859,9859,8,16,40,1,0,0,1,0
1351935,2,2024,2024,0,5,8,150,27,173,415,0,1,9,-33.780958,151.132681,61,0,2,0,2,0,0,0,3,2,7,70,2,2852,2852,4,0,0,2,0,0,1,0
1351937,4,2024,2024,8,5,7,78,31,55,34609,0,1,1,-33.366971,151.460456,16,2,2,1,1,0,0,0,2,0,7,50,0,9859,9859,1,5,5,2,0,1,0,0
1351939,4,2024,2024,8,5,7,77,27,13,58,0,1,1,-34.742251,150.54898,63,2,1,1,0,0,3,0,2,0,7,80,2,14295,14295,3,5,5,3,0,1,0,0
1351946,2,2024,2024,8,4,5,251,27,8,212,0,1,9,-33.777027,151.195364,36,0,2,0,0,0,0,3,2,0,7,60,2,14295,14295,3,0,0,2,0,0,1,0
1351948,4,2024,2024,0,6,0,191,27,370,68,0,1,7,-34.054004,150.821648,13,0,2,1,2,0,0,0,0,0,0,60,1,1945,1945,5,5,40,1,0,1,0,0
1351950,2,2024,2024,8,5,8,60,27,101,262,0,1,10,-32.894645,151.607099,37,0,2,1,1,0,0,0,3,2,7,80,2,14295,14295,3,5,5,3,0,0,1,0
1351951,2,2024,2024,0,2,7,13,27,12,34609,0,1,9,-32.541668,151.168291,64,2,1,1,0,0,0,0,2,0,0,60,0,2852,2852,4,30,5,2,0,0,1,0
1351952,1,2024,2024,8,6,4,829,27,124,770,1,0,9,-33.8131,151.04696,54,0,2,1,1,0,0,0,2,0,7,70,2,14295,14295,3,8,5,2,0,0,0,1
1351954,2,2024,2024,7,5,4,31,27,85,41,0,1,9,-33.722611,151.140019,36,0,2,0,0,0,0,0,2,0,0,50,1,1850,1463,5,22,40,1,0,0,1,0
1351955,4,2024,2024,0,1,6,3371,17,8,3342,0,1,1,-33.545026,151.197578,31,0,2,1,1,0,0,0,2,0,7,80,2,1109,787,1,5,19,2,0,1,0,0
1351957,4,2024,2024,8,3,0,866,17,112,793,0,1,9,-33.907847,150.918708,41,0,2,0,2,0,3,4,0,2,7,70,2,2852,2852,4,5,12,2,0,1,2,0