Crash ID,Degree of crash - detailed,Reporting year,Year of crash,Month of crash,Day of week of crash,Two-hour intervals,Street of crash,Street type,Town,Route no.,School zone location,School zone active,Type of location,Latitude,Longitude,LGA,Urbanisation,Conurbation 1,Alignment,Street lighting,Road surface,Surface condition,Weather,Natural lighting,Signals operation,Other traffic control,Speed limit,Road classification,RUM - code,DCA - code,First impact type,Key TU type,Other TU type,No. of traffic units involved,No. killed,No. seriously injured,No. moderately injured,No. minor-other injured
1351958,4,2024,2024,8,2,6,4,1,70,97,0,1,10,-33.91358,150.978992,15,0,2,1,1,0,3,3,2,0,0,50,1,6545,6545,4,5,5,2,0,1,0,0
1351959,2,2024,2024,8,6,6,213,17,20,213,0,1,9,-29.563298,153.147124,18,2,1,0,0,0,0,0,2,0,15,80,2,6545,6545,4,9,25,2,0,0,1,0
1351962,2,2024,2024,8,5,11,829,27,165,770,0,1,2,-33.848112,151.152419,14,0,2,1,2,0,3,4,0,0,7,60,2,1945,1945,5,16,40,1,0,0,1,0
1351967,2,2024,2024,0,6,8,35,27,25,34609,0,1,1,-32.769883,151.792779,57,2,1,0,0,0,0,0,2,0,7,40,0,2585,4009,8,0,40,1,0,0,1,1
1351968,2,2024,2024,8,4,6,3371,17,58,3342,0,1,2,-33.758283,151.153681,36,0,2,1,1,0,3,4,2,0,7,60,2,14295,14295,3,8,10,2,0,0,1,0
1351969,4,2024,2024,8,6,5,348,17,24,232,0,1,1,-32.105832,149.478921,51,1,0,1,0,0,0,0,2,0,7,100,2,14295,14295,3,16,19,2,0,1,0,0
1351970,1,2024,2024,8,4,6,40,27,149,34609,0,1,1,-33.822114,150.964531,21,0,2,1,1,0,0,0,2,0,7,50,0,5929,5929,1,5,5,4,0,0,0,2
1351971,4,2024,2024,0,5,7,8,27,80,284,0,1,9,-33.812465,151.17149,38,0,2,1,1,0,0,0,2,0,0,60,2,2040,2040,9,5,28,2,0,1,0,0
1351975,4,2024,2024,0,3,4,3371,17,207,3342,0,1,1,-33.552366,151.193322,31,0,2,0,0,0,0,0,2,0,7,50,2,3775,3775,0,16,19,2,0,1,1,0
1351976,1,2024,2024,8,1,5,1,27,5,34609,0,1,1,-30.034219,153.120084,19,1,0,0,0,2,0,0,2,0,7,100,0,3775,3775,0,5,5,2,0,0,0,1
1351977,2,2024,2024,0,0,6,20,31,57,34609,0,1,1,-32.811055,151.480598,17,2,1,1,1,0,0,0,2,0,7,50,0,4026,4026,8,10,40,1,0,0,1,0
1351979,4,2024,2024,0,0,10,22,31,82,34609,0,1,10,-33.823843,151.200917,49,0,2,1,2,0,3,4,0,2,7,50,0,5929,5929,1,0,18,2,0,1,0,0
1351980,2,2024,2024,8,4,3,3371,17,85,3342,0,1,9,-33.732738,151.126388,36,0,2,1,1,0,0,0,2,0,7,60,2,2040,2040,9,9,28,2,0,0,1,0
1351984,2,2024,2024,0,4,3,51,31,172,34609,0,1,10,-32.74615,151.585724,42,2,1,1,0,0,0,0,0,0,15,50,0,2852,2852,4,5,27,2,0,0,1,0
1351985,2,2024,2024,7,3,6,512,17,11,441,0,1,1,-33.332638,149.153719,52,1,0,1,1,0,0,0,2,0,7,100,2,1109,787,1,10,0,2,0,0,1,0
1351986,2,2024,2024,0,2,3,34,31,18,34609,0,1,10,-33.725866,151.288099,50,0,2,1,1,0,3,3,2,0,0,50,0,926,926,4,5,0,2,0,0,1,0
1351988,4,2024,2024,0,1,4,41,31,49,34609,0,1,10,-32.991598,151.681946,37,0,2,1,1,0,0,0,2,0,7,60,0,5929,5929,1,5,5,2,0,1,2,0
1351991,2,2024,2024,8,5,6,82,31,48,34609,0,1,10,-36.67732,149.845142,5,2,1,1,1,0,0,0,2,0,0,50,0,6545,6545,4,0,0,2,0,0,3,0
1351993,1,2024,2024,0,5,6,344,27,62,382,0,1,2,-33.71901,150.844293,7,0,2,1,0,0,0,0,2,0,7,80,2,14295,14295,3,9,13,2,0,0,0,1
1351997,4,2024,2024,8,2,8,5,27,22,34609,0,1,1,-32.843255,150.021429,44,1,0,0,0,0,3,3,3,0,7,100,0,4552,5151,8,10,40,1,0,1,0,0
1351998,4,2024,2024,0,4,8,8,27,22,11,0,1,9,-35.15861,150.584352,63,2,1,1,1,0,0,0,2,0,0,50,1,5929,5929,1,5,0,2,0,1,0,4
1352005,4,2024,2024,7,3,8,39,23,98,34609,0,1,1,-33.021682,151.602019,37,0,2,1,0,0,0,0,2,0,7,50,0,1981,1981,4,5,5,4,0,1,0,0
1352007,1,2024,2024,8,1,2,3371,17,92,3342,0,1,7,-33.409027,151.350339,16,2,2,0,2,0,3,4,0,0,0,60,2,6545,6545,4,0,0,2,0,0,0,1
1352015,1,2024,2024,0,4,8,7,27,61,34609,0,1,1,-35.141799,149.186944,82,1,0,1,0,0,0,0,2,0,7,100,0,4026,4026,8,5,40,1,0,0,0,2
1352018,2,2024,2024,8,2,7,133,10,25,121,0,1,7,-31.566958,152.82737,56,2,1,0,1,0,3,4,2,0,0,70,1,6545,6545,4,0,13,3,0,0,2,0
1352019,2,2024,2024,0,6,10,74,27,609,48,0,1,9,-33.775256,150.891405,7,0,2,1,2,0,3,4,0,2,7,60,1,5929,5929,1,5,5,2,0,0,1,1
1352020,1,2024,2024,0,3,6,57,27,337,47,0,1,2,-33.725885,150.989325,71,0,2,1,1,0,0,0,2,0,7,60,2,14295,14295,3,0,5,2,0,0,0,1
1352022,2,2024,2023,9,2,4,100,27,323,100,0,1,2,-33.789411,150.854657,7,0,2,1,1,0,3,3,2,0,7,60,2,14295,14295,3,33,13,3,0,0,1,0
1352027,4,2024,2024,0,4,6,25,27,54,34609,0,1,1,-33.607695,150.876592,29,2,2,0,0,0,0,0,2,0,7,70,0,1850,1463,5,16,40,1,0,1,0,0
1352028,4,2024,2024,8,5,4,157,17,4,158,0,1,1,-33.853216,147.839931,51,1,0,1,0,0,0,0,2,0,7,100,2,9859,9859,8,5,40,1,0,1,0,0
1352033,4,2024,2024,8,3,7,308,14,323,311,0,1,3,-33.820605,150.852306,7,0,2,0,0,0,0,0,2,0,7,100,2,2585,4009,8,10,40,2,0,1,1,0
1352036,2,2024,2024,8,5,4,23,36,6,62,0,1,9,-29.806402,152.964098,18,1,0,1,0,0,0,0,2,0,7,100,1,57,57,1,10,5,2,0,0,2,0
1352038,2,2024,2024,8,1,3,7,10,77,34609,0,1,2,-33.925957,151.165777,32,0,2,1,0,0,3,3,1,0,7,60,0,14295,14295,3,5,5,2,0,0,1,0
1352039,1,2024,2024,8,5,10,2126,17,60,2149,0,1,10,-33.762106,150.734976,55,0,2,1,2,0,3,4,0,2,7,60,2,5929,5929,1,33,19,2,0,0,0,1
1352041,2,2024,2024,0,0,4,6,10,101,34609,0,1,1,-32.905496,151.604782,37,0,2,0,1,0,3,4,2,0,7,50,0,4552,5151,1,5,36,2,0,0,1,0
1352043,2,2024,2024,8,2,9,109,27,460,106,0,1,9,-33.835634,150.985465,21,0,2,1,3,0,2,6,0,0,0,60,1,5929,5929,1,5,5,2,0,0,1,0
1352046,2,2024,2024,8,1,5,2209,17,61,2205,0,1,9,-35.909233,150.081,23,2,1,1,1,0,0,3,2,2,7,50,2,6545,6545,4,5,5,2,0,0,1,0
1352055,4,2024,2024,8,2,4,512,17,7,441,0,1,1,-32.603679,148.949898,22,1,0,1,1,0,3,4,2,0,7,100,2,1945,1945,5,16,40,1,0,1,0,0
1352056,2,2024,2024,8,6,3,916,17,194,917,0,1,1,-30.477726,151.680791,1,1,0,0,0,0,3,3,2,0,7,100,2,4552,5151,8,10,40,1,0,0,1,0
1352057,4,2024,2024,0,1,10,95,27,17,605,0,1,9,-33.59248,151.32139,50,0,2,0,2,0,0,0,0,0,0,40,2,3775,3775,0,16,0,2,0,1,0,0
1352058,2,2024,2024,8,1,9,36,27,40,36,0,1,1,-34.003985,150.795702,12,0,2,0,0,0,3,4,0,0,7,80,1,1259,5151,8,5,40,1,0,0,1,0
1352059,2,2024,2024,8,4,8,23,10,15,47,0,1,10,-32.896925,151.70617,48,0,2,0,2,0,0,3,0,2,7,60,2,5929,5929,1,0,0,3,0,0,1,0
1352060,4,2024,2024,0,1,9,61,27,232,70,0,1,1,-33.658499,150.92792,71,0,2,0,0,0,0,0,0,0,7,70,1,1957,4009,8,22,40,1,0,1,0,0
1352063,4,2024,2024,0,0,5,475,10,100,268,0,1,9,-33.890476,150.884956,24,0,2,1,1,0,0,0,2,2,7,70,2,83,83,1,10,0,2,0,2,0,0
1352064,2,2024,2024,8,6,1,916,17,102,917,0,1,1,-31.11072,150.925728,70,2,1,1,0,0,0,0,0,0,7,60,2,3775,3775,0,5,12,2,0,0,1,0
1352066,4,2024,2024,8,1,6,12,10,89,34609,0,1,1,-28.214213,153.541595,72,2,1,1,1,0,3,0,2,0,7,50,0,1282,1282,1,0,19,2,0,1,0,0
1352067,4,2024,2024,8,1,8,3,27,83,34609,0,1,1,-29.737379,152.944918,18,2,1,0,0,0,0,0,3,0,7,60,0,1089,1089,7,16,40,1,0,1,0,0
1352068,2,2024,2024,8,6,4,17,27,162,34609,0,1,4,-33.835022,150.878877,24,0,2,0,0,0,3,4,2,0,7,60,0,3775,3775,0,5,13,2,0,0,2,0
1352069,2,2024,2024,0,6,3,225,17,70,180,0,1,1,-34.570871,150.317601,78,2,1,1,0,0,0,0,2,0,7,60,2,3775,3775,0,5,5,2,0,0,1,0
1352071,1,2024,2024,8,6,10,72,27,72,56,0,1,9,-33.794529,151.065467,54,0,2,1,0,0,0,0,2,0,0,60,2,515,515,1,5,5,2,0,0,0,1
1352073,4,2024,2024,0,0,5,478,17,20,480,0,1,2,-33.310276,151.520422,16,2,2,1,1,0,0,0,2,0,7,80,2,1383,1383,1,5,25,2,0,1,0,1
1352075,4,2024,2024,0,3,10,2261,17,93,2252,0,1,1,-36.094888,146.921742,0,2,1,0,0,0,0,0,0,0,7,40,2,14295,14295,3,34,5,2,0,2,0,1
1352077,4,2024,2024,8,6,3,55,1,167,34609,0,1,10,-33.849819,151.07391,54,0,2,1,2,0,0,0,1,2,7,60,0,5929,5929,1,30,5,2,0,1,0,0
1352089,2,2024,2024,8,6,8,330,23,102,112,0,1,10,-33.953043,151.241757,59,0,2,1,3,0,0,0,2,2,7,60,2,623,623,3,8,36,2,0,0,1,0
1352090,2,2024,2024,4,5,5,16,27,90,34609,0,1,9,-33.889009,151.244425,81,0,2,0,3,0,0,3,2,0,0,50,0,2852,2852,4,0,0,3,0,0,1,0
1352091,2,2024,2024,8,4,5,42,31,53,118,0,1,9,-31.085207,150.924792,70,2,1,1,3,0,0,0,2,0,0,60,2,5929,5929,1,5,5,2,0,0,1,0
1352092,1,2024,2024,3,4,7,36,27,438,25,0,1,10,-33.848218,151.021447,21,0,2,1,3,0,0,0,2,2,7,50,1,14295,14295,3,5,0,2,0,0,0,1
1352094,2,2024,2024,8,4,0,22,31,309,702,0,1,6,-33.816152,151.102996,61,0,2,0,3,0,3,3,0,0,7,60,2,237,162,8,5,40,1,0,0,1,0
1352096,4,2024,2024,0,1,9,3371,17,6,3342,0,1,2,-29.433092,153.241182,18,1,0,1,0,0,3,4,0,0,7,110,1,9859,9859,8,5,40,1,0,1,0,0
1352097,1,2024,2024,0,4,3,829,27,304,140,0,1,1,-33.908143,151.163477,32,0,2,1,3,0,0,0,2,0,7,60,1,941,941,1,9,5,2,0,0,0,1
1352099,2,2024,2023,9,0,3,38,31,157,34609,0,1,1,-34.005809,151.107496,68,0,2,1,0,0,0,0,1,0,7,50,0,214,214,9,8,28,2,0,0,1,0
1352100,2,2024,2024,8,2,10,48,10,316,121,0,1,7,-31.433266,152.899235,56,2,1,0,3,0,0,3,0,0,7,50,1,6545,6545,4,5,5,2,0,0,1,0
1352101,1,2024,2024,8,4,9,168,17,6,212,0,1,1,-35.244683,149.630988,58,1,0,1,3,0,3,4,0,2,7,100,2,14295,14295,3,0,13,3,0,0,0,5
1352108,1,2024,2024,8,1,7,46,27,104,262,0,1,9,-32.910204,151.716996,48,0,2,1,3,0,0,3,2,2,7,60,2,5929,5929,1,5,0,3,0,0,0,1
1352112,1,2024,2024,0,6,10,39,36,16,79,0,1,9,-33.797279,151.209385,77,0,2,1,3,0,3,3,0,0,15,60,2,14295,14295,3,0,0,2,0,0,0,1
1352114,4,2024,2024,0,1,3,18,10,79,34609,0,1,10,-34.001234,150.739485,12,0,2,1,3,0,0,0,2,2,7,60,0,926,926,4,5,0,2,0,1,1,0
1352115,1,2024,2024,8,3,6,54,27,284,18,0,1,1,-33.898882,151.035964,15,0,2,1,3,0,0,0,2,0,7,60,1,1383,1383,1,5,5,2,0,0,0,1
1352117,2,2024,2024,8,6,4,22,22,532,22,0,1,3,-33.861933,151.21372,69,0,2,1,3,0,0,0,2,0,7,80,2,214,214,9,5,28,2,0,0,1,0
1352122,2,2024,2024,0,5,1,194,31,85,34609,1,0,9,-34.576059,150.765719,62,0,2,1,3,0,3,4,0,0,15,50,0,926,926,4,0,5,2,0,0,1,0
1352123,1,2024,2024,8,0,8,51,1,57,34609,0,1,2,-33.944419,151.222214,4,0,2,1,3,0,0,0,3,0,0,50,0,1383,1383,1,29,25,2,0,0,0,1
1352125,2,2024,2024,0,3,10,4,27,73,34609,0,1,1,-34.158004,150.599559,79,2,2,0,3,0,0,0,0,0,7,80,0,1850,1463,5,5,40,1,0,0,1,0
1352126,2,2024,2024,8,4,7,11,31,370,14,0,1,2,-34.062883,150.815812,13,0,2,1,3,0,0,0,2,0,7,60,1,14295,14295,3,5,5,2,0,0,1,0
1352127,1,2024,2024,0,3,6,3371,17,52,3342,0,1,10,-33.262809,151.464678,16,2,2,1,0,0,0,0,2,2,7,70,2,14295,14295,3,10,25,3,0,0,0,1
1352128,1,2024,2024,8,3,9,866,17,36,793,1,0,2,-33.790597,151.021568,54,0,2,1,3,0,3,4,0,0,7,60,2,14295,14295,3,5,12,2,0,0,0,1
1352130,1,2024,2024,8,6,4,117,27,73,702,0,1,2,-33.82396,151.094221,14,0,2,1,3,0,0,0,2,0,7,70,2,14295,14295,3,5,0,2,0,0,0,1
1352137,1,2024,2024,0,4,5,2209,17,157,2205,0,1,10,-34.008057,151.105716,68,0,2,0,3,0,0,0,2,2,7,70,2,14295,14295,3,0,13,2,0,0,0,1
1352138,4,2024,2024,8,0,7,2209,17,74,2205,0,1,2,-34.438637,150.858569,80,0,2,1,3,0,0,0,2,0,7,60,2,14295,14295,3,5,0,4,0,1,1,0
1352144,1,2024,2024,8,6,3,60,27,40,167,1,0,10,-34.019054,151.121919,68,0,2,1,3,0,3,4,2,2,0,70,2,5929,5929,1,5,13,2,0,0,0,1
1352145,1,2024,2024,8,4,7,829,27,165,770,0,1,10,-33.852571,151.155911,14,0,2,1,3,0,0,0,2,2,7,60,2,14295,14295,3,5,5,2,0,0,0,3
1352149,2,2024,2024,8,3,6,15,27,22,34609,0,1,1,-35.140737,149.959263,26,1,0,0,3,0,3,4,2,0,7,100,0,4552,5151,8,10,40,1,0,0,1,0
1352152,2,2024,2024,8,2,8,8,27,20,34609,0,1,1,-32.950929,151.58155,37,0,2,0,3,0,3,4,0,0,7,80,0,3775,3775,0,5,5,2,0,0,1,0
1352154,2,2024,2024,7,0,7,3,31,143,34609,0,1,9,-33.882272,151.106552,9,0,2,1,3,0,0,0,2,0,7,50,0,1391,1391,1,10,5,2,0,0,1,0
1352155,1,2024,2024,8,1,3,3371,17,100,3342,0,1,2,-33.812066,151.175436,38,0,2,1,3,0,0,0,2,0,7,60,2,14295,14295,3,19,13,3,0,0,0,1
1352157,4,2024,2024,8,1,4,2209,17,137,2205,0,1,10,-34.035088,151.066132,68,0,2,1,3,0,0,0,2,2,6,70,2,5929,5929,1,10,5,2,0,1,1,0
1352158,1,2024,2024,0,4,7,38,27,78,38,0,1,1,-33.38659,151.449113,16,2,2,1,3,0,0,0,2,0,7,70,1,14295,14295,3,9,5,2,0,0,0,1
1352163,2,2024,2024,8,1,3,2261,17,35,2252,0,1,3,-34.184105,150.720079,79,1,2,1,3,0,0,0,2,0,7,110,2,4026,4026,8,10,40,1,0,0,1,0
1352165,4,2024,2024,8,3,7,3371,17,149,3342,0,1,2,-33.352053,151.369977,16,2,2,0,3,0,0,0,2,0,7,60,2,4552,5151,8,5,40,1,0,1,0,0
1352166,2,2024,2024,8,4,3,1104,14,223,962,0,1,3,-33.806115,150.920217,7,0,2,1,3,0,0,0,1,0,7,100,2,14295,14295,3,10,5,2,0,0,1,0
1352173,4,2024,2024,8,6,7,7,31,62,34609,0,1,9,-32.924831,151.623674,37,0,2,1,3,0,3,4,2,0,0,50,0,1850,985,5,16,40,1,0,1,0,0
1352175,2,2024,2024,0,5,3,74,23,49,260,0,1,2,-33.975631,151.15042,4,0,2,1,3,0,0,0,2,0,7,60,2,14295,14295,3,10,5,2,0,0,1,0
1352176,4,2024,2024,8,3,4,3371,17,77,3342,0,1,2,-33.03817,151.659446,37,0,2,1,3,0,3,4,2,0,7,50,2,9859,9859,8,0,40,1,0,1,0,0
1352180,1,2024,2024,8,5,11,75,10,63,165,0,1,2,-33.935741,151.207904,4,0,2,0,3,0,0,0,0,0,7,80,2,14295,14295,3,5,5,2,0,0,0,2
1352181,1,2024,2024,8,5,4,30,27,609,93,0,1,9,-33.749446,150.923595,7,0,2,1,3,0,0,0,2,0,0,60,1,5929,5929,1,5,5,2,0,0,0,1
1352184,2,2024,2024,8,4,10,283,27,91,702,0,1,9,-33.958284,151.088262,25,0,2,1,3,0,0,0,0,0,7,60,2,14295,14295,3,0,13,3,0,0,1,1
1352186,1,2024,2024,3,2,1,229,14,323,237,0,1,3,-33.771679,150.983444,71,0,2,1,3,0,0,0,0,0,7,100,2,9859,9859,1,5,5,2,0,0,0,1
1352188,2,2024,2024,8,1,9,56,31,119,34609,0,1,10,-32.763665,151.744897,57,2,1,1,2,0,0,0,4,2,7,50,0,256,256,4,10,5,2,0,0,1,0
1352191,1,2024,2024,8,1,3,515,14,271,518,0,1,3,-33.940832,151.018473,15,0,2,1,3,0,3,4,2,0,7,100,2,14295,14295,3,5,5,2,0,0,0,1
1352192,1,2024,2023,2,0,5,15,31,99,34609,0,1,9,-33.8909,151.273383,76,0,2,1,1,0,0,0,2,0,15,40,0,2852,2852,4,9,27,2,0,0,0,1
1352193,1,2024,2024,8,6,4,52,27,438,103,0,1,1,-33.863898,151.019612,21,0,2,1,3,0,0,0,2,0,7,50,1,14295,14295,3,5,5,2,0,0,0,1
1352201,2,2024,2024,8,6,3,74,27,15,260,0,1,2,-32.968679,151.606884,37,0,2,1,3,0,3,4,1,0,7,70,2,1945,1945,5,15,40,1,0,0,1,0
1352203,2,2024,2024,8,6,4,1104,14,283,962,0,1,3,-33.826982,151.004811,54,0,2,1,3,0,0,0,2,0,7,90,2,1391,1391,1,5,5,2,0,0,1,0
1352214,1,2024,2024,0,4,6,4,27,89,34609,0,1,7,-33.857286,150.889574,24,0,2,1,3,0,0,0,2,0,0,50,0,5929,5929,1,0,13,2,0,0,0,1
1352216,1,2024,2024,0,5,6,1104,14,460,962,0,1,3,-33.822113,150.985417,21,0,2,1,1,0,0,0,2,0,7,90,2,4026,4026,8,10,40,1,0,0,0,1
1352220,1,2024,2024,8,4,6,2,31,74,34609,0,1,10,-34.027732,150.776817,12,0,2,1,3,0,0,0,2,0,0,50,0,6545,6545,4,5,5,2,0,0,0,1
1352221,2,2024,2024,8,1,5,12,27,64,12,0,1,1,-33.889755,151.073176,67,0,2,1,3,0,0,0,2,0,7,60,1,1109,787,1,5,10,2,0,0,1,0
1352222,2,2024,2024,0,5,6,5,27,18,34609,0,1,9,-34.980116,150.704858,63,2,1,1,3,0,0,3,2,0,0,70,0,14295,14295,3,10,5,2,0,0,1,0
1352227,1,2024,2024,7,3,6,9,31,112,34609,0,1,10,-36.06458,146.944215,0,2,1,1,3,0,0,0,2,0,0,50,0,2852,2852,4,0,5,2,0,0,0,1
1352232,2,2024,2024,8,3,0,2126,17,80,2149,0,1,9,-33.887561,151.171644,32,0,2,1,3,0,0,0,0,2,7,60,2,14295,14295,3,5,0,2,0,0,1,1
1352237,1,2024,2024,8,3,8,485,27,154,769,0,1,9,-33.715973,150.960761,71,0,2,1,3,0,0,0,2,1,7,40,2,14295,14295,3,0,36,2,0,0,0,2
1352245,1,2024,2024,0,6,5,83,27,108,57,0,1,1,-28.856277,153.560195,2,2,1,1,3,0,0,0,2,0,7,60,1,14295,14295,3,5,12,3,0,0,0,1
1352248,1,2024,2024,0,5,7,11,31,24,34609,0,1,10,-33.965845,151.249306,59,0,2,1,3,0,0,0,2,0,15,50,0,6545,6545,4,0,0,2,0,0,0,2
1352251,1,2024,2024,8,5,4,45,1,294,34609,0,1,1,-33.942997,150.924445,41,0,2,1,0,0,0,0,2,0,7,60,0,14295,14295,3,5,5,2,0,0,0,1
1352253,1,2024,2024,8,4,8,37,27,3,48,0,1,9,-32.415945,151.745109,51,1,0,0,3,0,0,0,2,0,0,100,1,2585,4009,8,10,40,1,0,0,0,1
1352256,2,2024,2024,8,0,7,35,27,91,96,0,1,1,-32.966027,151.65508,37,0,2,1,3,0,0,0,2,0,15,60,2,1981,1981,4,10,5,2,0,0,1,0
1352257,2,2024,2024,4,3,8,2209,17,176,2205,0,1,10,-33.952926,151.137616,4,0,2,0,3,0,0,0,2,2,7,60,2,5929,5929,1,0,5,2,0,0,1,0
1352261,2,2024,2024,8,0,11,12,27,83,34609,0,1,1,-34.473306,150.463087,78,2,1,0,3,0,0,0,0,0,7,80,0,1259,5151,8,0,40,1,0,0,1,0
1352262,2,2024,2024,0,4,8,2261,17,68,2252,0,1,2,-34.784878,148.847801,82,1,0,0,3,0,0,0,2,0,7,110,2,782,957,5,29,40,1,0,0,1,0
1352264,2,2024,2024,8,6,8,308,14,104,311,0,1,3,-33.741126,150.928325,7,0,2,1,3,0,0,0,2,0,7,100,2,14295,14295,3,8,0,3,0,0,1,0
1352265,1,2024,2024,0,4,11,36,27,7,39,0,1,1,-32.453855,149.018446,22,1,0,0,3,0,0,1,0,0,7,100,2,1089,1089,7,0,40,1,0,0,0,1
1352267,2,2024,2023,2,6,10,51,27,85,34609,0,1,9,-33.910862,150.875157,41,0,2,1,2,0,0,0,0,2,7,50,0,5929,5929,1,5,0,2,0,0,1,1
1352269,4,2024,2023,2,6,8,59,27,252,21,0,1,2,-33.932835,150.86913,41,0,2,1,2,0,3,4,2,0,7,60,2,14295,14295,3,0,35,2,0,2,0,0
1352271,4,2024,2023,2,2,5,163,27,63,165,0,1,9,-33.740343,150.796695,7,0,2,0,1,0,0,0,2,0,0,60,1,6545,6545,4,0,10,3,0,1,1,0
1352272,2,2024,2023,2,4,5,27,27,102,28,0,1,2,-33.95668,151.199565,4,0,2,1,1,0,0,0,2,2,7,80,2,1282,1282,1,30,19,3,0,0,1,1
1352273,4,2024,2023,2,1,6,916,17,17,917,0,1,1,-32.179126,150.889856,46,1,0,1,0,0,0,0,2,0,7,100,2,945,945,5,10,40,1,0,2,0,0
1352275,2,2024,2024,4,1,9,49,31,83,34609,0,1,9,-29.720942,152.932319,18,2,1,1,1,0,0,0,2,0,0,50,0,418,777,5,16,40,1,0,0,1,0
1352276,2,2024,2023,2,3,3,2,27,127,34609,0,1,1,-33.838527,150.84235,24,0,2,0,0,0,3,3,2,0,7,60,0,4552,5151,8,5,40,1,0,0,1,0
1352277,2,2024,2024,4,0,10,2,27,1,34609,0,1,1,-33.331955,149.850256,3,2,1,1,0,2,0,0,3,0,7,80,0,1089,1089,7,16,40,1,0,0,1,0
1352279,1,2024,2024,4,5,7,1,27,4,34609,0,1,1,-36.304961,149.7274,5,1,0,1,0,2,0,3,2,0,7,100,0,945,945,5,8,40,1,0,0,0,1
1352280,4,2024,2024,4,4,8,2,18,35,34609,1,0,9,-34.101796,150.800113,13,0,2,1,1,0,0,0,2,0,7,60,0,323,323,1,16,25,2,0,1,0,0
1352281,1,2024,2024,4,1,11,9,1,346,34609,0,1,1,-33.887256,151.079185,67,0,2,1,2,0,0,0,0,0,7,50,0,368,368,9,33,28,2,0,0,0,1
1352283,4,2024,2024,4,1,8,58,27,81,34609,1,0,6,-33.887046,151.258759,81,0,2,0,1,0,0,0,2,0,9,50,0,2040,2040,9,5,28,3,0,1,0,0
1352284,4,2024,2023,2,1,10,39,31,169,99,0,1,10,-33.900262,151.206164,69,0,2,1,2,0,0,0,0,2,7,50,2,5929,5929,1,5,5,2,0,1,0,1
1352288,2,2024,2024,3,6,5,1,1,137,34609,0,1,9,-33.898224,150.911212,24,0,2,1,1,0,0,0,2,0,7,50,0,14295,14295,3,5,5,2,0,0,1,0
1352289,1,2024,2024,3,3,6,16,27,34,17,0,1,1,-35.001763,149.078145,82,1,0,1,3,0,2,6,2,0,7,100,1,4026,4026,8,0,40,1,0,0,0,5
1352290,4,2024,2024,3,1,7,2,27,15,34609,0,1,1,-31.143821,150.241263,51,2,1,1,0,2,0,0,2,0,7,60,0,475,475,5,5,40,1,0,1,0,0
1352291,2,2024,2024,3,0,9,80,27,316,34609,0,1,9,-33.913569,151.246406,59,0,2,1,1,0,0,0,2,0,15,50,0,9859,9859,1,5,13,5,0,0,1,0
1352293,2,2024,2024,3,4,8,126,31,201,34609,0,1,7,-33.998711,150.866497,13,0,2,1,0,0,0,6,2,0,0,40,0,6545,6545,4,5,27,2,0,0,1,0
1352294,4,2024,2024,3,4,10,25,27,147,94,0,1,9,-33.883079,151.000633,15,0,2,1,2,0,0,0,0,2,9,50,1,591,591,1,22,40,2,0,1,0,0
1352295,2,2024,2024,3,1,10,78,31,48,34609,0,1,1,-36.665285,149.826061,5,2,1,0,0,0,0,0,0,0,7,50,0,4552,5151,8,5,40,1,0,0,1,0
1352296,4,2024,2024,3,2,6,109,27,323,382,0,1,9,-33.782815,150.851875,7,0,2,1,2,0,0,0,2,0,7,60,2,1669,1669,3,0,12,2,0,1,0,0
1352297,4,2024,2024,3,2,0,4,10,40,34609,0,1,9,-34.420053,150.888408,80,0,2,1,2,0,3,4,0,2,7,50,0,9859,9859,8,5,40,1,0,1,0,0
1352301,2,2024,2024,3,3,3,19,27,26,34609,1,0,9,-33.113498,151.514509,37,0,2,1,1,0,0,0,2,0,0,60,0,6545,6545,4,0,27,2,0,0,1,0
1352302,2,2024,2024,3,0,3,485,27,323,769,0,1,9,-33.765352,150.996524,71,0,2,1,0,0,0,0,2,3,7,60,2,1669,1669,3,5,13,2,0,0,1,0
1352304,2,2024,2024,7,0,1,10,27,8,27,0,1,1,-33.692197,150.786477,7,0,2,0,2,0,3,4,0,0,7,80,1,1957,4009,8,5,40,1,0,0,1,0
1352308,2,2024,2024,3,4,8,35,31,90,262,0,1,10,-32.919682,151.747786,48,0,2,1,1,0,0,0,2,2,7,60,2,1220,1220,9,5,26,2,0,0,1,0
1352309,4,2024,2024,7,5,1,34,31,562,34609,0,1,1,-32.265013,148.608379,22,2,1,1,2,0,0,0,0,0,7,50,0,9859,9859,8,5,40,1,0,1,0,0
1352312,2,2024,2024,4,1,9,2126,17,283,2149,0,1,9,-33.831771,151.014858,54,0,2,1,2,0,0,0,2,0,7,60,2,14295,14295,3,33,5,4,0,0,2,0
1352319,2,2024,2024,4,6,7,46,1,646,34609,0,1,1,-33.922157,151.047456,15,0,2,1,0,0,0,0,2,0,7,50,0,4026,4026,1,5,0,6,0,0,1,0
1352323,2,2024,2024,4,3,7,171,31,173,34609,0,1,10,-33.881007,151.215702,69,0,2,1,1,0,0,0,2,0,15,40,0,6545,6545,4,22,5,2,0,0,1,0
1352326,2,2024,2024,7,3,9,89,36,4,17,0,1,1,-29.572639,152.91213,18,1,0,1,0,0,0,0,3,0,7,100,1,9859,9859,8,0,40,1,0,0,1,0
1352327,4,2024,2024,7,5,7,2261,17,23,2252,0,1,3,-34.054985,150.801951,13,0,2,1,0,0,0,0,2,0,7,110,2,9859,9859,8,10,40,1,0,1,0,0