Crash ID,Degree of crash - detailed,Reporting year,Year of crash,Month of crash,Day of week of crash,Two-hour intervals,Street of crash,Street type,Town,Route no.,School zone location,School zone active,Type of location,Latitude,Longitude,LGA,Urbanisation,Conurbation 1,Alignment,Street lighting,Road surface,Surface condition,Weather,Natural lighting,Signals operation,Other traffic control,Speed limit,Road classification,RUM - code,DCA - code,First impact type,Key TU type,Other TU type,No. of traffic units involved,No. killed,No. seriously injured,No. moderately injured,No. minor-other injured
1352329,2,2024,2024,7,2,5,26,1,112,34609,0,1,10,-33.909694,151.20455,69,0,2,1,1,0,0,0,2,0,0,50,0,6545,6545,4,10,18,2,0,0,1,0
1352330,2,2024,2024,7,1,0,193,31,77,34609,0,1,1,-32.945954,151.754275,48,0,2,1,3,0,0,0,0,0,7,50,0,9859,9859,1,0,5,2,0,0,1,0
1352334,4,2024,2024,7,4,4,1,31,207,34609,0,1,10,-31.961497,141.44631,51,2,1,1,0,0,0,0,2,0,0,50,0,6545,6545,4,5,13,2,0,1,0,1
1352336,4,2024,2024,7,2,9,6,31,72,34,0,1,1,-33.832652,151.229407,49,0,2,1,2,0,0,0,0,0,7,50,1,1981,1981,4,5,18,2,0,1,1,0
1352337,4,2024,2024,7,5,9,293,1,370,34609,0,1,1,-34.069991,150.825813,13,0,2,1,1,0,0,0,2,0,7,60,0,1945,1945,5,16,40,1,0,1,0,0
1352340,4,2024,2024,7,1,4,13,31,207,34609,0,1,10,-31.955944,141.466901,51,2,1,1,1,0,0,0,2,0,0,40,0,6545,6545,4,0,0,2,0,1,1,0
1352341,4,2024,2024,7,2,1,8,1,37,80,0,1,1,-33.021243,151.681646,37,0,2,1,2,0,0,0,0,0,7,60,1,9859,9859,8,5,40,1,0,1,1,0
1352342,4,2024,2024,0,3,5,348,17,12,232,0,1,1,-33.061112,149.929701,44,1,0,1,0,0,0,0,2,0,7,100,2,83,83,5,16,40,2,0,1,0,0
1352343,4,2024,2024,7,0,8,1,27,4,34609,0,1,1,-29.26129,151.849191,51,1,0,0,0,0,0,0,2,0,7,100,0,2585,4009,8,16,40,1,0,1,0,0
1352344,4,2024,2024,0,0,3,1052,14,149,928,0,1,3,-33.333307,151.380401,16,1,2,1,0,0,3,4,0,0,7,110,2,4026,4026,8,5,40,1,0,1,0,0
1352346,2,2024,2024,0,4,7,1052,14,207,928,0,1,3,-33.550161,151.194293,31,0,2,0,0,0,3,4,2,0,7,110,2,1957,4009,8,8,40,1,0,0,1,0
1352348,4,2024,2024,0,5,4,2209,17,32,2205,0,1,2,-34.582214,150.838388,62,0,2,0,2,0,0,0,2,0,7,100,2,941,941,1,0,10,2,0,1,0,0
1352349,4,2024,2024,7,5,5,15,27,73,14,0,1,9,-33.731181,150.702488,55,0,2,1,2,0,0,0,2,0,0,70,1,5929,5929,1,9,0,2,0,1,0,1
1352352,2,2024,2024,0,0,3,1052,14,21,928,0,1,3,-33.259751,151.403588,16,1,2,0,2,0,3,4,1,0,7,110,2,1282,1282,1,5,35,2,0,0,1,0
1352353,2,2024,2024,7,1,8,4,31,93,34609,0,1,1,-33.41491,149.613804,3,2,1,1,0,0,0,0,2,0,7,50,0,591,591,1,16,13,2,0,0,1,0
1352354,4,2024,2024,7,3,5,171,23,99,34609,0,1,9,-33.893863,151.273087,76,0,2,1,0,0,0,0,2,2,7,50,0,1192,1192,1,22,18,2,0,1,0,0
1352356,2,2024,2024,0,5,6,82,31,370,49,0,1,9,-34.072897,150.825063,13,0,2,1,1,0,3,4,2,0,0,60,1,5929,5929,1,5,20,2,0,0,1,0
1352360,4,2024,2024,7,1,9,168,10,387,260,0,1,2,-33.946086,151.174577,4,0,2,1,2,0,0,0,3,0,7,70,2,1945,1945,5,16,40,1,0,1,0,0
1352361,1,2024,2024,0,5,9,2209,17,77,2205,0,1,9,-33.920524,151.167482,32,0,2,1,2,0,0,0,0,3,2,60,2,775,775,4,0,5,2,0,0,0,1
1352362,4,2024,2024,0,3,8,3371,17,17,3342,0,1,2,-32.002156,152.463507,43,1,0,0,0,0,0,0,2,0,7,110,2,418,714,5,0,40,1,0,2,0,0
1352363,1,2024,2023,2,2,5,40,27,609,24,0,1,2,-33.771978,150.892165,7,0,2,1,1,0,0,0,2,0,7,50,1,4026,4026,8,16,40,1,0,0,0,1
1352364,4,2024,2024,7,0,3,829,27,165,770,0,1,2,-33.850754,151.154312,14,0,2,1,0,0,0,0,1,0,7,60,2,1945,1945,5,16,40,1,0,1,0,0
1352365,2,2024,2024,0,0,8,4,27,16,34609,0,1,9,-33.372705,149.540353,3,2,1,1,1,0,0,0,2,0,0,50,0,1957,777,8,10,40,1,0,0,1,0
1352367,2,2024,2024,0,4,8,5,31,207,34609,0,1,10,-31.982368,141.466628,51,2,1,1,1,0,0,0,3,0,0,50,0,6545,6545,4,5,12,2,0,0,2,0
1352370,1,2024,2024,0,3,4,149,27,60,198,1,0,10,-33.953041,150.953133,41,0,2,1,1,0,0,0,2,3,7,60,2,4026,4026,8,16,40,1,0,0,0,1
1352372,2,2024,2024,0,6,3,2126,17,125,2149,0,1,9,-33.865099,151.086086,67,0,2,1,1,0,0,0,2,0,0,60,2,14295,14295,3,10,5,2,0,0,1,0
1352373,2,2024,2024,0,3,11,1,1,40,34609,0,1,2,-34.408434,150.881511,80,0,2,1,2,0,0,0,0,0,7,40,0,1282,1282,1,5,40,1,0,0,1,0
1352376,4,2024,2024,0,5,6,63,31,562,34609,0,1,2,-32.243157,148.636797,22,2,1,1,1,0,0,0,2,0,7,50,0,591,591,1,16,5,2,0,1,0,0
1352380,2,2024,2024,3,1,5,225,17,76,180,0,1,9,-34.549719,150.371633,78,2,1,1,0,0,0,0,2,2,7,50,2,489,489,8,5,40,1,0,0,1,0
1352381,2,2024,2024,0,0,3,2126,17,90,2149,0,1,9,-33.706122,150.318732,8,2,2,0,1,0,0,0,2,2,7,70,2,5929,5929,1,5,10,2,0,0,1,0
1352384,2,2024,2024,7,2,5,6,31,65,34609,0,1,9,-33.856541,150.898083,24,0,2,1,1,0,0,0,2,2,7,60,0,5929,5929,1,0,5,2,0,0,1,0
1352386,4,2024,2024,0,6,7,119,31,433,34609,0,1,1,-33.284542,149.105619,52,2,1,1,1,0,0,0,2,0,7,50,0,515,515,1,0,19,2,0,1,0,0
1352390,1,2024,2024,0,2,10,100,27,41,799,0,1,1,-33.905096,151.132694,15,0,2,1,2,0,0,0,0,0,7,60,2,1981,1981,4,0,18,2,0,0,0,1
1352392,4,2024,2024,8,0,8,2209,17,166,2205,0,1,10,-33.896444,151.180011,32,0,2,1,2,0,3,4,0,2,9,40,2,591,591,1,22,36,2,0,1,0,0
1352397,4,2024,2024,8,4,6,53,36,8,95,0,1,1,-33.223747,148.891205,11,1,0,0,0,0,0,0,2,0,7,100,2,3775,3775,0,16,19,2,0,2,0,0
1352399,2,2024,2024,8,2,6,308,14,46,311,0,1,3,-33.927017,150.864728,41,0,2,0,0,0,3,2,2,0,7,100,2,14295,14295,3,30,5,4,0,0,1,0
1352401,2,2024,2024,8,6,4,80,27,316,50,0,1,6,-33.907819,151.23359,59,0,2,0,1,0,3,4,2,0,7,60,2,186,186,9,22,28,2,0,0,1,0
1352402,4,2024,2024,0,0,8,3371,17,92,3342,0,1,9,-33.405823,151.350977,16,2,2,1,2,0,0,0,3,2,9,60,2,2040,2040,9,5,28,2,0,1,0,0
1352404,4,2024,2024,8,4,7,1,27,3,34609,0,1,1,-30.264812,152.630416,6,1,0,1,0,2,3,4,2,0,7,100,0,1945,1945,5,16,40,1,0,1,0,0
1352406,2,2024,2024,8,3,8,3371,17,107,3342,0,1,2,-33.268566,151.435529,16,2,2,1,2,0,3,4,0,0,7,70,2,14295,14295,3,5,0,2,0,0,1,0
1352415,2,2024,2024,8,0,6,2126,17,9,2149,0,1,2,-33.71288,150.515962,8,2,2,0,1,0,0,0,2,0,7,80,2,1282,1282,1,29,5,2,0,0,1,0
1352416,2,2024,2024,0,5,5,3,18,169,34609,0,1,9,-33.592222,150.724118,29,2,2,1,0,0,0,0,2,0,15,60,0,2852,2852,4,10,0,2,0,0,1,0
1352421,4,2024,2024,8,4,7,17,31,460,106,0,1,1,-33.833635,150.991123,21,0,2,1,1,0,3,4,2,0,7,60,1,9859,9859,8,16,40,1,0,1,0,0
1352426,4,2024,2024,8,0,7,57,1,46,34609,0,1,7,-33.928274,150.858854,41,0,2,1,1,0,3,3,2,0,0,50,0,1259,985,8,5,40,1,0,1,0,0
1352428,4,2024,2024,7,5,8,18,27,58,34609,0,1,1,-34.046592,151.132728,68,0,2,1,1,0,0,0,3,0,7,50,0,186,186,9,22,28,2,0,1,0,0
1352430,4,2024,2024,8,0,9,3371,17,21,3342,0,1,10,-31.984484,152.470263,43,1,0,1,0,0,3,4,0,0,15,110,2,2585,777,8,10,40,1,0,1,1,0
1352432,4,2024,2024,0,0,8,330,23,123,233,0,1,10,-33.901636,151.222831,59,0,2,1,1,0,0,0,2,2,7,60,2,1192,1192,1,5,18,2,0,1,0,0
1352437,2,2024,2024,8,3,10,115,27,138,114,0,1,1,-33.871356,151.275101,76,0,2,1,2,0,3,0,0,0,7,50,2,387,387,1,22,5,2,0,0,1,0
1352438,4,2024,2024,8,2,10,7,10,169,34609,0,1,9,-28.632165,153.582717,10,2,1,1,0,0,3,4,0,0,7,50,0,1220,1220,9,5,28,2,0,1,0,0
1352442,2,2024,2024,8,5,5,196,36,36,15,0,1,1,-33.95368,148.176446,51,1,0,0,0,0,0,0,2,0,7,100,1,2585,4009,8,10,40,1,0,0,1,0
1352443,1,2024,2024,0,1,4,35,27,145,37,0,1,9,-33.915044,151.134964,15,0,2,1,1,0,0,0,2,0,9,50,1,2040,2040,9,5,28,2,0,0,0,1
1352444,2,2024,2024,8,0,7,3371,17,107,3342,0,1,2,-33.27443,151.429583,16,2,2,1,1,0,0,0,2,0,7,70,2,340,340,9,0,28,2,0,0,1,0
1352445,4,2024,2024,8,0,1,220,27,323,222,0,1,10,-33.765726,150.958395,71,0,2,1,2,0,0,0,0,2,7,80,2,5929,5929,1,10,12,2,0,2,0,0
1352447,2,2024,2024,8,0,9,25,27,11,34609,0,1,1,-34.534057,149.116187,74,1,0,0,0,2,0,3,0,0,7,100,0,2585,4009,8,10,40,1,0,0,1,0
1352452,2,2024,2024,8,4,9,32,31,40,34609,1,0,9,-33.689945,150.546217,8,2,2,0,2,0,0,0,3,0,15,50,0,5929,5929,1,5,13,2,0,0,1,0
1352453,2,2024,2024,8,6,8,133,17,9,121,0,1,1,-36.511913,149.284613,65,2,1,1,1,0,0,0,3,0,7,50,2,3775,3775,0,5,0,2,0,0,1,0
1352454,4,2024,2024,0,6,2,134,10,363,133,0,1,2,-33.808662,151.023781,54,0,2,1,2,0,0,0,0,0,7,70,2,1383,1383,1,0,19,2,0,1,0,0
1352456,1,2024,2024,8,3,5,2261,17,36,2252,0,1,2,-36.098668,146.913289,0,1,0,1,0,0,0,0,2,0,7,110,2,1383,1383,1,0,5,2,0,0,0,2
1352461,4,2024,2024,0,0,3,2,27,15,34609,1,0,9,-34.006885,151.08093,68,0,2,0,1,0,0,0,2,0,9,50,0,2040,2040,9,10,28,2,0,1,0,0
1352462,4,2024,2024,8,4,9,3,31,316,34609,0,1,10,-31.434949,152.917449,56,2,1,1,2,0,3,4,0,0,0,60,0,6545,6545,4,0,5,2,0,1,0,0
1352463,1,2024,2024,8,0,4,12,31,218,34609,0,1,1,-33.775054,150.777707,55,0,2,1,0,0,0,0,2,0,7,50,0,1109,397,1,0,36,2,0,0,0,1
1352470,4,2024,2024,0,6,4,11,27,87,34609,0,1,1,-34.041798,151.156304,68,0,2,1,1,0,0,0,2,0,7,50,0,1981,1981,4,0,27,2,0,1,0,0
1352473,2,2024,2024,8,1,5,48,31,122,34609,1,0,7,-33.429062,151.341416,16,2,2,1,0,0,0,0,2,0,9,40,0,2040,2040,9,34,28,2,0,0,1,0
1352475,2,2024,2024,0,0,9,97,31,142,92,0,1,9,-33.831992,150.992708,21,0,2,1,2,0,0,0,0,0,7,60,1,1282,1282,1,0,5,3,0,0,2,0
1352478,2,2024,2023,2,6,6,1104,14,80,962,0,1,3,-33.763554,150.658594,55,0,2,1,0,0,3,4,2,0,7,110,2,1383,1383,1,30,2,2,0,0,1,0
1352481,1,2024,2024,8,4,11,2261,17,32,2252,0,1,9,-34.837288,149.013354,82,1,0,1,0,0,0,0,0,0,0,110,2,6545,6545,4,5,2,2,0,0,0,1
1352482,1,2024,2024,8,2,2,11,27,10,25,0,1,2,-35.400896,149.230491,58,2,1,0,0,0,0,0,0,0,7,80,1,2585,4009,8,5,40,1,0,0,0,1
1352485,1,2024,2024,0,1,7,26,31,71,34609,1,0,7,-33.773711,150.697576,55,0,2,1,1,0,0,0,2,0,0,50,0,6545,6545,4,16,5,2,0,0,0,1
1352486,4,2024,2024,0,1,6,1,27,6,34609,0,1,1,-33.836932,151.198246,49,0,2,1,1,0,0,0,2,0,7,50,0,238,238,9,10,28,2,0,1,0,0
1352494,2,2024,2024,0,4,6,2,31,33,34609,0,1,9,-36.419956,148.613695,65,2,1,0,1,0,0,0,2,0,7,50,0,1109,787,1,5,25,2,0,0,1,0
1352500,2,2024,2024,7,4,9,294,17,7,288,0,1,1,-34.900236,146.622053,51,1,0,1,0,0,0,0,2,0,7,100,2,945,945,5,10,40,1,0,0,1,0
1352504,2,2024,2024,0,0,4,103,36,8,103,0,1,1,-32.024599,152.197064,43,1,0,0,0,0,3,4,2,0,7,90,1,3775,3775,0,10,5,2,0,0,3,0
1352506,1,2024,2024,8,1,3,1,1,271,34609,0,1,1,-33.946352,151.008399,15,0,2,1,1,0,0,0,2,0,7,50,0,238,238,9,5,28,2,0,0,0,1
1352507,4,2024,2024,8,2,10,35,33,22,34609,0,1,1,-36.040484,150.014868,23,2,1,1,0,2,0,0,0,0,7,80,0,3775,3775,0,16,13,2,0,1,0,0
1352513,2,2024,2024,8,6,5,265,10,445,563,0,1,9,-33.869285,151.042523,21,0,2,0,0,0,0,0,2,2,6,70,2,5929,5929,1,5,12,2,0,0,1,0
1352518,4,2024,2024,8,4,7,8,27,64,34609,0,1,1,-33.950059,150.996432,15,0,2,1,1,0,0,0,2,0,7,50,0,9859,9859,1,0,5,3,0,1,0,0
1352520,2,2024,2024,8,2,4,157,17,18,158,0,1,1,-33.591679,149.179312,51,1,0,0,0,0,3,4,2,0,7,100,2,1957,4009,8,8,40,1,0,0,1,0
1352524,2,2024,2024,8,0,4,119,31,73,207,0,1,9,-33.874725,151.219198,69,0,2,1,1,0,3,4,2,2,6,50,2,5929,5929,1,5,13,2,0,0,2,0
1352525,2,2024,2024,8,0,6,194,31,105,34609,0,1,1,-32.591959,149.588418,44,2,1,1,0,0,0,0,2,0,9,40,0,1220,1220,9,33,28,2,0,0,1,0
1352526,1,2024,2024,8,6,8,35,31,25,34609,1,0,10,-33.013134,151.712062,37,0,2,1,2,0,0,0,3,0,15,50,0,6545,6545,4,0,0,2,0,0,0,1
1352528,4,2024,2024,8,3,7,104,27,443,702,0,1,2,-33.89903,151.065341,15,0,2,1,1,0,0,0,2,0,7,70,2,9859,9859,8,16,40,1,0,1,0,0
1352533,4,2024,2024,8,2,11,478,17,128,480,0,1,1,-33.42748,151.325028,16,2,2,1,2,0,0,0,0,2,7,70,2,5929,5929,1,5,0,2,0,1,0,0
1352535,2,2024,2024,8,0,7,87,1,225,19,0,1,1,-33.797872,151.18357,77,0,2,1,1,0,0,0,2,0,2,40,1,1220,1220,9,0,28,2,0,0,1,0
1352536,2,2024,2024,8,2,6,49,31,532,34609,0,1,9,-33.864276,151.210347,69,0,2,0,1,0,3,4,2,0,15,40,0,1850,985,5,15,40,1,0,0,1,0
1352537,4,2024,2024,8,0,6,3371,17,40,3342,0,1,9,-31.478118,152.814008,56,1,0,1,1,0,0,3,2,0,0,110,2,2585,777,8,5,40,1,0,1,0,0
1352538,2,2024,2024,0,2,5,71,36,26,61,0,1,1,-34.57909,145.992921,51,2,1,0,0,0,0,0,2,0,7,80,2,1957,4009,8,5,40,1,0,0,2,0
1352544,2,2024,2024,8,1,7,21,27,62,23,0,1,1,-33.741954,150.639042,8,2,2,0,1,0,0,0,2,0,7,50,1,3775,3775,0,10,19,2,0,0,1,0
1352545,2,2024,2024,8,5,5,3371,17,90,3342,0,1,1,-28.22623,153.558238,72,2,1,0,0,0,0,0,2,0,7,60,2,1957,4009,8,5,40,1,0,0,1,0
1352548,2,2024,2024,0,0,11,9,31,89,34609,0,1,1,-33.867067,150.875671,24,0,2,1,2,0,0,0,0,0,7,50,0,4026,4026,1,5,5,2,0,0,1,0
1352549,4,2024,2024,0,5,7,15,27,20,34609,0,1,1,-32.926112,151.670236,37,0,2,1,1,0,3,4,2,0,7,50,0,4026,4026,8,16,40,1,0,1,0,0
1352550,2,2024,2024,8,6,8,36,27,290,55,0,1,9,-33.848316,150.973093,21,0,2,1,0,0,3,4,2,0,0,50,1,301,301,4,10,5,2,0,0,1,0
1352551,4,2024,2024,8,0,9,2,27,5,34609,0,1,1,-34.065888,150.66244,12,0,2,0,0,0,3,0,0,0,7,70,0,1259,5151,8,5,40,1,0,1,0,0
1352553,2,2024,2024,8,6,6,76,31,438,34609,0,1,10,-33.857046,151.02311,21,0,2,1,0,0,0,0,2,0,15,50,0,6545,6545,4,30,0,2,0,0,1,0
1352555,4,2024,2024,8,4,6,37,27,46,41,0,1,1,-28.818642,153.284241,39,2,1,1,1,0,0,0,2,0,7,50,1,9859,9859,8,10,40,1,0,1,0,0
1352557,4,2024,2024,0,2,7,3,31,438,2149,0,1,9,-33.837832,151.027025,21,0,2,1,0,0,0,0,2,2,7,60,2,1109,787,1,5,19,2,0,1,0,0
1352560,2,2024,2024,8,5,4,69,32,646,34609,1,0,1,-33.918692,151.038655,15,0,2,1,0,0,0,0,2,0,9,40,0,368,368,9,5,28,2,0,0,1,0
1352561,1,2024,2024,8,5,11,132,31,252,126,0,1,10,-33.889952,151.207908,69,0,2,1,2,0,0,0,0,2,7,50,2,1669,1669,3,21,18,2,0,0,0,1
1352564,4,2024,2024,8,2,0,4,27,11,34609,0,1,1,-29.670713,152.877507,18,2,1,1,0,0,3,4,0,0,7,80,0,1089,1089,7,16,40,1,0,1,0,0
1352567,4,2024,2024,8,0,9,829,31,49,102,0,1,10,-34.449241,147.533177,51,2,1,1,2,0,3,4,0,0,0,50,2,5929,5929,1,5,0,2,0,1,0,0
1352568,2,2024,2024,8,2,10,2,27,13,34609,0,1,1,-29.539723,150.37747,51,1,0,0,0,2,3,4,0,0,7,100,0,4552,5151,8,30,40,1,0,0,2,0
1352576,2,2024,2024,8,0,9,35,27,363,24,1,0,9,-33.762785,150.69993,55,0,2,1,2,0,0,0,3,2,7,60,1,14295,14295,3,5,5,2,0,0,1,0
1352581,4,2024,2024,8,2,2,866,17,187,793,0,1,10,-33.793269,150.994368,54,0,2,1,2,0,3,4,0,2,7,70,2,5929,5929,1,30,0,2,0,1,0,0
1352582,4,2024,2024,0,1,10,42,27,134,56,0,1,10,-33.890174,151.241958,76,0,2,1,2,0,0,0,0,2,7,50,1,28,28,1,19,27,2,0,1,0,0
1352587,2,2024,2024,8,0,7,230,27,197,284,0,1,9,-33.793103,151.132669,61,0,2,1,2,0,3,4,2,0,7,70,2,14295,14295,3,0,5,2,0,0,1,0
1352588,1,2024,2024,0,4,6,112,27,16,769,0,1,1,-33.549284,150.679501,29,2,2,0,1,0,0,0,2,0,7,60,2,3775,3775,0,5,0,2,0,0,0,3
1352590,2,2024,2024,0,4,6,42,36,35,34609,0,1,2,-30.489288,153.010615,6,2,1,1,1,0,0,0,2,0,7,50,0,14295,14295,3,5,0,2,0,0,1,0
1352593,1,2024,2024,8,0,5,40,31,363,34609,0,1,7,-33.75633,150.69505,55,0,2,1,0,0,0,3,2,0,0,50,0,2040,2040,9,10,28,2,0,0,0,1
1352596,2,2024,2024,8,0,6,125,31,438,44,0,1,1,-33.848601,151.032481,21,0,2,1,1,0,3,4,2,0,7,50,1,387,387,1,16,0,2,0,0,1,0
1352598,4,2024,2024,0,6,3,21,1,103,34609,0,1,1,-28.817397,153.317748,39,2,1,1,1,0,0,0,2,0,7,50,0,9859,9859,1,5,10,2,0,1,0,0
1352606,2,2024,2024,8,5,7,2209,17,201,2205,0,1,10,-34.878951,150.604529,63,2,1,1,1,0,0,0,2,2,7,70,2,6545,6545,4,5,0,2,0,0,1,0
1352609,1,2024,2024,8,6,6,26,27,443,34609,0,1,7,-33.907529,151.047618,15,0,2,1,1,0,0,0,2,0,0,50,0,6545,6545,4,0,27,2,0,0,0,1
1352612,1,2024,2024,0,3,6,95,27,50,605,0,1,10,-33.636867,151.330368,50,0,2,1,1,0,0,0,2,2,7,60,2,204,204,1,30,19,2,0,0,0,1
1352613,2,2024,2024,0,5,10,485,27,337,769,0,1,9,-33.719593,150.96364,71,0,2,1,2,0,0,0,3,0,15,60,2,6545,6545,4,5,0,2,0,0,1,1
1352614,2,2024,2024,8,6,7,224,27,246,321,0,1,1,-33.907643,151.202821,69,0,2,1,0,0,0,0,2,0,7,50,2,2040,2040,9,5,28,2,0,0,1,0
1352615,2,2024,2024,8,3,7,2126,17,438,2149,0,1,2,-33.840046,151.032964,21,0,2,1,1,0,0,0,2,0,7,60,2,1945,1945,5,16,40,1,0,0,1,0
1352616,2,2024,2024,8,6,9,9,27,113,34609,0,1,1,-33.777712,150.722449,55,0,2,1,0,0,3,3,0,0,7,60,0,5929,5929,1,10,0,2,0,0,2,0
1352621,2,2024,2024,8,6,6,14,18,18,34609,0,1,1,-31.131556,150.951103,70,2,1,1,1,0,0,0,2,0,7,50,0,475,475,5,5,40,1,0,0,1,0
1352624,4,2024,2024,0,6,8,2261,17,70,2252,0,1,2,-34.62362,150.206692,78,1,0,1,0,0,0,0,2,0,7,110,2,14295,14295,3,8,35,2,0,1,0,0
1352625,2,2024,2024,0,3,5,13,27,14,6,0,1,7,-36.162582,150.122892,23,2,1,1,1,0,0,0,2,0,0,50,1,1945,1945,5,16,40,1,0,0,1,0
1352626,2,2024,2024,8,0,5,92,27,143,34609,0,1,1,-33.873693,151.104424,9,0,2,1,1,0,0,3,2,0,7,40,0,14295,14295,3,22,0,2,0,0,1,0
1352627,4,2024,2024,8,0,4,28,31,11,118,0,1,10,-30.744941,150.722036,70,2,1,1,0,0,0,0,2,0,0,50,2,591,591,1,22,13,2,0,1,0,0
1352629,4,2024,2024,8,3,6,36,27,438,25,0,1,9,-33.857519,151.019701,21,0,2,1,0,0,0,0,2,0,0,50,1,2852,2852,4,5,36,2,0,1,0,0
1352631,1,2024,2024,0,4,9,2126,17,363,2149,0,1,2,-33.750003,150.692395,55,0,2,1,2,0,0,0,0,2,7,50,2,5929,5929,1,5,5,3,0,0,0,1
1352632,2,2024,2024,8,0,5,481,17,77,483,0,1,10,-30.328837,149.777218,51,2,1,0,0,0,0,0,2,0,7,50,2,1957,4009,1,5,13,3,0,0,1,0
1352634,4,2024,2024,8,0,0,220,27,104,222,0,1,9,-33.732801,150.943201,7,0,2,1,2,0,0,0,0,2,7,80,2,9859,9859,8,0,40,1,0,1,0,0
1352636,2,2024,2024,8,2,7,69,31,155,34609,0,1,10,-33.136408,148.183627,53,2,1,1,0,0,0,0,2,0,0,50,0,6545,6545,4,10,27,2,0,0,1,0
1352637,2,2024,2024,3,4,8,20,10,30,91,0,1,7,-35.361353,149.209671,58,2,1,1,1,0,0,0,2,0,0,70,2,5929,5929,1,16,40,2,0,0,1,0
1352641,2,2024,2024,8,4,6,3,31,77,34609,1,0,10,-30.32618,149.785188,51,2,1,1,1,0,0,0,2,0,0,50,0,6545,6545,4,5,0,2,0,0,1,0
1352644,4,2024,2024,7,3,11,2,27,61,34609,0,1,1,-29.769624,151.748025,51,1,0,0,0,0,0,0,0,0,7,100,0,2585,4009,8,0,40,1,0,1,0,0
1352646,2,2024,2023,2,3,8,11,27,36,143,0,1,1,-34.449652,149.442277,74,2,1,1,1,0,0,0,2,0,7,80,2,4026,4026,8,0,40,1,0,0,1,0
1352648,4,2024,2024,0,5,3,68,27,110,67,0,1,1,-33.78566,151.008532,54,0,2,1,1,0,0,0,2,0,7,60,1,1981,1981,4,5,5,2,0,1,0,0
1352651,4,2024,2023,9,2,7,2,27,2,34609,0,1,1,-28.248171,153.411552,72,1,0,0,0,2,0,0,2,0,7,100,0,3775,3775,0,16,36,2,0,1,0,0
1352653,1,2024,2024,7,5,7,35,27,21,96,1,0,7,-32.958316,151.679828,37,0,2,1,1,0,0,0,2,0,0,60,2,14295,14295,3,10,0,2,0,0,0,1
1352654,4,2024,2024,0,2,9,6,27,197,34609,0,1,1,-33.79979,151.128496,61,0,2,1,0,0,0,0,3,0,7,50,0,368,368,9,0,28,2,0,1,0,0
1352670,2,2024,2023,2,1,3,37,27,85,115,0,1,9,-33.721413,151.148698,36,0,2,0,1,0,0,0,2,0,15,60,1,1259,5151,8,30,40,1,0,0,1,0
1352671,2,2024,2024,3,3,7,13,31,228,34609,0,1,9,-34.757217,149.74266,26,2,1,1,3,0,0,0,2,0,0,50,0,6545,6545,4,0,5,2,0,0,1,0
1352674,4,2024,2024,3,4,6,265,17,30,193,0,1,9,-34.858613,147.586619,51,2,1,0,3,0,0,0,2,0,0,50,2,3775,3775,0,10,5,2,0,1,1,0
1352681,1,2024,2024,0,5,10,149,10,346,702,0,1,2,-33.875524,151.067176,67,0,2,1,3,0,0,0,0,0,7,80,2,14295,14295,3,0,13,3,0,0,0,1
1352682,2,2024,2024,8,6,8,8,10,24,14,0,1,1,-36.920755,149.896986,5,2,1,0,3,0,3,4,3,0,7,70,1,3775,3775,0,5,0,2,0,0,1,0
1352684,2,2024,2024,0,4,6,125,27,46,123,0,1,7,-33.305881,151.409034,16,2,2,1,3,0,3,4,2,0,0,70,2,14295,14295,3,0,5,2,0,0,1,0
1352685,2,2024,2024,0,5,4,103,27,123,563,0,1,9,-33.818251,151.052153,54,0,2,1,3,0,0,0,2,0,0,80,2,186,186,9,5,28,2,0,0,2,0
1352688,4,2024,2024,8,1,8,17,31,47,34609,0,1,1,-33.816806,151.151259,38,0,2,1,3,0,0,0,2,0,7,50,0,5929,5929,1,10,0,2,0,1,0,0
1352691,2,2024,2024,8,2,4,56,27,323,38,0,1,9,-33.76284,150.990186,71,0,2,1,3,0,0,0,2,2,7,60,1,2852,2852,4,0,5,2,0,0,1,0
1352695,2,2024,2024,7,5,9,1052,14,77,928,0,1,3,-33.535113,151.199819,16,1,2,1,3,0,0,0,3,0,7,110,2,14295,14295,3,5,5,2,0,0,1,0
1352697,1,2024,2024,8,1,6,43,27,273,87,0,1,9,-34.440195,150.890908,80,0,2,1,3,0,0,0,2,2,7,80,2,14295,14295,3,0,36,2,0,0,0,1
1352698,2,2024,2023,2,4,9,4,25,3,34609,0,1,1,-34.004996,151.095037,68,0,2,1,3,0,0,0,2,0,7,50,0,9859,9859,8,30,40,2,0,0,1,0
1352700,1,2024,2024,8,0,9,175,27,609,220,0,1,10,-33.769439,150.912232,7,0,2,1,3,0,3,4,0,2,7,60,2,14295,14295,3,5,5,2,0,0,0,1
1352701,2,2024,2024,0,5,9,24,31,169,769,0,1,1,-33.598831,150.752181,29,2,2,1,3,0,0,0,3,0,7,60,2,2040,2040,9,0,28,2,0,0,1,0
1352705,1,2024,2024,8,5,9,104,27,443,702,0,1,9,-33.900597,151.065146,67,0,2,1,3,0,0,0,3,2,7,70,2,14295,14295,3,8,0,2,0,0,0,1
1352706,2,2024,2024,8,5,3,21,31,314,34609,0,1,10,-33.858643,150.937484,24,0,2,1,3,0,0,0,2,0,0,50,0,6545,6545,4,5,0,2,0,0,1,0