Crash ID,Degree of crash - detailed,Reporting year,Year of crash,Month of crash,Day of week of crash,Two-hour intervals,Street of crash,Street type,Town,Route no.,School zone location,School zone active,Type of location,Latitude,Longitude,LGA,Urbanisation,Conurbation 1,Alignment,Street lighting,Road surface,Surface condition,Weather,Natural lighting,Signals operation,Other traffic control,Speed limit,Road classification,RUM - code,DCA - code,First impact type,Key TU type,Other TU type,No. of traffic units involved,No. killed,No. seriously injured,No. moderately injured,No. minor-other injured
1352707,2,2024,2024,8,5,4,3371,17,32,3342,0,1,9,-32.951126,151.717802,48,0,2,1,3,0,0,0,2,2,7,60,2,14295,14295,3,9,0,3,0,0,1,0
1352709,1,2024,2024,8,6,3,2126,17,283,2149,0,1,2,-33.829855,151.010338,54,0,2,1,3,0,0,0,2,0,7,60,2,14295,14295,3,5,13,2,0,0,0,1
1352711,1,2024,2024,8,3,5,168,17,6,212,0,1,1,-35.245655,149.637527,58,1,0,1,3,0,0,0,2,0,7,100,2,1669,1669,3,5,5,2,0,0,0,1
1352714,2,2024,2024,8,1,4,17,10,39,34609,0,1,1,-32.882739,151.664521,48,0,2,1,1,0,0,0,2,0,7,50,0,9859,9859,1,5,13,2,0,0,1,0
1352715,2,2024,2024,8,3,9,2,27,2,20,0,1,1,-35.274386,146.566582,51,1,0,1,3,0,0,0,0,0,7,100,1,9859,9859,8,5,40,1,0,0,1,0
1352716,1,2024,2024,8,2,3,3,27,79,34609,0,1,1,-33.565703,150.714633,29,2,2,0,3,0,0,0,2,0,7,70,0,4552,5151,8,0,40,1,0,0,0,1
1352719,1,2024,2024,3,5,2,168,10,387,260,0,1,2,-33.946065,151.177328,4,0,2,1,0,0,0,0,1,0,7,70,2,1391,1391,1,33,5,2,0,0,0,1
1352721,4,2024,2024,8,1,7,12,31,346,34609,0,1,1,-33.876142,151.069132,67,0,2,1,3,0,0,0,2,0,7,50,0,14295,14295,3,10,5,4,0,1,0,0
1352723,1,2024,2023,9,0,9,46,27,304,39,0,1,1,-33.90973,151.154363,32,0,2,1,0,0,3,4,2,0,7,50,1,3775,3775,0,5,18,2,0,0,0,1
1352729,2,2024,2024,8,2,6,225,27,304,140,0,1,1,-33.914803,151.152228,32,0,2,0,3,0,3,4,2,0,7,50,1,248,248,1,5,5,2,0,0,1,0
1352731,1,2024,2024,8,2,6,234,27,54,217,0,1,9,-33.714659,151.016143,31,0,2,1,3,0,0,0,2,2,7,60,2,1669,1669,3,0,5,2,0,0,0,2
1352732,2,2024,2024,8,1,9,14,31,90,262,0,1,10,-32.922363,151.752278,48,0,2,0,2,0,3,4,0,2,7,60,2,5929,5929,1,0,5,2,0,0,1,0
1352737,2,2024,2024,8,1,5,55,36,7,43,0,1,9,-32.387456,150.468303,46,1,0,1,3,0,0,0,2,0,7,100,1,9859,9859,8,10,40,1,0,0,1,0
1352738,2,2024,2024,8,1,6,1,27,20,34609,0,1,1,-32.962214,151.543593,37,0,2,0,3,2,0,0,2,0,7,100,0,1259,5151,8,16,40,1,0,0,1,0
1352740,2,2024,2024,8,0,9,2261,17,35,2252,0,1,3,-34.318512,150.580627,78,1,0,1,3,0,0,0,3,0,7,110,2,14295,14295,3,5,5,4,0,0,1,0
1352747,2,2024,2024,8,5,10,2261,17,10,2252,0,1,3,-34.422791,150.475096,78,1,0,1,3,0,0,0,0,0,7,110,2,9859,9859,8,5,40,1,0,0,1,0
1352750,2,2024,2024,8,6,10,33,31,36,22,0,1,10,-33.883327,151.183183,69,0,2,1,3,0,0,0,0,2,7,50,2,1282,1282,1,22,5,2,0,0,1,0
1352754,1,2024,2024,8,4,7,866,17,314,793,0,1,2,-33.844669,150.9552,21,0,2,0,3,0,0,0,2,0,7,70,2,1391,1391,1,29,5,2,0,0,0,1
1352755,2,2024,2024,8,6,8,71,1,294,34609,0,1,1,-33.94478,150.951212,41,0,2,1,3,0,0,0,2,0,7,50,0,14295,14295,3,5,5,4,0,0,1,0
1352758,4,2024,2024,8,4,4,73,27,39,16,0,1,1,-33.782619,150.750498,55,0,2,1,3,0,0,0,2,0,7,70,2,14295,14295,3,5,5,2,0,1,0,0
1352764,2,2024,2024,8,0,9,2126,17,60,2149,0,1,2,-33.767106,150.753417,55,0,2,1,2,0,3,4,3,0,7,80,2,14295,14295,3,5,0,2,0,0,1,0
1352765,2,2024,2024,8,5,7,82,31,370,14,0,1,2,-34.062958,150.816399,13,0,2,0,3,0,0,0,2,0,7,60,1,4552,5151,8,0,40,1,0,0,1,0
1352766,1,2024,2024,8,5,8,229,14,173,237,0,1,3,-33.776577,151.126121,61,0,2,1,3,0,0,0,2,0,7,100,2,1383,1383,1,9,5,2,0,0,0,1
1352767,2,2024,2024,8,2,8,154,27,293,244,0,1,9,-33.92655,151.052897,15,0,2,1,3,0,0,0,2,0,6,60,2,323,323,1,5,5,2,0,0,1,0
1352768,1,2024,2024,8,4,8,18,31,108,34609,0,1,1,-33.814916,151.189956,77,0,2,1,3,0,0,0,2,0,7,50,0,1391,1391,1,5,27,2,0,0,0,1
1352769,4,2024,2024,8,5,8,230,27,47,284,0,1,9,-33.809219,151.155814,38,0,2,0,3,0,0,0,3,0,0,60,2,5929,5929,1,5,19,2,0,1,0,0
1352771,2,2024,2024,8,0,8,5,31,562,34609,0,1,10,-32.256738,148.609533,22,2,1,1,0,0,0,0,3,0,0,50,0,6545,6545,4,5,13,2,0,0,1,0
1352774,1,2024,2024,8,5,5,500,27,129,799,0,1,9,-33.927158,151.080982,15,0,2,1,3,0,0,0,2,0,2,60,2,14295,14295,3,9,5,2,0,0,0,1
1352777,2,2024,2024,0,6,5,78,27,284,61,0,1,10,-33.897221,151.021361,15,0,2,1,3,0,0,0,2,2,7,60,1,5929,5929,1,5,5,2,0,0,1,0
1352781,1,2024,2024,8,4,7,105,27,65,109,0,1,10,-33.862796,150.917377,24,0,2,1,3,0,0,0,2,2,7,60,1,5929,5929,1,5,0,2,0,0,0,1
1352782,2,2024,2024,0,0,9,15,27,609,34609,0,1,1,-33.786249,150.906235,7,0,2,1,3,0,0,0,0,0,7,50,0,1192,1192,1,0,13,3,0,0,1,0
1352786,1,2024,2024,8,1,3,2209,17,88,2205,0,1,10,-33.987901,151.111784,25,0,2,1,3,0,0,0,2,2,7,70,2,14295,14295,3,5,13,2,0,0,0,1
1352790,1,2024,2024,8,4,5,4,27,532,34609,0,1,0,-33.871889,151.202536,69,0,2,1,3,0,0,0,2,0,7,20,0,941,941,1,0,5,2,0,0,0,1
1352792,1,2024,2024,8,5,7,153,27,188,147,1,0,9,-33.949522,151.102997,25,0,2,1,3,0,0,0,2,2,7,60,2,5929,5929,1,5,0,4,0,0,0,1
1352795,2,2024,2024,8,2,9,1,31,26,34609,0,1,7,-33.761463,150.879653,7,0,2,0,3,0,0,0,3,0,0,50,0,5929,5929,1,5,0,2,0,0,1,0
1352796,2,2024,2024,8,3,3,3,27,251,34609,0,1,1,-33.758735,150.94698,7,0,2,0,3,0,0,1,2,0,7,50,0,4552,5151,1,5,5,3,0,0,1,0
1352797,1,2024,2024,8,5,8,1104,14,142,962,0,1,3,-33.827058,151.003623,54,0,2,1,3,0,0,0,3,0,7,90,2,14295,14295,3,5,13,5,0,0,0,1
1352798,1,2024,2024,8,4,7,171,31,273,34609,1,0,7,-34.420012,150.896671,80,0,2,1,3,0,0,0,2,0,0,50,0,14295,14295,3,0,5,2,0,0,0,1
1352800,1,2024,2024,8,4,8,2126,17,283,2149,0,1,1,-33.831346,151.013673,54,0,2,1,3,0,0,0,3,0,7,60,2,14295,14295,3,9,5,2,0,0,0,1
1352803,1,2024,2024,8,1,7,478,17,35,480,0,1,2,-33.268414,151.560358,16,2,2,1,3,0,0,0,2,0,7,60,2,14295,14295,3,0,5,2,0,0,0,1
1352804,1,2024,2024,8,6,7,41,27,137,80,0,1,7,-32.974867,151.678614,37,0,2,1,3,0,0,0,2,0,0,60,1,1391,1391,1,5,0,2,0,0,0,1
1352808,1,2024,2024,8,0,7,13,27,131,212,0,1,2,-33.782688,151.194622,77,0,2,1,3,0,0,0,2,0,0,60,2,14295,14295,3,10,5,2,0,0,0,1
1352810,2,2024,2024,8,5,4,220,14,130,220,0,1,3,-34.465521,150.845074,80,0,2,1,3,0,0,0,2,0,7,100,2,14295,14295,3,5,5,4,0,0,1,1
1352812,1,2024,2024,8,6,9,69,31,646,563,0,1,9,-33.916513,151.041116,15,0,2,1,3,0,3,4,0,0,7,60,2,14295,14295,3,16,0,2,0,0,0,1
1352814,2,2024,2024,8,3,9,296,27,283,293,0,1,10,-33.834705,151.002056,21,0,2,1,3,0,0,0,0,3,7,70,2,2852,2852,4,0,5,2,0,0,1,0
1352815,1,2024,2024,8,5,8,1104,14,283,962,0,1,3,-33.827678,151.01545,54,0,2,0,3,0,0,0,2,0,7,90,2,14295,14295,3,29,5,2,0,0,0,1
1352816,2,2024,2024,8,6,4,6,27,26,34609,0,1,9,-33.108626,151.506663,37,0,2,1,3,0,0,0,2,0,0,50,0,150,150,4,5,5,2,0,0,1,0
1352817,2,2024,2024,8,0,9,1,27,8,34609,0,1,1,-28.710586,153.554973,2,2,1,0,3,0,3,4,3,0,7,60,0,4552,5151,8,0,40,1,0,0,1,0
1352818,1,2024,2024,7,2,9,1,1,134,34609,0,1,10,-33.50879,151.323395,16,2,2,1,0,0,0,3,3,0,0,50,0,6545,6545,4,0,5,2,0,0,0,1
1352823,1,2024,2024,8,4,3,14,31,445,34609,0,1,10,-33.861479,151.052988,21,0,2,1,3,0,0,0,1,0,15,50,0,6545,6545,4,5,0,2,0,0,0,1
1352824,2,2024,2024,8,4,6,3371,17,59,3342,0,1,1,-32.880897,151.718166,48,0,2,1,3,0,0,0,2,0,15,80,2,5929,5929,1,5,35,2,0,0,1,0
1352825,1,2024,2024,8,6,7,280,10,162,240,0,1,7,-33.851337,150.876637,24,0,2,1,3,0,0,0,2,0,0,60,2,14295,14295,3,5,12,2,0,0,0,1
1352826,4,2024,2024,8,2,4,134,10,69,133,0,1,9,-33.821369,151.021544,54,0,2,1,3,0,0,0,2,0,7,70,2,14295,14295,3,5,12,2,0,1,0,0
1352831,1,2024,2024,8,6,4,17,27,24,34609,0,1,7,-34.014874,150.709383,12,0,2,1,3,0,0,0,2,0,7,60,0,1192,1192,1,5,22,2,0,0,0,1
1352832,1,2024,2024,8,2,5,230,27,173,284,0,1,2,-33.781752,151.113845,61,0,2,1,3,0,0,0,2,0,9,70,2,14295,14295,3,5,5,2,0,0,0,1
1352834,1,2024,2024,3,2,8,2261,17,284,2252,0,1,1,-33.907361,151.020823,15,0,2,1,3,0,0,0,2,0,7,60,2,14295,14295,3,5,22,2,0,0,0,1
1352836,2,2024,2024,8,4,5,4,1,11,34609,0,1,10,-33.853716,151.135489,14,0,2,1,3,0,0,0,2,0,0,50,0,6545,6545,4,5,0,2,0,0,1,1
1352839,2,2024,2024,8,4,9,2209,17,49,2205,0,1,9,-33.934861,151.15127,4,0,2,0,3,0,0,0,3,0,7,60,2,14295,14295,3,0,5,2,0,0,1,0
1352843,1,2024,2024,4,0,8,8,27,48,34609,0,1,1,-29.115876,152.160018,51,1,0,0,0,2,0,3,2,0,7,100,0,2585,4009,8,0,40,1,0,0,0,2
1352845,2,2024,2024,4,2,1,10,27,9,143,0,1,1,-34.19255,149.347277,74,1,0,0,0,0,0,0,0,0,7,100,2,2585,4009,8,10,40,1,0,0,1,0
1352846,4,2024,2024,4,2,5,79,8,27,769,0,1,1,-33.560847,150.260478,8,2,2,1,1,0,0,0,2,0,7,80,2,9859,9859,8,16,40,1,0,1,0,0
1352847,2,2024,2024,4,5,10,78,27,147,78,0,1,9,-33.869782,151.129375,14,0,2,1,2,0,0,0,0,0,7,50,2,5929,5929,1,5,0,2,0,0,1,0
1352848,2,2024,2023,2,6,5,2209,17,61,2205,0,1,1,-35.95797,150.101005,23,1,0,1,0,0,3,4,2,0,7,100,2,3775,3775,0,0,0,2,0,0,1,0
1352849,2,2024,2024,4,5,5,916,17,10,917,0,1,1,-29.634052,151.84479,51,1,0,1,0,0,0,3,2,0,7,100,2,9859,9859,8,5,40,1,0,0,1,1
1352850,4,2024,2024,4,5,9,220,14,9,220,0,1,9,-34.401854,150.880376,80,0,2,1,1,0,0,0,3,0,0,80,2,2852,2852,4,0,12,2,0,1,2,0
1352851,2,2024,2024,4,6,11,5,23,71,34609,0,1,9,-33.264208,151.534549,16,2,2,1,2,0,0,0,0,0,7,50,0,9859,9859,1,0,13,2,0,0,1,0
1352853,4,2024,2024,4,1,9,78,31,56,34609,0,1,1,-31.098496,152.820668,34,2,1,1,1,0,3,3,2,0,7,60,0,9859,9859,1,5,36,3,0,1,0,0
1352855,4,2024,2024,4,4,8,36,10,66,34609,0,1,9,-32.806244,151.65579,48,0,2,1,0,0,0,0,2,0,0,50,0,4552,985,8,16,40,1,0,1,0,0
1352857,2,2024,2024,4,5,5,71,17,61,71,0,1,9,-35.526728,144.974277,51,2,1,1,1,0,0,0,2,0,0,50,2,1220,1220,9,10,28,2,0,0,1,1
1352859,4,2024,2024,4,4,5,4,27,15,34609,0,1,1,-33.069238,151.378712,37,0,2,1,0,2,3,0,2,0,7,100,0,9859,9859,8,16,40,1,0,1,0,0
1352860,4,2024,2024,4,1,11,44,31,41,605,0,1,10,-33.786518,151.266571,50,0,2,1,2,0,0,0,0,2,7,60,2,2040,2040,9,5,28,2,0,1,1,0
1352861,2,2024,2024,4,0,10,45,31,179,34609,0,1,1,-31.911786,152.460897,43,2,1,1,2,0,0,0,0,0,7,50,0,1109,787,1,10,18,2,0,0,1,0
1352863,2,2024,2024,3,6,8,1,27,26,34609,0,1,1,-34.859801,150.582778,63,2,1,1,1,0,3,5,2,0,7,50,0,4026,4026,8,5,40,1,0,0,1,0
1352865,2,2024,2024,3,2,5,51,31,80,10,0,1,1,-33.753843,150.653333,55,0,2,1,0,0,0,0,2,0,7,60,1,4026,4026,8,5,40,1,0,0,1,0
1352867,2,2024,2024,3,0,2,2,27,21,34609,0,1,1,-33.872842,151.237028,81,0,2,1,3,0,2,6,1,0,7,50,0,9859,9859,1,5,5,8,0,0,1,0
1352869,1,2024,2024,3,5,8,1,27,165,34609,0,1,9,-32.26239,150.908629,46,2,1,0,0,0,3,3,3,0,0,50,0,5929,5929,1,0,5,2,0,0,0,2
1352870,4,2024,2024,3,4,7,29,31,88,15,0,1,9,-33.753822,150.857025,7,0,2,1,0,0,3,4,2,0,0,60,1,256,256,4,5,5,3,0,1,0,0
1352872,2,2024,2024,3,1,8,133,17,5,121,0,1,1,-37.123839,149.307531,65,1,0,0,0,0,0,0,3,0,7,100,2,1850,1463,5,0,40,1,0,0,2,0
1352873,2,2024,2024,3,0,11,81,31,133,80,0,1,1,-33.923659,151.012642,15,0,2,1,2,0,0,0,0,0,7,60,1,43,43,3,33,5,3,0,0,1,1
1352874,4,2024,2024,3,4,2,2,23,219,34609,0,1,10,-32.909954,151.6738,48,0,2,1,0,0,0,0,1,0,0,50,0,6545,6545,4,9,0,3,0,1,0,0
1352876,2,2024,2024,3,5,4,1104,14,323,962,0,1,3,-33.801994,150.884684,7,0,2,1,1,0,0,0,2,0,7,100,2,1282,1282,1,5,10,3,0,0,1,0
1352879,1,2024,2024,3,5,2,2261,17,44,2252,0,1,9,-33.893766,150.959747,24,0,2,1,2,0,0,0,0,2,7,70,2,926,926,4,5,5,2,0,0,0,2
1352881,4,2024,2024,7,3,10,8,27,10,34609,0,1,1,-33.453061,149.136638,51,2,1,0,0,0,0,0,3,0,7,80,0,1259,5151,8,16,40,1,0,1,0,0
1352882,4,2024,2024,7,0,1,5,31,120,34609,0,1,9,-32.185957,152.515061,43,2,1,1,2,0,0,0,0,0,7,50,0,1945,1945,5,17,40,1,0,1,0,0
1352886,4,2024,2024,7,1,10,11,27,11,30,0,1,1,-28.293277,153.38636,72,1,0,0,0,0,3,4,0,0,7,100,1,1850,1463,5,16,40,1,0,1,0,0
1352889,4,2024,2024,4,3,5,213,17,1,213,0,1,1,-29.664977,152.823225,18,1,0,1,0,0,2,6,2,0,7,100,2,9859,9859,1,5,2,2,0,3,0,1
1352892,2,2024,2024,7,0,0,14,31,149,34609,0,1,10,-33.819976,150.973559,21,0,2,1,2,0,3,0,0,0,0,50,0,6545,6545,4,5,13,2,0,0,1,0
1352896,2,2024,2024,7,2,11,3,27,2,34609,0,1,1,-31.623273,152.609447,56,2,1,1,0,2,3,0,0,0,7,40,0,945,945,5,10,40,1,0,0,1,1
1352897,4,2024,2024,7,3,11,1,1,46,34609,0,1,1,-35.166205,147.365149,75,2,1,0,2,0,0,0,0,0,7,50,0,2585,4009,8,10,40,1,0,1,0,0
1352898,1,2024,2024,7,0,8,9,27,26,34609,0,1,1,-31.254655,152.966073,34,2,1,0,0,0,0,0,2,0,7,60,0,3775,3775,0,0,0,2,0,0,0,1
1352899,2,2024,2024,7,5,11,18,31,62,34609,0,1,1,-34.087451,150.819779,13,0,2,1,2,0,0,0,0,0,7,50,0,9859,9859,8,5,40,1,0,0,1,0
1352900,4,2024,2024,3,5,7,19,27,30,34609,0,1,1,-33.184256,151.573164,16,2,2,1,1,0,0,3,2,0,7,50,0,340,340,9,5,28,2,0,1,0,0
1352901,2,2024,2024,7,6,0,1,27,85,34609,0,1,1,-33.751186,151.119191,36,0,2,0,0,0,0,0,0,0,7,50,0,4552,5151,8,0,40,1,0,0,1,0
1352902,4,2024,2024,7,6,11,41,27,33,154,0,1,2,-33.76863,150.865818,7,0,2,0,2,0,0,0,0,0,7,60,1,404,404,8,16,40,1,0,1,0,0
1352908,2,2024,2024,7,3,5,112,27,4,769,0,1,1,-33.542782,150.42504,8,2,2,0,0,0,0,0,2,0,7,80,2,4552,5151,8,16,40,2,0,0,2,0
1352910,2,2024,2024,3,3,7,475,31,80,75,0,1,10,-33.878399,151.20927,69,0,2,1,2,0,0,0,2,2,9,40,1,5929,5929,1,0,19,2,0,0,1,0
1352911,4,2024,2023,2,4,10,1,31,137,34609,0,1,1,-33.923432,151.197945,4,0,2,1,2,0,0,0,0,0,7,50,0,9859,9859,1,16,12,3,0,1,0,0
1352912,4,2024,2024,7,2,8,1,10,154,34609,0,1,1,-33.712299,150.970756,71,0,2,1,1,0,0,0,2,0,7,50,0,1945,1945,5,16,40,1,0,1,0,0
1352913,4,2024,2024,7,5,9,36,27,37,83,0,1,1,-29.434352,153.230729,18,1,0,0,0,0,0,0,3,0,7,100,1,4552,5151,8,0,40,1,0,1,0,0
1352915,2,2024,2024,7,5,7,3,27,6,34609,0,1,1,-32.130977,150.916334,73,2,1,0,0,0,0,0,2,0,7,80,0,1957,4009,8,5,40,1,0,0,1,0
1352926,4,2024,2024,3,6,7,37,27,32,41,0,1,10,-29.071867,153.342004,60,2,1,1,1,0,0,0,2,0,15,50,1,14295,14295,3,10,0,2,0,1,0,0
1352930,2,2024,2024,7,0,11,27,27,294,27,0,1,9,-33.941045,150.952565,41,0,2,1,2,0,0,0,0,2,7,60,1,489,489,8,5,40,1,0,0,1,0
1352931,4,2024,2024,4,4,11,89,17,144,34609,0,1,1,-34.064385,151.015182,68,0,2,1,2,0,0,0,0,0,7,50,0,9859,9859,1,0,13,3,0,1,0,0
1352935,2,2024,2024,7,4,8,45,1,41,34609,0,1,9,-35.126063,147.350511,75,2,1,1,1,0,0,0,2,0,7,50,0,1669,1669,3,0,0,2,0,0,2,0
1352937,4,2024,2024,0,0,2,13,27,96,34609,0,1,1,-34.049234,150.830077,13,0,2,1,1,0,0,0,1,0,7,60,0,1109,787,1,5,19,2,0,1,1,0
1352938,2,2024,2024,7,4,10,15,10,40,34609,0,1,7,-33.949592,150.845478,41,0,2,0,2,2,3,2,0,0,0,50,0,6545,6545,4,5,27,2,0,0,1,0
1352943,2,2024,2024,3,4,10,9,27,108,31,0,1,1,-33.762243,151.274047,50,0,2,1,2,0,0,0,0,0,7,60,1,5929,5929,1,10,18,2,0,0,1,0
1352946,2,2024,2024,0,2,5,46,27,304,140,0,1,1,-33.911847,151.159141,32,0,2,1,1,0,0,0,2,0,9,40,1,2040,2040,9,5,28,2,0,0,1,0
1352949,4,2024,2024,0,1,9,220,14,30,220,0,1,9,-34.48812,150.809057,80,0,2,1,2,0,0,0,0,2,7,60,2,489,489,8,5,40,1,0,1,0,0
1352954,2,2024,2024,0,4,7,97,31,460,92,0,1,2,-33.83326,150.992342,21,0,2,1,0,0,0,0,2,0,7,60,1,238,238,9,5,28,2,0,0,1,0
1352956,4,2024,2024,7,5,3,4,2,31,34609,0,1,2,-34.589424,150.856041,62,0,2,1,2,0,0,0,1,0,7,50,0,1282,1282,1,10,27,2,0,1,0,0
1352960,4,2024,2024,0,6,5,57,27,172,126,0,1,1,-32.758121,151.611791,42,2,1,1,1,0,0,0,2,0,7,80,2,3775,3775,0,5,5,2,0,1,2,0
1352961,4,2024,2024,0,2,7,2126,17,78,2149,0,1,2,-33.699028,150.561932,8,2,2,0,1,0,0,0,2,0,7,80,2,1383,1383,1,10,0,3,0,1,1,0
1352962,4,2024,2024,0,6,6,15,23,646,34609,0,1,1,-33.919376,151.033831,15,0,2,1,1,0,0,0,2,0,9,40,0,312,312,2,5,40,1,0,1,0,0
1352963,2,2024,2024,0,1,7,334,17,316,308,0,1,7,-31.459661,152.859481,56,2,1,1,0,0,0,0,2,0,0,60,2,6545,6545,4,5,18,2,0,0,1,0
1352965,2,2024,2024,0,2,5,1104,11,130,770,0,1,10,-33.872589,151.193794,69,0,2,1,1,0,0,0,2,2,7,60,2,6545,6545,4,0,5,2,0,0,1,0
1352966,4,2024,2024,0,0,8,178,31,84,34609,0,1,10,-31.099784,150.918935,70,2,1,1,1,0,0,0,2,0,0,50,0,6545,6545,4,5,13,2,0,1,0,0
1352967,4,2024,2024,0,5,4,9,36,39,34609,0,1,1,-32.738856,152.091371,57,2,1,1,1,0,0,0,2,0,7,50,0,3775,3775,0,0,13,2,0,1,0,0
1352968,4,2024,2024,0,6,8,2209,17,40,2205,0,1,1,-34.987054,150.586316,63,2,1,0,1,0,2,6,2,0,7,80,2,1669,1669,3,10,5,3,0,1,1,0
1352969,4,2024,2024,0,2,5,40,27,433,34609,0,1,1,-33.295853,149.074999,52,2,1,1,0,0,0,3,2,0,7,50,0,14295,14295,3,5,27,2,0,1,0,0
1352970,2,2024,2024,0,5,4,1,27,12,34609,1,0,1,-29.697467,152.975031,18,2,1,1,1,0,0,0,2,0,7,80,0,1259,985,8,0,40,1,0,0,1,0
1352971,4,2024,2024,0,5,6,8,31,198,34609,0,1,1,-33.914228,151.103886,15,0,2,1,0,0,0,0,2,0,7,40,0,186,186,9,0,28,3,0,2,0,0
1352972,4,2024,2024,0,5,7,25,31,87,100,0,1,1,-34.478335,150.417972,78,2,1,1,1,0,0,0,2,0,7,50,2,2040,2040,9,29,28,2,0,1,1,0
1352974,4,2024,2024,7,0,11,95,27,50,605,0,1,7,-33.642549,151.328062,50,0,2,1,2,0,0,0,0,0,0,60,2,4026,4026,8,16,40,1,0,1,0,0
1352978,4,2024,2024,0,1,11,135,17,8,136,0,1,1,-36.06557,146.847427,0,2,1,0,1,0,0,0,0,0,7,80,2,1957,4009,8,5,40,1,0,1,0,0
1352979,2,2024,2024,8,0,6,110,31,23,34609,0,1,9,-35.275533,147.111294,51,2,1,1,0,0,0,0,2,0,7,50,0,237,162,8,0,40,1,0,0,1,0
1352981,1,2024,2024,7,5,8,2261,17,204,2252,1,0,2,-33.890238,151.128003,32,0,2,0,1,0,0,0,2,0,7,60,2,368,368,9,0,28,2,0,0,0,1
1352982,2,2024,2024,0,2,8,1,6,41,34609,0,1,9,-34.097703,150.812985,13,0,2,1,0,0,0,0,3,0,0,60,0,926,926,4,5,19,2,0,0,1,0
1352983,4,2024,2024,7,2,6,108,27,251,93,0,1,1,-33.769015,150.943126,7,0,2,1,1,0,0,0,2,0,7,60,1,9859,9859,1,5,5,2,0,1,0,0
1352986,4,2024,2024,8,0,3,387,27,12,34609,0,1,1,-34.968155,150.649996,63,1,0,0,0,0,3,3,2,0,7,90,0,1259,5151,8,0,40,1,0,1,1,0
1352987,1,2024,2024,8,0,8,2261,17,243,2252,0,1,9,-33.957302,150.889076,41,0,2,0,2,0,3,4,3,0,7,70,2,1669,1669,3,0,5,2,0,0,0,1
1352989,4,2024,2024,8,5,3,86,27,2,42,0,1,1,-30.94757,152.645538,34,1,0,0,0,0,3,4,2,0,7,100,1,1259,5151,8,5,40,1,0,1,0,0
1352990,2,2024,2024,8,4,0,829,27,304,140,0,1,1,-33.905653,151.166776,32,0,2,1,0,0,3,4,0,0,7,60,1,9859,9859,8,5,40,1,0,0,1,0
1352992,2,2024,2024,8,6,9,23,31,169,382,1,0,1,-33.759375,150.830571,7,0,2,1,2,0,3,4,0,0,9,60,2,1220,1220,9,0,28,2,0,0,1,0
1352993,1,2024,2024,0,3,8,1,31,42,34609,0,1,9,-33.892965,150.869394,24,0,2,1,0,0,0,0,2,0,0,50,0,6545,6545,4,22,5,2,0,0,0,1
1352998,2,2024,2024,0,4,9,24,31,290,28,0,1,9,-33.846885,150.985447,21,0,2,1,2,0,0,0,0,0,7,50,1,2852,2852,4,5,19,2,0,0,1,0
1353000,4,2024,2024,0,0,11,9,27,54,44,0,1,1,-33.716835,151.099481,31,0,2,0,2,0,3,4,0,0,7,60,1,3775,3775,0,5,5,2,0,1,0,0
1353005,4,2024,2024,8,4,7,1,27,1,34609,0,1,9,-31.404856,152.455131,56,2,1,1,0,0,3,4,2,0,7,50,0,1109,787,1,16,19,2,0,1,1,0
1353011,4,2024,2024,0,6,6,125,27,43,144,0,1,1,-32.80695,151.866899,57,2,1,1,1,0,0,0,2,0,7,80,2,1981,1981,4,0,0,2,0,1,2,0
1353019,2,2024,2024,8,0,6,1,31,29,34609,1,0,1,-32.929537,151.767824,48,0,2,1,0,0,0,0,2,0,7,40,0,9859,9859,1,34,36,5,0,0,1,0
1353020,2,2024,2024,8,2,2,2209,17,74,2205,0,1,7,-34.439988,150.856379,80,0,2,1,2,0,3,4,0,0,0,60,2,4026,4026,8,5,40,1,0,0,1,0
1353024,2,2024,2024,8,5,4,1,6,89,34609,0,1,9,-33.862971,150.873691,24,0,2,0,1,0,0,0,2,0,7,50,0,1109,397,1,5,5,2,0,0,1,0
1353025,4,2024,2024,8,2,11,30,31,283,34609,0,1,9,-33.842799,151.010273,21,0,2,1,2,0,3,4,0,0,7,50,0,256,256,4,5,40,2,0,1,0,0
1353026,2,2024,2024,8,2,6,6,27,433,34609,0,1,9,-33.254323,149.101878,52,2,1,1,1,0,0,0,2,2,7,50,0,475,475,5,5,40,1,0,0,1,0
1353027,4,2024,2024,8,5,7,123,36,10,90,0,1,1,-31.901418,151.878811,43,1,0,0,0,0,0,0,2,0,7,90,1,2585,4009,8,16,40,1,0,1,0,0
1353030,2,2024,2024,8,4,4,24,36,17,56,0,1,10,-34.826617,147.526623,51,2,1,1,0,0,0,0,2,0,15,80,2,323,323,1,8,0,2,0,0,1,0
1353031,2,2024,2024,8,6,3,72,27,121,102,0,1,1,-33.796644,151.28359,50,0,2,1,2,0,0,0,1,0,7,60,2,941,941,1,0,19,2,0,0,1,0
1353033,4,2024,2024,3,3,4,42,27,52,38,0,1,1,-33.904494,151.266428,76,0,2,0,1,0,0,0,2,0,7,50,1,623,623,3,22,10,2,0,1,0,0
1353036,2,2024,2024,8,1,4,1052,14,87,928,0,1,3,-33.085908,151.473126,37,0,2,1,1,0,3,4,2,0,7,110,2,4026,4026,8,8,40,1,0,0,1,0
1353039,4,2024,2024,8,1,4,2,23,31,34609,0,1,1,-33.430751,151.365118,16,2,2,0,1,0,0,0,2,0,7,50,0,121,121,9,9,28,2,0,1,0,0
1353042,4,2024,2024,0,6,3,135,17,65,136,0,1,9,-36.067432,146.976095,0,2,1,0,1,0,0,0,2,0,0,80,2,14295,14295,3,22,27,2,0,1,0,0
1353044,2,2024,2024,8,5,5,137,31,87,34609,1,0,7,-28.813555,153.289681,39,2,1,1,1,0,0,0,2,0,0,60,0,6545,6545,4,0,27,2,0,0,1,0