Crash ID,Degree of crash - detailed,Reporting year,Year of crash,Month of crash,Day of week of crash,Two-hour intervals,Street of crash,Street type,Town,Route no.,School zone location,School zone active,Type of location,Latitude,Longitude,LGA,Urbanisation,Conurbation 1,Alignment,Street lighting,Road surface,Surface condition,Weather,Natural lighting,Signals operation,Other traffic control,Speed limit,Road classification,RUM - code,DCA - code,First impact type,Key TU type,Other TU type,No. of traffic units involved,No. killed,No. seriously injured,No. moderately injured,No. minor-other injured
1353050,2,2024,2024,8,5,3,43,27,15,46,0,1,9,-28.296741,153.569395,72,2,1,0,1,0,0,0,2,2,7,60,1,5929,5929,1,5,12,3,0,0,1,0
1353051,2,2024,2024,0,1,3,500,10,7,34609,0,1,1,-32.73271,151.622053,42,2,1,0,1,0,0,0,1,0,7,50,0,1957,4009,1,5,41,2,0,0,1,0
1353057,2,2024,2024,8,5,8,2,27,6,34609,0,1,1,-28.291525,153.486408,72,2,1,1,0,0,0,0,2,0,7,80,0,9859,9859,8,21,40,1,0,0,1,0
1353058,2,2024,2024,0,3,8,93,10,58,13,0,1,2,-34.409549,150.889264,80,0,2,0,1,0,0,0,2,0,7,80,2,1282,1282,1,5,5,2,0,0,1,0
1353064,4,2024,2024,8,0,4,56,27,323,38,0,1,2,-33.762201,150.992512,71,0,2,0,1,0,0,0,2,0,7,60,1,2040,2040,9,10,28,2,0,1,0,0
1353065,4,2024,2024,8,4,10,348,17,11,232,0,1,1,-32.708345,149.727955,44,1,0,1,0,0,0,0,0,0,7,100,2,1089,1089,7,16,40,1,0,1,0,0
1353068,2,2024,2023,10,1,9,2209,17,144,2205,0,1,2,-34.05904,151.029286,68,0,2,0,1,0,0,0,3,0,7,70,2,14295,14295,3,5,5,3,0,0,2,0
1353071,1,2024,2024,0,0,7,866,17,54,793,0,1,2,-33.723527,151.090966,31,0,2,0,1,0,0,0,2,0,7,70,2,1282,1282,1,29,5,2,0,0,0,1
1353073,2,2024,2024,8,0,4,829,27,165,770,0,1,10,-33.855074,151.158278,14,0,2,1,1,0,3,3,2,2,7,60,2,4026,4026,8,0,40,1,0,0,1,0
1353074,2,2024,2024,8,6,5,11,27,562,34609,0,1,1,-32.254833,148.577489,22,2,1,1,1,0,0,0,2,0,7,60,0,1109,787,1,5,19,2,0,0,1,0
1353075,4,2024,2024,7,3,5,2261,17,64,2252,0,1,9,-33.887499,151.073651,67,0,2,1,0,0,0,0,2,2,7,60,2,5929,5929,1,15,0,2,0,1,0,0
1353076,2,2024,2024,7,1,7,11,23,139,34609,0,1,1,-33.883763,151.144285,32,0,2,1,0,0,0,0,2,0,7,50,0,941,941,1,8,5,2,0,0,1,0
1353083,1,2024,2024,8,6,6,1,27,17,34609,0,1,9,-33.60291,151.328205,50,0,2,1,1,0,0,0,2,0,7,50,0,5929,5929,1,0,5,2,0,0,0,2
1353088,2,2024,2024,8,4,4,76,31,433,34609,0,1,1,-33.295553,149.108428,52,2,1,0,0,0,0,0,2,0,7,50,0,1850,1463,5,16,40,1,0,0,1,0
1353090,4,2024,2024,8,5,6,20,31,171,34609,0,1,7,-33.81046,150.959295,21,0,2,1,1,0,2,6,2,0,0,50,0,6545,6545,4,5,0,2,0,1,0,0
1353092,4,2024,2024,8,1,5,1,6,112,34609,0,1,1,-33.441534,151.417516,16,2,2,1,0,0,3,3,2,0,7,50,0,312,312,2,0,40,1,0,1,0,0
1353093,4,2024,2023,2,6,8,24,27,165,34609,0,1,1,-32.235593,150.914471,46,2,1,1,1,0,3,3,3,0,7,60,0,9859,9859,8,10,40,1,0,1,0,0
1353096,1,2024,2024,8,0,8,2126,17,104,2149,0,1,10,-33.833455,151.018618,54,0,2,1,0,0,0,0,2,2,7,60,2,14295,14295,3,10,5,2,0,0,0,1
1353098,2,2024,2024,8,0,7,106,27,523,106,0,1,9,-33.92637,150.898756,41,0,2,1,1,0,0,0,2,2,9,70,2,2040,2040,9,5,28,2,0,0,2,0
1353099,2,2024,2024,0,3,8,147,27,224,605,0,1,9,-33.826977,151.231784,45,0,2,1,2,0,0,0,2,2,7,60,2,1192,1192,1,0,5,4,0,0,1,1
1353102,4,2024,2024,8,3,3,100,27,323,100,0,1,10,-33.796983,150.853447,7,0,2,1,1,0,3,3,2,2,7,70,2,14295,14295,3,10,5,3,0,1,0,0
1353104,4,2024,2024,4,4,9,163,27,226,165,0,1,2,-33.764701,150.820717,7,0,2,1,2,0,0,0,3,2,9,60,1,2040,2040,9,5,28,2,0,1,0,0
1353105,2,2024,2024,8,3,6,2209,17,204,2205,0,1,10,-33.943756,151.142444,4,0,2,1,0,0,0,0,2,0,7,60,2,2040,2040,9,33,28,2,0,0,1,0
1353106,1,2024,2024,8,5,7,225,27,304,140,0,1,1,-33.917059,151.148849,32,0,2,1,1,0,0,0,2,0,7,50,1,9859,9859,8,22,40,1,0,0,0,1
1353109,2,2024,2024,0,3,4,2126,17,179,2149,0,1,9,-33.757919,150.716456,55,0,2,1,1,0,0,0,2,0,0,60,2,591,591,1,22,5,2,0,0,1,0
1353118,4,2024,2024,0,3,9,3,31,363,34609,0,1,1,-33.758901,150.692202,55,0,2,1,2,0,0,0,0,0,7,50,0,238,238,9,0,28,2,0,1,0,0
1353121,4,2024,2024,8,4,3,251,14,139,124,0,1,3,-33.830318,151.214488,49,0,2,0,1,0,0,0,2,0,7,60,2,1383,1383,1,30,19,2,0,1,0,0
1353125,4,2024,2024,8,0,8,15,10,69,34609,0,1,7,-33.773121,150.969544,71,0,2,1,2,0,0,0,2,0,7,50,0,238,238,9,10,28,2,0,1,0,0
1353132,2,2024,2024,8,0,0,137,14,24,70,0,1,3,-32.759864,151.435464,17,1,0,0,0,0,0,0,0,0,7,110,2,4552,5151,8,5,40,1,0,0,1,0
1353133,4,2024,2024,8,6,9,20,31,316,34609,0,1,1,-33.92585,151.24091,59,0,2,1,2,0,0,0,0,0,7,50,0,14295,14295,3,16,25,2,0,1,1,0
1353138,1,2024,2024,8,3,0,7,27,36,34609,0,1,1,-34.525898,149.461439,74,1,0,1,0,0,0,0,0,0,7,100,0,945,945,5,9,40,1,0,0,0,2
1353139,4,2024,2024,8,5,4,77,31,165,34609,0,1,10,-33.857006,151.148624,14,0,2,1,0,0,3,4,2,0,15,50,0,6545,6545,4,0,5,2,0,1,1,0
1353140,4,2024,2024,8,4,9,251,14,79,124,0,1,3,-33.82724,151.213256,49,0,2,0,2,0,0,0,0,0,7,60,2,1383,1383,1,5,22,2,0,1,0,0
1353154,4,2024,2024,8,6,7,16,1,60,34609,0,1,10,-33.752898,150.754998,55,0,2,1,1,0,0,0,2,0,15,50,0,6545,6545,4,17,0,2,0,1,0,1
1353161,2,2024,2024,8,0,8,10,27,8,27,0,1,1,-33.698181,150.785592,7,0,2,1,1,0,0,0,2,0,7,80,1,14295,14295,3,10,13,2,0,0,1,0
1353163,1,2024,2024,8,6,9,194,31,309,702,0,1,2,-33.818121,151.101239,61,0,2,1,2,0,3,3,0,0,7,60,2,14295,14295,3,0,5,2,0,0,0,1
1353164,1,2024,2024,8,5,7,3371,17,13,3342,0,1,2,-29.139937,153.318283,60,1,0,0,0,0,0,0,2,0,7,110,2,1957,4009,8,16,40,1,0,0,0,1
1353172,2,2024,2024,8,2,11,58,1,70,34609,0,1,1,-33.911309,150.996119,15,0,2,1,2,0,0,0,0,0,7,50,0,1981,1981,4,0,5,2,0,0,2,0
1353180,4,2024,2024,0,5,4,118,27,646,118,0,1,2,-33.913824,151.034691,15,0,2,1,1,0,0,0,2,0,7,60,1,1220,1220,9,5,28,2,0,1,0,0
1353181,2,2024,2024,8,0,8,1,34,56,34609,0,1,1,-32.984903,151.513097,37,0,2,0,0,2,2,6,2,0,7,100,0,1957,4009,8,16,40,1,0,0,1,0
1353182,2,2024,2024,8,4,7,89,31,532,34609,0,1,9,-33.864394,151.204764,69,0,2,1,0,0,0,0,2,2,9,40,0,2040,2040,9,21,28,2,0,0,1,0
1353188,4,2024,2024,7,4,9,4,1,80,34609,0,1,7,-34.547363,146.401334,51,2,1,1,1,0,0,0,2,0,0,50,0,1945,1945,5,16,40,1,0,1,0,0
1353191,1,2024,2024,3,5,9,12,31,78,103,0,1,7,-28.327478,153.395791,72,2,1,1,1,0,2,6,2,0,0,50,1,4026,4026,8,17,40,1,0,0,0,1
1353192,2,2024,2024,8,1,5,18,27,316,16,0,1,5,-33.917065,151.24121,59,0,2,1,2,0,0,0,2,2,9,50,2,2040,2040,9,0,28,2,0,0,1,0
1353193,4,2024,2024,0,0,8,1,27,31,34609,0,1,1,-33.424283,151.371585,16,2,2,1,0,2,0,0,2,0,7,50,0,1945,1945,5,22,40,1,0,1,0,0
1353195,4,2024,2024,8,2,7,916,17,75,917,0,1,2,-32.793394,151.633772,42,1,0,1,0,0,3,4,2,0,7,90,2,1282,1282,1,0,13,2,0,1,0,0
1353196,4,2024,2024,8,5,10,100,27,93,78,1,0,1,-33.430436,149.619393,3,2,1,1,0,0,0,0,0,0,7,60,2,9859,9859,8,0,40,1,0,1,0,0
1353201,4,2024,2024,8,5,7,9,31,562,34609,0,1,10,-32.25237,148.610356,22,2,1,1,1,0,0,0,2,0,0,50,0,1220,1220,9,30,26,2,0,2,0,0
1353205,1,2024,2024,8,0,4,2,31,41,34609,0,1,1,-33.783999,151.260772,50,0,2,1,1,0,0,0,2,0,7,50,0,368,368,9,33,28,2,0,0,0,1
1353206,4,2024,2024,8,3,9,29,27,70,34609,0,1,1,-33.906105,150.987867,15,0,2,0,2,0,3,3,0,0,7,40,0,1957,777,1,5,10,2,0,1,0,0
1353207,4,2024,2024,0,0,9,99,31,201,34609,0,1,10,-34.009677,150.860395,13,0,2,1,2,0,0,0,3,0,0,60,0,5929,5929,1,5,14,2,0,1,0,0
1353209,2,2024,2024,8,0,6,29,27,28,34609,0,1,9,-35.369566,149.225008,58,2,1,1,1,0,0,0,2,0,0,60,0,14295,14295,3,5,5,2,0,0,3,0
1353210,2,2024,2024,8,3,8,20,1,91,34609,1,0,10,-32.979222,151.64771,37,0,2,1,1,0,3,4,2,0,15,50,0,6545,6545,4,22,5,2,0,0,1,0
1353217,4,2024,2024,8,4,1,3371,17,25,3342,0,1,2,-32.861963,151.705081,48,0,2,1,2,0,0,0,0,0,7,80,2,9859,9859,1,5,0,2,0,1,0,0
1353219,4,2024,2024,8,6,8,123,27,337,11,0,1,1,-33.730294,150.980148,71,0,2,1,0,0,0,0,2,0,7,50,1,340,340,9,5,28,2,0,1,0,0
1353220,2,2024,2024,8,1,7,3371,17,41,3342,0,1,2,-31.467024,152.81918,56,1,0,1,0,0,0,0,2,0,7,110,2,1282,1282,1,0,5,3,0,0,3,0
1353222,2,2024,2024,8,4,9,348,17,105,232,0,1,7,-32.590398,149.583694,44,2,1,1,2,0,0,0,0,0,0,50,2,6545,6545,4,10,0,2,0,0,1,0
1353223,1,2024,2024,8,1,9,5,27,5,34609,0,1,1,-32.686822,149.650008,44,1,0,0,0,0,0,0,0,0,7,100,0,782,957,5,0,40,1,0,0,0,1
1353229,2,2024,2024,8,2,8,4,31,207,34609,1,0,10,-31.955911,141.457855,51,2,1,1,2,0,0,0,0,0,0,50,0,6545,6545,4,10,0,2,0,0,2,0
1353230,2,2024,2024,3,2,7,87,31,143,34609,0,1,1,-33.704864,151.101805,31,0,2,1,0,0,0,0,2,0,7,50,0,1282,1282,1,5,40,1,0,0,1,0
1353234,4,2024,2024,8,6,5,30,27,187,94,0,1,2,-33.880991,150.983393,15,0,2,1,0,0,0,0,2,0,7,60,1,14295,14295,3,5,5,2,0,1,0,0
1353239,2,2024,2024,8,6,3,3,27,16,34609,0,1,9,-34.257728,146.027083,28,2,1,1,0,0,0,0,1,0,0,80,0,926,926,4,0,13,2,0,0,1,0
1353246,4,2024,2024,0,5,7,37,31,44,34609,0,1,9,-33.751689,150.726601,55,0,2,1,0,0,0,0,2,0,7,50,0,4026,4026,8,5,40,1,0,2,0,0
1353255,4,2024,2024,8,0,7,11,18,8,17,0,1,1,-30.940544,153.014396,34,2,1,1,0,0,0,0,2,0,7,80,1,14295,14295,3,0,13,2,0,1,2,1
1353256,2,2024,2024,8,3,7,2209,17,11,2205,0,1,7,-35.390638,150.440943,63,2,1,1,0,0,0,0,2,0,0,60,2,6545,6545,4,10,19,2,0,0,1,0
1353257,1,2024,2024,8,1,10,162,31,65,122,0,1,10,-34.484376,150.887528,80,0,2,1,2,0,0,0,0,0,2,60,2,6545,6545,4,0,12,2,0,0,0,1
1353259,1,2024,2024,8,2,4,12,1,646,118,0,1,10,-33.917649,151.02952,15,0,2,0,0,0,0,0,2,2,7,60,1,14295,14295,3,5,5,2,0,0,0,1
1353261,1,2024,2024,7,1,9,1,27,12,3,0,1,1,-35.914654,145.677157,51,2,1,0,0,0,0,0,2,0,7,80,1,3775,3775,0,10,5,2,0,0,0,2
1353264,4,2024,2024,4,1,8,8,27,40,34609,0,1,1,-34.0184,151.116643,68,0,2,0,0,0,0,0,2,0,7,50,0,4552,5151,1,0,0,2,0,1,0,0
1353267,4,2024,2024,8,0,5,866,17,149,793,0,1,10,-33.817644,150.962465,21,0,2,1,1,0,0,0,2,2,7,70,2,5929,5929,1,0,13,2,0,3,0,0
1353271,4,2024,2024,8,4,6,23,36,6,62,0,1,1,-29.805791,152.963924,18,1,0,0,0,0,0,0,2,0,7,100,1,1850,1463,5,0,40,1,0,3,0,0
1353272,1,2024,2024,0,0,6,330,27,147,605,0,1,9,-33.756084,151.282881,50,0,2,1,1,0,0,0,2,0,7,60,2,14295,14295,3,10,13,2,0,0,0,1
1353275,4,2024,2024,8,3,5,112,27,19,769,0,1,2,-33.527248,150.310223,8,1,2,0,0,0,0,0,2,0,7,100,2,4552,5151,8,16,40,1,0,1,0,0
1353277,4,2024,2024,8,2,4,2,2,21,34609,0,1,9,-35.071773,147.339013,75,2,1,1,0,0,0,0,2,0,7,50,0,4026,4026,1,5,13,2,0,1,0,0
1353279,4,2024,2024,8,0,4,157,17,9,158,0,1,1,-33.868187,146.448934,51,1,0,1,0,0,0,0,2,0,7,100,2,945,945,5,16,40,1,0,1,0,0
1353280,4,2024,2024,8,4,7,12,31,24,34609,0,1,1,-32.897616,151.787744,48,0,2,1,1,0,0,0,2,0,7,50,0,9859,9859,1,0,5,2,0,1,0,0
1353285,2,2024,2023,2,4,8,62,10,55,169,0,1,7,-32.83064,151.527836,17,2,1,1,1,0,0,0,2,0,0,60,2,14295,14295,3,10,5,3,0,0,1,1
1353294,2,2024,2024,4,1,7,9,31,63,13,0,1,1,-33.929492,151.205622,4,0,2,1,3,0,0,0,2,0,7,50,1,9859,9859,1,5,5,2,0,0,1,0
1353297,2,2024,2024,4,3,8,3371,17,173,3342,1,0,10,-33.719583,151.115898,36,0,2,1,1,0,0,0,2,2,7,60,2,256,256,4,5,0,2,0,0,1,0
1353300,4,2024,2024,0,1,6,13,31,139,34609,0,1,1,-33.873421,151.143176,32,0,2,0,3,0,0,0,2,0,7,50,0,4552,5151,1,5,5,2,0,1,0,0
1353303,2,2024,2024,0,6,11,2261,17,23,2252,0,1,2,-34.645939,150.120301,78,1,0,1,3,0,3,1,0,0,7,110,2,3775,3775,0,10,13,2,0,0,3,0
1353304,1,2024,2024,0,1,5,1,18,189,34609,0,1,9,-33.953041,151.051281,25,0,2,1,3,0,0,0,2,0,7,50,0,6545,6545,4,5,5,5,0,0,0,1
1353311,2,2024,2024,8,3,5,103,27,34,98,0,1,1,-32.737759,150.939222,64,2,1,0,3,0,0,0,2,0,7,80,2,4552,5151,8,16,40,1,0,0,1,0
1353312,1,2024,2024,8,0,7,12,31,179,34609,0,1,1,-33.762902,150.713607,55,0,2,1,3,0,0,0,2,0,7,50,0,1981,1981,4,5,5,3,0,0,0,1
1353319,2,2024,2024,8,4,6,1,27,34,34609,0,1,1,-32.869844,150.789664,64,1,0,0,3,2,0,3,2,0,7,100,0,1957,4009,8,16,40,1,0,0,1,0
1353322,2,2024,2024,6,3,6,65,27,187,34609,0,1,9,-33.796255,150.990263,54,0,2,1,3,0,0,0,2,0,0,50,0,1981,1981,4,5,5,2,0,0,1,0
1353334,1,2024,2024,0,3,9,829,27,149,770,0,1,9,-33.866956,151.175378,32,0,2,0,3,0,0,0,3,2,7,60,2,14295,14295,3,5,5,2,0,0,0,1
1353336,1,2024,2024,6,3,4,12,27,69,23,0,1,1,-28.565725,153.52338,10,2,1,1,3,0,0,0,2,0,7,80,1,1669,1669,3,0,36,2,0,0,0,1
1353341,4,2024,2024,6,1,6,2,27,1,34609,0,1,1,-36.488063,148.993159,65,1,0,1,3,0,0,3,2,0,7,100,0,9859,9859,8,0,40,1,0,1,0,0
1353343,2,2024,2024,8,4,2,11,27,278,34609,0,1,1,-33.787615,151.045513,54,0,2,1,2,0,0,0,0,0,7,50,0,9859,9859,1,5,5,2,0,0,1,0
1353349,2,2024,2024,8,4,9,35,27,8,34609,0,1,1,-28.332869,153.542889,72,2,1,0,3,0,3,0,0,0,7,70,0,4552,5151,8,0,40,1,0,0,1,0
1353350,1,2024,2024,8,2,6,1,27,187,34609,0,1,1,-33.785859,150.992751,54,0,2,1,3,0,0,0,2,0,7,50,0,1109,787,1,5,5,2,0,0,0,1
1353358,1,2024,2024,0,3,11,1052,27,69,262,0,1,2,-32.907897,151.697224,48,0,2,1,3,0,0,0,0,0,7,60,2,14295,14295,3,0,36,3,0,0,0,1
1353359,2,2024,2024,8,0,8,83,27,13,34609,0,1,1,-28.679748,153.541321,10,2,1,1,0,0,0,0,3,0,7,80,0,1981,1981,4,5,0,2,0,0,1,0
1353360,2,2024,2024,8,4,3,2209,17,68,2205,0,1,9,-34.081607,151.011025,68,0,2,1,3,0,0,0,1,0,7,70,2,14295,14295,3,10,5,4,0,0,1,0
1353361,1,2024,2024,8,5,7,20,31,93,34609,0,1,9,-36.074835,146.930445,0,2,1,1,3,0,0,0,2,0,7,50,0,941,941,1,5,5,2,0,0,0,1
1353362,1,2024,2024,0,3,7,1,27,5,34609,0,1,1,-35.600786,146.461657,51,1,0,0,3,2,0,0,2,0,7,100,0,1850,1463,5,16,40,1,0,0,0,1
1353363,4,2024,2024,6,1,5,38,27,290,159,0,1,10,-33.95287,151.131913,4,0,2,1,3,0,0,0,2,2,7,60,1,14295,14295,3,0,5,3,0,1,0,0
1353367,1,2024,2024,8,6,8,1104,14,104,962,0,1,3,-33.791086,150.805454,55,0,2,1,3,0,0,0,3,0,7,110,2,14295,14295,3,0,5,3,0,0,0,1
1353368,1,2024,2024,8,3,6,56,23,31,144,0,1,9,-33.893161,151.090575,9,0,2,1,3,0,0,0,2,0,7,60,2,2852,2852,4,0,5,2,0,0,0,1
1353372,1,2024,2024,8,6,7,44,31,160,260,0,1,9,-33.108347,151.487812,37,0,2,1,3,0,0,0,2,0,7,60,2,14295,14295,3,30,5,2,0,0,0,1
1353376,1,2024,2024,7,5,6,92,27,16,34609,0,1,1,-32.979862,151.718239,37,0,2,0,3,0,0,0,2,0,7,60,0,1282,1282,1,28,0,2,0,0,0,1
1353380,1,2024,2024,8,5,9,916,17,105,917,0,1,1,-32.706813,151.498536,42,2,1,1,3,0,0,0,0,0,7,80,2,3775,3775,0,34,0,2,0,0,0,1
1353384,1,2024,2024,8,5,8,73,24,115,88,0,1,1,-33.757038,151.23331,50,0,2,1,0,0,0,0,2,0,7,80,2,14295,14295,3,0,12,4,0,0,0,1
1353385,1,2024,2024,8,1,7,232,36,60,331,0,1,10,-34.02016,150.760949,12,0,2,1,3,0,0,0,2,2,7,60,2,14295,14295,3,8,5,2,0,0,0,1
1353388,2,2024,2024,8,3,0,1,27,48,34609,0,1,10,-29.024598,152.015972,51,1,0,1,3,0,3,4,0,0,15,100,0,9859,9859,8,5,40,1,0,0,1,0
1353390,1,2024,2024,8,6,8,255,27,71,166,0,1,9,-33.262915,151.521458,16,2,2,0,3,0,0,0,3,0,0,50,2,14295,14295,3,5,5,2,0,0,0,1
1353392,1,2024,2024,3,0,10,74,23,149,260,0,1,9,-33.991827,151.146169,4,0,2,1,3,0,0,0,0,0,0,60,2,1282,1282,1,33,19,2,0,0,0,1
1353393,2,2024,2024,0,2,8,112,27,96,256,0,1,9,-34.045472,150.829469,13,0,2,0,3,0,0,0,2,3,7,60,2,14295,14295,3,0,13,2,0,0,1,0
1353397,2,2024,2024,8,0,5,3,27,11,34609,0,1,1,-33.935614,147.344265,51,1,0,0,3,0,3,4,2,0,7,100,0,1089,1089,7,0,40,1,0,0,1,0
1353404,2,2024,2024,6,3,10,916,17,32,917,0,1,2,-32.645303,151.243763,64,2,1,1,3,0,0,0,0,0,7,80,2,1089,1089,7,0,40,1,0,0,1,0
1353406,2,2024,2024,6,4,10,5,1,293,34609,1,0,7,-33.944805,151.232651,59,0,2,1,3,0,3,4,0,0,0,50,0,6545,6545,4,5,5,2,0,0,1,0
1353409,2,2024,2024,6,0,6,220,14,133,220,0,1,3,-34.508534,150.789564,80,0,2,0,3,0,3,4,2,0,7,100,2,1957,4009,8,21,40,1,0,0,1,0
1353412,1,2024,2024,8,6,8,3371,17,49,3342,0,1,9,-33.197706,151.524507,16,2,2,1,3,0,0,0,3,0,0,80,2,2852,2852,4,0,5,2,0,0,0,1
1353416,1,2024,2024,8,0,4,54,31,28,62,0,1,10,-33.797672,151.197844,77,0,2,1,3,0,0,0,2,0,0,60,2,186,186,1,0,5,2,0,0,0,1
1353418,1,2024,2024,8,2,6,330,27,147,605,0,1,10,-33.758768,151.280465,50,0,2,0,3,0,0,0,2,2,7,60,2,14295,14295,3,5,0,2,0,0,0,1
1353420,1,2024,2024,6,2,6,16,36,7,19,0,1,1,-33.092947,147.803541,53,1,0,0,3,0,0,0,2,0,7,100,1,2585,4009,8,5,40,1,0,0,0,2
1353423,2,2024,2024,8,4,5,2126,17,283,2149,0,1,2,-33.828258,151.006401,54,0,2,1,3,0,0,0,2,0,7,60,2,14295,14295,3,16,0,2,0,0,1,0
1353430,1,2024,2024,8,2,6,20,31,387,34609,0,1,9,-33.92512,151.192492,4,0,2,1,0,0,0,0,2,0,0,50,0,238,238,9,5,28,2,0,0,0,1
1353432,1,2024,2024,8,5,8,73,24,40,88,0,1,9,-33.780485,151.23795,50,0,2,1,2,0,0,0,0,0,7,60,2,1669,1669,3,5,0,2,0,0,0,1
1353434,2,2024,2024,8,6,5,40,31,80,34609,0,1,10,-33.881541,151.203134,69,0,2,1,3,0,0,0,2,0,7,40,0,941,941,1,0,5,2,0,0,1,0
1353435,1,2024,2024,8,6,3,280,10,314,82,1,0,2,-33.853415,150.939899,24,0,2,1,3,0,3,4,2,0,7,60,1,1981,1981,4,9,0,2,0,0,0,1
1353438,1,2024,2024,6,1,7,48,31,104,605,0,1,9,-33.830091,151.21715,49,0,2,1,3,0,0,0,2,0,0,60,2,1669,1669,3,0,18,2,0,0,0,1
1353440,2,2024,2024,6,3,10,71,31,78,125,1,0,1,-33.84955,151.012104,21,0,2,1,2,0,0,0,0,0,7,60,1,1109,397,1,5,12,2,0,0,1,0
1353444,1,2024,2024,8,6,7,23,10,15,47,0,1,10,-32.896925,151.70617,48,0,2,0,3,0,0,0,2,2,7,60,2,5929,5929,1,5,5,2,0,0,0,1
1353446,1,2024,2024,0,3,6,1,27,33,34609,0,1,1,-33.493643,150.071937,40,2,1,1,3,2,0,0,2,0,7,50,0,4026,4026,8,16,40,1,0,0,0,1
1353449,2,2024,2024,6,1,7,42,27,92,231,0,1,2,-33.39809,151.343341,16,2,2,1,3,0,0,0,2,0,7,50,2,14295,14295,3,0,5,2,0,0,1,0
1353450,1,2024,2024,0,5,4,2261,17,346,2252,0,1,9,-33.885876,151.069295,67,0,2,1,3,0,0,0,2,2,7,60,2,14295,14295,3,5,0,2,0,0,0,1
1353452,2,2024,2024,6,1,8,6,10,228,34609,0,1,9,-34.732363,149.72034,26,2,1,1,3,0,0,3,4,0,7,50,0,1669,1669,3,5,13,2,0,0,1,0
1353453,2,2024,2024,8,0,9,11,31,64,46,0,1,9,-33.482758,150.152782,40,2,1,1,3,0,0,0,0,2,7,50,2,5929,5929,1,5,5,2,0,0,1,0
1353454,1,2024,2024,8,1,6,150,27,173,415,0,1,10,-33.785156,151.128336,61,0,2,1,3,0,0,0,2,2,7,70,2,14295,14295,3,0,10,2,0,0,0,1
1353456,1,2024,2024,8,4,5,168,10,387,260,0,1,2,-33.94297,151.191813,4,0,2,0,3,0,0,0,2,0,7,70,2,1282,1282,1,5,13,3,0,0,0,1
1353457,2,2024,2024,8,6,8,175,27,609,220,0,1,10,-33.763693,150.913072,7,0,2,1,3,0,0,0,2,2,7,60,2,5929,5929,1,5,5,2,0,0,1,0
1353459,1,2024,2024,0,6,9,80,31,204,187,0,1,10,-33.879953,151.123534,32,0,2,0,3,0,0,0,3,0,15,50,2,301,301,4,10,0,2,0,0,0,1
1353461,2,2024,2023,9,0,6,916,17,75,917,0,1,6,-32.793301,151.633815,42,1,0,1,3,0,0,0,2,0,7,90,2,14295,14295,3,0,13,4,0,0,1,0
1353462,4,2024,2024,4,0,8,280,10,314,240,0,1,9,-33.855174,150.945241,24,0,2,1,0,0,0,0,2,0,0,60,2,5929,5929,1,21,19,2,0,1,0,0
1353465,4,2024,2024,4,1,0,3371,17,17,3342,0,1,2,-31.968697,152.463759,43,1,0,1,1,0,0,0,0,0,7,110,2,4026,4026,8,5,40,1,0,1,0,0
1353466,4,2024,2024,4,6,8,5,27,66,34609,0,1,1,-32.808856,151.669356,48,0,2,0,0,0,0,0,2,0,7,50,0,3775,3775,0,34,5,2,0,1,0,0
1353467,4,2024,2024,4,0,11,3371,17,69,3342,0,1,10,-32.937794,151.748608,48,0,2,1,2,0,0,0,0,2,9,60,2,1220,1220,9,0,28,4,0,1,1,1
1353468,4,2024,2024,4,4,9,283,27,129,702,0,1,2,-33.929632,151.072301,15,0,2,1,1,0,0,0,2,0,7,60,2,14295,14295,3,8,0,3,0,1,0,1
1353469,4,2024,2024,4,5,8,283,27,145,702,0,1,10,-33.921324,151.067603,15,0,2,1,1,0,0,0,2,2,7,60,2,5929,5929,1,0,5,3,0,1,1,0
1353470,4,2024,2024,4,4,8,4,31,173,34609,0,1,1,-33.876777,151.223116,69,0,2,0,1,0,0,0,2,0,7,50,0,368,368,9,5,28,2,0,1,0,0
1353471,1,2024,2024,4,6,8,162,31,532,24,0,1,10,-33.869073,151.209667,69,0,2,1,1,0,0,0,2,2,7,40,1,1220,1220,9,5,28,2,0,0,0,1
1353472,2,2024,2024,4,2,11,5,31,204,34609,0,1,9,-33.880224,151.129281,32,0,2,1,2,0,0,0,0,0,7,50,0,9859,9859,1,5,36,2,0,0,1,1
1353474,4,2024,2024,4,4,8,4,31,173,34609,0,1,1,-33.876571,151.222914,69,0,2,1,1,0,0,6,2,0,7,40,0,312,312,2,5,40,1,0,1,0,0
1353475,1,2024,2024,4,0,3,35,27,47,36,0,1,1,-35.229221,149.399819,58,2,1,0,0,0,0,0,2,0,7,80,1,2585,4009,8,5,40,1,0,0,0,1
1353476,2,2024,2024,4,3,11,22,27,90,93,0,1,1,-33.786025,150.962694,54,0,2,1,2,0,0,0,0,0,7,60,1,3775,3775,0,30,5,2,0,0,1,0
1353477,2,2024,2024,3,5,6,512,17,562,441,0,1,9,-32.24215,148.586559,22,2,1,1,0,0,3,4,2,0,0,60,2,6545,6545,4,30,0,2,0,0,1,1
1353478,4,2024,2024,4,3,1,1,27,16,34609,0,1,1,-31.931668,152.514667,43,1,0,1,0,0,0,0,0,0,7,100,0,4026,4026,1,23,29,2,0,2,0,0
1353479,4,2024,2024,3,2,4,3371,17,5,3342,0,1,9,-30.305884,153.101604,19,2,1,1,1,0,0,0,2,2,7,60,2,14295,14295,3,10,13,5,0,1,1,0