Crash ID,Degree of crash - detailed,Reporting year,Year of crash,Month of crash,Day of week of crash,Two-hour intervals,Street of crash,Street type,Town,Route no.,School zone location,School zone active,Type of location,Latitude,Longitude,LGA,Urbanisation,Conurbation 1,Alignment,Street lighting,Road surface,Surface condition,Weather,Natural lighting,Signals operation,Other traffic control,Speed limit,Road classification,RUM - code,DCA - code,First impact type,Key TU type,Other TU type,No. of traffic units involved,No. killed,No. seriously injured,No. moderately injured,No. minor-other injured
1353480,4,2024,2024,4,2,9,196,10,24,168,0,1,1,-33.964395,150.985213,15,0,2,0,1,0,0,0,2,0,7,60,2,3775,3775,0,5,5,3,0,2,0,0
1353482,4,2024,2024,3,4,0,195,27,40,186,0,1,2,-33.949626,150.838649,41,0,2,0,2,0,0,0,0,2,9,80,2,2585,4009,8,0,40,1,0,1,1,0
1353483,1,2024,2024,3,2,8,1,27,22,34609,0,1,1,-36.147355,150.005547,23,2,1,0,0,2,0,0,2,0,7,50,0,3775,3775,0,16,13,2,0,0,0,1
1353484,4,2024,2024,3,1,3,23,31,35,34609,0,1,9,-30.497536,153.014625,6,2,1,1,0,0,0,0,2,0,0,50,0,775,775,4,5,27,2,0,1,0,0
1353485,4,2024,2024,4,4,10,361,23,84,35,0,1,9,-33.887237,150.943377,24,0,2,1,2,0,0,0,0,2,7,60,1,14295,14295,3,5,5,2,0,1,0,0
1353486,2,2024,2024,3,0,4,87,31,18,34609,0,1,1,-32.918157,151.755443,48,0,2,1,1,0,3,3,2,0,7,50,0,9859,9859,8,9,40,1,0,0,1,0
1353488,4,2024,2024,3,0,6,3,10,134,34609,0,1,1,-33.521956,151.304724,16,2,2,1,1,0,0,0,2,0,7,50,0,1945,1945,5,15,40,1,0,1,0,0
1353492,2,2024,2024,3,0,9,1,31,64,34609,0,1,9,-32.939677,151.702033,48,0,2,1,0,0,0,3,2,0,7,50,0,5929,5929,1,10,5,2,0,0,1,0
1353493,4,2024,2024,4,1,5,157,17,7,158,0,1,1,-34.052964,145.477232,51,1,0,1,0,0,3,0,2,0,7,110,2,475,475,5,3,40,1,0,1,0,0
1353494,2,2024,2024,3,2,9,17,27,68,18,0,1,1,-34.86011,148.916333,82,2,1,0,1,0,0,0,2,0,7,50,1,3775,3775,0,5,0,2,0,0,2,0
1353495,4,2024,2024,3,3,7,40,10,56,174,0,1,9,-32.775321,151.34074,17,2,1,1,0,0,0,0,2,0,15,80,2,2852,2852,4,21,19,2,0,1,0,0
1353497,1,2024,2024,3,5,7,7,27,5,34609,0,1,1,-33.197903,149.112251,11,1,0,0,1,0,0,0,2,0,7,100,0,418,714,5,16,40,1,0,0,0,1
1353498,2,2024,2024,3,1,7,31,23,139,187,0,1,9,-33.873493,151.13723,32,0,2,1,0,0,3,4,2,2,7,60,2,1669,1669,3,10,5,2,0,0,1,0
1353499,4,2024,2024,3,1,2,1052,14,101,928,0,1,6,-32.88858,151.605148,37,0,2,1,3,0,2,6,0,0,7,80,2,9859,9859,8,0,40,1,0,1,0,0
1353500,2,2024,2024,7,2,4,45,27,304,96,0,1,9,-33.908487,151.160081,32,0,2,0,1,0,0,0,2,0,0,60,2,775,775,4,5,27,2,0,0,1,0
1353503,4,2024,2024,3,1,9,6,27,74,34609,0,1,1,-34.583061,147.874042,20,1,0,1,0,0,0,0,2,0,7,100,0,475,475,5,16,40,1,0,1,0,0
1353504,4,2024,2024,3,3,6,344,27,164,163,0,1,10,-33.747281,150.879848,7,0,2,1,1,0,0,0,2,2,7,70,2,6545,6545,4,5,0,2,0,1,1,0
1353505,4,2024,2024,7,6,3,31,27,197,69,0,1,9,-33.793986,151.136294,61,0,2,1,0,0,0,0,2,2,7,60,2,926,926,4,16,13,2,0,1,0,0
1353506,2,2024,2024,3,2,8,133,17,5,121,0,1,1,-36.759064,149.257357,65,1,0,0,0,0,0,0,2,0,7,100,2,4552,5151,8,10,40,1,0,0,1,1
1353508,2,2024,2024,7,0,6,143,31,123,181,0,1,2,-33.883038,151.22076,81,0,2,1,1,0,0,0,2,0,7,50,2,387,387,1,22,5,2,0,0,1,0
1353509,4,2024,2024,3,4,8,18,31,273,34609,0,1,10,-34.426073,150.893115,80,0,2,1,1,0,0,6,2,2,9,50,0,1220,1220,9,16,28,2,0,1,1,0
1353511,2,2024,2024,3,3,7,1052,14,77,928,0,1,3,-33.536005,151.199584,16,1,2,1,0,0,0,0,2,0,7,110,2,14295,14295,3,10,0,2,0,0,1,0
1353513,2,2024,2024,7,5,7,2209,17,51,2205,0,1,1,-34.468953,150.824991,80,0,2,1,1,0,0,0,2,0,7,70,1,14295,14295,3,0,13,4,0,0,1,0
1353514,4,2024,2024,7,1,2,7,27,43,34609,0,1,1,-34.120994,150.670573,79,2,2,0,0,0,0,0,1,0,7,60,0,4552,5151,8,30,40,1,0,1,0,0
1353517,4,2024,2024,7,3,7,43,27,61,76,1,0,2,-32.923684,151.727925,48,0,2,1,1,0,0,0,2,2,9,60,1,4026,4026,8,16,40,1,0,1,0,0
1353519,4,2024,2024,7,3,0,27,27,19,39,0,1,9,-31.187614,151.084222,70,2,1,0,2,0,0,0,0,0,7,80,1,2585,4009,8,0,40,1,0,1,0,0
1353521,2,2024,2024,7,1,8,47,31,117,84,0,1,2,-28.172279,153.543161,72,2,1,1,1,0,0,0,2,0,9,50,1,591,591,1,22,5,2,0,0,1,0
1353522,4,2024,2024,7,0,3,3371,17,37,3342,0,1,2,-29.45958,153.215324,18,1,0,1,1,0,0,0,2,0,7,110,2,4026,4026,8,29,40,1,0,1,0,0
1353525,4,2024,2024,7,4,8,2261,17,112,2252,0,1,2,-33.914188,150.928035,41,0,2,1,0,0,0,0,2,0,7,70,2,14295,14295,3,30,5,3,0,1,1,0
1353526,2,2024,2024,7,5,5,11,31,65,34609,0,1,7,-32.92585,151.785082,48,0,2,0,1,0,0,0,2,0,0,40,0,4552,5151,8,10,40,1,0,0,1,0
1353528,4,2024,2024,7,4,5,829,27,309,770,0,1,9,-33.816869,151.105608,61,0,2,0,1,0,0,0,2,0,7,60,2,2585,4009,8,16,40,2,0,1,1,0
1353529,4,2024,2024,3,3,9,348,17,11,232,0,1,1,-32.735308,149.747576,44,1,0,0,0,0,3,4,3,0,7,100,2,1957,4009,8,10,40,1,0,1,0,0
1353530,4,2024,2024,0,5,9,8,27,10,34609,0,1,1,-32.854406,151.286451,17,2,1,0,0,0,0,0,2,0,7,80,0,782,957,5,0,40,1,0,1,0,0
1353532,2,2024,2024,3,1,7,82,27,134,181,0,1,9,-33.891609,151.253942,76,0,2,1,1,0,0,0,2,0,0,50,2,323,323,1,9,5,2,0,0,1,0
1353537,2,2024,2024,3,4,7,481,17,7,483,0,1,1,-35.095966,146.115186,51,1,0,1,0,0,0,0,2,0,7,110,2,3775,3775,0,10,13,2,0,0,1,0
1353538,2,2024,2024,0,1,7,82,27,84,181,0,1,1,-33.893561,151.261343,76,0,2,1,1,0,0,0,2,0,7,50,2,387,387,1,22,0,2,0,0,1,0
1353539,1,2024,2024,7,0,6,133,17,14,121,0,1,1,-35.747267,149.161017,65,1,0,1,1,0,0,0,2,0,7,100,2,14295,14295,3,10,5,3,0,0,0,1
1353542,4,2024,2024,7,3,7,4,27,1,34609,0,1,1,-32.705833,151.032187,64,2,1,0,0,0,0,0,2,0,7,80,0,4552,5151,8,16,40,1,0,1,0,0
1353545,4,2024,2024,0,2,8,42,10,11,172,0,1,9,-32.854873,151.5233,17,2,1,0,0,0,0,0,2,0,0,80,2,273,957,5,16,40,1,0,1,0,0
1353546,4,2024,2024,7,5,7,113,27,78,111,0,1,1,-33.858137,150.79086,55,0,2,1,1,0,0,0,2,0,7,80,2,14295,14295,3,5,12,4,0,2,3,0
1353547,2,2024,2024,7,4,1,46,36,4,46,0,1,1,-32.800648,149.062254,22,2,1,0,0,0,0,0,0,0,7,60,1,1259,5151,8,10,40,1,0,0,1,0
1353548,2,2024,2024,0,3,0,12,10,140,34609,1,0,1,-33.78918,150.831082,7,0,2,0,2,0,0,0,0,0,7,50,0,1259,5151,1,0,0,2,0,0,1,0
1353549,4,2024,2024,3,4,9,4,27,207,5,0,1,1,-31.991916,141.429881,51,2,1,0,0,0,3,4,2,0,7,80,1,1850,1463,5,0,40,1,0,1,0,0
1353551,4,2024,2024,0,5,5,3,27,9,34609,0,1,1,-28.617324,153.430408,10,2,1,0,0,0,0,0,2,0,7,60,0,3775,3775,0,30,5,2,0,4,0,0
1353556,4,2024,2024,0,3,8,500,27,83,799,0,1,9,-33.914447,151.113636,15,0,2,1,1,0,0,0,3,2,7,60,2,256,256,4,16,5,3,0,1,1,0
1353558,4,2024,2024,7,3,6,829,27,125,770,0,1,9,-33.821603,151.120507,61,0,2,1,1,0,0,3,2,0,7,60,2,340,340,9,19,28,2,0,1,1,0
1353559,4,2024,2024,0,4,3,147,27,224,605,0,1,2,-33.826856,151.23203,45,0,2,1,0,0,3,3,1,0,7,60,2,1220,1220,9,5,28,2,0,1,0,0
1353562,4,2024,2024,0,5,8,5,36,32,34609,0,1,1,-32.338694,152.26904,43,2,1,0,0,0,0,0,2,0,7,80,0,3775,3775,0,5,5,2,0,2,0,0
1353563,2,2024,2024,7,0,10,3371,17,143,3342,0,1,9,-33.702357,151.099391,31,0,2,1,0,0,0,0,0,2,7,60,2,5929,5929,1,0,19,2,0,0,1,0
1353564,4,2024,2024,0,1,7,348,17,105,232,0,1,1,-32.588933,149.577015,44,2,1,1,0,0,0,0,2,0,7,50,2,9859,9859,1,34,5,4,0,1,0,0
1353565,4,2024,2024,0,5,8,40,27,460,34609,0,1,10,-33.828668,150.964459,21,0,2,1,0,0,3,4,2,0,0,50,0,6545,6545,4,0,13,2,0,1,1,0
1353567,4,2024,2024,0,4,7,133,10,7,121,0,1,1,-31.642683,152.811289,56,2,1,1,1,0,0,0,2,0,7,50,1,3775,3775,0,5,0,2,0,1,0,0
1353568,2,2024,2024,0,4,10,1,10,50,34609,0,1,9,-34.354374,150.913617,80,0,2,1,2,0,0,0,0,0,0,40,0,489,489,8,16,40,1,0,0,1,0
1353569,2,2024,2024,0,1,9,194,31,105,34609,0,1,1,-32.599665,149.587012,44,2,1,1,2,0,0,0,0,0,7,50,0,1981,1981,4,5,0,3,0,0,1,1
1353572,2,2024,2024,7,5,2,2,1,31,34609,0,1,1,-33.423903,151.358547,16,2,2,0,0,0,0,0,0,0,7,50,0,2585,4009,8,5,40,1,0,0,1,0
1353573,4,2024,2024,0,1,7,3371,17,463,3342,0,1,2,-30.303562,153.103685,19,2,1,0,1,0,0,0,2,0,7,60,2,1220,1220,9,29,28,2,0,1,0,0
1353581,4,2024,2024,0,5,10,2261,17,523,2252,0,1,2,-33.931805,150.917091,41,0,2,1,2,0,0,0,0,0,7,60,2,1383,1383,1,33,19,2,0,1,0,0
1353584,1,2024,2024,0,4,9,37,27,62,34609,0,1,7,-34.089351,150.810563,13,0,2,0,3,0,0,0,0,0,0,60,0,6545,6545,4,5,5,2,0,0,0,1
1353586,1,2024,2024,4,3,10,162,31,39,34609,0,1,9,-34.313936,150.922535,80,0,2,0,2,0,0,0,0,0,7,50,0,368,368,9,0,28,2,0,0,0,1
1353587,2,2024,2024,8,5,8,20,31,207,34609,0,1,1,-31.956215,141.446057,51,2,1,1,0,0,0,0,2,0,7,50,0,9859,9859,1,5,5,2,0,0,1,0
1353598,1,2024,2024,7,4,8,294,17,16,288,0,1,1,-34.625172,143.448796,51,1,0,1,0,0,0,0,2,0,7,110,2,1089,1089,7,16,40,1,0,0,0,1
1353601,4,2024,2024,7,6,5,475,31,174,41,0,1,10,-33.896219,151.206684,69,0,2,1,1,0,0,0,2,2,9,50,1,1220,1220,9,9,28,2,0,1,0,0
1353602,2,2024,2024,8,6,7,41,27,4,27,0,1,1,-34.408946,149.613033,74,1,0,0,0,0,3,4,2,0,7,100,1,1957,4009,8,10,40,1,0,0,1,0
1353605,4,2024,2024,0,5,9,44,31,130,34609,0,1,4,-33.868715,151.197798,69,0,2,0,2,0,0,0,3,2,9,40,0,4552,5151,8,16,40,1,0,1,0,0
1353606,2,2024,2024,0,4,0,118,17,11,118,0,1,1,-31.462369,150.619875,51,1,0,0,0,0,0,0,0,0,7,100,2,3775,3775,0,10,36,2,0,0,1,0
1353607,4,2024,2024,0,4,9,177,31,89,34609,0,1,10,-33.856526,150.897138,24,0,2,1,2,0,3,4,0,2,7,60,0,6545,6545,4,30,22,2,0,1,0,0
1353609,4,2024,2024,8,6,6,194,31,61,34609,0,1,1,-35.90924,150.081921,23,2,1,1,0,0,3,3,2,0,9,30,0,1220,1220,9,0,28,2,0,1,0,0
1353610,4,2024,2024,8,6,5,145,31,73,34609,0,1,1,-34.189166,150.601828,79,2,2,0,0,0,3,4,2,0,7,60,0,1981,1981,4,0,0,2,0,1,0,0
1353614,1,2024,2024,8,6,9,28,31,24,14,0,1,1,-36.888745,149.910638,5,2,1,1,2,0,3,4,0,0,7,50,1,9859,9859,8,5,40,1,0,0,0,1
1353618,2,2024,2024,8,4,5,330,23,293,112,1,0,9,-33.936958,151.238474,59,0,2,1,0,0,3,4,2,0,15,50,2,6545,6545,4,5,0,2,0,0,1,0
1353620,4,2024,2024,0,5,3,2261,17,112,2252,0,1,9,-33.914341,150.924756,41,0,2,1,2,0,0,0,1,2,7,70,2,5929,5929,1,0,19,2,0,1,0,0
1353621,1,2024,2024,0,5,3,2126,17,55,2149,0,1,2,-33.79491,150.88663,7,0,2,1,1,0,0,0,2,0,7,80,2,14295,14295,3,5,5,2,0,0,0,1
1353622,2,2024,2024,8,3,4,20,27,13,24,1,0,9,-33.6231,151.052733,31,0,2,1,0,0,0,0,2,0,0,60,1,941,941,1,16,19,2,0,0,2,0
1353623,2,2024,2024,8,0,4,2209,17,59,2205,0,1,9,-34.333469,150.913313,80,0,2,1,1,0,0,0,2,2,7,60,2,2852,2852,4,9,25,2,0,0,2,0
1353625,4,2024,2024,8,0,8,20,27,162,34609,0,1,10,-33.836784,150.911467,24,0,2,1,1,0,0,0,3,2,7,50,0,6545,6545,4,8,22,2,0,1,2,0
1353626,2,2024,2024,8,3,0,10,27,105,34609,0,1,1,-32.610377,149.588466,44,2,1,0,2,0,0,0,0,0,7,50,0,2585,4009,8,10,40,1,0,0,1,0
1353627,2,2024,2024,0,0,7,191,27,193,208,0,1,1,-33.791615,151.088442,61,0,2,1,1,0,0,0,2,0,7,60,2,1981,1981,4,5,27,2,0,0,1,0
1353630,4,2024,2024,8,2,5,234,27,112,217,0,1,9,-33.681053,151.028481,31,0,2,1,0,0,0,3,2,0,7,60,2,3775,3775,0,5,5,2,0,2,0,0
1353632,4,2024,2024,0,4,7,330,27,60,25,0,1,1,-33.822704,151.133846,61,0,2,1,1,0,0,0,2,0,7,60,1,2040,2040,9,5,28,3,0,1,1,0
1353635,4,2024,2024,0,5,8,39,22,78,38,0,1,9,-33.383177,151.445854,16,2,2,0,0,0,0,0,3,0,15,60,1,782,957,5,16,40,1,0,1,0,0
1353637,4,2024,2024,8,5,6,48,10,252,34609,0,1,9,-33.949302,150.862373,41,0,2,1,0,0,0,0,2,0,7,50,0,3775,3775,0,5,5,2,0,1,0,0
1353645,2,2024,2024,8,6,2,916,17,32,917,0,1,2,-32.60803,151.204378,64,1,0,1,0,0,0,1,0,0,7,90,2,14295,14295,3,5,13,3,0,0,1,0
1353649,4,2024,2024,8,5,4,109,27,20,62,0,1,1,-32.768954,151.526818,42,2,1,1,1,0,3,0,2,0,7,80,2,14295,14295,3,0,5,3,0,1,0,0
1353652,2,2024,2024,8,4,7,2,27,26,34609,0,1,1,-33.687639,150.597754,8,2,2,0,1,0,0,0,2,0,7,50,0,1850,1463,5,16,40,1,0,0,1,0
1353653,4,2024,2024,0,0,7,44,27,67,38,1,0,1,-33.872057,150.889367,24,0,2,1,0,0,0,0,2,0,7,60,1,1220,1220,9,5,28,2,0,1,0,0
1353662,2,2024,2024,0,4,9,2,10,104,34609,0,1,1,-33.741712,150.943135,7,0,2,0,2,0,0,0,0,0,7,50,0,4552,5151,1,10,0,2,0,0,1,0
1353665,1,2024,2024,8,3,8,97,17,53,88,0,1,9,-35.144839,149.333494,58,1,0,1,0,0,0,0,2,0,0,110,2,2852,2852,4,33,13,2,0,0,0,1
1353671,2,2024,2024,0,1,9,55,27,12,34,0,1,9,-32.948689,151.685996,37,0,2,1,2,0,0,0,0,2,7,60,1,4552,985,8,5,40,1,0,0,1,0
1353672,4,2024,2024,3,6,4,101,10,42,33,0,1,1,-34.019461,151.202556,68,0,2,1,1,0,0,0,2,0,7,60,1,190,190,1,22,35,2,0,1,0,0
1353673,1,2024,2024,8,2,6,475,31,174,41,0,1,10,-33.893242,151.207298,69,0,2,1,1,0,3,4,2,2,5,50,1,6545,6545,4,22,5,2,0,0,0,1
1353677,1,2024,2024,6,2,7,112,17,207,112,0,1,10,-31.953121,141.474048,51,2,1,1,1,0,0,0,2,0,0,50,2,6545,6545,4,34,2,3,0,0,0,1
1353678,2,2024,2024,0,6,7,71,17,61,71,0,1,9,-35.527561,144.972686,51,2,1,1,0,0,0,0,2,0,0,50,2,1282,1282,1,10,13,2,0,0,1,0
1353680,1,2024,2024,8,6,4,829,27,123,770,0,1,2,-33.811283,151.063551,54,0,2,1,1,0,0,0,2,0,7,70,2,1282,1282,1,5,5,2,0,0,0,1
1353683,2,2024,2024,0,3,0,89,36,2,19,0,1,1,-28.687197,152.594343,51,1,0,0,0,0,0,0,0,0,7,100,1,2585,4009,8,5,40,1,0,0,1,0
1353684,1,2024,2024,0,3,8,11,32,85,34609,0,1,9,-33.796524,150.687515,55,0,2,0,0,0,0,0,2,0,7,50,0,6545,6545,4,5,0,2,0,0,0,1
1353685,4,2024,2024,6,2,0,34,31,145,140,0,1,1,-33.926754,151.12829,15,0,2,1,2,0,3,4,0,0,7,50,1,9859,9859,8,0,40,1,0,1,0,0
1353686,2,2024,2024,8,4,4,916,17,31,917,0,1,9,-31.12688,150.924023,70,2,1,1,0,0,0,0,2,0,0,60,2,2852,2852,4,0,0,2,0,0,3,0
1353691,1,2024,2024,0,3,7,22,31,64,61,0,1,7,-33.884079,151.027991,21,0,2,1,1,0,0,0,2,0,0,50,1,6545,6545,4,0,13,2,0,0,0,2
1353692,1,2024,2024,8,0,4,348,27,21,15,0,1,1,-33.625249,150.701432,55,0,2,1,0,0,0,0,2,0,7,80,1,591,591,1,22,0,2,0,0,0,1
1353693,2,2024,2024,8,6,2,475,10,37,268,0,1,9,-33.867999,150.716167,55,0,2,0,0,0,0,1,0,0,0,80,2,2852,2852,4,5,5,2,0,0,2,0
1353696,4,2024,2024,6,1,10,294,17,215,288,0,1,10,-35.117156,147.356318,75,2,1,1,2,0,0,0,0,2,7,60,2,6545,6545,4,5,5,2,0,1,0,0
1353697,4,2024,2024,8,2,5,17,31,108,34609,1,0,10,-28.868349,153.565357,2,2,1,1,0,0,0,0,2,0,0,50,0,6545,6545,4,0,0,2,0,1,0,0
1353698,4,2024,2024,8,3,9,3371,17,52,3342,0,1,10,-33.262809,151.464678,16,2,2,1,2,0,0,0,0,2,7,70,2,5929,5929,1,5,0,2,0,1,1,0
1353701,2,2024,2024,6,1,6,255,27,62,172,0,1,2,-32.924565,151.625777,37,0,2,1,1,0,0,0,2,0,7,60,2,14295,14295,3,16,0,2,0,0,1,0
1353704,2,2024,2023,2,1,7,89,36,44,34609,0,1,1,-33.096504,146.8803,51,1,0,1,0,2,0,0,2,0,7,100,0,1089,1089,7,5,40,1,0,0,2,0
1353706,2,2024,2024,6,3,5,481,17,155,483,0,1,10,-33.133654,148.172728,53,2,1,1,1,0,0,0,2,0,0,50,2,6545,6545,4,0,2,3,0,0,1,0
1353708,4,2024,2024,4,2,5,38,27,37,47,0,1,1,-34.661242,150.82621,35,2,1,0,0,0,3,0,2,0,7,80,1,3775,3775,0,16,10,2,0,1,0,0
1353709,1,2024,2024,8,5,4,234,27,112,217,0,1,1,-33.672663,151.025404,71,0,2,1,0,0,0,0,2,0,7,70,2,101,101,8,10,40,2,0,0,0,1
1353712,2,2024,2024,6,5,8,37,31,80,19,0,1,10,-33.87268,151.174921,32,0,2,1,2,0,0,0,3,2,7,50,2,591,591,1,22,5,2,0,0,1,0
1353713,2,2024,2024,0,4,6,37,31,198,41,0,1,10,-33.910596,151.103684,15,0,2,1,1,0,0,0,2,2,9,40,1,1220,1220,9,33,28,2,0,0,1,0
1353715,2,2024,2024,8,6,3,12,27,67,34609,0,1,9,-33.66064,150.914067,71,0,2,0,0,0,0,0,2,0,0,70,0,623,623,3,0,5,2,0,0,1,0
1353716,4,2024,2024,0,5,7,8,27,100,124,0,1,2,-33.812385,151.175151,38,0,2,1,0,0,0,0,2,0,7,60,2,2040,2040,9,5,28,2,0,1,1,0
1353730,4,2024,2024,0,5,7,191,17,562,189,0,1,1,-32.215119,148.686613,22,1,0,1,0,0,0,0,2,0,7,100,2,1669,1669,3,5,0,2,0,1,1,0
1353732,2,2024,2024,6,1,6,18,31,32,34609,0,1,1,-32.361172,149.533876,44,2,1,1,0,0,0,0,2,0,7,50,0,340,340,9,5,28,2,0,0,1,0
1353733,4,2024,2024,8,4,8,9,10,243,34609,0,1,1,-33.948353,150.901319,41,0,2,0,0,0,0,0,2,0,7,50,0,1850,1463,5,16,40,1,0,1,0,0
1353737,2,2024,2024,0,5,3,40,31,90,34609,0,1,7,-32.925757,151.751165,48,0,2,1,1,0,0,0,2,0,0,50,0,6545,6545,4,5,27,2,0,0,1,0
1353738,1,2024,2024,8,4,3,27,27,87,34609,0,1,1,-33.924349,150.968613,41,0,2,0,1,0,0,0,2,0,7,50,0,1981,1981,4,0,13,2,0,0,0,1
1353746,2,2024,2024,8,6,5,8,27,20,34609,0,1,1,-29.173701,152.225618,51,1,0,0,0,2,0,0,2,0,7,100,0,1089,1089,7,16,40,1,0,0,1,0
1353749,4,2024,2024,7,0,9,3371,17,20,3342,0,1,10,-33.079587,151.650501,37,0,2,0,2,0,0,0,2,2,7,70,2,14295,14295,3,16,5,2,0,1,0,0
1353753,4,2024,2024,8,5,6,10,27,74,12,0,1,1,-34.734047,148.081907,20,1,0,0,0,0,0,0,2,0,7,100,1,418,714,5,5,40,1,0,1,0,0
1353754,1,2024,2024,8,4,3,485,27,323,769,0,1,10,-33.761977,150.992848,71,0,2,0,0,0,0,0,0,3,7,60,2,775,775,4,30,5,2,0,0,0,1
1353758,2,2024,2024,8,0,7,13,27,25,34609,0,1,7,-33.747873,150.809372,7,0,2,1,1,0,0,0,2,0,0,60,0,5929,5929,1,9,5,2,0,0,1,0
1353760,4,2024,2024,8,3,0,67,31,166,18,0,1,1,-33.897095,151.179659,69,0,2,1,2,0,0,0,0,0,7,40,2,2040,2040,9,5,28,2,0,1,0,0
1353764,4,2024,2024,8,5,9,70,27,17,100,0,1,1,-33.663856,150.650733,8,2,2,0,0,0,0,0,0,0,7,60,2,4552,5151,8,16,40,1,0,1,0,0
1353767,4,2024,2023,2,1,7,24,31,58,34609,0,1,1,-32.974663,151.667803,37,0,2,0,0,0,0,0,2,0,7,60,0,1259,5151,8,0,40,1,0,1,0,0
1353769,4,2024,2024,8,6,6,43,27,4,118,0,1,1,-30.834408,150.785543,70,1,0,1,0,0,0,0,2,0,7,100,2,945,945,5,10,40,1,0,1,0,0
1353771,4,2024,2024,8,1,4,19,31,251,34609,0,1,9,-33.780734,150.946115,7,0,2,1,0,0,0,0,2,0,7,50,0,1669,1669,3,16,5,2,0,1,0,0
1353775,2,2024,2024,8,5,7,10,27,30,34609,0,1,10,-34.428722,150.343965,78,2,1,1,0,0,0,0,2,0,15,80,0,6545,6545,4,8,0,2,0,0,2,0
1353776,1,2024,2024,6,4,1,157,17,123,158,0,1,1,-33.844955,148.598489,51,1,0,0,0,0,3,4,0,0,7,100,2,2585,4009,8,5,40,1,0,0,0,1
1353782,1,2024,2024,8,0,6,9,31,136,34609,0,1,1,-33.923782,151.085162,15,0,2,1,1,0,3,4,2,0,7,50,0,1945,1945,5,15,40,1,0,0,0,1
1353783,4,2024,2024,8,6,4,17,31,316,34609,0,1,9,-33.922651,151.245693,59,0,2,1,2,0,0,0,2,0,9,50,0,2040,2040,9,5,28,2,0,1,0,0
1353784,2,2024,2024,0,6,9,73,27,387,140,0,1,9,-33.921577,151.184262,4,0,2,1,2,0,0,0,0,2,7,60,2,14295,14295,3,5,18,3,0,0,1,0
1353788,4,2024,2024,8,3,6,3,27,12,34609,0,1,1,-34.309349,147.1404,51,2,1,1,0,2,0,0,2,0,7,50,0,3775,3775,0,16,19,2,0,2,0,0
1353791,1,2024,2024,6,2,3,32,31,111,91,0,1,9,-33.920858,151.256789,59,0,2,1,2,0,3,4,0,2,7,40,1,5929,5929,1,0,5,2,0,0,0,1
1353792,2,2024,2024,6,2,9,7,31,67,34609,0,1,9,-33.660861,150.895257,71,0,2,1,0,0,3,4,0,0,7,60,0,6545,6545,4,5,5,2,0,0,1,0
1353794,4,2024,2024,6,3,8,5,10,59,34609,0,1,10,-33.97664,150.856383,13,0,2,1,2,0,0,0,0,0,0,50,0,926,926,4,0,13,2,0,1,0,1
1353798,4,2024,2024,8,6,8,67,27,42,34609,0,1,1,-33.886176,150.869648,24,0,2,1,1,0,0,0,2,0,7,60,0,9859,9859,8,16,40,1,0,1,0,0
1353799,2,2024,2024,8,2,6,3371,17,39,3342,0,1,2,-29.781486,153.034075,18,1,0,1,0,0,0,3,2,0,7,110,2,9859,9859,8,9,40,1,0,0,1,0
1353801,4,2024,2024,7,3,6,23,27,37,47,0,1,1,-34.658441,150.73198,35,2,1,0,0,0,3,0,2,0,7,60,1,1259,5151,8,16,40,1,0,1,1,0
1353802,4,2024,2024,0,6,8,213,17,8,213,0,1,1,-29.544922,148.576315,51,2,1,1,1,0,3,4,2,0,7,50,2,1220,1220,9,10,28,2,0,1,0,0
1353803,2,2024,2024,0,5,4,57,36,112,25,0,1,6,-33.61254,150.815055,29,2,2,0,2,0,0,0,2,2,9,60,2,591,591,1,22,5,2,0,0,1,0
1353814,2,2024,2024,8,2,7,334,17,41,308,0,1,1,-31.4628,152.764294,56,2,1,1,0,0,0,0,2,0,7,80,2,14295,14295,3,5,40,2,0,0,1,0
1353825,4,2024,2024,8,1,8,1104,14,149,962,0,1,3,-33.817244,150.971149,21,0,2,1,1,0,0,0,3,0,7,90,2,14295,14295,3,10,5,4,0,1,0,0
1353827,4,2024,2024,7,0,0,348,17,32,232,0,1,9,-32.382453,149.530349,44,1,0,1,0,0,0,0,0,0,0,100,2,323,323,1,10,0,2,0,1,1,0
1353828,4,2024,2024,7,1,6,90,36,5,102,0,1,1,-34.250846,146.440881,51,1,0,0,0,0,0,0,2,0,7,100,2,1850,1463,5,16,40,1,0,1,0,0
1353829,1,2024,2024,3,5,2,1,27,72,563,0,1,1,-34.008963,151.011516,68,0,2,0,2,0,3,4,1,0,7,80,2,14295,14295,3,5,5,2,0,0,0,1
1353830,2,2024,2024,8,0,5,916,17,32,917,0,1,9,-32.642644,151.233711,64,2,1,0,0,0,0,0,2,0,7,80,2,1850,1463,5,3,40,1,0,0,1,0
1353839,2,2024,2024,8,4,8,97,31,80,34609,0,1,1,-33.879066,151.207154,69,0,2,1,1,0,0,0,2,0,7,40,0,941,941,1,30,18,2,0,0,1,0
1353840,2,2024,2024,8,3,10,48,27,10,26,0,1,1,-35.087608,149.652245,26,1,0,1,0,0,0,0,0,0,7,100,2,1089,1089,7,0,40,1,0,0,1,0
1353844,1,2024,2024,6,2,7,22,27,25,228,0,1,9,-33.615147,150.833756,29,2,2,0,0,0,3,4,2,2,7,80,2,14295,14295,3,8,0,2,0,0,0,1
1353847,2,2024,2024,8,0,10,165,31,166,34609,0,1,1,-33.41758,149.577408,3,2,1,1,2,0,3,3,0,0,7,50,0,4026,4026,8,5,40,1,0,0,1,0