Crash ID,Degree of crash - detailed,Reporting year,Year of crash,Month of crash,Day of week of crash,Two-hour intervals,Street of crash,Street type,Town,Route no.,School zone location,School zone active,Type of location,Latitude,Longitude,LGA,Urbanisation,Conurbation 1,Alignment,Street lighting,Road surface,Surface condition,Weather,Natural lighting,Signals operation,Other traffic control,Speed limit,Road classification,RUM - code,DCA - code,First impact type,Key TU type,Other TU type,No. of traffic units involved,No. killed,No. seriously injured,No. moderately injured,No. minor-other injured
1353852,4,2024,2024,8,0,6,344,27,62,382,0,1,2,-33.732521,150.848263,7,0,2,1,0,0,0,3,2,0,7,70,2,3775,3775,0,34,0,3,0,1,0,1
1353853,1,2024,2024,8,5,8,109,27,169,382,0,1,9,-33.781867,150.851471,7,0,2,1,1,0,0,0,2,0,7,60,2,1669,1669,3,5,5,2,0,0,0,1
1353854,4,2024,2024,3,6,10,485,27,154,769,0,1,9,-33.705874,150.935243,71,0,2,1,0,0,3,4,0,0,2,80,2,4026,4026,8,10,40,2,0,2,2,0
1353855,2,2024,2023,2,3,1,224,27,246,321,1,0,9,-33.919311,151.198635,69,0,2,1,2,0,0,0,0,3,7,50,2,1945,1945,5,22,40,1,0,0,1,0
1353860,2,2024,2024,8,0,7,1,27,15,34609,0,1,1,-34.547425,148.370696,30,2,1,1,1,0,0,0,2,0,7,50,0,3775,3775,0,5,13,2,0,0,1,0
1353864,2,2024,2024,3,4,6,42,27,130,34609,0,1,10,-34.452591,150.844136,80,0,2,1,1,0,0,0,2,2,7,50,0,6545,6545,4,5,5,2,0,0,1,0
1353866,2,2024,2024,8,6,3,515,14,243,518,0,1,3,-33.959659,150.876261,41,0,2,1,2,0,0,0,1,0,7,100,2,14295,14295,3,9,13,6,0,0,2,0
1353871,2,2024,2024,8,0,6,512,17,7,441,0,1,1,-32.673287,148.95015,22,1,0,0,0,0,3,4,2,0,7,100,2,3775,3775,0,5,2,2,0,0,1,0
1353873,1,2024,2024,0,6,9,97,17,61,88,0,1,2,-35.189238,149.226065,82,1,0,1,0,0,0,0,0,0,7,110,2,1282,1282,1,3,5,2,0,0,0,1
1353876,2,2024,2024,6,2,8,36,27,460,55,0,1,7,-33.843026,150.974637,21,0,2,0,0,0,3,4,2,0,0,50,1,4552,985,8,10,40,4,0,0,2,0
1353880,2,2024,2024,6,5,8,113,27,218,111,0,1,9,-33.777339,150.772256,55,0,2,1,2,0,0,0,0,0,0,60,2,5929,5929,1,0,5,2,0,0,1,0
1353882,2,2024,2024,3,6,7,171,27,64,369,0,1,9,-33.686509,150.733468,55,0,2,1,0,0,0,0,2,0,0,80,2,1669,1669,3,8,0,2,0,0,2,0
1353885,1,2024,2024,6,1,4,293,31,128,369,0,1,10,-33.622644,150.803471,29,2,2,1,1,0,0,0,2,2,9,50,2,2040,2040,9,10,28,2,0,0,0,1
1353886,4,2024,2024,8,5,6,26,27,28,34609,0,1,1,-32.93986,151.636541,37,0,2,1,0,0,0,0,2,0,7,60,0,1109,787,1,21,19,2,0,1,0,0
1353887,4,2024,2024,8,6,3,38,23,26,34609,0,1,1,-33.706068,150.584427,8,2,2,1,1,0,0,0,2,0,7,50,0,238,238,9,0,28,2,0,1,1,0
1353890,2,2024,2024,8,0,8,1104,14,609,962,0,1,3,-33.804064,150.906138,7,0,2,1,2,0,3,4,3,0,7,100,2,14295,14295,3,9,0,2,0,0,1,0
1353893,4,2024,2024,8,3,8,1,31,78,34609,0,1,1,-33.861274,151.012257,21,0,2,1,1,0,0,0,3,0,7,50,0,1945,1945,5,16,40,1,0,1,0,0
1353894,2,2024,2024,0,6,2,22,27,36,173,0,1,2,-34.391202,150.858244,80,0,2,1,2,0,0,0,1,0,7,80,2,404,404,8,10,40,1,0,0,1,0
1353896,2,2024,2024,8,5,7,162,31,69,34609,1,0,9,-34.546796,150.854671,62,0,2,1,1,0,0,0,2,2,7,50,0,6545,6545,4,16,12,2,0,0,1,0
1353898,4,2024,2024,8,6,8,27,1,134,34609,0,1,10,-33.507828,151.3237,16,2,2,1,1,0,0,0,3,0,0,50,0,6545,6545,4,5,19,2,0,1,0,0
1353899,4,2024,2024,7,5,6,65,10,132,148,0,1,1,-34.12041,151.070961,68,0,2,0,1,0,0,0,2,0,7,60,2,4552,5151,8,16,40,1,0,1,0,0
1353901,2,2024,2024,8,0,11,5,31,433,34609,0,1,1,-33.286652,149.106159,52,2,1,1,2,0,3,4,0,0,7,50,0,9859,9859,1,5,0,2,0,0,1,0
1353904,2,2024,2024,8,2,6,112,17,12,112,0,1,1,-31.589922,144.901214,51,1,0,1,0,0,0,0,2,0,7,110,2,945,945,5,0,40,1,0,0,1,0
1353909,2,2024,2024,8,1,6,2,27,41,34609,0,1,1,-31.441216,152.81441,56,2,1,0,1,0,0,0,2,0,7,80,0,4552,5151,8,5,40,1,0,0,1,0
1353910,2,2024,2024,4,5,5,2126,17,90,2149,0,1,9,-33.707622,150.323047,8,2,2,0,1,0,0,0,2,0,0,70,2,14295,14295,3,10,0,2,0,0,1,0
1353911,4,2024,2024,4,3,4,4,27,11,34609,0,1,1,-32.71644,151.596045,42,2,1,1,0,0,0,0,2,0,7,60,0,14295,14295,3,16,0,2,0,1,0,0
1353917,4,2024,2024,3,3,1,79,27,290,159,0,1,2,-33.945001,151.121866,4,0,2,0,2,0,0,0,0,0,7,60,2,3775,3775,0,5,18,2,0,1,0,0
1353918,4,2024,2024,6,2,8,330,30,198,34609,0,1,9,-33.911342,151.101921,15,0,2,1,2,0,0,0,0,0,7,50,0,368,368,9,0,28,3,0,1,0,0
1353920,4,2024,2024,8,6,4,17,27,4,39,0,1,1,-31.452575,149.874975,51,1,0,1,0,0,0,0,2,0,7,100,1,1089,1089,7,16,40,1,0,1,0,0
1353924,2,2024,2024,6,6,9,123,27,316,120,0,1,10,-33.90489,151.252645,59,0,2,1,2,0,0,3,0,0,7,50,2,5929,5929,1,0,27,2,0,0,1,0
1353925,1,2024,2024,3,4,7,15,27,253,7,0,1,9,-33.965645,151.094692,25,0,2,1,0,0,0,0,2,2,7,60,1,14295,14295,3,5,5,3,0,0,0,1
1353927,4,2024,2024,0,2,4,2,27,36,34609,0,1,1,-33.607519,148.513528,51,1,0,0,0,0,0,0,2,0,7,100,0,2585,4009,8,21,40,1,0,1,0,0
1353929,1,2024,2024,0,5,8,17,10,12,34609,0,1,1,-34.425627,150.811335,80,0,2,0,3,0,3,4,3,0,7,60,0,404,404,8,5,40,1,0,0,0,1
1353930,4,2024,2024,6,1,9,5,31,41,34609,0,1,7,-33.907199,151.128521,15,0,2,1,0,0,0,0,0,0,0,50,0,6545,6545,4,10,5,2,0,1,0,0
1353932,2,2024,2024,8,5,6,195,27,53,186,0,1,10,-33.924649,150.848299,41,0,2,1,2,0,0,0,2,2,7,70,2,1383,1383,1,5,0,4,0,0,1,0
1353934,4,2024,2024,8,6,8,829,27,165,770,0,1,2,-33.84477,151.150393,14,0,2,1,0,0,0,0,2,0,7,70,2,1945,1945,5,16,40,1,0,1,0,0
1353937,2,2024,2024,8,1,7,11,31,169,147,0,1,7,-28.650143,153.613029,10,2,1,1,3,0,0,0,2,0,0,50,1,1192,1192,1,30,27,2,0,0,1,0
1353938,4,2024,2024,8,2,0,2,27,61,34609,0,1,1,-29.718291,151.715897,51,1,0,1,0,0,0,0,0,0,7,100,0,9859,9859,8,10,40,1,0,1,0,0
1353939,1,2024,2024,8,4,8,63,27,103,34,0,1,7,-32.945394,151.664726,37,0,2,1,3,0,0,0,3,0,0,60,1,926,926,4,0,13,2,0,0,0,1
1353940,1,2024,2024,3,2,11,143,31,123,181,0,1,9,-33.885122,151.227383,81,0,2,0,2,0,0,0,0,0,7,50,2,14295,14295,3,0,0,4,0,0,0,1
1353942,1,2024,2024,7,1,9,2,27,4,34609,0,1,1,-31.732796,152.464151,43,1,0,1,3,2,0,0,2,0,7,100,0,1089,1089,7,0,40,1,0,0,0,1
1353945,1,2024,2024,6,5,11,916,17,22,917,0,1,9,-32.775426,151.612264,42,2,1,1,3,0,0,0,0,2,7,80,2,5929,5929,1,5,5,2,0,0,0,1
1353946,1,2024,2024,7,2,0,44,1,21,34609,0,1,1,-34.541227,150.859612,62,0,2,1,2,0,0,0,0,0,7,50,0,368,368,9,5,28,2,0,0,0,1
1353948,4,2024,2024,0,0,0,16,31,18,47,0,1,9,-32.895034,151.716989,48,0,2,0,2,0,0,0,0,0,7,60,2,4552,5151,8,5,40,1,0,1,0,0
1353951,4,2024,2024,0,4,7,72,31,176,62,0,1,9,-33.958904,151.146015,4,0,2,1,3,0,3,4,2,2,7,60,1,5929,5929,1,5,5,3,0,1,0,0
1353953,4,2024,2024,0,6,8,2209,17,40,2205,0,1,9,-35.025177,150.578532,63,2,1,0,1,0,0,3,3,0,0,80,2,2852,2852,4,9,5,2,0,1,2,0
1353954,2,2024,2024,8,0,3,2209,17,18,2205,0,1,1,-35.701207,150.181275,23,2,1,1,2,0,0,0,1,0,7,60,2,9859,9859,8,9,40,1,0,0,1,0
1353959,4,2024,2024,8,4,9,13,27,3,34609,0,1,1,-32.547686,151.168664,64,2,1,1,0,0,0,0,0,0,9,60,0,591,591,1,22,5,2,0,1,1,0
1353961,1,2024,2024,8,3,8,4,27,2,34609,0,1,1,-35.495457,149.517383,58,1,0,0,0,2,0,0,2,0,7,100,0,1089,1089,7,16,40,1,0,0,0,1
1353964,1,2024,2024,0,5,8,12,27,76,34609,0,1,2,-33.916701,150.868185,41,0,2,1,0,0,0,0,2,0,7,50,0,9859,9859,1,0,5,2,0,0,0,1
1353966,2,2024,2024,0,4,6,82,27,84,181,0,1,1,-33.893834,151.263106,76,0,2,1,1,0,0,0,2,0,7,50,2,387,387,1,22,5,2,0,0,1,0
1353967,4,2024,2024,6,3,6,25,31,445,103,0,1,10,-33.864004,151.034601,21,0,2,1,3,0,0,0,2,0,15,50,1,6545,6545,4,0,5,2,0,1,0,0
1353970,4,2024,2024,0,3,8,62,31,445,2149,0,1,9,-33.849317,151.050392,21,0,2,1,0,0,0,0,2,0,7,50,2,340,340,9,0,28,2,0,1,0,0
1353972,1,2024,2024,8,0,4,10,31,143,34609,0,1,1,-33.703717,151.109086,31,0,2,1,3,0,0,0,2,0,7,50,0,1282,1282,1,5,5,2,0,0,0,1
1353975,2,2024,2024,8,2,4,137,14,18,70,0,1,3,-32.80527,151.496677,17,1,0,0,1,0,3,4,2,0,7,110,2,14295,14295,3,30,13,2,0,0,1,1
1353976,4,2024,2024,8,3,11,27,27,294,27,0,1,9,-33.931547,150.95443,41,0,2,1,1,0,0,0,0,0,7,60,1,775,775,4,0,5,2,0,1,0,0
1353978,1,2024,2024,8,4,4,485,27,187,769,0,1,1,-33.787547,150.995101,54,0,2,1,3,0,0,0,2,0,7,60,2,14295,14295,3,0,5,3,0,0,0,2
1353979,1,2024,2024,3,6,5,98,27,87,799,0,1,2,-33.928006,150.972334,41,0,2,0,3,0,0,0,2,0,7,70,2,1282,1282,1,29,0,2,0,0,0,1
1353982,1,2024,2024,8,1,8,9,1,226,34609,0,1,1,-33.769161,150.81461,7,0,2,1,3,0,0,0,2,0,7,50,0,1981,1981,4,5,0,2,0,0,0,1
1353986,4,2024,2024,8,6,8,44,31,31,605,0,1,9,-33.774912,151.266391,50,0,2,1,0,0,0,0,2,0,7,60,2,1220,1220,9,5,28,2,0,1,0,0
1353987,2,2024,2024,6,1,8,51,31,80,10,0,1,9,-33.752105,150.653655,55,0,2,1,3,0,0,0,2,0,0,50,1,5929,5929,1,0,0,2,0,0,1,0
1353988,2,2024,2024,7,3,5,128,27,61,133,0,1,1,-33.776049,150.657893,55,0,2,0,1,0,0,0,2,0,7,80,2,4552,5151,8,16,40,1,0,0,1,0
1353991,4,2024,2024,8,2,6,1052,14,207,928,0,1,3,-33.556441,151.192738,31,0,2,1,3,0,3,4,2,0,7,110,2,1192,1192,1,10,0,3,0,1,0,0
1353992,2,2024,2024,7,6,10,196,10,166,168,0,1,9,-33.951556,150.981454,15,0,2,0,2,0,0,0,0,0,7,60,2,1109,397,1,10,13,2,0,0,1,0
1353996,2,2024,2024,8,0,9,191,17,24,189,0,1,1,-32.056601,149.894794,73,1,0,1,3,0,3,4,0,0,7,100,2,1945,1945,5,10,40,1,0,0,1,0
1353998,2,2024,2024,3,4,7,11,31,108,34609,0,1,1,-28.862224,153.564272,2,2,1,1,0,0,0,0,2,0,7,50,0,14295,14295,3,5,0,2,0,0,1,0
1353999,1,2024,2024,8,0,4,4,1,293,34609,0,1,1,-33.922977,151.055755,15,0,2,1,3,0,3,4,2,0,7,50,0,1981,1981,4,5,13,2,0,0,0,1
1354000,2,2024,2024,8,1,8,225,17,85,180,0,1,9,-34.571436,150.76663,62,0,2,1,1,0,0,0,2,0,0,50,2,1669,1669,3,0,5,2,0,0,1,1
1354002,2,2024,2024,3,1,9,37,27,68,34609,0,1,1,-34.097646,150.995752,68,0,2,0,1,0,0,0,3,0,7,50,0,4552,5151,8,16,40,1,0,0,1,0
1354004,1,2024,2024,0,1,9,48,10,463,32,0,1,7,-30.302976,153.123873,19,2,1,0,2,0,0,0,0,0,0,60,1,6545,6545,4,5,27,2,0,0,0,1
1354010,2,2024,2024,0,6,8,24,31,91,160,0,1,10,-33.990776,150.892756,13,0,2,1,1,0,0,0,2,2,7,60,2,5929,5929,1,5,5,2,0,0,1,0
1354011,1,2024,2024,8,0,5,63,31,252,34609,0,1,1,-33.884792,151.214115,69,0,2,1,0,0,0,0,2,0,14,40,0,1981,1981,4,0,22,2,0,0,0,1
1354015,2,2024,2024,8,6,7,1,25,13,42,1,0,9,-32.946811,151.739871,48,0,2,1,1,0,0,0,2,0,7,50,1,2040,2040,9,5,28,2,0,0,1,0
1354020,2,2024,2024,6,5,7,11,27,40,34609,0,1,1,-35.792179,150.153486,23,2,1,0,0,0,0,0,2,0,14,40,0,14295,14295,3,5,36,2,0,0,1,0
1354021,2,2024,2024,0,0,9,33,1,31,34609,1,0,9,-33.924616,150.889985,41,0,2,1,1,0,0,0,2,0,7,50,0,5929,5929,1,9,13,2,0,0,3,0
1354024,4,2024,2024,8,2,5,4,27,3,26,0,1,1,-34.640315,147.057167,51,1,0,1,0,0,0,0,2,0,7,100,1,4026,4026,8,34,40,1,0,1,1,0
1354026,1,2024,2024,6,4,8,3371,17,147,3342,0,1,9,-33.745608,151.143239,36,0,2,0,3,0,3,4,3,2,7,60,2,14295,14295,3,5,5,3,0,0,0,1
1354027,2,2024,2024,8,5,4,60,31,24,34609,0,1,10,-33.660566,150.860127,7,0,2,1,0,2,0,0,2,0,15,50,0,6545,6545,4,9,5,2,0,0,1,0
1354030,2,2024,2024,0,1,2,6,27,27,34609,0,1,1,-32.88773,151.782717,48,0,2,1,1,0,0,0,0,0,7,60,0,14295,14295,3,5,13,2,0,0,1,0
1354031,2,2024,2024,7,5,1,8,31,207,34609,0,1,10,-31.947065,141.459426,51,2,1,1,2,0,0,0,0,0,15,50,0,6545,6545,4,5,5,2,0,0,1,0
1354032,2,2024,2024,8,1,4,27,31,15,40,0,1,10,-33.779849,151.282215,50,0,2,1,1,0,0,0,2,2,7,50,1,5929,5929,1,0,19,2,0,0,1,0
1354033,2,2024,2024,0,5,6,2209,17,115,2205,0,1,10,-34.032036,151.071549,68,0,2,1,1,0,0,3,2,2,7,70,2,368,368,9,30,28,2,0,0,1,0
1354034,2,2024,2024,6,3,0,90,31,252,165,0,1,10,-33.886129,151.217948,69,0,2,1,3,0,3,4,0,2,7,60,2,395,395,1,5,5,2,0,0,1,0
1354035,2,2024,2024,0,6,8,25,1,147,34609,0,1,1,-33.862688,151.134288,14,0,2,1,0,0,0,0,2,0,7,50,0,1109,397,1,5,5,4,0,0,1,1
1354036,2,2024,2024,6,6,4,512,17,28,441,0,1,9,-33.0913,148.871458,11,2,1,1,3,0,3,3,2,0,7,50,2,1981,1981,4,10,5,2,0,0,1,0
1354037,2,2024,2024,6,4,8,56,27,80,80,0,1,1,-33.886562,151.174396,32,0,2,1,2,0,3,4,0,0,7,40,2,1109,787,1,5,5,2,0,0,1,0
1354039,2,2024,2024,8,1,10,4,31,69,34609,0,1,1,-33.824486,151.0155,54,0,2,1,2,0,0,0,0,0,7,50,0,4026,4026,8,5,40,1,0,0,2,0
1354041,2,2024,2024,6,1,0,330,27,121,102,1,0,7,-33.786664,151.281121,50,0,2,1,3,0,0,0,0,0,0,50,2,1945,1945,5,16,40,1,0,0,1,0
1354042,2,2024,2024,7,6,9,2,25,130,34609,0,1,1,-34.453179,150.856903,80,0,2,1,1,0,0,0,2,0,7,60,0,1282,1282,1,5,19,2,0,0,1,0
1354043,4,2024,2024,0,5,9,485,27,50,769,0,1,2,-33.639725,150.851314,29,2,2,1,0,0,3,0,0,0,7,80,2,1383,1383,1,34,19,2,0,1,0,0
1354045,1,2024,2024,6,2,10,2209,17,49,2205,0,1,9,-33.932774,151.153472,4,0,2,1,3,0,3,4,0,2,7,60,2,2852,2852,4,5,5,2,0,0,0,1
1354048,4,2024,2024,6,2,9,45,31,204,331,0,1,9,-33.938431,151.15162,4,0,2,1,3,0,0,0,0,2,7,60,2,5929,5929,1,5,0,2,0,1,1,0
1354050,4,2024,2024,3,3,0,126,1,226,144,0,1,9,-33.758036,150.818576,7,0,2,1,2,0,0,0,0,0,7,60,2,591,591,1,22,5,2,0,1,0,0
1354054,4,2024,2024,7,0,0,23,10,8,34609,0,1,1,-32.737783,152.172455,57,2,1,1,2,0,0,0,0,0,7,50,0,9859,9859,8,5,40,1,0,1,0,0
1354055,2,2024,2024,6,4,8,95,27,50,605,0,1,10,-33.636867,151.330368,50,0,2,1,3,0,3,4,0,2,7,60,2,5929,5929,1,30,13,2,0,0,1,1
1354057,1,2024,2024,0,2,10,85,10,38,702,0,1,9,-33.837543,151.0837,14,0,2,0,3,0,0,0,4,2,7,70,2,14295,14295,3,5,5,3,0,0,0,1
1354058,2,2024,2024,6,3,0,32,27,290,34609,0,1,9,-33.859679,150.975882,21,0,2,1,2,0,3,4,0,0,7,50,0,78,78,8,0,40,1,0,0,1,0
1354061,1,2024,2024,8,6,7,149,27,42,198,0,1,9,-33.94242,150.942693,41,0,2,0,3,0,0,0,2,2,7,60,2,2852,2852,4,9,0,2,0,0,0,1
1354062,1,2024,2024,8,0,7,24,31,169,769,0,1,10,-33.597752,150.752892,29,2,2,1,3,0,0,3,2,2,7,60,2,14295,14295,3,5,5,2,0,0,0,1
1354063,1,2024,2024,8,0,8,12,27,15,34609,0,1,1,-33.793648,151.041388,54,0,2,1,3,0,0,0,2,0,7,50,0,1282,1282,1,22,27,2,0,0,0,1
1354064,2,2024,2024,7,1,3,8,27,6,34609,0,1,9,-34.034489,151.028001,68,0,2,1,1,0,0,0,2,0,7,50,0,2852,2852,4,0,27,2,0,0,1,0
1354065,4,2024,2024,8,3,6,163,27,95,165,0,1,7,-33.737479,150.840961,7,0,2,1,1,0,0,0,2,0,0,60,1,6545,6545,4,30,36,2,0,2,1,0
1354071,4,2024,2024,8,4,4,34,1,80,34609,0,1,9,-34.556682,146.402353,51,2,1,1,1,0,0,0,2,0,0,50,0,2852,2852,4,19,19,2,0,1,0,0
1354073,1,2024,2024,8,6,4,22,27,433,34609,0,1,1,-33.294393,149.087877,52,2,1,1,0,0,0,0,2,0,7,50,0,1981,1981,4,0,27,2,0,0,0,1
1354074,2,2024,2024,0,3,8,229,14,323,237,0,1,3,-33.769973,150.990133,71,0,2,1,1,0,0,0,2,0,7,100,2,1282,1282,1,10,35,2,0,0,1,0
1354075,4,2024,2024,0,3,8,334,17,41,308,0,1,7,-31.099111,150.90028,70,2,1,0,0,0,0,0,2,0,0,60,2,6545,6545,4,5,19,2,0,1,0,0
1354080,2,2024,2024,0,3,8,255,27,35,166,1,0,1,-33.268932,151.559209,16,2,2,1,0,0,0,0,2,0,7,50,2,9859,9859,8,9,40,1,0,0,1,0
1354086,1,2024,2024,6,4,8,21,31,157,34609,0,1,10,-33.801809,151.013254,54,0,2,1,3,0,3,4,0,0,15,50,0,6545,6545,4,5,5,2,0,0,0,1
1354087,4,2024,2024,6,2,8,1052,14,118,928,0,1,3,-33.434746,151.26747,16,1,2,0,3,0,3,4,2,0,7,110,2,1259,5151,8,0,40,1,0,1,0,0
1354088,2,2024,2024,6,3,5,308,14,323,311,0,1,3,-33.812828,150.852108,7,0,2,1,3,0,0,0,2,0,7,100,2,1383,1383,1,29,0,2,0,0,2,0
1354089,4,2024,2024,8,4,3,11,31,78,51,1,0,10,-33.857812,151.086368,14,0,2,1,0,0,0,0,2,2,9,50,1,2040,2040,9,5,28,2,0,1,0,0
1354093,2,2024,2024,6,4,9,46,31,438,34609,0,1,10,-33.837852,151.029889,21,0,2,1,3,0,3,4,0,0,15,50,0,6545,6545,4,0,0,2,0,0,1,0
1354094,2,2024,2024,7,1,6,37,1,126,34609,1,0,10,-33.946559,150.802953,41,0,2,1,1,0,0,0,2,0,15,60,0,6545,6545,4,10,0,2,0,0,1,0
1354095,1,2024,2024,8,3,7,10,23,67,34609,0,1,7,-33.698634,150.912699,7,0,2,1,0,0,0,0,2,0,0,50,0,6545,6545,4,5,5,2,0,0,0,1
1354097,2,2024,2024,8,4,9,2209,17,273,2205,0,1,1,-34.425462,150.886497,80,0,2,1,3,0,0,3,0,0,7,50,2,4026,4026,8,0,40,1,0,0,1,0
1354098,2,2024,2024,7,0,9,1,25,4,34609,0,1,9,-28.353292,153.211775,72,2,1,0,3,0,3,6,2,0,7,80,0,782,957,5,5,40,1,0,0,1,0
1354099,4,2024,2024,0,5,8,222,31,123,15,0,1,1,-33.878947,151.225268,69,0,2,1,2,0,3,4,2,0,7,40,1,941,941,1,5,19,2,0,1,0,0
1354101,1,2024,2024,7,1,4,17,27,10,34609,1,2,1,-34.047115,151.0846,68,0,2,1,3,0,0,0,2,0,7,40,0,387,387,1,5,0,2,0,0,0,1
1354104,2,2024,2024,3,0,10,177,31,77,208,0,1,9,-33.862406,150.942087,24,0,2,1,2,0,0,0,0,0,7,60,1,1220,1220,9,5,28,2,0,0,1,0
1354105,4,2024,2024,7,6,2,24,27,70,24,0,1,1,-34.859715,150.600302,63,2,1,1,2,0,0,0,0,0,7,60,1,1109,787,1,10,19,2,0,1,0,0
1354109,1,2024,2024,8,2,6,2126,17,438,2149,0,1,2,-33.844496,151.041355,21,0,2,1,3,0,0,0,2,0,7,60,2,1383,1383,1,0,0,2,0,0,0,1
1354110,1,2024,2024,6,1,7,62,10,122,62,0,1,1,-33.429525,151.342579,16,2,2,1,3,0,0,0,2,0,7,50,2,14295,14295,3,10,13,2,0,0,0,1
1354112,4,2024,2024,7,5,4,32,27,29,28,0,1,4,-33.930871,150.784828,41,0,2,0,1,0,0,0,2,0,0,70,1,3775,3775,0,8,0,2,0,2,2,1
1354116,1,2024,2024,8,1,8,829,27,123,770,0,1,2,-33.808837,151.066217,54,0,2,0,3,0,0,0,2,0,7,70,2,1282,1282,1,0,0,2,0,0,0,1
1354119,4,2024,2024,6,4,9,485,27,232,769,0,1,10,-33.690517,150.922224,7,0,2,1,3,0,0,0,0,2,7,80,2,14295,14295,3,10,5,2,0,1,0,0
1354121,2,2024,2024,0,2,10,2126,17,9,2149,0,1,7,-33.759984,150.65214,55,0,2,0,2,0,0,0,0,0,0,60,2,2585,4009,8,5,40,1,0,0,2,1
1354123,2,2024,2024,6,1,3,16,1,202,118,0,1,9,-33.9391,151.027383,15,0,2,1,1,0,0,0,2,0,0,60,1,6545,6545,4,5,27,2,0,0,1,0
1354124,1,2024,2024,0,5,6,2126,17,36,2149,0,1,9,-33.807208,150.933963,21,0,2,1,1,0,3,4,2,1,7,80,2,204,204,1,5,12,3,0,0,0,1
1354126,2,2024,2024,8,2,6,89,17,137,54,0,1,9,-34.030928,151.065325,68,0,2,1,1,0,0,0,2,0,0,70,2,5929,5929,1,0,5,2,0,0,2,0
1354127,1,2024,2024,3,0,8,57,27,15,126,0,1,1,-32.754192,151.71911,42,2,1,1,0,0,0,0,2,0,7,80,2,3775,3775,0,5,5,2,0,0,0,1
1354130,2,2024,2024,6,0,8,11,31,194,34609,0,1,1,-30.512739,151.665544,1,2,1,1,2,0,0,0,3,0,7,50,0,941,941,1,5,19,3,0,0,1,0
1354131,2,2024,2024,4,1,0,2261,17,68,2252,0,1,2,-34.769135,148.749026,82,1,0,1,0,0,0,0,0,0,7,110,2,1089,1089,7,5,40,1,0,0,1,1
1354132,4,2024,2024,7,5,8,1,27,22,34609,0,1,1,-33.831944,151.199982,49,0,2,1,0,0,0,0,2,0,7,50,0,1220,1220,9,5,28,2,0,1,0,0
1354133,2,2024,2024,6,1,5,48,31,121,102,0,1,1,-33.798821,151.284595,50,0,2,1,1,0,0,0,2,0,7,30,2,1282,1282,1,5,27,2,0,0,1,0
1354138,2,2024,2024,7,3,9,334,17,7,308,0,1,1,-30.946762,151.405169,51,2,1,0,3,0,3,2,4,0,7,70,2,2585,4009,8,10,40,1,0,0,1,0
1354139,2,2024,2024,8,4,11,191,17,13,189,0,1,1,-32.592391,151.091077,64,1,0,1,0,0,0,0,0,0,7,100,2,9859,9859,8,5,40,1,0,0,1,0
1354140,4,2024,2024,3,3,8,387,36,86,69,0,1,2,-33.701253,151.212799,50,0,2,1,1,0,0,0,2,0,7,80,2,1945,1945,5,16,40,1,0,1,0,0
1354146,2,2024,2024,3,3,0,1,27,1,34609,0,1,1,-31.845196,152.440999,43,1,0,0,0,0,0,0,0,0,7,100,0,4552,5151,8,0,40,1,0,0,1,1
1354147,4,2024,2024,6,4,3,2261,17,26,2252,0,1,3,-34.094068,150.765964,13,0,2,1,0,0,3,3,1,0,7,80,2,14295,14295,3,10,13,2,0,1,1,0
1354148,1,2024,2024,8,0,0,92,27,129,244,0,1,9,-33.899486,151.091393,9,0,2,1,3,0,0,0,0,0,7,60,2,6545,6545,4,5,13,2,0,0,0,1
1354150,4,2024,2024,6,0,10,196,10,45,168,0,1,1,-33.89583,150.972245,15,0,2,1,0,0,3,0,0,0,7,70,2,3775,3775,0,0,25,2,0,1,1,0
1354151,2,2024,2024,8,6,9,145,31,532,34609,0,1,10,-33.863366,151.211861,69,0,2,1,2,0,0,0,0,2,7,40,0,1220,1220,9,5,28,2,0,0,1,0
1354152,2,2024,2024,8,6,6,475,31,204,11,0,1,10,-33.886288,151.12484,32,0,2,1,1,0,0,0,2,2,7,50,1,186,186,9,5,28,2,0,0,1,0
1354153,1,2024,2024,8,4,4,171,27,115,99,0,1,10,-33.915253,151.184315,69,0,2,0,3,0,0,0,2,2,7,60,2,14295,14295,3,0,5,2,0,0,0,1
1354155,1,2024,2024,6,4,8,171,27,113,369,0,1,2,-33.782462,150.708056,55,0,2,1,3,0,0,0,2,0,7,70,2,14295,14295,3,5,5,3,0,0,0,1
1354158,2,2024,2024,3,6,8,2126,17,75,2149,0,1,2,-33.872927,151.125826,32,0,2,1,1,0,0,0,2,0,7,60,2,14295,14295,3,9,22,2,0,0,1,0
1354160,1,2024,2024,6,5,3,196,10,166,168,0,1,1,-33.949605,150.981338,15,0,2,1,3,0,0,0,1,0,7,60,2,3775,3775,0,5,5,2,0,0,0,1
1354163,1,2024,2024,6,3,7,5,27,2,34609,0,1,1,-32.059102,151.679353,43,1,0,0,3,2,0,0,2,0,7,100,0,4552,5151,8,0,40,1,0,0,0,2
1354166,4,2024,2024,3,5,5,1,27,68,69,0,1,9,-33.714176,149.811416,51,1,0,1,0,0,0,3,2,0,0,100,1,3775,3775,0,10,0,2,0,1,1,0
1354169,1,2024,2024,3,2,0,2,10,55,34609,1,0,9,-35.386756,149.192022,58,2,1,0,2,0,0,0,0,0,0,70,0,2585,4009,8,16,40,1,0,0,0,1
1354175,2,2024,2024,8,5,7,4,10,88,34609,0,1,1,-33.738183,150.849577,7,0,2,0,1,0,0,0,2,0,7,50,0,340,340,9,5,28,2,0,0,1,0