Crash ID,Degree of crash - detailed,Reporting year,Year of crash,Month of crash,Day of week of crash,Two-hour intervals,Street of crash,Street type,Town,Route no.,School zone location,School zone active,Type of location,Latitude,Longitude,LGA,Urbanisation,Conurbation 1,Alignment,Street lighting,Road surface,Surface condition,Weather,Natural lighting,Signals operation,Other traffic control,Speed limit,Road classification,RUM - code,DCA - code,First impact type,Key TU type,Other TU type,No. of traffic units involved,No. killed,No. seriously injured,No. moderately injured,No. minor-other injured
1354177,4,2024,2024,3,0,7,132,31,174,126,1,0,1,-33.889605,151.205547,69,0,2,1,1,0,0,0,2,0,7,50,2,2040,2040,9,5,28,2,0,1,0,0
1354179,4,2024,2024,3,4,5,55,36,3,43,0,1,1,-32.40372,150.273029,44,2,1,1,1,0,0,0,2,0,7,80,1,945,945,5,10,40,1,0,1,0,0
1354181,2,2024,2024,8,6,5,44,31,136,34609,0,1,1,-33.919248,151.075207,15,0,2,1,3,0,0,0,2,0,7,50,0,14295,14295,3,5,0,4,0,0,1,0
1354184,1,2024,2024,6,6,5,149,36,120,113,0,1,1,-32.287565,152.521904,43,1,0,1,3,0,0,0,2,0,7,100,1,1383,1383,1,0,13,2,0,0,0,1
1354186,2,2024,2024,8,5,5,4,27,1,3,0,1,1,-34.883766,148.687391,82,2,1,0,3,0,0,0,2,0,7,80,1,4552,5151,8,5,40,1,0,0,1,0
1354187,1,2024,2024,8,5,4,2,31,139,34609,1,0,9,-33.835143,151.209605,49,0,2,1,3,0,0,0,2,0,15,40,0,941,941,1,5,27,2,0,0,0,1
1354190,4,2024,2024,7,2,5,9,27,65,42,0,1,1,-32.932189,151.781283,48,0,2,0,1,0,0,0,2,0,7,50,1,3775,3775,0,5,5,2,0,1,0,0
1354191,4,2024,2024,8,5,9,3,27,5,34609,0,1,1,-35.785989,146.512289,27,1,0,1,0,0,0,0,0,0,7,100,0,3775,3775,0,5,5,3,0,2,0,0
1354192,1,2024,2024,0,4,5,17,27,115,34609,0,1,1,-34.029204,151.072153,68,0,2,1,0,0,0,0,2,0,7,50,0,1981,1981,4,5,36,2,0,0,0,1
1354196,1,2024,2024,0,4,11,132,31,174,126,1,0,10,-33.889674,151.206082,69,0,2,1,2,0,3,4,0,2,7,50,2,1383,1383,1,22,5,2,0,0,0,1
1354198,2,2024,2024,8,6,5,4,31,70,34609,0,1,10,-34.851224,150.609454,63,2,1,1,1,0,0,0,2,0,15,50,0,6545,6545,4,5,12,2,0,0,1,0
1354204,1,2024,2024,6,0,11,81,31,133,80,0,1,7,-33.930833,151.011396,15,0,2,1,3,0,0,0,0,0,0,60,1,14295,14295,3,5,13,3,0,0,0,1
1354205,4,2024,2024,7,6,6,19,27,55,34609,0,1,1,-33.789527,150.887771,7,0,2,1,0,0,0,0,2,0,7,50,0,14295,14295,3,16,10,2,0,1,0,0
1354208,4,2024,2024,0,0,6,77,31,445,563,0,1,2,-33.871375,151.042265,21,0,2,1,2,0,3,4,2,0,7,70,2,9859,9859,8,0,40,1,0,1,0,0
1354211,4,2024,2024,6,6,8,29,27,17,34609,0,1,1,-28.241682,153.509387,72,2,1,0,3,0,0,0,2,0,7,60,0,4552,5151,8,5,40,1,0,1,0,0
1354212,4,2024,2024,7,4,10,19,27,182,174,0,1,1,-32.825768,151.353592,17,2,1,0,2,0,0,0,0,0,7,60,2,1850,1463,5,16,40,1,0,1,0,0
1354213,4,2024,2024,8,0,8,515,14,189,518,0,1,3,-33.943192,151.057232,15,0,2,1,1,0,3,4,3,0,7,100,2,14295,14295,3,0,5,3,0,1,0,0
1354214,2,2024,2024,0,6,5,7,31,105,34609,0,1,1,-32.599733,149.580932,44,2,1,1,1,0,0,0,2,0,7,50,0,9859,9859,1,0,36,2,0,0,2,0
1354217,1,2024,2024,6,2,2,3,1,387,34609,0,1,2,-33.933888,151.191845,4,0,2,0,0,0,0,0,0,0,7,50,0,2040,2040,9,5,28,2,0,0,0,1
1354224,2,2024,2024,8,4,4,1104,14,142,962,0,1,6,-33.827613,151.00069,54,0,2,1,1,0,0,0,2,0,7,90,2,14295,14295,3,5,5,2,0,0,2,0
1354228,4,2024,2024,0,6,10,9,27,2,34609,0,1,1,-28.604128,152.961134,51,1,0,1,0,0,0,0,0,0,7,100,0,4026,4026,8,10,40,1,0,1,0,0
1354231,2,2024,2024,8,4,6,49,31,134,34609,0,1,1,-33.520532,151.318896,16,2,2,1,1,0,0,0,2,0,7,50,0,1282,1282,1,16,40,1,0,0,1,0
1354232,1,2024,2024,6,0,8,5,1,80,34609,0,1,7,-33.813455,151.168899,38,0,2,0,3,0,3,4,4,0,0,40,0,14295,14295,3,30,0,3,0,0,0,1
1354235,1,2024,2024,8,1,8,21,10,89,34609,0,1,2,-28.224015,153.526515,72,2,1,1,2,0,0,0,3,0,0,50,0,14295,14295,3,10,5,2,0,0,0,1
1354242,2,2024,2024,8,1,4,32,27,78,28,0,1,7,-33.914772,150.786095,41,0,2,1,0,0,0,0,2,0,0,70,1,6545,6545,4,0,5,2,0,0,1,0
1354244,2,2024,2024,4,1,4,134,10,157,133,0,1,2,-33.79813,151.015044,54,0,2,0,0,0,3,4,2,0,7,90,2,14295,14295,3,5,5,2,0,0,1,0
1354246,1,2024,2024,7,1,7,95,31,346,59,0,1,1,-33.866855,151.061913,67,0,2,1,1,0,0,0,2,0,7,60,1,14295,14295,3,5,13,2,0,0,0,2
1354247,2,2024,2024,6,5,6,14,27,59,34609,0,1,1,-33.985187,150.856805,13,0,2,0,0,0,0,0,2,0,7,60,0,4552,5151,8,5,40,1,0,0,1,0
1354252,2,2024,2024,8,1,8,2209,17,40,2205,0,1,2,-34.978435,150.590548,63,2,1,1,0,0,0,0,0,0,7,80,2,9859,9859,8,0,40,1,0,0,1,0
1354253,4,2024,2024,8,6,1,177,31,174,208,0,1,1,-33.860592,150.928092,24,0,2,1,3,0,0,0,0,0,7,60,1,945,945,5,8,40,1,0,1,0,0
1354260,4,2024,2024,8,3,8,103,27,35,256,0,1,1,-34.114749,150.79761,13,0,2,1,0,0,0,0,3,0,7,70,2,14295,14295,3,16,5,2,0,1,0,0
1354262,4,2024,2024,4,1,2,41,27,55,34609,0,1,2,-33.377944,151.461703,16,2,2,1,2,0,3,4,0,0,7,50,0,9859,9859,8,0,40,1,0,1,0,0
1354263,2,2024,2024,6,4,7,2209,17,67,2205,0,1,2,-34.432418,150.865104,80,0,2,1,0,0,3,4,2,0,7,60,2,14295,14295,3,16,0,2,0,0,1,0
1354268,2,2024,2024,8,5,7,205,27,50,415,0,1,9,-33.682983,151.26155,50,0,2,1,1,0,0,0,2,2,7,70,2,5929,5929,1,5,0,2,0,0,1,0
1354270,1,2024,2024,0,2,2,4,23,197,34609,0,1,9,-33.94672,151.084253,25,0,2,1,2,0,3,4,0,0,0,50,0,9859,9859,8,5,40,1,0,0,0,1
1354273,4,2024,2024,4,3,5,78,27,284,61,0,1,10,-33.897221,151.021361,15,0,2,1,0,0,0,0,2,2,7,60,1,6545,6545,4,0,5,2,0,1,0,0
1354274,1,2024,2024,6,2,6,91,27,119,187,0,1,9,-33.871537,151.171969,32,0,2,1,3,0,3,4,2,2,7,70,2,14295,14295,3,0,5,2,0,0,0,1
1354276,2,2024,2024,7,2,3,92,27,129,244,0,1,10,-33.899041,151.093237,9,0,2,1,2,0,3,0,0,2,7,60,2,3775,3775,0,5,5,3,0,0,1,1
1354278,4,2024,2024,7,0,9,193,18,30,34609,0,1,1,-34.861619,147.577551,51,2,1,0,1,0,0,0,3,0,7,50,0,2585,4009,8,10,40,1,0,1,0,0
1354283,2,2024,2024,0,0,5,330,27,53,605,0,1,10,-33.737388,151.302442,50,0,2,1,1,0,0,0,2,2,7,60,2,14295,14295,3,5,27,2,0,0,1,0
1354285,1,2024,2024,6,6,4,229,14,173,237,0,1,3,-33.780496,151.131731,61,0,2,1,3,0,0,0,2,0,7,100,2,4026,4026,8,5,40,1,0,0,0,1
1354286,2,2024,2024,8,4,8,2,36,86,34609,0,1,2,-33.704798,151.211656,50,0,2,0,2,0,0,0,3,0,7,50,0,238,238,9,5,28,2,0,0,1,0
1354289,2,2024,2024,8,0,10,2209,17,166,2205,0,1,1,-33.896788,151.179508,69,0,2,1,1,0,3,4,0,0,7,40,2,1220,1220,9,0,28,2,0,0,1,0
1354290,2,2024,2024,6,2,4,40,27,73,34609,1,0,1,-35.133582,147.376647,75,2,1,1,0,0,0,0,2,0,7,60,0,9859,9859,1,5,5,2,0,0,1,0
1354291,2,2024,2024,8,5,8,59,10,84,231,0,1,1,-33.474421,151.394453,16,2,2,0,2,0,0,0,0,0,7,60,2,1981,1981,4,16,0,2,0,0,1,0
1354293,2,2024,2024,6,0,7,15,31,35,31,0,1,1,-28.80793,153.262089,39,2,1,1,0,0,0,0,2,0,7,50,1,9859,9859,1,5,12,3,0,0,1,0
1354295,1,2024,2024,8,1,3,485,27,187,769,0,1,1,-33.788291,150.994991,54,0,2,0,2,0,3,4,0,0,7,60,2,14295,14295,3,10,25,4,0,0,0,1
1354296,2,2024,2024,0,3,7,2,27,115,34609,0,1,1,-33.757499,151.231943,50,0,2,1,1,0,0,0,2,0,7,50,0,9859,9859,1,0,36,2,0,0,2,0
1354299,1,2024,2024,6,4,0,2126,17,106,2149,0,1,2,-33.884828,151.190866,69,0,2,1,2,0,3,4,0,0,7,60,2,9859,9859,1,33,0,2,0,0,0,1
1354300,4,2024,2024,7,4,4,5,27,337,34609,0,1,10,-33.738359,150.998748,71,0,2,1,1,0,0,0,2,0,15,50,0,6545,6545,4,8,5,2,0,1,0,0
1354301,1,2024,2024,6,0,7,19,31,161,96,0,1,10,-33.8842,151.147612,32,0,2,1,3,0,0,3,2,2,7,50,2,6545,6545,4,0,5,2,0,0,0,1
1354306,2,2024,2024,3,2,3,25,1,79,34609,0,1,1,-33.971362,151.126901,25,0,2,1,0,0,0,3,2,0,7,50,0,9859,9859,1,5,5,4,0,0,1,1
1354307,2,2024,2024,7,0,11,4,36,3,18,0,1,1,-36.53544,148.695589,65,1,0,0,0,0,0,0,0,0,7,100,1,4552,5151,8,10,40,1,0,0,1,0
1354310,2,2024,2024,8,6,8,36,1,126,34609,0,1,1,-33.916667,150.799601,41,0,2,1,0,0,0,0,2,0,7,80,0,14295,14295,3,10,13,2,0,0,1,0
1354311,4,2024,2024,3,0,5,192,31,316,120,1,0,10,-33.911292,151.243377,59,0,2,1,1,0,0,3,2,0,0,50,2,186,186,9,5,28,3,0,1,1,1
1354314,4,2024,2024,4,5,7,3,27,6,13,0,1,1,-35.870592,146.670878,27,1,0,1,0,0,0,0,2,0,7,100,1,9859,9859,8,5,40,1,0,1,0,0
1354317,4,2024,2023,6,4,9,44,31,136,34609,1,0,1,-33.922559,151.077196,15,0,2,1,2,0,0,0,3,0,7,50,0,2040,2040,9,34,28,2,0,1,0,0
1354318,2,2024,2024,6,5,9,92,27,55,36,0,1,1,-35.719156,150.190294,23,2,1,1,2,0,0,0,3,0,7,60,1,1981,1981,4,5,5,2,0,0,1,0
1354319,4,2024,2024,4,6,11,169,10,5,34609,0,1,1,-28.957084,153.465673,2,2,1,0,2,0,0,0,0,0,7,50,0,1957,4009,8,0,40,1,0,1,0,0
1354320,2,2024,2024,6,4,9,55,10,96,47,0,1,2,-33.435335,151.400061,16,2,2,1,3,0,3,4,0,0,7,60,2,4552,5151,8,5,40,1,0,0,1,0
1354322,4,2024,2024,8,5,4,15,10,69,34609,0,1,10,-33.772915,150.967556,54,0,2,1,1,0,0,0,2,2,9,50,0,2040,2040,9,33,28,2,0,1,0,0
1354323,2,2024,2024,8,5,3,15,10,69,34609,0,1,7,-33.774365,150.971587,54,0,2,1,1,0,0,0,2,0,0,50,0,1109,397,1,5,5,2,0,0,1,0
1354325,4,2024,2024,8,6,4,3371,17,131,3342,0,1,2,-33.785804,151.178243,36,0,2,0,0,0,0,0,2,0,7,60,2,14295,14295,3,22,0,2,0,1,0,0
1354330,2,2024,2024,8,4,3,30,27,24,34609,0,1,1,-32.780046,151.424729,17,2,1,0,0,2,0,0,2,0,7,80,0,1957,4009,8,0,40,1,0,0,1,0
1354332,1,2024,2024,6,3,8,866,17,98,793,0,1,9,-33.740182,151.063994,31,0,2,1,3,0,0,0,4,2,7,70,2,14295,14295,3,5,5,2,0,0,0,1
1354333,2,2024,2024,0,1,9,105,27,67,109,0,1,9,-33.880289,150.890609,24,0,2,1,2,0,0,0,3,0,7,60,1,2852,2852,4,5,0,2,0,0,1,0
1354336,4,2024,2024,8,5,8,37,27,46,41,0,1,7,-28.820472,153.285499,39,2,1,1,2,0,0,0,3,0,0,50,1,2852,2852,4,0,19,2,0,1,0,1
1354337,4,2024,2024,8,2,11,2261,17,243,2252,0,1,9,-33.957835,150.887124,41,0,2,0,2,0,0,0,0,2,7,70,2,4552,5151,8,16,40,1,0,1,0,0
1354341,2,2024,2024,3,4,4,153,27,290,147,0,1,9,-33.949043,151.111687,4,0,2,1,0,0,0,0,2,0,7,60,2,5929,5929,1,5,0,2,0,0,1,0
1354347,4,2024,2024,7,2,8,5,27,194,34609,0,1,1,-30.489397,151.62781,1,1,0,0,0,0,0,0,2,0,7,100,0,1259,5151,8,5,40,1,0,1,0,0
1354350,2,2024,2024,4,5,6,162,31,65,148,0,1,1,-32.928298,151.770282,48,0,2,1,0,0,0,0,2,0,7,40,1,14295,14295,3,0,5,2,0,0,1,0
1354353,4,2024,2024,8,4,10,251,14,139,124,0,1,6,-33.840694,151.210978,49,0,2,1,0,0,0,0,0,0,7,50,2,4026,4026,8,16,40,1,0,1,0,0
1354356,4,2024,2024,6,2,6,119,31,73,207,0,1,10,-33.874537,151.218076,69,0,2,1,1,0,3,4,2,2,7,50,2,5929,5929,1,0,5,2,0,1,1,0
1354358,4,2024,2024,6,6,6,3,18,2,34609,0,1,1,-30.975796,148.242498,51,1,0,1,3,2,3,0,2,0,7,100,0,1945,1945,5,16,40,1,0,1,0,0
1354359,2,2024,2024,8,3,5,115,27,96,46,0,1,9,-34.226232,150.664147,79,2,2,1,0,0,3,4,2,0,0,80,2,515,515,1,10,5,2,0,0,1,0
1354361,2,2024,2024,6,4,8,82,31,363,369,0,1,9,-33.75793,150.711704,55,0,2,1,2,0,3,4,3,0,0,70,2,6545,6545,4,5,0,2,0,0,1,0
1354363,2,2024,2024,8,0,9,16,7,86,34609,0,1,1,-33.743348,150.918787,7,0,2,1,2,0,0,0,0,0,7,50,0,9859,9859,1,34,5,2,0,0,1,0
1354365,1,2024,2024,8,1,8,344,27,42,163,0,1,2,-33.740235,150.862709,7,0,2,1,1,0,0,0,2,0,7,70,2,14295,14295,3,0,5,2,0,0,0,1
1354368,4,2024,2024,8,6,6,78,31,41,41,0,1,10,-35.062733,148.100671,20,2,1,1,1,0,0,0,2,0,0,40,1,6545,6545,4,5,0,2,0,1,0,0
1354372,4,2024,2024,6,2,5,15,31,172,34609,0,1,10,-32.754455,151.592815,42,2,1,1,3,0,0,0,2,0,15,50,0,6545,6545,4,0,5,2,0,1,1,0
1354376,1,2024,2024,8,6,8,234,27,337,217,1,0,9,-33.738986,151.000516,71,0,2,1,2,0,0,0,2,2,7,60,2,14295,14295,3,5,0,2,0,0,0,1
1354379,1,2024,2024,8,4,7,42,27,128,231,0,1,1,-33.417598,151.322317,16,2,2,1,3,0,0,0,2,0,7,60,2,77,77,1,8,5,2,0,0,0,2
1354380,4,2024,2024,6,5,7,40,10,9,174,0,1,9,-32.793378,151.348968,17,2,1,1,0,0,0,0,2,0,7,80,2,2852,2852,4,5,19,2,0,1,0,0
1354390,4,2024,2024,8,4,9,1,27,140,34609,0,1,9,-33.904066,151.000503,15,0,2,1,2,0,0,0,0,2,9,50,0,1220,1220,9,5,28,2,0,1,0,0
1354396,4,2024,2024,6,5,5,2209,17,70,2205,1,0,2,-34.850325,150.596609,63,2,1,1,0,0,0,0,2,0,7,70,2,3775,3775,0,18,0,2,0,1,1,0
1354397,4,2024,2024,0,2,2,32,27,290,34609,0,1,9,-33.861429,150.975389,21,0,2,1,2,0,0,0,0,0,7,50,0,2852,2852,4,5,27,2,0,1,0,0
1354398,2,2024,2024,8,0,10,330,27,65,605,0,1,9,-33.705071,151.297292,50,0,2,1,2,0,0,0,0,2,7,70,2,5929,5929,1,5,22,2,0,0,1,0
1354400,1,2024,2024,6,1,11,3,27,105,34609,0,1,1,-32.714527,151.522346,42,2,1,1,2,0,0,0,0,0,7,50,0,220,220,1,5,5,2,0,0,0,1
1354409,2,2024,2024,3,4,3,1104,14,323,962,0,1,6,-33.799962,150.863885,7,0,2,1,0,0,0,0,2,0,7,100,2,14295,14295,3,5,5,3,0,0,1,0
1354410,2,2024,2024,0,3,6,2,27,2,34609,0,1,1,-32.103981,151.806362,43,1,0,0,0,2,2,6,2,0,7,100,0,4552,5151,8,16,40,1,0,0,1,0
1354412,2,2024,2024,8,4,5,59,31,67,34609,0,1,9,-34.423831,150.867875,80,0,2,1,1,0,0,0,2,0,15,50,0,926,926,4,10,27,2,0,0,1,0
1354413,2,2024,2024,6,0,8,48,31,278,34609,0,1,1,-33.786835,151.042404,54,0,2,1,3,0,3,4,2,0,7,50,0,1981,1981,4,0,5,2,0,0,1,1
1354414,2,2024,2024,8,4,5,2209,17,201,2205,0,1,9,-34.882936,150.603868,63,2,1,1,1,0,0,0,2,0,0,70,2,775,775,4,0,19,2,0,0,1,0
1354415,4,2024,2024,0,1,8,195,27,40,186,0,1,10,-33.943987,150.837252,41,0,2,1,0,0,0,0,2,2,7,70,2,5929,5929,1,5,22,2,0,1,0,0
1354418,4,2024,2024,4,6,7,7,27,70,34609,0,1,10,-32.910186,151.721322,48,0,2,1,0,0,0,0,2,0,15,50,0,6545,6545,4,5,19,2,0,1,0,0
1354420,4,2024,2024,8,0,6,2,27,4,34609,0,1,1,-30.814688,152.983478,34,2,1,1,0,0,0,0,2,0,7,80,0,4026,4026,8,0,40,1,0,1,0,0
1354425,4,2024,2024,6,5,8,485,27,323,769,0,1,9,-33.750006,150.985992,71,0,2,1,2,0,0,0,3,2,7,60,2,2852,2852,4,0,5,2,0,1,1,1
1354428,2,2024,2024,6,4,6,481,17,14,483,0,1,9,-30.58248,149.593081,51,1,0,1,3,0,0,0,2,0,7,110,2,9859,9859,8,10,40,1,0,0,1,0
1354430,2,2024,2024,8,1,3,916,17,19,917,0,1,1,-30.648377,151.4922,51,2,1,1,1,0,0,1,1,0,7,50,2,4026,4026,8,16,40,1,0,0,1,0
1354437,2,2024,2024,6,4,9,485,27,67,769,0,1,9,-33.660068,150.881367,71,0,2,1,2,0,3,4,0,2,7,80,2,14295,14295,3,10,5,2,0,0,1,0
1354438,4,2024,2024,7,0,9,1,7,23,34609,0,1,1,-33.728402,150.801376,7,0,2,0,1,0,0,0,3,0,7,50,0,3775,3775,0,16,25,2,0,1,0,0
1354442,2,2024,2024,6,3,8,4,27,2,34609,0,1,1,-28.345599,153.463102,72,1,0,0,0,0,0,0,3,0,7,100,0,3775,3775,0,16,13,2,0,0,1,0
1354446,4,2024,2024,3,5,6,280,10,162,240,0,1,2,-33.852005,150.878629,24,0,2,0,1,0,0,0,2,0,7,70,2,1957,4009,8,16,40,1,0,1,0,0
1354447,2,2024,2024,0,5,4,19,27,29,34609,1,0,1,-32.880607,151.695922,48,0,2,1,1,0,0,0,2,0,7,50,0,1981,1981,4,5,5,3,0,0,1,0
1354449,1,2024,2024,8,0,8,916,17,5,917,0,1,9,-30.244047,151.669743,1,2,1,1,3,0,3,3,3,0,0,70,2,14295,14295,3,0,0,2,0,0,0,1
1354451,4,2024,2024,6,2,7,191,27,175,208,0,1,10,-33.773866,151.083113,54,0,2,1,3,0,3,4,2,2,7,60,2,5929,5929,1,0,5,2,0,1,0,0
1354453,2,2024,2024,6,3,5,10,27,3,11,0,1,1,-32.408329,148.960311,22,1,0,0,0,0,0,3,2,0,7,100,1,418,714,5,5,40,1,0,0,1,0
1354460,2,2024,2024,8,3,6,22,31,337,34609,0,1,2,-33.731501,151.004719,71,0,2,1,1,0,0,6,2,0,9,50,0,238,238,9,0,28,2,0,0,1,0
1354462,2,2024,2024,8,2,8,39,27,284,563,0,1,9,-33.897042,151.037564,15,0,2,1,0,0,0,0,3,1,7,70,2,5929,5929,1,5,13,2,0,0,1,0
1354464,4,2024,2024,6,3,6,334,17,31,308,0,1,9,-31.080469,150.853195,70,1,0,1,0,0,0,0,2,0,0,100,2,5929,5929,1,5,2,2,0,1,0,0
1354466,2,2024,2024,6,4,11,22,27,6,26,0,1,1,-29.491348,151.112351,33,1,0,1,0,0,0,0,0,0,7,100,1,1089,1089,7,0,40,1,0,0,1,0
1354468,2,2024,2024,8,0,8,178,27,189,101,0,1,9,-33.942322,151.054122,15,0,2,0,1,0,0,0,2,2,7,50,1,5929,5929,1,0,36,2,0,0,1,1
1354470,2,2024,2024,0,4,3,512,17,6,441,0,1,10,-31.83855,147.71904,51,2,1,1,0,0,0,0,2,0,0,60,2,6545,6545,4,10,10,2,0,0,1,0
1354471,4,2024,2024,4,3,7,15,27,9,34609,0,1,1,-29.80751,150.91934,33,1,0,0,0,0,0,0,2,0,7,100,0,2585,4009,8,16,40,1,0,1,0,0
1354472,2,2024,2024,8,5,3,387,27,290,331,0,1,1,-33.956093,151.118461,4,0,2,1,1,0,0,0,2,0,7,60,2,4026,4026,8,8,40,1,0,0,1,0
1354473,4,2024,2024,0,3,9,4,31,204,34609,0,1,9,-33.939104,151.137065,4,0,2,1,2,0,0,0,3,0,15,60,0,1669,1669,3,0,18,2,0,1,0,0
1354480,4,2024,2024,8,2,6,829,27,125,770,0,1,2,-33.822685,151.12195,61,0,2,1,0,0,0,0,2,0,7,60,2,1945,1945,5,16,40,1,0,1,0,0
1354481,4,2024,2024,8,2,11,30,31,283,34609,0,1,1,-33.836664,151.011528,21,0,2,1,2,0,0,0,0,0,7,50,0,312,312,2,0,40,1,0,1,0,0
1354482,2,2024,2024,8,6,8,93,1,154,220,0,1,9,-33.717779,150.954659,71,0,2,0,3,0,0,0,0,0,7,40,2,926,926,4,5,5,2,0,0,1,0
1354483,4,2024,2024,7,1,5,21,27,79,34609,0,1,9,-33.55419,150.726498,29,2,2,1,1,0,0,0,2,0,0,80,0,2852,2852,4,0,27,2,0,1,0,0
1354484,4,2024,2024,7,0,7,1104,14,247,962,0,1,3,-33.814647,150.957691,21,0,2,1,1,0,0,0,2,0,7,90,2,9859,9859,8,8,40,2,0,1,0,0
1354485,2,2024,2024,8,5,7,20,27,103,45,0,1,1,-34.32525,148.4572,30,1,0,0,0,0,0,0,2,0,7,100,1,1259,5151,8,0,40,1,0,0,1,0
1354486,4,2024,2024,4,0,0,32,27,42,27,0,1,1,-33.670511,151.234432,50,0,2,0,0,0,0,0,0,0,7,60,2,3775,3775,0,16,5,2,0,1,1,0
1354488,4,2024,2024,4,2,5,478,17,69,480,0,1,9,-33.361409,151.481881,16,2,2,1,1,0,0,0,2,2,7,50,2,5929,5929,1,0,19,2,0,1,0,0
1354489,2,2024,2024,7,2,6,15,10,132,34609,0,1,1,-34.10248,151.094246,68,0,2,0,0,0,0,0,2,0,7,80,0,4552,5151,8,30,40,1,0,0,1,0
1354495,2,2024,2024,6,5,8,3371,17,463,3342,0,1,9,-30.29269,153.117221,19,2,1,1,2,0,0,0,2,2,7,60,2,5929,5929,1,10,5,2,0,0,1,1
1354496,2,2024,2024,6,2,5,916,17,25,917,0,1,1,-30.930578,151.121388,70,1,0,0,0,0,3,4,2,0,7,100,2,3775,3775,0,5,0,3,0,0,3,0
1354499,4,2024,2024,7,1,5,2261,17,10,2252,0,1,3,-34.421833,150.477785,78,1,0,1,0,0,0,0,2,0,7,110,2,14295,14295,3,29,5,3,0,2,2,0
1354501,4,2024,2024,0,6,11,10,31,460,34609,0,1,7,-33.825884,150.97958,21,0,2,1,1,0,0,0,0,0,0,50,0,1282,1282,1,22,40,2,0,1,0,0
1354505,4,2024,2024,0,4,9,42,31,53,34609,0,1,7,-31.093287,150.93233,70,2,1,1,2,0,0,0,3,0,0,40,0,1945,1945,5,16,40,1,0,1,0,0
1354506,2,2024,2024,0,1,7,2126,17,171,2149,0,1,2,-33.814309,150.964314,21,0,2,1,0,0,0,0,2,0,7,80,2,1383,1383,1,8,5,2,0,0,1,0
1354507,4,2024,2024,7,6,9,153,27,290,147,0,1,1,-33.949952,151.125126,4,0,2,1,0,0,0,0,2,0,7,60,2,14295,14295,3,16,5,2,0,1,0,0
1354513,4,2024,2024,8,4,10,153,27,188,147,1,0,1,-33.95016,151.098798,25,0,2,1,2,0,3,4,0,0,7,60,2,1945,1945,5,16,40,1,0,1,0,0
1354514,4,2024,2024,8,3,6,33,31,323,20,0,1,7,-33.763721,150.997953,71,0,2,1,1,0,0,0,2,0,7,50,1,3775,3775,0,5,5,2,0,2,2,0
1354516,2,2024,2024,8,4,9,27,27,27,49,1,0,9,-33.76306,151.279927,50,0,2,1,2,0,0,0,0,2,7,60,1,5929,5929,1,0,19,2,0,0,1,0
1354518,4,2024,2024,3,6,5,28,27,38,28,0,1,1,-32.750112,151.869084,57,2,1,1,0,0,0,0,2,0,7,80,1,1669,1669,3,5,0,2,0,2,0,0
1354519,2,2024,2024,0,5,0,2261,17,34,2252,0,1,2,-34.788102,149.644379,26,1,0,1,0,0,0,0,0,0,7,110,2,4026,4026,8,5,40,1,0,0,1,0
1354523,2,2024,2024,8,1,0,55,36,22,35,0,1,1,-32.842817,149.971646,44,1,0,1,0,0,0,0,0,0,7,100,1,1669,1669,3,5,5,3,0,0,1,0
1354527,1,2024,2024,8,4,8,4,27,26,34609,0,1,7,-34.577894,150.850974,62,0,2,1,3,0,0,0,3,0,0,60,0,14295,14295,3,0,5,2,0,0,0,1
1354528,4,2024,2024,6,0,6,361,32,460,42,1,0,9,-33.840707,150.990813,21,0,2,0,1,0,0,3,2,0,7,50,1,1220,1220,9,5,28,2,0,1,0,0
1354529,2,2024,2024,6,3,10,475,10,83,268,0,1,10,-33.883517,150.864722,24,0,2,1,2,0,0,0,0,2,7,70,2,5929,5929,1,0,5,2,0,0,2,1
1354533,2,2024,2024,6,6,1,5,31,8,169,0,1,9,-32.827917,151.490663,17,2,1,1,2,0,0,0,0,0,7,60,2,4026,4026,8,0,40,1,0,0,1,0
1354534,4,2024,2024,8,5,5,47,27,104,34609,0,1,10,-32.916963,151.711536,48,0,2,1,1,0,0,0,2,2,7,50,0,5929,5929,1,5,27,2,0,1,0,0
1354536,2,2024,2024,4,3,10,1,27,6,34609,0,1,1,-34.703844,149.447728,74,1,0,1,0,0,0,0,0,0,7,100,0,9859,9859,8,10,40,1,0,0,1,0
1354537,4,2024,2024,3,2,7,104,27,137,140,0,1,9,-33.922023,151.200368,69,0,2,1,2,0,0,0,2,0,0,60,2,5929,5929,1,5,36,2,0,1,0,0
1354538,2,2024,2024,0,5,10,225,27,304,140,0,1,10,-33.91055,151.156395,32,0,2,1,2,0,0,0,0,2,7,40,1,1220,1220,9,19,28,2,0,0,1,0
1354539,4,2024,2024,0,3,10,2,27,1,34609,0,1,1,-34.527062,146.690408,51,1,0,1,0,0,0,0,0,0,7,100,0,1089,1089,7,10,40,1,0,2,1,0
1354541,4,2024,2024,8,0,11,57,31,77,321,0,1,1,-33.887527,151.201565,69,0,2,1,3,0,2,6,0,0,7,50,2,2040,2040,9,5,28,2,0,1,0,0
1354543,4,2024,2024,0,3,6,71,17,61,71,0,1,9,-35.526728,144.974277,51,2,1,1,0,0,0,0,2,0,7,50,2,9859,9859,1,10,13,2,0,1,0,0
1354547,1,2024,2024,8,5,7,34,27,225,69,0,1,9,-33.79574,151.176757,77,0,2,0,3,0,0,0,2,0,0,50,2,5929,5929,1,5,36,2,0,0,0,1
1354549,2,2024,2024,0,1,3,87,31,130,34609,0,1,9,-34.452659,150.844652,80,0,2,1,1,0,0,0,2,0,7,50,0,1945,1945,5,22,40,1,0,0,1,0