Crash ID,Degree of crash - detailed,Reporting year,Year of crash,Month of crash,Day of week of crash,Two-hour intervals,Street of crash,Street type,Town,Route no.,School zone location,School zone active,Type of location,Latitude,Longitude,LGA,Urbanisation,Conurbation 1,Alignment,Street lighting,Road surface,Surface condition,Weather,Natural lighting,Signals operation,Other traffic control,Speed limit,Road classification,RUM - code,DCA - code,First impact type,Key TU type,Other TU type,No. of traffic units involved,No. killed,No. seriously injured,No. moderately injured,No. minor-other injured
1354551,1,2024,2024,8,4,6,19,27,182,174,0,1,1,-32.825134,151.353176,17,2,1,1,3,0,0,0,2,0,7,60,2,1669,1669,3,9,5,2,0,0,0,1
1354553,4,2024,2024,0,1,7,294,17,4,288,0,1,1,-35.005956,146.834008,75,1,0,1,0,0,0,0,2,0,7,100,2,945,945,5,16,40,1,0,1,0,0
1354557,1,2024,2024,6,4,4,154,27,293,244,0,1,1,-33.925078,151.055548,15,0,2,1,3,0,0,0,2,0,7,60,2,14295,14295,3,10,5,3,0,0,0,1
1354560,1,2024,2024,6,0,6,72,31,44,62,0,1,1,-33.946285,151.15028,4,0,2,1,1,0,0,0,2,0,7,60,1,14295,14295,3,5,0,2,0,0,0,1
1354563,2,2024,2024,0,1,6,1,27,10,34609,0,1,1,-31.04343,152.962492,34,2,1,0,3,0,0,0,2,0,7,80,0,2585,4009,8,0,40,1,0,0,1,0
1354567,2,2024,2024,6,1,9,478,17,26,480,0,1,9,-33.275334,151.558255,16,2,2,1,3,0,0,0,0,0,15,60,2,2852,2852,4,5,5,2,0,0,2,0
1354570,2,2024,2024,6,3,7,1052,14,58,928,0,1,3,-33.230487,151.420669,16,1,2,1,3,0,0,0,2,0,7,110,2,1282,1282,1,21,5,2,0,0,1,0
1354571,2,2024,2024,8,5,2,2,27,234,34609,0,1,10,-34.301594,146.038548,28,2,1,1,3,0,0,0,1,0,15,80,0,6545,6545,4,0,5,2,0,0,1,0
1354572,1,2024,2024,6,2,2,1104,14,223,962,0,1,3,-33.805686,150.917033,7,0,2,1,3,0,3,4,0,0,7,100,2,1391,1391,1,0,5,2,0,0,0,1
1354574,1,2024,2024,6,1,5,1,31,15,49,0,1,9,-33.783259,151.285591,50,0,2,0,3,0,0,0,2,0,0,50,1,150,150,4,16,5,2,0,0,0,1
1354576,2,2024,2024,6,6,3,224,31,150,34609,0,1,9,-33.923473,151.234797,59,0,2,1,3,0,0,0,1,0,7,50,0,2852,2852,4,5,27,2,0,0,1,0
1354578,1,2024,2024,8,0,4,2261,17,646,2252,1,0,10,-33.906521,151.036004,15,0,2,1,3,0,0,0,2,2,7,60,2,14295,14295,3,5,5,2,0,0,0,1
1354580,1,2024,2024,6,1,3,7,23,24,34609,0,1,1,-33.709424,151.103978,31,0,2,1,3,0,0,0,2,0,7,40,0,14295,14295,3,5,5,2,0,0,0,1
1354584,1,2024,2024,8,2,8,26,31,283,34609,0,1,7,-33.84632,151.011363,21,0,2,1,0,0,0,0,3,0,0,50,0,623,623,3,0,5,2,0,0,0,1
1354588,2,2024,2024,7,3,4,2209,17,33,2205,0,1,2,-34.716414,150.832361,35,1,0,1,0,0,3,4,2,0,7,100,2,9859,9859,8,5,40,1,0,0,1,0
1354592,1,2024,2024,6,0,8,72,14,252,71,0,1,3,-33.887979,151.217737,69,0,2,1,3,0,3,4,2,0,7,80,2,14295,14295,3,5,5,2,0,0,0,1
1354597,1,2024,2024,8,2,9,387,27,290,331,0,1,9,-33.945714,151.128092,4,0,2,1,3,0,3,3,0,0,7,60,2,1391,1391,1,0,5,2,0,0,0,1
1354598,1,2024,2024,6,4,11,346,17,12,332,0,1,1,-28.855656,152.793273,51,1,0,1,3,0,0,0,0,0,7,100,2,1945,1945,5,5,40,1,0,0,0,1
1354601,1,2024,2024,6,3,6,17,31,112,34609,0,1,9,-33.448141,151.4463,16,2,2,1,3,0,0,0,2,0,7,40,0,1669,1669,3,10,5,2,0,0,0,1
1354603,1,2024,2024,6,6,7,4,31,90,34609,0,1,1,-33.716568,150.309377,8,2,2,1,3,0,0,0,2,0,7,50,0,14295,14295,3,0,5,2,0,0,0,1
1354604,1,2024,2024,6,3,5,104,27,150,140,0,1,10,-33.925086,151.226605,59,0,2,1,3,0,0,0,2,2,7,60,2,6545,6545,4,5,13,2,0,0,0,1
1354609,2,2024,2024,6,5,8,515,14,42,198,0,1,3,-33.94212,150.942327,41,0,2,1,3,0,3,0,2,0,7,100,2,14295,14295,3,10,5,2,0,0,1,0
1354612,2,2024,2024,0,5,7,89,36,13,81,0,1,1,-34.186402,148.694085,30,1,0,1,3,0,0,3,2,0,7,100,2,3775,3775,0,0,32,5,0,0,1,0
1354613,1,2024,2024,8,3,7,45,31,204,331,0,1,9,-33.937697,151.152862,4,0,2,1,1,0,0,0,2,1,7,60,2,1669,1669,3,5,0,2,0,0,0,1
1354618,1,2024,2024,6,5,8,103,27,41,256,0,1,9,-34.09478,150.804849,13,0,2,1,3,0,0,0,2,2,7,80,2,2852,2852,4,5,36,2,0,0,0,1
1354622,1,2024,2024,6,4,8,134,10,69,133,0,1,9,-33.82398,151.021157,54,0,2,1,3,0,3,4,4,2,7,70,2,14295,14295,3,10,5,3,0,0,0,1
1354623,1,2024,2024,0,5,3,4,27,43,34609,0,1,1,-36.092458,144.730256,51,2,1,1,3,0,0,0,2,0,7,60,0,1945,1945,5,29,40,1,0,0,0,1
1354627,1,2024,2024,8,4,4,2261,17,443,2252,0,1,10,-33.901156,151.045414,15,0,2,1,3,0,0,0,2,2,7,70,2,14295,14295,3,5,10,2,0,0,0,1
1354629,1,2024,2024,8,1,3,49,31,104,34609,0,1,2,-33.837397,151.211556,49,0,2,1,3,0,0,0,2,0,7,50,0,14295,14295,3,10,0,3,0,0,0,1
1354630,1,2024,2024,6,2,8,3371,17,173,3342,1,0,10,-33.719583,151.115898,36,0,2,1,3,0,0,0,0,2,7,60,2,1669,1669,3,0,0,2,0,0,0,1
1354631,1,2024,2024,6,5,5,30,31,149,34609,0,1,7,-33.86076,151.16982,32,0,2,1,3,0,0,0,2,0,0,40,0,14295,14295,3,5,5,2,0,0,0,1
1354633,2,2024,2024,6,5,5,22,10,19,57,0,1,7,-28.825021,153.528494,2,2,1,1,3,0,0,0,2,0,0,60,1,4026,4026,8,0,40,1,0,0,1,0
1354636,2,2024,2024,3,3,3,224,27,102,321,0,1,1,-33.951037,151.198302,4,0,2,1,3,0,0,0,2,0,7,50,2,2040,2040,9,5,28,2,0,0,1,0
1354641,1,2024,2024,3,6,8,478,17,96,480,0,1,2,-33.434894,151.386939,16,2,2,1,3,0,3,4,2,0,7,60,2,14295,14295,3,5,5,2,0,0,0,1
1354642,2,2024,2024,6,2,8,1052,14,77,928,0,1,3,-33.538405,151.198811,16,1,2,1,0,0,0,0,0,0,7,110,2,4026,4026,8,5,40,1,0,0,1,0
1354645,4,2024,2024,6,2,4,232,36,109,331,0,1,10,-33.953261,150.856153,41,0,2,1,1,0,0,0,2,2,7,70,2,14295,14295,3,5,5,3,0,1,0,0
1354647,1,2024,2024,6,5,4,61,27,19,70,0,1,1,-33.671501,150.955928,71,0,2,1,3,0,0,0,2,0,7,70,1,14295,14295,3,5,5,2,0,0,0,1
1354648,2,2024,2024,6,3,9,916,17,32,917,0,1,1,-32.603558,151.200829,64,2,1,0,3,0,0,0,0,0,7,80,2,1089,1089,7,10,40,1,0,0,1,0
1354649,1,2024,2024,8,0,8,90,36,7,102,0,1,1,-34.598763,148.466248,30,1,0,0,3,0,0,0,2,0,7,100,2,3775,3775,0,29,35,2,0,0,0,1
1354650,1,2024,2024,6,5,7,1104,14,460,962,0,1,3,-33.819643,150.982508,21,0,2,1,3,0,0,0,2,0,7,90,2,14295,14295,3,19,0,2,0,0,0,4
1354654,1,2024,2024,6,2,7,387,36,86,69,0,1,2,-33.706963,151.215985,50,0,2,1,3,0,3,4,2,0,7,80,2,14295,14295,3,5,5,4,0,0,0,1
1354656,2,2024,2024,6,4,3,1104,14,223,962,0,1,3,-33.804041,150.905074,7,0,2,1,3,0,0,0,1,0,7,100,2,14295,14295,3,5,5,5,0,0,1,0
1354657,1,2024,2024,6,3,9,154,27,293,244,0,1,10,-33.923848,151.057308,15,0,2,1,3,0,3,0,0,2,7,60,2,1391,1391,1,5,5,2,0,0,0,1
1354664,1,2024,2024,6,6,3,104,27,137,140,0,1,9,-33.92271,151.205466,69,0,2,1,3,0,0,0,1,0,0,60,2,14295,14295,3,5,5,2,0,0,0,1
1354665,1,2024,2024,6,0,7,3371,17,143,3342,0,1,9,-33.702338,151.099295,31,0,2,1,3,0,3,4,2,2,7,60,2,4026,4026,8,9,40,2,0,0,0,1
1354672,2,2024,2023,6,6,4,8,27,1,4,0,1,1,-35.627331,144.510673,51,1,0,0,0,0,3,1,2,0,7,100,1,4552,5151,8,3,40,1,0,0,1,0
1354673,1,2024,2024,8,0,8,194,31,309,702,0,1,1,-33.819973,151.099294,61,0,2,1,3,0,0,0,3,0,7,70,2,1391,1391,1,0,0,2,0,0,0,2
1354674,1,2024,2024,8,6,8,475,10,78,268,0,1,1,-33.878085,150.782571,55,0,2,1,3,0,0,0,0,0,7,60,2,14295,14295,3,0,5,2,0,0,0,1
1354675,1,2024,2024,6,0,9,6,31,23,34609,0,1,10,-33.820388,150.994204,54,0,2,1,3,0,3,4,0,0,15,50,0,6545,6545,4,0,5,2,0,0,0,1
1354677,2,2024,2024,6,2,7,46,27,104,262,0,1,10,-32.915069,151.72572,48,0,2,1,3,0,3,4,2,2,7,60,2,14295,14295,3,10,0,2,0,0,1,0
1354680,1,2024,2024,6,3,6,18,36,73,34,0,1,1,-34.187803,150.594843,79,2,2,0,3,0,0,0,2,0,7,80,1,3775,3775,0,5,0,2,0,0,0,1
1354683,1,2024,2024,8,2,8,150,27,173,415,0,1,10,-33.785205,151.1285,61,0,2,1,3,0,0,0,3,2,7,70,2,14295,14295,3,10,5,4,0,0,0,1
1354684,2,2024,2024,8,5,5,265,17,7,193,0,1,7,-35.07026,147.380473,75,1,0,1,3,0,0,0,2,0,0,100,2,6545,6545,4,5,2,2,0,0,1,0
1354685,1,2024,2024,6,3,9,69,31,443,563,0,1,9,-33.904601,151.039105,15,0,2,1,3,0,0,0,3,2,7,70,2,14295,14295,3,5,5,3,0,0,0,1
1354686,2,2024,2024,6,6,8,500,27,80,160,0,1,7,-33.967262,150.900607,13,0,2,0,3,0,0,0,0,0,0,60,2,926,926,4,0,0,2,0,0,1,1
1354687,2,2024,2024,6,0,9,866,17,149,793,0,1,2,-33.82636,150.962516,21,0,2,0,0,0,0,0,0,0,7,70,2,623,623,3,5,0,2,0,0,1,0
1354692,2,2024,2024,6,6,8,92,31,316,34609,0,1,1,-33.915692,151.23172,59,0,2,1,3,0,0,0,2,0,7,40,0,5929,5929,1,5,27,2,0,0,1,0
1354697,1,2024,2024,6,1,11,7,27,53,12,0,1,1,-32.380886,148.229536,51,1,0,1,3,0,0,0,0,0,7,110,1,945,945,5,29,40,1,0,0,0,1
1354698,1,2024,2024,8,1,8,17,10,63,34609,0,1,9,-33.239965,151.501836,16,2,2,0,3,0,0,0,2,2,7,50,0,14295,14295,3,0,10,2,0,0,0,2
1354699,1,2024,2024,6,1,4,1,31,35,34609,0,1,9,-33.88473,150.900972,24,0,2,1,3,0,0,0,2,0,7,50,0,14295,14295,3,5,5,2,0,0,0,1
1354704,1,2024,2024,6,0,9,515,14,294,518,0,1,3,-33.940499,150.930408,41,0,2,1,3,0,3,3,0,0,7,100,2,14295,14295,3,5,5,3,0,0,0,1
1354706,4,2024,2024,8,4,9,158,27,68,207,0,1,1,-33.877552,151.243363,81,0,2,1,2,0,0,0,0,0,7,60,2,186,186,9,22,28,2,0,1,0,0
1354708,2,2024,2024,6,3,4,10,27,463,34609,0,1,10,-30.286148,153.13589,19,2,1,1,3,0,0,0,2,0,15,50,0,6545,6545,4,5,13,2,0,0,1,0
1354709,1,2024,2024,8,1,3,26,27,50,34609,0,1,1,-33.633501,150.854282,29,2,2,0,3,0,0,0,1,0,7,70,0,3775,3775,0,9,13,2,0,0,0,1
1354717,4,2024,2024,0,3,9,296,27,460,293,0,1,9,-33.838501,150.999892,21,0,2,1,3,0,0,0,0,2,7,70,2,623,623,3,30,5,2,0,1,0,0
1354719,2,2024,2024,6,0,6,73,27,113,16,0,1,1,-33.785154,150.750606,55,0,2,1,3,0,3,3,2,0,7,70,2,9859,9859,8,10,40,1,0,0,1,0
1354727,4,2024,2024,3,3,5,8,27,21,34609,0,1,1,-33.260902,151.393487,16,2,2,0,0,0,0,0,2,0,7,80,0,4552,5151,8,16,40,1,0,1,0,0
1354728,2,2024,2024,0,0,10,1,27,2,34609,0,1,9,-35.499113,145.345992,51,1,0,0,3,2,3,4,0,0,7,100,0,489,489,8,10,40,1,0,0,1,0
1354729,2,2024,2024,6,4,5,234,27,24,228,0,1,1,-33.388582,150.985334,31,0,2,0,3,0,0,0,2,0,7,60,2,1259,5151,8,8,40,1,0,0,1,0
1354734,2,2024,2024,0,5,8,15,31,147,34609,0,1,10,-33.868336,151.137299,14,0,2,1,1,0,3,4,3,0,15,50,0,6545,6545,4,0,5,2,0,0,2,0
1354735,2,2024,2024,3,3,6,2,31,228,34609,0,1,1,-34.746308,149.730479,26,2,1,1,1,0,0,0,2,0,7,50,0,1945,1945,5,22,40,1,0,0,1,0
1354737,2,2024,2024,8,6,9,515,14,294,518,0,1,3,-33.940501,150.930422,41,0,2,1,0,0,0,0,3,0,7,100,2,1192,1192,1,5,0,2,0,0,1,0
1354738,1,2024,2024,0,0,3,49,27,111,62,0,1,10,-33.701655,150.873382,7,0,2,1,1,0,3,4,1,2,7,70,2,14295,14295,3,5,5,2,0,0,0,1
1354741,2,2024,2024,0,6,10,5,27,16,34609,0,1,1,-29.873662,151.103322,33,1,0,1,0,2,0,0,0,0,7,100,0,945,945,5,10,40,1,0,0,2,0
1354743,4,2024,2024,6,2,5,1,34,34,34609,0,1,1,-32.720762,150.73989,64,1,0,1,0,2,3,0,2,0,7,100,0,1945,1945,5,16,40,1,0,1,0,0
1354745,2,2024,2024,3,2,8,6,31,189,34609,0,1,1,-33.952909,151.050415,25,0,2,1,1,0,0,0,2,0,15,50,0,1981,1981,4,5,5,2,0,0,1,0
1354746,4,2024,2024,0,0,5,8,27,13,34609,0,1,1,-33.546511,149.911858,40,1,0,0,0,0,0,0,2,0,7,100,0,273,957,5,11,40,1,0,1,0,0
1354747,2,2024,2024,0,3,1,4,31,76,34609,0,1,9,-33.917679,150.869696,41,0,2,0,2,0,0,0,0,0,7,50,0,4552,5151,1,0,13,4,0,0,1,0
1354748,2,2024,2024,4,0,7,10,27,49,34609,0,1,9,-34.045679,151.141982,68,0,2,1,1,0,0,0,2,0,7,50,0,2852,2852,4,5,19,2,0,0,1,0
1354749,1,2024,2024,6,2,10,3371,17,13,3342,0,1,2,-30.884473,152.933451,34,1,0,0,0,0,0,0,0,0,7,100,2,1957,4009,8,5,40,1,0,0,0,1
1354752,4,2024,2024,8,3,6,11,27,163,34609,0,1,9,-33.851613,151.108653,14,0,2,1,0,0,0,0,2,0,7,50,0,2852,2852,4,0,0,2,0,1,0,0
1354753,2,2024,2024,8,6,6,14,1,169,99,0,1,10,-33.900901,151.215126,69,0,2,1,2,0,0,0,2,2,9,50,2,2040,2040,9,10,28,2,0,0,1,0
1354761,2,2024,2023,9,3,1,34,27,8,83,0,1,1,-29.620821,153.015047,18,1,0,0,0,0,3,3,0,0,7,100,1,1850,1463,5,5,40,1,0,0,1,0
1354763,4,2024,2024,8,4,8,22,27,46,93,1,0,1,-33.786904,150.969514,54,0,2,1,1,0,0,0,0,0,7,60,1,1981,1981,4,0,5,2,0,1,0,0
1354766,4,2024,2023,2,5,6,1,18,68,34609,0,1,1,-33.705993,149.857035,51,2,1,1,0,0,0,0,2,0,7,50,0,220,220,8,5,40,1,0,1,0,0
1354767,2,2024,2024,6,0,9,7,31,112,34609,0,1,1,-33.614504,150.814454,29,2,2,1,2,0,3,0,0,0,7,50,0,1109,787,1,5,0,2,0,0,1,0
1354768,2,2024,2024,6,1,6,24,27,246,99,0,1,10,-33.907968,151.190181,69,0,2,1,1,0,0,0,2,2,9,50,2,2040,2040,9,29,28,2,0,0,1,0
1354776,2,2024,2024,6,4,5,60,27,101,262,0,1,2,-32.902777,151.624622,37,0,2,1,1,0,0,0,2,0,7,90,2,14295,14295,3,10,0,2,0,0,1,0
1354777,2,2024,2024,7,2,9,12,31,84,34609,0,1,10,-33.896405,151.272691,76,0,2,1,0,0,0,0,2,0,7,50,0,9859,9859,1,0,0,3,0,0,1,0
1354778,2,2024,2024,6,0,7,7,16,154,34609,1,0,1,-33.71189,150.975153,71,0,2,1,1,0,0,0,2,0,7,50,0,186,186,9,5,28,2,0,0,1,0
1354782,2,2024,2024,6,2,10,33,31,33,34609,0,1,9,-35.129422,147.326678,75,2,1,1,2,0,0,0,0,0,7,50,0,2585,777,8,5,40,1,0,0,3,0
1354783,2,2024,2024,3,5,7,2209,17,176,2205,1,2,9,-33.964328,151.13722,4,0,2,1,1,0,0,0,2,2,7,40,2,1259,985,8,16,40,1,0,0,1,0
1354785,4,2024,2024,8,0,7,1,27,4,34609,0,1,1,-30.265615,147.605276,51,1,0,1,0,2,2,6,2,0,7,100,0,945,945,5,16,40,1,0,1,0,0
1354786,2,2024,2024,6,6,9,17,31,204,34609,0,1,9,-33.885219,151.128829,32,0,2,1,0,0,0,0,0,0,7,50,0,4552,985,1,5,0,3,0,0,1,0
1354787,2,2024,2024,0,4,9,57,1,193,145,0,1,6,-33.791065,151.087094,61,0,2,0,2,0,0,0,0,2,9,60,2,1220,1220,9,5,28,2,0,0,1,0
1354789,2,2024,2024,6,1,7,63,17,207,63,0,1,10,-31.956759,141.470565,51,2,1,1,0,0,0,0,2,0,0,50,2,6545,6545,4,30,5,2,0,0,1,0
1354790,2,2024,2024,6,1,6,348,17,35,232,0,1,1,-29.682564,148.098364,51,1,0,1,1,0,0,0,2,0,7,110,2,1945,1945,5,0,40,1,0,0,2,0
1354795,4,2024,2024,7,1,6,5,31,25,34609,0,1,1,-33.867335,151.225354,69,0,2,1,1,0,0,0,2,0,7,40,0,1109,397,1,0,18,2,0,1,0,0
1354796,2,2024,2024,6,2,11,196,10,45,168,0,1,1,-33.896703,150.972745,15,0,2,1,0,0,0,0,0,0,7,70,2,9859,9859,8,0,40,1,0,0,1,0
1354797,2,2024,2024,6,6,8,515,14,189,518,0,1,3,-33.942706,151.053353,15,0,2,1,2,0,0,0,2,0,7,100,2,14295,14295,3,5,36,4,0,0,1,0
1354798,2,2024,2024,8,0,5,53,31,67,125,0,1,10,-33.883708,151.006723,15,0,2,1,1,0,0,0,2,2,9,60,1,2040,2040,9,10,28,2,0,0,2,0
1354801,4,2024,2024,8,4,4,10,31,445,34609,0,1,9,-33.850601,151.051484,21,0,2,1,1,0,0,0,2,0,7,50,0,5929,5929,1,0,0,2,0,1,1,0
1354805,2,2024,2024,6,0,9,165,31,128,369,0,1,1,-33.627129,150.796584,29,2,2,1,2,0,3,4,0,0,7,60,2,14295,14295,3,10,0,2,0,0,1,0
1354806,4,2024,2024,8,2,6,177,22,210,176,0,1,10,-34.033279,151.09247,68,0,2,1,1,0,3,4,2,2,7,60,2,5929,5929,1,0,0,2,0,1,1,0
1354807,2,2024,2024,6,1,5,37,27,3,48,0,1,1,-32.42156,151.74192,51,1,0,0,0,0,0,0,2,0,7,100,1,4552,5151,8,0,40,1,0,0,2,0
1354808,2,2024,2024,3,2,9,34,1,18,34609,0,1,1,-32.902943,151.710924,48,0,2,1,0,0,0,0,2,0,7,50,0,5929,5929,1,10,19,3,0,0,1,0
1354812,4,2024,2024,8,3,5,48,31,194,34609,0,1,10,-30.521911,151.668998,1,2,1,1,1,0,0,0,2,0,15,50,0,6545,6545,4,5,13,2,0,1,0,0
1354817,2,2024,2024,0,2,7,12,31,87,72,0,1,1,-28.808046,153.28194,39,2,1,1,1,0,0,0,2,0,7,60,2,14295,14295,3,10,5,2,0,0,1,0
1354818,2,2024,2024,6,1,3,294,17,17,288,0,1,1,-35.162239,147.557935,75,1,0,0,0,0,0,0,2,0,7,100,2,1957,4009,8,10,40,1,0,0,1,0
1354820,4,2024,2024,3,6,2,9,1,202,11,0,1,1,-33.951489,151.024976,15,0,2,0,2,0,0,0,1,0,7,60,1,2585,4009,1,5,5,2,0,1,1,0
1354830,2,2024,2024,8,2,9,35,31,90,262,0,1,10,-32.919682,151.747786,48,0,2,1,2,0,3,4,0,2,7,60,2,395,395,1,5,0,2,0,0,1,0
1354832,4,2024,2024,8,3,5,38,27,85,35,0,1,1,-34.595529,150.783786,62,0,2,0,0,0,0,0,2,0,7,70,1,1850,1463,5,22,40,1,0,1,0,0
1354840,4,2024,2024,0,0,6,38,27,37,47,0,1,1,-34.654609,150.816887,35,2,1,0,0,0,0,0,2,0,7,80,1,2585,4009,8,16,40,1,0,1,0,0
1354843,2,2024,2024,6,4,9,16,31,387,13,0,1,10,-33.930317,151.200006,4,0,2,1,2,0,0,0,0,2,7,50,1,14295,14295,3,0,0,2,0,0,1,0
1354845,1,2024,2024,0,6,11,5,31,131,34609,0,1,2,-36.074774,146.921521,0,2,1,1,2,0,0,0,0,0,7,50,0,1945,1945,5,17,40,1,0,0,0,1
1354848,4,2024,2024,3,3,4,7,27,433,34609,0,1,1,-33.30597,149.153952,52,2,1,0,0,0,0,0,2,0,7,80,0,2585,4009,8,16,40,1,0,1,0,0
1354849,2,2024,2024,6,6,3,44,31,7,34609,0,1,1,-33.011705,151.54042,37,0,2,1,0,0,0,0,2,0,7,50,0,1945,1945,5,8,40,1,0,0,1,0
1354853,2,2024,2024,3,1,7,27,27,27,31,0,1,9,-33.763958,151.282792,50,0,2,1,0,0,0,0,2,0,0,40,1,1383,1383,1,22,13,2,0,0,1,0
1354854,2,2024,2024,0,1,8,8,31,86,34609,0,1,1,-33.739324,151.211796,50,0,2,0,0,0,0,0,2,0,7,50,0,4552,5151,1,5,36,2,0,0,1,0
1354856,4,2024,2024,0,0,3,866,17,98,793,0,1,2,-33.756408,151.048552,31,0,2,1,1,0,0,0,2,0,7,70,2,1282,1282,1,16,5,2,0,1,0,0
1354857,2,2024,2024,8,3,8,17,27,11,34609,0,1,1,-32.747122,148.606439,11,1,0,1,0,0,0,0,2,0,7,100,0,945,945,5,5,40,1,0,0,1,0
1354858,4,2024,2024,7,0,8,48,31,53,34609,0,1,1,-30.641155,152.997174,47,2,1,0,0,0,0,0,2,0,7,50,0,2040,2040,9,30,28,2,0,1,0,0
1354859,2,2024,2024,8,4,8,2209,17,273,2205,0,1,9,-34.425908,150.881815,80,0,2,1,1,0,0,0,3,2,7,50,2,14295,14295,3,5,0,2,0,0,1,0
1354860,4,2024,2024,6,2,5,20,27,132,148,0,1,1,-34.073874,151.055387,68,0,2,0,0,0,3,4,2,0,7,50,2,2585,4009,8,22,40,1,0,1,0,0
1354861,2,2024,2024,6,1,4,346,17,35,332,0,1,7,-28.81263,153.266981,39,2,1,1,1,0,0,0,2,0,0,60,2,926,926,4,16,5,2,0,0,1,0
1354863,4,2024,2024,0,0,8,3,27,164,34609,0,1,1,-33.722503,150.904867,7,0,2,0,1,0,0,0,3,0,7,50,0,5929,5929,1,5,19,2,0,1,0,0
1354868,4,2024,2024,6,1,8,195,27,53,186,0,1,10,-33.929118,150.846943,41,0,2,1,1,0,0,0,2,2,7,70,2,2852,2852,4,5,5,2,0,1,1,0
1354870,2,2024,2024,0,3,9,7,27,5,34609,0,1,1,-28.802097,153.067157,60,2,1,1,0,0,3,0,0,0,7,80,0,9859,9859,8,5,40,1,0,0,1,0
1354871,2,2024,2024,6,4,0,5,27,10,34609,0,1,1,-32.993743,151.583217,37,0,2,0,2,0,0,0,0,0,7,60,0,4552,5151,8,5,40,1,0,0,1,0
1354872,2,2024,2024,6,2,5,24,27,19,8,0,1,9,-28.890586,153.285648,39,2,1,0,0,0,0,3,2,0,0,80,1,256,256,4,0,41,2,0,0,1,0
1354873,1,2024,2024,3,5,8,500,27,293,799,1,0,9,-33.931813,151.05624,15,0,2,1,1,0,3,4,2,2,7,60,2,14295,14295,3,9,0,2,0,0,0,1
1354880,1,2024,2024,8,5,8,3,27,1,34609,0,1,1,-35.902401,146.731088,27,1,0,1,0,0,0,6,0,0,7,100,0,9859,9859,8,0,40,1,0,0,0,1
1354881,2,2024,2024,8,6,5,149,27,4,198,0,1,1,-33.971166,150.97958,41,0,2,1,0,0,0,0,2,0,7,80,2,57,57,1,5,5,3,0,0,2,1
1354886,2,2024,2024,3,5,3,265,17,103,193,0,1,1,-34.378467,148.259599,30,1,0,0,0,0,3,4,1,0,7,100,2,1259,5151,8,10,40,1,0,0,1,0
1354889,2,2024,2024,8,2,11,133,31,8,80,0,1,1,-32.987738,151.714423,37,0,2,0,0,0,3,4,0,0,7,60,1,2585,4009,1,33,41,3,0,0,1,0
1354890,4,2024,2024,6,0,10,117,1,176,35,0,1,1,-33.964929,151.141432,4,0,2,1,2,0,3,0,0,0,7,60,2,1669,1669,3,16,5,2,0,1,0,0
1354891,2,2024,2024,8,4,7,23,27,37,47,0,1,1,-34.668154,150.712237,35,2,1,0,0,0,0,0,2,0,7,60,1,4552,5151,8,16,40,1,0,0,1,0
1354892,4,2024,2024,0,3,6,1052,14,160,928,0,1,3,-33.121067,151.467147,37,0,2,1,0,0,0,0,2,0,7,110,2,14295,14295,3,16,0,2,0,1,0,0
1354893,4,2024,2024,0,0,3,17,31,176,33,0,1,7,-33.960917,151.130137,4,0,2,1,1,0,0,0,2,0,0,50,1,6545,6545,4,10,5,2,0,1,0,0
1354894,2,2024,2024,7,4,4,515,14,109,518,0,1,3,-33.961263,150.875642,41,0,2,1,0,0,0,0,2,0,7,100,2,14295,14295,3,16,13,2,0,0,1,0
1354897,2,2024,2024,7,4,11,3371,17,53,3342,0,1,1,-33.68525,151.109992,31,0,2,0,2,0,0,0,0,0,7,60,2,1850,1463,5,16,40,1,0,0,1,0
1354904,2,2024,2024,3,1,9,6,27,10,26,0,1,1,-29.309588,151.104166,33,1,0,0,0,0,0,0,2,0,7,100,1,418,714,5,9,40,1,0,0,2,0
1354905,1,2024,2024,6,2,4,57,31,532,30,0,1,10,-33.878094,151.207429,69,0,2,1,1,0,3,4,2,2,7,40,1,1282,1282,1,5,5,2,0,0,0,1
1354907,4,2024,2024,6,0,4,512,17,19,441,0,1,1,-32.416429,148.84573,22,1,0,0,0,0,3,4,2,0,7,90,2,380,714,5,16,40,1,0,1,0,0
1354911,4,2024,2024,6,1,5,12,27,173,10,0,1,2,-33.778841,151.116465,61,0,2,1,1,0,0,0,2,0,7,50,1,515,515,1,0,18,2,0,1,0,0
1354912,2,2024,2024,7,4,8,154,27,55,244,0,1,1,-33.903797,151.081477,67,0,2,1,0,0,0,0,3,0,7,60,2,14295,14295,3,5,5,2,0,0,1,0
1354914,4,2024,2024,7,1,4,11,27,4,34609,0,1,10,-34.18063,146.047902,28,2,1,0,0,0,0,0,2,0,7,80,0,782,957,5,29,40,1,0,1,0,0
1354915,4,2024,2024,0,1,3,79,27,145,159,0,1,10,-33.92773,151.108917,15,0,2,1,1,0,0,0,2,2,7,60,2,1220,1220,9,5,28,2,0,1,0,0
1354921,4,2024,2024,6,1,6,330,23,293,112,0,1,2,-33.947524,151.240469,59,0,2,1,0,0,0,0,2,0,7,60,2,9859,9859,1,5,5,2,0,2,0,0
1354922,2,2024,2024,8,2,5,85,31,219,34609,0,1,7,-32.904096,151.66736,48,0,2,1,0,0,0,3,2,0,0,60,0,395,395,1,0,27,2,0,0,1,0
1354923,4,2024,2024,3,4,5,193,31,532,34,0,1,1,-33.873069,151.207438,69,0,2,1,1,0,0,0,2,0,7,40,1,368,368,9,10,28,2,0,1,0,0