Crash ID,Degree of crash - detailed,Reporting year,Year of crash,Month of crash,Day of week of crash,Two-hour intervals,Street of crash,Street type,Town,Route no.,School zone location,School zone active,Type of location,Latitude,Longitude,LGA,Urbanisation,Conurbation 1,Alignment,Street lighting,Road surface,Surface condition,Weather,Natural lighting,Signals operation,Other traffic control,Speed limit,Road classification,RUM - code,DCA - code,First impact type,Key TU type,Other TU type,No. of traffic units involved,No. killed,No. seriously injured,No. moderately injured,No. minor-other injured
1354926,1,2024,2024,7,0,11,478,17,122,480,0,1,2,-33.431422,151.339723,16,2,2,1,2,0,0,0,0,2,9,60,2,2040,2040,9,5,28,2,0,0,0,1
1354928,1,2024,2024,7,6,4,2126,17,44,2149,0,1,2,-33.795757,150.889167,7,0,2,1,0,0,0,0,2,0,7,80,2,14295,14295,3,0,0,3,0,0,0,1
1354929,2,2024,2024,8,0,3,55,36,155,95,0,1,1,-33.156213,148.34309,53,1,0,0,0,0,3,4,2,0,7,100,2,380,714,5,10,40,1,0,0,1,0
1354930,4,2024,2024,4,1,4,48,31,363,34609,1,0,10,-33.816376,151.008804,54,0,2,1,1,0,0,0,2,2,7,40,0,6545,6545,4,22,5,2,0,1,0,0
1354932,2,2024,2024,3,4,6,34,10,3,40,0,1,1,-35.827376,150.177134,23,2,1,1,0,0,0,0,2,0,7,80,1,9859,9859,8,30,40,1,0,0,1,0
1354938,2,2024,2024,6,0,7,334,17,4,308,0,1,1,-31.180235,149.486746,51,1,0,1,0,0,0,0,2,0,7,100,2,945,945,5,0,40,1,0,0,2,0
1354939,2,2024,2024,3,5,1,34,1,87,34609,0,1,1,-33.912928,150.96198,41,0,2,1,2,0,3,4,0,0,7,50,0,4026,4026,1,5,5,2,0,0,1,0
1354940,2,2024,2023,9,0,4,149,27,144,198,0,1,1,-34.073111,151.0046,68,0,2,1,1,0,0,0,2,0,7,70,2,9859,9859,8,29,40,1,0,0,1,0
1354941,1,2024,2024,3,4,4,78,31,228,34609,0,1,2,-34.755052,149.718123,26,2,1,1,1,0,0,0,2,0,7,40,0,214,214,9,0,28,2,0,0,0,1
1354943,2,2024,2024,7,2,7,24,31,314,34609,0,1,7,-33.85785,150.939681,24,0,2,1,0,0,0,0,2,0,0,50,0,6545,6545,4,5,12,2,0,0,1,0
1354947,2,2024,2024,7,1,10,2,10,117,34609,0,1,9,-28.180234,153.543783,72,2,1,0,2,0,0,0,0,0,0,50,0,4552,5151,8,5,40,1,0,0,1,0
1354949,4,2024,2024,6,1,8,334,17,41,308,0,1,1,-31.46824,152.800233,56,1,0,0,0,0,0,0,3,0,7,90,2,1089,1089,7,16,40,1,0,1,0,0
1354950,2,2024,2024,8,4,6,7,31,228,34609,0,1,9,-34.765328,149.69357,26,2,1,1,0,0,3,3,2,0,0,50,0,4552,985,8,5,40,1,0,0,1,0
1354952,4,2024,2024,8,4,4,13,31,78,7,0,1,1,-33.847181,151.012871,21,0,2,1,2,0,0,0,2,0,7,50,1,1220,1220,9,34,28,2,0,1,0,0
1354953,4,2024,2024,8,4,9,62,10,91,169,0,1,10,-32.813624,151.635647,48,0,2,1,2,0,0,0,0,2,7,60,2,6545,6545,4,10,0,3,0,1,0,0
1354956,2,2024,2024,7,3,7,232,36,64,168,0,1,9,-34.039737,150.738496,12,0,2,1,1,0,0,3,2,2,7,60,2,2852,2852,4,0,5,2,0,0,1,0
1354960,2,2024,2024,8,2,6,6,10,40,34609,0,1,1,-34.010361,150.793847,12,0,2,1,1,0,0,0,2,0,7,50,0,4026,4026,1,16,0,2,0,0,1,0
1354962,2,2024,2024,0,6,9,1,22,79,34609,0,1,10,-34.008845,150.730815,12,0,2,1,0,0,0,0,3,0,0,50,0,2852,2852,4,0,5,2,0,0,1,0
1354963,2,2024,2024,6,6,7,1,31,73,34609,0,1,10,-35.145557,147.378813,75,2,1,1,0,0,0,0,2,0,0,50,0,6545,6545,4,0,0,2,0,0,1,0
1354964,4,2024,2024,6,5,7,361,23,176,165,0,1,1,-33.96319,151.132688,25,0,2,1,1,0,0,0,2,0,7,50,1,2040,2040,9,33,28,2,0,1,0,0
1354969,1,2024,2024,8,0,3,78,27,438,34609,0,1,10,-33.867128,151.029297,21,0,2,1,0,0,0,0,2,0,15,50,0,6545,6545,4,5,5,2,0,0,0,1
1354975,2,2024,2024,8,4,8,222,31,45,34609,0,1,10,-33.889236,151.195385,69,0,2,1,1,0,0,0,3,0,0,40,0,6545,6545,4,22,36,2,0,0,2,0
1354976,2,2024,2024,7,0,9,29,10,2,34609,0,1,1,-32.909626,149.951182,44,2,1,0,0,0,0,0,3,0,7,80,0,1282,1282,1,10,40,1,0,0,1,0
1354977,4,2024,2024,0,0,9,84,10,7,80,0,1,1,-34.282735,150.952547,80,0,2,0,2,0,0,0,3,0,7,50,2,2585,4009,8,16,40,1,0,1,0,0
1354985,4,2024,2024,8,3,9,15,1,271,34609,0,1,1,-33.95186,151.014991,15,0,2,1,2,0,0,0,0,0,7,50,0,5929,5929,1,5,19,2,0,1,0,0
1354989,4,2024,2024,8,6,6,10,31,83,34609,1,0,1,-33.904786,151.122853,15,0,2,1,1,0,0,0,2,0,7,50,0,1220,1220,9,9,28,2,0,1,0,0
1354991,2,2024,2024,0,5,8,31,27,157,34609,0,1,1,-34.019963,151.090926,68,0,2,1,0,0,0,0,2,0,7,50,0,14295,14295,3,0,0,2,0,0,1,0
1354992,2,2024,2024,8,4,8,1,10,27,34609,0,1,2,-32.669551,151.357639,17,2,1,0,0,0,0,0,3,0,7,50,0,1850,1463,5,16,40,1,0,0,1,0
1354994,4,2024,2024,0,2,6,6,27,9,34609,0,1,1,-33.994351,149.792648,51,1,0,0,0,0,0,0,2,0,7,100,0,380,714,5,16,40,1,0,1,0,0
1354995,4,2024,2024,0,2,5,1,9,175,34609,0,1,9,-33.772355,151.083574,54,0,2,1,1,0,0,0,2,0,7,50,0,1220,1220,9,0,28,2,0,1,0,0
1355000,4,2024,2024,8,4,7,17,27,47,14,0,1,1,-35.737498,147.331442,27,1,0,1,0,0,0,0,2,0,7,100,1,323,323,1,8,35,2,0,1,0,0
1355003,1,2024,2024,8,4,9,103,27,176,167,0,1,9,-33.980236,151.136701,4,0,2,1,2,0,0,0,3,0,7,60,2,1282,1282,1,33,5,2,0,0,0,1
1355007,1,2024,2024,6,4,4,21,7,62,14,0,1,1,-33.889848,151.13302,32,0,2,1,1,0,0,0,2,0,7,50,1,368,368,9,21,28,2,0,0,0,1
1355009,2,2024,2024,0,4,1,18,27,8,34609,0,1,1,-28.671024,153.305915,39,2,1,1,0,2,3,1,0,0,7,80,0,4026,4026,8,10,40,1,0,0,1,0
1355010,4,2024,2024,7,2,8,1,1,202,34609,0,1,9,-33.964252,151.029106,15,0,2,1,1,0,0,0,2,0,15,50,0,1945,1945,5,16,40,1,0,1,0,0
1355018,1,2024,2024,8,4,2,81,17,83,33,0,1,10,-34.449445,150.44295,78,2,1,1,2,0,0,0,1,2,7,50,1,5929,5929,1,10,25,2,0,0,0,1
1355022,1,2024,2024,6,1,10,2261,17,44,2252,0,1,2,-33.903315,150.943353,24,0,2,0,2,0,0,0,0,0,7,70,2,14295,14295,3,5,19,2,0,0,0,1
1355023,4,2024,2024,8,3,8,196,10,34,168,0,1,1,-33.978433,151.004263,15,0,2,1,0,0,0,0,3,0,7,60,2,1109,787,1,0,19,2,0,1,0,0
1355026,4,2024,2024,7,6,5,171,1,80,104,0,1,2,-33.940249,151.215174,4,0,2,1,0,0,0,0,2,0,7,70,2,214,214,9,9,28,2,0,1,0,0
1355027,4,2024,2024,8,5,0,100,27,42,100,0,1,1,-33.868618,150.845983,24,0,2,1,2,0,0,0,0,0,7,80,2,3775,3775,0,0,0,2,0,1,0,2
1355028,4,2024,2024,4,6,8,102,31,107,53,0,1,0,-33.881652,151.19721,69,0,2,1,0,0,0,0,2,0,7,50,2,1981,1981,4,5,20,2,0,1,0,0
1355029,4,2024,2024,8,0,7,2209,17,40,2205,0,1,9,-35.001755,150.583177,63,2,1,1,1,0,0,0,2,0,0,80,2,1669,1669,3,16,0,2,0,1,0,0
1355032,4,2024,2024,0,2,10,126,1,140,144,0,1,2,-33.783229,150.812391,7,0,2,1,2,0,0,0,0,0,7,70,2,3775,3775,0,5,0,2,0,1,0,1
1355033,2,2024,2024,0,0,4,500,27,136,799,0,1,10,-33.925397,151.086895,15,0,2,1,1,0,0,0,2,2,7,60,2,6545,6545,4,5,5,6,0,0,1,0
1355034,4,2024,2024,8,0,7,134,10,363,133,0,1,6,-33.80907,151.023985,54,0,2,0,1,0,3,4,2,0,7,70,2,1850,1463,5,15,40,1,0,1,0,0
1355038,2,2024,2024,7,0,6,112,17,21,112,0,1,1,-31.554233,147.179251,51,2,1,1,0,0,0,0,2,0,7,80,2,945,945,5,30,40,1,0,0,1,0
1355040,2,2024,2024,6,1,5,475,10,12,268,0,1,1,-33.874783,150.76122,55,0,2,1,1,0,0,0,2,0,7,80,2,101,101,8,5,40,2,0,0,1,0
1355044,4,2024,2024,8,0,2,2,27,48,34609,0,1,1,-36.684547,149.837229,5,2,1,0,2,0,0,0,0,0,7,50,0,4552,5151,1,0,5,2,0,1,0,0
1355045,2,2024,2024,6,3,8,3371,17,24,3342,0,1,2,-31.562733,152.739887,56,1,0,1,0,0,0,0,0,0,7,110,2,1945,1945,5,0,40,1,0,0,1,0
1355046,1,2024,2024,6,6,11,26,27,16,25,0,1,1,-31.94953,152.518319,43,1,0,1,0,0,3,0,0,0,7,90,1,9859,9859,8,5,40,1,0,0,0,1
1355049,2,2024,2024,8,3,6,162,31,22,34609,0,1,9,-31.897387,152.514366,43,2,1,1,1,0,0,0,2,0,7,50,0,3775,3775,0,0,5,2,0,0,1,0
1355053,2,2024,2024,3,6,4,2,18,79,34609,0,1,9,-34.908743,150.605187,63,2,1,1,1,0,0,0,2,0,0,60,0,6545,6545,4,30,5,2,0,0,1,0
1355054,2,2024,2024,0,4,10,17,10,12,34609,0,1,1,-34.41479,150.817514,80,0,2,0,0,0,0,0,0,0,7,60,0,4552,5151,8,0,40,1,0,0,1,0
1355055,4,2024,2024,8,5,2,1052,14,118,928,0,1,3,-33.366867,151.330602,16,1,2,0,0,0,3,0,0,0,7,110,2,4552,5151,8,5,40,1,0,1,0,0
1355061,2,2024,2024,6,3,8,25,31,438,103,0,1,10,-33.863226,151.028808,21,0,2,1,1,0,0,0,3,0,15,50,1,6545,6545,4,0,5,2,0,0,1,0
1355065,2,2024,2024,8,0,7,145,31,91,28,0,1,1,-33.965555,151.091119,25,0,2,1,0,0,0,0,2,0,7,50,1,941,941,1,5,12,3,0,0,1,0
1355066,1,2024,2024,8,6,7,916,17,172,917,0,1,2,-32.753671,151.58759,42,2,1,1,1,0,0,0,2,0,7,60,2,14295,14295,3,5,5,2,0,0,0,1
1355068,1,2024,2024,8,4,9,51,27,15,34609,0,1,9,-33.793043,151.049076,54,0,2,1,2,0,0,0,0,0,7,50,0,9859,9859,8,5,40,1,0,0,0,1
1355069,2,2024,2024,7,0,8,84,10,7,80,0,1,9,-34.27434,150.955559,80,0,2,0,2,0,0,0,3,0,7,50,2,3775,3775,0,16,10,2,0,0,1,0
1355070,2,2024,2024,8,4,7,12,23,50,34609,0,1,1,-33.636633,151.329844,50,0,2,1,0,0,0,0,2,0,7,40,0,1981,1981,4,15,13,2,0,0,1,0
1355071,4,2024,2024,0,2,11,90,31,252,165,0,1,10,-33.886218,151.217929,69,0,2,1,2,0,0,0,0,2,9,60,2,1220,1220,9,5,28,2,0,1,1,0
1355073,1,2024,2024,8,4,0,14,27,128,34609,0,1,9,-33.626617,150.798311,29,2,2,1,2,0,0,0,0,0,7,50,0,489,489,8,5,40,1,0,0,0,1
1355074,4,2024,2024,0,2,3,28,31,523,34609,0,1,9,-33.922385,150.92698,41,0,2,1,1,0,0,0,2,2,7,40,0,2040,2040,9,5,28,2,0,1,0,0
1355077,2,2024,2024,6,3,11,44,27,202,563,0,1,10,-33.96238,151.036913,15,0,2,0,2,0,0,0,0,2,7,70,2,2585,4009,8,5,40,2,0,0,1,0
1355079,4,2024,2024,0,2,6,26,27,26,25,0,1,9,-31.96603,152.565641,43,2,1,1,1,0,0,0,2,0,0,70,1,150,150,4,16,5,2,0,1,0,0
1355080,2,2024,2024,0,4,0,71,31,78,103,0,1,9,-33.862687,151.009666,21,0,2,1,2,0,0,0,0,2,7,60,1,2585,777,1,5,5,3,0,0,1,0
1355081,4,2024,2024,8,5,4,205,27,45,415,0,1,10,-33.693498,151.220811,50,0,2,1,1,0,0,0,2,0,0,80,2,6545,6545,4,5,0,3,0,1,0,0
1355085,2,2024,2024,6,5,10,35,31,532,34609,0,1,0,-33.876817,151.209089,69,0,2,1,1,0,0,0,0,0,7,40,0,368,368,9,22,28,2,0,0,1,0
1355087,2,2024,2024,6,0,4,18,31,108,57,0,1,10,-28.868294,153.554738,2,2,1,1,1,0,0,0,2,2,7,60,1,591,591,1,22,5,2,0,0,1,0
1355088,2,2024,2024,7,4,7,157,17,7,158,0,1,1,-34.140537,145.234244,51,1,0,1,0,0,0,0,2,0,7,110,2,475,475,5,9,40,1,0,0,1,1
1355090,4,2024,2024,7,4,9,31,31,370,34609,0,1,9,-34.067223,150.8305,13,0,2,1,0,0,0,0,2,0,7,50,0,5929,5929,1,5,19,2,0,1,0,0
1355092,4,2024,2024,8,2,10,8,36,3,34609,0,1,1,-30.264031,152.878225,19,2,1,0,0,0,3,4,0,0,7,80,0,4552,5151,8,0,40,1,0,1,0,0
1355093,2,2024,2024,4,5,3,25,27,147,94,0,1,7,-33.883277,151.001961,15,0,2,1,0,0,0,0,2,0,9,50,1,2040,2040,9,9,26,2,0,0,1,0
1355096,2,2024,2024,0,5,7,2126,17,65,2149,0,1,2,-33.539807,150.164329,40,2,1,0,0,0,3,0,2,0,7,80,2,1850,1463,5,0,40,1,0,0,1,0
1355099,4,2024,2024,0,4,6,153,27,290,147,0,1,9,-33.94982,151.123161,4,0,2,1,1,0,3,4,2,2,7,60,2,2852,2852,4,0,5,2,0,2,0,0
1355101,2,2024,2024,6,0,9,112,27,4,769,0,1,1,-33.548174,150.414003,8,2,2,0,0,0,0,3,3,0,7,80,2,273,957,5,0,40,1,0,0,1,0
1355102,4,2024,2024,8,2,1,14,36,15,34609,0,1,1,-28.289488,153.57267,72,2,1,0,2,0,0,0,0,0,7,50,0,1850,1463,5,16,40,1,0,1,1,0
1355111,2,2024,2024,8,3,1,1052,14,149,928,0,1,3,-33.345412,151.368147,16,1,2,1,2,0,3,4,0,0,7,110,2,9859,9859,8,5,40,1,0,0,1,0
1355113,2,2024,2024,6,6,7,22,27,14,26,0,1,1,-34.828624,147.20973,51,2,1,1,0,0,0,0,2,0,7,80,1,9859,9859,8,0,40,1,0,0,2,0
1355114,2,2024,2024,6,1,10,1,31,111,34609,0,1,1,-33.69904,150.885952,7,0,2,1,2,0,0,0,0,0,7,50,0,9859,9859,1,5,0,2,0,0,1,0
1355117,4,2024,2024,7,6,7,916,17,66,917,0,1,2,-32.811743,151.666815,48,0,2,1,0,0,3,4,2,0,7,80,2,9859,9859,8,34,40,1,0,2,0,0
1355118,2,2024,2024,6,1,5,829,31,273,34609,0,1,10,-34.422379,150.893114,80,0,2,1,1,0,0,0,2,0,7,50,0,214,214,9,22,28,2,0,0,1,0
1355119,4,2024,2024,8,4,6,26,27,92,25,0,1,1,-33.983358,150.841604,13,0,2,0,1,0,0,0,2,0,7,70,1,3775,3775,0,9,36,2,0,1,1,0
1355120,4,2024,2024,3,2,6,3371,17,147,3342,0,1,2,-33.740792,151.137734,36,0,2,1,1,0,0,0,2,0,7,60,2,1192,1192,1,5,0,3,0,2,0,1
1355127,2,2024,2024,6,0,9,2261,17,23,2252,0,1,9,-34.647875,150.117986,78,1,0,0,0,0,3,4,0,0,0,110,2,14295,14295,3,0,5,3,0,0,1,0
1355132,4,2024,2024,8,6,9,13,27,131,212,0,1,9,-33.780922,151.195891,36,0,2,0,2,0,0,0,0,2,7,60,2,2852,2852,4,5,5,2,0,1,2,0
1355133,2,2024,2024,6,2,10,178,27,189,101,0,1,9,-33.943113,151.053803,15,0,2,1,2,0,0,0,0,2,7,50,1,926,926,4,10,25,2,0,0,1,0
1355134,2,2024,2024,8,2,4,45,23,243,34609,0,1,1,-33.946537,150.910196,41,0,2,1,0,0,0,0,2,0,7,50,0,214,214,9,5,28,2,0,0,1,0
1355136,2,2024,2024,7,2,6,1,27,6,34609,0,1,1,-35.623587,149.790489,58,1,0,0,0,0,0,0,2,0,7,100,0,1850,1463,5,16,40,1,0,0,1,0
1355139,1,2024,2024,8,4,8,133,31,96,212,0,1,1,-35.352873,149.23541,58,2,1,1,1,0,0,0,3,0,7,50,2,1220,1220,9,5,28,2,0,0,0,1
1355141,4,2024,2024,6,2,8,2126,17,445,2149,0,1,10,-33.85484,151.061436,21,0,2,1,2,0,0,0,0,2,7,60,2,5929,5929,1,0,5,3,0,1,1,0
1355154,2,2024,2024,6,1,8,53,31,646,34609,0,1,9,-33.929175,151.02474,15,0,2,1,0,0,0,0,2,0,0,50,0,926,926,4,5,12,3,0,0,1,0
1355157,1,2024,2024,6,2,5,3371,17,40,3342,0,1,10,-33.820913,151.185331,38,0,2,1,3,0,3,4,2,0,15,60,2,14295,14295,3,5,5,3,0,0,0,2
1355159,2,2024,2024,6,2,7,330,23,123,233,0,1,2,-33.902897,151.223333,59,0,2,1,3,0,3,4,2,0,7,60,2,14295,14295,3,5,0,2,0,0,1,0
1355160,1,2024,2024,6,2,9,2126,17,346,2149,0,1,10,-33.866548,151.093611,14,0,2,1,3,0,3,3,0,2,7,60,2,14295,14295,3,5,0,2,0,0,0,2
1355162,1,2024,2024,6,3,1,47,27,18,34609,0,1,1,-33.737525,151.290646,50,0,2,0,3,0,3,0,0,0,7,50,0,1957,4009,1,5,5,2,0,0,0,2
1355163,2,2024,2024,6,0,3,2,27,87,34609,0,1,9,-34.488669,150.43947,78,2,1,1,3,0,3,4,2,0,0,70,0,14295,14295,3,0,5,3,0,0,2,0
1355165,2,2024,2024,6,4,6,2261,17,646,2252,1,0,9,-33.906001,151.038876,15,0,2,1,3,0,0,6,2,2,7,60,2,14295,14295,3,5,0,2,0,0,1,0
1355166,4,2024,2024,8,0,6,22,31,58,34609,0,1,1,-33.761187,151.153394,36,0,2,0,3,0,0,0,2,0,7,50,0,3775,3775,0,30,0,2,0,1,0,0
1355168,1,2024,2024,6,3,6,6,10,104,34609,0,1,7,-33.730304,150.927872,7,0,2,1,3,0,0,0,2,0,0,50,0,6545,6545,4,5,0,2,0,0,0,1
1355170,1,2024,2024,6,6,3,220,27,69,222,0,1,9,-33.768549,150.959007,54,0,2,1,3,0,0,0,2,2,7,80,2,1383,1383,1,5,25,2,0,0,0,1
1355171,1,2024,2024,6,5,8,133,10,316,121,0,1,10,-31.447203,152.899567,56,2,1,1,3,0,0,0,2,2,7,50,1,186,186,1,10,0,3,0,0,0,1
1355172,1,2024,2024,6,6,4,515,14,294,518,0,1,3,-33.940132,150.928782,41,0,2,1,3,0,0,0,2,0,7,100,2,14295,14295,3,5,5,2,0,0,0,1
1355174,1,2024,2024,6,0,7,229,14,173,237,0,1,3,-33.778807,151.129193,61,0,2,1,3,0,0,0,2,0,7,100,2,14295,14295,3,10,12,2,0,0,0,1
1355196,1,2024,2024,6,3,6,1,1,24,34609,0,1,1,-33.955508,150.989943,15,0,2,1,3,2,0,3,2,0,7,50,0,1981,1981,4,5,5,2,0,0,0,1
1355200,2,2024,2024,8,0,7,1,29,19,34609,0,1,1,-34.152618,150.172152,79,1,2,0,3,2,0,0,2,0,7,100,0,1850,1463,5,16,40,1,0,0,1,0
1355201,4,2024,2024,6,5,2,3,27,14,34609,0,1,1,-32.46848,151.057564,64,1,0,0,3,0,0,0,0,0,7,100,0,1957,4009,8,0,40,1,0,1,0,0
1355204,2,2024,2024,6,2,10,4,31,460,34609,0,1,9,-33.839859,150.986508,21,0,2,1,3,0,0,0,0,0,0,50,0,14295,14295,3,5,27,2,0,0,1,0
1355205,1,2024,2024,6,0,9,330,27,65,605,0,1,9,-33.705071,151.297292,50,0,2,1,3,0,3,4,0,2,7,70,2,515,515,1,5,22,2,0,0,0,1
1355206,2,2024,2024,6,4,0,8,1,6,34609,0,1,1,-33.222475,151.553737,16,2,2,0,3,0,0,0,0,0,7,50,0,4552,5151,1,0,5,3,0,0,1,0
1355211,2,2024,2024,8,2,7,1,31,145,34609,0,1,1,-33.926079,151.123908,15,0,2,1,3,0,0,3,2,0,7,50,0,238,238,9,10,28,2,0,0,1,0
1355212,2,2024,2024,8,6,4,348,17,25,232,0,1,1,-32.926192,149.850818,44,1,0,1,3,0,0,3,2,0,7,100,2,4026,4026,8,5,40,1,0,0,1,0
1355214,2,2024,2024,8,0,5,105,27,67,109,0,1,10,-33.881647,150.889027,24,0,2,1,3,0,0,0,2,2,7,60,1,14295,14295,3,5,12,2,0,0,1,0
1355220,1,2024,2024,6,6,10,2126,17,107,2149,0,1,1,-33.883804,151.202687,69,0,2,1,3,0,0,0,0,0,7,40,2,9859,9859,1,19,5,2,0,0,0,1
1355221,1,2024,2024,6,4,3,2209,17,144,2205,0,1,9,-34.062664,151.021773,68,0,2,0,3,0,0,0,1,0,0,70,2,1282,1282,1,10,41,2,0,0,0,1
1355223,4,2024,2024,6,0,7,57,27,337,47,0,1,9,-33.733049,151.002651,71,0,2,1,3,0,0,0,2,2,7,60,2,14295,14295,3,5,5,2,0,1,0,0
1355226,4,2024,2024,8,2,5,27,31,80,34609,0,1,1,-33.88153,151.172323,32,0,2,1,3,0,0,0,2,0,7,50,0,312,312,2,33,40,1,0,1,0,0
1355236,1,2024,2024,8,1,9,27,27,294,27,0,1,10,-33.933804,150.953609,41,0,2,1,3,0,0,0,0,2,7,60,1,5929,5929,1,30,5,2,0,0,0,1
1355238,2,2024,2024,6,6,4,63,31,134,34609,0,1,10,-33.670285,150.861776,7,0,2,1,3,0,0,1,2,0,15,60,0,6545,6545,4,5,13,2,0,0,1,0
1355240,2,2024,2024,6,4,3,61,27,232,70,0,1,10,-33.661072,150.923622,71,0,2,1,3,0,0,0,4,0,15,70,1,14295,14295,3,5,19,2,0,0,1,0
1355241,1,2024,2024,6,0,5,133,31,646,97,0,1,10,-33.916806,151.018627,15,0,2,1,3,0,0,0,2,2,7,60,1,5929,5929,1,5,5,2,0,0,0,1
1355242,1,2024,2024,6,0,5,308,14,15,311,0,1,3,-33.906414,150.847014,41,0,2,1,3,0,0,0,2,0,7,100,2,14295,14295,3,10,13,3,0,0,0,1
1355251,2,2024,2024,6,3,6,2261,17,35,2252,0,1,3,-34.330608,150.56403,78,1,0,1,3,0,0,0,2,0,7,110,2,14295,14295,3,10,36,2,0,0,1,0
1355254,1,2024,2024,6,2,4,76,24,164,154,0,1,9,-33.734597,150.873848,7,0,2,1,3,0,0,0,2,2,7,60,1,14295,14295,3,0,0,2,0,0,0,1
1355258,2,2024,2024,6,6,7,346,17,24,332,0,1,1,-28.810521,153.368709,39,2,1,1,3,0,0,0,2,0,7,80,2,14295,14295,3,5,0,2,0,0,1,0
1355259,2,2024,2024,6,2,7,1,27,1,34609,0,1,1,-32.101382,151.765335,43,1,0,1,3,2,3,4,2,0,7,100,0,1945,1945,5,16,40,1,0,0,1,0
1355264,2,2024,2024,6,5,8,7,27,65,34609,0,1,2,-33.697218,151.292927,50,0,2,1,3,0,0,0,3,0,9,40,0,1282,1282,1,22,0,2,0,0,1,0
1355265,2,2024,2024,6,4,3,4,27,87,34609,0,1,1,-33.099912,151.453501,37,0,2,1,3,0,0,0,1,0,7,80,0,1089,1089,7,0,40,1,0,0,1,0
1355266,4,2024,2024,8,4,7,15,10,121,34609,0,1,1,-28.202468,153.539482,72,2,1,1,3,0,0,0,2,0,7,50,0,1981,1981,4,33,21,2,0,1,0,0
1355268,1,2024,2024,6,4,3,866,17,278,793,1,0,9,-33.785313,151.040356,54,0,2,1,3,0,0,0,1,3,7,60,2,1981,1981,4,10,0,2,0,0,0,1
1355269,1,2024,2024,6,5,6,5,27,84,34609,0,1,7,-33.767876,151.104937,61,0,2,1,3,0,0,0,2,0,0,50,0,6545,6545,4,5,27,2,0,0,0,1
1355275,4,2024,2024,6,2,6,22,31,99,34609,0,1,10,-33.887229,151.267819,76,0,2,1,3,0,3,4,2,0,15,50,0,6545,6545,4,5,5,2,0,1,0,0
1355276,2,2024,2024,6,3,4,2209,17,79,2205,0,1,7,-34.908515,150.603206,63,2,1,1,3,0,3,0,2,0,0,70,2,1945,1945,5,16,40,1,0,0,1,0
1355278,2,2024,2024,7,2,5,296,27,187,293,0,1,2,-33.881074,150.977864,24,0,2,1,3,0,0,0,2,0,7,60,2,14295,14295,3,0,0,2,0,0,1,0
1355280,2,2024,2024,6,0,8,51,27,25,45,0,1,9,-33.742916,150.808267,7,0,2,1,3,0,0,0,3,0,0,60,1,5929,5929,1,5,5,2,0,0,1,1
1355282,4,2024,2024,6,2,5,1052,14,83,928,0,1,3,-33.509784,151.190464,16,1,2,0,3,0,3,4,2,0,7,90,2,14295,14295,3,5,5,2,0,1,0,0
1355283,1,2024,2024,6,2,6,5,10,134,331,0,1,2,-33.975869,150.809859,12,0,2,1,3,0,3,4,2,2,9,60,2,14295,14295,3,5,5,2,0,0,0,1
1355284,1,2024,2024,6,4,3,109,27,20,62,0,1,9,-32.754745,151.535679,42,2,1,1,3,0,0,0,2,0,0,60,2,5929,5929,1,5,5,2,0,0,0,1
1355289,1,2024,2024,6,2,6,126,27,39,168,0,1,9,-34.040827,150.746128,12,0,2,1,3,0,0,0,2,0,7,60,2,1669,1669,3,5,5,2,0,0,0,1
1355291,2,2024,2024,6,4,5,10,25,96,212,0,1,2,-35.355092,149.230638,58,2,1,1,3,0,0,0,2,0,7,60,2,4026,4026,8,5,40,1,0,0,1,0
1355303,4,2024,2024,6,4,9,60,10,121,84,0,1,9,-28.187321,153.540051,72,2,1,1,3,0,3,4,0,2,7,60,1,5929,5929,1,0,13,2,0,1,0,1
1355306,2,2024,2024,3,2,9,283,27,253,702,0,1,10,-33.970589,151.098708,25,0,2,1,3,0,0,0,2,2,6,60,2,6545,6545,4,0,5,2,0,0,1,0
1355311,1,2024,2024,6,3,9,74,27,609,163,0,1,10,-33.778869,150.914218,7,0,2,1,3,0,0,0,3,2,7,60,2,1192,1192,1,5,5,2,0,0,0,1
1355314,1,2024,2024,6,0,11,3371,17,10,3342,0,1,2,-28.409863,153.526267,72,1,0,1,3,0,3,0,0,0,7,110,2,14295,14295,3,29,12,2,0,0,0,1
1355315,2,2024,2024,6,4,4,51,31,252,59,0,1,9,-33.885589,151.216715,69,0,2,1,3,0,0,0,2,0,15,40,1,515,515,1,9,27,2,0,0,1,0
1355316,2,2024,2024,6,4,6,478,17,50,480,0,1,7,-33.233787,151.553505,16,2,2,1,3,0,0,0,2,0,0,50,2,14295,14295,3,10,5,2,0,0,1,0
1355320,1,2024,2024,8,0,8,134,10,69,133,0,1,2,-33.819422,151.021816,54,0,2,1,3,0,0,0,2,0,7,70,2,14295,14295,3,29,5,2,0,0,0,1
1355321,2,2024,2024,6,1,4,866,17,12,793,0,1,2,-33.839939,150.957408,21,0,2,1,3,0,0,0,2,0,7,70,2,14295,14295,3,9,0,2,0,0,1,0
1355323,4,2024,2024,0,1,7,2,1,63,34609,0,1,10,-33.256994,151.481466,16,2,2,1,0,0,0,0,2,0,7,50,0,3775,3775,0,0,0,2,0,1,0,0
1355335,2,2024,2024,6,2,8,69,31,9,20,0,1,10,-35.226034,146.725186,51,2,1,1,3,0,0,0,0,0,0,50,1,6545,6545,4,10,13,2,0,0,2,0
1355337,1,2024,2023,9,4,7,61,27,232,70,0,1,10,-33.661072,150.923622,71,0,2,1,3,0,0,0,2,0,15,70,1,623,623,3,21,0,2,0,0,0,1