Crash ID,Degree of crash - detailed,Reporting year,Year of crash,Month of crash,Day of week of crash,Two-hour intervals,Street of crash,Street type,Town,Route no.,School zone location,School zone active,Type of location,Latitude,Longitude,LGA,Urbanisation,Conurbation 1,Alignment,Street lighting,Road surface,Surface condition,Weather,Natural lighting,Signals operation,Other traffic control,Speed limit,Road classification,RUM - code,DCA - code,First impact type,Key TU type,Other TU type,No. of traffic units involved,No. killed,No. seriously injured,No. moderately injured,No. minor-other injured
1355338,1,2024,2024,6,4,7,13,10,101,34609,0,1,7,-32.910154,151.614138,37,0,2,1,3,0,0,0,2,0,0,50,0,6545,6545,4,0,19,2,0,0,0,1
1355342,1,2024,2024,6,0,8,3371,17,147,3342,0,1,10,-33.750786,151.147292,36,0,2,1,3,0,0,0,4,2,7,60,2,1669,1669,3,5,5,2,0,0,0,1
1355343,2,2024,2024,6,1,4,63,10,13,42,0,1,9,-32.948258,151.736196,48,0,2,1,1,0,0,0,2,0,7,60,1,1669,1669,3,10,13,2,0,0,1,0
1355346,1,2024,2024,6,6,3,16,27,316,34609,0,1,9,-33.911363,151.253302,59,0,2,1,3,0,0,0,4,0,7,50,0,14295,14295,3,0,5,2,0,0,0,1
1355348,4,2024,2024,8,6,10,59,27,271,42,1,0,10,-33.94524,151.018033,15,0,2,1,2,0,0,0,0,2,7,60,1,6545,6545,4,16,13,2,0,1,0,0
1355350,2,2024,2024,8,5,4,387,27,204,331,0,1,10,-33.942239,151.132672,4,0,2,1,3,0,0,0,2,2,7,60,2,6545,6545,4,0,0,2,0,0,1,1
1355353,4,2024,2024,0,0,0,1104,14,323,962,0,1,3,-33.80212,150.886455,7,0,2,1,2,0,0,0,0,0,7,100,2,14295,14295,3,0,10,2,0,1,0,0
1355354,4,2024,2024,0,5,3,330,23,293,112,0,1,2,-33.948654,151.24073,59,0,2,1,0,0,0,0,2,0,7,60,2,1220,1220,9,5,28,2,0,1,0,0
1355355,2,2024,2024,6,6,11,171,23,99,34609,0,1,7,-33.892181,151.273136,76,0,2,0,2,0,0,0,0,0,0,40,0,1259,5151,8,16,40,1,0,0,1,0
1355356,4,2024,2024,3,2,1,7,31,36,34609,0,1,10,-34.052059,150.720513,12,0,2,1,2,0,0,0,0,0,0,50,0,6545,6545,4,10,0,2,0,1,0,1
1355357,2,2024,2024,6,5,3,4,27,71,34609,0,1,7,-33.774989,150.706352,55,0,2,1,1,0,0,0,2,0,0,50,0,6545,6545,4,0,25,2,0,0,1,0
1355359,1,2024,2024,8,6,4,72,31,204,62,0,1,9,-33.935366,151.152583,4,0,2,1,1,0,0,0,2,0,0,60,1,515,515,1,3,5,2,0,0,0,1
1355362,4,2024,2024,0,4,10,1,31,207,34609,0,1,1,-31.95544,141.452782,51,2,1,1,2,0,0,0,0,0,7,50,0,9859,9859,8,0,40,1,0,1,0,0
1355366,4,2024,2024,6,5,8,51,27,25,45,0,1,7,-33.743079,150.810838,7,0,2,1,0,0,0,0,3,0,0,50,1,2040,2040,9,5,28,2,0,1,0,0
1355369,2,2024,2024,6,1,4,293,1,523,34609,0,1,10,-33.924896,150.923209,41,0,2,1,0,0,0,0,2,2,9,50,0,2040,2040,9,21,28,2,0,0,1,0
1355371,4,2024,2024,6,3,11,21,27,80,23,0,1,1,-33.742944,150.665826,55,0,2,1,0,0,0,0,0,0,7,70,1,190,190,1,22,0,2,0,1,0,0
1355372,4,2024,2024,6,0,3,6,31,179,34609,0,1,1,-33.759488,150.718539,55,0,2,1,0,0,0,0,1,0,7,50,0,220,220,8,5,40,1,0,1,0,0
1355374,4,2024,2024,6,5,3,500,27,106,799,0,1,9,-33.922694,151.093868,15,0,2,1,1,0,0,0,2,0,6,60,2,2040,2040,9,5,26,2,0,1,0,0
1355375,4,2024,2024,6,1,8,346,17,44,332,0,1,9,-28.821541,153.411373,2,2,1,1,2,0,0,0,3,0,0,80,2,5929,5929,1,0,0,2,0,2,0,0
1355381,2,2024,2024,6,3,9,14,27,6,34609,0,1,9,-33.458282,149.02526,11,1,0,0,0,0,0,1,0,0,0,100,0,6545,6545,4,10,13,2,0,0,1,0
1355383,2,2024,2024,8,1,5,40,31,84,34609,0,1,10,-31.096212,150.918893,70,2,1,1,1,0,0,0,2,0,0,50,0,6545,6545,4,10,19,2,0,0,1,0
1355384,2,2024,2024,8,4,5,7,1,113,34609,0,1,9,-29.477272,149.833979,51,2,1,1,1,0,0,6,2,0,0,50,0,1945,1945,5,16,40,1,0,0,1,0
1355385,2,2024,2024,0,0,11,64,31,64,94,0,1,1,-33.884471,151.022375,15,0,2,0,2,0,0,0,0,0,7,60,1,4552,5151,8,5,40,1,0,0,1,0
1355386,4,2024,2024,6,2,5,11,31,47,82,0,1,9,-35.732676,147.306558,27,2,1,0,0,0,0,0,2,0,0,50,1,6545,6545,4,10,13,2,0,1,0,0
1355389,2,2024,2024,0,6,8,308,14,323,311,0,1,3,-33.762702,150.961423,71,0,2,1,2,0,0,0,3,0,7,100,2,14295,14295,3,10,0,2,0,0,1,0
1355391,4,2024,2024,3,6,9,2,1,646,34609,0,1,7,-33.923247,151.025338,15,0,2,1,1,0,0,0,2,0,0,50,0,6545,6545,4,5,27,2,0,1,0,0
1355392,1,2024,2024,3,3,8,143,31,123,181,0,1,9,-33.883777,151.222257,81,0,2,1,2,0,0,0,2,2,7,50,2,2852,2852,4,5,18,2,0,0,0,1
1355393,2,2024,2024,8,2,6,13,10,74,12,0,1,9,-33.726766,151.033502,31,0,2,1,1,0,0,0,2,2,7,60,1,5929,5929,1,0,5,2,0,0,1,0
1355394,2,2024,2024,6,5,9,47,27,293,69,0,1,10,-33.94127,151.236851,59,0,2,1,0,0,3,0,0,2,9,50,1,2040,2040,9,0,28,2,0,0,1,0
1355396,4,2024,2024,3,1,10,71,36,10,61,0,1,1,-34.414026,146.041394,28,1,0,1,0,0,0,0,0,0,7,100,2,1089,1089,7,16,40,1,0,1,0,0
1355398,4,2024,2024,7,6,11,294,17,11,288,0,1,1,-34.623526,144.340231,51,1,0,1,0,0,0,0,0,0,7,110,2,1089,1089,7,5,40,1,0,1,0,1
1355401,4,2024,2024,7,0,6,8,27,5,35,0,1,1,-28.418092,152.415495,51,1,0,0,0,0,0,0,2,0,7,100,1,3775,3775,0,16,13,2,0,1,1,0
1355406,2,2024,2024,8,4,8,11,31,273,34609,0,1,7,-34.435293,150.891813,80,0,2,1,2,0,3,4,3,0,0,50,0,6545,6545,4,0,27,2,0,0,1,0
1355410,1,2024,2024,6,1,8,2126,17,363,2149,0,1,2,-33.750537,150.694885,55,0,2,1,1,0,0,0,3,0,7,50,2,9859,9859,8,0,40,1,0,0,0,1
1355412,4,2024,2024,0,0,6,12,27,137,34609,0,1,1,-32.964895,151.700441,37,0,2,1,0,0,0,0,2,0,7,60,0,9859,9859,1,5,13,2,0,1,1,0
1355414,2,2024,2024,0,2,5,220,14,78,220,0,1,3,-34.477165,150.828061,80,0,2,1,1,0,0,0,2,0,7,100,2,14295,14295,3,5,0,5,0,0,2,0
1355421,2,2024,2024,6,2,10,1052,14,160,928,0,1,3,-33.110138,151.461742,37,0,2,0,0,0,0,0,0,0,7,110,2,14295,14295,3,0,0,3,0,0,1,0
1355422,1,2024,2024,8,5,11,481,17,22,483,0,1,1,-28.608103,150.352466,51,2,1,0,2,0,0,0,0,0,7,80,2,3775,3775,0,5,2,2,0,0,0,1
1355423,2,2024,2024,6,0,5,48,27,21,62,0,1,1,-35.441886,148.133373,66,1,0,0,0,0,3,0,2,0,7,100,2,1957,4009,8,5,40,1,0,0,1,0
1355425,1,2024,2024,7,6,4,500,27,145,799,0,1,10,-33.929463,151.072226,15,0,2,1,1,0,0,0,2,2,7,60,2,14295,14295,3,5,0,3,0,0,0,1
1355429,1,2024,2024,6,0,7,2261,17,201,2252,0,1,3,-33.986737,150.85598,13,0,2,1,2,0,3,4,2,0,7,110,2,1383,1383,1,29,5,2,0,0,0,1
1355431,2,2024,2024,6,5,7,6,31,234,34609,0,1,2,-34.290103,146.05172,28,2,1,1,1,0,0,0,2,0,7,40,0,941,941,1,30,5,3,0,0,1,0
1355432,4,2024,2024,8,0,7,4,27,41,34609,0,1,1,-31.449772,152.787436,56,2,1,0,0,0,0,0,2,0,7,80,0,3775,3775,0,30,22,2,0,1,2,0
1355433,1,2024,2024,8,4,4,3,31,102,34609,0,1,1,-33.958836,151.228047,59,0,2,1,0,0,0,0,2,0,7,50,0,214,214,9,0,28,2,0,0,0,1
1355434,2,2024,2024,0,1,9,19,27,22,34609,0,1,1,-33.635382,150.801802,29,2,2,1,0,0,0,0,0,0,7,50,0,9859,9859,1,5,0,2,0,0,1,0
1355436,4,2024,2024,0,4,7,26,27,239,34609,0,1,1,-34.042127,151.125053,68,0,2,1,0,0,3,0,2,0,7,50,0,2585,777,8,0,40,1,0,1,1,0
1355437,1,2024,2024,6,5,7,22,27,90,93,0,1,7,-33.78409,150.954445,54,0,2,1,0,0,0,0,2,0,0,60,1,1669,1669,3,0,19,2,0,0,0,1
1355440,2,2024,2024,8,2,11,33,27,89,34609,0,1,1,-33.894985,151.230422,69,0,2,1,2,0,3,4,0,0,7,40,0,1945,1945,5,22,40,1,0,0,1,0
1355442,4,2024,2024,8,3,6,78,23,8,34,0,1,1,-34.235536,150.547229,79,1,2,0,0,0,2,6,2,0,7,100,1,3775,3775,0,5,0,2,0,2,0,0
1355444,4,2024,2024,6,6,8,125,31,438,44,0,1,1,-33.840741,151.026463,21,0,2,1,1,0,0,0,3,0,7,60,1,1981,1981,4,0,27,2,0,1,1,0
1355448,4,2024,2024,7,6,10,4,27,2,34609,0,1,1,-33.554811,149.160335,51,1,0,1,3,0,0,0,0,0,7,100,0,4026,4026,8,10,40,1,0,1,0,0
1355450,2,2024,2024,8,0,8,2209,17,115,2205,0,1,9,-33.91923,151.169345,32,0,2,1,0,0,0,0,2,3,7,60,2,14295,14295,3,5,5,2,0,0,1,0
1355455,1,2024,2024,6,2,11,4,27,4,5,0,1,1,-36.936304,149.124207,65,1,0,1,0,0,0,0,0,0,7,100,1,4026,4026,8,10,40,1,0,0,0,1
1355456,4,2024,2024,8,2,8,387,27,290,331,0,1,1,-33.951277,151.124876,4,0,2,1,0,0,3,4,3,0,7,60,2,941,941,1,5,12,4,0,1,1,1
1355457,2,2024,2024,6,4,5,222,27,14,40,1,0,7,-33.593839,150.916224,71,0,2,1,0,0,0,0,2,0,0,60,1,6545,6545,4,10,5,2,0,0,1,0
1355458,4,2024,2024,6,4,11,3371,17,24,3342,1,0,2,-33.710546,151.103376,31,0,2,1,2,0,0,6,0,0,7,60,2,368,368,9,5,28,2,0,1,0,0
1355460,1,2024,2024,6,6,3,6,27,53,34609,0,1,1,-31.87212,152.371118,43,2,1,1,1,0,0,0,1,0,7,50,0,9859,9859,8,34,40,1,0,0,0,1
1355462,2,2024,2024,8,3,4,59,10,89,34609,0,1,0,-33.902733,151.229787,59,0,2,1,0,0,0,0,2,0,7,30,0,941,941,1,5,27,2,0,0,1,0
1355463,4,2024,2024,6,1,4,1,31,41,34609,0,1,1,-32.964914,151.62795,37,0,2,0,0,0,0,0,2,0,7,50,0,4552,5151,8,0,40,1,0,1,0,0
1355466,4,2024,2024,8,3,7,19,31,316,34609,0,1,7,-31.430749,152.91732,56,2,1,1,1,0,0,0,2,0,0,50,0,926,926,4,16,5,2,0,2,0,0
1355467,1,2024,2024,0,3,0,63,17,11,63,0,1,1,-34.103513,141.916784,51,2,1,1,2,0,0,0,0,0,7,60,2,9859,9859,8,16,40,1,0,0,0,1
1355473,1,2024,2024,8,2,3,2,27,5,34609,0,1,1,-28.503591,153.38124,10,1,0,1,0,2,3,6,1,0,7,100,0,945,945,5,0,40,1,0,0,0,1
1355474,4,2024,2024,6,1,3,8,10,165,34609,0,1,1,-32.329038,150.896137,46,1,0,0,0,0,3,1,1,0,7,100,0,1981,1981,4,10,13,2,0,1,1,0
1355475,4,2024,2024,6,0,6,8,27,194,34609,0,1,1,-30.475626,151.747438,1,1,0,0,0,0,3,3,2,0,7,100,0,3775,3775,0,0,0,2,0,1,1,0
1355477,2,2024,2024,3,3,7,10,27,290,34609,0,1,7,-33.852347,150.977745,21,0,2,1,1,0,0,0,2,0,0,50,0,926,926,4,19,13,2,0,0,1,0
1355478,4,2024,2024,7,6,3,344,31,32,34609,0,1,1,-29.069362,153.350959,60,2,1,1,0,0,0,0,1,0,7,50,0,121,121,9,0,28,2,0,1,0,0
1355479,2,2024,2024,6,1,3,4,27,8,34609,0,1,1,-31.286969,150.912112,70,1,0,1,0,2,0,0,2,0,7,100,0,9859,9859,8,10,40,1,0,0,1,0
1355480,2,2024,2024,8,2,2,132,31,252,126,0,1,10,-33.891079,151.210859,69,0,2,1,2,0,3,4,0,3,7,50,2,2040,2040,9,5,28,2,0,0,1,0
1355481,2,2024,2024,8,2,9,163,27,95,165,0,1,9,-33.733849,150.834225,7,0,2,1,2,0,3,4,0,0,0,60,1,6545,6545,4,5,5,2,0,0,1,0
1355483,4,2024,2024,0,2,8,51,1,63,34609,0,1,1,-33.924717,151.209839,4,0,2,1,0,0,0,0,2,0,9,40,0,1220,1220,9,5,28,2,0,1,0,0
1355484,2,2024,2024,0,1,6,145,31,43,39,0,1,7,-33.602039,150.822131,29,2,2,0,1,0,0,0,2,0,0,50,2,1192,1192,1,16,5,2,0,0,1,0
1355487,2,2024,2024,6,4,6,60,27,147,69,0,1,1,-33.868921,151.117187,14,0,2,1,1,0,3,4,2,0,7,60,2,9859,9859,1,5,12,2,0,0,1,0
1355488,1,2024,2024,0,2,11,2261,31,228,39,0,1,2,-34.772081,149.691611,26,2,1,1,2,0,0,0,0,0,7,60,2,9859,9859,8,16,40,1,0,0,0,1
1355492,2,2024,2024,8,0,8,36,27,15,82,0,1,1,-35.15955,147.339614,75,2,1,1,0,0,0,0,3,0,7,80,1,941,941,1,0,19,2,0,0,1,0
1355497,4,2024,2024,0,5,8,171,27,60,369,0,1,2,-34.015356,150.723969,12,0,2,0,1,0,0,0,2,0,7,80,2,1383,1383,1,8,0,2,0,1,0,0
1355500,2,2024,2024,6,5,3,1,31,5,34609,0,1,1,-32.541176,148.934797,22,2,1,1,0,0,0,3,2,0,7,50,0,945,945,5,5,40,1,0,0,1,0
1355508,2,2024,2024,0,1,2,92,31,363,34609,0,1,1,-33.75349,150.696989,55,0,2,1,3,0,2,6,0,0,7,40,0,9859,9859,8,5,40,1,0,0,1,0
1355509,1,2024,2024,8,4,3,294,17,6,288,0,1,1,-34.447768,142.480539,51,1,0,0,0,0,0,0,0,0,7,110,2,3775,3775,0,10,0,2,0,0,0,1
1355510,2,2024,2024,6,3,7,1104,14,125,962,0,1,6,-33.856723,151.072959,67,0,2,1,1,0,0,0,2,0,7,60,2,1383,1383,1,0,5,2,0,0,1,1
1355512,4,2024,2024,7,0,0,3,27,71,34609,0,1,9,-33.779677,150.695437,55,0,2,0,2,0,3,0,0,0,7,50,0,2585,4009,8,5,40,1,0,1,0,0
1355516,2,2024,2024,0,6,10,45,31,194,13,0,1,7,-30.508733,151.671052,1,2,1,1,2,0,3,3,0,0,0,50,1,5929,5929,1,5,40,2,0,0,1,0
1355517,2,2024,2024,4,3,3,1,27,151,34609,0,1,9,-34.019203,150.856192,13,0,2,1,0,0,2,6,2,0,2,50,0,4026,4026,8,5,40,1,0,0,1,0
1355519,2,2024,2024,6,3,4,348,17,2,232,0,1,1,-33.350461,150.041929,40,1,0,0,0,0,3,4,2,0,7,100,2,3775,3775,0,30,13,2,0,0,2,1
1355520,4,2024,2024,6,2,4,21,31,136,34609,0,1,1,-33.922905,151.083388,15,0,2,0,1,0,3,4,2,0,7,50,0,4552,5151,1,5,5,3,0,1,0,0
1355521,2,2024,2024,6,5,7,2126,17,445,2149,0,1,9,-33.853929,151.059686,21,0,2,1,0,0,0,0,2,0,7,60,2,2852,2852,4,5,19,2,0,0,1,0
1355522,4,2024,2024,6,4,8,346,17,24,332,0,1,1,-28.812063,153.378214,39,2,1,1,0,0,3,4,0,0,7,80,2,14295,14295,3,5,5,3,0,1,0,0
1355523,4,2024,2024,8,3,5,1104,14,94,962,0,1,3,-33.791092,150.809737,55,0,2,1,0,0,0,0,2,0,7,90,2,1383,1383,1,0,0,2,0,1,0,2
1355524,1,2024,2024,0,1,5,95,31,129,34609,0,1,10,-33.891398,151.113748,32,0,2,1,0,0,0,0,2,0,15,50,0,6545,6545,4,15,5,3,0,0,0,1
1355525,2,2024,2024,6,3,1,50,31,182,34609,0,1,1,-32.842025,151.339756,17,2,1,1,2,0,0,0,0,0,7,50,0,9859,9859,8,5,40,1,0,0,1,0
1355526,4,2024,2024,0,4,9,1,27,1,34609,0,1,1,-31.666,150.640926,51,1,0,1,0,0,0,0,0,0,7,100,0,4026,4026,8,0,40,1,0,2,0,0
1355527,4,2024,2024,3,4,9,3371,17,137,3342,0,1,10,-32.967983,151.694609,37,0,2,0,2,0,3,4,3,2,7,60,1,782,957,5,5,40,1,0,1,0,0
1355531,1,2024,2024,8,6,3,387,27,91,331,1,0,10,-33.963344,151.086748,25,0,2,1,2,0,0,0,1,2,7,60,2,2040,2040,9,33,28,2,0,0,0,1
1355532,4,2024,2024,8,6,11,24,31,91,34609,0,1,9,-32.976907,151.65839,37,0,2,1,2,0,0,0,0,0,0,50,0,14295,14295,3,5,19,2,0,1,0,0
1355533,4,2024,2024,6,2,6,120,36,12,148,0,1,1,-30.516945,151.979492,1,1,0,0,0,0,3,4,2,0,7,100,2,4552,5151,8,10,40,1,0,1,0,0
1355534,4,2024,2024,7,0,11,866,17,187,793,0,1,10,-33.795553,150.989666,54,0,2,1,2,0,0,0,0,2,7,70,2,14295,14295,3,10,19,2,0,1,0,0
1355536,2,2024,2024,8,2,4,149,36,120,113,1,0,7,-32.21372,152.525323,43,2,1,0,1,0,3,4,2,0,0,60,1,6545,6545,4,5,10,2,0,0,1,0
1355538,1,2024,2024,3,4,8,12,1,134,34609,0,1,10,-33.892611,151.251835,76,0,2,1,1,0,0,0,2,2,7,50,0,2040,2040,9,21,28,2,0,0,0,1
1355539,4,2024,2024,6,4,10,3,31,71,34609,0,1,1,-33.839572,150.974584,21,0,2,1,2,0,0,0,0,0,7,50,0,9859,9859,1,5,5,2,0,1,0,0
1355540,4,2024,2024,8,2,5,2,27,22,34609,0,1,1,-31.270272,152.098064,51,1,0,0,0,2,3,0,2,0,7,100,0,1850,1463,5,16,40,1,0,1,0,0
1355541,1,2024,2024,8,4,8,29,31,74,9,0,1,9,-33.752088,150.845676,7,0,2,1,0,0,0,0,2,2,7,60,2,5929,5929,1,10,36,2,0,0,0,1
1355542,2,2024,2024,6,5,8,294,17,215,288,0,1,9,-35.119104,147.370318,75,2,1,1,2,0,0,0,0,0,7,60,2,2852,2852,4,0,0,2,0,0,1,0
1355543,4,2024,2024,6,2,1,37,31,523,198,0,1,1,-33.925595,150.924905,41,0,2,0,2,0,3,4,0,0,7,60,2,2040,2040,9,33,28,2,0,1,0,0
1355546,4,2024,2024,8,4,10,35,10,20,148,0,1,9,-34.214429,151.006446,80,0,2,1,0,0,0,0,0,0,15,60,2,1945,1945,5,16,40,1,0,1,0,0
1355547,4,2024,2024,7,6,4,37,27,8,41,0,1,1,-28.884333,153.299266,39,2,1,0,0,0,0,3,2,0,7,80,1,14295,14295,3,0,5,2,0,2,0,0
1355549,2,2024,2024,0,3,1,103,27,12,34609,0,1,1,-33.14761,151.574392,16,2,2,0,2,0,0,0,0,0,7,60,0,4552,5151,8,0,40,1,0,0,1,0
1355553,4,2024,2024,7,3,6,3371,17,207,3342,0,1,1,-33.560212,151.190195,31,0,2,0,0,0,0,0,2,0,7,80,2,3775,3775,0,16,19,2,0,1,1,1
1355554,2,2024,2024,7,4,6,4,36,44,34609,0,1,1,-33.206811,151.499023,16,2,2,1,0,0,0,0,2,0,7,50,0,3775,3775,0,0,5,2,0,0,2,0
1355555,2,2024,2024,6,4,8,1104,14,136,962,0,1,3,-33.856544,151.067709,21,0,2,1,1,0,0,0,2,0,7,90,2,14295,14295,3,9,10,2,0,0,1,0
1355557,2,2024,2024,8,5,3,23,27,144,34609,0,1,1,-34.064905,151.010013,68,0,2,1,1,0,0,0,1,0,7,50,0,9859,9859,1,5,40,2,0,0,1,0
1355559,4,2024,2024,6,0,2,11,23,15,34609,0,1,1,-33.449448,151.322293,16,2,2,1,2,0,3,3,0,0,7,50,0,4026,4026,8,5,40,1,0,1,0,0
1355560,2,2024,2024,6,1,8,294,17,11,288,0,1,1,-35.180637,147.740736,75,1,0,1,0,0,0,0,2,0,7,100,2,4026,4026,8,0,40,1,0,0,1,1
1355561,2,2024,2024,8,6,7,1104,14,460,962,0,1,3,-33.820756,150.983805,21,0,2,1,1,0,0,0,2,0,7,90,2,1282,1282,1,16,5,2,0,0,1,0
1355569,2,2024,2024,8,3,9,11,36,12,11,0,1,1,-33.651928,149.028051,51,1,0,0,0,0,0,0,0,0,7,100,1,2585,4009,8,10,40,1,0,0,1,0
1355570,2,2024,2024,7,3,5,234,27,24,228,0,1,1,-33.409402,150.979146,31,0,2,0,0,0,0,0,2,0,7,80,2,4552,5151,8,0,40,1,0,0,1,0
1355571,2,2024,2024,8,0,0,74,27,22,59,0,1,2,-34.465422,150.870416,80,0,2,0,2,0,0,0,0,0,7,80,2,4552,5151,8,30,40,1,0,0,1,0
1355573,2,2024,2024,0,2,0,127,31,77,34609,0,1,2,-30.326926,149.784021,51,2,1,1,2,0,0,0,0,0,7,50,0,9859,9859,1,10,13,2,0,0,1,0
1355575,4,2024,2024,7,1,7,1,31,232,34609,0,1,9,-33.684398,150.914711,7,0,2,1,0,0,0,0,2,0,7,60,0,9859,9859,1,0,5,2,0,1,0,0
1355578,2,2024,2024,6,0,3,515,14,271,17,0,1,9,-33.940576,151.018399,15,0,2,1,1,0,0,0,2,2,7,60,2,4026,4026,8,5,40,3,0,0,1,0
1355579,2,2024,2024,6,3,9,52,27,438,103,0,1,9,-33.864166,151.021655,21,0,2,1,2,0,0,0,0,0,0,50,1,2040,2040,9,0,28,2,0,0,1,0
1355583,2,2024,2024,6,0,4,1,27,1,34609,0,1,1,-37.135277,149.930264,5,1,0,0,0,0,3,4,2,0,7,100,0,4552,5151,8,8,40,1,0,0,1,0
1355584,2,2024,2024,0,2,8,90,31,169,165,0,1,2,-33.903053,151.214548,69,0,2,1,1,0,3,4,2,0,7,60,2,1945,1945,5,15,40,1,0,0,1,0
1355585,4,2024,2024,6,1,11,104,27,443,702,0,1,9,-33.900597,151.065146,67,0,2,1,2,0,0,0,0,2,7,70,2,14295,14295,3,10,5,2,0,2,0,0
1355586,2,2024,2024,6,5,8,330,27,108,605,0,1,2,-33.764897,151.270498,50,0,2,1,0,0,0,0,2,0,7,60,2,1192,1192,1,22,27,2,0,0,1,0
1355587,2,2024,2024,7,5,10,8,27,11,34609,0,1,1,-34.431594,145.421214,51,1,0,1,0,0,0,0,0,0,7,100,0,945,945,5,0,40,1,0,0,1,0
1355588,2,2024,2024,6,5,8,8,6,57,34609,0,1,1,-33.329386,151.413801,16,2,2,1,0,0,0,0,2,0,7,50,0,9859,9859,1,9,10,2,0,0,1,0
1355589,2,2024,2024,6,5,8,1104,14,113,962,0,1,3,-33.785969,150.718246,55,0,2,1,0,0,0,0,2,0,7,110,2,14295,14295,3,5,40,3,0,0,1,0
1355590,2,2024,2024,7,5,9,82,27,9,103,0,1,1,-28.479034,153.230953,72,2,1,0,0,0,3,4,0,0,7,80,1,1850,1463,5,10,40,1,0,0,1,0
1355591,2,2024,2024,8,5,5,4,31,70,34609,0,1,10,-34.850758,150.602683,63,2,1,1,1,0,3,4,2,0,7,50,0,9859,9859,8,5,40,1,0,0,1,0
1355592,2,2024,2024,7,1,10,4,27,18,34609,0,1,1,-33.622224,149.123178,51,1,0,0,0,0,0,3,3,0,7,100,0,782,957,5,29,40,1,0,0,1,0
1355593,2,2024,2024,6,3,6,30,27,39,93,0,1,2,-33.754192,150.93254,7,0,2,0,1,0,0,0,2,0,7,60,1,1957,4009,8,0,40,1,0,0,2,0
1355595,4,2024,2024,8,0,6,3371,17,65,3342,0,1,9,-33.371259,151.376171,16,2,2,1,0,0,0,0,2,2,7,60,2,14295,14295,3,8,13,2,0,1,1,1
1355596,2,2024,2024,8,2,6,1,23,62,34609,0,1,7,-33.719482,150.855736,7,0,2,1,1,0,0,0,2,0,0,50,0,1945,1945,5,16,40,1,0,0,1,0
1355602,1,2024,2024,6,2,4,2209,17,204,2205,0,1,10,-33.939166,151.147863,4,0,2,1,1,0,3,4,2,2,7,60,2,1220,1220,9,0,28,2,0,0,0,1
1355603,2,2024,2024,6,6,6,1,23,18,34609,0,1,9,-33.012063,151.684162,37,0,2,0,1,0,0,0,2,0,15,50,0,1850,1463,5,16,40,1,0,0,1,0
1355607,4,2024,2024,6,6,4,31,31,562,34609,0,1,9,-32.261424,148.616225,22,2,1,1,0,0,0,3,2,0,7,40,0,5929,5929,1,5,19,2,0,1,1,0
1355611,4,2024,2024,7,5,3,46,1,69,34609,0,1,9,-33.77634,150.981032,54,0,2,1,1,0,0,0,2,0,15,50,0,2040,2040,9,5,28,2,0,1,0,0
1355612,4,2024,2024,7,0,8,8,27,3,34609,0,1,1,-33.123038,149.599259,3,1,0,0,0,0,0,3,2,0,7,100,0,4552,5151,8,16,40,1,0,1,0,0
1355613,2,2024,2024,6,0,11,153,27,188,147,1,0,9,-33.949112,151.105689,4,0,2,1,2,0,0,0,0,0,7,60,2,9859,9859,8,16,40,1,0,0,1,0
1355614,4,2024,2024,8,5,4,330,27,147,605,0,1,10,-33.758712,151.280556,50,0,2,0,1,0,0,0,2,2,7,60,2,14295,14295,3,0,13,3,0,1,0,1
1355615,2,2024,2024,8,1,10,9,27,61,9,0,1,1,-29.713228,151.724878,51,1,0,1,0,0,0,0,0,0,7,100,1,1089,1089,7,34,40,1,0,0,1,0
1355616,1,2024,2024,8,0,9,68,27,98,208,1,0,10,-33.747813,151.064081,31,0,2,1,2,0,0,0,0,0,0,60,2,5929,5929,1,5,5,2,0,0,0,1
1355617,4,2024,2024,6,6,10,33,27,26,260,0,1,9,-33.060844,151.560694,37,0,2,0,2,0,0,0,0,0,15,90,2,2852,2852,4,0,5,2,0,1,0,0
1355621,2,2024,2024,8,4,7,3,27,60,34609,0,1,1,-33.649779,150.2907,8,2,2,1,1,0,0,0,2,0,7,50,0,5929,5929,1,30,18,2,0,0,1,0
1355624,4,2024,2024,8,2,5,14,27,8,34609,0,1,1,-34.017731,150.648505,79,2,2,1,1,0,0,3,2,0,7,80,0,14295,14295,3,16,13,2,0,1,0,0
1355626,2,2024,2024,0,6,9,195,27,53,186,0,1,10,-33.929118,150.846943,41,0,2,1,2,0,0,0,0,2,7,70,2,5929,5929,1,9,5,2,0,0,1,0
1355629,4,2024,2024,6,5,8,19,1,47,44,0,1,9,-33.813085,151.157479,38,0,2,1,2,0,0,0,0,0,7,60,2,1220,1220,9,5,28,2,0,1,0,0
1355630,2,2024,2024,6,1,5,2261,17,284,2252,1,0,2,-33.905667,151.014019,15,0,2,1,1,0,0,0,2,0,7,70,2,1981,1981,4,10,21,2,0,0,1,0
1355632,4,2024,2024,8,6,9,22,27,12,26,0,1,1,-35.036136,147.363936,75,1,0,0,0,0,0,0,0,0,7,100,1,380,714,5,5,40,1,0,1,1,0
1355633,2,2024,2024,8,3,1,67,27,42,34609,0,1,1,-33.88795,150.86935,24,0,2,1,2,0,0,0,0,0,7,60,0,9859,9859,1,5,0,2,0,0,1,0
1355634,2,2024,2024,6,4,7,7,27,57,34609,0,1,1,-32.989492,151.697002,37,0,2,0,1,0,0,3,2,0,7,60,0,1669,1669,3,8,13,2,0,0,1,0
1355645,4,2024,2024,0,6,4,57,31,44,34609,1,0,1,-32.808213,151.425786,17,2,1,1,1,0,0,0,2,0,7,50,0,1109,397,1,0,19,2,0,1,0,0