Crash ID,Degree of crash - detailed,Reporting year,Year of crash,Month of crash,Day of week of crash,Two-hour intervals,Street of crash,Street type,Town,Route no.,School zone location,School zone active,Type of location,Latitude,Longitude,LGA,Urbanisation,Conurbation 1,Alignment,Street lighting,Road surface,Surface condition,Weather,Natural lighting,Signals operation,Other traffic control,Speed limit,Road classification,RUM - code,DCA - code,First impact type,Key TU type,Other TU type,No. of traffic units involved,No. killed,No. seriously injured,No. moderately injured,No. minor-other injured
1355651,2,2024,2024,8,3,6,2209,17,40,2205,0,1,2,-34.698063,150.843519,35,2,1,0,0,0,3,4,2,0,7,80,2,14295,14295,3,0,0,2,0,0,1,0
1355653,2,2024,2024,8,0,8,25,27,15,260,0,1,10,-32.992106,151.600181,37,0,2,1,2,0,3,4,2,2,7,60,2,5929,5929,1,5,5,5,0,0,2,0
1355654,2,2024,2024,3,5,10,63,31,252,34609,0,1,9,-33.886715,151.213742,69,0,2,1,2,0,0,0,0,2,7,40,0,2040,2040,9,9,28,2,0,0,1,0
1355656,2,2024,2024,8,5,5,4,27,29,34609,0,1,1,-31.915303,143.069874,51,1,0,1,0,2,0,0,2,0,7,100,0,1945,1945,5,16,40,1,0,0,1,0
1355658,2,2024,2024,8,4,1,19,31,204,34609,0,1,1,-33.940979,151.140202,4,0,2,1,0,0,0,0,0,0,7,50,0,4026,4026,1,10,5,3,0,0,1,0
1355659,2,2024,2024,6,4,6,86,27,16,34609,0,1,1,-30.079161,152.637525,18,1,0,0,0,0,0,0,2,0,7,100,0,4552,5151,8,5,40,1,0,0,1,0
1355661,2,2024,2024,8,3,8,82,31,39,34609,1,0,10,-31.068383,152.82612,34,2,1,1,1,0,0,0,3,0,15,50,0,6545,6545,4,30,0,2,0,0,2,0
1355662,4,2024,2024,6,4,7,1,18,47,34609,0,1,1,-28.823341,153.4309,2,2,1,0,0,0,0,0,2,0,7,40,0,3775,3775,0,5,5,2,0,1,0,0
1355663,4,2024,2024,8,1,9,20,27,112,34609,0,1,1,-33.910766,151.206742,69,0,2,1,2,0,3,3,0,0,7,50,0,9859,9859,8,15,40,1,0,1,0,0
1355665,4,2024,2024,3,2,5,8,27,33,5,0,1,1,-34.789428,150.775698,63,2,1,1,0,0,0,0,2,0,7,80,1,14295,14295,3,5,13,2,0,1,0,1
1355667,4,2024,2024,7,4,5,1,18,161,34609,0,1,0,-33.730198,151.159172,36,0,2,0,1,0,3,0,2,0,7,50,0,2585,4009,8,5,40,1,0,1,0,0
1355669,2,2024,2024,6,0,8,222,31,131,212,0,1,9,-33.785274,151.186247,77,0,2,1,2,0,3,4,0,0,7,60,2,14295,14295,3,5,5,2,0,0,1,0
1355670,4,2024,2024,0,1,7,143,31,173,181,0,1,9,-33.881203,151.218066,69,0,2,1,1,0,0,0,2,2,9,50,2,2040,2040,9,5,28,2,0,1,0,0
1355671,2,2024,2024,0,1,8,17,27,562,34609,0,1,1,-32.307089,148.592417,22,1,0,0,0,0,0,0,2,0,7,100,0,1850,1463,5,10,40,1,0,0,1,0
1355672,2,2024,2024,6,3,7,23,27,7,47,0,1,1,-34.645396,150.703659,35,2,1,0,0,0,0,0,2,0,7,80,1,782,957,5,16,40,1,0,0,1,0
1355674,1,2024,2024,0,2,5,1,10,57,34609,0,1,9,-34.666127,150.849359,35,2,1,1,1,0,0,0,2,0,0,50,0,14295,14295,3,9,12,2,0,0,0,1
1355677,4,2024,2024,0,5,4,4,25,40,34609,0,1,9,-33.73534,150.959644,71,0,2,1,1,0,0,0,2,0,7,50,0,2040,2040,9,5,28,2,0,1,0,0
1355678,4,2024,2024,6,0,6,162,31,532,24,0,1,10,-33.868684,151.206035,69,0,2,1,1,0,3,3,2,2,7,40,1,1220,1220,9,9,28,2,0,1,0,0
1355679,4,2024,2024,6,6,3,220,14,78,220,0,1,6,-34.475713,150.830131,80,0,2,1,0,0,0,3,2,0,7,100,2,4026,4026,8,10,40,1,0,1,0,0
1355683,2,2024,2024,8,0,8,12,1,134,34609,0,1,10,-33.98368,150.803568,12,0,2,1,1,0,0,0,2,0,0,50,0,6545,6545,4,5,5,2,0,0,1,0
1355685,1,2024,2024,3,2,9,49,31,387,34609,0,1,7,-33.932644,151.19747,4,0,2,1,1,0,0,0,2,0,0,50,0,6545,6545,4,0,18,2,0,0,0,1
1355687,4,2024,2024,0,5,7,387,36,115,69,0,1,9,-33.748511,151.223997,50,0,2,1,2,0,3,4,2,2,9,70,2,368,368,9,0,28,2,0,1,0,0
1355689,4,2024,2024,0,3,4,293,31,128,369,0,1,10,-33.622644,150.803471,29,2,2,1,1,0,0,0,2,2,7,60,2,5929,5929,1,5,19,2,0,1,0,0
1355690,4,2024,2024,7,5,4,251,14,139,124,0,1,3,-33.830238,151.213293,49,0,2,0,1,0,0,0,2,0,7,60,2,14295,14295,3,16,0,2,0,1,0,0
1355697,2,2024,2024,8,2,5,6,1,77,33,0,1,1,-32.566474,151.163059,64,2,1,0,1,0,0,0,2,0,7,50,1,4552,5151,1,5,13,3,0,0,1,0
1355702,2,2024,2024,8,3,8,2209,17,27,2205,0,1,2,-34.535262,150.785987,80,0,2,0,2,0,3,4,0,0,7,80,2,1957,4009,8,21,40,1,0,0,1,0
1355704,1,2024,2024,0,2,9,1,18,3,34609,0,1,1,-34.699764,147.636969,51,2,1,1,0,2,0,0,3,0,7,80,0,1945,1945,5,23,40,1,0,0,0,1
1355706,4,2024,2024,3,2,0,283,27,145,702,0,1,9,-33.92698,151.070909,15,0,2,1,2,0,0,0,0,0,7,60,2,9859,9859,8,0,40,1,0,1,0,0
1355708,2,2024,2024,6,1,4,916,17,44,917,0,1,1,-32.116969,150.872293,73,1,0,1,0,0,0,0,2,0,7,100,2,14295,14295,3,3,5,3,0,0,1,2
1355710,4,2024,2024,8,1,11,3371,17,13,3342,0,1,2,-33.18577,151.539492,16,2,2,1,0,0,0,0,0,0,7,80,2,3775,3775,0,22,13,2,0,1,0,0
1355712,4,2024,2024,6,1,8,37,31,198,41,0,1,9,-33.914436,151.104143,15,0,2,1,2,0,0,0,3,0,7,40,1,2040,2040,9,0,28,2,0,1,0,0
1355713,4,2024,2024,0,4,6,67,27,157,55,0,1,9,-34.014069,151.104685,68,0,2,0,1,0,0,0,2,2,7,70,2,775,775,4,0,5,2,0,1,0,0
1355717,4,2024,2024,6,3,5,11,1,111,34609,1,0,1,-33.70529,150.886741,7,0,2,1,0,0,0,0,2,0,9,50,0,2040,2040,9,5,28,2,0,1,0,0
1355723,4,2024,2024,6,6,2,6,27,46,34609,1,0,9,-35.178747,147.364706,75,2,1,1,0,0,3,3,0,0,0,60,0,2852,2852,4,5,0,2,0,1,0,0
1355724,4,2024,2024,0,5,3,57,27,30,126,0,1,9,-32.767369,151.63072,42,2,1,0,1,0,0,0,2,0,15,80,2,5929,5929,1,0,19,2,0,1,0,0
1355725,4,2024,2024,0,1,10,3,27,36,34609,0,1,1,-32.939804,151.61832,37,0,2,1,0,0,0,0,0,0,7,80,0,9859,9859,8,0,40,1,0,1,0,0
1355726,4,2024,2024,0,6,8,1104,11,130,770,0,1,2,-33.869852,151.188481,69,0,2,0,2,0,0,0,3,0,7,60,2,1850,1463,5,16,40,1,0,1,0,0
1355728,4,2024,2024,8,0,7,109,27,95,382,0,1,10,-33.73313,150.848547,7,0,2,1,1,0,3,0,2,2,7,60,2,1669,1669,3,0,5,3,0,1,1,0
1355730,2,2024,2024,6,6,9,11,31,107,34609,0,1,10,-29.681338,152.941485,18,2,1,1,2,0,3,4,0,0,0,50,0,6545,6545,4,5,5,2,0,0,1,0
1355734,2,2024,2024,6,6,7,10,31,19,34609,0,1,10,-33.430264,149.574789,3,2,1,1,1,0,0,0,2,0,15,60,0,775,775,4,0,5,3,0,0,1,0
1355738,4,2024,2024,7,4,3,11,1,609,136,0,1,9,-33.775971,150.921743,7,0,2,1,0,0,0,0,2,0,7,60,2,1383,1383,1,8,0,2,0,1,0,0
1355739,2,2024,2024,0,2,0,1,25,29,34609,0,1,1,-35.093825,150.611062,63,2,1,1,0,0,0,0,0,0,7,50,0,368,368,9,21,28,2,0,0,1,0
1355740,4,2024,2024,7,6,9,1,10,6,34609,0,1,9,-32.677559,151.363934,17,2,1,0,0,0,0,0,2,0,7,50,0,1850,1463,5,16,40,1,0,1,0,0
1355743,2,2024,2024,6,6,6,6,31,103,45,0,1,1,-34.30989,148.285617,30,2,1,1,1,0,0,0,2,0,7,50,1,9859,9859,8,5,40,2,0,0,1,0
1355745,4,2024,2024,0,6,2,162,31,532,24,0,1,10,-33.868684,151.206035,69,0,2,1,2,0,0,0,0,2,7,40,1,6545,6545,4,16,13,2,0,1,1,0
1355747,2,2024,2024,6,6,9,485,27,50,769,0,1,9,-33.625789,150.838729,29,2,2,1,2,0,0,0,0,2,7,80,2,2852,2852,4,0,13,2,0,0,1,0
1355750,2,2024,2024,8,2,2,204,31,252,34609,0,1,1,-33.886693,151.215397,69,0,2,1,2,0,3,4,0,0,7,40,0,312,312,2,33,40,1,0,0,1,0
1355752,4,2024,2024,6,5,0,15,27,103,34609,0,1,9,-28.821493,153.31946,39,2,1,0,2,0,0,0,0,0,7,50,0,2040,2040,9,0,28,2,0,1,0,0
1355753,2,2024,2024,3,1,1,230,27,80,284,0,1,10,-33.812498,151.170914,38,0,2,0,2,0,0,0,0,2,7,60,2,2585,4009,8,5,40,1,0,0,1,0
1355754,1,2024,2024,6,3,8,63,17,11,63,0,1,10,-34.106891,141.919246,51,2,1,1,1,0,0,0,2,0,0,40,2,6545,6545,4,5,13,2,0,0,0,3
1355755,2,2024,2024,6,2,9,330,23,293,112,0,1,9,-33.937063,151.238019,59,0,2,1,2,0,3,3,0,0,15,50,2,926,926,4,33,18,2,0,0,1,0
1355757,2,2024,2024,7,2,10,3,6,201,34609,0,1,1,-34.894975,150.617124,63,2,1,0,2,0,0,0,0,0,7,50,0,312,312,2,33,40,1,0,0,1,0
1355758,4,2024,2024,0,2,8,45,3,41,331,0,1,1,-34.071187,150.70042,12,0,2,1,0,0,0,0,2,0,7,80,2,14295,14295,3,10,5,3,0,1,0,0
1355763,1,2024,2024,3,6,7,14,1,198,32,0,1,1,-33.909167,151.099206,15,0,2,1,2,0,0,0,2,0,7,50,1,1669,1669,3,19,5,2,0,0,0,1
1355766,4,2024,2024,7,2,7,1,27,8,34609,0,1,1,-32.706384,151.943286,57,2,1,0,0,2,3,4,2,0,7,60,0,2585,4009,8,0,40,1,0,1,0,0
1355767,4,2024,2024,0,0,11,346,17,87,332,0,1,2,-28.815541,153.28834,39,2,1,1,2,0,0,0,0,0,7,60,2,9859,9859,1,5,5,2,0,1,0,0
1355768,4,2024,2024,0,1,7,1,27,3,34609,0,1,1,-33.938699,149.895923,51,1,0,0,0,2,0,0,2,0,7,100,0,418,714,5,16,40,1,0,1,0,0
1355772,2,2024,2024,8,0,8,24,27,12,31,0,1,1,-28.76457,153.102047,60,1,0,1,0,0,0,0,2,0,7,100,1,14295,14295,3,0,0,2,0,0,2,0
1355773,2,2024,2024,8,2,8,5,27,57,34609,0,1,1,-32.97281,151.686635,37,0,2,1,2,0,3,4,3,0,7,50,0,368,368,9,5,28,2,0,0,1,1
1355776,1,2024,2024,6,6,8,829,1,225,34609,0,1,9,-33.791506,151.198474,77,0,2,1,2,0,0,0,3,2,7,50,0,775,775,4,0,0,4,0,0,0,1
1355778,4,2024,2024,6,5,2,60,10,121,34609,0,1,0,-28.208038,153.544912,72,2,1,1,2,0,0,0,0,0,7,60,0,1981,1981,4,5,27,2,0,1,0,0
1355779,1,2024,2024,8,3,8,8,31,198,34609,0,1,2,-33.914255,151.103817,15,0,2,1,2,0,0,0,3,0,7,40,0,387,387,1,22,0,2,0,0,0,1
1355781,2,2024,2024,6,5,8,1,27,155,34609,0,1,10,-33.153513,148.18749,53,2,1,1,0,0,0,0,2,0,0,60,0,6545,6545,4,0,13,2,0,0,1,0
1355782,1,2024,2024,8,6,8,14,31,445,34609,0,1,9,-33.855989,151.046322,21,0,2,1,0,0,3,4,0,0,7,60,0,2040,2040,9,5,28,2,0,0,0,1
1355784,2,2024,2024,6,1,3,40,27,105,34609,0,1,1,-32.715253,151.508026,42,2,1,1,1,0,0,0,2,0,7,60,0,9859,9859,1,30,11,2,0,0,1,0
1355785,4,2024,2024,6,0,8,2,27,9,13,0,1,10,-35.198114,146.707524,51,1,0,1,0,0,0,0,3,0,0,100,1,6545,6545,4,10,5,2,0,1,0,0
1355787,4,2024,2024,3,1,9,2126,17,171,2149,0,1,2,-33.816252,150.973033,21,0,2,1,1,0,0,0,2,2,9,80,2,1220,1220,9,5,28,2,0,1,0,0
1355788,4,2024,2024,6,1,8,37,27,438,34609,0,1,1,-33.871574,151.023365,21,0,2,1,1,0,0,0,2,0,7,50,0,5929,5929,1,21,5,2,0,1,0,0
1355792,4,2024,2024,0,6,9,361,32,460,42,0,1,9,-33.847163,150.989759,21,0,2,1,2,0,0,0,3,0,7,50,1,926,926,4,5,5,2,0,1,0,0
1355797,1,2024,2024,8,4,8,48,10,51,166,0,1,7,-33.254411,151.49682,16,2,2,0,1,0,0,0,3,0,0,50,2,1669,1669,3,0,5,2,0,0,0,1
1355798,4,2024,2024,6,4,8,104,27,443,702,0,1,9,-33.915768,151.062943,15,0,2,0,1,0,0,0,2,2,7,60,2,5929,5929,1,10,36,2,0,1,0,0
1355805,1,2023,2023,8,1,1,108,31,363,34609,0,1,1,-33.757588,150.690509,55,0,2,1,3,0,2,6,0,0,7,50,0,312,312,2,22,40,1,0,0,0,1
1355808,2,2024,2024,6,1,8,36,27,290,55,0,1,9,-33.849643,150.972717,21,0,2,1,0,0,0,0,2,0,0,50,1,1669,1669,3,10,0,2,0,0,1,0
1355809,2,2024,2024,8,4,8,51,27,74,45,0,1,2,-33.744083,150.83503,7,0,2,1,2,0,0,0,3,0,7,60,1,2040,2040,9,5,28,2,0,0,1,0
1355810,2,2024,2024,8,1,9,11,27,42,34609,1,0,9,-33.888576,150.869234,24,0,2,1,3,0,0,0,3,0,7,60,0,2040,2040,9,0,28,2,0,0,1,0
1355813,4,2024,2024,5,5,3,3371,17,73,3342,0,1,10,-33.774112,151.167713,36,0,2,1,3,0,3,4,2,2,7,60,2,14295,14295,3,5,0,2,0,1,0,1
1355815,2,2024,2024,6,5,2,2261,17,14,2252,0,1,2,-34.807161,149.542762,26,1,0,1,0,0,0,0,0,0,7,110,2,14295,14295,3,9,2,2,0,0,1,0
1355818,1,2024,2024,8,5,4,14,6,120,34609,0,1,1,-32.197556,152.531636,43,2,1,1,3,0,0,0,2,0,7,50,0,214,214,9,10,28,3,0,0,0,1
1355821,2,2024,2024,0,5,3,13,27,5,143,0,1,1,-34.616277,149.619166,74,1,0,0,0,0,0,0,2,0,7,100,2,418,714,5,5,40,1,0,0,2,0
1355826,1,2024,2024,6,1,7,171,31,523,34609,0,1,1,-33.91794,150.925123,41,0,2,1,3,0,0,0,2,2,7,30,0,1981,1981,4,5,5,2,0,0,0,1
1355827,4,2024,2024,6,4,9,7,1,163,34609,0,1,1,-33.853428,151.096637,14,0,2,1,2,0,0,0,0,0,7,50,0,312,312,2,5,40,1,0,1,0,0
1355828,2,2024,2024,6,2,2,71,27,8,69,0,1,1,-36.277554,148.988801,65,1,0,0,3,0,0,0,0,0,7,100,2,3775,3775,0,0,36,2,0,0,1,0
1355831,2,2024,2024,8,0,7,165,31,128,369,0,1,9,-33.626148,150.797695,29,2,2,1,1,0,0,0,2,0,15,60,2,5929,5929,1,10,27,2,0,0,1,0
1355832,2,2024,2024,0,1,9,19,27,143,34609,0,1,1,-33.880472,151.106464,9,0,2,1,2,0,0,0,0,0,7,50,0,238,238,9,0,28,2,0,0,1,0
1355833,4,2024,2024,8,6,5,15,31,201,46,0,1,2,-34.888141,150.608429,63,2,1,1,1,0,0,0,2,0,7,60,1,591,591,1,18,5,2,0,1,0,0
1355838,2,2024,2024,0,1,6,44,1,126,22,0,1,10,-33.938837,150.810893,41,0,2,1,1,0,0,0,2,0,0,60,1,6545,6545,4,5,0,2,0,0,1,1
1355839,2,2024,2024,3,3,9,37,27,58,34609,0,1,1,-33.226949,151.41508,16,2,2,0,0,0,0,0,2,0,7,80,0,4552,5151,8,34,40,1,0,0,1,0
1355840,2,2024,2024,0,4,9,29,27,17,34609,0,1,1,-28.242096,153.492133,72,2,1,1,0,0,0,0,0,0,7,60,0,1945,1945,5,16,40,1,0,0,1,0
1355842,4,2024,2024,8,6,7,280,10,237,240,0,1,9,-33.87744,150.965784,24,0,2,1,1,0,0,0,2,2,7,60,2,14295,14295,3,5,0,3,0,1,1,0
1355848,4,2024,2024,8,5,9,42,27,71,34609,0,1,1,-33.779535,150.691105,55,0,2,1,1,0,0,0,0,0,7,50,0,2040,2040,9,5,28,2,0,1,0,0
1355849,4,2024,2024,6,3,9,1,27,134,34609,0,1,9,-33.509889,151.31205,16,2,2,1,2,0,0,0,0,0,0,50,0,2852,2852,4,5,19,2,0,1,0,0
1355851,2,2024,2024,8,0,8,19,27,61,49,0,1,1,-33.891781,150.903616,24,0,2,1,3,0,0,0,3,0,7,60,1,9859,9859,1,5,23,3,0,0,1,0
1355853,2,2024,2024,8,4,6,123,27,316,120,0,1,10,-33.903991,151.252856,59,0,2,1,0,0,0,0,2,2,9,50,2,1220,1220,9,10,28,2,0,0,1,0
1355855,2,2024,2024,5,1,1,1,27,4,34609,0,1,1,-29.071992,152.881954,60,1,0,0,0,0,3,4,0,0,7,100,0,4552,5151,8,10,40,1,0,0,1,0
1355856,4,2024,2024,7,2,2,15,27,4,34609,0,1,1,-33.350491,149.35378,3,1,0,0,0,0,0,0,0,0,7,100,0,273,957,5,10,40,1,0,1,1,0
1355857,4,2024,2024,3,5,8,224,27,387,321,0,1,10,-33.925531,151.195439,4,0,2,1,1,0,0,0,2,2,7,50,2,5929,5929,1,0,18,2,0,1,0,0
1355860,1,2024,2024,8,5,2,1,31,463,34609,0,1,9,-30.302697,153.123204,19,2,1,1,2,0,3,4,1,0,0,50,0,6545,6545,4,5,5,2,0,0,0,1
1355861,1,2024,2024,6,5,4,133,27,219,260,0,1,9,-32.911453,151.662891,48,0,2,1,3,0,0,0,2,0,0,70,2,5929,5929,1,5,5,2,0,0,0,1
1355866,4,2024,2024,6,1,6,8,31,35,34609,0,1,10,-31.078711,152.842265,34,2,1,1,1,0,0,0,2,2,7,50,0,256,256,4,0,13,3,0,1,1,0
1355867,1,2024,2024,6,1,7,168,10,387,260,0,1,2,-33.94594,151.177002,4,0,2,1,3,0,3,0,2,0,7,70,2,14295,14295,3,5,36,3,0,0,0,1
1355868,2,2024,2024,6,0,4,6,27,74,34609,0,1,10,-34.028616,150.758611,12,0,2,1,3,0,0,0,2,0,15,60,0,6545,6545,4,5,0,2,0,0,1,0
1355870,2,2024,2024,6,5,4,44,31,69,34609,0,1,7,-32.93156,151.745339,48,0,2,1,0,0,0,0,2,0,0,50,0,6545,6545,4,9,27,2,0,0,1,0
1355876,4,2024,2024,3,5,6,475,10,37,268,0,1,1,-33.864973,150.709966,55,0,2,0,1,0,3,4,2,0,7,80,2,782,957,5,9,40,1,0,1,0,0
1355877,2,2024,2024,6,2,9,10,10,232,34609,0,1,7,-33.68183,150.921045,71,0,2,0,2,0,0,3,0,0,0,50,0,6545,6545,4,5,0,2,0,0,1,0
1355878,2,2024,2024,6,4,3,225,27,304,140,0,1,9,-33.912709,151.15405,32,0,2,1,0,0,0,0,2,2,7,50,1,2852,2852,4,16,0,2,0,0,1,0
1355879,2,2024,2024,6,2,9,1,18,14,34609,0,1,1,-31.159923,150.879565,70,1,0,1,0,2,0,0,0,0,7,100,0,9859,9859,8,0,40,1,0,0,1,0
1355880,2,2024,2024,6,5,9,40,27,94,40,0,1,10,-33.885013,150.933801,24,0,2,1,1,0,0,0,0,0,7,60,1,1259,985,8,9,40,1,0,0,1,0
1355883,2,2024,2024,4,5,3,157,17,3,158,0,1,1,-33.851529,146.87648,51,1,0,1,0,0,0,3,2,0,7,100,2,9859,9859,8,10,40,1,0,0,1,0
1355887,1,2024,2024,7,0,4,77,12,45,331,0,1,1,-34.255222,150.57425,79,2,2,1,1,0,0,0,2,0,7,80,1,5929,5929,1,5,0,2,0,0,0,1
1355888,4,2024,2024,6,4,10,251,27,64,212,0,1,9,-33.760454,151.214373,50,0,2,1,2,0,0,0,0,2,7,70,2,5929,5929,1,16,5,2,0,1,0,0
1355892,2,2024,2024,0,1,7,14,27,78,34609,0,1,1,-28.330218,153.387784,72,2,1,0,0,0,3,3,2,0,7,50,0,3775,3775,0,5,13,2,0,0,2,0
1355897,2,2024,2024,3,6,4,56,27,130,34609,0,1,9,-33.86999,151.197201,69,0,2,0,0,0,0,0,2,0,9,40,0,6545,6545,4,22,27,2,0,0,1,1
1355898,2,2024,2024,0,3,2,8,1,21,34609,0,1,1,-33.876938,151.237989,81,0,2,0,2,0,0,0,0,0,7,50,0,4552,5151,8,30,40,1,0,0,3,1
1355900,2,2024,2024,0,2,10,78,31,62,6,0,1,9,-33.890757,151.148957,32,0,2,0,2,0,0,0,0,0,9,60,1,2040,2040,9,5,28,2,0,0,1,0
1355907,2,2024,2024,5,6,7,2,27,15,34609,0,1,1,-28.918338,153.179106,60,1,0,0,0,0,3,4,2,0,7,100,0,3775,3775,0,5,13,2,0,0,1,1
1355912,4,2024,2024,8,4,3,13,27,89,34609,0,1,9,-33.866156,150.88342,24,0,2,1,0,0,3,0,2,0,7,50,0,3775,3775,0,5,0,2,0,1,1,0
1355914,2,2024,2024,8,0,2,18,27,50,34609,0,1,1,-33.643764,150.862901,29,2,2,0,0,0,3,1,0,0,7,60,0,4552,5151,8,5,40,1,0,0,1,0
1355915,2,2024,2024,6,1,3,50,36,5,43,0,1,1,-36.462017,148.38246,65,2,1,0,0,0,1,0,1,0,7,80,2,4552,5151,8,5,40,1,0,0,1,0
1355917,2,2024,2024,6,0,6,1,27,9,34609,0,1,1,-32.95753,144.981981,51,1,0,1,3,2,0,3,2,0,7,100,0,1945,1945,5,16,40,1,0,0,1,0
1355922,1,2024,2024,0,6,3,17,36,57,72,0,1,7,-28.636009,153.547407,10,2,1,1,0,0,0,0,2,0,0,60,2,926,926,4,22,5,2,0,0,0,1
1355925,4,2024,2024,6,6,12,46,31,35,34609,0,1,10,-31.077537,152.842659,34,2,1,1,1,0,0,0,2,2,7,50,1,1981,1981,4,5,5,2,0,1,0,0
1355927,4,2024,2024,3,5,4,55,36,22,35,0,1,1,-32.875944,149.948014,44,1,0,0,0,0,3,3,2,0,7,90,1,1192,1192,1,16,19,2,0,1,0,1
1355928,4,2024,2024,6,3,6,1,1,147,34609,0,1,1,-33.754002,151.281955,50,0,2,0,0,0,3,4,2,0,7,50,0,1957,4009,1,5,0,2,0,1,0,0
1355929,4,2024,2024,3,1,7,2261,17,30,2252,0,1,2,-34.802741,148.492131,30,1,0,1,0,0,0,0,2,0,7,110,2,9859,9859,8,5,40,1,0,1,0,0
1355930,2,2024,2024,5,1,4,2,27,61,34609,0,1,9,-35.875612,150.085757,23,2,1,0,3,0,0,0,2,0,7,50,0,5929,5929,1,5,13,2,0,0,1,0
1355933,4,2024,2024,6,2,10,500,27,646,799,0,1,2,-33.934878,151.024866,15,0,2,1,2,0,3,4,0,0,7,60,2,1192,1192,1,0,13,2,0,1,0,0
1355934,2,2024,2024,6,3,6,2126,17,36,2149,0,1,9,-33.808271,150.937209,21,0,2,1,1,0,3,4,2,2,7,80,2,14295,14295,3,10,5,2,0,0,1,0
1355935,1,2024,2024,8,4,11,204,31,169,99,0,1,9,-33.900239,151.210311,69,0,2,1,3,0,0,0,0,2,9,50,2,1669,1669,3,0,19,2,0,0,0,1
1355936,2,2024,2024,8,6,3,39,31,246,99,0,1,10,-33.901753,151.200142,69,0,2,1,1,0,0,0,2,2,7,50,2,591,591,1,22,40,2,0,0,1,0
1355938,4,2024,2024,0,0,4,44,27,121,34609,0,1,10,-33.804672,151.286033,50,0,2,1,1,0,0,0,2,0,15,50,0,4026,4026,8,5,40,1,0,1,0,0
1355940,2,2024,2024,5,1,6,7,31,78,34609,0,1,9,-33.850438,151.008629,21,0,2,1,3,0,0,0,2,0,7,50,0,5929,5929,1,5,13,2,0,0,1,0
1355941,1,2024,2024,6,3,5,192,31,316,56,0,1,10,-33.902835,151.244823,59,0,2,1,3,0,0,0,2,2,7,50,1,14295,14295,3,5,0,2,0,0,0,1
1355942,2,2024,2024,6,2,11,6,31,83,65,0,1,9,-29.70882,152.940924,18,2,1,1,2,0,3,4,0,0,7,50,1,9859,9859,8,30,40,1,0,0,1,0
1355943,2,2024,2024,8,1,3,161,17,23,161,0,1,1,-36.620791,149.415804,5,1,0,1,0,0,3,1,1,0,7,100,2,1089,1089,7,10,40,2,0,0,1,0
1355947,1,2024,2024,6,0,7,55,10,96,47,0,1,2,-33.433916,151.390545,16,2,2,1,1,0,0,0,2,0,7,60,2,14295,14295,3,30,5,2,0,0,0,1
1355949,1,2024,2024,8,1,4,169,31,108,57,0,1,9,-28.865451,153.548444,2,2,1,1,3,0,0,0,2,0,0,60,1,14295,14295,3,8,0,2,0,0,0,1
1355950,1,2024,2024,6,6,7,42,31,53,118,0,1,7,-31.087033,150.926459,70,2,1,1,3,0,0,0,2,0,0,40,2,14295,14295,3,0,0,2,0,0,0,1
1355953,2,2024,2024,0,6,9,500,27,145,799,0,1,10,-33.930026,151.069647,15,0,2,1,2,0,2,6,0,0,0,60,2,14295,14295,3,0,36,2,0,0,1,0
1355954,4,2024,2024,8,0,8,12,10,14,34609,0,1,1,-33.145534,151.580132,16,2,2,0,2,0,0,0,0,0,7,60,0,4552,5151,8,5,40,1,0,1,0,0
1355955,4,2024,2024,6,4,5,147,27,224,21,0,1,10,-33.831015,151.244293,45,0,2,1,1,0,0,0,2,2,7,50,1,2040,2040,9,9,28,2,0,1,0,0
1355957,4,2024,2024,6,6,5,344,27,609,163,1,0,9,-33.757621,150.894542,7,0,2,1,1,0,0,0,2,2,9,60,2,2040,2040,9,5,26,2,0,1,0,0
1355959,2,2024,2024,7,5,11,4,22,9,34609,0,1,1,-33.455685,149.550276,3,2,1,1,0,0,0,0,0,0,7,60,0,14295,14295,3,10,5,2,0,0,1,0
1355960,4,2024,2024,6,2,9,13,27,151,34609,0,1,1,-34.039237,150.831449,13,0,2,1,0,0,3,4,0,0,7,60,0,1383,1383,1,5,5,3,0,1,1,1
1355961,2,2024,2024,6,2,7,3371,17,67,3342,0,1,9,-33.3936,151.350031,16,2,2,1,0,0,3,0,2,0,7,60,2,1669,1669,3,0,5,2,0,0,1,0
1355962,1,2024,2024,6,0,8,2209,17,106,2205,0,1,9,-34.568024,150.803086,62,0,2,0,3,0,0,0,2,2,7,60,2,1282,1282,1,5,5,2,0,0,0,1
1355964,1,2024,2024,6,0,5,9,1,187,34609,1,0,4,-33.889833,150.975852,15,0,2,0,3,0,0,0,2,0,7,50,0,14295,14295,3,5,5,2,0,0,0,1
1355969,4,2024,2024,7,2,11,9,27,15,34609,0,1,1,-33.066673,151.332091,16,1,2,0,0,2,3,4,0,0,7,100,0,4552,5151,8,10,40,1,0,1,0,1
1355974,4,2024,2024,8,3,6,225,17,32,180,0,1,1,-34.562456,150.623424,78,2,1,0,0,0,0,0,2,0,7,60,2,4552,5151,8,16,40,1,0,1,0,0
1355975,2,2024,2024,6,4,6,222,31,131,212,0,1,9,-33.785392,151.185872,36,0,2,1,3,0,0,0,2,0,7,60,2,1669,1669,3,5,0,2,0,0,1,1
1355976,2,2024,2024,7,6,10,43,27,18,34609,0,1,1,-28.39311,153.567213,72,2,1,0,0,0,0,0,0,0,7,50,0,2585,4009,8,5,40,1,0,0,1,0
1355979,4,2024,2024,8,5,6,1,25,197,34609,0,1,10,-33.7953,151.138682,61,0,2,1,1,0,0,0,2,0,0,50,0,6545,6545,4,5,0,2,0,1,0,0