Crash ID,Degree of crash - detailed,Reporting year,Year of crash,Month of crash,Day of week of crash,Two-hour intervals,Street of crash,Street type,Town,Route no.,School zone location,School zone active,Type of location,Latitude,Longitude,LGA,Urbanisation,Conurbation 1,Alignment,Street lighting,Road surface,Surface condition,Weather,Natural lighting,Signals operation,Other traffic control,Speed limit,Road classification,RUM - code,DCA - code,First impact type,Key TU type,Other TU type,No. of traffic units involved,No. killed,No. seriously injured,No. moderately injured,No. minor-other injured
1355980,4,2024,2024,3,3,7,3,27,6,34609,0,1,1,-30.570145,152.799298,47,2,1,0,0,2,0,0,2,0,7,80,0,3775,3775,0,16,5,3,0,2,0,0
1355985,4,2024,2024,5,1,8,30,27,609,93,0,1,9,-33.749399,150.923503,7,0,2,1,2,0,3,4,3,0,15,60,1,190,190,1,5,5,2,0,1,0,0
1355986,1,2024,2024,6,0,10,14,31,149,34609,0,1,10,-33.819976,150.973559,21,0,2,1,0,0,0,0,0,0,7,50,0,1282,1282,1,33,5,2,0,0,0,1
1355987,4,2024,2024,7,6,7,63,31,273,34609,0,1,1,-34.425771,150.899083,80,0,2,1,1,0,0,0,2,0,7,50,0,368,368,9,5,28,2,0,1,0,0
1355989,2,2024,2024,6,0,11,2209,17,79,2205,0,1,7,-34.904692,150.602503,63,2,1,1,2,0,0,0,0,0,0,70,2,6545,6545,4,0,13,2,0,0,1,0
1355990,1,2024,2024,6,4,5,24,31,112,60,0,1,10,-36.052549,146.933635,0,2,1,1,1,0,0,3,2,2,7,60,1,5929,5929,1,0,36,2,0,0,0,1
1355992,2,2024,2024,6,2,7,42,36,35,34609,0,1,9,-30.483373,153.006672,6,2,1,1,3,0,0,0,2,0,0,80,0,2852,2852,4,5,5,2,0,0,1,1
1355995,2,2024,2024,3,4,6,39,27,8,29,0,1,1,-32.134664,149.808458,44,1,0,1,0,0,0,0,2,0,7,100,1,4026,4026,8,30,40,1,0,0,1,0
1355997,1,2024,2024,6,4,7,17,27,67,65,0,1,7,-33.712796,150.893204,7,0,2,1,3,0,0,0,2,0,0,60,1,475,475,5,5,40,1,0,0,0,1
1355999,2,2024,2024,6,1,4,162,31,218,34609,0,1,9,-33.76897,150.773656,55,0,2,1,1,0,0,0,2,0,0,40,0,2040,2040,9,30,26,2,0,0,1,0
1356000,4,2024,2024,6,4,5,251,27,115,212,1,0,9,-33.751563,151.226546,50,0,2,0,1,0,0,0,2,2,7,70,2,5929,5929,1,10,5,2,0,1,0,0
1356002,1,2024,2024,6,2,7,97,31,363,92,0,1,10,-33.815594,150.99741,54,0,2,1,3,0,0,3,2,2,7,60,1,14295,14295,3,0,36,2,0,0,0,1
1356009,4,2024,2024,8,2,6,177,22,49,176,0,1,2,-34.045705,151.133101,68,0,2,1,1,0,3,3,2,0,7,70,2,9859,9859,1,0,5,8,0,2,1,1
1356010,4,2024,2024,0,5,6,53,31,155,34609,1,0,1,-33.494072,151.324737,16,2,2,1,1,0,0,0,2,0,7,60,0,3775,3775,0,0,5,2,0,2,0,0
1356014,4,2024,2024,7,3,4,512,17,17,441,0,1,1,-33.435277,149.363288,3,1,0,1,0,0,0,0,2,0,7,100,2,9859,9859,8,10,40,1,0,1,0,0
1356015,1,2024,2024,7,5,7,72,14,173,233,0,1,3,-33.880973,151.217015,69,0,2,1,0,0,0,0,2,0,7,80,2,1192,1192,1,10,5,2,0,0,0,1
1356016,2,2024,2024,0,1,8,23,31,76,34609,0,1,1,-35.353295,150.476032,63,2,1,1,1,0,0,0,2,0,7,50,0,9859,9859,8,0,40,1,0,0,1,0
1356017,4,2024,2024,8,3,10,1,27,42,34609,0,1,1,-35.986806,146.3628,51,2,1,1,2,0,3,4,0,0,7,50,0,9859,9859,1,5,35,3,0,3,0,0
1356018,4,2024,2024,6,2,6,4,27,10,34609,0,1,9,-31.154699,152.742815,34,1,0,0,0,2,3,0,2,0,7,100,0,1850,1463,5,16,40,1,0,1,0,0
1356020,2,2024,2024,5,1,6,71,36,10,61,0,1,1,-34.548118,146.002285,28,1,0,0,3,0,0,0,2,0,7,100,2,782,957,5,0,40,1,0,0,1,0
1356022,2,2024,2024,5,1,5,127,27,182,169,0,1,1,-32.828647,151.381284,17,2,1,1,3,0,0,3,2,0,7,80,2,1669,1669,3,0,5,2,0,0,1,0
1356024,2,2024,2024,8,3,6,19,31,17,34609,0,1,10,-33.863377,151.206294,69,0,2,1,2,0,0,0,2,2,9,40,0,2040,2040,9,0,28,2,0,0,1,0
1356025,1,2024,2024,5,1,7,162,31,65,122,0,1,10,-34.487287,150.887777,80,0,2,1,3,0,0,0,2,2,7,60,2,14295,14295,3,10,0,2,0,0,0,1
1356028,1,2024,2024,6,5,6,67,27,225,68,0,1,9,-33.804741,151.180754,77,0,2,1,3,0,0,0,2,2,7,50,1,1669,1669,3,0,5,2,0,0,0,1
1356030,4,2024,2024,0,0,2,2261,17,284,2252,0,1,9,-33.907275,151.023962,15,0,2,1,2,0,0,0,0,2,9,60,2,2040,2040,9,10,28,3,0,2,1,0
1356035,2,2024,2024,6,5,9,24,24,85,34609,0,1,9,-33.793422,150.676649,55,0,2,0,2,0,0,0,3,0,0,50,0,5929,5929,1,5,19,2,0,0,1,0
1356036,2,2024,2024,0,4,0,22,1,443,34609,0,1,7,-33.902271,151.05332,15,0,2,1,2,0,0,0,0,0,0,60,0,6545,6545,4,5,5,2,0,0,1,0
1356037,1,2024,2024,6,6,6,30,31,252,9,0,1,9,-33.882576,151.2106,69,0,2,1,1,0,0,0,2,0,15,40,1,2852,2852,4,0,27,2,0,0,0,1
1356039,2,2024,2024,6,5,8,125,27,48,144,0,1,9,-32.738501,152.121514,57,2,1,1,3,0,0,0,3,0,0,80,2,2852,2852,4,0,12,2,0,0,1,0
1356040,1,2024,2024,6,5,4,20,10,92,34609,0,1,9,-33.731015,150.946348,71,0,2,0,3,0,0,0,2,0,0,50,0,1669,1669,3,0,5,2,0,0,0,1
1356045,2,2024,2024,8,3,9,27,31,47,40,0,1,7,-33.776844,151.283849,50,0,2,1,2,0,3,4,0,0,0,50,1,1945,1945,5,15,40,1,0,0,1,0
1356047,4,2024,2024,8,6,8,475,10,83,268,0,1,1,-33.875281,150.841069,41,0,2,0,1,0,0,3,2,0,7,70,2,3775,3775,0,10,5,2,0,2,0,0
1356051,4,2024,2024,6,6,5,481,17,10,483,0,1,1,-31.469632,148.918989,51,1,0,1,0,0,0,0,2,0,7,110,2,4026,4026,8,0,40,1,0,1,0,0
1356052,2,2024,2024,0,6,9,31,27,11,34609,0,1,1,-34.022314,151.107461,68,0,2,1,2,0,0,0,3,0,7,50,0,1282,1282,1,5,27,3,0,0,1,0
1356060,2,2024,2024,0,2,3,57,27,75,126,0,1,9,-32.761857,151.660766,42,2,1,0,2,0,0,1,2,0,0,80,2,926,926,4,0,12,2,0,0,1,0
1356061,1,2024,2024,6,5,6,251,27,115,212,0,1,2,-33.752358,151.225849,50,0,2,0,3,0,0,0,2,0,7,70,2,14295,14295,3,33,5,2,0,0,0,1
1356063,4,2024,2024,8,4,10,6,27,12,34609,0,1,1,-32.737461,151.61944,42,2,1,0,0,0,0,0,0,0,7,60,0,83,83,5,16,40,1,0,1,0,0
1356066,2,2024,2024,6,6,3,22,27,26,34609,1,0,1,-34.860388,150.590464,63,2,1,1,1,0,0,0,1,0,7,60,0,941,941,1,5,0,2,0,0,1,0
1356071,2,2024,2024,6,2,10,308,14,33,311,0,1,3,-33.783682,150.858309,7,0,2,0,2,0,0,0,0,0,7,100,2,4552,5151,8,5,40,1,0,0,1,0
1356074,4,2024,2024,8,4,6,2261,17,204,2252,0,1,2,-33.903463,150.943292,24,0,2,1,0,0,0,0,2,0,7,70,2,1981,1981,4,0,0,2,0,1,0,0
1356077,1,2024,2024,6,5,3,6,31,609,34609,0,1,10,-33.76896,150.900873,7,0,2,1,3,0,0,0,2,0,15,50,0,6545,6545,4,0,5,2,0,0,0,1
1356078,2,2024,2024,6,6,9,78,31,253,34609,0,1,1,-33.970821,151.105246,25,0,2,1,3,0,0,0,0,0,7,50,0,9859,9859,1,0,0,2,0,0,1,0
1356079,1,2024,2024,0,5,3,82,27,5,34,0,1,1,-28.60789,153.019365,51,2,1,0,0,0,3,4,1,0,7,80,1,1259,5151,8,0,40,1,0,0,0,1
1356082,1,2024,2024,6,2,7,500,27,646,799,0,1,10,-33.933781,151.027025,15,0,2,0,3,0,3,4,2,2,7,60,2,14295,14295,3,9,36,2,0,0,0,1
1356085,2,2024,2024,5,5,4,21,31,179,66,0,1,7,-31.912033,152.454671,43,2,1,1,0,0,3,4,2,0,0,60,1,5929,5929,1,0,0,2,0,0,1,0
1356087,2,2024,2024,5,1,7,57,36,17,769,0,1,1,-33.608198,150.789512,29,2,2,1,3,0,0,0,2,0,7,70,2,14295,14295,3,0,5,2,0,0,1,0
1356088,2,2024,2024,6,3,2,6,10,463,52,0,1,7,-30.325771,153.098422,19,2,1,1,2,0,3,4,0,0,0,60,1,1957,777,8,5,40,1,0,0,1,0
1356091,2,2024,2024,8,6,9,39,31,460,34609,0,1,7,-33.843333,151.002759,21,0,2,1,1,0,0,0,3,0,0,50,0,14295,14295,3,5,5,2,0,0,1,0
1356094,2,2024,2024,6,6,10,14,27,12,34609,0,1,1,-33.50802,151.410344,16,2,2,0,2,2,0,0,0,0,7,60,0,1957,4009,8,9,40,1,0,0,1,0
1356097,2,2024,2024,3,2,10,36,27,47,34609,0,1,1,-28.835751,153.435701,2,2,1,1,0,0,3,4,0,0,7,60,0,1220,1220,9,0,28,2,0,0,2,0
1356098,1,2024,2024,6,6,4,171,27,113,369,0,1,9,-33.787938,150.701668,55,0,2,0,3,0,0,0,2,0,0,70,2,1391,1391,1,5,0,2,0,0,0,1
1356099,1,2024,2024,3,0,0,916,17,22,917,0,1,9,-32.77311,151.607437,42,2,1,1,2,0,0,0,0,2,7,80,2,945,945,5,0,40,1,0,0,0,1
1356100,4,2024,2024,6,3,5,17,31,26,34609,0,1,1,-33.774379,150.660116,55,0,2,1,1,0,0,0,2,0,7,50,0,312,312,2,33,40,1,0,1,0,0
1356101,2,2024,2024,6,3,7,6,36,7,11,0,1,1,-34.712849,150.057577,26,2,1,0,0,2,0,0,2,0,7,40,1,1957,4009,8,5,40,1,0,0,1,0
1356106,2,2024,2024,6,2,8,162,31,63,34609,0,1,1,-33.931384,151.207084,4,0,2,1,3,0,3,4,0,0,7,50,0,1981,1981,4,0,5,2,0,0,1,0
1356117,4,2024,2024,3,5,11,114,27,118,34609,0,1,1,-33.329702,151.272305,16,2,2,1,0,0,3,2,0,0,7,80,0,4026,4026,8,0,40,1,0,1,0,0
1356118,2,2024,2024,6,4,6,1,27,133,34609,0,1,1,-34.505664,150.78939,80,0,2,1,1,0,0,0,2,0,7,50,0,9859,9859,1,5,0,2,0,0,1,0
1356119,4,2024,2024,6,6,6,4,27,54,34609,0,1,10,-33.636664,150.870075,29,2,2,1,0,0,0,0,2,0,0,70,0,926,926,4,0,0,2,0,1,0,1
1356120,2,2024,2024,6,4,7,18,10,60,34609,1,0,2,-34.019052,150.752983,12,0,2,1,0,0,0,0,2,0,7,60,0,14295,14295,3,0,0,2,0,0,1,0
1356121,4,2024,2023,2,1,11,19,31,80,30,0,1,10,-33.877696,151.204711,69,0,2,1,2,0,0,6,0,2,9,40,1,1220,1220,9,22,28,2,0,1,0,0
1356122,4,2024,2024,5,1,8,177,31,314,208,0,1,7,-33.860452,150.9279,24,0,2,0,3,0,3,0,2,0,0,60,1,6545,6545,4,9,0,2,0,1,0,0
1356124,2,2024,2024,5,5,9,213,17,9,213,0,1,1,-29.616851,152.648554,18,1,0,0,3,0,3,4,0,0,7,100,2,1282,1282,1,5,40,1,0,0,1,0
1356126,2,2024,2024,6,6,9,2126,17,247,2149,0,1,9,-33.808467,150.937199,21,0,2,1,0,0,0,0,3,2,7,80,2,623,623,3,5,18,2,0,0,1,0
1356128,2,2024,2024,0,2,11,31,1,13,34609,0,1,1,-32.792773,151.666901,42,2,1,1,2,0,3,4,0,0,7,50,0,9859,9859,1,5,5,2,0,0,1,0
1356131,2,2024,2024,6,6,5,829,27,124,770,1,0,2,-33.812448,151.04282,54,0,2,1,1,0,0,0,2,0,7,70,2,1282,1282,1,0,25,3,0,0,1,1
1356134,4,2024,2024,7,6,3,115,27,55,114,0,1,9,-33.85949,151.279927,76,0,2,1,0,0,0,0,1,0,7,50,2,1981,1981,4,5,0,5,0,1,0,0
1356135,4,2024,2024,6,0,8,109,27,38,169,0,1,10,-32.814891,151.458806,17,2,1,1,2,0,0,0,3,2,7,50,2,5929,5929,1,0,19,2,0,1,0,0
1356138,2,2024,2024,7,5,3,1052,27,104,262,0,1,2,-32.909462,151.703872,48,0,2,0,3,0,0,0,2,0,0,60,2,14295,14295,3,0,5,2,0,0,1,0
1356139,4,2024,2024,6,6,8,47,27,5,34609,0,1,1,-33.711208,151.161389,36,0,2,1,1,0,0,0,2,0,7,50,0,1220,1220,9,33,28,2,0,1,0,0
1356143,1,2024,2024,5,1,4,16,31,57,34609,0,1,10,-34.675421,150.850203,35,2,1,1,3,0,0,0,2,0,15,50,0,6545,6545,4,10,0,2,0,0,0,1
1356144,4,2024,2024,7,3,7,82,31,370,49,0,1,9,-34.07131,150.823577,13,0,2,1,1,0,0,3,2,0,15,60,1,150,150,4,5,0,2,0,1,0,0
1356145,2,2024,2024,6,6,7,44,1,309,34609,0,1,1,-33.817956,151.105946,61,0,2,1,0,0,0,0,2,0,7,50,0,1945,1945,5,22,40,1,0,0,1,0
1356148,2,2024,2024,7,3,1,475,31,169,41,0,1,9,-33.897684,151.206458,69,0,2,1,2,0,3,4,0,0,7,50,1,9859,9859,1,5,0,2,0,0,1,0
1356150,1,2024,2024,8,6,11,106,27,22,106,0,1,9,-33.927185,150.871714,41,0,2,1,3,0,0,0,0,2,7,70,2,83,83,1,0,5,2,0,0,0,1
1356151,2,2024,2024,6,5,7,1,27,9,34609,0,1,1,-35.329811,150.472319,63,2,1,1,1,0,0,0,2,0,7,50,0,9859,9859,8,16,40,1,0,0,1,0
1356152,1,2024,2024,6,2,9,56,27,130,80,0,1,6,-33.872133,151.194034,69,0,2,0,3,0,3,4,3,0,7,60,2,14295,14295,3,5,5,2,0,0,0,1
1356153,1,2024,2024,6,5,4,7,31,134,34609,1,0,1,-33.677376,150.867119,7,0,2,1,1,0,0,0,2,0,9,50,0,2040,2040,9,33,28,2,0,0,0,1
1356154,4,2024,2024,6,1,7,512,17,43,441,0,1,1,-32.550574,148.940901,22,2,1,1,0,0,0,0,2,0,7,50,2,4026,4026,1,5,5,2,0,1,0,0
1356155,2,2024,2024,8,1,4,79,10,80,34609,0,1,7,-33.877762,151.20049,69,0,2,1,1,0,0,0,2,0,0,50,0,6545,6545,4,5,0,2,0,0,1,0
1356157,1,2024,2024,6,0,9,22,27,3,34609,0,1,1,-32.592332,149.64615,44,1,0,1,3,0,3,4,0,0,7,100,0,14295,14295,3,5,0,2,0,0,0,1
1356159,2,2024,2024,6,3,6,71,27,22,122,0,1,2,-34.50837,150.87551,80,0,2,1,3,0,0,3,2,0,7,80,2,9859,9859,1,0,5,2,0,0,1,0
1356160,2,2024,2024,6,3,5,81,27,609,115,0,1,10,-33.800676,150.896404,7,0,2,0,3,0,3,4,2,0,0,60,2,2585,777,8,10,40,1,0,0,1,0
1356161,2,2024,2024,6,6,11,32,27,56,62,0,1,2,-33.80408,151.199479,77,0,2,1,2,0,0,0,0,0,7,60,2,4026,4026,8,22,40,1,0,0,1,0
1356162,4,2024,2024,8,1,1,195,27,83,186,0,1,2,-33.897725,150.856255,41,0,2,0,2,0,3,4,0,0,7,70,2,1259,5151,8,5,40,1,0,1,0,0
1356163,2,2024,2024,6,5,4,6,27,1,34609,0,1,1,-35.863684,146.240889,51,1,0,1,0,0,3,4,2,0,7,100,0,1089,1089,7,5,40,1,0,0,1,0
1356164,2,2024,2024,0,3,10,111,27,293,233,0,1,2,-33.943148,151.227221,59,0,2,1,2,0,0,0,0,0,7,60,2,9859,9859,1,5,5,5,0,0,1,0
1356165,2,2024,2024,8,6,8,5,27,13,34609,0,1,1,-33.370323,151.484886,16,2,2,1,2,0,3,4,0,0,9,40,0,9859,9859,8,5,40,1,0,0,1,0
1356166,1,2024,2024,6,2,7,52,27,188,140,0,1,10,-33.929307,151.098558,15,0,2,1,2,0,0,0,2,3,7,50,1,301,301,4,5,0,2,0,0,0,1
1356168,4,2024,2024,5,1,3,8,31,12,34609,0,1,1,-32.744035,151.609844,42,2,1,1,0,0,3,4,2,0,7,50,0,3775,3775,0,30,0,3,0,2,1,0
1356169,4,2024,2024,6,2,8,478,17,78,480,0,1,2,-33.415713,151.44991,16,2,2,0,2,0,3,4,3,0,7,60,2,3775,3775,0,5,12,2,0,1,1,0
1356170,2,2024,2024,6,4,8,16,31,161,115,0,1,10,-33.726492,151.161663,36,0,2,1,3,0,0,0,3,2,7,60,1,5929,5929,1,30,0,2,0,0,1,1
1356171,1,2024,2024,6,0,10,27,27,370,34609,0,1,7,-34.048691,150.825998,13,0,2,1,3,0,0,0,0,0,0,50,0,1669,1669,3,5,5,2,0,0,0,1
1356176,4,2024,2024,6,2,4,55,36,3,35,0,1,1,-32.429213,150.092941,44,1,0,1,0,0,0,0,2,0,7,100,1,4026,4026,8,5,40,1,0,1,0,0
1356180,1,2024,2024,6,3,7,79,10,43,231,0,1,9,-33.435812,151.318592,16,2,2,1,3,0,0,0,2,0,0,60,2,14295,14295,3,0,5,3,0,0,0,2
1356181,2,2024,2024,8,0,7,80,27,107,34609,0,1,10,-33.283023,151.421009,16,2,2,1,1,0,0,0,2,0,0,50,0,6545,6545,4,0,0,2,0,0,1,0
1356182,4,2024,2024,0,4,7,3371,17,40,3342,0,1,2,-31.48596,152.80897,56,1,0,1,0,0,3,4,2,0,7,110,2,9859,9859,8,5,40,1,0,1,1,0
1356184,2,2024,2024,6,1,7,4,31,316,34609,1,0,1,-31.429354,152.913109,56,2,1,1,1,0,0,0,2,0,7,50,0,1282,1282,1,5,0,3,0,0,1,0
1356189,2,2024,2024,6,0,3,36,31,314,38,0,1,10,-33.846822,150.923059,24,0,2,1,3,0,0,0,1,0,0,50,2,5929,5929,1,9,5,2,0,0,1,0
1356190,4,2024,2024,6,6,6,3,18,20,34609,0,1,9,-33.268366,151.337116,16,2,2,0,1,0,0,3,2,0,7,80,0,3775,3775,0,16,0,2,0,1,0,0
1356191,1,2024,2024,6,0,7,344,27,168,382,0,1,2,-33.703732,150.836962,7,0,2,1,3,0,0,0,2,0,0,80,2,14295,14295,3,10,13,2,0,0,0,2
1356194,4,2024,2024,6,5,3,38,27,165,21,0,1,1,-32.319118,150.810323,46,1,0,0,0,0,0,0,1,0,7,100,2,3775,3775,0,5,0,2,0,2,0,0
1356196,2,2024,2024,3,2,9,4,27,28,34609,0,1,1,-33.91491,150.883605,41,0,2,1,0,0,0,0,3,0,7,50,0,9859,9859,1,5,36,4,0,0,1,0
1356197,2,2024,2024,3,0,3,230,27,84,284,0,1,10,-33.777746,151.108073,61,0,2,1,1,0,3,3,1,2,7,70,2,14295,14295,3,5,5,2,0,0,1,0
1356199,1,2024,2024,5,5,4,13,10,23,34609,0,1,1,-34.58966,150.845588,62,0,2,0,1,0,0,0,2,0,7,50,0,591,591,1,22,10,2,0,0,0,1
1356200,1,2024,2024,6,6,9,15,27,323,154,0,1,1,-33.802055,150.867306,7,0,2,1,2,0,0,0,0,0,7,40,1,4026,4026,8,0,40,1,0,0,0,1
1356203,2,2024,2024,6,4,7,5,31,64,34609,0,1,7,-33.763424,151.216219,50,0,2,1,3,0,0,0,2,0,0,50,0,1282,1282,1,30,5,2,0,0,1,0
1356204,2,2024,2024,6,2,8,2126,17,127,2149,0,1,9,-33.888274,151.157627,32,0,2,1,2,0,3,4,0,2,7,60,2,1220,1220,9,0,28,2,0,0,1,0
1356206,2,2024,2024,3,0,5,2126,17,9,2149,0,1,2,-33.719171,150.495629,8,2,2,0,0,0,0,0,2,0,7,80,2,1383,1383,1,29,5,2,0,0,1,1
1356211,2,2024,2024,8,1,7,1104,14,223,962,0,1,3,-33.804626,150.909251,7,0,2,1,1,0,0,0,2,0,7,100,2,1945,1945,5,16,40,1,0,0,1,0
1356213,1,2024,2024,6,3,7,171,1,387,104,0,1,10,-33.934183,151.197085,4,0,2,1,3,0,0,0,2,0,0,60,2,1669,1669,3,5,5,3,0,0,0,1
1356215,1,2024,2024,6,3,8,2261,17,109,2252,0,1,2,-33.956417,150.873786,41,0,2,1,3,0,0,0,2,0,7,70,2,14295,14295,3,0,13,2,0,0,0,1
1356221,1,2024,2024,5,4,6,27,27,251,136,0,1,2,-33.766706,150.953351,7,0,2,1,3,0,3,0,2,0,7,60,2,1981,1981,4,5,5,2,0,0,0,1
1356223,4,2024,2024,3,2,2,3371,17,9,3342,0,1,2,-29.231264,153.252827,60,1,0,1,0,0,0,3,0,0,7,110,2,9859,9859,1,29,13,2,0,1,1,0
1356225,2,2024,2024,0,0,9,57,27,337,47,0,1,2,-33.72339,150.984455,71,0,2,0,2,0,0,0,0,0,7,60,2,1957,4009,8,5,40,1,0,0,1,0
1356226,1,2024,2024,7,3,2,3371,17,53,3342,0,1,2,-30.632252,152.9734,47,1,0,1,0,0,0,0,0,0,7,110,2,4026,4026,8,5,40,1,0,0,0,1
1356227,4,2024,2024,7,0,9,2,27,8,34609,0,1,9,-31.247269,150.68364,51,1,0,1,0,0,0,0,3,0,7,100,0,475,475,5,10,40,1,0,1,0,0
1356228,4,2024,2024,0,0,1,4,27,7,34609,0,1,1,-34.742666,150.098021,26,1,0,1,0,0,0,1,0,0,7,100,0,1089,1089,7,5,40,1,0,1,0,0
1356229,4,2024,2024,6,5,4,6,27,54,34609,0,1,10,-33.622621,150.854054,29,2,2,1,0,0,0,0,2,0,15,70,0,6545,6545,4,0,5,2,0,1,0,0
1356231,2,2024,2024,7,6,1,157,17,18,158,0,1,1,-33.602074,149.152348,51,1,0,1,0,0,0,0,0,0,7,100,2,4026,4026,8,10,40,1,0,0,1,0
1356234,2,2024,2024,3,5,8,39,22,65,34609,0,1,1,-33.392129,151.393056,16,2,2,1,3,0,3,6,2,0,7,60,0,9859,9859,8,5,40,1,0,0,1,0
1356236,2,2024,2024,6,6,7,346,17,46,332,0,1,2,-28.814706,153.282392,39,2,1,1,1,0,0,0,2,0,7,60,2,9859,9859,1,5,0,4,0,0,1,0
1356240,1,2024,2024,6,6,3,80,31,108,34609,0,1,9,-33.816581,151.191276,77,0,2,1,3,0,0,0,2,2,7,40,0,14295,14295,3,5,5,3,0,0,0,1
1356243,2,2024,2024,6,5,6,293,10,5,172,0,1,1,-33.005071,151.643355,37,0,2,1,3,0,0,0,2,0,7,60,2,14295,14295,3,30,0,4,0,0,1,0
1356245,1,2024,2024,0,5,9,11,1,56,13,0,1,10,-33.754238,150.788725,55,0,2,1,2,0,0,0,3,0,0,50,1,6545,6545,4,10,0,2,0,0,0,1
1356246,2,2024,2024,7,2,10,3371,17,65,3342,0,1,2,-30.354125,153.063528,19,1,0,0,2,0,3,4,0,0,7,100,2,1259,5151,8,0,40,1,0,0,1,0
1356251,4,2024,2024,8,4,10,168,1,112,34609,0,1,1,-33.442978,151.420018,16,2,2,0,0,0,0,0,0,0,7,50,0,2585,4009,8,0,40,1,0,1,0,0
1356253,2,2024,2024,7,3,11,916,17,13,917,0,1,2,-32.545494,151.149632,64,2,1,0,2,0,0,0,0,0,7,80,2,2585,4009,8,0,40,1,0,0,1,0
1356257,4,2024,2024,6,6,5,3371,17,107,3342,0,1,2,-33.269165,151.439849,16,2,2,1,0,0,0,0,2,0,7,70,2,14295,14295,3,16,5,2,0,1,0,1
1356259,4,2024,2024,6,5,8,512,17,28,441,0,1,1,-33.418724,149.56353,3,2,1,0,0,0,0,0,2,0,7,60,2,1109,397,1,5,10,2,0,1,0,1
1356262,4,2024,2024,8,2,6,5,10,39,34609,0,1,10,-32.877562,151.647809,48,0,2,1,1,0,3,4,2,2,7,60,0,5929,5929,1,0,5,2,0,1,0,0
1356264,4,2024,2024,3,2,9,5,27,47,34609,0,1,1,-33.811064,151.150007,38,0,2,1,1,0,0,0,2,0,7,50,0,1981,1981,4,5,18,2,0,1,1,0
1356265,2,2024,2024,6,4,7,866,17,77,793,0,1,10,-33.730782,151.081153,31,0,2,1,1,0,0,0,2,2,7,70,2,2852,2852,4,5,0,2,0,0,1,0
1356266,2,2024,2024,5,6,5,14,31,165,34609,0,1,10,-32.263889,150.904404,46,2,1,1,0,0,0,0,2,0,0,50,0,6545,6545,4,5,36,2,0,0,1,0
1356272,2,2024,2024,6,1,7,6,31,316,34609,0,1,10,-31.437081,152.902901,56,2,1,1,1,0,0,0,2,0,0,50,0,6545,6545,4,10,5,2,0,0,2,0
1356277,4,2024,2024,6,4,4,23,31,149,21,0,1,9,-33.86668,151.175489,32,0,2,1,0,0,0,0,2,0,7,40,1,2852,2852,4,0,18,2,0,1,0,0
1356282,2,2024,2024,8,6,4,51,31,48,34609,1,0,9,-33.916115,147.203538,51,2,1,1,0,0,0,0,2,0,7,50,0,368,368,9,5,28,2,0,0,1,0
1356283,4,2024,2024,7,4,8,6,10,101,34609,0,1,1,-32.909086,151.608617,37,0,2,0,1,0,0,0,2,0,7,50,0,3775,3775,0,5,13,2,0,1,0,0
1356284,4,2024,2024,6,0,8,33,31,61,34609,0,1,1,-29.742635,151.731707,51,2,1,1,1,0,0,0,2,0,7,50,0,9859,9859,8,0,40,1,0,1,0,0
1356286,2,2024,2024,6,3,5,79,27,46,159,0,1,9,-33.936931,151.113418,4,0,2,1,3,0,3,4,2,2,7,60,2,14295,14295,3,0,5,2,0,0,1,0
1356287,1,2024,2024,6,4,3,4,31,74,34609,0,1,2,-33.770405,150.672822,55,0,2,0,3,0,0,0,2,0,7,50,0,1192,1192,1,0,40,2,0,0,0,1
1356288,4,2024,2024,0,2,8,1,27,8,34609,0,1,1,-36.042141,146.835495,0,2,1,0,0,0,0,0,2,0,7,80,0,273,957,5,5,40,1,0,1,0,0
1356289,4,2024,2024,6,3,5,2,27,2,34609,0,1,1,-32.268733,151.146599,64,1,0,0,0,0,0,0,2,0,7,100,0,1850,1463,5,16,40,1,0,1,0,0
1356292,2,2024,2024,8,6,8,475,10,137,268,0,1,9,-33.91358,150.906814,41,0,2,1,1,0,3,4,2,0,0,70,2,2852,2852,4,5,5,2,0,0,1,0
1356293,2,2024,2024,6,0,8,515,14,202,518,0,1,3,-33.940311,151.035786,15,0,2,1,0,0,0,0,3,0,7,100,2,14295,14295,3,9,0,2,0,0,2,0
1356294,1,2024,2024,5,1,5,20,27,25,20,0,1,9,-35.036557,150.629174,63,2,1,1,0,0,0,0,2,0,0,80,1,2852,2852,4,0,0,2,0,0,0,1
1356296,2,2024,2024,0,1,6,40,27,59,39,0,1,10,-33.175803,151.484956,37,0,2,1,0,0,0,0,2,0,15,60,1,1669,1669,3,5,13,2,0,0,1,0
1356298,2,2024,2024,8,6,6,47,27,63,34609,0,1,9,-33.248939,151.50104,16,2,2,1,0,0,0,0,2,0,7,50,0,1669,1669,3,5,5,2,0,0,2,0
1356300,2,2024,2024,6,1,8,1104,14,460,962,0,1,3,-33.823248,150.986747,21,0,2,1,3,0,0,0,2,0,7,90,2,14295,14295,3,10,0,4,0,0,1,0
1356301,2,2024,2024,6,3,6,56,31,119,34609,0,1,10,-32.76499,151.743058,57,2,1,1,3,0,3,4,2,2,7,50,0,6545,6545,4,9,5,2,0,0,2,0
1356306,4,2024,2024,8,0,8,3371,17,67,3342,0,1,9,-33.3936,151.350031,16,2,2,1,0,0,0,0,0,0,7,60,2,1220,1220,9,5,28,2,0,1,0,0
1356314,4,2024,2024,0,0,6,73,31,532,770,0,1,1,-33.86585,151.204257,69,0,2,1,2,0,3,4,2,2,9,40,2,2040,2040,9,5,28,2,0,1,0,0