Crash ID,Degree of crash - detailed,Reporting year,Year of crash,Month of crash,Day of week of crash,Two-hour intervals,Street of crash,Street type,Town,Route no.,School zone location,School zone active,Type of location,Latitude,Longitude,LGA,Urbanisation,Conurbation 1,Alignment,Street lighting,Road surface,Surface condition,Weather,Natural lighting,Signals operation,Other traffic control,Speed limit,Road classification,RUM - code,DCA - code,First impact type,Key TU type,Other TU type,No. of traffic units involved,No. killed,No. seriously injured,No. moderately injured,No. minor-other injured
1356315,2,2024,2024,6,1,4,51,31,252,59,0,1,10,-33.885209,151.215734,69,0,2,1,1,0,0,0,2,2,7,40,1,515,515,1,9,27,2,0,0,1,0
1356319,1,2024,2024,8,6,7,67,27,210,55,0,1,10,-34.035162,151.113454,68,0,2,1,3,0,0,0,2,2,7,50,2,14295,14295,3,30,0,2,0,0,0,1
1356321,4,2024,2024,3,2,5,866,17,174,793,1,0,10,-33.869694,150.925265,24,0,2,1,0,0,0,0,2,3,7,70,2,5929,5929,1,5,5,2,0,2,0,0
1356322,2,2024,2024,6,3,8,2,31,523,34609,0,1,1,-33.927942,150.921903,41,0,2,1,0,0,0,0,2,0,7,50,0,2040,2040,9,33,28,2,0,0,1,0
1356323,4,2024,2024,8,1,10,6,27,2,34609,1,0,1,-33.362871,147.676699,51,2,1,1,0,0,0,0,0,0,7,40,0,9859,9859,8,34,40,1,0,1,0,1
1356328,1,2024,2024,3,6,3,15,27,609,163,0,1,7,-33.777273,150.907614,7,0,2,1,1,0,0,0,2,2,0,60,2,1981,1981,4,21,5,2,0,0,0,1
1356329,1,2024,2024,6,0,5,103,27,94,563,0,1,10,-33.834,151.048216,54,0,2,1,3,0,0,0,2,2,7,70,2,14295,14295,3,5,0,2,0,0,0,1
1356331,1,2024,2024,6,5,4,22,27,151,34609,0,1,7,-34.033198,150.852237,13,0,2,1,0,0,0,0,2,0,0,50,0,775,775,4,0,5,2,0,0,0,1
1356333,2,2024,2024,6,4,4,2209,17,70,2205,1,0,2,-34.850766,150.596741,63,2,1,1,0,0,0,0,2,0,15,70,2,1981,1981,4,0,5,4,0,0,1,0
1356335,2,2024,2024,6,1,5,33,10,54,34609,0,1,1,-28.518751,153.519035,10,2,1,0,0,0,0,0,2,0,7,80,0,3775,3775,0,0,13,2,0,0,1,0
1356336,4,2024,2024,6,0,7,7,27,18,34609,0,1,1,-30.980033,152.831267,34,1,0,0,0,0,0,3,2,0,7,100,0,2585,4009,8,5,40,1,0,1,0,0
1356338,1,2024,2024,6,4,2,3,31,463,34609,0,1,9,-30.308412,153.105008,19,2,1,1,2,0,3,3,0,0,7,50,0,340,340,9,30,28,2,0,0,0,1
1356339,2,2024,2024,3,6,6,68,31,76,100,0,1,1,-34.542238,150.385582,78,2,1,0,0,0,0,0,2,0,7,60,2,3775,3775,0,10,10,2,0,0,1,1
1356343,2,2024,2024,6,0,6,16,27,20,17,0,1,1,-35.050956,149.221837,82,1,0,0,3,0,0,0,2,0,7,100,1,4552,5151,8,10,40,1,0,0,1,0
1356344,2,2024,2024,6,1,9,2261,17,204,2252,0,1,2,-33.898263,150.95097,24,0,2,1,2,0,0,0,3,0,7,70,2,14295,14295,3,10,0,2,0,0,1,0
1356347,4,2024,2024,6,3,7,4,31,9,34609,0,1,1,-33.456122,149.553317,3,2,1,0,1,0,0,0,2,0,7,60,0,3775,3775,0,16,13,2,0,1,0,0
1356348,4,2024,2024,6,6,7,1,10,562,34609,0,1,9,-32.221689,148.623526,22,2,1,1,0,0,0,0,2,0,0,50,0,926,926,4,33,13,2,0,1,1,1
1356349,2,2024,2024,6,2,4,916,17,22,917,0,1,9,-32.775426,151.612264,42,2,1,0,1,0,0,0,2,2,7,80,2,14295,14295,3,0,13,2,0,0,2,1
1356356,4,2024,2024,8,6,7,2,27,6,34609,0,1,1,-33.221036,151.552271,16,2,2,1,0,0,0,0,2,0,7,50,0,214,214,9,5,28,3,0,1,1,0
1356357,4,2024,2024,6,1,10,73,31,18,34609,0,1,2,-30.375998,153.101752,19,2,1,0,0,0,2,6,0,0,7,40,0,4552,5151,8,16,40,1,0,1,0,0
1356363,2,2024,2024,6,3,9,8,27,11,34609,0,1,1,-32.617343,151.448912,42,2,1,0,0,0,0,0,0,0,7,80,0,2585,4009,8,10,40,1,0,0,1,0
1356364,1,2024,2024,6,6,7,478,17,96,480,0,1,2,-33.438466,151.378187,16,2,2,1,1,0,0,0,2,0,7,60,2,14295,14295,3,10,0,2,0,0,0,1
1356366,1,2024,2024,6,3,7,829,27,149,770,0,1,2,-33.868664,151.17626,32,0,2,1,1,0,0,0,2,0,7,60,2,14295,14295,3,10,5,3,0,0,0,1
1356368,4,2024,2024,7,6,5,84,27,252,31,0,1,7,-33.944198,150.882146,41,0,2,1,1,0,3,4,2,0,0,60,1,6545,6545,4,0,18,2,0,1,0,0
1356370,2,2024,2024,6,4,6,17,27,106,157,0,1,1,-28.843805,153.037677,60,2,1,0,1,0,3,0,2,0,7,50,2,4552,5151,8,30,40,1,0,0,2,0
1356374,4,2024,2024,6,4,3,62,10,55,169,0,1,1,-32.829243,151.499317,17,1,0,1,0,0,3,0,2,0,7,90,2,9859,9859,8,5,40,1,0,1,0,0
1356377,1,2024,2024,8,5,4,330,23,293,112,0,1,10,-33.941589,151.239108,59,0,2,1,3,0,0,0,2,2,9,50,2,14295,14295,3,0,0,2,0,0,0,1
1356378,2,2024,2024,8,3,4,78,27,23,228,0,1,1,-33.006964,151.120505,17,2,1,0,0,0,3,0,2,0,7,80,1,2585,4009,1,21,0,2,0,0,1,0
1356379,1,2024,2024,6,5,7,36,27,438,25,0,1,9,-33.857519,151.019701,21,0,2,1,1,0,0,0,2,0,7,50,1,387,387,1,16,13,2,0,0,0,1
1356384,4,2024,2024,8,4,2,866,17,314,793,0,1,10,-33.839731,150.957318,21,0,2,1,2,0,0,0,1,2,7,60,2,5929,5929,1,30,0,2,0,2,0,0
1356394,2,2024,2024,8,3,11,21,1,27,17,0,1,1,-33.712237,150.343639,8,2,2,0,2,0,0,0,0,0,7,50,1,1850,1463,5,16,40,1,0,0,1,0
1356396,4,2024,2024,6,0,8,361,23,84,35,0,1,9,-33.88387,150.946241,24,0,2,1,1,0,0,0,2,0,0,60,1,2852,2852,4,5,19,2,0,1,0,0
1356397,1,2024,2024,8,0,7,1,31,99,34609,0,1,1,-33.893007,151.271368,76,0,2,1,1,0,0,0,2,0,7,50,0,387,387,1,22,0,2,0,0,0,1
1356398,4,2024,2024,7,1,5,6,27,130,34609,0,1,1,-34.459176,150.839454,80,0,2,1,1,0,0,0,2,0,7,50,0,248,248,1,0,5,2,0,1,0,0
1356403,4,2024,2024,8,0,8,58,31,176,34609,0,1,10,-33.969346,151.128474,25,0,2,1,1,0,3,4,3,0,15,50,0,6545,6545,4,5,5,2,0,1,0,0
1356409,4,2024,2024,8,0,4,1104,11,532,770,0,1,6,-33.86329,151.204326,69,0,2,0,1,0,0,3,2,0,7,40,2,4552,5151,8,16,40,1,0,1,0,0
1356410,4,2024,2024,0,3,0,149,36,10,113,0,1,1,-32.380402,152.448208,43,2,1,0,0,0,0,0,0,0,7,80,1,2585,4009,8,34,40,1,0,1,0,0
1356411,4,2024,2023,1,0,6,334,17,6,308,0,1,1,-30.875868,151.272684,70,1,0,0,0,0,0,0,2,0,7,100,2,4552,5151,8,3,40,1,0,1,0,0
1356418,1,2024,2024,6,4,8,6,27,187,34609,0,1,9,-33.790401,150.992499,54,0,2,1,3,0,0,0,3,0,7,50,0,1282,1282,1,0,41,2,0,0,0,1
1356419,4,2024,2024,8,1,10,4,31,646,34609,0,1,1,-33.911568,151.017292,15,0,2,1,2,0,0,0,0,0,7,50,0,2040,2040,9,0,28,2,0,1,0,0
1356420,4,2024,2024,8,6,3,72,1,134,36,0,1,7,-33.521253,151.316747,16,2,2,1,0,0,0,0,2,0,0,60,1,775,775,4,5,27,2,0,1,0,0
1356422,2,2024,2024,6,0,8,387,36,86,69,0,1,9,-33.734425,151.221024,50,0,2,1,2,0,0,0,2,0,15,70,2,5929,5929,1,5,18,3,0,0,1,0
1356423,4,2024,2024,6,0,6,1,18,58,34609,0,1,1,-32.786121,151.73315,57,2,1,1,0,0,0,0,2,0,7,60,0,1981,1981,4,10,19,2,0,1,0,0
1356424,4,2024,2024,6,4,7,7,31,84,34609,0,1,1,-33.893055,151.258683,76,0,2,1,1,0,3,4,2,0,7,50,0,2040,2040,9,9,28,2,0,1,0,0
1356429,2,2023,2023,9,3,9,866,17,278,793,0,1,9,-33.783208,151.045275,54,0,2,0,1,0,0,0,2,2,7,60,2,3775,3775,0,5,0,3,0,0,1,0
1356441,4,2024,2024,5,5,5,5,31,55,34609,0,1,1,-35.706658,150.176638,23,2,1,1,0,0,0,0,2,0,0,40,0,238,238,9,0,28,2,0,1,0,0
1356445,4,2024,2024,8,3,8,222,31,120,34609,0,1,10,-32.18793,152.527777,43,2,1,0,1,0,0,0,2,0,0,50,0,1850,1463,5,16,40,1,0,1,0,0
1356447,4,2024,2024,6,0,7,224,27,137,321,0,1,9,-33.923715,151.195927,4,0,2,1,0,0,0,0,2,0,0,50,2,1220,1220,9,5,28,2,0,1,0,0
1356448,4,2024,2024,5,0,3,191,17,25,189,0,1,1,-32.388647,150.696357,46,2,1,0,0,0,0,0,1,0,7,80,2,3775,3775,0,10,10,2,0,1,0,0
1356450,2,2024,2024,6,2,8,45,31,532,55,0,1,9,-33.870462,151.212907,69,0,2,0,2,0,0,0,3,2,9,40,1,2040,2040,9,0,28,2,0,0,1,0
1356451,1,2024,2024,5,6,8,171,31,443,34609,0,1,1,-33.90384,151.071952,67,0,2,1,2,0,3,4,0,0,7,50,0,941,941,1,5,5,2,0,0,0,1
1356452,2,2024,2024,8,1,7,3,31,247,34609,0,1,1,-33.826452,150.956018,21,0,2,1,1,0,0,0,2,0,7,50,0,9859,9859,1,0,5,2,0,0,1,0
1356453,4,2024,2024,5,6,4,475,10,42,268,0,1,2,-33.911333,150.901958,41,0,2,1,3,0,0,3,2,0,7,70,2,14295,14295,3,5,5,3,0,1,0,0
1356456,4,2024,2024,8,1,6,109,27,38,169,0,1,1,-32.814527,151.452312,17,2,1,0,1,0,3,4,2,0,7,60,2,3775,3775,0,5,5,2,0,3,0,0
1356462,4,2024,2024,5,5,6,62,10,55,169,0,1,2,-32.830423,151.529207,17,2,1,0,3,0,3,3,2,0,7,60,2,1282,1282,1,10,5,4,0,1,0,0
1356463,2,2024,2024,5,4,5,2209,17,133,2205,0,1,1,-34.507089,150.78602,80,0,2,1,3,0,0,0,2,0,7,60,1,1669,1669,3,5,0,2,0,0,1,1
1356465,2,2024,2024,5,5,3,1052,14,207,928,0,1,3,-33.556571,151.192745,31,0,2,1,3,0,3,4,2,0,7,110,2,14295,14295,3,5,13,3,0,0,1,0
1356470,4,2024,2024,5,5,0,348,17,2,232,0,1,1,-31.226383,148.456215,51,1,0,1,0,0,0,0,0,0,7,110,2,1089,1089,7,21,40,1,0,1,1,0
1356471,4,2024,2024,8,6,9,294,27,87,34609,0,1,1,-34.042468,151.148208,68,0,2,1,2,0,3,4,0,0,7,50,0,9859,9859,1,10,0,3,0,1,0,0
1356474,2,2024,2024,6,3,8,916,17,7,917,0,1,1,-31.432249,150.882844,70,1,0,0,3,0,3,3,2,0,7,100,2,1850,1463,5,16,40,1,0,0,1,0
1356475,2,2024,2024,5,0,9,17,27,24,34609,0,1,1,-34.016561,150.676307,12,0,2,1,3,0,0,0,0,0,7,60,0,1669,1669,3,5,0,2,0,0,1,0
1356477,2,2024,2024,3,1,9,1,25,31,34609,0,1,9,-34.031688,150.827013,13,0,2,0,1,0,0,0,3,0,7,50,0,4552,5151,8,5,40,1,0,0,1,0
1356478,4,2024,2024,0,1,10,67,27,56,68,0,1,10,-33.80276,151.193804,77,0,2,1,2,0,2,6,0,2,9,50,1,1220,1220,9,5,28,2,0,1,0,0
1356479,2,2024,2023,10,4,9,500,27,145,799,0,1,10,-33.929428,151.072388,15,0,2,1,3,0,0,0,3,2,7,60,2,14295,14295,3,5,0,2,0,0,1,0
1356481,2,2024,2024,6,4,10,3,27,147,34609,0,1,9,-33.871707,150.993117,15,0,2,1,2,0,0,0,0,0,15,50,0,3775,3775,0,5,5,2,0,0,1,0
1356483,4,2024,2024,8,2,9,4,27,4,34609,0,1,1,-31.97668,151.795706,43,1,0,0,0,0,0,1,0,0,7,100,0,380,714,5,3,40,1,0,1,0,0
1356484,2,2024,2024,5,5,8,9,27,63,34609,0,1,1,-33.26162,151.464927,16,2,2,1,3,0,0,3,3,0,7,50,0,1669,1669,3,5,13,2,0,0,1,0
1356487,1,2024,2024,6,2,0,39,31,523,34609,0,1,1,-33.921078,150.911176,41,0,2,1,3,0,3,2,0,0,7,50,0,9859,9859,1,30,36,4,0,0,0,1
1356489,1,2024,2024,6,6,6,12,27,22,34609,0,1,1,-35.171594,149.967778,58,2,1,0,0,0,3,4,2,0,7,80,0,3775,3775,0,9,25,2,0,0,0,1
1356494,1,2024,2024,6,5,6,44,31,130,34609,0,1,10,-33.870015,151.19783,69,0,2,0,3,0,0,0,2,3,7,50,0,1669,1669,3,0,0,2,0,0,0,1
1356500,2,2024,2024,6,4,0,22,31,309,208,0,1,10,-33.812912,151.104876,61,0,2,1,3,0,3,4,0,2,7,60,2,2852,2852,4,5,5,2,0,0,1,0
1356502,1,2024,2024,5,1,11,12,31,252,75,0,1,9,-33.886601,151.206735,69,0,2,1,3,0,3,0,0,0,0,40,1,1282,1282,1,22,12,2,0,0,0,1
1356504,4,2024,2024,0,3,3,171,27,79,369,0,1,10,-34.006402,150.723692,12,0,2,1,1,0,0,0,2,2,7,80,2,6545,6545,4,9,13,2,0,1,0,0
1356509,1,2024,2024,8,1,4,78,17,68,58,0,1,2,-34.836726,148.956157,82,1,0,0,0,0,0,0,2,0,7,110,2,418,714,5,5,40,1,0,0,0,1
1356510,1,2024,2024,6,1,7,83,27,169,147,0,1,7,-28.650734,153.614625,10,2,1,1,1,0,0,0,2,0,0,50,1,591,591,1,22,25,2,0,0,0,1
1356511,4,2024,2024,6,6,8,163,27,23,165,1,0,9,-33.729768,150.805019,7,0,2,0,1,0,0,0,3,0,0,60,1,775,775,4,5,19,2,0,1,0,0
1356514,4,2024,2024,5,0,4,1052,14,33,928,0,1,3,-33.651329,151.137895,31,0,2,1,3,0,3,3,2,0,7,110,2,14295,14295,3,3,10,4,0,1,0,0
1356517,4,2024,2024,6,4,8,2126,17,140,2149,0,1,2,-33.7808,150.820412,7,0,2,1,2,0,0,0,0,0,7,80,2,14295,14295,3,5,36,3,0,1,0,0
1356520,2,2024,2024,5,5,3,14,31,53,262,0,1,2,-32.924478,151.754532,48,0,2,1,1,0,0,3,2,0,7,60,2,387,387,1,22,13,2,0,0,1,0
1356521,2,2024,2024,5,5,7,44,1,126,22,0,1,10,-33.921676,150.814334,41,0,2,1,3,0,0,0,2,0,0,60,1,14295,14295,3,10,0,2,0,0,1,0
1356524,4,2024,2024,3,2,2,101,10,239,35,0,1,2,-34.032527,151.124615,68,0,2,1,2,0,0,0,0,0,7,60,2,4026,4026,8,15,40,1,0,1,0,0
1356525,2,2024,2024,8,0,1,3371,17,225,3342,0,1,9,-33.79097,151.180358,77,0,2,1,2,0,3,3,0,2,7,60,2,9859,9859,8,10,40,1,0,0,1,0
1356534,2,2024,2024,5,5,7,2209,17,176,2205,0,1,9,-33.948324,151.139907,4,0,2,1,3,0,0,0,2,2,7,60,2,1192,1192,1,0,5,3,0,0,1,0
1356535,2,2024,2024,7,5,4,163,27,41,165,0,1,9,-33.728988,150.821996,7,0,2,1,3,0,0,0,2,0,7,60,1,5929,5929,1,5,5,2,0,0,1,0
1356536,1,2024,2024,7,5,6,17,27,21,62,0,1,1,-35.779615,147.947696,66,2,1,0,0,0,0,0,2,0,7,80,2,4552,5151,8,16,40,1,0,0,0,1
1356537,2,2024,2024,8,0,4,3371,17,463,3342,0,1,10,-30.30077,153.110552,19,2,1,0,3,0,2,6,2,2,7,60,2,1282,1282,1,30,25,3,0,0,1,0
1356540,1,2024,2024,8,6,9,92,27,106,63,0,1,10,-33.917742,151.088483,15,0,2,1,2,0,3,0,3,0,9,50,1,2040,2040,9,5,28,2,0,0,0,1
1356542,4,2024,2024,5,5,9,7,31,33,34609,0,1,7,-33.415288,151.345522,16,2,2,1,2,0,3,4,0,0,0,50,0,6545,6545,4,5,5,2,0,1,1,0
1356549,1,2024,2024,6,5,7,8,31,387,140,0,1,1,-33.921304,151.182656,4,0,2,1,1,0,0,0,2,0,7,60,2,1383,1383,1,10,18,2,0,0,0,1
1356551,4,2024,2024,7,2,8,1,31,46,34609,0,1,1,-35.167051,147.380554,75,2,1,1,1,0,0,0,2,0,7,50,0,9859,9859,1,5,5,9,0,2,3,3
1356553,2,2024,2024,6,4,11,14,31,223,34609,0,1,1,-33.795341,150.908692,7,0,2,0,0,0,3,4,0,0,7,50,0,1957,4009,1,5,12,4,0,0,1,0
1356554,1,2024,2024,7,2,8,1104,11,532,770,0,1,2,-33.87099,151.203638,69,0,2,0,3,0,3,4,2,0,7,60,2,1850,1463,5,16,40,1,0,0,0,1
1356559,2,2024,2024,5,2,11,163,27,63,165,0,1,9,-33.73541,150.799541,7,0,2,1,3,0,0,0,0,2,7,60,1,5929,5929,1,0,5,2,0,0,1,0
1356560,2,2024,2024,7,6,11,7,10,66,260,0,1,9,-32.926211,151.65071,37,0,2,0,2,0,0,0,0,2,7,60,2,237,162,8,16,40,1,0,0,1,0
1356564,1,2024,2024,6,5,3,330,27,125,25,0,1,7,-33.828515,151.129463,61,0,2,1,0,0,0,0,2,0,0,60,1,14295,14295,3,5,0,2,0,0,0,1
1356565,2,2024,2024,5,6,10,2,10,28,34609,0,1,1,-34.550611,150.848654,62,0,2,1,3,0,3,4,0,0,7,50,0,9859,9859,1,10,0,2,0,0,1,0
1356567,1,2024,2024,0,5,9,35,27,193,33,0,1,10,-33.78397,151.094248,61,0,2,1,2,0,0,0,3,2,7,60,1,14295,14295,3,5,0,2,0,0,0,1
1356579,1,2024,2024,3,6,8,42,10,62,172,0,1,7,-32.923324,151.609888,37,0,2,1,2,0,3,4,2,0,0,60,2,14295,14295,3,10,5,2,0,0,0,1
1356582,2,2024,2024,0,6,3,3,27,12,34609,0,1,1,-28.656884,153.557373,10,2,1,0,0,0,0,0,2,0,7,60,0,782,957,5,0,40,1,0,0,1,0
1356586,4,2024,2024,6,3,7,3371,17,463,3342,0,1,2,-30.298773,153.112263,19,2,1,0,1,0,3,4,2,0,7,60,2,4552,5151,8,5,40,1,0,1,0,0
1356588,2,2024,2024,6,2,11,829,27,532,770,0,1,2,-33.869232,151.185756,69,0,2,1,3,0,2,6,0,0,7,60,2,1383,1383,1,5,5,3,0,0,1,0
1356589,4,2024,2024,6,6,4,40,27,122,45,0,1,1,-33.418526,151.339801,16,2,2,0,3,0,0,0,2,0,0,60,1,1669,1669,3,8,18,2,0,1,0,0
1356591,2,2024,2024,3,6,5,3371,17,108,3342,0,1,9,-33.292672,151.423424,16,2,2,1,1,0,0,0,2,0,0,60,2,1945,1945,5,16,40,1,0,0,1,0
1356596,2,2024,2024,5,2,9,10,27,74,34609,0,1,1,-33.745552,150.834529,7,0,2,1,3,0,0,0,0,0,9,50,0,14295,14295,3,5,0,2,0,0,1,0
1356598,4,2024,2024,8,2,7,143,31,90,181,0,1,9,-33.89062,151.237858,81,0,2,1,1,0,3,4,2,0,7,60,2,9859,9859,8,5,40,1,0,1,0,2
1356603,4,2024,2024,3,1,0,71,36,3,8,0,1,1,-31.365105,145.881638,51,1,0,1,0,0,0,0,0,0,7,110,2,3775,3775,0,26,32,2,0,1,0,0
1356608,2,2024,2024,6,2,8,3371,17,30,3342,0,1,10,-33.190028,151.577333,16,2,2,1,2,0,3,4,3,2,7,80,2,14295,14295,3,5,0,2,0,0,1,0
1356612,2,2024,2024,5,1,3,137,14,101,70,0,1,6,-32.889496,151.601389,37,0,2,0,0,0,0,0,2,0,7,80,2,14295,14295,3,0,13,2,0,0,1,0
1356615,4,2024,2024,8,6,9,11,31,78,51,0,1,1,-33.858677,151.083823,67,0,2,1,2,0,3,4,3,0,9,50,1,2040,2040,9,5,28,3,0,1,0,1
1356618,2,2024,2024,5,2,8,7,27,61,34609,0,1,9,-33.740005,150.894503,7,0,2,1,0,0,0,0,3,0,7,50,0,5929,5929,1,5,36,2,0,0,1,0
1356625,2,2024,2023,11,5,4,109,27,44,169,0,1,1,-32.820144,151.421189,17,2,1,1,3,0,0,0,2,0,7,80,2,14295,14295,3,5,0,2,0,0,2,0
1356627,4,2024,2024,6,0,7,16,10,91,34609,0,1,9,-33.993157,150.893885,13,0,2,0,0,0,0,0,2,0,7,50,0,775,775,4,5,27,2,0,1,0,0
1356629,2,2024,2024,5,3,7,56,31,134,34609,0,1,10,-33.89154,151.252026,76,0,2,1,0,0,3,3,2,2,9,50,0,2040,2040,9,9,28,2,0,0,1,0
1356631,1,2024,2024,6,3,7,40,10,56,174,0,1,1,-32.783394,151.345787,17,2,1,1,3,0,3,4,2,0,15,80,2,1981,1981,4,0,13,2,0,0,0,1
1356637,1,2024,2024,6,0,9,9,31,140,34609,0,1,10,-33.897747,151.002165,15,0,2,1,3,0,3,4,0,0,15,50,0,6545,6545,4,5,5,2,0,0,0,1
1356638,4,2024,2024,8,4,7,485,27,50,769,0,1,2,-33.648059,150.860678,7,0,2,1,0,0,0,0,2,0,7,80,2,1282,1282,1,5,12,3,0,1,1,0
1356640,2,2024,2024,8,0,8,118,27,646,118,0,1,10,-33.914483,151.034342,15,0,2,1,1,0,0,0,2,2,9,60,1,2040,2040,9,5,28,2,0,0,2,0
1356643,1,2024,2024,6,3,9,60,10,121,84,0,1,9,-28.202784,153.544295,72,2,1,1,3,0,0,0,0,2,7,60,1,2852,2852,4,5,5,2,0,0,0,1
1356646,1,2024,2024,6,0,11,2261,17,443,2252,0,1,9,-33.892421,151.055885,15,0,2,0,2,0,0,0,0,0,7,70,2,14295,14295,3,5,5,3,0,0,0,1
1356649,2,2024,2024,6,4,7,1,31,228,69,0,1,1,-34.733459,149.735485,26,2,1,1,0,0,2,6,2,0,7,60,1,3775,3775,0,30,13,2,0,0,1,0
1356650,2,2024,2024,8,6,0,43,1,226,382,0,1,7,-33.758288,150.830835,7,0,2,1,2,0,0,0,0,0,0,60,2,6545,6545,4,5,5,2,0,0,1,0
1356651,2,2024,2024,6,3,6,127,27,135,103,0,1,1,-32.894017,151.732096,48,0,2,1,0,0,0,0,2,0,7,60,1,9859,9859,8,0,40,1,0,0,1,0
1356652,2,2024,2024,8,0,3,46,27,294,34609,0,1,1,-33.938594,150.943484,41,0,2,1,1,0,0,0,2,0,7,50,0,9859,9859,1,10,5,2,0,0,1,0
1356655,2,2024,2024,0,5,7,2,31,29,34609,0,1,1,-33.985301,151.082223,25,0,2,1,1,0,0,0,2,0,7,50,0,387,387,1,0,5,2,0,0,1,0
1356656,1,2024,2024,6,6,5,53,27,134,51,0,1,9,-33.507058,151.319253,16,2,2,1,3,0,0,0,2,0,0,60,1,5929,5929,1,10,0,2,0,0,0,2
1356657,4,2024,2024,6,1,9,36,27,15,34609,0,1,1,-33.992608,151.058308,68,0,2,1,0,0,0,0,0,0,7,50,0,9859,9859,8,30,40,1,0,2,1,0
1356663,4,2024,2024,5,0,5,3371,17,90,3342,0,1,9,-28.247652,153.534734,72,1,0,1,0,0,3,4,2,0,0,110,2,2852,2852,4,34,5,2,0,1,0,0
1356664,4,2024,2024,6,5,5,3371,17,63,3342,0,1,7,-33.238731,151.499434,16,2,2,1,1,0,0,0,2,0,0,60,2,6545,6545,4,10,19,2,0,1,0,0
1356672,2,2024,2024,6,4,3,147,27,224,605,0,1,10,-33.824824,151.234371,45,0,2,1,2,0,0,0,1,0,7,60,2,2852,2852,4,5,5,2,0,0,1,1
1356674,2,2024,2024,6,0,8,2261,17,32,2252,0,1,9,-34.837288,149.013354,82,1,0,1,3,0,0,0,2,0,15,110,2,2852,2852,4,5,0,2,0,0,1,2
1356675,1,2024,2024,5,6,7,829,27,123,770,0,1,9,-33.812327,151.061632,54,0,2,1,0,0,0,0,2,0,6,70,2,14295,14295,3,9,0,3,0,0,0,1
1356678,1,2024,2024,7,3,8,224,27,246,321,0,1,2,-33.901697,151.20124,69,0,2,1,1,0,0,0,2,0,7,50,2,941,941,1,5,5,2,0,0,0,1
1356679,4,2024,2024,8,4,6,4,27,91,2,0,1,9,-33.990835,150.883887,13,0,2,1,1,0,0,0,2,0,7,60,1,1383,1383,1,5,5,2,0,1,1,0
1356681,2,2024,2024,6,3,6,9,27,54,44,0,1,1,-33.716281,151.099484,31,0,2,1,1,0,3,2,2,0,7,60,1,3775,3775,0,5,5,3,0,0,2,0
1356685,4,2024,2024,7,6,10,220,27,66,222,0,1,2,-33.707895,150.931261,7,0,2,0,2,0,0,0,0,0,7,80,2,1850,1463,5,16,40,1,0,1,0,0
1356690,1,2024,2024,6,4,8,22,27,151,10,0,1,2,-34.026145,150.835548,13,0,2,1,0,0,3,4,2,0,7,60,1,14295,14295,3,33,5,3,0,0,0,1
1356691,4,2024,2024,0,3,5,14,1,30,18,1,0,9,-33.981925,151.144503,4,0,2,1,1,0,0,0,2,0,7,60,1,515,515,1,10,27,2,0,1,0,0
1356697,2,2024,2024,6,1,7,27,27,294,27,0,1,1,-33.936512,150.952994,41,0,2,1,1,0,0,0,2,0,7,60,1,14295,14295,3,0,5,2,0,0,1,0
1356698,4,2024,2024,5,2,7,46,27,148,43,0,1,9,-36.042713,146.928705,0,2,1,1,0,0,0,0,2,0,0,60,1,2852,2852,4,5,5,2,0,2,0,0
1356701,4,2024,2024,3,4,8,109,27,18,174,0,1,9,-32.989702,151.521852,37,0,2,1,1,0,0,3,2,0,15,80,2,2852,2852,4,5,19,2,0,1,0,0
1356702,2,2024,2024,6,4,8,43,27,136,148,0,1,1,-32.921999,151.715056,48,0,2,1,2,0,0,0,3,0,7,60,1,1945,1945,5,16,40,1,0,0,1,0
1356711,4,2024,2024,0,3,11,21,31,252,59,0,1,9,-33.884793,151.211973,69,0,2,1,2,0,3,0,0,0,7,40,1,9859,9859,8,22,40,1,0,1,0,0
1356718,2,2024,2024,6,0,3,308,14,53,311,0,1,3,-33.906348,150.846727,41,0,2,1,3,0,0,0,2,0,7,100,2,14295,14295,3,8,0,5,0,0,1,1
1356719,4,2024,2024,3,0,7,225,17,9,180,0,1,1,-34.580356,150.707524,62,0,2,0,0,0,0,3,2,0,7,90,2,14295,14295,3,16,0,2,0,1,0,0
1356721,2,2024,2024,6,2,11,72,31,204,331,0,1,9,-33.938342,151.151638,4,0,2,1,2,0,0,0,0,2,7,60,2,14295,14295,3,5,18,2,0,0,1,0
1356722,2,2024,2024,8,5,7,5,31,228,34609,0,1,9,-34.763424,149.708256,26,2,1,1,1,0,0,0,2,0,7,50,0,6545,6545,4,22,40,2,0,0,1,1
1356725,2,2024,2024,5,0,8,6,1,26,34609,1,0,9,-34.860266,150.59009,63,2,1,1,2,0,0,0,3,2,7,60,0,2852,2852,4,5,5,2,0,0,2,1
1356730,4,2024,2024,0,3,8,15,10,132,34609,0,1,1,-34.102627,151.106633,68,0,2,1,1,0,0,0,2,0,7,80,0,3775,3775,0,5,0,2,0,1,1,0
1356731,4,2024,2024,6,5,4,1052,14,83,928,0,1,3,-33.479704,151.184164,16,1,2,0,0,0,0,0,2,0,7,100,2,14295,14295,3,9,35,2,0,1,0,0
1356732,4,2024,2024,8,1,9,19,31,30,34609,1,0,10,-34.743913,146.548519,51,2,1,1,2,0,0,0,0,0,15,50,0,6545,6545,4,10,41,2,0,1,1,0
1356733,4,2024,2024,8,6,7,1,31,78,34609,0,1,9,-33.832739,150.812185,55,0,2,0,1,0,0,0,2,0,0,50,0,2852,2852,4,5,5,2,0,1,1,0