Crash ID,Degree of crash - detailed,Reporting year,Year of crash,Month of crash,Day of week of crash,Two-hour intervals,Street of crash,Street type,Town,Route no.,School zone location,School zone active,Type of location,Latitude,Longitude,LGA,Urbanisation,Conurbation 1,Alignment,Street lighting,Road surface,Surface condition,Weather,Natural lighting,Signals operation,Other traffic control,Speed limit,Road classification,RUM - code,DCA - code,First impact type,Key TU type,Other TU type,No. of traffic units involved,No. killed,No. seriously injured,No. moderately injured,No. minor-other injured
1356734,2,2024,2024,7,6,5,4,17,63,4,0,1,10,-28.178671,153.521367,72,2,1,1,1,0,0,0,2,2,7,60,2,6545,6545,4,5,13,2,0,0,1,0
1356735,2,2024,2024,6,4,5,23,31,129,34609,1,0,1,-33.89599,151.113935,15,0,2,0,1,0,0,0,2,0,7,50,0,3775,3775,0,15,18,2,0,0,1,0
1356740,1,2024,2024,6,2,6,163,27,73,165,0,1,9,-33.750124,150.801716,7,0,2,1,3,0,0,0,2,2,7,60,1,6545,6545,4,5,0,2,0,0,0,1
1356742,1,2024,2024,7,0,7,22,31,194,13,1,2,10,-30.503009,151.673093,1,2,1,1,0,0,0,0,2,2,9,40,1,1220,1220,9,0,28,2,0,0,0,1
1356746,4,2024,2024,6,4,5,82,31,163,34609,0,1,7,-33.858336,151.108218,14,0,2,1,2,0,0,0,2,0,0,50,0,4026,4026,8,5,40,1,0,1,0,0
1356747,4,2024,2024,8,2,1,134,10,363,133,0,1,6,-33.809958,151.022624,54,0,2,0,2,0,3,4,0,0,7,60,2,1957,4009,8,10,40,1,0,1,0,0
1356748,4,2024,2024,6,2,5,67,27,157,55,0,1,10,-34.022219,151.106796,68,0,2,1,1,0,3,4,2,2,7,70,2,6545,6545,4,5,0,4,0,1,0,0
1356753,2,2024,2024,0,4,7,5,27,210,34609,0,1,2,-34.035959,151.113264,68,0,2,1,0,0,3,4,2,0,7,50,0,591,591,1,22,0,2,0,0,1,0
1356760,4,2024,2024,6,5,5,1,1,71,34609,0,1,9,-33.774137,150.706617,55,0,2,1,1,0,0,0,2,0,7,50,0,9859,9859,1,5,5,2,0,2,0,0
1356764,4,2024,2024,6,2,1,59,27,109,34609,0,1,2,-33.966812,150.86005,41,0,2,0,2,0,0,0,0,0,7,60,0,4552,5151,8,30,40,1,0,1,0,0
1356766,2,2024,2024,5,0,5,2261,17,443,2252,0,1,2,-33.888641,151.061219,15,0,2,1,3,0,0,3,2,0,7,70,2,9859,9859,8,5,40,1,0,0,1,0
1356767,2,2024,2024,6,0,10,5,13,463,34609,0,1,1,-30.310323,153.139951,19,2,1,1,2,0,0,0,0,0,7,40,0,77,77,1,5,0,2,0,0,1,0
1356768,2,2024,2024,6,2,10,1,31,94,34609,0,1,1,-33.877783,150.917552,24,0,2,1,2,0,0,0,0,0,7,50,0,9859,9859,1,5,5,2,0,0,1,0
1356769,4,2024,2024,8,0,7,916,17,13,917,0,1,2,-32.539389,151.147137,64,2,1,1,0,0,0,3,2,0,7,80,2,5929,5929,1,0,19,2,0,1,0,0
1356773,2,2024,2024,5,1,6,20,27,40,20,0,1,1,-34.999255,150.604504,63,1,0,1,0,0,0,0,2,0,7,90,1,3775,3775,0,0,5,2,0,0,2,0
1356777,2,2024,2024,6,0,6,28,27,16,62,0,1,1,-36.724289,149.906293,5,2,1,0,0,0,3,4,2,0,7,80,1,3775,3775,0,5,36,2,0,0,1,0
1356779,1,2024,2024,8,6,3,49,27,19,62,0,1,2,-33.696274,150.895281,7,0,2,1,3,0,0,0,2,0,7,70,2,14295,14295,3,5,5,4,0,0,0,1
1356780,2,2024,2024,3,0,9,2126,17,323,2149,0,1,9,-33.789142,150.856023,7,0,2,1,2,0,0,0,3,2,7,80,2,5929,5929,1,8,0,2,0,0,1,1
1356783,4,2024,2024,0,3,7,12,27,148,34609,0,1,7,-36.042993,146.934513,0,2,1,1,0,0,0,0,2,0,0,50,0,6545,6545,4,10,19,2,0,1,0,0
1356784,4,2024,2024,6,5,8,10,31,74,34609,0,1,10,-34.637208,148.017856,20,2,1,1,1,0,0,0,2,0,0,50,0,6545,6545,4,21,36,2,0,1,1,1
1356785,1,2024,2024,6,5,0,7,27,61,34609,0,1,1,-35.1199,149.224346,82,1,0,0,3,0,0,0,0,0,7,100,0,1089,1089,7,5,40,1,0,0,0,1
1356787,1,2024,2024,6,2,3,149,10,346,702,0,1,10,-33.86795,151.064387,67,0,2,1,1,0,0,0,1,2,7,80,2,1669,1669,3,10,0,2,0,0,0,1
1356788,4,2024,2024,8,2,5,334,31,62,256,0,1,2,-34.071947,150.810805,13,0,2,1,1,0,0,0,2,0,7,60,2,1383,1383,1,16,19,2,0,1,1,0
1356789,4,2024,2024,8,6,4,2209,17,115,2205,0,1,2,-34.036534,151.065982,68,0,2,1,0,0,3,4,2,0,7,70,2,3775,3775,0,10,25,2,0,1,1,0
1356790,4,2024,2024,8,0,9,251,27,29,212,0,1,9,-33.754819,151.270573,50,0,2,1,2,0,0,0,0,0,7,70,2,1282,1282,1,0,19,2,0,1,0,0
1356793,4,2024,2024,6,1,10,86,27,8,42,0,1,1,-30.997197,152.71338,34,1,0,0,0,0,0,6,0,0,7,100,1,4552,5151,8,10,40,1,0,1,0,0
1356794,4,2024,2024,5,1,6,12,2,232,34609,0,1,9,-33.686276,150.924131,71,0,2,1,3,0,0,0,2,0,0,60,0,5929,5929,1,5,5,3,0,1,0,0
1356796,4,2024,2024,5,5,5,2,31,84,34609,0,1,10,-31.103307,150.893656,70,2,1,1,0,0,3,4,2,0,0,50,0,6545,6545,4,10,0,2,0,1,0,0
1356798,1,2024,2024,6,3,8,4,10,122,34609,0,1,1,-33.429526,151.346887,16,2,2,1,3,0,0,0,0,0,7,50,0,3775,3775,0,5,5,2,0,0,0,1
1356799,2,2024,2024,5,3,8,1,27,3,34609,0,1,1,-34.749609,150.707847,63,1,0,1,3,0,3,0,3,0,7,100,0,9859,9859,8,5,40,1,0,0,1,0
1356801,1,2024,2024,6,3,8,1052,14,57,928,0,1,3,-33.675993,151.120042,31,0,2,1,0,0,0,0,0,0,7,110,2,14295,14295,3,0,13,4,0,0,0,3
1356805,2,2024,2024,6,5,3,1052,14,54,928,0,1,3,-33.461057,151.197913,16,1,2,1,1,0,0,0,1,0,7,110,2,14295,14295,3,0,0,4,0,0,1,2
1356806,1,2024,2024,5,6,8,103,27,149,167,0,1,2,-33.991051,151.132883,4,0,2,1,3,0,3,4,0,0,7,70,2,14295,14295,3,10,0,2,0,0,0,2
1356807,1,2024,2024,5,4,3,192,31,316,120,1,0,1,-33.92124,151.240314,59,0,2,1,0,0,0,0,1,0,7,50,2,14295,14295,3,0,5,2,0,0,0,1
1356808,1,2024,2024,8,5,7,42,31,145,34609,1,0,1,-33.923428,151.071161,15,0,2,1,1,0,0,0,2,0,7,50,0,238,238,9,0,26,2,0,0,0,1
1356810,1,2024,2024,8,5,8,162,31,387,13,0,1,10,-33.930406,151.199987,4,0,2,1,0,0,0,0,2,2,7,50,1,775,775,4,5,19,2,0,0,0,1
1356818,1,2024,2024,5,4,9,12,1,123,34609,0,1,1,-33.913908,151.224581,59,0,2,1,3,0,0,0,0,0,7,40,0,3775,3775,0,22,27,2,0,0,0,1
1356822,2,2024,2024,6,4,7,126,27,74,168,0,1,10,-34.048065,150.761704,12,0,2,1,1,0,0,0,2,2,7,80,2,14295,14295,3,3,5,4,0,0,1,0
1356826,1,2024,2024,6,4,4,125,27,22,144,0,1,2,-32.871524,151.793167,57,2,1,1,0,0,0,0,2,0,14,50,2,14295,14295,3,5,5,2,0,0,0,1
1356828,2,2024,2024,6,4,8,81,27,609,115,0,1,1,-33.782619,150.90038,7,0,2,1,3,0,0,0,2,0,7,60,2,14295,14295,3,0,13,4,0,0,1,0
1356829,2,2024,2024,6,0,7,28,27,104,34609,0,1,7,-33.790862,150.789035,55,0,2,0,3,0,0,3,2,0,0,50,0,5929,5929,1,16,5,2,0,0,1,0
1356832,2,2024,2024,6,6,7,1,10,4,34609,0,1,1,-33.945267,149.52411,51,1,0,1,0,0,0,0,2,0,7,100,0,945,945,5,9,40,1,0,0,1,1
1356833,4,2024,2024,8,1,1,11,27,69,34609,1,0,1,-28.544083,153.485581,10,2,1,0,0,0,0,0,0,0,7,60,0,2585,4009,8,34,40,1,0,1,0,0
1356834,2,2024,2024,8,0,7,1052,14,53,928,0,1,3,-33.681592,151.120543,31,0,2,1,0,0,0,0,2,0,7,110,2,14295,14295,3,19,5,4,0,0,1,0
1356835,4,2024,2024,0,1,0,348,17,12,232,0,1,1,-32.653138,149.67061,44,1,0,0,0,0,0,0,0,0,7,100,2,4552,5151,8,34,40,1,0,2,0,0
1356836,4,2024,2024,6,4,6,3,10,41,34609,0,1,9,-30.354971,153.093239,19,2,1,1,0,0,0,0,2,0,7,50,0,1945,1945,5,15,40,1,0,1,0,0
1356838,4,2024,2024,8,6,7,178,27,189,101,0,1,9,-33.942322,151.054122,15,0,2,1,1,0,0,0,2,3,7,50,1,5929,5929,1,5,5,2,0,1,1,0
1356842,4,2024,2024,0,1,6,135,17,36,136,0,1,10,-36.084559,146.912324,0,2,1,1,1,0,0,0,2,2,7,60,2,6545,6545,4,5,5,2,0,1,0,1
1356843,2,2024,2024,8,4,9,3371,10,316,34609,0,1,1,-31.469973,152.913216,56,2,1,1,3,0,0,0,0,0,7,50,0,9859,9859,8,5,40,1,0,0,1,0
1356845,2,2024,2024,6,2,6,98,27,294,799,0,1,10,-33.929002,150.955753,41,0,2,1,1,0,0,0,2,2,7,70,2,14295,14295,3,8,13,10,0,0,2,2
1356847,2,2024,2024,0,2,8,14,31,438,563,0,1,10,-33.85134,151.037067,21,0,2,1,2,0,0,0,0,2,7,70,2,395,395,1,16,13,2,0,0,1,0
1356848,2,2024,2024,6,1,5,8,22,147,40,0,1,7,-33.754945,151.29641,50,0,2,1,1,0,0,0,2,0,0,40,1,1850,985,5,15,40,1,0,0,1,0
1356849,2,2024,2024,5,0,4,27,27,119,9,0,1,1,-33.875724,151.160952,32,0,2,1,3,0,3,2,2,0,7,50,1,14295,14295,3,5,0,2,0,0,1,0
1356852,1,2024,2024,8,0,9,220,27,46,222,0,1,2,-33.786227,150.972854,54,0,2,1,2,0,0,0,0,0,7,80,2,14295,14295,3,5,25,2,0,0,0,1
1356858,2,2024,2024,8,6,7,5,31,49,18,0,1,1,-33.968647,151.14735,4,0,2,1,1,0,0,3,2,0,7,60,1,941,941,1,30,0,2,0,0,1,0
1356863,1,2024,2024,6,0,9,8,31,115,140,0,1,1,-33.920016,151.179011,32,0,2,1,2,0,0,0,0,0,7,60,2,404,404,8,15,40,1,0,0,0,1
1356865,1,2024,2024,8,0,8,361,23,80,44,0,1,1,-33.973645,150.891892,13,0,2,1,2,0,0,0,3,0,9,40,1,2040,2040,9,33,28,2,0,0,0,1
1356866,4,2024,2024,8,1,5,23,1,179,70,0,1,9,-31.907131,152.471375,43,2,1,1,1,0,3,4,2,0,7,60,1,1109,787,1,0,5,2,0,1,0,0
1356867,4,2024,2024,7,5,1,3371,17,35,3342,0,1,2,-30.541208,153.002017,6,1,0,0,0,0,0,0,0,0,7,110,2,1220,1220,9,10,28,2,0,1,0,0
1356868,1,2024,2024,6,4,5,2,1,134,34609,0,1,9,-33.510109,151.313603,16,2,2,1,3,0,0,0,2,0,0,50,0,1282,1282,1,5,5,2,0,0,0,1
1356869,4,2024,2024,7,3,5,2209,17,157,2205,0,1,2,-34.006789,151.111831,68,0,2,1,0,0,3,3,2,0,7,70,2,4026,4026,8,5,40,1,0,1,0,0
1356870,2,2024,2024,6,0,8,2209,17,26,2205,0,1,2,-34.026564,151.084902,68,0,2,1,2,0,3,4,2,0,7,70,2,14295,14295,3,5,5,3,0,0,1,0
1356871,4,2024,2024,0,1,5,38,27,8,45,0,1,1,-35.089196,150.56041,63,2,1,1,0,0,0,0,2,0,7,60,1,1945,1945,5,16,40,2,0,1,0,0
1356873,2,2024,2024,0,1,9,45,1,294,518,0,1,9,-33.939724,150.925023,41,0,2,1,2,0,0,0,0,2,7,60,2,1109,787,1,8,5,2,0,0,1,0
1356876,1,2024,2024,5,2,9,41,31,119,96,0,1,1,-33.874479,151.155127,32,0,2,0,3,0,0,0,0,0,7,50,2,14295,14295,3,30,5,3,0,0,0,1
1356877,1,2024,2024,6,4,8,171,27,113,369,0,1,9,-33.80538,150.696402,55,0,2,1,3,0,0,0,3,2,9,80,2,14295,14295,3,5,5,3,0,0,0,1
1356878,2,2024,2024,6,1,2,5,31,234,61,0,1,2,-34.288532,146.055686,28,2,1,1,0,0,3,3,1,0,7,50,1,238,238,9,10,28,2,0,0,1,0
1356884,4,2024,2024,5,5,3,1,18,104,34609,0,1,10,-32.915619,151.720575,48,0,2,1,0,0,3,4,2,0,7,50,0,2040,2040,9,8,28,2,0,1,0,0
1356885,4,2024,2024,7,4,3,12,31,283,34609,0,1,9,-33.829804,151.012415,54,0,2,1,2,0,0,0,1,0,7,50,0,1220,1220,9,5,28,2,0,1,0,0
1356887,4,2024,2024,8,6,4,478,17,89,480,0,1,9,-33.385697,151.472515,16,2,2,1,3,0,2,6,2,0,15,60,2,2852,2852,4,5,5,3,0,1,0,0
1356891,2,2024,2024,0,0,11,7,31,25,34609,0,1,4,-35.040533,150.668097,63,2,1,0,2,0,3,4,0,0,7,50,0,4552,5151,8,10,40,1,0,0,1,0
1356893,1,2024,2024,5,2,8,283,27,145,702,0,1,2,-33.926867,151.070842,15,0,2,1,3,0,3,4,2,0,7,60,2,14295,14295,3,0,5,2,0,0,0,1
1356894,1,2024,2024,6,6,7,2,7,115,34609,1,0,9,-33.749173,151.229475,50,0,2,1,3,0,0,0,2,2,7,50,0,1981,1981,4,0,0,2,0,0,0,1
1356908,1,2024,2024,5,4,5,8,31,273,34609,0,1,1,-34.422488,150.882738,80,0,2,1,1,0,0,0,2,0,7,50,0,1981,1981,4,30,5,4,0,0,0,1
1356909,2,2024,2024,5,6,8,63,31,24,34609,0,1,10,-33.663964,150.873757,7,0,2,1,0,0,0,0,0,0,0,60,0,6545,6545,4,0,0,2,0,0,1,0
1356910,2,2024,2024,8,2,11,133,31,22,34609,0,1,1,-34.532947,150.871408,80,0,2,1,2,0,3,4,0,0,7,50,0,4026,4026,1,0,0,3,0,0,1,0
1356911,4,2024,2024,8,3,11,15,27,25,117,0,1,1,-32.871915,151.706483,48,0,2,1,2,0,0,0,0,0,7,60,2,1945,1945,5,16,40,1,0,1,0,0
1356912,1,2024,2024,8,1,4,2261,17,243,2252,0,1,9,-33.957835,150.887124,41,0,2,0,3,0,0,0,2,3,7,70,2,14295,14295,3,5,0,2,0,0,0,1
1356913,2,2024,2024,7,5,2,3,31,39,34609,1,0,1,-35.30298,148.219407,66,2,1,1,1,0,0,0,0,0,7,50,0,5929,5929,1,0,27,2,0,0,1,0
1356920,4,2024,2024,0,5,4,44,31,41,605,0,1,2,-33.785142,151.267109,50,0,2,1,1,0,0,0,2,0,7,60,2,1220,1220,9,0,28,2,0,1,0,0
1356923,4,2024,2024,6,5,4,17,27,21,62,0,1,1,-35.778104,147.958143,66,2,1,0,0,0,1,2,2,0,7,80,2,782,957,5,10,40,1,0,1,0,0
1356924,1,2024,2024,8,0,6,65,27,202,563,0,1,9,-33.940458,151.035614,15,0,2,1,0,0,0,0,2,0,7,70,2,14295,14295,3,5,0,3,0,0,0,1
1356925,2,2024,2024,3,6,8,1,31,82,34609,0,1,9,-33.797782,151.255063,50,0,2,1,1,0,0,0,2,0,7,50,0,9859,9859,1,0,0,2,0,0,1,0
1356927,1,2024,2024,6,5,4,916,17,165,917,0,1,2,-32.279148,150.89882,46,2,1,1,1,0,0,0,2,0,7,50,2,9859,9859,1,0,12,3,0,0,0,1
1356929,2,2024,2024,5,1,6,3371,17,49,3342,0,1,9,-33.197706,151.524507,16,2,2,1,3,0,0,0,2,0,0,80,2,2852,2852,4,5,5,2,0,0,2,0
1356933,2,2024,2024,8,6,6,6,27,78,34609,0,1,1,-33.700455,150.561672,8,2,2,1,0,0,0,0,2,0,7,50,0,9859,9859,1,0,0,3,0,0,1,0
1356935,4,2024,2024,8,5,5,16,36,7,34609,0,1,1,-35.905723,148.380698,66,2,1,0,0,0,1,3,2,0,7,80,0,404,404,8,16,40,1,0,1,0,0
1356936,4,2024,2024,7,2,5,169,31,44,57,0,1,9,-28.863841,153.545669,2,2,1,1,1,0,0,0,2,0,0,60,1,591,591,1,22,5,2,0,1,0,0
1356937,1,2024,2024,6,0,7,59,10,89,34609,0,1,9,-33.90207,151.239725,59,0,2,1,3,0,0,0,2,0,15,30,0,1282,1282,1,22,0,2,0,0,0,1
1356940,4,2024,2024,5,1,7,1052,14,54,928,0,1,3,-33.458098,151.202789,16,1,2,0,3,0,0,0,2,0,7,110,2,1259,5151,8,0,40,1,0,1,0,0
1356946,2,2024,2024,8,5,4,7,31,130,34609,0,1,0,-33.873233,151.197086,69,0,2,0,1,0,0,0,2,0,7,40,0,1192,1192,1,5,27,2,0,0,1,0
1356947,4,2024,2024,0,1,0,4,27,32,34609,0,1,1,-32.155147,150.235138,73,2,1,0,0,0,0,0,0,0,7,80,0,782,957,5,0,40,1,0,1,0,0
1356949,4,2024,2024,6,2,6,18,31,149,34609,0,1,9,-33.986199,151.131925,25,0,2,1,1,0,0,0,2,0,7,50,0,4026,4026,8,5,40,1,0,1,1,0
1356950,1,2024,2024,0,2,7,10,27,5,34,0,1,10,-33.840336,151.221164,49,0,2,1,3,0,3,3,2,2,7,50,1,14295,14295,3,5,0,2,0,0,0,1
1356951,2,2024,2024,5,1,10,27,1,132,148,0,1,1,-34.151325,151.023159,68,0,2,0,3,0,3,4,0,0,7,60,2,1850,1463,5,5,40,1,0,0,1,0
1356953,4,2024,2024,5,1,11,71,27,33,69,0,1,9,-36.390181,148.596902,65,1,0,0,0,0,0,0,0,0,7,100,2,273,957,5,0,40,1,0,1,0,0
1356958,4,2024,2024,6,0,5,22,27,14,26,0,1,1,-34.847912,147.225927,51,1,0,1,0,0,0,0,2,0,7,100,1,9859,9859,8,5,40,1,0,1,0,0
1356964,4,2024,2024,3,4,3,38,27,78,38,0,1,9,-33.392782,151.452405,16,2,2,0,2,0,0,0,0,0,0,60,1,2852,2852,4,5,19,2,0,1,0,0
1356967,2,2024,2024,6,5,4,13,27,210,34609,0,1,2,-34.034577,151.102255,68,0,2,1,1,0,0,0,2,0,7,50,0,2040,2040,9,19,28,2,0,0,1,0
1356968,2,2024,2024,5,4,11,387,36,86,69,0,1,2,-33.727069,151.220371,50,0,2,1,3,0,3,4,0,0,7,80,2,4026,4026,8,5,40,1,0,0,1,0
1356970,1,2024,2024,6,2,4,346,17,13,332,0,1,1,-28.907894,152.698739,51,1,0,0,3,0,0,0,2,0,7,100,2,273,957,5,10,40,1,0,0,0,2
1356975,4,2024,2024,0,6,5,14,27,201,34609,0,1,1,-33.987649,150.85796,13,0,2,0,1,0,0,0,2,0,7,60,0,4552,5151,1,5,25,3,0,1,0,0
1356982,2,2024,2024,6,0,7,8,31,172,34609,0,1,10,-32.744729,151.614964,42,2,1,1,1,0,0,0,2,0,7,60,0,6545,6545,4,0,19,2,0,0,1,0
1356984,1,2024,2024,5,0,8,1104,11,130,770,0,1,2,-33.871167,151.192248,69,0,2,0,3,0,0,0,3,0,7,60,2,14295,14295,3,30,13,2,0,0,0,1
1356985,2,2024,2024,5,1,7,81,27,609,115,0,1,1,-33.787148,150.899453,7,0,2,1,3,0,0,0,2,0,7,60,2,14295,14295,3,10,5,2,0,0,1,0
1356987,2,2024,2024,8,3,0,296,27,187,293,0,1,10,-33.881886,150.977495,15,0,2,1,2,0,3,4,0,2,7,60,2,14295,14295,3,9,0,4,0,0,2,1
1356993,4,2024,2024,7,4,4,13,1,42,34609,1,0,9,-33.917528,150.899183,41,0,2,1,1,0,0,0,2,0,9,50,0,591,591,1,22,5,2,0,1,0,0
1356994,2,2024,2024,6,4,11,31,27,17,41,0,1,1,-33.662269,151.159681,36,0,2,0,0,0,0,0,0,0,7,60,2,2585,4009,8,5,40,1,0,0,1,0
1356995,2,2024,2024,8,0,6,8,31,204,34609,1,0,9,-33.937788,151.139601,4,0,2,1,1,0,0,3,2,0,9,50,0,623,623,3,5,0,2,0,0,1,0
1357002,4,2024,2024,3,2,2,101,10,239,35,0,1,2,-34.032645,151.124611,68,0,2,1,2,0,0,0,0,0,7,60,2,368,368,9,10,28,2,0,1,1,0
1357005,1,2024,2024,8,0,6,101,10,42,33,0,1,9,-34.011986,151.209576,68,0,2,1,3,0,0,3,2,0,0,50,1,515,515,1,5,27,2,0,0,0,1
1357008,2,2024,2024,6,3,0,2261,17,70,2252,0,1,2,-34.568433,150.254295,78,1,0,0,3,0,0,0,0,0,7,110,2,1259,5151,8,5,40,1,0,0,1,0
1357009,4,2024,2024,5,1,7,9,27,370,53,0,1,10,-34.072954,150.803689,13,0,2,1,3,0,0,0,2,2,7,60,2,5929,5929,1,5,5,2,0,1,0,0
1357010,2,2024,2024,5,4,5,11,27,29,12,0,1,7,-33.75012,151.279259,50,0,2,0,1,0,0,0,2,0,0,50,1,2585,4009,1,5,0,2,0,0,1,0
1357018,2,2024,2024,6,5,8,222,27,71,165,0,1,10,-33.970304,151.073709,25,0,2,1,3,0,0,0,2,3,7,50,1,1282,1282,1,5,5,2,0,0,1,0
1357019,1,2024,2024,5,0,5,35,27,91,96,0,1,1,-32.966431,151.653733,37,0,2,1,3,0,0,0,2,2,9,60,2,14295,14295,3,9,13,2,0,0,0,1
1357024,1,2024,2024,5,3,5,5,27,16,34609,0,1,1,-35.828333,144.954788,51,1,0,1,3,2,3,3,2,0,7,100,0,945,945,5,10,40,1,0,0,0,1
1357025,1,2024,2024,8,2,4,45,27,80,44,0,1,9,-33.815316,151.152039,38,0,2,0,3,0,0,0,2,0,0,60,2,6545,6545,4,5,5,2,0,0,0,1
1357026,1,2024,2024,6,4,8,34,31,96,25,0,1,1,-35.361273,149.233498,58,2,1,1,3,0,0,0,2,0,7,50,1,14295,14295,3,10,36,2,0,0,0,1
1357028,2,2024,2024,6,4,9,3,24,67,34609,0,1,9,-33.650233,150.908939,71,0,2,1,3,0,0,0,0,0,0,50,0,2852,2852,4,30,13,2,0,0,1,0
1357039,1,2024,2024,6,5,7,6,27,243,34609,0,1,9,-33.947644,150.905645,41,0,2,1,3,0,0,0,2,0,15,50,0,2852,2852,4,19,5,2,0,0,0,1
1357040,1,2024,2024,5,2,8,11,27,139,34,0,1,2,-33.842528,151.214142,49,0,2,1,3,0,0,0,3,0,9,50,1,14295,14295,3,0,5,2,0,0,0,1
1357042,1,2024,2024,6,5,7,6,31,224,34609,0,1,10,-33.832964,151.239072,45,0,2,1,3,0,0,0,2,0,15,50,0,14295,14295,3,21,0,2,0,0,0,1
1357043,2,2024,2024,5,2,11,1,10,111,34609,0,1,9,-33.699807,150.887598,7,0,2,1,2,0,0,0,0,0,15,50,0,4552,985,1,0,5,2,0,0,1,0
1357044,2,2024,2024,8,0,7,3,31,234,34609,0,1,10,-34.284054,146.047921,28,2,1,1,3,0,0,0,2,0,0,50,0,6545,6545,4,0,5,2,0,0,1,0
1357050,1,2024,2024,5,5,4,8,27,28,34609,1,0,7,-33.910899,150.879888,41,0,2,1,3,0,0,0,2,0,0,50,0,775,775,4,10,25,2,0,0,0,1
1357052,2,2024,2024,5,2,5,30,10,27,30,0,1,1,-33.157175,151.201671,16,1,2,0,3,0,0,0,2,0,7,100,1,4552,5151,8,16,40,1,0,0,1,0
1357053,1,2024,2024,6,4,11,220,27,323,222,0,1,6,-33.758406,150.955691,71,0,2,0,3,0,0,0,0,2,9,80,2,14295,14295,3,0,5,2,0,0,0,1
1357056,1,2024,2024,5,6,5,48,31,104,605,0,1,10,-33.829849,151.215219,49,0,2,0,3,0,0,0,2,2,7,60,2,515,515,1,0,19,2,0,0,0,1
1357057,1,2024,2024,5,1,8,30,31,204,34609,0,1,1,-33.943325,151.147323,4,0,2,1,3,0,3,4,2,0,7,50,0,1391,1391,1,10,19,2,0,0,0,1
1357061,1,2024,2024,5,5,3,2126,17,90,2149,0,1,9,-33.807161,150.933871,21,0,2,1,3,0,0,0,2,2,7,80,2,1391,1391,1,10,5,2,0,0,0,1
1357062,2,2024,2024,5,2,8,2126,17,21,2149,0,1,2,-33.723145,150.418352,8,2,2,0,3,0,0,0,2,0,7,80,2,14295,14295,3,5,5,4,0,0,1,0
1357063,2,2024,2024,5,5,4,83,27,433,19,1,0,1,-33.292298,149.111927,52,2,1,1,3,0,0,3,2,0,7,50,2,1945,1945,5,16,40,1,0,0,1,0
1357064,1,2024,2024,5,6,4,27,27,171,35,0,1,7,-33.803555,150.974065,54,0,2,1,3,0,0,0,2,0,0,50,1,2040,2040,9,5,28,3,0,0,0,2
1357065,4,2024,2024,5,0,5,1052,14,207,928,0,1,3,-33.601818,151.168152,31,0,2,1,3,0,0,0,2,0,7,110,2,4026,4026,8,5,40,1,0,1,0,0
1357067,2,2024,2024,6,1,6,3371,17,4,3342,0,1,2,-33.145433,151.612235,37,0,2,0,3,0,0,0,2,0,7,80,2,1259,5151,8,5,40,1,0,0,1,0
1357068,2,2024,2024,5,6,7,3371,17,17,3342,0,1,2,-28.505092,153.530097,10,1,0,1,3,0,0,0,2,0,7,110,2,4026,4026,8,0,40,1,0,0,1,0
1357069,2,2024,2024,5,3,8,3371,17,83,3342,0,1,1,-33.482867,151.18531,16,2,2,0,3,0,0,0,3,0,7,60,2,14295,14295,3,0,0,5,0,0,1,0
1357070,2,2024,2024,5,3,7,1052,14,53,928,0,1,3,-33.682929,151.12067,31,0,2,1,3,0,0,0,2,0,7,110,2,14295,14295,3,30,0,3,0,0,1,0
1357071,1,2024,2024,8,4,9,104,27,443,702,0,1,9,-33.903464,151.064374,15,0,2,1,3,0,0,0,0,2,7,70,2,14295,14295,3,9,5,2,0,0,0,1
1357073,2,2024,2024,6,2,3,81,31,133,80,1,0,1,-33.924646,151.012522,15,0,2,0,3,0,0,0,1,0,7,60,1,4552,5151,1,5,5,4,0,0,1,0
1357074,1,2024,2024,5,4,9,20,27,49,81,0,1,9,-34.426906,148.697564,30,1,0,1,3,0,0,0,0,0,0,100,2,2585,777,8,5,40,1,0,0,0,1
1357076,1,2024,2024,6,4,7,866,17,523,793,0,1,9,-33.907865,150.918525,41,0,2,1,3,0,0,0,2,2,7,70,2,14295,14295,3,21,5,4,0,0,0,1
1357077,2,2024,2024,5,6,3,40,31,179,34609,0,1,1,-33.76209,150.717274,55,0,2,1,3,0,0,0,2,0,7,50,0,1981,1981,4,5,5,2,0,0,1,0
1357079,1,2024,2024,5,6,3,42,31,150,34609,0,1,1,-33.919471,151.226802,59,0,2,1,3,0,0,0,2,0,7,50,0,1192,1192,1,10,5,2,0,0,0,1
1357083,2,2024,2024,5,5,9,10,31,107,34609,1,0,10,-33.881709,151.196034,69,0,2,1,3,0,0,0,0,0,15,40,0,775,775,4,5,27,2,0,0,1,0
1357086,2,2024,2024,5,4,6,74,27,130,59,0,1,9,-34.455548,150.858634,80,0,2,1,1,0,0,0,2,2,7,80,2,5929,5929,1,30,5,2,0,0,1,0
1357087,1,2024,2024,8,1,6,2,27,1,34609,0,1,1,-35.833403,144.716818,51,1,0,0,3,0,0,0,2,0,7,100,0,782,957,5,3,40,1,0,0,0,1
1357089,2,2024,2024,5,5,2,59,27,41,34609,0,1,1,-34.061832,150.694784,12,0,2,1,2,0,3,4,0,0,7,50,0,9859,9859,8,0,40,1,0,0,1,0
1357091,2,2024,2024,6,4,3,39,22,65,34609,0,1,1,-33.391981,151.392849,16,2,2,0,3,0,3,3,2,0,7,60,0,4552,5151,8,0,40,1,0,0,1,0
1357096,2,2024,2024,8,2,7,191,17,562,189,0,1,7,-32.244317,148.614382,22,2,1,1,3,0,0,0,2,0,0,60,2,6545,6545,4,5,0,2,0,0,1,0