Crash ID,Degree of crash - detailed,Reporting year,Year of crash,Month of crash,Day of week of crash,Two-hour intervals,Street of crash,Street type,Town,Route no.,School zone location,School zone active,Type of location,Latitude,Longitude,LGA,Urbanisation,Conurbation 1,Alignment,Street lighting,Road surface,Surface condition,Weather,Natural lighting,Signals operation,Other traffic control,Speed limit,Road classification,RUM - code,DCA - code,First impact type,Key TU type,Other TU type,No. of traffic units involved,No. killed,No. seriously injured,No. moderately injured,No. minor-other injured
1357097,1,2024,2024,5,2,5,1104,14,142,962,0,1,3,-33.827818,150.999631,54,0,2,0,3,0,0,0,2,0,7,90,2,14295,14295,3,10,0,2,0,0,0,1
1357099,2,2024,2024,0,4,7,348,17,14,232,0,1,1,-33.099646,149.958077,40,1,0,0,3,0,3,4,2,0,7,100,2,273,957,5,10,40,1,0,0,1,0
1357101,1,2024,2024,6,2,5,4,27,12,34609,0,1,1,-33.545331,149.742342,51,2,1,1,3,2,0,0,2,0,7,80,0,1945,1945,5,11,40,1,0,0,0,1
1357104,2,2024,2024,5,6,7,1052,14,207,928,0,1,3,-33.605379,151.164258,31,0,2,0,1,0,0,0,2,0,7,110,2,14295,14295,3,9,5,2,0,0,1,0
1357105,1,2024,2024,5,1,3,2126,17,33,2149,0,1,9,-33.718613,150.43139,8,2,2,0,3,0,0,0,2,2,7,70,2,14295,14295,3,0,0,3,0,0,0,1
1357107,2,2024,2024,7,3,6,11,27,10,34609,0,1,1,-32.857273,151.25509,17,1,0,0,3,2,0,3,2,0,7,100,0,3775,3775,0,5,5,2,0,0,1,0
1357111,1,2024,2024,5,0,7,5,31,25,34609,0,1,10,-33.875973,151.277981,76,0,2,1,3,0,0,0,2,0,15,50,0,5929,5929,1,0,5,2,0,0,0,1
1357114,4,2024,2024,6,3,3,4,1,147,34609,0,1,9,-33.73225,151.151781,36,0,2,0,3,0,3,4,2,0,7,50,0,1259,5151,1,5,5,2,0,1,0,0
1357118,2,2024,2024,5,5,3,475,10,78,268,0,1,1,-33.880834,150.795457,41,0,2,1,3,0,0,0,2,0,7,60,2,14295,14295,3,8,5,3,0,0,1,0
1357120,2,2024,2024,6,2,8,60,27,239,167,1,0,10,-34.031914,151.119298,68,0,2,1,3,0,3,4,2,2,7,70,2,5929,5929,1,5,0,2,0,0,1,0
1357121,1,2024,2024,6,6,6,2261,17,187,2252,0,1,2,-33.889857,150.974008,15,0,2,1,3,0,0,0,2,0,7,70,2,14295,14295,3,0,5,2,0,0,0,2
1357125,1,2024,2024,6,3,10,2126,17,445,2149,0,1,2,-33.846567,151.044949,21,0,2,1,3,0,0,0,0,0,7,60,2,14295,14295,3,21,5,2,0,0,0,1
1357126,1,2024,2024,6,6,8,15,27,127,154,0,1,1,-33.842125,150.87029,24,0,2,1,3,0,0,0,2,0,7,60,1,14295,14295,3,5,0,2,0,0,0,1
1357131,2,2024,2024,8,4,6,12,27,39,34609,0,1,2,-34.045624,150.76302,12,0,2,1,1,0,0,0,2,0,7,60,0,9859,9859,8,0,40,1,0,0,1,0
1357132,1,2024,2024,6,5,8,229,14,98,237,0,1,3,-33.758531,151.051254,54,0,2,1,3,0,0,0,2,0,7,100,2,14295,14295,3,0,0,2,0,0,0,1
1357134,1,2024,2024,5,6,7,78,32,293,34609,0,1,1,-33.923673,151.05103,15,0,2,1,3,0,0,0,2,0,7,60,0,1282,1282,1,5,5,2,0,0,0,1
1357137,1,2024,2024,6,6,8,5,27,83,34609,0,1,10,-30.124779,153.191235,19,2,1,0,3,0,0,0,2,0,0,60,0,1282,1282,1,0,12,2,0,0,0,1
1357140,1,2024,2024,5,6,4,2126,17,283,2149,0,1,2,-33.827878,151.005572,54,0,2,1,3,0,0,0,2,0,7,60,2,1282,1282,1,5,0,2,0,0,0,1
1357144,4,2024,2024,6,0,6,171,23,99,34609,0,1,9,-33.891286,151.273981,76,0,2,1,3,0,0,0,2,1,9,40,0,2040,2040,9,0,28,2,0,1,0,0
1357146,1,2024,2024,5,1,3,2126,17,33,2149,0,1,2,-33.71863,150.43134,8,2,2,0,3,0,0,0,2,0,7,70,2,204,204,1,5,0,2,0,0,0,1
1357147,2,2024,2024,5,4,11,162,31,532,24,0,1,10,-33.86874,151.205277,69,0,2,1,3,0,0,0,0,3,7,40,1,14295,14295,3,5,5,2,0,0,1,0
1357153,2,2024,2024,5,5,4,866,17,314,793,0,1,9,-33.850884,150.943928,24,0,2,1,3,0,0,0,2,0,7,70,2,623,623,3,10,5,2,0,0,1,0
1357155,1,2024,2024,5,5,6,13,27,151,34609,0,1,10,-34.035907,150.83579,13,0,2,1,3,0,0,0,2,0,0,60,0,6545,6545,4,9,13,2,0,0,0,1
1357166,4,2024,2024,0,3,6,334,17,21,308,0,1,1,-31.408372,152.231589,56,2,1,0,0,0,0,0,2,0,7,80,2,3775,3775,0,16,19,3,0,2,0,1
1357169,4,2024,2024,5,6,8,2261,17,15,2252,0,1,2,-35.14382,147.983244,20,1,0,1,0,0,0,0,2,0,7,110,2,9859,9859,8,9,40,1,0,1,0,0
1357170,2,2024,2024,8,5,8,2209,17,115,2205,0,1,9,-33.909337,151.181023,32,0,2,1,2,0,3,0,3,0,0,60,2,1109,787,1,5,5,2,0,0,1,0
1357174,4,2024,2024,6,6,6,866,17,247,793,0,1,9,-33.816417,150.963069,21,0,2,1,1,0,0,0,2,2,7,70,2,5929,5929,1,5,0,2,0,1,0,1
1357175,2,2024,2024,8,0,3,3,1,54,34609,0,1,1,-33.891149,151.223466,69,0,2,1,0,0,0,0,2,0,7,40,0,941,941,1,33,27,2,0,0,1,0
1357178,4,2024,2024,8,4,7,12,27,197,22,0,1,9,-33.793415,151.127998,61,0,2,1,1,0,0,0,2,0,7,60,1,1669,1669,3,15,0,2,0,1,0,0
1357181,4,2024,2024,7,2,0,3,27,12,34609,0,1,1,-32.918326,150.635964,64,1,0,0,0,0,0,0,0,0,7,100,0,1850,1463,5,33,40,1,0,3,1,0
1357182,2,2024,2024,8,0,9,87,1,225,19,0,1,1,-33.79846,151.181705,77,0,2,1,2,0,0,0,0,0,7,40,1,1220,1220,9,5,28,2,0,0,1,0
1357183,4,2024,2024,8,1,8,346,17,47,332,0,1,1,-28.847446,153.43983,2,1,0,1,0,0,0,0,0,0,7,100,2,1109,787,1,5,5,2,0,2,0,0
1357184,4,2024,2024,0,1,7,2,27,346,34609,0,1,1,-33.869102,151.09321,14,0,2,1,1,0,0,0,2,0,7,50,0,1109,397,1,0,18,2,0,1,0,0
1357185,1,2024,2024,8,6,4,35,27,71,24,1,0,1,-33.76273,150.69951,55,0,2,1,1,0,0,0,2,2,9,60,1,1282,1282,1,5,40,3,0,0,0,1
1357188,2,2024,2024,5,5,6,2209,17,51,2205,0,1,9,-34.468482,150.826679,80,0,2,1,1,0,0,0,2,2,7,70,1,4026,4026,8,0,40,1,0,0,1,0
1357191,4,2024,2024,0,5,5,296,27,290,293,0,1,10,-33.85575,150.995008,21,0,2,1,1,0,3,3,2,2,7,70,2,14295,14295,3,5,0,2,0,1,1,0
1357192,2,2024,2024,5,2,8,1,36,1,34609,0,1,1,-36.447819,148.441639,65,2,1,0,2,0,0,0,0,0,7,60,0,1957,4009,8,30,40,1,0,0,1,0
1357193,2,2024,2024,0,4,8,481,17,77,483,0,1,1,-30.209802,149.812891,51,1,0,1,0,0,0,3,2,0,7,110,2,14295,14295,3,3,2,2,0,0,1,0
1357195,4,2024,2024,8,2,6,3,27,1,34609,0,1,1,-31.261328,141.238038,51,2,1,0,0,2,0,0,2,0,7,80,0,1850,1463,5,0,40,1,0,2,0,0
1357196,1,2024,2024,0,6,3,234,27,54,217,0,1,2,-33.713923,151.015521,31,0,2,1,0,0,0,0,2,0,7,60,2,14295,14295,3,5,0,3,0,0,0,2
1357197,1,2024,2024,6,0,6,5,31,562,34609,0,1,1,-32.246248,148.612019,22,2,1,1,0,0,0,0,2,0,7,50,0,1669,1669,3,5,0,2,0,0,0,1
1357198,4,2024,2024,5,4,8,2209,17,44,2205,0,1,9,-33.947396,151.140402,4,0,2,1,1,0,0,0,3,0,7,60,2,2852,2852,4,5,13,2,0,1,1,0
1357200,4,2024,2024,5,2,1,32,27,78,28,0,1,1,-33.907499,150.787596,41,0,2,1,0,0,0,0,0,0,7,70,1,9859,9859,1,5,0,2,0,1,0,0
1357201,2,2024,2024,6,5,9,19,31,224,34609,0,1,1,-33.82948,151.247502,45,0,2,1,2,0,0,0,0,0,7,50,0,9859,9859,1,0,0,2,0,0,1,0
1357206,1,2024,2024,5,6,5,13,31,463,34609,0,1,10,-30.300661,153.110045,19,2,1,0,0,0,0,0,2,0,0,50,0,1669,1669,3,10,0,2,0,0,0,1
1357208,4,2024,2024,6,1,7,109,27,247,106,0,1,9,-33.82967,150.952989,21,0,2,1,1,0,0,0,2,0,7,60,1,2040,2040,9,0,28,2,0,1,0,0
1357209,4,2024,2024,7,2,7,150,27,197,415,0,1,10,-33.797721,151.114963,61,0,2,0,1,0,0,0,2,2,7,70,2,6545,6545,4,5,5,2,0,1,1,0
1357210,4,2024,2024,3,6,3,109,36,10,108,0,1,1,-28.374905,153.416441,72,2,1,1,0,0,0,0,2,0,7,80,1,1109,787,1,5,25,2,0,1,1,0
1357211,4,2024,2024,7,6,8,1104,14,223,962,0,1,3,-33.805708,150.918048,7,0,2,1,1,0,0,0,2,0,7,100,2,14295,14295,3,5,0,2,0,1,2,1
1357212,2,2024,2024,8,1,9,15,27,17,34609,0,1,9,-33.341132,151.42192,16,2,2,1,1,0,0,0,0,0,7,50,0,9859,9859,1,5,5,4,0,0,1,0
1357216,4,2024,2024,8,3,7,2,31,45,34609,0,1,1,-33.348742,151.497585,16,2,2,1,0,0,0,0,2,0,7,50,0,9859,9859,1,5,0,2,0,1,0,0
1357218,2,2024,2024,6,3,5,49,31,83,34609,0,1,9,-29.71419,152.935889,18,2,1,1,1,0,3,4,2,0,7,50,0,945,945,5,5,40,1,0,0,1,0
1357219,4,2024,2024,8,2,3,24,27,123,34609,0,1,1,-33.88242,151.222863,81,0,2,1,1,0,0,3,2,0,7,40,0,9859,9859,1,15,0,2,0,1,0,0
1357225,4,2024,2024,5,4,8,73,31,532,34609,0,1,10,-33.865166,151.204142,69,0,2,1,2,0,0,0,3,2,7,40,0,5929,5929,1,34,27,2,0,1,0,0
1357226,4,2024,2024,5,6,4,77,10,20,19,0,1,9,-34.076162,150.694973,12,0,2,1,0,0,0,0,2,2,7,80,1,1282,1282,1,5,27,2,0,1,0,0
1357229,2,2024,2024,8,4,6,48,10,463,52,0,1,1,-30.311729,153.116778,19,2,1,1,1,0,0,0,2,0,7,80,1,1109,787,1,0,5,2,0,0,1,2
1357230,2,2024,2024,5,4,8,330,27,31,102,0,1,10,-33.781608,151.278405,50,0,2,1,1,0,0,0,2,1,7,60,2,9859,9859,8,30,40,1,0,0,1,0
1357231,4,2024,2024,8,4,8,3,18,49,34609,0,1,9,-34.46104,147.5479,51,1,0,1,0,2,0,0,2,0,7,100,0,1945,1945,5,16,40,1,0,1,0,0
1357234,2,2024,2024,5,1,7,4,31,119,34609,0,1,1,-32.763725,151.741718,57,2,1,1,1,0,0,0,2,0,7,40,0,941,941,1,5,5,2,0,0,1,0
1357239,4,2024,2024,8,2,8,67,27,225,68,0,1,9,-33.801649,151.190384,77,0,2,1,1,0,0,0,2,0,0,50,1,2852,2852,4,9,27,2,0,1,0,0
1357240,4,2024,2024,7,6,8,9,27,6,34609,0,1,10,-33.417504,149.543049,3,2,1,1,1,0,0,0,2,0,0,50,0,6545,6545,4,0,13,2,0,4,1,0
1357241,4,2024,2024,8,0,9,478,17,70,480,0,1,9,-33.439592,151.356644,16,2,2,1,2,0,0,0,3,0,15,60,2,14295,14295,3,5,5,3,0,1,1,1
1357243,1,2024,2024,0,1,0,80,31,204,187,0,1,10,-33.88415,151.12026,32,0,2,1,2,0,0,0,0,2,7,10,2,5929,5929,1,5,18,2,0,0,0,1
1357247,4,2024,2024,8,2,10,33,31,57,62,0,1,1,-32.815882,151.487057,17,2,1,1,2,0,0,0,0,0,7,60,2,1109,787,1,9,19,2,0,1,0,0
1357251,2,2024,2024,8,4,4,5,7,433,34609,0,1,1,-33.262114,149.076103,52,2,1,0,1,0,0,0,2,0,7,50,0,5929,5929,1,10,10,2,0,0,1,0
1357252,2,2024,2024,6,3,7,113,27,104,111,0,1,9,-33.803541,150.769411,55,0,2,1,1,0,0,0,2,0,0,80,2,2852,2852,4,0,5,2,0,0,1,0
1357253,2,2024,2024,0,2,5,330,27,53,605,0,1,2,-33.725942,151.299167,50,0,2,1,2,0,0,3,2,0,7,60,2,387,387,1,22,13,3,0,0,1,0
1357257,2,2024,2024,6,2,9,296,27,187,293,0,1,10,-33.883662,150.976416,24,0,2,1,2,0,0,0,0,2,7,60,2,6545,6545,4,5,5,4,0,0,1,0
1357258,4,2024,2024,6,6,6,3,27,10,34609,0,1,1,-32.84982,151.276272,17,2,1,0,0,2,0,0,2,0,7,80,0,418,714,5,0,40,1,0,1,0,0
1357260,2,2024,2024,5,1,5,6,31,48,34609,0,1,10,-29.051189,152.017261,51,2,1,1,1,0,3,3,2,0,0,50,0,6545,6545,4,0,0,2,0,0,2,0
1357261,4,2024,2024,5,3,5,89,36,1,19,0,1,1,-28.643278,152.597397,51,2,1,0,0,2,3,4,2,0,7,60,1,418,714,5,16,40,1,0,1,0,0
1357263,2,2024,2024,0,3,4,149,36,15,113,0,1,9,-32.340465,152.520614,43,2,1,0,1,0,0,0,2,0,0,80,1,2852,2852,4,0,13,2,0,0,1,0
1357264,4,2024,2024,5,4,7,1,27,119,34609,0,1,1,-32.762762,151.773496,57,2,1,1,1,0,0,0,2,0,7,50,0,190,190,1,0,41,2,0,1,0,0
1357266,4,2024,2024,8,0,7,280,10,237,240,0,1,7,-33.857282,150.950717,24,0,2,0,1,0,0,0,2,0,0,60,2,14295,14295,3,5,36,2,0,1,0,0
1357267,4,2024,2024,5,1,8,115,27,113,173,0,1,9,-34.375087,150.831061,80,0,2,0,2,0,0,0,3,0,15,100,2,2852,2852,4,5,13,2,0,1,0,0
1357268,1,2024,2024,6,4,6,175,27,55,220,0,1,9,-33.745003,150.916661,7,0,2,1,1,0,0,0,2,0,15,70,2,1391,1391,1,0,18,2,0,0,0,1
1357270,4,2024,2024,3,1,6,114,27,21,65,0,1,10,-33.318272,151.17545,16,2,2,1,0,0,0,3,2,0,15,80,1,6545,6545,4,0,19,2,0,1,1,0
1357273,2,2024,2024,6,5,6,205,27,106,415,0,1,9,-33.676618,151.292357,50,0,2,0,1,0,0,0,2,0,0,60,2,2852,2852,4,5,5,2,0,0,1,0
1357274,2,2024,2024,7,0,8,1,27,4,34609,0,1,1,-34.363401,149.545429,74,1,0,0,0,0,0,0,2,0,7,100,0,2585,4009,8,0,40,1,0,0,1,0
1357277,4,2024,2024,5,1,3,2126,17,163,2149,0,1,9,-33.866972,151.095359,14,0,2,0,2,0,3,4,2,2,6,60,2,14295,14295,3,5,35,2,0,1,0,0
1357278,2,2024,2024,6,2,8,916,17,27,917,0,1,9,-32.663077,151.368778,17,2,1,0,1,0,0,0,2,0,0,80,2,926,926,4,5,5,2,0,0,2,0
1357279,2,2024,2024,0,6,6,232,36,134,331,0,1,10,-33.968871,150.814397,12,0,2,1,2,0,0,0,2,2,7,80,2,6545,6545,4,9,0,2,0,0,1,0
1357280,4,2024,2024,8,5,4,28,31,38,34609,0,1,9,-32.809183,151.453868,17,2,1,0,1,0,3,4,2,0,15,50,0,5929,5929,1,30,19,2,0,1,0,0
1357284,1,2024,2024,8,3,5,866,17,247,793,0,1,10,-33.830331,150.960316,21,0,2,1,1,0,0,0,2,2,7,70,2,14295,14295,3,0,5,2,0,0,0,1
1357285,2,2024,2024,8,0,9,49,31,30,34609,0,1,10,-33.982401,151.146322,4,0,2,1,2,0,3,4,0,0,0,50,0,6545,6545,4,33,5,2,0,0,1,0
1357287,4,2024,2024,6,3,4,2,27,37,34609,0,1,1,-31.116856,151.388203,51,2,1,0,0,0,0,0,2,0,7,80,0,1957,4009,8,16,40,1,0,1,0,0
1357289,4,2024,2024,0,4,9,34,31,155,34609,0,1,9,-33.135987,148.168568,53,2,1,1,0,0,0,0,3,0,15,50,0,1089,1089,7,15,40,1,0,1,0,0
1357290,1,2024,2024,5,5,5,1,31,252,34609,0,1,10,-33.885067,151.2112,69,0,2,1,1,0,0,0,2,0,7,40,0,340,340,9,0,28,2,0,0,0,1
1357291,2,2024,2024,5,1,2,12,10,89,34609,1,0,2,-28.214261,153.52502,72,2,1,1,2,0,3,3,1,0,7,60,0,1192,1192,1,30,5,2,0,0,1,0
1357294,2,2024,2024,5,5,7,84,27,252,31,0,1,1,-33.942826,150.871605,41,0,2,1,1,0,0,0,2,0,7,60,1,941,941,1,5,5,4,0,0,2,0
1357305,4,2024,2024,5,1,3,1052,14,56,928,0,1,6,-32.986687,151.518913,37,0,2,0,1,0,0,0,2,0,7,110,2,1109,787,1,0,5,2,0,1,1,0
1357306,2,2024,2024,6,0,3,10,27,30,34609,0,1,10,-34.32987,146.056814,28,2,1,1,0,0,0,0,1,0,0,80,0,6545,6545,4,5,25,2,0,0,2,0
1357308,4,2024,2024,7,0,7,150,27,173,415,0,1,2,-33.782793,151.13078,61,0,2,1,1,0,0,0,2,0,7,70,2,14295,14295,3,0,5,2,0,1,0,0
1357310,1,2024,2024,6,3,8,14,22,82,605,0,1,2,-33.795829,151.253002,50,0,2,1,2,0,3,4,0,0,7,60,2,14295,14295,3,5,5,2,0,0,0,1
1357313,4,2024,2024,7,5,3,55,27,96,160,0,1,2,-34.050089,150.83658,13,0,2,1,2,0,0,0,1,0,7,60,2,1383,1383,1,5,27,2,0,1,0,0
1357320,4,2024,2024,6,1,8,21,27,140,34609,0,1,1,-33.892032,150.997867,15,0,2,1,2,0,0,0,3,0,7,60,0,3775,3775,0,5,25,2,0,1,0,0
1357321,2,2024,2024,5,6,5,515,14,202,518,0,1,6,-33.939811,151.032706,15,0,2,1,2,0,0,0,2,0,7,70,2,4026,4026,8,34,40,1,0,0,1,1
1357322,2,2024,2024,0,5,0,12,27,74,34609,0,1,1,-34.441668,150.841647,80,0,2,0,2,0,3,4,0,0,7,60,0,4552,5151,8,5,40,1,0,0,1,0
1357327,4,2024,2024,5,4,7,31,27,17,41,0,1,1,-33.681506,151.151205,36,0,2,0,2,0,0,0,2,0,7,60,2,1850,1463,5,16,40,1,0,1,0,0
1357330,4,2024,2024,5,2,7,3371,17,173,3342,1,0,9,-33.727958,151.120135,36,0,2,0,1,0,0,0,2,2,7,60,2,14295,14295,3,0,0,3,0,1,1,0
1357332,1,2024,2024,6,6,8,168,27,8,34609,0,1,1,-28.665253,153.431868,10,2,1,0,0,0,0,0,3,0,7,60,0,4552,5151,8,10,40,1,0,0,0,1
1357335,1,2024,2024,5,0,5,18,31,273,34609,0,1,10,-34.426657,150.897177,80,0,2,1,1,0,3,3,2,2,7,50,0,14295,14295,3,5,0,2,0,0,0,1
1357340,4,2024,2024,0,3,8,72,14,173,71,0,1,3,-33.879064,151.217042,69,0,2,1,2,0,0,0,3,0,7,80,2,1945,1945,5,16,40,1,0,1,0,0
1357341,1,2024,2024,7,3,6,117,1,70,121,1,0,10,-34.037677,151.084498,68,0,2,1,1,0,0,0,2,2,7,60,1,5929,5929,1,5,27,2,0,0,0,1
1357342,2,2024,2024,8,0,3,2,31,14,34609,0,1,1,-34.513609,146.177648,51,2,1,0,2,0,3,4,0,0,7,60,0,4552,5151,8,29,40,1,0,0,1,0
1357344,4,2024,2024,8,6,8,126,1,226,144,0,1,9,-33.776963,150.814992,7,0,2,1,0,0,0,0,2,0,7,60,2,14295,14295,3,16,0,2,0,1,0,0
1357346,4,2024,2024,8,1,4,6,31,204,34609,0,1,1,-33.893201,150.943814,24,0,2,1,1,0,3,0,2,0,7,50,0,1220,1220,9,0,28,2,0,1,0,0
1357348,2,2024,2024,5,1,7,56,1,18,34609,0,1,1,-30.36293,153.09986,19,2,1,1,0,0,0,3,2,0,7,50,0,9859,9859,1,5,13,3,0,0,1,0
1357350,4,2024,2024,5,1,7,330,27,106,26,1,0,1,-33.670872,151.302349,50,0,2,1,1,0,0,0,2,0,7,60,1,623,623,3,5,5,2,0,1,1,0
1357351,4,2024,2024,7,1,8,30,27,187,94,0,1,2,-33.881037,150.985024,15,0,2,0,1,0,0,0,2,0,7,60,1,1383,1383,1,16,25,2,0,1,0,0
1357357,2,2024,2024,0,1,4,82,27,10,103,0,1,1,-28.444622,153.283055,72,2,1,0,0,0,0,0,2,0,7,80,1,96,96,0,0,0,2,0,0,2,0
1357372,4,2024,2024,8,1,6,36,31,225,34609,1,0,9,-33.7949,151.18256,77,0,2,1,0,0,0,0,2,2,9,40,0,2040,2040,9,5,28,2,0,1,0,0
1357373,2,2024,2024,0,0,6,1,1,25,34609,0,1,1,-33.865016,151.281247,76,0,2,1,0,0,0,0,2,0,7,50,0,1945,1945,5,17,40,1,0,0,1,1
1357378,4,2024,2024,8,5,11,6,27,12,34609,0,1,1,-28.607317,153.100283,51,2,1,0,0,0,3,4,0,0,7,80,0,2585,4009,8,0,40,1,0,1,0,0
1357379,4,2024,2024,8,1,8,9,27,21,34609,0,1,1,-32.583609,151.805084,51,2,1,0,0,0,3,4,3,0,7,80,0,3775,3775,0,10,0,2,0,2,0,0
1357380,2,2024,2024,6,4,8,232,36,40,331,0,1,10,-33.950034,150.838552,41,0,2,0,3,0,2,6,3,2,7,70,2,1850,985,5,16,40,1,0,0,1,0
1357381,4,2024,2024,0,3,5,89,17,82,34609,0,1,10,-34.37497,150.896585,80,0,2,1,1,0,0,0,2,2,7,60,0,6545,6545,4,10,0,2,0,1,0,1
1357382,2,2024,2024,0,2,5,10,27,1,34609,0,1,1,-29.304174,151.820035,51,1,0,1,0,2,0,0,2,0,7,100,0,9859,9859,8,16,40,1,0,0,1,0
1357383,2,2024,2024,0,1,9,21,27,89,34609,0,1,1,-33.855557,150.877498,24,0,2,1,2,0,0,0,0,0,7,50,0,2040,2040,9,0,28,2,0,0,1,0
1357384,4,2024,2024,8,6,8,15,10,26,34609,0,1,1,-33.065801,151.580084,37,0,2,1,1,0,0,0,2,0,7,50,0,9859,9859,8,5,40,1,0,1,0,0
1357392,4,2024,2024,6,5,3,2209,17,157,2205,0,1,9,-34.013658,151.094212,68,0,2,1,1,0,0,0,2,0,0,70,2,926,926,4,5,13,2,0,1,0,0
1357396,4,2024,2024,8,2,7,13,27,24,61,0,1,1,-33.824438,151.172914,38,0,2,0,1,0,3,0,2,0,7,50,1,1981,1981,4,5,19,2,0,1,0,0
1357398,4,2024,2024,6,0,8,224,31,34,34609,0,1,1,-37.052034,149.897122,5,2,1,0,0,0,0,0,2,0,7,50,0,2585,4009,8,16,40,1,0,1,0,0
1357401,2,2024,2024,7,0,5,3,27,4,34609,0,1,1,-33.121917,151.213767,17,2,1,1,0,0,0,1,2,0,7,50,0,4026,4026,8,0,40,1,0,0,1,0
1357409,1,2024,2024,7,0,8,71,17,43,71,0,1,1,-36.070249,144.750865,51,1,0,1,0,0,0,0,2,0,7,100,2,9859,9859,8,10,40,1,0,0,0,1
1357415,2,2024,2024,5,6,7,32,27,445,34609,0,1,9,-33.862054,151.037185,21,0,2,1,0,0,0,0,2,0,7,50,0,6545,6545,4,0,0,2,0,0,1,0
1357417,4,2024,2024,5,4,7,192,10,84,114,0,1,9,-33.466471,151.403991,16,2,2,0,1,0,0,0,2,0,7,60,2,1669,1669,3,5,0,2,0,1,0,0
1357422,2,2024,2024,5,4,4,3371,17,21,3342,0,1,7,-31.643945,152.721559,56,2,1,0,3,0,2,6,2,0,0,60,2,2585,4009,8,16,40,1,0,0,1,0
1357426,2,2024,2024,6,2,7,6,31,246,34609,0,1,1,-33.908696,151.19569,69,0,2,1,1,0,0,0,2,0,7,50,0,2040,2040,9,30,28,2,0,0,1,0
1357427,4,2024,2024,7,2,9,109,27,169,34609,0,1,7,-33.763027,150.838764,7,0,2,1,1,0,2,6,2,0,0,50,0,323,323,1,16,0,2,0,3,0,0
1357430,2,2024,2024,5,6,4,157,17,18,158,0,1,1,-33.59103,149.181324,51,1,0,0,0,0,3,4,2,0,7,100,2,782,957,5,8,40,1,0,0,2,0
1357432,4,2024,2024,0,2,8,2,27,17,34609,0,1,1,-31.954659,152.413952,43,1,0,0,0,2,0,0,2,0,7,100,0,3775,3775,0,16,13,2,0,1,0,0
1357435,4,2024,2024,8,1,6,5,23,49,34609,0,1,1,-33.724317,151.287146,50,0,2,1,0,0,0,0,2,0,7,50,0,186,186,9,21,28,4,0,1,2,0
1357436,4,2024,2024,0,2,9,8,27,5,6,0,1,1,-34.761546,150.820869,35,2,1,0,0,0,0,0,0,0,7,80,1,2585,4009,8,10,40,1,0,1,0,0
1357437,2,2024,2024,0,3,8,17,27,562,34609,0,1,1,-32.297663,148.599474,22,1,0,0,0,0,0,0,2,0,7,100,0,4552,5151,8,34,40,1,0,0,1,0
1357438,4,2024,2024,8,0,7,45,27,6,44,0,1,9,-33.824325,151.15017,38,0,2,0,1,0,3,4,2,0,7,60,2,3775,3775,0,5,25,2,0,1,0,0
1357441,4,2024,2024,3,4,10,73,27,443,78,0,1,10,-33.906142,151.052538,15,0,2,1,2,0,0,0,0,2,7,60,2,6545,6545,4,16,13,2,0,1,0,0
1357442,2,2024,2024,8,4,3,251,27,64,212,1,0,2,-33.7596,151.218781,50,0,2,1,1,0,0,0,2,0,7,70,2,1282,1282,1,10,19,3,0,0,1,0
1357447,2,2024,2024,6,5,9,2126,17,36,2149,0,1,2,-33.885127,151.184278,69,0,2,1,2,0,0,0,0,0,7,60,2,1383,1383,1,5,5,4,0,0,2,0
1357448,4,2024,2024,8,0,10,361,31,169,382,0,1,10,-33.770214,150.835065,7,0,2,1,2,0,3,0,0,2,7,60,2,5929,5929,1,5,5,2,0,1,0,0
1357457,4,2024,2024,8,1,7,5,31,204,34609,0,1,1,-33.93711,151.146636,4,0,2,1,0,0,0,0,2,0,7,40,0,1109,787,1,5,19,2,0,1,0,0
1357459,4,2024,2024,0,3,4,39,31,523,14,0,1,10,-33.922065,150.920122,41,0,2,1,1,0,0,0,2,0,15,50,2,6545,6545,4,0,5,2,0,2,1,0
1357465,2,2024,2024,5,2,4,47,26,201,160,0,1,7,-34.011284,150.871595,13,0,2,1,0,0,0,0,2,0,0,60,2,6545,6545,4,5,27,2,0,0,1,0
1357468,2,2024,2024,6,2,7,22,31,13,34609,1,0,10,-31.652312,152.79675,56,2,1,1,1,0,0,0,2,0,0,50,0,5929,5929,1,10,19,2,0,0,1,0
1357471,4,2024,2024,3,3,5,51,1,20,34609,0,1,9,-32.936139,151.627262,37,0,2,1,1,0,0,0,2,0,15,50,0,1945,1945,5,34,40,1,0,1,0,0
1357475,4,2024,2024,7,3,4,22,27,14,26,0,1,1,-35.013942,147.354163,75,1,0,0,0,0,0,0,2,0,7,100,1,3775,3775,0,30,13,2,0,1,1,0
1357477,4,2024,2024,8,6,3,2261,17,201,2252,0,1,3,-34.002811,150.839374,13,0,2,1,0,0,0,0,2,0,7,110,2,14295,14295,3,10,13,2,0,1,1,0
1357478,2,2024,2024,7,4,8,25,27,89,208,1,0,1,-33.859849,150.892211,24,0,2,1,1,0,0,0,2,0,9,50,1,591,591,1,22,5,2,0,0,1,0
1357481,2,2024,2024,6,6,7,46,27,39,34609,0,1,9,-32.883484,151.654168,48,0,2,0,0,0,0,0,2,0,7,60,0,5929,5929,1,5,27,2,0,0,1,0
1357482,2,2024,2024,7,6,4,4,27,80,34609,0,1,1,-34.537785,146.407946,51,2,1,1,0,0,0,0,2,0,7,60,0,1981,1981,4,9,27,2,0,0,1,0
1357483,2,2024,2024,8,2,5,9,27,65,34609,0,1,1,-30.382665,152.988721,19,1,0,0,0,2,0,0,2,0,7,100,0,1850,1463,5,16,40,1,0,0,1,0