Crash ID,Degree of crash - detailed,Reporting year,Year of crash,Month of crash,Day of week of crash,Two-hour intervals,Street of crash,Street type,Town,Route no.,School zone location,School zone active,Type of location,Latitude,Longitude,LGA,Urbanisation,Conurbation 1,Alignment,Street lighting,Road surface,Surface condition,Weather,Natural lighting,Signals operation,Other traffic control,Speed limit,Road classification,RUM - code,DCA - code,First impact type,Key TU type,Other TU type,No. of traffic units involved,No. killed,No. seriously injured,No. moderately injured,No. minor-other injured
1357484,1,2024,2024,5,4,8,2,27,84,34609,0,1,1,-33.764762,151.111806,61,0,2,1,2,0,0,0,0,0,7,50,0,2040,2040,9,15,28,2,0,0,0,2
1357485,1,2024,2024,5,2,0,85,10,136,702,0,1,9,-33.856692,151.071009,67,0,2,0,2,0,0,0,0,2,7,80,2,14295,14295,3,5,5,2,0,0,0,1
1357487,4,2024,2024,5,1,10,3,31,32,34609,0,1,1,-33.917151,150.988319,15,0,2,1,1,0,3,4,0,0,7,50,0,489,489,8,5,40,1,0,1,0,0
1357488,4,2024,2023,11,6,2,149,27,52,198,0,1,1,-34.025065,150.96953,41,0,2,1,0,0,0,1,1,0,7,90,2,14295,14295,3,16,12,2,0,1,0,0
1357492,1,2024,2024,6,4,3,1052,14,87,928,0,1,3,-33.06857,151.478438,37,0,2,1,0,0,0,0,2,0,7,110,2,9859,9859,8,10,40,1,0,0,0,1
1357496,4,2024,2024,8,1,8,19,27,112,34609,0,1,1,-33.676245,151.048886,31,0,2,0,0,0,3,0,2,0,7,50,0,3775,3775,0,5,22,2,0,1,0,0
1357498,2,2024,2024,6,1,7,2,27,4,34609,0,1,9,-35.270331,146.896218,51,1,0,1,0,2,0,0,2,0,7,100,0,6545,6545,4,10,0,2,0,0,1,0
1357502,2,2024,2024,0,0,10,3,31,28,34609,0,1,1,-35.147934,147.346711,75,2,1,1,2,0,0,0,0,0,7,50,0,4026,4026,8,10,40,1,0,0,2,0
1357503,2,2024,2024,5,3,4,8,31,55,34609,1,0,10,-36.219479,149.13142,65,2,1,1,1,0,0,0,2,0,0,60,0,6545,6545,4,0,5,2,0,0,1,0
1357507,4,2024,2024,6,5,11,11,1,56,13,0,1,9,-33.756256,150.784792,55,0,2,1,2,0,0,3,0,0,7,50,1,2852,2852,4,5,5,2,0,1,1,0
1357508,2,2024,2024,8,4,0,2126,17,171,2149,0,1,10,-33.814385,150.964691,21,0,2,1,2,0,0,0,0,2,7,80,2,5929,5929,1,5,5,2,0,0,1,1
1357511,4,2024,2024,5,1,5,89,36,44,34,0,1,9,-33.104148,147.160503,51,1,0,1,0,0,0,0,2,0,0,100,1,6545,6545,4,10,10,2,0,1,0,0
1357515,2,2024,2024,5,3,2,3371,17,21,3342,0,1,2,-31.650496,152.726984,56,1,0,1,0,0,0,0,0,0,7,110,2,475,475,5,0,40,1,0,0,1,0
1357516,2,2024,2024,5,1,11,171,1,387,104,0,1,2,-33.935726,151.207574,4,0,2,1,2,0,3,3,0,0,7,70,2,9859,9859,8,0,40,1,0,0,1,0
1357517,2,2024,2024,5,2,5,109,27,74,382,1,0,9,-33.749926,150.841548,7,0,2,1,1,0,3,3,2,0,0,60,2,775,775,4,21,0,2,0,0,1,0
1357521,2,2024,2024,0,5,6,2,18,6,34609,0,1,1,-33.8644,147.35836,51,2,1,0,0,2,0,0,2,0,7,80,0,380,714,5,10,40,1,0,0,1,0
1357522,4,2024,2024,8,2,5,2209,17,115,2205,0,1,10,-34.032147,151.071535,68,0,2,1,1,0,3,4,2,2,9,70,2,1220,1220,9,5,28,2,0,1,0,0
1357526,2,2024,2024,6,0,9,26,31,293,34609,1,0,9,-33.923341,151.053983,15,0,2,1,1,0,0,0,3,0,7,50,0,214,214,9,33,28,2,0,0,1,0
1357528,2,2024,2024,5,4,10,866,17,44,793,0,1,9,-33.794385,150.983214,54,0,2,1,2,0,3,4,0,2,7,70,2,1220,1220,9,10,28,2,0,0,1,0
1357531,4,2024,2024,5,0,10,4,31,136,34609,0,1,9,-33.919197,151.079574,15,0,2,1,2,0,0,0,0,0,7,50,0,1220,1220,9,5,28,2,0,1,0,0
1357532,4,2024,2024,5,1,3,103,36,13,157,0,1,1,-28.387281,152.67929,51,1,0,0,0,0,3,4,1,0,7,100,2,2585,4009,8,0,40,1,0,1,0,0
1357535,4,2024,2024,5,1,7,15,31,189,34609,0,1,9,-33.939065,151.053827,15,0,2,1,1,0,0,0,2,0,15,50,0,9859,9859,8,10,40,2,0,1,1,0
1357537,2,2024,2024,3,1,7,18,27,239,34609,0,1,1,-34.046508,151.120944,68,0,2,1,1,0,0,0,2,0,7,50,0,4026,4026,1,0,5,2,0,0,1,0
1357542,1,2024,2024,6,4,9,361,32,134,65,0,1,9,-33.691663,150.867325,7,0,2,1,2,0,0,0,0,0,7,50,1,1669,1669,3,0,13,2,0,0,0,1
1357543,2,2024,2024,6,2,5,8,1,43,34609,0,1,10,-33.215516,151.520552,16,2,2,1,1,0,0,0,2,0,15,50,0,6545,6545,4,10,13,3,0,0,1,0
1357545,2,2024,2024,6,6,8,5,31,163,74,0,1,1,-33.85688,151.103613,14,0,2,1,0,0,0,0,3,0,7,50,1,248,248,1,0,5,4,0,0,1,0
1357546,2,2024,2024,8,0,7,251,27,62,212,0,1,9,-33.753074,151.25687,50,0,2,1,0,0,0,0,2,0,7,70,2,14295,14295,3,0,5,2,0,0,1,0
1357548,1,2024,2024,8,0,10,34,27,15,8,0,1,9,-35.740935,146.896734,27,1,0,1,0,0,0,0,0,0,0,100,1,489,489,5,9,40,1,0,0,0,1
1357550,4,2024,2024,5,5,8,1,1,76,34609,0,1,7,-33.916523,150.86404,41,0,2,1,1,0,0,0,2,0,0,50,0,6545,6545,4,0,27,2,0,1,0,0
1357551,4,2024,2024,0,1,7,1,31,64,34609,1,0,1,-33.762915,151.219273,50,0,2,1,1,0,0,0,2,0,7,50,0,9859,9859,1,5,0,3,0,1,0,0
1357555,4,2024,2024,6,1,3,2209,17,273,2205,0,1,10,-34.425809,150.887441,80,0,2,0,1,0,0,0,2,2,7,50,2,3775,3775,0,0,22,2,0,1,1,2
1357556,4,2024,2024,8,6,4,8,27,121,34609,0,1,1,-28.187968,153.539588,72,2,1,1,0,0,3,2,2,0,7,50,0,1109,787,1,0,19,2,0,1,0,0
1357558,4,2024,2024,3,2,11,9,27,35,34609,0,1,1,-30.438286,152.887307,6,2,1,1,0,0,3,4,0,0,7,80,0,9859,9859,8,10,40,1,0,1,0,0
1357561,2,2024,2024,0,6,5,3371,17,463,3342,0,1,10,-30.316156,153.091836,19,2,1,1,1,0,0,0,2,2,9,60,2,591,591,1,18,10,2,0,0,1,0
1357567,4,2024,2024,0,5,5,348,17,35,232,0,1,1,-30.077746,148.105532,51,1,0,1,0,0,0,0,2,0,7,110,2,14295,14295,3,16,19,2,0,1,0,0
1357570,4,2024,2024,5,0,8,2261,17,80,2252,0,1,3,-33.971148,150.873976,13,0,2,0,2,0,0,0,3,0,7,110,2,14295,14295,3,5,0,4,0,1,0,0
1357571,2,2024,2024,7,0,10,171,31,80,34609,0,1,10,-33.879386,151.207064,69,0,2,1,2,0,0,0,3,2,7,40,0,5929,5929,1,5,27,2,0,0,1,0
1357573,2,2024,2024,8,1,5,12,27,18,42,0,1,9,-33.535656,150.765863,29,2,2,1,0,0,0,0,2,0,7,60,1,3775,3775,0,0,10,2,0,0,1,0
1357574,2,2024,2024,5,0,5,481,17,8,483,0,1,1,-30.41218,149.697171,51,1,0,1,0,0,0,0,2,0,7,110,2,945,945,5,29,40,1,0,0,1,0
1357575,4,2024,2024,6,6,3,3371,17,108,3342,0,1,9,-33.818889,151.183412,77,0,2,1,2,0,3,4,1,2,7,60,2,5929,5929,1,0,13,2,0,1,1,0
1357576,2,2024,2024,5,0,8,1,27,8,34609,0,1,9,-33.278779,146.752776,51,1,0,1,0,0,0,0,3,0,0,100,0,775,775,4,31,13,2,0,0,1,0
1357578,2,2024,2024,5,5,10,77,27,29,34609,0,1,7,-34.414383,150.870276,80,0,2,1,2,0,0,0,0,0,0,50,0,6545,6545,4,5,27,2,0,0,1,0
1357580,4,2024,2024,5,0,4,125,27,32,144,0,1,9,-32.769065,152.044342,57,2,1,1,1,0,0,0,2,0,0,80,2,2852,2852,4,30,5,2,0,1,1,0
1357586,2,2024,2024,5,0,10,3371,17,27,3342,0,1,2,-30.14631,153.192228,19,1,0,1,2,0,0,0,0,0,7,110,2,4026,4026,8,0,40,1,0,0,1,0
1357587,2,2024,2024,8,2,5,27,1,132,148,0,1,1,-34.142753,150.997152,68,0,2,0,0,0,0,0,2,0,7,60,2,3775,3775,0,16,19,2,0,0,2,0
1357588,4,2024,2024,5,0,9,150,27,309,415,0,1,9,-33.808046,151.108637,61,0,2,1,2,0,0,0,0,2,7,70,2,14295,14295,3,5,0,2,0,1,0,0
1357589,4,2024,2024,7,0,1,348,17,14,232,1,0,1,-33.146466,149.985139,40,2,1,1,2,0,0,0,0,0,7,50,2,9859,9859,8,5,40,1,0,1,0,0
1357593,2,2024,2024,6,3,5,36,1,64,34609,0,1,9,-33.949802,150.999027,15,0,2,1,0,0,3,4,2,0,7,50,0,591,591,1,17,0,2,0,0,1,0
1357595,2,2024,2024,7,2,8,2261,17,204,2252,0,1,1,-33.887428,151.136526,32,0,2,1,1,0,0,0,2,0,7,60,2,1669,1669,3,16,0,2,0,0,1,0
1357596,4,2024,2024,6,6,5,123,36,11,90,0,1,1,-31.728574,151.869112,43,2,1,0,0,0,0,0,2,0,7,80,1,4552,5151,8,8,40,1,0,1,0,1
1357597,2,2024,2024,6,1,0,2126,17,40,2149,0,1,1,-33.709736,150.52345,8,2,2,0,2,0,0,0,0,0,7,80,2,4552,5151,8,5,40,1,0,0,1,0
1357609,1,2024,2024,3,1,1,35,27,109,96,0,1,9,-33.899322,151.133452,32,0,2,1,2,0,0,0,0,0,0,50,2,404,404,8,16,40,1,0,0,0,1
1357612,1,2024,2024,5,5,5,6,31,64,34609,0,1,1,-34.383606,150.90775,80,0,2,1,3,0,0,0,2,0,7,50,0,220,220,1,10,0,2,0,0,0,1
1357623,1,2024,2024,0,4,7,225,17,76,180,0,1,1,-34.554462,150.361068,78,2,1,1,3,0,0,0,2,0,7,50,2,14295,14295,3,5,5,2,0,0,0,1
1357624,1,2024,2024,5,4,7,3,1,96,34609,0,1,7,-33.438821,151.385168,16,2,2,0,3,0,0,0,2,0,0,50,0,2852,2852,4,5,0,2,0,0,0,1
1357625,1,2024,2024,5,0,7,51,27,95,45,0,1,10,-33.744374,150.842661,7,0,2,0,3,0,0,0,2,2,7,60,1,14295,14295,3,10,5,2,0,0,0,2
1357629,1,2024,2024,5,0,6,19,27,67,65,0,1,7,-33.713042,150.893354,7,0,2,1,3,0,0,0,2,0,0,60,1,14295,14295,3,0,5,2,0,0,0,2
1357630,1,2024,2024,5,0,4,3,31,134,34609,0,1,1,-33.522241,151.318001,16,2,2,1,3,0,3,3,2,0,7,50,0,1981,1981,4,0,5,2,0,0,0,2
1357631,2,2024,2024,5,1,4,72,1,134,36,1,0,9,-33.523892,151.314762,16,2,2,1,3,0,0,0,2,0,0,60,1,926,926,4,5,5,2,0,0,1,0
1357634,1,2024,2024,5,5,9,60,27,101,262,0,1,7,-32.902984,151.622282,37,0,2,1,3,0,0,0,0,0,0,90,2,14295,14295,3,10,5,2,0,0,0,1
1357636,2,2024,2024,5,5,9,12,2,232,34609,0,1,9,-33.689027,150.927625,71,0,2,1,3,0,0,0,0,2,7,50,0,5929,5929,1,5,5,2,0,0,1,0
1357638,2,2024,2024,5,2,6,2,31,12,34609,0,1,1,-33.786692,151.25098,50,0,2,1,3,0,0,0,2,0,7,50,0,2040,2040,9,9,28,2,0,0,1,0
1357641,1,2024,2024,6,3,10,1,31,253,34609,0,1,9,-33.953124,151.098322,25,0,2,1,3,0,0,0,0,0,7,50,0,301,301,4,0,5,2,0,0,0,1
1357643,1,2024,2024,5,2,9,196,10,70,168,0,1,9,-33.91034,150.978311,15,0,2,1,3,0,0,0,0,0,7,60,2,941,941,1,5,5,2,0,0,0,2
1357644,1,2024,2024,6,0,8,515,14,202,518,0,1,3,-33.940135,151.034423,15,0,2,1,3,0,0,0,3,0,7,100,2,1391,1391,1,34,5,3,0,0,0,1
1357645,4,2024,2024,5,6,7,5,10,23,34609,0,1,1,-32.879352,151.646071,48,0,2,0,3,0,0,0,2,0,7,50,0,1957,4009,1,5,5,3,0,1,0,0
1357647,1,2024,2024,5,0,8,103,27,94,563,0,1,10,-33.839915,151.046211,54,0,2,0,3,0,3,0,3,2,7,70,2,1109,397,1,10,19,3,0,0,0,1
1357649,2,2024,2024,5,6,4,2,27,40,34609,0,1,1,-33.824084,151.184249,38,0,2,1,3,0,0,0,2,0,7,40,0,220,220,8,5,40,1,0,0,1,0
1357657,1,2024,2024,6,5,3,3,27,61,105,0,1,9,-33.886839,150.91258,24,0,2,1,3,0,0,0,2,0,7,60,1,2852,2852,4,5,0,2,0,0,0,1
1357658,2,2024,2024,0,6,3,18,27,58,34609,0,1,1,-34.062304,151.129512,68,0,2,1,3,0,0,0,2,0,7,50,0,1981,1981,4,5,27,2,0,0,1,0
1357660,2,2024,2024,5,6,6,255,27,41,34609,1,0,1,-32.959068,151.622673,37,0,2,1,3,0,0,0,2,0,9,60,0,14295,14295,3,10,0,3,0,0,1,0
1357661,1,2024,2024,5,3,0,4,31,29,34609,0,1,9,-33.941621,150.757992,41,0,2,1,3,0,3,3,0,0,0,60,0,489,489,8,5,40,1,0,0,0,1
1357662,1,2024,2024,5,1,3,515,14,294,518,0,1,3,-33.942019,150.942828,41,0,2,1,3,0,0,0,2,0,7,100,2,14295,14295,3,5,0,3,0,0,0,1
1357672,2,2024,2024,5,0,0,7,31,93,143,0,1,9,-33.403311,149.598892,3,2,1,1,3,0,0,0,0,0,7,50,2,395,395,1,0,0,2,0,0,2,0
1357674,2,2024,2024,6,2,6,2,27,42,34609,0,1,9,-33.891262,150.874792,24,0,2,1,3,0,0,0,2,0,0,60,0,2852,2852,4,0,13,2,0,0,1,1
1357680,1,2024,2024,5,3,5,6,1,283,34609,0,1,1,-33.834053,151.013044,21,0,2,1,3,0,0,0,2,0,7,50,0,1981,1981,4,10,5,2,0,0,0,1
1357681,1,2024,2024,5,6,8,2261,17,30,2252,0,1,2,-34.80546,148.573759,30,1,0,1,3,0,0,0,2,0,7,110,2,1945,1945,5,0,40,1,0,0,0,1
1357684,1,2024,2024,5,6,6,194,31,309,702,0,1,2,-33.82169,151.097409,61,0,2,1,3,0,0,0,2,0,9,70,2,1383,1383,1,21,0,2,0,0,0,1
1357685,1,2024,2024,8,1,8,40,27,59,39,0,1,9,-33.169787,151.476695,37,0,2,1,3,0,0,0,3,0,0,60,1,14295,14295,3,5,12,2,0,0,0,1
1357687,2,2024,2024,5,4,5,41,27,58,80,0,1,9,-32.982036,151.668669,37,0,2,0,3,0,0,0,2,2,7,60,1,5929,5929,1,0,13,2,0,0,1,0
1357689,2,2024,2024,5,5,6,163,27,73,165,0,1,9,-33.754841,150.804747,7,0,2,1,3,0,0,0,2,0,0,60,1,9859,9859,1,0,5,2,0,0,1,0
1357691,1,2024,2024,5,6,4,500,27,293,799,0,1,9,-33.932471,151.044846,15,0,2,1,3,0,0,3,2,2,7,60,2,14295,14295,3,0,0,2,0,0,0,1
1357692,1,2024,2024,5,2,8,22,27,41,173,0,1,2,-34.394845,150.865016,80,0,2,0,3,0,0,0,0,0,7,80,2,1282,1282,1,10,5,2,0,0,0,1
1357697,1,2024,2024,6,5,5,387,27,253,331,0,1,1,-33.965028,151.098195,25,0,2,0,0,0,0,0,2,0,7,60,2,14295,14295,3,5,36,3,0,0,0,1
1357698,2,2024,2024,6,2,9,225,17,85,180,0,1,9,-34.572047,150.759656,62,0,2,1,3,0,3,4,3,0,15,50,2,14295,14295,3,10,12,3,0,0,1,0
1357701,1,2024,2024,5,1,7,118,27,646,118,0,1,1,-33.923383,151.030532,15,0,2,1,3,0,3,0,2,0,7,60,1,248,248,1,9,5,2,0,0,0,1
1357704,2,2024,2024,3,0,8,2126,17,65,2149,0,1,2,-33.540183,150.164523,40,2,1,0,0,0,3,0,2,0,7,80,2,1192,1192,1,34,35,2,0,0,1,0
1357710,1,2024,2024,8,6,9,81,31,133,80,0,1,1,-33.91704,151.013904,15,0,2,1,3,0,0,0,0,0,7,60,1,14295,14295,3,5,0,2,0,0,0,1
1357715,2,2024,2024,5,6,5,77,31,314,38,0,1,9,-33.838807,150.926324,21,0,2,1,3,0,0,0,2,1,7,60,2,14295,14295,3,9,5,2,0,0,1,0
1357718,2,2024,2024,5,5,5,95,31,107,34609,0,1,1,-29.678468,152.945134,18,2,1,1,3,0,0,0,2,0,7,50,0,1109,787,1,0,0,2,0,0,1,0
1357719,2,2024,2024,5,5,4,916,17,77,917,0,1,10,-32.56879,151.179912,64,2,1,1,3,0,0,0,2,2,7,50,2,6545,6545,4,0,0,2,0,0,1,0
1357721,1,2024,2024,5,3,6,916,17,12,917,0,1,9,-31.123727,150.990116,70,2,1,0,3,0,0,0,2,0,0,60,2,2852,2852,4,5,5,2,0,0,0,1
1357722,1,2024,2024,5,5,6,149,10,346,702,0,1,2,-33.878882,151.068343,67,0,2,1,3,0,0,0,2,0,7,80,2,14295,14295,3,5,36,2,0,0,0,1
1357725,1,2024,2024,6,6,5,46,27,304,39,0,1,9,-33.91016,151.15558,32,0,2,1,3,0,0,0,2,0,9,40,1,2040,2040,9,5,28,2,0,0,0,1
1357735,2,2024,2024,5,6,5,334,17,7,308,0,1,1,-30.948131,151.411344,51,2,1,0,3,0,3,4,2,0,7,70,2,380,714,5,10,40,1,0,0,1,0
1357736,1,2024,2024,5,5,7,119,31,12,10,0,1,10,-36.76599,149.695321,5,2,1,1,3,0,0,3,2,0,0,50,1,6545,6545,4,0,0,2,0,0,0,1
1357738,1,2024,2024,5,3,7,866,17,187,793,0,1,2,-33.793149,150.994917,54,0,2,1,3,0,0,6,2,0,7,70,2,1391,1391,1,5,5,2,0,0,0,1
1357739,1,2024,2024,6,3,5,14,25,92,34609,0,1,7,-33.73731,150.948535,71,0,2,1,3,0,3,4,2,0,0,50,0,1282,1282,1,16,40,1,0,0,0,1
1357745,1,2024,2024,6,2,8,30,27,646,34609,0,1,9,-33.932603,151.026598,15,0,2,1,3,0,3,3,2,0,7,50,0,5929,5929,1,10,5,2,0,0,0,1
1357751,2,2024,2024,5,1,5,24,31,149,34609,0,1,1,-33.989389,151.135707,4,0,2,1,3,0,0,0,2,0,7,50,0,9859,9859,1,0,0,2,0,0,1,0
1357753,2,2024,2024,5,2,9,2126,17,80,2149,0,1,2,-33.887075,151.17515,32,0,2,1,3,0,0,0,3,0,7,60,2,217,217,1,5,5,2,0,0,1,0
1357757,2,2024,2024,5,5,6,19,27,23,34609,1,0,2,-34.017735,151.022581,68,0,2,1,3,0,0,0,2,0,7,60,0,4026,4026,8,5,40,1,0,0,1,0
1357761,1,2024,2024,7,5,5,51,31,56,34609,0,1,1,-33.860806,151.174488,32,0,2,1,3,0,0,3,2,0,7,40,0,214,214,9,5,28,2,0,0,0,1
1357762,4,2024,2024,5,4,9,5,27,6,34609,0,1,1,-32.756471,151.652555,42,2,1,1,3,0,0,0,3,0,7,80,0,1089,1089,7,5,40,1,0,1,0,0
1357770,4,2024,2024,5,0,4,2,10,74,34609,0,1,1,-33.736736,151.040468,31,0,2,1,3,0,0,0,2,0,7,50,0,2040,2040,9,5,28,4,0,1,1,0
1357776,2,2024,2024,7,6,8,308,14,53,311,0,1,3,-33.9149,150.850095,41,0,2,1,1,0,0,0,2,0,7,80,2,4026,4026,8,10,40,3,0,0,1,0
1357777,2,2024,2024,7,3,10,512,17,433,441,0,1,9,-33.23329,149.048963,52,1,0,1,2,0,0,0,0,0,7,100,2,14295,14295,3,5,5,2,0,0,2,0
1357778,2,2024,2024,7,6,4,40,31,105,34609,0,1,10,-32.597548,149.58988,44,2,1,1,1,0,0,0,2,0,0,50,0,5929,5929,1,30,13,2,0,0,1,0
1357779,2,2024,2024,7,5,9,47,31,51,34609,0,1,1,-34.190542,150.982491,80,0,2,1,1,0,0,0,2,0,7,50,0,9859,9859,1,34,0,3,0,0,1,0
1357781,2,2024,2024,7,0,11,3371,17,121,3342,0,1,2,-28.194345,153.527723,72,1,0,1,2,0,0,0,0,0,7,100,2,404,404,8,5,40,1,0,0,1,0
1357782,4,2024,2024,7,4,6,5,31,57,34609,0,1,7,-34.66801,150.850607,35,2,1,1,1,0,0,0,2,0,0,40,0,6545,6545,4,0,5,2,0,1,1,0
1357783,4,2024,2024,7,3,8,2,1,10,34609,0,1,9,-33.982964,151.118211,25,0,2,1,0,0,0,0,2,0,7,50,0,5929,5929,1,5,27,2,0,1,0,0
1357784,1,2024,2024,7,3,9,2261,17,284,2252,1,0,9,-33.9084,151.028284,15,0,2,1,1,0,0,0,2,0,0,60,2,14295,14295,3,21,5,2,0,0,0,2
1357786,2,2024,2024,0,1,9,15,27,64,32,0,1,9,-34.383949,150.903396,80,0,2,1,2,0,0,0,0,0,15,50,1,5929,5929,1,19,19,2,0,0,1,1
1357789,4,2024,2024,7,1,9,67,27,108,68,0,1,2,-33.805366,151.179536,77,0,2,1,2,0,0,0,3,0,7,50,1,1282,1282,1,5,18,2,0,1,0,0
1357790,2,2024,2024,0,2,2,80,31,176,159,0,1,1,-33.952432,151.135063,4,0,2,1,1,0,0,3,1,0,7,60,2,9859,9859,1,5,10,2,0,0,1,0
1357793,1,2024,2024,7,0,8,3,27,16,34609,0,1,1,-35.849162,144.989394,51,2,1,1,0,0,0,0,2,0,7,60,0,9859,9859,8,5,40,1,0,0,0,1
1357794,4,2024,2024,0,1,10,7,31,105,34609,0,1,9,-32.713187,151.528841,42,2,1,1,0,0,0,0,0,0,7,50,0,6545,6545,4,16,0,2,0,1,0,0
1357795,4,2024,2024,0,3,2,191,17,13,189,0,1,1,-32.629833,151.143859,64,1,0,1,0,0,0,0,1,0,7,100,2,3775,3775,0,10,13,2,0,2,0,0
1357796,4,2024,2024,0,1,5,137,27,4,34609,0,1,1,-31.918882,151.255737,73,1,0,0,1,2,0,0,2,0,7,100,0,1850,1463,5,16,40,1,0,1,0,0
1357797,4,2024,2024,0,0,5,1052,14,207,928,0,1,3,-33.599178,151.170544,31,0,2,1,0,0,3,4,2,0,7,110,2,9859,9859,8,0,40,2,0,1,0,0
1357799,4,2024,2024,0,5,6,3371,17,58,3342,0,1,9,-33.752564,151.149789,36,0,2,1,1,0,0,0,2,0,15,60,2,2040,2040,9,5,28,2,0,1,0,0
1357800,4,2024,2024,7,1,3,45,1,294,34609,0,1,1,-33.942638,150.924512,41,0,2,1,2,0,0,0,1,0,7,60,0,1383,1383,1,10,13,2,0,1,0,0
1357801,2,2024,2024,8,4,6,101,10,49,121,1,0,2,-34.03887,151.143673,68,0,2,1,0,0,0,3,2,0,7,70,1,515,515,1,8,27,2,0,0,2,0
1357802,2,2024,2024,0,2,4,16,31,207,34609,0,1,10,-31.940708,141.469518,51,2,1,1,1,0,0,0,2,0,0,50,0,395,395,1,10,19,2,0,0,1,0
1357803,2,2024,2024,0,0,8,3,23,64,34609,0,1,7,-33.764684,151.215954,50,0,2,1,1,0,0,0,2,0,0,50,0,4026,4026,8,5,40,1,0,0,1,0
1357804,4,2024,2024,0,1,5,11,10,134,181,0,1,2,-33.890547,151.251425,76,0,2,1,0,0,0,0,2,0,7,80,2,1383,1383,1,5,19,2,0,1,0,0
1357805,4,2024,2024,0,6,9,478,17,69,480,0,1,1,-33.359546,151.483796,16,2,2,1,2,0,0,0,0,0,7,50,2,591,591,1,17,5,2,0,1,0,0
1357807,2,2024,2024,0,1,5,48,27,2,42,0,1,1,-35.107028,150.362532,63,1,0,0,0,0,0,0,2,0,7,100,1,1957,4009,8,10,40,1,0,0,1,0
1357809,2,2024,2024,0,5,8,1,6,48,34609,0,1,1,-36.687758,149.848108,5,2,1,0,1,0,0,0,2,0,7,50,0,4552,5151,1,5,0,2,0,0,1,0
1357811,1,2024,2024,7,2,4,19,31,234,34609,0,1,7,-34.284939,146.038272,28,2,1,0,1,0,0,0,2,0,0,50,0,6545,6545,4,30,27,2,0,0,0,1
1357812,4,2024,2024,8,0,11,48,31,44,34609,0,1,1,-32.815599,151.431313,17,2,1,0,2,0,0,0,0,0,7,50,0,2585,4009,8,5,40,1,0,1,0,0
1357813,2,2024,2024,0,2,2,334,17,2,308,0,1,1,-31.118778,149.697427,51,1,0,1,0,0,0,0,1,0,7,100,2,4026,4026,8,3,40,1,0,0,1,0
1357814,4,2024,2024,0,2,6,308,14,169,311,0,1,3,-33.768425,150.846498,7,0,2,0,0,0,0,0,2,0,7,100,2,1259,5151,8,5,40,4,0,2,0,1
1357818,4,2024,2024,0,6,7,16,31,253,27,0,1,10,-33.966923,151.113179,25,0,2,1,0,0,0,0,2,2,7,60,1,6545,6545,4,0,13,2,0,1,0,0
1357819,1,2024,2024,7,6,3,48,31,194,34609,0,1,7,-30.518505,151.656659,1,2,1,1,2,0,0,0,1,0,0,50,0,6545,6545,4,5,0,2,0,0,0,1
1357820,2,2024,2024,8,3,2,19,1,59,34609,0,1,7,-33.979747,150.852607,13,0,2,1,2,0,3,4,1,0,0,50,0,9859,9859,8,5,40,1,0,0,1,0
1357821,4,2024,2024,8,4,7,330,23,150,112,0,1,9,-33.928913,151.234932,59,0,2,0,1,0,0,3,2,0,0,60,2,6545,6545,4,5,19,2,0,1,0,0
1357824,4,2024,2024,0,4,9,829,27,149,770,0,1,2,-33.862354,151.167777,32,0,2,1,2,0,0,0,0,0,7,60,2,1981,1981,4,0,27,2,0,1,0,0
1357825,4,2024,2024,8,4,8,42,1,69,34609,0,1,10,-32.929671,151.750363,48,0,2,1,2,0,0,0,3,0,0,50,0,6545,6545,4,5,36,3,0,1,0,0
1357828,2,2024,2024,8,5,10,2,1,16,34609,0,1,1,-33.732578,151.279583,50,0,2,1,2,0,0,0,0,0,7,50,0,9859,9859,1,0,0,4,0,0,1,0
1357829,2,2024,2024,8,1,6,28,10,179,70,0,1,1,-31.917248,152.458884,43,2,1,1,0,0,0,0,2,0,7,60,1,14295,14295,3,33,36,6,0,0,1,0
1357832,2,2024,2024,8,2,0,82,27,9,34,0,1,1,-28.509826,153.180794,72,2,1,0,0,0,0,0,0,0,7,80,1,1259,5151,8,0,40,1,0,0,1,0
1357834,2,2024,2024,8,6,7,133,27,219,260,0,1,2,-32.911755,151.662494,48,0,2,1,1,0,0,0,2,0,7,70,2,14295,14295,3,5,5,3,0,0,1,1
1357835,1,2024,2024,8,6,9,2,31,463,34609,0,1,1,-30.296051,153.112955,19,2,1,1,2,0,3,4,0,0,9,40,0,2040,2040,9,0,28,2,0,0,0,1
1357837,2,2024,2024,8,4,5,194,31,84,34609,1,0,10,-31.090465,150.920759,70,2,1,1,0,0,0,0,2,0,0,50,0,2852,2852,4,5,36,2,0,0,1,0
1357839,4,2024,2024,8,3,9,10,27,11,34609,0,1,1,-34.803815,149.770558,26,1,0,1,0,0,3,4,0,0,7,100,0,9859,9859,8,10,40,1,0,1,0,0
1357841,1,2024,2024,6,2,8,42,31,123,34609,0,1,7,-33.919596,151.224911,59,0,2,1,2,0,0,0,3,0,0,50,0,591,591,1,22,5,2,0,0,0,1
1357843,4,2024,2024,8,4,3,7,31,107,157,0,1,7,-29.691645,152.93828,18,2,1,1,1,0,0,0,2,0,0,50,2,6545,6545,4,5,27,2,0,1,0,0
1357844,4,2024,2024,8,4,10,112,27,109,256,0,1,10,-33.974638,150.856506,41,0,2,1,2,0,0,0,0,2,7,70,2,5929,5929,1,5,5,2,0,1,0,0
1357845,2,2024,2024,8,0,9,1052,14,207,928,0,1,3,-33.583874,151.186587,31,0,2,0,0,0,0,0,0,0,7,110,2,14295,14295,3,10,5,2,0,0,2,0