Crash ID,Degree of crash - detailed,Reporting year,Year of crash,Month of crash,Day of week of crash,Two-hour intervals,Street of crash,Street type,Town,Route no.,School zone location,School zone active,Type of location,Latitude,Longitude,LGA,Urbanisation,Conurbation 1,Alignment,Street lighting,Road surface,Surface condition,Weather,Natural lighting,Signals operation,Other traffic control,Speed limit,Road classification,RUM - code,DCA - code,First impact type,Key TU type,Other TU type,No. of traffic units involved,No. killed,No. seriously injured,No. moderately injured,No. minor-other injured
1357848,2,2024,2024,8,0,9,1052,14,207,928,0,1,3,-33.583832,151.186665,31,0,2,0,0,0,0,0,0,0,7,110,2,14295,14295,3,0,0,2,0,0,1,0
1357850,2,2024,2024,6,2,10,2209,17,133,2205,0,1,6,-34.52273,150.786973,80,0,2,0,2,0,3,3,0,0,7,80,1,1850,1463,5,16,40,1,0,0,1,0
1357851,4,2024,2024,8,6,11,10,10,41,34609,0,1,1,-35.133785,147.370466,75,2,1,1,0,0,0,0,0,0,7,50,0,9859,9859,8,10,40,1,0,1,0,0
1357852,1,2024,2024,6,3,6,6,27,147,34609,0,1,7,-33.753253,151.292084,50,0,2,1,1,0,0,0,2,0,0,40,0,14295,14295,3,10,5,2,0,0,0,1
1357857,4,2024,2024,6,6,1,89,36,2,19,0,1,1,-28.891149,152.654191,51,1,0,0,0,0,0,1,0,0,7,100,1,2585,4009,8,5,40,1,0,1,0,1
1357858,4,2024,2024,6,5,6,6,27,169,34609,0,1,1,-33.588884,150.729046,29,2,2,1,0,0,0,0,2,0,7,60,0,186,186,9,10,28,3,0,1,1,0
1357859,2,2024,2024,8,4,4,102,31,130,53,0,1,1,-33.874879,151.19329,69,0,2,1,1,0,0,0,2,0,7,50,2,14295,14295,3,16,12,2,0,0,1,0
1357861,4,2024,2024,8,4,9,2209,17,144,2205,0,1,9,-34.069812,151.012939,68,0,2,0,2,0,3,0,0,0,7,70,2,2852,2852,4,5,19,3,0,1,0,0
1357862,2,2024,2024,6,3,6,293,31,219,34609,0,1,10,-32.898754,151.665484,48,0,2,1,0,0,0,0,2,0,15,50,0,6545,6545,4,10,19,2,0,0,1,0
1357865,4,2024,2024,8,6,9,21,27,370,26,0,1,2,-34.058991,150.813004,13,0,2,1,2,0,0,0,0,0,7,60,1,1981,1981,4,0,5,2,0,1,1,0
1357866,4,2024,2024,6,3,6,5,27,149,34609,0,1,1,-33.297058,151.342004,16,1,2,1,0,2,0,0,2,0,7,100,0,3775,3775,0,16,19,2,0,2,0,0
1357867,2,2024,2024,0,4,8,2,10,7,2,0,1,1,-36.033297,150.120262,23,2,1,0,0,0,0,0,3,0,7,80,1,4552,5151,8,5,40,1,0,0,1,0
1357869,4,2024,2024,6,3,8,330,27,106,605,0,1,9,-33.687604,151.304698,50,0,2,1,2,0,3,0,0,2,7,70,2,591,591,1,22,5,2,0,1,0,0
1357872,2,2024,2024,8,5,4,5,31,609,34609,0,1,1,-33.756574,150.909607,7,0,2,1,0,0,0,0,2,0,7,50,0,323,323,1,21,0,2,0,0,1,0
1357873,4,2024,2024,0,6,6,2126,17,80,2149,0,1,1,-33.883688,151.202926,69,0,2,0,0,0,0,3,2,0,7,40,2,941,941,1,5,18,2,0,1,0,0
1357874,2,2024,2024,6,0,8,2,1,50,605,1,0,9,-33.633203,151.330949,50,0,2,1,1,0,3,4,2,2,7,60,2,9859,9859,8,10,40,1,0,0,1,0
1357879,2,2024,2024,6,4,8,57,36,24,25,0,1,1,-33.620572,150.826968,29,2,2,0,0,0,0,0,2,0,7,70,2,14295,14295,3,5,0,2,0,0,1,0
1357881,1,2024,2024,5,5,5,38,27,43,70,0,1,10,-33.740317,150.785136,7,0,2,1,2,0,3,4,2,2,7,70,1,3775,3775,0,5,5,2,0,0,0,1
1357882,4,2024,2024,6,2,8,39,31,370,256,0,1,10,-34.066572,150.819508,13,0,2,1,2,0,0,0,3,2,7,60,2,6545,6545,4,5,0,2,0,1,2,0
1357883,4,2024,2024,7,3,9,6,31,48,34609,0,1,10,-33.918406,147.207846,51,2,1,1,1,0,0,0,2,0,0,50,0,6545,6545,4,16,5,2,0,1,0,0
1357889,2,2024,2024,6,6,4,6,1,145,34609,0,1,1,-33.926237,151.067444,15,0,2,1,3,0,2,6,2,0,7,50,0,1981,1981,4,5,0,2,0,0,1,0
1357892,2,2024,2024,6,0,11,2,27,35,2,0,1,1,-30.026813,148.131232,51,2,1,1,0,0,0,0,0,0,7,50,1,782,957,5,16,40,1,0,0,1,0
1357893,4,2024,2024,6,4,7,13,27,438,34609,0,1,7,-33.861324,151.030652,21,0,2,1,1,0,0,0,2,0,0,50,0,1220,1220,9,5,28,2,0,1,0,0
1357894,4,2024,2024,6,3,1,3,10,294,34609,0,1,1,-33.937742,150.959326,41,0,2,0,2,0,3,4,0,0,7,50,0,1957,4009,8,5,40,1,0,1,0,0
1357896,2,2024,2024,6,3,3,100,27,12,78,0,1,1,-33.535307,149.72919,51,2,1,1,0,0,0,0,0,0,7,60,2,14295,14295,3,5,19,2,0,0,1,0
1357897,2,2024,2024,6,2,11,2126,17,247,2149,0,1,2,-33.808638,150.940091,21,0,2,1,2,0,3,0,0,0,7,80,2,9859,9859,8,5,40,1,0,0,1,0
1357900,1,2024,2024,6,6,4,11,27,7,34609,0,1,1,-35.474891,149.176962,58,1,0,0,0,0,0,0,2,0,7,100,0,2585,4009,8,0,40,1,0,0,0,1
1357901,2,2024,2024,5,6,9,361,27,26,96,0,1,10,-33.91774,151.167819,32,0,2,1,2,0,3,6,0,2,7,50,2,515,515,1,5,19,2,0,0,1,0
1357902,2,2024,2024,5,1,6,9,31,179,34609,0,1,7,-31.911684,152.450351,43,2,1,1,1,0,0,0,2,0,0,50,0,945,945,5,5,40,1,0,0,1,0
1357907,2,2024,2024,5,0,9,132,31,252,126,0,1,10,-33.89042,151.209134,69,0,2,1,2,0,0,0,3,2,7,50,2,2040,2040,9,9,28,2,0,0,1,0
1357908,2,2024,2024,6,4,6,478,17,69,480,0,1,2,-33.360959,151.482343,16,2,2,1,1,0,0,0,2,0,7,50,2,14295,14295,3,5,5,2,0,0,1,0
1357916,4,2024,2024,6,0,8,204,27,246,34609,0,1,1,-33.91721,151.189266,69,0,2,1,0,0,0,0,2,0,7,50,0,1220,1220,9,5,28,2,0,1,0,0
1357919,4,2024,2024,6,0,10,2261,17,47,2252,0,1,2,-35.776958,147.276866,27,1,0,1,0,0,0,0,0,0,7,110,2,9859,9859,8,30,40,1,0,2,0,0
1357920,4,2024,2024,5,3,8,3371,17,207,3342,0,1,1,-33.560354,151.189143,31,0,2,0,0,0,0,0,3,0,7,80,2,1850,1463,5,16,40,1,0,1,0,0
1357921,2,2024,2024,5,0,9,19,31,433,34609,0,1,1,-33.283899,149.103684,52,2,1,1,2,0,0,0,0,0,7,40,0,591,591,1,22,0,2,0,0,1,0
1357922,2,2024,2024,5,2,7,481,17,562,483,0,1,9,-32.220537,148.615911,22,2,1,1,1,0,0,0,2,0,0,80,2,6545,6545,4,5,5,2,0,0,1,0
1357926,2,2024,2024,5,2,9,55,36,155,95,0,1,1,-33.172692,148.383197,53,1,0,1,0,0,0,0,0,0,7,100,2,14295,14295,3,16,5,2,0,0,1,0
1357927,4,2024,2024,5,2,5,5,10,22,34609,0,1,10,-33.816442,150.931927,21,0,2,0,1,0,0,0,2,0,0,50,0,1192,1192,1,0,27,2,0,1,0,0
1357928,2,2024,2024,5,6,3,866,17,187,793,0,1,2,-33.793458,150.994258,54,0,2,1,1,0,0,0,1,0,7,70,2,14295,14295,3,16,5,3,0,0,1,0
1357935,4,2024,2024,5,1,5,10,27,5,34609,0,1,9,-30.777971,152.694357,47,2,1,1,0,0,0,0,2,0,7,80,0,3775,3775,0,16,5,2,0,1,0,0
1357939,2,2024,2024,5,6,9,283,27,91,331,0,1,2,-33.964062,151.093104,25,0,2,1,2,0,0,0,0,0,7,60,2,1282,1282,1,10,19,2,0,0,1,1
1357943,4,2024,2024,6,3,6,177,22,239,176,0,1,10,-34.040151,151.120393,68,0,2,1,0,0,0,0,2,2,7,60,2,1220,1220,9,10,28,2,0,1,0,0
1357944,1,2024,2024,5,4,7,478,17,78,480,0,1,2,-33.424007,151.431954,16,2,2,1,0,0,0,0,2,0,7,60,2,9859,9859,8,5,40,1,0,0,0,1
1357946,2,2024,2024,5,2,5,348,17,5,232,0,1,1,-32.873728,149.805873,44,1,0,0,0,0,3,4,2,0,7,100,2,2585,4009,8,0,40,1,0,0,1,0
1357950,4,2024,2024,5,6,7,125,27,22,144,0,1,9,-32.874237,151.794088,57,2,1,1,1,0,0,0,2,0,7,70,2,5929,5929,1,5,0,2,0,1,0,0
1357953,2,2024,2024,6,5,8,95,31,75,34609,1,0,9,-33.8761,151.113699,9,0,2,1,2,0,0,0,0,0,9,50,0,1220,1220,9,33,28,2,0,0,1,0
1357960,2,2024,2024,5,3,7,25,27,133,34609,0,1,9,-34.493709,150.792035,80,0,2,1,1,0,0,0,2,0,15,50,0,2852,2852,4,0,0,2,0,0,1,0
1357961,4,2024,2024,6,5,9,14,31,139,34609,0,1,9,-33.831178,151.205799,49,0,2,1,0,0,0,0,3,0,15,50,0,5929,5929,1,0,27,2,0,1,0,0
1357962,1,2024,2024,5,3,0,361,31,18,34609,0,1,9,-32.920882,151.75656,48,0,2,1,2,0,0,0,0,0,7,50,0,3775,3775,0,5,5,2,0,0,0,1
1357964,4,2024,2024,5,6,3,28,1,609,34609,0,1,1,-33.764139,150.909978,7,0,2,1,0,0,3,4,2,0,7,50,0,1981,1981,4,5,19,2,0,1,0,0
1357966,4,2024,2024,5,1,3,475,10,42,268,0,1,9,-33.888417,150.881116,24,0,2,1,1,0,0,0,2,2,7,70,2,1669,1669,3,16,5,2,0,1,0,0
1357967,1,2024,2024,5,1,7,55,27,64,117,0,1,9,-32.940573,151.688275,48,0,2,1,1,0,0,0,2,2,7,70,2,14295,14295,3,9,5,2,0,0,0,1
1357982,1,2024,2024,5,6,6,7,27,19,34609,1,0,9,-34.087842,150.828941,13,0,2,1,1,0,0,0,2,0,0,50,0,2852,2852,4,0,36,2,0,0,0,1
1357983,1,2024,2024,6,0,9,8,1,99,34609,0,1,1,-33.88691,151.272394,76,0,2,1,2,0,0,0,0,0,7,40,0,1109,787,1,5,18,2,0,0,0,1
1357984,2,2024,2024,5,6,6,1,31,61,34609,0,1,10,-35.90685,150.071474,23,2,1,1,1,0,0,0,2,0,0,50,0,6545,6545,4,0,0,2,0,0,1,0
1357987,2,2024,2024,5,3,4,3371,17,52,3342,0,1,10,-33.262809,151.464678,16,2,2,1,2,0,0,0,2,2,7,70,2,2852,2852,4,21,5,2,0,0,2,0
1357988,4,2024,2024,5,6,5,4,1,363,34609,0,1,1,-33.744801,150.713512,55,0,2,1,1,0,3,3,2,0,7,50,0,9859,9859,8,34,40,1,0,1,0,0
1357989,1,2024,2024,8,6,4,3371,17,463,3342,0,1,10,-30.290017,153.120998,19,2,1,1,2,0,0,0,2,2,7,60,2,14295,14295,3,33,36,2,0,0,0,1
1357991,4,2024,2024,8,1,9,85,31,283,34609,0,1,7,-33.831279,151.011654,54,0,2,1,2,0,0,0,0,0,0,50,0,1220,1220,9,5,28,2,0,1,0,0
1357993,4,2024,2024,0,5,4,1104,14,142,962,0,1,3,-33.827516,151.001187,54,0,2,1,1,0,0,0,2,0,7,90,2,9859,9859,8,16,40,1,0,1,0,0
1357996,4,2024,2024,5,2,11,81,27,609,115,0,1,2,-33.796784,150.89726,7,0,2,1,2,0,0,0,0,0,7,60,2,1945,1945,5,16,40,1,0,1,0,0
1358004,1,2024,2024,5,1,4,2261,17,646,2252,1,0,10,-33.907195,151.033316,15,0,2,1,1,0,0,0,2,2,7,60,2,2040,2040,9,0,28,2,0,0,0,1
1358007,4,2024,2024,5,4,5,2126,17,171,2149,0,1,10,-33.814385,150.964691,21,0,2,1,1,0,0,0,2,2,7,70,2,14295,14295,3,29,0,2,0,1,0,2
1358008,4,2024,2024,6,3,0,61,27,232,70,0,1,1,-33.658679,150.927256,71,0,2,0,0,0,3,4,0,0,7,40,1,1957,4009,8,5,40,1,0,1,0,0
1358011,1,2024,2024,8,4,3,283,27,253,702,0,1,9,-33.968457,151.096895,25,0,2,1,0,0,0,0,1,0,0,60,2,1220,1220,9,9,28,2,0,0,0,1
1358014,1,2024,2024,8,0,5,9,27,63,34609,0,1,1,-33.2609,151.465079,16,2,2,1,0,0,0,0,2,0,7,50,0,368,368,9,0,28,2,0,0,0,1
1358015,4,2024,2024,8,2,8,829,27,125,770,0,1,9,-33.826293,151.126157,61,0,2,1,1,0,0,0,3,0,7,60,2,1220,1220,9,5,28,2,0,1,0,0
1358017,2,2024,2024,5,1,5,2126,17,62,2149,0,1,9,-33.756178,150.611801,8,2,2,1,1,0,0,0,2,2,7,80,2,5929,5929,1,30,5,2,0,0,1,1
1358019,2,2024,2024,6,6,8,78,17,39,75,0,1,2,-33.844742,151.211573,49,0,2,1,0,0,0,0,0,0,7,70,2,4026,4026,8,15,40,1,0,0,1,0
1358022,2,2024,2024,5,1,7,27,7,13,34609,0,1,10,-32.546995,151.141836,64,2,1,1,1,0,0,0,2,0,0,60,0,6545,6545,4,5,12,2,0,0,2,0
1358026,2,2024,2024,6,4,11,2,4,22,34609,0,1,9,-32.774125,151.590493,42,2,1,0,1,0,0,0,0,0,7,50,0,4552,5151,1,5,13,2,0,0,1,0
1358027,4,2024,2024,5,3,7,478,17,69,480,0,1,1,-33.364542,151.477512,16,2,2,0,1,0,0,0,2,0,7,50,2,3775,3775,0,0,5,3,0,2,0,0
1358028,2,2024,2024,5,2,8,196,10,34,168,0,1,9,-33.974218,151.017068,15,0,2,0,0,0,0,0,2,0,7,60,2,14295,14295,3,3,18,2,0,0,2,1
1358029,4,2024,2024,5,3,5,3,27,1,34609,0,1,1,-31.618213,152.629044,56,2,1,0,0,2,0,0,2,0,7,80,0,4552,5151,8,30,40,1,0,2,0,0
1358030,4,2024,2024,5,3,0,2126,17,140,2149,0,1,9,-33.77809,150.809189,7,0,2,1,2,0,0,0,0,2,9,80,2,1220,1220,9,30,28,2,0,1,0,0
1358035,4,2024,2024,5,3,6,8,27,3,34609,0,1,1,-32.257466,152.453085,43,2,1,0,0,0,0,0,2,0,7,80,0,782,957,5,16,40,1,0,1,0,0
1358036,4,2024,2024,6,4,10,255,27,71,166,0,1,1,-33.262582,151.525603,16,2,2,0,2,0,0,0,0,0,7,50,2,2040,2040,9,5,28,2,0,1,0,0
1358037,2,2024,2024,5,0,9,72,27,82,102,0,1,10,-33.794422,151.264849,50,0,2,1,2,0,0,0,3,2,7,60,2,14295,14295,3,5,19,3,0,0,1,0
1358040,2,2024,2024,5,3,4,255,31,48,34609,0,1,9,-33.922185,147.200675,51,2,1,0,0,0,0,0,2,0,0,50,0,926,926,4,5,13,2,0,0,1,0
1358044,2,2024,2024,5,5,7,27,27,290,34609,0,1,9,-33.851799,150.975003,21,0,2,1,1,0,0,0,2,0,7,50,0,2852,2852,4,5,0,2,0,0,1,0
1358046,4,2024,2024,5,5,6,204,31,41,82,0,1,7,-35.126466,147.354296,75,2,1,1,1,0,0,0,2,0,0,60,1,1945,1945,5,16,40,1,0,1,0,0
1358047,1,2024,2024,5,6,9,829,27,125,770,0,1,2,-33.824533,151.125082,61,0,2,1,2,0,3,4,0,0,7,60,2,14295,14295,3,16,0,2,0,0,0,1
1358049,2,2024,2024,5,1,6,14,31,69,34609,0,1,1,-28.555848,153.499162,10,2,1,1,0,0,0,0,2,0,7,50,0,1981,1981,4,33,27,2,0,0,1,0
1358052,2,2024,2024,6,5,2,56,31,119,34609,0,1,10,-32.765127,151.743043,57,2,1,1,2,0,0,0,0,2,7,50,0,6545,6545,4,30,13,3,0,0,1,0
1358054,2,2024,2024,5,3,5,7,2,12,34609,0,1,2,-33.136417,151.563127,16,2,2,1,0,0,0,0,2,0,7,50,0,1981,1981,4,9,5,2,0,0,1,0
1358058,4,2024,2024,6,0,4,251,14,79,124,0,1,7,-33.822702,151.207697,49,0,2,1,0,0,0,0,2,0,0,50,2,6545,6545,4,0,27,2,0,1,0,0
1358063,1,2024,2024,5,1,10,47,31,117,84,0,1,10,-28.177909,153.541093,72,2,1,1,1,0,0,0,0,0,0,60,1,591,591,1,22,5,2,0,0,0,1
1358068,2,2024,2024,8,1,10,280,10,127,240,0,1,2,-33.845159,150.870729,24,0,2,0,2,0,0,0,0,0,7,60,2,4552,5151,8,0,40,1,0,0,1,0
1358069,4,2024,2024,5,4,4,296,27,290,293,0,1,9,-33.86109,150.992988,21,0,2,1,1,0,0,0,2,1,7,70,2,515,515,1,29,5,3,0,2,0,0
1358072,1,2024,2024,5,6,8,85,27,53,145,0,1,9,-33.798835,151.046463,54,0,2,1,2,0,0,0,3,2,9,70,2,5929,5929,1,5,0,2,0,0,0,1
1358079,4,2024,2024,5,3,5,3371,17,463,3342,0,1,2,-30.315964,153.09177,19,2,1,1,1,0,0,0,2,0,7,60,2,1220,1220,9,10,28,2,0,1,0,0
1358080,2,2024,2024,5,0,8,2,31,161,34609,0,1,1,-33.877255,151.150702,32,0,2,1,1,0,0,0,2,0,7,50,0,941,941,1,0,12,2,0,0,1,0
1358081,2,2024,2024,5,5,4,22,27,6,26,0,1,1,-29.565443,151.135102,33,1,0,1,0,0,3,4,2,0,7,100,1,9859,9859,8,10,40,1,0,0,2,0
1358082,1,2024,2024,5,2,11,12,27,5,42,0,1,1,-35.094619,150.117211,58,1,0,0,0,0,3,4,0,0,7,100,1,2585,4009,8,10,40,1,0,0,0,1
1358084,4,2024,2024,5,6,8,485,27,232,769,0,1,9,-33.696757,150.927539,71,0,2,0,2,0,3,4,0,2,7,80,2,515,515,1,0,22,2,0,2,0,0
1358086,4,2024,2024,8,0,9,41,27,91,80,0,1,1,-32.982314,151.648672,37,0,2,1,2,0,0,0,0,0,7,60,1,3775,3775,0,16,5,2,0,1,0,0
1358089,4,2024,2024,5,6,5,330,23,293,112,0,1,2,-33.938649,151.238863,59,0,2,1,1,0,0,0,2,0,7,50,2,312,312,2,0,40,2,0,1,0,0
1358091,2,2024,2024,5,4,2,13,27,5,34609,0,1,1,-32.433321,151.190728,64,1,0,1,0,0,0,0,0,0,7,100,0,4026,4026,8,5,40,1,0,0,1,0
1358099,4,2024,2024,5,2,6,1104,14,140,962,0,1,3,-33.794458,150.842148,7,0,2,1,0,0,0,0,2,0,7,100,2,1383,1383,1,5,0,3,0,1,1,0
1358101,2,2024,2024,6,5,7,11,31,176,10,0,1,1,-33.949656,151.14829,4,0,2,1,2,0,0,0,2,0,7,60,1,9859,9859,8,10,40,1,0,0,1,0
1358104,2,2024,2024,5,3,5,6,10,562,34609,0,1,9,-32.247836,148.579252,22,2,1,0,1,0,0,0,2,0,0,50,0,591,591,1,22,5,2,0,0,1,0
1358105,2,2024,2024,5,2,7,1,27,32,34609,0,1,1,-32.335479,152.231118,43,2,1,0,0,2,0,0,2,0,7,50,0,1850,1463,5,16,40,1,0,0,1,0
1358106,4,2024,2024,5,6,4,37,31,163,34609,0,1,9,-33.857802,151.09491,14,0,2,1,0,0,0,0,2,0,7,50,0,2852,2852,4,5,0,2,0,1,0,0
1358109,1,2024,2024,5,5,2,916,17,10,917,0,1,1,-32.523302,151.132036,64,1,0,1,0,0,0,3,1,0,7,100,2,14295,14295,3,34,13,2,0,0,0,1
1358110,2,2024,2024,5,1,6,2,27,18,34609,0,1,9,-34.978686,150.714069,63,2,1,1,1,0,3,3,2,0,0,70,0,6545,6545,4,0,25,2,0,0,1,0
1358115,2,2024,2024,5,6,5,2126,17,93,2149,0,1,2,-33.41841,149.595746,3,2,1,1,0,0,3,4,2,0,7,70,2,1282,1282,1,29,0,2,0,0,1,0
1358118,4,2024,2024,8,6,7,3,1,29,34609,1,0,10,-33.748494,151.272553,50,0,2,1,1,0,0,0,2,0,0,50,0,6545,6545,4,16,5,2,0,1,0,0
1358121,4,2024,2024,8,4,5,39,27,57,147,0,1,1,-28.636538,153.554111,10,2,1,1,0,0,3,4,2,0,7,60,1,14295,14295,3,5,0,3,0,1,0,0
1358122,2,2024,2024,5,0,4,348,17,25,232,0,1,9,-32.942195,149.859833,44,1,0,1,0,0,0,0,2,0,0,100,2,5929,5929,1,10,5,2,0,0,2,0
1358126,4,2024,2024,8,1,4,3371,17,44,3342,0,1,2,-32.387794,152.246384,43,1,0,1,0,0,0,0,2,0,7,110,2,14295,14295,3,5,2,2,0,1,0,0
1358135,4,2024,2024,0,1,4,98,27,523,198,0,1,9,-33.925715,150.925255,41,0,2,1,1,0,0,0,2,2,7,60,2,2040,2040,9,8,28,2,0,1,0,0
1358136,2,2024,2024,3,0,8,2209,17,176,2205,1,0,9,-33.96132,151.137831,4,0,2,1,1,0,0,0,2,2,7,60,2,1383,1383,1,0,13,3,0,0,2,0
1358138,4,2024,2024,6,3,7,63,4,73,34609,0,1,1,-33.731801,150.711017,55,0,2,0,1,0,0,0,2,0,7,50,0,4552,5151,8,16,40,1,0,1,0,0
1358140,4,2024,2024,8,1,4,2,27,15,34609,0,1,1,-28.924209,153.161882,60,1,0,0,0,0,3,0,2,0,7,100,0,1850,1463,5,16,40,1,0,1,0,0
1358141,4,2024,2024,5,1,5,24,31,314,34609,0,1,7,-33.85485,150.921418,24,0,2,1,0,0,0,0,2,0,0,50,0,6545,6545,4,0,13,2,0,1,1,0
1358143,4,2024,2024,5,5,7,56,31,119,34609,0,1,9,-32.762415,151.746889,57,2,1,1,1,0,0,0,2,0,3,60,0,1109,787,1,5,36,2,0,1,0,0
1358150,1,2024,2024,5,1,6,9,31,120,34609,0,1,2,-32.180877,152.511896,43,2,1,1,1,0,0,0,2,0,7,40,0,238,238,9,30,28,2,0,0,0,1
1358153,2,2024,2024,8,0,4,171,27,24,369,0,1,2,-34.014207,150.724049,12,0,2,1,1,0,0,0,2,0,7,80,2,14295,14295,3,0,5,2,0,0,1,0
1358156,2,2024,2024,5,4,9,6,27,50,34609,0,1,1,-33.514777,151.334121,16,2,2,1,2,0,0,0,0,0,7,50,0,3775,3775,0,10,0,2,0,0,1,0
1358158,4,2024,2024,6,2,10,37,27,21,36,0,1,1,-32.563341,151.766531,51,1,0,1,0,0,0,0,0,0,7,90,1,9859,9859,8,10,40,1,0,1,0,1
1358161,4,2024,2024,5,5,9,9,27,40,34609,1,0,1,-33.811679,151.216219,77,0,2,1,2,0,0,0,0,0,7,50,0,9859,9859,1,0,0,3,0,1,0,0
1358163,4,2024,2024,8,4,2,15,27,115,34609,0,1,9,-34.031408,151.076352,68,0,2,1,2,0,0,0,0,0,0,50,0,5929,5929,1,5,19,2,0,1,0,0
1358176,2,2024,2024,5,6,8,204,31,228,34609,0,1,10,-34.760723,149.71016,26,2,1,1,3,0,3,4,2,0,0,50,0,6545,6545,4,5,5,2,0,0,1,0
1358177,1,2024,2024,6,6,7,296,27,460,293,0,1,2,-33.843405,150.998541,21,0,2,1,3,0,0,0,2,0,7,70,2,14295,14295,3,0,10,3,0,0,0,1
1358178,1,2024,2024,6,6,9,10,27,8,27,0,1,1,-33.698359,150.785562,7,0,2,1,3,0,0,0,0,0,7,80,1,1981,1981,4,3,0,2,0,0,0,1
1358187,1,2024,2024,6,0,8,8,27,15,34609,0,1,1,-32.346592,152.492882,43,2,1,1,3,0,0,3,2,0,7,80,0,4026,4026,8,0,40,1,0,0,0,1
1358190,1,2024,2024,5,1,8,204,27,134,34609,0,1,7,-33.510889,151.322785,16,2,2,1,3,0,0,0,2,0,0,60,0,14295,14295,3,33,27,2,0,0,0,1
1358201,2,2024,2024,5,3,6,265,2,167,34609,0,1,9,-33.845337,151.064751,54,0,2,1,3,0,0,0,2,0,7,50,0,395,395,1,30,5,2,0,0,1,0
1358202,2,2024,2024,5,1,10,101,10,49,121,1,0,10,-34.039118,151.143341,68,0,2,1,3,0,0,0,0,2,7,70,1,5929,5929,1,5,13,2,0,0,1,1
1358208,2,2024,2024,5,0,3,3371,17,77,3342,0,1,2,-33.036304,151.660483,37,0,2,1,3,0,0,3,2,0,7,50,2,4026,4026,8,5,40,2,0,0,1,0
1358210,4,2024,2024,5,6,3,43,27,56,87,0,1,2,-34.455673,150.873334,80,0,2,1,3,0,0,0,1,0,7,80,2,1945,1945,5,16,40,1,0,1,0,0
1358219,1,2024,2024,5,6,6,191,27,370,68,0,1,10,-34.059726,150.813629,13,0,2,1,3,0,0,0,2,2,9,60,1,623,623,3,0,13,2,0,0,0,1
1358220,1,2024,2024,5,3,6,3,10,67,34609,0,1,10,-33.708259,150.893706,7,0,2,1,1,0,0,0,2,2,7,60,0,6545,6545,4,0,0,2,0,0,0,1
1358221,1,2024,2024,5,2,7,2209,17,79,2205,0,1,7,-34.914463,150.603302,63,2,1,0,3,0,0,0,2,0,0,70,2,2852,2852,4,0,13,2,0,0,0,1
1358222,2,2024,2024,5,4,5,78,31,49,34609,0,1,1,-32.999403,151.684543,37,0,2,0,3,0,0,0,2,0,7,60,0,941,941,1,5,0,2,0,0,1,0
1358224,2,2024,2024,1,4,4,7,27,7,34609,0,1,1,-28.317222,153.261115,72,2,1,1,3,0,0,0,2,0,7,80,0,1669,1669,3,5,5,2,0,0,1,0
1358227,1,2024,2024,5,3,8,7,27,225,34609,0,1,1,-33.798873,151.182223,77,0,2,1,3,0,0,0,2,0,7,50,0,387,387,1,22,5,2,0,0,0,1
1358234,2,2024,2024,5,4,5,98,27,40,34609,0,1,1,-34.023461,151.124892,68,0,2,1,3,0,0,0,2,0,7,50,0,1981,1981,4,10,5,2,0,0,1,1
1358237,2,2024,2024,5,1,9,2126,17,438,2149,0,1,9,-33.841056,151.035313,21,0,2,1,3,0,3,4,0,2,2,60,2,14295,14295,3,5,5,2,0,0,1,0
1358238,2,2024,2024,1,4,5,26,27,103,34609,0,1,9,-32.942746,151.647522,37,0,2,1,3,0,0,3,2,0,7,60,0,1669,1669,3,0,12,2,0,0,1,1
1358240,2,2024,2024,5,3,6,1104,11,149,770,0,1,2,-33.86782,151.180406,32,0,2,0,3,0,0,0,2,0,7,60,2,1192,1192,1,5,13,2,0,0,1,0
1358241,2,2024,2024,5,0,4,6,31,105,34609,0,1,9,-32.725464,151.52327,42,2,1,1,3,0,3,3,2,0,7,50,0,623,623,3,5,5,2,0,0,1,0
1358242,1,2024,2024,8,4,4,35,27,363,24,1,0,1,-33.762723,150.699456,55,0,2,1,3,0,0,0,2,0,7,60,1,14295,14295,3,0,5,2,0,0,0,1
1358243,1,2024,2024,5,0,8,54,27,284,18,0,1,1,-33.898741,151.034933,15,0,2,1,3,0,0,0,2,0,7,60,1,14295,14295,3,5,5,2,0,0,0,1
1358247,2,2024,2024,5,4,5,29,1,105,34609,0,1,2,-32.714485,151.527209,42,2,1,1,3,0,0,0,2,0,7,50,0,9859,9859,1,5,10,2,0,0,1,0
1358251,4,2024,2024,5,2,6,76,24,164,154,0,1,2,-33.727355,150.896945,7,0,2,1,3,0,0,0,2,0,7,70,1,1383,1383,1,5,5,2,0,1,0,0
1358252,1,2024,2023,8,4,5,230,27,47,284,0,1,9,-33.809219,151.155814,38,0,2,0,3,0,0,0,2,0,0,60,2,1391,1391,1,5,5,2,0,0,0,1
1358254,4,2024,2024,5,3,7,11,3,22,122,0,1,9,-34.506911,150.877153,80,0,2,0,0,0,0,0,2,0,15,80,2,6545,6545,4,0,19,2,0,1,0,0
1358255,2,2024,2024,5,3,9,103,27,123,563,0,1,2,-33.818698,151.052095,54,0,2,1,3,0,0,0,3,0,7,80,2,1391,1391,1,5,5,2,0,0,1,0
1358257,2,2024,2024,6,2,4,1,27,2,34609,0,1,1,-35.511972,144.058453,51,1,0,0,3,0,0,0,2,0,7,100,0,4552,5151,8,10,40,1,0,0,1,0