Crash ID,Degree of crash - detailed,Reporting year,Year of crash,Month of crash,Day of week of crash,Two-hour intervals,Street of crash,Street type,Town,Route no.,School zone location,School zone active,Type of location,Latitude,Longitude,LGA,Urbanisation,Conurbation 1,Alignment,Street lighting,Road surface,Surface condition,Weather,Natural lighting,Signals operation,Other traffic control,Speed limit,Road classification,RUM - code,DCA - code,First impact type,Key TU type,Other TU type,No. of traffic units involved,No. killed,No. seriously injured,No. moderately injured,No. minor-other injured
1358260,1,2024,2024,5,4,4,916,17,66,917,0,1,2,-32.811636,151.666789,48,0,2,1,3,0,0,0,2,0,7,80,2,14295,14295,3,0,5,2,0,0,0,1
1358261,1,2024,2024,5,4,4,3371,17,30,3342,0,1,2,-33.190543,151.566858,16,2,2,1,3,0,0,0,2,0,7,80,2,1282,1282,1,8,5,2,0,0,0,1
1358265,1,2024,2024,6,4,8,38,27,189,165,0,1,1,-33.939669,151.061197,15,0,2,1,3,0,0,0,2,0,7,50,1,941,941,1,5,5,2,0,0,0,1
1358270,1,2024,2024,5,5,5,3371,17,49,3342,0,1,10,-33.199432,151.522604,16,2,2,0,3,0,0,0,2,2,7,80,2,14295,14295,3,0,0,2,0,0,0,1
1358271,1,2024,2024,5,5,4,15,27,134,34609,0,1,1,-33.965945,150.810501,12,0,2,1,3,0,0,0,2,0,7,70,0,14295,14295,3,29,5,3,0,0,0,1
1358272,2,2024,2024,1,4,7,220,14,133,220,0,1,3,-34.501276,150.794114,80,0,2,1,3,0,0,0,2,0,7,100,2,9859,9859,8,0,40,1,0,0,1,0
1358273,2,2024,2024,5,4,4,1104,14,460,962,0,1,3,-33.825057,150.989948,54,0,2,1,3,0,0,0,2,0,7,90,2,1391,1391,1,10,5,3,0,0,1,0
1358276,1,2024,2024,5,5,3,5,27,127,34609,0,1,1,-33.858201,150.830822,24,0,2,0,3,0,0,0,1,0,7,60,0,3775,3775,0,5,5,2,0,0,0,1
1358277,1,2024,2024,5,4,8,1104,14,323,962,0,1,3,-33.798614,150.857001,7,0,2,1,3,0,0,0,2,0,7,100,2,14295,14295,3,5,0,3,0,0,0,1
1358278,2,2024,2024,5,3,7,4,27,108,605,0,1,2,-33.759034,151.280025,50,0,2,1,3,0,0,0,2,0,7,60,2,14295,14295,3,0,5,3,0,0,1,2
1358279,1,2024,2024,5,1,4,78,27,7,74,0,1,9,-33.857625,151.130927,14,0,2,1,3,0,0,0,2,0,9,50,1,14295,14295,3,5,0,2,0,0,0,1
1358280,2,2024,2024,6,5,5,14,27,85,34609,0,1,10,-33.903761,150.876196,41,0,2,1,3,0,0,0,2,3,7,50,0,1282,1282,1,30,5,2,0,0,1,0
1358282,1,2024,2024,6,6,6,72,27,82,102,0,1,10,-33.794422,151.264849,50,0,2,1,3,0,0,0,2,2,7,60,2,14295,14295,3,0,12,2,0,0,0,1
1358284,2,2024,2024,5,5,4,330,23,293,112,0,1,10,-33.943826,151.239624,59,0,2,1,3,0,0,0,2,2,7,50,2,14295,14295,3,5,5,2,0,0,1,0
1358285,1,2024,2024,5,4,8,330,23,293,112,0,1,10,-33.946199,151.240162,59,0,2,1,3,0,0,0,0,2,7,50,2,14295,14295,3,16,5,2,0,0,0,1
1358288,2,2024,2024,5,6,8,38,27,290,8,0,1,11,-33.955058,151.13377,4,0,2,0,2,0,0,3,3,0,15,50,1,775,775,4,0,18,2,0,0,1,0
1358289,2,2024,2024,5,6,10,2,31,290,34609,0,1,1,-33.962056,151.126595,4,0,2,1,3,0,0,0,0,0,7,50,0,9859,9859,1,5,10,2,0,0,1,0
1358295,2,2024,2024,5,3,5,39,31,26,34609,0,1,10,-33.067804,151.578193,37,0,2,0,3,0,0,0,2,0,15,50,0,6545,6545,4,5,5,2,0,0,1,0
1358297,2,2024,2024,5,6,8,30,27,120,154,0,1,2,-33.748783,150.86669,7,0,2,1,1,0,0,0,2,0,7,60,1,1945,1945,5,5,40,1,0,0,1,0
1358299,1,2024,2024,5,4,7,95,31,271,34609,0,1,1,-33.944892,151.009892,15,0,2,1,3,0,0,0,2,0,7,60,0,14295,14295,3,9,5,2,0,0,0,1
1358302,2,2024,2024,5,0,3,39,27,15,563,0,1,9,-33.891814,151.038641,15,0,2,1,3,0,3,4,1,2,7,80,2,489,489,5,5,40,1,0,0,1,0
1358303,4,2024,2024,5,5,8,75,10,387,165,0,1,2,-33.938285,151.1946,4,0,2,1,3,0,0,0,3,0,7,70,2,14295,14295,3,0,5,2,0,1,0,0
1358305,1,2024,2024,5,0,5,68,31,69,23,0,1,10,-28.553931,153.506231,10,2,1,1,3,0,0,0,2,0,7,50,1,14295,14295,3,5,13,2,0,0,0,1
1358308,2,2024,2024,5,4,10,11,31,90,49,0,1,10,-32.924775,151.751396,48,0,2,1,3,0,0,0,0,2,7,60,1,5929,5929,1,5,5,2,0,0,1,0
1358309,2,2024,2024,6,1,5,829,27,159,770,0,1,1,-33.808422,151.091117,61,0,2,1,3,0,0,0,2,0,7,60,2,14295,14295,3,0,5,2,0,0,1,0
1358310,1,2024,2024,5,1,4,220,27,323,222,0,1,9,-33.763474,150.957951,71,0,2,1,3,0,0,0,2,0,15,80,2,14295,14295,3,0,0,2,0,0,0,1
1358311,1,2024,2024,8,0,4,4,1,293,28,1,0,1,-33.917225,151.056848,15,0,2,1,3,0,0,0,2,0,7,50,1,2040,2040,9,5,28,2,0,0,0,1
1358314,2,2024,2024,5,1,9,2261,17,228,2252,0,1,2,-34.775858,149.691852,26,1,0,1,3,0,0,0,3,0,7,110,2,475,475,5,5,40,1,0,0,1,0
1358315,2,2024,2024,5,1,3,387,27,290,331,0,1,9,-33.943316,151.129909,4,0,2,0,2,0,0,0,1,0,7,60,2,1282,1282,1,5,19,2,0,0,1,0
1358316,2,2024,2024,5,3,3,3371,17,32,3342,0,1,2,-29.10112,153.339153,60,1,0,1,3,0,3,0,2,0,7,110,2,9859,9859,8,0,40,1,0,0,1,0
1358317,1,2024,2024,5,2,3,19,31,115,34609,0,1,9,-33.745798,151.223024,50,0,2,1,3,0,0,0,1,0,0,50,0,1282,1282,1,5,5,2,0,0,0,1
1358318,2,2024,2024,5,2,4,1,27,2,34609,0,1,1,-34.630725,149.073929,74,1,0,0,3,0,0,0,2,0,7,100,0,1089,1089,7,0,40,1,0,0,1,0
1358319,2,2024,2024,5,6,7,42,31,83,34609,0,1,9,-30.114811,153.19321,19,2,1,0,0,0,0,0,2,0,7,50,0,220,220,8,5,40,1,0,0,1,0
1358322,1,2024,2024,5,3,9,24,31,91,160,1,0,1,-33.998322,150.886408,13,0,2,0,2,0,0,0,0,0,7,60,2,4552,5151,8,5,40,1,0,0,0,1
1358324,2,2024,2024,5,4,7,126,27,30,168,0,1,2,-34.048127,150.762033,12,0,2,1,3,0,0,0,2,0,7,80,2,1945,1945,5,16,40,1,0,0,1,0
1358326,4,2024,2024,6,5,5,67,27,157,55,0,1,2,-34.00851,151.105526,68,0,2,1,3,0,0,0,2,0,7,70,2,14295,14295,3,5,13,2,0,1,0,0
1358327,2,2024,2024,5,1,6,2126,17,218,2149,0,1,10,-33.769638,150.768726,55,0,2,1,1,0,0,0,2,2,7,60,2,5929,5929,1,5,5,2,0,0,1,0
1358328,2,2024,2024,5,6,7,68,27,36,208,0,1,9,-33.762911,151.079334,31,0,2,0,3,0,3,4,2,3,7,60,2,14295,14295,3,0,0,5,0,0,1,0
1358332,2,2024,2024,1,4,7,57,36,17,769,0,1,9,-33.607885,150.788549,29,2,2,1,3,0,0,0,2,0,7,70,2,14295,14295,3,0,10,2,0,0,1,0
1358333,1,2024,2024,5,6,9,46,27,104,262,0,1,9,-32.910204,151.716996,48,0,2,1,3,0,0,0,0,2,7,60,2,14295,14295,3,5,0,2,0,0,0,1
1358335,2,2024,2024,5,2,3,35,27,22,49,0,1,1,-31.366104,150.644297,51,2,1,0,3,0,3,4,2,0,11,80,1,4552,5151,8,5,40,1,0,0,1,0
1358339,2,2024,2024,6,1,4,344,27,62,382,0,1,2,-33.732295,150.847999,7,0,2,1,3,0,0,3,2,0,7,70,2,14295,14295,3,5,13,3,0,0,1,0
1358345,1,2024,2024,5,1,4,3371,17,143,3342,0,1,9,-33.702357,151.099391,31,0,2,1,3,0,0,0,2,2,7,60,2,5929,5929,1,30,0,2,0,0,0,1
1358348,1,2024,2024,5,0,6,3371,17,20,3342,0,1,2,-33.065825,151.651476,37,0,2,1,3,0,0,0,2,0,7,70,2,1945,1945,5,16,40,1,0,0,0,1
1358349,2,2024,2024,5,6,5,916,17,6,917,0,1,1,-29.832407,151.737707,51,1,0,0,3,0,0,0,2,0,7,100,2,1669,1669,3,0,5,2,0,0,1,0
1358351,4,2024,2024,7,4,5,18,27,22,34609,0,1,1,-36.057994,146.91593,0,2,1,1,1,0,0,0,2,0,7,50,0,4026,4026,1,5,13,2,0,1,0,0
1358352,2,2024,2024,7,4,1,165,31,70,34609,0,1,1,-34.716912,149.999965,26,2,1,0,0,0,0,0,0,0,7,50,0,4552,5151,8,17,40,1,0,0,1,0
1358353,1,2024,2024,3,6,7,12,27,151,34609,0,1,1,-34.030959,150.859738,13,0,2,1,1,0,0,0,2,0,7,60,0,14295,14295,3,9,0,2,0,0,0,1
1358354,4,2024,2024,7,0,8,2126,17,5,2149,0,1,9,-33.437816,149.847792,3,1,0,1,0,0,0,0,2,0,7,100,2,2852,2852,4,5,0,2,0,2,1,0
1358355,2,2024,2024,7,4,8,344,27,168,382,0,1,10,-33.696903,150.830876,7,0,2,1,1,0,0,0,2,2,7,80,2,2852,2852,4,0,5,2,0,0,3,0
1358356,2,2024,2024,7,2,11,12,27,25,34609,0,1,1,-34.502195,150.399705,78,2,1,1,2,0,0,0,0,0,7,50,0,475,475,5,5,40,1,0,0,1,0
1358357,4,2024,2024,7,2,9,387,27,115,331,0,1,9,-33.958137,151.069223,25,0,2,0,1,0,0,0,3,2,7,60,2,6545,6545,4,0,5,4,0,3,3,1
1358359,4,2024,2024,7,6,8,232,36,64,168,1,0,10,-34.041546,150.732256,12,0,2,1,1,0,0,0,2,2,9,60,1,5929,5929,1,0,19,2,0,1,0,0
1358360,2,2024,2024,7,3,7,2126,17,22,2149,0,1,9,-33.569598,150.206609,40,2,1,1,0,0,0,0,2,0,15,80,2,395,395,1,9,5,2,0,0,1,0
1358363,4,2024,2024,7,6,8,14,1,198,34609,0,1,1,-33.90495,151.099149,15,0,2,1,0,0,0,0,2,0,7,50,0,14295,14295,3,19,22,5,0,2,3,18
1358364,4,2024,2024,7,0,11,193,27,25,133,0,1,1,-33.865993,150.641713,55,0,2,1,2,0,3,0,0,0,7,60,2,1220,1220,9,30,28,2,0,1,0,0
1358366,4,2024,2024,7,0,3,296,27,92,293,0,1,9,-33.877248,150.98048,24,0,2,1,2,0,0,0,2,2,7,70,2,5929,5929,1,5,5,3,0,1,1,0
1358367,2,2024,2024,0,4,5,27,36,8,27,0,1,1,-31.557109,149.782009,51,1,0,1,0,0,0,3,2,0,7,100,1,83,83,5,0,40,1,0,0,2,0
1358370,4,2024,2024,0,5,5,15,27,103,34609,0,1,1,-28.830493,153.325104,39,2,1,0,0,0,0,0,2,0,7,50,0,3775,3775,0,10,0,2,0,2,0,0
1358372,1,2024,2024,7,4,4,177,22,210,176,0,1,2,-34.034254,151.103422,68,0,2,1,0,0,0,3,2,0,7,60,2,14295,14295,3,5,0,2,0,0,0,1
1358373,4,2024,2024,7,4,8,30,27,67,34609,0,1,9,-33.644146,150.901801,71,0,2,1,1,0,0,0,2,0,7,60,0,3775,3775,0,5,0,2,0,1,0,0
1358374,2,2024,2024,0,5,9,75,10,80,165,0,1,6,-33.936943,151.197928,4,0,2,1,0,0,3,4,0,0,7,80,2,14295,14295,3,0,5,2,0,0,1,0
1358376,4,2024,2024,7,5,0,1,31,204,34609,0,1,9,-33.897437,150.930931,24,0,2,1,2,0,0,0,0,0,7,50,0,2040,2040,9,5,26,2,0,1,0,0
1358377,4,2024,2024,7,5,5,61,31,32,45,0,1,1,-33.868594,150.968535,24,0,2,1,1,0,0,0,2,0,7,60,1,9859,9859,1,16,5,2,0,1,0,0
1358378,4,2024,2024,0,0,7,104,27,150,140,0,1,10,-33.925173,151.226612,4,0,2,1,1,0,3,4,2,2,7,60,2,2040,2040,9,5,28,2,0,1,0,0
1358380,4,2024,2024,0,2,11,1,27,9,34609,0,1,1,-34.476459,147.895924,20,1,0,0,0,0,0,0,0,0,7,100,0,418,714,5,8,40,1,0,1,0,0
1358381,1,2024,2024,0,0,7,11,27,54,34609,0,1,1,-33.709756,151.005357,71,0,2,1,1,0,0,0,2,0,7,50,0,368,368,9,0,28,2,0,0,0,1
1358383,4,2024,2024,7,0,11,168,10,387,260,0,1,9,-33.944569,151.188136,4,0,2,0,2,0,0,0,0,2,7,70,2,4552,985,8,5,40,1,0,1,2,0
1358387,4,2024,2024,0,2,8,12,31,41,34609,0,1,9,-33.820208,151.007813,54,0,2,0,2,0,0,0,0,0,7,40,0,2852,2852,4,0,27,2,0,1,0,0
1358390,4,2024,2024,0,3,3,4,27,12,34609,0,1,1,-35.770258,145.862093,51,1,0,0,0,0,0,0,2,0,7,100,0,1957,4009,8,0,40,1,0,1,0,1
1358392,4,2024,2024,0,2,10,1104,14,140,962,0,1,3,-33.790868,150.820421,7,0,2,1,2,0,0,0,0,0,7,110,2,1192,1192,1,5,5,3,0,1,1,0
1358393,4,2024,2024,8,6,9,23,31,224,44,0,1,9,-33.824756,151.231492,45,0,2,1,2,0,3,4,0,0,0,50,1,2040,2040,9,5,28,2,0,1,0,0
1358395,1,2024,2024,7,2,5,481,17,1,483,0,1,1,-34.84644,146.439309,51,1,0,1,0,0,0,0,2,0,7,110,2,1945,1945,5,0,40,1,0,0,0,1
1358396,4,2024,2024,0,2,7,31,27,17,41,1,0,1,-33.690511,151.152052,36,0,2,1,0,0,0,0,2,0,7,50,1,1981,1981,4,5,19,2,0,1,0,0
1358397,1,2024,2024,8,5,8,2261,17,35,2252,0,1,2,-34.905725,148.184801,20,1,0,0,0,0,0,0,2,0,7,110,2,14295,14295,3,16,10,2,0,0,0,1
1358399,2,2024,2024,8,0,9,2126,17,36,2149,0,1,9,-33.808505,150.941614,21,0,2,1,0,0,0,0,0,0,0,80,2,5929,5929,1,0,5,2,0,0,1,1
1358400,2,2024,2024,8,6,5,158,27,46,207,0,1,10,-33.879109,151.237523,81,0,2,1,1,0,0,0,2,2,7,50,2,14295,14295,3,9,13,2,0,0,1,0
1358401,4,2024,2024,0,6,11,255,31,22,70,0,1,1,-31.89542,152.513909,43,2,1,1,2,0,0,0,0,0,7,60,1,9859,9859,1,5,12,3,0,1,0,0
1358406,1,2024,2024,7,1,5,31,24,85,36,0,1,1,-33.745159,151.107484,36,0,2,1,1,0,0,0,2,0,7,60,1,14295,14295,3,0,5,2,0,0,0,1
1358407,4,2024,2024,8,1,7,481,17,20,483,0,1,1,-30.99734,149.411568,51,1,0,1,0,0,0,0,2,0,7,110,2,945,945,5,0,40,1,0,1,0,0
1358410,2,2024,2024,8,1,8,1,27,173,34609,0,1,10,-33.875458,151.222084,69,0,2,1,2,0,0,0,3,2,7,50,0,1220,1220,9,10,28,2,0,0,1,0
1358412,2,2024,2024,8,2,8,42,31,166,34609,1,0,10,-33.414871,149.56944,3,2,1,1,2,0,0,0,3,0,0,50,0,6545,6545,4,0,0,2,0,0,2,1
1358415,2,2024,2024,8,4,5,2261,17,31,2252,0,1,3,-34.026097,150.824243,13,0,2,1,1,0,0,0,2,0,7,110,2,14295,14295,3,9,12,2,0,0,1,0
1358417,2,2024,2024,8,3,2,6,18,3,34609,0,1,1,-30.972643,150.811733,70,1,0,1,0,0,0,0,0,0,7,100,0,1089,1089,7,5,40,1,0,0,1,0
1358419,4,2024,2024,8,4,0,6,27,72,34609,0,1,0,-33.820017,151.228064,49,0,2,0,2,0,0,0,0,0,7,50,0,4552,5151,8,16,40,1,0,2,0,0
1358420,1,2024,2024,8,2,8,126,1,226,144,0,1,7,-33.756527,150.818827,7,0,2,0,0,0,0,0,2,0,0,60,2,6545,6545,4,5,5,2,0,0,0,1
1358422,2,2024,2024,6,5,4,97,31,532,34609,0,1,0,-33.867545,151.208461,69,0,2,1,0,0,0,0,2,2,9,40,0,2040,2040,9,22,28,2,0,0,1,1
1358426,2,2024,2024,6,2,2,5,27,189,28,0,1,9,-33.949835,151.061853,15,0,2,1,2,0,3,4,0,0,7,50,1,2585,777,1,5,0,2,0,0,1,0
1358427,4,2024,2024,6,4,4,3371,17,63,3342,0,1,2,-28.179297,153.519976,72,1,0,1,0,0,0,0,2,0,7,100,2,1192,1192,1,0,0,2,0,1,0,0
1358428,2,2024,2024,8,1,7,1,25,74,34609,0,1,1,-33.737311,151.038563,31,0,2,1,0,0,0,0,2,0,7,50,0,1282,1282,1,21,12,2,0,0,1,0
1358429,2,2024,2024,6,0,9,84,27,147,415,0,1,2,-33.751988,151.144379,36,0,2,0,2,0,3,3,0,0,7,70,2,14295,14295,3,5,5,3,0,0,1,0
1358430,2,2024,2024,7,6,4,11,27,20,34609,0,1,7,-33.975683,151.093326,25,0,2,1,1,0,0,0,2,0,0,50,0,926,926,4,0,0,2,0,0,1,0
1358431,4,2024,2024,8,3,6,205,27,161,415,0,1,2,-33.71408,151.174114,36,0,2,1,1,0,0,0,2,0,7,60,2,14295,14295,3,16,5,2,0,1,0,0
1358432,4,2024,2024,8,6,7,73,24,65,88,0,1,1,-33.7087,151.282672,50,0,2,1,0,0,0,0,2,0,7,70,2,3775,3775,0,21,5,2,0,1,0,1
1358433,4,2024,2024,0,1,9,32,27,33,563,0,1,9,-33.966281,151.033089,15,0,2,1,2,0,0,0,0,2,7,50,2,2852,2852,4,5,5,3,0,2,0,0
1358434,2,2024,2024,0,2,7,177,31,174,109,0,1,7,-33.860493,150.927487,24,0,2,1,1,0,0,0,2,0,0,60,1,6545,6545,4,5,13,2,0,0,1,1
1358435,2,2024,2024,6,2,5,3,27,8,34609,0,1,9,-30.958452,149.047836,51,1,0,1,0,0,0,0,2,0,7,100,0,1981,1981,4,10,0,2,0,0,1,0
1358438,4,2024,2024,0,3,9,15,10,132,34609,0,1,1,-34.122812,151.085442,68,0,2,0,0,0,0,0,0,0,7,80,0,4552,5151,8,16,40,1,0,1,0,0
1358439,4,2024,2024,8,0,9,4,31,20,260,0,1,9,-33.083458,151.501622,37,0,2,1,2,0,0,0,0,0,15,60,2,14295,14295,3,0,5,2,0,1,0,0
1358441,2,2024,2024,6,5,3,3371,17,117,3342,0,1,2,-28.190632,153.526557,72,1,0,1,2,0,0,0,1,0,7,100,2,4026,4026,8,21,40,1,0,0,1,0
1358442,2,2024,2024,6,0,11,84,10,39,80,0,1,9,-34.317716,150.916962,80,0,2,0,2,0,0,0,0,2,7,50,2,4552,5151,8,0,40,1,0,0,1,0
1358447,4,2024,2024,6,2,3,15,27,16,118,0,1,9,-30.37111,150.607582,70,2,1,1,0,0,3,4,1,0,0,60,2,9859,9859,8,34,40,1,0,1,0,0
1358449,4,2024,2024,8,6,4,2,27,19,34609,0,1,10,-33.693387,150.902089,7,0,2,1,1,0,0,0,2,2,7,60,0,5929,5929,1,0,0,2,0,1,0,0
1358453,4,2024,2024,8,4,7,344,27,89,382,0,1,1,-33.645323,150.789246,55,0,2,1,0,0,0,0,2,0,7,80,2,14295,14295,3,10,2,2,0,1,0,0
1358454,4,2024,2024,6,2,8,81,31,646,80,0,1,10,-33.916108,151.014042,15,0,2,1,2,0,3,4,3,2,7,60,1,5929,5929,1,21,5,2,0,1,1,0
1358455,4,2024,2024,6,5,5,1052,14,83,928,0,1,3,-33.515125,151.193649,16,1,2,1,0,0,0,0,2,0,7,100,2,1282,1282,1,0,5,5,0,1,1,1
1358457,4,2024,2024,6,4,9,44,27,304,21,0,1,10,-33.902277,151.163482,32,0,2,1,2,0,3,4,0,2,9,50,1,1220,1220,9,5,28,2,0,1,0,0
1358458,4,2024,2024,6,2,11,153,27,188,147,1,0,1,-33.949047,151.106116,4,0,2,1,2,0,3,4,0,0,7,60,2,1981,1981,4,0,5,2,0,1,0,0
1358462,4,2024,2024,6,6,9,37,27,10,41,0,1,9,-29.000963,153.343117,39,1,0,1,0,0,0,1,0,0,0,100,1,489,489,8,30,40,1,0,2,1,0
1358463,2,2024,2024,6,4,4,3371,17,21,3342,0,1,2,-28.59803,153.544724,10,1,0,1,1,0,0,0,2,0,7,100,2,14295,14295,3,16,36,2,0,0,1,0
1358464,4,2024,2024,6,5,3,8,1,112,34609,0,1,1,-33.909527,151.206464,69,0,2,1,2,0,0,0,1,0,7,40,0,340,340,9,0,28,2,0,1,0,0
1358471,4,2024,2024,6,6,5,2261,17,23,2252,0,1,3,-34.042863,150.820876,13,0,2,0,0,0,0,0,2,0,7,110,2,1383,1383,1,30,0,2,0,1,1,0
1358476,2,2024,2024,5,5,3,500,27,106,799,1,0,9,-33.924148,151.091089,15,0,2,1,1,0,3,3,2,2,7,60,2,1282,1282,1,5,13,2,0,0,1,1
1358483,2,2024,2024,0,1,9,2126,17,445,2149,0,1,9,-33.851258,151.054551,21,0,2,1,3,0,2,6,3,0,7,60,2,2852,2852,4,5,25,2,0,0,1,0
1358486,2,2024,2024,6,4,8,4,1,84,34609,0,1,1,-33.468522,151.378357,16,2,2,1,0,0,0,0,2,0,7,50,0,1981,1981,4,30,19,2,0,0,2,0
1358489,4,2024,2024,5,1,6,1,10,337,34609,0,1,1,-33.722016,151.014377,71,0,2,0,0,0,0,0,2,0,7,50,0,4552,5151,8,8,40,1,0,1,0,0
1358493,2,2024,2024,5,1,4,12,1,134,34609,0,1,1,-33.980133,150.809416,12,0,2,1,0,0,0,0,2,0,7,50,0,1945,1945,5,5,40,1,0,0,1,0
1358495,2,2024,2024,5,4,10,294,17,215,288,1,0,10,-35.118502,147.365836,75,2,1,1,3,0,2,6,2,2,7,60,2,5929,5929,1,5,36,2,0,0,1,0
1358498,2,2024,2024,5,4,6,6,1,151,34609,0,1,1,-34.042071,150.846431,13,0,2,1,1,0,0,0,2,0,7,50,0,1981,1981,4,5,5,2,0,0,1,0
1358499,2,2024,2024,5,5,7,330,27,53,605,0,1,9,-33.732762,151.301455,50,0,2,1,0,0,0,0,2,0,0,60,2,14295,14295,3,0,27,2,0,0,1,0
1358500,4,2024,2024,6,6,7,177,22,70,176,0,1,9,-34.03288,151.08908,68,0,2,0,1,0,3,3,2,2,7,60,2,5929,5929,1,0,5,2,0,1,0,0
1358501,4,2024,2024,5,3,4,1,10,18,34609,0,1,9,-36.075204,146.884931,0,2,1,0,1,0,0,0,2,0,7,50,0,1957,4009,1,5,13,2,0,1,0,0
1358504,4,2024,2024,5,5,10,24,31,92,34609,0,1,9,-33.402898,151.355886,16,2,2,1,0,0,0,0,0,0,0,50,0,2040,2040,9,9,28,2,0,1,0,0
1358507,2,2024,2024,5,4,8,2209,17,77,2205,0,1,9,-33.925077,151.160463,32,0,2,1,1,0,0,0,2,2,7,60,2,14295,14295,3,0,19,2,0,0,1,0
1358512,2,2024,2024,5,6,9,16,27,21,34609,0,1,9,-32.914388,151.581998,37,0,2,1,2,0,0,0,0,0,0,50,0,489,489,8,5,40,1,0,0,1,0
1358515,4,2024,2024,5,2,9,123,27,134,120,0,1,10,-33.896509,151.254399,76,0,2,1,2,0,0,0,0,2,7,50,2,5929,5929,1,16,18,2,0,1,0,1
1358517,2,2024,2024,6,0,5,229,14,175,237,0,1,3,-33.764209,151.083818,54,0,2,1,2,0,0,0,2,0,7,100,2,14295,14295,3,9,5,2,0,0,1,0
1358518,4,2024,2024,5,5,1,3371,17,41,3342,0,1,2,-31.428232,152.822802,56,1,0,1,0,0,0,0,0,0,7,110,2,9859,9859,1,3,2,2,0,1,0,0
1358521,1,2024,2024,5,6,6,1,27,2,34609,0,1,1,-28.448393,153.371833,72,1,0,0,0,2,0,0,2,0,7,100,0,121,121,9,10,28,2,0,0,0,1
1358522,4,2024,2024,5,3,9,6,27,130,34609,0,1,1,-33.868324,151.196491,69,0,2,0,2,0,0,0,0,2,7,40,0,1259,5151,8,16,40,1,0,1,0,0
1358524,2,2024,2024,8,1,11,8,31,16,34609,0,1,0,-33.820843,151.089927,61,0,2,0,0,0,3,4,0,0,7,50,0,4552,5151,8,5,40,1,0,0,1,0
1358526,2,2024,2024,5,1,3,2261,17,523,2252,0,1,10,-33.934569,150.915777,41,0,2,1,0,0,0,0,2,2,7,60,2,1220,1220,9,9,28,2,0,0,1,0
1358530,4,2024,2024,5,4,6,7,36,53,10,0,1,1,-32.43599,147.999995,51,1,0,0,0,0,0,0,2,0,7,100,1,4552,5151,8,16,40,1,0,1,0,0
1358531,4,2024,2024,5,1,2,33,27,10,34609,0,1,1,-33.743101,150.721002,55,0,2,1,2,0,0,0,0,0,7,50,0,121,121,9,30,28,2,0,1,0,0
1358532,1,2024,2024,5,3,9,14,1,54,99,0,1,1,-33.901038,151.216743,69,0,2,1,2,0,0,0,0,0,7,50,2,1391,1391,1,33,27,2,0,0,0,1
1358533,4,2024,2024,5,1,8,17,27,562,34609,0,1,1,-32.370171,148.581345,22,1,0,1,0,0,0,0,2,0,7,100,0,9859,9859,8,9,40,1,0,1,0,0
1358535,2,2024,2024,5,2,6,12,27,39,39,0,1,1,-33.577352,150.835144,29,2,2,1,0,0,0,6,2,0,7,80,2,3775,3775,0,5,13,3,0,0,1,0
1358536,4,2024,2024,6,3,7,2209,17,68,2205,0,1,2,-34.088388,151.006621,68,0,2,1,1,0,0,0,2,0,7,60,2,1220,1220,9,0,28,2,0,1,0,0
1358538,1,2024,2024,5,4,10,133,31,161,51,1,0,10,-33.883791,151.157064,32,0,2,1,2,0,0,0,0,2,7,50,1,1945,1945,5,15,40,1,0,0,0,1
1358539,2,2024,2024,5,3,2,330,27,53,605,0,1,2,-33.737731,151.302482,50,0,2,1,2,0,0,0,0,0,7,60,2,9859,9859,1,22,5,2,0,0,1,0
1358540,2,2024,2024,5,1,9,43,22,80,22,0,1,7,-33.876497,151.176195,69,0,2,0,1,0,0,0,0,0,0,50,2,5929,5929,1,22,5,2,0,0,1,0
1358541,2,2024,2024,5,2,4,25,1,43,34609,0,1,7,-33.678513,151.288673,50,0,2,1,0,0,0,0,2,0,0,50,0,6545,6545,4,5,27,2,0,0,1,0
1358543,2,2024,2024,7,2,8,19,31,131,12,0,1,10,-33.788475,151.182137,77,0,2,1,1,0,0,0,2,0,15,50,1,6545,6545,4,0,5,2,0,0,1,0
1358547,4,2024,2024,5,1,1,12,27,14,49,0,1,1,-31.146552,150.876193,70,1,0,1,0,0,0,0,0,0,7,100,1,9859,9859,8,9,40,1,0,1,1,0
1358549,2,2024,2024,5,1,8,60,31,134,34609,0,1,10,-33.665969,150.864211,7,0,2,1,1,0,0,0,2,0,0,50,0,395,395,1,16,0,2,0,0,2,0
1358552,4,2024,2024,6,5,9,28,10,12,70,0,1,2,-31.933439,152.466508,43,2,1,1,2,0,0,0,0,0,7,70,1,3775,3775,0,10,0,2,0,2,1,0
1358555,4,2024,2024,8,6,3,2,31,57,34609,0,1,10,-34.673773,150.851689,35,2,1,1,1,0,0,0,1,0,0,50,0,2040,2040,9,0,28,2,0,1,0,0
1358557,4,2024,2024,5,3,8,2,27,6,34609,0,1,1,-33.410458,150.732083,29,2,2,0,0,2,0,0,3,0,7,50,0,3775,3775,0,16,19,2,0,1,1,0
1358559,4,2024,2024,5,2,8,133,23,463,34609,0,1,1,-30.287472,153.138313,19,2,1,1,0,0,0,0,2,0,7,50,0,1981,1981,4,5,19,2,0,1,0,0
1358561,2,2024,2024,8,6,7,57,31,174,321,0,1,0,-33.893079,151.200128,69,0,2,1,2,0,3,4,2,0,7,50,2,1383,1383,1,5,19,2,0,0,1,0
1358562,2,2024,2024,6,4,5,24,27,57,36,0,1,1,-33.602694,150.979598,71,0,2,0,1,0,0,0,2,0,7,60,1,4552,5151,8,5,40,1,0,0,1,0