Crash ID,Degree of crash - detailed,Reporting year,Year of crash,Month of crash,Day of week of crash,Two-hour intervals,Street of crash,Street type,Town,Route no.,School zone location,School zone active,Type of location,Latitude,Longitude,LGA,Urbanisation,Conurbation 1,Alignment,Street lighting,Road surface,Surface condition,Weather,Natural lighting,Signals operation,Other traffic control,Speed limit,Road classification,RUM - code,DCA - code,First impact type,Key TU type,Other TU type,No. of traffic units involved,No. killed,No. seriously injured,No. moderately injured,No. minor-other injured
1358563,4,2024,2024,5,0,8,330,10,5,34609,0,1,9,-28.621173,152.975755,51,2,1,0,0,0,0,0,3,0,7,80,0,6545,6545,4,5,10,2,0,1,0,0
1358566,4,2024,2024,8,6,3,220,27,323,222,0,1,2,-33.760448,150.956674,71,0,2,1,1,0,0,0,2,0,7,80,2,1383,1383,1,0,19,2,0,1,0,0
1358572,4,2024,2024,7,1,4,17,31,91,96,0,1,7,-32.965696,151.646679,37,0,2,0,0,0,0,0,2,0,0,60,2,1220,1220,9,5,28,2,0,1,0,0
1358573,4,2024,2024,5,6,3,5,31,64,34609,0,1,1,-33.9526,151.005515,15,0,2,1,0,0,3,4,2,0,7,50,0,941,941,1,5,13,2,0,1,0,0
1358578,1,2024,2024,5,3,9,12,27,173,10,0,1,9,-33.780204,151.115241,61,0,2,1,2,0,0,0,0,2,9,50,1,2040,2040,9,0,28,2,0,0,0,1
1358583,2,2024,2024,5,0,4,1,27,194,34609,0,1,1,-30.445215,151.703911,1,1,0,0,0,0,3,4,2,0,7,100,0,1259,5151,8,10,40,1,0,0,1,0
1358584,2,2024,2024,5,2,5,296,27,460,293,0,1,2,-33.84017,150.999284,21,0,2,1,1,0,0,0,2,0,15,70,2,1981,1981,4,0,27,2,0,0,1,0
1358586,1,2024,2024,6,6,4,22,31,337,30,0,1,10,-33.73118,151.004152,71,0,2,1,2,0,0,0,2,2,9,60,2,1220,1220,9,5,28,2,0,0,0,1
1358587,1,2024,2024,5,5,8,12,27,173,10,0,1,9,-33.777384,151.118029,61,0,2,1,0,0,0,0,3,2,9,50,1,591,591,1,22,0,2,0,0,0,1
1358589,4,2024,2024,6,1,5,28,1,31,34609,0,1,9,-30.343898,153.085028,19,2,1,1,1,0,0,0,2,0,0,50,0,150,150,4,0,27,2,0,1,0,0
1358591,2,2024,2024,5,5,11,22,27,151,10,0,1,7,-34.026967,150.83903,13,0,2,1,2,0,0,0,0,0,0,60,1,6545,6545,4,0,27,2,0,0,1,0
1358592,4,2024,2024,5,6,9,11,31,53,34609,0,1,9,-33.761838,151.163739,36,0,2,1,2,0,3,0,0,0,0,50,0,9859,9859,8,15,40,1,0,1,0,0
1358594,4,2024,2024,5,4,5,41,27,85,9,0,1,1,-33.724194,151.130162,36,0,2,1,1,0,0,3,2,0,7,60,1,9859,9859,1,0,0,2,0,2,1,0
1358595,2,2024,2024,5,5,7,23,27,16,49,1,0,10,-29.853956,151.117043,33,2,1,1,1,0,0,0,2,0,0,50,1,6545,6545,4,5,0,2,0,0,1,0
1358598,1,2024,2024,5,0,6,84,27,61,415,0,1,9,-33.763407,151.13702,36,0,2,1,0,0,0,0,2,0,0,70,2,14295,14295,3,0,5,2,0,0,0,1
1358602,2,2024,2024,6,1,5,24,31,237,34609,0,1,7,-33.872391,150.953188,24,0,2,1,0,0,0,0,2,0,0,40,0,1945,1945,5,16,40,1,0,0,1,0
1358605,2,2024,2024,3,4,8,55,10,96,47,0,1,1,-33.435877,151.403741,16,2,2,1,1,0,0,0,2,0,7,70,2,14295,14295,3,0,5,3,0,0,1,0
1358607,1,2024,2024,5,4,4,2,7,35,34609,0,1,9,-34.10341,150.797484,13,0,2,1,1,0,3,4,2,0,7,50,0,1109,787,1,0,0,2,0,0,0,1
1358608,1,2024,2024,5,6,7,16,1,197,34609,0,1,9,-33.791056,151.125941,61,0,2,1,0,0,0,0,2,0,7,50,0,4026,4026,1,0,5,2,0,0,0,1
1358609,2,2024,2024,5,1,0,37,27,10,36,0,1,1,-32.606785,151.721283,57,2,1,1,0,0,0,0,0,0,7,80,1,1089,1089,7,10,40,1,0,0,1,0
1358610,2,2024,2024,5,2,9,6,31,226,34609,0,1,1,-33.779714,150.818022,7,0,2,1,2,0,0,0,0,0,7,50,0,4026,4026,1,16,5,2,0,0,1,0
1358611,2,2024,2024,5,5,10,31,27,157,34609,0,1,10,-34.020573,151.095121,68,0,2,1,2,0,0,0,0,0,15,50,0,6545,6545,4,0,36,3,0,0,2,0
1358613,1,2024,2024,5,4,8,78,31,134,36,0,1,9,-33.521303,151.317761,16,2,2,1,0,0,0,0,2,0,9,50,1,2040,2040,9,34,28,2,0,0,0,1
1358615,1,2024,2024,6,3,6,61,27,19,70,0,1,1,-33.672168,150.957484,71,0,2,1,2,0,0,0,2,0,7,70,1,3775,3775,0,5,5,2,0,0,0,1
1358617,2,2024,2024,5,6,8,56,27,443,44,1,0,1,-33.89477,151.059311,15,0,2,1,0,0,0,0,2,0,7,60,1,14295,14295,3,21,5,2,0,0,1,0
1358619,2,2024,2024,6,4,8,57,31,18,34609,0,1,9,-32.95104,151.662363,37,0,2,1,2,0,0,0,0,0,0,50,0,2852,2852,4,5,0,2,0,0,1,0
1358621,2,2024,2024,5,2,1,104,27,443,702,0,1,2,-33.901861,151.064868,67,0,2,1,2,0,0,0,0,0,7,70,2,1383,1383,1,5,5,2,0,0,2,0
1358628,2,2024,2024,5,2,4,2209,17,79,2205,0,1,7,-34.914361,150.603547,63,2,1,0,1,0,0,3,2,0,0,70,2,6545,6545,4,5,13,2,0,0,1,0
1358629,4,2024,2024,5,4,5,5,31,108,34609,0,1,10,-33.81522,151.183305,77,0,2,1,0,0,0,0,2,0,15,50,0,1850,985,5,16,40,1,0,1,0,0
1358632,1,2024,2024,5,5,7,20,31,194,34609,0,1,1,-30.52889,151.648777,1,2,1,1,0,0,0,0,2,0,7,50,0,9859,9859,8,34,40,1,0,0,0,1
1358633,4,2024,2024,5,6,6,512,17,562,441,0,1,9,-32.232453,148.575654,22,1,0,1,0,0,0,0,2,0,0,90,2,1669,1669,3,30,0,2,0,1,1,0
1358640,2,2024,2024,5,2,7,7,31,119,6,0,1,9,-33.8738,151.161995,32,0,2,1,1,0,0,0,2,0,15,50,1,9859,9859,1,5,0,2,0,0,1,0
1358641,1,2024,2024,5,4,4,6,31,80,34609,0,1,9,-33.88007,151.206876,69,0,2,1,0,0,0,0,2,2,7,40,0,186,186,1,5,18,2,0,0,0,1
1358643,1,2024,2024,5,6,8,829,27,159,770,0,1,2,-33.806264,151.079766,61,0,2,1,2,0,0,3,0,0,7,70,2,1383,1383,1,5,19,2,0,0,0,1
1358645,2,2024,2024,5,1,3,175,27,609,220,0,1,10,-33.763728,150.913221,7,0,2,1,2,0,0,0,1,2,9,70,2,1220,1220,9,0,28,2,0,0,1,0
1358646,4,2024,2024,5,2,5,4,31,149,34609,0,1,1,-33.862868,151.167827,32,0,2,1,1,0,3,3,2,0,7,50,0,1282,1282,1,5,40,1,0,1,0,0
1358649,2,2024,2024,8,0,6,14,31,117,34609,1,0,1,-28.169922,153.542087,72,2,1,1,1,0,0,0,2,0,7,50,0,14295,14295,3,5,0,3,0,0,1,0
1358665,4,2024,2024,6,0,9,34,31,112,34609,1,0,1,-33.916386,150.931517,41,0,2,1,2,0,3,4,0,0,7,30,0,1981,1981,4,5,19,3,0,1,0,0
1358666,4,2024,2024,5,1,5,63,27,9,34,0,1,1,-32.949094,151.680161,37,0,2,1,1,0,0,0,2,0,7,60,1,9859,9859,8,0,40,1,0,1,2,0
1358672,2,2024,2024,5,1,8,23,27,123,38,0,1,9,-33.692786,148.687941,51,1,0,1,0,0,0,0,2,0,7,100,2,623,623,3,10,5,2,0,0,1,0
1358674,2,2024,2024,5,6,10,2,1,147,34609,0,1,9,-33.881417,151.005222,15,0,2,1,2,0,3,4,0,0,7,50,0,9859,9859,1,5,12,2,0,0,1,0
1358675,2,2024,2024,5,5,7,12,27,39,34609,0,1,1,-32.721784,152.076978,57,2,1,1,1,0,3,3,2,0,7,40,0,2040,2040,9,10,28,2,0,0,1,0
1358677,1,2024,2024,5,4,9,12,10,19,34609,0,1,7,-34.087166,150.788693,13,0,2,0,2,0,0,0,3,0,0,60,0,1957,4009,8,16,40,1,0,0,0,1
1358681,2,2024,2024,5,6,9,2261,17,346,2252,1,0,9,-33.886311,151.070789,67,0,2,1,2,0,0,0,0,0,15,60,2,926,926,4,5,0,2,0,0,1,2
1358687,4,2024,2024,5,4,6,106,27,31,106,0,1,2,-33.927428,150.888932,41,0,2,1,0,0,0,0,2,0,7,70,2,3775,3775,0,10,5,2,0,1,1,0
1358689,2,2024,2024,5,5,8,45,1,294,26,0,1,1,-33.93664,150.926052,41,0,2,1,1,0,0,0,2,0,7,60,2,5929,5929,1,0,13,2,0,0,1,1
1358692,2,2024,2024,8,6,8,9,31,78,30,0,1,1,-28.326293,153.395312,72,2,1,1,1,0,3,3,2,0,7,50,1,144,144,1,0,19,2,0,0,1,0
1358694,2,2024,2024,5,3,1,22,31,215,34609,0,1,9,-35.104097,147.360673,75,2,1,1,2,0,3,0,0,0,0,50,0,256,256,4,5,5,2,0,0,1,1
1358697,4,2024,2024,5,3,1,481,17,25,483,0,1,1,-31.668558,148.716932,51,1,0,1,0,0,3,0,0,0,7,110,2,475,475,5,9,40,1,0,1,0,0
1358698,4,2024,2024,5,3,5,5,27,2,34609,0,1,1,-33.028287,150.158941,40,1,0,0,0,0,0,0,2,0,7,100,0,1089,1089,7,16,40,1,0,1,0,0
1358701,2,2024,2024,6,2,6,2261,17,70,2252,0,1,2,-34.743524,149.894334,26,1,0,1,0,0,3,4,2,0,7,110,2,945,945,5,5,40,1,0,0,1,0
1358703,2,2024,2024,5,0,9,348,17,31,232,0,1,9,-31.169829,148.405242,51,1,0,1,0,0,0,0,0,0,0,110,2,57,57,1,10,32,2,0,0,1,0
1358705,2,2024,2024,5,2,9,296,27,187,293,0,1,9,-33.877248,150.98048,24,0,2,1,2,0,0,0,0,2,7,70,2,5929,5929,1,5,19,2,0,0,1,0
1358709,1,2024,2024,5,2,10,55,27,96,160,0,1,10,-34.049843,150.836718,13,0,2,1,2,0,0,0,0,2,7,60,2,14295,14295,3,5,19,2,0,0,0,1
1358713,2,2024,2024,6,4,4,4,27,25,34609,0,1,1,-34.508287,150.417171,78,2,1,1,1,0,0,0,2,0,7,70,0,1383,1383,1,22,5,2,0,0,1,0
1358715,2,2024,2024,5,0,6,515,14,243,518,0,1,3,-33.948745,150.889486,41,0,2,1,2,0,0,0,2,0,7,100,2,14295,14295,3,10,13,2,0,0,1,0
1358717,4,2024,2024,6,0,9,43,27,56,87,0,1,9,-34.446079,150.87583,80,0,2,0,2,0,0,0,0,2,7,80,2,1850,985,5,16,40,1,0,1,0,0
1358719,4,2024,2024,5,3,8,1,27,11,34609,0,1,1,-34.517031,150.729184,80,0,2,0,0,0,0,0,3,0,7,60,0,2585,4009,8,10,40,1,0,1,1,0
1358721,4,2024,2024,6,3,6,1104,14,460,962,0,1,3,-33.826789,150.993695,54,0,2,1,0,0,0,0,2,0,7,90,2,14295,14295,3,30,13,4,0,1,0,0
1358725,2,2024,2024,6,2,10,10,27,106,34609,0,1,9,-33.887009,151.179788,69,0,2,1,2,0,3,4,0,0,9,40,0,2040,2040,9,5,28,2,0,0,1,0
1358729,2,2024,2024,5,1,4,191,17,562,189,0,1,7,-32.24142,148.622226,22,2,1,1,1,0,0,0,2,0,0,60,2,1981,1981,4,0,5,2,0,0,2,0
1358732,4,2024,2024,6,6,3,109,27,44,169,0,1,1,-32.819783,151.421508,17,2,1,0,0,0,0,0,1,0,7,80,2,3775,3775,0,0,13,2,0,1,0,0
1358734,4,2024,2024,5,5,7,16,10,91,34609,0,1,9,-33.995013,150.900938,13,0,2,1,1,0,0,0,2,0,7,50,0,9859,9859,8,16,40,1,0,1,0,0
1358736,4,2024,2024,8,6,10,1,6,54,34609,0,1,9,-33.871185,150.863096,24,0,2,1,2,0,0,0,0,0,7,50,0,1282,1282,1,16,40,1,0,1,0,0
1358739,1,2024,2024,5,5,4,330,27,65,605,0,1,2,-33.705239,151.297389,50,0,2,1,1,0,0,0,2,0,7,70,2,14295,14295,3,5,0,2,0,0,0,1
1358740,4,2024,2024,5,0,3,5,10,47,34609,0,1,1,-28.843731,153.445883,2,2,1,0,0,0,0,0,2,0,7,50,0,121,121,9,5,28,2,0,1,0,0
1358744,2,2024,2024,6,6,7,280,10,237,240,0,1,9,-33.876424,150.965548,24,0,2,1,0,0,0,0,2,0,0,60,2,1282,1282,1,10,5,2,0,0,1,0
1358749,2,2024,2024,5,0,4,3371,17,463,3342,0,1,9,-30.305608,153.101876,19,2,1,1,0,0,0,0,2,0,0,60,2,5929,5929,1,5,13,3,0,0,2,0
1358760,2,2024,2024,5,6,10,2,27,6,34609,0,1,1,-29.81508,152.915472,18,1,0,0,0,0,0,0,0,0,7,100,0,4552,5151,8,5,40,1,0,0,1,0
1358762,2,2024,2024,5,5,8,82,27,84,181,0,1,9,-33.893976,151.264026,76,0,2,1,1,0,0,3,2,0,15,50,2,1850,777,5,15,40,1,0,0,1,0
1358764,4,2024,2024,5,2,5,2126,17,27,2149,0,1,1,-33.593991,150.260706,8,2,2,1,0,0,3,3,2,0,7,60,2,1945,1945,5,10,40,1,0,1,0,0
1358767,4,2024,2024,8,3,2,72,27,278,56,0,1,2,-33.77996,151.052679,54,0,2,1,2,0,3,4,0,0,7,60,2,9859,9859,8,5,40,1,0,1,0,1
1358768,4,2024,2024,5,6,6,23,27,37,47,0,1,1,-34.669,150.716114,35,2,1,0,3,0,2,6,2,0,7,60,1,4552,5151,8,16,40,1,0,1,0,0
1358771,2,2024,2024,5,5,8,12,31,445,34609,0,1,9,-33.861957,151.036508,21,0,2,1,1,0,0,0,2,0,7,50,0,57,57,1,16,5,3,0,0,1,0
1358773,1,2024,2024,5,5,8,35,27,100,34609,0,1,1,-33.89447,150.881008,24,0,2,1,0,0,0,0,0,0,7,60,0,9859,9859,8,30,40,2,0,0,0,1
1358775,2,2024,2024,5,0,4,1104,14,142,962,0,1,3,-33.827818,150.999628,54,0,2,0,1,0,0,0,2,0,7,90,2,1192,1192,1,29,0,2,0,0,1,0
1358776,2,2024,2024,6,4,7,2209,17,176,2205,0,1,10,-33.952926,151.137616,4,0,2,0,2,0,0,0,2,2,9,60,2,2040,2040,9,5,28,2,0,0,1,0
1358780,4,2024,2024,0,4,6,10,31,134,34609,0,1,1,-33.892544,151.251449,76,0,2,1,1,0,0,0,2,0,7,50,0,1981,1981,4,0,5,3,0,2,0,0
1358784,4,2024,2024,5,5,8,11,27,6,34609,0,1,1,-32.259046,148.466546,22,1,0,1,0,0,0,0,3,0,7,100,0,9859,9859,8,5,40,1,0,1,0,0
1358786,2,2024,2024,5,4,6,22,31,165,78,0,1,0,-33.851293,151.153165,14,0,2,1,1,0,0,0,2,0,7,50,2,1981,1981,4,5,27,2,0,0,1,0
1358788,2,2024,2024,5,2,7,2209,17,33,2205,0,1,9,-34.766246,150.718253,63,1,0,1,0,0,0,0,2,0,7,100,2,1957,777,8,0,40,1,0,0,1,0
1358791,4,2024,2024,5,2,11,104,27,443,702,0,1,9,-33.900597,151.065146,67,0,2,1,2,0,0,0,0,2,7,70,2,5929,5929,1,5,5,2,0,1,0,0
1358792,4,2024,2024,8,4,6,222,27,54,40,0,1,10,-33.616037,150.901486,71,0,2,1,0,0,0,0,2,0,0,80,1,926,926,4,5,41,2,0,1,0,1
1358794,2,2024,2024,5,5,8,2209,17,106,2205,0,1,7,-34.573732,150.821165,62,0,2,0,1,0,0,0,2,2,7,60,2,5929,5929,1,5,5,2,0,0,2,0
1358795,2,2024,2024,5,3,9,14,31,69,34609,0,1,1,-28.552882,153.500907,10,2,1,1,2,0,0,0,0,0,7,30,0,3775,3775,0,30,36,2,0,0,1,0
1358796,4,2024,2024,6,4,8,9,36,58,32,0,1,9,-34.402325,150.900289,80,0,2,1,1,0,3,4,2,1,8,70,1,5929,5929,1,10,19,2,0,1,0,0
1358800,4,2024,2024,5,3,3,1,23,2,34609,0,1,1,-33.114171,151.564048,37,0,2,1,0,0,0,0,2,0,7,50,0,1282,1282,1,16,40,1,0,1,0,0
1358804,4,2024,2024,5,3,9,171,31,50,34609,0,1,1,-34.343525,150.913333,80,0,2,1,2,0,0,0,0,0,7,50,0,9859,9859,1,16,5,2,0,1,0,0
1358805,2,2024,2024,5,5,7,31,31,169,34609,0,1,1,-28.642896,153.618627,10,2,1,1,0,0,0,0,2,0,7,50,0,1220,1220,9,0,28,2,0,0,1,0
1358807,2,2024,2024,6,0,2,280,10,314,82,1,0,2,-33.853152,150.938077,24,0,2,1,2,0,0,0,0,0,7,60,1,3775,3775,0,0,0,2,0,0,1,0
1358813,1,2024,2024,5,1,8,38,27,438,34609,0,1,1,-33.853147,151.03115,21,0,2,1,0,0,0,0,3,0,7,50,0,5929,5929,1,5,0,3,0,0,0,1
1358814,4,2024,2024,6,5,2,36,27,43,38,0,1,1,-33.756235,151.244739,50,0,2,0,2,0,0,0,0,0,7,60,1,43,43,3,33,27,3,0,1,0,0
1358815,4,2024,2024,5,4,5,2,31,90,34609,0,1,10,-32.923222,151.741989,48,0,2,1,1,0,0,0,2,0,15,50,0,6545,6545,4,5,5,2,0,2,0,0
1358816,2,2024,2024,5,1,5,109,36,28,108,1,0,1,-28.341438,153.399938,72,2,1,0,0,0,0,0,2,0,7,50,1,3775,3775,0,5,10,2,0,0,1,0
1358821,1,2023,2023,10,4,6,1,27,1,34609,0,1,1,-34.219943,149.487395,74,1,0,0,0,2,0,0,2,0,7,100,0,4552,5151,8,0,40,1,0,0,0,1
1358825,1,2023,2023,9,1,4,157,17,123,158,0,1,1,-33.835453,148.653114,51,1,0,1,0,0,0,0,2,0,7,100,2,9859,9859,8,5,40,1,0,0,0,1
1358829,1,2024,2024,0,5,7,294,17,5,288,0,1,1,-34.242727,142.249054,51,1,0,1,0,0,0,0,2,0,7,100,2,3775,3775,0,10,2,2,0,0,0,1
1358830,1,2024,2024,0,0,4,46,27,109,39,0,1,9,-33.90424,151.143326,32,0,2,1,1,0,3,4,2,0,9,40,1,591,591,1,22,5,2,0,0,0,1
1358831,4,2024,2024,7,4,11,109,27,61,105,0,1,9,-33.897596,150.914099,24,0,2,1,2,0,0,0,0,0,0,60,2,1109,787,1,5,5,2,0,1,0,0
1358832,4,2024,2024,0,4,9,11,1,73,34609,0,1,9,-35.14038,147.375207,75,2,1,1,1,0,0,0,2,2,7,60,0,5929,5929,1,16,5,2,0,1,1,0
1358834,1,2024,2024,0,6,8,7,27,148,34609,0,1,10,-36.033966,146.949869,0,2,1,1,3,0,0,0,3,0,0,60,0,5929,5929,1,5,5,2,0,0,0,1
1358835,4,2024,2024,0,1,3,171,31,31,34609,0,1,1,-33.871998,151.032852,21,0,2,1,1,0,0,0,2,0,9,50,0,1220,1220,9,5,28,2,0,1,0,0
1358836,2,2024,2024,0,3,8,7,31,218,34609,0,1,1,-33.772759,150.779195,55,0,2,1,1,0,0,0,2,0,7,50,0,9859,9859,1,0,5,2,0,0,1,0
1358837,2,2024,2024,0,1,7,24,27,115,52,0,1,1,-33.912526,151.17206,32,0,2,1,1,0,0,0,2,0,7,50,1,387,387,1,22,0,2,0,0,1,0
1358839,2,2024,2024,8,4,6,45,27,134,40,0,1,1,-33.679235,150.861884,7,0,2,1,3,0,0,0,2,0,7,50,2,387,387,1,5,0,2,0,0,1,0
1358840,2,2024,2024,0,2,3,916,17,25,917,0,1,1,-30.87276,151.167612,70,1,0,0,0,0,0,0,2,0,7,100,2,4552,5151,8,5,40,1,0,0,1,0
1358841,4,2024,2024,0,3,5,3371,17,207,3342,0,1,1,-33.546548,151.197372,31,0,2,0,0,0,0,0,2,0,7,80,2,2585,4009,8,16,40,1,0,1,0,0
1358843,4,2024,2024,0,4,4,112,17,4,112,0,1,1,-31.556616,146.496624,51,1,0,1,0,0,0,0,2,0,7,110,2,945,945,5,5,40,1,0,1,0,0
1358846,2,2024,2024,0,2,10,168,10,100,260,0,1,10,-33.95427,151.159075,4,0,2,1,2,0,0,0,0,0,7,60,2,1383,1383,1,5,5,2,0,0,2,0
1358847,4,2024,2024,0,6,6,7,27,8,34609,0,1,1,-34.201532,148.189003,30,1,0,0,0,0,0,0,2,0,7,100,0,4552,5151,8,5,40,1,0,1,1,0
1358848,1,2024,2024,0,1,7,1,31,49,45,0,1,1,-34.436785,148.718855,30,2,1,1,0,0,0,3,2,0,7,50,1,9859,9859,8,5,40,1,0,0,0,1
1358850,4,2024,2024,0,0,5,2261,17,284,2252,0,1,2,-33.907197,151.021368,15,0,2,1,1,0,0,0,2,0,7,60,2,1981,1981,4,5,20,2,0,1,0,0
1358852,4,2024,2024,8,0,9,222,27,38,34609,0,1,1,-32.72098,151.866853,57,2,1,1,2,0,3,4,0,0,7,50,0,1945,1945,5,17,40,1,0,1,0,0
1358854,4,2024,2024,8,6,1,512,17,43,441,0,1,1,-32.545799,148.941695,22,2,1,1,2,0,3,0,0,0,7,50,2,4026,4026,8,0,40,1,0,2,0,0
1358855,4,2024,2024,8,5,6,17,31,33,34609,0,1,1,-34.74611,150.827402,35,2,1,1,1,0,0,0,2,0,9,40,0,2040,2040,9,5,28,2,0,1,0,0
1358858,2,2024,2024,8,2,5,2209,17,6,2205,0,1,1,-35.824869,150.12818,23,1,0,1,0,0,0,0,2,0,7,100,2,3775,3775,0,0,5,2,0,0,2,0
1358860,4,2024,2024,0,0,7,10,27,18,174,0,1,9,-32.989735,151.521761,37,0,2,1,0,0,3,4,2,0,15,80,2,926,926,4,10,5,2,0,1,0,0
1358863,1,2024,2024,0,1,8,143,31,252,19,0,1,1,-33.877887,151.213427,69,0,2,1,0,0,0,0,2,0,7,40,1,1282,1282,1,5,27,2,0,0,0,1
1358865,2,2024,2024,8,5,10,334,17,84,308,0,1,10,-31.092101,150.9228,70,2,1,1,2,0,0,0,0,2,7,60,2,6545,6545,4,5,13,2,0,0,1,0
1358867,4,2024,2024,8,3,11,387,27,204,331,1,0,10,-33.939186,151.14564,4,0,2,1,2,0,0,0,0,2,7,60,2,1220,1220,9,30,28,2,0,1,1,0
1358872,2,2024,2024,8,4,4,76,27,85,148,0,1,1,-32.933847,151.723196,48,0,2,1,0,0,0,3,2,0,7,60,1,1981,1981,4,0,27,2,0,0,1,0
1358873,1,2024,2024,8,4,11,204,31,169,99,0,1,9,-33.900239,151.210311,69,0,2,1,2,0,0,0,0,2,9,50,2,1220,1220,9,0,28,2,0,0,0,1
1358874,4,2024,2024,0,3,6,149,27,38,198,0,1,1,-34.040416,150.959374,68,0,2,0,1,0,0,0,2,0,7,90,2,1383,1383,1,16,0,2,0,1,0,0
1358875,4,2024,2024,6,3,8,3,27,13,34609,0,1,1,-30.114406,152.932411,18,1,0,0,0,2,3,4,0,0,7,100,0,4552,5151,8,5,40,1,0,1,0,0
1358877,2,2024,2024,8,3,2,2126,17,93,2149,0,1,7,-33.419425,149.614989,3,2,1,1,0,0,1,1,0,0,7,60,2,4026,4026,8,5,40,1,0,0,1,0
1358879,1,2024,2024,8,4,4,93,1,161,34609,0,1,7,-33.720627,151.16224,36,0,2,1,0,0,3,0,2,0,0,50,0,6545,6545,4,0,12,2,0,0,0,1
1358881,1,2024,2024,6,2,8,19,27,120,34609,1,0,1,-33.765087,150.869458,7,0,2,1,1,0,0,0,3,0,7,50,0,2040,2040,9,33,28,2,0,0,0,1
1358882,2,2024,2024,8,6,10,191,27,370,68,0,1,7,-34.054105,150.82159,13,0,2,1,2,0,0,0,0,0,0,60,1,2852,2852,4,0,5,2,0,0,2,0
1358884,2,2024,2024,6,1,6,103,27,14,98,0,1,1,-33.415151,150.797461,29,2,2,0,0,0,0,0,2,0,7,80,2,2585,4009,8,16,40,1,0,0,1,0
1358885,1,2024,2024,8,5,8,59,10,89,34609,0,1,0,-33.903533,151.236658,59,0,2,1,0,0,3,2,3,0,7,30,0,1945,1945,5,22,40,1,0,0,0,1
1358886,4,2024,2024,6,2,5,8,31,7,34609,1,0,10,-33.42716,149.649505,3,2,1,1,0,0,3,3,2,0,0,50,0,6545,6545,4,34,5,2,0,1,0,0
1358888,4,2024,2024,6,6,5,515,14,294,518,0,1,3,-33.939192,150.92107,41,0,2,1,0,0,0,0,2,0,7,100,2,14295,14295,3,0,5,2,0,1,0,0
1358889,1,2024,2024,6,2,11,2,31,72,34609,0,1,1,-33.853499,151.088483,14,0,2,1,2,0,0,0,0,0,7,50,0,220,220,8,5,40,1,0,0,0,1
1358891,2,2024,2024,6,5,3,1,27,3,34609,0,1,1,-33.682885,149.33075,51,1,0,1,0,0,3,1,2,0,7,100,0,4026,4026,8,10,40,1,0,0,1,0
1358892,4,2024,2024,8,5,8,6,27,316,34609,0,1,1,-33.924183,151.244839,59,0,2,1,1,0,0,0,2,0,7,50,0,9859,9859,1,17,5,3,0,1,0,0
1358900,2,2024,2024,6,5,10,2261,17,523,2252,0,1,10,-33.919475,150.919506,41,0,2,1,2,0,0,0,0,2,7,60,2,14295,14295,3,3,0,2,0,0,2,1
1358902,4,2024,2024,8,3,11,26,31,162,34609,0,1,1,-33.844922,150.92113,24,0,2,1,0,0,0,0,0,0,7,50,0,1282,1282,1,29,12,2,0,1,1,0
1358904,2,2024,2024,8,3,6,2,27,7,2,0,1,1,-30.049706,145.939677,51,1,0,0,0,0,0,0,2,0,7,110,1,2585,4009,8,5,40,1,0,0,1,0
1358905,1,2024,2024,8,1,1,3371,17,21,3342,0,1,2,-31.989915,152.469901,43,1,0,0,0,0,0,0,0,0,7,110,2,380,714,5,29,40,1,0,0,0,1
1358906,2,2024,2024,6,5,5,55,27,137,96,0,1,9,-32.956704,151.686671,37,0,2,0,1,0,0,0,2,2,7,60,2,775,775,4,0,0,2,0,0,1,0
1358908,2,2024,2024,6,5,8,8,27,119,34609,0,1,9,-33.87369,151.155952,32,0,2,1,2,0,0,0,0,0,0,50,0,5929,5929,1,0,27,2,0,0,1,0
1358909,4,2024,2024,6,2,6,103,27,149,167,0,1,2,-33.992566,151.131953,4,0,2,1,2,0,3,4,2,0,7,70,2,14295,14295,3,10,5,3,0,1,0,0
1358912,2,2024,2024,6,1,10,2,10,168,34609,0,1,10,-33.694379,150.810465,7,0,2,1,2,0,0,0,0,0,0,50,0,2852,2852,4,5,5,2,0,0,3,1
1358915,1,2024,2024,6,6,5,3,31,246,18,0,1,9,-33.902844,151.195861,69,0,2,1,3,0,0,0,2,2,7,50,2,14295,14295,3,10,0,2,0,0,0,1
1358918,2,2024,2024,5,0,0,71,27,18,34609,0,1,1,-35.68307,150.185817,23,2,1,1,0,0,3,4,0,0,7,60,0,9859,9859,8,30,40,1,0,0,1,0
1358919,2,2024,2024,6,6,6,346,17,103,332,0,1,9,-28.807964,153.359725,39,2,1,1,0,0,0,0,2,0,0,80,2,2852,2852,4,0,0,2,0,0,1,0
1358920,2,2024,2024,6,2,8,2261,17,75,2252,0,1,9,-33.886484,151.110305,9,0,2,1,0,0,0,0,2,0,7,60,2,2852,2852,4,10,5,2,0,0,1,0
1358924,2,2024,2024,6,5,8,89,27,2,228,0,1,9,-32.889134,151.188616,17,2,1,1,0,0,0,0,3,0,7,80,1,3775,3775,0,0,13,2,0,0,1,1
1358925,2,2024,2024,6,3,7,3,27,10,34609,0,1,1,-34.389032,145.978272,28,1,0,1,0,0,0,0,2,0,7,100,0,4026,4026,8,0,40,1,0,0,1,0
1358931,4,2024,2024,5,4,8,232,36,39,331,0,1,2,-34.027914,150.754871,12,0,2,1,2,0,3,4,0,0,7,80,2,14295,14295,3,0,5,3,0,2,1,1
1358932,2,2024,2024,5,2,9,4,18,57,34609,0,1,10,-28.63194,153.52245,10,2,1,0,0,0,0,0,0,0,15,80,0,6545,6545,4,5,5,2,0,0,2,0