Crash ID,Degree of crash - detailed,Reporting year,Year of crash,Month of crash,Day of week of crash,Two-hour intervals,Street of crash,Street type,Town,Route no.,School zone location,School zone active,Type of location,Latitude,Longitude,LGA,Urbanisation,Conurbation 1,Alignment,Street lighting,Road surface,Surface condition,Weather,Natural lighting,Signals operation,Other traffic control,Speed limit,Road classification,RUM - code,DCA - code,First impact type,Key TU type,Other TU type,No. of traffic units involved,No. killed,No. seriously injured,No. moderately injured,No. minor-other injured
1358933,2,2024,2024,6,6,8,1,7,84,34609,0,1,1,-33.468613,151.38315,16,2,2,1,2,0,0,0,0,0,7,50,0,1282,1282,1,5,40,2,0,0,1,0
1358935,4,2024,2024,6,5,0,2,27,5,34609,0,1,1,-28.65402,153.388639,39,2,1,1,0,0,0,1,0,0,7,80,0,9859,9859,8,10,40,1,0,1,0,0
1358937,4,2024,2024,6,6,8,98,31,115,34609,1,0,7,-33.881825,151.194705,69,0,2,1,2,0,0,0,3,0,0,40,0,6545,6545,4,0,27,2,0,1,0,0
1358940,1,2024,2024,5,5,7,204,27,246,8,0,1,9,-33.910918,151.194999,69,0,2,1,3,0,0,0,2,3,7,50,1,14295,14295,3,8,0,2,0,0,0,1
1358941,4,2024,2024,6,6,9,28,31,24,34609,0,1,9,-32.005409,151.962198,43,2,1,1,2,0,3,4,0,0,7,50,0,1220,1220,9,0,28,2,0,1,0,0
1358942,1,2024,2024,5,4,8,145,27,201,34609,0,1,10,-34.872355,150.601038,63,2,1,1,2,0,0,0,3,2,9,50,0,1220,1220,9,0,28,2,0,0,0,1
1358948,4,2024,2024,6,3,9,293,25,71,34609,0,1,1,-33.971208,151.078928,25,0,2,1,2,0,0,0,3,0,7,50,0,1945,1945,5,16,40,1,0,1,0,0
1358954,1,2024,2024,5,4,4,16,2,168,34609,0,1,10,-33.696176,150.806665,7,0,2,1,1,0,3,0,2,0,0,50,0,28,28,1,0,27,2,0,0,0,1
1358957,2,2024,2024,6,4,5,72,31,176,62,0,1,1,-33.957619,151.146807,4,0,2,1,1,0,0,0,2,0,7,60,1,2040,2040,9,10,28,2,0,0,1,0
1358958,1,2024,2024,5,0,9,195,27,162,34609,0,1,9,-33.837483,150.881453,24,0,2,1,3,0,0,0,0,0,15,50,0,14295,14295,3,5,5,2,0,0,0,1
1358959,2,2024,2024,8,6,8,14,1,169,99,0,1,10,-33.900901,151.215126,69,0,2,1,3,0,0,0,2,2,7,50,2,14295,14295,3,10,13,2,0,0,1,0
1358961,2,2024,2024,5,6,10,9,31,137,13,0,1,1,-33.925419,151.206487,4,0,2,1,3,0,3,4,0,0,7,50,1,941,941,1,16,5,2,0,0,1,0
1358962,2,2024,2024,5,4,6,56,27,173,34609,0,1,2,-33.779151,151.12051,61,0,2,1,0,0,0,0,2,0,9,50,0,238,238,9,0,28,2,0,0,1,0
1358963,2,2024,2024,5,4,9,108,31,363,34609,0,1,1,-33.752869,150.695079,55,0,2,1,3,0,0,6,3,0,7,40,0,2040,2040,9,19,28,2,0,0,1,0
1358965,2,2024,2024,6,4,5,107,22,136,34609,0,1,7,-33.920501,151.075794,15,0,2,1,1,0,0,0,2,0,0,50,0,2040,2040,9,5,28,2,0,0,1,0
1358970,4,2024,2024,5,0,7,137,31,65,18,0,1,9,-32.926907,151.772941,48,0,2,1,1,0,0,0,2,2,7,40,2,4026,4026,8,5,40,1,0,1,0,0
1358971,4,2024,2024,5,6,0,1052,27,69,262,0,1,7,-32.905712,151.692269,48,0,2,0,2,0,0,0,0,0,0,40,2,1259,5151,8,0,40,2,0,1,0,0
1358972,2,2024,2024,5,4,4,6,27,7,34609,0,1,1,-36.706323,149.733275,5,1,0,0,0,2,0,0,2,0,7,100,0,3775,3775,0,9,13,2,0,0,1,0
1358973,4,2024,2024,5,6,4,27,36,38,34609,0,1,1,-30.239124,153.146819,19,2,1,1,2,0,0,0,2,0,0,80,0,1981,1981,4,5,13,2,0,1,0,0
1358974,2,2024,2024,5,6,3,2209,17,29,2205,0,1,9,-35.315087,150.434524,63,2,1,1,1,0,0,0,2,0,15,50,2,5929,5929,1,0,0,2,0,0,1,0
1358977,1,2024,2024,5,4,4,3,31,96,34609,0,1,7,-35.352494,149.230797,58,2,1,1,1,0,0,0,2,0,0,50,0,83,83,1,22,0,2,0,0,0,1
1358981,2,2024,2024,5,2,8,8,27,63,34609,0,1,1,-28.19169,153.482183,72,2,1,0,0,0,0,0,2,0,7,80,0,3775,3775,0,16,0,2,0,0,1,0
1358984,4,2024,2024,5,5,3,195,27,85,186,0,1,2,-33.900705,150.855515,41,0,2,1,1,0,0,0,2,0,7,70,2,14295,14295,3,5,10,3,0,2,1,0
1358985,1,2024,2024,5,6,8,26,31,137,34609,0,1,7,-33.914385,151.20286,69,0,2,1,3,0,0,0,0,0,0,40,0,2040,2040,9,0,28,2,0,0,0,1
1358988,4,2024,2024,5,5,5,3,27,125,34609,0,1,1,-33.818905,151.127021,61,0,2,0,1,0,0,0,2,0,7,50,0,3775,3775,0,5,0,2,0,1,3,0
1358989,1,2024,2024,5,3,6,19,31,111,34609,0,1,7,-33.925835,151.250818,59,0,2,1,0,0,0,0,2,0,0,50,0,6545,6545,4,9,27,2,0,0,0,1
1358990,2,2024,2024,6,3,11,33,27,3,260,0,1,1,-33.061473,151.550484,37,0,2,0,0,0,3,4,0,0,7,90,2,1850,1463,5,16,40,1,0,0,1,0
1358991,1,2024,2024,5,2,7,104,27,387,140,0,1,10,-33.9203,151.187784,4,0,2,1,3,0,0,3,2,2,7,60,2,1192,1192,1,15,5,2,0,0,0,1
1358992,2,2024,2024,5,6,5,73,31,532,34609,0,1,10,-33.870953,151.204856,69,0,2,1,2,0,0,0,2,2,7,40,0,2040,2040,9,9,28,2,0,0,1,0
1358993,1,2024,2024,5,6,7,4,1,84,34609,0,1,9,-33.468152,151.378445,16,2,2,1,0,0,0,0,2,0,7,50,0,4552,985,1,5,13,3,0,0,0,1
1358997,4,2024,2024,5,6,5,829,31,182,34609,0,1,1,-32.831648,151.361569,17,2,1,1,0,0,0,0,2,0,7,50,0,9859,9859,8,16,40,1,0,1,0,0
1358998,4,2024,2024,5,4,8,4,27,49,34609,0,1,1,-34.047351,151.144738,68,0,2,1,0,0,0,0,2,0,7,50,0,368,368,9,0,28,2,0,1,0,0
1359000,4,2024,2024,6,0,10,829,27,125,770,0,1,2,-33.837875,151.132875,51,0,2,0,2,0,3,4,0,0,7,70,2,4552,5151,8,5,40,1,0,1,0,0
1359003,1,2024,2024,5,6,8,6,1,24,34609,0,1,1,-33.911605,150.889904,41,0,2,0,0,0,0,0,2,0,7,50,0,121,121,9,0,28,2,0,0,0,1
1359008,4,2024,2024,5,6,6,3371,17,207,3342,0,1,1,-33.54876,151.196967,31,0,2,0,0,0,0,0,2,0,7,70,2,404,404,8,16,40,1,0,1,0,0
1359009,4,2024,2024,5,1,9,280,10,127,240,0,1,9,-33.841833,150.855223,24,0,2,1,2,0,0,0,0,2,7,70,2,2852,2852,4,9,13,3,0,1,2,0
1359015,2,2024,2024,1,6,4,916,17,66,917,0,1,9,-32.811052,151.669295,48,0,2,1,3,0,0,0,2,0,0,80,2,1282,1282,1,0,5,2,0,0,1,0
1359016,1,2024,2024,5,5,8,1104,14,323,962,0,1,3,-33.791658,150.829204,7,0,2,0,1,0,0,0,0,0,7,110,2,14295,14295,3,10,0,2,0,0,0,1
1359019,1,2024,2024,5,5,6,515,14,109,518,0,1,3,-33.960819,150.875728,41,0,2,1,3,0,3,0,2,0,7,100,2,1383,1383,1,3,5,2,0,0,0,1
1359024,1,2024,2024,1,2,4,40,27,94,40,0,1,1,-33.883889,150.92574,24,0,2,1,3,0,0,0,2,0,9,40,1,14295,14295,3,5,5,2,0,0,0,1
1359026,1,2024,2024,5,5,7,866,17,77,793,0,1,9,-33.730284,151.082401,31,0,2,1,3,0,0,0,2,0,7,70,2,2852,2852,4,5,0,2,0,0,0,2
1359027,2,2024,2024,1,4,8,11,31,64,46,0,1,9,-33.482758,150.152782,40,2,1,1,3,0,0,0,2,2,7,50,2,515,515,1,5,10,2,0,0,1,0
1359029,1,2024,2024,5,6,8,1104,14,323,962,0,1,3,-33.796425,150.848037,7,0,2,1,3,0,0,0,2,0,7,100,2,14295,14295,3,8,5,2,0,0,0,1
1359031,1,2024,2024,6,0,6,41,31,77,34609,0,1,10,-32.937442,151.737705,48,0,2,1,3,0,3,4,2,0,0,50,0,6545,6545,4,5,0,2,0,0,0,1
1359035,1,2024,2024,1,1,8,6,1,646,118,1,0,9,-33.92079,151.031419,15,0,2,1,3,0,0,0,2,2,7,60,1,217,217,1,5,5,2,0,0,0,1
1359036,2,2024,2024,1,0,7,37,31,523,198,0,1,10,-33.926237,150.922773,41,0,2,1,3,0,0,0,2,2,7,60,2,217,217,1,0,5,2,0,0,1,0
1359038,1,2024,2024,5,0,7,12,27,30,34609,0,1,2,-34.047038,150.762306,12,0,2,0,3,0,0,0,2,0,7,60,0,14295,14295,3,0,5,2,0,0,0,1
1359041,1,2024,2024,5,1,8,37,27,58,34609,0,1,9,-33.225401,151.41702,16,2,2,1,3,0,0,0,3,0,0,80,0,623,623,3,0,5,2,0,0,0,1
1359042,1,2024,2024,5,4,7,30,31,149,34609,0,1,7,-33.860806,151.169692,32,0,2,1,3,0,0,0,2,0,0,40,0,14295,14295,3,10,5,2,0,0,0,1
1359048,2,2024,2024,5,0,3,71,31,283,125,0,1,9,-33.8445,151.013206,21,0,2,1,3,0,0,0,1,0,0,60,1,6545,6545,4,5,5,2,0,0,1,0
1359049,1,2024,2024,1,0,1,14,27,11,34609,0,1,1,-34.538329,150.765016,80,0,2,0,3,0,0,0,0,0,7,80,0,217,217,1,0,0,2,0,0,0,1
1359052,2,2024,2024,5,1,9,220,27,46,222,0,1,2,-33.786621,150.973149,54,0,2,1,3,0,0,0,3,0,7,80,2,14295,14295,3,5,5,2,0,0,1,0
1359054,4,2024,2024,3,0,10,36,36,14,139,0,1,9,-34.503024,146.18847,51,1,0,0,2,0,0,0,3,0,0,100,2,1089,1089,7,0,40,1,0,1,0,0
1359057,4,2024,2024,5,1,5,95,31,463,32,0,1,2,-30.280476,153.131662,19,2,1,0,3,0,0,0,2,0,7,50,1,4552,5151,8,5,40,1,0,1,0,0
1359060,1,2024,2024,1,0,7,5,32,197,17,1,0,1,-33.948778,151.080649,25,0,2,1,3,0,0,0,2,0,7,50,1,248,248,1,21,0,2,0,0,0,1
1359061,1,2024,2024,5,3,10,19,27,284,61,0,1,9,-33.902455,151.021452,15,0,2,1,3,0,0,0,3,0,15,60,1,1282,1282,1,5,0,2,0,0,0,1
1359062,2,2024,2024,6,2,7,251,27,29,212,0,1,9,-33.755665,151.275662,50,0,2,1,3,0,3,4,2,0,15,60,2,5929,5929,1,5,5,2,0,0,1,0
1359064,1,2024,2024,1,1,7,47,31,253,34609,1,0,10,-33.967079,151.110639,25,0,2,0,3,0,0,0,2,2,7,60,0,5929,5929,1,5,5,2,0,0,0,1
1359068,1,2024,2024,5,4,6,38,31,49,34609,0,1,1,-33.943645,151.214265,4,0,2,1,3,0,0,0,2,0,7,40,0,1282,1282,1,9,19,2,0,0,0,1
1359071,4,2024,2024,1,0,0,481,17,562,483,0,1,1,-32.261816,148.585601,22,2,1,1,3,0,0,6,0,0,7,80,2,4026,4026,8,10,40,1,0,1,0,0
1359072,2,2024,2024,1,1,8,18,31,40,34609,0,1,10,-34.221,150.585419,79,2,2,1,3,0,0,0,3,0,15,50,0,6545,6545,4,5,0,2,0,0,1,0
1359074,1,2024,2024,1,6,8,70,27,78,100,0,1,1,-33.691069,150.580292,8,2,2,0,3,0,0,0,2,0,7,60,2,3775,3775,0,5,13,2,0,0,0,1
1359078,4,2024,2024,1,4,6,117,1,115,121,0,1,2,-34.035122,151.066449,68,0,2,1,3,0,0,0,2,0,7,60,1,14295,14295,3,0,0,3,0,1,1,0
1359079,4,2024,2024,5,4,4,8,31,75,34609,0,1,1,-33.883101,151.116881,32,0,2,1,3,0,0,0,2,0,9,50,0,2040,2040,9,30,28,2,0,1,0,0
1359080,1,2024,2024,1,5,6,3,33,23,34609,0,1,1,-32.987312,151.059752,17,1,0,0,3,2,0,0,2,0,7,100,0,3775,3775,0,16,19,2,0,0,0,1
1359082,2,2024,2024,0,6,9,42,27,74,34609,0,1,1,-33.768525,150.687891,55,0,2,1,2,0,0,0,0,0,7,50,0,14295,14295,3,0,5,3,0,0,1,0
1359083,1,2024,2024,6,0,6,3,27,271,34609,0,1,9,-33.951824,151.026224,15,0,2,1,3,0,0,0,2,0,0,50,0,775,775,4,8,12,2,0,0,0,1
1359084,1,2024,2024,5,6,10,34,31,47,34609,0,1,1,-33.778904,151.284497,50,0,2,1,3,0,3,4,0,0,7,40,0,1109,787,1,0,18,2,0,0,0,1
1359086,1,2024,2024,6,2,9,14,27,157,14,0,1,1,-33.799177,151.00966,54,0,2,1,3,0,0,0,0,0,7,60,1,14295,14295,3,5,5,2,0,0,0,1
1359090,1,2024,2024,1,0,8,2261,17,243,2252,0,1,2,-33.956836,150.890835,41,0,2,1,3,0,0,0,0,0,7,70,2,14295,14295,3,0,5,2,0,0,0,1
1359098,1,2024,2024,6,4,11,119,31,73,207,0,1,10,-33.874394,151.217212,69,0,2,1,3,0,3,4,0,2,7,50,2,5929,5929,1,5,5,2,0,0,0,1
1359102,4,2024,2024,5,5,9,63,31,24,34609,0,1,10,-33.663964,150.873757,7,0,2,1,3,0,0,0,0,0,0,60,0,6545,6545,4,10,0,2,0,1,0,1
1359104,1,2024,2024,5,2,5,283,27,197,702,1,0,10,-33.952614,151.083519,25,0,2,1,1,0,0,0,2,2,7,60,2,14295,14295,3,0,5,2,0,0,0,1
1359105,1,2024,2024,5,6,4,7,27,73,34609,0,1,10,-33.889963,151.165124,32,0,2,1,3,0,0,0,2,0,15,50,0,6545,6545,4,0,5,3,0,0,0,2
1359108,1,2024,2024,1,2,8,3371,17,49,3342,0,1,9,-33.205781,151.516385,16,2,2,1,3,0,0,0,2,2,7,80,2,14295,14295,3,0,0,2,0,0,0,1
1359114,1,2024,2024,8,5,3,866,17,44,793,0,1,9,-33.794385,150.983214,54,0,2,1,3,0,3,4,0,2,7,70,2,14295,14295,3,5,13,2,0,0,0,1
1359124,1,2024,2024,5,6,7,3,23,50,34609,0,1,2,-33.513529,151.337169,16,2,2,1,3,0,0,0,2,0,7,50,0,14295,14295,3,0,5,2,0,0,0,1
1359126,2,2024,2024,5,1,0,97,27,166,799,0,1,10,-33.929664,150.980263,15,0,2,0,3,0,0,0,0,2,7,70,2,14295,14295,3,0,13,2,0,0,1,0
1359129,4,2024,2024,5,4,7,8,27,210,34609,0,1,9,-34.037764,151.106826,68,0,2,1,3,0,0,0,2,0,7,50,0,1282,1282,1,5,0,3,0,1,0,0
1359130,1,2024,2024,1,2,5,17,31,80,61,0,1,1,-33.817601,151.156449,38,0,2,1,3,0,0,0,2,0,7,50,1,186,186,1,0,36,2,0,0,0,1
1359132,1,2024,2024,1,0,4,109,27,38,169,0,1,1,-32.81481,151.45828,17,2,1,1,3,0,3,3,2,0,7,60,2,14295,14295,3,0,5,3,0,0,0,1
1359139,1,2024,2024,1,0,7,15,27,188,140,0,1,1,-33.935343,151.086165,15,0,2,1,3,0,0,3,2,0,7,50,1,14295,14295,3,9,5,3,0,0,0,1
1359143,2,2024,2024,5,0,9,78,31,228,34609,0,1,10,-34.75288,149.719845,26,2,1,1,3,0,0,0,3,2,7,50,0,6545,6545,4,5,5,2,0,0,1,0
1359144,1,2024,2024,1,3,6,829,31,60,34609,0,1,1,-33.757672,150.755049,55,0,2,1,3,0,0,0,2,0,7,50,0,1981,1981,4,5,5,2,0,0,0,1
1359145,1,2024,2024,1,0,8,220,27,251,222,0,1,10,-33.75851,150.955337,7,0,2,1,3,0,0,0,3,2,7,80,2,14295,14295,3,30,0,2,0,0,0,1
1359150,1,2024,2024,1,4,8,4,27,3,34609,0,1,1,-34.128742,150.812883,13,0,2,1,3,0,0,0,3,0,7,70,0,9859,9859,8,5,40,1,0,0,0,1
1359152,4,2024,2024,8,4,0,153,27,290,147,0,1,1,-33.949565,151.119359,4,0,2,1,2,0,3,4,0,0,7,60,2,3775,3775,0,30,5,2,0,1,0,0
1359154,4,2024,2024,6,0,5,2,1,92,34609,0,1,1,-33.981817,150.820437,13,0,2,1,1,0,0,0,2,0,7,50,0,1850,1463,5,16,40,1,0,1,0,0
1359155,1,2024,2024,5,2,1,255,31,74,34609,0,1,2,-34.049983,150.758864,12,0,2,0,3,0,0,0,0,0,7,50,0,1282,1282,1,10,0,2,0,0,0,1
1359156,2,2024,2024,5,5,4,13,1,137,34609,0,1,7,-33.920988,151.207018,69,0,2,1,0,0,0,0,2,0,0,40,0,6545,6545,4,5,27,2,0,0,1,0
1359158,4,2024,2024,5,6,6,2126,17,12,2149,0,1,1,-33.684906,150.287471,8,2,2,0,1,0,3,4,2,0,7,60,2,4552,5151,8,5,40,1,0,1,0,0
1359159,4,2024,2024,5,4,11,44,27,23,126,0,1,1,-32.766932,151.819313,57,2,1,1,0,0,0,0,0,0,7,80,2,1945,1945,5,0,40,1,0,1,0,0
1359162,4,2024,2024,5,4,4,23,10,370,34609,0,1,1,-34.066458,150.788629,13,0,2,0,1,0,0,0,2,0,7,50,0,3775,3775,0,0,5,2,0,1,0,0
1359165,4,2024,2024,5,0,4,13,31,14,34609,0,1,10,-33.725739,151.126588,36,0,2,1,1,0,0,0,2,0,15,50,0,6545,6545,4,0,5,2,0,1,0,0
1359166,2,2024,2024,6,3,11,98,27,251,136,0,1,10,-33.779777,150.920462,7,0,2,1,2,0,0,0,0,2,7,60,2,6545,6545,4,0,0,2,0,0,1,0
1359167,4,2024,2024,7,2,5,8,27,40,34609,0,1,1,-34.018572,151.116639,68,0,2,0,3,0,2,6,2,0,7,50,0,3775,3775,0,5,0,2,0,1,0,0
1359170,1,2024,2024,5,4,9,67,27,225,68,0,1,9,-33.805537,151.178203,77,0,2,1,2,0,0,0,0,0,7,50,1,2852,2852,4,0,19,2,0,0,0,1
1359172,4,2024,2024,1,5,8,2126,17,106,2149,0,1,10,-33.887321,151.174418,32,0,2,1,2,0,0,0,3,0,7,60,2,2040,2040,9,0,26,2,0,1,0,0
1359176,4,2024,2024,5,6,8,2209,17,35,2205,0,1,9,-34.052817,151.048495,68,0,2,0,0,0,0,0,3,2,7,80,2,14295,14295,3,0,5,2,0,1,0,1
1359177,2,2024,2024,6,4,5,2,31,169,34609,0,1,1,-33.601221,150.753832,29,2,2,1,1,0,0,0,2,0,7,50,0,623,623,3,9,13,2,0,0,1,0
1359182,2,2024,2024,6,4,9,293,31,128,369,0,1,10,-33.622644,150.803471,29,2,2,1,2,0,0,0,0,2,7,60,2,5929,5929,1,5,41,3,0,0,1,0
1359185,2,2024,2024,1,1,11,10,31,84,16,0,1,1,-31.096802,150.924839,70,2,1,0,2,0,3,4,0,0,7,60,1,4552,5151,8,30,40,1,0,0,1,0
1359187,2,2024,2024,1,4,11,213,17,113,213,0,1,1,-29.461061,149.811447,51,2,1,0,2,0,0,0,0,0,7,50,2,4552,5151,8,0,40,1,0,0,1,0
1359188,1,2024,2024,1,3,4,11,27,4,30,0,1,1,-28.262564,153.369508,72,1,0,0,3,0,2,6,2,0,7,100,1,4552,5151,8,16,40,1,0,0,0,1
1359193,4,2024,2024,1,5,6,82,27,134,181,0,1,1,-33.892776,151.255474,76,0,2,0,1,0,0,0,2,0,7,50,2,1850,1463,5,15,40,1,0,1,0,0
1359195,4,2024,2024,5,1,7,74,27,609,163,0,1,9,-33.776935,150.904012,7,0,2,1,1,0,0,0,2,0,0,60,2,591,591,1,22,0,2,0,1,0,0
1359196,4,2024,2023,2,2,0,4,27,207,34609,0,1,4,-31.975587,141.423351,51,2,1,0,0,0,0,0,0,0,7,60,0,1089,1089,7,16,40,1,0,1,0,0
1359197,2,2024,2024,5,6,3,83,31,523,34609,0,1,10,-33.917547,150.922202,41,0,2,1,2,0,0,0,1,2,9,50,0,2040,2040,9,5,28,2,0,0,1,0
1359202,4,2024,2024,5,3,11,293,27,14,172,0,1,9,-32.963716,151.653423,37,0,2,1,2,0,0,0,0,0,7,70,2,5929,5929,1,5,19,2,0,1,0,0
1359206,2,2024,2024,6,5,4,3,31,204,34609,1,0,1,-33.896192,150.923181,24,0,2,1,0,0,0,0,2,0,9,50,0,1220,1220,9,5,28,2,0,0,1,0
1359207,1,2024,2024,1,3,3,296,27,460,293,0,1,1,-33.840676,150.999056,21,0,2,1,2,0,0,0,1,0,7,70,2,945,945,5,5,40,1,0,0,0,1
1359209,2,2024,2024,5,1,1,24,31,91,34609,0,1,10,-32.976856,151.659325,37,0,2,1,2,0,0,0,0,0,7,50,0,9859,9859,8,5,40,2,0,0,1,0
1359210,2,2024,2024,6,2,8,61,10,87,34609,0,1,1,-33.043384,151.46821,37,0,2,0,0,0,3,4,3,0,7,90,0,4552,5151,8,5,40,1,0,0,2,0
1359211,1,2024,2024,1,4,8,171,1,65,22,0,1,9,-33.803518,150.962347,54,0,2,1,0,0,0,0,2,0,0,60,1,14295,14295,3,21,0,2,0,0,0,1
1359225,2,2024,2024,0,4,4,3371,17,58,3342,0,1,7,-32.78122,151.738975,57,2,1,0,0,0,0,0,2,0,0,70,2,1192,1192,1,10,19,2,0,0,1,0
1359226,4,2024,2024,5,3,3,12,27,137,34609,0,1,7,-33.918162,151.203969,69,0,2,1,1,0,0,0,2,0,0,40,0,6545,6545,4,5,19,2,0,1,0,0
1359231,2,2024,2024,1,5,4,16,31,70,34609,0,1,10,-32.89916,151.725074,48,0,2,1,1,0,0,0,2,0,0,50,0,9859,9859,1,0,36,2,0,0,1,0
1359232,2,2024,2024,1,3,5,3,31,201,34609,0,1,1,-34.872147,150.606353,63,2,1,1,1,0,0,0,2,0,7,50,0,591,591,1,22,5,2,0,0,1,0
1359234,2,2024,2024,1,2,8,9,31,48,34609,0,1,7,-28.255094,153.574904,72,2,1,1,2,0,0,0,3,0,0,50,0,1109,397,1,22,0,2,0,0,1,0
1359235,4,2024,2024,1,3,1,4,27,182,34609,0,1,1,-32.85684,151.356158,17,2,1,0,0,0,0,0,0,0,7,80,0,1957,4009,8,10,40,1,0,1,0,0
1359238,1,2024,2024,5,2,9,126,27,23,168,0,1,2,-34.060305,150.782226,13,0,2,1,2,0,0,0,0,0,7,80,2,14295,14295,3,5,0,3,0,0,0,1
1359240,2,2024,2024,6,5,10,60,27,237,44,0,1,1,-33.87293,150.945688,24,0,2,1,2,0,0,0,0,0,7,60,1,5929,5929,1,10,0,2,0,0,1,0
1359245,2,2024,2024,8,6,9,72,31,204,62,0,1,9,-33.941684,151.150963,4,0,2,1,1,0,0,0,0,0,7,60,1,14295,14295,3,5,0,2,0,0,1,0
1359248,4,2024,2024,6,0,7,255,27,35,166,0,1,1,-33.2683,151.554843,16,2,2,1,0,0,0,0,2,0,7,50,2,14295,14295,3,0,27,2,0,1,0,0
1359250,4,2024,2024,5,0,8,31,24,18,36,0,1,1,-33.745273,151.109139,36,0,2,0,1,0,0,0,2,0,7,60,1,1850,1463,5,16,40,1,0,1,0,0
1359254,2,2024,2024,5,2,1,98,27,128,382,0,1,7,-33.63974,150.784278,29,2,2,1,2,0,0,0,0,0,0,80,2,9859,9859,8,5,40,1,0,0,1,0
1359257,1,2024,2024,6,4,7,17,31,123,145,0,1,10,-33.797665,151.060362,54,0,2,1,2,0,0,0,2,2,7,70,2,14295,14295,3,8,36,2,0,0,0,1
1359259,2,2024,2024,5,2,6,220,27,92,222,0,1,10,-33.725226,150.940405,71,0,2,1,1,0,0,3,2,1,9,80,2,591,591,1,22,5,2,0,0,1,0
1359263,1,2024,2024,5,5,2,55,27,40,38,0,1,10,-33.949811,150.838633,41,0,2,1,2,0,0,0,1,2,7,80,2,14295,14295,3,5,10,2,0,0,0,1
1359273,2,2024,2024,1,4,6,31,31,532,34609,0,1,1,-33.864066,151.21176,69,0,2,1,0,0,0,0,2,0,7,40,0,186,186,9,9,28,2,0,0,1,0
1359281,4,2024,2024,7,2,10,12,1,134,34609,0,1,10,-33.983134,150.805111,12,0,2,1,2,0,0,0,0,0,7,50,0,6545,6545,4,0,5,2,0,1,0,1
1359285,2,2024,2024,5,0,7,220,14,40,220,0,1,3,-34.415765,150.880149,80,0,2,1,1,0,0,0,2,0,7,80,2,4026,4026,8,0,40,2,0,0,1,0
1359288,4,2024,2024,8,3,6,12,31,111,34609,0,1,7,-33.922093,151.251528,59,0,2,1,1,0,0,0,2,0,0,50,0,6545,6545,4,5,5,2,0,1,0,0
1359289,2,2024,2024,6,0,7,137,14,24,70,0,1,3,-32.884385,151.591768,37,0,2,1,0,0,3,0,2,0,7,110,2,14295,14295,3,29,13,3,0,0,1,1
1359293,2,2024,2024,5,0,0,24,31,31,24,0,1,9,-33.430934,151.375035,16,2,2,0,2,0,0,0,0,0,7,60,1,41,41,8,5,40,1,0,0,1,0
1359297,2,2024,2024,1,2,9,2261,17,23,2252,0,1,9,-34.646653,150.119636,78,1,0,1,2,0,0,0,0,0,0,110,2,14295,14295,3,5,0,2,0,0,1,0
1359301,4,2024,2024,8,6,6,387,27,290,331,0,1,1,-33.958134,151.117811,4,0,2,1,1,0,0,0,2,0,7,60,2,9859,9859,1,5,13,2,0,1,0,0
1359302,4,2024,2024,8,4,4,3371,17,139,3342,0,1,2,-33.836273,151.205562,49,0,2,1,1,0,3,0,2,0,7,60,2,14295,14295,3,9,5,3,0,1,0,0
1359305,4,2024,2024,5,5,3,3,27,123,34609,0,1,1,-33.78726,148.673382,51,1,0,1,0,0,3,1,2,0,7,100,0,14295,14295,3,19,10,2,0,1,0,0
1359310,4,2024,2024,0,0,6,10,27,36,40,0,1,10,-33.529011,149.247854,51,2,1,1,1,0,0,0,2,0,0,50,2,9859,9859,8,0,40,1,0,1,0,0
1359316,1,2024,2024,5,3,4,20,27,112,34609,0,1,10,-33.910695,151.206207,69,0,2,1,1,0,0,0,2,2,7,50,0,14295,14295,3,5,0,3,0,0,0,1
1359320,2,2024,2024,5,0,9,2261,17,34,2252,0,1,9,-34.795955,149.6159,26,1,0,1,0,0,0,0,0,0,0,110,2,4026,4026,8,5,40,1,0,0,1,0
1359321,4,2024,2024,5,4,10,2209,17,137,2205,0,1,2,-34.045826,151.052334,68,0,2,1,2,0,0,0,0,0,7,80,2,1282,1282,1,5,5,2,0,1,1,0
1359322,2,2024,2024,0,5,4,2209,17,79,2205,0,1,2,-34.91038,150.603166,63,2,1,1,0,0,0,3,2,0,7,70,2,204,204,1,8,25,2,0,0,3,0
1359328,4,2024,2024,5,0,6,478,17,89,480,0,1,7,-33.392296,151.473457,16,2,2,1,0,0,0,0,2,0,0,60,2,515,515,1,0,27,2,0,1,0,0
1359329,2,2024,2024,1,4,4,126,27,39,168,0,1,9,-34.041613,150.749082,12,0,2,1,0,0,0,0,2,2,7,80,2,5929,5929,1,10,0,2,0,0,1,1
1359330,1,2024,2024,5,0,6,334,17,8,308,0,1,1,-30.99115,150.440815,51,2,1,0,0,0,0,0,2,0,7,70,2,418,714,5,3,40,1,0,0,0,1
1359332,4,2024,2024,1,6,8,117,27,72,144,0,1,1,-33.843197,151.089149,14,0,2,1,1,0,0,0,2,0,7,60,2,2040,2040,9,5,28,2,0,1,0,0
1359334,2,2024,2024,8,1,6,44,27,119,126,0,1,1,-32.757655,151.77988,57,2,1,1,1,0,0,0,2,0,7,70,2,9859,9859,8,21,40,1,0,0,2,0
1359335,4,2024,2024,5,5,0,8,31,92,34609,0,1,9,-33.410943,151.352893,16,2,2,0,2,0,0,0,0,0,0,50,0,2585,4009,8,5,40,1,0,1,0,0
1359338,1,2024,2024,6,4,8,1,13,11,34609,0,1,7,-34.022515,151.108693,68,0,2,1,1,0,0,0,2,0,0,50,0,14295,14295,3,5,25,2,0,0,0,1