Crash ID,Degree of crash - detailed,Reporting year,Year of crash,Month of crash,Day of week of crash,Two-hour intervals,Street of crash,Street type,Town,Route no.,School zone location,School zone active,Type of location,Latitude,Longitude,LGA,Urbanisation,Conurbation 1,Alignment,Street lighting,Road surface,Surface condition,Weather,Natural lighting,Signals operation,Other traffic control,Speed limit,Road classification,RUM - code,DCA - code,First impact type,Key TU type,Other TU type,No. of traffic units involved,No. killed,No. seriously injured,No. moderately injured,No. minor-other injured
1359339,4,2024,2024,5,2,5,9,27,15,34609,0,1,1,-33.077277,151.349205,37,0,2,0,0,2,3,4,2,0,7,100,0,1850,1463,5,16,40,1,0,1,0,0
1359341,4,2024,2024,5,5,8,387,27,290,331,0,1,9,-33.955986,151.118502,4,0,2,1,1,0,0,0,2,0,0,60,2,1669,1669,3,16,13,2,0,1,0,0
1359344,2,2024,2024,6,1,3,12,31,111,34609,0,1,10,-33.921488,151.247494,59,0,2,1,0,0,0,0,2,0,7,50,0,2040,2040,9,5,28,2,0,0,1,0
1359347,4,2024,2024,1,6,9,28,3,29,117,0,1,2,-32.884724,151.696835,48,0,2,1,0,0,0,0,0,0,7,90,2,9859,9859,8,5,40,1,0,1,0,0
1359349,4,2024,2024,6,3,6,2209,17,273,2205,0,1,9,-34.420234,150.892668,80,0,2,1,0,0,0,0,2,0,0,50,2,1669,1669,3,15,13,2,0,1,0,0
1359351,4,2024,2024,5,1,9,916,17,44,917,0,1,1,-32.11962,150.873417,73,1,0,1,1,0,0,0,0,0,7,100,2,14295,14295,3,0,0,2,0,1,1,0
1359352,2,2024,2024,5,0,6,63,31,252,34609,0,1,1,-33.88953,151.213195,69,0,2,1,0,0,3,2,2,0,7,40,0,1220,1220,9,30,28,2,0,0,1,0
1359354,4,2024,2024,5,5,7,222,27,74,70,0,1,9,-33.72914,151.043813,31,0,2,0,1,0,0,0,2,2,7,60,2,926,926,4,5,0,2,0,1,0,1
1359355,4,2024,2024,6,4,8,293,27,103,172,1,0,10,-32.946611,151.657143,37,0,2,1,0,0,0,0,3,0,0,60,2,6545,6545,4,0,19,2,0,1,0,0
1359361,4,2024,2024,5,0,6,3,27,80,34609,0,1,9,-34.579875,146.399224,51,2,1,1,0,0,3,3,2,0,0,80,0,2852,2852,4,5,0,2,0,1,1,1
1359362,4,2024,2024,5,6,3,67,27,157,55,0,1,9,-34.014462,151.104695,68,0,2,0,2,0,0,0,1,0,7,70,2,1220,1220,9,9,28,2,0,1,0,0
1359364,4,2024,2024,5,4,5,7,27,8,34609,0,1,1,-30.728336,150.768789,70,1,0,1,0,0,0,0,2,0,7,100,0,9859,9859,8,10,40,1,0,2,0,0
1359366,4,2024,2024,8,6,5,308,14,164,311,0,1,3,-33.733926,150.879033,7,0,2,1,1,0,0,0,2,0,7,100,2,14295,14295,3,0,27,2,0,1,0,0
1359369,1,2024,2024,1,3,3,25,31,127,30,0,1,9,-33.889112,151.158657,32,0,2,1,2,0,0,0,0,2,0,60,1,1109,397,1,5,19,2,0,0,0,1
1359370,4,2024,2024,1,4,9,35,27,109,96,0,1,9,-33.903879,151.129307,32,0,2,1,2,0,0,0,0,0,0,50,2,5929,5929,1,5,19,2,0,1,0,0
1359371,4,2024,2024,8,0,3,829,27,124,770,1,0,2,-33.8128,151.045296,54,0,2,1,0,0,0,3,1,3,9,70,2,14295,14295,3,9,5,2,0,1,0,0
1359374,4,2024,2024,5,3,6,19,27,25,34609,0,1,1,-32.890856,151.691147,48,0,2,0,1,0,0,0,2,0,7,50,0,1957,4009,1,5,5,2,0,1,0,0
1359379,2,2024,2024,5,3,6,2,27,44,34609,0,1,1,-33.945728,151.135639,4,0,2,1,0,0,0,0,2,0,7,50,0,9859,9859,1,10,36,2,0,0,1,0
1359384,1,2023,2023,2,2,7,7,27,4,147,0,1,1,-28.82585,153.605986,2,2,1,0,2,0,0,0,2,0,7,80,1,4552,5151,8,30,40,1,0,0,0,1
1359389,2,2024,2024,5,1,6,1,31,71,34609,0,1,1,-33.2668,151.546719,16,2,2,1,3,0,0,3,2,0,7,50,0,1109,787,1,5,5,2,0,0,1,1
1359391,2,2024,2024,6,0,7,36,27,23,39,0,1,1,-32.376626,149.215907,44,1,0,1,1,0,0,0,2,0,7,100,2,945,945,5,5,40,1,0,0,1,0
1359394,2,2024,2024,0,0,5,48,31,15,34609,0,1,10,-33.788051,151.042453,54,0,2,1,3,0,0,0,2,0,15,50,0,6545,6545,4,10,12,2,0,0,1,0
1359398,2,2024,2024,5,1,3,232,36,134,331,0,1,9,-33.984626,150.796054,12,0,2,1,2,0,3,4,1,0,7,80,2,2585,777,8,5,40,1,0,0,2,0
1359399,1,2024,2024,5,3,9,13,31,82,34609,0,1,9,-31.076393,150.917069,70,2,1,0,3,0,0,0,0,0,0,40,0,2852,2852,4,5,5,2,0,0,0,1
1359403,2,2024,2024,1,5,10,916,17,23,917,0,1,1,-31.683056,150.76546,51,1,0,0,3,0,0,0,0,0,7,100,2,1957,4009,8,5,40,1,0,0,1,0
1359406,4,2024,2024,1,2,9,2,27,194,34609,0,1,1,-30.487655,151.595203,1,1,0,1,3,0,0,0,0,0,7,100,0,4026,4026,8,5,40,1,0,1,0,0
1359407,1,2024,2024,5,3,5,82,31,41,34609,0,1,9,-33.860353,150.986241,24,0,2,1,3,0,0,0,2,0,7,50,0,775,775,4,0,0,2,0,0,0,1
1359408,4,2024,2024,5,1,8,475,10,100,268,1,0,9,-33.893149,150.889047,24,0,2,1,3,0,3,4,2,2,7,60,2,1391,1391,1,5,5,3,0,1,1,1
1359409,1,2024,2024,1,1,6,4,10,85,34609,0,1,1,-33.794183,150.677711,55,0,2,0,3,0,3,4,2,0,7,50,0,1957,4009,8,0,40,1,0,0,0,1
1359410,1,2024,2024,5,5,1,104,27,443,702,0,1,2,-33.907337,151.064219,15,0,2,0,3,0,0,0,0,0,7,70,2,14295,14295,3,10,25,2,0,0,0,1
1359411,4,2024,2024,5,2,8,11,10,29,52,0,1,1,-34.107356,150.562052,79,1,2,1,3,0,0,0,3,0,7,100,1,945,945,5,5,40,1,0,1,0,0
1359412,4,2024,2024,5,5,8,2209,17,144,2205,0,1,2,-34.074439,151.011455,68,0,2,0,3,0,0,0,2,0,7,70,2,1391,1391,1,0,40,2,0,1,0,0
1359413,2,2024,2024,5,1,2,6,27,6,34609,0,1,1,-33.587644,149.378099,51,1,0,0,3,0,3,1,1,0,7,100,0,404,404,8,5,40,1,0,0,1,0
1359416,1,2024,2024,1,2,9,23,27,159,34609,0,1,1,-33.806658,151.087166,61,0,2,1,3,0,0,0,0,0,7,40,0,1981,1981,4,5,36,2,0,0,0,1
1359417,1,2024,2024,1,0,8,296,27,187,293,0,1,2,-33.880471,150.978397,15,0,2,1,3,0,0,0,3,0,7,60,2,14295,14295,3,5,5,2,0,0,0,1
1359419,1,2024,2024,1,5,5,829,27,124,770,0,1,9,-33.813861,151.052277,54,0,2,1,3,0,0,0,2,2,9,70,2,14295,14295,3,0,13,2,0,0,0,1
1359421,2,2024,2024,1,4,6,515,14,243,518,0,1,3,-33.938904,150.918499,41,0,2,1,3,0,0,0,2,0,7,100,2,14295,14295,3,5,0,5,0,0,1,0
1359422,1,2024,2024,1,5,6,99,31,77,105,0,1,10,-33.865717,150.949905,24,0,2,1,3,0,0,0,2,0,15,60,1,1669,1669,3,0,5,2,0,0,0,1
1359423,1,2024,2024,5,0,8,485,27,187,769,0,1,9,-33.780353,150.997535,54,0,2,1,1,0,0,0,2,2,7,60,2,14295,14295,3,5,5,2,0,0,0,1
1359424,1,2024,2024,1,2,6,2209,17,204,2205,0,1,10,-33.94207,151.144454,4,0,2,1,3,0,0,0,2,0,0,60,2,1669,1669,3,5,5,2,0,0,0,1
1359425,1,2024,2024,6,0,8,13,31,43,34609,0,1,1,-36.112932,144.76166,51,2,1,1,3,0,0,0,2,0,7,50,0,1981,1981,4,5,21,2,0,0,0,1
1359427,2,2024,2024,5,1,7,42,10,25,39,0,1,9,-34.488445,150.865003,80,0,2,1,3,0,0,0,2,0,15,60,1,1669,1669,3,8,5,2,0,0,1,0
1359429,1,2024,2024,5,6,9,19,27,86,34609,0,1,1,-33.725418,151.230376,50,0,2,0,3,0,3,4,0,0,7,50,0,3775,3775,0,0,5,2,0,0,0,2
1359430,1,2024,2024,5,6,9,178,27,189,101,0,1,9,-33.943115,151.053799,15,0,2,1,3,0,0,0,0,2,7,50,1,3775,3775,0,5,5,2,0,0,0,1
1359433,2,2024,2024,5,0,4,29,31,33,34609,0,1,10,-34.777426,150.696187,63,2,1,1,3,0,0,0,2,0,0,50,0,6545,6545,4,21,0,2,0,0,1,0
1359437,1,2024,2024,5,0,8,40,27,73,34609,0,1,1,-35.141209,147.375048,75,2,1,1,3,0,0,0,3,0,7,60,0,14295,14295,3,5,5,2,0,0,0,1
1359438,1,2024,2024,5,2,6,39,36,40,79,0,1,1,-33.809476,151.208141,77,0,2,1,3,0,3,3,2,0,7,50,2,14295,14295,3,0,5,3,0,0,0,1
1359441,2,2024,2024,1,1,7,2,1,646,34609,0,1,1,-33.913284,151.03538,15,0,2,1,3,0,0,0,2,0,7,50,0,2040,2040,9,5,28,2,0,0,1,0
1359442,4,2024,2024,5,0,6,7,31,215,34609,0,1,7,-35.10449,147.366474,75,2,1,1,1,0,0,0,2,0,0,50,0,2040,2040,9,10,28,2,0,1,0,0
1359445,1,2024,2024,1,1,8,196,10,32,168,0,1,1,-33.926274,150.978928,15,0,2,1,3,0,0,3,2,0,7,60,2,14295,14295,3,30,5,3,0,0,0,1
1359448,1,2024,2024,5,6,6,150,27,197,415,1,0,9,-33.793161,151.119708,61,0,2,1,3,0,0,0,2,2,7,70,2,14295,14295,3,5,10,2,0,0,0,1
1359451,1,2024,2024,4,6,4,1,1,5,34609,0,1,9,-33.736044,150.629767,8,2,2,0,3,0,0,0,2,0,7,50,0,2852,2852,4,10,27,2,0,0,0,1
1359452,2,2024,2024,1,4,4,103,27,176,167,0,1,9,-33.972486,151.136379,4,0,2,1,3,0,0,0,2,0,7,60,2,2852,2852,4,5,0,2,0,0,1,0
1359454,4,2024,2024,5,5,8,7,31,93,143,0,1,7,-33.405442,149.599302,3,2,1,0,3,0,3,3,2,0,0,50,2,1850,985,5,16,40,1,0,1,0,0
1359460,2,2024,2024,1,6,6,2261,17,284,2252,1,0,10,-33.904561,151.006693,15,0,2,1,3,0,0,0,2,2,7,70,2,9859,9859,8,5,40,2,0,0,1,0
1359461,1,2024,2024,1,0,8,126,27,370,168,0,1,2,-34.063693,150.787463,13,0,2,1,3,0,0,0,3,0,7,80,2,14295,14295,3,10,0,4,0,0,0,1
1359464,4,2024,2024,1,0,10,1104,14,94,962,0,1,3,-33.787834,150.79087,55,0,2,1,3,0,0,0,0,0,7,110,2,475,475,5,0,40,1,0,1,0,0
1359466,1,2024,2024,1,1,1,34,1,252,34609,0,1,9,-33.948366,150.887255,41,0,2,1,3,0,0,0,0,0,7,50,0,14295,14295,3,0,13,2,0,0,0,1
1359471,2,2024,2024,1,0,4,133,31,646,97,0,1,9,-33.917714,151.028438,15,0,2,1,3,0,0,0,2,0,7,60,1,5929,5929,1,0,36,2,0,0,1,0
1359472,1,2024,2024,5,1,7,23,27,179,66,0,1,1,-31.875248,152.41965,43,2,1,0,3,0,0,0,2,0,7,70,1,14295,14295,3,0,36,2,0,0,0,1
1359473,2,2024,2024,1,4,9,2126,17,60,2149,0,1,10,-33.76819,150.757915,55,0,2,1,3,0,0,0,3,2,7,80,2,1282,1282,1,5,0,2,0,0,1,0
1359476,2,2024,2024,1,1,9,387,27,204,331,0,1,10,-33.942239,151.132672,4,0,2,1,3,0,0,3,0,2,7,60,2,623,623,3,5,5,2,0,0,1,0
1359477,4,2024,2024,1,6,7,13,31,80,69,0,1,10,-33.944685,151.208892,4,0,2,1,3,0,3,4,2,0,15,50,1,9859,9859,1,0,5,2,0,1,0,0
1359478,4,2024,2024,6,0,6,2209,17,25,2205,0,1,2,-34.136911,150.99443,68,0,2,1,0,0,0,0,2,0,7,80,2,1383,1383,1,0,5,4,0,2,2,0
1359483,1,2024,2024,6,6,5,21,27,89,34609,0,1,1,-33.856394,150.883377,24,0,2,1,3,0,0,0,2,0,7,50,0,5929,5929,1,0,0,2,0,0,0,1
1359484,1,2024,2024,5,2,5,84,27,61,415,0,1,9,-33.767903,151.136677,36,0,2,1,3,0,3,4,2,0,7,70,2,14295,14295,3,10,0,2,0,0,0,1
1359486,1,2024,2024,1,5,5,91,27,119,187,0,1,10,-33.874804,151.155154,32,0,2,1,3,0,0,0,2,2,7,70,2,6545,6545,4,0,12,2,0,0,0,1
1359491,2,2024,2024,1,3,10,234,27,337,217,0,1,10,-33.743491,150.998624,71,0,2,1,3,0,0,3,0,2,7,60,2,5929,5929,1,5,19,2,0,0,1,0
1359494,1,2024,2024,1,4,6,65,27,609,115,0,1,10,-33.766834,150.905173,7,0,2,1,3,0,0,0,2,1,9,60,2,214,214,9,5,28,2,0,0,0,1
1359504,1,2024,2024,1,3,3,5,27,293,34609,0,1,1,-33.938201,151.044619,15,0,2,1,3,0,0,0,1,0,7,50,0,4026,4026,1,0,35,2,0,0,0,1
1359512,1,2024,2024,1,6,8,916,17,9,917,0,1,9,-32.708671,151.426012,42,1,0,0,3,0,0,0,0,0,0,90,2,926,926,4,5,5,2,0,0,0,1
1359515,1,2024,2024,1,4,5,5,10,62,34609,0,1,1,-33.726454,150.862966,7,0,2,0,3,0,0,0,2,0,7,50,0,1981,1981,4,0,36,2,0,0,0,1
1359516,2,2024,2024,1,1,3,2261,17,33,2252,0,1,2,-34.026245,150.823909,13,0,2,1,0,0,0,0,0,0,7,110,2,9859,9859,8,5,40,1,0,0,1,0
1359521,1,2024,2024,5,0,3,866,17,278,793,0,1,9,-33.776004,151.051325,54,0,2,1,0,0,0,0,2,0,0,60,2,14295,14295,3,16,5,2,0,0,0,1
1359522,4,2024,2024,1,3,6,147,27,290,34609,0,1,1,-33.854473,150.984061,21,0,2,1,0,0,0,0,2,0,7,50,0,941,941,1,5,5,4,0,1,0,0
1359523,2,2024,2024,1,1,7,1,27,9,34609,0,1,1,-28.420712,153.368426,72,1,0,0,0,2,0,0,2,0,7,100,0,4552,5151,8,10,40,1,0,0,1,0
1359531,1,2024,2024,5,3,6,866,17,278,793,0,1,9,-33.778885,151.052302,54,0,2,1,3,0,0,0,2,0,7,60,2,623,623,3,5,0,2,0,0,0,3
1359532,1,2024,2024,5,6,5,515,14,294,518,0,1,6,-33.939943,150.924486,41,0,2,0,3,0,0,0,2,0,0,60,2,1383,1383,1,5,0,2,0,0,0,1
1359534,2,2024,2024,6,5,5,123,36,16,90,0,1,1,-31.553649,151.714715,51,1,0,1,3,0,0,0,2,0,7,100,1,1981,1981,4,0,0,2,0,0,1,0
1359535,1,2024,2024,1,2,7,500,27,198,799,0,1,9,-33.916021,151.109766,15,0,2,1,3,0,0,0,2,0,7,60,2,14295,14295,3,5,5,3,0,0,0,1
1359536,4,2024,2024,5,1,7,3,1,144,34609,0,1,1,-34.06679,151.013721,68,0,2,1,1,0,0,0,2,0,7,50,0,9859,9859,8,5,40,3,0,1,0,0
1359538,2,2024,2024,1,2,4,92,31,83,34609,0,1,1,-30.11234,153.194539,19,2,1,1,3,0,0,0,2,0,7,50,0,4026,4026,8,5,40,1,0,0,2,0
1359541,2,2024,2024,1,6,2,90,36,13,102,0,1,1,-34.266014,146.1526,28,1,0,1,0,0,3,4,1,0,7,100,2,945,945,5,5,40,1,0,0,1,0
1359544,2,2024,2024,6,1,8,17,27,90,28,0,1,9,-33.786755,150.946924,7,0,2,1,3,0,0,0,2,0,15,50,1,1669,1669,3,5,0,3,0,0,1,1
1359551,1,2024,2024,5,2,9,2209,17,59,2205,0,1,10,-34.33726,150.910815,80,0,2,0,3,0,0,6,0,2,7,60,2,926,926,4,0,13,3,0,0,0,1
1359553,1,2024,2024,8,0,8,25,31,445,103,0,1,10,-33.864209,151.036077,21,0,2,1,3,0,0,0,3,2,9,50,1,150,150,4,5,5,2,0,0,0,1
1359556,1,2024,2024,1,6,3,344,27,168,382,0,1,10,-33.707055,150.838972,7,0,2,1,3,0,0,0,2,2,7,80,2,14295,14295,3,21,5,2,0,0,0,1
1359557,1,2024,2024,1,4,8,134,10,363,133,0,1,2,-33.813404,151.02268,54,0,2,1,3,0,0,0,3,0,7,70,2,1383,1383,1,5,5,2,0,0,0,1
1359559,1,2024,2024,1,6,8,2126,17,179,2149,0,1,2,-33.758395,150.718628,55,0,2,1,3,0,0,0,2,0,7,60,2,941,941,1,5,19,2,0,0,0,1
1359561,4,2024,2024,0,0,3,35,18,219,34609,0,1,1,-32.902833,151.674577,48,0,2,1,1,0,0,0,2,0,7,50,0,9859,9859,8,5,40,1,0,1,0,0
1359562,4,2024,2023,11,0,11,1,27,90,34609,0,1,0,-33.73194,150.31202,8,2,2,0,2,0,0,0,0,0,7,50,0,4552,5151,8,16,40,1,0,1,0,0
1359563,4,2024,2024,7,2,6,512,17,562,441,0,1,7,-32.259453,148.645964,22,2,1,1,0,0,0,3,2,0,0,70,2,1957,777,8,9,40,1,0,1,0,0
1359564,1,2024,2024,7,6,5,171,31,252,34609,0,1,9,-33.880851,151.214873,69,0,2,1,2,0,0,0,2,2,7,40,0,5929,5929,1,0,27,2,0,0,0,1
1359565,4,2024,2024,7,4,10,15,31,201,46,0,1,9,-34.888494,150.610992,63,2,1,1,2,0,0,0,0,0,0,60,1,1220,1220,9,5,28,2,0,1,0,0
1359566,4,2024,2024,0,5,5,293,31,160,260,0,1,9,-33.106128,151.497191,37,0,2,1,1,0,0,0,2,2,7,60,2,5929,5929,1,0,0,2,0,1,0,0
1359567,2,2024,2024,7,6,5,3371,17,63,3342,0,1,2,-28.172466,153.505161,72,1,0,1,0,0,0,0,2,0,7,100,2,14295,14295,3,8,5,2,0,0,1,0
1359570,4,2024,2024,0,0,2,2261,17,68,2252,0,1,2,-34.78631,148.850633,82,1,0,0,0,0,0,0,0,0,7,110,2,1259,5151,8,3,40,1,0,1,0,0
1359571,4,2024,2024,7,1,11,2209,17,23,2205,0,1,2,-34.616491,150.83807,62,0,2,0,0,0,3,0,0,0,7,100,2,1259,5151,8,16,40,1,0,1,0,0
1359572,2,2024,2024,7,2,8,23,10,9,174,0,1,1,-32.9661,151.479529,17,1,0,0,0,0,0,3,2,0,7,90,2,3775,3775,0,5,0,2,0,0,3,0
1359573,4,2024,2024,7,2,3,485,27,323,769,0,1,2,-33.76263,150.993592,71,0,2,1,2,0,0,0,1,0,7,60,2,14295,14295,3,5,13,2,0,1,0,0
1359574,2,2024,2024,0,4,8,220,14,78,220,0,1,3,-34.470398,150.835959,80,0,2,1,0,0,0,0,2,0,7,100,2,14295,14295,3,5,5,3,0,0,1,0
1359575,2,2024,2024,0,5,5,89,31,532,34609,0,1,10,-33.866706,151.205036,69,0,2,1,1,0,0,0,2,2,7,40,0,2040,2040,9,33,28,2,0,0,1,0
1359578,2,2024,2024,0,5,8,192,31,316,120,1,0,1,-33.914798,151.241682,59,0,2,1,1,0,0,0,2,0,7,50,2,1981,1981,4,30,18,2,0,0,1,0
1359579,4,2024,2024,7,6,10,1052,14,83,928,0,1,3,-33.489167,151.184207,16,1,2,0,0,0,0,3,0,0,7,90,2,1259,5151,8,5,40,1,0,1,0,0
1359580,2,2024,2024,8,4,7,76,27,107,34609,0,1,10,-33.279978,151.424804,16,2,2,1,0,0,0,0,2,0,7,50,0,150,150,4,0,18,2,0,0,1,0
1359581,1,2024,2024,0,6,7,224,27,26,321,0,1,9,-33.91399,151.201049,69,0,2,1,1,0,0,0,2,0,7,50,2,1669,1669,3,5,18,2,0,0,0,1
1359582,2,2024,2024,0,5,5,175,27,609,220,0,1,10,-33.769439,150.912232,7,0,2,1,1,0,0,0,2,3,9,60,2,2040,2040,9,19,28,2,0,0,1,0
1359583,2,2024,2024,0,4,10,2209,17,166,2205,0,1,9,-33.893482,151.183525,69,0,2,1,0,0,3,0,0,2,7,40,2,5929,5929,1,0,19,2,0,0,2,0
1359585,4,2024,2024,8,5,8,3371,17,69,3342,0,1,10,-32.934571,151.750618,48,0,2,1,2,0,0,0,3,0,15,60,2,1669,1669,3,16,25,2,0,1,0,0
1359587,4,2024,2024,8,0,10,27,27,3,39,0,1,1,-31.309084,151.148397,70,2,1,1,0,0,0,0,0,0,7,60,1,1945,1945,5,23,40,1,0,2,0,0
1359590,4,2024,2024,8,2,3,475,10,78,268,0,1,1,-33.880796,150.802284,55,0,2,1,0,2,0,0,2,0,7,80,2,3775,3775,0,9,12,2,0,1,1,0
1359591,2,2024,2024,8,1,6,2,27,155,34609,1,0,10,-33.49425,151.324704,16,2,2,1,0,0,3,3,2,0,0,50,0,6545,6545,4,5,0,2,0,0,1,0
1359593,2,2024,2024,8,3,9,42,31,100,34609,0,1,10,-33.958311,151.155297,4,0,2,1,2,0,0,0,0,0,15,50,0,1220,1220,9,5,28,2,0,0,2,0
1359594,2,2024,2024,8,4,4,81,31,77,34609,0,1,9,-33.033344,151.657414,37,0,2,1,1,0,0,0,2,0,0,50,0,2585,777,8,5,40,1,0,0,1,0
1359597,4,2024,2024,6,4,11,1104,14,149,962,0,1,3,-33.817244,150.971134,21,0,2,1,2,0,3,4,0,0,7,90,2,9859,9859,8,0,40,1,0,1,0,0
1359600,4,2024,2024,0,5,9,177,22,87,176,0,1,2,-34.050871,151.151424,68,0,2,1,1,0,0,0,3,0,7,60,2,1220,1220,9,5,28,2,0,1,0,0
1359603,4,2024,2024,8,4,4,4,27,3,34609,0,1,1,-32.023838,150.841738,73,2,1,0,0,0,0,0,2,0,7,80,0,1850,1463,5,10,40,1,0,1,0,0
1359605,2,2024,2024,8,6,3,2261,17,59,2252,0,1,3,-33.969737,150.87392,13,0,2,0,0,0,3,3,1,0,7,100,2,1282,1282,1,30,19,3,0,0,1,0
1359609,2,2024,2024,8,4,7,8,27,239,34609,0,1,1,-34.044172,151.11872,68,0,2,1,0,0,0,0,2,0,7,50,0,368,368,9,0,28,2,0,0,1,0
1359610,1,2024,2024,8,1,6,296,27,460,293,0,1,9,-33.839719,150.999344,21,0,2,1,0,0,0,0,2,1,7,70,2,14295,14295,3,5,0,3,0,0,0,1
1359611,4,2024,2024,6,4,9,11,10,179,34609,1,0,9,-31.891419,152.462071,43,2,1,0,2,0,0,0,0,0,15,50,0,5929,5929,1,0,19,2,0,1,1,0
1359612,2,2024,2024,6,2,10,512,17,433,441,0,1,1,-33.257569,149.073823,52,2,1,1,2,0,0,0,0,0,7,50,2,4026,4026,8,0,40,1,0,0,1,0
1359613,2,2024,2024,8,6,7,222,27,67,40,0,1,9,-33.63594,150.887785,71,0,2,1,0,0,3,4,2,0,6,80,1,3775,3775,0,8,22,3,0,0,2,0
1359614,4,2024,2024,6,0,3,232,36,39,331,0,1,10,-34.029955,150.752863,12,0,2,1,2,0,3,4,2,2,7,80,2,6545,6545,4,30,13,2,0,1,1,0
1359615,4,2024,2024,6,3,0,70,27,26,100,1,0,1,-33.682415,150.590359,8,2,2,0,2,0,3,4,0,0,7,60,2,1259,5151,8,34,40,1,0,2,0,0
1359616,2,2024,2024,6,0,9,2,27,130,80,0,1,9,-33.872208,151.194241,69,0,2,1,2,0,0,0,0,0,7,40,2,2040,2040,9,5,28,2,0,0,1,0
1359619,2,2024,2024,6,4,9,2,27,159,34609,0,1,1,-33.807531,151.090702,61,0,2,1,2,0,3,4,0,0,9,50,0,1220,1220,9,5,28,2,0,0,1,0
1359621,4,2024,2024,6,2,5,4,1,609,34609,0,1,9,-33.760367,150.901501,7,0,2,1,0,0,0,0,2,0,0,50,0,2040,2040,9,5,28,2,0,1,1,0
1359622,4,2024,2024,8,2,7,2209,17,44,2205,0,1,9,-33.945334,151.141597,4,0,2,1,0,0,3,4,2,0,7,60,2,3775,3775,0,16,0,2,0,1,0,0
1359623,1,2024,2024,6,0,10,168,17,19,212,0,1,1,-35.566067,150.021489,23,1,0,0,0,0,0,0,0,0,7,90,2,2585,4009,8,30,40,1,0,0,0,1
1359625,2,2024,2024,8,4,4,55,27,96,160,0,1,7,-34.053492,150.830085,13,0,2,0,0,0,0,0,2,0,0,60,2,926,926,4,16,25,2,0,0,1,0
1359630,2,2024,2024,6,2,11,481,17,11,483,0,1,9,-33.9012,147.305396,51,1,0,1,0,0,0,0,0,0,7,110,2,4026,4026,8,10,40,1,0,0,1,0
1359633,1,2024,2024,6,0,8,293,31,532,55,0,1,1,-33.867891,151.212219,69,0,2,1,1,0,0,0,3,2,9,40,1,14295,14295,3,33,40,2,0,0,0,1
1359634,4,2024,2024,6,2,10,6,1,445,6,0,1,1,-33.859687,151.058394,21,0,2,0,2,0,0,0,0,0,7,60,1,3775,3775,0,9,0,2,0,1,1,0
1359636,4,2024,2024,6,5,3,30,27,33,41,0,1,9,-33.984231,151.136689,4,0,2,1,0,0,0,0,2,0,7,60,1,1282,1282,1,16,0,2,0,1,0,0
1359637,2,2024,2024,6,4,6,1104,14,26,962,0,1,6,-33.773365,150.669965,55,0,2,0,2,0,0,0,2,2,9,60,2,14295,14295,3,19,5,2,0,0,1,0
1359640,2,2024,2024,6,4,7,224,27,246,321,0,1,10,-33.901489,151.201136,69,0,2,1,1,0,0,0,2,2,9,50,2,591,591,1,22,0,2,0,0,1,0
1359641,2,2024,2024,6,2,8,78,17,34,58,0,1,1,-34.926086,148.995437,82,1,0,1,0,0,0,0,0,0,7,100,2,9859,9859,8,5,40,2,0,0,1,0
1359643,1,2024,2024,5,6,9,24,31,169,769,0,1,10,-33.59918,150.751934,29,2,2,1,2,0,3,3,0,2,7,60,2,6545,6545,4,0,5,2,0,0,0,1
1359644,4,2024,2024,6,0,6,229,14,175,237,0,1,3,-33.764302,151.086062,31,0,2,1,2,0,0,3,2,0,7,100,2,14295,14295,3,5,13,2,0,1,0,0
1359645,2,2024,2024,6,0,9,34,31,145,140,0,1,10,-33.926183,151.13115,15,0,2,1,2,0,0,0,0,2,9,50,1,2040,2040,9,0,28,2,0,0,1,0
1359650,2,2024,2024,6,0,9,7,31,80,34609,0,1,10,-33.880776,151.202803,69,0,2,1,3,0,2,6,0,2,7,40,0,5929,5929,1,22,0,2,0,0,1,0
1359652,2,2024,2024,6,6,8,63,17,112,34609,0,1,1,-33.448862,151.434981,16,2,2,1,2,0,0,0,0,0,7,50,0,623,623,3,10,13,2,0,0,1,0
1359653,4,2024,2024,5,5,8,55,36,6,43,0,1,1,-32.389084,150.410584,46,1,0,0,0,0,3,3,3,0,7,100,1,2585,4009,8,5,40,1,0,1,0,0
1359655,2,2024,2024,6,6,8,2209,17,40,2205,0,1,2,-34.69981,150.839509,35,2,1,0,0,0,0,0,3,0,7,80,2,4552,5151,8,5,40,1,0,0,1,0
1359657,1,2024,2024,5,2,7,89,27,182,228,1,0,9,-32.836245,151.346905,17,2,1,1,1,0,0,0,2,0,15,60,1,144,144,1,5,19,2,0,0,0,1
1359659,2,2024,2024,5,4,8,30,27,133,34609,0,1,1,-33.93155,151.01632,15,0,2,1,2,0,0,0,3,0,7,50,0,14295,14295,3,16,5,2,0,0,1,0
1359660,2,2024,2024,6,6,8,27,27,119,96,0,1,1,-33.868278,151.164053,32,0,2,1,1,0,0,0,2,0,7,50,2,3775,3775,0,5,36,3,0,0,2,0
1359663,4,2024,2024,5,5,7,123,36,10,90,0,1,9,-31.88593,151.872287,43,1,0,0,0,0,3,3,2,0,7,90,1,1957,4009,8,5,40,1,0,1,0,1
1359665,2,2024,2024,6,1,8,4,31,88,20,0,1,9,-33.745366,150.848972,7,0,2,1,0,0,0,0,0,0,0,60,1,1669,1669,3,9,5,2,0,0,1,0
1359666,4,2024,2024,5,4,5,18,31,166,34609,0,1,7,-33.414221,149.578502,3,2,1,1,0,0,0,0,2,0,0,50,0,1850,985,5,16,40,1,0,1,0,0