Crash ID,Degree of crash - detailed,Reporting year,Year of crash,Month of crash,Day of week of crash,Two-hour intervals,Street of crash,Street type,Town,Route no.,School zone location,School zone active,Type of location,Latitude,Longitude,LGA,Urbanisation,Conurbation 1,Alignment,Street lighting,Road surface,Surface condition,Weather,Natural lighting,Signals operation,Other traffic control,Speed limit,Road classification,RUM - code,DCA - code,First impact type,Key TU type,Other TU type,No. of traffic units involved,No. killed,No. seriously injured,No. moderately injured,No. minor-other injured
1359667,1,2024,2024,5,5,8,3,27,18,42,0,1,9,-33.541525,150.7943,29,2,2,1,0,0,0,0,2,0,7,80,1,9859,9859,8,10,40,1,0,0,0,1
1359668,4,2024,2024,5,0,8,6,31,147,125,0,1,1,-33.870323,151.007744,21,0,2,1,2,0,0,0,3,0,9,60,1,4026,4026,8,5,40,2,0,1,0,0
1359669,2,2024,2024,5,4,5,3371,17,58,3342,0,1,9,-33.754748,151.152259,36,0,2,1,0,0,0,0,2,2,7,60,2,5929,5929,1,0,0,2,0,0,1,0
1359672,4,2024,2024,5,5,5,95,31,463,32,0,1,1,-30.281259,153.135057,19,2,1,0,1,0,0,0,2,0,7,60,1,1192,1192,1,33,27,2,0,1,0,0
1359673,2,2024,2024,6,2,6,71,27,5,69,0,1,1,-36.363022,148.711163,65,1,0,0,0,0,0,0,2,0,7,100,2,4552,5151,8,0,40,1,0,0,4,0
1359674,4,2024,2024,5,1,9,1104,14,142,962,0,1,3,-33.828111,150.998025,21,0,2,0,0,0,3,4,0,0,7,90,2,14295,14295,3,5,0,2,0,1,0,0
1359676,4,2024,2024,5,0,2,59,10,34,231,0,1,1,-33.495914,151.353518,16,2,2,0,2,0,0,0,0,0,7,60,2,4552,5151,8,16,40,1,0,1,0,0
1359681,4,2024,2024,0,5,7,3,31,224,34609,0,1,1,-33.824076,151.236638,45,0,2,1,0,0,0,0,2,0,7,50,0,1282,1282,1,9,40,2,0,1,0,0
1359683,2,2024,2024,5,5,5,2261,17,523,2252,0,1,10,-33.928701,150.917871,41,0,2,0,1,0,0,0,2,2,7,60,2,1669,1669,3,0,5,2,0,0,1,0
1359684,4,2024,2024,5,4,0,2261,17,346,2252,0,1,10,-33.887569,151.091467,67,0,2,0,2,0,0,0,0,2,7,60,2,5929,5929,1,5,5,2,0,1,1,0
1359685,4,2024,2024,5,2,0,348,17,14,232,0,1,1,-33.145454,149.98206,40,2,1,0,2,0,0,0,0,0,7,50,2,2585,4009,8,5,40,1,0,1,0,0
1359688,4,2024,2024,5,0,5,27,31,252,34609,0,1,1,-33.882021,151.210098,69,0,2,1,2,0,0,0,2,0,7,40,0,312,312,2,0,40,1,0,1,0,0
1359689,2,2024,2024,5,3,4,55,10,112,47,0,1,7,-33.440036,151.433653,16,2,2,1,1,0,0,0,2,0,0,60,2,6545,6545,4,5,27,2,0,0,1,0
1359690,2,2024,2024,5,3,7,69,31,48,62,0,1,9,-36.677874,149.849198,5,2,1,0,1,0,0,0,2,0,0,60,1,150,150,4,16,5,2,0,0,1,0
1359691,4,2024,2024,5,0,11,293,27,103,172,1,0,1,-32.945924,151.657273,37,0,2,1,2,0,0,0,0,0,7,60,2,9859,9859,1,5,5,3,0,1,0,0
1359692,2,2024,2024,6,0,5,169,27,22,61,0,1,9,-33.829117,151.198977,49,0,2,1,0,0,0,0,2,2,7,50,1,14295,14295,3,5,0,3,0,0,1,0
1359693,1,2024,2024,6,5,7,2209,17,49,2205,0,1,9,-33.93272,151.153395,4,0,2,1,1,0,0,0,2,2,7,60,2,2040,2040,9,33,28,2,0,0,0,1
1359694,4,2024,2024,6,4,5,74,23,100,260,0,1,9,-33.958315,151.15772,4,0,2,1,1,0,0,0,2,0,0,60,2,1945,1945,5,16,40,1,0,1,0,0
1359696,4,2024,2024,1,4,4,14,31,46,34609,0,1,7,-28.821279,153.290987,39,2,1,1,1,0,0,0,2,0,0,50,0,591,591,1,22,0,2,0,1,1,0
1359697,2,2024,2024,5,5,8,3,27,182,34609,1,0,9,-32.830433,151.33858,17,2,1,1,1,0,0,0,3,0,0,60,0,775,775,4,0,19,2,0,0,1,0
1359700,1,2024,2024,5,2,9,224,27,246,321,0,1,10,-33.901489,151.201136,69,0,2,1,2,0,0,0,0,2,6,50,2,5929,5929,1,22,12,2,0,0,0,1
1359703,4,2024,2024,5,4,7,1,27,29,34609,0,1,9,-33.924737,150.763016,41,0,2,1,0,0,0,0,2,0,0,70,0,2852,2852,4,0,19,2,0,1,0,0
1359705,2,2024,2024,8,6,6,38,27,63,70,0,1,9,-33.737355,150.789982,7,0,2,1,1,0,3,4,2,0,0,70,1,3775,3775,0,8,5,2,0,0,1,0
1359707,2,2024,2024,1,0,6,82,31,74,34609,0,1,1,-34.635066,148.027896,20,2,1,1,1,0,0,0,2,0,7,50,0,9859,9859,8,0,40,1,0,0,1,0
1359710,2,2024,2024,5,2,10,224,27,26,321,0,1,9,-33.912663,151.201499,69,0,2,1,2,0,0,0,0,2,7,50,2,1220,1220,9,34,28,3,0,0,1,1
1359711,4,2024,2024,8,0,9,31,27,50,34609,0,1,9,-33.514478,151.339658,16,2,2,1,2,0,0,0,0,0,0,50,0,6545,6545,4,21,19,3,0,1,0,0
1359714,4,2024,2024,8,0,7,829,27,159,770,0,1,2,-33.806678,151.07257,61,0,2,1,0,0,0,0,2,0,7,70,2,14295,14295,3,0,19,2,0,1,0,0
1359716,4,2024,2024,5,5,7,512,17,10,441,0,1,1,-32.328019,148.749339,22,1,0,1,0,0,0,0,2,0,7,110,2,3775,3775,0,10,13,2,0,1,1,0
1359717,4,2024,2024,5,3,7,59,27,35,53,0,1,1,-34.173667,150.699656,79,2,2,0,0,0,0,3,2,0,7,80,1,4552,5151,8,16,40,1,0,1,0,0
1359719,4,2024,2024,5,4,7,6,27,96,49,0,1,9,-34.052015,150.838454,13,0,2,0,0,0,0,0,2,0,0,60,1,775,775,4,34,5,2,0,1,0,0
1359721,2,2024,2024,6,0,9,3371,17,15,3342,0,1,6,-30.229015,153.147452,19,2,1,1,2,0,0,0,0,0,7,60,2,9859,9859,8,5,40,1,0,0,2,0
1359722,2,2024,2024,6,4,6,11,31,204,3,0,1,1,-33.935338,151.154009,4,0,2,1,1,0,0,0,2,0,7,50,1,340,340,9,0,28,2,0,0,1,0
1359724,2,2024,2024,5,0,2,3371,17,52,3342,0,1,10,-33.262809,151.464678,16,2,2,1,2,0,0,0,1,2,7,70,2,6545,6545,4,10,5,2,0,0,1,0
1359726,4,2024,2024,5,0,4,24,36,17,56,0,1,10,-34.864694,147.500686,51,1,0,0,0,0,3,1,2,0,0,100,2,6545,6545,4,10,36,2,0,1,0,0
1359727,1,2024,2024,1,0,3,12,24,28,34609,0,1,2,-35.379163,149.235659,58,2,1,0,1,0,0,0,2,0,7,70,0,4552,5151,8,5,40,1,0,0,0,1
1359729,4,2024,2024,1,5,6,44,1,126,22,0,1,10,-33.930246,150.812613,41,0,2,1,0,0,0,0,2,0,0,60,1,6545,6545,4,0,12,2,0,1,1,0
1359732,2,2024,2024,1,4,5,171,1,80,104,0,1,10,-33.940678,151.215377,4,0,2,1,0,0,0,0,2,2,6,70,2,5929,5929,1,5,0,3,0,0,1,0
1359733,2,2024,2024,5,4,6,481,17,25,483,0,1,9,-31.818477,148.639101,51,2,1,1,1,0,0,0,2,2,7,60,2,14295,14295,3,0,13,2,0,0,1,1
1359736,4,2024,2024,1,1,4,135,17,18,136,0,1,9,-36.07945,146.889664,0,2,1,1,1,0,3,0,2,0,7,60,2,9859,9859,8,0,40,1,0,1,0,0
1359737,4,2024,2024,5,0,7,65,31,609,115,0,1,10,-33.766834,150.905173,7,0,2,0,0,0,0,0,2,2,7,60,2,14295,14295,3,10,5,3,0,1,0,0
1359738,4,2024,2024,5,2,7,8,27,20,34609,0,1,1,-33.473177,150.225589,40,1,0,0,0,2,3,0,2,0,7,100,0,2585,4009,8,23,40,1,0,1,0,0
1359739,4,2024,2024,1,4,3,16,27,143,19,0,1,1,-33.703848,151.106121,31,0,2,1,1,0,0,0,2,0,7,50,1,1981,1981,4,5,0,2,0,1,1,0
1359746,4,2024,2024,1,2,4,478,17,69,480,0,1,1,-33.353089,151.489506,16,2,2,1,1,0,0,0,2,0,7,50,2,1669,1669,3,0,5,3,0,1,0,0
1359748,4,2024,2024,1,3,3,128,27,25,133,0,1,1,-33.858926,150.644546,55,0,2,0,0,0,0,0,2,0,7,80,2,3775,3775,0,5,5,2,0,1,0,0
1359749,1,2024,2024,5,6,8,13,31,46,34609,0,1,1,-33.93835,151.112036,4,0,2,1,1,0,0,0,2,0,7,50,0,2040,2040,9,9,28,2,0,0,0,1
1359751,2,2024,2024,5,6,8,4,27,30,34609,0,1,10,-33.863623,151.140038,14,0,2,1,2,0,0,0,0,0,0,50,0,19,19,1,5,27,2,0,0,1,0
1359753,2,2024,2024,6,6,5,222,27,71,165,0,1,9,-33.972237,151.075398,25,0,2,1,1,0,0,0,2,0,7,50,1,14295,14295,3,33,19,2,0,0,1,0
1359755,1,2024,2024,1,3,10,143,31,90,181,0,1,2,-33.8906,151.237963,81,0,2,1,2,0,0,0,0,0,7,60,2,1192,1192,1,5,18,2,0,0,0,1
1359756,1,2024,2024,1,2,1,2126,17,16,2149,0,1,2,-33.733393,150.469939,8,2,2,0,2,0,0,0,0,0,7,80,2,4552,5151,8,10,40,1,0,0,0,1
1359767,2,2024,2024,8,0,0,71,17,61,71,0,1,1,-35.661893,144.910286,51,1,0,1,0,0,0,1,0,0,7,100,2,4026,4026,8,10,40,1,0,0,1,0
1359768,1,2024,2024,5,3,7,47,31,117,84,0,1,1,-28.172728,153.543136,72,2,1,1,0,0,0,0,2,0,7,50,1,1981,1981,4,0,27,2,0,0,0,1
1359770,4,2024,2024,1,1,6,175,27,609,220,0,1,10,-33.763693,150.913072,7,0,2,1,1,0,0,0,2,2,7,70,2,5929,5929,1,5,5,2,0,1,0,1
1359772,2,2024,2024,5,2,4,161,17,7,161,0,1,1,-36.157632,148.879301,65,1,0,0,0,0,3,1,2,0,7,100,2,3775,3775,0,5,13,2,0,0,2,0
1359773,4,2024,2024,1,0,8,512,17,562,441,0,1,2,-32.254257,148.608621,22,2,1,1,0,0,0,0,2,0,7,60,2,14295,14295,3,5,0,2,0,1,1,0
1359776,4,2024,2024,6,1,3,158,27,68,207,0,1,9,-33.877495,151.243498,81,0,2,1,2,0,0,0,1,2,7,60,2,4552,985,8,21,40,1,0,1,0,0
1359777,2,2024,2024,1,0,9,42,31,53,118,0,1,1,-31.086257,150.925748,70,2,1,1,2,0,0,0,0,0,7,60,2,14295,14295,3,5,5,3,0,0,2,0
1359778,1,2024,2024,5,3,6,3,10,47,34609,0,1,1,-35.249885,149.448751,58,2,1,1,0,0,0,0,2,0,7,50,0,9859,9859,8,10,40,1,0,0,0,1
1359780,4,2024,2024,1,6,7,22,31,64,61,1,0,1,-33.883647,151.024289,21,0,2,0,1,0,0,0,2,0,9,50,1,1220,1220,9,33,26,2,0,1,0,0
1359781,4,2024,2024,1,0,8,76,27,85,148,0,1,9,-32.933594,151.721558,48,0,2,1,1,0,0,0,2,0,7,60,1,5929,5929,1,0,0,2,0,1,0,0
1359782,4,2024,2024,5,0,3,2126,17,33,2149,0,1,9,-33.718579,150.43149,8,2,2,0,1,0,0,0,2,2,7,70,2,14295,14295,3,5,13,2,0,1,0,0
1359784,4,2024,2024,5,5,7,44,31,237,34609,0,1,9,-33.869204,150.954137,24,0,2,0,1,0,0,0,2,2,9,40,0,1220,1220,9,5,28,2,0,1,0,0
1359785,2,2024,2024,6,4,9,308,14,169,311,0,1,3,-33.761492,150.846722,7,0,2,1,2,0,3,0,0,0,7,100,2,14295,14295,3,9,10,2,0,0,1,0
1359787,4,2024,2024,5,3,5,38,27,34,45,0,1,1,-35.078907,150.656624,63,2,1,0,0,0,0,0,2,0,7,60,1,14295,14295,3,0,0,2,0,1,0,0
1359794,2,2024,2024,5,2,6,53,31,147,125,0,1,9,-33.884905,151.006561,15,0,2,1,1,0,0,0,2,0,15,60,1,14295,14295,3,5,5,3,0,0,1,0
1359795,2,2024,2024,5,6,8,500,27,198,799,0,1,9,-33.920779,151.098222,15,0,2,1,0,0,0,0,2,0,0,60,2,2852,2852,4,0,0,2,0,0,1,0
1359797,2,2024,2024,1,3,7,5,27,5,34609,0,1,1,-31.789437,147.961423,51,2,1,0,0,2,0,0,2,0,7,80,0,4552,5151,8,10,40,1,0,0,1,0
1359800,4,2024,2024,1,1,4,39,22,65,34609,0,1,1,-33.390121,151.384904,16,2,2,0,1,0,3,4,2,0,7,60,0,3775,3775,0,0,0,2,0,1,1,0
1359803,4,2024,2024,1,4,3,55,27,96,160,0,1,7,-34.053486,150.830082,13,0,2,1,1,0,0,0,2,0,0,60,2,14295,14295,3,10,27,2,0,1,0,0
1359804,2,2024,2024,5,4,8,9,31,219,34609,0,1,10,-32.899277,151.666626,48,0,2,1,2,0,0,0,3,0,15,50,0,6545,6545,4,30,0,2,0,0,1,0
1359805,4,2024,2024,6,1,1,171,1,80,104,0,1,2,-33.939463,151.214329,4,0,2,1,1,0,0,0,0,0,7,70,2,14295,14295,3,16,5,3,0,1,0,1
1359806,4,2024,2024,1,4,8,19,27,11,16,0,1,1,-31.509939,152.579838,56,1,0,0,0,0,0,0,3,0,7,100,1,2585,4009,8,5,40,1,0,1,1,0
1359809,2,2024,2024,1,3,7,220,14,12,220,0,1,3,-34.431322,150.867869,80,0,2,1,1,0,0,0,2,0,7,100,2,14295,14295,3,10,13,3,0,0,2,0
1359810,4,2024,2024,1,3,7,18,36,11,19,0,1,1,-32.798243,148.572036,11,1,0,1,0,0,0,0,2,0,7,100,1,9859,9859,8,10,40,1,0,2,0,0
1359812,4,2024,2024,5,2,7,2209,17,88,2205,0,1,9,-33.983295,151.114422,25,0,2,1,1,0,0,0,2,0,7,70,2,5929,5929,1,5,19,2,0,1,0,0
1359815,2,2024,2024,5,1,5,866,17,278,793,0,1,1,-33.784239,151.04411,54,0,2,0,1,0,0,0,2,0,7,60,2,14295,14295,3,33,5,3,0,0,2,0
1359816,4,2024,2024,5,5,2,348,27,363,88,0,1,9,-33.734681,150.693632,55,0,2,1,1,0,0,0,1,2,7,60,2,1945,1945,5,16,40,1,0,1,0,0
1359817,1,2024,2024,1,0,7,3,31,70,34609,0,1,9,-32.739637,151.552492,42,2,1,1,0,0,0,0,2,0,7,50,0,6545,6545,4,17,25,2,0,0,0,1
1359819,4,2024,2024,5,5,8,18,10,60,34609,0,1,2,-34.015339,150.743114,12,0,2,1,1,0,0,0,2,0,7,60,0,204,204,1,0,5,2,0,2,0,0
1359825,1,2024,2024,5,2,0,78,31,137,34609,0,1,10,-34.032829,151.064946,68,0,2,1,0,0,0,0,0,0,15,50,0,6545,6545,4,5,0,4,0,0,0,2
1359826,2,2024,2024,1,4,7,63,31,79,79,0,1,9,-33.818161,151.21265,49,0,2,0,0,0,3,4,2,0,7,50,2,3775,3775,0,5,13,2,0,0,1,0
1359829,2,2024,2024,1,5,4,125,27,8,144,0,1,1,-32.849459,151.822578,57,1,0,1,0,0,3,4,2,0,7,100,2,14295,14295,3,0,5,2,0,0,3,0
1359830,2,2024,2024,1,3,9,39,31,246,99,0,1,9,-33.902397,151.197565,69,0,2,1,2,0,0,0,3,0,7,50,2,9859,9859,1,10,0,2,0,0,1,0
1359834,1,2024,2024,5,1,5,220,27,251,222,0,1,10,-33.75851,150.955337,7,0,2,1,1,0,0,0,2,1,15,80,2,14295,14295,3,5,36,2,0,0,0,1
1359835,1,2024,2024,1,0,11,86,27,9,65,0,1,1,-29.75748,152.928921,18,2,1,0,0,0,0,0,0,0,7,80,1,2585,4009,8,5,40,1,0,0,0,1
1359837,4,2024,2024,8,3,8,55,27,137,96,0,1,9,-32.956704,151.686671,37,0,2,0,0,0,3,4,2,2,7,60,2,2852,2852,4,5,13,2,0,1,0,0
1359838,2,2024,2024,5,0,8,53,31,433,34609,0,1,1,-33.29463,149.104788,52,2,1,1,2,0,0,0,0,0,7,50,0,9859,9859,1,5,5,2,0,0,1,0
1359839,2,2024,2024,1,4,5,42,31,316,6,0,1,2,-31.4347,152.903878,56,2,1,1,1,0,0,0,2,0,7,60,1,14295,14295,3,5,5,3,0,0,1,0
1359841,1,2024,2024,1,6,8,25,31,10,3,0,1,1,-31.632244,152.706086,56,2,1,1,1,0,0,0,3,0,7,50,1,1981,1981,4,5,0,2,0,0,0,1
1359843,2,2024,2024,1,3,10,177,22,70,176,0,1,2,-34.0319,151.080766,68,0,2,1,2,0,0,0,0,0,7,60,2,4026,4026,8,5,40,1,0,0,1,0
1359845,2,2024,2024,1,6,5,111,27,57,233,0,1,9,-33.944112,151.226838,4,0,2,1,0,0,0,0,2,2,9,60,2,2040,2040,9,33,28,2,0,0,1,0
1359851,2,2024,2024,1,4,3,38,27,165,21,0,1,9,-32.291771,150.869419,46,2,1,0,3,0,0,0,1,0,0,80,2,2852,2852,4,10,0,2,0,0,2,0
1359854,4,2024,2024,5,4,7,220,14,74,220,0,1,3,-34.437945,150.86687,80,0,2,1,1,0,0,0,2,0,7,90,2,1282,1282,1,16,0,2,0,1,0,0
1359855,2,2024,2024,5,3,7,5,27,6,39,0,1,9,-32.063517,150.934181,73,1,0,0,0,0,3,0,2,0,0,100,1,1850,1463,5,16,40,1,0,0,1,0
1359856,4,2024,2024,1,1,6,15,27,3,34609,0,1,1,-35.089119,149.889411,26,2,1,0,0,0,0,0,2,0,7,80,0,2585,4009,8,16,40,1,0,1,0,0
1359857,4,2024,2024,1,5,7,4,36,3,34609,0,1,1,-31.31321,152.579129,56,2,1,0,0,2,0,0,2,0,7,80,0,3775,3775,0,10,13,2,0,1,0,0
1359859,4,2024,2024,1,2,5,1,36,119,34609,0,1,9,-32.747354,151.758055,57,2,1,1,1,0,0,0,2,0,7,50,0,6545,6545,4,22,5,2,0,1,0,0
1359860,1,2024,2024,1,3,5,500,27,646,799,0,1,1,-33.934137,151.031101,15,0,2,1,1,0,0,0,2,0,7,60,2,1220,1220,9,5,28,2,0,0,0,1
1359861,4,2024,2024,1,5,3,3371,17,463,3342,0,1,9,-30.271757,153.135013,19,2,1,0,0,0,3,3,0,0,6,60,2,2852,2852,4,8,13,2,0,1,0,0
1359863,4,2024,2024,5,2,0,3371,17,137,3342,0,1,2,-32.961463,151.696507,37,0,2,0,2,0,0,0,0,0,7,60,2,4552,5151,8,16,40,1,0,1,0,0
1359866,2,2024,2024,1,6,5,125,27,32,144,0,1,1,-32.766845,152.079401,57,1,0,1,0,0,3,4,2,0,7,90,2,475,475,5,5,40,1,0,0,1,0
1359867,4,2024,2024,1,4,3,1104,14,323,962,0,1,3,-33.791405,150.815221,7,0,2,1,2,0,0,0,1,0,7,110,2,14295,14295,3,10,5,3,0,1,0,0
1359869,4,2024,2024,3,5,9,1,31,11,34609,0,1,9,-34.656323,150.29654,78,2,1,0,1,0,3,3,2,0,0,50,0,10,10,4,22,12,2,0,1,0,0
1359871,1,2024,2024,1,1,4,7,27,523,34609,0,1,1,-33.929658,150.922716,41,0,2,1,1,0,0,0,2,0,7,50,0,1259,985,1,19,0,2,0,0,0,1
1359873,2,2024,2024,1,5,4,22,31,532,34609,0,1,10,-33.866883,151.202567,69,0,2,1,1,0,3,3,2,2,7,40,0,5929,5929,1,0,5,2,0,0,1,0
1359875,1,2024,2024,6,0,8,829,27,26,770,0,1,2,-33.84086,151.146789,51,0,2,1,2,0,0,0,3,0,7,70,2,14295,14295,3,5,5,2,0,0,0,1
1359878,1,2024,2024,1,3,8,48,31,207,34609,0,1,1,-31.944854,141.486772,51,2,1,1,0,0,0,0,2,0,7,50,0,489,489,8,5,40,1,0,0,0,1
1359879,2,2024,2024,1,5,3,31,1,234,139,0,1,7,-34.287179,146.038717,28,2,1,1,2,0,0,0,1,0,0,50,2,6545,6545,4,5,25,2,0,0,1,0
1359881,2,2024,2024,5,0,4,3,31,16,34609,0,1,7,-33.795608,151.205236,77,0,2,1,1,0,0,0,2,0,0,50,0,6545,6545,4,5,19,2,0,0,1,0
1359883,4,2024,2024,6,0,10,3,31,84,34609,0,1,1,-33.468949,151.398738,16,2,2,1,2,0,0,0,0,0,7,50,0,9859,9859,1,16,0,2,0,1,0,0
1359884,2,2024,2024,1,2,8,12,27,22,34609,0,1,1,-35.148816,150.05014,58,2,1,0,0,0,0,0,2,0,7,80,0,1850,1463,5,16,40,1,0,0,1,0
1359889,4,2024,2024,1,1,5,2,27,21,34609,0,1,1,-32.912643,151.573254,37,0,2,0,0,2,0,0,2,0,7,70,0,1850,1463,5,16,40,1,0,1,0,0
1359890,4,2024,2024,8,2,6,123,36,37,90,0,1,1,-31.368436,151.543711,51,1,0,1,0,0,3,5,2,0,7,100,1,945,945,5,16,40,1,0,1,0,0
1359895,4,2024,2024,5,0,3,224,27,102,321,0,1,9,-33.966347,151.225057,59,0,2,1,2,0,3,0,1,2,7,70,2,5929,5929,1,10,5,2,0,1,0,0
1359898,4,2024,2024,8,4,4,13,27,70,34609,0,1,7,-33.974627,151.106932,25,0,2,1,0,0,0,0,2,0,0,50,0,926,926,4,22,0,2,0,1,0,0
1359899,2,2024,2024,1,0,2,916,17,70,917,0,1,1,-32.742393,151.566421,42,2,1,0,0,0,0,1,0,0,7,80,2,1850,1463,5,16,40,1,0,0,1,0
1359900,2,2024,2024,1,4,4,1052,14,149,928,0,1,3,-33.356947,151.350759,16,1,2,0,0,0,0,0,2,0,7,110,2,273,957,5,5,40,1,0,0,1,0
1359902,1,2024,2024,1,4,9,8,31,20,34609,0,1,1,-35.980234,146.63809,51,2,1,1,2,0,0,0,0,0,7,50,0,121,121,9,0,28,2,0,0,0,1
1359904,1,2024,2024,7,2,5,4,27,103,34609,0,1,1,-34.274471,148.269832,30,2,1,0,0,0,0,0,2,0,7,80,0,380,714,5,16,40,1,0,0,0,1
1359911,1,2024,2024,6,2,10,74,27,609,163,0,1,10,-33.776631,150.901632,7,0,2,1,2,0,3,4,3,2,7,60,2,14295,14295,3,0,5,2,0,0,0,1
1359913,4,2024,2024,8,4,5,147,27,104,605,0,1,10,-33.830511,151.219478,49,0,2,1,0,0,0,0,2,2,7,60,2,5929,5929,1,5,0,2,0,1,0,0
1359914,1,2024,2024,1,2,5,40,27,433,34609,0,1,9,-33.291536,149.084605,52,2,1,1,1,0,0,0,2,0,0,50,0,5929,5929,1,5,5,2,0,0,0,1
1359921,1,2024,2024,1,4,4,19,27,29,34609,1,0,1,-32.889026,151.694872,48,0,2,1,1,0,0,0,2,0,7,50,0,1220,1220,9,0,28,2,0,0,0,1
1359922,4,2024,2024,1,5,6,111,27,80,233,0,1,9,-33.933464,151.230307,59,0,2,1,1,0,0,0,2,0,7,60,2,5929,5929,1,5,5,2,0,1,0,0
1359925,1,2024,2024,1,4,6,500,27,145,799,0,1,9,-33.930889,151.0655,15,0,2,1,1,0,0,3,2,0,0,60,2,5929,5929,1,5,19,2,0,0,0,1
1359927,2,2024,2024,1,4,7,133,27,20,260,0,1,10,-32.936465,151.627461,37,0,2,1,1,0,0,0,2,0,0,60,2,256,256,4,5,0,3,0,0,1,0
1359929,2,2024,2024,0,4,5,191,17,25,189,0,1,9,-32.403639,150.72013,46,1,0,0,0,0,0,0,2,0,0,100,2,782,957,5,3,40,1,0,0,1,0
1359932,4,2024,2024,6,4,7,17,31,290,33,0,1,7,-33.955722,151.125639,4,0,2,1,1,0,0,0,2,0,0,50,1,6545,6545,4,16,5,2,0,1,0,0
1359935,4,2024,2024,1,5,4,230,27,84,284,0,1,9,-33.775225,151.104575,61,0,2,1,0,0,3,4,2,0,15,70,2,926,926,4,30,0,2,0,1,0,1
1359936,4,2024,2024,1,5,6,4,31,77,34609,0,1,10,-33.863283,150.935991,24,0,2,1,0,0,0,0,2,0,7,50,0,6545,6545,4,0,5,2,0,1,1,0
1359938,2,2024,2024,5,0,6,16,31,150,34609,0,1,7,-33.922784,151.229784,59,0,2,1,1,0,0,0,2,0,0,50,0,6545,6545,4,0,27,2,0,0,1,0
1359945,2,2024,2024,1,4,8,3,31,77,34609,1,0,1,-32.933546,151.752919,48,0,2,1,0,0,0,0,2,0,7,40,0,9859,9859,1,0,5,2,0,0,1,0
1359947,2,2024,2024,1,5,7,2,1,51,34609,0,1,10,-34.19243,150.977267,80,0,2,1,1,0,0,0,2,0,0,50,0,256,256,4,16,13,2,0,0,1,0
1359949,2,2024,2024,1,2,2,82,27,84,181,0,1,9,-33.893319,151.259623,76,0,2,1,2,0,0,0,1,0,0,50,2,3775,3775,0,5,5,3,0,0,1,0
1359950,2,2024,2024,1,1,9,11,27,23,34609,0,1,9,-33.717071,150.696946,55,0,2,0,0,0,0,0,0,0,0,60,0,2852,2852,4,5,13,2,0,0,1,0
1359952,2,2024,2024,5,1,4,43,2,92,42,0,1,2,-33.739103,150.949351,71,0,2,1,0,0,0,0,2,0,7,70,2,1383,1383,1,5,19,2,0,0,1,0
1359955,2,2024,2024,6,2,11,1,25,128,231,0,1,1,-33.423091,151.318775,16,2,2,1,2,0,0,0,0,0,7,50,2,9859,9859,1,10,8,3,0,0,1,0
1359956,4,2024,2024,1,1,11,2261,17,32,2252,0,1,3,-34.291805,150.626527,79,1,2,1,0,0,0,0,0,0,7,110,2,9859,9859,8,5,40,1,0,1,0,0
1359961,2,2024,2024,1,2,4,1,10,74,34609,0,1,7,-33.71722,151.041611,31,0,2,0,0,0,0,0,2,0,0,50,0,6545,6545,4,5,27,2,0,0,1,0
1359962,2,2024,2024,6,5,10,4,31,137,34609,0,1,9,-34.028107,151.060359,68,0,2,1,2,0,0,0,0,0,7,50,0,1669,1669,3,5,5,2,0,0,1,0
1359963,4,2024,2024,8,4,0,8,27,121,34609,0,1,1,-28.189913,153.538087,72,2,1,1,2,0,3,3,0,0,7,50,0,9859,9859,8,5,40,1,0,1,0,0
1359964,2,2024,2024,1,2,9,37,31,82,34609,0,1,1,-31.076292,150.932958,70,2,1,1,2,0,0,0,0,0,7,50,0,3775,3775,0,10,25,2,0,0,1,0
1359966,1,2024,2024,5,6,4,232,36,40,331,0,1,10,-33.950038,150.838787,41,0,2,0,1,0,0,0,2,2,7,70,2,14295,14295,3,10,0,5,0,0,0,2
1359968,2,2024,2024,5,5,8,1052,14,83,928,0,1,3,-33.494794,151.186927,16,1,2,1,0,0,3,4,2,0,7,90,2,9859,9859,8,9,40,1,0,0,1,1
1359971,4,2024,2024,6,3,9,90,31,169,165,0,1,2,-33.901779,151.214893,69,0,2,1,2,0,0,0,0,0,7,60,2,14295,14295,3,15,18,2,0,1,0,0
1359973,4,2024,2024,1,4,8,37,27,35,105,0,1,1,-33.886091,150.907192,24,0,2,1,2,0,0,0,0,0,7,60,1,1220,1220,9,5,28,2,0,1,0,0
1359979,2,2024,2024,5,3,8,7,27,22,34609,0,1,1,-33.451073,150.867711,29,2,2,0,0,0,0,0,0,0,7,70,0,4552,5151,8,0,40,1,0,0,1,0
1359981,4,2024,2024,5,5,6,4,31,9,34609,0,1,9,-32.911185,151.730243,48,0,2,1,1,0,0,0,2,0,7,50,0,2852,2852,4,9,5,2,0,1,0,0
1359982,4,2024,2024,1,2,7,2,27,56,34609,0,1,1,-32.817992,151.247497,17,2,1,0,0,2,0,0,2,0,7,40,0,3775,3775,0,10,13,2,0,1,2,1
1359988,1,2024,2024,5,2,7,63,27,224,605,0,1,2,-33.811391,151.244043,45,0,2,0,1,0,3,0,2,0,7,60,2,14295,14295,3,10,5,3,0,0,0,3
1359990,1,2024,2024,1,0,4,234,27,112,217,0,1,7,-33.696069,151.030357,31,0,2,0,0,0,0,0,2,0,0,60,2,14295,14295,3,21,5,2,0,0,0,1
1359991,2,2024,2024,1,3,9,2261,17,68,2252,0,1,2,-34.766225,148.759859,82,1,0,0,0,0,0,0,0,0,7,110,2,4552,5151,8,10,40,1,0,0,1,0