Crash ID,Degree of crash - detailed,Reporting year,Year of crash,Month of crash,Day of week of crash,Two-hour intervals,Street of crash,Street type,Town,Route no.,School zone location,School zone active,Type of location,Latitude,Longitude,LGA,Urbanisation,Conurbation 1,Alignment,Street lighting,Road surface,Surface condition,Weather,Natural lighting,Signals operation,Other traffic control,Speed limit,Road classification,RUM - code,DCA - code,First impact type,Key TU type,Other TU type,No. of traffic units involved,No. killed,No. seriously injured,No. moderately injured,No. minor-other injured
1359993,4,2024,2024,1,1,6,10,31,41,34609,0,1,1,-35.131115,147.363057,75,2,1,1,0,0,0,0,2,0,7,50,0,238,238,9,0,28,2,0,1,0,0
1359994,4,2024,2024,5,4,6,37,27,61,105,0,1,9,-33.887062,150.914171,24,0,2,1,1,0,0,0,2,2,7,60,1,2040,2040,9,0,28,2,0,1,0,0
1359995,4,2024,2024,5,0,9,177,31,174,208,0,1,1,-33.859734,150.922841,24,0,2,1,2,0,0,0,0,0,7,60,1,368,368,9,5,28,2,0,1,0,0
1359999,1,2024,2024,6,6,6,500,27,293,799,0,1,9,-33.931581,151.061797,15,0,2,1,1,0,0,0,2,0,0,60,2,926,926,4,5,0,2,0,0,0,1
1360004,2,2024,2024,5,3,6,7,31,161,34609,0,1,9,-33.886862,151.149663,32,0,2,1,1,0,0,0,2,0,7,50,0,323,323,1,15,5,2,0,0,1,0
1360005,4,2024,2024,5,4,6,485,27,110,769,0,1,9,-33.791497,150.997912,54,0,2,1,1,0,0,0,2,2,7,60,2,14295,14295,3,10,5,2,0,1,0,0
1360007,2,2024,2024,7,5,2,4,1,387,34609,0,1,0,-33.934256,151.182767,4,0,2,1,1,0,3,6,1,0,7,40,0,1945,1945,5,15,40,1,0,0,1,0
1360023,1,2024,2024,6,2,5,19,31,370,34609,0,1,1,-34.064107,150.827944,13,0,2,1,3,0,0,0,2,0,7,60,0,186,186,9,34,28,2,0,0,0,1
1360024,4,2024,2024,5,3,7,83,31,523,7,0,1,10,-33.924578,150.920859,41,0,2,1,0,0,0,0,2,2,7,50,1,6545,6545,4,5,41,5,0,2,1,0
1360026,2,2024,2024,8,1,7,31,31,182,34609,0,1,10,-32.838258,151.342651,17,2,1,1,3,0,0,0,2,0,0,50,0,6545,6545,4,5,36,2,0,0,1,0
1360027,1,2024,2024,5,4,7,229,14,175,237,0,1,3,-33.764303,151.085976,31,0,2,1,3,0,0,0,2,0,7,100,2,14295,14295,3,0,5,3,0,0,0,1
1360032,2,2024,2024,1,1,6,6,31,234,34609,0,1,1,-34.289321,146.045856,28,2,1,1,3,0,0,0,2,0,7,50,0,248,248,1,5,0,2,0,0,1,0
1360035,1,2024,2024,1,1,8,308,14,62,311,0,1,10,-33.732868,150.848821,7,0,2,1,3,0,3,0,2,1,7,60,2,14295,14295,3,29,12,2,0,0,0,1
1360038,4,2024,2024,1,5,10,105,17,251,136,0,1,10,-33.776727,150.933164,7,0,2,1,3,0,0,0,0,2,7,60,2,6545,6545,4,0,5,2,0,1,0,0
1360039,1,2024,2024,5,0,3,90,31,169,165,0,1,2,-33.901275,151.215037,69,0,2,1,3,0,0,0,1,0,7,60,2,14295,14295,3,0,5,2,0,0,0,1
1360041,2,2024,2024,1,0,5,169,31,39,42,0,1,1,-31.068777,152.820003,34,2,1,1,3,0,3,0,2,0,7,50,1,9859,9859,1,5,0,3,0,0,1,0
1360044,1,2024,2024,1,2,10,39,10,87,65,0,1,10,-33.699733,150.959025,71,0,2,1,3,0,0,0,0,2,7,60,1,5929,5929,1,5,5,2,0,0,0,2
1360045,2,2024,2024,1,2,5,101,10,239,35,0,1,2,-34.032249,151.121797,68,0,2,1,3,0,0,0,2,0,7,60,2,14295,14295,3,0,0,2,0,0,1,0
1360048,1,2024,2024,1,3,6,2261,17,140,2252,0,1,2,-33.898238,150.995111,15,0,2,1,3,0,0,0,2,2,7,70,2,1669,1669,3,5,5,2,0,0,0,1
1360050,1,2024,2024,1,0,7,95,31,69,34609,0,1,9,-34.545844,150.861924,62,0,2,1,3,0,0,0,2,0,7,50,0,1391,1391,1,33,0,3,0,0,0,1
1360055,1,2024,2024,6,0,9,34,27,225,69,0,1,1,-33.795841,151.174745,77,0,2,1,3,0,0,0,0,0,7,50,2,14295,14295,3,0,5,2,0,0,0,1
1360057,2,2024,2024,5,6,3,1052,14,207,928,0,1,3,-33.592774,151.172853,31,0,2,0,3,0,3,1,2,0,7,110,2,1192,1192,1,0,0,3,0,0,2,0
1360058,1,2024,2024,5,1,7,168,10,387,260,0,1,2,-33.943667,151.19134,4,0,2,1,3,0,0,0,2,0,7,70,2,14295,14295,3,5,0,2,0,0,0,1
1360062,4,2024,2024,1,1,3,79,27,198,159,0,1,1,-33.920533,151.106037,15,0,2,1,2,0,3,4,2,0,7,60,2,1945,1945,5,15,40,1,0,1,0,0
1360063,1,2024,2024,5,4,11,3371,17,53,3342,0,1,10,-33.689196,151.106814,31,0,2,1,3,0,0,0,0,2,7,60,2,1282,1282,1,29,0,2,0,0,0,1
1360066,1,2024,2024,1,1,4,1104,14,438,962,0,1,3,-33.841691,151.042103,54,0,2,1,3,0,0,0,2,0,7,90,2,1391,1391,1,29,5,3,0,0,0,1
1360068,1,2024,2024,1,4,5,234,27,54,217,0,1,9,-33.705924,151.011612,31,0,2,0,3,0,0,0,2,2,7,60,2,395,395,1,5,5,2,0,0,0,1
1360069,1,2024,2023,11,1,3,33,27,3,260,0,1,1,-33.061473,151.550484,37,0,2,0,3,0,0,0,2,0,7,90,2,204,204,1,21,13,3,0,0,0,1
1360072,2,2024,2024,1,6,4,2261,17,112,2252,0,1,10,-33.911409,150.93817,41,0,2,1,3,0,3,4,2,2,7,70,2,14295,14295,3,5,5,2,0,0,1,0
1360073,1,2024,2024,8,4,2,14,27,87,34609,0,1,7,-33.690093,150.954672,71,0,2,1,3,0,0,1,0,0,0,60,0,775,775,4,5,5,2,0,0,0,1
1360075,2,2024,2024,1,2,4,3371,17,53,3342,0,1,1,-33.68283,151.110794,31,0,2,1,3,0,0,0,2,0,7,60,2,4026,4026,8,0,40,1,0,0,1,0
1360078,2,2024,2024,1,6,4,15,27,3,5,0,1,1,-34.982162,147.152232,75,1,0,1,3,0,3,4,2,0,7,100,1,945,945,5,0,40,1,0,0,1,0
1360085,1,2024,2024,1,1,8,59,10,84,231,0,1,7,-33.472442,151.394817,16,2,2,1,3,0,3,4,3,0,0,60,2,14295,14295,3,0,0,2,0,0,0,1
1360088,1,2024,2024,1,3,6,6,10,31,34609,0,1,1,-34.585027,150.864985,62,0,2,1,3,0,0,0,2,0,7,50,0,1109,397,1,0,0,2,0,0,0,1
1360089,2,2024,2024,5,1,2,3,27,3,34609,0,1,1,-34.919005,149.167989,82,1,0,0,3,2,0,0,0,0,7,100,0,1957,4009,8,5,40,1,0,0,1,0
1360090,1,2024,2024,1,1,4,60,10,121,84,0,1,10,-28.198572,153.543792,72,2,1,1,1,0,0,0,2,2,7,60,1,14295,14295,3,21,13,2,0,0,0,1
1360095,1,2024,2024,1,3,9,3,27,4,34609,0,1,1,-33.296358,149.876335,40,1,0,1,3,0,0,0,0,0,7,100,0,1089,1089,7,0,40,1,0,0,0,1
1360097,1,2024,2024,1,2,4,220,14,133,220,0,1,3,-34.506276,150.789991,80,0,2,0,3,0,0,0,2,0,7,100,2,14295,14295,3,5,0,2,0,0,0,1
1360099,1,2024,2024,1,5,5,251,27,62,212,0,1,9,-33.751826,151.248307,50,0,2,1,3,0,0,0,2,0,7,50,2,1282,1282,1,0,0,2,0,0,0,1
1360103,2,2024,2024,5,1,8,22,1,166,34609,0,1,9,-33.940993,150.988667,15,0,2,1,3,0,0,0,0,0,7,50,0,5929,5929,1,5,5,2,0,0,1,0
1360104,4,2024,2024,7,4,5,2,27,12,34609,0,1,1,-33.021928,149.867517,44,1,0,1,3,2,0,0,2,0,7,100,0,1089,1089,7,16,40,1,0,1,0,0
1360105,4,2024,2024,1,2,4,32,27,169,88,0,1,1,-33.620753,150.740433,29,2,2,1,3,0,0,0,2,0,7,80,2,9859,9859,8,5,40,1,0,1,0,0
1360110,1,2024,2024,5,1,9,16,31,387,34609,1,0,10,-33.926356,151.200834,4,0,2,1,3,0,3,4,3,2,7,50,0,14295,14295,3,10,5,2,0,0,0,1
1360111,2,2024,2024,1,2,0,2,18,14,46,0,1,1,-34.912281,150.684724,63,2,1,1,3,0,0,0,0,0,7,80,1,1089,1089,7,10,40,1,0,0,1,0
1360113,1,2024,2024,6,5,7,40,27,136,34609,0,1,1,-33.912831,151.071796,15,0,2,1,3,0,3,3,2,0,7,50,0,1981,1981,4,5,0,2,0,0,0,1
1360115,1,2024,2024,1,3,5,2261,17,443,2252,0,1,2,-33.903486,151.043112,15,0,2,1,3,0,0,6,2,0,7,70,2,14295,14295,3,10,5,2,0,0,0,1
1360117,1,2024,2024,1,0,6,478,17,70,480,0,1,11,-33.437497,151.353271,16,2,2,0,3,0,0,0,2,0,0,60,2,14295,14295,3,0,41,2,0,0,0,1
1360123,2,2024,2024,1,2,2,1,1,609,34609,0,1,7,-33.76748,150.909197,7,0,2,1,3,0,0,0,0,0,0,50,0,6545,6545,4,0,5,2,0,0,1,0
1360126,4,2024,2024,1,2,9,74,27,609,48,0,1,2,-33.776022,150.896349,7,0,2,1,2,0,0,0,3,0,7,60,1,9859,9859,1,16,0,2,0,1,0,0
1360127,1,2024,2024,5,5,8,866,17,314,793,0,1,10,-33.853544,150.940641,24,0,2,0,3,0,0,0,2,2,7,70,2,14295,14295,3,10,0,2,0,0,0,1
1360132,2,2024,2024,1,5,10,175,27,21,220,0,1,9,-33.731262,150.921332,7,0,2,1,3,0,0,0,4,2,7,70,2,5929,5929,1,0,5,2,0,0,1,0
1360135,2,2024,2024,1,5,4,10,10,29,34609,0,1,9,-35.095934,150.627409,63,2,1,1,3,0,0,0,2,0,7,50,0,2852,2852,4,0,0,2,0,0,1,0
1360138,1,2024,2024,1,2,7,81,27,609,115,0,1,1,-33.786916,150.899499,7,0,2,1,3,0,0,0,2,0,7,60,2,14295,14295,3,0,5,3,0,0,0,3
1360141,1,2024,2024,1,6,8,4,27,6,34609,0,1,9,-32.666184,151.799292,57,1,0,1,3,0,0,0,2,0,7,90,0,14295,14295,3,0,0,2,0,0,0,1
1360142,2,2024,2024,1,2,9,126,27,74,168,0,1,2,-34.060681,150.78272,13,0,2,1,2,0,0,0,0,0,7,80,2,14295,14295,3,5,0,2,0,0,1,0
1360143,1,2024,2024,1,6,8,1104,11,532,770,0,1,2,-33.871422,151.203016,69,0,2,1,3,0,3,3,2,0,7,70,2,14295,14295,3,10,5,2,0,0,0,1
1360147,1,2024,2024,1,4,10,2209,17,59,2205,0,1,10,-34.33726,150.910815,80,0,2,1,3,0,0,0,0,2,7,60,2,945,945,5,5,40,1,0,0,0,1
1360151,1,2024,2024,1,4,6,9,10,35,34609,0,1,1,-34.213064,150.721396,79,2,2,1,3,0,0,3,2,0,7,80,0,1981,1981,4,10,0,2,0,0,0,1
1360153,1,2024,2024,1,3,7,1052,14,173,928,0,1,3,-33.702302,151.117967,31,0,2,1,3,0,0,0,2,0,7,110,2,14295,14295,3,5,5,4,0,0,0,1
1360157,1,2024,2024,1,4,8,330,23,150,233,0,1,10,-33.924354,151.228416,59,0,2,0,3,0,0,0,2,2,7,50,2,14295,14295,3,9,5,2,0,0,0,1
1360158,1,2024,2024,1,6,6,5,31,109,34609,0,1,1,-33.898116,151.140295,32,0,2,1,3,0,3,4,2,0,7,50,0,14295,14295,3,10,5,3,0,0,0,1
1360161,1,2024,2024,5,5,5,68,27,110,67,1,0,9,-33.775038,151.023814,54,0,2,0,3,0,0,0,2,0,0,60,1,2852,2852,4,19,5,2,0,0,0,1
1360162,2,2024,2024,1,6,3,143,31,123,181,0,1,2,-33.885054,151.227076,81,0,2,0,3,0,0,0,2,0,7,50,2,1109,787,1,10,19,2,0,0,1,0
1360165,2,2024,2024,1,4,6,39,27,2,43,0,1,7,-32.585917,149.590405,44,2,1,0,3,0,0,0,2,0,0,50,1,2585,777,8,5,40,1,0,0,1,0
1360168,2,2024,2024,1,1,5,34,31,96,25,1,0,7,-35.356324,149.233394,58,2,1,1,3,0,0,0,2,0,0,50,1,775,775,4,10,0,2,0,0,1,0
1360169,1,2024,2024,1,4,4,65,27,202,563,0,1,2,-33.940887,151.035363,15,0,2,1,3,0,0,0,2,0,7,70,2,14295,14295,3,0,0,2,0,0,0,1
1360171,4,2024,2024,1,2,5,65,10,132,148,0,1,1,-34.114999,151.063608,68,0,2,0,3,0,0,0,2,0,7,60,2,1259,5151,8,16,40,1,0,1,0,0
1360172,1,2024,2024,1,5,8,73,27,387,140,0,1,9,-33.921491,151.18423,4,0,2,0,3,0,0,3,0,0,15,60,2,14295,14295,3,5,5,2,0,0,0,1
1360173,4,2024,2024,1,5,8,111,27,7,233,0,1,1,-33.981727,151.236277,59,0,2,1,3,0,0,0,2,0,7,60,1,9859,9859,1,5,5,2,0,1,0,0
1360179,1,2024,2024,8,6,7,22,27,151,10,0,1,7,-34.026218,150.836082,13,0,2,1,3,0,0,0,2,0,0,60,1,14295,14295,3,5,0,2,0,0,0,1
1360181,1,2024,2024,1,0,4,149,27,38,198,0,1,1,-34.053431,150.968816,68,0,2,0,3,0,0,0,2,0,7,70,2,14295,14295,3,8,10,2,0,0,0,1
1360183,1,2024,2024,1,6,7,31,31,188,34609,0,1,10,-33.945654,151.099474,25,0,2,1,3,0,0,0,2,0,15,50,0,301,301,4,5,5,2,0,0,0,3
1360185,1,2024,2024,1,2,4,34,27,73,799,0,1,9,-33.896227,151.161621,32,0,2,0,3,0,0,0,2,0,6,60,2,14295,14295,3,0,5,2,0,0,0,1
1360188,1,2024,2024,5,3,6,2,27,9,34609,0,1,1,-33.999539,151.067793,68,0,2,1,3,0,0,0,2,0,7,50,0,9859,9859,1,0,5,2,0,0,0,1
1360189,1,2024,2024,1,4,8,14,27,125,32,0,1,7,-33.822517,151.125337,61,0,2,1,3,0,0,0,2,0,0,50,1,14295,14295,3,5,5,3,0,0,0,1
1360192,2,2024,2024,1,6,7,330,23,293,112,0,1,9,-33.950786,151.241229,59,0,2,1,1,0,3,3,2,0,0,60,2,6545,6545,4,5,0,2,0,0,1,0
1360194,2,2024,2024,1,1,3,829,27,159,770,0,1,9,-33.806036,151.079119,61,0,2,1,3,0,0,0,0,0,7,70,2,515,515,1,0,19,3,0,0,1,0
1360196,1,2024,2024,1,2,7,2126,17,136,2149,0,1,9,-33.860823,151.075021,67,0,2,1,3,0,0,0,2,0,7,60,2,5929,5929,1,0,13,2,0,0,0,1
1360198,2,2024,2024,1,4,6,2209,17,157,2205,0,1,2,-34.010284,151.095532,68,0,2,0,3,0,0,0,2,0,7,70,2,14295,14295,3,16,13,2,0,0,1,0
1360201,4,2024,2024,3,3,7,168,10,21,260,0,1,10,-33.951629,151.161179,4,0,2,0,1,0,0,0,2,1,7,60,2,1957,777,8,16,40,1,0,1,0,0
1360202,4,2024,2024,0,2,7,42,27,346,34609,0,1,9,-33.877606,151.08236,67,0,2,1,0,0,0,0,2,0,7,50,0,489,489,8,5,40,1,0,1,0,0
1360203,4,2024,2024,7,4,8,12,27,102,49,1,0,9,-31.111948,150.896477,70,2,1,1,2,0,0,0,2,0,0,60,1,2852,2852,4,0,0,2,0,1,1,0
1360205,2,2024,2024,0,6,11,177,31,237,208,0,1,1,-33.862649,150.956879,24,0,2,0,2,0,0,0,0,0,7,60,1,4552,5151,8,10,40,1,0,0,1,0
1360209,1,2024,2024,0,2,7,2261,17,64,2252,1,0,9,-33.886436,151.070763,67,0,2,1,1,0,0,0,2,0,15,60,2,5929,5929,1,5,0,2,0,0,0,1
1360210,2,2024,2024,0,4,11,195,27,83,186,0,1,2,-33.894236,150.857034,41,0,2,1,2,0,0,0,0,0,7,70,2,1383,1383,1,10,19,2,0,0,1,0
1360212,4,2024,2024,0,3,4,2,27,87,34609,0,1,1,-33.013565,151.444129,37,0,2,0,0,2,0,0,2,0,7,50,0,1220,1220,9,5,28,2,0,1,0,0
1360215,2,2024,2024,0,0,3,829,27,125,770,0,1,9,-33.826665,151.126314,61,0,2,1,1,0,0,0,2,0,7,60,2,9859,9859,8,16,40,1,0,0,1,0
1360217,2,2024,2024,8,1,4,37,31,198,41,0,1,9,-33.908872,151.103354,15,0,2,1,0,0,0,0,2,0,9,40,1,2040,2040,9,10,28,2,0,0,1,0
1360220,4,2024,2024,8,6,8,2261,17,187,2252,0,1,10,-33.88956,150.973286,15,0,2,1,1,0,0,0,2,2,7,70,2,5929,5929,1,0,0,2,0,1,0,0
1360221,4,2024,2024,0,0,7,103,27,438,563,0,1,2,-33.843501,151.043514,21,0,2,1,0,0,0,0,2,0,7,70,2,14295,14295,3,10,0,2,0,1,1,0
1360222,2,2024,2024,8,4,6,9,27,5,34609,0,1,1,-28.768917,153.515871,2,2,1,0,0,0,0,0,2,0,7,80,0,3775,3775,0,10,12,2,0,0,1,0
1360223,2,2024,2024,8,5,11,8,27,6,34609,0,1,1,-32.360365,151.528017,51,2,1,0,0,0,0,1,0,0,7,80,0,2585,4009,8,10,40,1,0,0,1,0
1360230,4,2024,2024,8,6,4,3371,17,21,3342,0,1,2,-31.635254,152.726156,56,1,0,0,0,0,0,0,2,0,7,110,2,14295,14295,3,5,13,2,0,1,0,0
1360231,4,2024,2024,0,0,8,171,31,523,34609,0,1,1,-33.917911,150.924911,41,0,2,1,1,0,0,0,2,0,9,50,0,1220,1220,9,10,28,2,0,1,0,0
1360232,2,2024,2024,8,3,5,2261,17,74,2252,0,1,3,-34.062601,150.784389,13,0,2,0,1,0,0,0,2,0,7,110,2,1192,1192,1,10,0,2,0,0,1,0
1360235,4,2024,2024,6,3,10,14,27,157,14,0,1,10,-33.799284,151.009561,54,0,2,1,2,0,0,0,0,0,15,60,1,2852,2852,4,5,5,2,0,1,0,0
1360239,4,2024,2024,6,3,8,5,31,131,34609,0,1,9,-36.079035,146.919296,0,2,1,1,0,0,0,0,2,0,7,50,0,9859,9859,1,0,5,2,0,1,0,0
1360240,4,2024,2024,6,5,8,30,27,646,34609,1,0,1,-33.932008,151.021804,15,0,2,1,2,0,0,0,0,0,9,50,0,1220,1220,9,0,28,2,0,1,0,0
1360241,2,2024,2024,8,3,9,2209,17,11,2205,0,1,9,-36.208096,150.123755,23,2,1,0,0,0,0,3,0,0,0,50,2,3775,3775,0,30,0,2,0,0,1,1
1360242,4,2024,2024,0,5,2,10,31,87,34609,0,1,7,-34.056789,151.152058,68,0,2,1,0,0,0,0,0,0,0,50,0,2040,2040,9,10,28,2,0,1,0,0
1360243,2,2024,2024,7,2,9,1104,14,142,962,0,1,3,-33.827718,151.000158,54,0,2,1,1,0,0,0,2,0,7,90,2,14295,14295,3,0,0,4,0,0,1,0
1360244,4,2024,2024,6,5,0,3371,17,69,3342,0,1,1,-32.933882,151.751255,48,0,2,1,2,0,0,0,0,0,7,60,2,9859,9859,1,5,0,2,0,1,0,0
1360247,4,2024,2024,6,3,11,500,27,293,799,0,1,1,-33.931595,151.061581,15,0,2,1,2,0,0,0,0,0,7,60,2,1192,1192,1,5,0,2,0,1,0,0
1360251,1,2024,2024,6,3,5,126,1,140,144,0,1,7,-33.782463,150.812921,7,0,2,0,1,0,0,0,2,0,0,70,2,14295,14295,3,10,13,2,0,0,0,1
1360252,2,2024,2024,8,5,3,232,36,79,331,0,1,2,-34.019649,150.761244,12,0,2,1,2,0,0,0,2,0,7,80,2,9859,9859,8,16,40,1,0,0,1,0
1360254,2,2024,2024,6,5,6,334,17,22,308,0,1,1,-31.324451,151.980398,51,1,0,0,0,0,0,0,2,0,7,100,2,1957,4009,8,29,40,1,0,0,1,0
1360256,4,2024,2024,6,5,5,1,31,77,34609,0,1,1,-32.94737,151.754022,48,0,2,1,0,0,0,0,2,0,7,50,0,1981,1981,4,10,0,2,0,1,0,0
1360257,2,2024,2024,6,0,9,73,24,50,88,0,1,1,-33.711476,151.274207,50,0,2,1,0,0,0,0,0,0,7,80,2,14295,14295,3,0,13,2,0,0,1,0
1360258,2,2024,2024,6,2,5,39,31,111,34609,0,1,7,-33.923982,151.2512,59,0,2,1,1,0,0,0,2,0,0,50,0,5929,5929,1,16,5,2,0,0,1,0
1360261,4,2024,2024,6,1,8,22,27,10,148,0,1,1,-30.49275,152.170636,1,1,0,1,0,0,0,0,3,0,7,100,2,14295,14295,3,29,0,2,0,1,1,0
1360263,2,2024,2024,6,2,3,76,24,164,311,0,1,9,-33.734714,150.873937,7,0,2,1,1,0,3,4,2,2,7,60,2,2852,2852,4,5,5,2,0,0,1,0
1360264,2,2024,2024,6,1,1,37,27,11,52,0,1,1,-34.0557,150.575801,79,2,2,0,2,0,0,0,0,0,7,80,1,1259,5151,8,5,40,1,0,0,1,0
1360265,4,2024,2024,5,0,7,21,27,7,61,0,1,1,-34.260552,146.098227,28,2,1,1,1,0,0,0,2,0,7,50,1,3775,3775,0,0,35,2,0,1,0,0
1360268,4,2024,2024,8,0,6,348,17,12,232,0,1,1,-32.651933,149.669043,44,1,0,0,0,0,0,0,2,0,7,100,2,4552,5151,8,16,40,1,0,1,0,0
1360270,2,2024,2024,5,6,6,8,27,194,34609,1,0,1,-30.500749,151.674556,1,2,1,1,0,0,0,0,2,0,7,50,0,1282,1282,1,5,40,1,0,0,1,0
1360271,4,2024,2024,6,2,5,10,31,87,34609,0,1,1,-34.057331,151.152045,68,0,2,1,1,0,3,4,2,0,7,50,0,2040,2040,9,5,28,2,0,1,0,0
1360272,4,2024,2024,5,6,4,28,31,532,34609,0,1,10,-33.870843,151.206306,69,0,2,1,1,0,0,0,2,2,9,40,0,2040,2040,9,33,28,2,0,1,0,0
1360273,4,2024,2024,5,0,3,3,1,64,34609,0,1,9,-33.946482,150.996267,15,0,2,0,2,0,3,0,0,0,7,50,0,1220,1220,9,34,28,2,0,1,1,0
1360274,2,2024,2024,6,0,8,55,27,35,34609,0,1,9,-33.877663,150.899031,24,0,2,1,2,0,0,3,0,0,7,50,0,256,256,4,0,13,2,0,0,1,0
1360275,2,2024,2024,5,0,3,7,27,103,34609,0,1,9,-34.335286,148.322442,30,1,0,1,0,2,0,0,0,0,0,100,0,489,489,8,5,40,1,0,0,1,0
1360276,2,2024,2024,6,2,4,44,27,30,34609,0,1,1,-34.330132,146.032074,28,1,0,1,0,0,0,1,2,0,7,100,0,941,941,1,30,0,2,0,0,1,0
1360277,2,2024,2024,5,6,6,16,31,161,34609,0,1,1,-33.88673,151.161685,32,0,2,1,1,0,0,0,2,0,7,50,0,2040,2040,9,0,28,2,0,0,1,0
1360281,4,2024,2024,5,1,9,23,31,107,34609,0,1,9,-29.687392,152.93878,18,2,1,1,2,0,0,0,0,0,0,50,0,489,489,5,16,40,1,0,1,0,0
1360283,4,2024,2024,5,6,8,344,27,168,382,0,1,2,-33.706429,150.838831,7,0,2,1,2,0,0,0,3,0,7,80,2,14295,14295,3,8,25,4,0,1,0,0
1360284,4,2024,2024,5,0,4,25,1,193,34609,0,1,9,-33.789224,151.092647,61,0,2,0,1,0,0,0,2,0,0,50,0,1220,1220,9,30,28,2,0,1,1,0
1360285,4,2024,2024,8,1,5,2126,17,33,2149,0,1,9,-33.789364,150.857187,7,0,2,1,1,0,3,4,2,2,7,80,2,2852,2852,4,8,5,2,0,1,0,0
1360288,2,2024,2024,5,1,4,126,1,226,144,0,1,9,-33.773833,150.815628,7,0,2,1,1,0,0,0,2,2,7,60,2,775,775,4,0,5,2,0,0,1,0
1360289,4,2024,2024,5,1,3,330,23,123,233,0,1,10,-33.886648,151.219046,69,0,2,1,0,0,0,0,2,2,7,60,2,186,186,9,9,28,2,0,1,0,0
1360290,2,2024,2024,5,0,3,71,27,21,122,0,1,9,-34.539855,150.864877,62,0,2,1,1,0,0,0,2,0,7,70,2,775,775,4,5,5,3,0,0,1,0
1360292,4,2024,2024,6,6,8,4,27,70,34609,0,1,1,-33.983369,151.105182,25,0,2,1,2,0,0,0,0,0,7,50,0,9859,9859,8,5,40,1,0,1,0,0
1360296,1,2024,2024,5,4,7,109,27,71,106,0,1,2,-33.833872,150.976921,21,0,2,1,1,0,0,0,2,0,7,60,1,14295,14295,3,33,27,2,0,0,0,1
1360297,2,2024,2024,6,6,8,44,27,89,38,1,0,9,-33.864951,150.88992,24,0,2,1,2,0,0,0,3,0,7,60,1,2040,2040,9,5,28,2,0,0,1,0
1360301,4,2024,2024,5,0,5,14,31,523,34609,0,1,10,-33.930893,150.918889,41,0,2,1,1,0,0,0,2,0,15,50,0,6545,6545,4,5,0,2,0,1,1,0
1360303,2,2024,2024,6,1,6,48,31,121,102,0,1,9,-33.799224,151.284376,50,0,2,1,1,0,0,0,2,2,7,30,2,5929,5929,1,0,0,2,0,0,1,0
1360306,1,2024,2024,5,2,6,13,1,6,8,0,1,10,-35.088496,144.031625,51,2,1,1,1,0,0,0,2,0,0,50,1,6545,6545,4,0,0,2,0,0,0,1
1360313,2,2024,2024,5,1,7,18,27,89,27,0,1,9,-33.677486,150.787931,55,0,2,0,0,0,0,0,2,0,0,80,1,1669,1669,3,5,0,2,0,0,1,0
1360314,4,2024,2024,5,1,9,158,27,68,207,0,1,9,-33.872791,151.248238,81,0,2,0,2,0,3,0,0,2,7,60,2,5929,5929,1,5,19,2,0,1,0,0
1360315,2,2024,2024,8,1,2,2126,17,147,2149,0,1,9,-33.873823,151.127124,32,0,2,1,2,0,0,0,1,2,7,60,2,14295,14295,3,5,19,2,0,0,1,0
1360316,2,2024,2024,6,4,6,2,27,9,34609,0,1,1,-31.941347,151.271644,73,2,1,0,0,2,0,0,2,0,7,50,0,1850,1463,5,16,40,1,0,0,1,0
1360320,4,2024,2024,5,2,5,348,27,21,100,0,1,9,-33.609492,150.717603,29,2,2,1,1,0,3,3,2,0,15,60,2,2852,2852,4,0,10,2,0,1,0,0
1360323,4,2024,2024,5,0,8,4,27,43,34609,0,1,1,-33.583326,150.885069,29,2,2,1,0,0,0,0,3,0,7,70,0,9859,9859,8,5,40,1,0,1,0,1
1360324,4,2024,2024,5,3,2,1,27,232,769,0,1,10,-33.684122,150.916966,71,0,2,1,2,0,0,0,0,2,7,80,2,6545,6545,4,0,5,2,0,1,0,0
1360325,4,2024,2024,5,1,2,16,27,13,118,0,1,1,-29.431788,150.625156,51,1,0,0,0,0,0,0,0,0,7,100,1,3775,3775,0,10,13,3,0,1,0,0
1360327,2,2024,2024,8,3,5,71,27,19,69,0,1,1,-36.352209,148.763109,65,1,0,0,1,0,3,4,2,0,7,100,2,2585,4009,8,5,40,1,0,0,1,1
1360328,4,2024,2024,5,2,11,13,27,36,14,0,1,9,-33.539919,149.25682,51,2,1,1,2,0,3,0,0,0,0,50,1,4552,985,8,0,40,1,0,1,0,0
1360329,2,2024,2024,5,6,8,18,31,42,34609,0,1,1,-33.821574,151.193345,77,0,2,1,2,0,0,0,3,0,9,40,0,2040,2040,9,5,28,2,0,0,1,0
1360334,4,2024,2024,5,6,11,1,27,5,34609,0,1,1,-30.786624,152.735524,47,1,0,0,0,2,0,0,0,0,7,100,0,2585,4009,8,10,40,1,0,1,0,1
1360336,1,2024,2024,1,0,8,132,31,174,126,0,1,10,-33.888649,151.198898,69,0,2,1,2,0,0,0,0,2,7,50,2,14295,14295,3,5,5,2,0,0,0,1
1360337,4,2024,2024,5,6,8,77,27,40,34609,0,1,1,-34.416384,150.88473,80,0,2,1,2,0,0,0,0,0,7,50,0,5929,5929,1,5,19,2,0,1,0,0
1360343,2,2024,2024,5,2,6,158,27,68,207,0,1,2,-33.874832,151.246999,81,0,2,0,1,0,0,0,2,0,7,60,2,1957,4009,8,5,40,1,0,0,1,0
1360346,2,2024,2024,5,1,2,14,31,445,34609,0,1,10,-33.867636,151.042975,21,0,2,1,0,0,0,0,1,0,0,50,0,2040,2040,9,0,28,2,0,0,1,0