Crash ID,Degree of crash - detailed,Reporting year,Year of crash,Month of crash,Day of week of crash,Two-hour intervals,Street of crash,Street type,Town,Route no.,School zone location,School zone active,Type of location,Latitude,Longitude,LGA,Urbanisation,Conurbation 1,Alignment,Street lighting,Road surface,Surface condition,Weather,Natural lighting,Signals operation,Other traffic control,Speed limit,Road classification,RUM - code,DCA - code,First impact type,Key TU type,Other TU type,No. of traffic units involved,No. killed,No. seriously injured,No. moderately injured,No. minor-other injured
1360350,4,2024,2024,5,2,6,44,1,126,22,0,1,10,-33.930246,150.812613,41,0,2,1,0,0,0,0,2,0,0,60,1,6545,6545,4,5,13,2,0,1,0,0
1360351,2,2024,2024,1,5,6,13,31,120,81,0,1,2,-32.180723,152.516949,43,2,1,1,1,0,0,0,2,0,9,50,2,9859,9859,8,0,40,1,0,0,1,0
1360356,4,2024,2024,1,6,6,13,1,562,34609,0,1,7,-32.251404,148.630478,22,2,1,1,1,0,3,4,2,0,0,60,0,2040,2040,9,10,28,2,0,1,0,0
1360358,2,2024,2024,8,1,8,39,27,36,91,0,1,9,-33.936571,151.257721,59,0,2,1,1,0,0,0,2,0,7,50,1,775,775,4,34,36,2,0,0,2,0
1360359,4,2024,2024,1,0,5,30,10,27,30,0,1,1,-33.221793,151.218543,16,2,2,0,1,0,0,0,2,0,7,80,1,14295,14295,3,8,19,2,0,1,0,0
1360360,4,2024,2024,1,4,9,26,31,161,6,0,1,1,-33.886506,151.157402,32,0,2,1,2,0,0,0,0,0,7,40,1,340,340,9,16,28,2,0,1,0,0
1360361,2,2024,2024,1,0,7,56,27,443,44,0,1,1,-33.908277,151.057044,15,0,2,1,1,0,0,0,2,0,9,40,1,2040,2040,9,0,28,2,0,0,1,1
1360365,4,2024,2024,5,2,5,1,27,15,34609,0,1,1,-30.11868,153.125899,19,1,0,0,0,2,0,0,2,0,7,100,0,3775,3775,0,16,13,3,0,2,0,0
1360372,4,2024,2024,1,1,10,1,27,10,34609,0,1,1,-32.692056,148.15937,53,1,0,1,1,0,0,0,0,0,7,100,0,9859,9859,8,10,40,1,0,2,0,0
1360379,1,2024,2024,1,6,4,1,34,15,34609,0,1,1,-30.231217,153.095238,19,2,1,0,0,2,0,0,2,0,7,50,0,1259,5151,8,0,40,1,0,0,0,1
1360383,4,2024,2024,1,4,3,120,27,10,148,0,1,1,-30.546673,151.768561,1,1,0,0,0,0,0,0,2,0,7,100,2,1089,1089,7,0,40,1,0,1,0,0
1360385,4,2024,2024,6,2,6,165,31,532,34609,0,1,0,-33.869635,151.206949,69,0,2,1,0,0,0,0,2,0,7,20,0,186,186,9,22,28,2,0,1,0,0
1360389,2,2024,2024,1,5,8,3,10,29,34609,0,1,1,-35.134101,147.336164,75,2,1,0,0,0,0,0,2,0,7,50,0,1669,1669,3,5,0,2,0,0,1,0
1360390,4,2024,2024,1,3,4,2209,17,57,2205,0,1,2,-34.665431,150.846271,35,1,0,1,0,0,0,0,2,0,7,100,2,4026,4026,8,16,40,1,0,1,0,0
1360391,1,2024,2024,5,6,7,2,27,197,34609,1,0,1,-33.946932,151.080153,25,0,2,1,1,0,0,0,2,0,7,50,0,1220,1220,9,0,28,2,0,0,0,1
1360392,1,2024,2024,5,5,10,133,31,161,51,1,0,10,-33.883791,151.157064,32,0,2,1,2,0,0,0,0,2,7,50,1,5929,5929,1,5,18,2,0,0,0,1
1360394,2,2024,2024,1,1,8,7,27,3,34609,0,1,1,-30.627624,151.107718,70,1,0,0,0,0,0,0,3,0,7,100,0,4552,5151,8,0,40,1,0,0,2,0
1360395,4,2024,2024,5,3,9,330,27,147,605,0,1,2,-33.756815,151.282265,50,0,2,1,2,0,0,0,0,0,7,60,2,9859,9859,1,0,5,2,0,1,0,0
1360396,1,2024,2024,1,6,0,1,25,26,34609,0,1,1,-34.866665,150.567455,63,2,1,1,2,0,0,0,0,0,7,50,0,1089,1089,7,16,40,1,0,0,0,1
1360397,4,2024,2024,1,4,4,330,10,5,34609,0,1,1,-28.621255,152.976693,51,2,1,0,0,0,0,0,2,0,7,80,0,3775,3775,0,29,0,2,0,2,0,0
1360399,2,2024,2024,1,3,1,78,17,39,75,0,1,2,-33.84414,151.21136,49,0,2,1,2,0,0,0,0,0,7,60,2,14295,14295,3,30,0,2,0,0,1,0
1360407,4,2024,2024,5,6,6,2,31,316,34609,0,1,10,-31.435971,152.902793,56,2,1,1,1,0,0,0,2,0,0,50,0,6545,6545,4,0,5,2,0,1,0,0
1360408,2,2024,2024,6,6,7,1,36,433,34609,0,1,9,-33.265919,149.068857,52,2,1,1,1,0,0,0,2,0,7,50,0,1945,1945,5,16,40,1,0,0,1,0
1360417,2,2024,2024,1,6,9,49,27,111,62,0,1,2,-33.697403,150.886887,7,0,2,1,2,0,0,0,0,0,7,70,2,14295,14295,3,0,0,3,0,0,1,0
1360419,1,2024,2024,8,0,7,224,27,387,321,0,1,9,-33.932155,151.194026,4,0,2,1,1,0,0,0,2,3,7,50,2,1192,1192,1,9,27,2,0,0,0,1
1360424,2,2024,2024,1,6,7,205,27,161,415,0,1,9,-33.70993,151.174733,36,0,2,1,1,0,0,0,2,0,7,60,2,5929,5929,1,5,19,2,0,0,1,0
1360426,4,2024,2024,1,3,8,95,31,218,34609,0,1,9,-33.764251,150.774451,55,0,2,1,0,0,0,0,2,0,9,40,0,2040,2040,9,5,28,2,0,1,0,0
1360428,4,2024,2024,1,5,10,485,31,169,769,0,1,9,-33.601405,150.762093,29,2,2,1,0,0,0,0,2,0,7,60,2,1669,1669,3,16,0,2,0,1,0,0
1360430,1,2024,2024,1,5,3,133,17,5,121,0,1,1,-36.179837,149.157731,65,1,0,0,0,0,0,1,1,0,7,100,2,1259,5151,8,5,40,1,0,0,0,1
1360431,4,2024,2024,0,2,7,1052,14,21,928,0,1,3,-33.258918,151.403468,16,1,2,1,1,0,3,4,2,0,7,110,2,1282,1282,1,5,10,2,0,1,2,0
1360434,2,2024,2024,6,0,11,1104,11,532,770,0,1,2,-33.869854,151.20327,69,0,2,1,2,0,3,4,0,0,7,70,2,1282,1282,1,5,0,2,0,0,1,0
1360437,4,2024,2024,1,6,2,89,31,316,34609,0,1,10,-31.42925,152.906832,56,2,1,1,3,0,3,4,0,0,9,50,0,1220,1220,9,10,28,2,0,1,0,0
1360438,1,2024,2024,1,4,4,6,1,47,34609,0,1,1,-33.775927,151.277331,50,0,2,1,0,0,3,4,2,0,7,50,0,1945,1945,5,15,40,1,0,0,0,1
1360441,2,2024,2024,5,6,5,18,31,108,57,0,1,6,-28.856979,153.56082,2,2,1,1,1,0,0,0,2,0,7,60,1,14295,14295,3,0,5,2,0,0,1,0
1360442,2,2024,2024,5,2,4,42,10,78,39,0,1,2,-34.475017,150.834966,80,0,2,1,0,0,3,4,2,0,7,70,1,9859,9859,8,10,40,1,0,0,1,0
1360443,4,2024,2024,5,5,3,2261,17,64,2252,0,1,2,-33.890377,151.079508,67,0,2,1,1,0,0,0,2,0,7,60,2,14295,14295,3,16,13,2,0,1,0,0
1360444,4,2024,2024,1,1,4,149,27,294,198,0,1,1,-33.936242,150.935586,41,0,2,0,0,0,0,0,2,0,7,60,2,1669,1669,3,0,19,2,0,1,0,0
1360449,2,2024,2024,1,3,4,24,31,169,769,0,1,10,-33.59918,150.751934,29,2,2,1,1,0,0,0,2,2,7,60,2,256,256,4,16,0,2,0,0,1,0
1360451,2,2024,2024,6,1,9,63,27,3,605,0,1,1,-33.802395,151.246213,51,2,1,1,2,0,0,0,0,0,7,60,2,1192,1192,1,10,18,2,0,0,1,0
1360453,4,2024,2024,1,4,8,6,27,443,34609,0,1,1,-33.898863,151.058374,15,0,2,1,1,0,0,0,2,0,7,50,0,340,340,9,0,28,2,0,1,0,0
1360457,2,2024,2024,6,4,3,3,27,10,34609,0,1,1,-32.833349,151.315485,17,2,1,1,0,0,0,0,1,0,7,80,0,1669,1669,3,16,0,2,0,0,1,0
1360464,2,2024,2024,1,2,7,1104,11,130,770,0,1,2,-33.869639,151.18735,69,0,2,1,0,0,0,0,2,0,7,60,2,14295,14295,3,33,19,2,0,0,1,0
1360466,1,2024,2024,1,4,4,2,10,42,34609,1,0,1,-33.734234,150.859479,7,0,2,1,0,0,0,0,2,0,7,50,0,13,188,1,8,0,2,0,0,0,1
1360467,4,2024,2024,1,0,9,308,14,252,311,0,1,3,-33.93986,150.878821,41,0,2,0,2,0,0,0,3,0,7,100,2,14295,14295,3,0,0,2,0,1,0,0
1360469,4,2024,2024,1,1,6,3,1,96,34609,0,1,1,-33.435101,151.395775,16,2,2,1,1,0,3,2,2,0,7,40,0,14295,14295,3,30,5,2,0,1,0,0
1360473,4,2024,2024,1,4,10,3,10,28,34609,0,1,9,-34.09237,150.790714,13,0,2,1,2,0,0,0,0,0,7,50,0,9859,9859,1,21,5,2,0,1,0,0
1360476,2,2024,2024,5,5,7,113,27,218,111,0,1,9,-33.771945,150.773175,55,0,2,1,1,0,0,0,2,0,15,60,2,6545,6545,4,5,5,2,0,0,1,2
1360478,2,2024,2024,1,1,6,19,27,6,42,0,1,9,-34.891892,150.593799,63,2,1,1,1,0,0,0,2,0,0,60,1,14295,14295,3,10,36,2,0,0,1,0
1360480,1,2024,2024,1,5,2,8,27,31,34609,0,1,1,-33.429582,151.371269,16,2,2,1,0,0,0,0,0,0,7,50,0,4026,4026,8,30,40,1,0,0,0,1
1360481,1,2024,2024,5,4,7,3,31,246,34609,0,1,1,-33.904145,151.193276,69,0,2,1,0,0,2,6,2,0,7,40,0,515,515,1,5,27,2,0,0,0,1
1360484,2,2024,2024,8,0,6,19,27,137,49,0,1,9,-33.901861,150.897421,24,0,2,1,1,0,0,0,2,0,7,50,1,941,941,1,5,5,2,0,0,1,0
1360485,2,2024,2024,5,6,8,14,31,42,34609,0,1,10,-35.354455,149.244096,58,2,1,1,1,0,0,0,3,0,0,50,0,6545,6545,4,5,5,3,0,0,1,1
1360490,4,2024,2024,1,4,10,55,27,137,34609,0,1,1,-32.955165,151.686081,37,0,2,0,2,0,0,0,0,0,7,60,0,404,404,8,16,40,1,0,1,0,0
1360491,2,2024,2024,5,5,10,51,27,90,34609,0,1,9,-33.886523,151.236669,81,0,2,0,0,0,3,4,0,0,15,50,0,1220,1220,9,0,28,2,0,0,1,0
1360494,4,2024,2024,1,5,7,3371,17,53,3342,0,1,2,-33.76577,151.156776,36,0,2,1,1,0,0,3,2,0,7,60,2,340,340,9,10,28,2,0,1,0,0
1360497,4,2024,2024,1,2,3,3371,17,57,3342,0,1,2,-33.664516,151.122796,31,0,2,1,1,0,0,0,2,0,7,80,2,14295,14295,3,5,27,2,0,1,0,0
1360498,1,2024,2024,1,5,3,7,27,33,34609,0,1,1,-34.76531,150.675993,63,2,1,0,0,0,0,0,2,0,7,60,0,2585,4009,8,34,40,1,0,0,0,1
1360502,1,2024,2024,1,2,0,24,31,31,24,0,1,7,-33.43243,151.367187,16,2,2,1,2,0,0,0,0,0,0,60,1,9859,9859,8,5,40,1,0,0,0,1
1360504,2,2024,2024,5,4,8,29,31,174,34609,0,1,10,-33.891709,151.20866,69,0,2,1,2,0,0,0,3,0,15,40,0,6545,6545,4,5,19,2,0,0,2,0
1360505,2,2024,2024,1,3,9,16,27,113,16,0,1,1,-33.828769,150.758652,55,0,2,1,2,0,0,0,0,0,7,60,1,1089,1089,7,16,40,1,0,0,1,0
1360506,2,2024,2024,5,5,8,2126,17,169,2149,0,1,9,-33.786036,150.843236,7,0,2,1,1,0,0,0,2,0,0,80,2,5929,5929,1,5,5,2,0,0,1,0
1360507,4,2024,2024,1,5,9,60,10,121,84,0,1,9,-28.187321,153.540051,72,2,1,1,2,0,3,4,0,2,7,60,1,5929,5929,1,21,19,2,0,1,0,0
1360511,2,2024,2024,5,2,9,1052,14,36,928,0,1,3,-33.632953,151.148999,31,0,2,0,2,0,0,0,0,0,7,110,2,941,941,1,5,5,2,0,0,1,0
1360513,4,2024,2024,1,2,10,45,27,21,34609,0,1,1,-32.779948,151.958275,57,2,1,1,0,0,0,0,0,0,7,80,0,1945,1945,5,16,40,1,0,1,0,0
1360514,2,2024,2024,1,0,10,59,31,107,321,0,1,10,-33.88084,151.200347,69,0,2,1,2,0,0,0,0,2,7,50,2,5929,5929,1,5,27,2,0,0,1,0
1360515,4,2024,2024,1,2,3,92,31,28,34609,1,0,9,-33.795877,151.200544,77,0,2,1,1,0,0,0,2,0,7,50,0,387,387,1,22,36,2,0,1,0,0
1360517,4,2024,2024,5,0,0,3371,17,28,3342,0,1,2,-28.698001,153.532652,10,1,0,1,0,0,3,4,0,0,7,110,2,1282,1282,1,3,13,2,0,1,0,0
1360518,2,2024,2024,5,0,5,2,27,11,34609,0,1,1,-31.492688,152.742298,56,2,1,1,1,0,3,4,2,0,7,60,0,9859,9859,8,5,40,1,0,0,1,0
1360520,4,2024,2024,1,3,8,135,17,65,136,0,1,1,-36.07272,147.019169,0,2,1,1,0,0,0,0,2,0,7,80,2,14295,14295,3,16,0,2,0,1,0,0
1360522,2,2024,2024,1,6,4,8,7,36,22,1,0,11,-33.881524,151.18173,69,0,2,1,1,0,0,3,2,0,15,50,2,5929,5929,1,17,5,2,0,0,1,0
1360523,1,2024,2024,5,4,8,6,1,64,34609,0,1,1,-34.040526,150.739017,12,0,2,1,0,0,0,0,2,0,7,50,0,14295,14295,3,0,5,2,0,0,0,1
1360524,4,2024,2024,1,6,9,2209,17,106,2205,0,1,9,-34.568024,150.803086,62,0,2,0,2,0,0,0,3,2,2,60,2,1981,1981,4,0,0,2,0,1,1,0
1360525,4,2024,2024,1,4,6,48,10,41,52,0,1,9,-30.341663,153.093294,19,2,1,1,0,0,0,0,2,0,0,80,1,2852,2852,4,5,5,2,0,4,0,0
1360528,2,2024,2024,5,5,2,72,31,363,34609,0,1,9,-33.811938,151.002676,54,0,2,1,2,0,3,4,1,2,7,40,0,5929,5929,1,10,18,2,0,0,1,0
1360530,4,2024,2024,1,4,9,330,23,123,233,0,1,10,-33.910039,151.223172,59,0,2,1,2,0,0,0,0,2,7,50,2,1945,1945,5,16,40,1,0,1,0,0
1360531,1,2024,2024,8,6,5,3,1,309,34609,0,1,1,-33.803051,151.106676,61,0,2,1,1,0,0,0,2,0,14,50,0,368,368,9,5,28,2,0,0,0,1
1360533,2,2024,2024,7,4,2,8,24,9,34609,0,1,9,-35.143516,147.326353,75,2,1,1,2,0,0,0,0,0,0,70,0,489,489,5,10,40,1,0,0,1,0
1360536,2,2024,2024,5,3,6,4,1,176,34609,0,1,9,-33.961052,151.141569,4,0,2,1,0,0,0,0,2,0,7,50,0,2852,2852,4,5,5,2,0,0,1,0
1360542,4,2024,2024,5,6,8,916,17,104,917,0,1,2,-32.817493,151.678973,48,0,2,1,0,0,0,0,3,0,7,60,2,1282,1282,1,5,19,3,0,1,0,0
1360543,2,2024,2024,1,3,10,13,27,173,11,0,1,10,-33.774823,151.12065,61,0,2,1,2,0,3,0,0,2,7,50,2,1850,985,5,16,40,1,0,0,1,0
1360544,2,2024,2024,5,2,7,15,27,25,117,0,1,1,-32.87118,151.708957,48,0,2,1,1,0,0,0,2,0,7,60,2,9859,9859,8,0,40,1,0,0,1,0
1360546,4,2024,2024,1,0,5,162,31,65,122,0,1,10,-34.485377,150.887635,80,0,2,1,1,0,0,0,2,2,9,60,2,1220,1220,9,0,28,2,0,1,0,0
1360549,1,2024,2024,1,3,7,2,31,106,34609,0,1,10,-28.871127,153.049069,60,2,1,1,1,0,0,3,2,0,0,50,0,6545,6545,4,5,5,2,0,0,0,2
1360554,4,2024,2024,1,6,2,2261,17,64,2252,0,1,9,-33.887133,151.072677,67,0,2,1,2,0,3,4,0,0,7,60,2,5929,5929,1,29,5,2,0,1,1,1
1360555,4,2024,2024,1,2,6,1,10,201,34609,0,1,1,-34.01625,150.86945,13,0,2,1,1,0,0,0,2,0,7,50,0,2040,2040,9,10,28,2,0,1,0,0
1360560,4,2024,2024,1,2,8,109,27,247,106,0,1,9,-33.828096,150.937594,21,0,2,1,1,0,0,0,2,0,0,60,1,926,926,4,5,19,2,0,1,0,0
1360562,2,2024,2024,5,3,9,39,22,65,34609,0,1,1,-33.389697,151.408329,16,2,2,0,1,0,3,4,0,0,7,60,0,380,714,5,0,40,1,0,0,1,0
1360568,4,2024,2024,1,1,8,5,27,6,34609,0,1,1,-32.717645,151.63959,42,2,1,0,1,0,3,4,2,0,7,80,0,4552,5151,8,0,40,2,0,1,1,0
1360569,2,2024,2024,1,2,1,3371,17,139,3342,0,1,10,-33.836832,151.207267,49,0,2,1,2,0,0,0,0,2,7,40,2,6545,6545,4,0,5,2,0,0,1,0
1360575,2,2024,2024,1,0,4,24,1,65,34609,0,1,1,-34.485539,150.876866,80,0,2,0,1,0,0,0,2,0,7,50,0,237,397,1,5,5,3,0,0,1,0
1360576,2,2024,2024,5,4,6,224,27,246,321,1,0,9,-33.919379,151.198564,69,0,2,1,0,0,0,0,2,2,9,50,2,2040,2040,9,5,28,2,0,0,1,0
1360578,4,2024,2024,1,2,5,283,27,91,702,0,1,9,-33.955221,151.085683,25,0,2,1,1,0,0,0,2,0,7,60,2,14295,14295,3,10,0,2,0,3,0,0
1360581,4,2024,2024,1,2,7,81,31,271,80,0,1,6,-33.936016,151.011511,15,0,2,0,1,0,0,0,2,0,9,60,1,14295,14295,3,5,0,2,0,1,0,0
1360583,2,2024,2024,1,5,4,866,17,110,793,0,1,10,-33.754091,151.047633,71,0,2,0,1,0,0,0,2,2,7,70,2,14295,14295,3,5,0,2,0,0,1,0
1360591,4,2024,2024,1,0,5,10,31,188,17,0,1,1,-33.941915,151.096657,25,0,2,1,1,0,0,0,2,0,7,50,1,2040,2040,9,0,28,2,0,1,0,0
1360594,1,2024,2024,5,5,8,204,31,169,14,1,0,9,-33.902217,151.208224,69,0,2,1,2,0,0,0,3,0,7,50,1,14295,14295,3,22,13,2,0,0,0,1
1360597,2,2024,2024,5,5,3,3371,17,173,3342,1,0,9,-33.722342,151.118174,36,0,2,1,1,0,0,0,2,0,7,60,2,2040,2040,9,0,28,2,0,0,1,0
1360598,4,2024,2024,1,6,7,308,14,53,311,0,1,3,-33.911124,150.848182,41,0,2,1,0,0,0,0,2,0,7,100,2,9859,9859,8,8,40,1,0,1,0,0
1360599,2,2024,2024,1,0,7,6,31,219,34609,0,1,10,-32.908283,151.674646,48,0,2,1,1,0,0,0,2,0,15,50,0,301,301,4,30,0,2,0,0,1,0
1360604,1,2024,2024,1,3,5,15,27,22,34609,0,1,1,-35.121423,149.939847,26,2,1,0,0,0,0,0,2,0,7,80,0,3775,3775,0,16,5,2,0,0,0,1
1360607,2,2024,2024,1,5,4,2,27,159,34609,0,1,10,-33.804328,151.089589,61,0,2,1,0,0,0,0,2,0,15,50,0,2040,2040,9,5,28,2,0,0,1,0
1360609,4,2024,2024,1,1,9,16,31,135,34609,0,1,10,-32.89734,151.734722,48,0,2,1,2,0,3,4,0,0,15,50,0,6545,6545,4,0,5,3,0,1,0,0
1360610,4,2024,2023,2,3,4,11,27,27,144,0,1,7,-32.885778,151.770289,48,0,2,0,0,0,0,0,2,0,0,80,2,1383,1383,1,16,13,2,0,1,1,0
1360611,2,2024,2024,1,0,7,59,10,89,34609,0,1,0,-33.897962,151.240624,59,0,2,0,0,0,0,0,2,0,15,30,0,1383,1383,1,0,27,2,0,0,1,0
1360612,2,2024,2024,1,5,4,11,27,38,28,1,0,10,-33.948461,151.070533,25,0,2,1,1,0,0,0,2,0,7,50,1,2040,2040,9,0,28,2,0,0,1,0
1360617,4,2024,2024,1,5,7,26,31,646,34609,0,1,1,-33.913306,151.032081,15,0,2,1,1,0,0,0,2,0,7,60,0,1220,1220,9,10,28,2,0,1,0,0
1360619,4,2024,2024,1,3,0,34,31,123,34609,1,0,10,-33.831929,148.686673,51,2,1,1,2,0,0,0,0,0,0,50,0,6545,6545,4,16,5,2,0,1,0,0
1360620,2,2024,2024,4,2,4,2,27,6,34609,0,1,1,-32.713995,151.301554,17,2,1,0,0,2,0,0,2,0,7,80,0,2585,4009,8,0,40,1,0,0,1,0
1360621,2,2024,2024,1,0,4,82,31,370,49,0,1,9,-34.065148,150.818285,13,0,2,1,2,0,0,0,2,0,7,60,1,2040,2040,9,10,28,2,0,0,1,0
1360622,1,2024,2024,5,1,5,126,27,370,168,0,1,2,-34.065009,150.793773,13,0,2,1,1,0,0,0,2,2,7,80,2,14295,14295,3,8,12,2,0,0,0,1
1360623,1,2024,2024,1,6,6,103,36,13,157,0,1,1,-28.618266,153.003623,51,2,1,1,1,0,3,4,2,0,7,50,2,1981,1981,4,5,5,2,0,0,0,2
1360630,2,2024,2024,5,2,10,26,27,92,331,0,1,10,-33.969226,150.814702,13,0,2,1,2,0,0,0,0,2,7,80,2,6545,6545,4,10,5,3,0,0,1,1
1360633,4,2024,2024,0,5,9,110,18,198,41,0,1,10,-33.914173,151.104778,15,0,2,1,3,0,3,4,0,0,7,40,1,2040,2040,9,10,28,2,0,1,0,0
1360634,1,2024,2024,0,5,8,11,27,247,34609,1,0,1,-33.818504,150.951193,21,0,2,1,3,0,0,0,3,0,7,50,0,623,623,3,5,13,2,0,0,0,2
1360635,2,2024,2024,6,3,3,77,10,3,34609,0,1,9,-34.321486,150.575294,79,2,2,1,3,0,0,0,1,0,7,80,0,9859,9859,8,5,40,1,0,0,1,0
1360637,2,2024,2024,8,3,5,48,27,70,166,0,1,9,-33.254792,151.502843,16,2,2,1,3,0,0,0,2,0,7,50,2,1192,1192,1,9,13,3,0,0,1,0
1360639,1,2024,2024,5,2,7,82,31,115,34609,0,1,10,-33.879549,151.190113,69,0,2,1,3,0,0,0,2,0,0,50,0,5929,5929,1,21,0,2,0,0,0,1
1360641,2,2024,2024,1,6,3,59,27,271,42,1,0,10,-33.94524,151.018033,15,0,2,1,3,0,0,0,2,2,7,60,1,14295,14295,3,0,13,6,0,0,1,1
1360643,2,2024,2024,1,6,3,222,31,131,212,0,1,2,-33.783969,151.190653,77,0,2,1,3,0,0,0,2,0,7,60,2,1391,1391,1,5,5,3,0,0,1,0
1360644,2,2024,2024,5,0,7,2,31,346,34609,0,1,9,-33.881676,151.094819,9,0,2,1,3,0,0,0,2,0,7,50,0,5929,5929,1,0,5,4,0,0,1,1
1360645,1,2024,2024,5,0,6,42,27,52,30,1,0,7,-33.903761,151.256731,76,0,2,1,0,0,0,0,2,0,0,50,1,775,775,4,5,27,2,0,0,0,1
1360647,2,2024,2024,1,2,7,4,1,99,34609,0,1,1,-33.89492,151.274163,76,0,2,1,3,0,0,0,2,0,7,10,0,214,214,9,5,28,2,0,0,1,0
1360648,4,2024,2024,1,6,5,45,27,74,45,0,1,10,-33.739535,151.036774,31,0,2,1,3,0,3,4,2,2,7,60,2,5929,5929,1,0,10,3,0,1,0,0
1360649,2,2024,2024,1,2,7,2261,17,143,2252,0,1,9,-33.887281,151.099067,9,0,2,1,3,0,0,0,2,0,7,60,2,9859,9859,1,5,0,2,0,0,1,0
1360651,2,2024,2024,1,2,8,255,31,609,220,0,1,2,-33.773596,150.914923,7,0,2,1,2,0,0,0,3,0,7,60,2,9859,9859,8,5,40,2,0,0,1,0
1360654,1,2024,2024,1,2,7,344,27,62,382,0,1,10,-33.72394,150.844546,7,0,2,1,3,0,0,0,2,0,0,80,2,14295,14295,3,0,0,2,0,0,0,1
1360658,2,2024,2024,1,3,6,8,27,5,35,0,1,1,-28.574649,152.109678,51,1,0,0,3,0,0,0,2,0,7,100,1,380,714,5,16,40,1,0,0,1,0
1360660,2,2024,2024,1,6,4,251,27,115,212,0,1,2,-33.752753,151.235558,50,0,2,1,3,0,0,0,2,0,7,70,2,1282,1282,1,8,5,2,0,0,1,0
1360664,2,2024,2024,1,4,10,293,31,160,260,0,1,9,-33.092691,151.497719,37,0,2,1,3,0,0,0,0,0,7,80,2,1669,1669,3,0,0,2,0,0,1,0
1360665,2,2024,2024,6,6,9,3371,17,139,3342,0,1,10,-33.841648,151.209882,49,0,2,1,3,0,0,0,0,2,7,60,2,14295,14295,3,5,0,2,0,0,1,0
1360668,1,2024,2024,1,2,6,9,31,445,34609,0,1,10,-33.86439,151.045609,21,0,2,1,3,0,0,0,2,0,0,50,0,14295,14295,3,5,5,2,0,0,0,1
1360670,2,2024,2024,1,6,7,916,17,13,917,0,1,10,-32.556607,151.167633,64,2,1,0,3,0,0,0,2,3,7,60,2,1850,1463,5,16,40,1,0,0,1,0
1360671,1,2024,2024,1,5,4,1,7,70,34609,0,1,9,-33.872264,150.882819,24,0,2,1,3,0,0,0,2,0,7,50,0,2852,2852,4,5,13,2,0,0,0,1
1360673,2,2024,2024,1,5,0,9,31,53,34609,0,1,10,-31.863015,152.36475,43,2,1,1,3,0,0,0,0,0,0,50,0,6545,6545,4,5,5,2,0,0,1,0
1360675,1,2024,2024,1,3,6,153,27,188,147,1,0,1,-33.949273,151.104624,4,0,2,1,3,0,0,0,2,0,7,60,2,14295,14295,3,5,5,3,0,0,0,1
1360677,2,2024,2024,5,6,7,95,31,11,59,0,1,1,-33.866194,151.060299,21,0,2,1,3,0,0,0,2,0,7,60,1,1981,1981,4,0,5,2,0,0,2,0
1360678,2,2024,2024,1,3,8,7,27,38,34609,0,1,1,-30.240532,153.096405,19,1,0,0,3,0,3,4,3,0,7,100,0,782,957,5,30,40,1,0,0,1,0
1360679,1,2024,2024,1,0,7,177,22,239,176,0,1,2,-34.03701,151.117584,68,0,2,1,3,0,0,0,2,0,7,60,2,1981,1981,4,5,5,2,0,0,0,1
1360681,2,2024,2024,5,3,8,1104,14,460,962,0,1,3,-33.82543,150.990786,54,0,2,1,3,0,0,0,0,0,7,40,2,14295,14295,3,5,5,2,0,0,1,0
1360683,2,2024,2024,1,6,9,39,10,87,65,0,1,10,-33.699778,150.958893,71,0,2,1,3,0,0,0,0,2,7,60,1,5929,5929,1,5,5,2,0,0,1,1
1360684,1,2024,2024,1,2,10,204,27,246,34609,0,1,1,-33.915734,151.1906,69,0,2,1,3,0,0,0,0,0,7,50,0,312,312,2,5,40,1,0,0,0,1
1360689,1,2024,2024,1,5,4,2261,17,109,2252,0,1,3,-33.966377,150.874625,41,0,2,1,3,0,0,0,2,0,7,100,2,14295,14295,3,29,5,2,0,0,0,1
1360693,1,2024,2024,6,3,8,133,10,8,121,0,1,1,-31.574886,152.825007,56,2,1,1,3,0,0,0,0,0,7,70,1,204,204,1,33,17,2,0,0,0,1
1360694,2,2024,2024,1,4,3,3371,17,104,3342,0,1,9,-32.827967,151.684351,48,0,2,1,3,0,0,0,2,2,7,80,2,1282,1282,1,29,5,3,0,0,1,0
1360698,2,2024,2024,1,4,3,6,36,10,34609,0,1,9,-34.60395,148.55592,30,2,1,0,3,0,0,0,2,0,7,50,0,2585,777,8,0,40,1,0,0,1,0
1360699,1,2024,2024,1,1,6,866,17,314,793,0,1,10,-33.853544,150.940641,24,0,2,1,3,0,0,0,2,2,7,70,2,5929,5929,1,5,13,2,0,0,0,1
1360702,2,2024,2024,1,1,4,15,1,363,16,0,1,7,-33.74721,150.704144,55,0,2,1,1,0,0,0,2,0,0,50,1,1669,1669,3,5,19,2,0,0,1,0
1360704,2,2024,2024,1,0,5,308,14,127,311,0,1,3,-33.84279,150.85527,24,0,2,0,3,0,0,0,2,0,7,80,2,1850,1463,5,16,40,1,0,0,1,0
1360706,1,2024,2024,1,2,11,25,31,445,103,0,1,1,-33.864828,151.040543,21,0,2,1,3,0,0,0,0,0,7,50,1,14295,14295,3,10,5,3,0,0,0,1
1360708,4,2024,2024,1,3,7,126,1,32,17,0,1,7,-33.743227,150.820233,7,0,2,1,3,0,0,0,2,0,0,60,1,1945,1945,5,16,40,1,0,1,0,0
1360709,2,2024,2024,1,0,2,97,31,142,92,0,1,9,-33.831992,150.992708,21,0,2,1,3,0,0,0,0,0,7,60,1,9859,9859,8,5,40,1,0,0,1,0