Crash ID,Degree of crash - detailed,Reporting year,Year of crash,Month of crash,Day of week of crash,Two-hour intervals,Street of crash,Street type,Town,Route no.,School zone location,School zone active,Type of location,Latitude,Longitude,LGA,Urbanisation,Conurbation 1,Alignment,Street lighting,Road surface,Surface condition,Weather,Natural lighting,Signals operation,Other traffic control,Speed limit,Road classification,RUM - code,DCA - code,First impact type,Key TU type,Other TU type,No. of traffic units involved,No. killed,No. seriously injured,No. moderately injured,No. minor-other injured
1360712,2,2024,2024,1,1,6,49,31,283,34609,0,1,7,-33.829856,151.015246,54,0,2,1,3,0,0,0,2,0,0,50,0,1282,1282,1,9,40,1,0,0,1,0
1360713,1,2024,2024,7,2,0,3371,17,6,3342,0,1,2,-28.30287,153.516139,72,1,0,0,3,0,0,0,0,0,7,110,2,1957,4009,8,5,40,1,0,0,0,1
1360714,1,2024,2024,0,3,6,1,10,132,34609,0,1,1,-34.114282,151.046682,68,0,2,0,3,2,0,0,2,0,7,50,0,941,941,1,0,19,2,0,0,0,1
1360715,1,2024,2024,1,4,4,64,27,175,284,0,1,1,-33.771216,151.080006,54,0,2,1,3,0,0,0,2,0,7,60,2,14295,14295,3,0,0,2,0,0,0,1
1360721,1,2024,2024,6,5,8,229,14,278,237,0,1,3,-33.758777,151.049141,54,0,2,1,3,0,0,0,3,0,9,100,2,14295,14295,3,0,13,3,0,0,0,1
1360722,1,2024,2024,4,6,8,21,27,70,34609,1,0,1,-33.913243,150.991735,15,0,2,1,3,0,0,0,2,0,7,50,0,1981,1981,4,30,5,3,0,0,0,1
1360724,2,2024,2024,5,1,6,2,31,165,34609,0,1,7,-32.26101,150.901691,46,2,1,0,3,0,0,0,2,0,0,50,0,6545,6545,4,0,5,2,0,0,1,0
1360727,2,2024,2024,5,5,7,308,14,33,311,0,1,3,-33.789188,150.856729,7,0,2,1,3,0,0,0,2,0,7,100,2,14295,14295,3,9,12,2,0,0,1,0
1360728,1,2024,2024,1,3,4,78,27,284,61,0,1,10,-33.897221,151.021361,15,0,2,1,3,0,0,0,2,2,7,60,1,5929,5929,1,5,5,2,0,0,0,1
1360732,1,2024,2024,1,6,3,73,24,17,88,0,1,10,-33.739463,151.244526,50,0,2,1,3,0,0,0,2,2,7,80,2,5929,5929,1,5,12,2,0,0,0,1
1360734,1,2024,2024,1,3,5,3371,17,53,3342,0,1,9,-33.77056,151.160593,36,0,2,1,3,0,0,0,2,0,15,60,2,5929,5929,1,0,0,2,0,0,0,1
1360735,1,2024,2024,1,6,6,2,1,140,34609,0,1,1,-33.778713,150.809021,7,0,2,1,3,0,3,0,2,0,7,50,0,1981,1981,4,0,0,2,0,0,0,1
1360736,2,2024,2024,1,1,3,149,27,294,518,0,1,9,-33.94142,150.941966,41,0,2,1,3,0,0,0,2,0,7,60,2,14295,14295,3,5,13,2,0,0,1,0
1360739,1,2024,2024,1,5,4,36,31,102,34609,0,1,10,-33.949884,151.20089,4,0,2,1,3,0,0,0,2,0,15,50,0,6545,6545,4,0,0,2,0,0,0,1
1360742,2,2024,2024,1,2,3,12,31,169,34609,0,1,9,-28.652127,153.619848,10,2,1,0,3,0,0,0,2,0,7,50,0,782,957,5,30,40,1,0,0,1,0
1360744,1,2024,2024,1,5,8,485,27,110,769,0,1,9,-33.791684,150.998118,54,0,2,1,3,0,0,0,2,2,7,60,2,1669,1669,3,5,0,2,0,0,0,1
1360745,1,2024,2024,1,2,8,10,27,271,18,0,1,9,-33.95572,151.019066,15,0,2,1,3,0,0,0,2,0,7,60,1,14295,14295,3,5,0,3,0,0,0,1
1360749,1,2024,2024,1,1,3,29,31,346,34609,0,1,9,-33.870331,151.094936,14,0,2,1,3,0,0,0,2,0,0,50,0,1391,1391,1,5,25,3,0,0,0,1
1360751,1,2024,2024,5,5,9,23,31,218,19,0,1,9,-33.747614,150.767914,55,0,2,1,3,0,0,0,3,0,7,60,1,1282,1282,1,0,27,2,0,0,0,1
1360754,1,2024,2024,1,5,3,49,27,67,62,0,1,9,-33.696507,150.895094,7,0,2,1,3,0,0,1,2,2,7,70,2,14295,14295,3,0,0,2,0,0,0,1
1360755,2,2024,2024,0,5,9,135,17,12,136,0,1,9,-35.6988,145.830351,51,1,0,0,3,0,0,0,0,0,7,100,2,4552,5151,8,5,40,1,0,0,1,0
1360756,1,2024,2024,1,6,7,53,31,147,125,0,1,9,-33.88934,151.005686,15,0,2,1,3,0,0,0,2,0,0,60,1,14295,14295,3,0,13,2,0,0,0,1
1360759,1,2024,2024,1,1,7,12,1,11,34609,0,1,9,-34.840063,150.625269,63,2,1,1,3,0,0,0,2,0,7,60,0,1850,777,5,16,40,1,0,0,0,1
1360762,4,2024,2024,5,1,7,6,31,84,34609,1,0,9,-33.887522,150.943782,24,0,2,0,0,0,0,0,2,0,0,50,0,2585,4009,8,0,40,1,0,1,0,0
1360766,2,2024,2024,1,4,9,3,31,123,34609,0,1,1,-33.911807,151.214803,59,0,2,1,3,0,0,0,0,0,7,50,0,3775,3775,0,5,5,2,0,0,1,0
1360769,1,2024,2024,1,6,4,82,27,84,181,0,1,9,-33.894856,151.269834,76,0,2,1,3,0,0,0,2,0,0,50,2,1282,1282,1,0,27,2,0,0,0,1
1360772,1,2024,2024,1,1,8,7,27,115,52,0,1,9,-33.909862,151.175552,32,0,2,1,3,0,0,0,2,0,7,60,1,14295,14295,3,9,5,2,0,0,0,1
1360773,2,2024,2024,1,2,6,22,27,41,173,0,1,2,-34.396089,150.866892,80,0,2,1,3,0,0,0,2,0,7,80,2,14295,14295,3,5,5,5,0,0,1,1
1360775,2,2024,2024,1,2,7,169,27,22,61,0,1,1,-33.828418,151.197291,49,0,2,1,3,0,0,0,2,0,7,50,1,4026,4026,1,5,0,2,0,0,1,0
1360776,1,2024,2024,1,5,6,22,27,151,34609,0,1,2,-34.033415,150.853254,13,0,2,1,3,0,0,0,2,0,7,60,0,14295,14295,3,5,0,2,0,0,0,1
1360781,2,2024,2024,1,1,9,1104,14,460,962,0,1,3,-33.820916,150.984256,21,0,2,1,3,0,0,0,3,0,7,90,2,1391,1391,1,5,0,2,0,0,1,0
1360783,2,2024,2024,1,6,4,34,31,433,34609,0,1,7,-33.276742,149.105181,52,2,1,1,0,0,0,0,2,0,0,50,0,6545,6545,4,0,0,2,0,0,1,0
1360785,1,2024,2024,1,0,9,109,27,18,174,0,1,9,-32.989702,151.521852,37,0,2,1,3,0,0,0,0,0,15,80,2,2852,2852,4,0,5,2,0,0,0,1
1360787,4,2024,2024,1,4,7,39,10,87,65,0,1,2,-33.697616,150.965394,71,0,2,1,3,0,0,0,2,0,7,60,1,14295,14295,3,9,5,4,0,1,0,0
1360788,1,2024,2024,1,0,6,62,10,70,62,0,1,10,-33.435863,151.350349,16,2,2,1,3,0,0,0,2,2,7,50,2,14295,14295,3,0,5,2,0,0,0,1
1360789,2,2024,2024,1,1,4,2209,17,68,2205,0,1,2,-34.080399,151.010746,68,0,2,1,3,0,0,0,2,0,7,70,2,14295,14295,3,0,40,4,0,0,1,1
1360790,2,2024,2024,0,2,7,26,27,80,160,0,1,1,-33.961539,150.897104,13,0,2,1,1,0,0,0,2,0,7,60,2,9859,9859,1,30,10,2,0,0,1,0
1360791,2,2024,2024,0,4,9,6,36,25,34609,0,1,1,-33.834432,148.911774,51,1,0,0,0,0,0,0,0,0,7,100,0,4552,5151,8,10,40,1,0,0,1,1
1360792,4,2024,2024,0,2,6,1052,14,57,928,0,1,3,-33.679695,151.120362,31,0,2,1,1,0,0,0,2,0,7,110,2,14295,14295,3,0,5,7,0,1,0,0
1360794,2,2024,2024,0,3,4,59,10,89,34609,0,1,9,-33.90207,151.239725,59,0,2,0,0,0,3,0,2,0,7,30,0,515,515,1,0,27,2,0,0,1,0
1360795,4,2024,2024,0,3,5,485,27,50,769,0,1,9,-33.63158,150.844018,29,2,2,1,1,0,0,0,2,2,7,80,2,1981,1981,4,10,19,2,0,1,0,0
1360796,4,2024,2024,0,5,4,168,17,6,212,0,1,1,-35.482436,149.883706,58,1,0,0,1,0,0,0,2,0,7,100,2,1109,787,1,10,35,2,0,1,1,0
1360797,4,2024,2024,0,4,8,125,27,48,144,0,1,1,-32.727704,152.13751,57,2,1,1,0,0,0,0,2,0,7,50,2,9859,9859,8,0,40,1,0,1,0,0
1360798,4,2024,2024,0,5,4,23,27,159,34609,0,1,7,-33.806349,151.087268,61,0,2,1,1,0,0,0,2,0,0,30,0,9859,9859,8,5,40,1,0,2,0,0
1360799,4,2024,2024,0,3,10,9,27,4,34609,1,0,1,-31.89796,152.612042,43,2,1,0,0,0,3,4,0,0,7,80,0,4552,5151,8,16,40,1,0,1,0,0
1360800,2,2024,2024,0,1,6,80,31,176,159,0,1,10,-33.951916,151.133511,4,0,2,1,1,0,0,0,2,2,7,60,2,2040,2040,9,10,28,2,0,0,1,0
1360802,2,2024,2024,8,1,7,21,27,10,61,0,1,1,-33.892862,146.129674,51,1,0,1,1,0,0,0,2,0,7,100,1,945,945,5,30,40,1,0,0,1,1
1360804,4,2024,2024,8,3,8,3,31,12,34609,0,1,9,-33.140027,151.569868,16,2,2,1,1,0,0,0,2,0,7,50,0,4026,4026,8,16,40,1,0,1,0,0
1360806,4,2024,2024,8,4,6,22,27,11,148,0,1,1,-30.441596,152.31695,1,1,0,0,0,0,3,4,2,0,7,100,2,4552,5151,8,5,40,1,0,1,0,0
1360808,2,2024,2024,8,4,9,1,31,17,34609,0,1,1,-28.595448,153.223182,39,2,1,0,2,0,0,0,0,0,7,50,0,4552,5151,1,0,0,4,0,0,1,1
1360809,4,2024,2024,0,5,0,1052,14,149,928,0,1,3,-33.333295,151.380429,16,1,2,1,0,0,0,0,0,0,7,110,2,4026,4026,8,10,40,1,0,2,0,0
1360810,4,2024,2024,8,6,8,8,36,87,34609,0,1,9,-34.500906,150.444979,78,2,1,0,0,0,0,0,2,0,7,50,0,1220,1220,9,0,28,2,0,1,0,0
1360811,2,2024,2024,8,4,5,26,1,137,34609,0,1,10,-33.910439,151.204291,69,0,2,1,0,0,0,0,2,0,15,50,0,2040,2040,9,10,28,2,0,0,1,0
1360812,4,2024,2024,8,1,4,25,31,121,34609,0,1,10,-33.790498,151.284172,50,0,2,1,0,0,3,4,2,0,15,50,0,2852,2852,4,0,27,2,0,1,0,0
1360816,2,2024,2024,8,2,6,19,31,172,126,0,1,7,-32.748782,151.59362,42,2,1,1,1,0,3,0,2,0,0,50,2,6545,6545,4,5,19,2,0,0,1,0
1360817,1,2024,2024,8,0,9,296,27,41,293,1,0,9,-33.86708,150.988034,24,0,2,1,2,0,0,0,0,2,7,70,2,5929,5929,1,0,5,2,0,0,0,1
1360818,1,2024,2024,0,4,7,35,27,62,96,0,1,9,-33.900908,151.13201,32,0,2,1,0,0,0,0,2,0,15,50,2,2852,2852,4,5,19,2,0,0,0,1
1360821,2,2024,2024,0,3,11,1,7,60,34609,1,0,9,-33.755795,150.743892,55,0,2,1,2,0,0,0,0,0,7,50,0,4026,4026,1,34,5,2,0,0,1,0
1360827,4,2024,2024,6,3,9,230,27,47,284,0,1,2,-33.80326,151.146001,38,0,2,1,2,0,0,0,0,0,7,70,2,1383,1383,1,15,5,2,0,1,0,0
1360828,2,2024,2024,6,3,6,1,27,60,34609,0,1,1,-33.664647,150.25963,8,2,2,0,0,0,0,6,2,0,7,50,0,3775,3775,0,5,0,2,0,0,1,0
1360829,4,2024,2024,6,2,9,20,31,169,34609,0,1,1,-33.900814,151.208646,69,0,2,1,0,0,3,4,0,0,7,40,0,2040,2040,9,10,28,2,0,1,0,0
1360830,2,2024,2024,6,3,8,4,27,12,34609,0,1,1,-28.711824,153.592257,10,2,1,0,0,0,3,4,0,0,7,80,0,1850,1463,5,0,40,1,0,0,1,0
1360831,1,2024,2024,8,6,9,478,17,89,480,0,1,9,-33.385697,151.472515,16,2,2,1,2,0,0,0,0,0,15,60,2,4026,4026,8,0,40,1,0,0,0,1
1360832,2,2024,2024,6,4,7,1,31,137,34609,0,1,1,-32.973588,151.696447,37,0,2,0,1,0,0,0,2,0,7,50,0,3775,3775,0,22,13,2,0,0,1,1
1360833,4,2024,2024,5,0,4,112,27,18,769,0,1,1,-33.521314,150.461724,29,2,2,1,0,0,3,4,2,0,7,80,2,4026,4026,8,5,40,1,0,1,0,0
1360834,2,2024,2024,5,6,10,3,27,3,34609,0,1,1,-28.309568,153.341331,72,1,0,0,0,0,2,6,0,0,7,100,0,4552,5151,8,9,40,1,0,0,1,0
1360836,2,2024,2024,6,2,8,63,31,36,27,1,0,9,-34.451924,149.46875,74,2,1,1,2,0,0,0,3,0,0,50,1,2585,777,8,10,40,1,0,0,1,0
1360841,1,2024,2024,5,0,9,177,22,49,176,0,1,9,-34.048778,151.143463,68,0,2,1,2,0,3,0,0,2,7,70,2,2852,2852,4,5,0,2,0,0,0,2
1360843,4,2024,2024,6,4,7,77,31,445,563,0,1,10,-33.872141,151.042125,21,0,2,1,1,0,0,0,2,2,7,70,2,6545,6545,4,5,13,4,0,1,0,0
1360845,4,2024,2024,8,4,5,2126,17,44,2149,0,1,2,-33.764967,150.623503,8,2,2,1,1,0,0,0,2,0,7,80,2,1192,1192,1,8,5,3,0,1,1,0
1360846,4,2024,2024,6,3,6,387,27,91,331,1,0,9,-33.963192,151.084152,25,0,2,1,1,0,0,0,2,0,7,60,2,312,312,2,5,40,1,0,1,0,0
1360849,2,2024,2024,5,2,1,29,27,4,34609,0,1,1,-28.258865,153.472464,72,2,1,0,0,0,3,4,0,0,7,80,0,418,714,5,5,40,1,0,0,1,0
1360850,1,2024,2024,6,0,8,79,10,15,231,0,1,9,-33.450322,151.320903,16,2,2,0,1,0,0,0,2,0,0,60,2,4552,5151,8,0,40,1,0,0,0,1
1360851,4,2024,2024,5,4,5,293,27,78,34609,0,1,1,-33.698837,150.565468,8,2,2,1,1,0,0,0,2,0,9,40,0,1220,1220,9,5,28,2,0,1,0,0
1360856,4,2024,2024,5,4,3,192,31,316,120,1,0,10,-33.911292,151.243377,59,0,2,1,1,0,0,0,2,0,0,50,2,256,256,4,10,27,2,0,1,0,0
1360858,2,2024,2024,5,0,8,2126,17,140,2149,0,1,2,-33.78736,150.847969,7,0,2,1,1,0,0,3,2,0,7,80,2,9859,9859,8,0,40,1,0,0,1,0
1360863,4,2024,2024,8,2,5,1,31,55,34609,0,1,9,-33.737437,150.903415,7,0,2,0,1,0,3,4,2,0,7,50,0,1109,787,1,5,13,2,0,2,0,0
1360864,2,2024,2024,5,1,3,6,27,46,34609,0,1,9,-35.17946,147.370283,75,2,1,1,2,0,0,3,0,0,7,60,0,2852,2852,4,10,0,2,0,0,1,0
1360867,1,2024,2024,6,0,7,222,31,120,34609,0,1,7,-32.197547,152.526326,43,2,1,1,1,0,0,0,2,0,0,50,0,1109,397,1,5,27,2,0,0,0,2
1360871,2,2024,2024,5,5,6,8,1,62,34609,0,1,1,-34.082865,150.817834,13,0,2,0,0,0,0,0,2,0,7,50,0,4552,5151,8,5,40,1,0,0,1,0
1360873,2,2024,2024,0,2,4,48,31,82,605,0,1,10,-33.827837,151.201905,49,0,2,1,1,0,0,0,2,2,7,60,2,14295,14295,3,9,5,2,0,0,1,0
1360876,2,2024,2024,6,3,1,3,27,16,34609,0,1,1,-35.831099,144.956098,51,1,0,0,0,0,0,0,0,0,7,100,0,4552,5151,8,16,40,1,0,0,1,0
1360882,4,2024,2024,5,5,7,3,27,6,34609,0,1,1,-32.135088,150.904894,73,2,1,1,0,0,0,6,2,0,7,80,0,3775,3775,0,10,36,2,0,1,2,0
1360885,2,2024,2024,0,2,10,63,17,8,63,0,1,1,-29.112803,141.937489,51,1,0,0,0,0,0,0,0,0,7,100,2,2585,4009,8,10,40,1,0,0,1,0
1360888,4,2024,2024,1,4,10,7,27,37,5,0,1,1,-32.703492,151.385215,17,2,1,1,0,0,0,0,0,0,7,80,1,4026,4026,1,30,5,3,0,1,0,0
1360892,4,2024,2024,5,2,5,65,27,202,563,0,1,10,-33.941377,151.035262,15,0,2,1,1,0,3,3,2,0,15,70,2,2852,2852,4,5,5,2,0,1,0,1
1360893,4,2024,2024,1,0,6,13,27,44,18,0,1,1,-32.023665,150.81308,73,1,0,1,0,0,0,0,2,0,7,100,1,323,323,1,16,13,2,0,1,0,0
1360894,4,2024,2024,1,4,8,330,23,24,39,0,1,10,-33.972964,151.242878,59,0,2,1,0,0,3,3,2,0,15,60,1,6545,6545,4,0,27,2,0,1,0,0
1360895,1,2024,2024,1,1,7,193,27,201,34609,0,1,1,-34.896079,150.614034,63,2,1,0,0,0,0,0,2,0,7,50,0,4552,5151,1,16,13,2,0,0,0,1
1360896,2,2024,2024,5,2,11,193,27,87,34609,0,1,1,-34.488654,150.428967,78,2,1,0,2,0,0,0,0,0,7,50,0,4552,5151,1,0,13,2,0,0,1,0
1360897,2,2024,2024,5,5,9,225,17,76,180,1,0,1,-34.551066,150.368865,78,2,1,1,2,0,3,4,0,0,7,50,2,340,340,9,10,28,2,0,0,1,0
1360899,2,2024,2024,1,1,8,21,27,98,174,0,1,9,-33.005809,151.576073,37,0,2,1,2,0,3,4,3,0,7,60,2,1669,1669,3,10,36,2,0,0,2,0
1360902,2,2024,2024,5,5,8,1,27,21,34609,0,1,10,-32.956832,151.674846,37,0,2,1,0,0,0,0,2,0,0,50,0,6545,6545,4,21,0,2,0,0,2,0
1360911,2,2024,2024,5,6,5,348,17,105,232,1,0,9,-32.598651,149.582191,44,2,1,1,1,0,0,0,2,0,7,50,2,623,623,3,0,5,2,0,0,1,0
1360913,2,2024,2024,5,4,9,1104,14,460,962,0,1,3,-33.825772,150.991142,21,0,2,1,1,0,0,0,0,0,7,60,2,1282,1282,1,16,0,2,0,0,1,0
1360914,4,2024,2024,5,0,9,361,23,44,165,0,1,1,-33.970059,151.11479,25,0,2,1,2,0,0,0,0,0,7,50,1,1109,787,1,5,5,2,0,1,0,0
1360915,2,2024,2024,1,3,10,3371,17,38,3342,0,1,2,-30.247029,153.140275,19,2,1,0,2,0,3,4,0,0,7,60,2,1259,5151,8,21,40,1,0,0,1,0
1360919,4,2024,2024,1,5,6,149,10,346,702,0,1,6,-33.885686,151.069026,67,0,2,0,1,0,0,0,2,0,7,60,2,2585,4009,8,16,40,1,0,1,0,0
1360922,2,2024,2024,1,3,9,4,27,2,34609,0,1,9,-33.529672,150.20243,40,2,1,1,0,0,0,0,0,0,0,80,0,489,489,5,5,40,1,0,0,1,0
1360928,4,2024,2024,1,2,7,48,31,122,45,0,1,10,-33.419034,151.343482,16,2,2,1,1,0,0,0,2,2,7,60,1,2040,2040,9,0,28,2,0,1,0,0
1360930,1,2024,2024,5,4,7,55,27,151,160,0,1,10,-34.042053,150.842387,13,0,2,1,1,0,0,0,2,2,7,60,2,14295,14295,3,5,25,2,0,0,0,1
1360931,4,2024,2024,5,5,6,15,27,127,154,0,1,1,-33.8367,150.873937,24,0,2,0,0,0,0,0,2,0,7,60,1,3775,3775,0,9,0,2,0,2,0,0
1360933,4,2024,2024,1,3,2,1,7,4,34609,0,1,1,-33.123843,151.62144,37,0,2,0,0,0,0,0,0,0,7,50,0,1089,1089,7,16,40,1,0,1,0,0
1360934,2,2024,2024,6,6,7,1,36,41,34609,0,1,9,-33.725729,150.820952,7,0,2,0,1,0,0,0,2,0,7,50,0,368,368,9,5,28,2,0,0,1,0
1360937,1,2024,2024,1,3,10,49,31,30,34609,0,1,10,-33.982401,151.146322,4,0,2,1,2,0,0,0,0,0,0,50,0,6545,6545,4,0,5,2,0,0,0,1
1360938,4,2024,2024,5,4,10,103,36,106,157,0,1,1,-28.892502,153.043744,60,2,1,1,0,0,0,0,0,0,8,60,2,9859,9859,8,5,40,1,0,1,0,0
1360940,2,2024,2024,1,2,2,2,27,4,103,0,1,1,-28.72624,153.251593,39,1,0,0,0,0,0,0,0,0,7,100,1,4552,5151,8,5,40,1,0,0,1,0
1360941,2,2024,2024,1,6,5,280,10,314,82,0,1,10,-33.850836,150.922233,24,0,2,1,0,0,0,6,2,2,7,60,1,6545,6545,4,5,0,3,0,0,1,0
1360946,4,2024,2024,5,2,10,7,27,304,52,0,1,9,-33.908333,151.174629,32,0,2,0,2,0,0,0,0,2,7,60,1,1850,985,5,16,40,1,0,1,0,0
1360948,4,2024,2024,1,3,4,36,27,6,39,0,1,1,-32.383958,149.168329,22,1,0,0,0,0,0,0,2,0,7,100,2,3775,3775,0,5,0,3,0,3,0,0
1360949,2,2024,2024,1,4,7,8,27,5,34609,0,1,1,-33.282823,149.570481,3,1,0,0,0,0,0,0,2,0,7,100,0,1259,5151,8,10,40,1,0,0,1,0
1360952,4,2024,2024,1,6,10,4,27,4,34609,0,1,1,-29.539782,153.166605,18,1,0,1,0,0,3,4,0,0,7,100,0,9859,9859,8,10,40,1,0,1,0,0
1360953,4,2024,2024,1,6,5,103,27,4,33,0,1,1,-32.591069,151.148607,64,1,0,0,0,0,0,6,2,0,7,100,1,1957,4009,8,16,40,1,0,1,0,0
1360954,2,2024,2024,1,0,6,346,17,13,332,0,1,1,-28.906864,152.71366,51,1,0,1,0,0,0,0,2,0,7,100,2,4026,4026,8,10,40,1,0,0,1,0
1360955,2,2024,2024,1,3,6,1,27,316,34609,0,1,9,-31.465821,152.872646,56,2,1,1,2,0,0,0,2,0,0,50,0,2852,2852,4,5,0,2,0,0,2,0
1360964,2,2024,2024,6,3,1,83,27,169,147,1,0,9,-28.666146,153.613985,10,2,1,1,2,0,0,0,0,0,0,50,1,1945,1945,5,22,40,1,0,0,1,0
1360965,1,2024,2024,1,1,3,44,31,90,34609,0,1,10,-33.887465,151.242409,81,0,2,1,1,0,0,0,2,0,9,50,0,2040,2040,9,5,28,2,0,0,0,1
1360966,1,2024,2024,1,4,10,8,31,252,34609,0,1,10,-33.882402,151.213308,69,0,2,1,2,0,0,0,0,0,0,40,0,5929,5929,1,5,27,2,0,0,0,1
1360974,4,2024,2024,8,0,11,2209,17,176,2205,0,1,9,-33.959558,151.138038,4,0,2,1,2,0,0,0,0,2,7,60,2,9859,9859,8,5,40,1,0,1,0,0
1360978,1,2024,2024,1,2,7,8,31,65,34609,1,0,9,-36.0467,146.982005,0,2,1,0,0,0,0,0,2,0,0,50,0,2040,2040,9,5,28,2,0,0,0,1
1360979,4,2024,2024,1,5,9,78,27,284,61,0,1,1,-33.906818,151.020534,15,0,2,1,2,0,0,0,3,0,7,60,1,9859,9859,1,5,5,2,0,1,0,0
1360980,2,2024,2024,8,1,6,2,27,3,34609,0,1,1,-29.52588,151.752374,51,1,0,1,0,0,0,0,2,0,7,100,0,475,475,5,8,40,1,0,0,1,0
1360981,1,2024,2024,5,5,7,34,1,40,34609,1,0,9,-34.418522,150.880562,80,0,2,1,1,0,0,0,2,0,7,50,0,2852,2852,4,5,0,2,0,0,0,1
1360983,4,2024,2024,5,0,6,51,27,136,76,0,1,9,-32.92189,151.704152,48,0,2,1,1,0,3,3,2,0,15,60,1,1850,777,5,16,40,1,0,1,0,0
1360984,4,2024,2024,1,0,8,109,27,18,174,0,1,9,-32.989702,151.521852,37,0,2,1,0,0,0,0,3,0,15,80,2,775,775,4,5,5,2,0,2,0,0
1360987,1,2024,2024,1,4,10,1104,14,167,962,0,1,3,-33.856505,151.068364,54,0,2,0,2,0,0,0,0,0,7,90,2,404,404,8,0,40,1,0,0,0,1
1360993,2,2024,2024,1,3,4,22,27,44,34609,0,1,1,-33.207412,151.500059,16,2,2,1,0,0,3,4,2,0,7,50,0,9859,9859,1,0,0,2,0,0,1,0
1360994,1,2024,2024,1,1,5,4,31,207,34609,0,1,1,-31.972061,141.438888,51,2,1,1,0,0,0,0,2,0,7,50,0,1981,1981,4,5,5,2,0,0,0,1
1360996,1,2024,2024,5,1,6,2126,17,179,2149,0,1,10,-33.756865,150.712192,55,0,2,1,1,0,0,0,2,2,7,70,2,14295,14295,3,33,0,2,0,0,0,1
1361002,2,2024,2024,5,4,7,255,27,37,62,0,1,10,-32.804457,151.509578,17,2,1,1,0,0,0,0,2,0,0,60,2,6545,6545,4,10,13,2,0,0,1,0
1361005,2,2024,2024,1,1,8,50,27,57,799,0,1,10,-33.899492,151.170935,32,0,2,1,0,0,0,0,3,3,7,60,2,515,515,1,33,18,2,0,0,1,0
1361006,2,2024,2024,6,2,5,68,27,36,208,0,1,1,-33.761647,151.079364,31,0,2,1,1,0,3,4,2,0,7,60,2,14295,14295,3,21,0,2,0,0,1,0
1361008,2,2024,2024,1,1,4,1,1,121,34609,1,0,1,-33.785674,151.281352,50,0,2,1,0,0,0,0,2,0,7,40,0,1981,1981,4,0,19,2,0,0,1,0
1361011,4,2024,2024,1,4,6,9,27,27,34609,0,1,1,-33.241247,151.25785,16,2,2,0,0,0,0,0,2,0,7,80,0,3775,3775,0,16,19,2,0,1,0,0
1361012,2,2024,2024,6,5,9,118,17,26,118,0,1,1,-31.498342,150.643915,51,1,0,1,0,0,0,0,0,0,7,100,2,3775,3775,0,5,13,2,0,0,1,0
1361014,4,2024,2024,5,2,9,7,27,4,34609,0,1,10,-33.043174,151.583845,37,0,2,1,2,0,3,4,0,0,15,50,0,6545,6545,4,10,0,2,0,1,0,1
1361016,2,2024,2024,1,5,4,13,10,108,34609,0,1,1,-28.843053,153.554203,2,2,1,1,1,0,0,0,2,0,7,50,0,186,186,9,10,28,2,0,0,1,0
1361017,2,2024,2024,1,3,7,150,27,309,415,0,1,10,-33.803923,151.113423,61,0,2,0,1,0,0,0,2,2,6,70,2,5929,5929,1,5,5,2,0,0,1,0
1361021,2,2024,2024,1,5,4,330,23,35,39,1,0,9,-33.963484,151.2459,59,0,2,1,0,0,0,0,2,0,15,60,1,6545,6545,4,5,27,2,0,0,1,0
1361023,2,2024,2024,5,2,5,67,27,100,68,0,1,1,-33.806682,151.174183,38,0,2,1,0,0,0,0,2,0,7,50,1,14295,14295,3,8,12,4,0,0,1,1
1361024,1,2024,2024,1,1,9,21,31,562,4,0,1,2,-32.24201,148.587111,22,2,1,1,2,0,0,0,0,0,7,60,1,591,591,1,22,5,2,0,0,0,1
1361026,2,2024,2024,1,3,5,2,27,17,34609,0,1,1,-32.927851,151.559207,37,0,2,1,0,2,0,0,2,0,7,70,0,1945,1945,5,16,40,1,0,0,1,0
1361029,2,2024,2024,1,0,5,3371,10,316,34609,0,1,9,-31.44103,152.924688,56,2,1,0,1,0,0,0,2,0,7,50,0,5929,5929,1,0,5,2,0,0,1,0
1361031,4,2024,2024,1,5,3,113,27,6,111,0,1,9,-33.868559,150.796411,55,0,2,0,1,0,0,0,0,0,7,80,2,96,96,0,33,12,2,0,1,0,0
1361033,2,2024,2024,1,4,8,255,31,64,46,0,1,1,-33.482779,150.151584,40,2,1,1,0,0,0,0,2,0,9,50,2,2040,2040,9,10,28,2,0,0,1,0
1361034,2,2024,2024,1,0,4,44,27,75,34609,0,1,7,-33.877557,151.121984,32,0,2,1,0,0,0,0,2,0,0,50,0,5929,5929,1,22,0,2,0,0,1,0
1361039,1,2024,2024,1,2,5,31,31,169,34609,0,1,1,-28.642076,153.612044,10,2,1,1,1,0,0,0,2,0,7,50,0,1220,1220,9,0,28,2,0,0,0,1
1361040,4,2024,2024,1,0,10,8,27,252,21,0,1,1,-33.930054,150.873009,41,0,2,1,2,2,3,4,0,2,7,50,2,5929,5929,1,10,5,2,0,1,0,1
1361045,4,2024,2024,1,6,9,27,27,290,34609,0,1,9,-33.851677,150.974416,21,0,2,1,0,0,3,0,0,0,7,50,0,1850,985,5,16,40,1,0,1,0,0
1361048,2,2024,2024,1,6,5,76,27,85,148,0,1,10,-32.933495,151.720901,48,0,2,1,1,0,3,4,2,0,15,60,1,2852,2852,4,0,5,2,0,0,2,0
1361050,2,2024,2024,5,0,8,334,17,98,308,0,1,1,-30.981235,150.254739,51,2,1,1,0,0,0,0,3,0,7,50,2,1981,1981,4,10,27,2,0,0,1,0