Crash ID,Degree of crash - detailed,Reporting year,Year of crash,Month of crash,Day of week of crash,Two-hour intervals,Street of crash,Street type,Town,Route no.,School zone location,School zone active,Type of location,Latitude,Longitude,LGA,Urbanisation,Conurbation 1,Alignment,Street lighting,Road surface,Surface condition,Weather,Natural lighting,Signals operation,Other traffic control,Speed limit,Road classification,RUM - code,DCA - code,First impact type,Key TU type,Other TU type,No. of traffic units involved,No. killed,No. seriously injured,No. moderately injured,No. minor-other injured
1361054,2,2024,2024,1,4,4,1,31,64,34609,0,1,10,-33.484347,150.137956,40,2,1,1,1,0,0,0,2,0,0,50,0,2852,2852,4,5,5,2,0,0,2,0
1361056,4,2024,2024,1,0,6,37,27,5,36,0,1,1,-32.492923,151.761997,51,1,0,0,1,0,0,0,2,0,7,100,1,5929,5929,1,30,19,2,0,2,0,0
1361057,4,2024,2024,1,1,8,1,31,10,34609,0,1,1,-33.001051,151.576229,37,0,2,0,0,0,3,4,2,0,7,50,0,1850,1463,5,16,40,1,0,1,0,0
1361058,4,2024,2024,1,6,4,1,10,10,34609,0,1,1,-34.425972,150.4914,78,2,1,0,0,0,0,0,2,0,7,50,0,4552,5151,8,10,40,1,0,1,0,0
1361059,4,2024,2024,1,1,6,95,31,204,34609,0,1,7,-33.892007,151.127907,32,0,2,1,0,0,3,4,2,0,0,50,0,6545,6545,4,17,0,2,0,1,0,0
1361060,4,2024,2024,1,2,4,361,32,290,42,0,1,1,-33.854009,150.985031,21,0,2,1,1,0,0,0,2,0,9,40,1,591,591,1,22,5,2,0,1,0,0
1361063,4,2024,2024,1,4,7,22,31,65,34609,0,1,4,-33.801486,150.955875,21,0,2,0,1,0,2,6,2,0,9,50,0,2040,2040,9,5,28,2,0,1,0,0
1361066,2,2024,2024,1,2,4,98,27,609,220,0,1,9,-33.775282,150.918702,7,0,2,1,1,0,0,0,2,0,7,60,2,2852,2852,4,5,5,2,0,0,1,0
1361068,1,2024,2024,1,2,7,3,27,11,34609,0,1,1,-28.55132,153.390139,10,2,1,0,0,0,0,0,2,0,7,50,0,380,714,5,16,40,1,0,0,0,1
1361069,4,2024,2024,6,3,7,8,10,74,34609,0,1,1,-34.41716,150.850844,80,0,2,0,1,0,0,0,2,0,7,50,0,121,121,9,5,28,2,0,1,0,0
1361071,2,2024,2024,1,3,8,3,22,8,8,0,1,1,-29.778794,142.654505,51,1,0,0,0,2,0,0,2,0,7,100,1,782,957,5,16,40,1,0,0,1,0
1361072,4,2024,2024,1,2,6,2,27,44,34609,0,1,1,-30.597477,152.981963,47,2,1,1,0,0,0,0,2,0,0,50,0,3775,3775,0,0,19,2,0,1,0,0
1361073,4,2024,2024,1,6,4,334,17,316,308,0,1,2,-31.456389,152.866301,56,1,0,1,0,0,0,0,2,0,7,100,2,14295,14295,3,0,36,3,0,2,0,0
1361075,2,2024,2024,1,0,8,1,31,166,34609,0,1,9,-33.419513,149.590245,3,2,1,1,1,0,0,0,3,0,7,60,0,1669,1669,3,5,5,2,0,0,1,0
1361079,2,2024,2024,1,1,5,1,31,316,34609,0,1,1,-31.435269,152.905099,56,2,1,1,0,0,0,0,2,0,7,50,0,1981,1981,4,10,21,2,0,0,1,0
1361083,4,2024,2024,5,0,4,11,31,108,34609,0,1,7,-28.868028,153.55758,2,2,1,1,0,0,0,0,2,0,0,50,0,6545,6545,4,33,27,2,0,1,0,0
1361084,2,2024,2024,5,2,0,104,27,443,702,0,1,10,-33.907784,151.064269,15,0,2,0,2,0,0,0,0,2,7,70,2,2852,2852,4,29,5,2,0,0,1,0
1361085,4,2024,2024,1,4,6,16,1,202,118,0,1,1,-33.946896,151.028936,15,0,2,1,1,0,0,0,2,0,7,60,1,941,941,1,5,19,2,0,1,1,0
1361086,2,2024,2024,1,6,4,294,17,11,288,0,1,1,-35.19076,147.747309,75,1,0,1,1,0,0,0,2,0,7,100,2,3775,3775,0,0,35,2,0,0,1,0
1361089,1,2024,2024,1,6,10,829,27,159,770,0,1,2,-33.805882,151.078109,61,0,2,1,2,0,0,0,0,0,7,70,2,9859,9859,8,5,40,1,0,0,0,1
1361091,2,2024,2024,8,2,8,34,27,225,69,0,1,11,-33.796253,151.167338,77,0,2,0,2,0,3,4,0,0,15,50,2,5929,5929,1,30,5,2,0,0,1,0
1361092,4,2024,2024,5,4,5,14,27,18,41,0,1,1,-29.016673,153.267702,60,1,0,1,0,0,0,0,2,0,7,100,1,4026,4026,8,34,40,1,0,1,0,0
1361094,2,2024,2024,1,6,9,21,10,89,34609,0,1,1,-28.222299,153.54085,72,2,1,1,0,0,0,0,0,0,7,50,0,3775,3775,0,5,5,2,0,0,1,0
1361095,4,2024,2024,1,6,9,21,10,89,34609,0,1,1,-28.22225,153.540838,72,2,1,1,0,0,0,0,0,0,7,50,0,9859,9859,1,16,12,2,0,1,0,1
1361096,2,2024,2024,5,6,9,30,27,166,52,1,0,9,-33.907143,151.174368,32,0,2,1,2,0,0,0,0,0,7,50,1,1945,1945,5,15,40,1,0,0,1,0
1361100,2,2024,2024,8,3,8,1052,14,207,928,0,1,3,-33.550192,151.193951,31,0,2,1,2,0,0,0,3,0,7,110,2,1192,1192,1,16,19,2,0,0,2,0
1361102,1,2024,2024,1,6,11,74,27,66,59,0,1,10,-34.47829,150.886745,80,0,2,1,2,0,3,0,0,2,7,60,2,6545,6545,4,5,0,2,0,0,0,1
1361103,4,2024,2024,5,2,7,2209,17,106,2205,0,1,9,-34.549756,150.785927,62,0,2,1,0,0,0,0,2,0,15,70,2,14295,14295,3,16,5,2,0,1,0,0
1361106,4,2024,2024,1,3,6,37,27,46,41,1,0,1,-28.830376,153.292262,39,2,1,1,1,0,0,0,2,0,7,50,1,5929,5929,1,0,19,2,0,1,0,0
1361108,2,2024,2024,5,3,9,194,31,309,702,0,1,9,-33.819373,151.099798,61,0,2,1,2,0,0,0,0,2,7,70,2,256,256,4,5,19,3,0,0,1,0
1361109,2,2024,2024,1,5,8,109,36,21,108,0,1,9,-28.272702,153.467935,72,2,1,0,2,0,3,4,3,2,0,80,1,5929,5929,1,5,13,4,0,0,1,0
1361114,2,2024,2024,1,3,7,169,31,108,34609,0,1,7,-28.870015,153.559346,2,2,1,1,0,0,3,4,2,0,0,40,0,9859,9859,8,5,40,1,0,0,1,0
1361115,4,2024,2024,1,0,5,2126,17,179,2149,0,1,9,-33.758879,150.720697,55,0,2,1,1,0,0,0,2,2,7,60,2,5929,5929,1,5,0,2,0,1,1,0
1361120,1,2024,2024,1,3,7,2126,17,44,2149,0,1,1,-33.764859,150.625847,8,2,2,1,1,0,0,0,2,0,7,80,2,14295,14295,3,9,5,2,0,0,0,1
1361122,4,2024,2024,1,2,8,100,27,127,799,0,1,10,-33.896228,151.154137,32,0,2,1,1,0,0,0,2,2,9,60,2,2040,2040,9,5,28,2,0,1,0,0
1361125,2,2024,2024,1,5,10,2261,17,26,2252,0,1,7,-34.404493,150.505509,78,2,1,0,2,0,0,0,0,0,0,60,2,4552,5151,8,5,40,1,0,0,1,0
1361126,2,2024,2024,1,1,11,5,31,174,34609,0,1,9,-33.861962,150.933514,24,0,2,1,2,0,0,0,0,0,7,50,0,6545,6545,4,5,0,2,0,0,1,0
1361138,4,2024,2024,1,5,7,46,27,173,115,0,1,7,-33.70909,151.122494,36,0,2,1,1,0,0,0,2,0,0,60,1,6545,6545,4,10,27,2,0,1,0,0
1361141,4,2024,2024,1,1,8,120,36,11,148,0,1,1,-30.414968,152.341841,1,1,0,0,0,0,3,4,2,0,7,100,2,1957,4009,8,5,40,1,0,1,0,0
1361149,2,2024,2024,1,6,8,229,14,110,237,0,1,3,-33.766623,151.007839,54,0,2,1,0,0,0,0,2,0,7,100,2,14295,14295,3,8,12,4,0,0,1,0
1361150,4,2024,2024,1,0,6,3371,17,137,3342,0,1,2,-32.971693,151.692532,37,0,2,0,1,0,3,4,2,0,7,60,2,1850,1463,5,16,40,1,0,1,0,0
1361151,4,2024,2024,1,3,10,51,27,57,34609,0,1,2,-34.565738,150.824282,62,0,2,0,2,0,0,0,0,0,7,50,0,2585,4009,8,5,40,1,0,1,1,0
1361153,2,2024,2024,8,5,5,23,10,25,47,0,1,7,-32.896524,151.695256,48,0,2,0,1,0,0,0,2,0,0,60,2,19,19,1,5,19,2,0,0,1,0
1361157,2,2024,2024,1,2,7,38,27,8,35,0,1,1,-34.627079,150.777431,35,2,1,0,0,0,0,0,2,0,7,60,1,1850,1463,5,16,40,1,0,0,1,0
1361161,2,2024,2024,1,4,10,4,1,293,34609,1,0,9,-33.927802,151.055443,15,0,2,1,0,0,0,0,0,0,7,50,0,9859,9859,1,10,5,2,0,0,1,0
1361162,4,2024,2024,1,0,9,42,31,316,6,0,1,7,-31.434704,152.905071,56,2,1,1,2,0,0,0,0,0,0,60,1,6545,6545,4,21,19,2,0,1,0,0
1361165,4,2024,2024,1,3,4,22,10,147,34609,0,1,9,-33.872733,151.136339,14,0,2,1,1,0,0,0,2,0,15,50,0,2852,2852,4,5,27,2,0,1,0,0
1361167,4,2024,2024,1,4,4,117,27,78,144,0,1,1,-33.858589,151.092311,14,0,2,1,1,0,3,4,2,0,7,60,2,2040,2040,9,5,28,2,0,1,0,0
1361168,4,2024,2024,1,0,11,2,27,69,34609,0,1,9,-33.775465,150.992014,54,0,2,1,2,0,0,0,0,0,15,50,0,312,312,2,5,40,1,0,1,0,0
1361169,4,2024,2024,1,4,7,251,27,64,212,0,1,9,-33.762,151.207225,50,0,2,1,1,0,0,0,2,0,7,70,2,14295,14295,3,5,0,3,0,1,0,0
1361170,2,2024,2024,1,4,5,14,22,82,605,0,1,9,-33.788413,151.265775,50,0,2,0,1,0,0,0,2,2,7,60,2,5929,5929,1,5,18,2,0,0,1,0
1361172,4,2024,2024,1,0,9,143,31,89,181,0,1,2,-33.890341,151.239725,59,0,2,1,2,0,0,0,0,0,7,60,2,14295,14295,3,15,5,2,0,1,1,0
1361173,4,2024,2024,1,0,7,59,27,252,41,0,1,10,-33.938474,150.868113,41,0,2,1,1,0,0,0,2,2,7,60,1,5929,5929,1,29,5,2,0,1,0,0
1361174,4,2024,2024,6,1,3,2209,17,130,2205,0,1,9,-34.449763,150.849301,80,0,2,1,2,0,0,0,0,2,7,60,1,5929,5929,1,9,13,2,0,1,0,0
1361181,1,2024,2024,0,0,8,3,27,2,34609,0,1,1,-35.07343,145.378684,51,1,0,1,0,2,0,0,2,0,7,100,0,4026,4026,8,5,40,1,0,0,0,1
1361182,1,2024,2024,8,4,7,165,31,523,34609,1,0,1,-33.918472,150.925702,41,0,2,1,1,0,0,0,2,0,7,30,0,1945,1945,5,17,40,1,0,0,0,1
1361183,1,2024,2024,0,4,11,1,27,39,34609,0,1,9,-33.763093,150.927683,7,0,2,1,0,0,0,6,0,0,7,50,0,9859,9859,1,5,25,2,0,0,0,1
1361185,4,2024,2024,0,0,3,5,31,47,34609,1,0,10,-35.719416,147.318801,27,2,1,1,1,0,0,0,2,0,0,50,0,6545,6545,4,10,27,2,0,1,0,0
1361187,4,2024,2024,8,6,5,280,10,46,240,0,1,9,-33.888016,150.969038,24,0,2,1,1,0,0,3,2,0,7,60,2,6545,6545,4,0,36,2,0,1,0,0
1361188,2,2024,2024,0,0,8,866,17,278,793,1,0,10,-33.766481,151.04752,54,0,2,1,1,0,0,0,2,2,7,60,2,14295,14295,3,16,5,2,0,0,1,0
1361190,1,2024,2024,0,6,10,3,27,26,34609,0,1,1,-31.973401,152.564081,43,1,0,1,0,0,0,0,0,0,7,90,0,30,30,9,0,28,2,0,0,0,1
1361191,1,2024,2024,8,4,7,15,31,148,34609,0,1,1,-36.037177,146.944097,0,2,1,1,0,0,0,0,2,0,7,50,0,9859,9859,1,5,36,2,0,0,0,1
1361193,4,2024,2024,8,3,7,308,14,53,311,0,1,3,-33.918949,150.852597,41,0,2,0,1,0,0,0,2,0,7,80,2,1259,5151,8,5,40,2,0,1,0,0
1361199,2,2024,2024,6,6,6,2,31,173,34609,0,1,0,-33.877351,151.223303,69,0,2,1,0,0,0,0,2,0,7,40,0,186,186,1,10,27,2,0,0,1,0
1361200,2,2024,2024,8,1,4,6,1,169,34609,0,1,1,-33.903414,151.21054,69,0,2,1,1,0,0,0,2,0,7,40,0,1109,787,1,5,18,2,0,0,1,0
1361203,4,2024,2024,8,0,9,11,27,9,118,0,1,1,-30.052194,150.602799,51,1,0,0,1,0,0,0,0,0,7,100,2,1259,5151,8,10,40,1,0,1,1,0
1361204,2,2024,2024,6,3,8,3371,17,23,3342,0,1,2,-32.999398,151.685794,37,0,2,1,2,0,0,0,3,2,9,70,2,14295,14295,3,9,0,3,0,0,2,0
1361205,2,2024,2024,8,3,8,153,27,188,147,1,0,9,-33.949941,151.100245,25,0,2,1,2,0,3,4,0,0,7,60,2,14295,14295,3,10,5,4,0,0,1,1
1361206,2,2024,2024,6,4,4,11,27,40,34609,0,1,1,-35.785272,150.14605,23,1,0,0,0,0,0,0,2,0,7,100,0,2585,4009,8,0,40,1,0,0,1,1
1361208,1,2024,2024,6,0,10,97,17,7,88,0,1,2,-34.900398,149.472715,74,1,0,1,0,0,3,3,0,0,7,110,2,5929,5929,1,5,5,2,0,0,0,3
1361209,2,2024,2024,6,5,4,54,27,284,18,0,1,1,-33.899002,151.036852,15,0,2,1,1,0,0,0,2,0,7,60,1,238,238,9,10,28,2,0,0,1,0
1361210,2,2024,2024,6,5,4,149,27,294,198,0,1,10,-33.938803,150.940188,41,0,2,0,1,0,2,6,2,0,7,60,2,2852,2852,4,0,12,2,0,0,1,0
1361211,4,2024,2024,6,0,11,2261,17,70,2252,0,1,2,-34.574219,150.253456,78,1,0,1,0,0,0,3,0,0,7,110,2,4026,4026,8,5,40,1,0,1,0,0
1361216,2,2024,2024,6,6,1,3371,17,31,3342,0,1,2,-30.343545,153.070331,19,1,0,1,0,0,0,0,0,0,7,100,2,204,204,1,3,23,2,0,0,1,0
1361221,4,2024,2024,6,2,2,3,27,16,34609,0,1,1,-34.623368,146.383691,51,1,0,0,0,0,0,1,0,0,7,100,0,4552,5151,8,10,40,1,0,1,0,0
1361222,2,2024,2024,6,4,2,1,27,19,34609,0,1,1,-33.685035,150.883268,7,0,2,1,2,0,3,0,0,0,7,50,0,9859,9859,1,5,13,2,0,0,1,0
1361223,2,2024,2024,6,2,10,68,31,128,34609,0,1,1,-33.616638,150.808216,29,2,2,1,2,0,0,0,0,0,7,40,0,9859,9859,8,34,40,1,0,0,1,0
1361224,2,2024,2024,8,1,8,1,27,9,34609,0,1,1,-35.152219,148.386694,66,2,1,1,0,2,0,0,0,0,7,60,0,945,945,5,5,40,1,0,0,1,0
1361227,2,2024,2024,6,4,6,224,27,26,321,0,1,1,-33.909989,151.2024,69,0,2,1,0,0,0,0,2,0,7,50,2,9859,9859,1,0,0,2,0,0,1,0
1361228,4,2024,2024,6,6,3,71,31,290,34609,0,1,1,-33.852639,150.981332,21,0,2,1,1,0,0,0,1,0,7,50,0,1981,1981,4,10,13,2,0,1,0,0
1361229,2,2024,2024,5,1,7,5,27,1,34609,0,1,1,-30.352586,151.551878,1,1,0,0,0,0,0,0,2,0,7,100,0,1957,4009,8,0,40,1,0,0,1,0
1361230,2,2024,2024,8,2,9,8,1,112,34609,0,1,9,-33.903755,151.209671,69,0,2,1,2,0,3,4,0,2,7,50,0,1192,1192,1,5,22,2,0,0,1,0
1361232,2,2024,2024,5,6,9,2126,17,14,2149,0,1,2,-33.721442,150.599542,8,2,2,1,2,0,3,3,0,0,7,80,2,4026,4026,8,5,40,1,0,0,1,0
1361241,4,2024,2024,5,6,3,171,1,252,55,0,1,10,-33.878609,151.210744,69,0,2,1,1,0,3,4,2,2,7,40,1,14295,14295,3,5,19,2,0,1,0,0
1361242,2,2024,2024,5,5,11,22,23,18,34609,0,1,9,-34.507099,150.810563,80,0,2,0,3,0,2,6,0,0,7,50,0,1957,4009,1,0,5,2,0,0,1,0
1361246,2,2024,2024,5,2,10,43,27,5,46,0,1,9,-28.286547,153.563081,72,2,1,1,0,0,0,0,0,0,7,40,1,3775,3775,0,5,0,2,0,0,1,0
1361248,4,2024,2024,5,4,10,232,36,134,331,0,1,2,-33.978366,150.805802,12,0,2,1,2,0,0,0,0,0,7,80,2,4026,4026,8,16,40,1,0,1,0,0
1361251,2,2024,2024,8,0,3,150,27,309,415,0,1,2,-33.803549,151.113436,61,0,2,0,1,0,0,0,2,0,7,70,2,14295,14295,3,5,0,7,0,0,1,1
1361252,2,2024,2024,5,6,7,2126,17,147,2149,0,1,9,-33.871728,151.124102,14,0,2,0,3,0,0,0,2,0,7,60,2,3775,3775,0,5,0,2,0,0,2,0
1361253,4,2024,2024,5,6,3,1,31,26,34609,0,1,10,-31.963635,152.586242,43,2,1,1,1,0,0,0,2,0,0,50,0,6545,6545,4,10,0,2,0,1,1,0
1361255,1,2024,2024,6,4,9,98,31,102,34609,0,1,9,-33.943353,151.197587,4,0,2,1,1,0,0,0,2,0,7,50,0,323,323,1,33,27,2,0,0,0,1
1361256,2,2024,2024,5,1,11,14,27,133,34609,0,1,1,-34.506587,150.784283,80,0,2,1,0,0,0,0,0,0,7,50,0,9859,9859,1,5,0,2,0,0,1,0
1361259,4,2024,2024,5,2,8,1052,14,33,928,0,1,3,-33.662229,151.126483,31,0,2,1,1,0,3,2,3,0,7,110,2,9859,9859,8,10,40,1,0,1,0,0
1361261,4,2024,2024,1,4,0,2126,17,90,2149,0,1,2,-33.708054,150.323237,8,2,2,0,2,0,0,0,0,0,7,70,2,404,404,8,19,40,1,0,1,0,0
1361265,2,2024,2024,5,0,7,2126,17,62,2149,0,1,9,-33.736339,150.60514,8,2,2,0,0,0,3,3,2,2,7,60,2,14295,14295,3,30,5,3,0,0,1,0
1361266,2,2024,2024,5,5,1,829,31,49,102,0,1,9,-34.447712,147.54408,51,2,1,1,2,0,0,0,0,0,7,50,2,1850,777,5,16,40,1,0,0,1,1
1361268,4,2024,2024,5,4,3,163,27,95,165,0,1,2,-33.734124,150.834504,7,0,2,1,2,0,0,0,2,0,7,60,1,1220,1220,9,29,28,2,0,1,0,0
1361270,4,2024,2024,5,4,6,1,7,609,34609,0,1,7,-33.775155,150.914803,7,0,2,0,1,0,0,0,2,0,0,50,0,4552,985,8,5,40,1,0,1,0,0
1361271,4,2024,2024,5,4,11,126,1,94,144,0,1,7,-33.785687,150.805902,55,0,2,0,2,0,0,0,0,0,0,60,2,4552,985,8,5,40,1,0,1,0,0
1361275,4,2024,2024,1,3,5,192,31,316,120,0,1,10,-33.913163,151.24204,59,0,2,1,1,0,0,0,2,2,7,50,2,5929,5929,1,5,19,2,0,1,0,0
1361276,4,2024,2024,5,4,8,2261,17,140,2252,1,0,9,-33.904648,151.005334,15,0,2,1,2,0,0,0,3,0,0,70,2,775,775,4,0,18,2,0,1,0,0
1361279,2,2024,2024,5,6,7,2261,17,45,2252,0,1,3,-34.302815,150.608403,79,1,2,1,0,0,0,0,2,0,7,110,2,9859,9859,8,30,40,1,0,0,1,0
1361280,1,2024,2024,5,2,9,14,1,169,99,0,1,10,-33.900901,151.215126,69,0,2,1,2,0,0,0,0,2,0,50,2,623,623,3,0,5,2,0,0,0,1
1361281,4,2024,2024,5,5,9,16,27,12,34609,0,1,1,-32.923135,151.583332,37,0,2,0,0,0,0,0,0,0,7,60,0,1259,5151,8,5,40,1,0,2,0,0
1361285,4,2024,2024,1,6,6,125,27,53,123,0,1,10,-33.362192,151.444404,16,2,2,1,1,0,0,0,2,2,7,60,2,14295,14295,3,0,5,2,0,1,0,0
1361286,4,2024,2024,5,3,0,3,27,22,34609,0,1,9,-32.852025,149.98511,44,2,1,1,0,0,0,0,0,0,7,50,0,475,475,5,10,40,1,0,1,0,0
1361289,1,2024,2024,1,4,9,163,27,95,165,0,1,2,-33.737398,150.840459,7,0,2,1,2,0,0,0,0,0,7,60,1,9859,9859,8,16,40,1,0,0,0,1
1361292,2,2024,2024,8,4,9,7,31,253,34609,0,1,9,-33.954045,151.094234,25,0,2,1,2,0,0,0,0,0,7,50,0,926,926,4,5,5,2,0,0,2,0
1361293,4,2024,2024,1,2,6,196,10,24,168,0,1,1,-33.962944,150.987345,15,0,2,0,0,0,0,0,2,0,7,60,2,782,957,5,16,40,1,0,1,0,0
1361295,4,2024,2024,5,0,10,12,10,26,8,0,1,9,-34.020474,151.083023,68,0,2,1,2,0,0,0,3,0,0,60,1,2040,2040,9,5,28,2,0,1,0,0
1361296,4,2024,2024,5,4,9,1052,14,33,928,0,1,3,-33.642703,151.142637,31,0,2,1,0,0,0,0,0,0,7,110,2,4026,4026,8,5,40,5,0,3,0,0
1361297,4,2024,2024,1,1,8,72,27,82,102,0,1,1,-33.794612,151.266174,50,0,2,1,2,0,0,0,0,0,7,60,2,387,387,1,22,0,3,0,1,0,0
1361298,4,2024,2024,1,5,4,5,10,27,34609,0,1,7,-30.147231,153.189122,19,2,1,1,1,0,0,3,2,0,0,50,0,6545,6545,4,10,27,2,0,1,0,0
1361299,4,2024,2024,5,5,7,1,31,77,34609,0,1,7,-30.332942,149.782413,51,2,1,1,1,0,0,0,2,0,0,50,0,6545,6545,4,16,13,2,0,1,0,0
1361302,4,2024,2024,1,0,9,10,7,39,34609,0,1,9,-32.713167,152.07245,57,2,1,0,2,0,0,0,3,0,0,50,0,5929,5929,1,10,27,2,0,1,0,0
1361304,4,2024,2024,1,1,7,866,17,171,793,0,1,9,-33.80595,150.970263,54,0,2,1,1,0,0,0,2,2,9,70,2,1220,1220,9,10,28,2,0,1,0,0
1361305,2,2024,2024,1,0,8,916,17,66,917,0,1,2,-32.812318,151.653608,48,0,2,1,0,0,0,0,2,0,7,90,2,14295,14295,3,5,5,3,0,0,2,0
1361306,1,2024,2024,5,1,8,7,27,7,8,0,1,9,-34.574197,148.353548,30,1,0,0,0,0,0,0,2,0,0,100,1,2585,4009,8,16,40,1,0,0,0,1
1361307,4,2024,2024,5,6,8,80,31,204,187,0,1,1,-33.878737,151.126014,32,0,2,1,2,0,0,0,0,0,7,50,2,5929,5929,1,5,19,2,0,1,0,0
1361308,1,2024,2024,1,0,1,102,1,91,34609,1,0,1,-33.995032,150.883239,13,0,2,1,2,0,0,0,0,0,7,50,0,4026,4026,1,5,5,2,0,0,0,1
1361309,4,2024,2024,1,4,6,829,27,363,770,0,1,10,-33.808664,151.005317,54,0,2,1,1,0,0,0,2,2,9,60,2,591,591,1,18,22,2,0,1,0,0
1361311,2,2024,2024,1,2,7,3,31,169,34609,0,1,9,-33.617996,150.721441,29,2,2,1,1,0,0,0,2,0,7,80,0,256,256,4,5,19,2,0,0,1,0
1361312,4,2024,2024,1,1,5,1,31,463,34609,0,1,9,-30.294413,153.110934,19,2,1,1,1,0,3,4,2,0,15,50,0,2852,2852,4,5,0,2,0,1,0,0
1361313,1,2024,2024,5,6,6,829,27,159,770,0,1,9,-33.810267,151.093632,61,0,2,1,0,0,3,0,2,0,9,60,2,2040,2040,9,0,28,2,0,0,0,1
1361315,4,2024,2024,1,0,7,3371,17,54,3342,0,1,1,-33.23546,151.501463,16,2,2,1,3,0,0,0,2,0,7,60,2,1669,1669,3,5,25,2,0,1,0,0
1361316,2,2024,2024,1,4,9,24,31,314,34609,0,1,9,-33.856178,150.931036,24,0,2,1,2,0,0,0,3,0,0,50,0,5929,5929,1,5,5,3,0,0,1,0
1361319,2,2024,2024,6,6,4,205,27,147,415,0,1,2,-33.743736,151.150331,36,0,2,1,1,0,0,0,2,0,7,70,2,1945,1945,5,22,40,1,0,0,1,0
1361321,2,2024,2024,6,0,10,192,10,57,114,1,0,7,-33.463307,151.364493,16,2,2,0,0,0,0,0,2,0,0,60,2,1850,1463,5,16,40,1,0,0,1,0
1361322,4,2024,2024,1,4,4,177,31,314,208,0,1,7,-33.862818,150.945305,24,0,2,1,0,0,0,0,2,0,0,60,1,1220,1220,9,5,28,2,0,1,0,0
1361327,4,2024,2024,1,3,7,17,27,11,13,0,1,1,-32.743167,148.597561,11,1,0,1,0,0,0,0,2,0,7,100,1,3775,3775,0,0,5,2,0,1,0,2
1361332,2,2024,2024,1,4,7,55,27,74,9,1,0,1,-33.72979,151.041803,31,0,2,1,3,0,0,0,2,0,7,60,1,1109,397,1,0,5,2,0,0,1,0
1361338,2,2024,2024,1,1,9,56,31,38,34609,0,1,1,-33.772008,150.79675,55,0,2,1,3,0,0,0,0,0,7,50,0,84,84,8,16,40,1,0,0,1,0
1361339,2,2024,2024,1,1,10,12,1,123,34609,0,1,1,-33.916476,151.224081,59,0,2,1,3,0,2,6,0,0,7,50,0,14295,14295,3,22,27,2,0,0,2,0
1361340,1,2024,2024,1,5,6,6,10,36,34609,0,1,9,-34.048726,150.721258,12,0,2,0,3,0,0,0,2,0,7,50,0,623,623,3,21,0,2,0,0,0,1
1361342,2,2024,2024,1,0,6,2,27,1,34609,0,1,1,-33.134495,151.374794,16,1,2,0,0,2,0,0,2,0,7,100,0,1850,1463,5,16,40,1,0,0,1,0
1361343,4,2024,2024,1,3,3,3371,17,139,3342,0,1,10,-33.841702,151.21003,49,0,2,0,0,0,0,0,2,3,7,60,2,14295,14295,3,5,27,2,0,1,0,0
1361344,4,2024,2024,1,4,3,35,27,30,34609,0,1,1,-28.329799,153.493756,72,2,1,0,0,0,3,4,2,0,7,80,0,3775,3775,0,10,0,2,0,1,0,0
1361345,4,2024,2024,1,4,4,25,31,127,30,0,1,9,-33.891215,151.158392,32,0,2,1,1,0,0,0,2,0,0,60,1,1957,777,8,8,40,2,0,1,0,0
1361347,2,2024,2024,1,5,0,18,31,155,34609,0,1,10,-33.142507,148.161808,53,2,1,0,2,0,0,6,0,0,0,50,0,4552,5151,8,5,40,1,0,0,1,0
1361350,2,2024,2024,8,5,8,1,31,60,34609,0,1,9,-33.628099,150.282412,8,2,2,1,1,0,0,0,2,0,7,50,0,1945,1945,5,16,40,1,0,0,1,0
1361351,2,2024,2024,1,0,8,68,31,128,7,0,1,1,-33.618909,150.811075,29,2,2,1,1,0,0,0,2,0,7,50,1,340,340,9,10,28,2,0,0,1,0
1361357,2,2024,2024,6,1,10,21,7,102,34609,1,0,1,-31.109964,150.913919,70,2,1,0,2,0,0,0,0,0,7,50,0,3775,3775,0,0,0,2,0,0,1,0
1361358,2,2024,2024,5,2,3,191,17,25,189,0,1,1,-32.351124,150.663431,46,1,0,0,0,0,3,0,1,0,7,100,2,3775,3775,0,34,2,2,0,0,1,0
1361360,2,2024,2024,1,5,4,79,31,123,34609,0,1,7,-33.837003,148.69329,51,2,1,1,1,0,3,3,2,0,0,50,0,1945,1945,5,16,40,1,0,0,1,0
1361361,2,2024,2024,1,1,7,55,1,134,34609,0,1,10,-33.521509,151.313988,16,2,2,1,1,0,0,0,2,0,0,50,0,2040,2040,9,5,28,2,0,0,1,0
1361362,4,2024,2024,5,1,8,4,31,609,34609,0,1,1,-33.783162,150.8986,7,0,2,1,3,0,2,6,2,0,7,50,0,9859,9859,1,16,5,4,0,1,0,0
1361363,2,2024,2024,1,6,6,4,31,28,34609,1,0,9,-33.41201,149.558782,3,2,1,1,0,0,0,0,2,0,0,50,0,6545,6545,4,0,5,2,0,0,1,0
1361366,1,2024,2024,1,0,6,10,31,87,34609,0,1,2,-28.808725,153.278682,39,2,1,1,0,0,0,0,2,0,7,50,0,340,340,9,5,28,2,0,0,0,1
1361372,4,2024,2024,5,3,5,84,27,56,34609,0,1,1,-33.760724,150.782835,55,0,2,1,1,0,0,0,2,0,7,50,0,941,941,1,10,19,2,0,1,0,0
1361373,1,2024,2024,1,5,7,346,17,35,332,0,1,10,-28.813597,153.26659,39,2,1,1,1,0,0,0,2,0,7,60,2,14295,14295,3,16,5,2,0,0,0,1
1361375,4,2024,2024,1,5,3,49,27,232,62,0,1,2,-33.690602,150.921907,7,0,2,0,3,0,0,1,2,0,7,70,2,14295,14295,3,29,0,2,0,1,1,0