Crash ID,Degree of crash - detailed,Reporting year,Year of crash,Month of crash,Day of week of crash,Two-hour intervals,Street of crash,Street type,Town,Route no.,School zone location,School zone active,Type of location,Latitude,Longitude,LGA,Urbanisation,Conurbation 1,Alignment,Street lighting,Road surface,Surface condition,Weather,Natural lighting,Signals operation,Other traffic control,Speed limit,Road classification,RUM - code,DCA - code,First impact type,Key TU type,Other TU type,No. of traffic units involved,No. killed,No. seriously injured,No. moderately injured,No. minor-other injured
1361379,1,2024,2024,1,1,4,1104,14,161,962,0,1,3,-33.878743,151.158038,32,0,2,1,3,0,0,0,2,0,7,90,2,14295,14295,3,0,13,2,0,0,0,1
1361380,4,2024,2024,1,5,4,149,36,15,113,0,1,1,-32.349946,152.512371,43,1,0,0,3,0,0,0,2,0,7,100,1,1669,1669,3,5,13,2,0,1,0,0
1361384,2,2024,2024,11,5,8,2,31,76,34609,0,1,9,-33.914129,150.869215,41,0,2,0,3,0,0,0,2,0,7,50,0,1957,4009,1,5,13,3,0,0,1,0
1361386,2,2024,2024,11,5,7,145,27,234,34609,0,1,9,-34.292107,146.05388,28,2,1,1,3,0,0,0,2,0,7,60,0,5929,5929,1,10,5,2,0,0,1,0
1361389,1,2024,2024,1,4,9,15,31,346,38,0,1,9,-33.874801,151.094392,9,0,2,1,3,0,0,0,0,0,0,50,1,2852,2852,4,5,5,2,0,0,0,1
1361390,1,2024,2024,1,2,6,12,27,67,34609,0,1,9,-33.66064,150.914067,71,0,2,0,3,0,0,0,2,0,0,60,0,2852,2852,4,5,0,2,0,0,0,1
1361391,1,2024,2024,1,4,8,137,31,37,34609,0,1,1,-32.682495,151.388733,17,2,1,0,3,0,3,4,3,0,7,50,0,2585,4009,1,30,22,2,0,0,0,1
1361393,2,2024,2024,11,6,8,225,17,85,180,1,0,10,-34.571547,150.76538,62,0,2,1,3,0,0,0,3,2,7,50,2,14295,14295,3,5,5,2,0,0,1,0
1361394,1,2024,2024,1,6,7,2126,17,438,2149,0,1,10,-33.845062,151.042205,21,0,2,1,3,0,0,0,2,2,7,70,2,1282,1282,1,10,0,2,0,0,0,1
1361395,4,2024,2024,11,6,3,165,31,67,34609,0,1,9,-33.646305,150.900592,71,0,2,1,3,0,0,0,2,0,0,60,0,926,926,4,5,10,2,0,1,0,0
1361399,1,2024,2024,1,5,7,222,27,98,70,1,0,9,-33.737339,151.063117,31,0,2,1,3,0,0,0,2,0,7,60,2,1282,1282,1,0,19,2,0,0,0,1
1361401,2,2024,2024,1,6,3,3371,17,85,3342,0,1,9,-33.733539,151.127998,36,0,2,0,2,0,0,0,1,2,7,60,2,5929,5929,1,0,0,2,0,0,1,0
1361405,2,2024,2024,1,2,5,2261,17,284,2252,0,1,9,-33.905036,151.010142,15,0,2,1,3,0,0,0,2,0,0,70,2,2852,2852,4,5,13,2,0,0,1,0
1361409,1,2024,2024,11,3,6,1052,14,33,928,0,1,3,-33.641683,151.143847,31,0,2,0,3,0,0,0,2,0,7,110,2,4552,5151,1,0,36,2,0,0,0,1
1361410,2,2024,2024,1,0,4,38,27,290,159,0,1,1,-33.948639,151.128238,4,0,2,1,3,0,0,0,2,0,7,60,2,1192,1192,1,5,0,2,0,0,1,1
1361414,1,2024,2024,1,0,4,280,10,237,240,0,1,9,-33.877352,150.965763,24,0,2,1,3,0,0,0,2,2,7,60,2,14295,14295,3,8,5,2,0,0,0,1
1361418,2,2024,2024,1,4,7,12,27,62,12,0,1,10,-33.748356,151.263858,50,0,2,1,1,0,0,0,2,0,15,50,1,5929,5929,1,5,5,2,0,0,1,0
1361422,1,2024,2024,1,1,2,15,27,16,34609,0,1,7,-33.732415,151.277317,50,0,2,0,3,0,0,0,1,0,0,50,0,2852,2852,4,0,0,2,0,0,0,1
1361428,1,2024,2024,5,5,6,2209,17,157,2205,0,1,9,-34.009403,151.098717,68,0,2,1,3,0,0,0,2,0,7,70,2,1192,1192,1,34,2,2,0,0,0,1
1361430,1,2024,2024,1,0,6,14,27,11,34609,0,1,9,-34.514701,150.770505,80,0,2,0,3,0,0,0,2,0,7,80,0,1669,1669,3,0,0,2,0,0,0,1
1361433,1,2024,2024,1,6,7,8,31,165,770,0,1,9,-33.85263,151.155829,14,0,2,1,3,0,0,0,2,2,7,60,2,144,144,1,5,5,2,0,0,0,1
1361434,1,2024,2024,11,3,5,12,10,16,34609,0,1,9,-33.172221,151.587466,16,2,2,1,3,2,0,0,2,0,0,80,0,489,489,8,5,40,1,0,0,0,1
1361435,2,2024,2024,5,6,3,46,36,11,46,0,1,1,-33.096732,149.101472,11,1,0,0,0,0,0,0,1,0,7,100,1,4552,5151,8,10,40,1,0,0,1,0
1361438,1,2024,2024,11,1,3,1104,14,113,962,0,1,3,-33.785958,150.715249,55,0,2,0,3,0,0,0,2,0,7,110,2,14295,14295,3,8,5,2,0,0,0,1
1361440,1,2024,2024,1,6,6,145,31,147,3342,0,1,9,-33.749268,151.145894,36,0,2,1,3,0,0,0,2,1,7,60,2,14295,14295,3,5,5,2,0,0,0,1
1361445,2,2024,2024,1,5,6,133,10,316,121,0,1,7,-31.468151,152.90889,56,2,1,1,3,0,0,0,2,0,0,60,1,5929,5929,1,16,0,2,0,0,1,0
1361446,2,2024,2024,11,6,6,112,17,207,112,0,1,1,-31.956082,141.44682,51,2,1,1,3,0,0,0,2,0,7,50,2,945,945,5,5,40,1,0,0,1,0
1361448,1,2024,2024,1,5,5,97,27,271,799,0,1,10,-33.936084,151.011331,15,0,2,1,3,0,0,0,2,2,7,70,2,14295,14295,3,5,0,3,0,0,0,1
1361450,2,2024,2024,11,5,9,829,27,363,770,0,1,9,-33.809156,151.022369,54,0,2,1,3,0,0,0,0,2,7,50,2,2852,2852,4,5,5,2,0,0,1,0
1361454,2,2024,2024,11,3,6,4,27,3,34609,0,1,1,-30.658653,150.478665,51,1,0,0,3,2,0,0,2,0,7,100,0,3775,3775,0,10,10,2,0,0,1,0
1361455,1,2024,2024,1,5,11,194,31,309,702,0,1,10,-33.817986,151.101382,61,0,2,1,3,0,0,0,0,2,7,60,2,2852,2852,4,5,5,2,0,0,0,1
1361456,1,2024,2024,1,3,8,829,31,314,240,0,1,10,-33.848867,150.922629,24,0,2,1,3,0,0,0,2,2,7,60,2,515,515,1,5,13,2,0,0,0,1
1361463,2,2024,2024,1,1,9,3371,17,173,3342,0,1,10,-33.71601,151.108738,31,0,2,0,3,0,0,0,0,2,7,60,2,5929,5929,1,9,0,2,0,0,1,0
1361470,1,2024,2024,1,3,7,234,27,112,217,1,0,1,-33.684845,151.027553,71,0,2,0,3,0,0,0,2,0,7,60,2,1669,1669,3,21,5,2,0,0,0,1
1361474,1,2024,2024,1,6,7,43,27,273,87,0,1,9,-34.440106,150.890927,80,0,2,1,3,0,0,0,2,3,7,80,2,14295,14295,3,5,13,3,0,0,0,1
1361479,2,2024,2024,11,5,9,7,31,107,157,1,0,10,-29.674146,152.934122,18,2,1,1,3,0,0,0,0,0,0,50,2,2852,2852,4,0,5,2,0,0,1,0
1361480,4,2024,2024,1,4,5,21,27,112,34609,1,0,1,-33.697232,151.040992,31,0,2,1,0,0,0,0,2,0,7,60,0,9859,9859,1,0,0,4,0,1,1,0
1361483,1,2024,2024,1,6,7,11,7,304,34609,0,1,1,-33.921521,151.156054,32,0,2,1,0,0,0,0,2,0,9,50,0,14295,14295,3,0,0,3,0,0,0,2
1361485,2,2024,2024,1,0,5,16,27,88,20,0,1,1,-33.757968,150.85114,7,0,2,1,3,0,0,0,2,0,7,60,1,1981,1981,4,5,5,2,0,0,1,0
1361486,2,2024,2024,11,1,7,57,36,169,769,0,1,1,-33.603076,150.768929,29,2,2,1,3,0,0,0,2,0,7,80,2,3775,3775,0,5,13,2,0,0,1,0
1361487,1,2024,2024,1,4,7,3371,17,52,3342,0,1,10,-33.262809,151.464678,16,2,2,1,3,0,0,0,2,2,7,70,2,1669,1669,3,0,13,2,0,0,0,1
1361492,1,2024,2024,11,3,5,866,17,36,793,1,0,9,-33.792773,151.01972,54,0,2,1,3,0,0,0,2,0,0,60,2,1192,1192,1,0,5,2,0,0,0,1
1361493,4,2024,2024,1,2,7,1104,14,323,962,0,1,3,-33.802213,150.887747,7,0,2,1,3,0,0,0,2,0,7,100,2,14295,14295,3,5,25,3,0,1,0,0
1361494,1,2024,2024,1,0,5,5,1,173,34609,0,1,1,-33.719237,151.119048,36,0,2,1,3,0,0,0,2,0,16,50,0,14295,14295,3,5,5,3,0,0,0,1
1361496,1,2024,2024,1,1,6,29,31,609,48,0,1,10,-33.771977,150.891949,7,0,2,1,3,0,0,0,2,2,9,60,1,2040,2040,9,5,28,2,0,0,0,1
1361499,4,2024,2024,1,5,5,11,31,176,10,0,1,10,-33.949591,151.147812,4,0,2,1,3,0,0,0,2,0,0,60,1,5929,5929,1,5,19,2,0,1,0,0
1361500,2,2024,2024,1,2,7,27,27,251,136,0,1,9,-33.768007,150.943317,7,0,2,1,0,0,0,0,2,0,7,60,2,1383,1383,1,5,13,2,0,0,1,0
1361502,1,2024,2024,1,5,3,147,27,72,605,1,0,10,-33.830326,151.226499,49,0,2,1,3,0,0,0,1,2,7,60,2,3775,3775,0,10,12,2,0,0,0,1
1361510,1,2024,2024,1,5,6,10,27,237,34609,0,1,1,-33.869427,150.957508,24,0,2,1,3,0,0,0,2,0,7,40,0,14295,14295,3,0,0,3,0,0,0,1
1361513,2,2024,2024,1,4,3,9,27,8,228,0,1,1,-33.295614,150.977881,29,2,2,0,3,0,0,0,1,0,7,80,1,2585,4009,8,0,40,1,0,0,1,0
1361514,2,2024,2024,6,2,9,500,27,198,799,0,1,10,-33.920184,151.09964,15,0,2,1,3,0,3,4,0,2,7,60,2,6545,6545,4,0,13,3,0,0,2,1
1361515,1,2024,2024,1,0,7,72,14,252,71,0,1,3,-33.887888,151.217753,69,0,2,1,3,0,0,0,2,0,7,80,2,1391,1391,1,10,5,3,0,0,0,1
1361516,2,2024,2024,11,1,3,39,31,26,34609,0,1,10,-33.067804,151.578193,37,0,2,0,3,0,0,0,2,0,15,50,0,6545,6545,4,8,13,2,0,0,1,0
1361518,1,2024,2024,11,3,5,112,17,12,112,0,1,1,-31.554764,144.417218,51,1,0,1,3,0,0,0,2,0,7,110,2,1945,1945,5,33,40,1,0,0,0,1
1361525,1,2024,2024,1,0,9,2261,17,109,2252,0,1,3,-33.96291,150.875302,41,0,2,1,3,0,0,0,0,0,7,100,2,14295,14295,3,5,0,3,0,0,0,1
1361527,4,2024,2024,1,2,8,3371,17,22,3342,0,1,2,-31.899603,152.533051,43,1,0,1,3,0,0,0,3,0,7,110,1,9859,9859,8,10,40,1,0,1,0,0
1361528,1,2024,2024,5,6,4,3371,17,53,3342,0,1,9,-33.765217,151.156771,36,0,2,1,3,0,0,0,2,2,7,60,2,14295,14295,3,5,5,3,0,0,0,1
1361530,2,2024,2024,11,3,10,232,36,60,331,0,1,9,-34.037285,150.744861,12,0,2,0,3,0,0,0,0,2,7,80,2,5929,5929,1,5,5,2,0,0,1,0
1361532,1,2024,2024,5,5,4,205,27,50,415,0,1,1,-33.685465,151.251179,50,0,2,1,3,0,0,0,2,0,7,70,2,14295,14295,3,30,0,2,0,0,0,1
1361541,1,2024,2024,6,0,5,255,27,37,62,0,1,1,-32.802176,151.514088,17,2,1,1,3,0,0,0,2,0,7,60,2,217,217,1,30,0,4,0,0,0,1
1361543,4,2024,2024,11,1,3,283,27,88,702,0,1,10,-33.983423,151.109296,25,0,2,1,3,0,0,0,2,2,7,70,2,14295,14295,3,5,5,2,0,1,0,0
1361546,4,2024,2024,1,4,8,1,27,13,34609,0,1,1,-28.867384,153.271303,39,2,1,1,0,0,0,0,2,0,7,80,0,1945,1945,5,16,40,1,0,1,0,0
1361549,1,2024,2024,5,0,8,22,31,163,34609,0,1,1,-33.867132,151.100426,14,0,2,1,0,0,0,0,2,0,7,50,0,4026,4026,8,5,40,2,0,0,0,1
1361550,2,2024,2024,1,4,3,33,31,61,34609,0,1,9,-29.742599,151.731469,51,2,1,1,1,0,0,0,2,0,0,50,0,9859,9859,8,10,40,1,0,0,1,0
1361557,1,2024,2024,1,4,7,24,31,314,34609,0,1,7,-33.85485,150.921418,24,0,2,1,0,0,0,0,2,0,0,50,0,6545,6545,4,0,5,2,0,0,0,2
1361559,2,2024,2024,11,5,11,9,27,10,34609,0,1,1,-31.100297,152.748623,34,2,1,0,0,0,0,0,0,0,7,80,0,2585,4009,8,0,40,1,0,0,1,0
1361562,2,2024,2024,1,6,6,12,27,58,34609,0,1,1,-32.98899,151.670577,37,0,2,0,0,0,3,4,2,0,7,60,0,1957,4009,1,5,0,3,0,0,1,0
1361563,2,2024,2024,1,2,8,481,17,29,483,0,1,10,-31.277369,149.278878,51,2,1,1,0,0,0,0,2,0,0,50,2,6545,6545,4,10,0,2,0,0,1,0
1361565,2,2024,2024,1,5,5,4,31,13,34609,1,0,10,-35.628158,144.128522,51,2,1,1,1,0,3,3,2,0,0,50,0,6545,6545,4,10,13,2,0,0,1,0
1361568,1,2024,2024,1,3,3,68,27,36,208,0,1,1,-33.759702,151.07904,31,0,2,1,0,0,0,0,1,0,7,60,2,14295,14295,3,5,27,4,0,0,0,1
1361571,2,2024,2024,8,5,8,475,31,252,75,0,1,1,-33.883606,151.20834,69,0,2,1,2,0,0,0,2,0,7,40,1,1282,1282,1,33,27,2,0,0,1,0
1361576,4,2024,2024,1,0,6,85,31,115,34609,0,1,10,-33.879829,151.193043,69,0,2,1,0,0,0,0,2,0,0,40,0,6545,6545,4,22,5,2,0,1,0,0
1361578,2,2024,2024,1,6,7,6,27,84,34609,0,1,1,-33.782452,151.100788,61,0,2,1,1,0,0,0,2,0,7,50,0,9859,9859,1,5,5,2,0,0,1,0
1361586,1,2024,2024,1,0,8,4,27,138,34609,0,1,1,-33.87547,151.259869,81,0,2,1,1,0,0,0,2,0,7,50,0,323,323,1,15,0,2,0,0,0,1
1361593,4,2024,2024,1,0,3,2261,17,45,2252,0,1,9,-33.889113,150.969748,15,0,2,0,2,0,0,0,2,2,7,70,2,926,926,4,16,13,2,0,1,0,0
1361595,4,2024,2024,0,3,1,1,31,24,34609,0,1,1,-33.659519,150.869627,7,0,2,1,2,0,0,0,0,0,7,50,0,9859,9859,1,10,0,2,0,1,0,0
1361596,4,2024,2024,1,3,6,225,17,32,180,0,1,10,-34.589371,150.601534,78,2,1,0,1,0,0,0,2,0,15,50,2,2852,2852,4,0,19,2,0,1,0,0
1361600,4,2024,2024,5,2,4,283,27,145,702,1,0,2,-33.925255,151.0699,15,0,2,1,1,0,0,0,2,0,7,60,2,1981,1981,4,0,5,2,0,1,1,0
1361602,2,2024,2024,1,5,8,28,27,94,34609,0,1,1,-33.786234,150.790296,55,0,2,1,0,0,0,0,3,0,7,50,0,14295,14295,3,5,19,2,0,0,1,0
1361606,2,2024,2024,1,3,6,361,23,253,165,0,1,9,-33.968658,151.104995,25,0,2,1,0,0,0,0,2,0,0,50,1,515,515,1,0,18,2,0,0,1,0
1361611,4,2024,2024,1,0,9,35,1,63,52,0,1,9,-33.732582,150.797335,7,0,2,1,2,0,0,0,0,2,7,60,1,5929,5929,1,5,0,2,0,1,0,1
1361614,2,2024,2024,6,3,0,51,27,69,63,0,1,9,-34.554053,150.854461,62,0,2,1,2,0,3,4,0,2,7,70,2,9859,9859,8,5,40,1,0,0,1,0
1361619,1,2024,2024,11,6,5,296,27,187,293,0,1,9,-33.877246,150.980586,24,0,2,1,0,0,0,0,2,3,7,70,2,14295,14295,3,10,0,3,0,0,0,1
1361620,2,2024,2024,1,3,0,3,27,363,34609,0,1,9,-33.744512,150.687553,55,0,2,0,2,0,0,0,0,0,0,50,0,4552,5151,8,10,40,1,0,0,1,0
1361622,2,2024,2024,1,0,7,2126,17,283,2149,0,1,9,-33.831106,151.013112,54,0,2,1,1,0,0,0,2,0,2,60,2,14295,14295,3,33,5,2,0,0,1,0
1361624,2,2024,2024,1,0,7,83,27,169,147,0,1,1,-28.663694,153.614546,10,2,1,0,0,0,0,0,2,0,7,50,1,387,387,1,22,13,3,0,0,1,0
1361625,4,2024,2024,1,2,6,3371,17,207,3342,0,1,1,-33.560108,151.189426,31,0,2,0,1,0,0,0,2,0,7,70,2,3775,3775,0,16,36,2,0,1,0,0
1361633,4,2024,2024,1,1,7,32,31,107,34609,0,1,9,-33.290677,151.42567,16,2,2,1,0,0,0,0,2,0,15,50,0,2852,2852,4,0,19,2,0,1,0,0
1361635,2,2024,2024,5,6,9,63,31,252,34609,0,1,1,-33.888397,151.213417,69,0,2,1,2,0,0,0,0,0,7,40,0,387,387,1,22,5,2,0,0,1,0
1361636,4,2024,2024,11,3,8,35,34,234,34609,0,1,1,-34.267455,146.033312,28,1,0,1,0,2,0,0,0,0,7,100,0,3775,3775,0,16,19,2,0,2,0,0
1361637,4,2024,2024,1,1,8,103,36,10,34609,0,1,1,-31.942732,152.414509,43,2,1,1,0,0,0,0,2,0,7,80,0,14295,14295,3,16,0,2,0,2,1,0
1361638,4,2024,2024,1,5,7,84,1,226,34609,0,1,9,-33.764123,150.807568,7,0,2,1,1,0,0,0,2,0,7,50,0,1945,1945,5,16,40,2,0,1,0,0
1361640,1,2024,2024,1,0,4,76,23,226,34609,0,1,9,-33.76846,150.814695,7,0,2,1,1,0,0,0,2,0,0,50,0,2040,2040,9,0,28,2,0,0,0,1
1361641,4,2024,2024,11,3,1,25,31,120,34609,0,1,1,-33.762902,150.873463,7,0,2,0,2,0,0,0,0,0,7,50,0,4552,5151,8,16,40,1,0,1,0,1
1361642,4,2024,2024,5,3,6,4,27,15,34609,0,1,1,-33.062038,151.406048,37,0,2,0,0,2,0,0,2,0,7,100,0,404,404,8,16,40,1,0,1,0,0
1361644,4,2024,2024,1,0,4,37,23,443,78,0,1,1,-33.908227,151.066882,15,0,2,1,0,0,0,0,2,0,7,60,2,941,941,1,0,0,3,0,1,1,0
1361645,2,2024,2024,1,5,8,5,31,438,34609,1,0,9,-33.841503,151.040163,21,0,2,1,1,0,0,0,2,0,9,50,0,2040,2040,9,0,28,2,0,0,1,0
1361647,1,2024,2024,1,0,5,14,27,609,34609,1,0,1,-33.784076,150.893607,7,0,2,1,1,0,0,0,2,0,7,50,0,14295,14295,3,8,13,3,0,0,0,1
1361648,1,2024,2024,1,2,9,105,27,67,109,0,1,1,-33.875979,150.895822,24,0,2,1,2,0,0,0,3,0,7,60,1,190,190,1,5,0,2,0,0,0,1
1361653,4,2024,2024,1,4,1,36,31,162,34609,0,1,1,-33.841061,150.921249,24,0,2,1,2,0,0,0,0,0,7,60,0,9859,9859,1,9,8,2,0,1,0,0
1361655,2,2024,2024,11,3,6,12,27,19,15,0,1,1,-33.493138,148.439273,11,1,0,0,0,0,0,0,2,0,7,100,1,2585,4009,8,0,40,1,0,0,1,0
1361662,4,2024,2024,1,2,6,334,17,22,308,0,1,1,-31.398535,152.068476,51,2,1,0,0,0,0,0,2,0,7,80,2,4552,5151,8,16,40,1,0,1,0,0
1361663,4,2024,2024,5,1,7,829,31,57,169,0,1,10,-32.819656,151.484056,17,2,1,1,1,0,2,6,2,0,0,60,2,6545,6545,4,16,0,2,0,1,1,0
1361664,2,2024,2024,1,0,6,44,1,126,22,0,1,10,-33.921676,150.814334,41,0,2,1,0,0,0,0,2,0,0,60,1,6545,6545,4,0,10,2,0,0,1,0
1361665,4,2024,2024,5,2,5,89,17,137,54,0,1,9,-34.030928,151.065325,68,0,2,1,1,0,0,0,2,0,0,70,2,5929,5929,1,5,5,2,0,1,0,0
1361666,4,2024,2024,1,4,4,2209,17,7,2205,0,1,9,-36.87349,149.869805,5,1,0,1,0,0,0,0,2,0,0,100,2,5929,5929,1,0,19,2,0,1,0,0
1361667,4,2024,2024,1,2,6,2,1,290,34609,0,1,1,-33.858524,150.995434,21,0,2,1,0,0,0,0,2,0,7,50,0,591,591,1,17,0,2,0,1,0,1
1361668,2,2024,2024,1,0,8,2261,17,201,2252,0,1,3,-33.988997,150.853613,13,0,2,1,1,0,0,0,2,0,7,110,2,9859,9859,8,5,40,1,0,0,1,0
1361669,4,2024,2024,1,1,7,283,27,197,702,1,0,2,-33.949581,151.080856,25,0,2,1,1,0,0,0,2,0,7,60,2,14295,14295,3,10,19,4,0,1,2,0
1361670,2,2024,2024,1,1,9,2261,17,70,2252,0,1,2,-34.585633,150.250553,78,1,0,0,0,0,0,0,0,0,7,110,2,1259,5151,8,0,40,1,0,0,1,0
1361672,4,2024,2024,1,2,6,27,27,13,49,1,0,9,-33.767019,151.279046,50,0,2,1,1,0,0,0,2,2,7,60,1,591,591,1,22,5,2,0,1,0,0
1361675,4,2024,2024,1,5,9,27,10,91,34609,0,1,10,-32.810248,151.638147,48,0,2,1,2,0,0,0,0,0,15,50,0,5929,5929,1,10,19,2,0,1,0,0
1361678,2,2024,2024,1,5,6,34,27,6,83,0,1,1,-29.556783,153.07636,18,1,0,0,0,0,0,0,2,0,7,100,1,4552,5151,8,16,40,1,0,0,1,0
1361679,2,2024,2024,6,3,9,2,27,46,34609,0,1,1,-33.79054,150.96943,54,0,2,1,2,0,0,0,0,0,7,50,0,3775,3775,0,0,0,2,0,0,1,0
1361684,2,2024,2024,1,3,1,3371,17,54,3342,0,1,2,-28.48728,153.515144,10,1,0,0,0,0,0,0,0,0,7,110,2,1957,4009,8,0,40,1,0,0,1,0
1361685,2,2024,2024,1,3,9,2209,17,166,2205,0,1,1,-33.897642,151.178825,32,0,2,1,2,0,0,0,0,0,7,40,2,2040,2040,9,5,28,2,0,0,1,0
1361691,2,2024,2024,1,0,6,13,27,243,34609,0,1,10,-33.955554,150.884758,41,0,2,1,0,0,0,0,2,0,15,50,0,6545,6545,4,5,5,2,0,0,2,0
1361694,2,2024,2024,1,5,7,118,17,77,118,0,1,1,-30.362269,149.766534,51,1,0,0,0,0,0,0,2,0,7,100,2,273,957,5,0,40,1,0,0,1,0
1361695,2,2024,2024,11,3,7,8,27,144,34609,0,1,9,-34.04201,151.017871,68,0,2,0,0,0,0,0,2,0,7,50,0,1957,4009,1,5,40,2,0,0,1,0
1361696,2,2024,2024,1,0,1,2126,17,77,2149,0,1,1,-33.884376,151.197582,69,0,2,1,2,0,0,0,0,0,7,50,2,186,186,9,19,28,2,0,0,1,0
1361697,4,2024,2024,1,3,9,500,27,198,799,0,1,10,-33.91823,151.104401,15,0,2,0,2,0,0,0,0,2,7,60,2,1282,1282,1,5,5,4,0,1,0,0
1361699,4,2024,2024,1,3,4,2261,17,370,2252,0,1,3,-34.057973,150.793322,13,0,2,1,0,0,0,0,2,0,7,110,2,204,204,1,30,13,2,0,1,1,0
1361701,4,2024,2024,1,5,8,51,31,443,34609,0,1,1,-33.898169,151.063556,15,0,2,1,0,0,0,0,2,0,7,50,0,591,591,1,17,0,2,0,1,0,0
1361702,1,2024,2024,1,1,6,14,18,102,34609,0,1,9,-31.120851,150.925761,70,2,1,1,0,0,0,0,2,0,7,60,0,1669,1669,3,5,0,2,0,0,0,1
1361703,2,2024,2024,1,5,5,16,27,74,34609,0,1,9,-34.024997,150.760974,12,0,2,1,1,0,0,0,2,0,0,50,0,2852,2852,4,5,19,2,0,0,1,0
1361704,2,2024,2024,6,3,11,132,31,174,126,0,1,10,-33.89042,151.209134,69,0,2,1,3,0,2,6,0,2,7,50,2,6545,6545,4,22,25,2,0,0,1,0
1361705,1,2024,2024,1,1,7,145,31,98,34609,0,1,10,-30.988376,150.25031,51,2,1,1,1,0,0,0,2,0,15,50,0,6545,6545,4,0,0,2,0,0,0,1
1361709,4,2024,2024,1,6,2,1052,14,36,928,0,1,3,-33.639751,151.144955,31,0,2,1,0,0,0,0,0,0,7,110,2,9859,9859,8,16,40,1,0,2,0,0
1361713,2,2024,2024,1,0,9,11,31,225,34609,0,1,1,-33.797399,151.182574,77,0,2,1,2,0,0,0,0,0,7,40,0,2040,2040,9,21,28,2,0,0,1,0
1361715,1,2024,2024,5,6,5,80,31,55,34609,0,1,1,-33.883571,151.27991,76,0,2,1,1,0,0,0,2,0,7,50,0,368,368,9,5,28,2,0,0,0,1
1361718,4,2024,2024,1,6,4,1104,14,104,962,0,1,3,-33.790089,150.799615,55,0,2,1,1,0,3,3,2,0,7,110,2,4026,4026,8,21,40,1,0,1,0,0
1361723,2,2024,2024,1,5,7,3371,17,9,3342,0,1,2,-29.466294,153.209165,18,1,0,0,0,0,0,0,2,0,7,110,2,2585,4009,8,3,40,1,0,0,1,0
1361724,4,2024,2024,1,2,8,2209,17,133,2205,0,1,7,-34.483073,150.802039,80,0,2,1,1,0,0,0,2,0,0,80,2,5929,5929,1,16,0,2,0,1,0,0
1361729,4,2024,2024,1,6,4,100,27,127,799,0,1,10,-33.896228,151.154137,32,0,2,1,2,0,0,0,2,2,9,60,2,1220,1220,9,5,28,2,0,1,0,0
1361730,4,2024,2024,5,6,4,4,27,137,34609,0,1,1,-33.898978,150.910248,24,0,2,1,0,0,3,0,2,0,7,50,0,2040,2040,9,5,28,2,0,1,0,0
1361731,2,2024,2024,1,4,8,9,27,10,40,0,1,1,-33.480446,149.194541,51,1,0,1,0,0,0,0,3,0,7,100,2,1669,1669,3,0,13,3,0,0,2,0
1361737,2,2024,2024,1,0,0,1,31,445,563,0,1,9,-33.869285,151.042523,21,0,2,0,2,0,0,0,0,2,7,70,2,515,515,1,0,5,2,0,0,1,1
1361738,2,2024,2024,6,4,7,10,27,438,34609,0,1,9,-33.86026,151.029747,21,0,2,1,0,0,0,0,2,0,7,50,0,2040,2040,9,5,28,2,0,0,1,0
1361739,1,2024,2024,1,0,4,34,18,106,34609,0,1,9,-33.919426,151.090177,15,0,2,1,1,0,0,0,2,0,0,50,0,2040,2040,9,10,28,2,0,0,0,1
1361741,1,2024,2024,0,5,7,485,27,187,769,0,1,1,-33.780605,150.997419,54,0,2,1,1,0,3,3,2,0,7,60,2,14295,14295,3,10,5,4,0,0,0,1
1361744,2,2024,2024,1,6,9,916,17,172,917,0,1,10,-32.759901,151.593615,42,2,1,1,1,0,0,0,3,2,7,60,2,9859,9859,8,5,40,1,0,0,1,0
1361747,1,2024,2024,1,0,4,127,27,48,103,0,1,9,-32.913359,151.747148,48,0,2,1,1,0,0,0,2,0,7,60,1,1669,1669,3,10,0,2,0,0,0,1
1361750,2,2024,2024,11,1,8,106,27,252,106,0,1,9,-33.927844,150.873859,41,0,2,0,2,0,0,0,2,2,6,70,2,515,515,1,9,25,2,0,0,1,0
1361751,2,2024,2024,8,4,7,153,27,290,147,0,1,9,-33.948868,151.109334,4,0,2,1,1,0,0,3,2,0,0,60,2,3775,3775,0,5,10,2,0,0,1,0
1361752,1,2024,2024,6,1,4,105,17,251,136,0,1,10,-33.776727,150.933164,7,0,2,1,1,0,0,0,2,2,7,60,2,14295,14295,3,5,5,2,0,0,0,1
1361761,2,2024,2024,1,2,7,74,27,22,59,0,1,9,-34.465691,150.872454,80,0,2,1,1,0,0,0,2,1,7,80,2,1383,1383,1,5,19,2,0,0,1,0
1361762,1,2024,2024,11,6,9,14,31,69,34609,0,1,1,-28.552225,153.501021,10,2,1,1,2,0,0,0,3,0,7,30,0,175,188,1,0,5,2,0,0,0,1
1361765,2,2024,2024,6,1,7,2261,17,68,2252,0,1,2,-34.775841,148.731934,82,1,0,0,0,0,0,0,2,0,7,110,2,1957,4009,8,0,40,1,0,0,1,0
1361770,4,2024,2024,1,6,8,1,31,79,34609,0,1,9,-34.006977,150.743328,12,0,2,0,1,0,3,0,3,0,7,50,0,5929,5929,1,10,5,2,0,1,0,0
1361771,2,2024,2024,6,3,3,8,27,443,34609,0,1,1,-33.911714,151.071265,15,0,2,1,1,0,0,0,1,0,7,50,0,2040,2040,9,5,28,2,0,0,1,0