Crash ID,Degree of crash - detailed,Reporting year,Year of crash,Month of crash,Day of week of crash,Two-hour intervals,Street of crash,Street type,Town,Route no.,School zone location,School zone active,Type of location,Latitude,Longitude,LGA,Urbanisation,Conurbation 1,Alignment,Street lighting,Road surface,Surface condition,Weather,Natural lighting,Signals operation,Other traffic control,Speed limit,Road classification,RUM - code,DCA - code,First impact type,Key TU type,Other TU type,No. of traffic units involved,No. killed,No. seriously injured,No. moderately injured,No. minor-other injured
1361772,4,2024,2024,1,6,8,294,17,11,288,0,1,1,-35.165585,147.712162,75,1,0,1,0,0,0,0,2,0,7,100,2,4026,4026,8,30,40,1,0,1,0,0
1361783,4,2024,2024,0,3,4,59,10,89,34609,0,1,9,-33.90207,151.239725,59,0,2,0,0,0,3,0,2,0,7,30,0,4552,5151,8,22,40,1,0,1,0,0
1361784,2,2024,2024,1,5,6,71,31,283,125,0,1,10,-33.840981,151.013932,21,0,2,1,3,0,3,0,2,0,0,60,1,6545,6545,4,10,5,3,0,0,1,0
1361788,2,2024,2024,5,5,2,2,27,6,58,0,1,1,-34.563787,150.478807,78,2,1,1,3,0,0,0,0,0,11,80,2,9859,9859,8,8,40,1,0,0,1,0
1361789,2,2024,2024,5,2,8,1,31,51,34609,0,1,9,-33.258693,151.488412,16,2,2,1,3,0,0,0,2,0,0,50,0,9859,9859,1,5,5,2,0,0,1,0
1361790,2,2024,2024,6,0,8,149,10,136,702,0,1,2,-33.862633,151.06696,67,0,2,1,3,0,0,0,0,0,7,80,2,14295,14295,3,30,0,2,0,0,1,0
1361795,1,2024,2024,11,0,10,2,27,44,34609,0,1,1,-32.841942,151.436718,17,1,0,0,3,2,0,0,0,0,7,100,0,1850,1463,5,0,40,1,0,0,0,2
1361797,2,2024,2024,1,2,9,97,27,271,799,0,1,10,-33.93625,151.011384,15,0,2,0,3,0,0,0,0,2,7,70,2,6545,6545,4,5,13,2,0,0,1,0
1361798,1,2024,2024,1,1,3,30,27,166,52,1,0,9,-33.907143,151.174368,32,0,2,1,2,0,0,0,4,0,7,60,1,5929,5929,1,0,19,2,0,0,0,1
1361799,2,2024,2024,1,0,4,14,27,115,34609,0,1,1,-33.751294,151.244396,50,0,2,1,3,0,0,0,2,0,7,50,0,9859,9859,8,10,40,1,0,0,1,0
1361800,1,2024,2024,11,6,10,4,27,50,34609,0,1,1,-33.510022,151.338529,16,2,2,1,3,0,0,0,0,0,7,50,0,9859,9859,1,5,36,2,0,0,0,1
1361803,1,2024,2024,1,4,6,82,31,363,369,0,1,10,-33.747036,150.714261,55,0,2,1,3,0,0,0,2,2,7,70,2,14295,14295,3,8,5,2,0,0,0,1
1361812,2,2024,2024,1,1,3,2126,17,161,2149,0,1,10,-33.889851,151.149072,32,0,2,1,2,0,0,0,1,2,7,60,2,14295,14295,3,5,5,3,0,0,1,0
1361816,2,2024,2024,1,6,7,126,27,64,168,0,1,2,-34.0395,150.740498,12,0,2,1,3,0,0,0,2,0,7,60,2,14295,14295,3,10,36,3,0,0,1,0
1361818,1,2024,2024,11,4,3,39,27,284,563,0,1,2,-33.899395,151.037291,15,0,2,1,3,0,0,0,2,0,7,70,2,14295,14295,3,0,36,3,0,0,0,1
1361819,1,2024,2024,1,6,5,98,27,223,11,0,1,7,-33.800192,150.926994,7,0,2,1,3,0,0,0,2,0,0,60,1,14295,14295,3,5,0,2,0,0,0,1
1361820,2,2024,2024,11,1,8,12,27,29,12,0,1,1,-33.750271,151.277217,50,0,2,1,3,0,0,0,2,0,7,50,1,3775,3775,0,19,0,2,0,0,1,0
1361822,1,2024,2024,8,2,5,68,27,175,208,0,1,2,-33.773601,151.082186,54,0,2,1,3,0,0,0,2,0,7,60,2,1391,1391,1,5,0,2,0,0,0,1
1361824,4,2024,2024,5,6,6,34,27,225,69,0,1,1,-33.796722,151.169632,77,0,2,1,3,0,0,0,2,0,7,50,2,1282,1282,1,5,40,1,0,1,0,0
1361827,1,2024,2024,1,0,5,126,27,22,168,0,1,10,-34.068036,150.80261,13,0,2,1,3,0,0,0,2,2,7,60,2,312,312,2,19,40,1,0,0,0,1
1361829,1,2024,2024,11,2,8,177,31,314,109,0,1,7,-33.860493,150.927487,24,0,2,0,3,0,0,0,0,0,7,60,1,6545,6545,4,5,5,2,0,0,0,1
1361831,2,2024,2024,11,6,8,11,1,179,34609,0,1,1,-33.757459,150.720269,55,0,2,1,1,0,0,0,2,0,7,50,0,1981,1981,4,0,13,2,0,0,2,0
1361832,1,2024,2024,1,4,8,95,27,14,605,0,1,9,-33.647744,151.326934,50,0,2,0,3,0,0,0,2,0,7,60,2,14295,14295,3,10,0,2,0,0,0,2
1361833,2,2024,2024,11,4,7,2,23,438,34609,0,1,9,-33.850447,151.034241,21,0,2,1,3,0,0,0,2,0,7,40,0,1282,1282,1,5,5,3,0,0,1,0
1361835,1,2024,2024,6,6,7,2,22,171,34609,0,1,1,-33.806775,150.970952,21,0,2,1,3,0,0,0,2,0,7,50,0,941,941,1,5,0,2,0,0,0,1
1361837,1,2024,2024,5,6,6,95,31,136,59,0,1,9,-33.867597,151.063622,67,0,2,1,3,0,0,0,2,2,7,60,1,14295,14295,3,10,5,2,0,0,0,1
1361838,1,2024,2024,11,0,7,1,31,69,34609,0,1,9,-33.358848,151.481801,16,2,2,1,3,0,0,0,2,0,7,50,0,2852,2852,4,0,5,2,0,0,0,1
1361844,2,2024,2024,1,6,4,48,13,11,34609,0,1,9,-34.023119,151.109154,68,0,2,1,3,0,0,3,2,0,7,50,0,1981,1981,4,0,0,2,0,0,1,0
1361845,1,2024,2024,1,5,4,1,31,100,34609,0,1,9,-33.896436,150.880445,24,0,2,1,3,0,0,0,2,0,7,50,0,5929,5929,1,5,5,2,0,0,0,1
1361846,4,2024,2024,1,2,7,8,27,210,34609,0,1,1,-34.035722,151.092468,68,0,2,1,3,0,0,0,2,0,7,50,0,3775,3775,0,5,5,2,0,1,0,0
1361850,2,2024,2024,11,6,2,37,31,523,198,0,1,1,-33.926748,150.921471,41,0,2,1,3,0,0,0,1,0,7,60,2,1391,1391,1,5,5,2,0,0,1,0
1361852,1,2024,2024,11,4,7,3,1,523,34609,0,1,10,-33.930814,150.911757,41,0,2,1,3,0,0,0,2,0,0,50,0,6545,6545,4,5,25,2,0,0,0,1
1361855,1,2024,2024,11,5,7,2261,27,4,34609,0,1,9,-35.74157,150.209079,23,2,1,1,3,0,0,0,2,0,7,50,0,623,623,3,0,0,2,0,0,0,1
1361857,2,2024,2024,11,0,9,7,27,43,34609,1,0,2,-33.697071,151.296352,50,0,2,1,3,0,0,0,0,0,0,40,0,1981,1981,4,0,0,2,0,0,1,0
1361860,4,2024,2024,11,6,4,22,31,337,30,0,1,2,-33.729115,151.008223,71,0,2,1,3,0,0,0,2,2,7,60,2,5929,5929,1,5,5,2,0,1,0,0
1361861,2,2024,2024,11,0,8,3,27,370,34609,0,1,10,-34.062362,150.821973,13,0,2,1,3,0,0,0,4,0,0,50,0,1109,787,1,5,25,2,0,0,1,0
1361862,1,2024,2024,11,0,6,829,27,159,770,0,1,2,-33.811826,151.094874,61,0,2,1,3,0,0,0,2,0,7,60,2,14295,14295,3,0,13,2,0,0,0,1
1361865,2,2024,2024,11,4,10,177,22,210,176,0,1,5,-34.035197,151.113268,68,0,2,1,3,0,0,0,0,2,7,60,2,5929,5929,1,5,13,2,0,0,1,0
1361867,1,2024,2024,11,3,7,3371,17,60,3342,0,1,1,-33.437178,151.244881,16,2,2,0,3,0,3,4,2,0,7,60,2,4552,5151,8,16,40,1,0,0,0,1
1361868,1,2024,2024,1,1,7,8,23,108,34609,0,1,1,-33.816087,151.179214,77,0,2,1,3,0,0,0,2,0,7,50,0,14295,14295,3,0,5,2,0,0,0,1
1361873,2,2024,2024,1,6,7,118,27,646,118,0,1,9,-33.923822,151.030415,15,0,2,1,3,0,3,4,2,2,7,60,1,1391,1391,1,5,5,2,0,0,1,0
1361875,2,2024,2024,1,2,8,500,27,145,799,0,1,10,-33.929428,151.072388,15,0,2,1,3,0,0,0,4,2,7,60,2,1669,1669,3,5,5,2,0,0,1,0
1361877,2,2024,2024,1,2,6,15,31,193,34609,0,1,1,-33.788739,151.084672,61,0,2,1,3,0,0,0,2,0,7,50,0,312,312,2,19,40,1,0,0,1,0
1361881,2,2024,2024,11,6,9,43,27,15,46,0,1,9,-28.296761,153.569397,72,2,1,1,3,0,0,0,0,2,7,60,1,5929,5929,1,5,5,2,0,0,2,0
1361882,1,2024,2024,1,6,4,108,31,125,34609,0,1,1,-33.866214,151.086987,67,0,2,0,3,0,0,0,2,0,7,50,0,1282,1282,1,0,5,2,0,0,0,1
1361883,1,2024,2024,5,6,6,59,27,271,42,0,1,9,-33.94129,151.018423,15,0,2,1,3,0,0,0,2,2,7,60,1,14295,14295,3,10,5,2,0,0,0,1
1361891,1,2024,2024,11,1,8,92,31,83,34609,0,1,9,-30.113239,153.19335,19,2,1,0,3,0,0,0,2,0,0,50,0,14295,14295,3,5,13,2,0,0,0,1
1361892,1,2024,2024,6,0,5,2126,17,346,2149,0,1,2,-33.867325,151.096655,9,0,2,1,3,0,0,0,2,0,7,60,2,14295,14295,3,9,5,2,0,0,0,1
1361894,2,2024,2024,1,3,10,59,27,271,42,0,1,9,-33.952687,151.017139,15,0,2,1,3,0,0,0,0,2,7,60,1,1669,1669,3,0,5,2,0,0,1,0
1361896,4,2024,2024,1,3,7,54,27,20,563,0,1,2,-34.037862,151.000121,68,0,2,1,3,0,0,0,2,0,7,80,2,14295,14295,3,5,0,2,0,1,0,0
1361897,1,2024,2024,11,0,6,115,27,96,46,0,1,2,-34.228795,150.666776,79,2,2,0,3,0,0,0,2,0,7,80,2,3775,3775,0,8,13,2,0,0,0,1
1361899,1,2024,2024,5,0,7,177,31,174,208,0,1,9,-33.861132,150.932662,24,0,2,1,3,0,0,0,2,0,0,60,1,14295,14295,3,5,5,2,0,0,0,1
1361901,2,2024,2024,1,0,6,3371,17,17,3342,0,1,2,-28.884626,153.483999,2,1,0,0,3,0,0,0,2,0,7,110,2,1850,1463,5,3,40,1,0,0,1,0
1361904,1,2024,2024,11,4,5,14,27,251,14,0,1,1,-33.774877,150.958739,7,0,2,1,3,0,0,0,2,0,7,60,1,14295,14295,3,10,0,4,0,0,0,2
1361906,1,2024,2024,11,3,8,27,27,47,49,0,1,7,-33.77411,151.278948,50,0,2,1,3,0,0,0,2,0,0,60,1,14295,14295,3,16,19,2,0,0,0,1
1361907,1,2024,2024,1,1,8,2209,17,68,2205,0,1,10,-34.07959,151.010819,68,0,2,1,3,0,0,0,4,1,7,70,2,14295,14295,3,5,5,2,0,0,0,1
1361912,2,2024,2024,1,2,10,265,17,5,193,0,1,1,-35.040012,147.414338,75,1,0,0,3,0,0,0,0,0,7,100,2,4552,5151,8,5,40,1,0,0,3,1
1361917,1,2024,2024,1,2,5,485,27,66,769,0,1,9,-33.704282,150.930279,7,0,2,1,3,0,0,0,2,2,7,80,2,14295,14295,3,5,5,2,0,0,0,1
1361920,1,2024,2024,1,0,5,125,31,438,44,0,1,9,-33.84714,151.030946,21,0,2,1,0,0,0,0,2,2,7,50,1,515,515,1,30,10,2,0,0,0,1
1361921,2,2024,2024,1,2,3,16,27,36,34609,0,1,1,-33.757221,151.080743,31,0,2,0,3,0,0,0,0,0,7,50,0,1957,4009,8,5,40,1,0,0,1,0
1361926,1,2024,2024,11,1,9,78,17,22,75,0,1,2,-33.858708,151.206613,69,0,2,1,3,0,0,0,0,0,7,70,2,1391,1391,1,5,5,2,0,0,0,1
1361927,1,2024,2024,1,5,7,46,27,104,262,0,1,2,-32.914522,151.72402,48,0,2,1,3,0,0,0,2,0,7,60,2,623,623,3,0,0,2,0,0,0,1
1361928,1,2024,2024,1,2,8,220,27,154,222,0,1,2,-33.704733,150.930526,71,0,2,1,3,0,0,0,3,2,9,80,2,14295,14295,3,5,41,2,0,0,0,1
1361931,1,2024,2024,5,6,5,3371,17,147,3342,0,1,2,-33.748927,151.145861,36,0,2,0,3,0,0,0,2,0,7,60,2,1383,1383,1,9,0,2,0,0,0,1
1361933,2,2024,2024,0,0,4,3,31,161,51,0,1,10,-33.883175,151.162815,32,0,2,1,1,0,0,0,2,2,7,50,1,4552,985,8,0,40,1,0,0,1,0
1361934,2,2024,2024,0,5,7,71,31,15,34609,0,1,9,-32.912413,151.7378,48,0,2,1,1,0,0,0,2,0,7,50,0,323,323,1,30,22,2,0,0,1,0
1361935,2,2024,2024,0,3,10,18,23,438,34609,1,0,1,-33.85204,151.034756,21,0,2,1,2,0,2,6,0,0,7,50,0,57,57,1,0,5,5,0,0,1,0
1361936,4,2024,2024,7,0,8,6,36,12,34609,0,1,1,-33.921738,148.948499,51,2,1,0,0,0,0,0,2,0,7,60,0,782,957,5,16,40,1,0,1,0,0
1361937,4,2024,2024,0,5,9,89,27,182,228,0,1,1,-32.839392,151.342423,17,2,1,1,2,0,0,0,3,0,9,60,1,1220,1220,9,0,28,2,0,1,0,0
1361938,1,2024,2024,0,4,4,90,36,24,102,0,1,1,-34.523079,148.189365,20,1,0,0,0,0,0,0,2,0,7,100,2,418,714,5,5,40,1,0,0,0,3
1361940,4,2024,2024,0,2,6,103,27,34,98,0,1,1,-32.793715,150.900209,64,2,1,0,1,0,3,4,2,0,7,80,2,3775,3775,0,16,0,2,0,1,0,0
1361941,2,2024,2024,0,1,5,44,31,176,34609,1,0,9,-33.960042,151.133738,25,0,2,1,1,0,0,0,2,0,0,50,0,9859,9859,1,0,5,3,0,0,1,0
1361943,2,2024,2024,8,2,0,80,27,111,34609,0,1,7,-33.915396,151.255475,59,0,2,1,2,0,3,0,0,0,0,50,0,6545,6545,4,5,0,4,0,0,1,0
1361944,4,2024,2024,8,6,5,105,27,174,109,0,1,9,-33.865178,150.911052,24,0,2,1,0,0,0,0,2,0,7,60,1,623,623,3,0,5,2,0,1,1,0
1361947,2,2024,2024,0,6,2,7,27,61,34609,0,1,1,-32.917362,151.732618,48,0,2,1,3,0,2,6,1,0,7,50,0,9859,9859,8,5,40,1,0,0,1,0
1361948,4,2024,2024,8,2,3,1,27,438,34609,0,1,9,-33.861733,151.034934,21,0,2,1,1,0,3,3,2,0,15,50,0,6545,6545,4,5,19,2,0,1,1,0
1361949,2,2024,2024,8,6,3,106,27,252,106,0,1,9,-33.927559,150.89056,41,0,2,1,1,0,0,0,2,2,7,70,2,591,591,1,22,5,2,0,0,1,0
1361951,2,2024,2024,8,4,3,53,27,155,51,1,0,9,-33.503261,151.32004,16,2,2,1,1,0,3,3,2,1,9,60,1,9859,9859,8,0,40,1,0,0,1,0
1361952,2,2024,2024,8,6,8,118,31,194,34609,0,1,10,-30.525642,151.6749,1,2,1,1,1,0,0,0,3,0,0,50,0,6545,6545,4,9,13,2,0,0,1,1
1361954,1,2024,2024,8,6,5,83,31,532,21,0,1,10,-33.874501,151.208121,69,0,2,1,1,0,0,0,2,2,7,50,1,2040,2040,9,21,28,2,0,0,0,1
1361955,4,2024,2024,6,2,7,55,27,134,38,0,1,10,-33.949818,150.802245,12,0,2,1,1,0,3,4,2,2,7,80,2,6545,6545,4,5,5,2,0,1,1,1
1361957,2,2024,2024,8,0,7,1052,14,173,928,0,1,3,-33.708918,151.117101,36,0,2,1,1,0,0,0,2,0,7,80,2,14295,14295,3,0,13,2,0,0,1,0
1361958,4,2024,2024,8,6,8,7,27,26,34609,0,1,9,-33.733792,150.816133,7,0,2,1,2,0,0,0,0,0,7,50,0,5929,5929,1,5,19,2,0,1,1,0
1361959,2,2024,2024,8,4,9,6,10,74,34609,0,1,10,-34.021987,150.765274,12,0,2,1,2,0,0,0,3,2,7,60,0,1259,985,8,5,40,1,0,0,1,0
1361960,1,2024,2024,6,3,4,21,10,74,34609,0,1,9,-34.027976,150.785646,12,0,2,1,1,0,0,0,2,2,7,60,0,6545,6545,4,5,0,2,0,0,0,2
1361961,4,2024,2024,8,4,2,2126,17,363,2149,0,1,2,-33.820442,151.003924,54,0,2,1,2,0,0,0,1,0,7,60,2,14295,14295,3,0,0,3,0,1,0,0
1361962,2,2024,2024,8,1,0,1,31,198,34609,0,1,9,-33.90984,151.100891,15,0,2,1,2,0,0,0,0,0,7,50,0,2040,2040,9,9,28,2,0,0,1,0
1361963,2,2024,2024,8,0,6,1,27,6,34609,0,1,10,-29.80254,152.915025,18,1,0,0,0,0,0,0,2,0,15,100,0,6545,6545,4,10,13,2,0,0,1,0
1361965,2,2024,2024,6,3,0,9,27,9,34609,0,1,1,-32.722741,152.121218,57,2,1,1,2,0,3,4,0,0,7,50,0,4026,4026,8,0,40,1,0,0,1,0
1361967,2,2024,2024,6,3,7,25,31,23,55,0,1,10,-33.821285,150.990101,21,0,2,1,1,0,0,0,2,0,0,60,1,2852,2852,4,0,0,2,0,0,1,0
1361968,1,2024,2024,0,6,4,280,10,127,240,0,1,1,-33.845397,150.869998,24,0,2,0,1,0,0,0,2,0,7,60,2,1282,1282,1,8,5,2,0,0,0,1
1361969,2,2024,2024,6,4,6,481,17,113,483,0,1,9,-29.491797,149.851789,51,2,1,1,1,0,0,0,2,0,0,80,2,2852,2852,4,5,10,2,0,0,1,0
1361970,2,2024,2024,6,1,5,475,31,532,75,0,1,9,-33.870721,151.210219,69,0,2,1,1,0,0,0,2,2,7,40,1,2040,2040,9,5,28,2,0,0,1,0
1361971,2,2024,2024,8,5,7,72,14,252,71,0,1,3,-33.886465,151.217993,69,0,2,1,2,0,0,0,2,0,7,80,2,1945,1945,5,16,40,1,0,0,1,0
1361972,4,2024,2024,6,3,9,26,1,137,34609,0,1,10,-33.910439,151.204291,69,0,2,1,2,0,0,0,0,0,15,50,0,6545,6545,4,22,13,2,0,1,0,0
1361973,4,2024,2024,6,4,11,2261,17,109,2252,0,1,3,-33.964652,150.874962,41,0,2,1,0,0,0,0,0,0,7,100,2,4026,4026,8,29,40,4,0,2,0,1
1361977,1,2024,2024,6,5,4,37,31,198,41,0,1,9,-33.908872,151.103354,15,0,2,1,0,0,0,0,2,0,9,40,1,214,214,9,33,28,2,0,0,0,1
1361978,2,2024,2024,8,0,9,78,27,147,78,0,1,10,-33.869306,151.129488,14,0,2,1,2,0,3,4,0,2,9,50,2,2040,2040,9,5,28,2,0,0,1,0
1361979,4,2024,2024,5,1,10,30,31,78,34609,1,0,9,-33.848814,151.008961,21,0,2,1,3,0,3,4,0,0,7,50,0,5929,5929,1,10,27,2,0,1,0,0
1361981,2,2024,2024,6,5,8,92,27,129,244,0,1,10,-33.894682,151.111097,15,0,2,1,2,0,0,0,3,2,7,60,2,5929,5929,1,5,0,2,0,0,2,0
1361982,4,2024,2024,6,3,7,346,17,12,332,0,1,1,-28.853319,152.906566,60,1,0,1,0,0,0,0,2,0,7,100,2,15,15,1,10,0,2,0,1,4,1
1361983,1,2024,2024,5,6,9,27,27,290,34609,0,1,1,-33.854658,150.989347,21,0,2,1,2,0,3,4,0,0,7,50,0,14295,14295,3,33,5,3,0,0,0,1
1361984,2,2024,2024,6,5,7,34,27,118,34609,0,1,9,-33.416732,151.30256,16,2,2,1,1,0,0,0,2,0,0,50,0,150,150,4,22,13,2,0,0,1,0
1361986,4,2024,2024,5,6,7,6,27,293,34609,0,1,1,-33.935968,151.043047,15,0,2,1,1,0,0,0,2,0,7,50,0,1981,1981,4,0,18,2,0,1,0,0
1361987,4,2024,2024,5,4,7,168,17,19,212,0,1,1,-35.550628,150.000816,23,1,0,0,0,0,3,4,2,0,7,90,2,418,714,5,0,40,1,0,1,0,0
1361988,2,2024,2024,6,4,8,3371,17,30,3342,0,1,9,-33.190529,151.56545,16,2,2,1,2,0,0,0,3,0,15,80,2,6545,6545,4,5,5,2,0,0,1,0
1361989,4,2024,2024,5,2,11,6,27,3,34609,0,1,1,-32.655305,151.367045,17,2,1,1,2,0,0,0,0,0,7,50,0,9859,9859,1,16,40,2,0,1,0,0
1361991,4,2024,2024,6,4,8,3371,17,53,3342,0,1,10,-32.925176,151.759342,48,0,2,1,2,0,0,0,3,2,9,60,2,2040,2040,9,5,28,2,0,1,0,0
1361992,2,2024,2024,8,3,1,2261,17,187,2252,0,1,9,-33.888713,150.969588,24,0,2,0,2,0,0,0,0,2,7,70,2,5929,5929,1,0,0,2,0,0,2,1
1361994,2,2024,2024,6,4,5,475,31,169,41,0,1,10,-33.896138,151.206696,69,0,2,1,0,0,0,0,2,2,7,50,1,14295,14295,3,0,0,2,0,0,1,0
1361995,2,2024,2024,8,4,9,3371,17,23,3342,0,1,2,-32.04765,152.446934,43,1,0,0,0,0,0,0,0,0,7,110,2,1957,4009,8,5,40,1,0,0,1,0
1361997,4,2024,2024,6,4,2,30,31,169,769,0,1,10,-33.596877,150.746963,29,2,2,1,2,0,0,0,0,2,7,60,2,5929,5929,1,8,5,2,0,1,0,0
1361998,4,2024,2024,6,6,3,829,1,71,34609,0,1,1,-33.265162,151.541959,16,2,2,1,1,0,0,0,2,0,7,50,0,9859,9859,1,5,0,2,0,1,0,0
1362001,2,2024,2024,6,5,0,478,17,69,480,0,1,1,-33.364284,151.477897,16,2,2,1,2,0,0,0,0,0,7,50,2,9859,9859,8,5,40,1,0,0,1,0
1362003,4,2024,2024,6,0,6,3,27,17,34609,0,1,1,-33.441813,149.314879,11,1,0,1,0,0,0,0,2,0,7,100,0,1192,1192,1,33,27,2,0,1,0,0
1362004,2,2024,2024,5,4,7,9,27,108,31,0,1,9,-33.762867,151.278542,50,0,2,1,1,0,0,0,2,0,15,60,1,6545,6545,4,0,19,2,0,0,1,0
1362005,4,2024,2024,5,2,11,27,27,251,136,0,1,10,-33.766879,150.951576,7,0,2,1,2,0,0,0,0,2,7,60,2,5929,5929,1,0,5,2,0,3,0,1
1362006,1,2024,2024,5,3,10,36,1,53,34609,0,1,9,-33.922005,150.838063,41,0,2,1,0,0,0,0,0,0,0,60,0,926,926,4,0,19,2,0,0,0,1
1362008,2,2024,2024,5,1,5,163,27,63,165,0,1,9,-33.73541,150.799541,7,0,2,1,0,0,0,0,2,2,7,60,1,2852,2852,4,0,13,2,0,0,1,0
1362010,1,2024,2024,5,4,7,21,31,179,66,0,1,7,-31.911314,152.453871,43,2,1,1,0,0,0,0,2,0,0,60,1,14295,14295,3,0,5,2,0,0,0,1
1362011,4,2024,2024,5,1,5,296,27,92,293,0,1,9,-33.877246,150.980586,24,0,2,1,1,0,0,0,2,2,7,70,2,926,926,4,10,19,2,0,1,0,0
1362013,4,2024,2024,5,0,10,178,27,293,101,0,1,9,-33.932991,151.056,15,0,2,1,2,0,0,0,0,0,0,50,1,6545,6545,4,0,5,2,0,3,1,0
1362015,4,2024,2024,5,2,11,98,27,294,799,0,1,2,-33.928824,150.961743,41,0,2,1,2,0,0,0,0,0,7,70,2,3775,3775,0,5,5,2,0,1,0,0
1362016,1,2024,2024,5,6,4,2,1,52,34609,0,1,9,-33.898503,151.260877,76,0,2,1,1,0,0,0,2,0,7,50,0,2852,2852,4,5,0,2,0,0,0,1
1362018,2,2024,2024,5,2,6,125,27,43,144,0,1,1,-32.802158,151.887028,57,2,1,0,0,0,0,0,2,0,7,80,2,3775,3775,0,10,13,2,0,0,2,0
1362019,4,2024,2024,5,1,10,1,27,21,34609,0,1,1,-33.949213,151.15836,4,0,2,1,2,0,3,4,0,0,7,50,0,237,162,8,0,40,1,0,1,0,0
1362021,2,2024,2024,8,2,0,128,27,363,133,0,1,10,-33.756982,150.686097,55,0,2,1,2,0,0,0,0,2,7,60,2,5929,5929,1,5,0,2,0,0,1,0
1362022,2,2024,2024,5,6,6,2,10,108,34609,0,1,1,-28.852109,153.553349,2,2,1,1,0,0,0,0,2,0,7,50,0,4026,4026,8,0,40,1,0,0,1,0
1362026,4,2024,2024,1,0,6,95,31,90,34609,0,1,10,-33.887822,151.240497,81,0,2,1,1,0,0,0,2,0,7,50,0,3775,3775,0,5,5,2,0,1,0,0
1362028,4,2024,2024,5,2,9,80,31,176,159,0,1,10,-33.951916,151.133511,4,0,2,0,2,0,0,0,0,2,7,60,2,775,775,4,5,20,2,0,1,0,0
1362029,4,2024,2024,1,4,10,1,27,2,34609,0,1,1,-29.676418,150.924158,33,1,0,0,0,0,0,0,0,0,7,100,0,2585,4009,8,34,40,1,0,1,1,0
1362031,2,2024,2024,5,6,7,8,22,98,34609,0,1,3,-33.745186,151.053438,31,0,2,1,0,0,3,0,2,0,7,80,2,14295,14295,3,0,5,2,0,0,1,0
1362032,2,2024,2024,5,3,9,13,27,24,12,0,1,1,-29.765701,153.134184,18,1,0,0,0,0,0,0,0,0,7,90,1,4552,5151,8,0,40,1,0,0,1,0
1362035,4,2024,2024,5,6,7,24,31,290,28,0,1,9,-33.846757,150.984805,21,0,2,1,0,0,0,0,2,0,0,50,1,1669,1669,3,0,0,2,0,1,0,0
1362040,4,2024,2024,5,3,8,500,27,129,799,0,1,9,-33.928421,151.076767,15,0,2,1,1,0,0,0,2,2,7,60,2,2852,2852,4,5,5,2,0,2,0,1
1362042,1,2024,2024,5,1,6,4,10,42,34609,0,1,1,-33.960047,150.945278,41,0,2,1,0,0,0,0,2,0,7,40,0,4026,4026,1,5,5,2,0,0,0,1
1362047,4,2024,2024,1,0,6,108,31,171,34609,1,0,9,-33.814895,150.969765,21,0,2,1,2,0,0,0,2,0,7,50,0,2040,2040,9,5,28,2,0,1,1,0
1362048,2,2024,2024,1,0,11,916,17,12,917,0,1,1,-31.928565,150.878327,73,2,1,1,0,0,0,0,0,0,7,80,2,475,475,5,0,40,1,0,0,1,0
1362052,2,2024,2024,5,5,8,6,27,74,34609,0,1,9,-34.606284,147.987363,20,1,0,0,0,0,3,4,3,0,7,100,0,1957,4009,8,30,40,1,0,0,1,0
1362053,1,2024,2024,5,0,3,81,27,609,115,0,1,1,-33.783791,150.90014,7,0,2,1,1,0,3,0,1,0,7,60,2,14295,14295,3,5,5,2,0,0,0,1
1362057,2,2024,2024,1,2,11,2126,17,19,2149,0,1,2,-33.448557,150.11578,40,1,0,0,0,0,0,0,0,0,7,100,2,273,957,5,10,40,1,0,0,1,0
1362058,4,2024,2024,1,0,8,23,27,4,34609,0,1,1,-28.759974,153.438087,39,2,1,0,0,0,0,0,2,0,7,80,0,2585,4009,8,10,40,1,0,2,1,2
1362059,4,2024,2024,1,4,9,149,36,3,113,0,1,1,-32.294861,152.520366,43,1,0,1,0,0,0,0,0,0,7,100,1,9859,9859,8,9,40,1,0,2,0,0
1362061,2,2024,2024,1,1,3,512,17,43,441,0,1,1,-32.577078,148.950092,22,2,1,0,0,0,0,0,2,0,7,80,2,3775,3775,0,0,13,2,0,0,1,0
1362064,1,2024,2024,1,4,5,866,17,110,793,0,1,2,-33.754315,151.047652,71,0,2,0,1,0,0,0,2,0,7,70,2,1192,1192,1,5,0,6,0,0,0,1
1362071,4,2024,2024,5,0,5,515,14,189,518,0,1,3,-33.942743,151.053632,15,0,2,1,0,0,0,0,2,0,7,100,2,9859,9859,8,5,40,1,0,1,0,0
1362072,4,2024,2024,1,5,10,1,27,201,34609,0,1,1,-34.007934,150.8577,13,0,2,1,2,0,3,3,0,0,7,50,0,4026,4026,8,30,40,1,0,1,0,0
1362077,4,2024,2024,1,5,8,128,27,61,133,0,1,1,-33.849183,150.654717,55,0,2,0,1,0,0,0,2,0,0,60,2,1981,1981,4,0,19,2,0,1,0,0
1362078,2,2024,2024,1,6,4,77,31,48,34609,0,1,10,-36.67698,149.842673,5,2,1,1,1,0,0,0,2,0,15,50,0,6545,6545,4,5,12,2,0,0,1,0
1362082,2,2024,2024,1,4,7,157,17,123,158,0,1,10,-33.834001,148.686283,51,2,1,1,1,0,0,0,2,2,7,50,2,1282,1282,1,33,27,2,0,0,1,0
1362086,2,2024,2024,5,1,7,38,27,115,165,1,0,1,-33.955651,151.061029,25,0,2,1,1,0,0,0,2,0,7,50,1,9859,9859,1,0,0,2,0,0,1,0