Crash ID,Degree of crash - detailed,Reporting year,Year of crash,Month of crash,Day of week of crash,Two-hour intervals,Street of crash,Street type,Town,Route no.,School zone location,School zone active,Type of location,Latitude,Longitude,LGA,Urbanisation,Conurbation 1,Alignment,Street lighting,Road surface,Surface condition,Weather,Natural lighting,Signals operation,Other traffic control,Speed limit,Road classification,RUM - code,DCA - code,First impact type,Key TU type,Other TU type,No. of traffic units involved,No. killed,No. seriously injured,No. moderately injured,No. minor-other injured
1362088,2,2024,2024,1,6,7,47,31,166,34609,0,1,10,-33.409581,149.577191,3,2,1,1,1,0,0,0,2,0,0,50,0,6545,6545,4,5,13,2,0,0,1,0
1362091,2,2024,2024,1,4,9,1,10,562,34609,0,1,1,-32.237041,148.643541,22,2,1,0,1,0,0,0,3,0,7,50,0,2585,4009,1,16,12,2,0,0,1,0
1362092,2,2024,2024,1,3,11,11,31,207,34609,0,1,1,-31.951599,141.458351,51,2,1,1,0,0,0,0,0,0,7,50,0,368,368,9,10,28,2,0,0,1,0
1362094,4,2024,2024,0,3,7,48,10,13,58,0,1,2,-32.901358,151.752988,48,0,2,1,0,0,3,0,2,0,7,60,2,1945,1945,5,16,40,1,0,1,0,0
1362099,4,2024,2024,1,0,11,73,27,57,34609,0,1,1,-33.610127,151.004059,71,0,2,1,0,0,0,0,0,0,7,60,0,4026,4026,8,5,40,1,0,1,0,0
1362100,4,2024,2024,1,2,5,1,31,25,34609,0,1,10,-32.843964,151.379383,17,2,1,1,1,0,0,0,2,0,0,60,0,6545,6545,4,0,5,3,0,1,0,1
1362101,1,2024,2024,1,3,4,2209,17,144,2205,0,1,9,-34.059181,151.028247,68,0,2,1,1,0,0,0,2,2,7,70,2,6545,6545,4,5,5,2,0,0,0,2
1362102,2,2024,2024,5,1,7,6,27,21,44,0,1,7,-33.870466,150.910895,24,0,2,1,1,0,0,0,2,0,0,50,1,1669,1669,3,33,5,2,0,0,1,0
1362103,2,2024,2024,1,0,8,169,31,44,57,0,1,2,-28.863431,153.538119,2,2,1,1,2,0,0,0,3,0,7,60,1,4026,4026,8,5,40,1,0,0,1,0
1362105,2,2024,2024,1,4,7,31,31,70,148,0,1,10,-32.900135,151.721134,48,0,2,1,1,0,0,0,2,2,7,60,1,14295,14295,3,5,0,4,0,0,3,1
1362106,1,2024,2024,1,1,3,27,27,119,96,0,1,1,-33.870611,151.161488,32,0,2,1,2,0,0,0,1,0,7,50,2,368,368,9,34,28,2,0,0,0,1
1362107,4,2024,2024,5,0,8,126,1,226,144,0,1,9,-33.775701,150.815107,7,0,2,1,0,0,0,0,2,0,7,60,2,5929,5929,1,0,0,2,0,1,0,0
1362108,2,2024,2024,1,0,7,10,27,104,34,0,1,1,-33.839048,151.214935,49,0,2,0,1,0,0,0,2,0,7,50,1,2585,4009,8,5,40,1,0,0,1,0
1362110,2,2024,2024,5,2,10,81,31,133,80,0,1,1,-33.935637,151.011281,15,0,2,1,2,0,0,0,3,0,7,60,1,14295,14295,3,16,5,2,0,0,1,0
1362113,1,2024,2024,5,1,4,1,27,1,34609,0,1,1,-28.54933,152.699841,51,2,1,0,0,2,0,0,2,0,7,50,0,3775,3775,0,8,41,2,0,0,0,1
1362115,2,2024,2024,1,6,3,2,22,55,34609,0,1,1,-35.394992,149.202959,58,2,1,0,0,0,0,0,2,0,7,50,0,1259,5151,8,5,40,1,0,0,1,0
1362117,4,2024,2024,11,3,9,10,27,115,10,0,1,10,-33.882144,151.189705,69,0,2,1,2,0,0,0,0,0,9,40,1,591,591,1,22,5,2,0,1,0,0
1362118,2,2024,2024,1,3,8,2209,17,40,2205,0,1,2,-34.701476,150.836855,35,2,1,0,1,0,0,0,2,0,7,80,2,1957,4009,8,16,40,1,0,0,1,0
1362120,2,2024,2024,1,3,0,387,27,115,331,1,0,9,-33.961148,151.073733,25,0,2,0,2,0,0,0,0,0,7,60,2,3775,3775,0,5,0,3,0,0,1,1
1362123,4,2024,2024,11,6,5,19,31,166,143,0,1,1,-33.421366,149.579841,3,2,1,1,0,0,0,0,2,0,7,50,2,14295,14295,3,5,0,2,0,1,0,0
1362126,4,2024,2024,1,6,8,8,31,29,34609,0,1,1,-33.725363,150.722677,55,0,2,1,1,0,0,0,2,0,7,50,0,9859,9859,1,5,13,2,0,1,0,0
1362128,4,2024,2024,1,4,9,20,27,34,20,0,1,9,-35.056288,150.631825,63,2,1,0,0,0,0,0,0,0,15,80,1,1850,1463,5,16,40,1,0,1,0,0
1362129,4,2024,2024,1,2,6,5,31,163,34609,0,1,1,-33.856646,151.10467,14,0,2,1,1,0,0,0,2,0,7,50,0,14295,14295,3,16,19,3,0,1,1,0
1362130,4,2024,2024,1,0,8,3371,17,35,3342,0,1,2,-29.89128,153.060377,18,1,0,1,0,0,0,0,2,0,7,110,2,1383,1383,1,16,0,2,0,1,0,0
1362131,4,2024,2024,11,5,7,127,27,59,103,0,1,9,-32.89131,151.728527,48,0,2,1,1,0,0,0,2,0,0,60,1,1669,1669,3,16,0,2,0,1,0,0
1362132,4,2024,2024,11,3,5,478,17,89,480,0,1,9,-33.385697,151.472515,16,2,2,1,1,0,0,0,2,0,15,60,2,2852,2852,4,10,0,2,0,1,0,1
1362134,4,2024,2024,11,5,10,171,31,80,34609,0,1,10,-33.879655,151.208459,69,0,2,1,2,0,0,0,0,2,7,40,0,1945,1945,5,22,40,1,0,1,0,0
1362136,4,2024,2024,1,2,7,1052,14,149,928,0,1,3,-33.351537,151.361939,16,1,2,0,0,0,0,0,2,0,7,110,2,14295,14295,3,16,13,2,0,1,0,0
1362137,1,2024,2024,1,4,2,71,31,15,34609,0,1,1,-32.912522,151.738551,48,0,2,1,2,0,0,0,0,0,7,50,0,9859,9859,1,5,13,4,0,0,0,1
1362140,2,2024,2024,5,4,8,89,27,182,228,0,1,1,-32.842832,151.335645,17,2,1,1,0,0,0,0,2,0,7,60,1,1981,1981,4,5,27,2,0,0,1,0
1362141,2,2024,2024,1,0,11,50,27,304,140,0,1,9,-33.901967,151.169555,32,0,2,1,2,0,0,0,0,0,15,60,1,2852,2852,4,5,19,2,0,0,1,0
1362142,4,2024,2024,1,5,4,35,27,109,37,1,0,1,-33.9086,151.143606,32,0,2,1,1,0,0,0,2,0,9,50,1,14295,14295,3,5,0,3,0,2,0,1
1362143,4,2024,2024,11,1,7,296,27,283,293,0,1,2,-33.830698,151.00378,21,0,2,1,1,0,0,0,2,0,7,60,2,9859,9859,1,5,5,2,0,1,0,0
1362145,2,2024,2024,1,0,7,5,27,9,34609,0,1,1,-28.842536,153.20378,39,1,0,0,0,0,0,0,2,0,7,100,0,782,957,5,5,40,1,0,0,1,0
1362147,1,2024,2024,11,6,6,8,27,5,35,0,1,1,-28.47738,152.186542,51,1,0,0,0,0,0,0,2,0,7,100,1,1850,1463,5,16,40,1,0,0,0,1
1362148,4,2024,2024,1,2,5,40,31,24,103,0,1,10,-32.007765,151.963094,43,2,1,1,0,2,0,0,2,0,0,40,1,1945,1945,5,16,40,1,0,1,0,0
1362151,2,2024,2024,11,2,9,14,27,4,17,0,1,9,-30.018114,150.365951,51,1,0,0,0,0,0,0,0,0,7,100,1,418,714,5,3,40,1,0,0,1,0
1362153,4,2024,2024,11,6,4,145,27,115,80,0,1,1,-33.880784,151.185067,69,0,2,1,0,0,0,0,2,0,9,40,2,2040,2040,9,5,28,2,0,1,0,0
1362158,1,2024,2024,1,3,4,28,31,137,54,0,1,2,-34.027714,151.055435,68,0,2,1,1,0,0,0,2,0,7,60,2,14295,14295,3,16,19,2,0,0,0,2
1362159,4,2024,2024,1,0,4,3,27,20,34609,0,1,1,-29.259953,152.243139,51,2,1,0,0,2,0,0,2,0,7,60,0,2585,4009,8,5,40,1,0,1,1,0
1362160,4,2024,2024,11,2,5,21,27,20,34609,0,1,1,-33.27173,151.372536,16,2,2,1,0,0,0,0,2,0,7,80,0,323,323,1,16,5,2,0,1,0,0
1362165,2,2024,2024,6,0,11,265,17,14,193,0,1,1,-33.975904,148.583557,51,1,0,1,0,0,3,4,0,0,7,100,2,9859,9859,8,10,40,1,0,0,1,0
1362166,2,2024,2024,1,0,7,37,27,58,34609,0,1,1,-33.210682,151.430101,16,1,2,1,1,0,0,0,2,0,7,90,0,1945,1945,5,16,40,1,0,0,1,0
1362167,2,2024,2024,1,0,10,104,27,246,140,0,1,10,-33.920199,151.187944,69,0,2,1,2,0,0,0,0,2,6,60,2,6545,6545,4,10,36,2,0,0,1,0
1362171,2,2024,2024,11,4,7,2,36,646,34609,0,1,0,-33.916052,151.035378,15,0,2,0,0,0,0,0,2,0,7,40,0,418,714,5,5,40,1,0,0,1,0
1362175,2,2024,2024,1,1,11,147,27,224,605,0,1,9,-33.824465,151.240538,45,0,2,1,2,0,0,0,0,0,7,60,2,1220,1220,9,5,28,2,0,0,1,0
1362177,2,2024,2024,1,3,5,108,31,160,34609,0,1,10,-33.107698,151.487343,37,0,2,1,0,0,0,0,2,0,15,60,0,1945,1945,5,16,40,1,0,0,1,0
1362184,4,2024,2024,11,6,6,161,17,10,161,0,1,1,-35.454589,148.28344,66,1,0,0,0,0,0,0,2,0,7,100,2,4552,5151,8,5,40,1,0,1,0,0
1362185,4,2024,2024,11,2,4,2209,17,70,2205,0,1,7,-34.846443,150.59537,63,2,1,0,1,0,3,3,2,0,0,70,2,1850,1463,5,16,40,1,0,1,0,0
1362186,4,2024,2024,5,2,10,143,31,173,181,0,1,1,-33.880301,151.216607,69,0,2,1,2,0,0,0,0,0,7,40,2,2040,2040,9,5,28,2,0,1,0,0
1362188,1,2024,2024,1,2,10,76,31,115,34609,0,1,9,-33.88003,151.189242,69,0,2,1,2,0,0,0,0,0,7,40,0,1850,777,5,16,40,1,0,0,0,1
1362190,2,2024,2024,11,6,10,481,17,7,483,0,1,9,-31.924257,148.619434,22,1,0,1,0,0,0,0,0,0,0,110,2,323,323,1,29,13,2,0,0,1,0
1362192,1,2024,2024,1,4,7,2126,17,438,2149,0,1,2,-33.845321,151.042648,21,0,2,1,1,0,0,0,2,0,7,60,2,1282,1282,1,8,5,2,0,0,0,1
1362193,2,2024,2024,11,6,8,348,31,363,34609,0,1,7,-33.755983,150.698619,55,0,2,1,0,0,0,0,3,0,0,50,0,6545,6545,4,10,27,2,0,0,1,0
1362200,4,2024,2024,11,3,1,15,27,32,70,1,0,9,-33.68701,151.011611,71,0,2,0,2,0,0,0,0,0,0,60,1,2585,4009,8,0,40,1,0,1,0,0
1362201,2,2024,2024,11,4,7,36,27,3,83,0,1,9,-29.430555,153.309754,18,2,1,1,0,0,3,4,2,0,7,70,1,1669,1669,3,21,0,2,0,0,2,0
1362203,4,2024,2024,5,0,9,20,27,132,148,0,1,1,-34.064578,151.057028,68,0,2,0,0,0,0,0,0,0,7,60,2,782,957,5,15,40,1,0,1,0,0
1362204,2,2024,2024,5,2,8,10,31,182,34609,0,1,10,-32.828509,151.35076,17,2,1,1,2,0,0,3,3,0,15,50,0,6545,6545,4,5,25,2,0,0,1,0
1362207,4,2024,2024,6,3,6,25,27,5,143,0,1,1,-33.179664,149.685793,3,1,0,0,0,0,3,3,2,0,7,100,2,1957,4009,8,10,40,1,0,1,0,0
1362209,2,2024,2024,1,0,10,95,31,105,34609,0,1,1,-32.719766,151.539049,42,2,1,1,0,0,0,0,0,0,7,50,0,4026,4026,8,5,40,1,0,0,1,0
1362216,4,2024,2024,11,3,7,43,2,104,222,0,1,2,-33.740956,150.946752,7,0,2,1,0,0,0,0,2,0,7,70,2,1282,1282,1,16,12,2,0,1,0,0
1362217,2,2024,2024,5,1,6,3371,17,104,3342,0,1,2,-32.8244,151.684893,48,0,2,1,0,0,0,0,2,0,7,60,2,14295,14295,3,3,35,2,0,0,1,0
1362218,4,2024,2024,1,5,7,143,31,252,19,0,1,9,-33.878171,151.213774,69,0,2,1,1,0,0,0,2,0,7,40,1,387,387,1,22,0,2,0,1,0,0
1362219,1,2024,2024,5,6,3,8,31,273,34609,0,1,1,-34.420623,150.88366,80,0,2,1,1,0,0,0,1,0,7,50,0,186,186,9,22,28,2,0,0,0,1
1362220,2,2024,2024,5,4,5,829,27,123,770,0,1,9,-33.809764,151.065251,54,0,2,1,1,0,0,0,2,0,7,70,2,515,515,1,5,0,2,0,0,1,0
1362221,4,2024,2024,1,6,11,1052,14,160,928,0,1,3,-33.150033,151.473107,37,0,2,1,0,0,0,0,0,0,7,110,2,14295,14295,3,3,10,2,0,1,0,0
1362223,2,2024,2024,11,5,4,485,27,232,769,0,1,9,-33.700066,150.928791,71,0,2,1,1,0,0,0,2,2,7,80,2,14295,14295,3,5,5,3,0,0,1,0
1362226,4,2024,2024,1,6,4,265,2,167,34609,0,1,10,-33.851793,151.069824,54,0,2,1,1,0,0,0,2,2,9,60,0,2040,2040,9,0,28,2,0,1,0,0
1362227,4,2024,2024,11,4,7,127,27,135,103,0,1,2,-32.904623,151.745815,48,0,2,1,1,0,0,0,2,0,7,50,1,9859,9859,8,0,40,1,0,1,0,0
1362230,1,2024,2024,11,6,7,10,27,41,34609,0,1,9,-34.097815,150.81384,13,0,2,1,1,0,0,0,2,0,7,60,0,1220,1220,9,30,28,2,0,0,0,1
1362231,2,2024,2024,1,5,4,500,27,271,799,0,1,9,-33.938489,151.018701,15,0,2,0,2,0,0,0,2,2,7,70,2,14295,14295,3,5,0,2,0,0,1,0
1362233,2,2024,2024,11,4,7,1,27,63,34609,0,1,9,-33.248564,151.477236,16,2,2,0,0,0,0,0,2,0,7,50,0,301,301,4,0,0,2,0,0,1,0
1362235,4,2024,2024,1,0,4,63,31,562,34609,0,1,9,-32.243884,148.641983,22,2,1,1,0,0,0,0,2,0,7,50,0,2852,2852,4,5,13,2,0,1,0,0
1362236,2,2024,2024,1,4,6,37,31,198,41,0,1,1,-33.912698,151.104027,15,0,2,1,0,0,0,0,2,0,7,40,1,368,368,9,0,28,2,0,0,1,0
1362237,4,2024,2024,1,0,5,1052,14,207,928,0,1,3,-33.557893,151.192787,31,0,2,1,1,0,0,0,2,0,7,110,2,1383,1383,1,5,0,2,0,2,0,0
1362238,1,2024,2024,6,0,3,1,31,24,34609,0,1,9,-33.671098,150.87366,7,0,2,1,0,0,0,0,1,0,7,50,0,9859,9859,1,5,6,2,0,0,0,1
1362240,4,2024,2024,1,0,9,6,10,43,34609,0,1,9,-30.442165,153.011778,6,2,1,1,0,0,0,0,0,0,7,80,0,489,489,8,5,40,1,0,1,0,0
1362242,2,2024,2024,5,5,9,71,27,21,122,0,1,2,-34.542928,150.863429,62,0,2,1,2,0,0,0,0,0,7,70,2,2040,2040,9,5,28,2,0,0,1,0
1362244,4,2024,2024,1,6,7,1,27,13,34609,0,1,1,-35.130106,150.498753,63,2,1,0,0,2,0,0,2,0,7,50,0,1850,1463,5,16,40,1,0,1,0,0
1362245,1,2024,2024,1,2,4,204,31,58,87,0,1,10,-34.414921,150.899563,80,0,2,1,1,0,0,0,2,2,7,60,2,775,775,4,5,0,2,0,0,0,1
1362246,4,2024,2024,1,3,1,3371,17,463,3342,0,1,2,-30.284537,153.12617,19,2,1,1,2,0,0,0,0,0,7,60,2,1945,1945,5,16,40,1,0,1,0,1
1362247,2,2024,2024,1,0,10,485,27,187,769,0,1,9,-33.781941,150.996849,54,0,2,1,0,0,0,0,0,3,7,60,2,14295,14295,3,33,18,2,0,0,1,0
1362248,2,2024,2024,11,6,11,134,10,363,133,0,1,6,-33.809928,151.022317,54,0,2,0,2,0,0,0,0,0,7,70,2,1850,1463,5,5,40,1,0,0,1,0
1362250,4,2024,2024,5,6,4,251,27,62,212,0,1,2,-33.752869,151.254729,50,0,2,1,1,0,0,0,2,0,7,70,2,14295,14295,3,5,36,4,0,1,0,0
1362253,2,2024,2024,5,3,9,2261,17,32,2252,0,1,9,-34.837096,149.013354,82,1,0,1,0,0,3,3,0,0,0,110,2,489,489,8,5,40,1,0,0,1,0
1362255,2,2024,2024,1,2,8,3371,17,139,3342,0,1,10,-33.840725,151.20851,49,0,2,1,2,0,0,0,2,2,7,60,2,1220,1220,9,5,28,2,0,0,1,0
1362261,4,2024,2024,11,1,5,234,27,323,217,0,1,9,-33.757151,150.992431,71,0,2,1,1,0,0,0,2,0,15,60,2,2040,2040,9,5,28,2,0,1,0,0
1362262,2,2024,2024,1,3,6,2209,17,24,2205,0,1,2,-34.955147,150.599803,63,1,0,1,0,0,0,0,2,0,7,100,2,101,101,8,16,13,2,0,0,1,0
1362263,4,2024,2024,1,5,7,26,31,123,38,0,1,1,-33.832607,148.684327,51,2,1,0,1,0,0,0,2,0,7,50,2,1669,1669,3,0,0,2,0,2,0,0
1362264,2,2024,2024,1,4,9,3371,17,69,3342,0,1,2,-32.936024,151.74922,48,0,2,1,0,0,0,0,3,0,7,60,2,14295,14295,3,10,0,3,0,0,1,0
1362265,2,2024,2024,11,1,7,6,31,168,34609,0,1,1,-33.718751,150.827003,7,0,2,0,0,0,0,0,2,0,7,50,0,368,368,9,5,28,2,0,0,1,0
1362267,2,2024,2024,1,5,8,67,27,15,34609,0,1,1,-30.665366,152.888217,47,1,0,0,0,0,3,3,2,0,7,90,0,782,957,5,0,40,1,0,0,1,0
1362271,1,2024,2024,11,6,8,109,27,204,105,0,1,9,-33.895922,150.935318,24,0,2,1,1,0,0,0,2,2,7,60,2,1383,1383,1,5,5,3,0,0,0,1
1362275,4,2024,2024,1,4,8,1104,14,609,962,0,1,3,-33.803451,150.901337,7,0,2,1,0,0,0,0,2,0,7,100,2,14295,14295,3,9,0,6,0,1,0,0
1362277,2,2024,2024,1,2,4,15,27,30,34609,1,0,1,-34.493289,150.816902,80,0,2,1,1,0,0,0,2,0,7,60,0,9859,9859,1,10,0,2,0,0,1,0
1362278,2,2024,2024,1,6,3,387,27,290,331,0,1,9,-33.944674,151.128669,4,0,2,1,2,0,0,0,1,0,0,60,2,1669,1669,3,5,0,2,0,0,1,1
1362279,4,2024,2024,1,4,9,9,10,11,29,0,1,9,-32.922766,151.678654,48,0,2,1,2,0,0,0,0,0,0,60,1,2852,2852,4,30,27,2,0,1,0,0
1362281,4,2024,2024,1,5,11,334,17,11,308,0,1,1,-30.968633,150.68487,70,1,0,1,0,0,0,0,0,0,7,100,2,1089,1089,7,16,40,1,0,1,0,0
1362284,4,2024,2024,11,1,5,19,18,64,34609,1,0,1,-34.387585,150.902625,80,0,2,1,1,0,0,0,2,0,7,50,0,15,15,1,10,19,3,0,1,0,0
1362290,4,2024,2024,5,6,9,3371,17,12,3342,0,1,9,-33.049034,151.655088,37,0,2,0,2,0,0,0,0,2,7,60,2,5929,5929,1,21,19,2,0,1,1,0
1362293,1,2024,2024,1,2,9,168,17,47,212,0,1,1,-35.276411,149.42456,58,1,0,1,0,0,0,0,0,0,7,100,2,1220,1220,9,5,28,2,0,0,0,1
1362296,2,2024,2024,1,4,8,2209,17,166,2205,0,1,9,-33.901891,151.17893,32,0,2,1,1,0,0,0,2,0,7,40,2,6545,6545,4,22,0,2,0,0,1,0
1362297,4,2024,2024,11,4,3,916,17,27,917,0,1,9,-32.663077,151.368778,17,2,1,0,0,0,3,0,2,0,15,80,2,6545,6545,4,0,10,2,0,1,0,0
1362298,4,2024,2024,1,2,6,5,27,12,7,0,1,1,-33.388291,150.023828,40,1,0,0,0,0,0,0,2,0,7,100,1,2585,4009,8,0,40,1,0,1,0,0
1362299,4,2024,2024,1,1,4,1104,14,142,962,0,1,3,-33.82793,150.998567,54,0,2,0,1,0,0,0,2,0,7,90,2,14295,14295,3,5,0,3,0,1,0,0
1362302,2,2024,2024,1,1,7,475,31,162,240,0,1,10,-33.84569,150.900085,24,0,2,1,2,0,0,0,2,2,7,60,2,14295,14295,3,9,0,2,0,0,1,0
1362305,1,2024,2024,1,0,4,34,31,49,34609,0,1,1,-32.996972,151.682656,37,0,2,1,1,0,0,0,2,0,7,50,0,4026,4026,8,0,40,1,0,0,0,1
1362307,4,2024,2024,1,5,4,191,27,20,208,0,1,1,-33.801152,151.100334,61,0,2,1,0,0,3,4,2,0,7,60,2,3775,3775,0,5,0,2,0,1,0,0
1362308,4,2024,2024,1,2,6,25,31,460,55,0,1,9,-33.824311,150.987712,21,0,2,0,1,0,0,0,2,2,7,60,2,2852,2852,4,5,0,2,0,1,0,0
1362309,2,2024,2024,11,1,8,2126,17,171,2149,0,1,9,-33.816421,150.973158,21,0,2,1,1,0,0,0,2,2,9,80,2,4026,4026,8,5,40,1,0,0,1,0
1362311,2,2024,2024,11,2,0,103,36,4,157,0,1,1,-29.651328,152.931288,18,2,1,0,0,0,0,0,0,0,7,80,2,2585,4009,8,0,40,1,0,0,1,0
1362312,4,2024,2024,1,6,5,2,1,253,34609,0,1,0,-33.966045,151.10301,25,0,2,1,0,0,3,4,2,0,7,50,0,312,312,2,0,40,1,0,1,0,0
1362313,2,2024,2024,11,4,5,110,31,433,34609,0,1,1,-33.267202,149.097039,52,2,1,1,1,0,0,0,2,0,7,50,0,1669,1669,3,5,5,2,0,0,1,1
1362314,2,2024,2024,1,0,9,37,1,198,29,0,1,10,-33.904825,151.099697,15,0,2,1,2,0,3,4,0,2,7,50,1,5929,5929,1,0,13,2,0,0,1,0
1362315,2,2024,2024,8,1,6,11,27,87,34609,0,1,1,-34.04825,151.155162,68,0,2,1,0,0,0,0,2,0,7,50,0,5929,5929,1,0,19,2,0,0,1,0
1362317,2,2024,2024,8,4,5,6,31,87,34609,0,1,1,-34.054835,151.153323,68,0,2,1,3,0,2,6,2,2,7,50,0,5929,5929,1,5,27,2,0,0,1,0
1362318,4,2024,2024,1,0,2,106,27,523,106,0,1,1,-33.928487,150.914655,41,0,2,1,2,0,0,0,1,0,7,60,2,2040,2040,9,0,28,2,0,1,0,0
1362319,4,2024,2024,5,2,0,6,27,45,34609,1,0,9,-33.347705,151.492942,16,2,2,1,2,0,0,0,0,0,0,50,0,4026,4026,1,5,0,3,0,1,0,0
1362320,2,2024,2024,5,5,7,8,1,6,34609,0,1,10,-34.382763,150.895122,80,0,2,0,1,0,0,0,2,2,7,60,0,6545,6545,4,10,0,2,0,0,1,0
1362322,4,2024,2024,5,2,5,107,22,210,17,0,1,9,-34.029576,151.103571,68,0,2,1,1,0,3,4,2,0,0,60,1,2852,2852,4,10,5,2,0,1,0,1
1362326,4,2024,2024,1,2,6,9,1,226,34609,0,1,7,-33.770846,150.826339,7,0,2,1,1,0,0,0,2,0,0,50,0,489,489,8,5,40,1,0,1,0,0
1362327,2,2024,2024,5,6,4,4,31,179,34609,0,1,1,-31.90759,152.462211,43,2,1,1,1,0,0,6,2,0,7,50,0,1981,1981,4,0,20,2,0,0,1,0
1362328,1,2024,2024,1,5,3,2209,17,88,2205,0,1,9,-33.990139,151.113188,25,0,2,1,2,0,0,0,1,2,7,70,2,14295,14295,3,10,13,3,0,0,0,1
1362329,4,2024,2024,11,5,7,46,27,304,39,1,0,1,-33.908919,151.152941,32,0,2,1,1,0,0,0,2,0,7,50,1,340,340,9,5,28,2,0,1,0,0
1362330,2,2024,2024,1,4,7,23,14,532,22,0,1,2,-33.861518,151.212028,69,0,2,1,1,0,0,3,2,0,7,70,2,1945,1945,5,16,40,1,0,0,1,0
1362332,2,2024,2024,11,2,6,21,22,246,21,0,1,3,-33.919476,151.182914,69,0,2,0,0,0,0,0,2,0,7,60,2,4552,5151,8,15,40,1,0,0,1,0
1362339,1,2024,2024,11,1,9,26,27,40,34609,0,1,9,-35.75891,150.191146,23,2,1,1,0,2,0,0,0,0,7,60,0,489,489,5,10,40,1,0,0,0,1
1362341,4,2024,2024,11,4,10,3371,17,6,3342,0,1,2,-31.699227,152.729783,56,1,0,0,0,0,0,0,0,0,7,110,2,1957,4009,8,10,40,1,0,1,0,0
1362343,1,2024,2024,6,4,7,97,27,271,799,0,1,9,-33.938327,151.018675,15,0,2,0,0,0,0,0,2,2,9,70,2,1220,1220,9,5,28,2,0,0,0,1
1362344,4,2024,2024,6,5,6,196,10,166,168,0,1,9,-33.941745,150.983014,15,0,2,1,1,0,0,0,2,2,7,60,2,5929,5929,1,9,27,2,0,1,0,0
1362345,2,2024,2024,11,4,10,36,27,43,38,0,1,1,-33.767517,151.256244,50,0,2,0,2,0,0,0,0,0,7,60,1,4552,5151,1,10,0,3,0,0,1,0
1362347,2,2024,2024,1,3,5,42,10,39,172,0,1,1,-32.888633,151.567513,37,0,2,0,0,0,3,0,2,0,7,80,2,1850,1463,5,16,40,1,0,0,1,0
1362350,1,2024,2024,1,6,7,89,17,82,34609,1,0,10,-34.366445,150.898334,80,0,2,1,1,0,0,0,2,2,7,60,0,6545,6545,4,5,5,2,0,0,0,1
1362351,4,2024,2024,5,1,1,9,36,12,9,0,1,1,-34.163541,147.586523,51,1,0,1,0,0,3,4,0,0,7,100,1,945,945,5,29,40,1,0,1,0,0
1362352,1,2024,2024,11,3,4,1,2,18,34609,0,1,9,-28.385113,153.556568,72,2,1,1,1,0,0,0,2,0,7,50,0,591,591,1,22,0,2,0,0,0,1
1362358,2,2024,2024,11,6,4,110,31,433,34609,0,1,1,-33.269169,149.096624,52,2,1,1,0,0,0,0,2,0,7,50,0,4026,4026,1,5,5,2,0,0,1,0
1362359,2,2024,2024,5,0,4,829,27,125,770,0,1,9,-33.837066,151.130869,51,0,2,1,1,0,0,0,2,0,0,70,2,623,623,3,16,25,2,0,0,1,0
1362364,2,2024,2024,8,3,6,50,27,125,51,0,1,7,-33.854281,151.077188,67,0,2,0,1,0,0,0,2,2,0,60,1,5929,5929,1,0,0,3,0,0,1,0
1362365,1,2024,2024,1,2,10,123,27,316,120,0,1,10,-33.903991,151.252856,59,0,2,1,2,0,0,0,0,2,7,50,2,5929,5929,1,22,0,2,0,0,0,1
1362366,4,2024,2024,11,6,2,90,36,13,102,0,1,9,-34.271596,146.141798,28,1,0,1,0,0,0,3,1,0,0,100,2,5929,5929,1,5,19,2,0,1,0,0
1362369,1,2024,2024,11,0,4,24,27,12,31,0,1,1,-28.755436,153.086228,60,2,1,0,0,0,0,0,2,0,7,60,1,4552,5151,8,0,40,1,0,0,0,1
1362374,2,2024,2024,1,2,9,8,10,101,9,0,1,1,-32.899656,151.592088,37,0,2,1,0,0,0,0,0,0,7,80,1,9859,9859,8,10,40,1,0,0,1,0
1362377,2,2024,2024,6,2,0,296,27,290,293,1,0,9,-33.84949,150.996981,21,0,2,1,2,0,0,0,0,0,7,70,2,4026,4026,8,10,40,1,0,0,1,0
1362378,2,2024,2024,1,2,6,109,27,204,105,0,1,9,-33.898403,150.949101,24,0,2,1,1,0,0,0,2,2,7,60,2,14295,14295,3,0,13,4,0,0,1,0
1362379,1,2024,2024,1,2,5,16,1,24,25,0,1,1,-33.626656,150.836961,29,2,2,1,1,0,0,0,2,0,7,60,2,5929,5929,1,0,5,2,0,0,0,1
1362384,2,2024,2024,11,5,3,48,31,194,34609,0,1,7,-30.516184,151.647751,1,2,1,1,0,0,0,0,2,0,0,50,0,6545,6545,4,8,13,2,0,0,1,0
1362385,1,2024,2024,1,2,0,2,31,13,34609,0,1,10,-35.623893,144.124653,51,2,1,1,2,0,0,0,0,0,0,50,0,6545,6545,4,5,0,2,0,0,0,1
1362386,4,2024,2024,1,6,7,2261,17,204,2252,0,1,10,-33.889341,151.132333,32,0,2,1,1,0,0,0,2,2,7,60,2,5929,5929,1,5,19,2,0,1,1,0
1362387,2,2024,2024,6,2,9,171,27,64,369,0,1,9,-33.704523,150.724146,55,0,2,1,2,0,0,0,0,0,0,80,2,1669,1669,3,8,5,2,0,0,1,0
1362390,2,2024,2024,1,5,7,2209,17,40,2205,0,1,1,-35.074098,150.56329,63,2,1,1,3,0,2,6,2,0,7,80,2,1383,1383,1,10,40,2,0,0,1,0