Crash ID,Degree of crash - detailed,Reporting year,Year of crash,Month of crash,Day of week of crash,Two-hour intervals,Street of crash,Street type,Town,Route no.,School zone location,School zone active,Type of location,Latitude,Longitude,LGA,Urbanisation,Conurbation 1,Alignment,Street lighting,Road surface,Surface condition,Weather,Natural lighting,Signals operation,Other traffic control,Speed limit,Road classification,RUM - code,DCA - code,First impact type,Key TU type,Other TU type,No. of traffic units involved,No. killed,No. seriously injured,No. moderately injured,No. minor-other injured
1362396,2,2024,2024,1,0,4,62,31,61,34609,0,1,10,-33.891493,150.910545,24,0,2,1,0,0,0,0,2,0,15,50,0,6545,6545,4,5,5,2,0,0,1,0
1362398,2,2024,2024,1,0,9,47,27,104,34609,0,1,1,-32.916866,151.709687,48,0,2,1,3,0,2,6,0,0,7,50,0,9859,9859,1,0,5,3,0,0,1,0
1362402,1,2024,2024,1,5,2,192,31,150,120,0,1,2,-33.930764,151.238244,59,0,2,1,2,0,0,0,1,0,7,60,2,1383,1383,1,0,18,2,0,0,0,1
1362404,2,2024,2024,5,3,6,84,10,9,80,0,1,1,-34.222697,150.994177,80,0,2,1,1,0,0,0,2,0,7,60,2,3775,3775,0,16,5,2,0,0,1,0
1362405,1,2024,2024,1,3,8,220,27,251,222,0,1,10,-33.76575,150.958253,7,0,2,1,1,0,0,0,3,2,7,80,2,3775,3775,0,5,5,2,0,0,0,1
1362406,2,2024,2024,1,0,5,7,31,87,34609,0,1,9,-28.812014,153.281987,39,2,1,1,0,0,0,0,2,0,7,50,0,926,926,4,0,25,2,0,0,1,0
1362409,2,2024,2024,1,5,4,234,27,323,217,0,1,9,-33.759602,150.992933,71,0,2,1,0,0,0,0,2,2,7,60,2,5929,5929,1,0,0,2,0,0,1,0
1362413,4,2024,2024,1,6,7,53,36,13,34,0,1,9,-33.28841,148.729363,11,2,1,0,0,0,0,0,2,0,0,50,2,775,775,4,29,19,2,0,1,0,0
1362415,4,2024,2024,11,2,8,1,10,1,34609,0,1,1,-28.399475,153.051943,51,1,0,0,0,2,0,0,2,0,7,100,0,1850,1463,5,16,40,1,0,1,0,0
1362416,4,2024,2024,1,3,6,3371,17,54,3342,0,1,7,-33.093433,151.637605,37,0,2,1,1,0,0,0,2,0,0,60,2,5929,5929,1,16,0,2,0,1,0,0
1362420,2,2024,2024,0,5,4,22,27,173,34609,0,1,0,-33.879,151.21998,69,0,2,1,1,0,0,0,2,0,7,40,0,9859,9859,1,5,5,2,0,0,1,0
1362428,1,2024,2024,11,5,6,829,31,162,240,0,1,7,-33.848094,150.918146,24,0,2,0,3,0,0,0,2,0,0,60,2,1192,1192,1,0,13,2,0,0,0,1
1362430,2,2024,2024,8,4,3,9,27,204,34609,0,1,10,-33.935647,151.143816,4,0,2,1,3,0,0,0,1,0,9,50,0,2040,2040,9,30,28,2,0,0,1,0
1362431,2,2024,2024,8,6,7,205,27,161,415,0,1,2,-33.707342,151.185097,36,0,2,0,1,0,0,0,2,0,7,90,2,2585,4009,8,21,40,1,0,0,1,0
1362433,1,2024,2024,1,0,10,84,10,2,80,0,1,1,-34.257793,150.971757,80,0,2,0,3,0,0,0,0,0,7,60,2,1957,4009,8,16,40,1,0,0,0,1
1362434,2,2024,2024,11,6,9,4,31,33,34609,0,1,1,-34.774475,150.699177,63,2,1,1,3,0,0,0,0,0,7,50,0,9859,9859,8,0,40,1,0,0,1,0
1362438,2,2024,2024,11,4,3,330,27,65,605,0,1,9,-33.707762,151.296691,50,0,2,1,3,0,0,0,2,2,7,70,2,14295,14295,3,0,22,2,0,0,1,0
1362440,4,2024,2024,11,5,8,3371,17,107,3342,0,1,1,-33.269866,151.444616,16,2,2,1,3,0,0,0,2,0,7,70,2,14295,14295,3,16,36,2,0,1,0,0
1362442,1,2024,2024,11,0,6,485,27,232,769,0,1,10,-33.684046,150.916899,71,0,2,1,3,0,0,0,2,2,9,80,2,14295,14295,3,0,5,2,0,0,0,1
1362445,2,2024,2024,11,2,5,2,31,316,34609,0,1,10,-33.91637,151.247703,59,0,2,1,3,0,0,0,2,0,15,50,0,6545,6545,4,0,5,3,0,0,1,0
1362447,1,2024,2024,1,1,4,37,27,173,115,0,1,10,-33.715712,151.135053,36,0,2,1,3,0,0,0,2,0,15,60,1,6545,6545,4,5,36,2,0,0,0,1
1362448,1,2024,2024,11,6,3,104,27,443,702,0,1,9,-33.900597,151.065146,67,0,2,1,3,0,0,0,2,2,7,70,2,14295,14295,3,5,0,2,0,0,0,1
1362449,1,2024,2024,1,4,8,6,31,460,34609,0,1,9,-33.831897,150.987683,21,0,2,1,3,0,0,0,2,0,0,50,0,150,150,4,0,12,2,0,0,0,1
1362453,2,2024,2024,11,5,4,280,10,92,240,0,1,9,-33.876958,150.965672,24,0,2,1,3,0,0,0,2,2,7,60,2,1669,1669,3,5,19,2,0,0,1,0
1362454,1,2024,2024,11,1,3,99,31,237,105,0,1,9,-33.873791,150.944946,24,0,2,1,3,0,0,0,2,0,7,60,1,5929,5929,1,21,5,2,0,0,0,1
1362455,4,2024,2024,11,5,7,18,27,112,34609,1,0,7,-36.055815,146.916335,0,2,1,1,3,0,0,0,2,0,0,60,0,6545,6545,4,10,5,2,0,1,0,0
1362460,1,2024,2024,1,6,7,193,31,188,34609,0,1,10,-33.944576,151.10841,4,0,2,1,3,0,0,0,2,0,0,50,0,6545,6545,4,5,5,2,0,0,0,1
1362461,2,2024,2024,11,1,10,104,27,443,702,0,1,2,-33.914194,151.062901,15,0,2,1,3,0,0,0,0,0,7,60,2,1282,1282,1,29,5,3,0,0,1,1
1362463,2,2024,2024,11,6,3,193,27,124,34609,0,1,7,-33.811235,151.041968,54,0,2,1,3,2,0,0,1,0,0,50,0,9859,9859,8,0,40,1,0,0,1,0
1362466,1,2024,2024,11,0,7,220,14,56,220,0,1,3,-34.445877,150.860923,80,0,2,1,3,0,0,0,2,0,7,100,2,14295,14295,3,10,13,2,0,0,0,1
1362472,2,2024,2024,11,4,8,1,1,290,34609,0,1,1,-33.848959,150.999493,21,0,2,1,3,0,0,0,2,0,7,50,0,1109,397,1,10,13,2,0,0,1,0
1362474,2,2024,2024,6,6,8,97,31,460,92,0,1,9,-33.831112,150.992967,21,0,2,1,3,0,0,0,2,0,7,60,1,14295,14295,3,0,5,2,0,0,2,0
1362477,1,2024,2024,11,4,0,1104,14,445,962,0,1,3,-33.850636,151.054716,21,0,2,1,3,0,0,0,0,0,7,40,2,84,84,6,0,10,2,0,0,0,1
1362479,1,2024,2024,11,5,4,475,10,100,268,0,1,9,-33.890476,150.884956,24,0,2,1,3,0,0,0,2,1,7,70,2,14295,14295,3,8,0,2,0,0,0,1
1362481,2,2024,2024,1,5,7,25,27,8,260,0,1,9,-32.982277,151.603324,37,0,2,1,3,0,0,0,2,2,7,80,2,14295,14295,3,5,5,2,0,0,1,1
1362486,2,2024,2024,6,3,6,18,27,239,33,0,1,1,-34.041882,151.133661,68,0,2,1,3,0,0,0,2,0,7,50,1,1981,1981,4,0,0,2,0,0,1,0
1362489,1,2024,2024,11,6,7,45,31,204,331,0,1,9,-33.937672,151.153055,4,0,2,1,3,0,0,0,2,2,7,60,2,14295,14295,3,0,0,2,0,0,0,1
1362492,4,2024,2024,11,6,4,2,27,3,34609,0,1,1,-29.908613,151.809291,51,1,0,0,3,2,0,0,2,0,7,100,0,782,957,5,10,40,1,0,1,0,0
1362493,1,2024,2024,1,4,5,3,31,37,47,0,1,10,-34.648987,150.779925,35,2,1,1,3,0,0,0,2,0,15,50,1,1669,1669,3,16,37,2,0,0,0,1
1362494,2,2024,2024,11,5,4,43,27,70,148,0,1,9,-32.908434,151.718102,48,0,2,1,3,0,0,0,2,0,7,60,1,2852,2852,4,5,13,2,0,0,1,0
1362496,2,2024,2024,1,2,5,19,27,201,46,0,1,9,-34.889785,150.62185,63,2,1,1,3,0,0,0,2,0,15,70,1,14295,14295,3,10,5,2,0,0,1,0
1362498,4,2024,2024,5,5,3,4,27,71,34609,0,1,7,-33.774989,150.706352,55,0,2,1,0,0,0,0,1,0,0,50,0,6545,6545,4,5,12,2,0,1,0,0
1362499,1,2024,2024,1,4,7,485,27,232,769,0,1,10,-33.690433,150.92216,7,0,2,1,3,2,3,0,2,1,7,80,2,84,84,6,5,40,1,0,0,0,1
1362502,2,2024,2024,5,6,3,55,10,112,47,0,1,9,-33.439127,151.428034,16,2,2,1,3,0,0,0,1,2,7,60,2,926,926,4,10,0,2,0,0,1,0
1362505,2,2024,2024,11,3,5,4,27,43,34609,0,1,1,-33.545404,150.794599,29,2,2,1,3,0,0,0,2,0,7,80,0,3775,3775,0,5,5,2,0,0,1,1
1362506,2,2024,2024,1,6,5,280,10,314,82,0,1,10,-33.850836,150.922233,24,0,2,1,3,0,3,4,2,2,7,60,1,1669,1669,3,21,13,2,0,0,1,0
1362507,1,2024,2024,11,1,10,32,27,52,88,0,1,1,-33.643088,150.73613,55,0,2,1,3,0,0,0,0,0,7,60,2,9859,9859,1,10,5,2,0,0,0,1
1362508,1,2024,2024,11,4,4,230,27,100,284,0,1,2,-33.805002,151.149955,38,0,2,0,3,0,0,0,2,0,7,70,2,14295,14295,3,5,5,3,0,0,0,1
1362509,1,2024,2024,1,1,9,2209,17,166,2205,0,1,1,-33.897454,151.178961,32,0,2,1,3,0,0,0,0,0,7,40,2,312,312,2,19,40,1,0,0,0,1
1362513,1,2024,2024,11,4,9,2261,17,523,2252,0,1,10,-33.934569,150.915777,41,0,2,1,3,0,0,0,0,2,7,60,2,14295,14295,3,0,5,2,0,0,0,1
1362514,1,2024,2024,11,0,6,22,31,438,34609,0,1,1,-33.847772,151.036029,21,0,2,1,3,0,0,0,2,0,7,50,0,1669,1669,3,5,5,2,0,0,0,1
1362515,1,2024,2024,8,1,8,229,14,323,237,0,1,3,-33.766492,150.963995,71,0,2,0,3,0,0,0,2,0,7,60,2,14295,14295,3,10,5,2,0,0,0,1
1362518,1,2024,2024,1,5,8,1,1,108,34609,0,1,1,-33.757884,151.276886,50,0,2,1,3,0,0,0,2,0,7,50,0,941,941,1,5,19,2,0,0,0,1
1362523,2,2024,2024,11,1,2,1052,14,19,928,0,1,3,-33.208466,151.454824,16,1,2,1,3,0,0,0,0,0,7,110,2,9859,9859,8,5,40,1,0,0,1,0
1362524,1,2024,2024,3,1,3,515,14,294,518,0,1,3,-33.94068,150.931744,41,0,2,1,3,0,0,0,2,0,7,100,2,14295,14295,3,8,35,2,0,0,0,1
1362527,1,2024,2024,1,6,4,3371,17,58,3342,0,1,7,-32.781706,151.739358,57,2,1,1,3,0,0,0,2,0,0,70,2,14295,14295,3,8,36,2,0,0,0,1
1362529,2,2024,2024,11,6,9,77,31,163,69,0,1,10,-33.864973,151.103778,14,0,2,1,3,0,0,0,0,2,7,60,2,14295,14295,3,21,5,4,0,0,1,0
1362531,4,2024,2024,11,4,6,84,7,4,34609,0,1,9,-35.261548,150.433961,63,2,1,0,3,0,3,4,2,0,7,60,0,4552,5151,8,5,40,1,0,1,0,0
1362532,1,2024,2024,11,6,10,232,36,109,331,0,1,10,-33.953238,150.856048,41,0,2,1,3,0,0,0,0,2,7,70,2,14295,14295,3,10,5,2,0,0,0,1
1362533,1,2024,2024,5,2,9,132,31,252,126,0,1,1,-33.891513,151.212507,69,0,2,1,2,0,0,0,0,0,7,50,2,1282,1282,1,5,18,2,0,0,0,1
1362534,2,2024,2024,11,4,5,346,17,8,332,0,1,1,-28.868715,153.106185,60,1,0,1,3,0,0,0,2,0,7,100,2,77,77,1,5,40,1,0,0,1,0
1362536,1,2024,2024,11,6,3,112,27,109,256,0,1,1,-33.971308,150.86605,41,0,2,1,3,0,0,0,2,0,7,80,2,14295,14295,3,10,5,2,0,0,0,1
1362538,2,2024,2024,1,4,4,2126,17,40,2149,0,1,2,-33.71236,150.519987,8,2,2,0,1,0,0,0,2,0,15,80,2,1981,1981,4,5,5,2,0,0,2,0
1362543,2,2024,2024,11,6,7,118,17,10,118,0,1,10,-29.960637,146.861443,51,2,1,0,3,0,0,0,2,0,7,50,2,2585,4009,8,10,40,1,0,0,1,0
1362546,2,2024,2024,1,2,7,33,1,31,106,0,1,9,-33.927283,150.890566,41,0,2,1,3,0,0,0,2,2,7,50,2,14295,14295,3,21,40,4,0,0,1,0
1362554,2,2024,2024,11,0,3,6,31,80,34609,0,1,9,-33.88007,151.206876,69,0,2,1,3,0,0,0,2,2,7,40,0,6545,6545,4,32,10,2,0,0,1,0
1362555,1,2024,2024,11,5,9,171,1,387,104,0,1,9,-33.933967,151.199251,4,0,2,0,2,0,0,0,0,2,7,60,2,5929,5929,1,5,5,2,0,0,0,1
1362557,4,2024,2024,5,2,7,361,23,143,38,0,1,2,-33.877226,151.102281,9,0,2,1,1,0,0,0,2,0,7,40,1,2040,2040,9,0,28,2,0,1,0,0
1362558,1,2024,2024,11,1,9,12,27,278,34609,0,1,1,-33.784909,151.043815,54,0,2,1,3,0,0,0,0,2,7,50,0,1981,1981,4,5,0,2,0,0,0,1
1362560,1,2024,2024,11,0,7,485,27,323,769,0,1,1,-33.769097,150.999792,54,0,2,1,3,0,0,0,2,0,7,60,2,14295,14295,3,5,5,2,0,0,0,2
1362561,2,2024,2024,11,1,4,39,36,18,79,0,1,2,-33.786036,151.201187,77,0,2,1,3,0,0,0,2,0,7,60,2,14295,14295,3,10,0,4,0,0,1,0
1362564,1,2024,2024,1,4,5,44,31,43,605,0,1,2,-33.776173,151.266588,50,0,2,1,3,0,0,0,2,0,7,60,2,14295,14295,3,0,12,3,0,0,0,1
1362567,1,2024,2024,1,3,6,46,27,304,140,0,1,9,-33.911222,151.157831,32,0,2,1,3,0,0,3,2,0,0,40,1,6545,6545,4,5,0,2,0,0,0,1
1362570,1,2024,2024,11,2,2,3371,17,6,3342,0,1,2,-31.687725,152.734746,56,1,0,0,3,0,0,0,1,0,7,110,2,2585,4009,8,10,40,1,0,0,0,1
1362571,2,2024,2024,1,6,5,194,31,80,34609,0,1,9,-34.554078,146.403751,51,2,1,1,3,0,0,0,2,0,0,50,0,150,150,4,5,36,2,0,0,1,0
1362572,1,2024,2024,1,4,8,79,27,188,159,0,1,9,-33.934305,151.110425,15,0,2,1,3,0,0,0,2,0,15,60,2,2852,2852,4,5,19,2,0,0,0,1
1362573,2,2024,2024,1,0,5,195,27,70,186,0,1,9,-33.877581,150.867901,24,0,2,1,3,0,0,0,2,1,7,70,2,14295,14295,3,5,5,3,0,0,1,0
1362574,4,2024,2024,8,1,4,3371,17,33,3342,0,1,2,-33.660864,151.127013,31,0,2,1,3,0,0,0,2,0,7,80,2,4026,4026,8,5,40,1,0,1,0,0
1362576,2,2024,2024,11,0,4,92,31,225,34609,0,1,9,-33.789371,151.197639,77,0,2,1,3,0,0,0,2,0,7,50,0,14295,14295,3,5,0,3,0,0,1,1
1362580,1,2024,2024,1,1,3,2261,17,64,2252,0,1,10,-33.887703,151.09147,67,0,2,1,3,0,3,4,1,2,7,60,2,14295,14295,3,8,5,2,0,0,0,1
1362581,2,2024,2024,11,5,11,234,27,323,217,0,1,1,-33.752262,150.994159,71,0,2,1,3,0,0,0,0,0,7,60,2,9859,9859,8,5,40,1,0,0,1,0
1362585,2,2024,2024,1,3,5,3371,17,90,3342,0,1,6,-28.227258,153.559771,72,2,1,0,3,0,3,4,2,0,7,60,2,1850,1463,5,0,40,1,0,0,1,0
1362587,2,2024,2024,11,1,9,265,17,74,193,0,1,10,-34.644299,148.024366,20,2,1,1,3,0,0,0,3,0,0,50,2,6545,6545,4,29,36,2,0,0,1,0
1362588,1,2024,2024,1,5,9,829,27,159,770,0,1,2,-33.805927,151.077682,61,0,2,1,3,0,0,0,0,3,9,70,2,14295,14295,3,5,0,2,0,0,0,1
1362590,1,2024,2024,11,2,5,2,27,102,34609,0,1,9,-33.958741,151.234809,59,0,2,1,3,0,0,0,2,0,7,50,0,2040,2040,9,22,28,2,0,0,0,2
1362593,2,2024,2024,11,5,7,6,27,113,34609,0,1,10,-33.790463,150.720204,55,0,2,1,3,0,0,0,2,0,15,70,0,9859,9859,8,10,40,1,0,0,1,0
1362595,4,2024,2024,11,5,8,1104,14,323,962,0,1,3,-33.791279,150.818441,7,0,2,1,3,0,0,0,2,0,7,100,2,14295,14295,3,9,12,2,0,1,0,0
1362596,1,2024,2024,11,1,4,10,31,460,34609,0,1,1,-33.825595,150.979737,21,0,2,1,3,0,0,0,2,0,7,50,0,14295,14295,3,5,5,2,0,0,0,1
1362598,1,2024,2024,11,4,9,15,31,169,34609,0,1,9,-28.644931,153.61262,10,2,1,1,3,0,0,0,0,0,0,50,0,926,926,4,0,5,2,0,0,0,1
1362600,4,2024,2024,11,0,4,3371,17,24,3342,0,1,9,-32.587355,152.127351,43,1,0,0,3,0,0,0,2,0,0,110,2,4552,5151,8,10,40,1,0,1,0,1
1362601,2,2024,2024,11,5,8,133,10,5,121,0,1,1,-31.632297,152.773802,56,2,1,0,3,0,0,0,3,0,7,70,1,1259,5151,8,5,40,1,0,0,1,0
1362603,2,2024,2024,1,2,9,196,10,7,168,0,1,9,-33.974305,151.01704,15,0,2,1,3,0,0,0,0,0,15,60,2,1669,1669,3,33,0,2,0,0,1,0
1362606,1,2024,2024,6,1,5,1052,14,77,928,0,1,3,-33.517228,151.196148,16,1,2,0,3,0,0,0,2,0,7,90,2,14295,14295,3,5,0,2,0,0,0,1
1362608,2,2024,2024,11,3,8,1052,14,58,928,0,1,3,-33.222597,151.431868,16,1,2,1,3,0,0,3,2,0,7,110,2,9859,9859,8,0,40,1,0,0,1,0
1362610,4,2024,2024,8,3,3,232,36,134,331,0,1,2,-33.957708,150.827146,41,0,2,1,2,0,3,0,0,0,7,80,2,3775,3775,0,5,0,2,0,1,1,0
1362612,4,2024,2024,0,2,6,2,27,2,7,0,1,1,-32.409796,151.596032,51,2,1,0,0,0,0,0,2,0,7,80,1,3775,3775,0,16,13,2,0,1,0,0
1362613,2,2024,2024,8,2,11,2,1,13,34609,0,1,1,-35.792275,150.229436,23,2,1,1,2,0,3,4,0,0,7,50,0,9859,9859,8,21,40,1,0,0,1,0
1362614,4,2024,2024,0,1,8,100,27,127,100,0,1,10,-33.832048,150.855482,24,0,2,1,0,0,0,0,2,0,15,70,2,775,775,4,0,19,2,0,1,0,0
1362616,2,2024,2024,0,3,7,25,31,646,34609,1,0,1,-33.922529,151.034696,15,0,2,1,1,0,0,0,2,0,7,50,0,4026,4026,1,5,13,5,0,0,1,0
1362618,4,2024,2024,8,0,8,2,27,56,34609,0,1,1,-35.119403,147.398572,75,2,1,1,0,2,0,0,2,0,7,50,0,1282,1282,1,33,40,1,0,1,0,0
1362619,2,2024,2024,8,0,6,224,27,26,321,0,1,9,-33.91399,151.201049,69,0,2,1,1,0,0,0,2,0,7,50,2,1220,1220,9,0,28,2,0,0,1,0
1362620,2,2024,2024,8,0,7,40,10,9,174,0,1,1,-32.794717,151.349164,17,2,1,1,0,0,0,0,2,0,7,80,2,1109,787,1,0,5,2,0,0,1,0
1362621,2,2024,2024,8,5,9,65,27,646,563,0,1,10,-33.929707,151.038403,15,0,2,1,2,0,0,0,0,2,7,70,2,6545,6545,4,5,0,3,0,0,2,0
1362622,2,2024,2024,6,2,9,916,17,44,917,0,1,1,-32.090717,150.868335,73,1,0,1,0,0,3,4,0,0,7,100,2,9859,9859,8,5,40,1,0,0,1,0
1362624,1,2024,2024,8,4,9,85,27,53,145,0,1,9,-33.799313,151.054031,54,0,2,1,0,0,0,0,3,0,0,70,2,926,926,4,5,19,2,0,0,0,1
1362625,2,2024,2024,8,3,7,39,27,57,147,0,1,1,-28.636556,153.55423,10,2,1,1,0,0,0,0,2,0,7,60,1,43,43,3,30,0,3,0,0,1,0
1362626,4,2024,2024,6,1,0,35,27,137,96,1,0,2,-32.957488,151.68314,37,0,2,1,2,0,0,0,0,0,7,60,2,1945,1945,5,0,40,1,0,1,0,0
1362627,1,2024,2024,6,2,4,4,17,63,4,0,1,2,-28.178432,153.521365,72,2,1,1,1,0,0,0,2,0,0,60,2,14295,14295,3,0,19,2,0,0,0,2
1362628,4,2024,2024,8,5,3,17,25,71,34609,0,1,10,-33.971056,151.077455,25,0,2,1,0,0,0,0,2,0,0,50,0,1945,1945,5,15,40,1,0,1,0,0
1362630,2,2024,2024,6,0,7,5,7,23,34609,0,1,9,-33.724482,150.808979,7,0,2,1,1,0,0,0,2,0,7,50,0,6545,6545,4,5,5,2,0,0,2,0
1362631,2,2024,2024,6,4,4,3371,17,28,3342,0,1,2,-31.829331,152.61875,43,1,0,1,0,0,0,0,2,0,7,100,2,204,204,1,3,10,3,0,0,1,0
1362633,1,2024,2024,8,5,5,111,27,150,233,0,1,9,-33.933464,151.230307,4,0,2,1,0,0,0,0,2,2,15,60,2,2852,2852,4,5,5,2,0,0,0,1
1362635,4,2024,2024,6,1,8,1,25,93,34609,0,1,9,-33.392399,149.602645,3,2,1,1,0,0,0,0,3,0,7,50,0,6545,6545,4,5,0,2,0,1,1,0
1362636,4,2024,2024,8,2,9,35,1,43,52,0,1,9,-33.724915,150.788253,7,0,2,1,2,0,0,0,3,2,7,70,1,5929,5929,1,0,0,3,0,1,2,0
1362637,2,2024,2024,6,0,4,3371,17,463,3342,0,1,2,-30.28641,153.124616,19,2,1,1,1,0,0,0,2,0,7,60,2,1981,1981,4,5,27,2,0,0,1,0
1362638,2,2024,2024,0,1,9,2209,17,201,2205,0,1,1,-34.883401,150.603779,63,2,1,1,2,0,0,3,0,0,7,70,2,9859,9859,8,10,40,1,0,0,1,0
1362639,1,2024,2024,6,0,8,37,31,523,198,0,1,1,-33.926691,150.921613,41,0,2,1,2,0,3,4,0,0,7,60,2,1981,1981,4,10,5,2,0,0,0,1
1362641,4,2024,2024,6,3,8,916,17,12,917,0,1,1,-31.879347,150.880012,73,1,0,0,0,0,0,3,2,0,7,100,2,3775,3775,0,19,0,2,0,1,1,0
1362642,2,2024,2024,6,0,2,17,31,460,106,0,1,1,-33.833033,150.988173,21,0,2,1,2,0,0,0,1,0,7,60,1,2040,2040,9,5,28,2,0,0,1,0
1362643,2,2024,2024,8,3,8,8,31,49,34609,0,1,9,-33.929826,151.150123,4,0,2,1,1,0,3,4,3,0,7,50,0,340,340,9,5,28,2,0,0,1,0
1362644,4,2024,2024,6,6,6,2261,17,44,2252,0,1,2,-33.895841,150.954858,24,0,2,1,1,0,0,0,2,0,7,70,2,1981,1981,4,0,19,3,0,1,0,0
1362645,2,2024,2024,8,0,5,14,27,163,74,0,1,9,-33.857015,151.103425,14,0,2,1,0,0,0,0,2,0,9,40,1,1220,1220,9,5,28,2,0,0,1,0
1362647,2,2024,2024,6,0,11,2,4,28,34609,0,1,9,-34.551631,150.838235,62,0,2,1,2,0,0,0,0,0,7,50,0,9859,9859,1,5,13,3,0,0,1,0
1362648,2,2024,2024,5,5,9,1,27,8,34609,0,1,1,-31.009013,152.719989,34,1,0,1,0,0,0,0,0,0,7,100,0,4026,4026,8,5,40,1,0,0,1,0
1362651,2,2024,2024,6,4,3,4,31,83,37,0,1,1,-33.915995,151.117531,15,0,2,1,2,0,3,3,1,0,7,50,1,9859,9859,8,5,40,1,0,0,1,0
1362652,2,2024,2024,5,5,3,866,17,187,793,0,1,2,-33.796525,150.985562,54,0,2,0,1,0,3,4,2,0,7,70,2,1282,1282,1,33,5,3,0,0,2,0
1362653,2,2024,2024,6,2,10,105,27,67,109,0,1,9,-33.877865,150.893476,24,0,2,1,2,0,0,0,0,2,7,60,1,5929,5929,1,30,5,2,0,0,5,1
1362654,4,2024,2024,5,5,3,39,27,16,80,0,1,7,-32.977919,151.7077,37,0,2,1,1,0,0,0,2,0,0,60,1,6545,6545,4,10,27,2,0,1,0,0
1362656,4,2024,2024,5,4,9,6,27,6,34609,0,1,1,-33.429888,150.819573,29,2,2,1,0,0,0,0,0,0,7,70,0,9859,9859,8,16,40,1,0,2,0,0
1362658,4,2024,2024,5,2,7,114,27,34,228,0,1,1,-33.466969,150.986675,71,0,2,0,1,0,0,0,2,0,7,80,2,1850,1463,5,16,40,1,0,1,0,0
1362659,4,2024,2024,5,3,7,62,27,17,166,0,1,2,-33.23008,151.424646,16,2,2,1,1,0,0,0,2,0,7,60,2,1109,787,1,16,13,2,0,1,0,0
1362660,2,2024,2024,5,3,7,3,10,29,34609,0,1,1,-33.741766,150.786299,7,0,2,1,1,0,0,0,2,0,7,50,0,1282,1282,1,16,40,1,0,0,1,0
1362662,4,2024,2024,5,6,8,126,1,226,144,0,1,9,-33.775701,150.815107,7,0,2,1,2,0,0,0,2,0,7,60,2,775,775,4,5,19,3,0,1,2,0
1362663,4,2024,2024,5,0,7,115,27,113,173,0,1,1,-34.375786,150.833008,80,0,2,1,1,0,0,0,2,0,7,100,2,14295,14295,3,29,35,2,0,2,0,0
1362664,1,2024,2024,5,6,3,9,10,65,34609,0,1,7,-36.034153,146.9983,0,2,1,1,2,0,0,1,1,0,0,60,0,6545,6545,4,34,0,2,0,0,0,3
1362665,2,2024,2024,5,4,8,1052,14,149,928,0,1,6,-33.342302,151.371223,16,1,2,1,0,0,0,0,2,0,7,110,2,14295,14295,3,16,13,2,0,0,1,0
1362669,4,2024,2024,5,1,6,22,27,4,34609,0,1,1,-34.837154,150.550876,63,2,1,1,0,0,0,0,2,0,7,80,0,1945,1945,5,16,40,1,0,1,0,0
1362671,2,2024,2024,5,5,10,222,27,562,34609,0,1,7,-32.270191,148.626793,22,2,1,1,2,0,3,4,0,0,0,60,0,3775,3775,0,5,0,2,0,0,1,0
1362673,2,2024,2024,5,2,11,11,31,15,102,0,1,1,-34.557816,148.378872,30,2,1,0,0,0,3,4,0,0,7,50,2,4552,5151,8,10,40,1,0,0,1,0
1362674,2,2024,2024,5,3,8,44,1,126,34609,0,1,1,-33.909796,150.816508,41,0,2,1,1,0,0,0,2,0,7,50,0,340,340,9,0,28,2,0,0,1,0
1362676,4,2024,2024,1,0,11,1104,14,445,962,0,1,3,-33.842987,151.044315,21,0,2,1,0,0,0,6,0,0,7,90,2,9859,9859,8,16,40,1,0,1,0,0
1362677,2,2024,2024,5,2,2,3371,17,463,3342,0,1,2,-30.27801,153.133422,19,2,1,0,2,0,0,0,1,0,7,60,2,4552,5151,8,5,40,1,0,0,1,0
1362679,4,2024,2024,5,0,10,18,27,433,41,0,1,10,-33.287824,149.049612,52,2,1,1,0,0,0,3,0,0,7,80,2,9859,9859,8,5,40,1,0,1,0,0
1362683,4,2024,2024,6,3,0,4,27,137,34609,0,1,1,-33.901132,150.912891,24,0,2,0,2,0,3,3,0,0,7,50,0,4552,5151,8,10,40,1,0,1,0,0
1362684,2,2024,2024,5,4,7,82,31,179,369,0,1,10,-33.764054,150.709933,55,0,2,0,1,0,0,0,2,2,7,70,2,1383,1383,1,30,0,2,0,0,1,0
1362685,2,2024,2024,1,5,5,40,27,59,39,0,1,10,-33.184229,151.490337,37,0,2,1,0,0,0,0,2,0,15,60,1,775,775,4,5,13,2,0,0,1,1
1362690,4,2024,2024,1,4,2,2209,17,35,2205,0,1,1,-35.469585,150.348636,63,1,0,0,0,0,0,0,0,0,7,100,2,1259,5151,8,5,40,1,0,2,0,0
1362698,2,2024,2024,1,3,5,2209,17,7,2205,0,1,1,-35.153615,150.451332,63,1,0,1,0,0,0,0,2,0,7,100,2,3775,3775,0,5,0,2,0,0,1,0
1362703,4,2024,2024,5,1,6,283,27,197,702,1,0,9,-33.949471,151.080762,25,0,2,1,1,0,0,0,2,2,7,60,2,1282,1282,1,16,0,2,0,1,0,0
1362705,2,2024,2024,1,3,10,35,31,119,34609,0,1,9,-32.755812,151.763558,57,2,1,0,0,0,0,0,0,0,7,50,0,2040,2040,9,10,28,2,0,0,1,0