Crash ID,Degree of crash - detailed,Reporting year,Year of crash,Month of crash,Day of week of crash,Two-hour intervals,Street of crash,Street type,Town,Route no.,School zone location,School zone active,Type of location,Latitude,Longitude,LGA,Urbanisation,Conurbation 1,Alignment,Street lighting,Road surface,Surface condition,Weather,Natural lighting,Signals operation,Other traffic control,Speed limit,Road classification,RUM - code,DCA - code,First impact type,Key TU type,Other TU type,No. of traffic units involved,No. killed,No. seriously injured,No. moderately injured,No. minor-other injured
1362706,1,2024,2024,1,5,7,265,17,2,193,0,1,1,-34.083626,148.518606,30,1,0,0,0,0,0,0,2,0,7,100,2,4552,5151,8,8,40,1,0,0,0,1
1362708,2,2024,2024,5,5,6,143,31,173,181,0,1,10,-33.881533,151.219068,69,0,2,1,1,0,0,0,2,2,9,50,2,591,591,1,22,18,2,0,0,1,0
1362709,4,2024,2024,1,3,3,3371,17,40,3342,0,1,2,-31.51544,152.794807,56,1,0,0,0,0,0,0,1,0,7,110,2,1259,5151,8,0,40,1,0,1,0,0
1362710,4,2024,2024,1,5,3,162,31,532,24,0,1,10,-33.86874,151.205277,69,0,2,1,1,0,0,0,1,2,7,40,1,6545,6545,4,9,5,2,0,1,0,1
1362712,2,2024,2024,5,6,8,500,27,145,799,0,1,2,-33.929035,151.074502,15,0,2,1,1,0,0,0,2,0,7,60,2,1282,1282,1,5,5,4,0,0,1,0
1362717,1,2024,2024,1,3,1,916,17,9,917,0,1,2,-32.708862,151.424969,42,1,0,0,0,0,0,0,0,0,7,90,2,1089,1089,7,0,40,1,0,0,0,1
1362720,1,2024,2024,1,3,8,11,27,5,34609,0,1,1,-28.487165,153.383696,10,1,0,0,0,0,0,0,2,0,7,100,0,4552,5151,8,16,40,1,0,0,0,1
1362724,4,2024,2024,1,0,7,29,31,88,15,0,1,1,-33.752575,150.848883,7,0,2,1,2,0,0,0,2,0,7,60,1,1109,787,1,5,5,2,0,1,0,0
1362726,4,2024,2024,1,4,7,280,10,314,240,0,1,9,-33.855174,150.945241,24,0,2,1,0,0,0,0,2,0,0,60,2,1109,397,1,9,0,2,0,1,0,0
1362729,4,2024,2024,1,2,9,3371,17,92,3342,0,1,2,-33.400413,151.348033,16,2,2,1,0,0,0,0,0,0,7,60,2,4026,4026,8,10,40,1,0,1,0,0
1362730,4,2024,2024,5,1,6,27,27,6,34609,0,1,1,-31.894438,152.254182,43,1,0,0,0,0,0,0,2,0,7,100,0,2585,4009,8,0,40,1,0,1,0,0
1362731,4,2024,2024,1,1,7,126,27,23,168,0,1,2,-34.060156,150.781956,13,0,2,0,1,0,0,0,2,0,7,80,2,1850,1463,5,16,40,1,0,1,0,0
1362732,2,2024,2024,11,4,7,293,31,562,34609,0,1,2,-32.24725,148.601299,22,2,1,1,0,0,0,0,2,0,7,50,0,248,248,1,5,0,2,0,0,2,0
1362734,4,2024,2024,8,0,7,50,27,166,799,0,1,1,-33.898263,151.177225,32,0,2,1,1,0,0,0,2,0,7,40,2,312,312,2,5,40,1,0,1,0,0
1362735,4,2024,2024,1,3,6,8,27,5,35,0,1,1,-28.381777,152.651265,51,1,0,0,0,0,0,0,2,0,7,100,1,1850,1463,5,16,40,1,0,1,0,0
1362736,2,2024,2024,1,4,5,71,36,26,61,0,1,1,-34.552561,146.004943,51,1,0,1,0,0,0,0,2,0,7,100,2,3775,3775,0,0,32,2,0,0,1,0
1362738,4,2024,2024,6,0,5,99,31,237,105,0,1,9,-33.867663,150.948708,24,0,2,1,1,0,3,3,2,0,7,60,1,5929,5929,1,5,0,2,0,2,0,0
1362739,4,2024,2024,1,2,5,8,10,86,34609,0,1,7,-33.742097,150.922798,7,0,2,1,1,0,0,0,2,0,0,50,0,395,395,1,0,19,2,0,1,1,0
1362741,4,2024,2024,11,0,7,220,27,323,222,0,1,9,-33.763474,150.957951,71,0,2,1,1,0,0,0,2,0,15,80,2,5929,5929,1,5,5,2,0,2,0,0
1362744,2,2024,2024,5,4,6,74,27,36,260,0,1,2,-32.959778,151.613748,37,0,2,1,0,0,0,0,2,0,7,80,2,14295,14295,3,10,0,3,0,0,1,0
1362745,2,2024,2024,5,0,11,153,27,197,147,0,1,9,-33.957709,151.071976,25,0,2,1,2,0,0,0,0,0,7,60,2,591,591,1,22,5,2,0,0,1,0
1362746,4,2024,2024,11,0,8,10,27,51,34609,0,1,1,-34.469237,150.796121,80,0,2,0,0,0,0,0,3,0,7,80,0,3775,3775,0,5,0,2,0,4,0,0
1362747,4,2024,2024,11,5,9,25,31,445,103,0,1,10,-33.864209,151.036077,21,0,2,1,2,0,0,0,0,2,7,50,1,2852,2852,4,5,40,2,0,1,0,0
1362748,4,2024,2024,1,3,5,19,27,10,16,0,1,1,-31.577442,152.498195,56,1,0,0,0,0,0,0,2,0,7,100,1,418,714,5,16,40,1,0,1,0,0
1362751,4,2024,2024,11,4,0,21,27,79,34609,0,1,1,-33.551575,150.745642,29,2,2,0,0,0,0,0,0,0,7,80,0,4552,5151,8,34,40,1,0,1,0,0
1362753,2,2024,2024,1,0,6,19,31,433,40,0,1,2,-33.28564,149.103324,52,2,1,1,0,0,0,0,2,0,7,50,1,3775,3775,0,5,0,2,0,0,1,0
1362756,4,2024,2024,1,2,9,28,27,43,28,0,1,1,-32.806914,151.850308,57,2,1,1,0,0,0,0,0,0,7,80,1,1220,1220,9,0,28,2,0,1,0,0
1362757,4,2024,2024,11,4,5,89,36,13,81,0,1,1,-34.104439,148.742263,30,1,0,0,0,0,3,3,2,0,7,100,2,2585,4009,8,0,40,1,0,1,0,0
1362758,2,2024,2024,6,6,9,61,31,92,45,0,1,9,-33.869498,150.963241,24,0,2,1,2,0,0,0,0,0,4,60,1,515,515,1,5,0,2,0,0,1,0
1362759,2,2024,2024,1,2,9,65,31,609,115,0,1,10,-33.768897,150.904354,7,0,2,1,2,0,0,0,3,2,7,60,2,6545,6545,4,5,5,3,0,0,1,0
1362760,4,2024,2024,1,0,3,829,27,159,770,0,1,9,-33.805772,151.076781,61,0,2,0,1,0,0,0,2,0,7,70,2,4552,5151,8,16,40,1,0,1,0,0
1362761,2,2024,2024,1,6,7,13,3,370,256,0,1,10,-34.066683,150.819605,13,0,2,1,1,0,0,0,2,2,7,60,2,2852,2852,4,0,13,2,0,0,1,0
1362762,4,2024,2024,11,1,10,344,27,61,163,0,1,2,-33.754209,150.890215,7,0,2,1,2,0,0,0,0,0,7,60,2,4026,4026,8,5,40,2,0,1,1,1
1362766,2,2024,2024,1,2,2,125,27,21,144,0,1,2,-32.791246,151.958295,57,1,0,1,0,0,3,4,1,0,7,100,2,9859,9859,8,0,40,1,0,0,1,0
1362769,4,2024,2024,11,5,7,6,31,159,34609,0,1,1,-33.814627,151.080339,61,0,2,1,0,0,0,0,2,0,7,50,0,1981,1981,4,30,5,2,0,1,1,1
1362773,2,2024,2024,1,0,4,3371,17,41,3342,0,1,2,-32.816632,151.695886,57,2,1,1,1,0,3,0,2,0,7,80,2,1192,1192,1,0,0,3,0,0,1,1
1362780,1,2024,2024,1,6,9,1,1,28,260,0,1,7,-32.945496,151.62324,37,0,2,1,3,0,0,0,0,0,7,50,2,14295,14295,3,0,12,2,0,0,0,1
1362781,4,2024,2024,6,6,7,3,27,112,34609,0,1,9,-33.444517,151.426753,16,2,2,0,1,0,0,0,2,0,7,50,0,2852,2852,4,5,5,2,0,1,0,0
1362784,1,2024,2024,1,0,8,193,27,32,41,0,1,9,-33.982732,151.126996,25,0,2,0,2,0,3,4,3,0,0,60,1,2852,2852,4,21,27,2,0,0,0,1
1362787,2,2024,2024,11,5,9,22,31,129,34609,0,1,7,-33.893959,151.102172,9,0,2,1,1,0,0,0,3,0,0,50,0,6545,6545,4,0,18,2,0,0,1,0
1362788,2,2024,2024,11,0,6,2126,17,93,2149,0,1,2,-33.418421,149.599986,3,2,1,1,1,0,0,0,2,0,7,70,2,14295,14295,3,19,13,3,0,0,1,0
1362791,2,2024,2024,11,1,1,2209,17,48,2205,0,1,7,-36.665039,149.826601,5,2,1,0,2,0,0,0,0,0,0,80,2,1259,5151,8,30,40,1,0,0,1,0
1362792,1,2024,2024,1,1,11,30,27,646,34609,0,1,1,-33.93263,151.026797,15,0,2,1,2,0,0,0,0,0,7,50,0,14295,14295,3,33,27,2,0,0,0,1
1362793,4,2024,2024,11,5,8,40,27,73,34609,0,1,9,-35.139645,147.375376,75,2,1,1,0,0,0,0,3,0,7,60,0,3775,3775,0,5,5,2,0,1,0,0
1362799,4,2024,2024,1,3,9,21,31,179,66,0,1,9,-31.902394,152.446415,43,2,1,0,2,0,3,0,0,0,15,60,1,3775,3775,0,5,13,2,0,1,2,1
1362800,4,2024,2024,11,1,7,133,31,133,97,0,1,1,-33.916062,151.000244,15,0,2,1,1,0,0,0,2,0,7,60,1,340,340,9,0,28,2,0,1,0,0
1362802,1,2024,2024,1,6,2,866,17,278,793,0,1,9,-33.777714,151.051952,54,0,2,1,2,0,0,0,0,2,7,60,2,5929,5929,1,0,12,2,0,0,0,1
1362804,4,2024,2024,1,1,11,361,23,79,165,0,1,9,-33.968743,151.123372,25,0,2,1,2,0,0,0,0,0,0,50,1,775,775,4,5,5,2,0,1,0,0
1362805,4,2024,2024,11,5,6,161,17,6,161,0,1,9,-35.335798,148.173694,66,2,1,0,0,0,0,0,2,0,0,80,2,4552,5151,8,0,40,1,0,1,0,0
1362809,1,2024,2024,11,5,4,57,31,77,321,0,1,1,-33.887822,151.201508,69,0,2,1,0,0,0,0,2,0,7,50,2,1981,1981,4,5,27,2,0,0,0,1
1362811,2,2024,2024,5,3,7,11,10,85,34609,0,1,9,-33.782086,150.670488,55,0,2,0,1,0,0,0,2,0,7,50,0,3775,3775,0,16,0,3,0,0,1,0
1362815,1,2024,2024,1,5,5,29,31,139,69,0,1,1,-33.87448,151.134021,32,0,2,1,1,0,0,0,2,0,7,60,2,14295,14295,3,5,0,2,0,0,0,1
1362816,4,2024,2024,6,1,5,1052,14,83,928,0,1,3,-33.476406,151.189983,16,1,2,1,0,0,0,0,2,0,7,110,2,14295,14295,3,5,35,2,0,1,0,0
1362817,2,2024,2024,11,6,5,2126,17,106,2149,0,1,10,-33.885161,151.184532,69,0,2,1,2,0,0,0,2,2,7,60,2,9859,9859,8,10,40,1,0,0,1,0
1362820,2,2024,2024,1,4,7,177,31,77,208,0,1,7,-33.86314,150.947485,24,0,2,1,1,0,0,0,2,0,0,60,1,6545,6545,4,5,19,2,0,0,1,0
1362825,4,2024,2024,6,5,8,8,27,13,34609,0,1,1,-33.519134,149.949069,40,2,1,0,0,0,0,0,2,0,7,80,0,4552,5151,8,16,40,1,0,1,0,0
1362826,2,2024,2024,1,5,3,62,10,91,169,0,1,2,-32.810429,151.644968,48,0,2,1,0,0,3,3,2,0,7,80,2,4026,4026,8,9,40,1,0,0,1,0
1362829,2,2024,2024,11,2,10,195,27,42,186,0,1,10,-33.894345,150.857193,24,0,2,0,2,0,0,0,0,2,7,70,2,14295,14295,3,16,5,5,0,0,2,0
1362831,4,2024,2024,1,2,11,1,31,60,34609,0,1,1,-33.831447,151.134544,51,0,2,1,2,0,0,0,0,0,7,50,0,9859,9859,1,10,5,5,0,1,0,0
1362833,2,2024,2024,11,4,5,7,31,562,34609,0,1,1,-32.251541,148.621686,22,2,1,1,0,0,0,0,2,0,7,50,0,1109,787,1,5,0,2,0,0,1,0
1362834,2,2024,2024,1,4,4,1104,14,438,962,0,1,3,-33.838987,151.036933,54,0,2,1,1,0,0,0,2,0,7,90,2,14295,14295,3,29,10,2,0,0,1,0
1362835,2,2024,2024,11,2,8,1,18,145,34609,0,1,9,-33.927281,151.132335,15,0,2,1,0,0,0,0,2,0,7,50,0,4026,4026,8,5,40,1,0,0,1,0
1362836,2,2024,2024,11,5,8,5,10,18,34609,0,1,10,-32.700927,151.540926,42,2,1,1,2,0,0,0,3,0,0,50,0,5929,5929,1,0,5,2,0,0,2,0
1362839,2,2024,2024,1,2,10,9,1,226,34609,0,1,7,-33.769736,150.819466,7,0,2,1,2,0,0,0,0,0,0,50,0,14295,14295,3,0,5,2,0,0,2,0
1362842,4,2024,2024,11,6,0,2126,17,438,2149,0,1,10,-33.843429,151.03973,21,0,2,1,2,0,0,0,0,2,6,60,2,5929,5929,1,0,0,2,0,1,0,0
1362843,2,2024,2024,1,0,6,36,27,10,83,0,1,1,-29.43218,153.265923,18,1,0,1,0,0,0,0,2,0,7,90,1,14295,14295,3,10,0,2,0,0,2,0
1362846,4,2024,2024,1,0,8,866,17,171,793,0,1,9,-33.805898,150.970119,54,0,2,1,1,0,0,0,2,2,7,70,2,6545,6545,4,10,13,3,0,1,0,0
1362849,2,2024,2024,7,5,7,120,36,9,148,0,1,9,-30.350818,152.443788,18,1,0,1,0,0,0,0,2,0,7,100,2,5929,5929,1,8,5,2,0,0,1,0
1362851,2,2024,2024,11,3,0,2209,17,166,2205,0,1,1,-33.897489,151.178933,32,0,2,1,2,0,0,0,0,0,7,40,2,1220,1220,9,0,28,2,0,0,1,0
1362852,4,2024,2024,11,4,9,49,27,52,62,0,1,2,-33.691221,150.920261,7,0,2,0,2,0,0,0,0,0,7,70,2,1957,4009,8,16,40,1,0,1,0,0
1362853,4,2024,2024,1,1,5,500,27,293,799,0,1,10,-33.932465,151.049502,15,0,2,1,1,0,3,4,2,2,7,60,2,5929,5929,1,5,41,2,0,1,0,0
1362854,4,2024,2024,11,2,3,1,27,6,34609,0,1,1,-36.738833,149.706333,5,1,0,0,0,0,0,0,2,0,7,100,0,782,957,5,16,40,1,0,1,0,0
1362855,4,2024,2024,11,0,4,2126,17,171,2149,0,1,10,-33.815483,150.969528,21,0,2,1,0,0,0,0,2,2,7,80,2,301,301,4,0,0,2,0,1,0,0
1362856,2,2024,2024,5,3,4,2,27,36,34609,0,1,1,-35.439309,149.857494,58,1,0,1,0,0,0,0,2,0,7,100,0,1669,1669,3,10,13,2,0,0,2,1
1362858,4,2024,2024,5,0,8,346,17,9,332,0,1,1,-28.905382,152.43681,51,1,0,0,0,0,0,0,0,0,7,100,2,782,957,5,0,40,1,0,2,0,0
1362859,4,2024,2024,11,2,11,1,27,18,34609,0,1,1,-34.972525,150.715214,63,1,0,0,0,0,0,0,0,0,7,100,0,4552,5151,8,30,40,1,0,1,0,0
1362860,1,2024,2024,11,5,9,54,31,28,62,0,1,1,-33.792686,151.195614,77,0,2,1,2,0,0,0,3,0,7,60,2,1192,1192,1,5,18,2,0,0,0,1
1362861,4,2024,2024,11,3,2,10,27,8,39,0,1,1,-30.934102,149.045636,51,1,0,1,0,0,0,0,0,0,7,100,1,1945,1945,5,10,40,1,0,3,0,0
1362863,1,2024,2024,11,1,4,37,27,7,41,0,1,7,-28.818887,153.284338,39,2,1,1,1,0,0,0,2,0,0,50,1,6545,6545,4,30,27,2,0,0,0,1
1362865,4,2024,2024,11,3,5,114,27,10,65,0,1,1,-33.463278,151.12605,16,2,2,1,0,0,3,3,2,0,7,80,1,1945,1945,5,22,40,1,0,1,0,0
1362868,1,2024,2024,11,2,0,213,17,4,213,0,1,1,-29.723121,150.933619,33,1,0,1,0,0,0,0,0,0,7,100,2,475,475,5,10,40,1,0,0,0,1
1362869,4,2024,2024,1,2,7,26,10,370,68,0,1,10,-34.073537,150.800594,13,0,2,1,1,0,0,0,2,2,7,60,1,2852,2852,4,0,5,2,0,1,0,0
1362870,4,2024,2024,11,5,4,103,36,17,66,0,1,1,-32.013319,152.259152,43,2,1,0,0,0,0,0,2,0,7,80,1,4552,5151,8,16,40,1,0,1,0,0
1362871,4,2024,2024,11,6,3,344,27,164,163,0,1,2,-33.745911,150.877837,7,0,2,1,1,0,0,0,2,0,7,70,2,1220,1220,9,5,28,2,0,1,0,0
1362872,2,2024,2024,11,5,8,33,31,61,34609,0,1,1,-29.742624,151.731622,51,2,1,1,0,0,0,0,3,0,7,50,0,9859,9859,8,5,40,1,0,0,1,0
1362874,4,2024,2024,5,5,5,6,27,84,25,0,1,1,-33.47309,151.398751,16,2,2,1,0,0,0,0,2,0,7,60,1,121,121,9,9,28,2,0,1,0,0
1362875,4,2024,2024,5,1,8,7,27,144,34609,0,1,1,-34.049883,151.012816,68,0,2,0,2,0,0,0,2,0,7,50,0,2585,4009,1,30,0,2,0,1,0,0
1362878,2,2024,2024,1,0,3,61,31,32,45,0,1,1,-33.8689,150.966047,24,0,2,1,0,0,0,0,2,0,7,60,1,1109,397,1,0,12,2,0,0,1,0
1362880,4,2024,2024,11,5,7,15,27,23,34609,0,1,1,-34.044876,150.811623,13,0,2,0,1,0,0,0,2,0,7,60,0,1220,1220,9,5,28,2,0,1,0,0
1362886,2,2024,2024,1,1,4,829,27,363,770,0,1,10,-33.809198,151.009544,54,0,2,1,1,0,0,0,2,0,15,60,2,6545,6545,4,5,0,3,0,0,1,1
1362889,1,2024,2024,11,1,11,37,23,443,78,0,1,9,-33.907175,151.060292,15,0,2,1,2,0,0,0,0,0,0,60,2,623,623,3,10,18,2,0,0,0,1
1362891,4,2024,2024,11,0,8,165,31,128,369,0,1,1,-33.631144,150.792115,29,2,2,1,0,0,0,0,2,0,7,60,2,1981,1981,4,5,19,2,0,1,0,0
1362892,4,2024,2024,11,2,9,77,31,163,69,0,1,10,-33.865795,151.105985,14,0,2,1,2,0,0,0,0,2,7,60,2,6545,6545,4,15,0,2,0,1,1,0
1362895,4,2024,2024,5,5,7,1052,14,118,928,0,1,3,-33.367703,151.327338,16,1,2,0,0,0,3,4,2,0,7,110,2,1192,1192,1,9,0,2,0,1,0,0
1362902,4,2024,2024,11,5,7,12,31,87,34609,0,1,7,-28.813196,153.287233,39,2,1,1,1,0,0,0,2,0,0,50,0,6545,6545,4,8,19,2,0,1,0,0
1362903,4,2024,2024,1,1,8,26,10,8,68,0,1,7,-34.078849,150.797731,13,0,2,0,2,0,0,0,3,0,0,60,1,6545,6545,4,5,19,2,0,1,0,0
1362905,1,2024,2024,11,4,9,162,31,387,34609,0,1,1,-33.928684,151.187743,4,0,2,1,2,0,0,0,0,0,7,50,0,1109,397,1,30,27,2,0,0,0,1
1362907,2,2024,2024,11,5,9,2,31,194,34609,0,1,7,-30.512915,151.658635,1,2,1,1,2,0,0,0,0,0,0,50,0,9859,9859,8,5,40,1,0,0,1,0
1362909,2,2024,2024,1,2,6,330,27,147,605,0,1,9,-33.745232,151.29423,50,0,2,1,1,0,0,0,2,1,7,60,2,14295,14295,3,5,36,2,0,0,1,0
1362912,4,2024,2024,5,5,6,1,31,293,34609,0,1,1,-33.939463,151.229493,59,0,2,1,1,0,0,0,2,0,7,50,0,368,368,9,9,28,3,0,1,0,0
1362914,2,2024,2024,11,3,0,294,17,33,288,0,1,1,-35.122332,147.324773,75,2,1,1,2,0,0,0,0,0,7,80,2,9859,9859,8,10,40,1,0,0,1,0
1362916,2,2024,2024,5,3,8,149,10,346,702,0,1,2,-33.885774,151.069048,67,0,2,0,2,0,0,0,3,0,7,70,2,2585,4009,8,16,40,1,0,0,1,0
1362917,4,2024,2024,1,4,9,18,1,225,34609,0,1,10,-33.800571,151.182526,77,0,2,1,0,0,0,0,3,0,0,50,0,2040,2040,9,15,28,2,0,1,0,0
1362919,2,2024,2024,5,6,8,92,27,129,244,0,1,9,-33.896526,151.103532,15,0,2,1,2,0,0,0,3,0,7,60,2,2852,2852,4,9,5,2,0,0,1,0
1362921,4,2024,2024,1,4,8,13,27,6,18,0,1,1,-32.041444,150.601408,73,1,0,1,0,0,0,0,2,0,7,100,1,9859,9859,8,0,40,1,0,1,0,0
1362926,1,2024,2024,8,3,8,3371,17,37,3342,0,1,9,-33.019453,151.668374,37,0,2,1,0,0,3,0,3,0,0,60,2,14295,14295,3,5,19,2,0,0,0,1
1362928,2,2024,2024,11,4,1,2261,17,346,2252,1,0,9,-33.892191,151.085159,67,0,2,1,2,0,0,0,0,0,7,60,2,9859,9859,8,10,40,1,0,0,1,0
1362930,2,2024,2024,11,5,2,13,27,46,34609,0,1,7,-35.154481,147.3694,75,2,1,1,2,0,0,1,0,0,0,60,0,6545,6545,4,10,0,2,0,0,1,0
1362931,4,2024,2024,11,0,10,1,4,80,34609,0,1,1,-33.745858,150.659219,55,0,2,1,2,0,0,0,0,0,7,50,0,4026,4026,1,34,5,3,0,1,0,1
1362932,2,2024,2024,11,3,11,45,27,47,44,0,1,2,-33.820545,151.150029,38,0,2,0,2,0,0,0,0,0,7,60,2,4552,5151,8,5,40,1,0,0,1,0
1362933,2,2024,2024,11,5,4,229,14,36,237,0,1,3,-33.763293,151.080418,31,0,2,0,1,0,0,0,2,0,7,80,2,14295,14295,3,9,5,2,0,0,1,0
1362935,4,2024,2024,1,2,5,5,10,90,34609,0,1,9,-28.232998,153.556339,72,2,1,0,1,0,0,0,2,0,0,50,0,1981,1981,4,10,27,2,0,1,0,0
1362936,2,2024,2024,1,6,7,84,27,252,31,0,1,1,-33.944452,150.883465,41,0,2,1,1,0,3,4,2,0,7,60,1,14295,14295,3,0,5,3,0,0,1,1
1362938,1,2024,2024,11,0,6,48,10,463,52,0,1,7,-30.302975,153.123869,19,2,1,1,1,0,0,3,2,0,0,50,1,395,395,1,0,0,2,0,0,0,2
1362943,2,2024,2024,5,6,7,8,27,239,34609,0,1,1,-34.039826,151.120473,68,0,2,1,1,0,0,0,2,0,7,50,0,2040,2040,9,19,28,2,0,0,1,0
1362944,2,2024,2024,1,2,7,4,27,30,34609,0,1,1,-34.728195,146.57061,51,2,1,0,0,0,0,0,2,0,7,70,0,4552,5151,8,5,40,1,0,0,1,0
1362945,4,2024,2024,11,3,5,3,31,124,34609,0,1,9,-33.81461,151.035819,54,0,2,1,1,0,0,0,2,0,0,50,0,9859,9859,8,5,40,1,0,1,0,0
1362946,1,2024,2024,11,6,7,22,10,387,64,0,1,10,-33.932276,151.18617,4,0,2,1,1,0,0,0,2,2,7,70,2,14295,14295,3,0,0,3,0,0,0,1
1362947,4,2024,2024,1,3,5,1,27,3,34609,0,1,1,-35.16706,147.290488,75,1,0,0,0,2,0,0,2,0,7,100,0,1850,1463,5,16,40,1,0,1,0,0
1362951,2,2024,2024,5,3,9,2209,17,68,2205,0,1,2,-34.082049,151.011125,68,0,2,1,2,0,0,0,3,0,7,70,2,14295,14295,3,16,0,3,0,0,1,0
1362955,4,2024,2024,1,0,9,1052,14,23,928,0,1,3,-33.310896,151.399796,16,1,2,1,2,0,0,0,0,0,7,110,2,4026,4026,8,5,40,1,0,1,0,0
1362956,4,2024,2024,5,6,6,39,36,18,79,0,1,9,-33.791451,151.206999,77,0,2,0,1,0,0,0,2,2,7,60,2,14295,14295,3,16,0,2,0,1,0,0
1362960,2,2024,2024,11,1,8,13,27,16,34609,0,1,9,-33.816146,151.091297,61,0,2,1,1,0,0,0,2,0,9,50,0,2040,2040,9,5,28,2,0,0,1,0
1362965,4,2024,2024,11,2,5,1,31,103,34609,0,1,10,-34.312032,148.303515,30,2,1,1,1,0,0,0,2,0,0,50,0,6545,6545,4,0,0,2,0,1,0,0
1362966,4,2024,2024,11,1,8,916,17,13,917,0,1,9,-32.555048,151.153775,64,2,1,1,0,0,0,0,2,0,0,60,2,2852,2852,4,0,13,2,0,1,1,0
1362978,1,2024,2024,11,0,4,1,27,6,34609,0,1,1,-33.815071,148.404359,51,1,0,0,0,2,0,0,2,0,7,100,0,1850,1463,5,16,40,1,0,0,0,1
1362980,2,2024,2024,5,2,8,89,17,11,34609,0,1,1,-34.357581,150.90062,80,0,2,0,1,0,0,0,2,0,7,60,0,2585,4009,8,5,40,2,0,0,1,0
1362981,4,2024,2024,11,5,6,14,1,54,233,0,1,10,-33.90156,151.222478,69,0,2,1,0,0,0,0,2,3,7,50,2,1945,1945,5,16,40,1,0,1,0,0
1362982,4,2024,2024,11,2,7,78,27,11,228,0,1,1,-33.082261,151.126974,17,2,1,0,0,0,0,0,2,0,7,80,1,782,957,5,11,40,1,0,1,0,0
1362984,2,2024,2024,6,2,10,171,31,363,34609,0,1,10,-33.818371,151.000545,54,0,2,1,2,0,3,4,0,2,9,40,0,1220,1220,9,5,28,2,0,0,1,1
1362995,4,2024,2024,0,6,7,171,1,387,104,0,1,9,-33.934073,151.199234,4,0,2,0,2,0,0,0,2,2,7,60,2,14295,14295,3,10,0,2,0,1,0,0
1362997,2,2024,2024,11,4,5,1,27,562,34609,0,1,9,-32.229596,148.630565,22,2,1,1,0,0,0,0,2,0,0,80,0,926,926,4,9,5,2,0,0,2,0
1362999,2,2024,2024,11,5,7,916,17,48,917,0,1,1,-29.020643,151.99734,51,2,1,0,0,0,0,0,2,0,7,80,2,3775,3775,0,10,5,2,0,0,3,0
1363002,4,2024,2024,11,1,10,346,17,12,332,0,1,1,-28.838947,152.872696,51,1,0,0,0,0,0,0,0,0,7,100,2,2585,4009,8,0,40,1,0,1,0,0
1363007,4,2024,2024,11,0,3,8,10,107,34609,1,0,1,-33.272339,151.425437,16,2,2,1,1,0,0,0,2,0,9,50,0,9859,9859,1,30,0,2,0,1,0,0
1363008,4,2024,2024,11,0,3,7,10,30,34609,0,1,9,-33.264013,151.428847,16,2,2,1,0,0,0,0,2,0,7,50,0,9859,9859,1,30,12,2,0,1,0,0
1363010,4,2024,2024,11,0,3,7,10,30,34609,0,1,9,-33.261235,151.426709,16,2,2,0,0,0,0,0,2,0,7,50,0,1957,4009,1,30,12,2,0,1,0,0
1363021,2,2024,2024,0,2,11,2261,31,228,39,0,1,2,-34.771781,149.692033,26,2,1,1,2,0,0,0,0,0,7,60,2,9859,9859,8,16,40,1,0,0,1,0
1363023,2,2024,2024,1,6,3,10,27,14,27,0,1,1,-33.71216,150.783211,7,0,2,1,3,0,0,0,2,0,7,80,1,9859,9859,8,10,40,1,0,0,1,0
1363027,4,2024,2024,6,1,5,24,27,57,36,0,1,1,-33.598717,150.975555,71,0,2,0,3,0,0,0,2,0,7,60,1,1259,5151,8,5,40,1,0,1,0,0
1363028,1,2024,2024,1,4,6,16,31,246,12,0,1,10,-33.904073,151.2011,69,0,2,1,3,0,0,0,2,2,7,50,1,6545,6545,4,5,36,2,0,0,0,4
1363031,2,2024,2024,1,6,7,112,27,109,256,0,1,10,-33.974638,150.856506,41,0,2,1,1,0,0,0,2,2,7,70,2,5929,5929,1,0,5,2,0,0,1,1
1363032,1,2024,2024,11,2,7,294,17,215,288,0,1,10,-35.118842,147.368836,75,2,1,1,3,0,0,0,2,2,7,60,2,5929,5929,1,10,0,3,0,0,0,8
1363033,2,2024,2024,11,6,6,59,27,109,34609,0,1,10,-33.960648,150.862336,41,0,2,1,3,0,0,0,2,2,7,60,0,6545,6545,4,0,5,2,0,0,1,0
1363034,4,2024,2024,1,2,10,27,10,57,20,0,1,2,-33.328713,151.427454,16,2,2,1,3,0,0,0,0,0,7,60,1,1109,787,1,10,36,2,0,1,1,0
1363037,4,2024,2024,11,4,5,21,31,179,70,0,1,10,-31.915552,152.457487,43,2,1,1,3,0,0,0,2,2,7,60,1,5929,5929,1,5,0,2,0,1,0,0
1363038,1,2024,2024,1,6,6,90,31,169,165,0,1,10,-33.903826,151.21416,69,0,2,1,3,0,0,0,2,0,7,60,2,404,404,8,5,40,1,0,0,0,1
1363040,1,2024,2024,1,1,4,133,31,646,97,0,1,9,-33.917514,151.023507,15,0,2,1,0,0,0,0,2,0,15,60,1,1669,1669,3,5,5,2,0,0,0,1
1363043,1,2024,2024,11,4,8,81,31,271,80,0,1,6,-33.936018,151.011514,15,0,2,0,3,0,0,0,2,2,9,60,1,14295,14295,3,10,13,2,0,0,0,1
1363045,2,2024,2024,11,1,4,4,27,70,34609,0,1,1,-33.981369,151.103476,25,0,2,1,3,0,0,0,2,0,7,50,0,941,941,1,5,5,2,0,0,1,0
1363049,1,2024,2024,11,5,6,44,31,304,34609,0,1,7,-33.907729,151.172557,32,0,2,1,3,0,0,0,2,0,0,50,0,2852,2852,4,0,5,2,0,0,0,1