Crash ID,Degree of crash - detailed,Reporting year,Year of crash,Month of crash,Day of week of crash,Two-hour intervals,Street of crash,Street type,Town,Route no.,School zone location,School zone active,Type of location,Latitude,Longitude,LGA,Urbanisation,Conurbation 1,Alignment,Street lighting,Road surface,Surface condition,Weather,Natural lighting,Signals operation,Other traffic control,Speed limit,Road classification,RUM - code,DCA - code,First impact type,Key TU type,Other TU type,No. of traffic units involved,No. killed,No. seriously injured,No. moderately injured,No. minor-other injured
1363050,1,2024,2024,11,5,7,19,27,182,174,0,1,10,-32.827217,151.354281,17,2,1,1,3,0,3,0,2,0,15,60,2,6545,6545,4,10,5,2,0,0,0,1
1363051,4,2024,2024,11,0,9,21,23,77,172,0,1,1,-33.034023,151.656728,37,0,2,1,3,0,0,0,0,0,7,40,2,1282,1282,1,16,40,1,0,1,0,0
1363054,1,2024,2024,11,1,5,2261,17,443,2252,0,1,9,-33.890426,151.05887,15,0,2,1,3,0,0,0,2,2,7,70,2,14295,14295,3,0,10,2,0,0,0,1
1363059,1,2024,2024,5,4,11,3371,17,131,3342,0,1,2,-33.784224,151.176547,36,0,2,0,3,0,3,4,0,0,7,60,2,1850,1463,5,16,40,1,0,0,0,1
1363062,1,2024,2024,11,1,8,35,31,90,262,0,1,10,-32.919001,151.742867,48,0,2,1,3,0,0,0,2,2,7,60,2,4,4,4,5,5,2,0,0,0,1
1363064,1,2024,2024,11,6,7,8,27,113,34609,0,1,9,-33.784305,150.721405,55,0,2,1,3,0,0,0,2,0,15,60,0,6545,6545,4,0,0,2,0,0,0,2
1363067,4,2024,2024,11,5,5,55,27,112,70,0,1,9,-33.71044,151.024752,31,0,2,1,1,0,0,0,2,2,7,60,2,14295,14295,3,8,5,3,0,1,0,0
1363069,1,2024,2024,5,5,9,154,27,136,244,0,1,1,-33.915581,151.067599,15,0,2,1,3,0,3,4,4,0,7,60,2,1109,787,1,5,5,2,0,0,0,1
1363074,1,2024,2024,11,3,4,89,36,10,81,0,1,1,-34.654179,148.813392,82,1,0,1,3,0,0,0,2,0,7,100,2,9859,9859,8,9,40,1,0,0,0,1
1363076,2,2024,2024,11,1,7,1,27,147,34609,0,1,1,-33.755917,151.282397,50,0,2,1,0,0,0,0,2,0,7,50,0,387,387,1,22,5,2,0,0,1,0
1363079,1,2024,2024,1,1,8,115,27,138,114,0,1,1,-33.869263,151.276893,76,0,2,1,3,0,0,0,2,0,7,50,2,5929,5929,1,5,0,2,0,0,0,1
1363081,2,2024,2024,11,1,3,3371,17,54,3342,0,1,1,-33.23005,151.502892,16,2,2,1,3,0,0,0,2,0,7,60,2,14295,14295,3,0,0,3,0,0,1,0
1363084,1,2024,2024,1,4,6,2126,17,140,2149,0,1,10,-33.779341,150.814351,7,0,2,1,3,0,0,0,2,2,7,80,2,5929,5929,1,5,5,2,0,0,0,1
1363086,1,2024,2024,11,4,5,2126,17,139,2149,0,1,2,-33.874588,151.127983,32,0,2,1,2,0,0,6,2,0,7,60,2,623,623,3,8,36,2,0,0,0,1
1363091,1,2024,2024,1,0,11,2,18,2,34609,0,1,1,-34.279439,149.023561,30,1,0,1,3,2,0,0,0,0,7,100,0,9859,9859,8,30,40,1,0,0,0,1
1363092,2,2024,2024,11,5,3,1052,14,77,928,0,1,3,-33.534002,151.20012,16,1,2,1,3,0,0,0,1,0,7,110,2,14295,14295,3,9,5,3,0,0,1,0
1363094,1,2024,2024,8,6,9,81,31,133,80,0,1,7,-33.930773,151.011523,15,0,2,1,3,0,0,0,3,0,0,60,1,1945,1945,5,0,40,1,0,0,0,1
1363098,1,2024,2024,11,0,4,36,31,314,38,0,1,10,-33.847709,150.922875,24,0,2,1,3,0,0,3,2,0,0,60,2,1669,1669,3,10,5,2,0,0,0,1
1363101,1,2024,2024,1,6,7,40,27,84,40,0,1,9,-33.886367,150.939822,24,0,2,1,3,0,0,0,2,0,0,50,1,14295,14295,3,0,5,2,0,0,0,1
1363106,1,2024,2024,11,1,6,10,31,204,331,0,1,9,-33.939542,151.151278,4,0,2,1,3,0,0,0,2,2,7,60,2,1383,1383,1,0,5,2,0,0,0,1
1363115,2,2024,2024,1,0,4,348,27,363,88,0,1,9,-33.738735,150.69284,55,0,2,1,1,0,3,0,2,2,7,60,2,2852,2852,4,5,35,2,0,0,1,0
1363116,4,2024,2024,11,1,7,1,31,42,34609,0,1,9,-34.008454,151.199424,68,0,2,1,3,0,0,0,2,0,15,50,0,256,256,4,5,5,2,0,1,0,1
1363117,1,2024,2024,11,4,8,1104,11,532,770,0,1,6,-33.874123,151.200487,69,0,2,1,3,0,3,4,2,0,7,60,2,14295,14295,3,0,5,2,0,0,0,1
1363118,2,2024,2024,11,2,7,1,27,3,34609,0,1,1,-30.367345,150.800591,70,1,0,0,3,2,0,0,2,0,7,100,0,1089,1089,7,16,40,1,0,0,1,0
1363119,1,2024,2024,11,4,7,20,27,62,31,0,1,1,-33.755581,151.263196,50,0,2,1,3,0,0,0,2,0,7,50,1,14295,14295,3,0,0,2,0,0,0,1
1363120,1,2024,2024,11,0,7,15,27,17,91,0,1,1,-34.749313,149.294888,74,1,0,0,3,0,0,0,2,0,7,100,1,14295,14295,3,16,19,2,0,0,0,1
1363124,2,2024,2024,11,2,0,1,27,3,34609,0,1,1,-34.000026,151.096425,68,0,2,1,3,0,0,0,0,0,7,50,0,248,248,1,0,5,2,0,0,1,0
1363130,4,2024,2024,11,0,5,100,31,49,18,0,1,10,-33.967374,151.1476,4,0,2,1,1,0,0,0,2,0,15,50,1,5929,5929,1,5,19,2,0,1,0,0
1363131,1,2024,2024,11,6,5,387,36,115,69,1,0,2,-33.750513,151.225756,50,0,2,1,3,0,0,0,2,2,9,70,2,14295,14295,3,33,12,2,0,0,0,1
1363135,1,2024,2024,11,4,4,114,27,21,65,0,1,9,-33.296226,151.20043,16,2,2,0,3,0,0,0,2,0,0,80,1,1669,1669,3,5,19,2,0,0,0,1
1363137,1,2024,2024,11,1,9,829,27,159,770,0,1,1,-33.807738,151.088954,61,0,2,1,3,0,0,0,3,0,7,60,2,14295,14295,3,5,5,2,0,0,0,1
1363138,1,2024,2024,11,5,8,20,27,143,34609,0,1,1,-33.701402,151.107691,31,0,2,1,3,0,0,0,2,0,7,50,0,1981,1981,4,5,5,2,0,0,0,1
1363149,2,2024,2024,11,5,8,11,2,52,34609,0,1,9,-33.272284,151.461087,16,2,2,1,3,0,0,0,2,0,0,60,0,1669,1669,3,5,25,2,0,0,1,0
1363152,2,2024,2024,11,5,6,344,27,89,382,0,1,1,-33.668777,150.803975,55,0,2,1,3,0,0,0,2,0,7,80,2,14295,14295,3,8,0,2,0,0,1,0
1363154,2,2024,2024,11,4,6,1,27,2,34609,0,1,1,-34.060834,149.897917,51,1,0,0,3,2,0,0,2,0,7,100,0,1957,4009,8,16,40,1,0,0,1,0
1363156,1,2024,2024,11,4,8,20,31,363,9,1,0,1,-33.812548,151.013727,54,0,2,1,3,0,0,0,3,0,7,60,1,14295,14295,3,5,5,2,0,0,0,1
1363157,1,2024,2024,1,2,7,1,1,188,34609,0,1,1,-33.929238,151.105663,15,0,2,1,3,0,0,0,2,0,7,50,0,238,238,9,10,28,2,0,0,0,1
1363159,2,2024,2024,11,3,8,69,31,646,563,0,1,2,-33.918726,151.040334,15,0,2,1,3,0,0,0,2,0,7,60,2,14295,14295,3,0,0,2,0,0,1,0
1363161,2,2024,2024,11,4,3,28,10,32,70,0,1,7,-31.939842,152.471579,43,2,1,1,3,0,3,4,2,0,0,70,1,9859,9859,8,10,40,1,0,0,1,0
1363165,2,2024,2024,11,6,4,10,27,96,160,0,1,1,-34.056775,150.825982,13,0,2,1,3,0,0,0,2,0,7,60,2,14295,14295,3,0,0,2,0,0,1,0
1363166,2,2024,2024,11,6,4,4,1,166,2,0,1,1,-33.937363,150.985971,15,0,2,1,3,0,0,0,2,0,7,50,1,14295,14295,3,8,36,2,0,0,1,0
1363168,2,2024,2024,11,5,8,92,27,129,29,0,1,1,-33.893056,151.1005,9,0,2,1,3,0,0,0,2,0,7,50,1,1981,1981,4,5,17,2,0,0,1,0
1363169,1,2024,2024,11,6,3,5,27,46,19,0,1,1,-33.94729,151.113238,4,0,2,1,3,0,0,0,2,0,7,50,1,1981,1981,4,5,5,2,0,0,0,1
1363170,1,2024,2024,1,4,9,30,24,9,34609,0,1,1,-33.832273,151.072552,54,0,2,0,3,0,0,0,3,0,7,50,0,14295,14295,3,5,5,3,0,0,0,3
1363172,1,2024,2024,11,4,8,55,10,96,47,0,1,9,-33.436162,151.405869,16,2,2,1,3,0,0,0,2,0,15,70,2,150,150,4,0,0,2,0,0,0,1
1363173,2,2024,2024,1,4,11,195,27,49,311,0,1,9,-33.918779,150.852685,41,0,2,1,3,0,0,0,0,2,7,70,2,14295,14295,3,0,5,2,0,0,2,0
1363174,1,2024,2024,11,4,7,1052,14,54,928,0,1,3,-33.46419,151.194924,16,1,2,0,3,0,3,4,2,0,7,110,2,4552,5151,8,10,40,1,0,0,0,1
1363176,1,2024,2024,1,1,6,14,31,646,34609,0,1,0,-33.919715,151.03608,15,0,2,1,3,0,0,0,2,0,7,40,0,14295,14295,3,10,0,2,0,0,0,1
1363177,2,2024,2024,11,6,5,112,27,96,256,0,1,2,-34.052228,150.824375,13,0,2,0,3,0,0,0,2,0,8,60,2,14295,14295,3,9,22,2,0,0,1,0
1363178,2,2024,2024,11,4,8,3,31,19,34609,0,1,10,-35.812285,145.581506,51,2,1,1,3,0,0,0,2,0,0,50,0,6545,6545,4,0,0,2,0,0,1,0
1363179,1,2024,2024,11,2,6,92,31,121,34609,0,1,9,-33.804736,151.290144,50,0,2,1,3,0,0,0,2,0,7,50,0,5929,5929,1,5,19,2,0,0,0,1
1363181,1,2024,2024,1,6,4,143,31,134,34609,0,1,9,-33.891141,151.245118,76,0,2,1,3,0,0,0,2,0,9,50,0,2040,2040,9,5,28,2,0,0,0,1
1363182,1,2024,2024,6,6,5,123,27,316,120,0,1,9,-33.906966,151.252178,59,0,2,1,3,0,0,0,2,2,7,50,2,14295,14295,3,0,0,2,0,0,0,1
1363183,2,2024,2024,11,0,3,916,17,91,917,0,1,2,-32.802343,151.634036,48,0,2,1,3,0,0,0,2,0,7,60,2,14295,14295,3,5,0,3,0,0,1,1
1363186,1,2024,2024,1,0,9,3,27,26,34609,0,1,1,-33.840227,151.146499,51,0,2,1,3,0,0,0,0,0,7,50,0,14295,14295,3,5,5,2,0,0,0,1
1363193,1,2024,2024,11,2,5,866,17,174,793,1,0,2,-33.869517,150.925302,24,0,2,1,3,0,0,0,2,0,7,70,2,14295,14295,3,5,5,2,0,0,0,1
1363195,1,2024,2024,11,4,3,515,14,294,518,0,1,6,-33.939153,150.924633,41,0,2,0,3,0,0,0,2,3,9,60,2,14295,14295,3,9,5,2,0,0,0,1
1363196,2,2024,2024,11,1,4,10,10,101,34609,0,1,1,-32.9095,151.605994,37,0,2,1,3,0,0,0,2,0,7,50,0,1981,1981,4,5,0,2,0,0,1,1
1363200,1,2024,2024,5,0,8,230,27,84,284,1,0,2,-33.771659,151.099635,61,0,2,0,3,0,0,0,2,0,7,70,2,14295,14295,3,5,5,2,0,0,0,2
1363201,1,2024,2024,1,0,5,82,27,7,34,0,1,1,-28.601856,153.037778,51,1,0,0,3,0,0,0,2,0,7,100,1,4552,5151,8,9,40,1,0,0,0,1
1363204,4,2024,2024,8,4,4,2261,17,243,2252,0,1,9,-33.957135,150.889106,41,0,2,1,0,0,0,3,2,0,0,70,2,2852,2852,4,0,5,2,0,1,0,0
1363205,2,2024,2024,8,5,3,17,27,8,34609,0,1,9,-34.023592,150.656432,79,2,2,1,1,0,3,3,2,0,7,80,0,1669,1669,3,0,0,2,0,0,1,0
1363206,1,2024,2024,6,4,4,43,27,56,87,0,1,2,-34.464677,150.871631,80,0,2,1,1,0,0,0,2,0,7,80,2,14295,14295,3,5,5,2,0,0,0,1
1363207,2,2024,2024,6,1,0,35,27,31,231,0,1,9,-33.502565,151.331467,16,2,2,0,2,0,0,0,0,0,15,60,2,4552,5151,8,10,40,1,0,0,2,0
1363210,4,2024,2024,8,0,4,334,17,31,308,0,1,7,-31.09376,150.867528,70,2,1,0,0,0,0,0,2,0,0,60,2,2852,2852,4,9,13,2,0,1,0,0
1363212,4,2024,2024,6,4,8,39,31,193,145,0,1,10,-33.794132,151.075204,61,0,2,1,1,0,0,0,2,0,15,60,2,5929,5929,1,0,0,2,0,1,1,0
1363214,4,2024,2024,6,1,11,6,27,562,34609,0,1,10,-32.194139,148.564425,22,1,0,1,1,0,0,0,0,0,0,100,0,1109,397,1,5,13,2,0,3,2,0
1363216,1,2024,2024,5,5,4,2261,17,243,2252,0,1,10,-33.950416,150.904575,41,0,2,1,1,0,0,0,2,2,7,70,2,14295,14295,3,0,5,3,0,0,0,1
1363217,2,2024,2024,6,0,7,1,31,87,4,0,1,1,-34.484492,150.414762,78,2,1,1,0,0,0,0,2,0,7,50,1,9859,9859,1,5,5,2,0,0,1,0
1363218,1,2024,2024,5,0,7,28,31,523,34609,1,0,10,-33.920623,150.927302,41,0,2,1,1,0,3,4,2,2,9,30,0,1220,1220,9,5,28,2,0,0,0,1
1363219,1,2024,2024,6,6,2,168,10,387,260,0,1,2,-33.945937,151.177499,4,0,2,1,2,0,0,0,1,0,7,70,2,14295,14295,3,8,13,3,0,0,0,2
1363222,4,2024,2024,5,2,4,57,36,112,769,0,1,9,-33.610487,150.807717,29,2,2,1,1,0,3,0,2,0,7,60,2,14295,14295,3,5,0,4,0,1,0,1
1363224,2,2024,2024,5,4,4,478,17,122,480,0,1,2,-33.43157,151.339827,16,2,2,0,1,0,0,0,2,0,7,60,2,1981,1981,4,30,27,2,0,0,1,0
1363225,4,2024,2024,5,5,6,118,17,26,118,0,1,9,-31.489156,150.633575,51,1,0,1,0,0,0,3,2,0,0,100,2,782,985,5,29,40,1,0,1,0,0
1363226,4,2024,2024,5,6,7,38,1,49,34609,0,1,1,-34.046368,151.138919,68,0,2,1,0,0,0,0,2,0,7,50,0,1981,1981,4,10,19,2,0,1,0,0
1363228,4,2024,2024,5,1,7,3371,17,35,3342,0,1,10,-32.092447,152.391035,43,1,0,1,1,0,0,0,2,0,15,100,2,6545,6545,4,5,0,2,0,1,0,1
1363229,2,2024,2024,5,2,7,143,31,252,19,0,1,1,-33.877457,151.212901,69,0,2,1,1,0,0,0,2,0,7,40,1,1192,1192,1,5,27,2,0,0,1,0
1363231,4,2024,2024,5,4,10,1,27,4,34609,0,1,1,-29.908326,150.435326,51,1,0,0,0,2,0,0,0,0,7,100,0,1850,1463,5,10,40,1,0,1,0,0
1363233,2,2024,2024,6,2,5,3371,17,63,3342,0,1,9,-33.242196,151.496571,16,2,2,1,1,0,0,0,2,0,7,70,2,14295,14295,3,5,5,4,0,0,2,0
1363234,2,2024,2024,5,6,5,7,18,104,34609,0,1,7,-33.738424,150.92746,7,0,2,1,0,0,0,0,2,0,0,50,0,256,256,4,0,0,2,0,0,1,1
1363235,2,2024,2024,6,0,4,113,27,113,111,0,1,9,-33.820653,150.776038,55,0,2,1,1,0,0,0,2,2,7,80,2,5929,5929,1,29,13,2,0,0,1,0
1363240,4,2024,2024,5,3,5,42,10,55,172,0,1,1,-32.834898,151.526393,17,2,1,1,0,0,0,0,2,0,7,80,2,83,83,5,16,40,1,0,1,0,0
1363241,4,2024,2024,5,1,9,41,31,150,34609,0,1,1,-33.921375,151.233012,59,0,2,1,2,0,3,6,0,0,7,50,0,1220,1220,9,5,28,2,0,1,1,0
1363242,2,2024,2024,6,4,9,85,27,72,145,0,1,9,-33.799075,151.053967,54,0,2,1,2,0,0,0,0,0,0,70,2,5929,5929,1,5,19,2,0,0,1,0
1363245,4,2024,2024,5,6,2,163,27,63,165,0,1,2,-33.734372,150.801039,7,0,2,0,1,0,0,0,1,0,7,60,1,4552,5151,8,5,40,1,0,1,0,0
1363247,2,2024,2024,5,4,6,2126,17,8,2149,0,1,10,-33.421601,149.563217,3,2,1,1,1,0,0,0,2,0,0,60,2,6545,6545,4,5,5,2,0,0,2,0
1363249,4,2024,2024,5,5,8,10,31,387,64,0,1,9,-33.926882,151.188001,4,0,2,1,2,0,0,0,0,2,9,60,2,2040,2040,9,5,28,2,0,1,0,0
1363251,4,2024,2024,5,4,4,1,1,9,34609,0,1,9,-33.771133,150.738574,55,0,2,1,0,0,0,0,2,0,0,50,0,2585,777,8,0,40,1,0,1,0,0
1363252,4,2024,2024,5,0,5,866,17,278,793,0,1,2,-33.779204,151.052211,54,0,2,0,1,0,0,0,2,0,7,60,2,14295,14295,3,16,0,2,0,1,0,1
1363254,2,2024,2024,1,4,10,49,27,19,62,0,1,2,-33.697822,150.882424,7,0,2,1,2,0,0,0,0,0,7,70,2,1282,1282,1,5,13,3,0,0,2,0
1363255,4,2024,2024,1,6,0,11,27,134,34609,0,1,9,-33.953766,150.793196,12,0,2,1,0,0,0,0,0,0,7,70,0,489,489,8,5,40,1,0,1,0,0
1363257,2,2024,2024,5,4,6,150,27,173,415,0,1,10,-33.78254,151.131248,61,0,2,1,0,0,0,0,2,2,7,70,2,1282,1282,1,0,0,2,0,0,1,0
1363259,4,2024,2024,1,5,7,35,27,22,49,0,1,1,-31.304215,150.657286,51,1,0,1,0,0,0,3,2,0,7,100,1,1945,1945,5,0,40,1,0,2,0,0
1363263,2,2024,2024,1,5,8,4,27,155,34609,0,1,1,-33.486483,151.334978,16,2,2,1,1,0,0,6,2,0,7,50,0,9859,9859,1,9,5,3,0,0,1,0
1363268,4,2024,2024,5,3,6,44,1,126,22,0,1,10,-33.921676,150.814334,41,0,2,1,1,0,0,0,2,0,0,60,1,6545,6545,4,5,5,2,0,1,0,1
1363269,2,2024,2024,1,1,6,11,27,11,30,0,1,1,-28.292489,153.385879,72,2,1,0,0,0,3,4,2,0,7,80,1,418,714,5,10,40,1,0,0,1,0
1363271,4,2024,2024,5,4,5,1052,14,60,928,0,1,3,-33.434094,151.258226,16,1,2,1,0,0,0,0,2,0,7,110,2,9859,9859,8,5,40,1,0,2,0,0
1363272,4,2024,2024,1,3,8,916,17,17,917,0,1,1,-32.180774,150.890128,46,1,0,1,1,0,0,0,2,0,7,100,2,3775,3775,0,5,0,2,0,2,2,0
1363274,2,2024,2024,1,6,7,2126,17,171,2149,0,1,2,-33.816605,150.975862,21,0,2,1,0,0,0,0,2,0,7,80,2,515,515,1,5,19,2,0,0,1,0
1363275,2,2024,2024,1,5,4,71,36,234,139,0,1,1,-34.282503,146.003192,28,2,1,1,0,0,0,0,2,0,7,80,2,14295,14295,3,10,13,2,0,0,1,0
1363277,4,2024,2024,1,3,8,3371,17,44,3342,0,1,7,-30.627374,152.974209,47,2,1,0,1,0,0,0,2,0,0,60,2,14295,14295,3,0,35,2,0,1,0,0
1363278,4,2024,2024,5,2,9,1104,14,142,962,0,1,6,-33.826822,151.00333,54,0,2,1,2,0,0,0,0,0,7,60,2,14295,14295,3,5,5,3,0,1,0,0
1363279,2,2024,2024,1,6,7,3,27,73,34609,0,1,7,-33.889159,151.16502,32,0,2,1,0,0,0,0,2,0,0,50,0,591,591,1,17,5,2,0,0,1,0
1363280,4,2024,2024,5,1,9,177,22,239,176,0,1,10,-34.045617,151.132911,68,0,2,1,1,0,0,0,3,2,7,70,2,5929,5929,1,0,0,2,0,1,0,0
1363282,4,2024,2024,5,3,4,177,22,87,176,0,1,9,-34.050755,151.150988,68,0,2,1,0,0,0,0,2,0,7,60,2,214,214,9,30,28,4,0,1,2,1
1363284,4,2024,2024,1,0,5,2209,17,82,2205,0,1,2,-34.373752,150.900764,80,0,2,1,1,0,0,0,2,0,7,80,2,1945,1945,5,22,40,1,0,1,0,0
1363285,4,2024,2024,5,1,9,6,31,179,34609,0,1,9,-33.758936,150.716119,55,0,2,1,2,0,3,4,0,0,7,50,0,6545,6545,4,17,5,2,0,1,0,0
1363286,2,2024,2024,1,5,7,2126,17,60,2149,0,1,9,-33.650016,150.28498,8,2,2,0,1,0,3,1,2,0,0,60,2,4552,5151,8,0,40,1,0,0,1,0
1363287,2,2024,2024,1,0,8,128,27,61,133,0,1,1,-33.854715,150.649055,55,0,2,1,2,0,0,0,2,0,7,80,2,204,204,1,5,5,2,0,0,2,0
1363288,2,2024,2024,6,1,7,5,27,90,28,0,1,1,-33.788864,150.941169,7,0,2,1,1,0,0,0,2,0,7,60,1,9859,9859,1,5,12,2,0,0,1,0
1363289,2,2024,2024,5,6,5,133,17,4,121,0,1,1,-35.842738,149.161315,65,1,0,1,1,0,0,0,2,0,7,100,2,15,15,1,5,5,2,0,0,1,0
1363290,2,2024,2024,1,6,2,500,27,145,799,0,1,2,-33.92951,151.072017,15,0,2,1,2,0,0,6,0,0,7,60,2,14295,14295,3,0,5,3,0,0,1,0
1363291,2,2024,2024,1,1,8,12,24,55,34609,0,1,7,-35.38227,149.198367,58,2,1,1,0,0,0,0,2,0,2,50,0,515,515,1,10,19,2,0,0,1,0
1363292,2,2024,2024,1,1,8,12,1,134,34609,0,1,10,-33.520147,151.312209,16,2,2,1,1,0,0,0,2,0,0,50,0,6545,6545,4,0,5,2,0,0,1,0
1363293,4,2024,2024,1,0,7,2,27,132,34609,0,1,9,-29.779148,151.098089,33,2,1,0,1,0,0,0,2,0,0,50,0,6545,6545,4,22,5,2,0,1,0,0
1363295,4,2024,2024,1,1,7,32,27,134,34609,0,1,10,-33.965654,150.810087,12,0,2,1,1,0,0,3,2,0,15,70,0,6545,6545,4,10,10,2,0,1,0,0
1363296,4,2024,2024,1,0,3,134,10,104,133,0,1,2,-33.833193,151.018702,54,0,2,1,1,0,0,0,2,0,7,70,2,14295,14295,3,5,5,3,0,1,0,0
1363299,4,2024,2024,1,0,5,4,27,29,45,1,0,1,-35.104317,150.626604,63,2,1,1,1,0,0,0,2,0,7,50,1,1669,1669,3,5,19,2,0,1,0,0
1363300,4,2024,2024,1,3,10,128,27,74,133,0,1,9,-33.766227,150.679596,55,0,2,1,2,0,0,0,0,2,7,60,2,5929,5929,1,5,5,2,0,2,0,1
1363301,2,2024,2024,6,6,7,44,1,126,22,0,1,10,-33.921676,150.814334,41,0,2,1,1,0,0,0,2,0,0,60,1,6545,6545,4,5,0,2,0,0,1,0
1363302,4,2024,2024,1,1,8,1,31,24,34609,0,1,9,-33.418518,150.061704,40,2,1,1,2,0,0,0,3,0,7,50,0,1282,1282,1,16,40,1,0,1,0,0
1363305,4,2024,2024,1,4,6,109,27,20,62,0,1,9,-32.754659,151.535604,42,2,1,1,0,0,0,0,2,0,0,60,2,926,926,4,0,5,2,0,1,0,0
1363306,4,2024,2024,11,6,6,2,31,79,34609,0,1,1,-33.999646,150.751512,12,0,2,1,0,0,0,0,2,0,7,50,0,1945,1945,5,16,40,1,0,1,0,0
1363308,4,2024,2024,5,6,5,6,27,27,34609,0,1,1,-33.235938,151.240992,16,2,2,0,0,0,0,0,2,0,7,80,0,1192,1192,1,16,19,2,0,1,0,0
1363309,4,2024,2024,1,2,6,78,27,23,228,0,1,1,-33.037424,151.140335,17,2,1,0,0,0,0,0,2,0,7,80,1,1850,1463,5,16,40,1,0,1,0,0
1363311,4,2024,2024,1,2,0,481,17,48,483,0,1,1,-33.968937,147.160131,51,1,0,1,0,0,0,0,0,0,7,110,2,1089,1089,7,5,40,1,0,1,0,0
1363312,4,2024,2024,1,2,6,17,27,4,34609,0,1,1,-32.541456,148.546605,22,1,0,1,0,0,0,0,2,0,7,100,0,475,475,5,9,40,1,0,1,0,0
1363313,1,2024,2024,1,6,5,7,27,6,34609,0,1,1,-34.764535,150.653576,63,2,1,0,0,0,0,0,2,0,7,60,0,1850,1463,5,16,40,1,0,0,0,1
1363316,2,2024,2024,1,3,3,1,27,3,34609,0,1,1,-32.277118,151.868656,43,1,0,0,0,2,0,0,2,0,7,100,0,1957,4009,8,0,40,1,0,0,1,0
1363317,1,2024,2024,1,4,6,191,27,309,208,0,1,9,-33.805006,151.104422,61,0,2,0,2,0,3,0,2,2,7,60,2,14295,14295,3,5,13,2,0,0,0,1
1363318,4,2024,2024,5,0,9,8,31,147,34609,0,1,10,-33.882041,151.002373,15,0,2,1,2,0,3,0,0,0,7,40,0,1220,1220,9,5,28,3,0,1,0,1
1363319,4,2024,2024,1,2,5,24,31,91,160,1,0,7,-33.998211,150.887207,13,0,2,0,1,0,0,0,2,0,0,60,2,3775,3775,0,5,5,3,0,2,0,1
1363320,2,2024,2024,1,0,4,475,31,252,75,0,1,9,-33.880322,151.208878,69,0,2,1,0,0,0,0,2,2,0,40,1,591,591,1,22,0,2,0,0,1,0
1363321,2,2024,2024,1,4,9,18,27,111,16,0,1,7,-33.920204,151.252019,59,0,2,1,2,0,0,0,0,0,0,50,1,6545,6545,4,5,27,2,0,0,1,0
1363322,2,2024,2024,1,1,4,8,31,9,34609,0,1,1,-34.801376,145.88045,51,2,1,1,0,0,0,0,2,0,7,50,0,1981,1981,4,0,22,2,0,0,1,0
1363323,2,2024,2024,6,0,8,1,31,237,34609,0,1,1,-33.862709,150.953586,24,0,2,1,0,0,0,0,3,0,7,50,0,941,941,1,5,0,2,0,0,1,0
1363324,4,2024,2024,1,5,7,7,1,44,34609,0,1,9,-33.945204,151.135212,4,0,2,1,0,0,0,0,2,0,7,50,0,6545,6545,4,0,5,2,0,1,0,0
1363325,4,2024,2024,1,3,4,220,14,133,220,0,1,3,-34.497719,150.798069,80,0,2,1,1,0,0,0,2,0,7,100,2,14295,14295,3,16,19,2,0,1,0,0
1363331,2,2024,2024,11,2,0,145,18,83,34609,0,1,1,-29.7001,152.942131,18,2,1,0,2,0,0,0,0,0,7,50,0,404,404,8,16,40,1,0,0,1,0
1363333,4,2024,2024,1,6,3,149,27,294,198,0,1,9,-33.930794,150.932709,41,0,2,1,1,0,0,0,2,0,0,60,2,2040,2040,9,5,28,2,0,1,0,0
1363335,4,2024,2024,11,3,8,63,17,207,63,0,1,1,-32.203701,141.400453,51,1,0,0,0,0,0,0,2,0,7,110,2,1850,1463,5,10,40,1,0,1,0,0
1363336,4,2024,2024,11,3,7,77,12,73,331,0,1,1,-34.167555,150.625581,79,2,2,0,0,0,0,0,2,0,7,80,1,1850,1463,5,8,40,1,0,1,0,0
1363337,4,2024,2024,1,2,6,20,27,40,20,0,1,1,-34.987179,150.592473,63,2,1,1,0,0,0,0,2,0,7,80,1,14295,14295,3,5,0,3,0,1,0,0
1363338,1,2024,2024,11,3,5,30,27,9,39,0,1,1,-35.58708,149.438032,58,1,0,0,0,0,0,0,2,0,7,100,1,2585,4009,8,10,40,1,0,0,0,1
1363339,4,2024,2024,1,0,3,3371,17,6,3342,0,1,2,-28.926605,153.471807,2,1,0,0,0,0,0,0,2,0,7,110,2,1957,4009,8,0,40,1,0,2,0,0
1363340,4,2024,2024,1,0,7,29,27,100,30,0,1,1,-33.902842,150.885871,24,0,2,1,1,0,0,0,2,0,7,60,1,186,186,9,22,28,2,0,1,0,0
1363343,4,2024,2024,1,4,5,33,27,98,260,0,1,9,-33.024129,151.577813,37,0,2,1,0,0,3,4,2,0,7,80,2,9859,9859,8,5,40,1,0,1,0,0
1363344,2,2024,2024,8,4,6,54,31,91,28,0,1,9,-33.964841,151.088086,25,0,2,1,1,0,0,0,2,0,9,50,1,2040,2040,9,5,28,2,0,0,1,0
1363345,4,2024,2024,1,3,7,6,27,8,34609,0,1,1,-35.855077,146.965778,27,1,0,0,0,0,0,0,2,0,7,100,0,782,957,5,16,40,1,0,1,0,0
1363348,2,2024,2024,1,5,3,36,27,39,83,0,1,1,-29.436346,153.346674,18,2,1,1,1,0,3,0,1,0,7,50,1,395,395,1,10,10,2,0,0,1,0
1363349,4,2024,2024,5,4,11,2209,17,144,2205,0,1,2,-34.066344,151.015676,68,0,2,0,2,0,0,0,0,0,7,70,2,4552,5151,1,21,35,2,0,1,0,0