Crash ID,Degree of crash - detailed,Reporting year,Year of crash,Month of crash,Day of week of crash,Two-hour intervals,Street of crash,Street type,Town,Route no.,School zone location,School zone active,Type of location,Latitude,Longitude,LGA,Urbanisation,Conurbation 1,Alignment,Street lighting,Road surface,Surface condition,Weather,Natural lighting,Signals operation,Other traffic control,Speed limit,Road classification,RUM - code,DCA - code,First impact type,Key TU type,Other TU type,No. of traffic units involved,No. killed,No. seriously injured,No. moderately injured,No. minor-other injured
1363350,4,2024,2024,1,5,9,2126,17,247,2149,0,1,10,-33.814535,150.964461,21,0,2,1,2,0,0,0,0,2,7,80,2,14295,14295,3,0,5,2,0,1,0,0
1363353,4,2024,2024,1,6,11,1052,14,56,928,0,1,3,-32.993456,151.515468,37,0,2,1,0,0,3,4,0,0,7,110,2,9859,9859,8,5,40,1,0,1,0,0
1363354,2,2024,2024,1,6,9,24,31,290,28,0,1,1,-33.845527,150.978564,21,0,2,1,2,0,0,0,3,0,7,50,1,1981,1981,4,0,0,2,0,0,1,1
1363356,2,2024,2024,11,3,11,330,23,150,112,0,1,10,-33.924616,151.228259,59,0,2,0,2,0,0,0,0,2,7,50,2,5929,5929,1,0,36,2,0,0,2,1
1363357,1,2024,2024,11,5,3,251,14,139,124,0,1,3,-33.843599,151.21129,49,0,2,1,2,0,0,0,1,0,7,60,2,4026,4026,8,5,40,2,0,0,0,1
1363359,2,2024,2024,1,2,7,92,27,99,34609,1,0,9,-33.889091,151.276469,76,0,2,1,1,0,0,0,2,0,7,40,0,515,515,1,0,27,2,0,0,1,0
1363360,4,2024,2024,11,6,3,24,27,70,24,0,1,7,-34.856198,150.608174,63,2,1,0,1,0,0,0,2,0,0,50,1,1220,1220,9,5,28,2,0,1,0,0
1363362,4,2024,2024,11,6,5,866,17,149,793,0,1,2,-33.822621,150.962425,21,0,2,1,1,0,0,0,2,0,7,70,2,9859,9859,8,0,40,1,0,1,0,0
1363363,1,2024,2024,11,4,10,93,10,131,34609,0,1,10,-36.077914,146.901445,0,2,1,0,2,0,0,0,0,0,0,50,0,782,985,5,5,40,1,0,0,0,1
1363364,4,2024,2024,1,3,7,106,27,252,106,0,1,9,-33.926595,150.896431,41,0,2,1,1,0,0,0,2,2,7,70,2,14295,14295,3,16,0,2,0,1,0,0
1363366,2,2024,2024,1,2,11,57,27,122,34609,0,1,1,-33.414928,151.342345,16,2,2,0,2,0,0,0,0,0,7,60,0,1957,4009,8,16,40,1,0,0,1,0
1363369,4,2024,2024,11,2,10,14,27,87,34609,0,1,7,-34.048653,151.155087,68,0,2,1,2,0,0,0,0,0,0,50,0,6545,6545,4,22,13,2,0,1,0,0
1363371,4,2024,2024,1,2,7,8,27,24,34609,0,1,1,-31.528867,152.722014,56,2,1,0,0,0,0,0,2,0,7,80,0,4552,5151,8,16,40,1,0,1,0,0
1363372,4,2024,2024,11,6,7,1104,11,532,770,0,1,3,-33.866317,151.203203,69,0,2,1,1,0,0,0,2,0,7,70,2,1192,1192,1,5,19,2,0,1,0,0
1363374,4,2024,2024,11,1,9,119,31,73,207,0,1,1,-33.874332,151.217005,69,0,2,1,2,0,0,0,0,0,7,50,2,1220,1220,9,5,28,2,0,1,0,0
1363376,2,2024,2024,11,4,11,61,31,92,45,0,1,1,-33.868702,150.967654,24,0,2,1,2,0,0,0,0,0,7,60,1,1109,787,1,0,5,2,0,0,2,0
1363377,2,2024,2024,11,5,8,294,17,17,288,0,1,1,-35.161447,147.511826,75,1,0,0,0,0,0,0,2,0,7,100,2,623,623,3,29,0,2,0,0,1,0
1363378,4,2024,2024,11,2,7,20,27,21,100,0,1,1,-33.612431,150.701048,29,2,2,0,0,0,0,0,2,0,7,60,2,3775,3775,0,5,5,2,0,1,1,0
1363382,2,2024,2024,1,1,8,20,31,149,260,0,1,10,-33.991186,151.137154,4,0,2,1,1,0,0,0,2,1,7,60,2,1945,1945,5,22,40,2,0,0,1,0
1363384,4,2024,2024,11,1,3,2,1,337,34609,0,1,7,-33.720241,150.97874,71,0,2,1,1,0,0,6,2,0,0,50,0,6545,6545,4,16,13,2,0,1,0,0
1363385,2,2024,2024,11,4,5,2209,17,61,2205,0,1,10,-35.910363,150.080765,23,2,1,1,1,0,0,0,2,0,0,50,2,2040,2040,9,0,28,2,0,0,1,0
1363386,4,2024,2024,1,6,9,6,31,92,34609,0,1,1,-33.403297,151.355205,16,2,2,1,2,0,0,0,0,0,7,50,0,2040,2040,9,5,28,2,0,1,0,0
1363395,4,2024,2024,11,2,7,1,27,1,7,0,1,9,-32.387249,151.713938,51,2,1,0,0,0,0,0,2,0,7,80,1,4552,985,8,16,40,1,0,1,0,0
1363397,2,2024,2024,11,0,10,5,27,136,34609,0,1,9,-33.86546,151.071913,67,0,2,1,0,0,0,0,0,0,7,50,0,2040,2040,9,0,28,2,0,0,1,0
1363404,4,2024,2024,11,0,3,97,31,80,34609,0,1,2,-33.882305,151.20518,69,0,2,1,1,0,3,4,2,0,7,40,0,1945,1945,5,15,40,1,0,1,0,0
1363405,4,2024,2024,11,4,8,59,10,89,34609,0,1,0,-33.904492,151.232356,59,0,2,0,0,0,0,0,2,0,15,30,0,14295,14295,3,5,27,2,0,1,0,0
1363407,1,2024,2024,1,3,1,112,27,370,256,0,1,10,-34.057061,150.823939,13,0,2,1,2,0,0,0,0,2,7,60,2,9859,9859,8,9,40,1,0,0,0,1
1363408,4,2024,2024,11,5,7,23,27,179,34609,0,1,1,-31.908956,152.445639,43,2,1,1,1,0,0,0,2,0,7,50,0,340,340,9,5,28,2,0,1,0,0
1363409,2,2024,2024,11,0,7,14,31,57,34609,0,1,1,-34.672017,150.84391,35,2,1,1,1,0,0,0,2,0,7,50,0,1669,1669,3,16,19,2,0,0,1,0
1363410,1,2024,2024,1,4,8,6,27,148,34609,0,1,2,-36.050647,146.933256,0,2,1,1,1,0,0,0,3,0,7,40,0,1945,1945,5,16,40,1,0,0,0,1
1363414,1,2024,2024,5,5,8,2209,17,201,2205,0,1,10,-34.887523,150.604571,63,2,1,1,1,0,0,0,2,2,7,70,2,186,186,1,0,0,2,0,0,0,1
1363416,2,2024,2024,5,1,2,2261,17,70,2252,0,1,2,-34.585702,150.250265,78,1,0,0,0,0,0,0,0,0,7,110,2,380,714,5,5,40,1,0,0,1,0
1363417,1,2024,2024,11,0,3,2,31,112,34609,0,1,9,-36.053057,146.937941,0,2,1,1,0,0,0,0,2,0,0,60,0,6545,6545,4,5,19,2,0,0,0,1
1363419,2,2024,2024,11,0,4,515,14,166,518,0,1,3,-33.944692,150.981941,15,0,2,1,1,0,0,0,2,0,7,100,2,14295,14295,3,5,0,3,0,0,1,0
1363421,4,2024,2024,6,0,6,73,31,117,34609,0,1,9,-28.17799,153.53144,72,2,1,0,1,0,0,0,2,0,15,50,0,6545,6545,4,0,13,2,0,1,0,0
1363430,4,2024,2024,11,3,2,57,31,77,321,0,1,9,-33.885263,151.202805,69,0,2,0,2,0,0,0,1,0,7,40,2,1220,1220,9,8,28,2,0,1,0,0
1363431,4,2024,2024,11,6,6,47,26,201,160,0,1,10,-34.006765,150.876634,13,0,2,0,1,0,0,0,2,2,7,60,2,14295,14295,3,0,5,2,0,1,0,1
1363434,4,2024,2024,11,4,5,73,27,443,78,0,1,1,-33.905418,151.047436,15,0,2,1,0,0,0,0,2,0,7,60,2,9859,9859,1,16,12,2,0,1,0,0
1363436,4,2024,2024,0,5,5,2126,17,363,2149,0,1,10,-33.820265,151.003978,54,0,2,0,1,0,3,4,2,2,7,60,2,395,395,1,8,5,6,0,3,1,0
1363438,4,2024,2024,11,4,6,3,18,20,34609,0,1,9,-33.268366,151.337116,16,2,2,0,1,0,2,6,2,0,7,80,0,3775,3775,0,16,0,2,0,1,0,0
1363439,2,2024,2024,11,3,9,20,6,30,34609,0,1,1,-33.265889,151.427307,16,2,2,0,0,0,0,0,3,0,7,50,0,2585,985,8,0,40,1,0,0,1,0
1363440,4,2024,2024,11,2,9,283,27,88,702,1,0,9,-33.987017,151.110904,25,0,2,1,1,0,0,0,0,2,7,70,2,5929,5929,1,5,5,2,0,2,0,0
1363441,4,2024,2024,11,3,5,37,27,5,34609,0,1,1,-28.724519,153.314061,39,1,0,0,0,2,0,0,2,0,7,100,0,2585,4009,8,0,40,1,0,1,0,0
1363442,4,2024,2024,11,2,6,1,27,2,34609,0,1,1,-31.646118,152.126716,43,1,0,0,0,2,3,0,2,0,7,100,0,4552,5151,8,16,40,1,0,1,0,0
1363443,1,2024,2024,11,1,7,1,1,134,34609,0,1,9,-33.519545,151.314403,16,2,2,1,0,0,0,0,2,0,7,50,0,591,591,1,17,5,2,0,0,0,1
1363447,1,2024,2024,5,2,11,108,31,4,34609,0,1,1,-35.254902,146.843105,51,2,1,1,0,0,3,3,0,0,7,50,0,4026,4026,8,0,40,1,0,0,0,1
1363448,4,2024,2024,11,5,5,84,27,169,769,0,1,10,-33.588616,150.729479,29,2,2,1,0,0,0,0,2,0,0,60,2,6545,6545,4,5,35,2,0,1,1,0
1363450,2,2024,2024,11,1,7,19,1,100,68,0,1,10,-33.806267,151.166495,38,0,2,1,1,0,0,0,2,2,7,60,1,2040,2040,9,10,28,2,0,0,1,0
1363451,1,2024,2024,11,0,4,348,17,31,232,0,1,1,-30.721851,148.291382,51,1,0,0,0,0,0,0,2,0,7,110,2,4552,5151,8,0,40,1,0,0,0,1
1363452,4,2024,2024,5,4,8,19,27,164,65,0,1,2,-33.71624,150.892728,7,0,2,1,1,0,0,0,2,0,7,60,1,14295,14295,3,16,13,2,0,1,0,0
1363454,4,2024,2024,11,5,9,1052,27,104,262,0,1,10,-32.908987,151.705024,48,0,2,1,2,0,0,0,3,2,7,60,2,14295,14295,3,15,0,2,0,1,0,0
1363456,2,2024,2024,11,0,10,15,10,7,34609,0,1,1,-34.084086,151.147449,68,0,2,0,2,0,0,0,0,0,7,50,0,4552,5151,8,0,40,1,0,0,1,0
1363458,4,2024,2024,11,2,11,294,17,9,288,0,1,1,-35.115248,147.256722,75,1,0,0,0,0,0,0,0,0,7,100,2,2585,4009,8,10,40,1,0,1,0,0
1363459,2,2024,2024,11,4,6,296,27,283,293,0,1,9,-33.830414,151.00379,21,0,2,1,0,0,0,0,2,0,15,60,2,926,926,4,30,13,2,0,0,1,0
1363460,4,2024,2024,11,2,10,348,27,363,88,0,1,2,-33.74734,150.689747,55,0,2,0,2,0,0,0,0,0,7,60,2,3775,3775,0,5,13,2,0,3,0,0
1363461,4,2024,2024,11,6,4,2126,17,363,2149,0,1,9,-33.821907,151.004152,54,0,2,1,1,0,0,3,2,0,6,60,2,5929,5929,1,5,5,3,0,2,0,0
1363462,2,2024,2024,11,2,6,37,31,198,41,0,1,10,-33.910596,151.103684,15,0,2,1,1,0,0,0,2,2,9,40,1,1220,1220,9,0,28,2,0,0,1,0
1363464,2,2024,2024,11,4,10,3,27,460,34609,0,1,1,-33.838131,150.986497,21,0,2,1,2,0,0,0,0,0,7,50,0,340,340,9,5,28,2,0,0,1,0
1363471,4,2024,2024,11,4,5,348,17,24,232,0,1,1,-31.896073,149.29778,51,1,0,1,0,0,0,0,2,0,7,100,2,1945,1945,5,0,40,1,0,1,1,0
1363473,4,2024,2024,11,1,0,1,27,87,799,0,1,9,-33.928603,150.96885,41,0,2,1,2,0,0,0,0,0,7,70,2,775,775,4,5,5,2,0,1,0,1
1363476,1,2024,2024,11,3,0,196,10,24,168,0,1,9,-33.958421,150.983317,15,0,2,1,2,0,0,0,0,0,15,60,2,3775,3775,0,5,5,2,0,0,0,2
1363477,4,2024,2024,6,6,8,12,27,74,34609,0,1,1,-34.445936,150.848274,80,0,2,1,0,0,0,0,2,0,7,50,0,3775,3775,0,0,22,2,0,1,0,0
1363478,2,2024,2024,1,6,10,33,1,58,34609,1,0,9,-34.412687,150.889997,80,0,2,1,2,0,0,0,0,0,7,50,0,9859,9859,1,5,0,3,0,0,1,0
1363479,1,2024,2024,1,1,9,2126,17,363,2149,1,0,2,-33.818624,150.996781,54,0,2,1,1,0,0,0,2,0,7,60,2,623,623,3,0,0,2,0,0,0,1
1363481,4,2024,2024,11,0,9,59,10,89,34609,0,1,9,-33.897764,151.240504,59,0,2,0,0,0,0,0,2,0,7,30,0,515,515,1,0,27,2,0,1,0,0
1363483,2,2024,2024,11,2,9,3,31,314,34609,0,1,1,-33.85363,150.920542,24,0,2,1,0,0,0,0,2,0,7,50,0,1109,397,1,0,36,2,0,0,2,0
1363484,2,2024,2024,11,0,7,103,36,12,34609,0,1,1,-31.937724,152.457861,43,2,1,0,0,0,0,0,2,0,7,70,0,1957,4009,8,5,40,1,0,0,1,0
1363486,4,2024,2024,11,0,9,829,27,124,770,0,1,9,-33.810804,151.033222,54,0,2,1,0,0,0,0,2,3,7,60,2,515,515,1,9,19,2,0,1,0,0
1363488,4,2024,2024,1,5,7,475,10,42,268,0,1,2,-33.910521,150.900344,41,0,2,0,1,0,0,0,2,0,7,70,2,4552,5151,8,10,40,1,0,1,0,0
1363490,2,2024,2024,11,6,8,46,27,104,262,0,1,2,-32.914533,151.724045,48,0,2,1,1,0,0,0,2,0,7,60,2,1981,1981,4,0,5,3,0,0,1,0
1363492,4,2024,2024,11,5,9,109,27,460,106,0,1,9,-33.832863,150.972043,21,0,2,1,2,0,0,0,0,0,15,60,1,5929,5929,1,5,19,2,0,1,0,0
1363493,1,2024,2024,11,0,7,229,14,110,237,0,1,3,-33.763414,151.024069,54,0,2,0,1,0,0,0,2,0,7,100,2,1192,1192,1,5,22,2,0,0,0,1
1363496,4,2024,2024,11,6,3,19,27,47,24,0,1,1,-28.818733,153.449832,2,2,1,1,0,0,0,0,2,0,7,80,1,1109,787,1,5,41,2,0,1,0,0
1363497,4,2024,2024,11,1,8,64,31,64,94,0,1,9,-33.885048,151.021476,15,0,2,1,1,0,0,0,2,0,15,60,1,591,591,1,22,0,2,0,1,0,0
1363498,2,2024,2024,11,1,6,83,27,169,147,1,0,1,-28.666272,153.613929,10,2,1,1,0,0,0,0,2,0,7,50,1,9859,9859,8,0,40,1,0,0,1,0
1363500,2,2024,2024,11,3,7,103,27,370,68,0,1,2,-34.080689,150.808041,13,0,2,1,1,0,0,0,2,0,7,80,1,204,204,1,5,13,2,0,0,1,0
1363501,1,2024,2024,11,2,6,2,27,3,34609,0,1,9,-33.406546,150.927577,29,2,2,0,0,2,0,0,2,0,7,50,0,1850,1463,5,16,40,1,0,0,0,1
1363502,4,2024,2024,1,0,8,22,27,18,147,0,1,1,-28.697746,153.600421,10,2,1,0,0,0,0,0,3,0,7,80,1,3775,3775,0,10,0,2,0,2,1,0
1363504,4,2024,2024,11,0,3,7,31,134,34609,0,1,10,-33.669204,150.860959,7,0,2,1,0,0,0,0,2,0,0,50,0,6545,6545,4,10,0,2,0,1,0,0
1363505,2,2024,2024,11,0,10,177,31,65,208,0,1,10,-33.857378,150.904304,24,0,2,1,2,0,0,0,2,2,7,60,1,6545,6545,4,5,5,2,0,0,2,0
1363507,2,2024,2024,11,0,10,2261,17,45,2252,0,1,2,-33.889522,150.972703,15,0,2,0,2,0,0,0,0,0,7,70,2,1192,1192,1,5,5,2,0,0,1,0
1363512,1,2024,2024,11,4,10,30,24,167,34609,0,1,9,-33.830815,151.071228,54,0,2,1,2,0,0,0,0,2,7,50,0,395,395,1,0,0,2,0,0,0,1
1363513,4,2024,2024,5,6,4,829,27,123,770,0,1,10,-33.814279,151.056237,54,0,2,0,2,0,0,0,2,2,7,70,2,1850,1463,5,15,40,1,0,1,0,0
1363516,4,2024,2024,1,4,4,2261,17,187,2252,0,1,10,-33.889499,150.97312,24,0,2,1,1,0,0,0,2,2,7,70,2,6545,6545,4,5,5,3,0,1,2,0
1363518,2,2024,2024,11,0,9,196,10,24,168,0,1,1,-33.96338,150.990296,15,0,2,0,0,0,0,0,0,0,7,60,2,4552,5151,8,0,40,1,0,0,1,0
1363522,2,2024,2024,11,3,1,105,27,67,109,0,1,9,-33.877865,150.893476,24,0,2,1,2,0,0,0,0,2,7,60,1,1669,1669,3,10,5,2,0,0,1,0
1363523,4,2024,2024,11,2,6,234,27,337,217,0,1,1,-33.745751,150.995241,71,0,2,1,0,0,0,0,2,0,7,60,2,2040,2040,9,5,28,2,0,1,0,0
1363527,2,2024,2024,11,5,4,24,27,115,52,0,1,10,-33.910137,151.175775,32,0,2,0,1,0,0,0,2,2,7,50,1,5929,5929,1,5,5,2,0,0,1,0
1363529,2,2024,2024,11,2,10,12,27,60,41,1,0,7,-33.765432,150.758161,55,0,2,1,2,0,0,0,0,0,0,60,1,3775,3775,0,5,5,2,0,0,1,1
1363531,2,2024,2024,11,3,7,7,27,10,34609,0,1,1,-31.038817,152.947882,34,2,1,0,0,0,0,0,2,0,7,80,0,4552,5151,8,0,40,1,0,0,1,0
1363533,4,2024,2024,1,4,9,2126,17,26,2149,0,1,10,-33.704189,150.584078,8,2,2,1,2,0,0,0,0,0,15,80,2,5929,5929,1,5,5,2,0,1,0,1
1363535,1,2024,2024,11,1,7,14,31,131,34609,0,1,1,-36.077449,146.91625,0,2,1,1,0,0,0,0,2,0,7,50,0,14295,14295,3,5,5,2,0,0,0,1
1363539,4,2024,2024,11,5,3,47,26,201,160,0,1,1,-34.008796,150.874506,13,0,2,1,1,0,0,0,2,0,7,60,2,14295,14295,3,10,36,3,0,2,0,0
1363540,2,2024,2024,1,0,8,34,27,38,117,1,0,2,-32.935326,151.689117,48,0,2,1,1,0,0,0,2,0,7,70,2,1383,1383,1,0,19,2,0,0,1,0
1363541,1,2024,2024,11,5,4,1,27,29,34609,0,1,1,-34.102441,150.560759,79,1,2,1,0,0,0,0,2,0,7,100,0,4026,4026,8,0,40,1,0,0,0,2
1363542,1,2024,2024,11,0,3,31,27,70,101,0,1,10,-32.910665,151.726712,48,0,2,1,2,0,0,0,1,2,7,60,2,6545,6545,4,34,36,2,0,0,0,1
1363545,4,2024,2024,11,6,10,485,27,67,769,0,1,2,-33.660525,150.886918,71,0,2,1,2,0,3,3,0,0,7,80,2,4026,4026,8,5,40,1,0,1,0,0
1363546,2,2024,2024,1,0,9,100,27,109,799,0,1,10,-33.903885,151.140963,32,0,2,1,2,0,0,0,3,2,7,60,2,5929,5929,1,5,18,2,0,0,1,0
1363547,4,2024,2024,11,3,6,6,27,132,17,0,1,10,-29.767639,151.102588,33,2,1,1,0,0,0,0,2,0,0,50,1,6545,6545,4,0,0,2,0,1,0,0
1363550,1,2024,2024,11,3,7,60,10,121,34609,0,1,6,-28.208012,153.544909,72,2,1,1,1,0,0,0,2,0,7,60,0,1981,1981,4,10,27,2,0,0,0,1
1363556,2,2024,2024,11,0,8,103,36,13,157,0,1,1,-28.621635,153.003924,51,2,1,1,3,0,2,6,2,0,9,50,2,368,368,9,10,28,2,0,0,1,0
1363557,1,2024,2024,1,3,6,2,1,24,34609,0,1,1,-33.70953,151.105324,31,0,2,1,0,0,3,3,2,0,7,50,0,2040,2040,9,34,28,2,0,0,0,1
1363562,2,2024,2024,11,2,4,60,10,121,34609,0,1,0,-28.209351,153.545069,72,2,1,0,1,0,2,6,2,0,7,60,0,591,591,1,22,13,2,0,0,1,0
1363564,1,2024,2024,11,3,1,11,31,290,34609,0,1,9,-33.851067,150.986463,21,0,2,1,2,0,0,0,0,0,7,50,0,9859,9859,1,5,5,2,0,0,0,1
1363565,2,2024,2024,11,5,8,24,27,65,78,0,1,1,-33.567998,150.1235,40,2,1,0,0,0,0,0,2,0,7,80,2,1957,4009,8,3,40,1,0,0,1,0
1363570,4,2024,2024,11,1,7,171,31,273,34609,1,0,7,-34.419692,150.894296,80,0,2,1,1,0,0,0,2,0,0,50,0,5929,5929,1,16,5,2,0,1,0,0
1363574,1,2024,2024,5,2,5,12,27,108,34609,0,1,1,-33.803177,151.192456,77,0,2,1,0,0,0,0,2,0,7,50,0,238,238,9,5,28,2,0,0,0,1
1363575,2,2024,2024,11,5,3,866,17,314,793,0,1,2,-33.837981,150.957815,21,0,2,1,2,0,0,0,2,0,7,70,2,14295,14295,3,5,0,3,0,0,1,0
1363579,2,2024,2024,11,4,6,127,27,135,103,0,1,10,-32.896539,151.735647,48,0,2,1,1,0,0,0,2,0,0,60,1,5929,5929,1,5,5,2,0,0,1,0
1363581,2,2024,2024,1,1,7,92,31,363,34609,1,0,1,-33.75574,150.707161,55,0,2,1,1,0,0,0,2,0,9,50,0,2040,2040,9,5,28,2,0,0,1,0
1363582,4,2024,2024,11,5,10,346,17,47,332,0,1,1,-28.863874,153.474489,2,1,0,0,2,0,0,0,0,0,7,100,2,782,957,5,30,40,1,0,1,0,0
1363583,4,2024,2024,11,4,3,10,31,173,34609,0,1,1,-33.875111,151.215184,69,0,2,1,1,0,0,0,2,0,7,40,0,1850,985,5,16,40,1,0,1,0,0
1363586,1,2024,2024,1,2,6,12,24,55,34609,0,1,7,-35.383017,149.200488,58,2,1,0,1,0,0,0,2,0,0,50,0,2585,4009,8,5,40,1,0,0,0,1
1363589,1,2024,2024,1,6,3,475,10,100,268,0,1,9,-33.890476,150.884956,24,0,2,1,0,0,0,0,1,2,7,70,2,14295,14295,3,9,25,2,0,0,0,1
1363591,2,2024,2024,11,4,4,4,27,18,34609,0,1,1,-32.748222,151.558985,42,2,1,1,1,0,0,0,2,0,7,60,0,9859,9859,8,0,40,1,0,0,1,0
1363592,2,2024,2024,11,1,6,1,10,91,34609,0,1,1,-32.795051,151.63179,48,0,2,0,1,0,0,0,2,0,7,50,0,4552,5151,1,5,5,3,0,0,1,0
1363594,4,2024,2024,1,0,10,1,10,15,34609,0,1,1,-34.572424,150.833771,62,0,2,0,2,0,0,0,0,0,7,50,0,4552,5151,8,5,40,1,0,2,0,1
1363597,4,2024,2024,1,0,3,178,27,189,101,0,1,9,-33.943115,151.053799,15,0,2,1,3,0,2,6,2,2,7,50,1,5929,5929,1,10,5,2,0,1,0,0
1363601,4,2024,2024,1,4,5,481,17,77,483,0,1,9,-30.144408,149.808156,51,2,1,1,0,0,0,0,2,0,7,80,2,3775,3775,0,10,2,2,0,1,1,0
1363602,2,2024,2024,1,4,0,387,27,290,331,0,1,9,-33.957071,151.118093,4,0,2,1,2,0,0,0,0,0,0,60,2,9859,9859,1,0,5,3,0,0,1,0
1363603,1,2024,2024,11,4,10,500,27,204,799,0,1,10,-33.904703,151.128568,32,0,2,1,0,0,0,0,0,2,7,60,2,6545,6545,4,5,5,2,0,0,0,1
1363606,4,2024,2024,11,4,8,125,27,21,144,0,1,2,-32.777504,152.003347,57,2,1,1,1,0,3,4,2,0,7,80,2,9859,9859,8,5,40,1,0,1,0,0
1363609,4,2024,2024,11,2,9,31,27,20,46,0,1,1,-33.479292,150.219116,40,2,1,0,0,0,0,0,0,0,7,80,2,3775,3775,0,5,13,2,0,2,0,3
1363610,2,2024,2024,1,5,9,71,31,283,125,0,1,1,-33.838483,151.014445,21,0,2,1,2,0,0,0,0,0,7,60,1,1981,1981,4,30,5,2,0,0,1,0
1363612,4,2024,2024,11,3,6,35,27,29,34609,0,1,1,-34.074276,150.534111,79,2,2,0,1,0,0,0,2,0,7,80,0,782,957,5,16,40,1,0,1,0,0
1363613,1,2024,2024,11,0,4,2,31,24,34609,0,1,10,-35.99149,145.995708,51,2,1,1,0,0,0,0,2,0,0,50,0,6545,6545,4,10,13,2,0,0,0,1
1363614,2,2024,2024,11,2,6,149,36,120,113,0,1,1,-32.290584,152.521418,43,1,0,1,0,0,0,0,2,0,7,100,1,323,323,1,16,12,2,0,0,1,0
1363616,2,2024,2024,11,1,1,2126,17,136,2149,0,1,9,-33.85845,151.069509,67,0,2,1,2,0,0,0,0,2,7,60,2,5929,5929,1,0,5,2,0,0,1,0
1363617,2,2024,2024,11,1,11,2126,17,149,2149,0,1,10,-33.818035,150.981769,21,0,2,1,2,0,0,0,0,2,7,60,2,5929,5929,1,0,5,2,0,0,1,0
1363618,4,2024,2024,11,2,7,103,27,34,98,0,1,1,-32.807936,150.899306,64,2,1,0,0,0,0,0,2,0,7,80,2,4552,5151,8,16,40,1,0,1,0,0
1363620,2,2024,2024,11,5,4,78,27,17,34609,0,1,1,-28.604468,153.213239,39,2,1,0,0,0,0,0,2,0,7,70,0,30,30,9,10,28,2,0,0,1,0
1363622,1,2024,2024,1,3,0,2261,17,31,2252,0,1,9,-33.886343,151.096292,9,0,2,1,2,0,0,0,0,0,7,60,2,9859,9859,8,0,40,1,0,0,0,1
1363624,4,2024,2024,1,2,5,59,27,252,41,0,1,10,-33.938474,150.868113,41,0,2,1,1,0,0,0,2,2,7,60,1,6545,6545,4,5,13,2,0,1,0,0
1363625,2,2024,2024,11,3,9,11,31,107,34609,0,1,10,-29.683499,152.944964,18,2,1,1,2,0,0,0,0,0,0,50,0,3775,3775,0,10,0,2,0,0,1,2
1363628,2,2024,2024,11,3,5,114,27,10,65,0,1,1,-33.467912,151.089713,16,2,2,0,0,0,0,0,2,0,7,60,1,1850,1463,5,16,40,1,0,0,1,0
1363630,4,2024,2024,11,5,2,344,27,89,382,0,1,1,-33.661219,150.797312,55,0,2,1,0,0,0,0,1,0,7,80,2,3775,3775,0,5,5,3,0,2,1,0
1363632,2,2024,2024,1,2,0,18,27,89,27,0,1,1,-33.676323,150.789266,55,0,2,1,1,0,0,0,0,0,7,80,1,9859,9859,8,5,40,1,0,0,1,0
1363634,1,2024,2024,11,2,8,26,31,194,34609,0,1,1,-30.512843,151.670686,1,2,1,1,1,0,0,0,2,0,7,50,0,9859,9859,8,5,40,1,0,0,0,1
1363641,4,2024,2024,1,4,8,8,27,284,34609,0,1,9,-33.896619,151.013767,15,0,2,1,1,0,0,0,2,0,0,50,0,5929,5929,1,5,5,2,0,2,0,0
1363642,2,2024,2024,11,6,5,2,7,81,34609,0,1,7,-33.88695,151.264231,81,0,2,0,0,0,0,0,2,0,0,50,0,926,926,4,22,5,2,0,0,1,0
1363644,4,2024,2024,11,0,8,1,27,1,34609,0,1,1,-31.706548,152.047686,43,2,1,0,0,2,0,0,0,0,7,50,0,782,957,5,31,40,1,0,1,0,0
1363647,2,2024,2024,11,5,6,2261,17,75,2252,0,1,9,-33.886924,151.113265,9,0,2,1,0,0,0,0,2,0,0,60,2,2852,2852,4,5,5,2,0,0,1,0
1363648,2,2024,2024,11,0,10,2261,17,75,2252,0,1,9,-33.886924,151.113265,9,0,2,1,2,0,0,0,0,0,0,60,2,1282,1282,1,30,5,2,0,0,1,0
1363650,2,2024,2024,11,0,8,2209,17,48,2205,0,1,1,-36.712366,149.827236,5,1,0,1,0,0,0,0,2,0,7,100,2,14295,14295,3,30,5,2,0,0,1,0
1363651,4,2024,2024,1,4,9,2209,17,137,2205,0,1,10,-34.035088,151.066132,68,0,2,1,2,0,0,0,0,2,7,70,2,1220,1220,9,5,28,3,0,1,0,0
1363653,4,2024,2024,11,0,5,829,27,125,770,0,1,2,-33.823313,151.122942,61,0,2,1,0,0,3,3,2,0,7,60,2,515,515,1,0,5,2,0,1,0,0
1363654,4,2024,2024,8,0,8,2126,17,149,2149,0,1,9,-33.816421,150.973158,21,0,2,1,0,0,3,4,3,2,7,80,2,14295,14295,3,0,5,4,0,2,0,0
1363661,2,2024,2024,8,1,1,11,27,73,88,0,1,1,-33.690187,150.726823,55,0,2,1,0,0,0,3,0,0,7,80,2,2040,2040,9,5,28,2,0,0,1,0
1363664,2,2024,2024,8,5,3,63,10,77,42,0,1,1,-32.949055,151.745545,48,0,2,0,0,0,0,0,2,0,7,50,1,3775,3775,0,5,12,2,0,0,1,0
1363665,4,2024,2024,8,4,7,234,27,337,217,0,1,1,-33.729484,151.017445,31,0,2,1,0,0,0,0,2,0,7,60,2,1981,1981,4,5,19,3,0,1,0,0