Crash ID,Degree of crash - detailed,Reporting year,Year of crash,Month of crash,Day of week of crash,Two-hour intervals,Street of crash,Street type,Town,Route no.,School zone location,School zone active,Type of location,Latitude,Longitude,LGA,Urbanisation,Conurbation 1,Alignment,Street lighting,Road surface,Surface condition,Weather,Natural lighting,Signals operation,Other traffic control,Speed limit,Road classification,RUM - code,DCA - code,First impact type,Key TU type,Other TU type,No. of traffic units involved,No. killed,No. seriously injured,No. moderately injured,No. minor-other injured
1363666,2,2024,2024,8,4,8,162,31,65,122,0,1,9,-34.492698,150.888524,80,0,2,1,1,0,0,0,2,0,0,70,2,5929,5929,1,0,13,2,0,0,1,0
1363667,2,2024,2024,7,1,2,1,27,9,34609,0,1,1,-34.248234,149.150117,74,1,0,1,0,2,3,0,0,0,7,100,0,9859,9859,8,21,40,1,0,0,1,0
1363668,2,2024,2024,8,3,0,22,27,16,207,0,1,1,-33.876237,151.228401,69,0,2,1,2,0,3,4,0,0,7,60,2,9859,9859,8,0,40,1,0,0,1,0
1363670,4,2024,2024,8,4,11,222,27,39,34609,0,1,10,-32.905761,151.574639,37,0,2,0,0,0,0,0,0,0,0,50,0,4552,985,8,0,40,1,0,2,0,0
1363671,4,2024,2024,6,6,9,232,36,134,331,0,1,10,-33.975822,150.809583,12,0,2,1,2,0,0,0,0,2,7,80,2,5929,5929,1,5,5,3,0,1,0,0
1363674,2,2024,2024,6,5,10,165,31,532,34609,0,1,10,-33.863556,151.207487,69,0,2,1,2,0,0,0,0,2,7,20,0,6545,6545,4,0,5,2,0,0,1,0
1363675,1,2024,2024,6,4,10,296,27,283,293,0,1,10,-33.834704,151.001928,21,0,2,1,2,0,3,4,0,2,7,70,2,6545,6545,4,5,5,2,0,0,0,1
1363677,4,2024,2024,6,2,11,77,27,13,58,0,1,1,-34.731278,150.522784,63,2,1,0,2,0,3,1,0,0,7,60,2,3775,3775,0,5,19,2,0,1,1,0
1363680,4,2024,2024,6,3,5,134,10,69,133,0,1,2,-33.824888,151.021172,54,0,2,1,0,0,3,3,2,0,7,70,2,3775,3775,0,5,0,3,0,2,0,0
1363681,4,2024,2024,5,6,5,481,17,96,483,0,1,9,-33.392592,148.003929,51,2,1,0,0,0,0,0,2,0,0,50,2,2852,2852,4,5,2,3,0,1,0,0
1363683,4,2024,2024,6,2,4,103,27,16,98,0,1,1,-33.23807,150.647839,29,1,2,1,0,0,3,3,2,0,7,100,2,9859,9859,8,21,40,1,0,2,1,0
1363684,4,2024,2024,5,6,9,133,27,316,34609,0,1,2,-31.448127,152.883193,56,2,1,1,2,0,0,0,0,0,7,50,0,1981,1981,4,0,19,2,0,1,0,0
1363685,2,2024,2024,6,1,2,6,27,18,34609,0,1,1,-34.244831,146.167974,28,1,0,1,0,0,0,0,0,0,7,100,0,945,945,5,16,40,1,0,0,1,0
1363688,2,2024,2024,8,2,10,10,7,237,34609,0,1,9,-33.867784,150.96343,21,0,2,1,2,0,0,0,0,0,7,50,0,323,323,1,16,0,2,0,0,1,0
1363689,2,2024,2024,6,3,9,220,14,21,220,0,1,3,-34.24365,150.942323,80,0,2,1,1,0,3,3,0,0,7,110,2,9859,9859,8,5,40,2,0,0,1,0
1363690,4,2024,2024,5,3,7,8,27,13,34609,0,1,1,-33.253632,150.221691,40,2,1,0,1,2,0,0,2,0,7,50,0,2585,4009,8,16,40,1,0,1,0,0
1363691,2,2024,2024,6,0,8,111,27,80,233,0,1,9,-33.933464,151.230307,4,0,2,1,2,0,0,0,2,0,15,60,2,5929,5929,1,34,5,2,0,0,1,1
1363693,2,2024,2024,5,5,6,10,27,18,34609,0,1,1,-33.341982,149.056176,52,2,1,0,1,0,3,4,2,0,7,80,0,3775,3775,0,10,0,2,0,0,3,1
1363694,1,2024,2024,8,0,9,161,17,12,161,0,1,1,-36.59545,149.33949,65,1,0,1,3,0,0,0,3,0,7,100,2,1089,1089,7,0,40,1,0,0,0,1
1363696,2,2024,2024,5,2,11,43,27,90,46,0,1,2,-28.245738,153.553949,72,2,1,0,2,0,0,0,0,0,7,60,1,14295,14295,3,0,0,2,0,0,1,1
1363697,4,2024,2024,5,1,5,18,1,112,34609,0,1,10,-33.905144,151.212223,69,0,2,1,0,0,0,0,2,2,7,40,0,186,186,9,5,28,4,0,2,1,0
1363698,4,2024,2024,5,0,7,515,14,204,518,0,1,3,-33.943038,151.159825,4,0,2,1,2,0,0,0,2,0,7,80,2,14295,14295,3,0,12,2,0,1,0,0
1363699,2,2024,2024,5,3,0,38,27,53,38,0,1,9,-33.38159,151.446736,16,2,2,1,0,0,0,0,0,0,7,70,1,9859,9859,8,10,40,1,0,0,1,0
1363700,1,2024,2024,5,0,11,69,31,93,34609,0,1,1,-36.091945,146.932226,0,2,1,0,2,0,3,4,0,0,7,60,0,3775,3775,0,5,5,2,0,0,0,1
1363701,4,2024,2024,5,1,2,4,7,24,34609,0,1,1,-33.975315,151.252048,59,0,2,0,2,0,0,0,0,0,7,50,0,2585,4009,1,5,0,2,0,1,0,0
1363702,4,2024,2024,5,2,5,346,17,8,332,0,1,9,-28.862591,153.085391,60,1,0,0,0,0,0,0,2,0,7,100,2,1109,787,1,0,13,2,0,1,0,1
1363703,2,2024,2024,5,2,11,1,31,36,34609,0,1,1,-33.934094,151.25883,59,0,2,1,2,0,0,0,0,0,7,50,0,9859,9859,1,30,0,2,0,0,1,0
1363704,1,2024,2024,5,1,6,2126,17,55,2149,0,1,9,-33.795601,150.8894,7,0,2,1,1,0,0,0,2,0,15,80,2,14295,14295,3,10,5,2,0,0,0,1
1363705,4,2024,2024,6,6,9,3371,17,63,3342,0,1,1,-33.253634,151.488107,16,2,2,1,0,0,0,3,0,0,7,70,2,121,121,9,0,28,2,0,1,1,0
1363706,4,2024,2024,5,3,1,78,31,127,6,0,1,9,-33.89317,151.150387,32,0,2,0,2,0,0,0,0,0,7,60,1,4552,5151,8,10,40,1,0,1,0,0
1363707,2,2024,2024,5,6,8,11,31,48,35,0,1,10,-29.04591,152.022844,51,2,1,1,2,0,3,4,0,0,0,50,1,6545,6545,4,0,5,2,0,0,1,0
1363710,2,2024,2024,5,4,11,4,1,126,34609,1,0,10,-33.913495,150.819077,41,0,2,1,2,0,0,0,0,0,0,60,0,6545,6545,4,5,5,2,0,0,2,0
1363712,1,2024,2024,5,5,7,111,27,150,233,1,0,1,-33.929855,151.229459,59,0,2,1,0,0,0,0,2,0,7,60,2,3775,3775,0,5,5,3,0,0,0,1
1363713,2,2024,2024,5,0,11,32,27,6,34609,0,1,1,-34.38396,150.889256,80,0,2,1,2,0,0,0,0,0,7,50,0,4026,4026,1,5,0,2,0,0,1,0
1363714,4,2024,2024,5,5,5,7,31,176,34609,0,1,9,-33.969155,151.134219,25,0,2,1,1,0,0,0,2,0,0,50,0,2040,2040,9,0,28,3,0,1,1,0
1363715,2,2024,2024,5,0,10,16,10,179,34609,0,1,9,-31.921838,152.437328,43,2,1,1,2,0,0,0,0,0,7,50,0,4026,4026,1,10,5,3,0,0,1,0
1363716,4,2024,2024,5,0,8,73,31,532,34609,0,1,10,-33.865166,151.204142,69,0,2,1,1,0,0,0,2,2,7,40,0,515,515,1,5,27,2,0,1,0,0
1363717,4,2024,2024,5,4,3,2261,17,243,2252,0,1,2,-33.940787,150.912219,41,0,2,1,1,0,3,3,2,0,7,70,2,14295,14295,3,5,5,2,0,1,0,0
1363718,1,2024,2024,6,0,7,344,27,62,382,0,1,2,-33.724839,150.844584,7,0,2,1,3,0,0,0,2,0,7,80,2,1391,1391,1,5,13,2,0,0,0,1
1363719,4,2024,2024,5,6,5,1,18,1,34609,0,1,1,-28.931348,153.512649,2,2,1,1,0,0,0,0,2,0,7,70,0,4026,4026,8,0,40,1,0,1,0,0
1363721,4,2024,2024,5,4,4,149,36,43,81,0,1,9,-32.168891,152.497374,43,2,1,1,1,0,0,0,2,0,0,50,2,150,150,4,5,36,2,0,1,0,0
1363722,2,2024,2024,6,4,4,113,27,104,111,0,1,9,-33.805272,150.770641,55,0,2,1,0,0,0,3,2,0,15,80,2,2852,2852,4,5,0,3,0,0,3,0
1363725,2,2024,2024,1,2,9,51,31,252,59,0,1,9,-33.885589,151.216715,69,0,2,1,2,0,0,0,0,0,15,40,1,515,515,1,5,27,2,0,0,1,0
1363726,1,2024,2024,5,3,5,106,27,31,106,0,1,9,-33.927662,150.873977,41,0,2,1,3,0,0,0,2,2,7,70,2,1669,1669,3,0,19,2,0,0,0,1
1363727,4,2024,2024,5,6,9,12,23,134,65,0,1,9,-33.672313,150.857939,7,0,2,1,2,0,0,0,0,0,7,60,1,323,323,1,16,22,2,0,1,0,0
1363728,1,2024,2024,5,4,8,133,10,316,121,0,1,1,-31.466568,152.900441,56,2,1,1,0,0,0,0,2,0,7,60,1,14295,14295,3,0,5,2,0,0,0,1
1363730,4,2024,2024,5,0,6,87,1,157,34609,0,1,1,-34.018019,151.09208,68,0,2,1,1,0,0,0,2,0,7,50,0,4026,4026,8,5,40,1,0,1,0,0
1363732,2,2024,2024,1,2,0,3371,17,60,3342,0,1,1,-33.43841,151.246805,16,2,2,0,0,0,0,0,0,0,7,60,2,1850,1463,5,0,40,1,0,0,1,0
1363733,4,2024,2024,5,1,3,35,31,90,262,0,1,10,-32.919682,151.747786,48,0,2,1,1,0,0,0,2,2,9,60,2,2040,2040,9,0,28,2,0,1,0,0
1363734,2,2024,2024,6,1,4,8,27,323,34609,1,0,10,-33.76899,150.969561,71,0,2,1,1,0,0,0,2,0,0,50,0,2040,2040,9,5,28,2,0,0,1,0
1363740,2,2024,2024,5,0,6,3,1,147,34609,0,1,1,-33.746875,151.281192,50,0,2,1,0,0,0,0,2,0,7,50,0,3775,3775,0,0,13,2,0,0,1,0
1363741,4,2024,2024,1,3,0,21,22,115,21,0,1,3,-33.916401,151.173921,32,0,2,0,0,0,0,0,0,0,7,90,2,2585,4009,8,16,40,1,0,1,0,0
1363743,4,2024,2024,1,1,7,15,27,16,34609,0,1,7,-33.732313,151.277376,50,0,2,0,1,0,0,0,2,0,0,50,0,4552,5151,8,0,40,1,0,1,0,0
1363745,4,2024,2024,5,1,10,55,27,137,96,0,1,9,-32.959334,151.69243,37,0,2,1,2,0,3,4,0,2,7,60,2,5929,5929,1,5,18,2,0,1,0,0
1363747,2,2024,2024,1,2,11,89,31,133,34609,0,1,7,-33.923647,151.021707,15,0,2,1,2,0,0,0,0,0,0,50,0,9859,9859,1,0,5,2,0,0,1,0
1363748,2,2024,2024,1,1,4,59,31,45,34609,0,1,7,-33.892464,151.191699,69,0,2,1,1,0,0,0,2,0,0,40,0,6545,6545,4,5,27,2,0,0,1,0
1363749,2,2024,2024,1,5,8,55,36,22,95,0,1,1,-33.188364,148.733422,11,1,0,1,0,0,0,0,2,0,7,100,2,9859,9859,8,10,40,1,0,0,2,0
1363751,2,2024,2024,1,0,4,220,27,323,222,0,1,2,-33.761509,150.957261,71,0,2,0,1,0,0,0,2,0,7,80,2,14295,14295,3,5,13,3,0,0,1,1
1363754,2,2024,2024,1,5,7,11,27,27,144,0,1,7,-32.885997,151.770017,48,0,2,0,1,0,0,0,2,0,0,80,2,2585,4009,8,16,40,1,0,0,1,0
1363755,4,2024,2024,1,6,5,9,27,108,31,0,1,1,-33.762717,151.277463,50,0,2,1,1,0,3,4,2,0,7,60,1,1981,1981,4,0,18,2,0,1,0,0
1363756,4,2024,2024,1,5,7,3,27,2,4,0,1,10,-32.016609,148.440381,51,1,0,1,0,0,0,0,2,0,0,100,2,6545,6545,4,0,10,2,0,1,1,0
1363759,1,2024,2024,1,4,0,334,31,370,256,0,1,10,-34.070775,150.811886,13,0,2,1,2,0,0,0,0,2,7,60,2,6545,6545,4,16,5,2,0,0,0,1
1363760,4,2024,2024,1,4,8,1,27,8,1,0,1,1,-29.40129,148.676669,51,1,0,0,0,0,0,0,2,0,7,100,1,782,957,5,0,40,1,0,2,0,0
1363762,1,2024,2024,1,5,4,149,36,2,113,0,1,1,-32.365998,152.500597,43,2,1,1,0,0,0,3,2,0,7,80,1,96,96,0,0,12,2,0,0,0,1
1363763,1,2024,2024,1,5,7,3,31,463,34609,0,1,1,-30.301867,153.115253,19,2,1,1,2,0,0,0,2,0,7,50,0,237,397,1,0,0,3,0,0,0,1
1363765,2,2024,2024,1,4,7,308,14,164,311,0,1,3,-33.735043,150.890207,7,0,2,1,0,0,0,0,2,0,7,100,2,14295,14295,3,21,5,2,0,0,1,0
1363767,4,2024,2024,1,5,10,3,1,463,34609,0,1,1,-30.297525,153.107339,19,2,1,1,2,0,0,0,0,0,7,50,0,3775,3775,0,16,19,2,0,2,0,0
1363769,2,2024,2024,1,6,10,3371,17,17,3342,0,1,2,-28.911715,153.478365,2,1,0,0,0,0,0,0,0,0,7,110,2,1282,1282,1,5,35,2,0,0,1,0
1363770,4,2024,2024,11,3,5,2,1,646,34609,0,1,7,-33.923251,151.025338,15,0,2,1,1,0,0,0,2,0,0,50,0,9859,9859,8,5,40,1,0,1,0,0
1363771,2,2024,2024,5,1,2,100,27,127,100,0,1,1,-33.823089,150.852952,24,0,2,1,2,0,0,0,1,0,7,70,2,1383,1383,1,33,0,2,0,0,1,0
1363773,4,2024,2024,1,0,10,916,17,48,917,0,1,1,-29.167799,152.004493,51,1,0,0,0,0,0,0,0,0,7,100,2,4552,5151,8,30,40,1,0,1,1,0
1363774,2,2024,2024,1,4,9,2126,17,26,2149,0,1,9,-33.702359,150.578378,8,2,2,1,2,0,0,0,0,0,0,80,2,9859,9859,8,10,40,1,0,0,1,0
1363776,4,2024,2024,1,0,2,1,27,1,34609,0,1,1,-31.726773,152.24604,43,2,1,0,0,2,0,0,0,0,7,60,0,1981,1981,4,10,19,2,0,1,0,1
1363778,2,2024,2024,1,1,5,330,27,106,605,0,1,9,-33.679262,151.302743,50,0,2,0,1,0,0,0,2,2,7,60,2,6545,6545,4,5,0,4,0,0,1,0
1363779,1,2024,2024,1,1,4,168,10,387,260,0,1,9,-33.935856,151.192838,4,0,2,1,3,0,0,0,2,2,7,70,2,1669,1669,3,0,0,2,0,0,0,1
1363783,4,2024,2024,11,5,9,39,27,112,51,0,1,1,-33.669607,151.03742,31,0,2,0,0,0,0,0,0,0,7,60,2,96,96,0,16,13,2,0,1,0,0
1363784,1,2024,2024,1,3,2,32,27,5,34609,0,1,1,-34.620423,149.520021,74,1,0,0,0,0,3,3,1,0,7,100,0,1259,5151,8,0,40,1,0,0,0,1
1363787,4,2024,2024,11,4,7,195,27,40,186,0,1,2,-33.948937,150.838631,41,0,2,1,0,0,0,0,2,0,7,70,2,14295,14295,3,5,13,2,0,1,0,1
1363788,2,2024,2024,1,3,10,2,31,246,34609,0,1,1,-33.904165,151.200914,69,0,2,1,2,0,0,0,0,0,7,50,0,9859,9859,1,9,13,3,0,0,1,1
1363791,1,2024,2024,11,2,7,15,27,22,34609,0,1,1,-35.146344,149.958505,26,2,1,0,0,0,0,0,2,0,7,80,0,3775,3775,0,16,0,2,0,0,0,1
1363792,4,2024,2024,1,6,3,387,27,204,331,0,1,10,-33.942239,151.132672,4,0,2,1,1,0,0,0,2,2,7,60,2,395,395,1,5,12,2,0,1,0,0
1363798,4,2024,2024,1,2,9,24,31,290,28,0,1,9,-33.847209,150.987088,21,0,2,1,2,0,0,0,0,0,6,50,1,2040,2040,9,10,28,3,0,1,2,0
1363799,4,2024,2024,11,1,5,5,27,18,34609,0,1,1,-34.241729,146.229369,28,1,0,1,0,2,0,0,2,0,7,100,0,1981,1981,4,5,13,2,0,1,1,0
1363801,2,2024,2024,11,1,7,119,31,188,140,0,1,9,-33.928557,151.103487,15,0,2,1,0,0,0,0,2,0,7,50,1,2852,2852,4,0,18,2,0,0,1,0
1363802,4,2024,2024,1,6,7,2209,17,176,2205,0,1,2,-33.957569,151.137789,4,0,2,1,1,0,0,0,2,0,7,60,2,2040,2040,9,5,28,2,0,1,0,0
1363804,2,2024,2024,11,6,8,265,17,6,193,0,1,9,-35.172474,147.275813,75,1,0,0,3,0,0,0,2,0,0,100,2,1109,787,1,5,13,2,0,0,2,0
1363809,1,2024,2024,11,1,6,224,27,137,321,1,0,9,-33.919379,151.198564,69,0,2,1,3,0,0,0,2,2,7,50,2,1669,1669,3,5,0,2,0,0,0,1
1363812,1,2024,2024,11,4,3,29,27,24,30,0,1,7,-33.906032,150.893989,41,0,2,1,1,0,0,0,2,0,0,60,1,6545,6545,4,10,0,2,0,0,0,1
1363813,2,2024,2024,11,0,8,3,10,111,34609,0,1,1,-33.703168,150.877025,7,0,2,1,3,0,2,6,2,0,7,50,0,9859,9859,1,5,5,3,0,0,1,0
1363814,2,2024,2024,1,2,9,2209,17,6,2205,0,1,1,-36.363464,149.974771,5,1,0,0,0,0,0,0,0,0,7,100,2,1259,5151,8,10,40,1,0,0,1,0
1363815,4,2024,2024,1,6,9,251,14,82,124,0,1,3,-33.822398,151.205689,49,0,2,1,2,0,0,0,3,0,7,80,2,3775,3775,0,0,0,3,0,2,0,0
1363816,1,2024,2024,1,1,3,100,31,49,18,0,1,9,-33.967488,151.147576,4,0,2,1,1,0,0,0,2,0,7,50,1,5929,5929,1,5,0,2,0,0,0,1
1363819,2,2024,2024,11,2,9,109,27,18,174,0,1,9,-32.989702,151.521852,37,0,2,0,0,0,0,0,0,0,15,80,2,2852,2852,4,5,13,2,0,0,1,1
1363820,4,2024,2024,11,4,3,3,27,16,34609,0,1,1,-34.588669,146.38493,51,1,0,1,0,0,0,0,1,0,7,100,0,9859,9859,8,5,40,1,0,1,0,0
1363821,4,2024,2024,11,5,11,3371,17,44,3342,0,1,2,-30.563182,153.004786,6,1,0,1,2,0,0,0,0,0,7,110,2,9859,9859,8,33,40,1,0,1,0,0
1363823,4,2024,2024,11,2,0,11,1,166,35,0,1,10,-33.891474,151.182711,69,0,2,1,2,0,0,0,0,2,7,40,1,2040,2040,9,33,28,2,0,1,0,0
1363825,4,2024,2024,11,3,6,6,27,43,34609,0,1,10,-33.599097,150.869749,29,2,2,1,1,0,0,0,2,0,0,70,0,6545,6545,4,0,5,2,0,1,1,0
1363826,2,2024,2024,11,3,4,110,31,433,34609,0,1,10,-33.263014,149.097887,52,2,1,1,1,0,0,0,2,0,0,50,0,2040,2040,9,5,28,2,0,0,1,0
1363828,2,2024,2024,11,6,7,78,17,22,75,0,1,8,-33.854811,151.20904,69,0,2,1,1,0,0,0,2,0,7,70,2,1109,787,1,9,19,2,0,0,1,0
1363832,2,2024,2024,8,4,9,2,27,36,34609,0,1,9,-32.94059,151.621294,37,0,2,0,0,0,0,0,0,0,7,80,0,4552,5151,8,16,40,1,0,0,1,0
1363834,1,2024,2024,11,2,11,866,17,98,793,0,1,9,-33.739168,151.071122,31,0,2,1,2,0,0,0,0,2,7,70,2,4026,4026,8,5,40,1,0,0,0,1
1363835,2,2024,2024,11,4,0,13,27,43,42,0,1,1,-33.585707,150.82596,29,2,2,1,0,0,0,0,0,0,7,80,1,4026,4026,8,10,40,1,0,0,1,0
1363836,2,2024,2024,11,1,4,178,27,189,101,0,1,9,-33.945381,151.0534,15,0,2,1,1,0,0,0,2,2,7,50,1,1282,1282,1,5,40,3,0,0,1,0
1363838,4,2024,2024,11,0,6,3,27,44,34609,0,1,1,-30.728552,152.916109,47,2,1,1,0,0,0,0,2,0,7,60,0,121,121,9,9,26,2,0,1,0,0
1363839,4,2024,2024,11,2,6,29,31,609,48,1,0,10,-33.769156,150.892413,7,0,2,1,0,0,0,0,2,2,9,60,1,2040,2040,9,0,28,2,0,1,0,0
1363840,4,2024,2024,11,5,4,866,27,201,44,0,1,1,-33.999031,150.868996,13,0,2,1,0,0,0,0,2,0,7,60,1,238,238,9,30,28,2,0,1,0,0
1363842,4,2024,2024,11,6,10,103,27,10,98,0,1,1,-33.437879,150.825538,29,2,2,0,0,0,0,0,0,0,7,80,2,2585,4009,8,5,40,1,0,1,0,0
1363843,4,2024,2024,11,2,8,6,27,108,34609,0,1,1,-28.850783,153.554526,2,2,1,1,0,0,0,0,3,0,7,50,0,238,238,9,10,28,2,0,1,0,0
1363844,4,2024,2024,11,5,4,18,27,136,148,1,0,9,-32.932101,151.718999,48,0,2,1,1,0,0,0,2,0,7,60,1,591,591,1,22,5,2,0,1,0,0
1363845,4,2024,2024,1,6,10,149,27,52,198,0,1,1,-33.95639,150.956296,41,0,2,0,0,0,0,0,0,0,7,60,2,4552,5151,8,16,40,1,0,1,0,0
1363846,2,2024,2024,11,2,8,1052,14,207,928,0,1,3,-33.597241,151.172349,31,0,2,0,2,0,0,0,0,0,7,110,2,14295,14295,3,5,0,3,0,0,1,1
1363849,2,2024,2024,11,4,4,22,27,41,173,0,1,2,-34.39731,150.868146,80,0,2,0,3,0,3,4,2,0,7,80,2,14295,14295,3,0,0,10,0,0,2,0
1363854,2,2024,2024,11,4,5,3,1,69,34609,1,0,10,-34.557999,150.853929,62,0,2,1,3,0,3,4,2,0,0,50,0,6545,6545,4,5,5,2,0,0,1,0
1363855,1,2024,2024,11,0,6,83,31,532,21,1,0,10,-33.874224,151.205273,69,0,2,1,2,0,0,0,2,2,7,40,1,6545,6545,4,22,0,2,0,0,0,1
1363856,1,2024,2024,1,2,7,2209,17,24,2205,0,1,9,-36.211684,150.122647,23,2,1,1,1,0,0,0,2,0,7,50,2,14295,14295,3,33,0,2,0,0,0,1
1363857,2,2024,2024,11,5,8,1,31,111,34609,0,1,9,-33.710475,150.885802,7,0,2,1,0,0,0,0,2,0,7,50,0,2585,777,8,0,40,1,0,0,1,0
1363858,2,2024,2024,11,6,4,43,27,11,118,0,1,9,-30.547089,150.613385,70,1,0,1,0,0,0,0,2,0,7,100,2,1089,1089,7,0,40,1,0,0,1,0
1363859,1,2024,2024,11,4,2,2,22,60,34609,1,0,1,-33.76569,150.759272,55,0,2,0,0,0,0,0,1,0,7,60,0,1259,5151,8,5,40,1,0,0,0,1
1363860,4,2024,2024,11,6,3,5,27,4,34609,0,1,1,-35.887671,146.546416,27,1,0,0,0,0,3,4,2,0,7,100,0,3775,3775,0,0,12,2,0,1,0,0
1363861,2,2024,2024,11,2,11,1,31,22,34609,1,0,10,-33.184099,148.694377,11,2,1,1,0,0,0,0,0,0,0,50,0,4026,4026,8,0,40,1,0,0,1,0
1363862,4,2024,2024,11,0,3,2209,17,115,2205,0,1,9,-33.916644,151.172645,32,0,2,1,1,0,0,0,2,0,7,60,2,515,515,1,8,18,2,0,1,0,0
1363863,1,2024,2024,11,6,8,15,27,19,34609,0,1,7,-28.215531,153.483604,72,2,1,0,0,0,0,0,2,0,0,50,0,6545,6545,4,0,19,2,0,0,0,2
1363866,4,2024,2024,11,1,3,1,22,387,34609,0,1,0,-33.936941,151.165463,4,0,2,1,1,0,0,0,1,0,9,20,0,1220,1220,9,21,28,2,0,1,0,0
1363868,4,2024,2024,11,3,0,36,27,11,82,0,1,1,-35.165125,147.33455,75,2,1,0,0,0,0,0,0,0,7,80,1,4552,5151,8,5,40,1,0,1,0,0
1363869,1,2024,2024,11,3,9,118,27,646,118,0,1,1,-33.929182,151.029862,15,0,2,1,2,0,0,0,0,0,7,60,1,1192,1192,1,33,5,2,0,0,0,1
1363871,4,2024,2024,11,0,3,9,27,26,34609,0,1,1,-31.276146,152.964395,34,2,1,0,0,2,0,0,0,0,7,50,0,4552,5151,8,0,40,1,0,2,0,0
1363872,4,2024,2024,11,2,9,916,17,44,917,0,1,9,-32.047432,150.858853,73,2,1,1,0,0,0,0,3,0,15,50,2,14295,14295,3,33,5,2,0,1,0,0
1363873,2,2024,2024,11,4,10,33,10,54,34609,0,1,1,-28.518719,153.52225,10,1,0,0,0,0,3,4,0,0,7,100,0,1259,5151,8,9,40,1,0,0,1,0
1363874,2,2024,2024,11,0,5,6,27,96,34609,0,1,7,-33.383964,148.001583,51,2,1,1,0,0,0,0,2,0,0,50,0,6545,6545,4,5,0,2,0,0,1,0
1363875,1,2024,2024,11,1,11,30,31,532,34609,0,1,9,-33.864904,151.20882,69,0,2,1,2,0,0,0,0,0,5,40,0,1109,787,1,5,27,2,0,0,0,1
1363876,2,2024,2024,1,0,3,27,17,35,34609,0,1,1,-29.892503,153.060026,18,1,0,1,0,0,0,0,2,0,7,100,0,3775,3775,0,10,13,2,0,0,1,0
1363877,1,2024,2024,11,5,6,10,31,532,34,0,1,10,-33.873031,151.207073,69,0,2,1,1,0,0,0,2,2,9,40,1,1220,1220,9,9,28,2,0,0,0,1
1363880,2,2024,2024,11,6,8,191,16,22,34609,0,1,9,-33.633661,150.793676,29,2,2,1,1,0,0,0,2,0,7,50,0,1945,1945,5,16,40,1,0,0,1,0
1363881,4,2024,2024,1,6,3,2209,17,204,2205,0,1,2,-33.935733,151.150545,4,0,2,1,1,0,3,4,1,0,7,60,2,2040,2040,9,9,28,3,0,1,0,0
1363883,4,2024,2024,11,2,1,93,10,40,13,0,1,6,-34.414097,150.882344,80,0,2,1,2,0,0,0,0,0,7,80,2,4026,4026,8,5,40,1,0,3,0,0
1363884,4,2024,2024,5,6,9,361,7,28,34609,0,1,1,-34.018479,151.065176,68,0,2,0,2,0,0,0,0,0,7,50,0,4552,5151,1,5,0,2,0,1,0,0
1363886,4,2024,2024,11,5,9,512,17,562,441,0,1,1,-32.200516,148.522892,22,1,0,1,0,0,0,0,3,0,7,110,2,9859,9859,8,30,40,1,0,2,0,0
1363888,2,2024,2024,11,0,8,89,31,532,34609,0,1,9,-33.864394,151.204764,69,0,2,1,2,0,0,0,0,2,7,40,0,1192,1192,1,0,22,3,0,0,1,0
1363892,4,2024,2024,1,4,10,84,27,169,769,0,1,10,-33.588616,150.729479,29,2,2,1,2,0,0,0,0,0,0,60,2,2040,2040,9,0,28,2,0,1,0,0
1363893,2,2024,2024,11,0,8,330,23,293,112,0,1,10,-33.941589,151.239108,59,0,2,1,0,0,0,0,2,3,7,50,2,340,340,9,5,28,2,0,0,1,0
1363894,2,2024,2024,11,3,6,37,31,108,34609,0,1,2,-33.765972,151.269002,50,0,2,1,1,0,0,0,2,0,7,50,0,1981,1981,4,10,5,2,0,0,1,0
1363896,2,2024,2024,11,5,5,35,31,252,55,0,1,10,-33.876951,151.212087,69,0,2,1,1,0,0,0,2,2,7,40,1,2040,2040,9,5,28,2,0,0,1,0
1363897,2,2024,2024,11,6,3,308,14,127,311,0,1,3,-33.847202,150.853547,24,0,2,1,0,0,3,4,2,0,7,80,2,14295,14295,3,29,0,2,0,0,1,0
1363898,4,2024,2024,1,2,4,127,27,135,103,0,1,9,-32.904441,151.745764,48,0,2,1,1,0,0,0,2,2,7,60,1,5929,5929,1,16,5,2,0,1,0,0
1363899,2,2024,2024,6,2,8,4,27,24,34609,0,1,9,-33.42052,151.399984,16,2,2,1,2,0,3,0,3,0,15,50,0,150,150,4,10,5,2,0,0,1,0
1363901,4,2024,2024,11,2,7,2209,17,35,2205,0,1,1,-35.445719,150.387591,63,1,0,1,0,0,0,0,2,0,7,100,2,404,404,8,16,40,1,0,1,0,0
1363902,1,2024,2024,11,6,8,85,27,53,145,0,1,9,-33.801158,151.040625,54,0,2,1,3,0,0,0,2,0,7,60,2,926,926,4,9,5,2,0,0,0,1
1363906,2,2024,2024,10,6,6,3,27,1,34609,0,1,9,-29.508223,151.310546,33,1,0,0,3,2,0,0,2,0,8,100,0,4552,985,8,0,40,1,0,0,1,2
1363913,1,2024,2024,1,4,4,162,31,532,24,0,1,9,-33.868936,151.208683,69,0,2,1,3,0,0,0,2,0,7,40,1,515,515,1,0,27,2,0,0,0,1
1363914,1,2024,2024,11,1,7,866,17,94,793,0,1,10,-33.888259,150.92284,24,0,2,1,3,0,0,0,2,2,7,70,2,14295,14295,3,8,25,2,0,0,0,1