Crash ID,Degree of crash - detailed,Reporting year,Year of crash,Month of crash,Day of week of crash,Two-hour intervals,Street of crash,Street type,Town,Route no.,School zone location,School zone active,Type of location,Latitude,Longitude,LGA,Urbanisation,Conurbation 1,Alignment,Street lighting,Road surface,Surface condition,Weather,Natural lighting,Signals operation,Other traffic control,Speed limit,Road classification,RUM - code,DCA - code,First impact type,Key TU type,Other TU type,No. of traffic units involved,No. killed,No. seriously injured,No. moderately injured,No. minor-other injured
1363916,2,2024,2024,11,2,6,67,27,108,68,0,1,9,-33.801487,151.189258,77,0,2,0,3,0,0,0,2,0,0,50,1,14295,14295,3,5,5,3,0,0,1,1
1363918,4,2024,2024,11,0,10,38,31,387,64,0,1,1,-33.923042,151.191423,4,0,2,0,3,0,3,4,0,0,7,50,2,1957,4009,8,5,40,1,0,1,0,0
1363920,2,2024,2024,1,2,9,4,27,67,34609,1,0,1,-34.425173,150.870552,80,0,2,1,3,0,0,0,0,0,7,50,0,9859,9859,1,9,5,3,0,0,1,0
1363925,2,2024,2024,11,6,10,2261,17,68,2252,0,1,2,-34.81133,148.93667,82,1,0,1,3,0,3,4,0,0,7,110,2,9859,9859,8,0,40,1,0,0,2,0
1363926,1,2024,2024,6,0,10,194,31,445,18,0,1,9,-33.863213,151.04448,21,0,2,1,2,0,0,0,0,2,9,50,1,2040,2040,9,5,28,2,0,0,0,1
1363930,4,2024,2024,1,4,10,32,27,42,27,0,1,1,-33.668322,151.231914,50,0,2,0,3,0,3,4,0,0,7,50,2,1850,1463,5,16,40,1,0,1,0,0
1363931,1,2024,2024,1,6,8,79,10,80,34609,0,1,7,-33.877762,151.20049,69,0,2,1,0,0,0,0,2,0,0,50,0,6545,6545,4,0,5,2,0,0,0,1
1363935,1,2024,2024,10,6,6,191,27,20,208,0,1,9,-33.796287,151.093119,61,0,2,1,3,0,0,0,2,2,7,60,2,14295,14295,3,0,0,2,0,0,0,1
1363938,1,2024,2024,11,6,3,194,31,70,34609,0,1,10,-32.73384,151.552967,42,2,1,1,3,0,0,0,1,2,7,40,0,6545,6545,4,9,0,2,0,0,0,1
1363939,1,2024,2024,5,6,6,9,27,143,44,0,1,1,-33.713648,151.098874,31,0,2,1,3,0,0,0,2,0,7,60,1,623,623,3,5,0,2,0,0,0,1
1363942,1,2024,2024,11,0,7,1104,14,460,962,0,1,3,-33.824698,150.988825,21,0,2,0,3,0,0,0,2,0,7,90,2,14295,14295,3,0,13,3,0,0,0,1
1363943,1,2024,2024,11,5,5,2261,17,443,2252,0,1,9,-33.893314,151.054828,15,0,2,1,3,0,0,0,2,0,7,70,2,14295,14295,3,5,13,2,0,0,0,1
1363948,2,2024,2024,11,0,4,9,27,47,34609,0,1,10,-28.84234,153.441879,2,2,1,1,3,0,3,3,2,0,15,60,0,6545,6545,4,5,13,3,0,0,1,0
1363952,2,2024,2024,11,5,4,47,31,166,34609,0,1,10,-33.420854,149.588337,3,2,1,1,3,0,0,0,2,0,0,60,0,6545,6545,4,0,36,3,0,0,1,0
1363953,1,2024,2024,11,2,0,2,27,6,34609,0,1,1,-35.691406,148.03786,66,1,0,0,3,0,3,4,0,0,7,100,0,1957,4009,8,10,40,1,0,0,0,2
1363956,1,2024,2024,11,2,7,154,27,293,244,0,1,1,-33.923905,151.057225,15,0,2,1,3,0,0,0,2,0,7,60,2,14295,14295,3,5,5,3,0,0,0,1
1363960,1,2024,2024,11,4,6,59,27,370,53,0,1,9,-34.072858,150.794978,13,0,2,1,3,0,3,4,2,0,0,60,2,5929,5929,1,30,5,2,0,0,0,1
1363962,1,2024,2024,11,4,7,2126,17,9,2149,0,1,2,-33.712777,150.517901,8,2,2,0,3,0,3,4,2,0,7,80,2,3775,3775,0,5,12,3,0,0,0,1
1363964,1,2024,2024,11,4,10,85,27,36,145,0,1,9,-33.804286,151.026799,54,0,2,1,3,0,3,5,0,2,7,60,2,14295,14295,3,0,0,2,0,0,0,1
1363965,2,2024,2024,11,1,4,2126,17,115,2149,0,1,9,-33.884378,151.194801,69,0,2,1,3,0,0,0,2,2,7,50,2,14295,14295,3,16,5,2,0,0,1,0
1363966,1,2024,2024,11,1,6,78,27,147,78,0,1,9,-33.872929,151.127397,14,0,2,1,3,0,0,0,2,0,7,60,2,9859,9859,8,15,40,1,0,0,0,1
1363970,2,2024,2024,11,1,5,1,27,443,34609,0,1,1,-33.894599,151.056837,15,0,2,1,3,0,0,0,2,0,7,50,0,4026,4026,8,5,40,1,0,0,1,0
1363971,2,2024,2024,11,0,5,26,10,370,68,0,1,7,-34.078653,150.797972,13,0,2,1,3,0,0,0,2,0,0,60,1,1981,1981,4,0,5,2,0,0,1,0
1363973,1,2024,2024,11,2,5,2261,17,140,2252,0,1,9,-33.896388,150.99084,15,0,2,1,3,0,0,0,2,2,7,70,2,14295,14295,3,0,5,2,0,0,0,1
1363976,2,2024,2024,11,1,5,171,1,147,29,0,1,7,-33.741147,151.288646,50,0,2,1,3,0,0,0,2,0,0,50,1,775,775,4,5,12,2,0,0,1,0
1363978,4,2024,2024,11,0,4,61,27,19,70,0,1,1,-33.664674,150.949906,71,0,2,1,3,0,3,4,2,0,7,70,1,945,945,5,10,40,1,0,1,0,0
1363981,2,2024,2024,11,5,6,1,27,13,34609,0,1,1,-34.502777,149.352145,74,1,0,1,3,0,0,0,2,0,7,100,0,3775,3775,0,10,5,2,0,0,1,0
1363982,1,2024,2024,11,0,8,27,27,108,49,1,0,1,-33.763972,151.279732,50,0,2,1,3,0,0,0,2,0,7,60,1,1669,1669,3,0,5,2,0,0,0,1
1363983,1,2024,2024,10,6,3,98,27,294,198,0,1,1,-33.926909,150.928149,41,0,2,1,3,0,3,4,2,0,7,60,2,14295,14295,3,5,0,4,0,0,0,1
1363984,4,2024,2024,11,6,7,6,31,609,34609,1,0,9,-33.757528,150.911509,7,0,2,1,1,0,0,0,2,0,0,50,0,2852,2852,4,5,19,2,0,1,0,0
1363989,1,2024,2024,10,4,6,2126,17,445,2149,0,1,2,-33.848873,151.049692,21,0,2,1,3,0,0,0,2,0,7,60,2,14295,14295,3,9,0,2,0,0,0,1
1363990,2,2024,2024,11,4,9,2261,17,284,2252,1,0,9,-33.90764,151.025984,15,0,2,1,3,0,0,0,3,2,7,60,2,5929,5929,1,0,5,2,0,0,1,0
1363991,2,2024,2024,11,0,2,195,27,83,186,0,1,2,-33.88501,150.863414,41,0,2,1,3,0,0,0,0,0,7,70,2,14295,14295,3,5,0,3,0,0,1,1
1363993,2,2024,2024,11,4,8,4,27,19,19,0,1,1,-33.20875,151.487086,16,1,2,1,0,0,3,4,2,0,7,100,2,14295,14295,3,0,13,10,0,0,2,2
1363995,4,2024,2024,11,4,6,57,27,337,47,0,1,9,-33.733048,151.002648,71,0,2,1,3,0,0,0,2,2,7,60,2,945,945,5,5,40,1,0,1,0,0
1363996,1,2024,2024,5,0,10,9,27,8,34609,0,1,9,-33.650765,150.917264,71,0,2,1,3,0,0,0,0,0,7,50,0,9859,9859,8,5,40,1,0,0,0,1
1363999,1,2024,2024,11,3,0,387,27,290,331,0,1,9,-33.950037,151.126416,4,0,2,1,3,0,0,0,0,2,7,60,2,14295,14295,3,5,5,2,0,0,0,1
1364000,1,2024,2024,11,4,8,1052,14,77,928,0,1,3,-33.524004,151.196226,16,1,2,1,3,0,3,4,2,0,7,110,2,14295,14295,3,0,0,3,0,0,0,1
1364002,1,2024,2024,11,6,4,6,27,78,34609,0,1,9,-33.699953,150.562999,8,2,2,0,3,0,0,0,2,0,15,40,0,6545,6545,4,0,13,2,0,0,0,1
1364003,1,2024,2024,11,6,7,47,31,363,31,0,1,10,-33.819387,151.007484,54,0,2,1,3,0,0,0,2,2,7,60,1,14295,14295,3,5,5,2,0,0,0,1
1364006,1,2024,2024,11,5,6,1,27,15,34609,0,1,1,-32.914221,151.733735,48,0,2,1,3,0,0,0,2,0,7,50,0,941,941,1,10,0,2,0,0,0,1
1364008,2,2024,2024,11,4,10,24,27,115,52,0,1,10,-33.910137,151.175775,32,0,2,1,3,0,3,4,0,2,7,50,1,5929,5929,1,0,0,2,0,0,1,0
1364009,1,2024,2024,6,5,4,251,27,62,212,0,1,2,-33.753403,151.258497,50,0,2,0,3,0,0,0,2,0,7,70,2,14295,14295,3,0,5,2,0,0,0,1
1364013,1,2024,2024,11,1,8,65,27,202,563,0,1,9,-33.939802,151.035595,15,0,2,1,3,0,0,0,2,2,7,70,2,14295,14295,3,10,5,2,0,0,0,1
1364019,2,2024,2024,11,6,7,22,27,104,144,0,1,9,-33.792411,150.807559,55,0,2,1,3,0,0,0,2,2,7,60,2,1192,1192,1,0,5,3,0,0,1,0
1364021,1,2024,2024,11,1,4,99,31,84,105,0,1,10,-33.881272,150.940196,24,0,2,1,3,0,0,0,2,0,0,60,1,6545,6545,4,5,5,3,0,0,0,1
1364031,4,2024,2024,10,6,8,48,27,57,34609,0,1,1,-34.567359,150.811132,62,0,2,0,3,0,0,0,2,0,7,50,0,4552,5151,8,10,40,3,0,1,0,0
1364034,1,2024,2024,1,2,7,71,17,21,71,1,0,1,-34.507065,144.843959,51,2,1,1,3,0,0,0,2,0,7,50,2,941,941,1,5,5,2,0,0,0,1
1364036,1,2024,2024,11,3,10,13,27,438,563,0,1,6,-33.845065,151.041863,21,0,2,0,3,0,0,0,0,0,9,70,2,14295,14295,3,5,0,2,0,0,0,1
1364041,1,2024,2024,11,0,7,866,17,54,793,0,1,9,-33.721699,151.104291,31,0,2,1,3,0,0,0,2,2,7,70,2,14295,14295,3,5,5,3,0,0,0,1
1364045,1,2024,2024,11,6,8,53,31,147,125,0,1,9,-33.885336,151.006476,15,0,2,1,3,0,0,0,3,0,7,60,1,14295,14295,3,5,5,2,0,0,0,1
1364047,1,2024,2024,11,4,8,81,31,133,80,0,1,1,-33.921722,151.013045,15,0,2,1,3,0,3,4,3,0,7,60,1,14295,14295,3,0,5,2,0,0,0,1
1364048,2,2024,2024,11,0,8,1,27,89,27,0,1,10,-33.676815,150.788483,55,0,2,1,3,0,0,0,2,0,15,80,1,1669,1669,3,5,5,3,0,0,2,0
1364050,2,2024,2024,11,5,8,1104,14,104,962,0,1,3,-33.83086,151.020001,54,0,2,1,3,0,0,0,0,0,7,90,2,14295,14295,3,10,5,2,0,0,1,0
1364051,2,2024,2024,11,2,5,330,27,65,605,1,0,2,-33.700259,151.299688,50,0,2,1,3,0,0,0,2,0,7,70,2,14295,14295,3,10,5,2,0,0,1,0
1364052,1,2024,2024,11,4,8,45,27,337,45,0,1,9,-33.730678,151.016828,71,0,2,1,3,0,3,3,3,2,7,60,2,1669,1669,3,0,0,2,0,0,0,1
1364059,1,2024,2024,1,3,6,8,31,92,34609,0,1,1,-33.876597,150.975702,24,0,2,1,0,0,0,0,2,0,7,50,0,941,941,1,5,19,2,0,0,0,1
1364060,4,2024,2024,11,0,11,126,1,94,144,0,1,1,-33.784343,150.809897,55,0,2,1,0,0,0,0,0,0,7,70,2,3775,3775,0,5,5,2,0,3,0,0
1364061,4,2024,2024,11,3,7,8,2,169,34609,0,1,1,-28.63257,153.584785,10,2,1,0,1,0,3,0,2,0,7,50,0,387,387,1,22,5,2,0,1,0,0
1364062,4,2024,2024,1,4,8,220,27,46,222,0,1,9,-33.787917,150.975098,54,0,2,1,1,0,0,0,3,0,7,80,2,5929,5929,1,5,18,2,0,1,0,0
1364064,4,2024,2024,11,3,5,35,27,4,24,0,1,1,-33.032424,149.599574,3,1,0,0,0,0,0,0,2,0,7,100,1,1089,1089,7,16,40,1,0,1,0,0
1364066,2,2024,2024,10,5,9,104,27,443,702,0,1,9,-33.90514,151.064003,15,0,2,1,2,0,0,0,0,2,7,70,2,14295,14295,3,5,36,2,0,0,1,0
1364068,1,2024,2024,11,2,4,2,31,304,34609,0,1,9,-33.91304,151.159522,32,0,2,1,0,0,0,0,2,0,0,50,0,5929,5929,1,5,19,2,0,0,0,1
1364070,4,2024,2024,11,6,7,205,27,161,415,0,1,2,-33.725221,151.168531,36,0,2,1,1,0,0,0,2,0,7,60,2,9859,9859,1,22,40,2,0,1,0,0
1364071,4,2024,2024,1,6,4,3371,17,139,3342,0,1,9,-33.836937,151.20806,49,0,2,1,1,0,0,0,2,0,7,40,2,2040,2040,9,9,28,2,0,1,0,0
1364074,2,2024,2024,11,2,6,330,27,106,605,0,1,9,-33.681731,151.303025,50,0,2,1,1,0,0,0,2,0,15,70,2,5929,5929,1,0,0,2,0,0,1,0
1364075,4,2024,2024,1,2,0,17,27,11,11,0,1,1,-34.664306,150.282548,78,2,1,1,0,0,0,0,0,0,7,80,1,9859,9859,8,5,40,1,0,2,0,0
1364080,4,2024,2024,6,6,9,251,14,139,124,0,1,3,-33.830258,151.213796,49,0,2,0,0,0,0,0,3,0,7,60,2,1282,1282,1,15,22,2,0,1,0,0
1364081,4,2024,2024,11,1,3,4,31,7,34609,0,1,1,-32.785704,152.108468,57,2,1,1,1,0,0,0,2,0,7,50,0,9859,9859,8,10,40,1,0,1,0,0
1364083,1,2024,2024,1,4,7,119,31,145,140,0,1,1,-33.926537,151.116381,15,0,2,1,3,0,0,0,2,0,7,50,1,14295,14295,3,5,0,2,0,0,0,1
1364084,4,2024,2024,1,4,3,37,31,337,217,0,1,10,-33.732892,151.006984,71,0,2,1,1,0,0,0,2,2,7,50,2,2040,2040,9,0,28,2,0,1,0,0
1364087,1,2024,2024,11,6,7,59,10,89,34609,0,1,0,-33.904631,151.232828,59,0,2,1,0,0,0,0,2,0,7,30,0,1282,1282,1,0,27,2,0,0,0,1
1364088,4,2024,2024,11,3,10,21,31,51,34609,0,1,1,-34.211017,150.977395,80,0,2,1,0,0,0,0,0,0,7,70,0,9859,9859,8,10,40,1,0,1,0,0
1364089,4,2024,2024,11,3,7,346,17,7,332,0,1,1,-28.864203,153.483111,2,1,0,1,0,0,0,0,2,0,7,100,2,3775,3775,0,5,5,2,0,2,0,1
1364090,2,2024,2024,10,5,9,61,10,87,34609,0,1,9,-33.042773,151.471001,37,0,2,0,0,0,0,0,2,0,7,90,0,14295,14295,3,16,19,2,0,0,1,1
1364092,2,2024,2024,11,0,8,205,27,161,415,0,1,9,-33.729189,151.162544,36,0,2,1,2,0,0,0,3,2,7,60,2,5929,5929,1,5,19,2,0,0,2,0
1364096,2,2024,2024,11,0,10,2261,17,140,2252,0,1,2,-33.898238,150.995111,15,0,2,1,2,0,0,0,0,2,7,70,2,14295,14295,3,10,5,2,0,0,2,0
1364098,4,2024,2024,11,5,5,67,27,225,68,0,1,9,-33.805537,151.178203,77,0,2,1,1,0,0,0,2,0,7,50,1,5929,5929,1,10,19,2,0,1,0,0
1364099,2,2024,2024,11,1,11,3371,17,20,3342,0,1,2,-32.305248,152.345679,43,1,0,1,0,0,0,0,0,0,7,110,2,14295,14295,3,3,10,2,0,0,1,0
1364101,4,2024,2024,11,0,4,62,10,3,169,0,1,1,-32.818987,151.561628,17,1,0,1,1,0,0,0,2,0,7,100,2,14295,14295,3,10,19,2,0,1,0,0
1364103,2,2024,2024,1,6,7,5,27,106,34609,0,1,1,-28.841969,153.072456,60,1,0,1,0,0,0,0,2,0,7,100,0,9859,9859,8,0,40,1,0,0,1,0
1364106,1,2024,2024,1,0,4,27,31,438,34609,0,1,7,-33.851673,151.030122,21,0,2,1,1,0,0,0,2,0,0,50,0,6545,6545,4,9,19,2,0,0,0,1
1364107,4,2024,2024,11,6,5,135,17,20,136,0,1,10,-35.979494,146.625271,51,2,1,1,1,0,3,4,2,0,0,50,2,6545,6545,4,0,5,2,0,1,0,0
1364111,4,2024,2024,11,4,6,25,27,35,34609,0,1,1,-34.368423,150.910302,80,0,2,1,1,0,0,0,2,0,7,60,0,1669,1669,3,9,5,2,0,1,0,0
1364112,2,2024,2024,8,3,1,225,17,8,180,0,1,1,-34.578306,150.724942,62,0,2,0,0,0,0,0,0,0,7,90,2,380,714,5,5,40,1,0,0,1,0
1364114,2,2024,2024,11,4,8,475,10,70,268,0,1,2,-33.888363,150.881416,24,0,2,0,1,0,0,0,2,0,7,70,2,1282,1282,1,5,5,3,0,0,1,0
1364115,2,2024,2024,11,0,3,60,27,101,262,0,1,7,-32.902985,151.622276,37,0,2,1,0,0,3,0,2,0,0,90,2,14295,14295,3,10,0,2,0,0,1,0
1364117,2,2024,2024,11,0,8,78,27,438,34609,0,1,1,-33.852485,151.032632,21,0,2,1,0,0,0,0,2,0,7,40,0,248,248,1,10,0,2,0,0,2,0
1364118,2,2024,2024,5,5,7,9,36,39,34609,0,1,1,-32.738443,152.105626,57,2,1,1,1,0,0,0,2,0,7,50,0,1109,787,1,5,0,4,0,0,1,0
1364119,4,2024,2024,11,4,9,76,27,85,148,0,1,10,-32.934438,151.727117,48,0,2,1,2,0,0,0,0,0,0,60,1,5929,5929,1,0,27,2,0,1,0,0
1364121,1,2024,2024,11,5,3,85,27,363,145,0,1,9,-33.804286,151.026799,54,0,2,1,0,0,0,0,2,2,7,60,2,14295,14295,3,10,5,2,0,0,0,1
1364123,4,2024,2024,11,0,3,19,1,132,148,0,1,1,-34.058513,151.05108,68,0,2,1,0,0,0,0,1,0,7,80,2,9859,9859,1,0,5,2,0,2,0,0
1364125,4,2024,2024,5,6,5,280,10,237,240,0,1,9,-33.857387,150.950768,24,0,2,1,0,0,0,0,2,0,0,60,2,2040,2040,9,5,28,2,0,1,0,0
1364126,4,2024,2024,11,0,11,9,36,58,32,0,1,1,-34.406552,150.899078,80,0,2,1,2,0,0,0,0,0,7,70,1,3775,3775,0,5,5,2,0,1,0,1
1364127,4,2024,2024,11,6,4,224,27,102,321,1,0,9,-33.942088,151.19517,4,0,2,1,1,0,0,0,2,0,7,50,2,2852,2852,4,0,5,2,0,1,1,0
1364128,2,2024,2024,11,5,8,229,14,278,237,0,1,3,-33.759838,151.041415,54,0,2,1,0,0,0,0,2,0,7,100,1,14295,14295,3,21,0,4,0,0,1,0
1364129,4,2024,2024,11,6,10,308,14,323,311,0,1,3,-33.780332,150.857916,7,0,2,0,2,0,3,4,0,0,7,80,2,14295,14295,3,9,13,4,0,1,0,0
1364131,4,2024,2024,11,5,10,294,17,215,288,0,1,10,-35.118925,147.368818,75,2,1,1,2,0,0,0,0,2,7,60,2,5929,5929,1,0,19,2,0,1,0,0
1364132,4,2024,2024,11,2,6,3371,17,463,3342,0,1,2,-30.293037,153.116887,19,2,1,1,0,0,3,4,2,0,7,60,2,3775,3775,0,5,13,2,0,2,0,0
1364133,4,2024,2024,11,0,9,866,17,110,793,0,1,2,-33.747799,151.050098,31,0,2,0,2,0,0,0,0,2,9,70,2,1383,1383,1,33,19,2,0,1,0,0
1364134,2,2024,2024,11,0,7,5,10,73,34609,1,0,1,-33.753989,150.809657,7,0,2,1,1,0,0,0,2,0,7,50,0,1981,1981,4,10,19,2,0,0,1,0
1364135,4,2024,2024,11,6,10,3371,17,207,3342,0,1,1,-33.584747,151.181637,31,0,2,0,0,0,3,4,0,0,7,70,2,4552,5151,8,5,40,1,0,1,1,0
1364136,4,2024,2024,11,1,7,866,17,36,793,1,0,2,-33.788509,151.026318,54,0,2,1,1,0,0,0,2,0,7,60,2,340,340,9,0,28,2,0,1,0,0
1364139,1,2024,2024,1,1,10,1,1,67,34609,0,1,1,-33.648763,150.883158,71,0,2,0,2,0,0,0,0,0,7,50,0,1282,1282,1,5,5,3,0,0,0,1
1364142,4,2024,2024,11,1,11,30,10,27,30,0,1,1,-33.260704,151.214636,16,2,2,0,0,0,0,0,0,0,7,80,1,782,957,5,10,40,1,0,1,0,0
1364144,2,2024,2024,11,6,6,69,1,61,34609,0,1,10,-29.736794,151.734092,51,2,1,1,1,0,0,0,2,0,0,50,0,6545,6545,4,5,36,2,0,0,2,0
1364145,4,2024,2024,0,4,7,220,27,323,222,0,1,2,-33.760809,150.956891,71,0,2,1,1,0,0,0,2,0,7,80,2,14295,14295,3,5,0,2,0,1,0,0
1364146,4,2024,2024,5,5,6,22,31,20,34609,0,1,7,-33.795921,151.10235,61,0,2,0,0,0,0,0,2,0,0,50,0,775,775,4,16,5,2,0,1,0,0
1364150,4,2024,2024,11,4,11,134,10,69,133,0,1,2,-33.828206,151.020773,54,0,2,1,2,0,3,4,0,0,7,70,2,14295,14295,3,5,5,3,0,1,0,1
1364151,4,2024,2024,1,0,11,10,31,24,34609,0,1,1,-36.888126,149.925835,5,2,1,0,1,0,0,0,0,0,7,50,0,4552,5151,8,5,40,1,0,1,1,0
1364152,2,2024,2024,10,5,10,23,27,136,101,0,1,1,-32.925063,151.71949,48,0,2,1,2,0,0,0,0,0,7,60,2,3775,3775,0,5,0,2,0,0,1,0
1364153,4,2024,2024,11,6,0,2126,17,93,2149,0,1,7,-33.420401,149.625226,3,2,1,1,2,0,0,0,0,0,0,60,2,3775,3775,0,10,13,2,0,1,0,0
1364155,1,2024,2024,11,0,9,27,27,119,96,0,1,9,-33.869572,151.162624,32,0,2,1,2,0,0,0,0,0,7,50,2,2040,2040,9,5,28,2,0,0,0,1
1364156,2,2024,2024,11,6,4,39,31,246,99,0,1,10,-33.901753,151.200142,69,0,2,1,1,0,0,0,2,2,9,50,2,2040,2040,9,5,28,2,0,0,1,0
1364157,1,2024,2024,1,4,6,9,31,48,34609,0,1,7,-28.255092,153.574907,72,2,1,1,1,0,0,0,2,0,0,50,0,6545,6545,4,30,27,2,0,0,0,1
1364158,2,2024,2024,1,6,5,9,27,108,31,0,1,9,-33.762867,151.278542,50,0,2,1,0,0,0,0,2,0,0,60,1,6545,6545,4,0,19,2,0,0,1,0
1364160,4,2024,2024,5,3,8,230,27,175,284,0,1,2,-33.771002,151.08943,54,0,2,0,1,0,0,0,3,0,7,60,2,3775,3775,0,0,5,5,0,2,2,2
1364161,4,2024,2024,5,2,6,161,17,23,161,0,1,1,-36.607444,149.432461,5,2,1,0,0,0,0,3,2,0,7,60,2,1259,5151,8,5,40,1,0,1,0,0
1364162,2,2024,2024,6,1,10,177,31,174,208,1,0,1,-33.859276,150.919334,24,0,2,1,2,0,0,0,0,0,7,60,1,9859,9859,1,0,5,3,0,0,1,0
1364163,4,2024,2024,1,4,8,89,27,182,228,1,0,9,-32.836583,151.34646,17,2,1,1,2,0,0,0,3,0,9,60,1,591,591,1,17,13,2,0,1,0,0
1364165,2,2024,2024,1,0,7,1052,14,21,928,0,1,3,-32.908168,151.562483,37,0,2,1,0,0,0,0,2,0,7,110,2,1192,1192,1,0,35,2,0,0,1,0
1364166,4,2024,2024,11,5,1,866,17,247,793,0,1,2,-33.824411,150.962321,21,0,2,1,2,0,0,0,0,0,7,70,2,623,623,3,5,10,2,0,1,0,0
1364167,1,2024,2024,11,0,11,9,31,609,48,0,1,2,-33.764398,150.893194,7,0,2,1,2,0,0,0,0,0,7,60,1,1945,1945,5,16,40,1,0,0,0,1
1364168,4,2024,2024,11,6,10,64,27,175,284,0,1,9,-33.775382,151.061595,54,0,2,1,2,0,0,0,0,0,7,60,2,2852,2852,4,5,19,2,0,1,0,0
1364169,4,2024,2024,11,0,6,1,31,215,34609,0,1,9,-35.104171,147.367462,75,2,1,1,1,0,0,0,2,0,7,50,0,926,926,4,0,19,3,0,1,0,0
1364171,4,2024,2024,11,1,5,65,27,202,563,0,1,10,-33.941377,151.035262,15,0,2,1,0,0,0,0,2,0,6,70,2,395,395,1,8,13,2,0,1,0,0
1364173,2,2024,2024,11,4,6,1,1,86,34609,0,1,1,-33.729902,151.214715,50,0,2,1,0,0,0,0,2,0,7,50,0,1282,1282,1,21,40,1,0,0,1,0
1364175,2,2024,2024,11,0,8,31,31,198,34609,0,1,7,-33.91671,151.097522,15,0,2,1,2,0,0,0,2,0,0,50,0,1220,1220,9,5,28,2,0,0,1,0
1364180,4,2024,2024,1,3,9,150,27,173,415,0,1,2,-33.78005,151.133815,61,0,2,1,2,0,0,0,0,0,7,70,2,9859,9859,8,5,40,1,0,1,0,0
1364181,2,2024,2024,11,4,7,39,27,57,147,0,1,9,-28.636607,153.560354,10,2,1,1,0,0,3,4,2,0,0,60,1,2852,2852,4,10,5,2,0,0,1,0
1364183,2,2024,2024,11,2,4,7,31,128,34609,0,1,9,-33.61989,150.808357,29,2,2,1,1,0,0,0,2,0,7,50,0,1282,1282,1,5,0,3,0,0,1,0
1364184,4,2024,2024,11,2,10,61,10,87,34609,0,1,1,-33.042738,151.471212,37,0,2,1,1,0,0,0,0,0,7,90,0,9859,9859,8,5,40,1,0,1,0,0
1364186,1,2024,2024,1,5,2,866,17,278,793,0,1,9,-33.758848,151.048931,54,0,2,0,2,0,3,4,0,2,7,70,2,1957,4009,8,0,40,1,0,0,0,1
1364191,4,2024,2024,11,4,1,1104,14,80,962,0,1,3,-33.757725,150.643428,55,0,2,0,2,0,0,0,0,0,7,90,2,4552,5151,8,5,40,1,0,1,0,0
1364194,4,2024,2024,11,0,7,1,27,3,34609,0,1,1,-29.654686,149.377457,51,1,0,1,0,2,0,0,2,0,7,100,0,1945,1945,5,10,40,1,0,1,0,0
1364197,4,2024,2024,5,4,2,194,31,309,702,0,1,9,-33.819373,151.099798,61,0,2,1,2,0,0,0,0,2,7,70,2,6545,6545,4,0,0,2,0,1,0,0
1364198,1,2024,2024,11,2,9,192,31,316,120,0,1,5,-33.917065,151.24121,59,0,2,1,2,0,0,0,2,2,9,50,1,2040,2040,9,5,28,2,0,0,0,1
1364200,4,2024,2024,11,3,5,103,27,34,98,0,1,1,-32.873537,150.817255,64,1,0,0,0,0,0,0,2,0,7,100,2,1850,1463,5,16,40,1,0,1,0,0
1364202,2,2024,2024,8,4,8,1104,11,130,770,0,1,2,-33.872604,151.193781,69,0,2,1,0,0,0,0,2,0,7,60,2,14295,14295,3,9,0,2,0,0,1,0
1364204,4,2024,2024,11,2,8,8,27,20,34609,0,1,1,-29.180998,152.239063,51,2,1,0,0,2,0,0,2,0,7,60,0,380,714,5,16,40,1,0,1,0,0
1364205,2,2024,2024,11,5,8,95,31,17,34609,0,1,9,-34.901322,150.620304,63,2,1,0,1,0,0,0,2,0,7,50,0,515,515,1,33,27,2,0,0,1,0
1364206,1,2024,2024,6,1,0,3371,17,58,3342,0,1,2,-28.532663,153.539128,10,1,0,0,0,0,0,0,0,0,7,110,2,2585,4009,8,5,40,1,0,0,0,1
1364208,2,2024,2024,10,6,6,2,27,2,34609,0,1,10,-29.65633,150.936088,33,1,0,1,0,0,0,0,2,0,0,100,0,4552,985,8,16,40,1,0,0,1,0
1364210,2,2024,2024,6,0,7,251,14,104,124,0,1,6,-33.829895,151.214683,49,0,2,1,1,0,0,0,2,0,7,60,2,1192,1192,1,15,0,2,0,0,1,0
1364214,4,2024,2024,11,1,4,2261,17,112,2252,0,1,9,-33.914424,150.925444,41,0,2,1,0,0,0,0,2,2,7,70,2,2040,2040,9,16,28,2,0,2,0,0
1364216,4,2024,2024,11,3,8,5,1,73,34609,0,1,1,-35.144573,147.379951,75,2,1,1,0,0,0,0,2,0,7,50,0,1192,1192,1,22,0,2,0,1,0,0
1364217,2,2024,2024,11,4,6,293,31,112,369,0,1,10,-33.614066,150.813146,29,2,2,1,1,0,3,4,2,0,6,60,2,5929,5929,1,10,13,2,0,0,1,0
1364218,2,2024,2024,11,0,6,76,27,69,148,0,1,1,-32.936011,151.735773,48,0,2,1,1,0,0,0,2,0,7,60,1,2040,2040,9,5,28,2,0,0,1,0
1364219,2,2024,2024,11,3,5,63,27,15,34609,0,1,1,-33.781246,151.284171,50,0,2,1,0,0,0,0,2,0,7,50,0,1981,1981,4,0,27,2,0,0,1,0
1364220,4,2024,2024,11,0,6,2209,17,76,2205,0,1,9,-35.3571,150.474339,63,2,1,1,0,0,0,0,2,0,0,50,2,623,623,3,22,5,2,0,1,0,0