Crash ID,Degree of crash - detailed,Reporting year,Year of crash,Month of crash,Day of week of crash,Two-hour intervals,Street of crash,Street type,Town,Route no.,School zone location,School zone active,Type of location,Latitude,Longitude,LGA,Urbanisation,Conurbation 1,Alignment,Street lighting,Road surface,Surface condition,Weather,Natural lighting,Signals operation,Other traffic control,Speed limit,Road classification,RUM - code,DCA - code,First impact type,Key TU type,Other TU type,No. of traffic units involved,No. killed,No. seriously injured,No. moderately injured,No. minor-other injured
1364221,2,2024,2024,10,5,5,19,27,14,46,0,1,9,-34.898792,150.672394,63,2,1,0,0,0,0,0,2,0,0,80,1,1669,1669,3,0,0,2,0,0,1,0
1364223,2,2024,2024,11,6,11,35,10,11,148,0,1,1,-34.187079,151.01137,80,0,2,0,0,0,0,0,0,0,7,60,2,2585,4009,8,5,40,1,0,0,1,0
1364227,4,2024,2024,11,4,9,296,27,187,293,0,1,2,-33.882476,150.977193,24,0,2,1,2,0,3,4,0,0,7,60,2,3775,3775,0,10,0,2,0,1,0,1
1364228,4,2024,2024,1,4,9,103,27,149,167,1,0,9,-33.996184,151.129598,25,0,2,1,2,0,0,0,3,0,7,70,2,5929,5929,1,5,0,2,0,1,0,0
1364231,4,2024,2024,11,2,3,45,31,49,34609,0,1,0,-33.934316,151.158095,4,0,2,1,1,0,0,0,2,0,7,50,0,340,340,9,5,28,2,0,1,0,0
1364233,4,2024,2024,11,6,10,9,31,215,34609,0,1,1,-35.108331,147.361498,75,2,1,1,2,0,3,0,0,0,7,50,0,941,941,1,5,36,2,0,1,0,0
1364237,4,2024,2024,11,3,9,1,10,41,34609,0,1,9,-32.95605,151.631165,37,0,2,1,0,0,3,3,0,0,7,50,0,312,312,2,0,40,1,0,1,0,0
1364238,2,2024,2024,11,1,9,1,31,48,34609,0,1,9,-29.053948,152.008552,51,2,1,1,0,0,0,0,0,0,7,50,0,2040,2040,9,10,28,2,0,0,1,0
1364240,4,2024,2024,1,1,2,36,10,91,34609,1,0,9,-32.803784,151.652601,48,0,2,1,1,0,0,0,1,0,9,50,0,1220,1220,9,5,28,2,0,1,0,0
1364241,2,2024,2024,11,6,4,48,10,135,58,0,1,9,-32.887163,151.732022,48,0,2,1,1,0,0,0,2,2,7,80,2,395,395,1,5,19,2,0,0,1,0
1364243,4,2024,2024,1,4,10,165,31,10,34609,0,1,1,-32.956917,151.712228,37,0,2,0,3,0,2,6,0,0,7,50,0,175,188,1,10,5,2,0,1,0,0
1364244,4,2024,2024,11,3,4,120,36,16,148,0,1,1,-30.426662,152.779764,6,2,1,0,0,0,3,3,2,0,7,80,2,1957,4009,8,0,40,1,0,1,0,0
1364245,4,2024,2024,11,1,4,485,27,323,769,0,1,9,-33.755666,150.989721,71,0,2,0,1,0,0,0,2,0,0,60,2,2852,2852,4,9,19,2,0,1,0,0
1364247,2,2024,2024,6,3,0,112,17,207,112,0,1,9,-31.951067,141.465817,51,2,1,1,2,0,0,0,0,0,7,50,2,1282,1282,1,22,40,1,0,0,1,0
1364248,4,2024,2024,11,4,6,2,31,49,34609,0,1,1,-32.990017,151.678678,37,0,2,1,0,0,0,0,2,0,7,50,0,3775,3775,0,5,5,2,0,1,0,0
1364250,2,2024,2024,11,3,0,194,31,105,34609,0,1,1,-32.595784,149.587718,44,2,1,1,2,0,0,0,0,0,7,50,0,368,368,9,5,28,2,0,0,1,0
1364251,2,2024,2024,11,2,7,26,27,8,115,0,1,10,-33.771074,151.179093,36,0,2,1,1,0,0,0,2,2,7,60,1,5929,5929,1,5,36,2,0,0,3,0
1364252,4,2024,2024,1,6,8,1,27,1,34609,0,1,1,-32.438224,150.137336,44,1,0,1,0,0,0,0,3,0,7,100,0,1945,1945,5,16,40,1,0,1,0,0
1364254,2,2024,2024,11,4,3,5,1,29,45,0,1,1,-35.098677,150.63339,63,2,1,1,1,0,0,0,2,0,7,60,1,9859,9859,8,5,40,1,0,0,1,0
1364255,4,2024,2024,6,3,8,110,31,204,34609,0,1,1,-33.890574,150.93451,24,0,2,1,2,0,0,0,0,0,7,50,0,1220,1220,9,33,28,2,0,1,0,0
1364256,2,2024,2024,11,6,5,2126,17,9,2149,0,1,1,-33.426038,149.703746,3,1,0,1,0,0,0,0,2,0,7,100,2,945,945,5,8,40,1,0,0,1,0
1364259,2,2024,2024,11,1,5,2,31,175,34609,0,1,1,-33.778556,151.065243,54,0,2,1,1,0,0,0,2,0,7,50,0,9859,9859,1,5,3,2,0,0,1,0
1364260,4,2024,2024,11,5,5,3,27,9,34609,0,1,1,-34.242476,150.932875,80,0,2,1,0,0,0,0,2,0,7,80,0,4026,4026,8,16,40,1,0,1,0,0
1364263,2,2024,2024,11,2,5,2,10,89,34609,0,1,10,-33.866478,150.885651,24,0,2,1,2,0,0,0,2,0,15,50,0,6545,6545,4,0,12,2,0,0,1,0
1364264,2,2024,2024,11,0,7,97,17,34,88,0,1,2,-34.818772,149.60065,26,1,0,1,0,0,0,0,2,0,7,110,2,4026,4026,8,5,40,1,0,0,2,0
1364265,2,2024,2024,5,0,5,8,31,77,34609,0,1,10,-32.569309,151.183938,64,2,1,1,1,0,0,0,2,0,15,50,0,6545,6545,4,10,0,2,0,0,2,0
1364271,2,2024,2024,11,0,7,3371,17,90,3342,0,1,2,-28.244204,153.553605,72,1,0,1,0,0,0,0,2,0,7,110,2,14295,14295,3,0,0,3,0,0,1,0
1364272,1,2024,2024,11,0,6,19,31,532,12,0,1,10,-33.866835,151.203386,69,0,2,1,1,0,3,3,2,2,9,40,1,1220,1220,9,5,28,2,0,0,0,1
1364274,2,2024,2024,11,1,4,213,17,132,213,0,1,7,-29.779781,151.119171,33,2,1,1,0,0,0,0,2,0,0,50,2,9859,9859,8,0,40,1,0,0,1,0
1364275,4,2024,2024,11,4,7,133,31,133,97,0,1,9,-33.916306,151.006707,15,0,2,1,2,0,0,0,2,0,7,60,1,5929,5929,1,5,5,2,0,1,1,0
1364276,1,2024,2024,11,3,6,21,1,123,25,0,1,7,-33.909813,151.220993,59,0,2,1,0,0,0,0,2,0,15,50,1,2040,2040,9,33,28,2,0,0,0,1
1364281,4,2024,2024,10,6,6,61,27,232,70,0,1,9,-33.666472,150.917852,71,0,2,1,0,0,0,0,2,0,6,70,1,926,926,4,5,19,2,0,1,0,0
1364282,2,2024,2024,11,1,7,23,27,164,21,1,0,9,-33.741043,150.887737,7,0,2,1,0,0,0,0,2,0,7,60,1,150,150,4,5,0,2,0,0,1,0
1364283,2,2024,2024,0,1,5,147,27,224,605,0,1,10,-33.824335,151.238307,45,0,2,1,1,0,0,0,2,2,7,60,2,1383,1383,1,15,0,2,0,0,1,0
1364284,2,2024,2024,10,4,7,24,31,433,34609,1,0,1,-33.286397,149.098127,52,2,1,1,0,0,0,0,2,0,7,50,0,4026,4026,8,0,40,1,0,0,1,0
1364285,4,2024,2024,11,6,0,10,27,9,11,0,1,1,-32.507568,148.934781,22,1,0,0,0,0,0,0,0,0,7,100,1,1850,1463,5,5,40,1,0,1,0,1
1364286,4,2024,2024,11,5,4,47,27,293,69,1,0,1,-33.942149,151.243168,59,0,2,1,1,0,0,0,2,0,7,50,1,1981,1981,4,5,13,2,0,2,0,0
1364287,2,2024,2024,1,6,1,2261,17,92,2252,0,1,3,-33.989307,150.852877,13,0,2,1,0,0,0,0,0,0,7,110,2,14295,14295,3,0,5,3,0,0,1,0
1364289,4,2024,2024,5,6,8,150,27,309,415,0,1,9,-33.808951,151.107596,61,0,2,1,1,0,0,0,2,0,7,70,2,2040,2040,9,16,28,3,0,1,0,0
1364290,4,2024,2024,11,0,8,4,27,33,34609,0,1,10,-34.069248,150.720224,12,0,2,1,2,0,0,0,3,0,0,50,0,6545,6545,4,5,5,2,0,1,0,0
1364292,4,2024,2024,11,6,7,387,27,115,331,0,1,10,-33.958886,151.063903,25,0,2,1,1,0,0,0,2,2,7,60,2,5929,5929,1,5,13,3,0,1,1,0
1364293,2,2024,2024,11,2,8,2,27,85,34609,0,1,1,-33.790704,150.68525,55,0,2,1,0,0,0,0,2,0,7,50,0,9859,9859,8,0,40,1,0,0,1,0
1364295,2,2024,2024,10,4,11,1,1,433,34609,0,1,1,-33.281013,149.070102,52,2,1,1,2,0,0,0,0,0,7,50,0,4026,4026,8,5,40,1,0,0,1,0
1364300,1,2024,2024,1,6,11,4,2,54,34609,0,1,1,-28.496105,153.531584,10,2,1,1,0,0,0,0,0,0,7,80,0,3775,3775,0,5,5,2,0,0,0,2
1364301,2,2024,2024,11,3,6,3371,17,32,3342,0,1,2,-29.07325,153.369046,60,1,0,0,1,0,0,0,2,0,7,110,2,2585,4009,8,5,40,1,0,0,1,0
1364302,2,2024,2024,5,6,8,28,31,3,34609,1,0,9,-33.889992,150.605445,79,2,2,1,2,0,3,4,0,0,7,50,0,63,63,4,0,25,2,0,0,1,0
1364307,4,2024,2024,11,5,6,103,27,13,98,0,1,1,-33.482736,150.816642,29,1,2,0,0,0,0,3,2,0,7,100,2,14295,14295,3,5,27,2,0,1,1,0
1364310,2,2024,2024,11,5,4,2261,17,204,2252,0,1,1,-33.888556,151.118269,32,0,2,1,1,0,0,0,2,0,7,60,2,14295,14295,3,8,5,2,0,0,1,0
1364313,2,2024,2024,5,3,8,1,31,40,34609,1,0,7,-34.012996,150.776497,12,0,2,0,0,0,0,0,2,0,0,50,0,5929,5929,1,16,0,2,0,0,1,0
1364314,4,2024,2024,5,3,5,18,36,40,34609,0,1,1,-34.220186,150.579148,79,2,2,0,1,0,0,0,2,0,7,50,0,144,144,1,10,19,2,0,1,0,0
1364328,2,2024,2024,1,2,6,56,27,323,38,0,1,7,-33.762323,150.978076,71,0,2,1,1,0,0,0,2,0,0,60,1,5929,5929,1,0,5,2,0,0,1,0
1364329,2,2024,2024,11,1,4,40,31,219,262,0,1,10,-32.907452,151.665139,48,0,2,1,3,0,0,0,2,3,7,60,2,14295,14295,3,8,25,2,0,0,1,0
1364332,1,2024,2024,11,6,10,59,31,237,34609,0,1,7,-33.871996,150.949166,24,0,2,1,3,0,3,3,0,0,0,50,0,6545,6545,4,5,5,2,0,0,0,1
1364333,1,2024,2024,10,5,9,1104,14,247,962,0,1,6,-33.816932,150.962716,21,0,2,0,3,0,0,0,0,0,7,70,2,14295,14295,3,5,25,2,0,0,0,1
1364334,1,2024,2024,1,2,6,293,31,112,769,0,1,9,-33.609995,150.817939,29,2,2,1,3,0,0,0,2,2,7,60,2,2852,2852,4,0,5,2,0,0,0,2
1364335,2,2024,2024,11,1,7,1,25,151,34609,0,1,9,-34.022935,150.859166,13,0,2,1,3,0,0,0,2,0,7,50,0,489,489,8,5,40,1,0,0,1,0
1364341,1,2024,2024,11,0,8,6,27,193,34609,0,1,9,-33.780162,151.098263,61,0,2,1,3,0,3,4,3,0,7,50,0,5929,5929,1,5,5,2,0,0,0,2
1364343,1,2024,2024,10,0,8,1104,14,142,962,0,1,3,-33.827421,151.00256,54,0,2,1,3,0,0,0,2,0,7,90,2,14295,14295,3,5,5,2,0,0,0,1
1364346,1,2024,2024,1,2,0,55,27,179,34609,0,1,10,-33.759966,150.720467,55,0,2,1,3,0,0,0,0,0,0,50,0,14295,14295,3,5,5,2,0,0,0,1
1364350,2,2024,2024,10,5,2,13,31,71,34609,0,1,1,-33.775132,150.707818,55,0,2,1,3,0,0,0,1,0,7,50,0,14295,14295,3,5,13,2,0,0,1,0
1364351,2,2024,2024,10,5,9,2209,17,17,2205,0,1,1,-36.592816,149.834887,5,1,0,1,3,0,0,0,0,0,7,100,2,1089,1089,7,30,40,1,0,0,1,0
1364357,2,2024,2024,1,2,2,126,27,74,168,0,1,10,-34.048065,150.761704,12,0,2,1,2,0,3,4,0,2,7,80,2,5929,5929,1,5,5,2,0,0,1,0
1364358,1,2024,2024,11,4,9,47,31,363,31,0,1,10,-33.818962,151.011288,54,0,2,1,3,0,3,4,0,2,7,60,1,6545,6545,4,0,5,2,0,0,0,1
1364362,2,2024,2024,10,5,9,71,27,23,122,1,0,9,-34.573664,150.863508,62,0,2,1,3,0,0,0,2,0,0,80,2,775,775,4,5,25,2,0,0,2,0
1364363,2,2024,2024,11,3,11,43,27,9,118,0,1,1,-30.525444,150.608466,70,1,0,1,3,0,0,0,0,0,7,100,2,9859,9859,8,0,40,1,0,0,1,0
1364364,2,2024,2024,11,0,4,3371,17,36,3342,0,1,2,-33.627285,151.148096,31,0,2,0,3,0,3,4,2,0,7,60,2,4552,5151,8,5,40,1,0,0,1,0
1364366,2,2024,2024,10,6,9,48,10,135,58,0,1,2,-32.88724,151.73255,48,0,2,1,3,0,0,3,2,0,7,80,2,14295,14295,3,10,36,2,0,0,1,0
1364367,1,2024,2024,10,2,5,57,31,176,165,0,1,10,-33.962738,151.133152,25,0,2,1,3,0,0,0,2,2,6,40,1,5929,5929,1,5,5,2,0,0,0,1
1364372,1,2024,2024,11,1,5,3371,17,90,3342,0,1,2,-28.226733,153.557674,72,1,0,0,3,0,0,0,2,0,7,100,2,1282,1282,1,10,0,2,0,0,0,1
1364373,1,2024,2024,10,3,8,2126,17,166,2149,0,1,9,-33.411232,149.578729,3,2,1,1,3,0,0,0,2,1,7,60,2,14295,14295,3,10,5,2,0,0,0,1
1364378,2,2024,2024,6,3,10,2261,17,523,2252,0,1,10,-33.924242,150.918383,41,0,2,1,3,0,0,0,0,2,7,60,2,6545,6545,4,0,5,2,0,0,2,0
1364379,1,2024,2024,11,4,7,84,27,61,415,0,1,9,-33.767929,151.136798,36,0,2,1,3,0,0,0,2,0,7,70,2,5929,5929,1,5,5,2,0,0,0,1
1364382,1,2024,2024,11,0,8,45,31,43,81,0,1,9,-32.169372,152.497767,43,2,1,1,3,0,0,0,3,0,0,50,2,623,623,3,0,0,2,0,0,0,1
1364391,2,2024,2024,11,3,11,36,27,115,38,0,1,1,-33.753426,151.243519,50,0,2,1,2,0,0,0,0,0,7,50,1,9859,9859,1,5,22,2,0,0,1,0
1364398,1,2024,2024,11,0,8,95,27,14,605,0,1,9,-33.647744,151.326934,50,0,2,0,2,0,0,0,3,0,7,60,2,14295,14295,3,10,0,2,0,0,0,1
1364400,1,2024,2024,10,4,5,2209,17,76,2205,0,1,9,-35.334212,150.455634,63,2,1,0,3,0,0,0,2,0,15,80,2,150,150,4,10,0,2,0,0,0,1
1364401,1,2024,2024,11,4,8,25,10,29,34609,0,1,1,-33.730413,150.732348,55,0,2,1,3,0,3,4,3,0,7,50,0,186,186,1,5,0,2,0,0,0,1
1364402,2,2024,2024,10,4,4,8,1,11,34609,0,1,1,-34.381884,150.887598,80,0,2,1,3,0,0,0,2,0,7,50,0,1981,1981,4,5,27,2,0,0,1,0
1364405,1,2024,2024,11,2,6,4,27,24,34609,1,0,1,-33.405392,151.408449,16,2,2,1,3,0,0,0,2,0,9,60,0,14295,14295,3,0,0,2,0,0,0,1
1364406,2,2024,2024,10,4,8,9,27,26,34609,0,1,7,-34.579902,150.855562,62,0,2,1,3,0,0,0,3,0,0,60,0,6545,6545,4,5,19,2,0,0,1,0
1364407,2,2024,2024,11,0,7,4,27,523,34609,0,1,9,-33.913778,150.912722,41,0,2,1,0,0,0,0,2,0,7,50,0,63,63,4,10,0,2,0,0,1,0
1364408,2,2024,2024,10,6,7,5,27,19,118,0,1,1,-29.842619,150.566312,51,1,0,0,3,0,3,4,2,0,7,100,2,4552,5151,8,5,40,1,0,0,1,0
1364409,1,2024,2024,11,5,6,54,27,646,30,0,1,10,-33.91474,151.036874,15,0,2,1,3,0,0,3,2,2,7,60,1,1391,1391,1,10,5,2,0,0,0,1
1364412,1,2024,2024,10,6,6,10,27,41,34609,0,1,1,-30.351173,153.096461,19,2,1,1,3,0,3,3,2,0,7,50,0,387,387,1,19,36,2,0,0,0,1
1364413,2,2024,2024,10,4,3,11,31,228,34609,0,1,10,-34.741024,149.712208,26,2,1,1,3,0,0,0,2,0,0,50,0,6545,6545,4,0,0,3,0,0,2,0
1364419,1,2024,2024,11,6,5,512,31,41,34609,1,0,1,-34.052889,150.694183,12,0,2,1,3,0,0,0,2,0,7,50,0,941,941,1,5,5,2,0,0,0,1
1364420,2,2024,2024,11,1,3,168,10,387,260,0,1,2,-33.945968,151.173149,4,0,2,1,3,0,0,0,2,0,7,70,2,1192,1192,1,10,0,3,0,0,1,1
1364422,1,2024,2024,11,2,5,2261,17,109,2252,0,1,9,-33.95683,150.875723,41,0,2,1,3,0,0,0,2,2,7,70,2,1669,1669,3,0,0,2,0,0,0,1
1364425,1,2024,2024,1,6,9,232,36,39,331,0,1,10,-34.029955,150.752863,12,0,2,1,3,0,0,0,3,2,7,80,2,14295,14295,3,5,0,2,0,0,0,1
1364426,1,2024,2024,11,4,11,45,31,204,331,0,1,9,-33.938431,151.15162,4,0,2,1,3,0,3,0,0,2,7,60,2,217,217,1,5,5,2,0,0,0,1
1364429,4,2024,2024,5,4,8,77,12,45,331,0,1,9,-34.294705,150.581807,79,2,2,1,2,0,0,0,0,0,0,60,1,775,775,4,0,13,2,0,1,0,0
1364430,2,2024,2024,11,3,3,2,1,363,34609,0,1,10,-33.748806,150.684006,55,0,2,0,0,0,3,0,1,0,0,50,0,6545,6545,4,10,27,2,0,0,1,0
1364432,1,2024,2024,10,4,3,4,31,219,34609,0,1,9,-32.896091,151.68153,48,0,2,1,3,0,0,0,2,0,0,50,0,623,623,3,10,0,2,0,0,0,1
1364438,2,2024,2024,10,6,4,1104,14,323,962,0,1,3,-33.795947,150.8464,7,0,2,1,3,0,0,0,2,0,7,100,2,1089,1089,7,5,40,1,0,0,1,0
1364442,1,2024,2024,1,4,9,251,14,79,124,0,1,3,-33.82443,151.210509,49,0,2,1,3,0,0,0,4,0,7,80,2,14295,14295,3,5,0,2,0,0,0,1
1364443,4,2024,2024,10,4,7,41,27,169,7,0,1,2,-33.776778,150.849128,7,0,2,1,3,0,0,0,2,0,7,60,1,14295,14295,3,0,5,4,0,1,0,0
1364445,2,2024,2024,10,6,6,3371,17,58,3342,0,1,2,-28.552301,153.537563,10,1,0,0,3,0,0,0,2,0,7,110,2,1282,1282,1,3,5,2,0,0,1,0
1364447,1,2024,2024,1,2,7,3371,17,119,3342,0,1,9,-32.740163,151.777355,57,1,0,1,1,0,0,0,2,0,7,110,2,4026,4026,8,0,40,1,0,0,0,1
1364452,1,2024,2024,11,0,8,36,31,162,34609,0,1,9,-33.839687,150.913514,24,0,2,0,3,0,0,0,2,0,15,60,0,14295,14295,3,5,5,2,0,0,0,1
1364453,2,2024,2024,5,5,11,283,27,145,702,0,1,9,-33.927141,151.071005,15,0,2,1,3,0,0,0,0,0,7,60,2,1945,1945,5,16,40,1,0,0,1,0
1364456,2,2024,2024,10,6,9,9,31,14,34609,0,1,1,-33.950071,151.226319,4,0,2,1,3,0,0,0,2,0,7,50,0,9859,9859,8,5,40,1,0,0,1,0
1364457,1,2024,2024,8,0,10,308,14,127,311,0,1,3,-33.848611,150.852919,24,0,2,1,2,0,0,0,0,0,7,100,2,1391,1391,1,29,5,2,0,0,0,1
1364458,2,2024,2024,11,6,5,12,31,61,34609,0,1,1,-35.532131,144.965449,51,2,1,0,3,0,3,4,2,0,7,50,0,1957,4009,1,0,36,2,0,0,1,0
1364465,1,2024,2024,11,1,6,62,10,70,62,0,1,10,-33.435863,151.350349,16,2,2,1,3,0,0,0,2,2,7,50,2,5929,5929,1,0,0,2,0,0,0,1
1364466,1,2024,2024,10,3,5,59,27,271,17,0,1,9,-33.940588,151.018503,15,0,2,1,3,0,0,0,2,2,7,60,2,5929,5929,1,5,5,2,0,0,0,3
1364468,1,2024,2024,11,4,7,515,14,202,518,0,1,3,-33.940439,151.035456,15,0,2,1,3,0,3,4,2,0,7,100,2,14295,14295,3,29,0,2,0,0,0,1
1364470,1,2024,2024,6,2,1,18,10,121,34609,0,1,1,-28.198842,153.521869,72,2,1,1,2,0,3,3,0,0,7,60,0,9859,9859,8,30,40,1,0,0,0,3
1364472,2,2024,2024,8,4,8,13,27,95,34609,0,1,9,-34.39433,150.89416,80,0,2,1,1,0,0,0,2,0,15,50,0,5929,5929,1,5,27,2,0,0,1,0
1364473,2,2024,2024,8,1,8,34,10,19,40,0,1,10,-35.855808,150.163194,23,2,1,1,2,0,0,0,3,0,0,80,1,1669,1669,3,30,0,4,0,0,3,0
1364474,4,2024,2024,3,0,9,10,1,646,34609,0,1,1,-33.925014,151.023131,15,0,2,1,0,0,0,0,2,0,7,50,0,1981,1981,4,21,18,2,0,1,0,0
1364475,4,2024,2024,8,5,8,9,36,58,32,0,1,1,-34.397022,150.900853,80,0,2,1,0,0,0,1,2,0,7,60,1,3775,3775,0,5,5,2,0,3,0,0
1364476,2,2024,2024,6,0,6,3371,17,69,3342,0,1,10,-32.934571,151.750618,48,0,2,1,0,0,0,0,2,0,0,60,2,5929,5929,1,0,5,2,0,0,1,0
1364477,4,2024,2024,8,3,1,46,1,91,165,0,1,10,-33.975867,151.088946,25,0,2,1,2,0,0,0,0,0,0,50,1,1945,1945,5,16,40,1,0,1,0,0
1364478,1,2024,2024,6,6,7,89,36,4,17,0,1,1,-29.571439,152.899803,18,1,0,0,0,0,0,0,2,0,7,100,1,1957,4009,8,5,40,1,0,0,0,2
1364479,4,2024,2024,6,1,11,15,10,26,34609,0,1,1,-33.070803,151.589183,37,0,2,0,2,0,0,0,0,0,7,50,0,1850,1463,5,17,40,1,0,1,0,0
1364481,4,2024,2024,6,5,6,1,31,96,173,0,1,1,-34.24201,150.69592,79,2,2,0,0,0,0,0,2,0,7,60,2,1850,1463,5,8,40,1,0,1,0,0
1364482,2,2024,2024,6,1,7,512,17,562,441,0,1,7,-32.257196,148.629165,22,2,1,1,0,0,0,0,2,0,0,60,2,6545,6545,4,22,41,2,0,0,1,0
1364483,2,2024,2024,8,4,10,1,22,3,34609,0,1,1,-35.257147,150.513178,63,2,1,1,0,0,0,0,0,0,7,50,0,121,121,9,10,28,2,0,0,1,0
1364487,2,2024,2024,6,4,5,2126,17,247,2149,0,1,10,-33.811775,150.95231,21,0,2,1,1,0,0,0,2,2,7,80,2,6545,6545,4,5,13,2,0,0,2,0
1364488,4,2024,2024,5,6,8,8,27,43,38,0,1,7,-33.775792,151.262941,50,0,2,1,2,0,0,0,0,0,9,60,1,2040,2040,9,5,28,2,0,1,0,0
1364489,1,2024,2024,6,5,5,2209,17,166,2205,0,1,9,-33.896444,151.180011,32,0,2,1,0,0,0,0,2,2,9,40,2,1220,1220,9,5,28,2,0,0,0,1
1364491,4,2024,2024,6,4,6,485,27,50,769,1,0,10,-33.646421,150.858681,7,0,2,1,0,0,0,0,2,2,7,80,2,5929,5929,1,8,10,2,0,1,1,0
1364492,4,2024,2024,6,1,3,135,17,8,136,0,1,1,-36.065725,146.847927,0,2,1,0,0,0,0,0,2,0,7,80,2,101,101,8,10,10,2,0,2,0,0
1364493,4,2024,2024,6,4,4,178,27,189,101,0,1,9,-33.942322,151.054122,15,0,2,1,1,0,0,0,2,2,7,50,1,5929,5929,1,0,5,2,0,1,0,0
1364494,2,2024,2024,6,6,6,194,31,363,3,0,1,9,-33.807695,151.005562,54,0,2,1,0,0,0,0,2,0,15,50,2,301,301,4,10,0,2,0,0,1,0
1364495,4,2024,2024,5,6,6,265,17,23,193,0,1,1,-35.270643,147.125668,51,1,0,0,0,0,0,0,2,0,7,100,2,3775,3775,0,8,10,2,0,1,0,1
1364496,4,2024,2024,6,5,7,84,27,169,769,0,1,1,-33.59038,150.733242,29,2,2,1,1,0,0,0,2,0,7,80,2,3775,3775,0,5,12,2,0,2,1,0
1364497,2,2024,2024,5,2,3,89,36,14,4,0,1,1,-33.289636,146.370896,51,1,0,1,0,0,0,0,2,0,7,100,1,9859,9859,8,5,40,1,0,0,1,0
1364499,4,2024,2024,5,2,0,2,27,17,34609,0,1,1,-31.966406,152.406881,43,1,0,0,1,2,0,0,0,0,7,100,0,4552,5151,8,10,40,1,0,1,2,0
1364500,4,2024,2024,5,5,7,22,27,26,34609,0,1,1,-34.861638,150.594272,63,2,1,1,1,0,0,0,2,0,7,60,0,1282,1282,1,10,27,2,0,1,0,0
1364501,2,2024,2024,5,6,7,51,27,74,45,0,1,10,-33.744077,150.834922,7,0,2,1,1,0,0,0,2,2,7,60,1,14295,14295,3,5,0,2,0,0,1,0
1364502,2,2024,2024,5,1,0,2261,17,14,2252,0,1,3,-34.44419,150.399398,78,1,0,1,1,0,0,0,0,0,7,110,2,1192,1192,1,10,25,2,0,0,1,0
1364503,4,2024,2024,5,3,7,26,27,232,34609,0,1,9,-33.686034,150.924914,71,0,2,1,0,2,0,0,2,0,0,60,0,2852,2852,4,0,0,2,0,1,0,0
1364504,2,2024,2024,5,1,3,191,17,562,189,0,1,7,-32.244548,148.614348,22,2,1,1,1,0,0,0,2,0,0,60,2,256,256,4,8,13,2,0,0,1,0
1364505,2,2024,2024,5,1,3,178,31,85,148,0,1,10,-32.935096,151.731805,48,0,2,1,1,0,0,0,2,0,0,60,1,2585,777,1,5,5,2,0,0,1,0
1364506,1,2024,2024,5,6,10,37,1,35,212,0,1,2,-35.355992,149.216742,58,2,1,0,2,0,0,0,0,0,7,60,2,1957,4009,8,0,40,1,0,0,0,1
1364507,4,2024,2024,5,4,10,4,10,28,34609,0,1,1,-34.08126,150.803528,13,0,2,0,2,0,3,4,0,0,7,60,0,4552,5151,1,30,5,2,0,1,0,0
1364508,4,2024,2024,1,0,4,13,27,173,12,0,1,1,-33.727622,151.116588,36,0,2,0,1,0,0,0,2,0,7,50,1,4552,5151,8,5,40,1,0,1,0,0
1364511,2,2024,2024,5,1,7,133,31,70,97,0,1,9,-33.915757,150.998393,15,0,2,1,1,0,0,0,2,0,7,60,1,5929,5929,1,0,27,2,0,0,1,0
1364512,1,2024,2024,5,6,5,79,27,145,159,0,1,1,-33.932845,151.110032,15,0,2,1,2,0,0,6,2,0,7,60,2,14295,14295,3,10,5,3,0,0,0,1
1364513,4,2024,2024,1,5,3,19,27,562,17,0,1,9,-32.132494,148.777127,22,1,0,1,0,0,3,1,1,0,0,100,1,489,489,8,10,40,1,0,3,0,0
1364514,2,2024,2024,1,5,5,2209,17,55,2205,0,1,10,-35.72031,150.175506,23,2,1,1,1,0,0,0,2,2,7,60,2,2852,2852,4,8,5,2,0,0,2,0
1364516,1,2024,2024,5,0,3,222,27,98,70,0,1,2,-33.739266,151.066294,31,0,2,0,1,0,3,0,2,0,7,60,2,1192,1192,1,10,19,2,0,0,0,1
1364517,4,2024,2024,1,2,9,2126,17,106,2149,0,1,10,-33.886171,151.179145,69,0,2,1,2,0,0,0,3,2,7,60,2,6545,6545,4,22,5,2,0,1,0,0
1364518,1,2024,2024,1,0,4,30,31,129,34609,0,1,9,-33.934331,151.077401,15,0,2,1,0,0,2,6,2,0,7,50,0,4552,985,1,10,0,3,0,0,0,1
1364520,2,2024,2024,5,5,11,13,27,210,34609,0,1,1,-34.042623,151.100473,68,0,2,1,2,0,0,0,0,0,7,50,0,4026,4026,1,5,0,3,0,0,1,0
1364522,2,2024,2024,5,3,2,112,17,6,112,0,1,1,-31.544625,145.263301,51,1,0,1,0,0,0,0,0,0,7,110,2,4026,4026,8,3,40,1,0,0,1,0
1364524,4,2024,2024,1,6,11,132,31,45,126,0,1,9,-33.888574,151.198482,69,0,2,1,2,0,3,2,0,0,7,50,2,2040,2040,9,5,28,2,0,1,0,0
1364526,4,2024,2024,1,2,8,10,10,121,34609,0,1,1,-28.203385,153.539714,72,2,1,0,1,0,0,0,2,0,7,50,0,312,312,2,16,40,1,0,1,0,0
1364527,4,2024,2024,1,5,1,2261,17,35,2252,0,1,3,-34.388256,150.521089,78,1,0,1,0,0,3,4,0,0,7,110,2,9859,9859,8,8,40,1,0,1,0,0
1364532,2,2024,2024,1,5,1,4,27,24,5,0,1,1,-32.775867,151.437384,17,2,1,0,0,0,0,0,0,0,7,80,1,4552,5151,8,0,40,2,0,0,1,0