Crash ID,Degree of crash - detailed,Reporting year,Year of crash,Month of crash,Day of week of crash,Two-hour intervals,Street of crash,Street type,Town,Route no.,School zone location,School zone active,Type of location,Latitude,Longitude,LGA,Urbanisation,Conurbation 1,Alignment,Street lighting,Road surface,Surface condition,Weather,Natural lighting,Signals operation,Other traffic control,Speed limit,Road classification,RUM - code,DCA - code,First impact type,Key TU type,Other TU type,No. of traffic units involved,No. killed,No. seriously injured,No. moderately injured,No. minor-other injured
1364533,4,2024,2024,1,6,7,13,27,76,14,0,1,1,-34.546573,150.364896,78,2,1,0,0,0,0,0,2,0,7,50,1,4552,5151,8,5,40,1,0,1,0,0
1364534,4,2024,2024,1,4,1,165,31,80,16,0,1,4,-33.880408,151.204983,69,0,2,0,2,0,0,0,0,0,7,40,1,2585,4009,8,22,40,1,0,1,0,0
1364535,4,2024,2024,1,2,9,58,18,253,34609,0,1,9,-33.969194,151.108317,25,0,2,1,2,0,0,0,0,0,7,50,0,1282,1282,1,33,19,2,0,1,0,0
1364537,2,2024,2024,1,4,7,106,27,523,106,0,1,1,-33.928412,150.914093,41,0,2,1,0,0,0,0,2,0,7,60,2,9859,9859,8,5,40,1,0,0,1,0
1364539,4,2024,2024,5,6,7,153,27,290,147,0,1,9,-33.949695,151.121315,4,0,2,1,1,0,0,0,2,0,7,60,2,96,96,0,16,5,3,0,1,0,0
1364540,2,2024,2024,1,5,9,7,27,3,34609,0,1,1,-28.861251,153.414575,2,2,1,1,0,0,0,3,3,0,7,80,0,9859,9859,8,10,40,1,0,0,1,0
1364543,4,2024,2024,1,1,6,14,27,19,17,0,1,1,-29.893625,150.503693,51,1,0,0,0,0,0,0,2,0,7,100,1,1957,4009,8,34,40,1,0,1,0,0
1364544,4,2024,2024,1,6,9,106,27,46,106,0,1,10,-33.926034,150.853476,41,0,2,1,2,0,0,0,0,2,7,70,2,5929,5929,1,0,13,2,0,1,1,0
1364546,4,2024,2024,1,4,4,2,1,50,34609,0,1,9,-34.349954,150.913794,80,0,2,1,0,0,0,0,2,0,7,40,0,9859,9859,8,5,40,1,0,1,0,0
1364547,2,2024,2024,1,4,8,2261,17,187,2252,0,1,9,-33.896302,150.99092,15,0,2,1,1,0,0,0,2,2,7,70,2,775,775,4,0,0,2,0,0,1,1
1364550,2,2024,2024,1,4,11,3371,17,33,3342,0,1,2,-33.656823,151.13373,31,0,2,1,2,0,0,0,0,0,7,80,2,1945,1945,5,10,40,1,0,0,1,0
1364552,2,2024,2024,5,2,5,2126,17,93,2149,0,1,2,-33.418388,149.595074,3,2,1,1,0,0,3,4,2,0,7,70,2,14295,14295,3,9,5,3,0,0,1,0
1364553,2,2024,2024,6,5,11,132,31,252,126,0,1,1,-33.890327,151.208893,69,0,2,1,2,0,0,0,0,0,7,50,2,3775,3775,0,5,5,2,0,0,1,2
1364554,2,2024,2024,1,5,9,171,1,387,104,0,1,9,-33.933967,151.199251,4,0,2,0,2,0,0,0,0,2,7,60,2,5929,5929,1,0,5,2,0,0,1,1
1364558,2,2024,2024,1,5,8,195,27,49,186,0,1,9,-33.917305,150.854375,41,0,2,1,2,0,0,0,2,2,9,70,2,14295,14295,3,5,5,4,0,0,1,0
1364560,2,2024,2024,11,1,8,308,14,323,311,0,1,3,-33.817396,150.852063,7,0,2,1,1,0,0,0,2,0,7,80,2,1282,1282,1,10,13,3,0,0,1,0
1364561,4,2024,2024,11,6,3,103,27,94,563,0,1,9,-33.832174,151.048865,54,0,2,1,1,0,0,0,2,0,5,70,2,1192,1192,1,0,13,2,0,1,0,0
1364564,4,2024,2024,11,1,5,169,1,92,94,0,1,9,-33.881271,150.972004,24,0,2,1,1,0,0,0,2,0,0,60,1,6545,6545,4,5,5,2,0,1,0,0
1364565,2,2024,2024,11,2,11,1,27,532,34609,0,1,1,-33.862967,151.214122,69,0,2,0,2,0,0,0,0,0,7,50,0,4552,5151,8,30,40,1,0,0,1,0
1364566,2,2024,2024,11,3,0,57,31,80,30,0,1,10,-33.878094,151.207429,69,0,2,1,2,0,0,0,0,2,7,40,1,2040,2040,9,0,28,2,0,0,1,0
1364567,2,2024,2024,11,4,9,2209,17,29,2205,0,1,1,-35.308649,150.430639,63,2,1,0,0,0,0,0,0,0,7,60,2,3775,3775,0,5,5,2,0,0,1,0
1364568,4,2024,2024,11,1,7,89,27,8,228,0,1,1,-32.906745,151.151964,17,2,1,0,1,0,0,0,2,0,7,80,1,4552,5151,8,0,40,1,0,1,0,0
1364572,1,2024,2024,11,3,9,866,17,174,793,1,0,10,-33.869572,150.92514,24,0,2,1,2,0,0,0,0,1,7,70,2,9859,9859,8,5,40,1,0,0,0,1
1364573,2,2024,2024,11,3,4,97,17,61,88,0,1,2,-35.180398,149.245167,82,1,0,1,0,0,0,0,2,0,7,110,2,1945,1945,5,16,40,1,0,0,1,0
1364574,4,2024,2024,11,2,10,23,10,9,174,0,1,9,-32.942052,151.481455,17,1,0,1,0,0,0,0,0,0,7,90,2,2852,2852,4,0,5,2,0,2,1,0
1364575,1,2024,2024,11,5,6,98,27,87,799,0,1,10,-33.928675,150.962275,41,0,2,1,1,0,0,0,2,2,7,70,2,5929,5929,1,5,5,2,0,0,0,1
1364576,1,2024,2024,11,2,6,133,17,10,121,0,1,1,-35.886246,149.161451,65,1,0,1,1,0,0,0,2,0,7,100,2,475,475,5,16,40,1,0,0,0,1
1364577,4,2024,2024,11,2,4,83,31,44,34609,0,1,7,-33.088869,147.14972,51,2,1,1,1,0,0,0,2,0,0,50,0,6545,6545,4,5,19,2,0,1,0,0
1364578,4,2024,2024,11,6,0,481,17,7,483,0,1,1,-31.915163,148.619311,22,1,0,0,0,0,0,0,0,0,7,110,2,2585,4009,8,5,40,1,0,1,0,0
1364580,2,2024,2024,11,5,5,30,27,33,41,0,1,10,-33.984683,151.139854,4,0,2,1,1,0,0,0,2,0,15,60,1,5929,5929,1,5,19,2,0,0,1,0
1364581,2,2024,2024,11,0,9,512,17,433,441,0,1,7,-33.259538,149.1131,52,2,1,1,0,0,0,0,0,0,0,80,2,1945,1945,5,16,40,1,0,0,1,0
1364582,2,2024,2024,11,6,7,113,27,6,111,0,1,1,-33.865356,150.794409,55,0,2,1,0,0,0,0,2,0,7,80,2,1981,1981,4,5,10,2,0,0,1,0
1364583,1,2024,2024,11,4,6,46,27,304,140,0,1,10,-33.91231,151.160107,32,0,2,1,1,0,0,0,2,2,7,60,1,1192,1192,1,10,27,2,0,0,0,1
1364584,4,2024,2024,11,2,8,1,27,13,34609,0,1,9,-33.668434,150.022869,40,2,1,0,0,2,0,0,2,0,7,50,0,1850,985,5,16,40,1,0,1,0,0
1364587,2,2024,2024,1,4,3,2,31,47,34609,0,1,10,-35.261846,149.439356,58,2,1,1,1,0,0,0,2,0,0,50,0,6545,6545,4,30,0,2,0,0,2,0
1364589,2,2024,2024,11,5,4,2126,17,171,2149,0,1,10,-33.814385,150.964691,21,0,2,1,0,0,0,0,2,2,7,80,2,14295,14295,3,5,5,2,0,0,1,0
1364590,4,2024,2024,11,6,4,1,31,69,34609,1,0,9,-33.772604,150.979159,54,0,2,1,1,0,0,0,2,0,15,50,0,3775,3775,0,5,5,2,0,1,1,0
1364592,2,2024,2024,1,6,0,251,27,64,212,0,1,2,-33.76092,151.216157,50,0,2,0,2,0,0,0,0,0,7,70,2,4552,5151,8,5,40,1,0,0,1,0
1364596,1,2024,2024,11,0,8,163,27,63,165,0,1,9,-33.73541,150.799541,7,0,2,1,1,0,0,0,2,2,7,60,1,1220,1220,9,33,26,2,0,0,0,1
1364597,2,2024,2024,5,5,9,55,36,6,43,0,1,1,-32.410211,150.380961,46,1,0,0,0,0,0,0,3,0,7,100,1,1957,4009,8,10,40,1,0,0,1,0
1364599,4,2024,2024,11,0,10,255,27,15,260,0,1,1,-32.990163,151.600513,37,0,2,1,2,0,0,0,0,0,7,60,2,3775,3775,0,5,0,2,0,1,1,0
1364600,2,2024,2024,11,4,5,14,1,198,34609,0,1,1,-33.904394,151.101499,15,0,2,1,1,0,0,0,2,0,7,50,0,238,238,9,5,28,2,0,0,1,0
1364601,4,2024,2024,11,2,6,103,27,5,98,0,1,1,-32.92895,150.696454,64,2,1,0,0,0,0,0,2,0,7,80,2,1850,1463,5,16,40,1,0,1,0,0
1364602,2,2024,2024,11,4,7,3,27,128,34609,0,1,9,-33.626881,150.814725,29,2,2,1,0,0,0,0,2,0,0,60,0,5929,5929,1,10,5,2,0,0,1,0
1364603,4,2024,2024,11,4,5,12,27,9,34609,0,1,1,-29.470097,153.222604,18,2,1,1,0,0,3,4,2,2,14,40,0,14295,14295,3,5,25,2,0,1,1,0
1364604,4,2024,2024,1,4,0,17,27,127,34609,0,1,1,-33.832355,150.857616,24,0,2,1,1,0,0,0,0,0,7,50,0,9859,9859,8,5,40,1,0,2,0,0
1364605,2,2024,2024,11,0,9,7,23,69,34609,0,1,1,-32.903138,151.68908,48,0,2,1,2,0,0,0,0,0,7,50,0,14295,14295,3,17,12,2,0,0,1,0
1364608,1,2024,2024,11,1,7,24,27,19,34609,0,1,1,-32.926682,151.461408,17,2,1,1,1,0,0,0,2,0,7,80,0,945,945,5,0,40,1,0,0,0,1
1364611,2,2024,2024,11,0,3,8,27,3,34609,0,1,1,-28.19998,153.438249,72,2,1,0,0,0,3,4,2,0,7,60,0,4552,5151,8,5,40,1,0,0,1,0
1364613,4,2024,2024,1,6,4,229,14,173,237,0,1,3,-33.778276,151.128655,61,0,2,1,0,0,0,0,2,0,7,100,2,1383,1383,1,22,0,2,0,1,0,0
1364614,4,2024,2024,11,2,9,515,14,523,518,0,1,3,-33.938918,150.918627,41,0,2,1,2,0,0,0,0,0,7,100,2,9859,9859,8,16,40,1,0,1,0,0
1364618,1,2024,2024,11,2,5,1104,14,460,962,0,1,3,-33.821144,150.98453,21,0,2,1,1,0,0,0,2,0,7,90,2,1383,1383,1,10,0,2,0,0,0,2
1364619,4,2024,2024,11,5,3,3,27,15,34609,0,1,9,-31.775347,150.897784,73,1,0,1,0,0,0,0,2,0,7,100,0,4552,985,8,10,40,1,0,1,0,0
1364620,4,2024,2024,1,4,7,27,31,107,34609,0,1,1,-29.685289,152.938203,18,2,1,1,3,0,2,6,2,0,7,50,0,9859,9859,1,5,22,2,0,3,1,1
1364621,2,2024,2024,11,0,11,293,25,71,34609,0,1,0,-33.971363,151.078662,25,0,2,1,1,0,0,0,0,0,7,50,0,4026,4026,1,10,5,3,0,0,1,0
1364622,4,2024,2024,11,2,6,70,27,17,100,0,1,1,-33.663417,150.653498,8,2,2,0,0,0,0,0,2,0,7,60,2,3775,3775,0,16,10,2,0,1,0,0
1364624,2,2024,2024,11,1,3,57,1,18,52,0,1,1,-30.367271,153.100872,19,2,1,1,0,0,0,0,2,0,7,40,1,9859,9859,8,5,40,1,0,0,1,0
1364625,2,2024,2024,11,2,4,293,27,78,34609,0,1,7,-33.69919,150.567818,8,2,2,1,1,0,0,0,2,0,7,40,0,9859,9859,8,5,40,1,0,0,1,0
1364626,4,2024,2024,1,0,7,103,27,149,167,1,0,2,-33.99585,151.129798,25,0,2,1,0,0,0,0,2,0,7,70,2,515,515,1,0,19,2,0,1,0,0
1364627,1,2024,2024,11,4,3,330,23,293,112,0,1,9,-33.936755,151.237949,59,0,2,1,1,0,3,4,2,0,7,50,2,14295,14295,3,9,5,3,0,0,0,2
1364628,4,2024,2024,11,1,7,134,10,36,133,0,1,2,-33.797439,151.014456,54,0,2,1,0,0,0,0,2,0,7,90,2,1383,1383,1,10,12,2,0,1,0,0
1364629,2,2024,2024,11,6,9,133,27,5,174,0,1,1,-32.863472,151.398615,17,2,1,1,0,0,0,0,0,0,7,80,2,1089,1089,7,0,40,1,0,0,1,0
1364631,4,2024,2024,11,5,4,2,31,304,34609,0,1,9,-33.912859,151.147203,32,0,2,1,0,0,0,0,2,0,0,50,0,5929,5929,1,5,19,2,0,1,0,0
1364632,4,2024,2024,10,6,10,108,31,77,34609,0,1,1,-33.865804,150.942947,24,0,2,1,2,0,0,0,0,0,7,50,0,214,214,9,5,28,2,0,1,0,0
1364634,1,2024,2024,11,3,7,76,27,85,148,1,0,10,-32.934795,151.729506,48,0,2,1,1,0,0,0,2,0,0,60,1,14295,14295,3,0,0,2,0,0,0,1
1364635,2,2024,2024,5,5,11,102,31,139,187,0,1,10,-33.875243,151.134633,32,0,2,1,2,0,0,3,0,2,7,60,2,6545,6545,4,0,0,2,0,0,1,0
1364637,2,2024,2024,11,1,1,2261,17,23,2252,0,1,2,-34.640731,150.126023,78,1,0,0,3,0,0,0,0,0,7,110,2,1957,4009,8,10,40,1,0,0,1,0
1364640,2,2024,2024,11,1,0,3371,17,463,3342,0,1,2,-30.297975,153.112545,19,2,1,1,2,0,3,0,0,0,7,60,2,1945,1945,5,29,40,1,0,0,2,0
1364642,4,2024,2024,11,3,8,3,27,10,34609,0,1,1,-32.362136,149.431552,44,1,0,1,0,2,0,0,2,0,7,100,0,1089,1089,7,16,40,1,0,1,0,0
1364644,2,2024,2024,11,0,7,115,27,81,114,0,1,9,-33.88936,151.256284,81,0,2,1,1,0,0,0,2,0,0,50,2,591,591,1,22,36,2,0,0,1,0
1364645,2,2024,2024,11,1,6,1,27,2,34609,0,1,1,-28.456265,153.415711,72,2,1,1,0,0,0,0,2,0,7,50,0,4026,4026,8,5,40,1,0,0,1,0
1364646,4,2024,2024,11,0,7,2,36,1,2,0,1,1,-32.856938,145.924473,51,1,0,1,0,0,0,0,2,0,7,100,1,1089,1089,7,16,40,1,0,1,0,0
1364647,2,2024,2024,11,1,9,145,31,532,34609,0,1,10,-33.863366,151.211861,69,0,2,1,1,0,0,0,3,2,9,40,0,1220,1220,9,33,28,2,0,0,1,0
1364652,4,2024,2024,5,6,9,1,27,2,34609,0,1,1,-31.524326,152.398269,56,1,0,0,0,2,0,0,0,0,7,100,0,2585,4009,8,0,40,1,0,1,0,0
1364653,2,2024,2024,11,0,4,2261,17,35,2252,0,1,3,-34.321939,150.576884,78,1,0,0,1,0,0,0,2,0,7,110,2,3775,3775,0,5,13,3,0,0,1,0
1364655,4,2024,2024,11,2,9,1,2,87,34609,0,1,10,-33.693867,150.951286,71,0,2,1,2,0,0,0,0,0,0,50,0,2585,777,1,5,5,2,0,1,0,0
1364658,4,2024,2024,10,4,11,1,27,53,34609,0,1,1,-32.143358,148.124694,51,2,1,0,0,2,0,0,0,0,7,50,0,2585,4009,8,5,40,1,0,1,0,0
1364660,2,2024,2024,11,0,10,4,27,3,34609,0,1,1,-33.499281,150.151766,40,2,1,0,0,2,3,1,0,0,7,50,0,1957,4009,8,10,40,1,0,0,1,0
1364661,4,2024,2024,11,2,7,15,27,143,51,0,1,1,-33.695638,151.098449,31,0,2,0,1,0,0,0,2,0,7,60,2,57,57,1,5,19,2,0,1,0,0
1364662,2,2024,2024,11,1,7,10,31,134,34609,0,1,1,-33.892574,151.251623,76,0,2,1,1,0,0,0,2,0,7,50,0,4026,4026,1,5,5,3,0,0,1,0
1364663,2,2024,2024,11,2,6,103,27,34,98,0,1,9,-32.848887,150.831218,64,1,0,1,0,2,0,0,2,0,7,100,2,9859,9859,8,16,40,1,0,0,1,0
1364664,2,2024,2024,10,5,8,71,27,69,122,0,1,2,-34.547222,150.861555,62,0,2,1,2,0,0,0,3,0,7,70,2,1981,1981,4,5,27,2,0,0,1,0
1364666,2,2024,2024,1,6,3,4,27,63,34609,0,1,9,-33.255907,151.474792,16,2,2,1,1,0,0,0,1,0,7,50,0,9859,9859,1,0,5,3,0,0,1,0
1364667,4,2024,2024,11,1,4,103,27,370,256,0,1,10,-34.070701,150.811758,13,0,2,1,1,0,0,0,2,2,7,60,2,6545,6545,4,21,0,3,0,2,0,0
1364668,4,2024,2024,11,1,9,500,27,293,799,0,1,9,-33.931391,151.063073,15,0,2,1,1,0,0,0,3,2,7,60,2,5929,5929,1,5,5,2,0,1,1,0
1364670,4,2024,2024,11,4,8,16,7,29,34609,0,1,9,-35.10334,150.630287,63,2,1,0,1,0,0,0,2,0,7,50,0,5929,5929,1,10,19,2,0,1,0,0
1364671,2,2024,2024,1,6,3,36,27,438,25,0,1,7,-33.845584,151.021942,21,0,2,1,0,0,0,0,2,0,0,50,1,6545,6545,4,9,0,2,0,0,1,0
1364674,2,2024,2024,11,3,10,2126,17,204,2149,0,1,9,-33.88479,151.135689,32,0,2,1,2,0,0,0,0,2,7,60,2,256,256,4,0,5,3,0,0,2,2
1364676,2,2024,2024,1,2,5,5,31,182,34609,0,1,1,-32.839781,151.355203,17,2,1,1,1,0,0,0,2,0,7,50,0,14295,14295,3,0,36,2,0,0,1,0
1364677,2,2024,2024,11,3,10,157,17,36,158,0,1,9,-33.538569,149.248011,51,2,1,0,2,0,3,3,0,0,0,50,2,489,489,8,5,40,1,0,0,1,1
1364678,1,2024,2024,10,6,10,22,27,18,147,0,1,1,-28.679392,153.609272,10,2,1,1,0,0,3,4,0,0,7,50,1,1192,1192,1,9,27,2,0,0,0,1
1364683,2,2024,2024,11,3,5,31,27,5,78,0,1,1,-33.832749,149.971377,51,1,0,1,0,0,0,0,2,0,7,100,1,1089,1089,7,16,40,1,0,0,1,0
1364684,2,2024,2024,10,5,4,6,31,107,157,0,1,10,-29.680239,152.935602,18,2,1,1,1,0,0,0,2,0,0,50,2,5929,5929,1,5,0,2,0,0,2,0
1364685,2,2024,2024,10,6,4,8,31,228,34609,0,1,1,-34.747249,149.706438,26,2,1,1,0,0,0,3,2,0,7,50,0,1109,397,1,10,13,2,0,0,1,0
1364686,2,2024,2024,5,5,9,107,22,346,2252,0,1,10,-33.887479,151.09146,67,0,2,1,2,0,0,0,0,2,7,60,2,1383,1383,1,10,19,2,0,0,1,0
1364687,2,2024,2024,10,3,7,20,31,25,34609,0,1,1,-32.842656,151.379502,17,2,1,1,1,0,0,0,2,0,7,50,0,9859,9859,1,5,22,3,0,0,1,0
1364689,2,2024,2024,0,2,4,1,27,11,34609,0,1,1,-34.875753,149.826542,26,1,0,0,1,0,0,0,2,0,7,100,0,1850,1463,5,16,40,1,0,0,1,0
1364690,4,2024,2024,1,2,5,2,27,24,34609,0,1,1,-33.624095,150.830347,29,2,2,1,0,0,0,0,2,0,7,60,0,1945,1945,5,16,40,1,0,1,0,0
1364692,2,2024,2024,10,5,3,39,27,5,43,0,1,1,-32.550009,149.637628,44,1,0,1,0,0,0,0,2,0,7,100,1,945,945,5,5,40,1,0,0,1,0
1364693,1,2024,2024,11,4,5,3371,17,58,3342,0,1,2,-28.565169,153.541926,10,1,0,0,0,0,0,0,2,0,7,110,2,4552,5151,8,5,40,1,0,0,0,1
1364694,1,2024,2024,11,4,6,31,31,107,34609,0,1,9,-33.279761,151.424139,16,2,2,1,0,0,3,4,2,0,7,50,0,2852,2852,4,0,5,2,0,0,0,2
1364699,4,2024,2024,1,6,9,7,27,224,34609,0,1,1,-33.831871,151.238544,45,0,2,1,2,0,0,0,0,0,9,50,0,1220,1220,9,5,28,2,0,1,0,1
1364703,4,2024,2024,10,5,7,16,36,6,41,0,1,1,-34.817529,147.280745,51,1,0,0,0,0,0,0,2,0,7,100,1,4552,5151,1,10,35,2,0,2,0,0
1364704,4,2024,2024,10,4,0,56,31,30,34609,0,1,10,-30.089243,145.931546,51,2,1,1,2,0,0,0,0,0,0,50,0,1945,1945,5,16,40,1,0,1,0,0
1364705,1,2024,2024,11,0,8,334,17,31,308,0,1,10,-31.061076,150.830531,70,1,0,1,0,0,0,0,2,0,0,100,2,6545,6545,4,10,5,2,0,0,0,2
1364709,2,2024,2024,11,1,3,10,31,166,34609,0,1,10,-33.422114,149.566891,3,2,1,1,1,0,0,0,2,0,0,50,0,6545,6545,4,0,5,2,0,0,2,0
1364711,2,2024,2024,11,0,8,56,27,115,80,0,1,9,-33.875586,151.190001,69,0,2,1,1,0,0,0,3,0,0,40,2,2585,777,8,5,40,1,0,0,1,0
1364714,2,2024,2024,11,5,4,11,27,5,34609,0,1,1,-31.899041,151.621685,43,2,1,0,0,2,0,0,2,0,7,60,0,782,957,5,16,40,1,0,0,1,0
1364715,4,2024,2024,1,3,5,177,22,87,176,0,1,9,-34.049798,151.147331,68,0,2,1,1,0,0,0,2,0,7,60,2,2852,2852,4,5,0,3,0,1,0,0
1364718,2,2024,2024,10,5,8,17,10,20,34609,0,1,1,-34.409125,150.816698,80,0,2,0,0,0,0,0,2,0,7,60,0,380,714,5,0,40,1,0,0,1,0
1364720,4,2024,2024,10,4,8,65,10,132,148,0,1,1,-34.112943,151.060135,68,0,2,0,0,0,0,0,2,0,7,60,2,1259,5151,8,5,40,1,0,1,0,0
1364722,2,2024,2024,10,2,5,2,27,13,34609,0,1,1,-28.838279,153.274241,39,1,0,1,0,0,0,0,2,0,7,100,0,9859,9859,8,5,40,1,0,0,1,0
1364723,2,2024,2024,10,2,8,3371,17,57,3342,0,1,9,-28.616261,153.546183,10,1,0,0,1,0,0,0,2,0,7,100,2,2585,4009,8,0,40,1,0,0,2,0
1364725,1,2024,2024,11,6,10,11,1,609,136,0,1,9,-33.775867,150.921652,7,0,2,1,2,0,0,0,0,0,7,60,2,14295,14295,3,5,5,3,0,0,0,1
1364727,2,2024,2024,11,2,5,3371,17,16,3342,0,1,2,-28.397685,153.527043,72,1,0,0,0,0,0,0,2,0,7,110,2,14295,14295,3,9,0,2,0,0,1,1
1364728,2,2024,2024,11,2,5,230,27,173,284,0,1,10,-33.79122,151.130554,61,0,2,1,0,0,0,0,2,2,7,70,2,14295,14295,3,5,19,2,0,0,1,0
1364729,4,2024,2024,10,5,10,93,1,460,34609,0,1,1,-33.837344,150.988953,21,0,2,0,2,0,0,0,0,0,7,40,0,1850,1463,5,16,40,1,0,1,0,0
1364730,1,2024,2024,1,6,8,30,31,85,35,0,1,10,-34.570814,150.775063,62,0,2,1,1,0,0,0,2,2,7,70,1,1220,1220,9,0,28,2,0,0,0,1
1364731,4,2024,2024,10,5,5,133,10,7,121,0,1,1,-31.642188,152.81273,56,2,1,1,0,0,0,0,2,0,7,50,1,340,340,9,0,28,2,0,1,0,0
1364732,4,2024,2024,10,1,7,9,1,215,34609,0,1,1,-35.119978,147.345661,75,2,1,1,0,0,0,0,2,0,7,50,0,2040,2040,9,5,26,2,0,1,0,0
1364733,2,2024,2024,11,0,10,293,31,112,369,0,1,10,-33.612325,150.815103,29,2,2,1,2,0,3,4,0,2,7,60,2,5929,5929,1,5,13,2,0,0,2,1
1364734,2,2024,2024,5,6,2,59,27,252,21,0,1,7,-33.932493,150.869524,41,0,2,0,2,0,0,0,0,0,0,60,2,623,623,3,33,13,2,0,0,1,0
1364735,4,2024,2024,1,2,11,79,27,145,159,0,1,2,-33.935817,151.111569,15,0,2,1,2,0,0,0,0,0,7,60,2,9859,9859,1,5,5,3,0,1,0,0
1364736,2,2024,2024,10,5,7,7,27,103,34609,0,1,1,-34.334116,148.263302,30,1,0,0,0,2,0,0,2,0,7,100,0,2585,4009,8,5,40,1,0,0,1,0
1364737,2,2024,2024,10,2,10,1,31,36,34609,0,1,1,-33.897726,148.154172,51,2,1,1,0,0,0,0,0,0,7,50,0,945,945,5,16,40,1,0,0,1,0
1364738,2,2024,2024,11,0,7,22,31,463,34609,1,0,9,-30.300895,153.111733,19,2,1,0,1,0,3,4,2,0,0,50,0,4552,5151,8,30,40,1,0,0,1,0
1364739,2,2024,2024,10,3,4,8,27,13,34609,0,1,1,-33.412524,150.201197,40,2,1,1,0,2,0,0,2,0,7,50,0,1945,1945,5,16,40,1,0,0,1,0
1364740,4,2024,2024,11,0,8,1104,14,218,962,0,1,3,-33.784199,150.772006,55,0,2,1,0,0,0,0,2,0,7,110,2,1383,1383,1,9,13,3,0,3,2,0
1364743,2,2024,2024,10,0,5,7,25,316,34609,0,1,1,-31.428174,152.878856,56,2,1,1,0,0,0,0,2,0,7,50,0,1981,1981,4,0,0,2,0,0,1,0
1364744,2,2024,2024,10,4,8,13,27,12,34609,0,1,1,-32.536369,151.169728,64,2,1,1,0,0,0,0,2,0,7,60,0,1192,1192,1,16,0,2,0,0,1,0
1364746,2,2024,2024,1,5,8,9,27,29,23,0,1,1,-32.686572,142.437383,51,1,0,0,0,0,0,0,2,0,7,100,1,380,714,5,5,40,1,0,0,1,0
1364747,4,2024,2024,10,0,6,387,27,115,34609,0,1,6,-33.961541,151.058395,25,0,2,0,0,0,0,0,2,0,7,50,0,418,714,5,16,40,1,0,1,0,0
1364748,2,2024,2024,11,3,0,171,23,99,34609,0,1,9,-33.895066,151.273255,76,0,2,0,2,0,3,0,0,0,7,50,0,1957,4009,1,5,13,3,0,0,1,0
1364749,2,2024,2024,11,6,7,255,27,3,260,0,1,2,-32.996822,151.598092,37,0,2,1,0,0,0,0,2,0,7,60,2,14295,14295,3,10,13,2,0,0,1,0
1364750,2,2024,2024,11,6,8,29,31,57,34609,0,1,10,-32.815511,151.474012,17,2,1,1,0,0,0,0,2,0,0,50,0,6545,6545,4,5,0,2,0,0,1,0
1364752,2,2024,2024,11,0,3,178,27,189,101,0,1,10,-33.95312,151.051793,25,0,2,1,1,0,3,4,1,2,7,50,1,1945,1945,5,16,40,1,0,0,1,0
1364755,4,2024,2024,11,2,7,234,27,24,228,0,1,1,-33.386852,150.984872,31,0,2,0,0,0,0,0,2,0,7,60,2,1259,5151,8,16,40,1,0,1,0,0
1364756,2,2024,2024,11,6,7,16,31,161,115,0,1,10,-33.726492,151.161663,36,0,2,1,1,0,0,0,2,2,7,60,1,2040,2040,9,0,28,2,0,0,1,0
1364757,1,2024,2024,1,0,7,224,27,102,321,0,1,1,-33.954275,151.204222,4,0,2,0,1,0,0,0,2,0,7,50,2,312,312,2,5,40,1,0,0,0,1
1364760,4,2024,2024,11,3,9,2209,17,201,2205,0,1,10,-34.880945,150.604257,63,2,1,1,2,0,0,0,0,0,15,70,2,2852,2852,4,5,19,3,0,1,1,0
1364761,1,2024,2024,10,1,11,916,17,4,917,0,1,1,-29.273127,151.97637,51,1,0,0,0,0,0,0,0,0,7,100,2,14295,14295,3,3,5,2,0,0,0,1
1364765,4,2024,2024,1,2,5,42,36,5,34609,0,1,1,-30.785773,152.887151,47,1,0,0,0,0,0,0,2,0,7,100,0,4552,5151,8,16,40,1,0,1,0,0
1364775,1,2024,2024,11,3,1,10,36,65,34609,0,1,1,-30.361839,153.048222,19,2,1,1,0,0,3,4,0,0,7,80,0,945,945,5,0,40,1,0,0,0,1
1364776,4,2024,2024,10,4,6,294,17,56,288,0,1,9,-35.125027,147.407625,75,2,1,0,0,0,0,0,2,0,0,60,2,1669,1669,3,5,13,2,0,1,0,0
1364779,2,2024,2024,10,1,10,15,27,26,18,0,1,1,-31.175491,152.942878,34,1,0,1,0,0,0,0,0,0,7,100,1,9859,9859,8,5,40,1,0,0,1,0
1364780,2,2024,2024,1,2,6,57,31,532,30,0,1,10,-33.877607,151.2047,69,0,2,1,1,0,0,0,2,2,7,40,1,6545,6545,4,10,0,2,0,0,1,0
1364781,2,2024,2024,10,5,11,35,27,193,33,0,1,1,-33.782638,151.097213,61,0,2,1,2,0,0,0,0,0,7,60,1,1669,1669,3,15,5,2,0,0,1,0
1364783,2,2024,2024,5,3,6,13,27,10,14,0,1,1,-33.782095,149.32795,3,1,0,0,0,0,0,0,2,0,7,100,1,2585,4009,8,0,40,1,0,0,2,0
1364784,4,2024,2024,6,6,4,2209,17,115,2205,0,1,2,-34.031121,151.078287,68,0,2,1,1,0,0,0,2,0,7,70,2,14295,14295,3,0,5,3,0,1,0,0
1364786,2,2024,2024,10,4,5,39,27,57,147,0,1,1,-28.636912,153.558847,10,2,1,1,1,0,3,4,2,0,7,60,1,14295,14295,3,21,0,3,0,0,2,0