Crash ID,Degree of crash - detailed,Reporting year,Year of crash,Month of crash,Day of week of crash,Two-hour intervals,Street of crash,Street type,Town,Route no.,School zone location,School zone active,Type of location,Latitude,Longitude,LGA,Urbanisation,Conurbation 1,Alignment,Street lighting,Road surface,Surface condition,Weather,Natural lighting,Signals operation,Other traffic control,Speed limit,Road classification,RUM - code,DCA - code,First impact type,Key TU type,Other TU type,No. of traffic units involved,No. killed,No. seriously injured,No. moderately injured,No. minor-other injured
1364788,2,2024,2024,5,5,9,9,27,104,34609,0,1,1,-33.83179,151.223685,49,0,2,1,1,0,0,0,2,0,7,50,0,1109,787,1,0,19,2,0,0,1,0
1364789,4,2024,2024,11,0,2,3,27,370,34609,0,1,1,-34.059686,150.818793,13,0,2,1,0,0,0,0,1,0,7,60,0,3775,3775,0,10,0,2,0,1,0,0
1364792,2,2024,2024,11,2,11,18,10,79,34609,0,1,10,-34.001136,150.739612,12,0,2,1,2,0,3,0,0,2,7,50,0,5929,5929,1,5,5,2,0,0,1,0
1364793,2,2024,2024,10,5,5,481,17,20,483,0,1,1,-30.902717,149.438637,51,1,0,1,0,0,0,0,2,0,7,110,2,945,945,5,3,40,1,0,0,1,2
1364794,2,2024,2024,5,2,9,3371,17,9,3342,0,1,2,-31.312,152.820823,56,1,0,1,0,0,3,4,0,0,7,110,2,4026,4026,8,5,40,1,0,0,1,0
1364795,4,2024,2024,11,1,5,1,7,37,34609,0,1,10,-33.019362,151.667462,37,0,2,1,1,0,0,0,2,0,0,50,0,9859,9859,8,5,40,1,0,1,0,0
1364796,1,2024,2023,9,0,10,35,31,532,34609,0,1,10,-33.876643,151.207843,69,0,2,1,2,0,0,0,0,2,7,40,0,395,395,1,33,27,2,0,0,0,1
1364797,2,2024,2024,5,1,11,2,27,12,34609,0,1,1,-29.971238,152.69737,18,2,1,1,0,2,0,6,0,0,7,80,0,9859,9859,8,5,40,1,0,0,1,0
1364798,4,2024,2024,5,1,10,17,27,10,7,0,1,1,-31.814583,149.126317,51,1,0,1,0,0,0,0,0,0,7,100,2,14295,14295,3,5,0,2,0,1,1,0
1364801,2,2024,2024,11,3,8,9,4,43,34609,0,1,9,-33.579457,150.873564,29,2,2,1,0,0,0,3,3,0,0,50,0,2852,2852,4,10,27,2,0,0,1,0
1364802,2,2024,2024,11,6,10,2126,17,77,2149,0,1,9,-33.884409,151.196527,69,0,2,1,2,0,3,3,0,2,7,50,2,1220,1220,9,5,28,2,0,0,1,0
1364803,2,2024,2024,11,0,4,78,31,228,34609,0,1,10,-34.746482,149.725246,26,2,1,1,0,0,0,0,2,0,15,50,0,5929,5929,1,9,19,2,0,0,1,0
1364804,4,2024,2024,11,0,7,478,17,18,480,0,1,1,-33.221953,151.53579,16,2,2,1,0,0,0,0,2,0,7,70,2,9859,9859,8,16,40,1,0,1,0,0
1364807,2,2024,2024,6,0,8,5,10,45,34609,0,1,1,-33.804034,150.805747,55,0,2,1,2,0,0,0,3,0,7,50,0,941,941,1,5,5,2,0,0,1,0
1364809,1,2024,2024,1,1,7,13,27,173,12,0,1,10,-33.73334,151.100744,36,0,2,1,1,0,0,0,2,2,7,50,1,5929,5929,1,5,19,2,0,0,0,1
1364810,2,2024,2024,5,3,7,127,27,48,103,0,1,9,-32.913359,151.747148,48,0,2,1,1,0,0,0,2,0,7,60,1,1192,1192,1,16,19,3,0,0,1,1
1364811,4,2024,2024,11,3,4,916,17,6,917,0,1,1,-30.5644,151.57798,51,1,0,1,0,0,3,3,2,0,7,100,2,1109,787,1,5,5,2,0,1,1,0
1364812,2,2024,2024,11,6,7,111,27,293,233,0,1,9,-33.937903,151.229403,59,0,2,1,0,0,0,0,2,0,9,60,2,186,186,9,22,28,2,0,0,1,0
1364813,4,2024,2024,11,0,9,485,27,337,769,0,1,1,-33.724983,150.972286,71,0,2,0,2,0,0,0,0,0,7,60,2,3775,3775,0,21,0,2,0,2,1,0
1364816,2,2024,2024,11,2,10,2261,17,112,2252,0,1,2,-33.913503,150.93238,41,0,2,1,2,0,3,3,0,0,7,70,2,1383,1383,1,10,5,3,0,0,1,0
1364817,2,2024,2024,11,3,8,44,1,11,34609,0,1,9,-34.442888,150.873907,80,0,2,1,1,0,0,0,3,0,7,50,0,775,775,4,5,5,2,0,0,1,1
1364819,1,2024,2024,11,2,6,18,31,13,34609,0,1,9,-33.87225,151.225033,69,0,2,1,1,0,0,0,2,0,9,40,0,2040,2040,9,0,28,2,0,0,0,1
1364820,2,2024,2024,10,4,11,5,31,98,34609,0,1,9,-30.996149,150.239613,51,2,1,1,1,0,0,0,0,0,7,50,0,489,489,8,10,40,1,0,0,1,0
1364823,4,2024,2024,11,3,8,2126,17,21,2149,0,1,2,-33.726151,150.400381,8,2,2,0,0,0,0,0,2,0,7,80,2,2585,4009,8,16,40,1,0,1,0,0
1364824,4,2024,2024,11,0,2,344,27,26,163,0,1,2,-33.750616,150.884884,7,0,2,1,1,0,0,0,1,0,7,70,2,14295,14295,3,16,13,2,0,1,0,0
1364825,2,2024,2024,11,2,8,112,27,370,256,0,1,10,-34.064208,150.823512,13,0,2,1,1,0,0,0,3,2,7,60,2,5929,5929,1,0,0,2,0,0,1,1
1364827,1,2024,2024,11,4,4,38,23,54,34609,0,1,1,-33.72166,151.096101,31,0,2,1,1,0,3,4,2,0,7,50,0,9859,9859,8,0,40,1,0,0,0,1
1364828,2,2024,2024,10,5,0,2261,17,112,2252,0,1,10,-33.911409,150.93817,41,0,2,1,2,0,0,0,0,2,7,70,2,4552,985,8,5,40,1,0,0,1,0
1364830,2,2024,2024,11,2,8,481,17,27,483,0,1,1,-32.590005,148.220882,51,1,0,1,0,0,0,0,2,0,7,110,2,4026,4026,8,0,40,1,0,0,1,0
1364831,1,2024,2024,1,0,8,82,31,179,369,0,1,10,-33.751254,150.713492,55,0,2,1,0,0,0,0,2,0,15,70,2,5929,5929,1,0,0,2,0,0,0,2
1364833,4,2024,2024,11,4,7,95,31,107,83,0,1,9,-29.672786,152.943818,18,2,1,1,0,0,3,4,2,0,7,50,1,591,591,1,17,36,2,0,1,0,0
1364834,2,2024,2024,11,4,11,387,27,12,34609,0,1,1,-34.960973,150.649936,63,1,0,0,0,0,3,4,0,0,7,90,0,1957,4009,8,5,40,1,0,0,2,0
1364835,4,2024,2024,11,1,5,71,36,30,8,0,1,1,-30.329436,145.958321,51,1,0,1,0,0,0,0,2,0,7,110,2,4026,4026,8,10,40,1,0,1,0,0
1364836,2,2024,2024,10,1,1,916,17,10,917,0,1,1,-32.531508,151.138229,64,2,1,1,0,0,2,6,0,0,7,80,2,4026,4026,8,34,40,1,0,0,1,0
1364839,2,2024,2024,11,3,7,1,18,11,34609,0,1,10,-32.028366,147.973366,51,2,1,1,0,0,0,0,2,0,0,50,0,6545,6545,4,10,0,2,0,0,1,1
1364840,4,2024,2024,10,6,3,1052,14,77,928,0,1,3,-33.525818,151.19703,16,1,2,0,1,0,0,3,2,0,7,110,2,1383,1383,1,33,12,2,0,1,0,0
1364841,1,2024,2024,0,1,4,829,27,304,140,0,1,9,-33.905781,151.166014,32,0,2,1,1,0,0,0,2,0,0,60,1,5929,5929,1,10,27,2,0,0,0,1
1364842,2,2024,2024,10,0,5,55,36,8,43,0,1,1,-32.446994,150.273667,46,2,1,0,0,0,0,0,2,0,7,60,1,4552,5151,8,10,40,1,0,0,1,0
1364843,4,2024,2024,10,3,5,255,31,4,34609,0,1,10,-31.015864,152.943858,34,2,1,1,0,0,0,0,2,0,0,50,0,6545,6545,4,0,13,2,0,1,0,2
1364844,2,2024,2024,10,6,6,14,18,80,34609,0,1,10,-33.881999,151.173744,32,0,2,1,1,0,3,3,2,0,0,50,0,6545,6545,4,5,0,2,0,0,1,0
1364850,2,2024,2024,10,6,5,1,27,32,34609,0,1,1,-33.738355,150.825214,7,0,2,1,1,0,0,3,2,0,7,50,0,1089,1089,7,16,40,1,0,0,1,0
1364851,4,2024,2024,11,4,7,67,27,15,34609,0,1,1,-30.664833,152.883201,47,1,0,1,0,0,3,3,2,0,7,90,0,1945,1945,5,10,40,1,0,1,0,0
1364852,4,2024,2024,11,6,8,916,17,3,917,0,1,9,-32.65522,151.320891,64,1,0,1,0,0,0,0,2,0,0,100,2,775,775,4,0,5,2,0,1,0,0
1364853,4,2024,2024,11,0,8,52,27,106,53,0,1,10,-33.925836,151.09708,15,0,2,1,1,0,0,0,2,2,7,50,1,5929,5929,1,5,19,2,0,1,1,0
1364860,4,2024,2024,10,6,11,232,36,252,331,0,1,2,-33.953297,150.857129,41,0,2,1,0,0,0,0,0,0,7,70,2,404,404,8,16,40,1,0,1,0,0
1364861,2,2024,2024,8,3,11,2209,17,176,2205,0,1,9,-33.958955,151.1379,4,0,2,1,2,0,0,0,0,0,7,60,2,941,941,1,5,19,2,0,0,1,0
1364863,4,2024,2024,11,2,11,2,10,31,34609,0,1,7,-31.130134,150.920405,70,2,1,0,2,0,0,0,0,0,0,50,0,1850,985,5,16,40,1,0,1,0,0
1364864,2,2024,2024,1,6,10,2126,17,60,2149,0,1,1,-33.765479,150.746901,55,0,2,1,2,0,0,0,0,0,7,80,2,1109,787,1,5,0,2,0,0,4,0
1364865,2,2024,2024,8,1,9,62,31,445,34609,0,1,7,-33.858477,151.045526,21,0,2,1,2,0,3,4,0,0,0,50,0,1220,1220,9,5,28,2,0,0,1,0
1364866,4,2024,2024,11,4,3,481,17,20,483,0,1,1,-31.050266,149.396609,51,1,0,1,0,0,3,4,2,0,7,110,2,475,475,5,0,40,1,0,2,0,0
1364868,4,2024,2024,1,1,7,1,31,88,34609,0,1,1,-33.985333,151.107087,25,0,2,1,0,0,0,0,2,0,7,50,0,18,18,2,0,10,2,0,1,0,0
1364869,2,2024,2024,11,0,3,6,27,41,99,0,1,1,-33.907396,151.185947,69,0,2,1,0,0,0,0,2,0,7,40,2,941,941,1,9,5,2,0,0,1,0
1364872,2,2024,2024,10,1,5,102,31,139,187,0,1,10,-33.874916,151.134375,32,0,2,1,1,0,0,0,2,2,6,60,2,6545,6545,4,9,12,2,0,0,1,0
1364873,4,2024,2024,1,5,11,103,27,370,256,0,1,2,-34.079357,150.808493,13,0,2,1,2,0,3,4,0,0,7,80,2,3775,3775,0,5,0,2,0,1,2,0
1364874,4,2024,2024,11,0,6,2,27,16,34609,0,1,1,-33.737069,150.653308,55,0,2,0,1,0,0,0,2,0,7,50,0,1259,5151,8,10,40,1,0,1,0,0
1364875,4,2024,2024,10,2,8,86,27,7,34609,0,1,1,-30.806902,152.489145,34,1,0,0,0,0,0,0,3,0,7,100,0,4552,5151,8,10,40,1,0,1,1,0
1364877,4,2024,2024,10,5,8,36,31,363,34609,0,1,10,-33.818307,151.006763,54,0,2,1,1,0,0,0,2,2,9,40,0,340,340,9,9,28,2,0,1,1,0
1364879,1,2024,2024,11,5,5,178,27,115,101,0,1,7,-33.957972,151.051208,25,0,2,1,1,0,0,0,2,0,0,50,1,6545,6545,4,10,5,2,0,0,0,1
1364880,4,2024,2024,11,2,5,100,27,109,799,0,1,10,-33.903325,151.14239,32,0,2,1,1,0,0,0,2,2,7,60,2,1220,1220,9,5,28,2,0,1,0,0
1364881,2,2024,2024,10,4,3,46,27,104,262,0,1,9,-32.909811,151.714747,48,0,2,0,1,0,0,0,2,0,0,60,2,6545,6545,4,5,13,2,0,0,1,0
1364883,2,2024,2024,11,1,9,35,1,14,52,0,1,7,-33.719721,150.781732,7,0,2,0,2,0,0,0,0,0,0,70,1,1259,5151,8,0,40,1,0,0,1,0
1364884,4,2024,2024,11,5,6,12,1,134,34609,0,1,1,-33.892228,151.252116,76,0,2,0,0,0,0,0,2,0,7,40,0,387,387,1,22,0,2,0,1,0,0
1364886,4,2024,2024,11,2,10,222,27,13,40,0,1,1,-33.626138,150.894748,71,0,2,1,0,0,0,3,0,0,7,80,1,3775,3775,0,5,5,2,0,2,0,0
1364888,2,2024,2024,11,4,7,26,31,370,34609,0,1,1,-34.068823,150.813737,13,0,2,1,1,0,3,0,2,0,7,50,0,2040,2040,9,5,28,2,0,0,1,0
1364889,4,2024,2024,10,2,5,334,17,21,308,0,1,1,-31.407311,152.242377,56,2,1,0,0,0,0,0,2,0,7,80,2,3775,3775,0,16,13,2,0,1,0,0
1364891,1,2024,2024,11,6,3,45,27,370,34609,0,1,2,-34.071283,150.807405,13,0,2,1,1,0,0,0,2,0,7,50,0,3775,3775,0,10,0,2,0,0,0,2
1364895,1,2024,2024,10,2,0,44,31,90,34609,0,1,2,-32.918264,151.748083,48,0,2,0,2,0,0,0,0,0,7,40,0,1220,1220,9,33,28,2,0,0,0,1
1364896,1,2024,2024,10,3,8,92,31,316,34609,0,1,1,-33.914927,151.226076,59,0,2,1,1,0,0,0,2,0,7,40,0,340,340,9,10,28,2,0,0,0,1
1364897,1,2024,2024,5,1,3,334,17,56,308,0,1,1,-31.463394,152.722675,56,2,1,1,2,0,0,0,0,0,7,50,2,4026,4026,1,0,0,2,0,0,0,2
1364902,4,2024,2024,10,6,4,157,17,8,158,0,1,1,-33.421754,149.562156,3,2,1,1,1,0,0,0,2,0,7,60,2,9859,9859,1,0,12,2,0,1,1,0
1364904,4,2024,2024,1,0,8,8,1,11,34609,0,1,10,-34.382608,150.893924,80,0,2,1,0,0,0,0,0,0,0,50,0,6545,6545,4,5,0,2,0,1,0,0
1364913,4,2024,2024,8,2,5,23,31,43,34609,0,1,1,-33.684969,151.290052,50,0,2,1,0,0,0,0,2,0,7,50,0,4026,4026,8,5,40,1,0,1,1,0
1364915,2,2024,2024,8,5,3,177,31,237,208,0,1,7,-33.863142,150.947485,24,0,2,1,0,0,0,0,2,0,0,60,1,14295,14295,3,5,0,2,0,0,1,0
1364917,2,2024,2024,6,5,5,41,27,228,69,0,1,10,-34.726979,149.742204,26,2,1,1,0,0,0,0,2,0,15,60,1,6545,6545,4,0,0,3,0,0,3,0
1364918,4,2024,2024,6,2,11,3371,17,65,3342,0,1,2,-30.359616,153.058293,19,1,0,0,2,0,3,0,0,0,7,110,2,14295,14295,3,5,5,2,0,1,0,0
1364919,1,2024,2024,6,1,8,44,27,304,21,0,1,9,-33.899953,151.157891,32,0,2,1,2,0,0,0,0,0,0,50,1,5929,5929,1,30,18,2,0,0,0,1
1364920,4,2024,2024,6,4,8,19,27,201,46,0,1,9,-34.889785,150.62185,63,2,1,1,0,0,0,0,3,0,15,60,1,5929,5929,1,5,19,2,0,1,0,0
1364921,2,2024,2024,6,0,2,112,17,21,112,0,1,1,-31.562235,147.166786,51,1,0,1,0,0,3,1,0,0,7,110,2,14295,14295,3,10,13,2,0,0,4,0
1364924,2,2024,2024,6,1,7,10,31,53,118,0,1,2,-31.086317,150.929032,70,2,1,1,0,0,0,0,2,0,7,50,2,14295,14295,3,5,5,3,0,0,1,1
1364925,2,2024,2024,6,3,4,866,17,110,793,0,1,6,-33.791294,150.99817,54,0,2,0,0,0,3,4,2,0,7,60,2,2585,4009,8,10,40,1,0,0,1,0
1364927,4,2024,2024,5,0,10,1,7,41,34609,0,1,1,-33.726925,150.824999,7,0,2,0,2,0,3,0,0,0,7,50,0,1259,5151,8,5,40,1,0,1,0,0
1364928,4,2024,2024,5,4,4,2,31,23,34609,1,0,9,-33.730714,150.808423,7,0,2,1,1,0,0,0,2,0,7,50,0,5929,5929,1,16,12,2,0,1,0,0
1364929,4,2024,2024,5,4,10,71,27,44,122,0,1,2,-34.562211,150.860231,62,0,2,1,2,0,3,4,0,0,7,70,2,368,368,9,5,28,2,0,1,0,0
1364930,4,2024,2024,5,0,3,61,10,87,5,0,1,1,-33.047922,151.468564,37,0,2,1,0,0,3,3,1,0,7,90,2,9859,9859,8,5,40,1,0,1,0,0
1364931,2,2024,2024,6,4,5,2126,17,161,2149,0,1,2,-33.888023,151.162015,32,0,2,1,1,0,0,0,2,0,7,60,2,387,387,1,22,5,2,0,0,1,0
1364934,1,2024,2024,6,6,10,3,10,29,34609,0,1,1,-35.135949,147.335446,75,2,1,1,2,0,0,3,0,0,7,50,0,3775,3775,0,5,5,2,0,0,0,1
1364935,2,2024,2024,5,0,7,3371,17,28,3342,0,1,9,-31.823862,152.623385,43,1,0,1,0,0,0,0,2,0,0,100,2,1192,1192,1,34,13,2,0,0,1,2
1364936,2,2024,2024,5,3,4,1,31,19,34609,0,1,10,-33.695796,150.883849,7,0,2,1,0,0,0,0,2,0,7,50,0,6545,6545,4,5,5,2,0,0,1,0
1364937,4,2024,2024,8,2,9,31,27,197,69,0,1,10,-33.794998,151.14087,61,0,2,1,2,0,0,0,0,2,7,60,2,5929,5929,1,30,5,2,0,1,0,0
1364938,2,2024,2024,5,6,3,866,17,278,793,0,1,2,-33.778089,151.051896,54,0,2,1,2,0,0,0,1,0,7,60,2,1282,1282,1,5,5,3,0,0,1,0
1364939,1,2024,2024,5,5,3,97,17,53,88,0,1,9,-35.140598,149.335893,82,1,0,1,0,0,0,1,1,0,15,110,2,9859,9859,8,10,40,1,0,0,0,1
1364940,4,2024,2024,5,4,9,234,27,24,228,0,1,1,-33.387578,150.98493,31,0,2,0,2,0,0,0,0,0,7,60,2,3775,3775,0,34,19,2,0,1,0,0
1364941,4,2024,2024,5,2,5,475,10,523,34609,0,1,1,-33.920196,150.924161,41,0,2,1,0,0,0,0,2,3,9,30,0,312,312,2,5,40,1,0,1,0,0
1364942,4,2024,2024,5,1,4,30,10,27,30,0,1,1,-33.123627,151.16216,16,1,2,0,0,0,0,0,2,0,7,100,1,4552,5151,8,5,40,1,0,1,0,0
1364943,2,2024,2024,5,4,4,120,36,11,148,0,1,1,-30.388927,152.358859,1,1,0,1,2,0,0,0,2,0,7,100,2,475,475,5,10,40,1,0,0,1,0
1364944,4,2024,2024,5,3,7,123,36,11,90,0,1,1,-31.728574,151.869112,43,2,1,0,0,0,0,0,2,0,7,80,1,4552,5151,8,9,40,1,0,2,0,0
1364946,4,2024,2024,1,0,9,512,17,53,441,0,1,1,-32.248143,148.288179,51,1,0,1,0,0,0,0,0,0,7,110,2,3775,3775,0,10,0,3,0,2,0,0
1364947,4,2024,2024,1,0,8,168,10,387,260,0,1,2,-33.947398,151.167571,4,0,2,1,2,0,0,0,0,0,7,70,2,14295,14295,3,5,0,3,0,1,0,0
1364948,4,2024,2024,1,1,8,512,17,562,441,0,1,9,-32.256476,148.624939,22,2,1,1,0,0,3,4,2,2,7,60,2,5929,5929,1,9,19,2,0,1,0,0
1364949,1,2024,2024,1,2,1,500,27,80,160,0,1,1,-33.977682,150.898733,13,0,2,1,2,0,0,0,0,0,7,60,2,9859,9859,8,10,40,1,0,0,0,1
1364951,4,2024,2024,1,6,10,6,27,10,34609,0,1,1,-28.728974,153.407566,39,2,1,0,0,0,0,0,0,0,7,50,0,1259,5151,1,5,0,2,0,1,0,0
1364953,4,2024,2024,1,1,8,2126,17,107,2149,0,1,10,-33.884258,151.198535,69,0,2,1,1,0,0,3,2,2,6,50,2,5929,5929,1,5,27,2,0,1,0,0
1364954,2,2024,2024,6,6,9,475,10,137,268,0,1,10,-33.902703,150.89674,24,0,2,1,2,0,0,0,0,2,7,60,2,5929,5929,1,0,5,2,0,0,2,0
1364955,4,2024,2024,1,0,6,2126,17,36,2149,0,1,9,-33.885089,151.18449,69,0,2,1,1,0,0,0,2,2,7,60,2,515,515,1,30,0,2,0,1,0,0
1364956,2,2024,2024,1,4,6,47,31,363,31,0,1,10,-33.818971,151.011396,54,0,2,1,1,0,0,3,2,1,7,60,1,14295,14295,3,0,0,3,0,0,2,0
1364957,2,2024,2024,1,3,0,35,27,13,34,0,1,1,-29.926172,151.177348,33,1,0,0,0,0,3,0,0,0,7,100,1,4552,5151,8,0,40,1,0,0,1,0
1364958,2,2024,2024,5,4,8,2,27,67,34609,0,1,9,-33.405026,151.346691,16,2,2,0,1,0,0,3,2,0,15,60,0,1850,1463,5,16,40,1,0,0,1,0
1364959,4,2024,2024,1,3,1,9,36,6,9,0,1,9,-34.039459,147.929436,51,2,1,0,0,0,0,0,0,0,15,50,1,489,489,8,10,40,1,0,1,0,0
1364960,2,2024,2024,1,4,1,2261,17,243,2252,0,1,2,-33.951052,150.903809,41,0,2,0,2,0,0,0,0,0,7,70,2,4552,5151,8,5,40,1,0,0,1,0
1364963,4,2024,2024,1,3,0,20,1,129,41,0,1,7,-33.900458,151.107972,15,0,2,1,2,0,0,0,0,0,0,50,1,1945,1945,5,0,40,1,0,1,0,0
1364964,2,2024,2024,5,5,0,18,27,239,34609,0,1,1,-34.045993,151.117284,68,0,2,1,2,0,3,4,0,0,7,50,0,4026,4026,1,0,5,2,0,0,1,0
1364967,4,2024,2024,1,0,1,8,32,290,34609,0,1,10,-33.941806,151.127316,4,0,2,1,2,0,0,0,0,0,15,50,0,9859,9859,1,9,13,3,0,1,0,0
1364969,4,2024,2024,1,4,9,265,17,21,193,0,1,9,-35.084589,147.350212,75,2,1,1,2,0,0,0,3,0,7,80,2,2852,2852,4,0,13,2,0,1,3,0
1364972,1,2024,2024,6,2,7,2209,17,201,2205,0,1,9,-34.876986,150.605015,63,2,1,1,1,0,0,3,2,2,7,70,2,515,515,1,33,5,2,0,0,0,1
1364974,2,2024,2024,1,0,8,10,27,11,34609,0,1,1,-34.825217,149.818928,26,1,0,0,0,0,0,0,3,0,7,100,0,1957,4009,8,5,40,1,0,0,1,0
1364975,1,2024,2024,5,6,8,60,10,121,84,0,1,10,-28.198483,153.543781,72,2,1,1,2,0,3,0,3,2,7,60,1,623,623,3,5,5,3,0,0,0,2
1364976,2,2024,2024,5,6,4,2126,17,143,2149,0,1,2,-33.86926,151.108132,9,0,2,1,0,0,0,0,2,0,7,60,2,238,238,9,5,28,2,0,0,1,0
1364977,1,2024,2024,1,4,7,4,10,88,34609,0,1,1,-33.741901,150.854579,7,0,2,1,1,0,0,0,2,0,7,50,0,4026,4026,8,5,40,2,0,0,0,1
1364979,4,2024,2024,5,0,6,1,31,147,34609,0,1,1,-33.882941,151.002198,15,0,2,1,1,0,0,0,2,0,7,40,0,941,941,1,5,19,2,0,1,0,0
1364980,4,2024,2024,5,6,6,30,27,187,94,0,1,1,-33.881613,150.992383,15,0,2,0,1,0,0,0,2,0,7,60,1,4552,5151,8,0,40,2,0,1,1,0
1364981,1,2024,2024,1,5,2,133,17,14,121,0,1,1,-35.789522,149.163533,65,1,0,1,0,0,0,0,0,0,7,100,2,3775,3775,0,5,2,3,0,0,0,2
1364983,4,2024,2024,5,2,8,57,36,112,25,0,1,9,-33.613862,150.817347,29,2,2,0,2,0,0,0,0,0,7,60,2,1957,4009,8,0,40,1,0,1,1,0
1364984,4,2024,2024,6,4,4,2,31,62,34609,0,1,1,-33.890874,151.138379,32,0,2,1,1,0,0,0,2,0,7,40,0,387,387,1,22,13,2,0,1,0,0
1364985,4,2024,2024,1,3,0,2,31,24,34609,0,1,1,-32.909894,151.785345,48,0,2,1,2,0,0,0,0,0,7,50,0,945,945,5,23,40,1,0,1,0,0
1364986,4,2024,2024,1,4,8,193,27,323,20,0,1,7,-33.761227,151.003933,71,0,2,1,2,0,0,0,0,0,0,50,1,1220,1220,9,10,28,2,0,1,0,0
1364988,2,2024,2024,1,1,9,10,10,40,34609,1,0,1,-33.726562,150.955154,71,0,2,0,2,0,0,0,0,0,9,50,0,1220,1220,9,5,28,2,0,0,1,0
1364989,4,2024,2024,1,4,4,16,31,387,34609,0,1,1,-33.933377,151.199375,4,0,2,1,1,0,0,0,2,0,7,50,0,238,238,9,0,28,2,0,1,0,0
1364990,4,2024,2024,11,4,8,4,27,20,34609,0,1,1,-34.387087,150.840526,80,0,2,0,0,0,0,0,2,0,7,80,0,1259,5151,8,5,40,1,0,3,1,0
1364991,4,2024,2024,1,3,6,283,27,253,702,0,1,1,-33.967373,151.095975,25,0,2,1,0,0,0,0,2,0,7,60,2,623,623,3,16,5,2,0,1,0,0
1364992,4,2024,2024,11,6,10,3,23,69,34609,0,1,1,-33.360831,151.47956,16,2,2,1,3,0,2,6,0,0,7,50,0,9859,9859,1,5,0,2,0,2,1,0
1364993,4,2024,2024,11,5,9,90,31,252,165,0,1,10,-33.886129,151.217948,69,0,2,1,2,0,0,0,0,2,7,60,2,1957,777,8,17,40,1,0,1,0,0
1364996,2,2024,2024,1,5,7,23,14,532,22,0,1,3,-33.862947,151.213533,69,0,2,1,0,0,0,0,2,0,7,70,2,14295,14295,3,8,5,2,0,0,1,0
1364997,1,2024,2024,1,0,6,1,1,55,34609,0,1,1,-33.904187,151.08731,15,0,2,1,0,0,0,0,2,0,7,50,0,238,238,9,0,28,2,0,0,0,1
1364998,4,2024,2024,11,4,10,916,17,31,917,0,1,1,-31.120687,150.923702,70,2,1,1,2,0,3,4,0,0,7,60,2,3775,3775,0,0,5,2,0,1,0,1
1364999,2,2024,2024,1,0,4,22,31,44,34609,0,1,9,-33.974459,151.115512,25,0,2,1,1,0,0,0,2,0,0,50,0,1850,777,5,16,40,1,0,0,1,0
1365000,4,2024,2024,11,6,9,115,27,138,114,0,1,10,-33.874302,151.273029,76,0,2,1,0,0,0,0,0,0,0,50,2,2040,2040,9,5,28,2,0,1,0,0
1365001,1,2024,2024,11,2,0,104,27,150,140,0,1,2,-33.925028,151.226992,59,0,2,1,2,0,0,0,0,0,7,60,2,4026,4026,8,5,40,1,0,0,0,1
1365002,1,2024,2024,1,6,8,2209,17,88,2205,0,1,9,-33.983295,151.114422,25,0,2,1,1,0,0,0,2,0,2,70,2,2040,2040,9,5,28,2,0,0,0,1
1365003,4,2024,2024,1,2,0,98,31,3,34609,0,1,4,-33.094774,151.546927,37,0,2,0,2,0,0,0,0,0,7,50,0,4552,5151,8,16,40,1,0,1,0,0
1365004,1,2024,2024,11,4,7,16,31,228,34609,0,1,9,-34.730516,149.720685,26,2,1,1,1,0,0,0,2,0,7,50,0,1981,1981,4,22,5,2,0,0,0,1
1365005,1,2024,2024,1,3,8,9,27,243,34609,0,1,1,-33.943235,150.907377,41,0,2,1,1,0,0,0,3,0,7,50,0,57,57,1,34,0,3,0,0,0,2
1365006,4,2024,2024,1,0,4,475,10,523,34609,0,1,9,-33.91998,150.922885,41,0,2,1,1,0,0,0,2,2,9,30,0,2040,2040,9,5,28,2,0,1,1,0
1365009,4,2024,2024,5,2,7,21,27,47,82,0,1,9,-35.705435,147.322422,27,2,1,1,0,0,0,0,2,0,7,80,2,5929,5929,1,0,19,2,0,1,0,0
1365010,2,2024,2024,1,0,8,485,27,323,769,0,1,9,-33.765418,150.996381,71,0,2,1,2,0,0,3,3,2,7,60,2,14295,14295,3,0,5,2,0,0,1,0
1365011,4,2024,2024,11,1,9,9,1,370,34609,0,1,1,-34.071526,150.812976,13,0,2,0,2,0,0,0,0,0,7,50,0,4552,5151,1,16,5,3,0,1,0,0
1365013,4,2024,2024,11,1,6,168,10,100,260,0,1,2,-33.952405,151.160754,4,0,2,1,0,0,0,0,2,0,7,60,2,9859,9859,1,16,0,2,0,1,0,0
1365014,1,2024,2024,11,1,8,225,17,85,180,1,0,9,-34.571026,150.771518,62,0,2,1,3,0,0,0,3,0,0,50,2,1383,1383,1,0,13,2,0,0,0,1
1365015,4,2024,2024,11,4,4,512,17,562,441,0,1,1,-32.203807,148.538331,22,1,0,0,0,0,0,0,2,0,7,110,2,1981,1981,4,0,35,2,0,1,0,0
1365016,2,2024,2024,1,5,7,2126,17,445,2149,0,1,10,-33.85484,151.061436,21,0,2,1,0,0,0,0,2,2,7,60,2,5929,5929,1,10,19,2,0,0,1,0
1365017,1,2024,2024,1,0,11,481,17,22,483,0,1,1,-28.645191,150.342345,51,1,0,0,0,0,0,0,0,0,7,110,2,3775,3775,0,10,32,2,0,0,0,1