Crash ID,Degree of crash - detailed,Reporting year,Year of crash,Month of crash,Day of week of crash,Two-hour intervals,Street of crash,Street type,Town,Route no.,School zone location,School zone active,Type of location,Latitude,Longitude,LGA,Urbanisation,Conurbation 1,Alignment,Street lighting,Road surface,Surface condition,Weather,Natural lighting,Signals operation,Other traffic control,Speed limit,Road classification,RUM - code,DCA - code,First impact type,Key TU type,Other TU type,No. of traffic units involved,No. killed,No. seriously injured,No. moderately injured,No. minor-other injured
1365019,4,2024,2024,1,3,8,234,27,57,217,0,1,1,-33.558811,151.010631,31,0,2,0,0,0,0,3,3,0,7,80,2,515,515,1,10,12,2,0,2,0,0
1365021,2,2024,2024,11,3,6,3,27,11,34609,0,1,1,-33.104242,149.160181,11,1,0,0,0,0,0,0,2,0,7,100,0,4552,5151,8,10,40,1,0,0,2,0
1365022,4,2024,2024,11,5,8,36,27,438,25,1,0,7,-33.859834,151.019166,21,0,2,1,0,0,0,0,3,0,0,50,1,591,591,1,22,5,2,0,1,1,0
1365023,2,2024,2024,11,6,8,163,27,63,165,0,1,9,-33.73541,150.799541,7,0,2,1,1,0,0,0,3,2,7,60,1,5929,5929,1,0,5,2,0,0,2,0
1365026,2,2024,2024,11,3,9,9,1,55,34609,1,0,9,-33.375693,151.464831,16,2,2,0,2,0,0,0,0,0,7,50,0,2585,4009,8,5,40,1,0,0,2,0
1365027,2,2024,2024,11,1,3,6,10,316,34609,0,1,1,-31.470077,152.908404,56,2,1,0,0,0,0,0,2,0,7,50,0,1957,4009,8,5,40,1,0,0,1,0
1365028,2,2024,2024,11,1,6,2126,17,140,2149,0,1,9,-33.78074,150.820151,7,0,2,1,0,0,0,0,2,2,7,80,2,5929,5929,1,5,13,3,0,0,1,0
1365029,2,2024,2024,11,6,5,67,27,157,55,0,1,10,-34.022235,151.106927,68,0,2,1,1,0,0,0,2,2,7,70,2,6545,6545,4,0,0,2,0,0,2,0
1365030,2,2024,2024,11,1,4,3,31,84,34609,0,1,9,-33.890431,150.957415,24,0,2,1,1,0,0,0,2,0,7,50,0,5929,5929,1,0,19,2,0,0,1,0
1365032,4,2024,2024,11,2,8,68,27,98,208,0,1,10,-33.744367,151.063702,31,0,2,1,1,0,0,0,2,0,15,60,2,926,926,4,5,5,2,0,1,1,0
1365033,2,2024,2024,11,2,5,361,23,44,165,0,1,1,-33.969919,151.11405,25,0,2,0,1,0,0,0,2,0,7,50,1,387,387,1,16,5,3,0,0,1,0
1365036,4,2024,2024,11,2,2,512,17,562,441,0,1,10,-32.221768,148.563505,22,1,0,1,1,0,0,0,1,0,0,90,2,6545,6545,4,0,13,2,0,1,1,0
1365037,1,2024,2024,11,0,6,3371,17,90,3342,0,1,2,-28.235972,153.561983,72,1,0,1,1,0,0,0,2,0,7,110,2,1192,1192,1,0,35,2,0,0,0,1
1365038,2,2024,2024,1,6,7,27,1,103,34609,0,1,9,-28.82228,153.339783,39,2,1,1,0,0,0,0,2,0,7,50,0,1220,1220,9,16,28,2,0,0,2,0
1365039,4,2024,2024,11,6,4,28,1,31,34609,0,1,9,-30.343898,153.085028,19,2,1,1,1,0,0,0,2,0,0,50,0,2852,2852,4,5,19,2,0,1,0,0
1365040,1,2024,2024,11,6,2,103,27,113,256,0,1,1,-34.246725,150.847522,79,1,2,1,0,0,0,0,1,0,7,90,2,3775,3775,0,5,35,2,0,0,0,1
1365041,4,2024,2024,1,2,10,4,23,4,34609,0,1,1,-33.990149,151.097279,25,0,2,0,2,0,0,0,0,0,7,50,0,2585,4009,8,0,40,1,0,2,1,0
1365042,2,2024,2024,1,6,7,225,27,304,34609,0,1,1,-33.903328,151.16264,32,0,2,1,0,0,0,0,2,0,7,50,0,4026,4026,1,5,0,2,0,0,1,0
1365043,4,2024,2024,6,6,5,213,17,35,213,0,1,9,-29.918954,148.164763,51,1,0,0,0,0,3,4,2,0,0,110,2,2852,2852,4,5,13,2,0,1,2,0
1365045,4,2024,2024,1,0,5,485,27,232,769,0,1,2,-33.687828,150.920102,71,0,2,1,1,0,0,0,2,0,9,80,2,1192,1192,1,8,27,2,0,1,0,0
1365048,4,2024,2024,11,6,9,2209,17,144,2205,0,1,2,-34.062361,151.022178,68,0,2,0,2,0,0,0,0,0,7,70,2,14295,14295,3,33,27,2,0,1,0,0
1365049,4,2024,2024,11,1,10,3371,17,54,3342,0,1,2,-28.512952,153.529268,10,1,0,1,2,0,3,4,0,0,7,110,2,9859,9859,8,0,40,1,0,1,0,0
1365050,2,2024,2024,1,3,5,2,31,237,34609,0,1,9,-33.874441,150.946014,24,0,2,1,1,0,0,0,2,0,0,50,0,1669,1669,3,5,5,2,0,0,1,0
1365052,2,2024,2024,11,2,6,109,36,90,108,0,1,2,-28.257598,153.52491,72,2,1,1,1,0,0,0,2,0,0,80,1,1981,1981,4,5,13,2,0,0,1,0
1365053,4,2024,2024,11,1,8,2209,17,68,2205,0,1,2,-34.086967,151.008381,68,0,2,1,1,0,0,0,2,0,7,60,2,9859,9859,1,5,5,3,0,1,0,0
1365056,2,2024,2024,11,6,5,9,10,176,34609,0,1,1,-33.957894,151.143489,4,0,2,0,0,0,3,0,2,0,7,50,0,4552,5151,8,10,40,1,0,0,1,0
1365057,2,2024,2024,11,0,7,6,31,132,34609,0,1,10,-29.78045,151.107993,33,2,1,1,0,0,0,0,2,0,0,50,0,6545,6545,4,9,5,2,0,0,2,0
1365058,4,2024,2024,11,0,9,2261,17,30,2252,0,1,3,-34.03861,150.822819,13,0,2,0,2,0,0,0,0,0,7,110,2,1383,1383,1,5,0,3,0,1,0,0
1365060,4,2024,2024,11,1,8,11,31,36,34609,0,1,9,-33.92807,151.250143,59,0,2,1,1,0,0,0,2,0,15,50,0,2040,2040,9,0,28,2,0,1,0,0
1365061,4,2024,2024,10,5,5,234,27,57,217,0,1,9,-33.634694,151.022618,31,0,2,1,3,0,0,0,2,0,7,80,2,1669,1669,3,0,5,3,0,1,2,0
1365062,1,2024,2024,11,6,10,478,17,45,480,0,1,1,-33.341209,151.495193,16,2,2,1,3,0,0,0,0,0,7,50,2,1981,1981,4,5,5,2,0,0,0,4
1365064,2,2024,2024,11,3,8,1,1,31,34609,0,1,9,-34.023925,150.828502,13,0,2,1,1,0,0,0,2,0,7,50,0,489,489,8,10,40,1,0,0,1,0
1365065,1,2024,2024,11,5,3,8,27,84,35,0,1,7,-33.803253,150.978089,54,0,2,0,1,0,3,0,2,0,7,50,1,14295,14295,3,5,0,2,0,0,0,1
1365067,4,2024,2024,11,2,6,14,31,323,34609,0,1,1,-33.759648,150.991748,71,0,2,1,1,0,0,0,2,0,9,50,0,238,238,9,0,28,2,0,1,0,0
1365071,2,2024,2024,10,6,4,60,10,121,84,0,1,9,-28.187321,153.540051,72,2,1,1,0,0,0,0,2,2,7,60,1,5929,5929,1,0,5,2,0,0,1,0
1365072,1,2024,2024,11,5,11,1,27,15,34609,0,1,1,-31.73915,147.864412,51,1,0,0,0,2,0,0,0,0,7,100,0,4552,5151,8,5,40,1,0,0,0,1
1365073,2,2024,2024,11,4,7,79,27,188,159,0,1,2,-33.935723,151.11149,15,0,2,1,0,0,0,6,2,0,7,60,2,3775,3775,0,5,0,3,0,0,1,0
1365074,4,2024,2024,11,1,7,2,27,65,34609,0,1,1,-30.374982,153.043432,19,2,1,0,0,0,3,0,2,0,7,60,0,1957,4009,8,5,40,1,0,1,0,0
1365075,1,2024,2024,11,1,8,82,27,78,103,0,1,1,-28.343497,153.369772,72,2,1,1,0,0,3,4,2,0,7,50,1,9859,9859,8,0,40,1,0,0,0,1
1365076,2,2024,2024,11,5,7,829,31,9,34609,0,1,1,-33.931308,151.140727,4,0,2,1,2,0,0,0,2,0,7,50,0,3775,3775,0,5,5,2,0,0,1,0
1365078,2,2024,2024,11,0,8,2126,17,65,2149,0,1,2,-33.539492,150.163705,40,2,1,0,0,0,3,4,2,0,7,80,2,2585,4009,8,0,40,1,0,0,1,0
1365080,1,2024,2024,11,4,4,265,17,24,193,0,1,1,-34.540449,148.147381,20,1,0,0,0,0,0,0,2,0,7,100,2,1259,5151,8,5,40,1,0,0,0,1
1365082,2,2024,2024,11,4,7,193,31,532,34,0,1,10,-33.873134,151.208121,69,0,2,1,1,0,0,0,2,2,7,40,1,2040,2040,9,5,28,2,0,0,1,0
1365083,4,2024,2024,11,4,6,45,1,294,26,0,1,9,-33.93707,150.925745,41,0,2,1,2,0,3,4,2,0,7,60,2,775,775,4,5,5,2,0,1,0,0
1365084,4,2024,2024,5,4,3,5,10,44,34609,0,1,1,-33.796235,150.872232,7,0,2,1,2,0,0,0,1,0,7,60,0,1109,397,1,0,5,2,0,1,0,0
1365085,2,2024,2024,10,6,8,98,27,52,382,0,1,7,-33.639736,150.784057,55,0,2,1,0,0,0,0,2,0,0,80,2,395,395,1,16,25,2,0,0,1,0
1365086,4,2024,2024,11,0,5,39,27,11,43,0,1,1,-32.539934,149.648126,44,1,0,1,0,0,0,3,2,0,7,100,1,4026,4026,8,5,40,1,0,1,0,0
1365087,2,2024,2024,5,5,4,178,27,189,101,0,1,10,-33.949858,151.052476,25,0,2,1,1,0,0,0,2,0,0,50,1,6545,6545,4,5,12,2,0,0,1,0
1365090,4,2024,2024,11,5,3,478,17,20,480,0,1,1,-33.406661,151.464277,16,2,2,1,1,0,0,0,2,0,7,70,2,1220,1220,9,5,28,2,0,1,0,0
1365094,1,2024,2024,11,4,6,224,27,49,321,0,1,10,-33.961791,151.21469,4,0,2,1,0,0,3,4,2,2,7,70,2,14295,14295,3,29,5,2,0,0,0,1
1365095,2,2024,2024,10,2,6,68,27,98,208,0,1,10,-33.754268,151.067474,31,0,2,1,1,0,0,0,2,0,15,60,2,6545,6545,4,0,25,2,0,0,1,0
1365100,4,2024,2024,10,5,7,265,17,9,193,0,1,1,-34.738905,147.892081,51,1,0,1,0,0,0,0,2,0,7,100,2,395,395,1,9,5,2,0,1,1,1
1365101,4,2024,2024,10,1,5,1,27,1,34609,0,1,1,-30.352882,150.328311,70,1,0,0,0,2,0,0,2,0,7,100,0,1850,1463,5,16,40,1,0,1,0,0
1365102,1,2024,2024,10,0,3,194,31,182,34609,0,1,1,-32.828317,151.355994,17,2,1,1,0,0,0,0,2,0,7,50,0,4026,4026,8,10,40,1,0,0,0,1
1365104,4,2024,2024,11,1,6,10,31,143,34609,0,1,10,-33.702574,151.100856,31,0,2,1,1,0,0,0,2,2,9,50,0,2040,2040,9,10,28,2,0,1,0,0
1365105,4,2024,2024,11,5,8,916,17,1,917,0,1,2,-31.736564,150.787449,51,1,0,0,0,0,0,0,2,0,7,100,2,1957,4009,8,9,40,1,0,1,0,0
1365106,4,2024,2024,11,4,11,48,31,82,605,0,1,1,-33.827983,151.202861,49,0,2,1,2,0,3,4,0,0,7,60,2,340,340,9,19,28,2,0,1,1,0
1365107,2,2024,2024,10,6,8,157,17,8,158,0,1,1,-33.674967,148.949606,51,1,0,1,0,0,0,0,2,0,7,100,2,9859,9859,8,5,40,1,0,0,1,1
1365108,2,2024,2024,1,4,5,54,31,225,62,0,1,10,-33.792401,151.195602,77,0,2,1,0,0,0,0,2,2,9,60,2,2040,2040,9,10,28,2,0,0,1,0
1365109,2,2024,2024,10,1,2,31,27,20,46,0,1,1,-33.469835,150.184614,40,2,1,0,0,0,0,0,0,0,7,60,2,380,714,5,5,40,1,0,0,1,0
1365110,4,2024,2024,11,0,10,39,36,18,79,0,1,9,-33.797548,151.209501,77,0,2,1,2,0,0,0,0,2,7,60,2,2040,2040,9,0,28,2,0,1,0,0
1365111,1,2024,2024,11,6,8,12,31,36,34609,0,1,1,-34.452,149.470209,74,2,1,1,0,0,0,0,3,0,7,50,0,9859,9859,1,5,13,2,0,0,0,1
1365112,2,2024,2024,11,1,4,5,31,87,34609,0,1,1,-28.809941,153.289428,39,2,1,1,0,0,0,0,2,0,7,50,0,144,144,1,30,5,4,0,0,1,0
1365113,2,2024,2024,11,2,7,70,27,17,100,0,1,1,-33.663759,150.654536,8,2,2,0,0,0,0,0,2,0,7,60,2,404,404,8,16,40,1,0,0,1,0
1365114,2,2024,2024,1,0,4,82,27,84,181,0,1,9,-33.893905,151.263563,76,0,2,1,1,0,0,0,2,2,7,50,2,5929,5929,1,8,5,2,0,0,1,0
1365115,2,2024,2024,11,2,1,6,31,51,34609,0,1,9,-34.478717,150.789302,80,0,2,1,2,0,3,4,0,0,7,50,0,489,489,8,5,40,2,0,0,1,0
1365116,4,2024,2024,10,2,7,145,27,115,80,0,1,9,-33.877575,151.188048,69,0,2,1,0,0,0,0,2,0,0,40,2,3775,3775,0,0,5,2,0,2,2,0
1365117,2,2024,2024,1,0,8,348,27,169,100,0,1,10,-33.602005,150.733855,29,2,2,1,1,0,0,0,2,0,15,60,2,6545,6545,4,5,5,2,0,0,2,1
1365118,4,2024,2024,11,0,6,191,17,24,189,0,1,1,-32.029116,149.994069,73,1,0,1,0,0,0,0,2,0,7,100,2,1089,1089,7,16,40,1,0,1,0,0
1365120,4,2024,2024,10,1,0,10,27,84,34609,0,1,1,-31.11605,150.892501,70,2,1,1,0,0,0,0,0,0,7,50,0,9859,9859,8,10,40,1,0,1,0,0
1365123,1,2024,2024,10,6,4,178,31,143,34609,0,1,7,-33.879369,151.106687,9,0,2,1,1,0,0,0,2,0,0,50,0,14295,14295,3,0,5,3,0,0,0,1
1365124,1,2024,2024,11,6,4,54,27,61,49,0,1,10,-32.9287,151.731758,48,0,2,1,1,0,0,0,2,0,0,60,1,6545,6545,4,5,5,2,0,0,0,1
1365126,4,2024,2024,11,5,2,17,25,71,34609,0,1,1,-33.971312,151.07701,25,0,2,1,2,0,0,0,1,0,7,50,0,1282,1282,1,5,27,2,0,1,0,0
1365127,2,2024,2024,10,6,7,39,31,169,321,0,1,10,-33.901466,151.201241,69,0,2,1,3,0,0,0,2,2,7,50,2,14295,14295,3,10,5,2,0,0,1,1
1365130,1,2024,2024,1,3,9,866,31,79,34609,0,1,9,-33.96584,151.122142,4,0,2,1,3,0,0,0,0,0,0,50,0,4552,985,8,0,40,1,0,0,0,1
1365133,4,2024,2024,10,6,8,294,17,17,288,0,1,1,-35.161444,147.511883,75,1,0,1,0,0,0,0,2,0,7,100,2,1669,1669,3,9,13,2,0,1,1,0
1365134,2,2024,2024,10,3,7,55,36,22,35,0,1,1,-32.838483,149.971881,44,1,0,0,3,0,0,0,2,0,7,100,1,2585,4009,8,10,40,1,0,0,1,0
1365144,2,2024,2024,10,6,8,3371,17,49,3342,0,1,10,-33.199553,151.522684,16,2,2,1,3,0,3,4,2,2,7,80,2,14295,14295,3,5,5,2,0,0,1,0
1365147,2,2024,2024,10,0,5,3,27,10,34609,0,1,1,-31.914044,149.226494,51,1,0,0,3,0,0,0,2,0,7,100,0,418,714,5,0,40,1,0,0,1,0
1365149,2,2024,2024,10,3,5,19,27,7,34609,0,1,1,-33.107646,151.551802,37,0,2,1,3,0,0,0,2,0,7,50,0,945,945,5,16,40,1,0,0,1,0
1365150,4,2024,2024,1,4,6,114,27,4,65,0,1,1,-33.412011,151.148469,16,2,2,0,3,0,0,0,2,0,7,70,1,1850,1463,5,16,40,1,0,1,0,0
1365151,2,2024,2024,10,0,6,1,27,87,34609,0,1,1,-34.044884,151.154732,68,0,2,1,3,0,0,0,2,0,7,50,0,9859,9859,1,0,13,2,0,0,1,0
1365153,2,2024,2024,10,0,6,2261,17,523,2252,0,1,2,-33.93179,150.917255,41,0,2,1,3,0,0,0,2,0,7,60,2,1383,1383,1,5,13,3,0,0,1,0
1365155,1,2024,2024,10,3,6,54,27,20,563,0,1,9,-34.032848,151.005121,68,0,2,1,3,0,0,0,2,2,7,80,2,5929,5929,1,0,0,2,0,0,0,1
1365157,2,2024,2024,1,3,6,5,31,278,34609,0,1,1,-33.776897,151.046129,54,0,2,1,3,0,0,0,2,0,7,50,0,9859,9859,1,0,5,2,0,0,1,0
1365159,1,2024,2024,11,5,5,485,27,52,769,0,1,2,-33.693333,150.924593,7,0,2,1,3,0,0,0,2,0,7,80,2,14295,14295,3,33,5,2,0,0,0,1
1365160,2,2024,2024,10,2,3,6,31,39,42,0,1,7,-31.079168,152.831813,34,2,1,0,3,0,0,0,4,0,0,50,1,6545,6545,4,0,5,2,0,0,1,0
1365164,2,2024,2024,10,6,9,334,31,179,34609,0,1,1,-31.901395,152.477332,43,2,1,1,3,0,3,4,4,0,7,60,0,1109,787,1,10,0,2,0,0,1,0
1365166,2,2024,2024,10,0,8,53,31,83,34609,0,1,10,-34.448579,150.448369,78,2,1,1,3,0,0,0,2,0,0,50,0,6545,6545,4,10,0,2,0,0,1,0
1365167,1,2024,2024,10,1,7,12,1,134,34609,0,1,10,-33.892611,151.251835,76,0,2,0,3,0,3,0,2,2,7,50,0,214,214,9,0,28,2,0,0,0,1
1365168,2,2024,2024,10,4,4,8,31,171,34609,0,1,7,-33.8089,150.973186,21,0,2,0,3,0,0,0,2,0,0,50,0,301,301,4,5,12,2,0,0,1,0
1365170,2,2024,2024,1,5,4,6,31,134,34609,0,1,9,-33.683063,150.880548,7,0,2,1,0,0,0,0,2,0,7,50,0,6545,6545,4,8,5,3,0,0,1,0
1365171,1,2024,2024,10,5,8,33,27,89,34609,0,1,7,-33.892233,151.232152,69,0,2,1,3,0,0,0,3,0,0,40,0,14295,14295,3,5,5,2,0,0,0,1
1365173,1,2024,2024,10,2,6,73,24,65,88,0,1,6,-33.709752,151.29563,50,0,2,0,3,0,0,0,2,2,9,70,2,14295,14295,3,0,5,2,0,0,0,1
1365174,1,2024,2024,10,6,7,308,14,252,311,0,1,3,-33.94823,150.877601,41,0,2,0,3,0,3,3,2,0,7,100,2,1282,1282,1,29,5,2,0,0,0,1
1365181,1,2024,2024,10,2,10,95,27,17,605,0,1,1,-33.593316,151.321356,50,0,2,0,3,0,0,0,0,0,7,40,2,1850,1463,5,16,40,1,0,0,0,1
1365182,1,2024,2024,11,0,7,162,31,65,122,0,1,2,-34.484929,150.887583,80,0,2,1,3,0,0,0,2,0,7,60,2,14295,14295,3,5,5,2,0,0,0,1
1365184,2,2024,2024,11,5,9,169,31,44,57,0,1,9,-28.863656,153.545145,2,2,1,1,3,0,0,0,3,0,7,60,1,14295,14295,3,10,5,3,0,0,1,0
1365187,4,2024,2024,10,1,5,916,17,17,917,0,1,2,-32.18822,150.891915,46,1,0,1,0,0,0,0,2,0,7,100,2,9859,9859,8,0,40,1,0,1,1,0
1365189,1,2024,2024,11,1,7,485,27,323,769,0,1,9,-33.745579,150.981853,71,0,2,0,1,0,0,0,2,2,7,60,2,14295,14295,3,0,5,2,0,0,0,1
1365190,2,2024,2024,10,1,7,26,27,16,25,0,1,1,-31.946708,152.495953,43,1,0,1,3,0,3,4,2,0,7,90,1,4026,4026,8,10,40,1,0,0,1,0
1365199,2,2024,2024,10,1,7,169,27,3,61,0,1,9,-33.82541,151.174705,38,0,2,1,3,0,3,4,2,0,7,50,1,2852,2852,4,0,13,2,0,0,1,1
1365200,1,2024,2024,11,6,8,387,27,91,331,1,0,1,-33.96342,151.08795,25,0,2,1,3,0,0,0,2,0,7,60,2,1391,1391,1,5,13,2,0,0,0,1
1365204,2,2024,2024,11,4,8,13,1,204,34609,0,1,1,-33.876567,151.126819,32,0,2,1,3,0,3,4,2,0,7,50,0,14295,14295,3,5,13,2,0,0,1,0
1365205,1,2024,2024,10,3,10,829,27,159,770,0,1,9,-33.806426,151.080905,61,0,2,1,3,0,0,0,0,2,7,60,2,5929,5929,1,21,5,2,0,0,0,2
1365206,1,2024,2024,11,1,5,230,27,197,284,0,1,2,-33.791945,151.131193,61,0,2,1,3,0,0,0,2,0,7,70,2,1192,1192,1,21,36,3,0,0,0,1
1365209,2,2024,2024,10,0,9,15,27,30,34609,0,1,1,-34.031188,150.816865,13,0,2,1,3,0,0,0,3,0,7,60,0,1981,1981,4,5,0,2,0,0,1,0
1365211,1,2024,2024,10,1,8,1,31,73,34609,0,1,4,-33.823676,151.087432,14,0,2,0,3,0,3,4,2,0,7,50,0,4552,5151,8,5,40,1,0,0,0,1
1365213,2,2024,2024,10,0,5,5,31,169,34609,0,1,10,-28.645444,153.61451,10,2,1,1,3,0,0,0,2,0,0,50,0,6545,6545,4,0,13,2,0,0,1,0
1365216,2,2024,2024,1,3,9,2261,17,140,2252,0,1,9,-33.892419,150.980788,15,0,2,1,3,0,0,0,0,0,0,70,2,775,775,4,5,0,2,0,0,1,0
1365217,1,2024,2024,11,2,7,8,27,5,35,0,1,1,-28.384695,152.44624,51,1,0,0,3,0,0,0,2,0,7,100,1,1850,1463,5,16,40,1,0,0,0,1
1365218,2,2024,2024,1,6,7,92,27,106,63,1,0,9,-33.910312,151.084155,15,0,2,1,3,0,0,0,2,0,15,50,1,1391,1391,1,10,0,2,0,0,1,0
1365220,2,2024,2024,11,1,6,68,27,110,67,1,0,2,-33.768149,151.027982,54,0,2,0,3,0,0,0,2,0,7,60,1,1282,1282,1,5,40,1,0,0,1,0
1365221,1,2024,2024,10,2,4,59,10,89,34609,0,1,0,-33.897771,151.22779,59,0,2,1,3,0,0,0,2,0,7,30,0,1282,1282,1,0,27,2,0,0,0,1
1365222,4,2024,2024,11,4,3,13,27,8,14,0,1,1,-34.513441,150.346081,78,2,1,1,0,0,0,0,2,0,7,80,1,3775,3775,0,10,5,2,0,1,0,0
1365227,1,2024,2024,10,0,3,192,31,316,120,1,0,1,-33.910019,151.243833,59,0,2,1,3,0,0,0,2,0,7,50,2,14295,14295,3,5,36,2,0,0,0,1
1365228,2,2024,2024,10,3,11,5,27,6,34609,0,1,1,-32.720485,151.627849,42,2,1,1,3,0,0,0,0,0,7,80,0,4026,4026,8,30,40,1,0,0,1,0
1365230,2,2024,2024,11,2,5,32,27,16,563,0,1,2,-33.98729,151.027219,68,0,2,1,1,0,0,0,2,0,7,80,2,204,204,1,5,0,3,0,0,1,0
1365234,2,2024,2024,10,1,3,3371,17,24,3342,0,1,2,-32.654233,151.855676,57,1,0,0,3,0,0,0,2,0,7,100,2,204,204,1,3,35,2,0,0,1,0
1365235,1,2024,2024,10,4,8,265,17,215,193,0,1,2,-35.102913,147.349158,75,2,1,1,3,0,0,0,3,0,7,80,2,14295,14295,3,9,5,2,0,0,0,1
1365237,1,2024,2024,10,5,7,3371,17,104,3342,0,1,2,-32.827709,151.684091,48,0,2,1,3,0,0,0,2,0,7,80,2,14295,14295,3,5,0,2,0,0,0,1
1365239,1,2024,2024,10,0,11,119,31,73,207,0,1,10,-33.874537,151.218076,69,0,2,1,3,0,0,0,0,2,7,50,2,5929,5929,1,5,0,2,0,0,0,1
1365243,1,2024,2024,11,2,4,2,1,59,34609,0,1,1,-33.982486,150.859623,13,0,2,0,3,0,0,0,2,0,7,50,0,14295,14295,3,0,0,2,0,0,0,1
1365245,4,2024,2024,10,6,5,3,22,92,34609,0,1,1,-33.738923,150.962175,71,0,2,0,3,0,0,3,2,0,7,50,0,2585,4009,8,0,40,1,0,1,0,0
1365249,1,2024,2024,10,4,7,104,27,443,702,0,1,10,-33.907808,151.064409,67,0,2,0,3,0,0,0,2,2,7,70,2,14295,14295,3,30,5,2,0,0,0,1
1365251,4,2024,2024,10,2,9,4,27,11,34609,0,1,1,-29.767934,151.817393,51,1,0,0,3,0,3,4,3,0,7,100,0,4552,5151,8,10,40,1,0,1,1,0
1365252,4,2024,2024,10,1,6,18,36,30,34,0,1,10,-34.192399,150.577012,79,2,2,1,0,0,0,0,2,0,0,80,1,14295,14295,3,34,36,4,0,1,0,0
1365254,2,2024,2024,10,6,0,55,27,64,117,0,1,2,-32.944937,151.686383,48,0,2,1,3,0,3,4,0,0,7,70,2,9859,9859,1,10,5,3,0,0,1,0
1365255,1,2024,2024,1,4,9,916,17,10,917,0,1,1,-32.518847,151.127863,64,1,0,1,3,0,0,0,0,0,7,100,2,14295,14295,3,0,25,2,0,0,0,1
1365258,1,2024,2024,10,6,8,1104,14,149,962,0,1,3,-33.818864,150.981488,21,0,2,1,3,0,0,0,2,0,7,90,2,14295,14295,3,9,13,3,0,0,0,1
1365264,1,2024,2024,11,5,7,916,17,172,917,0,1,10,-32.762442,151.595971,42,2,1,1,3,0,0,0,2,2,7,60,2,1282,1282,1,5,0,3,0,0,0,1
1365268,1,2024,2024,11,0,8,348,27,21,15,0,1,9,-33.62449,150.702012,55,0,2,1,1,0,0,0,2,0,0,80,1,14295,14295,3,5,0,2,0,0,0,1
1365272,1,2024,2024,10,5,8,171,1,90,22,0,1,9,-33.787723,150.951895,54,0,2,1,3,0,3,3,3,0,15,60,1,2585,777,8,16,40,1,0,0,0,1
1365273,1,2024,2024,11,0,3,222,31,131,212,0,1,2,-33.783858,151.19101,77,0,2,1,3,0,0,6,2,0,7,60,2,14295,14295,3,9,10,2,0,0,0,1
1365274,2,2024,2024,10,2,4,133,27,46,260,0,1,9,-32.913382,151.660796,48,0,2,1,3,0,0,0,2,2,7,70,2,6545,6545,4,30,5,2,0,0,1,0
1365275,2,2024,2024,1,5,8,11,31,108,34609,0,1,1,-28.860808,153.56099,2,2,1,1,3,0,0,0,0,0,7,50,0,1109,787,1,21,36,2,0,0,1,0
1365276,2,2024,2024,10,1,7,77,12,45,331,0,1,1,-34.266028,150.573122,79,2,2,0,3,0,3,4,2,0,7,80,2,3775,3775,0,5,5,2,0,0,1,0
1365278,2,2024,2024,10,6,6,348,17,35,232,0,1,1,-30.021908,148.116623,51,2,1,1,3,0,0,0,2,0,7,40,2,941,941,1,21,5,2,0,0,1,0
1365279,4,2024,2024,10,5,7,175,27,24,220,0,1,9,-33.731177,150.921375,7,0,2,1,3,0,0,0,2,2,7,70,2,83,83,1,5,0,2,0,1,0,0
1365282,4,2024,2024,10,1,9,23,31,224,44,0,1,9,-33.824756,151.231492,45,0,2,1,3,0,0,0,3,0,0,50,1,5929,5929,1,5,36,2,0,1,0,0
1365285,2,2024,2024,10,3,9,168,10,387,260,0,1,2,-33.934495,151.192274,4,0,2,1,3,0,0,0,3,0,7,70,2,14295,14295,3,29,5,4,0,0,1,0
1365286,2,2024,2024,10,3,9,2,22,210,176,0,1,5,-34.035223,151.11343,68,0,2,1,3,0,0,0,0,2,7,60,2,1669,1669,3,5,0,2,0,0,1,0
1365289,1,2024,2024,10,1,8,2126,17,16,2149,0,1,9,-33.733352,150.470094,8,2,2,1,3,0,0,0,2,0,15,80,2,14295,14295,3,0,5,2,0,0,0,1
1365296,4,2024,2024,11,6,5,162,31,532,770,0,1,10,-33.868795,151.203604,69,0,2,1,1,0,0,0,2,2,7,40,2,14295,14295,3,21,12,2,0,1,0,0
1365297,4,2024,2024,11,3,6,3371,17,207,3342,0,1,1,-33.560716,151.189201,31,0,2,0,0,0,0,0,2,0,7,70,2,1850,1463,5,16,40,1,0,1,0,0
1365298,2,2024,2024,11,4,10,7,31,78,34609,0,1,9,-33.850671,151.010411,21,0,2,1,2,0,0,0,0,0,15,50,0,6545,6545,4,5,0,5,0,0,1,0
1365299,4,2024,2024,10,4,10,2,10,1,34609,0,1,1,-31.647152,152.774491,56,1,0,0,0,0,0,0,0,0,7,100,0,4552,5151,8,5,40,1,0,3,1,0
1365300,4,2024,2024,1,1,4,478,17,5,480,1,0,9,-33.425963,151.398961,16,2,2,1,0,0,0,0,2,2,7,60,2,14295,14295,3,0,5,3,0,1,1,0
1365302,4,2024,2024,10,0,5,194,31,105,34609,0,1,1,-32.592349,149.588351,44,2,1,1,1,0,0,0,2,0,7,40,0,214,214,9,0,28,2,0,1,0,0
1365303,4,2024,2024,10,4,4,40,27,35,40,0,1,7,-33.881558,150.909626,24,0,2,1,0,0,0,0,2,0,0,60,1,6545,6545,4,0,19,2,0,1,0,0