Crash ID,Degree of crash - detailed,Reporting year,Year of crash,Month of crash,Day of week of crash,Two-hour intervals,Street of crash,Street type,Town,Route no.,School zone location,School zone active,Type of location,Latitude,Longitude,LGA,Urbanisation,Conurbation 1,Alignment,Street lighting,Road surface,Surface condition,Weather,Natural lighting,Signals operation,Other traffic control,Speed limit,Road classification,RUM - code,DCA - code,First impact type,Key TU type,Other TU type,No. of traffic units involved,No. killed,No. seriously injured,No. moderately injured,No. minor-other injured
1365304,2,2024,2024,10,1,10,222,27,54,40,0,1,1,-33.63186,150.890804,29,2,2,1,3,0,3,4,0,0,7,80,1,9859,9859,8,5,40,1,0,0,1,0
1365308,2,2024,2024,11,3,8,12,1,84,34609,0,1,9,-33.810887,150.980878,21,0,2,1,3,0,2,6,2,0,7,50,0,5929,5929,1,5,5,2,0,0,2,0
1365309,4,2024,2024,10,5,8,9,1,3,34609,1,0,7,-33.721323,151.071773,31,0,2,1,0,0,0,0,2,0,0,50,0,9859,9859,8,0,40,1,0,2,0,0
1365310,4,2024,2024,11,0,8,10,31,25,34609,0,1,1,-35.038754,150.670406,63,2,1,1,1,0,0,0,3,0,7,50,0,9859,9859,8,16,40,1,0,1,0,0
1365311,4,2024,2024,10,3,8,27,36,83,157,0,1,9,-29.708504,152.941772,18,2,1,0,1,0,0,3,2,0,0,60,2,775,775,4,5,27,2,0,1,0,0
1365319,2,2024,2024,11,3,10,6,1,24,34609,0,1,1,-33.912598,150.889376,41,0,2,0,2,0,3,4,0,0,7,50,0,1957,4009,1,5,12,2,0,0,1,0
1365320,1,2024,2024,10,5,7,133,17,5,121,0,1,1,-36.127283,149.143096,65,1,0,1,0,0,0,0,2,0,7,100,2,3775,3775,0,0,13,2,0,0,0,3
1365321,1,2024,2024,10,4,6,6,27,198,34609,0,1,9,-33.912737,151.098973,15,0,2,1,0,0,0,0,2,0,0,50,0,1220,1220,9,0,28,2,0,0,0,1
1365324,2,2024,2024,10,5,7,68,27,98,208,0,1,1,-33.754159,151.067301,31,0,2,1,0,0,0,0,2,0,7,60,2,9859,9859,8,5,40,1,0,0,1,0
1365327,2,2024,2024,1,4,8,21,1,53,115,0,1,10,-33.758474,151.171024,36,0,2,1,2,0,0,0,0,2,7,60,1,5929,5929,1,5,0,2,0,0,2,0
1365329,1,2024,2024,10,3,10,4,31,136,34609,0,1,1,-33.925441,151.07608,15,0,2,1,2,0,0,0,0,0,7,50,0,43,43,3,33,18,2,0,0,0,1
1365330,4,2024,2024,10,3,5,14,1,198,34609,0,1,9,-33.904041,151.103004,15,0,2,1,1,0,0,0,2,0,15,50,0,2585,777,8,5,40,1,0,1,0,0
1365331,4,2024,2024,1,6,5,7,27,52,34609,0,1,1,-33.631368,150.742187,55,0,2,1,0,0,0,0,2,0,7,70,0,5929,5929,1,10,19,2,0,1,0,0
1365334,1,2024,2024,1,0,6,39,31,193,145,1,0,10,-33.79297,151.080015,61,0,2,1,1,0,0,0,2,2,7,60,2,14295,14295,3,9,5,3,0,0,0,1
1365335,4,2024,2024,11,6,8,8,27,4,35,0,1,1,-28.410705,152.281412,51,1,0,0,0,2,0,0,2,0,7,100,1,4552,5151,8,16,40,1,0,2,0,0
1365336,2,2024,2024,5,5,8,72,27,278,56,0,1,9,-33.787683,151.061677,54,0,2,1,2,0,0,0,0,0,15,60,2,2852,2852,4,5,19,2,0,0,1,0
1365337,4,2024,2024,1,1,7,68,27,278,34609,1,0,1,-33.766088,151.050198,54,0,2,1,1,0,0,0,2,0,7,50,0,368,368,9,0,28,3,0,1,0,0
1365339,4,2024,2024,11,3,8,133,31,646,97,0,1,9,-33.917225,151.021491,15,0,2,1,1,0,0,0,2,0,15,60,1,2852,2852,4,5,19,2,0,1,0,0
1365340,4,2024,2024,10,5,8,26,27,71,38,0,1,1,-33.832771,150.96936,21,0,2,1,1,0,0,0,2,0,7,60,1,340,340,9,5,28,2,0,1,0,0
1365341,2,2024,2024,11,1,7,1,1,87,34609,0,1,10,-33.687743,150.950258,71,0,2,1,0,0,0,0,2,0,0,50,0,6545,6545,4,0,5,2,0,0,1,0
1365342,1,2024,2024,10,1,10,194,31,445,18,0,1,1,-33.862771,151.043702,21,0,2,1,3,0,3,4,0,0,7,50,1,1669,1669,3,0,0,2,0,0,0,1
1365343,4,2024,2024,10,2,8,26,27,111,34609,0,1,10,-33.700472,150.857519,7,0,2,1,0,0,0,0,2,0,15,60,0,6545,6545,4,15,13,2,0,1,0,0
1365344,2,2024,2024,11,5,8,56,27,443,44,0,1,1,-33.90626,151.057358,15,0,2,1,1,0,0,0,3,0,7,40,1,2040,2040,9,33,28,2,0,0,1,0
1365345,2,2024,2024,10,4,0,334,17,6,308,0,1,1,-31.666462,148.194055,51,1,0,1,0,0,0,0,0,0,7,100,2,945,945,5,10,40,1,0,0,1,1
1365350,2,2024,2024,10,2,7,1,9,121,34609,0,1,1,-28.210328,153.524538,72,2,1,1,0,0,0,0,2,0,7,50,0,238,238,9,0,28,2,0,0,1,0
1365352,2,2024,2024,10,5,2,40,27,73,34609,1,0,1,-35.13448,147.37646,75,2,1,1,2,0,0,0,0,0,7,60,0,4026,4026,1,5,13,3,0,0,1,0
1365353,2,2024,2024,10,0,11,204,31,252,34609,0,1,9,-33.881811,151.216526,69,0,2,1,2,0,3,4,0,0,7,40,0,1220,1220,9,22,28,2,0,0,1,0
1365354,4,2024,2024,11,1,8,296,27,187,293,0,1,2,-33.889005,150.973475,24,0,2,0,0,0,0,0,2,0,7,70,2,14295,14295,3,5,5,2,0,1,0,0
1365355,4,2024,2024,1,0,8,7,27,168,34609,0,1,1,-33.697212,150.830747,7,0,2,1,2,0,0,0,3,0,7,50,0,1383,1383,1,5,19,2,0,1,0,0
1365356,2,2024,2024,10,5,10,296,27,290,293,0,1,2,-33.858365,150.994052,21,0,2,1,2,0,0,0,0,0,7,70,2,9859,9859,1,5,13,3,0,0,2,1
1365359,4,2024,2024,11,4,3,2126,17,147,2149,1,0,2,-33.871345,151.122727,14,0,2,1,1,0,0,0,2,0,7,60,2,623,623,3,5,19,2,0,1,0,0
1365360,4,2024,2024,11,3,6,4,2,54,34609,0,1,1,-28.496312,153.529556,10,2,1,0,0,0,0,0,2,0,7,80,0,14295,14295,3,16,13,2,0,1,0,0
1365361,4,2024,2024,11,4,5,24,31,169,769,0,1,10,-33.597752,150.752892,29,2,2,1,1,0,3,4,2,2,7,60,2,1220,1220,9,0,28,2,0,1,0,0
1365363,1,2024,2024,11,1,8,2126,17,125,2149,0,1,9,-33.862819,151.079634,67,0,2,1,1,0,0,0,2,2,7,60,2,5929,5929,1,5,36,2,0,0,0,1
1365366,4,2024,2024,11,3,6,6,27,105,34609,0,1,1,-32.713519,151.518691,42,2,1,0,1,0,0,0,2,0,7,50,0,3775,3775,0,5,36,2,0,2,1,0
1365367,4,2024,2024,1,6,8,163,27,63,165,0,1,10,-33.737127,150.797753,7,0,2,1,1,0,0,0,2,0,0,60,1,6545,6545,4,16,0,2,0,1,0,0
1365368,2,2024,2024,10,2,8,1,27,4,34609,0,1,1,-30.857677,152.884627,47,1,0,0,0,2,3,3,2,0,7,100,0,3775,3775,0,10,13,2,0,0,1,0
1365370,4,2024,2024,10,0,5,2261,17,64,2252,1,0,9,-33.891997,151.08426,67,0,2,1,0,0,0,0,2,0,7,50,2,6545,6545,4,9,12,2,0,1,0,0
1365371,2,2024,2024,11,1,8,2209,17,14,2205,0,1,1,-36.157327,150.096648,23,1,0,0,0,0,0,0,3,0,7,100,2,782,957,5,0,40,1,0,0,1,0
1365372,4,2024,2024,11,5,10,220,14,78,220,0,1,3,-34.477014,150.828236,80,0,2,1,0,0,0,0,0,0,7,100,2,14295,14295,3,21,5,3,0,2,1,0
1365374,4,2024,2024,10,3,7,48,31,5,34609,0,1,10,-29.411919,153.355936,18,2,1,1,0,0,0,0,2,0,0,50,0,6545,6545,4,0,27,2,0,1,0,0
1365375,2,2024,2024,11,0,10,13,27,43,42,0,1,1,-33.595695,150.8195,29,2,2,0,0,0,3,4,0,0,7,80,1,4552,5151,8,9,40,1,0,0,1,0
1365377,4,2024,2024,10,2,7,63,10,19,34609,0,1,1,-28.211065,153.48553,72,2,1,0,1,0,0,0,2,0,7,60,0,1259,5151,8,5,40,1,0,1,0,0
1365378,4,2024,2024,11,0,9,125,27,48,144,0,1,9,-32.738499,152.121521,57,2,1,1,1,0,3,3,0,0,0,80,2,2852,2852,4,0,19,2,0,1,0,0
1365380,1,2024,2024,11,2,0,2,27,10,34609,0,1,1,-35.001778,149.148413,82,1,0,1,0,2,0,0,0,0,7,100,0,475,475,5,10,40,1,0,0,0,1
1365381,4,2024,2024,11,1,7,78,17,39,75,0,1,2,-33.844662,151.211543,49,0,2,1,1,0,0,0,2,0,7,70,2,4026,4026,8,16,40,1,0,1,0,0
1365382,2,2024,2024,10,2,8,19,31,33,34609,0,1,1,-35.124903,147.329911,75,2,1,1,1,0,0,0,2,0,7,50,0,1669,1669,3,0,12,2,0,0,1,0
1365383,4,2024,2024,10,5,8,283,27,197,702,0,1,9,-33.94325,151.076976,15,0,2,1,2,0,0,0,3,2,7,60,2,1282,1282,1,5,5,2,0,1,0,0
1365384,2,2024,2024,10,0,0,866,17,187,793,0,1,10,-33.793269,150.994368,54,0,2,1,2,0,0,0,0,2,7,70,2,1850,985,5,5,40,1,0,0,1,0
1365385,2,2024,2024,10,4,8,25,27,43,34609,0,1,10,-33.591826,150.87454,29,2,2,1,0,0,0,0,2,0,0,70,0,6545,6545,4,10,5,2,0,0,1,0
1365386,4,2024,2024,10,6,6,8,24,31,34609,0,1,1,-34.589368,150.852928,62,0,2,1,1,0,0,0,2,0,7,50,0,9859,9859,8,5,40,1,0,1,1,0
1365387,4,2024,2024,11,2,10,60,27,253,331,0,1,1,-33.964993,151.100245,25,0,2,0,2,0,0,0,0,0,7,60,2,2585,4009,8,5,40,1,0,1,0,0
1365388,2,2024,2024,10,1,8,348,17,31,232,0,1,1,-31.139098,148.401914,51,1,0,1,0,0,0,0,2,0,7,110,2,323,323,1,0,2,2,0,0,1,0
1365389,2,2024,2024,10,5,6,35,22,23,34609,0,1,1,-31.499387,145.822618,51,2,1,1,0,2,0,0,2,0,7,50,0,1945,1945,5,16,40,1,0,0,1,0
1365390,4,2024,2024,10,6,3,2261,17,47,2252,0,1,2,-35.734532,147.305428,27,1,0,0,0,0,0,0,1,0,7,110,2,418,714,5,10,40,1,0,1,0,0
1365391,2,2024,2024,1,0,11,110,31,433,34609,0,1,1,-33.25573,149.094774,52,2,1,0,2,0,0,0,0,0,7,50,0,782,957,5,0,40,1,0,0,1,0
1365394,4,2024,2024,11,1,10,4,27,16,34609,0,1,1,-34.68262,150.181571,78,2,1,0,0,2,0,0,0,0,7,50,0,3775,3775,0,30,13,2,0,1,0,0
1365396,4,2024,2024,11,1,7,2261,17,443,2252,0,1,9,-33.885876,151.068073,67,0,2,1,1,0,0,0,2,2,7,60,2,14295,14295,3,5,5,2,0,1,0,1
1365398,1,2024,2024,10,6,5,171,27,115,6,0,1,10,-33.915257,151.18432,69,0,2,1,2,0,0,0,2,2,7,60,2,1383,1383,1,0,5,2,0,0,0,1
1365401,4,2024,2024,10,4,6,38,27,37,47,0,1,1,-34.651922,150.795857,35,2,1,1,1,0,0,0,2,0,7,80,1,4026,4026,8,5,40,1,0,1,0,0
1365402,2,2024,2024,10,2,10,80,31,25,34609,1,0,1,-30.887042,151.151733,70,2,1,1,0,2,0,0,0,0,7,50,0,4026,4026,8,5,40,1,0,0,1,0
1365403,2,2024,2023,2,1,6,7,36,14,103,0,1,1,-32.320956,151.922167,43,1,0,0,1,0,0,0,2,0,7,90,1,1259,5151,8,30,40,1,0,0,1,1
1365404,2,2024,2024,8,4,9,21,1,346,34609,0,1,10,-33.889,151.080998,67,0,2,1,2,0,0,0,0,0,0,50,0,6545,6545,4,0,5,2,0,0,1,0
1365405,4,2024,2024,11,4,9,11,27,147,34609,0,1,1,-33.73812,151.148827,36,0,2,0,2,0,3,4,0,0,7,50,0,4552,5151,8,0,40,1,0,1,0,0
1365407,4,2024,2024,10,2,6,3,10,36,34609,0,1,1,-33.585213,148.675824,51,1,0,0,0,0,0,0,2,0,7,100,0,782,957,5,16,40,1,0,1,0,0
1365408,1,2024,2024,11,2,5,43,27,316,38,0,1,7,-33.903045,151.240143,59,0,2,1,2,0,0,0,2,0,0,50,1,6545,6545,4,10,19,2,0,0,0,1
1365409,4,2024,2024,10,5,8,7,36,29,7,0,1,1,-31.682067,149.659467,51,1,0,0,0,0,0,0,2,0,7,100,1,4552,5151,8,5,40,1,0,1,0,0
1365410,4,2024,2024,10,4,4,3371,17,463,3342,0,1,9,-30.285652,153.125194,19,2,1,1,0,0,0,0,2,0,7,60,2,5929,5929,1,5,19,2,0,1,0,0
1365411,4,2024,2024,11,0,11,478,17,128,480,0,1,2,-33.427013,151.32829,16,2,2,1,2,0,0,0,0,0,7,70,2,14295,14295,3,0,5,4,0,2,0,1
1365412,4,2024,2024,10,4,9,213,17,10,213,0,1,1,-29.579247,153.061086,18,1,0,1,0,0,0,0,0,0,7,100,2,1089,1089,7,21,40,1,0,1,0,0
1365414,2,2024,2024,5,4,7,361,23,44,165,0,1,1,-33.968914,151.110987,25,0,2,1,1,0,0,0,2,0,7,50,1,9859,9859,1,5,6,2,0,0,1,0
1365415,4,2024,2024,11,1,11,12,31,29,34609,0,1,9,-32.929246,151.771765,48,0,2,0,2,0,0,0,0,0,0,40,0,1850,985,5,17,40,1,0,1,0,0
1365417,4,2024,2024,10,6,7,52,27,188,53,0,1,1,-33.942251,151.101421,4,0,2,1,1,0,0,0,2,0,7,50,1,9859,9859,1,5,5,4,0,1,0,0
1365418,4,2024,2024,6,4,10,3371,17,29,3342,0,1,2,-31.811079,152.635405,43,1,0,1,0,0,0,0,0,0,7,110,2,204,204,1,8,0,2,0,1,1,0
1365419,4,2024,2024,10,5,11,1,27,5,34609,0,1,1,-29.097723,153.207808,60,1,0,1,0,2,3,0,0,0,7,100,0,4026,4026,8,5,40,1,0,1,0,0
1365420,2,2024,2024,10,1,8,171,31,96,34609,0,1,9,-35.349247,149.229905,58,2,1,1,1,0,0,0,2,0,0,50,0,1669,1669,3,5,0,2,0,0,1,1
1365422,2,2024,2024,11,4,9,123,27,337,11,0,1,10,-33.727836,150.988158,71,0,2,1,2,0,0,0,0,2,7,50,1,1220,1220,9,10,28,2,0,0,1,0
1365424,2,2024,2024,11,5,9,2,31,24,34609,0,1,1,-33.412606,150.066027,40,2,1,1,2,0,0,0,0,0,7,50,0,1981,1981,4,10,5,2,0,0,1,0
1365432,2,2024,2024,10,4,10,2126,17,169,2149,0,1,9,-33.782316,150.827632,7,0,2,1,2,0,0,0,0,2,7,80,2,5929,5929,1,0,0,2,0,0,2,1
1365434,1,2024,2024,11,3,6,62,10,91,169,0,1,10,-32.813657,151.635547,48,0,2,1,1,0,0,0,2,2,7,60,2,1192,1192,1,0,19,2,0,0,0,1
1365435,1,2024,2024,10,0,2,330,27,147,605,0,1,2,-33.755919,151.282874,50,0,2,1,2,0,0,0,0,0,7,60,2,1981,1981,4,10,27,2,0,0,0,1
1365436,4,2024,2024,10,6,3,35,27,204,96,1,0,1,-33.902695,151.130384,32,0,2,1,1,0,0,0,2,0,9,50,2,14295,14295,3,16,13,2,0,1,0,0
1365437,4,2024,2024,10,5,3,265,17,74,193,0,1,1,-34.625496,148.05842,20,1,0,1,0,0,0,0,2,0,7,100,2,475,475,5,10,40,1,0,1,0,0
1365438,1,2024,2024,10,0,5,6,10,76,34609,0,1,1,-35.349264,150.462719,63,2,1,1,1,0,0,0,2,0,7,50,0,9859,9859,1,0,36,4,0,0,0,1
1365442,4,2024,2024,11,4,5,44,31,90,34609,0,1,10,-32.918686,151.747993,48,0,2,1,1,0,3,4,2,0,9,50,0,2040,2040,9,9,28,2,0,1,1,0
1365443,2,2024,2024,11,3,8,205,27,86,415,0,1,2,-33.708851,151.198891,50,0,2,1,2,0,3,3,0,0,7,90,2,1945,1945,5,16,40,1,0,0,1,0
1365444,2,2024,2024,11,0,6,6,27,197,34609,0,1,1,-33.798591,151.126848,61,0,2,1,0,0,0,0,2,0,7,50,0,5929,5929,1,5,18,2,0,0,1,0
1365445,4,2024,2024,10,3,10,105,27,67,109,0,1,10,-33.881647,150.889027,24,0,2,1,2,0,0,0,0,2,7,60,1,1220,1220,9,5,28,2,0,1,0,0
1365446,4,2024,2024,10,4,6,348,17,10,232,0,1,1,-32.310339,149.459766,44,1,0,1,0,0,0,0,2,0,7,100,2,4026,4026,8,0,40,1,0,1,0,0
1365449,2,2024,2024,10,2,4,361,23,79,33,0,1,7,-33.967258,151.128369,4,0,2,1,0,0,0,0,2,0,0,50,1,623,623,3,10,5,2,0,0,1,0
1365450,4,2024,2024,11,1,6,2209,17,25,2205,0,1,2,-34.134804,150.994016,68,0,2,1,1,0,0,0,2,0,7,80,2,9859,9859,8,9,40,1,0,1,0,0
1365452,4,2024,2024,10,5,10,103,27,28,256,0,1,9,-34.081283,150.807836,13,0,2,1,2,0,0,0,0,2,7,80,2,5929,5929,1,0,0,2,0,1,1,0
1365453,1,2024,2024,11,1,7,89,27,2,228,0,1,1,-32.894647,151.16531,17,2,1,0,0,0,0,6,2,0,7,80,1,1850,1463,5,16,40,1,0,0,0,1
1365454,4,2024,2024,11,2,10,6,31,172,34609,0,1,1,-32.751824,151.590577,42,2,1,1,2,0,0,0,0,0,7,50,0,4026,4026,8,34,40,2,0,1,0,0
1365455,2,2024,2024,10,1,8,3371,17,31,3342,0,1,2,-30.337004,153.078027,19,1,0,1,1,0,0,0,2,0,7,100,2,9859,9859,8,5,40,1,0,0,2,0
1365456,4,2024,2024,11,2,6,8,31,194,34609,0,1,4,-30.507242,151.644108,1,2,1,0,0,0,0,0,2,0,7,50,0,1192,1192,1,0,27,2,0,1,0,0
1365458,2,2024,2024,10,6,9,7,6,172,34609,0,1,9,-32.763875,151.582592,42,2,1,1,1,0,0,0,3,0,7,50,0,4552,985,1,30,36,2,0,0,1,0
1365459,2,2024,2024,11,6,9,500,27,293,799,0,1,9,-33.932471,151.044852,15,0,2,1,2,0,0,0,0,2,7,60,2,2852,2852,4,5,5,2,0,0,2,0
1365461,4,2024,2024,10,1,7,78,31,31,34609,0,1,10,-30.960968,148.382364,51,2,1,1,1,0,0,0,2,0,0,50,0,6545,6545,4,0,13,2,0,2,0,0
1365462,4,2024,2024,6,3,5,114,27,10,65,0,1,1,-33.4677,151.089225,16,2,2,0,0,0,0,0,2,0,7,60,1,418,714,5,16,40,1,0,1,0,0
1365463,4,2024,2024,10,4,10,5,27,8,34609,0,1,1,-31.331384,150.079199,51,2,1,1,0,2,0,0,0,0,7,80,0,475,475,5,10,40,1,0,1,0,0
1365465,4,2024,2024,11,3,5,1052,14,173,928,0,1,3,-33.702554,151.118156,36,0,2,1,1,0,0,0,2,0,7,110,2,14295,14295,3,5,5,2,0,1,0,1
1365466,2,2024,2024,11,1,7,62,10,91,169,0,1,2,-32.813973,151.634661,48,0,2,1,0,0,0,0,2,0,7,60,2,3775,3775,0,9,5,2,0,0,1,0
1365467,2,2024,2024,10,0,0,12,27,83,34609,0,1,1,-34.47322,150.458944,78,2,1,0,2,0,0,0,0,0,7,80,0,1259,5151,8,5,40,1,0,0,1,0
1365468,2,2024,2024,10,3,1,23,10,9,174,0,1,9,-32.948847,151.478982,17,1,0,0,0,0,0,0,0,0,0,90,2,2585,4009,8,0,40,1,0,0,1,0
1365472,2,2024,2024,11,3,0,195,27,40,186,0,1,2,-33.94935,150.838778,41,0,2,1,2,0,0,0,0,0,7,70,2,3775,3775,0,5,0,2,0,0,1,0
1365475,4,2024,2024,1,3,6,3371,17,207,3342,0,1,1,-33.560144,151.189314,31,0,2,0,0,0,3,1,2,0,7,70,2,3775,3775,0,16,19,2,0,1,1,0
1365476,4,2024,2024,1,2,11,67,10,26,34,0,1,1,-34.400792,150.488251,78,2,1,1,0,0,0,0,0,0,7,80,1,1089,1089,7,5,40,1,0,1,0,0
1365478,4,2024,2024,10,2,8,191,27,370,68,0,1,7,-34.055988,150.818677,13,0,2,1,1,0,0,3,2,0,0,60,1,6545,6545,4,17,5,2,0,1,0,0
1365480,2,2024,2024,6,4,8,34,31,104,44,0,1,9,-33.828028,151.217254,49,0,2,1,1,0,0,0,3,0,15,50,1,2852,2852,4,0,19,2,0,0,1,0
1365481,4,2024,2024,10,5,3,39,27,11,29,0,1,1,-32.523404,149.658176,44,1,0,0,0,0,3,4,1,0,7,100,1,2585,4009,8,5,40,1,0,1,0,0
1365482,4,2024,2024,4,3,5,1,27,2,34609,0,1,1,-31.735785,152.189365,43,1,0,0,0,2,0,0,2,0,7,100,0,1089,1089,7,16,40,1,0,1,0,0
1365483,4,2024,2024,10,3,6,23,27,37,47,0,1,1,-34.659251,150.731811,35,2,1,0,0,0,0,0,2,0,7,60,1,418,714,5,16,40,1,0,1,0,0
1365485,2,2024,2024,0,5,7,1,31,106,34609,0,1,10,-33.91378,151.09307,15,0,2,1,0,0,0,0,2,0,0,50,0,6545,6545,4,10,13,2,0,0,1,0
1365486,4,2024,2024,11,0,5,251,27,17,212,0,1,2,-33.768585,151.205482,50,0,2,0,0,0,0,0,2,0,7,80,2,14295,14295,3,16,0,2,0,1,0,0
1365490,4,2024,2024,10,3,11,10,27,13,34609,0,1,1,-35.196302,150.444621,63,2,1,0,0,0,0,0,0,0,7,80,0,4552,5151,8,10,40,1,0,1,0,0
1365491,1,2024,2024,10,1,7,83,31,532,21,0,1,10,-33.87449,151.208013,69,0,2,1,1,0,3,4,2,2,9,40,1,2040,2040,9,0,28,2,0,0,0,1
1365492,4,2024,2024,5,5,8,1104,11,130,770,0,1,2,-33.869904,151.188326,69,0,2,1,0,0,0,0,2,0,7,60,2,1383,1383,1,5,18,2,0,1,0,0
1365493,4,2024,2024,10,3,10,1,1,101,34609,0,1,4,-32.912903,151.606379,37,0,2,0,2,0,0,0,0,0,7,50,0,14295,14295,3,10,19,2,0,1,0,0
1365495,4,2024,2024,10,6,6,9,31,112,34609,0,1,10,-36.06458,146.944215,0,2,1,1,0,0,0,0,2,0,0,60,0,6545,6545,4,10,5,2,0,1,0,0
1365496,2,2024,2024,10,0,7,1,10,21,34609,0,1,1,-31.630788,152.725208,56,2,1,1,1,0,0,0,2,0,7,80,0,1109,787,1,0,0,2,0,0,2,0
1365498,2,2024,2024,11,6,8,73,31,123,34609,0,1,1,-33.905039,151.223146,59,0,2,1,1,0,0,0,3,0,7,50,0,323,323,1,15,0,2,0,0,1,0
1365499,4,2024,2024,5,5,6,191,27,33,208,0,1,9,-33.800959,151.100305,61,0,2,1,0,0,0,0,2,0,7,60,2,1669,1669,3,15,40,2,0,1,0,0
1365503,4,2024,2024,10,2,1,475,31,252,75,0,1,10,-33.886427,151.208229,69,0,2,1,2,0,0,0,0,2,7,40,1,6545,6545,4,22,0,2,0,1,0,0
1365507,1,2024,2024,11,6,11,73,27,443,78,1,0,1,-33.905992,151.05147,15,0,2,1,2,0,0,0,0,0,7,60,2,1109,787,1,21,19,2,0,0,0,1
1365508,4,2024,2024,1,0,9,35,27,13,34,0,1,1,-29.920967,151.31818,33,1,0,1,0,0,0,0,0,0,7,100,1,1089,1089,7,10,40,1,0,1,0,0
1365514,4,2024,2024,10,2,0,3371,17,19,3342,0,1,9,-33.384311,151.355591,16,2,2,0,2,0,0,0,0,0,7,60,2,1850,1463,5,5,40,1,0,1,0,1
1365516,4,2024,2024,10,5,5,112,27,92,256,0,1,10,-33.978169,150.850133,41,0,2,1,0,0,0,0,2,0,0,70,2,1669,1669,3,5,13,3,0,1,0,0
1365517,1,2024,2024,10,2,9,2261,17,68,2252,0,1,2,-34.766225,148.759859,82,1,0,0,0,0,0,0,3,0,7,110,2,273,957,5,9,40,1,0,0,0,2
1365520,2,2024,2024,11,6,8,103,27,33,167,0,1,9,-33.980326,151.136704,4,0,2,1,0,0,0,0,2,0,7,60,2,5929,5929,1,0,5,2,0,0,1,0
1365521,4,2024,2024,10,4,9,4,31,131,34609,0,1,2,-36.082699,146.914709,0,2,1,1,1,0,0,0,3,0,7,50,0,3775,3775,0,22,5,2,0,1,0,0
1365524,4,2024,2024,1,1,3,2126,17,78,2149,0,1,2,-33.701941,150.575322,8,2,2,0,3,0,0,0,1,0,7,80,2,2585,4009,8,16,40,1,0,1,0,0
1365528,2,2024,2024,5,0,6,11,27,36,143,0,1,1,-34.436153,149.411445,74,1,0,0,0,0,3,4,2,0,7,100,2,4552,5151,8,8,40,1,0,0,1,0
1365529,2,2024,2024,6,0,4,296,27,187,293,0,1,2,-33.877642,150.980218,24,0,2,1,1,0,0,0,2,0,7,70,2,1220,1220,9,5,28,2,0,0,1,0
1365530,2,2024,2024,11,5,7,4,1,74,34609,0,1,1,-33.759375,150.668468,55,0,2,1,1,0,0,0,2,0,7,50,0,5929,5929,1,5,0,2,0,0,1,0
1365531,2,2024,2024,11,5,8,866,17,112,793,0,1,2,-33.906451,150.918288,41,0,2,1,1,0,0,0,2,0,7,70,2,1109,397,1,5,5,2,0,0,2,0
1365534,2,2024,2024,10,0,9,19,27,5,46,0,1,1,-34.90204,150.669466,63,2,1,0,0,0,0,0,2,0,7,80,1,3775,3775,0,5,5,2,0,0,1,0
1365538,2,2024,2024,10,5,3,12,27,121,15,0,1,9,-33.788904,151.280387,50,0,2,1,1,0,3,4,2,0,9,50,1,591,591,1,22,5,2,0,0,1,0
1365540,4,2024,2024,11,0,9,194,27,284,34609,0,1,1,-33.905206,151.022951,15,0,2,0,1,0,0,0,3,0,7,50,0,2040,2040,9,5,28,2,0,1,0,0
1365543,1,2024,2024,8,1,7,1104,14,223,962,0,1,3,-33.804626,150.909252,7,0,2,1,1,0,0,0,2,0,7,100,2,1383,1383,1,8,5,3,0,0,0,1
1365553,2,2024,2024,1,5,7,26,31,171,19,0,1,7,-33.806759,150.967166,21,0,2,1,3,0,0,0,2,0,0,50,1,1259,985,8,5,40,2,0,0,2,0
1365554,2,2024,2024,1,3,8,2,27,7,34609,0,1,1,-31.400552,152.851296,56,2,1,1,3,0,3,3,0,0,7,80,0,14295,14295,3,0,5,2,0,0,1,0
1365555,2,2024,2024,10,4,9,1,31,143,34609,0,1,9,-33.871787,151.108129,9,0,2,1,3,0,0,0,3,0,0,50,0,9859,9859,8,5,40,1,0,0,1,0
1365556,2,2024,2024,11,2,1,22,27,25,34609,0,1,9,-33.874934,151.222338,69,0,2,0,3,0,0,0,0,0,7,40,0,1383,1383,1,21,0,3,0,0,1,0
1365557,1,2024,2024,11,0,5,153,27,290,147,0,1,1,-33.949398,151.116899,4,0,2,1,2,0,0,0,2,0,7,60,2,14295,14295,3,5,25,2,0,0,0,1
1365558,2,2024,2024,10,6,3,2209,17,176,2205,0,1,9,-33.951529,151.138311,4,0,2,1,3,0,0,3,2,2,7,60,2,14295,14295,3,5,0,2,0,0,1,0
1365559,4,2024,2024,10,6,8,3371,17,21,3342,0,1,2,-31.626234,152.725737,56,1,0,1,3,0,3,4,2,0,7,110,2,14295,14295,3,5,0,3,0,1,0,1
1365560,2,2024,2024,10,0,8,125,27,17,123,0,1,7,-33.336158,151.430811,16,2,2,1,3,0,0,0,2,0,0,70,2,5929,5929,1,5,13,2,0,0,1,0
1365561,1,2024,2024,11,3,6,2209,17,201,2205,0,1,10,-34.872224,150.605745,63,2,1,1,1,0,0,0,2,2,9,70,2,1669,1669,3,0,5,2,0,0,0,1
1365562,4,2024,2024,6,5,5,2261,17,59,2252,0,1,3,-33.979261,150.867497,13,0,2,0,1,0,0,0,2,0,7,110,2,1282,1282,1,3,5,2,0,1,0,0