Crash ID,Degree of crash - detailed,Reporting year,Year of crash,Month of crash,Day of week of crash,Two-hour intervals,Street of crash,Street type,Town,Route no.,School zone location,School zone active,Type of location,Latitude,Longitude,LGA,Urbanisation,Conurbation 1,Alignment,Street lighting,Road surface,Surface condition,Weather,Natural lighting,Signals operation,Other traffic control,Speed limit,Road classification,RUM - code,DCA - code,First impact type,Key TU type,Other TU type,No. of traffic units involved,No. killed,No. seriously injured,No. moderately injured,No. minor-other injured
1365563,2,2024,2024,10,6,3,17,27,10,34609,0,1,1,-34.051901,151.088248,68,0,2,1,3,0,0,0,2,0,7,50,0,3775,3775,0,5,5,3,0,0,1,0
1365564,1,2024,2024,10,2,4,1052,14,77,928,0,1,3,-33.526549,151.19751,16,1,2,0,3,0,0,0,2,0,7,110,2,14295,14295,3,5,13,2,0,0,0,1
1365565,2,2024,2024,11,3,11,60,27,239,167,1,0,10,-34.031801,151.11932,68,0,2,1,3,0,0,0,0,2,7,70,2,6545,6545,4,10,0,2,0,0,1,0
1365566,2,2024,2024,10,3,7,49,31,149,34609,0,1,2,-33.986714,151.14521,4,0,2,1,3,0,0,0,2,0,7,50,0,1192,1192,1,15,13,2,0,0,1,0
1365571,1,2024,2024,11,1,6,21,10,89,34609,0,1,2,-28.21183,153.54375,72,2,1,1,3,0,0,0,2,0,7,60,0,186,186,1,10,5,2,0,0,0,1
1365573,2,2024,2024,10,0,7,3371,17,107,3342,0,1,7,-33.271019,151.453086,16,2,2,0,3,0,0,0,2,0,0,70,2,4552,5151,8,5,40,1,0,0,1,0
1365574,2,2024,2024,10,6,6,478,17,58,480,0,1,2,-33.433272,151.29585,16,2,2,1,3,0,0,0,2,0,7,60,2,14295,14295,3,5,10,3,0,0,2,0
1365576,1,2024,2024,10,3,4,48,10,135,58,0,1,9,-32.890816,151.740706,48,0,2,0,3,0,3,3,2,2,7,80,2,14295,14295,3,0,5,3,0,0,0,1
1365578,2,2024,2024,11,6,10,2209,17,204,2205,0,1,10,-33.942142,151.144496,4,0,2,1,2,0,0,0,0,0,0,60,2,5929,5929,1,5,5,3,0,0,1,0
1365579,1,2024,2024,10,6,6,1,1,55,34609,0,1,9,-36.212358,149.129772,65,2,1,1,3,0,0,0,2,0,0,50,0,2852,2852,4,0,13,2,0,0,0,1
1365581,2,2024,2024,11,0,5,109,27,61,105,0,1,1,-33.899272,150.918047,24,0,2,0,3,0,0,0,2,0,7,60,2,14295,14295,3,5,13,2,0,0,1,0
1365582,2,2024,2024,10,0,8,5,31,44,34609,0,1,10,-28.864654,153.535289,2,2,1,1,3,0,0,0,3,0,0,50,0,1669,1669,3,5,5,2,0,0,1,0
1365585,1,2024,2024,6,3,5,177,31,65,208,0,1,10,-33.858883,150.916357,24,0,2,0,3,0,0,0,2,2,7,60,1,6545,6545,4,5,0,2,0,0,0,1
1365590,1,2024,2024,10,0,5,2209,17,64,2205,0,1,2,-34.382174,150.900359,80,0,2,1,3,0,0,0,2,0,7,80,2,14295,14295,3,5,0,3,0,0,0,1
1365594,1,2024,2024,10,4,7,45,27,47,44,0,1,10,-33.816848,151.151525,38,0,2,1,3,0,0,0,2,2,7,60,2,14295,14295,3,9,0,2,0,0,0,1
1365596,4,2024,2024,10,0,6,90,31,169,165,0,1,2,-33.898476,151.215425,69,0,2,1,3,0,0,3,2,0,7,60,2,14295,14295,3,5,0,3,0,1,0,0
1365597,1,2024,2024,10,6,4,2,31,73,34609,0,1,9,-33.751395,150.812964,7,0,2,1,3,0,0,0,2,0,7,60,0,1669,1669,3,0,5,2,0,0,0,1
1365601,4,2024,2024,10,0,5,2,27,4,34609,0,1,9,-30.201551,152.894576,19,1,0,0,3,0,0,0,2,0,7,100,0,4552,985,8,0,40,1,0,1,0,0
1365607,1,2024,2024,10,5,9,73,27,443,78,0,1,10,-33.906142,151.052538,15,0,2,1,3,0,0,0,3,2,7,60,2,5929,5929,1,5,5,2,0,0,0,1
1365608,2,2024,2024,1,4,7,14,27,31,34609,0,1,1,-33.871086,151.032774,21,0,2,1,3,0,0,0,2,0,7,50,0,1981,1981,4,5,5,2,0,0,1,0
1365613,1,2024,2024,10,6,3,89,27,105,34609,0,1,10,-32.723361,151.526159,42,2,1,1,3,0,0,0,2,0,0,60,0,5929,5929,1,30,41,2,0,0,0,1
1365615,1,2024,2024,10,5,4,293,10,5,172,0,1,9,-33.002852,151.643268,37,0,2,1,3,0,0,0,2,0,0,70,2,623,623,3,0,5,2,0,0,0,1
1365617,1,2024,2024,10,2,6,169,1,92,94,0,1,9,-33.880574,150.975386,24,0,2,1,3,0,0,0,2,0,7,60,1,150,150,4,5,5,2,0,0,0,1
1365619,1,2024,2024,10,5,9,3371,17,12,3342,0,1,9,-28.774142,153.530923,2,2,1,0,3,0,0,0,2,0,15,60,2,2852,2852,4,0,0,2,0,0,0,1
1365624,2,2024,2024,10,2,7,22,31,82,34609,0,1,10,-33.823843,151.200917,49,0,2,1,3,0,0,0,2,2,7,50,0,4552,985,8,0,40,1,0,0,1,0
1365625,1,2024,2024,10,1,3,2261,17,204,2252,0,1,10,-33.894451,150.957665,24,0,2,1,3,0,0,0,2,2,7,70,2,14295,14295,3,9,0,2,0,0,0,1
1365626,1,2024,2024,6,0,5,63,27,20,34609,0,1,1,-32.967002,151.559843,37,0,2,0,3,0,3,4,2,0,7,80,0,1850,1463,5,10,40,1,0,0,0,1
1365627,2,2024,2024,10,5,7,49,27,6,15,0,1,10,-33.897629,151.195544,69,0,2,0,3,0,0,0,2,2,7,50,1,6545,6545,4,5,5,2,0,0,1,0
1365630,2,2024,2024,10,2,1,3,27,6,1,0,1,1,-35.52799,146.066609,51,1,0,1,3,0,0,0,0,0,7,100,1,4026,4026,8,5,40,1,0,0,1,0
1365631,1,2024,2024,6,0,6,193,31,316,34609,0,1,9,-31.430128,152.899928,56,2,1,0,3,0,0,0,2,2,7,50,0,14295,14295,3,5,5,3,0,0,0,1
1365632,1,2024,2024,10,5,4,51,27,25,45,0,1,9,-33.742916,150.808267,7,0,2,1,3,0,0,0,2,0,0,60,1,5929,5929,1,10,0,2,0,0,0,1
1365637,4,2024,2024,10,4,8,51,27,17,45,0,1,7,-33.743079,150.810839,7,0,2,1,3,0,0,3,4,0,0,60,1,14295,14295,3,10,5,2,0,1,0,0
1365639,2,2024,2024,10,5,9,15,1,271,34609,0,1,1,-33.952073,151.011059,15,0,2,1,3,0,0,0,3,0,7,50,0,1109,787,1,5,25,2,0,0,1,0
1365640,1,2024,2024,10,5,4,6,27,98,44,0,1,9,-33.73318,151.076579,31,0,2,1,3,0,0,0,2,0,7,50,1,6545,6545,4,5,25,2,0,0,0,1
1365644,2,2024,2024,10,6,10,222,31,131,212,0,1,2,-33.787262,151.179791,36,0,2,1,3,0,0,0,0,0,7,60,2,1981,1981,4,5,27,2,0,0,1,0
1365647,4,2024,2024,10,4,8,6,10,29,34609,0,1,1,-33.746836,150.796139,7,0,2,1,3,0,0,3,2,0,7,50,0,9859,9859,1,5,0,2,0,1,0,0
1365654,1,2024,2024,10,6,4,16,31,162,34609,1,0,1,-33.852734,150.905262,24,0,2,1,3,0,0,0,2,0,7,50,0,941,941,1,5,0,2,0,0,0,1
1365656,1,2024,2024,10,0,5,149,10,346,702,0,1,2,-33.881821,151.069144,67,0,2,1,3,0,0,0,2,0,7,70,2,1391,1391,1,29,12,2,0,0,0,1
1365658,2,2024,2024,11,0,3,2261,17,35,2252,0,1,3,-34.170326,150.733739,79,1,2,0,3,0,0,0,2,0,7,110,2,1957,4009,8,0,40,1,0,0,1,0
1365662,2,2024,2024,10,1,9,14,1,144,34609,0,1,1,-34.070364,151.001103,68,0,2,0,3,0,0,0,3,0,7,50,0,4552,5151,1,5,23,2,0,0,1,0
1365663,2,2024,2024,10,2,9,147,27,460,34609,0,1,7,-33.838644,150.990491,21,0,2,0,3,0,0,0,3,0,0,40,0,6545,6545,4,33,27,2,0,0,1,0
1365665,4,2024,2024,10,4,8,15,27,323,154,0,1,1,-33.809905,150.866181,7,0,2,0,3,0,0,0,2,0,7,60,1,3775,3775,0,5,5,3,0,1,0,0
1365671,1,2024,2024,11,4,8,2261,17,243,2252,0,1,9,-33.942228,150.91178,41,0,2,1,3,0,0,0,2,0,0,70,2,1282,1282,1,5,40,2,0,0,0,1
1365673,1,2024,2024,10,6,11,220,27,92,222,0,1,10,-33.725286,150.940078,71,0,2,1,3,0,3,3,0,2,7,80,2,1669,1669,3,0,5,2,0,0,0,1
1365679,1,2024,2024,10,5,3,205,27,147,415,0,1,9,-33.744603,151.150159,36,0,2,1,3,0,0,0,2,0,7,70,2,14295,14295,3,5,5,2,0,0,0,1
1365680,1,2024,2024,10,0,9,485,27,187,769,1,0,2,-33.79272,150.999003,54,0,2,1,3,0,3,4,3,2,7,60,2,5929,5929,1,0,5,2,0,0,0,1
1365681,1,2024,2024,1,4,9,44,27,253,331,0,1,9,-33.959078,151.110126,25,0,2,1,3,0,0,0,2,2,7,60,2,5929,5929,1,5,13,2,0,0,0,1
1365686,1,2024,2024,10,6,3,296,27,187,293,0,1,2,-33.889005,150.973475,24,0,2,1,3,0,0,0,2,0,7,60,2,14295,14295,3,10,0,2,0,0,0,1
1365687,2,2024,2024,10,5,6,481,17,562,483,0,1,10,-32.239668,148.610243,22,2,1,1,3,0,0,0,2,0,0,50,2,6545,6545,4,30,5,2,0,0,1,0
1365688,2,2024,2024,10,4,4,163,27,25,165,0,1,9,-33.750092,150.801818,7,0,2,1,3,0,0,0,2,2,7,60,1,150,150,4,0,5,2,0,0,1,0
1365690,1,2024,2024,11,6,10,98,31,176,159,0,1,9,-33.953687,151.13948,4,0,2,1,2,0,0,0,0,2,7,60,2,5929,5929,1,5,19,2,0,0,0,1
1365692,2,2024,2024,10,4,5,62,10,122,62,0,1,9,-33.424341,151.344825,16,2,2,1,3,0,0,0,2,0,7,60,2,14295,14295,3,10,5,2,0,0,1,0
1365696,2,2024,2024,10,4,5,168,10,387,260,0,1,2,-33.94703,151.167875,4,0,2,1,3,0,0,0,2,0,7,70,2,14295,14295,3,5,5,2,0,0,1,0
1365697,1,2024,2024,10,4,8,1,31,224,34609,0,1,1,-33.824127,151.244898,45,0,2,1,3,0,0,0,2,0,7,50,0,14295,14295,3,5,5,2,0,0,0,1
1365698,1,2024,2024,10,1,6,143,31,89,181,0,1,9,-33.889617,151.233371,59,0,2,1,3,0,0,0,2,2,7,60,2,1391,1391,1,5,10,2,0,0,0,1
1365699,4,2024,2024,10,3,6,23,27,61,21,0,1,9,-33.745203,150.89416,7,0,2,1,3,0,0,0,2,2,7,60,1,775,775,4,5,0,2,0,1,0,1
1365701,1,2024,2024,10,4,8,81,17,20,331,0,1,9,-34.078742,150.694779,12,0,2,0,3,0,0,3,2,0,0,80,2,14295,14295,3,5,12,2,0,0,0,1
1365706,1,2024,2024,10,4,10,2261,17,284,2252,0,1,9,-33.907399,151.023948,15,0,2,1,3,0,0,0,0,2,7,60,2,14295,14295,3,5,0,2,0,0,0,1
1365708,1,2024,2024,11,0,5,11,36,232,34609,0,1,10,-33.69218,150.926819,71,0,2,1,3,0,0,0,2,2,7,50,0,5929,5929,1,5,13,2,0,0,0,1
1365709,1,2024,2024,11,1,3,344,27,168,382,0,1,2,-33.69582,150.829923,7,0,2,1,3,0,0,0,2,0,7,80,2,1192,1192,1,9,13,3,0,0,0,1
1365710,1,2024,2024,10,6,6,334,17,98,308,0,1,10,-30.98474,150.263948,51,2,1,1,3,0,0,0,2,0,0,50,2,6545,6545,4,0,5,2,0,0,0,1
1365711,1,2024,2024,10,3,8,19,18,95,32,0,1,10,-34.396123,150.900868,80,0,2,1,3,0,0,0,2,2,7,60,1,6545,6545,4,0,5,2,0,0,0,1
1365713,1,2024,2024,10,2,10,194,31,105,34609,0,1,7,-32.603753,149.586201,44,2,1,1,3,0,0,0,0,0,0,50,0,926,926,4,5,13,2,0,0,0,1
1365716,1,2024,2024,10,0,5,3371,17,104,3342,0,1,9,-32.827965,151.684232,48,0,2,1,3,0,0,0,2,2,7,80,2,1192,1192,1,5,13,2,0,0,0,1
1365717,1,2024,2024,10,5,7,1104,14,149,962,0,1,3,-33.816429,150.964562,21,0,2,1,3,0,0,0,2,0,7,90,2,14295,14295,3,5,5,2,0,0,0,1
1365718,2,2024,2024,10,6,4,26,31,204,11,0,1,9,-33.890794,151.126325,32,0,2,1,3,0,0,0,2,0,7,50,1,9859,9859,8,5,40,1,0,0,1,0
1365720,1,2024,2024,10,0,8,1,31,283,34609,1,0,9,-33.834913,151.003662,21,0,2,1,3,0,0,0,2,0,0,50,0,6545,6545,4,0,5,2,0,0,0,1
1365721,2,2024,2024,10,0,5,157,17,5,158,0,1,1,-33.496843,149.386975,3,2,1,0,3,0,0,0,2,0,7,80,2,14295,14295,3,0,10,2,0,0,1,0
1365722,2,2024,2024,10,6,3,8,27,7,34609,0,1,1,-33.426482,149.079579,51,2,1,0,3,0,0,0,2,0,7,80,0,4552,5151,8,5,40,1,0,0,1,0
1365725,2,2024,2024,10,3,7,97,31,532,34609,0,1,0,-33.867555,151.20846,69,0,2,1,3,0,0,0,2,2,9,40,0,2040,2040,9,22,28,2,0,0,1,0
1365727,2,2024,2024,10,0,0,3371,17,463,3342,0,1,2,-30.29835,153.112551,19,2,1,0,3,0,3,4,0,0,7,60,2,4552,5151,8,3,40,1,0,0,1,0
1365730,2,2024,2024,10,6,5,7,27,22,34609,0,1,1,-35.175561,150.577898,63,2,1,0,3,0,0,0,2,0,7,80,0,4552,5151,8,5,40,1,0,0,1,0
1365731,1,2024,2024,10,6,9,44,27,202,563,0,1,10,-33.944997,151.034842,15,0,2,0,3,0,0,0,3,2,7,70,2,14295,14295,3,5,12,2,0,0,0,1
1365735,4,2024,2024,6,2,11,24,27,246,99,0,1,2,-33.912303,151.186765,69,0,2,1,2,0,3,4,0,0,7,60,2,9859,9859,1,5,11,2,0,1,0,0
1365736,4,2024,2024,6,2,9,2,27,35,2,0,1,1,-30.025597,148.128056,51,2,1,1,1,0,0,0,0,0,7,50,1,186,186,9,19,28,2,0,1,0,0
1365737,4,2024,2024,6,0,7,19,27,562,17,0,1,1,-32.091772,148.824557,22,2,1,1,0,0,0,6,2,0,7,60,1,1282,1282,1,0,19,2,0,1,0,0
1365738,4,2024,2024,6,6,10,26,27,232,34609,0,1,9,-33.686034,150.924914,71,0,2,1,2,0,3,4,0,0,0,60,0,2852,2852,4,5,5,2,0,1,0,0
1365739,4,2024,2024,6,0,2,1,31,112,34609,0,1,4,-33.910411,151.208162,69,0,2,1,2,0,3,3,0,0,7,50,0,312,312,2,5,40,1,0,1,0,0
1365741,4,2024,2024,8,0,6,330,27,49,605,0,1,10,-33.722272,151.298378,50,0,2,1,1,0,0,3,2,2,7,60,2,5929,5929,1,0,19,2,0,1,0,0
1365742,4,2024,2024,6,1,4,85,27,72,145,0,1,9,-33.799075,151.053967,54,0,2,1,0,0,0,0,2,0,0,70,2,6545,6545,4,5,19,2,0,1,0,0
1365744,2,2024,2024,6,4,10,2209,17,33,2205,0,1,2,-34.745255,150.814766,35,1,0,0,0,0,3,4,0,0,7,100,2,2585,4009,8,34,40,1,0,0,1,0
1365745,2,2024,2024,5,4,6,10,31,246,64,0,1,1,-33.91339,151.196398,69,0,2,1,1,0,0,0,2,0,7,50,2,1945,1945,5,15,40,1,0,0,1,0
1365746,2,2024,2024,5,4,7,13,27,239,35,0,1,10,-34.032555,151.125489,68,0,2,1,1,0,0,0,2,2,7,60,2,14295,14295,3,9,13,2,0,0,1,0
1365747,2,2024,2024,6,5,4,34,27,53,34609,0,1,7,-35.130793,147.342821,75,2,1,1,0,0,0,0,2,0,0,60,0,6545,6545,4,34,5,2,0,0,1,0
1365749,4,2024,2024,5,2,10,2261,17,370,2252,0,1,3,-34.058024,150.792315,13,0,2,0,2,0,0,0,0,0,7,110,2,273,957,5,5,40,1,0,1,1,0
1365750,4,2024,2024,5,5,7,171,27,64,369,0,1,9,-33.697298,150.727405,55,0,2,1,1,0,3,4,2,0,0,80,2,5929,5929,1,9,19,2,0,1,0,0
1365751,4,2024,2024,5,0,10,265,17,103,193,0,1,1,-34.34135,148.282851,30,2,1,0,0,0,0,0,0,0,7,80,2,3775,3775,0,0,0,2,0,2,3,0
1365752,4,2024,2024,5,4,8,3,31,90,34609,0,1,1,-33.790381,150.94717,21,0,2,1,1,0,0,0,2,0,7,50,0,2040,2040,9,10,28,2,0,1,1,0
1365753,2,2024,2024,5,0,6,192,31,316,120,0,1,9,-33.926948,151.239097,59,0,2,1,1,0,0,0,2,0,7,60,2,623,623,3,0,18,2,0,0,1,0
1365756,1,2024,2024,5,5,7,296,27,290,293,0,1,2,-33.860191,150.993577,21,0,2,0,1,0,0,0,2,0,7,70,2,14295,14295,3,8,5,3,0,0,0,1
1365757,2,2024,2024,5,3,7,9,31,33,34609,0,1,1,-33.897574,151.246226,76,0,2,1,0,0,0,0,2,0,7,40,0,3775,3775,0,0,0,2,0,0,2,0
1365758,4,2024,2024,5,2,4,55,27,126,38,0,1,10,-33.950519,150.808824,41,0,2,1,1,0,3,3,2,2,7,80,2,2852,2852,4,10,22,2,0,1,1,0
1365759,4,2024,2024,6,6,9,106,27,55,106,0,1,2,-33.927385,150.906139,41,0,2,1,2,0,0,0,0,0,7,70,2,1981,1981,4,0,19,2,0,1,0,0
1365760,1,2024,2024,6,4,7,24,27,115,52,0,1,9,-33.91446,151.16932,32,0,2,1,1,0,0,0,2,0,7,50,1,150,150,4,10,5,2,0,0,0,1
1365761,2,2024,2024,5,0,8,33,27,33,154,0,1,10,-33.772849,150.874083,7,0,2,0,2,0,0,0,3,2,7,60,1,14295,14295,3,0,5,3,0,0,1,0
1365762,2,2024,2024,5,5,0,12,10,3,34609,0,1,9,-32.043433,152.535312,43,2,1,1,2,0,0,0,0,0,7,50,0,1282,1282,1,5,12,2,0,0,1,0
1365764,4,2024,2024,5,3,5,65,10,132,148,0,1,1,-34.087609,151.067681,68,0,2,1,0,0,0,0,2,0,7,60,2,15,15,1,10,19,2,0,1,0,0
1365765,1,2024,2024,5,4,7,500,27,136,799,0,1,9,-33.927424,151.080101,15,0,2,1,1,0,0,0,2,0,0,60,2,2852,2852,4,0,5,2,0,0,0,1
1365766,2,2024,2024,5,3,9,2209,17,45,2205,0,1,9,-33.891327,151.188486,69,0,2,1,2,0,0,0,0,2,9,50,2,926,926,4,22,5,2,0,0,1,0
1365767,4,2024,2024,1,2,6,475,10,42,268,0,1,10,-33.883517,150.864722,24,0,2,0,1,0,0,0,2,2,7,70,2,5929,5929,1,10,5,2,0,1,1,0
1365768,2,2024,2024,1,4,3,22,27,123,59,0,1,2,-33.889491,151.229038,69,0,2,0,1,0,3,4,2,0,7,40,1,941,941,1,5,27,2,0,0,1,0
1365769,2,2024,2024,1,6,7,44,27,30,34609,0,1,10,-34.329292,146.025495,28,1,0,1,0,0,0,0,2,0,15,100,0,926,926,4,29,35,2,0,0,1,0
1365770,1,2024,2024,5,4,8,308,14,83,311,0,1,3,-33.880601,150.840818,41,0,2,1,2,0,0,0,3,0,7,100,2,1383,1383,1,5,35,2,0,0,0,1
1365772,4,2024,2024,1,5,9,2126,17,40,2149,0,1,9,-33.691984,150.542431,8,2,2,0,2,0,3,3,0,0,0,60,2,2040,2040,9,16,28,2,0,1,0,0
1365774,4,2024,2024,1,1,9,2126,17,60,2149,0,1,1,-33.662967,150.277827,8,2,2,0,0,0,3,4,0,0,7,80,2,3775,3775,0,5,35,3,0,3,1,0
1365775,4,2024,2024,5,4,8,344,27,363,369,0,1,9,-33.737856,150.716916,55,0,2,1,2,0,0,0,3,0,15,70,2,6545,6545,4,5,19,2,0,1,0,0
1365776,4,2024,2024,1,1,5,36,27,17,34609,0,1,1,-33.359525,151.418007,16,2,2,0,1,0,0,0,2,0,7,60,0,1259,5151,8,5,40,1,0,1,0,0
1365777,2,2024,2024,1,5,1,2126,17,283,2149,0,1,9,-33.830068,151.01068,54,0,2,1,2,0,3,4,0,2,7,60,2,775,775,4,0,2,2,0,0,1,0
1365778,4,2024,2024,1,4,7,1,36,207,34609,0,1,1,-31.991047,141.46898,51,2,1,1,0,0,0,0,2,0,7,60,0,945,945,5,16,40,1,0,1,0,0
1365780,4,2024,2024,1,5,4,90,36,5,102,0,1,1,-34.276222,146.541581,51,1,0,1,0,0,0,1,2,0,7,100,2,3775,3775,0,0,13,2,0,3,0,2
1365781,2,2024,2024,1,3,5,81,17,2,100,0,1,1,-34.440637,150.469664,78,2,1,1,1,0,0,0,2,0,7,80,2,9859,9859,8,0,40,3,0,0,2,0
1365784,2,2024,2024,1,0,11,22,31,293,34609,0,1,10,-33.930139,151.049382,15,0,2,1,2,0,0,0,0,0,15,50,0,6545,6545,4,33,5,2,0,0,1,0
1365785,4,2024,2024,1,5,10,175,27,21,220,0,1,9,-33.731262,150.921332,7,0,2,1,2,0,0,0,0,2,7,70,2,5929,5929,1,5,0,2,0,1,1,0
1365786,2,2024,2024,1,0,0,40,27,160,39,0,1,2,-33.121552,151.476781,37,0,2,1,0,0,3,0,0,0,7,60,1,4026,4026,8,0,40,1,0,0,1,0
1365787,4,2024,2024,1,1,2,10,27,232,34609,0,1,1,-33.689743,150.906079,7,0,2,1,2,0,0,0,1,0,7,60,0,404,404,8,16,40,2,0,1,0,0
1365788,4,2024,2024,1,1,8,916,17,44,917,0,1,1,-32.101434,150.869894,73,1,0,1,0,0,0,0,2,0,7,100,2,1945,1945,5,0,40,1,0,1,0,0
1365789,4,2024,2024,1,2,7,3,31,253,34609,0,1,7,-33.970513,151.104886,25,0,2,1,0,0,0,0,2,0,0,50,0,2852,2852,4,0,27,2,0,1,0,0
1365790,2,2024,2024,1,0,8,13,1,55,34609,0,1,1,-33.85304,151.280703,81,0,2,0,2,0,3,0,0,0,7,50,0,1850,1463,5,16,40,1,0,0,1,0
1365791,2,2024,2024,1,1,9,1,31,45,34609,0,1,1,-34.283009,150.57352,79,2,2,0,2,0,0,0,0,0,7,50,0,2585,4009,1,10,5,2,0,0,1,0
1365792,4,2024,2024,1,3,11,44,27,202,563,0,1,9,-33.95124,151.038469,15,0,2,1,3,0,2,6,0,0,0,70,2,2852,2852,4,5,0,2,0,1,0,0
1365793,2,2024,2024,6,6,5,14,18,145,34609,0,1,0,-33.926709,151.124444,15,0,2,1,0,0,0,0,2,0,7,50,0,220,220,1,5,12,2,0,0,1,0
1365794,2,2024,2024,1,2,9,22,31,19,34609,0,1,9,-36.361923,148.826623,65,2,1,1,2,0,0,0,0,0,7,50,0,4026,4026,8,5,40,1,0,0,1,0
1365796,2,2024,2024,11,3,11,1,27,92,34609,0,1,1,-33.406615,151.370284,16,2,2,0,2,0,0,0,0,0,7,50,0,1957,4009,1,5,5,2,0,0,1,0
1365798,4,2024,2024,6,1,11,20,1,113,10,0,1,10,-29.479408,149.838834,51,2,1,1,2,0,0,0,0,0,0,50,1,1945,1945,5,16,40,2,0,1,1,0
1365799,4,2024,2024,1,0,4,334,17,6,308,0,1,1,-31.665496,148.188441,51,1,0,1,0,0,0,0,2,0,7,110,2,4026,4026,8,0,40,1,0,1,0,0
1365800,4,2024,2024,1,0,8,229,14,278,237,0,1,3,-33.762769,151.033987,54,0,2,1,0,0,0,0,3,0,7,100,2,1383,1383,1,9,19,3,0,1,0,0
1365801,2,2024,2024,1,0,4,21,1,123,25,0,1,7,-33.909825,151.220993,59,0,2,1,1,0,0,0,2,0,0,50,1,5929,5929,1,22,5,2,0,0,1,0
1365802,4,2024,2024,11,4,5,118,27,646,34609,1,0,1,-33.919708,151.031592,15,0,2,1,1,0,0,0,2,0,7,40,0,387,387,1,15,0,2,0,1,0,0
1365803,2,2024,2024,11,5,5,9,27,40,79,0,1,2,-33.810783,151.210301,77,0,2,1,1,0,0,0,2,0,7,50,2,238,238,9,0,28,2,0,0,1,0
1365804,2,2024,2024,1,2,9,283,27,91,702,0,1,9,-33.95659,151.086829,25,0,2,1,2,0,0,0,0,0,7,60,2,775,775,4,5,5,2,0,0,1,1
1365806,4,2024,2024,11,0,9,55,27,126,38,0,1,10,-33.950519,150.808824,41,0,2,1,2,0,0,0,0,2,7,80,2,6545,6545,4,0,0,2,0,1,3,1
1365807,4,2024,2024,11,6,6,79,27,290,159,0,1,9,-33.947191,151.126623,4,0,2,1,1,0,0,0,2,0,0,60,2,2040,2040,9,10,28,2,0,1,0,0
1365808,4,2024,2024,11,4,7,222,27,115,165,0,1,9,-33.961221,151.06591,25,0,2,1,1,0,0,0,2,2,7,50,1,5929,5929,1,0,5,2,0,1,0,1
1365809,2,2024,2024,1,4,8,35,27,155,231,0,1,1,-33.49328,151.327641,16,2,2,1,0,0,0,0,2,0,7,60,2,14295,14295,3,5,5,2,0,0,1,0
1365813,4,2024,2024,1,3,9,114,27,24,228,0,1,1,-33.538291,150.921794,71,0,2,1,0,0,0,0,0,0,7,80,2,945,945,5,16,40,1,0,1,0,0
1365814,1,2024,2024,1,0,6,168,17,32,212,0,1,1,-35.33905,149.302872,58,1,0,0,0,0,0,0,2,0,7,100,2,3775,3775,0,0,0,2,0,0,0,1
1365817,1,2024,2024,1,2,8,56,23,31,144,0,1,9,-33.893161,151.090575,9,0,2,1,1,0,0,0,2,0,7,60,2,926,926,4,5,5,3,0,0,0,1
1365818,1,2024,2024,1,0,5,111,27,80,233,0,1,9,-33.933464,151.230307,4,0,2,1,2,0,0,0,2,0,15,60,2,5929,5929,1,0,5,2,0,0,0,1
1365819,4,2024,2024,1,0,6,205,27,161,415,0,1,2,-33.727765,151.164961,36,0,2,1,1,0,0,0,2,0,7,60,2,1220,1220,9,0,28,2,0,1,0,0
1365820,2,2024,2024,1,0,4,2209,17,3,2205,0,1,10,-36.659841,149.821949,5,1,0,1,0,0,0,0,2,0,0,100,2,2852,2852,4,5,0,2,0,0,2,0
1365821,1,2024,2024,11,4,6,107,22,77,34609,0,1,1,-33.863093,150.938744,24,0,2,1,0,0,0,0,2,0,7,40,0,57,57,1,10,5,2,0,0,0,1
1365822,2,2024,2024,11,1,8,916,17,13,917,0,1,10,-32.556607,151.167633,64,2,1,1,0,0,0,0,2,2,7,60,2,6545,6545,4,5,0,4,0,0,3,0
1365824,1,2024,2024,11,4,8,485,27,52,769,0,1,9,-33.700128,150.92862,7,0,2,1,1,0,0,0,0,2,9,80,2,2040,2040,9,0,28,2,0,0,0,1
1365825,2,2024,2024,11,3,9,500,27,129,799,0,1,9,-33.926181,151.084262,15,0,2,1,1,0,0,0,2,0,0,60,2,1220,1220,9,0,28,2,0,0,1,0
1365826,4,2024,2024,11,3,8,153,27,290,147,0,1,9,-33.949604,151.119937,4,0,2,1,2,0,0,0,3,0,7,60,2,926,926,4,10,19,2,0,1,0,0
1365828,2,2024,2024,1,2,5,19,31,130,321,0,1,1,-33.87352,151.195889,69,0,2,1,1,0,0,0,2,0,7,50,2,14295,14295,3,16,0,2,0,0,1,0
1365829,2,2024,2024,11,2,6,18,10,121,34609,0,1,7,-28.210078,153.523768,72,2,1,0,0,0,0,0,2,0,0,60,0,4552,5151,8,5,40,1,0,0,1,0
1365830,2,2024,2024,11,4,0,117,27,73,702,0,1,9,-33.83523,151.088108,14,0,2,0,2,0,0,0,0,2,7,70,2,395,395,1,5,13,2,0,0,1,0
1365831,2,2024,2024,11,0,4,56,10,433,41,1,0,1,-33.28139,149.08473,52,2,1,1,0,0,0,0,2,0,7,50,1,1981,1981,4,0,20,2,0,0,1,0
1365832,4,2024,2024,1,2,5,8,27,5,34609,0,1,1,-33.047797,149.626157,3,1,0,1,0,0,0,0,2,0,7,100,0,1089,1089,7,16,40,1,0,1,0,0
1365833,4,2024,2024,11,4,7,125,27,108,123,0,1,10,-33.308989,151.418518,16,2,2,1,1,0,0,0,2,2,7,70,2,6545,6545,4,30,0,2,0,1,0,0