Crash ID,Degree of crash - detailed,Reporting year,Year of crash,Month of crash,Day of week of crash,Two-hour intervals,Street of crash,Street type,Town,Route no.,School zone location,School zone active,Type of location,Latitude,Longitude,LGA,Urbanisation,Conurbation 1,Alignment,Street lighting,Road surface,Surface condition,Weather,Natural lighting,Signals operation,Other traffic control,Speed limit,Road classification,RUM - code,DCA - code,First impact type,Key TU type,Other TU type,No. of traffic units involved,No. killed,No. seriously injured,No. moderately injured,No. minor-other injured
1365834,4,2024,2024,11,2,5,17,31,136,32,0,1,9,-33.918984,151.073399,15,0,2,1,0,0,0,0,2,0,9,50,1,2040,2040,9,5,28,2,0,1,0,0
1365835,4,2024,2024,11,6,4,21,31,252,59,0,1,0,-33.884727,151.211571,69,0,2,1,0,0,0,0,2,0,7,40,1,941,941,1,5,27,2,0,1,0,0
1365837,4,2024,2024,11,4,6,361,31,155,51,0,1,1,-33.488659,151.32029,16,2,2,1,0,0,0,0,2,0,7,60,1,1383,1383,1,22,13,2,0,1,0,0
1365838,4,2024,2024,11,1,1,27,27,102,28,0,1,9,-33.946478,151.189039,4,0,2,1,2,0,0,0,0,2,7,80,2,14295,14295,3,16,19,2,0,2,0,0
1365839,4,2024,2024,1,6,8,4,31,83,37,0,1,1,-33.917053,151.118825,15,0,2,1,1,0,0,0,2,0,9,50,1,591,591,1,22,5,2,0,1,0,0
1365840,4,2024,2024,11,5,7,12,27,18,42,0,1,10,-33.534998,150.758858,29,2,2,0,0,0,0,0,2,0,0,60,1,6545,6545,4,0,36,2,0,1,0,0
1365841,4,2024,2024,11,1,3,3,27,103,34609,0,1,1,-34.281431,148.343184,30,1,0,0,0,2,0,0,2,0,7,100,0,1850,1463,5,16,40,2,0,1,0,0
1365842,2,2024,2024,1,4,2,512,17,28,441,0,1,9,-33.089031,148.862828,11,2,1,0,2,0,0,0,1,0,7,60,2,2585,4009,8,5,40,1,0,0,1,0
1365844,4,2024,2024,11,0,6,2126,17,75,2149,0,1,2,-33.725395,150.385269,8,2,2,0,1,0,0,0,2,0,7,80,2,14295,14295,3,5,5,3,0,1,0,0
1365845,4,2024,2024,11,4,9,1,10,24,34609,0,1,1,-33.436876,150.061305,40,2,1,0,0,0,3,4,0,0,7,70,0,2585,4009,8,0,40,1,0,1,0,0
1365846,4,2024,2024,11,0,8,475,31,174,41,0,1,10,-33.893242,151.207298,69,0,2,1,1,0,0,0,3,2,7,50,1,1282,1282,1,5,5,2,0,1,0,0
1365847,4,2024,2024,1,5,9,6,31,314,7,0,1,9,-33.855286,150.917224,24,0,2,1,2,0,0,0,0,2,7,60,1,5929,5929,1,0,5,2,0,1,1,0
1365848,1,2024,2024,11,0,9,2126,17,609,2149,0,1,9,-33.800536,150.903675,7,0,2,1,2,0,0,0,0,2,7,80,2,1669,1669,3,0,5,2,0,0,0,1
1365849,4,2024,2024,11,1,3,24,31,169,382,0,1,10,-33.600674,150.750954,29,2,2,1,1,0,0,0,2,2,9,60,2,1220,1220,9,0,28,2,0,1,0,0
1365850,2,2024,2024,11,5,9,15,27,147,29,0,1,9,-33.744122,151.293752,50,0,2,1,2,0,0,0,3,0,15,50,1,4026,4026,8,5,40,1,0,0,1,0
1365851,2,2024,2024,11,6,9,79,31,149,18,0,1,1,-33.863611,151.170267,32,0,2,1,2,0,3,4,3,0,7,40,1,1109,397,1,5,18,2,0,0,1,0
1365852,4,2024,2024,1,3,4,79,31,56,34609,0,1,9,-33.858111,151.188705,32,0,2,1,1,0,0,0,2,0,7,40,0,5929,5929,1,5,27,2,0,1,0,0
1365854,4,2024,2024,11,6,6,20,31,387,13,0,1,10,-33.923861,151.183899,4,0,2,1,1,0,0,0,2,2,7,50,2,623,623,3,9,0,2,0,1,0,0
1365855,1,2024,2024,11,6,7,133,17,9,121,0,1,1,-36.826956,149.284679,65,1,0,0,0,0,3,4,2,0,7,100,2,1259,5151,8,21,40,1,0,0,0,1
1365856,1,2024,2024,1,3,9,1,27,5,34609,0,1,1,-28.453453,152.147454,51,2,1,0,0,0,0,0,0,0,7,80,0,418,714,5,5,40,1,0,0,0,3
1365857,2,2024,2024,11,5,8,348,27,23,15,0,1,10,-33.67333,150.676052,55,0,2,1,1,0,0,0,2,0,15,80,1,14295,14295,3,16,0,2,0,0,1,0
1365858,4,2024,2024,11,6,5,55,10,112,47,0,1,7,-33.437523,151.411482,16,2,2,1,0,0,0,3,2,0,0,70,2,14295,14295,3,5,0,2,0,1,1,0
1365860,2,2024,2024,10,5,7,79,31,562,34609,1,0,10,-32.249648,148.605864,22,2,1,1,1,0,0,0,2,1,7,50,0,6545,6545,4,0,0,2,0,0,2,0
1365861,2,2024,2024,11,5,9,1,1,8,34609,0,1,1,-34.850481,150.738742,63,2,1,1,0,0,0,0,0,0,7,50,0,186,186,9,22,28,3,0,0,1,1
1365862,1,2024,2024,11,3,6,77,12,43,331,0,1,1,-34.154376,150.66536,79,2,2,0,0,0,0,0,2,0,7,80,1,3775,3775,0,5,5,2,0,0,0,2
1365863,2,2024,2024,11,3,6,348,17,12,232,0,1,1,-33.023562,149.881779,44,1,0,0,0,0,0,0,2,0,7,100,2,4552,5151,8,5,40,1,0,0,1,0
1365864,2,2024,2024,11,0,9,1104,11,130,770,0,1,2,-33.869745,151.188155,69,0,2,1,2,0,3,3,0,0,7,60,2,1383,1383,1,16,13,2,0,0,1,0
1365865,2,2024,2024,1,6,10,39,31,169,99,0,1,10,-33.900262,151.206164,69,0,2,0,2,0,0,0,0,2,7,50,2,5929,5929,1,0,0,2,0,0,1,0
1365866,1,2024,2024,10,6,6,78,13,121,8,0,1,9,-33.798712,151.28344,50,0,2,1,0,0,0,0,2,0,7,30,1,941,941,1,5,18,2,0,0,0,1
1365867,2,2024,2024,11,1,10,168,17,19,212,0,1,1,-35.546522,149.956084,23,2,1,0,0,0,0,0,0,0,7,70,2,1957,4009,8,0,40,1,0,0,1,0
1365868,4,2024,2024,10,5,1,26,27,92,25,0,1,1,-33.982948,150.840647,13,0,2,0,2,0,0,0,0,0,7,70,1,2585,4009,8,5,40,1,0,1,1,0
1365870,2,2024,2024,11,6,2,8,1,86,34609,0,1,7,-33.734858,151.213547,50,0,2,0,2,0,0,0,0,0,0,50,0,6545,6545,4,5,5,2,0,0,2,0
1365872,4,2024,2024,11,4,9,39,31,169,99,0,1,10,-33.900262,151.206164,69,0,2,1,2,0,3,4,3,2,7,50,2,1220,1220,9,10,28,2,0,1,0,0
1365874,4,2024,2024,11,6,6,35,10,11,148,0,1,1,-34.175,151.026364,80,0,2,0,0,0,0,0,2,0,7,60,2,2585,4009,8,5,40,1,0,1,0,0
1365875,1,2024,2024,11,4,5,59,10,89,34609,0,1,0,-33.897759,151.227787,59,0,2,0,0,0,0,0,2,0,7,30,0,1282,1282,1,5,27,2,0,0,0,1
1365876,2,2024,2024,11,4,11,51,27,44,63,0,1,9,-34.560129,150.842792,62,0,2,1,2,0,3,4,0,2,7,70,2,5929,5929,1,0,5,3,0,0,1,0
1365878,4,2024,2024,10,4,8,5,27,316,34609,0,1,10,-31.449794,152.885003,56,2,1,1,0,0,0,0,2,0,0,50,0,6545,6545,4,0,13,2,0,1,1,0
1365879,2,2024,2024,10,2,5,35,27,30,34609,0,1,1,-28.328427,153.471002,72,2,1,0,1,0,0,0,2,0,7,80,0,4552,5151,8,16,40,1,0,0,1,0
1365880,4,2024,2024,10,5,5,63,31,252,34609,0,1,10,-33.88882,151.213335,69,0,2,1,1,0,0,0,2,2,7,40,0,14295,14295,3,9,18,2,0,1,0,0
1365881,4,2024,2024,11,4,10,3371,17,85,3342,0,1,2,-33.736504,151.133164,36,0,2,1,2,0,3,4,0,0,7,60,2,404,404,8,5,40,1,0,1,0,0
1365882,2,2024,2024,10,6,4,10,27,41,34609,0,1,1,-34.098405,150.818045,13,0,2,1,1,0,0,3,2,0,7,60,0,9859,9859,1,5,5,2,0,0,1,0
1365883,1,2024,2024,1,0,7,6,31,84,23,0,1,1,-33.893377,151.261052,76,0,2,1,1,0,0,0,2,0,7,50,1,387,387,1,15,13,2,0,0,0,1
1365884,4,2024,2024,11,2,7,31,31,237,44,0,1,9,-33.874896,150.95404,24,0,2,1,1,0,0,0,2,1,7,60,1,6545,6545,4,16,25,2,0,1,0,0
1365885,2,2024,2024,10,6,6,2209,17,14,2205,0,1,1,-36.934986,149.870475,5,2,1,1,0,0,0,0,2,0,7,80,2,9859,9859,8,5,40,1,0,0,1,0
1365886,2,2024,2024,11,5,3,24,1,304,52,0,1,7,-33.92201,151.156482,32,0,2,0,0,0,0,0,2,0,0,50,1,6545,6545,4,5,5,2,0,0,1,0
1365887,4,2024,2024,10,2,5,46,27,23,34609,1,0,1,-32.873722,151.644912,48,0,2,0,1,0,0,0,2,0,7,60,0,4552,5151,8,34,40,1,0,1,0,0
1365888,4,2024,2024,11,1,11,68,27,110,67,1,0,1,-33.769452,151.026672,54,0,2,0,2,0,0,0,0,0,7,60,1,1957,4009,8,16,40,1,0,1,0,0
1365889,4,2024,2024,11,0,9,1,27,21,34609,1,0,1,-33.702465,151.285094,50,0,2,0,0,0,0,3,0,0,7,50,0,1259,5151,8,16,40,1,0,1,0,0
1365891,2,2024,2024,10,6,5,9,31,363,34609,1,0,7,-33.755304,150.705259,55,0,2,1,1,0,0,3,2,0,0,50,0,9859,9859,8,5,40,1,0,0,1,0
1365893,4,2024,2024,10,2,10,14,31,77,34609,0,1,9,-33.887355,151.197477,69,0,2,1,2,0,0,0,0,0,7,40,0,63,63,4,22,27,2,0,1,0,0
1365894,1,2024,2024,10,4,7,19,27,182,174,0,1,1,-32.824231,151.352488,17,2,1,1,0,0,0,0,2,0,0,60,2,1981,1981,4,30,19,2,0,0,0,1
1365896,4,2024,2024,10,0,4,2261,17,70,2252,0,1,2,-34.606696,150.228387,78,1,0,1,1,0,0,0,2,0,7,110,2,9859,9859,8,3,40,1,0,1,0,0
1365897,2,2024,2024,10,3,7,20,27,17,34609,0,1,1,-31.869159,152.632098,43,1,0,1,0,0,0,0,2,0,7,90,0,1945,1945,5,16,40,1,0,0,1,0
1365899,4,2024,2024,10,1,3,5,18,38,6,0,1,1,-32.800272,151.458675,17,2,1,1,1,0,0,0,2,0,7,80,1,4026,4026,8,10,40,1,0,1,0,0
1365900,2,2024,2024,10,3,6,5,27,234,34609,0,1,1,-34.308395,146.019632,28,1,0,1,0,0,0,0,2,0,7,100,0,3775,3775,0,10,10,2,0,0,1,0
1365901,4,2024,2024,10,3,1,2,27,70,34609,0,1,1,-33.257353,151.495766,16,2,2,1,2,0,3,4,0,0,7,50,0,4026,4026,8,5,40,1,0,1,0,0
1365902,2,2024,2024,10,1,8,481,17,29,483,0,1,1,-31.133907,149.378589,51,1,0,0,0,0,0,0,2,0,7,110,2,782,957,5,9,40,1,0,0,1,0
1365903,2,2024,2024,10,2,11,23,10,19,174,0,1,1,-32.918345,151.478792,17,1,0,1,1,0,3,4,0,0,7,90,2,1981,1981,4,0,19,2,0,0,1,0
1365904,4,2024,2024,10,1,5,2,27,10,34609,0,1,1,-31.513771,148.93059,51,1,0,0,0,2,0,0,2,0,7,100,0,273,957,5,0,40,1,0,1,0,2
1365906,2,2024,2024,11,3,7,3371,17,147,3342,0,1,9,-33.737999,151.13481,36,0,2,1,1,0,0,0,2,0,7,60,2,368,368,9,5,28,3,0,0,1,0
1365907,4,2024,2024,10,4,8,17,31,42,10,0,1,7,-33.82206,151.19899,77,0,2,1,0,0,0,0,3,0,0,50,1,6545,6545,4,33,27,2,0,1,0,0
1365908,1,2024,2024,10,1,11,2,27,234,34609,0,1,9,-34.280945,146.030894,28,2,1,1,2,0,0,0,0,0,0,50,0,2585,777,8,5,40,1,0,0,0,1
1365909,2,2024,2024,11,4,8,10,10,74,34609,0,1,1,-34.047829,150.755504,12,0,2,1,1,0,0,0,2,0,7,50,0,591,591,1,22,0,2,0,0,1,0
1365910,2,2024,2024,10,2,0,2261,17,32,2252,0,1,3,-34.286591,150.634071,79,1,2,0,0,0,0,0,0,0,7,110,2,1957,4009,8,21,40,1,0,0,1,0
1365911,4,2024,2024,10,0,5,3,31,370,34609,0,1,9,-34.064553,150.816191,13,0,2,1,1,0,0,0,2,0,15,50,0,2040,2040,9,21,28,2,0,1,0,0
1365912,1,2024,2024,10,2,11,103,27,176,167,0,1,9,-33.971561,151.136338,4,0,2,1,2,0,0,0,0,2,7,60,2,3775,3775,0,0,5,5,0,0,0,1
1365913,2,2024,2024,10,0,8,178,27,189,101,0,1,9,-33.93917,151.054695,15,0,2,1,1,0,0,0,2,2,7,50,1,489,489,8,10,40,1,0,0,1,0
1365914,2,2024,2024,10,0,6,6,31,234,34609,0,1,1,-34.288531,146.039597,28,2,1,1,0,0,0,0,2,0,7,50,0,368,368,9,9,26,2,0,0,1,0
1365915,4,2024,2024,10,1,5,51,31,293,34609,0,1,9,-33.939952,151.260775,59,0,2,1,0,0,0,0,2,0,7,50,0,1945,1945,5,16,40,1,0,1,0,0
1365917,2,2024,2024,10,1,7,4,31,5,169,0,1,7,-32.824368,151.486429,17,2,1,1,1,0,0,0,2,0,0,60,2,14295,14295,3,5,13,2,0,0,1,0
1365919,4,2024,2024,10,2,2,43,27,10,118,0,1,1,-30.954364,150.866091,70,1,0,0,0,0,3,4,0,0,7,100,2,1259,5151,8,5,40,1,0,1,0,1
1365920,2,2024,2024,10,4,4,28,27,94,34609,0,1,1,-33.775959,150.79367,55,0,2,1,0,0,0,0,2,0,7,50,0,2040,2040,9,0,28,2,0,0,1,0
1365922,2,2024,2024,10,1,7,133,17,9,121,0,1,1,-36.826864,149.284679,65,1,0,0,0,0,0,0,2,0,7,100,2,1957,4009,8,16,40,1,0,0,1,0
1365923,4,2024,2024,1,0,8,65,31,23,34609,0,1,9,-34.390149,150.881623,80,0,2,1,0,0,0,0,2,0,0,50,0,5929,5929,1,0,5,2,0,1,0,0
1365925,2,2024,2024,10,4,11,294,17,56,288,0,1,7,-35.120709,147.381676,75,2,1,1,2,0,0,0,0,0,0,60,2,1259,985,8,5,40,1,0,0,1,0
1365926,4,2024,2024,10,5,9,1,10,19,34609,0,1,9,-28.584961,153.497778,10,2,1,1,0,0,0,0,3,0,0,80,0,5929,5929,1,0,5,2,0,1,1,1
1365927,4,2024,2024,1,3,10,344,27,42,163,0,1,9,-33.74017,150.862502,7,0,2,1,2,0,0,0,0,2,7,70,2,5929,5929,1,5,5,2,0,1,0,3
1365930,4,2024,2024,10,0,2,478,17,22,480,0,1,1,-33.327047,151.504563,16,2,2,0,2,0,3,4,0,0,7,70,2,2585,4009,8,30,40,1,0,1,1,0
1365931,4,2024,2024,11,2,11,48,10,59,58,0,1,9,-32.887033,151.731986,48,0,2,1,2,0,0,0,0,2,7,80,2,5929,5929,1,30,25,2,0,1,0,0
1365932,2,2024,2024,11,2,11,2,27,1,34609,0,1,1,-35.993292,150.131534,23,2,1,0,0,0,0,0,0,0,7,80,0,4552,5151,8,16,40,1,0,0,1,0
1365933,4,2024,2024,10,6,7,128,27,363,133,0,1,10,-33.756982,150.686097,55,0,2,1,1,0,0,0,2,2,7,60,2,6545,6545,4,0,5,2,0,1,1,0
1365934,4,2024,2024,11,0,3,67,10,26,34,0,1,1,-34.392455,150.486855,78,2,1,1,0,0,0,0,2,0,7,80,1,9859,9859,8,0,40,1,0,1,0,0
1365937,1,2024,2024,1,6,5,24,31,70,24,0,1,9,-33.43527,151.351475,16,2,2,1,1,0,0,0,2,0,15,60,1,14295,14295,3,0,0,2,0,0,0,1
1365939,4,2024,2024,11,4,3,2,6,91,34609,0,1,1,-32.803923,151.627774,48,0,2,1,1,0,0,3,2,0,7,50,0,340,340,9,8,28,2,0,1,0,0
1365940,2,2024,2024,10,5,5,2209,17,41,2205,0,1,9,-33.905174,151.180701,69,0,2,1,0,0,0,0,2,0,7,40,2,14295,14295,3,0,5,2,0,0,1,0
1365941,2,2024,2024,10,0,5,2126,17,33,2149,0,1,10,-33.481152,150.136809,40,2,1,1,1,0,0,0,2,2,7,50,2,395,395,1,5,10,2,0,0,1,0
1365942,4,2024,2024,10,1,7,168,10,387,260,0,1,2,-33.945956,151.174834,4,0,2,1,2,0,0,0,2,0,7,70,2,312,312,2,16,40,1,0,1,0,0
1365944,1,2024,2024,11,4,8,163,27,41,165,0,1,9,-33.729018,150.8199,7,0,2,1,1,0,0,0,2,0,0,60,1,1669,1669,3,0,0,2,0,0,0,1
1365945,1,2024,2024,10,0,0,133,17,14,121,0,1,1,-35.645993,149.163589,65,1,0,1,0,0,0,0,0,0,7,100,2,1089,1089,7,5,40,1,0,0,0,2
1365946,2,2024,2024,11,1,9,2261,17,68,2252,0,1,2,-34.768145,148.751483,82,1,0,1,0,0,0,0,0,0,7,110,2,9859,9859,8,5,40,1,0,0,1,0
1365947,4,2024,2024,11,2,4,67,27,108,68,0,1,1,-33.802657,151.193102,77,0,2,0,1,0,0,0,2,0,7,50,1,4552,5151,8,5,40,1,0,1,0,0
1365949,4,2024,2024,11,0,10,16,27,37,16,0,1,2,-33.839129,150.746286,55,0,2,1,1,0,0,0,0,0,0,60,1,3775,3775,0,5,13,2,0,1,0,0
1365950,1,2024,2024,1,2,4,133,17,55,121,0,1,7,-36.232781,149.130642,65,2,1,1,1,0,0,0,2,0,0,50,2,6545,6545,4,0,19,2,0,0,0,1
1365951,4,2024,2024,11,4,8,229,14,19,237,0,1,3,-33.764173,151.092712,31,0,2,0,0,0,0,0,2,0,7,100,2,1192,1192,1,16,0,2,0,1,0,0
1365952,2,2024,2024,11,0,1,12,10,26,34609,0,1,2,-34.017788,151.07992,68,0,2,0,2,0,3,4,0,0,7,50,0,1957,4009,8,0,40,1,0,0,1,0
1365953,2,2024,2024,10,0,10,308,14,95,311,0,1,3,-33.738675,150.847839,7,0,2,1,2,0,3,4,0,0,7,100,2,9859,9859,8,30,40,1,0,0,1,0
1365954,4,2024,2024,10,0,0,196,10,32,168,0,1,2,-33.927416,150.979793,15,0,2,1,2,0,0,0,0,0,7,60,2,14295,14295,3,5,0,3,0,1,1,0
1365957,2,2024,2024,11,3,8,1104,14,247,962,0,1,3,-33.815871,150.962247,21,0,2,1,2,0,3,0,3,0,7,90,2,4026,4026,8,5,40,1,0,0,1,0
1365958,4,2024,2024,10,0,7,23,10,15,47,0,1,2,-32.897245,151.698345,48,0,2,0,1,0,0,0,2,0,7,60,2,1850,1463,5,16,40,1,0,1,0,0
1365959,4,2024,2024,10,0,9,478,17,10,480,0,1,10,-33.435842,151.344697,16,2,2,1,2,0,0,0,3,0,0,60,2,1220,1220,9,5,28,2,0,1,1,0
1365960,2,2024,2024,10,1,6,193,1,64,34609,1,0,1,-32.942394,151.699763,48,0,2,1,1,0,0,0,2,0,14,60,0,3775,3775,0,0,13,2,0,0,1,0
1365961,2,2024,2024,11,2,3,57,36,112,25,0,1,9,-33.613862,150.817347,29,2,2,0,0,0,0,1,1,0,7,60,2,5929,5929,1,5,0,2,0,0,1,2
1365965,2,2024,2024,11,0,7,1,7,24,34609,0,1,1,-33.728776,150.831293,7,0,2,0,1,0,0,0,2,0,7,50,0,3775,3775,0,30,5,2,0,0,1,0
1365966,4,2024,2024,10,1,0,2261,17,26,2252,0,1,3,-34.429491,150.46413,78,1,0,0,0,0,0,0,0,0,7,110,2,1957,4009,8,0,40,1,0,1,0,0
1365967,2,2024,2024,10,6,6,481,17,562,483,0,1,9,-32.256129,148.587171,22,2,1,0,1,0,3,4,2,0,0,60,2,2852,2852,4,5,12,2,0,0,1,0
1365968,2,2024,2024,0,6,6,47,31,117,84,0,1,10,-28.175763,153.541665,72,2,1,1,1,0,0,0,2,2,7,60,1,186,186,1,5,5,2,0,0,1,0
1365969,2,2024,2024,10,4,1,67,27,56,62,0,1,10,-33.803359,151.198228,77,0,2,1,0,0,0,0,0,2,7,50,2,775,775,4,0,0,2,0,0,1,0
1365970,1,2024,2024,10,6,10,39,31,193,145,1,0,10,-33.793497,151.077677,61,0,2,1,2,0,0,0,0,2,7,60,2,14295,14295,3,5,25,2,0,0,0,1
1365971,2,2024,2024,10,0,8,3371,17,463,3342,0,1,2,-30.278546,153.132687,19,2,1,1,1,0,0,0,2,0,7,60,2,14295,14295,3,5,13,2,0,0,1,0
1365973,2,2024,2024,11,5,8,19,31,39,34609,1,0,1,-32.903761,151.581313,37,0,2,1,0,0,0,0,2,0,7,50,0,9859,9859,1,5,5,2,0,0,1,0
1365974,4,2024,2024,10,4,10,115,27,55,114,0,1,9,-33.862824,151.27838,76,0,2,1,2,0,0,0,0,0,0,50,2,2852,2852,4,5,18,2,0,1,0,0
1365976,4,2024,2024,10,5,3,21,27,18,26,0,1,10,-34.055642,150.810304,13,0,2,1,1,0,0,0,2,2,7,60,1,6545,6545,4,0,0,2,0,1,0,1
1365977,4,2024,2024,10,5,10,4,27,3,34609,0,1,1,-29.801626,151.247671,33,1,0,1,0,0,0,0,3,0,7,100,0,4026,4026,8,10,40,1,0,1,0,0
1365978,2,2024,2024,10,6,6,28,1,126,34609,0,1,10,-33.932247,150.805824,41,0,2,1,0,0,0,0,2,0,15,60,0,6545,6545,4,5,13,2,0,0,2,0
1365979,1,2024,2024,10,4,7,68,31,34,34609,0,1,2,-33.858556,151.205041,69,0,2,1,1,0,0,0,2,0,7,40,0,312,312,2,5,40,5,0,0,0,1
1365980,4,2024,2024,10,5,2,16,27,1,3,0,1,1,-31.629638,152.673228,56,2,1,0,0,0,0,0,0,0,7,80,1,2585,4009,8,5,40,1,0,1,0,0
1365981,4,2024,2024,1,3,9,39,31,460,34609,0,1,1,-33.848764,151.001574,21,0,2,1,0,0,0,0,0,0,7,50,0,1220,1220,9,5,28,2,0,1,0,0
1365982,2,2024,2024,10,4,4,103,36,4,157,0,1,1,-29.65027,152.927473,18,2,1,0,1,0,0,0,2,0,7,80,2,1109,787,1,5,5,2,0,0,1,0
1365983,4,2024,2024,10,5,11,77,27,11,58,0,1,1,-34.785382,150.557755,63,2,1,0,0,0,0,0,0,0,7,60,2,1957,4009,8,5,40,1,0,1,0,0
1365984,4,2024,2024,10,0,11,4,31,93,34609,0,1,9,-33.413862,149.611868,3,2,1,1,2,0,0,3,0,0,7,50,0,312,312,2,0,40,1,0,1,0,0
1365985,4,2024,2024,10,0,10,171,27,85,369,0,1,10,-33.793893,150.698996,55,0,2,1,2,0,0,0,0,2,7,70,2,14295,14295,3,10,0,3,0,1,2,0
1365986,1,2024,2024,10,4,4,145,27,115,80,0,1,10,-33.8798,151.18698,69,0,2,1,1,0,0,0,2,2,7,40,2,14295,14295,3,0,5,2,0,0,0,1
1365987,4,2024,2024,10,2,4,37,31,127,34609,0,1,1,-33.893437,151.157417,32,0,2,1,1,0,0,0,2,0,7,50,0,312,312,2,34,40,5,0,1,0,0
1365988,2,2024,2024,10,1,8,229,14,98,237,0,1,3,-33.758293,151.053237,54,0,2,1,1,0,0,0,3,0,7,100,2,4026,4026,8,16,40,1,0,0,1,0
1365989,2,2024,2024,10,4,5,2126,17,33,2149,0,1,2,-33.718526,150.432939,8,2,2,1,0,0,0,0,2,0,7,70,2,14295,14295,3,0,19,2,0,0,1,0
1365990,4,2024,2024,11,6,8,1,1,104,34609,0,1,9,-33.730787,150.926458,7,0,2,0,1,0,0,0,2,0,7,50,0,368,368,9,5,26,2,0,1,0,0
1365991,1,2024,2024,10,2,8,82,27,134,181,0,1,10,-33.892879,151.256313,76,0,2,1,1,0,0,0,2,0,0,50,2,6545,6545,4,30,5,2,0,0,0,1
1365992,2,2024,2024,10,4,7,20,22,121,49,0,1,1,-33.786241,151.287566,50,0,2,1,1,0,0,0,2,0,7,30,1,144,144,1,5,27,2,0,0,1,0
1365993,1,2024,2024,10,0,2,348,17,3,232,0,1,1,-30.555464,148.22636,51,2,1,1,0,0,3,4,0,0,14,40,2,9859,9859,8,29,40,1,0,0,0,1
1365994,2,2024,2024,10,1,7,133,10,40,121,0,1,1,-31.519262,152.881772,56,1,0,0,0,0,0,0,2,0,7,100,1,1259,5151,8,9,40,1,0,0,1,0
1365995,4,2024,2024,10,4,6,26,31,194,34609,0,1,10,-30.508604,151.655371,1,2,1,1,1,0,0,0,2,0,0,50,0,775,775,4,5,12,2,0,1,1,0
1365996,4,2024,2024,10,5,7,478,17,35,480,0,1,9,-33.259135,151.560965,16,2,2,1,0,0,0,0,2,0,7,60,2,1669,1669,3,21,0,3,0,2,1,1
1365997,4,2024,2024,10,2,5,475,10,42,268,0,1,9,-33.913621,150.906627,41,0,2,1,1,0,0,0,2,0,0,70,2,926,926,4,0,5,3,0,2,0,0
1365998,1,2024,2024,11,5,1,3371,17,4,3342,0,1,1,-33.508519,151.191155,16,2,2,0,0,0,0,0,0,0,7,60,2,1259,5151,8,0,40,1,0,0,0,1
1365999,1,2024,2024,6,5,3,234,27,323,217,0,1,9,-33.752618,150.994155,71,0,2,1,0,0,0,6,2,0,7,60,2,14295,14295,3,9,0,2,0,0,0,1
1366000,2,2024,2024,11,4,5,126,1,226,144,0,1,9,-33.773833,150.815628,7,0,2,1,0,0,0,0,2,1,7,60,2,775,775,4,0,13,2,0,0,2,0
1366001,4,2024,2024,11,3,5,2261,17,70,2252,0,1,2,-34.579223,150.252727,78,1,0,1,0,0,0,0,2,0,7,110,2,9859,9859,8,0,40,1,0,1,0,0
1366002,2,2024,2024,11,4,11,19,27,35,105,0,1,1,-33.887533,150.903708,24,0,2,1,0,0,0,0,0,0,7,60,1,9859,9859,1,5,5,2,0,0,1,0
1366003,2,2024,2024,10,0,5,171,27,60,369,0,1,10,-34.032171,150.729737,12,0,2,1,1,0,3,3,2,2,7,60,2,1259,985,8,5,40,3,0,0,1,0
1366004,4,2024,2024,10,0,9,2126,17,445,2149,0,1,10,-33.85484,151.061436,21,0,2,1,2,0,3,4,3,2,7,60,2,5929,5929,1,5,0,2,0,1,0,0
1366005,2,2024,2024,10,1,9,5,10,58,34609,0,1,1,-33.43962,151.293509,16,2,2,1,2,0,0,0,0,0,7,50,0,3775,3775,0,10,5,2,0,0,1,0
1366008,2,2024,2024,10,4,6,1052,14,149,928,0,1,3,-33.344181,151.369521,16,1,2,1,0,0,0,0,2,0,7,110,2,4026,4026,8,30,40,2,0,0,1,0
1366009,4,2024,2024,10,4,3,34,27,225,69,0,1,9,-33.796588,151.169992,77,0,2,1,0,0,0,0,1,0,7,50,2,84,84,8,22,40,1,0,1,0,0
1366011,2,2024,2024,10,2,1,2126,17,9,2149,0,1,2,-33.4293,149.723157,3,1,0,1,0,0,2,6,0,0,7,100,2,14295,14295,3,10,0,2,0,0,1,0
1366012,2,2024,2024,11,4,8,42,31,44,34609,0,1,10,-33.747573,150.720695,55,0,2,1,0,0,0,0,2,0,15,50,0,1109,787,1,5,13,2,0,0,1,0
1366013,1,2024,2024,10,2,2,13,31,44,34609,0,1,1,-30.726598,152.915388,47,2,1,0,0,0,0,0,0,0,7,50,0,782,957,5,0,40,1,0,0,0,1
1366014,4,2024,2024,10,0,8,12,31,131,34609,0,1,9,-36.073685,146.90431,0,2,1,1,0,0,3,4,2,0,15,60,0,3775,3775,0,10,13,2,0,1,0,0
1366016,4,2024,2024,6,6,4,12,10,16,34609,0,1,1,-33.181073,151.594319,16,2,2,1,0,0,0,0,2,0,7,80,0,3775,3775,0,10,13,2,0,1,1,0
1366018,4,2024,2024,10,3,10,76,31,25,34609,0,1,10,-33.740071,148.843559,51,2,1,0,0,0,0,0,0,0,7,50,0,4552,5151,8,10,40,1,0,2,0,0
1366019,4,2024,2024,11,0,4,177,31,65,34609,0,1,2,-33.856795,150.900074,24,0,2,1,2,0,0,0,2,2,7,60,0,14295,14295,3,0,0,2,0,2,0,0