Crash ID,Degree of crash - detailed,Reporting year,Year of crash,Month of crash,Day of week of crash,Two-hour intervals,Street of crash,Street type,Town,Route no.,School zone location,School zone active,Type of location,Latitude,Longitude,LGA,Urbanisation,Conurbation 1,Alignment,Street lighting,Road surface,Surface condition,Weather,Natural lighting,Signals operation,Other traffic control,Speed limit,Road classification,RUM - code,DCA - code,First impact type,Key TU type,Other TU type,No. of traffic units involved,No. killed,No. seriously injured,No. moderately injured,No. minor-other injured
1366020,2,2024,2024,10,1,4,2126,17,125,2149,0,1,2,-33.86115,151.075821,67,0,2,1,1,0,0,0,2,0,7,60,2,14295,14295,3,16,36,2,0,0,1,0
1366021,4,2024,2024,10,5,8,1,31,35,34609,0,1,10,-33.965549,151.237509,59,0,2,0,2,0,0,0,2,0,7,50,0,144,144,1,5,5,2,0,1,0,0
1366022,2,2024,2024,1,3,6,43,27,136,76,0,1,9,-32.922232,151.715208,48,0,2,1,1,0,0,0,2,2,7,60,1,5929,5929,1,5,0,2,0,0,1,0
1366023,4,2024,2024,10,2,8,75,10,137,165,0,1,3,-33.912233,151.212781,69,0,2,1,1,0,0,0,2,0,7,80,2,14295,14295,3,5,5,3,0,1,1,0
1366024,1,2024,2024,10,3,9,2,27,6,34609,0,1,1,-33.537552,150.258571,8,2,2,0,1,0,0,0,2,0,7,60,0,1850,1463,5,16,40,1,0,0,0,1
1366025,2,2024,2024,10,6,9,23,27,16,49,0,1,9,-29.860103,151.115894,33,1,0,1,0,0,0,0,2,0,0,100,1,380,777,5,5,40,1,0,0,1,0
1366026,2,2024,2024,10,6,4,2,27,18,34609,0,1,1,-31.020287,152.789161,34,1,0,1,1,0,3,4,2,0,7,100,0,9859,9859,8,0,40,1,0,0,1,1
1366027,4,2024,2024,5,0,3,14,27,143,44,0,1,9,-33.713231,151.098673,31,0,2,1,0,0,0,0,2,0,15,60,1,5929,5929,1,22,0,2,0,1,0,0
1366028,4,2024,2024,10,6,10,6,10,75,34609,1,0,1,-32.781493,151.639607,42,2,1,0,2,0,0,0,0,0,7,50,0,1282,1282,1,16,13,2,0,1,1,0
1366029,1,2024,2024,11,2,11,3,27,28,72,0,1,1,-28.683891,153.52247,10,2,1,1,0,0,0,0,0,0,7,50,2,9859,9859,1,0,5,2,0,0,0,1
1366031,4,2024,2024,11,6,2,346,17,44,332,0,1,1,-28.815241,153.403652,2,2,1,0,0,0,0,0,0,0,7,80,2,1089,1089,7,9,40,1,0,1,0,0
1366032,2,2024,2024,10,1,0,2,10,74,34609,0,1,1,-34.065847,150.764803,12,0,2,0,2,0,0,0,0,0,7,50,0,1957,4009,1,0,36,2,0,0,1,0
1366033,2,2024,2024,10,5,10,75,10,63,165,0,1,2,-33.931077,151.212819,4,0,2,1,2,0,0,0,0,0,7,80,2,4026,4026,8,5,40,1,0,0,1,0
1366035,4,2024,2024,10,6,0,478,17,128,480,0,1,2,-33.427164,151.329355,16,2,2,1,2,0,0,0,0,0,7,70,2,9859,9859,8,16,40,1,0,1,0,0
1366036,4,2024,2024,10,2,2,916,17,165,917,0,1,2,-32.326456,150.945082,46,1,0,1,0,0,0,0,1,0,7,100,2,4026,4026,8,16,40,1,0,1,0,0
1366037,4,2024,2024,10,6,4,153,27,7,34609,0,1,1,-31.444351,152.74695,56,1,0,0,0,0,3,4,2,0,7,100,0,2585,4009,8,0,40,1,0,1,0,0
1366040,1,2024,2024,5,1,7,294,17,5,288,0,1,1,-34.695055,146.374448,51,1,0,0,0,0,0,0,2,0,7,100,2,1957,4009,8,5,40,1,0,0,0,2
1366041,2,2024,2024,10,2,3,3371,17,39,3342,0,1,2,-29.764779,153.039623,18,1,0,1,0,0,0,0,2,0,7,110,2,9859,9859,8,10,40,1,0,0,1,0
1366042,1,2024,2024,1,6,8,4,27,12,34609,0,1,1,-34.190165,147.55837,51,1,0,1,1,0,0,0,2,0,7,100,0,4026,4026,8,10,40,1,0,0,0,1
1366043,4,2024,2024,11,6,0,4,1,173,34609,0,1,1,-33.724678,151.10985,36,0,2,1,2,0,0,0,0,0,7,50,0,9859,9859,1,22,4,2,0,1,0,0
1366044,1,2024,2024,5,2,11,65,31,609,115,0,1,10,-33.766842,150.905348,7,0,2,1,2,0,0,0,0,2,7,60,2,63,63,4,5,5,2,0,0,0,1
1366046,2,2024,2024,10,5,3,2209,17,11,2205,0,1,9,-34.82366,150.604577,63,1,0,0,1,0,3,4,2,0,7,100,2,4552,5151,8,9,40,1,0,0,1,0
1366047,1,2024,2024,11,0,4,829,1,337,35,0,1,7,-33.728487,150.978504,71,0,2,1,1,0,0,0,2,0,0,50,1,1192,1192,1,10,18,2,0,0,0,1
1366048,2,2024,2024,11,5,5,2209,17,35,2205,0,1,1,-35.455196,150.373872,63,1,0,1,0,0,0,0,2,0,7,100,2,3775,3775,0,5,12,2,0,0,1,0
1366050,4,2024,2024,10,6,9,49,22,41,96,0,1,10,-32.961334,151.620219,37,0,2,1,1,0,0,3,3,0,0,60,2,1669,1669,3,9,13,2,0,1,1,0
1366051,4,2024,2024,10,5,4,12,27,56,34609,0,1,10,-32.679125,151.260964,64,2,1,1,0,0,0,0,2,0,0,80,0,6545,6545,4,10,19,2,0,1,0,0
1366052,4,2024,2024,10,1,10,171,27,64,369,0,1,9,-33.704523,150.724146,55,0,2,1,0,0,0,0,0,0,0,80,2,4026,4026,8,5,40,1,0,1,0,0
1366053,2,2024,2024,11,4,5,3,27,13,34609,0,1,1,-34.535816,149.381804,74,1,0,0,0,0,3,4,2,0,7,100,0,404,404,8,5,40,1,0,0,1,0
1366055,4,2024,2024,10,3,6,8,31,463,34609,1,0,1,-30.281634,153.112967,19,2,1,1,1,0,0,0,2,0,9,50,0,14295,14295,3,5,5,3,0,1,0,1
1366056,4,2024,2024,8,0,11,31,10,78,23,0,1,1,-33.430821,151.445241,16,2,2,1,2,0,0,0,0,0,7,50,1,9859,9859,1,5,5,4,0,1,0,0
1366057,2,2024,2024,10,3,5,204,31,228,34609,0,1,10,-34.762434,149.708704,26,2,1,1,0,0,0,0,2,0,0,50,0,6545,6545,4,5,0,2,0,0,1,1
1366059,2,2024,2024,10,2,3,161,17,8,161,0,1,9,-35.308458,148.057628,66,2,1,0,0,0,3,4,2,0,0,50,2,2585,777,8,0,40,1,0,0,1,0
1366060,4,2024,2024,10,6,4,1052,14,53,928,0,1,3,-33.687732,151.121147,31,0,2,1,1,0,0,3,2,0,7,110,2,1192,1192,1,30,0,2,0,1,0,0
1366061,2,2024,2024,10,3,8,1104,14,139,962,0,1,3,-33.875947,151.143266,32,0,2,0,2,0,0,0,2,0,7,90,2,1957,4009,8,5,40,1,0,0,1,0
1366063,4,2024,2024,10,5,11,2,27,31,34609,0,1,1,-31.016779,148.357681,51,1,0,0,0,0,0,0,0,0,7,100,0,1957,4009,8,10,40,1,0,1,0,0
1366064,4,2024,2024,10,3,7,1,27,1,34609,0,1,1,-34.318339,150.462266,78,1,0,0,0,2,0,0,2,0,7,100,0,1850,1463,5,16,40,1,0,1,0,0
1366067,4,2024,2024,11,0,6,10,27,10,143,0,1,1,-34.073383,149.342296,74,2,1,0,0,0,0,0,2,0,7,80,2,1259,5151,8,0,40,1,0,1,0,0
1366069,2,2024,2024,10,0,3,89,31,532,34609,0,1,0,-33.866885,151.205057,69,0,2,1,0,0,0,0,1,0,7,40,0,1282,1282,1,9,19,2,0,0,1,0
1366070,2,2024,2024,10,0,6,11,31,41,34609,0,1,0,-33.904712,151.183425,69,0,2,1,0,0,0,0,2,0,7,50,0,3775,3775,0,22,27,2,0,0,1,0
1366071,4,2024,2024,11,0,10,478,17,78,480,0,1,2,-33.41529,151.450102,16,2,2,1,2,0,3,4,0,0,7,60,2,3775,3775,0,0,36,2,0,1,0,0
1366072,4,2024,2024,10,3,5,79,27,188,159,1,0,1,-33.928899,151.109176,15,0,2,1,1,0,0,0,2,0,7,60,2,190,190,1,0,5,5,0,1,0,1
1366074,1,2024,2024,10,3,2,2261,17,112,2252,0,1,2,-33.914267,150.926413,41,0,2,1,1,0,0,0,1,0,7,70,2,9859,9859,8,5,40,1,0,0,0,1
1366076,2,2024,2024,10,4,10,220,27,92,222,0,1,9,-33.758268,150.955369,71,0,2,1,2,0,0,0,0,2,7,80,2,14295,14295,3,10,0,3,0,0,1,0
1366077,4,2024,2024,1,2,3,15,27,64,34609,0,1,1,-34.385385,150.913231,80,0,2,1,2,0,0,0,0,0,7,50,0,2040,2040,9,10,28,2,0,1,0,0
1366078,4,2024,2024,10,0,10,74,23,100,260,0,1,2,-33.962312,151.155724,4,0,2,1,2,0,0,0,0,0,9,60,2,1383,1383,1,16,5,2,0,1,0,0
1366081,2,2024,2024,10,6,11,3,27,31,34609,0,1,1,-31.08411,150.87873,70,2,1,1,0,0,3,3,0,0,7,80,0,1089,1089,7,30,40,1,0,0,1,0
1366082,4,2024,2024,10,2,8,3371,17,18,3342,0,1,2,-30.911392,152.914141,34,1,0,0,0,0,0,0,2,0,7,110,2,4552,5151,8,0,40,1,0,1,0,0
1366083,1,2024,2024,11,1,9,7,27,197,22,0,1,9,-33.800037,151.118324,61,0,2,1,1,0,0,0,2,0,15,60,1,14295,14295,3,5,5,2,0,0,0,1
1366084,2,2024,2024,10,1,4,1,1,278,34609,0,1,9,-33.76824,151.05748,54,0,2,1,1,0,0,0,2,0,7,50,0,2040,2040,9,0,28,2,0,0,1,0
1366085,4,2024,2024,10,2,7,41,27,14,24,0,1,9,-33.957819,151.223697,4,0,2,1,0,0,0,0,2,2,7,60,2,2852,2852,4,0,0,2,0,1,2,1
1366086,2,2024,2024,10,0,3,4,10,201,34609,0,1,10,-34.891189,150.596498,63,2,1,0,1,0,3,4,2,0,0,50,0,6545,6545,4,0,35,2,0,0,1,0
1366087,1,2024,2024,10,4,1,7,31,107,34609,0,1,1,-29.68857,152.933197,18,2,1,1,0,0,0,0,0,0,9,40,0,9859,9859,8,0,40,1,0,0,0,1
1366088,2,2024,2024,10,1,5,7,18,90,34609,0,1,10,-33.889505,151.236958,81,0,2,1,0,0,0,0,2,0,0,50,0,2852,2852,4,0,18,2,0,0,1,0
1366092,1,2024,2024,10,0,8,72,27,121,102,0,1,1,-33.796384,151.28204,50,0,2,1,2,0,0,0,3,0,7,60,2,941,941,1,0,18,2,0,0,0,1
1366093,2,2024,2024,11,6,10,3,31,78,69,0,1,9,-33.862938,151.093651,14,0,2,1,2,0,3,4,0,2,7,60,2,14295,14295,3,5,5,2,0,0,1,1
1366094,4,2024,2024,11,6,4,1104,14,39,962,0,1,3,-33.782882,150.746131,55,0,2,1,0,0,0,0,2,0,7,110,2,1945,1945,5,10,40,2,0,1,0,0
1366097,4,2024,2024,11,5,7,1,27,39,34609,0,1,9,-33.757071,150.925113,7,0,2,1,1,0,0,0,2,0,7,50,0,591,591,1,17,36,2,0,1,1,0
1366098,1,2024,2024,10,1,7,40,31,363,34609,0,1,7,-33.756331,150.695049,55,0,2,1,1,0,0,0,2,0,0,50,0,6545,6545,4,0,5,2,0,0,0,1
1366100,4,2024,2024,10,6,7,1104,11,130,321,0,1,2,-33.874868,151.196878,69,0,2,0,1,0,0,0,2,0,7,60,2,1850,1463,5,16,40,1,0,1,0,0
1366102,4,2024,2023,1,4,8,2209,17,176,2205,1,0,2,-33.965316,151.136929,25,0,2,1,1,0,0,0,3,0,7,60,2,14295,14295,3,16,40,2,0,1,0,0
1366103,2,2024,2024,6,4,5,3371,17,77,3342,0,1,9,-33.031013,151.660913,37,0,2,1,0,0,0,0,2,0,7,60,2,14295,14295,3,5,0,2,0,0,1,0
1366104,4,2024,2024,11,0,5,143,31,173,181,0,1,9,-33.88054,151.216923,69,0,2,1,1,0,3,1,2,2,9,40,2,591,591,1,22,5,2,0,1,0,0
1366106,1,2024,2024,10,1,7,31,27,79,33,0,1,1,-33.589142,150.696308,29,2,2,1,0,0,0,0,2,0,7,70,1,57,57,1,10,18,2,0,0,0,1
1366107,1,2024,2024,10,1,9,4,31,132,34609,1,0,10,-29.774193,151.122398,33,2,1,1,0,0,0,0,2,0,0,50,0,1192,1192,1,10,27,2,0,0,0,1
1366108,4,2024,2024,10,0,8,3,27,16,34609,0,1,1,-34.674387,150.143489,78,2,1,0,1,0,3,4,3,0,7,80,0,1957,4009,8,10,40,1,0,1,0,0
1366110,2,2024,2024,10,4,7,78,31,57,34609,1,0,10,-32.817666,151.485915,17,2,1,1,2,0,0,0,2,0,7,50,0,1282,1282,1,5,13,2,0,0,1,0
1366113,2,2024,2024,10,3,4,2209,17,70,2205,0,1,7,-34.842664,150.594147,63,2,1,1,1,0,0,0,2,0,0,70,2,2852,2852,4,10,5,2,0,0,1,0
1366115,1,2024,2024,11,1,7,829,27,165,770,0,1,2,-33.849197,151.153206,14,0,2,1,0,0,0,0,2,0,7,60,2,14295,14295,3,5,19,2,0,0,0,2
1366118,2,2024,2024,10,0,7,29,31,31,34609,0,1,1,-31.089569,150.882136,70,2,1,1,1,0,0,3,2,0,7,50,0,9859,9859,8,5,40,1,0,0,1,0
1366119,4,2024,2024,11,3,8,101,10,239,35,0,1,10,-34.032163,151.122035,68,0,2,1,0,0,0,0,2,0,2,60,2,515,515,1,5,5,2,0,2,2,0
1366120,4,2024,2024,10,3,6,1052,14,149,928,0,1,3,-33.356221,151.352585,16,1,2,0,0,0,0,0,2,0,7,110,2,4552,5151,8,0,40,1,0,2,0,0
1366121,1,2024,2024,10,6,9,133,23,463,34609,0,1,1,-30.285659,153.1388,19,2,1,1,2,0,0,0,0,0,7,50,0,9859,9859,1,5,0,3,0,0,0,1
1366123,2,2024,2024,10,4,5,2126,17,33,2149,0,1,10,-33.791475,150.866954,7,0,2,1,1,0,0,0,2,2,7,80,2,1383,1383,1,5,35,2,0,0,1,0
1366124,2,2024,2024,10,4,8,14,31,36,34609,0,1,10,-34.058327,150.72094,12,0,2,1,1,0,0,0,2,0,0,50,0,6545,6545,4,10,5,2,0,0,1,1
1366125,4,2024,2024,10,1,9,14,27,609,34609,0,1,1,-33.770399,150.896321,7,0,2,1,1,0,0,0,2,0,7,50,0,1981,1981,4,5,5,2,0,1,0,1
1366126,4,2024,2024,10,0,10,3,27,74,34609,0,1,1,-34.434527,150.848305,80,0,2,1,2,0,3,4,0,0,7,50,0,9859,9859,8,5,40,1,0,2,0,0
1366127,2,2024,2024,10,5,4,344,27,168,382,0,1,2,-33.703387,150.836443,7,0,2,1,1,0,0,3,2,0,7,80,2,14295,14295,3,5,0,3,0,0,1,0
1366130,2,2024,2024,11,5,3,1,1,67,34609,0,1,9,-34.421211,150.861474,80,0,2,1,1,0,0,0,2,0,7,50,0,775,775,4,10,27,2,0,0,1,0
1366131,4,2024,2024,11,4,5,2,27,147,34609,0,1,1,-33.745805,151.126457,36,0,2,1,0,0,3,4,2,0,7,50,0,9859,9859,8,5,40,1,0,1,0,0
1366132,4,2024,2024,10,1,8,4,36,44,34609,0,1,9,-33.20726,151.499046,16,2,2,1,0,0,0,0,2,0,0,50,0,5929,5929,1,5,19,2,0,1,1,0
1366134,2,2024,2024,6,4,11,31,31,103,34609,0,1,9,-28.827769,153.324419,39,2,1,0,3,0,2,6,0,0,7,50,0,2585,777,8,16,40,1,0,0,1,0
1366135,4,2024,2024,10,6,8,8,31,48,62,0,1,9,-36.674112,149.842041,5,2,1,1,1,0,0,0,2,2,9,50,1,2040,2040,9,0,28,2,0,1,0,0
1366136,4,2024,2024,5,2,8,23,27,37,47,0,1,1,-34.669031,150.721037,35,2,1,0,0,0,0,0,3,0,7,60,1,4552,5151,8,16,40,1,0,1,1,0
1366137,1,2024,2024,10,6,8,280,10,314,240,0,1,10,-33.854056,150.941905,24,0,2,1,1,0,0,0,2,0,0,60,2,2852,2852,4,0,18,2,0,0,0,1
1366138,4,2024,2024,10,4,8,10,27,10,34609,0,1,1,-28.360631,153.385533,72,1,0,0,0,0,0,0,2,0,7,100,0,782,957,5,16,40,1,0,1,0,0
1366139,1,2024,2024,10,2,7,1,27,15,34609,0,1,1,-33.781246,151.28417,50,0,2,1,1,0,0,0,2,0,7,50,0,1981,1981,4,10,5,2,0,0,0,1
1366140,4,2024,2024,10,1,7,50,31,182,34609,0,1,9,-32.844185,151.341227,17,2,1,1,0,0,0,0,2,0,7,50,0,4026,4026,8,16,40,1,0,1,0,0
1366141,2,2024,2024,11,3,3,82,27,5,34,0,1,1,-28.60789,153.019365,51,2,1,0,0,0,0,0,2,0,7,80,1,1192,1192,1,0,27,2,0,0,1,0
1366143,1,2024,2024,3,1,8,3,27,1,34609,0,1,1,-34.509619,149.3252,74,1,0,1,0,0,0,0,2,0,7,100,0,9859,9859,8,10,40,1,0,0,0,1
1366187,2,2024,2024,0,5,6,5,27,4,34609,0,1,1,-31.743511,152.464427,43,1,0,1,0,0,0,0,2,0,7,100,0,4026,4026,8,0,40,1,0,0,1,0
1366191,4,2024,2024,7,0,4,5,27,57,34609,0,1,7,-34.558685,150.824265,62,0,2,1,1,0,0,0,2,0,0,50,0,926,926,4,5,5,2,0,1,0,0
1366202,2,2024,2024,5,4,5,11,31,31,34609,0,1,1,-31.119688,150.910703,70,2,1,1,1,0,0,0,2,0,7,50,0,9859,9859,1,10,13,2,0,0,1,0
1366203,1,2024,2024,6,4,8,829,27,165,770,0,1,10,-33.855003,151.158211,14,0,2,1,2,0,0,0,0,2,7,60,2,14295,14295,3,5,12,2,0,0,0,1
1366208,4,2024,2024,2,5,11,916,17,165,917,0,1,1,-32.365924,150.96392,46,1,0,1,0,0,0,0,0,0,7,100,2,3775,3775,0,5,0,2,0,1,0,0
1366213,4,2024,2024,5,6,4,23,27,53,66,0,1,1,-31.860891,152.393117,43,1,0,0,0,0,0,3,2,0,7,90,1,3775,3775,0,5,10,2,0,1,1,0
1366264,4,2024,2024,11,6,6,3371,17,104,3342,0,1,2,-32.827557,151.684007,48,0,2,1,0,0,0,0,2,0,7,60,2,1192,1192,1,16,0,3,0,1,0,0
1366270,4,2024,2024,11,2,8,8,27,20,34609,0,1,1,-29.180998,152.239065,51,1,0,0,0,2,0,0,2,0,7,100,0,380,714,5,16,40,1,0,1,0,0
1366275,1,2024,2024,11,0,9,229,14,36,237,0,1,3,-33.759291,151.06678,31,0,2,0,2,0,0,0,0,0,7,100,2,404,404,8,0,40,1,0,0,0,1
1366305,2,2024,2024,7,3,11,916,17,12,917,0,1,2,-32.653429,151.274243,64,1,0,1,0,0,0,0,0,0,7,100,2,1220,1220,9,10,28,2,0,0,1,1
1366423,2,2024,2024,10,4,4,10,10,121,34609,0,1,1,-28.203502,153.542999,72,2,1,1,1,0,0,0,2,0,7,50,0,1981,1981,4,9,12,2,0,0,1,0
1366424,4,2024,2024,9,0,1,118,17,29,118,0,1,1,-30.744429,150.075309,51,1,0,1,0,0,0,0,0,0,7,100,2,945,945,5,10,40,1,0,1,0,0
1366425,4,2024,2024,9,0,5,1,10,3,34609,0,1,1,-35.250627,150.515715,63,2,1,1,0,0,0,0,2,0,7,80,0,9859,9859,8,0,40,1,0,1,0,0
1366429,2,2024,2024,10,5,4,75,10,63,165,0,1,3,-33.9317,151.212238,4,0,2,1,0,0,3,3,2,0,7,80,2,1383,1383,1,19,13,2,0,0,1,0
1366431,4,2024,2024,2,6,2,28,31,96,19,0,1,1,-33.38154,148.009882,51,2,1,1,2,0,0,0,0,0,7,50,1,14295,14295,3,34,19,2,0,1,0,0
1366432,4,2024,2024,2,0,9,2261,17,75,2252,0,1,1,-33.886465,151.110802,9,0,2,1,1,0,0,0,3,0,7,60,2,1282,1282,1,5,19,2,0,1,0,0
1366434,4,2024,2024,10,0,4,37,27,58,34609,0,1,1,-33.206968,151.431768,16,1,2,0,0,0,3,4,2,0,7,90,0,1957,4009,8,5,40,1,0,1,0,0
1366436,4,2024,2024,2,5,8,234,27,7,217,0,1,1,-33.639677,151.022298,31,0,2,1,0,0,0,0,2,0,7,80,2,340,340,9,0,28,2,0,1,0,0
1366437,4,2024,2024,9,3,11,4,27,12,34609,0,1,1,-33.548218,149.794294,51,1,0,0,0,0,0,0,0,0,7,100,0,4552,5151,8,10,40,1,0,1,0,0
1366440,2,2024,2024,10,0,7,25,31,127,30,0,1,10,-33.894046,151.157422,32,0,2,1,1,0,0,0,2,2,7,60,1,6545,6545,4,0,5,2,0,0,1,0
1366441,4,2024,2024,2,1,5,57,27,16,126,0,1,1,-32.748748,151.73612,57,2,1,1,0,0,0,0,2,0,7,80,2,14295,14295,3,9,5,3,0,1,1,0
1366443,2,2024,2024,9,0,10,1,10,463,34609,0,1,1,-30.322255,153.096739,19,2,1,1,2,0,0,0,0,0,7,60,0,4026,4026,8,5,40,1,0,0,1,0
1366444,4,2024,2024,2,2,4,18,31,166,34609,0,1,1,-33.418479,149.582682,3,2,1,1,1,0,0,0,2,0,7,50,0,5929,5929,1,0,27,2,0,1,1,0
1366445,1,2024,2024,10,0,10,39,27,284,563,0,1,2,-33.897982,151.037392,15,0,2,1,2,0,0,0,0,0,7,70,2,1945,1945,5,16,40,2,0,0,0,1
1366447,2,2024,2024,9,6,6,2126,17,346,2149,0,1,9,-33.867014,151.095223,14,0,2,1,2,0,3,0,2,2,9,60,2,1282,1282,1,5,5,2,0,0,2,0
1366449,4,2024,2024,9,1,3,5,27,445,59,0,1,1,-33.884846,151.041674,21,0,2,0,1,0,0,0,2,0,7,60,1,4552,5151,8,0,40,1,0,1,0,0
1366450,4,2024,2024,2,3,9,74,23,49,260,0,1,2,-33.974582,151.150677,4,0,2,1,0,0,0,0,3,0,7,60,2,9859,9859,8,10,40,1,0,1,0,0
1366451,4,2024,2024,9,2,5,5,23,28,34609,0,1,1,-34.552206,150.836507,62,0,2,0,0,0,0,0,2,0,7,50,0,1850,1463,5,16,40,1,0,1,0,0
1366452,2,2024,2024,2,5,7,2261,17,74,2252,0,1,3,-34.061915,150.785229,13,0,2,1,1,0,0,0,2,0,7,110,2,1282,1282,1,8,5,2,0,0,1,0
1366453,4,2024,2024,10,5,8,2,1,10,34609,0,1,10,-32.667007,152.174911,43,2,1,1,1,0,0,0,2,0,0,50,0,6545,6545,4,5,13,2,0,1,0,0
1366456,2,2024,2024,9,1,10,13,27,151,34609,0,1,9,-34.029667,150.848895,13,0,2,0,2,0,0,0,0,0,0,50,0,2852,2852,4,30,0,2,0,0,1,0
1366458,2,2024,2024,9,6,8,4,27,70,34609,0,1,10,-33.981036,151.104792,25,0,2,1,1,0,0,0,2,0,0,50,0,6545,6545,4,5,0,2,0,0,1,0
1366459,2,2024,2024,6,2,5,8,31,68,78,0,1,10,-33.703699,149.854231,51,2,1,1,1,0,0,0,2,0,0,50,2,926,926,4,5,13,2,0,0,1,0
1366460,2,2024,2024,2,3,11,2261,17,284,2252,0,1,9,-33.907275,151.023962,15,0,2,1,2,0,3,0,0,2,7,60,2,14295,14295,3,5,36,2,0,0,1,0
1366461,2,2024,2024,10,4,7,2,36,98,34609,0,1,7,-33.01072,151.594857,37,0,2,1,0,0,0,0,2,0,0,50,0,1945,1945,5,22,40,1,0,0,1,0
1366462,2,2024,2024,9,5,8,23,10,136,101,0,1,2,-32.935389,151.712238,48,0,2,1,2,0,0,0,2,0,7,50,2,14295,14295,3,0,0,2,0,0,1,0
1366464,1,2024,2024,2,1,10,19,27,562,17,0,1,9,-32.132494,148.777127,22,1,0,1,0,0,0,0,0,0,7,100,1,489,489,5,0,40,1,0,0,0,1
1366467,4,2024,2024,11,3,5,3371,17,67,3342,0,1,10,-33.3936,151.350031,16,2,2,0,1,0,3,3,2,0,7,60,2,1669,1669,3,5,5,2,0,2,0,0
1366468,2,2024,2024,2,4,9,1,31,174,34609,0,1,1,-33.890708,151.197801,69,0,2,1,1,0,0,0,2,0,7,40,0,340,340,9,22,28,2,0,0,1,0
1366469,4,2024,2024,9,5,7,35,27,62,96,0,1,9,-33.898167,151.134963,32,0,2,1,0,0,0,0,2,0,15,50,2,1669,1669,3,16,0,2,0,1,0,0
1366470,2,2024,2024,9,1,7,3371,17,38,3342,0,1,10,-30.264971,153.130066,19,2,1,1,2,0,3,4,2,0,2,60,2,623,623,3,10,5,2,0,0,1,0
1366472,4,2024,2024,10,1,7,481,17,17,483,0,1,1,-33.703065,147.518564,51,1,0,1,0,0,0,0,2,0,7,110,2,9859,9859,8,29,40,1,0,1,0,0
1366475,4,2024,2024,1,1,6,3371,17,41,3342,0,1,2,-32.801491,151.715271,57,2,1,1,1,0,3,3,2,0,7,80,2,5929,5929,1,0,5,2,0,1,0,2
1366479,2,2024,2024,1,2,10,8,27,70,34609,0,1,1,-33.980405,151.107999,25,0,2,1,2,0,3,0,0,0,7,50,0,1981,1981,4,5,36,2,0,0,1,0
1366480,4,2024,2024,1,4,8,79,27,188,159,0,1,9,-33.936082,151.111781,15,0,2,0,2,0,0,0,2,2,7,60,2,4552,5151,8,10,40,1,0,1,0,0
1366481,4,2024,2024,10,0,7,12,27,4,11,0,1,1,-32.766025,152.113826,57,2,1,1,0,0,0,0,2,0,7,70,0,323,323,1,16,0,2,0,1,0,0
1366482,1,2024,2024,9,6,3,6,27,89,13,0,1,9,-33.661356,150.791694,55,0,2,1,1,0,0,0,2,0,7,80,1,14295,14295,3,33,5,2,0,0,0,1
1366483,4,2024,2024,2,6,6,177,31,314,208,0,1,7,-33.860452,150.9279,24,0,2,1,0,0,0,0,2,0,0,60,1,6545,6545,4,10,5,3,0,1,0,1
1366484,4,2024,2024,2,2,3,125,31,438,563,0,1,10,-33.85134,151.037067,21,0,2,1,1,0,0,0,2,2,7,70,2,5929,5929,1,5,40,2,0,1,0,0
1366485,4,2024,2024,2,4,5,500,27,129,799,0,1,9,-33.931021,151.064862,15,0,2,1,1,0,0,0,2,0,7,60,2,1220,1220,9,0,28,2,0,1,1,0
1366486,2,2024,2024,10,1,6,118,17,26,118,0,1,9,-31.489156,150.633575,51,1,0,1,0,0,0,0,2,0,0,100,2,1669,1669,3,9,12,2,0,0,1,0
1366487,2,2024,2024,9,5,9,7,27,70,34609,0,1,9,-32.910536,151.725322,48,0,2,1,1,0,0,0,3,0,7,50,0,4552,985,8,0,40,1,0,0,1,0
1366488,2,2024,2024,10,6,10,35,31,147,34609,0,1,10,-33.870702,150.98977,15,0,2,1,2,0,0,0,0,0,0,50,0,6545,6545,4,0,0,2,0,0,1,1
1366489,4,2024,2024,9,0,4,11,31,129,34609,0,1,10,-33.895249,151.091323,9,0,2,1,0,0,0,0,2,0,15,50,0,6545,6545,4,5,27,2,0,1,0,0
1366490,4,2024,2024,2,4,6,4,31,25,34609,0,1,9,-33.011051,151.720277,37,0,2,1,1,0,0,0,2,0,7,50,0,256,256,4,22,5,2,0,1,0,0
1366491,1,2024,2024,10,2,6,97,17,34,88,0,1,2,-34.811804,149.606166,26,1,0,1,0,0,0,3,2,0,7,110,2,14295,14295,3,8,25,2,0,0,0,1
1366492,2,2024,2024,11,1,8,95,31,293,34609,0,1,9,-33.925791,151.055627,15,0,2,0,1,0,0,0,2,2,9,50,0,2040,2040,9,5,28,2,0,0,1,0
1366493,4,2024,2024,10,4,5,109,27,44,169,0,1,1,-32.811614,151.426024,17,2,1,0,1,0,0,0,2,0,7,60,2,1669,1669,3,5,13,2,0,1,0,0
1366494,4,2024,2024,9,2,4,2,27,33,34609,0,1,1,-33.971958,151.035781,15,0,2,1,2,0,0,0,2,0,7,50,0,9859,9859,1,5,0,4,0,1,0,0
1366495,4,2024,2024,2,3,5,39,31,246,99,0,1,10,-33.901753,151.200142,69,0,2,1,1,0,0,0,2,2,6,50,2,5929,5929,1,15,5,2,0,1,0,0
1366496,4,2024,2024,10,6,8,1,1,134,34609,0,1,10,-33.517464,151.312695,16,2,2,1,1,0,0,0,2,0,0,50,0,6545,6545,4,30,19,2,0,1,0,0