Crash ID,Degree of crash - detailed,Reporting year,Year of crash,Month of crash,Day of week of crash,Two-hour intervals,Street of crash,Street type,Town,Route no.,School zone location,School zone active,Type of location,Latitude,Longitude,LGA,Urbanisation,Conurbation 1,Alignment,Street lighting,Road surface,Surface condition,Weather,Natural lighting,Signals operation,Other traffic control,Speed limit,Road classification,RUM - code,DCA - code,First impact type,Key TU type,Other TU type,No. of traffic units involved,No. killed,No. seriously injured,No. moderately injured,No. minor-other injured
1366497,4,2024,2024,9,0,7,2126,17,136,2149,0,1,10,-33.859913,151.072892,67,0,2,1,0,0,3,0,2,2,7,60,2,2040,2040,9,0,28,2,0,1,0,0
1366501,4,2024,2024,10,0,10,193,31,16,34609,0,1,1,-29.114342,153.431007,60,2,1,1,2,0,0,0,0,0,7,50,0,1220,1220,9,30,28,2,0,1,0,0
1366502,4,2024,2024,2,3,4,84,27,252,34609,0,1,1,-33.941956,150.865258,41,0,2,1,1,0,0,0,2,0,7,60,0,14295,14295,3,16,0,2,0,1,0,0
1366503,2,2024,2024,9,0,8,48,10,41,52,0,1,9,-30.341663,153.093294,19,2,1,1,0,0,0,0,2,0,0,80,1,2852,2852,4,5,0,2,0,0,1,1
1366504,4,2024,2024,9,2,5,27,27,102,28,0,1,9,-33.946507,151.188919,4,0,2,1,1,0,0,0,2,2,7,80,2,14295,14295,3,8,0,4,0,1,0,0
1366506,2,2024,2024,10,2,8,3371,17,67,3342,0,1,1,-33.392206,151.352636,16,2,2,0,1,0,0,0,2,0,7,60,2,3775,3775,0,5,13,2,0,0,1,0
1366507,2,2024,2024,9,3,6,34,27,5,31,0,1,1,-35.886843,149.592188,58,1,0,1,0,2,0,0,2,0,7,100,1,1089,1089,7,16,40,1,0,0,1,0
1366511,2,2024,2024,10,6,9,37,31,198,34609,0,1,9,-33.906091,151.103145,15,0,2,1,2,0,0,0,0,2,15,50,0,2852,2852,4,5,27,2,0,0,1,0
1366512,1,2024,2024,9,5,4,1104,14,323,962,0,1,3,-33.80204,150.885331,7,0,2,1,2,0,0,0,2,0,7,100,2,14295,14295,3,5,0,3,0,0,0,1
1366515,4,2024,2024,10,5,9,2261,17,243,2252,0,1,2,-33.956862,150.890139,41,0,2,1,0,0,0,0,2,0,7,70,2,1192,1192,1,0,5,3,0,1,1,0
1366516,1,2024,2024,9,0,8,32,31,111,91,0,1,2,-33.920515,151.256931,59,0,2,1,0,0,0,0,2,0,7,40,1,186,186,9,19,28,2,0,0,0,1
1366517,4,2024,2024,11,1,9,149,23,53,34609,1,0,9,-30.639919,152.984432,47,2,1,1,2,0,0,0,0,0,7,50,0,489,489,8,5,40,1,0,1,0,0
1366518,4,2024,2024,10,4,8,8,31,194,34609,0,1,0,-30.512969,151.664664,1,2,1,1,0,0,0,0,2,0,7,50,0,368,368,9,5,28,2,0,1,0,0
1366519,4,2024,2024,9,1,4,5,27,78,34609,0,1,10,-33.906694,150.775979,41,0,2,1,0,0,0,0,2,0,0,80,0,6545,6545,4,0,36,2,0,2,0,0
1366521,2,2024,2024,9,3,11,2126,17,19,2149,0,1,2,-33.45219,150.116867,40,1,0,1,0,0,0,0,0,0,7,100,2,3775,3775,0,0,0,2,0,0,1,0
1366522,4,2024,2024,9,6,3,2126,17,27,2149,0,1,10,-33.720885,150.451566,8,2,2,1,1,0,0,0,2,2,7,70,2,14295,14295,3,16,35,2,0,1,0,0
1366523,2,2024,2024,9,2,5,330,23,35,39,1,0,9,-33.963484,151.2459,59,0,2,1,1,0,0,0,2,0,15,60,1,2852,2852,4,5,13,2,0,0,1,0
1366525,4,2024,2024,1,0,1,118,31,136,799,0,1,10,-33.925315,151.086852,15,0,2,1,2,0,3,3,0,2,7,60,2,591,591,1,22,5,2,0,1,0,0
1366527,2,2024,2024,2,2,8,20,27,49,45,0,1,1,-34.408902,148.660319,30,1,0,1,0,0,0,0,2,0,7,100,1,4026,4026,8,0,40,1,0,0,1,0
1366528,4,2024,2024,9,5,4,71,31,124,34609,0,1,1,-33.813538,151.032732,54,0,2,1,1,0,0,0,2,0,7,50,0,591,591,1,22,0,2,0,1,0,0
1366530,4,2024,2024,10,5,9,8,27,2,34609,0,1,1,-32.677657,151.562305,42,2,1,0,0,0,0,0,0,0,7,80,0,2585,4009,8,16,40,1,0,1,0,0
1366531,4,2024,2024,2,0,7,7,27,22,34609,0,1,1,-35.159856,150.578946,63,2,1,1,0,0,0,0,2,0,7,80,0,5929,5929,1,0,0,2,0,1,0,0
1366532,4,2024,2024,9,6,2,109,27,137,105,0,1,9,-33.896491,150.912028,24,0,2,1,2,0,0,0,1,0,0,60,2,3775,3775,0,0,5,2,0,2,0,0
1366533,1,2024,2024,9,4,6,90,36,10,102,0,1,10,-34.619835,148.533372,30,1,0,1,0,0,0,0,2,0,0,100,2,6545,6545,4,5,10,2,0,0,0,1
1366534,4,2024,2024,9,5,3,3371,17,463,3342,0,1,2,-30.29884,153.112205,19,2,1,0,2,0,3,4,2,0,7,60,2,4552,5151,8,0,40,1,0,1,0,0
1366535,4,2024,2024,2,0,3,19,27,55,34609,0,1,1,-33.788263,150.878962,7,0,2,1,1,0,0,0,2,0,7,50,0,9859,9859,1,9,10,2,0,1,0,0
1366536,2,2024,2024,10,4,10,2261,17,112,2252,0,1,2,-33.912015,150.936597,41,0,2,1,2,0,3,4,0,0,7,70,2,9859,9859,8,5,40,1,0,0,1,0
1366538,2,2024,2024,2,6,8,2126,17,90,2149,0,1,2,-33.708887,150.309585,8,2,2,0,1,0,0,0,2,0,7,70,2,1192,1192,1,9,0,2,0,0,1,0
1366539,2,2024,2024,10,2,4,2126,17,21,2149,0,1,2,-33.723094,150.416964,8,2,2,0,1,0,0,0,2,0,7,80,2,2585,4009,8,10,40,1,0,0,1,0
1366540,1,2024,2024,9,0,2,108,31,166,34609,0,1,1,-33.898939,151.176605,32,0,2,1,2,0,0,0,0,0,7,50,0,9859,9859,1,22,5,2,0,0,0,1
1366545,2,2024,2024,1,6,3,100,27,127,100,0,1,1,-33.833437,150.855032,24,0,2,1,2,0,0,0,1,0,7,70,2,1669,1669,3,5,0,2,0,0,1,0
1366546,2,2024,2024,9,4,7,56,10,433,41,0,1,1,-33.280802,149.07753,52,2,1,1,1,0,0,0,2,0,7,50,1,9859,9859,8,34,40,1,0,0,1,0
1366548,2,2024,2024,9,5,4,15,27,42,34609,0,1,2,-33.735829,151.280359,50,0,2,1,1,0,0,0,2,0,7,50,0,591,591,1,22,0,2,0,0,1,0
1366549,2,2024,2024,10,6,7,916,17,172,917,0,1,9,-32.763982,151.59768,42,2,1,1,1,0,0,0,2,3,9,60,2,14295,14295,3,0,5,2,0,0,1,0
1366550,2,2024,2024,10,0,5,294,17,215,288,0,1,7,-35.115447,147.34561,75,2,1,1,0,0,0,0,2,0,0,60,2,6545,6545,4,5,19,2,0,0,1,0
1366551,1,2024,2024,2,2,6,18,1,155,34609,0,1,1,-33.499237,151.304572,16,2,2,0,0,0,0,0,2,0,7,50,0,3775,3775,0,22,0,2,0,0,0,1
1366552,2,2024,2024,9,2,8,2126,17,14,2149,0,1,2,-33.730843,150.604346,8,2,2,1,1,0,0,0,2,0,7,80,2,9859,9859,1,19,5,2,0,0,1,0
1366554,4,2024,2024,5,6,6,13,27,135,34609,0,1,1,-33.637127,149.781047,51,2,1,0,0,0,0,0,2,0,7,80,0,4552,5151,8,16,40,1,0,1,0,0
1366555,4,2024,2024,2,5,5,171,27,64,369,0,1,9,-34.038234,150.734202,12,0,2,1,2,0,0,0,2,2,7,60,2,1981,1981,4,10,5,2,0,1,1,0
1366556,4,2024,2024,9,3,11,196,10,33,168,0,1,2,-33.9645,151.039783,15,0,2,1,2,0,0,0,0,0,7,70,2,1945,1945,5,16,40,1,0,1,0,0
1366557,1,2024,2024,9,2,8,110,31,433,34609,1,0,2,-33.279576,149.094461,52,2,1,1,1,0,0,0,2,0,9,50,0,14295,14295,3,5,5,2,0,0,0,1
1366561,2,2024,2024,10,2,1,5,18,1,34609,0,1,9,-33.501699,149.110937,51,1,0,1,0,2,0,0,0,0,7,100,0,29,29,6,10,40,1,0,0,1,0
1366562,2,2024,2024,10,1,1,14,27,91,44,0,1,7,-33.983489,150.883841,13,0,2,1,2,0,0,0,0,0,0,60,1,9859,9859,8,5,40,1,0,0,1,0
1366564,2,2024,2024,10,0,6,52,27,438,103,0,1,10,-33.863758,151.018542,21,0,2,1,0,0,3,0,2,2,7,50,1,5929,5929,1,5,5,2,0,0,2,0
1366565,2,2024,2024,2,3,5,2209,17,34,2205,0,1,9,-36.994534,149.909733,5,2,1,1,0,0,0,0,2,0,7,80,2,14295,14295,3,10,12,2,0,0,2,0
1366566,1,2024,2024,10,0,11,361,31,32,34609,0,1,1,-33.867815,150.965724,24,0,2,1,2,0,3,4,0,0,7,50,0,9859,9859,8,9,40,4,0,0,0,1
1366567,2,2024,2024,9,0,9,1,27,309,34609,0,1,10,-33.8131,151.115326,61,0,2,1,2,0,0,0,3,0,0,50,0,150,150,4,0,5,2,0,0,1,1
1366568,4,2024,2024,1,0,8,222,31,8,79,0,1,10,-33.782035,151.196686,36,0,2,1,1,0,0,0,2,2,7,60,2,9859,9859,8,19,40,1,0,1,0,0
1366569,4,2024,2024,11,6,8,147,27,72,605,0,1,9,-33.828109,151.230232,49,0,2,1,2,0,0,0,2,2,7,60,2,395,395,1,15,13,3,0,1,0,0
1366571,4,2024,2024,9,0,3,230,27,173,284,0,1,10,-33.79122,151.130554,61,0,2,1,0,0,0,0,2,2,7,70,2,14295,14295,3,8,19,2,0,1,0,0
1366572,4,2024,2024,2,2,10,110,31,75,34609,0,1,9,-33.710356,150.357578,8,2,2,1,2,0,0,0,3,0,7,50,0,1109,787,1,10,19,2,0,1,0,0
1366573,4,2024,2024,9,5,6,112,17,27,112,0,1,1,-31.58924,142.977927,51,1,0,1,0,0,0,0,2,0,7,110,2,475,475,5,10,40,1,0,2,0,2
1366575,1,2024,2024,11,6,6,23,27,61,91,0,1,1,-35.110511,149.246802,82,1,0,1,0,0,0,0,2,0,7,100,1,3775,3775,0,0,0,2,0,0,0,3
1366576,4,2024,2024,9,0,5,37,31,198,41,0,1,10,-33.913061,151.104065,15,0,2,1,1,0,0,0,2,2,9,40,1,2040,2040,9,19,28,2,0,1,1,0
1366577,4,2024,2024,9,0,3,13,22,23,34609,0,1,1,-34.38985,150.8747,80,0,2,1,0,0,3,0,2,0,7,50,0,121,121,9,5,28,2,0,1,1,0
1366578,4,2024,2024,10,4,7,25,27,8,143,0,1,1,-33.28552,149.655672,3,1,0,0,0,0,0,0,2,0,7,100,2,1259,5151,8,0,40,1,0,1,0,0
1366580,1,2024,2024,2,1,5,89,36,13,81,0,1,1,-34.317725,148.674028,30,1,0,0,0,0,0,0,2,0,7,100,2,1259,5151,8,3,40,1,0,0,0,1
1366581,2,2024,2024,9,4,10,5,18,21,34609,0,1,9,-28.604608,153.556367,10,2,1,0,0,0,3,4,0,0,7,80,0,2585,4009,8,21,40,1,0,0,1,0
1366583,4,2024,2024,10,2,8,43,1,169,16,0,1,9,-33.760028,150.843028,7,0,2,1,1,0,0,3,2,0,0,60,2,2852,2852,4,5,5,2,0,1,0,0
1366584,2,2024,2024,10,6,4,26,27,8,115,0,1,10,-33.771074,151.179093,36,0,2,1,1,0,0,0,2,2,7,60,1,5929,5929,1,10,19,2,0,0,1,0
1366585,4,2024,2024,2,3,5,23,10,19,174,0,1,1,-32.916088,151.47863,17,1,0,0,1,0,0,0,2,0,7,90,2,1850,1463,5,16,40,1,0,1,0,0
1366586,4,2024,2024,9,2,7,119,31,283,34609,0,1,1,-33.834646,151.00162,21,0,2,1,1,0,0,3,2,0,7,50,0,1981,1981,4,5,27,2,0,1,0,0
1366587,2,2024,2024,2,1,4,916,17,61,917,0,1,10,-29.75078,151.73581,51,2,1,1,0,0,0,0,2,0,0,60,2,6545,6545,4,5,0,2,0,0,1,0
1366589,4,2024,2024,10,5,8,117,27,78,144,0,1,9,-33.859266,151.092518,14,0,2,1,1,0,0,0,2,0,7,60,2,1669,1669,3,5,5,2,0,1,1,0
1366592,2,2024,2024,2,2,11,2,27,90,4,0,1,1,-33.715801,150.297162,8,2,2,0,2,0,3,4,0,0,7,50,1,1259,5151,8,9,40,1,0,0,1,0
1366596,4,2024,2024,2,1,7,478,17,22,480,0,1,1,-33.32689,151.510526,16,2,2,0,1,0,0,0,2,0,7,70,2,1850,1463,5,0,40,1,0,1,0,0
1366598,4,2024,2024,9,0,7,51,27,69,63,0,1,2,-34.55288,150.857882,62,0,2,1,1,0,0,0,2,0,7,70,2,14295,14295,3,16,0,2,0,1,0,0
1366599,2,2024,2024,9,2,6,29,27,28,34609,0,1,9,-35.369569,149.225015,58,2,1,0,1,0,0,0,2,0,0,60,0,5929,5929,1,5,27,2,0,0,1,0
1366602,2,2024,2024,9,6,8,2209,17,55,2205,0,1,2,-35.73712,150.163999,23,1,0,0,0,0,3,4,2,0,7,90,2,4552,5151,8,5,40,1,0,0,1,0
1366603,4,2024,2024,9,0,7,283,27,70,34609,0,1,0,-33.976918,151.104537,25,0,2,1,0,0,0,0,2,0,7,50,0,340,340,9,10,28,2,0,1,0,0
1366604,2,2024,2024,2,1,3,8,27,7,34609,0,1,1,-32.284207,149.810768,44,1,0,1,0,0,0,0,2,0,7,100,0,1089,1089,7,5,40,1,0,0,1,0
1366608,4,2024,2024,9,0,6,1052,14,160,928,0,1,3,-33.113552,151.462531,37,0,2,0,1,0,0,0,2,0,7,110,2,14295,14295,3,8,2,2,0,1,1,0
1366609,1,2024,2024,9,6,4,158,27,138,207,0,1,1,-33.872395,151.258975,81,0,2,1,1,0,0,0,2,0,7,60,2,368,368,9,0,28,2,0,0,0,1
1366610,4,2024,2024,1,6,8,2,27,96,24,0,1,9,-33.433084,151.384603,16,2,2,1,0,0,0,0,2,0,0,60,1,2852,2852,4,5,13,2,0,1,1,0
1366612,4,2024,2024,2,3,7,193,27,50,34609,0,1,9,-34.349326,150.91559,80,0,2,0,2,0,0,0,2,0,15,40,0,1850,985,5,16,40,1,0,1,0,0
1366614,4,2024,2024,9,5,7,296,27,187,293,0,1,2,-33.880548,150.978345,15,0,2,1,1,0,0,0,2,0,7,60,2,14295,14295,3,10,18,3,0,1,0,0
1366616,2,2024,2024,11,4,4,19,31,532,34609,0,1,0,-33.873366,151.204152,69,0,2,1,2,0,3,4,2,2,9,40,0,2040,2040,9,5,28,2,0,0,1,0
1366617,2,2024,2024,10,4,4,2126,17,24,2149,0,1,9,-33.429013,150.077251,40,1,0,0,0,0,0,0,2,0,0,110,2,4552,5151,8,8,40,2,0,0,2,0
1366619,2,2024,2024,9,3,10,9,31,103,34609,0,1,1,-34.315945,148.29697,30,2,1,1,1,0,0,0,2,0,7,50,0,83,83,5,16,40,1,0,0,1,0
1366620,4,2024,2024,11,2,3,3371,17,28,3342,0,1,2,-32.649149,151.911571,57,1,0,1,0,0,3,4,2,0,7,110,2,9859,9859,8,10,40,1,0,1,0,0
1366621,2,2024,2024,10,5,9,57,27,36,143,0,1,1,-34.479177,149.519114,74,1,0,1,0,0,0,0,3,0,7,100,2,4026,4026,8,0,40,1,0,0,1,0
1366623,2,2024,2024,2,4,9,1,22,1,34609,0,1,1,-33.262768,149.156129,52,2,1,1,0,0,0,0,3,0,7,50,0,4026,4026,8,0,40,1,0,0,1,0
1366625,2,2024,2024,9,2,6,123,27,337,11,0,1,1,-33.729577,150.982487,71,0,2,1,0,0,0,0,2,0,7,50,1,1981,1981,4,0,27,2,0,0,1,0
1366626,2,2024,2024,9,3,3,103,27,14,98,0,1,1,-33.42269,150.825234,29,2,2,0,0,0,2,6,2,0,7,80,2,1957,4009,8,5,40,1,0,0,1,0
1366628,4,2024,2024,2,2,0,17,27,47,14,0,1,1,-35.753079,147.348241,27,1,0,0,0,0,0,0,0,0,7,100,1,14295,14295,3,10,40,2,0,1,1,0
1366629,2,2024,2024,6,2,7,2,27,29,34609,0,1,1,-32.692025,142.132019,51,1,0,1,0,2,0,0,2,0,7,100,0,1089,1089,7,16,40,1,0,0,1,0
1366630,4,2024,2024,10,0,1,1052,14,83,928,0,1,3,-33.485261,151.185182,16,1,2,0,1,0,0,0,0,0,7,90,2,204,204,1,8,5,4,0,2,1,0
1366632,1,2024,2024,11,5,10,154,27,136,244,0,1,10,-33.911509,151.072883,15,0,2,1,2,0,0,0,0,2,7,60,2,623,623,3,0,5,2,0,0,0,2
1366633,2,2024,2024,11,0,4,6,27,24,34609,0,1,1,-33.397806,151.403847,16,2,2,0,0,0,3,3,2,0,7,60,0,4552,5151,8,0,40,1,0,0,1,0
1366634,4,2024,2024,10,2,11,2261,17,443,2252,0,1,9,-33.890426,151.05887,67,0,2,1,2,0,0,0,0,2,7,70,2,5929,5929,1,8,5,2,0,1,1,0
1366636,4,2024,2024,1,1,7,44,31,290,34609,0,1,1,-33.952456,151.115456,4,0,2,1,0,0,0,0,2,0,7,50,0,9859,9859,1,10,12,3,0,1,0,0
1366639,4,2024,2024,2,0,9,2209,17,17,2205,0,1,1,-36.515147,149.828784,5,1,0,0,0,0,3,3,2,0,7,100,2,2585,4009,8,0,40,1,0,1,0,1
1366640,2,2024,2024,9,1,7,22,31,194,13,1,0,10,-30.503009,151.673093,1,2,1,1,0,0,0,0,2,2,7,50,1,2040,2040,9,30,28,2,0,0,1,0
1366641,2,2024,2024,9,0,7,3371,17,13,3342,0,1,2,-29.131448,153.321996,60,1,0,1,0,0,0,0,2,0,7,110,2,4026,4026,8,10,40,1,0,0,1,0
1366643,1,2024,2024,2,1,3,481,17,27,483,0,1,1,-32.53017,148.26958,51,1,0,1,0,0,0,0,1,0,7,110,2,9859,9859,8,10,40,1,0,0,0,1
1366644,4,2024,2024,9,0,7,120,36,6,148,0,1,9,-30.379957,152.571918,6,1,0,0,0,0,3,1,2,0,7,100,2,14295,14295,3,5,0,4,0,1,1,0
1366645,2,2024,2024,11,5,4,165,31,112,34609,1,0,11,-33.610133,150.815763,29,2,2,1,1,0,0,0,2,0,7,40,0,1669,1669,3,0,5,2,0,0,1,0
1366647,4,2024,2024,2,0,5,2,27,3,34609,0,1,1,-33.303159,149.278091,11,1,0,0,0,0,0,0,2,0,7,100,0,2585,4009,8,16,40,1,0,1,0,0
1366648,1,2024,2024,2,6,4,1104,14,41,962,0,1,3,-33.826928,151.010206,54,0,2,1,1,0,0,0,2,0,7,90,2,14295,14295,3,33,25,2,0,0,0,1
1366649,4,2024,2024,10,6,10,12,27,11,34609,0,1,1,-33.896355,150.649306,41,0,2,0,2,0,3,4,0,0,7,80,0,380,714,5,5,40,1,0,1,1,0
1366651,2,2024,2024,2,1,10,2261,17,201,2252,0,1,3,-33.996269,150.84785,13,0,2,0,0,0,0,0,0,0,7,110,2,1259,5151,8,5,40,1,0,0,1,0
1366653,2,2024,2024,2,4,3,60,10,121,84,0,1,9,-28.200065,153.543967,72,2,1,1,1,0,0,0,2,2,7,60,1,6545,6545,4,5,0,2,0,0,1,1
1366654,4,2024,2024,9,4,3,19,27,11,16,0,1,1,-31.513948,152.562516,56,1,0,0,0,0,0,0,2,0,7,100,1,782,957,5,30,40,1,0,1,0,0
1366656,2,2024,2024,9,4,10,125,27,53,123,0,1,9,-33.362712,151.447795,16,2,2,1,2,0,0,0,0,2,7,60,2,623,623,3,5,0,2,0,0,1,0
1366657,4,2024,2024,10,6,7,147,27,25,34609,0,1,1,-33.879529,151.280855,76,0,2,1,0,0,0,0,2,0,7,50,0,2040,2040,9,30,28,2,0,1,0,0
1366658,1,2024,2024,9,6,4,42,31,166,34609,1,0,10,-33.414871,149.56944,3,2,1,1,0,0,0,0,2,0,0,50,0,6545,6545,4,5,13,2,0,0,0,1
1366659,4,2024,2024,9,0,6,334,17,5,308,0,1,1,-31.436782,152.494743,56,2,1,1,0,0,0,3,2,2,7,50,2,9859,9859,8,5,40,1,0,1,0,0
1366661,2,2024,2024,11,5,7,2,1,69,34609,0,1,9,-34.554699,150.860878,62,0,2,1,0,0,0,0,2,0,15,50,0,6545,6545,4,5,0,2,0,0,1,0
1366662,2,2024,2024,2,1,10,4,27,9,34609,0,1,1,-28.59609,153.438418,10,2,1,1,0,0,0,3,0,0,7,60,0,4026,4026,8,0,40,1,0,0,1,0
1366663,4,2024,2024,10,1,4,3,27,346,34609,0,1,1,-33.879257,151.087777,67,0,2,1,1,0,0,0,2,0,7,50,0,4026,4026,1,10,13,3,0,1,0,0
1366664,4,2024,2024,2,3,7,2126,17,363,2149,0,1,9,-33.821907,151.004152,54,0,2,1,0,0,0,0,2,0,0,60,2,2852,2852,4,5,5,2,0,1,0,0
1366666,4,2024,2024,9,0,4,42,31,149,167,0,1,10,-33.987528,151.135018,4,0,2,1,1,0,0,0,2,2,7,60,2,1109,397,1,0,5,3,0,2,2,1
1366668,1,2024,2024,9,4,8,3371,17,73,3342,0,1,9,-33.775891,151.168861,36,0,2,1,1,0,0,0,2,3,7,60,2,186,186,9,5,28,2,0,0,0,1
1366669,4,2024,2024,10,6,5,32,27,12,34609,0,1,1,-33.3906,149.985699,40,1,0,0,0,0,0,0,2,0,7,100,0,2585,4009,8,0,40,1,0,1,0,0
1366670,4,2024,2024,2,0,3,205,27,86,415,0,1,2,-33.704742,151.20539,50,0,2,1,0,0,0,0,2,0,7,90,2,1945,1945,5,16,40,1,0,1,0,0
1366671,4,2024,2024,9,3,3,2,36,79,34609,1,0,1,-33.99903,150.734907,12,0,2,1,0,0,0,6,2,0,7,50,0,9859,9859,8,5,40,1,0,1,0,0
1366672,2,2024,2024,2,3,2,48,27,57,34609,0,1,1,-34.56541,150.806153,62,0,2,1,1,0,0,0,1,0,7,50,0,9859,9859,1,5,5,2,0,0,1,0
1366673,1,2024,2024,9,3,5,2261,17,443,2252,0,1,10,-33.901086,151.045483,15,0,2,1,1,0,0,0,2,2,7,60,2,6545,6545,4,10,0,4,0,0,0,1
1366675,2,2024,2024,10,4,9,475,10,83,268,0,1,1,-33.877947,150.825183,41,0,2,1,2,0,0,0,0,0,7,60,2,3775,3775,0,5,5,2,0,0,1,0
1366750,2,2024,2024,2,1,5,24,31,29,34609,0,1,7,-35.097443,150.614732,63,2,1,0,1,0,0,0,2,0,0,50,0,489,489,8,16,40,1,0,0,1,0
1366752,2,2024,2024,10,4,8,2,31,39,34609,0,1,1,-31.078492,152.831695,34,2,1,1,1,0,0,0,2,0,9,50,0,591,591,1,22,5,2,0,0,1,0
1366753,4,2024,2024,1,6,3,85,27,36,145,0,1,2,-33.804311,151.027013,54,0,2,0,0,0,0,0,1,0,7,60,2,1957,4009,8,5,40,1,0,1,0,0
1366755,4,2024,2024,10,4,4,224,27,112,321,0,1,5,-33.905528,151.202829,69,0,2,1,1,0,0,0,2,2,7,50,2,5929,5929,1,9,18,2,0,1,0,0
1366756,2,2024,2024,2,0,10,17,27,70,34609,0,1,1,-34.041141,151.083761,68,0,2,1,2,0,0,0,0,2,7,50,0,1109,787,1,10,13,2,0,0,1,0
1366757,4,2024,2024,2,2,9,2,27,12,34609,0,1,1,-33.022032,149.866865,44,1,0,0,0,2,0,0,2,0,7,100,0,4552,5151,8,5,40,1,0,2,0,0
1366758,2,2024,2024,2,3,6,191,27,309,208,0,1,1,-33.80807,151.105495,61,0,2,0,0,0,0,0,2,0,7,60,2,941,941,1,5,0,3,0,0,1,0
1366759,4,2024,2024,9,4,10,334,17,84,308,0,1,10,-31.091998,150.922756,70,2,1,1,2,0,0,0,0,2,7,50,2,5929,5929,1,0,36,2,0,1,0,0
1366760,2,2024,2024,10,2,9,25,31,169,147,0,1,1,-28.640536,153.606666,10,2,1,1,0,0,3,4,0,0,7,50,1,941,941,1,0,19,2,0,0,1,0
1366761,4,2024,2024,10,1,11,171,27,37,369,0,1,2,-33.868504,150.698606,41,0,2,0,2,0,3,0,0,0,7,80,2,380,714,5,0,40,1,0,1,0,0
1366763,4,2024,2024,10,5,6,109,27,137,105,0,1,9,-33.895601,150.908618,24,0,2,1,0,0,0,0,2,0,15,60,2,3775,3775,0,30,0,2,0,2,0,0
1366764,2,2024,2024,10,6,7,35,27,7,24,0,1,1,-33.077103,149.655806,3,1,0,0,0,0,0,0,2,0,7,100,1,4552,5151,8,8,40,1,0,0,1,0
1366767,4,2024,2024,9,6,10,2209,17,24,2205,0,1,2,-34.953255,150.600356,63,1,0,1,0,0,0,0,0,0,7,100,2,4026,4026,8,5,40,1,0,1,0,0
1366768,4,2024,2024,10,0,6,2261,17,523,2252,0,1,9,-33.930769,150.917476,41,0,2,1,0,0,0,0,2,0,7,60,2,237,162,8,5,40,1,0,1,0,0
1366770,4,2024,2024,10,4,7,3371,17,108,3342,0,1,2,-33.293878,151.422888,16,2,2,1,0,0,0,0,2,0,7,60,2,14295,14295,3,5,0,2,0,1,0,0
1366771,4,2024,2024,11,2,5,82,27,12,34,0,1,1,-28.59463,153.082387,51,1,0,0,0,0,0,0,2,0,7,100,1,1850,1463,5,16,40,1,0,1,0,0
1366772,2,2024,2024,9,6,3,17,27,90,28,0,1,7,-33.787077,150.948828,21,0,2,1,1,0,0,0,2,0,0,60,1,6545,6545,4,22,5,2,0,0,1,0
1366773,2,2024,2024,9,5,8,14,31,215,34609,0,1,1,-35.117381,147.36911,75,2,1,1,1,0,0,0,2,0,9,50,0,1220,1220,9,0,28,2,0,0,1,0
1366776,2,2024,2024,2,3,8,1052,14,207,928,0,1,3,-33.559095,151.192765,31,0,2,1,0,0,0,0,2,0,7,110,2,204,204,1,5,5,2,0,0,1,0
1366777,4,2024,2024,10,0,7,2126,17,21,2149,0,1,9,-33.723609,150.415233,8,2,2,1,1,0,0,0,2,2,7,80,2,4552,985,8,5,40,1,0,1,0,0
1366778,2,2024,2024,10,4,8,255,31,83,33,0,1,9,-34.45094,150.446363,78,2,1,0,0,0,0,0,2,0,0,50,1,1220,1220,9,8,28,2,0,0,1,0
1366779,2,2024,2024,11,1,4,15,31,99,30,0,1,10,-33.889329,151.274861,76,0,2,1,0,0,3,4,2,0,0,40,1,1220,1220,9,5,28,2,0,0,1,0
1366781,4,2024,2024,9,0,6,293,31,112,369,0,1,10,-33.614066,150.813146,29,2,2,1,1,0,3,4,2,0,15,60,2,6545,6545,4,5,13,3,0,2,0,0
1366782,2,2024,2024,9,6,9,44,27,67,38,1,0,9,-33.872272,150.889447,24,0,2,1,0,0,3,2,2,2,7,60,1,2585,777,8,5,40,1,0,0,1,0
1366783,2,2024,2024,10,6,4,45,31,57,34609,0,1,1,-34.671947,150.856494,35,2,1,1,0,0,0,0,2,0,7,40,0,941,941,1,10,5,2,0,0,1,1
1366784,1,2024,2024,9,4,2,481,17,16,483,0,1,1,-35.702102,145.542452,51,1,0,1,0,0,0,0,1,0,7,100,2,9859,9859,8,3,40,1,0,0,0,1
1366786,1,2024,2024,10,3,5,1,27,6,34609,0,1,9,-36.050746,148.303731,66,2,1,0,0,0,0,0,2,0,7,50,0,782,957,5,16,40,1,0,0,0,1
1366788,2,2024,2024,9,5,7,71,27,44,122,0,1,9,-34.561909,150.860084,62,0,2,1,1,0,0,0,2,0,15,70,2,2852,2852,4,5,41,2,0,0,2,0
1366789,2,2024,2024,2,2,9,2126,17,27,2149,0,1,2,-33.585341,150.247157,8,2,2,0,0,0,3,4,2,0,7,60,2,1850,1463,5,16,40,1,0,0,1,0
1366791,2,2024,2024,9,0,11,35,31,532,34609,0,1,10,-33.864289,151.205516,69,0,2,1,2,0,3,4,0,2,7,40,0,1220,1220,9,8,28,3,0,0,2,0
1366792,4,2024,2024,10,6,5,2,27,609,34609,0,1,7,-33.771262,150.884346,7,0,2,1,1,0,3,4,2,0,0,50,0,6545,6545,4,5,19,2,0,1,0,0
1366793,2,2024,2024,9,2,8,3,7,30,34609,0,1,9,-33.262834,151.430007,16,2,2,0,0,0,3,4,2,0,7,50,0,2852,2852,4,5,13,2,0,0,1,0