Crash ID,Degree of crash - detailed,Reporting year,Year of crash,Month of crash,Day of week of crash,Two-hour intervals,Street of crash,Street type,Town,Route no.,School zone location,School zone active,Type of location,Latitude,Longitude,LGA,Urbanisation,Conurbation 1,Alignment,Street lighting,Road surface,Surface condition,Weather,Natural lighting,Signals operation,Other traffic control,Speed limit,Road classification,RUM - code,DCA - code,First impact type,Key TU type,Other TU type,No. of traffic units involved,No. killed,No. seriously injured,No. moderately injured,No. minor-other injured
1366794,1,2024,2024,10,4,4,45,31,532,55,0,1,10,-33.873753,151.212595,69,0,2,1,0,0,0,0,2,2,7,40,1,1192,1192,1,22,27,2,0,0,0,2
1366795,4,2024,2024,9,4,10,1,1,7,34609,0,1,1,-35.075229,147.361246,75,2,1,0,2,0,0,0,0,0,7,50,0,4552,5151,8,30,40,1,0,1,0,1
1366799,4,2024,2024,2,1,7,14,10,316,34609,0,1,1,-31.458002,152.872504,56,2,1,1,0,0,0,0,2,0,7,50,0,1669,1669,3,16,5,2,0,1,0,0
1366801,4,2024,2024,9,5,8,26,27,80,160,0,1,10,-33.961044,150.890044,13,0,2,1,1,0,0,0,2,2,7,60,2,9859,9859,8,5,40,3,0,3,0,0
1366802,4,2024,2024,10,6,5,475,31,123,34609,0,1,10,-33.883569,151.234402,81,0,2,1,1,0,0,0,2,0,15,40,0,4026,4026,1,15,5,3,0,1,0,0
1366803,4,2024,2024,2,1,8,15,27,15,41,0,1,9,-28.932156,153.177412,60,1,0,1,0,0,0,0,2,0,7,100,1,5929,5929,1,5,5,2,0,4,0,1
1366843,1,2024,2024,0,6,7,27,27,131,34609,0,1,10,-33.781644,151.178413,36,0,2,1,3,0,0,0,2,0,15,50,0,5929,5929,1,5,5,2,0,0,0,1
1366864,1,2024,2024,10,4,6,109,36,14,108,0,1,10,-28.311777,153.436372,72,2,1,1,3,0,2,6,2,0,15,80,1,1669,1669,3,30,36,2,0,0,0,2
1366868,4,2024,2024,10,4,7,2,31,204,34609,0,1,9,-33.934346,151.146423,4,0,2,1,1,0,0,0,2,0,7,50,0,1945,1945,5,15,40,1,0,1,0,0
1366870,4,2024,2024,2,5,10,6,31,92,34609,0,1,1,-33.403613,151.351117,16,2,2,1,2,0,0,0,0,0,7,50,0,5929,5929,1,5,19,2,0,1,0,0
1366873,2,2024,2024,10,4,8,12,27,18,42,0,1,1,-33.536075,150.779745,29,2,2,1,0,0,3,3,2,0,7,60,1,4026,4026,8,5,40,1,0,0,1,0
1366874,4,2024,2024,1,0,8,2261,17,30,2252,0,1,3,-34.044727,150.819606,13,0,2,0,0,0,0,0,2,0,7,110,2,418,714,5,21,40,1,0,1,0,1
1366876,2,2024,2024,2,6,3,73,31,174,34609,0,1,0,-33.893609,151.213426,69,0,2,1,0,0,0,0,2,0,7,40,0,387,387,1,22,5,2,0,0,1,0
1366877,4,2024,2024,9,2,5,16,27,10,5,0,1,1,-31.629915,152.717889,56,2,1,0,0,0,0,0,2,0,7,60,1,3775,3775,0,5,25,2,0,1,1,0
1366881,2,2024,2024,2,3,1,14,31,85,34609,0,1,1,-33.805225,150.692323,55,0,2,0,2,0,0,0,0,0,7,50,0,4552,5151,8,0,40,1,0,0,1,0
1366882,2,2024,2024,2,3,6,109,36,28,108,0,1,1,-28.325724,153.410891,72,2,1,1,0,0,2,6,2,0,7,60,1,2040,2040,9,5,28,2,0,0,1,0
1366887,1,2024,2024,11,4,10,30,27,187,94,0,1,1,-33.881675,150.990488,15,0,2,1,0,0,0,0,0,0,7,60,1,1109,787,1,5,5,2,0,0,0,1
1366888,2,2024,2024,9,1,7,9,27,29,39,0,1,1,-31.282832,149.302025,51,1,0,0,0,0,0,0,2,0,7,100,1,4552,5151,8,29,40,1,0,0,1,0
1366889,2,2024,2024,9,6,5,149,36,13,113,0,1,1,-32.396872,152.311004,43,2,1,0,0,0,0,0,2,0,7,80,1,2585,4009,8,16,40,1,0,0,1,0
1366890,2,2024,2024,1,2,4,35,31,44,34609,0,1,7,-32.050996,150.868686,73,2,1,0,0,0,0,0,2,0,0,50,0,6545,6545,4,5,27,2,0,0,1,0
1366891,1,2024,2024,10,2,11,265,2,167,34609,0,1,1,-33.844956,151.064464,54,0,2,1,2,0,0,0,0,0,7,40,0,368,368,9,5,28,2,0,0,0,1
1366892,2,2024,2024,2,2,5,3371,17,35,3342,0,1,2,-29.886819,153.059738,18,1,0,1,0,0,0,0,2,0,7,110,2,4026,4026,8,0,40,1,0,0,1,0
1366893,2,2024,2024,9,0,7,481,17,562,483,0,1,10,-32.239668,148.610243,22,2,1,1,1,0,0,0,2,0,0,60,2,6545,6545,4,33,27,2,0,0,1,0
1366897,2,2024,2024,9,5,6,2126,17,106,2149,0,1,2,-33.886482,151.178124,69,0,2,1,0,0,0,0,2,0,7,60,2,941,941,1,5,0,3,0,0,2,0
1366898,2,2024,2024,10,6,5,89,31,316,34609,0,1,9,-31.429098,152.909473,56,2,1,1,1,0,0,0,2,0,9,50,0,14295,14295,3,5,0,2,0,0,1,0
1366901,1,2024,2024,2,2,0,2126,17,283,2149,0,1,9,-33.830068,151.01068,54,0,2,1,2,0,0,0,0,2,7,60,2,14295,14295,3,0,0,2,0,0,0,1
1366902,4,2024,2024,10,3,9,18,1,112,34609,0,1,10,-33.905144,151.212223,69,0,2,1,0,0,0,0,2,2,7,40,0,2040,2040,9,22,28,2,0,1,0,0
1366903,2,2024,2024,10,5,3,3371,23,147,34609,0,1,9,-33.755171,151.289948,50,0,2,1,2,0,0,0,1,2,7,50,0,1669,1669,3,0,0,2,0,0,1,1
1366904,2,2024,2024,9,0,11,62,27,21,166,0,1,1,-33.238933,151.439021,16,2,2,0,0,0,3,4,0,0,7,80,2,1957,4009,8,10,40,1,0,0,1,0
1366906,2,2024,2024,11,4,7,73,27,443,78,0,1,9,-33.904905,151.043772,15,0,2,1,1,0,0,0,2,0,0,60,2,2852,2852,4,0,5,2,0,0,2,0
1367046,4,2024,2024,2,5,6,2209,17,106,2205,0,1,9,-33.891327,151.188486,69,0,2,1,1,0,0,0,2,2,7,50,2,926,926,4,16,5,2,0,1,0,0
1367049,1,2024,2024,4,5,8,361,32,290,42,0,1,9,-33.855908,150.983665,21,0,2,1,1,0,0,0,3,0,7,50,1,623,623,3,9,13,2,0,0,0,1
1367051,4,2024,2024,2,1,6,35,31,44,18,0,1,10,-32.050697,150.86747,73,2,1,1,0,0,0,0,2,2,9,50,1,5929,5929,1,10,13,2,0,1,0,0
1367054,1,2024,2024,10,6,4,2261,17,243,2252,0,1,9,-33.957135,150.889106,41,0,2,1,1,0,0,0,2,0,7,70,2,2852,2852,4,5,0,2,0,0,0,1
1367057,4,2024,2024,11,3,7,916,17,37,917,0,1,10,-32.679089,151.390175,17,2,1,1,0,0,0,0,2,0,15,60,2,1669,1669,3,16,5,2,0,1,1,0
1367061,1,2024,2024,9,0,5,135,17,12,136,0,1,1,-36.036691,146.799656,27,1,0,1,0,0,0,0,2,0,7,100,2,312,312,2,31,40,1,0,0,0,1
1367063,2,2024,2024,2,5,8,191,17,24,189,0,1,9,-32.043086,149.875325,73,1,0,0,0,0,3,4,2,0,7,100,2,380,714,5,16,40,1,0,0,1,0
1367067,1,2024,2024,9,3,5,4,27,11,27,0,1,1,-34.420296,149.080177,74,1,0,0,0,0,0,0,2,0,7,100,1,782,957,5,16,40,1,0,0,0,1
1367068,1,2024,2024,9,6,9,171,27,24,369,0,1,10,-33.948849,150.738401,12,0,2,0,2,0,0,0,3,2,7,80,2,14295,14295,3,5,5,2,0,0,0,1
1367069,4,2024,2024,9,1,8,512,17,562,441,0,1,1,-32.201578,148.531191,22,1,0,1,0,0,0,0,2,0,7,110,2,9859,9859,8,0,40,1,0,1,0,0
1367070,4,2024,2024,9,1,3,11,27,150,34609,0,1,1,-33.920231,151.225127,59,0,2,1,1,0,0,0,2,0,7,50,0,941,941,1,5,19,2,0,1,0,0
1367078,4,2024,2024,9,0,9,12,31,65,34609,0,1,1,-34.48628,150.883493,80,0,2,1,1,0,0,0,2,0,7,50,0,4026,4026,1,5,5,2,0,1,0,0
1367079,2,2024,2024,9,1,0,132,31,174,126,0,1,10,-33.892094,151.216723,69,0,2,1,2,0,3,0,0,2,9,60,2,5929,5929,1,0,36,2,0,0,3,0
1367082,4,2024,2024,10,2,6,57,27,58,75,0,1,1,-33.458796,151.283865,16,2,2,0,0,0,0,0,2,0,7,80,1,3775,3775,0,10,25,2,0,1,0,0
1367083,4,2024,2024,9,3,5,16,27,202,34609,1,0,9,-33.955512,151.029888,15,0,2,1,1,0,0,0,2,0,7,50,0,9859,9859,1,5,5,2,0,1,0,0
1367084,2,2024,2024,9,2,4,512,17,28,441,0,1,1,-33.414468,149.552843,3,2,1,1,1,0,0,0,2,0,7,60,2,14295,14295,3,16,0,2,0,0,1,0
1367085,4,2024,2024,9,1,7,348,17,18,232,0,1,1,-29.45419,147.928987,51,1,0,1,0,0,0,0,2,0,7,110,2,9859,9859,8,10,40,1,0,2,0,0
1367086,4,2024,2024,10,3,11,85,31,283,34609,0,1,7,-33.831386,151.011909,54,0,2,1,2,0,0,0,0,0,0,50,0,591,591,1,22,5,2,0,1,0,0
1367087,2,2024,2024,2,5,3,2209,17,106,2205,0,1,7,-34.573229,150.821731,62,0,2,0,1,0,0,0,2,2,7,60,2,6545,6545,4,10,36,2,0,0,1,2
1367088,2,2024,2024,10,5,7,8,27,11,34609,0,1,1,-28.574405,153.445704,10,2,1,0,0,0,0,0,2,0,7,60,0,3775,3775,0,10,0,2,0,0,1,0
1367089,1,2024,2024,9,2,11,2261,17,20,2252,0,1,2,-35.47743,147.581336,75,1,0,1,0,0,3,4,0,0,7,110,2,4026,4026,8,5,40,1,0,0,0,2
1367090,4,2024,2024,10,3,7,84,10,7,80,0,1,1,-34.28442,150.950737,80,0,2,0,1,0,0,0,2,0,7,50,2,1981,1981,4,5,19,2,0,1,0,0
1367091,4,2024,2024,9,2,5,5,27,19,34609,0,1,1,-30.673221,151.514708,51,1,0,1,0,2,0,0,2,0,7,100,0,475,475,5,16,40,1,0,1,0,0
1367092,4,2024,2024,2,6,3,10,27,10,34609,0,1,1,-33.186492,149.747046,3,1,0,0,0,2,0,0,2,0,7,100,0,4552,5151,8,10,40,1,0,2,0,0
1367093,2,2024,2024,2,1,9,38,27,8,45,0,1,1,-35.087928,150.54971,63,2,1,0,0,0,0,3,2,0,7,80,1,1259,5151,8,5,40,1,0,0,1,0
1367094,4,2024,2024,9,4,4,82,27,84,181,0,1,9,-33.893476,151.260755,76,0,2,1,1,0,0,0,2,2,7,50,2,1220,1220,9,16,28,2,0,2,0,0
1367095,2,2024,2024,9,4,9,512,17,8,441,0,1,2,-33.420356,149.277968,11,1,0,1,0,0,0,0,2,0,7,100,2,4026,4026,8,0,40,1,0,0,1,0
1367098,4,2024,2024,9,6,11,143,31,90,181,0,1,2,-33.890607,151.237928,81,0,2,1,2,0,3,4,0,0,7,60,2,9859,9859,8,5,40,1,0,1,0,0
1367101,4,2024,2024,9,1,10,84,27,252,31,1,0,1,-33.945475,150.890929,41,0,2,1,2,0,0,0,0,0,9,60,1,2040,2040,9,5,28,2,0,1,0,0
1367102,4,2024,2024,9,2,8,2261,17,140,2252,0,1,9,-33.899001,150.996506,15,0,2,1,1,0,3,4,2,2,7,70,2,14295,14295,3,16,0,2,0,1,0,0
1367104,2,2024,2024,9,0,9,348,17,105,232,0,1,2,-32.591119,149.583509,44,2,1,1,0,0,0,0,3,0,7,50,2,515,515,1,16,13,2,0,0,1,0
1367117,4,2024,2024,2,5,6,92,31,111,34609,0,1,1,-33.925832,151.257052,59,0,2,1,0,0,0,0,2,0,7,50,0,214,214,9,5,28,2,0,1,0,0
1367166,1,2024,2024,2,0,4,15,31,131,34609,0,1,9,-36.079776,146.908568,0,2,1,1,1,0,0,0,2,0,0,50,0,14295,14295,3,5,5,2,0,0,0,1
1367181,1,2024,2024,9,3,0,12,1,646,118,0,1,10,-33.917649,151.02952,15,0,2,1,3,0,0,0,0,2,7,60,1,5929,5929,1,5,0,2,0,0,0,1
1367184,1,2024,2024,9,2,8,2209,17,176,2205,1,0,9,-33.968969,151.136161,4,0,2,0,3,0,0,3,3,2,7,60,2,3775,3775,0,5,5,2,0,0,0,1
1367194,2,2024,2024,2,0,6,196,10,9,34609,0,1,1,-32.490345,149.621541,44,1,0,0,0,0,0,0,2,0,7,100,0,782,957,5,5,40,1,0,0,1,0
1367203,2,2024,2024,9,3,8,30,31,74,34609,0,1,7,-33.71127,151.050022,31,0,2,0,3,0,0,0,2,0,0,50,0,1259,5151,8,5,40,1,0,0,1,0
1367211,2,2024,2024,9,6,3,39,1,337,34609,0,1,9,-33.742861,150.997813,71,0,2,0,3,0,0,0,1,0,7,50,0,5929,5929,1,0,5,2,0,0,1,1
1367216,1,2024,2024,10,3,6,68,27,278,67,0,1,10,-33.767975,151.043402,54,0,2,1,3,0,0,0,2,2,7,60,1,5929,5929,1,5,5,2,0,0,0,1
1367250,1,2024,2024,9,5,2,175,27,55,220,0,1,10,-33.747673,150.916272,7,0,2,1,3,0,0,0,1,2,7,70,2,14295,14295,3,5,5,2,0,0,0,1
1367269,1,2024,2024,2,3,2,481,17,30,483,0,1,10,-34.741787,146.551484,51,2,1,1,3,0,0,0,0,0,0,50,2,6545,6545,4,5,13,2,0,0,0,1
1367270,1,2024,2024,8,0,8,29,27,4,34609,0,1,1,-28.249188,153.480506,72,2,1,0,3,0,3,4,2,0,7,80,0,2585,4009,8,16,40,1,0,0,0,1
1367277,2,2024,2024,9,5,5,32,27,56,62,0,1,9,-33.808899,151.199496,77,0,2,1,1,0,3,3,2,0,7,60,2,1945,1945,5,16,40,1,0,0,1,0
1367281,2,2024,2024,10,3,5,3371,17,13,3342,0,1,2,-33.185712,151.540025,16,2,2,1,3,0,0,0,2,0,7,80,2,14295,14295,3,0,0,2,0,0,1,0
1367282,2,2024,2024,2,2,9,41,27,293,34609,0,1,9,-33.953776,151.247034,59,0,2,0,0,0,0,0,3,0,7,50,0,2852,2852,4,0,19,2,0,0,1,1
1367293,2,2024,2024,10,1,8,60,27,253,331,0,1,10,-33.963361,151.103048,25,0,2,1,1,0,0,0,2,2,7,60,2,5929,5929,1,0,5,3,0,0,1,0
1367298,1,2024,2024,2,6,8,49,22,91,172,0,1,9,-32.976555,151.644832,37,0,2,1,3,0,0,0,2,0,0,60,2,14295,14295,3,10,5,2,0,0,0,1
1367307,2,2024,2024,10,4,9,4,1,145,34609,0,1,10,-33.923088,151.125827,15,0,2,1,3,0,0,0,0,0,15,50,0,6545,6545,4,5,0,3,0,0,1,0
1367310,2,2024,2024,2,5,4,1104,14,247,962,0,1,3,-33.811119,150.941032,21,0,2,1,3,0,0,3,2,0,7,100,2,14295,14295,3,0,0,4,0,0,1,0
1367312,1,2024,2024,9,1,3,102,31,139,187,0,1,2,-33.87446,151.135206,32,0,2,1,3,0,3,4,1,0,7,60,2,14295,14295,3,9,12,2,0,0,0,1
1367318,1,2024,2024,10,2,6,74,27,130,59,0,1,2,-34.450169,150.849789,80,0,2,1,3,0,0,0,2,0,7,60,2,14295,14295,3,0,0,2,0,0,0,1
1367324,2,2024,2024,9,0,5,109,36,21,108,0,1,1,-28.272656,153.469448,72,2,1,0,3,0,0,0,2,0,7,80,1,5929,5929,1,5,0,2,0,0,1,0
1367336,2,2024,2024,2,6,5,2261,17,370,2252,0,1,3,-34.062707,150.784565,13,0,2,1,3,0,0,0,2,0,7,110,2,9859,9859,8,10,40,1,0,0,1,0
1367373,1,2024,2024,10,0,9,234,27,337,217,1,0,1,-33.731838,151.013844,71,0,2,0,3,0,0,0,3,0,7,60,2,14295,14295,3,0,5,2,0,0,0,1
1367380,2,2024,2024,2,1,8,916,17,165,917,0,1,10,-32.261259,150.889251,46,2,1,1,0,0,0,0,2,0,0,50,2,2852,2852,4,5,5,2,0,0,1,0
1367394,2,2024,2024,2,4,4,43,27,17,46,0,1,1,-28.268343,153.561228,72,2,1,1,3,0,0,0,2,0,7,80,1,1109,787,1,0,5,2,0,0,1,0
1367399,1,2024,2024,11,4,4,1104,14,142,962,0,1,3,-33.827819,150.999625,54,0,2,1,3,0,0,0,2,0,7,90,2,1383,1383,1,5,5,2,0,0,0,1
1367401,1,2024,2024,11,4,7,196,10,166,168,0,1,9,-33.941745,150.983014,15,0,2,1,3,0,0,0,2,2,7,60,2,14295,14295,3,5,12,2,0,0,0,1
1367404,1,2024,2024,9,4,6,2209,17,201,2205,0,1,10,-34.872224,150.605745,63,2,1,1,3,0,0,0,2,2,7,70,2,1391,1391,1,10,36,2,0,0,0,1
1367410,1,2024,2024,2,0,7,63,27,147,34609,0,1,1,-33.872081,150.99311,15,0,2,1,3,0,0,0,2,0,7,50,0,248,248,1,0,5,2,0,0,0,1
1367433,1,2024,2024,9,6,6,26,31,171,34609,0,1,1,-33.808032,150.972631,21,0,2,1,3,0,0,0,2,0,7,40,0,14295,14295,3,9,0,2,0,0,0,1
1367438,1,2024,2024,2,6,8,72,27,82,102,1,0,10,-33.794571,151.257957,50,0,2,1,3,0,0,0,2,2,7,60,2,14295,14295,3,10,5,2,0,0,0,1
1367441,1,2024,2024,9,4,6,2209,17,273,2205,0,1,9,-34.414002,150.892825,80,0,2,1,3,0,3,4,2,2,9,60,2,14295,14295,3,10,5,2,0,0,0,1
1367450,4,2024,2024,9,0,9,232,36,64,168,0,1,2,-34.040491,150.73594,12,0,2,1,3,0,0,0,3,0,7,60,2,4026,4026,8,0,40,1,0,1,0,0
1367452,1,2024,2024,9,2,5,171,27,113,369,0,1,9,-33.8053,150.696183,55,0,2,1,3,0,3,4,2,2,7,80,2,623,623,3,10,5,2,0,0,0,1
1367461,1,2024,2024,9,5,9,2126,17,62,2149,0,1,2,-33.888601,151.143086,32,0,2,1,3,0,0,0,3,0,7,60,2,1282,1282,1,9,5,2,0,0,0,1
1367465,2,2024,2024,2,6,4,89,36,68,81,0,1,9,-34.747787,148.849082,82,1,0,1,3,0,0,0,2,0,0,100,2,926,926,4,30,13,2,0,0,1,0
1367467,4,2024,2024,10,1,4,2,27,15,20,0,1,1,-35.278887,145.978414,51,1,0,1,3,0,0,0,2,0,7,100,1,475,475,5,8,40,1,0,1,0,0
1367477,2,2024,2024,9,0,5,2209,17,11,2205,0,1,1,-36.284902,150.123703,23,1,0,1,3,0,0,0,2,0,7,100,2,1089,1089,7,5,40,1,0,0,1,0
1367478,1,2024,2024,9,4,5,19,31,31,34609,0,1,9,-35.074664,148.104269,20,2,1,1,3,0,0,0,2,0,7,50,0,4026,4026,8,16,40,1,0,0,0,1
1367479,1,2024,2024,10,0,6,29,27,85,27,0,1,9,-34.570177,150.781638,62,0,2,1,3,0,0,0,2,2,7,60,2,1192,1192,1,5,0,2,0,0,0,1
1367480,1,2024,2024,10,1,5,229,14,110,237,0,1,3,-33.764565,151.028837,71,0,2,0,3,0,0,0,2,0,7,100,2,1282,1282,1,29,40,2,0,0,0,1
1367485,1,2024,2024,2,1,4,2209,17,88,2205,0,1,9,-33.996565,151.11652,25,0,2,1,3,0,0,0,2,0,0,70,2,775,775,4,5,0,2,0,0,0,1
1367486,1,2024,2024,2,0,9,57,1,44,34609,0,1,10,-33.969984,151.111744,25,0,2,1,3,0,0,0,3,0,15,50,0,6545,6545,4,5,0,2,0,0,0,1
1367488,1,2024,2024,10,6,7,19,27,609,34609,0,1,1,-33.76869,150.891593,7,0,2,1,3,0,0,0,2,0,7,50,0,5929,5929,1,5,5,2,0,0,0,1
1367505,1,2024,2024,10,3,6,24,31,314,34609,0,1,7,-33.859943,150.94794,24,0,2,1,3,0,0,0,2,0,0,50,0,14295,14295,3,10,5,3,0,0,0,1
1367515,4,2024,2024,10,2,2,2261,17,109,2252,0,1,3,-33.965815,150.874736,41,0,2,1,3,0,0,0,1,0,7,100,2,14295,14295,3,0,36,2,0,1,0,0
1367520,1,2024,2024,10,6,4,23,31,218,19,0,1,1,-33.747411,150.768402,55,0,2,1,3,0,0,0,2,0,7,60,1,14295,14295,3,30,0,2,0,0,0,1
1367521,1,2024,2024,6,6,1,1104,14,41,962,0,1,3,-33.826946,151.010013,54,0,2,1,3,0,0,0,0,0,7,90,2,1282,1282,1,5,2,2,0,0,0,1
1367525,4,2024,2024,9,1,8,3,10,6,34609,0,1,9,-32.946837,151.648005,37,0,2,1,3,0,0,0,3,0,7,50,0,1945,1945,5,16,40,1,0,1,0,0
1367531,1,2024,2024,5,6,3,1104,14,223,962,0,1,3,-33.804045,150.905105,7,0,2,1,3,0,0,0,1,0,7,100,2,14295,14295,3,10,12,2,0,0,0,1
1367533,2,2024,2024,9,2,6,12,27,6,34609,0,1,1,-32.698983,151.590868,42,2,1,1,3,0,0,0,2,0,7,60,0,1945,1945,5,16,40,1,0,0,1,0
1367541,1,2024,2024,2,5,8,3,1,173,34609,0,1,9,-33.719168,151.11731,36,0,2,1,3,0,0,0,2,0,7,50,0,3775,3775,0,5,0,2,0,0,0,1
1367543,1,2024,2024,9,0,8,15,31,69,34609,0,1,1,-33.821171,151.020513,54,0,2,1,3,0,0,0,2,0,7,50,0,9859,9859,1,5,5,3,0,0,0,1
1367549,1,2024,2024,9,4,6,2126,17,323,2149,0,1,2,-33.788994,150.855356,7,0,2,1,3,0,0,3,2,0,7,80,2,14295,14295,3,5,5,2,0,0,0,1
1367556,1,2024,2024,9,5,6,232,36,64,168,1,0,9,-34.041112,150.733585,12,0,2,1,3,0,0,0,2,0,7,60,1,14295,14295,3,5,13,2,0,0,0,1
1367559,1,2024,2024,9,0,8,103,27,176,167,0,1,9,-33.971967,151.136356,25,0,2,1,3,0,0,0,2,0,0,60,2,5929,5929,1,9,5,2,0,0,0,1
1367565,2,2024,2024,9,5,7,2209,17,144,2205,0,1,9,-34.069812,151.012939,68,0,2,1,3,0,0,0,2,0,7,70,2,775,775,4,19,5,4,0,0,2,0
1367567,2,2024,2024,10,3,8,916,17,23,917,0,1,9,-31.619322,150.767318,51,1,0,0,3,0,0,0,2,0,7,100,2,2585,4009,8,5,40,1,0,0,1,0
1367569,2,2024,2024,9,3,4,55,27,74,70,0,1,2,-33.722505,151.035715,31,0,2,1,3,0,0,0,2,0,7,60,2,3775,3775,0,5,0,2,0,0,1,0
1367573,2,2024,2024,9,0,8,62,10,33,62,0,1,7,-33.415796,151.349064,16,2,2,0,3,0,3,4,2,0,0,60,2,6545,6545,4,5,0,2,0,0,1,0
1367577,2,2024,2024,11,6,3,23,31,7,34609,0,1,9,-33.424318,149.644109,3,2,1,1,3,0,0,0,1,0,7,50,0,926,926,4,10,5,2,0,0,1,0
1367579,4,2024,2024,2,2,5,293,31,128,369,0,1,10,-33.619207,150.807343,29,2,2,1,3,0,0,0,2,0,0,60,2,6545,6545,4,10,5,2,0,1,1,0
1367583,1,2024,2024,9,0,11,92,27,106,63,0,1,10,-33.919678,151.089616,15,0,2,1,3,0,3,4,0,2,7,40,1,14295,14295,3,5,0,2,0,0,0,1
1367594,1,2024,2024,2,1,7,1052,27,219,262,0,1,10,-32.904417,151.68687,48,0,2,1,3,0,0,0,2,2,7,60,2,14295,14295,3,0,40,3,0,0,0,1
1367600,1,2024,2024,9,4,8,32,14,35,124,0,1,3,-33.816376,151.201034,77,0,2,1,3,0,0,0,3,0,7,80,2,14295,14295,3,0,0,3,0,0,0,1
1367606,1,2024,2024,2,3,10,205,27,147,415,0,1,9,-33.742886,151.150683,36,0,2,1,3,0,0,0,0,0,7,70,2,5929,5929,1,5,13,2,0,0,0,1
1367607,1,2024,2024,2,4,7,81,27,609,115,0,1,1,-33.778708,150.901175,7,0,2,1,3,0,0,0,2,0,7,60,2,14295,14295,3,0,5,3,0,0,0,1
1367616,1,2024,2024,9,1,6,153,27,197,147,0,1,10,-33.954952,151.079211,25,0,2,1,3,0,0,0,2,2,7,60,2,1192,1192,1,10,0,2,0,0,0,1
1367620,2,2024,2024,9,2,11,251,27,29,212,0,1,9,-33.754772,151.271277,50,0,2,1,3,0,3,4,0,0,7,70,2,775,775,4,0,5,2,0,0,1,0
1367632,1,2024,2024,10,5,0,30,10,24,26,0,1,1,-35.997991,146.139436,51,1,0,1,3,0,0,0,0,0,7,100,2,9859,9859,8,21,40,1,0,0,0,1
1367634,4,2024,2024,2,6,7,344,27,168,382,0,1,10,-33.69705,150.831004,7,0,2,1,3,0,0,0,2,2,7,80,2,14295,14295,3,5,13,2,0,1,0,0
1367642,2,2024,2024,2,4,4,47,31,41,31,0,1,10,-33.818962,151.011288,54,0,2,1,3,0,0,0,2,2,7,60,1,6545,6545,4,5,0,2,0,0,1,0
1367644,1,2024,2024,9,6,7,916,17,165,917,0,1,10,-32.263321,150.888867,46,2,1,1,3,0,0,0,2,2,7,50,2,14295,14295,3,5,0,2,0,0,0,1
1367649,1,2024,2024,10,0,4,34,31,82,34609,0,1,1,-33.826287,151.204973,49,0,2,1,3,0,0,0,2,0,7,50,0,14295,14295,3,0,5,2,0,0,0,1
1367651,1,2024,2024,9,0,4,1104,14,44,962,0,1,3,-33.802697,150.89386,7,0,2,1,3,0,3,0,2,0,7,100,2,14295,14295,3,5,0,4,0,0,0,1
1367659,2,2024,2024,9,6,5,79,10,80,34609,0,1,9,-33.878644,151.200912,69,0,2,1,3,0,0,0,2,2,7,50,0,1109,787,1,5,18,2,0,0,1,0
1367665,2,2024,2024,9,3,10,475,10,54,268,0,1,2,-33.883375,150.860994,24,0,2,1,3,0,0,0,0,0,7,70,2,1089,1089,7,5,40,1,0,0,1,0
1367666,1,2024,2024,10,2,6,87,31,283,34609,0,1,10,-33.828936,151.010368,54,0,2,1,3,0,0,0,2,0,0,50,0,6545,6545,4,5,5,2,0,0,0,1
1367671,1,2024,2024,9,2,8,18,31,176,34609,0,1,1,-33.950867,151.134006,4,0,2,1,3,0,0,0,2,0,7,50,0,941,941,1,5,5,2,0,0,0,1
1367674,1,2024,2024,10,5,4,23,36,13,62,0,1,1,-30.065896,152.98314,18,1,0,0,3,0,0,0,2,0,7,100,1,1957,4009,8,29,40,1,0,0,0,1
1367680,4,2024,2024,9,4,8,5,27,38,34609,0,1,1,-34.143789,150.717643,79,2,2,1,0,0,0,0,2,0,7,80,0,3775,3775,0,5,0,2,0,1,0,0
1367682,1,2024,2024,9,2,8,1104,14,323,962,0,1,3,-33.791474,150.812987,7,0,2,1,3,0,0,0,2,0,7,110,2,3775,3775,0,21,5,2,0,0,0,1
1367684,1,2024,2024,10,2,5,2126,17,218,2149,0,1,2,-33.769764,150.766789,55,0,2,1,3,0,0,3,2,0,7,60,2,14295,14295,3,0,5,2,0,0,0,1
1367695,2,2024,2024,10,5,7,191,27,309,208,0,1,9,-33.802669,151.101225,61,0,2,1,3,0,0,0,2,0,7,60,2,5929,5929,1,5,5,2,0,0,1,0
1367696,2,2024,2024,9,4,7,222,27,73,34609,0,1,9,-33.712944,150.698562,55,0,2,0,3,0,0,0,2,0,0,60,0,5929,5929,1,5,0,2,0,0,2,0
1367701,1,2024,2024,2,4,6,100,31,363,769,0,1,9,-33.812833,151.000353,54,0,2,1,3,0,0,0,2,2,7,60,2,1282,1282,1,0,5,2,0,0,0,1
1367705,2,2024,2024,2,1,3,3,26,75,34609,0,1,1,-32.768401,151.655537,42,1,0,0,3,0,0,0,1,0,7,100,0,2585,4009,8,0,40,1,0,0,1,0
1367707,1,2024,2024,10,3,8,485,27,69,769,0,1,9,-33.780353,150.997535,54,0,2,1,3,0,0,0,2,2,7,60,2,14295,14295,3,5,40,2,0,0,0,1
1367709,2,2024,2024,2,5,8,3,31,197,34609,0,1,1,-33.952956,151.080632,25,0,2,1,3,0,0,0,2,0,7,50,0,9859,9859,1,5,5,3,0,0,1,0