Crash ID,Degree of crash - detailed,Reporting year,Year of crash,Month of crash,Day of week of crash,Two-hour intervals,Street of crash,Street type,Town,Route no.,School zone location,School zone active,Type of location,Latitude,Longitude,LGA,Urbanisation,Conurbation 1,Alignment,Street lighting,Road surface,Surface condition,Weather,Natural lighting,Signals operation,Other traffic control,Speed limit,Road classification,RUM - code,DCA - code,First impact type,Key TU type,Other TU type,No. of traffic units involved,No. killed,No. seriously injured,No. moderately injured,No. minor-other injured
1367711,4,2024,2024,2,6,8,265,17,24,193,0,1,1,-34.505494,148.160559,20,1,0,1,3,0,0,0,2,0,7,100,2,945,945,5,5,40,1,0,1,0,0
1367724,2,2024,2024,2,6,8,334,17,6,308,0,1,1,-31.398412,152.121974,56,2,1,0,3,0,3,4,3,0,7,80,2,2585,4009,8,0,40,1,0,0,1,0
1367725,2,2024,2024,2,0,4,16,27,7,10,0,1,1,-35.905016,148.384417,66,2,1,1,3,0,0,0,2,0,7,60,0,9859,9859,8,10,40,1,0,0,1,0
1367729,1,2024,2024,9,0,7,2126,17,226,2149,0,1,9,-33.78075,150.820782,7,0,2,1,3,0,0,0,2,0,0,80,2,775,775,4,5,0,2,0,0,0,1
1367730,2,2024,2024,2,3,9,1,31,253,34609,0,1,10,-33.965428,151.101736,25,0,2,1,3,0,0,0,3,0,9,50,0,1850,777,5,15,40,1,0,0,1,0
1367731,2,2024,2024,2,3,8,112,27,96,256,0,1,2,-34.048726,150.827762,13,0,2,1,1,0,0,0,3,0,7,60,2,9859,9859,8,0,40,1,0,0,1,0
1367737,1,2024,2024,2,2,11,25,27,133,34609,0,1,9,-34.493709,150.792035,80,0,2,1,3,0,0,0,0,0,15,50,0,775,775,4,0,36,2,0,0,0,1
1367740,4,2024,2024,2,6,5,9,27,40,79,0,1,9,-33.810715,151.209851,77,0,2,1,3,0,0,0,2,2,7,50,2,5929,5929,1,5,0,2,0,1,0,0
1367758,1,2024,2024,2,0,8,102,31,646,28,0,1,1,-33.917939,151.046563,15,0,2,1,3,0,0,0,2,0,7,60,1,1391,1391,1,21,5,3,0,0,0,1
1367768,2,2024,2024,2,6,8,485,31,169,769,0,1,10,-33.600735,150.75931,29,2,2,1,3,0,0,0,2,2,7,60,2,5929,5929,1,0,5,2,0,0,1,0
1367771,4,2024,2024,9,0,6,2,27,6,34609,0,1,1,-34.059101,151.022936,68,0,2,1,3,0,0,0,2,0,7,50,0,9859,9859,1,5,5,2,0,1,0,0
1367782,2,2024,2024,9,0,6,44,27,202,563,0,1,2,-33.946087,151.035608,15,0,2,1,3,0,0,0,2,0,7,70,2,14295,14295,3,5,5,2,0,0,1,0
1367785,1,2024,2024,2,1,3,4,31,34,34609,0,1,1,-37.061321,149.906939,5,2,1,1,3,0,0,0,2,0,7,50,0,238,238,9,5,28,2,0,0,0,1
1367786,1,2024,2024,2,6,8,79,27,145,159,0,1,10,-33.92773,151.108917,15,0,2,1,3,0,0,0,3,2,7,60,2,941,941,1,30,0,2,0,0,0,1
1367787,1,2024,2024,9,1,7,73,27,39,16,0,1,2,-33.779895,150.750735,55,0,2,1,3,0,0,0,2,0,7,80,2,14295,14295,3,5,0,2,0,0,0,1
1367788,2,2024,2024,9,2,1,2261,17,646,2252,0,1,2,-33.907872,151.030873,15,0,2,1,2,0,3,4,0,0,7,60,2,4026,4026,8,0,40,1,0,0,1,0
1367789,1,2024,2024,10,4,4,2,31,9,34609,0,1,9,-31.083284,152.845499,34,2,1,1,3,0,0,0,2,0,7,50,0,14295,14295,3,0,0,2,0,0,0,1
1367792,1,2024,2024,9,5,6,40,10,27,174,0,1,7,-32.666698,151.351411,17,2,1,0,3,0,0,0,2,0,0,50,2,6545,6545,4,19,13,2,0,0,0,1
1367799,2,2024,2024,2,3,3,61,10,87,34609,0,1,1,-33.064793,151.469565,37,0,2,1,3,0,0,0,1,0,7,60,0,3775,3775,0,0,0,3,0,0,1,0
1367800,2,2024,2024,10,3,7,36,27,337,35,0,1,7,-33.728486,150.978504,71,0,2,1,3,0,0,0,2,0,0,50,1,5929,5929,1,5,5,2,0,0,1,0
1367802,2,2024,2024,9,4,8,19,27,26,34609,0,1,1,-33.110306,151.505249,37,0,2,1,3,0,3,4,2,0,7,70,0,9859,9859,8,10,40,1,0,0,1,0
1367803,2,2024,2024,9,6,4,22,27,41,173,0,1,2,-34.396017,150.866809,80,0,2,0,2,0,0,0,2,0,7,80,2,14295,14295,3,9,5,2,0,0,1,0
1367811,2,2024,2024,2,4,6,20,27,62,31,0,1,9,-33.755751,151.263401,50,0,2,1,3,0,0,0,2,0,15,50,1,2852,2852,4,5,0,2,0,0,1,0
1367814,1,2024,2024,9,0,7,177,31,314,208,0,1,9,-33.859861,150.923808,24,0,2,1,3,0,0,0,2,0,0,60,1,14295,14295,3,0,25,2,0,0,0,1
1367826,2,2024,2024,10,6,8,346,17,48,332,0,1,1,-29.01649,152.128698,51,1,0,0,3,0,3,4,3,0,7,100,2,782,957,5,9,40,1,0,0,1,0
1367845,1,2024,2024,2,5,8,42,31,149,34609,0,1,10,-33.987783,151.136782,4,0,2,1,3,0,0,0,2,0,0,50,0,6545,6545,4,5,5,2,0,0,0,1
1367850,1,2024,2024,10,4,4,2,10,74,34609,0,1,9,-34.060462,150.768978,12,0,2,1,3,0,0,0,2,0,7,50,0,14295,14295,3,0,0,2,0,0,0,1
1367853,1,2024,2024,2,0,3,1104,14,223,962,0,1,3,-33.805407,150.915895,7,0,2,1,3,0,0,0,2,0,7,100,2,1383,1383,1,9,25,2,0,0,0,1
1367856,4,2024,2024,9,0,10,171,1,80,104,0,1,10,-33.940619,151.215482,4,0,2,0,3,0,0,0,0,2,7,70,2,6545,6545,4,5,5,3,0,1,1,0
1367858,1,2024,2024,2,2,6,2261,17,346,2252,1,0,9,-33.892121,151.085213,67,0,2,1,3,0,0,0,2,0,7,60,2,14295,14295,3,10,0,3,0,0,0,1
1367860,1,2024,2024,9,3,2,220,27,251,222,0,1,10,-33.76575,150.958253,7,0,2,1,3,0,0,0,1,2,7,80,2,14295,14295,3,9,5,3,0,0,0,1
1367863,1,2024,2024,9,4,8,69,31,646,563,0,1,1,-33.909865,151.041616,15,0,2,1,3,0,0,0,2,0,7,60,2,14295,14295,3,0,13,2,0,0,0,1
1367867,1,2024,2024,10,5,3,2209,17,137,2205,0,1,9,-34.03164,151.066889,68,0,2,1,3,0,0,0,2,2,7,70,2,14295,14295,3,8,0,2,0,0,0,1
1367873,4,2024,2024,2,0,7,15,27,64,32,0,1,9,-34.38358,150.900757,80,0,2,1,3,0,3,4,2,0,7,50,1,5929,5929,1,5,5,2,0,1,0,0
1367877,1,2024,2024,1,3,9,829,31,173,34609,0,1,0,-33.876038,151.221947,69,0,2,1,3,0,0,0,3,0,7,40,0,941,941,1,0,27,2,0,0,0,1
1367878,1,2024,2024,9,0,7,3,27,46,34609,0,1,7,-33.927102,150.853173,41,0,2,0,3,0,0,0,2,0,0,50,0,14295,14295,3,10,0,2,0,0,0,1
1367883,1,2024,2024,10,1,6,2261,17,523,2252,0,1,9,-33.917234,150.919936,41,0,2,1,1,0,3,3,2,2,7,60,2,14295,14295,3,9,0,2,0,0,0,1
1367884,1,2024,2024,7,1,7,84,27,55,31,0,1,1,-33.945692,150.892424,41,0,2,1,3,0,0,0,2,0,7,60,1,14295,14295,3,19,5,2,0,0,0,2
1367893,4,2024,2024,2,0,5,150,27,309,415,0,1,10,-33.80383,151.113255,61,0,2,1,3,0,0,0,2,2,7,70,2,3775,3775,0,5,5,2,0,1,0,0
1367894,1,2024,2024,10,2,8,9,1,226,34609,0,1,7,-33.770962,150.82635,7,0,2,1,3,0,0,0,2,0,0,50,0,489,489,8,5,40,1,0,0,0,2
1367897,4,2024,2024,2,4,8,48,31,523,34609,0,1,9,-33.928368,150.919983,41,0,2,1,3,0,0,0,2,0,7,50,0,3775,3775,0,5,0,4,0,1,0,0
1367908,1,2024,2023,2,6,6,280,10,237,240,1,0,9,-33.867603,150.957058,24,0,2,1,3,0,3,4,2,2,7,60,2,2852,2852,4,5,0,2,0,0,0,1
1367912,1,2024,2024,9,4,8,515,14,197,518,0,1,3,-33.941848,151.081169,15,0,2,1,3,0,0,0,2,0,7,90,2,14295,14295,3,0,12,2,0,0,0,1
1367917,1,2024,2024,2,1,4,2261,17,523,2252,0,1,2,-33.931978,150.917023,41,0,2,1,3,0,0,0,2,0,4,60,2,14295,14295,3,0,5,2,0,0,0,1
1367920,1,2024,2024,2,5,9,11,10,26,34609,0,1,1,-33.754957,150.881463,7,0,2,1,3,0,0,0,3,0,7,50,0,238,238,9,5,28,2,0,0,0,1
1367925,2,2024,2024,2,0,6,3371,17,463,3342,0,1,7,-30.320684,153.085652,19,2,1,1,3,0,0,0,2,0,0,60,2,1282,1282,1,0,0,2,0,0,1,1
1367929,4,2024,2024,2,1,7,10,31,38,28,0,1,1,-33.948731,151.072468,25,0,2,1,3,0,0,0,2,0,7,50,1,9859,9859,1,0,5,2,0,1,0,1
1367935,1,2024,2024,2,5,3,308,14,42,311,0,1,3,-33.902258,150.844702,41,0,2,1,3,0,0,0,1,0,7,100,2,14295,14295,3,0,12,3,0,0,0,1
1367937,4,2024,2024,9,1,10,12,31,87,34609,0,1,7,-28.809662,153.287894,39,2,1,0,3,0,3,4,0,0,0,50,0,6545,6545,4,10,5,2,0,1,0,0
1367943,1,2024,2024,2,5,9,14,27,609,34609,0,1,1,-33.789589,150.890621,7,0,2,1,3,0,0,0,3,0,7,50,0,1109,397,1,5,19,2,0,0,0,1
1367945,1,2024,2024,10,0,7,34,31,79,8,1,0,9,-33.827348,151.212083,49,0,2,1,3,0,0,0,2,0,7,50,1,1391,1391,1,0,5,2,0,0,0,1
1367951,2,2024,2024,9,5,8,1,31,83,34609,0,1,1,-33.917138,151.117186,15,0,2,1,3,0,0,0,2,0,7,50,0,237,162,8,5,40,1,0,0,1,0
1367956,4,2024,2024,2,0,7,51,27,5,34609,0,1,1,-33.273254,151.549612,16,2,2,1,3,0,0,0,2,0,7,50,0,9859,9859,1,5,6,2,0,1,0,0
1367959,1,2024,2024,2,0,9,106,27,46,106,0,1,2,-33.926218,150.865329,41,0,2,1,3,0,0,0,3,0,7,70,2,9859,9859,8,5,40,1,0,0,0,1
1367964,2,2024,2024,1,3,4,114,27,19,65,0,1,1,-33.307563,151.254069,16,2,2,0,3,0,3,4,2,0,7,80,1,4552,5151,8,5,40,1,0,0,1,0
1367969,1,2024,2024,2,1,6,110,31,53,34609,0,1,9,-31.095793,150.93278,70,2,1,1,3,0,0,0,2,0,7,40,0,926,926,4,5,5,2,0,0,0,1
1367979,1,2024,2024,9,0,6,11,31,90,49,0,1,9,-32.924564,151.749932,48,0,2,1,3,0,0,0,2,0,7,60,1,623,623,3,10,36,2,0,0,0,1
1367981,1,2024,2024,2,0,7,296,27,187,293,0,1,10,-33.881872,150.977366,24,0,2,1,3,0,3,0,2,2,7,60,2,14295,14295,3,5,5,2,0,0,0,1
1367982,1,2024,2024,10,2,8,80,31,176,159,0,1,9,-33.95279,151.135716,4,0,2,0,3,0,0,0,3,2,7,60,2,217,217,1,0,0,2,0,0,0,1
1367985,2,2024,2024,9,2,7,41,10,63,34609,0,1,7,-28.186169,153.524233,72,2,1,1,3,0,0,0,2,0,0,50,0,14295,14295,3,34,5,3,0,0,1,0
1367988,4,2024,2024,2,1,2,220,27,66,222,0,1,10,-33.712067,150.933519,7,0,2,1,3,0,0,0,1,2,7,80,2,6545,6545,4,5,13,2,0,1,0,0
1367995,1,2024,2024,10,3,7,475,31,532,34609,0,1,1,-33.86767,151.210588,69,0,2,1,3,0,0,0,2,1,9,40,0,14295,14295,3,5,0,2,0,0,0,2
1368001,1,2024,2024,9,2,3,143,31,137,34609,0,1,10,-34.029655,151.056745,68,0,2,1,3,0,0,0,1,0,0,50,0,2040,2040,9,0,28,2,0,0,0,1
1368004,1,2024,2024,2,3,7,3371,17,73,3342,0,1,2,-33.773901,151.167641,36,0,2,1,3,0,0,0,2,0,7,60,2,941,941,1,0,0,3,0,0,0,1
1368010,1,2024,2024,2,3,6,109,27,137,105,0,1,9,-33.895601,150.908618,24,0,2,1,3,0,0,0,2,0,15,60,2,14295,14295,3,0,0,2,0,0,0,1
1368012,1,2024,2024,9,2,7,92,31,61,34609,0,1,7,-33.892397,150.916219,24,0,2,1,3,0,0,0,2,0,7,50,0,6545,6545,4,0,5,3,0,0,0,1
1368017,2,2024,2024,9,2,4,15,31,99,34609,0,1,9,-33.8909,151.273383,76,0,2,1,3,0,0,0,2,0,15,40,0,5929,5929,1,10,12,2,0,0,1,0
1368020,1,2024,2024,1,6,4,6,27,438,34609,0,1,1,-33.85116,151.035783,21,0,2,1,3,0,0,0,2,0,7,50,0,1981,1981,4,5,5,2,0,0,0,1
1368038,1,2024,2024,9,6,7,67,27,225,68,0,1,1,-33.805474,151.179049,77,0,2,1,3,0,0,0,2,0,7,50,1,1383,1383,1,5,5,2,0,0,0,1
1368041,1,2024,2024,9,1,5,3371,17,73,3342,1,0,9,-33.773457,151.165844,36,0,2,1,3,0,0,0,2,2,7,60,2,14295,14295,3,9,5,2,0,0,0,1
1368042,2,2024,2024,2,6,10,16,2,168,34609,0,1,10,-33.695124,150.819053,7,0,2,1,3,0,0,0,4,0,15,50,0,5929,5929,1,5,0,2,0,0,1,0
1368045,4,2024,2024,2,4,8,59,27,43,53,0,1,1,-34.19112,150.648928,79,1,2,1,3,0,0,0,2,0,7,100,1,9859,9859,8,10,40,1,0,1,0,0
1368046,1,2024,2024,4,6,7,5,10,57,34609,0,1,1,-33.943129,151.224336,4,0,2,1,3,0,0,0,2,0,7,50,0,1981,1981,4,5,27,2,0,0,0,1
1368053,2,2024,2024,2,4,0,7,18,11,34609,0,1,1,-35.131461,147.430387,75,2,1,1,3,0,0,0,0,0,7,60,0,9859,9859,8,5,40,1,0,0,1,0
1368058,1,2024,2024,9,0,8,515,14,252,518,0,1,3,-33.948022,150.891662,41,0,2,1,3,0,0,0,2,0,7,100,2,14295,14295,3,10,5,4,0,0,0,1
1368065,2,2024,2024,10,1,6,26,27,232,34609,0,1,9,-33.686034,150.924914,71,0,2,1,3,0,0,0,2,0,0,60,0,2852,2852,4,5,5,2,0,0,1,0
1368067,1,2024,2024,9,6,5,10,31,120,34609,0,1,1,-32.191161,152.511817,43,2,1,1,3,0,0,0,2,0,7,50,0,387,387,1,22,36,2,0,0,0,1
1368071,1,2024,2024,9,6,8,330,27,106,605,0,1,9,-33.681731,151.303025,50,0,2,1,3,0,0,0,4,0,15,70,2,5929,5929,1,5,0,2,0,0,0,1
1368074,1,2024,2024,2,6,5,55,10,112,47,0,1,2,-33.439855,151.423202,16,2,2,0,3,0,0,0,2,0,7,60,2,1383,1383,1,10,5,2,0,0,0,1
1368076,2,2024,2024,10,6,3,330,23,54,233,0,1,2,-33.895042,151.221462,69,0,2,1,3,0,0,0,2,0,7,60,2,14295,14295,3,9,13,4,0,0,1,0
1368077,2,2024,2024,2,5,4,34,27,225,69,0,1,1,-33.796237,151.172891,77,0,2,0,3,0,0,0,2,0,7,50,2,14295,14295,3,5,0,2,0,0,1,0
1368079,2,2024,2024,9,6,7,387,27,13,40,0,1,1,-33.371439,149.081051,52,1,0,0,3,0,3,4,2,0,7,100,1,4552,5151,8,5,40,1,0,0,1,0
1368091,4,2024,2024,10,3,6,283,27,88,702,0,1,10,-33.983402,151.10913,25,0,2,1,3,0,0,0,2,2,7,70,2,6545,6545,4,5,5,2,0,1,0,0
1368092,2,2024,2024,9,3,5,2261,17,443,2252,0,1,9,-33.904596,151.042007,15,0,2,1,3,0,0,0,2,2,7,60,2,2852,2852,4,5,0,2,0,0,2,0
1368093,1,2024,2024,9,3,11,280,10,237,240,0,1,9,-33.869345,150.959861,24,0,2,0,3,0,3,2,0,0,7,60,2,1957,4009,8,5,40,1,0,0,0,1
1368097,1,2024,2024,2,3,6,89,31,143,34609,0,1,9,-33.880638,151.10643,9,0,2,1,3,0,0,0,2,0,7,50,0,14295,14295,3,19,0,3,0,0,0,1
1368110,1,2024,2024,2,6,4,103,27,167,563,0,1,2,-33.825956,151.051128,54,0,2,1,3,0,3,4,2,0,7,80,2,14295,14295,3,0,5,2,0,0,0,1
1368114,2,2024,2024,2,6,5,1052,14,36,928,0,1,3,-33.622355,151.155552,31,0,2,1,3,0,0,0,2,0,7,110,2,14295,14295,3,10,0,2,0,0,1,1
1368115,2,2024,2024,9,4,7,40,31,363,34609,0,1,1,-33.757652,150.697847,55,0,2,1,3,0,0,0,2,0,7,50,0,1981,1981,4,5,5,3,0,0,1,0
1368117,1,2024,2024,2,5,7,361,32,62,96,0,1,1,-33.893567,151.147761,32,0,2,1,3,0,0,0,2,0,7,50,2,14295,14295,3,0,0,2,0,0,0,1
1368120,1,2024,2024,2,2,5,25,27,147,94,0,1,2,-33.883198,151.001491,15,0,2,1,3,0,0,0,2,0,7,40,1,14295,14295,3,5,5,3,0,0,0,1
1368121,1,2024,2024,10,1,8,46,31,145,34609,0,1,7,-33.925745,151.065382,15,0,2,1,3,0,0,0,3,0,0,50,0,1282,1282,1,22,5,2,0,0,0,1
1368122,1,2024,2024,9,3,5,2126,17,27,2149,0,1,1,-33.592067,150.257315,8,2,2,0,3,0,0,0,2,0,7,60,2,14295,14295,3,5,13,2,0,0,0,1
1368123,2,2024,2024,10,5,5,2209,17,40,2205,0,1,1,-34.997019,150.584173,63,2,1,1,3,0,0,0,2,0,7,80,2,14295,14295,3,10,0,2,0,0,1,1
1368124,1,2024,2024,9,6,10,224,31,316,34609,0,1,10,-33.921966,151.23512,59,0,2,1,3,0,0,0,0,0,15,50,0,14295,14295,3,0,0,2,0,0,0,1
1368129,2,2024,2024,10,3,9,67,27,58,34609,0,1,1,-34.056796,151.121121,68,0,2,1,3,0,0,0,2,0,7,50,0,9859,9859,1,0,5,2,0,0,1,0
1368132,1,2024,2024,10,6,3,1,31,159,34609,0,1,1,-33.805813,151.071862,61,0,2,1,3,0,0,0,2,0,7,50,0,1192,1192,1,0,18,2,0,0,0,1
1368134,1,2024,2024,10,5,3,112,27,169,769,0,1,1,-33.586063,150.725116,29,2,2,1,3,0,0,0,2,0,7,60,2,14295,14295,3,5,0,2,0,0,0,1
1368135,4,2024,2024,9,5,3,36,27,11,82,0,1,9,-35.163432,147.33563,75,2,1,0,3,0,0,0,1,0,7,80,1,273,957,5,5,40,1,0,1,0,0
1368137,2,2024,2024,10,5,6,126,1,226,144,0,1,9,-33.758036,150.818576,7,0,2,1,3,0,0,0,2,0,7,60,2,301,301,4,10,0,3,0,0,1,0
1368140,1,2024,2024,10,6,7,308,14,252,311,0,1,6,-33.950228,150.882889,41,0,2,0,3,0,0,0,2,0,7,100,2,1192,1192,1,5,5,2,0,0,0,1
1368141,1,2024,2024,10,1,10,65,27,646,563,0,1,10,-33.929546,151.038304,15,0,2,1,3,0,0,0,0,2,7,70,2,6545,6545,4,5,5,2,0,0,0,1
1368146,2,2024,2024,10,1,4,42,27,128,231,0,1,10,-33.424833,151.319166,16,2,2,1,3,0,0,0,2,2,7,60,2,5929,5929,1,0,13,2,0,0,1,0
1368148,1,2024,2024,10,4,7,78,31,124,34609,0,1,1,-33.815257,151.040467,54,0,2,1,3,0,0,0,2,0,7,50,0,1981,1981,4,5,5,2,0,0,0,1
1368151,1,2024,2024,2,6,7,19,27,57,63,0,1,7,-34.571045,150.823202,62,0,2,1,0,0,0,0,2,0,0,60,2,14295,14295,3,10,0,2,0,0,0,1
1368154,2,2024,2024,9,2,5,3,27,53,34609,0,1,1,-33.737547,151.291686,50,0,2,1,3,0,0,3,2,0,7,50,0,9859,9859,1,5,5,3,0,0,1,0
1368158,1,2024,2024,9,0,4,3371,17,38,3342,0,1,2,-30.264179,153.129572,19,2,1,1,3,0,0,0,2,0,7,60,2,1391,1391,1,30,13,4,0,0,0,1
1368161,2,2024,2024,10,4,4,123,31,39,34609,0,1,10,-32.902455,151.582888,37,0,2,1,3,0,0,0,2,0,0,50,0,9859,9859,8,5,40,1,0,0,1,0
1368162,2,2024,2024,11,4,7,7,27,43,34609,1,0,2,-33.697071,151.296353,50,0,2,1,3,0,3,4,2,0,0,40,0,5929,5929,1,16,5,2,0,0,1,0
1368163,1,2024,2024,9,6,8,63,31,79,79,1,0,10,-33.824966,151.209829,49,0,2,1,3,0,0,0,2,0,15,50,2,5929,5929,1,5,13,3,0,0,0,1
1368164,4,2024,2024,2,5,6,475,31,252,75,0,1,9,-33.882887,151.208419,69,0,2,1,2,0,0,0,2,2,7,40,1,775,775,4,5,0,2,0,1,0,0
1368170,2,2024,2024,9,2,11,57,36,112,769,0,1,10,-33.612325,150.815103,29,2,2,1,3,0,0,0,0,2,7,60,2,5929,5929,1,5,5,2,0,0,1,0
1368176,4,2024,2024,2,1,9,32,31,73,35,0,1,9,-33.89298,151.158929,32,0,2,1,3,0,0,0,3,0,0,50,1,9859,9859,8,5,40,1,0,1,0,0
1368177,1,2024,2024,1,1,6,133,17,14,121,0,1,9,-35.703243,149.158265,65,1,0,1,3,0,0,0,2,0,7,100,2,14295,14295,3,0,36,2,0,0,0,1
1368179,1,2024,2024,9,4,5,13,31,463,62,0,1,1,-30.294513,153.106442,19,2,1,1,3,0,0,0,2,0,7,50,1,5929,5929,1,0,5,2,0,0,0,1
1368180,1,2024,2024,2,4,9,330,27,43,605,0,1,9,-33.697712,151.300789,50,0,2,1,3,0,0,0,3,2,7,70,2,926,926,4,5,5,2,0,0,0,1
1368188,1,2024,2024,10,3,9,36,27,10,83,0,1,1,-29.430801,153.268799,18,1,0,0,3,0,0,0,0,0,7,90,1,2585,4009,8,5,40,1,0,0,0,1
1368194,1,2024,2024,9,6,5,44,1,126,22,0,1,10,-33.930246,150.812613,41,0,2,1,3,0,0,0,2,0,0,60,1,6545,6545,4,5,0,2,0,0,0,1
1368195,1,2024,2024,2,5,3,220,14,51,220,0,1,3,-34.478199,150.826571,80,0,2,1,3,0,0,0,1,0,7,100,2,14295,14295,3,5,5,2,0,0,0,1
1368196,1,2024,2024,9,0,7,344,27,89,382,0,1,1,-33.65463,150.793938,55,0,2,1,3,0,3,4,2,0,7,80,2,3775,3775,0,8,0,2,0,0,0,1
1368199,1,2024,2024,9,1,8,481,17,155,483,0,1,9,-33.144336,148.170832,53,2,1,0,3,0,0,3,2,0,0,50,2,1669,1669,3,10,5,2,0,0,0,1
1368204,2,2024,2024,2,3,7,6,10,65,34609,0,1,2,-32.926009,151.767405,48,0,2,1,3,0,0,0,2,0,7,30,0,9859,9859,1,10,5,2,0,0,1,0
1368207,1,2024,2024,9,0,8,68,27,98,208,1,0,1,-33.753009,151.065704,31,0,2,1,3,0,3,4,2,0,7,60,2,14295,14295,3,5,5,2,0,0,0,1
1368209,4,2024,2024,2,4,11,293,31,532,55,0,1,1,-33.864165,151.212761,69,0,2,1,3,0,0,0,0,0,7,40,1,2040,2040,9,0,28,3,0,1,1,0
1368210,2,2024,2024,9,2,6,478,17,78,480,0,1,7,-33.422575,151.438949,16,2,2,1,3,0,0,0,2,0,0,60,2,14295,14295,3,5,19,2,0,0,1,0
1368212,1,2024,2024,9,3,5,31,1,253,34609,0,1,0,-33.966393,151.107157,25,0,2,1,3,0,0,0,2,0,7,50,0,1192,1192,1,5,5,2,0,0,0,1
1368215,1,2024,2024,2,0,7,79,31,562,34609,0,1,9,-32.265933,148.603247,22,2,1,1,3,0,0,0,2,0,0,60,0,775,775,4,16,5,2,0,0,0,1
1368216,1,2024,2024,9,1,3,18,31,155,34609,0,1,9,-33.496894,151.308182,16,2,2,1,3,0,3,4,1,0,0,50,0,14295,14295,3,0,5,2,0,0,0,1
1368217,1,2024,2024,10,5,8,230,27,175,284,0,1,2,-33.773845,151.086903,54,0,2,0,3,0,0,0,2,0,7,60,2,14295,14295,3,0,36,3,0,0,0,1
1368222,2,2024,2024,9,0,8,36,27,43,38,1,0,1,-33.765112,151.248992,50,0,2,0,2,0,0,0,3,0,7,60,1,3775,3775,0,0,0,2,0,0,1,0
1368224,1,2024,2024,3,3,8,37,31,273,87,0,1,1,-34.425368,150.899899,80,0,2,1,3,0,0,0,2,0,7,60,2,9859,9859,1,5,0,2,0,0,0,1
1368225,2,2024,2024,1,2,7,53,31,67,125,0,1,10,-33.883708,151.006723,15,0,2,1,3,0,0,0,2,2,7,60,1,6545,6545,4,17,5,2,0,0,1,0
1368229,2,2024,2024,10,5,10,224,27,102,321,0,1,9,-33.966347,151.225057,59,0,2,1,3,0,0,0,0,2,7,70,2,5929,5929,1,29,13,2,0,0,1,0
1368230,1,2024,2024,10,6,10,1,1,523,34609,0,1,9,-33.921219,150.912246,41,0,2,1,3,0,0,0,0,0,7,50,0,2585,777,8,0,40,1,0,0,0,1
1368232,1,2024,2024,10,5,7,3371,17,19,3342,0,1,2,-28.284435,153.516169,72,1,0,1,3,0,0,0,2,0,7,110,2,4026,4026,8,5,40,1,0,0,0,1
1368237,1,2024,2024,9,0,3,175,27,55,220,0,1,9,-33.738672,150.917745,7,0,2,1,3,0,0,0,4,2,7,70,2,1282,1282,1,0,5,4,0,0,0,2
1368238,2,2024,2024,10,4,8,8,1,21,34609,0,1,1,-33.874609,151.236851,81,0,2,1,0,0,0,0,2,0,7,50,0,9859,9859,1,5,0,2,0,0,1,0
1368239,2,2024,2024,10,4,7,73,24,17,88,0,1,1,-33.7752,151.237479,50,0,2,1,3,0,0,0,2,0,7,80,2,1109,787,1,0,36,2,0,0,2,0
1368242,2,2024,2024,9,3,6,78,27,147,78,0,1,10,-33.870551,151.129169,14,0,2,1,3,0,0,0,2,2,7,60,2,6545,6545,4,5,5,2,0,0,1,0
1368244,1,2024,2024,9,0,8,193,27,438,34609,1,0,1,-33.850234,151.030516,21,0,2,1,3,0,0,0,2,0,7,50,0,14295,14295,3,5,0,2,0,0,0,1
1368251,2,2024,2024,9,4,5,8,10,107,34609,0,1,9,-33.275973,151.426898,16,2,2,0,0,0,0,0,2,0,7,50,0,775,775,4,33,5,2,0,0,1,0
1368252,1,2024,2024,9,1,5,23,31,134,23,0,1,9,-33.896058,151.250471,76,0,2,1,3,0,0,0,2,0,0,50,1,14295,14295,3,0,0,2,0,0,0,1
1368254,1,2024,2024,9,0,5,8,1,646,34609,0,1,1,-33.91617,151.0401,15,0,2,1,3,0,0,0,2,0,7,40,0,1981,1981,4,0,5,2,0,0,0,1
1368256,1,2024,2024,9,4,8,829,27,159,770,0,1,10,-33.813536,151.096368,61,0,2,1,3,0,0,0,2,2,7,60,2,323,323,1,5,18,2,0,0,0,1
1368257,1,2024,2024,11,0,6,2209,17,74,2205,0,1,9,-34.435096,150.86192,80,0,2,1,3,0,0,0,2,2,7,60,2,14295,14295,3,5,13,2,0,0,0,1
1368260,2,2024,2024,10,1,6,2,27,64,34609,0,1,1,-33.759713,151.209501,50,0,2,1,1,0,0,0,2,0,7,50,0,3775,3775,0,10,0,2,0,0,1,0
1368261,2,2024,2024,2,5,3,293,10,23,172,0,1,1,-32.989977,151.636031,37,0,2,1,3,0,0,3,1,0,7,60,2,3775,3775,0,0,5,2,0,0,1,0
1368262,4,2024,2024,2,4,9,47,31,226,34609,0,1,9,-33.771615,150.813864,7,0,2,1,0,0,0,0,4,0,7,50,0,1981,1981,4,10,5,2,0,1,0,0
1368264,2,2024,2024,10,2,4,89,36,6,81,0,1,1,-33.515308,148.333899,51,1,0,1,3,0,0,0,2,0,7,100,2,1089,1089,7,16,40,1,0,0,1,0
1368265,2,2024,2024,10,4,7,26,31,646,34609,0,1,1,-33.912663,151.032214,15,0,2,1,3,0,0,0,2,0,7,60,0,1391,1391,1,5,5,2,0,0,1,0