Crash ID,Degree of crash - detailed,Reporting year,Year of crash,Month of crash,Day of week of crash,Two-hour intervals,Street of crash,Street type,Town,Route no.,School zone location,School zone active,Type of location,Latitude,Longitude,LGA,Urbanisation,Conurbation 1,Alignment,Street lighting,Road surface,Surface condition,Weather,Natural lighting,Signals operation,Other traffic control,Speed limit,Road classification,RUM - code,DCA - code,First impact type,Key TU type,Other TU type,No. of traffic units involved,No. killed,No. seriously injured,No. moderately injured,No. minor-other injured
1368266,1,2024,2024,10,4,9,475,10,523,268,0,1,10,-33.915278,150.909701,41,0,2,1,3,0,0,0,4,2,7,70,2,14295,14295,3,9,5,2,0,0,0,1
1368269,1,2024,2024,5,4,7,485,27,154,769,0,1,2,-33.715594,150.96047,71,0,2,1,3,0,0,0,2,0,7,60,2,945,945,5,0,40,1,0,0,0,1
1368272,2,2024,2024,9,2,6,44,27,202,563,0,1,9,-33.956427,151.037974,15,0,2,1,3,0,0,0,2,0,0,70,2,623,623,3,5,13,2,0,0,1,0
1368276,2,2024,2024,2,2,5,149,27,60,198,0,1,10,-33.949292,150.950069,41,0,2,1,1,0,3,4,2,2,7,60,2,775,775,4,0,5,2,0,0,1,0
1368277,1,2024,2024,9,1,9,500,27,41,799,0,1,1,-33.906459,151.126972,32,0,2,1,3,0,0,0,2,0,7,60,2,1192,1192,1,5,5,2,0,0,0,1
1368279,1,2024,2024,9,6,6,1,1,87,34609,0,1,9,-28.807921,153.292321,39,2,1,1,3,0,0,0,2,0,0,50,0,2852,2852,4,0,5,2,0,0,0,1
1368284,4,2024,2024,10,6,8,55,27,151,160,0,1,1,-34.040349,150.843427,13,0,2,1,3,0,0,0,3,0,7,60,2,1669,1669,3,0,5,2,0,1,0,1
1368286,4,2024,2024,9,1,4,35,27,29,19,0,1,1,-34.066333,150.586373,79,1,2,0,3,0,0,0,2,0,7,100,1,2585,4009,8,0,40,1,0,1,0,0
1368287,2,2024,2024,9,4,8,3,10,42,34609,0,1,9,-33.944877,150.938989,41,0,2,0,3,0,0,0,2,0,7,40,0,1945,1945,5,5,40,1,0,0,1,0
1368292,2,2024,2024,10,6,6,224,27,246,321,1,0,1,-33.904866,151.202673,69,0,2,1,3,0,0,0,2,0,7,50,2,9859,9859,8,9,40,1,0,0,1,0
1368295,1,2024,2024,9,5,4,126,1,32,144,0,1,7,-33.756221,150.818863,7,0,2,0,3,0,0,0,2,0,0,60,2,14295,14295,3,5,5,2,0,0,0,1
1368297,2,2024,2024,9,5,6,1052,14,83,928,0,1,3,-33.476573,151.189083,16,1,2,0,3,0,0,0,2,0,7,110,2,14295,14295,3,10,5,3,0,0,1,0
1368298,2,2024,2024,10,6,8,168,10,387,260,0,1,2,-33.945902,151.181403,4,0,2,1,3,0,0,0,2,0,7,70,2,14295,14295,3,29,13,3,0,0,1,0
1368303,4,2024,2024,10,2,5,330,27,121,102,0,1,10,-33.789271,151.284832,50,0,2,1,3,0,0,3,2,0,7,40,2,1945,1945,5,16,40,1,0,1,0,0
1368306,2,2024,2024,1,5,4,82,27,134,181,0,1,10,-33.892879,151.256313,76,0,2,1,1,0,0,0,2,0,0,50,2,6545,6545,4,5,18,2,0,0,1,0
1368307,1,2024,2024,10,0,8,56,27,323,38,0,1,9,-33.755688,150.95754,71,0,2,1,3,0,0,0,3,0,7,60,1,14295,14295,3,5,0,2,0,0,0,1
1368311,4,2024,2024,9,6,7,2,31,201,34609,0,1,10,-34.868476,150.598135,63,2,1,1,1,0,0,0,2,0,0,50,0,1945,1945,5,16,40,1,0,1,0,0
1368313,1,2024,2024,9,6,8,154,27,106,244,0,1,9,-33.907823,151.076504,15,0,2,0,3,0,0,0,2,0,7,60,2,5929,5929,1,5,5,2,0,0,0,1
1368314,2,2024,2024,2,1,7,89,36,68,81,0,1,1,-34.761923,148.855704,82,1,0,1,3,0,0,0,2,0,7,100,2,475,475,5,10,40,1,0,0,1,0
1368315,2,2024,2024,11,1,8,3371,17,108,3342,0,1,9,-33.818889,151.183412,77,0,2,1,3,0,0,0,2,2,7,60,2,5929,5929,1,30,5,2,0,0,1,0
1368318,1,2024,2024,10,3,3,866,17,110,793,0,1,9,-33.748074,151.04983,71,0,2,0,3,0,0,0,2,2,7,70,2,5929,5929,1,0,5,2,0,0,0,1
1368319,1,2024,2024,2,1,9,31,31,237,34609,0,1,1,-33.875992,150.938902,24,0,2,1,3,0,0,0,3,0,7,50,0,1391,1391,1,0,5,2,0,0,0,1
1368332,1,2024,2024,11,2,8,2261,17,243,2252,0,1,10,-33.957487,150.882391,41,0,2,1,3,0,0,0,3,2,7,70,2,1669,1669,3,33,5,2,0,0,0,1
1368333,1,2024,2024,5,5,6,97,27,166,799,0,1,9,-33.930746,150.995525,15,0,2,1,3,0,0,0,2,2,7,70,2,217,217,1,9,13,2,0,0,0,1
1368336,4,2024,2024,10,4,4,27,27,102,28,0,1,9,-33.959571,151.204948,4,0,2,1,3,0,0,0,2,2,7,80,2,14295,14295,3,5,0,2,0,1,0,0
1368339,1,2024,2024,9,5,4,485,27,42,769,0,1,9,-33.705493,150.934459,71,0,2,1,3,0,0,0,2,2,7,80,2,2852,2852,4,5,5,2,0,0,0,1
1368341,1,2024,2024,10,6,10,15,27,65,34609,0,1,9,-33.869824,150.898506,24,0,2,1,3,0,0,0,0,2,7,50,0,5929,5929,1,5,13,2,0,0,0,1
1368343,2,2024,2024,10,3,7,30,27,67,34609,0,1,1,-33.649128,150.898893,71,0,2,1,3,0,0,0,2,0,7,60,0,14295,14295,3,5,5,2,0,0,1,0
1368350,2,2024,2024,9,0,8,1104,14,44,962,0,1,3,-33.802341,150.889537,7,0,2,1,3,0,0,0,2,0,7,100,2,14295,14295,3,5,0,2,0,0,1,1
1368355,4,2024,2024,2,2,8,2261,17,112,2252,0,1,2,-33.911601,150.93768,41,0,2,1,3,0,0,0,2,0,7,70,2,14295,14295,3,5,5,3,0,1,0,0
1368360,1,2024,2024,5,1,9,8,1,37,80,0,1,1,-33.021495,151.675866,37,0,2,1,3,0,0,0,0,0,7,60,1,1282,1282,1,0,0,2,0,0,0,1
1368361,4,2024,2024,10,4,4,31,31,70,148,0,1,1,-32.903198,151.720468,48,0,2,1,3,0,0,0,2,0,7,60,1,84,84,6,5,40,1,0,1,0,0
1368363,4,2024,2024,10,1,4,7,27,8,34609,0,1,9,-33.701919,150.789376,7,0,2,1,3,0,0,0,2,0,7,50,0,2040,2040,9,30,28,2,0,1,0,0
1368365,2,2024,2024,9,6,4,478,17,58,480,0,1,10,-33.433999,151.296485,16,2,2,1,3,0,0,0,2,2,7,60,2,14295,14295,3,0,5,2,0,0,1,0
1368381,1,2024,2024,2,3,8,2126,17,78,2149,0,1,10,-33.866485,151.093699,14,0,2,1,3,0,0,0,2,2,7,60,2,14295,14295,3,10,0,2,0,0,0,1
1368382,1,2024,2024,2,4,5,149,10,346,702,0,1,10,-33.86795,151.064387,67,0,2,1,3,0,0,0,2,2,7,80,2,14295,14295,3,5,0,2,0,0,0,1
1368385,1,2024,2024,2,2,4,126,27,370,168,0,1,2,-34.066661,150.800973,13,0,2,1,3,0,0,0,2,0,7,80,2,14295,14295,3,5,5,2,0,0,0,1
1368390,1,2024,2024,2,5,5,2,27,64,34609,0,1,9,-32.940764,151.707524,48,0,2,1,3,0,0,0,2,2,7,60,0,14295,14295,3,5,5,2,0,0,0,1
1368392,2,2024,2024,9,5,11,9,27,9,34609,0,1,1,-28.591629,152.867981,51,1,0,0,3,0,0,0,0,0,7,100,0,1259,5151,8,10,40,1,0,0,1,0
1368393,1,2024,2024,9,0,5,72,31,363,34609,0,1,10,-33.824413,150.999721,54,0,2,1,3,0,0,0,2,0,15,50,0,1282,1282,1,30,5,2,0,0,0,1
1368395,1,2024,2024,9,3,4,85,27,53,145,0,1,9,-33.798951,151.0465,54,0,2,1,3,0,0,0,2,2,7,70,2,1282,1282,1,5,5,3,0,0,0,1
1368403,1,2024,2024,9,6,9,168,17,18,212,0,1,1,-35.579115,150.056055,23,2,1,0,3,0,3,1,2,0,7,70,2,2585,4009,8,0,40,1,0,0,0,1
1368404,1,2024,2024,6,2,7,11,31,194,34609,0,1,9,-30.513085,151.665414,1,2,1,1,3,0,0,0,2,0,9,50,0,1282,1282,1,22,40,2,0,0,0,1
1368409,1,2024,2024,1,2,3,55,27,126,38,0,1,9,-33.951706,150.822019,41,0,2,1,3,0,0,0,2,2,7,80,2,1391,1391,1,0,0,2,0,0,0,1
1368410,4,2024,2024,9,1,3,37,27,13,41,0,1,1,-28.852133,153.287983,39,1,0,1,3,0,0,0,2,0,7,100,1,9859,9859,8,0,40,1,0,1,0,0
1368415,2,2024,2024,2,2,7,334,17,15,308,0,1,1,-30.96303,150.660665,70,1,0,1,3,0,0,0,2,0,7,100,2,1945,1945,5,16,40,1,0,0,1,0
1368416,2,2024,2024,2,0,11,52,27,188,53,0,1,10,-33.939954,151.100928,4,0,2,1,2,0,0,0,0,2,7,50,1,5929,5929,1,15,5,2,0,0,1,0
1368418,1,2024,2024,9,6,8,11,27,11,25,0,1,9,-33.483009,151.432232,16,2,2,1,3,0,0,0,2,0,15,50,1,1669,1669,3,0,5,2,0,0,0,1
1368419,2,2024,2024,10,6,6,1,7,16,34609,0,1,1,-33.928006,151.22804,4,0,2,1,3,0,0,0,2,0,7,50,0,1282,1282,1,5,40,1,0,0,1,0
1368427,2,2024,2024,10,4,8,1,31,143,34609,0,1,1,-33.69186,151.094364,31,0,2,1,3,0,0,3,2,0,7,50,0,4026,4026,8,5,40,1,0,0,1,0
1368428,2,2024,2024,10,2,4,8,31,98,34609,0,1,10,-30.977503,150.247865,51,2,1,1,3,0,0,0,2,0,0,50,0,926,926,4,10,5,2,0,0,1,0
1368430,4,2024,2024,2,3,7,3,31,253,34609,0,1,7,-33.970515,151.104888,25,0,2,0,1,0,0,0,2,0,0,50,0,6545,6545,4,5,18,2,0,1,0,0
1368432,1,2024,2024,11,1,2,147,27,72,605,0,1,9,-33.82817,151.230275,49,0,2,1,3,0,0,0,1,2,7,60,2,1192,1192,1,5,0,2,0,0,0,1
1368434,2,2024,2024,10,0,10,59,27,271,17,0,1,9,-33.941379,151.018414,15,0,2,1,3,0,0,0,0,2,7,60,2,14295,14295,3,5,5,2,0,0,1,0
1368439,4,2024,2024,9,4,11,2209,17,201,2205,0,1,9,-34.88303,150.60385,63,2,1,1,3,0,0,0,0,0,0,70,2,1192,1192,1,5,5,2,0,1,0,0
1368447,2,2024,2024,10,0,7,18,27,12,41,0,1,1,-33.403505,148.850246,11,1,0,0,3,0,0,3,2,0,7,90,1,1957,4009,8,10,40,1,0,0,1,0
1368448,1,2024,2024,9,0,5,1052,27,104,262,0,1,6,-32.909404,151.704492,48,0,2,0,3,0,0,0,2,0,0,60,2,14295,14295,3,5,0,2,0,0,0,1
1368449,1,2024,2024,2,0,8,115,27,81,114,0,1,1,-33.887993,151.264282,81,0,2,0,3,0,3,0,2,0,7,50,2,14295,14295,3,5,0,5,0,0,0,1
1368450,2,2024,2024,10,4,7,27,27,294,27,0,1,9,-33.931547,150.95443,41,0,2,1,3,0,0,3,2,0,7,60,1,301,301,4,10,0,2,0,0,1,0
1368451,2,2024,2024,9,0,9,9,27,110,20,0,1,9,-33.765625,151.019569,54,0,2,1,3,0,0,0,3,0,7,60,1,14295,14295,3,0,0,2,0,0,1,0
1368452,1,2024,2024,10,1,8,16,31,134,34609,0,1,10,-33.680976,150.875218,7,0,2,1,3,0,0,0,2,0,15,50,0,84,84,6,0,40,1,0,0,0,1
1368454,2,2024,2024,10,0,3,866,17,44,793,0,1,10,-33.796336,150.978199,54,0,2,1,3,0,0,0,2,2,7,70,2,14295,14295,3,5,0,2,0,0,1,0
1368460,1,2024,2024,2,2,6,2209,17,35,2205,0,1,10,-34.362052,150.907133,80,0,2,1,3,0,0,0,2,2,7,80,2,14295,14295,3,10,36,2,0,0,0,1
1368463,2,2024,2024,2,5,5,33,31,165,34609,0,1,7,-32.261056,150.901964,46,2,1,1,3,0,0,0,2,0,0,50,0,6545,6545,4,10,19,2,0,0,1,0
1368464,1,2024,2024,2,5,6,21,1,11,115,0,1,10,-33.760296,151.173176,36,0,2,0,3,0,0,0,2,0,0,60,1,6545,6545,4,5,5,2,0,0,0,1
1368466,2,2024,2024,9,0,9,232,36,92,331,0,1,10,-33.968871,150.814397,13,0,2,1,3,0,3,4,0,2,7,80,2,14295,14295,3,0,13,3,0,0,1,1
1368470,1,2024,2024,2,5,10,125,27,22,144,0,1,7,-32.857322,151.803324,57,2,1,1,3,0,0,0,0,0,0,70,2,14295,14295,3,0,0,2,0,0,0,1
1368472,2,2024,2024,9,3,11,80,31,176,159,0,1,9,-33.952358,151.134866,4,0,2,1,2,0,0,0,0,0,0,60,2,395,395,1,5,5,2,0,0,1,0
1368473,2,2024,2024,2,1,9,2126,17,218,2149,0,1,10,-33.76996,150.773492,55,0,2,1,3,0,0,0,3,2,7,60,2,6545,6545,4,5,0,3,0,0,1,0
1368474,1,2024,2024,9,4,8,35,31,90,262,0,1,10,-32.922421,151.752168,48,0,2,1,3,0,0,0,2,2,9,60,2,623,623,3,5,5,2,0,0,0,1
1368475,2,2024,2024,11,6,7,10,31,74,34609,0,1,1,-33.767929,150.685174,55,0,2,1,3,0,0,0,2,0,7,50,0,1282,1282,1,5,5,2,0,0,1,0
1368476,1,2024,2024,11,6,3,220,27,251,222,0,1,2,-33.765161,150.958115,7,0,2,1,3,0,0,0,2,0,7,80,2,14295,14295,3,9,0,2,0,0,0,1
1368477,1,2024,2024,2,2,4,255,27,37,62,0,1,7,-32.809257,151.500485,17,2,1,1,3,0,0,0,2,0,0,70,2,14295,14295,3,10,0,2,0,0,0,1
1368478,1,2024,2024,2,2,4,35,27,84,33,0,1,7,-33.781252,151.100287,61,0,2,1,3,0,3,4,2,0,0,60,1,14295,14295,3,5,5,2,0,0,0,1
1368481,2,2024,2024,10,3,8,89,36,68,81,0,1,1,-34.774801,148.855407,82,1,0,0,3,0,0,0,2,0,7,100,2,4552,5151,8,0,40,1,0,0,1,0
1368482,1,2024,2024,10,6,3,6,27,5,34609,0,1,1,-28.799885,153.374973,39,2,1,1,3,0,0,0,2,0,7,80,0,9859,9859,8,0,40,1,0,0,0,1
1368484,1,2024,2024,10,4,7,5,27,143,34609,0,1,0,-33.703272,151.11121,31,0,2,1,3,0,0,0,2,0,7,50,0,248,248,1,10,0,2,0,0,0,1
1368491,1,2024,2024,2,3,4,1,31,20,34609,0,1,10,-35.021242,149.271937,82,2,1,1,3,0,0,0,2,0,0,50,0,1282,1282,1,0,27,2,0,0,0,1
1368492,2,2024,2024,2,1,4,171,23,41,34609,1,0,9,-33.781293,151.271347,50,0,2,1,1,0,0,0,2,0,7,50,0,5929,5929,1,10,27,2,0,0,1,0
1368493,2,2024,2024,9,4,6,478,17,78,480,0,1,7,-33.422575,151.438949,16,2,2,0,3,0,0,3,2,0,0,60,2,5929,5929,1,5,13,2,0,0,1,0
1368494,1,2024,2024,9,6,7,2126,17,363,2149,0,1,9,-33.818993,150.998439,54,0,2,1,3,0,0,0,2,2,9,60,2,14295,14295,3,21,0,2,0,0,0,1
1368497,1,2024,2024,2,0,4,515,14,294,518,0,1,3,-33.942016,150.942806,41,0,2,1,3,0,0,0,2,0,7,100,2,14295,14295,3,29,12,3,0,0,0,1
1368500,1,2024,2024,9,5,9,829,27,123,770,0,1,10,-33.813996,151.053661,54,0,2,1,3,0,0,0,3,2,7,70,2,1669,1669,3,9,25,2,0,0,0,1
1368502,1,2024,2024,9,3,1,32,27,33,563,0,1,2,-33.976079,151.030884,15,0,2,1,3,0,0,0,0,0,7,80,2,14295,14295,3,5,5,2,0,0,0,1
1368503,1,2024,2024,9,6,3,191,27,370,68,0,1,1,-34.058017,150.816028,13,0,2,1,3,0,0,0,2,0,7,60,1,1669,1669,3,5,5,2,0,0,0,1
1368504,2,2024,2024,9,6,10,12,10,26,8,0,1,2,-34.023534,151.088383,68,0,2,1,3,0,0,0,0,0,7,60,1,14295,14295,3,10,0,2,0,0,2,0
1368508,1,2024,2024,10,4,9,133,27,4,11,0,1,1,-33.69609,147.06755,51,1,0,0,3,0,0,0,0,0,7,100,1,4552,5151,8,30,40,1,0,0,0,1
1368515,1,2024,2024,9,4,3,49,27,19,62,0,1,10,-33.694957,150.903156,7,0,2,1,3,0,0,0,4,2,7,70,2,14295,14295,3,5,13,2,0,0,0,1
1368516,2,2024,2024,9,5,11,4,31,84,4,1,0,1,-33.89002,150.936899,24,0,2,1,3,0,0,0,0,0,9,50,1,9859,9859,8,5,40,1,0,0,1,1
1368517,1,2024,2024,2,2,5,98,27,87,799,0,1,2,-33.928974,150.978408,41,0,2,1,3,0,0,0,2,0,7,60,2,14295,14295,3,5,5,2,0,0,0,1
1368519,4,2024,2024,9,6,2,59,27,271,17,0,1,9,-33.938785,151.018645,15,0,2,1,3,0,0,0,0,0,15,60,2,5929,5929,1,5,5,2,0,1,0,0
1368529,1,2024,2024,2,4,10,3,31,24,34609,0,1,1,-33.669617,150.87804,7,0,2,1,3,0,0,0,0,0,7,50,0,9859,9859,8,5,40,1,0,0,0,1
1368530,4,2024,2024,2,0,5,1,31,3,34609,0,1,10,-35.077016,147.386563,75,2,1,1,3,0,0,0,2,0,0,60,0,6545,6545,4,0,13,2,0,1,1,0
1368536,2,2024,2024,10,6,10,16,27,10,5,0,1,1,-31.62772,152.713537,56,2,1,0,3,0,0,0,0,0,7,60,1,782,957,5,16,40,1,0,0,1,0
1368538,2,2024,2024,9,0,8,500,27,198,799,0,1,10,-33.920184,151.09964,15,0,2,0,3,0,3,4,2,2,7,60,2,5929,5929,1,0,5,2,0,0,1,0
1368541,2,2024,2024,9,0,4,95,27,106,605,0,1,2,-33.677299,151.304884,50,0,2,1,3,0,0,0,2,0,7,60,2,14295,14295,3,10,0,2,0,0,1,0
1368544,1,2024,2024,9,0,7,100,31,314,34609,1,0,1,-33.853294,150.934966,24,0,2,1,3,0,0,0,2,0,7,50,0,9859,9859,1,19,0,2,0,0,0,1
1368549,1,2024,2024,9,0,6,126,27,30,168,0,1,10,-34.047867,150.761709,12,0,2,1,3,0,0,0,2,2,0,80,2,14295,14295,3,5,5,2,0,0,0,1
1368561,2,2024,2024,2,6,7,229,14,323,237,0,1,3,-33.772532,150.975769,71,0,2,1,3,0,0,0,2,0,7,100,2,9859,9859,8,10,40,1,0,0,1,0
1368565,1,2024,2024,2,1,6,2261,17,30,2252,0,1,2,-34.799759,148.536739,30,1,0,1,3,0,0,0,2,0,7,110,2,14295,14295,3,16,5,2,0,0,0,1
1368567,2,2024,2024,10,3,2,74,27,56,59,0,1,2,-34.466214,150.876213,80,0,2,0,3,0,0,0,1,0,15,80,2,1981,1981,4,10,27,3,0,0,1,1
1368569,1,2024,2024,9,1,3,14,27,609,34609,0,1,1,-33.782897,150.893859,7,0,2,1,3,0,0,0,2,0,7,50,0,144,144,1,0,5,2,0,0,0,1
1368572,1,2024,2024,10,0,5,234,27,112,217,0,1,1,-33.662422,151.025359,71,0,2,1,3,0,0,0,2,0,7,70,2,1669,1669,3,10,5,2,0,0,0,1
1368576,2,2024,2024,2,2,9,13,31,562,34609,0,1,10,-32.251972,148.614381,22,2,1,1,3,0,0,0,3,0,0,50,0,6545,6545,4,5,13,2,0,0,1,0
1368577,1,2024,2024,10,4,4,1052,14,46,928,0,1,6,-33.302421,151.403656,16,2,2,0,3,0,0,0,2,0,7,70,2,14295,14295,3,0,5,3,0,0,0,1
1368580,1,2024,2024,1,4,6,16,31,215,34609,0,1,1,-35.114182,147.371318,75,2,1,1,3,0,0,0,2,2,9,50,0,14295,14295,3,5,5,2,0,0,0,1
1368583,2,2024,2024,2,1,5,500,10,5,34609,0,1,9,-32.736665,151.612833,42,2,1,1,0,0,0,0,2,0,7,50,0,2852,2852,4,5,5,2,0,0,1,0
1368586,2,2024,2024,10,1,6,2261,17,523,2252,0,1,10,-33.928701,150.917871,41,0,2,1,3,0,0,0,2,2,7,60,2,1391,1391,1,5,13,3,0,0,1,0
1368595,1,2024,2024,9,0,6,3371,17,147,3342,0,1,2,-33.7505,151.146905,36,0,2,0,3,0,3,4,2,0,7,60,2,14295,14295,3,5,13,2,0,0,0,1
1368596,1,2024,2024,9,2,11,108,31,87,4,0,1,10,-34.478617,150.416838,78,2,1,1,3,0,3,4,0,2,7,50,1,5929,5929,1,10,0,2,0,0,0,1
1368599,2,2024,2024,2,1,4,22,27,10,26,0,1,1,-29.393749,151.07889,33,1,0,1,3,0,0,0,2,0,7,100,1,945,945,5,10,40,1,0,0,1,0
1368604,1,2024,2024,2,5,7,8,27,284,34609,0,1,9,-33.89666,151.014047,15,0,2,1,3,0,0,0,2,0,0,50,0,323,323,1,5,12,2,0,0,0,1
1368616,2,2024,2024,9,0,6,16,27,25,174,0,1,1,-32.842617,151.372529,17,2,1,1,3,0,0,3,2,0,7,60,2,1669,1669,3,10,0,3,0,0,2,0
1368623,2,2024,2024,2,3,7,1052,14,54,928,0,1,3,-33.451665,151.21234,16,1,2,1,3,0,0,0,2,0,7,110,2,9859,9859,8,0,40,1,0,0,1,0
1368624,1,2024,2024,2,4,7,3371,17,16,3342,0,1,9,-33.159791,151.611397,37,0,2,1,3,0,3,0,2,2,7,80,2,14295,14295,3,9,5,3,0,0,0,1
1368627,1,2024,2024,10,1,4,93,1,523,34609,0,1,1,-33.92297,150.908854,41,0,2,1,3,0,0,0,2,0,7,50,0,941,941,1,0,5,2,0,0,0,1
1368631,1,2024,2024,11,3,8,71,31,283,125,0,1,7,-33.846489,151.012825,21,0,2,1,3,0,0,0,2,0,0,60,1,926,926,4,5,36,2,0,0,0,1
1368633,1,2024,2024,9,4,7,346,17,103,332,0,1,9,-28.814729,153.315023,39,2,1,1,3,0,0,0,2,0,7,60,2,1669,1669,3,10,5,2,0,0,0,3
1368634,2,2024,2024,9,0,2,81,27,44,2149,0,1,10,-33.798203,150.896871,7,0,2,1,3,0,0,0,0,2,7,80,2,14295,14295,3,9,5,3,0,0,1,0
1368638,2,2024,2024,10,5,6,92,27,129,244,0,1,10,-33.899041,151.093237,9,0,2,1,3,0,0,0,2,2,7,60,2,301,301,4,0,18,2,0,0,1,0
1368643,1,2024,2024,2,5,11,29,1,126,34609,0,1,10,-33.937974,150.80467,41,0,2,1,3,0,0,0,0,0,0,50,0,2852,2852,4,5,5,2,0,0,0,1
1368647,1,2024,2024,9,1,8,46,27,304,39,0,1,9,-33.906857,151.146459,32,0,2,1,3,0,0,0,2,0,0,60,1,5929,5929,1,30,5,2,0,0,0,1
1368649,1,2024,2024,2,6,7,74,27,609,163,0,1,10,-33.778869,150.914218,7,0,2,1,3,0,0,0,2,2,7,60,2,6545,6545,4,5,0,2,0,0,0,2
1368660,2,2024,2024,2,0,8,26,10,370,68,0,1,10,-34.073563,150.800458,13,0,2,1,3,0,0,0,2,2,7,60,1,14295,14295,3,5,5,2,0,0,1,0
1368661,2,2024,2024,9,0,10,37,31,273,87,0,1,10,-34.426962,150.899561,80,0,2,1,2,0,0,0,0,2,7,60,2,5929,5929,1,5,19,2,0,0,1,0
1368663,1,2024,2024,2,0,8,330,23,150,233,0,1,10,-33.924359,151.228403,59,0,2,1,3,0,0,0,2,2,7,50,2,14295,14295,3,5,0,2,0,0,0,1
1368668,2,2024,2024,2,6,10,2261,17,35,2252,0,1,2,-34.971432,148.148613,20,1,0,1,3,0,0,0,0,0,7,110,2,9859,9859,8,5,40,1,0,0,1,0
1368670,1,2024,2024,9,0,8,39,10,42,65,0,1,2,-33.702321,150.950651,71,0,2,1,3,0,0,0,2,0,7,60,1,1383,1383,1,0,0,2,0,0,0,1
1368673,1,2024,2024,11,2,5,134,10,4,133,0,1,2,-33.816171,151.022351,54,0,2,1,3,0,0,0,2,0,7,70,2,1192,1192,1,5,12,2,0,0,0,1
1368674,1,2024,2024,2,5,8,220,27,92,222,0,1,10,-33.725286,150.940078,71,0,2,1,0,0,0,0,2,2,7,80,2,6545,6545,4,5,5,2,0,0,0,1
1368677,1,2024,2024,9,0,8,18,23,438,34609,1,0,1,-33.851408,151.034287,21,0,2,1,3,0,0,0,2,0,7,50,0,14295,14295,3,5,36,3,0,0,0,1
1368678,1,2024,2024,9,0,7,251,27,115,212,0,1,9,-33.75319,151.241687,50,0,2,1,3,0,0,0,2,0,0,70,2,14295,14295,3,30,0,2,0,0,0,1
1368679,1,2024,2024,2,5,6,2209,17,133,2205,0,1,7,-34.48329,150.802124,80,0,2,1,1,0,0,0,2,0,0,80,1,6545,6545,4,30,5,2,0,0,0,1
1368691,2,2024,2024,2,2,10,79,31,115,34609,0,1,10,-33.878372,151.18973,69,0,2,1,3,0,0,0,0,0,15,50,0,941,941,1,0,0,2,0,0,1,0
1368693,1,2024,2024,10,6,6,2,27,18,34609,0,1,1,-28.697897,153.600957,10,2,1,1,3,0,0,0,2,0,7,50,0,14295,14295,3,0,5,2,0,0,0,1
1368705,2,2024,2024,2,2,8,54,27,72,563,0,1,9,-34.023352,151.007898,68,0,2,1,1,0,3,0,2,2,7,80,2,14295,14295,3,0,0,2,0,0,1,0
1368709,2,2024,2024,9,1,3,346,17,87,332,0,1,10,-28.815301,153.286825,39,2,1,1,3,0,0,0,2,2,7,60,2,14295,14295,3,0,10,2,0,0,1,0
1368710,4,2024,2024,11,6,4,56,27,323,38,0,1,9,-33.75396,150.958973,71,0,2,0,3,0,0,0,2,1,7,60,1,14295,14295,3,0,12,2,0,1,0,0
1368711,2,2024,2024,9,6,4,2,4,278,34609,0,1,10,-33.783923,151.028847,54,0,2,1,3,0,0,0,2,0,0,50,0,6545,6545,4,5,5,2,0,0,1,0
1368714,2,2024,2024,10,6,11,126,1,226,144,0,1,9,-33.766213,150.816956,7,0,2,1,2,0,0,0,0,2,7,60,2,775,775,4,5,12,2,0,0,1,0
1368734,2,2024,2024,9,2,10,105,27,70,109,0,1,1,-33.882708,150.88777,24,0,2,1,3,0,3,0,0,0,7,60,1,14295,14295,3,5,5,2,0,0,1,0
1368735,4,2024,2024,2,5,5,17,31,42,10,0,1,1,-33.822059,151.198892,49,0,2,1,3,0,0,0,2,0,7,50,1,1282,1282,1,0,5,2,0,1,0,0
1368736,1,2024,2024,10,2,10,10,31,532,34,0,1,1,-33.872785,151.205359,69,0,2,1,3,0,0,0,0,0,7,30,1,14295,14295,3,5,5,2,0,0,0,1
1368742,4,2024,2024,2,2,8,53,31,67,125,0,1,1,-33.886429,151.006262,15,0,2,1,0,0,0,0,2,0,7,60,1,9859,9859,1,5,5,3,0,1,0,0
1368745,1,2024,2024,9,3,7,344,27,363,369,0,1,2,-33.746824,150.71431,55,0,2,1,3,0,0,0,2,0,7,70,2,14295,14295,3,10,0,2,0,0,0,1
1368748,1,2024,2024,11,0,8,2126,17,127,2149,0,1,10,-33.887981,151.16135,32,0,2,1,2,0,0,0,2,2,7,60,2,14295,14295,3,5,5,2,0,0,0,1
1368762,1,2024,2024,2,1,8,55,27,137,34609,0,1,1,-32.955416,151.686216,37,0,2,1,3,0,0,0,2,0,7,60,0,14295,14295,3,5,13,2,0,0,0,1
1368764,2,2024,2024,2,2,2,229,14,110,237,0,1,3,-33.764738,151.014323,54,0,2,0,3,0,3,4,0,0,7,100,2,1259,5151,8,8,40,1,0,0,1,0
1368767,1,2024,2024,9,0,8,6,31,159,34609,0,1,1,-33.808039,151.095819,61,0,2,1,3,0,3,4,2,0,7,50,0,5929,5929,1,0,5,2,0,0,0,1
1368768,2,2024,2024,9,0,8,296,27,187,293,0,1,9,-33.886081,150.975192,15,0,2,1,3,0,0,0,4,2,7,60,2,926,926,4,0,0,2,0,0,1,0
1368781,1,2024,2024,1,4,4,41,10,63,34609,0,1,9,-28.186788,153.523037,72,2,1,1,3,0,0,3,2,0,15,50,0,14295,14295,3,0,25,2,0,0,0,1