Crash ID,Degree of crash - detailed,Reporting year,Year of crash,Month of crash,Day of week of crash,Two-hour intervals,Street of crash,Street type,Town,Route no.,School zone location,School zone active,Type of location,Latitude,Longitude,LGA,Urbanisation,Conurbation 1,Alignment,Street lighting,Road surface,Surface condition,Weather,Natural lighting,Signals operation,Other traffic control,Speed limit,Road classification,RUM - code,DCA - code,First impact type,Key TU type,Other TU type,No. of traffic units involved,No. killed,No. seriously injured,No. moderately injured,No. minor-other injured
1368782,2,2024,2024,2,5,7,4,27,4,34609,0,1,1,-32.147168,150.911099,73,2,1,1,3,0,3,0,2,0,7,80,0,475,475,5,16,40,1,0,0,1,0
1368792,2,2024,2024,2,1,7,10,27,74,34609,1,0,1,-33.746834,150.834275,7,0,2,1,3,0,0,0,2,0,9,50,0,14295,14295,3,0,0,2,0,0,1,0
1368797,2,2024,2024,2,0,0,5,31,64,34609,0,1,7,-33.953971,151.005799,15,0,2,1,3,0,0,0,0,0,0,50,0,9859,9859,1,5,0,2,0,0,1,0
1368807,2,2024,2024,2,0,5,829,27,165,770,0,1,2,-33.850464,151.154056,14,0,2,1,3,0,0,0,2,0,7,60,2,9859,9859,1,19,0,3,0,0,1,0
1368812,2,2024,2024,9,0,8,478,17,70,480,0,1,10,-33.438549,151.354147,16,2,2,1,3,0,0,0,2,2,7,60,2,3775,3775,0,30,5,2,0,0,1,0
1368815,1,2024,2024,9,1,8,220,27,46,222,0,1,1,-33.783506,150.969271,54,0,2,1,3,0,0,0,2,0,7,80,2,14295,14295,3,5,5,2,0,0,0,1
1368816,2,2024,2024,9,1,4,57,27,75,126,0,1,9,-32.766863,151.632633,42,2,1,0,3,0,3,4,2,0,0,80,2,775,775,4,0,0,2,0,0,1,0
1368824,1,2024,2024,2,2,8,5,27,323,34609,1,0,1,-33.750768,150.973071,71,0,2,1,3,0,3,4,2,0,7,50,0,1981,1981,4,5,0,2,0,0,0,1
1368825,4,2024,2024,9,4,8,48,10,463,52,0,1,7,-30.317411,153.111146,19,2,1,1,3,0,0,0,2,0,0,60,1,4026,4026,8,16,40,1,0,1,0,0
1368848,2,2024,2024,2,6,3,9,31,215,34609,0,1,1,-35.100138,147.352636,75,2,1,1,3,0,0,0,1,0,7,60,0,14295,14295,3,10,5,2,0,0,1,0
1368853,1,2024,2024,9,2,3,32,27,42,27,0,1,9,-33.667208,151.231262,50,0,2,0,3,0,3,4,2,0,0,60,2,4552,5151,8,0,40,1,0,0,0,1
1368870,1,2024,2024,2,1,8,34,31,145,140,0,1,5,-33.927406,151.124435,15,0,2,1,3,0,0,0,2,2,7,50,1,14295,14295,3,5,5,2,0,0,0,1
1368874,1,2024,2024,10,2,6,2,1,121,34609,1,0,1,-33.785668,151.284559,50,0,2,1,3,0,0,0,2,0,7,40,0,1981,1981,4,33,5,2,0,0,0,1
1368890,2,2024,2024,9,2,7,97,27,271,799,0,1,9,-33.935505,151.009188,15,0,2,1,3,0,0,0,2,0,2,70,2,1391,1391,1,5,0,3,0,0,1,0
1368900,2,2024,2024,9,1,4,44,27,89,38,1,0,10,-33.867016,150.889497,24,0,2,1,3,0,0,0,2,2,7,60,1,14295,14295,3,8,5,3,0,0,1,0
1368905,2,2024,2024,9,4,7,330,27,125,25,0,1,9,-33.825876,151.131623,61,0,2,1,3,0,2,6,2,0,7,60,1,775,775,4,5,5,3,0,0,1,1
1368907,1,2024,2024,2,4,8,3371,17,57,3342,0,1,9,-33.676437,151.1123,31,0,2,1,3,0,0,0,3,2,7,60,2,14295,14295,3,10,5,2,0,0,0,1
1368916,4,2024,2024,2,1,0,5,27,5,34609,0,1,1,-28.745092,153.324629,39,2,1,1,3,0,0,0,0,0,7,80,0,404,404,8,10,40,1,0,1,0,0
1368940,1,2024,2024,2,4,5,7,1,30,34609,0,1,9,-34.497462,150.813628,80,0,2,1,3,0,0,0,2,0,15,50,0,2852,2852,4,15,5,2,0,0,0,1
1368952,1,2024,2024,2,2,5,14,36,15,34609,0,1,9,-28.306455,153.570126,72,2,1,1,3,0,3,4,2,0,7,50,0,14295,14295,3,0,0,2,0,0,0,1
1368969,1,2024,2024,2,0,10,154,27,293,244,0,1,9,-33.926933,151.051648,15,0,2,1,3,0,0,0,0,0,0,60,2,214,214,9,5,28,2,0,0,0,1
1368980,2,2024,2024,2,5,4,126,1,226,144,0,1,9,-33.773813,150.815485,7,0,2,1,1,0,0,0,2,2,7,60,2,256,256,4,5,27,2,0,0,1,0
1369022,2,2024,2024,2,1,1,103,36,10,34609,0,1,1,-31.947768,152.423917,43,2,1,0,3,0,0,0,0,0,7,80,0,4552,5151,8,5,40,1,0,0,1,0
1369032,4,2024,2024,2,0,5,1052,14,207,928,0,1,3,-33.584516,151.184816,31,0,2,1,3,0,0,0,2,0,7,110,2,14295,14295,3,0,40,3,0,1,0,0
1369040,1,2024,2024,2,4,5,3,31,438,34609,0,1,1,-33.85278,151.026944,21,0,2,1,3,0,0,0,2,0,7,50,0,144,144,1,5,5,2,0,0,0,1
1369043,1,2024,2024,2,0,7,44,27,202,563,0,1,10,-33.953902,151.038107,15,0,2,1,3,0,0,0,2,2,7,70,2,14295,14295,3,5,25,2,0,0,0,1
1369048,1,2024,2024,2,2,6,171,27,60,369,0,1,9,-34.036846,150.733753,12,0,2,1,3,0,0,0,2,2,7,60,2,14295,14295,3,5,5,2,0,0,0,1
1369054,2,2024,2024,11,1,6,1,27,1,34609,0,1,1,-29.011974,153.398029,60,2,1,1,3,0,0,0,2,0,7,50,0,4026,4026,8,9,40,1,0,0,1,0
1369067,1,2024,2024,2,3,5,2126,17,283,2149,0,1,9,-33.82652,151.004665,54,0,2,1,3,0,0,0,2,2,5,60,2,1391,1391,1,5,0,2,0,0,0,1
1369070,1,2024,2024,9,5,7,10,23,2,34609,0,1,1,-33.635702,151.31202,50,0,2,0,3,0,0,0,2,0,7,50,0,1089,1089,7,9,40,1,0,0,0,1
1369075,1,2024,2024,7,3,6,205,27,161,415,0,1,2,-33.717643,151.173001,36,0,2,1,3,0,0,0,2,0,7,60,2,1383,1383,1,0,5,2,0,0,0,1
1369076,1,2024,2024,2,2,3,478,17,96,480,0,1,7,-33.43787,151.38366,16,2,2,0,3,0,3,0,1,0,0,60,2,1282,1282,1,5,0,2,0,0,0,1
1369092,4,2024,2024,10,5,3,1104,14,223,962,0,1,3,-33.805679,150.916984,7,0,2,1,3,0,0,0,2,0,7,100,2,14295,14295,3,10,12,6,0,1,0,0
1369099,1,2024,2024,9,6,5,12,6,89,34609,0,1,9,-33.381899,151.456751,16,2,2,1,3,0,0,0,2,0,7,50,0,301,301,4,5,0,2,0,0,0,1
1369104,1,2024,2024,9,2,10,2261,17,243,2252,0,1,2,-33.939855,150.912613,41,0,2,1,3,0,0,0,0,0,7,60,2,14295,14295,3,0,5,2,0,0,0,1
1369121,1,2024,2024,11,1,8,31,27,17,41,1,0,9,-33.713764,151.147029,36,0,2,1,3,0,0,0,2,0,7,50,1,1109,787,1,0,12,2,0,0,0,1
1369132,2,2024,2024,10,0,9,101,10,239,35,0,1,9,-34.032483,151.124297,68,0,2,1,3,0,0,0,2,0,7,60,2,5929,5929,1,5,5,2,0,0,1,0
1369144,1,2024,2024,2,5,4,2126,17,136,2149,0,1,9,-33.860823,151.075021,67,0,2,1,3,0,3,4,2,0,7,60,2,14295,14295,3,5,0,3,0,0,0,1
1369170,2,2024,2024,2,1,8,916,17,20,917,0,1,2,-30.965595,151.106232,70,1,0,1,3,0,0,0,2,0,7,100,2,945,945,5,10,40,1,0,0,1,0
1369175,2,2024,2024,5,6,8,1104,14,460,962,0,1,3,-33.824089,150.988057,21,0,2,1,3,0,0,0,3,0,7,90,2,14295,14295,3,10,5,3,0,0,1,0
1369180,4,2024,2024,9,6,8,916,17,18,917,0,1,9,-32.74382,151.569174,42,2,1,1,3,0,3,4,4,2,7,80,2,2852,2852,4,0,5,2,0,1,0,0
1369194,1,2024,2024,2,2,10,2261,17,49,2252,0,1,2,-34.74248,149.771636,26,1,0,1,3,0,0,0,0,0,7,110,2,1089,1089,7,0,40,1,0,0,0,1
1369243,1,2024,2024,2,5,8,8,31,237,34609,0,1,7,-33.867331,150.950777,24,0,2,1,0,0,0,0,2,0,0,50,0,1981,1981,4,5,5,2,0,0,0,1
1369247,1,2024,2024,9,0,5,95,27,106,605,0,1,9,-33.677755,151.303987,50,0,2,1,3,0,0,3,2,2,7,60,2,14295,14295,3,8,0,2,0,0,0,1
1369251,2,2024,2024,5,2,3,59,27,271,17,0,1,9,-33.938785,151.018645,15,0,2,1,3,0,0,0,1,0,7,70,2,1282,1282,1,22,5,2,0,0,1,0
1369277,1,2024,2024,9,1,5,42,36,6,6,0,1,1,-36.864814,148.414087,65,1,0,0,3,2,0,0,2,0,7,100,1,2585,4009,8,16,40,1,0,0,0,1
1369283,1,2024,2024,10,0,10,112,27,370,256,0,1,10,-34.057146,150.82409,13,0,2,1,3,0,0,0,0,2,7,60,2,1669,1669,3,5,5,2,0,0,0,1
1369287,1,2024,2024,10,1,6,2209,17,79,2205,0,1,7,-34.914382,150.603596,63,2,1,1,3,0,0,0,2,0,0,70,2,1282,1282,1,9,0,2,0,0,0,1
1369288,1,2024,2024,9,0,7,21,31,65,19,0,1,9,-33.70276,151.295891,50,0,2,1,3,0,3,4,2,2,7,50,1,14295,14295,3,9,5,2,0,0,0,2
1369289,1,2024,2024,2,6,8,2126,17,136,2149,0,1,2,-33.856904,151.065707,67,0,2,1,3,0,0,0,2,0,7,60,2,14295,14295,3,0,0,2,0,0,0,2
1369292,2,2024,2024,9,2,5,193,1,58,34609,0,1,9,-33.754217,151.152529,36,0,2,1,3,0,3,3,2,0,15,50,0,6545,6545,4,0,5,2,0,0,1,0
1369293,4,2024,2024,2,2,9,7,27,41,6,0,1,1,-34.06174,150.687687,12,0,2,1,3,0,3,3,2,0,7,60,1,9859,9859,8,0,40,3,0,2,0,0
1369317,2,2024,2024,10,0,2,5,23,147,34609,0,1,1,-33.887062,151.005588,15,0,2,1,3,0,0,0,1,0,7,50,0,5929,5929,1,10,13,2,0,0,1,0
1369341,2,2024,2024,9,3,7,1104,14,323,962,0,1,3,-33.801126,150.872181,7,0,2,1,3,0,0,0,2,0,7,100,2,941,941,1,5,5,3,0,0,1,0
1369352,2,2024,2024,10,6,6,10,18,193,34609,0,1,1,-33.789124,151.085344,61,0,2,1,3,0,0,0,2,0,7,50,0,9859,9859,1,5,0,2,0,0,1,0
1369368,1,2024,2024,9,6,5,36,31,314,38,0,1,10,-33.846822,150.923059,24,0,2,1,3,0,0,0,2,0,0,60,2,1669,1669,3,5,36,2,0,0,0,1
1369369,2,2024,2024,9,1,5,2261,17,68,2252,0,1,2,-34.77305,148.812431,82,1,0,1,3,0,0,0,2,0,7,110,2,9859,9859,1,0,13,2,0,0,1,1
1369384,1,2024,2024,9,1,8,829,27,123,770,0,1,2,-33.814343,151.055705,54,0,2,1,3,0,0,0,2,0,7,70,2,14295,14295,3,5,0,3,0,0,0,1
1369385,1,2024,2024,9,0,7,9,1,163,34609,0,1,10,-33.855105,151.098224,14,0,2,1,3,0,3,0,2,0,15,50,0,6545,6545,4,30,5,2,0,0,0,1
1369392,2,2024,2024,2,5,5,177,31,162,208,0,1,10,-33.858883,150.916357,24,0,2,1,3,0,0,0,2,2,7,60,1,14295,14295,3,0,13,2,0,0,1,0
1369394,1,2024,2024,9,4,3,175,27,86,220,0,1,9,-33.74135,150.917543,7,0,2,1,3,0,0,0,2,2,7,70,2,1383,1383,1,5,5,3,0,0,0,1
1369400,2,2024,2024,9,0,3,149,27,60,198,0,1,2,-33.94825,150.949193,41,0,2,1,3,0,0,0,2,0,7,60,2,1391,1391,1,5,13,2,0,0,1,0
1369404,1,2024,2024,9,5,4,3371,17,149,3342,0,1,7,-33.34566,151.369913,16,2,2,0,3,0,0,0,2,0,0,60,2,1282,1282,1,5,36,2,0,0,0,1
1369408,2,2024,2024,10,6,9,1104,14,125,962,0,1,3,-33.862812,151.083664,67,0,2,1,3,0,0,0,2,0,7,90,2,14295,14295,3,9,13,2,0,0,1,0
1369413,1,2024,2024,10,3,8,19,27,138,30,0,1,5,-33.885102,151.267755,81,0,2,1,3,0,0,0,3,2,7,50,1,1282,1282,1,22,5,2,0,0,0,1
1369415,1,2024,2024,9,0,4,13,31,438,34609,0,1,1,-33.850945,151.039041,21,0,2,1,3,0,0,0,2,0,7,50,0,214,214,9,0,28,2,0,0,0,1
1369417,1,2024,2024,9,6,5,133,17,14,121,0,1,1,-35.759485,149.161219,65,1,0,1,3,0,0,0,2,0,7,100,2,9859,9859,8,10,40,1,0,0,0,1
1369433,1,2024,2024,10,4,4,158,27,55,207,0,1,9,-33.859303,151.273922,81,0,2,0,3,0,0,0,2,0,0,50,2,5929,5929,1,5,5,2,0,0,0,1
1369439,2,2024,2024,5,4,6,1,27,73,34609,0,1,1,-33.760217,150.811354,7,0,2,1,3,0,0,0,2,0,7,50,0,186,186,1,5,5,2,0,0,1,0
1369440,2,2024,2024,9,6,8,916,17,8,917,0,1,1,-31.313069,150.890012,70,1,0,1,3,0,0,0,2,0,7,100,2,9859,9859,8,10,40,1,0,0,1,0
1369450,2,2024,2024,9,1,9,2,22,168,34609,0,1,7,-33.718202,150.841152,7,0,2,1,3,0,0,0,2,0,0,60,0,9859,9859,8,16,40,1,0,0,1,0
1369451,1,2024,2024,9,2,8,158,27,138,207,0,1,1,-33.871901,151.256782,81,0,2,0,3,0,0,0,2,0,7,60,2,1282,1282,1,10,0,3,0,0,0,1
1369460,1,2024,2024,2,1,4,6,31,224,34609,0,1,7,-33.833707,151.239696,45,0,2,0,3,0,0,0,2,0,0,50,0,1957,4009,8,0,40,1,0,0,0,1
1369464,4,2024,2024,9,5,5,866,17,523,793,0,1,9,-33.908086,150.918578,41,0,2,1,3,0,0,0,2,2,7,70,2,1383,1383,1,5,2,7,0,1,1,0
1369473,2,2024,2024,2,5,5,1052,14,58,928,0,1,3,-33.226589,151.424513,16,1,2,0,3,0,0,0,2,0,7,110,2,1259,5151,8,9,40,1,0,0,1,0
1369476,1,2024,2024,9,1,11,2261,17,59,2252,0,1,3,-33.9832,150.86089,13,0,2,1,3,0,0,0,0,0,7,110,2,14295,14295,3,0,5,2,0,0,0,1
1369480,2,2024,2024,9,2,8,2209,17,11,2205,0,1,1,-36.29,150.12,23,1,0,0,3,0,3,4,2,0,7,100,2,782,957,5,0,40,1,0,0,1,0
1369482,1,2024,2024,9,3,7,103,27,14,98,0,1,1,-33.428703,150.830072,29,2,2,0,3,0,0,0,2,0,7,80,2,1850,1463,5,16,40,1,0,0,0,1
1369485,1,2024,2024,9,6,7,9,31,41,34609,0,1,1,-33.821378,151.009127,54,0,2,1,3,0,0,0,2,0,7,40,0,941,941,1,5,5,2,0,0,0,1
1369487,4,2024,2024,2,1,5,22,27,41,173,0,1,2,-34.39628,150.867095,80,0,2,1,3,0,0,0,2,0,7,80,2,1945,1945,5,16,40,1,0,1,0,0
1369500,2,2024,2024,10,5,5,18,1,42,26,1,0,10,-35.996308,146.389202,51,2,1,1,3,0,0,0,2,0,0,60,2,6545,6545,4,5,5,2,0,0,2,0
1369520,1,2024,2024,2,5,5,54,27,61,49,0,1,1,-32.925208,151.736723,48,0,2,1,1,0,0,0,2,0,7,50,1,14295,14295,3,5,0,2,0,0,0,1
1369522,4,2024,2024,9,2,0,2261,17,34,2252,0,1,2,-34.799244,149.6138,26,1,0,1,3,0,3,4,0,0,7,110,2,4026,4026,8,5,40,1,0,1,0,0
1369534,2,2024,2024,9,3,4,37,31,25,34609,1,0,10,-33.010687,151.710179,37,0,2,1,3,0,0,0,2,0,15,50,0,6545,6545,4,5,0,2,0,0,1,0
1369544,2,2024,2024,2,5,9,7,27,74,34609,0,1,1,-33.767035,150.671908,55,0,2,0,3,0,0,0,3,0,7,50,0,2585,4009,8,0,40,1,0,0,1,0
1369557,2,2024,2024,9,3,8,56,27,115,80,0,1,10,-33.879072,151.188272,69,0,2,1,3,0,0,0,2,0,7,40,2,14295,14295,3,5,5,2,0,0,1,0
1369561,2,2024,2024,10,6,3,23,27,137,34609,0,1,9,-32.970642,151.684986,37,0,2,1,3,0,0,0,2,0,7,50,0,1981,1981,4,33,19,2,0,0,1,0
1369567,2,2024,2024,2,3,6,13,1,207,9,0,1,10,-31.956156,141.438069,51,2,1,1,3,0,0,0,2,0,0,50,1,6545,6545,4,0,13,2,0,0,1,0
1369570,1,2024,2024,9,3,4,916,17,165,917,0,1,2,-32.280267,150.899863,46,2,1,1,3,0,0,0,2,0,7,50,2,14295,14295,3,10,0,2,0,0,0,1
1369574,1,2024,2024,10,0,6,20,31,135,101,0,1,10,-32.897362,151.736511,48,0,2,1,3,0,0,0,2,2,7,50,2,1383,1383,1,9,0,2,0,0,0,1
1369575,4,2024,2024,9,2,4,26,27,131,115,0,1,9,-33.776306,151.183188,36,0,2,1,3,0,0,0,2,0,0,60,1,6545,6545,4,5,13,2,0,2,0,0
1369579,2,2024,2024,2,3,11,11,27,10,25,0,1,1,-35.422708,149.220463,58,2,1,1,3,0,0,0,0,0,7,80,1,9859,9859,8,10,40,1,0,0,1,0
1369582,1,2024,2024,9,2,5,48,31,104,605,0,1,9,-33.830091,151.21715,49,0,2,1,3,0,0,0,2,0,0,60,2,14295,14295,3,8,5,2,0,0,0,1
1369588,1,2024,2024,2,3,8,171,27,115,6,0,1,10,-33.91534,151.184183,69,0,2,1,3,0,0,0,2,2,7,60,2,515,515,1,0,0,2,0,0,0,1
1369589,1,2024,2024,9,1,4,280,10,162,240,0,1,9,-33.851101,150.899299,24,0,2,0,3,0,0,0,2,2,7,70,2,14295,14295,3,0,0,3,0,0,0,1
1369606,2,2024,2024,2,1,5,3,10,18,147,0,1,1,-28.845878,153.572714,2,2,1,0,3,0,0,0,2,0,7,80,1,2585,4009,8,5,40,1,0,0,1,0
1369608,2,2024,2024,10,3,5,1052,14,36,928,0,1,3,-33.436517,151.220522,16,1,2,1,3,0,0,0,2,0,7,110,2,14295,14295,3,10,5,2,0,0,1,0
1369609,2,2024,2024,2,4,5,1,27,2,34609,0,1,1,-33.588254,151.049634,31,0,2,0,3,0,0,0,2,0,7,50,0,2585,4009,8,5,40,1,0,0,1,0
1369611,2,2024,2024,9,0,11,115,27,20,173,0,1,9,-34.345182,150.796926,80,0,2,1,3,0,3,6,0,0,7,100,2,1089,1089,7,0,40,1,0,0,1,0
1369612,2,2024,2024,2,3,9,37,31,120,34609,0,1,9,-33.763525,150.869286,7,0,2,0,3,0,0,0,3,0,9,50,0,2585,4009,8,0,40,1,0,0,1,0
1369618,1,2024,2024,2,1,7,54,27,20,563,0,1,1,-34.041436,150.995984,68,0,2,1,3,0,0,0,2,0,7,80,2,14295,14295,3,5,0,3,0,0,0,1
1369619,1,2024,2024,10,2,9,92,27,129,244,1,0,10,-33.895616,151.107284,9,0,2,1,3,0,0,0,0,0,0,60,2,5929,5929,1,0,5,2,0,0,0,1
1369622,2,2024,2024,2,0,7,829,27,149,770,0,1,9,-33.86289,151.168664,32,0,2,1,3,0,0,0,2,2,7,60,2,1391,1391,1,33,5,2,0,0,1,0
1369652,1,2024,2024,2,5,10,475,10,137,268,0,1,10,-33.907693,150.898662,24,0,2,1,3,0,3,4,0,2,7,60,2,9859,9859,8,9,40,1,0,0,0,1
1369658,1,2024,2024,9,1,9,829,27,363,770,0,1,10,-33.808664,151.005317,54,0,2,1,3,0,0,0,3,2,7,60,2,1391,1391,1,0,13,2,0,0,0,3
1369660,1,2024,2024,2,1,7,45,31,49,331,0,1,9,-33.935467,151.156257,4,0,2,1,3,0,0,0,2,2,7,60,2,14295,14295,3,5,25,2,0,0,0,1
1369670,1,2024,2024,2,1,5,916,17,66,917,0,1,2,-32.81089,151.670448,48,0,2,1,3,0,0,0,2,0,7,80,2,14295,14295,3,0,5,3,0,0,0,2
1369673,1,2024,2024,9,0,7,115,27,96,46,0,1,9,-34.226232,150.664147,79,2,2,1,3,0,0,0,2,0,0,80,2,14295,14295,3,9,13,2,0,0,0,1
1369675,1,2024,2024,2,2,8,916,17,12,917,0,1,1,-31.932211,150.877154,73,1,0,1,3,0,0,0,2,0,7,100,2,14295,14295,3,0,0,2,0,0,0,1
1369679,4,2024,2024,2,4,8,330,23,293,112,1,0,9,-33.936958,151.238474,59,0,2,1,3,0,0,0,2,0,15,50,2,14295,14295,3,5,25,2,0,1,1,0
1369680,2,2024,2024,9,5,10,515,14,387,518,0,1,3,-33.94661,151.168247,4,0,2,0,3,0,0,0,0,0,7,80,2,14295,14295,3,0,5,6,0,0,3,0
1369709,4,2024,2024,2,0,8,125,27,290,103,0,1,10,-33.863006,151.006123,21,0,2,1,3,0,0,0,2,2,7,60,1,14295,14295,3,5,0,2,0,1,0,0
1369713,1,2024,2024,10,1,5,2126,17,80,2149,0,1,10,-33.753414,150.660127,55,0,2,1,3,0,0,0,2,0,15,60,2,6545,6545,4,0,5,2,0,0,0,1
1369729,1,2024,2024,2,6,8,515,14,243,518,0,1,3,-33.949246,150.887568,41,0,2,1,3,0,0,0,2,0,7,100,2,14295,14295,3,0,0,2,0,0,0,1
1369733,2,2024,2024,5,6,6,41,27,8,69,0,1,1,-34.679646,149.776104,26,1,0,0,0,0,0,0,2,0,7,100,1,4552,5151,8,0,40,1,0,0,1,0
1369735,2,2024,2024,11,0,10,346,17,19,332,0,1,9,-28.853078,153.26081,39,1,0,0,0,0,0,0,0,0,7,100,2,418,714,5,0,40,1,0,0,1,0
1369738,2,2024,2024,9,2,9,115,27,134,114,0,1,9,-33.889886,151.255315,76,0,2,1,1,0,0,0,2,0,0,50,2,591,591,1,22,22,2,0,0,1,0
1369739,4,2024,2024,11,2,7,101,10,239,35,0,1,2,-34.033875,151.13043,68,0,2,0,0,0,0,3,2,0,7,60,2,2585,4009,8,15,40,1,0,1,0,0
1369741,1,2024,2024,10,6,5,293,31,128,369,0,1,10,-33.617487,150.809277,29,2,2,1,1,0,0,0,2,2,7,60,2,6545,6545,4,10,13,2,0,0,0,2
1369742,2,2024,2024,9,0,7,154,27,136,244,0,1,9,-33.915112,151.068215,15,0,2,1,1,0,0,0,2,0,7,60,2,5929,5929,1,0,5,2,0,0,1,0
1369748,2,2024,2024,9,1,7,42,10,78,39,0,1,7,-34.476889,150.838943,80,0,2,1,1,0,0,0,2,0,0,70,1,6545,6545,4,0,5,3,0,0,2,1
1369753,4,2024,2024,10,4,5,74,23,100,260,0,1,9,-33.961037,151.156306,4,0,2,1,1,0,0,0,2,2,7,60,2,941,941,1,9,5,2,0,1,0,0
1369755,2,2024,2024,9,2,10,3,27,9,34609,0,1,1,-33.312562,148.982793,11,1,0,0,0,0,0,0,0,0,7,100,0,4552,5151,8,0,40,1,0,0,2,0
1369757,4,2024,2024,2,2,3,85,10,136,702,0,1,9,-33.85745,151.069965,21,0,2,0,2,0,0,0,2,2,6,80,2,1192,1192,1,5,5,2,0,1,0,0
1369758,2,2024,2024,11,6,6,481,17,10,483,0,1,9,-29.828238,149.787619,51,1,0,1,0,0,0,0,2,0,7,110,2,1850,985,5,29,40,1,0,0,1,0
1369763,4,2024,2024,1,3,11,220,27,251,222,0,1,10,-33.75851,150.955337,7,0,2,1,2,0,0,0,0,2,7,80,2,5929,5929,1,0,13,2,0,1,1,0
1369765,2,2024,2024,9,2,6,115,27,99,114,0,1,9,-33.887611,151.264956,76,0,2,1,1,0,0,0,2,2,7,50,2,1282,1282,1,5,18,2,0,0,1,0
1369766,1,2024,2024,10,4,7,204,31,58,87,0,1,9,-34.414623,150.897432,80,0,2,1,1,0,0,0,2,0,15,50,2,1669,1669,3,9,5,3,0,0,0,1
1369772,1,2024,2024,11,1,4,72,27,123,56,0,1,1,-33.804216,151.067615,54,0,2,1,1,0,0,0,2,0,7,60,2,340,340,9,0,28,2,0,0,0,1
1369774,4,2024,2024,10,5,7,21,27,80,23,0,1,9,-33.742531,150.663753,55,0,2,1,1,0,0,0,2,0,0,70,1,6545,6545,4,5,0,2,0,1,0,0
1369775,2,2024,2024,2,1,7,24,31,70,24,0,1,1,-33.432293,151.356501,16,2,2,1,0,0,0,0,2,0,7,60,1,1981,1981,4,0,0,2,0,0,1,0
1369776,4,2024,2024,9,5,7,97,31,532,34609,0,1,0,-33.872235,151.208161,69,0,2,1,1,0,0,0,2,0,7,40,0,186,186,9,9,28,3,0,1,0,0
1369778,4,2024,2024,11,0,9,60,27,147,69,1,0,10,-33.869646,151.122307,14,0,2,1,2,0,0,0,0,2,7,60,2,1945,1945,5,16,40,1,0,1,0,0
1369779,4,2024,2024,10,2,11,3371,17,19,3342,0,1,1,-31.866507,152.593228,43,1,0,1,0,0,0,0,0,0,7,100,2,9859,9859,8,29,40,1,0,1,0,0
1369783,4,2024,2024,2,0,5,3,4,188,34609,0,1,1,-33.93741,151.09268,15,0,2,1,1,0,0,0,2,0,7,50,0,5929,5929,1,0,19,4,0,1,0,0
1369784,4,2024,2024,9,2,5,22,10,19,57,0,1,7,-28.825209,153.528409,2,2,1,0,1,0,3,4,2,0,0,60,1,1850,777,5,16,40,1,0,1,0,0
1369785,4,2024,2024,9,2,9,3,27,15,34609,0,1,1,-31.132052,150.278324,51,1,0,0,0,2,0,0,0,0,7,100,0,4552,5151,8,5,40,1,0,2,0,0
1369786,2,2024,2024,10,0,7,67,27,85,34609,0,1,1,-33.909554,150.865223,41,0,2,1,0,0,0,0,2,0,7,50,0,9859,9859,1,5,5,2,0,0,1,0
1369789,4,2024,2024,9,5,10,9,27,29,13,0,1,1,-32.694648,143.203529,51,1,0,1,0,2,3,4,0,0,7,100,1,9859,9859,8,0,40,1,0,1,1,1
1369791,2,2024,2024,10,6,10,11,1,179,34609,0,1,9,-33.756549,150.716338,55,0,2,1,2,0,0,0,0,0,7,50,0,2585,777,8,5,40,1,0,0,1,0
1369801,2,2024,2024,9,3,5,3,27,160,34609,0,1,1,-33.102816,151.478295,37,0,2,1,1,0,0,0,2,0,7,50,0,4026,4026,8,5,40,1,0,0,1,0
1369803,2,2024,2024,10,0,8,2,31,123,34609,0,1,9,-33.883011,151.227772,81,0,2,1,0,0,0,0,2,0,7,40,0,1945,1945,5,22,40,1,0,0,1,0
1369805,1,2024,2024,9,2,7,22,31,24,26,0,1,9,-36.000742,146.001281,51,2,1,1,1,0,0,0,2,0,0,50,2,591,591,1,22,0,2,0,0,0,1
1369807,4,2024,2024,9,3,6,2126,17,84,2149,0,1,9,-33.817183,150.981024,21,0,2,0,1,0,0,0,2,2,7,60,2,5929,5929,1,5,5,2,0,2,1,0
1369818,4,2024,2024,2,0,9,14,27,11,34609,0,1,1,-34.543644,150.751056,80,0,2,0,0,0,0,0,2,0,7,80,0,4552,5151,8,16,40,1,0,1,0,0
1369819,4,2024,2024,10,4,6,194,31,85,34609,1,0,1,-34.575612,150.774802,62,0,2,1,1,0,0,0,2,0,7,50,0,9859,9859,1,5,0,3,0,1,0,0
1369821,4,2024,2024,10,4,6,3371,17,32,3342,0,1,2,-29.100311,153.339236,60,1,0,1,0,0,0,0,2,0,7,110,2,1945,1945,5,0,40,1,0,1,0,0
1369823,2,2024,2024,2,3,9,99,31,201,34609,0,1,1,-34.009282,150.859891,13,0,2,1,1,0,0,0,2,0,7,60,0,340,340,9,0,28,2,0,0,1,0
1369825,4,2024,2024,10,5,8,485,27,50,769,0,1,9,-33.633096,150.844857,29,2,2,1,1,0,0,0,2,0,15,80,2,2852,2852,4,5,5,2,0,1,0,0
1369827,2,2024,2024,9,0,11,103,36,13,157,0,1,1,-28.641822,152.999688,51,1,0,1,0,0,3,0,0,0,7,100,2,29,29,6,10,40,1,0,0,1,0
1369833,4,2024,2024,2,2,9,21,27,10,4,0,1,1,-33.825774,146.289008,51,1,0,1,0,0,0,0,2,0,7,100,1,945,945,5,0,40,1,0,2,0,0