Crash ID,Degree of crash - detailed,Reporting year,Year of crash,Month of crash,Day of week of crash,Two-hour intervals,Street of crash,Street type,Town,Route no.,School zone location,School zone active,Type of location,Latitude,Longitude,LGA,Urbanisation,Conurbation 1,Alignment,Street lighting,Road surface,Surface condition,Weather,Natural lighting,Signals operation,Other traffic control,Speed limit,Road classification,RUM - code,DCA - code,First impact type,Key TU type,Other TU type,No. of traffic units involved,No. killed,No. seriously injured,No. moderately injured,No. minor-other injured
1369834,4,2024,2024,10,4,11,55,31,172,34609,0,1,1,-32.758065,151.584182,42,2,1,1,2,0,0,0,0,0,7,50,0,9859,9859,1,5,0,2,0,1,0,0
1369839,1,2024,2024,10,2,8,916,17,31,917,0,1,2,-31.128002,150.92401,70,2,1,1,2,0,0,0,3,0,7,60,2,238,238,9,9,28,2,0,0,0,1
1369840,4,2024,2024,10,6,3,475,10,83,268,0,1,9,-33.876194,150.842235,41,0,2,1,1,0,0,0,2,2,7,50,2,2585,777,8,16,40,1,0,1,0,0
1369841,4,2024,2024,10,6,10,145,31,112,769,0,1,9,-33.605366,150.824239,29,2,2,1,2,0,0,0,3,2,7,60,2,1945,1945,5,16,40,1,0,1,0,0
1369842,2,2024,2024,9,2,3,4,31,104,34609,0,1,10,-33.83269,151.021919,54,0,2,1,0,0,0,0,2,0,15,50,0,6545,6545,4,5,13,3,0,0,2,0
1369844,1,2024,2024,2,2,10,37,27,10,36,0,1,1,-32.616055,151.707371,57,2,1,0,0,0,0,0,0,0,7,80,1,14295,14295,3,10,5,2,0,0,0,1
1369846,4,2024,2024,9,5,8,3371,17,77,3342,0,1,1,-33.519979,151.198465,16,2,2,0,0,0,0,0,2,0,7,60,2,4552,5151,8,16,40,1,0,1,0,0
1369851,4,2024,2024,11,0,11,61,10,160,34609,0,1,1,-33.09521,151.471644,37,0,2,0,2,0,0,0,0,0,7,60,0,4552,5151,8,34,40,1,0,1,0,0
1369855,2,2024,2024,2,3,5,8,10,79,34609,0,1,2,-34.016169,150.746175,12,0,2,0,1,0,0,0,2,0,7,50,0,14295,14295,3,0,5,3,0,0,1,0
1369856,2,2024,2024,9,2,11,85,31,179,34609,0,1,9,-31.899372,152.468736,43,2,1,1,2,0,0,0,0,0,7,60,0,5929,5929,1,5,19,2,0,0,1,1
1369859,1,2024,2024,10,3,6,2126,17,445,2149,0,1,9,-33.851258,151.054551,21,0,2,1,1,0,0,0,2,0,0,60,2,6545,6545,4,5,5,2,0,0,0,1
1369861,2,2024,2024,9,0,6,48,10,59,58,0,1,9,-32.886288,151.728071,48,0,2,1,1,0,0,0,2,2,7,80,2,1669,1669,3,0,0,3,0,0,1,0
1369862,4,2024,2024,9,5,3,47,27,7,15,0,1,1,-33.272003,148.263955,51,1,0,0,0,0,0,0,2,0,7,100,1,2585,4009,8,34,40,1,0,1,0,0
1369863,2,2024,2024,9,3,9,20,31,169,34609,0,1,1,-33.902699,151.205937,69,0,2,1,2,0,0,0,3,0,7,40,0,5929,5929,1,5,19,2,0,0,1,0
1369866,1,2024,2024,11,3,5,475,10,137,268,0,1,10,-33.907693,150.898662,41,0,2,1,1,0,0,0,2,2,7,60,2,14295,14295,3,16,5,2,0,0,0,1
1369869,2,2024,2024,9,1,5,204,31,6,34609,0,1,9,-29.438608,151.85119,51,2,1,1,0,0,0,3,2,0,7,50,0,1945,1945,5,16,40,1,0,0,1,0
1369871,4,2024,2024,9,2,8,6,36,7,11,0,1,1,-34.717256,150.05907,26,1,0,0,0,0,0,0,2,0,7,100,1,4552,5151,8,16,40,1,0,1,1,0
1369874,4,2024,2024,2,4,4,11,36,12,11,0,1,1,-33.647943,148.989361,51,1,0,0,0,0,0,0,2,0,7,100,1,4552,5151,8,5,40,1,0,1,0,0
1369883,1,2024,2024,2,0,5,3371,17,90,3342,0,1,2,-28.244412,153.553255,72,1,0,1,1,0,0,0,2,0,7,110,1,1945,1945,5,16,40,1,0,0,0,1
1369888,2,2024,2024,2,5,5,2126,17,93,2149,0,1,9,-33.418489,149.6016,3,2,1,1,0,0,0,0,2,1,7,70,2,4026,4026,8,16,40,1,0,0,1,0
1369889,2,2024,2024,2,5,6,113,27,218,111,0,1,9,-33.770801,150.773347,55,0,2,1,1,0,0,0,2,0,0,60,2,2040,2040,9,5,28,2,0,0,1,0
1369894,1,2024,2024,10,1,5,13,27,223,34609,0,1,2,-33.801977,150.922902,7,0,2,1,1,0,0,0,2,0,7,50,0,1981,1981,4,9,0,2,0,0,0,1
1369900,1,2024,2024,2,6,8,3,27,55,34609,0,1,1,-33.864894,151.276855,81,0,2,1,1,0,0,0,2,0,7,50,0,2040,2040,9,5,26,2,0,0,0,1
1369903,2,2024,2024,9,2,5,2261,17,45,2252,0,1,10,-33.889645,150.973104,15,0,2,1,3,0,0,0,2,1,10,70,2,14295,14295,3,0,40,3,0,0,1,0
1369907,4,2024,2024,2,0,7,42,10,16,34609,0,1,1,-32.866833,151.551693,17,2,1,0,0,0,0,0,2,0,7,80,0,3775,3775,0,0,13,3,0,2,0,0
1369910,2,2024,2024,11,2,8,48,31,79,34609,0,1,10,-33.579086,150.716636,29,2,2,1,1,0,0,0,2,0,0,50,0,6545,6545,4,5,0,2,0,0,1,0
1369913,4,2024,2024,9,5,8,33,27,55,154,0,1,10,-33.787372,150.87205,7,0,2,1,1,0,0,0,2,2,7,70,1,14295,14295,3,5,5,2,0,1,0,0
1369917,2,2024,2024,9,6,7,103,27,123,563,0,1,10,-33.804675,151.053589,54,0,2,1,2,0,0,0,2,2,7,80,2,6545,6545,4,5,0,2,0,0,1,0
1369919,2,2024,2024,9,5,10,229,14,100,237,0,1,3,-33.801106,151.14445,77,0,2,1,2,0,0,0,0,0,7,80,2,4026,4026,8,8,40,1,0,0,1,0
1369923,4,2024,2024,9,2,8,2,22,9,34609,0,1,1,-33.449012,149.553345,3,2,1,0,1,0,0,0,2,0,7,60,0,4552,5151,8,0,40,1,0,1,0,0
1369929,4,2024,2024,2,3,9,73,31,149,34609,0,1,10,-33.82392,150.96801,21,0,2,1,2,0,0,0,2,0,15,50,0,6545,6545,4,0,5,2,0,1,0,0
1369933,2,2024,2024,9,2,8,85,31,65,34609,0,1,2,-34.48543,150.88699,80,0,2,1,1,0,3,4,2,0,7,40,0,1282,1282,1,22,13,2,0,0,1,0
1369935,2,2024,2024,9,2,2,7,36,53,10,0,1,1,-32.259779,148.211256,51,1,0,1,0,0,0,0,0,0,7,100,1,4026,4026,8,10,40,1,0,0,1,0
1369938,2,2024,2024,2,5,11,6,27,132,34609,0,1,1,-29.7655,151.089907,33,2,1,0,0,0,0,0,0,0,7,80,0,782,957,5,16,40,1,0,0,1,0
1369939,4,2024,2024,2,5,8,30,27,4,34609,0,1,1,-32.750688,151.452081,17,2,1,0,0,0,0,0,2,0,7,80,0,1259,5151,8,10,40,1,0,1,0,0
1369941,1,2024,2024,11,2,4,115,27,134,114,0,1,9,-33.889886,151.255315,76,0,2,1,1,0,0,0,2,0,0,50,2,591,591,1,22,5,2,0,0,0,1
1369942,2,2024,2024,9,4,8,158,27,68,207,0,1,9,-33.877234,151.244607,81,0,2,1,1,0,0,0,2,2,7,60,2,83,83,1,5,19,2,0,0,1,0
1369943,4,2024,2024,10,5,7,866,17,98,793,0,1,10,-33.754067,151.047779,31,0,2,0,1,0,0,0,2,2,7,70,2,14295,14295,3,10,13,2,0,1,1,0
1369947,1,2024,2024,9,4,3,41,1,271,34609,0,1,9,-33.954801,151.012171,15,0,2,1,3,0,0,0,2,0,7,50,0,5929,5929,1,5,27,2,0,0,0,1
1369949,2,2024,2024,9,2,5,42,31,103,34609,0,1,10,-34.317477,148.296239,30,2,1,1,0,0,0,0,2,0,0,50,0,6545,6545,4,0,0,2,0,0,2,0
1369951,4,2024,2024,11,1,7,37,27,58,34609,0,1,9,-33.225401,151.41702,16,2,2,1,0,0,0,0,2,0,0,80,0,2852,2852,4,0,5,2,0,2,0,0
1369956,2,2024,2024,9,6,7,5,10,85,34609,0,1,1,-33.902143,150.860596,41,0,2,1,0,0,0,0,2,0,7,50,0,312,312,2,0,40,1,0,0,1,0
1369957,2,2024,2024,10,2,6,143,31,134,34609,0,1,9,-33.890666,151.243553,76,0,2,1,1,0,0,0,2,0,0,50,0,1945,1945,5,22,40,1,0,0,1,0
1369958,4,2024,2024,9,2,10,55,27,29,38,0,1,10,-33.945985,150.772768,41,0,2,1,1,0,0,0,0,2,7,80,2,5929,5929,1,0,19,2,0,1,1,0
1369959,4,2024,2024,9,6,8,111,27,57,233,0,1,9,-33.944112,151.226838,4,0,2,1,2,0,0,0,2,2,7,60,2,5929,5929,1,22,0,2,0,1,0,0
1369960,1,2024,2024,10,5,2,135,17,131,136,0,1,1,-36.082135,146.906891,0,2,1,0,0,0,0,0,1,0,7,60,2,1089,1089,7,16,40,1,0,0,0,1
1369962,4,2024,2024,2,6,7,36,10,91,34609,1,0,9,-32.804398,151.653475,48,0,2,1,1,0,0,0,2,2,7,50,0,5929,5929,1,0,5,2,0,1,1,0
1369963,2,2024,2024,9,1,10,125,27,17,123,0,1,7,-33.336163,151.430812,16,2,2,0,0,0,0,0,0,0,0,70,2,6545,6545,4,10,22,2,0,0,1,3
1369964,4,2024,2024,2,3,10,346,17,46,332,0,1,7,-28.814633,153.281761,39,2,1,0,2,0,0,0,0,0,7,60,2,6545,6545,4,0,5,2,0,1,0,0
1369969,2,2024,2024,9,0,3,22,27,26,34609,0,1,7,-34.856968,150.582958,63,2,1,1,0,0,0,0,2,0,0,60,0,6545,6545,4,10,19,2,0,0,1,0
1369973,4,2024,2024,10,4,11,81,27,609,115,0,1,9,-33.780667,150.900777,7,0,2,1,2,0,0,0,0,0,7,60,2,6545,6545,4,0,10,2,0,2,1,0
1369977,2,2024,2024,2,1,8,348,31,532,34609,0,1,0,-33.876607,151.208786,69,0,2,1,1,0,0,0,2,0,7,40,0,1383,1383,1,5,27,2,0,0,1,0
1369982,4,2024,2024,10,6,7,36,27,73,35,0,1,9,-33.89135,151.170213,32,0,2,1,0,0,0,0,2,0,7,50,1,5929,5929,1,0,27,2,0,1,0,0
1369983,2,2024,2024,6,2,6,149,10,346,702,0,1,6,-33.885487,151.069586,67,0,2,1,0,0,0,0,2,0,7,70,2,14295,14295,3,0,0,5,0,0,1,2
1369984,4,2024,2024,9,4,8,1,31,77,34609,0,1,9,-32.567973,151.164738,64,2,1,1,1,0,0,0,2,0,4,50,0,591,591,1,22,0,2,0,1,0,0
1369985,4,2024,2024,9,5,4,916,17,4,917,0,1,1,-32.698796,151.410226,42,1,0,1,0,0,0,0,2,0,7,90,2,14295,14295,3,10,0,3,0,1,0,1
1369987,2,2024,2024,11,0,5,14,10,316,34609,0,1,7,-31.457356,152.873384,56,2,1,0,0,0,3,4,2,0,0,50,0,1850,1463,5,16,40,1,0,0,1,0
1369989,2,2024,2024,10,2,6,158,27,68,207,0,1,1,-33.878089,151.242515,81,0,2,0,1,0,0,0,2,0,7,60,2,941,941,1,5,27,2,0,0,1,0
1369991,2,2024,2024,11,4,4,196,10,5,34609,0,1,1,-32.458391,149.625277,44,1,0,1,1,0,0,0,2,0,7,100,0,1089,1089,7,5,40,1,0,0,1,0
1369995,4,2024,2024,9,3,10,2126,17,609,2149,0,1,10,-33.79815,150.896996,7,0,2,1,2,0,0,0,0,2,7,80,2,5929,5929,1,5,5,2,0,1,2,0
1369999,4,2024,2024,9,5,4,77,27,25,100,0,1,1,-34.5306,150.393048,78,1,0,0,0,0,3,4,2,0,0,90,2,5929,5929,1,9,0,2,0,1,0,0
1370001,2,2024,2024,2,4,4,10,27,10,34609,0,1,1,-35.15239,147.362637,75,2,1,1,1,0,0,0,2,0,7,70,0,9859,9859,1,5,0,2,0,0,1,0
1370004,2,2024,2024,2,0,11,1,31,29,34609,0,1,1,-33.913574,150.893949,41,0,2,0,0,0,0,0,0,0,7,50,0,4552,5151,8,16,40,1,0,0,1,0
1370005,4,2024,2024,2,5,3,1,27,1,34609,0,1,1,-35.105772,148.481515,66,1,0,0,0,2,0,0,2,0,7,100,0,1957,4009,8,10,40,1,0,2,0,0
1370008,4,2024,2024,10,0,2,6,27,27,34609,0,1,6,-32.885237,151.782852,48,0,2,0,1,0,0,0,1,0,7,100,0,418,714,5,3,40,1,0,1,0,0
1370012,2,2024,2024,9,4,6,1,18,14,34609,0,1,9,-35.274365,149.706611,58,2,1,1,0,2,0,0,2,0,7,60,0,2852,2852,4,10,13,2,0,0,1,0
1370013,2,2024,2024,9,1,3,161,17,7,161,0,1,1,-36.649752,149.698909,5,1,0,0,0,0,0,0,2,0,7,100,2,1089,1089,7,5,40,1,0,0,1,0
1370014,2,2024,2024,10,2,8,78,31,41,41,0,1,10,-35.062733,148.100671,20,2,1,1,1,0,0,0,3,0,0,40,1,775,775,4,5,0,2,0,0,1,0
1370019,4,2024,2024,11,5,10,478,17,58,480,0,1,2,-33.432906,151.295529,16,2,2,1,2,0,0,0,0,0,7,60,2,9859,9859,8,0,40,1,0,1,0,0
1370021,4,2024,2024,11,0,7,296,27,187,293,0,1,2,-33.877484,150.980323,24,0,2,1,0,0,0,0,2,0,7,70,2,1220,1220,9,0,28,2,0,1,0,0
1370025,4,2024,2024,2,1,4,3371,17,60,3342,0,1,1,-33.437081,151.244373,16,2,2,0,0,0,0,0,2,0,7,60,2,2585,4009,8,10,40,1,0,1,0,0
1370028,4,2024,2024,2,5,9,3371,17,207,3342,0,1,1,-33.555909,151.193034,31,0,2,0,0,0,0,0,3,0,7,70,2,4552,5151,8,16,40,1,0,1,0,0
1370031,2,2024,2024,2,2,4,2,6,75,34609,0,1,9,-32.773382,151.634708,42,2,1,1,1,0,3,3,2,0,7,50,0,2852,2852,4,5,13,2,0,0,2,0
1370035,4,2024,2024,2,4,5,2,27,2,34609,0,1,1,-31.522779,152.408906,56,2,1,0,0,0,0,0,2,0,7,60,0,380,714,5,16,40,1,0,1,0,0
1370041,4,2024,2024,2,2,6,251,14,79,124,0,1,2,-33.826499,151.213258,49,0,2,0,1,0,0,0,2,0,7,80,2,1850,1463,5,16,40,1,0,1,0,0
1370043,2,2024,2024,10,1,9,2209,17,22,2205,0,1,1,-36.123116,150.069554,23,1,0,1,0,0,0,0,3,0,7,100,2,4026,4026,8,5,40,1,0,0,1,0
1370046,4,2024,2024,6,3,11,478,17,8,480,0,1,1,-33.21942,151.535579,16,2,2,0,0,0,0,0,0,0,7,70,2,3775,3775,0,5,35,2,0,1,0,0
1370047,2,2024,2024,9,5,3,115,27,81,114,0,1,9,-33.887611,151.264956,81,0,2,1,1,0,3,0,2,2,7,50,2,14295,14295,3,10,19,2,0,0,1,0
1370049,2,2024,2024,11,3,6,478,17,128,480,0,1,9,-33.427457,151.331325,16,2,2,1,1,0,0,0,2,0,0,70,2,9859,9859,1,5,5,2,0,0,1,0
1370050,2,2024,2024,2,6,4,2,27,113,34609,0,1,1,-29.462194,149.541706,51,1,0,0,0,2,0,0,2,0,7,100,0,1850,1463,5,10,40,1,0,0,1,1
1370056,2,2024,2024,2,6,4,39,22,65,34609,0,1,1,-33.397457,151.398536,16,2,2,0,0,0,3,4,2,0,7,60,0,1850,1463,5,0,40,1,0,0,1,0
1370062,2,2024,2024,2,2,7,9,27,54,44,0,1,1,-33.716042,151.099445,31,0,2,0,2,0,0,0,2,0,7,50,1,3775,3775,0,0,0,2,0,0,1,0
1370063,1,2024,2024,10,6,2,3371,17,139,3342,1,0,10,-33.836832,151.207267,49,0,2,1,2,0,0,0,1,2,7,40,2,6545,6545,4,0,5,2,0,0,0,1
1370066,1,2024,2024,10,6,8,232,36,64,369,0,1,9,-34.040494,150.735563,12,0,2,1,1,0,0,0,2,2,7,60,2,14295,14295,3,5,0,2,0,0,0,1
1370067,4,2024,2024,2,0,11,3371,17,44,3342,0,1,2,-30.618703,152.974299,47,1,0,1,0,0,3,4,0,0,7,110,2,9859,9859,8,10,40,1,0,1,0,0
1370068,2,2024,2024,2,4,7,5,31,10,34609,0,1,10,-32.728397,148.18967,53,2,1,1,1,0,0,0,2,0,0,50,0,6545,6545,4,10,5,2,0,0,2,0
1370070,4,2024,2024,2,3,0,4,27,9,34609,0,1,1,-30.997046,153.024203,34,2,1,1,0,0,0,3,0,0,7,80,0,9859,9859,8,0,40,1,0,1,0,0
1370073,4,2024,2024,2,0,8,2,27,3,34609,0,1,1,-28.474959,152.934276,51,1,0,0,1,0,0,0,2,0,7,100,0,3775,3775,0,0,36,2,0,1,2,1
1370076,2,2024,2024,10,0,9,2,31,90,17,0,1,1,-33.712418,150.312155,8,2,2,1,1,0,0,0,2,0,9,40,1,1220,1220,9,9,28,2,0,0,1,0
1370079,4,2024,2024,10,5,6,3,4,609,34609,0,1,1,-33.759969,150.899289,7,0,2,1,1,0,0,0,2,0,7,50,0,9859,9859,1,16,5,2,0,1,0,0
1370082,4,2024,2024,9,4,7,5,31,35,34609,1,0,9,-34.366772,150.916774,80,0,2,1,1,0,3,4,2,0,7,50,0,2585,777,8,5,40,1,0,1,0,0
1370086,2,2024,2024,10,2,0,3371,17,10,3342,0,1,2,-30.333833,153.080944,19,1,0,1,0,0,3,4,0,0,7,100,2,404,404,8,10,40,1,0,0,2,0
1370087,1,2024,2024,7,4,6,220,27,66,222,0,1,2,-33.720247,150.937653,7,0,2,1,2,0,0,0,2,2,9,80,2,14295,14295,3,5,0,2,0,0,0,1
1370089,2,2024,2024,9,3,9,2,31,251,34609,0,1,1,-33.764671,150.951849,7,0,2,1,1,0,0,0,2,0,7,50,0,340,340,9,5,26,2,0,0,1,0
1370096,4,2024,2024,9,3,2,512,17,562,441,0,1,1,-32.19282,148.457279,22,1,0,0,0,0,0,0,1,0,7,110,2,418,714,5,10,40,1,0,1,0,0
1370097,4,2024,2024,9,1,2,348,17,24,232,0,1,1,-32.102591,149.481615,51,1,0,1,0,0,0,0,0,0,7,100,2,4026,4026,8,5,40,1,0,1,0,0
1370102,2,2024,2024,9,2,8,3371,17,139,3342,1,0,10,-33.836832,151.207267,49,0,2,1,1,0,0,0,2,2,7,40,2,14295,14295,3,0,5,2,0,0,1,0
1370103,2,2024,2024,9,0,9,5,31,19,17,0,1,10,-29.870656,150.564816,51,2,1,1,0,0,0,0,2,0,7,50,1,4026,4026,8,10,40,1,0,0,3,0
1370104,2,2024,2024,9,0,7,3,10,92,34609,0,1,1,-33.978251,150.819668,13,0,2,1,1,0,0,0,2,0,7,50,0,2040,2040,9,0,28,2,0,0,1,0
1370105,4,2024,2024,9,2,10,82,27,134,181,0,1,1,-33.892503,151.254928,76,0,2,1,2,0,0,0,0,0,7,50,2,14295,14295,3,5,5,3,0,1,1,1
1370108,4,2024,2024,10,5,7,24,27,3,24,0,1,1,-28.274505,153.253017,72,2,1,0,0,0,0,0,2,0,7,80,1,4552,5151,8,8,40,1,0,1,0,0
1370109,2,2024,2024,2,2,6,45,31,76,34609,0,1,10,-35.351311,150.47036,63,2,1,1,1,0,0,0,2,0,15,50,0,6545,6545,4,19,0,2,0,0,2,0
1370112,4,2024,2024,10,0,6,117,1,137,34609,0,1,2,-34.034983,151.065436,68,0,2,1,1,0,0,0,2,0,7,50,0,9859,9859,8,9,40,1,0,1,0,0
1370115,2,2024,2024,2,6,4,113,27,104,111,0,1,1,-33.798603,150.768592,55,0,2,1,0,0,0,0,2,0,7,60,2,3775,3775,0,0,0,2,0,0,1,0
1370118,4,2024,2024,2,0,7,20,31,174,321,0,1,10,-33.89169,151.199794,69,0,2,1,0,0,0,0,2,3,7,50,2,186,186,9,22,28,2,0,1,0,0
1370122,4,2024,2024,10,3,6,104,27,137,140,0,1,9,-33.922505,151.203994,69,0,2,1,0,0,0,0,2,0,2,60,2,5929,5929,1,5,5,4,0,1,0,0
1370124,4,2024,2024,9,6,11,23,7,37,34609,0,1,9,-32.797059,151.512885,17,2,1,1,2,0,0,0,0,0,7,50,0,9859,9859,1,10,10,2,0,1,0,0
1370126,1,2024,2024,10,6,10,47,31,82,34609,0,1,1,-34.370104,150.897117,80,0,2,1,2,0,0,0,0,0,7,50,0,9859,9859,1,0,5,3,0,0,0,1
1370128,4,2024,2024,10,0,11,20,1,54,34609,0,1,1,-33.098138,151.649852,37,0,2,1,2,0,0,0,0,0,7,50,0,9859,9859,8,5,40,1,0,1,0,0
1370131,4,2024,2024,2,5,3,100,31,363,769,0,1,10,-33.805185,151.002597,54,0,2,1,1,0,0,0,2,0,15,60,2,2040,2040,9,5,28,2,0,1,0,0
1370133,2,2024,2024,2,4,4,92,31,83,34609,0,1,9,-30.112473,153.194363,19,2,1,1,1,0,0,0,2,0,6,50,0,945,945,5,5,40,1,0,0,1,0
1370137,4,2024,2024,11,6,6,3371,17,24,3342,0,1,2,-32.658058,151.84833,57,1,0,1,1,0,0,0,2,0,7,100,2,1383,1383,1,8,36,2,0,1,0,0
1370142,4,2024,2024,10,6,3,14,10,67,34609,0,1,10,-33.63899,150.9044,71,0,2,1,1,0,0,0,2,0,15,40,0,6545,6545,4,5,5,2,0,1,0,0
1370145,2,2024,2024,9,3,4,293,31,128,369,0,1,1,-33.622247,150.803909,29,2,2,1,0,0,0,0,2,0,7,60,2,5929,5929,1,0,0,2,0,0,1,0
1370148,2,2024,2024,10,2,5,2126,17,218,2149,0,1,2,-33.770395,150.775056,55,0,2,1,1,0,0,0,2,0,7,60,2,14295,14295,3,0,5,4,0,0,1,0
1370149,2,2024,2024,9,2,9,171,31,252,34609,0,1,9,-33.880324,151.211742,69,0,2,0,0,0,0,0,3,0,0,40,0,775,775,4,5,27,2,0,0,1,0
1370150,2,2024,2024,9,5,4,32,31,132,26,0,1,1,-29.772666,151.112794,33,2,1,1,0,0,0,0,2,0,7,40,1,2040,2040,9,0,28,2,0,0,1,0
1370157,2,2024,2024,10,6,2,5,31,98,34609,0,1,1,-33.012114,151.59298,37,0,2,1,2,0,3,0,0,0,7,50,0,9859,9859,8,5,40,1,0,0,1,0
1370158,2,2024,2024,1,4,8,163,27,63,165,0,1,9,-33.743098,150.798352,7,0,2,1,2,0,0,0,3,2,7,60,1,926,926,4,0,19,2,0,0,1,0
1370163,1,2024,2024,9,4,4,100,27,127,799,0,1,9,-33.896228,151.154137,32,0,2,1,2,0,3,2,2,2,7,60,2,623,623,3,5,5,2,0,0,0,1
1370169,4,2024,2024,9,2,8,163,27,41,165,1,0,7,-33.730845,150.830021,7,0,2,0,0,0,0,0,2,0,0,60,1,1259,5151,8,16,40,1,0,1,0,0
1370170,2,2024,2024,2,2,6,829,27,309,770,0,1,9,-33.816517,151.109438,61,0,2,1,1,0,0,0,2,2,7,60,2,623,623,3,16,0,2,0,0,1,0
1370171,2,2024,2024,9,6,4,111,27,102,233,1,0,10,-33.955613,151.230321,59,0,2,1,1,0,0,0,2,2,7,60,2,1282,1282,1,10,18,2,0,0,1,0
1370178,2,2024,2024,9,1,6,92,27,106,63,0,1,10,-33.919678,151.089616,15,0,2,1,1,0,0,0,2,2,9,40,1,2040,2040,9,10,28,2,0,0,1,0
1370179,4,2024,2024,9,3,8,3,27,112,34609,0,1,1,-33.441824,151.423629,16,2,2,1,1,0,0,0,2,0,7,50,0,186,186,9,22,28,2,0,1,0,0
1370180,2,2024,2024,9,4,6,512,17,11,441,0,1,1,-33.333912,149.154252,52,1,0,1,0,0,3,4,2,0,7,100,2,57,57,1,5,13,3,0,0,1,0
1370188,2,2024,2024,2,0,6,168,17,36,212,0,1,1,-35.418714,149.790239,58,1,0,1,0,0,0,0,2,0,7,100,2,14295,14295,3,0,5,2,0,0,1,0
1370191,4,2024,2024,2,3,7,17,27,70,34609,0,1,1,-34.035764,151.084882,68,0,2,1,1,0,0,0,2,0,7,40,0,1220,1220,9,5,28,2,0,1,0,0
1370195,4,2024,2024,2,2,7,78,23,134,40,0,1,1,-33.687882,150.864792,7,0,2,1,1,0,0,0,2,0,7,50,2,1981,1981,4,16,13,2,0,1,0,0
1370197,2,2024,2024,9,6,7,1052,31,135,34609,0,1,9,-32.901084,151.740347,48,0,2,0,1,0,0,3,2,0,0,50,0,1850,1463,5,16,40,1,0,0,1,0
1370206,4,2024,2024,2,1,8,19,27,3,24,0,1,10,-28.819283,153.450484,2,2,1,0,0,0,0,0,2,0,7,80,1,418,714,5,16,40,1,0,1,0,0
1370207,2,2024,2024,9,0,5,265,17,103,193,0,1,1,-34.379313,148.259972,30,1,0,0,0,0,3,4,2,0,7,100,2,1957,4009,8,0,40,1,0,0,1,0
1370210,2,2024,2024,2,1,9,78,32,293,34609,0,1,1,-33.924164,151.051639,15,0,2,1,2,0,0,0,3,0,7,60,0,1192,1192,1,19,27,2,0,0,1,0
1370213,2,2024,2024,9,2,5,78,27,23,228,0,1,1,-33.016948,151.12934,17,2,1,1,0,0,0,0,2,0,7,80,1,1981,1981,4,34,19,2,0,0,1,0
1370214,2,2024,2024,8,5,4,128,27,363,133,0,1,10,-33.757055,150.686247,55,0,2,1,2,0,0,0,2,3,9,60,2,591,591,1,22,5,2,0,0,1,0
1370222,2,2024,2024,10,4,10,500,27,293,799,0,1,9,-33.931694,151.060095,15,0,2,1,2,0,0,0,0,2,7,60,2,5929,5929,1,5,5,2,0,0,1,0
1370223,4,2024,2024,10,3,7,36,27,10,72,0,1,1,-28.703313,153.499884,10,2,1,0,0,0,0,0,2,0,7,80,2,3775,3775,0,5,13,2,0,1,0,1
1370224,2,2024,2024,2,5,7,8,31,16,34609,0,1,7,-33.816728,151.092958,61,0,2,0,1,0,0,0,2,0,0,50,0,1850,985,5,16,40,1,0,0,1,0
1370227,1,2024,2024,2,0,0,2,31,112,34609,0,1,7,-36.057131,146.937144,0,2,1,1,2,0,0,0,0,0,0,50,0,9859,9859,8,30,40,1,0,0,0,1
1370229,2,2024,2024,2,3,4,234,27,337,217,0,1,9,-33.714659,151.016143,71,0,2,0,1,0,0,0,2,2,7,60,2,5929,5929,1,5,5,2,0,0,2,0
1370230,2,2024,2024,11,2,8,5,1,23,34609,0,1,1,-34.022801,151.040501,68,0,2,1,2,0,0,0,0,0,7,50,0,9859,9859,1,0,6,2,0,0,1,0
1370232,4,2024,2024,2,6,8,54,27,646,118,0,1,9,-33.914354,151.033145,15,0,2,1,1,0,0,0,2,2,7,60,1,5929,5929,1,5,5,2,0,2,0,1
1370233,1,2024,2024,2,6,5,23,9,169,34609,0,1,9,-28.663048,153.609303,10,2,1,0,1,0,0,0,2,0,7,50,0,4552,777,8,22,40,1,0,0,0,1
1370234,1,2024,2024,11,1,5,145,31,175,34609,0,1,1,-33.774423,151.08039,54,0,2,1,1,0,0,0,2,0,7,50,0,2040,2040,9,5,28,2,0,0,0,1
1370237,2,2024,2024,2,2,7,5,27,144,34609,0,1,1,-34.054232,151.015423,68,0,2,1,0,0,3,0,2,0,7,50,0,9859,9859,1,0,25,2,0,0,1,0
1370238,4,2024,2024,10,0,8,8,27,11,34609,0,1,1,-32.616164,151.441906,42,2,1,0,0,0,0,0,2,0,7,80,0,2585,4009,8,16,40,1,0,1,0,0
1370242,2,2024,2024,10,5,7,2,27,2,2,0,1,1,-31.862968,146.521561,51,1,0,1,0,0,0,0,2,0,7,100,1,475,475,5,10,40,1,0,0,1,0
1370245,4,2024,2024,1,0,10,478,17,96,480,0,1,9,-33.436041,151.384973,16,2,2,1,2,0,0,0,0,2,7,60,2,5929,5929,1,30,19,3,0,1,0,0
1370249,2,2024,2024,9,1,11,2126,17,218,2149,0,1,9,-33.771373,150.779248,55,0,2,1,2,0,0,0,0,2,7,60,2,14295,14295,3,5,0,3,0,0,1,0
1370251,4,2024,2024,10,3,3,916,17,172,917,0,1,2,-32.76004,151.593761,42,2,1,1,1,0,0,0,2,0,7,60,2,1945,1945,5,16,40,1,0,1,0,0