Crash ID,Degree of crash - detailed,Reporting year,Year of crash,Month of crash,Day of week of crash,Two-hour intervals,Street of crash,Street type,Town,Route no.,School zone location,School zone active,Type of location,Latitude,Longitude,LGA,Urbanisation,Conurbation 1,Alignment,Street lighting,Road surface,Surface condition,Weather,Natural lighting,Signals operation,Other traffic control,Speed limit,Road classification,RUM - code,DCA - code,First impact type,Key TU type,Other TU type,No. of traffic units involved,No. killed,No. seriously injured,No. moderately injured,No. minor-other injured
1370253,4,2024,2024,11,0,9,196,10,24,168,0,1,1,-33.962413,150.981677,15,0,2,0,2,0,0,0,0,0,7,60,2,3775,3775,0,0,0,2,0,1,0,0
1370254,2,2024,2024,2,6,8,220,14,130,220,0,1,3,-34.458649,150.855023,80,0,2,1,1,0,0,0,2,0,7,100,2,14295,14295,3,9,13,4,0,0,1,0
1370255,4,2024,2024,2,6,3,20,27,252,4,0,1,1,-33.947661,150.881684,41,0,2,1,1,0,3,4,2,0,7,60,1,14295,14295,3,5,0,4,0,1,0,0
1370262,2,2024,2024,1,1,5,9,27,6,34609,0,1,1,-34.668589,149.980381,26,2,1,0,1,0,0,0,2,0,7,80,0,1259,5151,8,34,40,1,0,0,1,0
1370263,4,2024,2024,9,2,8,3371,17,37,3342,0,1,2,-29.43876,153.240266,18,1,0,0,1,0,3,4,2,0,7,110,2,1850,1463,5,0,40,1,0,1,0,0
1370264,2,2024,2024,9,1,6,3371,17,92,3342,0,1,7,-33.409025,151.350341,16,2,2,0,0,0,0,0,2,0,0,60,2,1669,1669,3,0,5,2,0,0,1,0
1370267,2,2024,2024,2,2,5,3,27,4,34609,0,1,10,-33.71208,147.24246,51,1,0,1,0,0,0,0,2,0,0,100,0,2852,2852,4,0,10,2,0,0,2,0
1370272,2,2024,2024,2,5,6,8,31,108,34609,0,1,1,-28.86123,153.554977,2,2,1,1,1,0,0,0,2,0,7,50,0,9859,9859,1,5,5,2,0,0,1,0
1370274,1,2024,2024,9,0,10,125,31,438,563,0,1,10,-33.85134,151.037067,21,0,2,1,2,0,0,0,0,2,7,70,2,395,395,1,5,5,2,0,0,0,2
1370275,4,2024,2024,10,0,2,5,27,251,34609,0,1,1,-33.788198,150.930458,7,0,2,0,2,0,3,4,0,0,7,50,0,1850,1463,5,16,40,1,0,1,0,0
1370276,4,2024,2024,10,0,4,3371,17,28,3342,0,1,2,-32.635949,151.935192,57,1,0,1,0,0,0,0,2,0,7,110,2,9859,9859,8,9,40,1,0,1,0,0
1370283,4,2024,2024,10,1,6,31,31,314,34609,0,1,1,-33.847833,150.930026,24,0,2,1,0,0,0,0,2,0,7,60,0,83,83,5,5,40,1,0,1,0,0
1370285,2,2024,2024,9,5,6,192,27,21,14,0,1,7,-33.875096,150.916533,24,0,2,1,0,0,0,0,2,0,0,50,1,941,941,1,9,5,3,0,0,1,0
1370289,2,2024,2024,9,6,1,20,31,135,101,0,1,10,-32.897362,151.736511,48,0,2,1,2,0,3,4,0,2,7,50,2,4552,985,8,5,40,1,0,0,1,1
1370292,4,2024,2024,2,6,3,62,27,63,166,0,1,9,-33.24422,151.472148,16,2,2,1,1,0,3,4,2,0,0,70,2,2852,2852,4,10,5,2,0,1,0,0
1370302,4,2024,2024,11,4,8,123,36,14,49,0,1,1,-30.403612,151.313036,51,1,0,1,0,0,0,0,2,0,7,100,1,945,945,5,16,40,1,0,1,0,0
1370303,2,2024,2024,9,2,8,13,27,25,34609,0,1,1,-33.74755,150.809912,7,0,2,0,1,0,0,0,2,0,7,50,0,1957,4009,1,0,0,3,0,0,2,0
1370306,2,2024,2024,2,6,10,33,31,175,34609,0,1,9,-33.768815,151.079554,54,0,2,1,2,0,0,0,0,0,7,50,0,9859,9859,8,5,40,1,0,0,1,0
1370311,4,2024,2024,11,3,3,89,17,51,21,0,1,1,-34.196445,150.970621,80,0,2,1,1,0,0,0,1,0,7,70,1,1945,1945,5,16,40,2,0,1,1,0
1370313,4,2024,2024,9,2,5,1,27,1,34609,0,1,9,-35.26713,146.926307,51,1,0,1,0,0,0,0,2,0,7,100,0,1089,1089,7,16,40,1,0,1,0,0
1370315,4,2024,2024,10,3,8,8,27,20,34609,0,1,1,-29.046691,152.361689,51,1,0,0,0,2,0,0,2,0,7,100,0,1850,1463,5,16,40,1,0,1,0,0
1370317,2,2024,2024,9,2,8,205,27,161,415,0,1,2,-33.712883,151.174717,36,0,2,1,1,0,3,4,2,0,7,60,2,14295,14295,3,10,5,2,0,0,1,0
1370326,2,2024,2024,1,5,8,6,27,42,34609,0,1,1,-35.992142,146.386568,51,2,1,1,1,0,0,0,3,0,7,60,0,5929,5929,1,0,19,2,0,0,1,1
1370328,2,2024,2024,1,3,8,1,31,64,34609,0,1,9,-33.489848,150.138353,40,2,1,1,0,0,0,0,2,0,7,50,0,515,515,1,33,27,2,0,0,1,0
1370331,2,2024,2024,9,0,4,123,36,20,49,0,1,1,-30.597305,151.469242,51,1,0,1,0,0,0,0,2,0,7,100,1,3775,3775,0,5,0,2,0,0,1,0
1370332,2,2024,2024,2,5,11,1,27,30,34609,0,1,1,-31.037818,151.085676,70,1,0,1,0,0,0,0,0,0,7,100,0,4026,4026,8,5,40,1,0,0,2,0
1370335,2,2024,2024,9,5,2,25,31,9,34609,1,0,1,-33.932985,151.144639,4,0,2,1,0,0,0,0,1,0,7,50,0,1109,787,1,5,27,2,0,0,1,0
1370336,4,2024,2024,10,4,3,103,36,14,103,0,1,1,-32.447574,151.969267,43,1,0,0,0,0,3,3,1,0,7,90,1,4552,5151,8,10,40,1,0,1,0,0
1370341,1,2024,2024,10,5,4,59,27,252,41,0,1,10,-33.938474,150.868113,41,0,2,1,0,0,0,0,2,2,7,60,1,217,217,1,29,0,2,0,0,0,1
1370342,1,2024,2024,9,0,5,7,27,8,34609,0,1,1,-35.832531,146.982613,27,2,1,1,0,0,0,0,2,0,7,80,0,9859,9859,8,5,40,1,0,0,0,1
1370346,4,2024,2024,9,4,9,22,27,4,34609,0,1,9,-34.843727,150.569041,63,2,1,1,1,0,0,3,2,0,15,60,0,2852,2852,4,10,19,2,0,1,0,0
1370349,2,2024,2024,9,3,10,1,27,3,34609,0,1,1,-30.424945,153.03744,19,2,1,0,0,2,0,0,0,0,7,80,0,4552,5151,8,5,40,1,0,0,2,0
1370351,4,2024,2024,11,4,5,14,31,646,34609,0,1,0,-33.919627,151.035502,15,0,2,1,0,0,0,0,2,0,7,40,0,4026,4026,8,5,40,2,0,2,0,0
1370356,4,2024,2024,2,3,10,112,17,207,112,0,1,1,-32.05012,141.119705,51,1,0,0,0,0,0,0,3,0,7,110,2,782,957,5,16,40,1,0,1,0,0
1370358,2,2024,2024,9,3,8,3371,17,18,3342,0,1,2,-30.814931,152.873912,47,1,0,1,0,0,0,0,2,0,7,100,2,4026,4026,8,21,40,1,0,0,1,0
1370359,2,2024,2024,9,5,9,68,31,73,331,0,1,10,-34.187745,150.60559,79,2,2,1,0,0,0,0,3,0,7,60,1,1192,1192,1,5,18,2,0,0,1,0
1370361,1,2024,2024,10,0,5,79,31,149,96,0,1,1,-33.864716,151.168738,32,0,2,1,0,0,0,0,2,0,7,50,2,387,387,1,22,12,2,0,0,0,1
1370363,2,2024,2024,9,0,6,48,10,19,121,0,1,9,-31.413035,152.8244,56,2,1,1,0,0,0,0,2,0,15,80,1,2852,2852,4,5,5,2,0,0,3,0
1370364,4,2024,2024,9,5,11,25,31,169,147,0,1,2,-28.641815,153.610461,10,2,1,1,2,0,0,0,0,0,7,50,1,4026,4026,8,5,40,1,0,1,0,0
1370365,4,2024,2024,11,2,7,25,31,438,34609,0,1,7,-33.867173,151.030519,21,0,2,1,1,0,0,3,2,0,0,50,0,368,368,9,16,28,2,0,1,1,0
1370366,2,2024,2024,9,5,0,2209,17,201,2205,0,1,1,-34.891309,150.603856,63,2,1,1,0,0,0,0,0,0,7,70,2,404,404,8,16,40,1,0,0,1,0
1370367,4,2024,2024,2,0,7,2,27,2,34609,0,1,1,-28.587861,153.160268,39,2,1,0,0,0,0,6,2,0,7,40,0,4552,5151,8,16,40,1,0,1,0,0
1370369,2,2024,2024,2,5,9,2209,17,55,2205,0,1,2,-35.734326,150.166661,23,1,0,0,0,0,3,4,3,0,7,90,2,782,957,5,5,40,1,0,0,1,0
1370370,1,2024,2024,11,1,6,7,27,59,34609,0,1,1,-34.33695,150.910091,80,0,2,1,0,0,0,0,2,0,7,50,0,1981,1981,4,5,5,3,0,0,0,1
1370371,1,2024,2024,1,5,9,158,27,68,207,0,1,9,-33.872791,151.248238,81,0,2,0,2,0,0,0,0,2,7,60,2,5929,5929,1,5,18,2,0,0,0,1
1370373,1,2024,2024,9,0,7,51,31,77,34609,0,1,7,-33.86846,150.937735,24,0,2,0,0,0,3,4,2,0,0,50,0,6545,6545,4,0,5,2,0,0,0,1
1370374,2,2024,2024,11,1,0,53,27,134,51,0,1,1,-33.509758,151.318721,16,2,2,1,2,0,0,0,0,0,7,60,1,9859,9859,1,5,5,2,0,0,1,0
1370375,2,2024,2024,9,2,11,2,27,11,34609,0,1,1,-28.568654,153.449868,10,1,0,1,0,0,3,4,0,0,7,100,0,1945,1945,5,16,40,1,0,0,1,0
1370376,2,2024,2024,10,5,4,18,36,155,19,0,1,9,-33.042029,148.273668,53,1,0,1,0,0,0,0,2,0,0,100,1,14295,14295,3,5,13,2,0,0,1,1
1370378,4,2024,2024,9,2,11,126,1,226,144,0,1,9,-33.758036,150.818576,7,0,2,1,2,0,0,0,0,0,0,60,2,6545,6545,4,5,36,2,0,1,1,0
1370381,2,2024,2024,10,4,8,3371,17,67,3342,0,1,10,-33.3936,151.350031,16,2,2,1,1,0,0,0,2,0,7,60,2,14295,14295,3,0,0,2,0,0,1,0
1370382,2,2024,2024,10,2,5,475,10,12,268,0,1,10,-33.873376,150.750197,41,0,2,1,1,0,0,0,2,2,7,80,2,6545,6545,4,5,5,2,0,0,1,0
1370384,2,2024,2024,9,6,11,344,27,3,382,0,1,1,-33.687583,150.823013,7,0,2,1,0,0,0,0,0,0,7,80,2,3775,3775,0,5,5,3,0,0,1,0
1370385,1,2024,2024,10,6,7,22,31,59,47,0,1,9,-32.891842,151.724251,48,0,2,1,0,0,0,0,2,0,0,60,2,2852,2852,4,5,0,2,0,0,0,1
1370386,4,2024,2024,9,3,6,225,17,50,180,0,1,1,-34.565333,150.662311,62,0,2,0,0,0,0,0,2,0,7,80,2,96,96,0,16,5,2,0,1,0,1
1370390,2,2024,2024,9,5,3,60,27,101,262,0,1,2,-32.901201,151.616035,37,0,2,0,1,0,0,0,2,0,7,90,2,14295,14295,3,33,0,4,0,0,1,0
1370391,4,2024,2024,9,5,8,19,27,40,605,0,1,2,-33.801214,151.246433,50,0,2,0,0,0,0,0,2,0,7,60,2,14295,14295,3,16,22,2,0,1,0,0
1370392,2,2024,2024,11,6,7,1,18,131,34609,0,1,1,-36.080646,146.919967,0,2,1,1,0,0,0,0,2,0,7,10,0,368,368,9,33,28,2,0,0,1,0
1370394,2,2024,2024,2,0,5,330,27,31,102,0,1,9,-33.775357,151.270629,50,0,2,0,1,0,0,0,2,2,7,60,2,14295,14295,3,10,0,3,0,0,1,0
1370404,4,2024,2024,10,1,8,28,3,23,117,0,1,2,-32.99167,151.688604,37,0,2,1,0,0,0,0,2,0,7,90,2,1383,1383,1,16,0,2,0,1,0,0
1370406,2,2024,2024,9,4,9,56,27,443,44,0,1,9,-33.90849,151.057011,15,0,2,1,0,0,3,4,2,0,9,40,1,214,214,9,5,28,2,0,0,1,0
1370410,4,2024,2024,2,5,11,20,36,53,34609,0,1,1,-33.373563,151.456558,16,2,2,0,2,0,0,0,0,0,7,50,0,4552,5151,1,5,5,3,0,1,0,0
1370411,4,2024,2024,9,1,3,132,31,174,126,0,1,10,-33.891016,151.210691,69,0,2,1,1,0,0,0,2,2,7,50,2,1669,1669,3,5,12,2,0,1,0,0
1370412,4,2024,2024,9,2,10,512,31,155,34609,0,1,1,-33.129292,148.164634,53,2,1,1,2,0,0,0,0,0,7,50,0,9859,9859,8,10,40,1,0,2,0,0
1370413,2,2024,2024,9,6,6,2261,17,23,2252,0,1,2,-34.645165,150.121017,78,1,0,1,0,0,3,4,2,0,7,110,2,14295,14295,3,3,0,3,0,0,1,1
1370414,2,2024,2024,9,4,5,20,27,162,34609,0,1,10,-33.836784,150.911467,24,0,2,1,2,0,0,0,2,2,7,60,0,6545,6545,4,29,22,2,0,0,3,0
1370415,4,2024,2024,10,1,0,500,27,198,799,0,1,9,-33.919163,151.102132,15,0,2,1,2,0,0,0,0,0,6,60,2,9859,9859,8,5,40,1,0,1,0,0
1370420,4,2024,2024,2,6,0,28,27,43,28,0,1,1,-32.805573,151.850583,57,2,1,1,3,0,0,0,0,0,7,40,1,1945,1945,5,16,40,1,0,1,0,0
1370429,2,2024,2024,9,2,9,55,36,25,35,0,1,1,-32.930116,149.91343,44,1,0,0,0,0,0,0,3,0,7,90,1,1850,1463,5,0,40,1,0,0,1,0
1370431,2,2024,2024,2,0,0,165,31,143,34609,0,1,9,-33.876606,151.107245,9,0,2,0,2,0,0,0,0,0,0,50,0,2585,4009,8,5,40,2,0,0,1,0
1370432,2,2024,2024,2,1,9,9,27,115,140,0,1,1,-33.918206,151.177049,69,0,2,1,0,0,0,0,2,0,7,60,2,1945,1945,5,16,40,1,0,0,1,0
1370435,4,2024,2024,10,4,6,1,27,1,34609,0,1,1,-31.278343,147.269843,51,1,0,0,0,0,0,0,2,0,7,100,0,273,957,5,8,40,1,0,2,0,0
1370436,4,2024,2024,9,6,10,1,27,23,34609,0,1,1,-36.619397,149.57189,5,1,0,0,0,0,0,0,0,0,7,100,0,2585,4009,8,10,40,1,0,1,1,0
1370437,2,2024,2024,2,4,8,1,23,102,34609,0,1,1,-33.955118,151.238873,59,0,2,1,0,0,0,0,2,0,7,50,0,4026,4026,1,5,5,2,0,0,1,0
1370441,4,2024,2024,2,2,10,36,27,438,25,1,0,1,-33.86287,151.018714,21,0,2,1,2,0,0,0,0,0,7,50,1,2040,2040,9,5,28,3,0,1,0,1
1370442,2,2024,2024,9,1,5,8,27,8,12,0,1,9,-33.863335,151.202971,69,0,2,1,1,0,0,3,2,0,15,40,1,1945,1945,5,16,40,1,0,0,1,0
1370448,4,2024,2024,2,5,7,4,31,228,34609,1,0,1,-34.758578,149.700368,26,2,1,1,1,0,0,0,2,0,7,50,0,340,340,9,5,28,2,0,1,0,0
1370451,1,2024,2024,2,3,7,37,1,96,212,0,1,10,-35.356805,149.225352,58,2,1,1,1,0,0,0,2,2,7,60,2,2852,2852,4,0,5,2,0,0,0,1
1370453,1,2024,2024,11,6,6,2209,17,106,2205,0,1,9,-34.556469,150.791785,62,0,2,1,1,0,0,0,2,2,7,70,2,14295,14295,3,5,5,2,0,0,0,1
1370454,1,2024,2024,10,5,3,15,31,31,34609,0,1,9,-33.876704,151.025965,21,0,2,1,2,0,0,0,1,0,0,60,0,14295,14295,3,33,12,2,0,0,0,1
1370455,2,2024,2024,10,6,0,71,27,66,34609,0,1,1,-34.479255,150.887158,80,0,2,1,2,0,0,0,0,0,7,50,0,489,489,8,30,40,1,0,0,1,0
1370458,2,2024,2024,2,2,8,866,27,201,44,0,1,9,-33.997702,150.870499,13,0,2,1,1,0,0,0,2,0,0,60,1,2852,2852,4,5,5,2,0,0,2,0
1370459,2,2024,2024,9,6,5,346,17,103,332,0,1,7,-28.812023,153.347205,39,2,1,1,0,0,3,4,2,0,0,60,2,14295,14295,3,30,0,2,0,0,2,0
1370461,4,2024,2024,9,4,8,9,27,81,34609,0,1,1,-33.878313,151.259388,81,0,2,0,0,0,0,0,2,0,7,50,0,4552,5151,1,15,0,2,0,1,0,0
1370464,1,2024,2024,9,3,10,102,27,26,34609,0,1,2,-34.577345,150.850663,62,0,2,0,1,0,0,0,0,0,7,60,0,1957,4009,1,0,13,2,0,0,0,1
1370466,2,2024,2024,11,2,10,296,27,187,293,0,1,2,-33.877405,150.980375,24,0,2,1,2,0,0,0,0,0,7,70,2,14295,14295,3,0,5,2,0,0,1,2
1370467,1,2024,2024,2,0,11,71,36,3,139,0,1,1,-34.174805,145.920146,28,1,0,0,0,0,0,0,0,0,7,100,2,2585,4009,8,5,40,1,0,0,0,1
1370472,1,2024,2024,2,0,5,95,31,438,34609,0,1,1,-33.856726,151.036617,21,0,2,1,0,0,0,0,2,0,7,50,0,941,941,1,5,5,3,0,0,0,2
1370473,4,2024,2024,2,1,9,28,1,31,34609,0,1,1,-30.350438,153.071052,19,2,1,0,2,0,3,4,3,0,7,50,0,1957,4009,8,5,40,1,0,1,0,0
1370474,4,2024,2024,2,4,7,125,27,108,123,0,1,7,-33.306065,151.409322,16,2,2,1,0,0,0,0,2,0,0,70,2,340,340,9,8,28,2,0,1,0,0
1370475,4,2024,2024,2,2,6,41,31,34,34609,1,0,1,-33.964262,151.009065,15,0,2,1,0,0,0,0,2,0,7,50,0,9859,9859,8,5,40,1,0,1,0,0
1370478,4,2024,2024,2,1,5,916,17,32,917,0,1,1,-30.291999,151.689739,1,1,0,1,0,0,0,0,2,0,7,100,2,4026,4026,8,0,40,1,0,1,1,0
1370480,4,2024,2024,2,1,8,19,27,36,19,0,1,1,-33.408916,151.216828,16,1,2,1,0,0,0,0,2,0,7,100,1,4026,4026,8,5,40,1,0,1,0,0
1370481,4,2024,2024,9,1,7,71,27,69,122,0,1,2,-34.5506,150.860556,62,0,2,1,1,0,0,0,2,0,7,70,2,1282,1282,1,10,5,2,0,1,0,0
1370484,4,2024,2024,9,4,5,5,23,49,34609,0,1,1,-33.720533,151.287691,50,0,2,0,1,0,3,3,2,0,7,50,0,3775,3775,0,16,0,2,0,1,0,0
1370487,4,2024,2024,9,5,3,57,27,155,75,0,1,1,-33.496096,151.307998,16,2,2,1,1,0,0,0,2,0,7,60,1,4026,4026,8,0,40,1,0,1,0,0
1370490,4,2024,2024,2,2,5,205,27,147,415,0,1,9,-33.738512,151.152332,36,0,2,0,1,0,3,4,2,3,7,60,2,3775,3775,0,5,13,2,0,2,0,0
1370492,4,2024,2024,2,0,7,63,31,252,34609,1,0,1,-33.882624,151.214526,69,0,2,1,1,0,0,0,2,0,7,40,0,144,144,1,0,27,2,0,1,0,0
1370495,2,2024,2024,10,4,10,177,22,70,176,0,1,10,-34.033005,151.089059,68,0,2,1,2,0,3,4,0,2,7,60,2,5929,5929,1,19,35,2,0,0,1,0
1370499,2,2024,2024,9,6,7,2261,17,64,2252,0,1,9,-33.888058,151.074893,67,0,2,1,0,0,0,0,2,0,0,60,2,3775,3775,0,5,5,4,0,0,2,1
1370500,4,2024,2024,9,2,6,10,27,1,34609,0,1,9,-31.55261,159.081742,51,1,0,1,0,0,0,0,2,0,7,100,0,238,238,9,28,28,2,0,1,0,0
1370501,2,2024,2024,10,6,8,3371,17,41,3342,0,1,9,-32.816527,151.696417,57,2,1,1,1,0,0,0,2,2,7,80,2,14295,14295,3,29,0,2,0,0,1,0
1370506,4,2024,2024,9,3,8,51,27,57,34609,0,1,9,-34.568687,150.822566,62,0,2,1,0,0,0,0,2,0,7,50,0,256,256,4,0,27,2,0,1,0,0
1370508,1,2024,2024,11,4,7,2,31,143,34609,0,1,0,-33.876952,151.105082,9,0,2,1,1,0,0,0,2,0,7,40,0,2040,2040,9,5,28,2,0,0,0,1
1370510,4,2024,2024,2,4,10,20,31,36,34609,0,1,9,-32.960679,151.6081,37,0,2,1,2,0,0,0,0,0,0,50,0,2852,2852,4,5,19,2,0,1,0,0
1370512,2,2024,2024,9,4,7,1052,14,207,928,0,1,3,-33.57227,151.192919,31,0,2,0,1,0,0,0,2,0,7,110,2,1957,4009,8,8,40,1,0,0,1,0
1370514,4,2024,2024,2,3,9,95,31,56,34609,0,1,1,-31.088626,152.829907,34,2,1,0,1,0,0,0,2,0,7,50,0,1850,1463,5,16,40,1,0,1,0,0
1370519,4,2024,2024,9,4,6,1,31,80,34609,0,1,9,-33.878718,151.204834,69,0,2,0,1,0,0,0,2,0,7,40,0,2040,2040,9,5,28,2,0,1,0,0
1370521,4,2024,2024,9,2,3,120,36,14,148,0,1,1,-30.35462,152.716902,6,1,0,0,0,0,3,4,1,0,7,100,2,3775,3775,0,0,12,2,0,2,0,1
1370522,2,2024,2024,10,2,6,251,27,147,212,0,1,9,-33.757624,151.277792,50,0,2,1,1,0,0,0,2,0,15,60,2,623,623,3,0,18,2,0,0,1,0
1370524,1,2024,2024,9,2,2,2126,17,149,2149,0,1,2,-33.815553,150.968941,21,0,2,1,1,0,0,0,1,0,7,80,2,1192,1192,1,10,27,2,0,0,0,1
1370525,4,2024,2024,10,1,3,30,27,57,52,0,1,1,-33.900164,151.17132,32,0,2,1,1,0,3,0,2,0,7,60,1,144,144,1,9,19,2,0,1,0,0
1370528,2,2024,2024,9,2,1,6,31,84,23,0,1,9,-33.889801,151.261808,76,0,2,1,2,0,0,0,0,0,15,50,1,6545,6545,4,22,40,2,0,0,1,0
1370529,4,2024,2024,10,6,3,255,31,609,220,0,1,1,-33.772342,150.912435,7,0,2,1,2,0,0,0,1,0,7,60,2,1945,1945,5,5,40,1,0,1,0,0
1370530,2,2024,2024,9,3,5,10,27,13,31,0,1,1,-35.962348,149.579566,58,1,0,0,0,2,0,0,2,0,7,100,1,1850,1463,5,16,40,1,0,0,1,0
1370534,2,2024,2024,9,0,5,125,31,438,44,0,1,9,-33.849243,151.033359,21,0,2,1,1,0,0,0,2,2,7,50,1,5929,5929,1,5,5,2,0,0,1,0
1370536,4,2024,2024,10,5,8,28,27,89,34609,0,1,1,-33.668525,150.78099,55,0,2,1,0,0,0,0,2,0,7,70,0,9859,9859,8,30,40,1,0,1,0,0
1370538,2,2024,2024,11,4,3,10,27,15,24,0,1,9,-28.810342,153.487238,2,2,1,1,0,0,0,0,2,0,0,80,1,623,623,3,0,5,2,0,0,1,0
1370540,4,2024,2024,9,0,10,11,31,433,19,0,1,2,-33.282895,149.095207,52,2,1,1,2,0,0,0,0,0,7,40,2,2040,2040,9,16,28,2,0,2,0,0
1370541,2,2024,2024,11,1,6,387,36,86,69,0,1,9,-33.737911,151.220263,50,0,2,1,1,0,0,0,2,2,7,70,2,14295,14295,3,21,5,3,0,0,1,0
1370548,4,2024,2024,9,2,5,4,27,70,34609,0,1,1,-33.262114,151.496359,16,2,2,1,1,0,0,0,2,0,7,50,0,121,121,9,5,28,2,0,1,0,0
1370551,4,2024,2024,2,4,8,105,17,251,136,0,1,2,-33.775807,150.933917,7,0,2,1,1,0,0,0,2,2,9,60,2,1220,1220,9,5,28,2,0,1,0,0
1370554,4,2024,2024,9,3,11,1052,14,149,928,0,1,3,-33.359995,151.337699,16,1,2,0,2,0,0,3,0,0,7,110,2,1957,4009,8,9,40,2,0,1,1,0
1370555,2,2024,2024,2,2,9,512,17,19,441,0,1,1,-32.365184,148.800958,22,1,0,0,0,0,0,0,2,0,7,110,2,2585,4009,8,10,40,1,0,0,1,0
1370556,2,2024,2024,9,2,5,19,27,609,34609,0,1,1,-33.76886,150.903922,7,0,2,1,1,0,0,0,2,0,7,50,0,1282,1282,1,0,5,2,0,0,1,0
1370557,2,2024,2024,11,0,7,8,27,13,34609,0,1,1,-33.546605,149.911677,40,1,0,0,0,0,0,0,2,0,7,100,0,782,957,5,16,40,1,0,0,1,0
1370558,1,2024,2024,2,6,9,147,27,32,34609,0,1,1,-33.861388,150.975178,21,0,2,1,1,0,0,0,2,0,7,50,0,9859,9859,1,5,5,5,0,0,0,1
1370559,4,2024,2024,9,2,7,150,27,309,415,0,1,10,-33.797721,151.114963,61,0,2,0,1,0,3,4,2,2,7,70,2,5929,5929,1,9,5,2,0,1,1,0
1370562,2,2024,2024,5,4,9,55,31,44,34609,0,1,1,-33.746711,150.71776,55,0,2,1,0,0,0,0,0,0,7,50,0,9859,9859,1,30,0,2,0,0,1,0
1370563,2,2024,2024,10,2,5,213,17,132,213,0,1,2,-29.775422,151.105286,33,2,1,0,1,0,0,0,2,0,7,50,2,14295,14295,3,16,5,2,0,0,1,0
1370568,1,2024,2024,9,1,6,89,36,2,19,0,1,1,-28.862299,152.649332,51,2,1,1,0,2,0,0,2,0,7,40,1,1109,397,1,10,19,2,0,0,0,1
1370571,4,2024,2024,11,2,4,2126,17,218,2149,0,1,10,-33.769532,150.768721,55,0,2,1,1,0,0,0,2,2,7,50,2,5929,5929,1,5,5,2,0,2,1,0
1370581,2,2024,2024,10,0,6,387,27,290,331,0,1,9,-33.945714,151.128092,4,0,2,0,1,0,0,0,2,0,7,60,2,926,926,4,0,5,3,0,0,1,0
1370583,2,2024,2024,2,2,3,177,31,314,208,0,1,7,-33.860332,150.927408,24,0,2,1,0,0,3,4,1,0,0,60,1,3775,3775,0,5,0,2,0,0,1,1
1370586,2,2024,2024,2,1,6,4,31,290,34609,0,1,9,-33.859589,150.999631,21,0,2,1,1,0,0,0,2,0,7,50,0,1981,1981,4,5,36,2,0,0,1,0
1370592,4,2024,2024,2,2,5,512,17,8,441,0,1,1,-33.421504,149.299085,11,1,0,1,0,0,0,0,2,0,7,100,2,9859,9859,8,0,40,1,0,1,0,0
1370593,2,2024,2024,2,2,9,171,1,57,104,0,1,9,-33.945985,151.223333,4,0,2,1,2,0,0,0,3,2,7,70,2,5929,5929,1,5,5,2,0,0,1,0
1370596,2,2024,2024,9,3,8,42,31,127,96,0,1,1,-33.896447,151.152376,32,0,2,1,1,0,0,0,2,0,7,50,2,1282,1282,1,0,18,2,0,0,1,0
1370597,4,2024,2024,10,4,7,171,27,113,369,0,1,10,-33.793798,150.699225,55,0,2,1,1,0,0,0,2,1,7,70,2,9859,9859,8,0,40,1,0,1,1,0
1370603,2,2024,2024,2,2,5,3,27,149,34609,0,1,1,-33.294253,151.336235,16,2,2,0,0,2,0,0,2,0,7,50,0,1850,1463,5,16,40,1,0,0,1,0
1370610,4,2024,2024,1,3,5,3371,17,207,3342,0,1,1,-33.560161,151.189295,31,0,2,0,0,0,0,0,2,0,7,70,2,4552,5151,8,16,40,1,0,1,0,0
1370611,1,2024,2024,2,4,7,24,31,112,60,0,1,2,-36.05359,146.933433,0,2,1,1,0,0,0,0,2,0,7,60,1,1220,1220,9,0,28,3,0,0,0,2
1370612,4,2024,2024,9,2,5,15,27,41,15,0,1,1,-33.787214,151.271604,50,0,2,1,1,0,0,0,2,0,7,50,1,1945,1945,5,22,40,1,0,1,0,0
1370614,1,2024,2024,9,0,8,2,31,8,7,0,1,9,-32.399414,151.755594,51,2,1,1,1,0,0,0,3,0,0,50,1,368,368,9,10,28,2,0,0,0,1
1370618,2,2024,2024,10,2,4,108,31,8,34609,0,1,1,-34.226337,150.554634,79,2,2,1,0,0,0,3,2,0,7,80,0,3775,3775,0,5,0,2,0,0,1,1
1370619,4,2024,2024,10,2,6,38,18,13,34609,0,1,9,-35.088425,150.612142,63,2,1,1,2,0,3,4,2,0,0,80,0,2852,2852,4,5,36,3,0,1,0,2
1370620,4,2024,2024,2,4,3,82,31,363,369,0,1,2,-33.761842,150.710426,55,0,2,1,1,0,0,0,2,0,7,70,2,14295,14295,3,5,5,3,0,1,0,0
1370622,2,2024,2024,2,0,7,53,36,8,95,0,1,1,-33.222255,148.901855,11,1,0,0,0,0,3,4,2,0,7,100,2,782,957,5,3,40,1,0,0,1,0
1370627,4,2024,2024,9,1,5,14,27,25,34609,0,1,9,-34.478977,150.868532,80,0,2,1,1,0,0,0,2,0,7,50,0,323,323,1,16,5,2,0,1,0,0
1370632,4,2024,2024,6,3,7,1052,14,36,928,0,1,3,-33.439896,151.218731,16,1,2,0,0,0,3,3,2,0,7,110,2,380,714,5,9,40,1,0,1,0,0
1370635,1,2024,2024,10,4,3,118,27,646,118,0,1,9,-33.932748,151.027652,15,0,2,1,2,0,0,0,1,2,9,60,1,2040,2040,9,10,28,2,0,0,0,1