Crash ID,Degree of crash - detailed,Reporting year,Year of crash,Month of crash,Day of week of crash,Two-hour intervals,Street of crash,Street type,Town,Route no.,School zone location,School zone active,Type of location,Latitude,Longitude,LGA,Urbanisation,Conurbation 1,Alignment,Street lighting,Road surface,Surface condition,Weather,Natural lighting,Signals operation,Other traffic control,Speed limit,Road classification,RUM - code,DCA - code,First impact type,Key TU type,Other TU type,No. of traffic units involved,No. killed,No. seriously injured,No. moderately injured,No. minor-other injured
1370639,1,2024,2024,9,0,3,293,27,103,172,0,1,10,-32.942439,151.658033,37,0,2,1,1,0,0,0,2,2,7,60,2,623,623,3,10,19,2,0,0,0,1
1370642,1,2024,2024,2,4,6,78,31,49,34609,0,1,1,-33.973378,151.145498,4,0,2,1,1,0,0,0,2,0,7,50,0,1981,1981,4,0,5,2,0,0,0,2
1370646,2,2024,2024,6,6,8,1104,11,130,770,0,1,2,-33.869301,151.186483,69,0,2,1,1,0,0,0,2,0,7,60,2,14295,14295,3,19,40,4,0,0,1,0
1370649,2,2024,2024,10,2,9,1,27,7,34609,0,1,1,-34.160142,148.446027,30,2,1,1,0,0,0,0,2,0,7,50,0,1945,1945,5,16,40,1,0,0,1,0
1370651,4,2024,2024,10,4,4,1,31,72,34609,0,1,1,-33.787808,151.057222,54,0,2,0,0,0,0,0,2,0,7,50,0,4552,5151,1,0,5,2,0,1,0,0
1370653,2,2024,2024,9,6,8,35,27,145,37,0,1,9,-33.915099,151.134866,15,0,2,1,1,0,0,0,2,0,0,50,1,6545,6545,4,0,27,2,0,0,1,0
1370656,2,2024,2024,9,1,8,11,27,105,34609,0,1,7,-32.715316,151.537298,42,2,1,1,1,0,3,4,2,0,0,60,0,6545,6545,4,0,0,2,0,0,1,0
1370660,2,2024,2024,10,5,9,3,31,103,34609,0,1,1,-34.308153,148.301689,30,2,1,1,1,0,0,0,2,0,7,50,0,9859,9859,1,5,23,2,0,0,1,0
1370662,1,2024,2024,2,6,11,2261,17,16,2252,0,1,2,-34.651325,150.111265,78,1,0,0,0,0,0,0,0,0,7,110,2,4552,5151,8,30,40,1,0,0,0,1
1370663,2,2024,2024,2,5,11,3,31,108,34609,0,1,1,-28.866122,153.563299,2,2,1,1,2,0,0,0,0,0,7,50,0,186,186,9,5,28,2,0,0,1,0
1370664,2,2024,2024,9,6,8,5,31,73,34609,0,1,9,-33.776024,151.177857,36,0,2,1,1,0,0,0,2,0,7,50,0,2852,2852,4,19,0,2,0,0,1,0
1370667,2,2024,2024,2,5,10,109,27,74,382,0,1,9,-33.751413,150.841282,7,0,2,1,2,0,0,0,0,2,7,60,2,5929,5929,1,0,0,2,0,0,1,0
1370668,2,2024,2024,9,5,5,81,31,646,80,0,1,10,-33.916108,151.014042,15,0,2,1,1,0,0,0,2,2,7,60,1,6545,6545,4,5,0,3,0,0,2,0
1370671,4,2024,2024,9,4,7,11,27,7,143,0,1,1,-34.361097,149.375394,74,1,0,0,0,0,0,0,2,0,7,100,2,1957,4009,8,30,40,1,0,1,0,0
1370673,4,2024,2024,9,1,5,34,31,82,18,0,1,9,-33.821343,151.204246,49,0,2,1,0,0,0,0,2,2,7,60,1,926,926,4,10,5,2,0,2,0,0
1370674,2,2024,2024,2,3,7,177,31,174,208,0,1,7,-33.860492,150.927487,24,0,2,1,0,0,0,0,2,0,0,60,1,6545,6545,4,5,12,2,0,0,1,0
1370677,4,2024,2024,10,1,1,5,31,30,34609,0,1,1,-34.870844,147.588589,51,2,1,1,1,0,0,0,0,0,7,50,0,4026,4026,8,5,40,1,0,1,0,0
1370687,2,2024,2024,11,4,0,1,1,4,34609,0,1,9,-33.525444,151.364289,16,2,2,0,0,0,0,0,0,0,7,50,0,4552,5151,8,5,40,1,0,0,2,0
1370693,2,2024,2024,9,6,3,21,27,43,34609,0,1,1,-33.557292,150.784148,29,2,2,1,0,0,0,0,2,0,7,80,0,1669,1669,3,5,13,3,0,0,3,0
1370697,4,2024,2024,11,4,4,87,31,228,34609,0,1,10,-34.742692,149.714141,26,2,1,1,0,0,0,0,2,0,0,50,0,1220,1220,9,5,26,2,0,1,0,0
1370700,2,2024,2024,2,0,7,18,27,9,41,0,1,1,-33.294731,149.009388,11,2,1,1,0,0,0,0,2,0,7,80,1,3775,3775,0,9,0,2,0,0,2,0
1370703,2,2024,2024,10,3,9,149,27,294,198,0,1,9,-33.941682,150.942118,41,0,2,1,1,0,0,0,2,2,6,60,2,2852,2852,4,5,5,2,0,0,2,0
1370706,2,2024,2024,9,0,7,23,27,179,66,0,1,1,-31.900119,152.446231,43,2,1,1,1,0,3,4,2,0,7,60,1,3775,3775,0,5,5,3,0,0,1,0
1370707,2,2024,2024,10,2,5,6,18,79,34609,0,1,1,-33.573435,150.716029,29,2,2,1,1,0,0,0,2,0,7,70,0,14295,14295,3,0,13,2,0,0,1,0
1370708,4,2024,2024,9,1,8,28,31,137,34609,0,1,7,-34.034988,151.054033,68,0,2,1,1,0,0,0,2,0,0,50,0,14295,14295,3,9,0,3,0,1,0,0
1370709,4,2024,2024,1,4,11,1,27,2,34609,0,1,1,-31.688277,149.34005,51,1,0,1,0,0,0,0,0,0,7,100,0,84,84,6,34,40,1,0,1,0,0
1370710,4,2024,2024,9,3,6,73,31,102,34609,0,1,1,-31.103325,150.918557,70,2,1,1,1,0,0,0,2,0,7,40,0,9859,9859,1,16,0,2,0,1,0,0
1370713,2,2024,2024,2,0,7,7,31,78,103,1,0,10,-28.330532,153.391577,72,2,1,1,1,0,0,0,2,0,0,50,1,6545,6545,4,5,13,3,0,0,1,0
1370717,2,2024,2024,9,5,6,19,27,44,24,0,1,9,-28.824077,153.416282,2,2,1,1,0,0,0,3,2,0,7,60,1,5929,5929,1,0,5,2,0,0,2,0
1370718,4,2024,2024,9,0,8,11,27,42,8,0,1,1,-33.600012,151.272754,50,0,2,0,0,0,0,0,2,0,7,80,2,3775,3775,0,16,5,2,0,1,0,0
1370722,4,2024,2024,11,4,8,27,31,83,34609,1,0,10,-29.708943,152.93636,18,2,1,1,0,0,0,0,2,0,0,50,0,6545,6545,4,10,19,2,0,1,0,0
1370725,4,2024,2024,2,3,3,12,31,283,34609,0,1,9,-33.829493,151.012466,54,0,2,1,0,0,0,0,2,0,0,50,0,1669,1669,3,5,5,2,0,1,0,0
1370726,2,2024,2024,9,1,8,11,27,28,25,0,1,10,-35.37892,149.236366,58,2,1,1,1,0,0,0,2,2,7,60,1,3775,3775,0,0,13,2,0,0,1,1
1370727,2,2024,2024,10,0,4,2261,17,284,2252,1,0,9,-33.905805,151.015024,15,0,2,1,1,0,0,0,2,0,0,70,2,515,515,1,9,5,2,0,0,1,0
1370730,1,2024,2024,9,0,11,78,17,15,58,0,1,2,-35.149601,149.05602,82,1,0,1,0,0,0,0,0,0,7,100,2,475,475,5,0,40,1,0,0,0,1
1370733,2,2024,2024,2,3,6,23,27,136,101,0,1,9,-32.92536,151.719088,48,0,2,1,0,0,0,0,2,0,7,60,2,14295,14295,3,5,5,2,0,0,2,0
1370737,2,2024,2024,1,3,8,4,27,15,34609,0,1,1,-33.547049,150.119873,40,2,1,0,0,0,3,4,2,0,7,80,0,96,96,0,10,13,2,0,0,1,0
1370738,2,2024,2024,9,6,3,46,1,20,165,0,1,7,-33.972465,151.094608,25,0,2,1,0,0,0,0,2,0,0,50,1,6545,6545,4,0,0,2,0,0,1,0
1370742,1,2024,2024,10,6,7,72,27,22,102,0,1,1,-33.795575,151.274942,50,0,2,1,0,0,0,0,2,0,7,60,2,387,387,1,22,0,2,0,0,0,1
1370744,2,2024,2024,9,5,7,5,27,61,4,0,1,1,-35.502782,144.7894,51,1,0,0,0,0,0,0,2,0,7,100,1,1850,1463,5,16,40,1,0,0,1,0
1370751,4,2024,2024,10,3,6,1,34,13,34609,0,1,1,-33.317991,150.158239,40,2,1,0,0,2,0,0,2,0,7,50,0,2585,4009,8,16,40,1,0,1,0,0
1370759,4,2024,2024,1,0,7,2209,17,25,2205,0,1,2,-34.138186,150.994327,68,0,2,1,1,0,3,0,2,0,7,80,2,14295,14295,3,0,5,2,0,2,1,2
1370764,2,2024,2024,9,6,7,255,27,37,62,0,1,10,-32.805464,151.50757,17,2,1,1,0,0,0,0,2,0,0,60,2,1669,1669,3,21,5,2,0,0,1,0
1370771,4,2024,2024,9,6,7,31,31,218,34609,0,1,9,-33.763638,150.774557,55,0,2,1,0,0,0,6,2,0,9,40,0,591,591,1,18,36,2,0,1,0,0
1370772,4,2024,2024,9,4,11,85,10,38,702,0,1,2,-33.839554,151.08309,14,0,2,1,2,0,3,4,0,0,7,80,2,3775,3775,0,5,0,4,0,1,1,0
1370773,4,2024,2024,10,6,5,60,27,101,262,0,1,2,-32.895991,151.60852,37,0,2,1,0,0,0,0,2,0,7,80,2,1945,1945,5,16,40,1,0,1,0,0
1370774,4,2024,2024,10,6,6,1,1,26,34609,0,1,1,-34.021058,151.079131,68,0,2,1,0,0,0,0,2,0,7,50,0,9859,9859,1,5,0,2,0,1,1,0
1370777,4,2024,2024,10,6,7,4,27,70,34609,0,1,1,-33.981234,151.103361,25,0,2,1,0,0,0,0,2,0,7,50,0,9859,9859,1,5,5,2,0,1,0,0
1370778,4,2024,2024,2,0,0,32,27,42,27,0,1,1,-33.670098,151.234112,50,0,2,0,0,0,0,0,0,0,7,60,2,2585,4009,8,16,40,1,0,1,0,0
1370791,4,2024,2024,9,5,4,26,27,26,34609,0,1,1,-31.96938,152.587426,43,2,1,1,0,0,0,0,2,0,7,50,0,1192,1192,1,9,27,2,0,1,1,0
1370793,4,2024,2024,2,3,4,1,27,6,34609,0,1,1,-31.231238,151.036698,70,1,0,1,0,0,3,0,2,0,7,100,0,1945,1945,5,16,40,1,0,1,0,0
1370798,2,2024,2024,2,0,8,4,10,168,34609,0,1,9,-33.693663,150.818916,7,0,2,1,1,0,0,6,2,0,7,50,0,4026,4026,1,10,5,4,0,0,1,0
1370799,2,2024,2024,10,1,8,1,31,53,34609,0,1,1,-30.633831,153.012527,47,2,1,1,1,0,0,0,2,0,7,50,0,475,475,5,9,40,1,0,0,1,0
1370802,4,2024,2024,10,4,8,22,27,89,59,0,1,10,-33.889833,151.232864,69,0,2,1,2,0,0,0,2,2,7,50,1,395,395,1,0,19,2,0,1,0,0
1370805,4,2024,2024,10,0,8,2209,17,106,2205,0,1,9,-34.560818,150.795796,62,0,2,1,1,0,0,0,2,2,7,60,2,5929,5929,1,9,5,2,0,1,1,0
1370810,4,2024,2024,9,2,0,191,17,15,189,0,1,1,-32.070731,149.527851,51,1,0,0,0,0,0,0,0,0,7,100,2,4552,5151,8,0,40,1,0,1,0,0
1370815,2,2024,2024,2,3,4,9,1,89,34609,0,1,9,-33.377631,151.464519,16,2,2,1,1,0,0,0,2,2,7,50,0,5929,5929,1,30,0,3,0,0,1,0
1370816,4,2024,2024,2,5,6,265,10,445,563,0,1,2,-33.866138,151.041384,21,0,2,1,0,0,0,0,2,0,7,70,2,9859,9859,8,5,40,1,0,1,0,0
1370822,2,2024,2024,10,4,8,10,36,33,18,0,1,1,-36.516096,148.687996,65,1,0,0,0,0,0,3,2,0,7,100,1,1089,1089,7,16,40,1,0,0,1,0
1370824,2,2024,2024,10,5,3,132,31,174,126,1,0,9,-33.889469,151.20454,69,0,2,1,1,0,0,0,2,2,6,50,2,5929,5929,1,30,5,2,0,0,1,0
1370826,4,2024,2024,9,6,8,161,17,8,161,0,1,1,-35.306346,148.068938,66,2,1,0,0,0,3,3,2,0,7,50,2,1957,4009,8,5,40,1,0,1,0,0
1370832,4,2024,2024,2,5,4,27,1,132,148,0,1,1,-34.142744,150.997132,68,0,2,0,0,0,0,0,2,0,7,60,2,1850,1463,5,16,40,1,0,1,0,0
1370833,4,2024,2024,2,5,6,7,31,96,34609,0,1,1,-34.060159,150.838875,13,0,2,0,1,0,0,0,2,0,7,50,0,312,312,2,5,40,1,0,1,0,0
1370834,1,2024,2024,2,6,3,2126,17,65,2149,0,1,10,-33.811598,150.952491,21,0,2,1,0,0,3,4,2,3,7,80,2,14295,14295,3,5,5,3,0,0,0,1
1370835,1,2024,2024,2,4,4,866,27,247,34609,0,1,7,-33.819082,150.948716,21,0,2,1,1,0,0,0,2,0,0,50,0,2040,2040,9,30,28,2,0,0,0,1
1370837,4,2024,2024,2,5,7,8,27,2,43,0,1,1,-32.487794,149.711601,44,1,0,1,0,0,0,0,2,0,7,100,1,9859,9859,8,10,40,1,0,1,0,0
1370838,2,2024,2024,10,0,8,55,27,112,70,0,1,2,-33.701273,151.02748,31,0,2,1,1,0,0,0,2,0,0,60,2,14295,14295,3,0,0,3,0,0,2,0
1370839,2,2024,2024,9,6,6,3,27,155,34609,0,1,9,-33.151669,148.163349,53,2,1,1,0,0,0,0,2,0,7,50,0,2852,2852,4,10,5,2,0,0,1,0
1370841,4,2024,2024,2,5,7,2,27,19,34609,0,1,10,-28.908921,153.224906,39,1,0,1,0,0,0,0,2,0,0,100,0,2852,2852,4,0,5,2,0,2,0,0
1370844,4,2024,2024,2,4,4,3371,17,463,3342,0,1,2,-30.266166,153.130782,19,2,1,0,1,0,0,0,2,0,7,60,2,237,162,8,0,40,1,0,1,0,0
1370846,2,2024,2024,1,5,3,158,27,138,207,0,1,1,-33.872163,151.264519,81,0,2,1,0,0,0,0,2,0,0,60,2,1981,1981,4,5,36,2,0,0,1,0
1370847,4,2024,2024,9,5,3,6,27,224,21,0,1,7,-33.839044,151.244761,45,0,2,1,0,0,0,0,1,0,0,50,1,6545,6545,4,0,27,2,0,1,0,0
1370848,2,2024,2024,2,3,3,265,17,103,193,0,1,1,-34.385779,148.259193,30,1,0,1,0,0,3,3,2,0,7,100,2,9859,9859,8,0,40,1,0,0,1,0
1370855,4,2024,2024,9,1,10,55,1,167,34609,0,1,10,-33.849939,151.073857,54,0,2,1,2,0,0,0,0,2,7,60,0,5929,5929,1,5,5,2,0,2,0,0
1370859,4,2024,2024,9,2,8,2209,17,106,2205,0,1,9,-34.567898,150.803077,62,0,2,1,1,0,0,0,2,2,9,60,2,591,591,1,22,0,2,0,1,0,0
1370860,4,2024,2024,2,4,9,10,31,5,13,0,1,10,-29.406581,153.351885,18,2,1,1,0,0,0,0,2,0,0,50,1,6545,6545,4,5,5,2,0,2,0,0
1370862,2,2024,2024,9,5,4,92,31,70,34609,0,1,0,-32.731695,151.554213,42,2,1,1,0,0,3,4,2,0,7,40,0,591,591,1,22,0,2,0,0,1,0
1370865,2,2024,2024,9,0,9,83,27,169,147,0,1,9,-28.651323,153.614821,10,2,1,1,1,0,0,0,2,0,0,50,1,515,515,1,0,27,2,0,0,2,0
1370868,2,2024,2024,9,2,10,27,27,4,39,0,1,1,-31.151289,151.036964,70,1,0,0,0,0,0,0,0,0,7,100,1,4552,5151,8,5,40,1,0,0,1,0
1370872,4,2024,2024,1,5,7,916,17,25,917,0,1,1,-30.805402,151.256479,70,1,0,1,0,0,0,0,2,0,7,100,2,1945,1945,5,16,40,1,0,1,0,0
1370873,1,2024,2024,2,1,0,3,27,2,34609,0,1,1,-31.056423,152.687013,34,2,1,1,0,2,0,0,0,0,7,50,0,945,945,5,0,40,1,0,0,0,1
1370874,2,2024,2024,2,0,9,39,27,6,34609,0,1,1,-33.744771,149.731919,51,2,1,0,0,2,0,0,2,0,7,80,0,1259,5151,8,10,40,1,0,0,2,0
1370876,2,2024,2024,11,0,5,120,36,194,148,0,1,1,-30.5388,151.728779,1,1,0,0,0,0,0,0,2,0,7,100,2,1259,5151,8,34,40,1,0,0,1,0
1370877,4,2024,2024,9,6,3,19,27,96,34609,0,1,1,-34.053195,150.83005,13,0,2,1,0,0,0,0,2,0,7,50,0,941,941,1,10,5,4,0,1,0,0
1370881,2,2024,2024,10,1,7,3,31,36,34609,0,1,4,-33.929313,151.257865,59,0,2,0,0,0,0,0,2,0,7,50,0,186,186,9,0,28,2,0,0,1,0
1370882,4,2024,2024,9,5,3,7,36,6,103,0,1,1,-32.557933,151.933139,43,1,0,1,0,0,3,4,2,0,7,90,1,83,83,5,5,40,1,0,1,0,0
1370891,4,2024,2024,2,5,2,225,17,50,180,0,1,1,-34.560356,150.6407,62,0,2,0,1,0,0,0,1,0,7,60,2,4552,5151,8,16,40,1,0,1,0,0
1370894,2,2024,2024,11,2,7,4,7,24,34609,0,1,1,-33.97524,151.251507,59,0,2,0,1,0,0,0,2,0,7,50,0,941,941,1,5,27,2,0,0,1,0
1370896,2,2024,2024,1,2,11,10,27,73,34609,0,1,1,-33.891411,151.164954,32,0,2,1,2,0,0,0,0,0,7,50,0,9859,9859,1,0,0,2,0,0,1,0
1370897,4,2024,2024,2,5,2,2261,17,17,2252,0,1,2,-34.788381,149.237469,74,1,0,0,0,0,0,0,1,0,7,110,2,14295,14295,3,0,0,2,0,1,1,1
1370899,1,2024,2024,10,3,7,5,31,120,34609,0,1,7,-32.200371,152.536917,43,2,1,1,1,0,0,0,2,0,0,50,0,14295,14295,3,5,0,2,0,0,0,1
1370902,4,2024,2024,9,4,8,59,27,252,41,0,1,10,-33.950035,150.865753,41,0,2,1,1,0,0,0,2,2,7,60,1,5929,5929,1,5,5,2,0,1,1,0
1370903,4,2024,2024,2,4,7,54,27,61,49,0,1,10,-32.9287,151.731758,48,0,2,1,1,0,0,0,2,0,15,60,1,5929,5929,1,10,27,2,0,1,0,0
1370905,4,2024,2024,11,3,8,265,17,2,193,0,1,1,-34.902622,147.488641,51,1,0,1,0,0,0,0,2,0,7,100,2,4026,4026,8,5,40,1,0,3,0,0
1370913,2,2024,2024,9,6,8,23,14,532,22,0,1,3,-33.8655,151.213317,69,0,2,0,1,0,0,0,2,0,7,80,2,14295,14295,3,5,5,4,0,0,1,0
1370915,4,2024,2024,9,5,7,19,27,55,34609,0,1,7,-33.789904,150.89049,7,0,2,1,1,0,0,0,2,0,0,60,0,5929,5929,1,16,5,2,0,1,0,0
1370917,4,2024,2024,11,6,9,2209,17,176,2205,0,1,10,-33.95712,151.137755,4,0,2,1,2,0,0,0,3,2,7,60,2,5929,5929,1,5,35,3,0,1,1,0
1370920,1,2024,2024,2,3,5,2261,17,23,2252,0,1,2,-34.797094,148.694878,82,1,0,1,0,0,3,4,2,0,7,110,2,9859,9859,8,5,40,1,0,0,0,1
1370922,2,2024,2024,9,6,9,3371,17,25,3342,0,1,9,-32.669237,151.83426,57,1,0,1,0,0,0,0,2,0,15,100,2,2852,2852,4,0,10,2,0,0,1,0
1370929,4,2024,2024,9,3,1,1052,14,17,928,0,1,3,-32.943771,151.545445,37,0,2,0,0,0,0,0,0,0,7,110,2,3775,3775,0,5,5,2,0,1,0,1
1370942,4,2024,2024,9,4,7,280,10,162,82,0,1,10,-33.850813,150.918092,24,0,2,1,1,0,0,0,2,2,7,60,1,5929,5929,1,30,5,2,0,1,0,0
1370946,1,2024,2024,9,2,6,1,27,2,5,0,1,1,-37.046213,148.813063,65,1,0,1,1,0,3,4,2,0,7,100,1,1945,1945,5,16,40,1,0,0,0,1
1370948,2,2024,2024,10,6,3,7,27,61,34609,0,1,1,-32.918475,151.733297,48,0,2,1,1,0,0,0,2,0,7,50,0,14295,14295,3,5,5,2,0,0,1,0
1370951,2,2024,2024,9,4,9,69,31,646,563,0,1,9,-33.916513,151.041116,15,0,2,1,2,0,3,4,0,2,7,60,2,14295,14295,3,5,5,3,0,0,1,0
1370952,4,2024,2024,9,1,9,1,27,15,34609,0,1,1,-34.002746,151.081392,68,0,2,0,2,0,0,0,3,0,7,50,0,4552,5151,8,16,40,1,0,1,0,0
1370954,2,2024,2024,11,5,10,85,27,53,145,1,0,2,-33.803342,151.036932,54,0,2,1,2,0,0,0,0,2,9,60,2,4026,4026,8,5,40,1,0,0,1,0
1370955,2,2024,2024,10,0,7,916,17,6,917,0,1,1,-29.661595,151.778843,51,1,0,1,0,0,0,0,2,0,7,100,2,9859,9859,8,10,40,1,0,0,1,0
1370961,4,2024,2024,11,4,2,330,27,197,25,0,1,7,-33.806699,151.138139,61,0,2,1,0,0,0,0,1,0,0,60,1,1282,1282,1,15,40,1,0,1,0,0
1370962,2,2024,2024,2,3,10,169,31,39,34609,0,1,9,-29.445449,153.364005,18,2,1,1,2,0,3,0,0,0,0,50,0,1945,1945,5,16,40,1,0,0,1,0
1370964,2,2024,2024,9,2,0,387,27,253,331,0,1,9,-33.965072,151.09862,25,0,2,1,2,0,0,0,0,2,7,60,2,4026,4026,8,5,40,1,0,0,1,0
1370970,2,2024,2024,9,4,8,149,36,15,113,0,1,1,-32.332851,152.52321,43,2,1,1,0,0,3,4,2,0,7,80,1,14295,14295,3,19,25,2,0,0,1,0
1370972,2,2024,2024,9,5,10,19,27,26,34609,0,1,1,-33.112108,151.528926,37,0,2,0,2,0,0,0,0,0,7,60,0,3775,3775,0,10,0,2,0,0,1,2
1370973,1,2024,2024,9,0,11,16,7,26,34609,0,1,9,-33.739433,150.811063,7,0,2,1,2,0,0,3,0,0,7,50,0,14295,14295,3,0,5,4,0,0,0,1
1370975,4,2024,2024,10,2,7,3371,17,14,3342,0,1,9,-33.056902,151.653558,37,0,2,1,1,0,0,0,2,2,7,60,2,3775,3775,0,5,12,2,0,1,1,1
1370979,4,2024,2024,9,1,7,2,27,7,34609,0,1,1,-29.282084,151.484108,51,1,0,0,0,2,0,0,2,0,7,100,0,380,714,5,16,40,1,0,1,0,0
1370982,4,2024,2024,11,2,7,230,27,100,284,0,1,9,-33.809573,151.157054,38,0,2,0,0,0,0,3,2,0,0,60,2,515,515,1,10,18,2,0,1,0,0
1370983,2,2024,2024,2,3,9,100,27,127,799,0,1,10,-33.895677,151.156844,32,0,2,1,1,0,0,0,2,2,7,60,2,2040,2040,9,0,28,2,0,0,1,0
1370986,4,2024,2024,10,6,8,1104,14,85,962,0,1,3,-33.783454,150.69192,55,0,2,0,0,0,0,0,2,0,7,110,2,1383,1383,1,5,5,2,0,1,0,0
1370988,4,2024,2024,9,0,4,37,31,316,34609,0,1,10,-33.924527,151.243771,59,0,2,1,0,0,3,4,2,0,15,50,0,926,926,4,5,0,2,0,1,0,0
1370989,4,2024,2024,10,5,6,18,1,173,115,1,0,9,-33.707385,151.110666,31,0,2,1,1,0,0,0,2,2,7,60,1,2852,2852,4,21,5,2,0,1,1,0
1370990,2,2024,2024,11,1,3,1052,14,87,928,0,1,3,-33.042032,151.473311,37,0,2,1,0,0,3,4,2,0,7,110,2,14295,14295,3,5,5,2,0,0,1,0
1370992,2,2024,2024,10,6,6,44,27,253,53,1,0,2,-33.949915,151.102175,25,0,2,0,1,0,0,0,2,0,7,60,1,3775,3775,0,5,5,2,0,0,3,1
1370993,2,2024,2024,6,4,9,7,27,9,39,0,1,1,-33.483801,150.888453,71,0,2,0,0,0,0,0,0,0,7,80,1,4552,5151,8,0,40,1,0,0,1,0
1370994,2,2024,2024,11,4,7,478,17,70,480,0,1,2,-33.439261,151.354833,16,2,2,1,1,0,3,4,2,0,7,60,2,9859,9859,1,5,40,2,0,0,1,1
1370995,2,2024,2024,9,3,2,71,27,23,122,0,1,2,-34.570069,150.861711,62,0,2,1,2,0,0,0,1,0,7,80,2,1945,1945,5,16,40,1,0,0,1,0
1370997,2,2024,2024,2,6,5,103,27,17,256,0,1,1,-34.12685,150.792067,13,0,2,1,0,0,0,0,2,0,7,60,2,1109,787,1,5,5,2,0,0,1,1
1370999,2,2024,2024,9,3,7,2126,17,283,2149,0,1,9,-33.830068,151.01068,54,0,2,1,1,0,0,0,2,2,7,60,2,5929,5929,1,0,13,2,0,0,1,0
1371001,4,2024,2024,10,5,2,194,31,204,34609,0,1,1,-33.878335,151.125099,32,0,2,1,0,0,0,0,1,0,7,50,0,186,186,1,9,27,2,0,1,0,0
1371004,1,2024,2024,2,5,3,107,22,155,34609,0,1,1,-33.483749,151.325654,16,2,2,0,0,0,0,0,2,0,7,40,0,4552,5151,8,30,40,1,0,0,0,1
1371012,4,2024,2024,2,4,8,500,27,271,799,0,1,2,-33.936961,151.021375,15,0,2,1,1,0,0,0,2,0,7,70,2,14295,14295,3,8,25,2,0,1,0,0
1371014,2,2024,2024,10,4,9,1,1,28,34609,0,1,1,-33.790281,151.204651,77,0,2,1,1,0,3,3,3,0,7,50,0,404,404,8,15,40,1,0,0,1,0
1371016,2,2024,2024,10,0,11,7,27,19,9,0,1,1,-29.821853,150.562083,51,1,0,1,0,0,0,0,0,0,7,100,1,9859,9859,8,10,40,1,0,0,1,0
1371018,4,2024,2024,8,4,7,296,27,290,293,0,1,2,-33.860933,150.993093,21,0,2,1,1,0,0,0,2,0,7,70,2,1192,1192,1,8,10,4,0,1,1,0
1371020,1,2024,2024,10,6,5,17,31,69,34609,0,1,10,-28.556461,153.500267,10,2,1,1,1,0,0,0,2,0,0,50,0,121,121,9,5,28,2,0,0,0,1
1371022,4,2024,2024,9,6,3,7,27,38,34609,0,1,1,-30.265492,153.125642,19,1,0,0,0,0,0,0,1,0,7,100,0,1089,1089,7,16,40,1,0,1,0,0
1371025,1,2024,2024,2,2,5,103,36,13,157,0,1,1,-28.334878,152.684047,51,1,0,0,0,0,0,0,2,0,7,100,2,1259,5151,8,16,40,1,0,0,0,1
1371030,2,2024,2024,9,4,9,3371,17,80,3342,0,1,2,-33.81517,151.178074,38,0,2,1,2,0,3,3,3,0,7,60,2,1282,1282,1,0,5,2,0,0,1,0
1371031,4,2024,2024,9,2,5,3371,17,12,3342,0,1,2,-28.770948,153.532087,2,1,0,1,0,0,0,0,2,0,7,110,2,9859,9859,8,10,40,1,0,2,0,0
1371032,2,2024,2024,1,2,3,35,27,109,96,0,1,10,-33.895518,151.140692,32,0,2,1,1,0,0,0,2,0,0,50,2,2852,2852,4,34,0,2,0,0,1,0
1371034,2,2024,2024,11,2,7,4,27,6,34609,0,1,1,-32.765961,151.552659,42,2,1,0,1,0,0,0,2,0,7,60,0,2585,4009,8,5,40,1,0,0,1,0
1371037,4,2024,2024,2,1,6,2,27,8,34609,0,1,1,-34.987942,150.439462,63,1,0,1,0,2,0,0,2,0,7,100,0,1945,1945,5,16,40,1,0,1,0,0
1371046,2,2024,2024,1,5,4,52,31,8,34609,0,1,2,-30.949726,149.068597,51,2,1,1,1,0,0,0,2,0,7,50,0,9859,9859,1,5,0,2,0,0,1,0
1371055,1,2024,2024,2,3,7,18,31,166,34609,0,1,10,-33.410899,149.57527,3,2,1,1,1,0,0,0,2,0,0,50,0,6545,6545,4,0,0,2,0,0,0,2
1371057,4,2024,2024,10,0,3,293,31,219,34609,1,0,10,-32.891268,151.668051,48,0,2,1,1,0,0,0,2,2,7,60,0,2852,2852,4,5,36,2,0,1,0,0
1371059,4,2024,2024,2,2,8,6,27,74,34609,0,1,1,-34.579153,147.830305,20,1,0,0,0,0,0,0,2,0,7,100,0,782,957,5,3,40,1,0,1,0,0
1371063,4,2024,2024,2,0,7,3,27,42,34609,0,1,1,-33.895105,150.874874,24,0,2,0,0,0,0,0,2,0,7,50,0,4552,5151,1,5,5,2,0,1,0,0
1371064,2,2024,2024,9,0,8,2,1,133,34609,1,0,1,-33.926156,151.013797,15,0,2,1,2,0,0,0,2,0,7,50,0,9859,9859,1,10,0,3,0,0,1,0
1371065,2,2024,2024,9,2,8,86,27,7,42,0,1,1,-31.048619,152.773586,34,1,0,0,0,0,3,4,2,0,7,100,1,273,957,5,5,40,1,0,0,1,0
1371073,2,2024,2024,9,1,9,475,31,30,34609,0,1,10,-34.745736,146.564841,51,2,1,1,1,0,0,0,2,0,0,50,0,6545,6545,4,10,13,2,0,0,1,0
1371074,2,2024,2024,9,3,0,32,31,226,34609,0,1,1,-33.759596,150.816367,7,0,2,1,2,0,0,0,0,0,7,50,0,9859,9859,1,0,5,3,0,0,1,0
1371080,2,2024,2024,9,0,10,71,31,78,103,0,1,9,-33.863453,151.009277,21,0,2,1,2,0,0,0,0,2,7,60,1,1220,1220,9,33,28,2,0,0,1,0