Crash ID,Degree of crash - detailed,Reporting year,Year of crash,Month of crash,Day of week of crash,Two-hour intervals,Street of crash,Street type,Town,Route no.,School zone location,School zone active,Type of location,Latitude,Longitude,LGA,Urbanisation,Conurbation 1,Alignment,Street lighting,Road surface,Surface condition,Weather,Natural lighting,Signals operation,Other traffic control,Speed limit,Road classification,RUM - code,DCA - code,First impact type,Key TU type,Other TU type,No. of traffic units involved,No. killed,No. seriously injured,No. moderately injured,No. minor-other injured
1371081,4,2024,2024,9,5,4,79,31,82,34609,0,1,10,-31.081589,150.933887,70,2,1,1,1,0,0,0,2,0,15,50,0,6545,6545,4,10,5,2,0,1,0,0
1371083,2,2024,2024,7,4,8,916,17,104,917,0,1,2,-32.820164,151.681803,48,0,2,0,1,0,0,0,2,0,7,80,2,14295,14295,3,3,5,2,0,0,1,0
1371084,2,2024,2024,9,2,5,133,31,90,56,0,1,1,-33.886167,151.239463,81,0,2,1,0,0,0,3,2,0,7,50,1,14295,14295,3,9,5,4,0,0,1,0
1371086,4,2024,2024,2,3,7,34,1,16,34609,0,1,1,-32.906816,151.711465,48,0,2,0,0,0,0,0,2,0,7,50,0,1957,4009,8,5,40,2,0,1,0,0
1371089,2,2024,2024,10,1,5,118,31,194,34609,0,1,10,-30.527559,151.674197,1,2,1,1,1,0,0,0,2,0,0,50,0,6545,6545,4,34,0,2,0,0,1,0
1371099,4,2024,2024,4,6,4,3371,17,100,3342,0,1,9,-33.809752,151.177877,38,0,2,1,1,0,0,0,2,2,7,60,2,5929,5929,1,0,18,2,0,1,0,0
1371106,2,2024,2024,9,4,8,829,27,125,770,0,1,9,-33.822568,151.121785,61,0,2,1,2,0,3,4,2,2,7,60,2,1945,1945,5,16,40,1,0,0,1,0
1371111,4,2024,2024,2,0,4,916,17,16,917,0,1,1,-31.559349,150.826498,51,1,0,0,0,0,0,0,2,0,7,100,2,2585,4009,8,5,40,1,0,1,0,0
1371113,2,2024,2024,9,3,10,22,31,194,13,0,1,9,-30.502429,151.670998,1,2,1,0,2,0,0,0,0,0,0,50,1,6545,6545,4,5,5,2,0,0,1,0
1371114,2,2024,2024,9,0,5,2,31,87,34609,0,1,1,-34.481521,150.416438,78,2,1,1,0,0,0,0,2,0,7,50,0,248,248,1,0,5,2,0,0,1,0
1371115,2,2024,2024,9,0,8,1052,14,77,928,0,1,3,-33.520568,151.196744,16,1,2,0,1,0,3,4,3,0,7,90,2,4552,5151,8,9,40,1,0,0,1,0
1371117,4,2024,2024,10,3,6,19,27,164,65,0,1,9,-33.718219,150.892407,7,0,2,1,1,0,0,0,2,2,7,60,1,5929,5929,1,5,5,2,0,1,0,0
1371118,2,2024,2024,11,2,3,12,1,143,34609,1,0,1,-33.870351,151.103007,9,0,2,1,1,0,0,0,2,0,7,50,0,9859,9859,8,9,40,1,0,0,1,0
1371120,2,2024,2024,9,0,4,10,31,74,34609,0,1,10,-34.637208,148.017856,20,2,1,1,1,0,0,0,2,0,0,50,0,6545,6545,4,10,40,2,0,0,2,0
1371121,4,2024,2024,10,3,4,11,27,42,8,0,1,1,-33.625932,151.258859,50,0,2,0,0,0,0,0,2,0,7,80,2,4552,5151,8,22,40,1,0,1,0,0
1371123,4,2024,2024,2,3,0,193,31,532,34,0,1,10,-33.873232,151.209071,69,0,2,1,2,0,0,0,0,2,7,40,1,1220,1220,9,0,28,2,0,1,0,0
1371127,1,2024,2024,9,6,10,2209,17,166,2205,0,1,1,-33.894542,151.182342,69,0,2,1,2,0,0,0,0,0,7,40,2,387,387,1,22,5,2,0,0,0,1
1371135,2,2024,2024,2,4,9,23,31,169,382,1,0,1,-33.759351,150.830577,7,0,2,1,0,0,0,0,2,0,9,60,2,591,591,1,17,0,2,0,0,2,0
1371136,2,2024,2024,2,0,0,95,31,41,34609,0,1,9,-33.905773,151.127026,32,0,2,1,2,0,0,0,0,0,7,50,0,248,248,1,0,5,2,0,0,1,0
1371137,4,2024,2024,10,0,7,2209,17,79,2205,0,1,10,-33.973494,151.129675,25,0,2,1,0,0,0,0,2,2,7,70,2,4026,4026,8,5,40,1,0,1,0,0
1371140,2,2024,2024,9,1,7,255,27,66,172,0,1,10,-32.927098,151.636879,37,0,2,1,1,0,0,0,2,2,7,60,2,14295,14295,3,8,12,2,0,0,1,0
1371143,1,2024,2024,5,0,11,35,27,47,36,0,1,1,-35.228315,149.39895,58,2,1,0,0,0,0,0,0,0,7,80,1,2585,4009,8,0,40,1,0,0,0,1
1371144,4,2024,2024,9,0,6,3371,17,32,3342,0,1,2,-32.951668,151.715135,48,0,2,0,0,0,0,0,2,0,7,60,2,1383,1383,1,16,0,2,0,1,0,0
1371145,2,2024,2024,2,1,8,99,31,84,105,0,1,9,-33.882042,150.939704,24,0,2,1,0,0,0,0,2,0,7,60,1,2852,2852,4,5,5,2,0,0,1,0
1371146,4,2024,2024,9,3,6,6,31,39,42,0,1,1,-31.080119,152.829602,34,2,1,1,1,0,0,0,2,0,7,40,1,395,395,1,10,19,3,0,1,0,0
1371148,2,2024,2024,9,4,8,2,27,1,34609,0,1,1,-35.056515,147.347475,75,2,1,1,0,0,0,0,2,0,0,50,0,1981,1981,4,0,27,2,0,0,1,0
1371150,2,2024,2024,9,2,7,24,27,65,78,0,1,1,-33.548436,150.149073,40,2,1,0,0,0,0,0,2,0,7,80,2,4552,5151,8,16,40,1,0,0,1,0
1371156,1,2024,2024,9,0,0,3371,17,90,3342,0,1,2,-28.261771,153.527794,72,1,0,0,0,0,0,0,0,0,7,110,2,1192,1192,1,0,10,2,0,0,0,1
1371160,4,2024,2024,2,4,8,6,10,29,34609,0,1,1,-33.750607,150.795255,7,0,2,0,0,0,0,0,2,0,7,50,0,4552,5151,8,5,40,1,0,1,0,0
1371161,2,2024,2024,10,0,7,71,36,9,61,0,1,9,-34.815862,145.863802,51,1,0,1,0,0,0,0,2,0,0,100,2,1945,1945,5,0,40,1,0,0,1,0
1371165,4,2024,2024,2,4,8,2209,17,133,2205,0,1,1,-34.492564,150.795385,80,0,2,1,1,0,0,0,2,0,7,50,1,3775,3775,0,19,0,5,0,1,1,0
1371169,2,2024,2024,10,0,7,15,27,69,34609,0,1,9,-32.90107,151.691284,48,0,2,1,0,0,0,0,2,0,0,40,0,14295,14295,3,5,5,3,0,0,1,0
1371171,4,2024,2024,9,0,6,171,1,42,29,0,1,1,-33.742914,151.288203,50,0,2,1,1,0,3,4,2,0,9,50,1,1220,1220,9,5,28,2,0,1,0,0
1371179,2,2024,2024,9,1,9,361,31,36,34609,0,1,1,-32.960339,151.6057,37,0,2,1,0,0,3,4,3,0,7,50,0,9859,9859,1,5,13,2,0,0,1,0
1371181,2,2024,2024,9,6,3,112,27,151,256,0,1,9,-34.045285,150.829488,13,0,2,1,1,0,0,0,2,2,7,60,2,14295,14295,3,21,19,2,0,0,1,0
1371185,2,2024,2024,10,0,11,16,36,96,19,0,1,9,-33.331637,147.967972,51,1,0,0,0,0,0,0,0,0,0,100,1,489,489,8,10,40,1,0,0,2,0
1371186,4,2024,2024,2,0,9,37,27,140,34609,0,1,1,-33.904012,150.99884,15,0,2,1,1,0,0,0,2,0,9,50,0,515,515,1,10,19,2,0,1,0,0
1371188,2,2024,2024,9,3,3,14,31,387,34609,0,1,0,-33.932782,151.1837,4,0,2,1,0,0,0,0,2,0,7,40,0,1282,1282,1,5,36,3,0,0,1,0
1371189,2,2024,2024,9,3,2,11,31,72,44,0,1,1,-33.827335,151.228605,49,0,2,1,2,0,0,0,0,0,4,50,1,9859,9859,1,0,0,3,0,0,1,0
1371191,1,2024,2024,9,4,4,1104,14,140,962,0,1,3,-33.795484,150.845713,7,0,2,1,2,0,0,0,2,0,7,100,2,14295,14295,3,5,0,2,0,0,0,1
1371194,2,2024,2024,10,6,7,296,27,283,293,0,1,9,-33.832908,151.002702,21,0,2,1,1,0,0,0,2,2,1,50,2,2040,2040,9,5,28,2,0,0,1,0
1371196,4,2024,2024,10,3,5,18,1,42,26,0,1,7,-35.994611,146.390809,51,2,1,1,1,0,0,3,2,0,0,60,2,5929,5929,1,22,0,2,0,1,1,0
1371206,4,2024,2024,9,5,10,5,27,17,34609,0,1,1,-34.892147,150.634762,63,2,1,1,2,0,3,0,0,0,7,60,0,9859,9859,8,16,40,1,0,1,0,0
1371210,2,2024,2024,9,1,6,191,17,25,189,0,1,1,-32.382262,150.700893,46,2,1,1,0,0,0,0,2,0,7,80,2,9859,9859,8,10,40,1,0,0,1,0
1371211,1,2024,2024,11,1,2,22,27,16,34609,0,1,1,-33.875462,151.224936,69,0,2,1,2,0,0,0,0,0,7,40,0,941,941,1,33,27,2,0,0,0,1
1371212,4,2024,2024,2,5,2,118,17,8,118,0,1,1,-30.430251,149.861192,51,1,0,1,0,0,0,0,0,0,7,100,2,9859,9859,8,10,40,1,0,1,0,0
1371214,1,2024,2024,10,6,8,4,27,15,34609,0,1,2,-33.892484,151.043963,15,0,2,1,1,0,0,0,2,0,7,60,0,1981,1981,4,5,27,2,0,0,0,1
1371217,1,2024,2024,11,2,9,2261,17,204,2252,0,1,9,-33.887589,151.121396,32,0,2,1,2,0,0,0,3,3,7,60,2,14295,14295,3,9,5,2,0,0,0,1
1371221,4,2024,2024,9,5,5,10,27,4,34609,0,1,1,-35.216159,150.46081,63,2,1,0,0,0,3,3,2,0,7,80,0,1259,5151,8,5,40,1,0,2,0,0
1371223,2,2024,2024,2,0,11,5,27,22,35,0,1,1,-32.855426,149.969898,44,2,1,1,2,0,3,4,0,0,7,50,1,4026,4026,8,10,40,1,0,0,1,0
1371225,4,2024,2024,9,6,8,12,31,460,34609,0,1,2,-33.835088,150.988044,21,0,2,1,1,0,0,0,2,2,7,40,0,5929,5929,1,5,19,2,0,1,0,0
1371226,4,2024,2024,2,6,10,13,27,95,34609,0,1,9,-34.394006,150.892903,80,0,2,1,2,0,0,0,0,2,9,50,0,591,591,1,22,5,2,0,1,0,0
1371227,2,2024,2024,10,1,9,165,27,134,34609,0,1,1,-33.976234,150.78459,12,0,2,1,0,0,0,0,2,0,7,70,0,5929,5929,1,9,0,2,0,0,1,0
1371228,4,2024,2024,10,6,5,19,31,532,34609,0,1,9,-33.863377,151.206294,69,0,2,1,1,0,0,3,2,2,9,40,0,2040,2040,9,5,28,2,0,1,1,0
1371229,4,2024,2024,2,4,8,42,36,44,34609,0,1,9,-30.589388,152.998253,47,1,0,1,1,0,0,0,2,0,0,90,0,5929,5929,1,5,13,2,0,1,0,0
1371234,4,2024,2024,2,3,7,3371,17,83,3342,0,1,1,-33.495212,151.189307,16,2,2,0,0,0,0,0,2,0,7,60,2,1850,1463,5,16,40,1,0,1,0,0
1371238,1,2024,2024,9,4,11,2261,17,70,2252,0,1,2,-34.568518,150.254032,78,2,1,1,0,0,0,6,0,0,7,40,2,14295,14295,3,5,5,2,0,0,0,2
1371242,2,2024,2024,9,4,9,90,36,49,102,0,1,1,-34.449264,147.565274,51,1,0,1,0,0,0,6,3,0,7,100,2,14295,14295,3,21,35,2,0,0,1,0
1371245,4,2024,2024,2,0,10,1,34,10,34609,0,1,1,-35.57289,148.343017,66,2,1,1,0,2,0,0,3,0,7,50,0,945,945,5,10,40,1,0,1,0,0
1371247,4,2024,2024,9,6,3,26,1,137,34609,0,1,7,-33.917675,151.20192,69,0,2,1,1,0,0,0,2,0,0,40,0,6545,6545,4,8,12,2,0,1,0,0
1371249,4,2024,2024,10,3,5,14,31,48,34609,0,1,1,-28.242852,153.567042,72,2,1,1,0,0,0,0,2,0,7,50,0,9859,9859,1,5,10,2,0,1,0,0
1371250,2,2024,2024,10,4,6,78,32,293,244,0,1,9,-33.925967,151.053908,15,0,2,1,1,0,0,0,2,0,7,60,2,2040,2040,9,10,28,2,0,0,1,0
1371252,2,2024,2024,9,1,1,1,10,232,34609,0,1,2,-33.689119,150.924157,71,0,2,1,2,0,0,0,0,0,7,50,0,475,475,5,5,40,1,0,0,1,0
1371254,1,2024,2024,9,0,4,3371,17,108,3342,0,1,9,-33.81235,151.175569,77,0,2,0,1,0,3,3,2,2,7,60,2,14295,14295,3,5,5,2,0,0,0,1
1371255,1,2024,2024,9,6,7,2261,17,204,2252,0,1,9,-33.888481,151.134312,32,0,2,1,0,0,0,0,2,2,7,60,2,14295,14295,3,5,5,3,0,0,0,1
1371256,4,2024,2024,2,1,6,346,17,103,332,0,1,9,-28.811532,153.343623,39,2,1,1,1,0,0,0,2,0,0,60,2,2852,2852,4,0,0,2,0,2,1,0
1371259,4,2024,2024,9,4,7,2,27,7,34609,0,1,1,-34.640825,150.51413,78,1,0,0,0,0,3,4,2,0,7,90,0,273,957,5,16,40,1,0,1,0,0
1371260,4,2024,2024,1,5,9,866,17,94,793,1,0,10,-33.883652,150.923887,24,0,2,1,2,0,0,0,0,3,7,70,2,1282,1282,1,29,5,2,0,1,0,1
1371265,2,2024,2024,9,4,8,485,27,232,769,0,1,10,-33.690517,150.922224,7,0,2,1,1,0,0,0,2,2,7,80,2,14295,14295,3,9,0,3,0,0,1,1
1371266,2,2024,2024,2,5,8,61,27,19,70,0,1,1,-33.656613,150.940133,71,0,2,1,1,0,0,0,2,0,7,70,1,1669,1669,3,10,5,2,0,0,1,0
1371269,4,2024,2024,11,3,1,193,27,438,34609,0,1,1,-33.852363,151.030006,21,0,2,1,2,0,0,0,0,0,7,50,0,9859,9859,1,5,5,5,0,1,0,0
1371273,4,2024,2024,2,1,3,133,31,133,97,0,1,7,-33.916443,151.005568,15,0,2,1,2,0,0,0,2,0,0,60,1,2852,2852,4,0,13,2,0,2,0,1
1371277,2,2024,2024,9,5,6,28,27,4,62,0,1,1,-36.717526,149.89281,5,2,1,1,0,0,0,0,2,0,7,80,1,3775,3775,0,5,0,2,0,0,2,0
1371279,2,2024,2024,10,3,5,42,1,57,34609,0,1,7,-34.563951,150.819094,62,0,2,1,0,0,0,0,2,0,0,40,0,1945,1945,5,16,40,1,0,0,1,0
1371281,4,2024,2024,10,0,6,2209,17,7,2205,0,1,1,-35.567108,150.270448,63,2,1,1,0,0,0,0,2,0,7,40,2,57,57,1,16,13,2,0,1,0,0
1371285,2,2024,2024,10,1,6,485,27,232,769,0,1,9,-33.700066,150.928791,71,0,2,1,1,0,3,0,2,1,7,80,2,6545,6545,4,5,5,3,0,0,1,0
1371287,2,2024,2024,11,3,6,103,27,12,98,0,1,1,-32.996328,150.68439,64,1,0,0,0,0,0,0,2,0,7,100,2,782,957,5,16,40,1,0,0,1,0
1371289,4,2024,2024,1,2,6,149,27,144,198,0,1,1,-34.071596,150.998618,68,0,2,0,1,0,0,0,2,0,7,70,2,1981,1981,4,22,19,2,0,1,1,0
1371290,2,2024,2024,9,0,7,25,27,134,34609,0,1,9,-33.965648,150.770495,12,0,2,0,1,0,0,0,2,0,7,80,0,926,926,4,5,10,2,0,0,1,0
1371291,1,2024,2024,10,2,5,2261,17,74,2252,0,1,6,-34.063798,150.782572,13,0,2,0,1,0,0,0,2,0,7,60,2,14295,14295,3,30,5,2,0,0,0,1
1371293,2,2024,2024,10,4,2,2,31,107,34609,0,1,1,-33.266901,151.445191,16,2,2,1,2,0,0,0,0,0,7,50,0,4026,4026,1,0,4,3,0,0,1,0
1371295,1,2024,2024,2,0,9,15,31,166,34609,0,1,7,-33.416703,149.574458,3,2,1,1,2,0,0,0,2,0,0,50,0,6545,6545,4,30,27,2,0,0,0,1
1371296,4,2024,2024,9,5,9,6,31,37,34609,0,1,1,-32.669686,151.391398,17,2,1,1,0,0,0,0,3,0,7,60,0,9859,9859,8,5,40,1,0,1,0,0
1371298,2,2024,2024,9,3,9,1,31,103,34609,0,1,10,-34.314824,148.284107,30,2,1,1,0,0,3,4,3,0,0,50,0,6545,6545,4,10,36,2,0,0,2,0
1371299,1,2024,2024,2,6,8,9,27,11,34609,0,1,1,-28.322807,153.413121,72,2,1,0,0,0,3,3,2,0,7,80,0,4552,5151,8,10,40,1,0,0,0,1
1371302,1,2024,2024,9,0,10,22,31,337,30,0,1,10,-33.731228,151.004238,71,0,2,1,2,0,3,3,0,2,7,60,2,5929,5929,1,5,5,2,0,0,0,1
1371305,1,2024,2024,10,6,3,2126,17,139,2149,0,1,2,-33.888671,151.14333,32,0,2,1,2,0,0,0,2,0,7,60,2,1282,1282,1,8,18,2,0,0,0,1
1371307,2,2024,2024,2,0,10,14,27,40,88,1,0,1,-33.793531,151.249379,50,0,2,1,2,0,0,0,0,0,7,50,2,9859,9859,1,5,0,2,0,0,1,0
1371308,1,2024,2024,9,2,5,9,27,7,34609,0,1,1,-33.074902,151.34464,16,1,2,1,0,0,3,4,2,0,7,100,0,1945,1945,5,16,40,1,0,0,0,1
1371314,4,2024,2024,2,1,4,7,27,3,48,0,1,9,-32.360979,151.920875,43,1,0,1,0,0,0,0,2,0,7,100,1,2852,2852,4,8,5,2,0,1,0,0
1371315,2,2024,2024,2,3,7,89,36,2,17,0,1,1,-29.016184,152.607361,18,2,1,0,0,0,0,0,2,0,7,80,1,782,957,5,16,40,1,0,0,1,0
1371320,2,2024,2024,10,6,8,11,7,72,34609,0,1,1,-34.011447,151.017763,68,0,2,0,2,0,0,0,3,0,7,50,0,1957,4009,1,0,0,2,0,0,1,0
1371327,1,2024,2024,2,2,4,8,27,6,34609,0,1,1,-34.274991,148.84066,30,2,1,1,0,0,0,0,2,0,7,60,0,1089,1089,7,16,40,1,0,0,0,1
1371328,2,2024,2024,2,2,2,308,14,42,311,0,1,3,-33.730538,150.858228,7,0,2,1,1,0,3,4,1,0,7,100,2,9859,9859,8,8,40,1,0,0,1,1
1371329,4,2024,2024,6,1,7,40,31,194,34609,0,1,10,-30.505635,151.674991,1,2,1,1,1,0,0,0,2,0,0,50,0,6545,6545,4,0,5,2,0,1,1,0
1371331,4,2024,2024,9,3,6,57,27,58,34609,0,1,9,-33.442054,151.295256,16,2,2,0,1,0,0,0,2,0,0,60,0,2852,2852,4,5,0,2,0,1,1,0
1371333,4,2024,2024,2,3,5,2209,17,25,2205,0,1,2,-34.107569,150.993418,68,0,2,1,0,0,0,0,2,0,7,100,2,9859,9859,8,22,40,1,0,1,0,0
1371336,2,2024,2024,9,3,10,3,27,164,34609,0,1,1,-33.72415,150.905621,7,0,2,1,2,0,0,0,0,0,7,50,0,9859,9859,1,10,5,4,0,0,1,0
1371340,1,2024,2024,9,3,4,20,31,174,321,0,1,10,-33.89169,151.199794,69,0,2,1,1,0,0,0,2,2,9,50,2,591,591,1,22,5,2,0,0,0,1
1371346,4,2024,2024,10,2,5,2,27,6,34609,0,1,1,-29.441551,151.974369,51,1,0,0,0,2,0,0,2,0,7,100,0,1089,1089,7,16,40,1,0,1,0,0
1371351,2,2024,2024,9,1,7,22,31,463,34609,0,1,10,-30.302453,153.118339,19,2,1,1,1,0,3,4,2,0,15,50,0,368,368,9,5,28,2,0,0,1,0
1371355,4,2024,2024,9,2,11,31,23,139,187,0,1,9,-33.873376,151.137069,32,0,2,1,2,0,0,0,0,2,9,60,2,591,591,1,22,13,2,0,1,0,0
1371358,4,2024,2024,10,0,7,194,31,105,34609,0,1,1,-32.602623,149.586455,44,2,1,1,0,0,0,0,2,0,7,50,0,1981,1981,4,0,27,2,0,1,0,0
1371359,4,2024,2024,2,4,7,12,27,39,34609,0,1,1,-32.720212,152.075888,57,2,1,1,0,0,0,0,2,0,7,50,0,340,340,9,5,28,2,0,1,0,0
1371364,2,2024,2024,9,1,10,1,22,9,34609,0,1,1,-33.4393,149.55849,3,2,1,1,0,0,0,0,0,0,7,60,0,4026,4026,8,16,40,1,0,0,1,0
1371366,4,2024,2024,11,1,5,3371,17,22,3342,1,0,9,-33.832331,151.204094,49,0,2,1,1,0,0,0,2,2,7,60,2,5929,5929,1,0,18,2,0,1,0,0
1371367,4,2024,2024,2,1,5,9,31,136,34609,0,1,7,-33.918401,151.082004,15,0,2,1,1,0,0,0,2,0,0,50,0,6545,6545,4,5,41,4,0,1,0,0
1371370,4,2024,2024,2,0,10,36,27,14,36,0,1,1,-34.011079,150.801375,13,0,2,0,0,0,0,0,0,0,15,80,1,1981,1981,4,5,5,2,0,1,1,0
1371372,4,2024,2024,10,4,10,334,17,3,308,0,1,1,-31.460265,152.544635,56,1,0,0,0,0,3,0,0,0,7,100,2,3775,3775,0,0,13,2,0,1,0,2
1371377,4,2024,2024,2,1,9,2126,17,179,2149,0,1,9,-33.758787,150.720711,55,0,2,1,1,0,0,0,2,1,7,60,2,1192,1192,1,16,0,2,0,1,0,0
1371382,4,2024,2024,1,6,4,2261,17,143,2252,0,1,2,-33.886293,151.096408,9,0,2,1,0,0,0,0,2,0,7,60,2,2040,2040,9,10,28,2,0,1,0,0
1371384,4,2024,2024,9,6,9,71,31,78,125,0,1,10,-33.85951,151.010386,21,0,2,1,2,0,0,0,3,0,0,60,1,2852,2852,4,0,19,2,0,1,1,0
1371387,1,2024,2024,2,3,0,5,27,5,34609,0,1,1,-35.178236,143.453373,51,1,0,0,0,0,0,0,0,0,7,100,0,1957,4009,8,5,40,1,0,0,0,1
1371389,2,2024,2024,10,1,8,4,31,463,34609,0,1,4,-30.293713,153.115285,19,2,1,0,1,0,0,0,2,0,7,40,0,2585,4009,8,0,40,1,0,0,1,0
1371390,1,2024,2024,9,1,6,103,27,62,256,0,1,10,-34.074952,150.808378,13,0,2,1,1,0,3,0,2,2,7,60,2,1945,1945,5,16,40,1,0,0,0,1
1371392,2,2024,2024,9,0,9,6,27,89,34609,0,1,9,-33.387987,151.475782,16,2,2,1,0,0,3,4,2,0,0,50,0,2852,2852,4,5,5,2,0,0,1,0
1371394,1,2024,2024,2,5,3,98,27,294,799,0,1,2,-33.929353,150.944056,41,0,2,1,2,0,0,0,1,0,7,70,2,14295,14295,3,0,0,2,0,0,0,1
1371401,4,2024,2024,10,1,8,13,27,43,42,0,1,1,-33.600417,150.821179,29,2,2,1,0,2,3,6,2,0,7,80,1,1981,1981,4,5,19,2,0,1,0,0
1371403,2,2024,2024,10,4,2,1,27,3,34609,0,1,1,-35.093773,150.66466,63,2,1,1,0,0,0,0,1,0,7,80,0,4026,4026,8,0,40,1,0,0,1,0
1371411,4,2024,2024,9,6,4,22,27,41,173,0,1,2,-34.399924,150.868693,80,0,2,0,1,0,0,0,2,0,7,80,2,14295,14295,3,8,0,7,0,1,0,0
1371415,4,2024,2024,9,6,6,32,14,108,124,0,1,9,-33.813431,151.185043,77,0,2,1,1,0,0,0,2,2,7,50,2,1945,1945,5,16,40,1,0,1,0,0
1371417,1,2024,2024,9,4,7,31,27,21,33,0,1,1,-33.582197,150.66274,29,2,2,1,0,0,0,0,2,0,7,60,1,9859,9859,8,5,40,1,0,0,0,1
1371428,1,2024,2024,2,2,10,2126,17,60,2149,0,1,1,-33.634548,150.284779,8,2,2,1,2,0,3,4,0,0,7,60,2,941,941,1,10,5,2,0,0,0,1
1371430,2,2024,2024,2,1,10,225,17,70,180,0,1,9,-34.585854,150.283706,78,1,0,1,0,0,0,0,3,0,0,100,2,1669,1669,3,5,0,2,0,0,1,1
1371431,4,2024,2024,2,2,8,15,27,136,34609,0,1,10,-32.920865,151.718154,48,0,2,0,1,0,0,0,2,0,15,50,0,6545,6545,4,0,0,2,0,2,1,2
1371436,4,2024,2024,10,2,11,9,27,35,34609,0,1,1,-30.437031,152.882514,6,1,0,1,0,0,3,4,0,0,7,100,0,121,121,9,5,28,2,0,1,1,0
1371438,4,2024,2024,2,4,9,916,17,70,917,0,1,7,-32.739315,151.551988,42,2,1,0,1,0,0,0,2,1,0,60,2,6545,6545,4,16,0,2,0,1,0,0
1371439,2,2024,2024,2,1,8,21,31,252,59,0,1,10,-33.884684,151.211418,69,0,2,1,1,0,0,0,2,0,7,40,1,1945,1945,5,22,40,1,0,0,1,0
1371440,1,2024,2024,9,0,7,478,17,128,480,0,1,10,-33.427079,151.327224,16,2,2,1,1,0,0,0,2,2,7,70,2,14295,14295,3,0,5,2,0,0,0,1
1371442,4,2024,2024,9,0,8,255,27,103,76,1,0,9,-32.942346,151.665261,37,0,2,1,1,0,0,0,2,2,7,60,1,2852,2852,4,0,36,2,0,2,1,0
1371444,1,2024,2024,9,2,10,1,31,93,34609,0,1,1,-36.074319,146.947755,0,2,1,1,2,0,0,0,0,0,7,50,0,1945,1945,5,16,40,1,0,0,0,1
1371446,2,2024,2024,9,0,4,6,31,87,34609,0,1,7,-28.803275,153.279757,39,2,1,1,0,0,0,0,2,0,0,50,0,9859,9859,8,0,40,1,0,0,1,0
1371448,4,2024,2024,2,2,8,77,27,13,58,0,1,1,-34.727792,150.521053,63,2,1,1,0,0,0,0,2,0,0,60,2,9859,9859,8,5,40,1,0,1,0,0
1371451,1,2024,2024,10,5,7,19,27,81,30,0,1,9,-33.881491,151.263789,81,0,2,1,0,0,0,0,2,0,0,50,1,1391,1391,1,5,27,2,0,0,0,1
1371453,2,2024,2024,11,6,4,115,27,55,114,0,1,1,-33.881786,151.26996,76,0,2,1,2,0,0,0,2,0,7,50,2,14295,14295,3,5,0,2,0,0,1,0
1371456,2,2024,2024,10,3,7,27,31,609,34609,0,1,7,-33.766573,150.910848,7,0,2,1,0,0,0,0,2,0,0,50,0,2040,2040,9,5,28,2,0,0,1,0
1371457,1,2024,2024,2,1,10,35,27,47,36,0,1,1,-35.228927,149.399256,58,2,1,0,0,0,0,0,0,0,7,80,1,2585,4009,8,10,40,1,0,0,0,1
1371458,4,2024,2024,9,6,7,346,17,103,332,0,1,2,-28.818747,153.332545,39,2,1,0,0,0,0,0,2,0,7,60,2,1957,4009,8,0,40,1,0,1,0,0
1371464,1,2024,2024,11,2,9,296,27,187,293,0,1,10,-33.883662,150.976416,24,0,2,1,2,0,0,0,3,2,7,60,2,14295,14295,3,5,5,2,0,0,0,1
1371467,1,2024,2024,9,5,1,2261,17,45,2252,0,1,9,-33.889113,150.969748,15,0,2,1,2,0,0,0,0,2,5,70,2,9859,9859,8,5,40,1,0,0,0,1
1371472,2,2024,2024,2,3,1,485,27,50,769,0,1,9,-33.625789,150.838729,29,2,2,1,2,0,0,0,0,2,7,80,2,14295,14295,3,5,5,3,0,0,1,0
1371473,1,2024,2024,5,4,8,478,17,128,480,0,1,10,-33.427299,151.317672,16,2,2,1,1,0,0,0,2,2,9,70,2,14295,14295,3,5,5,2,0,0,0,1
1371474,2,2024,2024,9,5,5,10,27,74,12,0,1,1,-34.732529,148.07113,20,1,0,0,0,0,0,0,2,0,7,100,1,418,714,5,3,40,1,0,0,1,0
1371476,2,2024,2024,2,4,4,3,27,346,144,1,0,2,-33.87377,151.093424,67,0,2,1,1,0,0,0,2,0,7,50,2,14295,14295,3,10,5,2,0,0,1,1
1371478,4,2024,2024,9,2,7,27,17,5,34609,0,1,1,-33.115777,151.634826,37,0,2,0,1,0,0,0,2,0,7,50,0,14295,14295,3,16,19,2,0,2,0,0
1371482,2,2024,2024,10,6,6,283,27,197,702,1,0,10,-33.952614,151.083519,25,0,2,1,2,0,0,0,2,2,7,60,2,5929,5929,1,10,5,2,0,0,1,0
1371488,4,2024,2024,2,1,8,20,27,40,20,0,1,1,-34.985718,150.590947,63,2,1,1,1,0,0,0,2,0,7,40,1,14295,14295,3,16,13,2,0,1,0,0
1371489,4,2024,2024,9,2,3,87,31,18,34609,0,1,1,-32.918303,151.756446,48,0,2,1,1,0,0,0,2,0,7,50,0,5929,5929,1,10,27,2,0,1,0,0
1371490,4,2024,2024,9,3,5,106,27,523,106,0,1,9,-33.927436,150.906514,41,0,2,1,1,0,0,0,2,0,0,70,2,1282,1282,1,9,19,2,0,1,0,0
1371492,1,2024,2024,8,5,8,103,27,176,167,0,1,9,-33.976785,151.136572,4,0,2,1,2,0,0,0,2,2,7,60,2,1669,1669,3,0,5,2,0,0,0,1