Crash ID,Degree of crash - detailed,Reporting year,Year of crash,Month of crash,Day of week of crash,Two-hour intervals,Street of crash,Street type,Town,Route no.,School zone location,School zone active,Type of location,Latitude,Longitude,LGA,Urbanisation,Conurbation 1,Alignment,Street lighting,Road surface,Surface condition,Weather,Natural lighting,Signals operation,Other traffic control,Speed limit,Road classification,RUM - code,DCA - code,First impact type,Key TU type,Other TU type,No. of traffic units involved,No. killed,No. seriously injured,No. moderately injured,No. minor-other injured
1371493,2,2024,2024,10,6,7,234,27,337,217,0,1,9,-33.738067,151.000999,71,0,2,1,1,0,0,0,2,0,15,60,2,2852,2852,4,15,5,2,0,0,1,0
1371495,4,2024,2024,2,1,7,71,27,21,122,0,1,9,-34.541709,150.864003,62,0,2,1,0,0,0,0,2,0,0,70,2,775,775,4,0,0,2,0,1,0,0
1371503,4,2024,2024,9,3,9,4,27,24,34609,0,1,1,-34.939112,150.582539,63,2,1,0,1,0,0,0,2,0,7,80,0,4552,5151,8,16,40,1,0,1,0,0
1371506,4,2024,2024,9,1,9,2,27,337,34609,0,1,9,-33.74316,150.993081,71,0,2,0,1,0,0,0,3,0,7,50,0,2040,2040,9,5,28,2,0,1,0,0
1371507,4,2024,2024,10,4,11,103,27,438,563,0,1,9,-33.842384,151.044364,54,0,2,1,2,0,0,0,0,2,7,70,2,6545,6545,4,5,5,2,0,1,1,1
1371508,2,2024,2024,10,2,6,8,27,31,34609,0,1,9,-35.125685,148.191946,20,1,0,0,0,0,0,0,2,0,7,100,0,2585,4009,8,0,40,1,0,0,1,0
1371510,2,2024,2024,2,5,8,5,10,79,34609,0,1,1,-34.001286,150.72773,12,0,2,1,0,0,0,0,2,0,7,50,0,9859,9859,1,5,0,3,0,0,1,0
1371519,2,2024,2024,9,6,3,12,27,83,34609,0,1,1,-34.467661,150.471463,78,2,1,1,0,0,0,0,2,0,7,80,0,9859,9859,8,5,40,1,0,0,1,0
1371522,1,2024,2024,10,5,7,3371,17,77,3342,0,1,9,-33.037253,151.659875,37,0,2,1,1,0,0,0,2,2,9,50,2,2040,2040,9,16,28,2,0,0,0,1
1371523,4,2024,2024,9,5,7,175,27,609,220,0,1,9,-33.752703,150.915401,7,0,2,1,1,0,0,0,2,2,7,70,2,9859,9859,8,16,40,1,0,1,0,0
1371525,2,2024,2024,2,1,4,145,31,112,769,0,1,9,-33.605366,150.824239,29,2,2,1,1,0,0,0,2,2,7,50,2,5929,5929,1,5,0,2,0,0,1,0
1371527,4,2024,2024,10,1,6,44,27,89,38,0,1,1,-33.867874,150.889322,24,0,2,1,0,0,0,0,2,0,7,60,1,9859,9859,8,5,40,1,0,1,0,0
1371528,2,2024,2024,9,0,4,35,18,113,34609,0,1,1,-29.471719,149.843734,51,2,1,1,0,0,0,0,2,0,7,50,0,1282,1282,1,16,40,2,0,0,1,0
1371531,4,2024,2024,10,4,7,251,27,64,212,0,1,2,-33.761885,151.207309,50,0,2,1,0,0,0,0,2,0,7,70,2,14295,14295,3,30,5,3,0,1,1,0
1371535,1,2024,2024,9,1,8,36,27,148,34609,0,1,1,-36.054448,146.95362,0,2,1,0,1,0,0,0,2,0,7,60,0,3775,3775,0,5,0,2,0,0,0,2
1371536,2,2024,2024,11,1,9,145,31,112,769,0,1,1,-33.605777,150.824586,29,2,2,1,0,0,0,0,0,0,7,50,2,4026,4026,8,10,40,1,0,0,1,0
1371538,2,2024,2024,9,4,9,53,36,18,95,0,1,1,-33.245738,148.968703,11,1,0,0,0,0,3,4,0,0,7,100,2,1850,1463,5,3,40,1,0,0,1,0
1371540,2,2024,2024,10,6,9,1,1,7,34609,0,1,1,-36.058434,150.136819,23,2,1,0,1,0,0,3,2,0,7,50,0,3775,3775,0,5,5,2,0,0,1,1
1371541,4,2024,2024,2,4,6,866,17,314,793,0,1,9,-33.84434,150.955569,21,0,2,0,1,0,0,0,2,2,7,70,2,14295,14295,3,16,13,2,0,1,0,0
1371543,2,2024,2024,10,6,4,93,10,283,125,0,1,1,-33.833351,151.012147,21,0,2,1,1,0,0,0,2,0,7,50,1,387,387,1,16,5,2,0,0,1,0
1371544,1,2024,2024,2,5,7,348,17,105,232,0,1,7,-32.590398,149.583694,44,2,1,1,0,0,0,0,2,0,0,50,2,214,214,9,10,28,2,0,0,0,1
1371546,4,2024,2024,2,2,8,7,10,169,34609,0,1,1,-28.632787,153.582604,10,2,1,1,0,0,0,0,2,0,7,50,0,5929,5929,1,30,19,2,0,1,0,0
1371550,1,2024,2024,10,0,8,82,27,134,181,0,1,1,-33.893051,151.257623,76,0,2,1,0,0,0,0,3,0,7,50,2,1945,1945,5,22,40,1,0,0,0,1
1371562,4,2024,2024,2,3,0,62,10,33,62,0,1,1,-33.415353,151.349156,16,2,2,1,2,0,0,0,0,0,7,60,2,4026,4026,1,5,0,3,0,1,2,0
1371564,2,2024,2024,11,3,6,2261,17,70,2252,0,1,9,-34.696844,150.023009,26,1,0,1,0,0,0,0,2,0,0,110,2,5929,5929,1,30,5,2,0,0,1,0
1371566,2,2024,2024,9,0,7,24,31,91,160,1,0,1,-33.998324,150.886078,13,0,2,0,0,0,0,0,2,0,7,60,2,3775,3775,0,5,41,2,0,0,2,0
1371568,2,2024,2024,10,3,0,115,27,138,114,0,1,10,-33.872511,151.274196,76,0,2,1,2,0,0,0,0,0,7,50,2,9859,9859,1,0,5,3,0,0,1,0
1371575,2,2024,2024,9,1,10,294,17,215,288,0,1,1,-35.116732,147.353825,75,2,1,1,0,0,0,0,0,0,7,60,2,5929,5929,1,5,5,2,0,0,2,0
1371577,4,2024,2024,10,6,7,44,27,89,38,0,1,9,-33.85466,150.892073,24,0,2,1,0,0,0,0,2,0,7,60,1,5929,5929,1,5,25,3,0,1,1,1
1371580,2,2024,2024,9,6,7,866,17,314,793,0,1,10,-33.853544,150.940641,24,0,2,1,1,0,0,3,2,2,7,70,2,6545,6545,4,0,13,5,0,0,3,0
1371582,4,2024,2024,2,6,6,4,10,169,34609,0,1,1,-28.638537,153.63306,10,2,1,1,0,0,3,0,2,0,7,30,0,323,323,1,22,5,2,0,1,0,0
1371586,4,2024,2024,10,1,8,387,27,290,331,0,1,9,-33.957157,151.11806,4,0,2,1,0,0,0,0,2,0,0,60,2,3775,3775,0,5,5,3,0,2,0,0
1371587,2,2024,2024,10,0,9,93,1,154,220,0,1,2,-33.719056,150.94269,71,0,2,1,0,0,0,0,0,0,7,60,2,14295,14295,3,5,5,3,0,0,1,0
1371588,4,2024,2024,2,3,11,2209,17,137,2205,0,1,2,-34.047822,151.051985,68,0,2,0,0,0,0,0,0,0,7,80,2,2585,4009,8,5,40,2,0,1,1,0
1371590,2,2024,2024,9,3,7,50,36,10,43,0,1,1,-36.52924,148.190757,66,2,1,0,0,0,0,0,2,0,7,60,2,1850,1463,5,16,40,1,0,0,1,0
1371593,1,2024,2024,10,2,5,28,1,126,34609,0,1,10,-33.926523,150.806965,41,0,2,1,0,0,0,0,2,0,0,60,0,6545,6545,4,0,13,2,0,0,0,1
1371596,2,2024,2024,9,2,0,5,27,438,25,0,1,1,-33.846037,151.025637,21,0,2,1,0,0,0,0,0,0,7,50,1,4026,4026,1,5,5,3,0,0,1,1
1371600,4,2024,2024,9,5,8,229,14,98,237,0,1,3,-33.758531,151.051255,54,0,2,1,1,0,0,0,2,0,7,100,2,14295,14295,3,8,0,4,0,1,0,0
1371601,4,2024,2024,9,3,7,1,27,24,34609,0,1,1,-34.534009,148.111549,20,1,0,0,0,2,0,0,2,0,7,100,0,1957,4009,8,5,40,1,0,2,0,0
1371603,1,2024,2024,10,6,7,308,14,86,311,0,1,3,-33.740872,150.926343,7,0,2,1,1,0,0,0,2,0,7,80,2,14295,14295,3,5,5,2,0,0,0,1
1371605,1,2024,2024,9,1,0,2261,17,47,2252,0,1,2,-35.792104,147.257744,27,1,0,1,0,0,0,0,0,0,7,110,2,14295,14295,3,5,2,2,0,0,0,1
1371606,4,2024,2024,2,6,9,36,1,126,34609,0,1,10,-33.920725,150.828781,41,0,2,1,1,0,0,0,2,0,0,60,0,5929,5929,1,0,5,2,0,1,0,0
1371608,2,2024,2024,9,0,11,348,17,25,232,0,1,1,-32.913187,149.841901,44,1,0,1,0,0,0,0,0,0,7,100,2,9859,9859,8,29,40,1,0,0,1,0
1371616,4,2024,2024,10,5,7,39,31,271,21,0,1,1,-33.943484,151.006669,15,0,2,1,1,0,0,0,2,0,7,60,1,9859,9859,1,5,0,2,0,1,0,0
1371620,1,2024,2024,10,4,11,296,27,41,293,1,0,2,-33.866894,150.988171,24,0,2,1,2,0,0,0,0,0,7,70,2,515,515,1,0,5,2,0,0,0,1
1371623,2,2024,2024,2,5,3,361,31,283,34609,0,1,1,-33.824442,150.995341,54,0,2,1,1,0,0,0,2,0,7,50,0,9859,9859,1,0,5,3,0,0,1,0
1371624,4,2024,2024,9,5,8,85,31,316,7,1,0,1,-33.909394,151.243455,59,0,2,1,0,0,0,0,2,0,7,50,1,387,387,1,15,0,3,0,1,0,0
1371628,2,2024,2024,2,0,3,475,31,532,75,0,1,10,-33.876852,151.209453,69,0,2,1,1,0,0,0,2,2,7,40,1,6545,6545,4,10,5,2,0,0,2,0
1371633,2,2024,2024,9,2,9,475,10,523,268,0,1,9,-33.917855,150.912788,41,0,2,0,2,0,3,4,3,0,9,70,2,4552,5151,8,5,40,1,0,0,1,0
1371637,4,2024,2024,2,1,8,2261,17,443,2252,0,1,2,-33.8944,151.05347,15,0,2,1,1,0,0,0,2,0,7,70,2,14295,14295,3,10,5,3,0,2,0,0
1371638,4,2024,2024,10,4,8,32,27,52,88,0,1,1,-33.6329,150.73816,55,0,2,1,0,0,3,4,2,0,7,80,2,9859,9859,8,34,40,1,0,1,0,0
1371640,2,2024,2024,1,1,4,12,27,7,11,0,1,1,-32.77863,152.110303,57,2,1,1,1,0,3,4,2,0,7,70,0,9859,9859,8,5,40,1,0,0,1,0
1371641,4,2024,2024,9,5,4,512,17,11,441,0,1,2,-32.032836,147.986689,51,2,1,1,1,0,0,0,2,0,7,50,2,9859,9859,8,5,40,2,0,1,0,0
1371642,4,2024,2024,2,0,7,2126,17,77,2149,0,1,9,-33.884491,151.194739,69,0,2,1,1,0,0,0,2,2,9,50,2,14295,14295,3,0,13,3,0,1,0,0
1371645,1,2024,2024,9,0,2,866,17,44,793,0,1,10,-33.796177,150.978234,54,0,2,1,1,0,0,0,1,2,7,70,2,1282,1282,1,10,5,2,0,0,0,1
1371650,1,2024,2024,9,0,4,147,27,290,34609,0,1,1,-33.85347,150.984796,21,0,2,1,0,0,0,0,2,0,7,50,0,1981,1981,4,5,27,2,0,0,0,1
1371651,2,2024,2024,9,0,6,108,31,70,101,0,1,10,-32.902931,151.728715,48,0,2,0,1,0,0,0,2,2,7,60,2,6545,6545,4,30,5,2,0,0,1,0
1371652,4,2024,2024,10,2,9,280,10,46,240,1,0,1,-33.885356,150.967632,24,0,2,1,0,0,0,0,3,0,7,60,2,2040,2040,9,0,28,2,0,1,0,0
1371655,4,2024,2024,9,2,11,19,31,108,34609,0,1,1,-28.86539,153.566077,2,2,1,1,2,0,0,0,0,0,7,50,0,9859,9859,1,15,5,2,0,1,0,0
1371660,2,2024,2024,2,5,4,20,27,11,45,0,1,1,-34.368948,148.586181,30,1,0,1,0,0,0,0,2,0,7,100,1,945,945,5,33,40,1,0,0,1,0
1371671,4,2024,2024,9,0,3,265,10,445,563,0,1,2,-33.861383,151.04222,21,0,2,1,1,0,0,0,1,0,7,70,2,14295,14295,3,5,0,2,0,1,0,1
1371674,4,2024,2024,9,0,8,308,14,323,311,0,1,3,-33.80438,150.852842,7,0,2,1,0,0,0,0,2,0,7,80,2,14295,14295,3,10,5,2,0,1,0,0
1371675,4,2024,2024,9,2,4,348,17,35,232,0,1,1,-29.728972,148.112518,51,1,0,1,0,0,3,4,2,0,7,110,2,945,945,5,8,40,1,0,1,1,0
1371676,4,2024,2024,1,0,8,57,27,155,75,0,1,1,-33.484594,151.304895,16,2,2,0,1,0,0,0,2,0,7,60,1,782,957,5,16,40,1,0,1,0,0
1371679,2,2024,2024,2,0,8,45,31,204,331,0,1,9,-33.936055,151.155321,4,0,2,1,1,0,0,0,2,2,2,60,2,6545,6545,4,10,13,2,0,0,1,0
1371680,1,2024,2024,2,6,6,1,31,46,34609,0,1,1,-33.879182,151.23498,81,0,2,1,1,0,0,0,2,0,7,50,0,14295,14295,3,5,0,2,0,0,0,1
1371683,2,2024,2024,10,2,5,296,27,187,293,0,1,2,-33.885217,150.975559,24,0,2,1,1,0,0,0,2,0,7,60,2,14295,14295,3,16,0,2,0,0,1,0
1371688,4,2024,2024,10,2,9,26,31,290,34609,0,1,1,-33.860714,150.988226,21,0,2,1,0,0,0,0,2,0,7,50,0,2040,2040,9,10,28,2,0,1,0,0
1371689,2,2024,2024,9,2,7,32,27,18,34609,0,1,1,-30.904578,152.852795,34,1,0,0,0,0,0,0,2,0,7,100,0,3775,3775,0,10,19,2,0,0,1,0
1371691,1,2024,2024,2,6,4,280,10,162,82,0,1,9,-33.850232,150.909148,24,0,2,1,1,0,0,0,2,2,7,60,1,14295,14295,3,10,13,2,0,0,0,1
1371692,1,2024,2024,2,5,5,7,27,7,34609,0,1,1,-28.318255,153.246968,72,2,1,0,0,0,0,0,2,0,7,80,0,4552,5151,8,0,40,1,0,0,0,1
1371697,1,2024,2024,2,2,11,8,27,12,13,0,1,9,-33.9916,148.925563,30,1,0,0,0,0,0,0,0,0,7,100,1,1850,1463,5,10,40,1,0,0,0,1
1371698,2,2024,2024,2,0,5,38,31,246,64,0,1,10,-33.911627,151.197508,69,0,2,1,0,0,0,0,2,2,9,50,2,2040,2040,9,5,28,2,0,0,1,0
1371712,4,2024,2024,9,0,11,8,27,3,34609,0,1,1,-32.906018,151.286046,17,2,1,0,1,0,0,0,0,0,7,50,0,4552,5151,8,16,40,1,0,1,0,0
1371713,4,2024,2024,9,1,7,500,27,293,799,0,1,10,-33.932472,151.049446,15,0,2,1,1,0,0,0,2,2,7,60,2,6545,6545,4,5,5,2,0,2,0,0
1371718,2,2024,2024,2,1,6,49,31,29,34609,0,1,9,-33.74541,151.276695,50,0,2,1,0,0,0,0,2,0,0,50,0,9859,9859,8,5,40,1,0,0,1,0
1371720,2,2024,2024,9,3,6,16,31,194,148,0,1,10,-30.517399,151.667802,1,2,1,1,1,0,0,0,2,2,7,50,2,5929,5929,1,5,5,2,0,0,1,0
1371723,2,2024,2024,9,0,10,17,31,112,34609,0,1,7,-33.449193,151.446164,16,2,2,1,2,0,3,4,0,0,0,40,0,1945,1945,5,16,40,1,0,0,1,0
1371728,2,2024,2024,9,0,6,53,36,19,34,0,1,1,-33.417205,148.325994,51,1,0,1,0,0,0,0,2,0,7,100,2,9859,9859,8,5,40,1,0,0,1,0
1371729,4,2024,2024,9,0,6,30,31,169,769,0,1,10,-33.598046,150.749448,29,2,2,1,0,0,0,0,2,0,15,60,2,6545,6545,4,8,0,3,0,1,0,0
1371733,2,2024,2024,2,4,0,213,17,7,213,0,1,1,-29.753859,151.553729,51,1,0,1,0,0,0,0,0,0,7,100,2,945,945,5,10,40,1,0,0,1,0
1371736,2,2024,2024,10,3,6,1052,14,107,928,0,1,3,-33.272191,151.405576,16,1,2,1,0,0,0,0,2,0,7,110,2,14295,14295,3,8,36,2,0,0,1,0
1371741,4,2024,2024,9,1,8,127,27,48,103,0,1,9,-32.910976,151.745899,48,0,2,1,1,0,0,0,2,2,7,60,1,5929,5929,1,5,36,2,0,1,0,0
1371742,4,2024,2024,10,3,7,36,27,30,36,0,1,7,-34.029795,150.822718,13,0,2,0,0,0,0,0,2,0,0,60,1,14295,14295,3,10,5,2,0,1,0,0
1371744,4,2024,2024,9,6,8,4,31,70,34609,0,1,10,-34.849622,150.605011,63,2,1,1,1,0,0,0,2,0,15,50,0,6545,6545,4,0,5,2,0,1,0,0
1371746,1,2024,2024,10,1,8,7,27,94,34609,0,1,1,-33.783356,150.796624,55,0,2,1,1,0,0,0,2,0,7,50,0,4026,4026,1,10,13,3,0,0,0,1
1371748,2,2024,2024,9,6,3,829,27,304,140,0,1,1,-33.908258,151.163383,32,0,2,1,3,0,2,6,2,0,7,60,1,1981,1981,4,0,27,2,0,0,1,0
1371752,4,2024,2024,2,6,9,1,27,45,34609,0,1,9,-33.805806,150.808003,55,0,2,0,2,0,0,0,3,0,7,50,0,2852,2852,4,5,5,2,0,1,0,0
1371754,1,2024,2024,10,5,5,330,27,65,605,1,0,2,-33.699741,151.299986,50,0,2,1,1,0,0,0,2,0,7,70,2,1220,1220,9,33,28,2,0,0,0,1
1371760,2,2024,2024,2,2,8,61,10,87,34609,0,1,1,-33.093646,151.465554,37,0,2,1,1,0,0,0,2,0,7,60,0,9859,9859,1,0,6,3,0,0,1,0
1371763,4,2024,2024,2,0,0,3,27,73,34609,0,1,1,-33.759558,150.810413,7,0,2,1,2,0,0,0,0,0,7,50,0,190,190,1,0,5,3,0,1,0,0
1371768,4,2024,2024,10,6,4,3,27,4,34609,0,1,1,-36.86873,149.600729,5,2,1,0,0,0,0,3,2,0,7,60,0,3775,3775,0,16,5,2,0,1,0,0
1371772,2,2024,2024,10,0,3,133,17,22,121,0,1,1,-36.849023,149.276763,65,1,0,0,0,0,3,4,1,0,7,100,2,1259,5151,8,5,40,1,0,0,2,0
1371780,2,2024,2024,9,1,0,119,31,16,34609,0,1,1,-35.094018,147.376271,75,2,1,1,2,0,0,0,0,0,7,50,0,9859,9859,1,0,0,3,0,0,1,0
1371785,1,2024,2024,2,5,6,46,27,11,43,0,1,1,-35.698448,146.725737,27,2,1,1,1,0,0,0,2,0,7,50,1,14295,14295,3,16,19,2,0,0,0,1
1371787,2,2024,2024,2,2,10,23,31,52,38,0,1,9,-33.905812,151.260858,76,0,2,0,2,0,0,0,0,0,7,50,1,1957,4009,8,0,40,1,0,0,1,0
1371789,2,2024,2024,11,0,5,32,31,169,34609,0,1,9,-28.643456,153.6123,10,2,1,1,1,0,0,0,2,0,7,50,0,2040,2040,9,33,28,2,0,0,1,0
1371793,4,2024,2024,10,6,4,65,27,202,563,0,1,9,-33.940328,151.035559,15,0,2,1,1,0,0,0,2,2,7,70,2,395,395,1,16,19,2,0,1,1,0
1371796,4,2024,2024,9,2,5,58,27,81,34609,1,0,9,-33.887033,151.258935,81,0,2,0,0,0,3,4,2,2,9,50,0,14295,14295,3,0,5,3,0,1,0,0
1371797,4,2024,2024,2,4,11,15,27,26,18,0,1,9,-31.149662,152.910192,34,1,0,0,0,0,0,0,0,0,7,100,1,4552,5151,8,0,40,1,0,1,0,0
1371801,1,2024,2024,9,0,7,63,17,8,63,0,1,1,-34.113557,141.988987,51,2,1,0,0,0,0,0,2,2,15,60,2,3775,3775,0,0,5,2,0,0,0,1
1371816,2,2024,2024,10,4,3,512,17,17,441,0,1,9,-33.421852,149.300079,3,1,0,0,0,0,0,1,2,0,0,100,2,2852,2852,4,5,13,2,0,0,2,0
1371820,2,2024,2024,9,0,4,344,27,61,163,0,1,9,-33.760482,150.898016,7,0,2,1,1,0,0,0,2,0,7,60,2,2040,2040,9,5,28,2,0,0,1,0
1371821,4,2024,2024,2,5,7,27,10,7,20,0,1,1,-33.345961,151.383396,16,2,2,0,0,0,0,0,2,0,7,60,1,2585,4009,8,0,40,1,0,1,1,0
1371824,4,2024,2024,11,3,8,42,27,134,30,0,1,1,-33.894084,151.249783,76,0,2,1,0,0,0,0,2,0,7,50,1,387,387,1,22,40,2,0,1,0,0
1371829,4,2024,2024,10,5,8,16,10,30,15,0,1,2,-33.190537,151.577715,16,2,2,1,0,0,0,0,2,0,7,50,1,3775,3775,0,21,13,3,0,1,0,0
1371831,4,2024,2024,9,1,3,48,27,8,42,0,1,1,-35.08047,150.223699,63,2,1,0,0,0,0,0,2,0,7,80,1,1089,1089,7,16,40,1,0,1,0,0
1371839,4,2024,2024,11,6,4,35,27,84,33,0,1,1,-33.778424,151.10658,61,0,2,1,1,2,0,0,2,0,7,60,1,1220,1220,9,5,28,2,0,1,0,0
1371841,4,2024,2024,2,5,3,866,17,278,793,0,1,9,-33.777714,151.051952,54,0,2,1,0,0,0,0,2,2,7,60,2,5929,5929,1,16,5,3,0,1,0,0
1371843,2,2024,2024,2,2,6,11,31,120,81,0,1,7,-32.179702,152.509433,43,2,1,0,0,0,0,0,2,0,0,50,2,1957,4009,8,5,40,1,0,0,1,0
1371845,1,2024,2024,11,1,8,2261,17,36,2252,0,1,2,-36.096636,146.918841,0,1,0,0,0,0,0,0,2,0,7,110,2,4552,5151,8,0,40,1,0,0,0,1
1371851,1,2024,2024,9,3,0,1,31,30,34609,0,1,9,-30.09032,145.928617,51,2,1,1,2,0,0,0,0,0,0,50,0,30,30,9,16,28,2,0,0,0,1
1371852,4,2024,2024,9,1,4,829,27,304,140,0,1,10,-33.90685,151.164522,32,0,2,1,1,0,0,0,2,2,7,60,1,5929,5929,1,10,5,2,0,1,0,0
1371856,2,2024,2024,9,5,7,481,17,10,483,0,1,1,-32.948485,148.233991,53,1,0,1,0,0,0,0,2,0,7,110,2,57,57,1,10,13,2,0,0,1,1
1371857,4,2024,2024,2,6,5,77,27,17,58,0,1,1,-34.681749,150.508715,63,2,1,0,0,0,0,0,2,0,7,60,2,1850,1463,5,16,40,1,0,1,0,0
1371859,2,2024,2024,2,3,6,4,31,119,34609,0,1,7,-32.764205,151.742045,57,2,1,1,1,0,0,0,2,0,0,40,0,4026,4026,8,5,40,1,0,0,1,0
1371861,4,2024,2024,10,4,9,150,27,309,415,0,1,2,-33.800353,151.114398,61,0,2,1,1,0,0,0,3,0,7,70,2,2040,2040,9,16,28,2,0,1,0,0
1371862,1,2024,2024,10,6,9,115,27,138,114,0,1,9,-33.876127,151.271886,81,0,2,1,0,0,0,0,2,0,0,50,2,2040,2040,9,5,28,2,0,0,0,1
1371866,4,2024,2024,11,2,3,42,1,57,34609,0,1,2,-34.563414,150.819088,62,0,2,1,1,0,0,0,2,0,7,40,0,941,941,1,0,27,2,0,1,0,0
1371868,2,2024,2024,9,6,10,1052,14,83,928,0,1,3,-33.505064,151.189068,16,1,2,0,0,0,0,0,0,0,7,90,2,1957,4009,8,10,40,1,0,0,1,0
1371871,4,2024,2024,11,4,3,2209,17,17,2205,0,1,1,-36.559089,149.822792,5,2,1,0,0,0,3,3,2,0,7,80,2,2585,4009,8,10,40,1,0,1,0,0
1371872,4,2024,2024,10,3,6,330,27,43,605,0,1,2,-33.693857,151.30359,50,0,2,1,1,0,0,0,2,0,7,70,2,14295,14295,3,16,19,2,0,1,1,0
1371873,4,2024,2024,10,5,8,85,31,66,34609,0,1,9,-34.490845,150.906861,80,0,2,0,0,0,0,0,2,0,7,50,0,1850,1463,5,17,40,1,0,1,0,0
1371875,4,2024,2024,8,3,2,2209,17,59,2205,0,1,9,-34.334967,150.913171,80,0,2,0,3,0,2,6,0,0,15,60,2,4552,5151,8,10,40,1,0,1,0,0
1371879,1,2024,2024,2,5,6,500,27,136,799,0,1,9,-33.926265,151.083975,15,0,2,1,1,0,0,0,2,0,7,60,2,2852,2852,4,5,18,2,0,0,0,1
1371881,2,2024,2024,9,0,7,44,27,121,34609,0,1,7,-33.803468,151.287948,50,0,2,1,1,0,0,0,2,0,0,50,0,6545,6545,4,5,27,2,0,0,1,0
1371886,1,2024,2024,2,3,6,14,27,6,34609,0,1,1,-33.456633,149.020913,11,1,0,0,0,0,3,0,2,0,7,100,0,1850,1463,5,0,40,1,0,0,0,1
1371888,2,2024,2024,10,4,3,29,31,57,34609,1,0,10,-32.820873,151.476658,17,2,1,1,0,0,0,0,2,0,0,50,0,6545,6545,4,0,10,2,0,0,1,0
1371890,4,2024,2024,2,4,5,49,27,111,62,0,1,10,-33.70164,150.872956,7,0,2,1,0,0,0,0,2,2,7,70,2,83,83,1,5,25,3,0,2,0,0
1371892,2,2024,2024,9,5,6,12,27,197,22,0,1,9,-33.79452,151.126767,61,0,2,1,1,0,0,3,2,0,7,60,1,2852,2852,4,5,5,2,0,0,1,0
1371893,4,2024,2024,11,2,5,95,31,21,36,1,0,10,-32.588702,151.775926,51,2,1,1,1,0,0,0,2,0,15,50,1,6545,6545,4,5,0,3,0,1,0,0
1371894,2,2024,2024,10,5,7,133,31,646,97,0,1,9,-33.917714,151.028438,15,0,2,1,1,0,0,0,2,0,7,60,1,5929,5929,1,0,0,3,0,0,3,0
1371899,1,2024,2024,2,2,10,1,1,73,34609,0,1,9,-33.827353,151.08503,14,0,2,0,2,0,0,0,0,0,7,50,0,4552,5151,1,5,5,3,0,0,0,1
1371901,4,2024,2024,9,4,4,346,17,103,332,0,1,9,-28.814533,153.338017,39,2,1,1,1,0,0,0,2,0,7,60,2,14295,14295,3,10,0,2,0,1,0,0
1371904,2,2024,2024,10,5,4,916,17,25,917,0,1,1,-30.805402,151.256479,70,1,0,0,0,0,0,0,2,0,7,100,2,404,404,8,16,40,1,0,0,1,0
1371905,4,2024,2024,10,2,1,3,27,5,34609,0,1,9,-34.641275,146.367831,51,1,0,0,0,0,3,0,0,0,0,100,0,4552,5151,8,5,40,1,0,1,0,1
1371906,4,2024,2024,2,1,4,115,27,81,114,0,1,9,-33.887611,151.264956,76,0,2,1,1,0,0,0,2,2,7,50,2,5929,5929,1,15,0,2,0,1,0,0
1371908,4,2024,2024,10,4,5,14,31,29,148,0,1,1,-32.930025,151.773015,48,0,2,1,1,0,0,0,2,0,7,30,1,941,941,1,9,19,2,0,1,0,0
1371910,2,2024,2024,2,1,11,3371,17,39,3342,0,1,2,-29.755266,153.047795,18,1,0,0,0,0,3,4,0,0,7,110,2,1259,5151,8,3,40,1,0,0,1,0
1371911,2,2024,2024,10,3,9,7,31,234,34609,0,1,10,-34.277438,146.049431,28,2,1,1,1,0,0,0,2,0,0,50,0,6545,6545,4,5,0,2,0,0,1,0
1371914,2,2024,2024,10,0,7,44,31,609,34609,0,1,1,-33.783643,150.901609,7,0,2,1,1,0,0,0,2,0,7,50,0,340,340,9,5,28,2,0,0,1,0
1371915,4,2024,2024,2,5,10,7,31,33,34609,0,1,9,-35.127217,147.32485,75,2,1,1,0,0,0,0,3,0,7,50,0,4552,985,8,16,40,1,0,1,1,0
1371916,2,2024,2024,11,2,8,37,1,71,34609,0,1,9,-33.256823,151.545228,16,2,2,1,0,0,0,0,2,0,7,50,0,1850,985,5,17,40,1,0,0,1,0
1371928,1,2024,2024,10,0,9,2126,17,283,2149,0,1,1,-33.832018,151.015435,54,0,2,1,1,0,0,0,2,0,7,60,2,14295,14295,3,5,0,2,0,0,0,1
1371929,4,2024,2024,10,3,5,120,36,43,148,0,1,1,-30.466136,152.980003,6,2,1,1,1,0,0,0,2,0,7,80,2,1945,1945,5,16,40,1,0,1,0,0
1371932,1,2024,2024,9,2,5,35,27,8,19,0,1,9,-34.068895,150.628951,79,1,2,1,0,0,0,0,2,0,7,100,1,1669,1669,3,9,5,2,0,0,0,1
1371939,2,2024,2024,10,4,4,28,3,9,117,0,1,2,-32.952175,151.682789,37,0,2,1,0,0,0,0,2,0,7,90,2,14295,14295,3,5,0,2,0,0,1,0
1371945,2,2024,2024,9,3,6,2,31,9,34609,0,1,9,-31.083284,152.845499,34,2,1,1,1,0,0,0,2,0,7,50,0,9859,9859,8,0,40,1,0,0,1,0
1371946,2,2024,2024,10,5,9,500,27,293,799,0,1,1,-33.932488,151.047353,15,0,2,1,1,0,0,0,2,0,7,60,2,9859,9859,8,5,40,1,0,0,1,0
1371947,4,2024,2024,10,3,2,163,27,24,165,0,1,2,-33.732194,150.832542,7,0,2,1,2,0,0,0,0,0,7,60,1,9859,9859,8,10,40,1,0,2,1,0
1371952,1,2024,2024,2,3,7,7,27,47,14,0,1,7,-35.239504,149.443742,58,2,1,1,1,0,0,0,2,0,0,80,1,9859,9859,8,16,40,1,0,0,0,1