Crash ID,Degree of crash - detailed,Reporting year,Year of crash,Month of crash,Day of week of crash,Two-hour intervals,Street of crash,Street type,Town,Route no.,School zone location,School zone active,Type of location,Latitude,Longitude,LGA,Urbanisation,Conurbation 1,Alignment,Street lighting,Road surface,Surface condition,Weather,Natural lighting,Signals operation,Other traffic control,Speed limit,Road classification,RUM - code,DCA - code,First impact type,Key TU type,Other TU type,No. of traffic units involved,No. killed,No. seriously injured,No. moderately injured,No. minor-other injured
1371956,2,2024,2024,10,4,7,4,18,210,34609,0,1,0,-34.033425,151.102361,68,0,2,1,0,0,0,0,2,0,7,50,0,1282,1282,1,0,40,1,0,0,2,0
1371957,1,2024,2024,2,5,10,177,31,314,208,0,1,9,-33.859732,150.922826,24,0,2,1,2,0,0,0,0,0,7,60,1,368,368,9,5,28,2,0,0,0,1
1371958,1,2024,2024,11,4,5,41,27,6,69,0,1,1,-34.493527,149.813652,74,1,0,0,0,0,0,0,2,0,7,100,1,4552,5151,8,16,40,1,0,0,0,1
1371963,4,2024,2024,11,2,11,1,27,126,34609,0,1,1,-33.915435,150.827621,41,0,2,1,0,0,0,0,0,0,7,50,0,1945,1945,5,17,40,1,0,1,0,0
1371964,2,2024,2024,10,5,4,37,31,68,34609,1,0,1,-33.875168,151.240552,81,0,2,1,0,0,0,0,2,0,7,40,0,1192,1192,1,15,0,2,0,0,1,0
1371965,2,2024,2024,10,0,8,59,27,252,41,0,1,1,-33.937941,150.868214,41,0,2,1,0,0,0,0,2,0,7,60,1,14295,14295,3,5,0,2,0,0,2,1
1371967,4,2024,2024,10,4,5,6,27,15,34609,0,1,1,-30.222669,153.019392,19,2,1,0,0,0,0,0,2,0,7,50,0,5929,5929,1,9,5,2,0,1,1,0
1371968,2,2024,2024,2,5,3,330,23,123,233,0,1,10,-33.913102,151.224741,59,0,2,1,0,0,0,0,2,2,7,50,2,926,926,4,5,27,2,0,0,1,0
1371972,2,2024,2024,9,5,7,85,10,73,702,0,1,2,-33.836242,151.0864,14,0,2,1,1,0,0,0,2,2,7,70,2,1981,1981,4,5,13,3,0,0,2,0
1371976,1,2024,2024,10,4,8,33,27,44,41,0,1,9,-33.743044,150.719905,55,0,2,1,0,0,0,0,2,0,15,70,1,2852,2852,4,0,0,2,0,0,0,1
1371982,2,2024,2024,11,1,6,44,1,273,18,0,1,7,-34.427371,150.887052,80,0,2,1,1,0,0,0,2,0,0,50,1,926,926,4,0,5,2,0,0,1,0
1371983,4,2024,2024,10,0,2,2209,17,11,2205,0,1,1,-36.284006,150.12445,23,1,0,0,0,0,3,2,0,0,7,100,2,1957,4009,8,34,40,1,0,1,0,0
1371984,2,2024,2024,9,6,0,4,10,55,34609,0,1,1,-35.385653,149.20837,58,2,1,0,2,0,0,0,0,0,7,50,0,4552,5151,1,0,5,2,0,0,1,0
1371985,1,2024,2024,11,6,4,38,27,189,165,0,1,1,-33.94031,151.061074,15,0,2,1,1,0,0,0,2,0,7,50,1,14295,14295,3,5,0,2,0,0,0,1
1371988,2,2024,2024,9,6,8,123,27,316,25,0,1,10,-33.914522,151.249333,59,0,2,1,0,0,0,0,2,2,7,50,1,14295,14295,3,0,0,2,0,0,1,0
1371992,4,2024,2024,10,5,6,8,27,271,34609,0,1,9,-33.949049,151.012706,15,0,2,1,0,0,0,0,2,0,7,50,0,591,591,1,18,0,2,0,1,1,0
1371993,2,2024,2024,11,3,9,193,27,21,34609,0,1,9,-34.374494,150.907277,80,0,2,1,2,0,0,0,0,0,7,50,0,150,150,4,0,18,2,0,0,1,0
1371996,4,2024,2024,9,2,8,15,1,271,34609,0,1,9,-33.951809,151.015699,15,0,2,1,1,0,0,0,2,0,9,50,0,2040,2040,9,33,28,2,0,1,0,0
1371999,1,2024,2024,9,2,4,12,27,293,34609,0,1,1,-33.940008,151.238581,59,0,2,1,0,0,3,0,2,0,7,50,0,1192,1192,1,33,18,2,0,0,0,1
1372002,1,2024,2024,2,4,10,2,27,15,34609,0,1,1,-31.169384,150.183925,51,1,0,1,0,2,0,0,0,0,7,100,0,9859,9859,8,10,40,1,0,0,0,1
1372003,2,2024,2024,10,2,6,62,31,90,34609,0,1,7,-33.889483,151.237445,81,0,2,1,1,0,0,0,2,0,0,50,0,5929,5929,1,5,5,2,0,0,1,0
1372004,4,2024,2024,2,5,2,9,27,57,34609,0,1,9,-32.989285,151.695611,37,0,2,1,0,0,0,0,1,0,0,60,0,2852,2852,4,5,5,2,0,1,0,0
1372005,4,2024,2024,11,2,9,19,27,17,34609,0,1,1,-33.727159,151.235077,50,0,2,0,0,0,3,4,0,0,7,50,0,1957,4009,8,5,40,1,0,1,0,0
1372006,2,2024,2024,9,4,7,1,36,28,34609,0,1,1,-35.364578,149.231431,58,2,1,0,1,0,0,0,2,0,7,50,0,2585,4009,8,5,40,1,0,0,1,0
1372009,2,2024,2024,2,6,11,2209,17,144,2205,0,1,2,-34.064254,151.018707,68,0,2,1,2,0,0,0,0,0,7,70,2,3775,3775,0,5,13,2,0,0,2,0
1372018,4,2024,2024,2,1,5,28,10,32,70,0,1,7,-31.939944,152.471825,43,2,1,1,1,0,0,0,2,0,0,70,1,1981,1981,4,10,21,2,0,1,0,0
1372019,2,2024,2024,9,4,5,10,27,29,34609,0,1,1,-32.381881,142.47447,51,1,0,0,0,0,0,0,2,0,7,100,0,1850,1463,5,10,40,1,0,0,2,0
1372022,2,2024,2024,9,0,9,19,27,201,42,0,1,7,-34.886982,150.600546,63,2,1,1,2,0,3,4,0,0,0,60,1,3775,3775,0,10,5,2,0,0,2,0
1372023,4,2024,2024,9,1,10,171,31,252,34609,0,1,1,-33.88039,151.212419,69,0,2,1,2,0,0,0,0,0,9,40,0,9859,9859,1,22,5,2,0,1,0,0
1372024,4,2024,2024,2,3,3,481,17,29,483,0,1,1,-31.218123,149.326349,51,1,0,1,0,0,0,0,1,0,7,110,2,1945,1945,5,10,40,1,0,1,0,0
1372025,4,2024,2024,9,1,11,3371,17,83,3342,0,1,2,-30.094811,153.170092,19,1,0,1,2,0,3,4,0,0,7,110,2,1192,1192,1,9,2,2,0,2,0,0
1372032,4,2024,2024,9,5,8,1,27,77,34609,0,1,1,-30.330631,149.910744,51,1,0,1,0,0,3,4,2,0,7,100,0,4026,4026,8,10,40,1,0,1,0,0
1372038,1,2024,2024,9,1,8,7,27,24,7,0,1,6,-33.930338,150.727727,41,0,2,0,2,0,0,0,3,0,7,80,1,3775,3775,0,5,5,2,0,0,0,1
1372039,4,2024,2024,2,6,7,22,31,237,45,1,0,9,-33.873228,150.959055,24,0,2,1,1,0,0,0,2,2,9,60,1,2040,2040,9,30,28,2,0,1,0,0
1372042,4,2024,2024,10,2,6,5,31,134,34609,0,1,9,-33.519992,151.320119,16,2,2,1,1,0,0,0,2,0,7,50,0,5929,5929,1,0,19,2,0,1,0,0
1372043,4,2024,2024,10,3,3,3371,17,83,3342,0,1,1,-33.4813,151.185614,16,2,2,0,0,0,0,0,2,0,7,60,2,3775,3775,0,5,13,2,0,2,0,1
1372044,4,2024,2024,10,0,5,2,27,2,58,0,1,9,-34.598453,150.480807,78,2,1,1,1,0,0,0,2,0,0,80,2,323,323,1,9,27,2,0,1,0,0
1372045,4,2024,2024,9,2,7,280,10,46,240,0,1,1,-33.878239,150.965971,24,0,2,1,0,0,0,0,2,0,7,60,2,340,340,9,5,28,2,0,1,0,0
1372046,2,2024,2024,2,0,9,500,27,80,160,0,1,9,-33.980816,150.898152,13,0,2,1,1,0,0,0,2,2,7,60,2,83,83,1,0,27,2,0,0,1,0
1372049,1,2024,2024,9,1,6,97,17,61,88,0,1,9,-35.189965,149.226304,58,1,0,1,0,0,3,0,2,0,15,100,2,6545,6545,4,5,13,2,0,0,0,2
1372051,4,2024,2024,2,5,8,10,27,207,4,0,1,9,-31.953923,141.47513,51,2,1,1,1,0,0,0,2,0,0,50,1,2852,2852,4,26,41,2,0,1,0,0
1372053,4,2024,2024,2,6,3,32,27,52,88,0,1,9,-33.630253,150.738693,55,0,2,1,2,0,0,0,2,0,7,80,2,489,489,8,10,40,1,0,1,0,0
1372059,2,2024,2024,9,5,6,3,27,1,10,0,1,1,-36.892396,149.601936,5,2,1,1,0,0,0,3,2,0,7,60,1,9859,9859,8,9,40,1,0,0,1,0
1372064,2,2024,2024,2,5,3,34,31,98,260,0,1,1,-33.006342,151.59453,37,0,2,1,1,0,0,0,2,0,7,60,2,9859,9859,1,5,0,2,0,0,1,0
1372066,4,2024,2024,10,5,7,1,27,39,34609,0,1,1,-36.00486,147.053184,0,2,1,0,0,0,0,0,2,0,7,50,0,4552,5151,8,5,40,1,0,2,0,0
1372067,1,2024,2024,10,6,6,4,27,38,34609,0,1,1,-32.74128,151.866298,57,2,1,1,0,0,0,0,2,0,7,50,0,1981,1981,4,5,27,2,0,0,0,1
1372070,4,2024,2024,11,4,5,234,27,323,217,0,1,9,-33.750581,150.99417,71,0,2,0,1,0,3,4,2,0,7,60,2,1220,1220,9,5,28,2,0,1,0,0
1372071,4,2024,2024,8,0,5,11,10,26,34609,0,1,1,-33.756365,150.877309,7,0,2,1,0,0,0,0,2,0,7,50,0,9859,9859,8,9,40,1,0,1,0,0
1372073,4,2024,2024,10,4,5,1104,14,142,962,0,1,3,-33.827614,151.000685,54,0,2,1,1,0,0,0,2,0,7,90,2,9859,9859,8,16,40,2,0,1,0,0
1372074,4,2024,2024,10,6,4,44,27,202,563,0,1,10,-33.944997,151.034842,15,0,2,0,2,0,0,0,2,2,7,70,2,14295,14295,3,5,13,2,0,1,0,0
1372078,2,2024,2024,9,3,9,2261,17,523,2252,0,1,10,-33.919514,150.919343,41,0,2,1,1,0,3,3,3,2,7,60,2,14295,14295,3,5,0,2,0,0,1,0
1372079,4,2024,2024,2,5,3,27,10,53,6,0,1,1,-30.648548,152.997929,47,2,1,1,0,0,0,0,2,0,7,50,1,14295,14295,3,5,5,3,0,1,0,0
1372082,2,2024,2024,10,4,4,2,18,4,34609,0,1,1,-32.762917,151.421182,17,2,1,0,0,0,0,0,2,0,7,80,0,1259,5151,8,0,40,1,0,0,1,0
1372085,4,2024,2024,2,2,11,17,1,646,11,0,1,9,-33.924399,151.034288,15,0,2,1,2,0,0,0,0,2,7,60,1,2852,2852,4,19,19,2,0,1,0,0
1372090,4,2024,2024,2,2,4,10,27,149,34609,0,1,1,-33.290522,151.353943,16,2,2,1,0,2,0,0,2,0,7,50,0,1945,1945,5,16,40,1,0,1,0,0
1372093,2,2024,2024,2,1,11,1104,14,247,962,0,1,3,-33.812315,150.947905,21,0,2,1,2,0,0,0,0,0,7,100,2,14295,14295,3,5,36,2,0,0,2,1
1372094,1,2024,2024,2,6,6,78,27,31,61,0,1,7,-33.892493,151.021972,15,0,2,1,1,0,0,0,2,0,0,60,1,14295,14295,3,9,5,3,0,0,0,1
1372095,4,2024,2024,8,1,5,103,36,13,157,0,1,1,-28.334916,152.68386,51,1,0,0,0,0,0,0,2,0,7,100,2,1957,4009,8,16,40,1,0,1,0,0
1372097,1,2024,2024,10,3,9,11,10,67,34609,0,1,1,-34.428103,150.862746,80,0,2,1,0,0,0,3,3,0,7,50,0,9859,9859,1,0,5,3,0,0,0,1
1372098,4,2024,2024,10,6,6,475,31,532,75,0,1,10,-33.876852,151.209453,69,0,2,1,3,0,2,6,2,2,7,40,1,1220,1220,9,5,28,2,0,1,0,0
1372099,2,2024,2024,9,2,11,3,27,1,34609,0,1,1,-32.523501,151.218662,64,1,0,1,0,0,3,4,0,0,7,100,0,4026,4026,8,10,40,1,0,0,1,0
1372111,1,2024,2024,2,4,9,98,31,176,159,0,1,9,-33.955384,151.143402,4,0,2,1,3,0,0,0,2,0,7,60,2,6545,6545,4,5,27,2,0,0,0,1
1372112,1,2024,2024,11,4,8,24,31,290,28,0,1,1,-33.844871,150.97521,21,0,2,1,3,0,0,0,3,0,7,50,1,14295,14295,3,5,5,2,0,0,0,1
1372122,1,2024,2024,11,6,9,251,27,64,212,0,1,10,-33.76273,151.206692,50,0,2,1,3,0,0,0,0,0,0,70,2,1391,1391,1,5,5,3,0,0,0,1
1372127,1,2024,2024,9,0,3,2261,17,243,2252,0,1,10,-33.957487,150.882391,41,0,2,1,3,0,0,0,2,2,7,70,2,14295,14295,3,10,36,2,0,0,0,2
1372129,1,2024,2024,2,1,10,177,22,58,176,0,1,10,-34.045745,151.132902,68,0,2,1,3,0,0,0,0,2,7,70,2,5929,5929,1,5,5,2,0,0,0,1
1372138,2,2024,2024,9,2,8,3,27,2,34609,0,1,1,-35.25468,145.244255,51,1,0,0,3,0,0,3,2,0,7,100,0,418,714,5,10,40,1,0,0,1,0
1372139,2,2024,2024,9,0,10,162,31,532,24,0,1,10,-33.869058,151.20956,69,0,2,1,2,0,0,0,0,2,6,40,1,14295,14295,3,5,19,2,0,0,1,0
1372141,1,2024,2024,9,5,7,229,14,278,237,0,1,3,-33.760078,151.040439,54,0,2,1,3,0,0,0,2,0,7,100,2,14295,14295,3,10,13,2,0,0,0,1
1372162,1,2024,2024,10,0,7,3,7,9,34609,1,0,1,-34.003006,151.068256,68,0,2,0,3,0,0,0,2,0,7,50,0,387,387,1,5,0,2,0,0,0,1
1372163,2,2024,2024,10,5,4,515,14,294,518,0,1,3,-33.942023,150.94286,41,0,2,1,3,0,0,0,2,0,7,100,2,14295,14295,3,33,5,2,0,0,1,0
1372166,2,2024,2024,2,5,7,5,31,64,34609,0,1,1,-33.962823,150.997795,15,0,2,1,3,0,0,0,2,0,7,50,0,9859,9859,1,5,5,3,0,0,1,0
1372171,1,2024,2024,9,6,4,10,31,246,64,0,1,1,-33.907346,151.20113,69,0,2,1,3,0,0,0,2,0,7,50,2,1981,1981,4,5,5,2,0,0,0,1
1372173,1,2024,2024,2,0,8,3371,31,65,34609,0,1,1,-32.928289,151.785435,48,0,2,1,3,0,0,0,2,0,7,40,0,14295,14295,3,10,5,2,0,0,0,1
1372174,1,2024,2024,2,1,4,24,1,609,115,0,1,2,-33.766047,150.912345,7,0,2,1,3,0,0,0,2,0,7,60,2,14295,14295,3,5,5,2,0,0,0,1
1372187,1,2024,2024,9,6,8,112,27,7,256,0,1,7,-34.020139,150.835782,13,0,2,1,3,0,0,0,2,0,0,70,2,1391,1391,1,0,5,2,0,0,0,1
1372197,1,2024,2024,9,0,8,76,27,85,148,1,0,1,-32.934831,151.729746,48,0,2,1,3,0,0,0,2,0,7,60,1,5929,5929,1,5,5,2,0,0,0,1
1372202,2,2024,2024,10,0,9,59,27,271,42,0,1,9,-33.95176,151.017244,15,0,2,1,3,0,3,4,0,2,7,60,1,14295,14295,3,5,5,2,0,0,1,1
1372205,2,2024,2024,9,2,6,63,31,24,34609,0,1,10,-33.663964,150.873757,7,0,2,1,3,0,0,0,2,0,0,60,0,6545,6545,4,5,19,2,0,0,1,0
1372210,1,2024,2024,10,2,11,2261,17,45,2252,0,1,2,-33.889062,150.97029,15,0,2,0,3,0,0,0,0,0,7,70,2,14295,14295,3,5,0,2,0,0,0,1
1372212,1,2024,2024,2,1,7,15,27,134,34609,0,1,7,-33.962762,150.806004,12,0,2,1,3,0,0,0,2,0,0,70,0,14295,14295,3,0,13,2,0,0,0,1
1372213,1,2024,2024,10,6,9,6,31,159,34609,0,1,10,-33.807034,151.096792,61,0,2,1,3,0,0,0,4,0,15,50,0,6545,6545,4,5,0,2,0,0,0,2
1372229,1,2024,2024,9,6,6,2261,17,112,2252,0,1,2,-33.911441,150.937789,41,0,2,1,3,0,0,0,2,0,7,70,2,1383,1383,1,5,12,2,0,0,0,1
1372230,2,2024,2024,10,4,9,330,23,123,233,0,1,10,-33.910064,151.223401,59,0,2,1,3,0,3,4,0,2,7,50,2,14295,14295,3,0,0,2,0,0,1,0
1372242,1,2024,2024,9,6,11,23,1,64,13,0,1,1,-33.698518,150.758722,55,0,2,1,3,0,3,4,0,0,7,70,1,3775,3775,0,5,0,2,0,0,0,2
1372243,1,2024,2024,4,1,8,330,27,121,102,0,1,5,-33.787839,151.284494,50,0,2,0,3,0,0,0,2,2,7,50,2,1383,1383,1,16,0,2,0,0,0,1
1372258,1,2024,2024,9,6,7,308,14,83,311,0,1,3,-33.883264,150.838581,41,0,2,1,3,0,0,0,2,0,7,80,2,14295,14295,3,0,5,2,0,0,0,1
1372263,4,2024,2024,9,6,9,27,17,149,34609,0,1,1,-33.342786,151.372221,16,2,2,0,3,0,0,0,2,0,7,60,0,1259,5151,8,5,40,1,0,1,0,0
1372266,1,2024,2024,2,5,8,2209,17,157,2205,0,1,2,-34.00861,151.101629,68,0,2,1,3,0,0,0,2,0,7,70,2,14295,14295,3,0,0,2,0,0,0,1
1372267,2,2024,2024,2,2,9,27,27,171,35,0,1,1,-33.803524,150.977675,54,0,2,0,3,0,0,0,2,0,7,50,1,4552,5151,8,9,40,1,0,0,1,0
1372273,1,2024,2024,9,0,3,255,27,37,62,0,1,9,-32.803418,151.511629,17,2,1,1,3,0,0,0,2,0,0,60,2,14295,14295,3,10,5,3,0,0,0,1
1372277,2,2024,2024,2,5,5,2,27,2,34609,0,1,1,-33.391487,150.972009,29,2,2,0,3,2,0,0,2,0,7,50,0,1850,1463,5,16,40,1,0,0,1,0
1372283,1,2024,2024,2,5,8,110,27,167,40,0,1,9,-33.835308,151.065464,54,0,2,1,3,0,0,0,2,2,7,60,1,14295,14295,3,5,5,2,0,0,0,1
1372284,1,2024,2024,9,2,5,104,1,71,34609,0,1,1,-33.969658,151.066036,25,0,2,1,3,0,0,3,2,0,7,50,0,14295,14295,3,5,0,2,0,0,0,1
1372285,2,2024,2024,2,3,7,1104,14,223,962,0,1,3,-33.806179,150.922158,7,0,2,1,3,0,0,0,2,0,7,100,2,475,475,5,0,40,1,0,0,1,0
1372286,4,2024,2024,10,5,8,7,31,67,34609,0,1,7,-33.887791,151.011008,15,0,2,1,3,0,0,0,2,0,0,50,0,6545,6545,4,10,27,2,0,1,0,0
1372287,1,2024,2024,9,5,6,2261,17,204,2252,0,1,9,-33.88883,151.124898,32,0,2,1,3,0,0,0,2,2,0,60,2,14295,14295,3,10,0,2,0,0,0,1
1372288,1,2024,2024,2,5,7,3,31,523,34609,0,1,1,-33.92739,150.923915,41,0,2,1,3,0,3,4,2,0,7,50,0,14295,14295,3,9,5,2,0,0,0,1
1372291,2,2024,2024,9,4,8,18,27,111,16,0,1,7,-33.920095,151.25184,59,0,2,1,1,0,0,0,2,0,0,50,1,9859,9859,1,5,0,3,0,0,1,0
1372292,1,2024,2024,10,5,6,78,31,124,34609,0,1,1,-33.815467,151.041957,54,0,2,1,3,0,0,0,2,0,7,50,0,1282,1282,1,9,5,2,0,0,0,1
1372302,1,2024,2024,2,0,7,3371,17,8,3342,0,1,2,-28.312484,153.514729,72,1,0,1,3,0,0,0,2,0,7,110,2,9859,9859,8,0,40,1,0,0,0,1
1372306,2,2024,2024,10,0,9,2261,17,523,2252,0,1,9,-33.937948,150.913723,41,0,2,1,3,0,0,0,2,2,7,60,2,5929,5929,1,5,19,2,0,0,1,0
1372310,2,2024,2024,6,4,2,149,27,38,198,0,1,1,-34.054328,150.974846,68,0,2,1,3,0,0,0,1,0,7,70,2,9859,9859,8,10,40,1,0,0,1,0
1372313,1,2024,2024,10,6,9,344,27,609,163,0,1,10,-33.766834,150.905173,7,0,2,1,3,0,0,0,3,2,9,60,2,14295,14295,3,10,0,2,0,0,0,1
1372328,1,2024,2024,10,6,3,1104,14,142,962,0,1,3,-33.826958,151.004153,54,0,2,1,3,0,0,0,2,0,7,90,2,14295,14295,3,9,5,5,0,0,0,1
1372332,1,2024,2024,2,6,7,1052,27,104,262,0,1,10,-32.908997,151.70513,48,0,2,1,1,0,0,0,2,2,7,60,2,14295,14295,3,10,13,2,0,0,0,1
1372336,2,2024,2024,2,0,11,2261,17,45,2252,0,1,10,-33.891474,150.977271,15,0,2,1,3,0,0,3,0,0,0,70,2,926,926,4,5,5,2,0,0,1,0
1372339,2,2024,2024,10,0,4,6,31,219,34609,0,1,1,-32.905498,151.663238,48,0,2,1,0,0,0,0,2,0,7,50,0,1981,1981,4,5,5,2,0,0,1,0
1372343,1,2024,2024,2,0,4,149,27,42,198,0,1,9,-33.942422,150.942699,41,0,2,1,3,0,0,0,2,2,7,60,2,6545,6545,4,0,5,2,0,0,0,1
1372345,1,2024,2024,2,5,6,500,27,129,799,0,1,1,-33.929976,151.069889,15,0,2,1,3,0,0,0,2,0,7,60,2,1383,1383,1,8,0,2,0,0,0,1
1372350,2,2024,2024,10,4,5,103,27,16,98,0,1,1,-33.235836,150.648633,29,1,2,1,3,0,0,0,2,0,7,100,2,1945,1945,5,10,40,1,0,0,1,0
1372352,1,2024,2024,9,6,8,2,1,144,34609,0,1,1,-34.062593,151.015549,68,0,2,1,3,0,0,0,2,0,7,50,0,1981,1981,4,0,5,2,0,0,0,1
1372353,1,2024,2024,9,1,10,475,10,42,268,0,1,10,-33.883517,150.864722,24,0,2,1,3,0,0,0,0,2,7,70,2,6545,6545,4,0,0,2,0,0,0,1
1372361,1,2024,2024,9,1,6,100,27,127,100,0,1,10,-33.832048,150.855482,24,0,2,1,3,0,0,0,2,0,15,70,2,2852,2852,4,10,12,2,0,0,0,1
1372372,2,2024,2024,11,0,7,2209,17,176,2205,0,1,2,-33.953689,151.137583,4,0,2,1,3,0,0,0,2,0,7,60,2,1391,1391,1,5,40,2,0,0,1,0
1372377,1,2024,2024,10,0,4,56,25,252,34609,0,1,10,-33.88694,151.211252,69,0,2,1,3,0,0,0,2,0,7,40,0,775,775,4,10,18,2,0,0,0,1
1372381,1,2024,2024,9,1,6,40,31,106,34609,0,1,9,-33.887749,151.17371,32,0,2,1,3,0,0,0,2,0,8,50,0,1981,1981,4,9,13,2,0,0,0,1
1372382,2,2024,2024,2,2,7,1,36,3,41,0,1,1,-33.56002,148.545583,11,1,0,0,3,0,0,0,2,0,7,100,1,4552,5151,8,5,40,1,0,0,1,0
1372383,2,2024,2024,2,3,3,90,36,24,102,0,1,1,-34.527983,148.152319,20,2,1,1,3,0,0,0,2,2,7,20,2,9859,9859,8,3,40,1,0,0,1,0
1372388,2,2024,2024,10,4,8,39,31,193,145,0,1,10,-33.794978,151.071879,61,0,2,1,3,0,0,0,2,0,15,60,2,6545,6545,4,5,0,2,0,0,1,1
1372394,4,2024,2024,9,1,8,515,14,294,518,0,1,3,-33.939922,150.926096,41,0,2,1,3,0,0,0,2,0,7,100,2,14295,14295,3,5,5,4,0,1,0,1
1372409,1,2024,2024,9,0,6,500,27,129,799,0,1,9,-33.93001,151.069726,15,0,2,1,3,0,0,0,2,0,0,60,2,926,926,4,5,5,2,0,0,0,1
1372412,2,2024,2024,9,1,4,28,3,21,117,0,1,2,-32.972452,151.677186,37,0,2,1,3,0,0,0,2,0,7,90,2,4026,4026,8,9,40,1,0,0,1,0
1372413,1,2024,2024,11,3,6,2,27,6,34609,0,1,1,-34.175485,148.82782,30,1,0,0,3,2,0,0,2,0,7,100,0,1850,1463,5,16,40,1,0,0,0,1
1372418,1,2024,2024,2,0,4,6,31,149,34609,0,1,7,-33.998159,151.135653,4,0,2,1,3,0,3,4,2,0,0,50,0,1282,1282,1,0,27,2,0,0,0,1
1372421,1,2024,2024,9,6,0,162,31,532,24,0,1,10,-33.868736,151.206953,69,0,2,1,3,0,0,0,0,2,7,40,1,6545,6545,4,0,39,2,0,0,0,1
1372423,1,2024,2024,9,4,11,133,10,316,121,0,1,2,-31.451328,152.89892,56,2,1,1,3,0,3,4,0,0,7,70,1,475,475,5,5,40,1,0,0,0,1
1372424,2,2024,2024,9,4,0,2209,17,35,2205,0,1,2,-35.509751,150.326159,63,1,0,0,3,0,3,4,0,0,7,100,2,380,714,5,21,40,1,0,0,1,0
1372433,1,2024,2024,2,4,6,4,31,460,34609,0,1,7,-33.837584,150.985422,21,0,2,1,3,0,0,0,2,0,0,50,0,1192,1192,1,0,13,2,0,0,0,1
1372442,2,2024,2024,2,6,4,1052,14,53,928,0,1,3,-33.682372,151.120617,31,0,2,1,3,0,0,0,2,0,7,110,2,1945,1945,5,10,40,1,0,0,1,0
1372444,1,2024,2024,2,0,9,7,27,224,34609,0,1,9,-33.832416,151.23727,45,0,2,1,3,0,0,0,2,0,0,50,0,926,926,4,5,5,2,0,0,0,1
1372449,1,2024,2024,9,6,9,9,27,370,53,0,1,10,-34.072954,150.803689,13,0,2,1,3,0,0,0,2,2,7,60,2,14295,14295,3,10,0,2,0,0,0,1
1372453,2,2024,2024,9,1,7,76,31,106,34609,1,0,10,-28.860085,153.044158,60,2,1,1,1,0,0,0,2,0,0,50,0,6545,6545,4,10,12,2,0,0,2,0
1372454,4,2024,2024,9,2,8,2209,17,106,2205,0,1,9,-33.887664,151.19307,69,0,2,1,3,0,3,4,2,2,7,50,2,14295,14295,3,5,5,4,0,1,1,0
1372457,1,2024,2024,10,4,8,829,27,363,770,0,1,2,-33.808831,151.014234,54,0,2,1,3,0,0,0,2,0,7,60,2,14295,14295,3,5,13,2,0,0,0,1
1372463,2,2024,2024,10,1,4,13,1,137,34609,0,1,7,-33.918854,151.207401,69,0,2,1,3,0,0,0,2,0,0,40,0,6545,6545,4,10,19,2,0,0,1,0
1372465,1,2024,2024,2,1,5,5,31,137,34609,1,0,10,-34.034098,151.059387,68,0,2,1,3,0,0,0,2,0,0,50,0,6545,6545,4,0,0,2,0,0,0,1
1372475,1,2024,2024,9,5,5,1104,14,445,962,0,1,3,-33.850195,151.054507,54,0,2,1,3,0,0,0,2,0,7,90,2,14295,14295,3,9,36,2,0,0,0,1
1372485,1,2024,2024,9,0,4,132,31,166,126,0,1,1,-33.891886,151.215226,69,0,2,1,3,0,0,0,2,0,7,50,2,14295,14295,3,5,0,3,0,0,0,1
1372490,1,2024,2024,10,1,3,2,31,9,34609,0,1,9,-33.608869,150.743879,29,2,2,0,3,0,0,0,2,0,7,50,0,1850,985,5,16,40,1,0,0,0,1
1372492,4,2024,2024,10,6,3,74,27,609,163,0,1,7,-33.777341,150.907503,7,0,2,0,3,0,0,0,1,0,0,60,2,6545,6545,4,0,0,2,0,1,0,0
1372496,4,2024,2024,2,1,8,10,27,232,34609,0,1,10,-33.684823,150.902531,7,0,2,1,3,0,0,0,2,0,15,60,0,3775,3775,0,5,13,2,0,1,0,0
1372505,1,2024,2024,2,1,6,2261,17,523,2252,0,1,9,-33.915327,150.920773,41,0,2,0,3,0,0,3,2,2,7,60,2,926,926,4,5,0,2,0,0,0,1
1372510,1,2024,2024,10,3,0,3371,17,23,3342,0,1,10,-32.992108,151.688852,37,0,2,0,3,0,0,0,0,2,7,70,2,5929,5929,1,0,5,2,0,0,0,1
1372515,1,2024,2024,2,6,3,177,31,174,208,0,1,7,-33.860494,150.927487,24,0,2,1,3,0,3,4,2,0,0,60,1,217,217,1,0,0,2,0,0,0,1
1372519,2,2024,2024,9,5,8,59,31,77,53,0,1,9,-33.885596,151.198674,69,0,2,1,3,0,0,0,2,0,7,50,2,6545,6545,4,5,0,2,0,0,1,0
1372520,2,2024,2024,9,5,3,35,27,8,49,0,1,1,-31.276063,150.772995,51,1,0,1,3,0,0,0,2,0,7,100,1,9859,9859,8,10,40,1,0,0,1,0
1372526,1,2024,2024,2,4,11,344,27,363,369,0,1,2,-33.746824,150.71431,55,0,2,1,3,0,0,0,0,2,9,70,2,14295,14295,3,0,0,2,0,0,0,2
1372538,1,2024,2024,10,5,4,9,27,10,19,0,1,1,-33.933682,151.122337,4,0,2,1,3,0,0,0,2,0,7,50,1,1981,1981,4,5,5,2,0,0,0,1
1372543,1,2024,2024,9,5,8,265,10,445,563,0,1,10,-33.861729,151.042278,21,0,2,1,3,0,0,0,2,2,7,50,2,14295,14295,3,10,5,2,0,0,0,1