Crash ID,Degree of crash - detailed,Reporting year,Year of crash,Month of crash,Day of week of crash,Two-hour intervals,Street of crash,Street type,Town,Route no.,School zone location,School zone active,Type of location,Latitude,Longitude,LGA,Urbanisation,Conurbation 1,Alignment,Street lighting,Road surface,Surface condition,Weather,Natural lighting,Signals operation,Other traffic control,Speed limit,Road classification,RUM - code,DCA - code,First impact type,Key TU type,Other TU type,No. of traffic units involved,No. killed,No. seriously injured,No. moderately injured,No. minor-other injured
1372544,1,2024,2024,2,6,10,14,31,646,34609,0,1,9,-33.919538,151.034916,15,0,2,1,3,0,0,3,0,2,6,40,0,395,395,1,19,5,2,0,0,0,1
1372546,2,2024,2024,9,2,9,17,27,115,34609,0,1,1,-34.038488,151.070208,68,0,2,1,3,0,0,0,2,0,7,50,0,4026,4026,8,5,40,1,0,0,1,0
1372547,2,2024,2024,9,1,4,6,10,31,34609,0,1,1,-34.591329,150.855856,62,0,2,1,3,0,0,0,2,0,7,50,0,5929,5929,1,8,5,2,0,0,1,0
1372548,4,2024,2024,10,0,10,22,27,25,34609,0,1,1,-33.874915,151.222928,69,0,2,1,3,0,0,0,4,0,7,40,0,2040,2040,9,17,28,2,0,1,0,0
1372552,2,2024,2024,10,6,6,71,17,5,71,0,1,1,-35.094829,144.81191,51,1,0,1,3,0,0,0,2,0,7,100,2,4026,4026,8,5,40,1,0,0,1,0
1372557,2,2024,2024,9,0,9,387,36,86,69,0,1,9,-33.738806,151.220138,50,0,2,1,3,0,0,0,2,2,7,70,2,14295,14295,3,0,36,2,0,0,1,0
1372558,1,2024,2024,2,2,6,45,1,294,26,0,1,2,-33.938491,150.924957,41,0,2,1,3,0,3,0,2,0,7,60,2,3775,3775,0,5,0,2,0,0,0,1
1372561,1,2024,2024,0,4,6,2,1,126,34609,0,1,1,-33.912106,150.830156,41,0,2,0,3,0,0,3,2,0,7,50,0,248,248,1,9,0,2,0,0,0,1
1372568,2,2024,2024,2,5,9,344,27,168,382,0,1,2,-33.702221,150.835529,7,0,2,1,3,0,0,3,2,0,7,80,2,1282,1282,1,5,5,4,0,0,1,0
1372569,1,2024,2024,1,1,4,20,27,143,34609,0,1,9,-33.701567,151.108863,31,0,2,1,3,0,0,0,2,0,7,50,0,1981,1981,4,0,5,2,0,0,0,1
1372570,1,2024,2024,2,3,5,54,27,38,563,0,1,1,-34.05068,150.974932,68,0,2,1,3,0,0,0,2,0,7,80,2,14295,14295,3,9,0,2,0,0,0,2
1372574,2,2024,2024,9,1,5,6,1,53,34609,0,1,1,-31.091205,150.928549,70,2,1,1,3,0,3,3,2,0,7,40,0,1981,1981,4,0,5,2,0,0,1,0
1372586,2,2024,2024,11,5,6,829,27,157,770,0,1,9,-33.80892,151.008053,54,0,2,1,3,0,0,0,2,2,7,60,2,14295,14295,3,5,22,2,0,0,1,0
1372590,1,2024,2024,2,5,8,126,27,30,168,0,1,10,-34.04781,150.761625,12,0,2,1,3,0,0,0,2,2,7,80,2,14295,14295,3,0,0,2,0,0,0,1
1372594,1,2024,2024,10,6,6,916,17,66,917,0,1,2,-32.8121,151.653193,48,0,2,1,3,0,0,0,2,0,7,90,2,1383,1383,1,8,13,3,0,0,0,1
1372605,2,2024,2024,9,6,6,2261,17,523,2252,0,1,9,-33.917217,150.919791,41,0,2,1,3,0,0,0,2,2,6,60,2,1192,1192,1,5,0,2,0,0,1,0
1372609,1,2024,2024,2,4,8,18,1,112,34609,0,1,10,-33.905144,151.212223,69,0,2,1,3,0,0,0,2,2,7,40,0,5929,5929,1,5,19,2,0,0,0,1
1372610,4,2024,2024,10,3,5,98,27,251,136,0,1,10,-33.779777,150.920462,7,0,2,1,3,0,0,0,2,2,7,60,2,623,623,3,5,0,2,0,1,0,0
1372611,1,2024,2024,9,6,8,3,31,646,34609,0,1,0,-33.916721,151.034307,15,0,2,1,3,0,0,0,2,0,7,40,0,2040,2040,9,0,28,2,0,0,0,1
1372617,1,2024,2024,9,3,5,1052,14,207,928,0,1,3,-33.55408,151.192619,31,0,2,1,0,0,0,0,2,0,7,110,2,14295,14295,3,10,5,3,0,0,0,1
1372625,2,2024,2024,10,0,3,348,17,105,232,0,1,7,-32.599213,149.587109,44,2,1,1,3,0,0,0,1,0,0,50,2,6545,6545,4,10,13,2,0,0,1,0
1372630,1,2024,2024,9,5,4,14,31,131,34609,0,1,7,-36.075933,146.916534,0,2,1,1,3,0,0,0,2,0,0,50,0,14295,14295,3,10,0,2,0,0,0,1
1372631,1,2024,2024,11,4,8,205,27,161,415,0,1,9,-33.728363,151.163749,36,0,2,1,3,0,3,3,2,0,7,60,2,14295,14295,3,5,13,3,0,0,0,1
1372634,1,2024,2024,2,0,8,54,31,28,62,0,1,1,-33.794036,151.196218,77,0,2,1,3,0,0,0,3,0,7,60,2,14295,14295,3,5,5,2,0,0,0,1
1372635,1,2024,2024,10,2,4,15,27,26,18,0,1,1,-31.15263,152.913751,34,1,0,0,3,0,0,0,2,0,7,100,1,14295,14295,3,10,13,2,0,0,0,1
1372651,2,2024,2024,2,6,8,229,14,323,237,0,1,3,-33.771858,150.982475,71,0,2,1,3,0,0,0,2,0,7,100,2,1383,1383,1,16,5,2,0,0,1,0
1372652,1,2024,2024,10,6,6,171,27,73,369,0,1,9,-33.730045,150.719308,55,0,2,1,3,0,0,0,2,2,7,70,2,14295,14295,3,5,13,2,0,0,0,2
1372658,1,2024,2024,9,0,4,10,31,188,17,0,1,1,-33.943887,151.093586,25,0,2,1,3,0,0,0,2,0,7,50,1,3775,3775,0,0,13,3,0,0,0,1
1372661,2,2024,2024,2,5,7,4,31,41,34609,0,1,1,-35.130953,147.361641,75,2,1,1,3,0,0,0,2,0,7,50,0,14295,14295,3,0,5,3,0,0,1,0
1372663,1,2024,2024,2,5,5,515,14,166,518,0,1,3,-33.946525,150.971796,15,0,2,1,3,0,0,0,2,0,7,100,2,14295,14295,3,5,5,2,0,0,0,1
1372666,1,2024,2024,2,2,6,2,27,1,34609,0,1,1,-35.794664,145.315574,51,1,0,1,3,2,0,0,2,0,7,100,0,1945,1945,5,16,40,1,0,0,0,1
1372667,2,2024,2024,2,2,6,3371,17,11,3342,0,1,2,-29.352627,153.247395,18,1,0,1,3,0,0,0,2,0,7,110,2,9859,9859,8,0,40,1,0,0,3,0
1372668,1,2024,2024,9,6,8,23,27,16,34609,0,1,9,-28.757442,153.375202,39,2,1,0,3,0,3,4,2,0,0,80,0,782,957,5,5,40,1,0,0,0,1
1372675,2,2024,2024,9,4,9,361,23,176,165,0,1,9,-33.965921,151.131238,25,0,2,0,3,0,0,0,4,2,7,40,1,5929,5929,1,9,5,2,0,0,1,0
1372676,1,2024,2024,11,3,5,220,14,78,220,0,1,3,-34.480208,150.824519,80,0,2,1,3,0,0,0,2,0,7,100,2,14295,14295,3,5,5,2,0,0,0,2
1372677,1,2024,2024,9,0,7,135,17,93,136,0,1,9,-36.074819,146.951135,0,2,1,1,3,0,0,0,2,0,7,80,2,1669,1669,3,0,0,2,0,0,0,1
1372681,1,2024,2024,11,1,8,4,1,646,34609,0,1,7,-33.926924,151.026692,15,0,2,1,3,0,0,0,2,0,0,50,0,6545,6545,4,20,5,2,0,0,0,1
1372684,2,2024,2024,10,1,4,110,31,316,34609,0,1,9,-31.438699,152.924481,56,2,1,1,0,0,0,0,2,0,7,50,0,1669,1669,3,0,0,2,0,0,1,0
1372687,1,2024,2024,2,1,4,51,27,44,63,0,1,9,-34.558672,150.844184,62,0,2,1,3,0,0,0,2,2,7,70,2,14295,14295,3,0,0,2,0,0,0,1
1372688,2,2024,2024,9,0,9,119,31,73,207,0,1,10,-33.874246,151.216326,69,0,2,1,3,0,0,0,0,2,7,50,2,14295,14295,3,5,5,2,0,0,1,0
1372691,2,2024,2024,2,6,3,866,17,278,793,1,0,9,-33.786043,151.038445,54,0,2,1,3,0,3,4,2,0,0,60,2,5929,5929,1,5,5,2,0,0,1,0
1372692,2,2024,2024,10,5,3,2209,17,201,2205,0,1,10,-34.866802,150.602038,63,2,1,0,3,0,0,0,1,2,7,70,2,5929,5929,1,5,13,3,0,0,1,1
1372697,1,2024,2024,2,3,11,2261,17,187,2252,0,1,10,-33.88956,150.973286,15,0,2,0,3,0,0,0,0,2,7,70,2,14295,14295,3,10,5,2,0,0,0,1
1372705,1,2024,2024,10,6,11,37,31,198,41,0,1,1,-33.909005,151.10338,15,0,2,1,3,0,0,6,0,0,7,40,1,404,404,8,19,40,1,0,0,0,1
1372706,2,2024,2024,2,2,4,481,17,16,483,0,1,2,-35.638518,145.579736,51,2,1,1,3,0,0,0,2,0,7,50,2,9859,9859,8,10,40,1,0,0,1,0
1372707,1,2024,2024,9,1,7,3,31,438,34609,1,0,1,-33.854315,151.03353,21,0,2,1,3,0,0,0,2,0,7,50,0,941,941,1,5,5,2,0,0,0,1
1372712,2,2024,2024,9,6,3,3371,17,19,3342,0,1,9,-33.384311,151.355591,16,2,2,0,3,0,0,0,2,0,7,60,2,323,323,1,10,5,2,0,0,1,0
1372729,2,2024,2024,9,0,5,2209,17,40,2205,0,1,9,-35.051909,150.576227,63,1,0,1,3,0,0,0,2,0,15,100,2,2852,2852,4,5,5,2,0,0,1,0
1372740,1,2024,2024,9,4,4,117,1,115,121,0,1,9,-34.035439,151.068612,68,0,2,1,3,0,0,0,2,0,0,60,1,926,926,4,5,0,3,0,0,0,1
1372746,1,2024,2024,2,5,9,2261,17,443,2252,0,1,1,-33.888979,151.060822,15,0,2,1,3,0,0,0,2,0,7,70,2,14295,14295,3,9,5,2,0,0,0,2
1372750,4,2024,2024,9,1,10,10,27,15,34609,0,1,1,-28.835336,153.501661,2,2,1,1,3,0,3,4,0,0,7,80,0,9859,9859,8,0,40,1,0,1,0,0
1372753,2,2024,2024,2,1,7,361,31,226,382,0,1,9,-33.767092,150.832801,7,0,2,1,3,0,0,0,2,0,7,60,2,1669,1669,3,5,0,2,0,0,1,0
1372757,1,2024,2024,9,0,7,2209,17,166,2205,0,1,10,-33.902893,151.179445,32,0,2,1,3,0,0,0,2,2,7,40,2,623,623,3,10,13,2,0,0,0,1
1372758,2,2024,2024,9,5,9,14,27,91,44,0,1,1,-33.980773,150.884755,13,0,2,0,3,0,0,0,3,0,7,60,1,3775,3775,0,5,5,2,0,0,1,1
1372759,2,2024,2024,10,3,4,866,17,77,793,0,1,10,-33.730782,151.081153,31,0,2,1,3,0,0,0,2,2,7,70,2,14295,14295,3,9,5,2,0,0,1,0
1372770,1,2024,2024,9,6,5,45,27,304,96,0,1,1,-33.911417,151.164551,32,0,2,1,3,0,0,0,2,0,7,50,2,1192,1192,1,10,0,2,0,0,0,1
1372771,2,2024,2024,10,0,8,55,27,179,34609,0,1,7,-33.762767,150.719876,55,0,2,1,0,0,0,0,2,0,0,50,0,5929,5929,1,0,5,2,0,0,1,0
1372772,2,2024,2024,10,3,5,229,14,100,237,0,1,3,-33.801264,151.144681,77,0,2,1,3,0,0,0,2,0,7,80,2,1282,1282,1,21,36,2,0,0,1,0
1372774,1,2024,2024,10,6,4,2209,17,76,2205,0,1,1,-35.371424,150.467526,63,2,1,1,3,0,0,0,2,0,7,60,2,14295,14295,3,5,0,2,0,0,0,1
1372783,4,2024,2024,2,0,6,31,27,21,33,0,1,1,-33.580654,150.684998,29,2,2,0,3,0,0,0,2,0,7,60,1,782,957,5,30,40,1,0,1,0,0
1372788,1,2024,2024,10,5,10,106,27,46,106,0,1,10,-33.926015,150.866399,41,0,2,1,3,0,0,0,0,2,7,70,2,14295,14295,3,0,5,2,0,0,0,1
1372796,1,2024,2024,10,2,8,3371,17,5,3342,0,1,2,-29.696527,153.12384,18,1,0,1,3,0,0,0,2,0,7,110,2,4026,4026,8,5,40,1,0,0,0,1
1372799,2,2024,2024,2,1,4,137,31,143,34609,0,1,1,-33.699051,151.101556,31,0,2,1,3,0,0,0,2,0,7,50,0,1981,1981,4,5,5,2,0,0,1,0
1372800,1,2024,2024,2,5,3,100,27,127,100,0,1,1,-33.852076,150.850799,24,0,2,0,3,0,0,0,2,0,7,80,2,323,323,1,5,5,2,0,0,0,1
1372812,1,2024,2024,2,3,8,44,31,204,4,0,1,7,-33.894014,150.928401,24,0,2,1,3,0,0,0,2,0,0,50,1,6545,6545,4,0,0,2,0,0,0,1
1372822,1,2024,2024,2,6,5,232,36,134,331,0,1,2,-33.980003,150.802736,12,0,2,1,3,0,0,0,2,0,7,80,2,14295,14295,3,5,0,3,0,0,0,1
1372828,1,2024,2024,9,4,7,2209,17,157,2205,0,1,2,-34.008257,151.104358,68,0,2,1,3,0,0,0,2,0,7,70,2,1391,1391,1,0,13,2,0,0,0,1
1372835,1,2024,2024,2,1,7,9,1,187,34609,0,1,1,-33.891616,150.980905,15,0,2,1,3,0,0,0,2,0,7,50,0,1391,1391,1,0,5,2,0,0,0,1
1372836,1,2024,2024,10,0,9,23,31,163,74,0,1,7,-33.860578,151.103994,14,0,2,1,3,0,0,0,2,0,0,50,1,14295,14295,3,9,36,2,0,0,0,1
1372837,2,2024,2024,10,1,4,280,10,92,240,0,1,2,-33.880054,150.966396,24,0,2,1,3,0,0,0,2,0,7,60,2,1383,1383,1,8,36,2,0,0,1,0
1372845,1,2024,2024,2,5,2,2261,17,44,2252,0,1,2,-35.247167,147.761996,75,1,0,1,3,0,0,0,1,0,7,110,2,1089,1089,7,5,40,1,0,0,0,2
1372846,2,2024,2024,9,6,11,2209,17,88,2205,0,1,9,-33.984026,151.1139,25,0,2,1,3,0,0,0,0,2,7,70,2,5929,5929,1,5,0,2,0,0,1,0
1372847,1,2024,2024,10,6,8,80,31,204,187,0,1,9,-33.882189,151.121576,32,0,2,1,3,0,0,0,2,0,7,50,2,5929,5929,1,10,19,2,0,0,0,1
1372855,2,2024,2024,9,2,5,16,1,646,118,0,1,1,-33.933999,151.026963,15,0,2,0,3,0,3,4,2,0,7,60,1,1192,1192,1,0,0,2,0,0,1,0
1372856,2,2024,2024,10,5,5,158,27,46,207,0,1,2,-33.87827,151.23483,81,0,2,0,3,0,3,4,2,0,7,60,2,1957,4009,8,9,40,1,0,0,1,0
1372857,2,2024,2024,10,1,9,10,27,8,27,0,1,2,-33.701902,150.784963,7,0,2,1,0,0,0,0,0,0,7,80,1,4026,4026,8,5,40,1,0,0,1,0
1372868,1,2024,2024,2,5,8,2209,17,130,2205,0,1,2,-34.450547,150.848578,80,0,2,1,3,0,0,0,2,0,7,60,1,1282,1282,1,0,27,2,0,0,0,1
1372872,1,2024,2024,9,1,10,330,23,293,112,0,1,10,-33.941759,151.239581,59,0,2,1,2,0,0,0,0,2,7,50,2,941,941,1,10,5,2,0,0,0,1
1372873,2,2024,2024,2,6,10,1,27,8,34609,0,1,1,-34.373023,147.056098,51,1,0,0,3,0,0,0,0,0,7,100,0,1850,1463,5,10,40,1,0,0,1,0
1372880,2,2024,2024,2,2,6,10,27,25,80,0,1,1,-32.991053,151.713303,37,0,2,0,3,0,0,0,2,0,7,60,1,3775,3775,0,0,0,2,0,0,1,0
1372900,2,2024,2024,2,5,8,192,31,316,120,1,0,9,-33.922827,151.239976,59,0,2,1,3,0,0,0,2,0,7,50,2,1282,1282,1,0,27,2,0,0,1,0
1372903,2,2024,2024,2,6,7,3371,17,63,3342,0,1,7,-33.238731,151.499436,16,2,2,1,3,0,0,0,2,0,0,60,2,6545,6545,4,5,5,2,0,0,1,0
1372909,4,2024,2024,2,4,11,17,1,646,11,0,1,9,-33.924399,151.034288,15,0,2,1,2,0,0,0,0,2,7,60,1,5929,5929,1,10,5,2,0,1,0,1
1372915,1,2024,2024,9,2,8,283,27,197,702,1,0,9,-33.94941,151.080924,25,0,2,1,3,0,0,0,2,2,7,60,2,14295,14295,3,33,5,3,0,0,0,1
1372917,1,2024,2024,9,6,5,2,31,159,34609,1,0,1,-33.812369,151.088355,61,0,2,1,3,0,0,0,2,0,7,50,0,1981,1981,4,0,5,2,0,0,0,1
1372922,1,2024,2024,9,3,7,7,27,43,34609,0,1,9,-33.697507,151.299452,50,0,2,1,3,0,0,0,2,0,0,50,0,14295,14295,3,5,5,2,0,0,0,1
1372934,2,2024,2024,2,1,8,8,27,9,34609,0,1,9,-33.011134,151.665004,37,0,2,1,3,0,0,0,2,0,15,60,0,775,775,4,0,5,2,0,0,1,0
1372935,2,2024,2024,10,2,0,1,27,10,34609,0,1,1,-34.434909,150.478589,78,2,1,1,3,0,0,0,0,0,7,50,0,9859,9859,8,5,40,1,0,0,1,0
1372940,1,2024,2024,10,6,7,44,31,160,260,0,1,1,-33.112698,151.478879,37,0,2,1,1,0,0,0,2,0,7,60,2,14295,14295,3,9,5,2,0,0,0,1
1372951,4,2024,2024,10,2,6,3371,17,207,3342,0,1,1,-33.597897,151.169227,31,0,2,0,0,0,0,0,2,0,7,60,2,2585,4009,8,5,40,1,0,1,0,0
1372959,2,2024,2024,9,1,5,3,31,49,34609,0,1,1,-33.719718,151.298501,50,0,2,1,3,0,0,0,2,0,7,50,0,1669,1669,3,10,36,3,0,0,1,0
1372960,4,2024,2024,9,4,6,387,27,204,331,0,1,1,-33.941585,151.134589,4,0,2,1,0,0,0,0,2,0,7,60,2,3775,3775,0,0,35,3,0,1,0,0
1372964,2,2024,2024,2,2,5,80,27,316,120,0,1,10,-33.91318,151.242146,59,0,2,1,3,0,0,0,2,1,7,50,2,14295,14295,3,5,5,2,0,0,1,0
1372965,1,2024,2024,9,2,5,2261,17,64,2252,1,0,2,-33.886273,151.070197,67,0,2,1,3,0,0,3,2,0,7,60,2,1192,1192,1,5,5,2,0,0,0,1
1372968,2,2024,2024,9,6,7,5,31,215,34609,0,1,1,-35.111955,147.368602,75,2,1,1,3,0,0,0,2,0,7,50,0,14295,14295,3,5,5,2,0,0,1,0
1372969,2,2024,2024,2,1,10,293,31,228,34609,0,1,1,-34.744549,149.704,26,2,1,1,3,0,0,0,0,0,7,50,0,9859,9859,1,34,5,3,0,0,1,0
1372972,4,2024,2024,2,0,5,52,27,188,53,0,1,9,-33.94611,151.102251,25,0,2,1,3,0,0,0,2,0,7,50,1,489,489,8,5,40,1,0,1,0,0
1372978,1,2024,2024,10,1,4,109,27,460,106,0,1,1,-33.831478,150.96613,21,0,2,1,3,0,0,0,2,0,7,60,1,14295,14295,3,0,5,2,0,0,0,1
1372994,1,2024,2024,10,3,7,3371,17,39,3342,0,1,7,-33.251991,151.489358,16,2,2,0,3,0,0,0,2,0,0,70,2,14295,14295,3,0,5,2,0,0,0,1
1372997,1,2024,2024,9,1,7,2126,17,323,2149,0,1,2,-33.789206,150.855511,7,0,2,1,3,0,0,0,2,0,16,80,2,1391,1391,1,30,41,2,0,0,0,1
1373000,1,2024,2024,9,6,8,29,31,93,34609,0,1,10,-36.073702,146.940733,0,2,1,1,3,0,0,0,3,0,0,50,0,6545,6545,4,10,5,2,0,0,0,1
1373004,1,2024,2024,2,1,3,866,17,110,793,0,1,9,-33.752927,151.047823,71,0,2,0,3,0,0,0,2,2,7,70,2,515,515,1,0,0,2,0,0,0,1
1373005,2,2024,2024,10,2,10,35,31,15,262,0,1,10,-32.918074,151.738496,48,0,2,1,3,0,0,0,0,0,15,60,2,14295,14295,3,5,5,2,0,0,1,0
1373008,2,2024,2024,9,6,9,17,31,128,34609,0,1,1,-33.626679,150.805417,29,2,2,1,3,0,0,0,2,0,7,50,0,945,945,5,33,40,1,0,0,1,0
1373019,2,2024,2024,2,0,5,1104,14,142,962,0,1,3,-33.827614,151.000685,54,0,2,1,3,0,0,0,2,0,7,90,2,1192,1192,1,9,5,2,0,0,1,0
1373020,1,2024,2024,3,4,9,134,10,69,133,0,1,10,-33.819304,151.021981,54,0,2,1,3,0,0,0,2,2,7,70,2,623,623,3,8,13,2,0,0,0,1
1373028,1,2024,2024,9,6,8,8,27,169,34609,0,1,9,-28.639266,153.631537,10,2,1,0,3,0,0,0,4,0,7,50,0,4552,5151,8,34,40,1,0,0,0,1
1373034,4,2024,2024,9,2,8,18,27,239,33,0,1,1,-34.042677,151.133501,68,0,2,1,3,0,0,0,2,0,7,60,1,1981,1981,4,0,0,2,0,1,0,0
1373047,1,2024,2024,9,0,3,134,10,36,133,0,1,2,-33.803076,151.024465,54,0,2,0,3,0,0,0,2,0,7,90,2,14295,14295,3,0,5,2,0,0,0,1
1373048,2,2024,2024,2,0,2,125,31,438,563,0,1,10,-33.85134,151.037067,21,0,2,1,3,0,0,0,0,2,7,70,2,5929,5929,1,0,5,2,0,0,1,0
1373052,2,2024,2024,2,6,3,137,31,98,34609,0,1,1,-30.986193,150.256825,51,2,1,1,3,0,0,0,2,0,7,50,0,9859,9859,1,10,0,2,0,0,1,0
1373059,1,2024,2024,10,0,5,1,18,3,34609,0,1,1,-33.030731,147.903475,53,1,0,1,3,0,3,4,2,0,7,100,0,1945,1945,5,15,40,1,0,0,0,1
1373085,1,2024,2024,2,5,7,3,31,187,34609,0,1,9,-33.795651,150.987282,54,0,2,1,3,0,0,0,2,0,7,50,0,14295,14295,3,10,0,3,0,0,0,1
1373086,1,2024,2024,9,5,4,251,27,29,212,0,1,2,-33.754793,151.271452,50,0,2,1,3,0,3,0,2,0,7,70,2,1282,1282,1,33,5,2,0,0,0,1
1373094,1,2024,2024,9,6,4,1104,14,323,962,0,1,3,-33.798243,150.855467,7,0,2,1,3,0,0,0,2,0,7,100,2,14295,14295,3,21,10,2,0,0,0,1
1373101,1,2024,2024,5,3,6,3,27,10,3,0,1,9,-35.353924,145.711124,51,1,0,1,3,0,0,0,2,0,0,100,1,926,926,4,0,2,2,0,0,0,1
1373102,1,2024,2024,2,2,6,177,31,314,208,0,1,7,-33.860285,150.927606,24,0,2,1,3,0,0,0,2,0,0,60,1,515,515,1,0,0,2,0,0,0,1
1373105,4,2024,2024,9,2,3,81,31,133,80,0,1,1,-33.926654,151.012324,15,0,2,1,3,0,3,4,2,0,7,60,1,4026,4026,1,5,0,3,0,1,0,0
1373114,4,2024,2024,10,4,4,308,14,169,311,0,1,3,-33.764428,150.846064,7,0,2,1,3,0,0,0,2,0,7,100,2,9859,9859,8,30,40,1,0,1,0,0
1373120,2,2024,2024,11,5,6,34,31,35,18,0,1,9,-33.817244,151.205306,77,0,2,1,3,0,0,0,2,0,7,50,1,2852,2852,4,5,5,2,0,0,1,0
1373132,1,2024,2024,9,2,8,13,27,193,34609,1,0,10,-33.788496,151.075565,61,0,2,1,2,0,0,0,2,2,7,50,0,14295,14295,3,0,0,2,0,0,0,1
1373138,1,2024,2024,11,3,5,69,31,445,59,0,1,9,-33.872008,151.046599,21,0,2,1,3,0,0,0,2,0,7,60,1,1391,1391,1,5,0,2,0,0,0,1
1373143,1,2024,2024,2,0,11,8,27,8,12,0,1,1,-33.863249,151.202962,69,0,2,1,3,0,0,0,0,0,7,40,1,14295,14295,3,0,5,2,0,0,0,1
1373148,1,2024,2024,11,4,10,5,2,134,34609,0,1,7,-33.996659,150.793124,12,0,2,1,3,0,0,0,0,0,0,50,0,1981,1981,4,0,0,2,0,0,0,2
1373149,1,2024,2024,2,5,8,84,10,39,80,0,1,9,-34.315072,150.92296,80,0,2,1,3,0,0,0,2,0,15,50,2,2852,2852,4,30,5,2,0,0,0,1
1373155,2,2024,2024,10,4,7,103,27,94,563,0,1,10,-33.830151,151.049728,54,0,2,1,3,0,0,0,2,2,7,70,2,14295,14295,3,30,0,2,0,0,1,0
1373159,2,2024,2024,9,5,6,36,27,30,36,0,1,9,-34.029037,150.818155,13,0,2,1,3,0,0,0,2,2,7,60,1,5929,5929,1,0,0,2,0,0,1,0
1373160,1,2024,2024,11,3,3,2261,17,74,2252,0,1,3,-34.061939,150.785199,13,0,2,0,3,0,3,0,2,0,7,110,2,782,957,5,5,40,1,0,0,0,1
1373162,1,2024,2024,9,0,6,3371,17,147,3342,0,1,2,-33.750498,151.146904,36,0,2,0,3,0,0,0,2,0,7,60,2,14295,14295,3,10,5,2,0,0,0,1
1373164,2,2024,2024,9,1,11,106,27,46,106,0,1,2,-33.927784,150.873478,41,0,2,1,3,0,0,0,0,0,7,70,2,1383,1383,1,0,5,2,0,0,1,1
1373168,2,2024,2024,2,4,6,171,23,99,34609,1,0,2,-33.889397,151.276075,76,0,2,1,1,0,0,0,2,0,7,40,0,387,387,1,16,40,2,0,0,1,0
1373182,2,2024,2024,10,6,5,77,12,45,331,0,1,10,-34.276617,150.576502,79,2,2,1,3,0,0,0,2,0,15,80,1,6545,6545,4,30,5,2,0,0,1,0
1373183,2,2024,2024,9,3,10,3371,17,13,3342,0,1,1,-32.946164,151.727697,48,0,2,0,3,0,0,0,4,0,7,70,2,4552,5151,8,9,40,1,0,0,1,0
1373191,4,2024,2024,9,1,2,1,10,22,34609,0,1,9,-33.818585,150.930347,21,0,2,0,3,0,0,0,0,0,7,50,0,3775,3775,0,5,0,2,0,1,0,0
1373200,1,2024,2024,9,3,11,68,31,41,168,0,1,7,-34.053628,150.697889,12,0,2,0,3,0,0,0,0,0,0,50,1,1850,777,5,16,40,1,0,0,0,1
1373201,2,2024,2024,2,6,6,1052,14,108,928,0,1,3,-33.307981,151.401145,16,1,2,1,3,2,3,4,2,0,7,110,2,14295,14295,3,8,12,2,0,0,1,0
1373205,1,2024,2024,10,0,6,8,31,35,34609,0,1,10,-31.078711,152.842265,34,2,1,1,3,0,0,3,2,2,7,50,0,14295,14295,3,5,5,2,0,0,0,1
1373207,2,2024,2024,9,1,8,2126,17,218,2149,0,1,10,-33.773136,150.786628,55,0,2,1,3,0,0,0,0,2,7,60,2,14295,14295,3,5,5,2,0,0,1,0
1373213,1,2024,2024,2,6,3,500,27,646,799,0,1,9,-33.93425,151.025917,15,0,2,1,3,0,3,4,1,0,7,60,2,14295,14295,3,5,5,3,0,0,0,1
1373216,1,2024,2024,9,4,8,515,14,197,518,0,1,3,-33.940945,151.083049,15,0,2,1,3,0,0,0,2,0,7,80,2,14295,14295,3,0,13,2,0,0,0,1
1373217,1,2024,2024,5,3,5,23,10,19,174,0,1,1,-32.940037,151.482214,17,1,0,1,3,0,0,0,2,0,7,90,2,14295,14295,3,9,0,2,0,0,0,1
1373220,2,2024,2024,9,3,6,120,36,43,148,0,1,1,-30.464037,152.997873,6,2,1,0,3,0,0,0,2,0,7,60,2,4552,5151,8,5,40,1,0,0,1,0
1373223,1,2024,2024,9,3,8,866,17,54,793,0,1,9,-33.723448,151.091276,31,0,2,0,3,0,0,0,2,2,7,70,2,14295,14295,3,10,5,2,0,0,0,2
1373230,2,2024,2024,9,0,6,86,27,83,65,0,1,9,-29.725833,152.93939,18,2,1,1,3,0,0,0,2,0,0,50,1,2852,2852,4,10,5,2,0,0,1,0
1373237,1,2024,2024,2,5,4,3371,17,131,3342,0,1,2,-33.786484,151.178468,36,0,2,1,3,0,0,0,2,0,7,60,2,238,238,9,5,28,2,0,0,0,1
1373263,2,2024,2024,11,4,11,361,7,28,34609,0,1,1,-34.012172,151.065121,68,0,2,0,3,0,0,0,0,0,7,50,0,4552,5151,1,0,0,3,0,0,1,0
1373267,2,2024,2024,10,0,8,481,17,113,483,0,1,9,-29.451944,149.852818,51,2,1,0,3,0,0,0,2,0,0,80,2,2852,2852,4,29,13,2,0,0,1,0
1373276,2,2024,2024,9,5,9,26,27,243,160,0,1,1,-33.962022,150.899432,41,0,2,0,3,0,0,0,3,0,7,60,2,1669,1669,3,5,5,3,0,0,1,0
1373280,1,2024,2024,9,2,4,387,27,91,331,1,0,1,-33.963156,151.083483,25,0,2,1,3,0,0,0,2,0,7,60,2,1391,1391,1,0,5,3,0,0,0,1
1373283,4,2024,2024,9,6,2,20,23,252,34609,0,1,1,-33.937515,150.884831,41,0,2,1,3,0,0,0,0,0,7,50,0,9859,9859,1,5,10,2,0,1,0,0
1373292,2,2024,2024,10,2,7,6,27,4,34609,0,1,1,-32.062728,152.510376,43,2,1,0,3,0,0,0,2,0,7,70,0,782,957,5,0,40,1,0,0,1,0