Crash ID,Degree of crash - detailed,Reporting year,Year of crash,Month of crash,Day of week of crash,Two-hour intervals,Street of crash,Street type,Town,Route no.,School zone location,School zone active,Type of location,Latitude,Longitude,LGA,Urbanisation,Conurbation 1,Alignment,Street lighting,Road surface,Surface condition,Weather,Natural lighting,Signals operation,Other traffic control,Speed limit,Road classification,RUM - code,DCA - code,First impact type,Key TU type,Other TU type,No. of traffic units involved,No. killed,No. seriously injured,No. moderately injured,No. minor-other injured
1373296,4,2024,2024,1,0,6,2261,17,443,2252,0,1,9,-33.892453,151.056076,15,0,2,1,3,0,0,0,2,0,0,70,2,775,775,4,0,10,2,0,1,0,0
1373300,1,2024,2024,8,1,3,1104,14,161,962,0,1,3,-33.876408,151.153797,32,0,2,0,3,0,0,0,2,0,7,90,2,1383,1383,1,8,0,2,0,0,0,1
1373303,2,2024,2024,9,5,4,44,27,23,126,0,1,9,-32.76665,151.813979,57,2,1,1,3,0,0,0,2,0,15,80,2,2852,2852,4,10,0,2,0,0,1,0
1373311,1,2024,2024,9,0,4,222,27,11,34609,0,1,1,-35.344033,148.671284,66,1,0,1,3,0,0,0,2,0,7,100,0,1089,1089,7,16,40,1,0,0,0,1
1373335,2,2024,2024,2,6,9,71,17,61,71,0,1,10,-35.528519,144.959014,51,2,1,1,3,0,0,0,0,0,0,50,2,6545,6545,4,5,5,2,0,0,1,0
1373336,2,2024,2024,9,6,9,168,10,387,260,0,1,2,-33.946094,151.17351,4,0,2,1,0,0,3,3,4,0,7,60,2,14295,14295,3,0,0,2,0,0,1,0
1373343,2,2024,2024,2,3,11,104,27,150,140,0,1,6,-33.924914,151.227724,59,0,2,0,3,0,0,0,0,2,9,60,2,1957,4009,8,5,40,1,0,0,1,0
1373345,2,2024,2024,9,2,4,5,18,73,34609,1,0,7,-33.704153,150.711124,55,0,2,0,3,0,0,3,2,0,0,50,0,1282,1282,1,10,27,2,0,0,1,0
1373347,2,2024,2024,2,6,6,108,31,69,34609,0,1,1,-28.55439,153.502149,10,2,1,1,3,0,0,0,2,0,7,50,0,4026,4026,1,5,5,4,0,0,1,0
1373350,2,2024,2024,9,4,6,72,27,193,56,0,1,10,-33.796564,151.065263,61,0,2,0,1,0,0,0,2,2,7,60,2,1282,1282,1,15,5,2,0,0,1,0
1373351,4,2024,2024,10,3,7,21,27,16,34609,0,1,1,-33.549862,150.695847,29,2,2,1,1,0,0,0,2,0,7,60,0,9859,9859,8,30,40,1,0,1,0,0
1373352,4,2024,2024,2,0,8,3,27,133,34609,0,1,9,-34.505735,150.793198,80,0,2,0,1,0,0,0,2,0,7,50,0,4552,5151,1,22,5,2,0,1,0,0
1373354,2,2024,2024,9,4,6,7,1,33,34609,0,1,1,-35.123055,147.329111,75,2,1,1,0,0,0,0,2,0,7,50,0,1109,787,1,0,13,2,0,0,2,0
1373360,2,2024,2024,9,2,8,11,31,433,19,0,1,10,-33.283113,149.096251,52,2,1,1,1,0,3,4,2,2,7,40,2,6545,6545,4,5,13,2,0,0,2,0
1373364,2,2024,2024,2,6,9,6,31,219,34609,0,1,1,-32.907612,151.676061,48,0,2,1,1,0,0,0,2,0,7,50,0,9859,9859,1,5,5,2,0,0,1,0
1373365,4,2024,2024,10,6,11,8,31,387,140,0,1,1,-33.920305,151.179629,4,0,2,1,0,0,0,0,0,0,7,60,2,9859,9859,8,5,40,1,0,1,0,0
1373366,4,2024,2024,10,0,4,515,14,243,518,0,1,3,-33.951427,150.880481,41,0,2,0,1,0,3,4,2,0,7,100,2,204,204,1,8,5,2,0,1,0,0
1373368,4,2024,2024,9,5,7,92,27,143,34609,0,1,1,-33.878265,151.103517,9,0,2,1,1,0,0,0,2,0,7,40,0,941,941,1,0,18,2,0,1,0,0
1373371,1,2024,2024,10,2,10,293,27,91,44,0,1,7,-33.994918,150.875928,13,0,2,1,2,0,0,0,0,0,0,60,1,6545,6545,4,22,5,2,0,0,0,1
1373373,1,2024,2024,2,1,8,5,27,370,34609,0,1,1,-34.063148,150.814068,13,0,2,1,0,0,0,0,2,0,7,60,0,1192,1192,1,33,27,2,0,0,0,1
1373374,4,2024,2024,11,5,8,22,31,237,45,1,0,9,-33.873228,150.959055,24,0,2,1,1,0,3,0,2,2,7,60,1,5929,5929,1,0,5,2,0,1,0,0
1373377,1,2024,2024,10,0,6,6,31,175,34609,1,0,10,-33.772524,151.082426,54,0,2,0,1,0,0,0,2,2,7,50,0,256,256,4,0,36,3,0,0,0,1
1373379,2,2024,2024,2,3,10,3371,17,63,3342,0,1,7,-33.238745,151.499246,16,2,2,1,2,0,0,0,0,0,0,60,2,6545,6545,4,5,5,2,0,0,1,1
1373381,4,2024,2024,11,2,6,35,27,11,49,0,1,1,-31.448353,150.646284,51,1,0,1,0,0,0,0,2,0,7,100,1,9859,9859,8,5,40,1,0,1,0,0
1373382,2,2024,2024,2,4,8,36,27,172,34609,0,1,9,-32.764646,151.583609,42,2,1,1,0,0,0,0,2,0,15,50,0,5929,5929,1,0,0,3,0,0,1,1
1373383,1,2024,2024,2,3,4,2209,17,40,2205,0,1,1,-35.028722,150.579135,63,1,0,0,1,0,0,0,2,0,7,100,2,380,714,5,10,40,1,0,0,0,1
1373384,4,2024,2024,2,1,0,145,31,70,34609,1,0,7,-32.90394,151.721623,48,0,2,1,2,0,3,3,0,0,0,50,0,9859,9859,1,15,5,2,0,1,0,0
1373385,1,2024,2024,2,2,5,10,27,13,31,0,1,1,-35.959348,149.566635,58,2,1,0,0,2,0,0,2,0,7,60,1,3775,3775,0,16,12,2,0,0,0,1
1373386,2,2024,2024,2,3,1,2,18,105,34609,0,1,9,-32.718221,151.53025,42,2,1,1,1,0,0,0,0,0,7,50,0,4026,4026,8,5,40,1,0,0,1,0
1373387,2,2024,2024,9,6,8,2,18,12,34609,0,1,1,-36.803134,149.707044,5,1,0,0,0,2,0,3,2,0,7,100,0,2585,4009,8,5,40,1,0,0,1,0
1373388,2,2024,2024,9,6,8,5,31,134,34609,0,1,9,-33.519992,151.320119,16,2,2,1,0,0,0,0,2,0,7,50,0,6545,6545,4,0,27,2,0,0,1,0
1373391,2,2024,2024,9,4,5,3371,17,23,3342,0,1,2,-32.996872,151.686407,37,0,2,1,1,0,0,3,2,2,9,70,2,14295,14295,3,10,5,3,0,0,2,0
1373392,4,2024,2024,10,3,0,177,22,239,176,0,1,2,-34.035316,151.113708,68,0,2,0,2,0,0,0,0,0,7,60,2,4552,5151,8,5,40,2,0,1,0,0
1373393,2,2024,2024,2,5,7,6,27,21,34609,0,1,1,-33.248647,151.457588,16,2,2,1,0,0,0,0,2,0,7,50,0,3775,3775,0,17,0,2,0,0,1,0
1373395,1,2024,2024,2,0,8,3,10,463,34609,0,1,1,-30.284646,153.097255,19,2,1,0,0,0,0,0,3,0,7,50,0,3775,3775,0,10,0,2,0,0,0,1
1373396,4,2024,2024,9,3,7,3371,17,29,3342,0,1,2,-31.807198,152.638671,43,1,0,1,0,0,0,0,2,0,7,110,2,4026,4026,8,9,40,1,0,1,0,0
1373397,1,2024,2024,2,3,10,2,27,23,34609,0,1,1,-34.603772,150.844305,62,0,2,1,2,0,0,0,0,0,7,60,0,9859,9859,8,10,40,1,0,0,0,1
1373398,2,2024,2024,11,3,5,128,27,363,133,0,1,10,-33.757055,150.686247,55,0,2,1,1,0,0,0,2,2,7,60,2,14295,14295,3,16,0,2,0,0,1,0
1373401,1,2024,2024,2,3,4,82,27,5,34,0,1,1,-28.527238,153.154147,51,2,1,0,0,0,0,0,2,0,7,80,1,2585,4009,8,16,40,1,0,0,0,1
1373404,4,2024,2024,1,3,7,157,17,25,158,0,1,1,-33.728155,148.820143,51,1,0,0,0,0,3,4,2,0,7,100,2,1850,1463,5,16,40,1,0,1,0,0
1373408,2,2024,2024,9,1,6,127,27,48,103,0,1,1,-32.914154,151.747653,48,0,2,1,1,0,0,0,2,0,7,60,1,1109,787,1,5,5,2,0,0,1,0
1373409,1,2024,2024,2,4,9,194,31,155,34609,0,1,7,-33.135464,148.17437,53,2,1,1,1,0,0,0,2,0,0,40,0,4026,4026,8,10,40,1,0,0,0,1
1373413,2,2024,2024,10,4,5,59,10,89,34609,0,1,10,-33.896096,151.239073,59,0,2,1,0,0,0,0,2,0,15,30,0,6545,6545,4,0,27,2,0,0,1,0
1373415,2,2024,2024,9,3,10,194,31,56,34609,0,1,10,-33.855387,151.180597,32,0,2,1,2,0,0,0,0,0,9,40,0,2040,2040,9,5,28,2,0,0,1,0
1373417,2,2024,2024,2,0,8,13,27,6,34609,0,1,1,-33.706948,149.793289,51,2,1,0,0,0,3,4,2,0,7,80,0,2585,4009,8,0,40,1,0,0,1,0
1373420,4,2024,2024,9,6,3,150,27,197,415,0,1,9,-33.787668,151.125604,61,0,2,1,1,0,0,0,2,2,7,70,2,395,395,1,29,19,2,0,1,0,0
1373423,4,2024,2024,9,1,4,213,17,20,213,0,1,9,-29.549831,153.156195,18,2,1,0,0,0,0,0,2,0,0,80,2,6545,6545,4,5,10,2,0,1,1,0
1373425,4,2024,2024,10,0,5,3,31,179,34609,0,1,9,-31.898591,152.455968,43,2,1,1,0,0,0,0,2,0,0,60,0,1669,1669,3,5,0,2,0,1,1,0
1373427,2,2024,2024,9,0,9,13,27,193,34609,0,1,1,-33.794993,151.10169,61,0,2,1,1,0,3,4,2,0,7,50,0,14295,14295,3,5,5,2,0,0,1,0
1373428,4,2024,2024,2,2,3,1,27,3,34609,0,1,1,-31.863075,151.454776,73,1,0,1,0,2,0,0,1,0,7,100,0,9859,9859,8,0,40,1,0,1,0,0
1373429,4,2024,2024,9,0,5,55,36,6,43,0,1,1,-32.402628,150.366422,46,1,0,0,0,0,3,4,2,0,7,100,1,3775,3775,0,16,13,2,0,1,0,0
1373431,2,2024,2024,10,3,9,5,31,90,34609,0,1,10,-33.88804,151.237064,81,0,2,1,2,0,0,0,3,0,0,50,0,6545,6545,4,5,5,2,0,0,1,0
1373435,1,2024,2024,10,5,8,71,17,43,71,0,1,10,-36.099971,144.752948,51,2,1,1,1,0,0,3,2,0,0,50,2,6545,6545,4,10,0,3,0,0,0,2
1373437,4,2024,2024,11,1,11,296,27,283,293,0,1,2,-33.831865,151.003282,21,0,2,1,2,0,0,0,0,0,7,70,2,1383,1383,1,5,5,2,0,1,0,0
1373438,1,2024,2024,9,1,6,2126,17,438,2149,0,1,2,-33.843327,151.039557,21,0,2,1,1,0,0,0,2,0,7,60,2,1282,1282,1,5,0,2,0,0,0,1
1373440,2,2024,2024,10,3,11,5,6,75,34609,0,1,9,-32.773951,151.635372,42,2,1,1,1,0,0,0,0,0,7,50,0,9859,9859,1,0,13,3,0,0,1,0
1373445,4,2024,2024,9,6,8,916,17,11,917,0,1,1,-32.487408,151.098321,64,1,0,1,0,0,3,4,2,0,7,100,2,3775,3775,0,9,0,2,0,1,0,0
1373451,2,2024,2024,9,5,10,2261,17,75,2252,0,1,10,-33.886493,151.111472,9,0,2,1,2,0,0,0,0,2,9,60,2,5929,5929,1,0,5,4,0,0,1,0
1373452,4,2024,2024,11,3,8,12,27,32,11,0,1,1,-32.772124,152.076452,57,2,1,1,1,0,0,0,3,0,7,80,0,9859,9859,1,0,23,2,0,1,0,0
1373453,2,2024,2024,9,0,11,55,31,172,34609,0,1,1,-32.757974,151.584104,42,2,1,1,2,0,3,0,0,0,7,50,0,404,404,8,5,40,1,0,0,1,0
1373454,4,2024,2024,9,2,6,125,27,57,123,0,1,9,-33.348503,151.431357,16,2,2,1,0,0,0,0,2,0,2,70,2,591,591,1,17,13,2,0,1,0,0
1373455,4,2024,2024,2,2,9,1,27,10,34609,0,1,1,-30.167942,153.183841,19,2,1,1,0,0,0,0,2,0,7,50,0,9859,9859,1,5,41,2,0,1,0,0
1373458,4,2024,2024,10,4,2,2209,17,70,2205,0,1,9,-34.026812,151.084787,68,0,2,1,2,0,0,0,0,2,7,70,2,5929,5929,1,9,5,2,0,1,0,0
1373459,1,2024,2024,10,6,9,2,1,168,34609,0,1,1,-33.686615,150.8169,7,0,2,1,1,0,0,0,3,0,7,50,0,340,340,9,5,28,2,0,0,0,1
1373460,1,2024,2024,9,0,6,115,27,81,114,0,1,9,-33.888879,151.257544,81,0,2,0,1,0,0,0,2,2,7,50,2,14295,14295,3,0,5,2,0,0,0,1
1373461,2,2024,2024,10,0,4,134,10,363,133,0,1,2,-33.804554,151.024423,54,0,2,0,1,0,0,0,2,0,7,70,2,1383,1383,1,5,35,2,0,0,1,0
1373463,2,2024,2024,9,5,0,475,10,100,268,0,1,10,-33.889323,150.882905,24,0,2,1,2,0,0,0,0,2,7,70,2,6545,6545,4,9,22,2,0,0,1,0
1373464,1,2024,2024,9,1,9,49,31,69,34609,0,1,1,-33.82613,151.015803,54,0,2,1,0,0,0,6,2,0,7,50,0,2040,2040,9,0,28,2,0,0,0,1
1373465,1,2024,2024,10,3,3,32,31,30,34609,0,1,1,-31.056378,151.051623,70,2,1,0,0,0,0,0,2,0,7,50,0,4552,5151,8,5,40,1,0,0,0,1
1373466,4,2024,2024,9,5,6,2126,17,283,2149,0,1,10,-33.827598,151.004833,54,0,2,0,1,0,0,0,2,2,7,60,2,14295,14295,3,5,19,2,0,1,0,0
1373471,2,2024,2024,9,2,9,59,27,271,17,1,0,1,-33.939133,151.018617,15,0,2,1,0,0,0,0,2,0,7,60,2,5929,5929,1,0,5,2,0,0,1,0
1373473,1,2024,2024,10,5,7,19,27,609,34609,0,1,1,-33.768649,150.89152,7,0,2,1,1,0,0,0,2,0,7,50,0,1981,1981,4,5,25,2,0,0,0,6
1373475,2,2024,2024,10,6,8,3,31,157,34609,0,1,1,-33.806639,151.01314,54,0,2,1,0,0,0,3,2,0,7,50,0,941,941,1,5,12,2,0,0,1,0
1373477,2,2024,2024,9,4,9,8,27,20,34609,0,1,9,-32.950905,151.577272,37,0,2,1,1,0,0,0,2,0,0,80,0,5929,5929,1,5,5,2,0,0,1,1
1373478,4,2024,2024,2,0,8,8,27,58,34609,1,0,1,-33.239948,151.380644,16,2,2,0,0,0,0,0,2,0,7,60,0,2585,4009,8,5,40,1,0,1,0,0
1373481,1,2024,2024,2,6,6,105,27,174,109,0,1,1,-33.861619,150.923618,24,0,2,1,1,0,0,0,2,0,7,60,1,1981,1981,4,5,5,2,0,0,0,1
1373483,2,2024,2024,9,4,3,43,22,125,34609,0,1,1,-33.865834,151.082709,67,0,2,1,0,0,0,0,2,0,7,50,0,9859,9859,1,0,25,2,0,0,1,0
1373484,4,2024,2024,2,5,8,133,31,120,34609,1,0,1,-32.182994,152.518247,43,2,1,1,1,0,0,0,2,0,7,50,0,4026,4026,8,0,40,2,0,1,0,1
1373486,4,2024,2024,2,0,4,13,27,438,34609,0,1,7,-33.86043,151.023667,21,0,2,1,1,0,0,0,2,0,0,50,0,6545,6545,4,0,0,2,0,1,0,0
1373487,2,2024,2024,9,1,8,48,10,19,121,0,1,9,-31.413035,152.8244,56,2,1,1,0,0,0,0,2,0,15,80,1,5929,5929,1,0,0,3,0,0,1,0
1373490,2,2024,2024,2,2,10,13,27,35,34609,0,1,1,-32.12805,152.421928,43,2,1,0,0,2,0,0,0,0,7,80,0,418,714,5,10,40,1,0,0,1,0
1373496,4,2024,2024,2,3,5,59,10,89,34609,0,1,10,-33.904124,151.235844,59,0,2,0,1,0,0,0,2,0,15,30,0,515,515,1,5,27,2,0,1,0,0
1373497,1,2024,2024,9,3,9,117,27,73,702,0,1,2,-33.831904,151.088248,14,0,2,0,2,0,0,0,0,0,7,70,2,368,368,9,10,28,2,0,0,0,1
1373501,4,2024,2024,9,1,3,2,27,14,34609,0,1,1,-33.143748,151.586034,16,2,2,1,1,0,0,0,1,0,7,50,0,1089,1089,7,16,40,1,0,1,0,0
1373502,2,2024,2024,2,6,3,17,31,460,106,0,1,1,-33.833742,150.991649,21,0,2,1,0,0,0,0,2,0,7,60,1,2040,2040,9,5,28,2,0,0,1,0
1373503,2,2024,2024,2,3,1,344,27,168,382,0,1,1,-33.684072,150.819631,7,0,2,1,0,0,3,0,0,0,7,80,2,3775,3775,0,5,5,2,0,0,5,0
1373505,4,2024,2024,9,1,3,222,27,19,34609,0,1,7,-33.692797,150.885368,7,0,2,1,0,0,0,0,2,0,0,60,0,1945,1945,5,16,40,1,0,1,0,0
1373507,2,2024,2024,2,3,9,153,27,290,147,0,1,1,-33.949018,151.111309,4,0,2,1,0,0,0,0,2,0,7,60,2,1192,1192,1,5,25,2,0,0,2,0
1373509,4,2024,2024,9,0,10,9,31,463,34609,0,1,1,-30.301718,153.115842,19,2,1,1,2,0,0,0,0,0,7,50,0,1945,1945,5,15,40,1,0,1,0,0
1373510,2,2024,2024,10,5,6,128,27,25,133,0,1,7,-33.865082,150.640368,55,0,2,1,1,0,0,0,2,0,0,60,2,14295,14295,3,5,19,2,0,0,1,0
1373511,4,2024,2024,2,4,8,255,27,160,260,0,1,9,-33.092691,151.497719,37,0,2,1,1,0,0,0,2,0,15,60,2,1669,1669,3,10,0,3,0,2,2,0
1373513,4,2024,2024,9,5,3,92,31,70,48,0,1,9,-32.727837,151.546068,42,2,1,0,1,0,3,3,2,0,0,50,1,3775,3775,0,10,18,2,0,2,0,0
1373514,4,2024,2024,10,6,9,80,27,316,50,0,1,9,-33.907209,151.23279,59,0,2,1,1,0,0,0,2,2,7,60,2,63,63,4,10,12,2,0,1,0,0
1373518,2,2024,2024,2,0,8,213,17,10,213,0,1,1,-29.576932,152.195614,51,1,0,0,1,0,0,0,2,0,7,100,2,1259,5151,8,5,40,1,0,0,1,1
1373521,2,2024,2024,2,0,3,2,31,198,34609,0,1,1,-33.908944,151.113037,15,0,2,1,0,0,0,0,2,0,7,50,0,84,84,8,8,40,1,0,0,1,0
1373522,2,2024,2024,9,2,10,3371,17,28,3342,0,1,2,-28.698924,153.532752,10,1,0,1,0,0,3,4,0,0,7,110,2,9859,9859,8,0,40,1,0,0,1,0
1373523,4,2024,2024,2,4,3,6,27,3,34609,0,1,1,-32.355082,151.032293,64,2,1,1,0,0,0,0,2,0,7,80,0,1089,1089,7,16,40,1,0,1,0,0
1373524,1,2024,2024,10,4,7,12,10,89,34609,1,0,1,-28.214546,153.527496,72,2,1,1,1,0,0,0,2,0,7,60,0,9859,9859,8,5,40,1,0,0,0,1
1373526,4,2024,2024,9,6,3,28,27,38,28,0,1,1,-32.758643,151.866393,57,2,1,1,1,0,0,0,2,0,7,80,1,9859,9859,8,0,40,1,0,1,0,0
1373529,2,2024,2024,9,2,3,293,27,103,172,1,0,10,-32.946611,151.657143,37,0,2,1,0,0,0,0,2,0,0,60,2,1669,1669,3,0,0,3,0,0,1,0
1373533,4,2024,2024,9,4,4,15,27,64,32,0,1,1,-34.38451,150.907302,80,0,2,1,1,0,0,0,2,0,7,50,1,387,387,1,22,12,2,0,1,0,0
1373536,4,2024,2024,9,3,7,3371,17,39,3342,0,1,2,-29.849017,153.047606,18,1,0,0,0,0,0,0,2,0,7,110,2,4552,5151,8,0,40,1,0,2,0,0
1373546,4,2024,2024,2,1,4,8,27,7,228,0,1,9,-32.877737,151.308023,17,2,1,1,0,0,0,0,2,0,15,60,1,256,256,4,29,0,2,0,1,0,0
1373547,4,2024,2024,2,0,5,36,27,14,36,0,1,9,-34.007749,150.794389,13,0,2,0,0,0,0,0,2,0,15,80,1,2852,2852,4,0,5,2,0,1,0,0
1373549,4,2024,2024,9,4,3,1104,14,140,962,0,1,3,-33.791598,150.830736,7,0,2,0,1,0,0,0,2,0,7,110,2,1192,1192,1,9,13,4,0,1,0,1
1373550,2,2024,2024,2,4,11,44,31,20,34609,0,1,1,-33.083674,151.526392,37,0,2,0,0,0,0,0,0,0,7,50,0,1957,4009,8,5,40,1,0,0,1,0
1373551,2,2024,2024,9,5,11,3,10,88,34609,0,1,4,-33.744278,150.854103,7,0,2,0,2,0,0,0,0,0,7,50,0,1850,1463,5,16,40,1,0,0,1,0
1373555,1,2024,2024,9,2,10,2261,17,68,2252,0,1,2,-34.809255,148.899902,82,1,0,0,0,0,0,0,0,0,7,110,2,380,714,5,5,40,1,0,0,0,1
1373558,4,2024,2024,2,4,3,11,27,42,8,0,1,1,-33.64687,151.263154,50,0,2,0,1,0,0,0,2,0,7,80,2,1089,1089,7,16,40,1,0,1,0,0
1373564,4,2024,2024,2,6,3,22,31,215,34609,0,1,10,-35.10605,147.36159,75,2,1,1,0,0,0,0,2,0,15,50,0,6545,6545,4,5,5,2,0,1,2,0
1373577,4,2024,2024,2,1,4,115,27,113,173,0,1,9,-34.375087,150.831061,80,0,2,0,1,0,0,0,2,0,15,100,2,2852,2852,4,0,5,2,0,1,0,0
1373580,2,2024,2024,2,5,7,48,31,35,42,0,1,2,-31.079728,152.835192,34,2,1,1,0,0,0,0,2,0,7,50,1,9859,9859,1,5,5,2,0,0,1,0
1373586,2,2024,2024,2,6,4,126,27,74,168,0,1,10,-34.053689,150.772709,12,0,2,1,1,0,0,0,2,2,7,80,2,6545,6545,4,0,0,2,0,0,1,0
1373600,4,2024,2024,2,1,3,43,27,61,76,0,1,1,-32.923651,151.73316,48,0,2,0,1,0,0,0,2,0,7,60,1,4552,5151,8,16,40,1,0,1,0,0
1373603,2,2024,2024,2,3,8,168,17,18,212,0,1,1,-35.647499,150.144121,23,2,1,0,1,0,0,0,2,0,7,80,2,3775,3775,0,30,0,3,0,0,3,0
1373605,4,2024,2024,2,6,5,63,27,224,605,0,1,2,-33.804982,151.246305,45,0,2,1,1,0,0,0,2,0,7,60,2,1383,1383,1,16,5,2,0,1,0,0
1373614,4,2024,2024,2,2,1,95,27,50,605,0,1,9,-33.624898,151.333997,50,0,2,1,2,0,0,0,0,0,7,60,2,4026,4026,8,30,40,1,0,1,0,1
1373618,2,2024,2024,2,1,8,7,27,1,34609,0,1,1,-33.503599,150.863423,29,2,2,0,0,0,0,0,2,0,7,70,0,4552,5151,8,5,40,1,0,0,1,0
1373619,2,2024,2024,2,4,8,2261,17,70,2252,0,1,2,-34.743716,149.93195,26,1,0,1,0,0,0,0,2,0,7,110,2,1383,1383,1,5,13,2,0,0,1,1
1373623,1,2024,2024,2,1,9,1,1,24,34609,0,1,1,-35.989553,146.0063,51,2,1,1,1,0,0,0,2,0,7,50,0,2040,2040,9,10,28,2,0,0,0,1
1373632,1,2024,2024,9,0,8,92,27,129,244,1,0,1,-33.895788,151.106571,9,0,2,1,1,0,3,4,2,2,9,60,2,2040,2040,9,22,28,2,0,0,0,1
1373654,4,2024,2024,5,1,3,2,31,103,34609,0,1,1,-32.930581,151.659701,37,0,2,0,1,0,0,0,2,0,7,50,0,1259,5151,1,5,0,3,0,1,0,0
1373656,4,2024,2024,11,3,9,2,10,31,34609,1,0,1,-33.926377,150.891524,41,0,2,1,2,0,0,0,0,0,7,50,0,5929,5929,1,5,27,3,0,1,0,0
1373663,1,2024,2024,11,5,5,8,27,121,34609,0,1,1,-28.190929,153.536754,72,2,1,1,1,0,0,0,2,0,7,50,0,1981,1981,4,0,27,2,0,0,0,1
1373680,2,2024,2024,9,2,7,6,27,18,147,0,1,7,-28.687963,153.607729,10,2,1,1,1,0,3,3,2,0,0,50,1,1945,1945,5,22,40,1,0,0,1,0
1373681,1,2024,2024,10,5,6,2261,17,49,2252,0,1,6,-34.742483,149.770228,26,2,1,0,0,0,0,0,2,0,7,80,2,2585,4009,8,5,40,1,0,0,0,1
1373688,1,2024,2024,10,6,5,8,1,115,34609,0,1,1,-33.747822,151.22251,50,0,2,1,1,0,0,0,2,0,7,40,0,368,368,9,5,28,2,0,0,0,1
1373692,2,2024,2024,9,5,9,234,27,323,217,0,1,2,-33.758901,150.992901,71,0,2,0,1,0,0,0,3,0,7,60,2,3775,3775,0,5,0,2,0,0,1,0
1373694,4,2024,2024,10,4,5,1,1,47,34609,0,1,9,-33.778359,151.287492,50,0,2,1,1,0,0,0,2,0,7,50,0,941,941,1,5,0,2,0,1,0,0
1373696,1,2024,2024,2,1,7,54,27,20,563,0,1,1,-34.041435,150.995985,68,0,2,1,1,0,0,0,2,0,7,80,2,14295,14295,3,5,13,5,0,0,0,1
1373698,2,2024,2024,2,2,2,81,17,24,34609,0,1,1,-34.408718,150.525358,78,2,1,1,0,0,0,0,1,0,7,80,0,4026,4026,8,34,40,1,0,0,1,0
1373702,1,2024,2024,9,3,10,22,31,64,61,0,1,7,-33.885217,151.035629,21,0,2,1,2,0,0,0,0,0,0,50,1,14295,14295,3,5,0,2,0,0,0,3
1373705,2,2024,2024,2,5,4,1,31,10,34609,0,1,10,-35.954749,149.144154,65,2,1,1,1,0,0,0,2,0,0,50,0,6545,6545,4,19,0,2,0,0,2,0
1373713,4,2024,2024,10,4,2,85,27,53,145,0,1,2,-33.79911,151.052339,54,0,2,0,2,0,0,0,0,0,7,70,2,4552,5151,8,10,40,1,0,1,0,0
1373733,2,2024,2024,9,4,8,76,27,85,148,0,1,10,-32.934078,151.724721,48,0,2,1,1,0,3,4,2,0,0,60,1,6545,6545,4,21,5,2,0,0,1,0
1373734,4,2024,2024,11,6,6,103,36,6,157,0,1,1,-28.694242,152.990262,51,1,0,0,0,0,0,0,2,0,7,100,2,1957,4009,8,16,40,1,0,1,0,0
1373736,2,2024,2024,9,4,8,95,31,90,34609,0,1,1,-33.888273,151.238092,81,0,2,1,2,0,0,0,2,0,7,50,0,387,387,1,22,5,2,0,0,1,0
1373739,1,2024,2024,9,1,7,1104,14,149,962,0,1,3,-33.816201,150.964151,21,0,2,1,0,0,0,0,2,0,7,90,2,14295,14295,3,5,0,4,0,0,0,1
1373742,2,2024,2024,2,1,8,265,17,24,193,0,1,9,-34.517076,148.164322,20,2,1,0,0,0,0,0,2,0,0,60,2,2852,2852,4,10,0,2,0,0,1,0
1373743,2,2024,2024,9,3,6,512,17,21,441,0,1,9,-31.426497,147.057379,51,1,0,1,0,0,0,0,2,0,7,110,2,323,323,1,10,2,2,0,0,1,0
1373746,4,2024,2024,10,0,10,112,27,92,256,0,1,9,-33.998293,150.8419,13,0,2,1,2,0,0,3,0,2,7,70,2,9859,9859,8,15,40,1,0,1,0,0
1373750,2,2024,2024,2,5,9,46,31,204,34609,0,1,10,-33.900669,150.9438,24,0,2,1,0,0,0,0,2,0,15,50,0,6545,6545,4,0,0,2,0,0,1,0
1373754,1,2024,2024,9,3,6,4,27,30,34609,0,1,1,-34.772723,148.450769,30,2,1,0,0,2,0,3,2,0,7,80,0,1850,1463,5,16,40,1,0,0,0,1
1373755,4,2024,2024,9,6,7,21,1,123,25,0,1,1,-33.904612,151.215489,59,0,2,1,1,0,0,0,2,0,7,50,1,941,941,1,0,18,2,0,1,0,0
1373756,4,2024,2024,2,4,7,33,27,21,260,0,1,1,-33.040973,151.564353,37,0,2,1,1,0,0,0,2,0,7,90,2,1109,787,1,30,13,2,0,1,1,0
1373757,2,2024,2024,9,6,4,478,17,26,480,0,1,1,-33.271403,151.560087,16,2,2,1,1,0,0,0,2,0,7,60,2,9859,9859,8,5,40,1,0,0,1,0
1373758,2,2024,2024,9,0,7,346,17,103,332,0,1,9,-28.814729,153.315023,39,2,1,1,0,0,0,0,2,0,7,60,2,1669,1669,3,5,5,2,0,0,1,0
1373759,4,2024,2024,2,0,3,1,31,72,34609,0,1,1,-33.850403,151.092356,14,0,2,1,1,0,0,0,1,0,7,50,0,387,387,1,22,13,2,0,1,0,0
1373760,2,2024,2024,2,1,4,251,14,79,124,0,1,2,-33.823997,151.208957,49,0,2,1,1,0,0,0,2,0,7,80,2,4026,4026,8,16,40,1,0,0,1,0
1373762,1,2024,2024,9,0,7,194,31,309,34609,0,1,1,-33.814665,151.104829,61,0,2,1,0,0,0,3,2,0,7,50,0,2040,2040,9,10,28,2,0,0,0,1