Crash ID,Degree of crash - detailed,Reporting year,Year of crash,Month of crash,Day of week of crash,Two-hour intervals,Street of crash,Street type,Town,Route no.,School zone location,School zone active,Type of location,Latitude,Longitude,LGA,Urbanisation,Conurbation 1,Alignment,Street lighting,Road surface,Surface condition,Weather,Natural lighting,Signals operation,Other traffic control,Speed limit,Road classification,RUM - code,DCA - code,First impact type,Key TU type,Other TU type,No. of traffic units involved,No. killed,No. seriously injured,No. moderately injured,No. minor-other injured
1373763,2,2024,2024,2,1,4,230,27,84,284,0,1,10,-33.781673,151.113469,61,0,2,1,1,0,0,0,2,2,7,70,2,1192,1192,1,8,5,2,0,0,2,1
1373765,2,2024,2024,9,2,7,18,1,173,115,0,1,1,-33.708159,151.116091,31,0,2,1,1,0,0,0,2,0,7,60,1,3775,3775,0,5,0,3,0,0,2,1
1373766,4,2024,2024,10,1,5,15,27,14,34609,0,1,1,-33.705495,150.771839,7,0,2,1,0,0,0,0,2,0,7,70,0,9859,9859,8,16,40,1,0,1,0,0
1373767,2,2024,2024,2,6,5,53,27,134,51,0,1,10,-33.517161,151.317412,16,2,2,1,1,0,0,0,2,0,0,60,1,2852,2852,4,0,19,2,0,0,1,0
1373769,4,2024,2024,2,4,1,100,27,41,799,0,1,2,-33.905662,151.1342,15,0,2,1,2,0,0,0,0,0,7,60,2,9859,9859,8,16,40,1,0,1,0,0
1373771,4,2024,2024,2,6,4,73,24,17,88,0,1,1,-33.732906,151.246955,50,0,2,1,0,0,0,0,2,0,7,80,2,3775,3775,0,5,5,3,0,2,1,0
1373772,4,2024,2024,9,3,6,10,31,149,34609,0,1,1,-33.824173,150.973723,21,0,2,1,0,0,0,0,2,0,7,50,0,9859,9859,1,5,0,2,0,1,0,0
1373774,4,2024,2024,9,4,10,9,27,4,34609,1,0,1,-31.89729,152.612702,43,2,1,0,0,0,0,0,0,0,7,70,0,3775,3775,0,5,0,2,0,3,0,0
1373775,2,2024,2024,9,2,7,37,27,70,34609,0,1,7,-33.903514,150.994774,15,0,2,1,0,0,0,0,2,0,0,50,0,6545,6545,4,33,18,2,0,0,1,0
1373776,2,2024,2024,9,6,10,478,17,89,480,0,1,9,-33.385697,151.472515,16,2,2,1,2,0,3,0,0,0,15,60,2,2852,2852,4,5,18,2,0,0,1,0
1373778,4,2024,2024,9,3,11,866,17,174,793,0,1,2,-33.86047,150.927724,24,0,2,0,0,0,0,0,0,0,7,70,2,404,404,8,16,40,1,0,1,0,0
1373781,4,2024,2024,9,2,7,71,27,9,69,0,1,1,-36.320602,148.891596,65,1,0,0,0,0,0,0,2,0,7,100,2,1957,4009,8,0,40,1,0,1,0,0
1373783,2,2024,2024,2,6,5,143,31,48,34609,0,1,1,-28.264364,153.572829,72,2,1,0,0,0,0,0,2,0,7,50,0,5929,5929,1,5,0,2,0,0,1,0
1373784,1,2024,2024,9,6,7,110,31,433,34609,0,1,7,-33.276402,149.095156,52,2,1,1,0,0,0,3,2,0,0,50,0,9859,9859,1,9,0,2,0,0,0,1
1373785,2,2024,2024,2,4,7,133,27,219,260,0,1,9,-32.912764,151.661301,48,0,2,1,1,0,0,0,2,0,0,70,2,14295,14295,3,0,5,2,0,0,1,0
1373786,2,2024,2024,2,3,7,387,27,253,331,0,1,9,-33.965082,151.098733,25,0,2,1,1,0,0,0,2,2,9,60,2,2040,2040,9,0,28,2,0,0,1,0
1373787,4,2024,2024,9,4,10,361,23,84,35,0,1,9,-33.887311,150.943315,24,0,2,1,2,0,0,0,0,2,7,60,1,5929,5929,1,0,36,2,0,2,0,0
1373788,2,2024,2024,2,3,2,123,31,67,34609,0,1,9,-33.400714,151.338979,16,2,2,1,2,0,0,0,0,0,0,50,0,9859,9859,8,0,40,1,0,0,1,0
1373789,2,2024,2024,2,3,7,32,27,134,34609,0,1,10,-33.965654,150.810087,12,0,2,1,1,0,0,0,2,0,15,70,0,6545,6545,4,10,0,2,0,0,1,0
1373793,2,2024,2024,9,6,9,78,31,168,382,0,1,10,-33.707069,150.838865,7,0,2,1,0,0,3,3,3,3,7,80,2,1945,1945,5,16,40,1,0,0,1,0
1373794,1,2024,2024,11,3,6,102,31,107,53,0,1,10,-33.880524,151.196561,69,0,2,1,1,0,0,0,2,0,15,40,2,2040,2040,9,5,28,2,0,0,0,1
1373796,4,2024,2024,2,6,7,6,10,10,6,0,1,9,-35.681763,150.216141,23,2,1,1,1,0,0,0,2,0,0,80,1,515,515,1,8,5,2,0,1,0,0
1373798,4,2024,2024,9,3,5,120,36,16,148,0,1,1,-30.424791,152.778393,6,2,1,1,0,0,0,0,2,0,7,50,2,1981,1981,4,30,19,3,0,2,0,0
1373800,4,2024,2024,10,3,4,103,27,149,167,0,1,9,-33.992691,151.131727,25,0,2,1,1,0,0,0,2,2,7,70,2,1945,1945,5,16,40,1,0,1,0,0
1373803,4,2024,2024,2,5,8,89,36,7,6,0,1,1,-33.728798,145.220722,51,1,0,1,0,2,0,0,2,0,7,100,1,945,945,5,10,40,1,0,1,0,1
1373805,4,2024,2024,10,0,7,104,27,443,702,0,1,10,-33.903464,151.064374,15,0,2,1,2,0,0,0,2,2,7,70,2,6545,6545,4,0,13,4,0,2,1,0
1373807,1,2024,2024,2,2,8,16,27,304,34609,0,1,1,-33.908593,151.171849,32,0,2,0,0,0,0,0,2,0,9,50,0,1981,1981,4,5,27,2,0,0,0,1
1373811,1,2024,2024,9,2,5,1,34,3,34609,0,1,1,-35.933332,149.796042,23,1,0,1,0,2,0,0,2,0,7,100,0,9859,9859,8,16,40,1,0,0,0,1
1373816,4,2024,2024,9,3,5,3,27,9,34609,0,1,1,-34.055589,150.854935,13,0,2,0,0,0,0,6,2,0,7,60,0,3775,3775,0,10,0,2,0,1,1,0
1373819,4,2024,2024,9,1,5,3,27,30,34609,0,1,1,-34.859381,147.585271,51,2,1,1,0,0,0,0,2,0,7,50,0,9859,9859,8,5,40,1,0,1,0,0
1373820,2,2024,2024,9,4,0,3371,17,4,3342,0,1,6,-29.422697,153.242062,18,2,1,0,2,0,0,0,0,0,7,60,2,1957,4009,8,5,40,1,0,0,1,0
1373822,4,2024,2024,9,6,4,829,27,165,770,0,1,9,-33.847322,151.151901,14,0,2,1,2,0,3,0,2,2,9,60,2,1391,1391,1,16,5,2,0,1,0,0
1373827,2,2024,2024,9,0,5,21,10,63,34609,0,1,7,-28.193531,153.507481,72,2,1,1,0,0,3,4,2,0,0,50,0,6545,6545,4,9,5,2,0,0,1,0
1373828,4,2024,2024,9,2,7,29,1,126,34609,0,1,10,-33.937974,150.80467,41,0,2,1,1,0,0,3,2,0,0,40,0,6545,6545,4,0,0,3,0,3,2,0
1373829,2,2024,2024,9,1,11,15,27,9,34609,0,1,1,-34.93296,149.936289,26,2,1,0,0,0,0,0,0,0,7,80,0,2585,4009,8,10,40,1,0,0,1,0
1373830,2,2024,2024,2,3,5,512,17,19,441,0,1,1,-32.363341,148.797336,22,1,0,1,0,0,0,0,2,0,7,110,2,9859,9859,8,5,40,1,0,0,1,0
1373835,4,2024,2024,9,5,4,115,27,113,173,0,1,2,-34.363576,150.852616,80,0,2,1,1,0,3,4,2,0,7,80,2,14295,14295,3,16,13,2,0,1,0,0
1373840,2,2024,2024,9,1,5,22,27,10,34609,0,1,1,-33.118522,151.448277,37,0,2,0,0,0,3,4,2,0,7,80,0,4552,5151,8,0,40,1,0,0,1,0
1373843,2,2024,2024,9,0,7,63,27,224,605,0,1,9,-33.814132,151.243817,45,0,2,1,1,0,0,0,2,0,4,60,2,775,775,4,9,0,3,0,0,1,0
1373844,4,2024,2024,9,2,10,3,27,15,34609,0,1,1,-35.226284,146.39737,51,1,0,1,0,0,0,0,0,0,7,100,0,945,945,5,10,40,1,0,1,0,0
1373846,2,2024,2024,9,4,11,19,31,532,34609,0,1,10,-33.866925,151.203396,69,0,2,1,2,0,0,0,0,2,7,40,0,14295,14295,3,10,5,3,0,0,2,0
1373850,2,2024,2024,9,5,5,2261,17,41,2252,0,1,2,-35.001924,148.112361,20,1,0,1,0,0,0,3,2,0,7,110,2,14295,14295,3,0,13,2,0,0,1,1
1373851,2,2024,2024,10,3,6,2261,17,204,2252,0,1,2,-33.903274,150.943374,24,0,2,0,0,0,0,0,2,0,7,70,2,1981,1981,4,5,5,2,0,0,1,0
1373853,4,2024,2024,9,0,11,133,31,5,34609,0,1,1,-35.338741,150.469862,63,2,1,1,2,0,3,4,0,0,7,50,0,941,941,1,5,27,2,0,1,0,0
1373857,2,2024,2024,9,5,5,85,27,53,145,0,1,9,-33.798835,151.046463,54,0,2,1,1,0,0,0,2,2,7,60,2,2852,2852,4,5,5,2,0,0,1,1
1373859,2,2024,2024,2,1,6,14,31,172,34609,0,1,10,-32.755858,151.596957,42,2,1,1,0,0,0,0,2,0,0,50,0,6545,6545,4,17,0,2,0,0,1,0
1373868,2,2024,2024,9,0,2,171,23,99,34609,0,1,9,-33.891363,151.274085,76,0,2,1,2,0,0,0,0,2,7,40,0,14295,14295,3,16,19,2,0,0,1,1
1373869,2,2024,2024,9,1,2,108,27,251,93,0,1,7,-33.779016,150.946544,7,0,2,0,2,0,0,0,0,0,0,60,1,1282,1282,1,5,27,2,0,0,1,0
1373870,2,2024,2024,10,2,8,82,31,11,34609,0,1,10,-33.847301,151.212938,49,0,2,1,1,0,0,0,3,2,7,50,0,186,186,1,0,27,2,0,0,1,0
1373871,4,2024,2024,9,3,4,2209,17,144,2205,0,1,2,-34.073083,151.011736,68,0,2,1,0,0,0,0,2,0,7,70,2,190,190,1,22,36,2,0,1,0,0
1373873,1,2024,2024,10,4,3,18,27,58,34609,0,1,1,-34.046121,151.132823,68,0,2,1,1,0,0,0,2,0,7,50,0,1981,1981,4,10,27,2,0,0,0,1
1373879,2,2024,2024,10,1,6,9,36,12,9,0,1,1,-34.161231,147.610963,51,1,0,1,0,0,0,0,2,0,7,100,1,4026,4026,8,5,40,1,0,0,1,0
1373881,2,2024,2024,9,0,8,119,31,188,140,0,1,9,-33.92824,151.105562,15,0,2,1,0,0,0,0,2,0,7,50,1,14295,14295,3,5,5,2,0,0,1,0
1373884,2,2024,2024,2,0,10,1,27,2,34609,0,1,9,-32.521577,151.797806,51,2,1,0,0,0,0,0,0,0,7,80,0,2585,4009,8,0,40,1,0,0,1,0
1373886,2,2024,2024,2,5,7,20,31,31,34609,0,1,10,-33.504021,151.328279,16,2,2,1,1,0,0,0,2,0,0,50,0,6545,6545,4,30,18,2,0,0,1,0
1373890,4,2024,2024,2,6,5,330,27,108,605,0,1,9,-33.766054,151.269539,50,0,2,1,0,0,0,0,2,2,7,60,2,14295,14295,3,5,27,2,0,1,0,0
1373900,2,2024,2024,10,6,10,916,17,4,917,0,1,1,-29.300659,151.948324,51,1,0,1,0,0,0,0,0,0,7,100,2,1089,1089,7,10,40,1,0,0,1,0
1373901,2,2024,2024,2,4,6,2,22,112,34609,0,1,1,-33.605175,150.818859,29,2,2,1,3,0,0,0,2,0,7,50,0,14295,14295,3,0,5,4,0,0,1,0
1373904,4,2024,2024,9,2,10,1,27,49,28,0,1,2,-33.961752,151.214054,4,0,2,1,0,0,3,3,0,0,7,70,2,14295,14295,3,5,19,2,0,1,0,0
1373907,4,2024,2024,5,5,11,32,27,56,62,0,1,1,-33.805515,151.199181,77,0,2,1,2,0,0,0,0,0,7,60,2,190,190,1,16,12,2,0,1,0,0
1373912,2,2024,2024,11,4,2,3371,17,13,3342,0,1,1,-32.946617,151.727463,48,0,2,0,1,0,3,4,0,0,7,70,2,1957,4009,8,0,40,1,0,0,1,0
1373914,2,2024,2024,10,0,6,7,31,128,34609,0,1,1,-33.626342,150.801059,29,2,2,1,0,0,0,0,2,0,7,50,0,591,591,1,22,5,2,0,0,1,0
1373915,1,2024,2024,11,0,4,1,27,84,34609,1,0,1,-33.76842,151.098958,61,0,2,1,0,0,0,0,2,0,7,50,0,2040,2040,9,5,28,2,0,0,0,1
1373921,4,2024,2024,2,2,7,3,27,6,34609,0,1,1,-32.731809,151.64938,42,2,1,0,0,0,0,0,2,0,7,80,0,4552,5151,8,16,40,1,0,1,0,0
1373925,2,2024,2024,2,0,8,8,27,210,34609,0,1,1,-34.026817,151.117648,68,0,2,1,0,0,0,0,2,0,7,50,0,5929,5929,1,0,19,2,0,0,1,0
1373926,2,2024,2024,10,5,7,153,27,197,147,0,1,10,-33.954952,151.079211,25,0,2,1,0,0,3,0,2,2,7,60,2,5929,5929,1,5,22,2,0,0,1,0
1373928,2,2024,2024,9,2,7,27,27,87,65,0,1,1,-33.695648,150.969556,71,0,2,0,1,0,3,4,2,0,7,60,1,1957,4009,8,5,40,1,0,0,1,0
1373930,1,2024,2024,9,0,1,36,1,126,34609,0,1,1,-33.917776,150.807522,41,0,2,1,0,0,0,0,0,0,7,60,0,9859,9859,8,5,40,1,0,0,0,1
1373931,4,2024,2024,10,2,5,105,27,65,109,0,1,10,-33.872688,150.900041,24,0,2,1,1,0,0,0,2,2,7,60,1,1945,1945,5,16,40,1,0,1,0,0
1373934,2,2024,2024,2,5,3,36,36,3,139,0,1,1,-34.336399,146.174104,28,1,0,1,0,0,3,4,2,0,7,100,2,1109,787,1,9,12,2,0,0,1,0
1373936,4,2024,2024,2,4,9,220,27,251,222,0,1,10,-33.75851,150.955337,7,0,2,1,1,0,0,0,3,2,7,80,2,5929,5929,1,0,19,2,0,1,0,0
1373937,4,2024,2024,10,5,8,115,27,96,46,0,1,9,-34.226211,150.664213,79,2,2,1,1,0,0,0,2,0,0,80,2,5929,5929,1,10,0,2,0,2,0,0
1373938,4,2024,2024,2,6,3,63,10,77,42,0,1,10,-32.950973,151.752523,48,0,2,1,1,0,0,0,2,0,15,50,1,2852,2852,4,5,27,2,0,1,0,0
1373940,1,2024,2024,11,0,7,3371,17,139,3342,0,1,10,-33.840725,151.20851,49,0,2,1,1,0,0,0,2,2,9,60,2,2040,2040,9,10,28,3,0,0,0,2
1373941,4,2024,2024,10,4,6,478,17,35,480,0,1,1,-33.266261,151.5599,16,2,2,0,1,0,0,0,2,0,7,60,2,4552,5151,8,5,40,1,0,1,0,0
1373943,4,2024,2024,2,5,11,2126,17,149,2149,0,1,2,-33.815049,150.966751,21,0,2,1,2,0,0,0,0,0,7,80,2,312,312,2,21,40,1,0,1,0,0
1373944,4,2024,2024,10,2,10,9,27,39,34609,1,0,9,-32.735684,152.109333,57,2,1,1,2,0,0,0,0,2,7,50,0,5929,5929,1,5,5,2,0,2,0,0
1373945,2,2024,2024,10,4,5,1052,27,69,262,0,1,7,-32.906008,151.692943,48,0,2,1,1,0,0,0,2,0,0,40,2,2852,2852,4,10,5,2,0,0,1,1
1373947,4,2024,2024,9,4,5,86,27,12,65,0,1,1,-29.935136,152.728899,18,1,0,0,0,0,0,0,2,0,7,100,1,4552,5151,8,5,40,1,0,1,0,0
1373948,2,2024,2024,9,5,8,69,31,39,34609,0,1,1,-35.318219,148.239663,66,2,1,1,0,0,0,0,2,0,7,50,0,1945,1945,5,16,40,1,0,0,1,0
1373949,2,2024,2024,2,0,9,1,24,55,34609,0,1,7,-35.383362,149.200028,58,2,1,0,0,0,0,0,2,0,0,50,0,3775,3775,0,0,13,2,0,0,1,2
1373951,2,2024,2024,9,2,3,1,27,10,34609,0,1,1,-28.383747,153.391377,72,1,0,0,0,0,3,0,2,0,7,100,0,1957,4009,8,5,40,1,0,0,1,0
1373952,1,2024,2024,2,3,9,1,1,24,34609,0,1,9,-33.961546,150.994237,15,0,2,1,0,0,0,0,2,0,7,50,0,9859,9859,8,0,40,1,0,0,0,1
1373953,2,2024,2024,10,6,3,829,27,165,770,0,1,2,-33.857544,151.1608,14,0,2,1,0,0,0,0,2,0,7,60,2,4026,4026,8,16,40,1,0,0,1,0
1373954,4,2024,2024,2,5,6,60,27,40,167,1,0,10,-34.019054,151.121919,68,0,2,1,1,0,0,0,2,2,7,70,2,14295,14295,3,0,5,3,0,1,1,0
1373955,2,2024,2024,10,3,6,2,1,80,34609,0,1,9,-34.569553,146.394322,51,2,1,1,0,0,0,0,2,0,0,60,0,5929,5929,1,10,5,2,0,0,1,0
1373957,2,2024,2024,10,3,8,916,17,70,917,0,1,7,-32.739434,151.551751,42,2,1,0,1,0,0,0,2,3,0,60,2,5929,5929,1,16,5,2,0,0,1,0
1373958,4,2024,2024,2,4,6,2126,17,140,2149,0,1,10,-33.78741,150.848177,7,0,2,1,1,0,0,0,2,0,15,80,2,2852,2852,4,5,0,2,0,1,1,0
1373960,4,2024,2024,2,5,10,82,31,363,369,1,0,2,-33.752068,150.713121,55,0,2,1,2,0,0,0,0,0,7,70,2,9859,9859,8,5,40,1,0,1,0,0
1373961,2,2024,2024,10,4,5,308,14,62,311,0,1,3,-33.73007,150.857296,7,0,2,1,1,0,0,0,2,0,7,40,2,14295,14295,3,0,5,2,0,0,1,0
1373964,4,2024,2024,9,1,9,481,17,17,483,0,1,1,-33.627048,147.600705,51,2,1,1,0,2,0,0,3,0,7,60,2,14295,14295,3,5,35,2,0,1,0,0
1373965,2,2024,2024,2,4,3,3,27,201,34609,0,1,10,-34.001058,150.858772,13,0,2,1,1,0,0,0,2,0,0,50,0,6545,6545,4,10,12,2,0,0,1,0
1373966,1,2024,2024,2,6,4,17,27,67,65,0,1,7,-33.712795,150.8932,7,0,2,1,0,0,0,0,2,0,0,60,1,6545,6545,4,0,0,2,0,0,0,1
1373967,2,2024,2024,10,6,5,1,31,98,34609,0,1,1,-30.976244,150.248626,51,2,1,1,0,0,0,0,2,0,7,50,0,1981,1981,4,5,12,2,0,0,1,0
1373969,2,2024,2024,2,6,6,103,27,16,98,0,1,1,-33.299727,150.700314,29,1,2,0,0,0,0,0,2,0,7,100,2,1850,1463,5,16,40,1,0,0,1,0
1373973,4,2024,2024,9,1,8,42,27,67,231,0,1,9,-33.40486,151.33826,16,2,2,0,3,0,2,6,2,0,0,60,2,5929,5929,1,0,19,2,0,1,0,0
1373974,1,2024,2024,10,6,0,2261,17,35,2252,0,1,2,-34.980495,148.137753,20,1,0,0,3,0,0,0,0,0,7,110,2,782,957,5,29,40,1,0,0,0,1
1373978,4,2024,2024,9,3,8,60,23,42,34609,0,1,1,-33.659917,151.31894,50,0,2,1,1,0,0,0,2,0,7,50,0,9859,9859,1,0,0,3,0,1,0,0
1373982,2,2024,2024,9,4,10,3371,17,22,3342,1,0,9,-33.832331,151.204094,49,0,2,1,2,0,0,0,3,2,9,60,2,1089,1089,7,22,40,1,0,0,1,0
1373983,4,2024,2024,9,5,7,1052,14,54,928,0,1,3,-33.453379,151.207962,16,1,2,0,0,0,0,0,2,0,7,110,2,1192,1192,1,0,2,2,0,1,1,0
1373984,2,2024,2024,2,4,3,2,31,234,34609,0,1,9,-34.279763,146.041775,28,2,1,1,0,0,0,0,2,0,0,50,0,1669,1669,3,33,27,2,0,0,1,0
1373986,2,2024,2024,8,5,6,79,27,46,159,0,1,10,-33.93821,151.114166,4,0,2,1,1,0,0,0,2,2,7,60,2,14295,14295,3,5,0,2,0,0,1,0
1373988,4,2024,2024,9,2,7,4,23,293,34609,0,1,9,-33.924843,151.059158,15,0,2,1,0,0,0,0,2,0,0,50,0,1945,1945,5,16,40,1,0,1,0,0
1373989,2,2024,2024,9,2,8,31,31,90,34609,0,1,9,-28.233507,153.559942,72,2,1,1,1,0,0,0,2,0,0,50,0,1669,1669,3,10,13,2,0,0,1,0
1373991,1,2024,2024,9,3,5,35,27,6,34609,0,1,1,-28.318498,153.449221,72,2,1,0,0,0,0,0,2,0,7,60,0,782,957,5,16,40,1,0,0,0,1
1373992,2,2024,2024,2,0,6,19,27,42,29,0,1,9,-33.743326,151.284058,50,0,2,0,1,0,0,0,2,0,7,50,1,1669,1669,3,5,18,2,0,0,1,0
1373995,2,2024,2024,2,2,7,5,27,43,34609,0,1,9,-32.179428,152.500224,43,2,1,0,1,0,0,0,2,0,0,50,0,591,591,1,17,0,2,0,0,1,0
1373996,4,2024,2024,2,0,7,14,27,85,34609,0,1,1,-33.90155,150.864577,41,0,2,1,1,0,0,0,2,0,7,50,0,9859,9859,1,16,13,2,0,1,0,0
1373997,2,2024,2024,2,0,11,204,31,95,34609,0,1,9,-34.396094,150.893871,80,0,2,1,2,0,0,0,0,0,7,50,0,4026,4026,1,17,5,2,0,0,1,0
1373998,4,2024,2024,10,2,9,1104,14,460,962,0,1,3,-33.823894,150.987522,21,0,2,1,1,0,0,0,3,0,7,90,2,1945,1945,5,16,40,1,0,1,0,0
1373999,1,2024,2024,2,4,5,43,2,40,42,0,1,7,-33.732444,150.970256,71,0,2,1,1,0,0,0,2,0,0,70,2,2040,2040,9,0,28,2,0,0,0,1
1374004,2,2024,2024,9,2,5,9,27,58,34609,0,1,1,-33.180744,151.319228,16,1,2,0,0,2,0,0,2,0,7,100,0,2585,4009,8,16,40,1,0,0,1,0
1374006,2,2024,2024,2,0,7,123,1,562,34609,0,1,9,-32.24535,148.605563,22,2,1,1,1,0,0,0,2,0,7,50,0,186,186,9,0,26,2,0,0,1,0
1374009,4,2024,2024,2,4,8,2,27,16,34609,0,1,9,-32.783373,149.956294,44,1,0,0,0,0,0,0,2,0,0,100,0,926,926,4,0,13,2,0,2,0,0
1374010,1,2024,2024,9,6,3,26,17,2,13,0,1,9,-29.036202,149.267178,51,1,0,1,0,0,0,0,2,0,0,100,2,6545,6545,4,10,10,2,0,0,0,3
1374014,1,2024,2024,10,1,8,3371,17,108,3342,0,1,2,-33.811576,151.17578,77,0,2,0,2,0,0,0,2,0,7,60,2,340,340,9,5,28,2,0,0,0,1
1374016,1,2024,2024,2,0,7,15,27,56,18,0,1,9,-31.100531,152.851135,34,2,1,1,0,0,0,0,2,0,7,70,1,3775,3775,0,10,40,2,0,0,0,1
1374020,1,2024,2024,2,0,8,79,27,145,159,0,1,1,-33.925618,151.108406,15,0,2,1,1,0,0,0,2,0,7,60,2,1282,1282,1,5,19,2,0,0,0,1
1374021,4,2024,2024,2,3,6,3,34,8,34609,0,1,1,-33.320964,150.117898,40,2,1,1,0,2,0,0,2,0,7,50,0,1945,1945,5,16,40,1,0,1,0,0
1374022,2,2024,2024,2,0,1,1104,14,323,962,0,1,3,-33.795968,150.846473,7,0,2,1,2,0,0,0,0,0,7,100,2,4026,4026,8,9,40,1,0,0,1,0
1374025,4,2024,2024,11,4,8,2126,17,14,2149,0,1,9,-33.727497,150.605379,8,2,2,1,1,0,0,0,2,0,0,80,2,775,775,4,5,19,3,0,1,0,0
1374026,4,2024,2024,6,3,5,14,1,49,18,0,1,1,-33.969573,151.147164,4,0,2,1,1,0,0,0,2,0,7,50,1,1109,787,1,5,27,2,0,1,0,0
1374028,2,2024,2024,9,2,6,21,36,35,34609,0,1,9,-31.055677,152.849983,34,1,0,1,0,0,0,0,2,0,7,100,0,5929,5929,1,10,0,2,0,0,2,0
1374029,2,2024,2024,2,2,0,2126,17,27,2149,0,1,9,-33.712153,150.337929,8,2,2,0,2,0,0,0,0,0,15,80,2,2585,4009,8,0,40,1,0,0,1,0
1374030,4,2024,2024,2,3,9,35,31,44,18,0,1,7,-32.048826,150.851701,73,2,1,1,0,0,0,0,2,0,0,60,1,9859,9859,8,0,40,1,0,1,0,0
1374031,4,2024,2024,9,3,4,128,27,61,133,0,1,1,-33.819745,150.651234,55,0,2,0,0,0,0,0,2,0,7,80,2,14295,14295,3,16,12,2,0,1,0,0
1374032,2,2024,2024,2,3,10,108,31,25,34609,0,1,9,-31.707958,148.658201,51,2,1,1,2,0,0,0,3,0,0,50,0,5929,5929,1,10,13,2,0,0,1,0
1374034,2,2024,2024,2,1,8,2,31,129,34609,0,1,1,-33.934811,151.082007,15,0,2,1,1,0,0,0,2,0,7,50,0,14295,14295,3,0,5,2,0,0,2,0
1374040,2,2024,2024,2,0,7,83,27,169,147,0,1,1,-28.65603,153.616321,10,2,1,1,0,0,0,0,2,0,0,50,1,1981,1981,4,0,19,2,0,0,1,0
1374044,4,2024,2024,9,3,5,205,27,45,415,0,1,9,-33.686367,151.227277,50,0,2,1,0,0,0,0,2,0,0,80,2,5929,5929,1,21,0,2,0,1,1,1
1374045,1,2024,2024,10,3,6,515,14,38,518,0,1,3,-33.943633,151.072037,15,0,2,1,0,0,0,0,2,0,7,100,2,1282,1282,1,29,5,2,0,0,0,2
1374048,4,2024,2024,9,4,8,10,27,346,34609,0,1,1,-33.871923,151.09532,9,0,2,1,1,0,0,0,2,0,7,50,0,368,368,9,0,28,2,0,1,0,0
1374049,2,2024,2024,2,0,3,169,31,108,34609,0,1,2,-28.871285,153.562378,2,2,1,1,1,0,0,0,2,0,9,40,0,591,591,1,18,5,2,0,0,1,0
1374053,2,2024,2024,2,3,1,485,27,52,769,0,1,9,-33.69688,150.927398,7,0,2,0,2,0,0,0,0,2,7,80,2,3775,3775,0,30,5,2,0,0,2,0
1374057,2,2024,2024,2,2,8,6,36,8,34609,0,1,1,-29.393851,153.002712,18,1,0,0,0,0,0,0,2,0,7,100,0,1957,4009,8,0,40,1,0,0,1,0
1374060,2,2024,2024,2,3,7,70,27,17,100,0,1,1,-33.66644,150.652141,8,2,2,0,0,0,0,3,2,0,7,60,2,2585,4009,8,16,40,1,0,0,1,0
1374062,2,2024,2024,2,5,11,344,27,168,382,0,1,2,-33.71747,150.843969,7,0,2,0,2,0,0,0,0,0,7,80,2,1957,4009,8,0,40,1,0,0,1,0
1374064,2,2024,2024,2,2,3,21,31,316,34609,0,1,10,-31.431108,152.904494,56,2,1,1,1,0,0,0,2,0,0,50,0,6545,6545,4,5,27,2,0,0,1,0
1374065,4,2024,2024,9,5,4,1052,31,160,34609,0,1,1,-33.104508,151.492136,37,0,2,1,0,2,0,0,2,0,7,50,0,312,312,2,5,40,1,0,1,0,0
1374070,2,2024,2024,9,0,6,916,17,91,917,0,1,2,-32.808095,151.646212,48,0,2,1,1,0,0,0,2,0,7,90,2,1109,397,1,30,0,2,0,0,1,0
1374071,1,2024,2024,2,4,8,24,31,112,60,0,1,9,-36.066919,146.930833,0,2,1,1,0,0,0,0,3,0,7,60,1,591,591,1,22,0,2,0,0,0,1
1374072,4,2024,2024,9,3,7,1,27,1,34609,0,1,1,-31.853098,152.521309,43,1,0,1,0,0,0,0,2,0,7,100,0,4026,4026,8,8,40,1,0,4,2,0
1374073,2,2024,2024,2,1,6,7,27,175,34609,0,1,1,-33.768876,151.079573,54,0,2,1,1,0,0,0,2,0,7,50,0,1981,1981,4,5,19,2,0,0,1,0
1374074,4,2024,2024,2,5,3,308,14,95,311,0,1,3,-33.740237,150.847516,7,0,2,1,1,0,0,0,2,0,7,80,2,14295,14295,3,10,12,2,0,1,0,0
1374079,1,2024,2024,2,5,5,18,31,166,34609,0,1,7,-33.41407,149.578519,3,2,1,1,1,0,0,0,2,0,0,50,0,1109,397,1,5,0,2,0,0,0,1
1374080,1,2024,2024,2,4,2,4,31,119,34609,0,1,7,-32.766581,151.744743,57,2,1,1,2,0,0,3,1,0,0,50,0,2040,2040,9,33,28,2,0,0,0,1
1374084,4,2024,2024,2,6,4,63,31,73,34609,0,1,1,-33.873764,151.21643,69,0,2,1,1,0,3,4,2,0,7,40,0,1945,1945,5,16,40,1,0,1,0,0
1374086,1,2024,2024,2,5,6,11,27,71,34609,0,1,9,-33.969904,151.079546,25,0,2,1,0,0,0,0,2,0,9,40,0,2040,2040,9,5,28,2,0,0,0,1
1374087,2,2024,2024,2,3,4,114,27,34,228,0,1,1,-33.466337,150.9886,71,0,2,1,0,0,0,0,2,0,7,80,2,1945,1945,5,22,40,1,0,0,1,0
1374089,2,2024,2024,2,2,7,4,27,45,34609,0,1,1,-34.288637,150.58008,79,2,2,1,1,0,3,4,2,0,7,60,0,9859,9859,1,5,4,2,0,0,1,0
1374090,4,2024,2024,9,5,4,485,27,154,769,0,1,9,-33.704311,150.930426,71,0,2,1,1,0,0,3,2,2,7,80,2,14295,14295,3,9,0,4,0,2,0,0