Crash ID,Degree of crash - detailed,Reporting year,Year of crash,Month of crash,Day of week of crash,Two-hour intervals,Street of crash,Street type,Town,Route no.,School zone location,School zone active,Type of location,Latitude,Longitude,LGA,Urbanisation,Conurbation 1,Alignment,Street lighting,Road surface,Surface condition,Weather,Natural lighting,Signals operation,Other traffic control,Speed limit,Road classification,RUM - code,DCA - code,First impact type,Key TU type,Other TU type,No. of traffic units involved,No. killed,No. seriously injured,No. moderately injured,No. minor-other injured
1374099,1,2024,2024,9,6,8,12,10,65,34609,0,1,9,-36.063399,146.975094,0,2,1,1,1,0,0,0,2,0,0,80,0,1192,1192,1,10,27,2,0,0,0,1
1374100,4,2024,2024,2,4,5,153,27,197,147,0,1,10,-33.954952,151.079211,25,0,2,1,1,0,0,0,2,2,7,60,2,2040,2040,9,10,28,2,0,1,0,0
1374106,2,2024,2024,2,2,6,7,31,53,10,0,1,10,-32.241939,148.237837,51,2,1,1,0,0,0,0,2,0,0,50,1,6545,6545,4,0,5,2,0,0,1,0
1374107,2,2024,2024,2,4,6,866,17,314,793,0,1,2,-33.846301,150.951189,21,0,2,1,1,0,0,0,2,0,7,70,2,4026,4026,8,5,40,1,0,0,1,0
1374108,1,2024,2024,9,1,8,6,27,1,34609,0,1,1,-35.231656,148.034017,66,1,0,0,0,0,0,0,2,0,7,100,0,4552,5151,8,5,40,1,0,0,0,1
1374110,4,2024,2024,10,5,4,3371,17,25,3342,0,1,9,-32.669237,151.83426,57,1,0,1,1,0,0,0,2,0,15,100,2,2852,2852,4,0,2,2,0,1,0,1
1374117,2,2024,2024,2,3,0,10,27,6,34609,0,1,9,-33.484182,151.360785,16,2,2,1,2,0,0,0,0,0,0,50,0,9859,9859,8,5,40,1,0,0,1,0
1374119,4,2024,2024,2,1,5,20,31,204,244,0,1,10,-33.889989,151.117231,32,0,2,1,1,0,0,0,2,2,7,50,2,6545,6545,4,9,0,2,0,1,1,0
1374120,4,2024,2024,9,5,5,916,17,16,917,0,1,9,-31.494778,150.86496,51,1,0,0,0,0,0,0,2,0,7,100,2,4552,5151,8,0,40,1,0,1,0,0
1374121,1,2024,2024,10,6,8,334,31,370,256,0,1,9,-34.069908,150.813108,13,0,2,1,0,0,0,0,2,0,15,60,2,1220,1220,9,0,28,2,0,0,0,1
1374122,4,2024,2024,2,4,7,104,27,16,140,0,1,9,-33.925527,151.221741,4,0,2,0,1,0,0,0,2,0,0,60,2,5929,5929,1,9,13,2,0,1,0,0
1374124,2,2024,2024,2,2,8,42,36,5,34609,0,1,1,-36.491295,148.553628,65,1,0,0,0,0,0,0,2,0,7,100,0,4552,5151,8,16,40,1,0,0,1,0
1374126,1,2024,2024,2,0,6,22,27,169,147,0,1,1,-28.671082,153.611999,10,2,1,0,0,0,0,0,2,0,7,50,1,1850,1463,5,33,40,1,0,0,0,1
1374128,2,2024,2024,2,4,3,2261,17,228,2252,0,1,2,-34.776497,149.684625,26,1,0,1,0,0,0,0,2,0,7,110,2,9859,9859,8,30,40,1,0,0,1,0
1374130,4,2024,2024,9,5,3,5,27,16,3,0,1,1,-29.087318,153.426408,60,1,0,0,0,0,3,3,2,0,7,100,1,2585,4009,8,10,40,1,0,1,0,0
1374132,4,2024,2024,6,2,11,101,10,239,35,0,1,5,-34.033473,151.130117,68,0,2,0,2,0,0,0,0,0,0,60,2,2852,2852,4,5,0,2,0,1,1,2
1374134,2,2024,2024,2,1,0,150,27,173,415,0,1,2,-33.782407,151.131387,61,0,2,1,2,0,0,0,0,0,7,70,2,4026,4026,8,5,40,1,0,0,1,0
1374135,4,2024,2024,10,6,6,2209,17,59,2205,0,1,9,-34.333469,150.913313,80,0,2,1,1,0,0,0,2,2,7,60,2,5929,5929,1,10,19,2,0,1,0,0
1374136,4,2024,2024,2,6,9,109,27,100,105,1,0,10,-33.894052,150.89743,24,0,2,1,0,2,0,0,2,2,7,60,2,5929,5929,1,10,5,2,0,1,1,2
1374137,2,2024,2024,2,4,8,6,31,136,34609,0,1,10,-32.930314,151.708372,48,0,2,1,1,0,0,0,2,0,7,50,0,4026,4026,1,5,5,2,0,0,1,1
1374138,2,2024,2024,2,5,0,220,27,46,222,0,1,2,-33.784683,150.970887,54,0,2,1,2,0,0,0,0,0,7,80,2,9859,9859,8,10,40,1,0,0,1,0
1374140,2,2024,2024,2,4,8,1104,14,223,962,0,1,3,-33.806327,150.92245,7,0,2,1,0,0,0,0,2,0,7,100,2,14295,14295,3,9,0,3,0,0,2,0
1374143,1,2024,2024,2,4,3,71,17,43,71,0,1,10,-36.099971,144.752948,51,2,1,1,1,0,0,0,2,0,0,50,2,6545,6545,4,0,13,2,0,0,0,1
1374145,2,2024,2024,2,5,6,1,31,53,34609,0,1,1,-32.232689,148.24121,51,2,1,1,1,0,0,0,2,0,7,50,0,4026,4026,8,5,40,1,0,0,1,0
1374146,2,2024,2024,2,0,6,125,27,46,123,0,1,7,-33.305863,151.408926,16,2,2,0,1,0,0,0,2,0,0,70,2,14295,14295,3,8,5,3,0,0,1,0
1374151,2,2024,2024,2,3,0,143,31,123,181,1,0,2,-33.887054,151.23031,81,0,2,1,2,0,0,0,0,2,9,50,2,4026,4026,8,5,40,1,0,0,1,0
1374154,4,2024,2024,9,1,9,103,27,113,256,0,1,1,-34.239509,150.834993,79,1,2,1,0,0,0,0,2,0,7,90,2,83,83,5,16,40,1,0,1,0,0
1374156,2,2024,2024,9,0,7,9,27,78,34609,0,1,1,-28.325754,153.404873,72,2,1,1,3,0,3,4,2,0,7,50,0,591,591,1,22,0,2,0,0,1,0
1374157,4,2024,2024,9,6,3,118,27,646,118,0,1,9,-33.929005,151.029901,15,0,2,1,0,0,0,0,2,0,7,60,1,9859,9859,8,0,40,1,0,1,0,0
1374159,4,2024,2024,2,0,7,10,27,309,34609,1,0,1,-33.807132,151.124083,61,0,2,1,1,0,0,0,2,0,7,50,0,9859,9859,1,16,13,3,0,1,0,0
1374167,1,2024,2024,10,6,6,32,27,202,563,0,1,10,-33.962396,151.037054,15,0,2,0,2,0,0,0,2,2,7,70,2,14295,14295,3,8,13,2,0,0,0,1
1374172,4,2024,2024,9,5,10,17,2,74,34609,0,1,10,-34.024504,150.770739,12,0,2,1,2,0,0,0,0,2,7,60,0,5929,5929,1,5,5,2,0,1,1,0
1374176,2,2024,2024,2,6,7,73,27,197,34609,0,1,1,-33.789057,151.112951,61,0,2,1,0,0,0,0,2,0,7,50,0,9859,9859,1,5,5,3,0,0,1,0
1374177,2,2024,2024,10,4,4,133,10,7,121,0,1,1,-31.642377,152.80973,56,2,1,1,2,0,0,0,2,0,7,50,1,9859,9859,1,0,12,2,0,0,3,0
1374178,4,2024,2024,2,1,3,330,27,53,605,0,1,2,-33.741986,151.303416,50,0,2,1,0,0,0,0,2,0,7,60,2,1945,1945,5,22,40,1,0,1,0,0
1374181,4,2024,2024,10,5,7,13,25,433,34609,0,1,10,-33.27967,149.102036,52,2,1,1,1,0,0,0,2,0,0,50,0,6545,6545,4,30,5,2,0,1,0,0
1374183,1,2024,2024,9,2,1,9,27,147,34609,0,1,9,-33.871147,150.99301,15,0,2,1,0,0,3,2,0,0,7,50,0,2585,777,8,5,40,1,0,0,0,1
1374185,4,2024,2024,10,1,6,194,31,60,34609,0,1,10,-33.834417,151.146275,51,0,2,1,0,0,0,0,2,0,0,50,0,2040,2040,9,5,28,2,0,1,0,0
1374187,1,2024,2024,9,4,7,133,27,316,34609,0,1,1,-31.447182,152.886041,56,2,1,0,0,0,0,0,2,0,7,50,0,14295,14295,3,5,0,2,0,0,0,1
1374188,4,2024,2024,2,1,6,22,27,7,34609,0,1,1,-34.54673,147.501202,51,1,0,0,0,0,0,0,2,0,7,100,0,782,957,5,29,40,1,0,1,0,0
1374191,4,2024,2024,9,4,6,1052,14,83,928,0,1,3,-33.495106,151.186757,16,1,2,1,0,0,0,3,2,0,7,100,2,4026,4026,8,0,40,1,0,1,0,1
1374194,4,2024,2024,10,2,4,101,10,3,33,0,1,7,-34.036306,151.160224,68,0,2,0,1,0,0,0,2,0,0,70,1,515,515,1,10,27,2,0,1,0,0
1374195,4,2024,2024,2,3,5,55,10,112,47,0,1,10,-33.440007,151.438067,16,2,2,0,1,0,0,0,2,2,7,60,2,6545,6545,4,30,0,3,0,2,0,0
1374197,2,2024,2024,9,4,10,47,31,363,31,0,1,9,-33.820065,151.004657,54,0,2,1,2,0,0,0,0,0,7,60,1,1220,1220,9,5,28,2,0,0,1,0
1374198,2,2024,2024,2,5,6,171,27,89,369,0,1,1,-33.644425,150.782893,55,0,2,1,1,0,0,0,2,0,7,80,2,9859,9859,8,5,40,1,0,0,1,0
1374199,4,2024,2024,9,0,5,40,27,609,24,1,0,10,-33.773429,150.908029,7,0,2,1,1,0,3,3,2,2,6,60,1,5929,5929,1,5,5,2,0,1,0,0
1374200,4,2024,2024,9,1,7,1,31,15,34609,1,0,1,-32.974405,151.611148,37,0,2,1,1,0,0,0,2,0,9,50,0,323,323,1,16,5,3,0,1,0,0
1374201,1,2024,2024,10,6,6,21,31,73,34609,0,1,4,-33.831146,151.086662,14,0,2,0,1,0,0,0,2,0,7,40,0,1192,1192,1,0,27,2,0,0,0,1
1374204,2,2024,2024,2,5,10,265,17,7,193,0,1,1,-34.456596,148.20406,30,1,0,0,0,0,0,0,0,0,7,100,2,4552,5151,8,10,40,1,0,0,1,1
1374206,4,2024,2024,2,0,5,3,18,61,34609,0,1,1,-35.095826,149.179229,82,1,0,1,0,2,0,0,2,0,7,100,0,4026,4026,8,5,40,1,0,1,0,0
1374209,2,2024,2024,2,5,5,103,36,13,157,0,1,1,-28.627674,153.002389,51,2,1,1,0,0,0,0,2,0,7,50,2,1981,1981,4,9,27,2,0,0,2,0
1374211,2,2024,2024,9,2,8,162,31,53,148,0,1,10,-32.927361,151.760721,48,0,2,1,2,0,0,0,2,1,7,50,1,1945,1945,5,16,40,1,0,0,1,0
1374212,4,2024,2024,2,6,10,2,31,204,34609,0,1,1,-33.942355,151.141488,4,0,2,1,2,0,0,0,0,0,7,50,0,1945,1945,5,22,40,1,0,1,0,0
1374213,4,2024,2024,9,6,2,2261,17,35,2252,0,1,3,-34.2104,150.690494,79,1,2,1,1,0,0,0,1,0,7,110,2,14295,14295,3,16,5,2,0,1,0,0
1374219,2,2024,2024,2,3,3,7,27,10,34609,0,1,1,-34.752338,149.637774,26,1,0,1,0,0,0,3,2,0,7,100,0,4026,4026,8,0,40,1,0,0,1,0
1374221,2,2024,2024,9,0,9,79,31,562,34609,1,0,10,-32.249648,148.605864,22,2,1,1,2,0,3,4,3,2,7,50,0,6545,6545,4,10,5,2,0,0,1,0
1374224,2,2024,2024,2,5,9,69,23,8,34609,0,1,1,-34.241484,150.545782,79,2,2,0,1,0,0,0,2,0,7,80,0,4552,5151,8,10,40,1,0,0,1,0
1374225,1,2024,2024,2,5,10,2126,17,226,2149,0,1,9,-33.779959,150.817416,7,0,2,1,2,0,0,3,0,0,0,80,2,775,775,4,0,19,2,0,0,0,1
1374227,2,2024,2024,10,4,4,2,31,129,34609,0,1,1,-33.932949,151.086982,15,0,2,0,1,0,0,0,2,0,7,50,0,1957,4009,1,0,4,2,0,0,1,0
1374228,4,2024,2024,2,1,3,11,31,609,34609,0,1,1,-33.756063,150.913703,7,0,2,1,0,0,0,0,2,0,7,50,0,5929,5929,1,10,5,3,0,1,0,0
1374236,4,2024,2024,2,3,9,14,27,85,34609,0,1,10,-33.903761,150.876196,41,0,2,1,2,0,0,0,2,2,7,50,0,5929,5929,1,5,19,2,0,1,0,0
1374238,4,2024,2024,2,3,6,387,27,290,331,0,1,9,-33.952479,151.122719,4,0,2,1,1,0,0,0,2,2,7,60,2,5929,5929,1,5,19,2,0,1,0,0
1374241,2,2024,2024,2,6,3,2,27,4,34609,0,1,1,-36.345045,149.806291,5,2,1,0,0,0,3,0,1,0,7,80,0,368,368,9,5,28,2,0,0,2,0
1374245,2,2024,2024,2,6,6,9,1,33,34609,0,1,1,-35.123121,147.342408,75,2,1,1,0,0,0,0,2,0,7,50,0,1109,787,1,5,41,2,0,0,1,0
1374249,4,2024,2024,2,2,10,478,17,22,480,0,1,2,-33.335829,151.502559,16,2,2,0,2,0,0,0,0,0,7,50,2,2040,2040,9,34,28,2,0,1,1,0
1374252,4,2024,2024,10,1,7,8,31,172,34609,0,1,9,-32.744729,151.614964,42,2,1,1,0,0,0,0,2,0,7,60,0,2852,2852,4,5,0,2,0,1,0,0
1374253,2,2024,2024,9,5,10,194,31,155,34609,0,1,10,-33.13565,148.173793,53,2,1,1,2,0,0,3,0,0,0,50,0,78,78,8,0,40,1,0,0,1,0
1374255,1,2024,2024,2,4,3,95,27,106,605,0,1,9,-33.67367,151.311612,50,0,2,1,1,0,0,0,2,2,7,60,2,5929,5929,1,5,13,2,0,0,0,1
1374256,2,2024,2024,2,6,7,2,31,11,49,0,1,1,-31.449743,150.646074,51,1,0,1,0,0,0,0,2,0,7,100,1,9859,9859,8,5,40,1,0,0,1,0
1374258,4,2024,2024,9,3,6,3371,17,40,3342,0,1,9,-33.824401,151.187945,38,0,2,0,0,0,0,3,2,2,7,60,2,5929,5929,1,5,13,2,0,1,0,0
1374260,4,2024,2024,10,0,9,2,1,96,34609,0,1,1,-34.233941,150.682705,79,2,2,1,1,0,0,0,2,0,7,50,0,9859,9859,8,5,40,1,0,2,0,0
1374262,1,2024,2024,9,6,8,3,27,18,34609,0,1,1,-33.337877,149.01837,11,2,1,0,0,0,3,4,2,0,7,70,0,4552,5151,8,5,40,1,0,0,0,1
1374272,4,2024,2024,9,1,11,2126,17,247,2149,0,1,10,-33.814535,150.964461,21,0,2,1,2,0,0,0,0,2,7,80,2,5929,5929,1,5,2,3,0,2,1,0
1374278,4,2024,2024,2,1,8,195,27,20,186,0,1,9,-33.93749,150.842183,41,0,2,1,1,0,0,0,2,0,0,70,2,1383,1383,1,0,5,2,0,1,0,0
1374279,2,2024,2024,9,0,5,37,27,25,52,0,1,1,-33.876394,150.61811,79,2,2,1,1,0,0,0,2,0,7,60,1,14295,14295,3,0,12,2,0,0,1,0
1374283,2,2024,2024,2,2,9,53,31,53,34609,1,0,10,-33.84858,150.965242,21,0,2,1,3,0,0,0,2,0,15,50,0,6545,6545,4,5,0,2,0,0,1,0
1374302,2,2024,2024,9,6,11,20,31,36,34609,0,1,1,-33.927731,151.25478,59,0,2,1,0,0,0,0,0,0,7,50,0,237,162,8,16,40,1,0,0,1,0
1374307,2,2024,2024,9,5,10,40,27,160,39,0,1,1,-33.113361,151.47821,37,0,2,1,2,0,3,4,0,0,7,60,1,4026,4026,8,5,40,1,0,0,1,0
1374308,2,2024,2024,9,6,6,10,1,234,139,0,1,9,-34.293676,146.069603,28,2,1,1,0,0,0,0,2,0,0,60,2,1669,1669,3,8,13,2,0,0,1,0
1374309,1,2024,2024,2,2,11,63,17,112,34609,0,1,1,-33.448493,151.434181,16,2,2,0,2,0,0,0,0,0,7,50,0,2585,4009,1,5,0,3,0,0,0,1
1374314,2,2024,2024,9,2,9,2,27,363,34609,0,1,1,-33.728332,150.681865,55,0,2,1,1,0,3,4,2,0,7,70,0,4026,4026,8,5,40,1,0,0,1,0
1374322,2,2024,2024,2,5,7,7,31,107,157,0,1,10,-29.670785,152.936236,18,2,1,1,0,0,3,4,2,0,0,50,2,6545,6545,4,30,22,2,0,0,1,0
1374328,1,2024,2024,2,6,5,2209,17,88,2205,0,1,10,-33.987901,151.111784,25,0,2,1,1,0,0,0,2,2,7,70,2,14295,14295,3,0,0,2,0,0,0,1
1374330,4,2024,2024,9,1,7,28,31,523,34609,1,0,10,-33.920623,150.927302,41,0,2,1,1,0,0,0,2,2,7,40,0,2040,2040,9,0,28,2,0,1,0,0
1374334,4,2024,2024,2,2,9,126,1,226,144,0,1,9,-33.773833,150.815628,7,0,2,1,1,0,0,0,2,2,7,60,2,1220,1220,9,5,28,2,0,1,1,0
1374346,4,2024,2024,2,2,6,5,27,8,34609,0,1,1,-32.878451,151.355898,17,2,1,1,0,2,0,0,2,0,7,50,0,1945,1945,5,16,40,1,0,1,0,0
1374352,4,2024,2024,9,0,6,118,17,1,118,0,1,1,-31.562323,150.697303,51,1,0,1,0,0,0,0,2,0,7,100,2,1109,787,1,0,10,2,0,2,1,0
1374360,2,2024,2024,2,3,11,103,36,9,103,0,1,1,-32.435478,151.967544,43,1,0,0,0,0,3,4,0,0,7,90,1,43,43,3,0,5,2,0,0,1,0
1374365,2,2024,2024,9,5,3,1104,11,532,770,0,1,10,-33.870975,151.203853,69,0,2,1,1,0,0,0,2,2,7,50,2,6545,6545,4,0,0,2,0,0,1,0
1374373,4,2024,2024,9,3,6,8,31,77,34609,0,1,2,-32.941587,151.758664,48,0,2,1,1,0,0,0,2,0,7,40,0,9859,9859,8,16,40,1,0,1,0,0
1374381,4,2024,2024,2,1,6,128,27,26,133,0,1,9,-33.773169,150.669892,55,0,2,1,0,0,0,0,2,2,7,40,2,926,926,4,16,0,2,0,1,0,0
1374394,4,2024,2024,9,6,5,8,27,5,34609,0,1,1,-33.363821,149.111565,52,1,0,1,0,0,0,0,2,0,7,100,0,9859,9859,8,30,40,1,0,1,0,0
1374397,4,2024,2024,9,5,10,3371,17,28,3342,0,1,7,-28.682346,153.533648,10,2,1,0,2,0,0,0,0,0,0,50,2,1850,1463,5,29,40,1,0,1,0,0
1374400,2,2024,2024,2,1,7,481,17,20,483,0,1,1,-30.943698,149.422813,51,1,0,0,0,0,0,0,2,0,7,110,2,4552,5151,8,0,40,1,0,0,1,0
1374404,1,2024,2024,10,4,11,157,17,36,158,0,1,1,-33.525991,149.257195,51,2,1,0,2,0,0,0,0,0,7,50,2,782,957,5,10,40,1,0,0,0,1
1374405,2,2024,2024,9,1,7,98,31,117,84,0,1,2,-28.170906,153.5418,72,2,1,1,1,0,0,0,2,0,9,50,1,2040,2040,9,0,28,2,0,0,1,0
1374411,2,2024,2024,9,1,7,8,27,8,34609,0,1,10,-28.847961,153.356311,39,2,1,1,0,0,0,0,2,0,15,80,0,6545,6545,4,0,40,2,0,0,2,0
1374416,2,2024,2024,2,6,5,30,27,133,34609,0,1,9,-33.931588,151.016587,15,0,2,1,0,0,0,0,2,0,7,50,0,775,775,4,10,0,2,0,0,2,0
1374419,4,2024,2024,2,5,8,39,31,246,99,0,1,1,-33.902975,151.195635,69,0,2,1,0,0,0,0,2,0,7,50,2,1981,1981,4,0,20,2,0,1,0,0
1374421,2,2024,2024,9,6,2,2126,17,80,2149,0,1,10,-33.882844,151.204151,69,0,2,1,2,0,0,0,0,2,7,40,2,9859,9859,8,5,40,1,0,0,1,0
1374424,4,2024,2024,9,3,8,361,31,169,382,0,1,10,-33.770214,150.835065,7,0,2,1,0,0,0,0,2,3,9,60,2,591,591,1,18,0,2,0,1,0,0
1374425,4,2024,2024,10,0,7,9,27,6,10,0,1,1,-36.075165,148.211737,66,2,1,0,0,2,0,0,2,0,7,80,0,782,957,5,16,40,1,0,1,0,0
1374427,2,2024,2024,8,5,8,1052,14,207,928,0,1,3,-33.542013,151.197838,31,0,2,1,1,0,0,0,2,0,7,110,2,4026,4026,8,5,40,2,0,0,1,0
1374432,4,2024,2024,10,4,6,4,27,2,34609,0,1,1,-31.645634,151.06828,73,1,0,0,0,2,0,0,2,0,7,100,0,782,957,5,16,40,1,0,1,0,0
1374433,1,2024,2024,2,6,11,126,1,226,144,0,1,2,-33.770327,150.8163,7,0,2,1,2,0,0,0,0,0,7,60,2,368,368,9,5,28,2,0,0,0,1
1374435,4,2024,2024,10,4,5,2,27,232,34609,0,1,9,-33.696661,150.928503,71,0,2,1,1,0,0,0,2,0,0,50,0,926,926,4,30,5,2,0,1,0,0
1374436,4,2024,2024,9,4,8,387,27,204,331,0,1,1,-33.942986,151.130506,4,0,2,0,0,0,0,0,2,0,7,60,2,2040,2040,9,0,28,2,0,1,0,0
1374439,2,2024,2024,10,5,7,4,27,194,34609,1,0,10,-30.528848,151.671294,1,2,1,1,1,0,0,0,2,0,0,50,0,6545,6545,4,0,0,2,0,0,1,0
1374440,4,2024,2024,9,2,10,348,27,363,88,0,1,7,-33.743375,150.691844,55,0,2,1,2,0,0,0,3,0,0,60,2,9859,9859,8,16,40,1,0,1,0,0
1374443,2,2024,2024,9,0,10,2,27,7,34609,0,1,1,-35.393458,150.30809,63,1,0,0,0,2,0,0,0,0,7,100,0,1259,5151,8,10,40,1,0,0,1,0
1374444,2,2024,2024,9,3,4,3371,17,39,3342,0,1,2,-29.754661,153.049502,18,1,0,1,0,0,0,0,2,0,7,110,2,945,945,5,5,40,1,0,0,1,0
1374445,1,2024,2024,9,5,10,62,31,445,34609,0,1,1,-33.8494,151.050342,21,0,2,1,2,0,0,0,0,0,7,60,0,2040,2040,9,0,28,2,0,0,0,1
1374446,2,2024,2024,2,4,4,4,27,123,34609,0,1,9,-33.802746,148.697338,51,2,1,0,0,0,0,0,2,0,7,80,0,2852,2852,4,10,13,2,0,0,1,1
1374448,4,2024,2024,2,5,3,5,27,30,34609,0,1,1,-32.749197,151.643154,42,2,1,0,1,0,0,0,2,0,7,80,0,4552,5151,8,5,40,1,0,2,0,0
1374451,2,2024,2024,9,1,9,30,31,304,34609,0,1,1,-33.911307,151.153289,32,0,2,1,0,0,0,0,2,0,7,50,0,312,312,2,5,40,1,0,0,1,0
1374453,1,2024,2024,10,6,3,2261,17,10,2252,0,1,2,-34.822468,149.39917,74,1,0,0,0,0,0,1,2,0,7,110,2,2585,4009,8,10,40,1,0,0,0,1
1374454,2,2024,2024,9,5,2,481,17,77,483,0,1,1,-30.191337,149.817864,51,1,0,1,0,0,0,0,1,0,7,110,2,9859,9859,8,0,40,1,0,0,1,0
1374455,2,2024,2024,9,1,3,3371,17,107,3342,0,1,9,-33.269413,151.441435,16,2,2,1,2,0,3,4,1,0,15,70,2,5929,5929,1,0,41,2,0,0,1,0
1374456,2,2024,2024,2,6,7,1,27,18,34609,0,1,9,-28.399203,153.401184,72,2,1,0,1,0,0,0,2,0,7,60,0,3775,3775,0,0,13,2,0,0,2,0
1374457,4,2024,2024,9,5,4,3,31,40,34609,0,1,1,-34.227267,150.565095,79,2,2,1,1,0,0,3,2,0,7,80,0,1109,787,1,10,19,2,0,1,0,0
1374458,2,2024,2024,9,3,5,344,27,88,163,0,1,2,-33.734265,150.850019,7,0,2,1,0,0,0,0,2,0,7,70,2,14295,14295,3,10,0,2,0,0,1,0
1374459,4,2024,2024,2,5,5,3371,17,28,3342,0,1,2,-32.621187,151.962771,43,2,1,1,1,0,0,0,2,0,7,80,2,14295,14295,3,8,0,3,0,1,1,1
1374460,2,2024,2024,2,3,9,6,10,4,34609,0,1,1,-33.740967,151.192384,50,0,2,0,0,0,0,0,2,0,7,50,0,4552,5151,1,5,0,3,0,0,1,0
1374461,4,2024,2024,9,4,8,44,31,82,6,0,1,10,-33.790234,151.265692,50,0,2,1,2,0,0,0,2,2,7,50,1,5929,5929,1,5,0,2,0,1,0,1
1374462,4,2024,2024,9,0,10,255,27,66,172,0,1,10,-32.927008,151.636886,37,0,2,1,2,0,3,4,0,2,7,60,2,5929,5929,1,10,0,2,0,1,0,0
1374463,4,2024,2024,10,1,2,916,17,165,917,0,1,9,-32.325971,150.944527,46,1,0,1,3,0,2,6,0,0,15,100,2,5929,5929,1,10,0,2,0,1,1,0
1374464,4,2024,2024,9,3,10,54,27,284,18,0,1,9,-33.897754,151.027206,15,0,2,1,2,0,3,4,0,0,7,60,1,1945,1945,5,5,40,1,0,1,0,0
1374465,2,2024,2024,9,1,8,89,36,10,19,0,1,1,-28.4414,152.574272,51,1,0,0,0,0,0,0,2,0,7,100,1,782,957,5,29,40,1,0,0,1,0
1374466,2,2024,2024,9,3,9,45,27,232,40,0,1,1,-33.663446,150.891802,7,0,2,1,1,0,0,0,2,0,7,60,2,3775,3775,0,30,5,2,0,0,1,1
1374468,2,2024,2024,9,1,4,334,17,21,308,0,1,1,-31.407231,152.231674,56,1,0,0,0,0,0,0,2,0,7,100,2,3775,3775,0,16,0,2,0,0,1,0
1374469,2,2024,2024,10,4,9,2261,17,23,2252,0,1,3,-34.047063,150.817552,13,0,2,1,1,0,0,0,3,0,7,110,2,14295,14295,3,30,0,2,0,0,1,0
1374470,2,2024,2024,9,2,6,387,27,433,40,0,1,9,-33.326392,149.084749,52,2,1,1,0,0,0,0,2,0,0,80,1,1850,985,5,16,40,1,0,0,1,0
1374475,4,2024,2024,10,2,6,2261,17,47,2252,0,1,2,-35.724863,147.303786,27,1,0,1,0,0,0,0,2,0,7,110,2,14295,14295,3,10,13,3,0,1,0,0
1374476,4,2024,2024,9,4,7,40,27,94,40,0,1,1,-33.883277,150.921359,24,0,2,1,1,0,0,0,2,0,7,60,1,340,340,9,0,28,2,0,1,0,0
1374480,1,2024,2024,2,0,2,2261,17,112,2252,0,1,2,-36.063705,146.942484,0,1,0,1,0,0,0,0,1,0,7,110,2,14295,14295,3,5,2,2,0,0,0,1
1374481,2,2024,2024,2,0,0,47,31,363,31,0,1,10,-33.819387,151.007484,54,0,2,1,2,0,0,0,0,2,6,60,1,6545,6545,4,5,36,2,0,0,1,0
1374484,2,2024,2024,9,0,1,1052,14,21,928,0,1,3,-32.911577,151.560297,37,0,2,1,0,0,3,4,0,0,7,110,2,9859,9859,8,0,40,1,0,0,1,0
1374485,4,2024,2024,2,3,6,7,31,182,34609,0,1,1,-32.834615,151.352925,17,2,1,1,1,0,0,0,2,0,7,50,0,4552,5151,1,5,0,2,0,1,0,0
1374486,1,2024,2024,9,4,3,344,27,363,369,0,1,2,-33.746824,150.71431,55,0,2,1,0,0,0,0,2,0,7,70,2,3775,3775,0,0,0,3,0,0,0,1
1374487,1,2024,2024,9,0,7,1104,14,113,962,0,1,3,-33.783308,150.760104,55,0,2,0,1,0,0,0,2,0,7,110,2,1282,1282,1,8,5,2,0,0,0,1
1374488,4,2024,2024,2,4,3,512,1,57,169,0,1,7,-32.817269,151.483097,17,2,1,1,1,0,0,0,1,0,0,60,2,6545,6545,4,5,19,2,0,1,0,0
1374489,1,2024,2024,2,1,7,35,27,30,34609,0,1,1,-28.329603,153.514798,72,2,1,0,0,0,0,0,2,0,7,60,0,1850,1463,5,16,40,1,0,0,0,1
1374490,1,2024,2024,9,3,7,230,27,84,284,0,1,2,-33.777629,151.107909,61,0,2,1,0,0,0,0,2,0,7,70,2,14295,14295,3,9,19,2,0,0,0,1
1374495,4,2024,2024,2,1,5,62,31,64,34609,0,1,9,-34.383025,150.896182,80,0,2,1,1,0,0,0,2,0,7,50,0,2852,2852,4,5,5,3,0,1,0,1
1374496,4,2024,2024,2,0,6,2261,17,14,2252,0,1,3,-34.444763,150.395305,78,1,0,1,0,0,3,4,2,0,7,110,2,14295,14295,3,29,12,2,0,1,0,0
1374499,4,2024,2024,10,5,3,2261,17,35,2252,0,1,3,-34.382637,150.524553,78,1,0,1,1,0,3,3,1,0,7,110,2,1192,1192,1,5,10,2,0,1,0,0
1374501,2,2024,2024,2,0,6,8,27,8,24,0,1,1,-33.607051,151.130092,31,0,2,0,0,0,0,0,2,0,7,40,1,1957,4009,8,5,40,2,0,0,1,0
1374506,2,2024,2024,9,0,2,22,1,166,34609,0,1,1,-33.938343,150.989177,15,0,2,1,2,0,0,0,0,0,7,50,0,9859,9859,1,5,5,2,0,0,1,0
1374508,4,2024,2024,2,1,3,308,14,86,311,0,1,3,-33.745257,150.939027,7,0,2,1,0,0,0,0,2,0,7,100,2,14295,14295,3,10,12,3,0,2,0,0
1374509,2,2024,2024,9,2,10,3371,17,463,3342,0,1,2,-30.297836,153.112695,19,2,1,0,2,0,3,4,0,0,7,60,2,380,714,5,5,40,1,0,0,1,0
1374510,2,2024,2024,2,0,4,866,17,94,793,1,0,9,-33.885733,150.92332,24,0,2,1,0,0,0,0,2,0,0,70,2,14295,14295,3,0,0,3,0,0,1,1