Crash ID,Degree of crash - detailed,Reporting year,Year of crash,Month of crash,Day of week of crash,Two-hour intervals,Street of crash,Street type,Town,Route no.,School zone location,School zone active,Type of location,Latitude,Longitude,LGA,Urbanisation,Conurbation 1,Alignment,Street lighting,Road surface,Surface condition,Weather,Natural lighting,Signals operation,Other traffic control,Speed limit,Road classification,RUM - code,DCA - code,First impact type,Key TU type,Other TU type,No. of traffic units involved,No. killed,No. seriously injured,No. moderately injured,No. minor-other injured
1374511,4,2024,2024,9,2,4,2,27,37,34609,0,1,1,-31.099928,151.409604,51,1,0,0,0,2,0,0,2,0,7,100,0,782,957,5,16,40,3,0,1,1,0
1374513,1,2024,2024,2,1,8,2,6,316,34609,0,1,1,-31.457752,152.913203,56,2,1,1,0,0,0,0,2,0,7,50,0,591,591,1,22,41,2,0,0,0,1
1374514,2,2024,2024,2,2,3,10,31,90,34609,0,1,9,-28.233507,153.559942,72,2,1,1,0,0,0,0,2,0,0,50,0,150,150,4,10,5,2,0,0,1,0
1374515,2,2024,2024,9,6,11,5,31,609,34609,0,1,1,-33.794375,150.903055,7,0,2,1,2,0,0,0,0,0,7,50,0,9859,9859,1,5,25,2,0,0,1,0
1374516,4,2024,2024,9,4,4,15,23,29,34609,0,1,1,-33.728865,150.726042,55,0,2,0,0,0,0,0,2,0,7,50,0,3775,3775,0,5,25,2,0,1,0,1
1374517,4,2024,2024,9,2,8,6,27,316,34609,0,1,1,-33.922368,151.243523,59,0,2,1,0,0,0,0,2,0,7,50,0,312,312,2,15,40,1,0,1,0,0
1374520,2,2024,2024,9,0,3,14,10,13,34609,0,1,10,-33.63899,150.9044,71,0,2,1,1,0,0,0,2,0,15,40,0,6545,6545,4,5,25,4,0,0,1,0
1374523,2,2024,2024,9,1,5,7,4,40,34609,0,1,1,-34.02,150.765972,12,0,2,1,1,0,0,0,2,0,7,50,0,1109,397,1,10,19,2,0,0,1,0
1374524,2,2024,2024,11,4,8,2,1,13,34609,0,1,9,-33.871538,151.225668,69,0,2,1,0,0,0,0,3,0,7,50,0,323,323,1,22,5,2,0,0,1,0
1374526,4,2024,2024,2,3,6,65,10,132,148,0,1,1,-34.148904,151.030622,68,0,2,0,0,0,3,4,2,0,7,60,2,1957,4009,8,5,40,1,0,1,1,0
1374530,1,2024,2024,2,6,5,14,31,29,148,0,1,10,-32.929891,151.77313,48,0,2,1,1,0,0,0,2,2,7,30,1,1945,1945,5,15,40,1,0,0,0,1
1374532,4,2024,2024,2,1,9,293,31,160,260,0,1,9,-33.104923,151.499784,37,0,2,1,0,0,0,0,2,0,7,60,2,1669,1669,3,29,5,2,0,1,0,0
1374533,4,2024,2024,9,2,7,3371,17,28,3342,0,1,2,-31.824482,152.622606,43,1,0,1,0,0,3,4,2,0,7,100,2,9859,9859,8,10,40,1,0,1,0,0
1374534,2,2024,2024,9,3,10,213,17,11,213,0,1,9,-29.683616,152.857023,18,1,0,1,1,0,3,4,0,0,7,100,2,404,404,8,0,40,1,0,0,1,0
1374535,4,2024,2024,2,1,8,8,27,3,34609,0,1,1,-34.903924,150.495935,63,2,1,1,1,0,0,6,2,0,7,60,0,1945,1945,5,16,40,1,0,1,0,0
1374536,4,2024,2024,10,0,6,1,27,234,34609,0,1,1,-34.282305,146.024139,28,2,1,0,0,0,3,3,2,0,7,50,0,3775,3775,0,5,35,2,0,1,0,0
1374537,4,2024,2024,11,3,5,31,31,119,34609,0,1,9,-32.770224,151.749663,57,2,1,1,1,0,0,0,2,0,7,50,0,623,623,3,5,19,2,0,1,0,0
1374539,1,2024,2024,9,2,8,59,31,107,321,0,1,10,-33.876392,151.1978,69,0,2,1,1,0,0,0,2,2,9,50,2,2040,2040,9,5,28,2,0,0,0,1
1374540,2,2024,2024,9,2,9,10,31,77,34609,0,1,1,-32.57169,151.165557,64,2,1,1,1,0,3,4,2,0,7,50,0,395,395,1,0,0,2,0,0,1,0
1374542,2,2024,2024,9,4,7,149,27,38,198,0,1,1,-34.031617,150.962243,68,0,2,1,0,0,0,0,2,0,7,90,2,9859,9859,8,5,40,1,0,0,1,0
1374544,4,2024,2024,2,6,9,5,31,44,34609,0,1,1,-33.898222,150.969255,24,0,2,1,2,0,0,0,3,0,7,50,0,387,387,1,22,0,2,0,1,0,0
1374546,2,2024,2024,9,3,4,77,27,13,58,0,1,1,-34.729976,150.522069,63,2,1,1,0,0,0,0,2,0,7,60,2,14295,14295,3,16,19,2,0,0,1,0
1374548,1,2024,2024,2,6,9,81,27,609,115,0,1,9,-33.788596,150.898879,7,0,2,1,1,0,0,0,2,2,7,60,2,5929,5929,1,5,0,2,0,0,0,1
1374552,4,2024,2024,2,4,3,3371,17,13,3342,0,1,9,-29.964644,153.136925,18,1,0,0,0,0,0,0,2,0,7,110,2,5929,5929,1,5,2,2,0,1,1,0
1374553,4,2024,2024,2,1,6,73,31,532,34609,0,1,1,-33.866632,151.204349,69,0,2,1,0,0,0,0,2,0,7,40,0,340,340,9,5,28,2,0,1,1,0
1374555,2,2024,2024,2,5,4,25,31,57,34609,0,1,10,-34.672109,150.853189,35,2,1,1,1,0,0,0,2,0,15,50,0,6545,6545,4,0,5,2,0,0,1,0
1374556,4,2024,2024,2,5,9,162,31,65,122,0,1,10,-34.485377,150.887635,80,0,2,1,2,0,0,0,3,2,7,60,2,6545,6545,4,16,0,2,0,1,1,0
1374557,2,2024,2024,9,3,6,84,10,5,80,1,0,1,-34.266574,150.964644,80,0,2,0,1,0,0,0,2,0,7,60,2,5929,5929,1,0,5,2,0,0,1,0
1374558,4,2024,2024,10,6,8,14,27,157,14,0,1,10,-33.799284,151.009561,54,0,2,1,1,0,0,0,2,0,15,60,1,6545,6545,4,0,19,2,0,1,0,0
1374562,4,2024,2024,2,1,10,78,27,147,74,0,1,9,-33.862472,151.130473,14,0,2,1,2,0,0,0,0,0,7,50,1,1109,787,1,5,5,2,0,1,0,0
1374564,2,2024,2024,10,1,2,232,36,134,331,0,1,10,-33.950038,150.838787,41,0,2,1,2,0,0,0,0,2,7,70,2,5929,5929,1,5,0,2,0,0,1,0
1374565,2,2024,2024,2,1,9,7,10,60,34609,0,1,1,-34.030421,150.732385,12,0,2,1,1,0,0,0,2,0,7,50,0,3775,3775,0,10,0,2,0,0,1,0
1374566,2,2024,2024,10,5,8,107,22,109,34609,0,1,1,-33.900309,151.143392,32,0,2,0,0,0,0,0,2,0,7,50,0,1259,985,1,5,0,4,0,0,1,0
1374567,2,2024,2024,9,1,7,2,31,85,34609,1,0,9,-33.910859,150.873758,41,0,2,1,1,0,0,0,2,0,7,50,0,1282,1282,1,0,5,2,0,0,1,0
1374568,4,2024,2024,2,4,6,17,31,9,58,0,1,2,-32.912333,151.758561,48,0,2,1,1,0,0,0,2,0,7,60,2,14295,14295,3,0,13,4,0,1,0,0
1374570,2,2024,2024,10,6,4,42,27,134,30,0,1,10,-33.893723,151.249505,76,0,2,1,1,0,0,0,2,2,7,50,1,2040,2040,9,0,28,2,0,0,1,0
1374571,2,2024,2024,9,4,5,161,17,7,161,0,1,1,-36.164147,148.881267,65,1,0,1,0,0,2,6,2,0,7,100,2,945,945,5,10,40,1,0,0,1,0
1374572,4,2024,2024,9,6,10,2,27,194,34609,0,1,2,-30.528704,151.657638,1,2,1,1,2,0,0,0,0,0,7,50,0,9859,9859,1,5,0,2,0,1,0,0
1374573,4,2024,2024,2,2,7,126,1,140,144,0,1,1,-33.783723,150.811532,7,0,2,0,0,0,3,4,2,0,7,70,2,3775,3775,0,10,13,2,0,1,0,0
1374575,4,2024,2024,2,6,5,344,27,120,163,0,1,10,-33.742783,150.87022,7,0,2,1,1,0,0,0,2,2,7,70,2,186,186,1,10,19,2,0,1,0,0
1374576,2,2024,2024,9,6,8,2209,17,95,2205,0,1,6,-34.406244,150.892242,80,0,2,1,2,0,0,0,2,0,7,60,2,4026,4026,8,5,40,1,0,0,1,0
1374577,4,2024,2024,9,3,5,8,27,3,34609,0,1,1,-33.523422,149.938381,40,1,0,1,0,0,0,0,2,0,7,100,0,1945,1945,5,16,40,1,0,1,0,0
1374578,4,2024,2024,2,0,4,2261,17,243,2252,0,1,2,-33.95594,150.894001,41,0,2,1,1,0,0,0,2,0,7,70,2,14295,14295,3,16,13,2,0,1,0,0
1374580,1,2024,2024,2,4,6,162,27,174,14,0,1,1,-33.869525,150.917499,24,0,2,1,0,0,0,0,2,0,7,50,1,1192,1192,1,0,27,2,0,0,0,1
1374581,1,2024,2024,9,0,8,8,31,131,34609,0,1,1,-36.080651,146.913057,0,2,1,1,1,0,0,0,2,0,7,50,0,144,144,1,5,27,2,0,0,0,1
1374582,2,2024,2024,9,0,9,78,27,284,61,0,1,10,-33.897221,151.021361,15,0,2,1,1,0,0,0,2,2,7,60,1,5929,5929,1,0,0,2,0,0,2,0
1374583,2,2024,2024,2,2,5,68,31,73,331,0,1,1,-34.188021,150.605492,79,2,2,1,3,0,3,4,2,0,7,60,1,14295,14295,3,16,0,2,0,0,1,0
1374587,2,2024,2024,9,4,11,87,31,60,34609,0,1,9,-33.756604,150.758188,55,0,2,1,0,0,0,0,0,0,0,50,0,2852,2852,4,5,19,2,0,0,1,0
1374589,1,2024,2024,10,0,9,2126,17,115,2149,0,1,9,-33.884373,151.194933,69,0,2,1,0,0,0,0,3,3,9,50,2,2040,2040,9,33,28,2,0,0,0,1
1374592,4,2024,2024,2,5,7,100,27,127,100,0,1,10,-33.832048,150.855482,24,0,2,1,0,0,0,0,2,0,15,70,2,2852,2852,4,0,5,3,0,1,1,1
1374593,4,2024,2024,2,0,7,149,36,40,113,0,1,1,-32.050727,152.48089,43,2,1,0,0,0,0,0,2,0,7,80,1,782,957,5,16,40,1,0,1,0,0
1374594,4,2024,2024,2,5,6,2,23,40,34609,0,1,1,-33.798334,151.248306,50,0,2,1,1,0,0,0,2,0,7,50,0,9859,9859,1,5,5,2,0,1,0,0
1374595,2,2024,2024,2,1,8,361,1,11,7,0,1,1,-34.654883,150.304232,78,2,1,0,1,0,0,3,2,0,7,50,1,5929,5929,1,10,19,2,0,0,1,0
1374598,2,2024,2024,2,4,8,69,31,155,34609,0,1,10,-33.138477,148.183226,53,2,1,1,1,0,0,0,2,0,0,50,0,6545,6545,4,0,0,2,0,0,1,0
1374601,1,2024,2024,2,2,3,41,10,63,34609,0,1,1,-28.187561,153.520666,72,2,1,1,2,0,0,0,2,0,7,50,0,1945,1945,5,17,40,1,0,0,0,1
1374602,1,2024,2024,2,5,8,3,6,75,34609,0,1,1,-32.773395,151.622618,42,2,1,1,0,0,0,0,2,0,7,50,0,591,591,1,22,5,2,0,0,0,1
1374603,4,2024,2024,11,3,6,133,31,646,97,0,1,9,-33.917779,151.026411,15,0,2,1,2,0,0,0,2,2,7,60,1,5929,5929,1,5,5,2,0,1,0,0
1374604,2,2024,2024,9,6,8,3371,17,58,3342,0,1,2,-32.795342,151.721597,57,2,1,1,1,0,0,0,2,0,7,80,2,1109,397,1,0,10,2,0,0,1,0
1374605,4,2024,2024,10,3,6,2126,17,438,2149,0,1,2,-33.845373,151.042736,21,0,2,1,1,0,0,3,2,0,7,60,2,2040,2040,9,0,28,2,0,1,0,0
1374608,2,2024,2024,9,1,8,2209,17,24,2205,0,1,9,-34.938484,150.601689,63,1,0,1,1,0,0,0,2,0,0,100,2,2852,2852,4,10,5,2,0,0,2,0
1374609,2,2024,2024,2,5,8,3371,17,43,3342,0,1,2,-30.467026,153.001656,6,1,0,1,0,0,3,4,2,0,7,110,2,14295,14295,3,3,25,3,0,0,1,0
1374610,2,2024,2024,10,3,1,7,27,33,34609,0,1,1,-34.797055,150.699876,63,2,1,0,0,0,0,0,0,0,7,80,0,1957,4009,8,10,40,1,0,0,1,0
1374611,4,2024,2024,9,6,4,38,27,25,21,0,1,1,-32.327316,150.767573,46,1,0,1,0,0,0,0,2,0,7,100,2,9859,9859,8,10,40,1,0,1,0,0
1374622,2,2024,2024,9,4,7,60,27,101,262,0,1,7,-32.902572,151.621914,37,0,2,1,1,0,0,0,2,0,0,90,2,14295,14295,3,0,0,2,0,0,3,0
1374624,1,2024,2024,2,6,5,40,31,363,34609,0,1,1,-33.759951,150.707912,55,0,2,1,1,0,0,0,2,0,7,50,0,9859,9859,1,5,12,2,0,0,0,1
1374625,4,2024,2024,9,5,5,36,27,3,83,0,1,9,-29.431386,153.260207,18,1,0,1,0,0,3,3,2,0,7,90,1,6545,6545,4,5,13,2,0,1,0,0
1374630,1,2024,2024,10,1,6,39,31,169,99,0,1,10,-33.901054,151.203013,69,0,2,1,1,0,0,0,2,2,7,50,2,591,591,1,22,27,2,0,0,0,1
1374633,1,2024,2024,9,5,3,232,36,134,331,0,1,2,-33.954042,150.833195,41,0,2,1,2,0,0,0,2,2,7,80,2,14295,14295,3,5,5,3,0,0,0,1
1374635,2,2024,2024,2,4,7,1,27,4,34609,0,1,9,-29.415218,153.216057,18,1,0,0,0,0,0,0,2,0,7,100,0,782,957,5,5,40,1,0,0,1,0
1374639,4,2024,2024,9,0,4,2209,17,76,2205,0,1,10,-35.360363,150.473662,63,2,1,1,1,0,0,3,2,0,15,50,2,6545,6545,4,10,27,2,0,1,1,0
1374641,4,2024,2024,2,0,4,222,27,115,165,0,1,1,-33.964386,151.06862,25,0,2,1,0,0,0,0,2,0,7,50,1,340,340,9,8,28,2,0,1,0,0
1374642,2,2024,2024,2,1,7,1104,14,283,962,0,1,3,-33.826832,151.006957,54,0,2,1,1,0,0,0,2,0,7,90,2,14295,14295,3,0,13,2,0,0,1,0
1374646,2,2024,2024,9,3,10,1,1,76,34609,0,1,1,-34.545065,150.376885,78,2,1,1,2,0,3,4,0,0,7,50,0,4026,4026,1,5,19,2,0,0,1,0
1374648,4,2024,2024,2,0,5,1052,14,36,928,0,1,9,-33.635734,151.146965,31,0,2,1,1,0,0,0,2,0,15,60,2,256,256,4,5,0,2,0,1,0,0
1374650,1,2024,2024,2,5,7,344,27,609,163,0,1,2,-33.764924,150.903079,7,0,2,1,1,0,0,0,2,0,7,60,2,1981,1981,4,5,27,2,0,0,0,1
1374652,4,2024,2024,2,1,11,110,27,167,40,0,1,9,-33.845572,151.056794,54,0,2,1,2,0,0,0,0,0,7,60,1,5929,5929,1,5,19,2,0,1,0,0
1374653,4,2024,2024,9,3,8,5,27,36,34609,1,0,1,-33.790942,150.950893,21,0,2,1,1,0,0,0,2,0,7,50,0,14295,14295,3,33,20,2,0,1,0,0
1374660,4,2024,2024,2,2,7,20,27,40,20,0,1,9,-35.011321,150.606472,63,1,0,1,0,0,0,0,2,0,7,90,1,3775,3775,0,5,0,3,0,1,0,2
1374666,2,2024,2024,9,3,6,12,27,36,15,0,1,1,-32.607205,151.347999,64,2,1,0,0,0,0,0,2,0,7,80,1,4552,5151,8,16,40,1,0,0,1,0
1374668,2,2024,2024,4,1,5,512,31,24,34609,0,1,9,-32.910773,151.786534,48,0,2,1,1,0,0,0,2,0,7,40,0,368,368,9,33,28,2,0,0,1,0
1374671,4,2024,2024,2,0,4,2209,17,10,2205,0,1,6,-34.650808,150.852165,35,2,1,1,1,0,0,0,2,0,7,60,2,9859,9859,8,5,40,1,0,1,0,0
1374680,4,2024,2024,9,0,6,27,27,11,18,0,1,1,-31.372825,151.415743,70,1,0,0,0,0,0,0,2,0,7,100,1,418,714,5,16,40,1,0,1,0,0
1374681,4,2024,2024,9,0,6,27,27,11,18,0,1,1,-31.372825,151.415743,70,1,0,0,0,0,0,0,2,0,7,100,1,418,714,5,16,40,1,0,1,0,0
1374682,4,2024,2024,9,0,6,27,27,11,18,0,1,1,-31.372825,151.415743,70,1,0,0,0,0,0,0,2,0,7,100,1,418,714,5,16,40,1,0,1,0,0
1374683,4,2024,2024,9,0,6,27,27,11,18,0,1,1,-31.372825,151.415743,70,1,0,0,0,0,0,0,2,0,7,100,1,418,714,5,16,40,1,0,1,0,0
1374684,4,2024,2024,2,5,11,118,27,55,34609,0,1,9,-33.851367,151.274282,81,0,2,0,2,0,0,0,0,0,7,50,0,2585,985,8,5,40,1,0,1,0,0
1374688,4,2024,2024,10,4,7,175,27,55,220,0,1,9,-33.745003,150.916661,7,0,2,1,0,0,0,0,2,0,7,70,2,2852,2852,4,5,5,2,0,2,0,0
1374693,2,2024,2024,9,2,7,36,27,32,11,0,1,1,-32.377744,149.493069,44,1,0,0,0,0,3,4,2,0,7,100,1,84,84,8,5,40,1,0,0,2,0
1374696,4,2024,2024,2,5,0,8,10,14,14,0,1,1,-36.926542,149.88612,5,2,1,0,0,0,0,0,0,0,7,70,1,2585,4009,8,0,40,1,0,1,0,0
1374702,2,2024,2024,9,6,8,14,27,85,34609,1,0,1,-33.902237,150.868705,41,0,2,1,1,0,0,0,2,0,7,50,0,1282,1282,1,5,40,1,0,0,1,0
1374706,4,2024,2024,2,1,10,149,36,32,113,0,1,1,-32.40111,152.28481,43,2,1,1,0,0,0,0,0,0,7,80,1,4026,4026,8,10,40,1,0,1,1,0
1374708,2,2024,2024,2,1,7,25,31,445,103,0,1,10,-33.864209,151.036077,21,0,2,1,0,0,0,0,2,2,7,50,1,6545,6545,4,5,5,2,0,0,1,0
1374710,1,2024,2024,2,1,5,71,17,43,71,0,1,10,-36.106332,144.751829,51,2,1,1,1,0,0,0,2,2,7,50,2,6545,6545,4,3,0,2,0,0,0,1
1374711,4,2024,2024,2,2,8,2,31,234,139,0,1,9,-34.287604,146.034046,28,2,1,0,0,0,0,0,2,0,7,50,2,186,186,9,5,28,2,0,1,0,0
1374719,4,2024,2024,9,3,6,78,17,34,75,0,1,8,-33.860233,151.20621,69,0,2,1,0,0,0,0,2,0,7,70,2,1192,1192,1,16,5,2,0,1,0,0
1374724,4,2024,2024,2,0,6,13,27,3,34609,0,1,1,-31.440608,152.706727,56,2,1,0,0,0,0,0,2,0,7,80,0,3775,3775,0,5,13,2,0,1,1,0
1374726,2,2024,2024,2,4,10,81,27,223,34609,0,1,1,-33.810028,150.911334,7,0,2,0,0,0,0,0,0,0,7,60,0,3775,3775,0,5,0,2,0,0,2,0
1374734,2,2024,2024,2,1,5,13,22,62,34609,0,1,2,-34.075047,150.808562,13,0,2,1,1,0,0,0,2,0,7,60,0,14295,14295,3,10,5,4,0,0,1,1
1374745,4,2024,2024,9,1,6,24,31,15,34609,0,1,1,-33.794124,151.039921,54,0,2,1,0,0,0,0,2,0,7,50,0,9859,9859,1,0,12,2,0,1,0,0
1374746,1,2024,2024,9,4,8,213,17,132,213,0,1,1,-29.775215,151.101856,33,2,1,1,1,0,0,0,2,0,7,50,2,941,941,1,5,0,2,0,0,0,1
1374748,4,2024,2024,10,4,9,4,10,2,34609,0,1,1,-31.397799,152.886888,56,1,0,1,0,0,0,0,0,0,7,100,0,4026,4026,8,5,40,1,0,1,0,0
1374749,2,2024,2024,9,0,9,63,27,224,605,0,1,9,-33.816921,151.243338,45,0,2,1,2,0,0,0,3,0,0,60,2,2852,2852,4,0,0,2,0,0,1,0
1374754,2,2024,2024,9,2,1,2126,17,26,2149,0,1,2,-33.702526,150.576302,8,2,2,0,2,0,3,4,0,0,7,80,2,4552,5151,8,0,40,1,0,0,1,0
1374755,4,2024,2024,2,4,9,27,27,119,96,0,1,9,-33.865958,151.166695,32,0,2,1,0,0,0,0,2,0,7,50,2,1109,397,1,5,19,2,0,1,0,0
1374767,1,2024,2024,1,3,6,20,31,149,260,0,1,9,-33.991986,151.143569,4,0,2,1,1,0,0,0,2,0,8,60,2,5929,5929,1,5,5,2,0,0,0,1
1374768,1,2024,2024,2,5,11,293,1,182,34609,0,1,1,-32.842336,151.33355,17,2,1,1,2,0,0,0,0,0,7,50,0,591,591,1,22,13,2,0,0,0,1
1374769,4,2024,2024,9,2,5,8,27,6,34609,1,0,1,-33.325867,151.431147,16,2,2,1,1,0,0,0,2,0,7,50,0,3775,3775,0,5,13,3,0,2,0,1
1374770,2,2024,2024,2,5,7,112,27,370,256,0,1,10,-34.057056,150.824083,13,0,2,1,1,0,0,0,2,2,7,60,2,14295,14295,3,0,5,3,0,0,1,0
1374771,1,2024,2024,2,2,11,37,1,53,34609,0,1,1,-32.230067,148.237009,51,2,1,1,2,0,0,0,0,0,7,50,0,4026,4026,8,0,40,1,0,0,0,1
1374774,1,2024,2024,2,1,4,26,10,370,68,0,1,9,-34.069761,150.800174,13,0,2,0,2,0,0,0,2,2,7,60,1,14295,14295,3,5,0,2,0,0,0,1
1374780,2,2024,2024,9,5,4,13,10,101,34609,0,1,1,-32.903048,151.609794,37,0,2,1,1,0,0,0,2,0,7,50,0,340,340,9,0,28,2,0,0,1,0
1374781,4,2024,2024,2,3,9,2261,17,284,2252,0,1,9,-33.907244,151.022882,15,0,2,1,2,0,0,0,0,0,7,60,2,14295,14295,3,10,5,2,0,1,1,0
1374782,2,2024,2024,2,6,10,5,27,25,34609,0,1,1,-32.399293,150.671745,46,1,0,1,0,0,0,0,3,0,7,100,0,9859,9859,8,5,40,1,0,0,1,0
1374789,4,2024,2024,2,1,9,15,27,5,34609,0,1,1,-33.1586,149.188716,11,1,0,0,0,0,0,0,3,0,7,100,0,4552,5151,8,16,40,1,0,1,0,0
1374792,2,2024,2024,2,3,11,11,31,120,34609,0,1,1,-32.180551,152.52005,43,2,1,1,2,0,0,0,0,0,7,50,0,4026,4026,1,0,13,3,0,0,1,0
1374795,4,2024,2024,9,0,8,45,31,171,34609,1,0,1,-33.811312,150.968711,21,0,2,1,1,0,0,0,2,0,9,50,0,1945,1945,5,16,40,1,0,1,0,0
1374805,4,2024,2024,9,5,3,829,27,159,770,0,1,2,-33.809395,151.093146,61,0,2,1,2,0,0,0,1,0,7,60,2,1282,1282,1,5,19,2,0,1,0,0
1374806,1,2024,2024,9,0,4,230,27,197,284,0,1,2,-33.793279,151.132895,61,0,2,1,1,0,0,0,2,0,7,70,2,14295,14295,3,5,5,3,0,0,0,1
1374812,2,2024,2024,9,1,8,2,18,31,34609,0,1,1,-36.496679,149.018166,65,1,0,0,0,2,0,0,2,0,7,100,0,1259,5151,8,10,40,1,0,0,1,0
1374814,2,2024,2024,2,2,9,6,31,117,84,0,1,2,-28.168304,153.543127,72,2,1,1,2,0,3,0,3,0,9,50,1,14295,14295,3,0,0,2,0,0,2,0
1374829,2,2024,2024,2,2,8,38,27,293,165,0,1,9,-33.935871,151.061922,15,0,2,1,1,0,0,0,2,0,7,50,1,9859,9859,1,5,12,3,0,0,1,0
1374830,4,2024,2024,2,6,3,1,27,6,34609,0,1,1,-31.825816,149.203479,51,1,0,0,0,2,0,0,2,0,7,100,0,52,52,6,0,40,1,0,1,0,0
1374839,4,2024,2024,11,3,7,57,36,112,769,0,1,1,-33.611328,150.811275,29,2,2,1,0,0,0,0,2,0,7,60,2,14295,14295,3,29,19,2,0,1,1,0
1374840,4,2024,2024,9,0,9,1,27,155,34609,0,1,1,-33.10413,148.158836,53,1,0,1,0,0,3,4,2,0,7,100,0,1282,1282,1,16,40,1,0,1,0,0
1374842,1,2024,2024,10,4,8,47,31,51,34609,0,1,1,-34.185916,150.990256,80,0,2,0,1,0,3,4,2,0,7,50,0,3775,3775,0,21,0,2,0,0,0,1
1374843,2,2024,2024,9,2,0,1,18,23,34609,0,1,1,-33.819818,150.987631,21,0,2,1,0,0,0,0,0,0,7,50,0,4026,4026,1,5,5,2,0,0,1,0
1374844,4,2024,2024,10,3,9,1052,14,53,928,0,1,3,-33.68775,151.121149,31,0,2,1,0,0,0,0,2,0,7,110,2,1383,1383,1,0,19,2,0,1,0,0
1374845,4,2024,2024,9,2,11,84,1,80,139,0,1,10,-34.552901,146.407291,51,2,1,1,2,0,0,0,0,0,0,50,2,2852,2852,4,5,19,2,0,1,0,0
1374846,4,2024,2024,10,6,7,157,17,21,158,0,1,9,-34.500622,144.857781,51,2,1,1,0,0,0,0,2,0,7,50,2,1669,1669,3,16,19,2,0,1,0,0
1374847,2,2024,2024,2,0,10,3,10,218,34609,0,1,1,-33.765894,150.771405,55,0,2,1,0,0,0,0,3,0,7,50,0,14295,14295,3,5,0,2,0,0,1,0
1374851,2,2024,2024,9,6,6,4,23,147,40,0,1,1,-33.752401,151.293952,50,0,2,1,0,0,0,0,2,0,7,40,1,1981,1981,4,5,18,2,0,0,1,0
1374852,4,2024,2024,10,3,5,2261,17,370,2252,0,1,3,-34.061983,150.78546,13,0,2,0,1,0,0,0,2,0,7,110,2,14295,14295,3,16,0,2,0,2,0,0
1374855,2,2024,2024,2,4,7,1,31,56,34609,0,1,9,-33.753903,150.777172,55,0,2,0,1,0,0,0,2,0,7,50,0,1259,985,1,5,19,2,0,0,1,0
1374857,4,2024,2024,1,5,4,133,31,11,34609,0,1,1,-34.440896,150.879092,80,0,2,0,1,0,0,0,2,0,7,50,0,4552,5151,8,5,40,1,0,2,0,1
1374858,2,2024,2024,9,6,6,34,27,225,69,0,1,1,-33.796014,151.177807,77,0,2,1,1,0,0,0,2,0,7,50,2,190,190,1,15,0,2,0,0,1,0
1374862,4,2024,2024,1,2,5,15,31,201,46,0,1,1,-34.887963,150.60714,63,2,1,1,1,0,0,0,2,0,7,60,1,2040,2040,9,0,28,2,0,1,0,0
1374863,4,2024,2024,10,6,8,2126,17,75,2149,0,1,2,-33.727915,150.389085,8,2,2,0,0,0,0,0,2,0,7,80,2,3775,3775,0,10,5,2,0,1,1,0
1374864,4,2024,2024,2,4,4,118,31,169,34609,0,1,1,-33.594806,150.74511,29,2,2,0,1,0,0,0,2,0,7,50,0,238,238,9,5,28,2,0,1,0,0
1374865,4,2024,2024,9,0,8,3,27,1,34609,0,1,1,-29.735129,152.909733,18,1,0,0,0,2,0,3,2,0,7,100,0,782,957,5,16,40,1,0,1,0,0
1374866,1,2024,2024,2,4,3,49,27,109,34609,0,1,1,-33.969468,150.857647,41,0,2,1,1,0,0,0,2,0,9,50,0,1220,1220,9,0,28,2,0,0,0,1
1374867,4,2024,2024,10,4,8,1,27,3,34609,0,1,1,-32.405408,149.577957,44,1,0,0,0,2,0,6,2,0,7,100,0,1850,1463,5,0,40,1,0,1,0,0
1374868,2,2024,2024,9,6,4,114,27,118,34609,0,1,1,-33.334911,151.274697,16,2,2,1,0,0,0,0,2,0,7,80,0,9859,9859,8,0,40,1,0,0,1,0
1374871,4,2024,2024,2,5,3,36,27,11,34609,0,1,9,-33.784775,151.211592,77,0,2,1,1,0,0,0,2,0,7,50,0,1981,1981,4,10,27,2,0,1,0,0
1374872,4,2024,2024,9,4,4,4,31,28,34609,0,1,1,-33.406817,149.573309,3,2,1,1,1,0,0,0,2,0,7,50,0,1981,1981,4,5,0,2,0,1,1,0
1374874,2,2024,2024,11,0,7,171,31,61,34609,1,0,10,-35.911478,150.075531,23,2,1,1,1,0,0,0,2,0,0,50,0,1669,1669,3,5,0,2,0,0,2,0
1374875,1,2024,2024,10,4,9,1,25,84,34609,1,0,1,-33.772116,151.101671,61,0,2,1,1,0,0,3,2,0,7,50,0,368,368,9,0,28,2,0,0,0,1
1374876,4,2024,2024,1,2,7,1,6,119,34609,1,0,9,-32.763489,151.767749,57,2,1,1,0,0,0,0,2,0,0,50,0,6545,6545,4,0,36,2,0,1,0,0
1374877,2,2024,2024,11,6,6,7,1,218,34609,0,1,1,-33.764687,150.783379,55,0,2,0,1,0,0,0,2,0,7,50,0,3775,3775,0,16,13,2,0,0,1,0
1374878,1,2024,2024,9,3,4,1,27,4,34609,0,1,1,-31.454507,152.334359,56,1,0,0,0,2,0,0,2,0,7,100,0,1957,4009,8,0,40,1,0,0,0,1
1374879,2,2024,2024,2,6,6,37,31,83,34609,0,1,1,-29.712755,152.936183,18,2,1,1,1,0,0,0,2,0,7,50,0,323,323,1,17,5,2,0,0,1,0
1374880,4,2024,2024,9,0,11,3371,17,108,3342,0,1,2,-33.814535,151.177877,77,0,2,0,2,0,0,0,0,0,7,60,2,14295,14295,3,16,5,2,0,1,0,0