Crash ID,Degree of crash - detailed,Reporting year,Year of crash,Month of crash,Day of week of crash,Two-hour intervals,Street of crash,Street type,Town,Route no.,School zone location,School zone active,Type of location,Latitude,Longitude,LGA,Urbanisation,Conurbation 1,Alignment,Street lighting,Road surface,Surface condition,Weather,Natural lighting,Signals operation,Other traffic control,Speed limit,Road classification,RUM - code,DCA - code,First impact type,Key TU type,Other TU type,No. of traffic units involved,No. killed,No. seriously injured,No. moderately injured,No. minor-other injured
1374881,4,2024,2024,10,4,5,829,31,179,70,0,1,2,-31.908116,152.469586,43,2,1,1,1,0,0,0,2,0,7,60,1,387,387,1,22,0,2,0,1,0,0
1374882,2,2024,2024,2,0,4,41,27,228,69,0,1,10,-34.73155,149.734673,26,2,1,0,1,0,0,0,2,0,0,60,1,6545,6545,4,30,13,3,0,0,1,0
1374883,2,2024,2024,10,0,6,348,17,31,232,0,1,1,-30.957869,148.389889,51,2,1,1,0,0,0,0,2,0,7,50,2,941,941,1,5,12,2,0,0,2,0
1374884,4,2024,2024,2,2,8,2126,17,179,2149,0,1,9,-33.758787,150.720711,55,0,2,1,1,0,0,0,2,2,7,60,2,14295,14295,3,10,0,2,0,1,0,1
1374885,4,2024,2024,2,4,8,37,27,5,34609,0,1,1,-32.680392,151.60549,42,2,1,1,1,0,0,0,2,0,0,60,0,3775,3775,0,16,5,2,0,1,0,0
1374886,1,2024,2024,9,6,2,512,17,562,441,0,1,10,-32.247962,148.593332,22,2,1,1,2,0,0,0,1,2,7,60,2,6545,6545,4,0,12,3,0,0,0,3
1374888,2,2024,2024,2,1,9,119,31,73,34,0,1,10,-33.873967,151.214434,69,0,2,1,1,0,0,0,2,2,7,50,1,515,515,1,30,27,2,0,0,1,0
1374889,1,2024,2024,10,6,10,6,31,95,34609,1,0,9,-34.392239,150.893224,80,0,2,1,2,0,0,0,0,2,7,50,0,2040,2040,9,33,28,2,0,0,0,1
1374890,2,2024,2024,2,3,9,39,27,293,91,0,1,10,-33.941154,151.25292,59,0,2,1,2,0,3,0,3,2,7,50,1,3775,3775,0,22,0,2,0,0,1,0
1374896,2,2024,2024,10,4,8,2,1,9,34609,0,1,1,-34.40056,150.880309,80,0,2,1,0,0,0,0,2,0,7,50,0,1669,1669,3,33,27,2,0,0,1,0
1374900,1,2024,2024,9,5,8,44,31,90,34609,0,1,7,-32.928112,151.745951,48,0,2,1,1,0,0,0,2,0,0,50,0,6545,6545,4,30,27,2,0,0,0,1
1374904,4,2024,2024,9,2,11,118,17,29,118,0,1,1,-30.659475,150.044374,51,1,0,0,0,0,0,0,0,0,7,100,2,2585,4009,8,10,40,1,0,1,0,0
1374907,4,2024,2024,10,3,3,2209,17,14,2205,0,1,2,-33.974939,151.127766,25,0,2,1,2,0,0,0,1,0,7,70,2,190,190,1,30,12,2,0,1,0,0
1374908,2,2024,2024,9,0,3,47,27,18,34609,0,1,1,-35.703145,150.18706,23,2,1,0,1,0,0,0,2,0,7,50,0,2040,2040,9,0,28,2,0,0,1,1
1374909,1,2024,2024,9,3,1,18,31,52,34609,0,1,10,-33.900744,151.260403,76,0,2,1,0,0,3,0,0,0,0,50,0,4026,4026,1,22,0,2,0,0,0,1
1374911,4,2024,2024,10,1,2,3,31,52,34609,0,1,1,-33.628078,150.719357,55,0,2,1,2,0,0,0,0,0,7,60,0,9859,9859,8,10,40,1,0,1,0,0
1374913,4,2024,2024,10,0,8,5,31,226,34609,0,1,9,-33.761137,150.828269,7,0,2,1,1,0,0,0,2,0,7,50,0,1192,1192,1,22,0,2,0,1,0,0
1374916,1,2024,2024,9,2,8,1,31,93,34609,0,1,9,-36.086731,146.931499,0,2,1,1,0,0,0,0,2,0,7,50,0,4026,4026,8,5,40,1,0,0,0,1
1374917,4,2024,2024,2,1,4,344,27,10,369,0,1,2,-33.73832,150.716981,55,0,2,1,0,0,0,0,2,0,7,70,2,2040,2040,9,5,28,2,0,1,0,0
1374918,4,2024,2024,9,0,7,10,31,82,34609,0,1,1,-33.798068,151.253729,50,0,2,1,0,0,0,0,2,0,7,50,0,43,43,3,22,0,2,0,1,0,0
1374919,4,2024,2024,10,4,7,16,31,157,34609,0,1,1,-33.797207,151.002374,54,0,2,1,1,0,0,0,2,0,7,50,0,3775,3775,0,22,0,2,0,1,0,0
1374920,1,2024,2024,10,0,8,48,10,19,121,0,1,9,-31.413035,152.8244,56,2,1,1,0,0,0,0,2,0,0,70,1,775,775,4,5,36,2,0,0,0,1
1374922,2,2024,2024,9,1,8,1104,14,26,962,0,1,3,-33.769796,150.666296,55,0,2,1,0,0,0,0,2,0,7,110,2,14295,14295,3,5,5,3,0,0,1,0
1374924,4,2024,2024,9,1,8,30,27,46,34609,0,1,1,-33.29457,151.398795,16,2,2,0,0,0,0,0,2,0,7,80,0,4552,5151,8,16,40,1,0,1,0,0
1374927,4,2024,2024,9,1,3,475,10,78,268,0,1,9,-33.879916,150.787946,55,0,2,1,1,0,0,0,2,0,0,60,2,3775,3775,0,5,13,2,0,1,0,0
1374935,2,2024,2024,9,4,10,1104,14,445,962,0,1,3,-33.845171,151.04765,21,0,2,1,2,0,3,4,0,0,7,90,2,1282,1282,1,5,5,2,0,0,1,0
1374938,1,2024,2024,2,5,4,53,36,96,34,0,1,1,-33.389575,148.023827,51,2,1,1,1,0,0,0,2,0,7,80,2,14295,14295,3,5,10,2,0,0,0,1
1374939,4,2024,2024,2,6,8,1,27,112,34609,0,1,1,-33.692537,151.011607,71,0,2,1,0,0,0,0,2,0,7,60,0,1850,1463,5,23,40,1,0,1,0,1
1374940,4,2024,2024,9,2,7,344,27,89,382,0,1,1,-33.665938,150.801498,55,0,2,1,1,0,0,0,2,0,6,80,2,1981,1981,4,0,19,2,0,1,0,0
1374941,4,2024,2024,10,4,8,3,27,3,34609,0,1,1,-31.086706,147.997357,51,1,0,0,0,2,0,0,2,0,7,100,0,4552,5151,8,10,40,1,0,1,1,1
1374943,2,2024,2024,2,5,9,3,27,56,34609,0,1,9,-33.810195,151.196701,77,0,2,1,1,0,0,3,2,0,9,50,0,591,591,1,22,5,2,0,0,1,0
1374944,4,2024,2024,10,4,8,6,27,14,34609,0,1,1,-33.143485,151.58975,16,2,2,1,1,0,0,0,2,0,7,50,0,9859,9859,1,0,5,2,0,1,0,0
1374945,1,2024,2024,10,6,5,3,27,1,34609,0,1,1,-34.585512,146.356783,51,1,0,1,0,2,0,0,2,0,7,100,0,475,475,5,5,40,1,0,0,0,1
1374951,4,2024,2024,2,1,7,8,27,4,34609,0,1,1,-33.46186,150.227137,40,2,1,0,0,2,0,0,2,0,7,40,0,3775,3775,0,16,19,2,0,1,0,0
1374956,2,2024,2024,2,3,8,2261,17,64,2252,0,1,2,-33.889598,151.078234,67,0,2,1,0,0,0,0,2,0,7,60,2,14295,14295,3,19,0,4,0,0,1,1
1374957,2,2024,2024,9,2,7,6,10,112,34609,0,1,1,-33.436605,151.405776,16,2,2,1,0,0,0,0,2,0,7,50,0,3775,3775,0,5,19,2,0,0,1,0
1374960,1,2024,2024,9,1,7,69,31,646,563,0,1,10,-33.91071,151.041912,15,0,2,1,0,0,0,0,2,2,7,60,2,14295,14295,3,10,12,2,0,0,0,1
1374965,4,2024,2024,2,5,6,481,17,562,483,0,1,10,-32.208052,148.618697,22,2,1,1,0,0,0,0,2,0,0,80,2,1850,777,5,9,40,1,0,1,0,0
1374968,2,2024,2024,2,4,0,5,31,94,34609,0,1,1,-33.787379,150.796939,55,0,2,1,2,0,0,0,0,0,7,50,0,9859,9859,8,10,40,1,0,0,1,0
1374969,4,2024,2024,2,3,9,6,1,193,34609,0,1,9,-33.792765,151.072475,61,0,2,1,0,0,0,0,2,0,7,50,0,2852,2852,4,0,19,2,0,1,0,0
1374977,4,2024,2024,2,1,8,9,27,108,31,0,1,1,-33.762626,151.276802,50,0,2,1,0,0,0,0,2,0,7,60,1,1109,397,1,5,19,2,0,1,0,0
1374978,4,2024,2024,2,6,4,344,27,42,163,0,1,9,-33.735603,150.851743,7,0,2,1,1,0,0,0,2,2,7,70,2,5929,5929,1,19,19,2,0,1,0,0
1374979,1,2024,2024,2,3,11,1,10,11,34609,0,1,1,-34.080424,142.015685,51,2,1,1,0,0,0,0,0,0,7,80,0,1089,1089,7,16,40,1,0,0,0,1
1374986,4,2024,2024,2,5,0,8,10,31,34609,0,1,1,-33.924375,150.884577,41,0,2,0,2,0,0,0,0,0,7,50,0,2585,4009,8,16,40,1,0,1,0,0
1374994,4,2024,2024,2,3,7,1,6,3,34609,0,1,9,-32.895166,151.272175,17,2,1,0,0,0,0,0,2,0,0,80,0,2585,4009,8,0,40,1,0,1,0,0
1374995,4,2024,2024,2,3,10,35,27,30,34609,0,1,1,-28.328511,153.470664,72,2,1,0,0,0,0,0,0,0,7,80,0,380,714,5,10,40,1,0,1,1,0
1374997,4,2024,2024,10,3,5,40,27,122,45,0,1,1,-33.418825,151.338595,16,2,2,0,1,0,0,0,2,0,7,60,1,3775,3775,0,5,0,3,0,2,0,0
1374998,2,2024,2024,10,5,3,13,27,10,14,0,1,1,-33.797116,149.317632,3,1,0,0,0,0,3,6,2,0,7,100,1,782,957,5,3,40,1,0,0,1,0
1375002,2,2024,2024,9,1,6,3371,17,19,3342,0,1,2,-31.46574,152.819869,56,1,0,1,0,0,0,0,2,0,7,110,2,9859,9859,8,0,40,1,0,0,1,0
1375005,4,2024,2024,9,2,9,334,17,15,308,0,1,1,-30.94066,150.571722,70,1,0,1,0,0,0,0,3,0,7,100,2,9859,9859,8,29,40,1,0,3,0,0
1375012,2,2024,2024,9,2,7,3,27,4,34609,0,1,1,-34.861898,150.651062,63,2,1,0,0,0,3,4,2,0,7,80,0,4552,5151,8,5,40,1,0,0,1,0
1375014,2,2024,2024,9,4,7,163,27,41,165,0,1,9,-33.728988,150.821996,7,0,2,1,0,0,0,0,2,0,7,60,1,5929,5929,1,0,41,2,0,0,1,0
1375018,4,2024,2024,10,0,7,171,27,64,369,0,1,9,-33.704523,150.724146,55,0,2,1,1,0,0,0,2,0,0,80,2,1669,1669,3,0,25,3,0,1,0,0
1375023,2,2024,2024,9,2,11,1,36,18,34609,1,0,1,-34.500344,150.807993,80,0,2,1,1,0,0,0,0,0,7,50,0,9859,9859,8,0,40,1,0,0,1,0
1375029,4,2024,2024,9,1,1,112,27,16,769,0,1,1,-33.554008,150.696,29,2,2,0,0,0,0,0,0,0,7,80,2,2585,4009,8,5,40,1,0,1,0,0
1375031,4,2024,2024,2,0,5,1052,14,59,928,0,1,3,-33.179507,151.467484,37,0,2,1,0,0,0,0,2,0,7,110,2,475,475,5,10,40,1,0,1,0,0
1375033,4,2024,2024,2,6,6,19,31,283,34609,0,1,10,-33.844173,151.008099,21,0,2,1,1,0,0,0,2,0,0,50,0,6545,6545,4,10,0,2,0,1,0,0
1375035,4,2024,2024,9,4,7,6,31,137,34609,0,1,9,-32.965983,151.69355,37,0,2,1,2,0,3,4,2,2,7,50,0,6545,6545,4,5,19,2,0,1,0,0
1375042,2,2024,2024,11,2,5,1104,14,142,962,0,1,3,-33.82793,150.998558,54,0,2,0,1,0,0,0,2,0,7,90,2,1192,1192,1,0,5,4,0,0,1,0
1375045,2,2024,2024,2,5,0,2126,17,12,2149,0,1,1,-33.673216,150.280109,8,2,2,1,0,0,0,0,0,0,7,40,2,9859,9859,8,5,40,1,0,0,1,0
1375048,2,2024,2024,10,5,5,2209,17,166,2205,0,1,9,-33.895228,151.181687,69,0,2,1,1,0,0,0,2,0,7,40,2,1282,1282,1,10,18,2,0,0,1,0
1375050,2,2024,2024,9,3,8,1,10,83,34609,0,1,9,-30.096062,153.187914,19,2,1,1,1,0,0,3,2,0,0,60,0,256,256,4,30,19,2,0,0,1,0
1375052,2,2024,2024,9,5,2,171,31,273,34609,1,0,7,-34.419931,150.896596,80,0,2,1,2,0,0,3,1,0,0,50,0,6545,6545,4,5,5,2,0,0,1,1
1375054,2,2024,2024,2,3,7,1,27,13,34609,0,1,1,-35.021556,150.410775,63,2,1,0,0,2,0,0,2,0,7,50,0,1957,4009,8,16,40,1,0,0,1,0
1375055,4,2024,2024,10,4,0,153,27,188,147,0,1,1,-33.950969,151.09342,25,0,2,1,2,0,0,0,0,0,7,60,2,9859,9859,8,5,40,1,0,1,0,0
1375056,4,2024,2024,2,1,4,15,27,3,33,0,1,1,-34.309436,150.080256,78,2,1,0,0,2,0,0,2,0,7,50,1,1850,1463,5,16,40,1,0,1,0,0
1375058,2,2024,2024,2,5,5,37,1,96,212,0,1,10,-35.356706,149.225351,58,2,1,1,1,0,0,0,2,2,7,60,2,6545,6545,4,10,36,2,0,0,1,0
1375060,4,2024,2024,2,3,5,125,27,21,144,0,1,2,-32.783659,151.978947,57,1,0,0,0,0,0,0,2,0,7,100,2,2585,4009,8,16,40,1,0,1,0,0
1375062,2,2024,2024,2,1,8,47,27,293,69,0,1,10,-33.942314,151.244349,59,0,2,1,0,0,0,0,2,0,0,50,1,5929,5929,1,5,0,3,0,0,1,0
1375063,4,2024,2024,5,5,3,48,31,104,605,0,1,2,-33.829894,151.215711,49,0,2,1,1,0,0,0,1,0,7,60,2,1945,1945,5,16,40,1,0,1,0,0
1375068,1,2024,2024,9,1,4,1,27,3,34609,0,1,1,-37.097031,149.844057,5,1,0,1,0,2,0,0,2,0,7,100,0,9859,9859,8,16,40,1,0,0,0,1
1375069,4,2024,2024,2,4,10,95,31,78,34609,0,1,1,-33.865503,151.09142,14,0,2,1,2,0,0,0,0,0,7,50,0,9859,9859,1,0,10,2,0,1,0,0
1375070,2,2024,2024,2,2,7,296,27,290,293,1,0,2,-33.849013,150.997013,21,0,2,1,1,0,0,0,2,0,7,70,2,14295,14295,3,10,5,3,0,0,1,0
1375073,4,2024,2024,2,1,8,3371,17,463,3342,0,1,2,-30.303718,153.109191,19,2,1,0,1,0,0,0,2,0,7,60,2,14295,14295,3,0,0,2,0,1,0,0
1375074,4,2024,2024,9,3,5,3,27,48,34609,0,1,1,-33.789676,147.091269,51,1,0,1,1,2,0,0,2,0,7,100,0,3775,3775,0,0,13,2,0,2,0,0
1375075,2,2024,2024,10,5,4,3371,17,225,3342,0,1,9,-33.791661,151.180219,77,0,2,1,0,0,0,6,2,0,7,60,2,1282,1282,1,0,19,2,0,0,1,0
1375077,4,2024,2024,2,6,5,77,27,16,58,0,1,1,-34.825167,150.571717,63,2,1,1,0,0,0,0,2,0,7,80,2,14295,14295,3,9,5,2,0,1,0,0
1375078,4,2024,2024,2,6,7,1,10,26,34609,0,1,1,-34.106833,150.750262,13,0,2,0,1,0,0,0,2,0,7,40,0,1957,4009,8,5,40,1,0,1,0,0
1375080,2,2024,2024,9,5,3,18,1,108,34609,0,1,10,-33.814933,151.186159,77,0,2,1,1,0,0,3,2,2,7,50,0,6545,6545,4,0,0,3,0,0,1,0
1375081,4,2024,2024,2,3,0,1,23,44,34609,1,0,9,-33.091605,147.141223,51,2,1,0,2,0,0,0,0,0,0,50,0,4552,5151,1,16,0,2,0,1,0,0
1375083,4,2024,2024,10,5,7,6,1,22,34609,0,1,2,-32.858797,149.976023,44,2,1,1,1,0,0,0,2,0,7,50,0,312,312,2,5,40,1,0,1,0,0
1375087,2,2024,2024,9,6,4,2,27,53,34609,0,1,1,-32.245406,148.265471,51,2,1,1,0,0,0,0,2,0,7,80,0,1282,1282,1,3,19,2,0,0,1,0
1375089,4,2024,2024,9,0,4,3,31,316,34609,0,1,10,-31.445279,152.920058,56,2,1,1,1,0,3,0,2,0,15,50,0,6545,6545,4,10,27,2,0,1,0,0
1375090,2,2024,2024,11,3,6,37,27,173,115,0,1,10,-33.715114,151.131874,36,0,2,1,1,0,0,0,2,2,7,60,1,14295,14295,3,0,0,2,0,0,1,0
1375091,1,2024,2024,2,5,8,3371,17,90,3342,0,1,2,-28.242955,153.557972,72,1,0,0,1,0,3,4,2,0,7,110,2,2585,4009,8,9,40,1,0,0,0,1
1375094,4,2024,2024,11,3,1,33,27,100,34609,1,0,1,-33.963251,151.149836,4,0,2,1,0,0,0,0,0,0,7,50,0,4026,4026,1,0,5,6,0,1,0,0
1375095,4,2024,2024,9,5,4,478,17,20,480,0,1,1,-33.313615,151.519315,16,2,2,1,1,0,0,0,2,0,7,80,2,1669,1669,3,5,12,3,0,1,1,0
1375096,4,2024,2024,9,5,0,3,27,5,34609,0,1,1,-32.824278,151.418358,17,2,1,1,0,0,0,0,0,0,7,80,0,1089,1089,7,16,40,1,0,1,0,0
1375100,4,2024,2024,11,5,10,37,27,58,34609,0,1,1,-33.253145,151.39731,16,2,2,0,2,0,0,0,0,0,7,80,0,4552,5151,8,5,40,1,0,1,0,0
1375103,4,2024,2024,10,6,8,17,31,290,33,0,1,7,-33.956895,151.1264,4,0,2,1,0,0,0,0,2,0,0,50,1,301,301,4,5,0,2,0,1,0,0
1375104,4,2024,2024,2,1,5,79,10,43,231,0,1,1,-33.446333,151.328017,16,2,2,1,0,0,0,0,2,0,7,60,2,9859,9859,8,5,40,1,0,1,0,0
1375109,2,2024,2024,2,6,4,11,1,166,35,0,1,10,-33.891474,151.182711,69,0,2,1,1,0,0,0,2,2,7,40,1,5929,5929,1,0,27,2,0,0,1,0
1375110,4,2024,2024,6,0,6,31,27,197,69,0,1,9,-33.794617,151.139194,61,0,2,1,1,0,3,4,2,2,7,60,2,5929,5929,1,5,5,2,0,1,1,0
1375112,4,2024,2024,9,1,6,9,31,48,34609,0,1,7,-28.257416,153.577868,72,2,1,0,1,0,0,0,2,0,0,50,0,6545,6545,4,30,27,2,0,1,0,0
1375113,2,2024,2024,9,2,8,120,36,14,148,0,1,1,-30.340827,152.663067,6,1,0,1,0,0,0,0,2,0,7,100,2,3775,3775,0,0,0,2,0,0,1,3
1375114,1,2024,2024,2,3,9,39,22,65,34609,0,1,1,-33.389132,151.381341,16,2,2,1,1,0,3,4,3,0,7,60,0,4026,4026,8,34,40,2,0,0,0,1
1375115,4,2024,2024,9,6,6,109,27,204,105,0,1,9,-33.895994,150.936995,24,0,2,1,1,0,0,0,2,0,0,60,2,2040,2040,9,5,28,2,0,1,1,0
1375117,2,2024,2024,9,6,5,98,27,40,34609,0,1,1,-34.022935,151.121412,68,0,2,1,1,0,0,0,2,0,7,70,0,1945,1945,5,16,40,1,0,0,1,0
1375118,2,2024,2024,2,3,7,57,31,532,30,0,1,10,-33.878094,151.207429,69,0,2,1,2,0,0,0,2,2,7,40,1,6545,6545,4,0,0,2,0,0,1,0
1375119,1,2024,2024,10,5,8,6,18,204,34609,0,1,9,-33.893235,150.934628,24,0,2,1,1,0,0,0,2,0,2,40,0,2040,2040,9,5,28,2,0,0,0,1
1375120,1,2024,2024,9,2,5,1,18,175,34609,0,1,1,-33.773544,151.081488,54,0,2,1,0,0,0,0,2,0,7,50,0,312,312,2,0,40,1,0,0,0,1
1375122,4,2024,2024,9,6,10,3,1,232,34609,0,1,7,-33.681832,150.921045,71,0,2,0,2,0,0,0,0,0,0,60,0,6545,6545,4,16,13,2,0,1,0,0
1375123,1,2024,2024,5,6,8,2261,17,30,2252,0,1,6,-34.029928,150.822884,13,0,2,0,1,0,0,0,2,0,7,60,2,14295,14295,3,5,5,2,0,0,0,1
1375124,4,2024,2024,9,0,2,55,36,7,95,0,1,1,-33.108695,147.850178,53,1,0,1,0,0,3,0,1,0,7,100,2,9859,9859,8,10,40,1,0,1,0,0
1375125,4,2024,2024,5,5,7,38,27,57,47,0,1,1,-34.663146,150.838057,35,2,1,0,0,0,0,0,2,0,7,60,1,4552,5151,8,16,40,1,0,1,0,0
1375128,2,2024,2024,9,1,3,59,10,34,231,0,1,9,-33.507162,151.373794,16,2,2,1,1,0,3,4,2,0,7,60,2,3775,3775,0,5,5,2,0,0,1,0
1375130,1,2024,2024,6,4,5,40,31,14,24,0,1,10,-33.948113,151.223378,4,0,2,1,1,0,0,0,2,2,7,60,2,14295,14295,3,3,5,2,0,0,0,1
1375134,4,2024,2024,2,5,9,3,18,5,34609,0,1,1,-28.963686,153.473809,2,1,0,0,0,2,0,0,3,0,7,100,0,4552,5151,8,16,40,1,0,1,0,0
1375137,1,2024,2024,9,3,0,191,27,309,208,0,1,1,-33.815846,151.108898,61,0,2,1,0,0,0,0,0,0,7,60,2,1282,1282,1,0,27,2,0,0,0,1
1375139,2,2024,2024,2,0,2,15,31,169,34609,0,1,7,-28.642131,153.612293,10,2,1,0,0,0,0,0,1,0,0,50,0,6545,6545,4,5,27,2,0,0,1,0
1375143,4,2024,2024,10,6,9,33,27,35,49,0,1,1,-33.883579,150.891882,24,0,2,1,1,0,0,0,3,0,7,60,1,1981,1981,4,0,27,2,0,1,0,0
1375144,2,2024,2024,9,0,11,8,27,24,34609,0,1,1,-28.828047,153.365584,39,2,1,1,1,0,3,4,0,0,7,80,0,3775,3775,0,5,0,2,0,0,1,2
1375146,4,2024,2024,2,2,4,2126,17,136,2149,0,1,9,-33.860823,151.075021,67,0,2,1,1,0,3,4,2,0,7,60,2,5929,5929,1,5,5,2,0,2,1,0
1375147,2,2024,2024,9,2,4,2209,17,40,2205,0,1,1,-35.769928,150.148178,23,1,0,0,0,0,3,4,2,0,7,90,2,4552,5151,8,10,40,1,0,0,1,0
1375148,4,2024,2024,1,1,10,49,22,41,96,0,1,9,-32.9736,151.631477,37,0,2,0,2,0,0,0,0,0,0,60,2,29,29,6,0,40,1,0,1,0,0
1375149,2,2024,2024,10,4,0,150,27,309,415,0,1,10,-33.80383,151.113255,61,0,2,0,2,0,0,0,0,2,7,70,2,515,515,1,5,0,2,0,0,1,0
1375151,4,2024,2024,2,3,6,8,27,6,34609,0,1,1,-30.921167,153.084344,34,2,1,0,0,0,0,0,2,0,7,80,0,3775,3775,0,0,19,2,0,1,0,0
1375153,1,2024,2024,9,3,10,50,27,125,51,0,1,7,-33.854281,151.07719,67,0,2,1,1,0,0,0,2,1,0,60,1,1192,1192,1,16,19,2,0,0,0,1
1375154,2,2024,2024,9,0,9,1,27,86,34609,1,0,9,-33.728152,151.21521,50,0,2,1,1,0,0,0,3,0,7,50,0,323,323,1,16,5,2,0,0,1,0
1375157,4,2024,2024,9,4,7,79,10,18,231,0,1,1,-33.46973,151.319389,16,2,2,1,1,0,0,0,2,0,7,60,2,9859,9859,8,5,40,1,0,1,0,0
1375160,4,2024,2024,2,1,5,1,7,96,34609,0,1,1,-34.056049,150.84492,13,0,2,1,2,0,0,0,2,0,7,50,0,1282,1282,1,5,20,2,0,1,0,0
1375162,2,2024,2024,9,5,7,72,31,204,62,0,1,0,-33.933795,151.152897,4,0,2,1,0,0,0,0,2,2,9,60,1,2040,2040,9,0,28,2,0,0,1,0
1375166,4,2024,2024,9,5,3,40,31,134,34609,0,1,9,-33.891143,151.245125,76,0,2,1,0,0,0,0,2,0,9,50,0,1220,1220,9,0,28,2,0,1,0,0
1375172,4,2024,2024,11,5,4,13,27,4,20,0,1,9,-35.161608,146.931302,75,1,0,0,0,0,0,0,2,0,0,100,1,1669,1669,3,5,13,2,0,1,0,0
1375173,1,2024,2024,10,1,6,13,31,127,30,0,1,1,-33.899138,151.155444,32,0,2,0,0,0,0,0,2,0,7,50,1,14295,14295,3,8,5,2,0,0,0,1
1375174,4,2024,2024,9,5,6,59,1,168,34609,0,1,10,-33.719474,150.836032,7,0,2,1,0,0,0,0,2,0,0,50,0,2852,2852,4,5,0,2,0,1,0,0
1375178,4,2024,2024,2,1,0,2209,17,12,2205,0,1,1,-35.296723,150.42589,63,1,0,1,0,0,0,0,0,0,7,100,2,9859,9859,8,10,40,1,0,1,0,0
1375179,2,2024,2024,9,6,6,2126,17,33,2149,0,1,2,-33.719617,150.439683,8,2,2,0,1,0,0,3,2,0,7,70,2,1383,1383,1,0,5,2,0,0,1,0
1375180,4,2024,2024,9,6,8,2,10,43,34609,0,1,9,-33.219881,151.515348,16,2,2,1,0,0,0,0,2,0,15,50,0,1945,1945,5,16,40,1,0,1,0,0
1375184,4,2024,2024,9,2,8,3,10,74,34609,0,1,1,-34.022934,150.776742,12,0,2,1,0,0,0,0,2,0,7,50,0,2040,2040,9,0,28,2,0,1,0,0
1375187,4,2024,2024,2,4,10,46,27,219,34609,0,1,9,-32.890889,151.666798,48,0,2,1,0,0,0,0,0,0,7,60,0,5929,5929,1,5,19,2,0,1,0,0
1375193,4,2024,2024,10,6,9,115,27,96,173,0,1,9,-34.242192,150.695675,79,1,2,1,2,0,0,0,3,0,15,100,2,2852,2852,4,0,13,2,0,1,0,0
1375201,2,2024,2024,2,6,8,1104,14,143,962,0,1,3,-33.869285,151.104708,9,0,2,1,2,0,0,0,2,0,7,90,2,14295,14295,3,10,0,2,0,0,1,0
1375205,1,2024,2024,9,4,10,70,27,26,100,0,1,1,-33.672688,150.630809,8,2,2,1,2,0,0,3,0,0,7,80,2,3775,3775,0,5,0,2,0,0,0,1
1375209,4,2024,2024,10,5,10,133,10,25,121,0,1,9,-31.546343,152.855428,56,2,1,0,2,0,0,0,0,0,0,50,1,2852,2852,4,0,19,2,0,1,0,0
1375210,4,2024,2024,11,2,9,1,27,44,34609,0,1,1,-32.82553,151.456199,17,2,1,0,1,0,0,0,0,0,7,60,0,4552,5151,1,16,36,2,0,1,0,0
1375213,2,2024,2024,9,1,9,27,36,9,157,0,1,9,-29.745391,152.993827,18,1,0,0,0,0,0,0,3,0,0,100,2,1957,4009,8,5,40,1,0,0,1,0
1375216,1,2024,2024,2,5,8,18,27,246,6,0,1,1,-33.916001,151.185663,69,0,2,1,0,0,0,0,2,0,9,40,2,591,591,1,22,13,2,0,0,0,1
1375218,2,2024,2024,2,1,9,916,17,48,917,0,1,1,-29.053788,152.019079,51,2,1,1,0,0,0,0,2,0,9,40,2,591,591,1,17,40,2,0,0,1,0
1375223,2,2024,2024,10,4,6,1,27,12,34609,0,1,1,-36.183375,150.081879,23,1,0,1,0,2,0,0,2,0,7,100,0,9859,9859,8,0,40,1,0,0,1,1
1375229,4,2024,2024,9,0,5,28,3,69,117,0,1,7,-32.896932,151.694456,48,0,2,0,0,0,0,0,2,0,0,60,2,6545,6545,4,22,12,2,0,1,0,0
1375232,4,2024,2024,9,2,9,48,31,33,45,0,1,1,-33.41726,151.343839,16,2,2,1,2,0,3,3,3,0,7,60,1,941,941,1,0,0,2,0,1,1,0
1375233,2,2024,2024,9,0,7,118,27,646,34609,0,1,1,-33.916192,151.033433,15,0,2,1,1,0,0,0,2,0,9,40,0,2040,2040,9,10,28,2,0,0,1,0
1375234,4,2024,2024,9,3,9,4,27,4,34609,0,1,9,-31.6347,152.29723,43,2,1,0,1,2,0,0,2,0,7,70,0,782,957,5,16,40,1,0,1,0,0
1375240,2,2024,2024,2,0,5,70,27,78,100,0,1,1,-33.690975,150.578778,8,2,2,0,1,0,0,0,2,0,7,60,2,4552,5151,8,10,40,1,0,0,1,0
1375242,4,2024,2024,9,1,4,57,27,11,75,0,1,1,-33.492053,151.299605,16,2,2,0,1,0,3,4,2,0,7,60,1,3775,3775,0,5,12,2,0,1,1,0
1375245,1,2024,2024,10,4,4,149,10,85,34609,0,1,1,-33.784126,150.673126,55,0,2,1,0,0,0,0,2,0,7,50,0,1981,1981,4,0,27,2,0,0,0,1
1375254,1,2024,2024,0,3,5,7,27,72,34609,0,1,1,-33.836587,151.092455,14,0,2,1,1,0,0,0,2,0,7,50,0,312,312,2,33,40,1,0,0,0,1
1375258,4,2024,2024,10,6,9,2209,17,273,2205,0,1,1,-34.425252,150.884958,80,0,2,1,1,0,0,0,3,0,7,50,2,5929,5929,1,0,19,2,0,1,0,0
1375261,2,2024,2024,9,4,7,12,27,60,41,0,1,7,-33.763569,150.758593,55,0,2,0,1,0,0,0,2,0,0,70,1,2585,4009,8,16,40,1,0,0,1,0