Crash ID,Degree of crash - detailed,Reporting year,Year of crash,Month of crash,Day of week of crash,Two-hour intervals,Street of crash,Street type,Town,Route no.,School zone location,School zone active,Type of location,Latitude,Longitude,LGA,Urbanisation,Conurbation 1,Alignment,Street lighting,Road surface,Surface condition,Weather,Natural lighting,Signals operation,Other traffic control,Speed limit,Road classification,RUM - code,DCA - code,First impact type,Key TU type,Other TU type,No. of traffic units involved,No. killed,No. seriously injured,No. moderately injured,No. minor-other injured
1375264,1,2024,2024,2,5,11,20,27,40,20,0,1,1,-35.016712,150.607405,63,1,0,0,2,0,0,0,0,0,7,90,1,4552,5151,8,5,40,1,0,0,0,1
1375267,4,2024,2024,11,0,8,1052,14,83,928,0,1,3,-33.479809,151.184095,16,1,2,0,1,0,0,0,3,0,7,100,2,14295,14295,3,10,0,6,0,1,1,0
1375268,4,2024,2024,2,6,6,1104,14,323,962,0,1,3,-33.796426,150.848039,7,0,2,1,0,0,0,0,2,0,7,100,2,1282,1282,1,29,5,2,0,1,0,0
1375269,4,2024,2024,10,2,4,23,27,20,91,0,1,9,-35.074711,149.257299,82,1,0,0,0,0,0,3,2,0,0,100,1,489,489,8,5,40,1,0,1,0,1
1375270,4,2024,2024,2,2,4,98,27,294,799,0,1,2,-33.929296,150.934135,41,0,2,1,1,0,3,4,2,0,7,70,2,9859,9859,8,5,40,1,0,1,0,0
1375274,2,2024,2024,10,2,5,478,17,58,480,0,1,2,-33.433272,151.29585,16,2,2,1,1,0,0,0,2,0,7,60,2,1282,1282,1,0,19,2,0,0,1,0
1375278,2,2024,2024,9,5,7,80,31,42,34609,0,1,1,-33.816801,151.190841,77,0,2,1,2,0,0,0,2,0,7,50,0,1981,1981,4,33,27,2,0,0,1,0
1375279,4,2024,2024,2,1,4,829,27,123,770,0,1,10,-33.814279,151.056237,54,0,2,1,1,0,0,0,2,2,7,70,2,6545,6545,4,5,5,2,0,2,1,0
1375280,1,2024,2024,2,5,4,330,23,293,112,0,1,2,-33.944202,151.240164,59,0,2,1,1,0,0,0,2,0,7,50,2,1945,1945,5,22,40,1,0,0,0,1
1375283,4,2024,2024,9,4,8,191,17,7,189,0,1,1,-32.639401,151.208118,64,1,0,1,0,0,0,0,2,0,7,100,2,9859,9859,8,0,40,1,0,3,0,0
1375285,1,2024,2024,2,3,6,234,27,4,217,0,1,1,-33.520404,151.026743,31,0,2,1,3,0,2,6,2,0,7,90,2,9859,9859,8,5,40,1,0,0,0,1
1375290,2,2024,2024,2,3,9,8,27,58,34609,0,1,1,-33.207064,151.365842,16,2,2,0,0,0,0,3,2,0,7,80,0,418,714,5,10,40,1,0,0,1,0
1375291,4,2024,2024,1,2,5,2261,17,70,2252,0,1,2,-34.734416,149.968177,26,1,0,0,1,0,0,0,2,0,7,110,2,418,714,5,16,40,1,0,1,0,0
1375293,2,2024,2024,11,6,9,2,1,42,34609,0,1,10,-33.737548,151.276232,50,0,2,1,2,0,3,4,0,0,0,50,0,2852,2852,4,9,27,2,0,0,1,0
1375299,2,2024,2024,11,4,8,103,36,17,66,0,1,1,-32.047395,152.26867,43,2,1,0,1,0,3,4,3,0,7,60,1,2585,4009,8,5,40,1,0,0,1,0
1375301,2,2024,2024,9,2,8,7,23,24,34609,0,1,9,-33.70954,151.104143,31,0,2,1,0,0,0,0,2,0,7,50,0,2040,2040,9,30,28,2,0,0,1,0
1375303,2,2024,2024,2,1,6,168,10,387,260,0,1,9,-33.944569,151.188136,4,0,2,1,1,0,0,0,2,1,7,70,2,14295,14295,3,0,5,2,0,0,1,0
1375309,2,2024,2024,1,0,9,265,17,103,193,1,0,10,-34.318647,148.292625,30,2,1,1,2,0,0,0,0,0,0,50,2,2852,2852,4,9,13,2,0,0,1,0
1375310,4,2024,2024,2,1,2,1,1,16,34609,0,1,9,-33.746478,150.744053,55,0,2,1,2,0,0,0,0,0,7,50,0,2852,2852,4,5,5,2,0,1,1,0
1375315,4,2024,2024,10,3,6,92,31,363,34609,0,1,1,-33.753473,150.696918,55,0,2,1,1,0,0,0,2,0,7,40,0,368,368,9,0,28,2,0,1,0,0
1375318,2,2024,2024,2,1,8,44,27,304,21,0,1,1,-33.901554,151.161696,32,0,2,1,1,0,3,0,3,0,7,50,1,387,387,1,22,0,2,0,0,1,0
1375321,4,2024,2024,9,2,7,13,1,562,34609,0,1,1,-32.251703,148.639643,22,2,1,0,0,0,0,0,2,0,7,50,0,4552,5151,1,5,12,2,0,2,0,0
1375324,2,2024,2024,10,6,5,34,27,2,31,0,1,1,-35.837461,149.610238,58,1,0,0,0,2,0,0,2,0,7,100,1,380,714,5,16,40,1,0,0,1,0
1375325,1,2024,2024,11,1,4,220,14,130,220,0,1,3,-34.46492,150.847414,80,0,2,0,2,0,0,0,2,0,7,100,2,14295,14295,3,10,5,2,0,0,0,1
1375326,4,2024,2024,1,4,9,18,27,68,20,0,1,1,-33.71335,149.888868,51,1,0,0,2,0,0,0,3,0,7,100,2,1957,4009,8,5,40,1,0,1,0,0
1375329,1,2024,2024,10,0,8,150,27,309,415,0,1,9,-33.803198,151.113785,61,0,2,0,1,0,0,0,2,2,7,70,2,14295,14295,3,9,5,2,0,0,0,2
1375330,2,2024,2024,9,3,9,21,27,43,42,0,1,9,-33.551977,150.760719,29,2,2,1,0,0,0,0,3,0,0,80,1,1945,1945,5,16,40,1,0,0,1,0
1375332,2,2024,2024,2,5,1,37,31,80,19,0,1,10,-33.881426,151.170684,32,0,2,1,2,0,0,0,0,2,7,50,2,6545,6545,4,5,27,2,0,0,1,0
1375333,2,2024,2024,10,2,9,18,27,58,34609,0,1,7,-34.048103,151.132346,68,0,2,1,0,0,0,0,2,0,0,50,0,6545,6545,4,10,0,2,0,0,5,1
1375334,2,2024,2024,11,5,8,57,27,122,34609,0,1,1,-33.411809,151.344457,16,2,2,1,2,0,0,0,3,0,7,60,0,1981,1981,4,0,5,2,0,0,1,1
1375335,2,2024,2024,10,2,6,265,17,74,193,0,1,1,-34.669677,147.971564,20,1,0,0,0,0,0,0,2,0,7,100,2,273,957,5,0,40,1,0,0,2,0
1375339,2,2024,2024,11,3,8,2,27,8,34609,0,1,1,-33.484508,151.381063,16,2,2,0,0,0,0,0,2,0,7,50,0,4552,5151,8,0,40,1,0,0,1,0
1375340,1,2024,2024,2,0,11,1,1,31,34609,0,1,1,-33.42611,151.367968,16,2,2,1,2,0,0,0,0,0,7,50,0,3775,3775,0,9,5,2,0,0,0,1
1375341,4,2024,2024,2,1,6,14,27,20,6,0,1,9,-33.519374,150.691544,29,2,2,1,1,0,0,0,2,0,7,80,1,1945,1945,5,16,40,1,0,1,0,0
1375343,2,2024,2024,9,1,4,308,14,323,311,0,1,3,-33.798835,150.854222,7,0,2,1,1,0,0,0,2,0,7,100,2,14295,14295,3,8,0,3,0,0,1,0
1375344,2,2024,2024,2,1,4,115,27,43,46,0,1,1,-34.189684,150.634872,79,2,2,0,0,0,0,0,2,0,7,80,2,1669,1669,3,8,13,2,0,0,1,0
1375345,2,2024,2024,9,6,8,133,17,5,121,0,1,1,-36.784684,149.273724,65,1,0,0,0,0,3,4,2,0,7,100,2,4552,5151,8,5,40,1,0,0,1,0
1375348,4,2024,2024,2,3,4,24,27,14,36,0,1,1,-33.582571,150.941344,71,0,2,0,0,0,0,0,2,0,7,70,1,2585,4009,8,16,40,1,0,1,0,0
1375351,2,2024,2024,10,5,4,1,25,532,34609,0,1,2,-33.873023,151.19854,69,0,2,1,1,0,3,0,2,0,7,50,0,1282,1282,1,0,27,2,0,0,1,0
1375352,4,2024,2024,10,6,3,163,27,226,165,1,0,7,-33.763032,150.813912,7,0,2,0,1,0,0,0,2,0,0,60,1,1192,1192,1,16,40,2,0,1,0,0
1375353,4,2024,2024,2,1,11,40,1,16,34609,0,1,2,-35.095079,147.382716,75,2,1,0,2,0,0,0,0,0,7,60,0,1850,1463,5,16,40,1,0,1,0,0
1375354,4,2024,2024,2,1,4,2126,17,125,2149,0,1,9,-33.864469,151.083488,67,0,2,1,1,0,0,0,2,2,7,60,2,5929,5929,1,5,13,3,0,1,1,0
1375355,2,2024,2024,2,1,5,22,27,7,34609,0,1,1,-32.602705,149.67343,44,1,0,1,0,0,0,3,2,0,7,100,0,9859,9859,8,5,40,1,0,0,1,0
1375356,1,2024,2024,2,6,10,11,1,10,34609,1,0,9,-33.102705,151.641109,37,0,2,1,0,0,0,0,3,0,0,50,0,926,926,4,0,5,2,0,0,0,1
1375358,1,2024,2024,2,4,10,9,31,204,34609,0,1,1,-33.937294,151.148309,4,0,2,1,2,0,0,0,0,0,7,50,0,1945,1945,5,17,40,1,0,0,0,1
1375361,2,2024,2024,2,6,9,38,27,25,21,0,1,1,-32.341331,150.749394,46,1,0,1,0,0,0,0,0,0,7,100,2,4026,4026,8,5,40,1,0,0,1,0
1375362,4,2024,2024,2,5,4,6,31,84,23,0,1,9,-33.893422,151.261042,76,0,2,1,1,0,0,0,2,2,7,50,1,387,387,1,16,5,3,0,1,0,0
1375365,2,2024,2024,2,2,1,204,27,134,34609,0,1,1,-33.510752,151.322145,16,2,2,1,2,0,0,0,0,0,7,60,0,9859,9859,1,9,0,2,0,0,1,0
1375367,2,2024,2024,10,4,5,74,23,30,260,0,1,9,-33.985807,151.147383,4,0,2,1,0,0,0,0,2,2,7,60,2,5929,5929,1,5,13,2,0,0,1,0
1375368,4,2024,2024,9,4,9,103,36,3,157,0,1,1,-28.49565,152.94164,51,1,0,0,0,0,0,0,2,0,7,100,2,273,957,5,5,40,1,0,1,0,0
1375369,4,2024,2024,10,0,8,829,27,149,770,0,1,9,-33.866956,151.175378,32,0,2,0,1,0,0,3,2,2,7,60,2,591,591,1,22,5,2,0,1,0,0
1375372,1,2024,2024,10,6,10,36,31,56,70,0,1,2,-33.75775,150.780218,55,0,2,0,2,0,0,0,0,0,7,60,1,14295,14295,3,10,13,2,0,0,0,1
1375373,4,2024,2024,9,0,7,10,7,370,34609,0,1,9,-34.075309,150.830734,13,0,2,1,1,0,0,0,2,0,7,50,0,2852,2852,4,22,5,2,0,1,0,0
1375374,4,2024,2024,9,2,6,125,31,438,44,0,1,10,-33.850664,151.035898,21,0,2,1,0,0,0,0,2,0,15,50,1,5929,5929,1,5,19,2,0,1,0,0
1375376,4,2024,2024,10,1,10,515,14,204,518,0,1,6,-33.9396,151.155042,4,0,2,1,2,0,0,0,0,0,7,80,2,14295,14295,3,5,0,3,0,1,0,0
1375377,2,2024,2024,10,2,8,2,27,4,34609,0,1,1,-33.267707,149.149814,52,1,0,1,0,2,0,0,2,0,7,100,0,4026,4026,8,10,40,1,0,0,1,0
1375382,4,2024,2024,2,3,7,76,1,182,34609,0,1,2,-32.835363,151.354249,17,2,1,1,1,0,0,0,2,0,9,40,0,591,591,1,22,13,2,0,1,0,0
1375389,4,2024,2024,11,4,11,6,27,224,21,0,1,9,-33.841101,151.243626,45,0,2,1,2,0,3,4,0,0,7,50,1,4026,4026,8,0,40,1,0,1,0,0
1375392,2,2024,2024,10,5,8,82,31,363,369,0,1,10,-33.762276,150.710286,55,0,2,1,0,0,0,0,2,0,15,70,2,6545,6545,4,9,0,3,0,0,1,0
1375393,4,2024,2024,2,1,6,115,27,138,114,0,1,1,-33.873175,151.273738,76,0,2,1,0,0,0,3,2,0,7,50,2,14295,14295,3,5,0,4,0,2,0,0
1375397,4,2024,2024,9,0,9,63,27,224,605,0,1,9,-33.812895,151.244265,45,0,2,0,2,0,0,0,3,1,7,60,2,1850,1463,5,15,40,1,0,1,0,0
1375398,4,2024,2024,2,6,11,45,27,21,34609,0,1,1,-32.769319,151.992478,57,2,1,1,2,0,0,0,0,0,7,80,0,9859,9859,8,5,40,1,0,1,0,0
1375400,1,2024,2024,10,6,7,2126,17,171,2149,0,1,2,-33.813867,150.96244,21,0,2,1,0,0,0,0,2,0,7,80,2,1220,1220,9,5,28,3,0,0,0,1
1375402,4,2024,2024,2,4,9,485,27,40,769,0,1,2,-33.732034,150.972099,71,0,2,1,1,0,0,0,2,0,7,70,2,1383,1383,1,0,19,2,0,1,0,0
1375404,4,2024,2024,10,0,4,14,31,24,34609,0,1,10,-33.830964,151.165668,38,0,2,1,0,0,0,0,2,0,0,50,0,6545,6545,4,30,5,2,0,1,0,0
1375406,4,2024,2024,9,2,8,2261,17,204,2252,0,1,2,-33.901387,150.94472,24,0,2,1,0,0,0,0,2,0,7,70,2,14295,14295,3,16,25,2,0,1,0,0
1375407,2,2024,2024,10,2,7,7,27,147,34609,0,1,1,-33.873046,150.987628,15,0,2,1,0,0,0,0,2,0,7,50,0,9859,9859,1,5,13,4,0,0,1,0
1375408,2,2024,2024,10,4,8,177,31,89,34609,0,1,10,-33.856526,150.897138,24,0,2,1,1,0,0,0,2,2,7,60,0,6545,6545,4,0,22,2,0,0,1,0
1375411,4,2024,2024,9,0,5,2126,17,60,2149,0,1,1,-33.636795,150.285009,8,2,2,1,1,0,3,4,2,0,7,60,2,3775,3775,0,16,35,2,0,1,0,0
1375412,4,2024,2024,2,1,3,7,31,130,34609,0,1,10,-33.869614,151.195048,69,0,2,1,2,0,0,0,2,2,7,40,0,5929,5929,1,5,19,2,0,1,0,0
1375416,1,2024,2024,2,6,6,2261,17,23,2252,0,1,3,-34.057281,150.794562,13,0,2,1,2,0,0,0,2,0,7,110,2,101,101,8,16,40,3,0,0,0,2
1375418,2,2024,2024,9,6,9,102,31,107,53,0,1,10,-33.879053,151.195721,69,0,2,1,1,0,0,0,2,2,7,50,2,6545,6545,4,5,5,2,0,0,1,0
1375421,4,2024,2024,11,3,0,25,10,57,34609,0,1,2,-34.570799,150.821514,62,0,2,1,2,0,0,0,0,0,7,60,0,9859,9859,8,0,40,1,0,3,0,0
1375424,2,2024,2024,9,0,3,48,31,121,102,0,1,9,-33.799224,151.284376,50,0,2,1,2,0,3,4,1,2,7,30,2,2040,2040,9,0,28,2,0,0,1,0
1375430,2,2024,2024,9,1,2,134,10,69,133,0,1,9,-33.82398,151.021157,54,0,2,1,2,0,0,0,1,2,7,70,2,623,623,3,10,22,2,0,0,1,0
1375431,2,2024,2024,9,0,7,12,27,82,34609,0,1,9,-33.789982,151.264164,50,0,2,1,1,0,0,0,2,0,0,50,0,591,591,1,22,0,2,0,0,1,0
1375436,4,2024,2024,9,3,3,33,27,27,40,0,1,10,-33.762641,151.295499,50,0,2,1,0,0,0,3,2,2,7,50,1,5929,5929,1,0,27,2,0,1,0,0
1375442,4,2024,2024,9,0,2,22,27,113,48,0,1,2,-34.356498,150.857481,80,0,2,0,0,0,0,1,0,0,7,100,2,14295,14295,3,29,32,2,0,1,0,0
1375444,2,2024,2024,9,1,8,6,23,198,34609,0,1,9,-33.918537,151.098701,15,0,2,1,0,0,0,0,2,0,7,50,0,14295,14295,3,5,5,3,0,0,2,0
1375445,2,2024,2024,9,0,6,59,27,252,21,0,1,7,-33.934507,150.868827,41,0,2,1,1,0,0,0,2,0,0,60,2,1192,1192,1,8,5,2,0,0,2,0
1375446,4,2024,2024,9,4,10,46,27,39,34609,0,1,9,-32.883484,151.654168,48,0,2,1,2,0,3,4,0,0,7,60,0,5929,5929,1,0,19,2,0,1,0,0
1375448,1,2024,2024,2,5,7,3371,17,57,3342,0,1,2,-28.626372,153.549048,10,1,0,0,0,0,0,3,2,0,7,110,2,4552,5151,8,3,40,1,0,0,0,1
1375449,4,2024,2024,10,6,4,22,31,172,126,0,1,1,-32.744125,151.586936,42,2,1,1,1,0,0,0,2,0,7,60,2,14295,14295,3,16,25,2,0,1,0,0
1375450,4,2024,2024,9,5,4,112,17,27,112,0,1,1,-31.599661,143.062084,51,1,0,1,0,0,0,0,2,0,7,110,2,1089,1089,7,0,40,1,0,1,0,0
1375452,4,2024,2024,2,0,5,169,31,108,57,0,1,10,-28.867375,153.552657,2,2,1,1,1,0,0,0,2,0,0,60,1,591,591,1,22,13,2,0,1,0,0
1375453,4,2024,2024,2,0,10,1,6,77,34609,0,1,0,-32.572548,151.178315,64,2,1,1,2,0,0,0,0,0,7,50,0,312,312,2,5,40,1,0,1,0,0
1375455,4,2024,2024,9,4,10,107,22,346,144,1,0,9,-33.876037,151.093546,67,0,2,1,2,0,3,0,0,0,0,60,2,5929,5929,1,21,19,2,0,1,0,0
1375459,2,2024,2024,9,6,10,2261,17,70,2252,0,1,2,-34.743697,149.932057,26,1,0,1,0,0,0,0,0,0,7,110,2,1192,1192,1,29,2,2,0,0,1,0
1375464,4,2024,2024,9,2,0,2126,17,223,2149,0,1,2,-33.804789,150.925946,7,0,2,1,2,0,0,0,0,0,7,80,2,404,404,8,8,40,1,0,1,0,0
1375469,2,2024,2024,10,5,4,35,27,42,212,0,1,7,-35.350042,149.240912,58,2,1,1,1,0,0,0,2,0,0,60,2,6545,6545,4,0,10,2,0,0,1,0
1375471,4,2024,2024,9,6,9,4,31,173,34609,0,1,0,-33.87613,151.222424,69,0,2,0,1,0,3,0,2,0,7,50,0,144,144,1,5,5,2,0,1,0,0
1375472,4,2024,2024,2,5,6,171,1,63,104,0,1,2,-33.936786,151.209939,4,0,2,1,1,0,0,0,2,0,7,70,2,9859,9859,1,15,5,2,0,1,0,0
1375473,4,2024,2024,9,6,6,18,27,8,14,0,1,1,-28.697772,153.306943,39,2,1,0,0,0,0,0,2,0,7,80,1,1850,1463,5,16,40,1,0,1,0,0
1375474,2,2024,2024,2,3,0,46,27,219,34609,0,1,1,-32.895103,151.673413,48,0,2,1,2,0,0,0,0,0,7,60,0,3775,3775,0,9,19,2,0,0,1,0
1375476,1,2024,2024,2,6,10,13,27,151,34609,0,1,1,-34.026465,150.839407,13,0,2,1,2,0,0,0,0,0,7,60,0,5929,5929,1,5,0,3,0,0,0,1
1375477,2,2024,2024,9,4,7,48,27,70,166,0,1,9,-33.259824,151.515702,16,2,2,1,0,0,0,0,2,0,7,50,2,9859,9859,8,10,40,1,0,0,1,0
1375479,4,2024,2024,2,2,8,15,31,346,38,0,1,9,-33.8752,151.097486,9,0,2,0,3,0,2,6,2,0,7,50,1,623,623,3,5,27,2,0,1,0,0
1375481,4,2024,2024,2,3,10,2261,31,228,39,0,1,9,-34.772854,149.690586,26,2,1,1,2,0,0,0,0,0,0,60,2,1109,397,1,5,19,2,0,1,0,1
1375489,1,2024,2024,9,6,6,57,31,174,321,0,1,9,-33.893129,151.200101,69,0,2,1,1,0,0,0,2,2,7,50,2,1220,1220,9,0,28,2,0,0,0,1
1375490,4,2024,2024,9,0,7,916,17,105,917,0,1,1,-32.706352,151.492224,42,2,1,1,0,0,0,0,2,0,7,80,2,3775,3775,0,5,13,2,0,1,0,1
1375497,1,2024,2024,9,4,9,41,31,137,34609,0,1,9,-32.969557,151.699905,37,0,2,1,1,0,0,3,3,0,7,50,0,4552,985,8,0,40,1,0,0,0,1
1375501,1,2024,2024,2,6,10,32,31,37,91,1,0,9,-33.906487,151.25985,76,0,2,0,2,0,0,0,0,0,7,50,1,4552,5151,8,15,40,1,0,0,0,1
1375503,2,2024,2024,9,1,7,12,31,18,34609,0,1,9,-32.951633,151.660181,37,0,2,0,0,0,0,0,2,0,7,50,0,1850,1463,5,16,40,1,0,0,1,0
1375505,1,2024,2024,2,1,4,515,14,166,518,0,1,3,-33.9434,150.998079,15,0,2,0,0,0,0,0,2,0,7,100,2,14295,14295,3,10,5,3,0,0,0,1
1375507,1,2024,2024,9,2,8,22,27,6,34609,0,1,1,-32.647785,149.833648,44,2,1,1,1,0,0,0,2,0,7,80,0,9859,9859,8,0,40,1,0,0,0,1
1375511,4,2024,2024,9,2,5,103,27,28,256,0,1,9,-34.094737,150.804682,13,0,2,1,1,0,0,0,2,2,7,80,2,926,926,4,0,0,3,0,1,2,0
1375514,4,2024,2024,2,1,3,90,31,112,165,0,1,10,-33.903911,151.214125,69,0,2,1,1,0,0,0,2,2,7,60,2,9859,9859,8,0,40,1,0,1,0,0
1375515,4,2024,2024,2,3,5,1,2,10,34609,0,1,1,-35.161729,147.359789,75,2,1,1,1,0,0,0,2,0,7,50,0,9859,9859,8,0,40,1,0,1,0,0
1375517,1,2024,2024,5,2,5,2209,17,176,2205,0,1,9,-33.955226,151.137703,4,0,2,1,1,0,0,0,2,2,7,60,2,5929,5929,1,5,27,2,0,0,0,1
1375518,2,2024,2024,2,6,5,222,31,117,34609,0,1,9,-28.166375,153.547874,72,2,1,1,1,0,0,0,2,0,4,50,0,1391,1391,1,0,27,2,0,0,1,0
1375522,4,2024,2024,10,4,1,1052,14,101,928,0,1,6,-32.89336,151.593985,37,0,2,0,0,0,0,0,0,0,7,110,2,404,404,8,0,40,1,0,2,1,0
1375536,4,2024,2024,9,1,11,829,27,363,770,0,1,2,-33.809175,151.026351,54,0,2,1,2,0,0,0,0,0,7,60,2,1282,1282,1,30,18,2,0,1,0,0
1375540,1,2024,2024,2,5,8,120,36,9,148,0,1,1,-30.344772,152.425926,18,1,0,0,0,0,0,0,2,0,7,100,2,4552,5151,8,10,40,1,0,0,0,1
1375541,2,2024,2024,2,2,6,515,14,523,518,0,1,3,-33.93855,150.915781,41,0,2,1,0,0,0,0,2,0,7,100,2,14295,14295,3,10,5,3,0,0,2,0
1375542,2,2024,2024,11,3,6,2261,17,70,2252,0,1,2,-34.687473,150.043996,26,1,0,1,0,0,0,0,2,0,7,110,2,4026,4026,8,5,40,1,0,0,1,0
1375543,2,2024,2024,2,4,3,204,27,387,13,0,1,10,-33.924339,151.187176,4,0,2,1,1,0,0,0,2,2,7,50,2,387,387,1,22,5,2,0,0,1,0
1375545,2,2024,2024,9,0,7,6,1,53,308,0,1,10,-31.090949,150.928335,70,2,1,1,0,0,0,0,2,3,7,50,2,14295,14295,3,0,0,2,0,0,2,0
1375546,4,2024,2024,10,1,7,63,27,224,605,0,1,9,-33.823404,151.242654,45,0,2,1,1,0,3,4,2,2,9,60,2,1220,1220,9,21,28,3,0,1,0,0
1375547,4,2024,2024,9,4,6,2209,17,79,2205,0,1,7,-34.908496,150.602916,63,2,1,1,1,0,0,3,2,0,0,70,2,1945,1945,5,16,40,1,0,1,0,0
1375550,4,2024,2024,2,5,8,8,31,193,34609,0,1,9,-33.790881,151.076628,61,0,2,1,1,0,0,0,2,0,7,50,0,1220,1220,9,5,28,2,0,1,0,0
1375551,2,2024,2024,2,4,4,2,31,49,34609,0,1,10,-34.441635,148.723854,30,2,1,1,1,0,0,0,2,0,0,50,0,6545,6545,4,10,22,2,0,0,1,0
1375552,1,2024,2024,9,6,6,29,31,252,233,0,1,10,-33.885041,151.218198,69,0,2,1,1,0,0,0,2,2,7,60,2,1220,1220,9,5,28,2,0,0,0,1
1375554,2,2024,2024,9,2,9,99,31,237,105,0,1,1,-33.8726,150.945677,24,0,2,1,2,0,0,0,3,0,7,60,1,1981,1981,4,5,5,2,0,0,1,0
1375556,2,2024,2024,9,6,4,829,27,125,770,0,1,9,-33.836638,151.129473,51,0,2,1,1,0,0,0,2,0,7,60,2,1282,1282,1,5,19,2,0,0,1,0
1375557,4,2024,2024,2,4,9,92,27,129,244,0,1,9,-33.897915,151.097857,9,0,2,1,1,0,0,0,2,0,7,60,2,1383,1383,1,0,5,3,0,1,0,0
1375558,4,2024,2024,10,5,10,2209,17,77,2205,0,1,9,-33.920528,151.167657,32,0,2,1,2,0,0,0,0,2,7,60,2,1945,1945,5,15,40,1,0,1,0,0
1375561,4,2024,2024,9,1,3,21,10,74,34609,0,1,10,-34.025393,150.776384,12,0,2,1,1,0,0,0,2,2,9,60,0,2040,2040,9,5,28,2,0,1,0,0
1375571,4,2024,2024,10,1,8,10,27,51,34609,0,1,1,-34.469203,150.796234,80,0,2,0,0,0,0,0,2,0,15,80,0,1850,1463,5,16,40,1,0,1,0,0
1375573,4,2024,2024,9,2,5,125,31,25,34609,0,1,1,-32.842468,151.375604,17,2,1,1,0,0,0,0,2,0,7,50,0,5929,5929,1,10,19,2,0,1,0,1
1375575,4,2024,2024,9,5,9,1,10,31,34609,0,1,9,-34.593083,150.867591,62,0,2,1,1,0,0,0,2,0,7,40,0,2852,2852,4,5,20,2,0,1,0,0
1375581,4,2024,2024,2,6,6,22,31,309,702,0,1,2,-33.8132,151.104683,61,0,2,1,1,0,0,0,2,0,7,60,2,2040,2040,9,0,28,2,0,1,0,0
1375583,4,2024,2024,9,5,4,2261,17,243,2252,0,1,9,-33.960887,150.883252,41,0,2,1,1,0,0,0,2,0,0,70,2,9859,9859,8,5,40,1,0,1,0,0
1375584,1,2024,2024,9,4,6,97,17,14,88,0,1,2,-35.034786,149.377156,82,1,0,1,1,0,0,0,2,0,7,110,2,945,945,5,16,40,1,0,0,0,1
1375585,4,2024,2024,9,5,9,31,27,28,34609,0,1,9,-34.017002,151.070848,68,0,2,1,1,0,0,0,2,0,7,50,0,6545,6545,4,22,0,2,0,2,0,0
1375588,2,2024,2024,9,2,3,13,31,188,34609,0,1,10,-33.939047,151.107238,4,0,2,1,1,0,0,0,2,0,0,50,0,926,926,4,22,13,2,0,0,1,0
1375589,4,2024,2024,10,6,4,2126,17,171,2149,0,1,2,-33.814121,150.963478,21,0,2,1,1,0,0,0,2,0,7,80,2,1383,1383,1,0,0,3,0,1,0,0
1375591,2,2024,2024,2,4,6,27,27,84,35,1,0,2,-33.80336,150.98366,54,0,2,1,0,0,0,0,2,0,7,40,1,14295,14295,3,0,5,4,0,0,1,1
1375592,1,2024,2024,2,2,0,21,31,5,34609,0,1,1,-35.029997,143.338377,51,2,1,1,0,0,0,0,0,0,7,50,0,4026,4026,8,5,40,1,0,0,0,1
1375593,2,2024,2024,2,2,4,1,10,4,34609,0,1,9,-28.823913,153.602461,2,2,1,1,0,0,0,0,2,0,0,60,0,1669,1669,3,5,5,2,0,0,2,0
1375594,4,2024,2024,11,3,8,225,17,50,180,0,1,1,-34.564986,150.662558,62,0,2,0,0,0,0,0,2,0,7,60,2,3775,3775,0,15,0,2,0,1,0,0
1375595,2,2024,2024,9,2,7,10,27,108,31,1,0,1,-33.762261,151.270831,50,0,2,1,1,0,0,0,2,0,7,50,1,1981,1981,4,5,27,2,0,0,1,2
1375598,2,2024,2024,2,6,4,1,10,76,34609,0,1,7,-33.921817,150.86703,41,0,2,1,1,0,0,0,2,0,0,50,0,775,775,4,5,5,2,0,0,1,0
1375599,2,2024,2024,5,3,6,11,31,107,34609,0,1,1,-29.672923,152.928649,18,2,1,1,1,0,0,0,2,0,7,50,0,5929,5929,1,0,19,2,0,0,1,0
1375600,1,2024,2024,9,4,5,55,27,96,160,0,1,10,-34.049942,150.836788,13,0,2,1,1,0,0,0,2,2,7,60,2,6545,6545,4,0,0,2,0,0,0,1
1375602,4,2024,2024,2,3,7,2209,17,12,2205,0,1,1,-35.270836,150.424177,63,1,0,1,0,0,3,3,2,0,7,100,2,3775,3775,0,5,5,2,0,3,0,0
1375605,4,2024,2024,11,5,5,9,27,3,34609,0,1,1,-28.671695,153.491827,10,2,1,1,0,0,0,0,2,0,7,60,0,1945,1945,5,16,40,1,0,1,0,0
1375608,4,2024,2024,10,0,7,2261,17,243,2252,0,1,2,-33.947494,150.907509,41,0,2,1,0,0,0,0,2,0,7,70,2,14295,14295,3,16,5,2,0,1,0,0
1375610,4,2024,2024,10,4,9,387,27,290,331,0,1,9,-33.957408,151.117968,4,0,2,1,1,0,0,0,2,0,0,60,2,2852,2852,4,5,19,2,0,1,0,0
1375613,1,2024,2024,11,6,8,109,27,61,105,0,1,1,-33.895854,150.910428,24,0,2,1,2,0,0,0,3,0,7,60,2,1282,1282,1,5,0,3,0,0,0,1
1375614,4,2024,2024,2,5,8,1104,14,438,962,0,1,3,-33.838105,151.035241,54,0,2,1,0,0,0,0,2,0,7,90,2,14295,14295,3,10,0,3,0,1,0,0
1375620,2,2024,2024,9,4,9,36,31,87,34609,1,0,9,-28.814631,153.289241,39,2,1,1,1,0,0,0,3,0,0,50,0,1945,1945,5,16,40,1,0,0,1,0