Crash ID,Degree of crash - detailed,Reporting year,Year of crash,Month of crash,Day of week of crash,Two-hour intervals,Street of crash,Street type,Town,Route no.,School zone location,School zone active,Type of location,Latitude,Longitude,LGA,Urbanisation,Conurbation 1,Alignment,Street lighting,Road surface,Surface condition,Weather,Natural lighting,Signals operation,Other traffic control,Speed limit,Road classification,RUM - code,DCA - code,First impact type,Key TU type,Other TU type,No. of traffic units involved,No. killed,No. seriously injured,No. moderately injured,No. minor-other injured
1375624,4,2024,2024,10,3,5,193,27,64,94,0,1,9,-33.881303,151.024203,21,0,2,1,1,0,0,0,2,2,7,60,1,926,926,4,5,0,2,0,1,0,0
1375626,2,2024,2024,10,3,1,5,31,61,34609,0,1,9,-35.5409,144.96019,51,2,1,0,2,0,0,0,0,0,7,50,0,14295,14295,3,33,27,2,0,0,1,0
1375627,1,2024,2024,9,4,8,232,36,252,331,0,1,2,-33.95442,150.862206,41,0,2,1,1,0,3,4,2,0,7,70,2,14295,14295,3,15,5,2,0,0,0,1
1375633,4,2024,2024,10,6,4,204,27,246,34609,0,1,1,-33.913242,151.192868,69,0,2,1,1,0,0,0,2,0,7,40,0,1981,1981,4,5,27,2,0,1,0,0
1375634,4,2024,2024,2,3,7,5,27,78,34609,0,1,10,-33.906694,150.775979,41,0,2,1,0,0,3,4,2,0,0,80,0,6545,6545,4,5,13,2,0,2,1,0
1375637,4,2024,2024,10,4,8,5,23,10,34609,0,1,1,-33.453278,151.431204,16,2,2,1,0,0,0,0,2,0,7,50,0,2040,2040,9,5,28,2,0,1,0,0
1375649,2,2024,2024,9,4,9,1104,11,149,770,0,1,2,-33.868821,151.184178,32,0,2,1,2,0,3,3,0,0,7,60,2,14295,14295,3,5,5,2,0,0,1,0
1375651,4,2024,2024,2,0,5,37,27,13,41,0,1,10,-28.87229,153.296531,39,2,1,1,0,0,0,0,2,0,0,80,1,1669,1669,3,5,5,2,0,1,1,0
1375660,1,2024,2024,9,2,3,5,27,7,34609,0,1,9,-33.516516,151.3436,16,2,2,1,0,0,3,4,2,0,7,50,0,9859,9859,8,15,40,1,0,0,0,1
1375671,4,2024,2024,2,4,5,4,31,77,34609,0,1,9,-33.864602,150.938458,24,0,2,1,0,0,0,0,2,0,0,40,0,591,591,1,17,5,2,0,1,0,0
1375679,2,2024,2024,9,0,7,15,31,39,34609,0,1,10,-34.316276,150.926285,80,0,2,1,1,0,0,0,2,0,0,50,0,775,775,4,10,27,2,0,0,1,0
1375681,2,2024,2024,2,1,10,500,27,106,799,0,1,9,-33.923374,151.092524,15,0,2,1,2,0,0,0,0,0,6,60,2,1282,1282,1,5,18,2,0,0,2,0
1375684,4,2024,2024,2,3,9,4,27,445,34609,0,1,9,-33.868334,151.036647,21,0,2,1,2,0,0,0,3,0,0,50,0,1850,777,5,16,40,1,0,1,0,0
1375688,1,2024,2024,9,5,6,344,27,52,382,0,1,7,-33.641795,150.785706,55,0,2,1,1,0,3,0,2,0,0,80,2,1282,1282,1,33,19,2,0,0,0,1
1375690,2,2024,2024,2,5,7,12,27,39,34609,0,1,9,-34.036175,150.752467,12,0,2,1,1,0,0,0,2,0,7,60,0,2040,2040,9,0,28,2,0,0,1,0
1375692,2,2024,2024,2,2,11,2261,17,523,2252,0,1,10,-33.928542,150.918058,41,0,2,0,2,0,0,0,0,2,7,60,2,5929,5929,1,0,13,2,0,0,3,0
1375699,2,2024,2024,2,4,5,192,31,316,56,0,1,10,-33.902835,151.244823,59,0,2,1,0,0,0,0,2,3,7,50,1,1109,397,1,0,5,2,0,0,1,0
1375702,1,2024,2024,1,4,3,478,17,89,480,0,1,1,-33.392008,151.473525,16,2,2,1,1,0,0,0,2,0,7,60,2,14295,14295,3,5,0,2,0,0,0,1
1375728,4,2024,2024,9,0,9,109,36,19,108,0,1,9,-28.273597,153.507933,72,1,0,0,0,0,0,0,0,0,7,100,1,6545,6545,4,0,5,2,0,1,4,0
1375735,4,2024,2024,2,5,9,1,1,60,34609,0,1,1,-34.032139,150.732859,12,0,2,0,1,0,0,0,2,0,7,50,0,1957,4009,8,0,40,1,0,1,0,0
1375737,1,2024,2024,2,0,10,20,10,55,91,0,1,9,-35.37735,149.189089,58,2,1,1,2,0,3,4,0,2,7,80,2,5929,5929,1,0,5,2,0,0,0,1
1375759,2,2024,2024,2,2,4,8,27,22,11,0,1,1,-35.124259,150.514327,63,2,1,1,0,0,0,0,2,0,7,80,1,323,323,1,10,5,2,0,0,2,0
1375763,1,2024,2024,2,3,3,3,36,3,34609,0,1,1,-29.314923,152.088135,51,1,0,1,0,2,0,0,2,0,7,100,0,1089,1089,7,16,40,1,0,0,0,1
1375776,4,2024,2024,2,1,4,2,27,15,34609,0,1,1,-30.228206,153.150789,19,2,1,1,1,0,0,0,2,0,7,50,0,9859,9859,8,16,40,1,0,1,0,0
1375803,2,2024,2024,2,1,0,83,31,532,21,0,1,10,-33.874057,151.203507,69,0,2,1,2,0,3,4,0,2,7,50,1,1259,985,8,5,40,1,0,0,1,0
1375805,4,2024,2024,2,4,3,6,27,4,34609,0,1,1,-34.460165,150.822372,80,0,2,1,1,0,0,0,2,0,7,50,0,9859,9859,1,10,13,2,0,1,0,0
1375813,4,2024,2024,11,2,7,8,27,20,34609,0,1,1,-29.19516,152.295331,51,1,0,1,0,2,0,0,2,0,7,100,0,1945,1945,5,16,40,1,0,1,0,0
1375824,4,2024,2024,11,4,9,478,17,50,480,0,1,1,-33.229103,151.542043,16,2,2,0,2,0,3,4,0,0,7,60,2,1957,4009,1,5,40,2,0,2,0,0
1375830,4,2024,2024,2,3,4,9,31,48,34609,1,0,1,-28.257058,153.577396,72,2,1,1,0,0,0,0,2,0,7,50,0,144,144,1,0,27,2,0,1,0,0
1375831,1,2024,2024,1,3,8,194,31,157,769,1,0,9,-33.793646,150.999904,54,0,2,0,1,0,0,0,2,2,7,50,2,14295,14295,3,0,5,2,0,0,0,1
1375832,4,2024,2024,5,3,1,2,18,433,34609,0,1,1,-33.295197,149.065995,52,2,1,1,0,0,0,0,0,0,7,50,0,9859,9859,8,16,40,1,0,1,1,0
1375834,4,2024,2024,11,5,4,2,10,92,34609,0,1,10,-33.732215,150.945001,71,0,2,1,1,0,0,0,2,2,7,50,0,1220,1220,9,10,28,2,0,1,0,0
1375867,4,2024,2024,9,1,10,1,6,18,34609,0,1,1,-32.904094,151.711534,48,0,2,0,2,0,0,0,0,0,7,50,0,2585,4009,8,16,40,1,0,1,0,0
1375868,4,2024,2024,2,3,0,5,1,34,45,0,1,7,-35.090007,150.635304,63,2,1,1,2,0,0,3,0,0,0,60,1,9859,9859,8,0,40,1,0,1,0,0
1375869,2,2024,2024,2,5,9,168,10,387,260,0,1,2,-33.946094,151.173487,4,0,2,1,1,0,0,0,2,0,7,70,2,14295,14295,3,30,5,4,0,0,1,1
1375870,4,2024,2024,10,5,10,3,27,6,34609,0,1,1,-28.954854,152.942638,60,1,0,0,0,0,0,0,0,0,7,100,0,1089,1089,7,16,40,1,0,1,0,0
1375872,2,2024,2024,9,3,8,55,31,172,34609,0,1,9,-32.758918,151.584913,42,2,1,1,1,0,0,0,2,0,15,50,0,6545,6545,4,10,27,2,0,0,1,0
1375889,2,2024,2024,2,2,10,1,27,3,34609,0,1,9,-34.152379,150.823766,13,0,2,1,0,0,0,0,0,0,15,50,0,1945,1945,5,0,40,1,0,0,1,0
1375894,4,2024,2024,9,2,2,2209,17,166,2205,0,1,1,-33.892563,151.18643,69,0,2,1,1,0,0,0,1,0,7,40,2,3775,3775,0,9,10,2,0,1,0,0
1375899,2,2024,2024,2,5,4,162,31,91,172,0,1,7,-32.966462,151.652464,37,0,2,1,1,0,0,0,2,0,0,60,2,775,775,4,0,0,2,0,0,1,0
1375902,2,2024,2024,2,3,7,105,27,21,109,0,1,10,-33.869353,150.905055,24,0,2,1,1,0,0,0,2,2,7,60,1,5929,5929,1,0,5,3,0,0,1,1
1375904,2,2024,2024,2,5,10,1,27,8,34609,0,1,1,-34.167382,148.199057,30,1,0,1,0,2,0,0,0,0,7,100,0,9859,9859,8,5,40,1,0,0,1,0
1375909,4,2024,2024,9,0,3,829,31,162,15,0,1,9,-33.843956,150.888612,24,0,2,1,0,0,0,0,2,0,7,60,1,1669,1669,3,9,5,3,0,1,0,0
1375910,4,2024,2024,10,4,6,22,27,42,34609,0,1,1,-33.858547,150.823934,24,0,2,0,0,0,0,0,2,0,7,60,0,312,312,2,5,40,1,0,1,0,0
1375916,2,2024,2024,9,1,10,829,31,25,34609,0,1,1,-33.872129,151.222762,69,0,2,1,2,0,0,0,0,0,7,50,0,3775,3775,0,22,40,2,0,0,1,0
1375922,2,2024,2024,9,2,5,65,10,132,148,0,1,1,-34.113585,151.065189,68,0,2,0,0,0,3,3,2,0,7,60,2,782,957,5,15,40,1,0,0,1,1
1375941,4,2024,2024,2,6,11,866,17,77,793,0,1,9,-33.724747,151.088001,31,0,2,1,2,0,3,3,0,0,0,70,2,9859,9859,8,5,40,1,0,1,1,0
1375947,4,2024,2024,2,0,11,500,27,198,799,0,1,10,-33.91823,151.104401,15,0,2,1,2,0,0,0,0,2,6,60,2,5929,5929,1,16,0,2,0,1,0,0
1375964,4,2024,2024,9,6,2,43,22,80,22,0,1,2,-33.872861,151.17496,69,0,2,0,0,0,0,0,1,0,7,50,2,1192,1192,1,10,18,2,0,1,0,0
1375965,2,2024,2024,2,6,11,84,10,59,80,0,1,9,-34.324972,150.912397,80,0,2,0,2,0,0,0,0,0,0,50,2,4552,5151,8,5,40,1,0,0,1,0
1375966,4,2024,2024,2,5,3,98,31,100,159,0,1,9,-33.957821,151.149003,4,0,2,1,0,0,0,0,1,0,0,60,2,6545,6545,4,10,5,2,0,1,0,0
1375969,4,2024,2024,10,2,4,22,27,136,2149,0,1,9,-33.858378,151.069133,67,0,2,1,0,0,0,0,2,2,7,60,2,14295,14295,3,5,5,3,0,1,0,0
1375976,4,2024,2024,2,0,6,478,17,128,480,0,1,10,-33.427124,151.317575,16,2,2,1,0,0,3,0,2,2,7,70,2,14295,14295,3,5,10,2,0,1,0,0
1375997,4,2024,2024,9,6,5,232,36,134,331,0,1,10,-33.968871,150.814397,12,0,2,1,1,0,0,3,2,2,7,80,2,5929,5929,1,10,0,2,0,2,0,0
1376005,1,2024,2024,2,3,8,6,27,17,34609,0,1,1,-35.711586,147.071165,27,1,0,0,0,0,0,0,2,0,7,100,0,4552,5151,8,0,40,1,0,0,0,4
1376006,2,2024,2024,9,2,4,3371,17,10,3342,0,1,2,-31.404712,152.816232,56,1,0,1,0,0,0,0,2,0,7,110,2,4026,4026,8,5,40,1,0,0,1,0
1376013,4,2024,2024,2,5,5,54,27,443,6,0,1,9,-33.899545,151.041208,15,0,2,1,1,0,0,0,2,0,0,60,2,515,515,1,8,19,2,0,1,1,0
1376017,4,2024,2024,2,6,4,3371,17,463,3342,0,1,10,-30.297186,153.113092,19,2,1,1,1,0,0,0,2,2,7,60,2,6545,6545,4,0,5,2,0,1,0,1
1376021,4,2024,2024,9,5,3,50,27,57,799,0,1,9,-33.899066,151.171926,32,0,2,1,1,0,0,0,2,3,7,40,2,3775,3775,0,5,0,3,0,1,0,0
1376025,2,2024,2024,9,0,10,168,10,387,260,0,1,2,-33.946099,151.172859,4,0,2,1,2,0,3,4,0,0,7,70,2,14295,14295,3,5,5,2,0,0,1,0
1376034,4,2024,2024,2,6,4,2209,17,7,2205,0,1,1,-36.890872,149.872908,5,1,0,0,0,0,0,3,2,0,7,100,2,2585,4009,8,5,40,1,0,1,0,0
1376041,4,2024,2024,2,2,5,3,27,2,3,0,1,1,-29.505019,147.284019,51,1,0,1,0,0,0,0,2,0,7,110,1,1089,1089,7,5,40,1,0,1,0,0
1376046,1,2024,2024,2,5,3,30,31,74,34609,0,1,7,-33.711269,151.05002,31,0,2,1,1,0,0,0,1,0,0,50,0,6545,6545,4,5,27,2,0,0,0,1
1376048,1,2024,2024,2,0,7,2,27,15,34609,0,1,1,-35.205649,148.973183,82,1,0,1,0,2,0,0,2,0,7,100,0,1945,1945,5,10,40,1,0,0,0,1
1376056,4,2024,2024,9,2,5,8,27,4,35,0,1,1,-28.941306,152.090352,51,1,0,0,0,0,3,3,2,0,7,100,1,4552,5151,8,10,40,1,0,1,0,0
1376059,2,2024,2024,10,5,9,2261,17,34,2252,0,1,2,-34.807141,149.600932,26,1,0,0,0,0,0,0,2,0,7,110,2,2585,4009,8,0,40,1,0,0,1,0
1376093,4,2024,2024,2,4,2,213,17,8,213,0,1,1,-29.565623,148.536958,51,1,0,0,0,0,0,0,0,0,7,110,2,782,957,5,26,40,1,0,2,0,0
1376193,4,2024,2024,2,0,7,34,27,4,83,0,1,1,-29.491273,153.127142,18,1,0,0,0,0,0,0,2,0,7,100,1,4552,5151,8,16,40,1,0,1,0,0
1376202,2,2024,2024,11,2,7,61,27,32,70,0,1,9,-33.680264,150.999595,71,0,2,1,1,0,0,0,2,0,7,70,1,1669,1669,3,5,41,2,0,0,1,0
1376203,1,2024,2024,2,5,4,38,27,56,70,0,1,9,-33.756508,150.775682,55,0,2,1,0,0,0,0,2,2,7,60,1,623,623,3,10,0,2,0,0,0,1
1376206,4,2024,2024,10,3,7,61,10,56,174,0,1,1,-33.008177,151.489628,37,0,2,1,0,0,0,0,2,0,7,90,2,9859,9859,8,16,40,1,0,1,0,0
1376215,4,2024,2024,10,4,8,20,27,239,34609,0,1,1,-34.028257,151.131143,68,0,2,1,1,0,0,0,2,0,7,50,0,941,941,1,5,19,2,0,1,0,0
1376216,4,2024,2024,1,3,6,346,17,44,332,0,1,1,-28.815242,153.403654,2,2,1,0,0,0,3,0,2,0,7,80,2,1850,1463,5,16,40,1,0,1,0,0
1376222,4,2024,2024,8,2,1,33,10,69,34609,0,1,1,-28.537886,153.502136,10,1,0,0,0,0,3,4,0,0,7,100,0,1957,4009,8,5,40,1,0,1,0,0
1376226,2,2024,2024,10,6,6,133,31,133,97,1,0,10,-33.915918,151.012679,15,0,2,1,0,0,0,0,2,0,7,60,1,14295,14295,3,19,5,2,0,0,1,0
1376231,2,2024,2024,9,0,9,8,27,44,34609,0,1,4,-33.744672,150.72283,55,0,2,0,1,0,3,4,2,0,7,50,0,1850,1463,5,15,40,1,0,0,1,0
1376232,1,2024,2024,2,0,8,80,31,204,187,0,1,1,-33.877441,151.12866,32,0,2,1,1,0,0,0,2,1,7,50,2,1981,1981,4,0,5,2,0,0,0,1
1376248,1,2024,2024,10,4,6,5,27,5,18,0,1,9,-35.936083,145.85679,51,1,0,1,0,0,0,0,2,0,0,100,1,1109,787,1,10,10,2,0,0,0,1
1376256,1,2024,2024,10,3,6,5,27,4,34609,0,1,1,-35.221684,148.911834,82,2,1,1,0,0,0,0,2,0,7,80,0,945,945,5,15,40,1,0,0,0,1
1376257,2,2024,2024,10,4,7,3,1,46,34609,0,1,9,-35.150893,147.402485,75,2,1,1,0,0,0,0,2,0,7,80,0,1391,1391,1,5,5,2,0,0,1,1
1376265,2,2024,2024,2,5,3,45,25,85,34609,0,1,1,-34.589426,150.775783,62,0,2,1,1,0,0,0,2,0,7,50,0,9859,9859,8,0,40,2,0,0,1,0
1376269,4,2024,2024,2,6,10,63,17,207,63,0,1,1,-31.977972,141.45566,51,2,1,0,2,0,0,0,3,0,7,50,2,4552,5151,8,5,40,1,0,1,1,0
1376271,1,2024,2024,1,2,8,13,27,239,34609,0,1,7,-34.026039,151.126603,68,0,2,1,1,0,0,0,2,0,0,50,0,6545,6545,4,5,0,2,0,0,0,1
1376319,4,2024,2024,10,1,4,5,31,45,34609,0,1,9,-33.344678,151.4964,16,2,2,1,0,0,3,4,2,2,9,50,0,489,489,5,5,40,1,0,2,0,0
1376330,1,2024,2024,10,4,3,485,27,25,228,0,1,1,-33.615571,150.833957,29,2,2,1,0,0,0,0,1,0,7,80,2,14295,14295,3,0,5,2,0,0,0,1
1376345,4,2024,2024,10,3,7,1,34,12,34609,0,1,1,-36.818905,149.661301,5,1,0,0,0,2,0,0,2,0,7,100,0,1850,1463,5,23,40,1,0,1,0,2
1376351,4,2024,2024,9,6,6,293,10,23,172,0,1,9,-32.9905,151.635586,37,0,2,1,0,0,0,0,2,0,15,60,2,2852,2852,4,5,5,2,0,1,0,0
1376352,2,2024,2024,10,5,7,4,31,105,34609,0,1,10,-32.601073,149.581787,44,2,1,1,1,0,0,0,2,0,0,50,0,6545,6545,4,10,5,2,0,0,1,0
1376353,1,2024,2024,9,3,3,330,27,121,102,1,0,1,-33.785813,151.281014,50,0,2,1,2,0,0,0,2,0,7,50,2,3775,3775,0,0,0,2,0,0,0,1
1376354,1,2024,2024,9,6,6,36,31,150,34609,0,1,10,-33.927894,151.230748,59,0,2,1,1,0,0,0,2,0,0,50,0,6545,6545,4,9,12,2,0,0,0,1
1376357,1,2024,2024,9,0,10,1,31,304,34609,0,1,1,-33.907744,151.171622,32,0,2,1,2,0,0,0,0,0,0,50,0,1981,1981,4,0,18,2,0,0,0,1
1376358,4,2024,2024,2,2,5,63,31,24,34609,0,1,9,-33.665192,150.871436,7,0,2,1,1,0,3,4,2,0,7,60,0,926,926,4,5,36,2,0,1,1,0
1376360,4,2024,2024,9,4,3,346,17,3,332,0,1,9,-28.873379,153.131623,60,1,0,0,0,0,0,0,2,0,7,100,2,418,714,5,0,40,1,0,1,0,0
1376361,2,2024,2024,10,0,6,475,10,37,268,0,1,9,-33.869053,150.718358,41,0,2,0,0,0,0,0,2,0,7,80,2,2852,2852,4,8,10,2,0,0,1,0
1376363,4,2024,2024,2,0,11,20,31,234,34609,0,1,1,-34.285321,146.05642,28,2,1,0,2,0,0,0,0,0,7,50,0,312,312,2,16,40,1,0,1,0,0
1376364,2,2024,2024,2,6,9,4,27,21,34609,0,1,7,-33.700818,151.279043,50,0,2,0,1,0,3,4,3,0,0,50,0,4552,985,8,5,40,1,0,0,1,0
1376366,4,2024,2024,9,3,7,6,27,12,41,0,1,1,-33.43673,148.780482,11,1,0,1,0,0,0,0,2,0,7,100,1,9859,9859,8,0,40,1,0,2,0,0
1376367,4,2024,2024,2,0,5,2261,17,18,2252,0,1,2,-35.17915,147.854914,20,1,0,1,0,0,0,0,2,0,7,110,2,1981,1981,4,29,5,2,0,1,0,0
1376368,4,2024,2024,11,1,7,35,31,89,34609,0,1,1,-33.381197,151.481578,16,2,2,1,1,0,0,0,2,0,7,50,0,1220,1220,9,5,28,2,0,1,0,0
1376370,4,2024,2024,9,0,7,133,10,316,121,0,1,1,-31.479802,152.915413,56,2,1,1,1,0,0,0,2,2,7,50,1,3775,3775,0,5,12,3,0,1,0,0
1376371,4,2024,2024,2,3,11,21,27,140,34609,0,1,9,-33.894678,150.997432,15,0,2,1,2,0,0,0,0,0,7,60,0,1109,787,1,0,5,2,0,1,2,1
1376373,2,2024,2024,9,0,11,18,31,13,34609,0,1,1,-33.870842,151.225281,69,0,2,1,2,0,0,0,0,0,9,40,0,312,312,2,5,40,1,0,0,1,0
1376374,2,2024,2024,2,3,8,109,36,21,108,0,1,1,-28.285983,153.462228,72,1,0,1,3,0,0,0,2,0,7,100,1,1981,1981,4,0,13,2,0,0,1,1
1376375,2,2024,2024,9,0,9,11,1,106,35,0,1,2,-33.891249,151.180469,69,0,2,1,0,0,0,0,2,0,7,50,1,1109,787,1,22,36,2,0,0,1,0
1376376,2,2024,2024,10,0,4,15,27,253,7,0,1,1,-33.967717,151.10095,25,0,2,1,1,0,0,0,2,0,7,60,1,14295,14295,3,5,5,3,0,0,1,0
1376378,4,2024,2024,1,2,5,12,27,25,34609,0,1,1,-33.892938,150.655441,41,0,2,0,0,0,0,0,2,0,7,80,0,3775,3775,0,16,5,2,0,2,0,0
1376383,4,2024,2024,9,3,6,43,27,32,34609,0,1,9,-35.383835,150.365653,63,2,1,0,0,0,0,0,2,0,7,80,0,1259,5151,8,0,40,1,0,1,0,0
1376385,4,2024,2024,2,2,7,45,3,20,331,0,1,9,-34.076073,150.694987,12,0,2,0,1,0,3,4,2,2,7,80,1,5929,5929,1,0,5,2,0,1,1,0
1376387,4,2024,2024,9,0,5,6,31,149,34609,0,1,7,-33.99816,151.135652,4,0,2,1,0,0,0,0,2,0,0,50,0,6545,6545,4,5,0,2,0,1,1,0
1376390,4,2024,2024,1,4,7,19,27,100,34609,1,0,1,-33.893004,150.898353,24,0,2,1,1,0,0,0,2,0,7,60,0,340,340,9,33,28,3,0,1,0,1
1376401,4,2024,2024,2,4,0,2126,17,44,2149,0,1,2,-33.795119,150.886574,7,0,2,1,2,0,0,0,0,0,7,80,2,204,204,1,0,5,2,0,1,1,0
1376411,2,2024,2024,9,2,4,2126,17,445,2149,0,1,10,-33.85484,151.061436,21,0,2,1,1,0,0,0,2,2,7,60,2,5929,5929,1,16,0,2,0,0,1,0
1376415,4,2024,2024,2,0,8,133,31,646,97,0,1,1,-33.916035,151.013537,15,0,2,1,1,0,0,0,2,0,7,60,1,1981,1981,4,5,5,3,0,1,1,0
1376422,2,2024,2024,2,3,6,22,27,120,34609,0,1,1,-32.191887,152.531049,43,2,1,1,0,0,0,0,2,0,7,50,0,1945,1945,5,16,40,1,0,0,1,0
1376454,2,2024,2024,10,0,6,2126,17,75,2149,1,0,10,-33.709543,150.37315,8,2,2,1,1,0,0,0,2,2,7,60,2,14295,14295,3,21,12,2,0,0,2,0
1376460,1,2024,2024,10,6,3,23,31,21,34609,0,1,10,-32.583788,151.779718,51,2,1,1,1,0,0,0,2,0,0,50,0,5929,5929,1,5,13,2,0,0,0,1
1376560,4,2024,2024,2,1,11,69,31,646,563,0,1,9,-33.921302,151.039309,15,0,2,1,2,0,0,0,0,2,7,70,2,5929,5929,1,0,19,2,0,1,0,0
1376571,2,2024,2024,2,2,9,3,27,65,34609,0,1,1,-34.491479,150.892025,80,0,2,1,1,0,0,0,2,0,7,50,0,1945,1945,5,16,40,1,0,0,1,0
1376573,2,2024,2024,9,2,7,98,27,128,382,0,1,9,-33.633106,150.778528,29,2,2,1,1,0,0,0,2,0,15,80,2,2852,2852,4,5,0,2,0,0,1,0
1376592,1,2024,2024,9,5,8,45,31,43,81,0,1,9,-32.17918,152.500525,43,2,1,0,1,0,3,3,3,0,0,50,2,2852,2852,4,5,13,2,0,0,0,1
1376619,2,2024,2024,2,2,8,42,27,128,231,0,1,10,-33.424854,151.319296,16,2,2,1,1,0,0,0,2,2,7,60,2,5929,5929,1,0,0,2,0,0,1,2
1376631,2,2024,2024,9,3,8,916,17,8,917,0,1,1,-31.323575,150.884637,70,1,0,0,0,0,0,0,2,0,7,100,2,782,957,5,5,40,1,0,0,1,0
1376747,4,2024,2024,2,0,5,10,27,9,143,0,1,1,-34.152842,149.334194,74,2,1,0,0,0,0,0,2,0,7,80,2,4552,5151,8,16,40,1,0,1,0,0
1376817,4,2024,2024,11,1,3,229,14,173,237,0,1,9,-33.772312,151.119256,61,0,2,1,1,0,0,0,2,2,9,50,2,1220,1220,9,5,28,3,0,2,0,0
1376824,4,2024,2024,11,3,7,11,31,120,81,0,1,4,-32.180337,152.517055,43,2,1,0,1,0,3,4,2,0,7,50,2,4552,5151,8,5,40,1,0,1,0,0
1376825,4,2024,2024,9,4,4,78,17,22,75,0,1,8,-33.854229,151.209502,69,0,2,1,0,0,0,0,2,0,7,70,2,3775,3775,0,16,40,2,0,1,0,0
1376826,4,2024,2024,9,2,7,60,27,253,331,0,1,10,-33.961652,151.105857,25,0,2,1,0,0,0,3,2,0,15,60,2,1282,1282,1,16,13,2,0,1,0,0
1376827,4,2024,2024,9,5,11,2,27,25,34609,0,1,1,-32.392246,150.673901,46,1,0,1,0,0,0,0,0,0,7,100,0,1945,1945,5,16,40,1,0,1,0,0
1376828,4,2024,2024,10,2,6,62,31,316,34609,0,1,9,-33.906515,151.233354,59,0,2,0,0,0,0,0,2,0,0,50,0,1850,1463,5,16,40,1,0,1,0,0
1376829,4,2024,2024,11,2,5,3371,17,108,3342,0,1,9,-33.817862,151.182331,77,0,2,0,0,0,0,0,2,0,0,60,2,4552,5151,8,10,40,1,0,1,0,0
1376830,4,2024,2024,9,5,7,916,17,48,917,0,1,10,-29.05938,152.018036,51,2,1,1,1,0,0,0,2,0,15,50,2,9859,9859,8,0,40,1,0,1,0,0
1376831,4,2024,2024,9,0,9,42,27,87,34609,0,1,1,-33.080868,151.455076,37,0,2,1,0,0,0,0,3,0,7,50,0,1220,1220,9,5,28,2,0,1,0,0
1376834,2,2024,2024,9,3,6,11,31,19,34609,0,1,1,-35.853884,150.176278,23,2,1,0,1,0,0,0,2,0,7,50,0,3775,3775,0,0,12,2,0,0,3,0
1376835,2,2024,2024,11,3,0,2261,17,204,2252,0,1,10,-33.888516,151.117504,32,0,2,1,2,0,0,0,0,2,9,60,2,1220,1220,9,5,28,2,0,0,1,0
1376836,2,2024,2024,10,2,7,71,27,69,122,0,1,9,-34.545923,150.862167,62,0,2,1,1,0,0,0,2,2,9,70,2,591,591,1,17,13,2,0,0,2,0
1376837,4,2024,2024,11,3,6,62,27,17,166,0,1,9,-33.231138,151.426637,16,2,2,0,1,0,0,3,2,0,15,60,2,5929,5929,1,5,5,2,0,3,1,1
1376838,2,2024,2024,9,2,3,344,27,89,382,0,1,1,-33.671266,150.806289,55,0,2,1,1,0,0,0,2,0,7,80,2,14295,14295,3,5,5,3,0,0,1,1
1376839,4,2024,2024,9,6,8,10,31,155,95,0,1,1,-33.141024,148.177245,53,2,1,0,0,0,0,0,2,0,7,50,2,1981,1981,4,22,13,2,0,1,0,0
1376840,1,2024,2024,9,5,4,36,27,33,36,0,1,2,-34.024102,150.813991,13,0,2,1,1,0,0,0,2,0,7,70,1,4026,4026,8,0,40,1,0,0,0,1
1376841,2,2024,2024,9,2,7,2261,17,284,2252,1,0,9,-33.908729,151.02887,15,0,2,1,0,0,0,0,2,0,0,60,2,2852,2852,4,5,5,2,0,0,1,1
1376843,2,2024,2024,10,6,7,45,1,294,26,0,1,9,-33.939757,150.924945,41,0,2,1,2,0,0,0,2,2,7,60,2,150,150,4,16,5,2,0,0,1,0
1376844,4,2024,2024,5,6,5,3,18,253,34609,0,1,10,-33.966917,151.106126,25,0,2,1,0,0,0,0,2,0,5,50,0,2040,2040,9,5,28,2,0,1,0,0
1376845,4,2024,2024,10,3,5,4,27,15,34609,0,1,1,-32.751324,151.097483,64,2,1,1,0,0,0,0,2,0,7,60,0,1945,1945,5,16,40,1,0,1,0,0
1376847,4,2024,2024,10,3,7,361,23,253,165,0,1,1,-33.968832,151.102784,25,0,2,1,1,0,0,0,2,0,7,50,1,340,340,9,5,28,2,0,1,0,0
1376851,4,2024,2024,10,4,7,330,27,42,34609,0,1,7,-33.946111,150.940301,41,0,2,1,1,0,0,0,2,0,0,60,0,775,775,4,0,27,2,0,1,1,0
1376852,4,2024,2024,11,0,2,3371,17,58,3342,0,1,2,-32.796411,151.720422,57,2,1,1,2,0,0,0,1,0,7,60,2,9859,9859,8,5,40,1,0,1,0,0
1376853,4,2024,2024,10,3,9,171,27,29,369,0,1,9,-33.727503,150.720439,55,0,2,1,1,0,0,0,2,2,7,70,2,395,395,1,33,18,2,0,1,1,0
1376854,4,2024,2024,2,6,10,7,31,176,34609,0,1,7,-33.966773,151.132006,25,0,2,1,2,0,0,0,0,0,0,40,0,926,926,4,16,12,2,0,1,0,0
1376855,2,2024,2024,11,6,11,154,27,136,244,0,1,10,-33.911509,151.072883,15,0,2,1,2,0,3,4,0,2,7,60,2,6545,6545,4,5,5,3,0,0,1,1
1376856,2,2024,2024,1,2,5,293,31,112,769,0,1,10,-33.606761,150.822191,29,2,2,1,1,0,0,0,2,2,7,60,2,5929,5929,1,5,5,2,0,0,1,0
1376857,4,2024,2024,10,0,8,3371,17,29,3342,0,1,2,-32.231361,152.31929,43,1,0,0,0,0,0,0,2,0,7,100,2,1259,5151,8,9,40,1,0,1,0,1