Crash ID,Degree of crash - detailed,Reporting year,Year of crash,Month of crash,Day of week of crash,Two-hour intervals,Street of crash,Street type,Town,Route no.,School zone location,School zone active,Type of location,Latitude,Longitude,LGA,Urbanisation,Conurbation 1,Alignment,Street lighting,Road surface,Surface condition,Weather,Natural lighting,Signals operation,Other traffic control,Speed limit,Road classification,RUM - code,DCA - code,First impact type,Key TU type,Other TU type,No. of traffic units involved,No. killed,No. seriously injured,No. moderately injured,No. minor-other injured
1376858,1,2024,2024,9,2,11,481,17,22,483,0,1,1,-28.850364,150.220258,51,1,0,1,0,0,0,0,0,0,7,110,2,1945,1945,5,26,40,1,0,0,0,1
1376860,2,2024,2024,10,3,5,280,10,314,82,0,1,10,-33.852252,150.931859,24,0,2,1,1,0,0,0,2,0,15,60,1,6545,6545,4,5,5,2,0,0,3,1
1376861,2,2024,2024,10,1,10,118,17,29,118,0,1,1,-30.760745,150.090565,51,1,0,1,1,0,0,0,0,0,7,100,2,4026,4026,8,10,40,1,0,0,1,0
1376862,1,2024,2024,10,0,7,38,27,290,159,0,1,10,-33.949237,151.128751,4,0,2,1,0,0,0,0,2,0,7,60,2,14295,14295,3,16,0,2,0,0,0,1
1376863,4,2024,2024,10,0,11,92,27,9,34609,0,1,9,-34.060406,150.862721,13,0,2,0,0,0,3,4,0,0,15,60,0,1850,1463,5,16,40,1,0,1,0,0
1376864,2,2024,2024,2,5,3,2209,17,51,2205,0,1,9,-34.468482,150.826679,80,0,2,1,0,0,0,0,2,3,7,70,1,5929,5929,1,0,0,2,0,0,1,1
1376865,2,2024,2024,10,6,1,14,27,143,34609,0,1,1,-33.712234,151.09319,31,0,2,1,2,0,0,0,0,0,7,50,0,4026,4026,1,5,5,3,0,0,1,0
1376866,2,2024,2024,2,4,4,111,27,80,233,0,1,10,-33.940075,151.228336,4,0,2,1,1,0,0,0,2,2,7,60,2,14295,14295,3,5,0,3,0,0,1,1
1376867,1,2024,2024,10,5,2,4,31,562,34609,0,1,1,-32.25498,148.584951,22,2,1,0,2,0,0,0,0,0,7,50,0,2585,4009,8,5,40,1,0,0,0,2
1376868,2,2024,2024,11,2,6,1,31,47,34609,0,1,1,-33.779026,151.285173,50,0,2,1,1,0,0,0,2,0,9,50,0,2040,2040,9,5,28,2,0,0,1,0
1376870,2,2024,2024,9,6,10,293,31,123,34609,0,1,1,-33.827938,148.690042,51,2,1,1,2,0,0,0,0,0,7,50,0,9859,9859,8,0,40,1,0,0,1,0
1376894,4,2024,2024,2,0,9,5,27,26,34609,0,1,1,-33.740259,150.814218,7,0,2,0,0,0,0,0,3,0,7,50,0,1981,1981,4,10,19,2,0,1,0,0
1376913,2,2024,2024,10,0,5,1,31,68,34609,1,0,9,-33.703361,149.860664,51,2,1,1,1,0,0,0,2,0,7,50,0,9859,9859,1,0,35,4,0,0,1,0
1376940,4,2024,2024,11,6,10,4,1,646,34609,0,1,1,-33.920316,151.030297,15,0,2,1,2,0,3,4,0,0,7,50,0,9859,9859,8,5,40,1,0,1,0,0
1377002,4,2024,2024,5,3,1,2,18,433,34609,0,1,1,-33.295197,149.065995,52,2,1,1,0,0,0,0,0,0,7,50,0,9859,9859,8,16,40,1,0,1,0,0
1377012,4,2024,2024,5,0,8,127,27,182,169,0,1,2,-32.831693,151.357881,17,2,1,0,2,0,0,0,3,0,7,60,2,14295,14295,3,34,13,4,0,1,0,0
1377017,2,2024,2024,2,3,7,55,27,151,160,0,1,10,-34.042053,150.842387,13,0,2,1,1,0,0,0,2,2,7,60,2,5929,5929,1,0,0,2,0,0,2,0
1377024,1,2024,2024,2,6,8,134,10,69,133,0,1,10,-33.819304,151.021981,54,0,2,1,1,0,0,0,2,1,7,70,2,1391,1391,1,15,40,2,0,0,0,1
1377025,4,2024,2024,9,5,11,28,27,346,63,1,0,1,-33.891315,151.083502,67,0,2,1,2,0,0,0,0,0,7,50,1,186,186,9,5,28,2,0,1,1,0
1377035,1,2024,2024,9,3,10,4,27,36,34609,0,1,1,-34.407585,150.851067,80,0,2,0,0,0,0,0,0,0,7,60,0,4552,5151,8,5,40,1,0,0,0,1
1377039,2,2024,2024,9,0,11,3371,17,12,3342,0,1,2,-28.744344,153.533898,2,1,0,0,2,0,0,3,0,0,7,110,2,4552,5151,1,10,13,2,0,0,1,0
1377046,4,2024,2024,2,2,4,829,27,157,770,0,1,2,-33.809049,151.009038,54,0,2,1,1,0,0,0,2,0,7,60,2,14295,14295,3,10,22,3,0,1,0,0
1377047,4,2024,2024,9,0,7,51,27,95,45,0,1,10,-33.743991,150.834838,7,0,2,1,1,0,0,0,2,2,7,60,1,6545,6545,4,10,5,2,0,2,1,0
1377049,4,2024,2024,2,1,9,9,27,5,34609,0,1,1,-28.753968,153.516372,2,2,1,0,0,0,0,0,0,0,7,60,0,4552,5151,8,10,40,1,0,1,0,0
1377050,4,2024,2024,2,0,9,2126,17,65,2149,0,1,2,-33.812877,150.958107,21,0,2,1,2,0,0,0,2,0,7,80,2,14295,14295,3,5,18,2,0,1,0,0
1377051,2,2024,2024,9,0,10,3,23,43,34609,0,1,7,-33.731645,150.781174,7,0,2,1,0,0,3,0,0,0,0,50,0,312,312,2,0,40,1,0,0,2,0
1377112,2,2024,2024,11,1,5,133,31,646,118,0,1,9,-33.91733,151.031237,15,0,2,1,1,0,0,0,2,2,9,60,1,186,186,9,22,28,2,0,0,1,0
1377113,2,2024,2024,9,0,0,53,31,113,10,1,0,10,-29.465396,149.835956,51,2,1,1,0,0,0,0,0,0,0,50,1,6545,6545,4,0,35,2,0,0,2,0
1377114,2,2024,2024,9,0,8,829,31,314,240,0,1,10,-33.848867,150.922629,24,0,2,1,0,0,3,4,2,2,7,60,2,6545,6545,4,0,5,5,0,0,1,0
1377115,4,2024,2024,10,4,7,30,31,68,3,0,1,1,-33.699543,149.862415,51,2,1,1,0,0,0,0,2,0,7,60,1,323,323,1,16,35,2,0,1,0,0
1377117,2,2024,2024,5,0,3,1,31,24,34609,0,1,1,-32.025228,151.954825,43,2,1,1,0,0,0,0,1,0,7,50,0,9859,9859,8,10,40,1,0,0,1,0
1377118,2,2024,2024,9,2,4,76,24,164,154,0,1,9,-33.727099,150.896642,7,0,2,1,1,0,0,0,2,2,7,70,1,2852,2852,4,5,0,2,0,0,2,0
1377119,4,2024,2024,2,6,5,43,22,80,19,0,1,10,-33.872729,151.174789,32,0,2,1,1,0,0,0,2,2,7,50,2,1669,1669,3,15,25,2,0,1,0,0
1377120,2,2024,2024,9,4,8,2,31,166,34609,0,1,10,-33.409856,149.580668,3,2,1,1,0,0,0,0,2,0,0,50,0,6545,6545,4,16,0,2,0,0,1,0
1377121,4,2024,2024,9,6,6,149,36,4,113,0,1,9,-32.368512,152.478255,43,2,1,0,1,0,0,0,2,0,7,60,1,1669,1669,3,30,5,3,0,1,0,0
1377125,1,2024,2024,2,0,5,27,36,83,157,0,1,1,-29.716311,152.950443,18,2,1,1,0,0,0,0,2,0,7,80,2,9859,9859,8,10,40,1,0,0,0,1
1377126,2,2024,2024,11,1,4,3,31,162,34609,0,1,9,-33.842049,150.910947,24,0,2,1,1,0,0,0,2,0,15,60,0,14295,14295,3,5,5,2,0,0,1,0
1377127,4,2024,2024,9,2,5,63,31,82,79,1,0,10,-33.826948,151.209386,49,0,2,1,1,0,0,0,2,2,7,50,2,2585,777,8,16,40,1,0,1,0,0
1377129,4,2024,2024,11,3,7,13,27,65,208,0,1,9,-33.860938,150.901161,24,0,2,0,2,0,0,0,2,2,7,50,1,926,926,4,0,5,2,0,1,1,0
1377130,4,2024,2024,9,6,9,50,27,166,799,0,1,1,-33.898751,151.174322,32,0,2,1,1,0,0,0,2,0,7,40,2,1282,1282,1,0,18,2,0,1,0,0
1377131,2,2024,2024,10,4,7,3371,17,90,3342,0,1,2,-28.225769,153.556441,72,1,0,1,0,0,0,0,2,0,7,100,2,14295,14295,3,5,5,2,0,0,1,1
1377133,4,2024,2024,11,2,6,6,1,18,34609,0,1,1,-33.232185,151.530186,16,2,2,0,0,0,0,0,2,0,7,50,0,2585,4009,8,16,40,1,0,1,0,0
1377134,1,2024,2024,2,6,3,106,27,76,106,0,1,2,-33.926099,150.854694,41,0,2,1,2,0,3,4,2,0,7,70,2,14295,14295,3,10,0,2,0,0,0,1
1377136,2,2024,2024,9,0,6,110,31,433,34609,0,1,1,-33.280967,149.094172,52,2,1,1,1,0,0,0,2,0,7,40,0,9859,9859,8,0,40,1,0,0,1,0
1377138,1,2024,2024,10,0,6,145,31,532,34609,0,1,10,-33.863366,151.211861,69,0,2,1,1,0,0,0,2,2,7,40,0,5929,5929,1,0,40,2,0,0,0,1
1377139,1,2024,2024,2,6,4,1052,14,33,928,0,1,3,-33.657182,151.134841,31,0,2,1,0,0,0,0,2,0,7,110,2,14295,14295,3,0,5,2,0,0,0,1
1377140,4,2024,2024,9,2,5,512,17,17,441,0,1,1,-33.424782,149.307353,3,1,0,0,0,0,3,4,2,0,7,100,2,1957,4009,8,0,40,1,0,1,0,0
1377141,2,2024,2024,9,5,8,29,31,74,9,0,1,9,-33.752081,150.845676,7,0,2,1,0,0,0,0,2,2,7,60,2,5929,5929,1,5,5,2,0,0,2,0
1377142,2,2024,2024,11,2,4,3371,17,207,3342,0,1,1,-33.586708,151.175661,31,0,2,0,0,0,0,0,2,0,7,70,2,3775,3775,0,10,19,2,0,0,1,0
1377144,4,2024,2024,10,4,8,22,10,108,57,0,1,1,-28.853787,153.557231,2,2,1,1,1,0,0,0,2,0,7,60,1,14295,14295,3,16,13,2,0,1,0,0
1377147,4,2024,2024,2,1,8,1,10,33,34609,0,1,1,-33.717356,150.427628,8,2,2,0,0,0,0,0,2,0,7,50,0,3775,3775,0,22,0,2,0,1,1,0
1377150,4,2024,2024,10,0,3,308,14,252,311,0,1,3,-33.930818,150.867356,41,0,2,1,1,0,0,0,2,0,7,80,2,4026,4026,8,0,40,3,0,1,0,0
1377151,2,2024,2024,10,4,10,2126,17,104,2149,0,1,2,-33.833001,151.017668,54,0,2,1,2,0,0,0,0,0,7,60,2,14295,14295,3,0,5,2,0,0,1,0
1377154,2,2024,2024,9,4,4,8,31,68,78,0,1,1,-33.704108,149.856964,51,2,1,1,1,0,0,0,2,0,9,50,2,591,591,1,22,5,2,0,0,1,0
1377156,2,2024,2024,10,2,5,866,17,247,793,0,1,9,-33.816417,150.963069,21,0,2,1,1,0,0,0,2,2,7,70,2,395,395,1,0,10,3,0,0,1,0
1377158,4,2024,2024,9,5,11,3371,17,30,3342,0,1,10,-33.190028,151.577333,16,2,2,1,2,0,0,0,0,2,7,80,2,14295,14295,3,9,0,3,0,1,0,1
1377159,4,2024,2024,9,0,2,22,27,46,207,0,1,9,-33.876373,151.229736,81,0,2,1,2,0,3,0,0,2,7,60,2,4026,4026,8,0,40,1,0,1,0,0
1377160,4,2024,2024,10,1,2,12,27,64,12,0,1,7,-33.900002,151.075904,67,0,2,1,2,0,0,0,1,0,0,60,1,4026,4026,8,5,40,1,0,1,0,0
1377162,4,2024,2024,10,1,9,478,17,5,480,0,1,2,-33.425071,151.405001,16,2,2,0,2,0,0,0,3,2,9,60,2,1850,1463,5,16,40,1,0,1,0,0
1377163,4,2024,2024,10,1,7,39,27,169,34609,0,1,9,-33.784274,150.843806,7,0,2,1,0,0,0,0,2,0,15,50,0,2852,2852,4,5,19,2,0,1,0,0
1377164,4,2024,2024,9,4,2,40,27,59,39,0,1,1,-33.191558,151.500947,37,0,2,1,0,0,0,0,1,0,7,80,1,1089,1089,7,0,40,1,0,1,0,0
1377166,4,2024,2024,10,0,9,1,18,363,34609,0,1,9,-33.813122,151.0073,54,0,2,1,2,0,0,0,0,0,15,40,0,1220,1220,9,0,28,2,0,1,0,0
1377167,1,2024,2024,10,5,8,23,27,523,23,0,1,10,-33.922879,150.908134,41,0,2,1,1,0,0,3,2,2,7,50,1,5929,5929,1,5,19,2,0,0,0,1
1377168,2,2024,2024,9,4,5,25,27,7,143,0,1,1,-33.040035,149.687555,44,1,0,0,0,0,0,0,2,0,7,100,2,418,714,5,9,40,1,0,0,1,0
1377169,4,2024,2024,10,4,0,85,31,10,34609,0,1,10,-32.916692,151.762848,48,0,2,1,2,0,0,0,0,0,0,50,0,1282,1282,1,33,27,2,0,1,0,0
1377170,2,2024,2024,9,3,5,85,10,136,702,0,1,2,-33.856942,151.070811,67,0,2,0,1,0,0,0,2,0,7,80,2,1192,1192,1,8,0,3,0,0,1,0
1377173,2,2024,2024,2,6,9,6,1,136,34609,0,1,1,-33.861252,151.065887,67,0,2,1,2,0,0,0,3,0,7,50,0,941,941,1,5,19,2,0,0,1,0
1377174,2,2024,2024,2,0,3,2126,17,223,2149,0,1,10,-33.804825,150.927577,7,0,2,1,1,0,0,0,1,2,7,80,2,6545,6545,4,10,13,2,0,0,1,0
1377175,1,2024,2024,10,6,7,34,10,7,40,0,1,9,-35.823658,150.199938,23,2,1,1,0,0,0,0,2,0,0,80,1,14295,14295,3,5,0,3,0,0,0,3
1377177,4,2024,2024,9,2,11,283,27,145,702,0,1,2,-33.922261,151.067994,15,0,2,1,2,0,0,0,0,2,9,60,2,1945,1945,5,15,40,1,0,1,0,0
1377178,4,2024,2024,9,6,7,829,27,159,770,0,1,9,-33.805772,151.076781,61,0,2,1,1,0,0,0,2,0,7,70,2,2040,2040,9,10,28,2,0,1,0,0
1377182,2,2024,2024,10,2,11,24,31,102,34609,0,1,7,-31.109157,150.909372,70,2,1,1,2,0,0,0,0,0,0,50,0,4026,4026,8,5,40,1,0,0,1,0
1377185,4,2024,2024,2,6,6,1,27,13,34609,0,1,10,-35.142476,150.519738,63,2,1,1,0,2,0,0,2,0,7,60,0,29,29,6,23,40,1,0,1,0,0
1377210,4,2024,2024,10,4,7,478,17,26,480,0,1,1,-33.279265,151.555752,16,2,2,1,0,0,0,0,2,0,7,80,2,1282,1282,1,16,40,2,0,1,0,0
1377294,2,2024,2024,10,1,8,4,10,74,34609,0,1,1,-34.447669,150.854347,80,0,2,0,0,0,0,0,2,0,7,50,0,4552,5151,1,0,5,2,0,0,1,0
1377295,4,2024,2024,9,2,0,44,27,50,15,0,1,1,-33.234845,151.568289,16,2,2,1,2,0,3,4,0,0,7,50,1,9859,9859,8,5,40,1,0,1,0,0
1377302,1,2024,2024,9,4,4,10,31,13,34609,0,1,7,-33.370171,151.484242,16,2,2,1,1,0,0,0,2,0,0,50,0,6545,6545,4,5,27,2,0,0,0,1
1377303,4,2024,2024,2,4,11,1,31,44,34609,0,1,1,-30.725527,152.908022,47,2,1,0,0,0,0,0,0,0,7,50,0,418,714,5,5,40,1,0,1,0,0
1377304,4,2024,2024,9,0,6,12,27,5,34609,0,1,1,-32.641895,151.612453,57,2,1,0,0,0,0,3,2,0,7,80,0,4552,5151,8,10,40,1,0,1,0,0
1377306,4,2024,2024,10,3,6,5,27,7,8,0,1,1,-29.67551,148.824349,51,1,0,0,0,0,0,0,2,0,7,100,1,418,714,5,29,40,1,0,1,0,0
1377307,2,2024,2024,11,6,8,36,1,29,28,0,1,7,-33.914815,150.78588,41,0,2,1,1,0,0,0,3,0,0,70,1,14295,14295,3,16,13,2,0,0,1,0
1377308,4,2024,2024,2,5,10,9,31,73,34609,0,1,9,-33.726345,150.703363,55,0,2,0,1,0,0,0,3,0,7,50,0,1850,1463,5,16,40,1,0,1,0,0
1377311,4,2024,2024,10,2,4,481,17,8,483,0,1,1,-30.471704,149.655938,51,1,0,1,0,0,0,0,2,0,7,110,2,4026,4026,8,3,40,1,0,1,0,0
1377320,1,2024,2024,2,3,6,2,31,290,34609,0,1,1,-33.947605,151.119933,4,0,2,1,0,0,0,0,2,0,7,50,0,248,248,1,5,5,2,0,0,0,1
1377326,1,2024,2024,10,2,6,2261,17,187,2252,0,1,2,-33.895751,150.990064,15,0,2,1,0,0,0,0,2,0,7,70,2,14295,14295,3,5,18,2,0,0,0,1
1377344,1,2024,2024,10,1,0,13,27,41,34609,0,1,9,-33.733233,150.816694,7,0,2,1,0,0,0,0,0,0,7,50,0,9859,9859,1,15,13,2,0,0,0,1
1377358,4,2024,2024,10,0,7,829,27,149,770,0,1,2,-33.867983,151.179871,32,0,2,0,1,0,0,0,2,0,7,60,2,14295,14295,3,10,0,2,0,1,0,0
1377360,4,2024,2024,10,3,7,32,27,149,34609,0,1,1,-33.817567,150.966523,21,0,2,1,1,0,0,0,2,0,7,50,0,9859,9859,8,16,40,1,0,1,0,0
1377374,2,2024,2024,2,5,5,1052,14,60,928,0,1,3,-33.432427,151.253872,16,1,2,1,3,0,0,0,2,0,7,110,2,1383,1383,1,5,10,2,0,0,1,0
1377381,4,2024,2024,1,1,11,8,27,11,34609,0,1,1,-34.467058,145.226933,51,1,0,1,0,0,0,0,0,0,7,100,0,475,475,5,10,40,1,0,1,0,0
1377383,2,2024,2024,9,3,5,120,36,10,148,0,1,9,-30.534156,151.877798,1,1,0,0,0,0,0,0,2,0,0,100,2,3775,3775,0,5,0,2,0,0,2,0
1377384,2,2024,2024,9,4,5,64,31,67,94,0,1,1,-33.884918,151.013822,15,0,2,1,1,0,0,0,2,0,7,60,1,14295,14295,3,9,0,2,0,0,1,0
1377385,2,2024,2024,2,4,5,178,27,189,101,0,1,9,-33.9509,151.052423,25,0,2,0,0,0,0,0,2,0,9,50,1,591,591,1,22,0,2,0,0,1,0
1377386,1,2024,2024,9,4,0,10,31,532,34,0,1,10,-33.872805,151.205092,69,0,2,1,2,0,0,0,0,2,6,40,1,395,395,1,5,27,2,0,0,0,1
1377388,2,2024,2024,6,6,3,387,27,115,331,0,1,9,-33.960294,151.060597,25,0,2,1,1,0,0,0,1,0,7,60,2,2852,2852,4,5,19,2,0,0,1,0
1377389,2,2024,2024,2,4,10,36,10,201,34609,0,1,1,-34.886338,150.61248,63,2,1,0,2,0,0,0,0,0,7,50,0,1957,4009,8,34,40,1,0,0,1,0
1377390,2,2024,2024,2,5,4,6,27,169,147,0,1,9,-28.661166,153.614836,10,2,1,1,1,0,0,0,2,0,0,50,1,14295,14295,3,0,27,2,0,0,1,0
1377391,1,2024,2024,10,2,7,97,17,14,88,0,1,9,-35.000264,149.38352,82,1,0,1,0,0,0,0,2,0,0,110,2,256,256,4,0,5,2,0,0,0,2
1377392,4,2024,2024,10,4,3,330,27,147,605,0,1,9,-33.756084,151.282881,50,0,2,1,1,0,0,0,2,0,7,40,2,515,515,1,8,19,2,0,1,0,0
1377393,4,2024,2024,2,3,5,20,31,204,244,0,1,10,-33.889989,151.117231,32,0,2,1,1,0,0,0,2,2,7,50,2,6545,6545,4,5,27,2,0,1,1,0
1377394,1,2024,2024,10,4,6,110,27,9,34609,0,1,9,-33.829422,151.072504,54,0,2,1,1,0,0,0,2,0,7,50,0,14295,14295,3,5,5,3,0,0,0,1
1377395,4,2024,2024,9,4,11,2209,17,133,2205,0,1,9,-34.502382,150.788992,80,0,2,1,2,0,0,0,0,2,7,60,1,2852,2852,4,5,19,2,0,1,1,0
1377424,2,2024,2024,2,0,0,21,27,12,61,0,1,10,-34.177138,146.108003,28,1,0,0,3,0,0,0,0,0,0,100,1,418,714,5,5,40,1,0,0,1,0
1377441,1,2024,2024,2,2,5,104,27,137,140,0,1,2,-33.923293,151.209837,69,0,2,1,3,0,0,0,2,0,7,60,2,1391,1391,1,30,5,5,0,0,0,1
1377458,1,2024,2024,10,6,7,81,27,44,115,0,1,2,-33.798557,150.89679,7,0,2,1,3,0,0,0,2,0,7,50,2,14295,14295,3,0,12,2,0,0,0,1
1377467,2,2024,2024,2,5,4,6,10,463,6,0,1,9,-30.324028,153.092457,19,2,1,0,3,0,0,0,2,0,0,60,1,6545,6545,4,10,13,2,0,0,1,0
1377499,2,2024,2024,11,0,9,2209,17,51,2205,0,1,2,-34.468686,150.826054,80,0,2,0,3,0,0,0,0,0,7,70,1,14295,14295,3,5,13,2,0,0,2,0
1377532,2,2024,2024,10,2,7,98,31,100,159,0,1,9,-33.957862,151.149099,4,0,2,1,1,0,0,0,2,0,0,60,2,14295,14295,3,9,12,3,0,0,2,0
1377537,2,2024,2024,9,3,9,14,31,273,34609,0,1,1,-34.431213,150.889892,80,0,2,1,3,0,0,0,0,0,7,50,0,1981,1981,4,10,5,2,0,0,1,0
1377548,1,2024,2024,9,6,7,67,27,165,78,0,1,1,-33.853019,151.151587,14,0,2,1,3,0,0,0,2,0,7,50,2,14295,14295,3,9,5,3,0,0,0,1
1377593,1,2024,2024,9,0,7,20,23,252,16,0,1,1,-33.933003,150.887061,41,0,2,1,3,0,3,3,2,0,7,60,0,1981,1981,4,5,0,2,0,0,0,1
1377621,1,2024,2024,2,3,1,36,27,23,39,0,1,1,-32.377716,149.20051,44,1,0,0,3,0,0,0,0,0,7,100,2,273,957,5,0,40,1,0,0,0,1
1377641,4,2024,2024,9,5,7,866,17,174,793,0,1,2,-33.864319,150.92611,24,0,2,1,1,0,0,0,2,0,7,70,2,14295,14295,3,16,25,2,0,1,0,0
1377645,1,2024,2024,2,3,7,3,27,3,34609,0,1,1,-35.572721,149.292515,58,2,1,0,0,2,0,0,2,0,7,80,0,404,404,8,16,40,1,0,0,0,1
1377649,2,2024,2024,2,3,0,50,27,166,799,0,1,9,-33.897733,151.178503,32,0,2,1,2,0,0,0,0,2,9,40,2,1220,1220,9,5,28,2,0,0,1,0
1377655,4,2024,2024,2,6,1,330,23,150,112,0,1,2,-33.927108,151.231578,59,0,2,1,2,0,0,0,0,0,7,60,2,9859,9859,1,5,0,2,0,1,0,0
1377656,4,2024,2024,2,1,6,8,27,370,34609,1,0,10,-34.071629,150.83013,13,0,2,1,1,0,0,3,2,0,7,60,0,5929,5929,1,9,27,2,0,1,0,0
1377660,4,2024,2024,9,1,3,149,36,21,81,0,1,1,-32.115201,152.478629,43,1,0,0,0,0,0,0,1,0,7,100,2,3775,3775,0,0,13,3,0,2,0,0
1377667,4,2024,2024,2,5,11,24,36,12,56,0,1,1,-34.10403,147.357647,51,1,0,1,0,0,0,0,0,0,7,100,2,9859,9859,8,5,40,1,0,1,0,0
1377679,4,2024,2024,2,2,10,23,27,15,34609,0,1,1,-28.790003,153.471503,2,2,1,0,0,0,0,6,0,0,7,80,0,2585,4009,8,10,40,1,0,1,1,0
1377680,1,2024,2024,9,0,7,126,27,370,168,0,1,10,-34.068104,150.802502,13,0,2,1,1,0,0,0,2,2,7,60,2,14295,14295,3,0,5,2,0,0,0,1
1377685,2,2024,2024,2,2,6,17,31,98,118,0,1,7,-30.976804,150.251024,51,2,1,1,0,0,0,0,2,0,7,40,2,14295,14295,3,5,5,2,0,0,2,0
1377699,4,2024,2024,9,3,8,3,27,16,34609,0,1,1,-34.030122,151.040118,68,0,2,1,0,0,0,0,2,0,7,50,0,941,941,1,16,40,3,0,1,0,0
1377702,2,2024,2024,2,5,8,2261,17,80,2252,0,1,9,-33.95948,150.885372,13,0,2,1,1,0,0,0,2,2,7,70,2,2852,2852,4,5,36,2,0,0,2,0
1377710,2,2024,2024,9,0,5,7,31,108,34609,0,1,9,-33.762869,151.268868,50,0,2,1,1,0,0,0,2,0,15,50,0,2852,2852,4,0,41,2,0,0,2,0
1377717,1,2024,2024,9,5,8,2209,17,157,2205,0,1,2,-34.008054,151.106745,68,0,2,1,1,0,0,0,2,0,7,70,2,14295,14295,3,9,0,2,0,0,0,1
1377722,4,2024,2024,2,3,8,916,17,4,917,0,1,10,-31.203387,150.917174,70,1,0,1,0,0,3,4,2,0,15,100,2,4026,4026,8,9,40,1,0,2,1,0
1377730,4,2024,2024,2,1,4,77,31,64,563,0,1,9,-33.885729,151.039766,21,0,2,1,0,0,0,0,2,0,0,80,2,775,775,4,0,22,3,0,1,1,0
1377751,4,2024,2024,2,1,11,2261,17,44,2252,0,1,9,-33.897356,150.952857,24,0,2,1,2,0,0,0,0,2,7,70,2,6545,6545,4,5,5,2,0,1,0,1
1377805,2,2024,2024,2,3,7,106,27,46,106,0,1,2,-33.926033,150.865858,41,0,2,1,1,0,3,4,2,0,7,70,2,14295,14295,3,5,5,3,0,0,2,0
1377865,4,2024,2024,9,2,8,45,27,168,40,0,1,1,-33.691757,150.83655,7,0,2,1,1,0,0,0,2,0,7,70,2,4026,4026,8,0,40,1,0,1,0,0
1377873,1,2024,2024,2,3,10,33,10,7,34609,0,1,1,-28.592669,153.465574,10,2,1,0,0,0,0,0,0,0,7,80,0,2585,4009,8,0,40,1,0,0,0,1
1377912,2,2024,2024,9,0,10,45,31,173,55,0,1,9,-33.875838,151.212331,69,0,2,1,2,0,0,0,0,2,7,40,1,9859,9859,8,22,40,2,0,0,1,0
1378022,1,2024,2024,0,0,9,12,27,39,34609,0,1,1,-32.713896,152.073072,57,2,1,0,2,0,3,4,0,0,7,50,0,4552,5151,1,16,0,2,0,0,0,1
1378055,4,2024,2024,8,1,10,2261,17,523,2252,0,1,9,-33.930681,150.917497,41,0,2,1,2,0,3,0,0,0,7,60,2,214,214,9,5,28,2,0,1,0,0
1378066,4,2024,2024,2,0,6,14,27,24,34609,1,0,1,-33.956637,150.992903,15,0,2,1,1,0,0,0,2,0,7,50,0,623,623,3,10,13,2,0,1,0,0
1378072,4,2024,2024,9,5,7,32,31,17,91,1,0,9,-33.907915,151.259559,59,0,2,1,1,0,0,0,2,0,7,50,1,515,515,1,0,18,2,0,1,0,0
1378078,4,2024,2024,9,4,6,2,27,1,34609,0,1,1,-35.202738,147.024813,51,1,0,1,0,0,0,0,2,0,7,100,0,1945,1945,5,8,40,1,0,1,0,0
1378079,4,2024,2024,9,5,8,44,27,253,53,0,1,1,-33.954463,151.106124,25,0,2,1,0,0,0,0,2,0,7,60,1,3775,3775,0,5,5,2,0,1,0,0
1378082,2,2024,2024,2,4,10,1,18,218,34609,1,0,1,-33.768625,150.769597,55,0,2,1,1,0,0,0,2,0,7,50,0,9859,9859,1,5,5,2,0,0,1,1
1378086,2,2024,2024,9,4,6,21,31,219,34609,1,0,10,-32.908799,151.671004,48,0,2,1,1,0,0,0,2,0,0,50,0,6545,6545,4,16,13,2,0,0,1,1
1378089,1,2024,2024,2,1,8,3371,17,8,3342,0,1,2,-28.338709,153.523961,72,1,0,0,0,0,0,0,2,0,7,110,2,380,714,5,9,40,1,0,0,0,1
1378091,4,2024,2024,2,2,3,31,31,174,34609,0,1,7,-33.896301,151.207819,69,0,2,1,1,0,0,0,2,0,0,40,0,4026,4026,8,5,40,1,0,1,0,0
1378095,2,2024,2024,9,0,8,35,27,363,24,0,1,7,-33.760871,150.686275,55,0,2,1,0,0,0,0,2,0,0,60,1,5929,5929,1,16,0,2,0,0,1,0
1378098,1,2024,2024,9,2,4,14,27,20,34609,0,1,1,-33.461229,150.726907,29,2,2,0,0,2,3,3,2,0,7,50,0,3775,3775,0,22,0,2,0,0,0,1
1378099,1,2024,2024,9,5,7,196,10,34,168,0,1,1,-33.979156,151.000569,15,0,2,0,1,0,0,0,2,0,7,60,2,4552,5151,8,29,40,1,0,0,0,1
1378115,4,2024,2024,2,4,8,118,17,29,118,0,1,1,-30.720544,150.05516,51,1,0,0,0,0,0,0,2,0,7,100,2,2585,4009,8,5,40,1,0,1,0,0
1378123,2,2024,2024,2,4,8,112,27,96,256,0,1,9,-34.052457,150.824416,13,0,2,0,1,0,0,0,2,1,7,60,2,2852,2852,4,0,0,2,0,0,2,0
1378124,1,2024,2024,2,6,9,5,27,5,34609,0,1,9,-35.17344,143.403255,51,1,0,1,0,0,0,0,3,0,0,100,0,14295,14295,3,33,5,2,0,0,0,1
1378136,4,2024,2024,9,4,6,137,14,55,70,0,1,3,-32.831624,151.533967,17,1,0,0,1,0,0,0,2,0,7,110,2,1957,4009,8,16,40,1,0,1,0,0