Crash ID,Degree of crash - detailed,Reporting year,Year of crash,Month of crash,Day of week of crash,Two-hour intervals,Street of crash,Street type,Town,Route no.,School zone location,School zone active,Type of location,Latitude,Longitude,LGA,Urbanisation,Conurbation 1,Alignment,Street lighting,Road surface,Surface condition,Weather,Natural lighting,Signals operation,Other traffic control,Speed limit,Road classification,RUM - code,DCA - code,First impact type,Key TU type,Other TU type,No. of traffic units involved,No. killed,No. seriously injured,No. moderately injured,No. minor-other injured
1378140,2,2024,2024,9,2,5,32,31,111,91,0,1,9,-33.923943,151.256164,59,0,2,1,1,0,0,0,2,0,7,50,1,5929,5929,1,5,27,2,0,0,1,0
1378143,4,2024,2024,2,5,11,12,1,123,34609,0,1,1,-33.914972,151.224374,59,0,2,1,2,0,0,0,0,0,7,50,0,9859,9859,1,5,0,2,0,1,0,0
1378147,2,2024,2024,9,0,5,255,27,103,76,0,1,9,-32.9397,151.659372,37,0,2,1,1,0,0,0,2,0,0,40,1,623,623,3,19,0,2,0,0,1,0
1378149,4,2024,2024,9,2,0,38,27,53,38,0,1,1,-33.383349,151.446014,16,2,2,0,2,0,1,0,0,0,0,70,1,1850,1463,5,5,40,1,0,1,0,0
1378150,1,2024,2024,2,0,11,27,17,54,34609,0,1,1,-33.107462,151.624233,37,0,2,0,0,0,0,0,0,0,7,50,0,782,957,5,16,40,1,0,0,0,1
1378153,1,2024,2024,9,6,6,78,17,34,58,0,1,1,-34.937392,149.009063,82,1,0,1,0,0,3,4,2,0,7,100,2,3775,3775,0,30,0,2,0,0,0,3
1378168,2,2024,2024,2,1,8,515,14,197,518,0,1,3,-33.94317,151.076936,15,0,2,1,0,0,0,0,2,0,7,80,2,14295,14295,3,8,5,4,0,0,1,0
1378330,4,2024,2024,9,0,10,125,27,17,123,0,1,9,-33.344147,151.429374,16,2,2,1,2,0,3,3,3,0,2,70,2,1957,777,8,10,40,1,0,1,0,0
1378427,2,2024,2024,9,2,7,10,31,172,34609,0,1,1,-32.744846,151.583061,42,2,1,1,1,0,0,0,2,0,7,50,0,1192,1192,1,5,27,2,0,0,1,0
1378478,2,2024,2024,2,1,9,65,10,132,148,0,1,1,-34.114372,151.06617,68,0,2,0,0,0,0,0,3,0,7,60,2,4552,5151,8,0,40,1,0,0,1,0
1378482,4,2024,2024,2,5,4,283,27,70,702,0,1,9,-33.980608,151.107657,25,0,2,1,0,0,0,0,2,0,0,70,2,5929,5929,1,0,5,2,0,2,0,0
1378497,4,2024,2024,2,2,9,10,27,4,34609,0,1,1,-29.835199,152.690869,18,1,0,0,0,0,0,0,2,0,7,100,0,3775,3775,0,21,13,2,0,1,1,0
1378522,4,2024,2024,2,2,6,8,24,29,34609,0,1,1,-35.139531,147.33951,75,2,1,1,1,0,0,0,2,0,7,50,0,1981,1981,4,0,18,2,0,1,0,0
1378545,4,2024,2024,2,0,10,52,27,188,53,1,0,10,-33.933077,151.099418,15,0,2,1,2,0,0,0,0,2,7,50,1,3775,3775,0,5,5,2,0,1,1,0
1378551,4,2024,2024,9,3,5,53,31,31,34609,0,1,7,-31.125583,150.915399,70,2,1,0,0,0,0,0,2,0,0,50,0,1850,1463,5,16,40,1,0,1,0,0
1378553,2,2024,2024,2,6,5,4,31,207,34609,0,1,1,-31.965209,141.450102,51,2,1,1,1,0,0,0,2,0,7,50,0,9859,9859,8,0,40,1,0,0,1,0
1378558,1,2024,2024,2,4,8,330,27,108,605,0,1,2,-33.759153,151.279568,50,0,2,1,1,0,0,0,2,0,7,60,2,1945,1945,5,22,40,1,0,0,0,1
1378564,2,2024,2024,2,0,4,78,1,182,34609,0,1,1,-32.837788,151.351639,17,2,1,1,0,0,0,0,2,0,7,50,0,9859,9859,1,0,12,2,0,0,1,0
1378574,4,2024,2024,2,1,5,35,10,132,148,0,1,1,-34.160009,151.016631,68,0,2,0,0,0,0,0,2,0,7,60,2,404,404,8,16,40,1,0,1,0,0
1378607,2,2024,2024,9,6,3,59,10,89,34609,0,1,0,-33.904631,151.232831,59,0,2,0,1,0,3,0,2,0,7,30,0,1282,1282,1,5,27,2,0,0,1,0
1378634,2,2024,2024,2,1,8,2209,17,137,2205,0,1,2,-34.03709,151.065778,68,0,2,0,1,0,0,0,2,0,7,70,2,14295,14295,3,5,13,2,0,0,1,0
1379291,1,2024,2024,8,4,8,2126,17,171,2149,0,1,10,-33.814351,150.964524,21,0,2,1,3,0,0,0,2,3,7,80,2,14295,14295,3,5,0,2,0,0,0,1
1379349,1,2024,2024,11,4,4,127,27,135,103,0,1,1,-32.89711,151.736242,48,0,2,1,3,0,0,0,2,0,7,60,1,186,186,9,22,28,2,0,0,0,1
1379421,4,2024,2024,2,6,11,80,31,204,187,0,1,10,-33.886622,151.118769,32,0,2,1,2,0,0,0,0,2,7,50,2,6545,6545,4,16,5,2,0,1,0,0
1379429,4,2024,2024,2,2,6,67,27,210,55,0,1,5,-34.029803,151.105715,68,0,2,1,1,0,0,0,2,2,7,60,2,5929,5929,1,10,5,2,0,1,0,0
1379439,4,2024,2024,2,0,8,177,22,49,176,0,1,2,-34.049323,151.145076,68,0,2,1,1,0,0,0,2,0,7,70,2,591,591,1,22,0,2,0,1,0,0
1379442,4,2024,2024,2,6,11,42,31,83,34609,0,1,10,-34.448781,150.449872,78,2,1,1,2,0,0,0,0,0,0,50,0,6545,6545,4,5,19,2,0,1,0,0
1379456,2,2024,2024,2,0,8,3371,17,63,3342,0,1,2,-28.185438,153.52442,72,1,0,1,1,0,0,0,2,0,7,100,2,4026,4026,8,15,40,1,0,0,1,0
1379465,2,2024,2024,9,6,5,2,27,1,34609,0,1,1,-31.087353,148.388629,51,1,0,1,0,2,0,0,2,0,7,100,0,945,945,5,8,40,1,0,0,1,0
1379468,4,2024,2024,2,0,11,158,27,13,207,0,1,9,-33.870036,151.252448,81,0,2,0,2,0,0,0,0,0,0,60,2,3775,3775,0,16,5,2,0,1,0,0
1379469,4,2024,2024,2,2,0,119,31,283,34609,0,1,9,-33.833951,150.999247,21,0,2,0,2,0,0,0,0,0,7,50,0,1957,4009,1,5,13,4,0,1,0,0
1379472,2,2024,2024,2,6,7,361,23,44,165,0,1,1,-33.970111,151.115546,25,0,2,0,1,0,0,0,2,0,7,50,1,4552,5151,1,0,5,3,0,0,1,0
1379479,4,2024,2024,2,1,8,32,27,134,34609,0,1,1,-33.955936,150.811665,12,0,2,1,0,0,0,0,2,0,7,60,0,3775,3775,0,33,27,2,0,1,0,0
1379485,4,2024,2024,2,0,11,1,27,15,34609,0,1,1,-34.797309,144.487046,51,1,0,1,0,2,0,0,0,0,7,100,0,9859,9859,8,16,40,1,0,1,0,0
1379531,2,2024,2024,9,5,3,101,10,239,35,0,1,2,-34.033116,151.128865,68,0,2,1,0,0,0,0,2,0,7,60,2,9859,9859,1,16,5,2,0,0,1,0
1379778,2,2024,2024,6,0,5,1,31,90,34609,0,1,1,-33.718913,150.309919,8,2,2,1,1,0,3,2,2,0,7,50,0,214,214,9,33,28,2,0,0,1,0
1379827,4,2024,2024,9,3,10,213,17,11,213,0,1,9,-29.683616,152.857023,18,1,0,1,1,0,3,4,0,0,7,100,2,204,204,1,5,5,2,0,1,0,0
1379830,2,2024,2024,9,6,6,2261,17,23,2252,0,1,2,-34.645147,150.121034,78,1,0,1,0,0,3,4,2,0,7,110,2,14295,14295,3,5,5,2,0,0,1,0
1379963,1,2024,2024,9,2,10,232,36,40,331,0,1,10,-33.949814,150.838832,41,0,2,0,3,0,0,6,0,2,7,70,2,395,395,1,5,0,2,0,0,0,1
1379996,2,2024,2024,4,6,8,4,27,438,34609,0,1,9,-33.861926,151.036287,21,0,2,1,3,0,0,0,2,0,15,50,0,14295,14295,3,16,0,2,0,0,1,0
1380019,4,2024,2024,2,2,7,89,17,144,34609,0,1,7,-34.068858,151.009982,68,0,2,1,1,0,0,0,2,0,0,50,0,9859,9859,1,21,0,2,0,1,0,0
1380026,4,2024,2024,2,5,10,9,31,94,34609,0,1,1,-33.839691,151.038977,54,0,2,1,2,0,0,0,0,0,7,50,0,9859,9859,1,5,5,2,0,1,0,0
1380039,4,2024,2024,2,5,4,79,10,43,231,0,1,9,-33.440646,151.32958,16,2,2,0,0,0,0,0,2,0,15,60,2,1669,1669,3,8,12,3,0,3,1,0
1380042,2,2024,2024,9,1,7,9,27,57,34609,0,1,9,-32.989285,151.695611,37,0,2,1,1,0,0,0,2,0,0,60,0,6545,6545,4,5,5,2,0,0,1,0
1380044,2,2024,2024,2,5,8,478,17,58,480,0,1,9,-33.429456,151.2915,16,2,2,1,2,0,0,0,2,2,7,70,2,5929,5929,1,5,5,2,0,0,2,0
1380045,1,2024,2024,2,0,7,149,27,144,198,0,1,1,-34.063914,150.996547,68,0,2,0,0,0,0,0,2,0,7,70,2,14295,14295,3,8,12,3,0,0,0,1
1380048,2,2024,2024,2,6,10,2,7,63,34609,0,1,9,-33.246612,151.505618,16,2,2,0,2,0,0,0,0,0,7,50,0,4552,5151,8,10,40,1,0,0,1,0
1380310,1,2024,2024,10,0,11,95,31,28,34609,0,1,1,-33.089516,148.857192,11,2,1,1,0,0,0,0,0,0,7,50,0,4026,4026,8,10,40,1,0,0,0,1
1380311,2,2024,2024,5,0,7,220,27,154,222,0,1,2,-33.705191,150.93062,71,0,2,1,1,0,3,3,2,0,7,80,2,9859,9859,8,34,40,1,0,0,1,0
1384567,1,2024,2024,10,0,11,478,17,22,480,0,1,1,-33.326134,151.511352,16,2,2,1,3,0,0,3,0,0,7,70,2,312,312,2,0,40,1,0,0,0,1
1384568,1,2024,2024,0,5,7,37,27,58,34609,0,1,9,-33.225332,151.417099,16,2,2,1,1,2,3,4,2,0,8,60,0,3775,3775,0,3,0,2,0,0,0,1
1385410,1,2024,2024,11,0,5,3371,17,20,3342,0,1,2,-33.082494,151.646574,37,0,2,1,1,0,0,0,2,0,7,70,2,9859,9859,8,0,40,2,0,0,0,1
1215855,3,2020,2019,10,6,8,2209,17,115,2205,0,1,2,-34.031902,151.07606,68,0,2,1,3,0,0,0,2,0,7,70,2,14295,14295,3,5,5,3,0,0,0,0
1215856,3,2020,2019,9,0,8,2209,17,11,2205,0,1,1,-34.811598,150.611531,63,1,0,0,3,0,0,0,2,0,7,100,2,14295,14295,3,0,0,2,0,0,0,0
1215859,3,2020,2019,10,3,3,45,31,194,34609,0,1,10,-30.523979,151.665369,1,2,1,1,3,0,0,0,1,0,0,50,0,9859,9859,1,5,5,2,0,0,0,0
1216366,3,2020,2019,9,3,7,112,17,207,112,0,1,10,-31.957639,141.444264,51,2,1,1,3,0,0,0,2,0,0,50,2,6545,6545,4,5,5,2,0,0,0,0
1216622,3,2020,2019,9,4,7,5,10,24,34609,0,1,1,-33.730938,150.834306,7,0,2,1,3,0,0,0,2,0,7,50,0,1282,1282,1,5,5,2,0,0,0,0
1217041,3,2020,2019,9,6,11,3,31,98,3,0,1,1,-33.733131,151.071464,31,0,2,1,3,0,0,0,0,0,7,50,1,9859,9859,1,5,36,2,0,0,0,0
1217146,3,2020,2019,9,4,5,2,31,80,34609,0,1,0,-33.81304,151.15968,38,0,2,1,3,0,0,0,2,0,7,50,0,220,220,1,10,0,2,0,0,0,0
1217165,3,2020,2019,9,5,6,1104,14,460,962,0,1,3,-33.824103,150.987807,21,0,2,1,3,0,0,0,2,0,7,90,2,14295,14295,3,8,13,2,0,0,0,0
1217215,3,2020,2019,9,6,8,27,31,82,34609,0,1,10,-31.078,150.927498,70,2,1,1,3,0,0,0,2,0,0,50,0,6545,6545,4,5,13,2,0,0,0,0
1217423,3,2020,2019,9,2,6,38,27,53,38,0,1,9,-33.364647,151.448471,16,2,2,1,3,0,0,0,2,0,7,50,1,1669,1669,3,10,5,2,0,0,0,0
1217429,3,2020,2019,9,4,3,1104,14,140,962,0,1,3,-33.796189,150.848126,7,0,2,1,3,0,0,0,2,0,7,100,2,14295,14295,3,5,5,2,0,0,0,0
1217679,3,2020,2019,9,3,5,5,22,646,34609,0,1,0,-33.918436,151.032879,15,0,2,1,3,0,0,0,2,0,7,40,0,14295,14295,3,10,5,2,0,0,0,0
1217728,3,2020,2019,9,1,7,21,31,6,34609,0,1,9,-34.385077,150.889846,80,0,2,1,3,0,0,0,2,0,0,50,0,2852,2852,4,5,5,2,0,0,0,0
1217774,3,2020,2019,9,2,6,21,25,20,34609,0,1,1,-34.088092,150.694249,12,0,2,1,3,0,0,0,2,0,7,50,0,1282,1282,1,5,5,2,0,0,0,0
1217911,3,2020,2019,9,6,5,105,17,251,136,0,1,10,-33.768324,150.942794,7,0,2,0,3,0,0,0,2,2,7,60,2,1391,1391,1,30,0,2,0,0,0,0
1218891,3,2020,2019,2,6,4,125,27,46,123,0,1,2,-33.305846,151.408823,16,2,2,1,3,0,0,3,2,0,7,50,2,14295,14295,3,5,0,3,0,0,0,0
1218906,3,2020,2019,9,0,3,3,7,151,34609,0,1,7,-34.034605,150.848432,13,0,2,1,3,0,0,0,1,0,7,50,0,217,217,1,0,5,2,0,0,0,0
1219145,3,2020,2019,2,6,6,204,31,53,82,1,0,9,-35.134523,147.352641,75,2,1,1,3,0,0,0,2,0,0,60,1,926,926,4,5,5,2,0,0,0,0
1219649,3,2020,2019,2,2,5,18,31,273,34609,0,1,10,-34.426657,150.897177,80,0,2,1,3,0,0,0,2,2,8,50,0,6545,6545,4,30,5,2,0,0,0,0
1220181,3,2020,2019,2,4,5,171,27,37,369,0,1,1,-33.852275,150.692641,55,0,2,0,3,2,0,0,2,0,7,80,2,14295,14295,3,8,10,2,0,0,0,0
1220842,3,2020,2019,2,0,0,2126,17,283,2149,0,1,9,-33.830012,151.01072,54,0,2,1,3,0,3,4,0,2,7,60,2,1192,1192,1,33,0,2,0,0,0,0
1220972,3,2020,2019,9,4,1,2209,17,166,2205,0,1,1,-33.901659,151.178817,69,0,2,1,3,0,0,0,0,0,7,50,2,4026,4026,8,5,40,2,0,0,0,0
1221129,3,2020,2020,4,6,2,35,27,120,34609,1,0,9,-33.753747,150.871273,7,0,2,1,2,0,0,0,0,0,9,50,0,9859,9859,1,0,5,2,0,0,0,0
1221188,3,2020,2020,4,6,3,3,31,28,34609,0,1,1,-35.148097,147.348549,75,2,1,0,0,0,0,0,2,0,7,50,0,4552,5151,8,5,40,1,0,0,0,0
1221229,3,2020,2019,2,4,5,10,31,463,34609,0,1,1,-30.283895,153.126893,19,2,1,0,3,0,0,0,2,0,7,50,0,14295,14295,3,5,25,2,0,0,0,0
1221260,3,2020,2020,4,0,7,44,27,253,331,0,1,9,-33.959078,151.110126,25,0,2,1,3,0,0,0,2,2,8,60,2,5929,5929,1,5,5,2,0,0,0,0
1221264,3,2020,2020,4,6,8,3371,17,40,3342,0,1,9,-33.824401,151.187945,38,0,2,0,3,0,0,3,3,2,7,60,2,5929,5929,1,0,5,2,0,0,0,0
1221608,3,2020,2020,4,1,10,31,27,17,69,0,1,10,-33.792583,151.15765,77,0,2,1,3,0,3,4,0,2,7,60,2,14295,14295,3,0,5,2,0,0,0,0
1221611,3,2020,2020,4,5,4,101,10,132,34609,0,1,7,-29.769202,151.114979,33,2,1,1,3,0,0,0,2,0,0,50,0,14295,14295,3,5,13,2,0,0,0,0
1221612,3,2020,2020,4,3,8,22,31,215,34609,0,1,10,-35.10605,147.36159,75,2,1,1,3,0,3,5,2,0,0,50,0,6545,6545,4,30,5,2,0,0,0,0
1221618,3,2020,2020,4,4,10,103,36,5,103,0,1,1,-32.065791,151.941877,43,1,0,0,3,0,3,4,0,0,7,90,1,2585,4009,8,30,40,1,0,0,0,0
1221631,3,2020,2020,4,4,2,5,27,107,34609,0,1,1,-33.290894,151.427814,16,2,2,1,2,0,0,3,0,0,7,50,0,9859,9859,1,5,5,2,0,0,0,0
1221632,3,2020,2020,4,4,4,13,31,55,34609,0,1,1,-33.885461,151.276286,76,0,2,1,0,0,0,0,2,0,7,50,0,248,248,1,33,5,2,0,0,0,0
1221639,3,2020,2020,4,3,4,2209,17,25,2205,0,1,2,-34.134829,150.994017,68,0,2,1,1,0,0,0,2,0,7,80,2,9859,9859,8,5,40,1,0,0,0,0
1221652,3,2020,2020,4,3,5,9,1,57,34609,0,1,9,-33.342873,151.437943,16,2,2,0,1,0,0,0,2,0,7,50,0,1259,985,8,5,40,1,0,0,0,0
1221658,3,2020,2020,4,4,2,32,27,33,563,0,1,9,-33.966213,151.033147,15,0,2,1,2,0,0,0,0,2,7,50,2,9859,9859,8,5,40,1,0,0,0,0
1221668,3,2020,2020,4,6,6,29,1,64,52,0,1,7,-33.71274,150.756063,55,0,2,1,3,0,0,0,2,0,0,60,1,301,301,4,0,0,2,0,0,0,0
1221669,3,2020,2020,4,5,11,283,27,70,702,0,1,2,-33.977169,151.104566,25,0,2,1,3,0,3,4,0,0,7,60,2,9859,9859,8,5,40,1,0,0,0,0
1221675,3,2020,2020,4,1,8,829,27,149,770,0,1,9,-33.869048,151.176401,32,0,2,1,3,0,0,3,2,1,7,60,2,1391,1391,1,33,22,2,0,0,0,0
1221677,3,2020,2020,4,6,7,1104,14,247,962,0,1,3,-33.815588,150.961078,21,0,2,1,3,0,0,0,2,0,7,90,2,404,404,8,5,40,1,0,0,0,0
1221678,3,2020,2020,4,3,7,169,31,179,34609,0,1,1,-31.915326,152.460105,43,2,1,1,3,0,0,0,2,0,7,50,0,186,186,1,5,5,2,0,0,0,0
1221680,3,2020,2020,4,6,10,51,27,74,45,0,1,2,-33.744187,150.83697,7,0,2,1,3,0,0,0,3,0,7,60,1,5929,5929,1,5,5,2,0,0,0,0
1221729,3,2020,2020,4,4,9,3371,17,83,3342,0,1,1,-33.496427,151.189032,16,2,2,0,3,0,0,0,2,0,7,60,2,14295,14295,3,9,5,2,0,0,0,0
1221730,3,2020,2020,4,1,4,193,1,85,34609,1,0,1,-32.935807,151.717242,48,0,2,0,3,0,3,4,2,0,7,60,0,4552,5151,8,10,40,1,0,0,0,0
1221733,3,2020,2020,4,1,4,3371,17,85,3342,0,1,9,-33.737934,151.134735,36,0,2,1,3,0,0,0,2,0,7,60,2,1391,1391,1,0,5,2,0,0,0,0
1221736,3,2020,2020,4,5,5,42,1,87,34609,0,1,9,-33.913139,150.95961,41,0,2,1,3,0,0,3,2,0,7,50,0,1391,1391,1,5,0,2,0,0,0,0
1221737,3,2020,2020,4,1,5,9,31,290,34609,0,1,1,-33.853278,150.989487,21,0,2,1,3,0,0,0,2,0,7,50,0,387,387,1,30,36,2,0,0,0,0
1221741,3,2020,2020,4,5,8,82,31,370,49,0,1,1,-34.076214,150.827887,13,0,2,1,3,0,0,0,2,0,7,60,1,1383,1383,1,10,13,3,0,0,0,0
1221743,3,2020,2020,4,3,9,485,27,50,769,0,1,9,-33.625789,150.838729,29,2,2,1,3,0,0,0,2,2,7,80,2,14295,14295,3,5,13,2,0,0,0,0
1221744,3,2020,2020,4,4,6,11,27,11,30,0,1,9,-28.291864,153.385132,72,2,1,1,3,0,0,0,2,0,15,80,1,1669,1669,3,5,0,2,0,0,0,0
1221748,3,2020,2020,4,0,11,43,27,136,76,0,1,10,-32.923107,151.722758,48,0,2,1,3,0,0,0,0,2,7,60,1,5929,5929,1,5,0,2,0,0,0,0
1221759,3,2020,2020,4,1,3,191,17,5,189,0,1,1,-32.116771,149.095368,22,1,0,0,0,0,0,0,2,0,7,100,2,1850,1463,5,3,40,1,0,0,0,0
1221772,3,2020,2020,4,3,4,2,31,16,34609,0,1,1,-32.908107,151.705308,48,0,2,1,3,0,0,0,2,0,7,50,0,14295,14295,3,5,5,2,0,0,0,0
1221779,3,2020,2020,4,6,9,133,31,133,97,0,1,7,-33.916443,151.005569,15,0,2,1,3,0,0,0,3,0,0,60,1,2852,2852,4,5,13,2,0,0,0,0
1221780,3,2020,2020,4,3,7,294,17,215,288,1,0,10,-35.118468,147.365873,75,2,1,1,3,0,0,6,2,2,7,60,2,395,395,1,5,0,2,0,0,0,0
1221783,3,2020,2020,4,6,3,46,27,294,27,0,1,9,-33.938133,150.953064,41,0,2,1,3,0,0,0,4,0,0,60,1,5929,5929,1,0,5,2,0,0,0,0
1221787,3,2020,2020,4,2,5,866,17,98,793,0,1,2,-33.738117,151.074082,31,0,2,1,3,0,0,0,2,0,7,70,2,14295,14295,3,0,5,3,0,0,0,0
1221790,3,2020,2020,4,0,11,78,27,438,34609,0,1,1,-33.859955,151.031079,21,0,2,1,3,0,0,0,0,0,7,50,0,9859,9859,1,5,5,2,0,0,0,0
1221794,3,2020,2020,4,6,0,2,27,21,62,0,1,1,-35.771427,147.984148,66,1,0,0,3,0,0,0,0,0,7,100,2,4552,5151,8,5,40,1,0,0,0,0
1221795,3,2020,2020,4,0,7,51,31,252,59,0,1,9,-33.88544,151.216396,69,0,2,1,3,0,0,0,2,0,7,40,1,1391,1391,1,5,5,2,0,0,0,0
1221796,3,2020,2020,4,3,6,3,31,96,34609,0,1,10,-35.349693,149.231796,58,2,1,1,3,0,0,0,2,0,0,50,0,6545,6545,4,5,5,2,0,0,0,0
1221802,3,2020,2020,4,4,5,4,18,210,34609,1,0,9,-34.033338,151.098784,68,0,2,1,3,0,0,0,2,0,7,50,0,775,775,4,8,13,2,0,0,0,0
1221804,3,2020,2020,4,5,10,20,27,61,93,0,1,9,-33.750129,150.897599,7,0,2,1,3,0,0,3,0,0,0,50,1,5929,5929,1,5,5,2,0,0,0,0
1221845,3,2020,2020,4,3,10,2,27,7,34609,0,1,9,-34.425346,150.495336,78,2,1,1,0,0,3,0,0,0,7,50,0,945,945,5,5,40,1,0,0,0,0
1221852,3,2020,2020,4,1,8,171,27,71,369,0,1,1,-33.778527,150.711398,55,0,2,1,0,0,0,0,2,0,7,60,2,1192,1192,1,33,5,2,0,0,0,0
1221859,3,2020,2020,4,4,11,2126,17,445,2149,0,1,10,-33.8508,151.053665,21,0,2,1,2,0,0,0,0,2,7,60,2,14295,14295,3,5,5,2,0,0,0,0
1221869,3,2020,2020,4,3,11,1,18,169,34609,0,1,1,-33.780156,150.848912,7,0,2,1,0,0,0,0,0,0,7,50,0,175,188,8,9,40,1,0,0,0,0
1221880,3,2020,2020,4,0,2,109,36,18,108,0,1,1,-28.408866,153.449432,72,2,1,0,0,0,0,0,0,0,7,80,1,1259,5151,8,5,40,1,0,0,0,0
1221892,3,2020,2020,4,0,8,21,31,224,34609,0,1,1,-33.821488,151.24702,45,0,2,1,0,0,0,0,2,0,7,50,0,175,188,1,5,5,2,0,0,0,0
1221953,3,2020,2020,4,6,0,60,31,6,34609,0,1,10,-33.940767,151.129253,4,0,2,1,3,0,0,0,0,0,15,50,0,217,217,1,5,5,2,0,0,0,0
1221956,3,2020,2020,4,6,5,27,31,460,34609,0,1,9,-33.846634,150.989532,21,0,2,1,3,0,0,0,2,0,7,50,0,782,985,5,5,40,1,0,0,0,0
1221958,3,2020,2020,4,4,3,169,31,83,34609,0,1,1,-30.116573,153.193562,19,2,1,0,3,0,0,0,2,0,7,50,0,941,941,1,5,5,2,0,0,0,0
1221960,3,2020,2020,4,4,7,7,27,16,62,0,1,9,-36.395796,150.055356,5,1,0,0,3,0,0,0,2,0,7,100,1,1109,397,1,0,5,2,0,0,0,0
1221994,3,2020,2020,4,2,4,177,31,174,208,0,1,1,-33.859522,150.92122,24,0,2,1,3,0,0,0,2,0,7,50,1,1981,1981,4,0,5,2,0,0,0,0
1221998,3,2020,2020,4,3,6,5,27,13,34609,0,1,1,-30.992076,151.00727,70,1,0,1,3,0,0,0,2,0,7,100,0,475,475,5,0,40,1,0,0,0,0
1222001,3,2020,2020,4,4,8,294,17,6,288,0,1,1,-34.727084,143.959454,51,1,0,0,3,0,0,0,2,0,7,110,2,782,957,5,5,40,1,0,0,0,0
1222018,3,2020,2020,4,5,6,45,27,125,34609,0,1,1,-33.836905,151.13182,51,0,2,1,1,0,0,0,2,0,7,50,0,9859,9859,1,5,5,2,0,0,0,0
1222022,3,2020,2020,4,1,0,21,31,25,34609,0,1,1,-32.93835,151.767024,48,0,2,1,1,0,0,0,0,0,7,50,0,9859,9859,1,0,5,2,0,0,0,0
1222051,3,2020,2020,4,1,7,6,1,45,34609,0,1,1,-33.350667,151.492792,16,2,2,0,0,0,3,4,2,0,7,50,0,4552,5151,1,33,5,2,0,0,0,0
1222225,3,2020,2020,4,6,8,2126,17,12,2149,0,1,2,-33.671548,150.280167,8,2,2,1,3,0,0,0,3,0,7,60,2,380,714,5,29,40,1,0,0,0,0
1222230,3,2020,2020,4,3,8,17,10,63,34609,0,1,7,-33.242618,151.501812,16,2,2,1,3,0,0,0,2,0,0,50,0,4026,4026,8,5,40,1,0,0,0,0
1222253,3,2020,2020,4,3,5,23,10,15,47,0,1,10,-32.896925,151.70617,48,0,2,0,3,0,0,0,2,2,7,60,2,6545,6545,4,0,5,2,0,0,0,0
1222254,3,2020,2020,4,4,8,283,27,197,702,1,0,10,-33.952614,151.083519,25,0,2,1,3,0,0,6,2,2,7,60,2,14295,14295,3,5,0,2,0,0,0,0
1222255,3,2020,2020,4,4,3,49,22,91,172,0,1,1,-32.980722,151.645561,37,0,2,0,3,0,0,0,2,0,7,60,2,1391,1391,1,0,5,2,0,0,0,0
1222259,3,2020,2020,4,6,10,34,31,111,34609,0,1,7,-33.918502,151.254722,59,0,2,1,3,0,0,0,0,0,0,50,0,6545,6545,4,5,5,2,0,0,0,0
1222260,3,2020,2020,4,1,6,104,27,387,140,0,1,1,-33.920122,151.1868,4,0,2,1,3,0,0,0,2,0,7,60,2,217,217,1,9,36,2,0,0,0,0
1222261,3,2020,2020,4,1,7,12,27,2,1,0,1,1,-36.401106,150.007859,5,2,1,0,3,0,3,4,2,0,7,80,1,2585,4009,8,5,40,1,0,0,0,0
1222264,3,2020,2020,4,1,2,2,27,11,34609,0,1,1,-29.64634,153.034235,18,1,0,0,3,0,0,0,1,0,7,100,0,1957,4009,8,10,40,1,0,0,0,0
1222266,3,2020,2020,4,4,7,3371,17,65,3342,0,1,2,-30.391824,153.034177,19,1,0,0,3,0,0,3,2,0,7,110,2,1957,4009,8,5,40,1,0,0,0,0
1222268,3,2020,2020,4,6,4,6,27,29,34609,0,1,1,-28.815219,153.590075,2,2,1,0,3,0,0,0,2,0,7,60,0,4552,5151,8,5,40,1,0,0,0,0
1222270,3,2020,2020,4,1,8,74,27,609,18,0,1,9,-33.774512,150.88507,7,0,2,1,3,0,0,0,3,0,7,60,1,6545,6545,4,5,5,2,0,0,0,0
1222271,3,2020,2020,4,6,10,35,27,91,96,0,1,9,-32.965498,151.656279,37,0,2,1,3,0,0,0,3,2,7,60,2,3775,3775,0,5,5,2,0,0,0,0
1222272,3,2020,2020,4,1,8,3371,17,52,3342,0,1,1,-33.268772,151.454431,16,2,2,1,3,0,0,0,2,0,7,70,2,1391,1391,1,30,5,3,0,0,0,0
1222273,3,2020,2020,4,0,7,481,17,155,483,0,1,10,-33.135728,148.173086,53,2,1,1,3,0,0,0,2,0,0,50,2,1669,1669,3,10,36,2,0,0,0,0
1222275,3,2020,2020,4,6,5,67,27,100,68,0,1,10,-33.805458,151.179265,38,0,2,1,3,0,0,0,2,2,7,60,1,1282,1282,1,8,5,2,0,0,0,0
1222277,3,2020,2020,4,3,0,2126,17,323,2149,0,1,2,-33.789245,150.855672,7,0,2,1,3,0,3,4,0,0,7,80,2,14295,14295,3,5,5,2,0,0,0,0
1222281,3,2020,2020,4,2,6,95,27,50,605,1,0,10,-33.633682,151.330943,50,0,2,0,3,0,0,0,2,2,7,60,2,14295,14295,3,30,13,2,0,0,0,0
1222282,3,2020,2020,4,2,2,916,17,13,917,0,1,10,-32.556607,151.167633,64,2,1,1,3,0,0,3,0,2,7,60,2,14295,14295,3,10,5,3,0,0,0,0
1222283,3,2020,2020,4,3,9,3371,17,27,3342,0,1,2,-30.137121,153.193827,19,1,0,1,3,0,0,3,3,0,7,100,2,9859,9859,8,5,40,1,0,0,0,0