Crash ID,Degree of crash - detailed,Reporting year,Year of crash,Month of crash,Day of week of crash,Two-hour intervals,Street of crash,Street type,Town,Route no.,School zone location,School zone active,Type of location,Latitude,Longitude,LGA,Urbanisation,Conurbation 1,Alignment,Street lighting,Road surface,Surface condition,Weather,Natural lighting,Signals operation,Other traffic control,Speed limit,Road classification,RUM - code,DCA - code,First impact type,Key TU type,Other TU type,No. of traffic units involved,No. killed,No. seriously injured,No. moderately injured,No. minor-other injured
1222284,3,2020,2020,4,5,7,283,27,197,702,1,0,10,-33.947132,151.078748,25,0,2,1,3,0,0,0,2,2,7,60,2,5929,5929,1,21,5,2,0,0,0,0
1222285,3,2020,2020,4,6,8,2126,17,94,2149,0,1,9,-33.776721,150.802653,55,0,2,1,3,0,0,0,2,2,7,80,2,14295,14295,3,5,5,2,0,0,0,0
1222288,3,2020,2020,4,6,8,3371,17,104,3342,0,1,9,-32.824765,151.683817,48,0,2,1,3,0,0,3,3,2,7,80,2,14295,14295,3,5,36,2,0,0,0,0
1222289,3,2020,2020,4,1,9,44,1,15,18,0,1,9,-34.436552,150.885602,80,0,2,1,3,0,0,0,3,0,7,50,1,14295,14295,3,33,36,2,0,0,0,0
1222291,3,2020,2020,4,5,4,47,27,104,34609,0,1,1,-32.916428,151.713591,48,0,2,1,3,0,0,0,2,0,7,60,0,1981,1981,4,0,0,2,0,0,0,0
1222294,3,2020,2020,4,1,6,3,31,363,34609,0,1,10,-33.824308,151.000867,54,0,2,1,3,0,0,0,2,0,15,50,0,6545,6545,4,5,0,2,0,0,0,0
1222295,3,2020,2020,4,1,7,46,27,304,39,1,0,10,-33.908682,151.152406,32,0,2,1,3,0,0,0,2,2,6,60,1,5929,5929,1,9,19,2,0,0,0,0
1222301,3,2020,2020,4,1,8,15,27,25,117,0,1,1,-32.872544,151.704384,48,0,2,1,3,0,0,0,2,0,7,60,2,96,96,0,5,5,2,0,0,0,0
1222303,3,2020,2020,4,4,8,162,31,77,34609,1,0,10,-32.567915,151.176247,64,2,1,1,3,0,0,3,2,0,0,50,0,301,301,4,5,13,2,0,0,0,0
1222304,3,2020,2020,4,5,8,1,1,110,34609,0,1,1,-33.744962,151.026067,71,0,2,0,3,0,0,0,2,0,7,50,0,1957,4009,8,5,40,1,0,0,0,0
1222305,3,2020,2020,4,3,5,84,27,125,32,0,1,10,-33.824175,151.132814,51,0,2,1,3,0,0,3,2,2,7,60,1,5929,5929,1,5,12,2,0,0,0,0
1222338,3,2020,2020,4,6,1,2209,17,19,2205,0,1,2,-34.790136,150.6726,63,2,1,1,2,0,0,0,0,0,7,80,2,4026,4026,8,8,40,1,0,0,0,0
1222344,3,2020,2020,4,0,6,205,27,86,415,0,1,2,-33.701724,151.210681,50,0,2,1,3,0,3,4,2,0,7,80,2,14295,14295,3,30,13,2,0,0,0,0
1222345,3,2020,2020,4,2,6,14,31,165,34609,0,1,10,-33.85458,151.150761,14,0,2,1,3,0,0,0,2,0,0,50,0,6545,6545,4,0,5,2,0,0,0,0
1222347,3,2020,2020,4,5,8,43,1,169,16,0,1,1,-33.759582,150.840162,7,0,2,1,3,0,0,0,2,0,7,60,2,14295,14295,3,5,0,2,0,0,0,0
1222349,3,2020,2020,4,6,7,15,27,8,34609,0,1,10,-28.847961,153.356311,39,1,0,1,3,0,0,0,2,0,15,100,0,6545,6545,4,5,36,2,0,0,0,0
1222351,3,2020,2020,4,5,4,2209,17,68,2205,0,1,2,-34.080397,151.010925,68,0,2,1,3,2,0,0,2,0,7,70,2,1945,1945,5,16,40,1,0,0,0,0
1222352,3,2020,2020,4,3,9,1,31,164,34609,0,1,1,-33.739045,150.890132,7,0,2,1,3,0,0,3,3,0,7,50,0,4026,4026,1,0,5,2,0,0,0,0
1222355,3,2020,2020,4,5,6,77,27,11,58,0,1,1,-34.780777,150.563089,63,2,1,0,3,0,0,0,2,0,7,60,2,1957,4009,8,0,40,1,0,0,0,0
1222356,3,2020,2020,4,4,8,225,17,50,180,0,1,1,-34.566032,150.662493,62,0,2,0,3,0,3,4,2,0,7,60,2,380,714,5,10,40,1,0,0,0,0
1222357,3,2020,2020,4,4,10,77,10,73,331,0,1,9,-34.211609,150.608978,79,2,2,1,3,0,3,3,0,0,7,80,1,9859,9859,8,5,40,1,0,0,0,0
1222358,3,2020,2020,4,5,7,35,27,363,24,0,1,9,-33.763907,150.70846,55,0,2,1,3,0,0,0,2,0,15,60,1,2852,2852,4,0,5,2,0,0,0,0
1222359,3,2020,2020,4,5,0,2261,17,30,2252,0,1,3,-34.516537,150.301726,78,1,0,1,3,0,0,0,0,0,7,110,2,9859,9859,8,5,40,1,0,0,0,0
1222361,3,2020,2020,4,0,9,1,27,13,34609,0,1,1,-30.8541,152.910742,34,2,1,1,3,2,0,3,2,0,7,80,0,1945,1945,5,0,40,1,0,0,0,0
1222378,3,2020,2020,4,6,6,7,27,74,34609,0,1,1,-33.763192,150.671693,55,0,2,1,0,0,0,6,2,0,7,50,0,945,945,5,0,40,1,0,0,0,0
1222405,3,2020,2020,4,3,9,5,10,523,34609,0,1,1,-33.928514,150.924917,41,0,2,0,2,0,0,0,0,0,7,50,0,1957,4009,1,33,5,2,0,0,0,0
1222408,3,2020,2020,4,1,8,5,1,438,2149,0,1,9,-33.84114,151.035248,21,0,2,1,2,0,0,0,0,0,2,60,2,1282,1282,1,33,5,2,0,0,0,0
1222419,3,2020,2020,4,2,11,512,17,17,441,0,1,2,-33.424142,149.40401,3,2,1,0,0,0,0,0,0,0,7,80,2,2585,4009,8,0,40,1,0,0,0,0
1222458,3,2020,2020,4,6,10,2,10,27,34609,0,1,1,-32.771764,151.615517,42,2,1,1,2,0,0,0,0,0,7,50,0,9859,9859,1,0,5,2,0,0,0,0
1222477,3,2020,2020,4,4,7,133,17,12,121,0,1,1,-36.100447,149.145114,65,1,0,1,3,0,0,6,2,0,7,100,2,387,387,1,8,0,2,0,0,0,0
1222478,3,2020,2020,4,1,7,28,31,532,75,0,1,9,-33.870723,151.210111,69,0,2,1,1,0,0,0,2,2,7,40,1,4552,985,8,5,40,1,0,0,0,0
1222485,3,2020,2020,4,4,3,1104,14,218,962,0,1,3,-33.784657,150.775353,55,0,2,1,3,0,3,4,1,0,7,110,2,14295,14295,3,5,5,2,0,0,0,0
1222486,3,2020,2020,4,0,6,3371,17,14,3342,1,0,2,-33.728153,151.120519,36,0,2,0,3,0,3,4,2,0,7,60,2,1391,1391,1,9,36,2,0,0,0,0
1222488,3,2020,2020,4,5,2,15,31,115,52,0,1,10,-33.910177,151.175635,32,0,2,1,3,0,0,0,1,2,7,60,1,14295,14295,3,5,36,2,0,0,0,0
1222494,3,2020,2020,4,1,7,2209,17,115,2205,0,1,9,-33.91499,151.175875,32,0,2,1,3,0,0,0,2,2,7,60,2,14295,14295,3,0,36,2,0,0,0,0
1222495,3,2020,2020,4,1,7,829,27,124,770,0,1,2,-33.80982,151.030958,54,0,2,1,3,0,0,0,2,0,7,60,2,1391,1391,1,5,5,2,0,0,0,0
1222498,3,2020,2020,4,4,7,2209,17,44,2205,0,1,9,-33.945334,151.141597,4,0,2,1,3,0,0,3,2,0,7,60,2,14295,14295,3,9,5,2,0,0,0,0
1222500,3,2020,2020,4,4,7,3371,17,17,3342,0,1,2,-32.002253,152.463268,43,1,0,1,3,0,3,4,2,0,7,110,2,9859,9859,8,5,40,1,0,0,0,0
1222503,3,2020,2020,4,3,10,145,1,7,34609,0,1,1,-33.174211,151.564078,16,2,2,1,3,0,0,0,0,0,7,50,0,4026,4026,1,5,5,2,0,0,0,0
1222504,3,2020,2020,4,4,10,77,27,11,58,0,1,1,-34.788698,150.562589,63,2,1,1,3,0,3,4,0,0,7,60,2,404,404,8,5,40,1,0,0,0,0
1222506,3,2020,2020,4,2,6,2,27,2,7,0,1,1,-32.407898,151.645823,51,2,1,0,3,0,3,4,2,0,7,80,1,404,404,8,0,40,1,0,0,0,0
1222509,3,2020,2020,4,5,8,6,27,21,34609,0,1,1,-33.87451,150.908207,24,0,2,1,3,0,0,0,2,0,7,50,0,1109,787,1,5,0,2,0,0,0,0
1222510,3,2020,2020,4,4,8,33,27,16,41,0,1,2,-33.746425,150.742284,55,0,2,1,3,0,0,0,2,0,7,50,1,1981,1981,4,5,0,2,0,0,0,0
1222511,3,2020,2020,4,6,7,8,27,7,34609,0,1,1,-30.023983,153.052769,18,1,0,0,3,2,0,0,2,0,7,100,0,3775,3775,0,33,5,2,0,0,0,0
1222512,3,2020,2020,4,5,8,30,24,167,34609,0,1,9,-33.839195,151.074947,54,0,2,1,3,0,0,0,2,0,0,60,0,301,301,4,5,0,2,0,0,0,0
1222517,3,2020,2020,4,1,8,225,17,50,180,0,1,1,-34.572157,150.675217,62,0,2,0,3,0,3,4,2,0,7,60,2,3775,3775,0,5,0,3,0,0,0,0
1222520,3,2020,2020,4,3,11,334,17,84,308,0,1,2,-31.09963,150.902833,70,2,1,1,0,0,0,0,0,0,7,60,2,9859,9859,8,10,40,1,0,0,0,0
1222527,3,2020,2020,4,0,11,3371,17,54,3342,0,1,2,-28.51832,153.527863,10,1,0,0,0,0,0,0,0,0,7,110,2,4552,5151,8,0,40,1,0,0,0,0
1222543,3,2020,2020,4,2,4,30,27,120,154,0,1,7,-33.749083,150.866432,7,0,2,1,3,0,3,4,2,0,0,60,1,4026,4026,8,5,40,1,0,0,0,0
1222545,3,2020,2020,4,5,5,6,27,98,44,0,1,1,-33.738676,151.071443,31,0,2,1,3,0,0,0,2,0,7,60,1,1391,1391,1,5,5,2,0,0,0,0
1222547,3,2020,2020,4,6,11,481,17,27,483,0,1,1,-32.412565,148.395855,51,1,0,1,3,0,0,0,0,0,7,110,2,1089,1089,7,5,40,1,0,0,0,0
1222550,3,2020,2020,4,6,6,916,17,61,917,0,1,1,-29.727556,151.740016,51,2,1,1,0,0,0,0,2,0,7,80,2,1850,1463,5,29,40,1,0,0,0,0
1222551,3,2020,2020,4,3,0,109,27,460,34609,0,1,9,-33.836402,150.989331,21,0,2,1,2,0,3,4,0,2,7,40,0,9859,9859,1,33,5,2,0,0,0,0
1222583,3,2020,2020,4,5,4,27,17,149,34609,0,1,7,-33.334068,151.379821,16,2,2,1,3,0,0,0,2,0,7,70,0,6545,6545,4,10,0,2,0,0,0,0
1222585,3,2020,2020,4,1,2,81,27,223,115,0,1,9,-33.804091,150.896013,7,0,2,1,3,0,0,0,1,0,7,60,2,14295,14295,3,5,5,2,0,0,0,0
1222586,3,2020,2020,4,4,9,5,27,58,34609,0,1,7,-32.983881,151.670887,37,0,2,1,3,0,0,0,2,0,0,60,0,945,945,5,5,40,1,0,0,0,0
1222588,3,2020,2020,4,2,8,12,31,252,75,1,0,9,-33.888593,151.206317,69,0,2,1,3,0,0,0,2,0,0,50,1,395,395,1,5,10,2,0,0,0,0
1222590,3,2020,2020,4,3,9,85,10,167,702,0,1,2,-33.856268,151.071412,54,0,2,0,3,0,3,4,2,0,7,80,2,14295,14295,3,5,13,2,0,0,0,0
1222600,3,2020,2020,4,6,1,1,27,19,34609,0,1,1,-28.21539,153.48323,72,2,1,1,2,0,0,0,0,0,7,50,0,9859,9859,8,0,40,1,0,0,0,0
1222606,3,2020,2020,4,1,10,145,31,532,34609,0,1,9,-33.86357,151.20949,69,0,2,1,2,0,3,2,0,0,15,40,0,6545,6545,4,5,5,2,0,0,0,0
1222627,3,2020,2020,4,0,5,916,17,15,917,0,1,1,-31.796074,150.912839,73,1,0,1,3,0,0,0,2,0,7,100,2,3775,3775,0,10,5,2,0,0,0,0
1222707,3,2020,2020,4,1,6,17,27,309,34609,0,1,1,-33.823032,151.121434,61,0,2,1,1,0,0,0,2,0,7,50,0,1981,1981,4,33,5,2,0,0,0,0
1222708,3,2020,2020,4,3,4,3371,17,463,3342,0,1,9,-30.282549,153.128388,19,2,1,1,0,0,0,0,2,2,7,60,2,5929,5929,1,5,5,2,0,0,0,0
1222713,3,2020,2020,4,2,3,18,31,109,34609,0,1,9,-33.902579,151.14501,32,0,2,1,0,0,0,3,2,0,7,50,0,9859,9859,1,5,6,3,0,0,0,0
1222718,3,2020,2020,4,4,0,2209,17,133,2205,0,1,1,-34.510832,150.785687,80,0,2,0,2,0,0,0,0,0,7,60,1,4552,5151,8,5,40,3,0,0,0,0
1222739,3,2020,2020,4,0,11,3,27,60,34609,0,1,1,-33.641531,150.275905,8,2,2,0,0,0,3,1,0,0,7,50,0,1259,5151,8,34,40,1,0,0,0,0
1222747,3,2020,2020,4,2,6,2209,17,59,2205,0,1,1,-34.321729,150.894701,80,0,2,0,0,0,0,3,2,0,7,60,2,4552,5151,8,5,40,1,0,0,0,0
1222754,3,2020,2020,4,1,4,78,27,20,34609,1,0,1,-31.034622,152.879331,34,2,1,1,1,0,0,0,2,0,7,50,0,4026,4026,8,5,40,1,0,0,0,0
1222758,3,2020,2020,4,5,9,97,27,271,799,0,1,9,-33.938488,151.018704,15,0,2,0,1,0,0,0,2,2,7,70,2,5929,5929,1,5,5,2,0,0,0,0
1222760,3,2020,2020,4,2,8,2,31,78,34609,0,1,1,-34.476339,150.8491,80,0,2,1,1,0,0,0,2,0,7,50,0,9859,9859,1,5,5,2,0,0,0,0
1222771,3,2020,2020,4,5,9,8,27,202,18,0,1,1,-33.959837,151.027637,15,0,2,1,3,1,2,6,2,0,7,60,1,4026,4026,1,0,12,2,0,0,0,0
1222774,3,2020,2020,4,3,10,5,31,204,34609,0,1,1,-33.93868,151.145918,4,0,2,1,2,0,0,0,0,0,7,40,0,9859,9859,1,0,5,2,0,0,0,0
1222776,3,2020,2020,4,5,8,330,23,293,112,0,1,2,-33.94207,151.239652,59,0,2,1,1,0,0,0,2,0,7,60,2,395,395,1,5,5,3,0,0,0,0
1222780,3,2020,2020,4,2,7,13,27,24,61,0,1,1,-33.825183,151.174123,38,0,2,0,0,0,3,4,2,0,7,50,1,4552,5151,8,9,40,1,0,0,0,0
1222798,3,2020,2020,4,3,7,475,10,42,268,0,1,9,-33.91256,150.904842,41,0,2,1,1,0,0,0,2,2,8,70,2,1282,1282,1,5,5,2,0,0,0,0
1222846,3,2020,2020,4,6,8,48,27,21,62,0,1,1,-35.391178,148.125144,66,1,0,0,3,0,3,4,2,0,7,100,2,1957,4009,8,10,40,1,0,0,0,0
1222859,3,2020,2020,4,3,3,220,27,104,222,0,1,10,-33.720565,150.937797,7,0,2,1,3,0,3,3,2,2,7,80,2,5929,5929,1,5,36,2,0,0,0,0
1222861,3,2020,2020,4,4,8,866,17,110,793,0,1,9,-33.752927,151.047823,71,0,2,0,3,0,0,3,2,2,7,70,2,14295,14295,3,10,5,3,0,0,0,0
1222863,3,2020,2020,4,3,7,126,1,226,144,0,1,9,-33.77205,150.815992,7,0,2,1,3,0,0,3,2,2,7,60,2,14295,14295,3,0,5,2,0,0,0,0
1222864,3,2020,2020,4,1,8,2,31,33,34609,0,1,1,-36.421805,148.621078,65,2,1,1,3,0,0,0,2,0,7,50,0,9859,9859,8,5,40,1,0,0,0,0
1222869,3,2020,2020,4,2,7,49,27,87,34609,0,1,1,-33.923453,150.952152,41,0,2,1,3,0,3,4,2,0,7,40,0,4026,4026,1,10,0,2,0,0,0,0
1222870,3,2020,2020,4,6,3,1104,14,445,962,0,1,3,-33.84373,151.045958,54,0,2,1,3,0,0,0,4,0,7,90,2,1391,1391,1,5,35,2,0,0,0,0
1222873,3,2020,2020,4,2,1,3371,17,56,3342,0,1,2,-31.115413,152.832433,34,1,0,1,3,0,3,4,0,0,7,110,2,1089,1089,7,0,40,1,0,0,0,0
1222874,3,2020,2020,4,5,6,49,22,41,96,0,1,1,-32.962046,151.620357,37,0,2,1,3,0,0,0,2,0,9,60,2,14295,14295,3,0,5,3,0,0,0,0
1222875,3,2020,2020,4,5,7,7,10,19,34609,0,1,2,-34.087567,150.788491,13,0,2,0,3,0,0,0,2,0,7,60,0,1957,4009,8,30,40,1,0,0,0,0
1222876,3,2020,2020,4,1,1,2261,17,443,2252,0,1,10,-33.906002,151.040199,15,0,2,1,3,0,0,0,0,2,7,60,2,1850,777,5,3,40,1,0,0,0,0
1222877,3,2020,2020,4,0,11,3371,17,54,3342,0,1,2,-33.088122,151.63893,37,0,2,1,3,0,0,0,0,0,7,60,2,9859,9859,1,34,13,2,0,0,0,0
1222878,3,2020,2020,4,2,6,62,10,17,169,0,1,1,-32.817913,151.614816,17,1,0,1,3,0,3,4,2,0,7,100,2,3775,3775,0,5,35,2,0,0,0,0
1222880,3,2020,2020,4,6,4,1052,14,21,928,0,1,3,-32.911888,151.55973,37,0,2,0,3,0,0,0,2,0,7,110,2,1391,1391,1,29,5,2,0,0,0,0
1222881,3,2020,2020,4,4,5,222,31,131,212,0,1,1,-33.786839,151.181179,77,0,2,1,3,0,0,0,2,0,7,60,2,14295,14295,3,30,5,3,0,0,0,0
1222885,3,2020,2020,4,1,10,14,31,48,34609,0,1,1,-33.918855,147.208123,51,2,1,1,3,0,0,0,0,0,7,50,0,9859,9859,1,5,5,2,0,0,0,0
1222887,3,2020,2020,4,2,7,16,31,94,20,0,1,1,-33.777158,150.802515,55,0,2,1,3,0,3,3,2,0,7,60,1,3775,3775,0,5,13,2,0,0,0,0
1222889,3,2020,2020,4,2,5,2261,17,39,2252,0,1,9,-35.954571,147.004104,0,1,0,1,3,0,0,0,2,0,0,110,2,475,475,5,33,40,1,0,0,0,0
1222892,3,2020,2020,4,1,6,2261,17,70,2252,0,1,7,-34.730769,149.981593,26,2,1,1,3,0,3,4,2,0,7,60,2,9859,9859,8,5,40,1,0,0,0,0
1222893,3,2020,2020,4,2,10,13,27,8,14,0,1,1,-34.510659,150.342753,78,2,1,0,3,0,3,4,3,0,7,80,1,4552,5151,8,5,40,1,0,0,0,0
1222895,3,2020,2020,4,6,5,2209,17,17,2205,0,1,1,-36.503457,149.837228,5,1,0,1,3,0,0,0,2,0,7,100,2,14295,14295,3,5,5,2,0,0,0,0
1222896,3,2020,2020,4,4,8,168,17,36,212,0,1,1,-35.375792,149.772968,58,1,0,1,3,0,0,3,2,0,7,100,2,3775,3775,0,9,35,2,0,0,0,0
1222897,3,2020,2020,4,1,10,133,31,133,97,0,1,1,-33.916365,151.007551,15,0,2,1,3,0,0,0,0,0,7,60,1,14295,14295,3,5,0,2,0,0,0,0
1222900,3,2020,2020,4,6,7,387,27,290,331,0,1,9,-33.9591,151.117569,4,0,2,0,3,0,0,0,2,2,7,60,2,1669,1669,3,0,5,2,0,0,0,0
1222908,3,2020,2020,4,5,6,125,27,38,144,0,1,1,-32.794797,151.894443,57,2,1,1,3,0,0,0,2,0,7,80,2,3775,3775,0,25,5,2,0,0,0,0
1222910,3,2020,2020,4,2,6,485,27,232,769,0,1,2,-33.687208,150.919555,71,0,2,1,3,0,3,4,2,0,7,80,2,14295,14295,3,10,0,2,0,0,0,0
1222915,3,2020,2020,4,1,3,26,27,80,160,0,1,1,-33.965224,150.90017,13,0,2,1,3,0,0,0,2,0,7,60,2,1109,787,1,5,5,2,0,0,0,0
1222916,3,2020,2020,4,0,7,25,27,147,94,0,1,1,-33.883366,151.002713,15,0,2,1,3,0,3,4,2,0,7,50,1,4026,4026,1,5,5,3,0,0,0,0
1222921,3,2020,2020,4,1,8,29,27,31,34609,1,0,1,-33.892811,151.026496,15,0,2,1,3,0,0,0,2,0,7,50,0,1981,1981,4,5,12,2,0,0,0,0
1222925,3,2020,2020,4,0,7,2126,17,27,2149,0,1,9,-33.707622,150.323047,8,2,2,1,3,0,3,1,2,0,0,70,2,2852,2852,4,0,0,2,0,0,0,0
1222927,3,2020,2020,4,2,10,3371,17,92,3342,0,1,7,-33.397991,151.34436,16,2,2,0,3,0,3,4,4,0,0,60,2,782,985,5,5,40,1,0,0,0,0
1222928,3,2020,2020,4,3,4,49,22,41,96,0,1,1,-32.960452,151.619992,37,0,2,1,3,0,3,4,2,0,7,60,2,941,941,1,30,5,2,0,0,0,0
1222929,3,2020,2020,4,4,7,10,27,108,34609,0,1,1,-33.765238,151.261915,50,0,2,1,3,0,0,0,2,0,7,50,0,9859,9859,1,0,5,2,0,0,0,0
1222930,3,2020,2020,4,4,8,2,27,41,34609,0,1,1,-34.100479,150.821944,13,0,2,1,3,2,0,0,2,0,7,50,0,220,220,8,5,40,1,0,0,0,0
1222932,3,2020,2020,4,0,7,22,27,25,228,0,1,1,-33.613681,150.840177,29,2,2,1,3,0,0,0,2,0,7,60,2,14295,14295,3,9,0,2,0,0,0,0
1222933,3,2020,2020,4,6,9,348,27,23,88,0,1,9,-33.717416,150.695816,55,0,2,1,3,0,0,0,2,0,7,60,2,5929,5929,1,5,5,2,0,0,0,0
1222936,3,2020,2020,4,0,3,230,27,197,284,0,1,2,-33.799953,151.141871,61,0,2,1,3,0,3,4,2,0,7,80,2,14295,14295,3,5,5,3,0,0,0,0
1222939,3,2020,2020,4,0,8,9,31,363,34609,0,1,1,-33.806579,151.00484,54,0,2,1,3,0,3,3,2,0,7,50,0,1282,1282,1,21,5,2,0,0,0,0
1222943,3,2020,2020,4,4,11,1052,14,173,928,0,1,3,-33.706736,151.117566,31,0,2,1,3,0,0,0,0,0,7,110,2,101,101,8,30,10,2,0,0,0,0
1222945,3,2020,2020,4,1,0,3371,17,27,3342,0,1,2,-30.194892,153.146499,19,1,0,0,3,0,0,0,0,0,7,100,2,2585,4009,1,3,5,2,0,0,0,0
1222947,3,2020,2020,4,2,10,2209,17,39,2205,0,1,9,-34.322722,150.913394,80,0,2,0,3,0,3,0,0,0,15,60,2,1669,1669,3,0,5,2,0,0,0,0
1222950,3,2020,2020,4,2,6,2126,17,445,2149,0,1,9,-33.853931,151.05969,21,0,2,1,3,0,3,3,2,0,7,60,2,150,150,4,0,36,2,0,0,0,0
1222958,3,2020,2020,4,4,1,1,27,278,34609,0,1,1,-33.767384,151.050698,54,0,2,1,0,0,0,0,0,0,7,50,0,1282,1282,1,33,5,2,0,0,0,0
1222962,3,2020,2020,4,3,1,4,1,103,34609,0,1,1,-32.932936,151.662645,37,0,2,0,2,0,0,0,0,0,7,50,0,4552,5151,1,10,5,3,0,0,0,0
1222963,3,2020,2020,4,3,1,3371,17,53,3342,0,1,9,-33.680323,151.110875,31,0,2,1,2,0,3,4,0,0,7,60,2,4026,4026,8,5,40,1,0,0,0,0
1222991,3,2020,2020,4,4,4,112,17,207,112,0,1,9,-31.961978,141.437143,51,2,1,1,0,0,0,0,2,0,7,50,2,9859,9859,8,5,40,1,0,0,0,0
1222997,3,2020,2020,4,1,2,3371,17,4,3342,0,1,2,-29.65994,152.988672,18,1,0,1,0,0,0,0,0,0,7,100,2,1089,1089,7,10,40,1,0,0,0,0
1223035,3,2020,2020,4,4,6,57,27,30,126,0,1,9,-32.767369,151.63072,42,2,1,1,3,0,3,4,2,0,0,80,2,6545,6545,4,5,13,2,0,0,0,0
1223037,3,2020,2020,4,0,5,55,27,112,70,0,1,9,-33.710355,151.024718,31,0,2,0,3,0,3,4,2,2,7,60,2,1957,4009,8,8,40,1,0,0,0,0
1223041,3,2020,2020,4,3,8,2261,17,443,2252,0,1,2,-33.886315,151.065302,15,0,2,1,3,0,0,0,2,0,7,60,2,14295,14295,3,10,5,2,0,0,0,0
1223042,3,2020,2020,4,4,10,95,31,346,59,0,1,9,-33.867593,151.063624,67,0,2,1,3,0,0,0,2,2,7,60,1,5929,5929,1,30,0,2,0,0,0,0
1223045,3,2020,2020,4,0,4,15,27,143,51,0,1,1,-33.692129,151.098323,31,0,2,0,3,0,3,4,2,0,7,60,2,941,941,1,5,0,2,0,0,0,0
1223048,3,2020,2020,4,0,4,150,27,197,415,0,1,9,-33.789494,151.123857,61,0,2,1,3,0,3,4,2,0,15,70,2,2852,2852,4,5,5,2,0,0,0,0
1223051,3,2020,2020,4,6,7,13,27,24,61,0,1,9,-33.823292,151.172029,38,0,2,0,3,0,0,0,2,2,7,50,1,6545,6545,4,5,0,2,0,0,0,0
1223053,3,2020,2020,4,5,3,2261,17,112,2252,0,1,2,-36.063279,146.943068,0,1,0,1,3,0,0,0,2,0,7,110,2,14295,14295,3,5,34,2,0,0,0,0
1223054,3,2020,2020,4,1,0,36,1,53,34609,0,1,7,-33.922253,150.839844,41,0,2,1,3,0,3,0,0,0,7,60,0,301,301,4,5,5,2,0,0,0,0
1223055,3,2020,2020,4,4,6,102,31,107,53,0,1,10,-33.880524,151.196561,69,0,2,1,3,0,3,0,2,0,15,50,2,395,395,1,5,5,2,0,0,0,0
1223056,3,2020,2020,4,4,7,515,14,188,518,0,1,3,-33.935988,151.110676,15,0,2,1,3,0,0,0,2,0,7,80,2,1391,1391,1,29,5,4,0,0,0,0
1223057,3,2020,2020,4,5,4,15,10,26,34609,1,0,1,-33.071791,151.584387,37,0,2,1,3,0,0,0,2,0,7,50,0,9859,9859,8,5,40,1,0,0,0,0
1223058,3,2020,2020,4,6,7,5,31,166,34609,1,0,10,-33.420787,149.568822,3,2,1,1,3,0,0,0,2,0,0,50,0,6545,6545,4,5,5,2,0,0,0,0
1223060,3,2020,2020,4,3,7,1,27,1,34609,0,1,1,-28.67837,153.59682,10,1,0,0,3,0,0,0,2,0,7,100,0,3775,3775,0,0,5,2,0,0,0,0
1223072,3,2020,2020,4,5,6,7,31,77,34609,0,1,10,-32.941355,151.75331,48,0,2,1,3,0,0,0,2,0,0,50,0,301,301,4,0,0,3,0,0,0,0
1223073,3,2020,2020,4,2,10,3371,17,41,3342,0,1,9,-32.816527,151.696417,57,2,1,1,3,0,3,0,0,2,7,80,2,14295,14295,3,5,36,2,0,0,0,0
1223074,3,2020,2020,4,1,5,98,27,6,34609,0,1,1,-33.586597,149.347793,51,1,0,0,3,0,0,3,2,0,7,100,0,2585,4009,8,5,40,1,0,0,0,0
1223078,3,2020,2020,4,2,4,37,27,85,115,0,1,9,-33.72133,151.148656,36,0,2,0,3,0,3,3,2,0,7,60,1,3775,3775,0,0,5,2,0,0,0,0
1223079,3,2020,2020,4,4,8,485,27,323,769,1,0,9,-33.753912,150.989831,71,0,2,1,3,0,0,0,2,2,7,60,2,14295,14295,3,16,5,2,0,0,0,0
1223081,3,2020,2020,4,3,5,33,31,57,62,0,1,1,-32.815553,151.488006,17,2,1,1,3,0,0,0,2,0,7,60,2,9859,9859,1,0,5,2,0,0,0,0
1223084,3,2020,2020,4,0,8,481,17,3,483,0,1,1,-34.11746,147.13035,51,1,0,0,3,0,0,0,2,0,7,110,2,77,77,1,0,40,1,0,0,0,0
1223085,3,2020,2020,4,2,11,220,14,40,220,0,1,3,-34.416542,150.878752,80,0,2,0,3,0,0,0,0,0,7,80,2,1089,1089,7,5,40,1,0,0,0,0
1223086,3,2020,2020,4,6,8,85,27,53,145,0,1,9,-33.799389,151.055069,54,0,2,0,3,0,0,0,2,2,7,70,2,301,301,4,5,5,2,0,0,0,0
1223088,3,2020,2020,4,6,6,916,17,11,917,0,1,1,-32.478933,151.091507,64,1,0,0,3,0,0,0,2,0,7,100,2,4552,5151,8,5,40,1,0,0,0,0
1223095,3,2020,2020,4,0,11,23,31,224,44,0,1,1,-33.825758,151.231296,49,0,2,1,2,0,3,0,0,0,7,50,1,9859,9859,8,0,40,1,0,0,0,0
1223108,3,2020,2020,4,5,7,220,14,78,220,0,1,3,-34.464953,150.848042,80,0,2,0,0,0,0,0,2,0,7,100,2,14295,14295,3,10,5,2,0,0,0,0
1223109,3,2020,2020,4,0,9,4,22,176,159,0,1,1,-33.953404,151.136655,4,0,2,0,1,0,0,0,3,0,7,60,2,3775,3775,0,10,5,2,0,0,0,0
1223119,3,2020,2020,4,4,7,500,27,646,799,0,1,1,-33.934425,151.03736,15,0,2,1,1,0,3,4,2,0,7,60,2,1192,1192,1,9,12,2,0,0,0,0
1223120,3,2020,2020,4,0,8,220,14,130,220,0,1,3,-34.465386,150.845683,80,0,2,1,0,0,0,0,2,0,7,100,2,1109,787,1,0,36,2,0,0,0,0