Crash ID,Degree of crash - detailed,Reporting year,Year of crash,Month of crash,Day of week of crash,Two-hour intervals,Street of crash,Street type,Town,Route no.,School zone location,School zone active,Type of location,Latitude,Longitude,LGA,Urbanisation,Conurbation 1,Alignment,Street lighting,Road surface,Surface condition,Weather,Natural lighting,Signals operation,Other traffic control,Speed limit,Road classification,RUM - code,DCA - code,First impact type,Key TU type,Other TU type,No. of traffic units involved,No. killed,No. seriously injured,No. moderately injured,No. minor-other injured
1223121,3,2020,2020,4,0,8,21,36,7,34609,0,1,1,-33.251579,148.346794,51,2,1,1,0,0,0,0,2,0,7,80,0,9859,9859,8,30,40,1,0,0,0,0
1223127,3,2020,2020,4,0,9,95,31,204,34609,0,1,1,-33.891916,151.126795,32,0,2,1,0,0,0,0,2,0,7,50,0,9859,9859,1,33,5,2,0,0,0,0
1223136,3,2020,2020,4,4,0,308,14,95,311,0,1,3,-33.737858,150.848002,7,0,2,1,2,0,0,0,0,0,7,100,2,4026,4026,8,5,40,1,0,0,0,0
1223153,3,2020,2020,4,0,6,22,27,7,34609,0,1,1,-32.600366,149.659982,44,1,0,0,0,0,0,0,2,0,7,100,0,1850,1463,5,0,40,1,0,0,0,0
1223219,3,2020,2020,4,3,7,17,31,215,34609,0,1,7,-35.11425,147.372706,75,2,1,1,1,0,0,0,2,0,0,50,0,14295,14295,3,5,5,2,0,0,0,0
1223223,3,2020,2020,4,6,7,135,17,93,136,0,1,10,-36.076487,146.936568,0,2,1,1,1,0,0,0,2,0,0,60,2,1957,777,8,5,40,3,0,0,0,0
1223232,3,2020,2020,4,5,5,63,27,224,605,0,1,9,-33.817819,151.243827,45,0,2,1,3,0,0,3,2,0,7,60,2,3775,3775,0,8,12,2,0,0,0,0
1223235,3,2020,2020,4,0,6,1,27,243,34609,0,1,1,-33.952447,150.897552,41,0,2,1,3,0,3,0,2,0,7,50,0,3775,3775,0,0,0,2,0,0,0,0
1223237,3,2020,2020,4,3,7,28,27,52,34609,0,1,9,-33.648998,150.769833,55,0,2,0,3,0,3,3,2,0,7,70,0,1850,777,5,5,40,1,0,0,0,0
1223240,3,2020,2020,4,0,5,3,31,218,34609,0,1,1,-33.77786,150.775018,55,0,2,1,3,0,3,4,2,0,7,50,0,9859,9859,1,5,5,2,0,0,0,0
1223242,3,2020,2020,4,5,7,106,27,31,106,0,1,9,-33.927447,150.890564,41,0,2,1,3,0,0,0,2,2,7,70,2,5929,5929,1,5,22,2,0,0,0,0
1223243,3,2020,2020,4,2,7,3371,17,77,3342,0,1,1,-32.943667,151.733705,48,0,2,0,3,0,3,4,2,0,7,70,2,4552,5151,8,5,40,1,0,0,0,0
1223244,3,2020,2020,4,0,7,2261,17,109,2252,0,1,3,-33.962981,150.875288,41,0,2,1,3,0,3,4,2,0,7,100,2,1391,1391,1,29,13,3,0,0,0,0
1223245,3,2020,2020,4,5,5,15,10,69,34609,0,1,1,-33.775291,150.980147,54,0,2,1,3,0,0,0,2,0,7,50,0,9859,9859,1,5,3,3,0,0,0,0
1223247,3,2020,2020,4,6,11,2,27,4,34609,0,1,1,-36.309007,150.096129,23,1,0,1,3,2,0,6,0,0,7,100,0,1089,1089,7,10,40,1,0,0,0,0
1223249,3,2020,2020,4,0,10,48,31,121,102,0,1,9,-33.799224,151.284376,50,0,2,1,3,0,0,0,0,2,7,40,2,3775,3775,0,5,5,2,0,0,0,0
1223250,3,2020,2020,4,2,7,157,17,48,158,0,1,9,-33.922185,147.200675,51,2,1,1,3,0,0,0,2,0,0,50,2,2585,777,8,26,40,1,0,0,0,0
1223252,3,2020,2020,4,3,4,2,27,4,34609,0,1,1,-33.524752,151.361595,16,2,2,1,3,0,0,0,2,0,7,50,0,248,248,1,30,0,2,0,0,0,0
1223254,3,2020,2020,4,3,3,387,27,290,331,0,1,10,-33.948206,151.127863,4,0,2,1,3,0,0,3,2,2,7,60,2,14295,14295,3,5,5,2,0,0,0,0
1223262,3,2020,2020,4,3,6,3371,17,54,3342,0,1,2,-33.086464,151.63928,37,0,2,1,3,0,0,0,2,0,7,60,2,14295,14295,3,5,5,2,0,0,0,0
1223273,3,2020,2020,4,1,11,361,23,44,165,0,1,10,-33.970114,151.115741,25,0,2,1,2,0,0,0,0,2,7,50,1,5929,5929,1,5,13,2,0,0,0,0
1223287,3,2020,2020,4,1,0,829,23,48,34609,0,1,1,-32.71685,152.15039,57,2,1,0,2,0,0,0,0,0,7,50,0,2585,4009,1,5,5,3,0,0,0,0
1223292,3,2020,2020,4,1,5,485,27,67,769,0,1,9,-33.656624,150.8741,29,2,2,1,1,0,0,0,2,2,7,80,2,14295,14295,3,5,5,2,0,0,0,0
1223303,3,2020,2020,4,2,4,475,31,79,34609,0,1,1,-33.578783,150.71422,29,2,2,1,3,0,3,3,2,0,7,50,0,4026,4026,8,5,40,1,0,0,0,0
1223307,3,2020,2020,4,5,3,2,2,30,34609,0,1,9,-32.762176,151.624953,42,1,0,1,3,0,0,0,2,0,7,100,0,2852,2852,4,8,5,2,0,0,0,0
1223308,3,2020,2020,4,1,1,3,7,111,34609,0,1,1,-33.694142,150.867262,7,0,2,1,3,0,0,0,0,0,7,50,0,4026,4026,1,21,41,3,0,0,0,0
1223310,3,2020,2020,4,6,4,5,1,39,34609,0,1,9,-32.884215,151.666446,48,0,2,0,3,0,0,0,2,0,7,50,0,4552,5151,1,5,5,2,0,0,0,0
1223313,3,2020,2020,4,1,3,334,17,37,308,0,1,1,-31.00593,151.634682,51,1,0,0,3,0,3,0,1,0,7,100,2,2585,4009,8,0,40,1,0,0,0,0
1223316,3,2020,2020,4,4,5,41,10,117,34609,0,1,1,-28.18582,153.532308,72,2,1,1,3,0,0,0,2,0,7,50,0,1109,397,1,5,36,2,0,0,0,0
1223317,3,2020,2020,4,2,11,168,17,47,212,0,1,9,-35.257203,149.533311,58,1,0,1,3,0,3,3,0,0,7,100,2,945,945,5,8,40,1,0,0,0,0
1223318,3,2020,2020,4,5,4,2209,17,106,2205,0,1,9,-34.560835,150.795749,62,0,2,1,3,0,0,0,2,3,7,60,2,29,29,6,0,5,4,0,0,0,0
1223325,3,2020,2020,4,5,8,283,27,145,702,1,0,10,-33.92291,151.06837,15,0,2,1,3,0,0,0,2,2,9,60,2,217,217,1,10,5,2,0,0,0,0
1223328,3,2020,2020,4,5,4,114,27,118,34609,0,1,1,-33.404655,151.286358,16,2,2,0,3,0,3,4,2,0,7,70,0,14295,14295,3,5,36,2,0,0,0,0
1223329,3,2020,2020,4,6,7,56,27,323,38,1,0,1,-33.762591,150.984635,71,0,2,1,3,0,0,0,2,0,7,60,1,4026,4026,8,5,40,1,0,0,0,0
1223330,3,2020,2020,4,0,3,916,17,172,917,0,1,9,-32.763982,151.59768,42,2,1,1,3,0,0,0,2,2,7,60,2,1669,1669,3,10,5,2,0,0,0,0
1223337,3,2020,2020,4,0,11,829,23,48,34609,0,1,1,-32.716672,152.150551,57,2,1,1,2,0,0,0,0,0,7,50,0,4026,4026,1,10,5,2,0,0,0,0
1223353,3,2020,2020,4,4,1,24,27,11,24,0,1,1,-34.853652,150.67825,63,2,1,1,2,0,0,0,0,0,7,80,1,4026,4026,8,5,40,1,0,0,0,0
1223354,3,2020,2020,4,0,6,62,10,91,169,0,1,6,-32.809993,151.647141,48,0,2,0,1,0,3,4,2,0,7,80,2,1957,4009,8,29,40,1,0,0,0,0
1223355,3,2020,2020,4,1,11,294,17,15,288,0,1,1,-34.564694,144.683139,51,1,0,0,0,0,0,0,0,0,7,110,2,782,957,5,3,40,1,0,0,0,0
1223365,3,2020,2020,4,3,8,15,31,99,30,0,1,1,-33.88762,151.272255,76,0,2,1,0,0,0,0,2,0,7,40,1,9859,9859,1,5,5,3,0,0,0,0
1223369,3,2020,2020,4,0,6,361,23,75,34609,0,1,1,-33.712338,150.378155,8,2,2,1,1,0,3,3,2,0,7,50,0,9859,9859,8,5,40,1,0,0,0,0
1223384,3,2020,2020,4,2,9,2261,17,62,2252,0,1,1,-33.887802,151.135786,32,0,2,1,2,0,0,0,3,0,7,60,2,9859,9859,1,5,5,3,0,0,0,0
1223389,3,2020,2020,4,5,9,1,7,69,34609,0,1,9,-34.552323,150.857071,62,0,2,1,1,0,0,0,3,0,7,50,0,2585,777,8,10,40,1,0,0,0,0
1223404,3,2020,2020,4,4,7,112,17,5,112,0,1,1,-31.548165,146.817479,51,1,0,1,0,0,0,6,2,0,7,110,2,14295,14295,3,0,12,2,0,0,0,0
1223430,3,2020,2020,4,5,3,97,27,271,799,0,1,2,-33.936014,151.011139,15,0,2,1,2,0,0,0,1,0,7,70,2,14295,14295,3,30,40,2,0,0,0,0
1223437,3,2020,2020,4,2,2,21,27,9,11,0,1,1,-32.721375,151.412228,17,2,1,1,3,0,0,0,1,0,7,80,1,1089,1089,7,5,40,1,0,0,0,0
1223452,3,2020,2020,4,0,10,4,27,151,34609,0,1,1,-34.025142,150.866594,13,0,2,1,3,0,0,0,4,0,7,50,0,489,489,8,5,40,1,0,0,0,0
1223483,3,2020,2020,4,3,2,114,27,34,228,0,1,9,-33.476465,150.962233,71,0,2,0,3,0,3,4,0,0,7,80,2,1259,5151,8,0,40,1,0,0,0,0
1223514,3,2020,2020,4,1,4,13,31,234,34609,0,1,10,-34.281751,146.051668,28,2,1,1,3,0,3,4,2,0,0,50,0,6545,6545,4,30,5,2,0,0,0,0
1223524,3,2020,2020,4,0,2,22,27,5,34609,0,1,1,-32.673279,149.89212,44,1,0,1,3,0,0,0,0,0,7,100,0,1089,1089,7,10,40,1,0,0,0,0
1223527,3,2020,2020,4,2,8,3371,17,65,3342,0,1,9,-33.379914,151.374228,16,2,2,1,3,0,0,3,2,0,15,60,2,150,150,4,5,0,2,0,0,0,0
1223529,3,2020,2020,4,3,7,30,24,167,34609,0,1,9,-33.832664,151.073193,54,0,2,1,3,0,3,4,2,0,7,60,0,1391,1391,1,0,0,2,0,0,0,0
1223531,3,2020,2020,4,3,0,866,17,247,793,0,1,10,-33.830305,150.960171,21,0,2,1,3,0,0,0,0,2,7,70,2,14295,14295,3,5,5,2,0,0,0,0
1223537,3,2020,2020,4,5,8,1104,14,223,962,0,1,3,-33.803112,150.897055,7,0,2,1,3,0,0,0,2,0,7,100,2,1391,1391,1,5,13,5,0,0,0,0
1223538,3,2020,2020,4,2,4,16,27,111,34609,0,1,1,-33.91211,151.25825,59,0,2,1,3,0,3,3,2,0,7,50,0,4026,4026,1,5,0,3,0,0,0,0
1223564,3,2020,2020,4,2,7,72,14,532,71,0,1,3,-33.867159,151.217012,69,0,2,0,3,0,0,0,2,0,7,60,2,14295,14295,3,10,5,3,0,0,0,0
1223565,3,2020,2020,4,0,8,67,27,157,55,0,1,2,-34.01514,151.105377,68,0,2,0,3,0,0,0,2,0,7,70,2,14295,14295,3,5,0,2,0,0,0,0
1223566,3,2020,2020,4,6,8,133,17,55,121,0,1,10,-36.237021,149.128766,65,2,1,1,3,0,3,4,2,0,0,60,2,6545,6545,4,5,0,2,0,0,0,0
1223567,3,2020,2020,4,3,11,3371,17,19,3342,0,1,2,-31.879116,152.55666,43,1,0,1,3,0,0,0,0,0,7,100,2,9859,9859,8,5,40,1,0,0,0,0
1223571,3,2020,2020,4,4,4,485,27,323,769,0,1,2,-33.74609,150.981896,71,0,2,0,3,0,3,4,2,0,7,60,2,1957,4009,8,5,40,1,0,0,0,0
1223572,3,2020,2020,4,4,8,23,27,523,23,0,1,1,-33.924331,150.907951,41,0,2,1,3,0,0,0,2,0,7,60,2,941,941,1,5,5,3,0,0,0,0
1223573,3,2020,2020,4,2,8,54,31,28,62,0,1,9,-33.793506,151.195981,77,0,2,1,3,0,0,3,2,2,7,60,2,14295,14295,3,0,0,2,0,0,0,0
1223574,3,2020,2020,4,5,4,21,10,89,34609,0,1,10,-28.211634,153.544876,72,2,1,1,3,0,3,0,2,2,9,50,0,1192,1192,1,10,5,2,0,0,0,0
1223576,3,2020,2020,4,5,6,105,17,251,136,0,1,2,-33.774728,150.934817,7,0,2,1,3,0,0,0,2,0,7,60,2,14295,14295,3,5,5,2,0,0,0,0
1223580,3,2020,2020,4,3,1,6,31,179,34609,0,1,7,-33.760894,150.71549,55,0,2,1,3,0,3,4,0,0,0,50,0,945,945,5,5,40,1,0,0,0,0
1223582,3,2020,2020,4,1,7,17,10,39,34609,0,1,7,-32.734946,152.084026,57,2,1,1,3,0,0,0,2,0,0,50,0,14295,14295,3,5,40,3,0,0,0,0
1223584,3,2020,2020,4,0,0,475,10,83,268,0,1,1,-33.875119,150.836772,24,0,2,1,3,0,0,0,0,0,7,80,2,945,945,5,5,40,1,0,0,0,0
1223586,3,2020,2020,4,2,6,1,31,55,34609,0,1,9,-36.220473,149.143471,65,2,1,0,3,0,0,0,2,0,0,60,0,926,926,4,10,5,2,0,0,0,0
1223590,3,2020,2020,4,2,5,293,31,112,369,0,1,1,-33.612726,150.814657,29,2,2,1,3,0,3,4,2,0,7,60,2,14295,14295,3,30,13,2,0,0,0,0
1223591,3,2020,2020,4,3,7,500,27,646,799,0,1,9,-33.93462,151.036453,15,0,2,1,3,0,0,3,2,2,7,60,2,14295,14295,3,34,5,2,0,0,0,0
1223595,3,2020,2020,4,6,8,512,1,57,34609,0,1,1,-32.81021,151.478687,17,2,1,1,3,0,0,0,3,0,7,60,0,9859,9859,1,5,5,3,0,0,0,0
1223598,3,2020,2020,4,3,4,5,7,105,34609,0,1,1,-32.595415,149.565882,44,2,1,0,3,0,0,0,2,0,7,50,0,4552,5151,8,5,40,1,0,0,0,0
1223600,3,2020,2020,4,0,11,123,36,7,90,0,1,1,-31.650472,151.804301,43,1,0,0,3,0,3,0,0,0,7,90,1,1259,5151,8,5,40,1,0,0,0,0
1223604,3,2020,2020,4,0,5,133,10,5,121,0,1,9,-31.635352,152.756531,56,2,1,1,3,0,0,0,2,0,7,70,1,9859,9859,1,3,12,2,0,0,0,0
1223605,3,2020,2020,4,2,4,387,36,86,69,0,1,9,-33.722236,151.217148,50,0,2,1,3,0,0,0,2,2,7,80,2,14295,14295,3,5,5,2,0,0,0,0
1223610,3,2020,2020,4,0,3,515,14,189,518,0,1,3,-33.942654,151.052955,15,0,2,1,3,0,0,0,2,0,7,100,2,29,29,6,21,13,4,0,0,0,0
1223629,3,2020,2020,4,0,5,829,27,159,770,0,1,1,-33.807975,151.089891,61,0,2,1,1,0,0,3,2,0,7,60,2,84,84,8,8,40,4,0,0,0,0
1223644,3,2020,2020,4,2,7,28,27,346,63,0,1,1,-33.88783,151.084146,67,0,2,1,2,0,0,0,2,0,7,50,1,9859,9859,1,33,0,2,0,0,0,0
1223654,3,2020,2020,4,5,5,4,10,323,34609,0,1,7,-33.804044,150.836655,7,0,2,1,0,0,0,0,2,0,7,50,0,1850,985,5,9,40,1,0,0,0,0
1223663,3,2020,2020,4,5,4,2126,17,104,2149,0,1,9,-33.833088,151.017857,54,0,2,1,1,0,0,0,2,0,7,60,2,775,775,4,0,13,2,0,0,0,0
1223738,3,2020,2020,4,2,6,89,27,3,228,0,1,1,-32.84941,151.32876,17,2,1,1,3,0,0,0,2,0,7,60,1,4026,4026,8,5,40,1,0,0,0,0
1223739,3,2020,2020,4,5,3,2126,17,127,2149,0,1,9,-33.888489,151.156585,32,0,2,1,3,0,0,0,1,2,7,60,2,4026,4026,8,0,40,2,0,0,0,0
1223747,3,2020,2020,4,3,2,196,1,16,34609,0,1,9,-33.741842,150.746045,55,0,2,1,1,0,0,0,1,0,7,50,0,4026,4026,1,5,5,2,0,0,0,0
1223759,3,2020,2020,4,6,1,1,31,36,39,0,1,10,-35.447975,149.79857,58,2,1,1,2,0,0,6,0,0,0,50,1,4552,985,8,34,40,1,0,0,0,0
1223773,3,2020,2020,4,1,2,1,31,106,34609,0,1,1,-34.562422,150.799157,62,0,2,1,2,0,3,3,1,0,7,50,0,9859,9859,8,10,40,1,0,0,0,0
1223777,3,2020,2020,4,3,6,2261,17,17,2252,0,1,2,-34.794394,149.272131,74,1,0,1,1,0,0,0,2,0,7,110,2,1282,1282,1,29,5,2,0,0,0,0
1223781,3,2020,2020,3,3,8,2,31,204,34609,0,1,10,-33.900847,151.12831,32,0,2,1,3,0,0,0,2,0,0,50,0,775,775,4,5,5,2,0,0,0,0
1223783,3,2020,2020,3,0,7,2209,17,144,2205,0,1,2,-34.064598,151.017898,68,0,2,1,3,0,3,4,2,0,7,70,2,14295,14295,3,5,5,3,0,0,0,0
1223785,3,2020,2020,4,0,7,48,27,51,166,0,1,9,-33.253542,151.4936,16,2,2,1,3,0,0,0,2,2,7,50,2,1391,1391,1,10,0,2,0,0,0,0
1223791,3,2020,2020,3,4,3,11,27,247,34609,0,1,9,-33.818306,150.935815,21,0,2,1,3,0,0,0,1,0,7,50,0,1282,1282,1,30,40,2,0,0,0,0
1223794,3,2020,2020,3,5,6,177,31,174,208,0,1,7,-33.860494,150.927487,24,0,2,1,3,0,0,0,2,0,0,60,1,6545,6545,4,5,0,2,0,0,0,0
1223795,3,2020,2020,3,6,8,2209,17,67,2205,1,0,9,-34.425721,150.87123,80,0,2,0,3,0,0,0,2,2,7,60,2,1669,1669,3,5,5,2,0,0,0,0
1223796,3,2020,2020,4,4,11,5,18,28,34609,0,1,9,-33.090921,148.869005,11,2,1,1,3,0,0,0,0,0,7,50,0,1957,777,1,5,12,2,0,0,0,0
1223797,3,2020,2020,3,6,5,481,17,562,483,0,1,1,-32.242857,148.602683,22,2,1,1,3,0,3,4,2,0,7,60,2,1383,1383,1,5,13,2,0,0,0,0
1223801,3,2020,2020,3,6,9,17,27,111,65,0,1,7,-33.712845,150.893071,7,0,2,1,3,0,0,0,3,0,0,60,1,6545,6545,4,5,5,2,0,0,0,0
1223804,3,2020,2020,3,4,3,175,27,86,220,0,1,2,-33.740424,150.917592,7,0,2,1,3,0,0,3,2,0,7,70,2,1391,1391,1,5,25,2,0,0,0,0
1223805,3,2020,2020,3,0,2,3371,17,28,3342,0,1,2,-28.690205,153.533288,10,1,0,1,3,0,3,4,0,0,7,100,2,9859,9859,8,5,40,1,0,0,0,0
1223806,3,2020,2020,4,6,3,2126,17,23,2149,0,1,9,-33.818853,150.991686,21,0,2,1,3,0,0,0,2,2,9,60,2,2852,2852,4,0,5,2,0,0,0,0
1223808,3,2020,2020,3,3,6,2261,17,523,2252,0,1,10,-33.928542,150.918058,41,0,2,0,3,0,0,0,2,2,7,60,2,6545,6545,4,5,5,2,0,0,0,0
1223809,3,2020,2020,3,3,5,387,27,115,331,0,1,9,-33.958137,151.069223,25,0,2,1,3,0,0,3,2,2,7,60,2,5929,5929,1,0,13,3,0,0,0,0
1223810,3,2020,2020,4,0,11,168,17,13,212,0,1,9,-35.543486,149.932076,58,1,0,1,3,0,3,0,0,0,0,100,2,9859,9859,8,5,40,1,0,0,0,0
1223811,3,2020,2020,4,6,5,4,1,99,34609,0,1,1,-33.894276,151.273703,76,0,2,1,3,0,0,0,2,0,7,50,0,175,188,8,0,40,1,0,0,0,0
1223813,3,2020,2020,3,0,5,3371,17,20,3342,0,1,2,-32.284709,152.338892,43,1,0,0,3,0,3,4,2,0,7,110,2,2585,4009,8,5,40,1,0,0,0,0
1223816,3,2020,2020,3,1,5,81,27,609,115,0,1,9,-33.788596,150.898879,7,0,2,0,3,0,3,3,2,3,7,60,2,782,957,5,30,40,1,0,0,0,0
1223819,3,2020,2020,4,5,8,29,31,37,83,0,1,9,-29.462366,153.197242,18,2,1,1,3,0,0,0,2,0,7,50,1,175,188,8,0,40,1,0,0,0,0
1223821,3,2020,2020,3,6,6,55,31,38,34609,0,1,9,-33.769038,150.797818,55,0,2,1,3,0,0,0,2,0,7,50,0,150,150,4,0,36,2,0,0,0,0
1223829,3,2020,2020,3,2,9,2,7,5,34609,0,1,4,-35.704525,150.192252,23,2,1,0,1,0,0,0,2,0,7,50,0,2585,4009,8,5,40,1,0,0,0,0
1223839,3,2020,2020,4,1,11,4,10,55,34609,0,1,1,-35.394032,149.20494,58,2,1,0,2,0,0,0,0,0,7,50,0,4552,5151,8,5,40,1,0,0,0,0
1223841,3,2020,2020,4,6,1,2261,17,646,2252,1,0,2,-33.9073,151.033556,15,0,2,1,2,0,0,0,0,0,7,60,2,9859,9859,8,5,40,1,0,0,0,0
1223855,3,2020,2020,3,5,9,5,27,136,34609,0,1,10,-33.868053,151.068619,67,0,2,1,3,0,0,0,2,0,0,50,0,6545,6545,4,5,0,2,0,0,0,0
1223857,3,2020,2020,4,2,11,3371,17,37,3342,0,1,2,-33.020149,151.667947,37,0,2,1,3,0,3,3,0,0,7,60,2,9859,9859,8,5,40,1,0,0,0,0
1223859,3,2020,2020,3,6,5,15,10,69,34609,0,1,1,-33.773504,150.970492,54,0,2,0,3,0,0,0,2,0,7,50,0,4552,5151,8,5,40,1,0,0,0,0
1223861,3,2020,2020,3,0,3,12,31,218,34609,0,1,7,-33.776789,150.785239,55,0,2,1,3,0,3,4,2,0,0,50,0,6545,6545,4,30,22,2,0,0,0,0
1223863,3,2020,2020,4,4,8,230,27,173,284,0,1,1,-33.791556,151.130996,61,0,2,1,3,0,0,0,2,0,7,70,2,1192,1192,1,5,19,2,0,0,0,0
1223864,3,2020,2020,4,6,6,2261,17,112,2252,0,1,10,-33.913765,150.931686,41,0,2,1,3,0,0,0,2,2,7,70,2,14295,14295,3,30,5,2,0,0,0,0
1223865,3,2020,2020,3,3,9,31,27,197,69,0,1,2,-33.792298,151.155619,61,0,2,0,3,0,3,4,2,0,7,60,2,1259,5151,8,5,40,1,0,0,0,0
1223868,3,2020,2020,4,4,9,2,31,14,148,0,1,1,-30.339883,152.709989,6,2,1,1,3,0,3,4,0,0,7,50,2,9859,9859,8,5,40,1,0,0,0,0
1223869,3,2020,2020,3,2,5,6,31,84,34609,1,0,9,-33.887524,150.943787,24,0,2,1,3,0,0,0,2,0,0,50,0,775,775,4,5,0,2,0,0,0,0
1223879,3,2020,2020,4,5,0,4,27,39,34609,0,1,1,-33.241038,151.474253,16,2,2,1,2,0,0,0,0,0,7,50,0,9859,9859,1,5,5,3,0,0,0,0
1223885,3,2020,2020,3,2,10,5,1,45,34609,0,1,1,-33.343153,151.495705,16,2,2,1,2,0,0,0,0,0,7,50,0,9859,9859,1,0,0,2,0,0,0,0
1223888,3,2020,2020,4,4,10,40,31,204,34609,0,1,9,-33.933858,151.142789,4,0,2,1,2,0,0,0,3,0,7,50,0,4552,985,8,5,40,1,0,0,0,0
1223907,3,2020,2020,4,5,3,2126,17,323,2149,0,1,10,-33.788732,150.854304,7,0,2,1,1,0,0,0,2,2,7,80,2,5929,5929,1,5,12,2,0,0,0,0
1223910,3,2020,2020,4,0,10,27,27,154,65,0,1,7,-33.697042,150.968653,71,0,2,0,3,0,0,0,0,0,0,60,1,4552,985,8,34,40,1,0,0,0,0
1223924,3,2020,2020,3,5,3,55,27,151,160,0,1,7,-34.037334,150.844387,13,0,2,1,0,0,0,0,2,0,0,60,2,1945,1945,5,29,40,1,0,0,0,0
1223928,3,2020,2020,4,5,8,4,27,164,34609,0,1,1,-33.727964,150.891782,7,0,2,1,1,0,0,0,2,0,7,50,0,9859,9859,1,5,5,2,0,0,0,0
1223930,3,2020,2020,3,5,5,1,31,129,34609,0,1,9,-33.932242,151.081169,15,0,2,1,0,0,0,0,2,0,7,50,0,10,10,4,33,5,2,0,0,0,0
1223943,3,2020,2020,4,4,8,255,27,71,166,0,1,1,-33.263366,151.535213,16,2,2,1,1,0,0,0,2,0,7,50,2,14295,14295,3,5,5,2,0,0,0,0
1223964,3,2020,2020,4,1,4,866,17,314,793,0,1,2,-33.84679,150.949714,21,0,2,1,1,0,0,0,2,0,7,70,2,1192,1192,1,8,5,2,0,0,0,0
1223966,3,2020,2020,4,3,9,2,1,64,34609,0,1,1,-33.762492,151.205316,50,0,2,1,1,0,0,0,0,0,7,50,0,1282,1282,1,33,5,2,0,0,0,0
1223977,3,2020,2020,3,1,8,3371,17,39,3342,0,1,7,-33.252244,151.489423,16,2,2,0,3,0,0,0,2,0,0,70,2,926,926,4,5,5,2,0,0,0,0
1223978,3,2020,2020,4,1,8,2126,17,106,2149,0,1,2,-33.886419,151.178395,69,0,2,1,3,0,3,0,2,0,7,60,2,941,941,1,19,13,2,0,0,0,0
1223983,3,2020,2020,4,4,6,127,27,135,103,0,1,10,-32.89662,151.735729,48,0,2,1,3,0,0,0,2,0,0,60,1,5929,5929,1,5,5,2,0,0,0,0
1223985,3,2020,2020,4,0,8,71,27,44,122,0,1,9,-34.565185,150.860111,62,0,2,1,3,0,3,0,2,2,9,70,2,5929,5929,1,5,0,2,0,0,0,0
1223987,3,2020,2020,3,0,4,3371,17,29,3342,0,1,9,-32.185505,152.326268,43,1,0,0,3,0,3,4,2,0,0,100,2,1957,4009,8,9,40,1,0,0,0,0
1223992,3,2020,2020,3,3,7,125,27,38,144,0,1,9,-32.786445,151.92985,57,2,1,1,3,0,0,0,2,0,7,80,2,217,217,1,0,19,2,0,0,0,0
1223993,3,2020,2020,3,5,7,2209,17,144,2205,0,1,2,-34.064261,151.018695,68,0,2,0,3,0,0,3,2,0,7,70,2,14295,14295,3,10,12,2,0,0,0,0
1223995,3,2020,2020,3,5,2,193,27,64,94,0,1,10,-33.876587,151.025116,21,0,2,1,3,0,0,0,1,2,7,60,1,5929,5929,1,10,36,2,0,0,0,0
1224014,3,2020,2020,4,5,1,1,31,84,34609,0,1,1,-31.112478,150.892856,70,2,1,1,2,0,0,0,0,0,7,50,0,4026,4026,1,0,5,3,0,0,0,0
1224035,3,2020,2020,4,0,5,47,27,293,69,0,1,2,-33.941767,151.240318,59,0,2,1,3,0,3,4,2,0,7,60,1,9859,9859,1,5,5,2,0,0,0,0
1224059,3,2020,2020,4,2,9,7,27,433,34609,0,1,1,-33.227145,149.104299,52,1,0,1,0,0,0,0,2,0,7,100,0,9859,9859,8,34,40,1,0,0,0,0
1224065,3,2020,2020,4,5,5,2126,17,23,2149,0,1,2,-33.446057,149.993586,40,1,0,0,0,0,0,0,2,0,7,100,2,2585,4009,8,10,40,1,0,0,0,0
1224079,3,2020,2020,4,0,6,2126,17,78,2149,0,1,9,-33.702356,150.575803,8,2,2,0,3,0,3,4,2,0,6,80,2,1259,5151,8,5,40,1,0,0,0,0
1224101,3,2020,2020,3,2,11,71,4,119,34609,0,1,1,-32.760992,151.761728,57,2,1,1,3,0,0,0,0,0,7,50,0,248,248,1,0,5,2,0,0,0,0
1224104,3,2020,2020,4,0,5,2126,17,218,2149,0,1,10,-33.769532,150.768721,55,0,2,1,3,0,0,0,2,2,7,60,2,1391,1391,1,0,5,3,0,0,0,0
1224106,3,2020,2020,3,6,7,27,31,70,34609,0,1,1,-33.258846,151.511602,16,2,2,1,3,0,0,0,2,0,7,50,0,9859,9859,8,5,40,1,0,0,0,0
1224108,3,2020,2020,3,5,4,89,31,107,34609,0,1,10,-29.689844,152.942713,18,2,1,1,3,0,0,3,2,0,0,50,0,6545,6545,4,5,13,2,0,0,0,0
1224109,3,2020,2020,3,2,5,11,36,433,34609,0,1,9,-33.251933,149.137509,52,2,1,1,3,0,0,0,2,0,0,80,0,1957,777,8,21,40,1,0,0,0,0
1224118,3,2020,2020,4,3,2,205,27,147,415,0,1,2,-33.745874,151.149989,36,0,2,0,2,0,3,4,1,0,7,70,2,1957,4009,8,5,40,1,0,0,0,0
1224128,3,2020,2020,4,5,6,475,31,174,41,0,1,0,-33.891274,151.207667,69,0,2,1,1,0,0,0,2,0,7,50,1,1282,1282,1,33,19,2,0,0,0,0
1224134,3,2020,2020,4,3,9,150,27,309,415,0,1,11,-33.803198,151.113785,61,0,2,1,1,0,0,0,2,2,7,70,2,9859,9859,8,9,40,1,0,0,0,0
1224146,3,2020,2020,4,1,11,45,27,90,34609,0,1,1,-33.886733,151.246652,81,0,2,1,2,0,0,0,0,0,7,50,0,9859,9859,1,5,5,2,0,0,0,0