Crash ID,Degree of crash - detailed,Reporting year,Year of crash,Month of crash,Day of week of crash,Two-hour intervals,Street of crash,Street type,Town,Route no.,School zone location,School zone active,Type of location,Latitude,Longitude,LGA,Urbanisation,Conurbation 1,Alignment,Street lighting,Road surface,Surface condition,Weather,Natural lighting,Signals operation,Other traffic control,Speed limit,Road classification,RUM - code,DCA - code,First impact type,Key TU type,Other TU type,No. of traffic units involved,No. killed,No. seriously injured,No. moderately injured,No. minor-other injured
1224150,3,2020,2020,3,0,3,72,14,252,71,0,1,3,-33.885746,151.217984,69,0,2,1,3,0,3,4,2,0,7,80,2,14295,14295,3,16,10,2,0,0,0,0
1224154,3,2020,2020,3,3,10,1052,14,87,928,0,1,3,-33.026723,151.478464,37,0,2,1,3,0,3,3,0,0,7,110,2,9859,9859,8,5,40,1,0,0,0,0
1224155,3,2020,2020,3,4,8,387,36,86,69,0,1,2,-33.723919,151.218555,50,0,2,1,3,0,0,3,2,0,7,80,2,14295,14295,3,0,13,3,0,0,0,0
1224157,3,2020,2019,9,4,5,42,31,106,34609,0,1,2,-28.864783,153.046831,60,2,1,1,3,0,0,0,2,0,9,50,0,14295,14295,3,34,5,2,0,0,0,0
1224161,3,2020,2020,3,4,4,3,31,112,34609,0,1,1,-33.916682,150.936162,41,0,2,1,3,0,3,4,2,0,7,50,0,186,186,1,8,5,2,0,0,0,0
1224165,3,2020,2020,4,3,10,9,27,3,4,0,1,1,-35.968241,148.05701,66,1,0,1,3,0,3,4,0,0,7,100,1,1089,1089,7,10,40,1,0,0,0,0
1224167,3,2020,2020,3,4,4,108,31,60,34609,0,1,9,-33.628936,150.283951,8,2,2,1,3,0,3,4,2,0,7,50,0,1669,1669,3,10,5,2,0,0,0,0
1224168,3,2020,2020,4,6,0,5,31,58,34609,0,1,1,-33.753109,151.146819,36,0,2,1,2,0,0,6,0,0,7,50,0,9859,9859,1,5,5,2,0,0,0,0
1224172,3,2020,2020,4,5,11,2261,17,9,2252,0,1,2,-34.821006,149.358241,74,1,0,1,0,0,0,0,0,0,7,110,2,14295,14295,3,29,2,2,0,0,0,0
1224185,3,2020,2020,3,3,8,866,17,247,793,0,1,2,-33.81536,150.964034,21,0,2,1,1,0,3,4,2,0,7,70,2,9859,9859,8,5,40,1,0,0,0,0
1224186,3,2020,2020,4,2,10,11,27,36,34609,1,0,1,-33.800023,150.947863,21,0,2,1,0,0,0,0,0,0,7,50,0,9859,9859,1,5,5,2,0,0,0,0
1224190,3,2020,2020,4,4,8,4,27,24,34609,0,1,1,-33.411505,151.404606,16,2,2,1,1,0,0,0,2,0,7,60,0,9859,9859,8,5,40,2,0,0,0,0
1224196,3,2020,2020,4,4,11,102,31,107,53,0,1,0,-33.880117,151.196327,69,0,2,1,2,0,0,0,0,0,7,50,2,4026,4026,1,5,5,2,0,0,0,0
1224208,3,2020,2020,4,6,4,45,1,294,26,0,1,9,-33.935323,150.926992,41,0,2,1,1,0,0,0,2,0,7,60,2,9859,9859,8,8,40,1,0,0,0,0
1224209,3,2020,2020,4,0,11,192,10,84,114,0,1,7,-33.469109,151.395538,16,2,2,0,2,0,3,4,0,0,0,60,2,1957,4009,8,10,40,1,0,0,0,0
1224213,3,2020,2020,3,0,5,12,10,89,34609,0,1,2,-28.21425,153.541876,72,2,1,1,1,0,3,3,2,0,7,50,0,475,475,5,5,40,1,0,0,0,0
1224216,3,2020,2020,4,0,7,10,31,74,34609,0,1,7,-34.64043,148.0224,20,2,1,1,1,0,0,0,2,0,0,50,0,4026,4026,8,30,40,1,0,0,0,0
1224267,3,2020,2020,4,1,5,1,27,115,34609,0,1,1,-33.876549,151.182949,69,0,2,1,2,0,0,0,2,0,7,50,0,9859,9859,1,33,0,2,0,0,0,0
1224276,3,2020,2020,4,3,7,2126,17,94,2149,0,1,9,-33.776414,150.800948,55,0,2,1,0,0,3,4,2,0,0,80,2,1669,1669,3,5,5,2,0,0,0,0
1224285,3,2020,2020,4,2,11,7,31,135,34609,1,0,10,-32.896003,151.747848,48,0,2,1,2,0,0,0,0,3,15,50,0,623,623,3,30,5,2,0,0,0,0
1224295,3,2020,2020,4,0,10,6,27,58,34609,0,1,10,-32.979095,151.670056,37,0,2,1,3,0,0,0,0,0,0,50,0,5929,5929,1,5,5,2,0,0,0,0
1224305,3,2020,2020,3,3,9,232,36,40,331,0,1,10,-34.009961,150.770356,12,0,2,1,3,0,3,4,2,2,7,80,2,14295,14295,3,5,36,2,0,0,0,0
1224306,3,2020,2020,3,3,2,1052,14,83,928,0,1,3,-33.512428,151.191675,16,1,2,0,3,0,3,0,0,0,7,90,2,1957,4009,8,5,40,1,0,0,0,0
1224308,3,2020,2020,3,0,11,4,10,55,34609,0,1,1,-35.384914,149.203681,58,2,1,1,3,0,0,0,0,0,7,50,0,9859,9859,1,9,5,2,0,0,0,0
1224310,3,2020,2020,4,0,11,4,1,126,34609,0,1,9,-33.919277,150.818344,41,0,2,1,3,0,0,0,0,0,0,60,0,1669,1669,3,5,5,2,0,0,0,0
1224312,3,2020,2020,3,5,7,97,17,34,88,0,1,2,-34.836154,149.581692,26,1,0,1,3,0,3,4,2,0,7,110,2,1945,1945,5,9,40,1,0,0,0,0
1224316,3,2020,2020,3,2,0,475,31,112,34609,0,1,9,-33.907291,151.207685,69,0,2,1,3,0,3,4,0,2,7,50,0,9859,9859,8,5,40,1,0,0,0,0
1224317,3,2020,2020,3,4,4,6,27,84,25,0,1,1,-33.478431,151.406265,16,2,2,0,3,0,3,4,2,0,7,60,1,1957,4009,8,5,40,1,0,0,0,0
1224320,3,2020,2020,3,2,9,1,27,9,34609,0,1,1,-33.609723,150.741646,29,2,2,1,3,0,3,3,2,0,7,50,0,4026,4026,1,0,13,2,0,0,0,0
1224322,3,2020,2020,3,2,6,6,10,24,34609,0,1,1,-33.727784,150.917739,7,0,2,1,3,0,3,4,2,0,7,50,0,9859,9859,1,5,5,2,0,0,0,0
1224323,3,2020,2020,3,6,8,4,31,228,34609,1,0,10,-34.758904,149.702395,26,2,1,0,3,0,3,3,2,0,0,50,0,6545,6545,4,5,5,2,0,0,0,0
1224324,3,2020,2020,4,2,7,50,27,57,799,0,1,1,-33.898896,151.173043,32,0,2,1,3,0,0,0,2,0,7,50,2,9859,9859,1,0,0,3,0,0,0,0
1224327,3,2020,2020,3,2,8,23,31,169,382,0,1,9,-33.761419,150.830176,7,0,2,1,3,0,3,4,2,0,15,60,2,14295,14295,3,5,5,2,0,0,0,0
1224338,3,2020,2020,3,2,9,84,27,252,31,1,0,9,-33.945538,150.891357,41,0,2,1,0,0,0,0,0,0,7,60,1,14295,14295,3,0,5,2,0,0,0,0
1224346,3,2020,2020,4,4,6,5,31,309,34609,0,1,1,-33.819159,151.098646,61,0,2,1,1,0,0,0,2,0,7,50,0,9859,9859,1,33,0,2,0,0,0,0
1224347,3,2020,2020,4,0,9,2,31,271,34609,0,1,9,-33.939945,151.014114,15,0,2,1,0,0,0,0,2,0,7,50,0,6545,6545,4,9,5,2,0,0,0,0
1224350,3,2020,2020,3,0,10,65,27,154,34609,0,1,1,-33.721154,150.954861,71,0,2,1,1,0,3,4,0,0,7,60,0,9859,9859,1,0,13,2,0,0,0,0
1224366,3,2020,2020,3,4,9,87,1,225,19,0,1,9,-33.797745,151.183975,77,0,2,1,3,0,3,4,2,2,9,40,1,14295,14295,3,5,5,2,0,0,0,0
1224367,3,2020,2020,3,0,5,2,31,90,34609,0,1,10,-32.923222,151.741989,48,0,2,1,3,0,0,0,2,0,15,50,0,6545,6545,4,0,0,2,0,0,0,0
1224368,3,2020,2020,3,0,7,90,36,9,102,0,1,9,-34.498462,147.842048,20,1,0,1,3,0,0,0,2,0,7,100,2,9859,9859,8,5,40,1,0,0,0,0
1224376,3,2020,2020,3,1,2,191,17,15,189,0,1,1,-32.085437,149.577867,51,1,0,1,3,0,3,3,0,0,7,100,2,945,945,5,3,40,1,0,0,0,0
1224377,3,2020,2020,3,0,3,1052,14,56,928,0,1,3,-32.965284,151.537204,37,0,2,1,3,0,3,4,2,0,7,110,2,9859,9859,8,5,40,1,0,0,0,0
1224378,3,2020,2020,4,1,5,293,31,523,34609,0,1,1,-33.917652,150.924631,41,0,2,1,3,0,0,0,2,0,7,50,0,248,248,1,0,5,2,0,0,0,0
1224379,3,2020,2020,3,3,11,22,31,337,30,0,1,1,-33.731582,151.003903,71,0,2,1,3,0,3,4,0,0,7,50,2,404,404,8,30,40,1,0,0,0,0
1224382,3,2020,2020,3,2,7,82,31,370,49,0,1,9,-34.073807,150.82584,13,0,2,1,3,0,3,4,2,0,7,60,1,14295,14295,3,10,5,3,0,0,0,0
1224383,3,2020,2020,4,3,6,20,27,12,100,0,1,1,-33.630117,150.671373,29,2,2,1,3,0,0,0,2,0,7,80,2,9859,9859,8,10,40,1,0,0,0,0
1224385,3,2020,2020,3,1,5,153,27,197,147,0,1,1,-33.951764,151.088246,25,0,2,1,3,0,0,0,2,0,7,60,2,175,188,8,30,40,1,0,0,0,0
1224386,3,2020,2020,3,1,2,866,17,278,793,0,1,9,-33.783208,151.045275,54,0,2,0,3,0,3,4,1,2,8,60,2,2852,2852,4,5,5,2,0,0,0,0
1224388,3,2020,2020,3,3,0,175,27,104,220,0,1,2,-33.721991,150.931437,7,0,2,0,3,0,3,4,0,0,7,70,2,380,714,5,5,40,1,0,0,0,0
1224389,3,2020,2020,3,5,8,5,27,363,34609,0,1,1,-33.747248,150.687743,55,0,2,1,3,0,0,0,2,0,7,50,0,941,941,1,5,0,2,0,0,0,0
1224390,3,2020,2020,3,6,6,3371,17,4,3342,0,1,1,-29.305219,153.217152,18,1,0,1,3,0,3,4,2,0,7,100,2,945,945,5,33,40,1,0,0,0,0
1224391,3,2020,2020,3,2,5,19,23,52,34609,0,1,9,-33.955959,150.947449,41,0,2,0,3,0,3,4,2,0,0,50,0,5929,5929,1,16,5,2,0,0,0,0
1224392,3,2020,2020,3,3,11,2209,17,35,2205,0,1,9,-34.052815,151.048497,68,0,2,1,3,0,3,4,0,3,7,80,2,1945,1945,5,0,40,1,0,0,0,0
1224393,3,2020,2020,3,5,3,916,17,91,917,0,1,10,-32.794732,151.635841,48,0,2,1,3,0,3,3,2,2,7,60,2,395,395,1,10,13,2,0,0,0,0
1224397,3,2020,2020,3,5,9,82,31,179,369,0,1,2,-33.759791,150.711242,55,0,2,1,3,0,0,0,2,0,7,70,2,9859,9859,1,5,5,4,0,0,0,0
1224398,3,2020,2020,4,0,6,1,27,155,34609,0,1,9,-33.498329,151.31395,16,2,2,1,3,0,3,4,2,0,7,50,0,77,77,1,5,40,1,0,0,0,0
1224400,3,2020,2020,4,3,1,42,27,67,231,0,1,9,-33.404861,151.338257,16,2,2,0,3,0,3,4,0,0,0,50,2,4552,5151,8,5,40,1,0,0,0,0
1224406,3,2020,2020,3,0,8,3,27,562,34609,0,1,1,-32.236241,148.629557,22,2,1,0,3,0,0,0,2,0,7,60,0,1109,787,1,5,13,2,0,0,0,0
1224408,3,2020,2020,3,1,0,1,1,55,34609,0,1,9,-33.941521,150.900681,41,0,2,0,3,0,3,4,0,0,7,50,0,84,84,8,0,40,1,0,0,0,0
1224425,3,2020,2020,3,4,10,1,31,18,34609,0,1,9,-32.967542,151.710356,37,0,2,1,2,0,3,4,0,0,7,60,0,2585,777,1,5,6,2,0,0,0,0
1224428,3,2020,2020,4,5,10,1,31,89,34609,0,1,1,-33.382395,151.460201,16,2,2,0,0,0,0,0,0,0,7,50,0,3775,3775,0,30,0,3,0,0,0,0
1224434,3,2020,2020,3,3,0,20,10,18,34609,0,1,1,-28.68793,153.605952,10,2,1,0,2,0,0,0,0,0,7,50,0,4552,5151,1,5,5,3,0,0,0,0
1224446,3,2020,2020,3,3,4,14,27,78,34609,0,1,1,-33.702434,150.567508,8,2,2,1,1,0,3,4,2,0,7,50,0,1109,787,1,5,40,2,0,0,0,0
1224510,3,2020,2019,2,2,1,74,23,100,260,0,1,2,-33.961341,151.156087,4,0,2,1,3,0,0,0,0,0,7,60,2,9859,9859,8,5,40,1,0,0,0,0
1224522,3,2020,2020,4,4,11,42,31,316,6,0,1,7,-31.434298,152.908697,56,2,1,1,2,0,3,3,0,0,0,50,1,2585,777,8,0,40,1,0,0,0,0
1224534,3,2020,2020,3,4,9,1052,14,207,928,0,1,3,-33.599477,151.170535,31,0,2,1,3,0,3,4,2,0,7,110,2,4026,4026,8,5,40,1,0,0,0,0
1224535,3,2020,2020,3,0,2,28,27,38,28,0,1,7,-32.741493,151.867701,57,2,1,0,3,0,3,4,0,0,0,50,1,6545,6545,4,10,0,2,0,0,0,0
1224537,3,2020,2020,3,4,10,230,27,100,284,0,1,2,-33.803388,151.146177,38,0,2,0,3,0,3,4,0,0,7,60,2,782,957,5,5,40,1,0,0,0,0
1224539,3,2020,2020,3,5,8,2,31,68,19,0,1,1,-34.850159,148.919153,82,2,1,1,3,0,0,0,2,0,7,50,1,14295,14295,3,10,5,2,0,0,0,0
1224541,3,2020,2020,3,6,7,13,27,438,34609,0,1,9,-33.860264,151.0224,21,0,2,1,3,0,0,0,2,0,7,50,0,2852,2852,4,5,5,3,0,0,0,0
1224542,3,2020,2020,3,0,4,36,27,14,36,0,1,1,-34.009254,150.795572,13,0,2,0,3,0,3,4,2,0,7,80,1,1957,4009,8,9,40,1,0,0,0,0
1224543,3,2020,2020,3,1,9,25,31,460,55,0,1,1,-33.825832,150.984579,21,0,2,1,3,0,0,0,2,0,7,50,1,14295,14295,3,30,5,2,0,0,0,0
1224544,3,2020,2020,3,0,2,866,17,112,793,0,1,9,-33.907848,150.918709,41,0,2,0,3,0,3,4,1,2,7,70,2,1391,1391,1,0,5,2,0,0,0,0
1224545,3,2020,2020,3,0,8,220,14,40,220,0,1,3,-34.412629,150.882743,80,0,2,1,3,0,0,0,3,0,7,80,2,14295,14295,3,5,13,3,0,0,0,0
1224546,3,2020,2020,3,6,8,47,1,60,34609,0,1,9,-33.755084,150.758538,55,0,2,0,3,0,0,0,4,0,7,50,0,1391,1391,1,5,0,2,0,0,0,0
1224547,3,2020,2020,3,3,6,3371,17,77,3342,0,1,1,-33.525223,151.200879,16,2,2,1,3,0,3,4,2,0,7,60,2,3775,3775,0,5,12,2,0,0,0,0
1224551,3,2020,2020,3,2,7,78,17,39,75,0,1,8,-33.843268,151.21101,49,0,2,1,3,0,3,4,2,0,7,80,2,1945,1945,5,5,40,1,0,0,0,0
1224554,3,2020,2020,3,0,8,103,36,17,66,0,1,1,-32.039707,152.273787,43,1,0,1,3,0,3,4,2,0,7,90,1,9859,9859,8,5,40,1,0,0,0,0
1224555,3,2020,2020,3,1,3,97,17,14,88,0,1,2,-34.995409,149.386009,58,1,0,1,3,0,3,4,2,0,7,110,2,4026,4026,8,0,40,1,0,0,0,0
1224557,3,2020,2020,3,2,3,63,17,112,114,0,1,1,-33.454184,151.422679,16,2,2,1,3,0,3,4,2,0,7,70,2,1282,1282,1,5,5,2,0,0,0,0
1224559,3,2020,2020,3,4,5,2209,17,133,2205,0,1,1,-34.496106,150.79276,80,0,2,1,3,0,0,3,2,0,9,50,1,5929,5929,1,5,36,2,0,0,0,0
1224561,3,2020,2020,3,4,8,1104,14,283,962,0,1,3,-33.827727,151.01555,54,0,2,1,3,0,0,0,2,0,7,90,2,1391,1391,1,5,36,2,0,0,0,0
1224562,3,2020,2020,3,3,7,2209,17,11,2205,0,1,1,-36.291513,150.116492,23,1,0,0,3,0,3,4,2,0,7,100,2,273,957,5,5,40,1,0,0,0,0
1224563,3,2020,2020,4,4,4,62,10,122,62,0,1,10,-33.429077,151.34259,16,2,2,1,1,0,0,0,2,0,7,50,2,14295,14295,3,33,5,3,0,0,0,0
1224567,3,2020,2020,4,4,11,4,27,45,34609,0,1,1,-34.287874,150.580052,79,2,2,1,2,0,0,6,0,0,7,60,0,4026,4026,1,5,5,2,0,0,0,0
1224568,3,2020,2020,3,3,6,19,27,132,34609,0,1,1,-29.793913,151.129078,33,2,1,0,0,2,0,3,2,0,7,80,0,1850,1463,5,0,40,1,0,0,0,0
1224572,3,2020,2020,3,4,9,67,27,165,78,0,1,1,-33.852767,151.151968,14,0,2,1,1,0,3,4,2,0,7,50,2,9859,9859,8,10,40,1,0,0,0,0
1224586,3,2020,2020,3,2,9,2,31,76,34609,1,0,9,-33.910858,150.873764,41,0,2,1,0,0,3,4,2,0,7,50,0,926,926,4,5,5,2,0,0,0,0
1224601,3,2020,2020,3,6,0,6,31,31,34609,0,1,1,-31.119678,150.919692,70,2,1,1,0,0,3,4,0,0,7,50,0,220,220,1,5,5,2,0,0,0,0
1224615,3,2020,2020,3,2,10,24,31,237,44,0,1,9,-33.874897,150.954041,24,0,2,1,2,0,0,0,0,2,7,60,1,5929,5929,1,10,5,2,0,0,0,0
1224642,3,2020,2020,4,0,0,8,31,157,34609,0,1,1,-33.804314,151.021603,54,0,2,1,3,0,2,6,0,0,7,50,0,4026,4026,1,33,25,3,0,0,0,0
1224680,3,2020,2020,4,1,11,193,18,36,34609,0,1,1,-35.440798,149.799747,58,2,1,1,0,0,0,6,0,0,7,50,0,9859,9859,1,33,5,2,0,0,0,0
1224681,3,2020,2020,3,0,8,18,27,136,148,0,1,1,-32.933065,151.72028,48,0,2,1,1,2,3,4,2,0,7,60,1,4026,4026,8,5,40,1,0,0,0,0
1224711,3,2020,2020,3,2,3,7,31,135,34609,1,0,9,-32.895423,151.74431,48,0,2,1,0,0,0,0,2,0,0,50,0,4552,985,1,5,13,2,0,0,0,0
1224713,3,2020,2020,4,3,7,2126,17,115,2149,0,1,9,-33.884524,151.192946,69,0,2,1,3,0,0,0,2,2,7,50,2,515,515,1,5,5,2,0,0,0,0
1224718,3,2020,2020,4,1,8,39,31,523,34609,0,1,1,-33.922713,150.928466,41,0,2,1,1,0,3,4,2,0,7,40,0,4026,4026,1,10,5,2,0,0,0,0
1224724,3,2020,2020,3,0,9,59,31,73,46,0,1,9,-34.179574,150.613777,79,2,2,1,3,0,3,4,2,0,15,60,2,10,10,4,30,13,2,0,0,0,0
1224725,3,2020,2020,3,1,9,361,31,226,382,0,1,9,-33.767092,150.832801,7,0,2,1,3,0,0,0,2,0,7,60,2,1669,1669,3,5,5,2,0,0,0,0
1224726,3,2020,2020,3,0,9,2,27,161,34609,0,1,10,-33.720056,151.178713,36,0,2,1,3,0,0,0,3,0,0,50,0,6545,6545,4,5,13,2,0,0,0,0
1224727,3,2020,2020,3,3,6,21,27,62,23,0,1,7,-33.745653,150.622039,8,2,2,1,3,0,3,4,2,0,0,50,1,1981,1981,4,5,0,2,0,0,0,0
1224730,3,2020,2020,4,0,8,42,27,33,56,0,1,9,-33.896821,151.241196,76,0,2,0,3,0,0,0,2,0,7,50,1,4552,985,8,5,40,1,0,0,0,0
1224733,3,2020,2020,3,1,7,103,27,35,256,0,1,10,-34.102122,150.802192,13,0,2,1,3,0,0,0,2,2,7,70,2,1391,1391,1,5,5,2,0,0,0,0
1224737,3,2020,2020,3,6,4,2209,17,157,2205,0,1,2,-34.007139,151.111624,68,0,2,1,3,0,3,3,2,0,7,70,2,14295,14295,3,5,0,4,0,0,0,0
1224741,3,2020,2020,4,3,10,97,17,17,88,0,1,2,-34.894384,149.509839,74,1,0,1,3,0,0,0,0,0,7,110,2,1089,1089,7,5,40,1,0,0,0,0
1224743,3,2020,2020,3,3,11,30,27,24,34609,0,1,1,-32.767067,151.437783,17,2,1,1,3,0,3,4,0,0,7,80,0,1089,1089,7,0,40,1,0,0,0,0
1224746,3,2020,2020,3,0,8,12,27,22,34609,0,1,1,-35.149184,150.042573,58,2,1,1,3,0,3,4,2,0,7,80,0,9859,9859,8,30,40,1,0,0,0,0
1224747,3,2020,2020,4,0,9,2261,17,36,2252,0,1,2,-36.097881,146.915717,0,1,0,1,3,0,0,0,0,0,7,110,2,9859,9859,8,30,40,1,0,0,0,0
1224748,3,2020,2020,3,5,8,515,14,188,518,0,1,3,-33.939821,151.096304,15,0,2,0,3,0,0,0,2,0,7,80,2,14295,14295,3,10,0,3,0,0,0,0
1224749,3,2020,2020,3,5,7,4,31,70,34609,0,1,10,-34.850723,150.602585,63,2,1,1,3,0,3,4,2,0,7,50,0,941,941,1,5,5,2,0,0,0,0
1224750,3,2020,2020,4,0,4,21,10,40,34609,0,1,9,-34.021153,150.763713,12,0,2,1,3,0,0,0,2,0,0,60,0,515,515,1,0,36,2,0,0,0,0
1224752,3,2020,2020,3,4,9,515,14,252,518,0,1,3,-33.950929,150.881098,41,0,2,0,3,0,3,0,2,0,7,100,2,1391,1391,1,5,5,2,0,0,0,0
1224755,3,2020,2020,4,6,9,37,27,115,34609,0,1,9,-33.881026,151.187378,69,0,2,1,3,0,0,0,2,0,7,50,0,9859,9859,1,5,0,2,0,0,0,0
1224760,3,2020,2020,3,5,3,387,27,253,331,0,1,1,-33.963664,151.093469,25,0,2,1,3,0,0,0,2,0,7,60,2,14295,14295,3,30,0,2,0,0,0,0
1224761,3,2020,2020,3,6,7,13,27,21,4,0,1,1,-35.373384,148.094096,66,1,0,0,3,0,0,0,2,0,7,100,1,380,714,5,3,40,1,0,0,0,0
1224765,3,2020,2020,3,4,4,1052,27,104,262,0,1,9,-32.909732,151.710389,48,0,2,1,3,0,3,0,2,0,7,60,2,775,775,4,5,5,2,0,0,0,0
1224767,3,2020,2020,3,1,7,76,24,164,154,0,1,10,-33.728117,150.880988,7,0,2,1,3,0,3,4,2,3,7,70,1,3775,3775,0,5,13,2,0,0,0,0
1224775,3,2020,2020,3,0,7,475,10,42,268,0,1,9,-33.91256,150.904842,41,0,2,1,3,0,3,4,2,1,7,70,2,4552,985,8,5,40,1,0,0,0,0
1224776,3,2020,2020,3,3,2,1052,14,118,928,0,1,3,-33.422594,151.286807,16,1,2,1,3,0,3,4,0,0,7,110,2,9859,9859,8,30,40,1,0,0,0,0
1224777,3,2020,2020,3,4,6,17,27,251,28,0,1,7,-33.787038,150.943183,7,0,2,1,3,0,0,0,2,0,0,60,1,217,217,1,5,5,2,0,0,0,0
1224778,3,2020,2020,3,0,5,1,25,20,34609,0,1,1,-33.085208,151.502767,37,0,2,1,3,0,0,0,2,0,7,60,0,220,220,1,5,36,2,0,0,0,0
1224779,3,2020,2020,3,2,7,230,27,197,284,0,1,2,-33.795021,151.135172,61,0,2,1,3,0,3,4,2,0,7,70,2,14295,14295,3,5,5,2,0,0,0,0
1224782,3,2020,2020,3,4,2,21,10,40,34609,0,1,10,-34.024412,150.770797,12,0,2,1,3,0,3,3,1,2,7,60,0,6545,6545,4,30,5,2,0,0,0,0
1224784,3,2020,2020,3,2,7,5,27,7,34609,0,1,1,-33.510286,151.343976,16,2,2,1,3,0,3,4,2,0,7,50,0,1282,1282,1,30,36,2,0,0,0,0
1224787,3,2020,2020,3,6,11,8,31,93,34609,0,1,1,-33.411576,149.585419,3,2,1,0,3,0,3,4,0,0,7,50,0,2585,4009,8,10,40,1,0,0,0,0
1224789,3,2020,2020,3,1,8,40,31,219,262,0,1,10,-32.905468,151.672588,48,0,2,1,3,0,3,4,2,0,0,60,2,14295,14295,3,30,5,3,0,0,0,0
1224791,3,2020,2020,3,4,10,24,31,314,34609,0,1,7,-33.854851,150.921417,24,0,2,1,3,0,3,3,0,0,0,50,0,6545,6545,4,5,0,2,0,0,0,0
1224793,3,2020,2020,4,6,2,21,10,74,34609,0,1,10,-34.025478,150.7764,12,0,2,1,3,0,0,0,0,2,7,50,0,5929,5929,1,5,5,2,0,0,0,0
1224796,3,2020,2020,3,6,9,115,27,113,173,0,1,9,-34.375087,150.831061,80,0,2,0,3,0,3,4,2,0,7,100,2,380,714,5,10,40,1,0,0,0,0
1224797,3,2020,2020,3,1,10,82,31,71,369,0,1,10,-33.775677,150.711963,55,0,2,1,3,0,3,4,0,2,7,70,2,5929,5929,1,5,5,2,0,0,0,0
1224798,3,2020,2020,3,6,6,61,10,87,174,0,1,2,-33.012368,151.49126,37,0,2,1,3,0,0,3,2,0,7,90,2,14295,14295,3,10,12,2,0,0,0,0
1224805,3,2020,2020,3,4,11,7,10,42,34609,0,1,1,-33.735522,150.853847,7,0,2,1,2,0,3,4,0,0,7,50,0,9859,9859,1,0,0,3,0,0,0,0
1224808,3,2020,2020,4,2,11,2,1,165,34609,1,0,9,-32.277315,150.892789,46,2,1,0,2,0,0,0,0,0,15,50,0,1259,5151,8,5,40,1,0,0,0,0
1224815,3,2020,2020,4,2,4,163,27,95,165,0,1,2,-33.736974,150.838432,7,0,2,0,0,0,0,3,2,0,7,60,1,4552,5151,8,5,40,1,0,0,0,0
1224821,3,2020,2020,3,3,1,44,31,90,34609,0,1,2,-32.918186,151.748134,48,0,2,0,2,0,3,4,0,0,11,40,0,1282,1282,1,5,40,1,0,0,0,0
1224827,3,2020,2020,4,2,1,19,31,169,34609,0,1,10,-33.902464,151.203519,69,0,2,1,2,0,3,3,0,0,15,50,0,9859,9859,1,0,5,3,0,0,0,0
1224828,3,2020,2020,3,3,6,1052,14,53,928,0,1,3,-33.681497,151.120337,31,0,2,1,3,0,3,0,2,0,7,110,2,9859,9859,8,0,40,1,0,0,0,0
1224830,3,2020,2020,3,4,7,10,25,49,34609,0,1,1,-32.993527,151.682903,37,0,2,1,3,0,0,3,2,0,7,50,0,489,489,8,5,40,2,0,0,0,0
1224832,3,2020,2020,3,2,11,2261,17,26,2252,0,1,3,-34.429991,150.463168,78,1,0,0,3,0,3,4,0,0,7,110,2,1850,1463,5,9,40,1,0,0,0,0
1224833,3,2020,2020,3,0,7,13,27,70,34609,0,1,9,-33.974698,151.106951,25,0,2,1,3,0,3,4,2,0,7,50,0,515,515,1,10,5,2,0,0,0,0
1224835,3,2020,2020,3,1,6,169,27,10,34609,0,1,1,-29.419761,153.282081,18,2,1,0,3,0,0,0,2,0,7,60,0,1259,5151,8,30,40,1,0,0,0,0
1224837,3,2020,2020,3,5,3,4,31,219,34609,0,1,10,-32.908566,151.668875,48,0,2,1,3,0,3,3,2,0,0,50,0,6545,6545,4,5,13,2,0,0,0,0
1224840,3,2020,2020,4,0,8,916,17,9,917,0,1,1,-32.410907,151.019922,64,1,0,0,3,0,0,0,2,0,7,100,2,4552,5151,8,0,40,1,0,0,0,0
1224841,3,2020,2020,3,2,9,2,27,19,34609,0,1,1,-32.415088,148.82152,22,2,1,1,3,0,3,4,2,0,7,80,0,1089,1089,7,5,40,1,0,0,0,0
1224843,3,2020,2020,3,2,7,515,14,252,518,0,1,3,-33.948517,150.88977,41,0,2,1,3,0,3,4,2,0,7,100,2,9859,9859,8,21,40,1,0,0,0,0
1224889,3,2020,2020,4,6,11,9,10,169,34609,0,1,1,-28.637748,153.62897,10,2,1,0,2,0,0,0,0,0,7,50,0,4552,985,8,21,40,1,0,0,0,0
1224897,3,2020,2020,3,0,8,23,10,64,101,0,1,10,-32.940605,151.712449,48,0,2,1,3,0,3,4,2,2,7,60,2,14295,14295,3,10,5,3,0,0,0,0
1224923,3,2020,2020,3,3,5,31,31,445,34609,0,1,1,-33.859173,151.049629,21,0,2,1,3,0,0,0,2,0,7,50,0,1391,1391,1,5,5,5,0,0,0,0
1224927,3,2020,2020,3,2,10,106,27,252,106,0,1,9,-33.927578,150.888153,41,0,2,1,3,0,3,4,0,2,7,70,2,1192,1192,1,0,5,2,0,0,0,0
1224928,3,2020,2020,3,3,8,294,17,215,288,0,1,7,-35.115617,147.34571,75,2,1,1,3,0,3,4,2,0,0,60,2,1669,1669,3,0,5,2,0,0,0,0
1224929,3,2020,2020,3,3,6,2126,17,218,2149,0,1,2,-33.769662,150.77173,55,0,2,1,3,0,0,0,2,0,7,60,2,9859,9859,1,5,0,2,0,0,0,0
1224931,3,2020,2020,3,0,6,132,31,252,126,0,1,10,-33.890444,151.209199,69,0,2,1,3,0,0,0,2,2,7,50,2,1669,1669,3,10,5,2,0,0,0,0