Crash ID,Degree of crash - detailed,Reporting year,Year of crash,Month of crash,Day of week of crash,Two-hour intervals,Street of crash,Street type,Town,Route no.,School zone location,School zone active,Type of location,Latitude,Longitude,LGA,Urbanisation,Conurbation 1,Alignment,Street lighting,Road surface,Surface condition,Weather,Natural lighting,Signals operation,Other traffic control,Speed limit,Road classification,RUM - code,DCA - code,First impact type,Key TU type,Other TU type,No. of traffic units involved,No. killed,No. seriously injured,No. moderately injured,No. minor-other injured
1224932,3,2020,2020,3,1,4,7,31,215,34609,0,1,10,-35.114491,147.357142,75,2,1,1,3,0,0,0,2,0,0,50,0,6545,6545,4,30,0,2,0,0,0,0
1224933,3,2020,2020,3,3,11,22,31,337,30,0,1,2,-33.731582,151.003903,71,0,2,1,3,0,3,4,0,0,7,60,2,404,404,8,0,40,1,0,0,0,0
1224940,3,2020,2020,3,6,4,8,27,36,7,0,1,1,-33.792895,151.028507,54,0,2,1,3,0,0,0,2,0,7,50,1,14295,14295,3,21,36,2,0,0,0,0
1224941,3,2020,2020,3,1,9,2126,17,21,2149,0,1,2,-33.725265,150.402835,8,2,2,0,3,0,3,4,3,0,7,80,2,2585,4009,8,5,40,1,0,0,0,0
1224945,3,2020,2020,3,4,9,52,27,106,53,0,1,9,-33.928723,151.098321,15,0,2,1,3,0,0,0,3,0,7,50,1,6545,6545,4,0,5,2,0,0,0,0
1224946,3,2020,2020,3,1,7,330,27,294,34609,0,1,9,-33.944664,150.929993,41,0,2,1,3,0,0,3,2,0,7,60,0,775,775,4,9,13,2,0,0,0,0
1224948,3,2020,2020,3,5,8,361,23,84,35,0,1,9,-33.883125,150.946869,24,0,2,1,3,0,0,3,2,0,0,60,1,217,217,1,5,5,2,0,0,0,0
1224951,3,2020,2020,3,3,0,14,31,283,34609,0,1,1,-33.839983,151.000466,21,0,2,1,0,0,0,0,0,0,7,50,0,9859,9859,1,9,5,2,0,0,0,0
1224953,3,2020,2020,4,2,7,3,1,323,34609,1,0,1,-33.765782,150.998203,71,0,2,1,1,0,0,0,2,0,7,50,0,1282,1282,1,33,5,2,0,0,0,0
1224958,3,2020,2020,4,0,5,16,31,56,34609,0,1,1,-33.856572,151.17214,32,0,2,1,1,0,3,4,2,0,7,40,0,175,188,1,34,5,2,0,0,0,0
1224960,3,2020,2020,3,2,2,1104,11,532,770,0,1,6,-33.8741,151.198469,69,0,2,0,3,0,3,4,1,0,7,60,2,1259,5151,8,34,40,1,0,0,0,0
1224961,3,2020,2020,3,6,6,63,17,11,63,0,1,1,-34.098489,142.091681,51,1,0,0,3,0,0,0,2,0,7,100,2,1957,4009,8,10,40,1,0,0,0,0
1224973,3,2020,2020,3,4,9,149,10,12,34609,1,0,1,-29.720089,152.963892,18,2,1,1,0,0,3,4,3,0,7,80,0,4026,4026,8,8,40,1,0,0,0,0
1224983,3,2020,2020,3,4,7,866,17,98,793,1,2,2,-33.740607,151.058368,31,0,2,0,1,0,3,4,2,0,7,40,2,1981,1981,4,5,5,2,0,0,0,0
1224999,3,2020,2020,3,2,7,3371,17,29,3342,0,1,2,-32.215944,152.322538,43,2,1,1,1,0,0,0,2,0,7,80,2,4026,4026,8,34,40,1,0,0,0,0
1225000,3,2020,2020,4,3,2,57,27,58,75,0,1,1,-33.46327,151.283054,16,2,2,1,0,0,0,0,0,0,7,80,1,9859,9859,8,0,40,1,0,0,0,0
1225004,3,2020,2020,3,4,7,59,10,8,231,0,1,1,-33.483541,151.384621,16,2,2,0,1,0,0,0,2,0,7,70,2,101,101,8,0,40,2,0,0,0,0
1225007,3,2020,2020,3,1,1,44,31,130,34609,0,1,10,-33.873074,151.196984,69,0,2,0,2,0,3,4,0,2,7,50,0,4552,5151,8,5,40,1,0,0,0,0
1225009,3,2020,2020,4,0,10,1,25,232,34609,0,1,1,-33.680417,150.928252,71,0,2,1,2,0,0,0,0,0,7,50,0,9859,9859,1,0,5,2,0,0,0,0
1225012,3,2020,2020,4,2,2,1,7,5,34609,0,1,1,-33.731541,150.628558,8,2,2,1,0,0,3,4,1,0,7,50,0,4026,4026,1,10,36,2,0,0,0,0
1225016,3,2020,2020,3,2,0,2,31,25,34609,0,1,2,-34.487625,150.873554,80,0,2,0,3,1,2,6,0,0,7,50,0,1957,4009,1,5,5,2,0,0,0,0
1225023,3,2020,2020,3,5,4,50,31,346,34609,1,2,4,-33.874237,151.076279,67,0,2,0,0,0,0,0,2,0,7,40,0,1957,4009,1,8,5,2,0,0,0,0
1225032,3,2020,2020,3,3,11,34,27,96,25,0,1,9,-35.361604,149.233566,58,2,1,1,2,0,0,0,0,0,7,60,1,9859,9859,1,5,4,4,0,0,0,0
1225036,3,2020,2020,3,4,5,7,27,562,34609,0,1,10,-32.196318,148.725274,22,1,0,1,0,0,0,0,2,0,13,100,0,6545,6545,4,29,5,2,0,0,0,0
1225042,3,2020,2020,3,4,8,7,31,7,34609,0,1,10,-36.72938,149.986601,5,2,1,1,3,2,0,0,2,0,0,50,0,5929,5929,1,10,5,2,0,0,0,0
1225046,3,2020,2020,3,6,6,16,27,20,34609,0,1,1,-32.963633,151.545752,37,0,2,0,3,0,0,0,2,0,7,90,0,1109,787,1,0,5,2,0,0,0,0
1225048,3,2020,2020,3,0,8,9,27,8,34609,0,1,9,-33.394776,149.557096,3,2,1,1,3,0,0,0,2,0,0,60,0,2852,2852,4,5,5,2,0,0,0,0
1225051,3,2020,2020,3,6,8,48,31,35,34609,0,1,1,-31.080726,152.84216,34,2,1,0,3,0,0,0,2,0,7,50,0,14295,14295,3,9,0,4,0,0,0,0
1225053,3,2020,2020,3,4,6,334,17,15,308,0,1,1,-30.937787,150.593809,70,1,0,1,3,0,3,0,2,0,7,100,2,77,77,1,5,40,1,0,0,0,0
1225054,3,2020,2020,3,0,5,2209,17,35,2205,0,1,9,-35.484259,150.339985,63,1,0,1,3,0,0,0,2,0,7,100,2,926,926,4,10,5,2,0,0,0,0
1225055,3,2020,2020,3,4,5,2261,17,284,2252,0,1,2,-33.906543,151.017818,15,0,2,1,3,0,0,0,2,0,7,70,2,1391,1391,1,5,5,2,0,0,0,0
1225057,3,2020,2020,3,6,1,1,27,38,34609,0,1,1,-32.749009,151.843121,57,2,1,1,3,0,0,0,0,0,7,70,0,9859,9859,8,30,40,1,0,0,0,0
1225075,3,2020,2020,3,3,7,4,25,26,34609,0,1,9,-33.750917,150.878298,7,0,2,1,1,0,3,4,2,0,7,50,0,14295,14295,3,5,13,3,0,0,0,0
1225088,3,2020,2020,3,4,4,1,31,49,34609,1,2,10,-34.437841,148.727142,30,2,1,1,1,0,0,0,2,0,0,40,0,6545,6545,4,5,0,2,0,0,0,0
1225101,3,2020,2020,3,5,9,4,10,19,34609,0,1,1,-28.20973,153.495734,72,2,1,1,2,0,3,4,0,0,7,50,0,9859,9859,1,34,5,2,0,0,0,0
1225105,3,2020,2020,4,6,2,29,10,54,34609,0,1,1,-28.524323,153.535034,10,2,1,1,0,0,0,0,1,0,7,50,0,404,404,8,10,40,1,0,0,0,0
1225107,3,2020,2020,3,4,1,2209,17,130,2205,0,1,1,-34.455554,150.844255,80,0,2,1,2,0,0,0,0,0,7,60,1,1945,1945,5,5,40,1,0,0,0,0
1225112,3,2020,2020,3,3,0,2,31,609,34609,0,1,1,-33.753458,150.888208,7,0,2,0,2,0,3,4,0,0,7,50,0,1957,4009,1,5,5,2,0,0,0,0
1225156,3,2020,2020,4,2,4,8,31,16,34609,0,1,9,-33.817725,151.09236,61,0,2,1,0,0,0,0,2,0,0,50,0,2852,2852,4,5,13,3,0,0,0,0
1225157,3,2020,2020,4,4,11,20,31,87,34609,0,1,9,-28.809126,153.299896,39,2,1,1,0,0,0,6,0,0,7,50,0,220,220,8,0,40,2,0,0,0,0
1225174,3,2020,2020,4,0,2,32,31,73,34609,0,1,1,-35.14485,147.366588,75,2,1,0,2,0,0,0,0,0,7,50,0,1259,5151,8,5,40,1,0,0,0,0
1225192,3,2020,2020,3,3,6,478,17,58,480,0,1,2,-33.434857,151.297003,16,2,2,1,3,0,0,0,2,0,7,60,2,14295,14295,3,5,13,2,0,0,0,0
1225194,3,2020,2020,3,2,7,34,31,74,34609,0,1,9,-34.646091,148.015015,20,2,1,1,3,0,0,0,2,0,0,50,0,6545,6545,4,5,13,2,0,0,0,0
1225196,3,2020,2020,3,5,7,18,31,39,34609,0,1,10,-35.306046,148.225471,66,2,1,1,3,0,0,0,2,0,0,50,0,6545,6545,4,10,13,3,0,0,0,0
1225197,3,2020,2020,3,5,10,829,27,363,770,0,1,10,-33.808789,151.014772,54,0,2,1,3,0,0,3,0,2,9,60,2,14295,14295,3,5,5,2,0,0,0,0
1225198,3,2020,2020,3,6,10,162,31,72,34609,1,0,1,-33.795398,151.059601,54,0,2,1,3,0,0,0,0,0,7,50,0,9859,9859,1,5,5,2,0,0,0,0
1225200,3,2020,2020,3,5,9,7,25,251,34609,0,1,10,-33.784165,150.925835,7,0,2,1,3,0,0,3,2,2,8,50,0,14295,14295,3,10,13,2,0,0,0,0
1225202,3,2020,2020,3,6,9,112,27,20,769,0,1,1,-33.547412,150.666618,29,2,2,0,3,0,3,4,3,0,7,80,2,4552,5151,8,5,40,1,0,0,0,0
1225203,3,2020,2020,3,4,3,1052,14,173,928,0,1,3,-33.715996,151.111964,36,0,2,1,3,0,0,3,2,0,7,80,2,1192,1192,1,21,5,2,0,0,0,0
1225207,3,2020,2020,3,6,2,103,27,16,98,0,1,1,-33.374267,150.747371,29,2,2,1,3,0,3,4,1,0,7,80,2,404,404,8,5,40,1,0,0,0,0
1225210,3,2020,2020,3,4,9,10,27,18,34609,0,1,1,-33.346213,149.028803,52,2,1,1,3,0,3,4,2,0,7,60,0,9859,9859,8,16,40,1,0,0,0,0
1225220,3,2020,2020,3,1,8,2126,17,140,2149,0,1,10,-33.779381,150.814498,7,0,2,1,3,0,0,0,2,3,7,80,2,14295,14295,3,30,5,3,0,0,0,0
1225223,3,2020,2020,3,0,11,916,17,17,917,0,1,10,-32.172205,150.890628,73,2,1,1,3,0,3,4,0,0,0,50,2,6545,6545,4,10,12,2,0,0,0,0
1225226,3,2020,2020,3,4,9,2261,17,15,2252,0,1,10,-35.143853,147.993063,20,1,0,0,3,0,0,0,2,0,0,110,2,5929,5929,1,10,35,2,0,0,0,0
1225227,3,2020,2020,3,4,2,296,27,460,293,0,1,9,-33.839824,150.999401,21,0,2,1,3,0,0,0,0,2,7,70,2,14295,14295,3,30,0,2,0,0,0,0
1225229,3,2020,2020,3,1,5,28,31,523,34609,0,1,10,-33.922958,150.92688,41,0,2,1,3,0,0,0,2,2,7,50,0,4552,985,8,5,40,1,0,0,0,0
1225230,3,2020,2020,3,1,8,103,27,149,167,0,1,9,-33.992726,151.131855,4,0,2,1,3,0,0,0,2,2,7,70,2,301,301,4,10,5,3,0,0,0,0
1225244,3,2020,2020,3,3,9,38,27,154,35,0,1,1,-33.708215,150.973598,71,0,2,1,1,0,3,4,2,0,7,60,1,9859,9859,8,5,40,1,0,0,0,0
1225249,3,2020,2020,4,2,7,1,31,96,34609,0,1,1,-35.346951,149.23237,58,2,1,1,1,0,0,0,2,0,7,50,0,4026,4026,1,5,13,3,0,0,0,0
1225256,3,2020,2020,3,2,9,2261,17,204,2252,0,1,2,-33.903316,150.943352,24,0,2,0,2,0,0,0,2,0,7,70,2,14295,14295,3,5,0,2,0,0,0,0
1225258,3,2020,2020,3,5,9,2,1,53,34609,0,1,1,-33.915911,150.848846,41,0,2,1,1,0,0,0,3,0,7,50,0,9859,9859,1,30,36,3,0,0,0,0
1225271,3,2020,2020,3,5,4,2261,17,30,2252,0,1,2,-35.622823,147.475583,27,1,0,1,0,0,0,0,2,0,7,110,2,9859,9859,8,10,40,1,0,0,0,0
1225280,3,2020,2020,4,0,10,71,31,290,103,0,1,9,-33.863453,151.009277,21,0,2,1,3,0,3,4,0,2,7,60,1,2852,2852,4,0,0,2,0,0,0,0
1225284,3,2020,2020,3,1,7,95,31,132,34609,0,1,10,-29.774914,151.126003,33,2,1,1,3,0,0,0,2,0,0,50,0,926,926,4,5,0,2,0,0,0,0
1225287,3,2020,2020,3,6,7,65,31,609,115,0,1,1,-33.775402,150.901961,7,0,2,1,3,0,0,0,2,0,7,60,2,1981,1981,4,5,5,2,0,0,0,0
1225288,3,2020,2020,3,5,6,23,31,218,19,0,1,9,-33.747574,150.768011,55,0,2,1,3,0,0,0,2,0,7,60,1,14295,14295,3,5,13,2,0,0,0,0
1225289,3,2020,2020,3,0,8,3,1,25,34609,1,0,1,-34.481187,150.872566,80,0,2,0,3,0,0,0,2,0,7,50,0,941,941,1,30,5,2,0,0,0,0
1225291,3,2020,2020,3,4,4,85,27,53,145,0,1,9,-33.798835,151.046463,54,0,2,1,3,0,0,0,2,2,9,70,2,83,83,1,30,13,2,0,0,0,0
1225292,3,2020,2020,4,6,9,1,27,173,34609,0,1,1,-33.77814,151.131676,61,0,2,1,3,0,0,0,0,0,7,50,0,3,3,6,28,40,1,0,0,0,0
1225294,3,2020,2020,3,1,4,3371,17,63,3342,0,1,7,-28.186169,153.524233,72,2,1,1,3,0,0,0,2,0,0,50,2,6545,6545,4,9,0,2,0,0,0,0
1225297,3,2020,2020,3,6,4,19,31,532,34609,0,1,10,-33.863377,151.206294,69,0,2,0,3,0,0,0,2,2,7,40,0,1192,1192,1,8,13,2,0,0,0,0
1225301,3,2020,2020,3,6,11,2,31,87,34609,0,1,1,-34.480653,150.439937,78,2,1,0,3,0,3,4,0,0,7,50,0,1957,4009,8,30,40,1,0,0,0,0
1225310,3,2020,2020,3,6,0,22,31,438,34609,0,1,7,-33.847149,151.034882,21,0,2,1,3,0,3,0,0,0,0,50,0,175,188,8,5,40,1,0,0,0,0
1225312,3,2020,2020,3,2,8,308,14,88,311,0,1,3,-33.752177,150.846432,7,0,2,1,3,0,0,0,2,0,7,100,2,4026,4026,8,0,40,1,0,0,0,0
1225314,3,2020,2020,3,0,10,49,27,87,34609,0,1,7,-33.923409,150.951736,41,0,2,1,3,0,3,4,0,0,0,40,0,9859,9859,8,5,40,1,0,0,0,0
1225315,3,2020,2020,3,0,7,47,26,201,160,0,1,7,-34.011284,150.871595,13,0,2,1,3,0,0,3,2,0,7,60,2,3775,3775,0,10,5,2,0,0,0,0
1225319,3,2020,2020,3,5,2,2209,17,7,2205,0,1,1,-35.153961,150.451111,63,1,0,0,3,0,3,4,0,0,7,100,2,1957,4009,8,34,40,1,0,0,0,0
1225320,3,2020,2020,3,3,10,1052,14,83,928,0,1,3,-33.495401,151.186885,16,1,2,1,3,0,3,4,0,0,7,100,2,9859,9859,8,10,40,1,0,0,0,0
1225322,3,2020,2020,3,5,6,10,31,463,34609,0,1,1,-30.288196,153.130154,19,2,1,1,3,0,0,0,2,0,7,50,0,1981,1981,4,9,5,2,0,0,0,0
1225323,3,2020,2020,3,6,7,232,36,40,331,0,1,10,-33.950034,150.838568,41,0,2,1,3,0,0,0,2,2,7,70,2,5929,5929,1,5,5,2,0,0,0,0
1225325,3,2020,2020,3,0,11,2209,17,176,2205,0,1,9,-33.948406,151.139863,4,0,2,1,3,0,0,0,0,2,7,60,2,14295,14295,3,10,5,3,0,0,0,0
1225329,3,2020,2020,3,1,6,2261,17,44,2252,0,1,9,-33.897357,150.952855,24,0,2,1,3,0,0,0,2,2,7,70,2,1192,1192,1,0,5,2,0,0,0,0
1225335,3,2020,2020,3,0,8,69,31,646,563,0,1,9,-33.911884,151.042236,15,0,2,1,3,0,0,0,2,0,7,60,2,14295,14295,3,5,5,3,0,0,0,0
1225336,3,2020,2020,3,3,8,104,27,63,140,0,1,2,-33.923296,151.209168,4,0,2,1,3,0,0,0,2,0,7,60,2,14295,14295,3,0,13,2,0,0,0,0
1225341,3,2020,2020,3,2,10,3371,17,225,3342,0,1,9,-33.803495,151.17929,77,0,2,1,3,0,3,4,4,0,0,60,2,9859,9859,8,21,40,1,0,0,0,0
1225343,3,2020,2020,3,0,1,478,17,22,480,0,1,9,-33.32539,151.511923,16,2,2,1,3,0,3,4,0,0,0,70,2,9859,9859,8,0,40,1,0,0,0,0
1225354,3,2020,2020,3,6,2,205,27,106,415,0,1,1,-33.677845,151.294684,50,0,2,0,0,0,0,3,1,0,7,60,2,1192,1192,1,33,0,2,0,0,0,0
1225356,3,2020,2020,3,4,4,512,17,433,441,0,1,10,-33.283752,149.101189,52,2,1,1,2,0,0,0,2,2,7,50,2,2585,777,8,10,40,1,0,0,0,0
1225373,3,2020,2020,3,1,7,40,1,16,34609,0,1,9,-35.095224,147.382586,75,2,1,0,1,0,3,4,2,0,0,60,0,5929,5929,1,5,0,2,0,0,0,0
1225391,3,2020,2020,4,0,1,2,31,89,34609,0,1,1,-33.389621,151.481507,16,2,2,1,2,0,0,0,0,0,7,50,0,9859,9859,1,0,5,2,0,0,0,0
1225402,3,2020,2020,3,0,8,48,10,463,52,0,1,7,-30.305712,153.122293,19,2,1,0,3,0,3,0,2,0,0,60,1,1391,1391,1,5,41,2,0,0,0,0
1225447,3,2020,2020,4,1,8,3371,17,19,3342,0,1,2,-31.865448,152.597305,43,1,0,0,3,0,0,0,2,0,7,100,2,1259,5151,8,30,40,1,0,0,0,0
1225468,3,2020,2020,3,2,6,2209,17,130,2205,0,1,9,-34.449763,150.849301,80,0,2,0,1,0,3,4,2,2,7,60,2,2852,2852,4,34,5,2,0,0,0,0
1225472,3,2020,2020,3,5,9,39,36,56,79,0,1,10,-33.802411,151.211569,77,0,2,1,2,0,0,0,3,2,7,60,2,6545,6545,4,10,5,2,0,0,0,0
1225475,3,2020,2020,4,0,0,149,10,346,702,0,1,10,-33.86795,151.064387,67,0,2,1,3,0,0,0,0,2,7,80,2,84,84,6,33,40,1,0,0,0,0
1225477,3,2020,2020,4,4,0,11,23,18,34609,0,1,1,-33.463453,151.31344,16,2,2,0,3,0,0,0,0,0,7,50,0,1957,4009,1,5,0,2,0,0,0,0
1225486,3,2020,2020,4,4,7,133,27,66,260,0,1,9,-32.927619,151.645528,37,0,2,0,0,0,0,0,2,0,7,60,2,1109,787,1,0,19,2,0,0,0,0
1225517,3,2020,2020,4,1,3,9,31,95,34609,0,1,1,-34.397835,150.89615,80,0,2,1,1,0,0,0,1,0,7,50,0,9859,9859,8,0,40,1,0,0,0,0
1225531,3,2020,2020,3,6,6,5,31,31,34609,0,1,9,-35.074453,148.100446,20,2,1,1,3,2,0,0,2,0,7,50,0,1850,985,5,10,40,1,0,0,0,0
1225538,3,2020,2020,3,0,7,3371,17,28,3342,0,1,9,-31.823771,152.623254,43,1,0,1,1,0,3,4,2,0,0,100,2,3775,3775,0,33,0,2,0,0,0,0
1225540,3,2020,2020,3,1,7,22,27,90,93,0,1,9,-33.785267,150.958147,54,0,2,1,0,0,0,0,2,0,7,60,1,14295,14295,3,5,5,3,0,0,0,0
1225553,3,2020,2020,4,0,11,2126,17,125,2149,0,1,9,-33.861307,151.076208,67,0,2,1,2,0,0,0,0,3,7,60,2,14295,14295,3,5,5,2,0,0,0,0
1225571,3,2020,2020,3,2,9,6,27,34,34609,0,1,1,-33.512928,151.371491,16,2,2,1,3,0,3,3,2,0,7,60,0,3775,3775,0,5,13,2,0,0,0,0
1225572,3,2020,2020,3,4,9,2126,17,163,2149,0,1,2,-33.869625,151.111173,9,0,2,1,3,0,0,0,2,0,7,60,2,14295,14295,3,5,5,3,0,0,0,0
1225583,3,2020,2020,3,0,9,1,27,16,34609,0,1,1,-35.641259,145.542111,51,1,0,1,3,2,0,0,3,0,7,100,0,475,475,5,5,40,1,0,0,0,0
1225585,3,2020,2020,3,6,3,103,27,167,563,0,1,2,-33.825503,151.051174,54,0,2,1,3,0,0,0,2,0,7,80,2,14295,14295,3,5,5,2,0,0,0,0
1225593,3,2020,2020,3,0,9,27,27,53,34609,0,1,1,-33.850224,150.966909,21,0,2,1,2,0,3,4,3,0,7,50,0,9859,9859,1,0,5,2,0,0,0,0
1225605,3,2020,2020,3,1,4,1,27,11,34609,0,1,9,-34.078691,142.119322,51,2,1,1,0,0,0,0,2,0,7,80,0,489,489,8,5,40,1,0,0,0,0
1225609,3,2020,2020,3,3,10,15,27,11,34609,0,1,1,-34.484903,150.80461,80,0,2,1,2,0,0,0,0,0,7,60,0,9859,9859,1,5,5,2,0,0,0,0
1225614,3,2020,2020,3,3,0,171,31,13,34609,0,1,1,-33.866862,151.251801,81,0,2,1,2,0,0,0,0,0,7,50,0,4026,4026,8,5,40,1,0,0,0,0
1225620,3,2020,2020,3,2,6,251,14,139,124,0,1,3,-33.833397,151.211597,49,0,2,0,1,0,3,3,2,0,7,80,2,1383,1383,1,33,0,3,0,0,0,0
1225627,3,2020,2020,3,0,10,127,27,59,103,0,1,9,-32.89131,151.728527,48,0,2,1,2,0,0,0,0,0,0,60,1,9859,9859,1,5,5,3,0,0,0,0
1225633,3,2020,2020,3,5,10,330,27,49,605,0,1,2,-33.716286,151.297365,50,0,2,1,2,0,0,0,0,0,7,60,2,9859,9859,1,33,0,2,0,0,0,0
1225637,3,2020,2020,3,0,3,4,10,70,34609,0,1,2,-32.735506,151.55771,42,2,1,1,1,0,0,3,2,0,0,40,0,78,78,8,5,40,1,0,0,0,0
1225641,3,2020,2020,3,5,8,12,2,232,34609,0,1,9,-33.686276,150.924131,71,0,2,1,3,0,0,0,2,0,0,60,0,2852,2852,4,5,5,2,0,0,0,0
1225672,3,2020,2020,3,1,5,49,27,111,62,0,1,2,-33.701908,150.872321,7,0,2,1,3,0,0,0,2,0,7,50,2,14295,14295,3,5,10,3,0,0,0,0
1225673,3,2020,2020,3,0,1,2,31,82,34609,0,1,1,-34.364746,150.891067,80,0,2,1,2,0,3,4,0,0,7,50,0,9859,9859,1,5,0,3,0,0,0,0
1225679,3,2020,2020,3,3,5,2209,17,35,2205,0,1,1,-35.509076,150.326154,63,1,0,0,3,0,0,0,2,0,7,100,2,2585,4009,8,5,40,1,0,0,0,0
1225681,3,2020,2020,3,2,8,829,27,149,770,0,1,9,-33.861834,151.166372,32,0,2,1,3,0,0,0,2,1,7,60,2,14295,14295,3,10,5,2,0,0,0,0
1225682,3,2020,2020,3,5,10,234,27,112,217,1,0,1,-33.689701,151.030544,71,0,2,0,3,0,0,0,0,0,7,60,2,1109,787,1,5,5,2,0,0,0,0
1225687,3,2020,2020,3,3,5,330,23,54,233,0,1,2,-33.895754,151.221608,69,0,2,1,3,0,0,0,2,0,7,60,2,14295,14295,3,5,5,2,0,0,0,0
1225688,3,2020,2020,3,2,7,46,27,15,49,0,1,7,-34.073249,150.841356,13,0,2,1,3,0,0,0,2,0,0,60,1,14295,14295,3,34,5,2,0,0,0,0
1225691,3,2020,2020,3,2,11,3,31,147,34609,0,1,9,-33.888195,150.996536,15,0,2,1,3,0,3,4,0,0,7,50,0,489,489,8,5,40,1,0,0,0,0
1225692,3,2020,2020,3,0,6,44,31,160,260,0,1,1,-33.107459,151.490606,37,0,2,0,3,0,0,0,2,0,7,50,2,14295,14295,3,0,5,2,0,0,0,0
1225701,3,2020,2020,3,2,7,1052,14,59,928,0,1,3,-33.161156,151.469301,37,0,2,1,0,0,0,3,2,0,7,110,2,1945,1945,5,10,40,1,0,0,0,0
1225708,3,2020,2020,3,5,8,195,27,53,186,0,1,2,-33.934305,150.844065,41,0,2,1,1,0,0,0,2,0,7,70,2,9859,9859,8,5,40,1,0,0,0,0
1225713,3,2020,2020,3,5,5,27,31,107,34609,0,1,1,-29.676503,152.945358,18,2,1,1,0,2,3,3,2,0,7,50,0,9859,9859,8,5,40,1,0,0,0,0
1225714,3,2020,2020,3,0,8,512,27,108,34609,0,1,9,-33.767715,151.273612,50,0,2,1,1,0,3,4,2,0,0,50,0,4552,985,1,33,0,2,0,0,0,0
1225717,3,2020,2020,3,2,11,829,27,363,770,0,1,2,-33.808602,151.016819,54,0,2,1,2,0,0,0,0,2,9,60,2,9859,9859,8,0,40,1,0,0,0,0
1225722,3,2020,2020,3,6,4,1,7,45,34609,0,1,9,-33.682918,151.225655,50,0,2,1,3,0,0,0,2,0,7,50,0,926,926,4,5,0,2,0,0,0,0
1225729,3,2020,2020,3,4,6,500,27,145,799,0,1,9,-33.930888,151.065505,15,0,2,1,2,0,0,0,2,0,15,60,2,5929,5929,1,33,5,2,0,0,0,0
1225739,3,2020,2020,3,2,1,14,31,215,34609,0,1,10,-35.116048,147.36936,75,2,1,1,3,0,0,0,0,2,9,50,0,2040,2040,9,5,28,3,0,0,0,0
1225741,3,2020,2020,3,4,10,8,27,4,5,0,1,1,-32.515944,151.578129,51,2,1,1,3,0,0,0,0,0,7,80,1,1089,1089,7,0,40,1,0,0,0,0
1225747,3,2020,2020,3,4,7,3,36,219,34609,0,1,9,-32.911025,151.674703,48,0,2,1,3,0,0,3,2,0,0,50,0,5929,5929,1,9,5,2,0,0,0,0
1225748,3,2020,2020,3,3,10,2261,17,64,2252,0,1,9,-33.886043,151.06915,67,0,2,1,3,0,0,0,0,0,7,60,2,14295,14295,3,9,36,2,0,0,0,0
1225750,3,2020,2020,3,3,1,2126,17,27,2149,0,1,2,-33.580173,150.238227,8,2,2,0,3,0,3,4,0,0,7,60,2,2585,4009,8,0,40,1,0,0,0,0
1225763,3,2020,2020,3,4,11,108,31,159,34609,0,1,1,-33.807897,151.086786,61,0,2,1,2,0,3,4,0,0,7,50,0,9859,9859,1,5,5,2,0,0,0,0
1225784,3,2020,2020,3,4,8,19,31,74,34609,0,1,10,-34.632019,148.022614,20,2,1,1,3,0,0,0,2,0,0,50,0,6545,6545,4,5,13,2,0,0,0,0
1225787,3,2020,2020,3,2,9,2,31,147,34609,1,0,1,-33.873231,151.000455,15,0,2,1,0,0,0,0,3,0,7,50,0,9859,9859,1,5,36,2,0,0,0,0
1225792,3,2020,2020,3,4,0,60,27,147,69,0,1,9,-33.870563,151.128683,14,0,2,1,2,0,0,0,0,0,15,60,2,4026,4026,1,5,0,2,0,0,0,0
1225793,3,2020,2020,3,5,7,2,31,174,34609,0,1,1,-33.868307,150.916642,24,0,2,0,0,0,0,0,2,0,7,50,0,4552,5151,8,5,40,1,0,0,0,0
1225799,3,2020,2020,3,2,1,35,27,304,37,0,1,1,-33.906948,151.145428,32,0,2,1,2,0,3,0,0,0,7,50,1,4026,4026,1,5,5,4,0,0,0,0
1225800,3,2020,2020,4,0,11,79,10,15,231,0,1,2,-33.45102,151.318943,16,2,2,0,2,0,3,4,0,0,7,60,2,1109,787,1,5,12,2,0,0,0,0
1225805,3,2020,2020,3,4,3,37,27,21,34609,0,1,1,-33.261767,151.398995,16,2,2,0,3,0,3,4,1,0,7,80,0,4552,5151,8,0,40,1,0,0,0,0
1225807,3,2020,2020,3,6,3,59,31,107,321,0,1,9,-33.8823,151.201208,69,0,2,1,3,0,0,0,1,2,7,40,2,395,395,1,5,5,2,0,0,0,0
1225808,3,2020,2020,3,3,4,120,36,9,148,0,1,1,-30.349766,152.478299,6,1,0,0,3,0,3,4,2,0,7,100,2,1957,4009,8,10,40,1,0,0,0,0
1225809,3,2020,2020,3,4,8,15,31,8,72,0,1,9,-28.799151,153.292495,39,2,1,1,3,0,0,0,2,0,7,60,2,14295,14295,3,30,0,4,0,0,0,0
1225810,3,2020,2020,4,4,9,110,31,204,34609,0,1,7,-33.891617,150.934311,24,0,2,1,1,0,0,0,2,0,0,50,0,6545,6545,4,0,5,2,0,0,0,0
1225822,3,2020,2020,3,2,6,4,27,140,34609,0,1,7,-33.782984,150.814695,7,0,2,1,3,0,3,4,2,0,0,50,0,9859,9859,1,10,5,5,0,0,0,0
1225824,3,2020,2020,3,4,8,3,27,225,34609,0,1,10,-33.803629,151.177996,77,0,2,0,3,0,0,0,3,0,7,50,0,1391,1391,1,5,5,2,0,0,0,0
1225826,3,2020,2020,3,6,7,2,1,91,34609,1,2,9,-32.968931,151.653567,37,0,2,0,3,0,3,4,2,0,7,40,0,4552,985,8,0,40,1,0,0,0,0