Crash ID,Degree of crash - detailed,Reporting year,Year of crash,Month of crash,Day of week of crash,Two-hour intervals,Street of crash,Street type,Town,Route no.,School zone location,School zone active,Type of location,Latitude,Longitude,LGA,Urbanisation,Conurbation 1,Alignment,Street lighting,Road surface,Surface condition,Weather,Natural lighting,Signals operation,Other traffic control,Speed limit,Road classification,RUM - code,DCA - code,First impact type,Key TU type,Other TU type,No. of traffic units involved,No. killed,No. seriously injured,No. moderately injured,No. minor-other injured
1225832,3,2020,2020,3,4,10,169,1,92,94,0,1,1,-33.881428,150.971391,24,0,2,1,0,0,0,0,0,0,7,60,1,43,43,3,33,0,2,0,0,0,0
1225836,3,2020,2020,3,2,1,916,17,105,917,0,1,7,-32.711019,151.516745,42,2,1,1,2,0,3,4,0,0,7,60,2,9859,9859,8,0,40,1,0,0,0,0
1225843,3,2020,2020,3,2,5,35,27,53,36,0,1,1,-35.224931,149.386411,58,1,0,1,3,0,0,0,2,0,7,100,1,623,623,3,10,13,2,0,0,0,0
1225844,3,2020,2020,3,3,2,20,31,128,34609,0,1,1,-33.421265,151.329716,16,2,2,1,3,0,3,3,1,0,7,50,0,9859,9859,8,0,40,1,0,0,0,0
1225848,3,2020,2020,3,2,4,3371,17,35,3342,0,1,1,-29.93147,153.087755,18,1,0,1,3,0,0,3,2,0,7,100,2,1391,1391,1,5,19,2,0,0,0,0
1225854,3,2020,2020,3,5,10,78,13,121,8,0,1,9,-33.798668,151.283345,50,0,2,1,3,0,0,0,0,0,7,50,1,1109,787,1,5,5,2,0,0,0,0
1225855,3,2020,2020,3,2,6,3,27,5,34609,0,1,1,-28.63729,152.135929,51,1,0,1,3,2,3,4,2,0,7,100,0,9859,9859,8,5,40,1,0,0,0,0
1225856,3,2020,2020,3,0,8,2209,17,27,2205,0,1,2,-34.544462,150.78517,80,0,2,1,3,0,0,0,2,0,7,100,2,14295,14295,3,5,0,2,0,0,0,0
1225857,3,2020,2020,3,1,3,11,10,74,34609,0,1,1,-34.059661,150.756867,12,0,2,1,3,0,0,0,2,0,7,50,0,9859,9859,1,5,5,2,0,0,0,0
1225859,3,2020,2020,3,0,6,387,27,290,331,0,1,1,-33.952786,151.121989,4,0,2,1,3,0,0,0,2,0,7,60,2,84,84,8,0,40,1,0,0,0,0
1225860,3,2020,2020,3,2,9,128,27,74,133,0,1,10,-33.760653,150.684069,55,0,2,1,3,0,0,0,2,2,7,60,2,14295,14295,3,10,36,3,0,0,0,0
1225861,3,2020,2020,3,5,4,2261,17,24,2252,0,1,3,-34.404854,150.506544,78,1,0,1,3,0,0,0,2,0,7,110,2,14295,14295,3,8,2,2,0,0,0,0
1225866,3,2020,2020,3,0,4,80,27,111,34609,0,1,9,-33.914829,151.251471,59,0,2,1,3,0,0,0,2,0,7,50,0,1282,1282,1,9,0,2,0,0,0,0
1225867,3,2020,2020,3,5,8,7,1,74,34609,0,1,1,-34.424499,150.854207,80,0,2,0,3,0,0,0,2,0,7,50,0,1957,4009,1,30,0,3,0,0,0,0
1225868,3,2020,2020,3,2,5,3371,17,67,3342,0,1,9,-33.393599,151.350032,16,2,2,0,3,0,3,4,2,0,7,60,2,1669,1669,3,0,5,2,0,0,0,0
1225869,3,2020,2020,3,6,8,85,10,72,702,0,1,2,-33.836363,151.086361,14,0,2,1,3,0,3,4,2,0,7,70,2,14295,14295,3,5,36,3,0,0,0,0
1225871,3,2020,2020,3,1,3,19,1,100,68,0,1,10,-33.806267,151.166495,38,0,2,1,3,0,0,0,2,2,7,60,1,5929,5929,1,30,5,2,0,0,0,0
1225873,3,2020,2020,3,5,7,3371,17,173,3342,1,2,2,-33.718871,151.112136,36,0,2,1,3,0,0,0,2,0,7,40,2,1391,1391,1,10,40,2,0,0,0,0
1225874,3,2020,2020,3,1,5,38,27,165,21,0,1,9,-32.291771,150.869419,46,2,1,0,3,0,3,4,2,0,0,80,2,1957,985,8,5,40,1,0,0,0,0
1225875,3,2020,2020,3,6,10,10,10,49,34609,0,1,1,-33.915732,150.853979,41,0,2,0,3,0,0,0,0,0,7,50,0,1981,1981,4,0,5,2,0,0,0,0
1225876,3,2020,2020,3,3,11,2126,17,323,2149,0,1,10,-33.787231,150.848235,7,0,2,1,3,0,3,0,0,0,7,80,2,475,475,5,5,40,1,0,0,0,0
1225877,3,2020,2020,3,4,4,3371,17,143,3342,0,1,9,-33.702257,151.099365,31,0,2,1,3,0,0,0,2,3,9,60,2,1391,1391,1,0,0,2,0,0,0,0
1225878,3,2020,2020,3,5,8,346,17,103,332,0,1,1,-28.813382,153.31184,39,2,1,1,3,0,0,0,2,0,7,60,2,9859,9859,8,0,40,1,0,0,0,0
1225880,3,2020,2020,3,4,6,10,27,6,11,0,1,1,-32.325218,149.574894,44,1,0,0,3,0,0,0,2,0,7,100,1,1089,1089,7,5,40,1,0,0,0,0
1225881,3,2020,2020,3,2,9,9,27,4,34609,0,1,1,-35.0902,147.453959,75,1,0,1,3,0,0,0,2,0,7,100,0,9859,9859,8,10,40,1,0,0,0,0
1225882,3,2020,2020,3,0,5,36,31,39,83,0,1,1,-29.435775,153.360384,18,2,1,1,3,0,0,0,2,0,7,40,1,1282,1282,1,5,40,1,0,0,0,0
1225885,3,2020,2020,3,1,3,70,27,17,100,0,1,1,-33.663193,150.654225,8,2,2,0,3,0,0,0,1,0,7,60,2,3775,3775,0,30,10,2,0,0,0,0
1225892,3,2020,2020,3,6,8,40,31,219,262,0,1,9,-32.905423,151.672681,48,0,2,1,3,0,3,4,2,0,0,60,2,14295,14295,3,9,12,4,0,0,0,0
1225893,3,2020,2020,3,2,11,38,27,176,8,0,1,9,-33.955835,151.134441,4,0,2,1,3,0,0,0,0,0,0,50,1,150,150,4,0,5,2,0,0,0,0
1225897,3,2020,2020,3,5,4,39,27,284,563,0,1,2,-33.89492,151.037975,15,0,2,1,3,0,0,0,2,2,7,80,2,1391,1391,1,5,5,2,0,0,0,0
1225899,3,2020,2020,3,1,8,165,31,128,369,0,1,1,-33.629556,150.793874,29,2,2,1,3,0,0,3,2,0,7,60,2,5929,5929,1,5,5,2,0,0,0,0
1225901,3,2020,2020,3,2,5,24,31,112,60,0,1,9,-36.054383,146.933163,0,2,1,1,3,0,0,0,2,0,7,50,1,14295,14295,3,5,5,3,0,0,0,0
1225902,3,2020,2020,3,3,8,2,31,237,34609,0,1,9,-33.874584,150.939713,24,0,2,1,3,0,0,0,2,0,7,50,0,323,323,1,5,5,2,0,0,0,0
1225903,3,2020,2020,3,1,5,308,14,127,311,0,1,3,-33.850507,150.851959,24,0,2,1,3,0,0,0,2,0,7,100,2,404,404,8,5,40,1,0,0,0,0
1225905,3,2020,2020,3,5,3,123,27,304,34609,0,1,10,-33.919809,151.155221,32,0,2,1,3,0,0,0,2,0,15,50,0,5929,5929,1,5,5,2,0,0,0,0
1225908,3,2020,2020,3,3,6,19,27,137,49,0,1,9,-33.901787,150.897476,24,0,2,1,3,0,3,4,2,0,7,50,1,77,77,1,10,5,2,0,0,0,0
1225909,3,2020,2020,3,2,11,1,1,104,34609,0,1,9,-33.790756,150.78752,55,0,2,0,3,0,0,0,0,0,7,50,0,4552,5151,1,5,0,2,0,0,0,0
1225910,3,2020,2020,3,2,4,478,17,89,480,0,1,9,-33.385696,151.472515,16,2,2,1,3,0,3,4,2,0,15,60,2,2852,2852,4,30,5,2,0,0,0,0
1225911,3,2020,2020,3,3,6,78,32,646,34609,0,1,1,-33.917766,151.03971,15,0,2,1,3,0,0,0,2,0,7,60,0,941,941,1,5,5,2,0,0,0,0
1225913,3,2020,2020,3,3,5,330,23,150,112,0,1,2,-33.928258,151.233623,59,0,2,1,3,0,3,3,2,0,7,60,2,1391,1391,1,5,5,3,0,0,0,0
1225937,3,2020,2020,3,4,7,165,31,112,34609,0,1,1,-33.613006,150.812553,29,2,2,1,1,0,0,0,2,0,7,50,0,9859,9859,1,10,13,2,0,0,0,0
1225939,3,2020,2020,3,6,3,1,27,4,34609,0,1,1,-32.536293,151.580647,51,2,1,1,0,0,0,0,2,0,7,60,0,3775,3775,0,10,22,2,0,0,0,0
1225940,3,2020,2020,4,0,2,2,7,95,34609,0,1,1,-33.741228,150.839323,7,0,2,1,2,0,0,6,0,0,7,50,0,9859,9859,1,0,13,2,0,0,0,0
1225946,3,2020,2020,3,1,5,2126,17,171,2149,0,1,10,-33.81433,150.964419,21,0,2,1,0,0,0,0,2,3,7,80,2,1282,1282,1,33,0,2,0,0,0,0
1225956,3,2020,2020,4,3,0,1104,11,130,770,0,1,3,-33.870446,151.189677,69,0,2,1,2,0,3,4,0,0,7,60,2,1192,1192,1,0,0,2,0,0,0,0
1225957,3,2020,2019,10,5,6,105,17,251,136,0,1,10,-33.776838,150.933274,7,0,2,1,3,0,0,0,2,1,7,60,2,14295,14295,3,10,36,5,0,0,0,0
1225971,3,2020,2020,4,6,1,34,31,169,99,0,1,1,-33.900852,151.214728,69,0,2,1,2,0,0,0,0,0,7,50,2,14295,14295,3,5,0,2,0,0,0,0
1225976,3,2020,2020,3,6,10,5,27,6,34609,0,1,1,-32.733427,151.639563,42,2,1,0,3,0,0,0,0,0,7,80,0,1089,1089,7,5,40,1,0,0,0,0
1225982,3,2020,2020,4,4,4,9,27,63,166,0,1,10,-33.243744,151.468663,16,2,2,1,0,0,0,0,2,2,9,70,2,14295,14295,3,5,5,2,0,0,0,0
1225988,3,2020,2020,3,1,4,92,27,55,36,0,1,1,-35.708842,150.179461,23,2,1,1,3,0,0,0,2,0,7,50,1,5929,5929,1,5,5,3,0,0,0,0
1225992,3,2020,2020,3,2,4,475,10,15,34609,0,1,10,-35.073271,150.688375,63,2,1,1,0,0,0,0,2,0,7,50,0,9859,9859,8,10,40,1,0,0,0,0
1225996,3,2020,2020,3,1,0,3371,17,463,3342,0,1,2,-30.295829,153.114281,19,2,1,1,2,0,0,0,0,0,7,60,2,4026,4026,8,5,40,1,0,0,0,0
1225997,3,2020,2020,3,3,10,8,1,21,34609,0,1,1,-33.876715,151.238072,81,0,2,1,1,0,3,4,0,0,7,50,0,1282,1282,1,33,5,2,0,0,0,0
1225998,3,2020,2020,3,3,10,3,31,100,34609,0,1,9,-33.960789,151.150737,4,0,2,1,0,0,0,0,2,0,7,50,0,186,186,1,0,5,2,0,0,0,0
1226007,3,2020,2020,4,4,8,28,31,523,34609,0,1,10,-33.922958,150.92688,41,0,2,1,1,0,0,0,2,1,7,50,0,1383,1383,1,19,0,2,0,0,0,0
1226034,3,2020,2020,3,3,1,16,27,75,34609,0,1,7,-32.769597,151.649391,42,2,1,1,2,0,0,0,0,0,0,50,0,418,777,5,5,40,1,0,0,0,0
1226047,3,2020,2020,4,0,4,9,36,58,32,0,1,1,-34.40188,150.900383,80,0,2,1,0,0,0,0,2,0,7,70,1,14295,14295,3,5,5,2,0,0,0,0
1226054,3,2020,2020,3,1,8,126,1,226,144,0,1,10,-33.764326,150.81745,7,0,2,1,3,0,3,4,2,2,7,60,1,14295,14295,3,9,5,3,0,0,0,0
1226057,3,2020,2020,3,5,3,294,17,10,288,0,1,9,-34.175017,142.199169,51,2,1,1,2,0,0,0,0,0,0,60,2,2852,2852,4,5,5,2,0,0,0,0
1226078,3,2020,2020,3,2,0,2,31,290,34609,0,1,7,-33.850815,150.990265,21,0,2,1,2,0,0,0,0,0,0,50,0,9859,9859,8,5,40,1,0,0,0,0
1226084,3,2020,2020,3,2,1,8,27,2,34609,0,1,1,-33.321718,149.425086,3,1,0,0,0,0,0,0,0,0,7,100,0,2585,4009,8,10,40,1,0,0,0,0
1226086,3,2020,2020,7,6,9,38,27,189,165,0,1,1,-33.941362,151.060874,15,0,2,1,1,0,0,0,3,0,7,50,1,4026,4026,8,30,40,1,0,0,0,0
1226094,3,2020,2020,7,0,0,39,31,84,34609,0,1,1,-33.888589,150.957587,24,0,2,1,2,0,3,4,0,0,7,50,0,4026,4026,8,9,40,1,0,0,0,0
1226113,3,2020,2020,7,1,9,3,31,106,34609,0,1,1,-28.858928,153.030819,60,2,1,1,2,0,0,0,0,0,7,50,0,4026,4026,8,5,40,1,0,0,0,0
1226125,3,2020,2020,7,4,3,134,10,36,133,0,1,2,-33.797462,151.014472,54,0,2,0,3,0,3,4,1,0,7,90,2,14295,14295,3,10,13,3,0,0,0,0
1226130,3,2020,2020,3,0,11,916,17,16,917,0,1,1,-31.570102,150.828082,51,1,0,0,3,0,0,0,0,0,7,100,2,4552,5151,8,0,40,1,0,0,0,0
1226131,3,2020,2020,7,6,5,1,31,14,34609,0,1,1,-36.931914,149.878606,5,2,1,1,3,0,3,4,2,0,7,60,0,1391,1391,1,30,13,2,0,0,0,0
1226133,3,2020,2020,3,2,5,5,10,86,34609,0,1,9,-33.754356,150.949134,7,0,2,1,3,0,0,0,2,0,7,50,0,1669,1669,3,0,5,2,0,0,0,0
1226136,3,2020,2020,7,6,6,2209,17,40,2205,0,1,2,-34.70889,150.839572,35,2,1,0,3,0,3,3,2,0,7,80,2,1259,5151,8,10,40,1,0,0,0,0
1226137,3,2020,2020,7,1,6,118,17,26,118,0,1,1,-31.497595,150.643091,51,1,0,1,3,0,0,0,2,0,7,100,2,14295,14295,3,9,36,2,0,0,0,0
1226138,3,2020,2020,7,1,3,14,1,198,32,0,1,9,-33.908749,151.101013,15,0,2,1,3,0,0,0,2,2,7,50,1,5929,5929,1,5,12,2,0,0,0,0
1226144,3,2020,2020,7,0,6,16,31,246,12,0,1,1,-33.905498,151.201614,69,0,2,1,3,0,0,0,2,0,7,50,1,14295,14295,3,30,10,2,0,0,0,0
1226146,3,2020,2020,7,1,10,43,27,56,87,0,1,2,-34.454938,150.873724,80,0,2,1,2,0,0,3,0,0,7,80,2,1282,1282,1,33,5,2,0,0,0,0
1226149,3,2020,2020,3,4,4,500,27,271,799,0,1,9,-33.938327,151.018675,15,0,2,0,3,0,0,0,2,2,9,70,2,14295,14295,3,8,5,2,0,0,0,0
1226150,3,2020,2020,3,4,6,3371,17,65,3342,0,1,2,-30.388867,153.037255,19,1,0,1,3,0,3,4,2,0,7,110,2,945,945,5,34,40,1,0,0,0,0
1226152,3,2020,2020,7,4,6,149,36,13,113,0,1,1,-32.396846,152.311571,43,2,1,0,3,0,3,4,2,0,7,80,1,782,957,5,0,40,1,0,0,0,0
1226153,3,2020,2020,3,5,7,2,27,54,34609,0,1,1,-33.614666,150.871995,29,2,2,0,3,0,0,0,2,0,7,70,0,4552,5151,8,5,40,1,0,0,0,0
1226155,3,2020,2020,7,1,7,43,1,169,16,0,1,9,-33.760147,150.843845,7,0,2,1,3,0,0,0,2,0,7,60,2,395,395,1,5,5,2,0,0,0,0
1226157,3,2020,2020,3,2,7,3,1,284,34609,1,0,2,-33.909085,151.0288,15,0,2,1,1,0,0,0,2,0,7,50,0,941,941,1,10,40,2,0,0,0,0
1226161,3,2020,2020,3,1,4,916,17,22,917,0,1,9,-32.775426,151.612264,42,2,1,0,1,0,0,0,2,2,7,80,2,2852,2852,4,0,25,2,0,0,0,0
1226165,3,2020,2020,7,5,8,105,17,251,136,0,1,2,-33.76881,150.942482,7,0,2,1,3,0,3,4,2,0,7,60,2,1391,1391,1,5,5,2,0,0,0,0
1226166,3,2020,2020,7,3,8,2261,17,46,2252,0,1,2,-33.889152,150.968104,24,0,2,0,3,0,0,0,2,0,7,70,2,1282,1282,1,5,5,2,0,0,0,0
1226171,3,2020,2020,3,3,2,2,27,140,34609,0,1,1,-33.783953,150.81391,7,0,2,1,0,0,3,4,0,0,7,50,0,4026,4026,8,5,40,1,0,0,0,0
1226178,3,2020,2020,7,5,3,3371,17,104,3342,0,1,2,-32.837557,151.688181,48,0,2,1,3,0,0,0,2,0,7,80,2,14295,14295,3,5,5,3,0,0,0,0
1226179,3,2020,2020,7,1,3,1104,14,140,962,0,1,3,-33.797376,150.852209,7,0,2,1,3,0,0,0,2,0,7,80,2,14295,14295,3,5,5,2,0,0,0,0
1226180,3,2020,2020,7,5,6,308,14,53,311,0,1,3,-33.914891,150.85009,41,0,2,0,3,0,0,0,2,0,7,100,2,4552,5151,8,5,40,1,0,0,0,0
1226183,3,2020,2020,7,5,4,475,10,523,268,0,1,9,-33.918893,150.917037,41,0,2,1,3,0,0,0,2,0,0,70,2,1282,1282,1,5,5,2,0,0,0,0
1226184,3,2020,2020,3,2,1,24,27,7,24,0,1,1,-28.317869,153.331037,72,1,0,0,3,0,3,0,0,0,7,100,1,1957,4009,8,5,40,1,0,0,0,0
1226187,3,2020,2020,7,6,8,13,27,30,34609,0,1,1,-34.501233,150.344639,78,2,1,0,3,0,3,4,2,0,7,80,0,4552,5151,8,10,40,1,0,0,0,0
1226188,3,2020,2020,3,2,7,330,23,54,233,0,1,10,-33.89522,151.221493,69,0,2,1,3,0,3,0,2,2,8,60,2,14295,14295,3,0,5,2,0,0,0,0
1226190,3,2020,2020,7,4,7,3371,17,56,3342,0,1,2,-31.091556,152.855345,34,1,0,0,3,0,3,3,2,0,7,110,2,380,714,5,34,40,1,0,0,0,0
1226192,3,2020,2020,7,3,7,196,10,166,168,0,1,9,-33.948094,150.981661,15,0,2,1,3,0,0,0,2,0,7,60,2,14295,14295,3,5,13,2,0,0,0,0
1226193,3,2020,2020,7,3,10,5,10,44,34609,0,1,1,-32.80385,151.433962,17,2,1,1,3,0,0,0,0,0,7,50,0,1089,1089,7,5,40,1,0,0,0,0
1226194,3,2020,2020,3,0,7,4,31,29,34609,0,1,9,-35.130533,147.335867,75,2,1,1,3,0,0,0,2,0,0,50,0,1669,1669,3,0,5,2,0,0,0,0
1226195,3,2020,2020,7,3,7,515,14,197,518,0,1,3,-33.940161,151.087229,15,0,2,1,3,0,0,0,2,0,7,80,2,14295,14295,3,30,5,3,0,0,0,0
1226196,3,2020,2020,7,4,6,76,32,646,34609,0,1,9,-33.917374,151.037567,15,0,2,1,3,0,3,4,2,3,7,40,0,14295,14295,3,5,13,3,0,0,0,0
1226197,3,2020,2020,3,2,10,9,27,110,34609,0,1,1,-33.753698,151.039013,71,0,2,0,3,0,0,0,4,0,7,50,0,1282,1282,1,5,5,3,0,0,0,0
1226198,3,2020,2020,3,6,3,78,17,39,75,0,1,8,-33.844511,151.211853,49,0,2,1,3,0,0,0,2,0,7,70,2,14295,14295,3,0,0,3,0,0,0,0
1226199,3,2020,2020,3,0,9,46,27,101,13,0,1,1,-32.903173,151.622354,37,0,2,1,3,0,0,0,0,0,7,70,1,1109,397,1,0,13,2,0,0,0,0
1226200,3,2020,2020,7,6,2,16,27,316,34609,0,1,10,-33.903687,151.243013,59,0,2,1,3,0,3,4,0,0,0,50,0,5929,5929,1,5,10,2,0,0,0,0
1226201,3,2020,2020,3,0,8,15,27,17,34609,0,1,1,-33.3369,151.427463,16,2,2,1,3,0,0,0,3,0,7,50,0,1981,1981,4,0,5,2,0,0,0,0
1226207,3,2020,2020,3,0,7,13,27,8,34609,0,1,10,-33.77534,151.198782,36,0,2,1,3,0,0,0,2,0,15,50,0,14295,14295,3,5,12,2,0,0,0,0
1226209,3,2020,2020,7,5,4,3371,17,147,3342,0,1,9,-33.750897,151.147148,36,0,2,1,3,0,0,0,2,2,7,60,2,395,395,1,0,0,3,0,0,0,0
1226228,3,2020,2020,3,4,5,220,27,323,222,0,1,10,-33.765572,150.958375,71,0,2,1,3,0,0,0,2,2,7,80,2,1383,1383,1,5,5,3,0,0,0,0
1226229,3,2020,2020,3,2,11,22,1,6,34609,1,0,1,-33.915161,151.050713,15,0,2,1,3,0,0,0,0,0,7,50,0,9859,9859,1,5,5,3,0,0,0,0
1226231,3,2020,2020,3,2,6,6,10,463,34609,0,1,9,-30.293355,153.133442,19,2,1,1,3,0,0,0,2,0,0,50,0,14295,14295,3,5,0,2,0,0,0,0
1226233,3,2020,2020,3,1,11,52,27,438,103,0,1,10,-33.863758,151.018539,21,0,2,1,2,0,0,0,0,2,7,50,1,6545,6545,4,5,5,2,0,0,0,0
1226236,3,2020,2020,3,5,4,2261,17,243,2252,0,1,2,-33.957108,150.880214,41,0,2,1,3,0,0,0,2,0,7,70,2,14295,14295,3,5,36,5,0,0,0,0
1226257,3,2020,2020,4,0,9,1,1,24,34609,1,0,1,-33.711697,151.103825,31,0,2,1,1,0,0,0,2,0,7,50,0,4026,4026,1,5,0,2,0,0,0,0
1226274,3,2020,2020,3,1,6,13,27,11,13,0,1,9,-29.354393,153.265574,18,2,1,1,1,0,3,4,2,0,7,80,1,9859,9859,8,5,40,1,0,0,0,0
1226277,3,2020,2020,3,2,7,1,31,224,34609,0,1,9,-33.833131,151.246239,45,0,2,1,1,0,0,0,2,0,0,50,0,1282,1282,1,33,5,2,0,0,0,0
1226284,3,2020,2020,7,3,5,12,27,2,42,0,1,9,-35.141149,150.067113,58,1,0,1,3,0,0,0,2,0,16,100,1,623,623,3,5,5,2,0,0,0,0
1226285,3,2020,2020,3,2,4,45,27,80,44,0,1,9,-33.814861,151.153163,38,0,2,1,3,0,0,0,2,0,15,60,2,14295,14295,3,5,5,2,0,0,0,0
1226286,3,2020,2020,7,6,1,3371,17,65,3342,0,1,2,-30.361705,153.056737,19,1,0,0,3,0,3,3,0,0,7,110,2,782,957,5,3,40,1,0,0,0,0
1226287,3,2020,2020,3,1,8,127,27,135,103,0,1,1,-32.897083,151.736214,48,0,2,1,1,0,0,0,2,0,7,60,1,190,190,1,10,0,2,0,0,0,0
1226296,3,2020,2020,3,5,7,2261,17,31,2252,0,1,10,-33.887703,151.09147,67,0,2,1,3,0,0,0,2,2,7,60,2,14295,14295,3,10,5,2,0,0,0,0
1226297,3,2020,2020,7,3,9,12,27,90,34609,0,1,1,-33.792456,150.944819,21,0,2,1,3,0,0,0,0,0,7,50,0,9859,9859,1,5,5,2,0,0,0,0
1226300,3,2020,2020,3,1,6,255,27,62,172,0,1,2,-32.923916,151.622814,37,0,2,1,3,0,0,0,2,0,7,60,2,9859,9859,8,5,40,1,0,0,0,0
1226305,3,2020,2020,7,0,8,222,27,98,70,1,0,9,-33.737392,151.063204,31,0,2,1,3,0,0,0,2,0,0,60,2,775,775,4,0,13,2,0,0,0,0
1226307,3,2020,2020,3,0,9,1,31,4,34609,0,1,1,-33.987958,151.102696,25,0,2,1,3,0,0,0,0,0,7,50,0,9859,9859,1,30,5,3,0,0,0,0
1226308,3,2020,2020,3,4,4,6,10,463,34609,0,1,1,-30.280866,153.096571,19,2,1,1,3,0,0,0,2,0,7,50,0,9859,9859,1,0,0,2,0,0,0,0
1226313,3,2020,2020,3,2,9,48,10,316,121,0,1,1,-31.421825,152.87004,56,2,1,1,3,0,0,0,2,0,7,60,1,1669,1669,3,10,0,2,0,0,0,0
1226315,3,2020,2020,3,0,8,42,27,128,231,0,1,2,-33.416887,151.325518,16,2,2,1,3,0,0,0,3,0,7,50,2,1192,1192,1,10,5,2,0,0,0,0
1226317,3,2020,2020,7,3,8,204,27,50,34609,0,1,10,-33.511349,151.327057,16,2,2,1,3,0,3,0,2,0,15,60,0,1282,1282,1,5,5,2,0,0,0,0
1226321,3,2020,2020,3,5,2,22,31,19,34609,0,1,1,-32.904353,151.752926,48,0,2,1,2,0,0,0,1,0,7,50,0,9859,9859,1,10,5,3,0,0,0,0
1226329,3,2020,2020,3,1,2,11,27,562,34609,0,1,1,-32.256085,148.586966,22,2,1,1,2,0,0,0,1,0,7,60,0,84,84,8,5,40,1,0,0,0,0
1226332,3,2020,2020,4,5,2,51,27,28,63,0,1,2,-34.55614,150.84712,62,0,2,1,2,0,3,4,0,0,7,70,2,14295,14295,3,5,5,2,0,0,0,0
1226333,3,2020,2020,3,4,8,283,27,145,702,1,0,10,-33.922868,151.068507,15,0,2,1,1,0,3,3,2,2,7,60,2,6545,6545,4,5,5,2,0,0,0,0
1226353,3,2020,2020,3,4,10,56,31,55,34609,0,1,9,-33.357708,151.451111,16,2,2,1,2,0,3,4,0,0,0,50,0,1945,1945,5,9,40,1,0,0,0,0
1226375,3,2020,2020,7,4,0,15,31,228,34609,0,1,7,-34.753993,149.721752,26,2,1,1,2,0,3,4,0,0,0,60,0,9859,9859,8,30,40,1,0,0,0,0
1226378,3,2020,2020,7,1,4,18,31,273,34609,0,1,9,-34.426006,150.891729,80,0,2,1,1,0,0,0,2,2,7,50,0,5929,5929,1,5,5,2,0,0,0,0
1226394,3,2020,2020,3,2,9,4,31,284,34609,1,0,1,-33.906326,151.012124,15,0,2,1,2,0,0,0,0,0,7,50,0,1282,1282,1,33,5,2,0,0,0,0
1226398,3,2020,2020,7,4,4,56,31,10,34609,0,1,1,-32.99931,151.573467,37,0,2,1,3,0,3,4,2,0,7,50,0,9859,9859,1,0,0,2,0,0,0,0
1226399,3,2020,2020,7,5,9,1,27,2,1,0,1,1,-29.685989,147.790461,51,1,0,1,3,0,3,3,2,0,7,100,1,1945,1945,5,30,40,1,0,0,0,0
1226402,3,2020,2020,7,3,2,18,27,197,34609,0,1,1,-33.94897,151.086727,25,0,2,1,3,0,0,0,0,0,7,50,0,9859,9859,1,10,5,2,0,0,0,0
1226403,3,2020,2020,3,2,10,28,1,126,34609,0,1,1,-33.929831,150.806308,41,0,2,1,3,0,0,0,3,0,7,60,0,9859,9859,8,5,40,1,0,0,0,0
1226404,3,2020,2020,7,3,5,56,27,86,11,0,1,9,-33.762082,150.95117,7,0,2,1,3,0,0,0,2,0,7,60,2,1192,1192,1,5,5,2,0,0,0,0
1226409,3,2020,2020,7,6,4,344,27,609,163,1,2,9,-33.757693,150.894622,7,0,2,1,3,0,3,4,2,2,7,40,2,1981,1981,4,0,0,2,0,0,0,0
1226417,3,2020,2020,3,2,6,2261,17,523,2252,0,1,2,-33.932827,150.916668,41,0,2,0,3,0,0,0,2,0,7,60,2,14295,14295,3,5,5,2,0,0,0,0
1226419,3,2020,2020,7,6,5,220,27,69,222,0,1,9,-33.768543,150.959006,54,0,2,1,3,0,3,4,2,2,7,80,2,14295,14295,3,9,5,3,0,0,0,0
1226421,3,2020,2020,7,6,5,3,36,73,34609,0,1,9,-33.719263,150.708788,55,0,2,1,3,0,3,4,2,0,7,50,0,623,623,3,5,0,2,0,0,0,0
1226422,3,2020,2020,7,1,4,4,31,8,169,0,1,9,-32.827304,151.488209,17,2,1,0,3,0,0,0,2,0,7,60,2,1669,1669,3,5,5,2,0,0,0,0
1226423,3,2020,2020,3,6,7,71,17,61,71,0,1,10,-35.531787,144.95368,51,2,1,1,3,0,0,0,2,0,0,50,2,6545,6545,4,10,10,2,0,0,0,0
1226424,3,2020,2020,7,1,3,12,1,46,34609,0,1,1,-33.926091,150.851784,41,0,2,1,3,0,0,0,2,0,7,50,0,1981,1981,4,5,5,3,0,0,0,0
1226425,3,2020,2020,7,1,5,283,27,145,702,1,0,2,-33.925972,151.070317,15,0,2,1,3,0,0,0,2,0,7,60,2,404,404,8,0,40,1,0,0,0,0
1226434,3,2020,2020,3,4,11,3,10,12,34609,0,1,1,-32.994447,151.670967,37,0,2,1,2,0,3,4,0,0,7,50,0,9859,9859,1,5,5,3,0,0,0,0
1226440,3,2020,2020,3,6,7,3,27,29,34609,0,1,1,-35.104895,150.638429,63,2,1,1,0,2,3,6,2,0,7,50,0,4026,4026,8,5,40,1,0,0,0,0
1226451,3,2020,2020,7,1,6,6,10,76,34609,0,1,1,-33.909602,150.86114,41,0,2,1,0,0,0,0,2,0,7,50,0,9859,9859,1,10,13,3,0,0,0,0
1226459,3,2020,2020,7,1,8,8,10,149,20,0,1,9,-33.34811,151.378586,16,2,2,1,1,0,0,0,2,0,0,80,1,623,623,3,33,5,2,0,0,0,0
1226468,3,2020,2020,7,3,8,6,27,1,27,0,1,1,-34.462939,149.37124,74,1,0,1,3,0,0,0,2,0,7,100,2,9859,9859,8,0,40,1,0,0,0,0
1226469,3,2020,2020,7,6,6,3371,17,44,3342,0,1,2,-32.400622,152.216377,43,2,1,1,3,0,3,3,2,0,7,50,2,9859,9859,8,10,40,1,0,0,0,0