Crash ID,Degree of crash - detailed,Reporting year,Year of crash,Month of crash,Day of week of crash,Two-hour intervals,Street of crash,Street type,Town,Route no.,School zone location,School zone active,Type of location,Latitude,Longitude,LGA,Urbanisation,Conurbation 1,Alignment,Street lighting,Road surface,Surface condition,Weather,Natural lighting,Signals operation,Other traffic control,Speed limit,Road classification,RUM - code,DCA - code,First impact type,Key TU type,Other TU type,No. of traffic units involved,No. killed,No. seriously injured,No. moderately injured,No. minor-other injured
1226473,3,2020,2020,7,5,3,16,2,168,34609,0,1,1,-33.694326,150.821129,7,0,2,1,3,0,0,0,1,0,7,50,0,9859,9859,1,5,5,3,0,0,0,0
1226476,3,2020,2020,7,3,9,84,27,252,34609,0,1,1,-33.941488,150.861695,41,0,2,1,3,0,0,0,3,0,7,60,0,1391,1391,1,21,5,2,0,0,0,0
1226478,3,2020,2020,7,1,9,11,10,27,34609,0,1,1,-34.058603,150.734438,12,0,2,1,3,0,0,0,3,0,7,50,0,96,96,0,5,36,2,0,0,0,0
1226479,3,2020,2020,4,6,4,31,1,234,139,0,1,2,-34.288666,146.050948,28,2,1,1,3,0,0,0,2,0,7,50,2,220,220,1,10,25,2,0,0,0,0
1226483,3,2020,2020,4,0,4,10,31,155,34609,0,1,1,-33.133134,148.17401,53,2,1,1,3,0,0,0,2,0,7,50,0,945,945,5,5,40,1,0,0,0,0
1226485,3,2020,2020,7,3,5,17,27,4,34609,0,1,1,-33.410784,151.41333,16,2,2,0,3,0,0,0,2,0,7,60,0,1981,1981,4,30,36,2,0,0,0,0
1226491,3,2020,2020,7,0,7,24,31,70,24,0,1,9,-33.435268,151.351471,16,2,2,1,3,0,0,3,2,0,15,60,1,2852,2852,4,5,36,2,0,0,0,0
1226498,3,2020,2020,7,1,6,18,31,53,6,0,1,9,-30.643609,153.003513,47,2,1,1,3,0,0,0,2,0,15,50,1,1109,787,1,5,5,2,0,0,0,0
1226499,3,2020,2020,7,6,4,5,27,84,34609,0,1,7,-33.767776,151.104795,61,0,2,1,3,0,3,4,2,0,0,50,0,237,162,8,19,40,1,0,0,0,0
1226504,3,2020,2020,3,2,6,1,0,10,34609,0,1,1,-35.419064,148.274093,66,1,0,0,3,0,0,0,2,0,7,100,0,14295,14295,3,16,13,2,0,0,0,0
1226505,3,2020,2020,3,4,0,2,23,9,34609,0,1,1,-33.768535,150.647282,55,0,2,1,3,0,0,0,0,0,7,50,0,1282,1282,1,0,5,2,0,0,0,0
1226507,3,2020,2020,4,6,3,1,27,7,34609,0,1,1,-30.056931,145.957795,51,1,0,0,3,2,0,0,2,0,7,100,0,4552,5151,8,0,40,1,0,0,0,0
1226553,3,2020,2020,3,3,2,6,31,609,34609,0,1,1,-33.75679,150.905974,7,0,2,0,2,0,3,4,0,0,7,50,0,2585,4009,8,5,40,1,0,0,0,0
1226568,3,2020,2020,4,0,10,43,27,46,29,1,0,7,-32.914174,151.665617,48,0,2,1,0,0,0,0,0,0,0,60,1,6545,6545,4,10,5,2,0,0,0,0
1226590,3,2020,2020,4,3,2,14,31,283,34609,0,1,1,-33.840829,151.006367,21,0,2,1,2,0,0,0,0,0,7,50,0,9859,9859,1,29,5,4,0,0,0,0
1226614,3,2020,2020,3,2,4,5,27,144,34609,0,1,1,-34.054156,151.015563,68,0,2,1,1,0,0,0,2,0,7,50,0,9859,9859,1,5,5,2,0,0,0,0
1226618,3,2020,2020,7,2,5,30,27,646,34609,0,1,1,-33.932673,151.027115,15,0,2,1,1,0,0,0,2,0,7,50,0,1981,1981,4,5,5,2,0,0,0,0
1226619,3,2020,2020,7,5,6,866,17,149,793,0,1,9,-33.81647,150.963272,21,0,2,1,1,0,0,0,2,2,7,70,2,395,395,1,0,5,2,0,0,0,0
1226623,3,2020,2020,7,0,10,72,27,82,102,0,1,1,-33.794185,151.263215,50,0,2,1,2,0,0,0,0,0,7,60,2,9859,9859,1,5,5,2,0,0,0,0
1226645,3,2020,2020,3,4,5,6,31,103,34609,0,1,10,-34.319446,148.295417,30,2,1,1,1,0,0,0,2,0,0,50,0,6545,6545,4,10,5,2,0,0,0,0
1226654,3,2020,2020,3,4,5,104,27,387,140,0,1,1,-33.920202,151.187333,4,0,2,1,1,0,0,0,2,0,7,60,2,1282,1282,1,33,5,2,0,0,0,0
1226667,3,2020,2020,3,5,5,17,27,3,62,0,1,1,-35.841623,147.760698,66,1,0,0,0,0,0,3,2,0,7,100,2,782,957,5,10,40,1,0,0,0,0
1226671,3,2020,2020,7,1,9,8,27,2,34609,0,1,1,-32.684815,151.573341,42,2,1,0,0,0,0,0,2,0,7,60,0,3775,3775,0,5,0,2,0,0,0,0
1226693,3,2020,2020,7,5,4,19,31,172,126,0,1,7,-32.748927,151.593745,42,2,1,1,3,0,0,0,2,0,0,50,2,6545,6545,4,0,0,2,0,0,0,0
1226694,3,2020,2020,3,2,7,1,31,58,34609,1,0,9,-33.442204,151.290115,16,2,2,0,3,0,0,0,2,0,7,50,0,1109,787,1,10,0,2,0,0,0,0
1226700,3,2020,2020,7,6,5,125,31,438,44,0,1,1,-33.850071,151.034848,21,0,2,1,3,0,0,3,2,0,7,50,1,248,248,1,0,5,3,0,0,0,0
1226714,3,2020,2020,7,3,9,866,17,171,793,0,1,10,-33.80287,150.971204,54,0,2,1,3,0,0,0,2,2,7,70,2,1391,1391,1,10,5,3,0,0,0,0
1226717,3,2020,2020,7,0,7,2,1,55,34609,0,1,9,-33.93306,150.904129,41,0,2,1,3,0,0,0,2,0,7,50,0,5929,5929,1,5,5,2,0,0,0,0
1226721,3,2020,2020,3,0,6,77,31,57,34609,0,1,2,-34.662314,150.850495,35,1,0,0,0,0,0,0,2,0,7,100,0,2585,4009,8,5,40,1,0,0,0,0
1226723,3,2020,2020,7,0,8,3,31,5,34609,0,1,1,-32.832825,151.478719,17,2,1,1,1,0,0,0,2,0,7,50,0,9859,9859,1,0,0,2,0,0,0,0
1226724,3,2020,2020,3,4,6,1,27,60,34609,0,1,1,-33.834495,151.14148,51,0,2,1,1,0,0,0,2,0,7,50,0,9859,9859,1,33,5,2,0,0,0,0
1226727,3,2020,2020,7,6,1,3,10,19,34609,0,1,9,-32.727826,151.998106,57,2,1,0,2,0,3,0,0,0,7,50,0,4552,5151,8,5,40,1,0,0,0,0
1226736,3,2020,2020,3,0,8,57,1,18,52,0,1,2,-30.369676,153.099769,19,2,1,1,1,0,0,0,2,0,7,40,1,941,941,1,5,5,3,0,0,0,0
1226737,3,2020,2020,3,1,10,12,31,176,34609,0,1,10,-33.964903,151.135154,25,0,2,1,2,0,0,0,0,3,7,50,0,9859,9859,1,5,5,3,0,0,0,0
1226742,3,2020,2020,7,1,8,8,7,168,34609,0,1,1,-33.693805,150.824487,7,0,2,1,3,0,0,0,2,0,7,50,0,9859,9859,1,5,5,2,0,0,0,0
1226743,3,2020,2020,7,4,3,77,31,163,69,0,1,10,-33.864973,151.103778,14,0,2,1,3,0,3,4,2,2,7,60,2,1391,1391,1,0,5,2,0,0,0,0
1226750,3,2020,2020,7,5,3,27,27,17,62,0,1,1,-30.277536,153.060555,19,2,1,0,0,0,3,4,1,0,7,80,1,1957,4009,8,5,40,1,0,0,0,0
1226756,3,2020,2020,3,6,6,8,27,8,34609,0,1,10,-28.847961,153.356311,39,1,0,1,3,0,3,4,2,0,15,100,0,6545,6545,4,5,36,2,0,0,0,0
1226758,3,2020,2020,3,4,7,42,27,87,34609,0,1,9,-33.914989,150.968277,41,0,2,1,3,0,0,0,2,0,0,50,0,2852,2852,4,0,5,2,0,0,0,0
1226759,3,2020,2020,7,5,11,16,27,88,20,0,1,1,-33.757985,150.851137,7,0,2,1,3,0,0,0,0,0,7,60,1,9859,9859,8,5,40,1,0,0,0,0
1226762,3,2020,2020,3,6,4,191,27,309,208,0,1,10,-33.812912,151.104876,61,0,2,1,3,0,0,0,2,2,9,60,2,14295,14295,3,8,19,2,0,0,0,0
1226766,3,2020,2020,7,6,5,7,31,247,34609,0,1,9,-33.81761,150.948779,21,0,2,1,3,0,0,0,2,0,7,50,0,6545,6545,4,0,5,2,0,0,0,0
1226768,3,2020,2020,7,1,8,2261,17,243,2252,0,1,2,-33.957553,150.882921,41,0,2,1,3,0,0,0,2,0,7,70,2,14295,14295,3,10,5,2,0,0,0,0
1226770,3,2020,2020,7,5,7,56,27,323,38,0,1,9,-33.757369,150.956302,71,0,2,1,3,0,0,0,2,0,7,60,1,2852,2852,4,5,25,2,0,0,0,0
1226772,3,2020,2020,7,4,3,485,27,187,769,0,1,9,-33.790955,150.997261,54,0,2,1,3,0,0,0,1,0,2,60,2,14295,14295,3,10,5,3,0,0,0,0
1226778,3,2020,2020,3,2,11,3371,17,24,3342,0,1,2,-31.555435,152.745908,56,1,0,0,3,0,0,0,0,0,7,110,2,4552,5151,8,10,40,1,0,0,0,0
1226779,3,2020,2020,7,1,4,18,31,201,34609,0,1,1,-34.893694,150.602321,63,2,1,1,3,0,0,0,2,0,7,50,0,323,323,1,0,0,2,0,0,0,0
1226780,3,2020,2020,7,4,9,2209,17,40,2205,0,1,2,-34.693601,150.844037,35,1,0,0,3,0,3,4,3,0,7,100,2,4552,5151,8,0,40,1,0,0,0,0
1226783,3,2020,2020,7,0,3,103,36,1,157,1,0,9,-28.469506,152.895628,51,1,0,1,3,0,0,0,2,0,7,100,2,14295,14295,3,30,0,2,0,0,0,0
1226786,3,2020,2020,7,6,8,32,27,56,62,0,1,9,-33.807943,151.199426,77,0,2,1,3,0,3,4,2,0,7,60,2,6545,6545,4,30,36,2,0,0,0,0
1226787,3,2020,2020,7,2,9,5,31,134,34609,0,1,1,-33.520989,151.319949,16,2,2,1,3,0,3,3,3,0,7,50,0,1282,1282,1,5,5,2,0,0,0,0
1226791,3,2020,2020,7,5,8,916,17,44,917,0,1,10,-32.052781,150.867208,73,2,1,1,3,0,3,4,3,0,0,50,2,5929,5929,1,0,5,2,0,0,0,0
1226792,3,2020,2020,3,6,9,204,31,314,34609,0,1,7,-33.855728,150.927963,24,0,2,1,3,0,0,0,2,0,0,50,0,6545,6545,4,16,5,2,0,0,0,0
1226793,3,2020,2020,7,6,7,61,27,232,70,0,1,10,-33.661072,150.923622,71,0,2,1,3,0,0,0,2,0,0,70,1,623,623,3,30,5,2,0,0,0,0
1226799,3,2020,2020,7,2,6,115,27,96,173,0,1,9,-34.234024,150.676422,79,2,2,1,3,0,0,0,2,0,7,80,2,14295,14295,3,5,0,4,0,0,0,0
1226802,3,2020,2020,7,0,4,1,31,16,34609,0,1,1,-33.738588,150.647863,55,0,2,1,3,0,0,0,2,0,7,50,0,175,188,1,5,3,2,0,0,0,0
1226803,3,2020,2020,7,1,9,4,31,215,34609,0,1,9,-35.120327,147.345314,75,2,1,1,3,0,0,0,3,0,0,50,0,1669,1669,3,0,5,2,0,0,0,0
1226805,3,2020,2020,7,0,7,168,17,19,212,0,1,1,-35.546669,149.956524,23,2,1,0,3,0,3,4,2,0,7,70,2,1957,4009,8,5,40,1,0,0,0,0
1226806,3,2020,2020,3,0,7,2,27,5,34609,0,1,1,-35.124856,147.300638,75,2,1,1,3,0,0,0,2,0,7,80,0,1945,1945,5,0,40,1,0,0,0,0
1226813,3,2020,2020,3,2,6,153,27,290,147,0,1,10,-33.949234,151.114485,4,0,2,1,1,0,0,0,2,2,9,60,2,1391,1391,1,0,5,2,0,0,0,0
1226815,3,2020,2020,3,1,8,2209,17,115,2205,1,0,2,-34.02945,151.081008,68,0,2,1,1,0,0,0,2,0,7,70,2,623,623,3,33,36,2,0,0,0,0
1226830,3,2020,2020,7,0,10,3371,17,11,3342,0,1,1,-29.614562,153.035649,18,1,0,1,0,0,0,0,0,0,7,100,2,1089,1089,7,10,40,1,0,0,0,0
1226837,3,2020,2020,7,2,0,109,36,8,108,0,1,1,-28.441426,153.492988,72,2,1,1,2,0,0,0,0,0,7,60,1,9859,9859,8,10,40,1,0,0,0,0
1226843,3,2020,2020,7,3,4,280,10,237,240,1,0,1,-33.868057,150.958681,24,0,2,0,0,0,3,4,2,0,7,60,2,4552,5151,8,5,40,1,0,0,0,0
1226846,3,2020,2020,7,3,0,22,27,90,93,0,1,1,-33.785665,150.960684,54,0,2,1,2,0,3,4,0,0,7,60,1,4026,4026,8,30,40,1,0,0,0,0
1226847,3,2020,2020,3,0,0,24,31,91,34609,1,0,1,-32.975469,151.648224,37,0,2,1,2,0,0,0,0,0,9,50,0,9859,9859,8,0,40,1,0,0,0,0
1226873,3,2020,2020,7,1,5,27,36,83,34609,0,1,1,-30.13255,153.194212,19,2,1,0,3,0,3,4,2,0,7,60,0,3775,3775,0,34,5,2,0,0,0,0
1226874,3,2020,2020,7,2,10,30,27,24,34609,0,1,1,-32.761727,151.441395,17,2,1,0,3,0,0,0,0,0,7,80,0,1957,4009,8,5,40,1,0,0,0,0
1226875,3,2020,2020,4,5,6,81,31,646,80,0,1,10,-33.916107,151.014038,15,0,2,1,3,0,0,0,2,2,8,60,1,1192,1192,1,5,13,2,0,0,0,0
1226876,3,2020,2020,7,1,6,296,27,290,293,0,1,9,-33.861092,150.992986,21,0,2,1,3,0,0,0,2,1,7,70,2,9859,9859,8,5,40,1,0,0,0,0
1226878,3,2020,2020,3,1,7,4,31,70,34609,0,1,1,-32.900859,151.725884,48,0,2,1,3,0,0,0,2,0,7,50,0,9859,9859,1,8,0,2,0,0,0,0
1226881,3,2020,2020,7,2,9,4,27,316,34609,0,1,1,-31.444094,152.909497,56,2,1,1,3,0,0,0,3,0,7,50,0,9859,9859,1,5,13,2,0,0,0,0
1226891,3,2020,2020,7,3,8,169,27,22,61,0,1,9,-33.829117,151.198977,49,0,2,1,3,0,0,0,2,2,7,50,1,301,301,4,5,5,2,0,0,0,0
1226893,3,2020,2020,7,0,3,2,10,69,34609,0,1,9,-33.781831,150.98776,54,0,2,1,3,0,0,0,2,0,7,50,0,489,489,8,5,40,1,0,0,0,0
1226897,3,2020,2020,7,4,9,6,27,39,34609,1,0,7,-33.761253,150.932427,7,0,2,1,3,0,0,0,0,0,0,50,0,6545,6545,4,5,0,2,0,0,0,0
1226898,3,2020,2020,7,1,9,126,27,30,168,0,1,2,-34.054898,150.775919,12,0,2,1,3,0,0,0,3,0,7,80,2,14295,14295,3,10,13,2,0,0,0,0
1226899,3,2020,2020,7,1,5,5,27,74,12,0,1,1,-34.558403,147.971293,20,1,0,0,3,0,0,0,2,0,7,100,1,782,957,5,5,40,1,0,0,0,0
1226900,3,2020,2020,7,3,5,45,27,74,45,0,1,9,-33.738132,151.034025,71,0,2,1,3,0,0,0,2,0,6,60,2,1669,1669,3,5,22,3,0,0,0,0
1226902,3,2020,2020,7,0,3,12,27,53,34609,0,1,1,-33.800787,151.040329,54,0,2,0,3,0,0,0,2,0,7,50,0,1282,1282,1,9,5,2,0,0,0,0
1226904,3,2020,2020,7,0,4,5,31,187,34609,0,1,9,-33.798759,150.991788,54,0,2,1,3,0,0,0,2,0,7,50,0,217,217,1,5,5,2,0,0,0,0
1226905,3,2020,2020,7,4,8,103,36,14,103,0,1,1,-32.298348,151.915081,43,1,0,0,3,0,3,4,2,0,7,90,1,4552,5151,8,5,40,1,0,0,0,0
1226912,3,2020,2020,3,2,1,3,7,293,34609,0,1,1,-33.950161,151.246731,59,0,2,1,2,0,0,0,0,0,7,50,0,9859,9859,1,0,5,2,0,0,0,0
1226915,3,2020,2020,7,2,0,2,27,30,34609,0,1,9,-34.040323,150.807401,13,0,2,0,2,0,0,0,0,0,7,50,0,4552,5151,1,5,5,3,0,0,0,0
1226923,3,2020,2020,7,1,0,17,10,12,34609,0,1,1,-34.411913,150.814952,80,0,2,0,3,0,3,3,0,0,7,60,0,1957,4009,8,5,40,1,0,0,0,0
1226925,3,2020,2020,7,4,8,330,1,144,34609,0,1,10,-34.060225,151.007943,68,0,2,1,3,0,3,4,2,0,15,50,0,301,301,4,30,5,2,0,0,0,0
1226926,3,2020,2020,7,0,8,3371,17,463,3342,0,1,2,-30.286141,153.124835,19,2,1,1,3,0,3,4,2,0,7,60,2,14295,14295,3,10,12,2,0,0,0,0
1226929,3,2020,2020,7,0,8,54,27,70,34609,0,1,1,-33.978123,151.100226,25,0,2,1,3,0,0,0,2,0,7,50,0,217,217,1,5,5,2,0,0,0,0
1226930,3,2020,2020,7,4,8,37,1,30,212,0,1,2,-35.35469,149.214976,58,2,1,0,3,0,3,4,2,0,7,60,2,4552,5151,8,34,40,1,0,0,0,0
1226934,3,2020,2020,7,6,8,866,17,149,793,0,1,9,-33.81647,150.963272,21,0,2,1,3,0,0,0,2,3,7,70,2,14295,14295,3,30,13,2,0,0,0,0
1226938,3,2020,2020,7,3,0,1,31,57,34609,0,1,1,-33.89969,151.168324,32,0,2,1,3,0,3,0,0,0,7,50,0,941,941,1,5,36,2,0,0,0,0
1226948,3,2020,2020,7,1,7,6,30,79,34609,0,1,9,-33.972305,151.123397,25,0,2,1,3,0,0,0,2,0,7,50,0,6545,6545,4,5,5,2,0,0,0,0
1226950,3,2020,2020,7,3,6,55,1,167,34609,0,1,2,-33.851841,151.075303,54,0,2,1,3,0,0,0,2,0,7,60,0,14295,14295,3,16,5,2,0,0,0,0
1226957,3,2020,2020,3,2,2,3371,17,12,3342,0,1,2,-33.054348,151.654911,37,0,2,0,2,0,0,0,1,0,7,60,2,1957,4009,8,5,40,1,0,0,0,0
1226964,3,2020,2020,7,4,7,19,27,19,19,0,1,1,-33.307002,151.247521,16,1,2,0,0,0,3,4,2,0,7,100,1,2585,4009,8,10,40,1,0,0,0,0
1226972,3,2020,2020,3,4,7,251,27,29,212,0,1,2,-33.754461,151.268759,50,0,2,1,1,0,0,0,2,0,7,70,2,14295,14295,3,33,13,3,0,0,0,0
1226976,3,2020,2020,7,4,7,500,27,646,799,0,1,1,-33.934532,151.034667,15,0,2,1,0,0,3,4,2,0,7,60,2,1383,1383,1,33,5,3,0,0,0,0
1226977,3,2020,2020,3,2,10,1,31,29,34609,0,1,9,-33.916847,150.893799,41,0,2,1,2,0,0,0,0,0,7,50,0,489,489,8,5,40,1,0,0,0,0
1226987,3,2020,2020,4,2,1,191,1,9,34609,0,1,1,-33.835434,151.058601,54,0,2,1,2,0,0,0,0,0,7,40,0,9859,9859,1,5,5,3,0,0,0,0
1227005,3,2020,2020,7,6,6,1,1,133,34609,0,1,1,-33.91873,151.01008,15,0,2,1,0,0,0,0,2,0,7,50,0,4026,4026,1,5,0,4,0,0,0,0
1227010,3,2020,2020,3,2,4,46,31,62,34609,0,1,1,-33.89193,151.138304,32,0,2,1,1,0,0,3,2,0,7,40,0,1282,1282,1,5,40,2,0,0,0,0
1227014,3,2020,2020,3,4,5,12,27,39,34609,0,1,2,-34.040482,150.759186,12,0,2,1,0,0,0,0,2,0,7,60,0,9859,9859,1,5,5,2,0,0,0,0
1227018,3,2020,2020,3,0,4,12,31,77,34609,0,1,1,-33.870436,150.936101,24,0,2,1,1,0,0,0,2,0,7,50,0,9859,9859,1,5,5,3,0,0,0,0
1227022,3,2020,2020,3,3,1,2,23,147,34609,0,1,1,-33.7565,151.287733,50,0,2,1,2,0,0,0,0,0,7,50,0,4026,4026,1,5,5,4,0,0,0,0
1227026,3,2020,2020,3,2,2,13,27,25,13,0,1,2,-33.866555,151.223821,69,0,2,1,2,0,0,3,0,0,7,50,1,9859,9859,8,9,40,1,0,0,0,0
1227032,3,2020,2020,7,4,9,39,31,112,34609,0,1,9,-36.06438,146.924594,0,2,1,0,1,0,3,4,2,0,7,60,0,1957,4009,8,5,40,1,0,0,0,0
1227043,3,2020,2020,7,5,7,125,27,43,144,0,1,1,-32.802004,151.887411,57,2,1,0,3,0,0,0,2,0,7,80,2,1981,1981,4,5,5,2,0,0,0,0
1227044,3,2020,2020,7,4,7,3,36,53,34609,0,1,1,-35.137441,149.333298,82,1,0,0,3,0,3,4,2,0,7,100,0,1957,4009,8,0,40,1,0,0,0,0
1227046,3,2020,2020,7,4,4,308,14,127,311,0,1,3,-33.826869,150.855733,24,0,2,0,3,0,0,0,2,0,7,100,2,14295,14295,3,0,10,2,0,0,0,0
1227050,3,2020,2020,3,3,9,16,31,94,34609,0,1,1,-33.783675,150.800361,55,0,2,1,1,0,0,0,3,0,7,50,0,4026,4026,1,34,5,2,0,0,0,0
1227056,3,2020,2020,7,2,2,10,27,271,18,0,1,1,-33.955872,151.020109,15,0,2,1,2,0,0,0,0,0,7,60,1,9859,9859,1,5,41,2,0,0,0,0
1227063,3,2020,2020,7,1,7,481,17,8,483,0,1,1,-34.726995,146.725048,51,1,0,1,0,0,0,0,2,0,7,110,2,14295,14295,3,8,35,2,0,0,0,0
1227068,3,2020,2020,7,1,1,85,10,167,702,0,1,9,-33.856536,151.070977,54,0,2,0,2,0,0,0,0,2,7,80,2,395,395,1,33,0,2,0,0,0,0
1227084,3,2020,2020,3,2,10,916,17,105,917,0,1,9,-32.719511,151.536296,42,2,1,1,3,0,0,0,0,2,7,60,2,5929,5929,1,0,25,2,0,0,0,0
1227098,3,2020,2020,3,6,8,4,27,53,34609,0,1,1,-33.777819,151.14706,36,0,2,0,3,0,0,0,2,0,7,50,0,248,248,1,5,5,2,0,0,0,0
1227102,3,2020,2020,4,3,1,1104,14,460,962,0,1,3,-33.82577,150.991137,21,0,2,1,2,0,0,0,0,0,7,90,2,14295,14295,3,33,5,2,0,0,0,0
1227103,3,2020,2020,4,1,2,6,27,50,34609,0,1,9,-33.516003,151.332731,16,2,2,1,2,0,0,0,0,0,7,50,0,4026,4026,8,5,40,1,0,0,0,0
1227106,3,2020,2020,4,0,8,19,27,182,174,0,1,1,-32.825964,151.353688,17,2,1,1,3,0,0,0,2,0,7,60,2,623,623,3,0,41,2,0,0,0,0
1227108,3,2020,2020,4,6,4,1,31,136,34609,0,1,1,-32.919114,151.705311,48,0,2,0,0,0,0,0,2,0,7,50,0,2585,4009,1,5,13,3,0,0,0,0
1227111,3,2020,2020,4,2,11,6,27,42,34609,0,1,1,-35.989047,146.361375,51,1,0,0,0,0,0,0,0,0,7,100,0,1957,4009,8,0,40,1,0,0,0,0
1227122,3,2020,2020,4,3,0,23,27,523,23,0,1,1,-33.924466,150.907925,41,0,2,1,3,0,3,4,0,0,7,60,1,945,945,5,5,40,1,0,0,0,0
1227142,3,2020,2020,4,5,8,158,27,55,207,0,1,1,-33.859487,151.277983,81,0,2,0,1,0,0,0,2,0,7,50,2,1957,4009,1,0,5,2,0,0,0,0
1227174,3,2020,2020,3,5,4,44,27,202,563,0,1,2,-33.948184,151.037242,15,0,2,1,1,0,0,0,2,0,7,70,2,404,404,8,5,40,1,0,0,0,0
1227176,3,2020,2020,7,4,0,8,10,16,34609,0,1,1,-33.374468,149.55902,3,2,1,1,0,0,0,3,0,0,7,80,0,4026,4026,8,5,40,1,0,0,0,0
1227179,3,2020,2020,7,2,7,125,27,27,144,0,1,2,-32.884801,151.780954,48,0,2,0,3,0,0,0,2,0,7,80,2,418,714,5,5,40,1,0,0,0,0
1227180,3,2020,2020,7,6,8,485,31,169,769,0,1,1,-33.600985,150.760347,29,2,2,1,3,0,0,0,2,0,7,60,2,14295,14295,3,0,0,3,0,0,0,0
1227181,3,2020,2020,7,4,8,105,17,251,136,0,1,9,-33.770991,150.938777,7,0,2,0,3,0,0,0,2,2,7,60,2,5929,5929,1,0,5,2,0,0,0,0
1227183,3,2020,2020,7,1,4,77,10,43,331,0,1,1,-34.143048,150.692734,79,2,2,0,3,0,3,4,2,0,7,80,1,1259,5151,8,10,40,1,0,0,0,0
1227184,3,2020,2020,7,2,8,11,27,65,34609,0,1,10,-33.80152,150.951136,21,0,2,1,0,0,3,4,2,2,7,50,0,623,623,3,5,13,2,0,0,0,0
1227190,3,2020,2020,7,3,7,85,27,53,145,0,1,9,-33.798835,151.046463,54,0,2,1,3,0,0,0,2,2,7,70,2,217,217,1,5,36,2,0,0,0,0
1227192,3,2020,2020,7,2,7,191,27,309,208,0,1,9,-33.806966,151.104777,61,0,2,1,3,0,3,4,2,0,7,60,2,1192,1192,1,5,5,3,0,0,0,0
1227194,3,2020,2020,7,1,7,829,27,125,770,0,1,2,-33.827766,151.126382,61,0,2,1,3,0,0,0,2,0,7,60,2,1282,1282,1,33,36,2,0,0,0,0
1227196,3,2020,2020,7,1,4,1,27,1,34609,0,1,1,-32.501641,150.860858,64,1,0,0,3,0,0,0,2,0,7,100,0,4552,5151,8,10,40,1,0,0,0,0
1227198,3,2020,2020,7,3,6,37,27,6,52,0,1,9,-33.976486,150.573456,79,2,2,1,3,0,0,3,2,0,15,80,1,6545,6545,4,0,5,2,0,0,0,0
1227199,3,2020,2020,7,1,4,149,27,294,198,0,1,9,-33.938803,150.940188,41,0,2,1,3,0,3,4,2,0,7,60,2,5929,5929,1,5,5,2,0,0,0,0
1227202,3,2020,2020,7,3,8,6,10,29,34609,0,1,1,-33.472933,151.430804,16,2,2,1,3,0,3,0,2,0,7,50,0,9859,9859,8,10,40,1,0,0,0,0
1227204,3,2020,2020,7,6,6,48,10,13,58,0,1,2,-32.894414,151.748437,48,0,2,0,3,0,3,4,2,0,7,80,2,1957,4009,8,5,40,1,0,0,0,0
1227207,3,2020,2020,7,3,8,5,1,562,34609,0,1,10,-32.264241,148.614436,22,2,1,1,3,0,0,0,2,0,0,50,0,6545,6545,4,5,0,2,0,0,0,0
1227209,3,2020,2020,7,0,3,7,31,179,34609,0,1,7,-31.910726,152.457007,43,2,1,0,3,0,0,0,2,0,0,50,0,14295,14295,3,5,0,2,0,0,0,0
1227210,3,2020,2020,3,0,6,3,31,15,34609,0,1,1,-32.938232,151.760022,48,0,2,1,3,0,0,0,2,0,7,50,0,248,248,1,5,36,2,0,0,0,0
1227212,3,2020,2020,7,4,4,2126,17,363,2149,0,1,9,-33.823987,151.004427,54,0,2,1,3,0,0,0,2,0,7,60,2,5929,5929,1,5,5,2,0,0,0,0
1227213,3,2020,2020,7,5,9,2209,17,176,2205,1,0,9,-33.963047,151.137481,4,0,2,1,3,0,0,0,2,0,7,60,2,941,941,1,5,5,2,0,0,0,0
1227221,3,2020,2020,3,2,3,3371,17,21,3342,0,1,2,-31.980028,152.469677,43,1,0,0,0,0,3,4,0,0,7,110,2,2585,4009,8,5,40,1,0,0,0,0
1227222,3,2020,2020,7,6,8,79,10,43,231,0,1,9,-33.434833,151.317062,16,2,2,1,1,0,0,0,2,0,7,60,2,4026,4026,8,5,40,1,0,0,0,0
1227243,3,2020,2020,7,1,6,23,27,15,34609,0,1,9,-32.912631,151.739574,48,0,2,0,1,0,0,0,2,0,0,50,0,57,57,1,33,5,2,0,0,0,0
1227244,3,2020,2020,7,2,0,26,17,2,13,0,1,1,-29.374496,149.812368,51,1,0,0,0,0,0,0,0,0,7,100,2,1850,1463,5,26,40,1,0,0,0,0
1227245,3,2020,2020,7,1,8,2,31,131,34609,0,1,9,-36.068888,146.931298,0,2,1,1,1,0,0,0,2,0,0,50,0,5929,5929,1,9,5,2,0,0,0,0
1227247,3,2020,2020,7,6,8,5,31,102,34609,0,1,10,-31.11648,150.913709,70,2,1,1,3,0,0,0,2,0,0,50,0,1669,1669,3,10,5,2,0,0,0,0
1227250,3,2020,2020,3,4,9,51,6,76,34609,0,1,9,-33.91243,150.861145,41,0,2,0,2,0,0,0,3,0,7,50,0,2585,777,8,5,40,1,0,0,0,0
1227252,3,2020,2020,3,4,3,294,17,215,288,0,1,10,-35.117109,147.356285,75,2,1,1,3,0,0,0,2,2,8,60,2,6545,6545,4,9,13,2,0,0,0,0
1227255,3,2020,2020,7,5,7,11,27,59,34609,0,1,1,-33.152029,151.522896,37,0,2,0,3,0,0,0,2,0,7,70,0,3775,3775,0,5,5,2,0,0,0,0
1227256,3,2020,2020,7,4,8,177,31,174,208,0,1,7,-33.860494,150.927487,24,0,2,1,3,0,0,0,2,0,0,50,1,301,301,4,5,5,2,0,0,0,0
1227258,3,2020,2020,7,5,9,1104,14,26,962,0,1,3,-33.767277,150.663115,55,0,2,1,3,0,0,0,0,0,7,110,2,14295,14295,3,5,0,2,0,0,0,0