Crash ID,Degree of crash - detailed,Reporting year,Year of crash,Month of crash,Day of week of crash,Two-hour intervals,Street of crash,Street type,Town,Route no.,School zone location,School zone active,Type of location,Latitude,Longitude,LGA,Urbanisation,Conurbation 1,Alignment,Street lighting,Road surface,Surface condition,Weather,Natural lighting,Signals operation,Other traffic control,Speed limit,Road classification,RUM - code,DCA - code,First impact type,Key TU type,Other TU type,No. of traffic units involved,No. killed,No. seriously injured,No. moderately injured,No. minor-other injured
1227262,3,2020,2020,7,6,8,6,25,175,34609,1,0,1,-33.77306,151.082635,54,0,2,1,3,0,0,0,2,0,7,50,0,14295,14295,3,0,5,2,0,0,0,0
1227263,3,2020,2020,7,4,4,27,10,7,20,0,1,1,-33.34571,151.383793,16,2,2,0,3,0,0,0,2,0,7,60,1,2585,4009,8,5,40,1,0,0,0,0
1227264,3,2020,2020,7,4,9,34,31,111,34609,0,1,1,-33.918253,151.25488,59,0,2,1,2,0,0,0,0,0,7,50,0,248,248,1,33,5,2,0,0,0,0
1227267,3,2020,2020,7,5,3,6,31,163,34609,0,1,7,-33.856949,151.098858,14,0,2,1,3,0,3,0,1,0,7,50,0,6545,6545,4,5,5,2,0,0,0,0
1227269,3,2020,2020,7,0,4,56,27,80,80,0,1,1,-33.887188,151.173677,32,0,2,1,3,0,0,0,2,0,7,40,2,941,941,1,5,5,2,0,0,0,0
1227277,3,2020,2020,7,5,11,9,27,53,34609,0,1,1,-33.762393,151.157928,36,0,2,1,2,0,0,0,0,0,7,50,0,9859,9859,1,5,0,2,0,0,0,0
1227279,3,2020,2020,3,2,6,39,27,293,91,1,0,1,-33.943704,151.251826,59,0,2,1,1,0,3,4,2,0,7,60,1,4026,4026,8,5,40,2,0,0,0,0
1227283,3,2020,2020,7,1,10,56,27,323,34609,0,1,1,-33.754196,150.988759,71,0,2,1,2,0,3,4,0,0,7,50,0,9859,9859,1,5,5,2,0,0,0,0
1227299,3,2020,2020,7,4,7,70,27,78,100,0,1,1,-33.69271,150.576024,8,2,2,1,3,0,0,0,2,0,7,60,2,3775,3775,0,5,5,2,0,0,0,0
1227301,3,2020,2020,7,2,7,2209,17,33,2205,0,1,2,-34.713652,150.834923,35,2,1,0,3,0,3,4,2,0,7,80,2,2585,4009,8,5,40,1,0,0,0,0
1227302,3,2020,2020,7,5,4,23,31,460,34609,0,1,10,-33.828969,150.971989,21,0,2,1,3,0,3,4,2,0,0,50,0,6545,6545,4,21,0,2,0,0,0,0
1227303,3,2020,2020,7,4,3,149,36,32,113,0,1,1,-32.399998,152.30138,43,2,1,0,3,0,3,3,2,0,7,80,1,1850,1463,5,9,40,1,0,0,0,0
1227306,3,2020,2020,7,2,10,30,27,67,34609,0,1,1,-33.652986,150.897971,71,0,2,0,3,0,3,4,0,0,7,80,0,2585,4009,8,5,40,1,0,0,0,0
1227311,3,2020,2020,7,5,11,1,7,105,34609,0,1,1,-32.721803,151.5167,42,2,1,0,2,0,0,0,0,0,7,50,0,2585,4009,8,5,40,1,0,0,0,0
1227312,3,2020,2020,7,2,3,33,27,26,260,0,1,2,-33.060836,151.560909,37,0,2,1,3,0,0,0,2,0,7,90,2,4026,4026,8,5,40,1,0,0,0,0
1227313,3,2020,2020,7,3,8,125,27,21,144,0,1,2,-32.766381,152.0153,57,2,1,1,3,0,0,0,2,0,7,80,2,1945,1945,5,5,40,1,0,0,0,0
1227315,3,2020,2020,7,0,3,7,27,46,34609,0,1,9,-35.165895,147.402495,75,2,1,1,3,0,0,0,1,0,7,80,0,623,623,3,5,5,2,0,0,0,0
1227316,3,2020,2020,7,2,7,3,27,70,7,0,1,1,-34.576731,150.321368,78,2,1,0,3,0,3,3,2,0,7,80,1,2585,4009,8,5,40,1,0,0,0,0
1227318,3,2020,2020,7,5,3,60,27,101,262,0,1,10,-32.894644,151.6071,37,0,2,1,3,0,0,0,2,2,7,90,2,1391,1391,1,5,36,3,0,0,0,0
1227320,3,2020,2020,7,0,1,2261,17,44,2252,0,1,2,-35.216053,147.802113,75,1,0,0,3,0,0,0,0,0,7,110,2,1850,1463,5,9,40,1,0,0,0,0
1227321,3,2020,2020,7,6,8,2,31,71,34609,0,1,1,-33.265034,151.544612,16,2,2,1,3,0,0,0,2,0,7,50,0,1282,1282,1,34,40,1,0,0,0,0
1227322,3,2020,2020,3,0,6,35,27,62,96,0,1,0,-33.891666,151.146208,32,0,2,1,3,0,0,0,2,0,7,50,2,1282,1282,1,0,13,2,0,0,0,0
1227324,3,2020,2020,7,5,8,8,31,273,34609,0,1,7,-34.423845,150.882639,80,0,2,0,3,0,0,0,2,0,0,50,0,623,623,3,5,5,2,0,0,0,0
1227328,3,2020,2020,7,0,4,20,31,387,34609,0,1,10,-33.926026,151.199059,4,0,2,1,3,0,0,0,2,0,7,50,0,6545,6545,4,5,0,2,0,0,0,0
1227329,3,2020,2020,7,5,4,1104,14,94,962,0,1,3,-33.79101,150.80812,55,0,2,1,3,0,0,0,2,0,7,110,2,1391,1391,1,21,2,3,0,0,0,0
1227330,3,2020,2020,7,6,4,5,31,609,34609,0,1,1,-33.755917,150.909735,7,0,2,1,3,0,0,0,2,0,7,50,0,144,144,1,8,12,2,0,0,0,0
1227331,3,2020,2020,7,0,7,1,27,68,1,0,1,1,-33.727002,149.90821,51,1,0,0,3,0,0,0,2,0,7,100,1,4552,5151,8,30,40,1,0,0,0,0
1227332,3,2020,2020,7,4,5,222,27,54,40,0,1,7,-33.633431,150.889545,29,2,2,1,3,0,0,0,2,0,0,80,1,6545,6545,4,10,5,2,0,0,0,0
1227335,3,2020,2020,7,4,1,157,17,3,158,0,1,1,-33.854109,146.888489,51,1,0,1,3,0,3,4,0,0,7,100,2,945,945,5,5,40,1,0,0,0,0
1227338,3,2020,2020,7,3,9,12,31,48,34609,0,1,1,-32.721927,152.15428,57,2,1,1,3,0,0,0,3,0,7,50,0,9859,9859,1,5,36,2,0,0,0,0
1227341,3,2020,2020,7,5,7,24,31,169,382,0,1,10,-33.600674,150.750954,29,2,2,1,3,0,0,0,2,2,7,60,2,775,775,4,8,5,2,0,0,0,0
1227345,3,2020,2020,7,3,7,118,17,35,118,0,1,1,-30.005354,148.043511,51,1,0,1,3,0,0,0,2,0,7,110,2,323,323,1,5,13,2,0,0,0,0
1227348,3,2020,2020,7,5,7,1,31,6,34609,0,1,1,-34.056355,151.02788,68,0,2,1,3,0,0,0,2,0,7,50,0,220,220,1,0,0,2,0,0,0,0
1227349,3,2020,2020,7,0,5,23,23,169,34609,0,1,1,-28.636441,153.634447,10,2,1,1,3,0,0,0,2,0,7,50,0,9859,9859,8,5,40,1,0,0,0,0
1227356,3,2020,2020,7,4,9,49,31,43,34609,0,1,10,-32.172873,152.497083,43,2,1,1,1,0,0,0,2,0,0,50,0,6545,6545,4,5,13,2,0,0,0,0
1227359,3,2020,2020,7,2,9,31,24,18,36,0,1,1,-33.745133,151.107412,36,0,2,0,3,0,3,3,2,0,7,60,1,14295,14295,3,0,5,2,0,0,0,0
1227361,3,2020,2020,7,2,7,18,27,13,20,0,1,1,-33.718511,150.002173,40,1,0,0,3,0,3,4,2,0,7,100,2,3775,3775,0,5,36,2,0,0,0,0
1227362,3,2020,2020,7,3,5,29,31,44,34609,0,1,10,-30.706531,152.921,47,2,1,1,3,0,3,4,2,0,6,50,0,6545,6545,4,5,0,2,0,0,0,0
1227365,3,2020,2020,7,6,8,37,27,21,34609,0,1,1,-33.27563,151.404769,16,2,2,1,3,0,0,0,2,0,7,60,0,1109,787,1,5,0,2,0,0,0,0
1227366,3,2020,2020,7,4,8,2,23,69,34609,0,1,9,-33.779143,150.971849,54,0,2,1,3,0,0,0,2,0,7,50,0,9859,9859,1,5,4,2,0,0,0,0
1227380,3,2020,2020,7,1,11,43,27,61,76,0,1,2,-32.923218,151.723872,48,0,2,1,2,0,0,0,0,0,7,60,1,9859,9859,8,5,40,1,0,0,0,0
1227394,3,2020,2020,7,6,9,80,27,316,50,0,1,1,-33.908869,151.234384,59,0,2,1,1,0,0,0,2,0,7,60,2,1192,1192,1,5,5,3,0,0,0,0
1227396,3,2020,2020,3,3,6,28,1,31,34609,0,1,1,-30.357084,153.07236,19,2,1,0,1,0,3,4,2,0,7,50,0,2585,4009,8,5,40,1,0,0,0,0
1227406,3,2020,2020,3,6,6,8,10,50,231,0,1,9,-33.509636,151.333206,16,2,2,1,1,0,0,0,2,0,6,60,2,1109,787,1,5,5,2,0,0,0,0
1227420,3,2020,2020,7,6,10,220,14,21,220,0,1,3,-34.298189,150.915557,80,0,2,1,2,0,0,0,0,0,7,40,2,14295,14295,3,10,5,2,0,0,0,0
1227436,3,2020,2020,7,1,11,330,27,108,605,1,0,10,-33.761915,151.271884,50,0,2,0,2,0,0,0,0,2,7,60,2,14295,14295,3,5,5,2,0,0,0,0
1227445,3,2020,2020,7,4,10,2261,17,201,2252,0,1,3,-33.987209,150.85543,13,0,2,0,3,0,0,0,0,0,7,110,2,14295,14295,3,5,40,2,0,0,0,0
1227448,3,2020,2020,7,1,3,1104,14,460,962,0,1,3,-33.825413,150.990747,54,0,2,1,2,0,3,4,1,0,7,80,2,14295,14295,3,5,5,3,0,0,0,0
1227451,3,2020,2020,7,1,9,3371,17,21,3342,0,1,2,-31.980028,152.469677,43,1,0,0,3,0,0,3,3,0,7,110,2,1957,4009,8,16,40,1,0,0,0,0
1227452,3,2020,2020,7,6,11,119,31,173,207,0,1,2,-33.875512,151.221873,69,0,2,1,2,0,0,0,0,0,7,60,2,14295,14295,3,5,5,2,0,0,0,0
1227458,3,2020,2020,7,0,3,866,17,54,793,0,1,2,-33.723868,151.090336,31,0,2,0,2,0,0,0,1,0,7,70,2,14295,14295,3,5,5,3,0,0,0,0
1227461,3,2020,2020,3,2,1,51,10,104,34609,0,1,1,-33.788322,150.770589,55,0,2,1,2,0,0,6,0,0,7,60,0,4026,4026,8,5,40,1,0,0,0,0
1227463,3,2020,2020,7,4,6,4,27,96,34609,0,1,1,-35.353097,149.226014,58,2,1,1,0,0,3,4,2,0,7,50,0,4026,4026,8,5,40,1,0,0,0,0
1227469,3,2020,2020,3,2,9,49,31,39,34609,0,1,1,-33.845443,151.211239,49,0,2,1,2,0,0,0,2,0,7,50,0,248,248,1,0,19,3,0,0,0,0
1227472,3,2020,2020,7,5,4,485,31,169,769,1,2,10,-33.600121,150.757947,29,2,2,1,3,0,0,0,2,0,0,40,2,14295,14295,3,30,41,3,0,0,0,0
1227473,3,2020,2020,7,5,3,3371,17,7,3342,0,1,2,-31.027356,152.88247,34,1,0,1,3,0,3,0,2,0,7,110,2,9859,9859,8,33,40,1,0,0,0,0
1227478,3,2020,2020,7,3,6,70,27,78,100,1,0,9,-33.688856,150.584971,8,2,2,1,3,0,3,3,2,2,8,60,2,14295,14295,3,5,5,2,0,0,0,0
1227480,3,2020,2020,7,0,6,27,27,102,28,0,1,2,-33.952653,151.193081,4,0,2,0,3,0,0,0,2,0,7,80,2,1192,1192,1,5,10,2,0,0,0,0
1227481,3,2020,2020,7,0,5,99,27,9,39,0,1,1,-33.512546,150.881224,29,2,2,0,3,0,0,0,2,0,7,80,1,4552,5151,8,5,40,1,0,0,0,0
1227493,3,2020,2020,3,2,2,2209,17,5,2205,0,1,1,-36.764366,149.813936,5,1,0,1,0,0,0,0,0,0,7,100,2,4026,4026,8,34,40,1,0,0,0,0
1227508,3,2020,2020,7,3,11,75,10,137,165,0,1,3,-33.912471,151.212768,69,0,2,1,2,0,0,0,0,0,7,80,2,14295,14295,3,34,5,2,0,0,0,0
1227510,3,2020,2020,7,3,3,5,10,45,34609,0,1,1,-33.808611,150.798368,55,0,2,0,1,0,0,0,2,0,7,50,0,4552,5151,1,33,5,2,0,0,0,0
1227515,3,2020,2020,7,5,0,916,17,165,917,0,1,1,-32.34026,150.957422,46,2,1,0,3,0,3,3,0,0,7,60,2,1089,1089,7,8,40,1,0,0,0,0
1227516,3,2020,2020,7,0,7,224,27,246,321,0,1,9,-33.917207,151.19994,69,0,2,1,3,0,0,0,2,0,0,50,2,3775,3775,0,10,5,2,0,0,0,0
1227521,3,2020,2020,7,2,2,12,31,98,8,0,1,1,-30.974933,150.252628,51,2,1,1,3,0,0,0,0,0,7,50,1,9859,9859,1,10,13,3,0,0,0,0
1227522,3,2020,2020,7,3,8,55,31,218,34609,0,1,1,-33.768144,150.781544,55,0,2,1,3,0,0,0,2,0,7,50,0,9859,9859,1,5,5,3,0,0,0,0
1227524,3,2020,2020,7,3,9,92,27,129,244,0,1,9,-33.8997,151.089612,9,0,2,1,3,0,0,0,0,2,7,60,2,14295,14295,3,5,5,3,0,0,0,0
1227537,3,2020,2020,7,2,6,97,17,34,88,0,1,2,-34.819375,149.600171,26,1,0,1,3,0,3,3,2,0,7,110,2,4026,4026,8,8,40,1,0,0,0,0
1227542,3,2020,2020,7,2,6,61,27,232,70,0,1,10,-33.661072,150.923622,71,0,2,1,0,0,0,0,2,0,0,70,1,5929,5929,1,0,5,4,0,0,0,0
1227551,3,2020,2020,7,3,6,1,4,433,34609,0,1,1,-33.283415,149.070044,52,2,1,0,1,0,0,0,2,0,7,50,0,1957,4009,8,5,40,1,0,0,0,0
1227576,3,2020,2020,7,6,7,3,31,160,34609,0,1,7,-33.108715,151.485183,37,0,2,1,3,0,0,0,2,0,0,50,0,2852,2852,4,5,22,2,0,0,0,0
1227578,3,2020,2020,3,2,10,1052,14,207,928,0,1,3,-33.613899,151.160697,31,0,2,1,3,0,0,0,0,0,7,110,2,1192,1192,1,0,36,2,0,0,0,0
1227582,3,2020,2020,7,3,0,1,18,30,34609,0,1,1,-34.870565,147.589361,51,2,1,1,2,0,0,0,0,0,7,50,0,4026,4026,1,33,13,2,0,0,0,0
1227594,3,2020,2020,3,4,3,2,36,433,34609,0,1,9,-33.259741,149.089475,52,2,1,0,2,0,0,0,0,0,7,50,0,1957,4009,1,10,5,2,0,0,0,0
1227597,3,2020,2020,7,0,1,3,27,197,34609,0,1,1,-33.78555,151.115775,61,0,2,0,0,0,0,0,0,0,7,50,0,4552,5151,1,5,13,3,0,0,0,0
1227598,3,2020,2020,7,5,11,2209,17,77,2205,0,1,2,-33.924254,151.161417,32,0,2,1,2,0,3,0,0,0,7,60,2,4026,4026,8,9,40,1,0,0,0,0
1227605,3,2020,2020,4,4,0,1104,14,323,962,0,1,3,-33.792657,150.834747,7,0,2,1,2,0,0,0,0,0,7,110,2,190,190,1,5,36,2,0,0,0,0
1227610,3,2020,2020,7,3,5,51,27,76,34609,0,1,7,-33.913537,150.874603,41,0,2,1,0,0,0,0,2,0,0,50,0,4552,985,8,0,40,1,0,0,0,0
1227613,3,2020,2020,7,0,7,32,27,42,27,0,1,1,-33.667912,151.231545,50,0,2,0,0,0,0,0,2,0,7,50,2,4552,5151,8,9,40,1,0,0,0,0
1227614,3,2020,2020,7,1,10,2261,17,68,2252,0,1,2,-34.792157,148.865364,82,1,0,0,0,0,0,0,0,0,7,110,2,1850,1463,5,0,40,1,0,0,0,0
1227615,3,2020,2020,7,3,4,2126,17,80,2149,0,1,1,-33.746762,150.673532,55,0,2,1,0,0,3,4,2,0,7,60,2,3775,3775,0,0,0,3,0,0,0,0
1227628,3,2020,2020,4,3,3,481,17,8,483,0,1,1,-30.421143,149.690179,51,1,0,1,0,0,0,0,2,0,7,110,2,101,101,8,29,13,2,0,0,0,0
1227632,3,2020,2020,7,1,7,43,22,147,34609,0,1,1,-33.757501,151.293439,50,0,2,1,3,0,0,0,2,0,7,50,0,9859,9859,1,5,0,4,0,0,0,0
1227642,3,2020,2020,7,1,10,330,23,150,233,0,1,10,-33.919433,151.226535,59,0,2,1,3,0,0,0,0,2,6,50,2,2852,2852,4,5,39,2,0,0,0,0
1227643,3,2020,2020,7,1,4,57,1,193,145,0,1,10,-33.79151,151.086672,61,0,2,1,3,0,3,4,2,0,7,60,2,1391,1391,1,5,0,2,0,0,0,0
1227645,3,2020,2020,7,0,9,8,31,210,34609,0,1,1,-34.038181,151.09446,68,0,2,1,3,0,0,0,0,0,7,50,0,9859,9859,1,9,0,2,0,0,0,0
1227663,3,2020,2020,7,0,9,23,27,21,34609,0,1,1,-33.297159,151.185258,16,2,2,0,1,0,0,0,3,0,7,60,0,4552,5151,8,5,40,1,0,0,0,0
1227683,3,2020,2020,7,0,11,1,31,102,34609,0,1,9,-31.118009,150.922382,70,2,1,1,2,0,0,0,0,0,7,50,0,4026,4026,1,5,5,2,0,0,0,0
1227691,3,2020,2020,3,3,8,2261,17,16,2252,0,1,2,-34.651225,150.111762,78,1,0,0,3,0,0,0,2,0,7,110,2,14295,14295,3,0,13,2,0,0,0,0
1227705,3,2020,2020,4,0,6,330,23,54,233,0,1,2,-33.887451,151.21932,69,0,2,1,1,0,0,0,2,0,7,60,2,186,186,1,8,36,2,0,0,0,0
1227717,3,2020,2020,4,5,5,80,27,316,50,0,1,9,-33.907209,151.23279,59,0,2,1,1,0,0,0,2,2,7,60,2,515,515,1,27,5,2,0,0,0,0
1227734,3,2020,2020,3,4,5,171,31,252,34609,0,1,10,-33.880636,151.213713,69,0,2,1,3,0,0,0,2,2,9,40,0,5929,5929,1,0,5,2,0,0,0,0
1227745,3,2020,2020,3,1,3,30,27,86,93,0,1,9,-33.749309,150.923685,7,0,2,1,3,0,3,0,2,0,7,50,1,9859,9859,1,10,5,2,0,0,0,0
1227747,3,2020,2020,4,5,3,1104,14,445,962,0,1,3,-33.845448,151.048407,54,0,2,1,0,0,0,0,1,0,7,90,2,101,101,8,10,10,2,0,0,0,0
1227754,3,2020,2020,4,1,6,20,27,12,100,0,1,1,-33.632739,150.669934,29,2,2,1,3,0,0,0,2,0,7,80,1,945,945,5,10,40,1,0,0,0,0
1227760,3,2020,2020,7,4,5,119,31,173,207,0,1,10,-33.874673,151.21804,69,0,2,1,1,0,0,0,2,2,2,50,2,6545,6545,4,9,33,2,0,0,0,0
1227776,3,2020,2020,7,0,11,40,27,94,40,0,1,7,-33.882381,150.915024,24,0,2,1,3,0,0,0,0,0,0,60,1,6545,6545,4,5,5,3,0,0,0,0
1227778,3,2020,2020,7,6,3,70,27,26,100,0,1,9,-33.683093,150.59723,8,2,2,0,3,0,0,0,1,0,7,60,2,404,404,8,10,40,1,0,0,0,0
1227782,3,2020,2020,3,4,8,346,17,47,332,0,1,1,-28.863418,153.472516,2,1,0,0,3,0,3,4,2,0,7,100,2,1259,5151,8,30,40,1,0,0,0,0
1227785,3,2020,2020,7,5,8,5,27,290,19,0,1,9,-33.953012,151.117851,4,0,2,1,3,0,0,0,2,0,7,50,1,941,941,1,0,5,2,0,0,0,0
1227787,3,2020,2020,7,3,7,220,27,86,222,0,1,2,-33.758201,150.955133,7,0,2,1,3,0,0,0,2,0,8,80,2,14295,14295,3,30,0,2,0,0,0,0
1227788,3,2020,2020,7,0,3,9,27,8,228,0,1,1,-33.313832,150.961994,29,2,2,0,3,0,0,1,1,0,7,80,1,4552,5151,8,5,40,1,0,0,0,0
1227792,3,2020,2020,7,4,8,61,27,232,70,0,1,10,-33.661072,150.923622,71,0,2,1,3,0,0,3,3,0,0,70,1,14295,14295,3,0,5,2,0,0,0,0
1227796,3,2020,2020,7,1,4,8,31,463,34609,0,1,1,-30.283344,153.124615,19,2,1,1,3,0,3,4,2,0,7,50,0,5929,5929,1,0,5,2,0,0,0,0
1227799,3,2020,2020,7,0,6,224,27,26,321,0,1,9,-33.912663,151.201499,69,0,2,1,3,0,0,0,2,2,7,50,2,1391,1391,1,5,12,2,0,0,0,0
1227801,3,2020,2020,7,3,8,117,1,176,35,0,1,9,-33.965101,151.142642,4,0,2,1,3,0,0,0,2,2,9,60,2,14295,14295,3,0,36,3,0,0,0,0
1227803,3,2020,2020,7,2,0,2,27,7,34609,0,1,1,-32.723339,152.175155,57,2,1,1,2,0,0,0,0,0,7,50,0,4026,4026,1,5,0,2,0,0,0,0
1227810,3,2020,2020,7,3,10,2126,17,438,2149,0,1,2,-33.840691,151.034494,21,0,2,1,2,0,0,0,0,0,7,60,2,1383,1383,1,5,0,2,0,0,0,0
1227817,3,2020,2020,7,4,5,3371,17,49,3342,0,1,6,-33.205894,151.516632,16,2,2,0,3,0,3,4,2,0,7,70,2,418,714,5,5,40,1,0,0,0,0
1227827,3,2020,2020,7,6,7,6,10,46,34609,0,1,9,-35.161528,147.38399,75,2,1,1,0,0,0,0,2,0,0,50,0,6545,6545,4,0,12,2,0,0,0,0
1227858,3,2020,2020,7,4,7,481,17,562,483,0,1,1,-32.24363,148.608233,22,2,1,1,1,0,3,0,2,0,7,60,2,941,941,1,10,5,2,0,0,0,0
1227869,3,2020,2020,7,1,11,43,1,74,16,0,1,2,-33.76036,150.84628,7,0,2,1,2,0,3,4,0,0,7,60,2,475,475,5,5,40,1,0,0,0,0
1227888,3,2020,2020,7,5,10,5,27,6,34609,0,1,1,-29.46329,153.241176,18,2,1,1,0,0,0,0,0,0,7,80,0,9859,9859,8,10,40,1,0,0,0,0
1227897,3,2020,2020,7,4,6,81,17,41,10,0,1,1,-34.073044,150.695612,12,0,2,1,1,0,0,0,2,0,7,50,1,3775,3775,0,10,13,2,0,0,0,0
1227911,3,2020,2020,7,0,6,49,27,35,34609,0,1,1,-35.341807,149.220637,58,2,1,0,3,0,0,0,2,0,7,50,0,4552,5151,8,5,40,1,0,0,0,0
1227912,3,2020,2020,7,5,8,132,31,174,126,0,1,10,-33.892142,151.216944,69,0,2,1,3,0,0,3,3,2,7,60,2,14295,14295,3,0,5,3,0,0,0,0
1227913,3,2020,2020,7,0,4,3,27,112,34609,0,1,9,-33.442566,151.441315,16,2,2,1,3,0,3,4,2,0,7,50,0,5929,5929,1,5,5,2,0,0,0,0
1227914,3,2020,2020,7,0,8,123,36,14,49,0,1,1,-30.389584,151.296334,51,1,0,1,3,0,0,0,2,0,7,100,1,945,945,5,0,40,1,0,0,0,0
1227915,3,2020,2020,7,0,2,100,27,140,100,0,1,2,-33.788996,150.854375,7,0,2,1,3,0,0,0,1,0,7,60,2,9859,9859,8,10,40,1,0,0,0,0
1227917,3,2020,2020,3,3,10,14,31,15,34609,0,1,1,-33.7811,151.280355,50,0,2,0,2,0,0,0,0,0,7,50,0,1957,4009,1,5,0,4,0,0,0,0
1227918,3,2020,2020,7,4,0,512,17,433,441,0,1,9,-33.273994,149.086086,52,2,1,1,0,0,0,0,0,0,7,50,2,4026,4026,8,5,40,1,0,0,0,0
1227919,3,2020,2020,7,4,6,3371,17,53,3342,0,1,9,-33.765138,151.156874,36,0,2,1,3,0,0,0,2,2,7,60,2,217,217,1,21,5,2,0,0,0,0
1227921,3,2020,2020,7,5,3,55,27,29,38,0,1,9,-33.945138,150.76615,12,0,2,1,3,0,0,0,1,0,7,80,2,5929,5929,1,5,41,2,0,0,0,0
1227922,3,2020,2020,7,4,1,118,17,15,118,0,1,1,-31.134548,150.27996,51,1,0,1,3,0,3,4,0,0,7,110,2,475,475,5,5,40,1,0,0,0,0
1227923,3,2020,2020,7,5,3,12,27,60,41,1,0,2,-33.765253,150.758157,55,0,2,1,3,0,0,3,1,0,7,60,1,14295,14295,3,10,5,2,0,0,0,0
1227924,3,2020,2020,7,5,8,2209,17,26,2205,0,1,9,-33.917113,151.171994,32,0,2,1,3,0,0,0,2,0,15,60,2,775,775,4,10,0,3,0,0,0,0
1227926,3,2020,2020,7,5,10,123,27,111,25,0,1,1,-33.916141,151.248985,59,0,2,1,3,0,0,0,0,0,7,50,1,9859,9859,1,5,13,2,0,0,0,0
1227930,3,2020,2020,7,5,4,55,27,110,9,0,1,1,-33.743086,151.047314,31,0,2,1,3,0,3,3,2,0,7,60,1,14295,14295,3,10,5,2,0,0,0,0
1227931,3,2020,2020,7,5,3,1052,27,219,262,0,1,7,-32.902894,151.676562,48,0,2,1,3,0,3,3,2,2,7,60,2,6545,6545,4,10,41,2,0,0,0,0
1227933,3,2020,2020,7,5,7,44,31,90,34609,0,1,7,-32.928054,151.746051,48,0,2,0,3,0,0,0,2,0,7,50,0,6545,6545,4,5,0,2,0,0,0,0
1227934,3,2020,2020,7,2,5,2126,17,147,2149,0,1,10,-33.873019,151.126104,14,0,2,1,3,0,0,0,2,2,7,60,2,6545,6545,4,5,5,2,0,0,0,0
1227935,3,2020,2020,7,5,6,12,1,134,34609,0,1,10,-33.520145,151.31221,16,2,2,1,3,0,3,0,2,0,0,50,0,6545,6545,4,5,22,2,0,0,0,0
1227941,3,2020,2020,7,2,4,2126,17,38,2149,0,1,9,-33.776593,150.802726,55,0,2,1,3,0,3,4,2,1,8,80,2,1383,1383,1,10,0,2,0,0,0,0
1227944,3,2020,2020,7,1,3,2,18,61,34609,0,1,1,-35.152086,149.242118,82,1,0,1,3,0,0,0,1,0,7,100,0,1089,1089,7,10,40,1,0,0,0,0
1227947,3,2020,2020,7,6,3,3,27,43,42,0,1,9,-33.558347,150.801309,29,2,2,1,3,0,0,0,2,0,0,60,1,14295,14295,3,0,5,2,0,0,0,0
1227950,3,2020,2020,7,5,4,42,27,67,231,0,1,9,-33.401195,151.342632,16,2,2,1,3,0,0,0,2,0,15,50,2,301,301,4,21,0,2,0,0,0,0
1227953,3,2020,2020,7,2,8,22,27,94,144,0,1,1,-33.785955,150.806029,55,0,2,0,3,0,0,0,4,0,7,60,2,1192,1192,1,3,5,2,0,0,0,0
1227955,3,2020,2020,7,5,7,5,27,223,136,0,1,9,-33.803313,150.91589,7,0,2,0,3,0,3,3,2,0,7,60,2,1391,1391,1,5,0,2,0,0,0,0
1227957,3,2020,2020,7,0,9,56,27,323,34609,0,1,9,-33.754325,150.988273,71,0,2,1,3,0,0,0,3,0,7,50,0,14295,14295,3,10,0,3,0,0,0,0
1227959,3,2020,2020,7,5,5,2126,17,9,2149,0,1,2,-33.715719,150.501041,8,2,2,0,3,0,0,0,2,0,7,80,2,1282,1282,1,0,36,2,0,0,0,0
1227966,3,2020,2020,7,4,8,344,27,89,382,0,1,1,-33.669854,150.80496,55,0,2,1,3,0,0,0,3,0,7,80,2,1391,1391,1,16,5,2,0,0,0,0
1227968,3,2020,2020,7,4,7,481,17,77,483,0,1,1,-30.196208,149.815615,51,1,0,0,0,0,0,0,2,0,7,110,2,395,395,1,34,2,2,0,0,0,0
1227972,3,2020,2020,7,4,4,829,27,123,770,0,1,2,-33.808327,151.067534,54,0,2,1,3,0,0,0,2,0,0,70,2,14295,14295,3,0,36,2,0,0,0,0
1227973,3,2020,2020,7,4,11,15,31,115,52,0,1,10,-33.910177,151.175635,32,0,2,1,3,0,0,0,0,3,7,40,1,2852,2852,4,10,5,2,0,0,0,0
1227982,3,2020,2020,7,1,7,296,27,460,293,0,1,9,-33.838516,150.999997,21,0,2,1,3,0,0,0,2,2,7,70,2,14295,14295,3,5,13,4,0,0,0,0
1227986,3,2020,2020,7,0,6,60,27,40,167,0,1,9,-34.022903,151.121199,68,0,2,1,3,0,0,0,2,0,7,70,2,301,301,4,5,13,2,0,0,0,0
1227987,3,2020,2020,7,0,3,478,17,96,480,0,1,2,-33.428646,151.393036,16,2,2,0,3,0,3,4,1,0,7,60,2,1957,4009,8,10,40,1,0,0,0,0
1227993,3,2020,2020,7,0,8,1,27,5,34609,0,1,9,-34.33158,147.67406,51,1,0,1,3,2,0,0,3,0,7,100,0,418,777,5,10,40,1,0,0,0,0
1227994,3,2020,2020,7,2,7,105,17,251,136,0,1,9,-33.770991,150.938777,7,0,2,0,3,0,0,0,2,2,9,60,2,5929,5929,1,5,5,2,0,0,0,0
1227998,3,2020,2020,7,6,6,168,17,47,212,0,1,1,-35.302417,149.410934,58,1,0,1,3,0,0,0,2,0,7,100,2,945,945,5,5,40,1,0,0,0,0
1228013,3,2020,2020,7,1,9,2209,17,24,2205,0,1,7,-34.926082,150.603632,63,2,1,1,2,0,0,0,0,0,0,70,2,475,475,5,5,40,1,0,0,0,0