Crash ID,Degree of crash - detailed,Reporting year,Year of crash,Month of crash,Day of week of crash,Two-hour intervals,Street of crash,Street type,Town,Route no.,School zone location,School zone active,Type of location,Latitude,Longitude,LGA,Urbanisation,Conurbation 1,Alignment,Street lighting,Road surface,Surface condition,Weather,Natural lighting,Signals operation,Other traffic control,Speed limit,Road classification,RUM - code,DCA - code,First impact type,Key TU type,Other TU type,No. of traffic units involved,No. killed,No. seriously injured,No. moderately injured,No. minor-other injured
1228015,3,2020,2020,7,0,8,12,27,137,34609,0,1,1,-33.917513,151.201238,69,0,2,1,0,0,0,0,2,0,7,40,0,248,248,1,30,25,4,0,0,0,0
1228018,3,2020,2020,7,0,11,512,17,433,441,0,1,10,-33.284165,149.103632,52,2,1,1,2,0,0,0,0,2,7,50,2,6545,6545,4,10,12,2,0,0,0,0
1228023,3,2020,2020,7,3,12,2,31,29,34609,0,1,1,-32.889837,151.688853,48,0,2,0,2,0,0,0,0,0,7,50,0,1282,1282,1,33,36,2,0,0,0,0
1228028,3,2020,2020,7,4,0,81,17,83,33,0,1,1,-34.450073,150.444066,78,2,1,1,2,0,0,0,0,0,7,50,1,9859,9859,8,0,40,1,0,0,0,0
1228042,3,2020,2020,7,4,8,2209,17,4,2205,0,1,1,-37.37104,149.710738,5,1,0,0,3,0,0,0,2,0,7,100,2,2585,4009,8,5,40,1,0,0,0,0
1228045,3,2020,2020,7,1,4,222,27,54,40,0,1,7,-33.633431,150.889545,29,2,2,1,3,0,0,0,2,0,0,80,1,6545,6545,4,0,13,2,0,0,0,0
1228052,3,2020,2020,7,1,10,3,7,75,34609,0,1,1,-33.710046,150.363099,8,2,2,0,2,0,3,4,0,0,7,50,0,1850,1463,5,5,40,1,0,0,0,0
1228058,3,2020,2020,7,1,9,95,27,50,605,0,1,9,-33.624991,151.334016,50,0,2,1,3,0,3,3,2,0,7,60,2,14295,14295,3,5,12,2,0,0,0,0
1228063,3,2020,2020,7,1,3,3371,17,30,3342,0,1,2,-28.330087,153.520015,72,1,0,1,1,0,0,0,2,0,7,110,2,4026,4026,8,34,40,1,0,0,0,0
1228065,3,2020,2020,7,1,3,8,10,74,34609,0,1,9,-34.06064,150.768754,12,0,2,0,1,0,0,0,2,0,7,50,0,96,96,0,5,5,2,0,0,0,0
1228067,3,2020,2020,3,0,0,83,27,13,34609,0,1,1,-28.671865,153.564466,10,2,1,0,0,0,0,0,0,0,7,80,0,2585,4009,8,0,40,1,0,0,0,0
1228080,3,2020,2020,7,2,2,4,31,105,34609,0,1,9,-32.605112,149.581076,44,2,1,1,2,0,0,0,0,0,0,50,0,489,489,8,5,40,1,0,0,0,0
1228090,3,2020,2020,7,2,10,44,31,69,34609,0,1,1,-32.933461,151.745221,48,0,2,1,3,0,0,0,0,0,7,50,0,9859,9859,1,34,0,2,0,0,0,0
1228092,3,2020,2020,7,2,6,5,27,107,34609,0,1,1,-33.290716,151.425489,16,2,2,0,3,0,3,4,2,0,7,50,0,3775,3775,0,0,0,2,0,0,0,0
1228096,3,2020,2020,7,5,5,5,31,104,34609,0,1,1,-32.911173,151.705484,48,0,2,1,3,0,0,0,2,0,7,50,0,9859,9859,1,5,0,2,0,0,0,0
1228098,3,2020,2020,3,1,3,916,17,66,917,0,1,2,-32.812626,151.656865,48,0,2,1,3,0,3,4,1,0,7,90,2,14295,14295,3,5,0,2,0,0,0,0
1228099,3,2020,2020,7,4,5,20,27,108,31,1,0,1,-33.762303,151.269323,50,0,2,1,3,0,0,0,2,0,7,50,1,14295,14295,3,9,5,4,0,0,0,0
1228104,3,2020,2020,7,5,3,8,31,198,34609,0,1,9,-33.914542,151.103108,15,0,2,1,3,0,0,3,2,0,7,50,0,1282,1282,1,5,5,2,0,0,0,0
1228105,3,2020,2020,4,0,7,95,31,346,59,0,1,9,-33.86937,151.067841,67,0,2,0,3,0,0,0,2,2,8,50,1,14295,14295,3,0,5,2,0,0,0,0
1228106,3,2020,2020,7,6,9,485,27,232,769,0,1,10,-33.693599,150.925067,71,0,2,1,3,0,0,0,3,2,7,80,2,1391,1391,1,5,5,3,0,0,0,0
1228107,3,2020,2020,7,2,7,44,31,215,34609,0,1,1,-35.119646,147.359498,75,2,1,1,3,0,0,0,2,0,7,50,0,9859,9859,1,5,5,2,0,0,0,0
1228117,3,2020,2020,7,5,7,2126,17,23,2149,0,1,1,-33.447854,149.955449,40,1,0,0,1,0,0,0,2,0,7,100,2,4552,5151,8,5,40,1,0,0,0,0
1228127,3,2020,2020,7,6,4,1052,14,118,928,0,1,3,-33.366756,151.316525,16,1,2,0,3,0,0,0,2,0,7,110,2,4552,5151,8,10,40,1,0,0,0,0
1228129,3,2020,2020,7,1,6,1,1,6,34609,0,1,1,-33.223053,151.544677,16,2,2,1,3,0,3,0,2,0,7,50,0,4026,4026,1,34,36,2,0,0,0,0
1228130,3,2020,2020,7,6,9,195,27,53,186,0,1,2,-33.929298,150.846909,41,0,2,0,3,0,0,0,2,0,7,70,2,14295,14295,3,5,5,3,0,0,0,0
1228133,3,2020,2020,7,4,5,53,31,140,125,0,1,1,-33.899638,151.003547,15,0,2,1,3,0,0,3,2,0,7,60,1,945,945,5,5,40,1,0,0,0,0
1228141,3,2020,2020,7,1,2,162,31,29,34609,1,0,9,-32.87981,151.693753,48,0,2,1,2,0,3,4,0,0,15,50,0,4026,4026,8,0,40,1,0,0,0,0
1228149,3,2020,2020,7,3,5,9,36,58,32,0,1,1,-34.408843,150.897358,80,0,2,1,3,0,0,0,2,0,7,60,1,1391,1391,1,5,36,3,0,0,0,0
1228160,3,2020,2020,3,4,6,13,31,55,34609,0,1,1,-36.240544,149.128803,65,2,1,1,3,2,0,0,2,0,7,50,0,9859,9859,1,30,0,2,0,0,0,0
1228177,3,2020,2020,7,0,2,169,27,22,12,0,1,1,-33.447522,150.885737,71,0,2,1,0,0,0,0,0,0,7,50,1,945,945,5,0,40,1,0,0,0,0
1228181,3,2020,2020,7,5,7,70,27,84,35,0,1,9,-33.807854,150.987189,54,0,2,1,0,0,0,0,2,2,7,50,1,14295,14295,3,33,25,3,0,0,0,0
1228183,3,2020,2020,3,5,8,15,31,87,34609,0,1,1,-34.045752,151.149395,68,0,2,1,1,0,0,0,2,0,7,50,0,4026,4026,8,10,40,2,0,0,0,0
1228191,3,2020,2020,7,4,2,4,1,102,34609,0,1,1,-33.956863,151.235846,59,0,2,1,2,0,0,0,0,0,7,50,0,1282,1282,1,33,13,2,0,0,0,0
1228200,3,2020,2020,7,0,5,13,27,10,14,0,1,1,-33.782055,149.327968,3,1,0,0,0,0,0,0,2,0,7,100,1,2585,4009,8,3,40,1,0,0,0,0
1228213,3,2020,2020,3,3,7,19,27,22,122,0,1,2,-34.52049,150.871519,80,0,2,1,1,0,0,0,2,0,7,80,2,14295,14295,3,5,41,2,0,0,0,0
1228217,3,2020,2020,7,1,5,112,27,370,256,0,1,10,-34.057146,150.82409,13,0,2,1,1,0,0,0,2,2,7,60,2,5929,5929,1,9,5,2,0,0,0,0
1228219,3,2020,2020,3,2,6,866,17,314,793,0,1,2,-33.848185,150.946708,21,0,2,1,2,0,3,4,2,0,7,70,2,1383,1383,1,33,13,2,0,0,0,0
1228225,3,2020,2020,7,2,0,3371,17,35,3342,0,1,2,-29.952224,153.120732,18,1,0,1,0,0,0,0,0,0,7,110,2,9859,9859,8,33,40,1,0,0,0,0
1228263,3,2020,2020,0,6,9,127,27,182,169,0,1,9,-32.828712,151.394012,17,2,1,1,3,0,0,0,2,0,0,80,2,926,926,4,5,5,2,0,0,0,0
1228264,3,2020,2020,7,1,0,481,17,155,483,0,1,9,-33.129514,148.172432,53,2,1,0,3,0,3,4,0,0,7,50,2,4552,5151,8,30,40,1,0,0,0,0
1228268,3,2020,2020,4,0,7,3371,17,58,3342,0,1,2,-32.791745,151.724381,57,2,1,1,3,0,0,3,2,0,7,80,2,14295,14295,3,10,0,3,0,0,0,0
1228280,3,2020,2020,3,6,10,3371,17,44,3342,0,1,7,-30.627519,152.972614,47,2,1,1,3,0,0,0,0,0,0,60,2,489,489,8,5,40,1,0,0,0,0
1228285,3,2020,2020,4,3,5,35,27,74,34609,0,1,4,-33.758861,150.669181,55,0,2,0,0,0,0,0,2,0,7,50,0,2585,4009,1,5,0,2,0,0,0,0
1228288,3,2020,2020,3,6,4,127,27,135,103,0,1,9,-32.89244,151.729959,48,0,2,1,3,0,0,0,2,0,0,60,1,515,515,1,3,5,2,0,0,0,0
1228301,3,2020,2020,7,5,10,53,31,67,125,0,1,9,-33.881668,151.007065,15,0,2,1,3,0,0,0,0,0,7,60,1,489,489,8,30,40,1,0,0,0,0
1228319,3,2020,2020,7,2,6,2209,17,40,2205,0,1,2,-34.698822,150.841899,35,2,1,0,3,0,3,4,2,0,7,80,2,2585,4009,8,5,40,2,0,0,0,0
1228320,3,2020,2020,7,4,5,2209,17,115,2205,0,1,2,-33.913146,151.178783,32,0,2,1,3,0,3,4,2,0,7,60,2,9859,9859,1,8,19,7,0,0,0,0
1228328,3,2020,2020,0,4,8,98,27,128,382,0,1,1,-33.639389,150.78372,55,0,2,1,3,0,3,4,2,0,7,50,2,4026,4026,8,10,40,3,0,0,0,0
1228329,3,2020,2020,7,2,10,2126,17,283,2149,0,1,10,-33.827598,151.004833,54,0,2,1,3,0,3,4,0,2,7,60,2,14295,14295,3,10,5,2,0,0,0,0
1228330,3,2020,2020,7,4,3,7,27,24,7,0,1,1,-32.034308,149.875632,73,1,0,1,3,0,3,4,2,0,7,100,1,9859,9859,8,5,40,1,0,0,0,0
1228333,3,2020,2020,0,6,6,85,27,72,145,0,1,9,-33.799075,151.053967,54,0,2,1,3,0,3,4,2,0,0,70,2,14295,14295,3,8,10,2,0,0,0,0
1228334,3,2020,2020,7,2,8,2261,17,75,2252,0,1,9,-33.886516,151.109947,9,0,2,1,3,0,0,0,2,0,15,60,2,5929,5929,1,0,5,2,0,0,0,0
1228338,3,2020,2020,7,5,8,177,31,314,208,0,1,7,-33.860453,150.927901,24,0,2,0,3,0,3,0,2,0,7,70,1,301,301,4,0,5,2,0,0,0,0
1228339,3,2020,2020,7,2,6,95,27,14,605,0,1,9,-33.647744,151.326934,50,0,2,0,3,0,0,0,2,0,7,60,1,1391,1391,1,30,5,2,0,0,0,0
1228342,3,2020,2020,0,6,7,2126,17,438,2149,0,1,10,-33.840236,151.033448,21,0,2,1,3,0,0,0,2,0,0,60,2,14295,14295,3,9,0,2,0,0,0,0
1228344,3,2020,2020,4,0,8,2261,17,74,2252,0,1,3,-34.077374,150.774185,13,0,2,1,3,0,0,0,2,0,7,110,2,14295,14295,3,8,13,2,0,0,0,0
1228347,3,2020,2020,7,2,6,111,27,16,233,0,1,9,-33.925185,151.227893,4,0,2,0,3,0,0,0,2,2,7,60,2,14295,14295,3,5,5,2,0,0,0,0
1228349,3,2020,2020,0,6,7,251,27,64,212,0,1,10,-33.760794,151.216689,50,0,2,0,3,0,0,0,2,3,7,70,2,14295,14295,3,10,41,3,0,0,0,0
1228352,3,2020,2020,7,2,7,150,27,309,415,0,1,9,-33.807152,151.109487,61,0,2,1,3,0,0,0,2,0,0,70,2,515,515,1,5,33,3,0,0,0,0
1228355,3,2020,2020,7,3,4,133,10,7,121,0,1,1,-31.64066,152.815677,56,2,1,1,3,0,3,3,2,0,7,50,1,1981,1981,4,5,5,2,0,0,0,0
1228357,3,2020,2020,7,5,8,22,31,135,101,0,1,10,-32.894706,151.739667,48,0,2,1,3,0,0,0,2,0,15,60,2,5929,5929,1,30,0,3,0,0,0,0
1228359,3,2020,2020,7,5,10,2209,17,40,2205,0,1,2,-34.698541,150.842958,35,2,1,0,3,0,3,4,0,0,7,80,2,1957,4009,8,5,40,1,0,0,0,0
1228360,3,2020,2020,7,4,3,71,27,14,69,0,1,1,-36.404656,148.651102,65,1,0,1,3,0,0,0,2,0,7,100,2,9859,9859,8,0,40,1,0,0,0,0
1228361,3,2020,2020,0,0,7,14,27,85,34609,0,1,10,-33.903763,150.87619,41,0,2,1,3,0,0,3,2,2,7,50,0,14295,14295,3,5,13,2,0,0,0,0
1228363,3,2020,2020,7,6,5,19,27,143,34609,0,1,10,-33.877,151.107168,9,0,2,1,3,0,0,0,2,0,9,50,0,6545,6545,4,5,0,2,0,0,0,0
1228371,3,2020,2020,7,4,4,110,27,113,48,0,1,2,-34.356379,150.857401,80,0,2,0,3,0,0,0,2,0,7,100,2,1391,1391,1,5,40,2,0,0,0,0
1228373,3,2020,2020,7,0,9,162,31,53,34609,1,0,10,-33.846401,150.96582,21,0,2,1,3,0,3,4,3,0,0,50,0,6545,6545,4,0,5,2,0,0,0,0
1228374,3,2020,2020,7,2,4,78,17,34,58,0,1,1,-34.969672,149.030134,82,2,1,1,3,0,3,3,2,0,7,50,2,14295,14295,3,10,10,3,0,0,0,0
1228375,3,2020,2020,7,4,7,45,31,204,331,0,1,9,-33.938431,151.15162,4,0,2,1,3,0,0,0,2,2,15,60,2,395,395,1,10,40,2,0,0,0,0
1228377,3,2020,2020,0,4,11,12,2,23,34609,0,1,7,-32.876511,151.638508,48,0,2,0,3,0,3,4,0,0,7,60,0,2585,4009,8,5,40,1,0,0,0,0
1228378,3,2020,2020,0,4,6,308,14,127,311,0,1,3,-33.834973,150.856263,24,0,2,1,3,0,0,0,2,0,7,100,2,1192,1192,1,10,2,2,0,0,0,0
1228387,3,2020,2020,3,5,3,60,27,147,69,1,0,10,-33.869646,151.122307,14,0,2,1,1,0,0,0,2,3,7,60,2,3775,3775,0,30,0,2,0,0,0,0
1228399,3,2020,2020,4,5,11,12,27,15,34609,0,1,1,-29.504509,153.246068,18,1,0,1,0,0,3,4,0,0,7,100,0,4026,4026,8,9,40,1,0,0,0,0
1228402,3,2020,2020,7,3,6,8,27,10,9,0,1,1,-30.742787,152.918935,47,1,0,0,3,0,3,3,2,0,7,100,1,1957,4009,8,9,40,1,0,0,0,0
1228416,3,2020,2020,7,0,11,916,17,12,917,0,1,2,-32.652754,151.270081,64,1,0,1,0,0,0,0,0,0,7,100,2,9859,9859,8,5,40,1,0,0,0,0
1228420,3,2020,2020,3,2,7,2209,17,40,2205,0,1,2,-34.711463,150.84094,35,2,1,0,3,0,3,4,2,0,7,80,2,1259,5151,8,10,40,1,0,0,0,0
1228423,3,2020,2020,3,0,3,196,10,166,168,0,1,10,-33.944122,150.98247,15,0,2,1,1,0,3,4,2,2,7,60,2,5929,5929,1,5,5,2,0,0,0,0
1228441,3,2020,2020,7,0,0,3371,17,13,3342,0,1,2,-30.892646,152.931046,34,1,0,1,3,0,0,3,0,0,7,110,2,4026,4026,8,3,40,1,0,0,0,0
1228444,3,2020,2020,0,4,3,48,27,1,62,0,1,1,-35.383303,148.129941,66,1,0,1,3,0,3,4,2,0,7,100,2,9859,9859,8,10,40,1,0,0,0,0
1228445,3,2020,2020,3,0,10,85,27,53,145,0,1,9,-33.801504,151.04013,54,0,2,1,3,0,0,0,0,2,7,60,2,9859,9859,8,0,40,1,0,0,0,0
1228446,3,2020,2020,7,0,4,2209,17,68,2205,0,1,9,-34.090425,151.004256,68,0,2,1,1,0,0,0,2,0,7,60,2,9859,9859,8,0,40,1,0,0,0,0
1228448,3,2020,2020,7,3,0,2,18,13,34609,0,1,9,-32.789713,151.679589,42,2,1,0,3,0,3,4,0,0,0,50,0,1957,4009,8,5,40,1,0,0,0,0
1228449,3,2020,2020,0,4,4,89,36,14,4,0,1,1,-33.204858,146.358726,51,1,0,0,3,0,3,3,2,0,7,100,1,1957,4009,8,5,40,1,0,0,0,0
1228453,3,2020,2020,7,0,9,149,10,85,34609,1,0,1,-33.784943,150.679273,55,0,2,1,3,0,0,0,2,0,7,50,0,1391,1391,1,5,5,2,0,0,0,0
1228454,3,2020,2020,7,5,7,3371,17,147,3342,0,1,9,-33.750786,151.147292,36,0,2,1,3,0,0,3,2,2,7,60,2,5929,5929,1,3,5,2,0,0,0,0
1228455,3,2020,2020,7,1,3,866,17,77,793,0,1,2,-33.732717,151.078221,31,0,2,0,3,0,3,2,1,0,7,70,2,14295,14295,3,9,13,3,0,0,0,0
1228456,3,2020,2020,7,0,8,37,31,523,198,0,1,1,-33.926082,150.923196,41,0,2,1,3,0,0,3,2,0,7,60,2,1109,787,1,10,5,2,0,0,0,0
1228458,3,2020,2020,7,1,3,4,31,104,148,0,1,10,-32.913786,151.708744,48,0,2,1,3,0,0,0,2,0,0,60,1,217,217,1,5,13,2,0,0,0,0
1228461,3,2020,2020,7,0,4,515,14,243,518,0,1,3,-33.938316,150.913784,41,0,2,1,3,0,0,0,2,0,7,100,2,9859,9859,8,5,40,1,0,0,0,0
1228462,3,2020,2020,7,2,6,13,27,239,34609,0,1,9,-34.033649,151.125308,68,0,2,1,3,0,0,0,2,0,7,50,0,1109,787,1,0,5,2,0,0,0,0
1228464,3,2020,2020,7,6,8,30,31,85,35,0,1,2,-34.57219,150.77547,62,0,2,1,3,0,0,0,3,0,7,60,1,1981,1981,4,0,0,2,0,0,0,0
1228465,3,2020,2020,7,5,3,515,14,294,518,0,1,3,-33.939485,150.923484,41,0,2,1,3,0,0,0,1,0,7,100,2,14295,14295,3,10,0,3,0,0,0,0
1228469,3,2020,2020,7,2,7,14,27,11,34609,0,1,1,-34.507628,150.782314,80,0,2,1,3,0,0,0,2,0,7,50,0,945,945,5,5,40,1,0,0,0,0
1228470,3,2020,2020,7,5,10,7,27,61,34609,0,1,1,-33.828926,150.675483,55,0,2,1,3,0,0,0,0,0,7,70,0,3775,3775,0,5,13,2,0,0,0,0
1228471,3,2020,2020,0,4,2,132,31,252,126,0,1,10,-33.891544,151.21272,69,0,2,1,3,0,0,0,0,2,6,50,2,5929,5929,1,9,12,2,0,0,0,0
1228472,3,2020,2020,7,6,3,2209,17,68,2205,0,1,6,-34.079809,151.010514,68,0,2,0,3,0,0,0,1,2,9,50,2,14295,14295,3,5,5,2,0,0,0,0
1228475,3,2020,2020,7,5,5,193,7,147,34609,0,1,1,-33.742593,151.142119,36,0,2,1,3,0,0,3,2,0,7,50,0,4026,4026,8,8,40,1,0,0,0,0
1228476,3,2020,2020,7,4,8,3371,17,463,3342,0,1,2,-30.273931,153.134074,19,2,1,0,3,0,3,4,2,0,7,60,2,14295,14295,3,8,5,2,0,0,0,0
1228477,3,2020,2020,7,6,2,22,31,337,34609,0,1,1,-33.731832,151.005305,71,0,2,1,3,0,0,0,1,0,7,50,0,623,623,3,5,40,2,0,0,0,0
1228481,3,2020,2020,7,0,7,5,27,52,34609,0,1,2,-33.700465,150.927619,7,0,2,1,3,0,0,3,2,0,7,50,0,1282,1282,1,8,36,2,0,0,0,0
1228484,3,2020,2020,7,5,9,4,27,6,34609,0,1,1,-35.522858,149.232085,58,1,0,1,3,0,0,0,3,0,7,100,0,84,84,6,5,40,1,0,0,0,0
1228486,3,2020,2020,0,6,4,191,17,562,189,0,1,7,-32.241263,148.622251,22,2,1,1,3,0,0,0,2,0,0,60,2,6545,6545,4,5,5,2,0,0,0,0
1228490,3,2020,2020,7,2,3,64,27,175,284,0,1,10,-33.77116,151.080268,54,0,2,1,3,0,0,0,2,2,8,60,2,5929,5929,1,5,5,2,0,0,0,0
1228492,3,2020,2020,7,5,3,13,1,42,34609,1,0,1,-33.917821,150.898779,41,0,2,1,3,0,3,4,1,0,7,50,0,9859,9859,1,5,5,2,0,0,0,0
1228499,3,2020,2020,3,3,7,1,25,55,34609,0,1,9,-36.213376,149.128849,65,2,1,1,1,0,0,0,2,0,7,50,0,175,188,8,9,40,1,0,0,0,0
1228509,3,2020,2020,7,5,7,19,31,13,40,0,1,7,-33.769082,151.29407,50,0,2,1,1,0,0,0,2,0,7,50,1,4552,985,8,30,40,2,0,0,0,0
1228513,3,2020,2020,3,5,8,31,27,17,41,0,1,1,-33.711651,151.147513,36,0,2,1,3,0,0,0,2,0,7,50,1,9859,9859,1,5,0,2,0,0,0,0
1228523,3,2020,2020,3,3,10,4,7,2,34609,0,1,9,-36.304146,150.129584,23,2,1,1,0,0,0,0,0,0,7,50,0,9859,9859,1,0,5,2,0,0,0,0
1228532,3,2020,2020,7,2,10,15,1,9,34609,1,0,9,-33.14967,151.537931,16,2,2,1,2,0,0,0,0,0,7,50,0,475,475,5,5,40,1,0,0,0,0
1228553,3,2020,2020,7,3,0,2126,17,78,2149,0,1,1,-33.866686,151.094123,14,0,2,1,2,0,0,0,0,0,7,60,2,9859,9859,8,0,40,1,0,0,0,0
1228559,3,2020,2020,7,2,2,2209,17,76,2205,0,1,2,-35.357991,150.47417,63,2,1,1,2,0,0,0,0,0,7,60,2,9859,9859,8,5,40,1,0,0,0,0
1228566,3,2020,2020,4,5,4,3,31,43,34609,0,1,1,-32.552543,148.951442,22,2,1,1,1,0,0,0,2,0,7,50,0,4026,4026,8,5,40,1,0,0,0,0
1228567,3,2020,2020,7,3,2,39,27,169,147,0,1,1,-28.63794,153.590035,10,2,1,1,2,0,3,0,0,0,7,60,1,4026,4026,8,5,40,1,0,0,0,0
1228570,3,2020,2020,7,2,10,193,31,106,34609,0,1,1,-33.672067,151.298606,50,0,2,1,2,0,3,4,0,0,7,50,0,4026,4026,1,0,36,2,0,0,0,0
1228590,3,2020,2020,7,6,7,11,27,9,34609,0,1,1,-33.161071,151.528793,16,2,2,0,1,0,0,0,2,0,7,80,0,4552,5151,8,5,40,1,0,0,0,0
1228602,3,2020,2020,7,6,11,7,2,12,34609,0,1,2,-33.136953,151.558447,16,2,2,0,2,0,3,4,0,0,7,50,0,782,957,5,0,40,2,0,0,0,0
1228619,3,2020,2020,7,0,11,1104,11,532,770,0,1,6,-33.872743,151.202326,69,0,2,0,2,0,0,0,0,0,7,50,2,4552,5151,8,5,40,1,0,0,0,0
1228622,3,2020,2020,0,4,6,1,27,61,34609,0,1,1,-32.92284,151.726226,48,0,2,1,3,0,0,0,2,0,7,50,0,1981,1981,4,9,5,2,0,0,0,0
1228624,3,2020,2020,7,1,11,46,1,443,34609,0,1,7,-33.901546,151.048737,15,0,2,1,3,0,0,0,0,0,0,60,0,6545,6545,4,0,13,2,0,0,0,0
1228653,3,2020,2020,7,0,10,7,31,290,34609,0,1,1,-33.856321,150.987647,21,0,2,1,0,0,0,0,0,0,7,50,0,43,43,3,33,0,3,0,0,0,0
1228662,3,2020,2020,7,4,8,3371,17,83,3342,0,1,2,-30.085003,153.171648,19,1,0,0,0,0,3,4,2,0,7,110,2,418,714,5,34,40,1,0,0,0,0
1228664,3,2020,2020,7,6,4,3371,17,31,3342,0,1,10,-30.336114,153.079836,19,2,1,1,0,0,3,3,2,0,15,60,2,6545,6545,4,5,0,2,0,0,0,0
1228668,3,2020,2020,7,2,8,194,31,157,769,1,0,9,-33.794608,151.000703,54,0,2,1,1,0,0,0,2,0,0,60,2,1981,1981,4,9,0,2,0,0,0,0
1228670,3,2020,2020,7,4,8,11,27,29,25,0,1,9,-33.475529,151.435143,16,2,2,0,0,0,0,0,2,0,7,50,1,14295,14295,3,9,5,2,0,0,0,0
1228709,3,2020,2020,7,5,9,5,27,4,34609,0,1,1,-35.115845,149.054976,82,1,0,0,0,0,0,0,3,0,7,100,0,1957,4009,8,34,40,1,0,0,0,0
1228724,3,2020,2020,7,4,10,3,1,18,34609,0,1,1,-34.505513,150.808187,80,0,2,1,2,0,3,3,0,0,7,50,0,9859,9859,8,30,40,1,0,0,0,0
1228733,3,2020,2020,7,3,0,8,10,107,34609,1,0,1,-33.272137,151.425226,16,2,2,1,2,0,3,4,0,0,7,50,0,475,475,5,5,40,1,0,0,0,0
1228735,3,2020,2020,7,1,7,6,27,98,34609,0,1,9,-33.76112,151.056954,54,0,2,1,1,0,0,0,2,0,15,50,0,6545,6545,4,5,0,2,0,0,0,0
1228739,3,2020,2020,7,3,1,85,31,198,34609,0,1,1,-33.903781,151.108133,15,0,2,1,2,0,3,4,0,0,7,50,0,4026,4026,1,10,3,3,0,0,0,0
1228743,3,2020,2020,7,5,9,12,27,11,34609,0,1,1,-33.937505,150.677357,41,0,2,0,1,0,0,0,3,0,7,80,0,3775,3775,0,10,0,2,0,0,0,0
1228746,3,2020,2020,7,5,8,113,27,104,111,0,1,9,-33.788276,150.77038,55,0,2,1,0,0,0,0,2,2,7,60,2,14295,14295,3,10,5,3,0,0,0,0
1228749,3,2020,2020,7,5,8,3371,17,40,3342,0,1,2,-32.034109,152.464821,43,1,0,0,0,0,0,0,2,0,7,110,2,4552,5151,8,3,40,1,0,0,0,0
1228755,3,2020,2020,7,0,10,1,25,28,34609,0,1,1,-34.091314,150.797746,13,0,2,1,2,0,0,0,0,0,7,50,0,489,489,8,30,40,1,0,0,0,0
1228780,3,2020,2020,7,6,6,481,17,562,483,0,1,10,-32.24907,148.592544,22,2,1,1,1,0,0,0,2,0,7,60,2,1669,1669,3,5,13,2,0,0,0,0
1228783,3,2020,2020,7,5,0,112,27,16,769,0,1,1,-33.559994,150.701985,29,2,2,1,0,0,0,0,0,0,7,80,2,4026,4026,8,5,40,1,0,0,0,0
1228785,3,2020,2020,7,0,7,213,17,7,213,0,1,1,-29.630154,152.735892,18,1,0,0,0,0,0,0,2,0,7,100,2,4552,5151,8,10,40,1,0,0,0,0
1228792,3,2020,2020,7,5,3,43,1,169,16,0,1,9,-33.75967,150.841292,7,0,2,1,2,0,0,0,2,0,7,60,2,926,926,4,0,5,2,0,0,0,0
1228795,3,2020,2020,7,2,1,6,31,226,34609,0,1,1,-33.761521,150.819529,7,0,2,1,0,0,0,0,0,0,7,50,0,4026,4026,1,5,5,2,0,0,0,0
1228796,3,2020,2020,7,2,10,6,31,83,34609,0,1,1,-33.911238,151.111714,15,0,2,1,2,0,3,4,0,0,7,50,0,9859,9859,1,5,5,3,0,0,0,0
1228802,3,2020,2020,4,6,2,1,10,26,34609,0,1,1,-33.751975,150.88264,7,0,2,1,2,0,0,0,0,0,9,50,0,9859,9859,8,0,40,1,0,0,0,0
1228830,3,2020,2020,4,1,3,3,27,164,34609,0,1,1,-33.722915,150.905287,7,0,2,0,3,0,0,0,1,0,7,50,0,4552,5151,1,5,5,2,0,0,0,0
1228831,3,2020,2020,4,5,11,3,25,11,34609,0,1,9,-33.484705,151.440551,16,2,2,1,3,0,0,0,0,0,7,50,0,1945,1945,5,5,40,1,0,0,0,0
1228848,3,2020,2020,7,1,2,485,27,187,769,0,1,1,-33.779081,150.998436,54,0,2,1,2,0,0,0,0,0,7,60,2,9859,9859,8,5,40,3,0,0,0,0
1228849,3,2020,2020,7,4,4,34,27,53,34609,0,1,10,-35.133351,147.361138,75,2,1,1,3,0,0,0,2,0,0,50,0,926,926,4,5,0,2,0,0,0,0
1228851,3,2020,2020,7,0,9,2,7,86,34609,0,1,1,-33.753262,150.934809,7,0,2,0,3,0,0,0,2,0,7,50,0,4552,5151,8,5,40,1,0,0,0,0
1228855,3,2020,2020,0,6,11,10,27,41,52,0,1,1,-30.351699,153.091387,19,2,1,0,2,0,0,0,0,0,7,50,1,4552,5151,1,5,5,4,0,0,0,0
1228864,3,2020,2020,7,1,10,46,31,273,34609,1,0,1,-34.421818,150.896355,80,0,2,1,2,0,0,3,0,0,7,50,0,9859,9859,1,10,41,4,0,0,0,0
1228873,3,2020,2020,3,5,2,5,7,23,34609,0,1,1,-33.724875,150.813312,7,0,2,1,2,0,0,0,0,0,7,50,0,9859,9859,8,5,40,2,0,0,0,0
1228875,3,2020,2020,7,5,5,866,17,523,793,0,1,9,-33.910233,150.918793,41,0,2,1,3,0,0,0,2,3,7,50,2,14295,14295,3,30,5,2,0,0,0,0
1228876,3,2020,2020,3,1,2,205,27,106,415,0,1,2,-33.679117,151.302456,50,0,2,0,0,0,3,1,0,0,7,50,2,2585,4009,8,10,40,1,0,0,0,0
1228885,3,2020,2020,7,1,10,97,17,17,88,0,1,2,-34.857348,149.549246,26,1,0,1,3,0,0,0,0,0,7,110,2,1089,1089,7,5,40,1,0,0,0,0