Crash ID,Degree of crash - detailed,Reporting year,Year of crash,Month of crash,Day of week of crash,Two-hour intervals,Street of crash,Street type,Town,Route no.,School zone location,School zone active,Type of location,Latitude,Longitude,LGA,Urbanisation,Conurbation 1,Alignment,Street lighting,Road surface,Surface condition,Weather,Natural lighting,Signals operation,Other traffic control,Speed limit,Road classification,RUM - code,DCA - code,First impact type,Key TU type,Other TU type,No. of traffic units involved,No. killed,No. seriously injured,No. moderately injured,No. minor-other injured
1228918,3,2020,2020,7,0,11,3371,17,32,3342,0,1,2,-32.384865,152.26143,43,1,0,1,0,0,0,0,0,0,7,110,2,9859,9859,8,5,40,1,0,0,0,0
1228922,3,2020,2020,3,6,0,149,36,10,113,0,1,1,-32.380264,152.448306,43,2,1,0,0,0,3,3,0,0,7,80,1,2585,4009,8,5,40,1,0,0,0,0
1228927,3,2020,2020,7,2,0,7,27,87,34609,0,1,1,-33.686329,150.959116,71,0,2,1,2,0,0,0,0,0,7,50,0,9859,9859,1,5,5,2,0,0,0,0
1228971,3,2020,2020,7,3,10,829,27,159,770,0,1,2,-33.806083,151.079328,61,0,2,1,2,0,0,0,0,0,7,70,2,3775,3775,0,33,5,2,0,0,0,0
1228973,3,2020,2020,7,3,0,2,27,112,34609,0,1,9,-36.069559,146.936792,0,2,1,1,2,0,0,0,0,0,7,50,0,4552,985,8,5,40,1,0,0,0,0
1229032,3,2020,2020,0,1,10,41,10,316,34609,0,1,1,-31.460795,152.924498,56,2,1,0,2,0,0,0,0,0,7,50,0,4552,5151,1,5,34,2,0,0,0,0
1229045,3,2020,2020,7,0,8,3371,17,83,3342,0,1,2,-30.098347,153.169058,19,1,0,1,0,0,3,4,2,0,7,110,2,9859,9859,8,5,40,1,0,0,0,0
1229046,3,2020,2020,7,1,0,1,31,194,34609,0,1,1,-30.499154,151.636288,1,2,1,0,2,0,0,0,0,0,7,50,0,2585,4009,8,34,40,1,0,0,0,0
1229049,3,2020,2020,7,0,11,225,17,85,180,1,0,1,-34.571532,150.765545,62,0,2,1,2,0,0,0,0,0,7,60,2,9859,9859,1,0,12,3,0,0,0,0
1229051,3,2020,2020,4,1,10,9,27,96,34609,0,1,1,-33.439708,151.390914,16,2,2,1,2,0,3,4,0,0,7,50,0,9859,9859,8,0,40,1,0,0,0,0
1229053,3,2020,2020,7,4,1,1,27,80,34609,0,1,1,-34.572757,146.421931,51,2,1,0,0,0,0,0,0,0,7,60,0,782,957,5,10,40,1,0,0,0,0
1229058,3,2020,2020,7,2,4,2126,17,22,2149,0,1,1,-33.567545,150.204409,40,2,1,1,0,0,0,0,2,0,7,80,2,9859,9859,8,0,40,1,0,0,0,0
1229074,3,2020,2020,7,0,8,4,1,80,34609,0,1,7,-34.544695,146.40738,51,2,1,1,3,0,0,0,3,0,0,50,0,6545,6545,4,0,0,2,0,0,0,0
1229076,3,2020,2020,0,6,5,334,17,15,308,1,0,10,-31.699773,147.836745,51,2,1,1,3,0,0,0,2,0,7,50,2,1669,1669,3,10,5,2,0,0,0,0
1229086,3,2020,2020,0,2,10,361,31,155,231,0,1,2,-33.485998,151.323509,16,2,2,0,2,0,0,0,0,0,7,60,2,2585,4009,8,5,40,1,0,0,0,0
1229088,3,2020,2020,0,0,11,62,10,91,169,0,1,2,-32.809922,151.648154,48,0,2,0,3,0,3,3,0,0,7,80,2,4552,5151,8,5,40,1,0,0,0,0
1229090,3,2020,2020,0,6,4,2209,17,67,2205,0,1,9,-34.425545,150.874473,80,0,2,1,3,0,0,3,2,0,7,60,2,14295,14295,3,8,5,2,0,0,0,0
1229091,3,2020,2020,0,6,8,361,32,134,65,0,1,1,-33.685863,150.86418,7,0,2,1,3,0,0,0,2,0,7,60,1,9859,9859,1,5,5,2,0,0,0,0
1229092,3,2020,2020,0,4,7,280,10,237,240,0,1,9,-33.864684,150.954791,24,0,2,1,3,0,3,4,2,0,0,60,2,14295,14295,3,5,0,2,0,0,0,0
1229093,3,2020,2020,7,6,3,229,14,323,237,0,1,6,-33.766109,150.964512,71,0,2,0,3,0,0,0,2,0,7,50,2,14295,14295,3,10,12,2,0,0,0,0
1229095,3,2020,2020,3,2,6,16,27,35,34609,0,1,10,-28.811713,153.260944,39,2,1,1,3,0,0,0,2,0,0,50,0,6545,6545,4,5,41,2,0,0,0,0
1229096,3,2020,2020,0,4,5,2261,2,55,34609,0,1,10,-33.367401,151.464508,16,2,2,1,3,0,0,0,2,0,15,50,0,6545,6545,4,5,0,2,0,0,0,0
1229098,3,2020,2020,0,2,4,114,27,22,65,0,1,1,-33.395433,151.01489,16,2,2,0,3,0,3,4,2,0,7,80,1,4552,5151,8,0,40,1,0,0,0,0
1229100,3,2020,2020,0,0,11,1,4,70,34609,0,1,9,-34.835748,150.609083,63,2,1,1,3,0,3,4,0,0,7,60,0,9859,9859,1,5,0,3,0,0,0,0
1229107,3,2020,2020,0,5,6,387,27,290,331,0,1,9,-33.952801,151.121246,4,0,2,0,3,0,0,0,2,0,7,60,2,1957,4009,8,30,40,1,0,0,0,0
1229109,3,2020,2020,0,4,7,11,27,7,34609,0,1,9,-37.198705,149.600329,5,1,0,0,3,0,3,4,2,0,7,100,0,1850,1463,5,9,40,1,0,0,0,0
1229110,3,2020,2020,7,4,6,28,31,225,34609,0,1,7,-33.800291,151.183616,77,0,2,1,3,0,0,0,2,0,0,50,0,301,301,4,5,36,2,0,0,0,0
1229111,3,2020,2020,0,4,5,485,27,50,769,0,1,9,-33.631633,150.843904,29,2,2,1,3,0,0,0,2,2,7,80,2,623,623,3,5,13,2,0,0,0,0
1229112,3,2020,2020,7,3,10,2,31,138,34609,0,1,1,-33.872038,151.277008,76,0,2,1,3,0,0,0,0,0,7,50,0,9859,9859,1,5,5,4,0,0,0,0
1229114,3,2020,2020,0,6,3,53,31,67,125,0,1,10,-33.883709,151.006729,15,0,2,1,3,0,0,3,1,2,7,60,1,6545,6545,4,5,5,2,0,0,0,0
1229117,3,2020,2020,0,1,9,1,27,5,5,0,1,1,-31.845128,148.169606,51,1,0,0,3,0,3,0,0,0,7,100,1,1957,4009,8,34,40,1,0,0,0,0
1229119,3,2020,2020,0,6,7,225,17,50,180,0,1,1,-34.566762,150.663431,62,0,2,0,3,0,3,0,2,0,7,60,2,3775,3775,0,10,13,2,0,0,0,0
1229122,3,2020,2020,0,4,6,2209,17,176,2205,1,0,9,-33.964314,151.137121,25,0,2,1,3,0,0,3,2,2,7,60,2,14295,14295,3,5,5,3,0,0,0,0
1229127,3,2020,2020,0,4,11,2,1,290,34609,0,1,1,-33.858588,150.995411,21,0,2,1,3,0,0,0,0,0,7,50,0,248,248,1,0,5,2,0,0,0,0
1229130,3,2020,2020,0,1,6,81,31,133,80,0,1,1,-33.930503,151.011527,15,0,2,1,3,0,0,0,2,0,7,60,2,1282,1282,1,5,0,2,0,0,0,0
1229132,3,2020,2020,0,6,7,6,27,2,34609,0,1,1,-33.410605,150.778534,29,2,2,1,3,2,3,3,2,0,7,70,0,9859,9859,8,5,40,1,0,0,0,0
1229133,3,2020,2020,0,4,8,346,17,35,332,0,1,1,-28.821736,153.265171,39,2,1,1,3,0,0,0,2,0,7,60,2,14295,14295,3,5,36,3,0,0,0,0
1229135,3,2020,2020,0,6,2,48,27,14,26,0,1,1,-34.812323,149.685097,26,1,0,1,3,0,0,0,0,0,7,100,2,1089,1089,7,5,40,1,0,0,0,0
1229137,3,2020,2020,0,6,8,866,17,98,793,0,1,2,-33.738598,151.07343,31,0,2,0,3,0,0,0,3,0,7,70,2,1192,1192,1,9,12,2,0,0,0,0
1229139,3,2020,2020,7,5,1,5,10,67,34609,0,1,1,-33.705781,150.906126,7,0,2,1,2,0,0,0,0,0,7,50,0,9859,9859,8,5,40,1,0,0,0,0
1229141,3,2020,2020,7,5,7,45,1,294,26,0,1,9,-33.937067,150.925751,41,0,2,1,1,0,0,0,2,0,7,60,2,515,515,1,29,5,2,0,0,0,0
1229150,3,2020,2020,0,2,7,82,31,363,369,0,1,10,-33.747036,150.714261,55,0,2,1,3,0,0,0,2,2,7,70,2,5929,5929,1,9,5,2,0,0,0,0
1229151,3,2020,2020,0,0,3,49,31,69,34609,0,1,7,-33.823453,151.016108,54,0,2,1,3,0,0,0,1,0,0,50,0,6545,6545,4,10,36,2,0,0,0,0
1229163,3,2020,2020,7,5,1,7,31,232,34609,0,1,1,-33.674867,150.919022,71,0,2,0,2,0,0,0,0,0,7,50,0,4552,5151,8,5,40,2,0,0,0,0
1229167,3,2020,2020,0,2,0,5,27,56,34609,0,1,1,-32.790943,151.287032,17,2,1,0,3,0,3,1,0,0,7,80,0,4552,5151,8,10,40,1,0,0,0,0
1229172,3,2020,2020,0,0,0,3,27,154,34609,1,0,1,-33.707807,150.955662,71,0,2,1,2,0,3,3,0,0,7,50,0,9859,9859,1,5,0,3,0,0,0,0
1229179,3,2020,2020,0,5,8,40,27,56,34609,0,1,1,-35.120845,147.378221,75,2,1,1,3,0,0,0,2,0,7,60,0,1850,1463,5,29,40,1,0,0,0,0
1229181,3,2020,2020,0,5,7,3,27,124,34609,1,0,1,-33.805693,151.037509,54,0,2,1,3,0,0,0,2,0,7,50,0,9859,9859,1,5,12,2,0,0,0,0
1229182,3,2020,2020,0,0,9,127,27,182,169,0,1,9,-32.828665,151.36361,17,2,1,1,3,0,3,4,3,0,7,60,2,5929,5929,1,5,0,2,0,0,0,0
1229185,3,2020,2020,0,1,5,8,27,54,34609,0,1,10,-33.622621,150.854054,29,2,2,1,3,0,0,0,2,0,0,70,0,6545,6545,4,5,0,2,0,0,0,0
1229188,3,2020,2020,0,5,9,82,31,179,369,0,1,10,-33.764073,150.709931,55,0,2,0,3,0,0,3,3,2,7,70,2,1391,1391,1,0,0,2,0,0,0,0
1229189,3,2020,2020,7,4,6,346,17,106,332,0,1,7,-28.871426,153.044271,60,2,1,1,3,0,0,0,2,0,0,50,2,1850,985,5,29,40,1,0,0,0,0
1229191,3,2020,2020,7,1,4,361,23,84,35,0,1,9,-33.88731,150.943314,24,0,2,1,3,0,0,0,2,2,7,60,1,395,395,1,10,5,2,0,0,0,0
1229196,3,2020,2020,0,6,9,3,1,64,34609,0,1,1,-33.75918,151.212778,50,0,2,1,0,0,0,0,3,0,7,40,0,9859,9859,1,33,5,2,0,0,0,0
1229208,3,2020,2020,0,4,0,13,27,128,34609,0,1,1,-33.424428,151.315054,16,2,2,0,0,0,3,4,0,0,7,50,0,4552,5151,8,5,40,1,0,0,0,0
1229211,3,2020,2020,0,0,7,36,31,56,70,0,1,9,-33.758315,150.780749,55,0,2,0,3,0,3,4,2,2,9,60,1,5929,5929,1,8,5,3,0,0,0,0
1229212,3,2020,2020,0,5,6,104,27,443,702,0,1,9,-33.915768,151.062943,15,0,2,0,3,0,0,0,2,2,7,60,2,5929,5929,1,5,12,3,0,0,0,0
1229214,3,2020,2020,7,1,4,9,27,96,34609,0,1,1,-33.439333,151.388294,16,2,2,1,3,0,3,4,2,0,7,50,0,9859,9859,8,5,40,1,0,0,0,0
1229222,3,2020,2020,4,5,7,4,31,293,34609,0,1,10,-33.943629,151.244131,59,0,2,0,0,0,0,0,2,0,7,50,0,4552,5151,1,5,12,2,0,0,0,0
1229241,3,2020,2020,4,1,3,21,36,18,34609,0,1,2,-30.953698,152.952388,34,1,0,0,0,0,0,0,2,0,7,100,0,2585,4009,8,5,40,1,0,0,0,0
1229293,3,2020,2020,7,3,11,51,27,57,34609,0,1,1,-34.570575,150.822294,62,0,2,1,2,0,0,0,0,0,7,50,0,489,489,5,30,40,1,0,0,0,0
1229300,3,2020,2020,4,2,5,17,1,646,11,0,1,9,-33.9244,151.034286,15,0,2,1,1,0,0,0,2,2,7,60,1,63,63,4,5,0,2,0,0,0,0
1229301,3,2020,2020,7,1,0,10,31,646,34609,0,1,9,-33.913447,151.037127,15,0,2,1,2,0,0,0,0,0,7,50,0,4026,4026,1,34,5,3,0,0,0,0
1229312,3,2020,2020,7,5,8,481,17,16,483,0,1,10,-35.485933,145.664537,51,1,0,1,3,2,0,0,3,0,0,110,2,1945,1945,5,10,40,1,0,0,0,0
1229341,3,2020,2020,3,0,2,81,31,133,80,0,1,1,-33.929526,151.01173,15,0,2,1,3,0,2,6,0,0,7,60,1,9859,9859,8,5,40,1,0,0,0,0
1229362,3,2020,2020,7,2,10,20,27,438,34609,0,1,1,-33.843705,151.037667,21,0,2,1,2,0,0,0,0,0,7,50,0,4026,4026,1,5,5,3,0,0,0,0
1229369,3,2020,2020,7,5,4,293,27,91,44,1,2,7,-33.993934,150.881578,13,0,2,1,1,0,0,0,2,0,7,40,1,3775,3775,0,5,5,3,0,0,0,0
1229375,3,2020,2020,0,5,7,74,27,609,48,0,1,9,-33.775256,150.891405,7,0,2,1,3,0,0,0,2,1,9,60,1,5929,5929,1,0,13,2,0,0,0,0
1229378,3,2020,2020,7,6,8,280,10,237,240,1,0,2,-33.86664,150.956051,24,0,2,1,3,0,3,4,2,0,7,60,2,14295,14295,3,5,0,3,0,0,0,0
1229379,3,2020,2020,0,4,6,8,31,293,34609,0,1,7,-33.925755,151.056992,15,0,2,1,3,0,0,3,2,0,0,50,0,6545,6545,4,5,0,2,0,0,0,0
1229384,3,2020,2020,7,5,8,12,1,123,25,0,1,9,-33.907308,151.225877,59,0,2,1,1,0,3,4,2,0,7,50,1,2852,2852,4,5,5,3,0,0,0,0
1229392,3,2020,2020,0,5,5,171,31,609,34609,0,1,9,-33.771221,150.909489,7,0,2,1,3,0,0,0,2,0,7,50,0,926,926,4,5,5,2,0,0,0,0
1229394,3,2020,2020,0,1,8,255,27,62,172,0,1,9,-32.924034,151.615846,37,0,2,1,3,0,0,0,2,2,9,60,2,14295,14295,3,5,5,2,0,0,0,0
1229396,3,2020,2020,0,6,7,2126,17,62,2149,0,1,2,-33.745507,150.611969,8,2,2,1,3,0,0,6,2,0,7,60,2,248,248,1,10,5,2,0,0,0,0
1229415,3,2020,2020,3,2,5,13,31,103,34609,0,1,10,-34.31123,148.293505,30,2,1,1,0,0,0,0,2,0,7,50,0,9859,9859,1,5,0,3,0,0,0,0
1229422,3,2020,2020,0,5,10,3,23,117,34609,0,1,1,-28.188097,153.526283,72,2,1,0,2,0,0,0,0,0,7,50,0,4552,5151,1,5,5,2,0,0,0,0
1229427,3,2020,2020,0,4,6,19,27,143,34609,0,1,10,-33.875383,151.107464,9,0,2,1,3,0,0,0,2,2,7,50,0,6545,6545,4,5,5,2,0,0,0,0
1229440,3,2020,2020,0,6,8,293,31,128,369,0,1,1,-33.618621,150.808008,29,2,2,1,3,0,3,4,2,0,7,60,2,84,84,6,34,40,2,0,0,0,0
1229451,3,2020,2020,0,4,1,251,27,64,212,0,1,2,-33.761122,151.207886,50,0,2,0,3,0,3,4,0,0,7,70,2,2585,4009,8,9,40,1,0,0,0,0
1229455,3,2020,2020,0,4,4,485,27,323,769,0,1,9,-33.750006,150.985992,71,0,2,1,3,0,0,0,2,2,7,60,2,1391,1391,1,5,0,3,0,0,0,0
1229461,3,2020,2020,0,0,9,10,27,460,34609,0,1,9,-33.838974,150.981558,21,0,2,1,2,0,3,3,0,0,7,50,0,1957,777,1,0,5,3,0,0,0,0
1229478,3,2020,2020,7,0,11,25,23,137,34609,0,1,1,-34.027953,151.060471,68,0,2,1,2,0,0,0,0,0,7,50,0,9859,9859,1,5,0,2,0,0,0,0
1229481,3,2020,2020,0,3,8,39,31,25,34609,0,1,2,-32.893286,151.6943,48,0,2,1,0,0,0,0,2,0,7,50,0,9859,9859,1,5,5,2,0,0,0,0
1229482,3,2020,2020,7,2,0,3371,17,63,3342,0,1,7,-33.23855,151.499468,16,2,2,1,2,0,0,0,0,0,0,70,2,273,985,5,5,40,1,0,0,0,0
1229494,3,2020,2020,0,2,10,17,31,56,21,0,1,7,-33.8588,151.177512,32,0,2,1,2,0,0,0,0,0,7,40,1,4026,4026,8,5,40,1,0,0,0,0
1229526,3,2020,2020,0,4,5,1,31,316,34609,0,1,9,-31.476689,152.926262,56,2,1,1,3,0,0,3,2,0,7,50,0,926,926,4,10,5,2,0,0,0,0
1229532,3,2020,2020,0,0,5,14,1,49,18,0,1,1,-33.977583,151.145157,4,0,2,1,3,0,0,0,2,0,7,60,1,1391,1391,1,10,5,2,0,0,0,0
1229533,3,2020,2020,0,4,4,90,36,15,102,0,1,1,-34.344778,146.820388,51,1,0,0,3,0,0,3,2,0,7,100,2,273,957,5,5,40,1,0,0,0,0
1229542,3,2020,2020,7,0,8,361,31,179,34609,0,1,1,-31.903396,152.466112,43,2,1,1,3,0,0,0,3,0,8,50,0,78,78,8,9,40,1,0,0,0,0
1229549,3,2020,2020,0,6,0,481,17,5,483,0,1,1,-31.439169,149.040709,51,1,0,0,3,0,0,0,0,0,7,100,2,404,404,8,33,40,1,0,0,0,0
1229550,3,2020,2020,0,5,7,232,36,92,331,0,1,10,-33.968938,150.814652,13,0,2,1,3,0,0,0,2,2,9,50,2,14295,14295,3,10,5,2,0,0,0,0
1229551,3,2020,2020,7,6,9,27,27,5,35,0,1,1,-28.504734,152.17813,51,1,0,1,3,2,0,0,3,0,7,100,1,1945,1945,5,30,40,1,0,0,0,0
1229555,3,2020,2020,7,2,0,16,27,113,16,0,1,1,-33.812411,150.760438,55,0,2,0,3,0,0,0,0,0,7,80,1,4552,5151,8,5,40,1,0,0,0,0
1229558,3,2020,2020,7,2,5,2126,17,19,2149,0,1,2,-33.433142,150.11203,40,1,0,0,3,0,3,4,2,0,7,100,2,4552,5151,8,5,40,1,0,0,0,0
1229559,3,2020,2020,0,5,8,104,27,387,140,0,1,1,-33.920915,151.192398,69,0,2,1,3,0,0,0,2,0,7,60,2,14295,14295,3,5,5,2,0,0,0,0
1229560,3,2020,2020,0,5,8,2209,17,157,2205,0,1,10,-34.008757,151.101067,68,0,2,0,3,0,0,0,3,0,0,70,2,1957,777,8,8,40,1,0,0,0,0
1229562,3,2020,2020,3,4,8,63,10,13,42,0,1,9,-32.949573,151.731693,48,0,2,1,3,0,0,0,3,0,7,60,1,5929,5929,1,21,36,2,0,0,0,0
1229565,3,2020,2020,0,0,3,51,31,132,34609,0,1,10,-29.768294,151.12316,33,2,1,1,3,0,0,0,2,0,0,60,0,6545,6545,4,0,0,2,0,0,0,0
1229566,3,2020,2020,0,2,6,64,27,175,284,0,1,9,-33.775737,151.060074,54,0,2,1,3,0,0,0,2,0,2,60,2,6545,6545,4,9,13,2,0,0,0,0
1229571,3,2020,2020,0,4,10,2,31,284,34609,1,0,1,-33.915515,151.011238,15,0,2,0,2,0,3,4,0,0,7,50,0,4552,5151,8,5,40,1,0,0,0,0
1229573,3,2020,2020,7,1,7,7,27,9,39,0,1,1,-33.491179,150.927705,71,0,2,1,0,0,0,0,2,0,7,80,1,9859,9859,8,9,40,1,0,0,0,0
1229588,3,2020,2020,0,4,5,829,31,49,102,0,1,10,-34.448426,147.535988,51,2,1,1,3,0,0,3,2,0,0,50,2,6545,6545,4,0,13,2,0,0,0,0
1229595,3,2020,2020,0,0,7,90,36,7,102,0,1,1,-34.539054,148.303026,30,1,0,1,3,0,0,0,2,0,7,100,2,77,77,1,0,10,2,0,0,0,0
1229597,3,2020,2020,0,6,10,4,1,18,34609,0,1,1,-31.015383,152.832891,34,2,1,0,0,2,0,0,0,0,7,80,0,4552,5151,8,5,40,1,0,0,0,0
1229612,3,2020,2020,0,5,1,77,27,25,100,0,1,1,-34.519577,150.401994,78,2,1,0,3,0,0,1,0,0,7,70,2,1089,1089,7,5,40,1,0,0,0,0
1229614,3,2020,2020,0,4,9,222,31,173,15,0,1,1,-33.879493,151.223773,69,0,2,1,3,0,0,0,0,0,7,40,1,248,248,1,5,36,3,0,0,0,0
1229617,3,2020,2020,0,2,8,133,17,9,121,0,1,1,-36.536368,149.294545,65,1,0,0,3,0,1,5,3,0,7,100,2,1957,4009,8,5,40,1,0,0,0,0
1229619,3,2020,2020,7,1,6,169,27,8,34609,0,1,1,-31.439307,151.144374,70,1,0,1,0,2,0,0,2,0,7,100,0,9859,9859,8,10,40,1,0,0,0,0
1229629,3,2020,2020,0,4,9,24,31,169,382,0,1,10,-33.600674,150.750954,29,2,2,1,2,0,0,0,0,2,7,60,2,6545,6545,4,10,0,3,0,0,0,0
1229633,3,2020,2020,3,0,0,2,27,16,34609,0,1,1,-33.740244,150.655197,55,0,2,0,0,0,0,0,0,0,7,50,0,2585,4009,8,5,40,1,0,0,0,0
1229645,3,2020,2020,7,4,5,61,31,32,45,0,1,9,-33.869038,150.964676,24,0,2,1,1,0,0,0,2,0,0,60,1,1383,1383,1,33,0,2,0,0,0,0
1229646,3,2020,2020,0,1,7,280,10,237,240,0,1,10,-33.863953,150.954285,24,0,2,1,1,0,0,0,2,2,7,60,2,5929,5929,1,33,5,2,0,0,0,0
1229650,3,2020,2020,0,3,7,2209,17,64,2205,0,1,10,-34.383514,150.900176,80,0,2,1,3,0,0,0,2,2,7,80,2,5929,5929,1,5,5,2,0,0,0,0
1229651,3,2020,2020,0,1,9,1052,14,16,928,0,1,3,-32.871565,151.613605,48,0,2,1,0,0,0,0,0,0,7,110,2,4026,4026,8,5,40,1,0,0,0,0
1229667,3,2020,2020,7,3,9,36,27,106,35,0,1,7,-33.891158,151.178595,69,0,2,1,0,0,0,3,2,0,0,50,1,9859,9859,1,5,13,3,0,0,0,0
1229674,3,2020,2020,0,0,4,165,31,174,34609,0,1,10,-33.891979,151.202289,69,0,2,1,1,0,0,0,2,0,7,40,0,4026,4026,1,33,5,2,0,0,0,0
1229677,3,2020,2020,0,2,4,6,27,34,34609,0,1,1,-33.5125,151.370529,16,2,2,0,0,0,3,3,2,0,7,60,0,4552,5151,8,10,40,1,0,0,0,0
1229689,3,2020,2020,4,5,11,6,31,82,34609,0,1,1,-33.790047,151.260249,50,0,2,1,2,0,0,0,0,0,7,50,0,237,162,8,5,40,1,0,0,0,0
1229691,3,2020,2020,3,6,8,3,27,304,34609,0,1,1,-33.916416,151.15111,32,0,2,1,0,0,0,0,2,0,7,50,0,1282,1282,1,5,5,2,0,0,0,0
1229692,3,2020,2020,3,2,9,334,17,8,308,0,1,1,-30.976152,150.462647,51,1,0,1,0,0,3,4,0,0,7,100,2,4026,4026,8,10,40,1,0,0,0,0
1229700,3,2020,2020,4,6,8,163,27,41,165,1,0,2,-33.730021,150.827516,7,0,2,1,0,0,3,0,2,0,7,60,1,237,397,1,0,0,2,0,0,0,0
1229701,3,2020,2020,3,2,3,92,10,50,34609,0,1,1,-34.352078,150.919015,80,0,2,1,1,0,3,4,1,0,7,40,0,9859,9859,1,5,5,2,0,0,0,0
1229717,3,2020,2020,3,3,1,1,31,103,34609,0,1,1,-34.31938,148.289137,30,2,1,1,2,0,3,4,0,0,7,50,0,9859,9859,8,5,40,1,0,0,0,0
1229727,3,2020,2020,4,2,4,3,10,363,34609,0,1,1,-33.746076,150.70309,55,0,2,1,0,0,3,4,2,0,7,60,0,4026,4026,1,5,35,2,0,0,0,0
1229737,3,2020,2020,7,6,3,2,27,53,34609,0,1,9,-30.654853,152.986631,47,2,1,0,1,2,3,3,2,0,7,50,0,1282,1282,1,0,40,1,0,0,0,0
1229774,3,2020,2020,7,5,11,2,31,304,34609,0,1,1,-33.90906,151.155417,32,0,2,1,1,0,0,0,0,0,7,50,0,144,144,1,9,5,2,0,0,0,0
1229778,3,2020,2020,7,5,8,19,27,96,34609,0,1,1,-34.051811,150.829592,13,0,2,0,1,0,3,3,2,0,7,50,0,1981,1981,4,5,5,2,0,0,0,0
1229779,3,2020,2020,0,0,9,13,27,24,61,0,1,1,-33.824353,151.172842,38,0,2,1,0,0,3,4,3,0,7,50,1,9859,9859,8,0,40,1,0,0,0,0
1229789,3,2020,2020,0,3,5,204,31,228,34609,1,0,7,-34.751605,149.717845,26,2,1,1,3,0,0,0,2,0,0,50,0,9859,9859,8,0,40,1,0,0,0,0
1229793,3,2020,2020,0,4,10,31,31,433,34609,1,0,1,-33.267295,149.103029,52,2,1,1,2,0,0,0,0,0,7,50,0,9859,9859,1,10,13,2,0,0,0,0
1229799,3,2020,2020,0,3,10,2,18,79,34609,0,1,1,-34.90922,150.608735,63,2,1,1,3,0,0,0,0,0,7,50,0,9859,9859,8,5,40,1,0,0,0,0
1229820,3,2020,2020,0,5,11,5,27,47,34609,0,1,1,-33.81115,151.150589,38,0,2,1,3,0,3,4,0,0,7,50,0,945,945,5,5,40,1,0,0,0,0
1229823,3,2020,2020,0,0,0,230,27,197,284,0,1,9,-33.796652,151.137071,61,0,2,1,3,0,0,0,0,2,7,80,2,1391,1391,1,8,5,2,0,0,0,0
1229824,3,2020,2020,0,2,7,2126,17,44,2149,0,1,10,-33.798115,150.896892,7,0,2,1,3,0,0,0,2,2,7,80,2,1391,1391,1,5,13,2,0,0,0,0
1229826,3,2020,2020,0,2,9,9,27,26,34609,0,1,1,-31.255452,152.966081,34,1,0,0,3,0,0,0,0,0,7,100,0,52,52,8,30,40,1,0,0,0,0
1229841,3,2020,2020,0,6,10,255,27,103,172,0,1,9,-32.932437,151.653397,37,0,2,1,2,0,0,0,0,2,7,60,2,4026,4026,8,5,40,1,0,0,0,0
1229850,3,2020,2020,7,4,8,481,17,562,483,0,1,9,-32.256129,148.587171,22,2,1,1,3,0,0,0,2,0,7,60,2,14295,14295,3,5,5,3,0,0,0,0
1229854,3,2020,2020,0,3,8,2,31,35,34609,0,1,9,-34.364905,150.910974,80,0,2,1,3,0,0,0,3,0,7,60,0,2852,2852,4,5,0,2,0,0,0,0
1229868,3,2020,2020,0,2,6,39,31,193,145,1,0,9,-33.79297,151.080015,61,0,2,1,3,0,0,0,2,3,7,60,2,14295,14295,3,30,36,2,0,0,0,0
1229870,3,2020,2020,0,6,7,4,27,8,34609,0,1,1,-35.094906,149.782029,26,1,0,0,3,0,0,0,2,0,7,100,0,782,957,5,8,40,1,0,0,0,0
1229883,3,2020,2020,0,5,9,5,31,122,34609,0,1,1,-33.420632,151.344348,16,2,2,1,2,0,0,0,0,0,7,50,0,9859,9859,1,33,36,2,0,0,0,0
1229889,3,2020,2020,7,2,7,11,1,78,34609,0,1,1,-33.902652,150.766135,41,0,2,0,1,0,0,0,2,0,7,60,0,1957,4009,8,8,40,1,0,0,0,0
1229919,3,2020,2020,0,5,2,500,27,271,799,0,1,2,-33.936242,151.022585,15,0,2,1,2,0,0,0,1,0,7,70,2,3775,3775,0,5,5,2,0,0,0,0
1229927,3,2020,2020,0,2,11,230,27,100,284,0,1,2,-33.802945,151.146002,77,0,2,0,2,0,0,0,0,0,7,70,2,273,957,5,5,40,1,0,0,0,0
1229929,3,2020,2020,3,3,3,80,27,316,50,0,1,2,-33.905865,151.230182,59,0,2,1,0,0,0,0,2,0,7,60,2,4026,4026,8,10,40,1,0,0,0,0
1229931,3,2020,2020,0,0,0,2,31,309,34609,0,1,9,-33.816394,151.097763,61,0,2,1,2,0,3,0,0,0,7,50,0,489,489,8,5,40,1,0,0,0,0
1229936,3,2020,2020,0,0,1,2126,17,14,2149,0,1,2,-33.723462,150.604666,8,2,2,0,2,0,3,4,0,0,7,80,2,4552,5151,8,10,40,1,0,0,0,0
1229938,3,2020,2020,0,0,3,9,31,363,34609,0,1,7,-33.761049,150.703304,55,0,2,1,3,0,0,0,2,0,0,50,0,6545,6545,4,9,0,2,0,0,0,0
1229942,3,2020,2020,0,0,7,72,27,72,56,0,1,9,-33.793845,151.065969,54,0,2,1,3,0,0,0,2,2,7,60,2,14295,14295,3,10,13,3,0,0,0,0
1229945,3,2020,2020,0,6,8,2261,17,252,2252,0,1,10,-33.956253,150.872726,41,0,2,1,3,0,0,0,2,2,9,70,2,14295,14295,3,8,5,2,0,0,0,0
1229952,3,2020,2020,0,3,6,54,27,646,30,0,1,9,-33.914639,151.040054,15,0,2,1,3,0,0,0,2,2,7,60,1,5929,5929,1,5,5,2,0,0,0,0
1229957,3,2020,2020,3,4,5,12,31,17,34609,0,1,9,-32.722644,151.532394,42,2,1,1,3,0,3,4,2,0,7,50,0,9859,9859,1,5,13,2,0,0,0,0