Crash ID,Degree of crash - detailed,Reporting year,Year of crash,Month of crash,Day of week of crash,Two-hour intervals,Street of crash,Street type,Town,Route no.,School zone location,School zone active,Type of location,Latitude,Longitude,LGA,Urbanisation,Conurbation 1,Alignment,Street lighting,Road surface,Surface condition,Weather,Natural lighting,Signals operation,Other traffic control,Speed limit,Road classification,RUM - code,DCA - code,First impact type,Key TU type,Other TU type,No. of traffic units involved,No. killed,No. seriously injured,No. moderately injured,No. minor-other injured
1229962,3,2020,2020,0,6,3,38,27,290,8,0,1,9,-33.955058,151.13377,4,0,2,1,3,0,0,0,2,0,15,50,1,14295,14295,3,5,5,2,0,0,0,0
1229963,3,2020,2020,0,0,9,2261,17,64,2252,0,1,9,-33.8875,151.073654,67,0,2,1,3,0,0,0,3,3,7,60,2,14295,14295,3,0,13,3,0,0,0,0
1229964,3,2020,2020,0,0,0,512,17,433,441,0,1,1,-33.254582,149.071803,52,1,0,1,3,0,3,0,0,0,7,100,2,945,945,5,3,40,1,0,0,0,0
1229965,3,2020,2020,0,4,10,255,27,15,260,0,1,10,-32.992087,151.600055,37,0,2,1,3,0,0,0,0,2,9,60,2,6545,6545,4,5,0,2,0,0,0,0
1229970,3,2020,2020,0,3,11,5,1,58,34609,0,1,4,-34.410827,150.893901,80,0,2,0,2,0,0,0,0,0,7,50,0,4552,5151,8,9,40,1,0,0,0,0
1229973,3,2020,2020,0,4,11,56,23,31,144,0,1,10,-33.889245,151.091319,9,0,2,1,3,0,0,3,0,0,15,60,2,380,777,5,34,40,1,0,0,0,0
1229975,3,2020,2020,0,4,10,1,31,24,34609,0,1,9,-33.727967,150.917581,7,0,2,1,3,0,0,0,0,0,7,50,0,5929,5929,1,0,5,2,0,0,0,0
1229976,3,2020,2020,0,1,9,14,31,140,34609,0,1,1,-33.9112,151.004037,15,0,2,1,3,0,0,0,2,0,7,50,0,1981,1981,4,5,0,2,0,0,0,0
1229978,3,2020,2020,0,5,8,32,27,72,563,0,1,1,-34.005351,151.014719,68,0,2,0,3,0,0,0,3,0,7,80,2,14295,14295,3,9,13,2,0,0,0,0
1229979,3,2020,2020,0,2,5,344,27,164,163,0,1,2,-33.743658,150.873445,7,0,2,1,3,0,0,0,2,0,7,70,2,1391,1391,1,5,0,2,0,0,0,0
1229980,3,2020,2020,0,2,6,100,27,140,100,0,1,2,-33.795187,150.853706,7,0,2,1,3,0,0,0,2,0,7,70,2,14295,14295,3,0,13,2,0,0,0,0
1229981,3,2020,2020,0,0,7,500,27,129,799,0,1,9,-33.926181,151.084262,15,0,2,1,3,0,0,0,2,0,7,60,2,515,515,1,5,12,2,0,0,0,0
1229982,3,2020,2020,0,2,8,330,23,150,233,0,1,10,-33.919433,151.226535,59,0,2,1,3,0,0,0,2,2,9,50,2,5929,5929,1,0,39,2,0,0,0,0
1229986,3,2020,2020,0,0,11,6,27,5,34609,0,1,9,-28.800898,153.371442,39,1,0,1,3,0,0,0,0,0,7,100,0,4026,4026,8,0,40,1,0,0,0,0
1229988,3,2020,2020,3,6,8,25,27,136,76,1,0,10,-32.92235,151.712028,48,0,2,1,3,0,0,0,2,0,0,60,1,1383,1383,1,5,36,2,0,0,0,0
1229992,3,2020,2020,0,6,8,177,31,237,208,0,1,9,-33.862961,150.956314,24,0,2,1,3,0,0,0,2,0,7,50,1,1282,1282,1,34,5,2,0,0,0,0
1229994,3,2020,2020,0,6,6,93,1,154,220,0,1,1,-33.717802,150.954445,71,0,2,0,3,0,0,0,2,0,7,60,2,1192,1192,1,5,5,2,0,0,0,0
1229996,3,2020,2020,0,6,11,109,27,169,34609,1,0,1,-33.767202,150.840521,7,0,2,1,3,0,0,0,0,0,7,50,0,9859,9859,1,5,25,2,0,0,0,0
1229998,3,2020,2020,0,1,8,4,18,251,34609,0,1,10,-33.776955,150.93615,7,0,2,1,3,0,0,0,3,0,7,50,0,1669,1669,3,5,36,2,0,0,0,0
1230005,3,2020,2020,0,2,11,105,27,67,109,0,1,10,-33.881649,150.889023,24,0,2,1,2,0,0,0,0,2,7,60,1,1383,1383,1,21,5,2,0,0,0,0
1230008,3,2020,2020,0,1,9,387,36,45,69,0,1,2,-33.703654,151.214295,50,0,2,1,1,0,0,0,0,0,7,80,2,1192,1192,1,5,5,2,0,0,0,0
1230022,3,2020,2020,0,0,8,14,31,80,19,0,1,2,-33.880289,151.167434,32,0,2,0,1,0,0,0,3,0,7,50,1,2585,4009,8,5,40,1,0,0,0,0
1230035,3,2020,2020,0,4,10,149,36,15,113,0,1,1,-32.340469,152.517043,43,2,1,0,0,0,0,0,0,0,7,80,2,4552,5151,8,30,40,1,0,0,0,0
1230036,3,2020,2020,0,3,0,5,31,103,34609,0,1,10,-28.822772,153.346259,39,2,1,1,2,0,3,0,0,0,15,50,0,4026,4026,8,5,40,1,0,0,0,0
1230048,3,2020,2020,7,3,7,481,17,11,483,0,1,1,-33.912414,147.283844,51,1,0,1,0,0,0,0,2,0,7,110,2,475,475,5,5,40,1,0,0,0,0
1230057,3,2020,2020,3,2,4,163,27,73,165,0,1,2,-33.754695,150.804474,7,0,2,1,1,0,0,0,2,0,7,60,1,9859,9859,8,10,40,1,0,0,0,0
1230099,3,2020,2020,0,4,2,3,7,84,34609,1,0,1,-33.788659,151.108742,61,0,2,0,0,0,0,0,0,0,7,50,0,1282,1282,1,33,5,2,0,0,0,0
1230101,3,2020,2020,0,3,1,44,31,41,34609,1,0,1,-35.123828,147.363921,75,2,1,0,2,0,0,0,0,0,7,50,0,4552,5151,8,5,40,1,0,0,0,0
1230102,3,2020,2020,7,4,4,102,31,293,28,0,1,10,-33.918003,151.048843,15,0,2,1,1,0,3,4,2,0,7,60,1,1282,1282,1,5,40,1,0,0,0,0
1230107,3,2020,2020,0,5,7,2209,17,79,2205,0,1,10,-33.978474,151.122511,25,0,2,1,3,0,0,0,2,2,7,70,2,14295,14295,3,30,13,2,0,0,0,0
1230111,3,2020,2020,0,5,3,1104,14,223,962,0,1,3,-33.805116,150.913763,7,0,2,1,3,0,0,0,1,0,7,100,2,14295,14295,3,5,5,2,0,0,0,0
1230112,3,2020,2020,0,6,2,137,31,65,18,0,1,9,-32.926693,151.774842,48,0,2,1,3,0,0,0,0,2,7,50,2,2585,777,8,0,40,1,0,0,0,0
1230114,3,2020,2020,7,6,3,294,17,26,288,0,1,9,-34.618762,146.037248,51,1,0,1,3,0,0,0,1,0,7,110,2,1089,1089,7,5,40,1,0,0,0,0
1230117,3,2020,2020,0,4,6,150,27,173,415,0,1,10,-33.779767,151.133919,61,0,2,1,3,0,0,0,2,3,7,70,2,1383,1383,1,8,5,2,0,0,0,0
1230125,3,2020,2020,3,0,2,33,1,29,34609,1,0,2,-33.919941,150.886646,41,0,2,1,2,0,0,0,1,0,9,50,0,1383,1383,1,5,5,2,0,0,0,0
1230135,3,2020,2020,3,4,0,3,31,112,34609,0,1,9,-36.054699,146.943167,0,2,1,1,2,0,0,0,0,0,7,50,0,2585,777,1,5,41,2,0,0,0,0
1230141,3,2020,2020,4,1,11,16,10,91,34609,0,1,9,-33.994816,150.899323,13,0,2,0,2,0,0,0,0,0,7,50,0,4552,5151,1,5,36,3,0,0,0,0
1230149,3,2020,2020,3,5,9,12,27,463,34609,0,1,9,-30.286875,153.103349,19,2,1,0,1,0,0,0,3,0,7,50,0,1282,1282,1,5,13,3,0,0,0,0
1230154,3,2020,2020,4,1,1,4,31,284,34609,0,1,7,-33.910156,151.011276,15,0,2,1,2,0,0,0,0,0,0,50,0,4026,4026,8,5,40,1,0,0,0,0
1230165,3,2020,2020,7,5,1,12,31,7,34609,0,1,1,-28.81625,153.276277,39,2,1,1,0,0,3,4,0,0,7,50,0,9859,9859,1,5,5,3,0,0,0,0
1230174,3,2020,2020,7,1,5,7,31,80,34609,0,1,10,-33.880776,151.202803,69,0,2,1,3,0,3,3,2,2,8,40,0,5929,5929,1,9,12,2,0,0,0,0
1230183,3,2020,2020,7,6,4,39,27,19,51,0,1,1,-33.654195,151.040089,31,0,2,0,3,0,3,4,2,0,7,60,2,418,714,5,5,40,1,0,0,0,0
1230188,3,2020,2020,8,0,10,81,31,133,80,0,1,7,-33.931053,151.012222,15,0,2,1,3,0,0,0,2,0,0,50,1,14295,14295,3,5,5,4,0,0,0,0
1230189,3,2020,2020,0,1,8,133,31,646,97,0,1,10,-33.916805,151.018631,15,0,2,1,3,0,0,0,3,2,9,60,1,14295,14295,3,15,5,2,0,0,0,0
1230190,3,2020,2020,0,2,9,4,31,134,36,0,1,9,-33.521208,151.317719,16,2,2,1,3,0,0,0,0,0,7,50,1,248,248,1,0,5,2,0,0,0,0
1230197,3,2020,2020,0,6,11,16,27,304,34609,0,1,1,-33.907975,151.170448,32,0,2,1,3,0,3,0,0,0,7,50,0,9859,9859,1,30,22,3,0,0,0,0
1230200,3,2020,2020,0,5,0,2261,17,70,2252,0,1,2,-34.707062,150.01236,26,1,0,1,3,0,0,0,0,0,7,110,2,475,475,5,3,40,1,0,0,0,0
1230203,3,2020,2020,0,2,5,15,10,14,34609,0,1,10,-33.538441,151.283096,16,2,2,1,3,0,0,0,2,0,7,80,0,323,323,1,5,36,2,0,0,0,0
1230219,3,2020,2020,0,1,5,7,27,309,22,0,1,2,-33.800487,151.117847,61,0,2,0,1,0,0,0,2,0,7,60,1,1957,4009,8,5,40,1,0,0,0,0
1230223,3,2020,2020,4,3,2,71,36,30,61,0,1,1,-34.316352,146.04366,28,2,1,1,3,0,0,0,0,0,7,80,2,9859,9859,8,5,40,1,0,0,0,0
1230224,3,2020,2020,0,6,6,1,27,1,34609,0,1,1,-29.776077,150.357457,51,1,0,1,3,2,0,0,2,0,7,100,0,3775,3775,0,10,13,2,0,0,0,0
1230226,3,2020,2020,0,5,7,2209,17,176,2205,1,0,9,-33.96132,151.137831,4,0,2,1,3,0,0,0,2,2,7,60,2,1109,397,1,10,35,3,0,0,0,0
1230228,3,2020,2020,7,1,3,2,10,323,34609,0,1,1,-33.805381,150.845946,7,0,2,1,3,0,0,0,2,0,7,50,0,1981,1981,4,10,5,2,0,0,0,0
1230231,3,2020,2020,0,4,10,161,17,9,161,0,1,1,-35.823422,148.49353,65,1,0,1,3,0,1,5,0,0,7,100,2,4026,4026,8,5,40,1,0,0,0,0
1230237,3,2020,2020,0,3,4,74,23,49,260,0,1,9,-33.966774,151.153918,4,0,2,1,3,0,0,0,2,2,7,60,2,395,395,1,0,5,2,0,0,0,0
1230238,3,2020,2020,0,5,0,35,10,20,148,0,1,1,-34.217045,150.999122,80,0,2,0,3,0,3,4,0,0,7,60,2,1957,4009,8,5,40,1,0,0,0,0
1230244,3,2020,2020,3,3,11,1,4,463,34609,0,1,1,-30.285023,153.135892,19,2,1,1,2,0,3,4,0,0,7,50,0,4026,4026,8,5,40,1,0,0,0,0
1230250,3,2020,2020,7,3,5,10,27,7,34609,0,1,1,-33.839283,151.22599,49,0,2,0,0,0,0,0,2,0,7,50,0,941,941,1,0,36,2,0,0,0,0
1230259,3,2020,2020,0,2,10,10,27,11,34609,0,1,1,-32.922944,151.67559,48,0,2,1,2,0,0,0,0,0,7,50,0,9859,9859,1,0,5,2,0,0,0,0
1230264,3,2020,2020,7,2,2,1,10,85,34609,0,1,1,-33.782789,150.679125,55,0,2,1,2,0,0,0,1,0,7,50,0,4026,4026,1,5,5,2,0,0,0,0
1230268,3,2020,2020,7,3,3,1,1,53,34609,0,1,1,-33.929001,150.821185,41,0,2,0,0,0,3,4,0,0,7,60,0,2585,4009,8,5,40,1,0,0,0,0
1230280,3,2020,2020,0,6,9,2,4,9,34609,0,1,9,-36.858884,149.921623,5,2,1,1,2,0,0,0,0,0,15,50,0,489,489,8,5,40,1,0,0,0,0
1230285,3,2020,2020,7,2,9,3371,17,29,3342,0,1,2,-32.203668,152.324444,43,1,0,1,0,0,3,4,0,0,7,100,2,4026,4026,8,3,40,1,0,0,0,0
1230286,3,2020,2020,0,3,1,26,31,433,34609,0,1,9,-33.292777,149.077943,52,2,1,1,2,0,0,0,0,0,7,50,0,945,945,5,5,40,1,0,0,0,0
1230291,3,2020,2020,0,0,4,1,31,155,34609,1,0,1,-33.140275,148.18124,53,2,1,1,1,0,3,3,2,0,7,50,0,4026,4026,8,5,40,1,0,0,0,0
1230298,3,2020,2020,3,1,8,1104,14,142,962,0,1,3,-33.827944,150.999935,21,0,2,0,0,0,0,0,2,0,7,90,2,14295,14295,3,5,5,2,0,0,0,0
1230312,3,2020,2020,0,6,5,104,27,246,140,0,1,10,-33.920825,151.191757,69,0,2,1,3,0,0,0,2,2,8,60,2,1259,985,8,5,40,1,0,0,0,0
1230316,3,2020,2020,0,0,7,308,14,53,311,0,1,3,-33.914891,150.85009,41,0,2,1,3,0,0,0,2,0,7,100,2,4026,4026,8,30,40,1,0,0,0,0
1230320,3,2020,2020,0,5,6,2,7,22,34609,0,1,9,-34.499652,150.887589,80,0,2,1,3,0,0,3,2,0,15,50,0,14295,14295,3,5,5,2,0,0,0,0
1230327,3,2020,2020,0,3,7,500,27,145,799,0,1,2,-33.929333,151.07286,15,0,2,0,3,0,0,0,2,0,7,60,2,14295,14295,3,16,5,2,0,0,0,0
1230332,3,2020,2020,0,2,7,8,27,5,34609,0,1,1,-33.059139,149.624448,3,1,0,0,3,0,0,0,2,0,7,100,0,2585,4009,8,16,40,1,0,0,0,0
1230339,3,2020,2020,0,3,5,8,27,96,34609,0,1,1,-34.050861,150.851169,13,0,2,1,3,0,0,0,2,0,7,60,0,4026,4026,8,33,40,1,0,0,0,0
1230342,3,2020,2020,0,3,3,5,27,7,34609,0,1,1,-33.682771,144.983195,51,1,0,1,3,2,3,4,2,0,7,100,0,1945,1945,5,0,40,1,0,0,0,0
1230343,3,2020,2020,8,0,4,916,17,12,917,0,1,1,-30.334316,151.663859,1,1,0,0,3,0,0,0,2,0,7,100,2,1957,4009,8,5,40,1,0,0,0,0
1230345,3,2020,2020,0,1,4,7,27,133,34609,0,1,1,-34.487038,150.802668,80,0,2,1,3,0,0,0,2,0,7,50,0,248,248,1,9,12,2,0,0,0,0
1230346,3,2020,2020,0,4,4,1,27,31,34609,0,1,10,-33.867569,151.03392,21,0,2,1,3,0,0,0,2,0,15,50,0,6545,6545,4,30,5,2,0,0,0,0
1230348,3,2020,2020,0,3,6,163,27,226,165,0,1,2,-33.765092,150.8227,7,0,2,1,3,0,0,0,2,0,7,60,1,14295,14295,3,5,5,3,0,0,0,0
1230350,3,2020,2019,2,1,8,193,27,87,34609,0,1,7,-34.489258,150.430745,78,2,1,1,3,0,0,0,2,0,0,50,0,6545,6545,4,5,13,2,0,0,0,0
1230363,3,2020,2020,7,4,9,23,31,115,34609,1,0,2,-34.029523,151.080244,68,0,2,1,1,0,0,0,2,0,7,50,0,1383,1383,1,5,5,2,0,0,0,0
1230367,3,2020,2020,7,6,9,14,31,29,34609,0,1,1,-32.932645,151.767332,48,0,2,1,1,0,0,0,2,0,7,40,0,9859,9859,1,10,23,2,0,0,0,0
1230369,3,2020,2020,0,0,9,1,1,247,34609,0,1,9,-33.829007,150.932082,21,0,2,0,2,0,0,0,0,0,7,50,0,4552,5151,8,5,40,1,0,0,0,0
1230370,3,2020,2020,0,2,11,6,1,443,702,0,1,9,-33.915768,151.062943,15,0,2,0,2,0,0,0,0,2,7,60,2,5929,5929,1,30,5,2,0,0,0,0
1230371,3,2020,2020,0,6,9,1,27,119,34609,0,1,1,-32.751952,151.760567,57,2,1,0,2,0,0,0,0,0,7,50,0,2585,4009,8,30,40,1,0,0,0,0
1230375,3,2020,2020,0,6,6,78,23,193,34609,0,1,9,-33.791004,151.081857,61,0,2,1,3,0,0,3,2,0,7,50,0,4552,5151,8,5,40,1,0,0,0,0
1230376,3,2020,2020,0,2,5,7,27,18,34609,0,1,1,-33.336109,148.987199,11,2,1,0,3,0,0,3,2,0,7,80,0,4552,5151,8,34,40,1,0,0,0,0
1230378,3,2020,2020,0,4,0,5,31,70,34609,0,1,1,-33.257551,151.499103,16,2,2,0,2,0,0,0,0,0,7,50,0,1259,5151,8,5,40,2,0,0,0,0
1230380,3,2020,2020,0,6,7,3,27,4,34609,0,1,1,-33.48075,151.089704,31,0,2,0,3,2,3,0,2,0,7,50,0,273,957,5,30,40,1,0,0,0,0
1230382,3,2020,2020,0,0,8,25,27,5,143,0,1,1,-33.182362,149.685144,3,1,0,0,3,0,3,4,3,0,7,100,2,1850,1463,5,0,40,1,0,0,0,0
1230386,3,2020,2020,0,1,1,4,10,22,34609,0,1,1,-34.060538,150.805772,13,0,2,1,3,0,0,0,0,0,7,50,0,1945,1945,5,9,40,1,0,0,0,0
1230392,3,2020,2020,0,4,5,2261,17,443,2252,0,1,9,-33.901037,151.045328,15,0,2,1,3,0,3,4,2,2,7,70,2,5929,5929,1,0,5,2,0,0,0,0
1230393,3,2020,2020,0,0,10,478,17,58,480,0,1,9,-33.435059,151.297241,16,2,2,1,3,0,0,0,0,2,7,60,2,3775,3775,0,0,5,2,0,0,0,0
1230395,3,2020,2020,8,0,7,191,27,309,208,0,1,9,-33.814582,151.107194,61,0,2,1,3,0,0,0,2,0,7,60,2,1109,787,1,30,19,2,0,0,0,0
1230396,3,2020,2020,0,1,8,1,31,30,34609,0,1,10,-30.091004,145.934979,51,2,1,1,3,0,0,0,2,0,0,50,0,6545,6545,4,5,0,2,0,0,0,0
1230397,3,2020,2020,0,0,10,10,16,337,34609,0,1,1,-33.735929,151.0069,71,0,2,0,3,0,0,0,0,0,7,50,0,1957,4009,1,5,5,3,0,0,0,0
1230398,3,2020,2020,0,3,9,2,31,121,34609,0,1,9,-28.191933,153.53483,72,2,1,1,3,0,0,0,3,0,7,50,0,9859,9859,8,5,40,1,0,0,0,0
1230399,3,2020,2020,0,6,7,10,10,121,34609,0,1,1,-28.202644,153.541957,72,2,1,1,3,0,0,0,2,0,7,50,0,14295,14295,3,30,5,2,0,0,0,0
1230402,3,2020,2020,0,4,5,58,7,10,34609,0,1,9,-33.452316,151.440296,16,2,2,1,3,0,0,3,2,0,7,50,0,175,188,8,5,40,1,0,0,0,0
1230404,3,2020,2020,7,1,4,1,27,104,34609,0,1,1,-33.837076,151.223015,49,0,2,0,3,0,0,0,2,0,7,50,0,175,188,8,9,40,1,0,0,0,0
1230426,3,2020,2020,0,5,3,2,27,7,34609,0,1,1,-32.722573,152.175313,57,2,1,1,1,0,0,0,1,0,7,50,0,4026,4026,8,5,40,1,0,0,0,0
1230427,3,2020,2020,7,4,1,13,31,122,34609,0,1,7,-33.426529,151.338272,16,2,2,0,0,0,0,0,0,0,7,60,0,78,78,8,5,40,1,0,0,0,0
1230445,3,2020,2020,0,0,9,10,31,163,74,0,1,1,-33.848014,151.096849,14,0,2,0,2,0,3,4,0,0,7,50,1,1957,4009,8,5,40,1,0,0,0,0
1230446,3,2020,2020,0,6,8,3,31,67,34609,0,1,9,-33.39546,151.339914,16,2,2,1,1,0,3,4,2,0,7,50,0,9859,9859,8,5,40,1,0,0,0,0
1230459,3,2020,2020,0,4,11,2126,17,609,2149,0,1,2,-33.798328,150.897492,7,0,2,1,2,0,0,0,0,0,7,80,2,14295,14295,3,5,0,3,0,0,0,0
1230469,3,2020,2020,0,3,10,37,1,96,212,0,1,10,-35.356805,149.225352,58,2,1,1,3,0,0,0,0,2,7,60,2,6545,6545,4,5,0,2,0,0,0,0
1230470,3,2020,2020,0,1,7,2209,17,166,2205,0,1,9,-33.895228,151.181687,69,0,2,1,3,0,0,0,2,0,0,50,2,926,926,4,30,36,2,0,0,0,0
1230473,3,2020,2020,0,3,9,481,17,14,483,0,1,1,-34.816561,146.476007,51,1,0,1,0,0,0,0,0,0,7,100,2,9859,9859,8,3,40,1,0,0,0,0
1230475,3,2020,2020,0,0,7,2,27,8,34609,0,1,1,-34.579415,150.751694,62,0,2,0,2,0,0,0,2,0,7,50,0,175,188,8,5,40,1,0,0,0,0
1230492,3,2020,2020,0,2,0,11,31,122,34609,0,1,7,-33.422894,151.342667,16,2,2,1,2,0,0,0,0,0,0,40,0,9859,9859,8,10,40,1,0,0,0,0
1230498,3,2020,2020,0,2,10,15,27,147,29,1,0,1,-33.741366,151.290153,50,0,2,1,2,0,0,0,0,0,7,50,1,9859,9859,1,5,0,2,0,0,0,0
1230499,3,2020,2020,0,0,2,24,24,85,34609,0,1,2,-33.783561,150.669418,55,0,2,0,1,0,0,0,0,0,7,50,0,1259,5151,8,5,40,1,0,0,0,0
1230505,3,2020,2020,3,0,5,9,27,9,34609,0,1,1,-28.589365,152.873127,51,2,1,0,0,0,0,0,2,0,7,80,0,273,957,5,5,40,1,0,0,0,0
1230517,3,2020,2020,0,0,8,8,27,37,34609,0,1,1,-33.021915,151.661835,37,0,2,1,2,0,0,0,0,0,7,60,0,9859,9859,8,5,40,1,0,0,0,0
1230521,3,2020,2020,0,4,6,125,27,57,123,0,1,10,-33.36204,151.444374,16,2,2,1,3,0,3,4,2,2,7,50,2,14295,14295,3,0,13,2,0,0,0,0
1230522,3,2020,2020,0,0,5,47,31,363,31,0,1,10,-33.818962,151.011288,54,0,2,1,3,0,0,0,2,2,7,60,1,775,775,4,5,0,2,0,0,0,0
1230542,3,2020,2020,7,4,4,6,31,119,34609,0,1,1,-32.761559,151.75183,57,2,1,1,1,0,3,3,2,0,7,50,0,9859,9859,1,5,36,2,0,0,0,0
1230543,3,2020,2020,0,0,0,2,27,92,34609,0,1,1,-33.409351,151.364173,16,2,2,1,3,2,0,0,0,0,7,50,0,9859,9859,8,34,40,1,0,0,0,0
1230547,3,2020,2020,0,1,10,2261,17,11,2252,0,1,2,-35.913123,147.152005,27,1,0,1,3,0,0,0,0,0,7,110,2,4026,4026,8,0,40,2,0,0,0,0
1230564,3,2020,2020,0,5,3,1104,14,223,962,0,1,3,-33.80598,150.920165,7,0,2,1,3,0,0,0,1,0,7,80,2,14295,14295,3,5,13,2,0,0,0,0
1230567,3,2020,2020,0,5,3,2261,17,646,2252,0,1,2,-33.907658,151.031183,15,0,2,0,3,0,0,0,1,0,7,60,2,4552,5151,8,9,40,1,0,0,0,0
1230569,3,2020,2020,0,1,7,3,23,64,34609,0,1,7,-33.764189,151.213631,50,0,2,1,3,0,0,0,2,0,0,50,0,6545,6545,4,30,5,2,0,0,0,0
1230579,3,2020,2020,4,5,6,13,1,22,34609,1,0,1,-34.532091,150.867295,80,0,2,1,3,0,0,0,2,0,7,50,0,9859,9859,8,5,40,1,0,0,0,0
1230581,3,2020,2020,4,2,8,8,27,72,34609,0,1,1,-34.005147,151.013605,68,0,2,1,3,0,0,0,2,0,7,60,0,9859,9859,8,5,40,1,0,0,0,0
1230582,3,2020,2020,3,6,3,97,18,79,34609,0,1,0,-33.582477,150.721677,29,2,2,1,1,0,0,0,2,0,7,50,0,387,387,1,9,5,2,0,0,0,0
1230597,3,2020,2020,4,1,4,4,27,151,34609,0,1,9,-34.023941,150.862182,13,0,2,1,3,0,0,0,2,0,7,50,0,489,489,8,5,40,1,0,0,0,0
1230611,3,2020,2020,7,2,3,53,31,18,34609,0,1,9,-35.112375,147.323198,75,2,1,1,0,2,0,0,0,0,7,50,0,4552,985,8,34,40,1,0,0,0,0
1230617,3,2020,2020,3,4,9,6,27,2,34609,0,1,1,-34.418604,146.100628,28,1,0,1,3,2,0,0,3,0,7,100,0,9859,9859,8,5,40,1,0,0,0,0
1230620,3,2020,2020,7,3,9,3,27,8,34609,0,1,1,-34.847642,150.733234,63,2,1,1,0,0,0,0,2,0,7,50,0,4026,4026,8,5,40,1,0,0,0,0
1230625,3,2020,2020,8,0,9,26,31,171,34609,0,1,10,-33.807913,150.972109,21,0,2,1,3,0,0,0,3,2,7,50,0,217,217,1,5,5,2,0,0,0,0
1230631,3,2020,2020,8,0,8,344,27,168,382,0,1,2,-33.68954,150.824454,7,0,2,1,3,0,0,3,2,0,7,50,2,1391,1391,1,5,13,3,0,0,0,0
1230632,3,2020,2020,8,1,9,40,27,160,39,0,1,1,-33.149797,151.479286,37,0,2,1,3,0,0,0,0,0,7,90,1,1089,1089,7,0,40,1,0,0,0,0
1230640,3,2020,2020,0,4,1,2261,17,49,2252,0,1,2,-34.759843,149.766592,26,1,0,1,3,0,3,4,0,0,7,110,2,945,945,5,29,40,1,0,0,0,0
1230642,3,2020,2020,8,6,10,1052,14,118,928,0,1,3,-33.426127,151.279482,16,1,2,1,3,0,0,0,2,0,7,110,2,9859,9859,8,5,40,1,0,0,0,0
1230644,3,2020,2020,0,5,9,515,14,271,518,0,1,3,-33.940847,151.018639,15,0,2,1,3,0,0,0,0,0,7,100,2,14295,14295,3,5,5,2,0,0,0,0
1230647,3,2020,2020,8,4,6,18,27,7,41,0,1,1,-33.356481,148.915127,11,2,1,0,3,0,0,0,2,0,7,80,1,2585,4009,8,0,40,1,0,0,0,0
1230654,3,2020,2020,0,6,7,89,27,11,228,0,1,9,-32.856592,151.32314,17,2,1,1,1,0,0,0,2,0,7,60,1,57,57,1,5,13,2,0,0,0,0
1230657,3,2020,2020,7,1,11,225,17,50,180,0,1,1,-34.565445,150.664705,62,0,2,0,3,0,0,0,0,0,7,60,2,4552,5151,8,5,40,1,0,0,0,0
1230665,3,2020,2020,0,6,3,161,17,3,161,0,1,1,-35.281125,147.965091,66,1,0,0,0,0,3,4,1,0,7,100,2,1850,1463,5,5,40,1,0,0,0,0
1230680,3,2020,2020,8,6,4,35,27,18,34609,0,1,1,-28.330397,153.553467,72,2,1,0,0,0,0,0,2,0,7,70,0,4552,5151,8,10,40,1,0,0,0,0
1230681,3,2020,2020,0,5,1,11,31,21,34609,0,1,9,-33.875433,150.911033,24,0,2,1,2,0,0,0,0,0,7,50,0,9859,9859,1,0,5,2,0,0,0,0
1230690,3,2020,2020,0,0,5,73,31,123,34609,0,1,1,-33.90873,151.222422,59,0,2,1,3,0,0,0,2,0,7,50,0,4026,4026,1,5,5,3,0,0,0,0
1230692,3,2020,2020,8,5,7,4,27,39,34609,0,1,1,-33.234644,151.491284,16,2,2,1,3,0,3,4,2,0,7,50,0,1981,1981,4,30,5,2,0,0,0,0
1230693,3,2020,2020,0,1,7,103,36,14,103,0,1,1,-32.49842,151.944693,43,1,0,1,3,0,0,0,2,0,7,90,1,945,945,5,10,40,1,0,0,0,0
1230698,3,2020,2019,5,5,3,2209,17,11,2205,0,1,1,-36.29,150.110362,23,1,0,0,0,0,0,0,1,0,7,100,2,418,714,5,5,40,1,0,0,0,0
1230712,3,2020,2020,7,2,9,108,31,159,34609,0,1,1,-33.813081,151.086752,61,0,2,1,2,0,0,0,0,0,7,50,0,9859,9859,1,5,5,2,0,0,0,0
1230718,3,2020,2020,7,2,11,12,27,12,34609,0,1,1,-34.434329,150.803241,80,0,2,0,3,0,0,0,0,0,7,100,0,4552,5151,8,10,40,1,0,0,0,0
1230752,3,2020,2020,3,2,0,33,10,7,34609,0,1,1,-28.583418,153.470153,10,2,1,0,0,0,0,0,0,0,7,80,0,4552,5151,8,5,40,1,0,0,0,0
1230763,3,2020,2020,0,5,6,515,14,271,518,0,1,3,-33.942602,151.000977,15,0,2,0,3,0,0,0,2,0,7,100,2,84,84,8,29,40,2,0,0,0,0
1230764,3,2020,2020,8,2,5,283,27,70,702,0,1,9,-33.980608,151.107657,25,0,2,1,3,0,0,0,2,0,15,70,2,2852,2852,4,0,5,2,0,0,0,0
1230778,3,2020,2020,8,2,6,230,27,80,284,0,1,2,-33.812403,151.170387,38,0,2,1,3,0,0,0,2,0,7,60,2,9859,9859,8,5,40,1,0,0,0,0
1230781,3,2020,2020,0,2,7,41,1,150,34609,0,1,1,-33.924039,151.21878,59,0,2,1,3,0,0,0,2,0,7,50,0,9859,9859,1,5,36,2,0,0,0,0
1230795,3,2020,2020,3,4,3,5,27,106,34609,0,1,1,-34.575389,150.79558,62,0,2,0,1,0,0,0,2,0,7,60,0,1957,4009,8,5,40,1,0,0,0,0