Crash ID,Degree of crash - detailed,Reporting year,Year of crash,Month of crash,Day of week of crash,Two-hour intervals,Street of crash,Street type,Town,Route no.,School zone location,School zone active,Type of location,Latitude,Longitude,LGA,Urbanisation,Conurbation 1,Alignment,Street lighting,Road surface,Surface condition,Weather,Natural lighting,Signals operation,Other traffic control,Speed limit,Road classification,RUM - code,DCA - code,First impact type,Key TU type,Other TU type,No. of traffic units involved,No. killed,No. seriously injured,No. moderately injured,No. minor-other injured
1230803,3,2020,2020,0,4,6,23,10,19,174,0,1,10,-32.916907,151.478625,17,1,0,0,3,0,0,0,2,0,15,90,2,2852,2852,4,8,5,2,0,0,0,0
1230804,3,2020,2020,0,3,0,7,31,9,34609,0,1,1,-29.468879,153.221755,18,2,1,1,2,0,0,0,0,0,7,50,0,9859,9859,1,0,13,2,0,0,0,0
1230812,3,2020,2020,8,5,10,916,17,5,917,0,1,1,-30.233019,151.671656,1,2,1,1,3,0,0,0,0,0,7,70,2,1945,1945,5,5,40,1,0,0,0,0
1230815,3,2020,2020,0,4,6,10,25,96,212,0,1,2,-35.35517,149.230692,58,2,1,1,3,0,3,4,2,0,7,60,2,1282,1282,1,8,5,2,0,0,0,0
1230819,3,2020,2020,0,1,7,4,1,166,2,0,1,1,-33.936986,150.983157,15,0,2,1,3,0,3,0,2,0,7,50,1,3775,3775,0,10,12,2,0,0,0,0
1230845,3,2020,2020,0,6,10,5,27,23,34609,0,1,9,-34.384793,150.881576,80,0,2,1,2,0,3,4,0,0,15,50,0,489,489,5,5,36,2,0,0,0,0
1230848,3,2020,2020,4,3,8,7,27,433,34609,0,1,1,-33.258117,149.110291,52,2,1,1,1,0,0,0,2,0,7,70,0,14295,14295,3,30,5,2,0,0,0,0
1230850,3,2020,2020,7,5,7,4,27,80,34609,0,1,10,-34.563453,146.414854,51,2,1,1,1,0,0,0,2,0,0,60,0,6545,6545,4,0,13,2,0,0,0,0
1230860,3,2020,2020,0,2,11,1,31,609,34609,0,1,1,-33.788865,150.902275,7,0,2,1,2,0,0,0,0,0,7,50,0,9859,9859,1,0,36,2,0,0,0,0
1230864,3,2020,2020,0,3,8,481,17,27,483,0,1,1,-32.571791,148.222094,51,2,1,1,1,0,0,0,2,0,7,50,2,1259,5151,8,0,40,1,0,0,0,0
1230877,3,2020,2020,0,3,11,4,23,197,34609,0,1,1,-33.947391,151.084368,25,0,2,1,3,0,0,0,0,0,8,50,0,78,78,8,5,40,1,0,0,0,0
1230879,3,2020,2020,8,4,9,1,25,108,34609,0,1,9,-33.312158,151.412932,16,2,2,1,3,0,0,0,0,0,7,50,0,9859,9859,1,0,5,2,0,0,0,0
1230887,3,2020,2020,8,0,8,330,27,65,605,0,1,9,-33.707839,151.296534,50,0,2,1,3,0,0,0,3,2,7,70,2,1192,1192,1,0,0,2,0,0,0,0
1230890,3,2020,2020,8,3,3,132,31,45,126,0,1,9,-33.888277,151.196397,69,0,2,1,3,0,0,0,2,2,7,50,2,14295,14295,3,30,0,2,0,0,0,0
1230892,3,2020,2020,8,5,9,220,27,69,222,0,1,10,-33.774105,150.961388,54,0,2,1,3,0,0,0,0,2,7,80,2,14295,14295,3,5,5,2,0,0,0,0
1230894,3,2020,2020,8,2,5,387,27,115,331,0,1,9,-33.960255,151.060699,25,0,2,1,3,0,0,0,2,0,7,60,2,1981,1981,4,5,13,2,0,0,0,0
1230895,3,2020,2020,0,1,4,87,27,438,34609,0,1,9,-33.867523,151.017807,21,0,2,1,1,0,0,0,2,0,0,50,0,4026,4026,8,9,40,1,0,0,0,0
1230896,3,2020,2020,8,0,10,57,1,193,145,0,1,10,-33.792301,151.082853,61,0,2,1,2,0,0,0,0,2,7,60,2,1259,985,8,5,40,1,0,0,0,0
1230909,3,2020,2020,8,5,0,3,27,1,34609,0,1,1,-30.524245,151.541755,51,1,0,1,3,0,1,2,0,0,7,100,0,9859,9859,8,5,40,1,0,0,0,0
1230911,3,2020,2020,8,3,4,2126,17,161,2149,0,1,9,-33.888182,151.157613,32,0,2,1,3,0,0,0,2,2,7,60,2,5929,5929,1,30,5,2,0,0,0,0
1230913,3,2020,2020,8,1,3,1052,14,46,928,0,1,3,-33.302986,151.402636,16,1,2,1,3,0,0,0,2,0,7,110,2,14295,14295,3,29,0,2,0,0,0,0
1230919,3,2020,2020,8,2,5,2,10,337,34609,0,1,1,-33.715122,151.023671,31,0,2,1,3,0,0,0,2,0,7,50,0,1089,1089,7,30,40,1,0,0,0,0
1230920,3,2020,2020,8,5,6,82,27,12,34,0,1,1,-28.593965,153.090366,51,1,0,0,3,0,0,0,2,0,7,100,1,380,714,5,5,40,1,0,0,0,0
1230924,3,2020,2020,8,0,3,34,31,111,34609,0,1,7,-33.915309,151.255502,59,0,2,1,2,0,3,0,2,0,7,50,0,9859,9859,1,5,40,2,0,0,0,0
1230927,3,2020,2020,0,4,10,16,1,98,34609,0,1,1,-33.011565,151.595121,37,0,2,1,3,0,3,3,0,0,7,50,0,1282,1282,1,5,13,3,0,0,0,0
1230930,3,2020,2020,0,2,6,3,27,278,34609,1,0,9,-33.782962,151.035364,54,0,2,1,3,0,0,0,2,0,15,50,0,775,775,4,0,0,2,0,0,0,0
1230934,3,2020,2020,8,4,9,22,31,460,34609,0,1,9,-33.844208,150.987946,21,0,2,1,3,0,0,0,0,0,0,50,0,6545,6545,4,5,5,2,0,0,0,0
1230960,3,2020,2020,0,5,9,117,1,115,121,0,1,10,-34.036415,151.075339,68,0,2,1,3,0,0,0,0,0,7,60,1,775,775,4,5,5,2,0,0,0,0
1230979,3,2020,2020,8,0,9,84,27,125,32,0,1,10,-33.824175,151.132814,61,0,2,1,3,0,0,0,0,2,8,60,1,6545,6545,4,5,5,2,0,0,0,0
1230982,3,2020,2020,0,6,7,3371,17,9,3342,0,1,2,-31.349723,152.807725,56,1,0,1,3,0,0,0,2,0,7,100,2,475,475,5,0,40,1,0,0,0,0
1230989,3,2020,2020,7,0,9,26,27,232,34609,0,1,2,-33.686486,150.923452,71,0,2,1,2,0,0,0,0,0,7,60,0,3775,3775,0,10,5,2,0,0,0,0
1231016,3,2020,2020,7,0,1,866,17,174,793,0,1,2,-33.86306,150.926389,24,0,2,1,2,0,3,4,0,0,7,70,2,14295,14295,3,5,40,2,0,0,0,0
1231022,3,2020,2020,7,1,10,283,27,197,702,1,0,1,-33.952827,151.083719,25,0,2,1,2,0,0,0,0,0,7,60,2,14295,14295,3,10,5,3,0,0,0,0
1231030,3,2020,2020,7,1,1,37,27,28,34609,0,1,9,-33.911903,150.885056,41,0,2,0,2,0,0,0,0,0,7,50,0,2585,4009,1,5,10,2,0,0,0,0
1231035,3,2020,2020,8,0,11,23,23,53,34609,0,1,1,-35.138831,147.356705,75,2,1,1,3,0,3,4,0,0,7,50,0,9859,9859,8,30,40,1,0,0,0,0
1231038,3,2020,2020,8,6,9,512,17,7,441,0,1,1,-29.691546,145.90844,51,1,0,1,3,0,0,0,3,0,7,110,2,1089,1089,7,5,40,1,0,0,0,0
1231041,3,2020,2020,0,1,9,6,23,609,34609,0,1,1,-33.778445,150.891927,7,0,2,1,0,0,3,0,3,0,7,50,0,9859,9859,1,30,5,3,0,0,0,0
1231052,3,2020,2020,8,0,9,11,27,182,34609,1,0,1,-32.833755,151.350398,17,2,1,1,3,0,0,0,3,0,7,50,0,9859,9859,8,5,40,1,0,0,0,0
1231056,3,2020,2020,8,6,5,65,4,83,34609,0,1,9,-33.883678,150.848434,41,0,2,1,3,0,0,0,2,0,7,50,0,1669,1669,3,0,5,2,0,0,0,0
1231066,3,2020,2020,7,4,0,1,1,20,34609,0,1,1,-33.405362,151.468491,16,2,2,1,2,0,3,4,0,0,7,50,0,4026,4026,1,5,5,3,0,0,0,0
1231089,3,2020,2020,0,1,5,2126,17,33,2149,0,1,9,-33.789364,150.857187,7,0,2,1,1,0,0,0,2,2,7,80,2,2852,2852,4,30,5,2,0,0,0,0
1231090,3,2020,2020,0,6,3,103,27,149,167,0,1,9,-34.00205,151.126151,25,0,2,0,1,0,0,0,1,0,7,70,2,101,101,8,5,13,2,0,0,0,0
1231094,3,2020,2020,0,1,3,177,31,174,208,0,1,1,-33.859691,150.922509,24,0,2,1,0,0,0,0,2,0,7,60,1,9859,9859,1,10,12,2,0,0,0,0
1231105,3,2020,2020,7,5,9,38,27,189,165,0,1,9,-33.941088,151.06093,15,0,2,1,1,0,0,0,2,0,7,50,1,14295,14295,3,10,5,3,0,0,0,0
1231109,3,2020,2020,3,2,0,4,10,122,34609,0,1,1,-33.431563,151.346245,16,2,2,0,2,0,0,0,0,0,7,50,0,418,714,5,5,40,1,0,0,0,0
1231120,3,2020,2020,8,5,7,104,27,387,140,0,1,1,-33.921325,151.195401,69,0,2,1,3,0,0,0,2,0,7,60,2,1981,1981,4,5,5,2,0,0,0,0
1231121,3,2020,2020,8,3,6,293,31,112,769,0,1,9,-33.607565,150.821087,29,2,2,1,3,0,0,0,2,0,7,60,2,2852,2852,4,5,36,2,0,0,0,0
1231122,3,2020,2020,8,5,10,220,27,92,222,0,1,9,-33.73275,150.943361,71,0,2,1,3,0,0,0,0,2,7,80,2,5929,5929,1,5,36,2,0,0,0,0
1231128,3,2020,2020,7,3,6,2209,17,115,2205,0,1,9,-33.916297,151.173367,32,0,2,1,3,0,0,3,2,0,0,60,2,926,926,4,0,13,2,0,0,0,0
1231131,3,2020,2020,4,2,10,3371,17,108,3342,0,1,9,-33.812482,151.175517,77,0,2,1,3,0,3,4,0,2,7,60,2,5929,5929,1,5,5,2,0,0,0,0
1231134,3,2020,2020,8,5,6,3371,17,41,3342,0,1,2,-31.461433,152.820508,56,1,0,1,3,0,0,0,2,0,7,110,2,475,475,5,0,40,1,0,0,0,0
1231139,3,2020,2020,8,1,7,3371,17,24,3342,0,1,2,-31.556786,152.744376,56,1,0,1,3,0,0,0,2,0,7,100,2,14295,14295,3,5,5,2,0,0,0,0
1231159,3,2020,2020,7,6,11,1,31,39,34609,0,1,9,-32.881023,151.656125,48,0,2,1,2,0,0,0,0,0,7,50,0,9859,9859,1,5,10,2,0,0,0,0
1231170,3,2020,2020,8,5,6,7,27,85,34609,0,1,7,-33.910835,150.871872,41,0,2,1,3,0,0,0,2,0,0,50,0,14295,14295,3,16,5,2,0,0,0,0
1231173,3,2020,2020,0,3,1,1,27,147,34609,0,1,9,-33.870144,150.992722,15,0,2,1,2,0,0,0,0,0,7,50,0,1957,777,1,0,5,2,0,0,0,0
1231174,3,2020,2020,8,4,11,3371,17,225,3342,0,1,2,-33.79441,151.178926,77,0,2,1,3,0,0,0,0,0,7,60,2,1383,1383,1,5,5,2,0,0,0,0
1231175,3,2020,2020,3,1,10,30,31,41,34609,0,1,1,-33.820373,151.010173,54,0,2,1,2,0,0,0,0,0,7,50,0,9859,9859,1,5,5,2,0,0,0,0
1231178,3,2020,2020,0,4,9,481,17,48,483,0,1,1,-33.995638,147.155258,51,1,0,1,3,0,3,4,0,0,7,110,2,4026,4026,8,29,40,1,0,0,0,0
1231180,3,2020,2020,0,1,3,26,27,103,34609,0,1,9,-32.942746,151.647522,37,0,2,1,3,0,3,3,1,0,7,60,0,2852,2852,4,21,5,2,0,0,0,0
1231182,3,2020,2020,0,3,4,3371,17,16,3342,0,1,2,-31.15332,152.821335,34,1,0,1,3,0,0,0,2,0,7,110,2,9859,9859,8,10,40,1,0,0,0,0
1231192,3,2020,2020,0,5,3,23,1,179,70,0,1,9,-31.899725,152.485405,43,2,1,1,3,0,3,4,2,2,7,50,1,14295,14295,3,5,13,2,0,0,0,0
1231193,3,2020,2020,0,0,8,294,17,215,288,0,1,9,-35.119056,147.369966,75,2,1,1,3,0,0,0,3,0,0,60,2,1383,1383,1,10,5,2,0,0,0,0
1231211,3,2020,2020,7,3,8,225,27,304,34609,0,1,1,-33.905389,151.160977,32,0,2,1,1,0,0,0,2,0,7,50,0,9859,9859,8,0,40,1,0,0,0,0
1231213,3,2020,2020,8,1,11,1,23,157,34609,0,1,1,-34.019366,151.092974,68,0,2,1,2,0,0,0,0,0,7,50,0,9859,9859,1,10,13,2,0,0,0,0
1231216,3,2020,2020,8,3,5,1052,14,77,928,0,1,3,-33.527097,151.198294,16,1,2,1,0,0,0,0,2,0,7,110,2,14295,14295,3,10,0,2,0,0,0,0
1231221,3,2020,2020,8,3,0,22,23,27,34609,0,1,9,-33.706464,150.450709,8,2,2,0,2,0,0,0,0,0,7,50,0,2585,4009,8,5,40,1,0,0,0,0
1231225,3,2020,2019,9,5,6,73,31,532,34609,0,1,0,-33.870414,151.204791,69,0,2,1,3,0,0,0,2,0,7,40,0,220,220,1,10,19,5,0,0,0,0
1231226,3,2020,2020,8,0,3,11,31,38,34609,0,1,1,-33.951173,151.065655,25,0,2,1,3,0,0,0,1,0,7,50,0,3775,3775,0,10,5,2,0,0,0,0
1231227,3,2020,2020,0,4,8,73,24,65,88,0,1,9,-33.708886,151.284059,50,0,2,1,3,0,0,0,0,0,15,70,2,301,301,4,10,12,2,0,0,0,0
1231230,3,2020,2020,3,0,4,33,27,33,154,0,1,10,-33.772864,150.873945,7,0,2,1,1,0,0,0,2,2,8,60,1,1192,1192,1,5,25,2,0,0,0,0
1231237,3,2020,2020,0,1,2,57,36,17,769,0,1,1,-33.609224,150.794206,29,2,2,0,3,0,0,0,0,0,7,70,2,1089,1089,7,10,40,1,0,0,0,0
1231241,3,2020,2020,7,3,2,82,27,84,181,0,1,10,-33.894664,151.268545,76,0,2,1,2,0,0,0,0,2,7,50,2,1850,985,5,9,40,1,0,0,0,0
1231245,3,2020,2020,8,1,6,77,10,40,331,1,0,9,-34.22723,150.590729,79,2,2,1,3,0,0,0,2,0,15,50,1,941,941,1,9,0,2,0,0,0,0
1231253,3,2020,2020,8,4,8,154,27,55,244,0,1,9,-33.901171,151.085239,15,0,2,1,3,0,3,4,2,0,7,60,2,515,515,1,0,0,2,0,0,0,0
1231254,3,2020,2020,8,0,5,169,31,108,57,0,1,1,-28.866363,153.550327,2,2,1,1,3,0,0,0,2,0,7,60,1,941,941,1,0,5,2,0,0,0,0
1231255,3,2020,2020,0,0,5,42,31,106,34609,0,1,1,-28.865245,153.049763,60,2,1,1,3,0,0,0,2,0,7,50,0,1282,1282,1,10,5,2,0,0,0,0
1231256,3,2020,2020,8,4,8,18,31,104,34609,0,1,10,-32.910092,151.707675,48,0,2,1,3,0,0,0,2,0,15,50,0,6545,6545,4,5,5,2,0,0,0,0
1231257,3,2020,2020,8,5,9,1104,14,142,962,0,1,3,-33.827724,150.996149,54,0,2,0,3,0,0,0,0,0,7,80,2,1391,1391,1,33,5,2,0,0,0,0
1231261,3,2020,2020,8,5,9,3,27,8,34609,0,1,9,-32.061642,148.263088,51,1,0,1,3,0,0,0,3,0,0,100,0,489,489,8,0,40,1,0,0,0,0
1231271,3,2020,2020,8,6,8,8,31,48,62,0,1,10,-36.673943,149.840814,5,2,1,1,1,0,0,0,2,2,7,50,1,6545,6545,4,5,5,2,0,0,0,0
1231272,3,2020,2020,8,5,3,15,27,30,34609,0,1,1,-34.498312,150.821416,80,0,2,1,3,0,0,0,1,0,7,60,0,9859,9859,1,5,5,2,0,0,0,0
1231275,3,2020,2020,3,6,3,3,1,28,34609,0,1,9,-34.554645,150.847373,62,0,2,1,2,0,0,0,0,0,7,50,0,4026,4026,8,5,40,1,0,0,0,0
1231277,3,2020,2020,8,3,2,348,17,4,232,0,1,1,-33.067601,149.935837,44,1,0,1,3,0,0,3,0,0,7,100,2,1089,1089,7,10,40,1,0,0,0,0
1231282,3,2020,2020,8,6,5,32,31,16,34609,0,1,1,-33.264839,151.490498,16,2,2,1,1,0,0,0,2,0,7,50,0,9859,9859,1,30,13,4,0,0,0,0
1231292,3,2020,2020,8,1,8,2126,17,107,2149,0,1,10,-33.883939,151.202184,69,0,2,1,3,0,0,0,2,2,7,50,2,14295,14295,3,16,36,2,0,0,0,0
1231293,3,2020,2020,8,0,7,27,27,19,39,0,1,1,-31.208793,151.094471,70,1,0,0,3,0,0,0,2,0,7,100,1,1957,4009,8,5,40,1,0,0,0,0
1231294,3,2020,2020,8,6,7,109,27,460,34609,0,1,9,-33.836789,150.991305,21,0,2,1,3,0,0,0,2,2,7,40,0,1669,1669,3,10,13,2,0,0,0,0
1231295,3,2020,2020,7,5,5,2209,17,11,2205,0,1,1,-36.208411,150.123569,23,2,1,0,3,0,0,0,2,0,7,50,2,14295,14295,3,5,5,3,0,0,0,0
1231298,3,2020,2020,8,6,7,2209,17,57,2205,0,1,9,-34.689361,150.84481,35,2,1,0,3,0,0,0,2,0,0,50,2,4552,5151,8,5,40,1,0,0,0,0
1231299,3,2020,2020,0,0,3,4,27,22,34609,0,1,2,-33.834595,150.913013,21,0,2,0,3,0,0,0,1,0,7,50,0,1850,1463,5,29,40,1,0,0,0,0
1231300,3,2020,2020,8,5,2,3371,17,5,3342,0,1,2,-33.128878,151.629929,37,0,2,1,3,0,0,0,1,0,7,90,2,4026,4026,8,5,40,1,0,0,0,0
1231301,3,2020,2020,8,1,4,2209,17,61,2205,0,1,1,-35.919245,150.084047,23,2,1,1,3,0,0,0,2,0,7,50,2,515,515,1,30,0,2,0,0,0,0
1231302,3,2020,2020,8,4,8,4,27,16,34609,0,1,1,-36.43294,150.05883,5,2,1,1,3,0,0,0,3,0,7,50,0,5929,5929,1,0,12,2,0,0,0,0
1231303,3,2020,2020,8,1,2,191,17,24,189,0,1,1,-32.01889,149.383748,51,1,0,1,3,0,0,0,1,0,7,100,2,1089,1089,7,5,40,1,0,0,0,0
1231306,3,2020,2020,8,2,8,3371,17,107,3342,0,1,9,-33.289225,151.424163,16,2,2,0,3,0,0,0,3,0,0,50,2,2852,2852,4,5,5,2,0,0,0,0
1231326,3,2020,2020,8,1,11,95,31,107,34609,0,1,1,-29.673546,152.937269,18,2,1,1,2,0,0,0,0,0,7,50,0,4026,4026,1,5,0,2,0,0,0,0
1231327,3,2020,2020,8,1,4,5,1,102,34609,0,1,1,-31.107753,150.90574,70,2,1,1,0,0,0,0,2,0,7,50,0,475,475,5,5,40,1,0,0,0,0
1231332,3,2020,2020,8,3,0,35,27,109,37,1,0,1,-33.908256,151.143944,32,0,2,1,2,0,0,0,0,0,7,50,1,9859,9859,1,5,5,3,0,0,0,0
1231335,3,2020,2020,8,2,9,28,1,126,34609,1,0,1,-33.944335,150.803405,41,0,2,1,0,0,0,0,0,0,7,60,0,237,162,8,10,40,1,0,0,0,0
1231339,3,2020,2020,8,1,5,112,27,29,769,0,1,1,-33.54142,150.633224,29,2,2,0,3,0,0,0,2,0,7,60,2,217,217,1,0,35,2,0,0,0,0
1231342,3,2020,2020,8,5,6,6,31,207,34609,1,0,1,-31.947292,141.448248,51,2,1,1,3,0,0,0,2,0,7,50,0,9859,9859,1,5,5,2,0,0,0,0
1231344,3,2020,2020,0,5,9,866,17,247,793,0,1,9,-33.815724,150.963716,21,0,2,1,3,0,0,0,0,2,7,70,2,1391,1391,1,5,0,2,0,0,0,0
1231346,3,2020,2020,8,2,10,104,27,443,702,0,1,9,-33.903465,151.064374,15,0,2,1,3,0,0,0,0,2,9,70,2,14295,14295,3,5,5,2,0,0,0,0
1231355,3,2020,2020,8,5,5,3,18,290,34609,0,1,10,-33.855943,150.986421,21,0,2,1,0,0,0,0,2,0,7,50,0,9859,9859,8,5,40,1,0,0,0,0
1231357,3,2020,2020,8,0,9,5,1,35,34609,0,1,10,-34.042711,151.049175,68,0,2,1,3,0,3,0,0,0,0,50,0,1945,1945,5,5,40,1,0,0,0,0
1231358,3,2020,2020,8,0,6,866,17,54,793,0,1,9,-33.723448,151.091276,31,0,2,0,3,0,0,3,2,2,7,70,2,14295,14295,3,10,5,2,0,0,0,0
1231359,3,2020,2020,0,3,1,71,27,19,69,0,1,1,-36.36039,148.779753,65,1,0,0,3,0,0,0,0,0,7,100,2,1089,1089,7,30,40,1,0,0,0,0
1231362,3,2020,2020,8,0,8,103,36,14,103,0,1,1,-32.332032,151.924489,43,1,0,0,0,0,0,0,0,0,7,100,1,1089,1089,7,5,40,1,0,0,0,0
1231365,3,2020,2020,4,1,4,2,31,104,34609,0,1,7,-33.725683,150.938993,7,0,2,0,1,0,0,0,2,0,7,50,0,52,52,6,5,40,1,0,0,0,0
1231373,3,2020,2020,8,5,10,193,27,438,34609,0,1,1,-33.861674,151.027957,21,0,2,1,2,0,0,0,0,0,7,60,0,9859,9859,1,33,0,4,0,0,0,0
1231378,3,2020,2020,8,1,7,1,31,57,34609,0,1,7,-32.97813,151.688934,37,0,2,1,1,0,0,0,2,0,0,50,0,6545,6545,4,30,5,2,0,0,0,0
1231380,3,2020,2020,4,5,7,10,31,127,34609,0,1,10,-33.896866,151.15446,32,0,2,1,1,0,0,0,2,0,7,60,0,9859,9859,1,0,5,2,0,0,0,0
1231383,3,2020,2020,7,2,1,2261,17,33,2252,0,1,3,-34.02861,150.823844,13,0,2,1,2,0,0,0,0,0,7,110,2,4026,4026,8,3,40,1,0,0,0,0
1231393,3,2020,2020,7,1,7,31,1,234,139,0,1,7,-34.286823,146.037483,28,2,1,1,0,0,0,0,2,0,0,50,1,1109,397,1,5,5,2,0,0,0,0
1231395,3,2020,2020,0,6,8,3371,17,463,3342,0,1,2,-30.321515,153.085121,19,1,0,0,0,0,0,0,3,0,7,100,2,2585,4009,8,34,40,1,0,0,0,0
1231398,3,2020,2020,3,4,10,1,1,83,34609,0,1,1,-29.721962,152.926243,18,2,1,0,2,0,0,0,0,0,7,50,0,4552,5151,1,0,5,2,0,0,0,0
1231408,3,2020,2020,0,1,7,2261,17,2,2252,0,1,3,-34.435693,150.425808,78,1,0,0,0,0,0,0,2,0,7,110,2,1192,1192,1,10,2,2,0,0,0,0
1231415,3,2020,2020,8,1,8,2209,17,48,2205,0,1,1,-36.670701,149.828807,5,2,1,1,0,0,0,0,0,0,7,80,2,83,83,5,5,40,1,0,0,0,0
1231446,3,2020,2020,8,4,1,13,27,5,143,0,1,1,-33.482372,149.554414,3,2,1,0,0,0,0,0,0,0,7,80,2,1089,1089,7,5,40,1,0,0,0,0
1231474,3,2020,2020,8,3,7,147,27,25,34609,0,1,10,-33.8677,151.281885,76,0,2,1,3,0,0,0,2,0,7,50,0,9859,9859,1,0,36,2,0,0,0,0
1231475,3,2020,2020,8,3,3,5,27,8,34609,0,1,1,-32.009296,148.245894,51,1,0,0,3,0,0,0,2,0,7,100,0,418,714,5,5,40,1,0,0,0,0
1231479,3,2020,2020,8,3,8,5,1,53,34609,0,1,1,-33.741603,151.294371,50,0,2,1,3,0,0,0,2,0,7,50,0,9859,9859,1,5,36,2,0,0,0,0
1231489,3,2020,2020,8,2,4,26,27,34,34609,0,1,1,-34.969888,148.97549,82,1,0,0,3,2,3,0,2,0,7,100,0,418,714,5,34,40,1,0,0,0,0
1231509,3,2020,2020,8,2,10,2,27,43,34609,0,1,1,-30.461278,153.033513,6,1,0,1,3,0,0,0,0,0,7,100,0,1089,1089,7,0,40,1,0,0,0,0
1231510,3,2020,2020,8,1,9,154,27,55,244,0,1,9,-33.902829,151.082628,15,0,2,1,3,0,0,0,0,0,0,60,2,5929,5929,1,5,5,2,0,0,0,0
1231511,3,2020,2020,8,2,8,24,31,91,160,1,0,1,-33.986388,150.893593,13,0,2,1,3,0,0,0,2,0,15,60,2,1981,1981,4,5,5,2,0,0,0,0
1231514,3,2020,2020,0,3,2,6,31,189,34609,0,1,1,-33.948854,151.05348,15,0,2,1,2,0,0,0,0,0,7,50,0,9859,9859,1,0,5,2,0,0,0,0
1231517,3,2020,2020,8,4,4,133,17,9,121,0,1,1,-36.467125,149.250101,65,1,0,0,3,0,0,0,2,0,7,100,2,1957,4009,8,5,40,1,0,0,0,0
1231518,3,2020,2020,8,4,3,7,27,61,34609,0,1,1,-33.82926,150.6781,55,0,2,1,3,0,0,0,2,0,7,70,0,14295,14295,3,10,5,2,0,0,0,0
1231520,3,2020,2020,8,5,5,163,27,73,165,0,1,9,-33.755215,150.805614,7,0,2,1,3,0,0,0,2,0,15,60,1,2852,2852,4,5,5,2,0,0,0,0
1231521,3,2020,2020,8,0,7,103,27,41,256,0,1,7,-34.114125,150.797801,13,0,2,1,3,0,0,0,2,0,0,70,2,14295,14295,3,0,13,2,0,0,0,0
1231522,3,2020,2020,8,3,5,283,27,145,702,0,1,2,-33.917747,151.065426,15,0,2,0,3,0,0,0,2,0,7,60,2,4552,5151,8,5,40,1,0,0,0,0
1231523,3,2020,2020,8,3,5,2261,17,243,2252,0,1,9,-33.947335,150.907672,41,0,2,1,3,0,0,0,2,0,7,70,2,1383,1383,1,0,5,2,0,0,0,0
1231528,3,2020,2020,0,3,1,330,23,150,112,0,1,2,-33.930667,151.236889,59,0,2,0,3,0,0,0,0,0,7,60,2,4552,5151,1,0,0,5,0,0,0,0
1231577,3,2020,2020,7,5,9,171,7,112,34609,0,1,9,-33.446918,151.443161,16,2,2,1,1,0,0,0,2,0,0,40,0,2852,2852,4,10,36,2,0,0,0,0
1231587,3,2020,2020,3,0,7,12,31,314,34609,1,0,7,-33.854717,150.934906,24,0,2,1,3,0,0,0,2,0,0,50,0,14295,14295,3,33,0,2,0,0,0,0
1231590,3,2020,2020,3,2,1,4,27,19,34609,0,1,1,-33.762179,151.091737,31,0,2,1,0,0,0,0,0,0,7,70,0,9859,9859,1,5,5,2,0,0,0,0
1231593,3,2020,2020,3,0,6,2,31,225,34609,0,1,1,-33.797214,151.190491,77,0,2,1,0,0,2,6,2,0,7,50,0,9859,9859,1,33,5,2,0,0,0,0
1231597,3,2020,2020,7,5,8,512,17,7,441,0,1,1,-32.703766,148.949856,22,1,0,0,0,0,0,0,2,0,7,110,2,2585,4009,8,5,40,1,0,0,0,0
1231623,3,2020,2020,8,4,10,74,23,30,260,0,1,9,-33.985776,151.147375,4,0,2,1,2,0,0,0,0,2,7,60,2,4552,985,8,5,40,1,0,0,0,0
1231638,3,2020,2020,8,2,11,10,27,38,34609,0,1,1,-32.93006,151.680801,37,0,2,0,2,0,0,0,0,0,7,50,0,4552,5151,8,30,40,1,0,0,0,0
1231649,3,2020,2020,8,2,9,50,27,166,799,0,1,10,-33.898552,151.176419,32,0,2,1,2,0,0,0,0,2,7,50,2,5929,5929,1,0,0,2,0,0,0,0
1231651,3,2020,2020,8,4,6,83,27,90,17,0,1,7,-33.711624,150.310455,8,2,2,0,0,0,3,0,2,0,0,50,1,6545,6545,4,8,5,2,0,0,0,0
1231666,3,2020,2020,8,2,8,1,31,443,34609,0,1,1,-33.907384,151.068746,67,0,2,1,3,0,0,0,3,0,7,50,0,77,77,1,5,5,2,0,0,0,0
1231676,3,2020,2020,8,1,8,1,27,14,34609,0,1,9,-30.470251,152.921726,6,1,0,0,3,2,3,0,2,0,7,100,0,380,714,5,8,40,1,0,0,0,0
1231677,3,2020,2020,8,5,6,125,31,438,44,0,1,9,-33.84029,151.02655,21,0,2,1,3,0,0,0,2,0,15,60,1,926,926,4,5,5,2,0,0,0,0
1231685,3,2020,2020,8,5,4,95,31,53,34609,0,1,1,-33.759392,151.162539,36,0,2,1,3,0,0,0,2,0,7,50,0,9859,9859,1,5,12,4,0,0,0,0
1231686,3,2020,2020,8,0,6,1,31,57,34609,0,1,9,-34.665018,150.850239,35,2,1,1,3,0,0,3,2,0,7,50,0,301,301,4,5,10,2,0,0,0,0
1231687,3,2020,2020,8,6,6,113,27,104,111,0,1,1,-33.790064,150.770086,55,0,2,1,3,0,0,0,2,0,7,60,2,14295,14295,3,10,13,2,0,0,0,0
1231688,3,2020,2020,8,4,2,916,17,23,917,0,1,1,-31.703072,150.776654,51,1,0,1,3,0,0,0,0,0,7,100,2,84,84,8,0,40,1,0,0,0,0
1231692,3,2020,2020,8,0,9,5,10,67,34609,0,1,10,-33.705771,150.912613,7,0,2,1,3,0,0,0,0,2,7,50,0,6545,6545,4,5,12,2,0,0,0,0