Crash ID,Degree of crash - detailed,Reporting year,Year of crash,Month of crash,Day of week of crash,Two-hour intervals,Street of crash,Street type,Town,Route no.,School zone location,School zone active,Type of location,Latitude,Longitude,LGA,Urbanisation,Conurbation 1,Alignment,Street lighting,Road surface,Surface condition,Weather,Natural lighting,Signals operation,Other traffic control,Speed limit,Road classification,RUM - code,DCA - code,First impact type,Key TU type,Other TU type,No. of traffic units involved,No. killed,No. seriously injured,No. moderately injured,No. minor-other injured
1231698,3,2020,2020,8,0,8,2209,17,64,2205,0,1,10,-34.383529,150.900309,80,0,2,1,3,0,0,0,2,2,7,80,2,5929,5929,1,5,0,2,0,0,0,0
1231700,3,2020,2020,8,0,3,100,27,127,100,0,1,10,-33.841587,150.853932,24,0,2,1,3,0,3,4,1,2,9,70,2,14295,14295,3,5,0,2,0,0,0,0
1231703,3,2020,2020,8,0,11,30,27,21,34609,0,1,1,-33.598524,150.650538,29,2,2,1,0,2,0,0,0,0,7,60,0,9859,9859,8,34,40,1,0,0,0,0
1231734,3,2020,2020,8,6,8,14,27,6,34609,0,1,1,-30.729444,152.839086,47,2,1,1,3,0,0,0,3,0,7,80,0,1945,1945,5,5,40,1,0,0,0,0
1231735,3,2020,2020,8,1,9,3371,17,147,3342,0,1,9,-33.741708,151.139012,36,0,2,1,3,0,3,3,3,2,7,60,2,5929,5929,1,5,5,2,0,0,0,0
1231736,3,2020,2020,8,6,3,1,10,609,34609,0,1,7,-33.791537,150.894468,7,0,2,0,3,0,0,0,1,0,0,60,0,1282,1282,1,5,35,2,0,0,0,0
1231737,3,2020,2020,8,6,5,1,27,33,34609,0,1,1,-33.41659,151.354343,16,2,2,1,3,0,0,0,2,0,7,50,0,237,162,8,5,40,1,0,0,0,0
1231742,3,2020,2020,8,0,10,829,31,173,34609,0,1,9,-33.875951,151.221969,69,0,2,1,2,0,3,4,0,0,9,50,0,2585,777,1,5,5,2,0,0,0,0
1231744,3,2020,2020,0,2,10,9,31,290,34609,0,1,1,-33.852074,150.989833,21,0,2,1,1,0,0,0,0,0,7,50,0,3775,3775,0,5,0,3,0,0,0,0
1231762,3,2020,2020,8,2,11,4,10,12,34609,1,0,9,-32.931411,151.592945,37,0,2,1,2,0,0,0,0,0,0,60,0,489,489,8,10,40,1,0,0,0,0
1231771,3,2020,2020,8,0,11,84,27,61,415,0,1,2,-33.765304,151.136893,36,0,2,1,3,0,3,4,0,0,7,70,2,9859,9859,8,5,40,1,0,0,0,0
1231772,3,2020,2020,8,2,4,7,27,21,81,0,1,1,-32.089625,152.475315,43,1,0,0,3,0,3,3,2,0,7,90,2,2585,4009,8,33,40,1,0,0,0,0
1231778,3,2020,2020,8,1,4,3,10,463,34609,1,2,9,-30.281444,153.111669,19,2,1,1,3,0,0,0,2,0,7,40,0,1391,1391,1,10,13,2,0,0,0,0
1231781,3,2020,2020,8,5,7,18,31,40,34609,0,1,10,-34.222069,150.585205,79,2,2,1,3,0,0,0,2,0,0,50,0,6545,6545,4,0,5,2,0,0,0,0
1231782,3,2020,2020,8,1,3,2126,17,60,2149,0,1,2,-33.615164,150.27212,8,2,2,1,3,0,3,3,2,0,7,80,2,14295,14295,3,0,13,2,0,0,0,0
1231783,3,2020,2020,8,6,8,154,27,293,244,0,1,9,-33.926017,151.054,15,0,2,1,3,0,0,0,3,2,7,60,2,14295,14295,3,5,0,3,0,0,0,0
1231790,3,2020,2020,8,2,0,19,27,143,34609,0,1,1,-33.871438,151.108199,9,0,2,1,2,0,0,0,0,0,7,50,0,4026,4026,1,10,5,2,0,0,0,0
1231793,3,2020,2020,0,2,11,2,31,316,34609,0,1,9,-33.912767,151.246295,59,0,2,1,2,0,0,0,0,0,7,50,0,4026,4026,8,34,40,1,0,0,0,0
1231796,3,2020,2020,7,4,8,9,31,609,48,0,1,9,-33.764272,150.893329,7,0,2,1,0,0,0,0,2,0,0,60,1,515,515,1,5,12,2,0,0,0,0
1231799,3,2020,2020,8,4,0,125,27,48,144,0,1,7,-32.724492,152.140769,57,2,1,1,2,0,0,0,0,0,0,50,2,4026,4026,8,5,40,1,0,0,0,0
1231820,3,2020,2020,0,2,8,22,10,165,34609,0,1,1,-33.857258,151.156416,14,0,2,0,1,0,0,0,2,0,7,40,0,4552,5151,1,16,5,2,0,0,0,0
1231836,3,2020,2020,0,4,10,1,31,562,34609,0,1,9,-32.256416,148.613317,22,2,1,1,2,0,0,0,0,0,0,50,0,2585,777,8,5,40,1,0,0,0,0
1231844,3,2020,2020,7,2,2,2,10,6,34609,1,0,1,-33.327924,151.433231,16,2,2,1,2,0,0,0,0,0,7,50,0,4026,4026,8,5,40,1,0,0,0,0
1231860,3,2020,2020,0,5,1,1,1,119,34609,0,1,9,-32.757158,151.761425,57,2,1,1,2,0,0,0,0,0,7,50,0,9859,9859,8,5,40,1,0,0,0,0
1231863,3,2020,2020,0,5,0,2209,17,106,2205,0,1,9,-34.571061,150.814114,62,0,2,0,2,0,0,0,0,2,7,80,2,1259,5151,8,30,40,1,0,0,0,0
1231872,3,2020,2020,8,6,3,13,31,234,34609,0,1,10,-34.284465,146.051169,28,2,1,1,3,0,3,3,2,0,0,50,0,6545,6545,4,5,13,2,0,0,0,0
1231879,3,2020,2020,8,0,6,485,27,52,769,0,1,9,-33.696798,150.927351,7,0,2,0,3,0,0,0,2,3,9,80,2,14295,14295,3,34,13,2,0,0,0,0
1231880,3,2020,2020,8,2,4,5,27,107,34609,0,1,4,-33.290345,151.424033,16,2,2,0,3,0,3,0,2,0,7,50,0,3775,3775,0,5,0,2,0,0,0,0
1231884,3,2020,2020,8,6,8,103,36,13,157,0,1,1,-28.378385,152.6997,51,1,0,0,3,0,3,3,3,0,7,100,2,2585,4009,8,5,40,1,0,0,0,0
1231885,3,2020,2020,8,0,10,2126,17,223,2149,0,1,10,-33.805033,150.927543,7,0,2,1,3,0,3,4,0,2,7,80,2,2852,2852,4,5,25,2,0,0,0,0
1231886,3,2020,2020,8,1,8,69,31,93,34609,0,1,1,-36.075742,146.940333,0,2,1,1,3,0,0,0,2,0,7,50,0,9859,9859,1,9,5,2,0,0,0,0
1231889,3,2020,2020,8,6,2,2,31,134,34609,0,1,1,-33.507798,151.31155,16,2,2,1,3,0,0,0,0,0,7,50,0,77,77,1,10,13,2,0,0,0,0
1231908,3,2020,2020,8,6,10,234,27,323,217,0,1,2,-33.759196,150.992915,71,0,2,1,2,0,0,0,0,0,7,60,2,9859,9859,8,5,40,1,0,0,0,0
1231919,3,2020,2020,8,4,11,42,27,134,56,0,1,1,-33.89277,151.241395,76,0,2,1,3,0,3,3,0,0,7,50,1,9859,9859,1,5,5,2,0,0,0,0
1231921,3,2020,2020,8,6,10,76,24,164,154,0,1,10,-33.72413,150.889044,7,0,2,1,3,0,0,0,0,2,7,70,1,926,926,4,5,5,2,0,0,0,0
1231924,3,2020,2020,8,1,10,2261,17,523,2252,0,1,9,-33.932404,150.916854,41,0,2,1,3,0,3,4,0,3,7,60,2,84,84,6,5,40,1,0,0,0,0
1231925,3,2020,2020,8,3,7,24,31,42,34609,1,0,9,-33.917587,150.899109,41,0,2,1,3,0,0,0,2,0,7,50,0,9859,9859,8,5,40,1,0,0,0,0
1231926,3,2020,2020,8,0,5,224,27,102,321,0,1,2,-33.967283,151.230719,59,0,2,1,3,0,0,0,2,0,7,60,2,9859,9859,8,30,40,1,0,0,0,0
1231928,3,2020,2020,8,2,9,128,27,74,133,0,1,9,-33.766227,150.679596,55,0,2,1,3,0,0,0,0,2,7,60,2,5929,5929,1,5,36,2,0,0,0,0
1231929,3,2020,2020,8,5,8,14,17,112,114,0,1,1,-33.459378,151.418493,16,2,2,1,3,0,0,0,3,0,7,70,2,1089,1089,7,5,40,1,0,0,0,0
1231932,3,2020,2020,8,0,6,114,27,21,65,0,1,1,-33.364817,151.163157,16,2,2,0,3,0,3,4,2,0,7,80,2,1957,4009,8,10,40,1,0,0,0,0
1231933,3,2020,2020,8,4,10,11,31,115,34609,0,1,1,-34.033836,151.0718,68,0,2,1,3,0,3,4,0,0,7,50,0,941,941,1,5,13,2,0,0,0,0
1231935,3,2020,2020,8,6,0,1,27,147,34609,0,1,1,-33.865991,150.989572,15,0,2,1,3,0,0,0,0,0,7,50,0,9859,9859,8,0,40,1,0,0,0,0
1231938,3,2020,2020,8,1,9,7,27,433,34609,0,1,1,-33.242997,149.10581,52,2,1,1,3,0,0,0,3,0,7,80,0,9859,9859,8,34,40,1,0,0,0,0
1231940,3,2020,2020,8,5,7,169,31,44,57,0,1,7,-28.863308,153.53989,2,2,1,1,3,0,3,3,2,0,0,60,1,6545,6545,4,10,27,2,0,0,0,0
1231943,3,2020,2020,8,3,6,132,31,77,126,0,1,10,-33.888649,151.198898,69,0,2,1,3,0,3,0,2,2,9,50,2,623,623,3,5,5,2,0,0,0,0
1231952,3,2020,2020,4,4,2,232,36,79,331,0,1,2,-34.019902,150.761103,12,0,2,1,2,0,0,3,1,0,7,80,2,14295,14295,3,5,5,2,0,0,0,0
1231958,3,2020,2020,8,6,7,118,17,35,118,0,1,1,-30.08474,147.466325,51,1,0,1,3,0,0,0,2,0,7,110,2,1945,1945,5,26,40,1,0,0,0,0
1231972,3,2020,2020,8,2,0,40,27,59,39,0,1,1,-33.175934,151.487274,37,0,2,0,2,0,0,0,0,0,7,60,1,4552,5151,8,10,40,1,0,0,0,0
1231976,3,2020,2020,8,6,7,296,27,283,293,0,1,2,-33.829128,151.004339,21,0,2,1,1,0,0,0,2,0,7,60,2,1383,1383,1,0,0,3,0,0,0,0
1231978,3,2020,2020,0,2,9,17,36,32,34609,0,1,1,-34.839369,149.012472,82,1,0,0,0,0,0,0,0,0,7,100,0,4552,5151,8,5,40,1,0,0,0,0
1231983,3,2020,2020,8,2,5,2,27,14,34609,0,1,1,-33.599335,150.911339,29,2,2,1,3,0,0,0,2,0,7,70,0,4026,4026,8,34,40,1,0,0,0,0
1231990,3,2020,2020,8,0,4,51,27,22,34609,0,1,9,-33.924366,150.872299,41,0,2,1,3,0,0,0,2,0,7,50,0,4552,985,8,0,40,1,0,0,0,0
1231991,3,2020,2020,8,5,4,55,27,126,38,0,1,2,-33.949892,150.80426,41,0,2,1,3,0,0,0,2,0,7,80,2,14295,14295,3,8,36,2,0,0,0,0
1231994,3,2020,2020,8,6,7,330,27,49,605,0,1,10,-33.718575,151.297867,50,0,2,1,3,0,0,0,2,2,9,60,2,14295,14295,3,10,0,3,0,0,0,0
1231998,3,2020,2020,8,1,7,481,17,10,483,0,1,9,-35.304966,145.792254,51,1,0,1,3,0,0,0,2,0,7,110,2,1850,985,5,3,40,1,0,0,0,0
1232000,3,2020,2020,8,4,8,95,31,370,15,0,1,9,-34.060154,150.820129,13,0,2,1,3,0,0,0,2,2,7,60,1,515,515,1,19,5,2,0,0,0,0
1232005,3,2020,2020,8,0,3,866,17,36,793,1,0,10,-33.793976,151.018129,54,0,2,1,3,0,0,0,1,2,7,60,2,1192,1192,1,5,5,2,0,0,0,0
1232008,3,2020,2020,8,2,4,32,27,14,27,0,1,1,-33.657056,151.270842,50,0,2,0,3,0,3,0,2,0,7,50,2,1850,1463,5,5,40,1,0,0,0,0
1232010,3,2020,2020,8,6,9,1,27,96,34609,0,1,1,-33.420704,148.067961,51,1,0,1,3,2,0,0,0,0,7,100,0,404,404,8,10,40,1,0,0,0,0
1232014,3,2020,2020,8,3,7,6,31,90,34609,0,1,9,-33.723438,150.311279,8,2,2,1,3,0,0,0,2,0,7,50,0,2852,2852,4,30,5,2,0,0,0,0
1232016,3,2020,2019,8,4,10,177,31,174,208,0,1,9,-33.859875,150.92392,24,0,2,1,0,0,0,0,0,0,8,50,1,1282,1282,1,33,40,4,0,0,0,0
1232017,3,2020,2020,8,2,2,478,17,70,480,1,0,2,-33.437112,151.351617,16,2,2,1,3,0,3,4,0,0,7,60,2,4026,4026,8,0,40,1,0,0,0,0
1232019,3,2020,2020,8,0,4,3,27,201,34609,0,1,1,-33.993309,150.865794,13,0,2,1,3,0,0,0,2,0,7,50,0,186,186,1,8,5,2,0,0,0,0
1232023,3,2020,2020,8,4,8,10,27,3,34609,0,1,9,-34.595448,150.34883,78,1,0,1,3,0,0,0,2,0,15,90,0,1957,777,8,5,40,1,0,0,0,0
1232025,3,2020,2020,8,4,6,2209,17,57,2205,0,1,2,-34.688975,150.843994,35,1,0,1,3,0,3,4,2,0,7,100,2,9859,9859,8,0,40,1,0,0,0,0
1232028,3,2020,2020,3,4,2,7,31,147,34609,0,1,9,-33.869927,151.118581,14,0,2,1,2,0,0,0,0,0,7,50,0,9859,9859,1,5,5,2,0,0,0,0
1232031,3,2020,2020,8,4,9,9,27,4,34609,0,1,1,-35.090638,147.444073,75,1,0,1,3,0,3,1,3,0,7,100,0,1089,1089,7,9,40,1,0,0,0,0
1232038,3,2020,2020,8,2,3,35,27,22,49,0,1,1,-31.333293,150.648204,51,1,0,1,3,0,0,0,1,0,7,100,1,9859,9859,8,5,40,1,0,0,0,0
1232039,3,2020,2020,8,0,7,123,27,316,25,0,1,1,-33.910647,151.251069,59,0,2,1,3,0,3,4,2,0,7,50,1,9859,9859,1,0,0,3,0,0,0,0
1232049,3,2020,2020,8,5,2,2,27,54,34609,0,1,9,-33.612546,150.868545,29,2,2,1,0,0,3,1,0,0,7,70,0,4026,4026,8,5,40,1,0,0,0,0
1232052,3,2020,2020,0,5,9,3,27,112,34609,0,1,1,-33.446302,151.440349,16,2,2,1,2,0,0,0,0,0,7,50,0,9859,9859,1,5,5,2,0,0,0,0
1232063,3,2020,2020,8,4,9,43,1,17,1,0,1,1,-33.75509,150.817467,7,0,2,1,2,0,0,0,0,0,7,60,1,9859,9859,8,10,40,1,0,0,0,0
1232067,3,2020,2020,8,1,8,177,31,314,208,0,1,7,-33.860453,150.9279,24,0,2,1,0,0,0,0,2,0,0,60,1,1282,1282,1,5,5,2,0,0,0,0
1232078,3,2020,2020,8,6,8,2,1,323,34609,0,1,1,-33.751413,150.965945,71,0,2,1,2,0,0,0,0,0,7,50,0,4026,4026,1,5,5,2,0,0,0,0
1232082,3,2020,2020,8,2,9,334,17,53,308,0,1,10,-31.090876,150.928274,70,2,1,1,2,0,0,0,0,2,8,50,2,5929,5929,1,30,5,2,0,0,0,0
1232084,3,2020,2020,3,6,8,132,31,45,126,0,1,9,-33.888444,151.197548,69,0,2,1,1,0,0,3,2,0,0,50,2,775,775,4,5,10,2,0,0,0,0
1232091,3,2020,2020,8,3,6,7,10,60,34609,0,1,7,-34.029519,150.733835,12,0,2,1,1,0,0,0,2,0,0,50,0,14295,14295,3,0,5,2,0,0,0,0
1232117,3,2020,2020,3,6,4,515,14,202,518,0,1,3,-33.940046,151.030965,15,0,2,1,0,0,0,0,2,0,7,100,2,4026,4026,8,5,40,1,0,0,0,0
1232181,3,2020,2019,11,6,7,133,23,21,34609,0,1,9,-34.380957,150.912673,80,0,2,1,1,0,0,0,2,0,7,50,0,3775,3775,0,10,5,2,0,0,0,0
1232183,3,2020,2020,8,6,4,5,27,4,34609,0,1,7,-33.359972,151.495543,16,2,2,1,1,0,0,0,2,0,0,50,0,4026,4026,8,5,40,1,0,0,0,0
1232186,3,2020,2020,8,2,10,16,31,82,34609,0,1,1,-34.373979,150.899605,80,0,2,1,2,0,0,0,0,0,7,50,0,1282,1282,1,33,5,2,0,0,0,0
1232202,3,2020,2020,7,1,3,149,27,52,198,0,1,1,-33.965277,150.968436,41,0,2,1,3,0,0,0,2,0,7,60,2,14295,14295,3,0,13,2,0,0,0,0
1232203,3,2020,2020,8,0,6,118,27,646,118,0,1,9,-33.921844,151.031067,15,0,2,1,3,0,0,0,2,0,7,50,1,5929,5929,1,0,0,2,0,0,0,0
1232204,3,2020,2020,8,4,8,1104,14,223,962,0,1,3,-33.805536,150.915943,7,0,2,1,3,0,0,0,2,0,7,100,2,14295,14295,3,10,5,2,0,0,0,0
1232205,3,2020,2020,8,1,9,308,14,46,311,0,1,3,-33.929587,150.866639,41,0,2,1,3,0,3,0,0,0,7,100,2,1192,1192,1,5,31,2,0,0,0,0
1232218,3,2020,2020,8,6,6,36,27,71,55,1,0,1,-33.840073,150.975431,21,0,2,1,3,0,0,0,2,0,7,50,1,77,77,1,0,36,2,0,0,0,0
1232228,3,2020,2020,8,6,1,55,36,155,95,0,1,1,-33.143212,148.230254,53,1,0,1,3,0,0,0,0,0,7,100,2,9859,9859,8,0,40,1,0,0,0,0
1232232,3,2020,2020,8,2,9,7,31,57,52,0,1,10,-33.898254,151.169856,32,0,2,1,2,0,0,0,0,0,0,60,1,6545,6545,4,5,0,2,0,0,0,0
1232239,3,2020,2020,8,1,7,2126,17,60,2149,0,1,9,-33.650016,150.28498,8,2,2,0,1,0,3,4,2,0,15,60,2,775,775,4,5,5,2,0,0,0,0
1232245,3,2020,2020,8,4,10,133,31,646,97,0,1,1,-33.917724,151.028091,15,0,2,1,2,0,3,4,0,0,7,60,1,190,190,1,5,5,2,0,0,0,0
1232249,3,2020,2020,8,3,8,36,27,22,34609,0,1,1,-36.050058,146.913846,0,2,1,0,2,0,0,0,0,0,7,60,0,4552,5151,1,5,13,3,0,0,0,0
1232250,3,2020,2020,8,5,4,866,17,54,793,0,1,9,-33.723332,151.091235,31,0,2,0,3,0,3,4,2,2,7,70,2,1391,1391,1,5,35,2,0,0,0,0
1232253,3,2020,2020,8,4,3,4,27,89,34609,0,1,7,-33.858624,150.875122,24,0,2,1,3,0,0,0,2,0,7,50,0,5929,5929,1,0,5,2,0,0,0,0
1232255,3,2020,2020,8,5,10,23,1,58,34609,0,1,7,-34.411503,150.885294,80,0,2,0,3,0,3,4,0,0,7,50,0,4552,985,8,5,40,1,0,0,0,0
1232262,3,2020,2020,8,0,5,3,7,46,34609,0,1,9,-33.884556,150.961884,24,0,2,1,3,0,0,3,2,0,7,50,0,1282,1282,1,5,5,2,0,0,0,0
1232264,3,2020,2020,8,6,10,6,27,45,34609,1,0,9,-33.346258,151.494388,16,2,2,1,2,0,0,0,0,0,0,50,0,9859,9859,1,5,0,3,0,0,0,0
1232278,3,2020,2020,8,2,4,175,27,86,220,0,1,10,-33.747549,150.916422,7,0,2,1,0,0,0,0,2,3,7,70,2,1957,777,8,5,40,1,0,0,0,0
1232295,3,2020,2020,8,1,8,26,31,646,118,0,1,9,-33.914196,151.031891,15,0,2,1,3,0,0,0,3,2,7,60,1,4552,985,8,0,40,1,0,0,0,0
1232299,3,2020,2020,8,6,11,5,31,207,34609,1,0,10,-31.982308,141.460087,51,2,1,1,2,0,0,0,0,0,6,50,0,1957,777,8,5,40,1,0,0,0,0
1232300,3,2020,2020,8,2,11,220,14,51,220,0,1,3,-34.478168,150.826609,80,0,2,1,0,0,0,0,0,0,7,100,2,14295,14295,3,30,5,2,0,0,0,0
1232313,3,2020,2020,8,5,9,2,27,10,34609,0,1,1,-30.345374,153.067922,19,2,1,1,0,0,3,4,0,0,7,50,0,9859,9859,8,10,40,1,0,0,0,0
1232318,3,2020,2020,8,4,9,51,27,17,45,1,0,2,-33.743166,150.81338,7,0,2,1,2,0,0,0,0,0,7,60,1,9859,9859,8,10,40,1,0,0,0,0
1232319,3,2020,2020,8,1,5,4,31,246,34609,0,1,1,-33.920626,151.195828,69,0,2,1,0,0,0,0,2,0,7,50,0,1282,1282,1,8,5,2,0,0,0,0
1232346,3,2020,2020,8,1,9,31,27,79,33,0,1,2,-33.58699,150.709059,29,2,2,0,3,0,3,4,3,0,7,70,1,1259,5151,8,5,40,1,0,0,0,0
1232353,3,2020,2020,8,0,9,1,31,82,34609,0,1,9,-33.798245,151.258302,50,0,2,1,2,0,3,4,0,0,0,50,0,4026,4026,8,0,40,1,0,0,0,0
1232357,3,2020,2020,0,5,5,47,27,18,34609,0,1,1,-33.736155,151.289763,50,0,2,1,0,0,0,0,2,0,7,50,0,190,190,1,0,5,4,0,0,0,0
1232360,3,2020,2020,8,5,6,308,14,86,311,0,1,3,-33.750191,150.947907,7,0,2,0,3,0,0,0,2,0,7,100,2,14295,14295,3,5,10,2,0,0,0,0
1232365,3,2020,2020,8,1,8,40,10,56,174,0,1,9,-32.755042,151.33975,17,1,0,1,3,0,3,4,3,0,7,90,2,1850,777,5,5,40,1,0,0,0,0
1232366,3,2020,2020,8,3,10,171,1,387,104,0,1,2,-33.935549,151.203892,4,0,2,1,3,0,0,0,0,0,7,70,2,204,204,1,5,5,2,0,0,0,0
1232367,3,2020,2020,8,4,6,39,31,36,34609,0,1,10,-36.089583,146.919214,0,2,1,1,3,0,0,0,2,0,0,50,0,6545,6545,4,10,0,2,0,0,0,0
1232368,3,2020,2020,8,1,2,4,1,363,34609,0,1,9,-33.739012,150.711729,55,0,2,0,3,0,0,0,0,0,0,50,0,4552,985,8,5,40,1,0,0,0,0
1232370,3,2020,2020,8,1,3,29,31,88,15,0,1,1,-33.752576,150.84889,7,0,2,1,3,0,0,3,2,0,7,60,1,9859,9859,1,9,5,2,0,0,0,0
1232377,3,2020,2020,8,4,4,9,31,120,34609,0,1,2,-32.194074,152.513422,43,2,1,1,3,0,0,0,2,0,7,50,0,9859,9859,8,5,40,1,0,0,0,0
1232379,3,2020,2020,8,2,7,346,17,13,332,0,1,9,-28.90689,152.713457,51,1,0,1,3,0,0,0,2,0,7,100,2,9859,9859,8,10,40,1,0,0,0,0
1232382,3,2020,2020,8,4,7,47,27,293,69,0,1,1,-33.940288,151.229739,59,0,2,1,3,0,3,3,2,0,7,60,1,14295,14295,3,10,5,2,0,0,0,0
1232384,3,2020,2020,3,4,3,512,17,28,441,0,1,1,-33.066864,148.858259,11,1,0,1,3,0,0,0,1,0,7,100,2,9859,9859,8,10,40,1,0,0,0,0
1232386,3,2020,2020,8,5,2,3371,17,19,3342,0,1,1,-33.385805,151.354203,16,2,2,0,3,0,3,4,1,0,7,60,2,1850,1463,5,5,40,1,0,0,0,0
1232393,3,2020,2020,8,4,11,1,1,21,34609,0,1,1,-33.703572,151.277757,50,0,2,1,2,0,0,0,0,0,7,60,0,9859,9859,1,0,41,2,0,0,0,0
1232394,3,2020,2020,8,6,4,92,27,55,34609,0,1,4,-33.884341,151.269308,76,0,2,0,0,0,0,0,2,0,7,50,0,57,57,1,10,5,2,0,0,0,0
1232412,3,2020,2020,7,0,6,83,31,523,7,0,1,10,-33.924577,150.920853,41,0,2,1,1,0,0,0,2,3,7,50,1,1282,1282,1,33,0,2,0,0,0,0
1232421,3,2020,2020,8,5,11,916,17,44,917,0,1,2,-32.082658,150.868714,73,1,0,1,0,0,0,0,0,0,7,100,2,4026,4026,8,30,40,1,0,0,0,0
1232422,3,2020,2020,0,2,9,361,23,44,165,0,1,1,-33.970112,151.115579,25,0,2,1,2,0,0,0,0,0,7,50,1,14295,14295,3,5,5,3,0,0,0,0
1232426,3,2020,2020,0,5,3,916,17,6,917,0,1,1,-29.677997,151.769047,51,1,0,1,0,0,0,0,2,0,7,100,2,623,623,3,10,2,2,0,0,0,0
1232431,3,2020,2020,0,0,10,1,27,29,34609,0,1,7,-34.407883,150.87693,80,0,2,1,2,0,0,0,0,0,7,40,0,945,945,5,5,40,1,0,0,0,0
1232437,3,2020,2020,0,3,0,13,31,127,34609,0,1,9,-33.894275,151.158579,32,0,2,1,2,0,0,0,0,0,7,50,0,9859,9859,1,5,5,2,0,0,0,0
1232447,3,2020,2020,8,2,9,3,27,16,34609,0,1,9,-34.587866,146.378524,51,2,1,1,0,0,0,0,0,0,7,80,0,489,489,8,10,40,1,0,0,0,0
1232459,3,2020,2020,8,3,9,21,27,45,34609,0,1,1,-32.561124,151.164537,64,2,1,0,2,0,3,0,0,0,7,50,0,1259,5151,8,5,40,1,0,0,0,0
1232461,3,2020,2020,8,6,7,37,31,316,34609,0,1,10,-31.438816,152.922182,56,2,1,1,1,0,0,0,2,0,0,50,0,6545,6545,4,5,5,2,0,0,0,0
1232464,3,2020,2020,8,4,5,6,27,98,34609,0,1,1,-33.761439,151.055035,54,0,2,1,3,0,0,0,2,0,7,50,0,4026,4026,1,10,0,2,0,0,0,0
1232465,3,2020,2020,8,2,5,296,27,147,293,1,0,9,-33.867108,150.988132,15,0,2,1,3,0,3,4,2,2,7,70,2,14295,14295,3,5,5,2,0,0,0,0
1232469,3,2020,2020,8,0,7,8,1,69,34609,1,2,2,-32.935145,151.761401,48,0,2,1,3,0,0,3,2,0,7,40,0,220,220,1,0,14,2,0,0,0,0
1232472,3,2020,2020,8,4,3,45,27,60,44,0,1,2,-33.831348,151.146012,51,0,2,1,3,0,0,0,2,0,7,70,2,14295,14295,3,5,0,2,0,0,0,0
1232476,3,2020,2020,8,4,3,1,27,1,34609,0,1,1,-28.474794,152.869293,51,1,0,1,3,2,0,3,2,0,7,100,0,9859,9859,8,5,40,1,0,0,0,0
1232479,3,2020,2019,2,6,0,22,27,18,147,0,1,7,-28.688062,153.607859,10,2,1,1,2,0,0,0,0,2,0,50,1,475,475,5,5,40,1,0,0,0,0
1232489,3,2020,2020,3,5,0,17,27,31,17,0,1,1,-35.175924,148.125786,20,1,0,0,0,0,0,0,0,0,7,100,2,2585,4009,8,34,40,1,0,0,0,0
1232495,3,2020,2020,8,3,0,77,27,16,58,0,1,9,-34.791248,150.559775,63,2,1,0,3,0,3,0,0,0,7,60,2,273,957,5,5,40,1,0,0,0,0
1232496,3,2020,2020,8,3,6,7,27,26,34609,0,1,10,-33.28075,151.567368,16,2,2,1,3,0,0,3,2,0,15,50,0,6545,6545,4,5,5,2,0,0,0,0
1232507,3,2020,2020,8,5,4,3371,17,100,3342,0,1,9,-33.812065,151.175437,38,0,2,0,3,0,3,4,2,2,7,60,2,14295,14295,3,5,0,2,0,0,0,0
1232508,3,2020,2020,8,0,7,21,27,10,61,0,1,1,-33.955388,146.123138,51,1,0,1,3,0,0,0,2,0,7,100,1,9859,9859,8,8,40,1,0,0,0,0
1232509,3,2020,2020,8,0,9,48,10,19,121,0,1,1,-31.417444,152.852663,56,2,1,0,3,0,0,0,0,0,7,80,1,4552,5151,8,5,40,1,0,0,0,0
1232510,3,2020,2020,8,0,6,916,17,17,917,0,1,10,-32.174219,150.89022,73,2,1,1,3,0,0,0,2,0,0,50,2,1669,1669,3,0,5,2,0,0,0,0
1232513,3,2020,2020,8,4,0,20,31,165,34609,0,1,9,-32.286154,150.901266,46,2,1,1,2,0,3,0,0,0,7,50,0,380,777,5,34,40,1,0,0,0,0
1232530,3,2020,2020,8,5,6,1,7,16,34609,0,1,9,-33.743503,150.74429,55,0,2,1,1,0,3,3,2,0,7,50,0,4026,4026,1,5,41,2,0,0,0,0
1232540,3,2020,2020,0,1,8,72,31,176,62,0,1,10,-33.949735,151.14888,4,0,2,1,1,0,0,0,2,2,8,60,1,6545,6545,4,5,0,2,0,0,0,0
1232545,3,2020,2020,8,6,8,135,17,131,136,1,0,10,-36.075187,146.925289,0,2,1,1,3,0,0,0,3,2,7,60,2,5929,5929,1,5,5,2,0,0,0,0
1232546,3,2020,2020,8,2,7,6,1,44,34609,0,1,7,-34.564277,150.864739,62,0,2,1,3,0,0,0,2,0,0,50,0,945,945,5,5,40,1,0,0,0,0
1232549,3,2020,2020,8,6,4,2261,17,11,2252,0,1,2,-35.915395,147.113505,27,1,0,1,3,0,0,3,2,0,7,110,2,4026,4026,8,10,40,1,0,0,0,0
1232550,3,2020,2020,8,0,11,59,10,34,231,0,1,1,-33.496072,151.353516,16,2,2,0,3,0,3,4,0,0,7,60,2,2585,4009,8,5,40,1,0,0,0,0
1232551,3,2020,2020,8,3,6,1,27,16,34609,0,1,1,-33.274781,151.489705,16,2,2,1,3,0,0,0,2,0,7,50,0,9859,9859,1,10,5,2,0,0,0,0
1232552,3,2020,2020,8,3,8,361,23,84,35,0,1,1,-33.887489,150.943148,24,0,2,1,3,0,0,3,2,0,7,60,1,1981,1981,4,5,5,2,0,0,0,0