Crash ID,Degree of crash - detailed,Reporting year,Year of crash,Month of crash,Day of week of crash,Two-hour intervals,Street of crash,Street type,Town,Route no.,School zone location,School zone active,Type of location,Latitude,Longitude,LGA,Urbanisation,Conurbation 1,Alignment,Street lighting,Road surface,Surface condition,Weather,Natural lighting,Signals operation,Other traffic control,Speed limit,Road classification,RUM - code,DCA - code,First impact type,Key TU type,Other TU type,No. of traffic units involved,No. killed,No. seriously injured,No. moderately injured,No. minor-other injured
1232553,3,2020,2020,8,1,3,3371,17,58,3342,0,1,2,-33.751466,151.147658,36,0,2,1,3,0,0,3,2,0,7,60,2,1391,1391,1,5,5,2,0,0,0,0
1232554,3,2020,2020,8,6,11,1,1,133,34609,0,1,1,-34.511889,150.783009,80,0,2,0,2,0,0,0,0,0,7,50,0,4552,5151,8,10,40,1,0,0,0,0
1232558,3,2020,2020,8,3,8,2,27,22,34609,0,1,1,-31.317303,150.632528,51,1,0,1,3,2,0,0,2,0,7,100,0,1089,1089,7,0,40,1,0,0,0,0
1232560,3,2020,2020,8,6,7,57,27,337,47,0,1,9,-33.726388,150.990221,71,0,2,1,3,0,0,0,2,2,7,60,2,6545,6545,4,0,0,3,0,0,0,0
1232564,3,2020,2020,8,2,10,63,27,187,17,0,1,1,-33.889121,150.992216,15,0,2,1,3,0,3,3,0,0,9,60,1,14295,14295,3,10,5,2,0,0,0,0
1232565,3,2020,2020,8,5,9,63,17,112,114,0,1,1,-33.461324,151.415369,16,2,2,1,3,0,0,0,0,0,7,70,2,9859,9859,1,5,13,2,0,0,0,0
1232568,3,2020,2020,8,2,8,829,27,309,770,0,1,9,-33.815449,151.100517,61,0,2,1,3,0,0,0,2,0,7,60,2,775,775,4,5,13,3,0,0,0,0
1232571,3,2020,2020,8,3,1,1,10,39,34609,0,1,1,-32.732496,152.10427,57,2,1,0,0,0,0,0,0,0,7,50,0,4552,5151,8,21,40,1,0,0,0,0
1232575,3,2020,2020,8,4,6,49,31,182,34609,0,1,9,-32.830675,151.352742,17,2,1,1,1,0,3,3,2,0,7,50,0,9859,9859,8,34,40,1,0,0,0,0
1232585,3,2020,2020,8,5,5,9,27,26,34609,0,1,7,-34.579902,150.855563,62,0,2,1,3,0,0,0,2,0,7,60,0,489,489,8,5,40,1,0,0,0,0
1232596,3,2020,2020,8,6,0,8,27,164,8,1,0,1,-33.739852,150.885451,7,0,2,1,2,0,0,0,0,0,7,60,1,9859,9859,1,5,5,2,0,0,0,0
1232599,3,2020,2020,8,0,10,4,27,70,34609,0,1,1,-34.044363,151.077514,68,0,2,1,2,0,0,0,0,0,7,50,0,9859,9859,1,10,5,2,0,0,0,0
1232635,3,2020,2020,7,2,10,234,27,34,228,0,1,1,-33.425744,150.985048,31,0,2,1,3,0,3,4,0,0,7,80,2,9859,9859,8,5,40,1,0,0,0,0
1232638,3,2020,2020,3,4,7,12,27,169,34609,0,1,1,-33.775633,150.837172,7,0,2,1,3,0,0,3,2,0,7,50,0,9859,9859,1,5,13,2,0,0,0,0
1232640,3,2020,2020,7,2,2,54,27,14,34609,1,0,1,-33.718401,150.616093,8,2,2,0,2,0,0,0,0,0,7,50,0,2585,4009,8,34,40,1,0,0,0,0
1232648,3,2020,2020,8,0,9,56,27,443,44,1,0,9,-33.894394,151.059372,15,0,2,1,3,0,0,0,3,2,9,60,1,5929,5929,1,0,5,2,0,0,0,0
1232655,3,2020,2020,6,4,2,1,1,16,34609,0,1,9,-33.739886,150.724782,55,0,2,1,3,0,0,0,1,0,7,50,0,6545,6545,4,5,5,2,0,0,0,0
1232656,3,2020,2020,8,0,8,27,10,7,20,0,1,1,-33.343836,151.386118,16,2,2,1,3,0,0,0,2,0,7,60,1,14295,14295,3,10,5,2,0,0,0,0
1232661,3,2020,2020,8,6,7,3371,17,25,3342,0,1,2,-32.6718,151.829832,57,1,0,1,3,0,0,0,2,0,7,100,2,9859,9859,8,10,40,1,0,0,0,0
1232662,3,2020,2020,8,4,8,83,1,106,34609,0,1,9,-33.670033,151.307709,50,0,2,1,3,0,0,3,2,0,7,50,0,1282,1282,1,0,27,2,0,0,0,0
1232664,3,2020,2020,6,5,4,91,27,119,187,0,1,10,-33.874993,151.15605,32,0,2,0,3,0,0,0,2,3,7,70,2,1391,1391,1,5,5,2,0,0,0,0
1232665,3,2020,2020,6,1,8,34,31,64,34609,0,1,9,-34.383435,150.899455,80,0,2,1,3,0,0,0,3,0,7,50,0,5929,5929,1,0,36,2,0,0,0,0
1232668,3,2020,2020,8,2,6,15,27,197,140,0,1,9,-33.936051,151.084448,15,0,2,1,3,0,0,0,2,0,7,50,1,14295,14295,3,5,5,2,0,0,0,0
1232670,3,2020,2019,9,3,8,63,31,252,34609,1,0,1,-33.881748,151.214689,69,0,2,1,3,0,3,4,4,0,7,40,0,14295,14295,3,5,19,2,0,0,0,0
1232671,3,2020,2020,8,0,1,1,27,2,34609,0,1,1,-36.356896,150.065779,23,2,1,0,0,0,0,0,0,0,7,50,0,4552,5151,1,0,5,2,0,0,0,0
1232672,3,2020,2020,6,1,6,12,24,55,34609,0,1,7,-35.381806,149.200296,58,2,1,0,3,0,3,4,2,0,0,50,0,1957,4009,8,5,40,1,0,0,0,0
1232681,3,2020,2020,8,2,1,51,31,562,34609,0,1,9,-32.23764,148.61561,22,2,1,1,2,0,0,0,0,0,7,50,0,9859,9859,1,34,0,2,0,0,0,0
1232683,3,2020,2020,6,4,9,6,10,44,34609,0,1,1,-33.209657,151.502781,16,2,2,0,2,0,0,0,0,0,7,50,0,14295,14295,3,5,5,2,0,0,0,0
1232693,3,2020,2020,8,4,1,28,3,29,117,0,1,7,-32.878182,151.697164,48,0,2,0,2,0,0,0,0,0,0,60,2,418,714,5,5,40,1,0,0,0,0
1232694,3,2020,2020,8,2,10,147,10,119,34609,0,1,1,-33.865646,151.158987,32,0,2,0,2,0,0,0,0,0,7,20,0,1957,4009,8,5,40,1,0,0,0,0
1232705,3,2020,2020,0,0,10,115,27,113,173,0,1,1,-34.375539,150.832,80,0,2,0,2,0,0,0,0,0,7,100,2,1957,4009,8,5,40,1,0,0,0,0
1232711,3,2020,2020,6,5,1,2,31,84,34609,0,1,1,-33.887008,150.949239,24,0,2,0,0,0,3,4,0,0,7,50,0,2585,4009,1,5,5,3,0,0,0,0
1232716,3,2020,2020,6,5,8,2209,17,79,2205,0,1,7,-34.908452,150.603093,63,2,1,1,2,0,0,0,3,0,0,70,2,5929,5929,1,10,5,2,0,0,0,0
1232721,3,2020,2020,8,0,10,40,10,56,174,0,1,9,-32.755042,151.33975,17,1,0,0,3,0,3,1,0,0,7,90,2,623,623,3,30,5,2,0,0,0,0
1232724,3,2020,2020,6,4,11,90,36,9,102,0,1,1,-34.499267,147.873547,20,2,1,0,3,0,0,0,0,0,7,60,2,2585,4009,8,3,40,1,0,0,0,0
1232726,3,2020,2020,6,6,8,1,31,251,34609,0,1,1,-33.769739,150.946781,7,0,2,1,3,0,0,0,3,0,7,50,0,9859,9859,1,5,35,2,0,0,0,0
1232730,3,2020,2020,8,3,6,283,27,129,702,0,1,9,-33.936886,151.074371,15,0,2,1,3,0,0,0,2,2,7,60,2,5929,5929,1,5,5,2,0,0,0,0
1232732,3,2020,2020,6,1,4,1104,14,460,962,0,1,3,-33.820554,150.983824,21,0,2,1,3,0,0,0,2,0,7,90,2,1282,1282,1,5,35,2,0,0,0,0
1232763,3,2020,2020,8,3,1,7,31,284,34609,0,1,10,-33.90094,151.018616,15,0,2,1,2,0,0,0,0,0,0,50,0,4026,4026,8,5,40,1,0,0,0,0
1232765,3,2020,2020,8,0,11,83,31,523,34609,0,1,1,-33.922669,150.921231,41,0,2,1,2,0,0,0,0,0,7,50,0,9859,9859,1,0,5,2,0,0,0,0
1232777,3,2020,2020,8,3,6,7,31,46,34609,0,1,10,-35.171809,147.382214,75,2,1,1,3,0,0,0,2,0,0,50,0,6545,6545,4,0,5,2,0,0,0,0
1232778,3,2020,2020,6,4,7,85,31,316,7,0,1,9,-33.909203,151.23962,59,0,2,1,3,0,0,0,2,0,7,50,1,515,515,1,27,36,2,0,0,0,0
1232787,3,2020,2020,0,1,5,2209,17,76,2205,0,1,10,-35.350023,150.475602,63,2,1,0,1,0,0,3,2,0,7,60,2,1669,1669,3,5,13,2,0,0,0,0
1232791,3,2020,2020,6,5,0,29,1,294,34609,0,1,1,-33.931329,150.931078,41,0,2,1,1,0,0,0,0,0,7,50,0,9859,9859,1,33,0,2,0,0,0,0
1232794,3,2020,2020,8,6,10,2,1,41,34609,0,1,1,-33.784793,151.261543,50,0,2,0,0,0,0,0,0,0,7,50,0,4552,5151,1,30,5,3,0,0,0,0
1232798,3,2020,2020,6,1,9,13,31,463,34609,0,1,1,-30.30013,153.10653,19,2,1,1,2,0,0,0,0,0,7,50,0,9859,9859,1,5,5,2,0,0,0,0
1232801,3,2020,2020,8,0,8,1052,31,103,34609,0,1,1,-32.945679,151.66452,37,0,2,1,1,0,0,0,2,0,7,50,0,9859,9859,8,34,40,2,0,0,0,0
1232814,3,2020,2020,8,6,3,32,27,56,62,0,1,10,-33.810596,151.19951,77,0,2,1,3,0,0,0,1,2,7,60,2,6545,6545,4,10,0,5,0,0,0,0
1232819,3,2020,2020,8,3,10,2209,17,176,2205,1,0,2,-33.964684,151.137149,4,0,2,1,3,0,0,0,0,0,7,60,2,9859,9859,8,5,40,1,0,0,0,0
1232821,3,2020,2020,6,6,3,1104,14,149,962,0,1,3,-33.817048,150.974266,21,0,2,1,3,0,0,3,1,0,7,90,2,1391,1391,1,8,10,2,0,0,0,0
1232822,3,2020,2020,6,4,8,108,27,251,93,0,1,10,-33.773875,150.944338,7,0,2,1,3,0,0,0,2,2,7,60,1,14295,14295,3,5,0,2,0,0,0,0
1232824,3,2020,2020,6,4,7,829,27,26,770,0,1,2,-33.840498,151.146476,51,0,2,1,3,0,0,0,2,0,7,70,2,1391,1391,1,5,5,3,0,0,0,0
1232827,3,2020,2020,8,2,4,2,27,16,34609,0,1,1,-31.273353,152.815076,34,1,0,1,3,0,3,0,2,0,7,100,0,4026,4026,8,5,40,1,0,0,0,0
1232830,3,2020,2020,6,1,7,15,31,609,34609,0,1,1,-33.766513,150.918908,7,0,2,1,3,0,0,0,2,0,7,50,0,1981,1981,4,5,5,3,0,0,0,0
1232839,3,2020,2020,6,4,10,42,1,34,34609,0,1,1,-33.956942,150.756653,12,0,2,1,3,0,0,0,0,0,7,80,0,5929,5929,1,9,5,2,0,0,0,0
1232865,3,2020,2020,0,0,5,48,27,6,62,0,1,1,-35.713312,148.045968,66,1,0,0,3,0,3,3,2,0,7,100,2,1957,4009,8,10,40,1,0,0,0,0
1232867,3,2020,2020,8,6,8,2,31,71,34609,0,1,1,-33.268599,151.546055,16,2,2,1,3,0,0,0,3,0,7,50,0,14295,14295,3,5,5,2,0,0,0,0
1232868,3,2020,2020,8,4,2,2,6,18,34609,0,1,1,-33.224237,151.535116,16,2,2,1,3,0,3,0,0,0,7,50,0,9859,9859,8,30,40,1,0,0,0,0
1232872,3,2020,2020,8,2,0,35,27,193,33,0,1,1,-33.782657,151.09717,61,0,2,1,2,0,0,0,0,0,7,60,1,9859,9859,1,5,12,2,0,0,0,0
1232893,3,2020,2020,8,6,11,55,27,24,38,0,1,1,-33.940524,150.73809,12,0,2,1,0,0,0,0,0,0,7,60,2,1089,1089,7,9,40,1,0,0,0,0
1232894,3,2020,2020,8,4,7,44,27,202,563,0,1,2,-33.958176,151.037695,15,0,2,1,1,0,0,0,2,0,7,70,2,1192,1192,1,5,19,2,0,0,0,0
1232903,3,2020,2020,8,5,8,28,31,13,34609,0,1,9,-28.856624,153.269313,39,2,1,0,0,2,0,3,2,0,7,80,0,418,777,5,9,40,1,0,0,0,0
1232911,3,2020,2020,6,5,6,19,31,445,40,0,1,9,-33.848772,151.05478,54,0,2,1,3,0,0,0,2,0,7,60,1,1282,1282,1,0,13,2,0,0,0,0
1232913,3,2020,2020,6,5,3,85,31,95,34609,0,1,9,-34.395423,150.898341,80,0,2,1,3,0,3,4,2,0,7,50,0,5929,5929,1,5,5,2,0,0,0,0
1232914,3,2020,2020,8,2,10,3371,17,207,3342,0,1,1,-33.552772,151.193323,31,0,2,0,3,0,3,0,0,0,7,80,2,4552,5151,8,5,40,1,0,0,0,0
1232921,3,2020,2020,6,6,4,109,27,95,382,0,1,9,-33.735339,150.845618,7,0,2,1,3,0,0,0,2,2,7,70,2,2852,2852,4,5,5,2,0,0,0,0
1232922,3,2020,2020,6,4,7,3371,17,28,3342,0,1,2,-32.651556,151.890898,57,1,0,1,3,0,0,0,2,0,7,110,2,1391,1391,1,8,12,2,0,0,0,0
1232928,3,2020,2020,8,0,3,110,27,55,10,0,1,7,-33.93346,150.89537,41,0,2,1,3,0,0,0,2,0,0,50,0,6545,6545,4,30,0,2,0,0,0,0
1232929,3,2020,2020,6,6,7,334,17,6,308,0,1,1,-31.644107,147.948079,51,1,0,0,3,0,0,0,2,0,7,110,2,273,957,5,10,40,1,0,0,0,0
1232936,3,2020,2020,8,6,6,330,27,108,605,1,0,10,-33.761876,151.271749,50,0,2,1,0,0,0,0,2,2,7,60,2,1669,1669,3,5,5,2,0,0,0,0
1232959,3,2020,2019,9,1,6,2209,17,40,2205,0,1,1,-35.748675,150.158645,23,1,0,0,0,0,0,0,2,0,7,90,2,4552,5151,8,5,40,1,0,0,0,0
1232974,3,2020,2020,7,0,8,109,27,95,382,0,1,9,-33.734096,150.846957,7,0,2,0,1,0,0,0,2,2,7,60,2,4552,985,8,29,40,1,0,0,0,0
1232980,3,2020,2020,6,5,5,40,27,149,34609,0,1,1,-33.819237,150.96446,21,0,2,1,0,0,0,0,2,0,7,50,0,9859,9859,1,10,5,2,0,0,0,0
1232981,3,2020,2020,0,4,2,348,27,363,88,0,1,2,-33.742255,150.692265,55,0,2,1,2,0,0,0,0,0,7,60,2,9859,9859,8,8,40,1,0,0,0,0
1232988,3,2020,2020,8,2,9,478,17,22,480,0,1,1,-33.32689,151.510528,16,2,2,0,2,0,0,0,0,0,7,70,2,4552,5151,8,30,40,1,0,0,0,0
1232989,3,2020,2020,8,3,11,87,1,225,34609,0,1,10,-33.795905,151.189907,77,0,2,1,2,0,0,0,0,0,15,50,0,6545,6545,4,0,13,3,0,0,0,0
1232994,3,2020,2020,6,5,8,92,31,42,34609,0,1,1,-35.346828,149.241514,58,2,1,1,2,0,0,0,3,0,7,50,0,1282,1282,1,33,5,2,0,0,0,0
1233003,3,2020,2020,7,3,2,22,7,64,34609,0,1,1,-33.881763,151.019838,21,0,2,1,2,0,3,4,0,0,7,50,0,4026,4026,1,0,11,2,0,0,0,0
1233006,3,2020,2020,6,6,5,171,27,85,369,0,1,1,-33.790566,150.699972,55,0,2,1,3,0,0,0,2,0,7,70,2,14295,14295,3,5,0,2,0,0,0,0
1233015,3,2020,2020,6,4,4,72,31,176,62,0,1,10,-33.95969,151.145513,4,0,2,1,3,0,0,0,2,0,0,60,1,926,926,4,21,0,2,0,0,0,0
1233018,3,2020,2020,8,6,0,1,31,53,34609,0,1,4,-35.139894,147.347009,75,2,1,0,2,0,0,0,0,0,7,50,0,418,714,5,30,40,1,0,0,0,0
1233019,3,2020,2020,8,2,6,18,31,41,34609,1,0,1,-35.122285,147.366329,75,2,1,1,3,0,0,0,2,0,7,50,0,175,188,8,5,40,1,0,0,0,0
1233024,3,2020,2020,8,2,8,475,10,523,268,0,1,2,-33.918219,150.913774,41,0,2,0,3,0,0,0,2,0,7,70,2,14295,14295,3,5,0,2,0,0,0,0
1233029,3,2020,2020,8,6,6,36,27,138,34609,0,1,10,-33.8756,151.257903,81,0,2,1,3,0,0,0,2,0,0,50,0,9859,9859,1,5,5,2,0,0,0,0
1233032,3,2020,2020,8,2,5,2209,17,68,2205,0,1,9,-34.085174,151.010302,68,0,2,0,3,0,0,0,2,0,7,60,2,1109,787,1,0,5,3,0,0,0,0
1233036,3,2020,2020,8,4,4,126,1,226,144,0,1,2,-33.77221,150.815804,7,0,2,1,3,0,0,0,2,0,7,60,2,9859,9859,8,0,40,1,0,0,0,0
1233045,3,2020,2020,6,1,7,25,27,89,208,1,2,7,-33.86018,150.891068,24,0,2,1,3,0,0,0,2,0,7,40,1,14295,14295,3,5,5,2,0,0,0,0
1233051,3,2020,2020,8,3,8,34,31,123,34609,1,0,10,-33.831929,148.686673,51,2,1,1,3,0,0,0,3,0,0,50,0,6545,6545,4,5,13,2,0,0,0,0
1233052,3,2020,2020,8,2,5,109,27,169,34609,0,1,10,-33.763027,150.838764,7,0,2,1,3,0,0,0,2,0,0,50,0,14295,14295,3,5,5,2,0,0,0,0
1233060,3,2020,2020,8,2,7,4,27,55,4,0,1,10,-36.219053,149.149674,65,2,1,1,3,0,0,0,2,0,0,60,1,6545,6545,4,5,13,3,0,0,0,0
1233061,3,2020,2020,8,3,5,2,27,11,2,0,1,1,-32.659349,147.638843,53,1,0,1,3,2,0,0,2,0,7,100,1,4026,4026,8,30,40,1,0,0,0,0
1233065,3,2020,2020,6,1,5,48,31,33,45,0,1,1,-33.417376,151.343814,16,2,2,1,3,0,0,0,2,0,7,60,1,1669,1669,3,5,5,2,0,0,0,0
1233069,3,2020,2020,6,6,4,5,1,103,34609,0,1,9,-28.821594,153.323739,39,2,1,1,3,0,0,0,2,0,7,50,0,2852,2852,4,5,0,2,0,0,0,0
1233070,3,2020,2020,8,2,10,283,27,253,702,0,1,1,-33.966966,151.09563,25,0,2,1,3,0,0,0,0,0,7,60,2,14295,14295,3,5,5,3,0,0,0,0
1233072,3,2020,2020,8,4,2,2,27,1,34609,0,1,1,-30.898967,150.863572,70,1,0,0,3,0,0,1,0,0,7,100,0,2585,4009,8,0,40,1,0,0,0,0
1233073,3,2020,2020,8,4,3,1,1,10,34609,0,1,2,-35.417585,149.230841,58,2,1,1,3,0,0,0,2,0,7,50,0,4026,4026,8,29,40,1,0,0,0,0
1233075,3,2020,2020,6,5,6,5,31,61,34609,0,1,10,-35.539387,144.962534,51,2,1,1,3,0,0,0,2,0,0,50,0,6545,6545,4,34,13,2,0,0,0,0
1233080,3,2020,2020,8,6,4,1104,14,247,962,0,1,3,-33.814773,150.958211,21,0,2,1,3,0,0,0,2,0,7,90,2,14295,14295,3,5,5,2,0,0,0,0
1233081,3,2020,2020,6,5,7,9,1,370,34609,0,1,9,-34.070237,150.811066,13,0,2,1,3,0,0,0,2,0,0,50,0,1391,1391,1,5,0,2,0,0,0,0
1233082,3,2020,2020,6,4,8,171,1,387,104,0,1,9,-33.933967,151.199251,4,0,2,1,3,0,0,0,2,2,7,60,2,5929,5929,1,9,0,2,0,0,0,0
1233084,3,2020,2020,8,0,7,11,31,133,34609,0,1,1,-34.505299,150.785701,80,0,2,1,1,0,0,0,2,0,7,50,0,9859,9859,8,5,40,1,0,0,0,0
1233089,3,2020,2020,8,3,5,15,1,363,16,0,1,7,-33.744258,150.696682,55,0,2,1,3,0,0,0,2,0,7,60,1,301,301,4,30,5,2,0,0,0,0
1233094,3,2020,2020,8,3,11,2261,17,284,2252,0,1,10,-33.907257,151.020555,15,0,2,1,2,0,0,0,0,2,7,60,2,1383,1383,1,5,5,4,0,0,0,0
1233095,3,2020,2020,8,0,3,95,27,42,605,0,1,2,-33.663426,151.316199,50,0,2,1,1,0,0,0,2,0,7,60,2,9859,9859,1,33,5,2,0,0,0,0
1233098,3,2020,2020,8,0,0,2209,17,33,2205,0,1,2,-34.732405,150.825521,35,1,0,1,3,0,0,0,0,0,7,100,2,945,945,5,9,40,1,0,0,0,0
1233099,3,2020,2020,8,0,6,37,27,85,115,0,1,9,-33.719691,151.140601,36,0,2,1,1,0,0,0,2,0,0,60,1,926,926,4,33,13,2,0,0,0,0
1233105,3,2020,2020,7,1,10,19,31,215,34609,0,1,7,-35.11692,147.376402,75,2,1,1,2,0,0,0,0,0,0,50,0,2852,2852,4,5,0,2,0,0,0,0
1233106,3,2020,2020,8,5,9,60,27,174,44,0,1,1,-33.870261,150.927719,24,0,2,1,2,0,0,0,0,0,7,50,1,941,941,1,33,5,3,0,0,0,0
1233111,3,2020,2020,8,6,7,3371,17,147,3342,0,1,2,-33.750875,151.147357,36,0,2,1,3,0,0,0,2,0,7,60,2,14295,14295,3,0,13,4,0,0,0,0
1233140,3,2020,2020,7,5,4,123,36,7,90,0,1,1,-31.618745,151.769058,43,1,0,0,0,0,3,4,2,0,7,90,1,204,204,1,10,13,2,0,0,0,0
1233144,3,2020,2020,7,2,10,2,31,204,34609,0,1,1,-33.898329,150.932598,24,0,2,1,0,0,0,0,0,0,7,50,0,9859,9859,1,0,5,3,0,0,0,0
1233145,3,2020,2020,7,5,3,71,27,69,122,0,1,9,-34.547795,150.861361,62,0,2,1,3,0,0,0,2,2,7,70,2,4026,4026,8,5,40,1,0,0,0,0
1233147,3,2020,2020,6,6,5,6,27,14,6,0,1,9,-30.33744,152.707686,6,2,1,0,3,0,0,0,2,0,0,50,1,217,217,1,10,12,2,0,0,0,0
1233148,3,2020,2020,7,6,2,3371,17,20,3342,0,1,2,-32.331863,152.331778,43,1,0,0,0,0,0,0,0,0,7,110,2,1259,5151,8,0,40,1,0,0,0,0
1233149,3,2020,2020,6,0,8,224,27,387,321,0,1,10,-33.938102,151.194706,4,0,2,1,3,0,0,0,3,2,7,60,2,6545,6545,4,9,13,2,0,0,0,0
1233151,3,2020,2020,6,3,7,27,10,19,34609,0,1,2,-34.083939,150.829003,13,0,2,1,3,0,3,4,2,0,7,50,0,2585,4009,8,5,40,1,0,0,0,0
1233154,3,2020,2020,7,2,7,6,7,433,34609,0,1,9,-33.301502,149.108816,52,2,1,0,0,0,0,0,2,0,0,50,0,2852,2852,4,34,5,2,0,0,0,0
1233155,3,2020,2020,6,1,11,500,27,646,799,0,1,9,-33.932883,151.040359,15,0,2,0,3,0,3,4,0,2,7,60,2,5929,5929,1,5,5,2,0,0,0,0
1233158,3,2020,2020,6,3,1,37,27,19,52,0,1,1,-33.907333,150.605989,79,2,2,0,3,0,0,0,0,0,7,60,1,4552,5151,8,5,40,1,0,0,0,0
1233162,3,2020,2020,8,3,5,3,27,6,34609,0,1,1,-32.125347,150.922811,73,2,1,1,3,0,3,4,2,0,7,80,0,9859,9859,8,30,40,1,0,0,0,0
1233164,3,2020,2020,6,6,9,3371,17,20,3342,0,1,10,-33.079686,151.650607,37,0,2,1,3,0,3,4,0,3,7,70,2,14295,14295,3,0,36,2,0,0,0,0
1233170,3,2020,2020,0,3,3,109,27,460,106,1,0,10,-33.835274,150.983653,21,0,2,1,0,0,0,0,2,0,7,60,1,9859,9859,8,5,40,1,0,0,0,0
1233171,3,2020,2020,7,1,0,2,23,169,34609,0,1,1,-33.897668,151.205918,69,0,2,1,2,0,0,0,0,0,7,40,0,4026,4026,1,5,5,3,0,0,0,0
1233183,3,2020,2020,7,6,3,51,1,63,34609,0,1,9,-33.924648,151.209415,4,0,2,1,1,0,0,0,2,0,7,40,0,9859,9859,1,5,5,3,0,0,0,0
1233185,3,2020,2020,8,5,9,31,27,20,33,1,0,2,-33.555582,150.663774,29,2,2,1,2,0,3,4,0,0,9,40,1,4026,4026,8,5,40,2,0,0,0,0
1233187,3,2020,2020,0,5,5,10,31,78,34609,0,1,9,-34.477533,150.841705,80,0,2,1,3,0,0,0,2,0,7,50,0,1109,787,1,10,5,2,0,0,0,0
1233192,3,2020,2020,0,3,1,1,16,24,34609,0,1,1,-33.727863,150.92304,7,0,2,1,2,0,0,0,0,0,7,50,0,9859,9859,1,0,41,2,0,0,0,0
1233199,3,2020,2020,8,6,6,2,22,21,62,1,0,1,-35.776099,148.010051,66,2,1,1,3,0,0,0,2,0,7,40,2,248,248,1,5,0,2,0,0,0,0
1233212,3,2020,2020,6,5,6,92,27,143,34609,0,1,10,-33.885397,151.102125,9,0,2,1,3,0,0,0,2,0,7,50,0,1669,1669,3,5,5,2,0,0,0,0
1233214,3,2020,2020,6,2,11,1,22,24,34609,0,1,10,-36.887792,149.904566,5,2,1,1,2,0,0,0,0,0,0,50,0,4552,985,8,10,40,1,0,0,0,0
1233217,3,2020,2020,6,1,7,1,31,5,34609,0,1,10,-30.23597,151.67261,1,2,1,1,3,0,3,4,2,0,0,50,0,926,926,4,30,5,2,0,0,0,0
1233218,3,2020,2020,6,1,6,3371,17,32,3342,0,1,7,-31.942059,152.475692,43,2,1,1,3,0,0,0,2,0,0,70,2,14295,14295,3,0,5,2,0,0,0,0
1233221,3,2020,2020,6,5,8,26,31,123,38,0,1,1,-33.822636,148.684616,51,2,1,1,3,0,0,0,0,0,7,50,2,4026,4026,8,5,40,1,0,0,0,0
1233222,3,2020,2020,6,2,4,165,31,134,34609,0,1,10,-33.67503,150.862531,7,0,2,1,3,0,0,0,2,0,0,50,0,6545,6545,4,0,13,2,0,0,0,0
1233225,3,2020,2020,6,0,10,3371,17,35,3342,0,1,2,-30.534627,152.997459,6,1,0,1,3,0,0,0,0,0,7,100,2,9859,9859,8,0,40,1,0,0,0,0
1233233,3,2020,2020,6,4,4,17,27,164,65,0,1,7,-33.713064,150.893081,7,0,2,1,1,0,0,0,2,0,7,60,1,1192,1192,1,33,5,2,0,0,0,0
1233238,3,2020,2020,6,0,0,73,31,102,34609,1,0,9,-31.104025,150.913313,70,2,1,1,2,0,0,0,0,0,0,50,0,782,985,5,5,40,1,0,0,0,0
1233253,3,2020,2020,8,2,11,71,27,66,34609,0,1,1,-34.485821,150.891934,80,0,2,1,2,0,0,0,0,0,7,50,0,4026,4026,1,5,5,2,0,0,0,0
1233269,3,2020,2020,6,6,9,38,31,105,34609,0,1,7,-32.726092,151.524488,42,2,1,0,3,0,3,4,2,0,0,60,0,6545,6545,4,10,5,2,0,0,0,0
1233280,3,2020,2020,0,6,11,12,31,47,34609,0,1,9,-33.773816,151.276593,50,0,2,1,2,0,0,0,0,0,7,50,0,9859,9859,1,9,5,4,0,0,0,0
1233284,3,2020,2020,7,6,11,234,27,337,217,0,1,1,-33.731808,151.015506,71,0,2,0,2,0,3,4,0,0,7,60,2,2585,4009,8,10,40,1,0,0,0,0
1233289,3,2020,2020,6,0,1,4,27,10,34609,0,1,9,-32.668692,152.178107,43,2,1,1,2,0,3,0,0,0,7,50,0,489,489,8,5,40,1,0,0,0,0
1233306,3,2020,2020,6,6,0,512,17,11,441,0,1,1,-32.977731,148.87423,11,1,0,1,3,0,3,4,0,0,7,100,2,9859,9859,8,5,40,1,0,0,0,0
1233318,3,2020,2020,6,0,8,110,27,23,173,0,1,2,-34.393942,150.861006,80,0,2,1,3,0,3,0,2,0,7,80,2,14295,14295,3,5,5,4,0,0,0,0
1233319,3,2020,2020,8,2,3,1,31,49,34609,0,1,1,-33.92947,151.150913,4,0,2,1,2,0,3,3,1,0,7,50,0,9859,9859,1,5,0,2,0,0,0,0
1233323,3,2020,2020,0,0,10,67,27,4,74,0,1,1,-33.862316,151.114892,14,0,2,1,1,0,0,0,0,0,7,50,1,9859,9859,1,5,13,2,0,0,0,0
1233326,3,2020,2020,6,4,6,3371,17,463,3342,0,1,2,-30.292199,153.118101,19,2,1,0,3,0,0,0,2,0,7,60,2,387,387,1,3,13,2,0,0,0,0
1233328,3,2020,2020,6,0,6,16,7,148,34609,0,1,1,-36.040822,146.967372,0,2,1,1,3,0,0,0,2,0,7,60,0,14295,14295,3,16,5,2,0,0,0,0
1233336,3,2020,2020,8,5,3,67,27,108,68,0,1,9,-33.801649,151.190384,77,0,2,1,3,0,0,3,1,0,7,50,1,475,475,5,5,40,1,0,0,0,0
1233340,3,2020,2020,6,6,11,73,31,532,34609,0,1,10,-33.870953,151.204856,69,0,2,1,3,0,0,0,0,2,7,40,0,6545,6545,4,30,5,2,0,0,0,0
1233341,3,2020,2020,6,4,6,10,27,41,52,0,1,1,-30.352002,153.099723,19,2,1,0,3,0,0,0,2,0,7,50,1,14295,14295,3,5,5,3,0,0,0,0