Crash ID,Degree of crash - detailed,Reporting year,Year of crash,Month of crash,Day of week of crash,Two-hour intervals,Street of crash,Street type,Town,Route no.,School zone location,School zone active,Type of location,Latitude,Longitude,LGA,Urbanisation,Conurbation 1,Alignment,Street lighting,Road surface,Surface condition,Weather,Natural lighting,Signals operation,Other traffic control,Speed limit,Road classification,RUM - code,DCA - code,First impact type,Key TU type,Other TU type,No. of traffic units involved,No. killed,No. seriously injured,No. moderately injured,No. minor-other injured
1233342,3,2020,2020,8,0,9,17,27,323,25,0,1,9,-33.81209,150.837991,7,0,2,1,3,0,0,0,0,2,7,50,2,4026,4026,8,5,40,1,0,0,0,0
1233347,3,2020,2020,6,5,6,97,27,166,799,0,1,10,-33.929664,150.980263,15,0,2,1,3,0,0,0,2,2,7,70,2,1282,1282,1,29,13,3,0,0,0,0
1233355,3,2020,2020,6,5,3,196,10,32,168,0,1,2,-33.928218,150.98032,15,0,2,0,2,0,0,0,1,0,7,60,2,1282,1282,1,34,5,3,0,0,0,0
1233356,3,2020,2020,0,3,1,3,10,42,34609,0,1,1,-33.688654,150.934169,71,0,2,1,0,0,0,0,0,0,7,50,0,9859,9859,1,5,0,2,0,0,0,0
1233360,3,2020,2020,6,5,5,27,10,53,6,0,1,1,-30.645815,153.001075,47,2,1,1,0,0,0,0,2,0,7,50,1,144,144,1,30,5,2,0,0,0,0
1233364,3,2020,2020,6,2,0,361,23,62,34609,0,1,1,-33.737281,150.605918,8,2,2,0,2,2,0,0,0,0,7,50,0,4552,5151,8,5,40,1,0,0,0,0
1233367,3,2020,2020,6,3,10,293,31,523,198,0,1,2,-33.927958,150.918928,41,0,2,0,2,0,3,0,0,0,7,60,2,1957,4009,8,5,40,1,0,0,0,0
1233370,3,2020,2020,8,3,11,11,27,443,34609,0,1,1,-33.908785,151.058889,15,0,2,1,2,0,0,0,0,0,7,50,0,4026,4026,1,10,5,2,0,0,0,0
1233386,3,2020,2020,8,1,8,39,36,11,79,0,1,9,-33.785075,151.200771,77,0,2,1,2,0,3,4,0,2,7,60,2,926,926,4,10,0,3,0,0,0,0
1233388,3,2020,2020,6,1,2,45,27,60,44,0,1,2,-33.837574,151.145105,51,0,2,0,2,0,0,0,0,0,7,70,2,4552,5151,8,5,40,1,0,0,0,0
1233390,3,2020,2020,6,3,10,866,17,157,793,1,0,2,-33.790006,151.022019,54,0,2,0,2,0,3,4,0,0,7,60,2,4552,5151,8,5,40,1,0,0,0,0
1233396,3,2020,2020,6,6,7,82,27,134,181,0,1,10,-33.892138,151.254521,76,0,2,1,3,0,3,3,2,0,7,50,2,1391,1391,1,5,5,3,0,0,0,0
1233397,3,2020,2020,6,4,4,361,7,65,22,0,1,1,-33.381809,151.370042,16,2,2,0,3,2,3,0,2,0,7,60,1,14295,14295,3,5,0,4,0,0,0,0
1233399,3,2020,2020,6,4,5,31,1,53,34609,0,1,9,-35.136507,147.360338,75,2,1,0,3,0,0,0,2,0,7,50,0,1669,1669,3,5,5,2,0,0,0,0
1233403,3,2020,2020,6,6,9,30,27,120,154,0,1,10,-33.762802,150.863099,7,0,2,1,3,0,3,4,2,2,7,60,1,6545,6545,4,5,0,2,0,0,0,0
1233405,3,2020,2020,6,4,8,866,17,98,793,0,1,9,-33.739515,151.066375,31,0,2,0,3,0,0,0,3,2,7,70,2,14295,14295,3,5,13,2,0,0,0,0
1233411,3,2020,2020,6,3,11,5,27,144,34609,0,1,1,-34.052596,151.003287,68,0,2,1,3,0,3,4,0,0,7,50,0,4026,4026,1,5,5,3,0,0,0,0
1233413,3,2020,2020,6,5,3,21,31,165,34609,0,1,1,-33.853034,151.149279,14,0,2,1,3,0,3,4,1,0,7,50,0,1981,1981,4,5,36,2,0,0,0,0
1233415,3,2020,2020,6,6,4,103,27,149,167,0,1,10,-33.985873,151.135897,25,0,2,1,3,0,3,4,2,0,0,60,2,14295,14295,3,5,5,2,0,0,0,0
1233418,3,2020,2020,6,3,9,280,10,314,82,0,1,10,-33.851777,150.928665,24,0,2,1,3,0,3,4,0,0,7,60,1,14295,14295,3,0,5,2,0,0,0,0
1233420,3,2020,2020,6,3,7,15,27,10,34609,0,1,1,-30.097716,150.991247,51,1,0,0,3,2,0,0,2,0,7,100,0,418,714,5,0,40,1,0,0,0,0
1233421,3,2020,2020,6,5,6,3371,17,463,3342,0,1,2,-30.313654,153.092607,19,2,1,1,3,0,3,4,2,0,7,60,2,1192,1192,1,5,10,2,0,0,0,0
1233422,3,2020,2020,8,3,6,7,27,175,34609,0,1,1,-33.766314,151.074186,54,0,2,1,3,0,0,0,2,0,7,50,0,9859,9859,8,0,40,1,0,0,0,0
1233426,3,2020,2020,0,3,9,3371,17,24,3342,0,1,2,-32.651609,151.877746,57,1,0,0,2,0,0,0,0,0,7,100,2,1259,5151,8,5,40,1,0,0,0,0
1233428,3,2020,2020,6,2,2,132,31,252,126,0,1,9,-33.891377,151.211674,69,0,2,1,3,0,0,0,0,0,7,50,2,9859,9859,8,5,40,1,0,0,0,0
1233429,3,2020,2020,6,2,6,2126,17,27,2149,0,1,1,-33.589284,150.252517,8,2,2,1,3,0,0,0,2,0,7,60,2,3775,3775,0,5,5,2,0,0,0,0
1233433,3,2020,2020,6,3,0,26,27,40,34609,0,1,9,-35.77017,150.170268,23,2,1,0,0,2,0,0,0,0,7,60,0,4552,5151,8,5,40,1,0,0,0,0
1233443,3,2020,2020,6,4,10,13,31,44,34609,0,1,1,-30.721122,152.914376,47,2,1,1,2,0,0,0,0,0,7,50,0,4026,4026,1,5,5,2,0,0,0,0
1233447,3,2020,2020,8,3,0,10,27,18,34609,0,1,1,-34.053624,151.140296,68,0,2,1,2,0,0,0,0,0,7,50,0,4026,4026,8,5,40,1,0,0,0,0
1233459,3,2020,2020,0,4,4,31,31,117,34609,0,1,9,-28.184856,153.533148,72,2,1,1,0,0,0,0,2,0,0,50,0,9859,9859,1,33,36,2,0,0,0,0
1233467,3,2020,2020,8,3,2,515,14,189,518,0,1,3,-33.942823,151.055041,15,0,2,1,2,0,0,0,1,0,7,100,2,1383,1383,1,5,25,2,0,0,0,0
1233473,3,2020,2020,8,2,5,78,31,124,34609,0,1,1,-33.815467,151.041954,54,0,2,1,0,0,0,0,2,0,7,50,0,248,248,1,8,5,2,0,0,0,0
1233488,3,2020,2020,8,3,0,3,27,134,34609,0,1,1,-33.682972,150.845319,7,0,2,1,0,2,0,0,0,0,7,50,0,9859,9859,1,10,13,3,0,0,0,0
1233490,3,2020,2020,6,1,9,163,27,41,165,0,1,9,-33.728944,150.822761,7,0,2,1,2,0,0,0,0,2,7,60,1,5929,5929,1,0,5,2,0,0,0,0
1233498,3,2020,2020,6,3,8,21,31,53,34609,0,1,1,-33.732243,151.296838,50,0,2,0,0,0,0,3,3,0,7,50,0,175,188,8,8,40,1,0,0,0,0
1233503,3,2020,2020,8,2,4,2261,17,45,2252,0,1,10,-33.889643,150.9731,15,0,2,1,1,0,0,0,2,2,7,70,2,14295,14295,3,5,5,4,0,0,0,0
1233520,3,2020,2020,8,0,0,8,31,107,34609,0,1,1,-29.693907,152.936417,18,2,1,1,2,0,0,0,0,0,7,50,0,9859,9859,8,5,40,1,0,0,0,0
1233537,3,2020,2020,8,4,7,229,14,36,237,0,1,3,-33.762736,151.077529,54,0,2,0,0,0,0,0,2,0,7,100,2,14295,14295,3,9,5,2,0,0,0,0
1233548,3,2020,2020,8,5,8,35,31,194,34609,0,1,10,-30.516604,151.657275,1,2,1,1,1,0,0,0,2,0,0,50,0,6545,6545,4,5,0,2,0,0,0,0
1233571,3,2020,2020,8,0,8,89,17,137,34609,0,1,1,-34.033491,151.056456,68,0,2,1,3,0,3,4,2,0,7,50,0,4026,4026,1,5,5,2,0,0,0,0
1233576,3,2020,2020,6,0,3,2126,17,125,2149,0,1,9,-33.864469,151.083488,67,0,2,1,3,0,3,3,2,2,7,60,2,5929,5929,1,0,5,2,0,0,0,0
1233584,3,2020,2020,6,6,10,3,7,147,34609,0,1,1,-33.86776,150.993136,15,0,2,1,3,0,0,0,0,0,7,50,0,4026,4026,1,5,5,2,0,0,0,0
1233587,3,2020,2020,6,5,5,7,27,370,34609,0,1,9,-34.069223,150.83365,13,0,2,1,3,0,0,0,2,0,7,50,0,1282,1282,1,5,40,2,0,0,0,0
1233593,3,2020,2020,6,4,8,82,31,370,49,0,1,10,-34.074474,150.826408,13,0,2,1,3,0,0,0,2,2,7,60,1,6545,6545,4,5,5,2,0,0,0,0
1233594,3,2020,2020,8,4,10,8,31,234,61,0,1,7,-34.287714,146.06473,28,2,1,1,3,0,0,0,0,0,0,50,1,6545,6545,4,10,0,2,0,0,0,0
1233596,3,2020,2020,8,6,5,104,27,137,140,0,1,1,-33.922084,151.200821,4,0,2,1,1,0,0,0,2,0,7,60,2,9859,9859,1,0,5,2,0,0,0,0
1233597,3,2020,2020,6,0,0,132,31,252,126,0,1,10,-33.891544,151.21272,69,0,2,1,3,0,0,3,0,2,7,50,2,5929,5929,1,5,19,2,0,0,0,0
1233598,3,2020,2020,6,2,4,8,10,112,114,0,1,7,-33.448635,151.430145,16,2,2,0,3,0,0,0,2,0,0,60,2,775,775,4,10,5,2,0,0,0,0
1233600,3,2020,2020,8,0,11,103,27,149,167,0,1,2,-34.004789,151.128474,25,0,2,0,3,0,3,4,0,0,7,70,2,2585,4009,8,5,40,1,0,0,0,0
1233601,3,2020,2020,6,0,5,475,31,169,41,0,1,10,-33.898455,151.206362,69,0,2,1,3,0,0,0,2,2,7,50,1,1669,1669,3,5,5,2,0,0,0,0
1233604,3,2020,2020,6,1,8,2261,17,23,2252,0,1,2,-34.639917,150.126768,78,1,0,0,3,0,3,4,2,0,7,110,2,1850,1463,5,29,40,1,0,0,0,0
1233608,3,2020,2020,6,1,3,1,27,37,34609,0,1,1,-34.645872,150.753527,35,1,0,1,3,0,0,0,1,0,7,100,0,9859,9859,8,0,40,1,0,0,0,0
1233610,3,2020,2020,6,0,11,7,27,12,7,0,1,1,-33.881318,150.74182,41,0,2,1,3,0,0,1,0,0,7,60,1,1089,1089,7,0,40,1,0,0,0,0
1233611,3,2020,2020,6,5,4,13,27,11,34609,0,1,7,-33.985935,151.097141,25,0,2,0,3,0,0,0,2,0,0,50,0,2852,2852,4,0,5,2,0,0,0,0
1233613,3,2020,2020,6,6,6,59,27,271,17,0,1,9,-33.940588,151.018509,15,0,2,1,3,0,3,4,2,2,7,60,2,5929,5929,1,5,5,2,0,0,0,0
1233614,3,2020,2020,6,2,6,348,27,169,100,0,1,1,-33.602366,150.732073,29,2,2,1,3,0,0,0,2,0,7,80,2,14295,14295,3,8,13,4,0,0,0,0
1233615,3,2020,2020,6,1,2,147,27,290,34609,0,1,1,-33.858545,150.980908,21,0,2,1,3,0,3,4,0,0,7,50,0,78,78,8,0,40,1,0,0,0,0
1233616,3,2020,2020,6,6,6,2209,17,44,2205,0,1,9,-33.947411,151.1405,4,0,2,1,3,0,3,4,2,0,7,60,2,2852,2852,4,0,0,2,0,0,0,0
1233618,3,2020,2020,6,1,11,112,27,29,769,0,1,1,-33.541502,150.634996,29,2,2,0,3,0,3,4,0,0,7,60,2,1957,4009,8,10,40,1,0,0,0,0
1233619,3,2020,2020,6,4,4,14,31,228,34609,0,1,10,-34.747185,149.718454,26,2,1,1,3,0,3,1,2,0,0,50,0,6545,6545,4,5,36,2,0,0,0,0
1233620,3,2020,2020,6,4,7,85,31,65,34609,0,1,7,-34.485735,150.884476,80,0,2,1,3,0,0,0,2,0,0,50,0,926,926,4,5,36,2,0,0,0,0
1233621,3,2020,2020,6,1,8,1,31,370,34609,0,1,10,-34.067622,150.821739,13,0,2,1,3,0,0,0,2,0,7,50,0,515,515,1,5,0,2,0,0,0,0
1233622,3,2020,2020,6,3,10,7,27,3,34609,0,1,1,-32.279512,150.654108,46,1,0,1,3,0,0,0,0,0,7,100,0,1089,1089,7,5,40,1,0,0,0,0
1233623,3,2020,2020,6,3,11,866,17,98,793,0,1,9,-33.737965,151.074044,31,0,2,0,3,0,3,4,0,0,7,70,2,1957,4009,8,0,40,1,0,0,0,0
1233625,3,2020,2020,6,6,7,13,27,89,34609,0,1,9,-33.378727,151.471252,16,2,2,1,3,0,3,4,2,2,7,60,0,5929,5929,1,5,0,2,0,0,0,0
1233641,3,2020,2020,0,2,2,10,27,201,34609,0,1,7,-34.002129,150.859848,13,0,2,1,2,0,0,0,0,0,0,60,0,78,78,8,5,40,1,0,0,0,0
1233648,3,2020,2019,0,2,8,4,31,49,34609,0,1,1,-33.95838,151.215861,4,0,2,1,2,0,0,0,0,0,7,50,0,9859,9859,1,33,5,2,0,0,0,0
1233652,3,2020,2020,8,2,11,48,31,139,605,1,0,10,-33.82892,151.208956,49,0,2,1,3,0,0,0,0,2,7,60,2,6545,6545,4,5,36,2,0,0,0,0
1233663,3,2020,2020,8,2,0,8,27,44,34609,0,1,1,-33.744613,150.722659,55,0,2,0,2,0,3,3,0,0,7,50,0,2585,4009,8,5,40,2,0,0,0,0
1233668,3,2020,2020,8,4,9,4,7,228,34609,0,1,9,-34.732657,149.72225,26,2,1,1,2,0,0,0,3,0,7,50,0,323,323,1,5,5,2,0,0,0,0
1233693,3,2020,2020,6,5,6,2,31,30,34609,1,0,1,-34.868525,147.590588,51,2,1,1,3,0,0,0,2,0,7,50,0,9859,9859,8,21,40,1,0,0,0,0
1233712,3,2020,2020,6,3,9,20,31,135,101,0,1,10,-32.899893,151.733577,48,0,2,1,3,0,0,0,0,2,7,60,2,6545,6545,4,5,0,2,0,0,0,0
1233716,3,2020,2020,8,1,3,3371,17,4,3342,0,1,2,-33.127223,151.631013,37,0,2,0,0,0,0,0,1,0,7,90,2,2585,4009,8,5,40,1,0,0,0,0
1233717,3,2020,2020,6,3,7,481,17,7,483,0,1,1,-31.421108,149.222285,51,1,0,0,3,0,0,0,2,0,7,100,2,1850,1463,5,30,40,1,0,0,0,0
1233722,3,2020,2020,6,0,4,37,1,96,212,0,1,10,-35.356706,149.225351,58,2,1,1,3,0,3,0,2,2,7,60,2,5929,5929,1,5,5,2,0,0,0,0
1233734,3,2020,2020,7,3,0,44,27,33,34609,0,1,1,-34.064143,150.731622,12,0,2,1,2,0,3,3,0,0,7,60,0,4026,4026,1,34,5,4,0,0,0,0
1233739,3,2020,2020,6,0,6,1,31,218,34609,0,1,1,-33.762871,150.774473,55,0,2,1,0,0,0,3,2,0,7,50,0,941,941,1,5,40,2,0,0,0,0
1233752,3,2020,2020,8,6,9,829,27,309,770,0,1,2,-33.813884,151.096731,61,0,2,1,2,0,0,0,0,0,7,60,2,14295,14295,3,5,12,2,0,0,0,0
1233761,3,2020,2020,6,1,5,5,31,55,34609,0,1,1,-35.710955,150.177094,23,2,1,1,3,0,0,0,2,0,7,50,0,1282,1282,1,5,0,2,0,0,0,0
1233762,3,2020,2020,6,4,3,3371,17,24,3342,0,1,2,-32.654228,151.855686,57,1,0,0,3,0,0,0,2,0,7,100,2,1259,5151,8,21,40,1,0,0,0,0
1233763,3,2020,2020,6,0,8,234,27,112,217,0,1,1,-33.652197,151.019861,31,0,2,0,3,0,0,0,2,0,7,60,2,1981,1981,4,5,0,2,0,0,0,0
1233768,3,2020,2020,6,2,5,33,27,70,49,0,1,9,-33.877045,150.880493,24,0,2,1,3,0,0,0,2,0,15,60,1,150,150,4,5,5,2,0,0,0,0
1233770,3,2020,2020,6,3,4,1,27,10,34609,0,1,1,-29.613374,152.08994,51,1,0,0,3,2,3,4,2,0,7,100,0,782,957,5,29,40,1,0,0,0,0
1233771,3,2020,2020,6,6,4,5,27,12,18,0,1,1,-35.920722,145.725027,51,1,0,0,0,0,0,0,2,0,7,100,1,4552,5151,8,10,40,1,0,0,0,0
1233772,3,2020,2020,6,5,6,39,10,154,65,0,1,7,-33.705537,150.943164,71,0,2,0,3,0,0,0,2,0,0,60,1,395,395,1,5,5,2,0,0,0,0
1233773,3,2020,2020,4,4,6,16,27,35,34609,0,1,1,-28.812445,153.265968,39,2,1,1,0,0,0,0,2,0,7,50,0,248,248,1,8,5,2,0,0,0,0
1233786,3,2020,2020,6,1,8,829,27,149,770,0,1,10,-33.863933,151.170049,32,0,2,1,3,0,0,0,3,2,7,60,2,6545,6545,4,5,10,2,0,0,0,0
1233790,3,2020,2020,6,6,0,1,10,309,34609,0,1,1,-33.818518,151.112065,61,0,2,0,2,0,0,0,0,0,7,50,0,2585,4009,8,5,40,1,0,0,0,0
1233793,3,2020,2020,8,6,11,387,27,210,34609,0,1,9,-34.043771,151.098842,68,0,2,1,3,0,2,6,0,0,7,50,0,4552,985,8,0,40,1,0,0,0,0
1233796,3,2020,2020,6,5,1,8,25,30,34609,0,1,1,-35.357805,149.219539,58,2,1,1,3,0,0,0,0,0,7,50,0,9859,9859,1,5,0,2,0,0,0,0
1233797,3,2020,2020,6,4,5,109,27,38,169,0,1,1,-32.814497,151.456366,17,2,1,1,3,0,0,3,2,0,7,60,2,14295,14295,3,10,36,3,0,0,0,0
1233798,3,2020,2020,6,1,7,1,27,51,34609,0,1,1,-33.261493,151.483872,16,2,2,1,3,0,0,0,2,0,7,50,0,237,397,1,0,5,2,0,0,0,0
1233800,3,2020,2020,6,3,7,8,27,1,43,0,1,1,-32.362037,149.8871,44,2,1,0,3,2,0,0,2,0,7,60,1,2585,4009,8,10,40,1,0,0,0,0
1233801,3,2020,2020,6,0,5,8,23,108,34609,0,1,1,-33.815768,151.179848,77,0,2,1,3,0,3,0,2,0,7,50,0,941,941,1,5,5,2,0,0,0,0
1233802,3,2020,2020,6,0,11,42,10,55,34609,0,1,1,-32.839302,151.524874,17,2,1,1,3,0,0,1,0,0,7,80,0,1089,1089,7,5,40,1,0,0,0,0
1233803,3,2020,2020,6,1,4,2,36,316,34609,0,1,1,-31.470686,152.872078,56,2,1,0,3,0,0,0,2,0,7,50,0,1850,1463,5,8,40,1,0,0,0,0
1233804,3,2020,2020,6,2,5,34,31,98,260,0,1,10,-33.005633,151.594668,37,0,2,1,3,0,0,0,2,0,7,60,2,14295,14295,3,10,36,2,0,0,0,0
1233807,3,2020,2020,6,4,4,23,31,108,34609,0,1,10,-28.867688,153.560403,2,2,1,1,3,0,3,0,2,0,0,50,0,6545,6545,4,5,5,2,0,0,0,0
1233809,3,2020,2020,8,2,1,13,27,3,14,0,1,1,-33.632821,149.26158,51,1,0,0,3,0,0,1,0,0,7,100,1,4552,5151,8,10,40,1,0,0,0,0
1233810,3,2020,2020,6,3,5,234,27,337,217,0,1,9,-33.730678,151.016828,31,0,2,1,3,0,0,0,2,2,7,60,2,395,395,1,5,25,2,0,0,0,0
1233812,3,2020,2020,6,0,10,15,27,151,160,0,1,1,-34.019177,150.852574,13,0,2,1,3,0,3,4,0,0,7,60,2,9859,9859,8,0,40,1,0,0,0,0
1233813,3,2020,2020,6,2,5,83,31,43,228,0,1,9,-33.58731,150.859869,29,2,2,0,3,0,0,0,2,0,0,60,2,926,926,4,5,36,2,0,0,0,0
1233815,3,2020,2020,6,6,8,2261,17,523,2252,0,1,9,-33.932404,150.916854,41,0,2,1,3,0,3,4,2,3,7,60,2,2852,2852,4,5,5,2,0,0,0,0
1233817,3,2020,2020,6,3,6,387,27,433,40,0,1,9,-33.30157,149.100225,52,2,1,1,3,0,0,0,2,0,7,50,1,77,77,1,10,5,2,0,0,0,0
1233818,3,2020,2020,6,6,3,165,31,523,34609,0,1,10,-33.922699,150.924896,41,0,2,1,3,0,0,0,2,1,7,40,0,1383,1383,1,5,5,2,0,0,0,0
1233820,3,2020,2020,6,2,6,67,27,210,55,0,1,2,-34.030633,151.106422,68,0,2,1,3,0,0,0,2,0,7,60,2,14295,14295,3,10,0,2,0,0,0,0
1233838,3,2020,2020,0,4,6,2209,17,25,2205,0,1,2,-34.137616,150.994247,68,0,2,1,3,0,3,4,2,0,7,80,2,3775,3775,0,5,13,2,0,0,0,0
1233851,3,2020,2020,6,4,0,16,31,48,34609,0,1,9,-28.261602,153.579779,72,2,1,1,2,0,0,0,0,0,7,50,0,9859,9859,8,5,40,1,0,0,0,0
1233856,3,2020,2020,8,6,3,77,27,17,58,0,1,1,-34.684288,150.510339,63,2,1,0,0,0,3,1,2,0,7,60,2,3775,3775,0,10,13,2,0,0,0,0
1233869,3,2020,2020,8,3,9,23,31,173,34609,0,1,1,-33.879841,151.217373,69,0,2,1,2,0,0,0,0,0,7,40,0,9859,9859,1,33,5,2,0,0,0,0
1233873,3,2020,2020,6,0,7,150,27,309,415,0,1,10,-33.80383,151.113255,61,0,2,1,1,0,0,0,2,1,7,70,2,1391,1391,1,5,40,2,0,0,0,0
1233879,3,2020,2020,8,0,7,280,10,162,240,0,1,7,-33.851127,150.876827,24,0,2,0,1,0,0,0,2,0,0,60,2,623,623,3,0,5,2,0,0,0,0
1233888,3,2020,2020,8,2,1,19,27,35,34609,0,1,1,-33.882607,150.908589,24,0,2,1,2,0,0,0,0,0,7,50,0,190,190,1,5,5,2,0,0,0,0
1233903,3,2020,2020,0,2,6,9,27,63,34609,0,1,1,-33.260142,151.465233,16,2,2,1,0,0,0,0,2,0,7,50,0,9859,9859,8,5,40,1,0,0,0,0
1233904,3,2020,2020,6,0,8,1052,14,83,928,0,1,3,-33.488128,151.183962,16,1,2,0,3,0,0,3,2,0,7,100,2,14295,14295,3,10,0,4,0,0,0,0
1233908,3,2020,2020,6,1,2,98,27,223,11,0,1,9,-33.794368,150.921354,7,0,2,1,3,0,0,3,0,0,7,60,1,4026,4026,1,0,5,2,0,0,0,0
1233912,3,2020,2020,6,4,1,2,7,87,34609,0,1,9,-33.913006,150.958618,41,0,2,1,3,0,0,0,0,0,7,50,0,9859,9859,8,5,40,1,0,0,0,0
1233914,3,2020,2020,6,1,8,45,27,134,40,0,1,9,-33.670394,150.878584,7,0,2,1,3,0,0,0,3,0,7,80,2,1669,1669,3,9,5,3,0,0,0,0
1233915,3,2020,2020,6,0,8,104,27,443,702,0,1,2,-33.887469,151.067734,15,0,2,0,3,0,3,4,2,0,7,70,2,14295,14295,3,10,0,3,0,0,0,0
1233921,3,2020,2020,6,6,9,1104,14,460,962,0,1,3,-33.825043,150.989916,54,0,2,1,3,0,3,4,0,0,7,80,2,14295,14295,3,5,5,4,0,0,0,0
1233923,3,2020,2020,6,4,7,481,17,562,483,0,1,1,-32.243227,148.605238,22,2,1,1,3,0,0,0,2,0,7,60,2,941,941,1,5,13,4,0,0,0,0
1233926,3,2020,2020,6,0,4,5,31,609,34609,0,1,1,-33.75193,150.913071,7,0,2,1,3,0,0,0,2,0,7,50,0,1981,1981,4,0,5,2,0,0,0,0
1233929,3,2020,2020,6,2,10,11,10,120,34609,0,1,9,-33.756708,150.875315,7,0,2,1,3,0,0,0,0,0,0,50,0,4026,4026,8,5,40,1,0,0,0,0
1233930,3,2020,2020,6,4,7,126,27,30,168,0,1,2,-34.053416,150.772237,12,0,2,1,3,0,0,3,2,0,7,80,2,1391,1391,1,5,12,2,0,0,0,0
1233933,3,2020,2020,6,6,2,15,27,134,34609,0,1,2,-33.968781,150.814277,12,0,2,1,3,0,0,0,1,0,7,70,0,14295,14295,3,5,5,2,0,0,0,0
1233934,3,2020,2020,6,1,6,59,27,252,41,0,1,10,-33.938457,150.868006,41,0,2,1,3,0,0,0,2,3,7,60,1,9859,9859,1,3,5,2,0,0,0,0
1233936,3,2020,2020,6,6,7,475,10,54,268,0,1,9,-33.877098,150.843567,24,0,2,1,3,0,0,0,2,2,7,70,2,395,395,1,3,5,2,0,0,0,0
1233940,3,2020,2020,6,1,4,15,27,41,15,0,1,1,-33.786856,151.268978,50,0,2,1,3,0,0,0,2,0,7,60,1,395,395,1,5,5,2,0,0,0,0
1233941,3,2020,2020,6,6,5,15,27,64,34609,0,1,1,-34.38349,150.89996,80,0,2,1,3,0,3,3,2,0,0,50,0,14295,14295,3,0,36,2,0,0,0,0
1233944,3,2020,2020,6,6,6,5,10,41,34609,0,1,1,-34.098793,150.805811,13,0,2,1,3,0,3,4,2,0,7,60,0,9859,9859,8,5,40,1,0,0,0,0
1233945,3,2020,2020,6,5,6,105,27,21,109,0,1,1,-33.868028,150.907051,24,0,2,1,3,0,0,0,2,0,7,60,1,1391,1391,1,8,5,2,0,0,0,0
1233950,3,2020,2020,6,1,5,3,27,30,34609,0,1,9,-35.350943,149.207406,58,2,1,1,3,0,0,0,2,0,0,50,0,941,941,1,5,5,2,0,0,0,0
1233951,3,2020,2020,6,4,8,100,27,127,100,0,1,10,-33.832048,150.855482,24,0,2,1,3,0,0,0,3,0,15,70,2,2852,2852,4,5,13,2,0,0,0,0
1233955,3,2020,2020,8,4,7,230,27,197,284,0,1,2,-33.793279,151.132896,61,0,2,1,0,0,0,0,2,0,7,70,2,14295,14295,3,33,13,6,0,0,0,0
1233960,3,2020,2020,6,2,6,83,27,169,147,0,1,1,-28.661815,153.614548,10,2,1,1,1,0,0,0,2,0,7,50,1,1282,1282,1,33,5,2,0,0,0,0
1233978,3,2020,2020,8,1,6,5,1,166,34609,0,1,9,-33.895815,151.186976,69,0,2,1,0,0,0,0,2,0,7,40,0,1957,777,1,5,5,3,0,0,0,0
1233979,3,2020,2020,6,4,8,8,31,149,34609,0,1,9,-33.860577,151.172603,32,0,2,1,0,0,0,0,2,0,7,40,0,1282,1282,1,33,5,2,0,0,0,0
1233988,3,2020,2020,6,6,2,191,17,24,189,0,1,1,-32.009623,149.414346,51,1,0,1,0,0,0,1,0,0,7,100,2,9859,9859,8,10,40,1,0,0,0,0
1233989,3,2020,2020,6,3,9,38,27,290,159,0,1,10,-33.949164,151.128688,4,0,2,1,0,0,0,0,0,0,0,60,2,2585,777,8,5,40,1,0,0,0,0
1233991,3,2020,2020,6,5,4,17,31,136,32,0,1,1,-33.919258,151.072727,15,0,2,1,0,0,3,0,2,0,7,50,1,9859,9859,1,5,5,2,0,0,0,0
1233997,3,2020,2020,0,2,10,10,31,46,34609,0,1,1,-28.818596,153.271986,39,2,1,1,0,0,3,0,0,0,7,50,0,9859,9859,8,10,40,1,0,0,0,0
1234002,3,2020,2020,6,4,11,9,31,215,34609,0,1,1,-35.099813,147.367265,75,2,1,1,2,0,0,1,0,0,7,60,0,4026,4026,8,34,40,1,0,0,0,0
1234018,3,2020,2020,6,3,7,829,27,125,770,0,1,9,-33.824368,151.124672,61,0,2,1,1,0,0,0,2,0,7,60,2,9859,9859,8,5,40,1,0,0,0,0
1234026,3,2020,2020,6,4,10,1,27,4,34609,0,1,1,-31.999778,151.904867,43,1,0,0,0,0,0,1,0,0,7,100,0,1259,5151,8,10,40,1,0,0,0,0
1234030,3,2020,2020,6,3,1,2,27,11,34609,0,1,9,-36.03125,146.940961,0,2,1,1,2,0,3,0,0,0,7,50,0,945,945,5,5,40,1,0,0,0,0
1234041,3,2020,2020,6,2,8,193,27,438,34609,0,1,7,-33.856356,151.029023,21,0,2,1,2,0,0,0,0,0,0,60,0,1282,1282,1,33,0,2,0,0,0,0
1234042,3,2020,2020,6,2,1,192,10,57,114,0,1,1,-33.46412,151.370818,16,2,2,0,0,0,0,0,0,0,7,60,2,782,957,5,5,40,1,0,0,0,0
1234047,3,2020,2020,6,0,4,2,7,120,34609,0,1,1,-33.750712,150.87512,7,0,2,1,0,0,0,0,2,0,7,50,0,4026,4026,8,5,40,1,0,0,0,0
1234048,3,2020,2020,6,1,8,6,31,117,34609,1,0,10,-28.173112,153.540592,72,2,1,1,2,0,0,0,0,0,15,50,0,6545,6545,4,5,13,2,0,0,0,0
1234055,3,2020,2020,8,2,7,106,27,31,106,0,1,9,-33.927558,150.883865,41,0,2,1,3,0,0,0,2,0,7,70,2,186,186,1,5,25,2,0,0,0,0
1234056,3,2020,2020,6,6,8,6,31,15,34609,0,1,9,-33.789136,151.042343,54,0,2,1,3,0,3,4,0,0,7,50,0,4552,985,8,0,40,1,0,0,0,0
1234062,3,2020,2020,0,0,7,11,1,187,34609,0,1,2,-33.88183,150.977829,15,0,2,0,0,0,0,0,2,0,7,50,0,1957,4009,8,0,40,1,0,0,0,0