Crash ID,Degree of crash - detailed,Reporting year,Year of crash,Month of crash,Day of week of crash,Two-hour intervals,Street of crash,Street type,Town,Route no.,School zone location,School zone active,Type of location,Latitude,Longitude,LGA,Urbanisation,Conurbation 1,Alignment,Street lighting,Road surface,Surface condition,Weather,Natural lighting,Signals operation,Other traffic control,Speed limit,Road classification,RUM - code,DCA - code,First impact type,Key TU type,Other TU type,No. of traffic units involved,No. killed,No. seriously injured,No. moderately injured,No. minor-other injured
1234065,3,2020,2020,6,5,7,500,27,198,799,0,1,9,-33.916859,151.107725,15,0,2,1,3,0,0,0,2,0,7,60,2,14295,14295,3,30,5,3,0,0,0,0
1234067,3,2020,2020,6,5,7,204,27,246,34609,0,1,9,-33.914209,151.19198,69,0,2,1,3,0,0,3,2,0,0,50,0,1850,777,5,5,40,1,0,0,0,0
1234068,3,2020,2020,6,6,7,8,27,147,34609,0,1,9,-33.874207,150.999283,15,0,2,1,3,0,3,4,2,0,7,50,0,301,301,4,0,5,2,0,0,0,0
1234071,3,2020,2020,6,3,6,83,27,90,17,0,1,7,-33.711769,150.310349,8,2,2,1,3,0,0,0,2,0,0,50,1,6545,6545,4,5,5,2,0,0,0,0
1234074,3,2020,2020,3,6,11,83,27,16,72,0,1,1,-28.774539,153.332568,39,2,1,1,0,0,3,4,0,0,7,80,2,380,714,5,10,40,1,0,0,0,0
1234077,3,2020,2020,6,1,3,866,17,204,793,0,1,9,-33.896039,150.921942,24,0,2,1,3,0,0,0,1,0,7,70,2,14295,14295,3,34,5,4,0,0,0,0
1234078,3,2020,2020,8,2,7,109,27,460,106,0,1,1,-33.835392,150.984249,21,0,2,1,3,0,0,0,2,0,7,60,1,1391,1391,1,10,5,2,0,0,0,0
1234079,3,2020,2020,6,1,10,866,17,77,793,0,1,10,-33.731442,151.080379,31,0,2,1,3,0,3,3,2,2,6,70,2,301,301,4,10,5,2,0,0,0,0
1234092,3,2020,2020,6,0,6,3,31,87,34609,0,1,1,-28.814002,153.281197,39,2,1,1,3,0,0,3,2,0,7,50,0,941,941,1,5,5,2,0,0,0,0
1234104,3,2020,2020,6,3,4,45,3,27,331,0,1,6,-34.042324,150.745463,12,0,2,0,3,0,3,0,2,0,0,100,2,380,714,5,5,40,1,0,0,0,0
1234105,3,2020,2020,6,6,8,475,10,83,268,0,1,1,-33.875358,150.835729,41,0,2,1,3,0,3,4,3,0,7,80,2,14295,14295,3,5,0,3,0,0,0,0
1234106,3,2020,2020,6,2,11,1,27,39,34609,0,1,1,-33.569683,150.831516,29,2,2,0,3,2,0,0,0,0,7,50,0,2585,4009,8,5,40,1,0,0,0,0
1234108,3,2020,2020,6,1,9,866,17,77,793,0,1,10,-33.731363,151.080239,31,0,2,1,3,0,3,4,0,2,6,70,2,14295,14295,3,0,5,3,0,0,0,0
1234110,3,2020,2020,6,4,8,62,27,63,166,0,1,2,-33.243236,151.465498,16,2,2,1,3,0,3,0,3,0,7,70,2,14295,14295,3,33,0,3,0,0,0,0
1234114,3,2020,2020,6,4,9,485,27,50,769,0,1,9,-33.622876,150.837296,29,2,2,1,3,0,0,0,0,0,7,80,1,2852,2852,4,5,5,2,0,0,0,0
1234115,3,2020,2020,8,0,6,515,14,166,518,0,1,3,-33.944614,150.982479,15,0,2,1,3,0,0,0,2,0,7,100,2,404,404,8,5,40,1,0,0,0,0
1234117,3,2020,2020,6,1,1,89,27,6,228,0,1,1,-33.195009,151.039047,29,2,2,0,3,2,0,0,0,0,7,50,1,1259,5151,8,10,40,1,0,0,0,0
1234120,3,2020,2020,6,5,7,3,31,28,34609,0,1,10,-33.406335,149.566129,3,2,1,1,1,0,0,0,2,0,0,50,0,6545,6545,4,0,5,2,0,0,0,0
1234123,3,2020,2020,8,1,8,1,31,57,34609,0,1,9,-32.97488,151.686238,37,0,2,0,2,0,3,4,0,0,7,50,0,4552,5151,8,5,40,1,0,0,0,0
1234124,3,2020,2020,6,6,3,20,31,149,260,0,1,9,-33.992059,151.144092,4,0,2,1,3,0,0,0,1,0,7,60,2,14295,14295,3,9,13,2,0,0,0,0
1234125,3,2020,2020,6,0,11,1,9,89,34609,0,1,1,-28.222377,153.533102,72,2,1,1,3,0,0,0,0,0,7,50,0,9859,9859,8,34,40,1,0,0,0,0
1234128,3,2020,2020,6,1,4,229,14,323,237,0,1,3,-33.771073,150.968477,71,0,2,0,3,0,0,0,2,0,7,100,2,1850,1463,5,5,40,1,0,0,0,0
1234144,3,2020,2020,6,0,9,6,27,2,34609,0,1,1,-33.874464,149.855228,51,1,0,1,3,0,3,0,0,0,7,100,0,945,945,5,0,40,1,0,0,0,0
1234146,3,2020,2020,6,2,6,30,31,78,34609,1,0,1,-33.856832,151.007468,21,0,2,1,3,0,0,0,2,0,7,50,0,1981,1981,4,5,5,2,0,0,0,0
1234147,3,2020,2020,6,6,4,916,17,61,917,0,1,9,-29.745459,151.736802,51,2,1,1,3,0,0,0,2,0,0,60,2,2852,2852,4,10,5,2,0,0,0,0
1234150,3,2020,2020,6,0,7,41,31,445,34609,0,1,1,-33.866384,151.045423,21,0,2,1,3,0,3,0,2,0,7,50,0,941,941,1,5,5,2,0,0,0,0
1234153,3,2020,2020,6,5,6,1052,14,83,928,0,1,3,-33.509754,151.190457,16,1,2,1,3,0,0,0,2,0,7,100,2,9859,9859,8,29,40,1,0,0,0,0
1234154,3,2020,2020,6,0,6,2,23,44,34609,0,1,9,-33.769532,150.622502,8,2,2,0,3,0,0,0,2,0,7,50,0,5929,5929,1,5,5,2,0,0,0,0
1234155,3,2020,2020,6,3,3,2126,17,22,2149,0,1,1,-33.58205,150.231648,40,2,1,0,3,0,3,3,2,0,7,60,2,4552,5151,8,10,40,1,0,0,0,0
1234156,3,2020,2020,6,5,7,33,27,55,154,0,1,9,-33.787281,150.872064,7,0,2,1,3,0,2,6,2,3,6,70,1,14295,14295,3,9,5,3,0,0,0,0
1234157,3,2020,2020,6,2,5,3371,17,4,3342,0,1,9,-29.407657,153.242971,18,1,0,1,3,0,0,0,2,0,7,100,2,2585,777,8,5,40,1,0,0,0,0
1234158,3,2020,2020,8,2,11,177,22,70,176,0,1,2,-34.033205,151.091935,68,0,2,1,3,0,0,0,0,0,7,60,2,9859,9859,1,5,0,2,0,0,0,0
1234159,3,2020,2020,6,0,3,220,27,187,222,0,1,2,-33.792851,150.981929,54,0,2,0,3,0,0,0,1,0,7,70,2,14295,14295,3,0,0,3,0,0,0,0
1234161,3,2020,2020,6,5,8,38,31,246,64,0,1,9,-33.906162,151.202153,69,0,2,0,3,0,0,0,3,2,7,50,2,1192,1192,1,5,0,2,0,0,0,0
1234162,3,2020,2020,6,2,5,344,27,42,163,0,1,9,-33.739424,150.860102,7,0,2,1,3,0,0,0,2,0,0,70,2,256,256,4,10,5,2,0,0,0,0
1234163,3,2020,2020,6,2,4,74,23,149,260,0,1,9,-33.991737,151.146177,4,0,2,0,3,0,0,0,2,0,0,60,2,2852,2852,4,5,5,2,0,0,0,0
1234165,3,2020,2020,6,6,4,95,31,83,34609,0,1,1,-30.110679,153.202629,19,2,1,1,3,0,0,0,2,0,7,40,0,1282,1282,1,30,40,1,0,0,0,0
1234167,3,2020,2020,6,5,4,500,27,293,799,1,2,9,-33.931813,151.056244,15,0,2,1,3,0,0,0,2,2,7,40,2,395,395,1,5,12,2,0,0,0,0
1234169,3,2020,2020,6,2,9,76,24,164,154,0,1,9,-33.727016,150.896722,7,0,2,1,3,0,0,0,0,2,7,70,1,14295,14295,3,5,5,2,0,0,0,0
1234181,3,2020,2020,6,5,4,16,31,278,34609,0,1,10,-33.783723,151.04065,54,0,2,1,1,0,0,0,2,0,0,50,0,6545,6545,4,0,5,2,0,0,0,0
1234200,3,2020,2020,6,5,9,7,27,22,34609,0,1,1,-35.159171,150.579106,63,2,1,1,2,0,3,0,0,0,7,50,0,4026,4026,8,34,40,1,0,0,0,0
1234203,3,2020,2020,6,0,7,15,1,363,16,0,1,9,-33.746929,150.71323,55,0,2,1,1,0,0,0,2,0,15,50,1,6545,6545,4,10,5,2,0,0,0,0
1234212,3,2020,2020,6,2,7,25,31,28,103,0,1,1,-28.328921,153.401899,72,2,1,1,1,0,0,0,2,0,7,50,1,9859,9859,8,5,40,1,0,0,0,0
1234213,3,2020,2020,0,0,9,5,27,21,34609,0,1,1,-33.666814,151.100478,31,0,2,0,0,0,0,0,0,0,7,50,0,1957,4009,1,10,13,7,0,0,0,0
1234231,3,2020,2020,6,6,8,1104,14,142,962,0,1,3,-33.827854,150.999409,54,0,2,0,3,0,0,0,0,0,7,80,2,14295,14295,3,5,0,3,0,0,0,0
1234233,3,2020,2020,6,2,5,7,10,172,34609,0,1,1,-32.762227,151.593729,42,2,1,1,3,0,0,0,2,0,7,50,0,5929,5929,1,0,5,2,0,0,0,0
1234234,3,2020,2020,6,1,2,1,1,18,34609,0,1,1,-32.965412,151.70799,37,0,2,0,3,0,0,0,1,0,7,50,0,4552,5151,1,5,0,4,0,0,0,0
1234235,3,2020,2020,6,4,9,6,27,108,34609,0,1,9,-28.848064,153.557296,2,2,1,1,2,0,0,0,0,0,0,50,0,6545,6545,4,0,36,2,0,0,0,0
1234237,3,2020,2020,6,0,4,500,27,83,799,0,1,9,-33.912746,151.11823,15,0,2,1,3,0,0,0,2,0,7,60,2,1282,1282,1,5,5,2,0,0,0,0
1234239,3,2020,2020,6,1,4,4,31,104,34609,0,1,10,-33.83269,151.021919,54,0,2,1,3,0,0,0,2,0,7,50,0,301,301,4,0,10,2,0,0,0,0
1234242,3,2020,2020,6,4,3,110,27,9,173,0,1,2,-34.401444,150.875488,80,0,2,1,3,0,0,0,1,0,7,80,2,1945,1945,5,10,40,1,0,0,0,0
1234244,3,2020,2020,6,2,8,80,31,204,187,0,1,9,-33.882189,151.121576,32,0,2,1,3,0,0,0,3,0,15,60,2,14295,14295,3,21,5,3,0,0,0,0
1234245,3,2020,2020,6,1,8,3371,17,54,3342,0,1,2,-33.090518,151.638425,37,0,2,1,3,0,0,3,2,0,7,60,2,14295,14295,3,0,0,4,0,0,0,0
1234246,3,2020,2020,6,0,8,2209,17,6,2205,0,1,1,-36.357991,149.980679,5,1,0,1,3,0,0,0,2,0,7,100,2,9859,9859,8,10,40,1,0,0,0,0
1234250,3,2020,2020,6,2,4,4,10,89,34609,0,1,2,-28.221197,153.551302,72,2,1,0,3,0,0,0,2,0,7,70,0,1957,4009,8,5,40,1,0,0,0,0
1234252,3,2020,2020,6,2,9,829,27,26,770,0,1,2,-33.839002,151.145613,51,0,2,0,2,0,0,0,0,0,7,70,2,1259,5151,8,5,40,1,0,0,0,0
1234261,3,2020,2020,6,0,6,916,17,25,917,0,1,9,-30.8391,151.21665,70,1,0,0,0,0,0,0,2,0,7,100,2,1850,1463,5,10,40,1,0,0,0,0
1234263,3,2020,2020,6,6,8,109,27,137,105,0,1,9,-33.896714,150.912338,24,0,2,1,3,0,0,0,2,0,7,60,2,5929,5929,1,9,5,2,0,0,0,0
1234264,3,2020,2020,6,4,9,25,31,460,55,0,1,9,-33.82596,150.984317,21,0,2,1,3,0,0,0,2,0,7,50,1,926,926,4,5,5,2,0,0,0,0
1234265,3,2020,2020,6,3,5,78,17,23,58,0,1,1,-35.086918,149.031404,82,1,0,1,3,0,0,0,2,0,7,100,2,9859,9859,8,30,40,1,0,0,0,0
1234273,3,2020,2020,6,6,6,330,23,98,260,0,1,10,-33.004374,151.59552,37,0,2,1,3,0,0,0,2,0,7,60,2,926,926,4,30,36,2,0,0,0,0
1234276,3,2020,2020,6,0,6,2261,17,243,2252,0,1,2,-33.941804,150.911958,41,0,2,1,3,0,0,0,2,0,7,70,2,14295,14295,3,5,5,4,0,0,0,0
1234277,3,2020,2020,6,2,4,2,27,3,34609,0,1,9,-33.667987,151.18739,50,0,2,1,3,0,0,1,2,0,15,60,0,2852,2852,4,5,13,2,0,0,0,0
1234279,3,2020,2020,6,5,5,59,27,18,34609,0,1,1,-35.609475,150.145639,23,1,0,0,3,2,0,0,2,0,7,100,0,1957,4009,8,5,40,1,0,0,0,0
1234287,3,2020,2020,6,2,8,10,27,147,34609,1,0,1,-33.872247,150.994291,15,0,2,0,3,0,0,0,2,0,7,50,0,1259,5151,8,0,40,1,0,0,0,0
1234293,3,2020,2020,6,5,4,3,7,83,34609,0,1,1,-33.892579,150.844317,41,0,2,1,0,0,0,0,2,0,7,50,0,4026,4026,1,5,3,2,0,0,0,0
1234296,3,2020,2020,6,0,8,25,31,438,103,0,1,1,-33.863121,151.028,21,0,2,1,3,0,0,0,2,0,7,50,1,186,186,1,5,5,3,0,0,0,0
1234298,3,2020,2020,6,0,9,39,27,337,34609,0,1,1,-33.725316,151.029884,31,0,2,0,2,0,3,4,0,0,7,50,0,4552,5151,8,5,40,1,0,0,0,0
1234310,3,2020,2020,6,6,0,73,31,117,34609,0,1,1,-28.177824,153.531519,72,2,1,1,3,0,0,0,0,0,7,50,0,475,475,5,0,40,1,0,0,0,0
1234311,3,2020,2020,0,4,2,4,1,103,34609,0,1,1,-28.818228,153.315105,39,2,1,0,2,0,3,3,0,0,7,50,0,1957,4009,8,5,40,1,0,0,0,0
1234312,3,2020,2020,6,2,7,485,27,232,769,0,1,10,-33.684122,150.916966,71,0,2,1,3,0,0,0,2,2,7,80,2,1391,1391,1,5,0,2,0,0,0,0
1234313,3,2020,2020,7,0,0,294,17,16,288,0,1,6,-34.622485,143.401613,51,1,0,0,0,0,0,0,0,0,7,110,2,4552,5151,1,3,2,2,0,0,0,0
1234315,3,2020,2020,6,4,7,4,31,93,34609,0,1,1,-36.090536,146.92737,0,2,1,1,3,0,0,0,2,0,7,50,0,5929,5929,1,5,0,2,0,0,0,0
1234320,3,2020,2020,6,1,11,3,31,82,34609,0,1,1,-31.077825,150.932284,70,2,1,1,0,0,0,0,0,0,7,50,0,9859,9859,1,5,13,2,0,0,0,0
1234325,3,2020,2020,6,6,11,15,1,271,34609,0,1,1,-33.951914,151.016559,15,0,2,1,3,0,0,0,0,0,7,50,0,4026,4026,8,5,40,1,0,0,0,0
1234326,3,2020,2020,6,4,5,67,27,210,55,0,1,9,-34.027822,151.106158,68,0,2,1,3,0,0,0,2,0,15,60,2,14295,14295,3,5,0,2,0,0,0,0
1234328,3,2020,2020,6,4,8,1,27,39,34609,0,1,10,-29.425213,153.33062,18,2,1,1,3,0,0,0,0,0,7,50,0,301,301,4,0,5,2,0,0,0,0
1234330,3,2020,2020,6,0,8,225,17,9,180,0,1,1,-34.580984,150.711628,62,0,2,1,3,0,0,0,3,0,7,90,2,4026,4026,8,5,40,1,0,0,0,0
1234333,3,2020,2020,6,3,10,24,27,19,34609,0,1,1,-32.932117,151.445293,17,2,1,0,3,0,3,1,0,0,7,80,0,4552,5151,8,5,40,1,0,0,0,0
1234335,3,2020,2020,6,1,6,13,27,50,34609,0,1,1,-33.629388,151.316794,50,0,2,0,3,2,0,3,2,0,7,50,0,1259,985,8,5,40,1,0,0,0,0
1234338,3,2020,2020,6,3,8,481,17,10,483,0,1,1,-29.657559,149.810842,51,1,0,1,3,0,0,0,3,0,7,110,2,1945,1945,5,0,40,1,0,0,0,0
1234343,3,2020,2020,6,3,9,117,1,239,121,0,1,10,-34.042649,151.119371,68,0,2,1,3,0,0,0,0,2,7,60,1,5929,5929,1,5,5,2,0,0,0,0
1234344,3,2020,2020,6,6,4,11,31,228,34609,0,1,9,-34.755823,149.720457,26,2,1,1,3,0,0,0,2,0,9,60,0,4026,4026,8,30,40,1,0,0,0,0
1234353,3,2020,2020,6,4,6,512,17,433,441,0,1,10,-33.283052,149.096266,52,2,1,1,3,0,0,3,2,2,7,50,2,5929,5929,1,5,13,2,0,0,0,0
1234357,3,2020,2020,6,2,5,195,27,53,186,0,1,10,-33.92912,150.846942,41,0,2,1,3,0,0,0,2,2,7,70,2,301,301,4,5,5,2,0,0,0,0
1234360,3,2020,2020,6,3,0,2,9,42,34609,0,1,1,-33.950252,150.938818,41,0,2,1,3,0,0,0,0,0,7,50,0,9859,9859,8,5,40,1,0,0,0,0
1234361,3,2020,2020,6,5,6,3371,17,40,3342,0,1,2,-31.486084,152.809125,56,1,0,0,3,0,0,0,2,0,7,110,2,418,714,5,29,40,1,0,0,0,0
1234364,3,2020,2020,6,3,5,175,27,104,220,0,1,10,-33.728246,150.923619,7,0,2,1,3,0,0,0,2,2,7,70,2,6545,6545,4,0,5,2,0,0,0,0
1234366,3,2020,2020,6,6,7,829,1,225,34609,0,1,9,-33.792783,151.194386,77,0,2,1,1,0,0,3,2,0,7,50,0,1109,787,1,9,0,2,0,0,0,0
1234367,3,2020,2020,6,3,4,265,10,445,563,0,1,10,-33.861726,151.042279,21,0,2,0,3,0,0,0,2,2,7,70,2,14295,14295,3,5,36,2,0,0,0,0
1234368,3,2020,2020,6,4,6,2126,17,36,2149,0,1,9,-33.808505,150.941614,21,0,2,1,3,0,0,0,2,0,0,80,2,2852,2852,4,8,5,2,0,0,0,0
1234369,3,2020,2020,6,2,1,98,27,294,799,0,1,10,-33.929002,150.955749,41,0,2,1,3,0,0,0,0,2,7,70,2,9859,9859,8,5,40,1,0,0,0,0
1234370,3,2020,2020,6,4,11,30,27,9,39,0,1,9,-35.583882,149.43911,58,2,1,1,3,0,0,0,0,0,0,80,1,1945,1945,5,10,40,1,0,0,0,0
1234374,3,2020,2020,6,6,10,149,27,68,198,0,1,9,-34.074633,151.006733,68,0,2,1,0,0,3,4,0,0,7,70,2,4026,4026,8,5,40,1,0,0,0,0
1234385,3,2020,2020,8,0,9,3,27,35,34609,0,1,2,-33.978641,151.244013,59,0,2,1,2,0,3,4,3,0,7,50,0,9859,9859,1,5,5,2,0,0,0,0
1234402,3,2020,2020,6,5,10,40,31,32,34609,0,1,1,-33.982245,151.126117,25,0,2,1,2,0,0,0,0,0,7,50,0,1282,1282,1,33,5,2,0,0,0,0
1234403,3,2020,2020,6,4,11,8,27,52,34609,0,1,1,-33.271238,151.454097,16,2,2,1,0,0,0,0,0,0,7,60,0,9859,9859,8,5,40,1,0,0,0,0
1234405,3,2020,2020,6,6,7,34,27,38,117,1,2,2,-32.934324,151.689311,48,0,2,0,1,0,3,4,2,0,7,40,2,14295,14295,3,0,25,4,0,0,0,0
1234407,3,2020,2020,6,0,8,8,31,293,34609,0,1,7,-33.925701,151.057053,15,0,2,1,2,0,3,4,2,0,0,50,0,237,162,8,5,40,1,0,0,0,0
1234422,3,2020,2020,6,5,4,3371,17,463,3342,0,1,10,-30.300784,153.110611,19,2,1,1,3,0,0,0,2,2,7,60,2,14295,14295,3,0,5,2,0,0,0,0
1234423,3,2020,2020,6,3,6,178,27,189,101,0,1,9,-33.939171,151.054687,15,0,2,1,3,0,0,0,2,2,7,50,1,2852,2852,4,5,5,2,0,0,0,0
1234426,3,2020,2020,6,6,8,165,31,532,16,0,1,1,-33.874189,151.206835,69,0,2,1,3,0,0,0,2,0,7,20,1,475,475,5,5,40,1,0,0,0,0
1234429,3,2020,2020,6,3,4,8,31,179,34609,0,1,4,-33.758509,150.731109,55,0,2,0,3,0,0,0,2,0,7,50,0,2585,4009,8,5,40,1,0,0,0,0
1234430,3,2020,2020,6,4,3,103,27,124,563,0,1,2,-33.824112,151.051269,54,0,2,1,3,0,0,0,2,0,7,80,2,14295,14295,3,5,10,2,0,0,0,0
1234435,3,2020,2020,6,2,2,4,10,169,34609,0,1,1,-28.639049,153.631483,10,2,1,0,3,0,3,4,0,0,7,50,0,4552,5151,8,5,40,1,0,0,0,0
1234436,3,2020,2020,6,4,5,36,27,15,34609,0,1,1,-33.991534,151.060837,68,0,2,0,3,0,0,0,2,0,7,50,0,175,188,8,9,40,1,0,0,0,0
1234437,3,2020,2020,6,1,11,866,17,174,793,0,1,2,-33.873026,150.92581,24,0,2,0,3,0,0,0,0,0,7,70,2,1957,4009,8,0,40,1,0,0,0,0
1234446,3,2020,2020,0,0,9,3,1,73,34609,0,1,1,-33.826867,151.089583,14,0,2,1,2,0,0,0,0,0,7,50,0,175,188,1,0,36,4,0,0,0,0
1234453,3,2020,2020,6,2,10,2,27,13,34609,0,1,1,-36.830174,149.928955,5,1,0,0,0,2,3,3,0,0,7,100,0,1957,4009,8,30,40,1,0,0,0,0
1234466,3,2020,2020,6,1,11,1052,14,149,928,0,1,6,-33.346132,151.368155,16,2,2,0,2,0,0,0,0,0,7,60,2,1957,4009,8,29,40,1,0,0,0,0
1234493,3,2020,2020,6,6,8,100,31,363,38,0,1,0,-33.817444,150.998909,54,0,2,1,1,0,0,3,2,0,7,60,1,9859,9859,1,33,18,2,0,0,0,0
1234520,3,2020,2020,6,4,7,83,27,169,147,0,1,1,-28.652156,153.6151,10,2,1,1,1,0,0,0,2,0,7,50,1,1192,1192,1,16,36,2,0,0,0,0
1234533,3,2020,2020,6,5,8,3,27,7,3,0,1,1,-30.99748,152.922084,34,1,0,1,3,0,3,4,3,0,7,100,1,3775,3775,0,0,22,2,0,0,0,0
1234540,3,2020,2020,6,6,9,296,27,41,293,0,1,10,-33.870486,150.985466,24,0,2,1,3,0,3,4,0,2,7,70,2,1391,1391,1,5,36,2,0,0,0,0
1234542,3,2020,2020,6,0,11,112,17,207,112,0,1,10,-31.941761,141.510843,51,1,0,1,3,0,0,6,0,0,15,110,2,9859,9859,8,5,40,1,0,0,0,0
1234543,3,2020,2020,6,6,6,168,17,32,212,0,1,7,-35.345442,149.269846,58,2,1,1,3,0,0,3,2,0,0,80,2,1391,1391,1,8,5,2,0,0,0,0
1234546,3,2020,2020,6,3,6,37,31,82,34609,1,0,10,-31.074485,150.917508,70,2,1,1,3,0,0,0,2,0,15,50,0,6545,6545,4,5,13,2,0,0,0,0
1234549,3,2020,2020,6,0,8,6,31,87,34609,0,1,9,-34.490605,150.430236,78,2,1,1,3,0,0,0,2,0,7,50,0,4026,4026,8,5,40,1,0,0,0,0
1234552,3,2020,2020,6,6,5,2,31,15,34609,0,1,9,-32.938412,151.760466,48,0,2,1,3,0,0,0,2,0,9,40,0,248,248,1,21,5,2,0,0,0,0
1234558,3,2020,2020,6,5,4,42,27,10,34609,0,1,1,-31.51569,151.227279,70,1,0,0,3,2,1,5,2,0,7,100,0,782,957,5,10,40,1,0,0,0,0
1234559,3,2020,2020,6,6,5,4,31,134,34609,0,1,10,-33.655435,150.869794,7,0,2,1,3,0,0,0,2,0,7,60,0,941,941,1,10,36,2,0,0,0,0
1234560,3,2020,2020,6,0,5,866,17,61,793,0,1,2,-33.888394,150.922815,24,0,2,1,3,0,0,0,2,0,7,70,2,14295,14295,3,5,5,4,0,0,0,0
1234561,3,2020,2020,6,4,9,5,31,64,34609,0,1,1,-33.963991,150.997582,15,0,2,1,3,0,0,0,0,0,7,50,0,9859,9859,1,5,3,2,0,0,0,0
1234563,3,2020,2020,6,0,5,175,27,86,220,0,1,9,-33.741367,150.917685,7,0,2,1,3,0,0,0,2,2,7,70,2,515,515,1,10,22,2,0,0,0,0
1234564,3,2020,2020,0,5,6,14,31,136,34609,0,1,1,-33.914408,151.070807,15,0,2,1,3,0,0,0,2,0,7,50,0,9859,9859,1,5,5,2,0,0,0,0
1234566,3,2020,2020,6,0,5,8,1,63,34609,0,1,1,-33.925952,151.210762,4,0,2,1,3,0,0,0,2,0,7,50,0,1981,1981,4,5,25,2,0,0,0,0
1234575,3,2020,2020,6,4,7,251,27,115,212,1,2,9,-33.751919,151.231813,50,0,2,1,3,0,0,0,2,2,7,40,2,5929,5929,1,0,5,2,0,0,0,0
1234577,3,2020,2020,8,6,7,3371,17,77,3342,0,1,9,-33.034443,151.660971,37,0,2,1,3,0,0,0,2,0,0,50,2,387,387,1,8,0,2,0,0,0,0
1234579,3,2020,2020,6,5,8,46,27,39,34609,0,1,1,-32.878355,151.648318,48,0,2,1,3,0,0,0,2,0,7,60,0,14295,14295,3,5,5,2,0,0,0,0
1234581,3,2020,2020,6,2,9,1052,14,207,928,0,1,3,-33.563975,151.191972,31,0,2,1,3,0,0,0,0,0,7,110,2,1945,1945,5,5,40,1,0,0,0,0
1234582,3,2020,2020,0,3,8,4,23,239,34609,0,1,1,-34.0464,151.130256,68,0,2,1,3,0,0,0,2,0,7,50,0,248,248,1,33,19,2,0,0,0,0
1234583,3,2020,2020,6,4,4,171,1,252,55,0,1,9,-33.878405,151.211016,69,0,2,1,3,0,0,0,2,0,7,40,1,84,84,8,8,40,1,0,0,0,0
1234584,3,2020,2020,6,0,7,6,31,169,34609,1,2,1,-33.765139,150.836588,7,0,2,1,3,0,0,0,2,0,7,40,0,237,397,1,5,0,2,0,0,0,0
1234585,3,2020,2020,6,6,7,35,27,5,34,0,1,1,-29.921215,151.35014,33,1,0,1,3,0,3,3,2,0,7,100,1,9859,9859,8,10,40,1,0,0,0,0
1234588,3,2020,2020,6,3,7,2261,17,23,2252,0,1,2,-34.808667,148.63093,82,1,0,0,3,0,1,4,2,0,7,110,2,1850,1463,5,34,40,1,0,0,0,0
1234593,3,2020,2020,6,0,4,168,17,36,212,0,1,1,-35.431165,149.795697,58,2,1,1,3,0,0,0,2,0,7,80,2,14295,14295,3,10,36,3,0,0,0,0
1234597,3,2020,2020,6,3,6,3,27,460,34609,0,1,9,-33.835961,150.987116,21,0,2,1,3,0,0,0,2,0,7,40,0,945,945,5,5,40,1,0,0,0,0
1234598,3,2020,2020,6,6,0,15,27,115,34609,0,1,1,-34.025313,151.077647,68,0,2,1,2,0,0,0,0,0,7,50,0,4026,4026,1,34,5,3,0,0,0,0
1234603,3,2020,2020,8,4,7,15,31,228,34609,0,1,7,-34.749276,149.713604,26,2,1,1,1,0,0,0,2,0,0,50,0,6545,6545,4,5,22,2,0,0,0,0
1234613,3,2020,2020,6,1,4,1,27,40,34609,0,1,7,-34.010933,150.772389,12,0,2,1,1,0,0,0,2,0,0,50,0,1282,1282,1,0,40,2,0,0,0,0
1234617,3,2020,2020,6,0,3,43,22,125,34609,1,0,1,-33.866471,151.084725,67,0,2,1,1,0,0,0,2,0,7,50,0,9859,9859,1,5,0,2,0,0,0,0
1234618,3,2020,2020,8,4,2,10,31,646,34609,0,1,1,-33.923315,151.03585,15,0,2,1,0,0,0,0,0,0,7,50,0,4026,4026,1,5,0,2,0,0,0,0
1234623,3,2020,2020,6,2,9,2,1,62,34609,0,1,1,-34.077094,150.813968,13,0,2,0,0,0,0,0,0,0,7,50,0,4552,5151,1,0,5,2,0,0,0,0
1234624,3,2020,2020,6,3,5,293,31,112,369,0,1,1,-33.612724,150.814659,29,2,2,1,1,0,0,0,2,0,7,60,2,9859,9859,1,33,0,2,0,0,0,0
1234625,3,2020,2020,6,4,9,361,32,111,65,0,1,10,-33.692813,150.867949,7,0,2,1,2,0,0,0,0,2,7,50,1,5929,5929,1,34,5,2,0,0,0,0
1234628,3,2020,2020,8,0,1,296,27,187,293,0,1,2,-33.88126,150.977737,24,0,2,1,2,0,3,0,0,0,7,60,2,14295,14295,3,33,5,3,0,0,0,0
1234632,3,2020,2020,6,1,10,515,14,189,518,0,1,3,-33.942748,151.053672,15,0,2,1,2,0,0,0,0,0,7,100,2,1282,1282,1,33,5,2,0,0,0,0
1234637,3,2020,2020,6,2,0,29,27,85,30,0,1,7,-33.89584,150.867737,41,0,2,1,2,0,3,2,0,0,0,60,1,6545,6545,4,10,5,2,0,0,0,0
1234652,3,2020,2020,6,3,5,85,27,72,145,0,1,9,-33.799075,151.053967,54,0,2,1,1,0,0,0,2,0,0,70,2,5929,5929,1,20,0,2,0,0,0,0
1234659,3,2020,2020,6,6,3,8,31,36,34609,0,1,1,-36.091261,146.911083,0,2,1,1,1,0,0,0,2,0,7,50,0,1282,1282,1,33,36,2,0,0,0,0
1234664,3,2020,2020,6,4,11,8,31,49,34609,0,1,1,-33.930102,151.149674,4,0,2,1,2,0,0,0,0,0,7,50,0,4026,4026,1,5,25,2,0,0,0,0