Crash ID,Degree of crash - detailed,Reporting year,Year of crash,Month of crash,Day of week of crash,Two-hour intervals,Street of crash,Street type,Town,Route no.,School zone location,School zone active,Type of location,Latitude,Longitude,LGA,Urbanisation,Conurbation 1,Alignment,Street lighting,Road surface,Surface condition,Weather,Natural lighting,Signals operation,Other traffic control,Speed limit,Road classification,RUM - code,DCA - code,First impact type,Key TU type,Other TU type,No. of traffic units involved,No. killed,No. seriously injured,No. moderately injured,No. minor-other injured
1234668,3,2020,2020,6,4,2,1,27,90,34609,0,1,1,-33.687668,150.325683,8,2,2,0,3,0,0,0,1,0,7,50,0,2585,4009,8,5,40,1,0,0,0,0
1234686,3,2020,2020,6,5,8,31,27,173,69,0,1,9,-33.793986,151.136295,61,0,2,1,3,0,0,0,2,2,7,60,2,14295,14295,3,10,0,3,0,0,0,0
1234691,3,2020,2020,6,6,0,191,27,75,34609,0,1,1,-33.706959,150.376067,8,2,2,1,2,0,0,0,0,0,7,50,0,9859,9859,8,10,40,1,0,0,0,0
1234704,3,2020,2020,6,2,7,15,10,30,34609,0,1,1,-34.500524,150.816846,80,0,2,1,2,0,0,0,2,0,7,60,0,9859,9859,1,5,5,2,0,0,0,0
1234708,3,2020,2020,6,6,4,5,10,85,34609,0,1,7,-33.910313,150.865082,41,0,2,1,3,0,0,0,2,0,0,50,0,6545,6545,4,0,5,2,0,0,0,0
1234713,3,2020,2020,6,2,6,89,17,1,34609,0,1,10,-35.507958,150.302983,63,1,0,0,3,2,0,0,2,0,7,100,0,1192,1192,1,0,36,2,0,0,0,0
1234716,3,2020,2020,8,6,1,2,18,304,34609,0,1,1,-33.913857,151.15949,32,0,2,1,3,2,3,4,0,0,7,50,0,9859,9859,1,5,5,2,0,0,0,0
1234717,3,2020,2020,8,1,11,17,27,323,25,0,1,2,-33.81202,150.838305,7,0,2,1,3,0,3,4,0,0,7,80,2,9859,9859,8,5,40,1,0,0,0,0
1234718,3,2020,2020,6,0,8,22,31,59,47,0,1,9,-32.89396,151.722187,48,0,2,1,3,0,0,0,2,0,7,60,2,14295,14295,3,10,5,2,0,0,0,0
1234721,3,2020,2020,6,1,10,76,24,164,154,0,1,10,-33.724168,150.889109,7,0,2,1,3,0,0,0,0,2,7,70,1,6545,6545,4,0,5,2,0,0,0,0
1234722,3,2020,2020,6,6,11,36,31,218,70,0,1,2,-33.769627,150.779648,55,0,2,1,3,0,0,0,0,0,7,60,1,84,84,6,30,5,2,0,0,0,0
1234723,3,2020,2020,6,3,6,2261,17,30,2252,0,1,9,-35.666364,147.427347,27,1,0,0,3,0,3,4,2,0,0,110,2,1192,1192,1,5,13,2,0,0,0,0
1234727,3,2020,2020,6,2,8,154,27,136,244,0,1,1,-33.914904,151.068485,15,0,2,1,3,0,0,0,3,0,7,60,2,1981,1981,4,5,0,2,0,0,0,0
1234728,3,2020,2020,6,3,0,9,27,21,34609,0,1,1,-32.618112,151.845153,51,1,0,0,3,0,0,0,0,0,7,90,0,2585,4009,8,10,40,1,0,0,0,0
1234730,3,2020,2020,6,5,8,3371,17,29,3342,0,1,9,-32.216749,152.322497,43,2,1,1,3,0,0,0,2,0,7,80,2,6545,6545,4,8,5,2,0,0,0,0
1234732,3,2020,2020,6,6,10,23,27,136,101,0,1,2,-32.932005,151.714215,48,0,2,1,2,0,0,0,0,0,7,60,2,9859,9859,1,16,5,2,0,0,0,0
1234738,3,2020,2020,6,6,8,15,27,223,34609,0,1,2,-33.795285,150.904604,7,0,2,1,3,0,3,3,3,0,7,50,0,3775,3775,0,10,0,2,0,0,0,0
1234739,3,2020,2020,6,0,8,27,27,6,34609,0,1,1,-31.895895,152.194722,43,1,0,0,3,0,0,0,0,0,7,100,0,3775,3775,0,34,13,2,0,0,0,0
1234756,3,2020,2020,6,6,3,11,23,117,34609,0,1,1,-28.173837,153.54576,72,2,1,1,0,0,0,0,2,0,7,50,0,9859,9859,1,5,5,2,0,0,0,0
1234758,3,2020,2020,6,6,11,19,31,61,34609,0,1,1,-33.891397,150.912906,24,0,2,1,2,0,0,0,0,0,7,50,0,9859,9859,1,5,5,4,0,0,0,0
1234764,3,2020,2020,0,6,5,26,31,161,6,0,1,1,-33.886836,151.157443,32,0,2,1,1,0,0,0,2,0,7,40,1,248,248,1,5,12,2,0,0,0,0
1234766,3,2020,2020,6,3,0,1,1,57,34609,0,1,1,-33.666581,151.117452,31,0,2,1,2,0,0,0,0,0,7,50,0,4026,4026,1,5,0,3,0,0,0,0
1234774,3,2020,2020,6,3,1,38,23,54,34609,1,0,1,-33.71993,151.101203,31,0,2,1,2,0,3,1,0,0,7,50,0,4026,4026,1,5,5,2,0,0,0,0
1234778,3,2020,2020,8,0,11,109,27,204,105,1,0,1,-33.895053,150.944304,24,0,2,1,2,0,0,6,0,0,7,60,2,9859,9859,8,5,40,1,0,0,0,0
1234797,3,2020,2020,6,6,10,2126,17,94,2149,0,1,2,-33.775826,150.798025,55,0,2,1,1,0,0,0,0,0,7,60,2,9859,9859,8,30,40,1,0,0,0,0
1234833,3,2020,2020,6,1,7,34,27,127,799,0,1,9,-33.896041,151.158072,32,0,2,1,2,0,0,0,2,0,0,60,2,775,775,4,5,12,2,0,0,0,0
1234837,3,2020,2020,4,6,11,1,1,111,34609,0,1,1,-33.92602,151.248273,59,0,2,1,0,0,0,0,0,0,7,50,0,9859,9859,1,0,5,4,0,0,0,0
1234838,3,2020,2020,6,6,4,3371,17,18,3342,0,1,2,-30.839188,152.900993,47,1,0,1,3,0,3,4,2,0,7,100,2,475,475,5,5,40,1,0,0,0,0
1234840,3,2020,2020,8,0,5,5,31,43,34609,0,1,10,-32.555862,148.952339,22,2,1,1,0,0,0,0,2,0,0,50,0,6545,6545,4,5,5,2,0,0,0,0
1234849,3,2020,2020,0,1,9,387,36,45,69,0,1,2,-33.701629,151.213106,50,0,2,1,2,0,0,0,0,0,7,80,2,14295,14295,3,5,12,2,0,0,0,0
1234850,3,2020,2020,6,2,6,3,7,18,34609,0,1,1,-34.509914,150.806354,80,0,2,1,0,0,0,0,2,0,7,50,0,4026,4026,8,5,40,1,0,0,0,0
1234852,3,2020,2020,6,1,2,8,27,41,18,0,1,2,-33.899473,151.183461,69,0,2,1,3,0,0,0,0,0,7,50,2,4026,4026,8,5,40,1,0,0,0,0
1234858,3,2020,2020,6,5,6,4,1,74,34609,0,1,10,-34.027438,150.773182,12,0,2,1,1,0,0,0,2,0,0,50,0,1669,1669,3,0,12,2,0,0,0,0
1234859,3,2020,2020,6,0,10,34,27,127,799,0,1,1,-33.896473,151.159412,32,0,2,1,3,0,0,0,0,0,7,60,2,84,84,6,5,5,2,0,0,0,0
1234860,3,2020,2020,6,3,9,2,31,82,34609,0,1,10,-33.79234,151.260843,50,0,2,1,3,0,3,4,0,0,0,50,0,6545,6545,4,5,0,2,0,0,0,0
1234861,3,2020,2020,6,1,5,61,31,92,45,0,1,1,-33.868901,150.96605,24,0,2,1,3,0,0,0,2,0,7,60,1,1109,787,1,21,36,2,0,0,0,0
1234863,3,2020,2020,6,1,8,30,27,30,41,0,1,2,-33.985392,151.144216,4,0,2,1,3,0,3,3,2,0,0,60,1,2585,777,8,5,40,1,0,0,0,0
1234865,3,2020,2020,6,0,9,84,27,169,769,0,1,1,-33.5895,150.731359,29,2,2,1,3,0,0,0,3,0,7,80,2,14295,14295,3,5,0,2,0,0,0,0
1234866,3,2020,2020,5,6,10,15,27,82,34609,0,1,1,-31.07517,150.941787,70,2,1,0,3,0,0,0,0,0,7,50,0,4552,5151,8,5,40,1,0,0,0,0
1234871,3,2020,2020,6,1,4,478,17,89,480,0,1,1,-33.398544,151.471773,16,2,2,1,3,0,3,4,2,0,7,60,2,14295,14295,3,10,0,2,0,0,0,0
1234876,3,2020,2020,6,3,7,8,27,13,2,0,1,1,-35.589406,144.2491,51,1,0,1,3,0,3,4,2,0,7,100,1,9859,9859,8,5,40,1,0,0,0,0
1234881,3,2020,2020,6,1,10,2209,17,32,2205,0,1,7,-34.574381,150.821967,62,0,2,0,3,0,0,0,0,0,7,60,2,515,515,1,5,25,2,0,0,0,0
1234883,3,2020,2020,5,0,7,98,27,294,799,0,1,2,-33.928726,150.964985,41,0,2,1,3,0,0,0,2,0,7,70,2,14295,14295,3,5,5,3,0,0,0,0
1234884,3,2020,2020,6,6,4,2261,17,32,2252,0,1,3,-34.292031,150.625483,79,1,2,1,3,0,0,3,2,0,7,110,2,9859,9859,8,5,40,1,0,0,0,0
1234886,3,2020,2020,6,3,7,512,17,433,441,0,1,9,-33.2983,149.119256,52,2,1,1,3,0,0,0,2,0,0,50,2,5929,5929,1,5,0,2,0,0,0,0
1234889,3,2020,2020,5,6,8,33,27,96,34609,0,1,10,-35.346025,149.224933,58,2,1,1,3,0,0,0,2,0,15,50,0,6545,6545,4,5,10,2,0,0,0,0
1234890,3,2020,2020,6,3,7,3,27,11,34609,0,1,1,-36.096611,148.823963,65,1,0,0,3,2,3,3,2,0,7,100,0,1850,1463,5,10,40,1,0,0,0,0
1234893,3,2020,2020,7,2,8,3371,17,6,3342,0,1,2,-32.680456,151.817543,57,1,0,1,3,0,0,0,2,0,7,100,2,1383,1383,1,5,5,2,0,0,0,0
1234894,3,2020,2020,6,6,3,3371,17,18,3342,0,1,2,-30.689406,152.942078,47,1,0,1,3,0,0,0,0,0,7,100,2,204,204,1,3,13,2,0,0,0,0
1234897,3,2020,2020,6,5,7,61,31,41,45,0,1,1,-33.870348,150.984397,24,0,2,1,3,0,0,0,2,0,7,60,1,217,217,1,5,12,2,0,0,0,0
1234902,3,2020,2020,6,4,4,9,27,7,9,0,1,1,-29.475076,151.681011,51,1,0,1,3,0,3,4,2,0,7,100,1,9859,9859,8,0,40,1,0,0,0,0
1234911,3,2020,2020,6,2,2,34,31,169,99,0,1,1,-33.900548,151.212587,69,0,2,1,0,1,2,6,0,0,7,50,2,4026,4026,8,5,40,1,0,0,0,0
1234912,3,2020,2020,6,5,3,7,27,22,34609,0,1,1,-33.461802,150.850268,29,2,2,0,0,0,3,1,0,0,7,70,0,1957,4009,8,5,40,1,0,0,0,0
1234914,3,2020,2020,8,0,10,9,31,609,48,0,1,2,-33.762278,150.893536,7,0,2,1,2,0,0,0,0,0,7,60,1,591,591,1,16,5,2,0,0,0,0
1234917,3,2020,2020,6,3,11,515,14,202,518,0,1,6,-33.939873,151.035444,15,0,2,0,2,0,0,0,0,0,7,70,2,1192,1192,1,33,5,2,0,0,0,0
1234923,3,2020,2020,6,1,3,14,18,34,34609,0,1,1,-33.999178,150.75693,12,0,2,1,1,0,0,0,2,0,7,50,0,220,220,1,10,13,2,0,0,0,0
1234924,3,2020,2020,6,6,9,222,31,120,34609,0,1,1,-32.198047,152.526148,43,2,1,1,2,0,0,0,0,0,7,50,0,9859,9859,1,33,5,3,0,0,0,0
1234928,3,2020,2020,6,5,6,126,31,138,34609,0,1,9,-33.871194,151.271313,81,0,2,1,2,0,0,0,2,0,7,50,0,1282,1282,1,33,5,2,0,0,0,0
1234930,3,2020,2020,6,3,1,11,27,29,34609,0,1,9,-33.754801,151.278329,50,0,2,1,2,0,0,3,0,0,7,50,0,9859,9859,1,5,4,2,0,0,0,0
1234934,3,2020,2020,6,2,0,7,18,104,34609,0,1,1,-33.740344,150.942127,7,0,2,1,3,0,0,0,0,0,7,50,0,9859,9859,1,30,13,2,0,0,0,0
1234935,3,2020,2020,6,5,3,2261,17,68,2252,0,1,3,-34.809356,148.895673,82,1,0,0,0,0,0,0,0,0,7,110,2,1957,4009,8,3,40,1,0,0,0,0
1234946,3,2020,2020,6,0,8,93,10,40,13,0,1,2,-34.412309,150.885468,80,0,2,1,3,0,0,0,3,0,7,80,2,14295,14295,3,5,0,3,0,0,0,0
1234948,3,2020,2020,6,4,9,829,27,149,770,0,1,2,-33.863849,151.169922,32,0,2,1,3,0,0,0,0,0,7,60,2,1391,1391,1,5,36,3,0,0,0,0
1234949,3,2020,2020,5,6,11,5,27,609,34609,0,1,10,-33.758123,150.919375,7,0,2,1,3,0,0,0,0,0,0,50,0,6545,6545,4,5,0,2,0,0,0,0
1234950,3,2020,2020,6,0,8,149,27,60,198,0,1,2,-33.945649,150.947019,41,0,2,1,3,0,0,0,0,0,7,60,2,1391,1391,1,9,5,2,0,0,0,0
1234951,3,2020,2020,6,3,8,1,7,70,34609,0,1,1,-33.878515,150.879086,24,0,2,1,3,0,0,0,3,0,7,50,0,1282,1282,1,5,40,1,0,0,0,0
1234955,3,2020,2020,6,3,5,3,27,187,34609,0,1,1,-33.881834,150.975774,24,0,2,1,3,0,0,0,2,0,9,50,0,4026,4026,8,30,40,1,0,0,0,0
1234957,3,2020,2020,5,6,4,45,31,173,55,0,1,10,-33.876772,151.212159,69,0,2,1,3,0,0,0,2,3,7,40,1,1192,1192,1,16,5,2,0,0,0,0
1234958,3,2020,2020,6,3,11,62,10,33,62,0,1,7,-33.415798,151.34906,16,2,2,1,3,0,3,4,0,0,0,60,2,6545,6545,4,5,5,2,0,0,0,0
1234960,3,2020,2020,6,0,8,45,31,43,81,0,1,9,-32.179185,152.500491,43,2,1,0,3,0,0,0,0,0,0,50,2,150,150,4,10,5,2,0,0,0,0
1234961,3,2020,2020,6,2,9,296,27,290,293,0,1,2,-33.852651,150.996086,21,0,2,1,3,0,0,0,0,0,7,70,2,14295,14295,3,5,5,2,0,0,0,0
1234962,3,2020,2020,6,2,1,481,17,562,483,0,1,1,-32.327638,148.511307,22,1,0,1,3,0,0,0,0,0,7,110,2,945,945,5,5,40,1,0,0,0,0
1234969,3,2020,2020,5,6,4,44,31,176,34609,1,2,9,-33.960868,151.134566,25,0,2,1,3,0,0,0,2,0,7,40,0,5929,5929,1,8,5,2,0,0,0,0
1234970,3,2020,2020,6,2,11,12,10,65,34609,0,1,9,-36.039614,146.983197,0,2,1,0,3,0,3,4,0,0,0,60,0,273,957,5,30,40,1,0,0,0,0
1234976,3,2020,2020,6,0,9,37,31,273,87,0,1,10,-34.425872,150.899792,80,0,2,1,3,0,0,0,0,2,7,60,2,5929,5929,1,30,5,2,0,0,0,0
1234978,3,2020,2020,5,4,0,2,1,646,34609,0,1,1,-33.924058,151.042809,15,0,2,1,3,0,0,0,0,0,7,50,0,1282,1282,1,5,13,2,0,0,0,0
1234982,3,2020,2020,6,4,5,3,27,2,34609,0,1,1,-32.345178,150.712711,46,2,1,0,0,0,0,0,2,0,7,60,0,1259,5151,8,5,40,1,0,0,0,0
1234984,3,2020,2020,6,2,11,51,31,562,34609,0,1,9,-32.265684,148.610274,22,2,1,1,2,0,0,0,0,0,7,50,0,1282,1282,1,10,5,2,0,0,0,0
1234987,3,2020,2020,6,3,8,2261,17,38,2252,0,1,2,-34.15576,150.737795,79,1,2,1,3,0,0,0,2,0,7,110,2,14295,14295,3,5,5,5,0,0,0,0
1234991,3,2020,2020,5,6,1,12,1,13,34609,0,1,1,-33.364229,151.489593,16,2,2,1,2,0,0,0,0,0,7,50,0,9859,9859,1,33,5,3,0,0,0,0
1235016,3,2020,2020,6,3,10,222,27,115,165,0,1,1,-33.962943,151.067383,25,0,2,1,2,0,0,0,0,0,7,50,1,9859,9859,1,33,5,2,0,0,0,0
1235034,3,2020,2020,6,6,7,1,31,79,34609,0,1,7,-34.914245,150.612862,63,2,1,1,1,0,0,0,2,0,0,50,0,9859,9859,8,10,40,1,0,0,0,0
1235050,3,2020,2020,6,5,8,2,27,28,34609,0,1,9,-35.37187,149.232381,58,2,1,1,2,0,0,0,0,0,7,50,0,5929,5929,1,5,13,2,0,0,0,0
1235058,3,2020,2020,6,0,9,283,27,253,702,0,1,2,-33.965629,151.094579,25,0,2,1,2,0,3,3,0,0,7,60,2,14295,14295,3,30,0,2,0,0,0,0
1235071,3,2020,2020,6,3,11,3,10,179,34609,0,1,1,-31.898833,152.471466,43,2,1,1,2,0,0,0,0,0,7,50,0,9859,9859,1,5,0,2,0,0,0,0
1235090,3,2020,2020,8,6,8,478,17,128,480,0,1,2,-33.427709,151.333013,16,2,2,1,2,0,0,0,0,0,7,70,2,1282,1282,1,9,13,2,0,0,0,0
1235097,3,2020,2020,8,2,9,2,2,151,34609,0,1,2,-34.030664,150.858474,13,0,2,1,3,0,0,0,3,0,7,50,0,4026,4026,8,10,40,1,0,0,0,0
1235102,3,2020,2020,6,5,2,6,31,132,34609,0,1,1,-29.773824,151.098901,33,2,1,1,2,0,3,0,0,0,7,50,0,945,945,5,5,40,1,0,0,0,0
1235105,3,2020,2020,6,3,10,2,31,25,34609,0,1,0,-32.935369,151.771405,48,0,2,1,1,0,0,0,0,0,7,50,0,248,248,1,33,5,2,0,0,0,0
1235106,3,2020,2020,5,6,7,2126,17,94,2149,0,1,10,-33.773235,150.786545,55,0,2,1,3,0,0,0,2,2,7,60,2,5929,5929,1,5,5,2,0,0,0,0
1235109,3,2020,2020,6,0,6,1,27,2,34609,0,1,1,-28.671883,153.275165,39,1,0,0,3,0,3,4,2,0,7,100,0,4552,5151,8,5,40,1,0,0,0,0
1235110,3,2020,2020,6,5,5,916,17,172,917,0,1,9,-32.762347,151.5961,42,2,1,1,3,0,0,0,2,2,7,60,2,150,150,4,10,13,2,0,0,0,0
1235111,3,2020,2020,6,1,2,23,27,104,144,0,1,9,-33.806184,150.791116,55,0,2,1,3,0,0,0,0,0,7,50,2,5929,5929,1,5,5,2,0,0,0,0
1235118,3,2020,2020,6,4,2,2261,17,112,2252,0,1,2,-36.061924,146.945224,0,1,0,1,3,0,0,3,1,0,7,110,2,4026,4026,8,5,40,1,0,0,0,0
1235121,3,2020,2020,6,1,7,4,36,44,34609,0,1,10,-32.413046,152.208894,43,2,1,1,3,0,0,0,2,0,0,60,0,6545,6545,4,5,5,2,0,0,0,0
1235122,3,2020,2020,5,6,6,478,17,96,480,0,1,7,-33.437876,151.383651,16,2,2,1,3,0,0,0,2,3,0,60,2,515,515,1,0,5,2,0,0,0,0
1235124,3,2020,2020,6,3,6,108,31,160,34609,0,1,10,-33.107698,151.487343,37,0,2,1,3,0,0,0,2,0,15,60,0,301,301,4,5,13,4,0,0,0,0
1235126,3,2020,2020,6,1,9,308,14,42,311,0,1,3,-33.893411,150.835619,41,0,2,0,3,0,0,0,0,0,7,100,2,2585,4009,8,5,40,1,0,0,0,0
1235127,3,2020,2020,6,1,9,26,1,144,34609,0,1,1,-34.06129,151.0077,68,0,2,1,3,0,0,0,2,0,7,50,0,1981,1981,4,5,5,3,0,0,0,0
1235135,3,2020,2020,6,4,3,1052,14,46,928,0,1,3,-33.300227,151.403905,16,1,2,1,0,0,0,0,2,0,7,110,2,1192,1192,1,33,5,2,0,0,0,0
1235139,3,2020,2020,5,0,4,42,31,113,34609,0,1,9,-29.471267,149.843731,51,2,1,1,3,0,3,0,2,0,7,50,0,1957,777,8,3,40,1,0,0,0,0
1235141,3,2020,2020,6,2,3,11,27,182,34609,0,1,1,-32.831614,151.34698,17,2,1,1,2,0,0,1,1,0,7,50,0,9859,9859,1,21,10,2,0,0,0,0
1235145,3,2020,2020,6,0,1,1,27,73,34609,0,1,1,-33.727221,150.711803,55,0,2,0,2,0,0,0,0,0,7,50,0,4552,5151,1,33,5,2,0,0,0,0
1235150,3,2020,2020,6,3,5,6,31,218,34609,0,1,7,-33.764205,150.77832,55,0,2,1,0,0,0,0,2,0,0,50,0,926,926,4,5,40,2,0,0,0,0
1235157,3,2020,2020,6,2,0,2261,17,39,2252,0,1,2,-35.925197,147.036627,27,1,0,1,0,0,0,0,0,0,7,110,2,945,945,5,10,40,1,0,0,0,0
1235158,3,2020,2020,6,1,0,4,10,26,34609,0,1,9,-33.758158,150.881193,7,0,2,0,2,0,0,0,0,0,7,50,0,4552,5151,8,5,40,1,0,0,0,0
1235160,3,2020,2020,6,2,9,86,27,4,65,0,1,1,-29.907668,152.786289,18,1,0,1,0,0,0,0,0,0,7,100,1,1089,1089,7,30,40,1,0,0,0,0
1235169,3,2020,2020,6,5,4,15,27,23,34609,0,1,9,-34.048136,150.813128,13,0,2,1,0,0,0,0,2,0,7,60,0,623,623,3,10,13,2,0,0,0,0
1235173,3,2020,2020,8,2,9,334,10,83,34609,0,1,1,-34.455624,150.445451,78,2,1,1,0,0,0,0,0,0,7,50,0,9859,9859,8,5,40,1,0,0,0,0
1235175,3,2020,2020,6,1,10,2209,17,176,2205,0,1,2,-33.948265,151.140049,4,0,2,1,3,0,0,0,0,0,7,60,2,9859,9859,8,9,40,1,0,0,0,0
1235176,3,2020,2020,6,3,9,4,10,7,62,0,1,9,-36.726465,149.980706,5,2,1,1,2,0,3,4,0,0,7,50,1,78,78,8,5,40,1,0,0,0,0
1235187,3,2020,2020,6,3,8,60,10,117,84,0,1,6,-28.182699,153.537275,72,2,1,0,1,0,3,4,2,0,7,60,1,1957,4009,8,30,40,1,0,0,0,0
1235188,3,2020,2020,6,2,10,361,18,31,34609,0,1,1,-30.9589,148.381387,51,2,1,1,0,2,3,4,0,0,7,50,0,9859,9859,8,30,40,1,0,0,0,0
1235189,3,2020,2020,6,2,9,916,17,105,917,0,1,1,-32.708469,151.51177,42,2,1,1,2,0,0,1,0,0,7,60,2,3775,3775,0,5,0,2,0,0,0,0
1235202,3,2020,2020,6,2,4,1,25,1,34609,0,1,1,-37.106218,149.883923,5,2,1,1,1,0,0,0,2,0,7,50,0,9859,9859,8,5,40,1,0,0,0,0
1235206,3,2020,2020,6,1,10,39,27,143,51,0,1,9,-33.691462,151.099046,31,0,2,1,2,0,0,0,0,2,15,60,2,150,150,4,5,36,2,0,0,0,0
1235207,3,2020,2020,6,6,3,387,27,290,331,0,1,1,-33.96006,151.116988,4,0,2,1,2,0,3,3,1,0,7,60,2,1282,1282,1,33,5,3,0,0,0,0
1235208,3,2020,2020,5,6,11,17,10,89,34609,0,1,9,-28.219126,153.532817,72,2,1,0,2,0,0,0,0,0,7,50,0,4552,5151,1,9,5,2,0,0,0,0
1235209,3,2020,2020,5,4,11,204,27,134,34609,0,1,1,-33.511167,151.325568,16,2,2,1,2,0,3,0,0,0,7,60,0,4026,4026,1,5,5,3,0,0,0,0
1235220,3,2020,2020,6,4,2,7,27,433,34609,0,1,1,-33.293572,149.092621,52,2,1,1,2,0,0,0,0,0,7,50,0,4026,4026,8,5,40,1,0,0,0,0
1235224,3,2020,2020,6,0,7,165,31,69,34609,0,1,2,-34.552573,150.861345,62,0,2,1,0,0,0,0,2,0,7,50,0,9859,9859,1,0,5,2,0,0,0,0
1235235,3,2020,2020,6,0,4,169,27,80,34609,0,1,1,-33.753176,150.671905,55,0,2,1,3,2,0,0,2,0,7,50,0,14295,14295,3,5,5,2,0,0,0,0
1235238,3,2020,2020,6,5,7,177,22,210,176,1,2,2,-34.033691,151.097628,68,0,2,1,3,0,0,0,2,0,7,40,2,9859,9859,1,10,0,3,0,0,0,0
1235242,3,2020,2020,6,3,8,2261,17,38,2252,0,1,3,-34.131021,150.747201,79,1,2,1,3,0,0,0,2,0,7,110,2,14295,14295,3,10,0,2,0,0,0,0
1235243,3,2020,2020,6,5,7,251,27,64,212,0,1,9,-33.756006,151.220818,50,0,2,0,3,0,0,0,2,0,7,70,2,14295,14295,3,0,36,2,0,0,0,0
1235244,3,2020,2020,5,4,3,72,27,72,56,0,1,9,-33.794529,151.065467,61,0,2,1,3,0,0,0,1,0,0,60,2,926,926,4,5,13,2,0,0,0,0
1235246,3,2020,2020,6,2,9,31,27,20,46,0,1,1,-33.4786,150.213939,40,2,1,0,3,0,0,0,0,0,7,80,2,4552,5151,8,10,40,1,0,0,0,0
1235250,3,2020,2020,6,1,9,149,10,346,702,0,1,2,-33.87698,151.067753,67,0,2,1,3,0,0,0,3,0,7,80,2,14295,14295,3,5,0,4,0,0,0,0
1235254,3,2020,2020,6,5,4,3371,17,108,3342,0,1,9,-33.307283,151.419808,16,2,2,1,3,0,0,0,2,2,7,60,2,5929,5929,1,34,36,2,0,0,0,0
1235258,3,2020,2020,6,4,7,3371,17,77,3342,0,1,9,-33.0424,151.657128,37,0,2,1,3,0,0,0,2,0,7,60,2,14295,14295,3,30,5,2,0,0,0,0
1235259,3,2020,2020,6,2,11,23,27,104,144,0,1,9,-33.806184,150.791116,55,0,2,1,2,0,3,4,0,0,15,50,2,1957,777,8,5,40,1,0,0,0,0
1235262,3,2020,2020,6,0,11,6,10,33,34609,0,1,1,-34.017034,150.816173,13,0,2,0,2,0,0,0,0,0,7,50,0,4552,5151,1,30,5,2,0,0,0,0
1235276,3,2020,2020,6,3,0,1,27,84,34609,0,1,9,-33.474277,151.395813,16,2,2,1,2,0,0,0,0,0,7,50,0,9859,9859,1,0,0,2,0,0,0,0
1235277,3,2020,2020,6,6,9,95,31,41,34609,0,1,1,-33.904775,151.126925,32,0,2,0,2,0,0,0,3,0,7,50,0,3775,3775,0,5,5,3,0,0,0,0
1235285,3,2020,2020,0,0,4,3371,17,16,3342,0,1,2,-31.217034,152.823563,34,1,0,1,0,0,0,0,2,0,7,110,2,9859,9859,8,5,40,1,0,0,0,0
1235286,3,2020,2020,6,6,9,500,27,293,799,1,0,9,-33.931813,151.056244,15,0,2,1,0,0,0,0,0,1,9,60,2,14295,14295,3,0,36,2,0,0,0,0
1235316,3,2020,2020,6,2,1,2,25,71,34609,0,1,1,-33.776392,150.708949,55,0,2,1,2,0,0,0,0,0,7,50,0,4026,4026,1,5,5,2,0,0,0,0
1235339,3,2020,2020,6,0,10,145,27,115,80,0,1,1,-33.87694,151.187904,69,0,2,0,2,0,0,0,0,0,7,60,2,4552,5151,8,10,40,2,0,0,0,0
1235345,3,2020,2020,6,5,9,9,31,48,34609,1,0,10,-32.912197,151.744158,48,0,2,1,3,0,0,0,0,0,0,50,0,6545,6545,4,10,5,2,0,0,0,0
1235346,3,2020,2020,6,2,2,4,31,460,34609,0,1,1,-33.848693,151.003294,21,0,2,1,3,0,0,1,0,0,7,50,0,4026,4026,1,5,0,3,0,0,0,0
1235353,3,2020,2020,6,2,2,23,27,39,34609,1,0,1,-33.761271,150.929334,7,0,2,1,3,2,0,0,1,0,7,50,0,220,220,8,8,40,1,0,0,0,0
1235355,3,2020,2020,6,5,6,48,10,135,58,0,1,10,-32.887588,151.735809,48,0,2,1,3,0,0,0,2,0,7,80,2,2852,2852,4,10,13,2,0,0,0,0
1235356,3,2020,2020,6,6,6,1052,14,83,928,0,1,3,-33.496907,151.187919,16,1,2,0,3,0,3,4,2,0,7,90,2,2585,4009,8,10,40,1,0,0,0,0
1235357,3,2020,2020,6,5,11,14,31,309,34609,0,1,1,-33.793277,151.107149,61,0,2,1,3,0,0,0,0,0,7,50,0,9859,9859,1,5,5,3,0,0,0,0
1235360,3,2020,2020,6,0,6,1104,14,460,962,0,1,3,-33.820551,150.983819,21,0,2,1,3,0,0,0,2,0,7,90,2,1391,1391,1,5,13,3,0,0,0,0
1235361,3,2020,2020,6,5,2,916,17,104,917,0,1,2,-32.81771,151.679138,48,0,2,0,3,0,0,1,0,0,7,80,2,404,404,8,0,40,2,0,0,0,0
1235364,3,2020,2020,6,4,7,481,17,7,483,0,1,1,-35.033979,146.205459,51,1,0,1,3,0,0,0,2,0,7,110,2,1089,1089,7,33,40,1,0,0,0,0
1235366,3,2020,2020,0,3,8,8,1,53,34609,1,0,7,-33.919407,150.840546,41,0,2,1,0,0,0,0,3,0,7,50,0,6545,6545,4,10,5,2,0,0,0,0
1235367,3,2020,2020,6,4,10,80,27,316,50,1,0,10,-33.912782,151.239402,59,0,2,1,3,0,0,0,0,2,9,60,2,6545,6545,4,5,5,2,0,0,0,0
1235368,3,2020,2020,6,0,8,21,31,179,66,0,1,7,-31.911161,152.454027,43,2,1,1,3,0,0,0,0,0,0,60,1,9859,9859,8,5,40,1,0,0,0,0
1235372,3,2020,2020,6,2,9,512,17,562,441,0,1,7,-32.258797,148.641427,22,2,1,1,3,0,0,0,0,0,0,70,2,1669,1669,3,10,5,2,0,0,0,0