Crash ID,Degree of crash - detailed,Reporting year,Year of crash,Month of crash,Day of week of crash,Two-hour intervals,Street of crash,Street type,Town,Route no.,School zone location,School zone active,Type of location,Latitude,Longitude,LGA,Urbanisation,Conurbation 1,Alignment,Street lighting,Road surface,Surface condition,Weather,Natural lighting,Signals operation,Other traffic control,Speed limit,Road classification,RUM - code,DCA - code,First impact type,Key TU type,Other TU type,No. of traffic units involved,No. killed,No. seriously injured,No. moderately injured,No. minor-other injured
1235374,3,2020,2020,6,3,7,84,10,39,80,0,1,9,-34.322552,150.91337,80,0,2,1,3,0,0,0,2,0,15,50,2,775,775,4,8,0,2,0,0,0,0
1235408,3,2020,2020,6,1,0,294,4,562,34609,0,1,1,-32.244475,148.638345,22,2,1,0,2,0,0,0,0,0,7,50,0,782,957,5,10,40,1,0,0,0,0
1235436,3,2020,2020,7,1,4,171,1,57,104,0,1,10,-33.945378,151.221638,4,0,2,0,3,0,0,0,2,2,8,70,2,2852,2852,4,8,12,2,0,0,0,0
1235447,3,2020,2020,6,2,8,7,27,26,34609,0,1,10,-33.282522,151.56858,16,2,2,1,3,0,0,0,2,0,0,50,0,2852,2852,4,5,19,2,0,0,0,0
1235449,3,2020,2020,5,3,11,1,4,111,34609,0,1,1,-33.712201,150.891248,7,0,2,1,3,0,0,0,0,0,7,50,0,4026,4026,1,5,5,2,0,0,0,0
1235453,3,2020,2020,6,2,1,13,27,131,34609,0,1,1,-36.067228,146.911974,0,2,1,1,2,0,0,0,0,0,7,50,0,4026,4026,8,5,40,1,0,0,0,0
1235456,3,2020,2020,5,3,8,916,17,20,917,0,1,2,-30.959654,151.1079,70,1,0,1,3,0,0,0,0,0,7,100,2,14295,14295,3,0,5,2,0,0,0,0
1235457,3,2020,2020,5,4,0,9,10,16,34609,0,1,1,-33.988784,151.025225,68,0,2,1,3,0,0,0,0,0,7,50,0,9859,9859,1,10,13,2,0,0,0,0
1235465,3,2020,2020,5,1,8,109,27,44,169,0,1,9,-32.810827,151.431621,17,2,1,1,3,0,0,0,2,0,9,60,2,14295,14295,3,5,5,3,0,0,0,0
1235466,3,2020,2020,5,1,9,109,27,204,105,0,1,2,-33.895913,150.935487,24,0,2,1,3,0,0,0,0,0,7,60,2,1282,1282,1,9,13,2,0,0,0,0
1235467,3,2020,2020,6,4,6,154,27,55,244,0,1,10,-33.902142,151.083601,15,0,2,1,1,0,0,0,2,2,7,60,2,6545,6545,4,5,40,2,0,0,0,0
1235468,3,2020,2020,5,0,10,1,10,29,34609,0,1,1,-33.466065,151.426428,16,2,2,0,2,0,0,0,0,0,7,50,0,4552,5151,1,5,0,2,0,0,0,0
1235469,3,2020,2020,5,2,5,3371,17,54,3342,0,1,1,-33.235256,151.501602,16,2,2,1,3,0,0,0,2,0,7,70,2,14295,14295,3,5,5,2,0,0,0,0
1235473,3,2020,2020,5,0,9,145,31,532,34609,0,1,10,-33.863493,151.210359,69,0,2,1,3,0,0,0,0,2,7,40,0,5929,5929,1,0,5,2,0,0,0,0
1235475,3,2020,2020,6,6,1,45,31,46,34609,0,1,1,-28.826697,153.295016,39,2,1,1,2,0,3,1,0,0,7,50,0,9859,9859,8,0,40,1,0,0,0,0
1235496,3,2020,2020,6,0,2,478,17,122,480,0,1,7,-33.429251,151.338777,16,2,2,0,2,0,0,0,0,0,0,60,2,782,957,5,5,40,1,0,0,0,0
1235507,3,2020,2020,6,5,10,3371,17,21,3342,0,1,2,-31.98313,152.470233,43,1,0,1,3,0,0,0,0,0,7,110,2,4026,4026,8,30,40,1,0,0,0,0
1235516,3,2020,2020,5,2,5,2209,17,24,2205,0,1,9,-34.946348,150.602013,63,1,0,1,3,0,0,0,2,0,7,100,2,150,150,4,0,0,2,0,0,0,0
1235517,3,2020,2020,5,5,6,44,31,26,7,0,1,1,-31.512631,150.675397,51,2,1,0,3,0,0,0,2,0,7,50,1,1981,1981,4,5,5,2,0,0,0,0
1235518,3,2020,2020,5,3,6,4,31,108,34609,0,1,7,-33.806641,151.184077,77,0,2,1,3,0,0,0,2,0,0,50,0,1391,1391,1,0,5,2,0,0,0,0
1235519,3,2020,2020,5,0,10,3,27,4,34609,0,1,1,-36.368984,149.814072,5,1,0,1,3,2,0,0,0,0,7,100,0,9859,9859,8,0,40,1,0,0,0,0
1235521,3,2020,2020,5,4,4,7,10,23,34609,0,1,9,-32.865493,151.647151,48,0,2,1,3,0,0,0,2,0,7,100,0,2852,2852,4,9,5,2,0,0,0,0
1235526,3,2020,2020,5,3,2,294,17,11,288,0,1,1,-34.694642,144.023405,51,1,0,0,3,0,3,1,0,0,7,110,2,782,957,5,30,40,1,0,0,0,0
1235527,3,2020,2020,6,5,8,3,1,46,34609,0,1,1,-33.882974,150.962691,24,0,2,1,2,0,0,0,0,0,7,50,0,9859,9859,1,5,5,2,0,0,0,0
1235528,3,2020,2020,5,2,4,234,27,34,217,0,1,1,-33.471696,151.010142,31,0,2,0,0,0,0,0,2,0,7,90,2,5929,5929,1,8,36,2,0,0,0,0
1235534,3,2020,2020,6,5,11,2,31,189,34609,0,1,9,-33.938831,151.051865,15,0,2,1,2,0,0,0,0,0,7,50,0,489,489,8,5,40,1,0,0,0,0
1235537,3,2020,2020,6,1,11,42,31,31,34609,0,1,1,-33.873516,151.029282,21,0,2,0,2,0,0,0,0,0,7,50,0,52,52,6,33,40,2,0,0,0,0
1235545,3,2020,2020,6,0,7,1,1,143,5,0,1,9,-33.6911,151.101534,31,0,2,1,2,0,0,0,2,0,7,60,1,1282,1282,1,33,5,2,0,0,0,0
1235550,3,2020,2020,6,2,10,5,10,433,34609,0,1,1,-33.266089,149.101056,52,2,1,1,2,0,0,0,0,0,7,50,0,4026,4026,8,10,40,2,0,0,0,0
1235554,3,2020,2020,5,6,3,158,27,138,207,0,1,9,-33.866288,151.271945,81,0,2,0,2,0,3,4,1,2,5,50,2,1259,5151,8,5,40,1,0,0,0,0
1235557,3,2020,2020,6,4,9,112,27,79,769,0,1,9,-33.574657,150.714162,29,2,2,1,0,0,3,0,0,0,7,60,2,14295,14295,3,10,0,3,0,0,0,0
1235565,3,2020,2020,8,0,8,4,27,155,34609,0,1,1,-33.497627,151.308987,16,2,2,1,2,0,3,4,3,0,7,50,0,9859,9859,1,5,5,2,0,0,0,0
1235566,3,2020,2020,5,0,10,3371,17,19,3342,0,1,9,-31.890769,152.548399,43,1,0,0,0,0,0,1,0,0,7,100,2,2585,4009,8,3,40,1,0,0,0,0
1235570,3,2020,2020,6,2,0,2,1,41,34609,0,1,9,-35.122392,147.373759,75,2,1,1,2,0,0,0,0,0,7,50,0,9859,9859,1,5,5,2,0,0,0,0
1235572,3,2020,2020,6,0,0,21,31,17,34609,0,1,4,-32.730555,151.53288,42,2,1,0,2,0,0,0,0,0,7,50,0,2585,4009,8,5,40,1,0,0,0,0
1235578,3,2020,2020,6,3,9,111,27,80,233,0,1,9,-33.938375,151.229188,4,0,2,1,3,0,0,0,0,0,0,60,2,5929,5929,1,5,5,2,0,0,0,0
1235580,3,2020,2020,5,6,9,34,27,225,69,0,1,9,-33.795892,151.177404,77,0,2,1,3,0,0,0,0,0,7,50,2,2852,2852,4,5,5,3,0,0,0,0
1235585,3,2020,2020,6,3,10,105,27,67,109,0,1,9,-33.877865,150.893478,24,0,2,1,2,0,0,0,0,2,7,60,1,256,256,4,5,5,2,0,0,0,0
1235609,3,2020,2020,5,6,8,3371,17,207,3342,0,1,1,-33.569078,151.19165,31,0,2,0,3,0,3,0,2,0,7,80,2,4552,5151,8,5,40,1,0,0,0,0
1235611,3,2020,2020,5,0,1,13,31,39,83,0,1,1,-29.436981,153.352695,18,2,1,1,2,0,0,0,0,0,7,50,1,4026,4026,1,5,23,2,0,0,0,0
1235614,3,2020,2020,5,3,8,3371,17,54,3342,0,1,9,-33.233451,151.502288,16,2,2,1,1,0,0,0,2,0,7,70,2,14295,14295,3,0,5,2,0,0,0,0
1235616,3,2020,2020,8,0,10,3,31,115,34609,0,1,1,-33.912587,151.174309,32,0,2,1,2,0,0,0,0,0,7,50,0,4026,4026,1,30,0,2,0,0,0,0
1235617,3,2020,2020,6,3,3,63,10,234,34609,0,1,1,-34.25096,146.080616,28,2,1,1,3,0,3,0,2,0,7,80,0,9859,9859,8,5,40,1,0,0,0,0
1235619,3,2020,2020,6,0,9,60,27,239,167,0,1,10,-34.026573,151.120342,68,0,2,1,3,0,0,0,0,2,7,70,2,6545,6545,4,5,0,2,0,0,0,0
1235621,3,2020,2020,5,6,3,280,10,127,240,0,1,2,-33.845716,150.868408,24,0,2,0,3,0,0,0,2,0,7,60,2,14295,14295,3,10,0,2,0,0,0,0
1235627,3,2020,2020,6,5,6,10,31,463,34609,0,1,9,-30.288167,153.108324,19,2,1,0,3,0,0,0,2,0,0,50,0,2852,2852,4,30,0,2,0,0,0,0
1235633,3,2020,2020,5,6,8,12,31,80,34609,0,1,10,-33.744712,150.671571,55,0,2,1,3,0,0,0,2,0,0,50,0,6545,6545,4,5,5,2,0,0,0,0
1235636,3,2020,2020,5,2,2,39,27,284,563,0,1,2,-33.898601,151.037277,15,0,2,1,2,0,3,4,0,0,7,70,2,9859,9859,8,5,40,1,0,0,0,0
1235647,3,2020,2020,5,0,7,500,27,646,799,0,1,9,-33.93443,151.033766,15,0,2,1,1,0,0,0,2,0,7,60,2,2852,2852,4,10,5,2,0,0,0,0
1235655,3,2020,2020,6,4,1,7,27,53,34609,0,1,4,-33.769572,151.151064,36,0,2,0,2,0,3,0,0,0,7,50,0,2585,4009,8,30,40,1,0,0,0,0
1235659,3,2020,2020,5,0,5,149,36,21,81,0,1,1,-32.110326,152.478366,43,1,0,0,0,0,0,0,2,0,7,100,2,4552,5151,8,5,40,1,0,0,0,0
1235664,3,2020,2020,6,2,5,171,1,387,104,0,1,10,-33.934164,151.1972,4,0,2,1,2,0,0,0,2,0,0,60,2,5929,5929,1,5,5,2,0,0,0,0
1235672,3,2020,2020,6,4,0,154,27,293,244,0,1,1,-33.924079,151.056972,15,0,2,1,2,0,0,0,0,0,7,60,2,9859,9859,1,5,5,2,0,0,0,0
1235684,3,2020,2020,8,3,10,5,31,443,34609,0,1,1,-33.910645,151.058946,15,0,2,1,2,0,0,0,0,0,7,50,0,9859,9859,1,5,36,3,0,0,0,0
1235692,3,2020,2020,6,2,7,7,31,215,34609,0,1,10,-35.105288,147.363961,75,2,1,1,3,0,0,0,2,0,0,50,0,5929,5929,1,0,5,2,0,0,0,0
1235706,3,2020,2020,6,1,1,2,1,111,34609,0,1,1,-33.70121,150.890213,7,0,2,0,1,0,0,0,0,0,7,10,0,4552,5151,1,0,13,3,0,0,0,0
1235707,3,2020,2020,8,2,11,95,27,42,605,0,1,2,-33.659717,151.317045,50,0,2,1,2,0,0,0,0,0,7,60,2,9859,9859,1,5,5,2,0,0,0,0
1235716,3,2020,2020,6,4,4,229,14,278,237,0,1,3,-33.760574,151.037659,71,0,2,1,1,0,0,0,2,0,7,60,2,1282,1282,1,3,0,2,0,0,0,0
1235731,3,2020,2020,5,1,10,230,27,84,284,1,0,10,-33.77239,151.100975,61,0,2,1,3,0,0,0,0,2,7,70,2,217,217,1,5,5,2,0,0,0,0
1235732,3,2020,2020,5,5,6,28,36,87,34609,0,1,1,-34.491081,150.438991,78,2,1,1,3,0,0,0,2,0,7,50,0,945,945,5,30,40,1,0,0,0,0
1235734,3,2020,2020,6,2,2,2,1,154,34609,1,0,9,-33.705698,150.953421,71,0,2,0,3,0,3,4,0,0,0,50,0,4552,985,8,5,40,1,0,0,0,0
1235735,3,2020,2020,5,3,8,40,10,9,174,0,1,10,-32.807646,151.349288,17,2,1,1,3,0,0,0,2,0,0,70,2,14295,14295,3,0,5,2,0,0,0,0
1235741,3,2020,2020,5,5,4,51,31,16,10,0,1,9,-33.746176,150.654519,55,0,2,1,3,0,0,0,2,0,7,50,1,14295,14295,3,5,0,3,0,0,0,0
1235754,3,2020,2020,6,6,0,7,27,79,33,1,0,9,-33.963941,151.120591,4,0,2,1,0,0,0,0,0,0,7,50,1,9859,9859,1,5,5,2,0,0,0,0
1235758,3,2020,2020,5,4,9,344,27,168,382,0,1,2,-33.718144,150.84403,7,0,2,1,3,0,0,0,0,0,7,80,2,14295,14295,3,5,0,3,0,0,0,0
1235764,3,2020,2020,4,4,3,28,27,38,28,0,1,7,-32.741447,151.867397,57,2,1,1,1,0,0,0,2,0,0,50,2,1192,1192,1,34,0,2,0,0,0,0
1235788,3,2020,2020,6,5,10,112,27,29,769,0,1,9,-33.539254,150.632639,29,2,2,0,1,0,0,0,0,0,15,60,2,6545,6545,4,33,13,3,0,0,0,0
1235790,3,2020,2020,6,1,11,4,31,41,34609,0,1,7,-35.127844,147.36229,75,2,1,1,2,0,0,1,0,0,0,50,0,9859,9859,8,5,40,1,0,0,0,0
1235801,3,2020,2020,8,6,9,18,18,56,34609,0,1,9,-31.092842,152.836835,34,2,1,1,3,0,0,0,0,0,7,50,0,2585,777,8,5,40,1,0,0,0,0
1235808,3,2020,2020,6,1,9,2,31,123,34609,0,1,9,-33.818177,148.682303,51,2,1,1,2,0,0,0,0,0,7,50,0,782,985,5,5,40,1,0,0,0,0
1235814,3,2020,2020,5,4,4,14,31,80,34609,0,1,1,-33.94014,151.205412,4,0,2,1,3,0,0,0,2,0,7,50,0,237,162,8,8,40,1,0,0,0,0
1235818,3,2020,2020,5,5,3,3,27,2,34609,0,1,1,-31.618429,152.626153,56,1,0,1,3,2,0,0,1,0,7,100,0,945,945,5,21,40,1,0,0,0,0
1235819,3,2020,2020,6,0,9,157,17,21,158,0,1,1,-34.457528,144.981639,51,1,0,0,3,0,0,0,0,0,7,110,2,1089,1089,7,3,40,1,0,0,0,0
1235828,3,2020,2020,5,3,8,103,27,62,256,0,1,2,-34.081633,150.807911,13,0,2,1,3,0,0,0,2,0,7,80,2,9859,9859,8,34,40,1,0,0,0,0
1235829,3,2020,2020,6,0,5,232,36,74,331,0,1,10,-34.020197,150.761192,12,0,2,1,3,0,0,0,2,2,7,80,2,14295,14295,3,8,0,2,0,0,0,0
1235830,3,2020,2020,5,2,8,330,23,123,233,0,1,9,-33.917881,151.226262,59,0,2,1,3,0,0,0,2,2,7,50,2,395,395,1,5,39,2,0,0,0,0
1235831,3,2020,2020,6,3,1,163,27,63,165,0,1,9,-33.735474,150.799599,7,0,2,1,3,0,0,0,0,2,8,60,1,2585,777,8,30,40,1,0,0,0,0
1235835,3,2020,2020,5,4,3,191,17,562,189,0,1,7,-32.237839,148.632078,22,2,1,1,3,0,0,0,2,0,0,60,2,2852,2852,4,5,19,2,0,0,0,0
1235836,3,2020,2020,5,0,4,48,10,316,121,0,1,9,-31.432377,152.891506,56,2,1,1,3,0,0,0,2,0,7,60,1,2852,2852,4,5,5,2,0,0,0,0
1235837,3,2020,2020,5,0,7,3,27,171,34609,0,1,7,-33.814215,150.971357,21,0,2,1,3,0,0,3,2,0,0,50,0,6545,6545,4,5,5,2,0,0,0,0
1235839,3,2020,2020,6,0,8,89,36,7,6,0,1,1,-33.73194,145.185567,51,1,0,1,3,2,0,0,0,0,7,100,1,945,945,5,0,40,1,0,0,0,0
1235840,3,2020,2020,5,2,4,39,31,193,145,1,0,10,-33.793497,151.077677,61,0,2,1,3,0,0,6,2,2,7,60,2,3775,3775,0,5,5,2,0,0,0,0
1235842,3,2020,2020,6,1,1,2126,17,78,2149,0,1,9,-33.865165,151.088814,14,0,2,1,2,0,0,0,0,2,7,60,2,9859,9859,8,9,40,1,0,0,0,0
1235843,3,2020,2020,6,5,3,3371,17,35,3342,0,1,2,-30.52054,152.982317,6,1,0,1,3,0,0,0,2,0,7,100,2,4026,4026,8,5,40,1,0,0,0,0
1235845,3,2020,2020,6,6,5,13,31,438,7,0,1,1,-33.847766,151.017898,21,0,2,1,1,0,3,3,2,0,7,50,1,4026,4026,1,5,13,3,0,0,0,0
1235852,3,2020,2020,5,1,4,6,10,31,34609,0,1,1,-34.59169,150.856016,62,0,2,1,1,0,0,0,2,0,7,50,0,9859,9859,1,5,5,2,0,0,0,0
1235875,3,2020,2020,6,1,8,10,31,143,34609,0,1,1,-33.703881,151.110537,31,0,2,0,1,0,0,0,3,0,7,50,0,3775,3775,0,33,5,2,0,0,0,0
1235879,3,2020,2020,7,0,10,5,27,35,34609,0,1,2,-35.343805,149.213865,58,2,1,1,2,0,0,0,0,0,7,50,0,9859,9859,1,5,5,2,0,0,0,0
1235881,3,2020,2020,6,5,9,53,36,18,95,0,1,1,-33.236871,148.930262,11,1,0,0,3,0,3,4,0,0,7,100,2,1957,4009,8,10,40,1,0,0,0,0
1235899,3,2020,2020,6,0,8,251,27,62,212,0,1,9,-33.754022,151.259972,50,0,2,1,3,0,0,0,0,0,7,70,2,14295,14295,3,5,0,2,0,0,0,0
1235900,3,2020,2020,5,3,6,97,31,142,92,0,1,1,-33.828433,150.993752,21,0,2,1,3,0,0,0,2,0,7,60,1,14295,14295,3,5,5,2,0,0,0,0
1235903,3,2020,2020,6,0,0,84,10,39,80,0,1,9,-34.319447,150.916372,80,0,2,0,2,0,3,4,0,2,7,50,2,1259,5151,8,5,40,1,0,0,0,0
1235910,3,2020,2020,5,2,7,54,27,134,34609,0,1,1,-33.955044,150.809357,12,0,2,1,3,0,0,0,2,0,7,60,0,5929,5929,1,19,19,2,0,0,0,0
1235914,3,2020,2020,5,0,8,31,27,21,33,0,1,9,-33.572783,150.648028,29,2,2,1,3,0,0,0,2,0,0,60,1,2852,2852,4,9,5,2,0,0,0,0
1235915,3,2020,2020,5,5,8,3,27,18,34609,0,1,9,-31.145953,150.985072,70,1,0,1,3,0,0,0,2,0,0,100,0,489,489,8,34,40,1,0,0,0,0
1235916,3,2020,2020,5,4,9,1,1,7,34609,0,1,1,-33.174967,151.571125,16,2,2,1,3,0,0,6,3,0,7,50,0,1282,1282,1,5,13,2,0,0,0,0
1235918,3,2020,2020,5,0,4,1,25,162,34609,0,1,1,-33.845464,150.914905,24,0,2,1,3,0,0,0,2,0,7,50,0,237,397,1,3,5,2,0,0,0,0
1235920,3,2020,2020,5,2,9,24,31,433,34609,0,1,9,-33.304056,149.094666,52,2,1,1,3,0,0,0,3,0,7,50,0,175,188,8,10,40,1,0,0,0,0
1235921,3,2020,2020,5,0,3,27,31,433,34609,0,1,1,-33.277086,149.098931,52,2,1,1,3,0,0,3,2,0,7,50,0,323,323,1,5,13,2,0,0,0,0
1235922,3,2020,2020,5,5,4,7,31,77,34609,0,1,10,-32.94376,151.754768,48,0,2,1,3,0,0,0,2,0,15,50,0,6545,6545,4,5,0,2,0,0,0,0
1235923,3,2020,2020,5,6,11,135,17,131,136,0,1,10,-36.081663,146.923589,0,2,1,1,3,0,0,0,0,2,6,50,2,14295,14295,3,0,36,2,0,0,0,0
1235925,3,2020,2020,5,5,5,105,27,70,109,0,1,9,-33.885277,150.88475,24,0,2,1,3,0,0,0,2,0,7,60,1,14295,14295,3,0,36,3,0,0,0,0
1235927,3,2020,2020,5,0,11,1,27,3,34609,0,1,1,-33.233363,149.775932,3,1,0,0,3,2,3,5,0,0,7,100,0,4552,5151,8,0,40,1,0,0,0,0
1235931,3,2020,2020,6,0,8,42,31,82,118,0,1,7,-31.078519,150.918596,70,2,1,0,2,0,0,0,3,0,0,60,2,6545,6545,4,0,5,2,0,0,0,0
1235934,3,2020,2020,5,2,4,74,27,15,260,0,1,7,-32.969464,151.60625,37,0,2,1,1,0,3,0,2,0,0,70,2,9859,9859,8,5,40,1,0,0,0,0
1235944,3,2020,2020,6,4,7,3371,17,54,3342,0,1,9,-33.242271,151.496511,16,2,2,1,1,0,0,0,2,0,7,70,2,14295,14295,3,9,0,3,0,0,0,0
1235946,3,2020,2020,8,2,8,916,17,66,917,0,1,2,-32.810539,151.671499,48,0,2,1,0,0,3,3,0,0,7,80,2,9859,9859,8,30,40,2,0,0,0,0
1235949,3,2020,2020,5,0,8,4,1,96,34609,0,1,1,-33.432605,151.38933,16,2,2,1,3,0,0,0,2,0,7,50,0,248,248,1,5,5,2,0,0,0,0
1235951,3,2020,2020,5,0,7,2,7,73,34609,0,1,9,-33.758712,150.80287,7,0,2,1,3,0,0,0,2,0,7,50,0,28,28,1,5,13,2,0,0,0,0
1235956,3,2020,2020,5,6,4,481,17,7,483,0,1,1,-29.873241,149.78836,51,1,0,1,3,0,0,0,2,0,7,110,2,77,77,1,3,10,2,0,0,0,0
1235957,3,2020,2020,6,5,5,33,27,27,40,0,1,7,-33.764645,151.294995,50,0,2,1,3,0,0,0,2,0,0,50,1,945,945,5,30,40,1,0,0,0,0
1235958,3,2020,2020,5,4,8,109,27,169,34609,1,0,1,-33.767468,150.84071,7,0,2,1,3,0,0,0,3,0,7,50,0,941,941,1,0,5,2,0,0,0,0
1235961,3,2020,2020,5,5,3,3371,17,24,3342,0,1,9,-32.652757,151.866134,57,1,0,1,3,0,0,0,2,0,0,100,2,150,150,4,10,36,2,0,0,0,0
1235968,3,2020,2020,5,4,8,74,27,56,59,0,1,9,-34.459354,150.865426,80,0,2,0,1,0,0,0,2,0,7,80,2,273,957,5,5,40,1,0,0,0,0
1235977,3,2020,2020,6,6,6,17,31,91,34609,0,1,1,-32.968618,151.646123,37,0,2,1,3,2,2,6,2,0,7,50,0,489,489,8,0,40,1,0,0,0,0
1235980,3,2020,2020,5,2,2,71,27,65,34609,0,1,1,-36.055877,146.98937,0,2,1,1,1,0,0,0,0,0,7,50,0,4026,4026,1,5,5,2,0,0,0,0
1235984,3,2020,2020,5,3,10,30,27,39,93,0,1,2,-33.753737,150.929654,7,0,2,1,2,0,0,0,0,0,7,60,1,4026,4026,8,0,40,1,0,0,0,0
1236001,3,2020,2020,5,1,4,92,27,129,244,0,1,9,-33.8997,151.089612,9,0,2,1,3,0,0,0,2,2,7,60,2,14295,14295,3,5,12,2,0,0,0,0
1236004,3,2020,2020,5,2,8,2209,17,70,2205,0,1,7,-34.846151,150.595471,63,2,1,0,3,0,3,3,0,0,0,70,2,1850,1463,5,10,40,1,0,0,0,0
1236005,3,2020,2020,5,5,8,19,27,147,8,0,1,9,-33.74534,151.286506,50,0,2,1,3,0,3,4,2,0,7,50,1,14295,14295,3,15,0,2,0,0,0,0
1236022,3,2020,2020,0,4,1,6,31,189,34609,0,1,1,-33.949069,151.05496,25,0,2,1,2,0,0,0,0,0,7,50,0,4026,4026,1,5,5,2,0,0,0,0
1236024,3,2020,2020,5,2,1,916,17,172,917,1,0,2,-32.748742,151.583256,42,2,1,1,2,0,0,0,0,0,7,60,2,4026,4026,8,5,40,1,0,0,0,0
1236028,3,2020,2020,5,3,4,2,7,100,34609,0,1,1,-33.887748,150.896496,24,0,2,1,0,0,0,0,2,0,7,50,0,9859,9859,1,30,5,3,0,0,0,0
1236029,3,2020,2020,5,0,0,5,31,562,34609,0,1,1,-32.252657,148.584392,22,2,1,1,2,0,0,0,0,0,7,50,0,9859,9859,8,0,40,1,0,0,0,0
1236033,3,2020,2020,5,4,11,108,31,171,34609,0,1,1,-33.811355,150.970959,21,0,2,1,3,0,3,0,0,0,7,50,0,9859,9859,1,5,5,2,0,0,0,0
1236039,3,2020,2020,5,1,6,512,17,19,441,0,1,1,-32.357498,148.787211,22,1,0,1,3,0,3,4,2,0,7,110,2,945,945,5,0,40,1,0,0,0,0
1236040,3,2020,2020,8,0,8,22,22,39,22,0,1,3,-33.848438,151.213031,49,0,2,1,3,0,0,0,3,0,7,80,2,4026,4026,8,34,40,1,0,0,0,0
1236046,3,2020,2020,5,0,4,195,27,54,186,0,1,9,-33.879116,150.866882,24,0,2,1,3,0,0,0,2,2,7,70,2,5929,5929,1,9,5,2,0,0,0,0
1236050,3,2020,2020,5,3,6,17,27,96,15,0,1,1,-34.237654,150.728454,79,2,2,1,3,0,0,0,2,0,7,80,1,1669,1669,3,10,5,2,0,0,0,0
1236051,3,2020,2020,5,6,4,75,10,102,165,0,1,3,-33.937288,151.197034,4,0,2,1,3,0,0,3,2,0,7,70,2,1391,1391,1,8,5,2,0,0,0,0
1236052,3,2020,2020,5,5,11,2261,17,523,2252,0,1,9,-33.915222,150.920686,41,0,2,0,3,0,0,0,0,2,7,60,2,5929,5929,1,5,5,2,0,0,0,0
1236053,3,2020,2020,5,3,4,22,27,5,34609,0,1,1,-33.178641,151.371789,16,2,2,1,3,0,0,0,2,0,7,80,0,84,84,6,0,40,1,0,0,0,0
1236055,3,2020,2020,5,6,6,39,27,8,29,0,1,9,-32.198161,149.788574,44,1,0,1,3,0,0,0,2,0,7,100,1,323,323,1,3,40,2,0,0,0,0
1236056,3,2020,2020,5,6,3,5,1,363,34609,0,1,9,-33.747192,150.694672,55,0,2,1,3,0,0,0,2,0,7,50,0,2852,2852,4,30,0,2,0,0,0,0
1236057,3,2020,2020,5,4,9,334,17,84,308,1,0,10,-31.093092,150.919114,70,2,1,1,3,0,0,0,0,2,7,50,2,5929,5929,1,5,36,2,0,0,0,0
1236058,3,2020,2020,5,6,7,100,27,42,100,0,1,2,-33.871872,150.845343,24,0,2,1,3,0,0,0,2,0,7,80,2,3775,3775,0,5,5,2,0,0,0,0
1236060,3,2020,2020,5,5,5,192,31,316,120,1,0,1,-33.910893,151.243628,59,0,2,0,3,0,0,0,2,0,7,50,2,4552,5151,8,9,40,1,0,0,0,0
1236064,3,2020,2020,5,3,0,97,17,61,88,0,1,2,-35.192149,149.223015,82,1,0,1,3,0,3,1,0,0,7,110,2,9859,9859,8,30,40,1,0,0,0,0
1236070,3,2020,2020,5,1,7,7,31,182,34609,0,1,1,-32.84371,151.361407,17,2,1,1,1,0,0,0,2,0,7,50,0,9859,9859,1,0,5,2,0,0,0,0
1236078,3,2020,2020,5,0,11,192,10,84,114,1,0,1,-33.469321,151.392818,16,2,2,1,3,0,3,4,0,0,7,60,2,941,941,1,19,5,2,0,0,0,0
1236080,3,2020,2020,5,6,5,334,17,53,308,0,1,10,-31.090067,150.929282,70,2,1,1,3,0,0,0,2,2,7,50,2,5929,5929,1,5,0,2,0,0,0,0
1236083,3,2020,2020,6,4,3,1104,14,223,962,0,1,3,-33.805263,150.914829,7,0,2,1,3,0,0,0,2,0,7,100,2,14295,14295,3,9,12,4,0,0,0,0
1236087,3,2020,2020,5,5,8,79,27,188,159,0,1,9,-33.936082,151.111781,15,0,2,0,3,0,0,0,3,2,7,60,2,5929,5929,1,5,5,2,0,0,0,0
1236091,3,2020,2020,5,6,9,829,27,149,770,0,1,1,-33.869208,151.185661,32,0,2,1,3,0,0,0,3,0,7,60,2,14295,14295,3,5,5,2,0,0,0,0
1236093,3,2020,2020,6,1,7,102,31,293,28,0,1,10,-33.918098,151.04776,15,0,2,1,3,0,0,6,2,0,0,60,1,1282,1282,1,10,0,2,0,0,0,0
1236098,3,2020,2020,5,2,1,5,27,5,34609,0,1,1,-28.831613,153.074583,60,1,0,1,3,0,3,1,0,0,7,100,0,9859,9859,8,10,40,1,0,0,0,0
1236101,3,2020,2020,5,2,8,105,17,251,136,0,1,2,-33.766794,150.952756,7,0,2,1,3,0,0,0,3,0,7,60,2,1391,1391,1,5,0,2,0,0,0,0
1236107,3,2020,2020,5,1,9,4,1,247,34609,0,1,1,-33.823286,150.958302,21,0,2,1,0,0,0,0,0,0,7,50,0,9859,9859,1,5,5,2,0,0,0,0
1236111,3,2020,2020,5,2,4,255,27,71,166,0,1,1,-33.263171,151.531166,16,2,2,1,1,0,3,4,2,0,7,50,2,9859,9859,1,5,0,2,0,0,0,0
1236115,3,2020,2020,6,2,7,6,31,148,34609,0,1,1,-36.039724,146.950447,0,2,1,1,1,0,3,4,2,0,7,50,0,4026,4026,1,10,5,2,0,0,0,0
1236116,3,2020,2020,5,0,3,67,27,210,55,0,1,9,-34.027822,151.106158,68,0,2,1,3,0,0,0,2,0,15,60,2,5929,5929,1,0,5,2,0,0,0,0
1236120,3,2020,2020,5,3,9,23,27,61,91,0,1,1,-35.220291,149.270105,58,2,1,1,3,0,3,4,0,0,7,80,2,9859,9859,8,5,40,1,0,0,0,0