Crash ID,Degree of crash - detailed,Reporting year,Year of crash,Month of crash,Day of week of crash,Two-hour intervals,Street of crash,Street type,Town,Route no.,School zone location,School zone active,Type of location,Latitude,Longitude,LGA,Urbanisation,Conurbation 1,Alignment,Street lighting,Road surface,Surface condition,Weather,Natural lighting,Signals operation,Other traffic control,Speed limit,Road classification,RUM - code,DCA - code,First impact type,Key TU type,Other TU type,No. of traffic units involved,No. killed,No. seriously injured,No. moderately injured,No. minor-other injured
1236122,3,2020,2020,5,6,7,3371,17,44,3342,0,1,9,-32.386731,152.237528,43,1,0,1,3,0,0,0,2,0,7,100,1,5929,5929,1,0,0,2,0,0,0,0
1236125,3,2020,2020,5,2,9,2,27,19,34609,0,1,1,-33.769389,150.489653,8,2,2,0,3,2,3,3,0,0,7,10,0,1850,1463,5,21,40,1,0,0,0,0
1236127,3,2020,2020,5,6,6,3371,17,44,3342,0,1,2,-32.432174,152.192209,43,1,0,0,3,0,0,0,2,0,7,100,2,1957,4009,8,0,40,1,0,0,0,0
1236159,3,2020,2020,6,4,7,59,31,45,34609,0,1,1,-33.891324,151.195404,69,0,2,1,1,0,0,0,2,0,7,40,0,4026,4026,1,5,0,2,0,0,0,0
1236161,3,2020,2020,5,3,10,2261,17,23,2252,0,1,6,-34.061285,150.784763,13,0,2,0,2,0,3,3,0,0,7,80,2,1957,4009,8,5,40,1,0,0,0,0
1236164,3,2020,2020,5,0,5,515,14,197,518,0,1,3,-33.943671,151.074288,15,0,2,1,1,0,0,0,2,0,7,100,2,1192,1192,1,5,5,2,0,0,0,0
1236174,3,2020,2020,6,4,6,8,31,316,34609,0,1,9,-31.444287,152.919941,56,2,1,0,1,0,0,0,2,0,7,50,0,14295,14295,3,0,5,2,0,0,0,0
1236181,3,2020,2020,5,6,9,6,31,35,34609,0,1,1,-35.35346,149.217047,58,2,1,1,0,0,0,0,0,0,7,50,0,1282,1282,1,0,13,2,0,0,0,0
1236188,3,2020,2020,5,5,4,20,27,252,4,0,1,7,-33.948105,150.881592,41,0,2,0,0,0,0,0,2,0,0,60,1,4552,5151,8,5,40,1,0,0,0,0
1236194,3,2020,2020,6,5,4,91,27,161,187,0,1,10,-33.874916,151.160799,32,0,2,1,2,0,0,0,2,1,7,70,2,1383,1383,1,5,2,3,0,0,0,0
1236196,3,2020,2020,5,2,6,109,27,71,106,0,1,10,-33.832332,150.969496,21,0,2,1,1,0,0,0,2,2,7,60,1,5929,5929,1,5,5,2,0,0,0,0
1236201,3,2020,2020,5,2,11,25,27,54,34609,0,1,1,-33.619264,150.889066,29,2,2,0,0,0,3,1,0,0,7,70,0,4552,5151,8,5,40,1,0,0,0,0
1236203,3,2020,2020,6,4,8,6,27,193,34609,1,0,1,-33.788665,151.07564,61,0,2,1,2,0,0,0,2,0,7,50,0,9859,9859,1,0,5,2,0,0,0,0
1236212,3,2020,2020,5,5,5,36,27,438,34609,0,1,1,-33.865186,151.018272,21,0,2,1,1,0,0,0,2,0,7,50,0,220,220,8,5,40,2,0,0,0,0
1236231,3,2020,2020,5,5,11,9,27,5,34609,0,1,1,-28.738162,153.516852,2,2,1,0,0,0,0,0,0,0,7,50,0,1957,4009,8,9,40,1,0,0,0,0
1236241,3,2020,2020,5,3,9,293,31,562,34609,0,1,2,-32.246132,148.60151,22,2,1,1,2,0,3,4,0,0,7,40,0,4026,4026,8,5,40,1,0,0,0,0
1236242,3,2020,2020,5,4,1,478,17,45,480,0,1,1,-33.340954,151.49533,16,2,2,1,2,0,0,0,0,0,7,50,2,9859,9859,1,33,0,2,0,0,0,0
1236243,3,2020,2020,5,4,1,4,27,24,34609,0,1,1,-32.790314,151.457797,17,2,1,1,2,0,0,0,0,0,7,80,0,4026,4026,8,5,40,1,0,0,0,0
1236247,3,2020,2020,5,0,3,26,31,171,34609,0,1,9,-33.808042,150.972675,21,0,2,1,0,0,0,0,2,0,7,50,0,9859,9859,8,5,40,1,0,0,0,0
1236248,3,2020,2020,5,4,5,53,36,19,34,0,1,9,-33.41487,148.315653,51,1,0,1,0,0,0,0,2,0,7,100,2,1850,985,5,29,40,1,0,0,0,0
1236267,3,2020,2020,5,2,10,51,31,70,34609,0,1,1,-33.437604,151.356527,16,2,2,1,2,0,0,0,0,0,7,50,0,9859,9859,1,5,36,2,0,0,0,0
1236271,3,2020,2020,5,0,11,3,27,89,34609,0,1,1,-33.388787,151.470998,16,2,2,1,2,0,0,0,0,0,7,50,0,9859,9859,1,5,36,3,0,0,0,0
1236276,3,2020,2020,8,5,11,196,10,45,168,0,1,1,-33.889985,150.972749,15,0,2,1,0,0,3,0,0,0,7,60,2,3775,3775,0,5,5,2,0,0,0,0
1236281,3,2020,2020,5,0,7,34,31,433,34609,0,1,7,-33.277118,149.107258,52,2,1,1,1,0,0,0,2,0,0,50,0,4026,4026,8,5,40,1,0,0,0,0
1236288,3,2020,2020,5,6,1,6,27,438,34609,0,1,1,-33.846006,151.039535,21,0,2,1,2,0,3,0,0,0,7,50,0,9859,9859,1,5,5,3,0,0,0,0
1236290,3,2020,2020,6,0,6,18,31,53,34609,0,1,1,-35.134575,147.363522,75,2,1,1,1,0,0,0,2,0,7,50,0,9859,9859,8,5,40,1,0,0,0,0
1236304,3,2020,2020,8,1,8,16,31,64,18,0,1,2,-33.956204,150.998643,15,0,2,1,3,0,3,3,3,0,7,50,1,9859,9859,1,5,13,3,0,0,0,0
1236313,3,2020,2020,8,0,3,3,27,646,34609,0,1,1,-33.91266,151.0364,15,0,2,1,0,0,0,0,2,0,7,50,0,4026,4026,1,5,5,2,0,0,0,0
1236320,3,2020,2020,5,6,4,6,10,44,154,0,1,2,-33.797101,150.87086,7,0,2,1,3,0,0,0,2,0,7,60,1,1391,1391,1,28,0,2,0,0,0,0
1236321,3,2020,2020,5,3,11,3,31,169,34609,0,1,1,-28.650636,153.619156,10,2,1,1,0,0,0,0,0,0,7,50,0,4026,4026,8,0,40,1,0,0,0,0
1236324,3,2020,2020,5,3,9,481,17,7,483,0,1,1,-31.973898,148.589613,22,1,0,1,3,0,3,4,0,0,7,110,2,84,84,6,0,40,1,0,0,0,0
1236330,3,2020,2020,6,5,7,2209,17,10,2205,0,1,2,-35.199185,150.441407,63,1,0,0,0,0,0,0,2,0,7,100,2,2585,4009,8,5,40,1,0,0,0,0
1236335,3,2020,2020,6,1,1,296,27,187,293,0,1,9,-33.877246,150.980481,24,0,2,1,2,0,0,0,0,2,7,70,2,14295,14295,3,5,5,2,0,0,0,0
1236343,3,2020,2020,6,3,3,1,10,54,34609,0,1,1,-28.506932,153.538031,10,2,1,0,0,0,3,3,1,0,7,50,0,4552,5151,8,5,40,1,0,0,0,0
1236347,3,2020,2020,5,6,9,77,31,445,563,0,1,2,-33.870726,151.042386,21,0,2,1,3,0,0,0,0,0,7,70,2,1282,1282,1,5,5,2,0,0,0,0
1236349,3,2020,2020,5,3,6,361,23,176,34609,0,1,2,-33.958315,151.134815,25,0,2,1,3,0,0,0,2,0,9,50,0,4026,4026,8,5,40,1,0,0,0,0
1236351,3,2020,2020,5,0,10,14,10,10,34609,0,1,1,-34.009141,151.048476,68,0,2,0,3,0,3,4,0,0,7,50,0,4552,5151,1,10,5,2,0,0,0,0
1236352,3,2020,2020,5,6,8,220,27,251,222,0,1,2,-33.763036,150.957686,7,0,2,1,3,0,0,0,0,0,7,80,2,1383,1383,1,5,5,3,0,0,0,0
1236357,3,2020,2020,5,4,6,1,1,30,34609,0,1,1,-34.494145,150.81438,80,0,2,1,3,0,0,0,2,0,7,50,0,220,220,8,5,40,1,0,0,0,0
1236366,3,2020,2020,6,1,6,348,17,35,232,0,1,1,-29.661181,148.093569,51,1,0,1,3,0,0,0,2,0,7,110,2,475,475,5,0,40,1,0,0,0,0
1236378,3,2020,2020,6,3,7,3371,17,16,3342,0,1,2,-31.932476,152.49181,43,1,0,1,0,0,0,3,2,0,7,110,2,1282,1282,1,10,2,3,0,0,0,0
1236380,3,2020,2020,0,0,9,56,1,87,34609,0,1,1,-34.062769,151.151275,68,0,2,1,2,0,0,0,0,0,7,50,0,190,190,1,5,5,2,0,0,0,0
1236382,3,2020,2020,6,1,1,4,27,164,34609,0,1,1,-33.728677,150.891644,7,0,2,1,2,0,0,0,0,0,7,50,0,9859,9859,1,5,5,2,0,0,0,0
1236385,3,2020,2020,5,6,6,90,31,174,165,0,1,2,-33.894101,151.216331,69,0,2,1,3,0,0,3,2,0,7,60,2,387,387,1,10,5,2,0,0,0,0
1236391,3,2020,2020,6,6,5,22,31,165,78,0,1,10,-33.8498,151.152031,14,0,2,1,0,0,0,0,2,0,15,50,2,6545,6545,4,10,5,3,0,0,0,0
1236392,3,2020,2020,5,3,8,512,23,9,34609,0,1,1,-35.334204,150.473277,63,2,1,1,2,0,3,4,0,0,7,50,0,9859,9859,1,0,4,2,0,0,0,0
1236412,3,2020,2020,8,6,0,11,10,26,34609,0,1,7,-33.755161,150.87962,7,0,2,0,2,0,0,0,0,0,0,50,0,4552,985,8,16,40,1,0,0,0,0
1236415,3,2020,2020,6,5,3,225,27,304,140,0,1,1,-33.912844,151.153907,32,0,2,1,0,0,0,0,2,0,7,40,1,3775,3775,0,9,13,2,0,0,0,0
1236429,3,2020,2020,5,1,7,7,1,5,34609,0,1,10,-33.995685,151.139861,4,0,2,1,3,0,0,0,2,0,0,50,0,6545,6545,4,5,5,2,0,0,0,0
1236430,3,2020,2020,6,1,1,20,31,149,260,0,1,1,-33.99161,151.140896,4,0,2,1,3,0,3,4,0,0,7,60,2,9859,9859,1,5,0,2,0,0,0,0
1236431,3,2020,2020,5,0,1,2209,17,25,2205,0,1,2,-34.135002,150.994048,68,0,2,1,3,0,0,0,0,0,7,80,2,9859,9859,8,5,40,1,0,0,0,0
1236434,3,2020,2020,5,0,5,9,31,31,34609,0,1,1,-33.892509,151.021592,15,0,2,1,3,0,0,0,2,0,7,60,0,9859,9859,8,0,40,2,0,0,0,0
1236442,3,2020,2020,5,1,7,1,10,14,34609,0,1,1,-36.402675,148.650516,65,2,1,1,3,0,1,5,2,0,7,50,0,14295,14295,3,0,0,2,0,0,0,0
1236443,3,2020,2020,5,2,5,3371,17,40,3342,0,1,9,-31.52774,152.791594,56,1,0,1,3,0,0,0,2,0,15,110,2,150,150,4,10,0,2,0,0,0,0
1236444,3,2020,2020,5,4,8,13,25,433,34609,0,1,7,-33.288011,149.100337,52,2,1,1,3,0,0,0,3,0,7,50,0,6545,6545,4,0,13,2,0,0,0,0
1236445,3,2020,2020,5,4,10,330,23,150,233,0,1,2,-33.92391,151.227843,59,0,2,1,3,0,0,0,0,0,7,50,2,4026,4026,8,10,40,1,0,0,0,0
1236446,3,2020,2020,5,0,7,10,1,86,34609,0,1,9,-33.737584,151.215009,50,0,2,1,3,0,0,0,2,0,7,50,0,9859,9859,1,5,5,2,0,0,0,0
1236447,3,2020,2020,5,0,4,12,1,104,34609,1,0,9,-33.72702,150.934005,7,0,2,0,3,0,0,3,2,0,15,50,0,4552,5151,8,5,40,1,0,0,0,0
1236448,3,2020,2020,5,5,6,76,32,646,34609,0,1,1,-33.917638,151.037582,15,0,2,1,3,0,0,0,2,0,7,40,0,84,84,8,9,40,1,0,0,0,0
1236450,3,2020,2020,5,2,6,512,17,7,441,0,1,1,-32.693168,148.944533,22,1,0,0,3,0,3,4,2,0,7,100,2,273,957,5,5,40,1,0,0,0,0
1236452,3,2020,2020,5,6,3,512,17,433,441,1,0,9,-33.289558,149.108873,52,2,1,1,3,0,0,0,2,0,0,50,2,775,775,4,30,13,2,0,0,0,0
1236453,3,2020,2020,5,0,9,59,27,9,69,0,1,9,-33.92655,149.755704,51,1,0,1,3,0,0,0,0,0,0,100,1,1089,1089,7,30,40,1,0,0,0,0
1236455,3,2020,2020,5,5,3,5,1,8,34609,0,1,1,-33.865321,151.201662,69,0,2,1,3,0,0,0,1,0,7,40,0,144,144,1,5,5,2,0,0,0,0
1236457,3,2020,2020,5,4,11,829,27,149,770,0,1,9,-33.86289,151.168664,32,0,2,1,3,0,0,0,0,2,7,60,2,926,926,4,5,5,2,0,0,0,0
1236464,3,2020,2020,5,3,8,1104,14,104,962,0,1,3,-33.833324,151.02418,54,0,2,1,3,0,3,3,2,0,7,90,2,4026,4026,8,5,40,1,0,0,0,0
1236470,3,2020,2020,5,2,8,132,31,252,126,0,1,10,-33.890444,151.209199,69,0,2,1,3,0,0,0,3,2,7,50,2,5929,5929,1,5,0,2,0,0,0,0
1236471,3,2020,2020,5,0,0,21,27,36,34609,0,1,1,-34.39908,150.851285,80,0,2,0,3,0,0,0,0,0,7,60,0,4552,5151,8,5,40,1,0,0,0,0
1236472,3,2020,2020,5,3,6,8,1,40,79,0,1,1,-33.814186,151.211885,77,0,2,0,3,0,0,0,2,0,7,50,2,52,52,8,5,40,1,0,0,0,0
1236474,3,2020,2020,5,3,7,344,27,61,163,0,1,9,-33.75182,150.886899,7,0,2,1,3,0,3,4,2,2,7,60,2,14295,14295,3,5,5,3,0,0,0,0
1236475,3,2020,2020,5,0,7,31,27,21,33,0,1,1,-33.582458,150.659052,29,2,2,0,3,0,3,4,2,0,7,60,1,1957,4009,8,0,40,1,0,0,0,0
1236477,3,2020,2020,5,4,10,2,1,79,34609,0,1,1,-33.587033,150.703975,29,2,2,0,2,0,0,0,0,0,7,50,0,1259,5151,8,10,40,1,0,0,0,0
1236486,3,2020,2020,5,6,1,3,27,75,38,0,1,7,-33.880231,151.111026,9,0,2,1,2,0,3,0,0,0,0,50,1,1945,1945,5,0,40,1,0,0,0,0
1236502,3,2020,2020,6,2,11,68,31,128,34609,0,1,1,-33.616529,150.808076,29,2,2,1,2,0,0,0,0,0,7,40,0,9859,9859,1,5,13,2,0,0,0,0
1236508,3,2020,2020,5,4,11,50,27,125,51,0,1,10,-33.859578,151.081792,67,0,2,1,0,0,0,0,0,3,7,50,1,9859,9859,1,5,0,3,0,0,0,0
1236509,3,2020,2020,6,5,3,177,22,210,176,0,1,10,-34.034818,151.10688,68,0,2,1,3,0,0,0,2,0,0,60,2,2852,2852,4,5,12,2,0,0,0,0
1236512,3,2020,2020,5,3,8,7,27,18,46,0,1,7,-28.388062,153.551615,72,2,1,0,3,0,0,0,3,0,0,60,1,4552,5151,8,5,40,1,0,0,0,0
1236515,3,2020,2020,5,2,7,1,27,155,34609,0,1,1,-32.992748,148.28945,53,1,0,1,0,2,3,0,2,0,7,100,0,4026,4026,8,0,40,1,0,0,0,0
1236518,3,2020,2020,5,4,9,255,27,57,62,0,1,10,-32.814121,151.492082,17,2,1,1,3,0,0,0,0,0,0,60,2,6545,6545,4,30,5,2,0,0,0,0
1236519,3,2020,2020,5,1,7,34,10,10,40,0,1,9,-35.781386,150.231766,23,2,1,1,3,0,3,4,2,0,7,60,1,1669,1669,3,30,41,2,0,0,0,0
1236521,3,2020,2020,5,6,4,90,31,112,165,0,1,2,-33.90708,151.213476,69,0,2,1,3,0,0,0,2,0,7,80,2,14295,14295,3,5,5,3,0,0,0,0
1236523,3,2020,2020,5,2,9,1,36,40,34609,0,1,1,-34.017519,150.776086,12,0,2,1,3,0,0,0,0,0,7,50,0,9859,9859,1,5,0,2,0,0,0,0
1236524,3,2020,2020,5,3,4,1052,27,104,262,0,1,10,-32.909615,151.709583,48,0,2,1,3,0,0,0,2,2,7,60,2,14295,14295,3,5,0,2,0,0,0,0
1236525,3,2020,2020,5,2,4,7,27,11,34609,0,1,1,-31.470749,152.764431,56,1,0,0,3,0,3,3,2,0,7,100,0,2585,4009,8,5,40,1,0,0,0,0
1236528,3,2020,2019,2,1,3,44,31,226,34609,1,0,1,-33.778173,150.812238,7,0,2,1,3,0,0,0,1,0,7,50,0,248,248,1,5,41,2,0,0,0,0
1236531,3,2020,2020,6,1,9,916,17,12,917,0,1,1,-31.875002,150.881489,73,1,0,1,3,0,0,0,0,0,7,100,2,77,77,1,5,2,3,0,0,0,0
1236532,3,2020,2020,5,2,5,294,17,44,288,0,1,9,-35.210584,147.763593,75,1,0,0,3,0,3,4,2,0,7,100,2,2585,4009,8,0,40,1,0,0,0,0
1236534,3,2020,2020,5,3,8,7,27,219,34609,0,1,9,-32.914345,151.672777,48,0,2,0,3,0,0,0,2,0,7,50,0,1981,1981,4,5,36,2,0,0,0,0
1236535,3,2020,2020,5,3,9,105,17,251,136,0,1,9,-33.770991,150.938777,7,0,2,1,3,0,0,0,0,2,7,60,2,5929,5929,1,5,5,2,0,0,0,0
1236562,3,2020,2020,6,6,6,5,31,135,34609,0,1,10,-32.902637,151.735266,48,0,2,1,1,0,3,4,2,0,15,50,0,6545,6545,4,16,5,2,0,0,0,0
1236563,3,2020,2020,5,3,2,8,27,3,34609,0,1,1,-31.888863,152.3815,43,2,1,0,3,0,0,0,1,0,7,80,0,380,714,5,10,40,1,0,0,0,0
1236566,3,2020,2020,5,4,10,75,10,387,165,0,1,3,-33.939527,151.19307,4,0,2,1,3,0,3,4,0,0,7,70,2,1391,1391,1,5,5,3,0,0,0,0
1236569,3,2020,2020,5,1,3,866,17,98,793,0,1,9,-33.739515,151.066375,31,0,2,0,2,0,0,0,1,3,7,70,2,395,395,1,10,0,2,0,0,0,0
1236572,3,2020,2020,5,4,1,4,1,293,34609,0,1,9,-33.921223,151.056091,15,0,2,1,3,0,0,0,0,0,15,50,0,489,489,8,5,40,1,0,0,0,0
1236573,3,2020,2020,5,4,7,866,17,278,793,0,1,1,-33.783087,151.046863,54,0,2,1,3,0,0,0,2,0,7,60,2,1391,1391,1,8,5,2,0,0,0,0
1236574,3,2020,2020,5,0,8,5,31,609,34609,0,1,1,-33.751929,150.913065,7,0,2,1,3,0,0,0,3,0,7,50,0,1669,1669,3,34,12,2,0,0,0,0
1236575,3,2020,2020,5,5,4,2261,17,80,2252,0,1,9,-33.95946,150.88543,13,0,2,1,3,0,3,4,2,2,7,70,2,2852,2852,4,10,5,2,0,0,0,0
1236580,3,2020,2020,5,6,5,178,27,189,101,0,1,1,-33.941005,151.054311,15,0,2,1,3,0,0,0,2,0,7,50,1,1282,1282,1,30,40,1,0,0,0,0
1236590,3,2020,2020,5,4,11,5,27,40,34609,0,1,1,-33.808133,151.218509,77,0,2,1,2,0,0,0,0,0,7,50,0,9859,9859,8,5,40,1,0,0,0,0
1236591,3,2020,2020,5,0,3,15,31,33,34609,0,1,1,-35.126893,147.328665,75,2,1,0,2,0,3,3,1,0,7,50,0,4552,5151,8,5,40,1,0,0,0,0
1236597,3,2020,2020,5,1,6,7,27,26,139,0,1,1,-33.376749,145.200139,51,1,0,1,3,2,0,0,2,0,7,100,1,945,945,5,5,40,1,0,0,0,0
1236612,3,2020,2020,5,6,9,1,31,290,34609,0,1,9,-33.951662,151.118139,4,0,2,1,0,0,0,0,0,0,7,50,0,1282,1282,1,33,5,3,0,0,0,0
1236616,3,2020,2020,0,4,11,39,27,284,563,1,0,1,-33.905945,151.036085,15,0,2,1,2,0,0,0,0,0,7,60,2,3775,3775,0,33,5,2,0,0,0,0
1236629,3,2020,2020,5,5,1,2,10,29,34609,0,1,1,-35.134199,147.331836,75,2,1,0,3,0,0,0,0,0,7,50,0,1259,5151,1,5,5,2,0,0,0,0
1236633,3,2020,2020,6,3,4,28,27,8,62,0,1,1,-36.615474,149.982379,5,2,1,0,3,0,3,0,2,0,7,80,1,1957,4009,8,0,40,1,0,0,0,0
1236639,3,2020,2020,5,0,7,99,31,237,105,0,1,10,-33.864693,150.950531,24,0,2,1,3,0,0,0,2,0,15,60,1,5929,5929,1,5,5,2,0,0,0,0
1236643,3,2020,2020,5,5,3,3,31,234,34609,0,1,7,-34.274394,146.037444,28,2,1,1,3,0,0,1,2,0,0,50,0,6545,6545,4,30,13,2,0,0,0,0
1236644,3,2020,2020,5,1,3,50,36,14,43,0,1,1,-36.421297,148.572056,65,1,0,0,3,0,2,2,2,0,7,100,2,1089,1089,7,0,40,1,0,0,0,0
1236646,3,2020,2020,5,2,9,38,27,56,70,0,1,2,-33.744564,150.778199,55,0,2,1,3,0,0,0,0,0,7,60,1,9859,9859,8,5,40,1,0,0,0,0
1236648,3,2020,2020,5,5,5,2209,17,17,2205,0,1,1,-36.560347,149.824271,5,1,0,0,3,0,3,4,2,0,7,90,2,1259,5151,8,5,40,1,0,0,0,0
1236650,3,2020,2020,6,0,7,109,27,100,105,1,0,9,-33.893297,150.89196,24,0,2,1,3,0,0,0,2,2,7,60,2,1981,1981,4,5,5,2,0,0,0,0
1236653,3,2020,2020,5,4,5,344,27,609,163,0,1,9,-33.766111,150.904617,7,0,2,1,0,0,0,0,2,0,7,60,2,5929,5929,1,5,5,2,0,0,0,0
1236666,3,2020,2020,5,5,6,866,17,98,793,0,1,9,-33.740182,151.063994,31,0,2,1,2,0,3,4,2,2,7,70,2,14295,14295,3,33,41,2,0,0,0,0
1236667,3,2020,2020,5,3,7,1,31,140,34609,0,1,10,-33.788399,150.84794,7,0,2,1,1,0,0,0,2,0,0,50,0,6545,6545,4,5,5,2,0,0,0,0
1236673,3,2020,2020,5,3,1,5,31,135,34609,0,1,1,-32.902201,151.732435,48,0,2,1,2,0,0,0,0,0,7,50,0,9859,9859,1,5,5,2,0,0,0,0
1236676,3,2020,2020,5,1,6,485,27,187,769,0,1,1,-33.773678,151.001127,54,0,2,1,0,0,0,0,2,0,7,60,2,14295,14295,3,30,5,3,0,0,0,0
1236680,3,2020,2020,5,4,10,162,31,24,34609,0,1,10,-32.914884,151.785006,48,0,2,1,2,0,0,0,0,0,0,50,0,6545,6545,4,30,36,2,0,0,0,0
1236690,3,2020,2020,5,6,10,3,27,2,34609,0,1,1,-28.517976,153.375499,10,1,0,1,3,2,0,0,0,0,7,100,0,475,475,5,10,40,1,0,0,0,0
1236695,3,2020,2020,5,5,8,95,27,50,36,0,1,10,-33.517731,151.329514,16,2,2,1,3,0,0,0,2,0,0,60,1,1669,1669,3,5,5,2,0,0,0,0
1236696,3,2020,2020,5,6,7,191,17,13,189,0,1,1,-32.451283,150.845377,46,1,0,1,3,0,0,0,2,0,7,100,2,96,96,0,5,0,2,0,0,0,0
1236701,3,2020,2020,6,6,5,21,31,179,66,0,1,10,-31.909517,152.452501,43,2,1,1,3,0,0,0,2,0,15,50,2,6545,6545,4,5,5,2,0,0,0,0
1236703,3,2020,2020,5,4,8,346,17,103,332,0,1,7,-28.811989,153.346996,39,2,1,0,3,0,3,0,3,0,0,60,2,14295,14295,3,10,12,2,0,0,0,0
1236707,3,2020,2020,5,2,8,229,14,173,237,0,1,3,-33.793415,151.135962,61,0,2,1,3,0,0,3,3,0,7,100,2,14295,14295,3,30,36,2,0,0,0,0
1236708,3,2020,2020,5,3,8,2261,17,11,2252,0,1,10,-33.887142,151.105607,9,0,2,0,3,0,0,0,3,2,7,60,2,14295,14295,3,5,5,2,0,0,0,0
1236712,3,2020,2020,5,4,11,11,31,176,10,0,1,2,-33.949143,151.1456,4,0,2,0,3,0,0,0,0,0,7,60,1,418,714,5,5,40,1,0,0,0,0
1236715,3,2020,2020,5,1,7,40,27,609,24,0,1,7,-33.772875,150.899861,7,0,2,1,3,0,0,0,2,0,0,50,1,14295,14295,3,10,5,3,0,0,0,0
1236716,3,2020,2020,5,0,7,3371,17,77,3342,0,1,2,-33.033681,151.660848,37,0,2,1,3,0,0,0,2,0,7,50,2,84,84,6,5,40,1,0,0,0,0
1236718,3,2020,2020,5,4,3,387,27,91,331,0,1,10,-33.963654,151.09273,25,0,2,1,3,0,0,0,2,2,7,60,2,5929,5929,1,21,13,2,0,0,0,0
1236721,3,2020,2020,5,3,9,478,17,69,480,0,1,7,-33.368994,151.475408,16,2,2,0,3,0,0,0,0,0,0,60,2,6545,6545,4,0,5,2,0,0,0,0
1236723,3,2020,2020,5,1,10,4,27,33,34609,0,1,1,-34.07189,150.734237,12,0,2,1,3,0,0,0,0,0,7,60,0,941,941,1,5,0,2,0,0,0,0
1236735,3,2020,2020,5,0,11,21,10,113,34609,0,1,1,-29.484478,149.835339,51,2,1,1,0,2,0,0,0,0,7,50,0,4026,4026,8,10,40,1,0,0,0,0
1236739,3,2020,2020,5,3,4,23,14,532,22,0,1,3,-33.865921,151.21397,69,0,2,0,2,0,0,0,2,0,7,80,2,1391,1391,1,33,0,2,0,0,0,0
1236742,3,2020,2020,5,2,11,35,27,5,34,0,1,1,-29.926506,151.36558,33,1,0,1,0,0,0,0,0,0,7,100,1,4026,4026,8,0,40,1,0,0,0,0
1236745,3,2020,2020,5,0,9,3371,17,107,3342,0,1,9,-33.283738,151.425154,16,2,2,1,2,0,3,4,0,0,7,50,2,3775,3775,0,5,41,2,0,0,0,0
1236746,3,2020,2020,5,3,4,80,27,123,50,0,1,9,-33.904396,151.226598,59,0,2,1,0,0,0,0,2,3,7,60,2,186,186,1,30,5,2,0,0,0,0
1236750,3,2020,2020,5,2,6,1104,14,104,962,0,1,3,-33.833266,151.024004,54,0,2,0,0,0,0,3,2,0,7,90,2,404,404,8,5,40,3,0,0,0,0
1236758,3,2020,2020,8,0,2,77,31,165,34609,0,1,1,-33.853049,151.144985,14,0,2,1,1,0,0,0,0,0,7,50,0,9859,9859,1,5,5,2,0,0,0,0
1236767,3,2020,2020,6,3,7,2261,17,18,2252,0,1,2,-35.174567,147.880901,20,1,0,0,3,0,3,4,2,0,7,110,2,273,957,5,5,40,1,0,0,0,0
1236784,3,2020,2020,5,1,3,18,31,228,34609,0,1,1,-34.743461,149.730666,26,2,1,1,1,0,3,0,2,0,7,50,0,4026,4026,8,5,40,1,0,0,0,0
1236805,3,2020,2020,5,1,8,8,31,215,34609,0,1,9,-35.099847,147.366994,75,2,1,1,3,0,0,0,0,0,15,60,0,150,150,4,5,5,2,0,0,0,0
1236814,3,2020,2020,5,3,2,2,27,9,34609,0,1,1,-31.008207,152.994325,34,1,0,0,3,0,0,0,1,0,7,100,0,2585,4009,8,10,40,1,0,0,0,0
1236815,3,2020,2020,5,1,11,95,31,69,34609,0,1,1,-33.825499,151.018306,54,0,2,1,3,0,0,0,0,0,7,50,0,9859,9859,1,5,13,2,0,0,0,0
1236821,3,2020,2020,5,3,8,2209,31,290,34609,0,1,1,-33.942005,151.12735,4,0,2,1,3,0,0,0,3,0,7,50,0,14295,14295,3,5,5,2,0,0,0,0
1236823,3,2020,2020,5,1,7,29,1,198,34609,1,0,2,-33.90801,151.094947,15,0,2,1,3,0,0,0,2,0,7,50,0,4026,4026,8,30,40,1,0,0,0,0
1236824,3,2020,2020,5,5,10,387,27,253,331,0,1,10,-33.963654,151.092928,25,0,2,1,3,0,0,0,0,2,7,60,2,1391,1391,1,5,5,2,0,0,0,0
1236830,3,2020,2020,5,2,7,829,27,309,770,0,1,2,-33.815677,151.10185,61,0,2,1,3,0,0,0,2,0,7,60,2,14295,14295,3,30,5,2,0,0,0,0
1236833,3,2020,2020,5,5,8,125,27,108,123,0,1,10,-33.308993,151.418488,16,2,2,1,3,0,0,0,0,2,7,60,2,301,301,4,30,5,3,0,0,0,0
1236841,3,2020,2020,5,0,4,22,31,45,34609,0,1,7,-33.889299,151.198002,69,0,2,1,1,0,0,0,2,0,0,40,0,1282,1282,1,33,0,2,0,0,0,0
1236845,3,2020,2020,5,4,7,294,17,215,288,0,1,7,-35.115557,147.34528,75,2,1,1,0,0,0,0,2,0,0,60,2,1192,1192,1,3,5,2,0,0,0,0
1236851,3,2020,2020,5,5,9,132,31,252,126,0,1,9,-33.890104,151.208316,69,0,2,1,2,0,3,4,0,0,7,50,2,1669,1669,3,5,5,2,0,0,0,0
1236856,3,2020,2020,6,0,9,35,27,109,37,0,1,9,-33.910758,151.141481,32,0,2,0,2,0,0,0,0,0,0,50,1,14295,14295,3,5,5,2,0,0,0,0
1236863,3,2020,2020,5,6,9,1,27,31,34609,0,1,9,-31.090927,150.845522,70,1,0,1,3,2,0,0,0,0,0,100,0,489,489,8,10,40,1,0,0,0,0