Crash ID,Degree of crash - detailed,Reporting year,Year of crash,Month of crash,Day of week of crash,Two-hour intervals,Street of crash,Street type,Town,Route no.,School zone location,School zone active,Type of location,Latitude,Longitude,LGA,Urbanisation,Conurbation 1,Alignment,Street lighting,Road surface,Surface condition,Weather,Natural lighting,Signals operation,Other traffic control,Speed limit,Road classification,RUM - code,DCA - code,First impact type,Key TU type,Other TU type,No. of traffic units involved,No. killed,No. seriously injured,No. moderately injured,No. minor-other injured
1236878,3,2020,2020,6,0,10,4,31,49,34609,0,1,1,-33.957986,151.213309,4,0,2,1,2,0,0,0,0,0,7,50,0,84,84,8,5,40,1,0,0,0,0
1236879,3,2020,2020,0,1,8,251,27,62,212,0,1,2,-33.753405,151.258511,50,0,2,0,1,0,0,0,2,0,7,70,2,3775,3775,0,5,40,2,0,0,0,0
1236890,3,2020,2020,5,4,5,21,31,107,34609,1,0,1,-33.877486,151.195047,69,0,2,1,3,0,0,0,2,0,7,50,0,175,188,8,5,40,1,0,0,0,0
1236893,3,2020,2020,5,4,3,104,27,246,140,0,1,10,-33.920278,151.187869,69,0,2,1,3,0,0,0,2,2,7,60,2,14295,14295,3,9,5,3,0,0,0,0
1236900,3,2020,2020,5,3,4,14,27,163,74,0,1,7,-33.849259,151.101791,14,0,2,0,3,0,0,0,2,0,7,50,1,301,301,4,5,13,2,0,0,0,0
1236902,3,2020,2020,6,4,9,5,31,105,34609,0,1,1,-32.71308,151.535268,42,2,1,1,2,0,0,0,0,0,7,50,0,4026,4026,1,5,13,2,0,0,0,0
1236903,3,2020,2020,6,0,0,1052,27,219,262,0,1,10,-32.903727,151.682904,48,0,2,1,3,0,0,0,0,2,7,60,2,5929,5929,1,5,5,2,0,0,0,0
1236907,3,2020,2020,5,3,9,4,31,29,34609,0,1,1,-33.946562,150.756951,12,0,2,0,3,0,0,0,3,0,7,60,0,4552,5151,8,5,40,1,0,0,0,0
1236908,3,2020,2020,5,4,10,192,10,84,114,1,0,7,-33.469273,151.392365,16,2,2,1,3,0,0,0,0,0,0,60,2,301,301,4,5,5,2,0,0,0,0
1236913,3,2020,2020,5,6,8,334,17,41,308,0,1,7,-31.098811,150.89711,70,2,1,1,3,0,0,0,3,0,0,60,2,1192,1192,1,29,0,2,0,0,0,0
1236916,3,2020,2020,5,4,5,220,14,51,220,0,1,3,-34.168254,150.978576,80,0,2,0,0,0,0,0,2,0,7,110,2,404,404,8,5,40,1,0,0,0,0
1236919,3,2020,2020,5,0,4,171,1,387,104,0,1,2,-33.935742,151.206998,4,0,2,1,3,0,0,0,2,0,7,70,2,1282,1282,1,5,5,3,0,0,0,0
1236920,3,2020,2020,6,2,1,255,27,71,166,0,1,1,-33.262641,151.526963,16,2,2,1,2,0,0,0,0,0,7,50,2,9859,9859,1,5,5,2,0,0,0,0
1236921,3,2020,2020,6,4,7,283,27,129,702,0,1,9,-33.939668,151.075582,15,0,2,1,1,0,0,0,2,2,8,60,2,186,186,1,10,5,2,0,0,0,0
1236950,3,2020,2020,5,0,8,5,27,4,10,0,1,1,-36.914813,149.781417,5,2,1,0,0,0,0,0,3,0,7,60,1,1850,1463,5,8,40,1,0,0,0,0
1236952,3,2020,2020,6,1,11,1,31,443,34609,0,1,4,-33.904819,151.069351,67,0,2,0,2,0,0,0,0,0,7,50,0,4552,5151,8,5,40,1,0,0,0,0
1236953,3,2020,2020,6,3,0,2209,17,204,2205,0,1,9,-33.943756,151.142444,4,0,2,1,2,0,0,0,0,0,0,60,2,2852,2852,4,5,5,2,0,0,0,0
1236955,3,2020,2020,6,5,9,2,22,646,34609,0,1,0,-33.916063,151.035102,15,0,2,1,2,0,0,0,0,0,7,40,0,4026,4026,1,5,25,2,0,0,0,0
1236974,3,2020,2020,8,3,7,4,25,532,34609,0,1,9,-33.865223,151.208165,69,0,2,1,1,0,3,3,2,0,7,40,0,9859,9859,1,33,19,2,0,0,0,0
1236984,3,2020,2020,5,1,5,98,31,176,159,0,1,10,-33.955877,151.144479,4,0,2,1,3,0,0,0,2,0,0,60,2,2852,2852,4,30,0,3,0,0,0,0
1236991,3,2020,2020,5,6,0,9,27,4,34609,0,1,1,-34.788641,149.735153,26,1,0,1,3,0,0,0,0,0,7,100,0,1089,1089,7,9,40,1,0,0,0,0
1236992,3,2020,2020,5,3,3,2,27,218,34609,0,1,9,-33.770767,150.768811,55,0,2,1,3,0,0,1,2,0,7,50,0,9859,9859,8,21,40,1,0,0,0,0
1236994,3,2020,2020,5,4,4,72,14,532,71,0,1,3,-33.867373,151.216954,69,0,2,1,3,0,0,3,2,0,7,60,2,14295,14295,3,0,5,3,0,0,0,0
1236995,3,2020,2020,5,3,4,154,27,293,244,0,1,1,-33.927355,151.049969,15,0,2,1,3,0,0,0,2,0,7,60,2,9859,9859,1,30,5,3,0,0,0,0
1237007,3,2020,2020,5,5,0,1,22,11,34609,0,1,2,-33.802446,151.217206,77,0,2,0,2,0,0,3,0,0,7,50,0,1957,4009,8,0,40,1,0,0,0,0
1237009,3,2020,2020,5,1,7,5,27,24,7,0,1,1,-33.398686,150.038121,40,1,0,0,3,0,1,5,2,0,7,100,1,4552,5151,8,9,40,1,0,0,0,0
1237010,3,2020,2020,5,3,11,13,7,22,34609,0,1,1,-33.795521,151.269386,50,0,2,1,1,0,3,4,0,0,7,50,0,4026,4026,1,5,0,3,0,0,0,0
1237016,3,2020,2020,5,4,3,56,31,90,34609,0,1,10,-33.889357,151.251174,81,0,2,1,2,0,0,0,2,2,7,50,0,6545,6545,4,5,5,2,0,0,0,0
1237019,3,2020,2020,6,0,11,13,27,443,34609,0,1,1,-33.912589,151.055299,15,0,2,1,3,0,0,0,0,0,7,50,0,9859,9859,1,5,36,2,0,0,0,0
1237021,3,2020,2020,0,0,8,2209,17,77,2205,0,1,10,-33.9234,151.16232,32,0,2,1,3,0,0,0,2,2,7,60,2,6545,6545,4,5,36,2,0,0,0,0
1237022,3,2020,2020,5,6,5,13,27,173,11,0,1,9,-33.775961,151.122218,61,0,2,1,3,0,0,0,2,2,7,50,1,5929,5929,1,5,36,2,0,0,0,0
1237025,3,2020,2020,5,4,4,45,1,294,34609,0,1,1,-33.961743,150.921096,41,0,2,1,3,0,0,0,2,0,7,60,0,14295,14295,3,5,5,3,0,0,0,0
1237032,3,2020,2020,5,2,6,114,27,34,228,0,1,1,-33.481178,150.956255,71,0,2,0,3,0,3,3,2,0,7,80,2,4552,5151,8,8,40,1,0,0,0,0
1237037,3,2020,2020,6,5,4,78,17,34,58,0,1,1,-35.001073,149.022653,82,1,0,1,3,0,0,0,2,0,7,100,2,1089,1089,7,5,40,1,0,0,0,0
1237046,3,2020,2020,5,5,9,168,27,20,34609,0,1,7,-33.793449,151.098717,61,0,2,1,2,0,3,4,0,0,7,50,0,1282,1282,1,0,40,1,0,0,0,0
1237049,3,2020,2020,5,3,2,112,17,12,112,0,1,1,-31.588178,144.885022,51,1,0,1,3,0,0,0,4,0,7,110,2,1089,1089,7,5,40,1,0,0,0,0
1237085,3,2020,2020,6,2,8,5,27,85,34609,1,0,1,-33.908576,150.875601,41,0,2,1,3,0,0,0,0,0,7,50,0,9859,9859,1,5,0,2,0,0,0,0
1237089,3,2020,2020,5,0,11,149,36,15,113,0,1,1,-32.333634,152.52052,43,2,1,0,0,0,3,3,0,0,7,80,2,380,714,5,0,40,1,0,0,0,0
1237092,3,2020,2020,8,0,5,123,4,96,34609,0,1,1,-34.05791,150.837003,13,0,2,0,0,0,0,0,2,0,7,50,0,4552,5151,1,0,5,2,0,0,0,0
1237094,3,2020,2020,6,4,4,161,17,7,161,0,1,1,-36.157187,148.879194,65,1,0,1,3,0,0,0,2,0,7,100,2,475,475,5,0,40,1,0,0,0,0
1237111,3,2020,2020,5,6,1,3371,17,29,3342,0,1,2,-32.175679,152.327493,43,1,0,1,3,0,3,3,0,0,7,100,2,9859,9859,8,5,40,1,0,0,0,0
1237118,3,2020,2020,5,6,6,82,31,39,34609,0,1,10,-35.312594,148.226717,66,2,1,1,0,0,0,0,2,0,0,50,0,6545,6545,4,5,5,3,0,0,0,0
1237124,3,2020,2020,5,0,0,48,27,70,166,0,1,1,-33.254709,151.497148,16,2,2,0,3,0,0,0,0,0,7,50,2,1850,1463,5,5,40,1,0,0,0,0
1237126,3,2020,2020,5,3,6,2261,17,70,2252,0,1,3,-34.705812,150.013952,26,1,0,1,3,0,0,3,2,0,7,110,2,14295,14295,3,10,5,2,0,0,0,0
1237127,3,2020,2020,5,4,0,12,27,147,12,0,1,1,-33.75098,151.284612,50,0,2,1,3,0,0,0,0,0,7,50,1,9859,9859,1,5,25,2,0,0,0,0
1237132,3,2020,2020,5,6,7,3371,17,11,3342,0,1,2,-28.457388,153.501918,72,1,0,0,3,0,0,0,2,0,7,110,2,2585,4009,8,9,40,1,0,0,0,0
1237136,3,2020,2020,5,0,4,1,10,40,34609,1,0,9,-33.945438,150.841385,41,0,2,1,3,0,0,0,2,0,7,50,0,5929,5929,1,5,12,2,0,0,0,0
1237138,3,2020,2020,5,5,1,19,31,96,34609,0,1,1,-33.353857,148.007521,51,2,1,1,3,0,0,0,0,0,7,50,0,9859,9859,8,10,40,1,0,0,0,0
1237145,3,2020,2020,5,4,9,3371,17,63,3342,0,1,7,-28.186365,153.524315,72,2,1,0,3,0,3,4,0,0,0,60,2,395,395,1,5,0,2,0,0,0,0
1237146,3,2020,2020,6,2,0,27,31,30,34609,0,1,1,-34.857445,147.583822,51,2,1,1,2,0,3,0,0,0,7,50,0,9859,9859,1,34,0,3,0,0,0,0
1237148,3,2020,2020,5,3,9,293,31,363,92,0,1,4,-33.813961,150.998032,54,0,2,0,3,0,3,4,0,0,7,60,2,4552,5151,8,5,40,1,0,0,0,0
1237149,3,2020,2020,5,5,4,11,1,10,34609,0,1,9,-34.924521,150.76232,63,2,1,1,3,0,3,4,2,0,7,60,0,4026,4026,8,5,40,1,0,0,0,0
1237172,3,2020,2020,5,1,10,36,1,126,34609,0,1,1,-33.918078,150.809754,41,0,2,1,3,0,3,4,0,0,7,60,0,9859,9859,8,5,40,1,0,0,0,0
1237173,3,2020,2020,5,4,7,149,27,60,198,0,1,10,-33.945282,150.946701,41,0,2,1,3,0,0,0,2,2,7,60,2,6545,6545,4,10,36,2,0,0,0,0
1237176,3,2020,2020,5,2,10,2209,17,32,2205,0,1,2,-34.574407,150.824731,62,0,2,1,3,0,3,4,0,0,7,100,2,1089,1089,7,5,40,1,0,0,0,0
1237177,3,2020,2020,5,0,8,9,1,290,34609,0,1,10,-33.85741,150.988358,21,0,2,1,3,0,0,0,2,0,15,50,0,6545,6545,4,0,12,2,0,0,0,0
1237179,3,2020,2020,5,1,5,44,31,219,34609,0,1,9,-32.899801,151.667748,48,0,2,1,3,0,3,4,2,0,7,40,0,9859,9859,1,10,5,2,0,0,0,0
1237180,3,2020,2020,5,1,6,89,17,137,34609,0,1,1,-34.030886,151.058127,68,0,2,1,3,0,3,3,2,0,0,50,0,1981,1981,4,0,5,2,0,0,0,0
1237182,3,2020,2020,5,3,9,105,27,65,109,0,1,10,-33.862797,150.917374,24,0,2,1,3,0,3,4,0,2,7,60,1,1282,1282,1,5,5,2,0,0,0,0
1237183,3,2020,2020,5,2,4,2209,17,88,2205,0,1,9,-33.983294,151.114423,25,0,2,1,3,0,0,0,2,0,7,70,2,5929,5929,1,5,5,2,0,0,0,0
1237186,3,2020,2020,5,5,4,866,17,77,793,0,1,2,-33.731395,151.080455,31,0,2,1,3,0,3,4,2,0,7,70,2,14295,14295,3,5,5,3,0,0,0,0
1237187,3,2020,2020,5,0,8,478,17,69,480,0,1,1,-33.355801,151.48663,16,2,2,1,3,0,0,0,3,0,7,50,2,14295,14295,3,0,5,2,0,0,0,0
1237188,3,2020,2020,6,3,10,515,14,523,518,0,1,3,-33.938848,150.918012,41,0,2,1,3,0,0,0,0,0,7,100,2,9859,9859,8,5,40,1,0,0,0,0
1237189,3,2020,2020,5,0,4,134,10,157,133,0,1,2,-33.80068,151.021948,54,0,2,0,3,0,0,0,2,0,7,90,2,1391,1391,1,30,5,2,0,0,0,0
1237190,3,2020,2020,6,5,8,229,14,323,237,0,1,6,-33.76762,151.000841,54,0,2,1,3,0,0,0,2,0,7,60,2,9859,9859,8,10,40,1,0,0,0,0
1237191,3,2020,2020,5,4,8,16,10,5,15,0,1,1,-33.215165,151.585618,16,1,2,1,3,0,3,4,2,0,7,90,1,77,77,1,5,40,1,0,0,0,0
1237197,3,2020,2020,6,6,9,2209,17,133,2205,0,1,1,-34.496895,150.792231,80,0,2,1,2,0,3,3,0,0,7,60,2,14295,14295,3,5,5,3,0,0,0,0
1237208,3,2020,2020,5,0,10,2209,17,176,2205,0,1,2,-33.949908,151.139176,4,0,2,1,2,0,0,0,0,0,7,60,2,14295,14295,3,5,25,2,0,0,0,0
1237228,3,2020,2020,6,0,8,56,27,323,38,0,1,1,-33.755669,150.963166,71,0,2,1,1,0,0,0,2,0,7,60,1,1282,1282,1,33,13,2,0,0,0,0
1237230,3,2020,2020,6,4,1,348,17,12,232,0,1,1,-33.023518,149.884457,44,1,0,0,0,0,3,0,0,0,7,100,2,4552,5151,8,29,40,1,0,0,0,0
1237231,3,2020,2020,5,4,0,85,10,167,702,0,1,2,-33.855487,151.073371,54,0,2,1,2,0,0,0,0,0,7,80,2,4026,4026,8,30,40,1,0,0,0,0
1237233,3,2020,2020,5,2,2,2126,17,363,2149,0,1,7,-33.751513,150.700643,55,0,2,0,2,0,0,0,0,0,0,50,2,1957,4009,8,5,40,1,0,0,0,0
1237239,3,2020,2020,5,3,7,194,31,309,702,0,1,2,-33.822253,151.096764,61,0,2,1,2,0,3,4,2,0,7,70,2,14295,14295,3,33,5,2,0,0,0,0
1237240,3,2020,2020,6,6,0,5,27,90,34609,1,0,9,-33.788176,150.944922,7,0,2,1,2,0,0,0,0,0,7,50,0,9859,9859,1,5,5,2,0,0,0,0
1237242,3,2020,2020,5,6,7,1,4,43,34609,0,1,9,-32.177584,152.49295,43,2,1,1,1,0,3,3,2,0,7,50,0,9859,9859,8,10,40,1,0,0,0,0
1237249,3,2020,2020,6,5,9,11,31,120,81,0,1,2,-32.179604,152.512054,43,2,1,1,2,0,0,0,0,2,9,50,2,4026,4026,8,5,40,1,0,0,0,0
1237259,3,2020,2020,5,5,3,4,1,33,34609,1,0,7,-33.899148,151.24534,76,0,2,1,2,0,0,0,1,0,7,50,0,489,489,8,0,40,1,0,0,0,0
1237268,3,2020,2020,5,3,6,33,31,96,34609,0,1,10,-35.347854,149.230466,58,2,1,1,3,0,3,3,2,0,0,50,0,6545,6545,4,5,0,2,0,0,0,0
1237269,3,2020,2020,5,1,6,2,31,532,34609,0,1,9,-33.862264,151.207726,69,0,2,0,3,0,3,4,2,2,7,40,0,623,623,3,32,10,2,0,0,0,0
1237270,3,2020,2020,5,3,6,9,27,144,34609,0,1,1,-34.04984,151.020131,68,0,2,1,3,0,3,4,2,0,7,50,0,9859,9859,1,5,5,2,0,0,0,0
1237273,3,2020,2020,5,1,9,4,10,31,34609,0,1,9,-34.031688,150.827013,13,0,2,1,3,0,3,4,3,0,15,50,0,6545,6545,4,5,41,3,0,0,0,0
1237275,3,2020,2020,5,0,4,109,27,137,105,0,1,1,-33.895118,150.905194,24,0,2,1,3,0,0,0,2,0,7,60,2,395,395,1,30,36,2,0,0,0,0
1237278,3,2020,2020,5,4,2,2126,17,161,2149,0,1,2,-33.887772,151.16027,32,0,2,1,3,0,0,0,0,0,7,60,2,1383,1383,1,8,13,2,0,0,0,0
1237298,3,2020,2020,6,3,9,95,27,14,605,0,1,1,-33.646181,151.324486,50,0,2,0,0,0,3,4,3,0,7,60,2,3775,3775,0,5,5,2,0,0,0,0
1237302,3,2020,2020,6,3,4,7,27,290,34609,1,0,1,-33.860745,150.995865,21,0,2,1,1,0,0,0,2,0,7,50,0,9859,9859,1,5,5,4,0,0,0,0
1237309,3,2020,2020,5,1,3,60,27,174,44,0,1,1,-33.868084,150.918314,24,0,2,1,1,0,3,4,2,0,7,50,1,9859,9859,1,33,5,2,0,0,0,0
1237320,3,2020,2020,6,5,11,19,1,81,34609,0,1,9,-33.881609,151.257648,81,0,2,1,1,0,0,0,0,0,7,50,0,4552,985,8,0,40,1,0,0,0,0
1237324,3,2020,2020,5,0,3,9,31,39,34609,0,1,9,-33.766896,150.931405,7,0,2,0,1,0,0,0,1,0,7,50,0,2585,4009,8,30,40,1,0,0,0,0
1237330,3,2020,2020,5,2,0,125,27,38,144,0,1,2,-32.788418,151.921546,57,2,1,0,2,0,0,0,0,0,7,80,2,2585,4009,8,5,40,1,0,0,0,0
1237332,3,2020,2020,5,6,6,15,1,115,34609,0,1,1,-34.030509,151.070332,68,0,2,1,3,0,0,0,2,0,7,50,0,4026,4026,1,5,5,3,0,0,0,0
1237340,3,2020,2020,5,4,7,18,27,532,34609,0,1,1,-33.870456,151.21329,69,0,2,1,0,0,0,0,2,0,7,40,0,1391,1391,1,5,5,2,0,0,0,0
1237342,3,2020,2020,5,5,0,1,31,198,34609,0,1,1,-33.908663,151.110643,15,0,2,1,2,0,3,4,0,0,7,50,0,9859,9859,1,5,5,2,0,0,0,0
1237343,3,2020,2020,6,6,4,475,25,123,34609,0,1,10,-33.88664,151.231395,81,0,2,1,3,0,0,0,2,0,7,50,0,2585,777,1,9,36,2,0,0,0,0
1237344,3,2020,2020,5,1,3,133,17,5,121,0,1,1,-36.7363,149.260121,65,1,0,0,0,0,3,4,1,0,7,100,2,418,714,5,3,40,1,0,0,0,0
1237347,3,2020,2020,5,1,5,2261,17,80,2252,0,1,9,-33.95946,150.88543,13,0,2,1,3,0,3,3,2,2,7,70,2,14295,14295,3,5,13,2,0,0,0,0
1237350,3,2020,2020,5,4,5,481,17,77,483,1,0,7,-30.344085,149.762229,51,2,1,1,1,0,0,0,2,0,7,50,2,945,945,5,26,40,1,0,0,0,0
1237354,3,2020,2020,5,4,8,67,27,15,34609,0,1,1,-30.658083,152.860324,47,2,1,1,3,0,0,0,0,0,7,70,0,5929,5929,1,5,13,2,0,0,0,0
1237355,3,2020,2020,5,2,7,23,27,36,38,1,0,9,-33.55126,148.677077,11,1,0,1,3,0,3,4,2,0,7,100,2,9859,9859,8,9,40,1,0,0,0,0
1237357,3,2020,2020,5,6,4,1052,14,160,928,0,1,3,-33.13519,151.474258,37,0,2,1,3,0,0,0,2,0,7,110,2,404,404,8,30,40,1,0,0,0,0
1237367,3,2020,2020,5,3,8,346,17,19,332,0,1,1,-28.883738,153.238206,39,1,0,1,3,0,3,4,3,0,7,100,2,1089,1089,7,5,40,1,0,0,0,0
1237373,3,2020,2020,5,2,0,2209,17,55,2205,0,1,1,-35.716612,150.176117,23,2,1,0,3,0,0,0,0,0,7,70,2,1259,5151,8,10,40,1,0,0,0,0
1237376,3,2020,2020,5,3,11,361,32,460,42,1,0,9,-33.840795,150.990832,21,0,2,0,2,0,0,0,0,0,7,50,1,2585,4009,8,5,40,1,0,0,0,0
1237380,3,2020,2020,8,2,5,348,17,24,232,0,1,9,-33.397327,150.082443,40,2,1,1,1,0,0,0,2,0,0,80,2,775,775,4,33,5,2,0,0,0,0
1237382,3,2020,2020,5,1,8,3371,17,28,3342,0,1,2,-31.819296,152.627659,43,1,0,1,3,0,0,0,3,0,7,100,2,945,945,5,5,40,1,0,0,0,0
1237384,3,2020,2020,5,3,9,168,10,387,260,0,1,2,-33.945929,151.178361,4,0,2,1,3,0,3,4,2,0,7,70,2,9859,9859,8,5,40,1,0,0,0,0
1237385,3,2020,2020,5,6,7,265,17,103,193,0,1,7,-34.312697,148.300635,30,2,1,1,3,0,0,0,2,0,0,50,2,6545,6545,4,5,0,2,0,0,0,0
1237388,3,2020,2020,5,0,7,81,31,133,80,0,1,10,-33.916107,151.014038,15,0,2,1,3,0,0,0,2,2,7,60,1,14295,14295,3,30,10,2,0,0,0,0
1237389,3,2020,2020,5,3,7,47,31,166,34609,0,1,7,-33.406415,149.574081,3,2,1,1,3,0,3,4,2,0,0,60,0,4026,4026,8,5,40,1,0,0,0,0
1237392,3,2020,2020,5,4,6,23,27,104,144,0,1,9,-33.806184,150.791116,55,0,2,1,3,0,0,0,2,0,15,50,2,14295,14295,3,5,5,3,0,0,0,0
1237393,3,2020,2020,5,1,10,68,27,110,67,0,1,1,-33.789486,151.004862,54,0,2,1,3,0,3,4,0,0,7,60,1,9859,9859,8,5,40,1,0,0,0,0
1237394,3,2020,2019,0,0,6,308,14,49,311,0,1,3,-33.91872,150.852748,41,0,2,1,3,0,0,0,2,0,7,100,2,9859,9859,8,5,40,1,0,0,0,0
1237400,3,2020,2020,5,2,9,916,17,102,917,0,1,2,-31.111049,150.923319,70,2,1,1,2,0,3,4,0,0,7,60,2,9859,9859,8,34,40,1,0,0,0,0
1237405,3,2020,2020,5,6,0,43,31,104,117,1,0,1,-32.911772,151.704845,48,0,2,1,3,0,3,3,0,0,7,60,2,1192,1192,1,5,5,2,0,0,0,0
1237413,3,2020,2020,5,5,4,3,27,79,34609,0,1,9,-33.566228,150.714502,29,2,2,0,3,0,3,3,2,0,7,80,0,1391,1391,1,5,5,2,0,0,0,0
1237419,3,2020,2020,5,5,6,2,31,122,34609,0,1,9,-33.421013,151.343079,16,2,2,1,3,0,3,0,2,0,7,60,0,5929,5929,1,0,5,2,0,0,0,0
1237420,3,2020,2020,5,1,8,35,27,71,24,1,0,9,-33.763141,150.702633,55,0,2,1,3,0,3,4,2,0,7,60,1,1391,1391,1,0,5,3,0,0,0,0
1237421,3,2020,2020,5,0,6,9,31,117,34609,0,1,1,-28.173723,153.539268,72,2,1,1,3,0,3,4,2,0,7,50,0,941,941,1,5,41,2,0,0,0,0
1237425,3,2020,2020,5,4,8,192,10,57,114,1,0,2,-33.462406,151.362593,16,2,2,0,3,0,0,0,3,0,7,60,2,1282,1282,1,8,5,2,0,0,0,0
1237427,3,2020,2020,5,6,3,26,31,161,6,0,1,1,-33.885856,151.157321,32,0,2,1,1,0,0,0,2,0,9,40,1,4026,4026,8,5,40,1,0,0,0,0
1237431,3,2020,2020,5,2,6,19,31,433,34609,0,1,1,-33.281563,149.104147,52,2,1,1,3,0,0,3,2,0,7,50,0,14295,14295,3,5,0,2,0,0,0,0
1237432,3,2020,2020,5,5,8,1104,11,532,770,0,1,2,-33.869217,151.203191,69,0,2,1,3,0,0,0,0,0,7,70,2,14295,14295,3,5,5,3,0,0,0,0
1237437,3,2020,2020,5,4,10,3371,17,54,3342,0,1,1,-33.222576,151.504183,16,2,2,1,2,0,0,0,0,0,7,70,2,9859,9859,8,5,40,1,0,0,0,0
1237440,3,2020,2020,5,5,6,46,27,104,262,0,1,1,-32.913287,151.722406,48,0,2,1,3,0,3,4,2,0,7,60,2,1981,1981,4,10,12,2,0,0,0,0
1237441,3,2020,2020,7,6,5,48,31,82,605,0,1,10,-33.828533,151.206381,49,0,2,1,3,0,0,0,2,2,7,60,2,6545,6545,4,5,5,2,0,0,0,0
1237449,3,2020,2020,0,2,8,25,1,108,34609,0,1,1,-33.320188,151.425118,16,2,2,0,0,0,0,0,2,0,7,50,0,1957,4009,8,5,40,1,0,0,0,0
1237460,3,2020,2020,5,2,8,293,31,112,769,0,1,10,-33.60685,150.822272,29,2,2,1,2,0,3,4,2,2,8,60,2,5929,5929,1,10,0,2,0,0,0,0
1237479,3,2020,2020,5,6,11,1104,14,223,962,0,1,3,-33.802621,150.891612,7,0,2,1,2,0,0,0,0,0,7,100,2,1282,1282,1,8,5,2,0,0,0,0
1237483,3,2020,2020,5,1,6,67,27,108,68,0,1,9,-33.80155,151.187083,77,0,2,1,1,0,3,4,2,0,7,50,1,9859,9859,1,0,5,3,0,0,0,0
1237489,3,2020,2020,5,0,9,32,10,27,34609,0,1,9,-32.765352,151.605813,42,2,1,1,2,0,3,4,0,0,0,60,0,2852,2852,4,10,13,2,0,0,0,0
1237491,3,2020,2020,6,5,6,99,31,84,105,0,1,10,-33.885487,150.937027,24,0,2,1,1,0,0,0,2,2,7,60,1,6545,6545,4,30,5,2,0,0,0,0
1237501,3,2020,2020,5,3,9,2,31,346,34609,0,1,9,-33.885115,151.089368,67,0,2,1,2,0,0,1,0,0,7,50,0,380,777,5,0,40,1,0,0,0,0
1237507,3,2020,2020,8,6,11,1,1,24,34609,0,1,1,-34.941496,150.60025,63,2,1,0,2,0,0,0,0,0,7,50,0,2585,4009,8,5,40,1,0,0,0,0
1237518,3,2020,2020,5,4,3,10,31,149,34609,0,1,1,-33.821265,150.981111,21,0,2,1,2,0,0,0,0,0,7,50,0,9859,9859,1,33,5,2,0,0,0,0
1237523,3,2020,2020,5,3,11,15,31,41,34609,0,1,9,-31.093302,150.909908,70,2,1,1,3,0,0,0,0,0,7,50,0,1850,777,5,3,40,1,0,0,0,0
1237526,3,2020,2020,5,5,10,1,25,562,34609,0,1,9,-32.241261,148.637484,22,2,1,1,0,0,0,0,0,0,7,50,0,2585,777,8,10,40,1,0,0,0,0
1237529,3,2020,2020,5,1,5,3,31,237,34609,0,1,0,-33.870117,150.954515,24,0,2,1,3,0,3,3,2,0,7,40,0,186,186,1,10,41,2,0,0,0,0
1237530,3,2020,2020,6,1,3,515,14,166,518,0,1,3,-33.944466,150.982399,15,0,2,1,3,0,0,0,2,0,7,100,2,1391,1391,1,5,12,2,0,0,0,0
1237533,3,2020,2020,5,1,3,500,27,80,160,0,1,9,-33.97108,150.899957,13,0,2,1,3,0,3,4,0,0,7,60,2,5929,5929,1,5,5,2,0,0,0,0
1237535,3,2020,2020,5,6,0,106,27,46,106,0,1,10,-33.925894,150.853638,41,0,2,1,3,0,0,0,0,2,7,70,2,9859,9859,8,5,40,1,0,0,0,0
1237542,3,2020,2020,5,0,0,2,31,162,34609,0,1,9,-33.848148,150.890121,24,0,2,1,3,0,0,0,0,0,7,50,0,1282,1282,1,8,10,2,0,0,0,0
1237543,3,2020,2020,5,5,10,23,27,61,91,0,1,1,-35.222652,149.269625,58,2,1,1,3,0,0,0,0,0,7,80,2,9859,9859,8,30,40,1,0,0,0,0
1237547,3,2020,2020,5,1,10,103,27,39,98,0,1,1,-33.554453,150.837931,29,2,2,1,3,0,3,4,0,0,7,60,2,237,162,8,5,40,1,0,0,0,0
1237549,3,2020,2020,5,2,7,1104,14,80,962,0,1,3,-33.759524,150.653057,55,0,2,1,3,0,0,6,2,0,7,110,2,9859,9859,8,5,40,1,0,0,0,0
1237551,3,2020,2020,5,1,11,308,14,42,311,0,1,3,-33.73345,150.849349,7,0,2,0,3,0,3,4,0,0,7,100,2,1957,4009,8,10,40,1,0,0,0,0
1237563,3,2020,2020,5,0,1,42,31,202,34609,0,1,1,-33.950951,151.030163,15,0,2,1,2,0,0,0,0,0,7,50,0,9859,9859,1,5,5,2,0,0,0,0
1237574,3,2020,2020,5,6,8,32,14,108,124,0,1,6,-33.812478,151.179022,77,0,2,1,2,0,0,0,3,0,7,60,2,14295,14295,3,33,5,2,0,0,0,0
1237580,3,2020,2020,5,5,5,11,31,609,34609,0,1,1,-33.756022,150.91355,7,0,2,0,1,0,0,0,2,0,7,50,0,237,397,1,29,5,3,0,0,0,0
1237586,3,2020,2020,5,3,0,2,31,204,34609,1,0,1,-33.885568,151.125332,32,0,2,1,2,0,3,4,0,0,7,50,0,4026,4026,8,5,40,1,0,0,0,0
1237593,3,2020,2020,6,5,8,330,23,165,34609,0,1,9,-32.274195,150.880853,46,2,1,1,2,0,0,0,0,0,0,50,0,1957,777,8,5,40,1,0,0,0,0
1237610,3,2020,2020,5,0,6,7,23,69,34609,0,1,1,-32.901602,151.688197,48,0,2,1,3,0,0,0,2,0,7,50,0,1981,1981,4,5,13,2,0,0,0,0
1237627,3,2020,2020,5,2,6,1,25,46,34609,0,1,1,-33.30305,151.415267,16,2,2,1,1,0,3,4,2,0,7,50,0,4026,4026,1,0,36,2,0,0,0,0