Crash ID,Degree of crash - detailed,Reporting year,Year of crash,Month of crash,Day of week of crash,Two-hour intervals,Street of crash,Street type,Town,Route no.,School zone location,School zone active,Type of location,Latitude,Longitude,LGA,Urbanisation,Conurbation 1,Alignment,Street lighting,Road surface,Surface condition,Weather,Natural lighting,Signals operation,Other traffic control,Speed limit,Road classification,RUM - code,DCA - code,First impact type,Key TU type,Other TU type,No. of traffic units involved,No. killed,No. seriously injured,No. moderately injured,No. minor-other injured
1237628,3,2020,2020,0,6,1,7,1,33,34609,0,1,9,-35.124276,147.337832,75,2,1,1,2,0,3,4,0,0,7,50,0,945,945,5,5,40,1,0,0,0,0
1237630,3,2020,2020,6,4,8,296,27,290,293,0,1,9,-33.853621,150.995803,21,0,2,1,0,0,0,0,2,0,7,70,2,9859,9859,8,5,40,1,0,0,0,0
1237632,3,2020,2020,5,0,4,1,27,109,34609,0,1,7,-33.962479,150.858566,41,0,2,1,3,0,0,0,2,0,7,50,0,14295,14295,3,0,5,3,0,0,0,0
1237634,3,2020,2020,6,2,6,103,27,29,256,0,1,1,-34.185977,150.79074,79,2,2,1,3,0,0,0,2,0,7,50,2,14295,14295,3,5,41,2,0,0,0,0
1237635,3,2020,2020,5,1,5,45,27,304,96,0,1,9,-33.910951,151.163973,32,0,2,1,3,0,3,4,2,0,9,60,2,6545,6545,4,5,12,3,0,0,0,0
1237642,3,2020,2020,5,1,7,31,27,136,101,0,1,2,-32.918872,151.724321,48,0,2,1,3,0,3,4,2,0,7,60,2,5929,5929,1,30,5,2,0,0,0,0
1237643,3,2020,2020,5,4,4,1,27,8,34609,0,1,1,-34.115712,150.62518,79,1,2,1,3,0,0,0,2,0,7,100,0,1089,1089,7,10,40,1,0,0,0,0
1237644,3,2020,2020,5,5,5,15,27,115,34609,0,1,9,-34.031408,151.076352,68,0,2,1,3,0,3,0,2,0,0,50,0,6545,6545,4,5,5,2,0,0,0,0
1237657,3,2020,2020,6,1,7,2126,17,75,2149,0,1,2,-33.727365,150.393294,8,2,2,0,3,0,0,0,2,0,7,80,2,14295,14295,3,0,0,3,0,0,0,0
1237679,3,2020,2020,6,6,10,109,27,169,34609,0,1,9,-33.775563,150.846891,7,0,2,1,2,0,0,0,0,0,7,60,0,4552,985,1,5,3,2,0,0,0,0
1237682,3,2020,2020,7,4,3,3,31,273,34609,0,1,1,-34.426853,150.881251,80,0,2,1,1,0,3,4,2,0,7,50,0,190,190,1,5,12,2,0,0,0,0
1237690,3,2020,2020,6,2,10,14,31,646,34609,0,1,1,-33.931383,151.028552,15,0,2,1,2,0,0,0,0,0,7,50,0,9859,9859,1,33,5,2,0,0,0,0
1237693,3,2020,2020,5,3,11,169,31,2,34609,0,1,9,-30.463329,153.042658,6,2,1,1,2,0,0,0,0,0,7,50,0,9859,9859,8,0,40,1,0,0,0,0
1237696,3,2020,2020,8,3,7,17,27,29,15,0,1,1,-34.221869,150.761862,79,1,2,1,1,0,0,0,2,0,7,100,1,4026,4026,8,34,40,1,0,0,0,0
1237702,3,2020,2020,5,1,5,1052,14,207,928,0,1,3,-33.6034,151.166237,31,0,2,1,3,0,0,0,2,0,7,110,2,1383,1383,1,5,35,2,0,0,0,0
1237706,3,2020,2020,5,6,4,3,2,18,34609,0,1,1,-33.731771,151.295891,50,0,2,0,3,0,0,0,2,0,7,50,0,4552,985,8,10,40,1,0,0,0,0
1237707,3,2020,2020,5,4,6,9,27,41,34609,0,1,9,-34.093175,150.820698,13,0,2,1,3,0,0,0,2,0,7,50,0,9859,9859,8,5,40,1,0,0,0,0
1237711,3,2020,2020,5,3,1,3371,17,207,3342,0,1,1,-33.559841,151.191321,31,0,2,0,3,0,3,4,0,0,7,80,2,1259,5151,8,5,40,1,0,0,0,0
1237712,3,2020,2020,5,4,8,1104,14,149,962,0,1,3,-33.816176,150.963519,21,0,2,1,3,0,0,0,2,0,7,90,2,1282,1282,1,21,10,2,0,0,0,0
1237713,3,2020,2020,5,5,11,12,27,112,34609,0,1,1,-33.436805,151.438864,16,2,2,0,3,0,0,3,0,0,7,50,0,1957,4009,1,5,0,2,0,0,0,0
1237715,3,2020,2020,5,3,11,1104,11,107,770,0,1,2,-33.874965,151.197318,69,0,2,1,3,0,3,4,0,0,7,70,2,1192,1192,1,8,5,2,0,0,0,0
1237716,3,2020,2020,5,3,8,2,27,179,34609,0,1,1,-31.897114,152.451715,43,2,1,1,3,0,3,4,2,0,7,60,0,4026,4026,8,10,40,1,0,0,0,0
1237719,3,2020,2020,6,0,4,36,27,23,39,0,1,1,-32.401339,149.332569,44,1,0,1,3,0,0,1,2,0,7,100,2,404,404,8,29,40,1,0,0,0,0
1237720,3,2020,2020,5,0,7,195,27,49,186,0,1,2,-33.917304,150.854131,41,0,2,1,3,0,0,0,2,0,7,70,2,14295,14295,3,5,5,2,0,0,0,0
1237745,3,2020,2020,1,3,6,171,27,37,369,0,1,9,-33.84612,150.687876,55,0,2,1,3,0,0,0,2,0,15,80,2,1669,1669,3,10,5,2,0,0,0,0
1237746,3,2020,2020,1,2,5,2,10,117,34609,0,1,1,-28.180336,153.544382,72,2,1,0,3,0,0,0,2,0,7,50,0,4552,5151,1,21,5,2,0,0,0,0
1237757,3,2020,2020,1,4,4,3371,17,57,3342,0,1,2,-28.641978,153.548454,10,1,0,1,3,0,0,0,2,0,7,110,2,4026,4026,8,5,40,1,0,0,0,0
1237760,3,2020,2020,5,1,1,866,17,157,793,0,1,2,-33.791737,151.002156,54,0,2,0,3,0,3,4,0,0,7,90,2,1259,5151,8,9,40,1,0,0,0,0
1237764,3,2020,2020,5,1,10,59,10,84,231,0,1,1,-33.473664,151.394716,16,2,2,1,2,0,0,0,0,0,7,60,2,9859,9859,8,10,40,1,0,0,0,0
1237766,3,2020,2020,1,2,11,2261,17,70,2252,0,1,2,-34.744031,149.891531,26,1,0,1,3,0,0,0,0,0,7,110,2,1089,1089,7,0,40,1,0,0,0,0
1237768,3,2020,2020,1,3,8,478,17,122,480,0,1,1,-33.430682,151.339316,16,2,2,0,3,0,0,0,2,0,7,60,2,14295,14295,3,5,5,4,0,0,0,0
1237774,3,2020,2020,6,4,5,32,14,35,124,0,1,3,-33.817168,151.201553,77,0,2,1,1,0,0,0,2,0,7,80,2,1282,1282,1,5,5,2,0,0,0,0
1237779,3,2020,2020,8,2,10,3371,17,14,3342,0,1,10,-28.949879,153.46527,2,2,1,1,2,0,3,4,0,2,7,80,2,4026,4026,8,5,40,1,0,0,0,0
1237782,3,2020,2020,5,4,7,108,31,144,34609,0,1,1,-34.066146,151.013314,68,0,2,1,0,0,0,0,2,0,7,40,0,248,248,1,10,5,2,0,0,0,0
1237786,3,2020,2020,5,4,0,485,27,232,769,0,1,2,-33.675013,150.911129,71,0,2,0,2,0,0,0,0,0,7,80,2,1259,5151,8,10,40,1,0,0,0,0
1237792,3,2020,2020,8,0,0,1052,14,149,928,0,1,3,-33.33408,151.378644,16,1,2,0,0,0,0,0,0,0,7,110,2,1192,1192,1,0,0,2,0,0,0,0
1237794,3,2020,2020,5,0,11,11,31,309,34609,0,1,1,-33.816092,151.100593,61,0,2,1,2,0,0,0,0,0,7,50,0,237,397,1,0,5,3,0,0,0,0
1237798,3,2020,2020,6,3,1,5,27,1,34609,0,1,1,-35.181507,143.514885,51,1,0,1,0,0,0,0,0,0,7,100,0,475,475,5,10,40,1,0,0,0,0
1237801,3,2020,2020,1,3,5,43,1,169,16,0,1,9,-33.760568,150.846801,7,0,2,1,3,0,0,0,2,2,7,60,2,2852,2852,4,10,36,2,0,0,0,0
1237803,3,2020,2020,5,3,2,57,27,155,75,0,1,1,-33.495679,151.2955,16,2,2,0,3,0,3,4,0,0,7,60,1,52,52,8,9,40,1,0,0,0,0
1237806,3,2020,2020,1,4,10,2261,17,187,2252,0,1,9,-33.892326,150.980822,15,0,2,1,3,0,0,0,0,0,7,70,2,14295,14295,3,5,5,2,0,0,0,0
1237808,3,2020,2020,1,0,7,57,27,11,75,0,1,1,-33.494817,151.297388,16,2,2,1,3,0,3,4,2,0,7,60,1,3775,3775,0,30,13,2,0,0,0,0
1237815,3,2020,2020,1,0,6,30,27,147,94,0,1,7,-33.881527,150.993683,15,0,2,1,3,0,3,4,2,0,0,60,1,1192,1192,1,30,5,2,0,0,0,0
1237818,3,2020,2020,5,4,6,15,27,143,34609,0,1,2,-33.701591,151.096928,31,0,2,1,3,0,0,0,2,0,7,40,0,186,186,1,0,5,2,0,0,0,0
1237821,3,2020,2020,5,0,9,485,27,232,769,0,1,10,-33.690517,150.922224,7,0,2,1,2,0,0,0,0,2,7,80,2,5929,5929,1,0,36,2,0,0,0,0
1237822,3,2020,2020,5,3,2,39,27,36,34609,0,1,1,-33.928737,151.253803,59,0,2,1,0,0,3,0,0,0,7,50,0,9859,9859,1,10,5,4,0,0,0,0
1237823,3,2020,2020,1,0,7,43,22,80,22,0,1,1,-33.875345,151.174982,32,0,2,1,3,0,3,4,2,0,7,50,2,9859,9859,1,5,36,2,0,0,0,0
1237824,3,2020,2020,5,4,7,344,27,164,163,0,1,2,-33.743036,150.871417,7,0,2,1,3,0,0,0,2,0,7,70,2,14295,14295,3,5,5,2,0,0,0,0
1237828,3,2020,2020,1,4,9,44,27,21,34609,1,0,7,-34.376114,150.908701,80,0,2,0,3,0,0,0,3,0,0,60,0,301,301,4,5,36,2,0,0,0,0
1237831,3,2020,2020,5,6,8,22,31,67,34609,0,1,1,-33.887215,151.013729,15,0,2,1,2,0,0,0,0,0,7,50,0,9859,9859,1,33,36,2,0,0,0,0
1237858,3,2020,2020,5,1,4,50,36,5,43,0,1,1,-36.453099,148.433376,65,2,1,0,1,0,1,5,2,0,7,60,2,1282,1282,1,33,0,2,0,0,0,0
1237861,3,2020,2020,5,4,2,3371,17,20,3342,0,1,2,-31.021589,152.877403,34,1,0,0,3,0,0,0,0,0,7,100,2,2585,4009,8,0,40,1,0,0,0,0
1237870,3,2020,2020,5,2,10,61,27,19,70,0,1,1,-33.666192,150.951086,71,0,2,0,3,0,3,4,0,0,7,70,1,1957,4009,1,5,13,2,0,0,0,0
1237872,3,2020,2020,1,6,8,3371,17,131,3342,0,1,2,-33.784188,151.176499,36,0,2,1,3,0,0,0,3,0,7,60,2,14295,14295,3,5,5,2,0,0,0,0
1237874,3,2020,2020,1,4,11,512,17,562,441,0,1,1,-32.21855,148.388305,22,1,0,0,3,0,3,4,0,0,7,110,2,1850,1463,5,9,40,1,0,0,0,0
1237877,3,2020,2020,1,0,7,11,31,168,34609,0,1,9,-33.694014,150.821639,7,0,2,1,3,0,3,4,2,0,7,50,0,3775,3775,0,5,5,2,0,0,0,0
1237902,3,2020,2020,5,4,4,866,17,94,793,1,2,2,-33.883207,150.92398,24,0,2,1,1,0,0,0,2,0,7,40,2,1383,1383,1,8,5,2,0,0,0,0
1237903,3,2020,2020,5,6,0,2,31,5,34609,0,1,9,-33.844302,151.108166,14,0,2,1,0,0,0,0,0,0,15,50,0,489,489,8,5,40,2,0,0,0,0
1237904,3,2020,2020,5,0,10,5,31,215,34609,0,1,2,-35.114161,147.368189,75,2,1,1,1,0,3,4,0,0,7,50,0,9859,9859,8,10,40,1,0,0,0,0
1237905,3,2020,2020,1,2,7,125,31,149,34609,0,1,9,-33.989641,151.130522,25,0,2,1,0,0,0,0,2,0,7,50,0,1282,1282,1,33,5,3,0,0,0,0
1237917,3,2020,2020,5,3,0,191,27,175,208,0,1,9,-33.781616,151.08399,54,0,2,0,2,0,3,4,0,0,7,60,2,2585,777,1,5,5,2,0,0,0,0
1237921,3,2020,2020,1,3,8,11,27,27,144,0,1,2,-32.875956,151.735049,48,0,2,0,1,0,0,0,0,0,7,80,2,1259,5151,8,5,40,1,0,0,0,0
1237931,3,2020,2020,5,5,5,89,36,10,19,0,1,1,-28.438926,152.575713,51,1,0,0,0,0,0,0,2,0,7,100,1,4552,5151,8,3,40,1,0,0,0,0
1237937,3,2020,2020,5,2,5,5,31,35,148,0,1,9,-30.452368,152.898119,6,2,1,1,1,0,0,0,2,0,0,40,2,186,186,1,5,5,2,0,0,0,0
1237938,3,2020,2020,1,3,2,36,27,438,34609,0,1,4,-33.878716,151.014496,21,0,2,0,2,0,0,0,1,0,7,50,0,2585,4009,8,0,40,1,0,0,0,0
1237940,3,2020,2020,1,1,9,1,31,187,34609,0,1,1,-33.88995,150.978163,15,0,2,1,2,0,0,0,0,0,7,50,0,9859,9859,1,5,0,2,0,0,0,0
1237945,3,2020,2020,1,3,2,14,31,48,34609,0,1,1,-28.24881,153.569444,72,2,1,1,2,0,0,0,0,0,7,50,0,9859,9859,1,5,5,3,0,0,0,0
1237946,3,2020,2020,5,1,3,171,1,387,104,0,1,9,-33.933967,151.199251,4,0,2,1,1,0,3,4,1,2,7,60,2,5929,5929,1,0,13,2,0,0,0,0
1237953,3,2020,2020,5,0,11,1,18,155,34609,0,1,9,-33.147408,148.158047,53,2,1,0,2,0,0,0,0,0,7,50,0,4552,5151,8,10,40,1,0,0,0,0
1237955,3,2020,2020,5,5,10,7,10,8,34609,0,1,2,-34.07984,150.794147,13,0,2,0,2,0,0,0,0,0,7,60,0,591,591,1,0,13,2,0,0,0,0
1237958,3,2020,2020,5,4,10,22,31,45,34609,0,1,9,-33.888996,151.197329,69,0,2,1,0,0,0,0,0,0,7,40,0,190,190,1,33,5,2,0,0,0,0
1237959,3,2020,2020,5,6,6,11,31,15,102,1,0,1,-34.55227,148.360207,30,2,1,1,1,0,0,0,2,0,7,60,2,9859,9859,8,5,40,1,0,0,0,0
1237971,3,2020,2020,5,3,0,11,10,179,34609,1,0,1,-31.893256,152.466436,43,2,1,1,3,0,3,4,0,0,7,50,0,9859,9859,8,5,40,1,0,0,0,0
1237994,3,2020,2020,5,3,7,3371,17,18,3342,0,1,2,-30.991656,152.858337,34,1,0,1,3,0,0,0,2,0,7,100,2,475,475,5,0,40,1,0,0,0,0
1238009,3,2020,2020,5,5,10,2,1,144,34609,0,1,7,-34.06439,151.015015,68,0,2,1,3,0,0,0,0,0,0,50,0,775,775,4,30,18,2,0,0,0,0
1238012,3,2020,2020,1,2,11,193,27,64,18,1,0,1,-33.955409,150.993915,15,0,2,1,3,0,0,0,0,0,7,60,1,404,404,8,5,40,1,0,0,0,0
1238016,3,2020,2020,5,2,4,475,10,42,268,0,1,2,-33.911001,150.901128,41,0,2,0,3,0,3,4,2,0,7,70,2,4552,5151,8,5,40,1,0,0,0,0
1238017,3,2020,2020,1,2,4,36,1,53,34609,0,1,7,-33.922253,150.839844,41,0,2,1,3,0,0,0,2,0,0,60,0,301,301,4,5,5,2,0,0,0,0
1238019,3,2020,2020,1,2,10,280,10,314,82,1,0,10,-33.853183,150.938294,24,0,2,1,3,0,0,0,0,2,7,60,1,1383,1383,1,21,5,2,0,0,0,0
1238022,3,2020,2020,1,3,5,3371,17,207,3342,0,1,1,-33.603735,151.164323,31,0,2,0,3,0,0,0,2,0,7,80,2,3775,3775,0,16,0,2,0,0,0,0
1238026,3,2020,2020,1,4,9,165,31,128,369,0,1,9,-33.625321,150.79863,29,2,2,1,3,0,0,0,0,0,7,60,2,1669,1669,3,9,5,2,0,0,0,0
1238027,3,2020,2020,1,3,6,220,27,104,222,0,1,2,-33.748185,150.950222,7,0,2,1,3,0,0,0,2,0,7,80,2,14295,14295,3,5,5,2,0,0,0,0
1238029,3,2020,2020,7,0,7,83,31,44,10,0,1,1,-33.088392,147.146721,51,2,1,1,3,0,0,0,2,0,7,50,1,220,220,8,5,40,1,0,0,0,0
1238030,3,2020,2020,1,6,8,4,1,10,34609,0,1,1,-34.051338,151.089971,68,0,2,1,3,0,0,0,2,0,7,50,0,9859,9859,8,0,40,1,0,0,0,0
1238032,3,2020,2020,1,3,5,12,27,5,42,0,1,1,-35.121073,150.082706,58,2,1,1,3,0,0,0,2,0,7,60,2,1945,1945,5,10,40,1,0,0,0,0
1238033,3,2020,2020,1,2,10,10,27,13,34609,0,1,1,-35.203599,150.464309,63,2,1,0,3,0,0,0,0,0,7,80,0,1957,4009,8,30,40,1,0,0,0,0
1238035,3,2020,2020,1,5,6,57,31,77,321,0,1,1,-33.887944,151.201481,69,0,2,1,3,0,0,0,2,0,7,50,2,1192,1192,1,5,12,2,0,0,0,0
1238036,3,2020,2020,1,6,3,128,27,74,133,0,1,9,-33.766227,150.679596,55,0,2,1,3,0,0,0,2,2,7,60,2,5929,5929,1,5,0,2,0,0,0,0
1238037,3,2020,2020,5,1,8,62,31,29,52,0,1,7,-34.076939,150.571091,79,2,2,1,3,0,3,4,0,0,0,60,1,775,775,4,5,5,2,0,0,0,0
1238038,3,2020,2020,1,2,5,149,10,346,702,0,1,2,-33.877079,151.067782,67,0,2,1,3,0,0,0,2,0,7,80,2,1391,1391,1,10,13,2,0,0,0,0
1238039,3,2020,2020,5,5,0,2261,17,14,2252,0,1,2,-34.786397,149.187098,74,1,0,0,3,0,0,0,0,0,7,110,2,1259,5151,8,29,40,1,0,0,0,0
1238040,3,2020,2020,5,0,6,2209,17,273,2205,0,1,1,-34.425553,150.886733,80,0,2,1,3,0,0,0,2,0,7,50,2,9859,9859,1,10,36,5,0,0,0,0
1238041,3,2020,2020,1,0,8,2209,17,74,2205,0,1,1,-34.441141,150.855796,80,0,2,0,3,0,3,4,3,0,7,60,2,623,623,3,21,5,2,0,0,0,0
1238046,3,2020,2020,1,6,8,17,1,293,34609,1,0,10,-33.946387,151.231352,59,0,2,1,3,0,0,0,2,0,15,50,0,6545,6545,4,9,0,2,0,0,0,0
1238049,3,2020,2020,1,4,5,2,1,174,34609,0,1,10,-33.876179,150.936279,24,0,2,1,3,0,0,0,2,0,0,50,0,6545,6545,4,5,25,2,0,0,0,0
1238052,3,2020,2020,1,6,8,4,1,64,34609,0,1,9,-32.942085,151.704983,48,0,2,1,3,0,0,0,2,0,7,50,0,2852,2852,4,0,5,2,0,0,0,0
1238057,3,2020,2020,5,4,5,9,27,9,34609,0,1,1,-32.671054,151.748364,57,2,1,0,3,0,0,0,2,0,7,80,0,941,941,1,5,19,2,0,0,0,0
1238058,3,2020,2020,1,5,4,12,1,84,34609,0,1,1,-33.810964,150.984194,21,0,2,1,3,0,0,0,2,0,7,50,0,1109,397,1,5,36,2,0,0,0,0
1238063,3,2020,2020,1,4,8,137,14,37,70,0,1,3,-32.816457,151.503569,17,1,0,1,3,0,0,0,2,0,7,110,2,1391,1391,1,5,5,2,0,0,0,0
1238065,3,2020,2020,1,4,4,147,27,224,605,0,1,2,-33.824379,151.239495,45,0,2,1,3,0,0,0,2,0,7,60,2,14295,14295,3,9,5,3,0,0,0,0
1238066,3,2020,2020,1,2,10,334,17,98,308,0,1,7,-30.977998,150.243319,51,2,1,0,3,0,0,0,0,0,0,50,2,1850,777,5,10,40,1,0,0,0,0
1238067,3,2020,2020,1,1,5,22,27,25,228,0,1,1,-33.61398,150.839321,29,2,2,1,3,0,0,0,2,0,7,60,2,1109,787,1,10,5,2,0,0,0,0
1238068,3,2020,2020,5,5,6,21,31,562,4,0,1,9,-32.24215,148.590835,22,2,1,1,3,0,0,0,2,0,7,60,1,4552,985,8,5,40,1,0,0,0,0
1238069,3,2020,2020,1,2,11,86,27,12,65,0,1,1,-29.933827,152.732506,18,1,0,1,3,0,0,0,0,0,7,100,1,9859,9859,8,5,40,1,0,0,0,0
1238071,3,2020,2020,1,5,8,77,31,445,563,0,1,2,-33.882021,151.04053,21,0,2,1,3,0,0,0,2,0,7,80,2,1192,1192,1,5,34,2,0,0,0,0
1238074,3,2020,2020,5,4,8,6,31,387,34609,0,1,1,-33.928525,151.199473,4,0,2,1,2,0,0,0,0,0,7,40,0,9859,9859,1,33,36,2,0,0,0,0
1238078,3,2020,2020,1,3,8,251,27,62,212,0,1,9,-33.755027,151.262944,50,0,2,0,3,0,0,0,0,2,7,70,2,395,395,1,0,12,2,0,0,0,0
1238094,3,2020,2020,5,0,7,38,27,189,165,0,1,10,-33.946327,151.059906,15,0,2,1,1,0,0,0,2,2,7,50,1,6545,6545,4,5,5,2,0,0,0,0
1238097,3,2020,2020,1,1,3,255,27,71,166,0,1,9,-33.262585,151.523456,16,2,2,1,2,0,0,0,1,0,7,50,2,9859,9859,1,0,12,2,0,0,0,0
1238113,3,2020,2020,5,1,9,2126,17,125,2149,0,1,9,-33.864469,151.083488,67,0,2,1,2,0,3,4,0,2,7,60,2,5929,5929,1,5,5,2,0,0,0,0
1238123,3,2020,2020,5,2,9,8,27,7,34609,0,1,1,-35.247462,148.248439,66,1,0,0,0,0,3,4,0,0,7,100,0,1957,4009,8,5,40,1,0,0,0,0
1238128,3,2020,2020,6,2,11,32,27,29,28,0,1,1,-33.929469,150.781366,41,0,2,0,2,0,3,4,0,0,7,70,1,2585,4009,8,30,40,1,0,0,0,0
1238137,3,2020,2020,5,3,6,293,10,23,172,0,1,9,-32.988506,151.637265,37,0,2,1,1,0,0,0,2,2,7,60,2,4026,4026,8,30,40,1,0,0,0,0
1238138,3,2020,2020,5,6,7,2,10,1,34609,0,1,9,-35.195681,150.55988,63,2,1,0,1,0,3,3,2,0,0,50,0,1259,985,1,0,5,2,0,0,0,0
1238142,3,2020,2020,6,2,2,1,6,182,34609,0,1,9,-32.830891,151.329443,17,2,1,0,2,0,0,0,1,0,7,50,0,2585,777,8,5,40,1,0,0,0,0
1238152,3,2020,2020,6,0,6,1,31,7,34609,0,1,2,-33.992868,151.146933,4,0,2,0,3,0,3,3,2,0,7,50,0,4552,5151,1,0,5,2,0,0,0,0
1238156,3,2020,2020,8,0,9,30,27,18,34609,0,1,1,-33.669428,151.291343,50,0,2,1,0,0,0,0,0,0,7,50,0,9859,9859,8,9,40,1,0,0,0,0
1238174,3,2020,2020,5,5,1,63,27,224,605,0,1,2,-33.818072,151.243797,45,0,2,1,3,0,3,4,0,0,7,60,2,9859,9859,1,9,0,2,0,0,0,0
1238175,3,2020,2020,6,5,6,71,17,43,71,0,1,1,-36.100862,144.752782,51,2,1,1,3,0,0,0,2,0,7,50,2,14295,14295,3,33,5,2,0,0,0,0
1238177,3,2020,2020,1,0,5,866,17,171,793,0,1,10,-33.807257,150.969318,21,0,2,1,3,0,3,4,2,2,7,70,2,14295,14295,3,5,0,3,0,0,0,0
1238180,3,2020,2020,1,0,7,28,1,126,34609,0,1,10,-33.935108,150.805237,41,0,2,1,3,0,3,4,2,0,0,60,0,2852,2852,4,5,36,2,0,0,0,0
1238181,3,2020,2020,1,5,11,19,23,52,34609,0,1,9,-33.959736,150.950974,41,0,2,1,3,0,1,3,0,0,7,50,0,9859,9859,8,5,40,1,0,0,0,0
1238182,3,2020,2020,1,2,7,2261,17,31,2252,0,1,10,-33.887703,151.09147,67,0,2,1,3,0,0,0,2,2,7,60,2,5929,5929,1,5,5,2,0,0,0,0
1238183,3,2020,2020,1,2,4,2209,17,35,2205,0,1,2,-34.052534,151.048882,68,0,2,1,3,0,0,0,2,0,7,80,2,1282,1282,1,5,5,2,0,0,0,0
1238189,3,2020,2020,5,3,10,26,27,28,34609,0,1,1,-32.938255,151.634819,37,0,2,0,3,0,3,4,0,0,7,50,0,2585,4009,1,0,5,3,0,0,0,0
1238191,3,2020,2020,5,0,4,192,31,150,120,0,1,9,-33.927349,151.238913,59,0,2,1,3,0,3,0,2,0,7,60,2,5929,5929,1,5,5,3,0,0,0,0
1238192,3,2020,2020,1,3,7,77,31,445,563,0,1,10,-33.884727,151.039948,21,0,2,1,3,0,0,0,2,2,7,80,2,14295,14295,3,5,5,2,0,0,0,0
1238217,3,2020,2020,1,2,6,2261,17,646,2252,1,0,9,-33.906001,151.03888,15,0,2,1,3,0,0,0,2,2,7,60,2,5929,5929,1,10,5,2,0,0,0,0
1238218,3,2020,2020,1,5,8,57,36,112,769,0,1,10,-33.611265,150.810992,29,2,2,1,3,0,0,0,3,0,0,60,2,6545,6545,4,30,5,2,0,0,0,0
1238222,3,2020,2020,1,0,9,866,27,201,44,1,0,10,-33.999958,150.86795,13,0,2,1,3,0,3,4,0,2,7,60,1,1391,1391,1,5,13,2,0,0,0,0
1238223,3,2020,2020,5,0,4,108,31,15,34609,1,2,9,-34.559037,148.367914,30,2,1,1,3,0,0,0,2,0,7,40,0,9859,9859,8,10,40,1,0,0,0,0
1238228,3,2020,2020,1,3,8,204,27,50,36,1,0,7,-33.511784,151.330734,16,2,2,1,3,0,0,0,2,0,0,60,1,9859,9859,1,5,0,2,0,0,0,0
1238229,3,2020,2020,1,5,10,38,27,56,34609,0,1,9,-33.761189,150.775002,55,0,2,1,3,0,0,0,0,0,7,50,0,4026,4026,8,5,40,1,0,0,0,0
1238231,3,2020,2020,1,2,1,99,31,201,34609,1,0,1,-34.011567,150.862802,13,0,2,1,3,0,0,0,0,0,7,60,0,175,188,8,19,40,1,0,0,0,0
1238234,3,2020,2020,1,5,9,54,31,225,62,0,1,10,-33.792433,151.195501,77,0,2,1,2,0,0,0,0,2,7,60,2,3775,3775,0,5,36,2,0,0,0,0
1238238,3,2020,2020,6,6,9,14,10,67,34609,0,1,10,-33.63899,150.9044,71,0,2,1,2,0,3,4,0,0,0,70,0,6545,6545,4,5,5,2,0,0,0,0
1238246,3,2020,2020,1,2,7,14,31,134,34609,0,1,4,-33.682814,150.888526,7,0,2,0,1,0,0,0,2,0,7,60,0,4552,5151,8,5,40,1,0,0,0,0
1238248,3,2020,2020,6,3,11,31,23,137,34609,0,1,1,-32.960722,151.704187,37,0,2,0,2,0,3,3,0,0,7,50,0,4552,5151,1,5,0,2,0,0,0,0
1238249,3,2020,2020,5,0,8,72,14,532,71,0,1,3,-33.868601,151.218196,69,0,2,0,3,0,0,0,2,0,7,80,2,14295,14295,3,5,5,2,0,0,0,0
1238250,3,2020,2020,5,1,8,29,31,44,34609,0,1,9,-30.707439,152.920812,47,2,1,1,3,0,0,0,3,1,7,50,0,9859,9859,8,30,40,1,0,0,0,0
1238255,3,2020,2020,5,5,6,10,31,193,34609,0,1,1,-33.791803,151.080235,61,0,2,1,1,0,0,0,2,0,7,50,0,1282,1282,1,0,40,2,0,0,0,0
1238276,3,2020,2020,6,6,3,866,17,247,793,0,1,10,-33.830331,150.960316,21,0,2,1,1,0,3,4,2,2,7,70,2,14295,14295,3,9,5,4,0,0,0,0
1238294,3,2020,2020,8,6,8,23,10,15,47,0,1,10,-32.896805,151.706084,48,0,2,0,1,0,0,0,2,2,7,60,2,14295,14295,3,34,5,3,0,0,0,0
1238309,3,2020,2020,5,5,5,23,27,164,21,1,0,9,-33.739568,150.885762,7,0,2,1,3,0,0,0,2,2,7,60,1,5929,5929,1,5,5,2,0,0,0,0
1238341,3,2020,2020,5,1,3,220,14,51,220,0,1,3,-34.210895,150.960787,80,0,2,1,3,0,3,4,2,0,7,110,2,9859,9859,8,5,40,1,0,0,0,0
1238345,3,2020,2020,1,0,9,232,36,40,331,0,1,10,-33.949955,150.838593,41,0,2,0,3,0,3,4,0,2,7,70,2,1259,985,8,21,40,1,0,0,0,0
1238349,3,2020,2020,1,6,2,1104,14,247,962,0,1,3,-33.816015,150.963378,21,0,2,1,3,0,0,0,1,0,7,90,2,404,404,8,5,40,1,0,0,0,0
1238351,3,2020,2020,1,2,6,5,31,65,19,0,1,9,-33.802954,150.958431,21,0,2,1,3,0,3,3,2,0,7,50,1,5929,5929,1,5,36,2,0,0,0,0
1238353,3,2020,2020,1,2,10,35,27,4,24,0,1,1,-32.710291,149.478023,44,1,0,0,3,0,3,4,0,0,7,100,1,4552,5151,8,30,40,1,0,0,0,0
1238354,3,2020,2020,1,2,5,2126,17,346,2149,0,1,1,-33.8658,151.091795,14,0,2,1,3,0,0,0,2,0,7,60,2,1383,1383,1,0,0,2,0,0,0,0
1238355,3,2020,2020,1,6,6,3,31,169,34609,0,1,7,-28.648376,153.620338,10,2,1,1,3,0,0,0,2,0,0,50,0,1282,1282,1,0,12,3,0,0,0,0