Crash ID,Degree of crash - detailed,Reporting year,Year of crash,Month of crash,Day of week of crash,Two-hour intervals,Street of crash,Street type,Town,Route no.,School zone location,School zone active,Type of location,Latitude,Longitude,LGA,Urbanisation,Conurbation 1,Alignment,Street lighting,Road surface,Surface condition,Weather,Natural lighting,Signals operation,Other traffic control,Speed limit,Road classification,RUM - code,DCA - code,First impact type,Key TU type,Other TU type,No. of traffic units involved,No. killed,No. seriously injured,No. moderately injured,No. minor-other injured
1238356,3,2020,2020,1,0,7,8,27,119,34609,0,1,9,-33.87437,151.159012,32,0,2,1,3,0,3,3,2,0,0,50,0,941,941,1,0,5,2,0,0,0,0
1238357,3,2020,2020,1,2,6,2126,17,445,2149,0,1,1,-33.847644,151.047189,21,0,2,1,3,0,3,4,2,0,7,60,2,1391,1391,1,0,5,2,0,0,0,0
1238358,3,2020,2020,1,3,9,25,10,15,34609,0,1,1,-34.57334,150.831999,62,0,2,1,3,0,3,4,0,0,7,70,0,9859,9859,8,30,40,1,0,0,0,0
1238359,3,2020,2020,1,0,7,916,17,48,917,0,1,1,-29.195424,152.008583,51,1,0,1,3,0,3,3,2,0,7,100,2,9859,9859,8,10,40,1,0,0,0,0
1238361,3,2020,2020,1,6,4,48,31,33,45,0,1,10,-33.419033,151.343475,16,2,2,1,3,0,0,0,2,3,7,60,1,1391,1391,1,19,0,2,0,0,0,0
1238362,3,2020,2020,1,2,5,80,27,316,50,1,0,9,-33.912501,151.237626,59,0,2,0,3,0,0,3,2,2,7,60,2,5929,5929,1,5,10,2,0,0,0,0
1238363,3,2020,2020,3,4,7,3371,17,117,3342,0,1,7,-28.186097,153.525427,72,2,1,0,3,0,3,4,2,0,0,60,2,14295,14295,3,0,0,2,0,0,0,0
1238373,3,2020,2020,1,0,8,12,27,197,22,0,1,9,-33.795852,151.125284,61,0,2,1,3,0,3,4,2,0,7,60,1,5929,5929,1,0,12,2,0,0,0,0
1238374,3,2020,2020,1,6,4,12,27,173,10,0,1,7,-33.780059,151.115158,61,0,2,1,3,0,0,0,2,0,0,60,1,1383,1383,1,5,5,2,0,0,0,0
1238377,3,2020,2020,1,4,10,1,10,46,34609,0,1,1,-32.91601,151.68251,48,0,2,1,3,0,0,0,0,0,7,50,0,1282,1282,1,30,40,1,0,0,0,0
1238381,3,2020,2020,5,0,9,1,25,106,34609,0,1,9,-33.671688,151.298051,50,0,2,1,1,0,0,0,3,0,7,50,0,387,387,1,5,0,2,0,0,0,0
1238388,3,2020,2020,1,6,2,28,31,523,34609,0,1,7,-33.916042,150.928177,41,0,2,1,3,0,0,0,0,0,0,50,0,6545,6545,4,0,5,2,0,0,0,0
1238390,3,2020,2020,5,3,7,2261,17,201,2252,0,1,3,-34.001837,150.840969,13,0,2,1,3,0,3,4,2,0,7,110,2,4026,4026,8,5,40,1,0,0,0,0
1238391,3,2020,2020,5,0,11,191,17,6,189,0,1,1,-32.268228,150.496012,73,1,0,1,3,0,0,0,0,0,7,100,2,4026,4026,8,5,40,1,0,0,0,0
1238393,3,2020,2020,1,0,8,171,27,37,369,0,1,1,-33.847897,150.688312,55,0,2,0,3,0,3,4,2,0,7,80,2,3775,3775,0,10,5,3,0,0,0,0
1238396,3,2020,2020,6,1,5,6,1,18,34609,0,1,9,-33.223841,151.531083,16,2,2,0,0,0,0,0,2,0,7,50,0,489,489,8,5,40,1,0,0,0,0
1238408,3,2020,2020,5,2,5,19,27,137,49,0,1,1,-33.902331,150.897043,24,0,2,1,1,0,0,0,2,0,7,50,1,1282,1282,1,5,13,2,0,0,0,0
1238422,3,2020,2020,5,4,3,500,27,145,799,0,1,9,-33.928851,151.075271,15,0,2,1,2,0,0,0,1,0,15,60,2,945,945,5,5,40,1,0,0,0,0
1238425,3,2020,2020,6,5,10,3371,17,108,3342,0,1,9,-33.812482,151.175517,77,0,2,1,2,0,3,0,0,2,7,60,2,237,162,8,5,40,1,0,0,0,0
1238426,3,2020,2020,1,0,3,5,27,46,207,0,1,10,-33.87846,151.235191,81,0,2,1,3,0,0,3,2,0,7,50,2,941,941,1,10,5,2,0,0,0,0
1238428,3,2020,2020,6,6,10,2,31,98,34609,0,1,9,-33.010718,151.577567,37,0,2,0,2,0,3,3,0,0,0,50,0,2585,4009,8,5,40,1,0,0,0,0
1238437,3,2020,2020,5,5,4,11,31,609,34609,1,2,9,-33.757439,150.911527,7,0,2,1,1,0,0,0,2,0,7,40,0,1282,1282,1,33,5,3,0,0,0,0
1238438,3,2020,2020,5,0,10,104,27,63,140,0,1,2,-33.924729,151.215926,4,0,2,1,2,0,3,4,0,0,7,60,2,4026,4026,8,5,40,1,0,0,0,0
1238447,3,2020,2020,1,3,3,11,27,71,34609,0,1,9,-33.969198,151.078937,25,0,2,1,3,0,0,0,2,0,7,40,0,9859,9859,1,5,36,2,0,0,0,0
1238449,3,2020,2020,1,3,6,2261,17,75,2252,0,1,10,-33.886493,151.111472,9,0,2,1,3,0,3,4,2,2,7,60,2,5929,5929,1,5,0,3,0,0,0,0
1238453,3,2020,2020,5,3,1,21,31,39,34609,0,1,1,-32.904415,151.585544,37,0,2,1,3,0,3,4,0,0,7,50,0,9859,9859,1,10,5,2,0,0,0,0
1238454,3,2020,2020,5,4,8,192,31,316,120,0,1,9,-33.919905,151.240597,59,0,2,1,3,0,0,0,0,2,7,50,2,14295,14295,3,5,0,4,0,0,0,0
1238455,3,2020,2020,1,2,6,154,27,293,244,0,1,1,-33.930288,151.045721,15,0,2,1,3,0,3,0,2,0,7,60,2,1282,1282,1,0,5,2,0,0,0,0
1238467,3,2020,2020,1,4,2,9,27,3,228,0,1,1,-33.328723,150.979401,29,2,2,0,3,0,1,5,0,0,7,80,1,4552,5151,8,10,40,1,0,0,0,0
1238468,3,2020,2020,1,0,9,475,10,42,268,0,1,9,-33.886074,150.871307,24,0,2,1,3,0,3,4,0,0,7,70,2,14295,14295,3,5,5,4,0,0,0,0
1238469,3,2020,2020,1,5,0,12,27,56,12,0,1,2,-34.445047,150.87318,80,0,2,1,3,0,3,4,0,0,7,80,2,3775,3775,0,5,5,2,0,0,0,0
1238470,3,2020,2020,1,6,3,1104,14,140,962,0,1,3,-33.797507,150.852675,7,0,2,1,3,0,3,4,1,0,7,100,2,14295,14295,3,10,0,3,0,0,0,0
1238480,3,2020,2020,5,2,5,1,27,9,34609,0,1,1,-34.703392,145.811535,51,1,0,1,0,2,0,0,2,0,7,100,0,9859,9859,8,34,40,1,0,0,0,0
1238494,3,2020,2020,3,2,7,133,17,14,121,0,1,1,-35.650222,149.163735,65,1,0,1,0,0,0,0,2,0,7,100,2,475,475,5,5,40,1,0,0,0,0
1238500,3,2020,2020,5,2,2,19,27,118,19,0,1,2,-33.358621,151.294048,16,1,2,1,0,0,0,1,0,0,7,100,1,475,475,5,20,40,1,0,0,0,0
1238515,3,2020,2020,6,0,9,51,1,80,34609,0,1,1,-33.936032,151.224869,4,0,2,1,2,0,3,0,0,0,7,50,0,9859,9859,1,5,10,2,0,0,0,0
1238518,3,2020,2020,1,2,1,37,27,85,115,0,1,1,-33.721542,151.148746,36,0,2,0,2,0,3,4,0,0,7,60,1,4552,5151,8,5,40,1,0,0,0,0
1238527,3,2020,2020,5,4,8,1,1,25,34609,0,1,1,-32.936962,151.772469,48,0,2,0,1,0,0,0,0,0,7,50,0,175,188,1,5,36,2,0,0,0,0
1238531,3,2020,2020,5,3,9,14,27,163,74,0,1,1,-33.848036,151.101337,14,0,2,1,0,0,0,0,0,0,7,50,1,4026,4026,8,30,40,1,0,0,0,0
1238536,3,2020,2020,6,6,10,37,31,337,217,0,1,10,-33.732833,151.00689,71,0,2,1,2,0,0,0,0,2,7,60,2,14295,14295,3,5,0,2,0,0,0,0
1238544,3,2020,2020,6,5,0,10,1,293,34609,0,1,1,-33.949829,151.242707,59,0,2,0,2,0,0,0,0,0,7,50,0,4552,5151,1,30,5,4,0,0,0,0
1238556,3,2020,2020,1,6,0,168,10,387,260,0,1,2,-33.945904,151.18127,4,0,2,0,2,0,0,0,0,0,7,70,2,2585,4009,8,30,40,1,0,0,0,0
1238557,3,2020,2020,5,1,0,22,1,16,34609,0,1,1,-33.725427,151.278451,50,0,2,1,2,0,3,4,0,0,7,50,0,4026,4026,1,5,13,2,0,0,0,0
1238563,3,2020,2020,1,6,11,53,31,147,125,0,1,1,-33.883062,151.006806,15,0,2,1,2,0,0,0,0,0,7,60,1,237,397,1,10,5,2,0,0,0,0
1238565,3,2020,2020,8,4,9,1052,14,207,928,0,1,3,-33.557009,151.192769,31,0,2,1,3,0,3,4,0,0,7,110,2,4026,4026,8,30,40,1,0,0,0,0
1238574,3,2020,2020,1,5,9,344,27,89,382,0,1,9,-33.667694,150.803008,29,2,2,1,2,0,0,0,0,2,7,80,2,14295,14295,3,10,5,2,0,0,0,0
1238584,3,2020,2020,5,1,6,5,31,161,96,0,1,1,-33.889431,151.146907,32,0,2,1,1,0,3,0,2,0,7,50,2,9859,9859,1,30,0,2,0,0,0,0
1238587,3,2020,2020,1,0,11,3,31,443,34609,0,1,9,-33.90485,151.060455,15,0,2,1,2,0,3,3,0,0,7,50,0,6545,6545,4,33,13,2,0,0,0,0
1238592,3,2020,2020,6,1,7,36,27,71,55,1,2,9,-33.839756,150.975525,21,0,2,1,3,0,0,0,2,0,0,40,1,2852,2852,4,27,5,2,0,0,0,0
1238599,3,2020,2020,1,0,10,344,1,161,34609,0,1,1,-33.708934,151.174448,36,0,2,0,0,0,3,1,0,0,7,50,0,4552,5151,8,5,40,1,0,0,0,0
1238601,3,2020,2020,1,5,11,74,27,120,18,0,1,2,-33.773908,150.880995,7,0,2,1,2,0,0,0,0,0,7,60,1,4026,4026,8,5,40,1,0,0,0,0
1238625,3,2020,2020,5,4,11,15,27,133,34609,0,1,10,-34.483678,150.80288,80,0,2,1,2,0,0,0,0,0,15,60,0,782,985,5,5,40,1,0,0,0,0
1238635,3,2020,2020,1,0,7,42,27,130,34609,0,1,10,-34.446724,150.840714,80,0,2,1,3,0,3,4,2,0,15,50,0,6545,6545,4,5,13,2,0,0,0,0
1238636,3,2020,2020,1,1,7,387,27,253,331,0,1,10,-33.963657,151.093036,25,0,2,0,3,0,0,3,2,2,7,60,2,14295,14295,3,0,5,2,0,0,0,0
1238661,3,2020,2020,1,4,4,125,27,21,144,0,1,2,-32.779574,151.995978,57,1,0,1,3,0,3,0,2,0,7,100,2,9859,9859,8,0,40,1,0,0,0,0
1238663,3,2020,2020,1,4,8,1104,14,223,962,0,1,3,-33.802995,150.895765,7,0,2,1,3,0,0,0,2,0,7,100,2,1391,1391,1,0,0,2,0,0,0,0
1238664,3,2020,2020,1,4,6,866,17,278,793,0,1,9,-33.7787,151.052074,54,0,2,1,3,0,0,0,2,0,7,60,2,1391,1391,1,5,5,2,0,0,0,0
1238665,3,2020,2020,1,6,10,74,27,609,163,0,1,10,-33.777341,150.907503,7,0,2,0,3,0,0,0,0,0,0,60,2,6545,6545,4,5,5,2,0,0,0,0
1238666,3,2020,2020,1,0,7,82,27,6,103,0,1,1,-28.468744,153.250374,72,2,1,1,3,0,3,4,2,0,7,80,1,1981,1981,4,33,5,2,0,0,0,0
1238667,3,2020,2020,1,3,7,15,27,11,34609,0,1,9,-35.384693,148.744137,66,1,0,1,3,2,0,0,2,0,7,100,0,175,188,8,0,40,1,0,0,0,0
1238669,3,2020,2020,1,3,6,9,27,54,44,0,1,9,-33.719484,151.098208,31,0,2,1,3,0,0,0,2,0,7,60,1,14295,14295,3,5,13,2,0,0,0,0
1238674,3,2020,2020,5,0,11,19,1,132,148,0,1,1,-34.064101,151.057163,68,0,2,0,3,0,0,0,0,0,7,60,2,1957,4009,8,16,40,1,0,0,0,0
1238688,3,2020,2020,1,0,8,95,31,463,32,0,1,1,-30.281142,153.137045,19,2,1,1,3,0,3,4,2,0,7,60,1,1391,1391,1,10,36,3,0,0,0,0
1238692,3,2020,2020,1,6,5,42,1,77,34609,0,1,1,-33.730021,151.081067,31,0,2,1,0,0,0,0,2,0,7,50,0,9859,9859,1,33,5,3,0,0,0,0
1238709,3,2020,2020,1,3,11,2209,17,115,2205,0,1,2,-33.915001,151.176096,32,0,2,1,2,0,3,3,0,0,7,60,2,4026,4026,8,5,40,1,0,0,0,0
1238710,3,2020,2020,8,4,7,77,31,163,69,0,1,9,-33.866898,151.109014,14,0,2,1,0,0,3,0,2,0,7,60,2,9859,9859,1,5,5,2,0,0,0,0
1238711,3,2020,2020,8,1,7,6,27,201,34609,0,1,1,-34.004678,150.841005,13,0,2,1,3,0,0,0,2,0,7,60,0,4026,4026,8,5,40,1,0,0,0,0
1238717,3,2020,2020,5,2,0,44,27,202,563,0,1,10,-33.96238,151.036913,15,0,2,1,2,0,0,0,0,2,7,70,2,14295,14295,3,10,0,2,0,0,0,0
1238722,3,2020,2020,5,2,11,115,27,55,114,0,1,1,-33.860946,151.27837,81,0,2,0,2,0,0,0,0,0,7,50,2,4552,5151,1,5,36,2,0,0,0,0
1238741,3,2020,2020,8,4,6,2209,17,77,2205,0,1,2,-33.920246,151.167907,32,0,2,1,0,0,0,0,2,0,7,60,2,1192,1192,1,9,35,2,0,0,0,0
1238748,3,2020,2020,8,0,8,1,31,111,34609,0,1,1,-33.923929,151.254841,59,0,2,1,2,0,0,0,0,0,7,50,0,9859,9859,8,5,40,2,0,0,0,0
1238759,3,2020,2020,1,2,10,334,17,53,308,0,1,2,-31.096374,150.938153,70,2,1,1,2,0,0,0,0,0,7,50,2,9859,9859,1,10,0,2,0,0,0,0
1238761,3,2020,2020,1,1,7,13,31,43,34609,0,1,10,-32.558308,148.946867,22,2,1,1,3,0,0,0,2,0,0,50,0,6545,6545,4,5,0,2,0,0,0,0
1238762,3,2020,2020,1,2,4,9,31,460,34609,0,1,1,-33.832037,150.983739,21,0,2,1,3,0,0,3,2,0,7,50,0,9859,9859,1,5,0,2,0,0,0,0
1238764,3,2020,2020,1,1,9,133,17,55,121,0,1,10,-36.227084,149.135384,65,2,1,1,3,0,0,0,2,0,0,60,2,775,775,4,0,13,2,0,0,0,0
1238765,3,2020,2020,1,2,5,61,10,160,34609,0,1,1,-33.095191,151.471628,37,0,2,0,3,0,0,0,2,0,7,70,0,1669,1669,3,10,0,2,0,0,0,0
1238769,3,2020,2020,6,1,4,71,17,61,71,0,1,10,-35.531787,144.95368,51,2,1,1,3,0,0,0,2,0,7,50,2,1669,1669,3,5,5,2,0,0,0,0
1238778,3,2020,2020,1,4,4,1,1,370,34609,0,1,1,-34.076018,150.776824,13,0,2,1,3,0,0,0,2,0,7,50,0,186,186,1,8,13,2,0,0,0,0
1238780,3,2020,2020,1,2,5,330,27,49,605,1,0,10,-33.721018,151.298304,50,0,2,1,3,0,3,3,2,0,0,60,2,14295,14295,3,5,5,3,0,0,0,0
1238782,3,2020,2020,1,3,10,8,27,6,58,0,1,1,-34.522592,150.477896,78,2,1,0,3,0,3,4,0,0,7,80,2,84,84,8,5,40,1,0,0,0,0
1238784,3,2020,2020,1,3,7,63,27,224,605,0,1,2,-33.805065,151.246324,45,0,2,1,3,0,3,4,2,0,7,60,2,14295,14295,3,5,13,2,0,0,0,0
1238785,3,2020,2020,7,6,9,36,27,3,82,0,1,1,-35.236023,147.336005,75,1,0,0,3,0,0,0,0,0,7,100,1,1089,1089,7,0,40,1,0,0,0,0
1238787,3,2020,2020,1,3,1,127,27,19,103,0,1,1,-32.90938,151.746211,48,0,2,0,3,0,0,0,0,0,7,60,1,4552,5151,8,5,40,1,0,0,0,0
1238793,3,2020,2020,1,6,0,65,10,132,148,0,1,1,-34.164397,151.03383,68,0,2,0,3,0,3,4,0,0,7,60,2,1850,1463,5,5,40,1,0,0,0,0
1238795,3,2020,2020,1,6,4,91,27,119,187,0,1,2,-33.875015,151.156205,32,0,2,1,3,0,0,0,2,0,7,70,2,14295,14295,3,5,0,2,0,0,0,0
1238796,3,2020,2020,1,3,10,149,10,346,702,0,1,2,-33.883239,151.069522,67,0,2,1,3,0,3,4,0,0,7,70,2,404,404,8,0,40,1,0,0,0,0
1238798,3,2020,2020,1,1,9,76,24,24,154,0,1,9,-33.729682,150.917167,7,0,2,1,3,0,3,4,2,2,7,70,1,5929,5929,1,5,5,2,0,0,0,0
1238800,3,2020,2020,1,5,8,57,36,112,769,0,1,1,-33.610488,150.807721,29,2,2,1,3,0,0,0,0,0,7,60,2,14295,14295,3,0,13,3,0,0,0,0
1238801,3,2020,2020,1,4,10,191,27,75,34609,0,1,9,-33.708733,150.354797,8,2,2,0,3,0,0,0,0,0,0,50,0,782,985,5,5,40,1,0,0,0,0
1238803,3,2020,2020,1,3,6,1,27,1,34609,0,1,1,-32.898657,149.334291,44,1,0,0,3,2,3,4,2,0,7,100,0,1957,4009,8,5,40,1,0,0,0,0
1238812,3,2020,2020,1,0,9,120,36,10,148,0,1,1,-30.398889,152.747044,6,1,0,0,3,0,3,4,0,0,7,100,2,52,52,6,0,40,1,0,0,0,0
1238815,3,2020,2020,1,1,5,49,31,83,157,0,1,1,-29.706023,152.93968,18,2,1,1,3,0,0,0,2,0,7,50,2,83,83,1,0,36,2,0,0,0,0
1238816,3,2020,2020,1,0,9,20,1,154,34609,0,1,7,-33.714431,150.972466,71,0,2,1,3,0,3,4,0,0,0,50,0,5929,5929,1,30,0,2,0,0,0,0
1238819,3,2020,2020,5,2,10,39,27,293,91,0,1,1,-33.94067,151.253963,59,0,2,0,3,0,3,4,0,0,7,60,1,4552,5151,1,5,5,3,0,0,0,0
1238820,3,2020,2020,3,0,5,2209,17,273,2205,0,1,10,-34.423402,150.893463,80,0,2,1,3,0,0,0,2,2,7,50,2,14295,14295,3,10,5,2,0,0,0,0
1238828,3,2020,2020,3,1,7,7,27,290,103,1,2,9,-33.861394,150.995636,21,0,2,1,3,0,0,0,2,0,7,40,1,1259,985,8,5,40,1,0,0,0,0
1238830,3,2020,2020,1,1,3,55,27,12,34609,0,1,9,-32.950077,151.685963,37,0,2,1,3,0,3,4,2,0,7,60,0,5929,5929,1,5,5,2,0,0,0,0
1238831,3,2020,2020,1,2,6,21,27,45,34609,0,1,1,-33.820243,150.778291,55,0,2,1,3,0,3,4,2,0,7,50,0,9859,9859,1,8,10,2,0,0,0,0
1238834,3,2020,2020,1,4,4,2209,17,273,2205,0,1,1,-34.426045,150.878307,80,0,2,1,3,0,0,0,2,0,7,50,2,14295,14295,3,21,5,2,0,0,0,0
1238835,3,2020,2020,5,1,10,2,7,609,34609,0,1,1,-33.782563,150.919757,7,0,2,1,2,0,0,0,0,0,7,50,0,9859,9859,8,5,40,1,0,0,0,0
1238837,3,2020,2020,5,0,5,5,10,523,34609,0,1,1,-33.930627,150.924134,41,0,2,0,0,0,0,0,2,0,7,50,0,1669,1669,3,33,5,2,0,0,0,0
1238843,3,2020,2020,1,4,4,1,1,44,34609,0,1,1,-34.559654,150.860227,62,0,2,1,3,0,0,0,2,0,7,50,0,941,941,1,5,5,2,0,0,0,0
1238844,3,2020,2020,5,2,9,334,17,56,308,0,1,1,-31.470758,152.702328,56,2,1,0,3,0,0,0,0,0,7,80,2,1089,1089,7,5,40,1,0,0,0,0
1238848,3,2020,2020,1,3,4,53,27,155,51,0,1,7,-33.493645,151.320572,16,2,2,1,3,0,0,0,2,0,0,60,1,301,301,4,5,12,2,0,0,0,0
1238849,3,2020,2020,5,4,3,110,27,36,173,0,1,2,-34.391164,150.858348,80,0,2,0,3,0,0,0,1,0,7,80,2,14295,14295,3,29,5,2,0,0,0,0
1238855,3,2020,2020,1,3,4,1,31,7,34609,0,1,9,-32.931642,151.779309,48,0,2,1,1,0,0,0,2,0,7,50,0,9859,9859,1,33,5,2,0,0,0,0
1238858,3,2020,2020,1,3,10,2261,17,32,2252,0,1,9,-34.837288,149.013354,82,1,0,0,3,0,3,4,2,0,0,110,2,2585,777,8,30,40,1,0,0,0,0
1238861,3,2020,2020,1,5,8,13,27,11,34609,0,1,10,-33.98586,151.097202,25,0,2,1,3,0,0,0,3,0,0,50,0,1957,777,8,10,40,1,0,0,0,0
1238863,3,2020,2020,5,4,9,3,31,646,34609,0,1,9,-33.911804,151.02948,15,0,2,1,3,0,0,0,0,0,7,50,0,4552,985,1,5,12,2,0,0,0,0
1238864,3,2020,2020,1,3,6,26,10,13,26,0,1,1,-36.837495,149.914265,5,1,0,1,3,0,3,4,2,0,7,100,1,4026,4026,8,5,40,1,0,0,0,0
1238867,3,2020,2020,1,1,7,113,27,104,111,0,1,2,-33.785515,150.770796,55,0,2,1,3,0,0,0,2,0,7,60,2,1383,1383,1,10,0,2,0,0,0,0
1238868,3,2020,2020,1,2,9,3371,17,54,3342,0,1,9,-33.233451,151.502288,16,2,2,1,3,0,0,0,0,0,7,70,2,9859,9859,8,5,40,1,0,0,0,0
1238878,3,2020,2020,5,0,5,112,17,207,112,0,1,1,-31.963703,141.434313,51,2,1,1,3,0,0,0,2,0,7,50,2,1109,787,1,5,36,2,0,0,0,0
1238883,3,2020,2020,1,3,0,3371,10,316,34609,0,1,1,-31.467121,152.922924,56,2,1,0,2,0,0,0,0,0,7,50,0,2585,4009,8,0,40,1,0,0,0,0
1238892,3,2020,2020,5,0,0,2126,17,161,2149,0,1,10,-33.887902,151.161444,32,0,2,1,2,0,0,0,0,2,7,60,2,4026,4026,8,5,40,1,0,0,0,0
1238893,3,2020,2020,1,6,9,255,27,35,166,1,0,1,-33.26695,151.549756,16,2,2,1,2,0,3,4,0,0,7,50,2,9859,9859,1,5,13,2,0,0,0,0
1238898,3,2020,2020,5,1,7,2,31,150,34609,0,1,1,-33.921331,151.231511,59,0,2,1,0,0,0,0,2,0,7,50,0,4026,4026,1,16,0,2,0,0,0,0
1238904,3,2020,2020,1,3,10,1052,14,149,928,0,1,3,-33.352742,151.356744,16,1,2,0,0,0,3,4,0,0,7,110,2,4552,5151,8,0,40,1,0,0,0,0
1238905,3,2020,2020,1,0,4,8,27,90,34609,0,1,7,-33.791432,150.964635,54,0,2,1,1,0,0,3,2,0,0,50,0,323,323,1,5,25,2,0,0,0,0
1238916,3,2020,2020,5,3,0,4,2,23,34609,0,1,1,-34.04982,150.809833,13,0,2,1,2,0,3,4,0,0,7,50,0,9859,9859,1,5,5,3,0,0,0,0
1238939,3,2020,2020,5,6,9,92,27,106,63,0,1,1,-33.914321,151.086497,15,0,2,1,2,0,0,0,0,0,7,50,1,14295,14295,3,33,5,3,0,0,0,0
1238944,3,2020,2020,1,1,8,35,27,42,212,0,1,7,-35.348221,149.245302,58,2,1,1,1,0,0,0,2,0,0,60,2,782,985,5,34,40,1,0,0,0,0
1238953,3,2020,2020,5,6,5,21,27,36,34609,0,1,1,-34.39738,150.850814,80,0,2,0,0,0,3,3,2,0,7,60,0,4552,5151,8,5,40,1,0,0,0,0
1238956,3,2020,2020,1,1,6,9,31,290,34609,0,1,1,-33.852215,150.989792,21,0,2,1,1,0,0,0,2,0,7,50,0,4026,4026,8,5,40,2,0,0,0,0
1238978,3,2020,2020,1,2,11,60,27,147,69,0,1,9,-33.868774,151.116119,14,0,2,1,2,0,3,4,0,0,15,60,2,4552,985,8,30,40,1,0,0,0,0
1238980,3,2020,2020,1,2,4,13,1,197,34609,0,1,1,-33.951457,151.083715,25,0,2,1,0,0,0,0,2,0,7,50,0,9859,9859,1,10,0,2,0,0,0,0
1238986,3,2020,2020,1,3,4,2126,17,14,2149,0,1,1,-33.723696,150.604568,8,2,2,1,0,0,0,0,2,0,7,40,2,4026,4026,1,10,0,2,0,0,0,0
1238993,3,2020,2020,1,5,2,11,31,122,34609,0,1,10,-33.422638,151.340302,16,2,2,1,0,0,0,0,1,0,15,50,0,9859,9859,1,33,13,2,0,0,0,0
1238997,3,2020,2020,1,0,8,125,27,108,123,0,1,7,-33.324226,151.427661,16,2,2,1,1,0,3,4,2,0,0,70,2,1192,1192,1,5,0,2,0,0,0,0
1238998,3,2020,2020,1,0,11,11,31,119,34609,0,1,1,-32.76109,151.757359,57,2,1,1,2,0,3,0,0,0,7,50,0,9859,9859,8,5,40,1,0,0,0,0
1238999,3,2020,2020,1,2,3,13,27,8,14,0,1,7,-34.499649,150.321896,78,2,1,0,1,0,3,4,2,0,0,80,1,2585,4009,8,5,40,1,0,0,0,0
1239007,3,2020,2020,1,3,9,31,31,237,44,0,1,9,-33.874146,150.959412,24,0,2,0,3,0,3,4,0,2,7,60,1,2585,4009,8,5,40,1,0,0,0,0
1239020,3,2020,2020,1,4,3,3,27,79,34609,0,1,7,-34.900548,150.617164,63,2,1,1,3,0,0,0,1,0,0,60,0,6545,6545,4,10,5,2,0,0,0,0
1239030,3,2020,2020,1,5,5,40,31,219,262,0,1,2,-32.90747,151.665814,48,0,2,1,3,0,0,0,2,0,7,60,2,14295,14295,3,5,0,2,0,0,0,0
1239033,3,2020,2020,5,0,1,51,31,77,5,0,1,1,-33.028395,151.655455,37,0,2,0,2,0,3,0,0,0,7,50,1,2585,4009,1,30,5,4,0,0,0,0
1239040,3,2020,2020,1,4,7,330,23,150,233,0,1,10,-33.919415,151.226391,59,0,2,1,3,0,0,0,2,2,7,50,2,5929,5929,1,5,13,2,0,0,0,0
1239042,3,2020,2020,1,2,5,25,27,7,143,0,1,10,-33.08093,149.688191,3,1,0,0,3,0,3,4,2,0,0,100,2,6545,6545,4,0,5,2,0,0,0,0
1239044,3,2020,2020,5,1,2,23,27,164,21,1,0,1,-33.739813,150.886094,7,0,2,1,3,0,0,0,0,0,7,60,1,9859,9859,8,5,40,1,0,0,0,0
1239045,3,2020,2020,1,1,11,100,27,68,78,0,1,1,-33.675798,149.833068,51,1,0,1,3,0,0,3,0,0,7,100,2,1089,1089,7,5,40,1,0,0,0,0
1239050,3,2020,2020,1,1,6,205,27,106,415,0,1,7,-33.676127,151.28987,50,0,2,1,3,0,0,0,2,0,0,60,2,1391,1391,1,0,0,2,0,0,0,0
1239051,3,2020,2020,5,0,3,59,31,107,321,0,1,10,-33.874975,151.196972,69,0,2,1,3,0,3,0,2,2,7,50,2,926,926,4,34,5,2,0,0,0,0
1239056,3,2020,2020,1,4,3,59,27,271,42,0,1,1,-33.957589,151.016714,15,0,2,1,3,0,0,0,2,0,7,60,1,1109,397,1,10,0,2,0,0,0,0
1239062,3,2020,2020,1,6,4,1,27,1,34609,0,1,1,-32.465823,151.808049,51,1,0,1,3,2,0,0,2,0,7,100,0,9859,9859,8,0,40,1,0,0,0,0
1239065,3,2020,2020,1,3,5,14,10,316,34609,0,1,1,-31.438664,152.886795,56,2,1,0,3,0,0,0,2,0,7,50,0,1957,4009,1,5,5,2,0,0,0,0
1239068,3,2020,2020,1,4,2,387,27,70,34609,0,1,7,-34.041653,151.083702,68,0,2,1,3,0,0,0,0,0,0,50,0,6545,6545,4,5,5,2,0,0,0,0
1239069,3,2020,2020,5,5,5,2,27,103,34609,0,1,1,-28.829229,153.310138,39,2,1,1,3,0,0,0,2,0,7,50,0,9859,9859,8,5,40,1,0,0,0,0
1239070,3,2020,2020,1,6,6,5,31,74,34609,0,1,1,-34.427186,150.857213,80,0,2,0,3,0,0,0,2,0,7,50,0,4552,5151,1,5,5,2,0,0,0,0
1239072,3,2020,2020,5,0,11,81,27,137,34609,0,1,1,-33.910363,150.905146,41,0,2,1,2,0,0,0,0,0,7,50,0,4026,4026,8,0,40,1,0,0,0,0
1239078,3,2020,2020,1,1,5,6,10,66,34609,0,1,1,-33.722742,150.919206,7,0,2,0,3,0,0,0,2,0,7,50,0,4552,5151,1,15,36,2,0,0,0,0
1239089,3,2020,2020,1,3,2,2126,17,218,2149,0,1,2,-33.769564,150.770881,55,0,2,1,3,0,0,3,0,0,7,60,2,4026,4026,8,9,40,1,0,0,0,0
1239097,3,2020,2020,1,6,6,71,17,9,71,0,1,1,-32.333881,143.866327,51,1,0,1,3,2,0,0,2,0,7,100,2,945,945,5,8,40,1,0,0,0,0