Crash ID,Degree of crash - detailed,Reporting year,Year of crash,Month of crash,Day of week of crash,Two-hour intervals,Street of crash,Street type,Town,Route no.,School zone location,School zone active,Type of location,Latitude,Longitude,LGA,Urbanisation,Conurbation 1,Alignment,Street lighting,Road surface,Surface condition,Weather,Natural lighting,Signals operation,Other traffic control,Speed limit,Road classification,RUM - code,DCA - code,First impact type,Key TU type,Other TU type,No. of traffic units involved,No. killed,No. seriously injured,No. moderately injured,No. minor-other injured
1239114,3,2020,2020,1,3,10,293,27,103,172,0,1,10,-32.9482,151.65683,37,0,2,1,3,0,0,0,0,0,15,60,2,6545,6545,4,30,5,2,0,0,0,0
1239116,3,2020,2020,1,6,4,41,27,137,80,0,1,2,-32.970603,151.687476,37,0,2,1,3,0,0,0,2,0,9,60,1,14295,14295,3,0,12,2,0,0,0,0
1239121,3,2020,2020,1,6,7,55,36,155,95,0,1,9,-33.125254,148.309872,53,1,0,0,3,0,0,3,2,0,0,100,2,1850,1463,5,8,40,1,0,0,0,0
1239123,3,2020,2020,1,4,3,17,31,460,92,0,1,10,-33.833849,150.992175,21,0,2,1,3,0,0,0,2,2,7,60,1,6545,6545,4,5,22,2,0,0,0,0
1239126,3,2020,2020,1,0,8,1,27,104,34609,0,1,9,-33.801958,150.769186,55,0,2,1,3,0,0,0,0,0,7,50,0,237,397,1,5,13,2,0,0,0,0
1239127,3,2020,2020,1,5,9,84,10,7,80,0,1,9,-34.285711,150.949152,80,0,2,0,3,0,3,3,0,0,7,50,2,4552,5151,8,5,40,1,0,0,0,0
1239128,3,2020,2020,1,5,9,330,27,53,605,0,1,10,-33.739092,151.302641,50,0,2,1,3,0,0,0,3,2,7,60,2,5929,5929,1,34,0,2,0,0,0,0
1239134,3,2020,2020,1,4,6,100,27,12,78,0,1,1,-33.548211,149.733726,51,1,0,0,3,0,3,3,2,0,7,100,2,4552,5151,8,5,40,1,0,0,0,0
1239136,3,2020,2020,1,0,6,3371,17,19,3342,0,1,2,-28.830002,153.52967,2,1,0,0,3,0,3,4,2,0,7,100,2,1957,4009,8,5,40,1,0,0,0,0
1239142,3,2020,2020,1,2,6,46,1,293,34609,0,1,1,-33.926518,151.052865,15,0,2,1,2,0,0,0,2,0,7,50,0,144,144,1,5,5,2,0,0,0,0
1239143,3,2020,2020,1,4,5,3,27,15,34609,0,1,1,-32.89462,151.705984,48,0,2,1,0,0,0,0,2,0,7,40,0,9859,9859,8,5,40,1,0,0,0,0
1239147,3,2020,2020,1,1,9,26,31,161,34609,0,1,1,-33.882242,151.156865,32,0,2,1,2,0,0,0,0,0,7,40,0,1282,1282,1,33,5,2,0,0,0,0
1239151,3,2020,2020,7,1,4,24,27,5,41,0,1,1,-29.037084,153.278603,60,1,0,0,0,0,3,4,2,0,7,100,1,3775,3775,0,9,5,2,0,0,0,0
1239161,3,2020,2020,0,6,6,36,31,35,31,0,1,1,-28.806588,153.273278,39,2,1,0,1,0,0,0,2,0,7,60,1,84,84,8,8,40,1,0,0,0,0
1239166,3,2020,2020,1,4,8,4,31,304,34609,0,1,1,-33.913763,151.141963,32,0,2,1,3,0,0,0,2,0,7,50,0,186,186,1,10,36,2,0,0,0,0
1239169,3,2020,2020,1,3,4,2,32,69,34609,0,1,1,-32.936324,151.74331,48,0,2,0,0,0,0,0,2,0,7,50,0,1282,1282,1,0,40,1,0,0,0,0
1239177,3,2020,2020,1,6,11,5,27,77,34609,0,1,1,-33.715273,151.087521,31,0,2,0,3,0,3,4,0,0,7,50,0,1957,4009,1,5,13,2,0,0,0,0
1239185,3,2020,2020,1,1,7,84,27,147,415,0,1,2,-33.750986,151.147207,36,0,2,0,3,0,0,0,2,0,7,60,2,14295,14295,3,0,25,2,0,0,0,0
1239187,3,2020,2020,1,2,3,31,27,197,69,0,1,1,-33.792603,151.15585,61,0,2,0,3,0,3,0,4,0,7,60,2,1850,1463,5,0,40,1,0,0,0,0
1239190,3,2020,2020,1,4,3,2261,17,346,2252,0,1,9,-33.88807,151.075154,67,0,2,1,3,0,0,0,2,0,0,60,2,14295,14295,3,5,5,2,0,0,0,0
1239197,3,2020,2020,1,0,3,168,10,21,260,0,1,2,-33.949757,151.163872,4,0,2,1,3,0,0,0,2,0,7,70,2,14295,14295,3,10,13,2,0,0,0,0
1239198,3,2020,2020,1,3,2,2209,17,79,2205,0,1,10,-33.978474,151.122511,25,0,2,1,3,0,0,0,1,2,7,70,2,1192,1192,1,5,5,3,0,0,0,0
1239206,3,2020,2020,5,6,10,18,27,8,14,0,1,1,-28.698256,153.304091,39,2,1,0,3,0,0,0,0,0,7,80,1,2585,4009,8,5,40,1,0,0,0,0
1239212,3,2020,2020,5,6,7,103,27,33,167,0,1,1,-33.985294,151.136065,25,0,2,1,3,0,0,0,2,0,7,60,2,248,248,1,10,0,3,0,0,0,0
1239215,3,2020,2020,1,0,9,61,10,160,34609,0,1,1,-33.098021,151.473023,37,0,2,1,3,0,3,4,0,0,7,70,0,623,623,3,5,36,2,0,0,0,0
1239219,3,2020,2020,5,0,3,2,31,147,34609,0,1,1,-33.870836,151.124266,14,0,2,1,2,0,0,0,1,0,7,50,0,9859,9859,1,33,5,2,0,0,0,0
1239221,3,2020,2020,1,0,9,85,10,38,702,0,1,9,-33.837653,151.083604,14,0,2,0,3,0,3,4,0,2,7,70,2,14295,14295,3,5,5,2,0,0,0,0
1239223,3,2020,2020,1,4,4,2126,17,62,2149,0,1,9,-33.741221,150.606481,8,2,2,1,3,0,0,0,2,0,15,60,2,14295,14295,3,5,0,2,0,0,0,0
1239225,3,2020,2020,1,2,3,22,27,18,147,0,1,9,-28.697614,153.60056,10,2,1,0,3,0,3,4,2,0,7,60,1,2585,4009,8,0,40,1,0,0,0,0
1239226,3,2020,2020,1,5,5,133,17,5,121,0,1,1,-36.163429,149.153103,65,1,0,1,3,0,0,0,2,0,7,100,2,1669,1669,3,30,5,3,0,0,0,0
1239228,3,2020,2020,1,5,5,2209,17,273,2205,0,1,9,-34.425737,150.888884,80,0,2,1,3,0,0,0,2,2,7,50,2,1391,1391,1,5,5,2,0,0,0,0
1239230,3,2020,2020,1,4,11,2,10,20,34609,0,1,1,-33.939955,150.845135,41,0,2,0,3,0,0,0,0,0,7,50,0,13,188,1,5,5,2,0,0,0,0
1239232,3,2020,2020,1,3,6,1,4,39,34609,0,1,1,-33.247506,151.492556,16,2,2,1,3,0,0,0,2,0,7,50,0,4026,4026,1,5,6,2,0,0,0,0
1239233,3,2020,2020,1,1,8,1052,14,118,928,0,1,3,-33.410272,151.298613,16,1,2,0,3,0,0,0,2,0,7,110,2,404,404,8,5,40,1,0,0,0,0
1239238,3,2020,2020,1,2,9,8,27,187,34609,0,1,1,-33.798771,150.982594,54,0,2,1,3,0,3,4,0,0,7,50,0,14295,14295,3,5,5,2,0,0,0,0
1239248,3,2020,2020,1,0,10,10,31,147,34609,0,1,1,-33.751644,151.280823,50,0,2,0,2,0,3,4,0,0,7,50,0,2585,4009,8,0,40,1,0,0,0,0
1239253,3,2020,2020,1,2,8,916,17,165,917,0,1,1,-32.289568,150.932477,46,1,0,0,3,0,0,0,0,0,7,100,2,418,714,5,5,40,1,0,0,0,0
1239254,3,2020,2020,1,2,4,117,1,239,121,0,1,10,-34.042649,151.119371,68,0,2,1,1,0,0,0,2,2,7,60,1,5929,5929,1,5,5,2,0,0,0,0
1239258,3,2020,2020,5,2,10,3371,17,29,3342,0,1,2,-32.221741,152.321171,43,2,1,1,0,0,0,1,0,0,7,80,2,1089,1089,7,0,40,1,0,0,0,0
1239267,3,2020,2020,5,0,0,39,31,80,34609,0,1,1,-33.943846,151.20958,4,0,2,1,2,0,0,0,0,0,7,50,0,84,84,8,5,40,1,0,0,0,0
1239269,3,2020,2020,1,5,10,83,27,90,17,0,1,1,-33.711876,150.310582,8,2,2,1,2,0,0,0,0,0,9,50,1,9859,9859,8,5,40,1,0,0,0,0
1239283,3,2020,2020,1,6,8,76,31,120,34609,0,1,1,-32.179291,152.516836,43,2,1,1,0,0,0,0,3,0,7,50,0,186,186,1,0,5,2,0,0,0,0
1239292,3,2020,2020,1,1,6,866,17,171,793,0,1,10,-33.807257,150.969318,21,0,2,1,2,0,0,0,2,2,7,70,2,5929,5929,1,30,40,3,0,0,0,0
1239307,3,2020,2020,1,6,7,8,27,53,34609,0,1,1,-33.377248,151.440958,16,2,2,0,0,0,0,0,2,0,7,60,0,3775,3775,0,5,13,2,0,0,0,0
1239321,3,2020,2020,5,4,9,15,1,173,34609,0,1,1,-33.714096,151.115145,36,0,2,1,2,0,0,0,0,0,7,50,0,9859,9859,1,33,0,2,0,0,0,0
1239322,3,2020,2020,1,0,2,3371,17,27,3342,0,1,2,-30.141843,153.193005,19,1,0,1,2,0,0,0,0,0,7,100,2,9859,9859,8,0,40,1,0,0,0,0
1239338,3,2020,2020,1,5,8,2209,17,95,34609,1,0,1,-34.391348,150.893399,80,0,2,1,3,0,0,0,3,0,7,50,0,14295,14295,3,30,5,2,0,0,0,0
1239342,3,2020,2020,1,3,0,2209,17,166,2205,0,1,9,-33.893482,151.183525,69,0,2,1,3,0,3,0,0,2,7,50,2,4552,985,8,10,40,1,0,0,0,0
1239343,3,2020,2020,1,1,0,44,31,198,34609,0,1,9,-33.918456,151.098654,15,0,2,1,3,0,0,0,0,0,7,50,0,78,78,8,5,40,1,0,0,0,0
1239347,3,2020,2020,1,3,7,1,31,73,34609,0,1,1,-35.146145,147.367845,75,2,1,1,3,0,0,0,2,0,7,50,0,2585,777,8,5,40,1,0,0,0,0
1239348,3,2020,2020,8,1,5,6,31,41,34609,0,1,9,-35.063931,148.103603,20,2,1,1,3,0,0,0,2,0,0,50,0,941,941,1,10,5,2,0,0,0,0
1239350,3,2020,2020,1,3,8,2126,17,140,2149,0,1,9,-33.783493,150.83167,7,0,2,1,3,0,3,3,2,2,7,80,2,6545,6545,4,0,0,2,0,0,0,0
1239354,3,2020,2020,1,4,3,103,36,3,103,0,1,1,-32.217164,151.939138,43,2,1,1,3,0,0,0,2,0,7,60,2,28,28,1,29,5,3,0,0,0,0
1239364,3,2020,2020,1,6,11,2,27,40,34609,0,1,1,-34.021736,150.773737,12,0,2,1,1,0,0,0,0,0,7,50,0,9859,9859,1,10,5,3,0,0,0,0
1239369,3,2020,2020,5,3,5,3371,17,58,3342,0,1,2,-28.579585,153.544084,10,1,0,0,0,0,3,4,2,0,7,110,2,2585,4009,8,34,40,1,0,0,0,0
1239384,3,2020,2020,1,0,4,118,27,646,118,0,1,9,-33.927124,151.030334,15,0,2,1,1,0,0,0,2,0,0,60,1,775,775,4,0,19,2,0,0,0,0
1239390,3,2020,2020,1,3,10,8,31,460,34609,0,1,7,-33.829039,150.987349,21,0,2,1,2,0,0,0,0,0,0,50,0,1957,777,8,9,40,1,0,0,0,0
1239405,3,2020,2020,1,2,8,1,27,30,34609,0,1,1,-32.628538,152.14894,43,1,0,0,3,2,0,0,2,0,7,100,0,2585,4009,8,10,40,1,0,0,0,0
1239406,3,2020,2020,1,4,5,5,10,32,34609,0,1,7,-33.926601,150.980011,15,0,2,1,3,0,0,0,2,0,0,40,0,14295,14295,3,5,5,2,0,0,0,0
1239407,3,2020,2020,6,0,11,16,10,30,15,0,1,7,-33.20656,151.586487,16,2,2,0,3,0,0,0,0,0,0,50,1,782,957,5,0,40,1,0,0,0,0
1239408,3,2020,2020,5,5,3,14,27,6,34609,0,1,9,-35.047133,147.42874,75,1,0,0,3,0,0,1,1,0,7,100,0,323,323,1,30,13,2,0,0,0,0
1239409,3,2020,2020,1,1,3,95,31,33,34609,0,1,9,-34.774471,150.704264,63,2,1,0,3,0,0,0,2,0,0,50,0,5929,5929,1,5,13,2,0,0,0,0
1239418,3,2020,2020,1,3,8,1,1,53,34609,0,1,1,-31.876511,152.357937,43,2,1,1,3,0,0,0,3,0,7,50,0,1391,1391,1,0,5,2,0,0,0,0
1239429,3,2020,2020,5,6,8,346,17,47,332,0,1,2,-28.833059,153.426064,2,1,0,0,0,0,0,0,2,0,7,100,2,4552,5151,8,9,40,1,0,0,0,0
1239450,3,2020,2020,1,2,9,19,31,84,34609,0,1,1,-31.104978,150.895719,70,2,1,1,2,0,3,4,0,0,7,50,0,9859,9859,8,5,40,1,0,0,0,0
1239453,3,2020,2020,1,0,10,125,27,55,123,0,1,7,-33.365268,151.460923,16,2,2,1,2,0,3,4,0,0,7,60,2,9859,9859,8,10,40,1,0,0,0,0
1239471,3,2020,2020,1,6,8,2126,17,90,2149,0,1,1,-33.698751,150.291046,8,2,2,0,3,0,0,3,3,0,7,70,2,1259,5151,8,5,40,1,0,0,0,0
1239505,3,2020,2020,1,0,8,57,27,9,75,0,1,1,-33.48446,151.304045,16,2,2,0,3,0,3,4,2,0,7,60,1,3775,3775,0,0,5,2,0,0,0,0
1239506,3,2020,2020,1,6,6,70,27,26,100,0,1,1,-33.681956,150.599571,8,2,2,1,3,0,0,0,2,0,7,60,2,1669,1669,3,30,36,2,0,0,0,0
1239513,3,2020,2020,1,2,9,1,27,42,163,0,1,9,-33.740085,150.862536,7,0,2,1,2,0,3,4,0,3,7,70,2,256,256,4,34,13,2,0,0,0,0
1239521,3,2020,2020,1,2,6,17,27,7,18,0,1,1,-34.881804,148.895904,82,1,0,1,3,0,3,4,2,0,7,100,1,14295,14295,3,33,5,2,0,0,0,0
1239524,3,2020,2020,1,1,6,87,31,179,34609,1,0,10,-31.908788,152.464357,43,2,1,1,3,0,0,0,2,0,15,50,0,6545,6545,4,5,0,2,0,0,0,0
1239527,3,2020,2020,5,4,7,43,27,316,38,0,1,1,-33.903263,151.247745,59,0,2,1,0,0,0,0,2,0,7,50,1,941,941,1,0,5,2,0,0,0,0
1239528,3,2020,2020,1,2,5,15,27,11,34609,0,1,1,-35.366953,148.785146,66,1,0,0,3,0,1,5,2,0,7,100,0,1850,1463,5,0,40,1,0,0,0,0
1239530,3,2020,2020,1,0,4,6,31,95,34609,0,1,10,-34.387888,150.894089,80,0,2,1,3,0,0,0,2,2,7,60,0,1391,1391,1,0,5,2,0,0,0,0
1239531,3,2020,2020,6,2,6,512,17,562,441,0,1,9,-32.254185,148.608093,22,2,1,1,3,0,0,0,2,0,0,60,2,926,926,4,0,5,2,0,0,0,0
1239538,3,2020,2020,1,4,6,112,27,4,769,0,1,1,-33.547817,150.4232,8,2,2,1,3,0,0,0,2,0,7,80,2,1945,1945,5,29,40,1,0,0,0,0
1239541,3,2020,2020,1,3,6,26,10,115,34609,0,1,1,-33.74407,151.23145,50,0,2,1,3,0,0,0,2,0,7,50,0,9859,9859,1,0,36,2,0,0,0,0
1239542,3,2020,2020,1,1,5,3371,17,37,3342,0,1,9,-33.023558,151.663787,37,0,2,1,3,0,0,0,2,0,7,60,2,14295,14295,3,5,0,2,0,0,0,0
1239543,3,2020,2020,1,0,9,3,31,94,34609,0,1,7,-33.886665,150.929672,24,0,2,1,3,0,0,0,0,0,0,50,0,6545,6545,4,5,5,2,0,0,0,0
1239552,3,2020,2020,1,5,5,78,27,31,61,0,1,7,-33.89254,151.021805,15,0,2,1,3,0,0,0,2,0,0,60,1,1669,1669,3,5,5,2,0,0,0,0
1239555,3,2020,2020,1,6,6,104,27,443,702,0,1,2,-33.905518,151.064086,15,0,2,1,3,0,0,0,2,0,7,70,2,14295,14295,3,5,5,3,0,0,0,0
1239559,3,2020,2020,1,1,8,485,27,187,769,0,1,10,-33.78641,150.995437,54,0,2,1,3,0,3,4,2,2,7,60,2,5929,5929,1,0,5,2,0,0,0,0
1239561,3,2020,2020,1,3,7,2209,17,40,2205,0,1,9,-35.025267,150.578528,63,1,0,0,3,0,0,0,2,0,7,100,2,1957,4009,8,5,40,1,0,0,0,0
1239563,3,2020,2020,1,4,8,43,22,96,34609,0,1,1,-35.351437,149.225028,58,2,1,0,3,0,0,0,2,0,7,50,0,1282,1282,1,5,40,1,0,0,0,0
1239564,3,2020,2020,1,6,11,4,31,77,34609,0,1,1,-33.862913,150.934267,24,0,2,1,3,0,0,0,0,0,7,50,0,4026,4026,1,10,5,4,0,0,0,0
1239565,3,2020,2020,1,5,2,193,27,438,103,0,1,9,-33.864906,151.027328,21,0,2,1,3,0,0,0,0,2,1,60,1,5929,5929,1,5,5,2,0,0,0,0
1239572,3,2020,2020,1,5,2,204,31,228,34609,0,1,7,-34.7483,149.720618,26,2,1,1,3,0,0,0,1,0,7,50,0,301,301,4,30,5,2,0,0,0,0
1239576,3,2020,2020,1,5,9,109,27,137,105,0,1,9,-33.896655,150.912255,24,0,2,1,2,0,0,0,0,0,7,60,2,1383,1383,1,5,12,2,0,0,0,0
1239578,3,2020,2020,1,5,6,95,31,94,34609,0,1,1,-33.882545,150.932436,24,0,2,1,3,0,0,0,2,0,7,50,0,9859,9859,1,5,5,4,0,0,0,0
1239579,3,2020,2020,1,1,8,829,27,165,770,0,1,10,-33.851086,151.154494,14,0,2,1,3,0,0,0,3,3,7,60,2,1391,1391,1,5,5,2,0,0,0,0
1239580,3,2020,2020,1,5,8,6,1,30,34609,0,1,1,-34.337299,146.024017,28,1,0,1,3,0,0,0,3,0,7,100,0,9859,9859,8,0,40,1,0,0,0,0
1239583,3,2020,2020,1,2,3,153,27,188,147,0,1,1,-33.94884,151.107497,4,0,2,1,3,0,0,1,1,0,7,60,2,9859,9859,1,30,13,2,0,0,0,0
1239585,3,2020,2020,1,2,4,2209,17,11,2205,0,1,7,-34.483027,150.802276,80,0,2,1,3,0,0,0,2,0,7,80,2,14295,14295,3,5,0,2,0,0,0,0
1239586,3,2020,2020,1,4,3,500,27,293,799,1,0,9,-33.931813,151.056244,15,0,2,1,3,0,0,0,2,2,7,60,2,1282,1282,1,5,5,2,0,0,0,0
1239588,3,2020,2020,1,3,9,5,23,370,34609,0,1,1,-34.07433,150.805759,13,0,2,1,3,0,0,0,0,0,7,50,0,9859,9859,1,0,5,2,0,0,0,0
1239594,3,2020,2020,1,6,0,829,27,309,770,0,1,2,-33.815283,151.100019,61,0,2,1,2,0,0,0,0,0,7,60,2,9859,9859,8,27,40,1,0,0,0,0
1239598,3,2020,2020,1,2,5,47,27,65,34609,0,1,9,-32.925571,151.775419,48,0,2,1,1,0,0,0,2,0,0,30,0,941,941,1,0,19,2,0,0,0,0
1239603,3,2020,2020,6,0,5,330,23,293,112,0,1,2,-33.942646,151.239351,59,0,2,1,1,0,0,0,2,0,7,60,2,248,248,1,5,5,2,0,0,0,0
1239611,3,2020,2020,5,4,1,15,27,30,34609,1,0,1,-34.491516,150.813854,80,0,2,1,2,0,0,0,0,0,7,60,0,1282,1282,1,5,40,1,0,0,0,0
1239612,3,2020,2020,6,3,10,4,31,175,34609,0,1,9,-33.779887,151.063178,54,0,2,0,2,0,0,0,0,0,7,50,0,1259,985,8,5,40,1,0,0,0,0
1239626,3,2020,2020,1,6,10,9,27,108,34609,0,1,1,-28.862053,153.549142,2,2,1,0,0,0,0,0,0,0,7,50,0,2585,4009,8,5,40,1,0,0,0,0
1239630,3,2020,2020,1,5,8,28,1,46,34609,0,1,9,-33.888237,150.965454,24,0,2,1,1,0,3,0,0,0,0,50,0,217,217,1,5,13,2,0,0,0,0
1239632,3,2020,2020,1,2,9,92,27,21,36,1,0,9,-35.729022,150.195923,23,2,1,0,2,0,0,0,0,2,7,60,1,2852,2852,4,10,5,2,0,0,0,0
1239639,3,2020,2020,1,0,4,29,31,139,51,0,1,10,-33.88232,151.140338,32,0,2,1,3,0,0,0,2,0,0,50,1,301,301,4,5,0,2,0,0,0,0
1239641,3,2020,2020,1,0,4,85,31,219,34609,0,1,9,-32.903313,151.669245,48,0,2,1,3,0,0,0,2,0,15,60,0,83,83,1,30,5,2,0,0,0,0
1239643,3,2020,2020,1,1,8,344,27,89,382,0,1,1,-33.670558,150.805634,55,0,2,1,3,0,0,0,2,0,7,80,2,1669,1669,3,9,5,2,0,0,0,0
1239653,3,2020,2020,1,2,11,4,7,94,34609,0,1,1,-33.885956,150.912234,24,0,2,0,2,0,3,4,0,0,7,50,0,2585,4009,1,0,0,3,0,0,0,0
1239657,3,2020,2020,1,6,6,2209,17,24,2205,0,1,9,-36.220988,150.132726,23,2,1,0,3,0,0,0,2,0,7,50,2,1669,1669,3,5,0,2,0,0,0,0
1239686,3,2020,2020,8,2,2,92,31,70,34609,1,0,1,-32.904285,151.723168,48,0,2,1,2,0,3,3,0,0,7,50,0,9859,9859,8,34,40,1,0,0,0,0
1239694,3,2020,2020,5,6,3,17,31,56,21,0,1,1,-33.861523,151.176543,32,0,2,1,2,0,0,0,1,0,7,40,1,9859,9859,1,0,13,2,0,0,0,0
1239702,3,2020,2020,1,6,5,78,27,11,34609,0,1,9,-33.844776,151.128573,14,0,2,1,1,0,0,0,2,0,7,50,0,9859,9859,1,19,5,2,0,0,0,0
1239705,3,2020,2020,5,2,8,32,14,35,124,0,1,2,-33.819548,151.203204,77,0,2,1,2,0,3,3,0,0,7,80,2,14295,14295,3,5,5,2,0,0,0,0
1239708,3,2020,2020,1,1,5,1,31,44,34609,0,1,1,-30.708254,152.921694,47,2,1,1,0,0,0,0,2,0,7,50,0,1981,1981,4,5,5,2,0,0,0,0
1239709,3,2020,2020,0,6,11,1,27,21,34609,0,1,9,-33.871724,150.904521,24,0,2,1,2,0,0,0,0,0,7,50,0,4026,4026,8,21,40,2,0,0,0,0
1239715,3,2020,2020,1,4,0,63,17,112,114,0,1,1,-33.456868,151.421519,16,2,2,1,2,0,0,0,0,0,7,70,2,9859,9859,1,30,13,3,0,0,0,0
1239728,3,2020,2020,1,5,2,7,27,9,39,0,1,1,-33.478724,150.915816,71,0,2,0,1,0,0,0,0,0,7,80,1,4552,5151,8,10,40,1,0,0,0,0
1239746,3,2020,2020,6,5,5,4,23,273,34609,0,1,1,-34.425228,150.881759,80,0,2,1,0,0,0,0,2,0,7,50,0,1981,1981,4,10,5,2,0,0,0,0
1239751,3,2020,2020,6,4,9,6,31,88,34609,0,1,1,-33.995713,151.115266,25,0,2,1,2,0,0,0,0,0,7,50,0,9859,9859,1,0,5,2,0,0,0,0
1239756,3,2020,2020,5,2,5,36,31,166,34609,0,1,0,-33.900038,151.182196,69,0,2,1,0,0,0,6,2,0,7,40,0,4026,4026,1,9,0,2,0,0,0,0
1239764,3,2020,2020,5,5,10,5,27,189,34609,0,1,1,-33.950537,151.056973,25,0,2,1,2,0,0,0,0,0,7,50,0,9859,9859,1,5,5,4,0,0,0,0
1239766,3,2020,2020,6,6,6,8,27,10,34609,0,1,1,-31.934323,152.408255,43,2,1,1,0,2,0,0,2,0,7,50,0,475,475,5,5,40,1,0,0,0,0
1239770,3,2020,2020,1,4,11,22,27,25,34609,0,1,9,-33.873396,151.224193,69,0,2,1,3,0,0,0,0,0,7,40,0,1109,787,1,5,0,2,0,0,0,0
1239774,3,2020,2020,1,2,1,53,31,113,34609,0,1,10,-29.457638,149.835862,51,2,1,1,2,0,3,0,0,0,7,50,0,945,945,5,5,40,1,0,0,0,0
1239778,3,2020,2020,1,6,4,8,27,8,12,0,1,1,-33.858541,151.202595,69,0,2,1,0,0,0,0,2,0,7,40,1,1282,1282,1,27,19,2,0,0,0,0
1239779,3,2020,2020,5,5,9,1,1,50,34609,0,1,1,-33.231282,151.551266,16,2,2,1,2,0,0,0,0,0,7,50,0,9859,9859,8,5,40,1,0,0,0,0
1239785,3,2020,2020,1,3,8,4,27,14,36,0,1,9,-33.587543,150.909967,29,2,2,0,3,0,0,0,2,0,0,70,1,14295,14295,3,5,5,2,0,0,0,0
1239786,3,2020,2020,1,0,9,33,18,9,8,0,1,1,-28.786222,153.545118,2,2,1,1,3,0,0,0,0,0,7,80,1,1089,1089,7,0,40,1,0,0,0,0
1239787,3,2020,2020,1,0,3,12,10,12,34609,0,1,10,-33.807629,151.262058,50,0,2,1,3,0,0,0,1,0,7,50,0,6545,6545,4,0,5,2,0,0,0,0
1239796,3,2020,2020,5,6,11,6,27,10,26,0,1,1,-29.298486,151.120612,33,1,0,0,0,0,0,0,0,0,7,100,1,782,957,5,29,40,1,0,0,0,0
1239797,3,2020,2020,1,3,2,34,10,2,40,0,1,1,-35.819917,150.220298,23,1,0,1,3,0,0,0,1,0,7,100,1,4026,4026,8,5,40,1,0,0,0,0
1239799,3,2020,2020,1,2,1,37,1,96,212,0,1,10,-35.356805,149.225352,58,2,1,1,3,0,2,6,0,3,7,60,2,4026,4026,8,5,40,1,0,0,0,0
1239847,3,2020,2020,5,6,7,36,27,23,39,0,1,1,-32.392936,149.322179,44,1,0,1,3,0,0,0,2,0,7,100,2,77,77,1,21,40,1,0,0,0,0
1239852,3,2020,2020,1,4,5,85,10,73,702,0,1,9,-33.83523,151.088107,14,0,2,1,1,0,0,0,2,2,7,70,2,14295,14295,3,5,5,2,0,0,0,0
1239855,3,2020,2020,6,3,5,1,1,20,34609,0,1,1,-30.220061,149.447677,51,2,1,1,0,0,0,0,2,0,7,50,0,4026,4026,8,5,40,1,0,0,0,0
1239856,3,2020,2020,1,0,5,16,31,44,27,0,1,10,-33.970114,151.115741,25,0,2,1,3,0,0,0,2,2,6,60,1,6545,6545,4,30,5,2,0,0,0,0
1239860,3,2020,2020,1,3,7,255,27,71,166,0,1,2,-33.264862,151.546245,16,2,2,1,3,0,0,0,2,0,7,50,2,623,623,3,10,5,2,0,0,0,0
1239861,3,2020,2020,1,2,9,10,10,79,34609,0,1,1,-33.998642,150.730996,12,0,2,1,3,0,0,0,0,0,7,50,0,9859,9859,1,30,25,3,0,0,0,0
1239865,3,2020,2020,1,1,8,293,31,112,769,0,1,2,-33.607027,150.821825,29,2,2,1,3,0,0,0,3,0,7,60,2,1391,1391,1,8,0,2,0,0,0,0
1239866,3,2020,2020,1,6,4,42,27,130,34609,0,1,10,-34.446724,150.840714,80,0,2,1,3,0,0,0,2,0,15,50,0,6545,6545,4,5,5,2,0,0,0,0
1239867,3,2020,2020,1,5,6,103,27,62,256,0,1,9,-34.088821,150.806007,13,0,2,1,3,0,0,0,2,3,7,80,2,14295,14295,3,16,0,2,0,0,0,0
1239874,3,2020,2020,8,0,1,6,27,41,99,0,1,1,-33.90712,151.183902,69,0,2,1,0,0,0,0,0,0,7,40,2,9859,9859,8,10,40,1,0,0,0,0
1239886,3,2020,2020,1,0,5,348,17,105,232,0,1,10,-32.599601,149.589506,44,2,1,1,3,0,0,3,2,0,0,50,2,6545,6545,4,5,36,2,0,0,0,0
1239892,3,2020,2020,1,5,5,100,27,41,799,0,1,9,-33.904938,151.130311,32,0,2,1,3,0,0,0,2,0,7,60,2,84,84,6,5,13,2,0,0,0,0
1239893,3,2020,2020,1,3,6,512,17,433,441,0,1,7,-33.282701,149.093698,52,2,1,1,3,0,3,4,2,0,0,50,2,6545,6545,4,5,13,2,0,0,0,0
1239895,3,2020,2020,1,6,7,1,27,7,34609,0,1,1,-37.324175,149.611426,5,1,0,0,3,2,0,0,2,0,7,100,0,3775,3775,0,29,0,2,0,0,0,0
1239896,3,2020,2020,1,2,7,346,17,103,332,0,1,9,-28.814729,153.315023,39,2,1,1,3,0,0,0,2,0,7,60,2,1669,1669,3,5,36,2,0,0,0,0
1239897,3,2020,2020,1,1,7,171,27,61,369,0,1,1,-33.823643,150.684428,55,0,2,1,3,0,0,0,2,0,7,80,2,1669,1669,3,5,5,2,0,0,0,0
1239899,3,2020,2020,1,5,8,60,27,237,44,0,1,1,-33.872987,150.941834,24,0,2,1,3,0,0,0,2,0,7,50,2,9859,9859,1,0,5,2,0,0,0,0
1239902,3,2020,2020,1,2,2,11,27,69,34609,0,1,1,-28.546793,153.491913,10,2,1,1,3,0,3,3,0,0,7,50,0,9859,9859,8,0,40,1,0,0,0,0
1239903,3,2020,2020,5,3,10,171,31,23,34609,0,1,10,-34.578837,150.868848,62,0,2,1,3,0,3,4,0,0,7,40,0,9859,9859,1,0,36,2,0,0,0,0
1239904,3,2020,2020,1,2,9,23,27,136,101,0,1,9,-32.926874,151.717459,48,0,2,1,3,0,0,0,0,0,7,60,2,1391,1391,1,5,5,2,0,0,0,0