Crash ID,Degree of crash - detailed,Reporting year,Year of crash,Month of crash,Day of week of crash,Two-hour intervals,Street of crash,Street type,Town,Route no.,School zone location,School zone active,Type of location,Latitude,Longitude,LGA,Urbanisation,Conurbation 1,Alignment,Street lighting,Road surface,Surface condition,Weather,Natural lighting,Signals operation,Other traffic control,Speed limit,Road classification,RUM - code,DCA - code,First impact type,Key TU type,Other TU type,No. of traffic units involved,No. killed,No. seriously injured,No. moderately injured,No. minor-other injured
1239905,3,2020,2020,1,4,5,2,31,125,34609,0,1,10,-33.831921,151.12839,51,0,2,1,3,0,0,0,2,0,15,50,0,6545,6545,4,5,0,2,0,0,0,0
1239907,3,2020,2020,1,6,4,50,27,125,7,0,1,10,-33.863457,151.083917,67,0,2,0,3,0,0,0,2,0,15,50,1,6545,6545,4,30,0,2,0,0,0,0
1239908,3,2020,2020,1,5,9,2209,17,166,2205,0,1,9,-33.893482,151.183525,69,0,2,1,3,0,0,0,3,2,7,50,2,515,515,1,8,0,2,0,0,0,0
1239909,3,2020,2020,1,3,6,2,27,42,34609,0,1,1,-33.896318,150.86981,24,0,2,1,3,0,0,0,2,0,7,60,0,1957,777,1,5,5,2,0,0,0,0
1239910,3,2020,2020,1,0,4,8,27,202,34609,0,1,9,-33.953762,151.033997,15,0,2,1,3,0,0,0,2,0,7,40,0,9859,9859,1,5,0,2,0,0,0,0
1239913,3,2020,2020,1,3,6,171,27,24,369,0,1,10,-33.976746,150.735492,12,0,2,1,3,0,0,0,2,2,7,80,2,84,84,8,10,40,1,0,0,0,0
1239916,3,2020,2020,1,6,7,481,17,155,483,0,1,10,-33.140776,148.171871,53,2,1,1,3,0,0,0,2,0,0,50,2,5929,5929,1,5,5,2,0,0,0,0
1239917,3,2020,2020,1,0,9,2126,17,445,2149,0,1,10,-33.850798,151.053667,21,0,2,1,3,0,3,0,0,3,7,60,2,1391,1391,1,5,0,2,0,0,0,0
1239920,3,2020,2020,1,5,2,84,27,125,32,0,1,9,-33.823811,151.13165,61,0,2,1,3,0,0,0,0,0,7,60,1,9859,9859,8,5,40,1,0,0,0,0
1239921,3,2020,2020,1,1,8,113,27,104,111,0,1,9,-33.803541,150.769411,55,0,2,1,3,0,0,0,0,0,0,80,2,150,150,4,0,5,2,0,0,0,0
1239922,3,2020,2020,1,2,8,104,27,64,702,0,1,2,-33.88609,151.068899,67,0,2,0,3,0,0,3,2,0,7,70,2,14295,14295,3,5,5,3,0,0,0,0
1239924,3,2020,2020,1,6,3,29,1,64,52,0,1,7,-33.712618,150.756012,55,0,2,1,3,0,0,1,2,0,0,60,1,6545,6545,4,5,5,2,0,0,0,0
1239927,3,2020,2020,1,0,4,3371,17,58,3342,0,1,2,-28.536991,153.538134,10,1,0,1,3,0,3,4,2,0,7,110,2,4026,4026,8,9,40,1,0,0,0,0
1239929,3,2020,2020,1,6,9,127,27,135,103,0,1,1,-32.903095,151.744324,48,0,2,1,3,0,0,0,3,0,7,50,1,9859,9859,8,5,40,1,0,0,0,0
1239956,3,2020,2020,1,1,8,5,31,36,34609,0,1,7,-36.093306,146.915902,0,2,1,1,3,0,2,6,0,0,0,50,0,6545,6545,4,10,5,2,0,0,0,0
1239959,3,2020,2020,1,5,1,2126,17,363,2149,1,0,10,-33.818549,150.996413,54,0,2,1,2,0,0,0,0,2,7,60,2,6545,6545,4,5,5,2,0,0,0,0
1239961,3,2020,2020,1,4,7,27,27,251,136,0,1,9,-33.767884,150.94413,7,0,2,1,1,0,0,0,2,2,7,60,2,14295,14295,3,33,5,2,0,0,0,0
1239965,3,2020,2020,1,2,3,84,10,7,80,0,1,1,-34.28021,150.953772,80,0,2,0,1,0,3,5,1,0,7,50,2,4552,5151,8,0,40,1,0,0,0,0
1239966,3,2020,2020,1,3,10,56,27,323,38,0,1,9,-33.755546,150.962933,71,0,2,1,2,0,0,0,0,2,7,60,1,4552,985,8,34,40,1,0,0,0,0
1239973,3,2020,2020,1,6,5,3371,17,35,3342,0,1,9,-29.944314,153.107357,18,1,0,1,1,0,0,0,2,0,7,110,2,14295,14295,3,9,13,2,0,0,0,0
1239975,3,2020,2020,5,3,3,1,31,143,34609,0,1,10,-33.693325,151.097451,31,0,2,1,0,0,3,1,2,0,0,50,0,4552,985,8,5,40,1,0,0,0,0
1239980,3,2020,2020,1,4,8,8,31,107,34609,0,1,10,-29.688781,152.937628,18,2,1,1,2,0,0,0,3,0,0,50,0,6545,6545,4,0,0,2,0,0,0,0
1239990,3,2020,2020,1,5,5,132,31,252,126,0,1,10,-33.891842,151.214906,69,0,2,1,1,0,0,0,2,0,7,50,2,204,204,1,5,36,2,0,0,0,0
1239993,3,2020,2020,1,2,10,195,27,46,186,0,1,10,-33.929146,150.847137,41,0,2,1,3,0,0,0,0,2,7,70,2,5929,5929,1,5,5,2,0,0,0,0
1239996,3,2020,2020,1,6,8,85,31,219,34609,0,1,9,-32.902587,151.670739,48,0,2,1,3,0,0,0,2,0,7,60,0,5929,5929,1,10,13,2,0,0,0,0
1240007,3,2020,2020,5,3,10,12,27,10,34609,0,1,1,-32.953841,151.711606,37,0,2,0,3,0,0,0,0,0,7,50,0,1957,4009,8,30,40,1,0,0,0,0
1240010,3,2020,2020,1,4,3,20,10,55,91,0,1,2,-35.377648,149.186985,58,2,1,1,3,0,0,0,1,0,7,80,2,1391,1391,1,10,5,3,0,0,0,0
1240011,3,2020,2020,1,2,4,18,27,7,41,0,1,1,-33.353753,148.917853,11,2,1,0,3,0,1,5,2,0,7,80,1,4552,5151,8,0,40,1,0,0,0,0
1240013,3,2020,2020,1,5,6,485,31,169,769,0,1,10,-33.598903,150.755354,29,2,2,1,3,0,0,0,2,0,0,60,2,6545,6545,4,5,36,2,0,0,0,0
1240014,3,2020,2020,1,2,9,80,31,176,159,0,1,9,-33.95279,151.135716,4,0,2,0,3,0,0,0,0,2,7,60,2,14295,14295,3,10,5,2,0,0,0,0
1240016,3,2020,2020,1,2,11,13,10,1,34609,0,1,1,-32.336193,152.541263,43,2,1,0,0,0,0,0,0,0,7,50,0,2585,4009,1,5,12,2,0,0,0,0
1240019,3,2020,2020,1,5,6,34,27,225,3342,0,1,10,-33.796057,151.177903,77,0,2,1,3,0,0,0,2,2,7,60,2,14295,14295,3,9,19,2,0,0,0,0
1240021,3,2020,2020,1,2,0,280,10,46,240,0,1,10,-33.880535,150.966509,24,0,2,1,2,0,3,2,0,2,7,60,2,9859,9859,8,5,40,1,0,0,0,0
1240037,3,2020,2020,1,4,2,26,27,41,34609,0,1,7,-35.127279,147.343349,75,2,1,1,2,0,0,0,0,0,0,60,0,489,489,8,34,40,1,0,0,0,0
1240038,3,2020,2020,1,0,6,50,27,169,382,0,1,9,-33.774994,150.838625,7,0,2,1,1,0,0,0,2,0,0,60,2,2852,2852,4,5,36,2,0,0,0,0
1240040,3,2020,2020,1,4,10,51,27,74,45,0,1,10,-33.744074,150.834814,7,0,2,1,2,0,0,0,0,2,7,60,1,5929,5929,1,5,13,2,0,0,0,0
1240050,3,2020,2020,1,2,11,3,27,136,34609,0,1,1,-33.911576,151.076637,15,0,2,1,2,0,0,0,0,0,7,50,0,9859,9859,1,0,12,3,0,0,0,0
1240051,3,2020,2020,5,4,8,49,27,201,47,0,1,7,-33.994835,150.875275,13,0,2,1,2,0,0,0,3,0,0,60,1,5929,5929,1,5,0,2,0,0,0,0
1240070,3,2020,2020,5,2,11,165,31,532,16,0,1,10,-33.874367,151.206803,69,0,2,1,2,0,0,0,0,2,7,40,1,14295,14295,3,5,13,2,0,0,0,0
1240091,3,2020,2020,1,2,6,3371,17,53,3342,0,1,2,-33.767378,151.157477,36,0,2,1,1,0,0,0,2,0,7,60,2,387,387,1,33,5,2,0,0,0,0
1240094,3,2020,2020,11,4,9,33,27,120,154,0,1,10,-33.772965,150.874105,7,0,2,1,3,0,0,0,3,2,7,60,1,6545,6545,4,21,5,2,0,0,0,0
1240095,3,2020,2020,1,1,9,20,31,169,34609,0,1,1,-33.901347,151.208048,69,0,2,1,3,0,0,0,0,0,7,40,0,1981,1981,4,5,19,2,0,0,0,0
1240096,3,2020,2020,11,6,8,866,17,247,793,0,1,9,-33.833294,150.959411,21,0,2,1,3,0,0,0,3,0,7,70,2,14295,14295,3,0,5,2,0,0,0,0
1240100,3,2020,2020,5,0,6,481,17,48,483,0,1,9,-33.923612,147.211079,51,2,1,1,0,0,0,0,2,0,0,50,2,2852,2852,4,10,41,2,0,0,0,0
1240103,3,2020,2020,1,2,4,52,31,149,34609,0,1,0,-33.862644,151.1688,32,0,2,1,3,0,0,0,2,0,7,40,0,1391,1391,1,5,0,2,0,0,0,0
1240105,3,2020,2020,1,4,10,89,36,13,81,0,1,1,-34.25626,148.671204,30,1,0,1,3,0,0,0,0,0,7,100,2,4026,4026,8,29,40,1,0,0,0,0
1240108,3,2020,2020,11,5,4,1,1,193,34609,0,1,1,-33.790484,151.092335,61,0,2,1,3,0,0,0,2,0,7,50,0,9859,9859,8,0,40,1,0,0,0,0
1240109,3,2020,2020,11,6,8,177,22,239,176,0,1,9,-34.043676,151.126457,68,0,2,1,3,0,0,0,2,0,0,70,2,14295,14295,3,5,0,2,0,0,0,0
1240111,3,2020,2020,1,0,5,21,31,65,34609,0,1,1,-33.701679,151.295446,50,0,2,1,3,0,0,0,2,0,7,50,0,1981,1981,4,0,19,2,0,0,0,0
1240112,3,2020,2020,11,6,6,15,10,121,34609,0,1,1,-28.203312,153.535757,72,2,1,0,3,0,0,0,2,0,7,50,0,14295,14295,3,9,5,2,0,0,0,0
1240115,3,2020,2020,1,2,8,24,31,169,34609,0,1,9,-33.596294,150.753871,29,2,2,1,3,0,0,0,2,0,0,50,0,256,256,4,10,5,2,0,0,0,0
1240117,3,2020,2020,11,0,7,515,14,166,518,0,1,3,-33.943674,150.993088,15,0,2,1,3,0,3,3,2,0,7,100,2,14295,14295,3,5,0,2,0,0,0,0
1240118,3,2020,2020,1,0,4,100,27,109,799,0,1,1,-33.902935,151.143123,32,0,2,0,3,0,0,0,2,0,7,60,2,14295,14295,3,30,10,2,0,0,0,0
1240121,3,2020,2020,1,0,11,1,27,3,34609,0,1,1,-35.951668,146.275922,51,1,0,1,0,0,3,4,0,0,7,100,0,945,945,5,3,40,1,0,0,0,0
1240124,3,2020,2020,11,5,10,2,13,83,34609,0,1,1,-30.109365,153.20437,19,2,1,0,2,0,0,3,0,0,7,50,0,4552,5151,1,5,12,3,0,0,0,0
1240126,3,2020,2020,1,3,6,10,31,253,34609,0,1,1,-33.965842,151.108137,25,0,2,1,1,0,0,0,2,0,7,50,0,387,387,1,33,0,2,0,0,0,0
1240129,3,2020,2020,5,3,4,19,31,16,34609,0,1,1,-32.827086,151.413925,17,2,1,1,1,0,3,4,2,0,7,50,0,4026,4026,1,5,5,2,0,0,0,0
1240132,3,2020,2020,1,2,9,97,27,271,799,0,1,2,-33.935907,151.010855,15,0,2,1,2,0,0,0,0,0,7,70,2,14295,14295,3,21,5,2,0,0,0,0
1240135,3,2020,2020,1,3,2,2,10,433,34609,0,1,1,-33.25003,149.093938,52,2,1,0,2,0,0,0,0,0,7,50,0,2585,4009,1,5,0,2,0,0,0,0
1240142,3,2020,2020,1,3,8,35,27,100,34609,0,1,9,-33.895014,150.881799,24,0,2,1,0,0,0,0,2,0,7,60,0,1669,1669,3,5,13,2,0,0,0,0
1240143,3,2020,2020,1,0,1,2,27,57,34609,0,1,1,-33.449403,151.368707,16,2,2,1,2,0,0,0,0,0,7,50,0,9859,9859,1,30,0,2,0,0,0,0
1240153,3,2020,2020,1,3,10,2,27,11,34609,0,1,1,-35.167652,147.342738,75,2,1,0,3,0,0,0,0,0,7,50,0,1259,5151,8,5,40,1,0,0,0,0
1240154,3,2020,2020,1,2,7,308,14,127,311,0,1,3,-33.840612,150.855461,24,0,2,1,3,0,0,0,2,0,7,100,2,14295,14295,3,5,13,2,0,0,0,0
1240161,3,2020,2020,1,4,5,59,27,370,53,0,1,9,-34.071023,150.803099,13,0,2,1,3,0,0,0,2,0,0,60,2,2852,2852,4,5,5,2,0,0,0,0
1240162,3,2020,2020,11,4,9,63,17,8,63,0,1,1,-34.102237,142.001363,51,1,0,0,3,0,0,0,0,0,7,100,2,1089,1089,7,5,40,1,0,0,0,0
1240169,3,2020,2020,11,6,5,330,27,147,605,0,1,9,-33.745112,151.294264,50,0,2,1,3,0,0,0,2,2,7,60,2,14295,14295,3,5,13,3,0,0,0,0
1240170,3,2020,2020,1,3,8,1,27,2,34609,0,1,1,-32.296026,152.435939,43,1,0,0,3,2,0,0,3,0,7,100,0,782,957,5,10,40,1,0,0,0,0
1240171,3,2020,2020,11,0,3,82,31,39,34609,0,1,9,-33.847478,151.212983,49,0,2,1,3,0,0,0,2,3,7,50,0,1669,1669,3,5,12,2,0,0,0,0
1240192,3,2020,2020,1,5,8,13,27,6,143,0,1,1,-34.687648,149.693127,26,1,0,0,3,0,0,0,0,0,7,100,2,4552,5151,8,5,40,1,0,0,0,0
1240198,3,2020,2020,1,0,10,1,31,18,34609,0,1,1,-29.437938,147.976724,51,2,1,1,2,0,0,0,0,0,7,50,0,1669,1669,3,5,0,2,0,0,0,0
1240203,3,2020,2020,1,3,6,4,31,232,34609,0,1,9,-33.696665,150.930099,71,0,2,1,3,0,0,0,2,0,7,50,0,1109,787,1,0,5,2,0,0,0,0
1240208,3,2020,2020,1,3,6,35,18,134,34609,0,1,1,-33.51558,151.320375,16,2,2,1,0,2,0,0,2,0,7,50,0,9859,9859,8,10,40,2,0,0,0,0
1240225,3,2020,2020,1,3,9,85,10,167,702,0,1,9,-33.856536,151.070977,54,0,2,1,3,0,0,0,0,3,7,80,2,404,404,8,30,40,1,0,0,0,0
1240226,3,2020,2020,1,4,3,222,27,54,40,0,1,1,-33.640605,150.884739,71,0,2,1,3,0,0,1,1,0,7,80,1,9859,9859,8,10,40,1,0,0,0,0
1240227,3,2020,2020,5,5,9,6,1,65,34609,0,1,1,-33.710242,151.294007,50,0,2,1,2,0,3,4,0,0,7,50,0,9859,9859,8,9,40,1,0,0,0,0
1240233,3,2020,2020,6,4,3,8,31,7,34609,1,0,1,-33.42707,149.648816,3,2,1,1,3,0,1,1,1,0,7,50,0,175,188,8,5,40,1,0,0,0,0
1240234,3,2020,2020,1,2,11,82,27,84,181,0,1,9,-33.895574,151.272709,76,0,2,0,3,0,0,0,0,0,0,50,2,1850,1463,5,16,40,1,0,0,0,0
1240235,3,2020,2020,1,3,0,119,31,646,34609,0,1,1,-33.911754,151.019638,15,0,2,1,3,0,0,0,0,0,7,50,0,9859,9859,1,5,5,3,0,0,0,0
1240248,3,2020,2020,1,1,6,19,27,164,65,0,1,9,-33.716598,150.892691,7,0,2,1,3,0,0,0,2,2,7,60,1,2852,2852,4,5,36,2,0,0,0,0
1240250,3,2020,2020,1,2,8,63,31,562,34609,0,1,9,-32.244978,148.649026,22,2,1,1,3,0,0,0,2,0,0,60,0,150,150,4,5,5,2,0,0,0,0
1240251,3,2020,2020,11,0,7,22,31,64,61,0,1,7,-33.885078,151.03566,21,0,2,1,3,0,3,4,2,0,0,50,1,6545,6545,4,5,5,2,0,0,0,0
1240253,3,2020,2020,1,3,9,9,27,65,42,0,1,9,-32.932398,151.780353,48,0,2,1,3,0,0,0,3,0,0,50,1,2852,2852,4,5,19,2,0,0,0,0
1240266,3,2020,2020,1,3,4,171,27,143,38,0,1,10,-33.875138,151.097711,9,0,2,1,1,0,0,0,2,2,7,50,1,14295,14295,3,5,5,3,0,0,0,0
1240272,3,2020,2020,1,4,9,6,27,90,34609,1,0,1,-33.793951,150.959543,54,0,2,1,2,0,0,0,0,0,7,50,0,190,190,1,5,5,3,0,0,0,0
1240275,3,2020,2020,5,0,5,11,31,207,34609,0,1,1,-31.941203,141.4754,51,2,1,1,0,0,0,0,2,0,7,50,0,4026,4026,8,5,40,1,0,0,0,0
1240286,3,2020,2020,1,6,4,45,27,68,34609,0,1,1,-33.880611,151.24433,81,0,2,1,1,0,0,0,2,0,7,50,0,9859,9859,1,9,5,2,0,0,0,0
1240290,3,2020,2020,5,4,11,2,1,29,34609,0,1,9,-35.100351,150.619534,63,2,1,0,2,0,0,0,0,0,7,50,0,2585,4009,8,34,40,1,0,0,0,0
1240309,3,2020,2020,1,0,2,12,25,113,34609,0,1,1,-29.474625,149.832128,51,2,1,1,2,0,3,0,0,0,7,50,0,9859,9859,8,5,40,1,0,0,0,0
1240310,3,2020,2020,5,2,8,3,31,54,34609,0,1,9,-33.869011,150.869385,24,0,2,1,1,0,3,4,3,0,7,50,0,5929,5929,1,5,5,2,0,0,0,0
1240313,3,2020,2020,6,0,11,2,27,70,34609,0,1,1,-33.254329,151.495312,16,2,2,1,2,0,0,0,0,0,7,50,0,9859,9859,1,5,5,2,0,0,0,0
1240319,3,2020,2020,1,0,2,283,27,91,702,0,1,10,-33.965185,151.09408,25,0,2,1,0,0,0,0,1,3,9,60,2,9859,9859,8,9,40,1,0,0,0,0
1240323,3,2020,2020,5,0,9,829,27,165,770,0,1,2,-33.843112,151.148868,14,0,2,1,2,0,0,0,0,0,7,70,2,1282,1282,1,5,5,4,0,0,0,0
1240325,3,2020,2020,1,2,8,4,27,21,34609,0,1,1,-33.04802,151.595012,37,0,2,0,3,0,0,0,2,0,7,50,0,1259,5151,8,5,40,1,0,0,0,0
1240329,3,2020,2020,1,1,7,22,31,215,34609,0,1,10,-35.108007,147.362523,75,2,1,1,3,0,0,0,2,0,15,50,0,6545,6545,4,5,5,2,0,0,0,0
1240330,3,2020,2020,1,1,7,3371,17,13,3342,0,1,2,-30.866721,152.927725,34,1,0,1,3,0,3,0,2,0,7,100,2,9859,9859,8,5,40,1,0,0,0,0
1240332,3,2020,2020,11,5,8,16,31,165,34609,0,1,10,-32.271013,150.886294,46,2,1,1,3,0,0,0,2,0,0,50,0,6545,6545,4,5,5,2,0,0,0,0
1240340,3,2020,2020,1,3,8,14,2,234,34609,0,1,10,-34.279805,146.072016,28,2,1,1,3,0,0,0,2,0,0,50,0,6545,6545,4,5,0,2,0,0,0,0
1240341,3,2020,2020,1,2,8,195,27,40,186,0,1,2,-33.948907,150.83862,41,0,2,1,3,0,0,0,2,0,7,70,2,1391,1391,1,5,5,3,0,0,0,0
1240342,3,2020,2020,1,3,5,10,31,64,34609,0,1,10,-34.038234,150.734202,12,0,2,1,3,0,0,0,2,2,7,60,0,5929,5929,1,5,5,2,0,0,0,0
1240348,3,2020,2020,1,1,10,4,27,562,34609,0,1,1,-32.20059,148.721329,22,1,0,0,3,2,0,0,0,0,7,100,0,4552,5151,8,5,40,1,0,0,0,0
1240368,3,2020,2020,1,3,9,2,27,79,34609,0,1,1,-33.578898,150.70903,29,2,2,0,2,0,3,4,0,0,7,50,0,4552,5151,8,10,40,1,0,0,0,0
1240405,3,2020,2020,11,5,3,475,10,42,268,0,1,1,-33.879774,150.81327,55,0,2,1,3,0,0,0,1,0,15,80,2,1981,1981,4,9,5,2,0,0,0,0
1240407,3,2020,2020,11,6,6,128,27,61,133,0,1,1,-33.781079,150.651669,55,0,2,1,3,0,0,0,2,0,7,80,2,14295,14295,3,8,10,2,0,0,0,0
1240408,3,2020,2020,1,1,3,2261,17,228,2252,0,1,2,-34.773271,149.754111,26,1,0,0,3,0,0,0,1,0,7,110,2,14295,14295,3,3,35,2,0,0,0,0
1240411,3,2020,2020,1,0,7,478,17,50,480,0,1,7,-33.239897,151.565464,16,2,2,1,3,0,0,0,2,0,0,60,2,5929,5929,1,5,5,2,0,0,0,0
1240414,3,2020,2020,11,6,6,44,31,160,260,0,1,9,-33.109719,151.485943,37,0,2,1,3,0,0,0,2,2,7,50,2,14295,14295,3,5,5,3,0,0,0,0
1240415,3,2020,2020,1,3,7,3371,17,58,3342,0,1,9,-32.791356,151.72466,57,2,1,1,3,0,0,0,2,2,7,80,2,14295,14295,3,0,36,2,0,0,0,0
1240419,3,2020,2020,1,6,5,44,27,75,34609,0,1,1,-33.88303,151.118314,32,0,2,1,1,0,0,0,2,0,7,50,0,4026,4026,1,29,5,2,0,0,0,0
1240420,3,2020,2020,1,0,9,4,31,155,34609,0,1,1,-33.495331,151.313483,16,2,2,0,2,0,0,0,0,0,7,50,0,1957,4009,1,34,5,2,0,0,0,0
1240421,3,2020,2020,1,3,2,2209,17,35,2205,0,1,1,-35.522782,150.309195,63,1,0,0,0,0,0,0,1,0,7,100,2,3775,3775,0,33,36,2,0,0,0,0
1240442,3,2020,2020,5,2,1,2261,17,523,2252,0,1,10,-33.924242,150.918383,41,0,2,1,2,0,0,0,0,2,7,60,2,6545,6545,4,5,5,2,0,0,0,0
1240444,3,2020,2020,1,0,8,67,27,165,78,0,1,9,-33.85187,151.153327,14,0,2,1,0,0,0,0,2,0,4,50,2,4026,4026,8,5,40,1,0,0,0,0
1240447,3,2020,2020,1,5,6,5,23,21,34609,1,0,9,-34.378789,150.904586,80,0,2,1,0,0,0,0,2,0,7,50,0,9859,9859,8,5,40,1,0,0,0,0
1240448,3,2020,2020,1,0,9,35,27,26,49,0,1,1,-31.48014,150.669697,51,1,0,1,0,0,3,3,0,0,7,100,1,1089,1089,7,0,40,1,0,0,0,0
1240450,3,2020,2020,1,1,10,85,31,228,39,0,1,2,-34.758572,149.708822,26,2,1,1,2,0,0,0,0,0,7,60,2,9859,9859,1,8,5,2,0,0,0,0
1240452,3,2020,2020,1,2,5,2126,17,363,2149,0,1,10,-33.820265,151.003978,54,0,2,0,1,0,0,0,2,2,7,60,2,395,395,1,33,0,2,0,0,0,0
1240464,3,2020,2020,11,5,0,205,27,161,415,0,1,2,-33.723373,151.170795,36,0,2,0,2,0,3,0,0,0,7,60,2,1850,1463,5,5,40,1,0,0,0,0
1240474,3,2020,2020,6,5,5,59,31,237,34609,0,1,1,-33.872423,150.955068,24,0,2,0,1,0,0,0,2,0,7,40,0,220,220,1,8,5,2,0,0,0,0
1240485,3,2020,2020,5,1,7,2126,17,33,2149,0,1,10,-33.718751,150.441573,8,2,2,0,1,0,3,2,2,1,7,70,2,2585,4009,8,3,40,1,0,0,0,0
1240488,3,2020,2020,1,0,7,191,17,32,189,0,1,1,-32.146618,150.376702,73,1,0,1,3,0,3,4,2,0,7,100,2,9859,9859,8,5,40,1,0,0,0,0
1240492,3,2020,2020,1,6,10,222,27,111,34609,0,1,9,-33.6885,150.882675,7,0,2,1,3,0,0,0,0,0,15,60,0,6545,6545,4,5,5,2,0,0,0,0
1240498,3,2020,2020,1,1,7,916,17,91,917,0,1,2,-32.795668,151.635279,48,0,2,1,3,0,0,0,2,0,7,60,2,14295,14295,3,5,36,2,0,0,0,0
1240500,3,2020,2020,1,3,8,31,27,85,41,0,1,10,-33.720043,151.142797,36,0,2,1,3,0,0,0,2,2,7,50,1,14295,14295,3,5,5,3,0,0,0,0
1240502,3,2020,2020,1,5,8,82,31,179,369,0,1,9,-33.75796,150.711838,55,0,2,1,3,0,0,0,2,0,7,70,2,301,301,4,0,0,2,0,0,0,0
1240503,3,2020,2020,11,0,3,346,17,44,332,0,1,1,-28.814415,153.399298,2,2,1,1,3,0,0,3,2,0,7,80,2,14295,14295,3,10,36,2,0,0,0,0
1240505,3,2020,2020,11,5,8,3371,17,6,3342,0,1,2,-33.181252,151.595283,16,2,2,1,3,0,0,0,3,0,7,80,2,3775,3775,0,5,12,2,0,0,0,0
1240512,3,2020,2020,11,6,8,89,36,68,81,0,1,1,-34.667841,148.820101,82,1,0,1,3,0,0,0,2,0,7,100,2,9859,9859,8,10,40,1,0,0,0,0
1240515,3,2020,2020,11,4,8,1104,14,74,962,0,1,3,-33.769889,150.666763,55,0,2,1,3,0,0,0,2,0,7,110,2,14295,14295,3,5,13,2,0,0,0,0
1240517,3,2020,2020,1,1,3,35,1,63,165,0,1,9,-33.735333,150.799484,7,0,2,1,3,0,0,0,2,2,7,60,1,4552,985,1,8,5,2,0,0,0,0
1240526,3,2020,2020,1,1,11,3,31,10,34609,0,1,1,-31.93355,152.409812,43,2,1,0,0,0,0,0,0,0,7,50,0,2585,4009,8,10,40,1,0,0,0,0
1240552,3,2020,2020,1,5,6,17,31,61,34609,0,1,10,-35.526871,144.95744,51,2,1,1,3,0,0,0,2,0,0,50,0,6545,6545,4,5,5,2,0,0,0,0
1240555,3,2020,2020,1,1,4,44,31,160,260,0,1,1,-33.109029,151.486834,37,0,2,1,3,0,0,0,2,0,7,50,2,941,941,1,10,5,2,0,0,0,0
1240556,3,2020,2020,1,4,8,6,1,234,61,0,1,1,-34.298403,146.048387,28,2,1,0,3,0,0,3,2,0,7,60,2,1850,1463,5,10,40,1,0,0,0,0
1240557,3,2020,2020,1,0,7,23,27,164,21,0,1,9,-33.735723,150.88178,7,0,2,1,3,0,0,0,2,0,0,60,1,5929,5929,1,5,5,2,0,0,0,0
1240561,3,2020,2020,11,4,2,2,27,1,34609,0,1,1,-32.114473,150.981112,73,2,1,1,3,0,0,0,0,0,7,80,0,1089,1089,7,10,40,1,0,0,0,0
1240569,3,2020,2020,1,2,8,2209,17,68,2205,0,1,10,-34.0795,151.010809,68,0,2,1,3,2,0,0,3,2,7,70,2,1391,1391,1,5,5,2,0,0,0,0
1240572,3,2020,2020,1,1,7,4,31,20,260,0,1,9,-33.082087,151.502449,37,0,2,1,3,0,0,0,2,0,7,60,2,186,186,1,10,12,2,0,0,0,0
1240575,3,2020,2020,1,2,4,296,27,187,293,0,1,10,-33.883692,150.976526,15,0,2,1,3,0,0,0,2,2,7,60,2,14295,14295,3,5,0,2,0,0,0,0
1240584,3,2020,2020,1,3,10,41,10,117,84,0,1,1,-28.18288,153.536515,72,2,1,1,2,0,0,0,0,0,7,50,1,9859,9859,1,0,5,2,0,0,0,0
1240596,3,2020,2020,1,0,7,3,1,232,34609,1,2,1,-33.680162,150.920003,71,0,2,1,1,0,3,4,2,0,7,40,0,9859,9859,1,0,13,2,0,0,0,0
1240600,3,2020,2020,1,3,8,22,27,151,34609,0,1,7,-34.032272,150.849023,13,0,2,1,2,0,3,4,0,0,0,50,0,5929,5929,1,5,0,2,0,0,0,0
1240605,3,2020,2020,1,2,7,3371,17,58,3342,1,0,10,-33.760704,151.154822,36,0,2,1,1,0,0,0,2,2,7,60,2,5929,5929,1,5,0,2,0,0,0,0
1240615,3,2020,2020,1,2,6,2261,17,23,2252,0,1,2,-34.809823,148.689313,82,1,0,1,0,0,0,0,2,0,7,110,2,9859,9859,8,5,40,1,0,0,0,0
1240617,3,2020,2020,1,3,9,5,1,33,34609,0,1,1,-33.801115,151.093654,61,0,2,0,2,0,0,0,0,0,7,50,0,2585,4009,8,9,40,1,0,0,0,0
1240651,3,2020,2020,6,2,5,308,14,252,311,0,1,3,-33.937694,150.878258,41,0,2,0,0,0,0,0,2,0,7,100,2,4552,5151,8,5,40,1,0,0,0,0
1240685,3,2020,2020,1,3,8,293,27,438,34609,1,0,1,-33.84823,151.032509,21,0,2,1,1,0,0,0,2,0,7,50,0,9859,9859,1,5,0,2,0,0,0,0
1240693,3,2020,2020,5,3,8,1,31,104,34609,0,1,9,-33.788374,150.774588,55,0,2,1,2,0,3,4,0,0,7,50,0,489,489,8,5,40,1,0,0,0,0
1240699,3,2020,2020,1,2,9,44,27,89,38,0,1,1,-33.867906,150.889318,24,0,2,1,1,0,0,0,2,0,7,60,1,9859,9859,1,33,13,3,0,0,0,0
1240707,3,2020,2020,1,0,7,296,27,283,293,0,1,10,-33.834704,151.001928,21,0,2,1,1,0,0,0,2,2,6,70,2,1109,397,1,5,13,2,0,0,0,0
1240708,3,2020,2020,1,5,0,2209,17,157,2205,0,1,9,-34.012817,151.094157,68,0,2,1,3,0,3,0,0,0,7,70,2,4026,4026,1,5,5,2,0,0,0,0
1240710,3,2020,2020,11,5,3,1,27,43,34609,0,1,1,-33.73221,150.777342,7,0,2,1,3,0,0,0,2,0,7,50,0,1109,787,1,5,13,2,0,0,0,0