Crash ID,Degree of crash - detailed,Reporting year,Year of crash,Month of crash,Day of week of crash,Two-hour intervals,Street of crash,Street type,Town,Route no.,School zone location,School zone active,Type of location,Latitude,Longitude,LGA,Urbanisation,Conurbation 1,Alignment,Street lighting,Road surface,Surface condition,Weather,Natural lighting,Signals operation,Other traffic control,Speed limit,Road classification,RUM - code,DCA - code,First impact type,Key TU type,Other TU type,No. of traffic units involved,No. killed,No. seriously injured,No. moderately injured,No. minor-other injured
1240732,3,2020,2020,11,4,7,1,31,251,34609,0,1,1,-33.760421,150.947272,7,0,2,1,0,0,0,0,2,0,7,50,0,3775,3775,0,0,5,2,0,0,0,0
1240733,3,2020,2020,11,2,6,3371,17,63,3342,0,1,7,-28.186169,153.524233,72,2,1,1,1,0,0,0,2,0,0,50,2,14295,14295,3,16,5,2,0,0,0,0
1240735,3,2020,2020,1,1,4,485,27,52,769,0,1,9,-33.696878,150.927401,7,0,2,1,2,0,0,0,2,2,7,80,2,926,926,4,0,13,2,0,0,0,0
1240745,3,2020,2020,1,1,8,196,10,33,168,0,1,2,-33.966747,151.035177,15,0,2,1,0,0,0,0,2,0,7,70,2,1192,1192,1,10,0,2,0,0,0,0
1240756,3,2020,2020,11,2,4,12,24,29,34609,0,1,9,-33.722651,150.733164,55,0,2,1,0,0,0,0,2,0,7,50,0,1957,777,8,30,40,1,0,0,0,0
1240766,3,2020,2020,5,4,1,78,31,179,34609,0,1,9,-31.890166,152.458905,43,2,1,1,2,0,0,0,0,0,0,50,0,4552,985,8,5,40,1,0,0,0,0
1240767,3,2020,2020,11,6,6,12,31,77,34609,0,1,1,-33.885488,151.201829,69,0,2,1,1,0,3,4,2,0,7,10,0,2040,2040,9,5,26,2,0,0,0,0
1240771,3,2020,2020,1,2,0,26,31,77,34609,0,1,9,-33.03323,151.659039,37,0,2,1,2,0,0,0,0,0,7,50,0,489,489,8,5,40,1,0,0,0,0
1240779,3,2020,2020,5,6,8,147,27,72,605,1,0,2,-33.830719,151.225306,49,0,2,1,2,0,0,0,3,0,7,60,2,14295,14295,3,33,36,2,0,0,0,0
1240786,3,2020,2020,6,5,0,68,27,110,67,1,0,2,-33.775127,151.023325,54,0,2,0,2,0,3,4,0,0,7,60,1,1957,4009,8,5,40,1,0,0,0,0
1240797,3,2020,2020,11,0,7,3371,17,52,3342,0,1,1,-33.262567,151.463092,16,2,2,1,1,0,3,3,2,0,7,70,2,14295,14295,3,0,0,2,0,0,0,0
1240806,3,2020,2020,1,6,1,2209,17,201,2205,0,1,10,-34.887613,150.604566,63,2,1,1,2,0,0,0,0,2,7,70,2,4552,985,8,34,40,1,0,0,0,0
1240813,3,2020,2020,6,1,6,30,31,283,34609,0,1,9,-33.842613,151.010315,21,0,2,1,0,0,0,0,2,0,7,50,0,256,256,4,5,0,2,0,0,0,0
1240820,3,2020,2020,5,0,5,829,27,159,770,0,1,2,-33.810594,151.093876,61,0,2,0,0,0,0,0,2,0,7,60,2,623,623,3,30,0,2,0,0,0,0
1240825,3,2020,2020,5,0,8,916,17,32,917,0,1,2,-32.629185,151.228039,64,1,0,1,0,0,0,3,0,0,7,100,2,4026,4026,8,34,40,1,0,0,0,0
1240831,3,2020,2020,1,2,8,4,31,445,34609,0,1,1,-33.84919,151.047331,21,0,2,1,1,0,3,4,2,0,7,50,0,1981,1981,4,10,5,2,0,0,0,0
1240837,3,2020,2020,5,3,3,77,10,73,331,0,1,1,-34.196802,150.608224,79,2,2,0,2,0,3,4,0,0,7,60,1,4552,5151,8,5,40,1,0,0,0,0
1240843,3,2020,2020,1,0,11,478,17,89,480,1,0,2,-33.371108,151.475157,16,2,2,1,3,0,0,0,0,2,9,60,2,9859,9859,8,5,40,1,0,0,0,0
1240846,3,2020,2020,11,6,9,1104,14,460,962,0,1,3,-33.826995,150.994139,54,0,2,1,3,0,3,4,3,0,7,90,2,1391,1391,1,0,5,3,0,0,0,0
1240848,3,2020,2020,11,2,5,24,31,169,34609,0,1,9,-33.596294,150.753871,29,2,2,1,3,0,0,0,2,0,0,50,0,6545,6545,4,5,5,2,0,0,0,0
1240849,3,2020,2020,11,0,7,38,1,30,34609,1,2,1,-31.054374,151.054647,70,2,1,1,3,0,0,0,2,0,7,40,0,1109,397,1,0,25,2,0,0,0,0
1240851,3,2020,2020,11,0,9,15,10,69,34609,0,1,7,-33.775602,150.981256,54,0,2,1,3,0,3,3,0,0,0,50,0,6545,6545,4,0,5,2,0,0,0,0
1240852,3,2020,2020,11,6,7,12,27,154,34609,1,0,7,-33.712977,150.961689,71,0,2,1,3,0,3,4,2,0,0,50,0,6545,6545,4,5,13,2,0,0,0,0
1240853,3,2020,2020,1,1,4,8,27,5,34609,0,1,1,-28.503097,153.461306,10,2,1,1,3,0,0,0,2,0,7,80,0,3775,3775,0,10,22,2,0,0,0,0
1240857,3,2020,2020,11,4,11,866,17,77,793,0,1,10,-33.731438,151.080387,31,0,2,1,3,0,3,4,0,2,7,70,2,2852,2852,4,5,5,2,0,0,0,0
1240859,3,2020,2020,11,4,8,153,27,290,147,0,1,9,-33.949352,151.116228,4,0,2,1,3,0,0,0,2,0,7,60,2,3775,3775,0,5,5,2,0,0,0,0
1240861,3,2020,2020,11,6,4,3,27,30,34609,0,1,9,-35.350943,149.207406,58,2,1,1,3,0,3,3,2,0,0,50,0,6545,6545,4,9,5,2,0,0,0,0
1240862,3,2020,2020,11,5,7,205,27,147,415,0,1,9,-33.738598,151.1523,36,0,2,1,3,0,0,0,2,2,7,60,2,5929,5929,1,10,5,2,0,0,0,0
1240863,3,2020,2020,11,2,7,68,27,110,67,0,1,1,-33.768731,151.030672,54,0,2,1,3,0,0,0,2,0,7,60,1,1669,1669,3,5,5,2,0,0,0,0
1240867,3,2020,2020,11,6,8,133,31,646,97,0,1,9,-33.917744,151.027496,15,0,2,1,3,0,3,4,2,0,0,60,1,1109,787,1,30,12,2,0,0,0,0
1240872,3,2020,2020,1,0,9,7,31,111,34609,0,1,10,-33.917926,151.256088,59,0,2,1,3,0,3,4,0,0,0,50,0,6545,6545,4,0,0,2,0,0,0,0
1240874,3,2020,2020,6,6,11,1,10,33,34609,0,1,1,-34.064205,150.734927,12,0,2,0,2,0,0,3,0,0,7,50,0,1259,5151,8,10,40,1,0,0,0,0
1240877,3,2020,2020,11,6,4,2209,17,64,2205,0,1,10,-34.383529,150.900309,80,0,2,1,3,0,3,4,2,2,7,80,2,14295,14295,3,10,13,2,0,0,0,0
1240878,3,2020,2020,11,3,4,3,10,46,34609,0,1,7,-28.821629,153.299274,39,2,1,1,3,0,3,3,2,0,0,50,0,1957,777,8,21,40,1,0,0,0,0
1240879,3,2020,2020,11,5,4,27,27,4,35,0,1,1,-28.901722,152.099596,51,1,0,0,3,2,0,0,2,0,7,100,1,2585,4009,8,0,40,1,0,0,0,0
1240886,3,2020,2020,11,2,11,19,27,87,34609,0,1,1,-33.684616,150.954589,71,0,2,1,3,0,0,0,0,0,7,60,0,9859,9859,8,5,40,1,0,0,0,0
1240888,3,2020,2020,11,0,10,23,27,20,91,0,1,9,-35.065549,149.252703,82,1,0,1,3,0,0,0,0,0,0,100,1,489,489,8,5,40,1,0,0,0,0
1240889,3,2020,2020,11,5,4,1,31,237,34609,0,1,9,-33.876011,150.95639,24,0,2,1,3,0,0,0,2,0,7,50,0,489,489,8,5,40,1,0,0,0,0
1240892,3,2020,2020,11,0,9,2126,17,44,2149,0,1,2,-33.76644,150.634869,8,2,2,0,3,0,3,3,3,0,7,70,2,1192,1192,1,5,0,2,0,0,0,0
1240893,3,2020,2020,1,1,9,330,27,108,605,0,1,9,-33.761264,151.274896,50,0,2,1,3,0,0,0,0,2,7,60,2,14295,14295,3,0,0,3,0,0,0,0
1240894,3,2020,2020,11,2,6,1,7,73,34609,0,1,9,-34.183174,150.604767,79,2,2,1,3,2,0,0,2,0,7,50,0,4552,985,8,10,40,1,0,0,0,0
1240899,3,2020,2020,11,4,11,13,23,32,34609,0,1,1,-32.949947,151.712866,48,0,2,1,3,0,3,0,0,0,7,50,0,237,397,1,5,5,3,0,0,0,0
1240900,3,2020,2020,11,2,3,1104,14,104,962,0,1,3,-33.830795,151.019908,54,0,2,1,3,0,3,0,2,0,7,90,2,9859,9859,8,5,40,1,0,0,0,0
1240901,3,2020,2020,11,0,8,57,1,147,34609,1,0,7,-33.867787,151.13555,14,0,2,0,3,0,0,0,2,0,0,50,0,5929,5929,1,16,5,2,0,0,0,0
1240905,3,2020,2020,11,0,5,234,27,323,217,0,1,9,-33.750581,150.99417,71,0,2,1,3,0,0,0,2,0,0,60,2,926,926,4,0,13,3,0,0,0,0
1240907,3,2020,2020,11,5,2,31,27,127,96,0,1,1,-33.89805,151.153639,32,0,2,1,3,0,0,0,1,0,7,60,2,9859,9859,1,10,5,5,0,0,0,0
1240910,3,2020,2020,1,5,2,3,1,284,34609,1,0,9,-33.909668,151.028687,15,0,2,1,2,0,0,0,0,0,7,50,0,9859,9859,1,9,5,5,0,0,0,0
1240911,3,2020,2020,11,1,3,126,27,370,168,0,1,2,-34.065407,150.795085,13,0,2,1,3,0,0,0,1,0,7,80,2,14295,14295,3,5,5,2,0,0,0,0
1240925,3,2020,2020,5,1,11,1,31,460,34609,0,1,1,-33.832072,150.987632,21,0,2,1,2,0,0,0,0,0,7,50,0,9859,9859,1,10,12,2,0,0,0,0
1240933,3,2020,2020,6,1,10,2261,17,346,2252,1,0,10,-33.891759,151.083419,67,0,2,1,2,0,0,0,0,2,7,60,2,6545,6545,4,30,5,2,0,0,0,0
1240936,3,2020,2020,6,2,10,2,7,78,34609,0,1,1,-33.420041,151.448029,16,2,2,0,2,0,3,3,0,0,7,50,0,2585,4009,8,5,40,1,0,0,0,0
1240937,3,2020,2020,11,5,5,3371,17,463,3342,0,1,9,-30.316157,153.091843,19,2,1,1,1,0,0,0,2,2,9,60,2,1981,1981,4,5,5,2,0,0,0,0
1240951,3,2020,2020,11,6,10,42,36,5,34609,0,1,1,-36.51398,148.546176,65,1,0,0,3,0,0,0,0,0,7,100,0,1089,1089,7,21,40,1,0,0,0,0
1240953,3,2020,2020,11,3,3,3371,17,53,3342,0,1,10,-32.925194,151.759388,48,0,2,1,3,0,0,0,2,2,7,60,2,5929,5929,1,5,5,2,0,0,0,0
1240954,3,2020,2020,11,5,0,5,23,100,34609,0,1,1,-33.88958,150.891538,24,0,2,1,3,0,0,0,0,0,7,50,0,1282,1282,1,5,5,2,0,0,0,0
1240955,3,2020,2020,11,6,8,1104,14,142,962,0,1,3,-33.827373,151.002694,54,0,2,1,3,0,3,4,2,0,7,90,2,4026,4026,8,30,40,1,0,0,0,0
1240956,3,2020,2020,11,1,6,191,27,175,208,0,1,1,-33.774266,151.083363,54,0,2,1,3,0,0,0,2,0,7,60,2,1109,787,1,5,5,2,0,0,0,0
1240960,3,2020,2020,11,1,8,12,27,58,43,0,1,1,-28.574804,153.530887,10,2,1,0,3,0,0,0,2,0,7,80,1,3775,3775,0,10,13,2,0,0,0,0
1240961,3,2020,2020,1,5,0,9,31,134,34609,0,1,1,-33.893796,151.247015,76,0,2,1,3,0,0,0,0,0,7,50,0,9859,9859,1,5,5,2,0,0,0,0
1240964,3,2020,2020,11,4,1,2,10,89,34609,0,1,1,-33.380464,151.458334,16,2,2,0,3,0,0,0,0,0,7,50,0,1957,4009,1,10,5,2,0,0,0,0
1240965,3,2020,2020,11,5,9,1,31,19,34609,0,1,1,-33.758906,151.093552,31,0,2,1,3,0,0,0,3,0,7,50,0,9859,9859,8,5,40,1,0,0,0,0
1240967,3,2020,2020,11,4,6,158,27,68,207,0,1,9,-33.878416,151.242147,81,0,2,0,3,0,0,0,2,2,7,60,2,5929,5929,1,5,5,2,0,0,0,0
1240970,3,2020,2020,11,4,4,387,27,91,331,0,1,9,-33.961022,151.076721,25,0,2,1,3,0,0,0,2,2,7,60,2,775,775,4,0,5,2,0,0,0,0
1240971,3,2020,2020,5,3,5,1052,14,21,928,0,1,3,-33.274994,151.405289,16,1,2,1,3,0,0,0,2,0,7,110,2,1383,1383,1,5,0,2,0,0,0,0
1240975,3,2020,2020,11,0,8,143,31,123,181,0,1,9,-33.886181,151.228946,69,0,2,1,3,0,3,4,2,0,15,50,2,1981,1981,4,5,5,2,0,0,0,0
1240977,3,2020,2020,11,5,4,168,10,387,260,0,1,9,-33.93584,151.192846,4,0,2,1,3,0,0,0,2,2,7,70,2,5929,5929,1,5,12,2,0,0,0,0
1240978,3,2020,2020,11,0,7,110,27,167,34609,0,1,2,-33.829999,151.072021,54,0,2,1,3,0,3,3,2,0,7,50,0,1383,1383,1,5,41,2,0,0,0,0
1240979,3,2020,2020,11,4,11,45,27,168,40,0,1,1,-33.690558,150.844235,7,0,2,1,3,0,0,0,0,0,7,70,2,14295,14295,3,10,13,2,0,0,0,0
1240981,3,2020,2020,1,3,0,8,27,113,34609,0,1,1,-33.784235,150.720864,55,0,2,1,3,0,0,0,0,0,7,60,0,9859,9859,8,5,40,1,0,0,0,0
1240982,3,2020,2020,1,2,6,165,31,128,369,0,1,9,-33.630161,150.793224,29,2,2,1,3,0,0,0,2,2,7,60,2,5929,5929,1,5,36,2,0,0,0,0
1240989,3,2020,2020,11,3,3,308,14,127,311,0,1,3,-33.829941,150.856551,24,0,2,0,1,0,0,0,2,0,7,100,2,1957,4009,8,0,40,1,0,0,0,0
1240993,3,2020,2020,1,3,9,9,27,39,34609,1,0,7,-32.733483,152.110116,57,2,1,1,2,0,0,0,0,0,0,50,0,78,78,8,5,40,1,0,0,0,0
1240999,3,2020,2020,8,2,0,2,27,115,34609,0,1,1,-33.879452,151.193704,69,0,2,0,2,0,3,0,0,0,7,50,0,4552,5151,1,5,5,4,0,0,0,0
1241009,3,2020,2020,1,1,10,1,31,149,34609,0,1,1,-33.821624,150.979689,21,0,2,1,2,0,0,0,0,0,7,50,0,9859,9859,1,5,5,2,0,0,0,0
1241011,3,2020,2020,5,1,7,2,31,438,34609,0,1,1,-33.864119,151.019909,21,0,2,1,2,0,0,0,2,0,7,50,0,1282,1282,1,33,5,2,0,0,0,0
1241015,3,2020,2020,11,0,7,829,27,309,770,0,1,2,-33.81393,151.096957,61,0,2,1,1,0,3,4,2,0,7,60,2,9859,9859,8,0,40,1,0,0,0,0
1241019,3,2020,2020,1,2,10,15,10,26,34609,0,1,1,-33.070697,151.588442,37,0,2,1,2,0,0,0,0,0,7,50,0,9859,9859,8,5,40,1,0,0,0,0
1241024,3,2020,2020,1,2,5,2126,17,438,2149,0,1,1,-33.836432,151.024287,21,0,2,1,1,0,0,0,2,0,7,60,2,14295,14295,3,5,5,2,0,0,0,0
1241029,3,2020,2020,1,0,9,294,17,215,288,0,1,1,-35.116437,147.351527,75,2,1,1,3,0,3,4,3,0,7,60,2,9859,9859,1,29,5,2,0,0,0,0
1241031,3,2020,2020,6,5,10,11,31,207,34609,0,1,1,-31.948154,141.464023,51,2,1,1,0,0,0,0,0,0,7,50,0,475,475,5,5,40,1,0,0,0,0
1241033,3,2020,2020,11,2,8,101,10,239,35,0,1,9,-34.033473,151.130117,68,0,2,0,3,0,0,0,2,0,7,60,2,14295,14295,3,0,13,3,0,0,0,0
1241038,3,2020,2020,11,3,7,175,27,609,220,0,1,2,-33.753025,150.915233,7,0,2,1,3,0,0,0,2,0,7,70,2,1981,1981,4,5,5,3,0,0,0,0
1241039,3,2020,2020,11,4,5,6,27,15,34609,0,1,1,-30.210551,153.028807,19,1,0,0,3,0,3,4,2,0,7,100,0,2585,4009,8,0,40,1,0,0,0,0
1241041,3,2020,2020,11,2,4,26,31,26,34609,0,1,10,-34.401397,150.485965,78,2,1,1,3,0,0,0,2,0,10,50,0,6545,6545,4,0,12,2,0,0,0,0
1241043,3,2020,2020,11,5,7,1,10,37,34609,0,1,1,-33.840219,150.759994,55,0,2,0,3,0,0,0,2,0,7,50,0,2585,4009,8,0,40,1,0,0,0,0
1241044,3,2020,2020,11,5,4,512,17,43,441,0,1,1,-32.545578,148.941734,22,2,1,1,3,0,0,0,2,0,7,50,2,9859,9859,1,10,5,4,0,0,0,0
1241047,3,2020,2020,11,5,9,2261,17,11,2252,0,1,2,-35.897286,147.167122,27,1,0,0,3,0,3,4,0,0,7,110,2,1089,1089,7,0,40,1,0,0,0,0
1241048,3,2020,2020,11,5,6,16,1,24,25,0,1,1,-33.627886,150.83445,29,2,2,1,3,0,0,0,2,0,7,60,2,941,941,1,30,13,2,0,0,0,0
1241049,3,2020,2020,11,2,6,11,31,273,34609,0,1,1,-34.435756,150.891836,80,0,2,1,3,0,0,0,2,0,7,50,0,14295,14295,3,5,5,3,0,0,0,0
1241051,3,2020,2020,1,2,10,1,27,48,34609,0,1,1,-29.056231,151.990637,51,2,1,0,3,0,0,0,0,0,7,80,0,1957,4009,8,30,40,1,0,0,0,0
1241055,3,2020,2020,11,2,3,175,27,66,220,0,1,2,-33.72137,150.932663,7,0,2,1,1,0,3,1,2,0,7,70,2,1945,1945,5,16,40,1,0,0,0,0
1241060,3,2020,2020,1,3,11,42,27,346,34609,0,1,9,-33.877216,151.079606,67,0,2,1,2,0,0,0,0,0,7,50,0,1282,1282,1,5,0,2,0,0,0,0
1241065,3,2020,2020,1,0,7,8,31,169,34609,0,1,1,-33.759768,150.837839,7,0,2,1,0,0,0,0,2,0,7,50,0,9859,9859,1,34,5,2,0,0,0,0
1241099,3,2020,2020,6,4,11,1,1,46,34609,0,1,1,-33.941495,151.110305,4,0,2,0,2,0,0,0,0,0,7,50,0,220,220,8,0,40,1,0,0,0,0
1241107,3,2020,2020,1,4,7,18,1,293,34609,0,1,10,-33.946407,151.238463,59,0,2,1,3,0,0,0,2,0,15,50,0,6545,6545,4,5,5,2,0,0,0,0
1241108,3,2020,2020,6,1,4,7,31,53,34609,0,1,9,-32.931006,151.764468,48,0,2,1,2,0,3,4,2,0,7,50,0,9859,9859,1,34,12,2,0,0,0,0
1241127,3,2020,2020,1,6,1,1,31,29,34609,0,1,7,-33.745454,150.790277,7,0,2,0,3,0,0,0,0,0,0,50,0,4552,985,8,5,40,1,0,0,0,0
1241131,3,2020,2020,6,2,7,24,27,8,34609,0,1,1,-32.931156,151.425739,17,2,1,0,0,0,0,0,2,0,7,80,0,3775,3775,0,10,5,2,0,0,0,0
1241134,3,2020,2020,11,3,9,6,27,316,34609,0,1,9,-31.447631,152.884196,56,2,1,1,3,0,0,0,0,0,7,50,0,945,945,5,5,40,1,0,0,0,0
1241140,3,2020,2020,11,2,7,30,27,646,34609,0,1,9,-33.932602,151.026596,15,0,2,1,3,0,0,0,2,0,7,50,0,1282,1282,1,5,5,2,0,0,0,0
1241141,3,2020,2020,11,6,5,6,31,124,34609,0,1,1,-33.81046,151.029346,54,0,2,1,3,0,3,4,2,0,7,50,0,217,217,1,9,5,2,0,0,0,0
1241142,3,2020,2020,11,4,7,175,27,55,220,0,1,10,-33.747529,150.916297,7,0,2,1,3,0,0,0,2,2,7,70,2,14295,14295,3,5,36,2,0,0,0,0
1241143,3,2020,2020,11,2,7,387,27,12,34609,0,1,1,-33.979793,151.045776,25,0,2,0,3,0,0,0,2,0,7,50,0,1957,4009,1,5,5,3,0,0,0,0
1241144,3,2020,2020,11,0,7,308,14,95,311,0,1,3,-33.73409,150.84875,7,0,2,1,3,0,0,0,2,0,7,100,2,14295,14295,3,0,41,2,0,0,0,0
1241145,3,2020,2020,11,1,5,234,27,112,217,0,1,9,-33.695998,151.028782,71,0,2,1,3,0,0,0,2,0,0,60,2,5929,5929,1,10,5,2,0,0,0,0
1241147,3,2020,2020,11,5,11,56,31,33,34609,0,1,10,-33.722794,150.4272,8,2,2,1,3,0,0,0,0,0,0,50,0,6545,6545,4,5,0,2,0,0,0,0
1241148,3,2020,2020,11,4,6,44,27,337,34609,0,1,1,-33.73352,150.976159,71,0,2,1,3,0,0,0,2,0,7,50,0,1981,1981,4,0,5,2,0,0,0,0
1241149,3,2020,2020,1,2,2,125,27,290,103,0,1,9,-33.863453,151.009277,21,0,2,0,3,0,0,0,4,2,7,60,1,1957,4009,8,5,40,1,0,0,0,0
1241150,3,2020,2020,11,5,2,109,27,169,382,0,1,1,-33.779862,150.85024,7,0,2,1,3,0,0,0,0,0,7,60,2,14295,14295,3,30,0,2,0,0,0,0
1241151,3,2020,2020,11,4,9,3371,17,16,3342,0,1,2,-31.24373,152.823119,34,1,0,1,3,0,3,4,0,0,7,100,2,4026,4026,8,34,40,1,0,0,0,0
1241152,3,2020,2020,1,6,6,475,10,12,268,0,1,1,-33.875025,150.763047,41,0,2,1,3,0,0,3,2,0,7,80,2,9859,9859,8,0,40,1,0,0,0,0
1241157,3,2020,2020,11,2,1,50,27,57,799,0,1,10,-33.899492,151.170934,32,0,2,1,3,0,3,0,0,2,7,60,2,6545,6545,4,0,5,2,0,0,0,0
1241158,3,2020,2020,11,4,9,2261,17,187,2252,0,1,10,-33.88956,150.973286,15,0,2,1,3,0,3,4,0,2,7,70,2,1282,1282,1,5,5,3,0,0,0,0
1241162,3,2020,2020,11,3,10,13,27,3,34609,0,1,1,-28.637208,153.276758,39,1,0,0,3,2,3,4,0,0,7,100,0,4552,5151,8,5,40,1,0,0,0,0
1241163,3,2020,2020,11,5,3,98,27,166,799,0,1,10,-33.929521,150.980326,15,0,2,1,3,0,0,0,1,2,7,70,2,14295,14295,3,30,5,2,0,0,0,0
1241164,3,2020,2020,1,3,1,2261,17,26,2252,0,1,3,-34.422355,150.475441,78,1,0,1,3,0,0,3,0,0,7,110,2,475,475,5,9,40,1,0,0,0,0
1241165,3,2020,2020,11,4,5,2126,17,90,2149,0,1,9,-33.707499,150.30687,8,2,2,1,3,0,0,3,2,2,7,70,2,301,301,4,5,0,2,0,0,0,0
1241167,3,2020,2020,11,5,3,20,22,121,49,0,1,9,-33.788102,151.287452,50,0,2,1,3,0,0,0,1,0,7,40,1,1391,1391,1,5,12,2,0,0,0,0
1241168,3,2020,2020,11,0,9,1,27,44,34609,0,1,9,-30.59405,152.964772,47,1,0,0,3,0,0,0,0,0,15,100,0,6545,6545,4,5,5,2,0,0,0,0
1241169,3,2020,2020,11,2,7,191,27,309,208,0,1,9,-33.816166,151.10928,61,0,2,1,3,0,0,0,2,0,7,60,2,1981,1981,4,30,5,2,0,0,0,0
1241171,3,2020,2020,11,4,6,3371,17,35,3342,0,1,9,-29.892333,153.059959,18,1,0,1,3,0,0,0,2,0,15,100,2,6545,6545,4,10,2,2,0,0,0,0
1241177,3,2020,2020,11,3,9,107,22,70,17,0,1,2,-34.027045,151.085991,68,0,2,1,2,0,0,0,0,0,7,60,1,9859,9859,1,34,5,3,0,0,0,0
1241178,3,2020,2020,11,1,8,43,27,136,76,0,1,9,-32.922325,151.715764,48,0,2,1,3,0,0,0,2,0,7,60,1,5929,5929,1,5,19,2,0,0,0,0
1241186,3,2020,2020,11,0,10,1,1,12,34609,0,1,2,-31.062691,150.906229,70,2,1,0,2,0,0,0,0,0,7,50,0,4552,5151,8,5,40,1,0,0,0,0
1241199,3,2020,2020,1,1,0,2,31,36,34609,0,1,1,-35.445352,149.804389,58,2,1,1,2,0,0,0,0,0,7,50,0,9859,9859,8,34,40,3,0,0,0,0
1241223,3,2020,2020,11,4,11,2126,17,363,2149,1,0,10,-33.818617,150.996395,54,0,2,1,2,0,0,0,0,2,7,60,2,2852,2852,4,0,5,2,0,0,0,0
1241226,3,2020,2020,1,2,3,16,31,166,34609,1,0,10,-33.896004,151.177986,32,0,2,1,2,0,3,1,0,0,15,50,0,945,945,5,5,40,1,0,0,0,0
1241234,3,2020,2020,1,0,8,97,31,460,92,0,1,9,-33.830226,150.993227,21,0,2,1,1,0,3,4,2,0,15,60,1,5929,5929,1,5,5,3,0,0,0,0
1241242,3,2020,2020,11,4,9,76,31,120,34609,0,1,1,-32.179169,152.515977,43,2,1,1,2,0,0,0,0,0,7,50,0,4026,4026,1,10,12,2,0,0,0,0
1241245,3,2020,2020,1,1,8,2261,17,26,2252,0,1,3,-34.432206,150.450436,78,1,0,1,3,0,0,0,2,0,7,110,2,9859,9859,8,10,40,1,0,0,0,0
1241246,3,2020,2020,11,5,4,118,31,304,34609,1,2,10,-33.905547,151.162295,32,0,2,1,3,0,0,0,2,0,15,40,0,941,941,1,5,5,2,0,0,0,0
1241247,3,2020,2020,11,1,3,133,27,20,260,0,1,1,-32.933345,151.634809,37,0,2,1,1,0,0,0,2,0,7,60,2,3775,3775,0,0,7,2,0,0,0,0
1241250,3,2020,2020,1,0,7,78,17,39,75,0,1,8,-33.844576,151.211514,49,0,2,1,0,0,0,0,2,0,7,70,2,475,475,5,5,40,1,0,0,0,0
1241265,3,2020,2020,6,0,5,222,27,523,34609,0,1,1,-33.935144,150.905152,41,0,2,1,1,0,0,0,2,0,7,50,0,43,43,3,5,13,2,0,0,0,0
1241287,3,2020,2020,1,1,8,13,27,128,34609,0,1,1,-33.423589,151.313476,16,2,2,0,3,0,3,3,4,0,7,50,0,2585,4009,8,9,40,1,0,0,0,0
1241316,3,2020,2020,11,1,2,222,27,14,34609,0,1,9,-34.936785,147.31566,75,1,0,0,3,2,0,1,0,0,7,100,0,2585,4009,8,10,40,1,0,0,0,0
1241320,3,2020,2020,1,0,4,9,31,48,34609,0,1,10,-32.910467,151.742322,48,0,2,1,1,0,0,0,2,0,0,50,0,926,926,4,5,0,2,0,0,0,0
1241326,3,2020,2020,5,3,7,137,14,55,70,0,1,3,-32.828512,151.528648,17,1,0,1,3,0,3,4,2,0,7,110,2,9859,9859,8,5,40,1,0,0,0,0
1241334,3,2020,2020,11,6,5,6,27,147,34609,0,1,1,-33.733664,151.139552,36,0,2,1,3,0,0,0,2,0,7,50,0,9859,9859,1,5,5,2,0,0,0,0
1241339,3,2020,2020,11,2,8,78,32,646,34609,0,1,1,-33.919778,151.046169,15,0,2,1,3,0,0,0,2,0,7,60,0,1981,1981,4,5,5,2,0,0,0,0
1241343,3,2020,2020,11,0,9,191,17,24,189,0,1,1,-32.031083,149.99992,73,1,0,1,3,0,0,0,0,0,7,100,2,1089,1089,7,5,40,1,0,0,0,0
1241349,3,2020,2020,11,0,10,6,27,6,34609,0,1,1,-34.88196,150.631261,63,2,1,0,3,0,0,0,0,0,7,80,0,4552,5151,8,10,40,1,0,0,0,0
1241353,3,2020,2020,1,3,10,51,31,61,34609,0,1,1,-35.921154,150.07454,23,2,1,0,3,0,0,0,4,0,7,50,0,4552,5151,8,5,40,1,0,0,0,0
1241359,3,2020,2020,11,5,8,283,27,197,702,1,0,9,-33.949471,151.080762,25,0,2,1,3,0,0,0,2,2,7,60,2,14295,14295,3,5,5,3,0,0,0,0
1241363,3,2020,2020,11,5,10,29,27,85,27,0,1,1,-34.570331,150.779786,62,0,2,1,3,0,0,0,0,0,7,50,2,14295,14295,3,0,13,2,0,0,0,0
1241365,3,2020,2020,11,1,8,3,10,26,34609,0,1,2,-33.750894,150.884964,7,0,2,0,3,0,0,0,3,0,7,50,0,2585,4009,8,0,40,1,0,0,0,0
1241369,3,2020,2020,11,2,6,35,27,71,24,0,1,1,-33.763387,150.704507,55,0,2,1,3,0,0,0,2,0,7,60,1,9859,9859,1,0,5,3,0,0,0,0
1241373,3,2020,2020,0,0,4,2209,17,115,2205,0,1,2,-33.908786,151.18111,32,0,2,1,1,0,0,0,2,0,7,60,2,1282,1282,1,30,0,2,0,0,0,0
1241376,3,2020,2020,11,4,6,280,10,46,240,1,0,1,-33.885564,150.967681,24,0,2,1,3,0,0,0,2,0,7,60,2,1192,1192,1,8,10,3,0,0,0,0
1241381,3,2020,2020,11,4,10,2126,17,163,2149,0,1,9,-33.868094,151.099174,9,0,2,1,3,0,0,0,0,2,7,60,2,5929,5929,1,5,5,2,0,0,0,0