Crash ID,Degree of crash - detailed,Reporting year,Year of crash,Month of crash,Day of week of crash,Two-hour intervals,Street of crash,Street type,Town,Route no.,School zone location,School zone active,Type of location,Latitude,Longitude,LGA,Urbanisation,Conurbation 1,Alignment,Street lighting,Road surface,Surface condition,Weather,Natural lighting,Signals operation,Other traffic control,Speed limit,Road classification,RUM - code,DCA - code,First impact type,Key TU type,Other TU type,No. of traffic units involved,No. killed,No. seriously injured,No. moderately injured,No. minor-other injured
1241384,3,2020,2020,11,1,2,60,27,174,44,0,1,10,-33.867985,150.917786,24,0,2,1,3,0,0,0,4,2,7,50,1,6545,6545,4,5,5,2,0,0,0,0
1241386,3,2020,2020,11,6,1,8,10,165,34609,0,1,1,-32.287442,150.907966,46,2,1,0,3,0,0,0,0,0,7,50,0,4552,5151,1,9,13,2,0,0,0,0
1241394,3,2020,2020,11,2,5,230,27,197,284,0,1,2,-33.792784,151.132267,61,0,2,1,3,0,0,0,2,0,7,70,2,14295,14295,3,9,0,2,0,0,0,0
1241395,3,2020,2020,11,3,7,4,27,123,34609,0,1,10,-33.81341,148.694474,51,2,1,1,3,0,0,0,2,0,7,50,0,5929,5929,1,30,13,2,0,0,0,0
1241396,3,2020,2020,11,2,10,110,27,113,48,0,1,2,-34.356292,150.85745,80,0,2,0,3,0,0,0,0,0,7,100,2,1089,1089,7,5,40,1,0,0,0,0
1241398,3,2020,2020,11,4,8,105,27,65,109,0,1,2,-33.872399,150.900454,24,0,2,1,3,0,0,0,2,0,7,60,1,1391,1391,1,0,0,2,0,0,0,0
1241399,3,2020,2020,11,1,4,361,23,204,34609,0,1,1,-33.9012,150.937299,24,0,2,1,3,0,0,0,2,0,7,50,0,9859,9859,1,30,0,2,0,0,0,0
1241405,3,2020,2019,1,6,5,46,27,104,262,0,1,10,-32.911999,151.720754,48,0,2,1,3,0,0,0,2,2,7,60,2,14295,14295,3,5,36,2,0,0,0,0
1241407,3,2020,2020,11,2,7,3371,17,15,3342,0,1,2,-29.502452,153.20324,18,1,0,0,3,0,0,0,2,0,7,100,2,2585,4009,8,10,40,1,0,0,0,0
1241413,3,2020,2020,11,6,7,2126,17,226,2149,0,1,9,-33.777932,150.809239,7,0,2,1,3,0,0,0,2,2,7,80,2,14295,14295,3,5,13,5,0,0,0,0
1241415,3,2020,2020,11,0,8,6,31,95,34609,0,1,10,-34.387888,150.894089,80,0,2,1,3,0,0,0,2,2,7,60,0,1669,1669,3,10,12,3,0,0,0,0
1241417,3,2020,2020,11,6,8,5,27,41,34609,0,1,1,-34.395482,150.867483,80,0,2,1,3,0,0,0,2,0,7,50,0,1669,1669,3,30,13,2,0,0,0,0
1241418,3,2020,2020,11,2,7,70,27,26,100,0,1,9,-33.678343,150.603658,8,2,2,1,3,0,0,0,2,0,0,60,2,14295,14295,3,0,5,2,0,0,0,0
1241421,3,2020,2020,11,5,9,14,27,163,74,0,1,10,-33.853216,151.102591,14,0,2,1,3,0,0,0,3,0,15,50,1,5929,5929,1,0,5,2,0,0,0,0
1241422,3,2020,2020,11,4,12,9,27,11,34609,0,1,1,-34.815368,149.741002,26,1,0,0,3,0,0,0,0,0,7,100,0,1957,4009,8,10,40,1,0,0,0,0
1241430,3,2020,2020,11,1,3,6,10,228,34609,0,1,1,-34.731798,149.717753,26,2,1,0,3,0,0,0,1,0,7,50,0,4552,5151,1,5,13,3,0,0,0,0
1241437,3,2020,2020,1,4,3,4,10,134,34609,0,1,1,-33.507182,151.317051,16,2,2,1,0,0,0,0,2,0,7,50,0,9859,9859,8,5,40,1,0,0,0,0
1241442,3,2020,2020,1,0,2,98,31,176,159,0,1,1,-33.9553,151.143211,4,0,2,1,2,0,0,0,0,0,7,60,2,9859,9859,1,21,13,2,0,0,0,0
1241444,3,2020,2020,1,4,3,26,27,9,34609,0,1,7,-35.148027,147.339216,75,2,1,1,3,0,0,0,2,0,0,70,0,6545,6545,4,10,13,2,0,0,0,0
1241448,3,2020,2020,11,0,7,2,27,463,34609,0,1,1,-30.306714,153.105722,19,2,1,1,3,0,0,3,2,0,7,50,0,9859,9859,1,30,36,2,0,0,0,0
1241450,3,2020,2020,11,4,4,205,27,161,415,0,1,2,-33.730451,151.160234,36,0,2,0,1,0,0,0,2,0,7,60,2,1282,1282,1,5,0,2,0,0,0,0
1241459,3,2020,2020,1,6,8,3371,17,29,3342,0,1,2,-31.780793,152.648913,43,1,0,1,0,0,0,0,0,0,7,110,2,1089,1089,7,3,40,1,0,0,0,0
1241463,3,2020,2020,1,6,2,71,27,26,122,0,1,7,-34.588926,150.845249,62,0,2,0,3,0,0,0,1,0,0,80,2,926,926,4,5,5,2,0,0,0,0
1241492,3,2020,2020,1,5,9,60,31,134,34609,0,1,1,-33.66326,150.862161,7,0,2,1,1,0,0,0,3,0,7,50,0,9859,9859,1,10,0,2,0,0,0,0
1241502,3,2020,2020,5,4,5,83,31,532,21,0,1,10,-33.874132,151.204267,69,0,2,1,1,0,0,0,2,2,7,50,1,1192,1192,1,29,36,2,0,0,0,0
1241503,3,2020,2020,6,0,8,3371,17,31,3342,0,1,2,-30.33758,153.077233,19,1,0,1,1,0,0,0,2,0,7,100,2,9859,9859,8,30,40,1,0,0,0,0
1241504,3,2020,2020,5,4,8,829,27,159,770,0,1,9,-33.807173,151.084723,61,0,2,1,2,0,0,0,3,2,7,60,2,1282,1282,1,5,19,2,0,0,0,0
1241516,3,2020,2020,11,3,2,195,27,49,186,0,1,9,-33.917163,150.854265,41,0,2,0,3,0,0,0,0,2,7,70,2,3775,3775,0,5,0,2,0,0,0,0
1241520,3,2020,2020,5,4,8,27,36,12,34609,0,1,9,-29.704058,152.955574,18,1,0,1,0,0,0,0,3,0,7,100,0,101,101,8,5,13,2,0,0,0,0
1241526,3,2020,2020,1,2,2,512,17,8,441,0,1,9,-33.414405,149.552641,3,2,1,1,3,0,3,4,0,0,7,60,2,4026,4026,8,5,40,1,0,0,0,0
1241535,3,2020,2020,11,3,10,2126,17,23,2149,0,1,1,-33.455045,149.986532,40,1,0,0,3,0,0,0,0,0,7,100,2,14295,14295,3,5,5,2,0,0,0,0
1241537,3,2020,2020,11,5,3,109,36,90,108,0,1,2,-28.259124,153.523445,72,2,1,1,3,0,0,0,2,0,0,80,1,9859,9859,8,10,40,1,0,0,0,0
1241538,3,2020,2020,11,3,7,84,10,10,80,0,1,1,-34.229455,150.982254,80,0,2,1,3,0,0,0,2,0,7,50,2,1391,1391,1,10,5,2,0,0,0,0
1241547,3,2020,2020,11,2,6,34,31,35,18,0,1,9,-33.819281,151.204883,77,0,2,1,3,0,0,0,2,2,7,60,1,5929,5929,1,5,10,2,0,0,0,0
1241548,3,2020,2020,11,6,10,500,27,145,799,0,1,2,-33.929921,151.070158,15,0,2,1,3,0,0,0,0,0,7,60,2,14295,14295,3,10,5,2,0,0,0,0
1241554,3,2020,2020,11,2,4,866,17,98,793,0,1,2,-33.735081,151.076447,31,0,2,1,1,0,0,0,2,0,7,70,2,14295,14295,3,30,12,3,0,0,0,0
1241559,3,2020,2020,11,1,4,224,27,387,321,1,2,10,-33.92146,151.196417,69,0,2,1,3,0,0,0,2,2,7,40,2,14295,14295,3,5,12,2,0,0,0,0
1241560,3,2020,2020,11,0,8,35,27,3,34,0,1,1,-30.284693,151.972499,1,1,0,1,3,0,0,0,2,0,7,100,1,945,945,5,0,40,1,0,0,0,0
1241568,3,2020,2020,6,0,1,3,1,45,34609,0,1,9,-33.33819,151.496839,16,2,2,1,2,0,0,0,0,0,7,50,0,489,489,8,5,40,1,0,0,0,0
1241579,3,2020,2020,11,2,6,22,27,136,702,0,1,9,-33.862362,151.06665,67,0,2,1,0,0,0,0,2,0,15,60,2,2585,777,8,5,40,2,0,0,0,0
1241583,3,2020,2020,11,6,10,56,27,251,34609,0,1,1,-33.778614,150.931424,7,0,2,1,2,0,0,0,0,0,7,50,0,9859,9859,1,10,36,3,0,0,0,0
1241595,3,2020,2020,1,0,11,100,27,109,799,0,1,1,-33.902481,151.144207,32,0,2,1,2,0,3,4,0,0,7,60,2,945,945,5,5,40,1,0,0,0,0
1241607,3,2020,2020,11,4,10,171,31,129,34609,0,1,10,-33.89842,151.104694,15,0,2,1,2,0,0,0,0,0,15,50,0,9859,9859,1,5,36,2,0,0,0,0
1241611,3,2020,2020,5,5,8,12,27,151,34609,0,1,1,-34.021215,150.865147,13,0,2,1,1,0,0,0,3,0,7,60,0,9859,9859,8,5,40,1,0,0,0,0
1241613,3,2020,2020,11,5,8,7,23,69,34609,0,1,1,-32.901803,151.688313,48,0,2,1,2,0,0,0,3,0,7,50,0,9859,9859,1,30,0,2,0,0,0,0
1241624,3,2020,2020,1,6,5,19,27,182,174,0,1,9,-32.832197,151.355897,17,2,1,0,0,0,0,0,2,0,7,60,2,4552,985,8,5,40,1,0,0,0,0
1241649,3,2020,2020,11,4,9,97,27,271,799,0,1,9,-33.938489,151.018701,15,0,2,0,2,0,3,6,0,2,7,70,2,515,515,1,33,5,2,0,0,0,0
1241652,3,2020,2020,11,5,10,213,17,132,213,0,1,7,-29.778772,151.115494,33,2,1,0,2,0,0,0,0,0,7,50,2,4552,5151,8,5,40,1,0,0,0,0
1241653,3,2020,2020,11,0,3,515,14,387,518,0,1,3,-33.944965,151.163385,4,0,2,1,3,0,0,0,1,0,7,80,2,1391,1391,1,0,41,4,0,0,0,0
1241660,3,2020,2020,11,5,4,5,27,96,34609,0,1,10,-33.338392,148.017033,51,2,1,1,3,0,0,0,2,0,0,80,0,6545,6545,4,8,10,2,0,0,0,0
1241661,3,2020,2020,11,0,5,6,31,189,34609,0,1,1,-33.948789,151.053039,15,0,2,1,3,0,0,0,2,0,7,50,0,14295,14295,3,5,13,2,0,0,0,0
1241663,3,2020,2020,11,0,6,7,27,293,34609,0,1,10,-33.939322,151.245054,59,0,2,1,3,0,0,0,2,0,15,50,0,3775,3775,0,0,5,2,0,0,0,0
1241664,3,2020,2020,11,2,8,17,10,172,34609,0,1,1,-32.76799,151.56999,42,2,1,0,3,0,0,0,0,0,7,50,0,4552,5151,1,0,5,2,0,0,0,0
1241665,3,2020,2020,11,3,3,1052,14,118,928,0,1,3,-33.367393,151.32782,16,1,2,0,3,0,0,0,2,0,7,110,2,2585,4009,8,5,40,1,0,0,0,0
1241666,3,2020,2020,11,0,8,485,27,232,769,0,1,9,-33.696807,150.927566,71,0,2,1,3,0,0,0,2,2,7,80,2,14295,14295,3,5,5,2,0,0,0,0
1241667,3,2020,2020,11,4,7,2261,17,140,2252,0,1,2,-33.898433,150.99525,15,0,2,1,3,0,0,0,2,0,7,70,2,217,217,1,0,5,2,0,0,0,0
1241668,3,2020,2020,11,2,5,134,10,69,133,0,1,10,-33.819288,151.021833,54,0,2,1,3,0,0,0,2,3,7,70,2,623,623,3,10,5,2,0,0,0,0
1241669,3,2020,2020,1,2,9,3371,17,92,3342,0,1,2,-33.408423,151.350631,16,2,2,1,2,0,0,0,0,0,7,60,2,1981,1981,4,10,0,2,0,0,0,0
1241670,3,2020,2020,11,0,3,11,27,42,8,0,1,1,-33.595979,151.278487,50,0,2,0,0,2,0,0,2,0,7,80,2,782,957,5,16,40,1,0,0,0,0
1241672,3,2020,2020,11,2,7,255,27,71,166,0,1,1,-33.262745,151.529752,16,2,2,1,0,0,0,0,2,0,7,50,2,9859,9859,1,10,5,2,0,0,0,0
1241673,3,2020,2020,1,3,0,225,17,9,180,0,1,1,-34.581335,150.714292,62,0,2,0,0,0,0,0,0,0,7,90,2,1259,5151,8,5,40,1,0,0,0,0
1241678,3,2020,2020,1,3,2,4,27,155,34609,0,1,1,-33.49878,151.316988,16,2,2,1,1,0,0,0,1,0,7,50,0,9859,9859,1,5,0,2,0,0,0,0
1241682,3,2020,2020,11,6,10,48,31,122,45,0,1,10,-33.419033,151.343475,16,2,2,1,2,0,0,0,0,2,7,60,1,5929,5929,1,10,41,2,0,0,0,0
1241689,3,2020,2020,11,6,4,5,27,5,34609,0,1,1,-28.552121,153.438108,10,2,1,0,1,0,0,0,2,0,7,80,0,1259,5151,8,30,40,1,0,0,0,0
1241701,3,2020,2020,6,0,9,229,14,323,237,0,1,3,-33.767192,151.001588,71,0,2,1,2,0,0,0,0,0,7,100,2,14295,14295,3,21,5,4,0,0,0,0
1241726,3,2020,2020,1,5,5,475,31,204,11,0,1,10,-33.886288,151.12484,32,0,2,1,0,0,0,0,2,2,7,50,1,5929,5929,1,30,5,2,0,0,0,0
1241729,3,2020,2020,1,2,1,2,25,532,22,0,1,6,-33.865831,151.213026,69,0,2,1,2,0,0,0,0,0,7,40,2,4026,4026,8,5,40,1,0,0,0,0
1241735,3,2020,2020,5,2,2,4,7,29,34609,0,1,1,-33.473203,151.422979,16,2,2,0,0,0,3,4,1,0,7,50,0,2585,4009,1,0,5,2,0,0,0,0
1241745,3,2020,2020,1,1,7,13,23,5,34609,0,1,9,-35.698831,150.194128,23,2,1,1,1,0,0,0,2,0,0,50,0,2585,777,8,5,40,1,0,0,0,0
1241746,3,2020,2020,5,2,9,2261,17,284,2252,0,1,2,-33.907103,151.019684,15,0,2,1,3,0,3,4,0,0,7,60,2,9859,9859,8,10,40,1,0,0,0,0
1241749,3,2020,2020,1,2,3,40,31,40,18,0,1,9,-34.420022,150.88851,80,0,2,1,3,0,0,0,0,1,7,50,1,9859,9859,1,5,5,2,0,0,0,0
1241750,3,2020,2020,11,0,3,3371,17,147,3342,0,1,2,-33.741352,151.1386,36,0,2,1,3,0,0,0,2,0,7,60,2,14295,14295,3,5,36,3,0,0,0,0
1241752,3,2020,2020,11,2,6,2126,17,62,2149,0,1,2,-33.890049,151.146811,32,0,2,1,1,0,0,0,2,2,9,60,2,9859,9859,8,5,40,1,0,0,0,0
1241757,3,2020,2020,11,1,9,48,4,85,34609,0,1,9,-33.906643,150.869247,41,0,2,1,3,0,0,0,2,0,7,50,0,5929,5929,1,0,0,2,0,0,0,0
1241761,3,2020,2020,11,5,9,59,31,107,321,0,1,10,-33.877873,151.198658,69,0,2,1,3,0,0,0,0,2,8,50,2,5929,5929,1,5,5,2,0,0,0,0
1241762,3,2020,2020,5,0,4,11,18,207,34609,0,1,1,-31.944645,141.467657,51,2,1,1,0,0,0,0,2,0,7,50,0,4026,4026,8,5,40,1,0,0,0,0
1241763,3,2020,2020,11,1,7,43,27,70,148,0,1,10,-32.909519,151.717462,48,0,2,1,3,0,0,0,2,0,15,60,1,395,395,1,27,5,2,0,0,0,0
1241764,3,2020,2020,11,4,6,77,31,445,563,0,1,2,-33.88068,151.040777,21,0,2,1,3,0,0,0,2,0,7,80,2,1282,1282,1,5,5,2,0,0,0,0
1241765,3,2020,2020,11,2,3,4,27,120,18,0,1,7,-33.773246,150.877148,7,0,2,1,3,0,0,1,2,0,0,60,1,775,775,4,5,5,2,0,0,0,0
1241768,3,2020,2020,11,5,8,293,27,78,100,0,1,1,-33.699779,150.571915,8,2,2,1,3,0,0,0,2,0,7,50,1,14295,14295,3,9,19,2,0,0,0,0
1241769,3,2020,2020,11,3,9,68,27,278,67,0,1,9,-33.768992,151.041339,54,0,2,1,3,0,0,0,0,0,7,60,1,1391,1391,1,10,13,2,0,0,0,0
1241771,3,2020,2020,11,0,4,3371,17,77,3342,0,1,2,-33.039355,151.658649,37,0,2,1,3,0,3,4,2,0,7,60,2,14295,14295,3,5,5,3,0,0,0,0
1241772,3,2020,2020,11,2,5,191,17,13,189,0,1,9,-32.617465,151.103939,64,1,0,1,3,0,0,0,2,0,0,100,2,926,926,4,34,13,2,0,0,0,0
1241777,3,2020,2020,11,2,7,57,31,38,169,0,1,10,-32.814737,151.46418,17,2,1,1,0,0,0,0,2,0,15,60,2,6545,6545,4,33,5,2,0,0,0,0
1241787,3,2020,2020,1,3,9,2,31,443,34609,0,1,1,-33.889675,151.062531,15,0,2,1,2,0,0,0,0,0,7,50,0,4026,4026,1,5,12,4,0,0,0,0
1241798,3,2020,2020,11,3,1,191,1,12,34609,0,1,9,-32.549408,151.168477,64,2,1,1,2,0,0,0,0,0,0,60,0,418,777,5,5,40,1,0,0,0,0
1241812,3,2020,2020,1,2,11,1,1,8,34609,0,1,1,-35.07946,147.350087,75,2,1,1,2,0,0,0,0,0,7,50,0,4026,4026,1,10,5,2,0,0,0,0
1241814,3,2020,2020,1,2,5,2209,17,115,2205,0,1,2,-33.910132,151.18063,32,0,2,1,3,0,0,0,2,0,7,60,2,9859,9859,1,5,5,2,0,0,0,0
1241817,3,2020,2020,5,0,0,117,27,78,144,0,1,2,-33.86607,151.093781,14,0,2,1,2,0,0,0,0,0,7,60,2,4026,4026,8,5,40,1,0,0,0,0
1241830,3,2020,2020,11,3,8,34,27,6,83,0,1,1,-29.549685,153.087797,18,1,0,0,0,0,0,0,2,0,7,100,1,4552,5151,8,5,40,1,0,0,0,0
1241841,3,2020,2020,1,1,5,2126,17,438,2149,0,1,2,-33.838818,151.028872,21,0,2,1,1,0,3,4,2,0,7,60,2,1383,1383,1,5,5,3,0,0,0,0
1241843,3,2020,2020,11,1,4,60,31,95,34609,1,2,10,-34.399598,150.886702,80,0,2,1,0,0,0,0,2,0,0,40,0,301,301,4,5,5,2,0,0,0,0
1241847,3,2020,2020,1,6,9,53,27,155,51,0,1,10,-33.501438,151.320419,16,2,2,1,2,0,3,4,0,0,0,60,1,3775,3775,0,5,5,2,0,0,0,0
1241862,3,2020,2020,5,0,1,3371,17,38,3342,0,1,2,-30.247208,153.13979,19,2,1,0,0,0,0,0,0,0,7,80,2,1957,4009,1,0,5,2,0,0,0,0
1241863,3,2020,2020,6,5,7,866,17,278,793,0,1,9,-33.777714,151.051952,54,0,2,1,1,0,0,0,2,2,7,60,2,14295,14295,3,5,13,2,0,0,0,0
1241868,3,2020,2020,11,4,3,59,27,41,34609,0,1,1,-34.058662,150.696437,12,0,2,0,3,0,2,6,1,0,7,50,0,2585,4009,8,30,40,1,0,0,0,0
1241872,3,2020,2020,11,3,1,6,27,24,34609,0,1,1,-33.400922,151.405991,16,2,2,0,0,0,0,0,0,0,7,60,0,1957,4009,8,5,40,1,0,0,0,0
1241873,3,2020,2020,11,3,2,1,31,17,34609,0,1,1,-31.878956,152.666806,43,2,1,1,2,0,0,0,0,0,7,50,0,9859,9859,1,5,5,2,0,0,0,0
1241896,3,2020,2020,1,1,3,1,7,73,34609,0,1,9,-33.750252,150.806428,7,0,2,1,1,0,0,0,1,0,7,50,0,9859,9859,8,5,40,1,0,0,0,0
1241899,3,2020,2020,11,0,9,5,31,165,34609,0,1,9,-33.858983,151.15306,14,0,2,0,0,0,3,4,2,0,7,50,0,4552,5151,8,5,40,1,0,0,0,0
1241906,3,2020,2020,11,2,0,3,1,251,34609,0,1,1,-33.777827,150.940041,7,0,2,1,2,0,0,0,0,0,7,50,0,4026,4026,8,5,40,1,0,0,0,0
1241908,3,2020,2020,1,5,10,149,27,52,198,0,1,9,-33.973228,150.983137,41,0,2,1,0,0,0,0,0,0,7,80,2,941,941,1,33,5,2,0,0,0,0
1241909,3,2020,2020,11,0,11,1,1,562,34609,0,1,1,-32.265309,148.571681,22,2,1,1,0,0,0,0,0,0,7,50,0,4026,4026,8,34,40,1,0,0,0,0
1241923,3,2020,2020,11,6,9,45,27,47,44,0,1,9,-33.818634,151.151187,38,0,2,1,2,0,3,4,0,0,0,60,2,14295,14295,3,5,5,3,0,0,0,0
1241947,3,2020,2020,5,1,10,177,22,239,176,0,1,10,-34.037373,151.118172,68,0,2,1,0,0,0,0,0,2,7,60,2,5929,5929,1,10,5,2,0,0,0,0
1241986,3,2020,2020,11,3,9,101,10,42,121,1,0,7,-34.039072,151.156531,68,0,2,0,2,0,0,0,0,0,0,70,1,1259,5151,8,9,40,1,0,0,0,0
1242002,3,2020,2020,6,6,8,3371,17,463,3342,0,1,2,-30.297455,153.112829,19,2,1,1,3,0,2,6,2,0,7,60,2,9859,9859,1,29,0,2,0,0,0,0
1242032,3,2020,2020,11,0,5,334,17,6,308,0,1,1,-31.392369,152.090572,56,1,0,0,3,0,0,0,2,0,7,100,2,782,957,5,0,40,1,0,0,0,0
1242045,3,2020,2020,5,0,0,107,22,136,34609,0,1,1,-33.9213,151.073256,15,0,2,1,3,0,0,0,0,0,7,50,0,9859,9859,1,10,5,2,0,0,0,0
1242049,3,2020,2020,11,2,11,169,1,92,94,0,1,9,-33.881016,150.97316,24,0,2,1,3,0,0,6,0,0,7,60,1,515,515,1,0,5,2,0,0,0,0
1242050,3,2020,2020,11,3,7,500,27,106,799,0,1,9,-33.921552,151.096409,15,0,2,1,3,0,0,0,2,0,7,60,2,14295,14295,3,5,5,2,0,0,0,0
1242051,3,2020,2020,11,3,9,15,27,69,34609,0,1,9,-32.902586,151.690977,48,0,2,1,3,0,3,4,2,0,7,50,0,14295,14295,3,5,5,2,0,0,0,0
1242052,3,2020,2020,11,2,11,17,27,8,34609,0,1,9,-33.524997,150.760433,29,2,2,0,3,0,0,0,0,0,7,80,0,2585,4009,8,10,40,1,0,0,0,0
1242053,3,2020,2020,11,0,4,280,10,314,82,0,1,10,-33.850836,150.922233,24,0,2,1,3,0,0,3,2,2,7,60,1,926,926,4,9,0,3,0,0,0,0
1242055,3,2020,2020,11,5,7,85,31,65,34609,0,1,7,-34.485632,150.884587,80,0,2,1,3,0,0,0,2,0,0,50,0,6545,6545,4,5,5,2,0,0,0,0
1242061,3,2020,2020,11,5,4,220,27,69,222,0,1,2,-33.774494,150.961662,54,0,2,1,3,0,0,0,2,0,7,80,2,9859,9859,8,0,40,1,0,0,0,0
1242064,3,2020,2020,11,2,5,195,27,49,186,0,1,9,-33.918779,150.852685,41,0,2,1,3,0,0,3,2,2,7,70,2,14295,14295,3,0,5,3,0,0,0,0
1242070,3,2020,2020,11,2,11,37,31,38,34609,0,1,1,-33.770911,150.798895,55,0,2,1,2,0,0,0,0,0,7,50,0,9859,9859,1,33,5,3,0,0,0,0
1242075,3,2020,2020,11,4,4,4,1,293,34609,1,0,1,-33.928109,151.055622,15,0,2,1,0,0,0,0,2,0,7,50,0,1282,1282,1,33,5,2,0,0,0,0
1242077,3,2020,2020,11,3,7,512,10,58,34609,0,1,9,-33.4384,151.291824,16,2,2,1,3,0,0,3,2,0,7,50,0,1109,787,1,5,36,2,0,0,0,0
1242086,3,2020,2020,11,0,5,90,31,112,165,0,1,2,-33.906857,151.213517,69,0,2,1,3,0,0,0,2,0,7,80,2,1383,1383,1,5,10,2,0,0,0,0
1242092,3,2020,2020,11,6,5,9,31,3,34609,0,1,9,-33.02353,151.604233,37,0,2,1,3,0,0,0,2,0,7,50,0,5929,5929,1,5,5,2,0,0,0,0
1242093,3,2020,2020,11,6,8,2261,17,80,2252,0,1,10,-33.963985,150.879346,13,0,2,1,3,0,0,0,2,2,7,80,2,14295,14295,3,5,5,3,0,0,0,0
1242095,3,2020,2020,11,0,8,2209,17,12,2205,0,1,1,-36.184039,150.115206,23,1,0,0,3,0,3,4,0,0,7,100,2,1259,5151,8,5,40,1,0,0,0,0
1242097,3,2020,2020,11,1,11,13,27,346,59,0,1,9,-33.870267,151.088368,67,0,2,1,3,0,0,0,0,0,7,50,1,5929,5929,1,5,5,2,0,0,0,0
1242099,3,2020,2020,11,4,7,109,27,204,105,0,1,9,-33.895922,150.935316,24,0,2,1,3,0,0,0,2,1,7,60,2,1391,1391,1,5,5,2,0,0,0,0
1242103,3,2020,2020,11,0,8,13,27,13,917,0,1,10,-32.55652,151.167663,64,2,1,1,3,0,0,0,3,3,7,60,2,1109,787,1,10,5,2,0,0,0,0
1242108,3,2020,2020,11,0,7,2209,17,273,2205,0,1,9,-34.425908,150.881815,80,0,2,1,3,0,0,0,2,2,7,50,2,1282,1282,1,5,5,2,0,0,0,0
1242109,3,2020,2020,11,1,6,485,27,154,769,0,1,9,-33.715973,150.960761,71,0,2,1,3,0,0,0,2,2,7,60,2,6545,6545,4,30,0,2,0,0,0,0
1242112,3,2020,2020,11,3,5,26,31,123,38,0,1,1,-33.833107,148.684703,51,2,1,0,3,0,0,3,2,0,7,50,2,1109,787,1,5,5,2,0,0,0,0
1242117,3,2020,2020,11,2,6,11,27,29,165,1,0,1,-33.978575,151.080378,25,0,2,1,3,0,0,3,2,0,7,50,1,14295,14295,3,0,25,2,0,0,0,0
1242121,3,2020,2020,6,0,0,163,27,23,165,1,0,2,-33.729922,150.804406,7,0,2,0,2,0,0,0,0,0,7,60,1,2585,4009,8,5,40,1,0,0,0,0
1242123,3,2020,2020,1,4,8,3,2,73,34609,0,1,1,-33.834932,151.084429,14,0,2,1,2,0,0,0,3,0,7,40,0,248,248,1,5,0,2,0,0,0,0
1242138,3,2020,2020,11,0,4,2,10,28,34609,0,1,1,-34.545481,150.841747,62,0,2,0,1,0,0,0,2,0,7,50,0,4552,5151,1,5,5,2,0,0,0,0
1242145,3,2020,2020,5,4,7,62,10,91,169,0,1,10,-32.813628,151.635585,48,0,2,1,1,0,0,0,2,2,7,60,2,6545,6545,4,5,12,2,0,0,0,0
1242149,3,2020,2020,11,5,11,10,27,346,144,0,1,7,-33.870399,151.093191,14,0,2,1,2,0,0,0,0,0,0,60,2,515,515,1,33,5,2,0,0,0,0
1242153,3,2020,2020,5,3,1,8,10,16,34609,0,1,1,-33.376741,149.578957,3,2,1,0,0,0,3,4,0,0,7,80,0,1957,4009,8,5,40,1,0,0,0,0
1242157,3,2020,2020,5,6,6,2,18,26,34609,0,1,9,-33.279033,151.565722,16,2,2,1,0,0,0,0,2,0,7,40,0,1109,787,1,10,5,2,0,0,0,0
1242182,3,2020,2020,11,1,9,2126,17,127,2149,0,1,10,-33.889943,151.149053,32,0,2,1,3,0,0,0,0,2,7,60,2,5929,5929,1,5,13,2,0,0,0,0
1242186,3,2020,2020,11,2,9,169,27,40,61,0,1,10,-33.827126,151.188362,38,0,2,1,3,0,0,0,0,2,7,50,1,5929,5929,1,5,5,2,0,0,0,0
1242187,3,2020,2020,11,1,2,117,1,49,35,0,1,1,-33.965639,151.146314,4,0,2,1,0,0,0,0,0,0,7,60,2,9859,9859,1,5,23,5,0,0,0,0
1242188,3,2020,2020,1,6,6,14,7,7,34609,0,1,1,-33.24154,151.453981,16,2,2,0,0,0,0,0,2,0,7,50,0,4552,5151,8,16,40,1,0,0,0,0
1242190,3,2020,2020,11,6,6,133,27,66,260,0,1,7,-32.93178,151.639412,37,0,2,0,3,0,0,0,2,0,0,60,2,926,926,4,0,5,2,0,0,0,0
1242191,3,2020,2020,1,0,3,4,27,1,34609,0,1,1,-35.353558,143.901733,51,1,0,0,3,0,0,1,2,0,7,100,0,1850,1463,5,29,40,1,0,0,0,0
1242192,3,2020,2020,11,4,7,8,1,100,34609,0,1,9,-33.963638,151.152344,4,0,2,1,3,0,0,0,2,0,7,50,0,941,941,1,0,5,2,0,0,0,0
1242195,3,2020,2020,11,4,9,475,10,37,268,0,1,9,-33.867999,150.716168,55,0,2,1,3,0,0,0,4,0,0,80,2,14295,14295,3,0,5,2,0,0,0,0
1242196,3,2020,2020,11,2,10,866,17,204,793,0,1,2,-33.902358,150.918185,24,0,2,1,3,0,0,0,0,0,7,70,2,9859,9859,8,5,40,1,0,0,0,0
1242198,3,2020,2020,11,3,5,916,17,77,917,0,1,10,-32.568287,151.179574,64,2,1,1,3,0,3,4,2,2,7,50,2,14295,14295,3,10,13,2,0,0,0,0
1242203,3,2020,2020,11,6,3,15,27,147,29,0,1,9,-33.744355,151.293984,50,0,2,0,3,0,0,0,2,0,15,50,1,1192,1192,1,8,5,2,0,0,0,0
1242206,3,2020,2020,11,6,8,9,31,140,34609,0,1,1,-33.897719,151.001963,15,0,2,1,3,0,0,0,3,0,7,50,0,9859,9859,8,5,40,1,0,0,0,0