Crash ID,Degree of crash - detailed,Reporting year,Year of crash,Month of crash,Day of week of crash,Two-hour intervals,Street of crash,Street type,Town,Route no.,School zone location,School zone active,Type of location,Latitude,Longitude,LGA,Urbanisation,Conurbation 1,Alignment,Street lighting,Road surface,Surface condition,Weather,Natural lighting,Signals operation,Other traffic control,Speed limit,Road classification,RUM - code,DCA - code,First impact type,Key TU type,Other TU type,No. of traffic units involved,No. killed,No. seriously injured,No. moderately injured,No. minor-other injured
1242211,3,2020,2020,11,2,4,344,27,89,382,0,1,9,-33.667694,150.803008,55,0,2,1,3,0,0,0,2,2,7,80,2,14295,14295,3,5,5,2,0,0,0,0
1242214,3,2020,2020,11,4,4,280,10,237,240,0,1,10,-33.863953,150.954285,24,0,2,1,3,0,0,0,2,2,7,60,2,14295,14295,3,5,35,2,0,0,0,0
1242216,3,2020,2020,11,3,5,38,31,28,34609,0,1,9,-33.403419,149.557848,3,2,1,0,3,0,3,4,2,0,7,50,0,1259,5151,8,5,40,1,0,0,0,0
1242219,3,2020,2020,11,0,4,100,31,157,38,0,1,10,-33.803199,151.003199,54,0,2,1,3,0,0,0,2,2,7,60,1,5929,5929,1,0,5,2,0,0,0,0
1242225,3,2020,2020,11,2,8,23,31,226,382,0,1,1,-33.758385,150.830808,7,0,2,1,3,0,0,0,3,0,7,60,2,14295,14295,3,10,5,2,0,0,0,0
1242226,3,2020,2020,11,0,6,2126,17,323,2149,0,1,10,-33.787231,150.848235,7,0,2,1,3,0,0,3,2,0,0,80,2,5929,5929,1,0,5,3,0,0,0,0
1242229,3,2020,2020,11,3,8,2,27,61,34609,0,1,1,-29.738052,151.753468,51,2,1,1,3,0,0,0,3,0,7,50,0,9859,9859,8,5,40,1,0,0,0,0
1242230,3,2020,2020,11,0,8,16,10,67,22,0,1,1,-33.389345,151.346641,16,2,2,1,3,0,3,3,3,0,7,50,1,1109,787,1,5,0,2,0,0,0,0
1242237,3,2020,2020,11,4,4,43,1,226,144,0,1,7,-33.757454,150.825626,7,0,2,1,3,0,3,0,2,0,0,60,2,6545,6545,4,10,0,2,0,0,0,0
1242238,3,2020,2020,11,1,7,177,22,87,176,0,1,9,-34.051135,151.152414,68,0,2,1,3,0,0,0,2,0,7,60,2,1391,1391,1,5,0,2,0,0,0,0
1242246,3,2020,2020,11,3,0,98,27,45,34609,0,1,1,-33.347009,151.49959,16,2,2,0,2,0,0,0,0,0,7,50,0,1957,4009,1,0,12,2,0,0,0,0
1242249,3,2020,2020,1,4,1,9,27,9,34609,0,1,7,-32.720232,152.124224,57,2,1,0,2,0,0,0,0,0,0,50,0,1850,1463,5,0,40,1,0,0,0,0
1242254,3,2020,2020,11,6,8,1,22,10,34609,0,1,9,-32.67749,152.170519,43,2,1,0,2,0,0,0,0,0,7,50,0,4552,5151,8,5,40,1,0,0,0,0
1242261,3,2020,2020,1,1,1,2,1,523,34609,0,1,1,-33.923522,150.909633,41,0,2,1,2,0,0,0,0,0,7,50,0,9859,9859,1,5,0,2,0,0,0,0
1242280,3,2020,2020,11,0,5,5,27,136,34609,0,1,1,-33.865542,151.071867,67,0,2,1,2,0,0,0,2,0,7,50,0,9859,9859,8,5,40,2,0,0,0,0
1242285,3,2020,2020,5,2,0,3,31,4,34609,0,1,1,-33.994509,146.878568,51,2,1,0,2,0,0,6,0,0,7,50,0,1957,4009,8,10,40,1,0,0,0,0
1242287,3,2020,2020,11,0,9,24,27,115,52,0,1,1,-33.910757,151.174582,32,0,2,1,2,0,3,0,0,0,7,50,1,14295,14295,3,30,0,3,0,0,0,0
1242297,3,2020,2020,5,5,3,1104,14,323,962,0,1,3,-33.799188,150.8596,7,0,2,1,1,0,0,0,2,0,7,100,2,1282,1282,1,5,0,2,0,0,0,0
1242298,3,2020,2020,11,3,9,1,31,67,34609,0,1,1,-33.872871,150.888633,24,0,2,1,0,0,0,0,0,0,7,50,0,4026,4026,1,30,0,3,0,0,0,0
1242313,3,2020,2020,11,3,10,71,27,44,122,0,1,2,-34.561661,150.860206,62,0,2,1,2,0,0,0,0,0,7,70,2,9859,9859,1,5,5,2,0,0,0,0
1242320,3,2020,2020,1,2,7,3371,17,63,3342,0,1,7,-33.23855,151.499468,16,2,2,0,0,0,0,0,2,0,0,70,2,775,775,4,5,5,2,0,0,0,0
1242321,3,2020,2020,11,6,10,62,10,55,169,0,1,2,-32.830286,151.529602,17,2,1,1,2,0,3,4,0,0,7,60,2,9859,9859,1,33,0,2,0,0,0,0
1242333,3,2020,2020,11,2,7,25,27,38,34609,0,1,1,-33.94511,151.066412,15,0,2,1,1,0,0,0,2,0,7,50,0,9859,9859,1,5,0,3,0,0,0,0
1242336,3,2020,2020,11,3,7,4,27,3,4,0,1,1,-30.825861,152.952527,34,2,1,0,0,2,0,0,2,0,7,40,1,782,957,5,5,40,1,0,0,0,0
1242341,3,2020,2020,11,6,10,4,27,172,5,1,0,1,-32.742857,151.591806,42,2,1,0,2,0,0,6,0,0,7,60,1,1957,4009,1,10,13,3,0,0,0,0
1242357,3,2020,2020,11,4,9,1,31,165,34609,0,1,1,-32.263824,150.893737,46,2,1,1,2,0,0,0,0,0,7,50,0,4026,4026,8,10,40,1,0,0,0,0
1242370,3,2020,2020,1,2,1,916,17,17,917,0,1,1,-32.147259,150.883254,73,2,1,1,0,0,0,0,0,0,7,80,2,9859,9859,8,5,40,1,0,0,0,0
1242374,3,2020,2020,5,5,7,105,17,251,136,0,1,2,-33.777193,150.93294,7,0,2,1,2,0,0,0,2,0,7,60,2,9859,9859,1,33,5,2,0,0,0,0
1242378,3,2020,2020,1,3,7,280,10,314,82,0,1,2,-33.853473,150.940252,24,0,2,0,3,0,3,4,2,2,9,70,1,14295,14295,3,30,5,2,0,0,0,0
1242384,3,2020,2020,11,6,3,1104,14,247,962,0,1,3,-33.81564,150.961812,21,0,2,1,3,0,0,0,1,0,7,90,2,14295,14295,3,10,5,3,0,0,0,0
1242385,3,2020,2020,11,3,5,5,27,1,34609,0,1,1,-33.961087,147.840824,51,1,0,1,3,0,0,0,2,0,7,100,0,4026,4026,8,5,40,1,0,0,0,0
1242386,3,2020,2020,11,1,3,1052,14,21,928,0,1,3,-32.906698,151.563129,37,0,2,1,3,0,0,0,1,0,7,110,2,1109,787,1,5,13,2,0,0,0,0
1242391,3,2020,2020,11,0,7,224,27,387,321,0,1,2,-33.931956,151.194066,4,0,2,1,1,0,0,0,2,0,7,50,2,1383,1383,1,10,40,2,0,0,0,0
1242392,3,2020,2020,11,6,10,30,31,225,34609,0,1,1,-33.79604,151.184489,77,0,2,1,3,0,0,0,0,0,7,40,0,1282,1282,1,5,18,2,0,0,0,0
1242394,3,2020,2020,11,4,8,23,1,133,34609,0,1,9,-33.925462,151.003073,15,0,2,1,3,0,0,0,2,0,7,50,0,9859,9859,1,8,0,2,0,0,0,0
1242396,3,2020,2020,11,0,4,178,27,189,101,0,1,9,-33.947334,151.052994,15,0,2,1,3,0,0,0,2,0,0,50,1,775,775,4,30,5,2,0,0,0,0
1242397,3,2020,2020,5,2,9,3,27,17,34609,0,1,1,-28.561819,153.231232,39,1,0,0,3,0,3,4,0,0,7,100,0,380,714,5,0,40,1,0,0,0,0
1242398,3,2020,2020,11,5,3,251,27,64,212,0,1,10,-33.76019,151.209219,50,0,2,0,3,0,0,0,1,2,8,70,2,14295,14295,3,5,0,2,0,0,0,0
1242399,3,2020,2020,11,5,11,2,27,31,34609,0,1,9,-34.591368,150.875519,62,0,2,1,3,0,0,0,0,0,0,50,0,489,489,8,5,40,1,0,0,0,0
1242400,3,2020,2020,11,6,3,2261,17,243,2252,0,1,2,-33.957704,150.885945,41,0,2,1,3,0,0,0,1,0,7,70,2,14295,14295,3,10,0,2,0,0,0,0
1242407,3,2020,2020,11,0,4,478,17,69,480,0,1,1,-33.360285,151.483037,16,2,2,1,3,0,0,0,2,0,7,50,2,14295,14295,3,30,40,2,0,0,0,0
1242413,3,2020,2020,11,3,3,23,36,14,62,0,1,1,-30.134007,153.00047,19,1,0,1,0,0,0,0,2,0,7,100,1,4026,4026,8,5,40,1,0,0,0,0
1242418,3,2020,2020,11,3,5,41,27,89,34609,0,1,1,-33.376618,151.459184,16,2,2,0,0,0,3,4,2,0,7,50,0,4552,5151,8,5,40,1,0,0,0,0
1242423,3,2020,2020,11,1,8,1,31,40,34609,0,1,9,-34.014415,150.77605,12,0,2,1,0,0,0,0,2,0,7,50,0,9859,9859,1,33,5,2,0,0,0,0
1242430,3,2020,2020,1,4,7,126,1,226,144,0,1,9,-33.773744,150.815645,7,0,2,1,1,0,0,0,2,1,7,60,2,204,204,1,5,5,2,0,0,0,0
1242439,3,2020,2020,11,4,8,35,27,3,24,0,1,1,-32.993572,149.426084,3,1,0,0,0,0,0,0,2,0,7,100,1,1957,4009,8,34,40,1,0,0,0,0
1242446,3,2020,2020,11,0,5,46,31,137,34609,0,1,1,-32.961616,151.697573,37,0,2,1,3,0,0,0,2,0,7,50,0,1981,1981,4,30,0,2,0,0,0,0
1242459,3,2020,2020,11,3,6,213,17,83,213,0,1,10,-29.707116,152.937529,18,2,1,1,0,0,0,0,2,0,0,50,2,6545,6545,4,5,36,2,0,0,0,0
1242461,3,2020,2020,11,4,4,31,24,77,36,0,1,9,-33.731372,151.08265,31,0,2,1,3,0,0,0,2,2,8,60,1,5929,5929,1,5,5,2,0,0,0,0
1242463,3,2020,2020,11,6,4,7,27,10,172,0,1,9,-33.011368,151.644326,37,0,2,1,3,0,0,0,2,0,0,60,2,150,150,4,5,13,2,0,0,0,0
1242465,3,2020,2020,1,1,1,24,31,174,34609,0,1,0,-33.892047,151.203487,69,0,2,1,3,0,0,0,0,0,7,40,0,9859,9859,1,5,5,2,0,0,0,0
1242467,3,2020,2020,11,0,8,229,14,110,237,0,1,3,-33.764373,151.015087,54,0,2,1,3,0,0,0,2,0,7,100,2,1391,1391,1,0,5,4,0,0,0,0
1242469,3,2020,2020,11,0,7,171,31,523,34609,0,1,5,-33.917393,150.921021,41,0,2,1,3,0,0,0,2,0,0,50,0,6545,6545,4,0,5,2,0,0,0,0
1242472,3,2020,2020,11,1,9,19,27,87,34609,0,1,7,-33.688112,150.937998,71,0,2,1,3,0,0,0,0,0,7,60,0,14295,14295,3,0,5,2,0,0,0,0
1242473,3,2020,2020,11,2,0,10,31,163,74,0,1,1,-33.846429,151.099778,14,0,2,1,3,0,0,0,0,0,7,50,1,9859,9859,8,30,40,1,0,0,0,0
1242477,3,2020,2020,11,3,11,280,10,314,82,0,1,1,-33.85209,150.93079,24,0,2,1,2,0,0,0,0,0,7,60,1,4026,4026,1,5,0,2,0,0,0,0
1242482,3,2020,2020,11,3,5,55,27,137,96,0,1,7,-32.960761,151.694315,37,0,2,1,3,0,3,4,2,0,7,60,2,2852,2852,4,5,12,2,0,0,0,0
1242483,3,2020,2020,11,3,11,24,10,11,34609,0,1,1,-36.201504,150.11922,23,2,1,0,3,0,0,0,0,0,7,50,0,4552,5151,8,21,40,1,0,0,0,0
1242484,3,2020,2020,11,2,7,37,31,523,198,0,1,10,-33.926236,150.922776,41,0,2,1,3,0,0,0,2,2,6,60,2,6545,6545,4,5,5,2,0,0,0,0
1242487,3,2020,2020,11,3,4,829,27,26,770,0,1,2,-33.838928,151.145567,51,0,2,0,1,0,3,4,2,0,7,70,2,2585,4009,8,5,40,1,0,0,0,0
1242496,3,2020,2020,11,3,5,73,31,532,34609,0,1,10,-33.870953,151.204856,69,0,2,1,3,0,3,4,2,2,7,40,0,6545,6545,4,0,0,2,0,0,0,0
1242499,3,2020,2020,1,6,4,346,17,106,332,0,1,1,-28.869243,153.004105,60,1,0,1,3,0,0,0,2,0,7,100,2,1945,1945,5,5,40,1,0,0,0,0
1242504,3,2020,2020,11,4,8,20,22,121,49,0,1,1,-33.786326,151.287607,50,0,2,1,3,0,0,0,2,0,7,40,1,941,941,1,27,5,2,0,0,0,0
1242507,3,2020,2020,11,0,7,344,27,112,769,0,1,10,-33.611868,150.813812,29,2,2,1,3,0,0,0,2,1,7,60,2,5929,5929,1,5,41,3,0,0,0,0
1242510,3,2020,2020,11,5,3,2261,17,243,2252,0,1,2,-33.95709,150.879658,41,0,2,1,3,0,0,0,2,0,7,70,2,1282,1282,1,5,10,2,0,0,0,0
1242512,3,2020,2020,11,6,4,33,27,55,154,0,1,10,-33.787281,150.872064,7,0,2,1,3,0,0,0,2,2,7,70,1,14295,14295,3,5,5,3,0,0,0,0
1242514,3,2020,2020,11,3,5,2,27,3,34609,0,1,1,-31.168362,150.597294,51,1,0,1,3,2,3,4,2,0,7,100,0,9859,9859,8,0,40,1,0,0,0,0
1242515,3,2020,2020,11,0,4,24,24,85,34609,0,1,2,-33.793493,150.697877,55,0,2,1,3,0,0,0,2,0,7,50,0,1109,787,1,0,5,2,0,0,0,0
1242517,3,2020,2020,11,6,4,17,10,63,34609,0,1,10,-33.242743,151.501765,16,2,2,0,3,0,0,0,2,2,7,50,0,14295,14295,3,5,5,2,0,0,0,0
1242519,3,2020,2020,11,4,10,475,10,100,268,0,1,9,-33.892417,150.887952,24,0,2,1,3,0,0,0,0,0,15,60,2,623,623,3,5,19,2,0,0,0,0
1242521,3,2020,2020,11,5,10,25,27,25,143,0,1,1,-32.983602,149.792692,44,1,0,0,3,0,0,0,0,0,7,100,2,4552,5151,8,5,40,1,0,0,0,0
1242522,3,2020,2020,11,0,3,225,17,85,180,0,1,1,-34.570181,150.774721,62,0,2,1,3,0,0,0,1,0,7,60,2,14295,14295,3,10,5,2,0,0,0,0
1242525,3,2020,2020,11,0,0,1,27,5,34609,0,1,1,-34.911514,150.72928,63,2,1,0,2,0,3,0,0,0,7,50,0,1259,5151,8,5,40,1,0,0,0,0
1242527,3,2020,2020,1,2,10,48,10,252,34609,0,1,1,-33.949881,150.853151,41,0,2,0,2,0,3,4,0,0,7,50,0,4552,5151,1,5,5,2,0,0,0,0
1242541,3,2020,2020,11,2,1,220,27,187,222,0,1,9,-33.790921,150.979035,54,0,2,0,2,0,3,4,0,2,9,80,2,2585,777,8,5,40,1,0,0,0,0
1242543,3,2020,2020,11,0,7,280,10,162,240,0,1,2,-33.852778,150.883606,24,0,2,1,2,0,0,0,2,0,7,70,2,1981,1981,4,5,0,2,0,0,0,0
1242544,3,2020,2020,1,4,4,63,31,139,5,0,1,1,-33.837456,151.207152,49,0,2,1,1,0,0,0,2,0,7,40,1,9859,9859,8,5,40,1,0,0,0,0
1242551,3,2020,2020,11,3,5,3371,17,149,3342,0,1,2,-33.346351,151.370504,16,2,2,0,0,0,0,0,2,0,7,60,2,1192,1192,1,33,5,2,0,0,0,0
1242558,3,2020,2020,11,3,5,512,17,433,441,0,1,1,-33.309842,149.132631,52,2,1,0,0,0,3,4,2,0,7,80,2,1957,4009,8,5,40,1,0,0,0,0
1242578,3,2020,2019,2,6,6,308,14,15,311,0,1,3,-33.902841,150.845471,41,0,2,0,3,0,0,0,2,0,7,100,2,1259,5151,8,30,40,1,0,0,0,0
1242588,3,2020,2019,9,2,4,1,27,131,34609,0,1,1,-33.786833,151.170205,36,0,2,0,3,0,0,0,2,0,7,50,0,1259,5151,1,5,36,2,0,0,0,0
1242624,3,2020,2020,11,5,0,57,27,58,75,0,1,1,-33.469124,151.286495,16,2,2,1,0,0,3,0,0,0,7,60,1,9859,9859,8,5,40,1,0,0,0,0
1242657,3,2020,2020,1,1,3,515,14,197,518,0,1,3,-33.941361,151.082056,15,0,2,1,0,0,0,0,2,0,7,80,2,1282,1282,1,33,5,2,0,0,0,0
1242659,3,2020,2020,1,3,1,9,31,39,34609,1,0,7,-33.761382,150.931485,7,0,2,1,2,0,0,0,0,0,0,50,0,395,395,1,34,5,2,0,0,0,0
1242669,3,2020,2020,5,5,0,110,27,41,173,0,1,2,-34.39467,150.862949,80,0,2,0,0,0,0,0,0,0,7,80,2,14295,14295,3,5,2,2,0,0,0,0
1242671,3,2020,2020,5,3,5,3371,17,27,3342,0,1,2,-30.199905,153.148133,19,1,0,1,3,0,3,4,2,0,7,100,2,14295,14295,3,0,0,3,0,0,0,0
1242683,3,2020,2020,1,3,8,3,10,70,34609,0,1,9,-34.83544,150.602566,63,2,1,1,0,0,0,0,2,0,0,50,0,489,489,8,16,40,1,0,0,0,0
1242711,3,2020,2020,11,5,10,54,27,34,34609,0,1,1,-33.494256,151.36273,16,2,2,1,2,0,0,0,0,0,7,50,0,9859,9859,1,10,5,2,0,0,0,0
1242721,3,2020,2020,11,3,0,12,1,104,34609,0,1,9,-33.731959,150.930095,7,0,2,1,3,0,0,0,0,0,7,50,0,4026,4026,8,5,40,1,0,0,0,0
1242725,3,2020,2020,11,2,0,30,27,32,41,0,1,2,-33.982762,151.129041,25,0,2,0,3,0,3,3,0,0,7,60,1,1957,4009,1,5,5,3,0,0,0,0
1242740,3,2020,2020,11,5,10,125,31,438,44,0,1,1,-33.841481,151.026327,21,0,2,0,2,0,0,0,0,0,7,60,1,1259,5151,8,5,40,1,0,0,0,0
1242744,3,2020,2020,11,2,8,4,22,168,34609,0,1,7,-33.718541,150.841232,7,0,2,1,0,0,0,0,2,0,7,50,0,926,926,4,33,5,2,0,0,0,0
1242749,3,2020,2020,11,0,3,24,27,123,34609,1,0,1,-33.881747,151.229324,81,0,2,1,1,0,0,0,2,0,7,40,0,1282,1282,1,33,5,2,0,0,0,0
1242751,3,2020,2020,11,2,8,361,27,164,34609,0,1,1,-33.736225,150.894806,7,0,2,1,1,0,0,0,2,0,7,50,0,9859,9859,1,5,13,2,0,0,0,0
1242753,3,2020,2020,11,3,9,2,27,1,34609,0,1,1,-28.542244,153.030219,51,1,0,0,0,0,3,3,3,0,7,100,0,1957,4009,8,0,40,1,0,0,0,0
1242754,3,2020,2020,11,0,9,13,27,19,34609,0,1,1,-28.277291,153.511307,72,2,1,0,0,0,0,0,0,0,7,80,0,2585,4009,8,10,40,1,0,0,0,0
1242757,3,2020,2020,11,1,11,213,17,7,213,0,1,1,-29.470698,152.439286,18,1,0,1,0,0,0,0,0,0,7,100,2,1089,1089,7,3,40,1,0,0,0,0
1242760,3,2020,2020,11,2,8,85,31,66,34609,0,1,1,-34.491127,150.909989,80,0,2,1,1,0,0,0,2,0,7,50,0,323,323,1,10,5,2,0,0,0,0
1242767,3,2020,2020,11,4,10,27,31,70,34609,0,1,1,-33.258504,151.510768,16,2,2,1,2,0,0,0,0,0,7,50,0,9859,9859,1,5,12,3,0,0,0,0
1242770,3,2020,2020,11,2,6,500,27,145,799,0,1,9,-33.930026,151.069647,15,0,2,1,3,0,0,0,2,0,7,60,2,2852,2852,4,5,0,2,0,0,0,0
1242772,3,2020,2020,11,2,8,44,31,253,34609,0,1,10,-33.962424,151.099163,25,0,2,1,3,0,0,0,2,0,15,50,0,6545,6545,4,0,5,2,0,0,0,0
1242776,3,2020,2020,11,4,5,147,27,72,605,1,0,2,-33.830975,151.224858,49,0,2,1,3,0,0,0,2,0,7,60,2,9859,9859,1,9,12,2,0,0,0,0
1242781,3,2020,2020,10,4,8,1104,14,609,962,0,1,3,-33.803466,150.901457,7,0,2,1,3,0,0,0,2,0,7,100,2,14295,14295,3,5,5,3,0,0,0,0
1242782,3,2020,2020,11,5,1,344,27,89,382,0,1,1,-33.642506,150.786902,55,0,2,1,3,0,0,0,0,0,7,80,2,9859,9859,8,5,40,1,0,0,0,0
1242784,3,2020,2020,11,1,1,10,27,7,4,0,1,1,-31.369052,150.491953,51,1,0,0,3,0,0,0,0,0,7,100,1,418,714,5,0,40,1,0,0,0,0
1242786,3,2020,2020,10,2,5,95,31,304,34609,0,1,1,-33.912059,151.150633,32,0,2,1,3,0,0,0,2,0,7,50,0,248,248,1,0,5,2,0,0,0,0
1242787,3,2020,2020,11,5,10,81,17,14,33,0,1,9,-34.439654,150.41381,78,2,1,1,3,0,0,0,0,0,15,80,1,1089,1089,7,5,40,1,0,0,0,0
1242788,3,2020,2020,11,0,8,24,27,201,47,0,1,2,-34.006544,150.838262,13,0,2,0,3,0,3,4,3,0,7,70,1,1957,4009,8,10,40,1,0,0,0,0
1242789,3,2020,2020,11,1,8,829,27,159,770,0,1,9,-33.807253,151.0859,61,0,2,1,3,0,0,0,2,0,7,60,2,623,623,3,16,0,2,0,0,0,0
1242791,3,2020,2020,11,6,2,177,22,210,176,0,1,10,-34.033118,151.092498,68,0,2,1,3,0,0,0,1,2,7,60,2,14295,14295,3,5,5,2,0,0,0,0
1242792,3,2020,2020,11,5,6,31,31,107,34609,0,1,1,-33.282807,151.42273,16,2,2,1,3,0,0,0,2,0,7,50,0,175,188,8,10,40,1,0,0,0,0
1242793,3,2020,2020,10,2,6,79,10,43,231,0,1,1,-33.43745,151.32261,16,2,2,1,3,0,0,0,2,0,7,60,2,14295,14295,3,30,0,3,0,0,0,0
1242794,3,2020,2020,10,0,6,6,27,6,34609,0,1,9,-36.034487,146.918112,0,2,1,0,3,0,0,0,2,0,7,60,0,941,941,1,5,0,2,0,0,0,0
1242796,3,2020,2020,11,0,4,2209,17,11,2205,0,1,9,-34.823297,150.604835,63,2,1,1,3,0,0,0,2,0,0,80,2,775,775,4,5,5,2,0,0,0,0
1242799,3,2020,2020,1,4,1,3371,17,9,3342,0,1,9,-29.745391,152.993827,18,1,0,1,3,0,0,0,0,0,0,100,2,1089,1089,7,29,40,1,0,0,0,0
1242802,3,2020,2020,10,1,8,115,27,113,173,0,1,1,-34.312187,150.744105,79,1,2,1,3,0,0,0,3,0,7,100,2,14295,14295,3,5,13,2,0,0,0,0
1242803,3,2020,2020,10,0,8,19,27,232,34609,0,1,1,-33.679884,150.926417,71,0,2,1,3,0,0,0,2,0,7,60,0,14295,14295,3,0,5,2,0,0,0,0
1242807,3,2020,2020,11,4,3,91,27,119,187,0,1,2,-33.874572,151.161795,32,0,2,1,3,0,0,3,1,0,7,70,2,1282,1282,1,5,5,2,0,0,0,0
1242811,3,2020,2020,11,6,10,10,27,201,34609,0,1,7,-34.002129,150.859848,13,0,2,1,2,0,0,0,0,0,0,60,0,475,475,5,5,40,1,0,0,0,0
1242817,3,2020,2020,1,1,3,346,17,13,332,0,1,1,-28.907603,152.706056,51,1,0,0,3,0,0,0,2,0,7,100,2,4552,5151,8,5,40,1,0,0,0,0
1242844,3,2020,2020,5,4,9,515,14,523,518,0,1,3,-33.938087,150.913437,41,0,2,1,0,0,0,0,0,0,7,100,2,4026,4026,8,5,40,3,0,0,0,0
1242847,3,2020,2020,11,5,6,16,31,9,34609,0,1,9,-33.157905,151.534369,16,2,2,1,3,0,0,0,2,0,7,50,0,14295,14295,3,5,5,2,0,0,0,0
1242855,3,2020,2020,11,6,5,3,1,46,34609,0,1,9,-35.151249,147.405262,75,2,1,1,0,0,0,0,2,0,0,80,0,1282,1282,1,5,5,2,0,0,0,0
1242865,3,2020,2020,11,0,3,113,27,113,111,0,1,1,-33.818089,150.775956,55,0,2,1,3,0,0,0,1,0,7,80,2,941,941,1,8,0,2,0,0,0,0
1242866,3,2020,2020,5,3,9,2,2,7,34609,0,1,7,-34.09697,150.696259,79,2,2,1,2,0,3,4,0,0,0,50,0,4026,4026,8,10,40,1,0,0,0,0
1242874,3,2020,2020,1,4,9,25,27,25,143,0,1,1,-32.964683,149.82453,44,2,1,0,3,2,3,0,0,0,7,60,2,418,714,5,5,40,1,0,0,0,0
1242890,3,2020,2020,11,2,11,22,10,165,34609,0,1,1,-33.858891,151.153262,14,0,2,1,2,0,0,0,0,0,7,50,0,9859,9859,8,5,40,1,0,0,0,0
1242894,3,2020,2020,11,4,11,133,27,66,260,0,1,10,-32.929047,151.642334,37,0,2,1,2,0,0,0,0,2,7,60,2,9859,9859,8,5,40,4,0,0,0,0
1242897,3,2020,2020,1,6,8,47,31,117,84,0,1,9,-28.180831,153.539422,72,2,1,1,1,0,0,0,2,2,7,60,1,14295,14295,3,5,5,3,0,0,0,0
1242903,3,2020,2020,11,3,0,112,17,207,112,0,1,9,-31.953998,141.450236,51,2,1,1,2,0,0,0,0,0,7,50,2,489,489,8,5,40,1,0,0,0,0
1242909,3,2020,2020,11,1,10,49,22,91,172,0,1,7,-32.98172,151.645432,37,0,2,1,2,0,0,0,0,0,0,60,2,6545,6545,4,10,5,2,0,0,0,0
1242921,3,2020,2020,11,4,6,21,10,89,34609,0,1,9,-28.211316,153.544782,72,2,1,1,1,0,0,0,2,2,7,60,0,14295,14295,3,10,5,2,0,0,0,0
1242926,3,2020,2020,1,6,9,1,18,35,34609,0,1,1,-30.472206,152.902173,6,2,1,0,0,2,0,0,0,0,7,60,0,273,957,5,5,40,1,0,0,0,0
1242930,3,2020,2020,11,4,7,31,31,174,34609,0,1,1,-33.874451,150.931686,24,0,2,1,0,0,0,0,2,0,7,50,0,9859,9859,1,30,4,3,0,0,0,0
1242932,3,2020,2020,11,4,10,1,31,161,34609,0,1,9,-33.88006,151.163744,32,0,2,1,2,0,0,0,0,0,7,50,0,1282,1282,1,33,5,2,0,0,0,0
1242941,3,2020,2020,11,5,8,3,4,62,34609,0,1,9,-33.723295,150.863071,7,0,2,1,2,0,0,0,3,0,7,50,0,2852,2852,4,5,5,2,0,0,0,0
1242954,3,2020,2020,11,2,8,3371,17,92,3342,0,1,7,-33.408817,151.350372,16,2,2,0,1,0,0,0,2,0,0,60,2,78,78,8,5,40,1,0,0,0,0
1242955,3,2020,2020,11,4,10,97,31,142,92,0,1,9,-33.831112,150.992967,21,0,2,1,2,0,0,0,0,0,7,60,1,1669,1669,3,5,5,2,0,0,0,0
1242956,3,2020,2020,11,5,1,2209,17,55,2205,0,1,10,-35.72031,150.175506,23,2,1,1,2,0,0,0,0,2,7,70,2,9859,9859,8,30,40,1,0,0,0,0
1242957,3,2020,2020,1,3,2,3,31,187,34609,0,1,1,-33.888531,150.982712,15,0,2,1,2,0,3,0,0,0,7,50,0,9859,9859,1,5,5,2,0,0,0,0
1242960,3,2020,2020,10,4,8,255,27,103,76,0,1,9,-32.940263,151.669767,37,0,2,1,3,0,0,0,3,0,7,60,1,5929,5929,1,9,36,2,0,0,0,0
1242964,3,2020,2020,10,4,6,293,31,8,34609,0,1,10,-30.945139,149.062595,51,2,1,1,3,0,0,0,2,0,0,50,0,6545,6545,4,5,12,2,0,0,0,0
1242966,3,2020,2020,11,1,4,178,27,189,101,0,1,10,-33.954285,151.051544,25,0,2,1,3,0,0,0,2,0,0,50,1,775,775,4,5,5,2,0,0,0,0
1242968,3,2020,2020,11,1,5,28,10,32,70,0,1,7,-31.939946,152.471825,43,2,1,0,1,0,0,0,2,0,0,70,1,1981,1981,4,5,5,2,0,0,0,0
1242975,3,2020,2020,11,6,4,19,27,58,34609,0,1,1,-34.049795,151.11888,68,0,2,1,3,0,0,0,2,0,7,50,0,1391,1391,1,5,41,2,0,0,0,0
1242982,3,2020,2020,11,3,9,1052,14,46,928,0,1,3,-33.304731,151.402274,16,1,2,1,3,0,3,0,0,0,7,110,2,404,404,8,5,40,1,0,0,0,0
1242983,3,2020,2020,10,6,8,3371,17,149,3342,0,1,9,-33.359764,151.369557,16,2,2,1,3,0,0,0,2,2,7,60,2,1391,1391,1,5,5,2,0,0,0,0
1242984,3,2020,2020,11,6,8,29,27,106,27,0,1,9,-34.569281,150.792161,62,0,2,1,3,0,0,3,2,0,7,60,2,256,256,4,30,36,2,0,0,0,0
1242985,3,2020,2020,11,2,6,7,31,215,34609,0,1,10,-35.105288,147.363961,75,2,1,1,3,0,3,4,2,0,0,50,0,6545,6545,4,5,0,2,0,0,0,0
1242986,3,2020,2020,11,6,7,2126,17,136,2149,0,1,10,-33.8599,151.07286,67,0,2,1,3,0,0,0,2,0,15,60,2,775,775,4,0,5,2,0,0,0,0