Crash ID,Degree of crash - detailed,Reporting year,Year of crash,Month of crash,Day of week of crash,Two-hour intervals,Street of crash,Street type,Town,Route no.,School zone location,School zone active,Type of location,Latitude,Longitude,LGA,Urbanisation,Conurbation 1,Alignment,Street lighting,Road surface,Surface condition,Weather,Natural lighting,Signals operation,Other traffic control,Speed limit,Road classification,RUM - code,DCA - code,First impact type,Key TU type,Other TU type,No. of traffic units involved,No. killed,No. seriously injured,No. moderately injured,No. minor-other injured
1242990,3,2020,2020,11,2,5,63,27,224,605,0,1,2,-33.81388,151.243977,45,0,2,1,3,0,0,0,2,0,7,60,2,14295,14295,3,5,36,2,0,0,0,0
1242991,3,2020,2020,11,4,6,1,27,1,34609,0,1,1,-34.471431,149.586208,74,1,0,0,3,2,0,3,2,0,7,100,0,1259,5151,8,5,40,1,0,0,0,0
1242992,3,2020,2020,11,2,5,1052,14,60,928,0,1,3,-33.426846,151.237479,16,1,2,0,3,0,0,0,2,0,7,110,2,14295,14295,3,5,5,2,0,0,0,0
1243003,3,2020,2020,10,4,8,6,36,11,118,0,1,1,-30.613113,150.657699,70,1,0,0,3,0,0,0,2,0,7,100,2,2585,4009,8,5,40,1,0,0,0,0
1243005,3,2020,2020,10,2,9,46,1,293,34609,0,1,1,-33.925606,151.051735,15,0,2,1,3,0,0,0,3,0,7,50,0,1282,1282,1,5,5,2,0,0,0,0
1243006,3,2020,2020,11,0,7,15,27,253,7,0,1,9,-33.968696,151.101828,25,0,2,0,3,0,0,0,2,2,7,60,1,4552,985,8,5,40,1,0,0,0,0
1243008,3,2020,2020,11,5,9,5,27,2,34609,0,1,1,-28.997325,153.389204,39,1,0,1,3,0,0,0,0,0,7,100,0,1089,1089,7,5,40,1,0,0,0,0
1243012,3,2020,2020,11,5,8,283,27,145,702,1,0,10,-33.92291,151.06837,15,0,2,1,3,0,0,0,2,2,7,60,2,14295,14295,3,0,25,2,0,0,0,0
1243014,3,2020,2020,10,0,10,2209,17,106,2205,0,1,7,-34.549279,150.78535,62,0,2,0,3,0,0,0,0,0,0,70,2,5929,5929,1,5,5,2,0,0,0,0
1243015,3,2020,2020,10,0,8,515,14,60,518,0,1,3,-33.94221,150.942974,41,0,2,1,3,0,0,0,3,0,7,100,2,14295,14295,3,10,36,3,0,0,0,0
1243017,3,2020,2020,11,3,10,78,17,23,58,0,1,1,-35.089675,149.032206,82,1,0,1,3,0,0,0,0,0,7,100,2,1089,1089,7,5,40,1,0,0,0,0
1243018,3,2020,2020,10,1,8,225,17,85,180,1,0,10,-34.571547,150.76538,62,0,2,1,3,0,0,0,3,2,7,60,2,14295,14295,3,5,13,3,0,0,0,0
1243019,3,2020,2020,11,6,11,57,27,172,126,0,1,1,-32.755578,151.608737,42,2,1,1,3,0,3,3,0,0,7,60,2,9859,9859,8,5,40,1,0,0,0,0
1243020,3,2020,2020,10,3,7,115,27,96,173,0,1,1,-34.245488,150.699398,79,1,2,1,3,0,0,0,2,0,7,100,2,3775,3775,0,19,5,3,0,0,0,0
1243021,3,2020,2020,1,4,5,294,17,7,288,0,1,1,-34.920223,146.643103,51,1,0,0,3,0,3,4,2,0,7,100,2,4552,5151,8,5,40,1,0,0,0,0
1243024,3,2020,2020,10,6,4,293,31,128,369,0,1,10,-33.624045,150.801179,29,2,2,1,3,0,0,0,2,0,0,60,2,945,945,5,5,40,1,0,0,0,0
1243025,3,2020,2020,10,2,8,1,27,6,34609,0,1,9,-34.058658,151.028095,68,0,2,1,3,0,0,0,3,0,0,50,0,14295,14295,3,30,13,2,0,0,0,0
1243026,3,2020,2020,10,6,9,866,17,54,793,0,1,9,-33.723332,151.091235,31,0,2,1,3,0,0,0,0,2,9,70,2,5929,5929,1,5,0,2,0,0,0,0
1243028,3,2020,2020,10,1,11,387,27,82,34609,0,1,1,-31.063101,150.927169,70,2,1,0,3,0,0,0,0,0,7,80,0,782,957,5,10,40,1,0,0,0,0
1243030,3,2020,2020,11,3,9,163,27,63,165,0,1,9,-33.736404,150.798406,7,0,2,1,3,0,3,0,3,2,8,60,1,14295,14295,3,5,5,2,0,0,0,0
1243031,3,2020,2020,10,5,4,2209,17,64,2205,0,1,10,-34.383529,150.900309,80,0,2,1,3,0,0,0,2,2,7,80,2,1391,1391,1,0,5,2,0,0,0,0
1243035,3,2020,2020,10,6,11,9,31,304,6,0,1,1,-33.901411,151.15333,32,0,2,0,3,0,0,0,0,0,7,60,1,144,144,1,10,12,2,0,0,0,0
1243036,3,2020,2020,11,0,8,98,27,223,11,0,1,1,-33.802733,150.927999,7,0,2,1,3,0,0,0,2,0,7,60,1,14295,14295,3,5,36,2,0,0,0,0
1243038,3,2020,2020,11,4,6,133,31,161,51,0,1,9,-33.883844,151.156218,32,0,2,1,3,0,0,0,2,0,0,50,1,2852,2852,4,9,12,2,0,0,0,0
1243040,3,2020,2020,10,5,3,3,27,3,34609,0,1,1,-28.82365,152.608999,51,1,0,1,3,0,0,0,2,0,7,100,0,945,945,5,5,40,1,0,0,0,0
1243043,3,2020,2020,8,5,2,36,27,28,72,0,1,9,-28.691469,153.517165,10,2,1,1,3,0,0,0,1,0,0,80,2,14295,14295,3,0,22,2,0,0,0,0
1243044,3,2020,2020,10,4,7,194,31,128,34609,0,1,1,-33.616493,150.806875,29,2,2,1,3,0,0,0,2,0,7,50,0,9859,9859,1,10,5,2,0,0,0,0
1243045,3,2020,2020,11,2,8,85,10,38,702,0,1,2,-33.839381,151.083102,14,0,2,1,3,0,0,0,2,0,7,70,2,1391,1391,1,21,0,3,0,0,0,0
1243053,3,2020,2020,10,6,8,2126,17,60,2149,0,1,1,-33.765091,150.74569,55,0,2,1,3,0,3,4,2,2,7,80,2,14295,14295,3,0,5,3,0,0,0,0
1243055,3,2020,2020,10,6,7,161,17,39,161,0,1,10,-35.294993,148.215652,66,2,1,0,3,0,3,4,2,0,0,50,2,6545,6545,4,5,10,2,0,0,0,0
1243056,3,2020,2020,10,2,10,478,17,128,480,0,1,2,-33.42748,151.325031,16,2,2,1,3,0,0,0,0,2,7,70,2,5929,5929,1,5,19,2,0,0,0,0
1243058,3,2020,2020,11,1,4,27,31,15,40,0,1,10,-33.779849,151.282215,50,0,2,1,3,0,0,0,2,2,7,50,1,6545,6545,4,5,13,2,0,0,0,0
1243066,3,2020,2020,11,3,9,17,10,51,34609,0,1,7,-33.253325,151.496707,16,2,2,1,3,0,0,0,0,0,0,50,0,14295,14295,3,16,40,2,0,0,0,0
1243067,3,2020,2020,11,6,4,55,1,167,34609,0,1,10,-33.83992,151.068649,54,0,2,1,3,0,0,0,2,0,15,60,0,6545,6545,4,5,5,2,0,0,0,0
1243070,3,2020,2020,1,1,4,62,27,39,166,0,1,7,-33.249671,151.482808,16,2,2,1,3,0,0,0,2,0,0,70,2,1850,985,5,16,40,1,0,0,0,0
1243073,3,2020,2020,11,5,1,97,31,363,92,0,1,9,-33.821534,150.99565,54,0,2,1,3,0,0,0,0,0,7,60,1,475,475,5,5,40,1,0,0,0,0
1243076,3,2020,2020,10,0,8,229,14,36,237,0,1,3,-33.763581,151.08073,31,0,2,1,3,0,0,0,2,0,7,100,2,14295,14295,3,10,0,7,0,0,0,0
1243077,3,2020,2020,10,5,7,68,27,110,67,0,1,9,-33.768966,151.031131,54,0,2,0,3,0,0,3,2,2,7,60,1,2852,2852,4,5,13,2,0,0,0,0
1243079,3,2020,2020,11,4,6,13,31,463,62,0,1,9,-30.295869,153.111706,19,2,1,1,3,0,0,0,2,0,7,50,1,1669,1669,3,5,5,2,0,0,0,0
1243085,3,2020,2020,1,0,8,112,17,207,112,0,1,1,-31.991799,141.332966,51,1,0,0,0,0,0,0,2,0,7,110,2,273,957,5,10,40,1,0,0,0,0
1243089,3,2020,2020,10,5,7,866,31,182,34609,0,1,10,-32.837596,151.356873,17,2,1,1,3,0,0,0,2,0,15,50,0,6545,6545,4,5,13,2,0,0,0,0
1243092,3,2020,2020,10,0,9,2,31,43,34609,0,1,10,-33.735076,150.780943,7,0,2,1,3,0,0,0,3,0,15,50,0,6545,6545,4,0,5,2,0,0,0,0
1243094,3,2020,2020,1,5,4,6,31,646,34609,0,1,1,-33.912835,151.021194,15,0,2,1,0,0,0,6,2,0,7,50,0,1282,1282,1,33,5,2,0,0,0,0
1243098,3,2020,2020,10,5,9,78,31,207,34609,0,1,1,-31.982873,141.467141,51,2,1,1,3,0,3,4,3,0,7,50,0,9859,9859,8,34,40,1,0,0,0,0
1243102,3,2020,2020,11,6,11,72,27,193,56,0,1,9,-33.793845,151.065969,61,0,2,1,2,0,3,4,0,2,6,60,2,63,63,4,5,36,2,0,0,0,0
1243124,3,2020,2020,11,0,6,8,27,187,34609,0,1,1,-33.79728,150.985865,54,0,2,1,3,0,0,0,2,0,7,50,0,14295,14295,3,34,5,4,0,0,0,0
1243125,3,2020,2020,11,3,1,8,1,112,34609,0,1,9,-33.90407,151.209495,69,0,2,1,3,0,0,0,0,0,7,50,0,9859,9859,1,9,0,3,0,0,0,0
1243137,3,2020,2020,11,0,9,3,28,21,34609,0,1,1,-33.036257,151.583751,37,0,2,0,2,0,3,4,0,0,7,50,0,4552,5151,8,34,40,1,0,0,0,0
1243141,3,2020,2020,11,1,4,171,27,64,369,0,1,9,-33.715028,150.724966,55,0,2,1,3,0,0,0,2,2,7,80,2,5929,5929,1,5,5,2,0,0,0,0
1243145,3,2020,2020,11,1,1,19,31,44,34609,0,1,9,-34.565445,150.847969,62,0,2,0,3,0,0,0,0,0,7,50,0,4552,5151,8,5,40,1,0,0,0,0
1243151,3,2020,2020,11,2,5,43,27,61,76,0,1,2,-32.924423,151.735315,48,0,2,1,3,0,0,0,2,0,7,60,1,14295,14295,3,34,36,2,0,0,0,0
1243154,3,2020,2020,10,4,5,28,10,179,70,0,1,1,-31.91662,152.458366,43,2,1,1,3,0,0,0,2,0,7,60,1,14295,14295,3,5,5,2,0,0,0,0
1243155,3,2020,2020,10,2,8,25,27,8,143,0,1,1,-33.345318,149.623144,3,1,0,0,3,0,0,0,2,0,7,100,2,1957,4009,8,5,40,1,0,0,0,0
1243167,3,2020,2020,10,4,6,27,27,84,35,1,0,2,-33.806185,150.98748,54,0,2,1,3,0,0,0,2,0,7,40,1,14295,14295,3,0,22,2,0,0,0,0
1243168,3,2020,2020,11,0,9,111,27,102,233,0,1,2,-33.967354,151.231352,59,0,2,0,3,0,3,0,3,0,7,60,1,1957,4009,8,5,40,1,0,0,0,0
1243169,3,2020,2020,10,1,4,1,27,18,34609,0,1,1,-33.352438,149.051347,52,1,0,1,3,0,0,0,2,0,7,100,0,1981,1981,4,9,35,2,0,0,0,0
1243173,3,2020,2020,10,1,7,161,17,23,161,0,1,1,-36.654811,149.604907,5,1,0,1,3,0,0,0,2,0,7,100,2,14295,14295,3,0,13,2,0,0,0,0
1243175,3,2020,2020,1,4,8,3371,17,5,3342,0,1,2,-30.785124,152.887038,47,1,0,1,3,0,0,0,0,0,7,100,2,4026,4026,8,10,40,1,0,0,0,0
1243191,3,2020,2020,1,1,6,18,27,54,34609,1,0,1,-33.722206,151.097818,31,0,2,1,0,0,0,0,2,0,7,50,0,9859,9859,1,33,41,2,0,0,0,0
1243193,3,2020,2020,11,1,10,296,27,290,293,0,1,9,-33.861092,150.992986,21,0,2,1,2,0,0,0,0,2,7,70,2,2852,2852,4,10,5,2,0,0,0,0
1243195,3,2020,2020,1,5,0,3371,17,27,3342,0,1,7,-30.203616,153.147636,19,2,1,1,2,0,0,0,0,0,0,60,2,1945,1945,5,0,40,1,0,0,0,0
1243197,3,2020,2020,11,0,7,126,1,94,144,0,1,7,-33.785687,150.805902,55,0,2,0,1,0,3,4,2,0,0,60,2,1282,1282,1,33,5,2,0,0,0,0
1243199,3,2020,2020,11,3,0,28,27,4,62,0,1,1,-36.714563,149.87313,5,2,1,1,0,0,0,0,0,0,7,80,1,9859,9859,8,10,40,1,0,0,0,0
1243203,3,2020,2020,11,4,11,3,1,144,34609,0,1,1,-34.067852,151.012707,68,0,2,1,3,0,0,0,0,0,7,50,0,248,248,1,0,5,2,0,0,0,0
1243204,3,2020,2020,10,0,4,168,17,36,212,0,1,9,-35.432879,149.796379,58,2,1,1,3,0,0,0,2,0,7,50,2,14295,14295,3,5,5,2,0,0,0,0
1243205,3,2020,2020,11,6,8,2209,17,10,2205,0,1,9,-33.983417,151.114459,25,0,2,1,3,0,0,0,3,0,7,70,2,14295,14295,3,5,36,2,0,0,0,0
1243207,3,2020,2020,1,2,8,125,31,290,34609,0,1,1,-33.954886,151.133838,4,0,2,1,0,0,0,0,2,0,7,50,0,9859,9859,1,30,5,3,0,0,0,0
1243217,3,2020,2020,10,0,6,196,10,33,168,0,1,2,-33.964413,151.039949,15,0,2,1,3,0,0,0,2,0,7,70,2,623,623,3,5,5,3,0,0,0,0
1243218,3,2020,2020,11,3,0,125,27,55,123,0,1,2,-33.367153,151.465506,16,2,2,1,3,0,3,0,0,0,7,60,2,4026,4026,8,5,40,1,0,0,0,0
1243221,3,2020,2020,11,3,2,9,10,67,34609,0,1,1,-33.70782,150.901123,7,0,2,1,3,0,0,0,0,0,7,50,0,9859,9859,1,5,0,2,0,0,0,0
1243223,3,2020,2020,11,6,5,19,31,225,19,0,1,1,-33.797593,151.186218,77,0,2,1,3,0,0,0,2,0,7,40,1,323,323,1,10,0,2,0,0,0,0
1243224,3,2020,2020,11,1,8,229,14,173,237,0,1,3,-33.778221,151.128374,61,0,2,1,3,0,0,0,2,0,7,100,2,14295,14295,3,5,5,3,0,0,0,0
1243228,3,2020,2020,10,4,10,220,27,46,222,0,1,9,-33.785715,150.971952,54,0,2,1,3,0,0,0,0,2,7,80,2,14295,14295,3,5,0,2,0,0,0,0
1243230,3,2020,2020,10,2,10,109,27,323,382,0,1,1,-33.784275,150.852495,7,0,2,1,3,0,0,0,2,0,7,60,2,9859,9859,1,0,5,2,0,0,0,0
1243233,3,2020,2020,10,2,8,15,27,30,34609,0,1,1,-34.034185,150.819669,13,0,2,1,3,0,0,0,2,0,7,60,0,9859,9859,1,10,5,2,0,0,0,0
1243238,3,2020,2020,11,5,8,2126,17,445,2149,0,1,1,-33.850649,151.053386,21,0,2,1,3,0,0,0,2,0,7,60,2,14295,14295,3,9,36,3,0,0,0,0
1243245,3,2020,2020,11,2,11,15,1,45,34609,0,1,1,-33.678763,151.228465,50,0,2,1,2,0,0,0,0,0,7,50,0,9859,9859,1,6,5,5,0,0,0,0
1243249,3,2020,2020,10,3,5,387,36,86,69,0,1,10,-33.722236,151.217148,50,0,2,1,3,0,0,0,2,2,7,80,2,14295,14295,3,10,5,3,0,0,0,0
1243264,3,2020,2020,11,1,1,2261,17,187,2252,0,1,2,-33.889042,150.971159,24,0,2,1,2,0,0,0,0,0,7,70,2,9859,9859,8,0,40,1,0,0,0,0
1243268,3,2020,2020,11,0,8,348,27,363,88,0,1,1,-33.748509,150.688672,55,0,2,1,2,0,0,0,2,0,7,60,2,404,404,8,5,40,1,0,0,0,0
1243274,3,2020,2020,11,6,6,8,36,3,5,0,1,1,-30.227129,152.925642,19,2,1,0,0,0,0,0,2,0,7,80,1,2585,4009,8,5,40,1,0,0,0,0
1243275,3,2020,2020,11,3,7,48,27,2,42,0,1,1,-35.107135,150.351545,63,1,0,0,1,0,3,3,2,0,7,100,1,4552,5151,8,0,40,1,0,0,0,0
1243276,3,2020,2020,10,4,2,109,27,38,169,0,1,10,-32.814395,151.455733,17,2,1,1,3,0,3,0,0,0,0,60,2,5929,5929,1,30,41,2,0,0,0,0
1243281,3,2020,2020,11,4,3,12,27,197,34609,0,1,9,-33.80602,151.130701,61,0,2,1,0,0,0,0,1,0,7,50,0,237,162,8,5,40,1,0,0,0,0
1243282,3,2020,2020,11,2,9,100,27,127,30,0,1,10,-33.895677,151.156844,32,0,2,1,2,0,0,3,0,2,7,60,1,5929,5929,1,33,18,2,0,0,0,0
1243290,3,2020,2020,11,5,7,57,27,75,126,0,1,9,-32.76501,151.63594,42,2,1,1,3,0,0,0,2,2,7,80,2,14295,14295,3,5,36,2,0,0,0,0
1243293,3,2020,2020,11,3,9,3,27,52,34609,0,1,1,-33.653367,150.722588,55,0,2,1,3,0,0,0,0,0,7,80,0,9859,9859,8,30,40,1,0,0,0,0
1243295,3,2020,2020,11,2,8,3,31,90,34609,0,1,9,-32.924894,151.744897,48,0,2,1,3,0,0,0,2,0,7,50,0,9859,9859,1,5,0,2,0,0,0,0
1243298,3,2020,2020,11,6,7,51,27,15,34609,0,1,1,-33.792642,151.049659,54,0,2,1,3,0,0,0,2,0,7,50,0,9859,9859,1,21,5,2,0,0,0,0
1243305,3,2020,2020,10,1,10,2126,17,169,2149,0,1,9,-33.782316,150.827632,7,0,2,1,3,0,0,0,0,2,7,80,2,2852,2852,4,0,5,2,0,0,0,0
1243307,3,2020,2020,11,0,6,22,22,532,22,0,1,3,-33.855118,151.213537,69,0,2,1,3,0,0,0,2,0,7,80,2,14295,14295,3,0,5,2,0,0,0,0
1243308,3,2020,2020,1,1,7,81,27,609,115,0,1,2,-33.794645,150.897703,7,0,2,1,3,0,0,0,2,0,7,60,2,4026,4026,8,5,40,1,0,0,0,0
1243309,3,2020,2020,11,2,5,31,22,74,34609,0,1,1,-34.438049,150.86341,80,0,2,0,3,0,0,0,2,0,7,50,0,14295,14295,3,10,5,3,0,0,0,0
1243315,3,2020,2020,10,4,8,2126,17,323,2149,0,1,10,-33.791725,150.866921,7,0,2,1,3,0,0,0,2,2,7,80,2,101,101,8,5,12,2,0,0,0,0
1243316,3,2020,2020,10,0,10,109,27,95,382,0,1,9,-33.737829,150.843965,7,0,2,0,3,0,0,0,0,2,7,60,2,1957,777,8,30,40,1,0,0,0,0
1243324,3,2020,2020,11,1,4,1052,27,104,262,0,1,6,-32.909269,151.705399,48,0,2,0,3,0,0,0,2,0,9,60,2,14295,14295,3,5,5,2,0,0,0,0
1243325,3,2020,2020,11,1,11,829,1,337,35,0,1,7,-33.730355,150.979475,71,0,2,1,3,0,0,0,0,0,0,50,1,1981,1981,4,5,5,2,0,0,0,0
1243327,3,2020,2020,10,2,5,112,17,4,112,0,1,1,-31.529217,146.254192,51,1,0,1,3,0,0,0,2,0,7,110,2,475,475,5,5,40,1,0,0,0,0
1243331,3,2020,2020,11,2,5,204,27,50,34609,0,1,10,-33.511337,151.32695,16,2,2,1,3,0,0,0,2,0,15,60,0,301,301,4,30,5,2,0,0,0,0
1243332,3,2020,2020,11,2,10,60,27,147,69,1,0,10,-33.869646,151.122307,14,0,2,1,3,0,0,0,4,2,7,60,2,6545,6545,4,5,5,2,0,0,0,0
1243337,3,2020,2020,11,0,4,18,27,44,34609,0,1,1,-32.422436,152.198655,43,2,1,1,3,0,0,0,2,0,7,80,0,1089,1089,7,10,40,1,0,0,0,0
1243339,3,2020,2020,11,5,5,3371,17,119,3342,0,1,2,-32.757308,151.765085,57,1,0,1,3,0,0,0,2,0,7,110,2,1383,1383,1,5,35,2,0,0,0,0
1243340,3,2020,2020,10,6,4,500,27,129,799,0,1,9,-33.928421,151.076767,15,0,2,1,3,0,0,0,2,2,7,60,2,926,926,4,5,25,4,0,0,0,0
1243341,3,2020,2020,10,6,8,1104,14,323,962,0,1,3,-33.791301,150.818445,7,0,2,1,3,0,0,3,3,0,7,110,2,14295,14295,3,8,0,3,0,0,0,0
1243344,3,2020,2020,10,4,0,75,10,80,165,0,1,3,-33.936063,151.201092,4,0,2,1,3,0,3,4,0,0,7,80,2,14295,14295,3,5,0,2,0,0,0,0
1243345,3,2020,2020,10,6,10,19,18,64,32,0,1,9,-34.384038,150.903377,80,0,2,1,3,0,3,3,0,0,15,50,1,248,248,1,30,5,2,0,0,0,0
1243347,3,2020,2020,1,0,8,81,17,30,34609,0,1,1,-34.46995,150.362411,78,1,0,1,3,0,0,0,2,0,7,100,0,1981,1981,4,0,5,2,0,0,0,0
1243348,3,2020,2020,11,4,1,2261,17,70,2252,0,1,2,-34.579213,150.252491,78,1,0,1,3,0,0,0,0,0,7,110,2,4026,4026,8,29,40,1,0,0,0,0
1243357,3,2020,2020,11,6,2,225,17,4,180,0,1,1,-34.55793,150.641514,78,2,1,0,3,0,0,0,1,0,7,60,2,1850,1463,5,8,40,1,0,0,0,0
1243366,3,2020,2020,11,6,8,2126,17,363,2149,0,1,9,-33.755915,150.708787,55,0,2,1,1,0,0,0,2,2,7,60,2,6545,6545,4,0,5,2,0,0,0,0
1243376,3,2020,2020,1,3,1,4,10,316,34609,0,1,1,-31.481466,152.92437,56,2,1,1,2,0,0,0,0,0,7,50,0,9859,9859,1,5,5,4,0,0,0,0
1243388,3,2020,2020,5,6,8,149,27,294,198,0,1,9,-33.928206,150.931039,41,0,2,1,2,0,0,0,2,2,7,60,2,1383,1383,1,33,5,3,0,0,0,0
1243424,3,2020,2020,11,1,9,31,27,136,101,0,1,2,-32.92109,151.723586,48,0,2,1,2,0,0,0,0,0,7,60,2,4026,4026,8,5,40,1,0,0,0,0
1243430,3,2020,2020,11,0,10,78,31,49,34609,0,1,9,-32.989087,151.67879,37,0,2,1,2,0,0,0,0,0,7,60,0,9859,9859,1,0,5,3,0,0,0,0
1243435,3,2020,2020,10,5,8,22,27,90,93,0,1,2,-33.785364,150.958785,54,0,2,1,1,0,0,0,3,0,7,60,1,475,475,5,0,40,1,0,0,0,0
1243437,3,2020,2020,10,3,3,515,14,523,518,0,1,6,-33.93805,150.914144,41,0,2,0,0,0,0,0,2,0,0,60,2,2585,4009,8,5,40,1,0,0,0,0
1243441,3,2020,2020,10,0,0,12,27,62,12,0,1,1,-33.747838,151.262908,50,0,2,1,2,0,0,0,0,0,7,60,1,9859,9859,8,10,40,1,0,0,0,0
1243460,3,2020,2020,10,2,7,47,26,201,160,0,1,9,-34.014347,150.867895,13,0,2,0,0,0,0,0,2,0,0,60,2,2852,2852,4,0,5,2,0,0,0,0
1243462,3,2020,2020,11,2,6,234,27,337,217,0,1,1,-33.742942,150.999176,71,0,2,1,1,0,0,0,2,0,7,60,2,1383,1383,1,5,12,2,0,0,0,0
1243485,3,2020,2020,11,5,2,15,25,21,34609,0,1,9,-34.540984,150.854003,62,0,2,1,2,0,0,0,1,0,15,50,0,489,489,8,10,40,1,0,0,0,0
1243496,3,2020,2020,11,3,1,3371,17,107,3342,0,1,7,-33.271019,151.453086,16,2,2,0,2,0,0,0,0,0,0,70,2,78,78,8,5,40,1,0,0,0,0
1243499,3,2020,2020,11,3,0,18,18,56,34609,0,1,1,-31.092037,152.836995,34,2,1,1,2,0,3,0,0,0,7,50,0,9859,9859,8,5,40,1,0,0,0,0
1243515,3,2020,2020,11,5,4,2261,17,30,2252,0,1,2,-35.532433,147.545974,27,1,0,1,0,0,0,0,2,0,7,110,2,945,945,5,29,40,1,0,0,0,0
1243576,3,2020,2020,11,2,0,1,31,21,34609,0,1,4,-34.546185,150.869887,62,0,2,0,2,0,0,0,0,0,7,50,0,782,957,5,5,40,1,0,0,0,0
1243577,3,2020,2020,11,6,2,13,27,460,34609,0,1,1,-33.826308,150.981617,21,0,2,1,2,0,0,0,0,0,7,50,0,9859,9859,1,5,0,2,0,0,0,0
1243585,3,2020,2020,10,4,5,5,31,29,34609,0,1,1,-35.10476,150.623832,63,2,1,1,1,0,0,0,2,0,7,50,0,323,323,1,5,5,2,0,0,0,0
1243597,3,2020,2020,11,5,2,55,1,123,34609,0,1,9,-33.847591,148.688859,51,2,1,1,0,0,0,0,0,0,7,50,0,4552,985,8,5,40,1,0,0,0,0
1243611,3,2020,2020,11,0,10,29,31,56,34609,0,1,1,-31.471703,152.731318,56,2,1,1,2,0,0,0,0,0,7,50,0,9859,9859,1,10,5,2,0,0,0,0
1243620,3,2020,2020,11,6,2,41,27,58,80,0,1,1,-32.983912,151.663921,37,0,2,1,2,0,0,0,0,0,7,60,1,4026,4026,8,0,40,1,0,0,0,0
1243626,3,2020,2020,10,0,0,158,27,46,207,0,1,9,-33.877286,151.233684,81,0,2,1,2,0,0,0,0,2,7,60,2,2852,2852,4,0,5,2,0,0,0,0
1243638,3,2020,2020,5,2,9,32,31,28,34609,0,1,1,-28.686682,153.523177,10,2,1,1,2,0,0,0,0,0,7,50,0,4026,4026,1,9,0,2,0,0,0,0
1243639,3,2020,2020,11,2,11,16,27,316,120,1,0,1,-33.909016,151.24441,59,0,2,0,2,0,0,0,0,0,7,50,2,4552,5151,1,10,5,2,0,0,0,0
1243684,3,2020,2020,11,2,11,6,1,22,34609,0,1,9,-32.858473,149.969404,44,2,1,1,2,0,3,4,0,0,7,50,0,2585,777,8,5,40,1,0,0,0,0
1243704,3,2020,2020,10,0,0,7,10,42,9,0,1,1,-33.646333,151.228723,50,0,2,0,0,0,0,0,0,0,7,60,2,2585,4009,8,5,40,1,0,0,0,0
1243709,3,2020,2020,11,4,8,16,27,53,7,0,1,9,-30.634557,152.974683,47,2,1,1,1,0,0,0,2,0,0,60,1,14295,14295,3,5,13,2,0,0,0,0
1243795,3,2020,2020,5,1,7,3371,17,173,3342,1,0,10,-33.719583,151.115898,36,0,2,1,1,0,0,0,2,2,7,60,2,1383,1383,1,3,5,2,0,0,0,0
1243807,3,2020,2020,6,2,11,485,27,87,34609,0,1,1,-34.063246,151.151836,68,0,2,1,1,0,3,0,0,0,7,50,0,4026,4026,1,10,0,2,0,0,0,0
1243816,3,2020,2020,5,0,11,26,31,123,38,0,1,9,-33.828658,148.683392,51,2,1,1,2,0,0,0,0,0,7,50,2,4552,985,8,0,40,1,0,0,0,0
1243817,3,2020,2020,1,4,11,3,7,41,34609,0,1,1,-33.726424,150.827205,7,0,2,0,2,0,0,0,0,0,7,50,0,1957,4009,8,5,40,1,0,0,0,0
1243841,3,2020,2020,11,6,7,40,27,73,34609,0,1,9,-35.122079,147.377961,75,2,1,1,3,0,0,0,2,2,7,60,0,2852,2852,4,5,5,3,0,0,0,0
1243850,3,2020,2020,10,6,7,77,27,17,58,0,1,1,-34.681393,150.488714,63,2,1,1,3,0,3,3,2,0,7,60,2,3775,3775,0,30,0,3,0,0,0,0
1243851,3,2020,2020,10,4,4,283,27,91,702,0,1,2,-33.962186,151.091486,25,0,2,1,3,0,0,0,2,0,7,60,2,1383,1383,1,0,35,3,0,0,0,0
1243858,3,2020,2020,10,6,5,330,23,123,233,0,1,2,-33.913787,151.225186,59,0,2,0,3,0,0,0,2,0,7,50,2,1391,1391,1,10,13,2,0,0,0,0
1243860,3,2020,2020,10,1,7,27,27,251,136,0,1,9,-33.767372,150.948888,7,0,2,1,3,0,0,0,2,2,7,60,2,5929,5929,1,5,5,2,0,0,0,0
1243863,3,2020,2020,10,0,10,916,17,5,917,0,1,1,-29.856468,151.737408,51,1,0,1,3,0,3,0,0,0,7,100,2,1089,1089,7,0,40,1,0,0,0,0
1243864,3,2020,2020,11,3,5,19,31,111,34609,0,1,1,-33.921332,151.251806,59,0,2,1,3,0,0,0,2,0,7,50,0,14295,14295,3,5,5,5,0,0,0,0
1243867,3,2020,2020,10,5,4,23,31,38,34609,0,1,10,-32.813006,151.459228,17,2,1,1,3,0,0,0,2,0,0,50,0,301,301,4,0,5,2,0,0,0,0
1243869,3,2020,2020,10,4,3,225,17,2,180,0,1,1,-34.570942,150.449629,78,1,0,1,3,0,0,0,2,0,7,100,2,323,323,1,0,10,2,0,0,0,0
1243888,3,2020,2020,10,5,10,115,27,113,48,0,1,6,-34.367681,150.85958,80,0,2,0,0,0,0,0,0,0,7,80,2,2585,4009,8,5,40,1,0,0,0,0
1243892,3,2020,2020,10,2,9,3,1,30,34609,0,1,1,-31.044538,151.06016,70,2,1,1,1,0,0,0,0,0,7,50,0,489,489,8,10,40,1,0,0,0,0