Crash ID,Degree of crash - detailed,Reporting year,Year of crash,Month of crash,Day of week of crash,Two-hour intervals,Street of crash,Street type,Town,Route no.,School zone location,School zone active,Type of location,Latitude,Longitude,LGA,Urbanisation,Conurbation 1,Alignment,Street lighting,Road surface,Surface condition,Weather,Natural lighting,Signals operation,Other traffic control,Speed limit,Road classification,RUM - code,DCA - code,First impact type,Key TU type,Other TU type,No. of traffic units involved,No. killed,No. seriously injured,No. moderately injured,No. minor-other injured
1243895,3,2020,2020,11,4,9,916,17,70,917,0,1,7,-32.725283,151.543888,42,2,1,1,2,0,0,0,0,0,0,60,2,14295,14295,3,5,36,2,0,0,0,0
1243899,3,2020,2020,11,3,5,6,27,7,34609,0,1,1,-36.70402,149.7817,5,1,0,0,0,2,0,0,2,0,7,100,0,273,957,5,0,40,1,0,0,0,0
1243907,3,2020,2020,10,3,11,103,27,94,563,0,1,2,-33.84181,151.044601,54,0,2,1,2,0,0,0,0,0,7,70,2,14295,14295,3,5,12,2,0,0,0,0
1243917,3,2020,2020,10,3,11,15,27,147,34609,0,1,1,-33.756263,151.281786,50,0,2,1,0,0,0,0,0,0,7,50,0,9859,9859,1,5,36,2,0,0,0,0
1243936,3,2020,2020,10,2,6,33,27,70,49,0,1,7,-33.880875,150.886047,24,0,2,0,3,0,0,0,2,0,0,60,1,301,301,4,5,5,2,0,0,0,0
1243937,3,2020,2020,10,6,5,17,36,68,19,0,1,2,-34.807809,148.881026,82,2,1,0,3,0,0,0,2,0,7,80,1,1850,1463,5,9,40,1,0,0,0,0
1243943,3,2020,2020,10,4,11,108,27,438,34609,0,1,1,-33.842285,151.040629,21,0,2,1,3,0,0,0,0,0,7,50,0,1109,787,1,0,5,2,0,0,0,0
1243946,3,2020,2020,10,0,8,308,14,127,311,0,1,3,-33.841985,150.855451,24,0,2,1,3,0,0,0,2,0,7,100,2,14295,14295,3,10,10,2,0,0,0,0
1243948,3,2020,2020,11,6,6,2,27,2,34609,1,0,1,-28.639444,153.313566,39,1,0,0,3,2,0,3,2,0,7,100,0,3775,3775,0,0,0,2,0,0,0,0
1243949,3,2020,2020,10,3,6,16,27,316,34609,0,1,9,-33.907724,151.247278,59,0,2,1,3,0,0,0,2,0,7,50,0,1282,1282,1,16,36,2,0,0,0,0
1243952,3,2020,2020,10,2,9,3,31,19,34609,0,1,10,-35.812285,145.581506,51,2,1,1,3,0,0,0,3,0,0,50,0,6545,6545,4,10,0,2,0,0,0,0
1243953,3,2020,2020,10,6,8,7,31,77,34609,0,1,10,-32.945275,151.757448,48,0,2,1,3,0,0,3,2,0,0,50,0,6545,6545,4,10,5,3,0,0,0,0
1243961,3,2020,2020,10,4,9,3,31,207,34609,0,1,10,-31.945097,141.469034,51,2,1,1,3,0,0,0,2,0,0,50,0,6545,6545,4,5,5,2,0,0,0,0
1243963,3,2020,2020,10,4,10,2,31,83,34609,0,1,1,-30.113417,153.199696,19,2,1,1,2,0,0,0,0,0,7,50,0,9859,9859,1,0,5,2,0,0,0,0
1243965,3,2020,2020,10,1,6,348,17,24,232,0,1,1,-31.889903,149.287076,51,1,0,0,3,0,0,0,2,0,7,100,2,380,714,5,0,40,1,0,0,0,0
1243981,3,2020,2020,11,3,4,30,27,187,94,0,1,1,-33.881768,150.991388,15,0,2,0,1,0,0,0,2,0,7,60,1,1957,4009,8,5,40,1,0,0,0,0
1243990,3,2020,2020,10,0,9,74,27,609,163,0,1,7,-33.777141,150.907542,7,0,2,1,2,0,0,0,0,3,0,60,2,6545,6545,4,10,5,2,0,0,0,0
1243997,3,2020,2020,10,3,3,234,27,24,228,0,1,1,-33.392565,150.986077,31,0,2,0,0,0,0,0,2,0,7,60,2,14295,14295,3,5,5,2,0,0,0,0
1244004,3,2020,2020,5,1,10,103,27,62,256,0,1,9,-34.088821,150.806007,13,0,2,1,2,0,3,4,0,2,7,80,2,5929,5929,1,10,5,2,0,0,0,0
1244012,3,2020,2020,10,4,8,234,27,57,217,0,1,1,-33.604938,151.013381,31,0,2,1,0,0,0,0,2,0,7,60,2,14295,14295,3,34,40,2,0,0,0,0
1244022,3,2020,2020,11,5,4,123,27,337,11,0,1,9,-33.728273,150.986717,71,0,2,1,3,0,0,0,2,2,7,50,1,14295,14295,3,5,0,2,0,0,0,0
1244033,3,2020,2020,5,2,11,7,27,16,62,1,0,1,-36.421656,150.064561,5,2,1,1,2,0,0,6,0,0,7,50,1,4026,4026,8,0,40,1,0,0,0,0
1244035,3,2020,2020,5,5,6,193,18,30,34609,0,1,1,-34.858185,147.556751,51,1,0,1,0,2,0,0,2,0,7,100,0,9859,9859,8,5,40,1,0,0,0,0
1244037,3,2020,2020,5,0,7,346,27,9,34609,0,1,1,-28.896926,152.458896,51,1,0,1,3,2,3,3,2,0,7,100,0,945,945,5,5,40,1,0,0,0,0
1244042,3,2020,2020,11,4,5,107,22,239,121,1,0,9,-34.031588,151.117361,68,0,2,1,1,0,0,0,2,0,0,60,1,4026,4026,8,5,40,1,0,0,0,0
1244048,3,2020,2020,11,3,7,2261,17,64,2252,0,1,9,-33.888146,151.075078,67,0,2,1,1,0,0,0,2,0,7,60,2,1383,1383,1,5,10,2,0,0,0,0
1244056,3,2020,2020,11,5,3,31,27,79,33,1,0,9,-33.580767,150.718339,29,2,2,1,1,0,0,0,2,0,15,60,1,256,256,4,34,0,2,0,0,0,0
1244063,3,2020,2020,10,5,8,195,27,46,186,0,1,10,-33.924643,150.848472,41,0,2,1,3,0,0,0,2,2,7,70,2,941,941,1,0,22,2,0,0,0,0
1244066,3,2020,2020,10,4,7,829,27,125,770,0,1,2,-33.834921,151.127808,51,0,2,1,3,0,0,0,2,0,7,60,2,14295,14295,3,0,0,2,0,0,0,0
1244067,3,2020,2020,10,4,2,41,31,119,96,0,1,1,-33.874231,151.155104,32,0,2,1,3,0,0,0,1,0,7,50,2,1981,1981,4,10,13,2,0,0,0,0
1244068,3,2020,2020,10,0,6,8,27,14,34609,0,1,9,-33.146881,151.587847,16,2,2,0,3,0,0,0,2,0,7,50,0,2585,4009,8,5,40,1,0,0,0,0
1244070,3,2020,2020,10,6,3,2261,17,523,2252,0,1,10,-33.93457,150.915776,41,0,2,1,3,0,0,3,2,2,7,60,2,2852,2852,4,10,13,2,0,0,0,0
1244075,3,2020,2020,10,2,7,8,27,5,6,0,1,1,-34.769991,150.808586,35,2,1,1,3,0,0,0,2,0,7,60,1,101,101,8,5,5,2,0,0,0,0
1244077,3,2020,2020,10,2,6,6,31,13,34609,0,1,9,-34.348739,150.492852,78,2,1,1,3,0,0,0,2,0,0,50,0,6545,6545,4,8,5,2,0,0,0,0
1244078,3,2020,2020,10,0,6,230,27,80,284,0,1,2,-33.810856,151.164193,38,0,2,1,3,0,0,0,2,0,7,60,2,1391,1391,1,8,5,3,0,0,0,0
1244080,3,2020,2020,10,4,5,12,31,370,34609,0,1,1,-34.066018,150.815325,13,0,2,1,3,0,0,0,2,0,7,50,0,9859,9859,1,5,5,2,0,0,0,0
1244084,3,2020,2020,11,5,8,5,10,55,34609,0,1,2,-35.381144,149.196595,58,2,1,1,1,0,0,0,2,0,7,60,0,14295,14295,3,0,0,4,0,0,0,0
1244087,3,2020,2020,10,6,5,1,31,77,34609,0,1,5,-32.572388,151.169764,64,2,1,1,3,0,0,0,2,0,7,50,0,9859,9859,8,5,40,1,0,0,0,0
1244090,3,2020,2020,1,6,6,10,27,35,12,0,1,1,-34.897783,148.14108,20,2,1,0,3,0,3,4,2,0,7,80,1,4552,5151,8,9,40,1,0,0,0,0
1244093,3,2020,2020,11,3,9,65,31,609,115,0,1,10,-33.772915,150.902879,7,0,2,1,3,0,0,0,0,2,7,60,2,775,775,4,5,13,2,0,0,0,0
1244101,3,2020,2020,10,3,4,3,31,247,34609,0,1,1,-33.834016,150.943709,21,0,2,0,3,0,0,0,2,0,7,50,0,4552,5151,8,5,40,1,0,0,0,0
1244105,3,2020,2020,10,6,8,18,10,79,34609,0,1,2,-33.999858,150.739653,12,0,2,1,3,0,0,0,2,0,7,50,0,1391,1391,1,0,5,2,0,0,0,0
1244106,3,2020,2020,10,0,1,196,36,2,4,0,1,1,-33.592792,148.065677,51,1,0,1,3,0,0,0,0,0,7,100,1,4026,4026,8,34,40,1,0,0,0,0
1244107,3,2020,2020,10,3,6,255,27,20,76,0,1,10,-32.937733,151.686249,37,0,2,1,3,0,0,0,2,0,0,60,1,5929,5929,1,5,19,2,0,0,0,0
1244109,3,2020,2020,10,2,7,3371,17,54,3342,0,1,2,-33.092949,151.637662,37,0,2,1,3,0,0,0,2,0,7,60,2,9859,9859,1,0,0,2,0,0,0,0
1244110,3,2020,2020,10,4,10,2261,17,35,2252,0,1,2,-34.8766,148.250224,20,1,0,1,3,0,0,0,0,0,7,110,2,14295,14295,3,29,40,2,0,0,0,0
1244113,3,2020,2020,10,3,8,70,27,78,100,0,1,1,-33.695698,150.574076,8,2,2,0,3,0,0,0,2,0,7,60,2,2585,4009,8,10,40,1,0,0,0,0
1244114,3,2020,2020,10,5,6,149,10,346,702,0,1,2,-33.873629,151.066463,67,0,2,1,3,0,0,0,2,0,7,80,2,1391,1391,1,0,13,4,0,0,0,0
1244119,3,2020,2020,10,3,5,230,27,197,284,0,1,2,-33.79297,151.132503,61,0,2,1,3,0,0,0,2,0,7,70,2,1391,1391,1,0,5,2,0,0,0,0
1244134,3,2020,2020,10,2,6,11,10,273,34609,0,1,1,-34.421229,150.90775,80,0,2,1,0,0,0,0,2,0,7,40,0,248,248,1,33,5,2,0,0,0,0
1244140,3,2020,2020,10,4,8,60,27,174,44,0,1,10,-33.872302,150.936894,24,0,2,1,1,0,0,0,2,0,7,50,1,14295,14295,3,5,5,2,0,0,0,0
1244142,3,2020,2020,10,6,4,3,31,57,34609,1,2,1,-32.809795,151.484598,17,2,1,1,0,0,0,0,2,0,7,40,0,9859,9859,1,0,36,4,0,0,0,0
1244146,3,2020,2020,10,0,7,866,17,247,793,0,1,9,-33.816386,150.963095,21,0,2,1,1,0,0,0,2,2,7,70,2,395,395,1,8,0,2,0,0,0,0
1244148,3,2020,2020,10,1,11,12,27,29,12,0,1,2,-33.74896,151.268061,50,0,2,1,2,0,0,0,0,0,9,50,1,4026,4026,8,30,40,1,0,0,0,0
1244159,3,2020,2020,11,0,3,14,27,4,17,0,1,1,-29.908823,150.473563,51,1,0,1,0,0,0,0,2,0,7,100,1,945,945,5,5,40,1,0,0,0,0
1244172,3,2020,2020,10,0,8,9,31,67,34609,0,1,10,-34.427364,150.864945,80,0,2,1,3,0,0,0,2,0,0,50,0,256,256,4,0,0,2,0,0,0,0
1244173,3,2020,2020,1,0,5,95,31,105,34609,0,1,2,-32.71718,151.527898,42,2,1,1,3,0,0,3,2,0,7,50,0,418,714,5,5,40,1,0,0,0,0
1244174,3,2020,2020,0,1,9,3371,17,52,3342,0,1,2,-33.262926,151.465471,16,2,2,1,3,0,0,0,0,0,7,70,2,945,945,5,30,40,1,0,0,0,0
1244176,3,2020,2020,10,1,8,27,27,54,65,0,1,1,-33.705273,151.010508,71,0,2,1,3,0,0,0,3,0,7,60,1,1669,1669,3,9,5,2,0,0,0,0
1244177,3,2020,2020,11,5,2,17,31,80,10,0,1,9,-33.752792,150.653634,55,0,2,1,0,0,0,0,0,0,7,50,1,1259,985,1,10,5,2,0,0,0,0
1244183,3,2020,2020,10,5,6,330,27,53,605,0,1,9,-33.744759,151.299115,50,0,2,1,3,0,0,0,2,0,7,60,2,395,395,1,0,25,2,0,0,0,0
1244197,3,2020,2020,10,0,0,3371,17,7,3342,0,1,6,-31.027443,152.882015,34,1,0,1,3,0,0,0,0,0,7,110,2,9859,9859,8,29,40,1,0,0,0,0
1244199,3,2020,2020,11,5,11,2,7,31,34609,0,1,1,-34.587186,150.860901,62,0,2,1,0,0,0,0,0,0,7,50,0,4026,4026,8,5,40,1,0,0,0,0
1244200,3,2020,2020,11,3,9,12,27,8,34609,0,1,1,-33.660813,150.918583,71,0,2,0,0,0,0,0,3,0,7,70,0,217,217,1,5,5,2,0,0,0,0
1244204,3,2020,2020,1,5,10,220,27,104,222,0,1,9,-33.732886,150.943237,7,0,2,1,2,0,0,0,0,2,7,80,2,14295,14295,3,30,5,3,0,0,0,0
1244214,3,2020,2020,11,3,8,1,31,92,34609,0,1,1,-33.409052,151.350914,16,2,2,1,1,0,0,0,2,0,7,60,0,1282,1282,1,33,5,2,0,0,0,0
1244223,3,2020,2020,10,5,5,348,27,23,88,0,1,2,-33.727874,150.694942,55,0,2,1,3,0,0,0,2,0,7,60,2,404,404,8,5,40,1,0,0,0,0
1244225,3,2020,2020,10,2,6,296,27,187,293,0,1,2,-33.885225,150.975561,24,0,2,1,3,0,0,0,2,0,7,60,2,14295,14295,3,0,12,4,0,0,0,0
1244229,3,2020,2020,10,0,2,916,17,53,917,0,1,7,-31.096855,150.93855,70,2,1,1,3,0,0,3,1,0,0,60,2,217,217,1,5,13,2,0,0,0,0
1244230,3,2020,2020,10,5,3,177,22,239,176,0,1,2,-34.0435,151.125114,68,0,2,1,3,0,0,0,2,0,7,70,2,14295,14295,3,5,5,3,0,0,0,0
1244259,3,2020,2020,10,0,11,8,27,22,12,0,1,2,-33.854858,151.20817,69,0,2,0,2,0,0,0,0,0,0,40,1,1957,4009,8,5,40,1,0,0,0,0
1244261,3,2020,2020,10,3,11,72,27,72,56,0,1,9,-33.790906,151.065782,54,0,2,0,2,0,0,0,0,2,7,60,2,1957,4009,8,30,40,1,0,0,0,0
1244273,3,2020,2020,11,3,1,32,27,15,563,0,1,7,-33.99786,151.027206,68,0,2,0,2,0,0,0,0,0,0,50,2,14295,14295,3,5,0,2,0,0,0,0
1244275,3,2020,2020,10,5,7,93,1,31,231,0,1,1,-33.507175,151.331195,16,2,2,1,3,0,0,0,2,0,7,60,2,1981,1981,4,10,5,2,0,0,0,0
1244285,3,2020,2020,10,3,11,153,27,188,147,0,1,10,-33.951043,151.09294,25,0,2,1,3,0,0,0,0,0,0,60,2,6545,6545,4,5,5,2,0,0,0,0
1244287,3,2020,2020,10,5,8,193,27,32,41,0,1,9,-33.980497,151.124714,25,0,2,1,3,0,0,0,2,0,0,60,1,1282,1282,1,5,13,2,0,0,0,0
1244291,3,2020,2020,10,6,8,8,36,15,5,0,1,1,-30.218504,153.004239,19,1,0,0,3,0,0,0,4,0,7,100,1,1850,1463,5,29,40,1,0,0,0,0
1244294,3,2020,2020,11,0,3,17,27,70,34609,0,1,9,-34.033439,151.085365,68,0,2,1,3,0,0,0,2,0,7,40,0,14295,14295,3,10,13,2,0,0,0,0
1244297,3,2020,2020,11,2,11,27,27,294,27,0,1,1,-33.943663,150.948622,41,0,2,1,2,0,0,0,0,0,7,60,1,43,43,3,5,5,2,0,0,0,0
1244298,3,2020,2020,10,1,6,26,31,609,34609,0,1,1,-33.770999,150.904149,7,0,2,1,3,0,0,0,2,0,7,50,0,1981,1981,4,9,5,2,0,0,0,0
1244299,3,2020,2020,10,5,10,79,10,43,231,0,1,1,-33.438496,151.32688,16,2,2,0,3,0,0,0,0,0,7,60,2,14295,14295,3,10,5,2,0,0,0,0
1244301,3,2020,2020,10,1,8,308,14,88,311,0,1,6,-33.73419,150.849497,7,0,2,0,3,0,3,4,2,2,9,70,2,1957,4009,8,10,40,1,0,0,0,0
1244302,3,2020,2020,10,6,4,4,31,131,34609,0,1,2,-36.082524,146.913272,0,2,1,1,3,0,0,0,2,0,7,50,0,941,941,1,30,5,2,0,0,0,0
1244303,3,2020,2020,10,2,9,4,31,96,34609,0,1,7,-35.350476,149.235096,58,2,1,0,3,0,0,0,0,0,0,50,0,186,186,1,10,5,2,0,0,0,0
1244304,3,2020,2020,10,6,3,3371,17,90,3342,0,1,9,-28.233507,153.559942,72,2,1,1,3,0,3,4,2,0,0,50,2,489,489,8,5,40,1,0,0,0,0
1244308,3,2020,2020,10,6,8,103,27,149,167,0,1,10,-33.987513,151.134911,4,0,2,1,3,0,0,0,2,2,7,60,2,5929,5929,1,5,5,3,0,0,0,0
1244310,3,2020,2020,10,6,5,1,27,1,34609,0,1,1,-28.768934,153.162987,39,1,0,0,3,2,0,0,2,0,7,100,0,3775,3775,0,5,12,2,0,0,0,0
1244311,3,2020,2020,10,0,7,35,27,155,231,1,0,9,-33.490822,151.326691,16,2,2,1,3,0,0,0,2,0,0,60,2,301,301,4,0,5,2,0,0,0,0
1244318,3,2020,2020,10,3,0,1,7,162,34609,0,1,1,-33.849856,150.911046,24,0,2,0,2,0,0,0,0,0,7,50,0,1259,5151,1,5,5,2,0,0,0,0
1244328,3,2020,2020,10,1,2,77,31,562,34609,0,1,9,-32.237206,148.613281,22,2,1,1,2,0,0,0,0,0,0,50,0,489,489,8,5,40,1,0,0,0,0
1244329,3,2020,2020,11,6,7,89,36,68,81,0,1,1,-34.702706,148.836001,82,2,1,1,0,0,0,3,2,0,7,80,2,15,15,1,29,0,2,0,0,0,0
1244335,3,2020,2020,11,0,1,11,31,133,34609,0,1,1,-34.497987,150.790321,80,0,2,1,0,0,0,0,0,0,7,50,0,4026,4026,8,34,40,1,0,0,0,0
1244336,3,2020,2020,11,2,6,3,31,316,34609,0,1,7,-31.43339,152.907261,56,2,1,1,0,0,0,0,2,0,0,50,0,1282,1282,1,30,40,1,0,0,0,0
1244344,3,2020,2020,11,0,11,22,31,67,34609,0,1,7,-33.890389,151.013157,15,0,2,1,2,0,3,4,0,0,7,50,0,4026,4026,1,5,5,3,0,0,0,0
1244346,3,2020,2020,11,5,8,97,27,271,799,0,1,2,-33.933079,151.002783,15,0,2,1,0,0,3,0,2,0,7,70,2,14295,14295,3,10,5,3,0,0,0,0
1244354,3,2020,2020,10,2,11,192,10,84,114,0,1,1,-33.465742,151.410958,16,2,2,1,2,0,0,0,0,0,7,60,2,9859,9859,8,5,40,1,0,0,0,0
1244360,3,2020,2020,11,3,5,515,14,271,518,0,1,3,-33.939603,151.010217,15,0,2,0,1,0,3,4,2,0,7,100,2,1259,5151,8,5,40,1,0,0,0,0
1244365,3,2020,2020,10,2,1,2,31,31,34609,0,1,1,-30.955776,148.389463,51,2,1,1,2,0,0,0,0,0,7,50,0,9859,9859,1,5,36,2,0,0,0,0
1244366,3,2020,2020,10,0,11,7,31,443,34609,0,1,1,-33.888779,151.065507,15,0,2,1,2,0,0,0,0,0,7,50,0,9859,9859,1,0,5,3,0,0,0,0
1244368,3,2020,2020,10,3,8,2,27,42,34609,0,1,1,-33.656564,151.317107,50,0,2,1,1,0,0,0,2,0,7,50,0,9859,9859,1,5,0,2,0,0,0,0
1244369,3,2020,2020,10,2,3,126,27,27,168,0,1,2,-34.041054,150.746659,12,0,2,1,1,0,0,0,2,0,7,80,2,14295,14295,3,33,13,2,0,0,0,0
1244375,3,2020,2020,10,2,6,18,27,85,148,0,1,10,-32.933495,151.720901,48,0,2,1,3,0,0,0,2,0,9,60,1,1391,1391,1,0,19,2,0,0,0,0
1244382,3,2020,2020,11,6,11,1,27,4,19,0,1,9,-28.737804,152.626726,51,2,1,1,3,0,0,0,0,0,7,50,1,9859,9859,8,10,40,1,0,0,0,0
1244383,3,2020,2020,10,3,11,3,27,161,34609,0,1,1,-33.735917,151.169622,36,0,2,1,3,0,0,0,0,0,7,50,0,475,475,5,5,40,1,0,0,0,0
1244384,3,2020,2020,10,0,10,2,31,2,34609,0,1,1,-30.613344,152.998188,47,2,1,1,3,0,0,0,0,0,7,50,0,9859,9859,1,30,0,2,0,0,0,0
1244388,3,2020,2020,10,5,8,36,27,337,34609,0,1,1,-33.728806,150.977456,71,0,2,1,3,0,0,0,2,0,7,50,0,1981,1981,4,10,13,2,0,0,0,0
1244389,3,2020,2020,10,3,5,296,27,92,293,0,1,9,-33.876102,150.981289,24,0,2,1,3,0,0,0,2,0,3,70,2,14295,14295,3,5,5,3,0,0,0,0
1244392,3,2020,2020,11,1,2,255,31,609,220,0,1,2,-33.773055,150.913742,7,0,2,1,3,0,0,0,0,0,7,60,2,9859,9859,1,5,5,2,0,0,0,0
1244393,3,2020,2020,10,0,6,1052,14,207,928,0,1,3,-33.562594,151.192149,31,0,2,1,3,0,0,0,2,0,7,110,2,1391,1391,1,5,5,2,0,0,0,0
1244437,3,2020,2020,5,0,4,9,31,30,34609,0,1,1,-33.858133,151.145856,14,0,2,1,1,0,0,0,2,0,7,50,0,9859,9859,1,5,5,2,0,0,0,0
1244438,3,2020,2020,1,1,8,866,17,112,793,0,1,9,-33.910384,150.91898,41,0,2,1,1,0,0,0,3,2,7,70,2,14295,14295,3,30,5,2,0,0,0,0
1244454,3,2020,2020,5,0,3,251,14,139,124,0,1,3,-33.832625,151.212025,49,0,2,1,2,0,0,0,1,0,7,80,2,1192,1192,1,5,5,2,0,0,0,0
1244464,3,2020,2020,1,6,9,1,1,147,34609,0,1,1,-33.75221,151.285509,50,0,2,1,2,0,0,0,3,0,7,50,0,14295,14295,3,5,5,2,0,0,0,0
1244472,3,2020,2020,1,3,5,143,31,123,181,1,0,2,-33.888053,151.23139,69,0,2,1,1,0,0,0,2,0,7,50,2,190,190,1,8,5,2,0,0,0,0
1244476,3,2020,2020,10,1,4,54,31,28,62,0,1,9,-33.796922,151.197509,77,0,2,1,3,0,0,0,2,0,0,60,2,6545,6545,4,30,13,2,0,0,0,0
1244488,3,2020,2020,1,0,7,100,27,127,799,0,1,9,-33.895953,151.15544,32,0,2,1,0,0,0,0,2,0,0,60,2,2852,2852,4,8,5,2,0,0,0,0
1244495,3,2020,2020,11,5,7,512,17,19,441,0,1,1,-32.400487,148.833934,22,2,1,1,3,0,0,0,2,0,7,50,2,9859,9859,8,8,40,1,0,0,0,0
1244496,3,2020,2020,10,4,7,41,10,117,34609,0,1,1,-28.185437,153.533359,72,2,1,1,3,0,0,0,2,0,7,50,0,14295,14295,3,5,5,4,0,0,0,0
1244513,3,2020,2020,10,6,10,2209,17,51,2205,0,1,2,-34.468686,150.826054,80,0,2,0,3,0,0,0,0,0,0,70,1,1957,4009,8,5,40,1,0,0,0,0
1244514,3,2020,2020,10,2,11,73,27,443,78,0,1,10,-33.906706,151.057285,15,0,2,1,3,0,3,4,0,2,7,60,2,5929,5929,1,10,5,2,0,0,0,0
1244517,3,2020,2020,10,4,4,4,27,161,34609,0,1,10,-33.732597,151.160399,36,0,2,1,3,0,0,0,2,0,15,50,0,6545,6545,4,5,0,2,0,0,0,0
1244518,3,2020,2020,10,2,4,294,17,56,288,0,1,1,-35.121207,147.385275,75,2,1,1,3,0,0,0,2,0,7,60,2,14295,14295,3,0,0,2,0,0,0,0
1244521,3,2020,2020,10,5,4,27,27,27,49,1,2,9,-33.760913,151.280374,50,0,2,1,3,0,3,4,2,0,7,40,1,1192,1192,1,34,5,2,0,0,0,0
1244527,3,2020,2020,10,5,9,265,10,445,563,0,1,9,-33.859571,151.042915,21,0,2,1,3,0,0,0,2,0,7,70,2,5929,5929,1,15,5,2,0,0,0,0
1244528,3,2020,2020,10,6,1,916,17,9,917,0,1,1,-30.400152,151.696097,1,1,0,0,3,0,0,0,0,0,7,100,2,1850,1463,5,8,40,1,0,0,0,0
1244532,3,2020,2020,10,5,5,43,22,36,22,0,1,1,-33.878895,151.177073,69,0,2,1,0,0,3,0,2,0,7,50,2,945,945,5,0,40,1,0,0,0,0
1244534,3,2020,2020,1,3,8,29,31,609,48,1,0,10,-33.769156,150.892413,7,0,2,1,1,0,0,0,2,2,7,60,1,5929,5929,1,5,13,3,0,0,0,0
1244535,3,2020,2020,6,1,9,12,1,58,34609,0,1,1,-33.752084,151.152472,36,0,2,1,2,0,0,0,0,0,7,50,0,9859,9859,1,10,0,2,0,0,0,0
1244544,3,2020,2020,10,5,4,25,31,147,34609,0,1,9,-33.744523,151.142131,36,0,2,1,1,0,0,0,2,0,9,50,0,5929,5929,1,8,5,2,0,0,0,0
1244545,3,2020,2020,10,0,11,15,27,73,14,0,1,2,-33.735063,150.71732,55,0,2,1,2,0,0,0,0,0,7,70,1,3775,3775,0,5,5,2,0,0,0,0
1244556,3,2020,2020,10,5,2,78,31,228,34609,0,1,1,-34.762327,149.711954,26,2,1,1,2,0,0,0,0,0,7,50,0,9859,9859,1,5,13,2,0,0,0,0
1244566,3,2020,2020,10,6,8,125,27,108,123,0,1,7,-33.324227,151.427664,16,2,2,1,1,0,0,0,2,0,0,70,2,14295,14295,3,10,5,2,0,0,0,0
1244579,3,2020,2020,10,0,8,35,1,63,52,0,1,9,-33.734646,150.798965,7,0,2,1,3,0,0,0,3,0,7,60,1,1391,1391,1,33,13,2,0,0,0,0
1244581,3,2020,2020,10,1,11,62,10,91,169,0,1,1,-32.810425,151.644743,48,0,2,1,3,0,0,0,0,0,7,80,2,9859,9859,8,8,40,1,0,0,0,0
1244584,3,2020,2020,10,4,8,330,23,293,112,0,1,10,-33.941671,151.239561,59,0,2,1,3,0,0,0,2,2,7,60,2,14295,14295,3,5,13,2,0,0,0,0
1244585,3,2020,2020,10,0,5,168,10,102,260,0,1,2,-33.94492,151.187062,4,0,2,1,3,0,3,4,2,0,7,70,2,1391,1391,1,5,25,3,0,0,0,0
1244588,3,2020,2020,5,1,7,1,10,2,34609,0,1,9,-35.709075,150.245204,23,2,1,1,3,0,3,4,2,0,7,50,0,475,475,5,5,40,1,0,0,0,0
1244591,3,2020,2020,1,0,8,12,31,24,34609,0,1,1,-32.898708,151.787143,48,0,2,1,3,0,3,4,2,0,7,50,0,9859,9859,1,5,5,2,0,0,0,0
1244593,3,2020,2020,10,0,11,192,31,316,120,0,1,10,-33.917065,151.24121,59,0,2,1,3,0,0,0,0,2,7,50,2,14295,14295,3,16,0,2,0,0,0,0
1244594,3,2020,2020,10,1,8,75,10,63,165,0,1,2,-33.931219,151.212719,4,0,2,1,3,0,0,0,2,0,7,80,2,1383,1383,1,8,13,2,0,0,0,0
1244595,3,2020,2020,10,4,10,280,10,46,240,0,1,9,-33.888016,150.969037,24,0,2,1,3,0,0,0,0,0,0,60,2,775,775,4,5,5,2,0,0,0,0
1244597,3,2020,2020,10,1,5,95,27,14,605,0,1,1,-33.644849,151.322963,50,0,2,0,3,0,3,4,2,0,7,60,2,2585,4009,8,5,40,1,0,0,0,0
1244626,3,2020,2020,10,1,3,1052,14,149,928,0,1,3,-33.341226,151.372354,16,1,2,1,0,0,0,0,2,0,7,110,2,404,404,8,5,40,1,0,0,0,0
1244635,3,2020,2020,10,5,7,26,27,28,34609,0,1,1,-32.942899,151.627063,37,0,2,1,0,0,0,0,2,0,7,60,0,1109,787,1,30,5,2,0,0,0,0
1244637,3,2020,2020,10,3,0,35,31,532,34609,0,1,10,-33.876134,151.204415,69,0,2,1,2,0,3,4,0,2,7,40,0,1259,985,1,5,36,2,0,0,0,0
1244662,3,2020,2020,11,1,8,26,27,80,160,0,1,1,-33.966875,150.90009,13,0,2,1,2,0,0,0,3,0,7,60,2,9859,9859,8,5,40,1,0,0,0,0
1244670,3,2020,2020,1,1,4,72,31,363,34609,0,1,1,-33.813805,151.002051,54,0,2,1,1,0,3,4,2,0,7,50,0,9859,9859,8,0,40,1,0,0,0,0
1244678,3,2020,2020,11,6,5,97,27,271,799,0,1,10,-33.936086,151.011337,15,0,2,1,3,0,0,0,2,2,7,70,2,5929,5929,1,5,19,2,0,0,0,0
1244679,3,2020,2020,5,4,10,95,31,105,34609,0,1,4,-32.718621,151.524217,42,2,1,0,2,0,0,0,0,0,7,50,0,2585,4009,8,5,40,1,0,0,0,0
1244694,3,2020,2020,10,0,5,2261,17,70,2252,0,1,9,-34.524551,150.292238,78,1,0,1,3,0,3,3,2,0,0,110,2,9859,9859,8,29,40,1,0,0,0,0