Crash ID,Degree of crash - detailed,Reporting year,Year of crash,Month of crash,Day of week of crash,Two-hour intervals,Street of crash,Street type,Town,Route no.,School zone location,School zone active,Type of location,Latitude,Longitude,LGA,Urbanisation,Conurbation 1,Alignment,Street lighting,Road surface,Surface condition,Weather,Natural lighting,Signals operation,Other traffic control,Speed limit,Road classification,RUM - code,DCA - code,First impact type,Key TU type,Other TU type,No. of traffic units involved,No. killed,No. seriously injured,No. moderately injured,No. minor-other injured
1244695,3,2020,2020,10,5,8,30,31,134,34609,0,1,1,-33.516152,151.321136,16,2,2,1,1,2,0,0,2,0,7,50,0,9859,9859,8,5,40,1,0,0,0,0
1244697,3,2020,2020,11,3,5,98,31,100,159,0,1,2,-33.960439,151.155105,4,0,2,1,1,0,0,0,2,2,9,40,2,4026,4026,8,5,40,1,0,0,0,0
1244703,3,2020,2020,10,0,7,344,27,89,382,0,1,1,-33.674862,150.809563,55,0,2,1,3,0,0,0,2,0,7,80,2,3775,3775,0,0,10,2,0,0,0,0
1244704,3,2020,2020,10,5,5,44,31,160,260,0,1,1,-33.112145,151.480649,37,0,2,1,3,0,0,0,2,0,7,60,2,1391,1391,1,10,36,3,0,0,0,0
1244705,3,2020,2020,10,2,3,149,36,4,113,0,1,1,-32.373896,152.485835,43,2,1,0,3,0,0,0,2,0,7,80,1,623,623,3,10,36,2,0,0,0,0
1244706,3,2020,2020,5,4,6,265,17,7,193,0,1,1,-34.471967,148.169086,30,1,0,0,3,0,0,0,2,0,7,100,2,1850,1463,5,34,40,1,0,0,0,0
1244708,3,2020,2020,10,2,8,5,31,234,61,0,1,1,-34.286848,146.055997,28,2,1,1,3,0,3,4,2,0,7,50,1,14295,14295,3,5,0,2,0,0,0,0
1244712,3,2020,2020,10,2,7,3371,17,207,3342,0,1,1,-33.571661,151.192396,31,0,2,0,3,0,0,0,2,0,7,80,2,4552,5151,8,5,40,1,0,0,0,0
1244716,3,2020,2020,10,2,11,230,27,84,284,0,1,10,-33.781673,151.113469,61,0,2,1,3,0,3,4,0,2,7,70,2,14295,14295,3,5,36,2,0,0,0,0
1244718,3,2020,2020,10,6,7,31,31,105,34609,0,1,10,-32.593709,149.593102,44,2,1,1,3,0,0,0,2,0,0,50,0,1259,985,8,0,40,1,0,0,0,0
1244720,3,2020,2020,10,6,9,48,27,21,62,0,1,1,-35.411815,148.125377,66,1,0,0,3,0,0,3,2,0,7,100,2,2585,4009,8,0,40,1,0,0,0,0
1244722,3,2020,2020,10,3,6,12,27,22,34609,0,1,1,-35.172061,149.974489,58,2,1,0,3,0,0,0,2,0,7,80,0,4552,5151,8,5,40,1,0,0,0,0
1244731,3,2020,2020,10,1,8,54,27,443,6,0,1,10,-33.899756,151.042939,15,0,2,1,3,0,0,0,2,2,7,60,2,5929,5929,1,5,5,2,0,0,0,0
1244743,3,2020,2020,10,1,6,9,31,35,34609,0,1,1,-33.816877,151.202881,77,0,2,1,1,0,0,0,2,0,7,50,0,9859,9859,1,5,36,2,0,0,0,0
1244746,3,2020,2020,10,0,2,108,31,26,34609,0,1,1,-33.107741,151.513537,37,0,2,1,2,0,0,0,0,0,7,50,0,9859,9859,8,10,40,1,0,0,0,0
1244750,3,2020,2020,10,4,7,9,31,29,34609,0,1,1,-28.795457,153.593958,2,2,1,0,0,0,0,0,2,0,7,40,0,4552,5151,1,0,5,3,0,0,0,0
1244753,3,2020,2020,10,4,4,150,27,197,415,1,0,9,-33.793161,151.119708,61,0,2,1,3,0,0,3,2,2,7,70,2,14295,14295,3,5,0,3,0,0,0,0
1244755,3,2020,2020,10,0,8,13,10,74,12,0,1,9,-33.729341,151.031331,31,0,2,1,3,0,0,0,2,2,7,60,2,14295,14295,3,5,0,2,0,0,0,0
1244759,3,2020,2020,10,2,11,133,31,133,97,0,1,1,-33.916326,151.006419,15,0,2,1,3,0,3,4,0,0,7,60,1,9859,9859,8,30,40,1,0,0,0,0
1244767,3,2020,2020,10,0,11,12,31,58,43,0,1,7,-28.556912,153.543085,10,2,1,0,3,0,0,0,0,0,0,60,1,101,101,8,5,0,2,0,0,0,0
1244770,3,2020,2020,10,4,6,330,27,108,605,0,1,9,-33.766054,151.269539,50,0,2,1,3,0,0,0,2,2,7,60,2,1850,985,5,0,40,1,0,0,0,0
1244774,3,2020,2020,5,6,3,361,31,169,382,0,1,10,-33.770214,150.835065,7,0,2,1,1,0,0,0,2,2,7,60,2,5929,5929,1,0,0,2,0,0,0,0
1244786,3,2020,2020,10,0,4,2,27,36,34609,0,1,1,-33.797313,150.948579,21,0,2,1,0,0,0,0,2,0,7,50,0,1282,1282,1,33,0,2,0,0,0,0
1244787,3,2020,2020,10,3,4,3,31,90,34609,0,1,10,-32.925966,151.744553,48,0,2,1,0,0,0,0,2,0,0,50,0,6545,6545,4,5,13,2,0,0,0,0
1244791,3,2020,2020,10,0,11,1,1,39,34609,0,1,9,-32.871786,151.658143,48,0,2,1,2,0,0,0,0,0,7,50,0,9859,9859,1,5,13,2,0,0,0,0
1244809,3,2020,2020,10,4,9,45,7,143,44,1,0,1,-33.709788,151.098217,31,0,2,1,3,0,0,0,3,0,7,50,1,941,941,1,5,5,2,0,0,0,0
1244811,3,2020,2020,10,5,3,31,10,78,23,0,1,1,-33.423342,151.440766,16,2,2,1,3,0,3,3,2,0,7,50,1,5929,5929,1,30,13,2,0,0,0,0
1244812,3,2020,2020,10,4,7,127,27,182,169,0,1,1,-32.828714,151.363294,17,2,1,1,3,0,0,0,2,0,7,60,2,14295,14295,3,5,5,2,0,0,0,0
1244820,3,2020,2020,10,1,4,77,31,163,69,0,1,10,-33.865795,151.105985,14,0,2,1,3,0,3,0,2,2,7,60,2,5929,5929,1,0,5,2,0,0,0,0
1244821,3,2020,2020,10,3,7,3,27,113,34609,0,1,1,-29.433564,149.562818,51,1,0,1,3,0,3,4,2,0,7,100,0,380,714,5,10,40,1,0,0,0,0
1244822,3,2020,2020,10,6,3,15,1,363,16,0,1,7,-33.747194,150.704094,55,0,2,0,3,0,0,0,2,0,0,50,1,217,217,1,30,5,2,0,0,0,0
1244823,3,2020,2020,10,4,9,293,31,219,34609,0,1,10,-32.895808,151.666576,48,0,2,1,3,0,0,0,3,0,0,50,0,9859,9859,1,30,0,2,0,0,0,0
1244828,3,2020,2020,10,5,7,125,27,108,123,0,1,7,-33.312948,151.421804,16,2,2,0,3,0,0,0,2,0,0,50,2,6545,6545,4,30,5,2,0,0,0,0
1244838,3,2020,2020,10,6,6,346,17,44,332,0,1,7,-28.860722,153.519936,2,2,1,0,3,0,0,0,2,0,0,60,2,515,515,1,5,5,2,0,0,0,0
1244841,3,2020,2020,10,6,9,26,10,10,26,0,1,9,-36.774168,149.91524,5,1,0,1,0,0,0,0,3,0,7,100,1,4552,985,8,5,40,1,0,0,0,0
1244853,3,2020,2020,11,2,11,26,27,26,25,0,1,1,-31.965825,152.563115,43,2,1,1,2,0,0,0,0,0,7,70,1,1981,1981,4,0,5,2,0,0,0,0
1244858,3,2020,2020,10,2,8,79,27,145,159,0,1,1,-33.932399,151.109952,15,0,2,1,1,0,0,0,2,0,7,60,2,190,190,1,5,5,4,0,0,0,0
1244859,3,2020,2020,11,6,3,515,14,204,518,0,1,3,-33.937441,151.152742,4,0,2,1,2,0,0,0,1,0,7,80,2,14295,14295,3,5,40,2,0,0,0,0
1244863,3,2020,2020,11,3,7,68,27,278,67,0,1,9,-33.768992,151.041339,54,0,2,1,0,0,0,0,2,0,7,60,1,1192,1192,1,5,0,2,0,0,0,0
1244879,3,2020,2020,10,3,10,2126,17,44,2149,0,1,2,-33.768069,150.639249,8,2,2,0,3,0,0,0,0,0,7,70,2,1850,1463,5,10,40,1,0,0,0,0
1244881,3,2020,2020,10,4,5,14,27,28,34609,0,1,1,-33.904258,150.878649,41,0,2,1,3,0,0,0,2,0,7,50,0,941,941,1,5,0,2,0,0,0,0
1244882,3,2020,2020,10,3,8,1104,14,323,962,0,1,3,-33.791491,150.812999,7,0,2,1,3,0,0,0,2,0,7,110,2,1089,1089,7,5,40,3,0,0,0,0
1244886,3,2020,2020,10,2,9,93,1,161,34609,1,0,10,-33.717807,151.162819,36,0,2,1,3,0,0,0,0,0,0,50,0,63,63,4,5,5,2,0,0,0,0
1244888,3,2020,2020,10,6,7,4,31,304,34609,0,1,1,-33.914674,151.153282,32,0,2,1,3,0,0,0,2,0,7,50,0,9859,9859,1,5,5,3,0,0,0,0
1244889,3,2020,2020,10,1,2,19,27,37,34609,0,1,1,-33.86923,150.718187,41,0,2,0,3,0,0,0,0,0,7,80,0,1089,1089,7,16,40,1,0,0,0,0
1244890,3,2020,2020,10,2,6,145,27,234,34609,0,1,9,-34.292238,146.055023,28,2,1,1,3,0,3,3,2,0,0,60,0,63,63,4,10,41,2,0,0,0,0
1244910,3,2020,2020,10,3,8,16,31,102,34609,0,1,1,-33.960767,151.232853,59,0,2,1,1,0,0,0,3,0,7,60,0,9859,9859,1,5,5,2,0,0,0,0
1244917,3,2020,2020,11,3,10,5,31,609,34609,0,1,1,-33.751736,150.911671,7,0,2,0,2,0,0,0,0,0,7,50,0,4552,5151,1,5,5,2,0,0,0,0
1244919,3,2020,2020,10,3,10,27,1,155,34609,0,1,10,-33.503916,151.324586,16,2,2,1,2,0,3,4,0,0,7,50,0,1282,1282,1,33,5,2,0,0,0,0
1244922,3,2020,2020,10,2,11,1,25,42,34609,0,1,1,-33.700696,150.953692,71,0,2,1,3,0,3,4,0,0,7,50,0,489,489,8,5,40,1,0,0,0,0
1244923,3,2020,2020,10,0,6,4,31,562,441,0,1,9,-32.25652,148.62493,22,2,1,1,3,0,0,0,2,3,7,60,2,9859,9859,8,10,40,1,0,0,0,0
1244924,3,2020,2020,10,1,3,53,27,134,51,0,1,9,-33.507057,151.31926,16,2,2,1,3,0,3,3,1,0,0,60,1,926,926,4,10,0,2,0,0,0,0
1244930,3,2020,2020,10,5,8,63,27,224,605,0,1,2,-33.823443,151.242414,45,0,2,1,3,0,0,0,2,0,7,60,2,1282,1282,1,27,27,2,0,0,0,0
1244934,3,2020,2020,10,1,9,5,27,609,34609,0,1,10,-33.758123,150.919375,7,0,2,1,3,0,0,0,0,0,0,50,0,6545,6545,4,5,5,2,0,0,0,0
1244935,3,2020,2020,10,0,11,293,31,53,34609,0,1,1,-31.084917,150.925194,70,2,1,1,3,0,0,0,0,0,7,50,0,323,323,1,16,5,2,0,0,0,0
1244938,3,2020,2020,10,3,8,55,27,151,160,0,1,1,-34.034256,150.845948,13,0,2,1,3,0,0,0,3,0,7,60,2,945,945,5,5,40,1,0,0,0,0
1244940,3,2020,2020,10,0,3,79,31,82,34609,0,1,10,-31.082842,150.932019,70,2,1,1,3,0,0,0,2,0,0,50,0,6545,6545,4,0,0,2,0,0,0,0
1244942,3,2020,2020,10,3,6,87,1,225,19,0,1,10,-33.799137,151.179492,77,0,2,1,3,0,0,3,2,0,7,50,1,5929,5929,1,0,36,2,0,0,0,0
1244943,3,2020,2020,1,1,6,2209,17,106,2205,0,1,7,-34.549031,150.785133,62,0,2,0,3,0,3,3,2,0,0,70,2,1850,1463,5,16,40,1,0,0,0,0
1244960,3,2020,2020,10,1,4,31,27,127,96,0,1,1,-33.89792,151.153648,32,0,2,1,1,0,0,0,2,0,7,60,2,1981,1981,4,5,5,2,0,0,0,0
1244961,3,2020,2020,10,0,10,16,27,149,34609,0,1,9,-33.364834,151.39415,16,1,2,1,3,0,3,2,0,0,7,100,0,9859,9859,8,0,40,1,0,0,0,0
1244962,3,2020,2020,10,5,4,21,31,91,34609,0,1,1,-33.985281,150.890248,13,0,2,1,3,0,0,0,2,0,7,50,0,9859,9859,1,5,5,2,0,0,0,0
1244964,3,2020,2020,10,6,9,829,27,159,770,0,1,2,-33.806321,151.074099,61,0,2,1,3,0,0,0,0,0,7,70,2,1192,1192,1,5,0,2,0,0,0,0
1244965,3,2020,2020,10,5,8,3371,17,463,3342,0,1,10,-30.300784,153.110611,19,2,1,1,3,0,0,0,2,2,7,60,2,14295,14295,3,5,0,2,0,0,0,0
1244966,3,2020,2020,10,4,9,13,27,173,12,1,0,1,-33.729524,151.10751,36,0,2,1,3,0,0,0,3,0,7,50,1,9859,9859,1,0,5,2,0,0,0,0
1244971,3,2020,2020,10,6,8,12,27,34,34609,0,1,1,-34.008435,150.768095,12,0,2,1,3,0,0,0,3,0,7,80,0,623,623,3,5,5,2,0,0,0,0
1244972,3,2020,2020,10,2,9,31,27,79,33,1,0,9,-33.580606,150.718568,29,2,2,1,3,0,0,3,3,0,0,60,1,2852,2852,4,10,5,2,0,0,0,0
1244981,3,2020,2020,10,4,6,11,1,166,35,0,1,10,-33.891455,151.182817,69,0,2,1,0,0,0,0,2,2,7,50,1,1109,397,1,5,12,2,0,0,0,0
1245000,3,2020,2020,10,0,5,123,36,11,90,0,1,1,-31.728573,151.869088,43,2,1,0,0,0,0,0,2,0,7,80,1,1259,5151,8,10,40,2,0,0,0,0
1245003,3,2020,2020,10,1,0,92,27,94,34609,0,1,1,-33.1011,151.563606,37,0,2,0,2,0,3,3,0,0,7,50,0,418,714,5,0,40,1,0,0,0,0
1245010,3,2020,2020,5,1,7,2,27,64,34609,1,2,9,-33.880116,151.028824,21,0,2,1,0,0,0,0,2,0,0,40,0,175,188,1,30,5,2,0,0,0,0
1245028,3,2020,2020,11,6,3,4,31,104,34609,0,1,9,-33.833448,151.217326,49,0,2,1,3,0,0,0,2,0,7,50,0,175,188,1,10,0,3,0,0,0,0
1245029,3,2020,2020,1,2,7,2126,17,60,2149,0,1,1,-33.765091,150.74569,55,0,2,1,1,0,0,0,2,2,7,80,2,945,945,5,5,40,1,0,0,0,0
1245044,3,2020,2020,1,4,8,2,27,2,34609,0,1,1,-28.524967,153.140438,51,2,1,0,1,0,0,6,0,0,7,50,0,2585,4009,8,10,40,1,0,0,0,0
1245052,3,2020,2020,5,1,10,15,1,201,34609,0,1,1,-34.886947,150.60172,63,2,1,1,2,0,3,4,0,0,7,50,0,4026,4026,1,5,5,2,0,0,0,0
1245060,3,2020,2020,1,2,0,2261,17,23,2252,0,1,2,-34.629744,150.161279,78,1,0,1,3,0,0,0,0,0,7,110,2,1089,1089,7,3,40,1,0,0,0,0
1245071,3,2020,2020,10,4,8,2209,17,14,2205,0,1,10,-33.973631,151.129671,25,0,2,1,3,0,0,6,2,2,7,70,2,14295,14295,3,5,36,4,0,0,0,0
1245080,3,2020,2020,10,2,3,1,27,8,34609,0,1,1,-31.271982,150.071641,51,1,0,0,3,2,0,0,2,0,7,100,0,1282,1282,1,0,13,2,0,0,0,0
1245094,3,2020,2020,10,4,8,112,27,20,769,0,1,1,-33.54764,150.667348,29,2,2,0,3,0,0,3,2,0,7,80,2,14295,14295,3,0,5,2,0,0,0,0
1245099,3,2020,2020,10,5,7,829,27,124,770,0,1,2,-33.81071,151.032976,54,0,2,1,3,0,0,3,2,0,7,60,2,14295,14295,3,8,5,2,0,0,0,0
1245101,3,2020,2020,10,2,6,175,27,66,220,0,1,9,-33.721409,150.932453,7,0,2,0,1,0,3,4,2,2,7,70,2,1669,1669,3,5,40,2,0,0,0,0
1245128,3,2020,2020,11,3,2,119,31,145,140,0,1,1,-33.926867,151.114272,15,0,2,1,2,0,0,0,1,0,7,50,1,9859,9859,1,0,5,3,0,0,0,0
1245138,3,2020,2020,6,4,8,48,27,70,166,0,1,9,-33.259824,151.515702,16,2,2,1,0,0,0,0,2,0,7,50,2,6545,6545,4,10,36,2,0,0,0,0
1245147,3,2020,2020,10,1,11,17,27,90,28,0,1,1,-33.786683,150.9465,7,0,2,1,2,0,0,0,0,0,7,60,1,1669,1669,3,5,5,2,0,0,0,0
1245152,3,2020,2020,10,2,7,2209,17,34,2205,0,1,1,-37.07479,149.882384,5,2,1,0,0,0,0,3,2,0,7,80,2,3775,3775,0,10,0,2,0,0,0,0
1245153,3,2020,2020,10,4,8,1,31,337,34609,0,1,1,-33.732375,151.008994,71,0,2,1,3,0,0,0,2,0,7,50,0,515,515,1,0,5,2,0,0,0,0
1245159,3,2020,2020,11,2,5,18,18,149,34609,0,1,9,-33.985532,151.133656,25,0,2,1,3,0,0,0,2,0,7,50,0,6545,6545,4,0,5,2,0,0,0,0
1245164,3,2020,2020,10,6,4,866,17,61,793,0,1,10,-33.899424,150.919113,24,0,2,1,3,0,0,0,2,2,9,70,2,14295,14295,3,0,5,2,0,0,0,0
1245167,3,2020,2020,10,5,10,3,1,73,34609,0,1,1,-33.825718,151.089806,14,0,2,1,3,0,0,0,0,0,7,50,0,9859,9859,1,5,5,2,0,0,0,0
1245168,3,2020,2020,10,2,6,51,31,16,10,0,1,1,-33.745497,150.654648,55,0,2,1,3,0,0,0,2,0,7,50,1,1391,1391,1,30,0,2,0,0,0,0
1245169,3,2020,2020,10,2,10,1052,14,83,928,0,1,3,-33.507404,151.189716,16,1,2,0,3,0,3,4,0,0,7,90,2,52,52,6,5,40,1,0,0,0,0
1245170,3,2020,2020,10,3,4,90,36,12,102,0,1,1,-34.40073,147.244459,51,1,0,1,3,0,3,4,2,0,7,100,2,9859,9859,8,9,40,1,0,0,0,0
1245171,3,2020,2020,10,1,6,22,31,337,34609,0,1,5,-33.732205,151.005903,71,0,2,1,3,0,3,4,2,2,7,60,0,6545,6545,4,5,5,2,0,0,0,0
1245175,3,2020,2020,10,1,4,125,27,43,144,0,1,1,-32.806799,151.862754,57,2,1,0,3,0,3,4,2,0,7,80,2,14295,14295,3,5,5,2,0,0,0,0
1245178,3,2020,2020,10,0,6,220,27,66,222,0,1,10,-33.712047,150.933509,7,0,2,1,3,0,0,0,2,2,15,80,2,14295,14295,3,0,5,3,0,0,0,0
1245182,3,2020,2020,10,2,7,361,23,143,38,1,0,9,-33.875508,151.098251,9,0,2,1,3,0,0,6,2,0,7,50,1,1282,1282,1,5,5,2,0,0,0,0
1245184,3,2020,2020,10,1,8,150,27,197,415,0,1,10,-33.797721,151.114963,61,0,2,1,3,0,3,3,2,2,7,70,2,6545,6545,4,30,5,3,0,0,0,0
1245185,3,2020,2020,10,1,7,3371,17,10,3342,0,1,9,-32.613998,152.079336,43,1,0,1,3,0,3,4,2,0,15,110,2,9859,9859,8,5,40,1,0,0,0,0
1245187,3,2020,2020,10,4,4,8,10,164,34609,0,1,1,-33.718152,150.89171,7,0,2,0,3,0,3,4,2,0,7,50,0,1981,1981,4,0,0,2,0,0,0,0
1245189,3,2020,2020,1,5,7,2261,17,23,2252,0,1,9,-34.646653,150.119636,78,2,1,1,3,0,0,0,2,0,0,80,2,256,256,4,5,0,3,0,0,0,0
1245190,3,2020,2020,10,2,4,512,17,562,441,0,1,9,-32.253509,148.603166,22,2,1,1,3,0,3,4,2,0,7,60,2,5929,5929,1,5,5,2,0,0,0,0
1245192,3,2020,2020,10,0,6,19,27,55,34609,0,1,1,-33.78771,150.875013,7,0,2,1,3,0,0,0,2,0,7,50,0,4026,4026,1,30,25,2,0,0,0,0
1245194,3,2020,2020,10,3,10,82,31,71,165,0,1,10,-33.969525,151.073162,25,0,2,1,2,0,0,0,0,0,0,50,1,9859,9859,1,33,5,2,0,0,0,0
1245198,3,2020,2020,11,2,1,10,1,89,34609,0,1,9,-33.391392,151.464124,16,2,2,0,2,0,0,0,0,0,7,50,0,1957,4009,8,5,40,1,0,0,0,0
1245202,3,2020,2020,10,3,1,3,27,27,34609,0,1,7,-30.20524,153.151772,19,2,1,1,2,0,0,0,0,0,7,50,0,4552,985,8,0,40,1,0,0,0,0
1245203,3,2020,2020,10,1,8,2261,17,523,2252,0,1,2,-33.915514,150.920399,41,0,2,0,1,0,3,4,2,0,7,60,2,1192,1192,1,5,5,2,0,0,0,0
1245210,3,2020,2020,10,1,10,123,4,96,34609,0,1,9,-34.057897,150.837702,13,0,2,0,2,0,0,0,0,0,7,50,0,2585,4009,1,5,0,2,0,0,0,0
1245214,3,2020,2020,10,0,10,9,1,370,34609,0,1,9,-34.072393,150.813848,13,0,2,1,2,0,0,0,0,0,7,60,0,591,591,1,16,0,2,0,0,0,0
1245236,3,2020,2020,10,4,10,194,31,105,34609,0,1,1,-32.612008,149.584456,44,2,1,1,2,0,0,0,0,0,7,50,0,9859,9859,1,34,36,2,0,0,0,0
1245249,3,2020,2020,5,6,4,1,27,109,34609,0,1,1,-33.955006,150.858304,41,0,2,1,0,0,0,0,2,0,7,40,0,9859,9859,1,0,0,2,0,0,0,0
1245260,3,2020,2020,11,6,11,33,31,44,34609,1,0,9,-33.765774,150.621923,8,2,2,1,3,0,0,0,0,0,0,50,0,9859,9859,8,5,40,1,0,0,0,0
1245265,3,2020,2020,11,2,8,229,14,19,237,0,1,3,-33.7643,151.088332,31,0,2,1,0,0,0,0,2,0,7,100,2,1192,1192,1,33,5,2,0,0,0,0
1245273,3,2020,2020,1,5,6,2261,17,35,2252,0,1,3,-34.359061,150.542049,78,1,0,1,0,0,0,0,2,0,7,110,2,14295,14295,3,8,35,2,0,0,0,0
1245276,3,2020,2020,11,1,6,6,31,131,34609,0,1,7,-36.069805,146.912836,0,2,1,1,1,0,0,0,2,0,0,50,0,4026,4026,8,5,40,1,0,0,0,0
1245282,3,2020,2020,10,1,7,109,27,44,169,0,1,9,-32.81075,151.42988,17,2,1,1,3,0,0,0,2,0,7,60,2,1669,1669,3,9,0,2,0,0,0,0
1245296,3,2020,2020,10,5,8,109,27,169,34609,0,1,9,-33.775563,150.846891,7,0,2,1,3,0,0,0,2,0,7,50,0,1669,1669,3,5,41,2,0,0,0,0
1245315,3,2020,2020,10,2,4,2261,17,44,2252,0,1,9,-33.897357,150.952855,24,0,2,1,3,0,0,3,2,2,7,70,2,1669,1669,3,5,0,2,0,0,0,0
1245323,3,2020,2020,10,2,11,916,17,165,917,0,1,1,-32.267458,150.887725,46,2,1,0,2,0,0,0,0,0,7,50,2,4552,5151,8,5,40,1,0,0,0,0
1245324,3,2020,2020,11,3,1,12,1,173,34609,0,1,9,-33.71228,151.121398,36,0,2,1,0,0,0,0,0,0,7,50,0,4026,4026,8,5,40,1,0,0,0,0
1245325,3,2020,2020,10,5,6,39,31,460,34609,0,1,9,-33.850723,151.00116,21,0,2,1,0,0,0,0,2,0,7,50,0,926,926,4,5,13,2,0,0,0,0
1245328,3,2020,2020,10,6,11,478,17,128,480,0,1,2,-33.426642,151.314642,16,2,2,0,0,0,0,0,0,0,7,70,2,1282,1282,1,34,5,2,0,0,0,0
1245332,3,2020,2020,10,2,8,20,31,174,321,0,1,9,-33.89204,151.19961,69,0,2,1,3,0,0,0,2,2,7,50,2,1383,1383,1,0,5,2,0,0,0,0
1245340,3,2020,2020,10,1,5,3371,17,18,3342,0,1,2,-33.008325,151.681799,37,0,2,1,3,0,3,4,2,0,7,80,2,14295,14295,3,5,36,2,0,0,0,0
1245341,3,2020,2020,10,3,10,225,17,50,180,0,1,1,-34.569888,150.668372,62,0,2,0,3,0,3,4,0,0,7,60,2,380,714,5,0,40,1,0,0,0,0
1245342,3,2020,2020,10,3,7,2209,17,204,2205,0,1,9,-33.937118,151.149328,4,0,2,1,3,0,3,4,2,2,6,60,2,2852,2852,4,0,5,2,0,0,0,0
1245344,3,2020,2020,10,2,8,48,27,8,42,0,1,1,-35.089154,150.122893,63,2,1,0,3,0,3,4,2,0,7,60,1,4552,5151,8,5,40,1,0,0,0,0
1245345,3,2020,2020,10,6,0,38,27,53,38,0,1,9,-33.383175,151.445969,16,2,2,0,3,0,0,3,0,0,7,70,1,4552,5151,8,10,40,1,0,0,0,0
1245347,3,2020,2020,10,5,8,2,27,31,34609,0,1,1,-34.595751,150.898861,62,0,2,0,3,2,0,0,3,0,7,50,0,4552,5151,8,5,40,1,0,0,0,0
1245348,3,2020,2020,8,6,7,48,31,92,45,0,1,1,-33.410553,151.34715,16,2,2,1,3,0,0,0,2,0,7,60,1,220,220,1,30,0,2,0,0,0,0
1245350,3,2020,2020,10,2,10,1052,14,77,928,0,1,3,-33.520672,151.19672,16,1,2,0,3,0,3,4,0,0,7,90,2,4552,5151,8,5,40,1,0,0,0,0
1245351,3,2020,2020,10,2,5,149,27,144,198,0,1,2,-34.079499,151.009799,68,0,2,0,3,0,3,4,2,0,7,70,2,14295,14295,3,5,0,2,0,0,0,0
1245352,3,2020,2020,10,3,10,6,27,96,34609,0,1,1,-33.365298,147.869381,51,1,0,1,3,0,3,4,0,0,7,100,0,4026,4026,8,10,40,1,0,0,0,0
1245355,3,2020,2020,10,0,6,74,27,130,59,0,1,2,-34.461337,150.867048,80,0,2,0,1,0,0,0,2,0,7,80,2,1981,1981,4,29,13,2,0,0,0,0
1245358,3,2020,2020,10,2,7,10,31,165,34609,1,0,1,-32.270157,150.896175,46,2,1,0,3,0,3,4,2,0,7,50,0,4552,5151,8,0,40,1,0,0,0,0
1245359,3,2020,2020,10,3,3,171,31,60,34609,0,1,1,-33.642994,150.286602,8,2,2,0,3,0,3,4,4,0,7,50,0,4552,5151,8,10,40,1,0,0,0,0
1245360,3,2020,2020,10,3,2,1,7,19,34609,0,1,1,-34.090747,150.776154,13,0,2,1,3,0,0,0,0,0,7,50,0,9859,9859,1,5,5,2,0,0,0,0
1245361,3,2020,2020,10,3,4,22,27,6,34609,0,1,1,-32.711773,151.563824,42,2,1,0,3,2,3,3,2,0,7,50,0,4552,5151,8,0,40,1,0,0,0,0
1245363,3,2020,2020,1,0,6,5,31,119,96,1,0,10,-33.872092,151.157276,32,0,2,1,0,0,3,0,2,0,15,50,2,9859,9859,1,5,0,4,0,0,0,0
1245366,3,2020,2020,10,4,5,24,1,28,34609,0,1,1,-34.013075,151.070166,68,0,2,1,0,0,0,3,2,0,7,50,0,9859,9859,1,5,13,2,0,0,0,0
1245379,3,2020,2020,10,1,6,2126,17,77,2149,0,1,10,-33.884358,151.198574,69,0,2,1,3,0,3,4,2,2,7,50,2,14295,14295,3,9,5,2,0,0,0,0
1245381,3,2020,2020,10,3,0,82,31,41,34609,0,1,1,-33.862188,150.984696,24,0,2,1,3,0,3,4,0,0,7,50,0,14295,14295,3,0,5,2,0,0,0,0
1245390,3,2020,2020,10,2,9,69,13,121,102,0,1,9,-33.799273,151.284466,50,0,2,1,3,0,3,4,0,3,7,40,2,2040,2040,9,21,28,2,0,0,0,0
1245391,3,2020,2020,10,5,10,26,10,24,26,0,1,7,-36.887983,149.906313,5,2,1,1,3,0,3,4,2,0,0,50,1,6545,6545,4,5,22,2,0,0,0,0
1245393,3,2020,2020,11,0,0,78,31,98,34609,0,1,9,-30.986619,150.259115,51,2,1,0,3,0,0,0,0,0,7,50,0,4552,5151,8,0,40,1,0,0,0,0
1245394,3,2020,2020,10,1,6,11,27,182,34609,0,1,1,-32.83175,151.347923,17,2,1,1,3,0,3,4,2,0,7,50,0,9859,9859,8,5,40,1,0,0,0,0
1245395,3,2020,2020,10,2,10,4,27,120,18,0,1,7,-33.773482,150.877079,7,0,2,1,3,0,3,4,0,0,0,60,1,395,395,1,0,5,2,0,0,0,0
1245401,3,2020,2020,10,2,3,14,27,25,34609,0,1,9,-34.479135,150.869755,80,0,2,1,3,0,0,3,2,0,7,50,0,4026,4026,8,5,40,1,0,0,0,0
1245405,3,2020,2020,10,1,7,41,27,85,9,0,1,9,-33.721332,151.130752,36,0,2,1,3,0,3,4,2,0,7,60,1,14295,14295,3,5,36,2,0,0,0,0
1245414,3,2020,2020,10,1,3,344,27,42,163,0,1,9,-33.74017,150.862502,7,0,2,1,1,0,0,0,2,2,7,70,2,2852,2852,4,33,0,2,0,0,0,0
1245427,3,2020,2020,10,2,11,1,31,9,34609,0,1,9,-33.153137,151.537757,16,2,2,1,2,0,3,4,0,0,7,50,0,9859,9859,8,10,40,1,0,0,0,0
1245428,3,2020,2020,10,0,6,485,31,169,769,0,1,1,-33.600667,150.759111,29,2,2,1,1,0,0,3,2,0,7,60,2,14295,14295,3,5,40,2,0,0,0,0