Crash ID,Degree of crash - detailed,Reporting year,Year of crash,Month of crash,Day of week of crash,Two-hour intervals,Street of crash,Street type,Town,Route no.,School zone location,School zone active,Type of location,Latitude,Longitude,LGA,Urbanisation,Conurbation 1,Alignment,Street lighting,Road surface,Surface condition,Weather,Natural lighting,Signals operation,Other traffic control,Speed limit,Road classification,RUM - code,DCA - code,First impact type,Key TU type,Other TU type,No. of traffic units involved,No. killed,No. seriously injured,No. moderately injured,No. minor-other injured
1245433,3,2020,2020,11,2,8,2,31,150,34609,0,1,1,-33.928836,151.233447,59,0,2,0,1,0,0,0,3,0,7,50,0,4552,5151,1,5,5,2,0,0,0,0
1245445,3,2020,2020,10,0,8,4,1,129,34609,0,1,1,-33.899301,151.093331,9,0,2,1,1,0,0,0,2,0,7,50,0,9859,9859,1,5,12,4,0,0,0,0
1245447,3,2020,2020,10,1,0,866,17,98,793,0,1,2,-33.735771,151.075533,31,0,2,1,2,0,3,4,0,0,7,70,2,1945,1945,5,29,40,1,0,0,0,0
1245452,3,2020,2020,11,0,5,3371,17,25,3342,0,1,2,-32.864272,151.706051,48,0,2,1,3,0,0,0,2,0,7,80,2,9859,9859,1,8,0,2,0,0,0,0
1245455,3,2020,2020,10,2,8,110,31,30,34609,0,1,4,-34.874383,147.58315,51,2,1,0,3,0,3,6,2,0,7,50,0,4552,5151,8,5,40,1,0,0,0,0
1245456,3,2020,2020,10,0,10,39,31,25,34609,0,1,4,-32.896274,151.694001,48,0,2,0,3,0,0,0,0,0,7,50,0,4552,5151,8,5,40,1,0,0,0,0
1245459,3,2020,2020,10,0,10,135,17,93,136,0,1,9,-36.074819,146.951135,0,2,1,1,3,0,3,4,0,0,7,80,2,1089,1089,7,5,40,1,0,0,0,0
1245460,3,2020,2020,10,1,3,1,10,59,34609,0,1,9,-32.880237,151.724588,48,0,2,1,3,0,3,4,1,0,7,50,0,3775,3775,0,9,12,2,0,0,0,0
1245461,3,2020,2020,10,3,11,2,31,103,34609,0,1,1,-32.931249,151.658908,37,0,2,0,3,0,3,4,0,0,7,50,0,4552,5151,1,5,5,2,0,0,0,0
1245462,3,2020,2020,10,6,3,1104,14,223,962,0,1,3,-33.805926,150.919635,7,0,2,1,3,0,0,3,1,0,7,100,2,14295,14295,3,10,0,2,0,0,0,0
1245469,3,2020,2020,10,2,11,168,10,387,260,0,1,2,-33.946059,151.178101,4,0,2,1,3,0,3,4,0,0,7,70,2,9859,9859,8,5,40,1,0,0,0,0
1245472,3,2020,2020,10,0,7,79,10,532,34609,0,1,10,-33.870015,151.19783,69,0,2,1,3,0,0,0,2,3,7,50,0,14295,14295,3,5,0,2,0,0,0,0
1245479,3,2020,2020,10,3,6,829,27,149,770,0,1,9,-33.869047,151.1764,32,0,2,0,1,0,0,0,2,1,7,60,2,14295,14295,3,9,0,2,0,0,0,0
1245490,3,2020,2020,10,2,9,5,31,8,169,0,1,9,-32.82776,151.489652,17,2,1,1,2,0,0,0,0,0,7,60,2,9859,9859,8,34,40,1,0,0,0,0
1245503,3,2020,2020,10,1,9,45,27,21,34609,0,1,1,-32.769315,151.992499,57,2,1,1,2,0,0,0,0,0,7,80,0,945,945,5,0,40,1,0,0,0,0
1245506,3,2020,2020,1,3,2,16,4,83,34609,0,1,1,-33.886511,150.861373,41,0,2,0,0,0,3,0,0,0,7,50,0,2585,4009,1,5,5,3,0,0,0,0
1245512,3,2020,2020,10,4,9,38,27,25,21,0,1,1,-32.360201,150.731202,46,1,0,1,1,0,0,6,2,0,7,100,2,4026,4026,8,0,40,1,0,0,0,0
1245516,3,2020,2020,10,6,9,4,31,70,34609,0,1,10,-33.914833,150.979172,15,0,2,1,3,0,0,0,3,0,0,50,0,9859,9859,1,5,5,2,0,0,0,0
1245517,3,2020,2020,10,0,6,1,31,136,34609,0,1,1,-33.916707,151.070762,15,0,2,1,0,0,0,0,2,0,7,50,0,1282,1282,1,5,5,2,0,0,0,0
1245521,3,2020,2020,10,2,9,89,27,3,228,0,1,1,-32.887092,151.282684,17,2,1,0,3,0,3,4,2,0,7,80,1,4552,5151,8,5,40,1,0,0,0,0
1245522,3,2020,2020,10,2,5,293,31,112,769,0,1,2,-33.606643,150.822355,29,2,2,1,3,0,3,4,2,0,7,60,2,14295,14295,3,0,5,2,0,0,0,0
1245524,3,2020,2020,10,3,7,8,27,43,38,0,1,1,-33.775946,151.26393,50,0,2,0,3,0,3,4,2,0,7,60,1,4552,5151,8,5,40,3,0,0,0,0
1245525,3,2020,2020,10,3,7,118,27,646,34609,0,1,1,-33.916712,151.033161,15,0,2,1,3,0,3,4,2,0,7,40,0,9859,9859,1,5,13,2,0,0,0,0
1245531,3,2020,2020,10,1,3,128,27,74,133,0,1,9,-33.769925,150.675508,55,0,2,1,3,0,0,0,2,2,7,60,2,3775,3775,0,5,12,2,0,0,0,0
1245541,3,2020,2020,10,6,7,69,31,93,34609,0,1,9,-36.080093,146.939562,0,2,1,1,0,0,3,4,2,0,7,60,0,9859,9859,1,5,0,2,0,0,0,0
1245545,3,2020,2020,10,5,4,82,27,84,181,0,1,1,-33.893406,151.260275,76,0,2,1,1,0,0,0,2,0,7,50,2,9859,9859,8,10,40,1,0,0,0,0
1245551,3,2020,2020,10,2,5,10,18,48,34609,1,0,9,-28.258555,153.580275,72,2,1,0,1,0,3,3,2,0,7,50,0,3775,3775,0,30,5,2,0,0,0,0
1245564,3,2020,2020,10,6,7,3371,17,16,3342,0,1,9,-33.186473,151.58406,16,2,2,1,3,0,0,0,2,0,15,80,2,2852,2852,4,0,0,2,0,0,0,0
1245565,3,2020,2020,10,2,11,46,27,16,34609,0,1,1,-32.881183,151.621175,48,0,2,0,3,0,3,4,0,0,7,70,0,4552,5151,8,30,40,1,0,0,0,0
1245566,3,2020,2020,10,2,9,191,27,309,208,0,1,9,-33.813698,151.105975,61,0,2,1,3,0,3,4,3,2,7,60,2,5929,5929,1,5,0,2,0,0,0,0
1245567,3,2020,2020,11,0,9,10,31,87,34609,0,1,1,-28.813187,153.275642,39,2,1,1,2,0,0,0,0,0,7,50,0,1981,1981,4,0,5,2,0,0,0,0
1245580,3,2020,2020,10,0,4,2126,17,445,2149,0,1,9,-33.851261,151.054558,21,0,2,1,3,0,0,0,2,0,7,60,2,150,150,4,0,5,2,0,0,0,0
1245581,3,2020,2020,10,3,7,12,27,35,103,0,1,1,-32.0971,152.370928,43,2,1,0,3,0,3,4,2,0,7,60,1,1957,4009,8,10,40,1,0,0,0,0
1245583,3,2020,2020,10,0,7,2126,17,323,2149,0,1,9,-33.789142,150.856023,7,0,2,1,3,0,0,0,2,2,7,80,2,5929,5929,1,10,5,2,0,0,0,0
1245585,3,2020,2020,10,5,6,49,31,39,34609,0,1,9,-33.845754,151.211288,49,0,2,1,3,0,0,0,2,0,15,50,0,248,248,1,9,0,2,0,0,0,0
1245587,3,2020,2020,10,2,8,866,17,278,793,0,1,9,-33.784571,151.04375,54,0,2,0,3,0,3,4,3,2,7,60,2,2852,2852,4,0,5,2,0,0,0,0
1245588,3,2020,2020,10,6,8,4,27,36,34609,0,1,1,-33.799931,150.939981,21,0,2,1,3,0,0,0,2,0,7,50,0,1109,397,1,5,5,2,0,0,0,0
1245589,3,2020,2020,10,0,6,45,1,294,26,0,1,9,-33.937067,150.925751,41,0,2,1,3,0,0,0,2,0,7,60,2,1669,1669,3,10,5,2,0,0,0,0
1245590,3,2021,2020,10,2,8,346,17,12,332,0,1,1,-28.896113,152.742234,51,1,0,0,3,0,3,4,2,0,7,100,2,1957,4009,8,5,40,1,0,0,0,0
1245591,3,2020,2020,10,3,9,2261,31,228,39,0,1,7,-34.77209,149.691305,26,2,1,1,3,0,3,4,0,0,7,60,2,9859,9859,8,5,40,1,0,0,0,0
1245596,3,2020,2020,6,5,7,34,10,10,40,0,1,9,-35.768411,150.217825,23,2,1,0,0,0,0,0,2,0,7,80,1,1850,1463,5,8,40,1,0,0,0,0
1245608,3,2020,2020,11,6,5,168,10,387,260,0,1,2,-33.946053,151.178845,4,0,2,1,1,0,0,0,2,0,7,70,2,1192,1192,1,33,36,2,0,0,0,0
1245610,3,2020,2020,10,1,3,230,27,100,284,0,1,2,-33.81076,151.164105,38,0,2,1,1,0,3,0,1,0,7,60,2,1192,1192,1,33,5,2,0,0,0,0
1245621,3,2020,2020,1,3,0,19,27,147,8,1,0,1,-33.74662,151.286235,50,0,2,1,2,0,0,0,0,0,7,50,1,4026,4026,8,5,40,1,0,0,0,0
1245628,3,2020,2020,1,1,9,7,31,290,34609,0,1,9,-33.856194,150.987701,21,0,2,1,2,0,0,0,0,0,7,50,0,6545,6545,4,5,5,2,0,0,0,0
1245664,3,2020,2020,10,0,7,18,27,111,34609,0,1,10,-33.920475,151.25431,59,0,2,1,1,0,0,0,2,2,7,50,0,387,387,1,5,36,2,0,0,0,0
1245673,3,2020,2020,10,2,6,32,27,78,28,0,1,10,-33.910019,150.786987,41,0,2,1,3,0,3,4,2,0,0,70,1,301,301,4,21,5,2,0,0,0,0
1245676,3,2020,2020,9,6,7,169,31,44,57,0,1,9,-28.863795,153.535509,2,2,1,1,3,0,0,0,2,0,7,60,1,14295,14295,3,0,13,2,0,0,0,0
1245683,3,2020,2020,10,3,10,5,27,15,34609,0,1,1,-32.768643,151.700773,42,2,1,0,0,0,0,0,0,0,7,80,0,1957,4009,8,5,40,1,0,0,0,0
1245687,3,2020,2020,9,1,4,1,25,154,34609,0,1,9,-33.704314,150.962622,71,0,2,0,3,0,0,0,2,0,7,50,0,6545,6545,4,5,0,2,0,0,0,0
1245688,3,2020,2020,10,6,6,123,36,10,90,0,1,1,-31.867158,151.863051,43,2,1,0,3,0,3,4,2,0,7,80,1,1259,5151,8,0,40,1,0,0,0,0
1245690,3,2020,2020,9,5,4,30,31,252,9,0,1,0,-33.882742,151.210947,69,0,2,1,3,0,0,0,2,0,7,50,1,9859,9859,1,8,5,2,0,0,0,0
1245692,3,2020,2020,9,1,3,5,7,57,34609,0,1,1,-33.353976,151.445886,16,2,2,0,3,0,0,0,2,0,7,50,0,1957,4009,8,8,40,1,0,0,0,0
1245694,3,2020,2020,9,3,7,481,17,155,483,0,1,9,-33.102145,148.176037,53,1,0,1,3,0,0,0,2,0,7,110,2,380,777,5,5,40,1,0,0,0,0
1245695,3,2020,2020,10,4,2,150,27,173,415,0,1,10,-33.77984,151.134018,61,0,2,1,3,0,0,0,0,2,7,70,2,1383,1383,1,0,5,2,0,0,0,0
1245697,3,2020,2020,9,1,2,6,10,76,34609,0,1,7,-33.916546,150.863724,41,0,2,0,3,0,0,3,0,0,0,50,0,1391,1391,1,9,5,2,0,0,0,0
1245701,3,2020,2020,10,6,4,222,27,6,34609,0,1,1,-33.414279,149.550527,3,2,1,1,3,0,3,3,2,0,7,50,0,175,188,8,0,40,3,0,0,0,0
1245702,3,2020,2020,9,5,8,866,17,77,793,0,1,2,-33.731833,151.07975,31,0,2,1,3,0,0,0,2,0,7,70,2,14295,14295,3,5,12,3,0,0,0,0
1245707,3,2020,2020,10,2,5,106,27,252,106,0,1,2,-33.927587,150.887649,41,0,2,1,3,0,0,0,2,0,7,70,2,623,623,3,5,5,2,0,0,0,0
1245708,3,2020,2020,10,5,8,59,31,73,46,0,1,9,-34.183113,150.614661,79,2,2,1,3,0,3,0,2,0,7,60,2,9859,9859,1,10,0,2,0,0,0,0
1245709,3,2020,2020,10,2,6,24,31,31,24,0,1,1,-33.431356,151.359151,16,2,2,1,3,0,3,4,2,0,7,60,1,9859,9859,8,5,40,1,0,0,0,0
1245714,3,2020,2020,1,1,10,3,31,67,34609,0,1,1,-33.872047,150.893689,24,0,2,1,2,0,0,0,0,0,7,50,0,1282,1282,1,33,0,2,0,0,0,0
1245717,3,2020,2020,1,5,8,35,31,273,34609,1,0,1,-34.422451,150.903874,80,0,2,1,1,0,0,0,2,0,7,50,0,9859,9859,1,5,5,2,0,0,0,0
1245720,3,2020,2020,10,2,9,13,31,43,34609,0,1,10,-32.551452,148.943235,22,2,1,1,1,0,0,0,3,0,0,50,0,6545,6545,4,10,5,2,0,0,0,0
1245723,3,2020,2020,9,6,1,29,27,85,30,0,1,7,-33.895943,150.867706,41,0,2,1,2,0,0,0,0,0,0,60,1,945,945,5,5,40,1,0,0,0,0
1245734,3,2020,2020,9,1,4,866,17,149,793,0,1,9,-33.815783,150.963909,21,0,2,0,1,0,0,3,2,2,7,70,2,5929,5929,1,10,5,2,0,0,0,0
1245736,3,2020,2020,10,3,7,115,27,20,173,0,1,2,-34.34357,150.796448,80,0,2,0,0,0,3,4,2,0,7,100,2,1957,4009,8,5,40,1,0,0,0,0
1245745,3,2020,2020,1,2,5,18,27,22,34609,0,1,7,-36.060826,146.915208,0,2,1,1,1,0,0,0,2,0,7,50,0,14295,14295,3,5,5,2,0,0,0,0
1245757,3,2020,2020,11,3,8,5,27,337,34609,0,1,1,-33.728103,151.00905,71,0,2,0,1,0,0,0,2,0,7,50,0,4552,5151,8,5,40,1,0,0,0,0
1245759,3,2020,2020,9,3,9,478,17,96,480,0,1,9,-33.43198,151.391556,16,2,2,0,1,0,3,4,2,0,7,60,2,1259,5151,8,5,40,1,0,0,0,0
1245760,3,2020,2020,1,0,8,169,10,5,34609,0,1,1,-28.953308,153.473901,2,2,1,0,0,0,0,0,0,0,7,80,0,1259,5151,1,5,12,2,0,0,0,0
1245764,3,2020,2020,10,4,5,56,27,130,80,0,1,9,-33.872523,151.193853,69,0,2,1,2,0,0,0,2,2,7,50,2,6545,6545,4,5,5,2,0,0,0,0
1245789,3,2020,2020,10,1,2,3371,17,77,3342,0,1,2,-33.038738,151.659123,37,0,2,1,2,0,0,0,1,0,7,60,2,9859,9859,8,5,40,1,0,0,0,0
1245793,3,2020,2020,11,3,7,387,27,115,331,0,1,1,-33.959285,151.070646,25,0,2,1,0,0,0,0,2,0,7,60,2,14295,14295,3,5,5,2,0,0,0,0
1245795,3,2020,2020,11,5,9,283,27,197,702,0,1,9,-33.943335,151.077016,15,0,2,1,2,0,0,0,0,2,9,60,2,14295,14295,3,9,5,2,0,0,0,0
1245797,3,2020,2020,1,6,4,1,18,145,34609,0,1,1,-33.925912,151.125113,15,0,2,1,0,0,0,0,2,0,7,50,0,1282,1282,1,33,5,2,0,0,0,0
1245805,3,2020,2020,1,5,9,61,10,56,174,0,1,1,-33.009314,151.490063,37,0,2,1,0,0,0,0,0,0,7,90,2,945,945,5,5,40,1,0,0,0,0
1245811,3,2020,2020,10,6,4,29,1,198,34609,1,2,10,-33.907737,151.096101,15,0,2,1,3,0,0,0,2,0,15,40,0,6545,6545,4,0,13,2,0,0,0,0
1245812,3,2020,2020,9,0,5,2209,17,77,2205,0,1,9,-33.926838,151.158683,32,0,2,1,3,0,0,0,2,0,0,60,2,945,945,5,30,40,1,0,0,0,0
1245818,3,2020,2020,9,6,4,177,22,239,176,0,1,9,-34.036823,151.117091,68,0,2,1,3,0,0,0,2,0,0,60,2,5929,5929,1,0,5,2,0,0,0,0
1245820,3,2020,2020,9,4,3,361,23,253,165,0,1,9,-33.96857,151.108372,25,0,2,1,3,0,3,4,2,2,7,50,1,5929,5929,1,5,5,2,0,0,0,0
1245822,3,2020,2020,10,0,5,123,23,13,34609,0,1,1,-33.774537,151.292555,50,0,2,1,3,0,0,0,2,0,7,50,0,941,941,1,5,5,4,0,0,0,0
1245825,3,2020,2020,9,3,7,35,27,84,33,0,1,1,-33.778345,151.106756,61,0,2,1,3,0,3,3,2,0,7,60,1,1383,1383,1,5,36,2,0,0,0,0
1245829,3,2020,2020,9,3,0,2261,17,443,2252,0,1,9,-33.904596,151.042007,15,0,2,1,3,0,0,0,0,2,7,60,2,5929,5929,1,5,5,2,0,0,0,0
1245832,3,2020,2020,9,4,6,77,10,40,331,0,1,9,-34.235302,150.581558,79,2,2,1,3,0,3,4,2,0,0,80,1,2852,2852,4,5,0,2,0,0,0,0
1245833,3,2020,2020,10,1,3,3371,17,28,3342,0,1,2,-32.646304,151.922569,57,1,0,0,3,0,3,4,2,0,7,110,2,4552,5151,8,29,40,1,0,0,0,0
1245843,3,2020,2020,10,4,5,475,31,19,34609,0,1,1,-32.907425,151.756417,48,0,2,1,0,0,0,0,2,0,7,50,0,9859,9859,1,10,5,2,0,0,0,0
1245848,3,2020,2020,10,3,11,31,10,78,23,0,1,9,-33.428532,151.445145,16,2,2,1,2,0,3,4,0,0,0,50,1,3775,3775,0,5,0,3,0,0,0,0
1245862,3,2020,2020,9,3,3,5,31,65,34609,0,1,7,-32.925605,151.773143,48,0,2,1,1,0,0,0,2,0,0,30,0,9859,9859,8,5,40,1,0,0,0,0
1245865,3,2020,2020,10,5,6,3371,17,29,3342,0,1,9,-32.216749,152.322497,43,2,1,1,1,0,0,0,2,0,0,80,2,623,623,3,29,35,4,0,0,0,0
1245878,3,2020,2020,10,6,9,293,27,103,172,1,0,10,-32.946521,151.65716,37,0,2,1,1,0,0,0,2,0,0,60,2,9859,9859,1,30,36,2,0,0,0,0
1245880,3,2020,2020,9,1,8,17,31,290,33,0,1,9,-33.954937,151.124825,4,0,2,1,3,0,0,0,2,0,7,50,1,5929,5929,1,5,5,2,0,0,0,0
1245886,3,2020,2020,9,0,5,485,27,232,769,0,1,10,-33.684046,150.916899,71,0,2,1,3,0,0,0,2,2,7,80,2,623,623,3,8,5,2,0,0,0,0
1245887,3,2020,2020,10,2,9,1,27,21,34609,0,1,1,-28.602597,153.543557,10,2,1,0,3,2,3,4,0,0,7,80,0,2585,4009,8,0,40,1,0,0,0,0
1245894,3,2020,2020,10,2,8,1,27,3,34609,0,1,1,-35.752475,149.39649,65,1,0,1,3,2,3,4,3,0,7,100,0,1945,1945,5,16,40,1,0,0,0,0
1245896,3,2020,2020,9,5,3,515,14,294,518,0,1,3,-33.942907,150.946224,41,0,2,0,3,0,0,0,2,0,7,100,2,14295,14295,3,5,5,5,0,0,0,0
1245899,3,2020,2020,9,3,7,6,31,82,34609,0,1,9,-34.374718,150.89526,80,0,2,1,3,0,0,3,2,0,15,50,0,5929,5929,1,30,5,2,0,0,0,0
1245901,3,2020,2020,10,1,2,23,27,523,23,0,1,7,-33.9188,150.909012,41,0,2,1,3,0,0,0,1,0,0,60,1,926,926,4,9,13,2,0,0,0,0
1245902,3,2020,2020,10,0,7,50,27,166,799,0,1,10,-33.898552,151.176419,32,0,2,1,1,0,0,0,2,2,7,50,2,2852,2852,4,5,41,2,0,0,0,0
1245904,3,2020,2020,9,6,4,8,27,2,34609,0,1,1,-33.526141,151.35607,16,2,2,0,3,0,0,0,2,0,7,50,0,3775,3775,0,5,5,2,0,0,0,0
1245907,3,2020,2020,10,6,5,9,27,197,34609,0,1,1,-33.800481,151.131899,61,0,2,1,3,0,0,0,2,0,7,50,0,4026,4026,8,8,40,1,0,0,0,0
1245908,3,2020,2020,10,2,1,2,1,18,34609,0,1,1,-34.508984,150.801487,80,0,2,1,3,0,3,4,0,0,7,50,0,237,397,1,5,41,2,0,0,0,0
1245911,3,2020,2020,9,3,5,5,27,51,34609,0,1,1,-34.465862,150.80066,80,0,2,1,3,0,3,4,2,0,7,100,0,3775,3775,0,0,35,2,0,0,0,0
1245916,3,2020,2020,10,5,11,123,31,39,34609,0,1,1,-32.902056,151.585299,37,0,2,1,2,0,0,0,0,0,7,50,0,9859,9859,1,0,5,2,0,0,0,0
1245931,3,2020,2020,9,5,8,283,27,197,702,1,0,9,-33.941676,151.07626,15,0,2,1,1,0,0,0,2,2,7,60,2,14295,14295,3,33,5,4,0,0,0,0
1245941,3,2020,2020,9,3,7,1,7,2,34609,0,1,1,-32.880561,151.712528,48,0,2,1,1,0,3,4,2,0,7,50,0,9859,9859,1,0,36,3,0,0,0,0
1245945,3,2020,2020,9,6,3,8,27,210,34609,0,1,1,-34.022913,151.102732,68,0,2,1,1,0,0,0,2,0,7,50,0,9859,9859,1,33,41,2,0,0,0,0
1245948,3,2020,2020,10,0,2,1,31,323,34609,0,1,1,-33.795282,150.868454,7,0,2,1,2,0,0,0,0,0,7,50,0,9859,9859,1,10,10,2,0,0,0,0
1245990,3,2020,2020,9,1,4,49,22,224,34609,0,1,1,-33.82302,151.250569,45,0,2,1,3,0,0,0,2,0,7,50,0,144,144,1,5,5,2,0,0,0,0
1245991,3,2020,2020,10,3,8,234,27,57,217,0,1,9,-33.604445,151.012647,31,0,2,1,3,0,3,4,2,0,7,60,2,4026,4026,8,5,40,1,0,0,0,0
1245995,3,2020,2020,9,1,9,23,27,61,91,0,1,1,-35.180405,149.257936,82,1,0,1,3,0,0,0,2,0,7,100,2,9859,9859,8,5,40,1,0,0,0,0
1245998,3,2020,2020,9,4,8,16,10,67,22,0,1,1,-33.394792,151.343789,16,2,2,0,3,0,3,4,2,0,7,50,1,380,714,5,5,40,1,0,0,0,0
1246006,3,2020,2020,10,3,7,98,31,100,159,0,1,1,-33.957191,151.147488,4,0,2,1,0,0,0,0,2,0,7,60,2,5929,5929,1,5,5,3,0,0,0,0
1246009,3,2020,2020,10,2,7,21,31,609,34609,0,1,1,-33.753885,150.922126,7,0,2,1,1,0,3,4,2,0,7,50,0,9859,9859,8,5,40,2,0,0,0,0
1246016,3,2020,2020,10,6,6,24,31,112,60,0,1,9,-36.057764,146.932504,0,2,1,1,1,0,0,0,2,0,0,60,1,6545,6545,4,5,5,3,0,0,0,0
1246019,3,2020,2020,10,0,6,3371,17,77,3342,0,1,9,-32.938758,151.745798,48,0,2,0,3,0,0,0,2,0,7,60,2,14295,14295,3,10,5,2,0,0,0,0
1246021,3,2020,2020,10,1,10,149,36,32,113,0,1,1,-32.399998,152.30138,43,2,1,0,0,0,3,4,0,0,7,80,1,1957,4009,8,5,40,1,0,0,0,0
1246022,3,2020,2020,5,4,7,6,27,316,34609,0,1,1,-31.440181,152.885357,56,2,1,1,1,0,0,0,2,0,7,50,0,9859,9859,8,34,40,1,0,0,0,0
1246026,3,2020,2020,10,0,8,11,27,40,34609,0,1,1,-35.797749,150.162493,23,1,0,1,3,0,0,3,2,0,7,100,0,4026,4026,8,5,40,1,0,0,0,0
1246033,3,2020,2020,9,3,10,102,31,107,53,0,1,10,-33.879053,151.195721,69,0,2,1,2,0,0,0,0,2,7,50,2,6545,6545,4,5,36,2,0,0,0,0
1246036,3,2020,2020,10,5,10,3371,17,463,3342,0,1,2,-30.297525,153.112768,19,2,1,0,2,0,0,0,0,0,7,60,2,1957,4009,1,33,0,2,0,0,0,0
1246037,3,2020,2020,10,2,8,5,27,90,34609,0,1,1,-33.786987,150.946702,7,0,2,1,3,0,3,4,2,0,7,50,0,9859,9859,1,5,5,2,0,0,0,0
1246039,3,2020,2020,5,1,7,4,32,60,34609,0,1,1,-34.032534,150.737429,12,0,2,0,3,0,0,0,2,0,7,50,0,2585,4009,8,0,40,1,0,0,0,0
1246040,3,2020,2020,10,0,7,6,31,77,34609,0,1,10,-32.941619,151.745743,48,0,2,1,3,0,0,0,2,0,15,50,0,6545,6545,4,0,5,2,0,0,0,0
1246050,3,2020,2020,9,0,5,7,31,13,34609,1,0,10,-32.896307,151.749864,48,0,2,1,3,0,0,0,2,0,7,50,0,1981,1981,4,10,5,2,0,0,0,0
1246053,3,2020,2020,10,2,11,42,31,69,34609,0,1,9,-33.821548,151.018897,54,0,2,1,3,0,3,4,0,0,7,50,0,1957,777,8,5,40,1,0,0,0,0
1246054,3,2020,2020,10,1,11,10,27,68,34609,0,1,1,-33.627892,149.845086,51,1,0,0,3,0,3,4,0,0,7,100,0,4552,5151,8,5,40,1,0,0,0,0
1246057,3,2020,2020,9,3,6,2126,17,44,2149,0,1,2,-33.767751,150.639676,8,2,2,0,3,0,3,4,2,0,7,70,2,1259,5151,8,5,40,1,0,0,0,0
1246063,3,2020,2020,9,0,8,21,1,123,25,0,1,1,-33.904895,151.21573,59,0,2,1,3,0,0,0,2,0,7,50,1,9859,9859,1,5,5,2,0,0,0,0
1246067,3,2020,2020,9,3,7,3,27,62,34609,0,1,9,-33.751326,150.620486,8,2,2,0,3,0,3,0,2,0,0,50,0,3775,3775,0,5,0,2,0,0,0,0
1246073,3,2020,2020,11,6,4,9,27,7,34609,0,1,9,-33.224065,151.278551,16,2,2,1,3,0,0,0,2,0,0,60,0,782,985,5,8,40,1,0,0,0,0
1246077,3,2020,2020,10,2,6,31,27,157,34609,0,1,10,-34.020573,151.095121,68,0,2,1,3,0,0,0,2,0,15,50,0,2852,2852,4,5,5,3,0,0,0,0
1246081,3,2020,2020,10,2,8,2261,17,47,2252,0,1,2,-35.772286,147.280505,27,1,0,1,3,0,3,4,3,0,7,110,2,9859,9859,8,5,40,1,0,0,0,0
1246082,3,2020,2020,9,6,11,12,27,15,34609,0,1,1,-33.799623,151.040326,54,0,2,1,3,0,0,0,0,0,7,50,0,1282,1282,1,5,5,3,0,0,0,0
1246083,3,2020,2020,9,3,6,3371,17,21,3342,0,1,2,-31.981777,152.470204,43,1,0,1,3,0,0,0,2,0,7,110,2,9859,9859,8,0,40,1,0,0,0,0
1246097,3,2020,2020,9,4,9,20,27,34,20,0,1,1,-35.071797,150.647759,63,2,1,0,0,0,3,4,3,0,7,80,1,3775,3775,0,5,5,2,0,0,0,0
1246155,3,2020,2020,10,2,9,2126,17,24,2149,0,1,2,-33.427486,150.080948,40,1,0,0,3,0,0,0,3,0,7,110,2,1383,1383,1,5,36,2,0,0,0,0
1246175,3,2020,2020,11,1,6,112,27,29,769,0,1,1,-33.540542,150.63752,29,2,2,0,0,0,0,0,2,0,7,60,2,3775,3775,0,8,5,2,0,0,0,0
1246176,3,2020,2020,10,5,8,31,32,294,34609,0,1,1,-33.932205,150.957849,41,0,2,1,3,0,0,0,2,0,7,50,0,9859,9859,1,9,5,2,0,0,0,0
1246209,3,2020,2020,1,4,5,12,31,252,75,1,0,9,-33.888593,151.206317,69,0,2,1,0,0,0,0,2,0,0,50,1,9859,9859,1,27,5,2,0,0,0,0
1246211,3,2020,2020,5,0,8,62,10,55,169,0,1,7,-32.830187,151.527798,17,2,1,0,0,0,0,0,2,0,7,60,2,1192,1192,1,29,36,2,0,0,0,0
1246212,3,2020,2020,1,5,4,1,10,175,34609,0,1,1,-33.782745,151.069579,54,0,2,0,1,0,0,0,2,0,7,50,0,248,248,1,9,5,3,0,0,0,0
1246244,3,2020,2020,10,2,1,2,31,77,34609,0,1,1,-30.322083,149.784467,51,2,1,1,0,0,0,0,0,0,7,50,0,1282,1282,1,5,40,1,0,0,0,0
1246263,3,2020,2020,10,2,0,17,31,136,32,0,1,7,-33.915905,151.081251,15,0,2,1,2,0,0,0,0,0,0,50,1,9859,9859,8,5,40,1,0,0,0,0
1246268,3,2020,2020,10,4,8,6,27,8,34609,0,1,1,-34.585795,146.430578,51,1,0,0,3,2,0,0,2,0,7,100,0,4552,5151,8,5,40,1,0,0,0,0
1246275,3,2020,2020,9,2,6,1,7,25,34609,1,0,2,-33.869642,151.224317,69,0,2,1,3,0,0,0,2,0,7,50,0,237,397,1,0,5,2,0,0,0,0
1246276,3,2020,2020,9,5,7,6,31,157,34609,0,1,1,-33.796182,151.002675,54,0,2,1,3,0,0,0,2,0,7,50,0,220,220,8,8,40,1,0,0,0,0
1246277,3,2020,2020,9,4,8,2,31,166,34609,0,1,1,-33.903465,151.1805,69,0,2,1,3,0,0,3,2,0,7,50,0,9859,9859,1,5,5,2,0,0,0,0
1246279,3,2020,2020,9,0,3,48,10,59,58,0,1,9,-32.886371,151.728039,48,0,2,1,3,0,0,0,2,2,7,80,2,5929,5929,1,10,41,2,0,0,0,0
1246280,3,2020,2020,9,5,0,916,17,32,917,0,1,2,-32.638776,151.23122,64,1,0,1,3,0,0,0,0,0,7,100,2,4026,4026,8,5,40,1,0,0,0,0