Crash ID,Degree of crash - detailed,Reporting year,Year of crash,Month of crash,Day of week of crash,Two-hour intervals,Street of crash,Street type,Town,Route no.,School zone location,School zone active,Type of location,Latitude,Longitude,LGA,Urbanisation,Conurbation 1,Alignment,Street lighting,Road surface,Surface condition,Weather,Natural lighting,Signals operation,Other traffic control,Speed limit,Road classification,RUM - code,DCA - code,First impact type,Key TU type,Other TU type,No. of traffic units involved,No. killed,No. seriously injured,No. moderately injured,No. minor-other injured
1246283,3,2020,2020,9,0,2,113,27,45,111,0,1,9,-33.817638,150.775951,55,0,2,1,3,0,3,3,1,2,9,80,2,83,83,1,10,5,2,0,0,0,0
1246285,3,2020,2020,9,1,8,23,27,164,21,1,0,9,-33.741043,150.887737,7,0,2,1,3,0,0,0,2,0,7,60,1,5929,5929,1,5,5,3,0,0,0,0
1246287,3,2020,2020,9,1,8,3371,17,12,3342,0,1,9,-33.047449,151.655612,37,0,2,1,3,0,0,0,2,0,7,60,2,1850,985,5,0,40,1,0,0,0,0
1246292,3,2020,2020,9,0,9,6,27,187,34609,0,1,1,-33.788679,150.991827,54,0,2,1,3,0,0,0,3,0,7,50,0,1981,1981,4,5,5,2,0,0,0,0
1246296,3,2020,2020,9,0,6,8,27,4,34609,0,1,1,-33.622519,149.888769,51,1,0,0,3,0,3,4,2,0,7,100,0,404,404,8,16,40,1,0,0,0,0
1246298,3,2020,2020,9,1,8,2209,17,106,2205,0,1,2,-34.552281,150.788123,62,0,2,1,3,0,0,0,2,0,7,70,2,14295,14295,3,5,41,2,0,0,0,0
1246299,3,2020,2020,10,0,6,13,31,17,17,0,1,1,-30.899715,153.04085,34,2,1,1,3,0,0,0,2,0,7,50,1,9859,9859,1,5,0,2,0,0,0,0
1246301,3,2020,2020,9,2,6,11,1,29,13,0,1,9,-33.752632,150.793512,7,0,2,1,3,0,0,0,2,0,0,50,1,150,150,4,5,5,2,0,0,0,0
1246305,3,2020,2020,10,3,7,916,17,91,917,0,1,2,-32.797976,151.639439,48,0,2,0,3,0,3,4,2,0,7,90,2,4552,5151,8,5,40,1,0,0,0,0
1246311,3,2020,2020,9,6,3,10,27,32,34609,0,1,9,-30.246627,151.666964,1,1,0,0,3,0,0,0,2,0,7,100,0,782,957,5,0,40,1,0,0,0,0
1246312,3,2020,2020,10,6,6,308,14,88,311,0,1,3,-33.742521,150.847308,7,0,2,1,0,0,0,0,2,0,7,100,2,4026,4026,8,10,40,1,0,0,0,0
1246314,3,2020,2020,9,3,0,2126,17,33,2149,0,1,2,-33.491289,150.133785,40,2,1,1,2,0,0,0,0,0,7,70,2,9859,9859,8,5,40,1,0,0,0,0
1246321,3,2020,2020,9,4,5,7,27,3,48,0,1,1,-32.630503,151.593324,42,2,1,1,3,0,3,4,2,0,7,80,1,4026,4026,8,9,40,1,0,0,0,0
1246322,3,2020,2020,9,5,3,84,27,147,415,0,1,9,-33.752054,151.144197,36,0,2,1,3,0,0,0,1,0,2,70,2,623,623,3,8,13,2,0,0,0,0
1246354,3,2020,2020,10,6,8,2126,17,363,2149,0,1,10,-33.820347,151.003899,54,0,2,1,0,0,0,0,2,3,7,60,2,14295,14295,3,5,0,2,0,0,0,0
1246370,3,2020,2020,10,1,0,2209,17,57,2205,0,1,2,-34.662379,150.84864,35,1,0,1,2,0,0,0,0,0,7,100,2,1945,1945,5,10,40,1,0,0,0,0
1246377,3,2020,2020,10,4,9,512,17,562,441,0,1,10,-32.243129,148.587648,22,2,1,1,0,0,0,0,2,0,7,60,2,1669,1669,3,0,0,2,0,0,0,0
1246378,3,2020,2020,10,3,8,2126,17,346,2149,0,1,9,-33.866978,151.095154,14,0,2,1,1,0,3,4,3,2,7,60,2,9859,9859,8,5,40,1,0,0,0,0
1246391,3,2020,2020,9,1,5,178,27,189,101,0,1,9,-33.948742,151.052719,25,0,2,1,1,0,0,0,2,0,7,50,1,6545,6545,4,5,5,3,0,0,0,0
1246402,3,2020,2020,9,1,8,76,31,112,34609,0,1,1,-36.06902,146.932497,0,2,1,1,1,0,0,0,2,0,7,50,0,3775,3775,0,0,0,2,0,0,0,0
1246413,3,2020,2020,10,3,2,2261,17,70,2252,0,1,2,-34.74295,149.901426,26,1,0,1,0,0,0,0,0,0,7,110,2,9859,9859,8,5,40,1,0,0,0,0
1246435,3,2020,2020,9,4,8,225,17,50,180,0,1,1,-34.565325,150.662311,62,0,2,0,0,0,3,4,2,0,7,60,2,380,714,5,5,40,1,0,0,0,0
1246439,3,2021,2020,9,5,9,5,1,34,45,0,1,7,-35.089923,150.635194,63,2,1,0,3,0,0,0,2,0,0,70,1,78,78,8,30,40,1,0,0,0,0
1246440,3,2020,2020,9,6,10,1,27,15,34609,0,1,1,-32.780842,151.6841,42,1,0,1,3,2,0,0,0,0,7,100,0,9859,9859,8,30,40,1,0,0,0,0
1246445,3,2020,2020,10,3,11,55,27,137,96,0,1,9,-32.959334,151.69243,37,0,2,1,3,0,3,4,0,2,7,60,2,4552,985,8,5,40,1,0,0,0,0
1246451,3,2020,2020,9,5,1,1,1,4,34609,0,1,1,-34.459899,150.818292,80,0,2,1,3,0,0,0,0,0,7,50,0,9859,9859,1,10,13,2,0,0,0,0
1246463,3,2020,2020,9,4,3,866,17,247,793,0,1,9,-33.833294,150.959411,21,0,2,1,1,0,3,4,2,0,0,70,2,2585,777,8,5,40,1,0,0,0,0
1246478,3,2020,2020,9,6,11,105,27,21,109,0,1,1,-33.866525,150.909226,24,0,2,1,2,0,0,0,0,0,7,60,1,9859,9859,8,5,40,1,0,0,0,0
1246481,3,2020,2020,10,2,9,10,27,168,27,0,1,1,-33.696575,150.785863,7,0,2,1,0,0,0,3,3,0,7,80,1,43,43,3,33,13,2,0,0,0,0
1246498,3,2020,2020,9,0,8,1052,27,104,262,0,1,2,-32.909662,151.709032,48,0,2,1,1,0,3,0,2,0,7,60,2,14295,14295,3,34,5,5,0,0,0,0
1246503,3,2020,2020,10,2,10,68,27,110,67,0,1,1,-33.771296,151.025423,54,0,2,1,2,0,3,4,0,0,7,60,1,4026,4026,8,30,40,1,0,0,0,0
1246508,3,2020,2020,5,6,5,9,31,157,34609,0,1,1,-33.806045,151.010145,54,0,2,1,1,0,0,0,2,0,7,50,0,4026,4026,1,5,5,2,0,0,0,0
1246529,3,2020,2020,10,2,2,296,27,41,293,1,0,2,-33.867463,150.987748,24,0,2,1,2,0,0,0,0,0,7,70,2,1945,1945,5,5,40,1,0,0,0,0
1246535,3,2020,2020,1,5,8,6,31,105,34609,0,1,1,-32.707054,151.537467,42,2,1,0,1,0,0,0,2,0,7,50,0,2585,4009,1,5,4,2,0,0,0,0
1246547,3,2020,2020,1,4,3,9,10,11,29,0,1,1,-32.923455,151.679043,48,0,2,1,1,0,0,0,2,0,7,60,1,3775,3775,0,10,13,3,0,0,0,0
1246557,3,2020,2020,11,3,1,30,31,433,34609,0,1,1,-33.281107,149.111991,52,2,1,1,2,0,3,3,0,0,7,50,0,9859,9859,1,5,0,2,0,0,0,0
1246572,3,2020,2020,10,2,0,1,31,433,34609,0,1,1,-33.299966,149.106322,52,2,1,1,2,0,0,0,0,0,7,50,0,475,475,5,5,40,1,0,0,0,0
1246576,3,2020,2020,10,0,6,37,31,120,34609,1,0,7,-32.183152,152.519415,43,2,1,1,1,0,0,0,2,0,0,50,0,6545,6545,4,5,5,2,0,0,0,0
1246579,3,2020,2020,10,1,5,46,31,17,34609,0,1,1,-32.733829,151.539535,42,2,1,1,1,0,3,4,2,0,7,50,0,9859,9859,8,5,40,1,0,0,0,0
1246584,3,2020,2020,10,6,7,330,23,102,39,0,1,9,-33.956132,151.243801,59,0,2,1,3,0,0,0,2,0,7,60,2,782,985,5,5,40,1,0,0,0,0
1246592,3,2021,2020,10,1,2,1052,14,207,928,0,1,3,-33.549821,151.194576,31,0,2,0,3,0,3,4,0,0,7,110,2,1259,5151,8,10,40,1,0,0,0,0
1246594,3,2020,2020,9,1,9,28,31,137,34609,0,1,1,-34.030416,151.05497,68,0,2,1,3,0,0,0,0,0,7,50,0,1981,1981,4,5,18,2,0,0,0,0
1246597,3,2020,2020,9,2,7,2209,17,106,2205,0,1,9,-34.556469,150.791785,62,0,2,1,3,0,0,0,2,2,7,70,2,4552,985,8,34,40,1,0,0,0,0
1246598,3,2020,2020,9,4,7,2209,17,40,2205,0,1,3,-34.698192,150.8433,35,2,1,0,3,0,3,4,2,0,7,80,2,1850,1463,5,5,40,1,0,0,0,0
1246602,3,2020,2020,9,1,4,11,27,10,34609,0,1,1,-32.853997,151.285124,17,2,1,0,3,0,0,0,2,0,7,80,0,3775,3775,0,5,5,2,0,0,0,0
1246607,3,2020,2020,9,0,8,11,1,234,34609,0,1,1,-34.290133,146.063897,28,2,1,1,3,0,0,0,3,0,7,50,0,14295,14295,3,0,5,3,0,0,0,0
1246608,3,2020,2020,9,5,8,169,27,40,61,0,1,10,-33.827126,151.188362,38,0,2,1,3,0,0,0,2,2,7,50,1,1282,1282,1,5,0,2,0,0,0,0
1246609,3,2020,2020,9,0,9,13,31,122,34609,0,1,7,-33.426753,151.340485,16,2,2,1,3,0,0,0,4,0,0,40,0,9859,9859,8,5,40,1,0,0,0,0
1246610,3,2020,2020,9,6,7,7,10,151,49,0,1,7,-34.045774,150.83194,13,0,2,0,3,0,0,0,2,0,0,60,1,6545,6545,4,5,5,2,0,0,0,0
1246611,3,2020,2020,9,6,6,15,27,43,228,0,1,1,-33.57371,150.886653,29,2,2,1,3,0,0,0,2,0,7,80,2,404,404,8,8,40,1,0,0,0,0
1246612,3,2020,2020,9,3,6,2126,17,140,2149,0,1,10,-33.786543,150.844569,7,0,2,1,3,0,0,0,2,2,7,80,2,2852,2852,4,5,13,2,0,0,0,0
1246613,3,2020,2020,9,3,1,3,31,234,34609,1,0,1,-34.279384,146.045153,28,2,1,0,3,0,0,0,0,0,7,50,0,4552,5151,1,5,13,2,0,0,0,0
1246614,3,2020,2020,9,2,5,1052,14,33,928,0,1,3,-33.641471,151.143746,31,0,2,0,3,0,0,0,2,0,7,110,2,14295,14295,3,0,25,2,0,0,0,0
1246618,3,2020,2020,9,3,8,308,14,49,311,0,1,3,-33.912793,150.849141,41,0,2,1,3,0,0,0,2,0,7,100,2,9859,9859,8,0,40,1,0,0,0,0
1246620,3,2020,2020,9,6,4,18,10,60,34609,0,1,2,-34.019499,150.755528,12,0,2,1,3,0,0,0,2,0,7,50,0,14295,14295,3,5,5,3,0,0,0,0
1246629,3,2020,2020,9,3,5,19,27,22,122,0,1,10,-34.529931,150.8691,80,0,2,1,3,0,0,0,2,2,7,60,2,14295,14295,3,5,5,2,0,0,0,0
1246635,3,2020,2020,10,5,11,3,27,12,34609,0,1,1,-32.9457,150.650043,64,1,0,1,3,0,0,0,0,0,7,100,0,945,945,5,10,40,1,0,0,0,0
1246636,3,2020,2020,9,1,8,44,31,77,34609,0,1,1,-33.868791,150.945997,24,0,2,1,3,0,0,0,2,0,7,50,0,5929,5929,1,0,5,2,0,0,0,0
1246638,3,2020,2020,9,2,7,3,27,87,34609,1,0,9,-33.687335,150.933939,71,0,2,0,3,0,0,0,2,2,7,60,0,4552,985,8,5,40,1,0,0,0,0
1246639,3,2020,2020,9,5,8,1104,14,142,962,0,1,3,-33.82806,150.997239,21,0,2,1,3,0,0,0,2,0,7,90,2,14295,14295,3,0,5,4,0,0,0,0
1246640,3,2020,2020,9,0,7,16,31,165,34609,0,1,1,-32.269379,150.888753,46,2,1,1,3,0,0,0,2,0,7,50,0,1981,1981,4,5,5,2,0,0,0,0
1246641,3,2020,2020,9,0,9,7,27,46,34609,0,1,9,-35.16345,147.383081,75,2,1,1,3,0,0,0,3,0,0,50,0,2852,2852,4,10,13,2,0,0,0,0
1246642,3,2020,2020,10,0,10,120,36,35,148,0,1,1,-30.420871,152.842379,6,2,1,0,3,0,3,3,0,0,7,80,2,1957,4009,8,10,40,1,0,0,0,0
1246644,3,2020,2020,10,4,4,34,10,19,40,0,1,1,-35.840963,150.168542,23,1,0,1,3,0,0,0,2,0,7,100,1,9859,9859,8,0,40,1,0,0,0,0
1246646,3,2020,2020,9,4,5,3371,17,8,3342,0,1,2,-30.771462,152.899824,47,1,0,1,3,0,0,0,2,0,7,110,2,1945,1945,5,9,40,1,0,0,0,0
1246649,3,2020,2020,9,2,5,293,31,179,34609,0,1,1,-31.911448,152.463651,43,2,1,1,3,0,0,0,2,0,7,50,0,1391,1391,1,10,0,2,0,0,0,0
1246650,3,2020,2020,10,5,9,12,1,108,34609,0,1,1,-33.766858,151.276874,50,0,2,1,3,0,0,0,3,0,7,50,0,9859,9859,1,5,13,2,0,0,0,0
1246659,3,2020,2020,9,0,8,178,27,189,101,0,1,9,-33.943129,151.053864,15,0,2,1,3,0,0,0,2,2,7,50,1,14295,14295,3,9,13,3,0,0,0,0
1246661,3,2020,2020,9,1,4,14,27,24,34609,1,2,1,-33.956011,150.993016,15,0,2,1,3,0,3,3,2,0,9,40,0,1282,1282,1,0,5,2,0,0,0,0
1246664,3,2020,2020,9,4,9,829,27,159,770,0,1,10,-33.807101,151.070503,54,0,2,1,3,0,0,0,0,2,9,70,2,5929,5929,1,5,5,2,0,0,0,0
1246665,3,2020,2020,10,4,4,43,2,92,42,0,1,7,-33.73878,150.950196,71,0,2,0,3,0,3,4,2,2,0,70,2,4552,5151,8,10,40,1,0,0,0,0
1246667,3,2020,2020,9,5,5,3,31,316,34609,0,1,1,-31.445587,152.915889,56,2,1,1,3,0,0,0,2,0,7,50,0,1089,1089,7,5,40,1,0,0,0,0
1246671,3,2020,2020,10,2,11,18,27,22,34609,1,0,7,-36.055814,146.916335,0,2,1,1,3,0,0,0,0,0,0,60,0,6545,6545,4,5,0,2,0,0,0,0
1246686,3,2020,2020,9,3,8,74,23,100,260,0,1,9,-33.964852,151.154672,4,0,2,1,3,0,0,0,2,0,7,60,2,14295,14295,3,0,0,2,0,0,0,0
1246688,3,2020,2020,9,3,6,8,10,164,34609,0,1,1,-33.718014,150.890808,7,0,2,1,3,0,0,0,2,0,7,50,0,1109,397,1,10,0,2,0,0,0,0
1246693,3,2020,2020,9,5,6,36,31,35,34609,0,1,10,-34.36591,150.910761,80,0,2,1,3,0,0,0,2,0,0,60,0,301,301,4,5,0,2,0,0,0,0
1246694,3,2020,2020,9,3,3,85,31,66,34609,0,1,10,-34.48724,150.898951,80,0,2,1,3,0,0,0,1,2,7,60,0,4026,4026,8,30,40,1,0,0,0,0
1246695,3,2020,2020,9,6,4,330,23,35,39,1,0,9,-33.963484,151.2459,59,0,2,1,3,0,0,0,2,0,15,60,1,6545,6545,4,0,0,3,0,0,0,0
1246700,3,2020,2020,9,4,3,308,14,83,311,0,1,3,-33.876985,150.843138,41,0,2,1,3,0,0,0,2,0,7,100,2,1383,1383,1,8,0,2,0,0,0,0
1246701,3,2020,2020,9,0,11,27,17,43,34609,0,1,1,-30.462461,153.004846,6,2,1,1,3,0,0,0,0,0,7,50,0,9859,9859,8,5,40,1,0,0,0,0
1246703,3,2020,2020,9,2,3,21,36,7,34609,0,1,1,-31.002214,152.911229,34,1,0,0,3,0,0,0,1,0,7,100,0,2585,4009,8,5,40,1,0,0,0,0
1246704,3,2020,2020,9,1,9,104,27,443,702,0,1,2,-33.9156,151.062864,15,0,2,0,3,0,0,0,0,0,7,60,2,14295,14295,3,5,5,2,0,0,0,0
1246705,3,2020,2020,9,1,8,3,31,58,43,0,1,10,-28.540207,153.548135,10,2,1,1,3,0,0,0,2,0,0,50,1,9859,9859,8,0,40,1,0,0,0,0
1246706,3,2020,2020,9,4,9,2261,17,443,2252,0,1,9,-33.889561,151.060139,15,0,2,1,3,0,0,3,2,2,7,70,2,83,83,1,5,35,2,0,0,0,0
1246707,3,2020,2020,9,4,2,2261,17,47,2252,0,1,2,-35.672095,147.399747,27,1,0,1,3,0,3,4,1,0,7,110,2,4026,4026,8,5,40,1,0,0,0,0
1246709,3,2020,2020,9,2,2,24,27,5,103,1,0,1,-28.709689,153.232368,39,2,1,0,3,0,0,0,1,0,7,80,1,4552,5151,8,0,40,1,0,0,0,0
1246710,3,2020,2020,10,4,6,3371,17,108,3342,0,1,7,-33.303418,151.420583,16,2,2,1,3,0,0,0,2,0,0,60,2,1109,397,1,5,5,2,0,0,0,0
1246713,3,2020,2020,9,0,8,196,10,32,168,0,1,9,-33.927048,150.979513,15,0,2,1,3,0,0,0,2,2,7,60,2,5929,5929,1,30,25,2,0,0,0,0
1246714,3,2020,2020,9,2,11,11,31,39,34609,0,1,1,-35.308233,148.221114,66,2,1,1,3,0,0,0,0,0,7,50,0,9859,9859,1,0,13,2,0,0,0,0
1246717,3,2020,2020,9,3,5,43,2,104,42,0,1,10,-33.742799,150.943903,7,0,2,1,3,0,0,0,2,2,7,70,2,5929,5929,1,5,0,2,0,0,0,0
1246718,3,2020,2020,9,2,5,5,27,69,34609,0,1,9,-33.771435,150.967912,54,0,2,0,3,0,0,0,2,0,0,50,0,1259,985,8,5,40,1,0,0,0,0
1246719,3,2020,2020,9,0,1,1,27,3,34609,0,1,1,-32.835305,151.567324,17,1,0,1,3,2,3,4,0,0,7,100,0,4026,4026,8,5,40,1,0,0,0,0
1246720,3,2020,2020,9,1,4,74,27,56,59,0,1,9,-34.465455,150.871508,80,0,2,1,3,0,0,0,2,3,7,80,2,1391,1391,1,8,5,2,0,0,0,0
1246721,3,2020,2020,9,3,2,21,27,7,61,0,1,1,-34.262567,146.097,28,2,1,1,3,0,0,0,4,0,7,70,1,9859,9859,8,10,40,2,0,0,0,0
1246735,3,2020,2020,9,4,2,34,31,56,34609,0,1,1,-31.089234,152.838295,34,2,1,1,3,0,0,0,0,0,7,50,0,14295,14295,3,10,12,2,0,0,0,0
1246737,3,2020,2020,10,0,1,7,31,234,34609,0,1,1,-34.282382,146.028301,28,2,1,1,2,0,0,0,0,0,7,50,0,9859,9859,8,5,40,1,0,0,0,0
1246740,3,2020,2020,9,6,7,2261,17,15,2252,0,1,2,-35.114842,148.039154,20,1,0,1,0,0,0,0,2,0,7,110,2,475,475,5,8,40,1,0,0,0,0
1246744,3,2020,2020,10,4,1,23,27,123,38,0,1,1,-33.734715,148.692579,51,1,0,1,3,0,0,0,0,0,7,100,2,4026,4026,8,34,40,1,0,0,0,0
1246747,3,2020,2020,9,0,6,334,17,41,308,0,1,9,-31.09904,150.898989,70,2,1,1,3,0,0,0,2,0,7,60,2,515,515,1,29,12,2,0,0,0,0
1246774,3,2020,2020,9,0,0,112,27,79,769,0,1,10,-33.579888,150.719578,29,2,2,1,2,0,3,4,0,2,7,60,2,9859,9859,8,5,40,1,0,0,0,0
1246782,3,2020,2020,10,3,11,4,31,161,115,0,1,7,-33.731759,151.167024,36,0,2,1,2,0,3,4,0,0,0,60,1,78,78,8,5,40,1,0,0,0,0
1246792,3,2020,2020,10,6,8,11,27,5,34609,0,1,1,-33.408213,151.384089,16,2,2,0,0,2,0,3,2,0,7,50,0,782,957,5,5,40,1,0,0,0,0
1246800,3,2020,2020,9,0,10,10,1,62,34609,0,1,1,-32.925014,151.605192,37,0,2,1,2,0,0,0,0,0,7,50,0,9859,9859,1,0,5,2,0,0,0,0
1246804,3,2020,2020,1,2,1,6,31,149,34609,0,1,9,-33.822832,150.975232,21,0,2,1,2,0,3,4,0,0,7,50,0,9859,9859,1,5,5,2,0,0,0,0
1246814,3,2020,2020,11,2,6,7,27,6,10,0,1,9,-36.741058,149.708409,5,1,0,0,0,0,0,3,2,0,0,100,1,256,256,4,10,36,2,0,0,0,0
1246831,3,2020,2020,10,2,1,24,27,5,103,0,1,1,-28.642833,153.219144,39,2,1,0,0,0,0,0,0,0,7,80,1,4552,5151,8,5,40,1,0,0,0,0
1246846,3,2020,2020,10,3,3,1052,14,207,928,0,1,3,-33.57956,151.191555,31,0,2,0,3,0,3,4,2,0,7,110,2,4552,5151,8,5,40,1,0,0,0,0
1246869,3,2020,2020,1,1,8,3371,17,463,3342,0,1,2,-30.273381,153.134239,19,2,1,0,0,0,3,3,2,0,7,60,2,4552,5151,8,10,40,1,0,0,0,0
1246876,3,2020,2020,1,2,2,72,14,54,71,0,1,3,-33.890087,151.217416,69,0,2,1,2,0,0,0,0,0,7,80,2,9859,9859,8,5,40,1,0,0,0,0
1246899,3,2020,2020,10,6,11,27,36,83,34609,0,1,1,-29.706109,152.942839,18,2,1,1,3,0,0,0,0,0,7,50,0,4026,4026,8,5,40,1,0,0,0,0
1246907,3,2020,2020,1,0,11,478,17,78,480,0,1,7,-33.422679,151.438907,16,2,2,1,2,0,0,0,0,0,0,60,2,4026,4026,8,5,40,1,0,0,0,0
1246924,3,2020,2020,10,3,11,1,1,463,34609,0,1,9,-30.280524,153.111678,19,2,1,1,0,2,0,0,0,0,7,50,0,1282,1282,1,5,40,1,0,0,0,0
1246925,3,2020,2020,9,1,7,1052,27,104,262,0,1,10,-32.909185,151.705157,48,0,2,1,1,0,0,0,2,2,7,60,2,14295,14295,3,16,5,2,0,0,0,0
1246931,3,2020,2020,9,4,10,1,10,63,34609,0,1,7,-33.243601,151.506211,16,2,2,1,3,0,0,0,0,0,0,50,0,2852,2852,4,5,5,2,0,0,0,0
1246932,3,2020,2020,9,0,7,3371,17,139,3342,0,1,2,-33.841063,151.208867,49,0,2,1,3,0,0,0,2,0,7,60,2,14295,14295,3,5,0,2,0,0,0,0
1246934,3,2020,2020,9,0,2,7,22,532,7,0,1,6,-33.873272,151.203168,69,0,2,0,3,0,3,0,0,0,7,70,2,1957,4009,8,10,40,1,0,0,0,0
1246941,3,2020,2020,10,4,3,31,31,73,19,0,1,10,-33.87252,151.217605,69,0,2,1,3,0,0,0,2,2,7,50,2,301,301,4,0,13,2,0,0,0,0
1246942,3,2020,2020,9,6,8,32,27,52,88,0,1,9,-33.670248,150.73144,55,0,2,1,3,0,0,0,2,0,15,80,2,14295,14295,3,5,5,4,0,0,0,0
1246943,3,2020,2020,9,6,9,2261,17,44,2252,0,1,9,-33.893759,150.959764,24,0,2,1,3,0,0,0,2,2,7,70,2,1669,1669,3,0,25,4,0,0,0,0
1246944,3,2020,2020,9,2,9,26,27,111,34609,0,1,10,-33.700472,150.857519,7,0,2,1,3,0,0,0,0,0,15,60,0,6545,6545,4,5,36,2,0,0,0,0
1246947,3,2020,2020,9,4,7,4,27,7,5,0,1,1,-32.725432,151.621231,42,2,1,1,3,0,0,0,2,0,7,50,1,9859,9859,8,30,40,1,0,0,0,0
1246951,3,2020,2020,9,6,8,5,27,38,34609,0,1,1,-30.240096,153.138521,19,2,1,0,3,0,0,0,2,0,7,50,0,3775,3775,0,10,0,2,0,0,0,0
1246952,3,2020,2020,9,4,7,194,31,112,34609,0,1,1,-33.447393,151.443691,16,2,2,1,3,0,0,0,2,0,7,40,0,1282,1282,1,10,40,1,0,0,0,0
1246954,3,2020,2020,9,3,0,101,10,112,34609,0,1,9,-36.058241,146.920078,0,2,1,0,2,0,0,0,0,0,7,50,0,1957,4009,8,5,40,1,0,0,0,0
1246959,3,2020,2020,9,5,5,125,27,32,144,0,1,7,-32.768748,152.074518,57,1,0,1,3,0,0,0,2,0,0,100,2,782,985,5,5,40,1,0,0,0,0
1246963,3,2020,2020,9,3,5,77,27,87,100,0,1,9,-34.486056,150.414781,78,2,1,1,3,0,0,0,2,0,7,60,2,14295,14295,3,5,36,2,0,0,0,0
1246965,3,2020,2020,9,5,6,485,27,232,769,0,1,10,-33.693599,150.925067,71,0,2,1,3,0,0,0,2,2,7,80,2,1391,1391,1,5,5,2,0,0,0,0
1246970,3,2020,2020,11,0,8,346,17,24,332,0,1,1,-28.811013,153.367566,39,2,1,0,3,0,0,0,2,0,7,80,2,14295,14295,3,10,0,2,0,0,0,0
1246972,3,2020,2020,9,6,8,2126,17,27,2149,0,1,2,-33.719616,150.447521,8,2,2,1,3,0,0,0,2,0,7,60,2,14295,14295,3,30,5,2,0,0,0,0
1246973,3,2020,2020,9,4,9,2209,17,115,2205,0,1,9,-33.915489,151.174542,32,0,2,1,3,0,0,0,2,2,7,60,2,1391,1391,1,30,0,2,0,0,0,0
1246974,3,2020,2020,10,0,0,3371,17,37,3342,0,1,2,-29.464811,153.209901,18,1,0,1,3,0,0,0,0,0,7,110,2,945,945,5,9,40,1,0,0,0,0
1246977,3,2020,2020,9,5,11,348,27,23,88,0,1,9,-33.717416,150.695816,55,0,2,1,3,0,3,4,0,0,7,60,2,5929,5929,1,0,0,2,0,0,0,0
1246979,3,2020,2020,11,5,7,346,17,87,332,0,1,7,-28.811128,153.302404,39,2,1,1,3,0,0,0,2,0,0,60,2,1383,1383,1,29,0,2,0,0,0,0
1246981,3,2020,2020,9,3,7,11,27,18,34609,0,1,10,-33.823544,151.108511,61,0,2,1,3,0,0,0,2,2,7,50,0,1981,1981,4,5,36,2,0,0,0,0
1246984,3,2020,2020,9,6,10,1,27,2,34609,0,1,9,-33.674032,149.455778,3,1,0,0,3,2,3,4,0,0,7,100,0,4552,5151,8,10,40,1,0,0,0,0
1246987,3,2020,2020,9,0,8,22,31,65,34609,0,1,1,-33.802079,150.956667,21,0,2,1,3,0,0,0,2,0,7,50,0,144,144,1,9,5,2,0,0,0,0
1246988,3,2020,2020,9,3,6,79,10,128,231,0,1,1,-33.431163,151.316214,16,2,2,1,3,0,0,0,2,0,7,60,2,14295,14295,3,0,13,4,0,0,0,0
1246990,3,2020,2020,9,1,8,232,36,109,331,0,1,10,-33.955077,150.864255,41,0,2,1,3,0,0,0,2,3,7,70,2,926,926,4,5,12,2,0,0,0,0
1246993,3,2020,2020,9,0,9,3371,17,149,3342,0,1,7,-33.345131,151.369904,16,2,2,0,3,0,0,0,3,0,0,60,2,1391,1391,1,5,5,2,0,0,0,0
1247004,3,2020,2020,10,6,2,4,31,219,34609,0,1,9,-32.896091,151.68153,48,0,2,1,2,0,0,0,0,0,15,50,0,6545,6545,4,5,5,5,0,0,0,0
1247016,3,2020,2020,9,1,4,3371,17,100,3342,0,1,10,-33.805458,151.179265,38,0,2,1,1,0,0,3,2,2,7,60,2,623,623,3,5,5,2,0,0,0,0
1247033,3,2020,2020,9,0,4,100,31,157,38,0,1,10,-33.803199,151.003199,54,0,2,1,1,0,0,0,2,2,7,60,1,5929,5929,1,5,5,2,0,0,0,0
1247035,3,2020,2020,9,3,3,3371,17,35,3342,0,1,2,-29.926778,153.079345,18,1,0,0,0,0,0,0,2,0,7,110,2,2585,4009,8,34,40,1,0,0,0,0
1247042,3,2020,2020,9,2,8,2,27,3,34609,0,1,1,-35.939215,146.465334,51,1,0,1,0,2,0,0,2,0,7,100,0,4026,4026,8,0,40,1,0,0,0,0
1247078,3,2020,2020,10,1,0,163,27,226,165,0,1,9,-33.765013,150.822168,7,0,2,1,2,0,0,0,0,0,0,60,1,3775,3775,0,30,0,2,0,0,0,0
1247092,3,2020,2020,11,3,2,2,27,87,34609,0,1,1,-34.051938,151.14599,68,0,2,1,2,0,0,0,1,0,7,50,0,4026,4026,1,5,36,3,0,0,0,0
1247101,3,2020,2020,10,3,0,387,27,290,331,0,1,9,-33.950037,151.126416,4,0,2,1,2,0,3,4,0,2,7,60,2,2852,2852,4,5,0,3,0,0,0,0
1247109,3,2020,2020,9,0,0,44,31,160,260,0,1,9,-33.107957,151.488883,37,0,2,1,2,0,3,4,0,2,7,50,2,4552,985,8,5,40,1,0,0,0,0
1247114,3,2020,2020,9,4,10,67,10,13,34,0,1,1,-34.362095,150.496536,78,2,1,1,0,0,0,0,0,0,7,80,1,9859,9859,8,30,40,1,0,0,0,0
1247134,3,2020,2020,10,1,9,19,27,58,34609,0,1,1,-34.051566,151.130845,68,0,2,1,2,0,3,4,3,0,7,50,0,9859,9859,1,10,5,2,0,0,0,0
1247136,3,2020,2020,9,6,10,5,31,48,34609,0,1,1,-33.920598,147.208423,51,2,1,1,3,0,0,3,0,0,7,50,0,9859,9859,8,5,40,1,0,0,0,0