Crash ID,Degree of crash - detailed,Reporting year,Year of crash,Month of crash,Day of week of crash,Two-hour intervals,Street of crash,Street type,Town,Route no.,School zone location,School zone active,Type of location,Latitude,Longitude,LGA,Urbanisation,Conurbation 1,Alignment,Street lighting,Road surface,Surface condition,Weather,Natural lighting,Signals operation,Other traffic control,Speed limit,Road classification,RUM - code,DCA - code,First impact type,Key TU type,Other TU type,No. of traffic units involved,No. killed,No. seriously injured,No. moderately injured,No. minor-other injured
1247855,3,2020,2020,10,6,2,82,31,83,34609,0,1,4,-33.910502,151.115486,15,0,2,0,1,0,0,0,0,0,7,50,0,2585,4009,8,5,40,1,0,0,0,0
1247874,3,2020,2020,10,2,10,46,27,219,34609,0,1,1,-32.889036,151.66074,48,0,2,1,2,0,0,0,0,0,7,60,0,9859,9859,1,5,0,2,0,0,0,0
1247881,3,2020,2020,9,0,5,1,7,43,34609,0,1,1,-33.764401,151.255669,50,0,2,1,3,0,0,0,2,0,7,50,0,175,188,1,9,13,3,0,0,0,0
1247882,3,2020,2020,9,5,3,10,27,18,174,0,1,9,-32.989702,151.521852,37,0,2,1,3,0,0,0,1,0,15,80,2,775,775,4,9,5,2,0,0,0,0
1247884,3,2020,2020,9,0,6,12,31,78,103,0,1,7,-28.327972,153.398781,72,2,1,1,3,0,0,0,2,0,7,50,1,14295,14295,3,5,5,2,0,0,0,0
1247887,3,2020,2020,9,4,4,168,17,8,212,0,1,1,-35.345462,149.74027,58,1,0,0,3,0,0,0,2,0,7,100,2,1957,4009,8,5,40,1,0,0,0,0
1247888,3,2020,2020,9,6,8,25,10,61,34609,0,1,1,-35.139038,149.242678,82,1,0,1,3,0,0,0,2,0,7,100,0,186,186,1,10,5,2,0,0,0,0
1247889,3,2020,2020,9,0,7,2,27,4,34609,0,1,9,-29.848288,152.66218,18,1,0,0,3,2,0,0,2,0,7,100,0,3775,3775,0,10,13,2,0,0,0,0
1247892,3,2020,2020,9,6,3,2126,17,78,2149,0,1,10,-33.865157,151.088706,67,0,2,1,3,0,0,0,2,2,7,60,2,14295,14295,3,16,5,3,0,0,0,0
1247894,3,2020,2020,9,0,0,118,17,6,118,0,1,1,-30.600439,149.979537,51,1,0,0,3,0,0,0,0,0,7,100,2,52,52,6,0,40,1,0,0,0,0
1247897,3,2020,2020,9,0,4,4,31,77,34609,0,1,10,-32.941265,151.755448,48,0,2,1,3,0,0,3,2,0,0,50,0,6545,6545,4,0,5,2,0,0,0,0
1247898,3,2020,2020,9,6,7,2209,17,70,2205,0,1,2,-34.844429,150.594766,63,2,1,1,3,0,0,0,2,0,7,70,2,14295,14295,3,30,0,2,0,0,0,0
1247900,3,2020,2020,9,0,8,49,27,67,62,0,1,2,-33.695254,150.902491,7,0,2,1,2,0,3,4,2,0,7,70,2,9859,9859,8,5,40,1,0,0,0,0
1247907,3,2020,2020,10,0,3,5,1,154,34609,1,0,9,-33.706931,150.976851,71,0,2,0,0,0,0,0,0,0,7,50,0,1282,1282,1,33,5,2,0,0,0,0
1247918,3,2020,2020,10,3,4,15,27,30,34609,0,1,1,-34.500034,150.822728,80,0,2,0,0,0,3,3,2,0,7,50,0,1957,4009,1,0,5,3,0,0,0,0
1247934,3,2021,2020,9,2,8,7,31,370,34609,0,1,1,-34.063105,150.822592,13,0,2,1,3,0,0,0,2,0,7,50,0,1981,1981,4,5,5,2,0,0,0,0
1247935,3,2020,2020,9,4,7,55,31,172,17,0,1,10,-32.755785,151.582264,42,2,1,1,3,0,0,0,2,0,0,50,1,5929,5929,1,0,0,2,0,0,0,0
1247936,3,2020,2020,9,6,3,50,27,125,51,0,1,10,-33.859653,151.081854,67,0,2,1,3,0,0,0,2,2,7,50,1,9859,9859,1,9,5,2,0,0,0,0
1247945,3,2020,2020,9,5,4,12,27,39,39,0,1,1,-33.598526,150.828581,29,2,2,1,3,0,0,0,2,0,7,80,2,14295,14295,3,5,13,2,0,0,0,0
1247949,3,2020,2020,9,1,3,22,27,14,26,0,1,1,-34.832033,147.212575,51,2,1,1,3,0,3,4,1,0,7,80,1,1089,1089,7,0,40,1,0,0,0,0
1247950,3,2020,2020,9,6,7,515,14,166,518,0,1,3,-33.943525,150.993182,15,0,2,1,3,0,0,0,2,0,7,100,2,14295,14295,3,5,5,2,0,0,0,0
1247952,3,2020,2020,9,1,3,1104,14,283,962,0,1,3,-33.83002,151.018986,54,0,2,1,3,0,0,3,2,0,7,90,2,1391,1391,1,29,5,2,0,0,0,0
1247953,3,2020,2020,9,5,10,21,31,91,34609,0,1,1,-33.987295,150.889878,13,0,2,1,3,0,0,0,0,0,7,50,0,9859,9859,1,0,0,2,0,0,0,0
1247956,3,2020,2020,9,1,11,2,27,13,34609,0,1,1,-28.844186,153.274537,39,2,1,1,0,0,0,0,0,0,7,80,0,1089,1089,7,5,40,1,0,0,0,0
1247959,3,2020,2020,9,5,5,13,27,173,11,0,1,9,-33.77599,151.122259,61,0,2,1,3,0,0,0,2,2,7,50,1,1981,1981,4,5,5,2,0,0,0,0
1247961,3,2020,2020,10,4,4,2,6,91,34609,0,1,1,-32.801091,151.631986,48,0,2,1,1,0,0,0,2,0,7,60,0,1282,1282,1,33,5,2,0,0,0,0
1247968,3,2020,2020,9,1,9,51,31,123,13,0,1,10,-33.837431,148.695752,51,2,1,1,3,0,0,0,2,0,0,50,1,6545,6545,4,5,0,2,0,0,0,0
1247971,3,2020,2020,9,2,0,6,27,111,34609,0,1,1,-33.716563,150.850859,7,0,2,1,0,0,0,0,0,0,7,60,0,9859,9859,8,0,40,1,0,0,0,0
1247980,3,2020,2020,9,3,5,20,27,17,34609,0,1,1,-31.865206,152.627823,43,1,0,1,3,0,0,0,2,0,7,90,0,4026,4026,8,5,40,1,0,0,0,0
1247981,3,2020,2020,9,6,5,23,27,179,66,0,1,10,-31.897327,152.446033,43,2,1,1,3,0,0,0,2,0,0,60,1,1391,1391,1,5,5,2,0,0,0,0
1247982,3,2020,2020,9,5,10,37,31,273,87,0,1,1,-34.420915,150.900834,80,0,2,1,3,0,0,0,0,0,7,60,2,1391,1391,1,10,5,2,0,0,0,0
1247985,3,2020,2020,10,2,6,1,31,47,34609,0,1,10,-35.25455,149.443334,58,2,1,1,3,0,3,4,2,0,0,50,0,6545,6545,4,5,0,2,0,0,0,0
1247987,3,2020,2020,9,5,6,25,23,28,34609,0,1,1,-34.021234,151.064709,68,0,2,0,3,0,0,0,2,0,7,50,0,1850,1463,5,21,40,1,0,0,0,0
1247990,3,2020,2020,9,6,6,2261,17,443,2252,0,1,2,-33.885907,151.067815,67,0,2,1,3,0,0,0,2,0,7,60,2,14295,14295,3,5,12,3,0,0,0,0
1247993,3,2020,2020,9,1,10,76,24,164,154,0,1,10,-33.724217,150.888979,7,0,2,1,2,0,0,0,0,2,7,70,1,926,926,4,5,40,2,0,0,0,0
1248001,3,2020,2020,9,3,4,2,1,204,34609,0,1,9,-33.90327,150.931436,24,0,2,1,1,0,0,0,2,0,7,50,0,1282,1282,1,0,40,1,0,0,0,0
1248009,3,2020,2020,10,5,3,97,17,17,88,0,1,2,-34.893192,149.515417,74,1,0,0,3,0,0,6,1,0,7,110,2,380,714,5,10,40,1,0,0,0,0
1248012,3,2020,2020,9,6,7,3371,17,54,3342,0,1,2,-28.513913,153.528761,10,1,0,1,0,0,0,0,2,0,7,110,2,4026,4026,8,0,40,1,0,0,0,0
1248014,3,2020,2020,9,6,0,512,23,9,34609,0,1,1,-35.323043,150.482618,63,2,1,1,2,0,0,0,0,0,7,50,0,9859,9859,8,5,40,2,0,0,0,0
1248018,3,2020,2020,9,2,8,1104,14,323,962,0,1,3,-33.800744,150.866997,7,0,2,1,1,0,0,0,2,0,7,100,2,14295,14295,3,33,0,2,0,0,0,0
1248026,3,2020,2020,9,5,8,23,31,173,34609,0,1,1,-33.879646,151.217588,69,0,2,1,1,0,2,2,3,0,7,50,0,9859,9859,1,33,19,2,0,0,0,0
1248034,3,2020,2020,9,0,11,77,31,163,69,0,1,10,-33.865795,151.105985,14,0,2,1,3,0,0,0,0,2,7,60,2,6545,6545,4,5,0,2,0,0,0,0
1248039,3,2020,2020,9,6,8,13,27,243,34609,0,1,10,-33.955555,150.884766,41,0,2,1,3,0,0,0,2,0,15,50,0,6545,6545,4,5,5,2,0,0,0,0
1248042,3,2020,2020,9,4,7,4,27,4,34609,0,1,1,-34.190145,146.031691,28,1,0,0,3,2,0,0,2,0,7,100,0,1957,4009,8,0,40,1,0,0,0,0
1248048,3,2020,2020,9,1,6,512,17,562,441,0,1,2,-32.255079,148.614662,22,2,1,1,3,0,3,4,2,0,7,60,2,14295,14295,3,21,5,2,0,0,0,0
1248049,3,2020,2020,9,0,5,232,36,64,331,0,1,9,-34.038538,150.74219,12,0,2,1,3,0,0,0,2,0,0,60,2,775,775,4,30,5,2,0,0,0,0
1248050,3,2020,2020,9,2,6,6,23,106,34609,0,1,1,-33.690539,151.306746,50,0,2,1,3,0,0,0,2,0,7,50,0,1981,1981,4,10,5,2,0,0,0,0
1248052,3,2020,2020,9,1,3,100,27,323,100,0,1,9,-33.805714,150.85167,7,0,2,1,3,0,3,4,2,2,7,70,2,9859,9859,8,5,40,1,0,0,0,0
1248066,3,2020,2020,10,4,8,21,31,252,59,0,1,10,-33.884917,151.212738,69,0,2,1,1,0,3,0,2,1,7,40,1,9859,9859,8,5,40,1,0,0,0,0
1248072,3,2020,2020,9,2,11,6,27,63,34609,0,1,1,-33.252111,151.480796,16,2,2,1,2,0,3,3,0,0,7,50,0,9859,9859,1,5,13,2,0,0,0,0
1248079,3,2020,2020,10,0,0,3371,17,147,3342,0,1,2,-33.744901,151.141715,36,0,2,1,2,0,0,0,0,0,7,60,2,9859,9859,8,5,40,1,0,0,0,0
1248091,3,2020,2020,9,6,10,11,27,9,34609,0,1,1,-28.974669,153.054974,60,1,0,1,3,0,0,0,0,0,7,100,0,1089,1089,7,5,40,1,0,0,0,0
1248094,3,2020,2020,9,6,11,191,17,13,189,0,1,1,-32.522591,150.939401,64,1,0,1,3,0,0,0,0,0,7,100,2,1089,1089,7,0,40,1,0,0,0,0
1248096,3,2020,2020,2,5,4,1,25,55,34609,0,1,1,-33.789769,150.882717,7,0,2,1,3,0,0,0,2,0,7,50,0,941,941,1,29,36,2,0,0,0,0
1248106,3,2020,2020,9,4,5,230,27,175,284,0,1,2,-33.773862,151.086363,54,0,2,1,3,0,0,0,2,0,7,60,2,3775,3775,0,0,5,2,0,0,0,0
1248108,3,2020,2020,2,5,6,1,1,74,34609,0,1,1,-34.069793,150.75151,12,0,2,1,3,0,0,0,2,0,7,50,0,3775,3775,0,5,12,2,0,0,0,0
1248109,3,2020,2020,2,5,7,169,27,80,61,0,1,9,-33.82117,151.168189,38,0,2,0,3,0,0,0,2,0,7,50,1,2852,2852,4,5,5,2,0,0,0,0
1248110,3,2020,2020,2,5,11,10,27,96,160,0,1,7,-34.053486,150.830087,13,0,2,1,3,0,0,0,0,0,0,60,2,301,301,4,5,5,2,0,0,0,0
1248111,3,2020,2020,9,0,4,11,27,59,34609,0,1,1,-33.153516,151.513091,37,0,2,1,3,0,0,0,2,0,7,80,0,14295,14295,3,5,13,2,0,0,0,0
1248114,3,2020,2020,11,0,9,44,31,52,13,0,1,10,-33.899144,151.263128,76,0,2,1,3,0,0,0,0,0,0,50,1,775,775,4,30,5,3,0,0,0,0
1248116,3,2020,2020,9,5,6,2126,17,78,2149,0,1,10,-33.700592,150.558741,8,2,2,0,3,0,0,0,2,2,7,80,2,6545,6545,4,5,25,3,0,0,0,0
1248117,3,2020,2020,2,0,3,1,18,23,34609,0,1,1,-33.450061,150.023253,40,1,0,1,3,0,0,0,2,0,7,100,0,945,945,5,10,40,1,0,0,0,0
1248119,3,2020,2020,2,6,9,39,27,284,563,0,1,2,-33.896383,151.037842,15,0,2,1,3,0,0,0,2,0,7,70,2,1391,1391,1,5,35,2,0,0,0,0
1248121,3,2020,2020,9,1,4,3371,17,13,3342,0,1,2,-29.134962,153.320684,60,1,0,1,3,0,0,0,2,0,7,100,2,14295,14295,3,0,0,2,0,0,0,0
1248122,3,2021,2020,2,5,4,61,27,19,70,0,1,1,-33.657363,150.942243,71,0,2,1,3,0,0,0,2,0,7,70,1,5929,5929,1,5,5,2,0,0,0,0
1248123,3,2020,2020,10,5,7,2261,17,523,2252,0,1,2,-33.923682,150.918585,41,0,2,1,3,0,0,0,2,0,7,60,2,14295,14295,3,9,36,3,0,0,0,0
1248124,3,2020,2020,9,2,6,191,27,309,208,0,1,10,-33.812912,151.104876,61,0,2,1,3,0,0,0,2,3,7,60,2,3775,3775,0,5,19,2,0,0,0,0
1248125,3,2020,2020,2,5,10,13,27,22,4,0,1,9,-31.355075,150.584941,51,1,0,0,3,0,0,0,4,0,0,100,1,1850,1463,5,5,40,1,0,0,0,0
1248127,3,2020,2020,9,4,7,30,27,133,34609,0,1,1,-33.930752,151.010866,15,0,2,1,3,0,0,0,2,0,7,50,0,186,186,1,8,5,3,0,0,0,0
1248128,3,2020,2020,9,1,4,20,31,204,2252,0,1,10,-33.888556,151.11748,32,0,2,0,3,0,3,4,2,2,7,60,2,2852,2852,4,5,0,4,0,0,0,0
1248129,3,2020,2020,2,6,7,9,27,19,69,0,1,9,-36.365537,148.827386,65,2,1,1,3,0,0,0,2,0,0,60,2,83,83,1,10,12,2,0,0,0,0
1248132,3,2020,2020,2,0,6,14,23,147,34609,0,1,1,-33.759685,151.298724,50,0,2,1,3,0,0,0,2,0,7,50,0,941,941,1,8,5,2,0,0,0,0
1248140,3,2020,2020,9,5,8,213,17,113,213,0,1,1,-29.467718,149.787387,51,1,0,0,3,0,0,0,2,0,7,100,2,782,957,5,9,40,1,0,0,0,0
1248149,3,2020,2020,11,6,1,74,23,100,260,0,1,9,-33.962321,151.155721,4,0,2,1,2,0,0,0,0,2,7,60,2,190,190,1,5,5,2,0,0,0,0
1248154,3,2020,2020,11,6,2,27,31,73,34609,0,1,1,-34.180404,150.61014,79,2,2,1,3,0,2,6,1,0,7,50,0,84,84,8,9,40,1,0,0,0,0
1248161,3,2020,2020,10,2,11,171,23,55,34609,0,1,1,-33.889446,151.283189,76,0,2,1,3,0,0,0,0,0,7,50,0,4026,4026,1,5,12,4,0,0,0,0
1248170,3,2020,2020,10,3,5,475,31,44,27,0,1,10,-33.970115,151.115871,25,0,2,1,1,0,0,0,2,2,7,60,1,5929,5929,1,10,5,2,0,0,0,0
1248193,3,2020,2020,9,1,4,1,1,73,34609,1,2,1,-33.758625,150.807321,7,0,2,1,3,0,0,0,2,0,7,40,0,1391,1391,1,5,5,2,0,0,0,0
1248194,3,2020,2020,9,1,7,149,10,136,702,0,1,2,-33.859204,151.068837,67,0,2,1,3,0,0,0,2,0,0,80,2,14295,14295,3,5,5,3,0,0,0,0
1248198,3,2020,2020,9,5,7,38,31,246,64,0,1,9,-33.906162,151.202153,69,0,2,1,3,0,3,0,2,2,7,50,2,1391,1391,1,0,5,2,0,0,0,0
1248199,3,2020,2020,9,2,4,50,27,57,799,0,1,10,-33.899492,151.170934,32,0,2,1,3,0,0,0,2,2,7,60,2,515,515,1,5,10,2,0,0,0,0
1248200,3,2020,2020,9,5,4,8,27,243,34609,0,1,1,-33.960651,150.900286,41,0,2,1,3,0,0,0,2,0,7,50,0,9859,9859,1,5,5,2,0,0,0,0
1248202,3,2020,2020,9,6,7,39,31,523,34609,0,1,1,-33.922899,150.92763,41,0,2,1,3,0,0,0,2,0,7,40,0,1981,1981,4,5,0,2,0,0,0,0
1248209,3,2020,2020,9,1,3,3,10,24,3,0,1,1,-36.877785,149.876979,5,1,0,0,3,0,0,0,2,0,7,100,1,4552,5151,8,5,40,1,0,0,0,0
1248210,3,2020,2020,9,5,4,1052,27,219,262,0,1,2,-32.903315,151.679199,48,0,2,1,3,0,0,3,2,0,7,60,2,14295,14295,3,10,0,3,0,0,0,0
1248212,3,2020,2020,2,6,3,32,27,52,88,0,1,1,-33.631121,150.738515,55,0,2,1,3,0,0,3,1,0,7,80,2,14295,14295,3,30,5,2,0,0,0,0
1248217,3,2020,2020,9,1,6,3371,17,44,3342,0,1,2,-30.728136,152.923951,47,1,0,1,3,0,0,3,2,0,7,110,2,9859,9859,8,5,40,1,0,0,0,0
1248221,3,2020,2020,9,1,10,387,27,115,331,0,1,10,-33.961386,151.05806,25,0,2,1,3,0,0,0,0,2,7,60,2,217,217,1,5,5,2,0,0,0,0
1248222,3,2020,2020,2,4,6,89,27,182,228,0,1,2,-32.832426,151.355316,17,2,1,1,3,0,3,3,2,0,7,60,1,1192,1192,1,5,0,3,0,0,0,0
1248223,3,2020,2020,2,5,4,38,27,78,38,0,1,9,-33.399975,151.451355,16,2,2,0,3,0,0,0,2,0,7,60,1,14295,14295,3,10,5,3,0,0,0,0
1248224,3,2020,2020,9,3,8,13,27,438,563,0,1,9,-33.847046,151.04039,21,0,2,1,3,0,0,0,2,0,15,70,2,186,186,1,5,5,2,0,0,0,0
1248231,3,2020,2020,2,5,6,478,17,69,480,0,1,10,-33.353562,151.488955,16,2,2,1,3,0,0,0,2,0,7,50,2,14295,14295,3,5,13,2,0,0,0,0
1248236,3,2020,2020,11,3,7,1,1,92,34609,0,1,1,-33.961438,150.837295,41,0,2,0,3,0,0,0,2,0,7,50,0,1259,5151,8,5,40,1,0,0,0,0
1248237,3,2020,2020,2,6,5,158,27,68,207,0,1,9,-33.877234,151.244607,81,0,2,1,3,0,0,3,2,3,7,60,2,1391,1391,1,5,13,2,0,0,0,0
1248238,3,2020,2020,9,0,9,5,31,77,34609,0,1,10,-32.561138,151.177255,64,2,1,1,3,0,0,0,3,0,0,50,0,6545,6545,4,10,13,2,0,0,0,0
1248240,3,2020,2020,9,5,2,3371,17,8,3342,0,1,2,-30.781296,152.891715,47,1,0,0,2,0,0,0,1,0,7,110,2,4552,5151,8,5,40,1,0,0,0,0
1248241,3,2020,2020,11,3,2,194,31,42,34609,0,1,4,-36.008055,146.374175,51,2,1,0,0,0,3,4,0,0,7,50,0,4552,5151,8,5,40,1,0,0,0,0
1248242,3,2020,2020,9,6,2,44,31,41,605,0,1,2,-33.780321,151.267536,50,0,2,1,2,0,0,0,1,0,7,60,2,1391,1391,1,33,5,2,0,0,0,0
1248268,3,2020,2020,9,4,5,20,27,40,20,0,1,1,-35.00491,150.60543,63,1,0,1,1,0,0,0,2,0,7,90,1,475,475,5,5,40,1,0,0,0,0
1248277,3,2020,2020,11,5,7,10,31,239,34609,0,1,1,-34.042653,151.123694,68,0,2,1,0,0,0,0,2,0,7,50,0,9859,9859,1,5,5,2,0,0,0,0
1248290,3,2020,2020,2,6,2,2261,17,204,2252,0,1,10,-33.902526,150.943872,24,0,2,1,2,0,0,0,1,0,15,70,2,2852,2852,4,33,19,2,0,0,0,0
1248301,3,2020,2020,9,0,4,475,10,137,268,0,1,9,-33.898879,150.89493,24,0,2,1,3,0,0,0,2,0,0,60,2,926,926,4,5,5,2,0,0,0,0
1248303,3,2020,2020,2,0,8,2126,17,33,2149,1,0,9,-33.719643,150.429456,8,2,2,1,3,0,0,0,2,2,7,60,2,14295,14295,3,10,5,2,0,0,0,0
1248304,3,2020,2020,2,6,8,56,31,119,34609,0,1,9,-32.762338,151.746813,57,2,1,1,3,0,0,0,4,0,7,60,0,1391,1391,1,0,13,2,0,0,0,0
1248306,3,2020,2020,9,3,5,72,14,173,71,0,1,3,-33.879679,151.216998,69,0,2,1,3,0,0,0,2,0,7,80,2,1282,1282,1,5,5,2,0,0,0,0
1248307,3,2020,2020,9,4,8,7,10,169,34609,0,1,7,-28.636656,153.581963,10,2,1,1,1,0,0,0,2,0,0,50,0,775,775,4,30,5,2,0,0,0,0
1248310,3,2020,2020,2,6,3,71,27,8,69,0,1,1,-36.25457,149.034045,65,1,0,1,3,0,0,0,2,0,7,100,2,1109,787,1,5,0,2,0,0,0,0
1248312,3,2020,2020,2,0,3,2261,17,34,2252,0,1,2,-34.791728,149.619342,26,1,0,1,3,0,0,0,1,0,7,110,2,1391,1391,1,30,12,2,0,0,0,0
1248314,3,2020,2020,9,0,10,133,31,96,212,0,1,2,-35.353942,149.233006,58,2,1,1,3,0,0,0,0,0,7,50,2,14295,14295,3,5,0,2,0,0,0,0
1248317,3,2020,2020,10,0,8,81,27,609,115,0,1,1,-33.778458,150.901226,7,0,2,1,3,0,0,0,3,0,7,60,2,14295,14295,3,9,5,4,0,0,0,0
1248319,3,2020,2020,2,6,7,1104,14,460,962,0,1,3,-33.82072,150.984021,21,0,2,1,3,0,0,0,2,0,7,90,2,14295,14295,3,10,5,3,0,0,0,0
1248321,3,2020,2020,9,2,7,2209,17,79,2205,0,1,9,-33.981353,151.118349,25,0,2,1,3,0,0,0,2,0,0,70,2,14295,14295,3,5,5,2,0,0,0,0
1248322,3,2020,2020,9,2,3,3371,17,53,3342,1,0,1,-33.693901,151.101942,31,0,2,1,3,0,0,0,2,0,7,60,2,475,475,5,5,40,1,0,0,0,0
1248323,3,2020,2020,2,5,4,204,31,123,34609,0,1,10,-33.819294,148.679958,51,2,1,1,3,0,0,0,2,0,0,50,0,6545,6545,4,5,5,2,0,0,0,0
1248327,3,2020,2020,2,4,2,4,27,15,34609,0,1,1,-33.548808,150.123662,40,2,1,0,3,0,3,3,0,0,7,80,0,2585,4009,8,5,40,1,0,0,0,0
1248328,3,2020,2020,9,3,4,3371,17,463,3342,0,1,2,-30.322273,153.084565,19,1,0,0,3,0,0,0,2,0,7,100,2,2585,4009,8,30,40,1,0,0,0,0
1248331,3,2020,2020,2,5,8,229,14,323,237,0,1,3,-33.767865,150.998575,54,0,2,1,3,0,0,0,2,0,7,100,2,14295,14295,3,5,36,2,0,0,0,0
1248332,3,2020,2020,9,1,6,27,27,290,34609,0,1,9,-33.855152,150.991867,21,0,2,1,3,0,0,0,2,0,0,50,0,14295,14295,3,10,5,2,0,0,0,0
1248336,3,2020,2020,2,5,8,23,27,433,95,0,1,9,-33.27369,149.080758,52,2,1,1,3,0,3,3,2,0,0,50,2,1669,1669,3,0,13,2,0,0,0,0
1248338,3,2020,2020,9,6,9,3,1,99,34609,0,1,9,-33.889197,151.267373,76,0,2,1,2,0,0,0,3,0,15,50,0,9859,9859,1,5,5,4,0,0,0,0
1248367,3,2020,2020,9,1,6,7,27,15,34609,0,1,1,-35.774177,146.908835,27,1,0,0,0,0,0,0,2,0,7,100,0,782,957,5,9,40,1,0,0,0,0
1248388,3,2020,2020,2,6,10,8,32,290,34609,0,1,7,-33.94299,151.125195,4,0,2,1,1,0,0,0,0,0,0,50,0,9859,9859,1,33,5,2,0,0,0,0
1248409,3,2020,2020,9,1,11,1,27,96,34609,0,1,9,-33.428416,151.394884,16,2,2,0,2,0,0,0,0,0,7,50,0,4552,5151,8,10,40,1,0,0,0,0
1248413,3,2020,2020,9,3,0,916,17,70,917,0,1,7,-32.739068,151.551549,42,2,1,1,2,0,0,0,0,0,0,60,2,1669,1669,3,5,5,2,0,0,0,0
1248417,3,2020,2020,9,3,11,6,31,107,157,0,1,7,-29.682915,152.939886,18,2,1,1,2,0,0,0,0,0,7,50,2,9859,9859,8,0,40,1,0,0,0,0
1248437,3,2020,2020,11,1,6,10,7,134,34609,0,1,1,-33.891673,151.253369,76,0,2,1,1,0,0,0,2,0,7,50,0,9859,9859,1,9,5,2,0,0,0,0
1248443,3,2020,2020,9,4,0,6,1,283,125,0,1,9,-33.833981,151.013058,21,0,2,1,2,0,0,0,0,0,7,50,1,4552,985,8,10,40,1,0,0,0,0
1248452,3,2020,2020,9,5,0,90,36,11,102,0,1,1,-34.730705,148.705861,82,1,0,1,3,0,0,0,0,0,7,100,2,945,945,5,0,40,1,0,0,0,0
1248479,3,2020,2020,9,5,2,293,1,370,34609,0,1,1,-34.067107,150.830698,13,0,2,1,2,0,0,0,0,0,7,50,0,9859,9859,1,5,5,2,0,0,0,0
1248481,3,2020,2020,9,0,11,475,1,13,34609,0,1,1,-35.16328,147.453751,75,1,0,1,0,0,0,0,0,0,7,100,0,4026,4026,8,5,40,1,0,0,0,0
1248484,3,2020,2020,9,3,10,1,31,103,34609,0,1,1,-34.309671,148.292191,30,2,1,1,3,0,0,0,0,0,7,50,0,9859,9859,8,5,40,2,0,0,0,0
1248496,3,2020,2020,10,1,10,2209,17,77,2205,0,1,2,-33.924618,151.160868,32,0,2,1,2,0,3,4,0,0,7,60,2,4026,4026,8,0,40,2,0,0,0,0
1248504,3,2020,2020,11,1,8,29,31,252,34609,0,1,1,-33.88545,151.208947,69,0,2,1,1,0,0,0,3,0,7,40,0,9859,9859,1,9,5,2,0,0,0,0
1248514,3,2020,2020,10,5,8,19,27,609,34609,0,1,2,-33.792668,150.89696,7,0,2,1,1,0,0,0,2,0,7,60,0,4026,4026,8,5,40,1,0,0,0,0
1248515,3,2020,2020,10,0,11,3,31,112,34609,0,1,1,-36.060156,146.940962,0,2,1,1,2,0,3,4,0,0,7,50,0,9859,9859,1,5,5,2,0,0,0,0
1248525,3,2020,2020,10,4,9,135,17,16,136,0,1,9,-35.631962,145.571392,51,2,1,1,3,0,0,3,0,2,0,70,2,1850,777,5,3,40,1,0,0,0,0
1248531,3,2020,2020,9,2,11,8,27,284,34609,0,1,10,-33.896965,151.016129,15,0,2,1,2,0,0,0,0,0,15,50,0,6545,6545,4,5,40,2,0,0,0,0
1248532,3,2020,2020,2,5,4,17,27,7,39,0,1,1,-31.395793,150.331072,51,1,0,1,3,0,0,0,2,0,7,100,1,1945,1945,5,5,40,1,0,0,0,0
1248543,3,2020,2020,2,5,6,283,27,88,702,0,1,10,-33.983402,151.10913,25,0,2,1,3,0,0,0,2,2,7,70,2,14295,14295,3,5,5,2,0,0,0,0
1248548,3,2020,2020,2,6,8,2209,17,176,2205,0,1,9,-33.952127,151.137995,4,0,2,1,3,0,0,0,2,3,7,60,2,1391,1391,1,10,25,2,0,0,0,0
1248551,3,2020,2020,9,2,7,10,31,16,34609,0,1,1,-29.119697,153.431319,60,2,1,1,3,0,0,0,2,0,7,50,0,941,941,1,0,5,2,0,0,0,0
1248552,3,2020,2020,9,2,5,14,31,273,34609,0,1,1,-34.425601,150.8909,80,0,2,1,1,0,0,3,2,0,7,50,0,220,220,1,0,36,2,0,0,0,0
1248558,3,2020,2020,9,2,3,20,27,12,100,0,1,1,-33.659746,150.658718,29,2,2,0,3,0,0,0,1,0,7,80,2,4552,5151,8,10,40,1,0,0,0,0
1248561,3,2020,2020,10,2,0,2261,17,646,2252,1,0,9,-33.907309,151.03334,15,0,2,1,2,0,3,3,0,2,7,60,2,4026,4026,8,0,40,1,0,0,0,0
1248573,3,2020,2020,9,0,9,1104,11,130,770,0,1,3,-33.872902,151.19427,69,0,2,1,2,0,0,0,0,0,7,60,2,14295,14295,3,33,5,4,0,0,0,0
1248582,3,2020,2020,11,3,5,515,14,271,518,0,1,3,-33.942569,151.000684,15,0,2,1,3,0,0,0,2,0,7,100,2,14295,14295,3,5,5,2,0,0,0,0
1248586,3,2020,2020,9,2,8,28,27,346,63,0,1,9,-33.883459,151.084932,67,0,2,1,3,0,0,0,2,0,7,50,1,2852,2852,4,9,5,2,0,0,0,0
1248590,3,2020,2020,9,4,7,97,31,363,92,0,1,9,-33.821534,150.99565,54,0,2,1,3,0,0,0,2,0,7,60,1,941,941,1,0,5,2,0,0,0,0
1248593,3,2020,2020,9,4,8,1,31,51,34609,0,1,10,-34.19243,150.977267,80,0,2,0,3,0,0,0,2,0,15,50,0,5929,5929,1,10,0,2,0,0,0,0
1248595,3,2020,2020,2,0,4,14,27,251,14,0,1,1,-33.775278,150.957353,7,0,2,1,3,0,0,0,2,0,7,60,1,1981,1981,4,0,13,2,0,0,0,0
1248596,3,2020,2020,2,0,5,348,17,11,232,0,1,1,-32.826132,149.813611,44,1,0,0,3,0,0,0,2,0,7,100,2,1957,4009,8,0,40,1,0,0,0,0