Crash ID,Degree of crash - detailed,Reporting year,Year of crash,Month of crash,Day of week of crash,Two-hour intervals,Street of crash,Street type,Town,Route no.,School zone location,School zone active,Type of location,Latitude,Longitude,LGA,Urbanisation,Conurbation 1,Alignment,Street lighting,Road surface,Surface condition,Weather,Natural lighting,Signals operation,Other traffic control,Speed limit,Road classification,RUM - code,DCA - code,First impact type,Key TU type,Other TU type,No. of traffic units involved,No. killed,No. seriously injured,No. moderately injured,No. minor-other injured
1248605,3,2020,2020,9,3,7,829,27,123,770,0,1,10,-33.814279,151.056237,54,0,2,0,3,0,0,0,2,2,7,70,2,1391,1391,1,5,0,2,0,0,0,0
1248606,3,2020,2020,2,4,4,7,1,4,34609,0,1,1,-33.31995,149.107446,52,1,0,0,3,1,2,6,2,0,7,100,0,4552,5151,8,5,40,1,0,0,0,0
1248617,3,2020,2020,2,5,7,10,1,120,34609,0,1,1,-32.185112,152.530309,43,2,1,0,3,0,0,0,2,0,7,50,0,175,188,1,0,4,2,0,0,0,0
1248618,3,2020,2020,9,4,9,22,31,148,34609,0,1,10,-36.039263,146.940684,0,2,1,1,3,0,0,0,0,0,0,50,0,6545,6545,4,5,13,2,0,0,0,0
1248647,3,2020,2020,9,3,8,165,31,112,34609,0,1,1,-33.604187,150.824306,29,2,2,1,1,0,0,0,2,0,7,50,0,4026,4026,8,5,40,1,0,0,0,0
1248651,3,2020,2020,9,6,5,15,27,12,91,0,1,1,-34.852361,149.244381,74,1,0,0,0,2,0,0,2,0,7,100,1,2585,4009,8,5,40,1,0,0,0,0
1248690,3,2020,2020,10,2,11,2261,17,243,2252,0,1,10,-33.950356,150.904431,41,0,2,1,3,0,0,0,0,2,7,70,2,5929,5929,1,5,5,2,0,0,0,0
1248711,3,2020,2020,2,4,7,5,10,133,34609,0,1,9,-34.504369,150.802663,80,0,2,1,3,0,0,0,2,0,15,50,0,2852,2852,4,5,0,2,0,0,0,0
1248713,3,2020,2020,2,5,10,6,10,29,34609,0,1,1,-33.473051,151.426634,16,2,2,1,3,0,0,0,0,0,7,50,0,9859,9859,1,0,5,3,0,0,0,0
1248719,3,2020,2020,2,0,7,230,27,173,284,0,1,2,-33.790791,151.12999,61,0,2,1,3,0,0,3,2,0,7,70,2,1391,1391,1,5,36,2,0,0,0,0
1248722,3,2020,2020,9,4,10,14,31,48,34609,0,1,1,-28.245979,153.568228,72,2,1,1,3,0,0,0,3,0,7,50,0,9859,9859,1,10,13,3,0,0,0,0
1248723,3,2020,2020,2,6,6,22,1,166,21,0,1,1,-33.932746,150.990238,15,0,2,1,3,0,0,0,2,0,7,60,1,83,83,1,5,5,2,0,0,0,0
1248724,3,2020,2020,2,5,5,500,27,646,799,0,1,9,-33.934303,151.032639,15,0,2,1,3,0,0,0,2,0,0,60,2,301,301,4,0,5,2,0,0,0,0
1248725,3,2020,2020,2,5,6,111,27,150,233,0,1,9,-33.933464,151.230307,4,0,2,1,3,0,0,0,2,0,7,60,2,5929,5929,1,5,5,2,0,0,0,0
1248728,3,2020,2020,2,0,9,15,1,134,36,1,0,10,-33.523781,151.313568,16,2,2,1,3,0,0,0,3,0,15,50,1,2852,2852,4,5,5,2,0,0,0,0
1248730,3,2020,2020,2,1,2,143,31,90,181,0,1,9,-33.889597,151.23373,81,0,2,1,3,0,0,0,1,2,7,60,2,926,926,4,5,0,2,0,0,0,0
1248737,3,2020,2020,2,6,8,195,27,53,186,0,1,10,-33.924287,150.848455,41,0,2,1,3,0,0,0,2,2,7,70,2,14295,14295,3,0,5,2,0,0,0,0
1248740,3,2020,2020,2,6,7,2261,17,93,2252,0,1,2,-36.093418,146.922852,0,1,0,0,3,0,0,0,2,0,7,110,2,14295,14295,3,28,5,2,0,0,0,0
1248741,3,2020,2020,9,1,5,7,27,14,34609,0,1,1,-28.360514,153.366554,72,1,0,0,3,0,0,0,2,0,7,100,0,1850,1463,5,5,40,1,0,0,0,0
1248742,3,2020,2020,2,5,5,16,27,10,17,0,1,1,-35.006743,149.086876,82,1,0,0,3,0,0,0,2,0,7,100,1,1850,1463,5,5,40,1,0,0,0,0
1248745,3,2020,2020,2,2,5,57,27,337,47,0,1,6,-33.726299,150.973338,71,0,2,0,3,0,0,0,2,0,9,60,2,14295,14295,3,0,5,2,0,0,0,0
1248750,3,2020,2020,2,0,1,4,27,84,34609,0,1,7,-33.770731,151.109047,61,0,2,0,2,0,0,0,0,0,0,50,0,1957,4009,8,0,40,1,0,0,0,0
1248754,3,2020,2020,9,0,9,255,27,103,76,1,0,1,-32.942477,151.665772,37,0,2,0,1,0,0,0,2,0,7,60,1,1850,1463,5,5,40,1,0,0,0,0
1248762,3,2020,2020,10,0,11,195,27,70,186,0,1,9,-33.877501,150.867951,24,0,2,1,2,0,0,0,0,2,7,70,2,475,475,5,5,40,1,0,0,0,0
1248776,3,2020,2020,2,0,10,866,17,171,793,0,1,10,-33.802838,150.971052,54,0,2,1,3,0,0,0,0,2,7,70,2,395,395,1,5,5,2,0,0,0,0
1248783,3,2020,2020,2,2,6,16,10,67,22,0,1,1,-33.389699,151.346307,16,2,2,1,3,0,0,0,2,0,7,50,1,84,84,6,5,40,1,0,0,0,0
1248784,3,2020,2020,2,2,7,283,27,129,702,0,1,9,-33.935165,151.073866,15,0,2,1,3,0,0,3,2,2,7,60,2,14295,14295,3,5,0,2,0,0,0,0
1248789,3,2020,2020,2,0,7,93,1,31,231,0,1,9,-33.508599,151.330913,16,2,2,1,3,0,0,3,2,0,7,60,2,14295,14295,3,5,0,3,0,0,0,0
1248790,3,2020,2020,2,5,4,149,27,60,198,0,1,2,-33.947887,150.948715,41,0,2,1,3,0,0,0,2,0,7,60,2,14295,14295,3,5,5,2,0,0,0,0
1248791,3,2020,2020,2,0,10,1,10,2,34609,0,1,1,-33.589057,150.626165,29,2,2,0,3,0,0,0,0,0,7,50,0,1957,4009,1,10,5,2,0,0,0,0
1248792,3,2020,2020,2,5,9,109,27,95,382,0,1,9,-33.734768,150.846051,7,0,2,0,3,0,0,0,2,0,0,70,2,5929,5929,1,0,5,2,0,0,0,0
1248794,3,2020,2020,2,4,8,4,9,54,34609,0,1,10,-28.519408,153.544738,10,2,1,1,3,0,3,3,2,0,0,50,0,29,29,6,16,40,1,0,0,0,0
1248796,3,2020,2020,2,4,7,74,27,609,163,0,1,10,-33.77878,150.914232,7,0,2,1,3,0,0,0,2,2,7,60,2,6545,6545,4,0,5,2,0,0,0,0
1248797,3,2020,2020,2,2,8,234,27,337,217,0,1,9,-33.738067,151.000999,71,0,2,1,3,0,0,0,2,0,15,60,2,775,775,4,5,0,2,0,0,0,0
1248798,3,2020,2020,6,2,7,24,31,148,60,0,1,10,-36.052535,146.933525,0,2,1,1,3,0,3,4,2,2,7,50,1,5929,5929,1,0,5,2,0,0,0,0
1248799,3,2020,2020,2,2,7,12,24,55,34609,0,1,7,-35.383129,149.210769,58,2,1,1,3,0,0,3,2,0,0,50,0,6545,6545,4,5,13,2,0,0,0,0
1248801,3,2020,2020,2,1,5,1,1,145,34609,0,1,1,-33.919849,151.130336,15,0,2,1,3,0,0,0,2,0,7,50,0,9859,9859,1,5,0,2,0,0,0,0
1248802,3,2020,2020,2,4,6,12,27,109,34609,0,1,1,-33.907547,151.137763,32,0,2,1,3,0,0,0,2,0,7,50,0,4026,4026,1,5,13,2,0,0,0,0
1248803,3,2020,2020,2,4,5,51,31,132,34609,0,1,10,-29.771185,151.119835,33,2,1,1,3,0,0,0,2,0,0,50,0,301,301,4,0,5,2,0,0,0,0
1248808,3,2020,2020,2,2,9,30,31,85,35,0,1,1,-34.579322,150.7775,62,0,2,1,3,0,0,0,2,0,7,60,1,14295,14295,3,0,5,2,0,0,0,0
1248821,3,2020,2020,9,0,8,112,17,207,112,0,1,1,-31.950601,141.455782,51,2,1,1,3,0,0,0,2,0,7,50,2,9859,9859,8,0,40,1,0,0,0,0
1248826,3,2020,2020,11,3,3,2261,17,70,2252,0,1,2,-34.712063,150.009323,26,1,0,0,3,0,3,4,2,0,7,110,2,2585,4009,8,0,40,1,0,0,0,0
1248828,3,2020,2020,11,0,3,3371,17,108,3342,0,1,2,-33.302568,151.420979,16,2,2,1,1,0,0,3,2,0,7,60,2,3775,3775,0,5,5,3,0,0,0,0
1248834,3,2020,2020,10,0,8,2,31,201,34609,0,1,1,-34.889655,150.61373,63,2,1,1,0,0,0,0,2,0,7,50,0,4026,4026,8,5,40,1,0,0,0,0
1248846,3,2020,2020,1,5,2,2126,17,23,2149,0,1,1,-33.450111,150.007543,40,1,0,0,3,0,1,5,0,0,7,100,2,1259,5151,8,9,40,1,0,0,0,0
1248865,3,2020,2020,9,0,1,334,17,21,308,0,1,1,-31.40842,152.235725,56,1,0,0,3,0,0,0,0,0,7,100,2,2585,4009,8,10,40,1,0,0,0,0
1248871,3,2020,2020,2,6,8,13,31,463,34609,0,1,10,-30.300661,153.110045,19,2,1,1,3,0,3,4,2,0,0,50,0,6545,6545,4,10,5,2,0,0,0,0
1248882,3,2020,2020,2,2,9,5,27,35,34609,0,1,2,-35.344564,149.219597,58,2,1,0,3,0,3,4,2,0,7,50,0,4552,5151,8,0,40,1,0,0,0,0
1248883,3,2020,2020,2,6,7,9,27,57,34609,0,1,9,-32.989285,151.695611,37,0,2,1,3,0,1,0,2,0,7,60,0,14295,14295,3,0,13,2,0,0,0,0
1248887,3,2020,2020,2,5,4,149,10,346,702,0,1,2,-33.884135,151.069621,67,0,2,1,3,0,0,0,2,0,7,70,2,14295,14295,3,5,0,2,0,0,0,0
1248888,3,2021,2020,2,3,5,69,32,646,34609,1,0,1,-33.918657,151.038668,15,0,2,1,3,0,0,0,2,0,7,40,0,941,941,1,5,5,3,0,0,0,0
1248890,3,2020,2020,2,0,11,6,27,39,34609,0,1,9,-35.972958,146.971225,0,1,0,1,3,0,0,0,0,0,7,100,0,404,404,8,0,40,1,0,0,0,0
1248891,3,2020,2020,9,2,4,30,31,283,34609,0,1,1,-33.839516,151.010985,21,0,2,1,3,0,0,0,2,0,7,50,0,9859,9859,1,5,5,2,0,0,0,0
1248892,3,2020,2020,2,4,6,4,27,91,96,0,1,1,-32.969997,151.638218,37,0,2,0,3,0,0,0,2,0,7,60,2,1383,1383,1,5,10,3,0,0,0,0
1248897,3,2020,2020,2,3,3,103,36,5,103,0,1,1,-32.012763,152.099728,43,2,1,0,3,0,3,1,1,0,7,80,1,84,84,7,10,40,1,0,0,0,0
1248898,3,2020,2020,2,1,8,916,17,8,917,0,1,1,-31.757216,150.822446,73,2,1,1,3,0,0,0,2,0,7,60,2,9859,9859,8,10,40,1,0,0,0,0
1248899,3,2020,2020,2,6,5,2,31,82,34609,0,1,1,-33.789874,151.267313,50,0,2,1,3,0,0,0,2,0,7,50,0,1981,1981,4,5,0,2,0,0,0,0
1248901,3,2020,2020,9,0,8,134,10,69,133,0,1,2,-33.823436,151.021239,54,0,2,1,1,0,0,3,2,0,7,70,2,9859,9859,8,5,40,1,0,0,0,0
1248902,3,2020,2020,9,2,11,6,18,122,34609,0,1,9,-33.422131,151.34404,16,2,2,1,2,0,0,0,0,0,7,50,0,2585,777,8,5,40,1,0,0,0,0
1248903,3,2020,2020,9,2,8,57,31,532,30,0,1,9,-33.878579,151.210529,69,0,2,1,2,0,0,0,2,2,7,40,1,14295,14295,3,30,5,2,0,0,0,0
1248915,3,2020,2020,9,2,6,19,31,225,12,0,1,9,-33.7911,151.183306,77,0,2,1,1,0,0,0,2,0,7,50,1,9859,9859,8,21,40,1,0,0,0,0
1248927,3,2020,2020,9,0,8,481,17,562,483,0,1,10,-32.246372,148.594604,22,2,1,1,0,0,0,0,2,0,0,60,2,2852,2852,4,5,0,2,0,0,0,0
1248930,3,2020,2020,2,3,4,12,23,50,34609,0,1,1,-33.636746,151.3301,50,0,2,1,3,0,0,0,2,0,7,60,0,1981,1981,4,5,19,2,0,0,0,0
1248933,3,2020,2020,2,1,5,2126,17,27,2149,0,1,2,-33.581209,150.239358,8,2,2,0,3,0,0,0,2,0,7,60,2,14295,14295,3,30,13,2,0,0,0,0
1248934,3,2020,2020,2,4,8,866,17,171,793,0,1,9,-33.80595,150.970263,54,0,2,1,3,0,0,0,2,2,7,70,2,14295,14295,3,5,5,2,0,0,0,0
1248938,3,2020,2020,2,3,8,6,31,92,34609,0,1,7,-33.876125,150.970886,24,0,2,1,3,0,0,0,2,0,0,50,0,6545,6545,4,10,5,2,0,0,0,0
1248939,3,2020,2020,9,0,8,485,27,40,47,0,1,9,-33.726109,150.972908,71,0,2,1,3,0,0,3,2,2,7,70,2,1282,1282,1,5,13,2,0,0,0,0
1248940,3,2020,2020,2,5,7,31,10,78,23,0,1,10,-33.430378,151.445343,16,2,2,1,3,0,0,0,2,0,0,50,1,14295,14295,3,10,5,3,0,0,0,0
1248941,3,2020,2020,9,3,7,916,17,172,917,0,1,10,-32.759901,151.593615,42,2,1,1,3,0,0,0,2,2,7,60,2,14295,14295,3,0,13,2,0,0,0,0
1248942,3,2020,2020,2,1,3,17,27,90,28,0,1,7,-33.788686,150.94089,7,0,2,1,3,0,0,0,1,0,0,60,1,14295,14295,3,5,5,2,0,0,0,0
1248946,3,2020,2020,2,2,6,8,27,64,34609,1,0,9,-33.945778,150.99852,15,0,2,1,3,0,0,0,2,0,7,60,0,387,387,1,5,5,2,0,0,0,0
1248947,3,2020,2020,2,3,6,12,27,2,42,0,1,1,-35.14205,150.067145,58,1,0,0,3,0,0,0,2,0,7,100,1,1259,5151,8,0,40,1,0,0,0,0
1248948,3,2020,2020,9,6,5,111,27,150,233,0,1,9,-33.933075,151.230201,59,0,2,1,3,0,0,0,2,0,15,60,2,623,623,3,5,36,2,0,0,0,0
1248949,3,2020,2020,2,2,6,3,27,3,34609,0,1,1,-35.721889,149.422461,65,1,0,0,3,2,0,0,2,0,7,100,0,4552,5151,8,34,40,1,0,0,0,0
1248950,3,2020,2020,9,5,4,102,31,139,187,0,1,10,-33.874938,151.134386,32,0,2,1,3,0,0,0,2,2,7,60,2,9859,9859,8,5,40,1,0,0,0,0
1248952,3,2020,2020,2,1,9,2126,17,169,2149,0,1,9,-33.786036,150.843236,7,0,2,1,3,0,0,0,2,0,6,80,2,1669,1669,3,0,5,2,0,0,0,0
1248959,3,2020,2020,2,4,4,27,31,82,34609,0,1,7,-31.07627,150.930049,70,2,1,1,3,0,0,0,2,0,0,50,0,14295,14295,3,10,5,2,0,0,0,0
1248960,3,2020,2020,2,0,8,92,27,53,34609,0,1,10,-33.737136,151.304453,50,0,2,1,3,0,0,0,2,0,15,50,0,6545,6545,4,5,5,2,0,0,0,0
1248961,3,2020,2020,2,2,9,334,17,56,308,0,1,1,-31.458177,152.73652,56,2,1,0,3,0,3,0,3,0,7,50,2,4552,5151,8,5,40,1,0,0,0,0
1248963,3,2020,2020,2,2,3,1,27,3,34609,0,1,1,-28.565756,152.965331,51,1,0,0,3,0,0,0,1,0,7,100,0,418,714,5,10,40,1,0,0,0,0
1248965,3,2020,2020,2,0,8,12,27,64,12,0,1,1,-33.891769,151.072757,67,0,2,1,3,0,0,0,2,0,7,60,1,1981,1981,4,0,5,2,0,0,0,0
1248966,3,2020,2020,9,0,10,21,31,91,34609,0,1,1,-33.987274,150.889882,13,0,2,1,3,0,0,0,0,0,7,50,0,9859,9859,1,5,5,2,0,0,0,0
1248967,3,2020,2020,2,6,5,17,27,78,30,0,1,1,-28.31522,153.391214,72,2,1,0,3,0,0,0,2,0,7,80,1,782,957,5,10,40,1,0,0,0,0
1248970,3,2020,2020,2,3,8,2,27,21,34609,0,1,1,-35.753839,147.989017,66,1,0,1,3,0,0,0,2,0,7,100,0,4026,4026,8,5,40,1,0,0,0,0
1248996,3,2020,2020,2,2,9,99,10,13,34609,0,1,1,-35.152909,147.458562,75,2,1,1,2,0,3,4,3,0,7,50,0,4026,4026,1,5,5,2,0,0,0,0
1249009,3,2020,2020,10,1,1,3,31,95,34609,0,1,9,-33.738998,150.842959,7,0,2,0,2,0,3,4,0,0,7,50,0,2585,4009,1,30,12,3,0,0,0,0
1249012,3,2020,2020,11,4,7,22,27,151,10,0,1,2,-34.031273,150.844984,13,0,2,1,1,0,0,0,2,0,7,50,1,9859,9859,8,5,40,1,0,0,0,0
1249021,3,2020,2020,2,4,10,2209,17,88,2205,0,1,10,-33.987915,151.111622,25,0,2,1,2,0,0,0,0,2,7,70,2,5929,5929,1,5,0,2,0,0,0,0
1249029,3,2020,2020,9,3,6,62,27,58,34609,0,1,1,-33.226962,151.41953,16,2,2,1,1,0,0,0,2,0,7,60,0,1981,1981,4,10,0,2,0,0,0,0
1249051,3,2020,2020,10,2,1,16,27,316,120,0,1,1,-33.907013,151.250223,59,0,2,0,2,0,0,0,0,0,7,50,2,4552,5151,1,33,36,4,0,0,0,0
1249060,3,2020,2020,9,1,5,128,27,363,133,0,1,9,-33.759021,150.684979,55,0,2,1,1,0,0,0,2,1,8,60,2,14295,14295,3,0,5,2,0,0,0,0
1249071,3,2020,2020,2,5,6,125,27,22,144,0,1,7,-32.857326,151.803327,57,2,1,1,1,0,0,0,2,0,0,70,2,4026,4026,8,33,40,2,0,0,0,0
1249082,3,2020,2020,9,0,8,9,27,6,8,0,1,1,-34.479125,148.273056,30,1,0,0,0,0,0,0,3,0,7,100,1,273,957,5,5,40,1,0,0,0,0
1249094,3,2020,2020,9,2,4,98,31,176,159,0,1,9,-33.953091,151.138103,4,0,2,1,1,0,0,0,2,0,7,60,2,1282,1282,1,33,19,2,0,0,0,0
1249101,3,2020,2020,2,2,11,39,31,246,99,0,1,1,-33.901599,151.200724,69,0,2,1,2,0,3,3,0,0,7,50,2,9859,9859,8,5,40,1,0,0,0,0
1249105,3,2020,2020,9,3,2,2,27,247,34609,0,1,1,-33.825591,150.935863,21,0,2,1,1,0,0,0,1,0,7,50,0,9859,9859,1,34,13,2,0,0,0,0
1249108,3,2020,2020,9,2,7,1,31,253,34609,0,1,1,-33.963008,151.111167,25,0,2,1,0,0,0,0,2,0,7,50,0,1282,1282,1,33,5,2,0,0,0,0
1249113,3,2020,2020,9,2,5,171,1,80,104,0,1,10,-33.940678,151.215377,4,0,2,1,1,0,0,0,2,2,8,70,2,395,395,1,5,5,2,0,0,0,0
1249122,3,2020,2020,2,1,9,24,31,31,24,0,1,9,-33.43322,151.380341,16,2,2,1,3,0,0,0,4,0,15,60,1,5929,5929,1,30,0,2,0,0,0,0
1249124,3,2020,2020,2,5,7,19,31,161,96,0,1,10,-33.8842,151.147612,32,0,2,1,3,0,0,0,2,3,7,50,2,1282,1282,1,5,5,2,0,0,0,0
1249128,3,2020,2020,2,5,8,475,31,523,34609,0,1,9,-33.920799,150.928604,41,0,2,1,0,2,3,4,3,0,0,30,0,1282,1282,1,33,5,2,0,0,0,0
1249134,3,2020,2020,2,0,7,2126,17,80,2149,0,1,9,-33.753729,150.656615,55,0,2,1,3,0,0,0,2,0,15,60,2,1282,1282,1,5,5,2,0,0,0,0
1249135,3,2020,2020,2,6,6,222,27,562,34609,1,0,2,-32.268481,148.613102,22,2,1,1,3,0,0,0,2,0,7,50,0,9859,9859,1,5,0,3,0,0,0,0
1249163,3,2020,2020,9,0,5,330,27,43,605,0,1,9,-33.697682,151.300646,50,0,2,1,1,0,0,0,2,2,7,70,2,2852,2852,4,5,19,2,0,0,0,0
1249172,3,2020,2020,2,0,8,24,31,433,34609,0,1,9,-33.2553,149.102837,52,2,1,1,0,0,0,0,2,0,0,70,0,5929,5929,1,0,13,2,0,0,0,0
1249184,3,2020,2020,2,4,1,85,27,72,145,0,1,2,-33.798932,151.052176,54,0,2,0,2,0,0,0,0,0,7,70,2,1850,1463,5,0,40,1,0,0,0,0
1249186,3,2020,2020,9,1,3,112,27,7,256,0,1,7,-34.020135,150.83578,13,0,2,1,0,0,0,0,2,0,0,70,2,1192,1192,1,3,5,2,0,0,0,0
1249191,3,2020,2020,2,3,9,24,24,85,34609,0,1,9,-33.793926,150.677607,55,0,2,0,1,0,0,0,2,0,7,50,0,3775,3775,0,10,5,2,0,0,0,0
1249200,3,2020,2020,9,0,5,76,31,131,60,0,1,1,-36.068539,146.928276,0,2,1,1,1,0,0,0,2,0,7,60,1,9859,9859,1,5,0,3,0,0,0,0
1249201,3,2020,2020,2,4,9,8,31,48,34609,0,1,7,-32.724193,152.142898,57,2,1,0,1,0,0,0,2,0,0,50,0,6545,6545,4,10,36,2,0,0,0,0
1249204,3,2020,2020,11,4,2,8,31,41,34609,0,1,1,-33.826301,151.011473,54,0,2,1,0,0,0,0,1,0,7,50,0,9859,9859,1,5,5,3,0,0,0,0
1249250,3,2020,2020,2,6,10,3371,17,463,3342,0,1,10,-30.300784,153.110611,19,2,1,0,3,0,0,0,0,2,7,60,2,6545,6545,4,0,13,3,0,0,0,0
1249253,3,2020,2020,2,4,8,100,31,363,38,0,1,10,-33.805185,151.002597,54,0,2,1,3,0,3,3,2,0,15,60,1,301,301,4,8,5,2,0,0,0,0
1249254,3,2020,2020,2,6,4,175,27,609,220,0,1,10,-33.763693,150.913072,7,0,2,1,3,0,0,0,2,2,7,70,2,14295,14295,3,19,5,2,0,0,0,0
1249256,3,2020,2020,2,0,6,12,27,58,43,0,1,9,-28.573448,153.532775,10,2,1,1,3,0,0,0,2,0,7,80,1,6545,6545,4,21,0,2,0,0,0,0
1249259,3,2020,2020,2,2,7,1052,14,58,928,0,1,3,-33.247749,151.4062,16,1,2,0,3,0,0,0,2,0,7,110,2,14295,14295,3,30,36,2,0,0,0,0
1249260,3,2020,2020,9,2,6,330,23,150,112,0,1,9,-33.928913,151.234932,59,0,2,1,3,0,0,0,2,0,0,60,2,2852,2852,4,5,0,2,0,0,0,0
1249261,3,2020,2020,2,3,4,344,27,88,163,0,1,9,-33.738304,150.856196,7,0,2,1,3,0,0,0,2,2,7,70,2,1391,1391,1,5,5,2,0,0,0,0
1249262,3,2020,2020,2,3,6,204,31,228,34609,0,1,9,-34.746637,149.722015,26,2,1,1,3,0,0,0,2,0,7,50,0,14295,14295,3,5,12,2,0,0,0,0
1249264,3,2020,2020,2,2,11,149,27,144,198,0,1,1,-34.067396,150.996553,68,0,2,0,3,0,3,4,0,0,7,70,2,380,714,5,5,40,1,0,0,0,0
1249265,3,2020,2020,2,1,6,481,17,17,483,0,1,1,-33.507708,147.754986,51,1,0,1,3,0,0,0,2,0,7,110,2,1945,1945,5,5,40,1,0,0,0,0
1249269,3,2020,2020,2,6,3,512,17,43,441,0,1,10,-32.549048,148.94115,22,2,1,1,3,0,0,0,1,0,0,50,2,6545,6545,4,0,13,2,0,0,0,0
1249273,3,2020,2020,10,2,11,14,31,133,34609,0,1,9,-33.929588,151.016998,15,0,2,1,2,0,0,0,0,0,7,50,0,4026,4026,1,5,36,4,0,0,0,0
1249277,3,2020,2020,10,3,0,168,17,6,212,0,1,1,-35.241702,149.598675,58,1,0,0,0,0,0,0,0,0,7,100,2,4552,5151,8,5,40,1,0,0,0,0
1249279,3,2020,2020,2,2,4,112,17,27,112,0,1,1,-31.699094,143.667282,51,1,0,1,3,0,0,3,2,0,7,110,2,475,475,5,0,40,1,0,0,0,0
1249284,3,2020,2020,2,0,11,75,10,137,165,0,1,3,-33.916034,151.211931,69,0,2,1,3,0,0,0,0,0,7,80,2,4026,4026,8,5,40,1,0,0,0,0
1249286,3,2020,2020,2,0,1,220,14,51,220,0,1,3,-34.2102,150.960916,80,0,2,1,3,0,0,0,0,0,7,110,2,1089,1089,7,0,40,1,0,0,0,0
1249288,3,2020,2020,2,6,8,22,31,463,34609,0,1,7,-30.294933,153.117345,19,2,1,0,3,0,3,4,2,0,0,40,0,1850,1463,5,34,40,1,0,0,0,0
1249293,3,2020,2020,9,6,1,79,27,46,159,0,1,2,-33.937762,151.114103,4,0,2,1,2,0,0,0,0,0,7,60,2,9859,9859,8,5,40,1,0,0,0,0
1249300,3,2020,2020,2,3,10,1,4,85,34609,0,1,9,-33.789328,150.667656,55,0,2,0,2,0,0,0,0,0,0,50,0,1957,4009,8,5,40,1,0,0,0,0
1249301,3,2020,2020,9,0,6,137,31,87,34609,0,1,1,-28.809131,153.290394,39,2,1,1,1,0,0,0,2,0,7,50,0,220,220,1,33,0,2,0,0,0,0
1249312,3,2020,2020,9,1,9,4,23,53,19,0,1,1,-33.682066,151.111714,31,0,2,1,1,0,0,0,2,0,7,50,1,9859,9859,8,5,40,1,0,0,0,0
1249317,3,2020,2020,9,2,10,361,31,176,34609,0,1,1,-33.948312,151.138485,4,0,2,1,2,0,0,0,0,0,7,50,0,9859,9859,1,5,5,2,0,0,0,0
1249322,3,2020,2020,2,4,2,829,27,125,770,0,1,2,-33.821112,151.119861,61,0,2,1,1,0,0,0,1,0,7,60,2,14295,14295,3,10,40,2,0,0,0,0
1249332,3,2020,2020,2,6,6,27,31,107,157,0,1,2,-29.689878,152.934427,18,2,1,1,3,0,0,0,2,0,7,40,2,220,220,8,5,40,1,0,0,0,0
1249354,3,2020,2020,9,2,3,4,10,251,34609,0,1,1,-33.787322,150.925897,7,0,2,1,0,0,0,0,2,0,7,50,0,9859,9859,8,5,40,2,0,0,0,0
1249358,3,2020,2020,2,3,5,2209,17,76,2205,0,1,1,-35.357278,150.474304,63,2,1,1,1,0,0,0,2,0,7,60,2,14295,14295,3,10,0,3,0,0,0,0
1249371,3,2020,2020,11,2,3,18,1,293,34609,0,1,9,-33.946648,151.236468,59,0,2,1,3,0,0,0,1,0,7,50,0,475,475,5,5,40,1,0,0,0,0
1249406,3,2020,2020,2,0,6,15,1,271,34609,0,1,1,-33.951893,151.013347,15,0,2,1,3,0,0,0,2,0,7,50,0,1981,1981,4,5,5,2,0,0,0,0
1249412,3,2020,2020,2,6,5,161,17,12,161,0,1,1,-36.611996,149.360523,65,1,0,0,3,0,3,4,2,0,7,100,2,217,217,1,0,41,2,0,0,0,0
1249415,3,2020,2020,2,1,8,92,27,55,63,0,1,1,-33.904421,151.084919,15,0,2,1,3,0,0,0,2,0,7,50,1,1391,1391,1,5,0,2,0,0,0,0
1249417,3,2020,2020,2,6,5,1,31,64,34609,0,1,1,-33.886134,151.022307,15,0,2,1,3,0,0,0,2,0,7,50,0,144,144,1,0,5,2,0,0,0,0
1249419,3,2020,2020,2,0,1,829,1,71,34609,0,1,1,-33.969191,151.080122,25,0,2,1,3,0,0,0,0,0,7,50,0,9859,9859,1,5,5,2,0,0,0,0
1249421,3,2020,2020,2,5,5,296,27,41,293,1,0,9,-33.866294,150.988615,24,0,2,1,3,0,3,4,2,0,7,70,2,623,623,3,29,10,2,0,0,0,0
1249422,3,2020,2020,2,2,3,346,17,19,332,0,1,1,-28.85682,153.261465,39,1,0,0,3,0,2,2,1,0,7,100,2,782,957,5,5,40,1,0,0,0,0
1249424,3,2020,2020,2,5,9,1,31,14,34609,0,1,10,-36.928897,149.872027,5,2,1,1,3,0,0,0,2,0,15,50,0,6545,6545,4,0,0,2,0,0,0,0
1249428,3,2020,2020,2,1,2,2209,17,95,2205,0,1,2,-34.404679,150.89241,80,0,2,0,3,0,3,4,0,0,7,80,2,1957,4009,8,5,40,1,0,0,0,0
1249430,3,2020,2020,9,0,8,28,31,33,34609,0,1,1,-33.41412,151.354659,16,2,2,1,3,0,0,3,2,0,7,50,0,9859,9859,1,5,41,2,0,0,0,0
1249431,3,2020,2020,2,5,11,13,27,3,13,0,1,1,-29.358024,153.340952,18,1,0,0,3,0,3,4,0,0,7,100,1,4552,5151,8,5,40,1,0,0,0,0
1249434,3,2020,2020,2,0,9,2126,17,163,2149,1,0,2,-33.868751,151.104491,14,0,2,1,3,0,0,0,0,0,7,60,2,1192,1192,1,0,35,2,0,0,0,0
1249438,3,2020,2020,2,1,9,17,31,82,10,0,1,9,-33.822506,151.203992,49,0,2,1,3,0,3,0,0,0,7,50,1,256,256,4,0,12,2,0,0,0,0