Crash ID,Degree of crash - detailed,Reporting year,Year of crash,Month of crash,Day of week of crash,Two-hour intervals,Street of crash,Street type,Town,Route no.,School zone location,School zone active,Type of location,Latitude,Longitude,LGA,Urbanisation,Conurbation 1,Alignment,Street lighting,Road surface,Surface condition,Weather,Natural lighting,Signals operation,Other traffic control,Speed limit,Road classification,RUM - code,DCA - code,First impact type,Key TU type,Other TU type,No. of traffic units involved,No. killed,No. seriously injured,No. moderately injured,No. minor-other injured
1249439,3,2020,2020,2,5,3,15,23,433,34609,0,1,7,-33.259212,149.112924,52,2,1,1,3,0,0,3,2,0,0,80,0,1945,1945,5,29,40,1,0,0,0,0
1249444,3,2020,2020,9,5,1,2,10,433,34609,0,1,1,-33.266612,149.12272,52,2,1,1,3,0,0,0,0,0,7,50,0,9859,9859,8,5,40,1,0,0,0,0
1249445,3,2020,2020,2,2,6,195,27,49,186,0,1,9,-33.917233,150.854198,41,0,2,1,3,0,0,0,2,3,7,70,2,14295,14295,3,5,13,2,0,0,0,0
1249446,3,2020,2020,2,0,2,109,27,247,106,0,1,1,-33.828938,150.943392,21,0,2,1,3,0,0,0,1,0,7,60,1,9859,9859,1,5,13,3,0,0,0,0
1249448,3,2020,2020,2,4,3,23,27,104,144,0,1,1,-33.805689,150.791797,55,0,2,1,3,0,0,0,1,0,7,50,2,1282,1282,1,8,5,2,0,0,0,0
1249455,3,2020,2020,2,6,4,3,7,112,34609,0,1,1,-33.434454,151.430344,16,2,2,0,3,0,3,3,2,0,7,50,0,4552,5151,1,10,5,3,0,0,0,0
1249457,3,2020,2020,2,1,4,1,1,309,34609,0,1,9,-33.807334,151.118109,61,0,2,1,3,0,0,0,2,0,0,50,0,9859,9859,1,5,33,2,0,0,0,0
1249458,3,2020,2020,2,0,8,225,27,304,140,0,1,9,-33.919186,151.14535,32,0,2,1,3,0,0,0,2,0,7,50,1,6545,6545,4,5,5,3,0,0,0,0
1249459,3,2020,2020,2,5,7,45,31,532,55,0,1,10,-33.873753,151.212595,69,0,2,1,3,0,0,3,2,2,7,40,1,515,515,1,5,12,2,0,0,0,0
1249461,3,2020,2020,2,0,5,42,36,18,34609,0,1,1,-30.703785,152.956871,47,1,0,1,3,0,0,0,2,0,7,100,0,14295,14295,3,10,0,2,0,0,0,0
1249462,3,2020,2020,2,0,3,100,27,109,799,0,1,1,-33.903184,151.142666,32,0,2,1,3,0,0,0,2,0,7,60,2,14295,14295,3,0,36,3,0,0,0,0
1249464,3,2020,2020,2,4,4,1,31,27,34609,0,1,9,-33.720495,150.453876,8,2,2,1,3,0,0,0,2,0,15,50,0,175,188,8,9,40,1,0,0,0,0
1249467,3,2020,2020,2,1,5,109,1,29,34609,1,0,9,-33.919685,150.885971,41,0,2,1,3,0,0,0,2,0,15,50,0,150,150,4,5,5,2,0,0,0,0
1249471,3,2020,2020,2,5,9,3371,17,32,3342,0,1,2,-32.387139,152.256753,43,1,0,0,3,0,3,4,2,0,7,110,2,1957,4009,8,5,40,1,0,0,0,0
1249474,3,2020,2020,2,5,1,3371,17,58,3342,0,1,2,-28.533557,153.539169,10,1,0,0,3,0,3,4,0,0,7,110,2,2585,4009,8,29,40,1,0,0,0,0
1249478,3,2020,2020,9,1,11,3,25,11,34609,0,1,1,-33.491089,151.438245,16,2,2,1,3,0,0,0,0,0,7,50,0,14295,14295,3,0,13,2,0,0,0,0
1249481,3,2020,2020,2,3,5,13,27,89,34609,0,1,9,-33.378727,151.471252,16,2,2,1,3,0,0,0,2,2,7,60,0,5929,5929,1,5,5,2,0,0,0,0
1249483,3,2020,2020,2,3,0,29,31,176,34609,0,1,9,-33.954033,151.142568,4,0,2,1,3,0,0,0,0,0,0,50,0,489,489,8,9,40,1,0,0,0,0
1249487,3,2020,2020,2,0,4,3,18,31,34609,0,1,1,-30.966716,148.271328,51,1,0,1,3,2,0,3,2,0,7,100,0,1945,1945,5,10,40,1,0,0,0,0
1249489,3,2020,2020,2,3,8,13,27,95,34609,0,1,1,-34.395664,150.89921,80,0,2,1,3,0,0,0,3,0,7,50,0,5929,5929,1,5,5,2,0,0,0,0
1249490,3,2020,2020,2,5,8,19,27,96,34609,0,1,1,-34.057088,150.832348,13,0,2,1,3,0,3,4,2,0,7,60,0,9859,9859,1,10,5,2,0,0,0,0
1249493,3,2020,2020,2,6,5,3371,17,107,3342,0,1,1,-33.290504,151.424066,16,2,2,1,3,0,0,0,2,0,7,50,2,14295,14295,3,5,5,3,0,0,0,0
1249494,3,2020,2020,2,5,4,1052,14,77,928,0,1,3,-33.521215,151.196556,16,1,2,0,3,0,3,4,2,0,7,90,2,4552,5151,8,5,40,1,0,0,0,0
1249497,3,2020,2020,2,4,9,2261,17,22,2252,0,1,3,-34.057506,150.794789,13,0,2,0,3,0,3,4,2,0,7,110,2,14295,14295,3,34,5,3,0,0,0,0
1249498,3,2020,2020,2,6,4,128,27,61,133,0,1,1,-33.855707,150.647148,55,0,2,0,3,0,3,4,2,0,7,80,2,1391,1391,1,5,0,2,0,0,0,0
1249499,3,2020,2020,2,0,7,3,31,96,34609,0,1,1,-33.38556,148.009699,51,2,1,1,3,0,0,0,2,0,7,40,0,237,162,8,0,40,1,0,0,0,0
1249503,3,2020,2020,9,2,10,283,27,70,702,0,1,10,-33.977564,151.104925,25,0,2,1,1,0,0,0,0,1,7,60,2,5929,5929,1,0,0,2,0,0,0,0
1249506,3,2020,2020,2,1,5,3,7,39,34609,0,1,1,-35.311386,148.221649,66,2,1,0,1,0,0,0,2,0,7,50,0,1957,4009,8,5,40,1,0,0,0,0
1249510,3,2020,2020,2,3,0,177,22,239,176,0,1,9,-34.043006,151.122984,68,0,2,0,2,0,3,0,0,2,9,60,2,4552,985,8,5,40,1,0,0,0,0
1249514,3,2020,2020,2,3,5,65,31,609,115,0,1,2,-33.768712,150.904304,7,0,2,1,1,0,0,6,2,0,7,60,2,14295,14295,3,33,5,2,0,0,0,0
1249515,3,2020,2020,2,2,2,2,27,8,34609,0,1,9,-34.036951,150.656586,79,2,2,0,0,0,0,0,1,0,7,80,0,4552,5151,8,10,40,1,0,0,0,0
1249517,3,2020,2020,2,4,6,481,17,14,483,0,1,1,-30.763076,149.504094,51,2,1,1,0,0,0,0,2,2,7,40,2,14295,14295,3,3,12,4,0,0,0,0
1249533,3,2020,2020,2,6,5,24,27,123,34609,0,1,1,-33.880102,151.232701,81,0,2,1,0,0,3,4,2,0,7,40,0,9859,9859,1,0,13,2,0,0,0,0
1249536,3,2020,2020,9,2,8,1,4,89,34609,0,1,9,-33.396164,151.471527,16,2,2,0,1,0,0,0,2,0,7,50,0,4552,5151,8,9,40,1,0,0,0,0
1249548,3,2020,2020,2,1,11,1,31,10,34609,0,1,9,-35.517179,147.034752,27,2,1,1,2,0,0,3,0,0,0,50,0,78,78,8,0,40,1,0,0,0,0
1249552,3,2020,2020,11,1,7,109,27,169,382,0,1,9,-33.780014,150.850357,7,0,2,1,3,0,0,0,2,2,7,60,2,5929,5929,1,5,13,2,0,0,0,0
1249566,3,2020,2020,9,4,0,7,31,33,34609,0,1,1,-35.127803,147.324728,75,2,1,1,3,0,2,6,0,0,7,50,0,4026,4026,8,30,40,1,0,0,0,0
1249576,3,2020,2020,11,1,9,1052,14,13,928,0,1,3,-33.696575,151.120263,36,0,2,1,0,0,0,0,0,0,7,110,2,387,387,1,29,36,2,0,0,0,0
1249613,3,2020,2020,9,0,4,4,27,41,34609,0,1,1,-31.449876,152.787466,56,2,1,0,3,0,0,0,2,0,7,80,0,1089,1089,7,5,40,1,0,0,0,0
1249616,3,2020,2020,2,6,10,34,27,136,117,0,1,2,-32.921623,151.701772,48,0,2,1,3,0,0,0,0,0,7,60,2,14295,14295,3,5,36,2,0,0,0,0
1249617,3,2020,2020,9,3,3,1,1,63,34609,0,1,1,-33.737974,150.796033,7,0,2,0,0,0,0,0,2,0,7,50,0,4552,5151,8,5,40,1,0,0,0,0
1249622,3,2020,2020,2,5,1,334,17,6,308,0,1,1,-31.643079,147.949335,51,1,0,0,3,0,0,0,0,0,7,110,2,4552,5151,8,10,40,1,0,0,0,0
1249626,3,2020,2020,2,0,3,13,31,463,34609,0,1,1,-30.300256,153.107401,19,2,1,1,0,0,3,4,2,0,7,50,0,84,84,8,29,40,2,0,0,0,0
1249633,3,2020,2020,2,2,6,478,17,128,480,0,1,2,-33.427118,151.327014,16,2,2,1,3,0,0,0,2,0,7,70,2,14295,14295,3,5,5,2,0,0,0,0
1249634,3,2020,2020,2,1,3,147,27,72,605,1,0,10,-33.830216,151.226505,49,0,2,1,3,0,3,4,2,2,7,60,2,186,186,1,5,25,2,0,0,0,0
1249636,3,2020,2020,2,5,5,195,27,54,186,0,1,7,-33.861809,150.871979,24,0,2,1,3,0,3,4,2,0,0,70,2,1282,1282,1,8,5,2,0,0,0,0
1249638,3,2020,2020,2,3,7,4,27,10,34609,0,1,1,-31.34666,152.74787,56,1,0,0,3,0,3,4,2,0,7,100,0,1957,4009,8,30,40,1,0,0,0,0
1249639,3,2020,2020,2,4,4,3,1,29,34609,0,1,9,-33.473309,151.429398,16,2,2,0,3,0,0,0,2,0,15,50,0,6545,6545,4,30,36,2,0,0,0,0
1249640,3,2020,2020,2,3,0,21,27,62,23,0,1,1,-33.745398,150.620649,8,2,2,1,3,0,3,4,0,0,7,50,1,9859,9859,8,10,40,1,0,0,0,0
1249643,3,2020,2020,2,6,7,67,27,157,55,0,1,10,-34.022235,151.106927,68,0,2,1,3,0,0,0,2,2,7,70,2,6545,6545,4,5,36,2,0,0,0,0
1249647,3,2020,2020,2,5,4,61,27,53,208,0,1,1,-33.851299,150.960686,21,0,2,1,3,0,3,4,2,0,7,60,1,5929,5929,1,5,5,2,0,0,0,0
1249649,3,2020,2020,2,4,3,113,27,113,111,0,1,9,-33.785242,150.770707,55,0,2,1,3,0,3,3,2,2,7,60,2,14295,14295,3,0,5,2,0,0,0,0
1249653,3,2020,2020,2,5,5,2126,17,363,2149,0,1,10,-33.756855,150.712051,55,0,2,1,3,0,0,3,2,2,7,60,2,1383,1383,1,30,0,2,0,0,0,0
1249658,3,2020,2020,2,0,8,112,17,207,112,0,1,1,-31.957444,141.444586,51,2,1,1,3,0,0,0,2,0,7,50,2,9859,9859,8,34,40,1,0,0,0,0
1249666,3,2020,2020,9,4,11,9,31,15,34609,0,1,1,-34.43908,150.880023,80,0,2,0,2,0,3,4,0,0,7,40,0,2585,4009,1,21,6,5,0,0,0,0
1249697,3,2020,2020,2,3,10,1,7,16,34609,0,1,1,-33.729518,151.282754,50,0,2,0,1,0,0,0,0,0,7,50,0,4552,5151,1,34,0,2,0,0,0,0
1249701,3,2020,2020,2,5,6,348,27,73,88,0,1,7,-33.730122,150.694582,55,0,2,1,0,0,0,0,2,0,0,60,2,1850,985,5,29,40,1,0,0,0,0
1249702,3,2020,2020,2,5,0,866,17,174,793,0,1,2,-33.871764,150.925631,24,0,2,1,2,0,3,4,0,0,7,70,2,9859,9859,8,0,40,1,0,0,0,0
1249708,3,2020,2020,2,5,4,3371,17,35,3342,0,1,2,-29.883092,153.059432,18,1,0,1,0,0,0,0,2,0,7,110,2,4026,4026,8,5,40,1,0,0,0,0
1249715,3,2020,2020,2,5,9,1052,14,77,928,0,1,3,-33.526532,151.197494,16,1,2,0,0,0,0,0,2,0,7,110,2,1259,5151,8,10,40,1,0,0,0,0
1249718,3,2020,2020,2,2,9,1,27,132,34609,0,1,1,-29.700769,151.117777,33,2,1,1,0,2,3,4,3,0,7,80,0,9859,9859,8,5,40,1,0,0,0,0
1249720,3,2020,2020,10,2,10,2,22,224,34609,0,1,1,-33.824416,151.247188,45,0,2,1,2,0,3,4,0,0,7,50,0,4026,4026,1,5,36,3,0,0,0,0
1249722,3,2020,2020,2,0,9,31,31,433,34609,0,1,1,-33.270107,149.093725,52,2,1,1,0,0,0,0,2,0,7,50,0,9859,9859,8,0,40,1,0,0,0,0
1249724,3,2020,2020,9,2,0,35,27,71,369,0,1,10,-33.764067,150.70968,55,0,2,1,2,0,0,0,0,2,7,70,2,1957,777,8,10,40,1,0,0,0,0
1249727,3,2020,2020,10,4,9,330,27,106,605,0,1,9,-33.684351,151.303721,50,0,2,1,1,0,0,0,3,0,6,70,2,5929,5929,1,5,5,2,0,0,0,0
1249728,3,2020,2020,2,4,8,31,31,105,34609,0,1,10,-32.593709,149.593102,44,2,1,1,0,0,0,0,2,0,0,50,0,6545,6545,4,5,5,2,0,0,0,0
1249731,3,2020,2020,2,5,5,3371,17,4,3342,0,1,9,-30.842304,152.903675,47,1,0,1,1,0,0,0,2,0,7,100,2,2585,777,8,5,40,1,0,0,0,0
1249732,3,2020,2020,9,3,2,2261,17,75,2252,0,1,1,-33.886572,151.112102,9,0,2,1,2,0,3,0,0,0,7,60,2,4026,4026,8,5,40,4,0,0,0,0
1249734,3,2020,2020,2,3,6,37,27,370,34609,0,1,1,-34.062271,150.831601,13,0,2,1,1,0,0,0,2,0,7,50,0,175,188,8,10,40,1,0,0,0,0
1249742,3,2020,2020,2,3,1,135,17,131,136,0,1,1,-36.081938,146.908393,0,2,1,1,2,0,0,0,0,0,7,50,2,9859,9859,8,10,40,1,0,0,0,0
1249753,3,2020,2020,2,0,9,3,27,27,34609,0,1,1,-33.760093,151.281977,50,0,2,0,1,0,0,0,2,0,7,50,0,1957,4009,1,5,13,2,0,0,0,0
1249754,3,2020,2020,2,0,4,1,31,29,34609,0,1,1,-35.316749,150.435849,63,2,1,1,1,0,0,0,2,0,7,50,0,248,248,1,9,5,2,0,0,0,0
1249764,3,2020,2020,2,5,9,2,1,646,34609,0,1,2,-33.921196,151.049433,15,0,2,1,0,0,3,4,3,0,7,50,0,9859,9859,1,33,5,2,0,0,0,0
1249766,3,2020,2020,2,0,3,3371,17,463,3342,0,1,10,-30.300784,153.110611,19,2,1,1,1,0,3,3,2,1,7,60,2,6545,6545,4,5,0,2,0,0,0,0
1249769,3,2020,2020,2,1,10,43,27,18,46,0,1,7,-28.330632,153.569131,72,2,1,1,2,0,3,4,0,0,0,50,1,4026,4026,8,0,40,1,0,0,0,0
1249772,3,2020,2020,9,6,4,17,31,80,61,0,1,1,-33.817618,151.156554,38,0,2,1,0,0,0,0,2,0,7,50,1,515,515,1,5,19,2,0,0,0,0
1249780,3,2020,2020,2,1,3,829,31,314,240,0,1,1,-33.851011,150.937511,24,0,2,1,0,0,0,0,2,0,7,60,2,9859,9859,1,33,5,2,0,0,0,0
1249804,3,2020,2020,2,2,11,90,31,112,165,0,1,10,-33.903998,151.214096,69,0,2,1,2,0,0,0,0,2,7,50,2,14295,14295,3,5,5,2,0,0,0,0
1249808,3,2020,2020,11,1,3,17,31,56,21,0,1,9,-33.862586,151.176397,32,0,2,1,2,0,0,0,2,0,7,40,1,9859,9859,1,8,5,2,0,0,0,0
1249828,3,2020,2020,9,3,6,125,27,55,123,0,1,1,-33.366888,151.464606,16,2,2,1,1,0,0,0,2,2,9,60,2,14295,14295,3,5,0,2,0,0,0,0
1249833,3,2020,2020,2,3,8,3,31,30,34609,1,0,10,-34.874444,147.584281,51,2,1,1,1,0,0,0,2,0,7,50,0,2585,777,8,3,40,1,0,0,0,0
1249834,3,2020,2020,9,6,11,133,10,316,121,0,1,7,-31.470446,152.9125,56,2,1,1,2,0,0,0,0,0,0,70,1,5929,5929,1,5,5,2,0,0,0,0
1249852,3,2020,2020,2,0,3,21,31,224,34609,0,1,10,-33.821394,151.246229,45,0,2,1,1,0,0,0,2,0,7,50,0,175,188,8,5,40,1,0,0,0,0
1249858,3,2020,2020,9,2,10,12,23,55,34609,0,1,0,-33.890305,151.28481,76,0,2,1,2,0,0,0,0,0,7,50,0,9859,9859,1,5,3,2,0,0,0,0
1249859,3,2020,2020,2,4,4,17,10,4,34609,0,1,1,-32.747716,152.070848,57,2,1,1,0,0,0,0,2,0,7,80,0,101,101,8,0,40,2,0,0,0,0
1249865,3,2020,2020,2,4,10,1,1,443,34609,0,1,1,-33.899354,151.060151,15,0,2,1,2,0,0,0,0,0,7,50,0,4026,4026,1,5,5,2,0,0,0,0
1249871,3,2020,2020,9,5,4,4,27,67,34609,0,1,1,-33.384092,151.343063,16,2,2,0,0,0,0,0,2,0,7,50,0,3775,3775,0,5,0,2,0,0,0,0
1249881,3,2020,2020,2,1,7,1,27,44,1,0,1,1,-33.070589,147.087163,51,1,0,0,3,0,0,0,2,0,7,100,1,1089,1089,7,10,40,1,0,0,0,0
1249883,3,2020,2020,2,2,9,37,27,3,36,0,1,1,-32.469635,151.753923,51,1,0,0,3,0,0,3,2,0,7,100,1,4552,5151,8,30,40,1,0,0,0,0
1249884,3,2020,2020,2,4,5,171,7,112,34609,0,1,9,-33.447609,151.441833,16,2,2,0,3,0,0,3,2,0,7,50,0,204,204,1,5,5,2,0,0,0,0
1249887,3,2020,2020,6,5,7,1,31,92,34609,0,1,9,-33.39772,151.35907,16,2,2,1,3,0,0,0,2,0,7,50,0,9859,9859,8,5,40,1,0,0,0,0
1249889,3,2020,2020,2,5,3,1104,14,445,962,0,1,3,-33.844857,151.047251,21,0,2,1,3,0,3,4,2,0,7,90,2,14295,14295,3,5,5,2,0,0,0,0
1249892,3,2020,2020,2,5,7,45,3,27,331,0,1,6,-34.041345,150.746891,12,0,2,0,3,0,3,3,2,2,9,100,2,1957,4009,8,8,40,1,0,0,0,0
1249894,3,2020,2020,2,4,3,2209,17,157,2205,0,1,2,-34.017405,151.091522,68,0,2,1,3,0,0,3,2,0,7,70,2,1391,1391,1,5,5,2,0,0,0,0
1249895,3,2020,2020,2,6,8,280,10,162,82,0,1,9,-33.849754,150.905884,24,0,2,1,3,0,3,4,2,2,7,60,1,5929,5929,1,5,36,2,0,0,0,0
1249899,3,2021,2020,2,0,2,220,27,46,222,0,1,9,-33.785609,150.972067,54,0,2,1,3,0,0,0,0,2,7,80,2,1391,1391,1,0,12,2,0,0,0,0
1249900,3,2020,2020,2,6,7,2261,17,70,2252,0,1,2,-34.730741,149.980793,26,1,0,1,3,0,3,4,2,0,7,110,2,4026,4026,8,10,40,1,0,0,0,0
1249902,3,2020,2020,2,4,4,1104,14,223,962,0,1,3,-33.806341,150.926629,7,0,2,1,3,0,0,3,2,0,7,100,2,14295,14295,3,5,5,3,0,0,0,0
1249903,3,2020,2020,2,6,8,6,1,370,34609,0,1,1,-34.072884,150.828911,13,0,2,0,3,0,3,3,2,0,7,60,0,4552,5151,8,5,40,1,0,0,0,0
1249905,3,2020,2020,2,2,2,84,27,60,32,0,1,1,-33.825076,151.134655,51,0,2,1,3,0,0,3,0,0,7,60,1,4026,4026,1,0,0,2,0,0,0,0
1249906,3,2020,2020,2,3,5,3371,17,28,3342,0,1,2,-32.622233,151.956046,57,1,0,1,3,0,0,0,2,0,7,110,2,941,941,1,0,13,2,0,0,0,0
1249907,3,2020,2020,2,2,11,7,27,2,34609,0,1,1,-30.611607,151.216831,51,1,0,0,3,2,0,0,0,0,7,100,0,782,957,5,10,40,1,0,0,0,0
1249909,3,2020,2020,2,2,0,103,36,5,103,0,1,1,-32.067137,151.941788,43,1,0,0,3,0,0,0,0,0,7,90,1,2585,4009,8,5,40,1,0,0,0,0
1249913,3,2020,2020,2,3,5,1052,14,57,928,0,1,3,-33.675958,151.120041,31,0,2,1,3,0,0,0,2,0,7,110,2,14295,14295,3,5,0,2,0,0,0,0
1249914,3,2020,2020,2,0,6,8,10,101,9,0,1,1,-32.895343,151.606426,37,0,2,0,3,0,0,0,2,0,7,80,1,175,188,8,10,40,1,0,0,0,0
1249918,3,2020,2020,11,5,9,1,31,157,34609,1,0,1,-34.012491,151.096551,68,0,2,1,3,0,0,0,3,0,7,50,0,1282,1282,1,5,40,1,0,0,0,0
1249920,3,2020,2020,2,4,8,2126,17,40,2149,0,1,1,-33.711891,150.520902,8,2,2,0,3,0,0,3,2,0,7,80,2,83,83,1,0,36,2,0,0,0,0
1249922,3,2020,2020,9,0,4,2261,17,75,2252,0,1,9,-33.886658,151.107816,9,0,2,1,0,0,0,0,2,0,0,60,2,4026,4026,8,30,40,1,0,0,0,0
1249927,3,2020,2020,2,5,7,49,31,44,34609,0,1,9,-32.81097,151.437722,17,2,1,1,3,0,3,4,2,0,7,50,0,175,188,8,34,40,1,0,0,0,0
1249928,3,2020,2020,2,3,7,3371,17,463,3342,0,1,10,-30.300784,153.110611,19,2,1,1,3,0,0,3,2,2,7,60,2,14295,14295,3,5,0,2,0,0,0,0
1249930,3,2020,2020,2,4,11,3,27,363,34609,0,1,1,-33.742177,150.688832,55,0,2,0,3,0,0,0,0,0,7,50,0,4552,5151,8,5,40,1,0,0,0,0
1249938,3,2020,2020,11,6,2,6,7,49,34609,0,1,9,-32.985917,151.682122,37,0,2,0,2,0,0,0,0,0,7,50,0,1957,4009,8,5,40,1,0,0,0,0
1249941,3,2020,2020,2,4,7,2,27,82,34609,0,1,1,-34.374111,150.891967,80,0,2,0,1,0,0,0,2,0,7,50,0,4552,5151,8,5,40,1,0,0,0,0
1249951,3,2020,2020,9,1,5,512,31,115,34609,0,1,1,-33.879762,151.191894,69,0,2,1,1,0,0,0,2,0,7,50,0,9859,9859,1,5,5,3,0,0,0,0
1249989,3,2020,2020,2,6,4,109,27,44,169,0,1,9,-32.810874,151.428446,17,2,1,1,3,0,0,0,2,0,7,60,2,14295,14295,3,0,0,2,0,0,0,0
1249992,3,2020,2020,2,0,9,90,31,169,165,0,1,2,-33.901343,151.21502,69,0,2,1,3,0,0,0,2,0,7,60,2,4026,4026,8,5,40,1,0,0,0,0
1249993,3,2020,2020,2,1,4,1052,27,219,262,0,1,7,-32.902772,151.676694,48,0,2,1,3,0,0,3,2,0,0,60,2,301,301,4,5,5,2,0,0,0,0
1249995,3,2020,2020,2,4,9,35,27,13,34,0,1,9,-29.954058,151.214656,33,2,1,1,3,0,0,0,3,0,7,60,1,1089,1089,7,0,40,1,0,0,0,0
1249997,3,2020,2020,2,3,2,866,17,149,793,0,1,9,-33.81647,150.963272,21,0,2,0,3,0,0,0,1,2,7,70,2,1391,1391,1,9,0,2,0,0,0,0
1249999,3,2020,2020,2,5,4,15,27,19,34609,0,1,1,-33.657303,150.950373,71,0,2,1,3,0,3,4,2,0,7,60,0,4026,4026,1,0,0,2,0,0,0,0
1250005,3,2020,2020,2,0,7,100,27,127,100,0,1,10,-33.836497,150.854167,24,0,2,1,3,0,0,0,2,0,15,70,2,14295,14295,3,30,0,3,0,0,0,0
1250006,3,2020,2020,2,5,8,2,31,14,14,0,1,1,-36.929712,149.878132,5,2,1,1,3,0,0,0,4,0,7,50,1,1109,397,1,5,13,2,0,0,0,0
1250007,3,2020,2020,9,3,8,55,10,112,47,0,1,7,-33.441895,151.440582,16,2,2,1,3,0,3,0,2,0,7,50,2,14295,14295,3,5,0,2,0,0,0,0
1250009,3,2020,2020,2,4,8,3,27,71,34609,0,1,9,-33.77267,150.707785,55,0,2,1,3,0,0,3,2,0,0,50,0,489,489,8,5,40,1,0,0,0,0
1250011,3,2020,2020,11,3,8,222,31,131,212,0,1,9,-33.784248,151.189472,36,0,2,1,1,0,0,0,2,2,7,60,2,395,395,1,5,0,2,0,0,0,0
1250013,3,2020,2020,2,4,4,3371,17,21,3342,0,1,2,-31.992233,152.468849,43,1,0,0,3,0,3,4,2,0,7,110,2,2585,4009,8,29,40,1,0,0,0,0
1250014,3,2020,2020,2,5,5,2261,17,33,2252,0,1,6,-34.027788,150.82352,13,0,2,0,3,0,3,4,2,0,7,50,2,380,714,5,9,40,1,0,0,0,0
1250015,3,2020,2020,2,2,6,2126,17,163,2149,1,0,2,-33.868472,151.101637,9,0,2,1,3,0,0,0,2,0,7,60,2,1391,1391,1,5,10,2,0,0,0,0
1250017,3,2020,2020,2,5,9,500,27,106,799,0,1,9,-33.922752,151.09375,15,0,2,1,3,0,3,4,0,0,0,60,2,2852,2852,4,0,5,2,0,0,0,0
1250019,3,2020,2020,2,5,6,49,27,91,47,0,1,7,-33.995132,150.875732,13,0,2,0,3,0,0,0,2,0,0,60,1,1282,1282,1,0,5,2,0,0,0,0
1250021,3,2020,2020,2,4,5,195,27,40,186,0,1,10,-33.944016,150.837372,41,0,2,0,3,0,0,0,2,2,9,70,2,14295,14295,3,34,5,3,0,0,0,0
1250023,3,2020,2020,2,6,8,2126,17,149,2149,0,1,10,-33.81567,150.969464,21,0,2,1,3,0,3,4,2,2,7,80,2,14295,14295,3,5,0,3,0,0,0,0
1250025,3,2020,2020,2,3,8,7,27,523,34609,0,1,10,-33.929409,150.9207,41,0,2,1,3,0,0,0,2,0,0,50,0,6545,6545,4,5,5,2,0,0,0,0
1250026,3,2020,2020,2,6,8,49,27,246,15,0,1,10,-33.896889,151.198422,69,0,2,1,3,0,0,0,2,2,7,50,1,1109,787,1,5,0,2,0,0,0,0
1250028,3,2020,2020,2,2,6,6,31,103,34609,0,1,10,-34.32029,148.29832,30,2,1,1,3,0,0,0,2,0,0,50,0,6545,6545,4,34,13,2,0,0,0,0
1250029,3,2020,2020,11,5,11,162,31,65,122,0,1,10,-34.485378,150.887635,80,0,2,1,3,0,0,0,0,2,7,60,2,14295,14295,3,30,5,2,0,0,0,0
1250031,3,2020,2020,9,4,6,162,31,83,13,0,1,7,-33.905234,151.118596,15,0,2,1,3,0,0,3,2,0,0,50,1,301,301,4,5,12,2,0,0,0,0
1250039,3,2020,2020,9,3,10,92,27,11,29,1,0,1,-33.889487,151.101261,9,0,2,1,2,0,0,0,0,0,7,50,1,9859,9859,1,5,5,3,0,0,0,0
1250056,3,2020,2020,2,0,4,162,18,387,34609,0,1,9,-33.93093,151.19988,4,0,2,1,1,0,0,0,2,0,7,50,0,14295,14295,3,33,0,2,0,0,0,0
1250065,3,2020,2020,2,3,3,104,27,246,140,0,1,10,-33.920825,151.191757,4,0,2,1,1,0,0,0,2,2,8,50,2,5929,5929,1,5,5,2,0,0,0,0
1250071,3,2020,2020,9,6,8,1104,11,130,770,0,1,3,-33.873773,151.194928,69,0,2,1,1,0,0,0,2,0,7,60,2,14295,14295,3,5,36,2,0,0,0,0
1250087,3,2020,2020,10,0,4,2261,17,140,2252,0,1,2,-33.90072,150.99834,15,0,2,1,3,0,0,0,2,0,7,70,2,14295,14295,3,5,5,2,0,0,0,0
1250121,3,2020,2020,2,5,6,3371,17,44,3342,0,1,2,-30.608077,152.981107,47,1,0,1,3,0,3,4,2,0,7,110,2,9859,9859,8,5,40,1,0,0,0,0
1250122,3,2020,2020,2,2,7,76,24,164,154,0,1,2,-33.724447,150.890162,7,0,2,1,0,0,0,0,2,0,7,70,1,9859,9859,8,5,40,1,0,0,0,0
1250149,3,2020,2020,9,0,11,4,31,94,34609,0,1,1,-33.781069,150.795984,55,0,2,1,2,0,0,0,0,0,7,50,0,9859,9859,1,5,5,2,0,0,0,0
1250158,3,2020,2020,9,5,8,35,27,42,212,0,1,7,-35.350295,149.241076,58,2,1,1,1,0,0,0,2,0,0,60,2,14295,14295,3,34,13,3,0,0,0,0
1250172,3,2020,2020,2,0,5,294,17,6,288,0,1,1,-34.699746,144.01325,51,1,0,1,3,0,0,0,2,0,7,110,2,475,475,5,9,40,1,0,0,0,0
1250174,3,2020,2020,2,0,6,230,27,197,284,0,1,9,-33.796522,151.137365,61,0,2,1,3,0,0,0,2,3,7,80,2,1391,1391,1,5,10,2,0,0,0,0
1250181,3,2020,2020,11,1,0,37,1,52,34609,0,1,1,-33.970847,150.914096,41,0,2,0,0,0,0,0,0,0,7,60,0,2585,4009,8,5,40,1,0,0,0,0
1250185,3,2020,2020,2,1,9,191,27,309,208,0,1,10,-33.812995,151.105006,61,0,2,1,3,0,0,3,3,2,7,60,2,1282,1282,1,0,0,3,0,0,0,0
1250186,3,2020,2020,2,0,10,81,31,133,80,0,1,7,-33.930771,151.011444,15,0,2,1,3,0,0,0,0,0,7,50,1,1089,1089,7,5,40,1,0,0,0,0