Crash ID,Degree of crash - detailed,Reporting year,Year of crash,Month of crash,Day of week of crash,Two-hour intervals,Street of crash,Street type,Town,Route no.,School zone location,School zone active,Type of location,Latitude,Longitude,LGA,Urbanisation,Conurbation 1,Alignment,Street lighting,Road surface,Surface condition,Weather,Natural lighting,Signals operation,Other traffic control,Speed limit,Road classification,RUM - code,DCA - code,First impact type,Key TU type,Other TU type,No. of traffic units involved,No. killed,No. seriously injured,No. moderately injured,No. minor-other injured
1250194,3,2020,2020,2,5,8,101,10,11,34609,0,1,1,-33.728906,150.79529,7,0,2,1,3,0,0,0,2,0,7,50,0,9859,9859,1,5,5,2,0,0,0,0
1250195,3,2020,2020,2,6,3,829,27,149,770,0,1,2,-33.859394,151.162818,32,0,2,1,3,0,0,0,1,0,7,60,2,1282,1282,1,5,5,3,0,0,0,0
1250196,3,2020,2020,2,6,6,31,22,226,34609,0,1,1,-33.770151,150.815237,7,0,2,1,3,0,3,4,2,0,7,50,0,9859,9859,1,5,5,3,0,0,0,0
1250197,3,2020,2020,2,1,6,916,17,77,917,0,1,9,-32.564417,151.176887,64,2,1,1,3,0,3,4,2,0,7,50,2,2852,2852,4,5,12,2,0,0,0,0
1250200,3,2020,2020,2,3,1,1052,14,77,928,0,1,3,-33.531558,151.200621,16,1,2,0,3,0,3,4,0,0,7,110,2,4552,5151,8,5,40,1,0,0,0,0
1250203,3,2020,2020,2,6,6,21,27,16,23,0,1,10,-33.742468,150.648909,55,0,2,1,3,0,0,0,2,2,7,50,1,9859,9859,8,8,40,1,0,0,0,0
1250205,3,2021,2020,2,0,7,2209,17,95,2205,0,1,2,-34.408693,150.891629,80,0,2,1,3,0,0,0,2,0,7,60,2,1391,1391,1,19,0,2,0,0,0,0
1250206,3,2020,2020,2,1,9,9,31,143,34609,0,1,1,-33.879259,151.107927,9,0,2,1,3,0,3,4,2,0,7,50,0,9859,9859,1,9,5,2,0,0,0,0
1250207,3,2020,2020,2,2,9,1,27,6,34609,0,1,1,-35.582733,149.168438,58,2,1,0,3,2,0,0,3,0,7,60,0,1850,1463,5,5,40,1,0,0,0,0
1250209,3,2020,2020,2,5,9,7,23,316,34609,0,1,9,-31.458125,152.874112,56,2,1,1,3,0,0,0,2,0,0,50,0,5929,5929,1,5,13,2,0,0,0,0
1250210,3,2020,2020,2,6,9,193,27,24,18,0,1,9,-33.958519,150.98793,15,0,2,1,3,0,0,0,4,0,0,60,1,2852,2852,4,5,5,2,0,0,0,0
1250213,3,2020,2020,2,4,9,2,27,18,34609,0,1,1,-28.400437,153.408731,72,1,0,1,3,0,0,0,3,0,7,100,0,14295,14295,3,5,0,2,0,0,0,0
1250215,3,2020,2020,2,4,7,3371,17,39,3342,0,1,2,-29.876126,153.058051,18,1,0,0,3,0,0,0,2,0,7,110,2,4552,5151,8,5,40,1,0,0,0,0
1250218,3,2020,2020,2,1,10,16,27,34,17,0,1,1,-34.997684,149.074038,82,1,0,0,3,0,3,4,0,0,7,100,1,4552,5151,8,5,40,1,0,0,0,0
1250220,3,2020,2020,2,1,2,1,36,11,118,0,1,1,-30.649381,150.680104,70,1,0,1,3,0,3,4,1,0,7,100,2,9859,9859,8,30,40,1,0,0,0,0
1250222,3,2020,2020,2,5,3,4,1,168,34609,0,1,10,-33.6992,150.815932,7,0,2,1,3,0,3,4,4,0,0,50,0,6545,6545,4,5,0,2,0,0,0,0
1250223,3,2020,2020,2,3,9,2261,17,24,2252,0,1,3,-34.413875,150.499069,78,1,0,0,3,0,3,4,2,0,7,110,2,1957,4009,8,34,40,1,0,0,0,0
1250226,3,2020,2020,2,2,4,16,31,8,34609,0,1,1,-32.881107,151.36866,17,2,1,1,3,2,0,0,2,0,7,50,0,175,188,8,21,40,1,0,0,0,0
1250227,3,2020,2020,2,1,5,118,27,646,118,1,0,9,-33.909668,151.035507,15,0,2,1,3,0,0,0,2,0,7,60,1,14295,14295,3,5,13,2,0,0,0,0
1250230,3,2020,2020,2,5,0,3371,17,19,3342,0,1,2,-31.880138,152.553491,43,1,0,0,3,0,3,4,0,0,7,100,2,2585,4009,8,3,40,1,0,0,0,0
1250231,3,2021,2020,2,1,6,2261,17,243,2252,0,1,10,-33.957347,150.882457,41,0,2,1,3,0,3,3,2,2,7,70,2,14295,14295,3,9,5,2,0,0,0,0
1250232,3,2020,2020,2,1,5,62,27,17,166,0,1,9,-33.231138,151.426637,16,2,2,0,3,0,3,4,2,0,7,60,2,1850,777,5,29,40,1,0,0,0,0
1250234,3,2020,2020,2,0,6,4,31,283,34609,0,1,10,-33.832615,151.005032,21,0,2,1,3,0,0,0,2,0,0,50,0,301,301,4,21,0,2,0,0,0,0
1250235,3,2020,2020,2,1,7,48,13,11,34609,0,1,7,-34.022515,151.108693,68,0,2,1,3,0,0,0,2,0,0,50,0,14295,14295,3,5,0,2,0,0,0,0
1250236,3,2020,2020,2,2,0,3371,17,65,3342,0,1,7,-33.384907,151.366226,16,2,2,0,3,0,3,4,0,0,7,60,2,14295,14295,3,5,0,2,0,0,0,0
1250238,3,2020,2020,2,5,8,41,10,117,34609,0,1,1,-28.183036,153.536224,72,2,1,0,3,0,0,0,2,0,7,50,0,941,941,1,5,5,2,0,0,0,0
1250239,3,2020,2020,2,2,7,7,27,2,34609,0,1,1,-32.51893,151.18576,64,2,1,1,3,0,3,1,2,0,7,70,0,4552,985,8,5,40,1,0,0,0,0
1250240,3,2020,2020,2,2,0,2261,17,112,2252,0,1,2,-36.064634,146.94151,0,1,0,1,3,0,0,0,0,0,7,110,2,9859,9859,1,10,12,2,0,0,0,0
1250242,3,2020,2020,2,6,1,168,17,19,212,0,1,1,-35.572465,150.032713,23,1,0,0,3,0,3,1,0,0,7,90,2,4552,5151,8,8,40,1,0,0,0,0
1250247,3,2020,2020,2,5,8,11,27,149,34609,0,1,1,-33.817472,150.963608,21,0,2,1,3,0,0,0,2,0,7,50,0,1981,1981,4,5,5,2,0,0,0,0
1250250,3,2020,2020,2,4,6,2126,17,38,2149,0,1,9,-33.774821,150.79405,55,0,2,1,3,0,0,0,2,2,7,60,2,301,301,4,5,5,2,0,0,0,0
1250252,3,2020,2020,2,4,5,17,31,18,58,0,1,9,-32.921941,151.760256,48,0,2,1,3,0,0,3,2,0,15,60,2,775,775,4,0,5,2,0,0,0,0
1250259,3,2020,2020,2,6,9,35,27,62,96,0,1,10,-33.895461,151.141695,32,0,2,1,3,0,0,0,3,0,15,50,2,1669,1669,3,0,5,2,0,0,0,0
1250261,3,2020,2020,2,6,11,7,27,11,34609,0,1,1,-31.473773,152.758935,56,2,1,1,3,0,0,0,0,0,7,80,0,4026,4026,8,5,40,1,0,0,0,0
1250263,3,2020,2020,9,2,7,158,27,68,207,0,1,2,-33.87672,151.245241,81,0,2,1,3,0,0,0,2,0,7,60,2,387,387,1,5,5,2,0,0,0,0
1250264,3,2020,2020,2,5,4,27,31,82,34609,0,1,7,-31.080503,150.923818,70,2,1,1,3,0,3,4,2,0,0,50,0,14295,14295,3,5,13,2,0,0,0,0
1250265,3,2020,2020,2,5,4,2209,17,55,2205,0,1,1,-35.722021,150.174811,23,2,1,1,3,0,0,0,2,0,7,70,2,1391,1391,1,0,2,2,0,0,0,0
1250267,3,2020,2020,2,6,4,4,31,179,34609,0,1,9,-31.907577,152.466503,43,2,1,1,3,0,0,0,2,0,7,50,0,4552,985,8,10,40,1,0,0,0,0
1250268,3,2020,2020,2,2,6,81,31,284,80,0,1,1,-33.907525,151.015423,15,0,2,1,3,0,0,0,2,0,7,60,1,1282,1282,1,5,0,2,0,0,0,0
1250272,3,2020,2020,2,1,8,71,17,9,71,0,1,1,-32.524451,144.025093,51,1,0,1,3,2,3,4,2,0,7,100,2,9859,9859,8,0,40,1,0,0,0,0
1250274,3,2020,2020,2,2,4,2126,17,19,2149,0,1,2,-33.43337,149.876255,3,1,0,1,0,0,0,0,2,0,7,100,2,4026,4026,8,5,40,1,0,0,0,0
1250277,3,2020,2020,2,0,7,13,27,68,34609,0,1,1,-33.62978,149.783409,51,2,1,0,3,0,3,3,2,0,7,80,0,4552,5151,8,5,40,1,0,0,0,0
1250286,3,2020,2020,2,3,0,7,27,10,34609,0,1,1,-31.088515,152.986718,34,2,1,0,0,0,3,4,0,0,7,80,0,4552,5151,8,0,40,1,0,0,0,0
1250290,3,2020,2020,2,2,5,38,27,34,45,0,1,1,-35.086928,150.642775,63,2,1,1,0,0,0,3,2,0,7,70,1,4026,4026,8,5,40,1,0,0,0,0
1250293,3,2020,2020,9,2,9,31,27,136,101,0,1,9,-32.918199,151.724409,48,0,2,1,1,0,0,0,2,2,7,60,2,2585,777,8,0,40,2,0,0,0,0
1250294,3,2020,2020,11,2,1,14,31,150,34609,0,1,1,-33.933872,151.233761,59,0,2,1,2,0,3,0,0,0,7,50,0,4026,4026,1,30,0,3,0,0,0,0
1250303,3,2020,2020,2,2,2,90,31,252,165,0,1,2,-33.888617,151.21744,69,0,2,1,2,0,3,4,1,2,9,60,2,9859,9859,8,5,40,1,0,0,0,0
1250314,3,2020,2020,2,0,8,13,27,9,34609,0,1,1,-31.004351,152.975161,34,2,1,0,0,0,0,3,2,0,7,80,0,4552,5151,8,9,40,1,0,0,0,0
1250322,3,2020,2020,2,2,0,3371,17,27,3342,0,1,2,-30.136969,153.194053,19,1,0,1,2,0,3,4,0,0,7,110,2,4026,4026,8,5,40,1,0,0,0,0
1250339,3,2020,2020,10,1,9,3,27,106,34609,0,1,9,-33.914772,151.080598,15,0,2,1,3,0,0,0,0,0,7,40,0,1669,1669,3,5,5,2,0,0,0,0
1250348,3,2020,2020,2,0,11,3,31,161,34609,0,1,0,-33.888573,151.152802,32,0,2,1,0,0,3,0,0,0,7,50,0,4026,4026,8,5,40,1,0,0,0,0
1250355,3,2020,2020,2,0,0,3,1,112,34609,0,1,1,-33.913905,150.924615,41,0,2,1,1,0,0,6,0,0,7,50,0,9859,9859,8,10,40,1,0,0,0,0
1250369,3,2020,2020,2,1,11,55,31,38,34609,0,1,9,-33.768452,150.793678,55,0,2,1,2,0,3,4,0,0,7,50,0,9859,9859,1,0,5,2,0,0,0,0
1250372,3,2020,2020,9,4,7,16,27,182,34609,0,1,9,-32.822775,151.366901,17,2,1,1,3,0,2,6,2,0,7,50,0,2585,777,8,5,40,1,0,0,0,0
1250391,3,2020,2020,2,6,11,3,1,79,34609,0,1,1,-33.820487,151.217634,49,0,2,1,2,0,0,0,0,0,7,50,0,9859,9859,1,33,0,2,0,0,0,0
1250408,3,2020,2020,9,6,9,108,27,438,34609,0,1,1,-33.845293,151.038265,21,0,2,1,2,0,0,0,0,0,7,50,0,1282,1282,1,33,5,2,0,0,0,0
1250445,3,2020,2020,9,6,4,515,14,294,518,0,1,3,-33.941024,150.93538,41,0,2,1,0,0,0,0,2,0,7,100,2,1282,1282,1,29,5,2,0,0,0,0
1250462,3,2020,2020,2,2,2,512,17,562,441,0,1,7,-32.257023,148.629098,22,2,1,1,2,0,0,3,0,0,0,60,2,1850,985,5,29,40,1,0,0,0,0
1250469,3,2020,2020,9,2,2,2209,17,166,2205,0,1,9,-33.897228,151.179141,32,0,2,1,2,0,0,0,1,2,7,50,2,1669,1669,3,5,12,2,0,0,0,0
1250473,3,2020,2020,2,5,11,6,10,29,34609,0,1,1,-33.467942,151.425446,16,2,2,0,3,0,3,4,0,0,7,50,0,1957,4009,1,5,13,2,0,0,0,0
1250474,3,2020,2020,2,0,7,95,31,370,15,0,1,1,-34.063005,150.817598,13,0,2,1,3,0,0,0,2,0,7,60,1,1981,1981,4,5,5,2,0,0,0,0
1250475,3,2020,2020,2,6,5,178,27,189,101,0,1,9,-33.940737,151.05437,15,0,2,1,3,0,0,0,2,0,7,50,1,3775,3775,0,0,5,2,0,0,0,0
1250476,3,2020,2020,2,4,5,169,31,42,34609,0,1,9,-35.998704,146.391219,51,2,1,1,3,0,0,0,2,0,7,50,0,14295,14295,3,5,0,2,0,0,0,0
1250479,3,2020,2020,2,3,6,50,31,44,34609,0,1,9,-33.75198,150.736877,55,0,2,0,3,0,3,0,2,0,7,50,0,5929,5929,1,5,5,2,0,0,0,0
1250481,3,2020,2020,2,4,10,95,31,204,34609,0,1,10,-33.891803,151.125389,32,0,2,1,3,0,3,4,0,2,7,50,0,6545,6545,4,0,5,2,0,0,0,0
1250482,3,2020,2020,2,2,5,2126,17,363,2149,0,1,1,-33.755039,150.708152,55,0,2,0,3,0,0,3,2,0,7,60,2,1391,1391,1,5,5,2,0,0,0,0
1250484,3,2020,2020,9,2,6,78,17,34,58,0,1,1,-35.008352,149.021192,82,1,0,1,3,0,0,0,2,0,7,100,2,4026,4026,8,33,40,1,0,0,0,0
1250486,3,2020,2020,2,0,7,232,36,92,331,0,1,10,-33.969097,150.814549,13,0,2,1,3,0,0,3,2,2,7,60,2,1391,1391,1,5,5,3,0,0,0,0
1250487,3,2020,2020,2,1,5,2261,17,243,2252,0,1,10,-33.950418,150.904572,41,0,2,1,3,0,0,0,2,2,7,70,2,1391,1391,1,5,5,2,0,0,0,0
1250499,3,2020,2020,2,5,8,2261,17,47,2252,0,1,2,-35.75717,147.291929,27,1,0,1,3,0,3,3,2,0,7,110,2,945,945,5,10,40,1,0,0,0,0
1250502,3,2020,2020,2,0,9,515,14,188,518,0,1,3,-33.936877,151.105184,15,0,2,1,1,0,0,0,3,0,7,80,2,404,404,8,5,40,1,0,0,0,0
1250503,3,2020,2020,2,2,9,125,27,17,123,0,1,7,-33.351284,151.433093,16,2,2,1,1,0,3,0,2,0,0,60,2,1192,1192,1,0,0,2,0,0,0,0
1250510,3,2020,2020,2,0,11,10,31,102,34609,0,1,1,-31.110459,150.905068,70,2,1,1,0,0,3,2,0,0,7,50,0,4026,4026,1,0,13,2,0,0,0,0
1250529,3,2020,2020,2,0,0,1,31,225,34609,0,1,1,-33.788111,151.192216,77,0,2,1,2,0,0,3,0,0,7,40,0,9859,9859,1,5,0,2,0,0,0,0
1250533,3,2020,2020,10,5,0,53,1,123,34609,0,1,9,-33.920885,151.220786,59,0,2,0,2,0,0,0,0,0,7,50,0,4552,5151,1,34,5,2,0,0,0,0
1250535,3,2020,2020,9,2,11,78,31,228,39,0,1,2,-34.757752,149.71576,26,2,1,1,2,0,0,0,0,0,7,50,2,4026,4026,8,5,40,1,0,0,0,0
1250536,3,2020,2020,2,4,10,41,27,8,69,0,1,1,-34.588775,149.812135,74,1,0,0,0,0,0,3,3,0,7,100,2,2585,4009,8,5,40,1,0,0,0,0
1250540,3,2020,2020,11,2,11,171,1,63,104,0,1,2,-33.938,151.211868,4,0,2,1,2,0,0,0,0,0,7,70,2,14295,14295,3,5,5,2,0,0,0,0
1250542,3,2020,2020,10,2,4,225,17,50,180,0,1,1,-34.561045,150.640825,62,0,2,0,3,0,3,3,2,0,7,60,2,4552,5151,8,5,40,1,0,0,0,0
1250545,3,2020,2020,2,1,7,109,27,20,62,0,1,9,-32.754723,151.535708,42,1,0,1,3,0,0,0,2,0,0,100,2,1109,787,1,5,0,2,0,0,0,0
1250546,3,2020,2020,2,3,3,1,27,316,34609,0,1,0,-31.443376,152.926534,56,2,1,0,3,0,0,0,1,0,7,50,0,1282,1282,1,5,40,1,0,0,0,0
1250549,3,2020,2020,10,4,5,119,31,73,207,0,1,10,-33.874402,151.217265,69,0,2,1,1,0,0,0,2,2,7,50,2,623,623,3,0,0,3,0,0,0,0
1250550,3,2020,2020,9,3,4,33,27,128,34609,0,1,1,-33.628602,150.804173,29,2,2,1,3,0,0,0,2,0,7,50,0,4026,4026,1,5,5,2,0,0,0,0
1250551,3,2020,2020,2,1,11,70,27,78,100,1,0,9,-33.68426,150.588254,8,2,2,0,3,0,3,4,0,0,7,60,2,3775,3775,0,5,5,2,0,0,0,0
1250552,3,2020,2020,2,1,1,38,27,80,34609,0,1,1,-33.980524,150.895904,13,0,2,1,3,0,0,0,0,0,7,50,0,9859,9859,1,5,13,2,0,0,0,0
1250553,3,2020,2020,2,4,8,64,27,278,284,0,1,9,-33.777384,151.05347,54,0,2,1,3,0,0,0,2,2,7,60,2,14295,14295,3,5,13,3,0,0,0,0
1250567,3,2020,2020,2,2,5,5,1,48,34609,0,1,9,-32.715918,152.160099,57,2,1,1,0,0,3,3,2,0,0,50,0,9859,9859,1,10,5,2,0,0,0,0
1250568,3,2020,2020,2,3,5,2261,17,11,2252,0,1,2,-35.897661,147.166484,27,1,0,1,0,0,0,0,2,0,7,110,2,4026,4026,8,5,40,1,0,0,0,0
1250570,3,2020,2020,2,5,5,24,31,70,24,0,1,7,-33.431302,151.358467,16,2,2,0,1,0,3,4,2,0,0,60,1,1259,5151,8,5,40,1,0,0,0,0
1250572,3,2020,2020,2,4,3,70,27,26,100,0,1,1,-33.682055,150.599292,8,2,2,0,3,0,3,3,2,0,7,60,2,1981,1981,4,5,13,2,0,0,0,0
1250576,3,2020,2020,2,4,1,2261,17,70,2252,0,1,2,-34.522408,150.294236,78,1,0,1,3,0,0,0,0,0,7,110,2,9859,9859,8,29,40,1,0,0,0,0
1250581,3,2020,2020,2,6,10,2,31,83,34609,1,0,9,-34.454331,150.4302,78,2,1,1,2,0,3,4,0,0,0,50,0,2585,777,8,5,40,1,0,0,0,0
1250586,3,2020,2020,2,6,6,10,10,49,34609,0,1,1,-33.916316,150.853852,41,0,2,0,3,0,0,0,2,0,7,50,0,1192,1192,1,5,5,2,0,0,0,0
1250590,3,2020,2020,2,6,8,15,27,609,34609,1,0,2,-33.773108,150.908072,7,0,2,1,3,0,0,0,2,0,7,50,0,1981,1981,4,5,5,2,0,0,0,0
1250591,3,2020,2020,2,4,7,59,27,12,69,0,1,1,-33.823991,149.76732,51,1,0,1,3,0,3,4,2,0,7,100,1,9859,9859,8,5,40,1,0,0,0,0
1250594,3,2020,2020,2,3,7,29,27,31,34609,1,0,9,-33.892339,151.026593,15,0,2,1,3,0,0,0,2,0,7,50,0,387,387,1,5,5,2,0,0,0,0
1250601,3,2020,2020,2,2,2,81,31,133,80,0,1,7,-33.928776,151.011887,15,0,2,1,1,0,0,0,1,0,7,60,1,9859,9859,8,5,40,1,0,0,0,0
1250602,3,2020,2020,9,2,9,5,27,53,34609,0,1,9,-33.801063,151.038313,54,0,2,1,2,0,3,4,3,0,7,50,0,4552,985,8,5,40,1,0,0,0,0
1250610,3,2020,2020,2,2,4,56,27,80,80,0,1,10,-33.885417,151.176163,32,0,2,1,1,0,0,0,2,2,7,40,2,6545,6545,4,0,5,2,0,0,0,0
1250615,3,2020,2020,2,2,0,3371,17,10,3342,0,1,2,-28.431872,153.516057,72,1,0,1,2,0,0,0,0,0,7,110,2,14295,14295,3,5,0,2,0,0,0,0
1250620,3,2020,2020,5,0,11,14,31,131,34609,1,0,1,-36.083211,146.915179,0,2,1,1,2,0,0,0,0,0,7,50,0,9859,9859,8,30,40,1,0,0,0,0
1250629,3,2020,2020,9,0,2,294,17,11,288,0,1,1,-35.171974,147.645919,75,1,0,1,0,0,0,0,1,0,7,100,2,9859,9859,8,3,40,1,0,0,0,0
1250637,3,2020,2020,2,2,9,2,27,28,34609,0,1,1,-34.093501,150.793894,13,0,2,0,1,0,0,0,3,0,7,50,0,2585,4009,1,5,0,3,0,0,0,0
1250646,3,2020,2020,9,2,1,39,31,131,34609,0,1,10,-36.07719,146.921498,0,2,1,1,2,0,0,0,0,2,7,50,0,4552,985,8,30,40,1,0,0,0,0
1250647,3,2020,2020,10,4,10,48,27,21,62,0,1,1,-35.441952,148.133388,66,1,0,0,0,0,0,0,0,0,7,100,2,4552,5151,8,10,40,1,0,0,0,0
1250651,3,2020,2020,2,6,6,1052,14,83,928,0,1,3,-33.478889,151.184938,16,1,2,0,3,0,0,3,2,0,7,100,2,1192,1192,1,10,2,3,0,0,0,0
1250654,3,2020,2020,2,5,4,47,27,293,69,0,1,10,-33.942314,151.244349,59,0,2,1,3,0,0,0,2,0,7,60,1,5929,5929,1,5,36,2,0,0,0,0
1250656,3,2020,2020,9,4,7,32,31,252,34609,0,1,10,-33.888398,151.212553,69,0,2,1,1,0,0,0,2,2,7,40,0,395,395,1,5,39,2,0,0,0,0
1250659,3,2020,2020,10,1,10,106,27,252,106,0,1,9,-33.927814,150.882584,41,0,2,1,2,0,3,4,0,2,7,70,2,395,395,1,5,0,2,0,0,0,0
1250662,3,2020,2020,2,0,11,4,10,463,34609,0,1,1,-30.302465,153.140256,19,2,1,1,3,0,3,4,0,0,7,50,0,1282,1282,1,10,13,3,0,0,0,0
1250663,3,2020,2020,2,5,6,67,27,210,55,0,1,9,-34.027822,151.106158,68,0,2,1,3,0,0,0,2,0,15,60,2,5929,5929,1,0,5,2,0,0,0,0
1250671,3,2020,2020,2,4,11,361,23,44,165,0,1,10,-33.970114,151.115741,25,0,2,1,3,0,0,0,0,2,7,50,1,5929,5929,1,5,5,2,0,0,0,0
1250673,3,2020,2020,2,6,3,3371,17,30,3342,0,1,2,-28.32606,153.518503,72,1,0,1,3,0,0,0,1,0,7,110,2,945,945,5,5,40,1,0,0,0,0
1250675,3,2020,2020,2,5,3,348,17,25,232,0,1,1,-32.957776,149.858242,44,2,1,1,3,0,3,4,2,0,7,80,2,3775,3775,0,8,5,2,0,0,0,0
1250676,3,2020,2020,10,3,11,63,27,224,605,0,1,9,-33.823321,151.242782,45,0,2,1,2,0,0,6,0,2,7,60,2,14295,14295,3,5,5,2,0,0,0,0
1250681,3,2020,2020,9,2,9,32,27,56,62,0,1,9,-33.80721,151.199341,77,0,2,1,1,0,0,0,3,3,7,60,2,248,248,1,0,5,4,0,0,0,0
1250682,3,2020,2020,2,2,11,7,27,133,34609,0,1,1,-34.485098,150.804551,80,0,2,1,2,0,0,0,0,0,7,50,0,9859,9859,8,5,40,1,0,0,0,0
1250687,3,2020,2020,9,0,2,90,31,169,165,0,1,2,-33.90376,151.214364,69,0,2,1,2,0,3,4,0,0,7,60,2,14295,14295,3,0,13,2,0,0,0,0
1250689,3,2020,2020,9,4,3,334,17,84,308,0,1,2,-31.100022,150.904768,70,2,1,1,3,0,0,0,2,0,7,60,2,4026,4026,8,0,40,1,0,0,0,0
1250713,3,2020,2020,9,0,0,916,17,37,917,0,1,7,-32.667668,151.362077,17,2,1,1,2,0,0,0,0,0,0,80,2,4026,4026,8,0,40,1,0,0,0,0
1250716,3,2020,2020,9,4,7,3,27,4,34609,0,1,1,-29.656662,152.050199,51,1,0,0,0,0,0,0,2,0,7,100,0,1850,1463,5,10,40,1,0,0,0,0
1250734,3,2020,2020,2,0,11,5,1,25,34609,0,1,1,-32.940439,151.767433,48,0,2,1,2,0,0,0,0,0,7,50,0,9859,9859,1,5,5,2,0,0,0,0
1250739,3,2020,2020,2,1,11,512,27,246,15,0,1,1,-33.898356,151.19519,69,0,2,1,3,0,3,4,0,0,7,50,1,9859,9859,1,5,0,4,0,0,0,0
1250750,3,2020,2020,2,5,2,2126,17,44,2149,0,1,2,-33.768114,150.637968,8,2,2,0,3,0,0,3,1,0,7,70,2,1957,4009,8,5,40,1,0,0,0,0
1250751,3,2020,2020,2,4,0,9,31,445,34609,0,1,1,-33.86528,151.045414,21,0,2,1,3,0,0,0,0,0,7,50,0,4026,4026,1,5,0,4,0,0,0,0
1250752,3,2021,2020,2,1,9,1,31,70,34609,0,1,10,-34.849622,150.605011,63,2,1,1,3,0,3,4,3,0,15,50,0,6545,6545,4,9,0,2,0,0,0,0
1250761,3,2020,2020,2,4,7,3371,17,8,3342,0,1,2,-28.709862,153.534298,2,1,0,1,0,0,0,0,2,0,7,110,2,9859,9859,1,33,0,2,0,0,0,0
1250773,3,2020,2020,2,5,0,37,27,62,34609,0,1,2,-34.086771,150.821628,13,0,2,0,2,0,3,4,0,0,7,60,0,4552,5151,1,5,5,3,0,0,0,0
1250774,3,2020,2020,2,4,9,308,14,127,311,0,1,3,-33.855714,150.850198,24,0,2,1,0,0,3,2,3,0,7,100,2,404,404,8,0,40,1,0,0,0,0
1250782,3,2020,2020,2,1,9,2126,17,171,2149,0,1,10,-33.815458,150.969424,21,0,2,1,3,0,3,4,3,2,7,80,2,14295,14295,3,5,5,2,0,0,0,0
1250783,3,2020,2020,2,1,6,11,27,87,34609,0,1,9,-33.693637,150.956209,71,0,2,1,3,0,0,0,2,0,7,60,0,941,941,1,10,5,2,0,0,0,0
1250784,3,2020,2020,2,6,6,22,31,65,34609,0,1,9,-33.801791,150.956253,21,0,2,1,3,0,0,0,2,0,7,50,0,1391,1391,1,5,12,2,0,0,0,0
1250785,3,2020,2020,2,6,3,125,27,155,34609,1,0,1,-33.49416,151.324523,16,2,2,0,3,0,3,3,2,0,7,60,0,1957,4009,8,5,40,1,0,0,0,0
1250786,3,2020,2020,2,1,6,32,27,148,34609,0,1,7,-36.03849,146.935466,0,2,1,1,3,0,0,0,2,0,0,50,0,6545,6545,4,5,41,2,0,0,0,0
1250787,3,2020,2020,9,2,6,1104,14,323,962,0,1,3,-33.800173,150.864873,7,0,2,1,3,0,0,0,2,0,7,100,2,1192,1192,1,8,0,2,0,0,0,0
1250790,3,2020,2020,2,1,1,115,27,113,173,0,1,1,-34.364782,150.856487,80,0,2,0,3,0,0,0,0,0,7,80,2,1957,4009,8,30,40,1,0,0,0,0
1250795,3,2020,2020,2,6,8,7,27,9,34609,0,1,1,-35.019428,150.659864,63,2,1,1,3,0,3,0,2,0,7,50,0,4026,4026,8,5,40,1,0,0,0,0
1250797,3,2020,2020,2,1,3,3,31,304,34609,0,1,1,-33.903998,151.152019,32,0,2,1,3,0,0,0,2,0,7,50,0,9859,9859,8,9,40,1,0,0,0,0
1250798,3,2021,2020,2,1,7,11,1,64,34609,0,1,9,-33.954613,151.010696,15,0,2,1,3,0,0,0,2,0,7,50,0,945,945,5,5,40,1,0,0,0,0
1250800,3,2021,2020,2,2,8,2209,17,201,2205,0,1,10,-34.866802,150.602038,63,2,1,0,3,0,0,3,2,2,7,70,2,14295,14295,3,5,5,2,0,0,0,0
1250802,3,2020,2020,2,4,8,500,27,129,799,0,1,9,-33.930758,151.066136,15,0,2,1,3,0,0,0,2,2,7,60,2,4552,985,8,5,40,1,0,0,0,0
1250804,3,2020,2020,2,5,5,9,31,166,34609,0,1,7,-33.425003,149.582396,3,2,1,1,3,0,3,4,2,0,0,60,0,9859,9859,8,0,40,1,0,0,0,0
1250805,3,2020,2020,2,5,4,10,31,304,34609,0,1,1,-33.90494,151.160688,32,0,2,1,3,0,3,4,2,0,7,50,0,4026,4026,1,5,0,4,0,0,0,0
1250807,3,2020,2020,2,4,9,2,10,44,34609,0,1,9,-33.206274,151.505133,16,2,2,1,3,0,3,3,3,0,7,50,0,5929,5929,1,5,5,2,0,0,0,0
1250809,3,2020,2020,2,5,0,14,31,290,34609,0,1,1,-33.958637,151.12877,4,0,2,0,3,0,3,4,0,0,7,50,0,1259,5151,8,5,40,1,0,0,0,0
1250811,3,2020,2020,2,4,3,5,27,4,10,0,1,1,-36.940272,149.810619,5,2,1,1,3,0,3,4,1,0,7,80,1,9859,9859,8,34,40,1,0,0,0,0
1250812,3,2020,2020,2,6,6,8,27,202,18,0,1,7,-33.958103,151.027847,15,0,2,1,3,0,3,0,2,0,7,60,1,489,489,8,5,40,1,0,0,0,0
1250813,3,2020,2020,2,2,3,2,31,126,34609,0,1,9,-33.945435,150.799606,41,0,2,1,3,0,3,4,2,0,0,50,0,489,489,8,5,40,2,0,0,0,0
1250814,3,2020,2020,2,1,9,22,31,237,45,0,1,2,-33.874545,150.960371,24,0,2,1,3,0,3,4,3,0,7,60,1,9859,9859,8,9,40,1,0,0,0,0
1250815,3,2020,2020,2,3,11,22,27,26,34609,0,1,1,-34.862073,150.60082,63,2,1,1,3,0,0,0,0,0,7,70,0,4026,4026,8,0,40,1,0,0,0,0
1250817,3,2020,2020,2,6,6,220,14,78,220,0,1,3,-34.4803,150.824409,80,0,2,1,3,0,0,0,2,0,7,100,2,14295,14295,3,5,5,2,0,0,0,0