Crash ID,Degree of crash - detailed,Reporting year,Year of crash,Month of crash,Day of week of crash,Two-hour intervals,Street of crash,Street type,Town,Route no.,School zone location,School zone active,Type of location,Latitude,Longitude,LGA,Urbanisation,Conurbation 1,Alignment,Street lighting,Road surface,Surface condition,Weather,Natural lighting,Signals operation,Other traffic control,Speed limit,Road classification,RUM - code,DCA - code,First impact type,Key TU type,Other TU type,No. of traffic units involved,No. killed,No. seriously injured,No. moderately injured,No. minor-other injured
1250818,3,2020,2020,2,2,2,387,27,290,331,0,1,9,-33.944674,151.128669,4,0,2,1,3,0,0,0,1,0,0,60,2,1391,1391,1,5,35,2,0,0,0,0
1250821,3,2020,2020,2,5,6,80,31,77,42,0,1,9,-32.949358,151.755764,48,0,2,1,3,0,3,4,2,0,7,50,1,5929,5929,1,5,5,2,0,0,0,0
1250822,3,2020,2020,2,1,5,24,31,314,34609,0,1,1,-33.856823,150.93549,24,0,2,1,3,0,0,0,2,0,7,50,0,1391,1391,1,9,5,2,0,0,0,0
1250825,3,2020,2020,2,3,7,4,27,69,34609,0,1,2,-33.772487,150.967729,54,0,2,1,3,0,0,0,2,0,7,50,0,1981,1981,4,10,5,2,0,0,0,0
1250826,3,2020,2020,2,6,9,40,10,56,174,0,1,9,-32.72559,151.32594,17,1,0,1,3,0,3,4,3,0,7,90,2,14295,14295,3,10,13,2,0,0,0,0
1250828,3,2020,2020,2,5,10,5,27,6,34609,0,1,1,-32.718417,151.626295,42,2,1,0,3,0,0,0,0,0,7,80,0,4552,5151,8,10,40,1,0,0,0,0
1250831,3,2020,2020,2,3,6,110,27,113,48,0,1,2,-34.311219,150.896933,80,0,2,0,3,0,0,0,2,0,7,80,2,2585,4009,8,21,40,1,0,0,0,0
1250832,3,2020,2020,2,0,11,27,27,119,96,1,0,10,-33.871533,151.159671,32,0,2,1,3,0,0,0,0,2,9,50,2,2585,777,8,5,40,2,0,0,0,0
1250834,3,2020,2020,2,4,4,1,36,562,34609,0,1,1,-32.233672,148.645762,22,2,1,1,3,0,0,0,2,0,7,50,0,14295,14295,3,5,5,2,0,0,0,0
1250836,3,2020,2020,2,3,8,2,27,10,34609,0,1,1,-36.342961,148.48904,65,2,1,1,3,0,0,0,2,0,7,80,0,3775,3775,0,0,5,2,0,0,0,0
1250837,3,2020,2020,9,4,2,1,18,7,34609,0,1,1,-30.366151,149.048664,51,1,0,0,3,2,0,0,0,0,7,100,0,4552,5151,8,10,40,1,0,0,0,0
1250839,3,2020,2020,2,3,6,485,27,66,769,0,1,9,-33.704301,150.930286,7,0,2,1,3,0,0,0,2,2,7,80,2,14295,14295,3,0,5,2,0,0,0,0
1250841,3,2020,2020,2,1,6,2261,17,32,2252,0,1,3,-34.262521,150.651101,79,1,2,1,3,0,0,0,2,0,7,110,2,1945,1945,5,0,40,1,0,0,0,0
1250843,3,2020,2020,2,6,8,3371,17,43,3342,0,1,2,-30.445035,153.008887,6,1,0,1,3,0,0,0,2,0,7,110,2,9859,9859,8,5,40,1,0,0,0,0
1250848,3,2020,2020,2,2,9,3371,17,463,3342,0,1,10,-30.296227,153.11403,19,2,1,1,3,0,0,0,2,2,7,60,2,6545,6545,4,10,36,3,0,0,0,0
1250850,3,2020,2020,2,2,3,3,10,9,34609,0,1,1,-35.320387,150.4689,63,2,1,0,3,0,0,3,2,0,7,50,0,1957,4009,1,0,5,2,0,0,0,0
1250855,3,2020,2020,2,5,0,126,1,32,17,0,1,2,-33.749001,150.820031,7,0,2,1,2,0,0,3,0,0,7,60,1,9859,9859,1,5,0,2,0,0,0,0
1250857,3,2020,2020,9,2,10,6,18,102,34609,0,1,1,-31.110476,150.922288,70,2,1,1,2,0,0,0,0,0,7,50,0,4026,4026,8,34,40,1,0,0,0,0
1250858,3,2020,2020,2,1,3,293,31,128,369,0,1,10,-33.617487,150.809277,29,2,2,1,1,0,3,4,2,2,7,60,2,5929,5929,1,10,5,2,0,0,0,0
1250861,3,2020,2020,2,1,5,56,27,251,11,0,1,9,-33.766215,150.946587,7,0,2,1,1,0,0,0,2,0,0,60,2,2852,2852,4,5,5,2,0,0,0,0
1250866,3,2020,2020,2,3,8,1,7,80,34609,0,1,1,-33.971874,150.908137,13,0,2,1,0,0,0,0,2,0,7,50,0,4026,4026,8,5,40,1,0,0,0,0
1250876,3,2020,2020,2,1,10,109,27,95,382,0,1,9,-33.735339,150.845618,7,0,2,1,2,0,0,0,0,2,7,60,2,14295,14295,3,10,36,2,0,0,0,0
1250886,3,2020,2020,11,1,3,515,14,294,518,0,1,3,-33.943444,150.947403,41,0,2,1,1,0,0,0,1,0,7,100,2,14295,14295,3,5,5,3,0,0,0,0
1250890,3,2020,2020,10,4,11,5,23,21,34609,0,1,9,-34.540982,150.866895,62,0,2,0,2,0,0,0,0,0,7,50,0,782,985,5,30,40,1,0,0,0,0
1250907,3,2020,2020,2,6,8,1,27,25,34609,0,1,1,-33.879059,151.278528,76,0,2,0,1,0,0,0,2,0,7,50,0,1957,4009,1,8,5,2,0,0,0,0
1250911,3,2020,2020,9,6,4,2209,17,176,2205,0,1,10,-33.95292,151.137508,4,0,2,1,1,0,0,0,2,2,7,60,2,1383,1383,1,33,0,2,0,0,0,0
1250914,3,2020,2020,9,3,0,41,27,293,91,0,1,1,-33.952703,151.245276,59,0,2,1,2,0,0,0,0,0,7,50,1,9859,9859,1,5,0,5,0,0,0,0
1250918,3,2020,2020,9,2,5,36,27,43,38,0,1,1,-33.770156,151.258964,50,0,2,0,1,0,0,0,2,0,7,60,1,3775,3775,0,5,5,2,0,0,0,0
1250927,3,2020,2020,2,3,0,4,27,11,34609,0,1,9,-34.356794,150.909071,80,0,2,1,2,0,3,0,0,0,0,50,0,489,489,8,5,40,1,0,0,0,0
1250945,3,2020,2020,2,5,9,2261,17,204,2252,0,1,10,-33.894449,150.95767,24,0,2,1,1,0,0,0,2,2,7,70,2,515,515,1,10,5,2,0,0,0,0
1250946,3,2020,2020,10,3,11,1,1,106,34609,0,1,1,-33.92439,151.094914,15,0,2,1,2,0,3,4,0,0,7,50,0,9859,9859,1,0,13,6,0,0,0,0
1250956,3,2020,2020,2,2,10,1,23,197,34609,0,1,10,-33.796402,151.12601,61,0,2,1,2,0,0,0,0,0,15,50,0,6545,6545,4,5,0,2,0,0,0,0
1250960,3,2020,2020,2,3,0,1,10,40,34609,0,1,9,-33.945372,150.846736,41,0,2,1,2,0,3,4,0,0,7,50,0,4552,985,8,5,40,1,0,0,0,0
1250978,3,2020,2020,2,2,0,23,31,100,34609,0,1,9,-33.96133,151.153666,4,0,2,1,2,0,3,0,0,0,7,50,0,3775,3775,0,5,5,3,0,0,0,0
1250997,3,2020,2020,9,5,3,9,31,166,34609,0,1,9,-33.903106,151.180306,69,0,2,1,0,0,0,0,0,0,0,50,0,1282,1282,1,33,5,2,0,0,0,0
1251001,3,2020,2020,2,4,1,89,36,13,81,0,1,1,-34.191054,148.693458,30,1,0,1,3,0,0,0,0,0,7,100,2,1089,1089,7,5,40,1,0,0,0,0
1251003,3,2020,2020,9,1,8,10,31,12,34609,1,0,1,-33.903649,151.123307,15,0,2,1,0,0,0,0,2,0,7,50,0,9859,9859,8,34,40,2,0,0,0,0
1251007,3,2021,2020,2,5,10,2,27,5,34609,0,1,1,-34.669926,146.347648,51,1,0,1,3,0,0,0,0,0,7,100,0,1089,1089,7,10,40,1,0,0,0,0
1251017,3,2020,2020,2,6,7,44,1,126,34609,0,1,10,-33.938835,150.810898,41,0,2,1,3,0,0,3,2,0,0,60,0,6545,6545,4,0,0,2,0,0,0,0
1251020,3,2020,2020,2,5,9,3371,17,32,3342,0,1,2,-32.951186,151.717285,48,0,2,0,3,0,3,4,3,0,7,60,2,14295,14295,3,0,0,2,0,0,0,0
1251027,3,2020,2020,2,5,8,47,31,82,34609,0,1,1,-34.370196,150.897981,80,0,2,1,3,0,0,3,2,0,7,50,0,9859,9859,1,5,5,2,0,0,0,0
1251029,3,2020,2020,2,4,4,123,27,337,11,0,1,1,-33.727012,150.989716,71,0,2,1,3,0,0,0,2,0,7,50,1,1282,1282,1,5,40,1,0,0,0,0
1251030,3,2020,2020,2,6,8,916,17,15,917,0,1,1,-31.781799,150.894726,73,2,1,1,3,0,0,0,2,0,7,70,2,9859,9859,8,8,40,1,0,0,0,0
1251038,3,2020,2020,2,3,11,43,27,17,46,0,1,10,-28.265676,153.561689,72,2,1,1,2,0,0,0,0,2,7,60,1,1282,1282,1,5,5,3,0,0,0,0
1251043,3,2020,2020,2,1,7,22,27,16,34609,0,1,1,-33.875398,151.22486,69,0,2,1,0,0,0,0,2,0,7,40,0,1282,1282,1,5,40,1,0,0,0,0
1251060,3,2020,2020,1,3,3,916,17,9,917,0,1,1,-30.401015,151.696208,1,1,0,0,0,0,0,0,2,0,7,100,2,782,957,5,21,40,1,0,0,0,0
1251063,3,2020,2020,10,2,9,46,31,293,34609,1,0,7,-33.929451,151.056381,15,0,2,1,3,0,0,0,0,0,0,50,0,14295,14295,3,0,5,2,0,0,0,0
1251065,3,2020,2020,2,4,8,283,27,197,702,0,1,9,-33.943198,151.077147,15,0,2,1,3,0,0,0,2,2,7,60,2,14295,14295,3,5,13,2,0,0,0,0
1251069,3,2020,2020,10,0,7,485,27,50,769,0,1,9,-33.622876,150.837296,29,2,2,1,1,0,0,0,2,0,15,80,2,1282,1282,1,29,0,2,0,0,0,0
1251074,3,2020,2020,10,4,8,15,27,247,38,0,1,1,-33.821367,150.933095,21,0,2,1,1,0,0,0,2,0,7,60,2,1383,1383,1,5,40,2,0,0,0,0
1251089,3,2020,2020,2,6,5,1,25,5,34609,0,1,9,-30.315792,153.089411,19,2,1,1,3,0,0,3,2,0,7,50,0,1391,1391,1,5,13,2,0,0,0,0
1251090,3,2020,2020,2,4,0,93,1,104,220,0,1,10,-33.720466,150.937752,7,0,2,1,3,0,0,3,0,2,7,70,2,1192,1192,1,5,0,2,0,0,0,0
1251091,3,2020,2020,9,5,9,112,17,207,112,0,1,10,-31.953121,141.474048,51,2,1,1,3,0,0,0,4,0,0,50,2,6545,6545,4,5,13,3,0,0,0,0
1251092,3,2020,2020,2,5,6,109,27,460,106,0,1,9,-33.835634,150.985465,21,0,2,1,3,0,0,3,2,0,0,60,1,2852,2852,4,5,5,2,0,0,0,0
1251093,3,2020,2020,2,2,10,31,31,73,19,0,1,10,-33.87256,151.217838,69,0,2,1,3,0,3,4,0,2,7,60,2,6545,6545,4,5,36,2,0,0,0,0
1251094,3,2020,2020,2,3,5,65,10,132,148,0,1,1,-34.110246,151.059742,68,0,2,1,3,0,0,0,2,0,7,80,2,14295,14295,3,0,0,2,0,0,0,0
1251095,3,2021,2021,4,0,8,2,10,27,34609,0,1,1,-34.541777,150.784852,80,0,2,1,0,0,0,0,2,0,7,50,0,9859,9859,8,5,40,1,0,0,0,0
1251097,3,2020,2020,2,2,10,265,17,7,193,0,1,1,-34.196359,148.447404,30,1,0,1,3,0,0,0,0,0,7,100,2,1089,1089,7,0,40,1,0,0,0,0
1251099,3,2020,2020,2,6,8,13,31,64,34609,0,1,1,-33.893444,151.079298,67,0,2,1,3,0,0,3,2,0,7,50,0,9859,9859,1,5,36,2,0,0,0,0
1251101,3,2020,2020,2,3,7,346,17,103,332,0,1,2,-28.818542,153.329205,39,2,1,1,3,0,0,0,2,0,7,60,2,1192,1192,1,5,5,2,0,0,0,0
1251102,3,2020,2020,2,3,8,500,27,646,799,0,1,2,-33.934048,151.030244,15,0,2,1,3,0,0,0,2,0,7,60,2,14295,14295,3,5,5,2,0,0,0,0
1251109,3,2020,2020,2,4,7,2,31,78,125,1,0,9,-33.849167,151.012085,21,0,2,1,1,0,0,0,2,0,0,60,1,9859,9859,1,10,0,4,0,0,0,0
1251114,3,2020,2020,10,2,5,8,1,99,34609,0,1,1,-33.887051,151.272261,76,0,2,1,0,0,0,0,2,0,7,40,0,248,248,1,9,5,2,0,0,0,0
1251125,3,2020,2020,9,5,8,62,27,39,166,0,1,2,-33.242809,151.464192,16,2,2,1,3,0,0,0,3,0,7,70,2,101,101,8,5,13,2,0,0,0,0
1251139,3,2020,2020,9,4,8,21,22,115,34609,0,1,3,-33.918256,151.17064,32,0,2,1,2,0,0,0,2,0,7,80,2,1383,1383,1,33,5,2,0,0,0,0
1251149,3,2020,2020,2,3,5,4,10,66,34609,0,1,7,-33.719169,150.929154,7,0,2,1,3,0,3,3,2,0,7,60,0,9859,9859,8,5,40,1,0,0,0,0
1251153,3,2020,2020,2,5,9,39,27,47,34609,0,1,1,-33.780561,151.28814,50,0,2,1,3,0,0,0,2,0,7,50,0,175,188,1,10,13,2,0,0,0,0
1251158,3,2021,2020,2,6,6,20,31,135,101,0,1,10,-32.897361,151.73651,48,0,2,1,3,0,3,0,2,2,7,50,2,515,515,1,5,10,2,0,0,0,0
1251159,3,2020,2020,2,6,7,3371,17,44,3342,0,1,9,-33.216548,151.508482,16,2,2,1,3,0,0,0,2,0,0,70,2,1192,1192,1,5,5,2,0,0,0,0
1251160,3,2020,2020,2,1,9,25,27,83,34609,0,1,9,-34.458879,150.481578,78,2,1,1,3,0,3,3,0,0,15,80,0,256,256,4,5,5,2,0,0,0,0
1251162,3,2020,2020,2,5,5,19,31,226,34609,0,1,9,-33.769915,150.823523,7,0,2,1,3,0,3,4,2,0,7,50,0,2852,2852,4,9,5,2,0,0,0,0
1251163,3,2020,2020,2,3,8,485,27,154,769,1,0,1,-33.712219,150.957585,71,0,2,1,3,0,0,0,2,0,7,60,2,83,83,1,0,5,2,0,0,0,0
1251165,3,2020,2020,2,4,7,1,18,13,34609,0,1,9,-31.034838,150.928467,70,2,1,1,3,0,0,0,2,0,7,50,0,2852,2852,4,30,5,2,0,0,0,0
1251167,3,2020,2020,2,6,4,8,31,35,34609,0,1,10,-31.078316,152.83972,34,2,1,0,3,0,0,0,2,0,0,50,0,6545,6545,4,0,5,2,0,0,0,0
1251175,3,2020,2020,2,4,6,6,31,72,34609,0,1,1,-33.839657,151.090086,14,0,2,1,0,0,0,0,2,0,7,50,0,237,162,8,30,40,1,0,0,0,0
1251177,3,2020,2020,2,2,1,72,27,228,39,1,0,2,-34.745498,149.73371,26,2,1,0,2,0,0,0,0,0,7,60,2,4552,5151,8,5,40,1,0,0,0,0
1251195,3,2020,2020,9,6,6,1,27,188,34609,0,1,1,-33.947031,151.10149,25,0,2,1,1,0,0,0,2,0,7,50,0,9859,9859,1,5,5,2,0,0,0,0
1251208,3,2020,2020,9,3,6,2261,17,140,2252,0,1,2,-33.897038,150.992107,15,0,2,1,0,0,0,0,2,0,7,70,2,14295,14295,3,10,5,5,0,0,0,0
1251239,3,2020,2020,11,2,9,33,10,69,34609,0,1,1,-28.532684,153.510405,10,2,1,0,0,0,0,0,0,0,7,80,0,84,84,8,5,40,1,0,0,0,0
1251259,3,2020,2020,9,0,7,2126,17,78,2149,0,1,9,-33.865165,151.088814,14,0,2,1,1,0,0,0,2,2,7,60,2,395,395,1,5,5,2,0,0,0,0
1251314,3,2020,2020,2,5,6,5,31,43,34609,0,1,1,-33.732023,150.785619,7,0,2,1,0,0,0,0,2,0,7,50,0,9859,9859,1,5,36,3,0,0,0,0
1251315,3,2020,2020,9,0,7,36,31,150,34609,0,1,10,-33.927894,151.230748,59,0,2,1,0,0,0,0,2,0,0,50,0,6545,6545,4,5,5,2,0,0,0,0
1251325,3,2020,2020,10,5,11,110,27,55,10,0,1,9,-33.929573,150.897095,41,0,2,1,2,0,0,0,0,0,7,50,0,1282,1282,1,16,40,1,0,0,0,0
1251335,3,2020,2020,2,6,8,63,31,73,207,0,1,10,-33.874158,151.216345,69,0,2,1,1,0,0,0,2,2,7,50,2,14295,14295,3,29,5,2,0,0,0,0
1251355,3,2020,2020,2,3,9,1104,14,78,962,0,1,3,-33.864469,151.088654,14,0,2,1,3,0,0,0,3,0,7,80,2,9859,9859,8,5,40,1,0,0,0,0
1251360,3,2020,2020,9,0,8,5,23,29,34609,1,0,1,-33.979519,151.079597,25,0,2,1,0,0,0,0,2,0,7,50,0,4026,4026,1,5,0,3,0,0,0,0
1251367,3,2020,2020,2,4,4,3371,17,23,3342,0,1,9,-32.994701,151.687656,37,0,2,1,3,0,0,0,2,1,7,70,2,6545,6545,4,5,13,2,0,0,0,0
1251368,3,2020,2020,2,5,6,2261,17,140,2252,0,1,9,-33.903589,151.001173,15,0,2,1,1,0,0,0,2,2,7,70,2,14295,14295,3,5,0,3,0,0,0,0
1251369,3,2020,2020,2,0,8,60,23,273,34609,1,0,1,-34.424631,150.900781,80,0,2,1,2,0,0,0,0,0,7,50,0,9859,9859,1,10,5,2,0,0,0,0
1251373,3,2020,2020,2,5,4,2126,17,62,2149,0,1,9,-33.742629,150.607891,8,2,2,0,1,0,0,0,2,0,15,60,2,2852,2852,4,0,40,2,0,0,0,0
1251376,3,2021,2020,2,4,10,2209,17,157,2205,0,1,2,-34.011129,151.094794,68,0,2,0,2,0,0,0,0,0,7,70,2,1957,4009,8,0,40,1,0,0,0,0
1251390,3,2020,2020,2,4,1,3371,17,11,3342,0,1,2,-28.356051,153.522869,72,1,0,1,0,0,3,4,0,0,7,110,2,204,204,1,34,5,2,0,0,0,0
1251393,3,2020,2020,2,0,6,15,27,64,34609,0,1,9,-34.383133,150.897042,80,0,2,1,1,0,0,0,2,0,7,50,0,4026,4026,8,5,40,1,0,0,0,0
1251400,3,2020,2020,10,4,3,229,14,323,237,0,1,3,-33.771679,150.982336,71,0,2,1,1,0,3,4,2,0,7,100,2,14295,14295,3,5,5,2,0,0,0,0
1251412,3,2021,2021,4,6,8,3,18,11,34609,0,1,1,-30.646151,152.879193,47,1,0,0,3,0,3,4,2,0,7,100,0,1850,1463,5,5,40,1,0,0,0,0
1251417,3,2020,2020,2,1,6,191,17,32,189,0,1,1,-32.143405,150.325891,73,1,0,1,3,0,0,0,2,0,7,100,2,1945,1945,5,0,40,1,0,0,0,0
1251418,3,2021,2021,4,3,8,2126,17,139,2149,0,1,2,-33.884949,151.136238,32,0,2,1,3,0,0,3,2,0,7,60,2,14295,14295,3,5,5,2,0,0,0,0
1251420,3,2020,2020,9,3,4,45,27,304,96,0,1,1,-33.912053,151.165343,32,0,2,1,1,0,3,4,2,0,7,60,2,9859,9859,1,10,0,2,0,0,0,0
1251422,3,2021,2021,4,6,8,34,31,145,140,0,1,10,-33.927406,151.124435,15,0,2,1,3,0,0,0,3,2,7,50,1,1282,1282,1,8,5,2,0,0,0,0
1251424,3,2021,2021,4,5,3,92,27,106,63,0,1,10,-33.913916,151.086258,15,0,2,1,3,0,0,0,2,2,7,50,1,1192,1192,1,5,5,2,0,0,0,0
1251425,3,2021,2021,4,1,3,11,1,251,136,0,1,2,-33.775982,150.922614,7,0,2,1,3,0,0,0,2,0,7,60,2,14295,14295,3,5,5,2,0,0,0,0
1251426,3,2020,2020,2,2,4,48,31,35,42,0,1,10,-31.0805,152.841888,34,2,1,0,3,0,0,0,2,2,7,50,1,1259,985,8,5,40,1,0,0,0,0
1251428,3,2021,2021,4,5,6,1,31,309,34609,1,0,0,-33.811232,151.106888,61,0,2,1,3,0,0,0,2,0,7,50,0,1391,1391,1,9,0,2,0,0,0,0
1251430,3,2021,2021,4,3,10,2,27,26,34609,0,1,1,-34.572427,150.843741,62,0,2,1,3,0,3,4,0,0,7,50,0,1282,1282,1,5,5,2,0,0,0,0
1251431,3,2021,2021,4,6,4,6,10,463,34609,0,1,9,-30.293355,153.133442,19,2,1,1,3,0,0,0,2,0,7,50,0,1391,1391,1,34,13,3,0,0,0,0
1251434,3,2021,2021,4,4,7,11,31,215,82,0,1,9,-35.120884,147.355478,75,2,1,1,3,0,0,0,2,0,7,50,1,14295,14295,3,10,0,3,0,0,0,0
1251436,3,2021,2021,4,2,7,29,27,106,27,1,0,9,-34.568553,150.800982,62,0,2,1,3,0,3,3,2,0,0,60,2,775,775,4,10,5,2,0,0,0,0
1251439,3,2020,2020,2,5,6,485,27,67,769,0,1,2,-33.66277,150.894361,71,0,2,1,3,0,0,0,2,0,7,80,2,14295,14295,3,10,5,2,0,0,0,0
1251443,3,2021,2021,4,2,6,1,27,27,34609,0,1,1,-33.218739,151.190984,16,2,2,0,3,0,3,3,2,0,7,80,0,380,714,5,5,40,1,0,0,0,0
1251446,3,2021,2021,4,4,5,31,27,197,69,0,1,2,-33.794807,151.151375,61,0,2,0,3,0,3,4,2,0,7,60,2,2585,4009,8,5,40,1,0,0,0,0
1251447,3,2021,2021,4,2,7,123,36,20,49,0,1,1,-30.597306,151.469243,51,1,0,0,3,0,3,4,2,0,7,100,1,1850,1463,5,0,40,1,0,0,0,0
1251449,3,2021,2021,4,0,9,60,27,219,262,0,1,7,-32.9106,151.646573,48,0,2,0,3,0,3,4,0,0,0,90,2,52,52,6,5,40,1,0,0,0,0
1251450,3,2021,2021,4,3,6,78,32,646,34609,0,1,9,-33.917927,151.037354,15,0,2,1,3,0,0,0,2,0,7,40,0,3775,3775,0,34,0,2,0,0,0,0
1251451,3,2021,2021,4,1,8,38,27,290,159,0,1,10,-33.952795,151.131853,4,0,2,1,3,0,3,4,2,2,7,60,2,301,301,4,30,13,2,0,0,0,0
1251454,3,2021,2021,4,1,8,2,27,82,34609,0,1,1,-34.374303,150.893035,80,0,2,1,3,0,3,4,2,0,7,50,0,3775,3775,0,5,5,2,0,0,0,0
1251455,3,2020,2020,2,3,11,1,27,36,208,0,1,9,-33.760796,151.079737,31,0,2,1,3,0,3,4,0,0,7,60,2,1957,777,1,5,5,2,0,0,0,0
1251457,3,2021,2021,4,0,4,8,27,3,34609,0,1,1,-28.187842,153.453392,72,1,0,0,3,0,3,4,2,0,7,100,0,1957,4009,8,5,40,1,0,0,0,0
1251460,3,2021,2021,4,3,5,8,10,164,34609,0,1,9,-33.718036,150.890907,7,0,2,1,3,0,3,3,2,0,7,50,0,1391,1391,1,0,5,2,0,0,0,0
1251461,3,2021,2021,4,0,6,25,27,64,32,0,1,1,-34.384874,150.906662,80,0,2,1,3,0,0,0,2,0,7,60,1,9859,9859,8,9,40,1,0,0,0,0
1251462,3,2020,2020,2,4,9,51,31,77,34609,0,1,7,-33.868336,150.937759,24,0,2,1,3,0,3,0,2,0,0,50,0,14295,14295,3,5,5,2,0,0,0,0
1251465,3,2021,2021,4,6,8,65,27,202,563,0,1,10,-33.941398,151.035441,15,0,2,1,3,0,0,0,2,0,15,70,2,2852,2852,4,5,5,2,0,0,0,0
1251467,3,2021,2021,4,5,7,21,27,14,15,0,1,1,-32.279254,149.111741,22,1,0,1,3,0,0,0,2,0,7,100,1,475,475,5,8,40,1,0,0,0,0
1251470,3,2021,2021,4,3,5,123,27,111,25,0,1,9,-33.911847,151.249655,59,0,2,0,3,0,3,4,2,0,7,50,1,4552,5151,1,33,5,4,0,0,0,0
1251472,3,2021,2021,4,2,8,225,17,50,180,0,1,1,-34.563967,150.664186,62,0,2,1,3,0,3,4,2,0,7,60,2,945,945,5,0,40,1,0,0,0,0
1251473,3,2020,2020,9,4,4,62,10,122,62,0,1,2,-33.427804,151.343461,16,2,2,1,3,0,0,0,2,0,7,50,2,1391,1391,1,0,5,2,0,0,0,0
1251475,3,2021,2021,4,3,1,10,10,74,34609,0,1,1,-34.047558,150.754811,12,0,2,1,3,0,3,4,0,0,7,50,0,475,475,5,5,40,1,0,0,0,0
1251476,3,2021,2021,4,6,5,149,27,38,198,0,1,9,-34.053906,150.971195,68,0,2,0,3,0,0,0,2,2,7,70,2,5929,5929,1,9,13,4,0,0,0,0
1251477,3,2021,2021,4,1,11,3,10,1,34609,0,1,1,-35.365527,149.254996,58,1,0,1,3,0,3,3,0,0,7,100,0,1089,1089,7,30,40,1,0,0,0,0
1251479,3,2020,2020,2,4,11,1,10,11,34609,0,1,9,-33.489008,151.429271,16,2,2,1,3,0,3,4,0,0,7,50,0,4026,4026,1,5,36,2,0,0,0,0
1251484,3,2020,2020,2,6,9,104,27,443,702,0,1,2,-33.887469,151.067734,15,0,2,0,3,0,0,0,2,0,7,70,2,1391,1391,1,30,5,2,0,0,0,0
1251487,3,2021,2021,4,6,11,4,27,1,34609,0,1,9,-36.161551,149.841098,23,1,0,0,3,2,0,0,0,0,7,100,0,1850,777,5,0,40,1,0,0,0,0
1251488,3,2020,2020,2,0,10,3371,17,463,3342,0,1,2,-30.298961,153.112034,19,2,1,0,3,0,3,4,0,0,7,60,2,4552,5151,8,0,40,1,0,0,0,0
1251498,3,2020,2020,2,6,4,6,35,112,34609,0,1,1,-33.906753,151.21079,69,0,2,1,1,0,0,0,2,0,7,40,0,14295,14295,3,30,5,2,0,0,0,0
1251506,3,2020,2020,2,3,7,171,1,49,34609,0,1,1,-33.198033,151.525046,16,2,2,1,1,0,0,0,2,0,7,50,0,1981,1981,4,0,0,4,0,0,0,0
1251515,3,2020,2020,2,1,11,2,31,47,34609,0,1,10,-35.722963,147.316208,27,2,1,1,2,0,3,4,0,0,0,50,0,945,945,5,34,40,1,0,0,0,0
1251524,3,2020,2020,2,3,11,89,36,123,81,0,1,1,-34.011097,148.696167,51,1,0,1,0,0,0,0,0,0,7,100,2,404,404,8,5,40,1,0,0,0,0
1251537,3,2020,2020,9,5,8,4,31,316,34609,1,0,1,-33.91541,151.242894,59,0,2,1,1,0,0,0,2,0,7,50,0,1109,787,1,0,5,2,0,0,0,0
1251543,3,2021,2021,4,5,5,79,10,128,231,0,1,9,-33.429535,151.3167,16,2,2,1,1,0,0,0,2,2,7,60,2,9859,9859,8,5,40,1,0,0,0,0
1251564,3,2020,2020,9,1,5,11,27,133,34609,0,1,2,-34.498476,150.792117,80,0,2,1,0,0,0,0,2,0,7,60,0,4026,4026,8,5,40,1,0,0,0,0
1251568,3,2021,2021,4,2,10,117,1,70,121,1,0,10,-34.037704,151.084475,68,0,2,1,2,0,3,4,0,2,7,60,1,5929,5929,1,5,40,2,0,0,0,0
1251570,3,2021,2021,4,0,3,229,14,110,237,0,1,3,-33.763036,151.0184,54,0,2,0,0,0,0,3,2,0,7,100,2,1957,4009,8,5,40,1,0,0,0,0
1251572,3,2020,2020,9,0,4,475,10,137,268,0,1,9,-33.906456,150.898261,24,0,2,1,0,0,0,0,2,0,0,60,2,1282,1282,1,5,5,2,0,0,0,0
1251587,3,2020,2020,9,6,9,2,27,50,34609,0,1,1,-33.230102,151.552709,16,2,2,1,3,0,0,0,3,0,7,50,0,9859,9859,8,5,40,1,0,0,0,0
1251589,3,2020,2020,2,3,10,12,27,109,34609,0,1,1,-33.907324,151.137791,32,0,2,1,0,0,0,0,0,0,7,50,0,1282,1282,1,33,36,2,0,0,0,0
1251601,3,2020,2020,2,2,8,171,31,50,34609,0,1,1,-34.343884,150.915994,80,0,2,1,1,0,0,0,2,0,7,50,0,3775,3775,0,5,5,2,0,0,0,0
1251602,3,2020,2020,2,6,1,2126,17,17,2149,0,1,2,-33.711899,150.591896,8,2,2,0,2,0,3,4,0,0,7,80,2,4552,5151,8,5,40,1,0,0,0,0
1251604,3,2020,2020,2,1,10,3371,17,18,3342,0,1,2,-30.907742,152.920206,34,1,0,0,0,0,0,0,0,0,7,110,2,1259,5151,8,5,40,1,0,0,0,0
1251610,3,2020,2020,2,5,4,3,1,65,34609,0,1,1,-34.486675,150.874338,80,0,2,1,1,0,3,3,2,0,7,50,0,1282,1282,1,0,5,2,0,0,0,0
1251616,3,2021,2021,4,1,7,169,27,24,61,0,1,9,-33.823292,151.172029,38,0,2,1,3,0,0,3,2,2,7,50,1,3775,3775,0,9,5,2,0,0,0,0
1251618,3,2020,2020,2,6,10,101,10,11,34609,0,1,9,-33.721654,150.790372,7,0,2,1,2,0,0,0,0,0,7,50,0,489,489,8,5,40,1,0,0,0,0
1251621,3,2020,2020,2,2,6,103,36,12,34609,0,1,1,-31.937655,152.453558,43,2,1,1,3,0,3,4,2,0,7,70,0,323,323,1,0,5,2,0,0,0,0