Crash ID,Degree of crash - detailed,Reporting year,Year of crash,Month of crash,Day of week of crash,Two-hour intervals,Street of crash,Street type,Town,Route no.,School zone location,School zone active,Type of location,Latitude,Longitude,LGA,Urbanisation,Conurbation 1,Alignment,Street lighting,Road surface,Surface condition,Weather,Natural lighting,Signals operation,Other traffic control,Speed limit,Road classification,RUM - code,DCA - code,First impact type,Key TU type,Other TU type,No. of traffic units involved,No. killed,No. seriously injured,No. moderately injured,No. minor-other injured
1251622,3,2021,2021,4,2,8,5,10,24,34609,0,1,1,-33.735146,150.836212,7,0,2,1,3,0,0,0,2,0,7,60,0,1981,1981,4,5,5,2,0,0,0,0
1251626,3,2021,2021,4,3,5,3371,17,18,3342,0,1,2,-30.688958,152.942322,47,1,0,1,3,0,0,0,2,0,7,100,2,4026,4026,8,0,40,1,0,0,0,0
1251631,3,2021,2021,4,3,6,71,27,19,69,0,1,1,-36.37133,148.80158,65,1,0,1,3,0,3,4,2,0,7,100,2,945,945,5,0,40,1,0,0,0,0
1251636,3,2020,2020,2,4,11,293,10,91,172,0,1,7,-32.98172,151.645432,37,0,2,1,2,0,0,0,0,0,0,60,2,6545,6545,4,5,0,2,0,0,0,0
1251637,3,2021,2021,4,5,8,82,27,84,181,0,1,9,-33.893976,151.264026,76,0,2,1,3,0,0,0,2,0,7,50,2,5929,5929,1,30,19,2,0,0,0,0
1251638,3,2020,2020,2,1,10,18,31,273,34609,0,1,1,-34.427064,150.900302,80,0,2,1,3,0,0,0,0,0,7,50,0,1391,1391,1,0,12,3,0,0,0,0
1251644,3,2021,2021,4,5,8,117,27,72,144,0,1,10,-33.841932,151.0888,14,0,2,1,3,0,0,0,2,0,0,60,2,1391,1391,1,5,5,3,0,0,0,0
1251647,3,2020,2020,2,0,10,6,36,65,34609,0,1,1,-33.805957,150.954256,21,0,2,1,2,0,0,0,0,0,7,50,0,9859,9859,1,5,36,3,0,0,0,0
1251656,3,2020,2020,2,5,2,11,1,175,34609,0,1,7,-33.781485,151.076461,54,0,2,1,1,0,3,3,1,0,7,50,0,4026,4026,8,5,40,1,0,0,0,0
1251662,3,2020,2020,2,0,6,149,10,136,702,0,1,2,-33.866294,151.065175,67,0,2,1,0,0,0,0,2,0,7,80,2,14295,14295,3,0,5,2,0,0,0,0
1251664,3,2020,2020,2,4,11,4,27,24,34609,0,1,1,-34.939993,150.587809,63,2,1,1,0,0,1,0,0,0,7,80,0,9859,9859,8,5,40,1,0,0,0,0
1251666,3,2020,2020,7,0,10,8,31,106,34609,0,1,9,-28.850407,153.038958,60,2,1,1,0,0,0,0,0,0,7,60,0,9859,9859,8,30,40,1,0,0,0,0
1251675,3,2020,2020,2,2,5,224,27,49,321,0,1,2,-33.961947,151.21503,4,0,2,1,0,0,0,0,2,0,7,70,2,1383,1383,1,9,0,2,0,0,0,0
1251676,3,2020,2020,2,0,11,3,27,4,34609,0,1,1,-30.505176,152.893838,6,2,1,0,0,0,3,0,0,0,7,60,0,2585,4009,8,0,40,1,0,0,0,0
1251683,3,2020,2020,2,0,0,3371,17,57,3342,0,1,2,-28.615354,153.545953,10,1,0,1,0,0,3,4,0,0,7,100,2,9859,9859,8,5,40,1,0,0,0,0
1251689,3,2020,2020,2,4,0,15,18,82,34609,0,1,9,-33.826262,151.201551,49,0,2,1,2,0,0,0,0,0,7,10,0,1282,1282,1,33,5,2,0,0,0,0
1251692,3,2021,2021,4,1,8,14,27,7,34609,0,1,1,-35.4022,150.364017,63,2,1,0,0,0,3,4,2,0,7,80,0,3775,3775,0,0,13,2,0,0,0,0
1251703,3,2020,2020,2,6,10,2209,17,74,2205,0,1,2,-34.43771,150.859741,80,0,2,0,2,0,0,0,0,0,7,60,2,1957,4009,8,5,40,1,0,0,0,0
1251726,3,2020,2020,9,0,7,2126,17,346,2149,0,1,9,-33.865888,151.092102,14,0,2,1,1,0,0,3,2,0,6,60,2,63,63,4,5,0,2,0,0,0,0
1251730,3,2020,2020,9,1,11,2,10,169,34609,0,1,1,-28.655516,153.618475,10,2,1,0,0,0,3,4,0,0,7,50,0,1957,4009,1,9,13,2,0,0,0,0
1251739,3,2020,2020,10,2,9,117,1,210,121,0,1,10,-34.040124,151.100992,68,0,2,1,3,0,0,0,3,2,7,50,1,2585,777,8,5,40,1,0,0,0,0
1251745,3,2020,2020,2,1,11,7,27,15,34609,0,1,1,-30.233924,153.092616,19,1,0,0,3,0,0,0,0,0,7,100,0,4552,5151,8,5,40,1,0,0,0,0
1251765,3,2020,2020,2,5,11,515,14,293,518,0,1,3,-33.941122,151.040996,15,0,2,1,3,0,0,0,0,0,7,100,2,1282,1282,1,8,0,2,0,0,0,0
1251768,3,2020,2020,2,4,0,4,31,166,34609,0,1,1,-33.409923,149.568821,3,2,1,1,2,0,0,0,0,0,7,60,0,9859,9859,1,0,5,2,0,0,0,0
1251772,3,2020,2020,10,4,4,111,27,102,233,1,2,2,-33.959775,151.231261,59,0,2,1,1,0,3,4,2,0,7,40,2,248,248,1,5,19,2,0,0,0,0
1251773,3,2020,2020,2,5,5,1,31,26,34609,0,1,1,-33.109605,151.50749,37,0,2,1,1,0,0,0,2,0,7,50,0,1981,1981,4,0,3,2,0,0,0,0
1251780,3,2020,2020,2,4,9,2126,17,60,2149,0,1,9,-33.635535,150.284859,8,2,2,1,3,0,0,0,2,2,7,60,2,1282,1282,1,5,40,1,0,0,0,0
1251785,3,2021,2021,4,1,5,3,31,82,34609,0,1,10,-33.824889,151.202018,49,0,2,1,3,0,0,0,2,0,7,50,0,5929,5929,1,30,0,2,0,0,0,0
1251786,3,2021,2021,4,0,4,916,17,20,917,0,1,1,-31.014753,151.078667,70,2,1,1,3,0,0,3,2,0,7,80,2,4026,4026,8,5,40,1,0,0,0,0
1251790,3,2021,2021,4,4,8,2126,17,136,2149,0,1,9,-33.858328,151.069225,21,0,2,1,3,0,0,0,2,2,7,60,2,14295,14295,3,29,5,2,0,0,0,0
1251791,3,2021,2021,4,2,6,2,31,69,34609,0,1,9,-32.901299,151.692294,48,0,2,1,3,0,3,4,2,0,7,50,0,5929,5929,1,5,5,2,0,0,0,0
1251792,3,2020,2020,2,1,9,40,27,59,39,0,1,1,-33.159452,151.478575,37,0,2,1,3,0,3,3,2,0,7,90,1,9859,9859,1,0,13,2,0,0,0,0
1251798,3,2021,2021,4,5,8,71,27,14,69,0,1,1,-36.418751,148.642305,65,2,1,0,3,0,3,4,3,0,7,80,2,1957,4009,8,5,40,1,0,0,0,0
1251799,3,2020,2020,2,6,11,12,31,23,34609,0,1,1,-34.395093,150.881687,80,0,2,1,2,0,3,3,0,0,7,50,0,4026,4026,8,21,40,1,0,0,0,0
1251802,3,2020,2020,2,3,10,15,31,143,38,0,1,10,-33.875226,151.097691,9,0,2,1,2,0,0,0,0,2,7,50,1,5929,5929,1,0,40,2,0,0,0,0
1251811,3,2021,2021,4,0,10,1,1,70,34609,0,1,9,-33.258737,151.49745,16,2,2,1,0,0,0,0,0,0,15,50,0,489,489,8,34,40,1,0,0,0,0
1251814,3,2020,2020,2,6,5,2,1,54,34609,0,1,4,-33.223096,151.506474,16,2,2,0,0,0,0,0,2,0,7,50,0,2585,4009,8,5,40,1,0,0,0,0
1251821,3,2021,2021,4,4,0,346,17,103,332,0,1,2,-28.812992,153.310653,39,2,1,1,2,0,3,4,0,0,7,60,2,9859,9859,8,5,40,1,0,0,0,0
1251831,3,2020,2020,2,0,5,2209,17,27,2205,0,1,2,-34.528105,150.788066,80,0,2,1,3,0,0,0,2,0,7,80,2,14295,14295,3,5,5,2,0,0,0,0
1251835,3,2020,2020,2,5,4,133,27,20,260,0,1,2,-32.932493,151.638325,37,0,2,0,3,0,3,2,2,0,15,60,2,1192,1192,1,5,36,2,0,0,0,0
1251842,3,2020,2020,2,6,6,27,31,107,157,0,1,2,-29.688201,152.935812,18,2,1,1,3,0,0,0,2,0,7,40,2,220,220,8,0,40,1,0,0,0,0
1251843,3,2021,2021,4,5,8,6,25,36,60,0,1,10,-36.088334,146.909076,0,2,1,1,3,0,0,0,2,2,7,60,1,14295,14295,3,5,5,2,0,0,0,0
1251845,3,2020,2020,2,5,9,19,31,104,34609,0,1,1,-33.83021,151.222817,49,0,2,1,3,0,0,0,2,0,7,50,0,1945,1945,5,5,40,1,0,0,0,0
1251846,3,2020,2020,2,4,7,2209,17,106,2205,0,1,9,-34.549822,150.785996,62,0,2,1,3,0,0,3,2,0,15,70,2,14295,14295,3,5,5,2,0,0,0,0
1251847,3,2020,2020,2,3,11,387,27,290,331,0,1,9,-33.952617,151.122446,4,0,2,1,3,0,0,0,0,2,7,60,2,5929,5929,1,5,5,2,0,0,0,0
1251853,3,2021,2021,4,3,5,1,31,29,34609,0,1,9,-33.915901,150.894943,41,0,2,1,3,0,3,3,2,0,7,50,0,5929,5929,1,5,5,2,0,0,0,0
1251854,3,2021,2021,4,3,7,10,31,120,34609,0,1,1,-32.192853,152.511668,43,2,1,1,3,0,0,0,2,0,7,50,0,248,248,1,5,0,3,0,0,0,0
1251857,3,2021,2021,4,2,9,36,27,43,38,0,1,1,-33.76431,151.24796,50,0,2,1,3,0,3,3,2,0,7,60,1,14295,14295,3,0,36,2,0,0,0,0
1251858,3,2021,2021,4,1,7,27,31,48,34609,0,1,1,-32.717108,152.152467,57,2,1,1,1,0,0,0,2,0,7,50,0,9859,9859,1,5,5,3,0,0,0,0
1251859,3,2020,2020,10,0,11,92,31,83,34609,0,1,1,-30.111874,153.195087,19,2,1,1,2,0,0,0,0,0,7,50,0,9859,9859,1,5,0,2,0,0,0,0
1251866,3,2021,2021,4,2,10,82,27,10,103,0,1,1,-28.429525,153.307318,72,2,1,0,0,0,3,3,0,0,7,80,1,1259,5151,8,30,40,1,0,0,0,0
1251868,3,2020,2020,2,6,8,3371,17,52,3342,0,1,1,-33.269308,151.454315,16,2,2,1,1,0,0,0,2,0,7,70,2,14295,14295,3,30,41,4,0,0,0,0
1251869,3,2020,2020,2,5,4,6,23,43,34609,0,1,1,-33.692416,151.307831,50,0,2,1,0,0,3,3,2,0,7,50,0,945,945,5,5,40,1,0,0,0,0
1251875,3,2020,2020,2,4,6,2126,17,139,2149,0,1,10,-33.876991,151.129837,32,0,2,1,1,0,3,4,2,2,7,60,2,6545,6545,4,5,13,2,0,0,0,0
1251887,3,2020,2020,2,5,11,132,31,252,126,0,1,10,-33.891777,151.214442,69,0,2,1,2,0,3,4,0,2,7,50,2,5929,5929,1,0,5,2,0,0,0,0
1251890,3,2020,2020,9,5,9,251,14,139,124,0,1,3,-33.839837,151.210904,49,0,2,1,1,0,0,0,2,0,7,70,2,1192,1192,1,33,36,2,0,0,0,0
1251911,3,2020,2020,2,5,8,348,17,105,232,0,1,7,-32.590398,149.583694,44,2,1,1,2,0,0,0,2,0,0,50,2,6545,6545,4,5,36,2,0,0,0,0
1251920,3,2020,2020,10,1,5,8,27,38,34609,0,1,1,-33.946956,151.068893,15,0,2,0,0,0,0,0,2,0,7,50,0,4552,5151,1,5,5,3,0,0,0,0
1251928,3,2020,2020,10,3,11,42,31,123,34609,0,1,9,-33.919757,151.223439,59,0,2,1,2,0,3,4,0,3,7,50,0,489,489,8,5,40,1,0,0,0,0
1251940,3,2020,2020,9,4,6,230,27,84,284,0,1,10,-33.775225,151.104575,61,0,2,1,1,0,3,4,2,0,7,70,2,3775,3775,0,10,5,2,0,0,0,0
1251984,3,2020,2020,2,3,10,17,31,56,21,0,1,9,-33.861211,151.17676,32,0,2,1,1,0,0,0,3,0,7,40,1,1282,1282,1,33,5,2,0,0,0,0
1251988,3,2020,2020,2,1,9,11,3,23,54,0,1,2,-34.021482,151.030607,68,0,2,0,3,0,3,4,3,0,7,80,2,2585,4009,8,5,40,1,0,0,0,0
1251994,3,2020,2020,2,3,7,3371,17,463,3342,0,1,9,-30.288293,153.122954,19,2,1,1,3,0,0,0,2,0,7,60,2,14295,14295,3,5,0,2,0,0,0,0
1251998,3,2020,2020,2,0,8,1,1,8,34609,0,1,1,-32.792863,151.511992,17,2,1,1,1,0,0,0,2,0,7,50,0,4026,4026,8,34,40,1,0,0,0,0
1252002,3,2020,2020,2,6,3,4,27,4,34609,0,1,1,-28.651067,153.596087,10,1,0,0,3,0,3,3,2,0,7,100,0,4552,5151,8,5,40,1,0,0,0,0
1252006,3,2020,2020,9,1,8,109,27,71,106,0,1,1,-33.832741,150.971452,21,0,2,1,0,0,0,0,2,0,9,60,1,14295,14295,3,5,5,3,0,0,0,0
1252013,3,2020,2020,9,6,9,29,31,74,9,0,1,9,-33.751599,150.842094,7,0,2,1,0,0,0,0,2,0,15,60,2,2585,777,8,5,40,1,0,0,0,0
1252017,3,2020,2020,9,2,10,103,27,149,167,0,1,2,-33.992381,151.131915,25,0,2,1,2,0,0,0,0,0,7,70,2,14295,14295,3,0,5,2,0,0,0,0
1252043,3,2020,2020,9,2,0,3,31,32,34609,0,1,1,-32.362488,149.533131,44,2,1,1,1,0,0,0,0,0,7,50,0,4026,4026,8,5,40,1,0,0,0,0
1252044,3,2020,2020,2,1,9,10,27,7,4,0,1,1,-31.368566,150.491091,51,1,0,0,3,0,3,4,0,0,13,100,1,782,957,5,5,40,1,0,0,0,0
1252045,3,2021,2021,4,3,5,92,31,60,34609,0,1,1,-33.819945,151.136857,51,0,2,1,3,0,0,0,2,0,7,50,0,9859,9859,1,0,0,3,0,0,0,0
1252050,3,2020,2020,2,2,9,79,31,562,34609,0,1,2,-32.247141,148.606338,22,2,1,1,0,0,0,0,2,0,7,50,0,9859,9859,1,10,5,2,0,0,0,0
1252052,3,2020,2020,2,3,5,191,27,309,208,0,1,9,-33.814237,151.106723,61,0,2,1,1,0,0,0,2,0,7,60,2,4552,985,1,5,0,2,0,0,0,0
1252057,3,2021,2021,4,0,4,39,22,65,34609,0,1,1,-33.397355,151.398829,16,2,2,0,3,0,3,4,2,0,7,60,0,380,714,5,5,40,1,0,0,0,0
1252058,3,2021,2021,4,0,9,19,27,72,34609,0,1,7,-34.016458,151.013257,68,0,2,1,3,0,3,4,2,0,7,60,0,9859,9859,8,5,40,1,0,0,0,0
1252059,3,2021,2021,4,4,8,125,31,438,44,0,1,10,-33.849953,151.034637,21,0,2,1,3,0,0,0,2,2,7,50,1,6545,6545,4,5,12,2,0,0,0,0
1252062,3,2021,2021,4,3,11,18,31,108,57,0,1,9,-28.856868,153.560912,2,2,1,1,2,0,0,0,0,2,7,60,1,2852,2852,4,5,40,2,0,0,0,0
1252076,3,2021,2020,2,4,10,132,31,174,126,0,1,10,-33.892146,151.216944,69,0,2,1,2,0,0,3,0,2,7,50,2,186,186,1,10,5,2,0,0,0,0
1252087,3,2021,2021,4,1,9,4,27,63,34609,0,1,9,-33.25135,151.475739,16,2,2,1,3,0,3,4,2,0,0,50,0,77,77,1,5,40,1,0,0,0,0
1252092,3,2021,2021,4,0,8,12,27,49,19,0,1,9,-33.205727,151.498877,16,2,2,1,3,0,3,3,2,0,0,80,2,623,623,3,5,0,2,0,0,0,0
1252097,3,2021,2021,4,5,7,23,27,61,21,0,1,9,-33.745203,150.89416,7,0,2,1,3,0,0,0,2,2,7,60,1,5929,5929,1,5,5,2,0,0,0,0
1252100,3,2021,2021,4,0,5,95,27,50,36,0,1,10,-33.514732,151.330048,16,2,2,1,3,0,0,0,2,0,0,60,1,6545,6545,4,5,0,2,0,0,0,0
1252102,3,2021,2021,4,5,5,98,27,87,799,0,1,9,-33.92923,150.948135,41,0,2,1,3,0,0,0,2,2,7,70,2,395,395,1,8,5,2,0,0,0,0
1252103,3,2021,2021,4,6,3,829,27,124,770,0,1,9,-33.813798,151.052291,54,0,2,1,3,0,0,0,2,2,7,70,2,14295,14295,3,10,13,3,0,0,0,0
1252105,3,2021,2021,4,3,9,44,31,87,34609,0,1,1,-34.051645,151.152095,68,0,2,1,1,0,0,0,2,0,7,50,0,941,941,1,21,5,2,0,0,0,0
1252114,3,2020,2020,2,5,10,92,31,70,34609,0,1,10,-32.736323,151.559959,42,2,1,1,2,0,0,0,0,2,7,50,0,387,387,1,5,0,2,0,0,0,0
1252117,3,2021,2021,4,0,7,829,1,337,35,0,1,7,-33.730442,150.979667,71,0,2,1,1,0,0,0,2,0,0,50,1,775,775,4,5,40,2,0,0,0,0
1252123,3,2020,2020,2,4,0,8,27,53,34609,0,1,9,-33.377752,151.441193,16,2,2,0,0,0,0,0,0,0,0,60,0,4552,5151,8,5,40,1,0,0,0,0
1252138,3,2020,2020,11,6,8,7,10,30,34609,0,1,1,-33.266779,151.429392,16,2,2,0,0,0,0,6,0,0,7,50,0,1957,4009,1,10,5,2,0,0,0,0
1252141,3,2021,2021,4,0,1,18,27,136,148,1,0,9,-32.932131,151.719039,48,0,2,1,2,0,0,0,0,0,7,60,1,4026,4026,8,5,40,1,0,0,0,0
1252164,3,2020,2020,2,3,2,30,10,27,30,0,1,1,-33.119422,151.157915,17,2,1,1,0,0,0,3,1,0,7,80,1,1945,1945,5,0,40,1,0,0,0,0
1252173,3,2021,2021,4,5,2,10,31,80,34609,0,1,1,-33.88496,151.174373,32,0,2,1,0,0,0,0,1,0,7,50,0,1282,1282,1,33,5,2,0,0,0,0
1252178,3,2020,2020,9,6,2,3,27,29,34609,0,1,1,-33.740657,150.793777,7,0,2,0,2,0,0,0,1,0,7,50,0,1957,4009,1,0,5,2,0,0,0,0
1252180,3,2020,2020,9,2,11,1,31,239,34609,0,1,1,-34.039703,151.11872,68,0,2,1,0,0,0,0,0,0,7,50,0,1282,1282,1,33,36,2,0,0,0,0
1252185,3,2021,2021,4,3,11,168,17,18,212,0,1,1,-35.640539,150.125055,23,1,0,0,0,0,0,0,0,0,7,90,2,1089,1089,7,10,40,1,0,0,0,0
1252193,3,2021,2021,4,6,4,4,1,309,34609,0,1,9,-33.806177,151.116551,61,0,2,1,0,0,0,3,2,0,7,50,0,2852,2852,4,5,0,2,0,0,0,0
1252194,3,2020,2020,10,4,8,1,1,11,34609,0,1,1,-34.099977,142.070088,51,2,1,1,3,0,3,0,2,0,7,60,0,1945,1945,5,10,40,1,0,0,0,0
1252207,3,2020,2020,2,1,9,2,31,70,34609,0,1,10,-34.855055,150.607437,63,2,1,1,1,0,3,4,2,0,0,50,0,945,945,5,10,40,1,0,0,0,0
1252213,3,2020,2020,10,0,0,222,27,115,165,0,1,1,-33.962325,151.066858,25,0,2,1,2,0,0,0,0,0,7,50,1,9859,9859,8,5,40,1,0,0,0,0
1252230,3,2020,2020,2,4,9,25,31,127,30,0,1,9,-33.892748,151.157869,32,0,2,1,3,0,0,0,0,2,7,60,1,515,515,1,30,12,2,0,0,0,0
1252233,3,2021,2021,4,2,8,30,27,9,39,0,1,1,-35.609609,149.461951,58,1,0,0,3,2,0,0,2,0,7,100,1,1957,4009,8,0,40,1,0,0,0,0
1252234,3,2021,2021,4,4,7,296,27,460,293,0,1,2,-33.842275,150.998826,21,0,2,1,3,0,3,4,2,0,7,70,2,14295,14295,3,5,5,2,0,0,0,0
1252239,3,2021,2021,4,1,3,13,1,29,34609,0,1,1,-33.920543,150.89107,41,0,2,1,3,0,0,0,1,0,7,50,0,9859,9859,1,0,13,3,0,0,0,0
1252240,3,2021,2021,4,1,5,48,27,70,166,0,1,9,-33.254794,151.503238,16,2,2,1,3,0,0,0,2,0,7,50,2,1391,1391,1,9,5,2,0,0,0,0
1252241,3,2021,2021,4,4,7,8,18,166,34609,0,1,9,-33.899236,151.182456,69,0,2,1,3,0,0,0,2,0,7,40,0,9859,9859,1,5,12,2,0,0,0,0
1252246,3,2021,2021,4,4,9,3,31,6,34609,0,1,1,-33.484686,151.364764,16,2,2,1,0,0,0,0,2,0,7,50,0,9859,9859,8,5,40,1,0,0,0,0
1252248,3,2021,2021,4,0,8,194,31,157,769,0,1,9,-33.795211,151.001019,54,0,2,1,3,0,0,3,2,0,0,60,2,2852,2852,4,0,22,2,0,0,0,0
1252250,3,2021,2021,4,1,8,1,1,67,34609,0,1,9,-33.701217,150.913279,7,0,2,1,2,0,0,0,2,0,0,50,0,2585,777,8,5,40,1,0,0,0,0
1252253,3,2020,2020,9,6,8,13,31,122,34609,0,1,1,-33.427312,151.344435,16,2,2,1,1,0,0,0,2,0,7,50,0,144,144,1,0,19,2,0,0,0,0
1252257,3,2020,2020,2,1,8,19,27,42,34609,0,1,1,-33.739416,151.280624,50,0,2,1,1,0,3,4,2,0,7,50,0,9859,9859,1,9,12,3,0,0,0,0
1252260,3,2020,2020,10,1,5,13,18,44,34609,0,1,0,-30.70645,152.9203,47,2,1,1,1,0,0,0,2,0,7,50,0,9859,9859,1,10,13,2,0,0,0,0
1252265,3,2021,2021,4,3,7,126,1,226,144,0,1,2,-33.778346,150.814704,7,0,2,1,3,0,0,0,2,0,7,60,2,14295,14295,3,0,0,2,0,0,0,0
1252269,3,2020,2020,11,5,0,10,31,155,95,0,1,9,-33.140131,148.175608,53,2,1,0,2,0,0,0,0,0,0,40,2,2585,777,8,34,40,1,0,0,0,0
1252273,3,2021,2021,4,0,11,7,27,83,34609,1,0,2,-33.894765,150.849819,41,0,2,0,3,0,3,3,0,0,7,50,0,418,714,5,5,40,1,0,0,0,0
1252274,3,2021,2021,4,1,8,110,27,41,173,0,1,2,-34.397092,150.867953,80,0,2,1,3,0,0,0,2,0,7,80,2,14295,14295,3,0,5,2,0,0,0,0
1252277,3,2021,2021,4,4,3,1104,14,140,962,0,1,3,-33.794699,150.843025,7,0,2,1,3,0,0,0,2,0,7,100,2,4026,4026,8,10,40,1,0,0,0,0
1252279,3,2021,2021,4,5,4,60,27,219,262,0,1,7,-32.910484,151.646038,48,0,2,0,3,0,0,0,2,0,0,90,2,395,395,1,0,36,2,0,0,0,0
1252281,3,2021,2021,4,0,6,149,10,346,702,0,1,2,-33.86833,151.064016,67,0,2,1,3,0,0,3,2,0,7,80,2,3775,3775,0,5,0,2,0,0,0,0
1252286,3,2021,2021,4,0,7,43,1,169,16,0,1,9,-33.760277,150.844759,7,0,2,1,3,0,0,3,2,0,15,60,2,217,217,1,5,5,2,0,0,0,0
1252296,3,2021,2021,4,2,2,5,23,143,34609,0,1,1,-33.70789,151.093863,31,0,2,1,3,0,0,0,0,0,7,50,0,9859,9859,1,0,5,4,0,0,0,0
1252298,3,2020,2020,2,5,1,7,1,113,34609,0,1,9,-29.47829,149.834003,51,2,1,1,2,0,3,4,0,0,7,50,0,1957,777,8,0,40,1,0,0,0,0
1252304,3,2021,2021,4,4,7,3,31,58,34609,0,1,10,-28.539335,153.550597,10,2,1,1,3,0,3,4,2,0,0,50,0,6545,6545,4,5,5,2,0,0,0,0
1252307,3,2021,2021,4,0,1,3371,17,11,3342,0,1,2,-28.353851,153.523248,72,1,0,1,3,0,3,4,0,0,7,110,2,4026,4026,8,5,40,1,0,0,0,0
1252310,3,2021,2021,4,1,3,866,17,171,793,0,1,10,-33.802838,150.971052,54,0,2,1,3,0,0,0,2,2,7,70,2,6545,6545,4,0,5,2,0,0,0,0
1252315,3,2021,2021,4,0,9,37,31,283,34609,0,1,10,-33.840786,151.01239,21,0,2,1,3,0,0,0,2,0,15,50,0,301,301,4,5,5,2,0,0,0,0
1252318,3,2021,2021,4,0,8,10,31,82,34609,0,1,9,-34.374775,150.88947,80,0,2,1,3,0,3,3,2,0,0,50,0,63,63,4,0,19,2,0,0,0,0
1252322,3,2020,2020,9,4,7,7,31,115,34609,0,1,1,-33.748831,151.243883,50,0,2,1,3,2,0,0,2,0,7,50,0,9859,9859,1,10,34,2,0,0,0,0
1252325,3,2021,2021,4,0,7,2209,17,12,2205,0,1,2,-35.271549,150.424083,63,1,0,1,1,0,0,0,2,0,7,100,2,14295,14295,3,30,5,3,0,0,0,0
1252327,3,2021,2021,4,5,3,48,31,20,5,0,1,10,-30.227869,149.441275,51,2,1,1,3,0,0,0,2,0,0,50,1,6545,6545,4,34,13,2,0,0,0,0
1252330,3,2021,2021,4,2,7,2,1,73,34609,0,1,9,-33.753412,150.801581,7,0,2,1,3,0,0,0,2,0,7,50,0,83,83,1,10,5,2,0,0,0,0
1252331,3,2021,2021,4,5,8,82,31,179,369,0,1,2,-33.758395,150.711696,55,0,2,1,3,0,0,0,2,2,9,70,2,14295,14295,3,0,13,3,0,0,0,0
1252333,3,2021,2021,4,0,2,1104,14,323,962,0,1,3,-33.797887,150.854084,7,0,2,1,3,0,0,0,1,0,7,100,2,1192,1192,1,8,5,2,0,0,0,0
1252335,3,2021,2021,4,1,9,12,31,460,34609,0,1,2,-33.835063,150.987926,21,0,2,1,3,0,0,0,3,2,9,40,0,5929,5929,1,0,5,2,0,0,0,0
1252338,3,2021,2021,4,1,8,1104,14,149,962,0,1,3,-33.816189,150.963547,21,0,2,1,3,0,0,0,2,0,7,90,2,14295,14295,3,0,0,4,0,0,0,0
1252348,3,2020,2020,2,0,0,11,27,247,34609,0,1,1,-33.818472,150.936153,21,0,2,1,2,0,0,0,0,0,7,50,0,4026,4026,8,34,40,1,0,0,0,0
1252376,3,2021,2021,4,2,10,2,31,71,34609,0,1,1,-33.264584,151.544691,16,2,2,1,2,0,0,0,3,0,15,50,0,248,248,1,5,5,4,0,0,0,0
1252382,3,2020,2020,2,2,1,1,27,23,34609,0,1,6,-32.992732,151.634097,37,0,2,0,2,0,0,0,0,0,7,60,0,1259,5151,8,30,40,1,0,0,0,0
1252384,3,2020,2020,2,1,10,1104,14,223,962,0,1,3,-33.804062,150.90524,7,0,2,1,2,0,3,4,0,0,7,100,2,945,945,5,5,40,1,0,0,0,0
1252391,3,2020,2020,2,3,2,2,31,609,34609,0,1,9,-33.784156,150.905466,7,0,2,1,1,0,3,4,1,0,7,50,0,489,489,8,30,40,1,0,0,0,0
1252394,3,2021,2021,4,6,8,330,23,293,112,0,1,10,-33.946199,151.240162,59,0,2,1,1,0,0,0,2,2,7,60,2,14295,14295,3,10,5,2,0,0,0,0
1252396,3,2021,2021,4,6,5,478,17,69,480,0,1,7,-33.360016,151.483322,16,2,2,1,3,0,0,0,2,0,15,50,2,1282,1282,1,5,40,2,0,0,0,0
1252400,3,2021,2021,4,1,11,515,14,38,518,0,1,3,-33.943749,151.072581,15,0,2,1,2,0,3,4,0,0,7,80,2,9859,9859,1,5,10,2,0,0,0,0
1252401,3,2021,2021,4,3,2,204,31,112,14,0,1,1,-33.904332,151.205054,69,0,2,1,2,0,3,4,0,0,7,50,1,9859,9859,8,5,40,1,0,0,0,0
1252407,3,2020,2020,2,6,10,79,27,290,159,0,1,1,-33.945532,151.123455,4,0,2,1,2,0,0,0,3,0,7,60,2,14295,14295,3,30,0,2,0,0,0,0
1252409,3,2020,2020,2,5,6,1,27,28,34609,0,1,1,-32.953509,151.615816,37,0,2,1,3,0,0,0,2,0,7,50,0,14295,14295,3,10,5,2,0,0,0,0
1252411,3,2021,2021,4,2,4,62,27,21,166,0,1,9,-33.229228,151.423171,16,2,2,1,3,0,3,4,2,0,7,60,2,5929,5929,1,5,5,2,0,0,0,0
1252413,3,2021,2021,4,1,9,3371,17,12,3342,0,1,2,-32.13778,152.339396,43,1,0,0,3,0,3,4,4,0,7,100,2,1850,1463,5,21,40,1,0,0,0,0
1252415,3,2021,2021,4,5,4,36,1,126,34609,0,1,10,-33.917934,150.808685,41,0,2,1,3,0,0,0,2,0,7,60,0,926,926,4,16,13,2,0,0,0,0
1252417,3,2020,2020,2,1,6,2126,17,93,2149,0,1,1,-33.418825,149.606338,3,2,1,1,3,0,0,0,2,0,7,60,2,14295,14295,3,10,0,2,0,0,0,0
1252418,3,2021,2021,4,4,7,29,27,24,30,0,1,1,-33.906153,150.894394,41,0,2,1,3,0,0,0,2,0,7,60,1,9859,9859,8,5,40,1,0,0,0,0
1252419,3,2021,2021,4,1,9,1,31,9,34609,0,1,1,-33.843655,151.135796,51,0,2,1,3,0,0,0,2,0,7,50,0,4026,4026,8,5,40,1,0,0,0,0