Crash ID,Degree of crash - detailed,Reporting year,Year of crash,Month of crash,Day of week of crash,Two-hour intervals,Street of crash,Street type,Town,Route no.,School zone location,School zone active,Type of location,Latitude,Longitude,LGA,Urbanisation,Conurbation 1,Alignment,Street lighting,Road surface,Surface condition,Weather,Natural lighting,Signals operation,Other traffic control,Speed limit,Road classification,RUM - code,DCA - code,First impact type,Key TU type,Other TU type,No. of traffic units involved,No. killed,No. seriously injured,No. moderately injured,No. minor-other injured
1252420,3,2021,2021,4,1,6,2209,17,7,2205,0,1,9,-35.110126,150.490637,63,1,0,1,3,0,0,0,2,0,15,100,2,63,63,4,5,13,2,0,0,0,0
1252422,3,2021,2021,4,2,9,192,10,57,114,0,1,9,-33.45159,151.36098,16,2,2,1,3,0,0,0,3,2,7,60,2,5929,5929,1,0,0,2,0,0,0,0
1252423,3,2021,2021,4,1,10,36,27,30,36,0,1,7,-34.02904,150.81815,13,0,2,1,3,0,0,0,0,0,7,50,1,5929,5929,1,0,0,2,0,0,0,0
1252425,3,2021,2021,4,0,8,168,17,6,212,0,1,9,-35.480556,149.922935,58,1,0,1,3,0,0,0,2,0,7,100,2,14295,14295,3,10,13,3,0,0,0,0
1252429,3,2021,2021,4,0,7,500,27,129,799,0,1,9,-33.93076,151.066126,15,0,2,1,3,0,0,0,2,2,7,60,2,2852,2852,4,0,35,2,0,0,0,0
1252434,3,2021,2021,4,0,3,125,27,55,123,1,0,7,-33.363958,151.454391,16,2,2,1,3,0,3,3,2,0,0,50,2,2852,2852,4,34,41,2,0,0,0,0
1252435,3,2021,2021,4,5,6,79,10,532,34609,0,1,7,-33.877426,151.200222,69,0,2,0,3,0,0,0,2,0,0,50,0,2852,2852,4,5,5,2,0,0,0,0
1252436,3,2021,2021,4,4,10,63,27,147,34609,0,1,7,-33.881209,150.99361,15,0,2,1,3,0,3,4,0,0,0,50,0,9859,9859,8,5,40,1,0,0,0,0
1252437,3,2021,2021,4,4,4,37,27,19,52,0,1,1,-33.89845,150.612459,79,2,2,1,3,0,0,0,2,0,7,60,1,9859,9859,1,0,19,2,0,0,0,0
1252438,3,2021,2021,4,4,6,1104,14,113,962,0,1,3,-33.785735,150.704199,55,0,2,1,3,0,0,0,2,0,7,110,2,14295,14295,3,30,5,2,0,0,0,0
1252441,3,2021,2021,4,3,5,103,27,41,256,0,1,10,-34.102166,150.802315,13,0,2,1,3,0,0,0,2,2,7,70,2,14295,14295,3,5,0,2,0,0,0,0
1252442,3,2021,2021,4,4,5,16,1,24,25,0,1,1,-33.626243,150.837802,29,2,2,1,3,0,0,0,2,0,7,60,2,1282,1282,1,5,13,2,0,0,0,0
1252444,3,2021,2021,4,5,6,44,27,253,331,0,1,9,-33.960864,151.111618,25,0,2,1,1,0,0,0,2,2,7,60,2,9859,9859,8,5,40,1,0,0,0,0
1252447,3,2021,2021,4,6,9,3371,17,53,3342,0,1,10,-32.926754,151.758083,48,0,2,1,3,0,0,0,3,2,7,60,2,6545,6545,4,15,0,2,0,0,0,0
1252448,3,2021,2021,4,3,4,42,1,69,34609,0,1,10,-32.933834,151.749511,48,0,2,1,3,0,0,0,2,0,7,50,0,5929,5929,1,5,5,2,0,0,0,0
1252449,3,2021,2021,4,4,7,99,31,77,105,0,1,9,-33.867943,150.948532,24,0,2,1,3,0,0,0,2,0,0,60,1,2852,2852,4,5,5,2,0,0,0,0
1252450,3,2021,2021,4,5,7,61,31,92,45,0,1,9,-33.869446,150.977539,24,0,2,1,3,0,0,0,2,2,7,60,1,1391,1391,1,5,10,2,0,0,0,0
1252456,3,2020,2020,2,3,9,9,4,2,34609,0,1,1,-33.396524,149.548184,3,2,1,0,1,0,0,0,2,0,7,50,0,2585,4009,8,5,40,2,0,0,0,0
1252460,3,2020,2020,2,3,7,35,27,91,96,0,1,1,-32.960755,151.664747,37,0,2,1,0,0,0,0,2,0,7,70,2,9859,9859,8,5,40,1,0,0,0,0
1252482,3,2021,2021,4,3,0,3371,17,90,3342,0,1,2,-28.24293,153.558044,72,1,0,1,2,0,3,0,0,0,7,110,2,4026,4026,8,10,40,2,0,0,0,0
1252497,3,2021,2021,4,3,7,346,17,47,332,0,1,1,-28.846748,153.435793,2,1,0,0,1,0,0,0,2,0,7,100,2,3775,3775,0,0,13,2,0,0,0,0
1252513,3,2020,2020,9,5,10,37,27,94,105,0,1,9,-33.888458,150.924271,24,0,2,1,2,0,0,0,0,0,7,60,1,941,941,1,5,19,2,0,0,0,0
1252514,3,2020,2020,9,2,11,3371,17,173,3342,0,1,10,-33.716014,151.108631,31,0,2,0,3,0,0,0,0,2,7,60,2,1957,4009,8,5,40,1,0,0,0,0
1252520,3,2020,2020,10,0,11,283,27,129,702,0,1,9,-33.939801,151.075476,15,0,2,1,2,0,0,0,0,2,7,60,2,3775,3775,0,8,13,3,0,0,0,0
1252526,3,2020,2020,9,3,5,8,31,316,34609,0,1,9,-31.444287,152.919941,56,2,1,0,1,0,0,0,2,0,7,50,0,2852,2852,4,5,36,2,0,0,0,0
1252528,3,2020,2020,11,4,7,265,17,103,193,0,1,1,-34.376105,148.259448,30,1,0,0,3,0,0,0,2,0,7,100,2,4552,5151,8,10,40,1,0,0,0,0
1252538,3,2020,2020,9,3,0,20,27,61,93,1,0,1,-33.758191,150.896078,7,0,2,1,2,0,0,0,0,0,7,50,1,3775,3775,0,5,0,2,0,0,0,0
1252542,3,2020,2020,2,5,0,31,27,136,101,0,1,2,-32.919552,151.724136,48,0,2,1,2,0,3,4,0,0,7,60,2,4026,4026,8,5,40,1,0,0,0,0
1252551,3,2020,2020,2,6,5,1,1,38,34609,0,1,1,-33.943042,151.074112,15,0,2,1,3,0,0,0,2,0,7,50,0,489,489,5,5,40,1,0,0,0,0
1252568,3,2020,2020,2,3,4,168,17,19,212,0,1,1,-35.546215,149.981905,23,2,1,1,3,0,0,0,2,0,7,70,2,4026,4026,8,0,40,1,0,0,0,0
1252570,3,2021,2021,4,3,11,2209,17,19,2205,0,1,9,-34.786843,150.674819,63,1,0,1,3,0,0,3,0,0,7,100,2,9859,9859,8,10,40,1,0,0,0,0
1252571,3,2021,2021,4,0,0,2209,17,95,2205,0,1,2,-34.387942,150.89922,80,0,2,1,2,0,0,0,0,0,7,90,2,1282,1282,1,5,5,2,0,0,0,0
1252583,3,2020,2020,2,6,4,16,31,11,34609,0,1,9,-34.380417,150.893037,80,0,2,0,1,0,3,4,2,0,7,50,0,4552,985,1,5,0,2,0,0,0,0
1252589,3,2020,2020,2,3,2,2126,17,163,2149,0,1,9,-33.869514,151.11018,9,0,2,1,3,0,0,0,1,2,7,60,2,14295,14295,3,5,5,2,0,0,0,0
1252594,3,2021,2021,4,5,3,40,10,56,174,0,1,1,-32.741273,151.334974,17,1,0,0,3,0,0,0,1,0,7,90,2,3775,3775,0,10,13,2,0,0,0,0
1252595,3,2021,2021,4,3,0,87,31,157,1,1,0,10,-33.803342,151.00423,54,0,2,1,3,0,0,0,0,0,15,50,1,4026,4026,8,5,40,1,0,0,0,0
1252599,3,2021,2021,4,6,11,51,27,85,34609,0,1,10,-33.910862,150.875153,41,0,2,1,3,0,0,0,0,2,7,50,0,5929,5929,1,5,0,2,0,0,0,0
1252602,3,2021,2021,4,1,4,15,27,64,32,0,1,1,-34.38356,150.900579,80,0,2,1,3,0,0,0,2,0,7,50,1,1383,1383,1,8,12,2,0,0,0,0
1252609,3,2021,2021,4,1,5,6,36,5,6,0,1,1,-35.026933,143.366735,51,1,0,0,3,0,0,0,2,0,7,100,2,1850,1463,5,5,40,1,0,0,0,0
1252610,3,2021,2021,4,5,5,8,31,48,34609,0,1,1,-32.724355,152.143494,57,2,1,1,3,0,0,0,2,0,7,50,0,14295,14295,3,0,13,2,0,0,0,0
1252618,3,2021,2021,4,2,1,330,1,144,34609,0,1,1,-34.061535,151.012846,68,0,2,1,3,0,0,0,0,0,7,50,0,9859,9859,1,5,5,3,0,0,0,0
1252623,3,2020,2020,9,1,8,18,10,79,34609,0,1,10,-33.999249,150.7397,12,0,2,1,0,0,0,0,2,2,7,60,0,256,256,4,5,10,3,0,0,0,0
1252629,3,2021,2021,4,3,10,9,27,7,45,0,1,1,-34.497573,148.831777,30,1,0,1,0,0,0,0,3,0,7,100,1,475,475,5,34,40,1,0,0,0,0
1252638,3,2021,2021,4,5,8,7,27,11,34609,0,1,9,-31.488668,152.74133,56,2,1,0,0,0,0,0,2,0,7,80,0,4552,5151,8,0,40,1,0,0,0,0
1252639,3,2021,2021,4,3,7,4,27,29,45,0,1,9,-35.10096,150.632827,63,2,1,0,1,0,0,0,2,0,7,50,1,3775,3775,0,0,5,2,0,0,0,0
1252650,3,2021,2021,4,5,7,134,10,104,133,0,1,9,-33.830613,151.020174,54,0,2,1,3,0,0,0,2,3,7,70,2,395,395,1,29,5,2,0,0,0,0
1252653,3,2021,2021,4,3,5,27,31,187,34609,0,1,10,-33.878471,150.975784,24,0,2,1,3,0,0,0,2,0,0,50,0,6545,6545,4,5,5,2,0,0,0,0
1252655,3,2021,2021,4,4,5,111,27,102,233,0,1,2,-33.963755,151.231709,59,0,2,1,3,0,0,0,2,0,7,60,2,1981,1981,4,5,5,2,0,0,0,0
1252658,3,2021,2021,4,2,5,4,10,562,34609,0,1,9,-32.247593,148.636152,22,2,1,1,3,0,0,0,2,0,0,50,0,926,926,4,5,5,2,0,0,0,0
1252663,3,2021,2021,4,0,7,916,17,165,917,0,1,1,-32.340984,150.957894,46,1,0,0,3,0,3,4,2,0,7,100,2,1259,5151,8,9,40,1,0,0,0,0
1252667,3,2021,2021,4,0,7,2261,31,228,39,0,1,10,-34.762993,149.705124,26,2,1,1,3,0,0,0,2,0,0,60,2,5929,5929,1,5,13,2,0,0,0,0
1252676,3,2020,2020,2,3,8,7,31,134,34609,0,1,1,-33.675685,150.865847,7,0,2,1,1,0,0,0,2,0,7,50,0,9859,9859,1,0,13,2,0,0,0,0
1252677,3,2021,2021,4,6,9,60,31,134,34609,0,1,1,-33.671687,150.868528,7,0,2,1,1,0,0,0,2,0,7,50,0,4026,4026,8,5,40,1,0,0,0,0
1252678,3,2020,2020,9,4,7,67,27,42,34609,1,2,1,-33.889485,150.869063,24,0,2,1,1,0,0,0,2,0,7,40,0,4026,4026,1,33,5,2,0,0,0,0
1252698,3,2020,2020,9,2,7,11,27,18,34609,0,1,1,-28.397526,153.402493,72,2,1,0,3,0,0,0,2,0,7,50,0,4552,5151,8,0,40,1,0,0,0,0
1252708,3,2020,2020,9,1,6,51,31,304,34609,0,1,9,-33.90895,151.166293,32,0,2,1,1,0,0,0,2,0,7,50,0,2585,777,1,8,5,2,0,0,0,0
1252720,3,2021,2021,4,4,6,8,27,210,34609,0,1,9,-34.026867,151.117084,68,0,2,1,3,0,0,0,2,0,7,50,0,1109,787,1,10,5,2,0,0,0,0
1252722,3,2021,2021,4,1,8,1104,14,142,962,0,1,3,-33.827058,151.003627,54,0,2,1,3,0,0,0,2,0,7,90,2,14295,14295,3,5,36,2,0,0,0,0
1252725,3,2020,2020,2,1,5,1,7,36,34609,0,1,1,-33.930637,151.2519,59,0,2,0,3,0,0,0,2,0,7,50,0,1282,1282,1,9,5,3,0,0,0,0
1252726,3,2021,2021,4,0,5,3,1,43,34609,0,1,1,-33.766693,151.252254,50,0,2,1,3,0,0,0,2,0,7,50,0,220,220,1,0,5,2,0,0,0,0
1252732,3,2020,2020,2,1,4,26,27,103,34609,0,1,10,-32.942789,151.654035,37,0,2,1,3,0,0,0,2,2,7,60,0,14295,14295,3,5,0,2,0,0,0,0
1252733,3,2021,2021,4,1,8,2261,17,62,2252,0,1,10,-33.887332,151.136709,32,0,2,1,3,0,0,0,2,2,7,60,2,1391,1391,1,5,5,2,0,0,0,0
1252737,3,2020,2020,9,1,5,2209,17,82,2205,0,1,10,-34.373572,150.900773,80,0,2,0,3,0,0,0,2,2,7,80,2,14295,14295,3,5,0,2,0,0,0,0
1252739,3,2021,2021,4,1,8,47,27,293,69,0,1,1,-33.940554,151.231669,59,0,2,1,3,0,0,0,3,0,7,60,1,941,941,1,5,5,2,0,0,0,0
1252741,3,2020,2020,2,3,4,37,31,202,34609,0,1,1,-33.944789,151.029333,15,0,2,1,1,0,0,0,2,0,7,50,0,9859,9859,1,5,12,2,0,0,0,0
1252749,3,2021,2021,4,3,1,14,27,44,34609,0,1,1,-30.712605,152.910958,47,2,1,0,2,0,0,0,0,0,7,50,0,4552,5151,8,5,40,1,0,0,0,0
1252752,3,2021,2021,4,4,7,9,10,79,34609,0,1,2,-34.001097,150.737704,12,0,2,0,1,0,0,0,2,0,7,60,0,1259,5151,8,5,40,1,0,0,0,0
1252758,3,2021,2021,4,0,1,9,27,10,40,0,1,1,-33.42485,149.18627,52,1,0,1,0,0,0,3,0,0,7,100,2,9859,9859,8,30,40,1,0,0,0,0
1252766,3,2021,2021,4,2,4,40,10,37,174,0,1,7,-32.668828,151.362102,17,2,1,0,1,0,0,0,2,0,0,80,2,14295,14295,3,10,0,2,0,0,0,0
1252780,3,2021,2021,4,2,5,1,7,21,34609,0,1,1,-35.73323,150.199507,23,2,1,1,3,0,0,0,2,0,7,50,0,1981,1981,4,5,0,2,0,0,0,0
1252789,3,2020,2020,10,1,10,31,27,70,34609,0,1,9,-33.255728,151.515226,16,2,2,1,3,0,0,3,0,0,7,50,0,489,489,5,5,12,2,0,0,0,0
1252794,3,2021,2021,4,2,8,2261,17,228,2252,0,1,2,-34.773532,149.754229,26,1,0,0,3,0,0,0,2,0,7,110,2,4552,5151,8,0,40,1,0,0,0,0
1252795,3,2021,2021,4,6,2,29,27,106,27,1,0,2,-34.568658,150.798789,62,0,2,1,3,0,0,0,1,0,7,60,2,14295,14295,3,10,0,2,0,0,0,0
1252798,3,2021,2021,4,1,8,15,27,15,41,0,1,1,-28.938658,153.216043,60,1,0,0,3,0,3,4,2,0,7,100,1,1259,5151,8,5,40,1,0,0,0,0
1252799,3,2020,2020,2,0,11,7,27,50,34609,0,1,1,-33.628657,151.317094,50,0,2,1,0,0,0,0,0,0,7,50,0,9859,9859,1,9,36,2,0,0,0,0
1252803,3,2021,2021,4,5,8,196,10,32,168,0,1,9,-33.927035,150.979503,15,0,2,1,3,0,0,3,2,2,7,60,2,2852,2852,4,0,5,2,0,0,0,0
1252804,3,2020,2020,10,2,7,196,10,34,168,0,1,10,-33.974304,151.017044,15,0,2,0,3,0,3,4,2,3,7,60,2,14295,14295,3,5,13,2,0,0,0,0
1252805,3,2021,2021,4,2,2,133,27,46,260,0,1,2,-32.913762,151.660216,48,0,2,0,1,0,3,3,1,0,7,70,2,4552,5151,8,5,40,1,0,0,0,0
1252807,3,2021,2021,4,6,7,39,27,24,29,0,1,1,-32.064657,149.905413,73,1,0,1,3,0,0,0,2,0,7,100,1,2585,777,8,5,40,1,0,0,0,0
1252808,3,2021,2021,4,2,10,232,36,40,331,0,1,10,-33.949955,150.838593,41,0,2,1,3,0,0,0,0,2,7,70,2,4026,4026,8,30,40,1,0,0,0,0
1252809,3,2021,2021,4,1,8,13,27,65,208,0,1,9,-33.860908,150.90127,24,0,2,0,3,0,0,0,2,3,7,50,1,1391,1391,1,5,5,2,0,0,0,0
1252816,3,2021,2021,4,5,5,3371,17,29,3342,0,1,2,-31.807198,152.638671,43,1,0,1,3,0,0,0,2,0,7,100,2,1089,1089,7,0,40,1,0,0,0,0
1252819,3,2021,2021,4,1,4,7,31,57,52,1,0,1,-33.897379,151.170347,32,0,2,1,3,0,0,0,2,0,9,60,1,14295,14295,3,5,5,2,0,0,0,0
1252820,3,2021,2021,4,1,3,36,27,33,36,0,1,2,-34.025358,150.815093,13,0,2,1,3,0,0,0,2,0,7,50,1,1282,1282,1,5,0,2,0,0,0,0
1252821,3,2021,2021,4,0,8,168,17,18,212,0,1,9,-35.64736,150.141361,23,2,1,1,3,0,0,0,2,0,7,80,2,14295,14295,3,10,36,5,0,0,0,0
1252823,3,2021,2021,4,3,2,24,27,246,99,0,1,1,-33.905227,151.192711,69,0,2,1,3,0,0,0,0,0,7,50,2,4026,4026,8,30,40,3,0,0,0,0
1252830,3,2021,2021,4,2,10,2126,17,445,2149,0,1,10,-33.850797,151.053665,21,0,2,1,3,0,0,0,0,2,7,60,2,14295,14295,3,0,5,3,0,0,0,0
1252834,3,2021,2021,4,6,0,115,27,1,46,0,1,1,-34.204576,150.651853,79,1,2,1,3,0,3,4,0,0,7,100,2,1089,1089,7,5,40,1,0,0,0,0
1252836,3,2020,2020,2,2,3,24,27,57,36,0,1,1,-33.594279,150.970935,71,0,2,0,3,0,3,4,2,0,7,80,1,1957,4009,8,10,40,1,0,0,0,0
1252839,3,2021,2021,4,0,8,92,27,129,244,0,1,1,-33.898966,151.093549,9,0,2,1,1,0,0,0,2,0,7,60,2,14295,14295,3,33,5,2,0,0,0,0
1252844,3,2021,2021,4,4,10,71,31,78,125,1,0,9,-33.848934,151.012253,21,0,2,1,2,0,0,0,0,0,0,60,1,926,926,4,5,13,2,0,0,0,0
1252852,3,2021,2021,4,4,7,42,27,37,30,1,0,1,-33.903325,151.25652,76,0,2,1,1,0,0,0,2,0,7,50,1,248,248,1,5,0,2,0,0,0,0
1252858,3,2020,2020,2,2,10,171,31,273,34609,1,0,7,-34.419976,150.896401,80,0,2,1,2,0,0,0,0,0,0,50,0,387,387,1,0,13,3,0,0,0,0
1252862,3,2020,2020,9,6,8,22,1,337,217,0,1,2,-33.734956,151.003375,71,0,2,1,1,0,0,0,2,0,2,50,2,1981,1981,4,0,5,2,0,0,0,0
1252863,3,2021,2021,4,0,8,829,27,165,770,0,1,2,-33.844938,151.150372,14,0,2,1,0,0,0,0,2,0,7,70,2,14295,14295,3,5,40,5,0,0,0,0
1252865,3,2020,2020,2,5,8,1,1,33,34609,0,1,2,-33.775509,150.871315,7,0,2,1,1,0,0,0,2,0,7,50,0,9859,9859,1,5,5,2,0,0,0,0
1252877,3,2021,2021,4,0,6,133,31,646,97,0,1,9,-33.917427,151.022873,15,0,2,1,1,0,0,0,2,0,15,60,1,775,775,4,5,5,2,0,0,0,0
1252886,3,2021,2021,4,2,6,12,31,283,34609,0,1,1,-33.829163,151.01252,54,0,2,1,3,0,0,0,2,0,7,50,0,9859,9859,1,5,36,2,0,0,0,0
1252888,3,2021,2021,4,6,0,829,27,125,770,0,1,2,-33.828821,151.126614,61,0,2,1,2,0,0,0,0,0,7,60,2,9859,9859,1,5,5,2,0,0,0,0
1252895,3,2021,2021,4,5,0,44,1,75,34609,0,1,1,-33.889175,151.111989,9,0,2,1,3,0,0,0,0,0,7,50,0,9859,9859,1,5,5,2,0,0,0,0
1252902,3,2021,2021,4,0,5,19,31,96,34609,0,1,1,-33.368121,148.004716,51,2,1,1,3,0,0,0,2,0,7,50,0,9859,9859,1,10,5,3,0,0,0,0
1252905,3,2020,2020,2,2,9,3371,17,73,3342,0,1,2,-33.772103,151.162378,36,0,2,1,3,0,3,3,0,0,7,60,2,945,945,5,5,40,1,0,0,0,0
1252906,3,2021,2021,4,1,9,34,31,28,25,0,1,10,-35.373918,149.233483,58,2,1,1,3,0,0,0,3,2,7,60,1,2852,2852,4,5,25,2,0,0,0,0
1252907,3,2021,2021,4,4,8,40,27,59,39,0,1,1,-33.176198,151.487337,37,0,2,0,3,0,0,0,2,0,14,60,1,14295,14295,3,10,36,2,0,0,0,0
1252910,3,2021,2021,4,5,7,127,31,19,118,0,1,1,-29.867971,150.571525,51,2,1,1,3,0,0,0,2,0,7,50,2,1282,1282,1,10,40,1,0,0,0,0
1252912,3,2021,2021,4,4,8,2209,17,115,2205,0,1,2,-34.032183,151.073104,68,0,2,1,3,0,0,0,2,0,7,70,2,14295,14295,3,0,5,3,0,0,0,0
1252917,3,2021,2021,4,2,6,30,27,120,154,0,1,2,-33.767603,150.863643,7,0,2,0,3,0,0,0,2,0,7,60,1,14295,14295,3,30,19,2,0,0,0,0
1252920,3,2020,2020,2,1,9,2261,17,443,2252,0,1,9,-33.890536,151.058982,15,0,2,1,0,0,3,3,3,2,7,70,2,14295,14295,3,10,5,2,0,0,0,0
1252922,3,2021,2021,4,3,6,80,27,107,6,0,1,1,-33.276821,151.409557,16,2,2,1,0,0,0,0,2,0,7,60,0,3775,3775,0,33,0,2,0,0,0,0
1252925,3,2021,2021,4,1,3,2126,17,115,2149,0,1,9,-33.884524,151.192946,69,0,2,1,2,0,0,0,2,1,7,50,2,1383,1383,1,0,10,2,0,0,0,0
1252932,3,2020,2020,5,6,5,829,31,173,34609,0,1,0,-33.877209,151.221661,69,0,2,1,1,0,0,0,2,0,7,40,0,941,941,1,5,40,2,0,0,0,0
1252936,3,2021,2021,4,4,1,26,31,204,11,0,1,9,-33.889018,151.121268,32,0,2,1,2,0,3,3,0,0,8,50,1,2585,777,8,9,40,1,0,0,0,0
1252938,3,2020,2020,10,4,3,25,27,49,27,0,1,1,-34.374859,148.823539,30,1,0,1,0,0,0,0,1,0,7,100,1,4026,4026,8,10,40,1,0,0,0,0
1252949,3,2021,2021,4,1,6,1,22,143,34609,0,1,1,-33.709627,151.085569,31,0,2,0,3,0,0,0,2,0,7,50,0,175,188,8,0,40,1,0,0,0,0
1252954,3,2021,2021,4,5,5,12,27,2,42,0,1,1,-35.232315,150.016066,58,1,0,1,3,2,0,0,2,0,7,100,1,1945,1945,5,8,40,1,0,0,0,0
1252956,3,2020,2020,2,1,11,3,1,1,34609,0,1,9,-30.096372,153.193797,19,2,1,1,3,0,0,0,0,0,7,50,0,9859,9859,8,0,40,1,0,0,0,0
1252959,3,2021,2021,4,0,8,30,31,283,34609,0,1,1,-33.841097,151.010676,21,0,2,1,3,0,0,0,2,0,7,50,0,14295,14295,3,0,13,2,0,0,0,0
1252962,3,2021,2021,4,4,6,24,31,70,34609,0,1,1,-33.435968,151.350166,16,2,2,1,3,0,3,0,2,0,7,60,0,9859,9859,1,0,0,2,0,0,0,0
1252964,3,2021,2021,4,0,6,2,31,363,770,0,1,10,-33.809003,151.006942,54,0,2,1,3,0,0,0,2,0,0,50,2,9859,9859,1,0,5,2,0,0,0,0
1252965,3,2021,2021,4,4,7,192,31,150,120,0,1,9,-33.927349,151.238913,59,0,2,1,3,0,0,0,2,0,0,60,2,5929,5929,1,5,0,2,0,0,0,0
1252966,3,2021,2021,4,0,7,107,22,293,34609,0,1,1,-33.925397,151.059166,15,0,2,1,3,0,0,0,2,0,7,50,0,9859,9859,1,5,0,2,0,0,0,0
1252967,3,2021,2021,4,2,7,11,31,2,34609,0,1,1,-33.113519,151.528753,37,0,2,0,3,0,0,0,2,0,7,50,0,1981,1981,4,10,13,2,0,0,0,0
1252968,3,2021,2021,4,0,4,1,1,109,34609,0,1,9,-33.903133,151.133731,32,0,2,1,3,0,0,0,2,0,15,50,0,6545,6545,4,5,5,2,0,0,0,0
1252974,3,2021,2021,4,0,8,10,1,26,96,0,1,10,-33.916452,151.166528,32,0,2,1,3,0,0,0,2,2,7,60,2,1282,1282,1,33,0,2,0,0,0,0
1252975,3,2021,2021,4,0,4,20,1,2,34609,0,1,1,-33.893819,151.02738,15,0,2,1,3,0,0,0,2,0,7,50,0,220,220,8,5,40,1,0,0,0,0
1252981,3,2021,2021,4,6,7,30,18,95,34609,0,1,9,-34.397563,150.892308,80,0,2,1,3,0,0,0,2,2,7,60,0,2852,2852,4,0,5,2,0,0,0,0
1252983,3,2021,2021,4,1,8,344,27,164,163,0,1,2,-33.742172,150.868771,7,0,2,1,3,0,0,0,2,0,7,70,2,14295,14295,3,5,0,2,0,0,0,0
1252984,3,2021,2021,4,0,10,28,27,94,34609,0,1,1,-33.787597,150.789835,55,0,2,1,3,0,0,0,0,0,7,50,0,14295,14295,3,21,5,2,0,0,0,0
1252987,3,2021,2021,4,0,6,2126,17,125,2149,0,1,9,-33.861268,151.076111,67,0,2,1,3,0,0,0,2,2,7,60,2,217,217,1,9,5,2,0,0,0,0
1252989,3,2021,2021,4,3,4,103,36,9,103,0,1,9,-32.377812,151.9483,43,1,0,1,3,0,0,0,2,0,0,90,1,926,926,4,0,5,2,0,0,0,0
1252990,3,2021,2021,4,5,9,37,27,21,36,0,1,1,-32.553325,151.763603,51,1,0,1,3,0,0,0,3,0,7,90,1,1089,1089,7,10,40,1,0,0,0,0
1252993,3,2021,2021,4,5,10,5,27,2,34609,0,1,1,-32.331309,152.180083,43,1,0,1,3,0,0,0,4,0,7,100,0,9859,9859,8,0,40,1,0,0,0,0
1252997,3,2020,2020,2,1,8,1,25,74,34609,0,1,9,-33.75911,150.844916,7,0,2,1,3,0,0,3,2,0,7,50,0,301,301,4,10,5,2,0,0,0,0
1253000,3,2021,2021,4,0,6,3371,17,137,3342,0,1,2,-32.956457,151.702874,37,0,2,0,3,0,0,0,2,0,7,60,2,1391,1391,1,5,5,2,0,0,0,0
1253021,3,2020,2020,9,3,8,80,27,123,50,0,1,9,-33.902338,151.22377,59,0,2,1,0,0,0,0,2,0,7,60,2,186,186,1,33,5,2,0,0,0,0
1253035,3,2020,2020,10,3,6,10,27,8,34609,0,1,1,-34.523947,150.606006,78,2,1,0,0,0,3,3,2,0,7,80,0,4552,5151,8,10,40,1,0,0,0,0
1253039,3,2020,2020,2,5,4,132,27,133,34609,1,2,2,-34.501691,150.786738,80,0,2,1,1,0,0,0,2,0,7,40,0,14295,14295,3,10,0,2,0,0,0,0
1253042,3,2021,2021,4,2,0,1,31,18,34609,0,1,1,-32.705307,151.526499,42,2,1,1,2,0,3,4,0,0,7,50,0,9859,9859,1,5,5,2,0,0,0,0
1253056,3,2020,2020,9,5,11,20,31,174,321,0,1,9,-33.894863,151.198275,69,0,2,1,2,0,0,0,0,0,7,50,2,1383,1383,1,5,0,2,0,0,0,0
1253061,3,2020,2020,10,2,11,111,27,102,233,0,1,7,-33.975761,151.236715,59,0,2,1,2,0,3,4,0,0,0,60,1,4552,985,8,5,40,1,0,0,0,0
1253067,3,2020,2020,10,0,9,24,31,433,34609,0,1,1,-33.275524,149.100357,52,2,1,1,0,0,3,4,0,0,7,50,0,1282,1282,1,33,13,2,0,0,0,0
1253083,3,2020,2020,2,3,2,15,27,121,15,0,1,1,-33.787882,151.275358,50,0,2,1,2,0,0,0,0,0,7,50,1,4026,4026,8,5,40,1,0,0,0,0
1253091,3,2020,2020,2,0,8,36,27,43,38,0,1,1,-33.772956,151.260216,50,0,2,0,1,0,3,4,3,0,7,60,1,380,714,5,5,40,1,0,0,0,0
1253097,3,2020,2020,2,3,2,2209,17,166,2205,0,1,1,-33.901359,151.17867,69,0,2,1,2,0,0,0,0,0,7,50,2,4026,4026,1,0,5,2,0,0,0,0
1253113,3,2020,2020,9,0,8,2261,17,523,2252,0,1,9,-33.9307,150.917642,41,0,2,1,1,0,0,0,2,0,7,60,2,1383,1383,1,5,5,2,0,0,0,0
1253118,3,2021,2021,4,4,9,59,10,84,231,0,1,7,-33.472477,151.395065,16,2,2,1,3,0,0,3,0,0,7,60,2,775,775,4,5,5,2,0,0,0,0
1253144,3,2021,2021,4,2,6,18,27,253,7,0,1,1,-33.963502,151.097443,25,0,2,1,3,0,0,0,2,0,7,50,1,1109,397,1,5,5,2,0,0,0,0
1253148,3,2021,2021,4,4,5,118,17,77,118,0,1,1,-30.307959,149.767054,51,2,1,1,3,0,0,0,2,0,7,80,2,14295,14295,3,5,0,2,0,0,0,0
1253149,3,2021,2021,4,3,4,308,14,252,311,0,1,3,-33.951632,150.87857,41,0,2,0,3,0,0,0,2,0,7,100,2,1391,1391,1,10,5,3,0,0,0,0
1253157,3,2021,2021,4,3,8,77,10,40,331,0,1,2,-34.224218,150.593111,79,2,2,1,3,0,3,4,3,0,7,50,1,9859,9859,8,0,40,1,0,0,0,0
1253162,3,2021,2021,4,6,5,168,17,18,212,0,1,1,-35.640539,150.125055,23,1,0,0,3,0,3,4,2,0,7,90,2,1957,4009,8,5,40,1,0,0,0,0
1253163,3,2021,2021,4,4,4,3371,17,104,3342,0,1,2,-32.836498,151.687805,48,0,2,1,3,0,3,4,2,0,7,80,2,1391,1391,1,5,0,2,0,0,0,0