Crash ID,Degree of crash - detailed,Reporting year,Year of crash,Month of crash,Day of week of crash,Two-hour intervals,Street of crash,Street type,Town,Route no.,School zone location,School zone active,Type of location,Latitude,Longitude,LGA,Urbanisation,Conurbation 1,Alignment,Street lighting,Road surface,Surface condition,Weather,Natural lighting,Signals operation,Other traffic control,Speed limit,Road classification,RUM - code,DCA - code,First impact type,Key TU type,Other TU type,No. of traffic units involved,No. killed,No. seriously injured,No. moderately injured,No. minor-other injured
1253167,3,2021,2021,4,3,5,33,27,16,41,0,1,10,-33.745618,150.73739,55,0,2,1,3,0,0,0,2,2,7,50,1,14295,14295,3,5,5,2,0,0,0,0
1253168,3,2021,2021,4,5,6,5,31,131,34609,0,1,1,-36.075033,146.924113,0,2,1,1,3,0,3,3,2,0,7,50,0,1109,787,1,5,5,2,0,0,0,0
1253169,3,2021,2021,4,1,5,478,17,20,480,0,1,9,-33.401018,151.468983,16,2,2,1,3,0,0,0,2,0,0,70,2,2852,2852,4,0,0,2,0,0,0,0
1253171,3,2021,2021,4,4,4,1052,27,69,262,0,1,2,-32.907554,151.696314,48,0,2,1,3,0,3,4,2,0,7,60,2,1391,1391,1,5,12,2,0,0,0,0
1253172,3,2021,2021,4,0,4,50,27,169,382,0,1,10,-33.777236,150.848196,7,0,2,1,3,0,0,0,2,2,7,60,2,1282,1282,1,5,0,3,0,0,0,0
1253174,3,2021,2021,4,0,8,1052,14,36,928,0,1,3,-33.640008,151.145049,31,0,2,1,3,0,3,4,2,0,7,110,2,14295,14295,3,0,0,3,0,0,0,0
1253177,3,2021,2021,4,6,5,11,27,92,34609,0,1,1,-33.410957,151.35447,16,2,2,0,3,0,3,4,2,0,7,50,0,1957,4009,1,5,5,2,0,0,0,0
1253182,3,2021,2021,4,1,5,50,27,125,51,0,1,7,-33.854093,151.077501,67,0,2,0,3,0,0,0,2,2,0,60,1,2852,2852,4,5,0,2,0,0,0,0
1253187,3,2021,2021,4,1,7,37,31,108,34609,0,1,10,-33.765858,151.26826,50,0,2,1,3,0,0,0,2,2,7,50,0,5929,5929,1,5,0,2,0,0,0,0
1253189,3,2021,2021,4,2,9,6,27,34,34609,0,1,1,-33.513288,151.370398,16,2,2,0,3,0,0,0,0,0,7,60,0,1259,5151,8,5,40,1,0,0,0,0
1253190,3,2021,2021,4,0,6,5,27,36,34609,0,1,1,-33.795379,150.951428,21,0,2,1,3,0,3,4,2,0,7,50,0,14295,14295,3,5,0,2,0,0,0,0
1253193,3,2021,2021,4,1,6,46,36,5,46,0,1,1,-33.189062,149.10211,11,1,0,1,3,0,0,0,2,0,7,100,1,1945,1945,5,0,40,1,0,0,0,0
1253209,3,2021,2021,4,5,9,30,10,42,26,0,1,1,-36.013491,146.357923,51,1,0,1,0,0,0,0,2,0,7,100,2,475,475,5,30,40,1,0,0,0,0
1253213,3,2021,2021,4,3,7,515,14,294,518,0,1,3,-33.941175,150.936483,41,0,2,1,1,0,0,0,2,0,7,100,2,1192,1192,1,33,5,2,0,0,0,0
1253233,3,2021,2021,4,4,7,4,27,129,34609,0,1,1,-33.928877,151.076996,15,0,2,0,0,0,0,0,2,0,7,50,0,190,190,1,5,5,2,0,0,0,0
1253238,3,2021,2021,4,4,8,11,31,122,34609,0,1,10,-33.422638,151.340302,16,2,2,1,1,0,3,4,2,0,0,50,0,204,204,1,5,5,3,0,0,0,0
1253246,3,2020,2020,2,6,7,30,27,4,39,0,1,9,-35.591588,149.595845,58,2,1,0,0,2,0,0,2,0,7,80,1,5929,5929,1,10,13,2,0,0,0,0
1253279,3,2020,2020,10,0,11,6,31,155,34609,0,1,4,-33.497677,151.322189,16,2,2,0,2,0,0,0,0,0,7,50,0,2585,4009,8,5,40,1,0,0,0,0
1253280,3,2021,2021,4,2,9,293,10,91,172,0,1,1,-32.983172,151.644127,37,0,2,1,1,0,3,4,2,0,7,60,2,3775,3775,0,34,0,2,0,0,0,0
1253283,3,2021,2021,4,2,2,31,31,433,34609,0,1,1,-33.266937,149.100495,52,2,1,1,2,0,0,0,1,0,7,50,0,4026,4026,8,5,40,1,0,0,0,0
1253306,3,2021,2021,4,3,9,27,10,19,34609,0,1,1,-34.080276,150.838262,13,0,2,0,1,0,0,0,3,0,7,50,0,2585,4009,8,5,40,1,0,0,0,0
1253310,3,2021,2021,4,0,9,48,31,121,102,0,1,9,-33.799224,151.284376,50,0,2,1,2,0,0,0,0,2,7,30,2,5929,5929,1,33,5,2,0,0,0,0
1253313,3,2020,2020,2,3,9,1,27,123,34609,0,1,1,-33.71107,148.54409,51,1,0,0,3,2,0,0,3,0,7,100,0,1259,5151,8,10,40,1,0,0,0,0
1253315,3,2021,2021,4,2,6,196,10,32,168,0,1,1,-33.91939,150.975091,15,0,2,1,3,0,0,0,2,0,7,60,2,14295,14295,3,5,0,3,0,0,0,0
1253318,3,2021,2021,4,3,3,91,27,119,187,0,1,10,-33.874951,151.155162,32,0,2,1,3,0,0,0,2,2,7,70,2,6545,6545,4,5,5,2,0,0,0,0
1253320,3,2021,2021,4,5,4,19,27,19,19,0,1,1,-33.308188,151.251011,16,1,2,0,3,0,0,0,2,0,7,100,1,782,957,5,8,40,1,0,0,0,0
1253321,3,2021,2021,4,2,0,308,14,323,311,0,1,3,-33.810087,150.851925,7,0,2,1,3,0,0,0,0,0,7,100,2,84,84,8,29,40,1,0,0,0,0
1253322,3,2021,2021,4,2,7,334,17,84,308,0,1,10,-31.094,150.916525,70,2,1,1,3,0,3,0,2,2,7,50,2,5929,5929,1,5,5,2,0,0,0,0
1253324,3,2021,2021,4,2,3,500,27,136,799,0,1,10,-33.925397,151.086895,15,0,2,1,3,0,0,0,2,2,8,60,2,301,301,4,5,5,2,0,0,0,0
1253327,3,2021,2021,4,1,10,35,1,63,52,0,1,1,-33.734799,150.79908,7,0,2,1,3,0,0,0,0,0,7,60,1,9859,9859,1,10,5,2,0,0,0,0
1253328,3,2020,2020,2,6,2,829,31,60,34609,0,1,1,-33.757798,150.73909,55,0,2,1,3,0,3,4,1,0,7,50,0,9859,9859,8,5,40,1,0,0,0,0
1253330,3,2021,2021,4,0,10,8,27,29,147,0,1,7,-28.801373,153.592545,2,2,1,1,3,0,0,0,0,0,0,60,1,1192,1192,1,5,25,2,0,0,0,0
1253334,3,2021,2021,4,6,4,265,10,445,563,0,1,1,-33.853885,151.040591,21,0,2,1,3,0,0,0,2,0,7,70,2,14295,14295,3,5,5,2,0,0,0,0
1253362,3,2021,2021,4,4,5,20,31,149,260,0,1,4,-33.992272,151.145769,4,0,2,0,3,0,3,0,2,0,7,60,2,4552,5151,8,21,40,1,0,0,0,0
1253363,3,2020,2020,11,4,8,283,27,129,702,0,1,9,-33.936858,151.074513,15,0,2,1,3,0,0,0,2,2,7,60,2,14295,14295,3,0,0,2,0,0,0,0
1253364,3,2021,2021,4,0,11,4,31,136,34609,0,1,7,-33.921185,151.073608,15,0,2,1,3,0,0,0,0,0,7,50,0,1282,1282,1,5,5,2,0,0,0,0
1253365,3,2021,2021,4,2,7,34,31,82,34609,0,1,10,-33.826156,151.204132,49,0,2,1,3,0,0,0,2,0,7,50,0,5929,5929,1,0,36,2,0,0,0,0
1253372,3,2021,2021,4,6,5,5,31,234,34609,0,1,9,-34.290512,146.055325,28,2,1,1,3,0,0,0,2,0,7,50,0,5929,5929,1,0,13,2,0,0,0,0
1253373,3,2021,2021,4,6,2,515,14,166,518,0,1,3,-33.944462,150.9824,15,0,2,1,3,0,0,0,0,0,7,100,2,14295,14295,3,5,5,3,0,0,0,0
1253374,3,2021,2021,4,6,10,3,27,5,34609,0,1,1,-36.152272,149.367535,65,1,0,0,3,0,0,0,0,0,7,100,0,418,714,5,0,40,1,0,0,0,0
1253377,3,2021,2021,4,4,4,4,31,293,34609,0,1,1,-33.940235,151.253013,59,0,2,1,3,0,3,4,2,0,7,50,0,4026,4026,1,20,5,2,0,0,0,0
1253379,3,2021,2021,4,3,10,1052,14,54,928,0,1,3,-33.467786,151.194025,16,1,2,1,3,0,0,0,0,0,7,110,2,404,404,8,5,40,1,0,0,0,0
1253382,3,2021,2021,4,2,9,35,27,71,24,0,1,9,-33.762531,150.697998,55,0,2,1,3,0,0,0,2,0,7,60,1,14295,14295,3,5,5,2,0,0,0,0
1253383,3,2021,2021,4,4,3,3371,17,149,3342,0,1,7,-33.345062,151.369891,16,2,2,1,3,0,3,4,1,0,0,60,2,1383,1383,1,10,5,2,0,0,0,0
1253390,3,2021,2021,4,2,6,17,27,10,34609,0,1,9,-34.611816,150.44213,78,1,0,1,3,0,0,0,2,0,7,100,0,1282,1282,1,19,40,1,0,0,0,0
1253391,3,2021,2021,4,3,3,1,31,84,34609,0,1,9,-31.102853,150.894643,70,2,1,1,3,0,0,0,2,0,0,50,0,4552,985,8,5,40,1,0,0,0,0
1253393,3,2021,2021,4,0,3,36,27,438,25,0,1,10,-33.848217,151.021454,21,0,2,1,3,0,3,0,2,2,7,50,1,6545,6545,4,0,36,2,0,0,0,0
1253394,3,2021,2021,4,1,4,4,31,90,34609,0,1,9,-32.921569,151.74498,48,0,2,1,3,0,0,0,2,0,7,50,0,2852,2852,4,30,5,2,0,0,0,0
1253395,3,2021,2021,4,2,5,2261,17,204,2252,1,0,9,-33.890293,151.129701,32,0,2,1,3,0,0,3,2,2,9,60,2,1282,1282,1,5,5,3,0,0,0,0
1253398,3,2021,2021,4,5,5,3371,17,16,3342,0,1,2,-31.209233,152.823105,34,1,0,1,0,0,0,0,2,0,7,110,2,9859,9859,1,29,5,3,0,0,0,0
1253401,3,2021,2021,4,6,6,1,36,78,34609,0,1,1,-34.479702,150.848081,80,0,2,1,3,0,0,0,2,0,7,50,0,1192,1192,1,5,0,2,0,0,0,0
1253403,3,2021,2021,4,6,8,9,27,110,20,1,0,9,-33.766072,151.022181,54,0,2,1,3,0,3,4,2,2,7,50,1,5929,5929,1,0,5,2,0,0,0,0
1253405,3,2021,2021,4,0,7,1104,14,323,962,0,1,3,-33.802249,150.886555,7,0,2,1,3,0,3,4,2,0,7,100,2,1391,1391,1,5,5,2,0,0,0,0
1253406,3,2021,2021,4,1,1,18,27,13,20,0,1,1,-33.712999,150.012599,40,1,0,1,3,0,0,0,0,0,7,100,2,1089,1089,7,29,40,1,0,0,0,0
1253407,3,2021,2021,4,0,8,36,1,126,34609,0,1,1,-33.918649,150.813843,41,0,2,1,3,0,0,0,2,0,7,60,0,941,941,1,5,5,2,0,0,0,0
1253409,3,2020,2020,10,2,6,78,27,147,78,0,1,1,-33.871223,151.128497,14,0,2,1,3,0,0,0,2,0,7,60,2,186,186,1,5,5,2,0,0,0,0
1253410,3,2021,2021,4,5,5,866,17,77,793,0,1,9,-33.731363,151.080239,31,0,2,1,3,0,0,0,2,2,7,70,2,14295,14295,3,5,5,3,0,0,0,0
1253411,3,2021,2021,4,3,11,3,10,25,34609,0,1,9,-31.556932,152.848275,56,2,1,0,3,0,0,0,0,0,7,50,0,4552,5151,1,30,0,2,0,0,0,0
1253412,3,2021,2021,4,5,6,16,31,122,34609,0,1,7,-33.426838,151.340652,16,2,2,1,3,0,0,0,2,0,0,40,0,926,926,4,5,5,2,0,0,0,0
1253413,3,2020,2020,2,6,6,86,27,16,65,0,1,1,-30.086089,152.631584,18,1,0,1,3,0,3,0,2,0,7,100,1,14295,14295,3,9,5,2,0,0,0,0
1253418,3,2021,2021,4,4,9,34,31,96,25,0,1,1,-35.360386,149.233328,58,2,1,1,3,0,3,4,3,0,7,50,1,1981,1981,4,0,13,2,0,0,0,0
1253427,3,2020,2020,2,5,5,481,17,30,483,0,1,1,-34.7408,146.553119,51,2,1,1,1,0,0,0,2,0,7,50,2,175,188,1,26,13,2,0,0,0,0
1253445,3,2021,2021,4,4,7,37,31,198,41,0,1,1,-33.917559,151.104258,15,0,2,1,3,0,0,0,2,0,7,50,1,9859,9859,8,5,40,1,0,0,0,0
1253450,3,2021,2021,4,5,4,515,14,60,518,0,1,3,-33.94309,150.946171,41,0,2,1,3,0,0,0,2,0,7,100,2,404,404,8,5,40,1,0,0,0,0
1253451,3,2021,2021,4,6,8,22,27,173,34609,0,1,0,-33.875848,151.221695,69,0,2,1,3,0,0,0,2,0,7,40,0,1282,1282,1,0,12,2,0,0,0,0
1253456,3,2021,2021,4,1,8,2,22,39,34609,0,1,1,-29.443572,153.36346,18,2,1,1,3,0,0,0,2,0,7,50,0,387,387,1,30,5,2,0,0,0,0
1253459,3,2020,2020,9,6,4,17,31,346,34609,0,1,1,-33.875121,151.071146,67,0,2,1,3,0,0,0,2,0,7,50,0,9859,9859,1,0,5,2,0,0,0,0
1253461,3,2021,2021,4,6,5,20,23,252,16,0,1,1,-33.928027,150.888064,41,0,2,1,3,0,0,3,2,0,7,60,0,1109,397,1,10,5,2,0,0,0,0
1253464,3,2021,2021,4,0,11,4,31,70,34609,0,1,1,-32.900752,151.725188,48,0,2,1,0,0,0,0,0,0,7,50,0,9859,9859,1,5,0,2,0,0,0,0
1253466,3,2021,2021,4,1,11,39,31,443,34609,1,0,1,-33.896485,151.062269,15,0,2,1,0,0,0,0,0,0,7,50,0,9859,9859,1,10,5,3,0,0,0,0
1253471,3,2021,2021,4,1,5,191,27,20,208,0,1,9,-33.794743,151.091747,61,0,2,1,3,0,0,0,2,0,7,60,2,1669,1669,3,9,5,2,0,0,0,0
1253474,3,2020,2020,9,4,11,18,31,106,34609,0,1,1,-33.892218,151.174732,32,0,2,1,2,0,0,0,0,0,7,50,0,4026,4026,1,5,13,2,0,0,0,0
1253476,3,2021,2021,4,2,2,1052,14,118,928,0,1,3,-33.392457,151.297752,16,1,2,1,2,0,0,0,0,0,7,110,2,14295,14295,3,33,5,2,0,0,0,0
1253485,3,2021,2021,4,1,4,125,27,43,144,0,1,1,-32.807114,151.871497,57,2,1,1,1,0,0,0,2,0,7,80,2,14295,14295,3,5,5,2,0,0,0,0
1253487,3,2021,2021,4,6,1,2,27,24,26,0,1,9,-35.982185,146.01251,51,2,1,0,2,0,0,0,0,0,0,60,2,1957,4009,8,5,40,1,0,0,0,0
1253488,3,2021,2021,4,2,2,2261,17,30,2252,0,1,2,-34.817176,148.388691,30,1,0,1,0,0,0,0,1,0,7,110,2,14295,14295,3,3,2,2,0,0,0,0
1253491,3,2020,2020,9,1,8,6,27,2,34609,0,1,1,-33.427915,150.788165,29,2,2,0,0,2,0,0,2,0,7,70,0,1850,1463,5,5,40,1,0,0,0,0
1253507,3,2021,2021,4,1,3,100,27,323,100,0,1,2,-33.802405,150.852434,7,0,2,1,0,0,0,0,2,0,7,70,2,1383,1383,1,3,0,3,0,0,0,0
1253513,3,2021,2021,4,4,10,137,14,24,70,0,1,3,-32.878748,151.573724,37,0,2,1,0,0,3,4,0,0,7,110,2,475,475,5,5,40,1,0,0,0,0
1253523,3,2021,2021,4,2,11,255,27,28,34609,1,0,9,-32.950024,151.623414,37,0,2,1,2,0,0,0,0,0,7,60,0,9859,9859,8,0,40,1,0,0,0,0
1253527,3,2021,2021,4,6,10,234,27,337,217,1,0,9,-33.731863,151.014051,71,0,2,0,1,0,3,4,0,0,7,60,2,623,623,3,33,36,2,0,0,0,0
1253533,3,2021,2021,4,1,11,3371,17,27,3342,0,1,2,-30.147679,153.19222,19,1,0,0,3,0,3,3,0,0,7,100,2,1391,1391,1,3,2,2,0,0,0,0
1253537,3,2021,2021,4,2,5,79,31,2,34609,0,1,9,-33.857255,151.194344,32,0,2,1,1,0,0,0,2,0,7,40,0,248,248,1,0,5,2,0,0,0,0
1253540,3,2021,2021,4,3,7,222,27,71,165,0,1,10,-33.97023,151.073639,25,0,2,1,2,0,0,0,2,2,7,50,1,5929,5929,1,5,13,2,0,0,0,0
1253543,3,2021,2021,4,5,9,168,17,14,212,0,1,1,-35.245616,149.664429,58,1,0,1,3,0,3,0,3,0,7,100,2,1192,1192,1,5,0,2,0,0,0,0
1253545,3,2021,2021,4,4,5,8,31,460,34609,0,1,7,-33.829062,150.987463,21,0,2,1,3,0,0,0,2,0,0,50,0,515,515,1,5,13,2,0,0,0,0
1253555,3,2021,2021,4,6,11,3,1,646,34609,0,1,7,-33.912063,151.031052,15,0,2,1,3,0,0,0,0,0,7,50,0,9859,9859,8,5,40,1,0,0,0,0
1253559,3,2021,2021,4,1,4,30,27,4,39,0,1,1,-35.621754,149.530963,58,1,0,0,3,2,0,0,2,0,7,100,1,4552,5151,8,0,40,1,0,0,0,0
1253560,3,2021,2021,4,4,7,39,22,24,34609,0,1,1,-33.384002,151.411604,16,2,2,0,3,0,3,4,2,0,7,60,0,4552,5151,8,5,40,1,0,0,0,0
1253563,3,2021,2021,4,2,0,1,31,130,34609,0,1,1,-34.452253,150.838174,80,0,2,1,3,0,0,0,0,0,7,50,0,9859,9859,1,5,5,2,0,0,0,0
1253568,3,2021,2021,4,0,6,4,27,30,34609,0,1,1,-34.729337,146.576989,51,2,1,0,3,0,0,0,2,0,7,70,0,515,515,1,3,13,2,0,0,0,0
1253571,3,2021,2021,4,5,5,133,31,30,34609,0,1,10,-34.204239,150.576004,79,2,2,1,3,0,0,0,2,0,0,50,0,301,301,4,0,10,2,0,0,0,0
1253578,3,2021,2021,4,2,5,2261,17,35,2252,0,1,3,-34.207337,150.695263,79,1,2,1,3,0,0,0,2,0,7,110,2,14295,14295,3,5,0,2,0,0,0,0
1253599,3,2020,2020,2,5,11,361,23,77,34609,0,1,1,-33.038942,151.662612,37,0,2,1,2,0,0,0,0,0,7,50,0,4026,4026,8,34,40,1,0,0,0,0
1253608,3,2020,2020,10,6,5,29,31,173,233,0,1,10,-33.885041,151.218198,69,0,2,1,1,0,0,0,2,1,7,60,2,6545,6545,4,5,5,2,0,0,0,0
1253612,3,2020,2020,2,2,8,2,27,42,34609,0,1,1,-33.656637,151.312284,50,0,2,1,1,0,0,0,2,0,7,50,0,9859,9859,1,9,41,2,0,0,0,0
1253625,3,2020,2020,2,3,7,3371,17,41,3342,0,1,9,-32.809142,151.710412,57,2,1,0,3,0,0,0,2,2,7,80,2,418,714,5,30,40,1,0,0,0,0
1253628,3,2020,2020,2,5,1,45,31,76,2205,0,1,9,-35.347707,150.471104,63,2,1,1,2,0,0,3,0,0,7,60,2,2585,777,8,5,40,1,0,0,0,0
1253649,3,2020,2020,9,6,9,32,31,29,34609,0,1,1,-31.093231,150.947847,70,2,1,0,1,0,0,0,2,0,7,50,0,4552,5151,8,5,40,1,0,0,0,0
1253650,3,2020,2020,9,3,1,2,31,290,34609,0,1,1,-33.961214,151.125871,4,0,2,1,2,0,0,0,0,0,7,50,0,9859,9859,1,10,0,6,0,0,0,0
1253659,3,2021,2021,4,0,8,43,27,316,38,0,1,7,-33.903001,151.240219,59,0,2,1,3,0,3,4,2,0,7,50,1,945,945,5,5,40,1,0,0,0,0
1253661,3,2021,2021,4,4,6,8,27,239,34609,0,1,1,-34.031451,151.122179,68,0,2,1,3,0,0,3,2,0,7,50,0,1981,1981,4,0,5,3,0,0,0,0
1253669,3,2021,2021,3,4,4,177,31,174,208,0,1,7,-33.860494,150.927487,24,0,2,1,3,0,0,0,2,0,0,60,1,395,395,1,5,5,2,0,0,0,0
1253670,3,2021,2021,3,1,7,280,10,187,240,0,1,9,-33.887353,150.968487,24,0,2,1,3,0,0,0,2,0,0,60,2,3775,3775,0,0,5,2,0,0,0,0
1253673,3,2021,2021,4,4,3,3371,17,137,3342,0,1,2,-32.95784,151.699666,37,0,2,0,3,0,3,4,0,0,7,60,2,1391,1391,1,5,13,3,0,0,0,0
1253677,3,2021,2021,4,2,9,46,27,304,39,0,1,1,-33.906728,151.146077,32,0,2,1,3,0,0,0,2,0,7,60,1,9859,9859,1,5,5,3,0,0,0,0
1253684,3,2020,2020,2,4,0,5,31,29,34609,0,1,9,-32.871905,151.688814,48,0,2,1,3,0,3,0,0,0,0,50,0,489,489,5,5,40,1,0,0,0,0
1253687,3,2021,2021,4,5,3,194,31,155,34609,0,1,10,-33.135408,148.176025,53,2,1,1,1,0,0,0,1,0,0,50,0,6545,6545,4,5,5,2,0,0,0,0
1253688,3,2020,2020,9,4,5,133,17,55,121,0,1,9,-36.213172,149.151515,65,2,1,1,1,0,0,0,2,0,7,60,2,9859,9859,8,5,40,1,0,0,0,0
1253690,3,2021,2021,3,0,6,21,27,19,22,0,1,9,-32.736324,152.001898,57,2,1,1,3,0,0,0,2,0,0,70,1,6545,6545,4,5,5,2,0,0,0,0
1253694,3,2021,2021,3,0,4,61,27,232,70,0,1,10,-33.661072,150.923622,71,0,2,1,3,0,0,0,2,0,15,70,1,623,623,3,0,13,2,0,0,0,0
1253696,3,2021,2021,4,0,7,169,1,17,34609,0,1,1,-33.797187,151.156905,61,0,2,1,3,0,3,4,2,0,7,50,0,3775,3775,0,30,5,2,0,0,0,0
1253697,3,2021,2021,4,0,7,133,31,49,34609,0,1,10,-32.992503,151.682676,37,0,2,1,3,0,3,4,2,2,7,60,0,1259,985,8,9,40,1,0,0,0,0
1253707,3,2021,2021,4,1,11,32,27,42,27,0,1,1,-33.664201,151.254783,50,0,2,0,3,0,0,6,0,0,7,60,2,1259,5151,8,5,40,1,0,0,0,0
1253708,3,2021,2021,3,1,6,2209,17,9,2205,0,1,9,-35.085255,150.531542,63,2,1,1,3,0,0,0,2,0,0,80,2,14295,14295,3,16,5,2,0,0,0,0
1253710,3,2021,2021,3,5,4,1,27,57,34609,0,1,9,-34.682242,150.832046,35,2,1,1,3,0,0,0,2,0,7,60,0,5929,5929,1,5,13,2,0,0,0,0
1253714,3,2021,2021,4,3,0,7,31,61,34609,0,1,10,-32.926152,151.739521,48,0,2,1,0,0,0,0,0,0,15,50,0,4026,4026,1,0,5,3,0,0,0,0
1253716,3,2021,2021,4,5,7,31,24,173,36,0,1,10,-33.735918,151.100078,36,0,2,1,3,0,0,0,2,2,7,60,1,395,395,1,0,5,2,0,0,0,0
1253719,3,2020,2020,2,5,6,15,27,8,33,0,1,1,-34.276143,149.936651,74,1,0,0,3,2,0,3,2,0,7,100,1,4552,5151,8,5,40,1,0,0,0,0
1253723,3,2021,2021,4,6,8,1104,11,130,770,0,1,3,-33.870441,151.189666,69,0,2,1,1,0,0,0,2,0,7,60,2,1383,1383,1,5,5,2,0,0,0,0
1253737,3,2020,2020,2,1,10,3371,17,147,3342,0,1,2,-33.744368,151.141275,36,0,2,0,3,0,3,4,0,0,7,60,2,1957,4009,8,0,40,1,0,0,0,0
1253749,3,2020,2020,9,4,10,28,27,346,63,0,1,1,-33.882619,151.085092,67,0,2,1,2,0,0,0,0,0,7,50,1,190,190,1,30,5,4,0,0,0,0
1253758,3,2021,2021,3,5,6,3371,17,90,3342,0,1,2,-28.244758,153.551876,72,1,0,1,0,0,0,0,2,0,7,110,2,4026,4026,8,30,40,2,0,0,0,0
1253763,3,2021,2021,3,4,7,58,31,176,34609,0,1,9,-33.968745,151.129627,25,0,2,1,1,0,0,0,2,0,7,50,0,4026,4026,1,5,5,2,0,0,0,0
1253771,3,2021,2021,4,4,6,512,17,562,441,0,1,1,-32.253923,148.606183,22,2,1,1,3,0,0,0,2,0,7,60,2,14295,14295,3,10,5,3,0,0,0,0
1253778,3,2021,2021,4,3,10,10,27,8,39,0,1,1,-30.996969,149.07783,51,1,0,1,3,0,0,0,0,0,7,100,1,1089,1089,7,10,40,1,0,0,0,0
1253813,3,2021,2021,4,5,5,12,1,134,34609,0,1,10,-33.892611,151.251835,76,0,2,1,3,0,0,0,2,1,7,50,0,6545,6545,4,0,5,2,0,0,0,0
1253814,3,2021,2021,4,3,4,95,31,228,34609,0,1,1,-34.729754,149.73513,26,2,1,1,3,0,0,3,2,0,7,50,0,4026,4026,8,30,40,1,0,0,0,0
1253819,3,2021,2021,3,0,1,220,27,187,222,0,1,9,-33.791125,150.979329,54,0,2,1,3,0,0,0,0,2,7,80,2,5929,5929,1,5,0,2,0,0,0,0
1253822,3,2021,2021,3,1,8,478,17,50,480,0,1,9,-33.230928,151.545301,16,2,2,1,3,0,0,0,2,0,7,60,2,623,623,3,10,5,2,0,0,0,0
1253824,3,2021,2021,4,1,4,133,31,96,212,0,1,2,-35.353915,149.233062,58,2,1,1,3,0,0,0,2,0,7,50,2,9859,9859,1,10,13,2,0,0,0,0
1253827,3,2021,2021,3,0,1,2126,17,60,2149,0,1,1,-33.642431,150.28504,8,2,2,1,3,0,3,1,0,0,7,60,2,9859,9859,8,10,40,1,0,0,0,0
1253852,3,2021,2021,4,5,11,5,10,41,34609,0,1,9,-34.099259,150.805375,13,0,2,0,2,0,3,4,0,0,0,60,0,4552,5151,1,5,5,2,0,0,0,0
1253853,3,2021,2021,4,0,10,6,27,154,34609,1,0,1,-33.708135,150.975419,71,0,2,1,2,0,3,3,0,0,7,50,0,9859,9859,1,0,5,3,0,0,0,0
1253862,3,2021,2021,4,0,4,29,31,120,34609,1,0,1,-33.755781,150.868402,7,0,2,1,1,0,0,0,2,0,7,50,0,9859,9859,1,30,0,3,0,0,0,0
1253879,3,2020,2020,2,5,5,3371,17,83,3342,0,1,2,-30.131995,153.194276,19,1,0,0,1,0,3,4,2,0,7,110,2,14295,14295,3,5,10,2,0,0,0,0
1253894,3,2020,2020,2,1,10,222,31,131,212,0,1,9,-33.784248,151.189472,36,0,2,1,3,0,3,4,3,2,7,60,2,2585,777,8,5,40,1,0,0,0,0
1253900,3,2020,2020,2,4,8,1,25,112,34609,0,1,9,-36.057034,146.919227,0,2,1,1,1,0,0,0,2,0,7,50,0,14295,14295,3,5,5,2,0,0,0,0
1253905,3,2021,2021,4,4,4,27,36,10,34609,0,1,1,-30.162812,153.184033,19,2,1,1,3,0,0,0,2,0,7,50,0,84,84,6,5,40,1,0,0,0,0
1253906,3,2021,2021,3,6,3,2261,17,243,2252,0,1,9,-33.963853,150.879215,41,0,2,1,3,0,0,0,2,2,7,80,2,14295,14295,3,5,0,2,0,0,0,0
1253912,3,2021,2021,4,4,4,13,27,6,34609,0,1,1,-35.623918,149.795544,58,1,0,0,3,0,3,4,2,0,7,100,0,4552,5151,8,10,40,1,0,0,0,0
1253913,3,2021,2021,3,5,8,4,23,86,34609,0,1,9,-33.741715,150.920115,7,0,2,1,3,0,0,0,2,0,7,50,0,5929,5929,1,5,0,2,0,0,0,0
1253914,3,2021,2021,3,0,8,196,10,32,168,0,1,1,-33.919259,150.975047,15,0,2,1,3,0,0,0,2,0,7,60,2,77,77,1,8,13,2,0,0,0,0
1253916,3,2021,2021,4,5,9,6,1,123,34609,0,1,9,-33.913673,151.222262,59,0,2,1,3,0,0,0,3,0,15,50,0,489,489,8,0,40,1,0,0,0,0
1253918,3,2021,2021,4,3,10,145,31,64,34609,0,1,9,-33.480463,150.161498,40,2,1,1,3,0,3,3,0,0,7,50,0,1957,777,8,29,40,1,0,0,0,0
1253919,3,2020,2020,2,6,2,1052,14,207,928,0,1,3,-33.560208,151.192679,31,0,2,1,0,0,3,4,0,0,7,110,2,4026,4026,8,0,40,1,0,0,0,0
1253927,3,2021,2021,4,5,5,3371,17,58,3342,0,1,2,-33.755132,151.152484,36,0,2,1,0,0,0,0,2,0,7,60,2,144,144,1,5,40,2,0,0,0,0
1253939,3,2021,2021,4,0,10,27,27,463,62,0,1,2,-30.293064,153.100582,19,2,1,0,2,0,0,0,0,0,7,50,1,4552,5151,1,0,0,2,0,0,0,0
1253942,3,2021,2021,4,4,3,191,27,370,68,0,1,10,-34.059726,150.813629,13,0,2,1,0,0,0,0,2,2,6,60,1,515,515,1,8,13,2,0,0,0,0
1253945,3,2021,2021,4,3,3,10,27,6,39,0,1,1,-31.213013,149.193215,51,1,0,1,1,0,0,0,1,0,7,100,1,4026,4026,8,5,40,1,0,0,0,0
1253950,3,2021,2021,4,4,11,55,27,112,70,0,1,9,-33.71808,151.029695,31,0,2,1,1,0,0,0,0,0,7,40,2,945,945,5,30,40,1,0,0,0,0