Crash ID,Degree of crash - detailed,Reporting year,Year of crash,Month of crash,Day of week of crash,Two-hour intervals,Street of crash,Street type,Town,Route no.,School zone location,School zone active,Type of location,Latitude,Longitude,LGA,Urbanisation,Conurbation 1,Alignment,Street lighting,Road surface,Surface condition,Weather,Natural lighting,Signals operation,Other traffic control,Speed limit,Road classification,RUM - code,DCA - code,First impact type,Key TU type,Other TU type,No. of traffic units involved,No. killed,No. seriously injured,No. moderately injured,No. minor-other injured
1253951,3,2021,2021,4,3,9,71,31,78,125,0,1,9,-33.856834,151.011002,21,0,2,1,2,0,0,0,2,0,7,60,1,323,323,1,16,0,2,0,0,0,0
1253952,3,2020,2020,2,6,7,361,23,16,11,0,1,1,-34.693849,150.155578,78,2,1,0,3,0,3,4,2,0,7,50,1,4552,5151,8,10,40,1,0,0,0,0
1253953,3,2021,2021,4,2,6,12,27,19,34609,0,1,1,-33.760854,151.087163,31,0,2,1,3,0,0,3,2,0,7,50,0,1109,787,1,9,5,2,0,0,0,0
1253954,3,2021,2021,4,1,5,3371,17,77,3342,0,1,9,-33.524397,151.20056,16,2,2,0,3,0,0,0,2,0,0,60,2,3775,3775,0,10,19,2,0,0,0,0
1253959,3,2021,2021,3,1,8,175,27,21,220,0,1,9,-33.733476,150.9203,7,0,2,1,3,0,0,0,2,2,7,70,2,14295,14295,3,10,5,2,0,0,0,0
1253963,3,2021,2021,4,3,4,1,27,1,34609,0,1,1,-34.700375,150.768322,35,2,1,1,3,0,0,0,2,0,7,40,0,217,217,1,10,5,2,0,0,0,0
1253966,3,2021,2021,4,2,5,16,10,91,34609,0,1,9,-33.994563,150.903052,13,0,2,0,3,0,3,4,2,0,0,50,0,4552,5151,8,5,40,1,0,0,0,0
1253968,3,2021,2021,4,3,4,73,31,175,34609,1,0,9,-33.762681,151.072784,54,0,2,1,3,0,0,0,2,0,15,50,0,1282,1282,1,5,40,1,0,0,0,0
1253969,3,2021,2021,4,0,7,85,10,167,702,0,1,2,-33.855842,151.072694,67,0,2,1,3,0,3,4,2,0,7,80,2,3775,3775,0,5,5,2,0,0,0,0
1253970,3,2020,2020,2,5,10,11,36,8,13,0,1,9,-32.913321,148.755169,11,1,0,1,3,0,0,3,0,0,7,100,1,4026,4026,8,5,40,1,0,0,0,0
1253971,3,2021,2021,3,5,8,2261,17,370,2252,0,1,3,-34.061984,150.785459,13,0,2,1,3,0,0,0,2,0,7,110,2,1391,1391,1,5,5,2,0,0,0,0
1253974,3,2021,2021,4,2,8,125,27,32,144,0,1,7,-32.769045,152.074648,57,2,1,1,3,0,0,3,2,0,0,80,2,5929,5929,1,5,0,2,0,0,0,0
1253975,3,2021,2021,4,3,0,2,1,337,34609,0,1,9,-33.719717,150.975573,71,0,2,1,3,0,0,0,0,0,7,50,0,4026,4026,1,5,5,2,0,0,0,0
1253977,3,2021,2021,3,5,2,829,27,125,770,0,1,9,-33.82447,151.12485,61,0,2,1,3,0,3,4,0,0,7,60,2,9859,9859,8,9,40,1,0,0,0,0
1253978,3,2021,2021,3,5,8,9,1,215,34609,0,1,7,-35.121858,147.343842,75,2,1,1,3,0,0,0,2,0,0,60,0,945,945,5,5,40,1,0,0,0,0
1253980,3,2021,2021,4,5,0,10,10,18,34609,0,1,9,-32.700798,151.527966,42,2,1,1,3,0,0,0,0,0,7,50,0,4026,4026,1,5,5,2,0,0,0,0
1253987,3,2021,2021,4,2,2,73,27,387,140,0,1,2,-33.920325,151.184688,4,0,2,1,3,0,3,4,1,0,7,60,2,9859,9859,8,5,40,1,0,0,0,0
1253988,3,2021,2021,4,0,8,26,31,71,34609,0,1,9,-33.768217,150.69862,55,0,2,1,3,0,3,4,2,0,7,50,0,5929,5929,1,5,5,2,0,0,0,0
1253989,3,2021,2021,4,2,0,145,31,532,34609,0,1,1,-33.863684,151.208007,69,0,2,1,3,0,3,4,0,0,7,50,0,14295,14295,3,5,5,2,0,0,0,0
1253991,3,2021,2021,3,1,11,2,31,44,34609,0,1,9,-33.973971,151.113753,25,0,2,1,3,0,0,0,0,0,7,50,0,301,301,4,10,0,2,0,0,0,0
1253992,3,2021,2021,3,0,9,36,31,29,34609,0,1,1,-32.932853,151.763884,48,0,2,1,3,0,0,0,2,0,7,60,0,1981,1981,4,0,5,2,0,0,0,0
1253994,3,2021,2021,4,4,8,3371,17,225,3342,0,1,9,-33.793369,151.17968,77,0,2,1,3,0,0,0,2,3,7,60,2,14295,14295,3,5,5,2,0,0,0,0
1253996,3,2021,2021,4,5,10,191,17,15,189,0,1,1,-32.035772,149.49073,51,1,0,0,3,0,0,0,0,0,7,100,2,4552,5151,8,29,40,1,0,0,0,0
1253998,3,2021,2021,4,4,10,111,27,293,233,0,1,2,-33.940546,151.228281,59,0,2,1,3,0,3,4,0,0,7,60,2,515,515,1,5,5,2,0,0,0,0
1253999,3,2021,2021,4,0,6,25,27,89,208,1,0,7,-33.860287,150.890854,24,0,2,0,3,0,0,0,2,0,0,60,1,301,301,4,5,5,2,0,0,0,0
1254002,3,2021,2021,3,5,3,15,31,112,34609,0,1,9,-33.448689,151.438965,16,2,2,1,3,0,3,3,2,0,7,50,0,28,28,1,0,13,2,0,0,0,0
1254005,3,2021,2021,4,1,0,32,1,110,34609,0,1,1,-33.748382,151.042342,71,0,2,0,3,0,0,0,0,0,7,50,0,4552,5151,8,5,40,1,0,0,0,0
1254018,3,2021,2021,4,4,10,18,27,58,34609,0,1,9,-34.057065,151.130584,68,0,2,1,0,0,0,0,0,0,0,50,0,9859,9859,1,33,0,2,0,0,0,0
1254025,3,2020,2020,2,4,0,205,27,147,415,0,1,2,-33.736133,151.152635,36,0,2,0,2,0,0,3,0,0,7,60,2,782,957,5,10,40,1,0,0,0,0
1254034,3,2021,2021,3,6,3,293,31,219,34609,0,1,10,-32.898754,151.665484,48,0,2,1,1,0,0,0,2,0,15,50,0,14295,14295,3,0,13,2,0,0,0,0
1254053,3,2021,2021,4,0,8,916,17,13,917,0,1,1,-32.556955,151.169178,64,2,1,1,1,0,0,0,2,0,7,60,2,14295,14295,3,5,0,2,0,0,0,0
1254077,3,2021,2021,3,1,8,24,27,57,36,0,1,9,-33.57987,150.942076,71,0,2,0,1,0,3,4,3,0,0,80,1,4552,5151,8,5,40,1,0,0,0,0
1254079,3,2020,2020,2,5,0,2,27,43,34609,0,1,7,-33.681977,151.294246,50,0,2,1,2,0,0,0,0,0,0,50,0,9859,9859,8,5,40,1,0,0,0,0
1254085,3,2021,2021,4,6,11,829,31,179,34609,0,1,1,-31.917105,152.450922,43,2,1,1,3,0,0,0,0,0,7,50,0,1282,1282,1,5,36,2,0,0,0,0
1254088,3,2021,2021,4,0,10,7,27,38,34609,0,1,1,-30.263659,153.126055,19,1,0,1,3,0,3,3,0,0,7,100,0,4026,4026,8,5,40,1,0,0,0,0
1254094,3,2021,2021,4,0,8,171,27,24,369,0,1,2,-33.950538,150.739384,12,0,2,1,3,0,0,0,2,0,7,80,2,515,515,1,3,12,2,0,0,0,0
1254096,3,2021,2021,4,6,5,2209,17,55,2205,0,1,9,-35.719585,150.175807,23,2,1,1,3,0,3,4,2,0,0,50,2,2852,2852,4,10,0,2,0,0,0,0
1254103,3,2020,2020,9,0,11,478,17,50,480,0,1,1,-33.23684,151.561616,16,2,2,0,2,0,0,0,0,0,7,50,2,782,957,5,9,40,1,0,0,0,0
1254105,3,2021,2021,4,2,5,265,10,445,563,0,1,9,-33.859571,151.042915,21,0,2,1,3,0,3,3,2,0,7,70,2,5929,5929,1,21,5,2,0,0,0,0
1254106,3,2021,2021,4,6,9,145,31,175,34609,0,1,9,-33.775227,151.076623,54,0,2,1,3,0,3,4,3,0,0,50,0,2852,2852,4,0,5,2,0,0,0,0
1254110,3,2021,2021,4,2,7,283,27,91,702,0,1,9,-33.965683,151.094594,25,0,2,1,3,0,0,0,2,2,7,60,2,14295,14295,3,9,5,3,0,0,0,0
1254111,3,2020,2020,2,6,6,153,27,188,147,0,1,10,-33.951043,151.09294,25,0,2,1,3,0,0,0,2,0,0,60,2,301,301,4,5,5,2,0,0,0,0
1254114,3,2021,2021,3,0,9,77,31,609,34609,0,1,1,-33.783497,150.902652,7,0,2,1,3,0,0,0,3,0,7,50,0,1981,1981,4,5,5,2,0,0,0,0
1254118,3,2021,2021,4,0,11,2,27,6,34609,0,1,1,-34.768549,147.378448,51,1,0,0,3,0,3,4,0,0,7,100,0,4552,5151,8,5,40,1,0,0,0,0
1254119,3,2021,2021,3,1,6,79,10,43,231,0,1,1,-33.446392,151.327994,16,2,2,1,3,0,0,0,2,0,7,60,2,14295,14295,3,9,5,2,0,0,0,0
1254120,3,2021,2021,3,4,7,54,27,14,34609,0,1,1,-33.720279,150.605795,8,2,2,1,3,0,0,0,2,0,7,50,0,9859,9859,1,5,13,2,0,0,0,0
1254122,3,2021,2021,3,5,3,1052,14,53,928,0,1,3,-33.682161,151.120401,31,0,2,1,3,0,3,3,2,0,7,110,2,1383,1383,1,9,13,2,0,0,0,0
1254125,3,2021,2021,4,0,2,157,17,10,158,0,1,1,-33.887183,146.047824,51,1,0,0,3,0,0,0,0,0,7,100,2,1089,1089,7,29,40,1,0,0,0,0
1254126,3,2021,2021,3,6,9,63,31,134,34609,0,1,10,-33.671351,150.859763,7,0,2,1,3,0,0,0,2,0,15,50,0,6545,6545,4,0,5,2,0,0,0,0
1254127,3,2021,2021,4,0,5,71,27,23,122,0,1,9,-34.576285,150.863949,62,0,2,0,3,0,3,4,2,2,7,80,2,1957,4009,8,0,40,1,0,0,0,0
1254128,3,2021,2021,4,0,10,500,27,271,799,0,1,9,-33.938489,151.018701,15,0,2,0,3,0,0,0,0,2,7,70,2,2585,777,8,5,40,1,0,0,0,0
1254137,3,2021,2021,4,4,5,149,36,32,113,0,1,1,-32.400711,152.30319,43,2,1,0,3,0,3,4,2,0,7,80,1,4552,5151,8,9,40,1,0,0,0,0
1254138,3,2021,2021,4,6,9,3371,17,57,3342,0,1,2,-28.6316,153.548961,10,1,0,1,3,0,0,0,3,0,7,100,2,945,945,5,0,40,1,0,0,0,0
1254140,3,2021,2021,4,1,6,39,27,293,91,0,1,9,-33.939025,151.257008,59,0,2,1,3,0,0,0,2,3,7,60,1,14295,14295,3,5,5,2,0,0,0,0
1254142,3,2021,2021,3,1,5,1,7,154,34609,0,1,1,-33.710107,150.954009,71,0,2,1,3,0,0,0,2,0,7,50,0,220,220,1,5,10,2,0,0,0,0
1254145,3,2021,2021,3,6,3,4,31,108,34609,0,1,1,-33.816008,151.188208,77,0,2,1,1,0,0,0,2,0,7,50,0,1282,1282,1,9,5,2,0,0,0,0
1254154,3,2021,2021,4,3,1,43,27,46,29,0,1,1,-32.913899,151.663744,48,0,2,1,2,0,0,0,0,0,7,60,1,9859,9859,1,5,5,4,0,0,0,0
1254156,3,2021,2021,3,4,11,18,31,201,34609,0,1,1,-34.885261,150.600867,63,2,1,1,0,0,0,0,0,0,7,50,0,4026,4026,1,30,0,2,0,0,0,0
1254157,3,2021,2021,4,2,0,3371,17,32,3342,0,1,2,-32.375136,152.27821,43,1,0,0,0,0,0,3,0,0,7,110,2,1259,5151,8,3,40,1,0,0,0,0
1254174,3,2021,2021,3,0,8,2126,17,438,2149,0,1,10,-33.839583,151.031755,21,0,2,1,3,0,0,0,2,2,7,60,2,1391,1391,1,30,0,2,0,0,0,0
1254175,3,2021,2021,3,1,4,13,10,252,34609,1,2,1,-33.946482,150.870622,41,0,2,1,3,0,0,0,2,0,7,40,0,9859,9859,1,19,5,2,0,0,0,0
1254179,3,2020,2020,9,4,6,31,31,363,34609,0,1,1,-33.812124,151.003399,54,0,2,1,3,0,3,3,2,0,7,40,0,387,387,1,5,5,2,0,0,0,0
1254180,3,2021,2021,3,5,10,1104,14,323,962,0,1,3,-33.798716,150.856354,7,0,2,1,3,0,0,0,2,0,7,100,2,1391,1391,1,5,2,2,0,0,0,0
1254181,3,2020,2020,2,4,8,3,27,11,34609,0,1,1,-36.099434,148.821639,65,1,0,0,3,2,0,0,2,0,7,100,0,1850,1463,5,10,40,1,0,0,0,0
1254183,3,2021,2021,3,4,4,147,27,55,34609,0,1,1,-33.886141,151.284314,76,0,2,0,3,0,0,0,2,0,7,50,0,14295,14295,3,5,13,3,0,0,0,0
1254185,3,2021,2021,4,0,8,485,27,187,769,0,1,9,-33.782026,150.996813,54,0,2,1,3,0,3,4,2,2,7,60,2,2852,2852,4,0,5,2,0,0,0,0
1254188,3,2021,2021,3,0,5,109,27,71,106,0,1,9,-33.832863,150.972043,21,0,2,1,3,0,0,0,2,0,7,60,1,301,301,4,5,5,2,0,0,0,0
1254191,3,2021,2021,3,0,5,175,27,104,220,0,1,2,-33.728822,150.922792,7,0,2,0,3,0,0,0,2,0,7,70,2,14295,14295,3,5,36,3,0,0,0,0
1254196,3,2021,2021,4,3,8,29,31,56,34609,0,1,1,-31.46593,152.732491,56,2,1,1,3,0,0,0,3,0,7,50,0,9859,9859,1,30,13,2,0,0,0,0
1254199,3,2021,2021,4,0,10,171,27,37,369,0,1,10,-33.866017,150.697401,41,0,2,1,3,0,3,4,0,2,7,60,2,1259,985,8,5,40,1,0,0,0,0
1254201,3,2021,2021,3,1,5,204,31,228,34609,1,0,2,-34.750596,149.71869,26,2,1,1,3,0,0,0,2,0,7,50,0,941,941,1,5,5,2,0,0,0,0
1254208,3,2020,2020,5,5,3,2,27,10,34609,0,1,1,-33.818808,146.091559,51,1,0,0,0,0,0,1,1,0,7,100,0,4552,5151,8,5,40,1,0,0,0,0
1254216,3,2021,2021,4,2,1,117,1,49,35,0,1,1,-33.966527,151.152189,4,0,2,1,2,0,3,4,0,0,7,60,2,9859,9859,1,33,5,3,0,0,0,0
1254223,3,2021,2021,4,0,0,2,31,82,34609,0,1,1,-33.796953,151.256383,50,0,2,1,0,0,3,4,0,0,7,50,0,9859,9859,1,5,13,2,0,0,0,0
1254230,3,2021,2021,4,4,5,348,17,35,232,0,1,1,-29.984243,148.152905,51,1,0,0,0,0,0,0,2,0,7,100,2,1850,1463,5,26,40,1,0,0,0,0
1254231,3,2021,2021,4,2,5,10,31,166,34609,0,1,10,-33.422114,149.566891,3,2,1,1,1,0,3,4,2,0,0,50,0,6545,6545,4,5,5,2,0,0,0,0
1254235,3,2021,2021,4,1,6,107,22,293,34609,0,1,1,-33.925488,151.058777,15,0,2,1,1,0,0,0,2,0,7,50,0,9859,9859,8,30,40,1,0,0,0,0
1254237,3,2021,2021,3,5,11,16,31,18,47,0,1,9,-32.895034,151.716989,48,0,2,0,2,0,0,0,0,0,7,60,2,4552,5151,8,5,40,2,0,0,0,0
1254238,3,2021,2021,4,6,8,13,27,1,2,0,1,1,-34.519354,146.583485,51,1,0,1,0,0,0,0,2,0,7,100,1,945,945,5,30,40,1,0,0,0,0
1254244,3,2020,2020,4,4,7,95,18,316,34609,0,1,9,-33.913664,151.239214,59,0,2,1,1,0,0,0,2,0,0,50,0,489,489,5,5,40,2,0,0,0,0
1254263,3,2020,2020,10,6,7,916,17,20,917,0,1,1,-30.939032,151.110523,70,2,1,0,0,0,1,4,2,0,7,80,2,1957,4009,8,0,40,1,0,0,0,0
1254279,3,2020,2020,2,1,4,171,31,273,34609,1,0,7,-34.420027,150.896776,80,0,2,0,1,0,0,0,2,0,7,50,0,256,256,4,5,5,3,0,0,0,0
1254303,3,2020,2020,9,3,1,38,27,57,47,0,1,10,-34.664544,150.845255,35,2,1,1,2,0,0,0,0,0,7,60,1,4552,985,8,10,40,1,0,0,0,0
1254316,3,2021,2021,4,0,3,4,1,363,34609,0,1,1,-33.739365,150.715401,55,0,2,1,2,0,0,3,1,0,7,50,0,4026,4026,8,5,40,1,0,0,0,0
1254323,3,2021,2021,3,1,7,16,31,94,20,0,1,9,-33.77909,150.802185,55,0,2,0,3,0,0,0,2,2,7,60,1,2852,2852,4,10,25,2,0,0,0,0
1254325,3,2021,2021,3,5,9,2261,17,15,2252,0,1,9,-35.109798,148.053364,20,1,0,1,3,0,0,0,2,0,0,110,2,14295,14295,3,10,13,2,0,0,0,0
1254328,3,2021,2021,4,0,7,84,10,9,80,0,1,1,-34.21812,150.978488,80,0,2,0,3,0,3,4,2,0,7,60,2,782,957,5,10,40,1,0,0,0,0
1254329,3,2021,2021,3,5,8,3371,17,77,3342,0,1,9,-32.938753,151.745835,48,0,2,0,3,0,0,3,2,0,7,60,2,14295,14295,3,10,5,2,0,0,0,0
1254331,3,2021,2021,3,6,7,1104,14,323,962,0,1,6,-33.801818,150.878308,7,0,2,1,3,0,0,0,2,0,7,100,2,1109,787,1,9,5,2,0,0,0,0
1254337,3,2021,2021,3,3,5,916,17,29,917,0,1,1,-31.114566,150.961331,70,2,1,1,3,0,0,0,2,0,7,70,2,14295,14295,3,0,5,2,0,0,0,0
1254343,3,2020,2020,2,1,8,63,27,224,605,0,1,2,-33.818189,151.243829,45,0,2,1,1,0,0,0,2,2,9,60,2,4026,4026,8,10,40,2,0,0,0,0
1254345,3,2021,2021,3,5,8,4,27,67,34609,0,1,1,-33.389717,151.345715,16,2,2,0,0,0,0,0,2,0,7,50,0,1957,4009,1,5,5,2,0,0,0,0
1254346,3,2021,2021,3,4,6,123,27,37,120,0,1,1,-33.903724,151.25291,76,0,2,1,1,0,0,0,2,0,7,50,2,9859,9859,8,0,40,1,0,0,0,0
1254368,3,2021,2021,3,4,2,481,17,10,483,0,1,1,-31.472421,148.902719,51,1,0,0,0,0,0,6,0,0,7,110,2,418,714,5,3,40,1,0,0,0,0
1254386,3,2021,2021,3,6,7,12,27,53,34609,0,1,1,-33.850047,150.958856,21,0,2,1,3,0,0,0,2,0,7,60,0,395,395,1,5,5,2,0,0,0,0
1254391,3,2021,2021,3,2,11,475,10,523,268,0,1,10,-33.91541,150.909669,41,0,2,1,2,0,0,0,0,2,7,70,2,6545,6545,4,5,5,2,0,0,0,0
1254395,3,2020,2020,2,4,5,512,27,50,34609,0,1,1,-34.34988,150.910758,80,0,2,1,1,0,0,3,2,0,7,50,0,9859,9859,1,8,0,2,0,0,0,0
1254397,3,2021,2021,4,3,4,2261,17,140,2252,0,1,9,-33.903589,151.001173,15,0,2,1,1,0,0,0,2,2,7,70,2,14295,14295,3,5,5,3,0,0,0,0
1254399,3,2020,2020,2,4,6,99,31,237,105,0,1,10,-33.866692,150.94931,24,0,2,0,3,0,0,0,2,3,7,60,1,14295,14295,3,5,5,2,0,0,0,0
1254442,3,2021,2021,3,5,8,47,31,41,31,0,1,10,-33.819387,151.007484,54,0,2,1,0,0,0,0,2,2,7,60,1,1282,1282,1,33,5,2,0,0,0,0
1254447,3,2021,2021,4,6,7,32,14,108,124,0,1,9,-33.813441,151.185152,77,0,2,1,0,0,0,0,2,2,7,50,2,1282,1282,1,33,5,2,0,0,0,0
1254451,3,2021,2021,3,2,10,3371,17,147,3342,0,1,9,-33.739562,151.136385,36,0,2,1,2,0,0,0,0,2,7,60,2,14295,14295,3,5,5,2,0,0,0,0
1254454,3,2021,2021,4,2,5,42,27,346,34609,0,1,1,-33.877122,151.078967,67,0,2,1,0,0,3,3,2,0,7,50,0,9859,9859,1,10,13,2,0,0,0,0
1254459,3,2021,2021,3,6,10,5,31,130,34609,0,1,9,-33.865531,151.193129,69,0,2,1,2,0,0,0,0,0,7,40,0,1282,1282,1,10,5,2,0,0,0,0
1254469,3,2021,2021,4,0,7,294,17,6,288,0,1,1,-34.534201,142.634733,51,1,0,1,0,0,0,0,2,0,7,110,2,4026,4026,8,5,40,1,0,0,0,0
1254471,3,2021,2021,4,4,0,149,36,40,113,0,1,1,-32.060007,152.479447,43,1,0,1,3,0,0,0,0,0,7,100,1,84,84,6,5,40,1,0,0,0,0
1254475,3,2021,2021,3,5,7,3,31,225,34609,0,1,1,-33.795935,151.179199,77,0,2,1,3,0,0,0,2,0,7,40,0,941,941,1,5,0,2,0,0,0,0
1254477,3,2021,2021,3,6,7,16,27,57,34609,0,1,7,-34.562911,150.829725,62,0,2,1,3,0,0,0,2,0,0,50,0,4,4,4,0,5,2,0,0,0,0
1254479,3,2021,2021,3,6,4,4,27,35,34609,0,1,9,-34.370737,150.909844,80,0,2,1,3,0,0,0,2,0,7,60,0,175,188,1,7,12,3,0,0,0,0
1254481,3,2021,2021,3,6,7,11,27,443,34609,0,1,1,-33.910658,151.070482,15,0,2,1,3,0,0,0,2,0,7,50,0,395,395,1,5,36,2,0,0,0,0
1254489,3,2021,2021,3,6,3,30,27,26,34609,0,1,9,-32.811391,151.393758,17,1,0,1,3,0,0,0,2,0,7,100,0,1089,1089,7,0,40,1,0,0,0,0
1254497,3,2021,2021,3,0,7,3,1,150,34609,0,1,1,-33.924365,151.215422,59,0,2,1,3,0,0,0,2,0,7,50,0,220,220,8,5,40,1,0,0,0,0
1254500,3,2021,2021,3,0,1,866,17,54,793,0,1,2,-33.723438,151.092026,31,0,2,0,3,0,0,0,0,0,7,70,2,2585,4009,8,10,40,1,0,0,0,0
1254504,3,2021,2021,3,5,8,41,18,532,34609,0,1,9,-33.875543,151.204444,69,0,2,1,3,0,0,0,2,0,7,40,0,9859,9859,1,9,5,5,0,0,0,0
1254512,3,2021,2021,3,6,3,74,27,609,48,0,1,10,-33.775846,150.895288,7,0,2,1,3,0,3,4,2,2,7,60,1,5929,5929,1,0,5,2,0,0,0,0
1254514,3,2021,2021,3,5,7,2126,17,44,2149,0,1,10,-33.792405,150.871656,7,0,2,1,3,0,3,3,2,2,7,80,2,14295,14295,3,5,5,3,0,0,0,0
1254515,3,2021,2021,3,5,7,113,27,218,111,0,1,9,-33.780583,150.771711,55,0,2,1,3,0,0,0,2,2,7,60,2,14295,14295,3,5,5,2,0,0,0,0
1254516,3,2021,2021,4,3,0,14,27,5,34609,0,1,1,-34.511853,150.72989,80,0,2,0,3,0,0,0,0,0,7,100,0,4552,5151,8,34,40,1,0,0,0,0
1254520,3,2021,2021,3,4,8,76,32,646,34609,0,1,2,-33.917133,151.040755,15,0,2,1,3,0,0,0,2,0,7,50,0,1391,1391,1,5,10,2,0,0,0,0
1254521,3,2021,2021,3,5,8,40,27,162,34609,0,1,9,-33.838171,150.885697,24,0,2,1,3,0,0,0,2,0,7,50,0,1109,787,1,5,0,2,0,0,0,0
1254526,3,2021,2021,4,2,9,1,1,17,34609,0,1,9,-33.777521,151.217225,50,0,2,1,3,0,0,0,2,0,7,50,0,4552,985,1,5,4,2,0,0,0,0
1254529,3,2021,2021,3,2,4,100,27,323,100,0,1,9,-33.796983,150.853447,7,0,2,1,3,0,3,4,2,2,7,70,2,5929,5929,1,29,0,2,0,0,0,0
1254532,3,2021,2021,4,3,4,14,27,59,34609,0,1,1,-33.985348,150.856823,13,0,2,0,0,0,0,0,2,0,7,60,0,2585,4009,8,0,40,1,0,0,0,0
1254537,3,2021,2021,3,1,7,48,27,228,26,0,1,10,-34.763106,149.714357,26,2,1,1,3,0,0,0,2,0,15,60,2,14295,14295,3,5,13,2,0,0,0,0
1254538,3,2020,2020,9,4,7,3,27,102,34609,0,1,1,-33.955592,151.23995,59,0,2,1,1,0,0,0,2,0,7,50,0,4026,4026,1,30,5,3,0,0,0,0
1254568,3,2020,2020,2,1,11,76,31,433,34609,0,1,1,-33.293815,149.109128,52,2,1,1,2,0,0,0,0,0,7,50,0,9859,9859,1,5,0,2,0,0,0,0
1254570,3,2021,2021,3,6,6,866,17,94,793,1,0,10,-33.883652,150.923887,24,0,2,1,3,0,0,0,2,2,7,70,2,14295,14295,3,5,5,2,0,0,0,0
1254571,3,2021,2021,3,5,5,14,27,3,34609,0,1,1,-33.521971,151.373919,16,2,2,1,3,0,0,3,2,0,7,50,0,5929,5929,1,9,5,2,0,0,0,0
1254573,3,2021,2021,3,0,8,5,31,94,34609,0,1,1,-33.884805,150.926735,24,0,2,1,3,0,0,0,2,0,7,50,0,1282,1282,1,10,41,3,0,0,0,0
1254574,3,2021,2021,4,5,9,916,17,165,917,0,1,9,-32.325971,150.944527,46,1,0,0,3,0,0,0,2,0,15,100,2,2852,2852,4,5,13,3,0,0,0,0
1254575,3,2021,2021,3,1,8,153,27,188,147,1,0,9,-33.949918,151.100396,25,0,2,1,3,0,0,0,2,0,7,60,2,2852,2852,4,0,5,2,0,0,0,0
1254576,3,2021,2021,3,3,8,5,7,62,34609,0,1,1,-33.728487,150.864726,7,0,2,1,3,0,0,0,2,0,7,50,0,9859,9859,1,5,0,3,0,0,0,0
1254583,3,2021,2021,3,4,7,280,10,314,82,0,1,10,-33.851777,150.928665,24,0,2,1,3,0,0,0,2,0,15,60,1,301,301,4,5,5,2,0,0,0,0
1254585,3,2021,2021,3,0,10,1,31,74,34609,0,1,10,-34.645206,148.017746,20,2,1,1,3,0,3,4,0,0,0,50,0,6545,6545,4,0,36,2,0,0,0,0
1254588,3,2021,2021,3,0,6,36,31,69,31,0,1,2,-33.818967,151.01982,54,0,2,1,3,0,0,0,2,0,7,60,1,1192,1192,1,5,10,2,0,0,0,0
1254589,3,2021,2021,3,2,8,2209,17,273,2205,0,1,9,-34.425908,150.881815,80,0,2,1,3,0,0,3,4,2,9,50,2,5929,5929,1,30,5,2,0,0,0,0
1254590,3,2021,2021,3,5,9,9,31,179,34609,1,0,1,-33.75432,150.712994,55,0,2,1,3,0,0,0,3,0,7,50,0,14295,14295,3,5,36,2,0,0,0,0
1254591,3,2021,2021,3,6,8,126,27,74,168,0,1,10,-34.053689,150.772709,12,0,2,1,3,0,0,0,2,2,7,80,2,14295,14295,3,5,36,2,0,0,0,0
1254593,3,2021,2021,4,0,8,280,10,162,240,0,1,10,-33.851715,150.896332,24,0,2,1,3,0,0,0,2,2,7,70,2,14295,14295,3,10,0,2,0,0,0,0
1254596,3,2021,2021,4,1,10,2126,17,22,2149,0,1,1,-33.581943,150.225162,40,2,1,0,0,0,0,0,0,0,7,40,2,782,957,5,29,40,1,0,0,0,0
1254610,3,2021,2021,3,0,8,2261,17,36,2252,0,1,2,-36.099792,146.910516,0,1,0,0,3,0,3,4,2,0,7,110,2,4552,5151,8,10,40,1,0,0,0,0
1254611,3,2021,2021,3,1,7,225,17,15,180,0,1,7,-34.575151,150.478442,78,2,1,1,3,0,0,0,2,0,0,80,2,14295,14295,3,0,5,2,0,0,0,0
1254616,3,2021,2021,4,4,3,29,27,7,34609,0,1,1,-28.773456,153.378029,39,1,0,1,3,0,0,0,2,0,7,100,0,9859,9859,8,30,40,1,0,0,0,0
1254619,3,2021,2021,3,6,4,232,36,40,331,0,1,10,-34.009961,150.770356,12,0,2,1,3,0,0,0,2,2,9,80,2,1391,1391,1,29,0,3,0,0,0,0
1254620,3,2021,2021,3,6,3,22,27,90,93,0,1,7,-33.784155,150.954117,54,0,2,1,3,0,0,0,2,0,0,60,1,14295,14295,3,10,5,4,0,0,0,0
1254623,3,2021,2021,3,4,11,2126,17,283,2149,0,1,9,-33.831114,151.013329,54,0,2,1,3,0,0,0,0,0,7,60,2,1282,1282,1,5,0,2,0,0,0,0
1254627,3,2021,2021,3,0,6,21,10,74,34609,0,1,10,-34.025478,150.7764,12,0,2,1,3,0,0,0,2,2,7,60,0,5929,5929,1,0,5,2,0,0,0,0
1254628,3,2021,2021,3,5,8,115,27,138,114,0,1,10,-33.874302,151.273029,81,0,2,1,3,0,0,0,2,0,15,50,2,775,775,4,5,5,2,0,0,0,0
1254629,3,2021,2021,3,6,7,36,27,438,25,0,1,10,-33.847305,151.021622,21,0,2,1,3,0,0,0,2,0,15,50,1,6545,6545,4,5,36,2,0,0,0,0
1254638,3,2021,2021,4,5,5,2209,17,176,2205,1,0,2,-33.960904,151.137916,4,0,2,1,0,0,0,0,2,0,7,60,2,9859,9859,8,5,40,1,0,0,0,0
1254641,3,2021,2021,4,4,10,3,10,70,34609,0,1,9,-34.842166,150.605744,63,2,1,0,2,0,3,4,0,0,7,50,0,1259,985,8,5,40,1,0,0,0,0