Crash ID,Degree of crash - detailed,Reporting year,Year of crash,Month of crash,Day of week of crash,Two-hour intervals,Street of crash,Street type,Town,Route no.,School zone location,School zone active,Type of location,Latitude,Longitude,LGA,Urbanisation,Conurbation 1,Alignment,Street lighting,Road surface,Surface condition,Weather,Natural lighting,Signals operation,Other traffic control,Speed limit,Road classification,RUM - code,DCA - code,First impact type,Key TU type,Other TU type,No. of traffic units involved,No. killed,No. seriously injured,No. moderately injured,No. minor-other injured
1254651,3,2020,2020,2,5,9,7,27,290,34609,0,1,1,-33.859645,150.991824,21,0,2,1,0,0,0,0,2,0,7,50,0,1109,787,1,0,5,3,0,0,0,0
1254657,3,2020,2020,2,0,7,481,17,10,483,0,1,1,-32.953476,148.2326,53,1,0,1,0,0,0,0,2,0,7,110,2,1945,1945,5,0,40,1,0,0,0,0
1254673,3,2021,2021,4,3,2,40,27,84,40,0,1,1,-33.885312,150.935876,24,0,2,1,1,0,0,0,1,0,7,60,1,9859,9859,1,33,5,2,0,0,0,0
1254677,3,2020,2020,2,1,6,5,23,100,34609,1,0,1,-33.893152,150.892021,24,0,2,1,3,0,0,0,2,0,7,60,0,9859,9859,8,5,40,1,0,0,0,0
1254681,3,2020,2020,2,6,9,1,27,70,34609,0,1,9,-33.886381,150.876206,24,0,2,1,0,0,0,0,2,0,7,50,0,4026,4026,1,10,5,2,0,0,0,0
1254695,3,2020,2020,9,2,4,280,10,237,240,1,0,9,-33.867603,150.957062,24,0,2,0,3,0,3,4,2,2,7,60,2,4552,985,8,5,40,1,0,0,0,0
1254700,3,2021,2021,3,0,4,4,27,14,34609,1,2,1,-33.730757,151.123159,36,0,2,1,3,0,0,0,2,0,7,40,0,1259,985,8,30,40,1,0,0,0,0
1254704,3,2021,2021,4,0,6,11,23,57,41,0,1,9,-33.678542,151.112668,31,0,2,1,3,0,3,4,2,0,15,60,2,5929,5929,1,10,12,2,0,0,0,0
1254705,3,2021,2021,3,0,4,117,27,78,144,1,2,9,-33.856524,151.091671,14,0,2,1,3,0,0,0,2,0,7,40,2,1981,1981,4,0,5,2,0,0,0,0
1254706,3,2021,2021,3,2,7,2209,17,115,2205,0,1,2,-34.033651,151.06659,68,0,2,1,3,0,3,4,2,0,7,70,2,14295,14295,3,5,0,3,0,0,0,0
1254710,3,2021,2021,3,6,5,3371,17,10,3342,0,1,9,-30.335488,153.079306,19,2,1,1,3,0,0,3,2,0,7,60,2,5929,5929,1,0,0,2,0,0,0,0
1254711,3,2021,2021,3,2,10,2,27,58,34609,0,1,1,-32.788521,151.742437,57,2,1,0,3,0,3,6,0,0,7,70,0,1089,1089,7,5,40,1,0,0,0,0
1254714,3,2021,2021,3,4,7,205,27,161,415,0,1,9,-33.716254,151.173479,36,0,2,1,3,0,0,0,2,0,7,60,2,217,217,1,5,41,2,0,0,0,0
1254715,3,2021,2021,3,6,5,866,17,278,793,0,1,2,-33.759244,151.049104,54,0,2,1,3,0,0,0,2,0,7,70,2,1391,1391,1,0,13,2,0,0,0,0
1254717,3,2021,2021,3,0,6,2209,17,106,2205,0,1,2,-34.56615,150.800581,62,0,2,1,3,0,0,0,2,0,7,60,2,14295,14295,3,0,0,3,0,0,0,0
1254720,3,2021,2021,3,4,9,73,31,532,34609,0,1,1,-33.86326,151.203919,69,0,2,1,3,0,0,0,3,0,7,40,0,14295,14295,3,16,5,3,0,0,0,0
1254724,3,2021,2021,3,2,8,21,27,98,174,0,1,9,-33.007706,151.578456,37,0,2,1,3,0,3,0,2,0,15,60,2,5929,5929,1,5,41,2,0,0,0,0
1254726,3,2021,2021,3,6,5,59,27,370,53,0,1,1,-34.071255,150.802051,13,0,2,1,3,0,0,0,2,0,7,60,2,941,941,1,0,5,2,0,0,0,0
1254730,3,2021,2021,3,5,9,57,31,176,165,1,0,9,-33.96214,151.134164,25,0,2,1,3,0,0,0,3,0,7,40,1,926,926,4,5,5,2,0,0,0,0
1254734,3,2021,2021,3,6,9,1052,14,36,928,0,1,3,-33.620625,151.15762,31,0,2,0,3,0,0,0,3,0,7,110,2,52,52,8,5,40,1,0,0,0,0
1254735,3,2021,2021,3,3,5,17,27,22,12,0,1,1,-35.71235,147.891566,66,1,0,1,3,0,0,0,2,0,7,100,2,945,945,5,10,40,1,0,0,0,0
1254739,3,2021,2021,3,4,4,8,31,70,34609,1,2,1,-33.911409,150.990872,15,0,2,1,3,0,0,0,2,0,7,40,0,4026,4026,1,5,5,2,0,0,0,0
1254740,3,2021,2021,3,6,4,2,1,52,34609,0,1,9,-33.898503,151.260877,76,0,2,1,3,0,0,0,2,0,7,50,0,5929,5929,1,5,36,2,0,0,0,0
1254741,3,2021,2021,3,0,8,1052,14,54,928,0,1,3,-33.454801,151.205851,16,1,2,0,3,0,0,0,2,0,7,110,2,14295,14295,3,10,5,3,0,0,0,0
1254745,3,2021,2021,3,2,3,57,27,337,47,0,1,9,-33.726301,150.990293,71,0,2,1,3,0,0,3,2,2,7,60,2,14295,14295,3,0,5,2,0,0,0,0
1254748,3,2021,2021,3,6,6,3371,17,92,3342,0,1,7,-33.409012,151.350113,16,2,2,0,3,0,0,0,2,0,0,60,2,6545,6545,4,5,5,2,0,0,0,0
1254753,3,2021,2021,4,0,8,3371,17,30,3342,0,1,7,-33.267876,151.432246,16,2,2,0,0,0,0,0,2,0,0,70,2,5929,5929,1,5,5,2,0,0,0,0
1254755,3,2021,2021,4,0,5,42,36,18,34609,0,1,1,-30.691016,152.966683,47,1,0,1,0,0,0,0,2,0,7,100,0,1669,1669,3,0,0,2,0,0,0,0
1254765,3,2021,2021,3,3,11,77,31,10,34609,0,1,10,-32.91163,151.7663,48,0,2,1,2,0,0,0,0,0,0,50,0,6545,6545,4,5,5,2,0,0,0,0
1254779,3,2021,2021,3,3,1,4,31,120,34609,0,1,1,-33.7597,150.868785,7,0,2,1,2,0,0,0,0,0,7,50,0,9859,9859,1,0,5,2,0,0,0,0
1254784,3,2021,2021,4,5,1,4,10,148,34609,1,0,9,-36.049127,146.94857,0,2,1,1,2,0,0,0,0,0,7,50,0,4552,985,8,0,40,1,0,0,0,0
1254792,3,2021,2021,4,6,6,191,27,73,34609,0,1,1,-33.826136,151.088358,14,0,2,1,2,0,0,0,2,0,7,50,0,190,190,1,10,0,2,0,0,0,0
1254799,3,2021,2021,4,3,0,3,27,16,34609,0,1,1,-34.675275,150.143339,78,2,1,1,0,0,3,4,0,0,7,80,0,9859,9859,8,5,40,1,0,0,0,0
1254809,3,2021,2021,4,4,6,512,17,17,441,0,1,1,-33.430134,149.316849,3,1,0,0,0,0,3,4,2,0,7,100,2,1957,4009,8,3,40,1,0,0,0,0
1254819,3,2021,2021,3,4,4,1104,14,323,962,0,1,3,-33.791489,150.811943,7,0,2,1,0,0,0,0,2,0,7,110,2,101,101,8,30,40,2,0,0,0,0
1254823,3,2021,2021,4,3,0,48,27,70,166,0,1,1,-33.259141,151.514257,16,2,2,1,2,0,0,0,0,0,7,50,2,9859,9859,1,5,23,2,0,0,0,0
1254826,3,2021,2021,3,3,9,8,1,6,34609,0,1,1,-33.221741,151.554449,16,2,2,1,1,0,0,0,3,0,7,50,0,945,945,5,5,40,1,0,0,0,0
1254827,3,2020,2020,2,0,2,3371,17,37,3342,0,1,2,-29.458631,153.216684,18,1,0,1,3,0,0,0,1,0,7,100,2,9859,9859,8,5,40,1,0,0,0,0
1254854,3,2020,2020,2,0,11,7,27,61,34609,0,1,9,-32.922533,151.735765,48,0,2,1,2,0,0,0,0,0,0,50,0,78,78,8,5,40,1,0,0,0,0
1254860,3,2020,2020,9,6,9,16,27,111,91,0,1,7,-33.912144,151.258462,59,0,2,1,2,0,0,0,3,0,0,50,1,941,941,1,5,5,2,0,0,0,0
1254863,3,2020,2020,2,6,2,29,1,14,52,0,1,9,-33.715521,150.770384,7,0,2,1,0,0,3,3,1,0,15,80,1,2852,2852,4,0,5,2,0,0,0,0
1254871,3,2020,2020,9,0,7,67,10,26,34,0,1,1,-34.383959,150.488206,78,2,1,1,3,0,0,0,2,0,7,80,1,9859,9859,8,10,40,1,0,0,0,0
1254891,3,2021,2021,3,4,8,2209,17,76,2205,0,1,2,-35.357403,150.474281,63,2,1,1,3,0,0,0,3,0,7,50,2,941,941,1,30,36,2,0,0,0,0
1254906,3,2021,2021,3,5,7,13,27,5,143,0,1,1,-33.475067,149.56396,3,1,0,1,3,1,2,6,2,0,7,100,2,4026,4026,8,5,40,1,0,0,0,0
1254915,3,2021,2021,4,2,5,4,31,90,34609,0,1,9,-33.790135,150.946935,21,0,2,1,0,0,0,0,2,0,7,50,0,1669,1669,3,33,5,2,0,0,0,0
1254919,3,2021,2021,3,3,7,103,27,438,563,0,1,9,-33.843221,151.043505,21,0,2,1,3,0,0,0,2,2,7,70,2,926,926,4,0,0,2,0,0,0,0
1254920,3,2021,2021,4,6,1,224,27,102,321,0,1,1,-33.946059,151.197295,4,0,2,0,3,0,0,0,0,0,7,50,2,1957,4009,1,5,13,2,0,0,0,0
1254921,3,2021,2021,3,1,6,107,22,346,144,1,0,9,-33.874712,151.093837,9,0,2,1,3,0,0,3,2,2,7,60,2,1282,1282,1,5,5,2,0,0,0,0
1254923,3,2021,2021,3,2,7,2261,17,443,2252,0,1,9,-33.889561,151.060139,15,0,2,1,3,0,3,4,2,2,7,70,2,14295,14295,3,9,0,2,0,0,0,0
1254929,3,2021,2021,3,5,11,387,27,115,331,0,1,9,-33.958137,151.069223,25,0,2,1,3,0,3,4,0,2,7,60,2,5929,5929,1,30,5,2,0,0,0,0
1254932,3,2021,2021,3,5,7,1,36,47,34609,0,1,1,-33.806706,151.152987,38,0,2,1,3,0,0,0,2,0,7,60,0,1391,1391,1,9,19,2,0,0,0,0
1254933,3,2021,2021,3,2,5,7,31,204,34609,0,1,10,-33.895766,151.129788,32,0,2,1,3,0,3,4,2,0,15,50,0,6545,6545,4,5,5,2,0,0,0,0
1254935,3,2021,2021,3,6,7,33,1,28,34609,0,1,2,-33.918703,150.883406,41,0,2,1,3,0,0,0,2,0,9,50,0,14295,14295,3,5,5,2,0,0,0,0
1254937,3,2021,2021,3,6,11,1,31,18,34609,0,1,9,-33.73519,151.292108,50,0,2,1,3,0,0,0,0,0,7,50,0,489,489,8,5,40,1,0,0,0,0
1254941,3,2021,2021,3,3,6,30,18,95,34609,0,1,9,-34.397563,150.892308,80,0,2,1,3,0,0,0,2,2,7,60,0,14295,14295,3,5,0,2,0,0,0,0
1254942,3,2021,2021,3,6,8,34,10,19,40,0,1,10,-35.855808,150.163194,23,1,0,0,3,0,0,0,2,0,0,100,1,3775,3775,0,5,0,2,0,0,0,0
1254947,3,2021,2021,3,2,8,117,1,115,121,0,1,10,-34.035755,151.070788,68,0,2,1,3,0,0,0,2,2,7,60,1,6545,6545,4,10,5,2,0,0,0,0
1254950,3,2021,2021,3,3,5,109,27,100,105,1,0,10,-33.894052,150.89743,24,0,2,1,3,0,0,0,2,2,7,60,2,6545,6545,4,5,5,2,0,0,0,0
1254951,3,2021,2021,3,6,3,346,17,103,332,0,1,9,-28.807964,153.359725,39,2,1,0,3,0,3,4,1,0,7,80,2,14295,14295,3,33,5,3,0,0,0,0
1254952,3,2021,2021,3,0,6,866,17,171,793,0,1,10,-33.81183,150.965514,21,0,2,1,3,0,0,0,2,2,7,70,2,14295,14295,3,5,5,2,0,0,0,0
1254955,3,2021,2021,3,2,7,137,14,55,70,0,1,3,-32.826309,151.520532,17,1,0,1,3,0,3,4,2,0,7,110,2,9859,9859,8,9,40,1,0,0,0,0
1254956,3,2021,2021,3,6,8,3,27,16,34609,0,1,1,-30.428707,152.737403,6,1,0,0,3,0,3,3,2,0,7,100,0,418,714,5,5,40,1,0,0,0,0
1254959,3,2021,2021,3,2,8,17,27,127,34609,0,1,4,-33.83498,150.878769,24,0,2,0,3,0,3,3,2,0,7,50,0,1957,4009,8,5,40,1,0,0,0,0
1254968,3,2021,2021,3,0,10,280,10,237,240,0,1,1,-33.858339,150.951212,24,0,2,1,3,0,3,4,3,0,7,60,2,1383,1383,1,5,36,2,0,0,0,0
1254982,3,2021,2021,4,2,6,52,27,31,7,0,1,9,-33.886665,151.01828,15,0,2,0,0,0,0,0,2,0,0,50,1,2585,4009,1,5,5,2,0,0,0,0
1254986,3,2020,2020,10,0,9,280,10,92,240,0,1,10,-33.880535,150.966509,24,0,2,1,3,0,0,0,2,2,7,60,2,5929,5929,1,10,5,2,0,0,0,0
1254992,3,2021,2021,3,4,7,346,17,8,332,0,1,1,-28.883026,153.204885,39,1,0,1,0,0,0,0,2,0,7,100,2,9859,9859,8,10,40,1,0,0,0,0
1254994,3,2021,2021,3,4,1,2209,17,33,2205,0,1,2,-34.712406,150.839483,35,1,0,0,0,0,3,0,0,0,7,100,2,1259,5151,8,5,40,1,0,0,0,0
1255023,3,2021,2021,3,6,1,92,27,11,29,0,1,1,-33.891022,151.100928,9,0,2,1,3,0,0,0,0,0,7,50,1,9859,9859,1,5,5,3,0,0,0,0
1255027,3,2021,2021,4,3,6,7,10,30,34609,0,1,1,-33.26563,151.432696,16,2,2,1,0,0,3,3,2,0,7,50,0,9859,9859,1,5,5,3,0,0,0,0
1255036,3,2021,2021,3,6,2,13,27,43,42,0,1,1,-33.596576,150.819207,29,2,2,0,3,0,0,0,0,0,7,80,1,4552,5151,8,8,40,1,0,0,0,0
1255038,3,2021,2021,3,3,1,22,27,90,93,0,1,2,-33.784333,150.95457,54,0,2,1,2,0,0,0,0,0,7,60,1,4026,4026,1,5,13,2,0,0,0,0
1255046,3,2021,2021,3,0,7,84,27,61,415,0,1,9,-33.763403,151.137141,36,0,2,1,3,0,0,0,2,0,7,70,2,1391,1391,1,5,12,3,0,0,0,0
1255047,3,2020,2020,2,6,8,294,17,10,288,0,1,9,-34.173782,142.19082,51,2,1,1,0,0,0,0,2,0,15,60,2,775,775,4,5,2,2,0,0,0,0
1255051,3,2021,2021,3,3,8,19,27,100,34609,0,1,1,-33.894942,150.897253,24,0,2,1,3,0,0,0,2,0,7,50,0,941,941,1,5,5,2,0,0,0,0
1255052,3,2021,2021,3,1,4,26,31,646,118,0,1,9,-33.915524,151.031616,15,0,2,1,3,0,0,0,2,0,7,60,1,5929,5929,1,5,13,2,0,0,0,0
1255055,3,2021,2021,3,4,0,103,27,29,256,0,1,1,-34.215331,150.801499,79,1,2,1,3,0,0,0,0,0,7,90,2,1945,1945,5,5,40,1,0,0,0,0
1255058,3,2021,2021,3,0,7,74,27,56,59,0,1,9,-34.46558,150.872583,80,0,2,1,3,0,0,0,2,2,7,80,2,14295,14295,3,0,13,3,0,0,0,0
1255060,3,2021,2021,3,2,6,2126,17,125,2149,0,1,9,-33.863814,151.081945,67,0,2,1,3,0,3,4,2,2,7,60,2,5929,5929,1,5,5,2,0,0,0,0
1255062,3,2021,2021,3,6,4,38,31,246,64,0,1,1,-33.906787,151.201606,69,0,2,1,3,0,0,0,2,0,7,50,2,14295,14295,3,9,0,2,0,0,0,0
1255063,3,2021,2021,3,0,9,866,17,247,793,0,1,10,-33.830305,150.960171,21,0,2,1,3,0,0,0,2,2,7,70,2,14295,14295,3,5,5,2,0,0,0,0
1255066,3,2021,2021,3,0,0,2209,17,12,2205,0,1,1,-36.186664,150.115489,23,1,0,1,3,0,0,0,0,0,7,100,2,1945,1945,5,0,40,1,0,0,0,0
1255071,3,2021,2021,3,3,11,117,27,72,144,0,1,9,-33.848955,151.089765,14,0,2,1,2,0,3,4,0,0,7,60,2,9859,9859,1,0,0,3,0,0,0,0
1255072,3,2021,2021,3,3,0,31,27,79,33,1,0,9,-33.581627,150.717117,29,2,2,1,2,0,0,0,0,0,7,60,1,782,985,5,5,40,1,0,0,0,0
1255085,3,2020,2020,9,6,11,15,27,11,34609,0,1,1,-34.486421,150.806691,80,0,2,1,2,0,0,6,0,0,7,60,0,220,220,8,5,40,1,0,0,0,0
1255107,3,2021,2021,4,4,9,293,31,532,55,0,1,1,-33.865264,151.212611,69,0,2,1,1,0,0,0,3,0,7,40,1,941,941,1,5,5,2,0,0,0,0
1255108,3,2021,2021,3,2,3,34,10,10,40,0,1,1,-35.768122,150.217313,23,2,1,0,3,0,3,4,2,0,7,80,1,1259,5151,8,10,40,1,0,0,0,0
1255110,3,2021,2021,3,1,7,2209,17,176,2205,1,2,9,-33.961395,151.137721,25,0,2,1,3,0,0,0,2,3,7,40,2,9859,9859,1,9,5,2,0,0,0,0
1255111,3,2021,2021,3,2,8,478,17,128,480,0,1,2,-33.426846,151.309067,16,2,2,0,3,0,3,4,2,0,7,70,2,2585,4009,8,0,40,1,0,0,0,0
1255116,3,2021,2021,3,3,2,3,27,61,34609,0,1,1,-35.181969,149.248848,58,1,0,0,3,0,0,0,0,0,7,100,0,1259,5151,8,5,40,1,0,0,0,0
1255117,3,2021,2021,3,0,6,8,27,32,34609,0,1,1,-33.688047,150.982082,71,0,2,0,3,0,0,0,2,0,7,70,0,941,941,1,5,0,2,0,0,0,0
1255118,3,2021,2021,3,5,5,25,27,89,208,1,0,7,-33.860477,150.8909,24,0,2,1,3,0,0,0,2,0,0,50,1,1109,397,1,0,13,2,0,0,0,0
1255121,3,2021,2021,3,5,4,1104,14,323,962,0,1,3,-33.797889,150.854091,7,0,2,1,3,0,3,4,2,0,7,100,2,14295,14295,3,5,5,2,0,0,0,0
1255122,3,2021,2021,3,5,7,346,17,106,332,0,1,7,-28.858434,153.047064,60,2,1,1,3,0,0,0,2,0,0,50,2,6545,6545,4,16,5,2,0,0,0,0
1255123,3,2021,2021,3,0,8,1,27,129,34609,0,1,1,-33.898108,151.108869,15,0,2,1,3,0,0,0,2,0,7,50,0,14295,14295,3,0,5,4,0,0,0,0
1255124,3,2020,2020,9,3,4,15,31,99,34609,0,1,9,-33.890147,151.27409,76,0,2,1,3,0,0,0,2,0,7,40,0,4026,4026,1,5,5,2,0,0,0,0
1255129,3,2021,2021,4,3,9,22,31,38,34609,0,1,1,-33.766161,150.795522,55,0,2,1,3,0,0,0,2,0,7,50,0,9859,9859,1,0,0,2,0,0,0,0
1255130,3,2020,2020,9,4,1,5,10,66,34609,0,1,7,-33.718904,150.93502,7,0,2,1,2,0,0,0,0,0,0,50,0,9859,9859,8,5,40,1,0,0,0,0
1255142,3,2021,2021,3,6,11,346,17,44,332,0,1,10,-28.815115,153.403271,2,2,1,1,0,0,3,4,0,0,15,80,2,1089,1089,7,5,40,1,0,0,0,0
1255164,3,2021,2021,4,3,7,79,31,2,34609,0,1,1,-33.857334,151.193832,32,0,2,1,1,0,0,0,2,0,9,40,0,4026,4026,1,5,0,2,0,0,0,0
1255182,3,2021,2021,3,1,6,192,31,316,56,0,1,10,-33.902835,151.244823,59,0,2,1,3,0,0,3,2,2,7,50,1,6545,6545,4,5,13,2,0,0,0,0
1255183,3,2021,2021,3,3,10,234,27,112,217,0,1,7,-33.695964,151.030714,31,0,2,1,3,0,0,0,0,0,0,60,2,6545,6545,4,0,5,2,0,0,0,0
1255187,3,2021,2021,3,0,5,2126,17,21,2149,0,1,2,-33.722989,150.418174,8,2,2,0,3,0,3,4,2,0,7,80,2,4552,5151,8,5,40,1,0,0,0,0
1255188,3,2021,2021,3,0,6,5,27,323,34609,1,0,1,-33.750097,150.974471,71,0,2,1,3,0,0,0,2,0,7,50,0,14295,14295,3,10,5,2,0,0,0,0
1255190,3,2021,2021,3,5,8,213,17,132,213,0,1,1,-29.774905,151.093491,33,2,1,1,3,0,0,0,2,0,7,50,2,9859,9859,1,5,41,2,0,0,0,0
1255191,3,2021,2021,3,6,4,2209,17,137,2205,0,1,2,-34.035533,151.066042,68,0,2,1,3,0,0,0,2,0,7,70,2,14295,14295,3,5,40,2,0,0,0,0
1255193,3,2021,2021,3,2,7,294,17,6,288,0,1,1,-34.724958,143.872513,51,1,0,1,3,0,0,0,2,0,7,110,2,3775,3775,0,10,10,2,0,0,0,0
1255195,3,2021,2021,3,6,4,72,27,523,34609,1,2,1,-33.91748,150.915233,41,0,2,1,3,0,3,3,2,0,7,40,0,1981,1981,4,5,5,2,0,0,0,0
1255201,3,2021,2021,3,2,4,30,31,169,769,0,1,10,-33.598046,150.749448,29,2,2,1,3,0,3,4,2,0,15,50,2,6545,6545,4,5,0,2,0,0,0,0
1255205,3,2021,2021,3,0,1,11,7,72,34609,0,1,1,-34.011125,151.014996,68,0,2,0,2,0,3,4,0,0,7,50,0,4552,5151,1,5,23,2,0,0,0,0
1255206,3,2021,2021,3,2,9,1,1,55,34609,0,1,9,-33.884113,151.277155,76,0,2,1,0,0,3,3,3,0,7,50,0,6545,6545,4,5,5,2,0,0,0,0
1255207,3,2021,2021,3,5,6,8,1,21,34609,0,1,1,-33.874621,151.236916,81,0,2,1,3,0,0,3,2,0,7,50,0,14295,14295,3,5,36,2,0,0,0,0
1255208,3,2021,2021,3,6,9,475,31,204,11,0,1,9,-33.888213,151.129033,32,0,2,1,3,0,3,4,2,0,7,50,1,5929,5929,1,5,5,2,0,0,0,0
1255212,3,2021,2021,4,0,8,36,27,28,72,0,1,2,-28.68709,153.522397,10,2,1,1,1,0,0,0,2,0,7,50,2,14295,14295,3,5,5,3,0,0,0,0
1255214,3,2021,2021,3,3,9,84,27,252,31,0,1,7,-33.944199,150.882141,41,0,2,1,1,0,0,0,2,0,0,60,1,6545,6545,4,5,19,2,0,0,0,0
1255221,3,2021,2021,3,5,3,2261,17,204,2252,0,1,9,-33.898517,150.949187,24,0,2,0,2,0,3,4,1,2,7,70,2,623,623,3,33,5,3,0,0,0,0
1255223,3,2021,2021,3,2,7,68,27,98,208,0,1,6,-33.740419,151.064066,31,0,2,0,1,0,3,4,2,0,7,60,2,4552,5151,1,5,0,2,0,0,0,0
1255229,3,2021,2021,4,2,9,13,31,463,34609,0,1,1,-30.300256,153.107401,19,2,1,1,1,0,0,0,2,0,7,50,0,9859,9859,1,5,0,2,0,0,0,0
1255240,3,2021,2021,3,3,0,48,10,19,58,0,1,9,-32.903713,151.753887,48,0,2,0,2,0,0,0,0,0,0,60,2,489,489,8,9,40,1,0,0,0,0
1255262,3,2021,2021,3,1,8,35,27,127,37,0,1,1,-33.899329,151.149179,32,0,2,1,3,0,0,3,3,0,7,50,1,9859,9859,1,5,36,2,0,0,0,0
1255268,3,2021,2021,3,2,7,103,36,3,103,0,1,9,-32.186192,151.940524,43,1,0,1,3,0,3,4,2,0,7,100,1,14295,14295,3,5,0,3,0,0,0,0
1255269,3,2021,2021,3,0,4,103,27,167,563,0,1,2,-33.826661,151.050965,54,0,2,1,3,0,0,0,2,0,7,70,2,14295,14295,3,5,5,3,0,0,0,0
1255273,3,2021,2021,3,1,5,6,23,198,34609,0,1,1,-33.919489,151.099249,15,0,2,1,3,0,0,0,2,0,7,50,0,418,777,5,5,40,1,0,0,0,0
1255274,3,2021,2021,3,4,0,348,17,4,232,0,1,1,-33.227506,150.027548,40,1,0,0,3,0,3,4,0,0,7,100,2,3775,3775,0,10,13,2,0,0,0,0
1255275,3,2021,2021,3,2,10,68,27,110,67,0,1,1,-33.784234,151.008994,54,0,2,0,3,0,3,4,0,0,7,60,1,273,957,5,10,40,1,0,0,0,0
1255276,3,2021,2021,3,3,6,161,17,55,161,0,1,1,-36.238523,149.114934,65,2,1,1,3,0,0,0,2,0,7,50,2,941,941,1,5,5,2,0,0,0,0
1255282,3,2020,2020,9,6,5,145,31,160,34609,1,0,10,-33.105727,151.488748,37,0,2,1,3,0,0,0,2,0,15,50,0,6545,6545,4,5,5,2,0,0,0,0
1255286,3,2021,2021,3,5,9,55,27,112,70,0,1,11,-33.71808,151.029695,31,0,2,0,3,0,3,4,2,0,15,60,2,1850,1463,5,9,40,1,0,0,0,0
1255288,3,2021,2021,4,4,4,30,31,169,769,0,1,10,-33.596877,150.746963,29,2,2,1,3,0,3,3,2,2,7,60,2,5929,5929,1,5,0,3,0,0,0,0
1255290,3,2021,2021,3,5,8,39,36,18,79,0,1,1,-33.787676,151.201914,77,0,2,1,3,0,0,3,2,0,7,60,2,1391,1391,1,10,5,3,0,0,0,0
1255293,3,2021,2021,4,3,7,23,27,433,95,0,1,9,-33.27462,149.070404,52,2,1,1,0,0,0,0,2,0,0,50,2,1669,1669,3,10,5,3,0,0,0,0
1255302,3,2020,2020,10,1,9,53,27,155,51,0,1,1,-33.500344,151.320383,16,2,2,1,2,0,0,0,2,0,7,60,1,14295,14295,3,5,5,2,0,0,0,0
1255306,3,2021,2021,3,2,7,105,31,41,34609,0,1,0,-33.902004,151.183157,69,0,2,1,1,0,3,4,2,0,7,40,0,9859,9859,1,9,5,2,0,0,0,0
1255307,3,2021,2021,4,0,11,475,31,169,41,0,1,1,-33.902472,151.20561,69,0,2,1,2,0,3,4,0,0,7,50,1,9859,9859,1,0,0,3,0,0,0,0
1255308,3,2021,2021,3,4,3,165,31,134,34609,0,1,10,-33.67503,150.862531,7,0,2,1,1,0,0,0,2,0,0,50,0,6545,6545,4,5,5,2,0,0,0,0
1255310,3,2020,2020,2,3,1,4,2,54,34609,0,1,2,-28.492097,153.541899,10,2,1,1,2,0,0,0,0,0,7,50,0,9859,9859,8,5,40,2,0,0,0,0
1255325,3,2021,2021,4,6,3,40,27,122,45,0,1,1,-33.41918,151.338066,16,2,2,0,2,0,3,3,1,0,7,60,1,4552,5151,1,5,5,2,0,0,0,0
1255335,3,2020,2020,9,5,3,2261,17,70,2252,0,1,2,-34.733691,149.970969,26,1,0,1,0,0,0,0,1,0,7,110,2,204,204,1,29,12,2,0,0,0,0
1255345,3,2021,2021,3,6,6,1,27,562,34609,0,1,1,-32.26033,148.659026,22,2,1,1,3,0,0,0,2,0,7,60,0,1109,787,1,34,13,2,0,0,0,0
1255356,3,2021,2021,3,0,2,17,27,323,25,0,1,2,-33.811962,150.838566,7,0,2,1,3,0,3,4,1,0,7,70,2,14295,14295,3,5,0,3,0,0,0,0
1255359,3,2020,2020,2,2,7,515,14,204,518,0,1,3,-33.938098,151.153382,4,0,2,1,3,0,0,0,2,0,7,80,2,14295,14295,3,30,13,3,0,0,0,0
1255365,3,2021,2021,3,5,7,3371,17,463,3342,0,1,9,-30.282549,153.128388,19,2,1,1,3,0,0,3,2,2,7,60,2,1391,1391,1,8,0,3,0,0,0,0
1255367,3,2021,2021,3,2,5,60,27,253,331,0,1,10,-33.963361,151.103048,25,0,2,1,3,0,3,4,2,2,7,60,2,5929,5929,1,10,0,2,0,0,0,0
1255374,3,2021,2021,4,4,1,230,27,173,284,0,1,2,-33.791515,151.130944,61,0,2,1,2,0,3,4,0,0,7,70,2,9859,9859,8,5,40,1,0,0,0,0
1255384,3,2020,2020,9,0,0,98,27,609,220,0,1,9,-33.775929,150.919738,7,0,2,1,2,0,0,0,0,2,7,60,2,14295,14295,3,5,5,2,0,0,0,0
1255390,3,2021,2021,3,5,4,478,17,118,480,0,1,9,-33.425962,151.287796,16,2,2,0,3,0,3,3,2,2,7,70,2,14295,14295,3,5,13,2,0,0,0,0
1255393,3,2020,2020,2,4,9,475,31,253,34609,0,1,9,-33.959988,151.099344,25,0,2,1,3,0,0,0,2,0,15,50,0,6545,6545,4,5,5,2,0,0,0,0
1255394,3,2021,2021,3,2,8,3371,17,44,3342,0,1,2,-33.206367,151.516412,16,2,2,1,3,0,3,4,2,0,7,80,2,475,475,5,5,40,1,0,0,0,0
1255395,3,2021,2021,3,4,8,162,31,91,172,0,1,7,-32.966901,151.652357,37,0,2,0,3,0,0,0,3,0,0,60,2,1391,1391,1,10,36,2,0,0,0,0
1255397,3,2021,2021,3,6,5,19,31,224,34609,1,0,9,-33.826337,151.251334,45,0,2,1,3,0,0,0,2,0,0,50,0,2585,777,1,5,36,2,0,0,0,0
1255398,3,2021,2021,3,4,5,4,27,56,34609,0,1,9,-32.822071,151.291843,17,2,1,1,3,0,3,4,2,0,7,80,0,9859,9859,8,5,40,1,0,0,0,0