Crash ID,Degree of crash - detailed,Reporting year,Year of crash,Month of crash,Day of week of crash,Two-hour intervals,Street of crash,Street type,Town,Route no.,School zone location,School zone active,Type of location,Latitude,Longitude,LGA,Urbanisation,Conurbation 1,Alignment,Street lighting,Road surface,Surface condition,Weather,Natural lighting,Signals operation,Other traffic control,Speed limit,Road classification,RUM - code,DCA - code,First impact type,Key TU type,Other TU type,No. of traffic units involved,No. killed,No. seriously injured,No. moderately injured,No. minor-other injured
1255399,3,2021,2021,3,5,3,1104,14,218,962,0,1,3,-33.783445,150.765346,55,0,2,1,3,0,3,4,2,0,7,110,2,14295,14295,3,0,5,2,0,0,0,0
1255400,3,2021,2021,3,1,7,10,27,10,34609,0,1,1,-33.742129,150.71989,55,0,2,1,3,0,3,0,2,0,7,50,0,4026,4026,8,0,40,1,0,0,0,0
1255404,3,2021,2021,3,5,4,3,31,363,34609,0,1,10,-33.75816,150.707891,55,0,2,1,3,0,0,3,2,0,15,50,0,6545,6545,4,21,0,3,0,0,0,0
1255420,3,2021,2021,4,5,8,79,10,15,231,0,1,9,-33.450597,151.319825,16,2,2,0,0,0,0,0,2,0,7,60,2,1259,5151,8,5,40,1,0,0,0,0
1255421,3,2020,2020,10,5,7,64,31,67,94,0,1,1,-33.884689,151.012174,15,0,2,1,3,0,2,6,2,0,7,60,1,9859,9859,1,5,12,3,0,0,0,0
1255429,3,2021,2021,3,1,10,20,31,155,34609,0,1,1,-33.14221,148.165163,53,2,1,1,0,0,0,6,0,0,7,50,0,4026,4026,8,5,40,2,0,0,0,0
1255434,3,2021,2021,3,6,7,2126,17,106,2149,0,1,10,-33.887433,151.173573,32,0,2,1,0,0,0,0,2,2,9,60,2,1282,1282,1,5,5,2,0,0,0,0
1255436,3,2021,2021,3,2,3,31,31,117,34609,0,1,1,-28.185075,153.532483,72,2,1,1,1,0,0,0,2,0,7,50,0,4026,4026,1,34,5,3,0,0,0,0
1255447,3,2021,2021,3,5,10,4,7,68,34609,0,1,1,-33.715631,149.865148,51,2,1,0,0,0,0,0,0,0,7,60,0,4552,5151,8,0,40,1,0,0,0,0
1255453,3,2021,2021,4,0,7,33,27,33,154,0,1,2,-33.7808,150.872943,7,0,2,1,1,0,0,0,2,0,7,70,1,204,204,1,0,36,2,0,0,0,0
1255459,3,2021,2021,3,5,4,4,27,25,34609,0,1,1,-34.501896,150.427159,78,2,1,1,0,0,0,0,2,0,7,70,0,3775,3775,0,0,0,3,0,0,0,0
1255464,3,2020,2020,0,2,7,1,18,5,34609,0,1,1,-35.166247,146.631131,51,1,0,1,0,2,0,0,2,0,7,100,0,4026,4026,8,10,40,1,0,0,0,0
1255510,3,2020,2020,2,2,1,4,27,2,34609,0,1,1,-32.408573,151.201111,64,1,0,1,0,0,0,0,0,0,7,100,0,4026,4026,8,10,40,1,0,0,0,0
1255523,3,2021,2021,3,4,8,49,27,201,47,0,1,7,-33.988964,150.867828,13,0,2,1,3,0,0,0,2,0,0,60,1,14295,14295,3,5,13,2,0,0,0,0
1255525,3,2021,2021,4,0,3,7,18,43,42,0,1,7,-33.577015,150.806031,29,2,2,1,3,0,0,0,2,0,0,80,1,1850,985,5,8,40,1,0,0,0,0
1255526,3,2020,2020,2,6,5,229,14,110,237,0,1,6,-33.759253,151.042385,71,0,2,0,1,0,0,0,2,0,7,80,2,14295,14295,3,29,0,3,0,0,0,0
1255530,3,2021,2021,3,5,8,175,27,609,220,1,0,2,-33.757475,150.914494,7,0,2,1,3,0,0,0,2,0,7,70,2,14295,14295,3,5,5,3,0,0,0,0
1255531,3,2021,2021,3,4,4,68,27,278,67,0,1,1,-33.769747,151.038244,54,0,2,1,3,0,0,0,2,0,7,60,1,9859,9859,8,0,40,1,0,0,0,0
1255539,3,2021,2021,3,0,8,280,10,54,240,0,1,9,-33.849288,150.876429,24,0,2,0,3,0,0,0,2,2,7,60,2,1391,1391,1,0,35,3,0,0,0,0
1255542,3,2021,2021,3,3,6,3371,17,463,3342,0,1,9,-30.305899,153.101761,19,2,1,1,3,0,3,4,2,2,7,60,2,14295,14295,3,10,5,2,0,0,0,0
1255551,3,2021,2021,3,4,9,10,1,337,34609,0,1,1,-33.73123,150.974437,71,0,2,1,3,0,0,0,2,0,7,50,0,941,941,1,0,5,2,0,0,0,0
1255561,3,2021,2021,3,3,8,61,31,92,45,0,1,1,-33.868934,150.973736,24,0,2,1,3,0,0,0,2,0,7,60,1,9859,9859,8,16,40,1,0,0,0,0
1255563,3,2021,2021,3,6,4,515,14,60,518,0,1,3,-33.942257,150.943293,41,0,2,1,3,0,3,3,2,0,7,100,2,1391,1391,1,5,5,4,0,0,0,0
1255566,3,2021,2021,3,4,7,3371,17,19,3342,0,1,9,-33.391481,151.353283,16,2,2,1,3,0,0,3,2,0,7,60,2,5929,5929,1,5,5,2,0,0,0,0
1255569,3,2021,2021,3,0,7,31,1,91,34609,0,1,10,-32.801225,151.657719,48,0,2,1,3,0,0,0,2,0,0,50,0,6545,6545,4,5,25,2,0,0,0,0
1255572,3,2021,2021,3,0,9,3371,17,43,3342,0,1,2,-30.445398,153.008478,6,1,0,0,3,0,3,4,3,0,7,110,2,4552,5151,8,10,40,1,0,0,0,0
1255574,3,2021,2021,3,4,7,2209,17,273,2205,0,1,1,-34.426006,150.877383,80,0,2,1,3,0,3,4,2,0,7,60,2,1391,1391,1,34,0,2,0,0,0,0
1255575,3,2021,2021,3,4,6,515,14,243,518,0,1,3,-33.939089,150.91886,41,0,2,1,3,0,0,0,2,0,7,100,2,1192,1192,1,5,10,2,0,0,0,0
1255577,3,2021,2021,3,0,3,43,1,74,16,0,1,9,-33.760439,150.846812,7,0,2,1,3,0,0,0,2,2,7,60,2,14295,14295,3,9,13,2,0,0,0,0
1255578,3,2021,2021,3,0,7,45,31,112,34609,0,1,9,-33.912628,150.936157,41,0,2,1,3,0,0,3,2,0,7,50,0,4552,985,1,5,5,3,0,0,0,0
1255579,3,2021,2021,3,0,6,9,27,91,34609,0,1,1,-33.968914,151.091677,25,0,2,1,3,0,0,3,2,0,7,50,0,1282,1282,1,9,5,2,0,0,0,0
1255580,3,2021,2021,3,0,8,2126,17,445,2149,0,1,9,-33.851256,151.054547,21,0,2,1,3,0,0,0,2,0,7,60,2,2852,2852,4,5,5,2,0,0,0,0
1255582,3,2021,2021,3,4,0,8,9,132,34609,0,1,4,-29.763838,151.077847,33,2,1,0,3,0,0,0,0,0,7,60,0,4552,5151,8,5,40,1,0,0,0,0
1255584,3,2021,2021,3,4,8,916,17,102,917,0,1,7,-31.120147,150.923659,70,2,1,0,3,0,3,3,2,0,0,60,2,1669,1669,3,29,5,2,0,0,0,0
1255585,3,2021,2021,3,1,3,26,27,92,25,0,1,2,-33.971461,150.816635,13,0,2,1,3,0,0,0,2,2,9,50,1,14295,14295,3,5,12,2,0,0,0,0
1255586,3,2021,2021,3,5,5,3371,17,19,3342,0,1,2,-31.865869,152.596308,43,1,0,0,3,0,3,4,2,0,7,100,2,1259,5151,8,10,40,1,0,0,0,0
1255587,3,2021,2021,3,2,6,234,27,112,217,0,1,1,-33.675653,151.026255,31,0,2,1,3,0,0,0,2,0,7,60,2,14295,14295,3,5,13,3,0,0,0,0
1255595,3,2021,2021,3,0,6,43,1,73,34609,0,1,1,-33.752392,150.81413,7,0,2,1,3,0,0,0,2,0,7,60,0,9859,9859,1,5,5,3,0,0,0,0
1255622,3,2021,2021,3,2,1,104,1,71,34609,0,1,1,-33.969441,151.064525,25,0,2,1,2,0,3,4,0,0,7,50,0,4026,4026,8,0,40,1,0,0,0,0
1255625,3,2021,2021,4,0,11,18,27,253,7,0,1,1,-33.957838,151.092555,25,0,2,1,2,0,0,0,0,0,7,50,1,9859,9859,1,5,5,3,0,0,0,0
1255640,3,2021,2021,3,2,7,2,27,45,34609,1,0,1,-33.689764,151.220255,50,0,2,1,3,0,0,0,2,0,7,50,0,1981,1981,4,5,5,2,0,0,0,0
1255645,3,2021,2021,3,0,5,92,31,70,34609,0,1,2,-32.74201,151.567319,42,2,1,0,3,0,0,0,2,0,7,60,0,1981,1981,4,10,5,2,0,0,0,0
1255647,3,2021,2021,4,3,7,224,27,246,321,0,1,1,-33.900707,151.20071,69,0,2,1,3,0,3,4,2,0,7,50,2,3775,3775,0,9,0,3,0,0,0,0
1255650,3,2021,2021,4,3,6,100,31,157,38,0,1,10,-33.803199,151.003199,54,0,2,1,3,0,0,0,2,2,7,60,1,5929,5929,1,0,5,2,0,0,0,0
1255656,3,2021,2021,3,6,4,6,27,290,34609,0,1,1,-33.855116,150.989322,21,0,2,1,0,0,0,0,2,0,7,50,0,945,945,5,0,40,1,0,0,0,0
1255657,3,2021,2021,3,4,6,7,31,273,34609,0,1,1,-34.43545,150.890679,80,0,2,1,3,0,3,4,2,0,7,50,0,4026,4026,1,5,13,2,0,0,0,0
1255660,3,2021,2021,3,4,8,4,27,15,34609,0,1,10,-34.006449,151.073945,68,0,2,0,3,0,0,0,2,0,7,50,0,1391,1391,1,0,5,2,0,0,0,0
1255667,3,2021,2021,3,0,10,21,10,89,34609,0,1,1,-28.223653,153.534738,72,2,1,1,2,0,0,0,0,0,7,50,0,9859,9859,1,33,41,2,0,0,0,0
1255678,3,2021,2021,3,1,0,220,27,46,222,0,1,9,-33.786424,150.973105,54,0,2,1,2,0,3,4,0,2,7,80,2,4552,985,8,5,40,1,0,0,0,0
1255683,3,2021,2021,3,1,10,2,1,188,34609,0,1,1,-33.933643,151.091561,15,0,2,1,3,0,3,4,0,0,7,50,0,9859,9859,1,5,13,2,0,0,0,0
1255684,3,2021,2021,3,6,8,3,27,39,34609,0,1,1,-34.040733,150.75234,12,0,2,1,3,0,0,3,2,0,7,60,0,941,941,1,5,5,2,0,0,0,0
1255685,3,2021,2021,3,1,8,2209,17,157,2205,0,1,2,-34.008178,151.104581,68,0,2,1,3,0,0,0,2,0,7,70,2,475,475,5,5,40,1,0,0,0,0
1255686,3,2021,2021,3,3,8,3,31,74,34609,0,1,9,-33.770832,150.676379,55,0,2,1,3,0,0,0,2,0,7,50,0,5929,5929,1,5,41,2,0,0,0,0
1255691,3,2021,2021,3,3,6,294,17,215,288,0,1,9,-35.119104,147.370318,75,2,1,1,3,0,0,0,2,0,7,60,2,926,926,4,5,10,2,0,0,0,0
1255695,3,2021,2021,3,3,8,1052,14,207,928,0,1,3,-33.541447,151.198001,31,0,2,1,3,0,0,0,2,0,7,110,2,14295,14295,3,0,0,5,0,0,0,0
1255697,3,2021,2021,3,4,9,33,31,96,34609,0,1,10,-35.344191,149.227947,58,2,1,1,3,0,0,0,2,0,0,50,0,301,301,4,5,5,2,0,0,0,0
1255701,3,2021,2021,3,0,8,19,27,25,34609,0,1,9,-32.891882,151.685485,48,0,2,1,0,0,2,6,2,0,15,60,0,926,926,4,5,5,3,0,0,0,0
1255709,3,2021,2021,3,6,8,40,31,179,34609,0,1,7,-33.76165,150.715343,55,0,2,1,1,0,0,0,2,0,7,50,0,5929,5929,1,5,36,2,0,0,0,0
1255710,3,2021,2021,3,0,10,41,27,102,91,0,1,1,-33.956228,151.226818,4,0,2,1,0,0,3,4,0,0,7,50,1,9859,9859,1,33,5,3,0,0,0,0
1255776,3,2021,2021,3,1,11,26,31,171,19,0,1,1,-33.807019,150.968275,21,0,2,1,2,0,3,4,0,0,7,50,1,9859,9859,1,5,5,2,0,0,0,0
1255796,3,2020,2020,9,1,3,97,27,271,799,0,1,2,-33.938491,151.018485,15,0,2,0,1,0,0,0,2,0,7,70,2,1383,1383,1,5,5,4,0,0,0,0
1255797,3,2021,2021,3,0,3,158,27,46,207,0,1,10,-33.879055,151.237598,81,0,2,1,2,0,0,0,2,2,7,60,2,1282,1282,1,33,0,2,0,0,0,0
1255799,3,2021,2021,4,0,9,17,31,609,34609,0,1,9,-33.767512,150.888261,7,0,2,1,2,0,3,4,3,0,7,50,0,4552,985,1,5,5,3,0,0,0,0
1255810,3,2020,2020,2,5,9,8,27,7,36,0,1,1,-33.606744,150.881471,29,2,2,0,3,0,3,4,3,0,7,70,1,4552,5151,8,5,40,1,0,0,0,0
1255812,3,2020,2020,2,4,8,2261,17,31,2252,0,1,3,-34.026275,150.824237,13,0,2,1,1,0,0,0,2,0,7,110,2,14295,14295,3,30,13,2,0,0,0,0
1255821,3,2021,2021,3,6,3,2261,17,23,2252,0,1,2,-34.812914,148.684632,82,1,0,1,3,0,0,0,2,0,7,110,2,9859,9859,8,5,40,1,0,0,0,0
1255851,3,2021,2021,3,4,8,3371,17,73,3342,1,0,9,-33.773457,151.165844,36,0,2,1,1,0,0,0,2,2,7,60,2,1383,1383,1,33,5,2,0,0,0,0
1255857,3,2021,2021,3,4,0,2,27,85,34609,0,1,1,-33.790706,150.685251,55,0,2,1,2,0,0,0,0,0,7,50,0,9859,9859,1,5,5,3,0,0,0,0
1255882,3,2021,2021,3,2,8,16,27,169,20,0,1,7,-33.761109,150.850352,7,0,2,1,1,0,0,0,2,0,0,60,1,489,489,8,30,40,1,0,0,0,0
1255886,3,2021,2021,3,5,8,1,31,48,34609,0,1,9,-32.722038,152.13036,57,2,1,1,3,0,0,0,2,0,0,50,0,2852,2852,4,0,5,2,0,0,0,0
1255892,3,2020,2020,2,5,8,40,27,51,34609,0,1,7,-33.257249,151.489321,16,2,2,0,0,0,3,4,2,0,0,50,0,3775,3775,0,0,5,2,0,0,0,0
1255895,3,2020,2020,9,6,2,3,1,66,34609,0,1,1,-33.724486,150.923247,7,0,2,0,2,0,3,0,0,0,7,50,0,4552,5151,1,0,5,4,0,0,0,0
1255924,3,2021,2021,3,2,10,2,31,609,34609,0,1,1,-33.756806,150.887026,7,0,2,0,2,0,0,0,0,0,7,50,0,4552,5151,8,0,40,1,0,0,0,0
1255932,3,2021,2021,3,1,2,103,36,6,103,0,1,1,-32.575203,151.917342,43,1,0,1,3,2,0,0,0,0,7,90,1,237,162,8,8,40,1,0,0,0,0
1255934,3,2021,2021,3,0,4,5,31,271,34609,0,1,7,-33.953777,151.019135,15,0,2,0,3,0,0,0,2,0,7,50,0,301,301,4,5,0,2,0,0,0,0
1255936,3,2021,2021,3,3,8,22,1,337,34609,0,1,9,-33.733033,150.999821,71,0,2,1,3,0,0,0,2,0,7,50,0,2852,2852,4,5,5,2,0,0,0,0
1255942,3,2021,2021,3,5,6,43,31,104,117,1,0,9,-32.911101,151.704979,48,0,2,1,3,0,0,0,2,0,7,60,2,84,84,6,5,40,1,0,0,0,0
1255946,3,2021,2021,3,4,8,2209,17,157,2205,0,1,2,-34.007796,151.111219,68,0,2,1,3,0,3,4,2,0,7,70,2,14295,14295,3,5,5,2,0,0,0,0
1255947,3,2021,2021,3,2,0,15,10,7,34609,0,1,1,-34.085042,151.149795,68,0,2,0,3,0,0,0,0,0,7,50,0,2585,4009,8,9,40,1,0,0,0,0
1255952,3,2021,2021,3,1,4,18,36,40,34609,0,1,1,-34.220508,150.581966,79,2,2,1,3,0,0,0,2,0,7,60,0,5929,5929,1,30,13,2,0,0,0,0
1255955,3,2021,2021,3,6,6,916,17,165,917,0,1,1,-32.267578,150.887552,46,2,1,1,3,0,0,3,2,0,7,50,2,1981,1981,4,5,5,2,0,0,0,0
1255957,3,2021,2021,3,4,5,829,27,124,770,0,1,9,-33.810823,151.033271,54,0,2,1,3,0,3,3,2,2,7,60,2,14295,14295,3,8,0,2,0,0,0,0
1255958,3,2021,2021,3,0,2,2209,17,24,2205,0,1,1,-36.235339,150.125904,23,2,1,0,3,0,3,0,0,0,7,80,2,1259,5151,8,5,40,1,0,0,0,0
1255959,3,2021,2021,3,0,9,33,27,44,41,0,1,9,-33.743463,150.722165,55,0,2,1,3,0,0,0,2,0,15,70,1,217,217,1,5,13,2,0,0,0,0
1255961,3,2021,2021,3,0,3,100,27,323,100,0,1,9,-33.796983,150.853447,7,0,2,1,3,0,0,0,2,3,7,70,2,489,489,8,30,40,1,0,0,0,0
1255968,3,2021,2021,3,4,10,2209,17,24,2205,0,1,2,-34.939382,150.601794,63,1,0,1,3,0,0,0,0,0,7,100,2,1089,1089,7,5,40,1,0,0,0,0
1255970,3,2021,2021,4,0,7,387,27,12,34609,0,1,9,-34.96123,150.650392,63,1,0,0,3,0,3,4,2,0,7,100,0,1957,4009,8,10,40,1,0,0,0,0
1255971,3,2021,2021,3,4,7,143,31,134,34609,0,1,9,-33.890543,151.243159,76,0,2,1,3,0,0,0,2,2,7,50,0,1391,1391,1,0,5,4,0,0,0,0
1255973,3,2020,2020,10,2,11,37,27,29,52,0,1,1,-34.062542,150.575073,79,2,2,0,0,0,3,4,0,0,7,80,1,2585,4009,8,34,40,1,0,0,0,0
1256016,3,2021,2021,3,0,3,280,10,162,240,0,1,9,-33.852437,150.891206,24,0,2,1,3,0,0,0,2,0,7,70,2,9859,9859,8,10,40,1,0,0,0,0
1256026,3,2021,2021,3,5,6,40,27,162,34609,0,1,1,-33.83861,150.888425,24,0,2,1,3,0,0,3,2,0,7,50,0,1981,1981,4,5,13,2,0,0,0,0
1256040,3,2021,2021,3,5,8,1,31,7,34609,0,1,9,-36.045519,150.126831,23,2,1,0,3,0,0,3,4,0,7,50,0,301,301,4,5,13,2,0,0,0,0
1256042,3,2021,2021,4,0,11,31,27,17,69,0,1,1,-33.79282,151.156178,61,0,2,0,3,0,3,4,0,0,7,60,2,3775,3775,0,5,25,2,0,0,0,0
1256043,3,2021,2021,3,1,7,478,17,96,480,0,1,7,-33.437758,151.383723,16,2,2,0,3,0,0,0,2,3,0,60,2,1669,1669,3,30,22,2,0,0,0,0
1256044,3,2021,2021,3,6,7,515,14,166,518,0,1,3,-33.943523,150.993123,15,0,2,1,3,0,3,4,2,0,7,100,2,1391,1391,1,0,0,2,0,0,0,0
1256049,3,2021,2021,3,1,8,107,22,239,121,1,0,1,-34.03152,151.116879,68,0,2,1,3,0,0,0,2,0,7,60,1,5929,5929,1,0,0,2,0,0,0,0
1256051,3,2021,2021,3,2,5,3371,17,44,3342,0,1,2,-32.422617,152.209472,43,1,0,0,3,0,3,4,2,0,7,110,2,52,52,8,5,40,1,0,0,0,0
1256053,3,2020,2020,2,2,11,1,27,1,34609,0,1,1,-30.631776,151.708478,1,1,0,1,3,2,0,0,0,0,7,100,0,945,945,5,5,40,1,0,0,0,0
1256054,3,2021,2021,3,1,4,72,14,169,71,0,1,10,-33.900901,151.215126,69,0,2,1,3,0,0,0,2,3,7,60,2,1383,1383,1,5,5,2,0,0,0,0
1256056,3,2021,2021,3,4,7,265,17,21,193,0,1,1,-35.084949,147.349883,75,2,1,0,3,0,0,0,2,0,7,80,2,1850,1463,5,0,40,1,0,0,0,0
1256059,3,2021,2021,3,3,9,30,27,57,52,0,1,1,-33.903084,151.1724,32,0,2,1,3,0,0,0,2,0,7,60,1,14295,14295,3,5,19,2,0,0,0,0
1256061,3,2021,2021,3,1,9,60,27,174,44,0,1,9,-33.87001,150.926636,24,0,2,1,3,0,0,0,2,0,0,50,1,1391,1391,1,5,5,2,0,0,0,0
1256066,3,2021,2021,3,6,8,251,27,62,212,0,1,9,-33.752221,151.251006,50,0,2,1,3,0,0,3,2,0,7,70,2,14295,14295,3,5,13,2,0,0,0,0
1256067,3,2021,2021,3,4,5,20,27,243,6,0,1,2,-33.956888,150.882543,41,0,2,1,3,0,0,0,2,0,7,60,2,1282,1282,1,9,0,3,0,0,0,0
1256070,3,2021,2021,3,4,6,308,14,252,311,0,1,3,-33.935695,150.875853,41,0,2,0,3,0,0,0,2,0,7,100,2,14295,14295,3,5,13,5,0,0,0,0
1256074,3,2021,2021,3,0,4,126,1,26,17,0,1,9,-33.737265,150.821242,7,0,2,1,3,0,0,0,2,0,7,60,1,1282,1282,1,0,0,2,0,0,0,0
1256083,3,2020,2020,7,3,9,220,14,21,220,0,1,3,-34.263755,150.92834,80,0,2,1,0,0,0,0,3,0,7,110,2,4026,4026,8,30,40,1,0,0,0,0
1256087,3,2021,2021,3,5,5,4,31,77,34609,0,1,10,-32.941265,151.755448,48,0,2,1,3,0,0,3,2,0,0,50,0,6545,6545,4,5,0,2,0,0,0,0
1256089,3,2021,2021,3,2,10,55,36,8,43,0,1,1,-32.404767,150.35529,46,1,0,1,3,0,0,0,3,0,7,100,1,1089,1089,7,5,40,1,0,0,0,0
1256112,3,2021,2021,4,0,2,4,27,56,34609,0,1,1,-35.115746,147.421097,75,2,1,0,0,0,0,0,0,0,7,80,0,4552,5151,8,5,40,1,0,0,0,0
1256130,3,2020,2020,1,3,0,2,27,247,34609,0,1,1,-33.825831,150.937519,21,0,2,1,2,0,0,0,0,0,7,50,0,9859,9859,1,0,5,2,0,0,0,0
1256132,3,2020,2020,2,2,10,92,31,30,34609,0,1,10,-34.876756,147.576935,51,2,1,1,3,0,0,0,0,0,0,50,0,418,777,5,5,40,1,0,0,0,0
1256143,3,2020,2020,2,4,4,12,27,36,28,0,1,7,-33.802165,150.936994,21,0,2,1,0,0,0,0,2,0,0,60,1,6545,6545,4,5,36,2,0,0,0,0
1256152,3,2021,2021,3,0,8,13,27,175,34609,0,1,7,-33.767286,151.069057,54,0,2,1,3,0,0,0,3,0,0,50,0,6545,6545,4,0,5,2,0,0,0,0
1256153,3,2021,2021,3,6,7,21,31,252,59,0,1,9,-33.885023,151.213396,69,0,2,1,3,0,3,3,2,0,7,40,1,926,926,4,5,13,2,0,0,0,0
1256161,3,2021,2021,3,2,5,1,18,6,34609,0,1,1,-35.456149,149.368408,58,1,0,1,3,2,0,0,2,0,7,100,0,4026,4026,8,5,40,1,0,0,0,0
1256163,3,2021,2021,7,5,8,78,31,273,34609,0,1,1,-34.433473,150.888112,80,0,2,1,3,0,0,0,2,0,7,50,0,1981,1981,4,5,5,2,0,0,0,0
1256167,3,2021,2021,3,2,10,1,27,90,34609,0,1,1,-33.882381,151.243859,81,0,2,0,3,0,0,0,0,0,7,50,0,4552,5151,8,30,40,1,0,0,0,0
1256184,3,2021,2021,4,4,8,31,31,39,34609,0,1,9,-33.761781,150.923651,7,0,2,1,0,0,0,0,2,0,7,50,0,4026,4026,1,10,5,2,0,0,0,0
1256205,3,2021,2021,4,3,0,2261,17,32,2252,0,1,3,-34.302851,150.608368,79,1,2,1,0,0,0,0,0,0,7,110,2,9859,9859,8,5,40,1,0,0,0,0
1256211,3,2021,2021,7,4,7,5,27,21,34609,0,1,1,-33.877667,151.234963,81,0,2,1,3,0,0,0,2,0,15,50,0,387,387,1,30,0,2,0,0,0,0
1256213,3,2021,2021,7,5,8,1,1,55,34609,0,1,9,-33.936195,150.891647,41,0,2,1,3,0,0,0,2,0,7,50,0,5929,5929,1,5,5,2,0,0,0,0
1256214,3,2021,2021,3,3,5,1,7,33,34609,0,1,9,-34.026453,150.819406,13,0,2,1,3,0,0,0,2,0,7,60,0,6545,6545,4,30,0,2,0,0,0,0
1256216,3,2021,2021,7,1,8,346,17,103,332,0,1,9,-28.814729,153.315023,39,2,1,1,3,0,3,4,2,0,7,60,2,14295,14295,3,5,5,2,0,0,0,0
1256219,3,2021,2021,3,0,7,478,17,128,480,0,1,9,-33.427207,151.329651,16,2,2,1,3,0,0,0,2,0,0,70,2,5929,5929,1,5,0,2,0,0,0,0
1256220,3,2021,2021,7,6,8,6,31,314,7,0,1,9,-33.854187,150.917435,24,0,2,1,3,0,0,0,2,0,7,60,1,14295,14295,3,9,5,2,0,0,0,0
1256222,3,2021,2021,7,5,9,500,27,136,799,0,1,9,-33.926014,151.084816,15,0,2,1,3,0,0,0,2,0,7,60,2,5929,5929,1,9,5,2,0,0,0,0
1256227,3,2021,2021,7,1,6,20,31,316,34609,0,1,7,-31.43134,152.907005,56,2,1,1,3,0,0,0,2,0,0,50,0,14295,14295,3,0,5,2,0,0,0,0
1256232,3,2021,2021,7,4,3,26,27,131,115,0,1,9,-33.776508,151.183347,36,0,2,1,3,0,0,0,2,0,0,60,1,941,941,1,5,5,2,0,0,0,0
1256237,3,2021,2021,7,5,4,2209,17,6,2205,0,1,1,-36.364563,149.971792,5,1,0,0,3,0,0,0,2,0,7,100,2,1259,5151,8,5,40,1,0,0,0,0
1256240,3,2021,2021,3,3,7,22,31,215,34609,0,1,10,-35.108007,147.362523,75,2,1,1,3,0,0,0,2,0,15,50,0,14295,14295,3,5,5,2,0,0,0,0
1256241,3,2021,2021,3,0,7,4,10,74,34609,0,1,7,-33.721756,151.042826,31,0,2,0,3,0,0,0,2,0,0,50,0,1981,1981,4,5,5,2,0,0,0,0
1256242,3,2021,2021,3,3,6,13,31,207,34609,0,1,10,-31.957175,141.464926,51,2,1,1,3,0,0,0,2,0,0,40,0,6545,6545,4,5,13,2,0,0,0,0
1256247,3,2021,2021,7,5,8,3,31,363,34609,0,1,10,-33.824308,151.000867,54,0,2,1,3,0,0,0,2,0,15,50,0,1109,787,1,5,5,2,0,0,0,0
1256251,3,2021,2021,7,4,7,117,27,73,702,0,1,9,-33.833953,151.08893,14,0,2,0,3,0,0,0,2,2,7,70,2,14295,14295,3,5,5,2,0,0,0,0
1256279,3,2021,2021,3,4,11,829,27,149,770,0,1,2,-33.86634,151.174592,32,0,2,0,2,0,0,0,0,0,7,60,2,1282,1282,1,0,5,2,0,0,0,0
1256297,3,2021,2021,3,2,5,72,27,193,56,0,1,10,-33.796564,151.065263,61,0,2,0,1,0,3,4,2,2,7,60,2,63,63,4,0,36,2,0,0,0,0
1256302,3,2021,2021,3,2,3,132,1,42,34609,0,1,1,-33.736159,151.271983,50,0,2,1,0,0,3,3,2,0,7,50,0,4026,4026,8,10,40,2,0,0,0,0
1256306,3,2021,2021,4,4,10,2126,17,179,2149,0,1,9,-33.759969,150.72604,55,0,2,1,1,0,0,0,0,0,7,60,2,14295,14295,3,10,13,2,0,0,0,0
1256313,3,2021,2021,3,4,3,4,10,35,34609,0,1,1,-30.505863,153.003606,6,2,1,0,1,0,0,0,2,0,7,50,0,1957,4009,1,33,0,2,0,0,0,0
1256319,3,2021,2021,3,3,6,2,31,433,34609,0,1,1,-33.276844,149.115083,52,2,1,1,1,0,0,0,2,0,7,50,0,9859,9859,1,10,5,2,0,0,0,0
1256320,3,2021,2021,3,6,6,7,31,43,34609,0,1,1,-33.444569,151.325708,16,2,2,1,0,0,0,0,2,0,7,50,0,9859,9859,1,10,5,2,0,0,0,0
1256329,3,2021,2021,3,3,11,55,27,137,96,0,1,9,-32.958772,151.69133,37,0,2,1,2,0,0,0,0,0,7,60,2,9859,9859,8,5,40,1,0,0,0,0
1256350,3,2021,2021,4,0,7,26,31,15,8,0,1,10,-35.766918,146.900801,27,2,1,1,1,0,3,4,2,0,0,50,1,1109,787,1,5,5,2,0,0,0,0
1256370,3,2021,2021,3,4,10,28,27,64,63,0,1,1,-33.892592,151.083256,67,0,2,1,2,0,0,0,0,0,7,50,1,9859,9859,1,9,5,2,0,0,0,0
1256381,3,2020,2020,2,5,4,17,31,18,58,0,1,7,-32.917865,151.758529,48,0,2,1,1,0,0,0,2,0,0,60,2,6545,6545,4,30,5,2,0,0,0,0
1256382,3,2020,2020,2,3,0,12,31,169,34609,0,1,9,-28.652066,153.619771,10,2,1,0,0,0,0,0,0,0,15,50,0,1259,5151,8,10,40,1,0,0,0,0
1256384,3,2021,2021,4,4,3,15,27,247,38,0,1,1,-33.813362,150.936076,21,0,2,1,1,0,3,4,2,0,7,60,2,9859,9859,1,5,5,2,0,0,0,0
1256397,3,2021,2021,3,4,5,344,27,168,382,0,1,10,-33.703845,150.836787,7,0,2,1,0,0,0,0,2,0,7,80,2,1383,1383,1,29,0,2,0,0,0,0
1256399,3,2021,2021,3,2,10,15,27,247,38,0,1,1,-33.818509,150.933668,21,0,2,1,2,0,0,0,0,0,7,60,2,623,623,3,30,0,2,0,0,0,0
1256400,3,2021,2021,7,0,8,10,10,73,34609,0,1,1,-35.135214,147.376096,75,2,1,1,0,0,0,0,2,0,7,50,0,3775,3775,0,10,5,2,0,0,0,0