Crash ID,Degree of crash - detailed,Reporting year,Year of crash,Month of crash,Day of week of crash,Two-hour intervals,Street of crash,Street type,Town,Route no.,School zone location,School zone active,Type of location,Latitude,Longitude,LGA,Urbanisation,Conurbation 1,Alignment,Street lighting,Road surface,Surface condition,Weather,Natural lighting,Signals operation,Other traffic control,Speed limit,Road classification,RUM - code,DCA - code,First impact type,Key TU type,Other TU type,No. of traffic units involved,No. killed,No. seriously injured,No. moderately injured,No. minor-other injured
1256444,3,2021,2021,3,6,10,72,31,204,331,0,1,9,-33.939561,151.151383,4,0,2,0,3,0,3,3,0,2,7,60,2,515,515,1,3,0,3,0,0,0,0
1256449,3,2021,2021,3,5,7,2126,17,27,2149,0,1,2,-33.721402,150.452089,8,2,2,1,1,0,3,3,2,0,7,60,2,4026,4026,8,29,40,1,0,0,0,0
1256453,3,2021,2021,3,0,10,2261,17,35,2252,0,1,10,-34.864048,148.283935,20,1,0,0,3,0,0,0,3,0,7,110,2,2585,4009,8,0,40,1,0,0,0,0
1256456,3,2021,2021,7,1,4,1104,14,149,962,0,1,3,-33.816596,150.965742,21,0,2,1,3,0,0,0,2,0,7,90,2,1192,1192,1,5,13,2,0,0,0,0
1256459,3,2021,2021,3,3,1,50,31,99,34609,0,1,10,-33.893012,151.269944,76,0,2,1,3,0,3,4,0,0,7,50,0,9859,9859,1,9,5,2,0,0,0,0
1256460,3,2021,2021,7,1,6,4,27,24,34609,0,1,9,-33.420521,151.399979,16,2,2,1,3,0,0,0,2,0,0,60,0,2852,2852,4,5,0,2,0,0,0,0
1256461,3,2021,2021,7,0,6,11,31,273,34609,0,1,1,-34.432303,150.896005,80,0,2,1,3,0,0,0,2,0,7,50,0,248,248,1,9,41,2,0,0,0,0
1256464,3,2021,2021,7,6,8,3,27,169,34609,0,1,9,-33.599594,150.731548,29,2,2,1,3,0,0,3,2,0,0,50,0,5929,5929,1,10,19,2,0,0,0,0
1256466,3,2021,2021,7,4,8,117,27,309,702,0,1,2,-33.823439,151.095004,61,0,2,1,3,0,0,0,2,0,7,70,2,14295,14295,3,5,5,2,0,0,0,0
1256470,3,2021,2021,7,6,8,478,17,69,480,0,1,10,-33.360859,151.482452,16,2,2,1,3,0,0,0,3,0,7,50,2,14295,14295,3,5,13,2,0,0,0,0
1256474,3,2021,2021,7,4,8,2209,17,144,2205,0,1,9,-34.062757,151.021844,68,0,2,0,3,0,0,0,2,0,0,70,2,14295,14295,3,5,5,2,0,0,0,0
1256475,3,2021,2021,7,5,5,2126,17,80,2149,0,1,10,-33.753414,150.660127,55,0,2,1,3,0,0,0,2,0,7,60,2,1391,1391,1,5,5,2,0,0,0,0
1256476,3,2021,2021,7,5,8,1,27,6,34609,0,1,1,-34.941936,149.239174,82,1,0,1,3,2,0,0,2,0,7,100,0,1089,1089,7,10,40,1,0,0,0,0
1256477,3,2021,2021,7,0,5,3,31,112,34609,0,1,1,-33.905497,151.205097,69,0,2,1,3,0,0,0,2,0,7,50,0,941,941,1,5,13,3,0,0,0,0
1256483,3,2021,2021,7,6,6,103,36,14,103,0,1,1,-32.364917,151.946879,43,1,0,0,3,0,0,3,2,0,7,90,1,14295,14295,3,5,0,2,0,0,0,0
1256484,3,2021,2021,7,5,7,1,27,86,34609,0,1,1,-33.751834,150.944651,7,0,2,0,3,0,0,0,2,0,7,50,0,2585,4009,8,5,40,1,0,0,0,0
1256485,3,2021,2021,7,0,8,232,36,134,331,0,1,2,-33.962479,150.818965,41,0,2,1,3,0,0,0,2,0,7,80,2,14295,14295,3,0,5,3,0,0,0,0
1256486,3,2020,2020,2,0,8,8,1,646,34609,0,1,9,-33.917175,151.040146,15,0,2,1,3,0,0,0,3,2,7,50,0,5929,5929,1,5,0,2,0,0,0,0
1256487,3,2021,2021,7,4,10,344,27,62,163,0,1,9,-33.733028,150.848857,7,0,2,1,3,0,0,0,0,1,7,70,2,14295,14295,3,5,41,2,0,0,0,0
1256489,3,2021,2021,7,6,4,330,27,121,102,0,1,1,-33.793432,151.285512,50,0,2,1,3,0,0,0,2,0,7,50,1,9859,9859,1,27,0,2,0,0,0,0
1256491,3,2021,2021,3,2,7,3371,17,23,3342,0,1,2,-32.044509,152.449559,43,1,0,0,3,0,3,4,2,0,7,110,2,4552,5151,8,30,40,1,0,0,0,0
1256497,3,2021,2021,7,4,3,191,27,370,68,0,1,1,-34.056211,150.818586,13,0,2,1,3,0,0,0,1,0,7,60,1,14295,14295,3,5,0,2,0,0,0,0
1256498,3,2021,2021,3,3,0,39,31,131,34609,0,1,1,-36.079979,146.920984,0,2,1,1,3,0,0,0,0,0,7,50,0,4026,4026,8,30,40,1,0,0,0,0
1256518,3,2021,2021,3,0,9,916,17,10,917,0,1,1,-29.529131,151.860116,51,1,0,0,0,0,0,0,0,0,7,100,2,1957,4009,8,3,40,1,0,0,0,0
1256526,3,2021,2021,3,0,0,125,27,55,123,0,1,9,-33.368689,151.472946,16,2,2,1,2,0,0,0,0,0,7,60,2,9859,9859,8,5,40,1,0,0,0,0
1256530,3,2021,2021,3,2,7,9,31,56,21,0,1,1,-33.857521,151.177787,32,0,2,1,0,0,0,0,2,0,7,40,1,9859,9859,1,5,0,3,0,0,0,0
1256536,3,2021,2021,7,4,6,9,31,179,34609,1,0,1,-33.754372,150.713312,55,0,2,1,3,0,0,0,2,0,7,50,0,14295,14295,3,5,5,2,0,0,0,0
1256537,3,2021,2021,3,1,10,73,31,532,34609,0,1,10,-33.865166,151.204142,69,0,2,1,2,0,0,0,3,2,7,40,0,5929,5929,1,5,0,2,0,0,0,0
1256545,3,2021,2021,3,5,3,829,27,125,770,0,1,2,-33.834554,151.127645,51,0,2,1,3,0,3,3,4,0,7,60,2,14295,14295,3,10,0,3,0,0,0,0
1256546,3,2021,2021,3,2,8,1,18,106,34609,0,1,1,-33.917989,151.088063,15,0,2,1,3,0,0,0,2,0,7,50,0,4026,4026,8,5,40,1,0,0,0,0
1256548,3,2021,2021,4,3,4,117,27,73,702,0,1,2,-33.832363,151.088627,14,0,2,1,3,0,0,0,2,0,7,70,2,4026,4026,8,5,40,1,0,0,0,0
1256549,3,2021,2021,3,5,1,17,27,10,34609,0,1,1,-34.638008,150.473778,78,2,1,1,3,0,3,4,0,0,7,60,0,404,404,8,10,40,1,0,0,0,0
1256552,3,2021,2021,7,0,4,162,31,12,13,0,1,7,-33.902991,151.118857,15,0,2,1,3,0,0,0,2,0,0,50,1,6545,6545,4,8,5,2,0,0,0,0
1256554,3,2021,2021,3,2,0,7,27,12,34609,0,1,1,-33.86286,149.688721,51,1,0,0,3,0,0,0,0,0,7,100,0,273,957,5,5,40,1,0,0,0,0
1256556,3,2021,2021,3,2,0,178,27,189,101,0,1,9,-33.942304,151.054031,15,0,2,1,3,0,0,0,0,2,7,50,1,256,256,4,5,5,2,0,0,0,0
1256557,3,2021,2021,3,0,6,3371,17,28,3342,0,1,9,-31.835839,152.614283,43,1,0,1,3,0,0,0,2,0,0,100,2,945,945,5,5,40,1,0,0,0,0
1256558,3,2021,2021,3,0,3,230,27,173,284,0,1,2,-33.791525,151.130957,61,0,2,1,3,0,0,0,2,0,7,70,2,1391,1391,1,0,19,2,0,0,0,0
1256559,3,2021,2021,7,6,6,3,31,124,34609,0,1,10,-33.816966,151.045117,54,0,2,1,3,0,0,0,2,0,0,50,0,2852,2852,4,9,5,2,0,0,0,0
1256560,3,2021,2021,7,6,2,2126,17,438,2149,0,1,10,-33.837919,151.026996,21,0,2,1,3,0,0,0,0,2,7,60,2,3775,3775,0,5,5,2,0,0,0,0
1256561,3,2021,2021,7,5,3,485,27,110,769,0,1,2,-33.791178,150.997528,54,0,2,1,3,0,0,0,2,0,7,60,2,14295,14295,3,10,0,2,0,0,0,0
1256565,3,2021,2021,3,0,8,13,27,3,34609,0,1,1,-30.93777,153.033443,34,2,1,0,3,0,0,0,2,0,7,80,0,4552,5151,8,5,40,1,0,0,0,0
1256567,3,2021,2021,3,5,9,81,27,223,34609,0,1,1,-33.808221,150.906946,7,0,2,0,3,0,0,0,2,0,7,60,0,14295,14295,3,8,13,2,0,0,0,0
1256568,3,2021,2021,3,4,10,5,1,67,34609,0,1,10,-33.712093,150.904357,7,0,2,0,3,0,0,0,0,2,7,60,0,4552,5151,8,34,40,1,0,0,0,0
1256574,3,2021,2021,3,2,8,49,22,134,34609,0,1,1,-33.52441,151.321951,16,2,2,0,1,2,3,4,2,0,7,50,0,3775,3775,0,5,12,2,0,0,0,0
1256617,3,2021,2021,4,2,1,3,31,32,34609,0,1,1,-32.364506,149.539607,44,2,1,1,2,0,0,0,0,0,7,50,0,9859,9859,1,5,13,2,0,0,0,0
1256623,3,2021,2021,7,1,10,169,27,24,61,0,1,9,-33.823292,151.172029,38,0,2,0,3,0,0,0,0,2,7,50,1,2852,2852,4,0,5,2,0,0,0,0
1256624,3,2021,2021,7,5,10,330,23,54,233,0,1,2,-33.897006,151.221799,69,0,2,1,3,0,0,0,0,0,7,60,2,945,945,5,5,40,1,0,0,0,0
1256627,3,2021,2021,7,1,4,149,36,13,113,0,1,1,-32.397441,152.312096,43,2,1,0,3,0,0,3,2,0,7,80,1,4552,5151,8,0,40,1,0,0,0,0
1256631,3,2021,2021,3,3,2,10,10,154,34609,0,1,1,-33.720001,150.963214,71,0,2,1,3,0,0,0,1,0,7,50,0,9859,9859,8,0,40,1,0,0,0,0
1256633,3,2020,2020,11,4,4,308,14,127,311,0,1,3,-33.847021,150.853898,24,0,2,1,3,0,0,0,2,0,7,100,2,1383,1383,1,10,25,2,0,0,0,0
1256635,3,2021,2021,7,1,3,24,27,201,47,0,1,2,-33.989953,150.858589,13,0,2,1,3,0,0,0,4,0,7,60,1,623,623,3,9,5,2,0,0,0,0
1256638,3,2021,2021,3,3,7,283,27,197,702,1,0,10,-33.947132,151.078747,25,0,2,1,3,0,0,0,2,2,7,60,2,5929,5929,1,5,0,2,0,0,0,0
1256648,3,2021,2021,3,2,11,6,31,50,34609,0,1,9,-34.349121,150.904063,80,0,2,1,2,0,0,0,0,0,7,60,0,301,301,4,5,5,3,0,0,0,0
1256649,3,2021,2021,7,5,7,475,31,523,34609,0,1,1,-33.920768,150.928376,41,0,2,1,3,0,0,0,2,0,7,30,0,9859,9859,1,5,5,2,0,0,0,0
1256672,3,2021,2021,3,2,10,22,27,25,34609,0,1,1,-33.874098,151.223227,69,0,2,1,2,0,3,0,0,0,7,40,0,3775,3775,0,8,0,2,0,0,0,0
1256685,3,2021,2021,3,2,7,3371,17,463,3342,0,1,9,-30.308334,153.100478,19,2,1,0,0,0,3,4,2,2,7,60,2,14295,14295,3,29,5,2,0,0,0,0
1256688,3,2021,2021,7,5,11,89,27,3,228,0,1,1,-32.887527,151.279044,17,2,1,0,0,0,0,0,0,0,7,80,1,14295,14295,3,33,5,2,0,0,0,0
1256689,3,2021,2021,3,1,4,19,1,100,68,0,1,10,-33.806267,151.166495,38,0,2,1,1,0,0,0,2,2,7,60,1,5929,5929,1,0,0,2,0,0,0,0
1256692,3,2021,2021,4,5,8,133,31,49,34609,0,1,10,-32.994992,151.678018,37,0,2,1,0,0,0,0,2,0,15,50,0,9859,9859,8,16,40,1,0,0,0,0
1256694,3,2021,2021,3,4,9,7,23,106,63,0,1,10,-33.919629,151.089706,15,0,2,1,3,0,0,0,2,2,7,50,1,144,144,1,5,5,2,0,0,0,0
1256695,3,2021,2021,3,5,3,3371,17,32,3342,0,1,2,-32.388032,152.248051,43,1,0,0,3,0,3,4,2,0,7,110,2,1259,5151,8,5,40,1,0,0,0,0
1256708,3,2021,2021,3,0,11,6,27,204,34609,0,1,1,-33.89289,150.925838,24,0,2,1,3,0,0,0,0,0,7,50,0,9859,9859,1,5,5,2,0,0,0,0
1256710,3,2021,2021,7,6,9,149,10,346,702,0,1,2,-33.879909,151.068664,67,0,2,1,3,0,0,0,3,0,7,70,2,14295,14295,3,5,5,2,0,0,0,0
1256714,3,2021,2021,3,6,6,255,31,22,70,0,1,1,-31.899745,152.519131,43,2,1,1,1,0,0,0,2,0,7,60,1,9859,9859,1,8,12,2,0,0,0,0
1256715,3,2021,2021,7,5,9,3371,17,77,3342,0,1,9,-33.037283,151.659949,37,0,2,1,3,0,0,0,3,2,7,50,2,14295,14295,3,5,13,2,0,0,0,0
1256718,3,2021,2021,7,4,8,22,1,346,34609,1,0,1,-33.873595,151.087298,67,0,2,1,3,0,0,0,2,0,9,50,0,14295,14295,3,21,5,2,0,0,0,0
1256719,3,2021,2021,7,4,4,23,31,174,9,0,1,10,-33.8971,151.213136,69,0,2,1,3,0,0,0,2,2,7,50,1,5929,5929,1,5,5,2,0,0,0,0
1256720,3,2021,2021,7,1,7,42,31,82,118,0,1,9,-31.076708,150.916588,70,2,1,1,3,0,3,3,2,0,0,60,2,217,217,1,5,41,2,0,0,0,0
1256721,3,2021,2021,7,5,3,67,27,165,78,0,1,10,-33.855725,151.147418,14,0,2,1,3,0,0,3,2,2,7,50,2,3775,3775,0,5,5,2,0,0,0,0
1256749,3,2020,2020,2,3,8,2,7,24,34609,0,1,1,-33.727373,150.839203,7,0,2,1,0,0,0,0,2,0,7,50,0,4026,4026,1,5,13,2,0,0,0,0
1256760,3,2020,2020,2,3,11,2126,17,363,2149,0,1,10,-33.820265,151.003978,54,0,2,1,2,0,3,4,0,2,7,60,2,14295,14295,3,5,36,2,0,0,0,0
1256762,3,2020,2020,2,4,11,22,31,438,34609,0,1,7,-33.847278,151.035125,21,0,2,1,2,0,0,0,0,0,0,50,0,1109,787,1,5,5,2,0,0,0,0
1256764,3,2021,2021,4,0,5,123,31,218,34609,1,0,1,-33.780958,150.775557,55,0,2,1,0,0,0,3,2,0,7,50,0,475,475,5,5,40,1,0,0,0,0
1256773,3,2021,2021,3,1,10,48,31,33,45,0,1,1,-33.417258,151.343837,16,2,2,1,2,0,0,0,0,0,7,60,1,9859,9859,1,33,5,2,0,0,0,0
1256774,3,2021,2021,4,6,11,265,17,9,193,0,1,1,-34.781615,147.814596,51,1,0,1,3,0,0,0,0,0,7,100,2,9859,9859,8,30,40,1,0,0,0,0
1256783,3,2021,2021,3,4,8,2,31,36,34609,1,0,10,-33.532313,149.252724,51,2,1,1,3,0,0,0,3,0,0,50,0,6545,6545,4,10,40,2,0,0,0,0
1256792,3,2021,2021,4,3,9,15,27,134,34609,0,1,7,-33.962749,150.806213,12,0,2,1,1,0,0,3,2,0,0,70,0,4026,4026,8,5,40,1,0,0,0,0
1256796,3,2021,2021,3,0,10,2209,17,201,2205,0,1,10,-34.878951,150.604529,63,2,1,1,2,0,3,4,0,2,7,70,2,4026,4026,8,34,40,1,0,0,0,0
1256801,3,2021,2021,3,3,1,2,31,43,34609,0,1,1,-36.114169,144.764892,51,2,1,1,3,0,0,0,0,0,7,50,0,9859,9859,1,5,5,2,0,0,0,0
1256804,3,2021,2021,7,6,10,19,27,26,34609,1,0,9,-33.113007,151.517172,37,0,2,1,3,0,0,0,0,0,7,60,0,9859,9859,8,0,40,1,0,0,0,0
1256805,3,2021,2021,3,2,11,191,27,309,208,0,1,1,-33.802589,151.101115,61,0,2,1,3,0,0,0,0,0,7,60,2,1282,1282,1,5,13,2,0,0,0,0
1256812,3,2021,2021,7,2,6,515,14,202,518,0,1,3,-33.940041,151.03116,15,0,2,1,3,0,0,0,2,0,7,100,2,1282,1282,1,3,5,2,0,0,0,0
1256814,3,2021,2021,3,4,3,4,31,120,34609,0,1,1,-33.760097,150.871774,7,0,2,1,3,0,0,0,2,0,7,50,0,9859,9859,1,5,0,2,0,0,0,0
1256816,3,2021,2021,7,4,4,308,14,252,311,0,1,3,-33.942775,150.878686,41,0,2,1,0,0,0,0,2,0,7,100,2,101,101,8,5,40,2,0,0,0,0
1256822,3,2021,2021,3,1,11,26,27,92,25,0,1,1,-33.973744,150.828772,41,0,2,0,2,0,0,0,0,0,7,70,1,2585,4009,8,5,40,1,0,0,0,0
1256823,3,2021,2021,7,5,8,23,10,15,47,0,1,2,-32.89689,151.708312,48,0,2,0,1,0,3,4,2,0,7,60,2,14295,14295,3,5,5,3,0,0,0,0
1256828,3,2021,2021,7,6,4,7,27,6,34609,0,1,1,-32.341905,149.648042,44,1,0,1,0,0,0,0,2,0,7,100,0,515,515,1,8,5,2,0,0,0,0
1256835,3,2021,2021,7,2,11,2261,17,523,2252,0,1,10,-33.921877,150.918891,41,0,2,1,2,0,0,0,0,2,8,60,2,6545,6545,4,5,22,2,0,0,0,0
1256836,3,2021,2021,7,6,6,4,27,87,34609,0,1,1,-33.071219,151.466626,37,0,2,1,0,0,0,0,2,0,7,60,0,9859,9859,1,5,36,2,0,0,0,0
1256840,3,2021,2021,7,1,8,33,1,31,34609,0,1,2,-33.927023,150.890513,41,0,2,1,1,0,3,4,2,0,7,50,0,14295,14295,3,0,13,2,0,0,0,0
1256863,3,2021,2021,4,3,5,110,27,23,173,0,1,2,-34.382569,150.859358,80,0,2,1,0,0,0,0,2,0,7,80,2,14295,14295,3,29,0,4,0,0,0,0
1256875,3,2021,2021,7,3,5,24,27,67,34609,0,1,1,-33.39082,151.344474,16,2,2,1,3,0,0,0,2,0,7,50,0,4026,4026,1,5,5,2,0,0,0,0
1256882,3,2021,2021,7,3,3,30,31,252,9,0,1,10,-33.883532,151.214358,69,0,2,1,3,0,0,0,1,2,7,40,1,6545,6545,4,5,0,2,0,0,0,0
1256883,3,2021,2021,3,5,4,512,17,7,441,0,1,1,-32.867632,148.906359,22,1,0,1,3,0,0,0,2,0,7,100,2,9859,9859,8,5,40,1,0,0,0,0
1256884,3,2021,2021,7,4,8,13,23,64,34609,0,1,9,-32.940679,151.709114,48,0,2,1,3,0,0,0,2,2,7,60,0,14295,14295,3,10,5,2,0,0,0,0
1256885,3,2021,2021,7,2,1,14,27,84,34609,0,1,1,-33.889535,150.948771,24,0,2,1,3,0,0,0,0,0,7,50,0,9859,9859,1,5,5,2,0,0,0,0
1256886,3,2021,2021,3,2,6,485,27,323,769,0,1,2,-33.768209,150.998817,54,0,2,1,3,0,3,4,2,0,7,60,2,3775,3775,0,10,13,4,0,0,0,0
1256904,3,2021,2021,7,0,8,112,27,109,256,0,1,1,-33.97724,150.850624,41,0,2,0,3,0,0,0,2,0,7,70,2,14295,14295,3,5,0,2,0,0,0,0
1256921,3,2021,2021,4,2,4,133,17,22,121,0,1,1,-36.873986,149.252426,65,1,0,0,3,0,3,3,2,0,7,100,2,1957,4009,8,5,40,1,0,0,0,0
1256925,3,2020,2020,2,2,9,119,31,36,34609,0,1,9,-32.964879,151.603397,37,0,2,0,1,0,0,0,2,0,15,50,0,1282,1282,1,10,40,1,0,0,0,0
1256927,3,2020,2020,2,0,0,7,27,87,34609,0,1,1,-33.683087,150.95745,71,0,2,1,2,0,3,4,0,0,7,60,0,4026,4026,1,0,5,2,0,0,0,0
1256941,3,2021,2021,3,0,5,71,17,43,71,0,1,9,-36.008086,144.819273,51,1,0,1,3,0,0,0,2,0,0,100,2,14295,14295,3,10,5,2,0,0,0,0
1256945,3,2021,2021,4,4,4,5,31,87,103,0,1,7,-28.806816,153.277379,39,2,1,1,0,0,0,0,2,0,0,50,1,1282,1282,1,5,13,2,0,0,0,0
1256949,3,2021,2021,4,2,7,916,17,11,917,0,1,1,-32.479994,151.092093,64,1,0,0,0,0,3,3,2,0,7,100,2,1259,5151,8,30,40,3,0,0,0,0
1256950,3,2021,2021,3,1,10,149,27,52,198,0,1,1,-33.9817,150.991986,68,0,2,1,0,0,0,0,0,0,7,80,2,9859,9859,8,5,40,1,0,0,0,0
1256972,3,2021,2021,4,0,9,28,27,38,28,0,1,7,-32.741596,151.867557,57,2,1,1,3,0,0,0,2,0,0,50,1,301,301,4,5,5,2,0,0,0,0
1256974,3,2021,2021,7,6,11,220,14,67,220,0,1,3,-34.429404,150.866994,80,0,2,0,3,0,3,4,0,0,7,90,2,1259,5151,8,5,40,1,0,0,0,0
1256976,3,2021,2021,7,4,9,95,31,10,143,0,1,9,-33.815226,149.323515,3,2,1,1,3,0,3,4,0,0,0,50,2,489,489,8,9,40,1,0,0,0,0
1256985,3,2021,2021,7,4,7,2209,17,106,2205,0,1,10,-34.555195,150.790763,62,0,2,1,3,0,0,0,2,0,6,70,2,515,515,1,8,0,2,0,0,0,0
1256986,3,2021,2021,7,2,6,5,31,278,34609,0,1,9,-33.776207,151.049872,54,0,2,1,3,0,0,0,2,0,0,50,0,1109,397,1,5,5,2,0,0,0,0
1256987,3,2021,2021,7,2,0,2209,17,166,2205,0,1,1,-33.896256,151.18038,69,0,2,1,3,0,0,0,0,0,7,40,2,14295,14295,3,0,5,3,0,0,0,0
1256991,3,2021,2021,7,2,7,97,31,460,92,0,1,9,-33.830226,150.993227,21,0,2,1,3,0,0,0,2,0,15,60,1,5929,5929,1,0,0,2,0,0,0,0
1256992,3,2021,2021,7,6,6,14,31,48,34609,0,1,1,-28.248601,153.569349,72,2,1,1,3,0,0,0,2,0,7,50,0,9859,9859,1,10,5,3,0,0,0,0
1256993,3,2021,2021,7,0,3,15,27,24,228,1,0,9,-33.559973,150.907365,29,2,2,0,3,0,0,0,2,0,0,80,2,5929,5929,1,5,13,2,0,0,0,0
1256994,3,2021,2021,7,1,3,293,31,128,369,0,1,10,-33.617487,150.809277,29,2,2,1,3,0,0,0,1,2,7,60,2,14295,14295,3,10,13,4,0,0,0,0
1256999,3,2021,2021,7,1,11,25,27,134,34609,0,1,9,-33.965649,150.770493,12,0,2,1,3,0,0,0,0,0,7,80,0,6545,6545,4,30,36,2,0,0,0,0
1257002,3,2021,2021,7,6,7,163,27,41,165,0,1,9,-33.728944,150.822761,7,0,2,1,3,0,0,0,2,2,7,60,2,14295,14295,3,0,0,2,0,0,0,0
1257004,3,2021,2021,3,4,4,19,31,370,34609,0,1,1,-34.06835,150.820539,13,0,2,1,1,0,0,0,2,0,7,60,0,14295,14295,3,0,5,3,0,0,0,0
1257009,3,2021,2021,7,3,0,3,27,13,34609,0,1,1,-33.631781,151.03945,31,0,2,1,0,0,0,0,0,0,7,60,0,4026,4026,8,0,40,1,0,0,0,0
1257013,3,2021,2021,7,4,4,1,31,67,34609,0,1,1,-33.71296,150.910253,7,0,2,1,1,0,0,0,2,0,7,50,0,144,144,1,33,0,2,0,0,0,0
1257032,3,2021,2021,7,5,10,37,1,609,34609,1,0,1,-33.763003,150.910544,7,0,2,1,2,0,0,0,0,0,7,50,0,1282,1282,1,33,0,2,0,0,0,0
1257039,3,2021,2021,3,2,11,7,31,29,34609,0,1,7,-35.102257,150.619729,63,2,1,1,2,0,0,0,0,0,0,50,0,945,945,5,5,40,1,0,0,0,0
1257040,3,2021,2021,3,6,8,5,27,40,34609,0,1,1,-33.806718,151.212396,77,0,2,1,1,0,0,0,2,0,7,50,0,1282,1282,1,33,5,2,0,0,0,0
1257052,3,2021,2021,7,2,3,7,27,7,34609,0,1,1,-32.720292,152.175268,57,2,1,1,3,0,0,0,2,0,7,40,0,9859,9859,1,30,40,4,0,0,0,0
1257053,3,2021,2021,7,6,4,1104,14,223,962,0,1,3,-33.806238,150.921357,7,0,2,1,3,0,0,0,2,0,7,100,2,14295,14295,3,5,0,3,0,0,0,0
1257056,3,2021,2021,7,6,3,12,31,78,103,0,1,1,-28.328163,153.399306,72,2,1,1,3,0,0,0,2,0,7,50,1,14295,14295,3,5,5,2,0,0,0,0
1257058,3,2021,2021,7,6,5,3371,17,54,3342,0,1,1,-33.222613,151.504153,16,2,2,1,3,0,3,4,2,0,7,70,2,14295,14295,3,21,0,3,0,0,0,0
1257061,3,2021,2021,7,4,7,48,10,135,58,0,1,9,-32.894326,151.747902,48,0,2,1,3,0,3,0,2,2,7,80,2,14295,14295,3,5,5,2,0,0,0,0
1257065,3,2021,2021,7,5,2,916,17,12,917,0,1,2,-32.652848,151.270603,64,1,0,1,3,0,0,0,0,0,7,100,2,14295,14295,3,8,10,3,0,0,0,0
1257067,3,2021,2021,7,1,7,8,27,41,18,0,1,1,-33.89886,151.182432,69,0,2,0,3,0,0,3,2,0,7,40,2,941,941,1,5,5,2,0,0,0,0
1257068,3,2021,2021,7,3,8,12,27,314,34609,0,1,1,-33.848975,150.952256,21,0,2,1,3,0,0,0,3,0,7,60,0,9859,9859,1,5,13,3,0,0,0,0
1257069,3,2021,2021,3,2,6,149,10,136,702,0,1,2,-33.861595,151.06738,67,0,2,1,3,0,3,4,2,0,7,80,2,1391,1391,1,29,5,2,0,0,0,0
1257070,3,2021,2021,7,3,6,7,31,57,34609,0,1,1,-34.564763,150.820996,62,0,2,1,3,0,0,0,2,0,7,50,0,9859,9859,1,21,13,2,0,0,0,0
1257072,3,2021,2021,7,0,4,21,27,112,34609,1,2,1,-33.697135,151.039457,31,0,2,1,3,0,0,0,2,0,15,40,0,1981,1981,4,5,22,2,0,0,0,0
1257073,3,2021,2021,7,2,7,40,27,73,34609,1,0,9,-35.135258,147.376309,75,2,1,1,3,0,0,0,2,0,7,60,0,5929,5929,1,10,5,2,0,0,0,0
1257075,3,2021,2021,7,4,2,11,27,134,34609,0,1,9,-33.960133,150.787018,12,0,2,1,3,0,0,0,1,0,7,70,0,926,926,4,5,0,2,0,0,0,0
1257077,3,2021,2021,7,1,8,74,27,66,59,0,1,2,-34.47293,150.886304,80,0,2,0,3,0,0,3,3,0,7,60,2,14295,14295,3,5,36,2,0,0,0,0
1257081,3,2021,2021,7,0,9,63,17,6,114,0,1,9,-33.463017,151.411682,16,2,2,1,3,0,0,0,3,0,0,70,2,2852,2852,4,0,5,2,0,0,0,0
1257084,3,2021,2021,7,0,7,14,31,25,148,0,1,7,-32.938008,151.765687,48,0,2,1,3,0,0,0,2,0,0,60,1,14295,14295,3,5,5,3,0,0,0,0
1257087,3,2021,2021,7,0,8,22,31,70,47,0,1,1,-32.896248,151.72001,48,0,2,1,3,0,0,0,2,0,7,60,2,14295,14295,3,5,5,3,0,0,0,0
1257091,3,2021,2021,7,4,2,36,31,228,69,0,1,7,-34.743455,149.733852,26,2,1,1,3,0,0,0,1,0,0,50,1,5929,5929,1,5,13,2,0,0,0,0
1257095,3,2021,2021,7,1,8,308,14,127,311,0,1,3,-33.839027,150.855763,24,0,2,1,3,0,0,0,2,0,7,100,2,14295,14295,3,0,0,2,0,0,0,0
1257099,3,2021,2021,7,3,4,19,31,182,34609,0,1,1,-32.842476,151.354848,17,2,1,1,3,0,0,0,2,0,7,60,0,14295,14295,3,5,13,2,0,0,0,0
1257100,3,2021,2021,7,2,7,2,27,224,34609,0,1,1,-33.818079,151.235571,45,0,2,0,3,0,0,0,2,0,7,50,0,1282,1282,1,9,5,2,0,0,0,0
1257102,3,2021,2021,7,4,4,60,27,219,262,0,1,2,-32.907752,151.663096,48,0,2,1,3,0,0,3,2,0,7,60,2,14295,14295,3,5,0,2,0,0,0,0
1257107,3,2021,2021,7,6,8,59,27,26,53,0,1,1,-34.116798,150.743353,13,0,2,0,3,0,0,0,3,0,7,80,2,1259,5151,8,30,40,1,0,0,0,0
1257108,3,2021,2021,7,0,7,98,31,115,34609,0,1,9,-33.883289,151.194937,69,0,2,1,3,0,0,0,2,2,7,40,0,2040,2040,9,5,28,2,0,0,0,0
1257110,3,2021,2021,7,1,10,3371,17,173,3342,0,1,10,-33.71601,151.108738,31,0,2,1,3,0,0,0,0,2,7,60,2,5929,5929,1,0,5,2,0,0,0,0
1257112,3,2021,2021,3,0,8,5,31,45,34609,0,1,9,-33.344678,151.4964,16,2,2,1,3,0,0,0,2,2,7,50,0,217,217,1,0,5,2,0,0,0,0
1257114,3,2021,2021,7,1,4,2,1,52,34609,0,1,9,-33.699346,150.923666,7,0,2,1,3,0,0,0,2,0,7,50,0,926,926,4,5,36,2,0,0,0,0
1257115,3,2021,2021,3,0,6,12,27,53,34609,0,1,1,-33.850205,150.959736,21,0,2,1,3,0,0,0,2,0,7,60,0,1981,1981,4,5,13,2,0,0,0,0