Crash ID,Degree of crash - detailed,Reporting year,Year of crash,Month of crash,Day of week of crash,Two-hour intervals,Street of crash,Street type,Town,Route no.,School zone location,School zone active,Type of location,Latitude,Longitude,LGA,Urbanisation,Conurbation 1,Alignment,Street lighting,Road surface,Surface condition,Weather,Natural lighting,Signals operation,Other traffic control,Speed limit,Road classification,RUM - code,DCA - code,First impact type,Key TU type,Other TU type,No. of traffic units involved,No. killed,No. seriously injured,No. moderately injured,No. minor-other injured
1257117,3,2021,2021,7,0,7,177,22,210,176,0,1,5,-34.035223,151.11343,68,0,2,1,3,0,0,0,2,2,7,60,2,14295,14295,3,0,5,2,0,0,0,0
1257123,3,2021,2021,7,0,4,13,27,22,4,0,1,1,-31.35497,150.594212,51,2,1,1,3,0,3,3,2,0,7,80,1,9859,9859,8,5,40,1,0,0,0,0
1257146,3,2020,2020,2,5,5,1,31,7,34609,0,1,9,-32.93599,151.772849,48,0,2,1,1,0,3,0,2,0,7,50,0,1282,1282,1,5,5,2,0,0,0,0
1257171,3,2021,2021,3,2,10,481,17,113,483,0,1,9,-29.484426,149.850648,51,2,1,1,2,0,0,0,0,0,7,60,2,4552,985,8,8,40,1,0,0,0,0
1257178,3,2021,2021,3,4,7,1,27,9,34609,0,1,1,-28.788771,153.53486,2,2,1,0,0,2,0,0,2,0,7,40,0,489,489,8,5,40,2,0,0,0,0
1257183,3,2021,2021,3,0,8,2261,17,96,2252,0,1,3,-34.216239,150.682333,79,1,2,1,0,0,0,3,3,0,7,110,2,4026,4026,8,5,40,1,0,0,0,0
1257186,3,2021,2021,3,0,7,4,1,11,34609,0,1,1,-33.854463,151.130812,14,0,2,1,0,0,0,0,2,0,7,50,0,9859,9859,1,33,0,2,0,0,0,0
1257189,3,2021,2021,7,5,6,92,27,143,34609,0,1,1,-33.873736,151.104416,9,0,2,1,3,0,0,0,2,0,7,40,0,14295,14295,3,5,12,2,0,0,0,0
1257191,3,2021,2021,7,3,9,193,27,59,34609,0,1,1,-34.334541,150.920851,80,0,2,1,3,0,0,0,2,0,7,50,0,1981,1981,4,0,5,2,0,0,0,0
1257193,3,2021,2021,3,0,8,36,27,43,38,0,1,1,-33.765401,151.250309,50,0,2,1,3,0,0,0,2,0,7,60,1,144,144,1,5,0,2,0,0,0,0
1257194,3,2021,2021,7,1,3,72,27,43,34609,0,1,1,-33.698098,151.307658,50,0,2,1,3,0,0,0,1,0,7,50,0,9859,9859,1,10,0,2,0,0,0,0
1257195,3,2021,2021,7,5,8,54,27,646,30,0,1,9,-33.914661,151.038681,15,0,2,1,3,0,0,0,2,2,7,60,1,5929,5929,1,30,5,2,0,0,0,0
1257197,3,2021,2021,7,6,6,1,31,22,34609,1,0,9,-34.471575,150.871381,80,0,2,1,3,0,0,3,2,0,7,50,0,5929,5929,1,5,5,2,0,0,0,0
1257203,3,2021,2021,7,2,3,3,27,27,34609,0,1,1,-32.900421,151.776024,48,0,2,1,3,0,3,4,2,0,7,100,0,945,945,5,30,40,1,0,0,0,0
1257205,3,2021,2021,3,6,11,36,27,106,35,0,1,7,-33.891183,151.178491,32,0,2,1,3,0,0,0,0,0,0,50,1,4026,4026,8,5,40,1,0,0,0,0
1257212,3,2021,2021,3,2,5,829,27,304,140,0,1,1,-33.911301,151.160931,32,0,2,1,0,0,0,6,2,0,7,60,1,9859,9859,1,33,5,4,0,0,0,0
1257225,3,2021,2021,3,3,8,17,31,119,34609,0,1,2,-32.762313,151.740865,57,2,1,1,0,0,0,0,2,0,7,40,0,9859,9859,8,5,40,1,0,0,0,0
1257232,3,2020,2020,2,0,5,3371,17,77,3342,0,1,2,-33.037842,151.659632,37,0,2,1,0,0,0,3,2,0,7,50,2,9859,9859,1,8,5,2,0,0,0,0
1257242,3,2021,2021,7,1,4,7,27,7,5,0,1,1,-30.35841,148.96282,51,1,0,0,0,0,0,0,2,0,7,100,1,782,957,5,29,40,1,0,0,0,0
1257258,3,2021,2021,7,0,3,485,27,67,769,0,1,2,-33.66011,150.885444,71,0,2,0,1,0,0,0,2,0,7,80,2,14295,14295,3,5,5,2,0,0,0,0
1257259,3,2021,2021,3,4,3,11,31,42,34609,0,1,1,-35.338677,149.249989,58,2,1,0,2,0,0,0,1,0,7,50,0,4552,5151,8,9,40,2,0,0,0,0
1257277,3,2021,2021,3,6,4,110,27,36,173,0,1,2,-34.391224,150.858253,80,0,2,0,0,0,0,0,2,0,7,80,2,1383,1383,1,8,5,3,0,0,0,0
1257288,3,2021,2021,7,6,3,4,18,251,34609,0,1,1,-33.779989,150.920849,7,0,2,1,3,0,0,0,2,0,7,50,0,1981,1981,4,0,25,2,0,0,0,0
1257290,3,2021,2021,7,4,7,38,27,290,159,0,1,10,-33.952795,151.131853,4,0,2,1,3,0,0,0,2,3,7,60,2,5929,5929,1,5,5,2,0,0,0,0
1257292,3,2021,2021,7,0,7,2209,17,11,2205,0,1,7,-34.483027,150.802276,80,0,2,1,3,0,0,0,2,0,0,80,2,14295,14295,3,5,5,2,0,0,0,0
1257294,3,2021,2021,7,2,7,2261,17,523,2252,0,1,10,-33.924242,150.918383,41,0,2,1,3,0,0,0,2,2,7,60,2,14295,14295,3,5,5,2,0,0,0,0
1257295,3,2021,2021,3,2,0,2,31,219,34609,0,1,1,-32.903978,151.663183,48,0,2,0,3,0,0,0,0,0,7,50,0,4552,5151,8,0,40,1,0,0,0,0
1257303,3,2021,2021,7,5,1,3371,17,44,3342,0,1,7,-30.627447,152.97438,47,2,1,0,3,0,3,4,0,0,0,60,2,4552,5151,8,5,40,1,0,0,0,0
1257306,3,2021,2021,3,6,7,1,31,189,34609,0,1,1,-33.951494,151.053249,25,0,2,1,1,0,3,3,2,0,7,50,0,1282,1282,1,10,5,2,0,0,0,0
1257307,3,2021,2021,3,6,4,105,27,65,109,0,1,9,-33.864323,150.912369,24,0,2,1,3,0,0,0,2,0,15,60,1,515,515,1,21,0,2,0,0,0,0
1257319,3,2021,2021,7,4,11,133,27,46,260,0,1,2,-32.91376,151.660218,48,0,2,0,2,0,0,0,0,0,7,70,2,4552,5151,8,5,40,1,0,0,0,0
1257332,3,2021,2021,4,3,8,478,17,20,480,0,1,1,-33.294082,151.546063,16,2,2,0,0,0,0,0,2,0,7,80,2,1259,5151,8,5,40,1,0,0,0,0
1257337,3,2021,2021,3,3,4,829,27,309,770,1,0,9,-33.82025,151.118547,61,0,2,0,1,0,0,0,2,0,7,60,2,3775,3775,0,5,5,2,0,0,0,0
1257363,3,2020,2020,2,6,7,224,31,316,34609,0,1,9,-33.914215,151.23716,59,0,2,1,0,0,0,3,2,0,7,50,0,9859,9859,1,10,0,3,0,0,0,0
1257364,3,2020,2020,2,4,8,2,31,73,34609,1,2,4,-33.870876,151.221749,69,0,2,1,1,0,0,0,2,0,7,40,0,9859,9859,1,8,5,2,0,0,0,0
1257372,3,2021,2021,4,2,5,37,27,438,34609,0,1,1,-33.870767,151.017479,21,0,2,1,1,0,0,0,2,0,7,50,0,9859,9859,1,0,5,2,0,0,0,0
1257377,3,2020,2020,2,5,0,29,31,609,48,0,1,1,-33.774988,150.89145,7,0,2,1,2,0,3,3,0,0,7,60,1,9859,9859,8,5,40,2,0,0,0,0
1257386,3,2021,2021,7,1,6,5,27,13,34609,0,1,9,-34.266535,146.113401,28,1,0,1,3,0,0,3,2,0,0,100,0,1957,777,8,29,40,1,0,0,0,0
1257403,3,2021,2021,7,2,7,4,31,234,34609,0,1,7,-34.284435,146.045548,28,2,1,1,3,0,0,0,2,0,0,50,0,6545,6545,4,0,36,2,0,0,0,0
1257406,3,2021,2021,7,0,7,46,31,65,34609,1,2,1,-33.809088,150.953772,21,0,2,1,3,0,0,0,2,0,7,40,0,77,77,1,9,36,2,0,0,0,0
1257410,3,2021,2021,7,5,11,3371,17,104,3342,0,1,9,-32.827965,151.684232,48,0,2,1,3,0,3,4,0,2,7,80,2,217,217,1,0,5,2,0,0,0,0
1257411,3,2021,2021,3,2,9,13,27,151,34609,0,1,1,-34.030727,150.848696,13,0,2,1,3,0,0,0,2,0,7,50,0,5929,5929,1,10,5,2,0,0,0,0
1257416,3,2021,2021,7,0,2,485,31,169,769,0,1,10,-33.600735,150.75931,29,2,2,1,3,0,0,0,0,2,7,60,2,6545,6545,4,21,0,2,0,0,0,0
1257417,3,2021,2021,7,5,2,220,27,154,222,0,1,10,-33.712004,150.933657,71,0,2,1,3,0,0,6,1,2,7,80,2,926,926,4,5,5,3,0,0,0,0
1257419,3,2021,2021,7,1,4,251,14,104,124,0,1,3,-33.829205,151.214838,49,0,2,0,0,0,0,0,2,0,7,80,2,14295,14295,3,5,0,2,0,0,0,0
1257429,3,2021,2021,3,2,11,38,27,53,38,0,1,1,-33.364953,151.448656,16,2,2,1,2,0,0,0,0,0,7,50,1,237,162,8,0,40,1,0,0,0,0
1257455,3,2021,2021,3,2,10,6,31,224,34,0,1,1,-33.830678,151.229826,49,0,2,1,2,0,0,0,0,0,7,50,1,9859,9859,1,5,5,3,0,0,0,0
1257460,3,2021,2021,3,4,3,8,27,63,34609,0,1,1,-33.735691,150.802242,7,0,2,1,1,0,0,0,2,0,7,50,0,9859,9859,1,5,5,2,0,0,0,0
1257465,3,2021,2021,4,4,0,2,31,609,34609,0,1,1,-33.754336,150.888274,7,0,2,1,2,0,0,0,0,0,7,50,0,220,220,1,5,5,2,0,0,0,0
1257466,3,2021,2021,4,1,2,17,10,12,34609,0,1,1,-34.425567,150.811414,80,0,2,1,0,0,0,0,0,0,7,60,0,9859,9859,8,30,40,1,0,0,0,0
1257478,3,2021,2021,3,3,1,11,3,23,54,0,1,2,-34.021943,151.035679,68,0,2,1,0,0,0,0,0,0,7,80,2,4026,4026,8,5,40,1,0,0,0,0
1257479,3,2021,2021,3,4,5,5,31,25,34609,0,1,9,-33.867132,151.225148,69,0,2,1,1,0,0,0,2,0,7,50,0,1282,1282,1,9,5,2,0,0,0,0
1257491,3,2021,2021,4,2,8,2,31,166,34609,0,1,1,-33.90327,151.180395,69,0,2,1,1,0,0,0,2,0,7,50,0,1282,1282,1,33,5,2,0,0,0,0
1257495,3,2021,2021,3,5,7,8,10,79,34609,0,1,10,-34.012413,150.746338,12,0,2,1,3,0,0,0,2,0,0,50,0,6545,6545,4,5,5,2,0,0,0,0
1257496,3,2021,2021,7,6,8,475,10,42,268,0,1,9,-33.91256,150.904842,41,0,2,1,3,0,3,4,2,2,7,70,2,1391,1391,1,0,5,2,0,0,0,0
1257503,3,2021,2021,7,1,6,344,27,62,382,0,1,2,-33.717959,150.844243,7,0,2,1,3,0,0,0,2,0,7,80,2,14295,14295,3,0,13,2,0,0,0,0
1257507,3,2021,2021,7,1,4,110,27,55,10,0,1,1,-33.930817,150.89658,41,0,2,1,3,0,0,0,2,0,7,50,0,9859,9859,1,5,0,2,0,0,0,0
1257509,3,2021,2021,7,4,1,2,7,85,34609,0,1,1,-33.787261,150.661836,55,0,2,1,3,0,0,0,0,0,7,50,0,9859,9859,1,5,25,2,0,0,0,0
1257510,3,2021,2021,7,3,7,2126,17,62,2149,0,1,9,-33.890003,151.146535,32,0,2,1,3,0,0,0,2,0,7,60,2,775,775,4,5,5,2,0,0,0,0
1257512,3,2021,2021,7,6,10,8,1,63,34609,0,1,2,-33.243145,151.50301,16,2,2,0,3,0,3,4,0,0,7,50,0,782,985,5,30,40,1,0,0,0,0
1257519,3,2020,2020,2,4,3,31,31,123,34609,0,1,7,-33.879757,151.228908,81,0,2,1,0,0,0,0,2,0,0,40,0,9859,9859,1,5,5,3,0,0,0,0
1257528,3,2021,2021,7,2,9,77,27,29,34609,0,1,1,-34.414481,150.871072,80,0,2,1,1,0,0,0,2,0,7,50,0,9859,9859,1,5,5,2,0,0,0,0
1257540,3,2021,2021,7,0,10,125,27,46,123,0,1,2,-33.30468,151.401247,16,2,2,1,2,0,0,0,0,0,7,70,2,4026,4026,8,9,40,1,0,0,0,0
1257546,3,2021,2021,7,1,5,515,14,38,518,0,1,3,-33.943748,151.072651,15,0,2,1,3,0,0,0,2,0,7,100,2,14295,14295,3,5,12,2,0,0,0,0
1257554,3,2021,2021,7,3,6,1052,14,207,928,0,1,3,-33.543582,151.197559,31,0,2,1,3,0,3,4,2,0,7,110,2,1192,1192,1,30,5,2,0,0,0,0
1257555,3,2021,2021,7,1,9,143,31,173,181,0,1,9,-33.881117,151.21814,69,0,2,1,3,0,0,0,3,2,7,50,2,5929,5929,1,5,5,2,0,0,0,0
1257558,3,2021,2021,7,3,6,8,1,40,79,0,1,9,-33.815461,151.212171,77,0,2,0,3,0,3,4,2,0,7,50,2,2585,4009,8,0,40,1,0,0,0,0
1257559,3,2021,2021,7,0,2,76,31,68,34609,0,1,4,-33.711383,149.852674,51,2,1,0,3,0,3,3,1,0,7,50,0,4552,5151,8,5,40,1,0,0,0,0
1257561,3,2021,2021,7,6,4,346,17,103,332,0,1,7,-28.818446,153.328622,39,2,1,0,3,0,3,4,2,0,0,60,2,1192,1192,1,5,0,2,0,0,0,0
1257564,3,2021,2021,7,6,9,6,10,4,34609,0,1,1,-30.426293,153.021938,6,2,1,0,3,0,3,4,3,0,7,80,0,1259,5151,8,34,40,1,0,0,0,0
1257568,3,2021,2021,7,2,7,3,1,18,34609,0,1,9,-33.525208,150.805087,29,2,2,0,3,2,0,0,2,0,7,50,0,1957,4009,8,0,40,1,0,0,0,0
1257571,3,2021,2021,7,5,4,42,27,128,231,0,1,9,-33.424829,151.319294,16,2,2,1,3,0,0,0,2,2,7,60,2,3775,3775,0,5,5,2,0,0,0,0
1257572,3,2021,2021,7,3,10,2261,17,523,2252,0,1,9,-33.937935,150.91373,41,0,2,1,3,0,0,0,0,2,7,60,2,5929,5929,1,5,5,2,0,0,0,0
1257574,3,2021,2021,7,2,6,20,1,54,34609,0,1,1,-33.098385,151.647926,37,0,2,1,0,0,0,0,2,0,7,50,0,9859,9859,1,5,13,2,0,0,0,0
1257576,3,2021,2021,7,2,0,15,27,115,34609,0,1,1,-34.024425,151.077836,68,0,2,1,0,0,0,0,0,0,7,50,0,9859,9859,1,30,5,6,0,0,0,0
1257592,3,2021,2021,7,4,0,41,10,316,34609,0,1,1,-31.461239,152.924544,56,2,1,0,0,0,0,0,0,0,7,50,0,1259,5151,8,10,40,1,0,0,0,0
1257598,3,2021,2021,7,3,1,19,27,29,34609,0,1,1,-32.886126,151.695752,48,0,2,1,2,0,0,0,0,0,7,50,0,3775,3775,0,33,0,2,0,0,0,0
1257601,3,2021,2021,7,5,0,10,27,74,34609,0,1,1,-33.752118,150.833184,7,0,2,1,2,0,0,0,0,0,7,50,0,9859,9859,1,5,5,2,0,0,0,0
1257615,3,2021,2021,3,2,10,10,27,18,34609,0,1,1,-34.059136,151.13907,68,0,2,1,2,0,0,0,0,0,7,50,0,9859,9859,1,0,5,4,0,0,0,0
1257620,3,2021,2021,7,6,4,39,31,271,21,0,1,10,-33.944698,151.014618,15,0,2,1,1,0,0,0,2,0,15,60,1,6545,6545,4,10,5,2,0,0,0,0
1257634,3,2021,2021,7,2,4,46,36,5,46,0,1,1,-33.182862,149.10659,11,1,0,0,0,0,3,4,2,0,7,100,1,1259,5151,8,10,40,1,0,0,0,0
1257650,3,2021,2021,7,5,10,3,27,87,34609,1,0,9,-33.687335,150.933939,71,0,2,0,3,0,3,0,0,2,7,60,0,5929,5929,1,5,5,2,0,0,0,0
1257656,3,2021,2021,7,0,5,2209,17,106,2205,0,1,7,-34.573225,150.821761,62,0,2,0,3,0,0,0,2,0,0,60,2,14295,14295,3,5,5,2,0,0,0,0
1257657,3,2021,2021,7,1,7,3371,17,19,3342,0,1,2,-28.27335,153.52069,72,1,0,0,3,0,3,4,2,0,7,110,2,1391,1391,1,29,5,2,0,0,0,0
1257658,3,2021,2021,7,2,5,515,14,294,518,0,1,3,-33.939637,150.924936,41,0,2,1,3,0,0,0,2,0,7,100,2,1192,1192,1,5,10,2,0,0,0,0
1257662,3,2021,2021,7,0,0,294,17,13,288,0,1,1,-35.141535,147.452727,75,2,1,1,3,0,0,0,0,0,7,80,2,1089,1089,7,5,40,1,0,0,0,0
1257663,3,2021,2021,7,4,5,18,27,13,34609,0,1,1,-32.470162,152.063975,43,1,0,0,3,0,3,4,2,0,7,100,0,2585,4009,8,5,40,1,0,0,0,0
1257664,3,2021,2021,7,3,3,2209,17,5,2205,0,1,9,-36.95194,149.863576,5,1,0,0,3,0,3,4,2,0,0,100,2,1089,1089,7,5,40,1,0,0,0,0
1257665,3,2021,2021,7,2,6,178,1,226,34609,0,1,1,-33.766443,150.813234,7,0,2,1,3,0,0,0,2,0,7,50,0,1981,1981,4,0,5,2,0,0,0,0
1257666,3,2021,2021,7,4,6,2,25,42,34609,0,1,10,-34.019128,151.205113,68,0,2,1,3,0,0,3,2,0,7,60,0,6545,6545,4,5,13,2,0,0,0,0
1257667,3,2021,2021,7,2,5,1,10,194,34609,0,1,9,-30.505098,151.644792,1,2,1,1,3,0,3,0,2,0,0,50,0,256,256,4,5,5,2,0,0,0,0
1257669,3,2021,2021,7,6,6,191,17,562,189,0,1,7,-32.237701,148.632401,22,2,1,1,3,0,3,4,2,0,0,60,2,9859,9859,8,5,40,1,0,0,0,0
1257673,3,2021,2021,7,3,5,57,27,9,143,0,1,1,-34.563643,149.574781,74,1,0,0,3,0,3,4,2,0,7,100,2,1957,4009,8,30,40,1,0,0,0,0
1257677,3,2021,2021,7,6,8,3371,17,69,3342,0,1,10,-32.933775,151.751353,48,0,2,1,3,0,0,0,2,0,0,60,2,5929,5929,1,0,5,2,0,0,0,0
1257682,3,2021,2021,7,1,3,2,25,74,34609,0,1,1,-33.71587,151.040456,31,0,2,1,1,0,0,0,2,0,7,50,0,175,188,8,8,40,1,0,0,0,0
1257695,3,2021,2021,7,0,7,12,10,89,34609,0,1,7,-28.212139,153.532082,72,2,1,0,0,0,0,0,2,0,0,60,0,14295,14295,3,5,5,2,0,0,0,0
1257704,3,2021,2021,7,0,9,225,27,304,140,0,1,1,-33.920866,151.143983,32,0,2,1,1,0,0,0,2,0,7,50,1,9859,9859,1,0,5,2,0,0,0,0
1257714,3,2021,2021,7,2,8,50,36,11,43,0,1,1,-36.219067,148.146215,66,2,1,1,0,0,0,0,2,0,7,80,2,9859,9859,8,5,40,1,0,0,0,0
1257717,3,2021,2021,3,4,11,100,27,127,799,0,1,10,-33.896585,151.152514,32,0,2,1,2,0,3,3,0,2,7,60,2,1383,1383,1,5,5,3,0,0,0,0
1257745,3,2021,2021,4,5,0,1,31,30,34609,0,1,9,-30.083678,145.945856,51,2,1,1,2,0,0,0,0,0,7,50,0,782,985,5,0,40,1,0,0,0,0
1257750,3,2021,2021,7,4,4,475,10,137,268,0,1,2,-33.913838,150.907257,41,0,2,1,3,0,3,4,2,0,7,70,2,14295,14295,3,5,10,2,0,0,0,0
1257751,3,2021,2021,7,3,4,63,27,103,34,0,1,7,-32.945146,151.664614,37,0,2,0,3,0,3,3,2,0,0,60,1,301,301,4,5,19,2,0,0,0,0
1257753,3,2021,2021,7,1,3,100,31,157,38,0,1,10,-33.803199,151.003199,54,0,2,1,3,0,0,0,0,2,7,60,1,2852,2852,4,5,13,2,0,0,0,0
1257760,3,2021,2021,7,6,8,42,10,78,39,0,1,2,-34.479072,150.84182,80,0,2,0,3,0,0,0,4,0,7,70,1,4552,5151,8,5,40,1,0,0,0,0
1257762,3,2021,2021,7,0,10,481,17,29,483,0,1,10,-31.277369,149.278878,51,2,1,1,3,0,3,4,0,0,7,50,2,1945,1945,5,10,40,1,0,0,0,0
1257765,3,2021,2021,7,6,9,13,31,87,34609,0,1,7,-28.809281,153.285361,39,2,1,1,3,0,3,3,3,0,0,50,0,301,301,4,5,0,2,0,0,0,0
1257766,3,2021,2021,7,3,6,4,1,73,34609,0,1,10,-33.826187,151.08635,14,0,2,1,3,0,3,3,2,0,0,50,0,6545,6545,4,5,5,2,0,0,0,0
1257767,3,2021,2021,7,1,5,1,27,61,34609,0,1,1,-35.554853,144.967022,51,2,1,1,3,0,0,0,2,0,7,80,0,1089,1089,7,5,40,1,0,0,0,0
1257769,3,2021,2021,7,4,8,2261,17,243,2252,0,1,9,-33.957134,150.889099,41,0,2,1,3,0,3,4,2,0,0,70,2,5929,5929,1,0,5,2,0,0,0,0
1257770,3,2021,2021,7,6,9,2,36,337,34609,0,1,9,-33.726589,150.987622,71,0,2,1,3,0,0,0,3,0,0,50,0,2585,777,8,5,40,1,0,0,0,0
1257771,3,2021,2021,7,5,9,39,10,154,65,0,1,7,-33.703531,150.94695,71,0,2,1,3,0,3,4,0,0,0,60,1,623,623,3,30,0,2,0,0,0,0
1257773,3,2021,2021,7,5,4,344,27,168,382,0,1,10,-33.723981,150.844287,7,0,2,1,3,0,0,0,2,1,7,80,2,1383,1383,1,5,25,2,0,0,0,0
1257782,3,2021,2021,7,2,5,29,27,89,34609,0,1,1,-28.223125,153.545719,72,2,1,1,3,0,0,0,2,0,7,50,0,14295,14295,3,30,36,2,0,0,0,0
1257783,3,2021,2021,7,1,6,31,27,2,46,0,1,1,-33.473447,150.179495,40,2,1,1,3,0,0,0,2,0,7,50,2,1981,1981,4,0,13,2,0,0,0,0
1257785,3,2021,2021,7,3,11,48,10,252,34609,0,1,1,-33.944848,150.854633,41,0,2,1,3,0,0,0,0,0,7,50,0,9859,9859,1,5,13,2,0,0,0,0
1257789,3,2021,2021,7,6,7,119,31,73,207,0,1,10,-33.874537,151.218076,69,0,2,1,3,0,0,0,2,2,2,50,2,6545,6545,4,5,5,2,0,0,0,0
1257792,3,2021,2021,7,1,11,481,17,113,483,0,1,1,-29.387701,149.928244,51,1,0,0,3,0,3,4,0,0,7,100,2,1850,1463,5,29,40,1,0,0,0,0
1257795,3,2020,2020,2,2,9,2,7,120,34609,0,1,1,-33.750587,150.873792,7,0,2,1,0,0,0,0,2,0,7,50,0,9859,9859,1,5,5,2,0,0,0,0
1257798,3,2021,2021,7,4,4,829,27,304,140,0,1,9,-33.90578,151.166014,32,0,2,1,3,0,0,0,2,0,7,60,1,1282,1282,1,8,22,2,0,0,0,0
1257800,3,2021,2021,7,0,7,35,27,1,24,0,1,1,-32.764013,149.480505,44,1,0,1,3,0,3,4,2,0,7,100,1,9859,9859,8,10,40,1,0,0,0,0
1257803,3,2021,2021,3,0,0,13,31,283,34609,0,1,9,-33.83392,150.999145,21,0,2,0,3,0,0,0,0,0,7,50,0,1957,777,1,5,0,2,0,0,0,0
1257808,3,2021,2021,7,5,5,8,27,70,34609,0,1,1,-33.98017,151.108393,25,0,2,1,3,0,0,0,2,0,7,50,0,5929,5929,1,5,5,2,0,0,0,0
1257811,3,2021,2021,7,3,6,3,10,26,34609,0,1,7,-33.108866,151.534225,37,0,2,1,3,0,3,4,2,0,0,50,0,945,945,5,0,40,1,0,0,0,0
1257818,3,2021,2021,7,2,3,85,31,179,34609,0,1,9,-31.898857,152.4742,43,2,1,1,3,0,0,0,1,0,7,60,0,9859,9859,1,5,5,2,0,0,0,0
1257819,3,2021,2021,7,4,3,3371,17,85,3342,0,1,2,-33.73349,151.127467,36,0,2,0,3,0,0,0,2,0,7,60,2,4552,5151,8,8,40,2,0,0,0,0
1257821,3,2021,2021,7,3,8,39,27,36,91,0,1,1,-33.932767,151.2574,59,0,2,1,3,0,0,0,2,0,7,50,1,1669,1669,3,5,5,2,0,0,0,0
1257824,3,2021,2021,7,4,3,162,31,387,13,0,1,1,-33.930581,151.201251,4,0,2,1,3,0,3,3,2,0,7,50,1,1981,1981,4,0,5,2,0,0,0,0
1257827,3,2021,2021,7,1,8,105,27,67,109,0,1,9,-33.876162,150.895586,24,0,2,1,3,0,0,0,2,0,7,60,1,14295,14295,3,0,0,3,0,0,0,0
1257828,3,2021,2021,7,2,1,22,4,53,34609,0,1,4,-33.919998,150.848648,41,0,2,0,3,0,0,0,0,0,7,50,0,782,957,5,0,40,1,0,0,0,0
1257830,3,2021,2021,7,2,11,1,31,463,34609,0,1,9,-30.309351,153.13842,19,2,1,1,3,0,0,0,0,0,0,50,0,1850,777,5,16,40,1,0,0,0,0
1257834,3,2021,2021,3,5,4,157,17,6,158,0,1,1,-33.935633,148.36788,51,1,0,0,3,0,0,0,2,0,7,100,2,52,52,6,5,40,1,0,0,0,0
1257836,3,2021,2021,3,0,9,149,10,346,702,0,1,10,-33.86791,151.064212,67,0,2,0,0,0,0,0,2,3,8,80,2,1669,1669,3,10,5,2,0,0,0,0
1257838,3,2021,2021,7,6,11,149,36,15,113,0,1,9,-32.354952,152.505869,43,1,0,0,3,0,3,4,0,0,0,100,1,4552,985,8,5,40,1,0,0,0,0
1257843,3,2020,2020,2,2,9,3371,17,41,3342,0,1,2,-32.813977,151.701448,57,2,1,1,3,0,3,0,0,0,7,80,2,9859,9859,8,5,40,1,0,0,0,0
1257850,3,2021,2021,3,4,9,220,14,67,220,0,1,3,-34.422127,150.870583,80,0,2,1,0,0,0,0,2,0,7,90,2,9859,9859,8,5,40,1,0,0,0,0
1257858,3,2021,2021,7,6,2,481,17,1,483,0,1,1,-35.164797,145.935659,51,1,0,1,0,0,0,0,1,0,7,110,2,4026,4026,8,5,40,1,0,0,0,0
1257862,3,2021,2021,7,0,4,59,27,12,69,0,1,1,-33.878775,149.753733,51,1,0,0,0,0,3,4,2,0,7,100,1,380,714,5,25,40,1,0,0,0,0
1257870,3,2021,2021,4,5,11,3371,17,57,3342,1,0,9,-32.98486,151.691885,37,0,2,1,2,0,0,0,0,2,7,60,2,14295,14295,3,0,5,2,0,0,0,0
1257876,3,2021,2021,7,3,7,69,31,646,563,0,1,2,-33.919177,151.040287,15,0,2,1,1,0,3,4,2,0,7,70,2,14295,14295,3,33,5,2,0,0,0,0
1257892,3,2021,2021,7,2,0,112,27,16,769,0,1,1,-33.562046,150.702794,29,2,2,1,3,0,0,0,0,0,7,80,2,9859,9859,8,0,40,1,0,0,0,0
1257893,3,2021,2021,7,4,10,6,31,207,34609,0,1,1,-31.961946,141.459578,51,2,1,1,3,0,0,3,0,0,7,50,0,9859,9859,1,5,12,2,0,0,0,0
1257894,3,2021,2021,7,6,9,2126,17,78,2149,0,1,2,-33.69802,150.569045,8,2,2,0,3,0,3,4,0,0,7,80,2,1957,4009,8,5,40,1,0,0,0,0
1257895,3,2021,2021,7,6,8,8,31,42,34609,0,1,1,-33.914966,150.900598,41,0,2,0,3,0,0,0,2,0,7,50,0,2585,4009,8,5,40,1,0,0,0,0
1257905,3,2021,2021,7,5,8,346,17,44,332,0,1,7,-28.861875,153.519824,2,2,1,0,3,0,0,3,2,0,0,60,2,1192,1192,1,10,0,2,0,0,0,0
1257908,3,2021,2021,7,4,9,3371,17,65,3342,0,1,2,-30.395054,153.032243,19,1,0,0,3,0,3,4,0,0,7,110,2,4552,5151,8,0,40,1,0,0,0,0
1257909,3,2021,2021,7,1,3,2209,17,49,2205,0,1,2,-33.932339,151.153682,4,0,2,1,3,0,0,0,2,0,7,60,2,3775,3775,0,0,5,2,0,0,0,0
1257910,3,2021,2021,7,1,7,81,27,55,115,0,1,9,-33.79632,150.897235,7,0,2,1,3,0,0,0,2,0,7,60,2,2852,2852,4,0,5,2,0,0,0,0
1257917,3,2021,2021,7,1,5,55,27,151,160,0,1,7,-34.03174,150.847489,13,0,2,1,3,0,0,0,2,0,7,60,2,395,395,1,5,35,2,0,0,0,0
1257918,3,2021,2021,7,6,11,95,31,18,47,0,1,1,-32.89543,151.714501,48,0,2,1,2,0,3,4,0,0,7,60,2,9859,9859,1,0,13,3,0,0,0,0
1257921,3,2021,2021,3,5,4,22,27,43,228,0,1,1,-33.60817,150.851491,29,2,2,1,1,0,0,0,2,0,7,80,2,3775,3775,0,10,36,2,0,0,0,0
1257936,3,2021,2021,7,3,10,3,31,17,34609,0,1,1,-30.887474,153.045947,34,2,1,0,2,0,3,4,0,0,7,50,0,1259,5151,8,5,40,1,0,0,0,0