Crash ID,Degree of crash - detailed,Reporting year,Year of crash,Month of crash,Day of week of crash,Two-hour intervals,Street of crash,Street type,Town,Route no.,School zone location,School zone active,Type of location,Latitude,Longitude,LGA,Urbanisation,Conurbation 1,Alignment,Street lighting,Road surface,Surface condition,Weather,Natural lighting,Signals operation,Other traffic control,Speed limit,Road classification,RUM - code,DCA - code,First impact type,Key TU type,Other TU type,No. of traffic units involved,No. killed,No. seriously injured,No. moderately injured,No. minor-other injured
1257948,3,2021,2021,7,6,5,4,2,67,34609,0,1,9,-33.71361,150.911224,7,0,2,1,3,0,0,0,2,0,7,50,0,9859,9859,1,5,0,2,0,0,0,0
1257953,3,2020,2020,2,5,8,334,17,5,308,0,1,1,-31.096122,149.873263,51,1,0,1,0,0,0,0,2,0,7,100,2,3775,3775,0,30,41,2,0,0,0,0
1257956,3,2021,2021,7,6,10,829,27,26,770,0,1,2,-33.83887,151.145523,51,0,2,0,3,0,3,4,0,0,7,70,2,4552,5151,8,5,40,1,0,0,0,0
1257960,3,2021,2021,7,0,7,109,27,460,106,0,1,9,-33.833421,150.974753,21,0,2,1,3,0,3,4,2,0,7,60,1,14295,14295,3,5,5,2,0,0,0,0
1257961,3,2021,2021,7,1,5,8,27,168,34609,0,1,1,-33.718134,150.842088,7,0,2,1,3,0,0,0,2,0,7,50,0,1981,1981,4,0,5,2,0,0,0,0
1257962,3,2021,2021,3,2,8,1052,14,118,928,0,1,3,-33.367158,151.322764,16,1,2,1,3,0,3,4,2,0,7,110,2,4026,4026,8,5,40,1,0,0,0,0
1257964,3,2021,2021,7,6,9,3371,17,13,3342,0,1,2,-33.130732,151.624959,37,0,2,1,3,0,3,4,2,0,7,90,2,9859,9859,8,5,40,1,0,0,0,0
1257965,3,2021,2021,7,5,7,105,17,22,34609,0,1,2,-33.821025,150.918575,21,0,2,1,3,0,0,3,2,0,7,60,0,14295,14295,3,30,0,3,0,0,0,0
1257966,3,2021,2021,7,6,7,2209,17,133,2205,0,1,9,-34.512836,150.784517,80,0,2,1,3,0,3,3,2,2,7,60,1,5929,5929,1,10,12,2,0,0,0,0
1257968,3,2021,2021,7,1,10,1104,11,532,770,0,1,10,-33.873004,151.204112,69,0,2,1,3,0,0,0,0,2,7,30,2,6545,6545,4,0,33,2,0,0,0,0
1257969,3,2021,2021,7,5,7,1,27,41,34609,0,1,9,-31.412176,152.823811,56,2,1,1,3,0,0,0,2,0,0,80,0,2852,2852,4,9,36,2,0,0,0,0
1257970,3,2021,2021,7,1,8,34,27,38,117,0,1,2,-32.924346,151.69755,48,0,2,1,3,0,0,0,2,0,7,60,2,14295,14295,3,0,36,3,0,0,0,0
1257971,3,2021,2021,7,0,3,866,17,187,793,0,1,2,-33.79512,150.990615,54,0,2,1,3,0,0,3,2,0,7,70,2,14295,14295,3,5,35,2,0,0,0,0
1257972,3,2021,2021,3,2,4,28,27,346,34609,0,1,7,-33.868059,151.08789,67,0,2,1,3,0,0,3,2,0,0,50,0,6545,6545,4,5,5,2,0,0,0,0
1257973,3,2021,2021,7,4,6,43,1,74,382,0,1,7,-33.758239,150.831841,7,0,2,1,3,0,0,0,2,0,0,60,2,4552,985,8,10,40,1,0,0,0,0
1257977,3,2021,2021,7,1,10,294,17,56,288,0,1,7,-35.122126,147.391842,75,2,1,1,3,0,0,0,0,0,0,60,2,515,515,1,29,5,2,0,0,0,0
1257978,3,2021,2021,7,3,8,117,1,239,121,0,1,9,-34.042497,151.118261,68,0,2,1,3,0,3,4,2,0,7,60,1,1282,1282,1,5,0,2,0,0,0,0
1257979,3,2021,2021,7,3,4,2209,17,22,2205,0,1,1,-36.074427,150.049593,23,1,0,1,3,0,0,0,2,0,7,100,2,14295,14295,3,10,13,2,0,0,0,0
1257981,3,2021,2021,7,0,9,1,1,132,34609,0,1,1,-29.78351,151.134903,33,2,1,1,3,0,0,0,3,0,7,50,0,1259,985,8,21,40,1,0,0,0,0
1257992,3,2021,2021,7,1,8,2261,17,201,2252,0,1,3,-34.002826,150.839349,13,0,2,1,3,0,0,0,3,0,7,110,2,4026,4026,8,9,40,1,0,0,0,0
1257994,3,2020,2020,2,0,8,48,10,19,121,0,1,1,-31.416394,152.849926,56,2,1,0,0,0,3,3,2,0,7,80,1,14295,14295,3,5,0,3,0,0,0,0
1257997,3,2021,2021,7,3,7,4,27,251,34609,0,1,1,-33.781551,150.934927,7,0,2,1,3,0,3,4,2,0,7,50,0,9859,9859,8,5,40,1,0,0,0,0
1258018,3,2021,2021,3,5,6,916,17,75,917,0,1,2,-32.780502,151.618017,42,1,0,1,3,0,3,4,2,0,7,90,2,1945,1945,5,5,40,1,0,0,0,0
1258021,3,2021,2021,3,0,6,19,31,166,143,0,1,10,-33.424392,149.575528,3,2,1,1,0,0,0,0,2,0,0,50,2,6545,6545,4,5,5,2,0,0,0,0
1258023,3,2021,2021,4,2,0,44,31,123,34609,1,0,1,-33.911361,151.219269,59,0,2,0,2,0,0,0,0,0,7,50,0,4552,5151,8,0,40,1,0,0,0,0
1258026,3,2021,2021,3,5,11,23,25,304,34609,0,1,1,-33.918515,151.14483,32,0,2,0,2,0,3,4,0,0,7,50,0,2585,4009,1,5,0,2,0,0,0,0
1258027,3,2020,2020,2,5,0,1052,14,54,928,0,1,3,-33.448108,151.218384,16,1,2,0,0,0,3,4,0,0,7,110,2,1259,5151,8,0,40,1,0,0,0,0
1258034,3,2021,2021,3,4,5,9,27,252,34609,0,1,7,-33.934685,150.887009,41,0,2,1,1,0,0,0,2,0,0,60,0,9859,9859,1,29,5,2,0,0,0,0
1258042,3,2021,2021,3,4,7,2,31,25,34609,0,1,7,-33.74585,150.810659,7,0,2,0,1,0,0,0,2,0,0,50,0,926,926,4,5,13,2,0,0,0,0
1258062,3,2021,2021,7,2,4,43,27,12,118,0,1,9,-31.068704,150.907678,70,2,1,1,3,0,0,3,2,0,7,60,2,3775,3775,0,5,5,2,0,0,0,0
1258065,3,2021,2021,7,2,9,2126,17,166,2149,0,1,9,-33.41248,149.576793,3,2,1,1,3,0,0,0,0,0,2,60,2,6545,6545,4,5,5,2,0,0,0,0
1258066,3,2021,2021,7,0,7,13,16,18,34609,0,1,9,-32.701896,151.535115,42,2,1,1,3,0,0,0,2,0,7,50,0,1109,787,1,10,0,2,0,0,0,0
1258067,3,2021,2021,7,4,5,2,10,6,34609,0,1,1,-33.847791,151.140982,14,0,2,1,3,0,3,4,2,0,7,50,0,1282,1282,1,5,40,1,0,0,0,0
1258071,3,2021,2021,7,0,5,3371,17,44,3342,0,1,2,-30.733289,152.921036,47,1,0,0,3,0,3,4,2,0,7,110,2,4552,5151,8,0,40,1,0,0,0,0
1258072,3,2021,2021,7,0,10,2126,17,363,2149,0,1,9,-33.749401,150.68847,55,0,2,1,3,0,3,4,0,2,7,60,2,5929,5929,1,5,5,2,0,0,0,0
1258073,3,2021,2021,7,3,9,3371,17,32,3342,0,1,2,-32.386639,152.258415,43,1,0,0,3,0,3,4,3,0,7,110,2,1259,5151,8,10,40,1,0,0,0,0
1258076,3,2020,2020,2,3,11,20,31,135,101,0,1,10,-32.897361,151.73651,48,0,2,1,2,0,0,0,0,2,7,50,2,4552,985,8,5,40,1,0,0,0,0
1258079,3,2021,2021,7,2,2,63,10,63,34609,0,1,1,-28.197299,153.503069,72,2,1,0,3,0,3,4,1,0,7,60,0,4552,5151,8,30,40,1,0,0,0,0
1258080,3,2021,2021,7,3,5,12,31,87,72,0,1,7,-28.807031,153.282519,39,2,1,1,3,0,3,4,2,0,0,60,2,2852,2852,4,5,19,2,0,0,0,0
1258081,3,2020,2020,5,6,2,12,27,123,34609,0,1,1,-33.9094,151.221082,59,0,2,1,3,0,0,0,0,0,7,50,0,941,941,1,0,13,2,0,0,0,0
1258083,3,2021,2021,7,4,5,2126,17,27,2149,0,1,1,-33.581239,150.235634,8,2,2,0,3,0,3,4,2,0,7,60,2,1850,1463,5,8,40,1,0,0,0,0
1258116,3,2021,2021,7,0,6,220,27,104,222,0,1,2,-33.724154,150.939361,7,0,2,1,3,0,0,0,2,0,7,80,2,1391,1391,1,9,13,2,0,0,0,0
1258121,3,2021,2021,7,5,7,162,31,14,172,0,1,7,-32.966462,151.652464,37,0,2,1,1,0,0,0,2,0,0,60,2,14295,14295,3,0,5,2,0,0,0,0
1258127,3,2021,2021,7,4,7,2,1,23,34609,0,1,1,-33.728399,150.802542,7,0,2,1,3,0,3,4,2,0,7,50,0,941,941,1,5,25,2,0,0,0,0
1258128,3,2021,2021,7,3,7,86,27,16,65,0,1,1,-30.044216,152.64305,18,1,0,0,3,0,3,4,2,0,7,100,1,782,957,5,8,40,1,0,0,0,0
1258129,3,2021,2021,7,3,9,7,27,16,34609,0,1,1,-28.741798,153.362479,39,1,0,0,3,0,3,4,3,0,7,100,0,217,217,1,0,5,2,0,0,0,0
1258131,3,2021,2021,7,3,7,293,31,523,34609,0,1,1,-33.92627,150.921156,41,0,2,1,3,0,3,4,2,0,7,50,0,5929,5929,1,0,5,2,0,0,0,0
1258132,3,2020,2020,2,0,11,829,27,149,770,0,1,9,-33.861683,151.166377,32,0,2,1,3,0,0,0,0,2,7,60,2,14295,14295,3,30,5,3,0,0,0,0
1258148,3,2021,2021,7,5,8,16,27,20,17,0,1,1,-35.064367,149.250374,82,1,0,1,1,0,0,3,2,0,7,100,1,9859,9859,8,5,40,1,0,0,0,0
1258156,3,2021,2021,7,6,7,2261,17,30,2252,0,1,2,-34.813521,148.426561,30,1,0,1,3,0,0,0,2,0,7,110,2,475,475,5,30,40,1,0,0,0,0
1258157,3,2021,2021,7,3,10,2261,17,243,2252,0,1,2,-33.947493,150.907508,41,0,2,1,2,0,0,0,0,0,7,70,2,9859,9859,8,5,40,1,0,0,0,0
1258158,3,2021,2021,3,2,5,56,27,106,80,0,1,10,-33.885368,151.176253,69,0,2,1,0,0,0,0,2,3,7,40,2,248,248,1,9,0,2,0,0,0,0
1258166,3,2021,2021,7,1,7,344,27,609,163,0,1,9,-33.754858,150.890929,7,0,2,1,3,0,3,4,2,0,0,60,2,5929,5929,1,5,5,2,0,0,0,0
1258167,3,2021,2021,7,0,7,51,31,166,34609,0,1,1,-33.423234,149.584075,3,2,1,1,3,0,0,0,2,0,7,50,0,5929,5929,1,10,5,2,0,0,0,0
1258170,3,2021,2021,7,5,11,234,27,112,217,0,1,9,-33.681143,151.028486,31,0,2,1,3,0,3,4,0,0,0,60,2,4552,985,8,0,40,1,0,0,0,0
1258171,3,2021,2021,7,4,7,2,31,41,34609,0,1,10,-35.127331,147.359524,75,2,1,1,3,0,0,0,2,0,0,50,0,6545,6545,4,5,0,2,0,0,0,0
1258179,3,2021,2021,7,1,5,20,27,11,45,0,1,1,-34.31157,148.506555,30,1,0,0,3,0,0,0,2,0,7,100,1,380,714,5,8,40,1,0,0,0,0
1258185,3,2021,2021,7,3,3,2,10,2,34609,0,1,1,-35.178985,150.574676,63,2,1,1,1,0,3,4,2,0,7,50,0,9859,9859,8,5,40,1,0,0,0,0
1258189,3,2021,2021,7,2,11,63,31,252,34609,0,1,10,-33.88882,151.213335,69,0,2,1,2,0,0,0,0,2,13,40,0,6545,6545,4,5,39,2,0,0,0,0
1258192,3,2021,2021,7,2,7,2261,17,201,2252,0,1,3,-34.002835,150.839333,13,0,2,1,0,0,0,0,2,0,7,110,2,14295,14295,3,5,40,2,0,0,0,0
1258195,3,2021,2021,7,5,8,1,31,43,34609,0,1,1,-32.553298,148.957824,22,2,1,0,0,0,0,0,2,0,7,50,0,3775,3775,0,34,5,2,0,0,0,0
1258201,3,2021,2021,7,4,6,14,31,90,49,1,0,9,-32.923399,151.742742,48,0,2,0,1,0,0,0,2,0,0,60,1,4552,5151,1,0,0,4,0,0,0,0
1258226,3,2021,2021,7,3,8,5,27,115,34609,0,1,1,-33.745057,151.220024,50,0,2,0,3,0,3,4,2,0,7,50,0,1957,4009,8,5,40,1,0,0,0,0
1258234,3,2021,2021,3,4,2,1,31,41,34609,0,1,1,-33.905443,151.133224,15,0,2,1,2,0,0,3,0,0,7,50,0,9859,9859,1,5,5,2,0,0,0,0
1258239,3,2021,2021,7,1,8,6,10,9,34609,0,1,1,-33.773106,150.727571,55,0,2,0,3,0,3,4,3,0,7,50,0,1957,4009,1,30,10,2,0,0,0,0
1258242,3,2021,2021,7,3,4,829,27,309,770,0,1,9,-33.816517,151.109438,61,0,2,1,3,0,3,4,2,2,7,60,2,5929,5929,1,5,12,2,0,0,0,0
1258243,3,2021,2021,7,2,0,23,10,15,47,0,1,2,-32.897382,151.699502,48,0,2,0,3,0,3,4,0,0,7,60,2,4552,5151,1,5,0,3,0,0,0,0
1258244,3,2021,2021,3,0,7,44,27,443,34609,0,1,7,-33.910053,151.051651,15,0,2,1,3,0,0,0,2,0,0,50,0,5929,5929,1,5,0,2,0,0,0,0
1258249,3,2021,2021,7,1,7,916,17,61,917,0,1,1,-29.772897,151.73168,51,2,1,1,3,0,3,4,2,0,7,80,2,9859,9859,8,0,40,1,0,0,0,0
1258253,3,2021,2021,7,3,11,106,27,22,106,0,1,9,-33.92721,150.871823,41,0,2,1,3,0,0,0,0,2,7,70,2,418,777,5,5,40,1,0,0,0,0
1258255,3,2021,2021,4,0,9,2126,17,161,2149,0,1,10,-33.887858,151.159271,32,0,2,1,3,0,0,0,3,2,7,60,2,14295,14295,3,5,5,2,0,0,0,0
1258259,3,2021,2021,7,2,9,14,36,193,34609,0,1,9,-33.783989,151.070477,54,0,2,1,2,0,3,4,0,0,7,50,0,1282,1282,1,33,5,2,0,0,0,0
1258270,3,2021,2021,7,2,1,80,31,77,42,0,1,1,-32.947769,151.755859,48,0,2,1,2,0,3,4,0,0,7,50,1,9859,9859,1,5,0,2,0,0,0,0
1258275,3,2021,2021,7,2,7,72,14,532,71,0,1,9,-33.868865,151.218099,69,0,2,0,2,0,0,0,2,2,7,50,2,395,395,1,10,5,2,0,0,0,0
1258284,3,2021,2021,7,6,6,2126,17,27,2149,0,1,2,-33.708143,150.34715,8,2,2,1,3,0,3,4,2,0,7,80,2,9859,9859,8,5,40,1,0,0,0,0
1258286,3,2021,2021,7,4,7,19,1,293,34609,1,2,10,-33.944983,151.236083,59,0,2,1,3,0,3,4,2,0,15,40,0,6545,6545,4,9,5,2,0,0,0,0
1258294,3,2021,2021,7,5,5,2126,17,149,2149,0,1,10,-33.814572,150.96463,21,0,2,1,3,0,0,0,2,2,7,80,2,1669,1669,3,5,5,2,0,0,0,0
1258296,3,2021,2021,7,5,6,92,27,129,244,0,1,10,-33.897486,151.099615,9,0,2,1,3,0,3,4,2,1,7,60,2,6545,6545,4,5,12,2,0,0,0,0
1258304,3,2021,2021,7,3,7,2261,17,523,2252,0,1,9,-33.937923,150.913529,41,0,2,0,3,0,3,4,2,2,7,60,2,1669,1669,3,0,0,2,0,0,0,0
1258305,3,2021,2021,7,0,3,63,31,562,34609,0,1,1,-32.239511,148.609103,22,2,1,1,3,0,0,0,1,0,7,50,0,84,84,8,30,40,1,0,0,0,0
1258309,3,2021,2021,7,1,2,2209,17,10,2205,0,1,2,-34.657709,150.853879,35,1,0,1,3,0,3,4,0,0,7,100,2,4026,4026,8,0,40,1,0,0,0,0
1258310,3,2021,2021,7,6,5,475,10,42,268,0,1,2,-33.912896,150.905403,41,0,2,1,3,0,0,0,2,0,7,70,2,14295,14295,3,5,0,2,0,0,0,0
1258311,3,2021,2021,7,3,3,1052,14,173,928,0,1,3,-33.709243,151.116961,36,0,2,0,3,0,3,4,2,0,7,80,2,4552,5151,8,5,40,1,0,0,0,0
1258313,3,2021,2021,7,4,8,3371,17,58,3342,0,1,7,-32.78122,151.738978,57,2,1,0,3,0,0,0,3,0,7,70,2,14295,14295,3,5,19,2,0,0,0,0
1258314,3,2021,2021,7,2,11,33,1,29,34609,1,0,2,-33.920369,150.887542,41,0,2,0,3,0,0,0,0,0,7,50,0,4552,5151,1,21,6,2,0,0,0,0
1258316,3,2021,2021,7,2,4,3371,17,137,3342,0,1,10,-32.967823,151.694532,37,0,2,0,3,0,3,4,2,2,7,60,2,14295,14295,3,10,5,2,0,0,0,0
1258317,3,2021,2021,7,5,6,23,27,104,144,0,1,9,-33.79241,150.807559,55,0,2,1,3,0,3,4,2,2,7,60,2,2852,2852,4,3,0,2,0,0,0,0
1258318,3,2021,2021,7,2,7,2261,17,23,2252,0,1,2,-34.816298,148.64558,82,1,0,1,3,0,3,4,2,0,7,110,2,1945,1945,5,5,40,1,0,0,0,0
1258319,3,2021,2021,7,2,9,45,31,532,55,0,1,10,-33.873753,151.212595,69,0,2,1,3,0,3,4,3,2,7,40,1,1391,1391,1,5,5,2,0,0,0,0
1258321,3,2021,2021,7,0,8,515,14,197,518,0,1,3,-33.943173,151.076927,15,0,2,1,3,0,0,0,2,0,7,80,2,1383,1383,1,0,0,2,0,0,0,0
1258322,3,2021,2021,7,6,8,149,27,149,38,0,1,9,-33.828932,150.969446,21,0,2,1,3,0,3,4,3,0,0,60,1,2852,2852,4,0,5,2,0,0,0,0
1258325,3,2021,2021,7,1,8,12,27,337,34609,0,1,1,-33.711489,151.023486,31,0,2,1,3,0,3,4,3,0,7,60,0,14295,14295,3,10,5,3,0,0,0,0
1258328,3,2021,2021,7,3,8,110,31,433,34609,0,1,10,-33.286835,149.092939,52,2,1,1,3,0,3,4,2,0,0,50,0,6545,6545,4,5,0,2,0,0,0,0
1258329,3,2021,2021,7,2,5,6,31,145,34609,0,1,1,-33.919373,151.120272,15,0,2,1,3,0,0,0,2,0,7,40,0,9859,9859,1,5,23,2,0,0,0,0
1258330,3,2021,2021,3,2,0,7,27,34,34609,0,1,1,-33.476096,150.944245,71,0,2,0,3,0,0,0,0,0,7,50,0,4552,5151,8,9,40,1,0,0,0,0
1258331,3,2021,2021,7,0,5,8,31,22,34609,0,1,10,-33.831525,151.200714,49,0,2,1,3,0,0,0,2,0,15,50,0,9859,9859,8,0,40,1,0,0,0,0
1258332,3,2021,2021,7,6,5,52,27,188,140,0,1,10,-33.929307,151.098558,15,0,2,1,3,0,0,0,2,2,7,50,1,14295,14295,3,8,5,2,0,0,0,0
1258333,3,2021,2021,7,6,3,2,6,23,34609,1,0,10,-32.87334,151.643944,48,0,2,0,3,0,3,0,2,2,7,60,0,256,256,4,8,5,2,0,0,0,0
1258335,3,2021,2021,7,2,3,916,17,23,917,0,1,2,-31.684472,150.7661,51,1,0,0,3,0,3,4,2,0,7,100,2,782,957,5,9,40,1,0,0,0,0
1258337,3,2021,2021,7,4,7,2,27,100,34609,0,1,9,-33.963198,151.151108,4,0,2,1,3,0,0,0,2,0,7,50,0,301,301,4,5,5,2,0,0,0,0
1258339,3,2021,2021,7,3,7,1104,11,532,770,0,1,10,-33.873004,151.204112,69,0,2,1,3,0,3,4,2,2,9,60,2,6545,6545,4,5,5,2,0,0,0,0
1258340,3,2021,2021,7,2,8,16,1,202,118,0,1,1,-33.948007,151.029161,15,0,2,1,3,0,3,4,2,0,7,60,1,9859,9859,8,5,40,1,0,0,0,0
1258343,3,2021,2021,7,0,10,3371,17,19,3342,0,1,2,-31.855296,152.601988,43,1,0,0,3,0,3,4,0,0,7,100,2,4552,5151,8,3,40,1,0,0,0,0
1258344,3,2021,2021,7,5,5,100,27,127,799,0,1,10,-33.896228,151.154137,32,0,2,1,3,0,3,4,2,2,7,60,2,6545,6545,4,30,13,2,0,0,0,0
1258345,3,2021,2021,7,2,9,15,31,39,34609,0,1,1,-31.052057,152.837392,34,2,1,0,3,0,3,4,0,0,7,70,0,1850,1463,5,10,40,1,0,0,0,0
1258346,3,2021,2021,7,1,7,5,31,53,34609,0,1,10,-31.870173,152.371589,43,2,1,1,3,0,3,3,2,0,0,50,0,6545,6545,4,0,0,2,0,0,0,0
1258347,3,2021,2021,7,0,6,62,10,92,62,1,0,7,-33.411613,151.349899,16,2,2,1,3,0,0,0,2,0,0,60,2,6545,6545,4,30,0,2,0,0,0,0
1258367,3,2021,2021,7,3,3,39,31,70,34609,1,0,10,-33.251138,151.509597,16,2,2,1,1,0,0,0,2,0,15,50,0,2852,2852,4,5,5,2,0,0,0,0
1258370,3,2021,2021,7,6,10,3371,17,104,3342,0,1,2,-32.837558,151.688182,48,0,2,1,2,0,0,0,0,0,7,80,2,14295,14295,3,5,36,2,0,0,0,0
1258374,3,2021,2021,7,4,6,34,1,28,34609,0,1,1,-34.550155,150.83794,62,0,2,1,1,0,0,0,2,0,7,50,0,941,941,1,30,5,2,0,0,0,0
1258385,3,2021,2021,7,3,1,3,31,130,53,0,1,0,-33.875997,151.19424,69,0,2,1,2,0,3,4,0,0,7,60,2,9859,9859,8,5,40,1,0,0,0,0
1258390,3,2021,2021,7,0,8,3,31,253,34609,0,1,1,-33.961129,151.092887,25,0,2,1,0,0,0,0,3,0,7,50,0,1981,1981,4,33,5,2,0,0,0,0
1258396,3,2021,2021,7,1,10,24,27,77,34609,0,1,1,-33.922863,151.157409,32,0,2,1,2,0,3,4,0,0,7,50,0,9859,9859,8,9,40,1,0,0,0,0
1258399,3,2021,2021,7,3,9,11,31,15,102,1,0,10,-34.55233,148.360413,30,2,1,1,1,0,0,0,2,0,0,50,2,6545,6545,4,5,5,2,0,0,0,0
1258403,3,2021,2021,7,0,10,2,1,123,34609,0,1,10,-33.821918,151.055955,54,0,2,1,2,0,0,0,0,0,0,50,0,9859,9859,1,5,13,2,0,0,0,0
1258406,3,2021,2021,3,0,7,3371,17,23,3342,0,1,9,-32.994701,151.687656,37,0,2,1,1,0,0,0,2,2,7,60,2,926,926,4,9,0,2,0,0,0,0
1258432,3,2021,2021,7,5,11,100,31,363,38,0,1,9,-33.814376,150.999848,54,0,2,1,2,0,0,0,0,2,7,60,1,6545,6545,4,5,0,2,0,0,0,0
1258437,3,2021,2021,3,1,8,1,4,106,34609,0,1,1,-34.572193,150.814117,62,0,2,0,1,0,0,3,2,0,7,50,0,1981,1981,4,16,0,2,0,0,0,0
1258440,3,2021,2021,7,3,11,220,27,46,222,0,1,9,-33.785609,150.972067,54,0,2,1,3,0,3,4,0,2,7,80,2,1391,1391,1,5,5,2,0,0,0,0
1258445,3,2021,2021,7,2,5,45,1,15,34609,0,1,7,-34.57474,150.834246,62,0,2,0,3,0,3,4,2,0,0,50,0,6545,6545,4,0,5,2,0,0,0,0
1258448,3,2021,2021,7,0,11,2126,17,363,2149,0,1,9,-33.750624,150.695951,55,0,2,0,3,0,3,4,0,2,8,50,2,5929,5929,1,5,5,2,0,0,0,0
1258449,3,2021,2021,7,5,5,344,27,609,163,0,1,9,-33.766111,150.904617,7,0,2,1,3,0,3,4,2,0,0,60,2,2852,2852,4,0,5,2,0,0,0,0
1258451,3,2021,2021,7,3,10,283,27,145,702,1,0,10,-33.922868,151.068507,15,0,2,1,3,0,3,4,0,2,7,60,2,217,217,1,5,5,2,0,0,0,0
1258453,3,2021,2021,7,3,2,30,27,86,93,0,1,2,-33.749541,150.924137,7,0,2,1,3,0,3,4,1,0,7,60,1,4026,4026,8,5,40,1,0,0,0,0
1258457,3,2021,2021,7,6,9,3371,17,173,3342,0,1,10,-33.71601,151.108738,31,0,2,1,3,0,3,4,0,2,7,60,2,5929,5929,1,0,5,2,0,0,0,0
1258458,3,2021,2021,7,2,5,103,27,176,167,0,1,9,-33.970692,151.136303,4,0,2,1,3,0,3,4,2,2,7,60,2,2852,2852,4,0,5,2,0,0,0,0
1258459,3,2021,2021,7,3,8,16,27,37,16,0,1,1,-33.861411,150.723656,55,0,2,0,3,0,3,4,2,0,7,80,1,1957,4009,8,5,40,1,0,0,0,0
1258468,3,2021,2021,4,4,2,8,22,98,34609,0,1,6,-33.753963,151.048391,31,0,2,0,1,0,0,0,0,0,7,70,2,2585,4009,8,5,40,1,0,0,0,0
1258473,3,2021,2021,7,4,2,8,31,92,34609,0,1,1,-33.407702,151.353569,16,2,2,1,2,0,3,4,0,0,7,50,0,9859,9859,8,5,40,1,0,0,0,0
1258503,3,2021,2021,4,3,4,10,31,169,34609,0,1,1,-33.900392,151.201465,69,0,2,1,0,0,3,0,2,0,7,50,0,1282,1282,1,33,0,2,0,0,0,0
1258512,3,2021,2021,3,0,5,31,7,562,34609,0,1,1,-32.270826,148.618922,22,2,1,1,3,0,0,0,2,0,7,50,0,9859,9859,1,5,5,2,0,0,0,0
1258515,3,2021,2021,3,2,5,19,31,234,34609,0,1,10,-34.28833,146.032852,28,2,1,1,3,0,0,0,2,0,0,50,0,6545,6545,4,10,5,2,0,0,0,0
1258520,3,2021,2021,7,3,7,37,27,58,34609,0,1,1,-33.203827,151.433759,16,1,2,1,3,0,3,4,2,0,7,90,0,9859,9859,8,5,40,1,0,0,0,0
1258528,3,2021,2021,7,3,6,125,27,108,123,0,1,10,-33.308991,151.418659,16,2,2,1,3,0,0,0,2,2,7,70,2,775,775,4,0,0,4,0,0,0,0
1258533,3,2021,2021,7,6,10,11,31,64,34609,0,1,9,-33.487396,150.150147,40,2,1,1,2,0,3,4,0,0,0,50,0,1282,1282,1,5,40,1,0,0,0,0
1258534,3,2021,2021,4,2,1,2,31,121,34609,0,1,10,-33.788467,151.284032,50,0,2,1,1,0,0,0,0,0,7,50,0,9859,9859,1,0,5,2,0,0,0,0
1258540,3,2021,2021,7,3,8,71,27,31,122,0,1,7,-34.587777,150.853361,62,0,2,1,1,0,3,4,2,0,0,80,2,945,945,5,5,40,1,0,0,0,0
1258557,3,2021,2021,7,1,8,3,1,293,34609,0,1,9,-33.935326,151.045105,15,0,2,1,0,0,0,3,2,0,7,50,0,489,489,5,5,5,3,0,0,0,0
1258582,3,2021,2021,7,1,7,23,27,61,91,0,1,1,-35.107397,149.247439,82,1,0,1,3,0,0,0,2,0,7,100,1,9859,9859,8,5,40,1,0,0,0,0
1258583,3,2021,2021,7,1,6,77,31,445,563,0,1,2,-33.882912,151.040237,21,0,2,1,3,0,3,0,2,0,7,80,2,9859,9859,8,5,40,1,0,0,0,0
1258585,3,2021,2021,7,3,4,3371,17,29,3342,0,1,2,-32.270773,152.328277,43,1,0,1,3,0,3,4,2,0,7,110,2,4026,4026,8,9,40,1,0,0,0,0
1258587,3,2021,2021,7,4,10,866,17,98,793,0,1,2,-33.737169,151.074523,31,0,2,1,3,0,3,4,0,0,7,70,2,9859,9859,8,5,40,1,0,0,0,0
1258588,3,2021,2021,7,1,4,11,31,39,34609,1,2,10,-35.303512,148.218138,66,2,1,1,3,0,3,4,2,0,0,40,0,6545,6545,4,5,36,2,0,0,0,0
1258591,3,2021,2021,7,2,9,25,31,13,34609,0,1,1,-28.907907,152.722254,51,2,1,1,3,2,3,0,0,0,7,50,0,9859,9859,1,10,13,2,0,0,0,0
1258596,3,2021,2021,7,6,4,10,10,121,34609,0,1,1,-28.202548,153.540631,72,2,1,1,3,0,0,0,2,0,7,50,0,1981,1981,4,0,36,2,0,0,0,0
1258600,3,2021,2021,7,4,3,6,27,18,34609,0,1,1,-34.244085,146.163173,28,1,0,1,3,0,0,0,2,0,7,100,0,1089,1089,7,5,40,1,0,0,0,0
1258603,3,2021,2021,7,4,2,51,27,25,45,0,1,7,-33.742863,150.810831,7,0,2,1,3,0,0,0,0,0,0,60,1,6545,6545,4,34,5,2,0,0,0,0
1258604,3,2021,2021,7,3,7,2126,17,21,2149,0,1,2,-33.724558,150.408204,8,2,2,0,3,0,3,4,2,0,7,80,2,3775,3775,0,5,5,2,0,0,0,0
1258606,3,2021,2021,7,5,11,2209,17,4,2205,0,1,1,-37.326895,149.734246,5,1,0,0,0,0,3,4,0,0,7,100,2,1850,1463,5,29,40,1,0,0,0,0
1258608,3,2021,2021,7,5,1,2261,17,47,2252,0,1,2,-35.75694,147.292111,27,1,0,1,3,0,3,4,0,0,7,110,2,9859,9859,8,0,40,1,0,0,0,0
1258609,3,2021,2021,7,1,4,916,17,23,917,0,1,1,-31.6369,150.722744,51,1,0,0,3,0,3,4,2,0,7,100,2,1391,1391,1,0,36,2,0,0,0,0