Crash ID,Degree of crash - detailed,Reporting year,Year of crash,Month of crash,Day of week of crash,Two-hour intervals,Street of crash,Street type,Town,Route no.,School zone location,School zone active,Type of location,Latitude,Longitude,LGA,Urbanisation,Conurbation 1,Alignment,Street lighting,Road surface,Surface condition,Weather,Natural lighting,Signals operation,Other traffic control,Speed limit,Road classification,RUM - code,DCA - code,First impact type,Key TU type,Other TU type,No. of traffic units involved,No. killed,No. seriously injured,No. moderately injured,No. minor-other injured
1258610,3,2021,2021,7,4,5,32,27,6,34609,0,1,9,-34.384744,150.894708,80,0,2,1,3,0,0,0,2,0,15,60,0,775,775,4,5,5,2,0,0,0,0
1258613,3,2021,2021,7,4,5,14,31,193,34609,1,0,1,-33.792319,151.09608,61,0,2,1,0,0,0,0,2,0,7,50,0,4026,4026,1,0,5,3,0,0,0,0
1258615,3,2021,2021,7,0,8,6,10,10,6,0,1,1,-35.689448,150.221106,23,2,1,0,0,0,3,3,2,0,7,80,1,1957,4009,8,5,40,1,0,0,0,0
1258630,3,2021,2021,7,1,11,1,31,16,34609,0,1,1,-32.906545,151.704544,48,0,2,1,2,0,3,4,0,0,7,50,0,9859,9859,1,5,5,3,0,0,0,0
1258631,3,2021,2021,7,2,1,53,36,433,95,0,1,1,-33.275527,149.045217,52,1,0,1,0,0,0,0,0,0,7,100,2,945,945,5,29,40,1,0,0,0,0
1258634,3,2021,2021,7,1,7,93,10,25,42,0,1,1,-32.940169,151.768998,48,0,2,1,1,0,0,0,2,0,7,50,1,1669,1669,3,5,13,2,0,0,0,0
1258637,3,2021,2021,7,2,5,99,31,290,331,0,1,9,-33.943242,151.129847,4,0,2,1,0,0,0,0,2,0,7,60,2,1282,1282,1,33,5,2,0,0,0,0
1258669,3,2021,2020,2,1,8,27,10,39,34609,0,1,9,-32.727539,152.086952,57,2,1,0,3,0,3,4,2,0,7,50,0,3775,3775,0,5,0,2,0,0,0,0
1258687,3,2021,2021,3,1,7,866,17,247,793,0,1,2,-33.817021,150.962698,21,0,2,1,3,0,0,0,2,0,7,70,2,14295,14295,3,5,5,2,0,0,0,0
1258694,3,2021,2021,7,2,7,9,31,134,34609,0,1,1,-33.891189,151.24754,76,0,2,1,3,0,0,0,2,0,7,50,0,14295,14295,3,10,0,2,0,0,0,0
1258696,3,2021,2021,7,1,5,225,17,13,180,0,1,1,-34.57619,150.744678,62,0,2,1,3,0,0,0,2,0,7,90,2,1391,1391,1,0,5,2,0,0,0,0
1258700,3,2021,2021,7,2,5,24,31,91,160,1,0,1,-33.986388,150.893593,13,0,2,1,3,0,0,0,2,0,15,60,2,1981,1981,4,5,13,2,0,0,0,0
1258701,3,2021,2021,7,0,8,31,22,74,34609,0,1,1,-34.438124,150.863611,80,0,2,1,3,0,3,4,2,0,7,50,0,5929,5929,1,0,5,2,0,0,0,0
1258705,3,2021,2021,0,4,7,515,14,60,518,0,1,3,-33.942215,150.943011,41,0,2,1,3,0,0,0,2,0,7,100,2,14295,14295,3,10,13,2,0,0,0,0
1258706,3,2021,2021,7,1,9,6,27,197,34609,1,0,1,-33.795115,151.122223,61,0,2,1,3,0,0,0,3,0,7,50,0,387,387,1,19,5,2,0,0,0,0
1258712,3,2021,2021,7,2,1,8,27,210,34609,0,1,1,-34.02767,151.107726,68,0,2,1,3,0,3,4,0,0,7,50,0,9859,9859,1,5,5,2,0,0,0,0
1258713,3,2021,2021,7,1,8,97,27,166,799,0,1,10,-33.929664,150.980263,15,0,2,1,3,0,3,4,2,2,7,70,2,14295,14295,3,0,36,3,0,0,0,0
1258716,3,2021,2021,7,4,6,133,17,22,121,0,1,1,-36.846061,149.277087,65,1,0,0,3,0,3,4,2,0,7,100,2,1850,1463,5,8,40,1,0,0,0,0
1258728,3,2021,2021,7,4,4,37,31,78,34609,0,1,10,-34.472792,150.844364,80,0,2,1,0,0,0,0,2,0,0,50,0,2852,2852,4,5,5,2,0,0,0,0
1258742,3,2021,2021,7,0,7,255,27,71,166,0,1,1,-33.263372,151.535085,16,2,2,1,3,0,0,0,2,0,7,50,2,945,945,5,5,40,1,0,0,0,0
1258751,3,2021,2021,7,1,11,75,10,123,165,0,1,2,-33.916504,151.211937,59,0,2,1,3,0,3,4,0,0,7,80,2,14295,14295,3,5,5,2,0,0,0,0
1258752,3,2021,2021,7,0,8,67,27,58,34609,1,0,1,-34.053622,151.121709,68,0,2,1,3,0,0,0,2,0,7,50,0,14295,14295,3,0,5,2,0,0,0,0
1258753,3,2021,2021,7,0,11,1,25,94,34609,0,1,1,-33.880043,150.927461,24,0,2,1,3,0,3,0,0,0,7,50,0,9859,9859,8,0,40,1,0,0,0,0
1258762,3,2021,2021,7,6,8,7,31,111,34609,0,1,10,-33.917055,151.250256,59,0,2,1,3,0,0,0,3,0,0,50,0,6545,6545,4,5,5,2,0,0,0,0
1258763,3,2021,2021,0,4,7,1,27,3,34609,0,1,1,-32.105349,151.453498,51,1,0,1,3,0,0,0,2,0,7,100,0,9859,9859,8,0,40,1,0,0,0,0
1258780,3,2021,2021,7,0,9,22,27,132,26,0,1,1,-29.757995,151.124675,33,2,1,0,1,0,0,0,2,0,7,50,1,3775,3775,0,9,13,2,0,0,0,0
1258804,3,2021,2021,7,3,7,3371,17,8,3342,0,1,2,-28.335666,153.522637,72,1,0,1,0,0,0,0,2,0,7,110,2,1282,1282,1,29,5,2,0,0,0,0
1258805,3,2021,2021,7,2,0,478,17,70,480,0,1,2,-33.438219,151.353964,16,2,2,1,2,0,3,4,0,0,7,60,2,9859,9859,8,5,40,2,0,0,0,0
1258806,3,2021,2021,7,1,10,3371,17,82,3342,0,1,10,-33.82506,151.198316,49,0,2,1,3,0,3,4,0,2,7,60,2,6545,6545,4,0,5,2,0,0,0,0
1258824,3,2021,2021,7,0,9,481,17,4,483,0,1,10,-30.117364,149.799388,51,1,0,1,3,0,0,0,3,0,0,110,2,1945,1945,5,3,40,1,0,0,0,0
1258839,3,2021,2021,7,0,6,1,31,62,34609,0,1,1,-33.719098,150.852686,7,0,2,1,3,0,0,3,2,0,7,50,0,9859,9859,1,5,5,2,0,0,0,0
1258841,3,2021,2021,7,2,6,10,27,42,91,1,0,9,-35.346418,149.244985,58,2,1,1,3,0,0,0,2,0,7,60,2,14295,14295,3,10,13,3,0,0,0,0
1258843,3,2021,2021,7,6,3,22,27,160,260,0,1,9,-33.119163,151.464572,37,0,2,1,3,0,3,0,1,0,15,60,2,2852,2852,4,9,13,2,0,0,0,0
1258845,3,2021,2021,7,2,8,11,31,304,21,0,1,1,-33.903938,151.170495,32,0,2,1,3,0,0,0,3,0,7,50,1,248,248,1,5,5,3,0,0,0,0
1258847,3,2021,2021,7,1,3,478,17,96,480,0,1,9,-33.436035,151.384978,16,2,2,0,3,0,0,0,2,2,7,60,2,2585,985,8,5,40,1,0,0,0,0
1258848,3,2021,2021,7,2,11,1,27,48,34609,0,1,1,-33.91955,147.217437,51,2,1,0,3,0,0,0,0,0,7,50,0,418,714,5,5,40,1,0,0,0,0
1258855,3,2021,2021,7,0,6,29,31,609,48,1,0,10,-33.769156,150.892413,7,0,2,1,3,0,0,0,2,2,7,60,1,5929,5929,1,5,5,2,0,0,0,0
1258862,3,2021,2021,7,0,11,2,1,126,34609,0,1,9,-33.924801,150.825668,41,0,2,0,3,0,0,0,0,0,0,50,0,1957,4009,8,5,40,1,0,0,0,0
1258863,3,2021,2021,7,0,7,37,27,85,115,0,1,1,-33.719669,151.140333,36,0,2,1,3,0,3,0,2,0,7,60,1,14295,14295,3,0,0,2,0,0,0,0
1258865,3,2021,2021,7,4,8,866,17,204,793,0,1,10,-33.899433,150.919235,24,0,2,1,3,0,0,0,0,2,7,70,2,1669,1669,3,5,5,2,0,0,0,0
1258866,3,2021,2021,7,2,4,2,1,145,34609,0,1,9,-33.923578,151.118323,15,0,2,1,3,0,0,0,2,0,0,50,0,301,301,4,5,12,2,0,0,0,0
1258867,3,2021,2021,7,5,7,7,27,85,34609,0,1,7,-33.910679,150.871796,41,0,2,1,3,0,0,0,2,0,7,50,0,1391,1391,1,5,0,2,0,0,0,0
1258868,3,2021,2021,7,2,9,25,27,8,143,0,1,9,-33.303394,149.644564,3,1,0,0,3,0,0,0,3,0,0,100,2,782,957,5,5,40,1,0,0,0,0
1258919,3,2021,2021,7,3,8,13,27,17,34609,0,1,1,-28.276611,153.534937,72,2,1,0,0,0,3,4,3,0,7,80,0,1259,5151,8,10,40,1,0,0,0,0
1258921,3,2021,2021,7,1,4,39,36,40,79,0,1,1,-33.809182,151.208206,77,0,2,1,2,0,3,4,2,2,7,50,2,1981,1981,4,0,5,2,0,0,0,0
1258922,3,2021,2021,7,1,9,2,31,91,34609,0,1,9,-32.802721,151.650982,48,0,2,1,3,0,0,0,3,0,0,50,0,9859,9859,1,5,5,2,0,0,0,0
1258924,3,2021,2021,7,6,8,75,10,137,165,0,1,2,-33.920703,151.211091,69,0,2,1,3,0,0,0,2,0,7,80,2,14295,14295,3,5,5,3,0,0,0,0
1258925,3,2021,2021,0,4,10,2209,17,17,2205,0,1,9,-35.537183,150.301452,63,1,0,1,3,0,0,0,0,0,7,100,2,4026,4026,8,5,40,1,0,0,0,0
1258934,3,2021,2021,7,5,6,126,1,226,144,0,1,9,-33.759211,150.818175,7,0,2,1,3,0,0,0,2,0,14,60,2,14295,14295,3,5,0,2,0,0,0,0
1258938,3,2021,2021,7,6,7,2,31,135,34609,0,1,10,-32.904043,151.743771,48,0,2,1,3,0,0,0,2,0,0,50,0,6545,6545,4,0,0,2,0,0,0,0
1258941,3,2021,2021,7,6,9,149,27,294,198,0,1,9,-33.93488,150.934859,41,0,2,1,3,0,0,0,0,0,7,60,2,2852,2852,4,0,5,2,0,0,0,0
1258943,3,2021,2021,7,1,11,1,18,1,34609,0,1,1,-29.931743,149.522602,51,1,0,1,3,2,3,0,0,0,7,100,0,1945,1945,5,0,40,1,0,0,0,0
1258947,3,2021,2021,7,3,6,63,27,224,605,0,1,2,-33.813497,151.244058,45,0,2,1,3,0,0,0,2,0,7,60,2,14295,14295,3,5,36,3,0,0,0,0
1258949,3,2021,2021,7,6,8,34,27,38,117,0,1,9,-32.928915,151.693642,48,0,2,1,3,0,0,0,3,1,7,60,2,14295,14295,3,9,13,2,0,0,0,0
1258951,3,2021,2021,7,5,6,348,17,105,232,0,1,1,-32.600172,149.593963,44,2,1,1,3,0,3,4,2,0,7,50,2,9859,9859,1,5,10,2,0,0,0,0
1258952,3,2021,2021,7,6,5,59,27,252,21,0,1,7,-33.932422,150.869542,41,0,2,0,3,0,0,0,2,0,0,60,2,14295,14295,3,29,0,2,0,0,0,0
1258953,3,2021,2021,7,5,3,38,31,246,64,0,1,1,-33.915151,151.19529,69,0,2,1,3,0,0,0,1,0,7,50,2,14295,14295,3,5,5,3,0,0,0,0
1258955,3,2021,2021,7,5,7,512,17,53,441,0,1,1,-32.242161,148.360625,51,1,0,1,3,0,3,4,2,0,7,110,2,4026,4026,8,0,40,1,0,0,0,0
1258958,3,2021,2021,0,4,11,3371,17,108,3342,0,1,2,-33.304798,151.420361,16,2,2,1,3,0,0,0,0,0,7,60,2,1089,1089,7,5,40,1,0,0,0,0
1258959,3,2021,2021,7,5,5,165,31,532,34609,0,1,1,-33.866395,151.207197,69,0,2,1,3,0,0,0,2,0,7,20,0,1945,1945,5,9,40,1,0,0,0,0
1258960,3,2021,2021,7,2,8,47,31,246,34609,0,1,10,-33.912015,151.198826,69,0,2,1,3,0,0,0,2,0,15,50,0,2852,2852,4,5,5,2,0,0,0,0
1258964,3,2021,2021,7,1,8,3,10,26,34609,0,1,9,-33.106378,151.534615,37,0,2,1,3,0,3,4,2,0,7,50,0,5929,5929,1,10,5,2,0,0,0,0
1258965,3,2021,2021,7,0,4,165,31,61,34609,0,1,1,-35.52873,144.964556,51,2,1,1,3,0,0,0,2,0,7,50,0,941,941,1,5,13,2,0,0,0,0
1258967,3,2021,2021,7,6,6,916,17,23,917,0,1,9,-31.636283,150.722902,51,1,0,0,3,0,0,0,2,0,0,100,2,2852,2852,4,8,5,2,0,0,0,0
1258985,3,2021,2021,7,4,10,91,27,119,187,0,1,1,-33.874867,151.154632,32,0,2,0,2,0,0,0,0,0,7,70,2,14295,14295,3,5,5,2,0,0,0,0
1259032,3,2021,2021,7,2,7,14,27,204,34609,0,1,1,-33.894809,150.947292,24,0,2,1,1,0,3,4,2,0,7,50,0,4026,4026,1,34,5,2,0,0,0,0
1259047,3,2021,2021,7,0,7,3371,17,19,3342,0,1,2,-31.882109,152.551359,43,1,0,0,0,0,3,4,2,0,7,100,2,1957,4009,8,5,40,1,0,0,0,0
1259059,3,2021,2021,7,1,8,34,27,29,34609,0,1,7,-35.129838,147.336123,75,2,1,1,3,0,3,4,2,0,0,50,0,945,945,5,5,40,1,0,0,0,0
1259066,3,2021,2021,7,3,9,36,27,460,55,0,1,9,-33.835476,150.976742,21,0,2,1,3,0,0,0,2,0,7,50,1,926,926,4,5,13,2,0,0,0,0
1259067,3,2021,2021,7,4,3,77,31,64,563,0,1,9,-33.885727,151.039766,21,0,2,1,3,0,0,0,2,0,0,80,2,301,301,4,10,5,2,0,0,0,0
1259072,3,2021,2021,7,1,3,1104,14,247,962,0,1,3,-33.81351,150.952996,21,0,2,1,3,0,0,0,1,0,7,90,2,14295,14295,3,8,13,5,0,0,0,0
1259073,3,2021,2021,7,6,6,2261,17,70,2252,0,1,6,-34.608657,150.224719,78,2,1,1,3,0,0,0,2,0,7,60,2,9859,9859,8,5,40,1,0,0,0,0
1259074,3,2021,2021,7,3,7,344,27,42,163,0,1,9,-33.74017,150.862502,7,0,2,1,3,0,0,0,2,2,7,70,2,5929,5929,1,5,0,2,0,0,0,0
1259075,3,2021,2021,7,4,4,3371,17,53,3342,0,1,2,-30.651688,152.963669,47,1,0,1,3,0,3,4,2,0,7,110,2,9859,9859,8,9,40,1,0,0,0,0
1259079,3,2021,2021,7,3,6,89,17,95,34609,0,1,1,-34.392952,150.893092,80,0,2,1,3,0,0,0,2,0,7,50,0,14295,14295,3,30,5,3,0,0,0,0
1259083,3,2021,2021,7,0,2,20,23,252,16,0,1,1,-33.932885,150.887084,41,0,2,1,3,0,0,0,0,0,7,60,0,9859,9859,1,8,5,3,0,0,0,0
1259084,3,2021,2021,7,6,3,515,14,294,518,0,1,3,-33.947026,150.961195,41,0,2,1,3,0,0,0,2,0,7,100,2,14295,14295,3,5,10,3,0,0,0,0
1259087,3,2021,2021,7,3,1,84,27,60,32,0,1,1,-33.82582,151.136196,51,0,2,1,3,0,0,0,0,0,7,60,1,9859,9859,1,5,3,3,0,0,0,0
1259089,3,2021,2021,7,2,10,10,31,32,34609,0,1,9,-29.071867,153.342004,60,2,1,1,3,0,0,0,0,0,15,50,0,1391,1391,1,5,0,2,0,0,0,0
1259092,3,2021,2021,7,4,10,191,17,24,189,0,1,1,-32.009623,149.414346,51,1,0,0,3,0,3,4,0,0,7,100,2,418,714,5,8,40,1,0,0,0,0
1259093,3,2021,2021,0,4,2,916,17,77,917,0,1,1,-32.559212,151.173665,64,2,1,0,3,0,3,4,0,0,7,60,2,3775,3775,0,29,36,2,0,0,0,0
1259097,3,2021,2021,0,0,4,4,27,3,34609,0,1,9,-33.493408,150.149887,40,2,1,1,3,0,0,0,2,0,7,50,0,9859,9859,8,5,40,1,0,0,0,0
1259098,3,2021,2021,7,3,8,5,31,25,34609,0,1,10,-32.839426,151.37024,17,2,1,1,3,0,0,0,2,0,0,50,0,6545,6545,4,5,5,2,0,0,0,0
1259115,3,2021,2021,7,5,10,2261,17,70,2252,0,1,2,-34.629675,150.158452,78,1,0,1,0,0,3,4,0,0,7,110,2,4026,4026,8,5,40,1,0,0,0,0
1259121,3,2021,2021,7,5,8,2,31,9,34609,0,1,1,-33.605239,150.74467,29,2,2,1,1,0,0,0,2,0,7,40,0,9859,9859,1,5,36,4,0,0,0,0
1259131,3,2021,2021,7,6,4,2261,17,45,2252,0,1,2,-33.889531,150.972714,15,0,2,0,1,0,0,0,2,0,7,70,2,1192,1192,1,3,5,2,0,0,0,0
1259132,3,2021,2021,7,0,4,3371,17,28,3342,0,1,2,-28.683963,153.534262,10,1,0,1,0,0,0,0,2,0,7,110,2,4026,4026,8,5,40,1,0,0,0,0
1259133,3,2021,2021,7,6,3,283,27,88,702,1,0,9,-33.987017,151.110904,25,0,2,1,1,0,0,3,2,2,7,70,2,5929,5929,1,5,5,2,0,0,0,0
1259141,3,2021,2021,7,2,10,56,31,119,126,0,1,10,-32.759734,151.750655,57,2,1,1,3,0,0,0,0,2,7,60,2,5929,5929,1,5,13,2,0,0,0,0
1259161,3,2021,2021,7,1,4,4,27,140,34609,0,1,1,-33.782704,150.814857,7,0,2,1,3,0,0,0,2,0,7,50,0,941,941,1,10,5,2,0,0,0,0
1259164,3,2021,2021,0,4,3,84,27,252,31,0,1,7,-33.944962,150.888184,41,0,2,1,3,0,0,3,1,0,0,60,1,775,775,4,5,5,2,0,0,0,0
1259166,3,2021,2021,7,5,5,361,23,143,38,0,1,1,-33.877546,151.104582,9,0,2,1,3,0,0,0,2,0,7,40,1,248,248,1,5,36,2,0,0,0,0
1259169,3,2021,2021,7,1,10,104,27,63,140,0,1,9,-33.923602,151.211177,4,0,2,1,3,0,3,4,0,2,7,60,2,5929,5929,1,5,5,2,0,0,0,0
1259173,3,2021,2021,7,1,4,99,31,237,105,0,1,10,-33.876606,150.943161,24,0,2,1,3,0,0,0,2,0,15,60,1,1669,1669,3,0,36,2,0,0,0,0
1259177,3,2021,2021,7,4,5,7,31,74,12,1,0,10,-34.633736,148.031708,20,2,1,1,3,0,3,4,2,0,0,50,1,6545,6545,4,10,0,2,0,0,0,0
1259178,3,2021,2021,7,1,8,105,27,67,109,0,1,9,-33.875668,150.89621,24,0,2,1,3,0,0,0,3,0,7,60,1,1391,1391,1,0,0,2,0,0,0,0
1259179,3,2021,2021,7,5,5,26,1,137,34609,0,1,1,-33.918329,151.201603,69,0,2,1,3,0,3,4,2,0,7,40,0,1981,1981,4,8,5,2,0,0,0,0
1259180,3,2021,2021,7,5,10,1,27,1,34609,0,1,1,-31.384294,149.182381,51,1,0,0,3,0,0,0,2,0,7,100,0,1089,1089,7,0,40,1,0,0,0,0
1259181,3,2021,2021,7,5,7,10,31,87,34609,0,1,7,-28.80999,153.277821,39,2,1,1,3,0,3,4,2,0,0,50,0,1669,1669,3,5,0,2,0,0,0,0
1259202,3,2021,2021,7,2,9,10,27,41,52,0,1,1,-30.351755,153.09164,19,2,1,1,0,0,0,0,2,0,7,50,1,190,190,1,5,0,2,0,0,0,0
1259227,3,2021,2021,7,3,5,6,4,363,34609,0,1,9,-33.747652,150.695901,55,0,2,1,1,0,3,4,2,0,7,50,0,4552,985,1,0,5,2,0,0,0,0
1259238,3,2021,2020,2,6,10,2,31,290,34609,0,1,1,-33.855076,151.005139,21,0,2,1,0,2,3,0,0,0,7,50,0,4026,4026,1,5,0,2,0,0,0,0
1259239,3,2021,2021,7,0,5,1,31,252,165,0,1,9,-33.887945,151.217472,69,0,2,1,0,0,0,0,2,0,7,60,2,9859,9859,1,8,36,2,0,0,0,0
1259262,3,2021,2021,4,0,8,3371,17,28,3342,0,1,2,-32.620604,151.965736,43,1,0,1,3,0,3,4,2,0,7,110,2,9859,9859,1,5,0,2,0,0,0,0
1259263,3,2021,2021,0,0,8,2,31,92,34609,0,1,1,-33.403031,151.360574,16,2,2,1,3,0,0,0,2,0,7,50,0,220,220,1,5,36,2,0,0,0,0
1259277,3,2021,2020,10,1,2,1052,14,207,928,0,1,3,-33.549746,151.194326,31,0,2,0,3,0,3,4,0,0,7,110,2,1282,1282,1,10,10,2,0,0,0,0
1259278,3,2021,2020,10,1,2,1052,14,207,928,0,1,3,-33.549765,151.19431,31,0,2,0,3,0,3,4,0,0,7,110,2,14295,14295,3,10,13,2,0,0,0,0
1259299,3,2021,2021,3,6,3,40,27,162,34609,0,1,1,-33.839232,150.892285,24,0,2,0,2,0,0,0,1,0,7,60,0,1957,4009,1,5,5,3,0,0,0,0
1259304,3,2021,2021,7,5,7,485,27,323,769,0,1,2,-33.760489,150.991475,71,0,2,1,3,0,0,3,2,0,7,60,2,1282,1282,1,33,5,2,0,0,0,0
1259308,3,2021,2021,4,6,6,4,27,3,34609,0,1,1,-31.318163,152.588169,56,2,1,0,0,2,0,0,2,0,7,80,0,4552,5151,8,10,40,1,0,0,0,0
1259326,3,2021,2021,0,3,4,2261,17,284,2252,0,1,9,-33.905037,151.010147,15,0,2,1,3,0,0,0,2,0,7,70,2,14295,14295,3,0,12,2,0,0,0,0
1259327,3,2021,2021,7,6,5,2209,17,176,2205,0,1,2,-33.953484,151.137474,4,0,2,1,3,0,0,0,2,0,7,60,2,1945,1945,5,0,40,1,0,0,0,0
1259331,3,2021,2021,7,0,8,118,31,304,34609,0,1,1,-33.906518,151.163955,32,0,2,1,3,0,0,0,2,0,7,50,0,144,144,1,0,5,2,0,0,0,0
1259338,3,2021,2021,0,3,6,93,10,65,42,0,1,10,-32.930228,151.78348,48,0,2,1,3,0,3,0,2,0,15,50,1,6545,6545,4,5,5,2,0,0,0,0
1259339,3,2021,2021,7,3,9,22,31,283,125,0,1,10,-33.830741,151.01027,54,0,2,1,3,0,0,0,0,0,7,50,1,5929,5929,1,5,0,3,0,0,0,0
1259340,3,2021,2021,7,1,4,191,17,24,189,0,1,1,-32.03955,149.946874,73,1,0,0,3,0,0,0,2,0,7,100,2,4552,5151,8,10,40,1,0,0,0,0
1259345,3,2021,2021,0,0,5,2261,17,47,2252,0,1,2,-35.742944,147.30152,27,1,0,1,3,0,0,0,2,0,7,110,2,4026,4026,8,0,40,1,0,0,0,0
1259374,3,2021,2021,0,0,9,20,18,1,34609,0,1,1,-33.59502,150.84565,29,1,2,1,3,2,3,0,3,0,7,100,0,4026,4026,1,0,13,2,0,0,0,0
1259375,3,2021,2021,7,3,6,2261,17,70,2252,0,1,10,-34.536741,150.280856,78,1,0,1,3,0,3,4,2,0,0,110,2,2585,777,8,5,40,1,0,0,0,0
1259378,3,2021,2021,0,6,7,4,27,23,34609,0,1,9,-34.628207,150.824958,62,0,2,0,3,0,0,0,2,0,7,100,0,782,957,5,5,40,1,0,0,0,0
1259379,3,2021,2021,0,5,2,79,27,145,159,0,1,10,-33.932666,151.110005,15,0,2,1,3,0,0,0,0,2,7,60,2,5929,5929,1,5,5,2,0,0,0,0
1259380,3,2021,2021,7,4,5,7,31,61,91,0,1,9,-35.161296,149.253148,82,2,1,0,3,0,0,0,2,0,0,50,1,3775,3775,0,10,10,2,0,0,0,0
1259388,3,2021,2020,10,6,0,7,27,2,34609,0,1,1,-32.26114,150.779935,46,2,1,0,0,0,0,0,0,0,7,80,0,4552,5151,8,5,40,1,0,0,0,0
1259389,3,2021,2021,7,5,7,348,27,363,88,0,1,7,-33.730447,150.694479,55,0,2,0,3,0,3,4,2,0,0,60,2,4552,5151,8,5,40,1,0,0,0,0
1259392,3,2021,2021,0,5,5,2209,17,115,2205,0,1,9,-33.919168,151.169423,32,0,2,1,0,0,0,0,2,3,7,60,2,1383,1383,1,5,10,3,0,0,0,0
1259402,3,2021,2020,2,1,8,11,27,112,34609,0,1,10,-36.057112,146.927296,0,2,1,1,0,0,3,4,3,2,7,60,0,4552,985,8,5,40,1,0,0,0,0
1259413,3,2021,2021,0,2,11,133,17,6,121,0,1,1,-35.595469,149.143523,65,1,0,1,3,0,0,0,0,0,7,100,2,1089,1089,7,5,40,1,0,0,0,0
1259414,3,2021,2021,0,2,8,866,17,278,793,0,1,10,-33.7823,151.049886,54,0,2,1,3,0,0,0,3,0,7,60,2,14295,14295,3,5,5,2,0,0,0,0
1259420,3,2021,2021,7,1,10,86,27,3,65,0,1,1,-30.164183,152.585692,18,1,0,0,3,0,3,2,0,0,7,100,1,4552,5151,8,10,40,1,0,0,0,0
1259421,3,2021,2021,0,3,0,41,31,304,34609,0,1,7,-33.914587,151.142836,32,0,2,1,3,0,0,0,0,0,0,50,0,237,162,8,5,40,1,0,0,0,0
1259425,3,2021,2021,0,5,10,2,27,17,34609,0,1,9,-31.956346,152.459433,43,1,0,0,3,2,0,0,0,0,7,100,0,2585,777,8,5,40,1,0,0,0,0
1259427,3,2021,2021,7,6,4,39,27,293,91,0,1,10,-33.941154,151.25292,59,0,2,0,3,0,0,0,2,2,7,50,1,6545,6545,4,10,5,2,0,0,0,0
1259441,3,2021,2021,7,6,0,294,17,3,288,0,1,1,-34.733102,143.800214,51,1,0,1,3,0,0,0,0,0,7,110,2,1089,1089,7,9,40,1,0,0,0,0
1259447,3,2021,2021,0,6,8,25,27,8,143,0,1,1,-33.303466,149.645634,3,1,0,0,0,0,3,0,3,0,7,100,2,2585,4009,8,34,40,1,0,0,0,0
1259452,3,2021,2021,0,0,11,1,10,22,34609,0,1,1,-35.170533,150.583823,63,2,1,1,2,0,0,0,0,0,7,50,0,4026,4026,1,0,13,3,0,0,0,0
1259461,3,2021,2021,0,4,8,145,31,112,769,0,1,9,-33.605402,150.824262,29,2,2,1,1,0,0,0,2,2,7,50,2,5929,5929,1,10,13,2,0,0,0,0
1259466,3,2021,2021,4,5,8,22,1,337,34609,0,1,1,-33.732776,150.999378,71,0,2,1,1,0,0,0,2,0,7,50,0,1282,1282,1,33,5,2,0,0,0,0
1259484,3,2021,2021,7,1,8,73,24,50,88,0,1,1,-33.716513,151.262713,50,0,2,0,3,0,3,4,2,0,7,80,2,4552,5151,8,9,40,1,0,0,0,0
1259488,3,2021,2021,7,2,6,5,27,5,34609,0,1,1,-35.415935,149.450037,58,2,1,1,3,0,0,0,2,0,7,60,0,9859,9859,8,10,40,1,0,0,0,0
1259496,3,2021,2021,3,4,9,7,31,215,34609,0,1,10,-35.105288,147.363961,75,2,1,1,0,0,0,0,2,0,0,50,0,6545,6545,4,5,5,2,0,0,0,0
1259498,3,2021,2021,7,5,11,1,1,99,34609,0,1,9,-33.89045,151.266055,76,0,2,1,2,0,3,4,0,0,0,50,0,489,489,8,5,40,2,0,0,0,0
1259508,3,2021,2021,7,1,10,5,27,121,34609,0,1,1,-28.197828,153.538669,72,2,1,1,2,0,0,0,0,0,7,50,0,9859,9859,8,0,40,1,0,0,0,0
1259515,3,2021,2021,7,4,3,866,17,314,793,0,1,10,-33.847874,150.947099,21,0,2,0,3,0,3,4,1,2,7,70,2,14295,14295,3,5,5,2,0,0,0,0
1259519,3,2021,2021,7,3,0,19,27,609,34609,0,1,9,-33.769993,150.898229,7,0,2,0,3,0,0,0,0,0,7,50,0,380,714,5,5,40,1,0,0,0,0
1259521,3,2021,2021,0,2,6,48,10,463,32,0,1,1,-30.291172,153.133962,19,2,1,1,3,0,0,0,2,0,7,60,1,14295,14295,3,10,5,2,0,0,0,0
1259524,3,2021,2021,0,0,9,4,31,25,34609,0,1,1,-33.010687,151.717204,37,0,2,1,0,0,0,0,0,0,7,50,0,9859,9859,1,0,5,2,0,0,0,0
1259528,3,2021,2021,0,4,5,475,25,54,34609,1,0,9,-33.097999,151.645313,37,0,2,1,3,0,0,0,2,0,15,50,0,9859,9859,1,5,13,2,0,0,0,0
1259530,3,2021,2021,0,4,3,24,31,433,34609,0,1,7,-33.28126,149.099158,52,2,1,1,3,0,0,0,1,0,0,50,0,6545,6545,4,10,5,2,0,0,0,0
1259534,3,2021,2021,0,4,6,4,7,22,34609,0,1,1,-33.641472,150.811207,29,2,2,1,3,0,0,0,2,0,7,40,0,9859,9859,1,5,5,2,0,0,0,0
1259553,3,2021,2021,7,2,9,3,31,293,34609,0,1,1,-33.938176,151.232416,59,0,2,1,2,0,3,4,0,0,7,50,0,9859,9859,1,5,5,2,0,0,0,0
1259570,3,2021,2021,4,2,11,4,31,609,34609,0,1,1,-33.771041,150.898674,7,0,2,1,2,0,0,0,0,0,7,50,0,9859,9859,1,5,5,2,0,0,0,0