Crash ID,Degree of crash - detailed,Reporting year,Year of crash,Month of crash,Day of week of crash,Two-hour intervals,Street of crash,Street type,Town,Route no.,School zone location,School zone active,Type of location,Latitude,Longitude,LGA,Urbanisation,Conurbation 1,Alignment,Street lighting,Road surface,Surface condition,Weather,Natural lighting,Signals operation,Other traffic control,Speed limit,Road classification,RUM - code,DCA - code,First impact type,Key TU type,Other TU type,No. of traffic units involved,No. killed,No. seriously injured,No. moderately injured,No. minor-other injured
1259574,3,2021,2021,4,4,6,7,31,133,34609,0,1,1,-33.932014,151.017231,15,0,2,1,0,0,0,0,2,0,7,50,0,9859,9859,1,5,5,2,0,0,0,0
1259580,3,2021,2021,3,2,4,125,27,290,103,0,1,10,-33.863022,151.006226,21,0,2,1,1,0,0,0,2,1,7,60,1,941,941,1,10,13,2,0,0,0,0
1259588,3,2021,2021,4,5,1,12,10,89,34609,0,1,7,-28.214043,153.528193,72,2,1,1,2,0,0,0,0,0,0,60,0,4026,4026,8,5,40,1,0,0,0,0
1259590,3,2021,2021,3,5,3,1104,14,223,962,0,1,3,-33.805557,150.916962,7,0,2,1,1,0,0,0,2,0,7,100,2,14295,14295,3,5,5,4,0,0,0,0
1259591,3,2021,2021,7,6,9,5,27,3,34609,0,1,1,-33.773692,150.642067,8,2,2,0,3,0,0,0,2,0,7,50,0,1957,4009,1,5,5,2,0,0,0,0
1259592,3,2021,2021,7,0,10,11,10,148,60,0,1,10,-36.036705,146.96595,0,2,1,1,3,0,0,0,0,2,7,60,1,6545,6545,4,34,5,2,0,0,0,0
1259609,3,2021,2021,0,0,10,2126,17,163,2149,1,0,9,-33.86858,151.102997,14,0,2,1,3,0,0,0,0,2,7,60,2,5929,5929,1,5,5,2,0,0,0,0
1259612,3,2021,2021,4,3,8,11,27,115,34609,0,1,1,-33.743944,151.219332,50,0,2,1,1,0,0,0,2,0,7,50,0,9859,9859,1,5,41,2,0,0,0,0
1259625,3,2021,2021,3,4,7,63,27,224,605,0,1,2,-33.812218,151.2448,45,0,2,0,1,0,3,3,2,0,7,60,2,1192,1192,1,29,0,2,0,0,0,0
1259631,3,2021,2021,0,4,8,17,27,8,17,0,1,1,-35.203968,148.165384,66,1,0,1,3,0,0,0,3,0,7,100,2,1669,1669,3,5,5,4,0,0,0,0
1259632,3,2021,2021,0,4,2,17,27,323,25,0,1,9,-33.812717,150.835692,7,0,2,1,3,0,3,4,0,2,7,80,2,14295,14295,3,0,0,2,0,0,0,0
1259633,3,2021,2021,0,4,4,163,27,73,165,0,1,9,-33.755215,150.805614,7,0,2,1,3,0,0,0,2,0,15,60,1,2852,2852,4,5,0,2,0,0,0,0
1259637,3,2021,2021,0,3,6,65,27,202,563,0,1,10,-33.941398,151.035441,15,0,2,1,3,0,0,0,2,0,15,70,2,301,301,4,5,36,2,0,0,0,0
1259638,3,2021,2021,0,6,9,232,36,252,331,0,1,2,-33.956051,150.872395,41,0,2,1,3,0,0,0,3,0,7,70,2,1981,1981,4,5,10,2,0,0,0,0
1259639,3,2021,2021,0,0,11,107,22,346,144,1,0,9,-33.874712,151.093837,67,0,2,1,3,0,0,0,0,2,7,60,2,3775,3775,0,0,5,2,0,0,0,0
1259641,3,2021,2021,0,5,4,3371,17,27,3342,0,1,2,-30.155021,153.192836,19,1,0,1,3,0,3,4,2,0,7,110,2,475,475,5,0,40,1,0,0,0,0
1259643,3,2021,2021,0,1,4,293,27,14,172,0,1,7,-32.966687,151.652263,37,0,2,1,3,0,0,0,2,0,0,60,2,1391,1391,1,5,10,2,0,0,0,0
1259649,3,2021,2021,0,5,6,485,27,187,769,0,1,1,-33.783302,150.996328,54,0,2,1,3,0,0,3,2,0,7,60,2,14295,14295,3,5,5,2,0,0,0,0
1259651,3,2021,2021,3,5,8,109,36,21,108,0,1,1,-28.272677,153.470214,72,2,1,0,3,0,3,3,2,0,7,80,1,217,217,1,9,5,2,0,0,0,0
1259659,3,2021,2021,0,0,5,3371,17,13,3342,0,1,2,-30.870812,152.930162,34,1,0,1,3,0,0,0,2,0,7,110,2,14295,14295,3,10,36,2,0,0,0,0
1259661,3,2021,2021,7,6,8,26,27,71,38,1,0,10,-33.837194,150.967983,21,0,2,1,3,0,0,0,2,0,15,60,1,623,623,3,9,5,2,0,0,0,0
1259663,3,2021,2021,0,4,9,55,27,134,38,0,1,9,-33.949063,150.796731,12,0,2,1,3,0,0,0,0,2,7,80,2,5929,5929,1,34,0,2,0,0,0,0
1259665,3,2021,2021,0,3,11,4,27,87,34609,0,1,1,-28.809177,153.300916,39,2,1,0,3,0,3,4,0,0,7,50,0,4552,5151,1,5,4,2,0,0,0,0
1259666,3,2021,2021,0,4,8,10,27,15,34609,0,1,1,-28.812968,153.495488,2,1,0,0,3,0,3,3,3,0,7,100,0,273,957,5,9,40,1,0,0,0,0
1259669,3,2021,2021,0,6,3,18,10,53,18,0,1,1,-33.771408,151.144149,36,0,2,0,3,0,3,4,1,0,7,60,1,1850,1463,5,16,40,1,0,0,0,0
1259670,3,2021,2021,0,3,9,30,27,27,34609,0,1,1,-33.762797,151.29304,50,0,2,1,3,0,0,0,3,0,0,40,0,237,397,1,30,0,2,0,0,0,0
1259677,3,2021,2021,0,5,10,387,27,290,331,1,0,9,-33.946136,151.127989,4,0,2,0,3,0,0,0,0,0,7,60,2,14295,14295,3,5,5,3,0,0,0,0
1259680,3,2021,2021,0,0,8,15,27,278,24,0,1,10,-33.767975,151.043402,54,0,2,1,1,0,0,0,3,2,7,50,1,2852,2852,4,5,5,2,0,0,0,0
1259687,3,2021,2021,0,0,0,46,27,284,34609,0,1,1,-33.900473,151.008885,15,0,2,1,2,0,0,0,0,0,7,50,0,9859,9859,1,5,13,2,0,0,0,0
1259695,3,2021,2021,7,3,0,20,27,49,81,0,1,1,-34.429217,148.702239,30,1,0,1,0,0,0,0,0,0,7,100,2,3775,3775,0,33,13,2,0,0,0,0
1259698,3,2021,2021,0,2,9,44,31,90,34609,0,1,10,-32.92192,151.747321,48,0,2,1,3,0,0,0,0,0,15,50,0,5929,5929,1,5,36,2,0,0,0,0
1259702,3,2021,2021,0,4,10,1052,14,87,928,0,1,3,-33.014116,151.489953,37,0,2,1,3,0,0,0,0,0,7,110,2,941,941,1,0,5,3,0,0,0,0
1259712,3,2021,2021,0,4,10,60,27,101,262,0,1,7,-32.902514,151.621974,37,0,2,1,3,0,0,0,0,0,0,90,2,14295,14295,3,5,13,2,0,0,0,0
1259714,3,2021,2021,0,1,10,361,23,136,34609,0,1,1,-33.918913,151.078615,15,0,2,1,3,0,0,0,0,0,7,50,0,1981,1981,4,0,5,2,0,0,0,0
1259716,3,2021,2021,3,6,8,33,1,460,34609,0,1,9,-33.831397,150.972465,21,0,2,1,3,0,0,0,2,0,7,50,0,5929,5929,1,5,5,2,0,0,0,0
1259718,3,2021,2021,0,6,6,102,31,107,53,0,1,9,-33.883471,151.198262,69,0,2,1,3,0,0,0,2,0,0,50,2,1383,1383,1,5,5,2,0,0,0,0
1259723,3,2021,2021,7,2,9,8,31,198,34609,0,1,9,-33.914582,151.10301,15,0,2,1,1,0,3,4,2,0,0,50,0,6545,6545,4,5,5,3,0,0,0,0
1259727,3,2021,2021,0,4,7,7,27,73,34609,0,1,10,-33.889739,151.167901,32,0,2,1,1,0,0,0,2,0,15,50,0,14295,14295,3,33,5,2,0,0,0,0
1259737,3,2021,2020,2,2,0,280,10,162,82,0,1,1,-33.849842,150.906477,24,0,2,1,2,0,3,4,0,0,7,60,1,4026,4026,8,5,40,1,0,0,0,0
1259766,3,2021,2021,0,0,0,481,17,7,483,0,1,1,-34.954948,146.288752,51,1,0,1,3,0,0,0,0,0,7,110,2,1089,1089,7,5,40,1,0,0,0,0
1259772,3,2021,2021,7,4,1,37,1,58,34609,0,1,9,-33.756173,151.154104,36,0,2,1,3,0,0,0,0,0,15,50,0,175,188,8,5,40,1,0,0,0,0
1259773,3,2021,2021,7,1,6,330,23,293,112,0,1,2,-33.945756,151.240057,59,0,2,1,3,0,0,0,2,0,7,60,2,9859,9859,1,8,5,2,0,0,0,0
1259774,3,2021,2021,0,3,5,22,31,309,208,0,1,2,-33.811976,151.105418,61,0,2,1,3,0,0,0,2,0,7,60,2,14295,14295,3,5,5,2,0,0,0,0
1259777,3,2021,2021,0,6,6,5,31,53,34609,0,1,1,-33.765028,151.164936,36,0,2,1,3,0,0,0,2,0,7,50,0,4026,4026,1,30,36,2,0,0,0,0
1259781,3,2021,2021,0,1,5,168,17,14,212,0,1,1,-35.246845,149.673629,58,1,0,0,3,0,0,0,2,0,7,100,2,4552,5151,8,10,40,1,0,0,0,0
1259784,3,2021,2021,0,1,7,81,27,55,115,0,1,9,-33.79632,150.897235,7,0,2,1,3,0,0,0,2,0,7,60,2,5929,5929,1,0,5,2,0,0,0,0
1259787,3,2021,2021,7,0,10,1,27,29,34609,0,1,1,-31.821295,149.677279,51,1,0,0,3,0,0,0,0,0,7,100,0,1089,1089,7,10,40,1,0,0,0,0
1259788,3,2021,2021,0,6,9,149,36,40,113,0,1,9,-32.070707,152.481649,43,1,0,1,3,0,0,3,4,0,7,100,1,5929,5929,1,0,0,2,0,0,0,0
1259789,3,2021,2021,0,5,6,4,18,293,34609,0,1,10,-33.925697,151.053528,15,0,2,1,3,0,0,0,2,0,15,60,0,5929,5929,1,5,5,2,0,0,0,0
1259792,3,2021,2021,0,1,5,2261,17,26,2252,0,1,3,-34.104272,150.762876,13,0,2,1,3,0,0,0,2,0,7,110,2,14295,14295,3,10,13,2,0,0,0,0
1259798,3,2021,2021,0,3,11,1104,14,460,962,0,1,3,-33.822042,150.985332,21,0,2,1,2,0,0,0,0,0,7,90,2,1391,1391,1,33,5,2,0,0,0,0
1259807,3,2021,2021,7,6,3,2261,17,243,2252,0,1,10,-33.943524,150.911074,41,0,2,1,1,0,0,0,2,2,7,70,2,1282,1282,1,5,0,3,0,0,0,0
1259810,3,2021,2021,7,2,5,10,27,74,34609,1,0,1,-33.74851,150.827407,7,0,2,1,1,0,3,4,2,0,7,50,0,14295,14295,3,0,36,2,0,0,0,0
1259817,3,2021,2021,0,0,10,92,27,21,36,1,0,9,-35.729022,150.195923,23,2,1,0,2,0,0,0,2,2,7,60,1,2585,985,8,5,40,1,0,0,0,0
1259824,3,2021,2021,7,2,10,2,1,433,34609,0,1,1,-33.291779,149.061836,52,2,1,1,2,0,0,0,0,0,7,50,0,9859,9859,1,5,5,3,0,0,0,0
1259827,3,2021,2021,3,4,8,500,27,198,799,0,1,10,-33.920184,151.09964,15,0,2,1,1,0,0,0,2,2,7,60,2,5929,5929,1,30,5,3,0,0,0,0
1259838,3,2021,2021,0,2,10,17,36,57,72,0,1,7,-28.635938,153.547581,10,2,1,0,2,0,3,4,0,0,0,60,2,14295,14295,3,10,36,2,0,0,0,0
1259893,3,2021,2021,0,3,6,14,31,646,34609,0,1,9,-33.919807,151.036682,15,0,2,1,0,0,0,0,2,0,9,40,0,14295,14295,3,10,5,2,0,0,0,0
1259900,3,2021,2021,7,6,9,117,1,176,35,0,1,9,-33.965101,151.142642,4,0,2,1,1,0,0,0,2,2,7,60,2,5929,5929,1,5,13,2,0,0,0,0
1259904,3,2021,2021,0,3,9,6,10,44,34609,0,1,9,-33.212028,151.510946,16,2,2,1,3,0,0,0,0,0,7,50,0,5929,5929,1,5,12,3,0,0,0,0
1259905,3,2021,2021,0,5,11,2126,17,163,2149,1,0,2,-33.868477,151.101691,9,0,2,1,3,0,0,0,0,0,7,60,2,1391,1391,1,8,5,2,0,0,0,0
1259909,3,2021,2021,0,5,10,135,17,36,136,0,1,10,-36.084559,146.912324,0,2,1,1,3,0,0,0,0,2,7,50,2,2852,2852,4,30,13,2,0,0,0,0
1259913,3,2021,2021,0,4,10,40,27,17,34609,0,1,1,-33.621608,150.780482,29,2,2,0,3,0,0,0,0,0,7,70,0,3775,3775,0,5,5,2,0,0,0,0
1259918,3,2021,2021,0,0,9,134,10,363,133,0,1,2,-33.812808,151.022785,54,0,2,1,3,0,0,0,0,0,7,70,2,14295,14295,3,5,5,2,0,0,0,0
1259919,3,2021,2021,0,1,10,21,31,110,34609,0,1,2,-33.745727,151.024053,71,0,2,1,3,0,0,0,0,0,7,50,0,9859,9859,1,0,5,2,0,0,0,0
1259921,3,2021,2021,0,4,10,49,31,147,34609,0,1,1,-33.877974,151.000363,15,0,2,1,3,0,0,0,0,0,7,50,0,1391,1391,1,5,13,2,0,0,0,0
1259940,3,2021,2021,0,4,7,41,27,120,7,0,1,9,-33.767837,150.863599,7,0,2,1,3,0,0,0,2,2,7,60,1,14295,14295,3,0,0,2,0,0,0,0
1259941,3,2021,2021,0,5,4,1104,14,323,962,0,1,3,-33.799601,150.861633,7,0,2,1,3,0,0,0,2,0,7,100,2,14295,14295,3,5,5,2,0,0,0,0
1259942,3,2021,2021,0,0,8,33,1,234,139,0,1,10,-34.285165,146.024719,28,2,1,1,3,0,0,0,3,0,0,60,2,5929,5929,1,5,2,2,0,0,0,0
1259947,3,2021,2021,0,6,7,2261,17,92,2252,0,1,3,-33.988503,150.853569,13,0,2,1,3,0,0,0,2,0,7,110,2,1391,1391,1,8,12,2,0,0,0,0
1259948,3,2021,2021,0,6,6,12,27,79,42,0,1,1,-33.569274,150.735879,29,2,2,1,3,0,0,0,2,0,7,60,1,1282,1282,1,29,13,2,0,0,0,0
1259949,3,2021,2021,0,3,6,2,10,112,34609,0,1,1,-36.06551,146.944021,0,2,1,1,3,0,0,0,2,0,7,50,0,5929,5929,1,9,12,2,0,0,0,0
1259953,3,2021,2021,0,0,3,2,27,151,34609,0,1,9,-34.036647,150.841108,13,0,2,1,0,0,0,0,2,0,7,50,0,1282,1282,1,33,5,2,0,0,0,0
1259962,3,2021,2020,2,6,8,2261,17,18,2252,0,1,3,-34.037737,150.823613,13,0,2,0,3,0,0,0,2,0,7,110,2,14295,14295,3,29,0,2,0,0,0,0
1259966,3,2021,2021,0,4,5,10,27,7,34609,0,1,1,-33.839545,151.226103,49,0,2,1,3,0,0,0,2,0,7,50,0,941,941,1,0,36,3,0,0,0,0
1259967,3,2021,2021,0,0,11,35,27,120,34609,0,1,1,-33.758993,150.870261,7,0,2,1,2,0,0,0,0,0,7,50,0,9859,9859,1,5,5,2,0,0,0,0
1259979,3,2021,2021,7,2,8,1,4,104,34609,0,1,1,-33.721813,150.937042,7,0,2,1,3,0,0,0,2,0,7,50,0,14295,14295,3,5,5,2,0,0,0,0
1259980,3,2021,2021,0,6,6,51,31,562,34609,1,0,10,-32.260722,148.611206,22,2,1,1,3,0,3,0,2,0,15,50,0,6545,6545,4,5,5,2,0,0,0,0
1259982,3,2021,2021,0,6,8,37,27,46,41,0,1,1,-28.822856,153.287089,39,2,1,1,3,0,0,0,2,0,7,50,1,945,945,5,5,40,1,0,0,0,0
1259983,3,2021,2021,0,1,10,8,27,147,34609,1,0,7,-33.873032,150.999512,15,0,2,1,3,0,0,0,0,0,0,50,0,14295,14295,3,0,12,2,0,0,0,0
1259985,3,2021,2021,0,0,6,36,31,218,70,0,1,9,-33.766021,150.780262,55,0,2,1,3,0,0,0,2,0,15,60,1,4026,4026,8,5,40,1,0,0,0,0
1259988,3,2021,2021,0,4,8,3371,17,20,3342,0,1,2,-33.077473,151.650882,37,0,2,1,3,0,0,0,2,0,7,70,2,14295,14295,3,5,13,2,0,0,0,0
1259989,3,2021,2020,2,6,10,6,31,314,7,0,1,9,-33.855286,150.917221,24,0,2,1,3,0,0,0,0,2,7,60,1,1391,1391,1,30,5,2,0,0,0,0
1259999,3,2021,2021,0,5,2,1,31,12,34609,0,1,1,-33.786369,151.256399,50,0,2,1,0,0,0,0,0,0,7,50,0,4026,4026,1,33,0,2,0,0,0,0
1260000,3,2021,2021,7,6,8,23,27,53,36,0,1,1,-35.201073,149.346204,58,1,0,0,3,0,3,4,2,0,7,90,1,237,162,8,5,40,1,0,0,0,0
1260010,3,2021,2021,0,3,9,2261,17,148,2252,0,1,2,-36.052824,146.958586,0,1,0,1,0,0,0,0,0,0,7,110,2,1192,1192,1,5,35,2,0,0,0,0
1260019,3,2021,2021,0,5,9,8,27,102,34609,0,1,7,-31.10832,150.914926,70,2,1,1,2,0,0,0,3,0,0,50,0,6545,6545,4,5,12,2,0,0,0,0
1260022,3,2021,2021,0,6,9,55,31,562,34609,0,1,1,-32.241782,148.604852,22,2,1,1,2,0,3,4,0,0,7,60,0,4026,4026,8,0,40,2,0,0,0,0
1260028,3,2021,2021,7,2,8,2,1,115,34609,0,1,1,-33.744465,151.216047,50,0,2,1,3,0,2,6,2,0,7,40,0,1282,1282,1,5,13,2,0,0,0,0
1260029,3,2021,2021,7,5,4,2,31,108,34609,0,1,1,-33.76014,151.269636,50,0,2,1,1,0,0,0,2,0,7,50,0,175,188,1,4,5,2,0,0,0,0
1260033,3,2021,2021,0,1,3,1052,14,118,928,0,1,3,-33.375787,151.304374,16,1,2,0,0,0,0,1,2,0,7,110,2,1391,1391,1,33,0,3,0,0,0,0
1260058,3,2021,2021,0,1,4,283,27,145,702,0,1,10,-33.917466,151.065154,15,0,2,1,0,0,0,0,2,2,7,60,2,1850,985,5,29,40,1,0,0,0,0
1260060,3,2021,2021,7,3,4,95,27,14,605,0,1,1,-33.644849,151.322963,50,0,2,0,0,0,3,4,2,0,7,60,2,4552,5151,8,10,40,1,0,0,0,0
1260064,3,2021,2021,0,2,9,168,17,14,212,0,1,1,-35.24614,149.669332,58,1,0,1,3,0,0,0,0,0,7,100,2,1383,1383,1,5,13,2,0,0,0,0
1260068,3,2021,2021,0,2,8,344,27,62,382,0,1,10,-33.72394,150.844546,7,0,2,1,3,0,0,0,2,2,7,80,2,186,186,1,5,5,2,0,0,0,0
1260070,3,2021,2021,0,2,10,220,27,46,222,0,1,9,-33.786505,150.972983,54,0,2,1,3,0,0,0,0,2,7,80,2,14295,14295,3,5,13,2,0,0,0,0
1260071,3,2021,2021,0,2,6,8,10,112,114,0,1,1,-33.446766,151.429108,16,2,2,1,3,0,0,0,2,0,7,60,2,1981,1981,4,10,36,2,0,0,0,0
1260073,3,2021,2021,0,1,7,3371,17,24,3342,0,1,7,-31.571111,152.735804,56,2,1,0,3,0,0,3,2,0,0,60,2,1850,985,5,0,40,1,0,0,0,0
1260074,3,2021,2021,0,6,10,19,27,138,30,0,1,1,-33.872903,151.25989,81,0,2,1,3,0,3,4,0,0,7,50,1,941,941,1,5,5,2,0,0,0,0
1260076,3,2021,2021,0,0,7,31,22,168,34609,0,1,1,-33.718988,150.841249,7,0,2,1,3,0,0,0,2,0,7,50,0,3775,3775,0,5,36,2,0,0,0,0
1260077,3,2021,2021,0,6,3,42,27,128,231,0,1,1,-33.419419,151.319888,16,2,2,1,3,0,0,3,1,0,7,60,2,1282,1282,1,5,13,2,0,0,0,0
1260079,3,2021,2021,0,3,7,230,27,100,284,0,1,9,-33.801885,151.145156,77,0,2,1,3,0,0,0,2,2,7,70,2,14295,14295,3,5,13,4,0,0,0,0
1260081,3,2021,2021,0,0,1,3371,17,24,3342,0,1,2,-32.477634,152.193988,43,1,0,1,3,0,0,0,0,0,7,110,2,4026,4026,8,5,40,1,0,0,0,0
1260086,3,2021,2021,0,6,8,46,27,16,34609,0,1,1,-32.875301,151.626019,48,0,2,1,3,0,0,0,2,0,7,70,0,1109,787,1,5,5,2,0,0,0,0
1260087,3,2021,2021,7,1,7,1,31,234,34609,0,1,9,-34.289283,146.06425,28,2,1,1,3,0,0,0,2,0,0,50,0,63,63,4,5,13,3,0,0,0,0
1260097,3,2021,2021,0,0,3,4,31,112,34609,0,1,1,-33.613007,150.811816,29,2,2,1,3,0,0,0,0,0,7,50,0,941,941,1,5,36,3,0,0,0,0
1260118,3,2021,2021,7,0,3,12,31,169,34609,0,1,1,-28.653551,153.6181,10,2,1,1,2,0,0,0,1,0,7,50,0,9859,9859,1,0,36,3,0,0,0,0
1260121,3,2021,2020,2,5,2,2,27,120,34609,0,1,1,-32.19625,152.534513,43,2,1,1,1,0,0,0,1,0,7,50,0,4026,4026,8,5,40,1,0,0,0,0
1260134,3,2021,2021,7,2,1,62,10,70,62,0,1,9,-33.433777,151.346893,16,2,2,1,2,0,0,0,0,0,7,50,2,4552,985,8,9,40,1,0,0,0,0
1260162,3,2021,2021,7,2,1,11,27,71,34609,0,1,1,-33.965494,151.075774,25,0,2,0,2,0,3,0,0,0,7,50,0,1259,5151,8,5,40,1,0,0,0,0
1260166,3,2021,2021,0,3,0,1,31,19,18,0,1,2,-35.812269,145.564976,51,2,1,0,2,0,0,0,0,0,7,50,1,4552,5151,8,34,40,1,0,0,0,0
1260182,3,2021,2021,7,2,7,2261,17,35,2252,0,1,3,-34.373349,150.533132,78,1,0,1,3,0,3,4,2,0,7,110,2,9859,9859,8,5,40,1,0,0,0,0
1260190,3,2021,2021,7,6,4,37,10,103,34609,0,1,7,-28.824114,153.327168,39,2,1,0,3,0,3,4,2,0,0,50,0,4552,5151,8,5,40,1,0,0,0,0
1260200,3,2021,2021,0,2,8,1,27,5,34609,0,1,1,-30.761671,150.565748,70,1,0,0,3,2,0,0,2,0,7,100,0,1957,4009,8,0,40,1,0,0,0,0
1260201,3,2021,2021,7,2,9,8,31,64,34609,0,1,1,-33.884984,151.026672,21,0,2,1,3,0,3,4,3,0,7,50,0,9859,9859,1,5,12,3,0,0,0,0
1260205,3,2021,2021,0,3,8,17,27,7,39,0,1,1,-31.408572,150.21869,51,1,0,0,3,0,0,0,2,0,7,100,1,782,957,5,9,40,1,0,0,0,0
1260212,3,2021,2021,7,2,2,2209,17,115,2205,0,1,10,-33.915489,151.174542,32,0,2,1,3,0,0,0,0,2,7,60,2,1669,1669,3,10,35,3,0,0,0,0
1260213,3,2021,2021,0,5,8,230,27,197,284,0,1,9,-33.786244,151.122175,61,0,2,0,3,0,0,0,2,0,7,70,2,14295,14295,3,0,5,2,0,0,0,0
1260215,3,2021,2021,0,4,10,9,1,89,34609,0,1,9,-33.377632,151.464523,16,2,2,0,3,0,0,0,0,2,7,50,0,5929,5929,1,5,13,2,0,0,0,0
1260218,3,2021,2021,0,1,3,2261,17,252,2252,0,1,10,-33.956092,150.872757,41,0,2,1,3,0,0,0,1,2,7,70,2,1391,1391,1,5,0,2,0,0,0,0
1260221,3,2021,2021,0,2,7,31,1,163,34609,0,1,1,-33.860518,151.111821,14,0,2,1,3,0,0,0,2,0,7,50,0,4026,4026,1,5,5,2,0,0,0,0
1260226,3,2021,2021,0,5,7,4,27,73,34609,0,1,1,-34.159079,150.600599,79,2,2,1,3,0,0,0,2,0,7,80,0,3775,3775,0,5,5,2,0,0,0,0
1260227,3,2021,2021,0,1,9,105,17,223,136,0,1,1,-33.802195,150.916119,7,0,2,1,3,0,0,0,0,0,7,60,2,14295,14295,3,0,0,3,0,0,0,0
1260239,3,2021,2021,0,4,3,3371,17,104,3342,0,1,2,-32.839213,151.688963,48,0,2,1,3,0,0,0,2,0,7,80,2,14295,14295,3,10,0,2,0,0,0,0
1260241,3,2021,2020,2,6,11,2261,17,59,2252,0,1,3,-33.985563,150.856872,13,0,2,0,2,0,3,4,0,0,7,110,2,1259,5151,8,5,40,2,0,0,0,0
1260253,3,2021,2021,0,4,4,165,31,98,34609,0,1,7,-30.98708,150.241411,51,2,1,1,2,0,0,0,2,0,0,50,0,6545,6545,4,5,5,2,0,0,0,0
1260256,3,2021,2021,0,2,0,192,10,29,25,0,1,1,-33.461834,151.425719,16,2,2,0,2,0,0,0,0,0,7,60,1,4552,5151,8,5,40,1,0,0,0,0
1260257,3,2021,2021,7,2,11,3371,17,57,3342,0,1,2,-28.615812,153.546215,10,1,0,0,0,0,0,0,0,0,7,100,2,1957,4009,8,0,40,1,0,0,0,0
1260267,3,2021,2021,4,4,9,1,31,201,34609,0,1,1,-34.888951,150.611005,63,2,1,1,1,0,0,0,2,0,7,50,0,9859,9859,8,5,40,1,0,0,0,0
1260270,3,2021,2021,0,4,5,19,23,52,198,0,1,10,-33.949358,150.95,41,0,2,0,1,0,0,0,2,2,7,60,2,4552,5151,8,0,40,3,0,0,0,0
1260291,3,2021,2021,7,4,3,2261,17,30,2252,0,1,3,-34.518485,150.298404,78,1,0,1,0,0,0,0,1,0,7,110,2,4026,4026,8,29,40,1,0,0,0,0
1260296,3,2021,2021,3,2,8,2,6,106,34609,0,1,1,-33.669103,151.306782,50,0,2,1,3,0,0,0,2,0,7,50,0,489,489,8,0,40,1,0,0,0,0
1260317,3,2021,2021,0,5,4,109,27,56,174,0,1,1,-32.986108,151.516209,37,0,2,0,3,0,0,0,2,0,7,80,2,2585,4009,8,5,40,1,0,0,0,0
1260320,3,2021,2021,0,6,5,2126,17,140,2149,0,1,10,-33.78893,150.854357,7,0,2,1,3,0,0,0,2,3,7,80,2,217,217,1,5,35,3,0,0,0,0
1260325,3,2021,2021,3,0,3,4,27,8,34609,0,1,1,-32.872489,151.364122,17,2,1,0,0,0,0,0,2,0,7,80,0,3775,3775,0,34,13,2,0,0,0,0
1260327,3,2021,2021,0,1,11,348,17,8,232,0,1,1,-32.473501,149.506734,44,1,0,1,3,0,0,0,0,0,7,100,2,1089,1089,7,5,40,1,0,0,0,0
1260333,3,2021,2021,4,6,1,1104,14,223,962,0,1,3,-33.803688,150.902244,7,0,2,1,2,0,0,0,0,0,7,100,2,1282,1282,1,29,5,2,0,0,0,0
1260346,3,2021,2021,0,4,2,3371,17,18,3342,0,1,2,-30.907845,152.920379,34,1,0,0,3,0,3,4,0,0,7,110,2,273,957,5,3,40,1,0,0,0,0
1260355,3,2021,2021,4,5,8,163,27,63,165,0,1,9,-33.743098,150.798352,7,0,2,1,3,0,0,0,2,3,7,60,1,14295,14295,3,19,19,2,0,0,0,0
1260363,3,2021,2021,7,3,0,23,27,8,34609,0,1,1,-28.757575,153.389556,39,1,0,0,3,0,3,4,0,0,7,100,0,273,957,5,5,40,1,0,0,0,0
1260373,3,2021,2021,0,2,8,4,27,13,34609,0,1,1,-33.540414,149.876235,51,1,0,1,3,0,0,0,0,0,7,100,0,1089,1089,7,0,40,1,0,0,0,0
1260374,3,2021,2021,0,3,5,12,27,41,24,0,1,1,-32.832703,151.723583,57,2,1,1,3,0,0,0,2,0,7,80,2,14295,14295,3,0,5,3,0,0,0,0
1260375,3,2021,2021,0,0,3,63,17,112,34609,0,1,1,-33.451492,151.438501,16,2,2,1,3,0,0,0,2,0,7,50,0,9859,9859,1,0,12,2,0,0,0,0
1260376,3,2021,2021,0,1,3,225,17,76,180,0,1,9,-34.565172,150.411048,78,1,0,1,3,0,0,0,4,0,0,100,2,14295,14295,3,5,36,2,0,0,0,0
1260380,3,2021,2021,0,5,9,67,27,210,55,0,1,5,-34.029913,151.10568,68,0,2,1,3,0,0,0,2,2,7,60,2,14295,14295,3,5,0,3,0,0,0,0
1260381,3,2021,2021,0,1,6,2126,17,283,2149,0,1,10,-33.827598,151.004833,54,0,2,0,3,0,0,0,2,3,7,60,2,14295,14295,3,0,5,2,0,0,0,0
1260382,3,2021,2021,0,6,8,251,27,64,212,0,1,10,-33.76019,151.209219,50,0,2,0,3,0,0,0,3,2,9,70,2,1391,1391,1,5,5,2,0,0,0,0
1260383,3,2021,2021,0,6,3,85,27,72,145,0,1,9,-33.799075,151.053967,54,0,2,1,3,0,0,0,1,0,0,70,2,5929,5929,1,5,36,2,0,0,0,0
1260386,3,2021,2021,0,5,8,56,31,159,34609,0,1,1,-33.807409,151.082322,61,0,2,1,3,0,0,0,3,0,7,50,0,1391,1391,1,30,5,2,0,0,0,0
1260389,3,2021,2021,0,0,0,4,24,67,34609,0,1,1,-33.633723,150.8988,71,0,2,1,3,0,0,0,0,0,7,50,0,84,84,8,0,40,1,0,0,0,0
1260391,3,2021,2021,0,1,5,2126,17,363,2149,0,1,2,-33.750539,150.694874,55,0,2,0,3,0,0,0,2,0,7,50,2,1391,1391,1,8,5,2,0,0,0,0