Crash ID,Degree of crash - detailed,Reporting year,Year of crash,Month of crash,Day of week of crash,Two-hour intervals,Street of crash,Street type,Town,Route no.,School zone location,School zone active,Type of location,Latitude,Longitude,LGA,Urbanisation,Conurbation 1,Alignment,Street lighting,Road surface,Surface condition,Weather,Natural lighting,Signals operation,Other traffic control,Speed limit,Road classification,RUM - code,DCA - code,First impact type,Key TU type,Other TU type,No. of traffic units involved,No. killed,No. seriously injured,No. moderately injured,No. minor-other injured
1260393,3,2021,2021,0,1,11,2126,17,179,2149,0,1,10,-33.762106,150.734976,55,0,2,1,3,0,0,0,0,2,7,60,2,14295,14295,3,5,5,2,0,0,0,0
1260395,3,2021,2021,0,4,6,134,10,363,133,0,1,9,-33.81685,151.022125,54,0,2,1,3,0,0,0,2,0,0,70,2,5929,5929,1,5,0,2,0,0,0,0
1260396,3,2021,2021,0,5,9,128,27,26,133,0,1,2,-33.773549,150.669184,55,0,2,1,3,0,0,0,0,0,7,60,2,14295,14295,3,0,5,2,0,0,0,0
1260399,3,2021,2021,0,4,6,84,27,60,32,0,1,1,-33.824667,151.133819,51,0,2,1,1,0,0,0,2,0,7,60,1,9859,9859,1,10,0,2,0,0,0,0
1260401,3,2021,2021,0,4,5,90,31,54,165,0,1,2,-33.886466,151.218068,69,0,2,1,1,0,0,0,2,0,7,60,2,1945,1945,5,8,40,1,0,0,0,0
1260415,3,2021,2021,0,1,4,104,27,246,140,0,1,9,-33.921056,151.193476,69,0,2,1,0,0,0,0,2,0,0,60,2,2852,2852,4,30,5,2,0,0,0,0
1260422,3,2021,2021,0,4,11,3371,17,463,3342,0,1,2,-30.297525,153.112768,19,2,1,0,2,0,3,3,0,0,7,60,2,1957,4009,1,29,5,2,0,0,0,0
1260426,3,2021,2020,9,5,0,866,17,171,793,0,1,10,-33.811799,150.965384,21,0,2,1,2,0,0,0,0,2,7,70,2,4026,4026,8,5,40,1,0,0,0,0
1260429,3,2021,2021,0,4,8,12,31,133,34609,0,1,9,-33.928951,151.020538,15,0,2,1,3,0,0,0,2,0,0,50,0,2852,2852,4,21,13,2,0,0,0,0
1260432,3,2021,2021,0,4,9,2261,17,284,2252,0,1,2,-33.907059,151.019163,15,0,2,1,3,0,3,4,0,0,10,70,2,14295,14295,3,5,5,2,0,0,0,0
1260434,3,2021,2021,0,1,4,98,27,87,799,0,1,10,-33.928675,150.96228,41,0,2,1,3,0,0,0,2,2,7,70,2,515,515,1,8,0,2,0,0,0,0
1260435,3,2021,2021,0,4,8,1104,14,223,962,0,1,3,-33.805387,150.914866,7,0,2,1,3,0,0,0,3,0,7,100,2,14295,14295,3,5,36,3,0,0,0,0
1260439,3,2021,2021,0,4,9,79,31,56,18,0,1,10,-33.856496,151.178015,32,0,2,1,3,0,0,0,0,2,15,40,1,186,186,1,0,5,2,0,0,0,0
1260441,3,2021,2021,0,5,5,3,31,61,34609,0,1,10,-35.912025,150.06501,23,2,1,1,3,0,0,0,2,0,0,60,0,623,623,3,5,41,2,0,0,0,0
1260443,3,2021,2021,0,3,5,26,31,65,19,0,1,9,-33.804588,150.957876,21,0,2,1,3,0,0,0,2,2,7,50,1,5929,5929,1,5,5,2,0,0,0,0
1260444,3,2021,2021,0,2,6,13,27,443,34609,0,1,10,-33.911396,151.046844,15,0,2,1,3,0,0,0,2,0,15,50,0,6545,6545,4,0,5,2,0,0,0,0
1260445,3,2021,2021,0,2,6,57,27,337,47,0,1,2,-33.728822,150.995079,71,0,2,1,3,0,0,0,2,0,7,60,2,14295,14295,3,10,5,3,0,0,0,0
1260446,3,2021,2021,0,5,9,283,27,88,702,0,1,10,-33.983423,151.109296,25,0,2,1,3,0,0,0,0,2,7,70,2,14295,14295,3,9,5,3,0,0,0,0
1260447,3,2021,2021,0,5,5,24,27,5,34609,0,1,9,-33.97504,151.056061,25,0,2,0,3,0,0,0,2,0,7,50,0,4552,5151,8,5,40,1,0,0,0,0
1260450,3,2021,2021,3,5,6,24,1,145,52,0,1,1,-33.92428,151.15445,15,0,2,1,3,0,0,0,2,0,7,50,1,14295,14295,3,5,5,2,0,0,0,0
1260451,3,2021,2021,0,0,3,3,1,284,34609,0,1,9,-33.911636,151.028275,15,0,2,0,3,0,0,0,2,0,0,60,0,926,926,4,5,5,3,0,0,0,0
1260452,3,2021,2021,0,6,9,20,31,135,101,0,1,10,-32.897361,151.73651,48,0,2,1,3,0,0,0,0,2,7,50,2,14295,14295,3,0,5,2,0,0,0,0
1260455,3,2021,2021,7,2,8,19,31,163,34609,0,1,1,-33.847189,151.108247,14,0,2,1,1,0,3,4,2,0,7,50,0,4026,4026,1,0,5,3,0,0,0,0
1260456,3,2021,2021,0,6,8,481,17,155,483,0,1,10,-33.140776,148.171871,53,2,1,1,3,0,0,3,2,0,0,50,2,515,515,1,3,5,2,0,0,0,0
1260479,3,2021,2021,0,1,8,79,10,15,231,0,1,1,-33.45105,151.318898,16,2,2,1,3,0,0,0,3,0,7,50,2,96,96,0,5,5,2,0,0,0,0
1260484,3,2021,2021,0,5,4,21,27,112,34609,1,2,1,-33.697388,151.041275,31,0,2,1,3,0,0,0,2,0,7,40,0,941,941,1,5,5,2,0,0,0,0
1260494,3,2021,2021,7,1,6,3371,17,43,3342,0,1,10,-33.213716,151.512191,16,2,2,1,3,0,0,0,2,2,7,70,2,1391,1391,1,5,5,2,0,0,0,0
1260497,3,2021,2021,0,5,7,33,27,89,34609,0,1,1,-33.895223,151.230262,69,0,2,1,3,0,0,0,2,0,7,40,0,9859,9859,1,5,0,2,0,0,0,0
1260498,3,2021,2021,0,3,6,2,27,64,34609,0,1,1,-33.738122,150.749055,55,0,2,1,3,0,0,0,2,0,7,50,0,9859,9859,8,5,40,1,0,0,0,0
1260502,3,2021,2021,0,0,6,2261,17,140,2252,0,1,2,-33.892807,150.983999,15,0,2,1,3,0,0,0,2,0,7,70,2,14295,14295,3,30,5,2,0,0,0,0
1260504,3,2021,2021,0,2,11,5,10,5,34609,0,1,1,-35.214289,149.344698,58,2,1,1,3,0,0,0,0,0,7,80,0,1089,1089,7,0,40,1,0,0,0,0
1260505,3,2021,2021,0,2,7,13,27,135,34609,0,1,1,-33.637153,149.781069,51,2,1,0,3,0,0,0,2,0,7,80,0,1957,4009,8,0,40,1,0,0,0,0
1260511,3,2021,2021,0,6,5,3371,17,19,3342,0,1,2,-31.862429,152.600062,43,1,0,0,3,0,0,0,2,0,7,100,2,782,957,5,30,40,1,0,0,0,0
1260515,3,2021,2021,0,2,7,30,18,95,34609,0,1,9,-34.397563,150.892308,80,0,2,1,3,0,0,0,2,2,7,60,0,14295,14295,3,5,5,2,0,0,0,0
1260519,3,2021,2021,0,4,4,2261,17,443,2252,0,1,9,-33.896959,151.049694,15,0,2,1,3,0,0,0,2,2,7,70,2,217,217,1,5,5,2,0,0,0,0
1260521,3,2021,2021,0,0,5,10,31,387,64,0,1,10,-33.931314,151.184175,4,0,2,1,3,0,0,0,2,2,9,70,2,1669,1669,3,9,22,2,0,0,0,0
1260523,3,2021,2021,0,2,6,20,31,138,34609,0,1,1,-33.868882,151.277701,76,0,2,1,3,0,0,0,2,0,7,50,0,1259,985,1,5,0,2,0,0,0,0
1260526,3,2021,2021,0,4,5,7,31,562,34609,0,1,1,-32.24943,148.604261,22,2,1,1,3,0,0,0,2,0,7,50,0,9859,9859,1,5,7,3,0,0,0,0
1260530,3,2021,2021,3,5,5,9,31,31,34609,1,0,1,-33.893069,151.025392,15,0,2,1,2,0,0,0,2,0,9,50,0,9859,9859,1,5,5,2,0,0,0,0
1260531,3,2021,2021,0,6,10,9,1,169,34609,0,1,9,-33.762031,150.83429,7,0,2,1,3,0,0,0,0,0,7,50,0,1109,397,1,30,0,2,0,0,0,0
1260548,3,2021,2021,0,4,9,178,27,115,34609,0,1,7,-33.966971,151.049713,25,0,2,1,2,0,0,0,0,0,0,50,0,9859,9859,8,10,40,1,0,0,0,0
1260550,3,2021,2021,0,0,9,3371,17,9,3342,0,1,2,-32.351711,152.314251,43,1,0,1,0,0,3,0,3,0,7,110,2,1192,1192,1,33,13,2,0,0,0,0
1260552,3,2021,2021,7,6,10,82,27,84,181,0,1,9,-33.893512,151.261023,76,0,2,1,2,0,3,4,0,2,7,50,2,1383,1383,1,5,5,2,0,0,0,0
1260556,3,2021,2021,7,6,7,54,27,284,18,0,1,9,-33.898769,151.035141,15,0,2,1,1,0,0,0,2,0,7,60,1,1383,1383,1,0,5,2,0,0,0,0
1260561,3,2021,2021,0,5,7,4,22,168,34609,0,1,7,-33.718433,150.841021,7,0,2,1,2,0,3,0,2,0,7,60,0,6545,6545,4,33,0,2,0,0,0,0
1260565,3,2021,2021,0,2,10,28,31,137,54,0,1,9,-34.024588,151.055785,68,0,2,0,2,0,0,0,0,2,7,60,2,1957,4009,8,10,40,1,0,0,0,0
1260578,3,2021,2021,7,2,2,27,27,15,62,0,1,1,-30.234737,153.025926,19,2,1,0,0,0,0,0,1,0,7,80,1,1259,5151,8,10,40,1,0,0,0,0
1260582,3,2021,2021,0,3,10,1,27,1,34609,0,1,4,-35.423395,145.506612,51,1,0,0,0,2,0,0,0,0,7,100,0,4552,5151,8,10,40,1,0,0,0,0
1260597,3,2021,2021,7,2,8,11,31,609,34609,0,1,1,-33.756161,150.914397,7,0,2,1,1,0,0,0,2,0,7,50,0,9859,9859,1,29,5,2,0,0,0,0
1260599,3,2021,2021,7,2,9,34,31,56,34609,0,1,7,-31.095078,152.837127,34,2,1,1,2,0,3,4,0,0,0,50,0,4026,4026,8,9,40,1,0,0,0,0
1260628,3,2021,2021,0,3,5,344,27,42,163,0,1,2,-33.736146,150.852357,7,0,2,1,3,0,0,0,2,0,7,70,2,14295,14295,3,5,36,2,0,0,0,0
1260629,3,2021,2021,0,3,9,85,10,125,702,0,1,2,-33.85502,151.075024,67,0,2,1,3,0,0,0,3,0,7,80,2,1945,1945,5,16,40,1,0,0,0,0
1260631,3,2021,2021,0,5,8,55,27,151,160,0,1,2,-34.037994,150.844304,13,0,2,0,3,0,0,0,0,0,7,60,2,14295,14295,3,30,5,2,0,0,0,0
1260635,3,2021,2021,0,6,5,128,27,61,133,0,1,1,-33.845936,150.652966,55,0,2,1,3,0,0,0,2,0,7,60,2,623,623,3,30,0,2,0,0,0,0
1260637,3,2021,2021,7,6,6,10,27,120,34609,0,1,9,-32.196157,152.535975,43,2,1,0,3,0,0,0,2,0,7,50,0,1957,4009,1,0,0,2,0,0,0,0
1260638,3,2021,2021,0,4,0,9,1,48,34609,0,1,1,-32.717124,152.159817,57,2,1,1,3,0,0,0,0,0,7,50,0,9859,9859,1,5,5,2,0,0,0,0
1260642,3,2021,2021,0,6,8,74,27,36,260,0,1,2,-32.963687,151.609092,37,0,2,0,3,0,0,0,3,0,7,80,2,14295,14295,3,5,5,2,0,0,0,0
1260646,3,2021,2021,7,4,7,48,10,463,32,0,1,1,-30.299286,153.126868,19,2,1,1,1,0,0,3,2,0,7,60,1,1109,787,1,30,13,2,0,0,0,0
1260653,3,2021,2021,7,3,8,80,31,176,34609,0,1,1,-33.951325,151.132986,4,0,2,1,0,0,3,4,2,0,7,50,0,9859,9859,1,5,5,2,0,0,0,0
1260654,3,2021,2021,0,4,1,3,4,44,34609,0,1,1,-33.798008,150.87775,7,0,2,1,1,0,0,0,0,0,7,50,0,1282,1282,1,33,0,2,0,0,0,0
1260657,3,2021,2021,0,3,1,9,27,18,34609,0,1,1,-28.793893,153.516379,2,2,1,0,0,0,0,0,0,0,7,80,0,1850,1463,5,10,40,1,0,0,0,0
1260659,3,2021,2021,7,3,0,77,31,445,563,0,1,10,-33.884727,151.039953,21,0,2,1,2,0,0,0,0,2,7,80,2,1259,985,8,5,40,1,0,0,0,0
1260660,3,2021,2021,0,5,7,2,31,41,34609,0,1,10,-35.130217,147.358997,75,2,1,1,1,0,0,0,2,0,0,50,0,6545,6545,4,5,5,2,0,0,0,0
1260679,3,2021,2021,0,1,7,109,27,38,169,0,1,9,-32.814129,151.45399,17,2,1,0,1,0,0,0,2,0,0,60,2,3775,3775,0,10,0,2,0,0,0,0
1260680,3,2021,2021,0,6,0,76,27,85,148,0,1,1,-32.934382,151.726748,48,0,2,1,2,0,3,0,0,0,7,60,1,4026,4026,8,0,40,1,0,0,0,0
1260692,3,2021,2021,7,3,8,32,31,201,34609,1,0,10,-34.879893,150.59702,63,2,1,1,1,0,0,0,2,0,15,50,0,6545,6545,4,0,5,2,0,0,0,0
1260693,3,2021,2021,7,4,10,7,27,28,34609,1,0,1,-33.91075,150.882267,41,0,2,1,2,0,0,0,0,0,7,50,0,9859,9859,1,10,36,2,0,0,0,0
1260712,3,2021,2021,7,0,9,27,1,134,34609,0,1,1,-33.52079,151.321059,16,2,2,1,2,0,0,3,3,0,7,50,0,9859,9859,1,0,0,2,0,0,0,0
1260718,3,2021,2021,0,6,3,1104,14,39,962,0,1,3,-33.783014,150.759358,55,0,2,1,1,0,0,0,1,0,7,110,2,1383,1383,1,3,5,2,0,0,0,0
1260732,3,2021,2021,0,6,8,91,27,119,187,0,1,2,-33.871533,151.172207,32,0,2,1,3,0,0,0,2,0,7,70,2,1391,1391,1,5,5,2,0,0,0,0
1260733,3,2021,2021,0,1,4,9,1,290,34609,0,1,10,-33.857922,150.990936,21,0,2,1,3,0,0,0,2,0,15,50,0,1957,777,1,19,13,2,0,0,0,0
1260735,3,2021,2020,9,0,7,30,27,182,34609,1,2,1,-32.827958,151.368649,17,2,1,0,3,0,0,0,2,0,7,40,0,248,248,1,10,5,2,0,0,0,0
1260737,3,2021,2021,0,6,5,361,23,193,34609,0,1,1,-33.789917,151.082777,61,0,2,1,3,0,0,0,2,0,7,50,0,9859,9859,1,5,36,2,0,0,0,0
1260740,3,2021,2021,0,6,9,2209,17,106,2205,0,1,2,-34.559035,150.794102,62,0,2,1,3,0,0,0,0,0,7,70,2,14295,14295,3,5,0,2,0,0,0,0
1260741,3,2021,2021,0,3,0,9,31,140,34609,0,1,1,-33.895535,150.998825,15,0,2,1,3,0,0,0,0,0,7,50,0,4552,985,1,5,0,2,0,0,0,0
1260743,3,2021,2021,7,5,7,829,31,60,34609,0,1,1,-33.757851,150.737874,55,0,2,0,3,0,3,4,2,0,7,50,0,1957,4009,8,10,40,1,0,0,0,0
1260747,3,2021,2021,0,3,11,1,36,85,34609,0,1,1,-33.796406,150.69008,55,0,2,1,3,0,0,0,0,0,7,50,0,9859,9859,8,5,40,1,0,0,0,0
1260752,3,2021,2021,0,1,5,3371,17,3,3342,0,1,2,-31.910212,152.514681,43,1,0,0,3,0,3,4,2,0,7,110,2,2585,4009,8,10,40,1,0,0,0,0
1260754,3,2021,2021,7,2,4,3371,17,38,3342,0,1,2,-30.246893,153.140185,19,2,1,0,3,0,3,4,2,0,7,80,2,1957,4009,8,5,40,1,0,0,0,0
1260755,3,2021,2021,7,3,10,90,31,169,165,0,1,2,-33.901273,151.215039,69,0,2,1,3,0,0,0,0,0,0,60,2,14295,14295,3,19,5,2,0,0,0,0
1260756,3,2021,2021,0,0,6,2209,17,34,2205,0,1,1,-37.073457,149.889331,5,2,1,0,3,0,0,0,2,0,7,80,2,1957,4009,8,10,40,1,0,0,0,0
1260758,3,2021,2021,0,5,3,42,27,67,231,0,1,9,-33.402195,151.342878,16,2,2,0,3,0,0,0,1,0,15,50,2,5929,5929,1,0,0,2,0,0,0,0
1260760,3,2021,2021,0,1,3,8,27,5,34609,1,0,1,-28.505269,153.481398,10,2,1,0,3,0,0,0,2,0,7,80,0,1957,4009,8,5,40,1,0,0,0,0
1260762,3,2021,2021,7,2,7,2,31,243,34609,0,1,1,-33.950883,150.890092,41,0,2,1,3,0,0,0,2,0,7,50,0,175,188,8,21,40,1,0,0,0,0
1260765,3,2021,2021,0,4,3,2126,17,166,2149,0,1,9,-33.417612,149.58517,3,2,1,1,3,0,3,1,2,2,7,60,2,14295,14295,3,5,13,3,0,0,0,0
1260768,3,2021,2021,0,6,7,193,1,24,34609,0,1,1,-33.706864,151.107541,31,0,2,1,3,0,0,0,2,0,7,50,0,1981,1981,4,0,5,2,0,0,0,0
1260775,3,2021,2021,0,5,4,82,31,370,49,0,1,2,-34.067418,150.820233,13,0,2,1,3,0,0,0,2,0,7,60,1,9859,9859,8,5,40,2,0,0,0,0
1260778,3,2021,2021,7,6,5,515,14,271,518,0,1,3,-33.941282,151.003134,15,0,2,1,3,0,0,0,2,0,7,100,2,14295,14295,3,5,13,3,0,0,0,0
1260779,3,2021,2021,0,2,9,59,27,9,69,0,1,1,-33.928207,149.756563,51,1,0,1,3,0,0,1,0,0,7,100,1,1089,1089,7,5,40,1,0,0,0,0
1260780,3,2021,2021,7,4,3,126,27,30,168,0,1,2,-34.048127,150.762034,12,0,2,1,3,0,3,1,1,0,7,80,2,1391,1391,1,0,13,3,0,0,0,0
1260781,3,2021,2021,0,0,11,230,27,80,284,0,1,10,-33.810726,151.163562,38,0,2,1,3,0,0,0,0,2,7,60,2,14295,14295,3,5,5,2,0,0,0,0
1260799,3,2021,2021,0,2,8,1104,14,142,962,0,1,3,-33.827421,150.995132,54,0,2,1,2,0,0,0,0,0,7,90,2,14295,14295,3,0,12,2,0,0,0,0
1260802,3,2021,2021,0,2,7,90,36,13,102,0,1,9,-34.283613,146.118575,28,1,0,1,0,0,0,0,2,0,7,100,2,1109,787,1,5,5,2,0,0,0,0
1260811,3,2021,2021,0,4,10,255,27,25,117,0,1,7,-32.896491,151.694509,48,0,2,0,2,0,0,0,0,0,7,60,2,4552,5151,8,5,40,1,0,0,0,0
1260812,3,2021,2021,0,3,10,27,27,171,35,0,1,1,-33.802982,150.971702,54,0,2,1,2,0,0,0,0,0,7,50,1,9859,9859,8,5,40,1,0,0,0,0
1260839,3,2021,2021,3,0,9,162,31,363,34609,0,1,1,-33.819522,150.996335,54,0,2,1,1,0,0,0,2,0,7,50,0,3775,3775,0,0,5,2,0,0,0,0
1260853,3,2021,2021,0,0,6,103,27,149,167,0,1,10,-33.986697,151.135408,25,0,2,1,0,0,0,0,2,0,0,60,2,6545,6545,4,5,12,2,0,0,0,0
1260870,3,2021,2021,0,6,8,27,27,290,34609,0,1,9,-33.853703,150.984619,21,0,2,1,2,0,0,0,3,0,0,50,0,1282,1282,1,5,40,2,0,0,0,0
1260874,3,2021,2021,0,0,10,1,31,55,34609,0,1,1,-33.785279,150.877184,7,0,2,1,2,0,0,0,0,0,7,50,0,1282,1282,1,33,5,2,0,0,0,0
1260887,3,2021,2021,0,0,9,18,1,293,34609,0,1,1,-33.946252,151.241737,59,0,2,0,2,0,0,0,0,0,7,50,0,1957,4009,1,5,5,4,0,0,0,0
1260905,3,2021,2021,4,2,11,95,31,75,34609,0,1,1,-33.876747,151.118547,9,0,2,1,0,0,0,0,0,0,7,50,0,9859,9859,1,10,5,3,0,0,0,0
1260922,3,2021,2021,0,6,8,3371,17,32,3342,0,1,2,-32.385321,152.260677,43,1,0,1,3,0,0,3,3,0,7,110,2,4026,4026,8,0,40,1,0,0,0,0
1260928,3,2021,2021,0,3,6,34,27,4,39,0,1,1,-35.536732,149.659269,58,1,0,1,3,0,0,0,2,0,7,100,1,1945,1945,5,10,40,1,0,0,0,0
1260933,3,2021,2021,0,6,8,12,27,9,34609,0,1,1,-29.473396,153.223846,18,2,1,1,3,0,0,0,2,0,7,80,0,9859,9859,8,0,40,1,0,0,0,0
1260935,3,2021,2021,0,6,4,13,27,189,34609,0,1,10,-33.951462,151.060471,25,0,2,1,3,0,0,0,2,0,0,50,0,6545,6545,4,0,13,2,0,0,0,0
1260937,3,2021,2021,0,5,3,9,10,323,25,0,1,2,-33.811705,150.822675,7,0,2,1,3,0,0,0,1,0,7,80,2,204,204,1,5,5,2,0,0,0,0
1260939,3,2021,2021,0,0,8,123,36,16,90,0,1,1,-31.445344,151.619108,51,1,0,1,3,0,0,0,2,0,7,100,1,9859,9859,8,0,40,1,0,0,0,0
1260940,3,2021,2021,0,6,11,5,27,3,34609,0,1,1,-29.462467,153.264604,18,2,1,1,3,0,0,0,0,0,7,80,0,4026,4026,8,10,40,1,0,0,0,0
1260953,3,2021,2021,7,2,7,232,36,60,331,0,1,10,-34.029843,150.752659,12,0,2,1,0,0,0,0,2,3,7,80,2,14295,14295,3,5,5,2,0,0,0,0
1260966,3,2021,2021,0,0,9,3371,17,53,3342,0,1,9,-33.683455,151.11071,31,0,2,1,3,0,0,0,3,0,0,60,2,14295,14295,3,5,5,2,0,0,0,0
1260977,3,2021,2021,0,2,7,153,27,188,147,1,0,1,-33.949097,151.105789,4,0,2,1,3,0,0,0,2,0,7,60,2,14295,14295,3,0,5,3,0,0,0,0
1260978,3,2021,2021,0,0,8,30,27,646,34609,0,1,1,-33.932703,151.027329,15,0,2,1,3,0,0,0,3,0,7,50,0,144,144,1,0,0,2,0,0,0,0
1260979,3,2021,2021,0,2,6,866,17,171,793,0,1,10,-33.807257,150.969318,21,0,2,1,3,0,0,0,2,2,7,70,2,14295,14295,3,5,5,3,0,0,0,0
1260981,3,2021,2021,0,3,8,1104,14,283,962,0,1,3,-33.826989,151.004756,54,0,2,1,3,0,0,0,3,0,7,90,2,1391,1391,1,5,5,3,0,0,0,0
1260983,3,2021,2021,0,4,9,1104,14,142,962,0,1,3,-33.827931,150.99856,54,0,2,0,3,0,0,0,3,0,7,90,2,14295,14295,3,0,0,5,0,0,0,0
1260984,3,2021,2021,0,4,7,194,31,24,103,0,1,10,-32.01267,151.958081,43,2,1,1,3,0,0,0,2,0,0,60,1,6545,6545,4,0,13,2,0,0,0,0
1260987,3,2021,2021,0,1,4,9,27,45,34609,0,1,1,-33.81768,150.797324,55,0,2,1,3,0,0,0,2,0,7,50,0,1109,787,1,30,12,2,0,0,0,0
1260988,3,2021,2021,0,6,10,3371,17,21,3342,0,1,2,-31.978468,152.468643,43,1,0,0,3,0,3,4,0,0,7,110,2,1957,4009,8,29,40,1,0,0,0,0
1260989,3,2021,2021,0,5,8,98,27,128,382,0,1,1,-33.636833,150.781569,29,2,2,1,3,0,0,6,0,0,7,80,2,14295,14295,3,10,5,2,0,0,0,0
1260990,3,2021,2021,0,5,4,234,27,7,217,0,1,1,-33.63865,151.022184,71,0,2,1,3,0,0,0,2,0,7,80,2,623,623,3,9,13,2,0,0,0,0
1260995,3,2021,2021,0,0,3,1,27,1,34609,0,1,1,-31.267928,152.719231,56,1,0,1,3,2,0,0,4,0,7,100,0,1981,1981,4,5,0,2,0,0,0,0
1260996,3,2021,2021,0,2,10,5,31,234,61,0,1,7,-34.286581,146.05605,28,2,1,1,3,0,0,0,0,0,0,50,1,6545,6545,4,5,0,2,0,0,0,0
1260997,3,2021,2021,0,6,11,33,18,9,8,0,1,1,-28.78743,153.537424,2,2,1,0,0,0,0,0,0,0,7,60,1,4552,5151,8,5,40,1,0,0,0,0
1261042,3,2021,2021,4,5,4,1,27,55,34609,0,1,1,-33.882442,151.272221,76,0,2,1,0,0,0,0,2,0,7,50,0,9859,9859,1,9,5,2,0,0,0,0
1261043,3,2021,2021,7,4,3,916,17,194,917,0,1,1,-30.451493,151.678461,1,1,0,1,0,0,0,0,1,0,7,100,2,4026,4026,8,21,40,1,0,0,0,0
1261073,3,2021,2021,4,4,1,255,27,62,172,0,1,9,-32.923722,151.622044,37,0,2,0,2,0,0,0,0,2,7,60,2,4552,985,8,5,40,1,0,0,0,0
1261087,3,2021,2020,2,5,0,3371,17,19,3342,0,1,2,-31.880138,152.553491,43,1,0,0,3,0,3,4,0,0,7,100,2,204,204,1,3,2,2,0,0,0,0
1261099,3,2021,2021,4,4,10,39,31,293,34609,0,1,9,-33.925354,151.059586,15,0,2,1,2,0,3,4,0,0,0,50,0,1669,1669,3,10,5,2,0,0,0,0
1261102,3,2021,2021,3,6,4,1,27,151,34609,0,1,2,-34.037261,150.831315,13,0,2,1,0,0,0,0,2,0,16,50,0,9859,9859,1,5,0,2,0,0,0,0
1261114,3,2021,2021,4,0,8,280,10,237,240,0,1,1,-33.868385,150.958972,24,0,2,1,0,0,0,0,2,0,7,60,2,9859,9859,8,5,40,1,0,0,0,0
1261120,3,2021,2021,0,6,0,11,31,120,81,0,1,9,-32.180337,152.517055,43,2,1,0,2,0,0,0,0,0,0,50,2,418,714,5,5,40,1,0,0,0,0
1261125,3,2021,2021,7,1,9,6,27,8,34609,0,1,1,-35.81876,147.012245,27,1,0,0,0,0,3,4,2,0,7,100,0,3775,3775,0,0,12,2,0,0,0,0
1261128,3,2021,2021,0,6,11,22,31,10,34609,0,1,1,-33.447601,151.342152,16,2,2,1,2,0,0,0,0,0,7,50,0,4026,4026,1,0,0,2,0,0,0,0
1261129,3,2021,2021,0,3,7,213,17,6,213,0,1,1,-29.711672,151.824053,51,1,0,1,0,0,0,0,2,0,7,100,2,1945,1945,5,0,40,1,0,0,0,0
1261134,3,2021,2021,0,4,3,10,27,87,34609,0,1,1,-34.478134,150.416305,78,2,1,1,0,0,0,1,2,0,7,50,0,9859,9859,1,33,0,2,0,0,0,0
1261138,3,2021,2021,7,2,10,30,27,32,39,0,1,1,-35.397905,149.384562,58,1,0,0,0,0,3,1,0,0,7,90,1,1957,4009,8,0,40,1,0,0,0,0
1261141,3,2021,2021,7,5,1,46,1,66,34609,1,0,9,-34.48997,150.912387,80,0,2,1,2,0,3,4,0,0,7,60,0,475,475,5,5,40,1,0,0,0,0
1261148,3,2021,2021,0,6,4,48,31,523,34609,0,1,9,-33.927788,150.920456,41,0,2,1,3,0,0,0,2,0,7,50,0,256,256,4,5,5,2,0,0,0,0
1261150,3,2021,2021,0,2,5,916,17,172,917,0,1,2,-32.74527,151.580206,42,2,1,1,3,0,0,0,2,0,7,60,2,14295,14295,3,5,0,3,0,0,0,0
1261151,3,2021,2021,0,0,5,17,31,201,34609,0,1,10,-34.874328,150.600629,63,2,1,1,3,0,0,0,2,2,7,50,0,5929,5929,1,5,19,2,0,0,0,0
1261155,3,2021,2021,0,5,10,2261,17,68,2252,0,1,2,-34.809479,148.8978,82,1,0,0,3,0,0,0,0,0,7,110,2,2585,4009,8,3,40,1,0,0,0,0
1261156,3,2021,2021,0,0,7,76,24,164,154,0,1,10,-33.728117,150.880988,7,0,2,1,3,0,0,0,2,2,7,70,1,6545,6545,4,5,41,2,0,0,0,0
1261157,3,2021,2021,0,2,8,1104,11,532,770,0,1,6,-33.873956,151.202424,69,0,2,1,3,0,0,0,3,0,7,80,2,14295,14295,3,8,5,3,0,0,0,0
1261160,3,2021,2021,0,1,8,829,27,363,770,0,1,2,-33.808818,151.014415,54,0,2,1,3,0,0,0,2,0,7,60,2,14295,14295,3,5,13,2,0,0,0,0
1261162,3,2021,2021,7,2,1,95,31,12,56,0,1,10,-34.149149,147.387363,51,2,1,1,3,0,0,0,0,0,7,50,2,84,84,8,5,40,1,0,0,0,0
1261164,3,2021,2021,0,3,8,7,27,219,34609,0,1,10,-32.891268,151.668051,48,0,2,1,3,0,0,0,2,2,7,60,0,14295,14295,3,5,36,2,0,0,0,0
1261165,3,2021,2021,0,0,7,485,27,50,769,0,1,2,-33.634817,150.845507,29,2,2,0,3,0,0,0,2,0,7,80,2,14295,14295,3,5,10,2,0,0,0,0
1261166,3,2021,2021,0,6,9,2,27,12,34609,0,1,1,-33.979745,151.239455,59,0,2,1,3,0,0,0,0,0,7,50,0,175,188,1,10,5,2,0,0,0,0
1261167,3,2021,2021,0,5,6,2209,17,176,2205,0,1,10,-33.957114,151.137865,4,0,2,1,3,0,0,0,2,2,9,60,2,5929,5929,1,0,36,2,0,0,0,0
1261183,3,2021,2021,4,0,6,31,27,20,46,0,1,1,-33.47156,150.183877,40,2,1,0,0,0,0,3,2,0,7,60,2,4552,5151,8,29,40,1,0,0,0,0
1261189,3,2021,2021,0,5,9,251,27,29,212,0,1,9,-33.755187,151.2736,50,0,2,1,2,0,0,0,3,2,7,60,2,5929,5929,1,5,40,2,0,0,0,0