Crash ID,Degree of crash - detailed,Reporting year,Year of crash,Month of crash,Day of week of crash,Two-hour intervals,Street of crash,Street type,Town,Route no.,School zone location,School zone active,Type of location,Latitude,Longitude,LGA,Urbanisation,Conurbation 1,Alignment,Street lighting,Road surface,Surface condition,Weather,Natural lighting,Signals operation,Other traffic control,Speed limit,Road classification,RUM - code,DCA - code,First impact type,Key TU type,Other TU type,No. of traffic units involved,No. killed,No. seriously injured,No. moderately injured,No. minor-other injured
1261190,3,2021,2021,0,3,0,12,31,204,5,0,1,7,-33.889614,150.943137,24,0,2,0,2,0,0,0,0,0,0,50,1,4552,5151,8,5,40,1,0,0,0,0
1261191,3,2021,2021,7,6,11,18,24,66,34609,0,1,2,-33.717787,150.919672,7,0,2,1,2,0,3,4,0,0,7,60,0,14295,14295,3,5,5,3,0,0,0,0
1261192,3,2021,2021,0,4,11,361,23,44,165,0,1,10,-33.970115,151.115871,25,0,2,1,2,0,0,0,0,2,7,60,1,5929,5929,1,33,5,2,0,0,0,0
1261203,3,2021,2021,0,4,10,27,31,80,34609,0,1,1,-33.972977,150.898619,13,0,2,1,3,0,3,4,0,0,7,50,0,9859,9859,8,5,40,1,0,0,0,0
1261204,3,2021,2021,0,2,4,500,27,198,799,0,1,9,-33.916458,151.108696,15,0,2,1,3,0,0,0,2,0,0,60,2,941,941,1,0,0,2,0,0,0,0
1261207,3,2021,2021,0,1,0,1,31,165,34609,0,1,1,-32.270935,150.883309,46,2,1,1,2,0,0,0,0,0,7,50,0,4026,4026,1,34,25,2,0,0,0,0
1261213,3,2021,2021,0,0,7,45,1,294,26,0,1,9,-33.937067,150.925751,41,0,2,1,3,0,0,0,2,0,0,60,2,2852,2852,4,34,0,2,0,0,0,0
1261217,3,2021,2021,0,2,3,1,31,30,34609,0,1,1,-34.203548,150.578612,79,2,2,1,3,0,0,0,2,0,7,80,0,9859,9859,1,10,10,2,0,0,0,0
1261218,3,2021,2021,0,6,9,154,27,145,244,0,1,2,-33.915939,151.067132,15,0,2,1,3,0,0,0,0,0,7,60,2,14295,14295,3,5,13,3,0,0,0,0
1261219,3,2021,2021,0,0,5,84,10,7,80,0,1,1,-34.286823,150.948225,80,0,2,1,3,0,0,0,2,0,7,50,2,9859,9859,8,5,40,1,0,0,0,0
1261223,3,2021,2021,0,5,3,133,31,70,97,0,1,9,-33.914822,150.992661,15,0,2,1,3,0,0,0,2,0,7,60,1,2852,2852,4,5,5,2,0,0,0,0
1261225,3,2021,2021,0,2,9,1104,14,323,962,0,1,3,-33.799997,150.863813,7,0,2,1,3,0,0,0,0,0,7,100,2,14295,14295,3,10,5,3,0,0,0,0
1261226,3,2021,2021,0,0,4,18,27,50,34609,0,1,1,-33.644834,150.861682,29,2,2,1,3,0,0,0,2,0,7,60,0,14295,14295,3,0,0,3,0,0,0,0
1261229,3,2021,2021,0,4,3,126,27,74,168,0,1,2,-34.055169,150.776028,12,0,2,0,3,0,0,0,2,0,7,80,2,1391,1391,1,5,5,3,0,0,0,0
1261230,3,2021,2021,0,2,5,1,1,98,34609,0,1,1,-33.759488,151.05087,54,0,2,0,3,0,0,0,2,0,7,50,0,4552,5151,1,0,13,2,0,0,0,0
1261231,3,2021,2021,0,3,6,2261,17,93,2252,0,1,2,-36.090467,146.924152,0,1,0,1,3,0,0,0,2,0,7,110,2,204,204,1,10,5,2,0,0,0,0
1261232,3,2021,2021,0,3,5,2,36,74,34609,0,1,7,-33.74588,150.827969,7,0,2,1,3,0,0,0,2,0,0,50,0,301,301,4,10,0,2,0,0,0,0
1261233,3,2021,2021,0,1,0,89,36,9,19,0,1,1,-28.407711,152.597194,51,1,0,1,3,0,3,1,0,0,7,100,1,945,945,5,0,40,1,0,0,0,0
1261236,3,2021,2021,0,4,3,191,27,309,208,0,1,9,-33.815436,151.108344,61,0,2,1,3,0,0,0,2,0,7,60,2,5929,5929,1,5,5,2,0,0,0,0
1261237,3,2021,2021,0,5,4,8,27,11,34609,0,1,1,-28.569848,153.457959,10,1,0,0,3,0,0,0,2,0,7,100,0,1957,4009,8,0,40,1,0,0,0,0
1261238,3,2021,2021,0,1,5,8,31,207,34609,0,1,10,-31.957535,141.468238,51,2,1,1,3,0,0,0,2,0,7,40,0,941,941,1,10,36,2,0,0,0,0
1261241,3,2021,2021,0,5,4,280,10,314,82,0,1,1,-33.850716,150.921414,24,0,2,1,3,0,0,0,2,0,7,60,1,1981,1981,4,10,5,2,0,0,0,0
1261243,3,2021,2021,0,0,9,2209,17,70,2205,0,1,2,-34.847483,150.595626,63,2,1,1,3,0,0,0,0,0,7,70,2,9859,9859,1,3,25,2,0,0,0,0
1261244,3,2021,2021,0,1,4,2261,17,23,2252,0,1,2,-34.794624,148.695603,82,1,0,0,3,0,0,0,2,0,7,110,2,2585,4009,8,5,40,1,0,0,0,0
1261247,3,2021,2021,0,4,4,485,27,154,769,0,1,9,-33.718077,150.962518,71,0,2,1,3,0,0,0,2,0,2,60,2,775,775,4,5,0,2,0,0,0,0
1261248,3,2021,2021,0,2,4,481,17,562,483,0,1,10,-32.243134,148.604598,22,2,1,1,3,0,0,0,2,0,0,50,2,186,186,1,10,5,2,0,0,0,0
1261249,3,2021,2021,0,4,6,2,4,86,34609,0,1,9,-33.732204,151.222171,50,0,2,1,3,0,0,0,2,0,7,50,0,237,162,8,5,40,1,0,0,0,0
1261270,3,2021,2021,0,3,1,20,31,204,13,0,1,9,-33.894869,151.119095,32,0,2,0,2,0,0,0,0,0,7,50,1,1957,4009,1,5,5,2,0,0,0,0
1261271,3,2021,2021,0,4,7,13,27,273,34609,0,1,1,-34.421044,150.883012,80,0,2,1,1,0,0,0,2,0,7,50,0,1981,1981,4,0,0,4,0,0,0,0
1261274,3,2021,2021,7,5,4,344,27,136,34609,0,1,1,-33.86638,151.064343,67,0,2,1,1,0,0,0,2,0,7,50,0,4552,5151,1,29,5,2,0,0,0,0
1261275,3,2021,2021,0,6,2,60,27,19,34609,0,1,1,-32.906678,151.755415,48,0,2,1,2,0,0,0,0,0,7,50,0,9859,9859,1,5,5,4,0,0,0,0
1261283,3,2021,2021,0,4,9,133,23,463,34609,0,1,9,-30.287916,153.138203,19,2,1,1,2,0,0,0,0,0,15,50,0,775,775,4,5,5,2,0,0,0,0
1261289,3,2021,2021,3,0,6,3371,17,25,3342,0,1,9,-32.873962,151.712202,48,0,2,1,1,0,0,0,2,0,7,80,2,5929,5929,1,5,5,2,0,0,0,0
1261293,3,2021,2021,0,3,9,51,27,95,45,0,1,7,-33.743651,150.828421,7,0,2,1,3,0,3,0,0,0,0,60,1,623,623,3,10,5,2,0,0,0,0
1261294,3,2021,2021,0,2,10,14,31,283,34609,0,1,1,-33.840356,151.003061,21,0,2,1,3,0,0,0,0,0,7,50,0,9859,9859,1,5,5,4,0,0,0,0
1261295,3,2021,2021,0,4,6,2126,17,438,2149,0,1,9,-33.844251,151.041043,21,0,2,1,3,0,0,0,2,0,7,60,2,4026,4026,8,5,40,1,0,0,0,0
1261296,3,2021,2021,0,0,6,78,31,56,34609,0,1,1,-31.091878,152.821962,34,2,1,1,3,0,0,0,2,0,7,50,0,1282,1282,1,16,5,2,0,0,0,0
1261297,3,2021,2021,0,3,3,149,36,13,113,0,1,1,-32.384157,152.396938,43,2,1,1,3,0,0,0,2,0,7,80,1,945,945,5,5,40,1,0,0,0,0
1261298,3,2021,2021,0,5,10,220,27,92,222,0,1,9,-33.755306,150.953617,71,0,2,1,3,0,0,0,0,2,7,80,2,14295,14295,3,5,5,2,0,0,0,0
1261303,3,2021,2021,0,5,3,9,10,79,34609,0,1,1,-34.005486,150.72675,12,0,2,1,3,0,0,3,2,0,7,50,0,14295,14295,3,19,0,2,0,0,0,0
1261304,3,2021,2021,0,0,5,348,27,23,88,0,1,2,-33.728745,150.694775,55,0,2,1,3,0,0,0,2,0,7,60,2,1391,1391,1,10,36,2,0,0,0,0
1261305,3,2021,2021,0,3,5,120,36,10,148,0,1,1,-30.49215,152.197958,1,1,0,0,3,0,0,0,2,0,7,100,2,2585,4009,8,5,40,1,0,0,0,0
1261306,3,2021,2020,2,0,7,112,27,243,256,0,1,1,-33.965648,150.876664,41,0,2,1,3,0,0,0,2,0,7,80,2,14295,14295,3,5,5,2,0,0,0,0
1261307,3,2021,2021,0,2,1,2261,17,11,2252,0,1,2,-35.845067,147.195967,27,1,0,0,3,0,0,0,0,0,7,110,2,2585,4009,8,8,40,1,0,0,0,0
1261309,3,2021,2021,0,3,5,111,27,57,233,1,0,10,-33.946795,151.228253,4,0,2,1,3,0,0,0,2,2,7,60,2,6545,6545,4,5,36,2,0,0,0,0
1261311,3,2021,2021,0,3,6,1,27,12,34609,0,1,1,-34.17599,146.175533,28,1,0,0,3,2,0,0,2,0,7,100,0,2585,4009,8,5,40,1,0,0,0,0
1261312,3,2021,2021,0,3,5,92,27,55,36,0,1,9,-35.714449,150.187766,23,2,1,0,3,0,0,0,2,0,7,60,1,3775,3775,0,30,5,2,0,0,0,0
1261315,3,2021,2021,0,1,4,163,27,95,165,0,1,9,-33.733849,150.834225,7,0,2,1,3,0,0,0,2,0,7,60,2,2852,2852,4,0,5,2,0,0,0,0
1261317,3,2021,2021,0,2,1,38,27,8,35,0,1,1,-34.630088,150.77428,35,2,1,0,3,0,0,0,0,0,7,80,1,4552,5151,8,5,40,1,0,0,0,0
1261318,3,2021,2021,0,0,4,220,14,40,220,0,1,7,-34.408625,150.882464,80,0,2,1,3,0,0,0,2,0,0,50,2,6545,6545,4,0,5,2,0,0,0,0
1261321,3,2021,2021,0,4,8,1,10,8,34609,0,1,9,-32.792169,151.514369,17,2,1,1,1,0,0,0,2,0,7,50,0,9859,9859,1,0,6,2,0,0,0,0
1261322,3,2021,2021,0,1,10,69,31,646,563,0,1,9,-33.916468,151.041251,15,0,2,1,3,0,0,0,0,2,7,60,2,5929,5929,1,5,36,2,0,0,0,0
1261323,3,2021,2021,0,2,6,3,1,115,34609,0,1,7,-33.743032,151.201479,50,0,2,1,1,0,0,0,2,0,0,50,0,6545,6545,4,5,5,2,0,0,0,0
1261325,3,2021,2021,7,2,9,171,31,128,34609,1,0,10,-33.617732,150.805485,29,2,2,1,1,0,0,0,3,0,0,50,0,6545,6545,4,5,12,2,0,0,0,0
1261327,3,2021,2021,0,5,10,204,31,228,34609,0,1,7,-34.748486,149.720463,26,2,1,1,3,0,3,3,0,0,0,50,0,9859,9859,8,5,40,1,0,0,0,0
1261328,3,2021,2021,0,4,10,11,31,54,34609,1,0,9,-33.085239,151.634966,37,0,2,1,2,0,0,0,0,0,7,50,0,489,489,5,5,40,1,0,0,0,0
1261331,3,2021,2021,0,1,9,110,27,9,173,0,1,2,-34.401297,150.876937,80,0,2,1,0,0,0,0,0,0,7,80,2,9859,9859,8,5,40,1,0,0,0,0
1261334,3,2021,2021,0,6,0,3371,17,24,3342,0,1,2,-31.552055,152.753738,56,1,0,0,0,0,0,0,0,0,7,110,2,4552,777,8,5,40,1,0,0,0,0
1261338,3,2021,2021,0,0,0,4,1,72,34609,0,1,1,-33.792685,151.05338,54,0,2,1,2,0,0,0,0,0,7,50,0,9859,9859,8,34,40,1,0,0,0,0
1261343,3,2021,2021,0,1,10,59,10,34,231,0,1,1,-33.498102,151.359778,16,2,2,1,2,0,0,0,0,0,7,60,2,4026,4026,8,5,40,1,0,0,0,0
1261346,3,2021,2021,0,0,10,113,27,218,111,0,1,2,-33.77023,150.773447,55,0,2,1,2,0,0,0,0,0,0,60,2,14295,14295,3,5,13,2,0,0,0,0
1261355,3,2021,2021,0,6,6,3371,17,147,3342,0,1,9,-33.750786,151.147292,36,0,2,0,1,0,3,3,2,2,7,60,2,14295,14295,3,0,13,2,0,0,0,0
1261362,3,2021,2021,0,6,0,4,31,171,34609,0,1,1,-33.800365,150.974146,54,0,2,1,1,0,3,4,0,0,7,50,0,4026,4026,1,5,5,4,0,0,0,0
1261384,3,2021,2021,0,1,4,97,31,363,92,0,1,10,-33.82415,150.994965,54,0,2,1,3,0,0,0,2,2,7,60,1,5929,5929,1,0,5,2,0,0,0,0
1261387,3,2021,2021,4,2,6,61,10,87,34609,0,1,1,-33.093811,151.466411,37,0,2,1,1,0,0,0,2,0,7,60,0,323,323,1,5,5,2,0,0,0,0
1261388,3,2021,2021,7,1,3,481,17,19,483,0,1,1,-35.739996,145.532033,51,1,0,1,0,0,0,0,1,0,7,100,2,1089,1089,7,0,40,3,0,0,0,0
1261390,3,2021,2021,7,0,1,3371,17,24,3342,0,1,2,-32.655969,151.851998,57,1,0,0,2,0,0,0,0,0,7,100,2,1957,4009,8,29,40,1,0,0,0,0
1261393,3,2021,2021,0,4,8,3,1,646,34609,0,1,1,-33.918708,151.040958,15,0,2,1,3,0,0,0,2,0,7,50,0,3775,3775,0,5,5,2,0,0,0,0
1261394,3,2021,2021,0,4,7,6,31,66,34609,0,1,10,-33.708416,150.924705,7,0,2,1,3,0,0,0,2,0,0,50,0,301,301,4,10,5,2,0,0,0,0
1261395,3,2021,2021,0,5,8,15,23,433,34609,0,1,7,-33.259212,149.112924,52,2,1,1,3,0,0,0,3,0,0,80,0,6545,6545,4,0,10,2,0,0,0,0
1261397,3,2021,2021,0,6,4,3,10,26,34609,0,1,9,-31.977424,152.571434,43,2,1,0,3,0,0,0,2,0,7,50,0,52,52,8,0,40,1,0,0,0,0
1261399,3,2021,2021,0,0,3,9,27,4,45,0,1,1,-34.331135,148.155662,30,1,0,1,3,0,0,0,2,0,7,100,1,9859,9859,8,8,40,1,0,0,0,0
1261400,3,2021,2021,0,4,10,44,31,219,34609,0,1,1,-32.900254,151.668617,48,0,2,1,2,0,0,0,0,0,7,40,0,1282,1282,1,33,5,2,0,0,0,0
1261401,3,2021,2021,0,5,10,829,27,157,770,0,1,10,-33.808683,151.014769,54,0,2,1,3,0,0,0,0,2,7,60,2,5929,5929,1,5,5,2,0,0,0,0
1261405,3,2021,2020,6,3,8,135,17,8,136,0,1,1,-36.087569,147.055148,0,2,1,0,0,0,0,0,2,0,7,80,2,3775,3775,0,5,5,2,0,0,0,0
1261406,3,2021,2021,0,4,5,481,17,10,483,0,1,1,-29.637618,149.808854,51,2,1,1,0,0,0,0,2,0,15,60,2,14295,14295,3,10,5,3,0,0,0,0
1261408,3,2021,2021,0,1,8,3371,17,27,3342,0,1,2,-30.140898,153.193369,19,1,0,1,3,0,0,0,2,0,7,110,2,9859,9859,8,5,40,1,0,0,0,0
1261414,3,2021,2021,0,5,9,2,31,77,34609,0,1,9,-33.032017,151.661897,37,0,2,1,2,0,0,0,0,0,0,50,0,489,489,8,5,40,1,0,0,0,0
1261425,3,2021,2020,9,6,8,14,1,167,34609,0,1,9,-33.845089,151.060318,54,0,2,0,1,0,0,0,2,1,7,60,0,1259,5151,8,5,40,1,0,0,0,0
1261430,3,2021,2021,0,2,9,89,17,55,34609,0,1,1,-35.713596,150.177247,23,2,1,1,2,0,3,4,0,0,7,50,0,9859,9859,1,10,5,2,0,0,0,0
1261483,3,2021,2021,0,5,4,2,31,22,34609,0,1,9,-36.045749,146.89947,0,2,1,0,3,0,0,0,2,0,7,60,0,2585,4009,8,5,40,1,0,0,0,0
1261485,3,2021,2021,0,6,6,135,17,2,136,0,1,1,-35.608359,145.430099,51,1,0,0,3,0,0,0,2,0,7,100,2,380,714,5,3,40,1,0,0,0,0
1261487,3,2021,2021,0,2,7,14,36,48,34609,0,1,1,-28.281432,153.574095,72,2,1,1,3,0,0,0,2,0,7,50,0,9859,9859,8,10,40,1,0,0,0,0
1261534,3,2021,2021,7,2,1,478,17,89,480,0,1,2,-33.38108,151.47331,16,2,2,1,2,0,0,0,0,0,7,60,2,9859,9859,8,5,40,1,0,0,0,0
1261542,3,2021,2021,0,3,6,6,27,147,34609,0,1,10,-33.732829,151.139707,36,0,2,1,1,0,0,0,2,0,15,50,0,6545,6545,4,5,13,2,0,0,0,0
1261547,3,2021,2021,0,0,11,916,17,165,917,0,1,9,-32.286333,150.928854,46,1,0,0,2,0,0,0,0,0,7,100,2,4552,5151,8,10,40,1,0,0,0,0
1261551,3,2021,2021,0,2,11,133,31,8,34609,0,1,1,-32.989757,151.72066,37,0,2,1,2,0,0,0,0,0,7,50,0,9859,9859,1,9,13,2,0,0,0,0
1261565,3,2021,2021,0,0,7,134,10,104,133,0,1,9,-33.830614,151.020384,54,0,2,1,3,0,0,0,2,2,7,70,2,5929,5929,1,10,5,2,0,0,0,0
1261570,3,2021,2021,0,6,7,2,27,161,34609,1,2,9,-33.723828,151.177919,36,0,2,1,3,0,0,0,2,0,15,40,0,301,301,4,0,36,2,0,0,0,0
1261572,3,2021,2021,0,1,5,344,27,168,382,0,1,10,-33.712005,150.842153,7,0,2,1,3,0,0,0,2,2,7,80,2,14295,14295,3,5,13,3,0,0,0,0
1261574,3,2021,2021,0,2,10,102,7,18,34609,0,1,1,-33.527293,150.769055,29,2,2,0,3,0,0,0,0,0,7,50,0,4552,5151,8,0,40,1,0,0,0,0
1261577,3,2021,2021,0,6,9,51,31,80,10,0,1,10,-33.750015,150.654044,55,0,2,1,3,0,0,0,0,0,0,50,1,2852,2852,4,5,5,2,0,0,0,0
1261580,3,2021,2021,0,4,8,53,36,8,95,0,1,9,-33.245256,148.814473,11,1,0,1,3,0,0,0,2,0,0,100,2,14295,14295,3,9,0,2,0,0,0,0
1261581,3,2021,2021,0,2,5,29,31,609,48,0,1,1,-33.773661,150.89167,7,0,2,1,3,0,0,0,2,0,7,60,1,1109,787,1,5,36,2,0,0,0,0
1261583,3,2021,2021,0,5,8,3371,17,104,3342,0,1,2,-32.825384,151.683832,48,0,2,1,3,0,0,0,2,0,7,80,2,14295,14295,3,0,0,5,0,0,0,0
1261584,3,2021,2021,0,3,5,50,36,10,43,0,1,1,-36.531372,148.230215,66,2,1,0,3,0,0,0,2,0,7,60,2,4552,5151,8,16,40,1,0,0,0,0
1261585,3,2021,2021,0,6,7,3371,17,58,3342,0,1,2,-33.754991,151.152402,36,0,2,1,3,0,0,0,2,0,7,60,2,387,387,1,0,5,2,0,0,0,0
1261587,3,2021,2021,0,1,11,9,31,24,34609,1,0,1,-33.908721,150.889214,41,0,2,1,3,0,0,0,0,0,7,50,0,9859,9859,1,5,5,2,0,0,0,0
1261589,3,2021,2021,0,3,8,387,27,290,331,0,1,1,-33.957792,151.117879,4,0,2,1,3,0,0,0,3,0,7,60,2,941,941,1,5,5,2,0,0,0,0
1261591,3,2021,2021,3,3,6,48,27,8,42,0,1,1,-35.078382,150.152105,63,1,0,0,3,0,0,0,2,0,7,100,1,1957,4009,8,0,40,1,0,0,0,0
1261593,3,2021,2021,3,3,9,15,27,24,228,0,1,1,-33.557692,150.908096,29,2,2,1,2,0,0,0,3,0,7,80,2,9859,9859,8,9,40,1,0,0,0,0
1261603,3,2021,2021,0,2,11,149,36,44,113,0,1,1,-32.388356,152.241958,43,1,0,0,3,0,3,4,0,0,7,100,1,4552,5151,8,5,40,1,0,0,0,0
1261624,3,2021,2021,0,2,2,149,36,120,113,0,1,1,-32.226639,152.540719,43,2,1,1,2,0,0,0,0,0,7,80,1,4026,4026,8,10,40,1,0,0,0,0
1261625,3,2021,2021,0,5,9,10,27,7,4,0,1,1,-31.369054,150.492027,51,1,0,0,3,0,0,0,0,0,7,100,1,782,957,5,10,40,1,0,0,0,0
1261632,3,2021,2021,7,2,7,100,31,363,38,0,1,10,-33.816094,150.99931,54,0,2,1,3,0,0,0,2,2,6,50,1,2852,2852,4,10,22,2,0,0,0,0
1261637,3,2021,2021,7,5,1,1,27,30,34609,0,1,1,-34.489091,150.809165,80,0,2,1,2,0,0,0,0,0,7,50,0,4026,4026,1,5,13,2,0,0,0,0
1261638,3,2021,2021,0,0,11,45,27,74,45,0,1,10,-33.739535,151.036774,31,0,2,0,3,0,0,0,0,2,7,60,2,5929,5929,1,0,0,2,0,0,0,0
1261640,3,2021,2021,0,3,5,22,31,194,13,1,0,10,-30.503009,151.673093,1,2,1,1,3,0,0,0,2,2,7,50,1,5929,5929,1,5,0,2,0,0,0,0
1261641,3,2021,2021,0,2,6,255,31,64,46,0,1,1,-33.483623,150.145794,40,2,1,1,3,0,0,0,2,0,7,50,2,14295,14295,3,19,5,2,0,0,0,0
1261642,3,2021,2021,0,2,3,110,27,113,48,0,1,2,-34.350096,150.86773,80,0,2,1,3,0,0,0,1,0,7,100,2,404,404,8,34,40,1,0,0,0,0
1261643,3,2021,2021,0,2,11,2,31,174,34609,0,1,9,-33.866177,150.931793,24,0,2,1,3,0,0,0,0,0,7,50,0,9859,9859,1,5,12,3,0,0,0,0
1261647,3,2021,2021,0,0,7,2126,17,104,2149,0,1,9,-33.834451,151.020798,54,0,2,1,3,0,0,0,2,2,7,60,2,5929,5929,1,21,5,2,0,0,0,0
1261648,3,2021,2021,0,6,8,2,27,96,24,0,1,1,-33.433468,151.38724,16,2,2,1,3,0,0,0,2,0,7,60,1,14295,14295,3,30,0,2,0,0,0,0
1261649,3,2021,2021,0,6,7,3371,17,32,3342,0,1,2,-31.94376,152.472823,43,1,0,1,3,0,0,0,2,0,7,110,2,1391,1391,1,10,10,2,0,0,0,0
1261651,3,2021,2021,0,6,8,56,10,433,41,0,1,9,-33.282945,149.068872,52,2,1,1,3,0,0,0,2,0,7,50,1,623,623,3,0,13,2,0,0,0,0
1261652,3,2021,2021,0,1,6,97,17,61,88,0,1,2,-35.176884,149.273146,58,1,0,0,3,0,0,0,2,0,7,110,2,380,714,5,30,40,1,0,0,0,0
1261653,3,2021,2021,0,1,7,2126,17,78,2149,0,1,10,-33.865157,151.088706,14,0,2,1,3,0,0,0,2,2,7,60,2,4026,4026,8,8,40,2,0,0,0,0
1261654,3,2021,2021,0,4,3,3371,17,225,3342,0,1,9,-33.796098,151.177998,77,0,2,0,3,0,0,0,2,2,7,60,2,1391,1391,1,5,12,2,0,0,0,0
1261657,3,2021,2021,0,6,8,1,1,92,34609,0,1,10,-33.728843,150.94371,71,0,2,1,3,0,0,0,2,0,7,50,0,3775,3775,0,5,5,2,0,0,0,0
1261659,3,2021,2021,0,6,8,95,31,463,32,0,1,1,-30.28133,153.13445,19,2,1,0,3,0,0,3,2,0,7,60,1,1981,1981,4,5,0,2,0,0,0,0
1261660,3,2021,2021,0,3,5,191,17,13,189,0,1,1,-32.438389,150.819212,46,1,0,0,3,0,0,0,2,0,7,100,2,4552,5151,8,0,40,1,0,0,0,0
1261669,3,2021,2021,4,3,9,3,31,112,34609,0,1,1,-33.905445,151.205056,69,0,2,1,0,0,0,0,3,0,7,50,0,4026,4026,1,5,5,2,0,0,0,0
1261676,3,2021,2021,0,6,8,512,17,4,441,0,1,2,-33.414593,149.509301,3,1,0,0,3,0,0,0,3,0,7,100,2,2585,4009,8,0,40,1,0,0,0,0
1261679,3,2021,2021,0,3,2,2,27,19,34609,0,1,1,-28.927997,153.246506,39,1,0,0,0,2,0,1,0,0,7,100,0,4552,5151,8,30,40,1,0,0,0,0
1261684,3,2021,2021,0,5,5,27,27,251,136,0,1,9,-33.767372,150.948888,7,0,2,1,3,0,0,0,2,2,7,60,2,2852,2852,4,5,5,2,0,0,0,0
1261687,3,2021,2021,0,6,7,346,17,103,332,0,1,9,-28.811532,153.343623,39,2,1,1,3,0,0,3,2,0,0,60,2,301,301,4,10,0,2,0,0,0,0
1261688,3,2021,2021,0,6,3,344,27,42,163,0,1,9,-33.74017,150.862502,7,0,2,1,3,0,0,0,0,2,7,70,2,3775,3775,0,9,5,3,0,0,0,0
1261690,3,2021,2021,0,2,8,2209,17,106,2205,0,1,9,-34.571437,150.815937,62,0,2,1,3,0,0,0,2,0,0,80,2,775,775,4,5,5,2,0,0,0,0
1261692,3,2021,2021,0,6,10,38,27,154,35,0,1,2,-33.699661,150.969877,71,0,2,1,3,0,0,0,0,0,7,60,1,945,945,5,5,40,1,0,0,0,0
1261693,3,2021,2021,0,0,7,84,27,252,31,1,2,1,-33.943059,150.873291,41,0,2,1,3,0,0,0,2,0,7,40,1,1109,787,1,5,5,2,0,0,0,0
1261698,3,2021,2021,0,5,6,191,27,175,208,0,1,10,-33.773866,151.083113,54,0,2,1,3,0,0,0,2,2,7,60,2,515,515,1,8,5,2,0,0,0,0
1261700,3,2021,2021,0,0,4,21,31,179,66,0,1,9,-31.903691,152.447528,43,2,1,1,3,0,0,0,2,0,7,60,1,77,77,1,5,0,2,0,0,0,0
1261703,3,2021,2021,0,1,3,234,27,337,217,0,1,9,-33.730678,151.016828,71,0,2,0,3,0,0,0,2,2,7,60,2,1669,1669,3,0,5,2,0,0,0,0
1261710,3,2021,2021,0,4,7,123,1,253,34609,0,1,10,-33.954471,151.090991,25,0,2,1,3,0,0,0,2,0,15,50,0,301,301,4,5,12,2,0,0,0,0
1261711,3,2021,2021,0,1,5,348,17,9,232,0,1,9,-32.254381,149.434594,44,1,0,0,3,0,0,0,2,0,7,100,2,52,52,6,0,40,1,0,0,0,0
1261718,3,2021,2021,0,5,10,1,18,16,34609,0,1,1,-29.852105,151.107304,33,2,1,1,0,2,0,1,0,0,7,80,0,4026,4026,8,10,40,1,0,0,0,0
1261725,3,2021,2021,0,6,7,15,1,463,34609,0,1,1,-30.278096,153.13915,19,2,1,1,1,0,0,0,2,0,7,50,0,1282,1282,1,33,5,2,0,0,0,0
1261742,3,2021,2021,0,6,8,866,17,171,793,0,1,10,-33.807288,150.969468,21,0,2,1,2,0,3,4,3,2,7,70,2,101,101,8,5,13,2,0,0,0,0
1261759,3,2021,2021,0,2,0,2,7,87,34609,0,1,1,-33.685304,150.939919,71,0,2,0,2,0,0,0,0,0,7,50,0,4552,5151,8,5,40,1,0,0,0,0
1261761,3,2021,2021,0,0,5,10,27,11,115,0,1,1,-33.766885,151.177955,36,0,2,1,1,0,0,0,2,0,7,60,2,1282,1282,1,5,19,2,0,0,0,0
1261765,3,2021,2021,0,0,9,27,36,10,34609,0,1,1,-29.565347,153.10145,18,1,0,1,3,0,0,0,0,0,7,100,0,1089,1089,7,0,40,1,0,0,0,0
1261768,3,2021,2021,0,4,2,63,31,9,34609,0,1,9,-33.843637,151.13565,51,0,2,1,2,0,3,4,0,0,7,50,0,489,489,8,5,40,2,0,0,0,0
1261770,3,2021,2021,7,0,6,98,27,294,799,0,1,2,-33.928796,150.962821,41,0,2,1,0,0,3,3,2,0,7,70,2,14295,14295,3,9,40,2,0,0,0,0
1261818,3,2021,2021,3,2,0,4,27,4,34609,0,1,1,-28.652805,153.596395,10,1,0,1,3,0,0,0,0,0,7,100,0,475,475,5,30,40,1,0,0,0,0
1261820,3,2021,2021,0,5,9,8,24,28,34609,0,1,7,-35.139717,147.340861,75,2,1,1,3,0,3,6,0,0,0,70,0,1945,1945,5,10,40,1,0,0,0,0
1261821,3,2021,2021,3,2,2,65,7,46,34609,0,1,1,-35.16441,147.364639,75,2,1,0,2,0,0,0,0,0,7,50,0,2585,4009,1,0,13,2,0,0,0,0
1261824,3,2021,2021,0,5,3,91,27,139,187,0,1,1,-33.870112,151.146679,32,0,2,0,0,0,0,0,1,0,7,60,2,1282,1282,1,33,0,2,0,0,0,0
1261829,3,2021,2021,0,4,5,60,10,121,84,0,1,9,-28.187321,153.540051,72,2,1,1,1,0,0,0,2,2,7,60,1,5929,5929,1,0,0,2,0,0,0,0
1261833,3,2021,2021,8,3,7,103,36,4,103,0,1,9,-32.105457,151.94024,43,1,0,1,3,0,3,0,2,0,7,90,1,1945,1945,5,16,40,1,0,0,0,0
1261834,3,2021,2021,0,4,6,15,27,115,34609,0,1,1,-34.026153,151.077469,68,0,2,1,3,0,0,0,2,0,7,50,0,1109,397,1,5,5,2,0,0,0,0
1261835,3,2021,2021,0,0,4,1052,14,207,928,0,1,3,-33.586491,151.179522,31,0,2,1,3,0,0,0,2,0,7,110,2,9859,9859,8,0,40,1,0,0,0,0