Crash ID,Degree of crash - detailed,Reporting year,Year of crash,Month of crash,Day of week of crash,Two-hour intervals,Street of crash,Street type,Town,Route no.,School zone location,School zone active,Type of location,Latitude,Longitude,LGA,Urbanisation,Conurbation 1,Alignment,Street lighting,Road surface,Surface condition,Weather,Natural lighting,Signals operation,Other traffic control,Speed limit,Road classification,RUM - code,DCA - code,First impact type,Key TU type,Other TU type,No. of traffic units involved,No. killed,No. seriously injured,No. moderately injured,No. minor-other injured
1261838,3,2021,2021,8,6,9,283,27,145,702,0,1,10,-33.917466,151.065154,15,0,2,1,3,0,3,4,0,2,7,60,2,14295,14295,3,29,5,2,0,0,0,0
1261840,3,2021,2021,0,0,4,1104,11,130,770,0,1,2,-33.872908,151.194277,69,0,2,1,3,0,0,0,2,0,7,60,2,14295,14295,3,5,5,2,0,0,0,0
1261841,3,2021,2021,8,1,3,105,17,223,136,0,1,9,-33.806649,150.916503,7,0,2,1,3,0,0,1,1,2,7,60,2,14295,14295,3,10,5,2,0,0,0,0
1261842,3,2021,2020,1,2,5,344,27,88,163,0,1,2,-33.740666,150.86372,7,0,2,1,3,0,3,0,2,0,7,70,2,1391,1391,1,21,5,2,0,0,0,0
1261851,3,2021,2021,7,6,8,829,27,124,770,0,1,9,-33.81073,151.033297,54,0,2,1,3,0,3,4,2,2,7,60,2,1981,1981,4,10,5,2,0,0,0,0
1261852,3,2021,2021,8,2,0,192,10,57,114,0,1,2,-33.462705,151.358406,16,2,2,0,2,0,0,0,0,0,7,60,2,2585,4009,8,10,40,1,0,0,0,0
1261857,3,2021,2021,8,3,0,3,31,251,34609,0,1,1,-33.76925,150.939839,7,0,2,1,2,0,0,0,0,0,7,50,0,9859,9859,1,33,5,2,0,0,0,0
1261858,3,2021,2021,0,4,7,118,27,646,118,0,1,10,-33.914482,151.034348,15,0,2,1,1,0,0,0,2,3,7,60,1,5929,5929,1,5,13,2,0,0,0,0
1261870,3,2021,2021,0,3,9,4,7,18,34609,0,1,1,-28.337775,153.570164,72,2,1,1,0,0,0,0,0,0,7,50,0,9859,9859,8,5,40,1,0,0,0,0
1261872,3,2021,2021,0,6,2,132,31,174,126,0,1,9,-33.891716,151.213988,69,0,2,1,2,0,0,0,0,0,7,50,2,9859,9859,8,5,40,1,0,0,0,0
1261887,3,2021,2021,0,2,8,2261,17,523,2252,0,1,10,-33.928701,150.917871,41,0,2,1,3,0,0,0,2,2,7,60,2,5929,5929,1,0,5,2,0,0,0,0
1261893,3,2021,2021,0,4,0,1,1,53,34609,0,1,1,-33.915228,150.829056,41,0,2,1,0,2,0,0,0,0,7,50,0,9859,9859,8,10,40,1,0,0,0,0
1261913,3,2021,2021,8,2,4,13,31,304,34609,0,1,1,-33.919808,151.144527,32,0,2,1,0,0,0,0,2,0,7,50,0,1282,1282,1,33,0,2,0,0,0,0
1261949,3,2021,2021,0,0,0,20,31,129,34609,0,1,1,-33.893688,151.109971,9,0,2,1,1,0,0,0,0,0,7,50,0,9859,9859,1,0,5,4,0,0,0,0
1261955,3,2021,2021,0,5,0,36,10,201,34609,0,1,9,-34.887833,150.617288,63,2,1,1,2,0,0,0,0,0,15,50,0,2585,777,8,30,40,1,0,0,0,0
1261974,3,2021,2021,8,0,6,165,31,112,34609,0,1,1,-33.613123,150.812422,29,2,2,1,3,0,0,0,2,0,7,50,0,941,941,1,19,5,2,0,0,0,0
1261975,3,2021,2021,0,2,1,1104,14,323,962,0,1,3,-33.798468,150.855348,7,0,2,1,3,0,0,0,0,0,7,100,2,14295,14295,3,5,5,2,0,0,0,0
1261983,3,2021,2021,8,1,7,2,25,55,34609,0,1,9,-33.747054,150.909,7,0,2,1,3,0,0,3,2,0,7,50,0,14295,14295,3,10,5,2,0,0,0,0
1261984,3,2021,2021,8,3,9,2209,17,41,2205,0,1,9,-33.907141,151.181529,69,0,2,1,3,0,0,0,3,2,7,40,2,5929,5929,1,30,5,2,0,0,0,0
1261987,3,2021,2021,0,2,11,2261,17,26,2252,0,1,3,-34.106461,150.762222,13,0,2,1,3,0,0,0,0,0,7,110,2,1089,1089,7,0,40,1,0,0,0,0
1261988,3,2021,2021,0,4,3,71,17,16,71,0,1,1,-35.927991,144.901671,51,1,0,0,3,0,0,0,2,0,7,100,2,1089,1089,7,10,40,1,0,0,0,0
1261989,3,2021,2021,7,6,10,67,27,210,55,0,1,2,-34.022684,151.106918,68,0,2,1,3,0,0,0,0,0,7,70,2,84,84,8,0,40,1,0,0,0,0
1261990,3,2021,2021,8,1,8,5,23,130,34609,0,1,9,-34.464179,150.835318,80,0,2,0,3,0,0,0,2,0,0,50,0,775,775,4,30,5,2,0,0,0,0
1261992,3,2021,2021,7,1,5,78,31,15,34609,0,1,1,-34.436533,150.887406,80,0,2,1,3,0,0,0,2,0,7,50,0,1981,1981,4,5,0,2,0,0,0,0
1261993,3,2021,2021,8,2,9,100,27,140,100,0,1,9,-33.79697,150.853369,7,0,2,1,3,0,0,0,0,2,7,70,2,14295,14295,3,5,0,2,0,0,0,0
1261999,3,2021,2021,8,1,3,829,27,124,770,0,1,10,-33.813353,151.049216,54,0,2,1,3,0,0,1,2,0,15,70,2,6545,6545,4,5,0,2,0,0,0,0
1262000,3,2021,2021,8,1,9,80,31,204,187,0,1,10,-33.886622,151.118769,32,0,2,1,2,0,0,0,3,2,7,60,2,1192,1192,1,33,25,2,0,0,0,0
1262011,3,2021,2021,7,6,11,51,10,104,34609,0,1,1,-33.789005,150.772782,55,0,2,0,2,0,0,0,0,0,7,50,0,3775,3775,0,5,5,3,0,0,0,0
1262012,3,2021,2021,8,3,6,107,22,346,144,1,0,9,-33.879824,151.09285,67,0,2,1,3,0,0,0,2,0,0,60,2,1957,777,8,5,40,1,0,0,0,0
1262013,3,2021,2021,0,2,9,8,31,215,34609,0,1,10,-35.107311,147.370428,75,2,1,1,3,0,0,0,0,2,7,50,0,6545,6545,4,5,0,2,0,0,0,0
1262014,3,2021,2021,8,5,5,28,3,49,117,0,1,2,-32.990763,151.688251,37,0,2,0,3,0,0,3,2,0,7,90,2,204,204,1,8,0,2,0,0,0,0
1262016,3,2021,2021,8,5,7,112,27,79,769,0,1,1,-33.571876,150.710102,29,2,2,0,3,0,0,0,2,0,7,80,2,3775,3775,0,10,5,2,0,0,0,0
1262020,3,2021,2021,8,0,8,77,27,87,100,0,1,7,-34.482987,150.416966,78,2,1,1,3,0,3,3,0,0,0,50,2,6545,6545,4,5,13,2,0,0,0,0
1262021,3,2021,2021,8,6,10,1,3,44,34609,0,1,0,-33.753313,150.640348,8,2,2,0,3,0,3,0,0,0,7,50,0,1957,4009,8,5,40,1,0,0,0,0
1262022,3,2021,2021,8,5,9,35,31,532,11,0,1,2,-33.874981,151.203547,69,0,2,1,3,0,3,4,3,0,7,50,1,14295,14295,3,5,12,2,0,0,0,0
1262023,3,2021,2021,0,2,8,97,27,166,799,0,1,9,-33.930848,150.995499,15,0,2,1,3,0,0,0,2,2,7,70,2,1669,1669,3,10,36,2,0,0,0,0
1262025,3,2021,2021,8,1,3,44,31,160,260,0,1,10,-33.107928,151.488985,37,0,2,1,3,0,0,0,2,2,7,50,2,14295,14295,3,5,0,2,0,0,0,0
1262030,3,2021,2021,8,0,2,8,10,164,34609,0,1,7,-33.717744,150.883242,7,0,2,1,3,0,3,4,0,0,7,50,0,6545,6545,4,5,5,2,0,0,0,0
1262034,3,2021,2021,0,0,8,3,31,218,34609,0,1,1,-33.777388,150.772519,55,0,2,1,1,0,0,0,3,0,7,60,0,9859,9859,1,0,5,2,0,0,0,0
1262046,3,2021,2021,3,5,8,515,14,294,518,0,1,3,-33.941796,150.941171,41,0,2,1,3,0,3,4,2,0,7,100,2,14295,14295,3,5,22,3,0,0,0,0
1262048,3,2021,2021,4,4,9,2,7,41,34609,0,1,1,-30.362589,153.086855,19,2,1,0,0,0,0,3,2,0,7,50,0,4552,5151,8,5,40,1,0,0,0,0
1262068,3,2021,2021,0,0,7,3,1,145,34609,0,1,7,-33.922536,151.128657,15,0,2,0,3,0,0,0,2,0,0,50,0,1850,985,5,9,40,1,0,0,0,0
1262069,3,2021,2021,0,6,7,9,27,40,34609,1,2,1,-33.811988,151.218262,77,0,2,1,1,0,0,0,2,0,7,40,0,9859,9859,1,19,10,2,0,0,0,0
1262070,3,2021,2021,0,5,9,2,18,166,34609,0,1,10,-33.896449,151.177568,32,0,2,1,2,0,0,0,0,0,15,50,0,1282,1282,1,33,5,2,0,0,0,0
1262080,3,2021,2021,8,2,10,80,27,111,34609,0,1,1,-33.915181,151.253859,59,0,2,1,0,0,0,0,0,0,7,50,0,1282,1282,1,33,0,2,0,0,0,0
1262086,3,2021,2021,0,4,6,112,17,4,112,0,1,1,-31.554373,146.611698,51,1,0,1,0,0,0,0,2,0,7,110,2,404,404,8,5,40,1,0,0,0,0
1262088,3,2021,2021,4,6,6,346,17,106,332,1,0,10,-28.862514,153.04604,60,2,1,1,3,0,0,0,2,0,0,50,2,6545,6545,4,21,0,3,0,0,0,0
1262097,3,2021,2021,8,2,1,1,1,29,34609,0,1,9,-33.747617,150.797857,7,0,2,1,2,0,0,0,0,0,7,50,0,489,489,8,21,40,1,0,0,0,0
1262099,3,2021,2021,0,0,10,3371,17,463,3342,0,1,9,-30.296177,153.113951,19,2,1,1,2,0,0,0,0,2,7,60,2,5929,5929,1,30,5,2,0,0,0,0
1262141,3,2021,2021,7,5,6,3,31,207,34609,0,1,7,-31.957874,141.462487,51,2,1,1,3,0,0,0,2,0,0,40,0,1109,397,1,5,5,2,0,0,0,0
1262143,3,2021,2021,4,0,11,21,31,316,34609,0,1,9,-31.431406,152.899665,56,2,1,1,3,0,0,0,0,2,7,50,0,5929,5929,1,5,5,2,0,0,0,0
1262146,3,2021,2021,0,1,8,109,27,56,174,0,1,9,-32.987924,151.520056,37,0,2,1,3,0,0,0,4,0,15,80,2,2852,2852,4,30,13,2,0,0,0,0
1262151,3,2021,2021,0,5,8,177,31,314,208,0,1,7,-33.860447,150.927898,24,0,2,0,3,0,0,0,2,0,0,70,1,6545,6545,4,30,5,2,0,0,0,0
1262176,3,2021,2021,8,4,8,251,27,17,212,0,1,2,-33.769855,151.205656,50,0,2,0,3,0,0,0,2,0,7,80,2,14295,14295,3,10,0,4,0,0,0,0
1262182,3,2021,2021,8,2,9,30,31,169,769,0,1,10,-33.596877,150.746963,29,2,2,1,3,0,0,0,0,2,7,60,2,5929,5929,1,0,13,2,0,0,0,0
1262183,3,2021,2021,0,5,4,44,27,253,331,0,1,9,-33.959078,151.110126,4,0,2,1,3,0,0,0,2,2,7,60,2,5929,5929,1,5,36,2,0,0,0,0
1262184,3,2021,2021,0,6,9,15,27,41,15,0,1,7,-33.787081,151.270084,50,0,2,1,3,0,0,0,3,0,0,50,1,14295,14295,3,0,19,2,0,0,0,0
1262185,3,2021,2021,7,2,11,19,31,234,34609,0,1,10,-34.289356,146.03508,28,2,1,0,3,0,3,4,0,0,0,50,0,6545,6545,4,5,5,2,0,0,0,0
1262188,3,2021,2021,0,0,9,27,31,107,34609,1,0,9,-29.684987,152.934961,18,2,1,1,3,0,0,0,0,0,15,50,0,301,301,4,5,36,2,0,0,0,0
1262189,3,2021,2021,8,4,8,194,31,445,18,0,1,2,-33.862765,151.043695,21,0,2,0,3,0,0,3,2,0,7,50,1,1669,1669,3,5,5,2,0,0,0,0
1262201,3,2021,2021,8,6,6,361,32,134,65,0,1,9,-33.684773,150.863589,7,0,2,1,3,0,3,4,2,0,7,60,1,323,323,1,5,13,2,0,0,0,0
1262202,3,2021,2021,8,0,4,44,31,460,34609,0,1,10,-33.837631,150.980484,21,0,2,1,3,0,3,0,2,0,0,50,0,6545,6545,4,5,5,2,0,0,0,0
1262203,3,2021,2021,0,2,4,1104,14,104,962,0,1,3,-33.78456,150.772902,55,0,2,1,3,0,0,0,2,0,7,110,2,9859,9859,8,5,40,1,0,0,0,0
1262206,3,2021,2021,8,5,8,346,17,3,332,0,1,1,-28.832595,153.264732,39,1,0,1,3,0,0,0,3,0,0,100,2,1981,1981,4,5,5,2,0,0,0,0
1262208,3,2021,2021,8,5,6,14,31,523,34609,0,1,9,-33.928257,150.923218,41,0,2,1,3,0,3,4,2,0,7,50,0,6545,6545,4,5,5,2,0,0,0,0
1262209,3,2021,2021,0,3,1,293,10,23,172,0,1,1,-33.001141,151.642584,37,0,2,1,0,0,0,0,0,0,7,70,2,9859,9859,8,0,40,1,0,0,0,0
1262217,3,2021,2021,8,1,8,49,27,111,62,0,1,2,-33.697333,150.885747,7,0,2,1,3,0,0,0,2,0,7,70,2,1391,1391,1,5,5,2,0,0,0,0
1262226,3,2021,2021,0,5,11,43,1,32,144,0,1,9,-33.756757,150.82154,7,0,2,1,2,0,0,0,0,0,7,60,2,1282,1282,1,30,0,2,0,0,0,0
1262227,3,2021,2021,8,2,0,916,17,5,917,0,1,1,-30.730386,151.434697,51,1,0,1,0,0,0,0,0,0,7,100,2,475,475,5,3,40,1,0,0,0,0
1262243,3,2021,2021,0,6,7,99,27,9,39,0,1,1,-33.515984,150.882136,29,2,2,0,3,0,0,0,2,0,7,80,1,1957,4009,8,29,40,1,0,0,0,0
1262244,3,2021,2021,8,6,4,75,10,63,165,0,1,3,-33.93126,151.212544,4,0,2,1,3,0,3,3,2,0,8,80,2,14295,14295,3,5,13,2,0,0,0,0
1262246,3,2021,2021,8,5,9,2209,17,77,2205,0,1,9,-33.925038,151.160377,32,0,2,1,3,0,3,3,0,2,7,60,2,256,256,4,30,5,2,0,0,0,0
1262247,3,2021,2021,8,4,3,346,17,103,332,1,0,9,-28.817693,153.323503,39,2,1,1,3,0,0,0,2,0,7,60,2,3775,3775,0,5,5,2,0,0,0,0
1262248,3,2021,2021,8,4,4,1052,14,60,928,0,1,3,-33.426413,151.237092,16,1,2,0,3,0,3,4,2,0,7,110,2,4552,5151,8,5,40,1,0,0,0,0
1262255,3,2021,2021,8,3,8,104,27,443,702,0,1,2,-33.894358,151.066461,67,0,2,1,3,0,0,0,2,0,7,70,2,2585,777,8,5,40,1,0,0,0,0
1262257,3,2021,2021,0,4,9,500,31,106,34609,0,1,10,-28.863283,153.050726,60,2,1,1,3,0,0,0,0,0,0,50,0,6545,6545,4,5,13,2,0,0,0,0
1262260,3,2021,2021,8,2,6,9,27,98,34609,0,1,1,-33.75156,151.072606,31,0,2,1,3,0,0,0,2,0,7,50,0,1981,1981,4,0,5,2,0,0,0,0
1262263,3,2021,2021,7,4,4,3,31,82,34609,0,1,1,-33.824871,151.201899,49,0,2,1,3,0,0,0,2,0,7,50,0,941,941,1,5,0,2,0,0,0,0
1262264,3,2021,2021,8,1,5,1104,14,323,962,0,1,3,-33.800786,150.869133,7,0,2,0,3,0,0,0,2,0,7,100,2,1192,1192,1,8,13,2,0,0,0,0
1262267,3,2021,2021,0,5,7,485,27,232,769,0,1,2,-33.690063,150.921854,7,0,2,1,3,0,0,0,2,0,7,80,2,14295,14295,3,9,0,2,0,0,0,0
1262268,3,2021,2021,0,1,8,1,1,293,34609,0,1,9,-33.918235,151.050783,15,0,2,1,3,0,0,0,2,0,7,50,0,9859,9859,1,21,5,2,0,0,0,0
1262276,3,2021,2021,8,3,0,1104,14,247,962,0,1,3,-33.815274,150.960288,21,0,2,1,2,0,0,0,0,0,7,90,2,945,945,5,5,40,1,0,0,0,0
1262283,3,2021,2021,8,6,9,230,27,100,284,0,1,10,-33.812402,151.170924,38,0,2,0,2,0,3,4,0,2,7,60,2,6545,6545,4,33,0,2,0,0,0,0
1262284,3,2021,2021,0,6,3,3,31,125,34609,0,1,1,-33.825114,151.120357,61,0,2,1,0,0,0,0,1,0,7,50,0,9859,9859,1,8,5,2,0,0,0,0
1262285,3,2021,2021,7,0,11,21,31,69,34609,0,1,1,-33.357387,151.485182,16,2,2,1,2,0,3,4,0,0,7,50,0,9859,9859,1,30,5,2,0,0,0,0
1262290,3,2021,2021,8,5,7,37,31,120,154,0,1,10,-33.762798,150.86321,7,0,2,1,1,0,3,3,2,2,7,60,1,14295,14295,3,21,13,2,0,0,0,0
1262313,3,2021,2021,8,2,2,17,27,323,25,0,1,2,-33.812762,150.83458,7,0,2,1,2,0,0,0,1,0,7,80,2,1383,1383,1,5,40,2,0,0,0,0
1262314,3,2021,2021,0,2,6,28,31,166,34609,0,1,1,-33.893919,151.187373,69,0,2,1,0,0,0,0,2,0,7,50,0,1282,1282,1,5,40,1,0,0,0,0
1262336,3,2021,2021,8,2,1,17,31,112,34609,0,1,7,-33.449001,151.446182,16,2,2,1,2,0,0,0,0,0,0,50,0,945,945,5,5,40,1,0,0,0,0
1262339,3,2021,2021,7,1,5,1,25,337,34609,0,1,9,-33.735662,151.017941,71,0,2,1,0,0,0,0,2,0,7,50,0,4552,985,8,9,40,1,0,0,0,0
1262340,3,2021,2021,0,4,3,15,27,24,228,1,0,9,-33.559973,150.907365,29,2,2,0,2,0,0,0,1,0,0,80,2,2852,2852,4,8,10,2,0,0,0,0
1262343,3,2021,2021,0,0,8,1,1,14,34609,0,1,1,-33.728051,151.129097,36,0,2,1,1,0,0,0,3,0,7,50,0,9859,9859,1,0,0,2,0,0,0,0
1262353,3,2021,2021,8,0,6,27,27,4,35,0,1,1,-28.411959,152.343389,51,1,0,0,0,0,0,0,2,0,7,100,1,782,957,5,29,40,1,0,0,0,0
1262357,3,2021,2021,7,6,5,7,31,133,34609,0,1,1,-33.932763,151.017021,15,0,2,1,0,0,0,0,2,0,7,50,0,9859,9859,1,33,5,2,0,0,0,0
1262376,3,2021,2021,8,6,9,346,17,106,332,1,0,10,-28.862514,153.04604,60,2,1,1,2,0,3,4,0,0,0,50,2,6545,6545,4,5,36,2,0,0,0,0
1262378,3,2021,2021,0,6,8,112,27,29,769,0,1,1,-33.540524,150.633177,29,2,2,0,0,0,0,0,3,0,7,60,2,3775,3775,0,0,13,2,0,0,0,0
1262386,3,2021,2021,8,2,5,2261,17,30,2252,0,1,3,-34.474288,150.324078,78,1,0,1,3,0,0,0,2,0,7,110,2,9859,9859,8,5,40,1,0,0,0,0
1262397,3,2021,2021,3,0,10,25,31,119,34609,0,1,9,-32.756385,151.761726,57,2,1,1,2,0,0,0,0,0,0,50,0,4026,4026,8,5,40,1,0,0,0,0
1262399,3,2021,2021,8,1,4,1,27,179,34609,0,1,9,-31.165225,150.915246,70,2,1,1,3,0,0,0,2,0,7,60,0,150,150,4,5,13,2,0,0,0,0
1262401,3,2021,2021,8,6,9,90,36,10,102,0,1,1,-34.617575,148.532015,30,1,0,0,3,0,3,4,0,0,7,100,2,1850,1463,5,5,40,1,0,0,0,0
1262402,3,2021,2021,0,3,3,205,27,161,415,0,1,2,-33.730579,151.158145,36,0,2,0,3,0,0,0,2,0,7,60,2,4552,5151,1,5,5,2,0,0,0,0
1262403,3,2021,2021,0,1,4,478,17,128,480,0,1,10,-33.427798,151.321609,16,2,2,1,3,0,0,0,2,1,7,70,2,1391,1391,1,34,40,3,0,0,0,0
1262404,3,2021,2021,8,2,4,3,31,201,34609,1,0,1,-34.871637,150.609098,63,2,1,1,3,0,0,0,2,0,7,50,0,1391,1391,1,10,0,2,0,0,0,0
1262408,3,2021,2021,8,6,1,205,27,147,415,0,1,2,-33.738927,151.152304,36,0,2,1,3,0,3,4,0,0,7,60,2,9859,9859,8,5,40,1,0,0,0,0
1262410,3,2021,2021,8,1,3,2126,17,363,2149,1,0,10,-33.818617,150.996395,54,0,2,1,3,0,0,1,2,2,7,60,2,14295,14295,3,9,5,2,0,0,0,0
1262412,3,2021,2021,8,6,8,2,27,562,34609,0,1,9,-32.206221,148.605731,22,1,0,1,3,0,0,3,0,0,7,100,0,9859,9859,8,5,40,1,0,0,0,0
1262413,3,2021,2021,7,5,7,14,31,131,34609,0,1,1,-36.079532,146.915863,0,2,1,1,3,0,0,0,2,0,7,50,0,1282,1282,1,22,36,2,0,0,0,0
1262414,3,2021,2021,8,6,9,90,31,252,165,0,1,10,-33.885201,151.21817,69,0,2,1,3,0,3,4,0,2,7,60,2,515,515,1,5,5,2,0,0,0,0
1262415,3,2021,2021,8,1,9,20,27,61,93,0,1,9,-33.746304,150.896744,7,0,2,1,3,0,0,0,0,2,7,60,1,1669,1669,3,5,13,2,0,0,0,0
1262417,3,2021,2021,8,4,4,35,27,193,33,0,1,1,-33.785553,151.090711,61,0,2,0,3,0,3,4,2,0,7,60,1,5929,5929,1,9,5,2,0,0,0,0
1262419,3,2021,2021,0,6,5,26,27,232,34609,1,0,10,-33.683646,150.932056,71,0,2,0,3,0,0,0,2,2,7,60,0,5929,5929,1,0,25,2,0,0,0,0
1262429,3,2021,2021,7,6,2,2261,17,62,2252,0,1,1,-33.888351,151.134597,32,0,2,1,2,0,0,0,0,0,7,60,2,9859,9859,8,5,40,1,0,0,0,0
1262432,3,2021,2021,0,0,8,109,27,20,62,0,1,10,-32.758017,151.531609,42,2,1,1,2,0,0,0,2,2,7,70,2,5929,5929,1,34,5,2,0,0,0,0
1262434,3,2021,2021,7,5,3,2,1,83,34609,0,1,1,-33.892039,150.850896,41,0,2,1,1,0,3,4,2,0,7,50,0,1282,1282,1,33,5,2,0,0,0,0
1262443,3,2021,2021,0,0,7,265,17,21,193,0,1,9,-35.084589,147.350212,75,2,1,0,3,0,0,0,2,0,15,80,2,2852,2852,4,5,5,2,0,0,0,0
1262445,3,2021,2021,8,5,10,1104,11,532,770,0,1,2,-33.87203,151.202596,69,0,2,1,3,0,3,4,0,0,7,50,2,4026,4026,8,5,40,1,0,0,0,0
1262446,3,2021,2021,8,0,4,4,1,100,34609,0,1,7,-33.959245,151.154815,4,0,2,1,3,0,3,0,2,0,0,50,0,301,301,4,5,5,2,0,0,0,0
1262449,3,2021,2021,8,6,6,1,31,273,34609,0,1,9,-34.434227,150.890928,80,0,2,1,3,0,3,3,2,0,7,50,0,1981,1981,4,5,5,2,0,0,0,0
1262450,3,2021,2021,8,6,8,2261,17,24,2252,0,1,7,-34.404942,150.507146,78,2,1,1,3,0,3,4,3,0,0,60,2,945,945,5,34,40,1,0,0,0,0
1262452,3,2021,2021,0,6,11,3371,17,207,3342,0,1,1,-33.559872,151.191248,31,0,2,0,3,0,0,0,0,0,7,80,2,1850,1463,5,5,40,1,0,0,0,0
1262454,3,2021,2021,8,4,5,7,27,34,34609,0,1,1,-33.478356,150.946997,71,0,2,0,3,0,3,3,2,0,7,60,0,14295,14295,3,0,10,2,0,0,0,0
1262455,3,2021,2021,8,6,4,2126,17,438,2149,0,1,1,-33.836021,151.023543,21,0,2,1,3,0,3,4,2,0,7,60,2,14295,14295,3,0,5,2,0,0,0,0
1262456,3,2021,2021,8,1,8,38,27,85,35,0,1,7,-34.580667,150.777874,62,0,2,1,3,0,3,4,2,0,0,70,1,4026,4026,8,5,40,1,0,0,0,0
1262457,3,2021,2021,8,4,5,39,31,169,99,0,1,9,-33.901054,151.203013,69,0,2,1,3,0,3,4,2,2,7,50,2,5929,5929,1,5,13,2,0,0,0,0
1262458,3,2021,2021,8,1,3,265,17,3,193,0,1,1,-35.171331,147.277511,75,1,0,1,3,0,0,0,2,0,7,100,2,1089,1089,7,10,40,1,0,0,0,0
1262459,3,2021,2021,0,0,11,37,31,273,87,0,1,10,-34.425872,150.899792,80,0,2,1,3,0,0,0,0,2,6,60,2,1192,1192,1,16,5,2,0,0,0,0
1262460,3,2021,2021,8,5,6,193,1,290,34609,0,1,1,-33.953745,151.129456,4,0,2,1,3,0,3,4,2,0,7,50,0,9859,9859,1,5,0,2,0,0,0,0
1262463,3,2021,2021,8,6,8,2261,17,284,2252,0,1,9,-33.905052,151.010254,15,0,2,1,3,0,3,3,2,0,0,70,2,14295,14295,3,5,13,2,0,0,0,0
1262464,3,2021,2021,8,1,6,1,1,108,34609,0,1,1,-28.84391,153.552277,2,2,1,1,3,0,0,0,2,0,7,50,0,1981,1981,4,5,13,2,0,0,0,0
1262469,3,2021,2021,8,2,1,110,27,9,173,0,1,2,-34.402236,150.885314,80,0,2,1,3,0,0,0,0,0,7,60,2,4026,4026,8,5,40,1,0,0,0,0
1262482,3,2021,2021,0,6,10,2261,17,646,2252,1,0,2,-33.9071,151.03438,15,0,2,0,3,0,0,0,0,0,7,60,2,1957,4009,8,5,40,1,0,0,0,0
1262483,3,2021,2021,7,5,4,19,31,234,34609,0,1,10,-34.289356,146.03508,28,2,1,1,3,0,0,0,2,0,0,50,0,2852,2852,4,5,10,2,0,0,0,0
1262484,3,2021,2021,8,6,8,5,31,207,5,0,1,10,-31.975093,141.440559,51,2,1,1,3,0,0,0,2,0,0,50,1,6545,6545,4,0,13,2,0,0,0,0
1262500,3,2021,2021,0,1,6,14,27,25,34609,0,1,1,-34.479022,150.868848,80,0,2,1,3,0,0,0,2,0,7,50,0,1981,1981,4,5,5,2,0,0,0,0
1262517,3,2021,2021,7,5,9,21,27,36,34609,0,1,1,-34.407033,150.857033,80,0,2,1,0,0,3,4,3,0,7,60,0,9859,9859,8,5,40,1,0,0,0,0
1262519,3,2021,2021,8,5,9,33,31,33,34609,0,1,10,-35.129252,147.325482,75,2,1,1,2,0,0,3,0,0,0,50,0,3775,3775,0,0,36,2,0,0,0,0
1262525,3,2021,2021,8,4,8,916,17,70,917,0,1,9,-32.721702,151.540445,42,2,1,1,2,0,3,4,3,2,7,60,2,9859,9859,8,5,40,1,0,0,0,0
1262527,3,2021,2021,7,4,7,2,27,20,34609,0,1,1,-32.320805,152.339803,43,1,0,0,3,2,3,4,2,0,7,100,0,1957,4009,8,5,40,1,0,0,0,0
1262533,3,2021,2021,8,2,9,3371,17,90,3342,0,1,2,-28.242902,153.558134,72,1,0,1,2,0,3,0,0,0,7,110,2,9859,9859,8,10,40,1,0,0,0,0
1262534,3,2021,2021,7,4,10,7,27,48,34609,0,1,1,-32.718164,152.162723,57,2,1,1,3,0,0,0,0,0,7,50,0,9859,9859,1,5,13,2,0,0,0,0
1262537,3,2021,2021,0,6,9,9,27,5,45,0,1,1,-34.345987,147.770727,51,1,0,1,3,0,0,0,0,0,7,100,1,1089,1089,7,0,40,1,0,0,0,0
1262544,3,2021,2021,8,3,9,8,27,55,34609,0,1,1,-33.376151,151.462687,16,2,2,1,2,0,0,0,3,0,7,50,0,9859,9859,1,5,5,2,0,0,0,0
1262546,3,2021,2021,7,1,5,3371,17,58,3342,0,1,9,-32.791356,151.72466,57,2,1,1,3,0,0,0,2,2,7,80,2,14295,14295,3,5,13,2,0,0,0,0
1262557,3,2021,2021,7,2,11,22,27,173,34609,0,1,1,-33.877484,151.220769,69,0,2,1,2,0,0,0,0,0,7,40,0,9859,9859,1,5,5,6,0,0,0,0
1262558,3,2021,2021,7,4,2,3371,17,11,3342,0,1,2,-28.35296,153.52346,72,1,0,1,3,0,3,4,1,0,7,110,2,204,204,1,3,10,4,0,0,0,0
1262566,3,2021,2021,8,5,10,866,17,278,793,0,1,9,-33.777714,151.051952,54,0,2,1,3,0,0,3,0,2,7,60,2,515,515,1,29,25,2,0,0,0,0
1262567,3,2021,2021,8,2,11,153,27,290,147,0,1,10,-33.949244,151.114593,4,0,2,1,3,0,0,0,0,2,7,60,2,5929,5929,1,5,5,2,0,0,0,0
1262568,3,2021,2021,8,3,11,42,31,127,96,0,1,9,-33.895463,151.15177,32,0,2,1,3,0,0,0,0,0,7,60,2,5929,5929,1,5,5,2,0,0,0,0
1262573,3,2021,2021,8,3,3,12,27,35,103,0,1,1,-32.09721,152.367267,43,2,1,1,3,0,3,4,2,0,7,60,1,9859,9859,8,8,40,1,0,0,0,0
1262575,3,2021,2021,8,5,7,2,23,130,34609,0,1,1,-34.453349,150.835984,80,0,2,0,3,0,3,0,2,0,7,50,0,2585,4009,8,0,40,1,0,0,0,0
1262578,3,2021,2021,8,5,7,22,31,64,61,0,1,1,-33.884279,151.029141,21,0,2,1,3,0,1,3,2,0,7,50,1,9859,9859,8,10,40,1,0,0,0,0