Crash ID,Degree of crash - detailed,Reporting year,Year of crash,Month of crash,Day of week of crash,Two-hour intervals,Street of crash,Street type,Town,Route no.,School zone location,School zone active,Type of location,Latitude,Longitude,LGA,Urbanisation,Conurbation 1,Alignment,Street lighting,Road surface,Surface condition,Weather,Natural lighting,Signals operation,Other traffic control,Speed limit,Road classification,RUM - code,DCA - code,First impact type,Key TU type,Other TU type,No. of traffic units involved,No. killed,No. seriously injured,No. moderately injured,No. minor-other injured
1262580,3,2021,2021,8,1,7,2209,17,67,2205,1,0,1,-34.42533,150.873518,80,0,2,1,3,0,0,0,2,0,7,60,2,1981,1981,4,9,13,2,0,0,0,0
1262587,3,2021,2021,8,5,7,361,31,169,382,0,1,10,-33.770214,150.835065,7,0,2,1,3,0,3,3,2,2,7,60,2,14295,14295,3,5,5,3,0,0,0,0
1262590,3,2021,2021,0,5,8,59,27,271,42,0,1,9,-33.954639,151.016983,15,0,2,1,1,0,0,0,3,0,0,60,1,2852,2852,4,5,5,2,0,0,0,0
1262591,3,2021,2021,0,3,0,13,1,54,34609,0,1,1,-33.235374,151.508358,16,2,2,0,2,0,0,0,0,0,7,50,0,1957,4009,1,5,13,2,0,0,0,0
1262599,3,2021,2021,8,1,3,171,23,9,34609,0,1,1,-33.155898,151.536743,16,2,2,1,0,0,0,1,2,0,7,50,0,9859,9859,1,10,5,2,0,0,0,0
1262602,3,2021,2021,8,2,9,5,1,363,34609,0,1,10,-33.746328,150.695233,55,0,2,1,2,0,0,0,0,0,15,50,0,256,256,4,5,13,2,0,0,0,0
1262607,3,2021,2021,8,1,0,3371,17,16,3342,0,1,2,-31.274818,152.812424,56,1,0,1,0,0,0,1,0,0,7,110,2,9859,9859,8,5,40,1,0,0,0,0
1262615,3,2021,2021,8,1,8,177,22,239,176,0,1,2,-34.043606,151.125922,68,0,2,1,3,0,0,0,0,0,7,70,2,14295,14295,3,0,5,4,0,0,0,0
1262619,3,2021,2021,8,0,4,308,14,46,311,0,1,3,-33.930165,150.86667,41,0,2,1,3,0,3,4,2,0,7,100,2,14295,14295,3,34,5,2,0,0,0,0
1262622,3,2021,2021,8,0,11,53,36,4,34,0,1,1,-33.322253,148.645473,11,1,0,1,3,0,0,0,0,0,7,100,2,1089,1089,7,30,40,1,0,0,0,0
1262623,3,2021,2021,8,1,5,2,10,21,34609,0,1,1,-35.737293,150.200339,23,2,1,1,3,0,0,0,2,0,7,50,0,237,397,1,5,12,2,0,0,0,0
1262626,3,2021,2021,0,0,3,3371,17,2,3342,0,1,2,-28.967952,153.430348,2,1,0,1,3,0,0,3,2,0,7,110,2,14295,14295,3,5,5,2,0,0,0,0
1262628,3,2021,2021,8,5,9,294,17,215,288,0,1,9,-35.119104,147.370318,75,2,1,1,3,0,3,4,3,0,0,60,2,2852,2852,4,5,0,2,0,0,0,0
1262630,3,2021,2021,8,2,10,39,27,293,91,0,1,9,-33.940927,151.253505,59,0,2,1,3,0,0,0,0,0,7,50,1,9859,9859,8,5,40,1,0,0,0,0
1262631,3,2021,2021,8,4,9,7,7,70,34609,1,0,7,-33.910877,150.982071,15,0,2,1,3,0,0,0,0,0,0,50,0,418,777,5,5,40,1,0,0,0,0
1262632,3,2021,2021,0,2,3,8,31,609,34609,0,1,1,-33.790151,150.912431,7,0,2,1,3,0,0,0,1,0,7,50,0,9859,9859,1,5,5,3,0,0,0,0
1262634,3,2021,2021,8,0,7,83,27,169,34609,0,1,1,-28.674982,153.600523,10,2,1,1,3,0,0,0,2,0,7,80,0,623,623,3,10,5,2,0,0,0,0
1262642,3,2021,2021,0,1,7,2261,17,39,2252,0,1,2,-35.972356,147.004076,0,1,0,1,0,0,3,0,2,0,7,110,2,475,475,5,10,40,1,0,0,0,0
1262675,3,2021,2021,0,2,8,57,27,15,126,0,1,1,-32.755054,151.717257,42,2,1,0,3,0,0,0,2,0,7,80,2,1957,4009,8,0,40,1,0,0,0,0
1262682,3,2021,2021,8,0,9,43,2,40,42,0,1,7,-33.737154,150.955595,71,0,2,0,2,0,3,3,0,0,0,70,2,4552,5151,8,5,40,1,0,0,0,0
1262688,3,2021,2021,0,2,6,866,27,201,44,1,0,1,-34.001118,150.866629,13,0,2,1,1,0,0,0,2,0,7,60,1,14295,14295,3,5,0,2,0,0,0,0
1262693,3,2021,2021,8,1,7,30,31,80,19,0,1,10,-33.886836,151.168304,32,0,2,1,1,0,0,0,2,0,15,50,2,1282,1282,1,33,5,2,0,0,0,0
1262704,3,2021,2021,8,3,1,3371,17,33,3342,0,1,1,-33.642152,151.139413,31,0,2,0,0,0,0,0,0,0,7,80,2,4552,5151,8,34,40,1,0,0,0,0
1262708,3,2021,2021,8,0,9,4,18,24,12,0,1,1,-29.756488,153.104035,18,1,0,0,0,0,0,0,0,0,7,100,1,380,714,5,10,40,1,0,0,0,0
1262717,3,2021,2021,8,4,7,31,27,136,101,0,1,2,-32.918872,151.724321,48,0,2,1,3,0,0,0,2,0,7,60,2,5929,5929,1,30,5,2,0,0,0,0
1262721,3,2021,2021,8,4,5,80,27,316,50,0,1,10,-33.913163,151.24204,59,0,2,1,3,0,0,0,2,2,7,50,2,6545,6545,4,0,0,2,0,0,0,0
1262722,3,2021,2021,0,4,3,19,31,131,212,0,1,9,-33.786862,151.18142,77,0,2,1,3,0,3,4,2,2,7,60,2,1109,787,1,0,19,2,0,0,0,0
1262723,3,2021,2021,8,6,4,3371,17,30,3342,0,1,9,-33.188628,151.557599,16,2,2,1,3,0,0,0,2,2,7,80,2,14295,14295,3,8,5,2,0,0,0,0
1262725,3,2021,2021,0,4,6,36,36,16,139,0,1,9,-34.606581,146.408514,51,2,1,0,3,0,0,0,2,0,0,60,2,6545,6545,4,5,41,2,0,0,0,0
1262727,3,2021,2021,8,0,4,6,10,323,154,0,1,7,-33.796033,150.870786,7,0,2,1,3,0,0,0,2,0,0,60,1,1282,1282,1,5,0,3,0,0,0,0
1262733,3,2021,2021,8,6,5,234,27,337,217,0,1,1,-33.736869,151.001618,71,0,2,1,3,0,0,0,2,0,7,60,2,945,945,5,0,40,1,0,0,0,0
1262740,3,2021,2021,8,0,6,1,31,316,34609,0,1,1,-31.440773,152.923082,56,2,1,1,0,0,0,0,2,0,7,50,0,9859,9859,1,33,5,3,0,0,0,0
1262749,3,2021,2021,8,6,5,97,27,166,799,0,1,1,-33.929747,150.989716,15,0,2,1,0,0,3,4,2,0,7,70,2,101,101,8,33,36,2,0,0,0,0
1262757,3,2021,2021,8,3,10,2,31,125,34609,0,1,10,-33.837238,151.122911,61,0,2,1,2,0,0,0,0,0,0,50,0,5929,5929,1,5,40,2,0,0,0,0
1262767,3,2021,2021,8,4,7,265,17,7,193,0,1,2,-35.077432,147.358946,75,1,0,1,0,0,0,0,2,0,7,100,2,1383,1383,1,5,25,2,0,0,0,0
1262768,3,2021,2021,7,5,6,1,31,42,34609,0,1,1,-35.34875,149.24129,58,2,1,1,0,0,0,6,2,0,7,50,0,1981,1981,4,5,19,2,0,0,0,0
1262770,3,2021,2021,8,4,10,79,31,82,34609,0,1,10,-31.081714,150.934001,70,2,1,1,2,0,0,0,0,0,0,50,0,273,985,5,5,40,1,0,0,0,0
1262798,3,2021,2021,8,1,8,1104,14,609,962,0,1,3,-33.804379,150.908431,7,0,2,1,3,0,0,0,3,0,7,100,2,1391,1391,1,5,36,4,0,0,0,0
1262806,3,2021,2021,8,5,3,2261,17,35,2252,0,1,2,-34.940892,148.175794,20,1,0,0,3,0,3,3,2,0,7,110,2,4552,5151,8,5,40,1,0,0,0,0
1262807,3,2021,2021,8,3,8,168,17,36,212,0,1,1,-35.416289,149.788769,58,1,0,1,3,0,0,0,3,0,7,100,2,1089,1089,7,30,40,1,0,0,0,0
1262809,3,2021,2021,8,0,7,2,27,28,34609,0,1,9,-35.37187,149.232381,58,2,1,1,3,0,0,0,2,0,0,60,0,5929,5929,1,5,0,2,0,0,0,0
1262810,3,2021,2021,8,4,8,103,36,8,103,0,1,1,-32.02122,152.195516,43,1,0,0,3,0,3,4,3,0,7,90,1,4552,5151,8,5,40,1,0,0,0,0
1262813,3,2021,2021,8,2,7,361,23,143,38,0,1,2,-33.877018,151.100774,9,0,2,1,3,0,0,0,2,0,7,40,1,4026,4026,8,5,40,1,0,0,0,0
1262815,3,2021,2021,8,3,9,19,27,609,34609,0,1,7,-33.78988,150.890716,7,0,2,1,3,0,0,0,3,0,0,60,0,6545,6545,4,0,5,2,0,0,0,0
1262817,3,2021,2021,8,3,9,3,31,29,34609,0,1,9,-33.915009,150.885925,41,0,2,1,3,0,0,0,0,0,7,50,0,5929,5929,1,5,5,2,0,0,0,0
1262821,3,2021,2021,8,1,3,916,17,66,917,0,1,2,-32.812702,151.657392,48,0,2,1,3,0,0,0,2,0,7,90,2,14295,14295,3,0,5,2,0,0,0,0
1262822,3,2021,2021,8,0,7,361,23,253,165,0,1,10,-33.968767,151.10361,25,0,2,1,3,0,0,0,2,2,7,50,1,6545,6545,4,0,0,2,0,0,0,0
1262824,3,2021,2021,0,0,6,478,17,10,480,0,1,10,-33.436096,151.346405,16,2,2,1,3,0,0,3,2,2,7,60,2,6545,6545,4,5,0,2,0,0,0,0
1262829,3,2021,2021,8,5,8,33,27,89,34609,0,1,1,-33.893003,151.231707,69,0,2,1,3,0,3,4,3,0,7,40,0,14295,14295,3,5,0,3,0,0,0,0
1262831,3,2021,2021,0,0,11,3371,17,44,3342,0,1,7,-30.627447,152.97438,47,2,1,0,0,0,3,3,0,0,0,60,2,380,714,5,5,40,1,0,0,0,0
1262842,3,2021,2021,3,4,7,8,27,13,11,0,1,1,-35.623156,144.130329,51,2,1,1,1,0,0,0,2,0,7,50,1,941,941,1,0,10,2,0,0,0,0
1262843,3,2021,2021,0,2,4,21,27,234,61,0,1,1,-34.275492,146.089103,28,1,0,1,3,0,0,0,2,0,7,100,1,14295,14295,3,8,12,2,0,0,0,0
1262849,3,2021,2021,8,2,0,22,27,25,228,0,1,1,-33.615066,150.834284,29,2,2,1,3,0,3,4,0,0,7,60,2,4026,4026,8,5,40,1,0,0,0,0
1262856,3,2021,2021,8,1,7,2,1,182,34609,0,1,9,-32.831385,151.345375,17,2,1,1,3,0,0,0,2,0,7,50,0,1669,1669,3,0,13,2,0,0,0,0
1262858,3,2021,2021,8,1,4,255,31,22,70,0,1,7,-31.893513,152.507777,43,2,1,1,3,0,0,0,2,0,7,60,1,1669,1669,3,10,5,2,0,0,0,0
1262859,3,2021,2021,8,1,9,1,27,63,166,0,1,10,-33.2437,151.468672,16,2,2,1,3,0,0,0,3,2,7,70,2,5929,5929,1,30,5,2,0,0,0,0
1262861,3,2021,2021,8,6,5,251,14,79,124,0,1,6,-33.828146,151.214241,49,0,2,0,3,0,3,0,2,0,7,50,2,2585,4009,8,16,40,1,0,0,0,0
1262862,3,2021,2021,0,4,8,113,27,104,111,0,1,9,-33.803541,150.769411,55,0,2,1,3,0,0,3,2,0,0,80,2,2852,2852,4,5,5,2,0,0,0,0
1262865,3,2021,2021,8,3,6,255,27,15,260,0,1,10,-32.992106,151.600181,37,0,2,1,3,0,0,3,2,2,7,60,2,1383,1383,1,0,5,2,0,0,0,0
1262868,3,2021,2021,8,0,8,8,27,2,34609,0,1,1,-35.219837,148.24012,66,1,0,1,3,0,1,6,2,0,7,100,0,4026,4026,8,0,40,1,0,0,0,0
1262869,3,2021,2021,8,6,3,229,14,323,237,0,1,3,-33.771199,150.984711,71,0,2,1,3,0,0,3,2,0,7,100,2,14295,14295,3,0,0,2,0,0,0,0
1262871,3,2021,2021,8,5,9,230,27,197,284,0,1,9,-33.794401,151.134387,61,0,2,1,3,0,3,4,0,2,7,70,2,1391,1391,1,0,12,2,0,0,0,0
1262873,3,2021,2021,3,4,3,16,1,35,34609,0,1,7,-35.344545,149.214485,58,2,1,1,3,0,0,0,2,0,0,50,0,5929,5929,1,0,13,2,0,0,0,0
1262874,3,2021,2021,8,2,11,2209,17,130,2205,0,1,9,-34.459137,150.840873,80,0,2,1,3,0,0,0,0,2,7,60,1,775,775,4,5,13,2,0,0,0,0
1262876,3,2021,2021,7,0,10,14,1,198,32,0,1,9,-33.908749,151.101013,15,0,2,1,1,0,3,4,0,2,7,50,1,1669,1669,3,5,5,4,0,0,0,0
1262881,3,2021,2021,8,5,7,9,27,252,21,0,1,9,-33.932321,150.872343,41,0,2,1,3,0,3,3,2,2,7,60,2,5929,5929,1,5,13,3,0,0,0,0
1262894,3,2021,2021,8,5,9,26,31,363,34609,0,1,7,-33.760414,150.700686,55,0,2,1,2,0,0,0,0,0,0,50,0,6545,6545,4,0,5,2,0,0,0,0
1262905,3,2021,2021,8,3,3,1052,14,207,928,0,1,3,-33.557098,151.192772,31,0,2,1,0,0,0,0,2,0,7,110,2,9859,9859,8,9,40,1,0,0,0,0
1262920,3,2021,2021,8,0,9,97,10,8,34609,0,1,1,-28.678851,153.447735,10,2,1,1,0,0,0,0,2,0,7,80,0,3775,3775,0,10,36,2,0,0,0,0
1262922,3,2021,2021,7,6,8,478,17,89,480,0,1,7,-33.369156,151.475456,16,2,2,1,1,0,0,0,2,0,0,60,2,14295,14295,3,5,5,2,0,0,0,0
1262943,3,2021,2021,7,1,2,3371,17,10,3342,0,1,2,-32.079694,152.432404,43,1,0,0,2,0,0,0,0,0,7,100,2,4552,5151,8,8,40,1,0,0,0,0
1262946,3,2021,2021,8,2,1,25,31,57,34609,0,1,1,-34.672216,150.853365,35,2,1,1,2,0,0,0,0,0,7,50,0,9859,9859,1,30,13,3,0,0,0,0
1262954,3,2021,2021,8,0,7,32,18,161,34609,0,1,9,-33.729605,151.162882,36,0,2,1,3,0,0,0,2,0,7,50,0,2852,2852,4,0,25,2,0,0,0,0
1262955,3,2021,2021,8,3,3,916,17,165,917,0,1,1,-32.395175,150.97183,46,1,0,1,3,0,0,0,1,0,7,100,2,9859,9859,8,34,40,1,0,0,0,0
1262960,3,2021,2021,8,4,2,17,10,85,34609,0,1,1,-34.585075,150.786304,62,0,2,0,3,0,0,0,0,0,7,50,0,1957,4009,1,5,5,2,0,0,0,0
1262963,3,2021,2021,8,1,4,515,14,523,518,0,1,3,-33.938297,150.91449,41,0,2,1,3,0,0,0,2,0,7,100,2,14295,14295,3,5,5,3,0,0,0,0
1262967,3,2021,2021,8,1,7,515,14,189,518,0,1,3,-33.942781,151.053925,15,0,2,1,3,2,0,0,2,0,7,100,2,14295,14295,3,10,12,3,0,0,0,0
1262969,3,2021,2021,8,6,3,6,23,198,34609,0,1,1,-33.918862,151.098889,15,0,2,1,3,0,3,4,2,0,7,50,0,14295,14295,3,5,0,2,0,0,0,0
1262972,3,2021,2021,8,1,7,220,27,187,222,0,1,2,-33.789808,150.97755,54,0,2,1,3,0,0,0,2,0,7,80,2,14295,14295,3,0,0,3,0,0,0,0
1262974,3,2021,2021,8,0,9,232,36,134,331,0,1,9,-33.962365,150.819133,41,0,2,1,3,0,0,0,0,0,7,60,2,1391,1391,1,9,0,2,0,0,0,0
1262978,3,2021,2021,8,6,4,117,1,176,35,0,1,1,-33.964473,151.138209,4,0,2,1,3,0,3,4,2,0,7,60,2,1282,1282,1,21,5,2,0,0,0,0
1262980,3,2021,2021,8,5,1,3,31,122,34609,0,1,1,-33.427618,151.336624,16,2,2,0,3,0,0,0,0,0,7,60,0,4552,5151,1,30,0,3,0,0,0,0
1262981,3,2021,2021,8,3,9,3,27,80,34609,0,1,1,-34.547252,146.354771,51,1,0,1,3,0,0,0,0,0,7,100,0,945,945,5,10,40,1,0,0,0,0
1262983,3,2021,2021,3,0,11,2,27,79,34609,0,1,1,-33.978089,151.114285,25,0,2,0,3,0,0,0,0,0,7,50,0,1957,4009,1,5,0,3,0,0,0,0
1262984,3,2021,2021,8,2,1,44,31,127,34609,0,1,1,-33.891202,151.158176,32,0,2,1,0,0,0,0,0,0,7,50,0,9859,9859,1,5,5,3,0,0,0,0
1262996,3,2021,2021,0,1,7,3371,17,24,3342,1,2,9,-33.711025,151.104582,31,0,2,1,3,0,0,0,2,2,7,40,2,9859,9859,8,5,40,1,0,0,0,0
1263005,3,2021,2021,0,0,1,1052,27,69,262,0,1,7,-32.906644,151.692838,48,0,2,0,2,0,0,0,0,0,0,60,2,4552,5151,8,5,40,1,0,0,0,0
1263008,3,2021,2021,3,5,0,515,14,243,518,0,1,6,-33.938763,150.914448,41,0,2,1,2,0,0,0,0,0,7,60,2,1945,1945,5,5,40,1,0,0,0,0
1263025,3,2021,2021,8,4,10,866,17,187,793,0,1,2,-33.795678,150.984614,54,0,2,1,3,0,0,0,0,0,7,70,2,14295,14295,3,0,5,2,0,0,0,0
1263026,3,2021,2021,8,1,4,19,31,234,34609,0,1,10,-34.289356,146.03508,28,2,1,0,3,0,0,0,2,0,7,50,0,5929,5929,1,5,5,2,0,0,0,0
1263033,3,2021,2021,8,2,6,475,31,123,34609,0,1,10,-33.886426,151.231611,81,0,2,1,3,0,0,0,2,0,15,40,0,941,941,1,30,12,2,0,0,0,0
1263034,3,2021,2021,8,1,8,2126,17,77,2149,0,1,10,-33.884047,151.202241,69,0,2,1,3,0,0,0,3,2,7,50,2,14295,14295,3,5,25,2,0,0,0,0
1263036,3,2021,2021,8,0,3,2126,17,140,2149,0,1,9,-33.786214,150.843185,7,0,2,1,3,0,0,0,1,0,7,80,2,2852,2852,4,5,5,2,0,0,0,0
1263037,3,2021,2021,8,2,6,55,13,112,34609,0,1,1,-33.447706,151.445593,16,2,2,1,3,0,0,0,2,0,7,40,0,186,186,1,9,5,2,0,0,0,0
1263038,3,2021,2021,8,5,7,361,32,62,96,0,1,9,-33.89408,151.149844,32,0,2,0,3,0,0,0,2,2,7,60,2,1957,777,8,5,40,1,0,0,0,0
1263039,3,2021,2021,8,4,8,21,31,25,34609,0,1,10,-32.938879,151.766533,48,0,2,1,3,0,3,4,2,0,15,50,0,6545,6545,4,0,0,2,0,0,0,0
1263040,3,2021,2021,8,1,8,1,1,61,34609,0,1,7,-33.759575,151.134014,36,0,2,1,3,0,0,0,2,0,7,50,0,6545,6545,4,5,5,2,0,0,0,0
1263042,3,2021,2021,8,1,10,2209,17,137,2205,0,1,2,-34.046706,151.052101,68,0,2,0,3,0,0,0,0,0,7,80,2,4552,5151,1,5,35,3,0,0,0,0
1263043,3,2021,2021,8,5,5,53,31,53,34609,1,0,9,-33.848385,150.964188,21,0,2,1,3,0,3,4,2,0,7,50,0,2852,2852,4,21,5,2,0,0,0,0
1263044,3,2021,2021,8,4,8,330,27,7,25,0,1,9,-33.809131,151.138584,61,0,2,1,3,0,3,4,2,0,7,60,1,14295,14295,3,10,0,3,0,0,0,0
1263045,3,2021,2021,8,2,5,481,17,562,483,0,1,10,-32.246372,148.594604,22,2,1,1,3,0,0,0,2,0,0,60,2,5929,5929,1,5,5,2,0,0,0,0
1263046,3,2021,2021,8,2,7,12,10,39,34609,1,0,9,-32.738279,152.113778,57,2,1,1,3,0,0,0,2,0,0,50,0,301,301,4,0,5,2,0,0,0,0
1263048,3,2021,2021,8,3,9,126,1,226,144,0,1,9,-33.773813,150.815485,7,0,2,1,3,0,0,0,0,2,7,60,2,14295,14295,3,5,0,2,0,0,0,0
1263049,3,2021,2021,8,6,4,44,27,290,53,0,1,10,-33.954352,151.106028,4,0,2,1,3,0,0,0,2,0,0,60,1,19,19,1,10,0,2,0,0,0,0
1263050,3,2021,2021,8,3,7,1,27,3,34609,0,1,1,-33.121263,151.530452,37,0,2,1,3,0,0,0,2,0,7,70,0,941,941,1,10,5,2,0,0,0,0
1263051,3,2021,2021,8,2,11,1,10,85,34609,0,1,1,-33.799049,150.690943,55,0,2,0,3,0,0,0,0,0,7,50,0,4552,5151,1,5,5,2,0,0,0,0
1263060,3,2021,2021,8,1,4,89,17,58,173,0,1,2,-34.406887,150.89063,80,0,2,0,3,0,0,0,2,0,7,60,2,1282,1282,1,9,0,2,0,0,0,0
1263061,3,2021,2021,8,3,8,3,10,13,34609,0,1,2,-34.560246,150.751403,62,0,2,1,3,0,0,0,2,0,7,50,0,14295,14295,3,5,5,2,0,0,0,0
1263063,3,2021,2021,8,1,7,3371,17,463,3342,0,1,10,-30.289957,153.121076,19,2,1,1,3,0,0,0,2,2,7,60,2,14295,14295,3,30,0,2,0,0,0,0
1263065,3,2021,2021,8,5,1,1,27,57,34609,0,1,1,-33.661299,151.124931,31,0,2,1,3,0,0,0,0,0,7,50,0,9859,9859,1,0,0,2,0,0,0,0
1263067,3,2021,2021,8,6,2,4,31,18,34609,0,1,1,-34.499759,150.804384,80,0,2,1,3,0,0,0,0,0,7,50,0,9859,9859,1,5,12,3,0,0,0,0
1263072,3,2021,2021,8,3,8,9,31,157,34609,0,1,10,-33.801754,151.010773,54,0,2,1,3,0,0,0,2,0,15,50,0,6545,6545,4,5,5,2,0,0,0,0
1263075,3,2021,2021,8,6,8,222,27,14,40,0,1,10,-33.611809,150.904352,29,2,2,1,3,0,0,0,2,0,7,80,1,14295,14295,3,10,5,2,0,0,0,0
1263077,3,2021,2021,8,6,9,36,27,15,34609,0,1,1,-33.997607,151.048553,68,0,2,1,3,0,0,0,0,0,7,50,0,475,475,5,30,40,1,0,0,0,0
1263079,3,2021,2021,8,2,6,234,27,337,217,0,1,1,-33.729435,151.017468,31,0,2,1,3,0,3,4,2,0,7,60,2,5929,5929,1,5,0,2,0,0,0,0
1263114,3,2021,2021,8,0,7,21,31,182,34609,0,1,9,-32.835178,151.344711,17,2,1,1,0,0,3,4,2,0,7,50,0,9859,9859,8,10,40,1,0,0,0,0
1263120,3,2021,2021,8,1,9,103,36,106,157,0,1,1,-28.831167,153.023231,60,2,1,1,0,0,0,0,0,0,7,80,2,1089,1089,7,5,40,1,0,0,0,0
1263132,3,2021,2021,8,4,9,16,27,84,34609,0,1,1,-33.888217,150.949245,24,0,2,1,2,0,3,4,0,0,7,50,0,1282,1282,1,33,5,2,0,0,0,0
1263149,3,2021,2021,8,3,8,133,27,20,260,0,1,10,-32.935562,151.629175,37,0,2,1,2,0,3,3,3,2,7,60,2,14295,14295,3,5,5,3,0,0,0,0
1263152,3,2021,2021,3,3,0,5,27,445,34609,0,1,1,-33.867005,151.039878,21,0,2,1,2,0,3,0,0,0,7,50,0,9859,9859,1,10,0,4,0,0,0,0
1263168,3,2021,2020,2,4,1,2261,17,70,2252,0,1,2,-34.522408,150.294236,78,1,0,1,3,0,0,0,0,0,7,110,2,404,404,8,3,40,1,0,0,0,0
1263169,3,2021,2020,2,4,1,2261,17,70,2252,0,1,2,-34.522408,150.294236,78,1,0,1,3,0,0,0,0,0,7,110,2,404,404,8,29,40,1,0,0,0,0
1263171,3,2020,2020,5,0,7,49,31,72,702,0,1,9,-33.833937,151.089065,14,0,2,0,1,0,0,0,2,2,7,70,2,4552,5151,8,30,40,1,0,0,0,0
1263174,3,2021,2021,7,5,9,19,27,22,122,0,1,10,-34.529931,150.8691,80,0,2,1,1,0,0,0,2,2,7,60,2,14295,14295,3,34,19,2,0,0,0,0
1263182,3,2021,2021,0,4,5,28,31,273,34609,0,1,10,-34.423293,150.892704,80,0,2,1,1,0,0,0,2,0,15,50,0,186,186,1,5,5,2,0,0,0,0
1263188,3,2021,2021,0,3,3,14,27,157,14,0,1,9,-33.802574,151.00658,54,0,2,1,1,0,0,0,1,0,0,60,1,4026,4026,8,0,40,1,0,0,0,0
1263196,3,2021,2021,0,6,6,7,31,76,34609,0,1,1,-34.559464,150.369207,78,2,1,1,3,0,0,0,2,0,7,50,0,9859,9859,8,30,40,1,0,0,0,0
1263232,3,2021,2021,8,1,9,213,17,35,213,0,1,1,-29.912256,148.171266,51,1,0,1,3,0,0,6,3,0,7,110,2,9859,9859,8,5,40,1,0,0,0,0
1263236,3,2021,2021,8,1,11,84,31,31,34609,0,1,9,-31.117021,150.901779,70,2,1,1,2,0,0,0,0,0,0,50,0,782,985,5,5,40,1,0,0,0,0
1263238,3,2021,2021,8,0,9,110,27,36,173,0,1,2,-34.391164,150.858348,80,0,2,0,0,0,0,0,0,0,7,80,2,14295,14295,3,10,0,3,0,0,0,0
1263245,3,2021,2021,8,1,2,1104,14,223,962,0,1,6,-33.806342,150.916901,7,0,2,0,2,0,0,0,1,0,7,60,2,1192,1192,1,33,5,2,0,0,0,0
1263250,3,2021,2021,3,5,5,14,18,363,34609,0,1,10,-33.824613,151.006543,54,0,2,1,1,0,0,3,2,0,7,50,0,14295,14295,3,16,5,2,0,0,0,0
1263259,3,2021,2021,7,0,9,515,14,294,518,0,1,3,-33.93911,150.919049,41,0,2,1,3,0,0,0,3,0,7,100,2,14295,14295,3,5,5,2,0,0,0,0
1263260,3,2021,2021,3,3,8,2261,27,87,34609,0,1,7,-34.044062,151.155794,68,0,2,1,1,0,0,0,2,0,0,50,0,4552,985,1,9,5,4,0,0,0,0
1263263,3,2021,2021,7,5,2,3371,17,11,3342,0,1,7,-29.354356,153.249489,18,2,1,0,0,0,3,4,0,0,0,50,2,4552,5151,8,5,40,1,0,0,0,0
1263272,3,2021,2021,7,6,5,515,14,166,518,0,1,3,-33.946655,150.97181,15,0,2,1,3,0,0,0,2,0,7,100,2,1383,1383,1,3,0,2,0,0,0,0
1263273,3,2021,2021,8,1,11,72,27,72,56,0,1,9,-33.790906,151.065782,54,0,2,0,3,0,0,0,0,2,7,60,2,5929,5929,1,5,5,2,0,0,0,0
1263274,3,2021,2021,0,6,6,6,31,55,34609,0,1,1,-33.90453,151.08363,15,0,2,1,3,0,0,0,2,0,7,50,0,9859,9859,1,5,10,2,0,0,0,0
1263275,3,2021,2021,8,0,8,515,14,189,518,0,1,3,-33.942709,151.053373,15,0,2,1,3,0,0,0,2,0,7,100,2,14295,14295,3,10,40,2,0,0,0,0
1263276,3,2021,2021,8,6,4,71,27,33,69,0,1,1,-36.393362,148.594069,65,1,0,0,3,0,3,4,2,0,7,100,2,418,714,5,0,40,1,0,0,0,0
1263283,3,2021,2021,8,5,8,220,14,67,220,0,1,3,-34.424417,150.868678,80,0,2,1,3,0,0,0,2,0,7,90,2,14295,14295,3,5,13,2,0,0,0,0
1263285,3,2021,2021,8,1,8,1104,14,142,962,0,1,3,-33.827937,150.998322,54,0,2,1,3,0,0,0,0,0,7,90,2,14295,14295,3,0,5,2,0,0,0,0
1263288,3,2021,2021,8,0,7,54,27,38,563,0,1,9,-34.046271,150.987797,68,0,2,1,3,0,0,0,2,0,15,80,2,2852,2852,4,0,0,2,0,0,0,0
1263289,3,2021,2021,8,5,6,1,27,74,34609,0,1,1,-34.639433,147.999996,20,1,0,0,3,2,0,0,2,0,7,100,0,4552,5151,8,0,40,1,0,0,0,0
1263290,3,2021,2021,8,0,8,1052,27,219,262,0,1,2,-32.90387,151.683099,48,0,2,1,3,0,3,4,2,0,7,60,2,14295,14295,3,30,5,3,0,0,0,0
1263293,3,2021,2021,8,4,2,53,36,18,95,0,1,1,-33.271773,149.029956,11,1,0,1,0,0,0,0,0,0,7,100,2,186,186,1,8,5,2,0,0,0,0
1263297,3,2021,2021,8,6,7,2209,17,32,2205,0,1,9,-33.980153,151.120251,25,0,2,1,3,0,0,0,2,0,5,70,2,14295,14295,3,5,13,2,0,0,0,0
1263303,3,2021,2021,7,1,8,2261,17,284,2252,0,1,2,-33.907194,151.023441,15,0,2,1,1,0,0,0,3,0,7,60,2,941,941,1,5,0,2,0,0,0,0
1263307,3,2021,2021,7,2,8,2,31,129,34609,0,1,1,-33.929426,151.080949,15,0,2,1,0,0,3,4,3,0,7,50,0,84,84,8,5,40,1,0,0,0,0
1263308,3,2021,2021,0,1,7,1,27,11,34609,0,1,9,-29.662243,152.867208,18,2,1,1,0,0,0,0,2,0,7,80,0,6545,6545,4,5,41,2,0,0,0,0
1263309,3,2021,2021,0,5,6,111,27,57,233,0,1,9,-33.944112,151.226838,4,0,2,1,1,0,0,0,2,2,7,60,2,1192,1192,1,0,13,2,0,0,0,0