Crash ID,Degree of crash - detailed,Reporting year,Year of crash,Month of crash,Day of week of crash,Two-hour intervals,Street of crash,Street type,Town,Route no.,School zone location,School zone active,Type of location,Latitude,Longitude,LGA,Urbanisation,Conurbation 1,Alignment,Street lighting,Road surface,Surface condition,Weather,Natural lighting,Signals operation,Other traffic control,Speed limit,Road classification,RUM - code,DCA - code,First impact type,Key TU type,Other TU type,No. of traffic units involved,No. killed,No. seriously injured,No. moderately injured,No. minor-other injured
1263319,3,2021,2021,8,5,9,16,7,148,34609,0,1,10,-36.041724,146.962461,0,2,1,1,2,0,0,0,0,0,15,60,0,6545,6545,4,10,5,2,0,0,0,0
1263330,3,2021,2021,8,4,8,62,10,91,169,0,1,10,-32.813628,151.635585,48,0,2,1,3,0,0,0,3,2,0,60,2,14295,14295,3,10,25,5,0,0,0,0
1263331,3,2021,2021,8,3,8,63,27,12,34,0,1,9,-32.948436,151.684426,37,0,2,1,3,0,0,0,3,2,7,60,1,2852,2852,4,5,0,2,0,0,0,0
1263332,3,2021,2021,8,2,5,105,17,223,136,0,1,10,-33.806649,150.916503,7,0,2,1,3,0,0,0,2,2,7,60,2,14295,14295,3,8,5,2,0,0,0,0
1263336,3,2021,2021,8,3,7,168,10,21,260,0,1,9,-33.948258,151.166094,4,0,2,1,3,0,0,0,2,0,7,70,2,14295,14295,3,0,0,2,0,0,0,0
1263337,3,2021,2021,8,5,3,109,27,95,382,0,1,9,-33.734102,150.846947,7,0,2,1,3,0,0,0,2,2,7,60,2,1391,1391,1,8,12,2,0,0,0,0
1263338,3,2021,2021,8,6,7,59,31,77,53,0,1,10,-33.886801,151.198762,69,0,2,1,3,0,0,0,2,0,0,50,2,6545,6545,4,5,18,2,0,0,0,0
1263339,3,2021,2021,8,3,8,515,14,252,518,0,1,3,-33.948097,150.89137,41,0,2,1,3,0,0,0,0,0,7,100,2,1391,1391,1,9,5,2,0,0,0,0
1263341,3,2021,2021,8,0,9,3,27,2,34609,0,1,1,-28.843488,152.979665,60,1,0,0,3,0,0,0,0,0,7,100,0,1089,1089,7,5,40,1,0,0,0,0
1263344,3,2021,2021,8,6,4,42,36,33,18,0,1,9,-36.419084,148.610444,65,2,1,1,3,0,3,4,2,0,7,60,1,4552,985,8,10,40,1,0,0,0,0
1263345,3,2021,2021,8,6,10,251,27,62,212,0,1,10,-33.752501,151.252909,50,0,2,1,3,0,0,0,0,2,7,70,2,5929,5929,1,0,0,2,0,0,0,0
1263346,3,2021,2021,8,6,8,6,31,149,34609,0,1,7,-33.993438,151.136771,4,0,2,1,3,0,0,0,2,0,0,50,0,6545,6545,4,5,27,2,0,0,0,0
1263347,3,2021,2021,8,1,0,171,27,73,369,0,1,1,-33.701969,150.72513,55,0,2,1,3,0,0,0,0,0,7,80,2,9859,9859,8,0,40,1,0,0,0,0
1263351,3,2021,2021,0,1,7,8,31,207,34609,0,1,7,-31.951241,141.462946,51,2,1,1,3,0,0,0,2,0,0,50,0,6545,6545,4,0,13,2,0,0,0,0
1263358,3,2021,2021,8,0,8,866,17,171,793,0,1,10,-33.811799,150.965384,21,0,2,1,0,0,0,0,2,2,7,70,2,14295,14295,3,0,13,2,0,0,0,0
1263374,3,2021,2021,8,6,6,15,27,30,33,0,1,1,-34.416298,150.334788,78,2,1,0,0,0,3,4,2,0,7,80,1,1957,4009,8,34,40,1,0,0,0,0
1263377,3,2021,2021,8,3,5,22,31,337,34609,0,1,1,-33.730745,151.003387,71,0,2,1,1,0,0,0,2,0,7,50,0,9859,9859,1,33,0,2,0,0,0,0
1263379,3,2021,2021,0,1,3,26,17,5,13,0,1,9,-29.068906,149.634899,51,1,0,1,1,0,0,0,2,0,7,100,2,1192,1192,1,26,13,2,0,0,0,0
1263383,3,2021,2021,0,5,9,25,27,25,143,0,1,9,-32.965255,149.822538,44,1,0,0,0,0,0,0,0,0,0,100,2,1089,1089,7,9,40,1,0,0,0,0
1263385,3,2021,2021,8,3,9,204,31,15,82,0,1,7,-35.149395,147.349372,75,2,1,0,2,0,0,0,0,0,0,60,1,6545,6545,4,10,5,2,0,0,0,0
1263392,3,2021,2021,8,3,4,17,31,117,34609,0,1,1,-28.178598,153.539686,72,2,1,1,1,0,0,0,2,0,7,50,0,9859,9859,1,5,5,2,0,0,0,0
1263412,3,2021,2021,0,4,5,29,1,84,34609,0,1,1,-33.808099,150.985215,21,0,2,1,2,0,0,0,2,0,7,50,0,9859,9859,1,5,5,3,0,0,0,0
1263431,3,2021,2021,0,0,6,3,27,5,34609,0,1,1,-28.650505,152.111378,51,1,0,0,0,0,0,0,2,0,7,100,0,395,395,1,0,5,2,0,0,0,0
1263452,3,2021,2021,0,4,7,387,27,12,34609,0,1,1,-33.980098,151.045724,25,0,2,0,0,0,0,0,2,0,7,50,0,2585,4009,1,9,5,4,0,0,0,0
1263453,3,2021,2021,0,1,9,2,31,102,34609,0,1,1,-31.108475,150.900142,70,2,1,1,3,0,0,0,0,0,7,50,0,9859,9859,8,5,40,1,0,0,0,0
1263465,3,2021,2021,8,1,8,76,27,107,34609,0,1,1,-33.279232,151.422528,16,2,2,1,3,0,0,0,2,0,7,50,0,9859,9859,1,5,13,2,0,0,0,0
1263472,3,2021,2021,0,6,9,1,1,161,34609,0,1,9,-33.734007,151.173441,36,0,2,0,3,0,0,0,3,0,7,50,0,1957,777,8,0,40,1,0,0,0,0
1263473,3,2021,2021,8,5,9,56,27,323,38,0,1,9,-33.762827,150.990079,71,0,2,1,3,0,3,4,0,0,7,60,1,3775,3775,0,0,5,2,0,0,0,0
1263480,3,2021,2021,8,0,4,55,36,22,35,0,1,1,-32.876599,149.94068,44,1,0,0,3,0,3,3,2,0,7,100,1,4552,5151,8,5,40,1,0,0,0,0
1263483,3,2021,2021,8,3,10,7,31,65,34609,0,1,9,-33.808639,150.959793,21,0,2,1,2,0,0,0,0,0,7,50,0,9859,9859,1,5,36,2,0,0,0,0
1263486,3,2021,2021,7,1,10,294,17,6,288,0,1,1,-34.545909,142.684484,51,1,0,0,3,0,0,0,0,0,7,110,2,782,957,5,10,40,1,0,0,0,0
1263495,3,2021,2021,8,6,9,9,27,37,34609,0,1,1,-34.64715,150.814309,35,2,1,0,3,0,0,0,0,0,7,80,0,2585,4009,8,5,40,1,0,0,0,0
1263496,3,2021,2021,8,0,7,44,31,12,34609,0,1,9,-32.928154,151.598816,37,0,2,1,3,0,0,0,2,0,7,50,0,14295,14295,3,5,13,2,0,0,0,0
1263499,3,2021,2021,8,4,11,22,10,387,64,0,1,10,-33.932149,151.1861,4,0,2,1,3,0,0,0,0,2,7,70,2,6545,6545,4,5,5,2,0,0,0,0
1263501,3,2021,2021,8,6,5,109,27,204,105,1,0,10,-33.895041,150.941925,24,0,2,1,3,0,0,0,2,2,7,60,2,623,623,3,5,13,2,0,0,0,0
1263504,3,2021,2021,0,4,7,481,17,20,483,0,1,9,-31.006337,149.408785,51,1,0,1,3,0,0,0,2,0,7,110,2,323,323,1,0,0,2,0,0,0,0
1263505,3,2021,2021,8,3,4,3371,17,13,3342,0,1,2,-29.143832,153.315366,60,1,0,1,3,0,0,0,2,0,7,110,2,4026,4026,8,5,40,1,0,0,0,0
1263506,3,2021,2021,8,6,8,3,27,9,34609,0,1,1,-32.457876,150.988687,64,1,0,1,3,0,0,0,2,0,7,100,0,78,78,8,29,40,1,0,0,0,0
1263510,3,2021,2021,8,0,4,916,17,31,917,0,1,9,-31.134271,150.923442,70,2,1,1,3,0,0,0,2,0,7,60,2,941,941,1,5,40,2,0,0,0,0
1263511,3,2021,2021,8,5,8,109,27,137,105,0,1,9,-33.895599,150.908609,24,0,2,1,3,0,0,0,3,0,15,60,2,775,775,4,5,5,2,0,0,0,0
1263512,3,2021,2021,8,3,3,4,27,460,34609,0,1,1,-33.831383,150.984854,21,0,2,1,3,0,0,0,1,0,7,50,0,4026,4026,1,5,0,4,0,0,0,0
1263513,3,2021,2021,8,1,7,2261,17,23,2252,0,1,9,-34.803412,148.693023,82,1,0,0,3,0,3,4,2,0,7,110,2,380,714,5,5,40,1,0,0,0,0
1263514,3,2021,2021,8,4,11,2,27,2,34609,0,1,1,-31.645324,152.835222,56,1,0,0,3,0,0,0,0,0,7,100,0,1957,4009,8,5,40,1,0,0,0,0
1263515,3,2021,2021,8,0,7,230,27,197,284,0,1,9,-33.796652,151.137071,61,0,2,1,3,0,0,0,2,2,7,70,2,1282,1282,1,8,5,2,0,0,0,0
1263518,3,2021,2021,8,0,4,3371,17,16,3342,0,1,9,-33.186473,151.58406,16,2,2,1,3,0,0,0,2,0,0,80,2,2852,2852,4,5,0,2,0,0,0,0
1263519,3,2021,2021,8,6,8,17,36,68,19,0,1,1,-34.811503,148.887902,82,2,1,1,3,0,0,0,3,0,7,80,1,14295,14295,3,5,5,2,0,0,0,0
1263520,3,2021,2021,8,2,11,2261,17,443,2252,0,1,10,-33.901037,151.045328,15,0,2,1,3,0,0,0,0,2,7,70,2,5929,5929,1,0,13,3,0,0,0,0
1263524,3,2021,2021,8,3,1,193,31,316,34609,0,1,1,-31.41686,152.896347,56,2,1,0,3,0,3,4,0,0,7,50,0,380,714,5,34,40,1,0,0,0,0
1263526,3,2021,2021,8,0,4,2261,17,93,2252,0,1,2,-36.093061,146.923327,0,1,0,1,3,0,3,4,2,0,7,110,2,14295,14295,3,0,36,3,0,0,0,0
1263527,3,2021,2021,8,1,4,34,31,165,34609,0,1,10,-32.263958,150.893713,46,2,1,1,3,0,0,0,2,0,15,50,0,6545,6545,4,5,5,2,0,0,0,0
1263530,3,2021,2021,8,4,7,25,27,133,34609,0,1,10,-34.493243,150.790385,80,0,2,1,3,0,0,0,2,0,7,50,0,14295,14295,3,5,5,2,0,0,0,0
1263533,3,2021,2021,0,3,6,42,36,33,18,0,1,1,-36.447326,148.609272,65,1,0,0,0,0,0,0,2,0,7,100,1,4552,5151,8,0,40,1,0,0,0,0
1263535,3,2021,2021,8,6,6,3371,17,32,3342,0,1,9,-32.951399,151.714043,48,0,2,0,3,0,0,0,2,2,9,60,2,1282,1282,1,0,5,4,0,0,0,0
1263537,3,2021,2021,8,6,7,2,1,187,34609,0,1,9,-33.885639,150.974579,24,0,2,0,3,0,0,0,2,0,7,50,0,1850,1463,5,25,40,1,0,0,0,0
1263538,3,2021,2021,8,0,9,55,10,96,47,0,1,1,-33.434405,151.393598,16,2,2,1,3,0,0,0,0,0,7,60,2,1981,1981,4,5,0,2,0,0,0,0
1263539,3,2021,2021,8,4,8,32,14,108,124,0,1,3,-33.81248,151.178607,77,0,2,1,3,0,0,0,0,0,7,60,2,14295,14295,3,30,5,3,0,0,0,0
1263540,3,2021,2021,8,2,9,92,27,129,244,1,0,9,-33.895301,151.108576,15,0,2,1,3,0,0,0,3,2,7,60,2,1282,1282,1,27,5,2,0,0,0,0
1263546,3,2021,2021,8,5,7,2209,17,26,2205,0,1,10,-33.919734,151.168599,32,0,2,1,0,0,3,4,2,0,7,60,2,1282,1282,1,8,12,2,0,0,0,0
1263556,3,2021,2021,8,0,3,500,27,293,799,0,1,10,-33.932471,151.044852,15,0,2,1,3,0,0,0,1,2,7,60,2,6545,6545,4,0,5,2,0,0,0,0
1263558,3,2021,2021,8,6,6,60,27,239,167,1,0,9,-34.034229,151.118851,68,0,2,1,3,0,0,0,2,0,0,70,2,14295,14295,3,10,5,3,0,0,0,0
1263560,3,2021,2021,8,5,4,79,31,562,34609,0,1,2,-32.253716,148.605659,22,2,1,1,3,0,0,0,2,0,7,50,0,78,78,8,5,40,1,0,0,0,0
1263561,3,2021,2021,8,6,8,35,27,91,96,0,1,9,-32.960939,151.664258,37,0,2,1,3,0,0,0,3,0,15,70,2,14295,14295,3,5,13,3,0,0,0,0
1263562,3,2021,2021,8,4,9,387,27,290,331,1,0,9,-33.961781,151.114594,4,0,2,1,3,0,3,4,0,0,7,60,2,3775,3775,0,5,5,2,0,0,0,0
1263564,3,2021,2021,8,1,8,475,10,100,268,1,2,9,-33.896123,150.892607,24,0,2,1,3,0,0,0,2,2,7,40,2,14295,14295,3,0,0,2,0,0,0,0
1263565,3,2021,2021,8,0,8,14,31,646,34609,0,1,1,-33.930277,151.024556,15,0,2,1,3,0,0,3,2,0,7,50,0,941,941,1,10,5,2,0,0,0,0
1263567,3,2021,2021,8,4,10,54,27,646,30,0,1,9,-33.914639,151.040054,15,0,2,1,3,0,3,3,0,2,7,60,1,5929,5929,1,21,0,2,0,0,0,0
1263570,3,2021,2021,8,2,10,5,31,137,34609,0,1,10,-32.962444,151.697411,37,0,2,1,3,0,0,0,0,0,15,50,0,6545,6545,4,21,5,2,0,0,0,0
1263573,3,2021,2021,8,5,9,134,10,104,133,0,1,2,-33.831749,151.01954,54,0,2,1,3,0,0,0,0,0,7,70,2,14295,14295,3,5,13,4,0,0,0,0
1263574,3,2021,2021,8,2,3,193,31,9,7,0,1,1,-32.42806,151.553567,51,2,1,0,3,0,0,0,2,0,7,50,1,1850,1463,5,30,40,1,0,0,0,0
1263576,3,2021,2021,8,6,7,21,31,157,34609,0,1,7,-33.803101,151.013203,54,0,2,0,3,0,0,0,2,0,0,50,0,14295,14295,3,0,5,2,0,0,0,0
1263579,3,2021,2021,8,1,6,3,31,58,34609,0,1,1,-28.539306,153.550396,10,2,1,1,3,0,0,0,2,0,7,50,0,9859,9859,1,8,5,3,0,0,0,0
1263581,3,2021,2021,8,6,3,26,10,8,68,0,1,7,-34.078849,150.79773,13,0,2,0,3,0,0,0,1,0,0,60,1,6545,6545,4,5,5,2,0,0,0,0
1263587,3,2021,2021,8,1,6,5,1,445,6,0,1,1,-33.859978,151.055948,21,0,2,1,3,0,0,0,2,0,7,60,1,941,941,1,5,5,2,0,0,0,0
1263595,3,2021,2021,8,1,9,4,1,63,34609,0,1,1,-33.929792,151.212861,4,0,2,1,0,0,0,0,0,0,7,50,0,9859,9859,1,5,0,2,0,0,0,0
1263603,3,2021,2021,8,4,6,4,27,55,34609,0,1,1,-33.881569,151.271959,76,0,2,1,3,0,2,6,2,0,7,50,0,9859,9859,1,5,36,2,0,0,0,0
1263606,3,2021,2021,0,1,8,11,27,197,6,1,0,1,-33.947165,151.078537,25,0,2,1,2,0,0,0,2,0,7,50,1,9859,9859,8,5,40,1,0,0,0,0
1263643,3,2021,2021,8,5,8,475,10,137,268,0,1,9,-33.913579,150.906813,41,0,2,1,0,0,0,0,3,0,0,70,2,775,775,4,5,40,2,0,0,0,0
1263644,3,2021,2021,0,6,0,5,27,197,22,0,1,6,-33.800396,151.118782,61,0,2,0,2,0,0,0,0,0,7,60,1,1957,4009,8,5,40,1,0,0,0,0
1263646,3,2021,2021,8,4,8,1052,14,207,928,0,1,3,-33.600077,151.169626,31,0,2,1,0,0,3,4,3,0,7,110,2,1192,1192,1,0,13,2,0,0,0,0
1263649,3,2021,2021,8,6,3,26,31,162,34609,0,1,9,-33.843361,150.910477,24,0,2,1,1,0,0,0,2,0,0,60,0,515,515,1,3,5,2,0,0,0,0
1263664,3,2021,2021,8,4,8,1052,14,207,928,0,1,3,-33.600051,151.169653,31,0,2,1,0,0,3,4,3,0,7,110,2,14295,14295,3,29,13,3,0,0,0,0
1263687,3,2021,2021,0,4,7,1104,14,323,962,0,1,3,-33.798978,150.858644,7,0,2,1,0,0,0,0,2,0,7,100,2,1383,1383,1,5,36,3,0,0,0,0
1263689,3,2021,2021,7,3,10,3,31,169,34609,0,1,1,-28.636706,153.582414,10,2,1,1,2,0,0,0,0,0,7,50,0,4026,4026,8,9,40,1,0,0,0,0
1263691,3,2021,2021,0,5,4,1,31,433,34609,0,1,0,-33.285132,149.102081,52,2,1,1,1,0,3,0,2,0,7,50,0,1109,787,1,10,5,2,0,0,0,0
1263692,3,2021,2021,8,3,6,118,27,646,118,0,1,9,-33.922901,151.030701,15,0,2,1,1,0,0,0,2,0,7,50,1,14295,14295,3,5,5,2,0,0,0,0
1263699,3,2021,2021,8,3,4,162,31,14,172,0,1,7,-32.966687,151.652263,37,0,2,1,1,0,0,0,2,0,0,60,2,1669,1669,3,5,5,2,0,0,0,0
1263702,3,2021,2021,8,0,5,1,31,166,34609,0,1,9,-33.892903,151.1807,69,0,2,1,1,0,0,0,2,0,7,40,0,489,489,8,0,40,1,0,0,0,0
1263706,3,2021,2021,0,5,10,39,27,284,563,0,1,9,-33.903005,151.036898,15,0,2,0,2,0,0,0,0,2,0,70,2,5929,5929,1,10,5,2,0,0,0,0
1263733,3,2021,2021,8,2,3,77,31,64,563,0,1,9,-33.887192,151.039501,21,0,2,1,3,0,0,0,1,0,0,80,2,63,63,4,5,5,2,0,0,0,0
1263734,3,2021,2021,8,5,8,829,27,149,770,0,1,2,-33.863993,151.170395,32,0,2,1,3,0,0,3,0,0,7,60,2,14295,14295,3,5,5,2,0,0,0,0
1263735,3,2021,2021,8,4,1,52,27,106,53,0,1,1,-33.927053,151.097595,15,0,2,1,3,0,0,0,0,0,7,50,1,9859,9859,1,30,0,2,0,0,0,0
1263741,3,2021,2021,8,1,3,866,17,110,793,0,1,2,-33.791212,151.000097,54,0,2,0,3,0,0,0,2,0,7,90,2,14295,14295,3,5,5,2,0,0,0,0
1263744,3,2021,2021,8,0,7,117,1,176,35,0,1,9,-33.965194,151.143249,4,0,2,1,3,0,3,3,2,0,0,60,2,2852,2852,4,5,5,2,0,0,0,0
1263747,3,2021,2021,8,4,1,103,27,12,98,0,1,1,-32.996589,150.684366,64,1,0,0,3,0,3,4,0,0,7,100,2,4552,5151,8,34,40,1,0,0,0,0
1263748,3,2021,2021,8,6,6,9,27,96,34609,0,1,1,-33.439819,151.391708,16,2,2,1,3,0,0,0,2,0,7,50,0,3775,3775,0,0,0,2,0,0,0,0
1263749,3,2021,2021,8,5,3,191,17,6,189,0,1,1,-32.325315,150.545428,46,1,0,0,3,0,0,0,1,0,7,100,2,1089,1089,7,5,40,1,0,0,0,0
1263750,3,2021,2021,8,6,8,117,1,115,121,0,1,9,-34.035522,151.069183,68,0,2,1,3,0,0,0,3,0,7,60,1,5929,5929,1,0,5,2,0,0,0,0
1263752,3,2021,2021,8,1,7,9,27,284,34609,0,1,1,-33.898282,151.012602,15,0,2,1,3,0,0,0,2,0,7,50,0,4026,4026,1,0,5,2,0,0,0,0
1263753,3,2021,2021,8,0,9,60,27,219,262,0,1,7,-32.910869,151.646507,48,0,2,0,3,0,0,0,3,0,0,90,2,4552,5151,8,5,40,1,0,0,0,0
1263757,3,2021,2021,8,5,9,485,27,40,769,0,1,2,-33.726339,150.972934,71,0,2,0,3,0,0,0,0,0,7,70,2,14295,14295,3,5,5,3,0,0,0,0
1263766,3,2021,2021,8,2,5,4,27,4,34609,0,1,1,-32.341945,151.761603,51,1,0,0,3,2,0,0,2,0,7,100,0,2585,4009,8,5,40,1,0,0,0,0
1263771,3,2021,2021,8,3,8,77,31,64,563,0,1,9,-33.885742,151.039934,21,0,2,1,3,0,0,0,0,2,7,80,2,14295,14295,3,5,5,3,0,0,0,0
1263772,3,2021,2021,8,6,9,16,27,89,34609,0,1,9,-33.685709,150.781514,55,0,2,1,3,0,0,0,2,0,7,70,0,489,489,8,0,40,1,0,0,0,0
1263774,3,2021,2021,8,6,10,2209,17,32,2205,0,1,10,-33.978527,151.122623,25,0,2,1,3,0,0,0,0,2,7,70,2,1383,1383,1,30,25,2,0,0,0,0
1263776,3,2021,2021,8,6,7,112,27,31,256,0,1,7,-34.03053,150.830528,13,0,2,0,3,0,0,0,2,0,0,70,2,2852,2852,4,0,13,2,0,0,0,0
1263778,3,2021,2021,8,0,8,5,31,77,34609,0,1,10,-32.561138,151.177255,64,2,1,1,3,0,0,0,3,0,0,50,0,6545,6545,4,0,5,2,0,0,0,0
1263779,3,2021,2021,8,1,4,21,27,147,34609,0,1,10,-33.891609,150.998032,15,0,2,1,3,0,0,0,2,0,0,60,0,6545,6545,4,5,5,2,0,0,0,0
1263780,3,2021,2021,8,2,6,3371,17,149,3342,0,1,9,-33.34657,151.370537,16,2,2,0,3,0,0,0,2,0,15,60,2,941,941,1,5,0,2,0,0,0,0
1263782,3,2021,2021,8,4,5,8,22,54,34609,0,1,3,-33.725992,151.090253,31,0,2,1,3,0,0,0,2,0,7,80,2,1192,1192,1,5,2,2,0,0,0,0
1263783,3,2021,2021,8,1,8,348,17,105,232,0,1,7,-32.590398,149.583694,44,2,1,1,3,0,0,0,3,0,0,50,2,6545,6545,4,10,41,2,0,0,0,0
1263784,3,2021,2021,0,0,11,12,27,36,42,0,1,1,-35.408169,149.820636,58,1,0,1,3,0,3,4,0,0,7,100,1,1089,1089,7,0,40,1,0,0,0,0
1263786,3,2021,2021,8,0,8,125,27,108,123,0,1,7,-33.306117,151.409132,16,2,2,1,3,0,3,0,2,0,0,70,2,941,941,1,0,5,2,0,0,0,0
1263787,3,2021,2021,8,4,3,3,31,234,34609,0,1,7,-34.274394,146.037444,28,2,1,1,3,0,0,0,1,0,0,50,0,6545,6545,4,0,5,2,0,0,0,0
1263789,3,2021,2021,8,1,5,829,1,225,34609,0,1,9,-33.795129,151.186895,77,0,2,1,3,0,0,0,2,2,9,40,0,1981,1981,4,30,5,2,0,0,0,0
1263790,3,2021,2021,8,6,8,4,31,92,34609,0,1,7,-33.871143,150.977188,24,0,2,1,3,0,0,0,2,0,7,50,0,941,941,1,5,5,2,0,0,0,0
1263791,3,2021,2020,2,1,4,67,10,4,34,0,1,1,-34.262772,150.527937,78,1,0,1,3,0,0,0,2,0,7,100,1,9859,9859,8,5,40,1,0,0,0,0
1263792,3,2021,2021,8,4,2,97,17,53,88,0,1,2,-35.164626,149.309973,58,1,0,0,3,0,3,4,1,0,7,110,2,1957,4009,8,10,40,1,0,0,0,0
1263794,3,2021,2021,0,0,5,6,25,387,34609,0,1,9,-33.941569,151.190084,4,0,2,1,3,0,0,0,2,0,7,40,0,926,926,4,0,5,2,0,0,0,0
1263798,3,2021,2021,7,5,2,4,31,70,34609,0,1,1,-33.872935,150.874391,24,0,2,1,1,0,0,0,0,0,7,50,0,4026,4026,1,0,13,3,0,0,0,0
1263805,3,2021,2021,8,5,3,143,31,252,19,0,1,1,-33.877638,151.213123,69,0,2,1,3,0,3,3,2,0,7,40,1,3775,3775,0,10,12,2,0,0,0,0
1263811,3,2021,2021,3,0,10,8,10,31,34609,0,1,1,-33.924894,150.884159,41,0,2,1,2,0,0,6,0,0,7,50,0,9859,9859,1,33,13,2,0,0,0,0
1263827,3,2021,2021,7,5,5,485,27,52,769,0,1,2,-33.701654,150.929208,7,0,2,1,1,0,0,0,2,0,7,80,2,3775,3775,0,5,5,3,0,0,0,0
1263831,3,2021,2021,4,3,8,126,27,74,168,0,1,2,-34.060681,150.78272,13,0,2,0,3,0,0,0,2,2,9,80,2,52,52,6,5,40,1,0,0,0,0
1263877,3,2021,2021,8,0,11,98,27,52,382,0,1,1,-33.639669,150.783983,55,0,2,1,3,0,0,0,0,0,7,80,2,9859,9859,8,5,40,1,0,0,0,0
1263878,3,2021,2021,8,1,6,9,1,70,34609,0,1,10,-33.258309,151.510284,16,2,2,1,3,0,0,0,2,0,0,50,0,6545,6545,4,5,13,2,0,0,0,0
1263902,3,2021,2021,7,3,2,1052,14,60,928,0,1,3,-33.433225,151.256126,16,1,2,1,0,0,0,0,0,0,7,110,2,4026,4026,8,10,40,1,0,0,0,0
1263906,3,2021,2021,0,2,0,5,31,62,34609,0,1,1,-32.926186,151.610468,37,0,2,1,2,0,0,0,0,0,7,50,0,4026,4026,8,0,40,1,0,0,0,0
1263926,3,2021,2021,8,5,6,171,31,609,34609,0,1,1,-33.773041,150.909211,7,0,2,1,1,0,0,0,2,0,7,40,0,9859,9859,8,30,40,1,0,0,0,0
1263956,3,2021,2021,7,5,7,23,10,15,47,0,1,2,-32.89601,151.712015,48,0,2,1,3,0,3,3,2,0,7,60,2,14295,14295,3,5,5,2,0,0,0,0
1263962,3,2021,2021,0,4,3,27,27,54,65,0,1,1,-33.69712,150.999167,71,0,2,1,3,0,0,0,2,0,7,60,1,9859,9859,1,0,0,2,0,0,0,0
1263968,3,2021,2021,8,6,7,11,18,8,17,0,1,9,-30.957009,152.987282,34,2,1,0,3,0,0,0,2,0,0,80,1,6545,6545,4,0,13,2,0,0,0,0
1263970,3,2021,2021,8,4,7,5,31,39,34609,1,2,10,-35.315261,148.228823,66,2,1,1,3,0,0,0,2,0,0,40,0,6545,6545,4,0,0,2,0,0,0,0
1263971,3,2021,2021,8,2,8,196,10,24,168,0,1,1,-33.962234,150.981683,15,0,2,0,3,0,0,0,3,0,7,60,2,14295,14295,3,0,36,2,0,0,0,0
1263972,3,2021,2021,8,4,11,220,14,29,220,0,1,3,-34.407085,150.883525,80,0,2,1,3,0,0,0,0,0,7,80,2,1089,1089,7,30,40,1,0,0,0,0
1263973,3,2021,2021,8,2,5,5,10,120,34609,0,1,1,-32.197336,152.519958,43,2,1,1,3,0,0,0,2,0,7,50,0,941,941,1,34,36,2,0,0,0,0
1263975,3,2021,2021,8,4,9,71,27,14,69,0,1,9,-36.390029,148.672321,65,1,0,0,3,0,0,0,0,0,7,100,2,14295,14295,3,5,41,2,0,0,0,0
1263978,3,2021,2021,8,0,6,35,10,132,148,0,1,1,-34.156842,151.021515,68,0,2,0,3,0,3,0,2,0,7,60,2,4552,5151,8,0,40,1,0,0,0,0
1263980,3,2021,2021,8,6,6,2,31,64,34609,0,1,1,-33.478196,150.157929,40,2,1,1,3,0,0,0,2,0,7,50,0,9859,9859,1,5,5,2,0,0,0,0
1263981,3,2021,2021,8,4,9,481,17,155,483,0,1,10,-33.140764,148.171822,53,2,1,1,3,0,0,0,2,0,0,50,2,926,926,4,10,41,2,0,0,0,0
1263982,3,2021,2021,8,4,8,1,18,104,34609,0,1,1,-33.834652,151.219393,49,0,2,1,3,0,0,0,2,0,7,50,0,489,489,8,0,40,1,0,0,0,0
1263983,3,2021,2021,8,5,7,165,31,134,34609,0,1,10,-33.67503,150.862531,7,0,2,1,3,0,0,0,2,0,0,50,0,6545,6545,4,9,0,2,0,0,0,0
1263984,3,2021,2021,8,4,3,34,31,79,44,0,1,9,-33.827649,151.214227,49,0,2,1,3,0,0,0,1,2,7,50,1,5929,5929,1,5,5,2,0,0,0,0
1263985,3,2021,2021,8,0,8,2126,17,218,2149,0,1,2,-33.77213,150.78178,55,0,2,1,3,0,0,0,2,0,7,60,2,1391,1391,1,8,5,2,0,0,0,0
1263986,3,2021,2021,8,3,7,22,27,14,26,0,1,9,-34.998544,147.35279,75,1,0,1,3,0,0,0,2,0,0,100,1,14295,14295,3,0,5,2,0,0,0,0
1263987,3,2021,2021,8,6,3,31,31,73,19,0,1,10,-33.87252,151.217605,69,0,2,1,3,0,0,0,2,2,7,60,2,5929,5929,1,19,5,2,0,0,0,0
1263993,3,2021,2021,8,3,9,6,27,84,34609,0,1,9,-33.782159,151.100643,61,0,2,1,2,0,0,0,0,0,7,50,0,9859,9859,1,5,0,2,0,0,0,0
1264001,3,2021,2021,0,1,11,361,23,136,34609,0,1,1,-33.917937,151.081475,15,0,2,1,2,0,0,0,0,0,7,50,0,248,248,1,5,0,2,0,0,0,0
1264006,3,2021,2021,8,6,4,41,27,137,80,0,1,2,-32.970328,151.688389,37,0,2,1,1,0,0,0,2,0,0,60,1,1383,1383,1,16,5,2,0,0,0,0
1264011,3,2021,2021,8,0,8,2,27,29,34609,0,1,1,-33.744773,151.271449,50,0,2,1,2,0,0,0,0,0,7,50,0,9859,9859,1,0,0,2,0,0,0,0
1264014,3,2021,2021,8,2,7,60,27,174,44,0,1,10,-33.867985,150.917786,24,0,2,1,3,0,0,0,2,2,7,50,1,926,926,4,0,5,2,0,0,0,0
1264019,3,2021,2021,8,5,2,12,27,83,34609,0,1,1,-34.471992,150.465876,78,2,1,0,3,2,1,2,1,0,7,80,0,1957,4009,8,5,40,1,0,0,0,0