Crash ID,Degree of crash - detailed,Reporting year,Year of crash,Month of crash,Day of week of crash,Two-hour intervals,Street of crash,Street type,Town,Route no.,School zone location,School zone active,Type of location,Latitude,Longitude,LGA,Urbanisation,Conurbation 1,Alignment,Street lighting,Road surface,Surface condition,Weather,Natural lighting,Signals operation,Other traffic control,Speed limit,Road classification,RUM - code,DCA - code,First impact type,Key TU type,Other TU type,No. of traffic units involved,No. killed,No. seriously injured,No. moderately injured,No. minor-other injured
1264020,3,2021,2021,8,5,7,829,27,363,4,1,2,10,-33.80849,151.003814,54,0,2,1,3,0,0,0,2,3,7,40,1,5929,5929,1,5,36,2,0,0,0,0
1264021,3,2021,2021,8,5,3,53,27,134,51,0,1,1,-33.514254,151.317921,16,2,2,1,3,0,0,0,2,0,9,60,1,1282,1282,1,22,0,2,0,0,0,0
1264025,3,2021,2021,8,6,10,2261,17,140,2252,0,1,9,-33.892419,150.980789,15,0,2,1,3,0,0,0,0,0,0,70,2,623,623,3,5,5,2,0,0,0,0
1264027,3,2021,2021,8,4,7,1,9,387,34609,0,1,11,-33.93234,151.164562,4,0,2,1,3,0,0,0,2,0,7,20,0,4026,4026,8,9,40,1,0,0,0,0
1264028,3,2021,2021,8,4,2,2209,17,33,2205,0,1,2,-34.769898,150.710147,63,1,0,1,3,0,0,0,1,0,7,100,2,9859,9859,8,21,40,1,0,0,0,0
1264031,3,2021,2021,8,1,7,11,10,74,34609,0,1,1,-34.054306,150.764429,12,0,2,0,3,0,0,3,2,0,7,50,0,4552,5151,1,5,5,2,0,0,0,0
1264043,3,2021,2021,8,3,10,35,31,90,262,0,1,2,-32.920211,151.749928,48,0,2,0,2,0,0,0,0,0,7,60,2,1957,4009,1,5,5,4,0,0,0,0
1264049,3,2021,2021,8,0,10,194,31,273,34609,0,1,9,-34.42833,150.894641,80,0,2,1,2,0,0,0,0,0,7,50,0,1957,777,1,5,0,2,0,0,0,0
1264059,3,2021,2021,8,1,0,220,27,104,222,0,1,2,-33.740587,150.9469,7,0,2,1,2,0,0,0,0,0,7,80,2,9859,9859,8,5,40,1,0,0,0,0
1264070,3,2021,2021,8,2,10,3371,17,63,3342,0,1,7,-28.186365,153.524315,72,2,1,1,2,0,0,0,0,0,0,60,2,6545,6545,4,5,5,2,0,0,0,0
1264074,3,2021,2021,8,2,5,49,22,77,44,0,1,9,-33.727821,151.080564,31,0,2,1,3,0,0,0,2,0,0,50,1,2852,2852,4,0,5,2,0,0,0,0
1264078,3,2021,2021,8,0,5,98,27,52,382,0,1,7,-33.641524,150.78573,55,0,2,1,3,0,0,0,2,0,0,80,2,301,301,4,5,12,2,0,0,0,0
1264079,3,2021,2021,7,2,6,1052,14,59,928,0,1,3,-33.181178,151.467406,37,0,2,1,3,0,0,0,2,0,7,110,2,1383,1383,1,10,0,2,0,0,0,0
1264081,3,2021,2021,8,6,8,3371,17,107,3342,0,1,1,-33.290368,151.424102,16,2,2,1,3,0,0,0,2,0,7,50,2,14295,14295,3,5,13,2,0,0,0,0
1264082,3,2021,2021,8,4,4,3371,17,54,3342,0,1,1,-33.227756,151.50302,16,2,2,1,3,0,0,0,2,0,7,70,2,1109,397,1,30,5,2,0,0,0,0
1264083,3,2021,2021,8,0,8,85,31,219,34609,0,1,9,-32.903313,151.669245,48,0,2,1,3,0,3,3,2,0,15,60,0,217,217,1,5,0,2,0,0,0,0
1264084,3,2021,2021,8,6,8,3371,17,85,3342,0,1,9,-33.733539,151.127998,36,0,2,1,3,0,0,0,2,2,7,60,2,1391,1391,1,9,0,2,0,0,0,0
1264085,3,2021,2021,8,4,8,99,31,77,105,0,1,9,-33.869049,150.947861,24,0,2,1,3,0,0,0,2,0,7,60,1,515,515,1,30,0,2,0,0,0,0
1264086,3,2021,2020,2,5,5,3,27,8,34609,0,1,1,-33.758209,146.949661,51,1,0,1,3,2,0,6,2,0,7,100,0,1669,1669,3,10,2,2,0,0,0,0
1264089,3,2021,2021,8,5,8,485,27,323,769,0,1,2,-33.746671,150.982073,71,0,2,0,3,0,0,0,0,0,7,60,2,14295,14295,3,5,13,2,0,0,0,0
1264090,3,2021,2021,8,6,9,100,31,363,38,0,1,10,-33.815284,150.99956,54,0,2,1,3,0,0,0,3,2,7,60,1,14295,14295,3,10,5,3,0,0,0,0
1264091,3,2021,2021,8,6,9,866,17,110,793,0,1,2,-33.757262,151.048854,31,0,2,1,3,0,0,0,3,0,7,70,2,14295,14295,3,5,0,3,0,0,0,0
1264097,3,2021,2021,8,6,8,107,22,70,17,1,0,2,-34.027582,151.089036,68,0,2,1,3,0,0,0,2,2,9,60,1,14295,14295,3,0,0,3,0,0,0,0
1264098,3,2021,2021,8,6,7,232,36,34,331,0,1,9,-34.002727,150.777713,12,0,2,1,3,0,0,0,2,2,7,80,2,14295,14295,3,5,10,2,0,0,0,0
1264100,3,2021,2021,8,4,3,37,31,273,87,0,1,10,-34.428065,150.899365,80,0,2,1,3,0,0,0,4,2,7,60,2,5929,5929,1,5,0,2,0,0,0,0
1264101,3,2021,2021,8,3,9,6,27,71,34609,0,1,1,-33.83626,150.972756,21,0,2,1,2,0,0,0,0,0,7,50,0,9859,9859,1,5,5,2,0,0,0,0
1264109,3,2021,2021,8,1,7,1052,14,21,928,0,1,3,-33.275916,151.405332,16,1,2,1,0,0,0,0,2,0,7,110,2,1282,1282,1,8,5,2,0,0,0,0
1264115,3,2021,2021,8,4,6,1,31,219,34609,0,1,1,-32.90283,151.66529,48,0,2,1,1,0,0,0,2,0,7,40,0,9859,9859,1,33,5,2,0,0,0,0
1264118,3,2021,2021,3,5,3,205,27,147,415,0,1,9,-33.738594,151.152427,36,0,2,1,1,0,3,4,2,2,7,60,2,1282,1282,1,29,10,2,0,0,0,0
1264122,3,2021,2021,8,2,3,13,27,11,34609,0,1,1,-33.982947,151.100842,25,0,2,1,0,0,0,0,1,0,7,50,0,9859,9859,1,0,5,2,0,0,0,0
1264133,3,2021,2021,8,4,7,69,31,646,563,0,1,10,-33.921303,151.039307,15,0,2,1,3,0,0,0,2,2,7,60,2,926,926,4,5,13,2,0,0,0,0
1264139,3,2021,2021,8,6,1,512,17,562,441,0,1,9,-32.255277,148.616139,22,2,1,1,2,0,0,6,0,0,0,60,2,2585,777,8,9,40,1,0,0,0,0
1264140,3,2021,2021,8,0,5,2,31,21,34609,0,1,1,-34.508709,144.843115,51,2,1,1,3,0,0,0,2,0,7,50,0,1109,787,1,5,13,2,0,0,0,0
1264141,3,2021,2021,8,1,3,31,24,18,36,0,1,1,-33.744276,151.106123,36,0,2,0,3,0,3,0,2,0,7,60,1,217,217,1,0,19,2,0,0,0,0
1264142,3,2021,2021,8,1,7,12,31,201,34609,0,1,7,-34.875888,150.597855,63,2,1,1,3,0,0,0,2,0,0,50,0,6545,6545,4,5,0,2,0,0,0,0
1264143,3,2021,2021,8,6,8,39,31,94,34609,0,1,10,-33.839813,151.041443,54,0,2,1,3,0,0,0,3,0,15,50,0,6545,6545,4,0,0,2,0,0,0,0
1264145,3,2021,2021,8,4,8,39,31,271,21,0,1,10,-33.944698,151.014618,15,0,2,1,3,0,0,0,2,0,15,50,1,2852,2852,4,0,5,2,0,0,0,0
1264147,3,2021,2021,8,0,4,92,31,172,17,0,1,10,-32.751119,151.589973,42,2,1,1,3,0,0,0,2,2,7,50,1,5929,5929,1,0,5,2,0,0,0,0
1264156,3,2021,2021,8,2,3,5,31,148,34609,0,1,1,-36.036462,146.931303,0,2,1,0,2,0,0,0,0,0,7,60,0,4552,5151,8,5,40,1,0,0,0,0
1264158,3,2021,2021,8,0,4,33,27,26,260,0,1,1,-33.058464,151.565017,37,0,2,0,3,0,0,3,2,0,7,90,2,4552,5151,8,5,40,1,0,0,0,0
1264160,3,2021,2021,8,6,5,16,27,161,115,1,0,9,-33.729541,151.166037,36,0,2,1,3,0,0,0,2,0,7,60,1,1391,1391,1,9,0,2,0,0,0,0
1264163,3,2021,2021,8,2,6,5,10,67,34609,0,1,7,-33.706509,150.905172,7,0,2,0,3,0,0,0,2,0,0,50,0,6545,6545,4,5,5,2,0,0,0,0
1264172,3,2021,2021,0,5,10,4,27,41,34609,1,0,1,-33.73424,150.826301,7,0,2,0,2,0,0,0,3,0,7,50,0,1957,4009,8,5,40,1,0,0,0,0
1264174,3,2021,2021,8,6,10,19,27,25,34609,0,1,1,-32.890684,151.689658,48,0,2,1,2,0,0,0,0,0,7,50,0,9859,9859,1,0,5,2,0,0,0,0
1264176,3,2021,2021,0,2,5,37,27,140,34609,0,1,1,-33.901809,150.992377,15,0,2,1,1,0,0,0,2,0,7,50,0,9859,9859,1,33,5,2,0,0,0,0
1264180,3,2021,2021,8,6,11,2261,17,47,2252,0,1,2,-35.673471,147.389081,27,1,0,1,0,0,0,0,0,0,7,110,2,1282,1282,1,3,5,2,0,0,0,0
1264187,3,2021,2021,0,3,2,41,27,58,80,0,1,1,-32.981203,151.669073,37,0,2,0,2,0,0,0,1,0,7,60,1,4552,5151,8,5,40,1,0,0,0,0
1264191,3,2021,2021,0,1,3,294,17,44,288,0,1,3,-35.21802,147.790039,75,1,0,1,0,0,0,0,2,0,7,100,2,1109,787,1,8,2,2,0,0,0,0
1264194,3,2021,2021,7,5,7,330,27,106,605,0,1,9,-33.687604,151.304698,50,0,2,1,0,0,0,0,2,2,7,70,2,14295,14295,3,0,5,2,0,0,0,0
1264197,3,2021,2021,8,3,0,133,31,120,34609,0,1,9,-32.182266,152.512616,43,2,1,0,2,0,0,0,0,0,0,40,0,489,489,8,5,40,1,0,0,0,0
1264212,3,2021,2021,0,6,4,25,27,46,34609,0,1,9,-32.922228,151.663726,48,0,2,0,1,0,0,0,2,0,15,50,0,323,323,1,5,5,2,0,0,0,0
1264215,3,2021,2021,0,3,1,80,27,316,50,0,1,10,-33.911119,151.235854,59,0,2,0,2,0,0,0,0,2,7,60,2,1957,4009,8,5,40,1,0,0,0,0
1264222,3,2021,2021,0,1,9,109,27,460,106,0,1,9,-33.833248,150.973923,21,0,2,1,2,0,0,0,0,0,7,60,1,14295,14295,3,5,0,4,0,0,0,0
1264223,3,2021,2021,8,2,5,361,27,26,96,0,1,10,-33.91774,151.167819,32,0,2,1,3,0,0,0,2,2,7,60,2,1282,1282,1,21,5,2,0,0,0,0
1264225,3,2021,2021,8,3,8,255,27,103,76,0,1,1,-32.940915,151.668179,37,0,2,1,3,0,0,0,0,0,7,60,1,9859,9859,1,5,5,2,0,0,0,0
1264229,3,2021,2021,8,2,7,1,27,53,34609,0,1,1,-30.631064,153.001365,47,1,0,0,3,2,3,4,2,0,7,100,0,1957,4009,8,10,40,1,0,0,0,0
1264230,3,2021,2021,8,3,4,1,27,1,34609,0,1,1,-36.61388,149.07149,65,1,0,0,3,0,3,1,2,0,7,100,0,273,957,5,5,40,1,0,0,0,0
1264232,3,2021,2021,8,0,10,23,31,198,34609,0,1,7,-33.910248,151.10585,15,0,2,1,3,0,0,0,0,0,0,50,0,9859,9859,1,5,12,2,0,0,0,0
1264235,3,2021,2021,8,2,3,6,36,65,34609,0,1,1,-33.805228,150.954507,21,0,2,1,3,0,0,1,2,0,7,50,0,1981,1981,4,5,5,2,0,0,0,0
1264237,3,2021,2021,8,5,4,2209,17,23,2205,0,1,9,-34.616177,150.837079,62,0,2,1,3,0,0,0,2,0,7,100,2,5929,5929,1,5,5,2,0,0,0,0
1264238,3,2021,2021,8,4,6,42,31,463,34609,0,1,10,-30.29792,153.116433,19,2,1,1,3,0,3,0,2,2,9,40,0,6545,6545,4,30,5,2,0,0,0,0
1264239,3,2021,2021,0,6,3,5,27,8,34609,0,1,1,-32.042803,148.254485,51,1,0,1,3,0,0,0,1,0,7,100,0,1089,1089,7,10,40,1,0,0,0,0
1264240,3,2021,2021,8,1,4,4,31,52,34609,0,1,9,-33.701121,150.920459,7,0,2,1,3,0,3,3,2,0,7,50,0,6545,6545,4,5,13,2,0,0,0,0
1264242,3,2021,2021,8,6,5,2261,17,68,2252,0,1,2,-34.808265,148.93091,82,1,0,1,0,0,0,1,2,0,7,110,2,101,101,8,30,40,2,0,0,0,0
1264246,3,2021,2021,8,0,5,829,27,165,770,0,1,1,-33.847,151.151705,14,0,2,1,1,0,3,3,2,0,7,60,2,9859,9859,8,9,40,1,0,0,0,0
1264247,3,2021,2021,8,1,5,92,31,120,34609,0,1,9,-32.180475,152.511627,43,2,1,1,3,0,0,0,2,0,15,40,0,775,775,4,34,5,2,0,0,0,0
1264248,3,2021,2021,8,4,6,7,27,6,10,0,1,1,-36.741133,149.715853,5,1,0,0,3,0,0,0,2,0,7,100,1,380,714,5,0,40,1,0,0,0,0
1264253,3,2021,2021,0,3,8,22,27,16,34609,0,1,0,-33.87612,151.226221,69,0,2,0,0,0,0,6,2,0,7,50,0,1957,4009,1,33,5,2,0,0,0,0
1264256,3,2021,2021,0,4,6,143,31,123,181,1,0,2,-33.888185,151.231654,81,0,2,1,0,0,0,0,2,0,7,50,2,9859,9859,1,5,0,2,0,0,0,0
1264258,3,2021,2021,0,2,11,2,27,37,34609,0,1,1,-33.016692,151.671808,37,0,2,0,2,0,3,4,0,0,7,50,0,1957,4009,1,0,5,2,0,0,0,0
1264267,3,2021,2021,4,5,11,1,31,83,34609,0,1,1,-34.449662,150.431834,78,2,1,1,2,0,3,0,0,0,7,50,0,9859,9859,8,5,40,1,0,0,0,0
1264293,3,2021,2021,7,2,7,1,27,13,34609,0,1,9,-35.086513,150.605593,63,2,1,1,0,0,0,0,2,0,7,80,0,1669,1669,3,33,5,2,0,0,0,0
1264297,3,2021,2021,7,6,9,5,27,69,34609,0,1,9,-33.771435,150.967912,54,0,2,0,2,0,3,4,0,0,0,50,0,418,714,5,0,40,1,0,0,0,0
1264298,3,2021,2021,0,1,6,2261,17,31,2252,0,1,2,-35.081223,148.093717,20,1,0,0,3,0,0,0,2,0,7,110,2,1391,1391,1,5,5,2,0,0,0,0
1264302,3,2021,2021,8,6,4,27,1,103,34609,0,1,1,-28.824421,153.326021,39,2,1,0,3,0,0,0,2,0,7,50,0,1981,1981,4,30,5,2,0,0,0,0
1264313,3,2021,2021,0,0,6,34,31,169,99,0,1,10,-33.900619,151.213027,69,0,2,1,1,0,0,0,2,2,7,50,2,1192,1192,1,3,36,2,0,0,0,0
1264322,3,2021,2021,8,0,9,1104,14,460,962,0,1,3,-33.819594,150.982449,21,0,2,1,3,0,0,0,2,0,7,90,2,14295,14295,3,0,5,3,0,0,0,0
1264324,3,2021,2021,8,6,8,512,17,562,441,0,1,1,-32.231145,148.57419,22,1,0,1,3,0,0,0,2,0,7,90,2,14295,14295,3,10,13,2,0,0,0,0
1264325,3,2021,2021,8,4,4,85,27,53,145,0,1,2,-33.79952,151.044039,54,0,2,1,3,0,0,0,2,0,7,70,2,623,623,3,0,0,3,0,0,0,0
1264326,3,2021,2021,8,0,8,2126,17,65,2149,0,1,1,-33.531127,150.153878,40,2,1,0,3,0,3,4,2,0,7,80,2,1391,1391,1,5,10,2,0,0,0,0
1264329,3,2021,2021,8,3,1,1,27,1,34609,0,1,1,-32.20973,150.868645,46,2,1,1,0,0,0,1,0,0,7,80,0,9859,9859,8,5,40,1,0,0,0,0
1264335,3,2021,2021,8,2,8,90,36,2,102,0,1,1,-34.407558,147.296791,51,1,0,1,3,0,0,0,2,0,7,100,2,9859,9859,8,10,40,1,0,0,0,0
1264343,3,2021,2021,7,5,10,5,10,66,34609,0,1,2,-32.93344,151.642907,37,0,2,1,3,0,0,0,0,0,7,40,0,4026,4026,8,10,40,1,0,0,0,0
1264356,3,2021,2021,8,0,6,17,27,24,34609,0,1,1,-34.015336,150.676982,12,0,2,1,3,0,0,0,2,0,7,60,0,9859,9859,1,34,0,2,0,0,0,0
1264358,3,2021,2021,8,3,6,30,27,18,34609,0,1,1,-33.668707,151.284618,50,0,2,0,3,0,0,3,2,0,7,50,0,1259,5151,8,10,40,1,0,0,0,0
1264359,3,2021,2021,8,0,4,866,17,247,793,0,1,10,-33.817644,150.962465,21,0,2,0,3,0,0,0,2,2,7,70,2,623,623,3,5,0,2,0,0,0,0
1264364,3,2021,2021,8,3,11,35,27,47,36,0,1,1,-35.253745,149.43739,58,2,1,1,3,0,0,0,0,0,7,50,1,9859,9859,8,30,40,1,0,0,0,0
1264365,3,2021,2021,7,0,3,515,14,294,518,0,1,3,-33.940487,150.931388,41,0,2,1,3,0,0,0,2,0,7,100,2,404,404,8,5,40,1,0,0,0,0
1264366,3,2021,2021,8,6,9,13,27,92,34609,0,1,1,-33.963734,150.832049,41,0,2,1,3,0,0,0,0,0,7,50,0,1945,1945,5,10,40,1,0,0,0,0
1264367,3,2021,2021,8,0,2,3371,17,28,3342,0,1,2,-28.689428,153.533414,10,1,0,1,3,0,0,0,1,0,7,110,2,9859,9859,8,0,40,1,0,0,0,0
1264368,3,2021,2021,8,0,9,283,27,70,702,0,1,9,-33.980684,151.107535,25,0,2,1,3,0,0,0,0,0,15,70,2,926,926,4,5,5,2,0,0,0,0
1264369,3,2021,2021,8,0,11,7,27,219,34609,0,1,10,-32.891268,151.668051,48,0,2,1,3,0,0,0,0,2,7,60,0,6545,6545,4,0,0,2,0,0,0,0
1264370,3,2021,2021,8,0,7,18,10,73,18,0,1,7,-33.785935,151.154903,36,0,2,0,3,0,3,3,2,0,0,60,1,5929,5929,1,5,0,2,0,0,0,0
1264372,3,2021,2021,8,4,8,103,27,124,563,0,1,2,-33.81472,151.052355,54,0,2,1,3,0,0,0,2,0,7,80,2,14295,14295,3,5,36,2,0,0,0,0
1264374,3,2021,2021,8,0,7,2126,17,60,2149,0,1,1,-33.634052,150.284652,8,2,2,1,3,0,3,4,2,3,9,60,2,941,941,1,0,0,2,0,0,0,0
1264375,3,2021,2021,8,0,5,13,27,210,7,0,1,9,-34.032413,151.103577,68,0,2,1,3,0,0,0,2,0,7,50,1,2852,2852,4,5,5,2,0,0,0,0
1264376,3,2021,2021,8,3,11,8,10,7,34609,0,1,1,-35.521874,149.178286,58,2,1,0,3,0,3,1,0,0,7,70,0,1850,1463,5,10,40,1,0,0,0,0
1264385,3,2021,2021,8,5,10,74,27,609,48,0,1,10,-33.775762,150.895304,7,0,2,1,3,0,0,0,0,2,7,60,1,6545,6545,4,5,0,2,0,0,0,0
1264388,3,2021,2021,8,2,9,3371,17,137,3342,0,1,9,-32.969735,151.691888,37,0,2,0,3,0,0,0,0,2,7,60,2,5929,5929,1,5,5,2,0,0,0,0
1264389,3,2021,2021,8,6,8,1104,14,26,962,0,1,3,-33.772988,150.67033,55,0,2,1,3,0,0,0,3,0,7,110,2,14295,14295,3,5,5,2,0,0,0,0
1264391,3,2021,2021,8,4,7,2261,17,68,2252,0,1,2,-34.80806,148.903763,82,1,0,0,3,0,0,0,2,0,7,110,2,4552,5151,8,5,40,1,0,0,0,0
1264394,3,2021,2021,8,1,3,153,27,290,147,0,1,10,-33.949244,151.114593,4,0,2,1,3,0,3,0,1,2,7,60,2,5929,5929,1,5,5,2,0,0,0,0
1264395,3,2021,2021,8,2,4,16,27,25,174,1,0,1,-32.841598,151.36786,17,2,1,1,3,0,0,0,2,0,7,60,2,1669,1669,3,0,0,2,0,0,0,0
1264398,3,2021,2021,8,1,3,916,17,9,917,0,1,1,-31.856027,150.893276,73,1,0,0,3,0,0,0,2,0,7,100,2,1259,5151,1,10,12,2,0,0,0,0
1264400,3,2021,2021,8,2,3,196,10,45,168,0,1,1,-33.889781,150.972962,15,0,2,1,3,0,0,0,2,0,7,60,2,1391,1391,1,8,5,2,0,0,0,0
1264403,3,2021,2021,8,5,9,65,10,132,148,0,1,1,-34.081072,151.057509,68,0,2,0,3,0,3,4,0,0,7,60,2,2585,4009,8,10,40,1,0,0,0,0
1264407,3,2021,2021,8,1,8,16,27,88,20,0,1,7,-33.760937,150.850541,7,0,2,1,3,0,3,4,2,0,7,60,1,14295,14295,3,5,13,2,0,0,0,0
1264409,3,2021,2021,8,5,9,515,14,204,518,0,1,3,-33.939327,151.154755,4,0,2,1,2,0,0,0,0,0,7,80,2,14295,14295,3,5,0,3,0,0,0,0
1264416,3,2021,2021,8,5,8,177,31,174,208,1,0,1,-33.85916,150.91844,24,0,2,1,0,0,0,0,2,0,7,60,1,83,83,5,9,40,1,0,0,0,0
1264428,3,2021,2021,8,6,8,133,27,66,260,0,1,9,-32.926214,151.650708,37,0,2,0,1,0,0,0,2,2,7,70,2,14295,14295,3,5,5,2,0,0,0,0
1264451,3,2021,2021,8,4,4,13,27,56,34609,0,1,1,-35.123747,147.391395,75,2,1,1,3,0,0,0,2,0,7,60,0,1669,1669,3,5,13,2,0,0,0,0
1264458,3,2021,2021,7,6,8,77,27,247,38,0,1,9,-33.833171,150.925251,21,0,2,1,0,0,3,4,3,0,7,60,2,9859,9859,1,5,36,2,0,0,0,0
1264463,3,2021,2021,8,0,5,78,31,283,34609,0,1,1,-33.834919,151.010839,21,0,2,1,3,0,3,0,2,0,7,50,0,941,941,1,5,0,3,0,0,0,0
1264474,3,2021,2021,8,0,7,33,31,323,20,0,1,9,-33.760076,151.001949,71,0,2,1,3,0,0,3,2,0,15,50,1,5929,5929,1,5,12,2,0,0,0,0
1264476,3,2021,2021,8,6,5,24,31,94,34609,0,1,10,-33.83708,151.052235,54,0,2,1,3,0,0,0,2,0,0,50,0,5929,5929,1,21,0,2,0,0,0,0
1264477,3,2021,2021,8,5,8,230,27,197,284,0,1,2,-33.794907,151.135343,61,0,2,1,3,0,0,0,3,0,7,70,2,1391,1391,1,8,5,2,0,0,0,0
1264478,3,2021,2021,8,5,3,515,14,294,518,0,1,3,-33.939653,150.925064,41,0,2,1,3,0,0,1,2,0,7,100,2,14295,14295,3,5,13,2,0,0,0,0
1264479,3,2021,2021,8,6,5,27,27,294,27,0,1,10,-33.933804,150.953613,41,0,2,1,3,0,3,3,2,2,7,60,1,5929,5929,1,5,5,2,0,0,0,0
1264480,3,2021,2021,7,2,7,5,31,49,34609,0,1,9,-33.95782,151.208119,4,0,2,1,3,0,3,4,2,0,7,50,0,4026,4026,8,29,40,1,0,0,0,0
1264481,3,2021,2021,3,2,10,17,27,164,65,0,1,2,-33.711935,150.885635,7,0,2,1,3,0,3,3,0,0,7,60,1,9859,9859,8,5,40,1,0,0,0,0
1264482,3,2021,2021,8,6,8,2261,17,70,2252,0,1,2,-34.736792,149.949325,26,1,0,1,3,0,0,0,2,0,7,110,2,4026,4026,8,5,40,1,0,0,0,0
1264483,3,2021,2021,8,1,4,133,31,161,51,0,1,10,-33.884116,151.151939,32,0,2,1,3,0,3,3,2,2,7,50,1,515,515,1,8,5,2,0,0,0,0
1264484,3,2021,2021,8,4,8,25,1,35,34609,0,1,1,-34.052583,151.047506,68,0,2,1,3,0,0,0,0,0,7,50,0,9859,9859,1,5,36,2,0,0,0,0
1264486,3,2021,2021,8,1,7,21,27,20,34609,0,1,1,-33.22932,151.301426,16,2,2,0,3,0,0,0,2,0,7,80,0,1850,1463,5,16,40,1,0,0,0,0
1264487,3,2021,2021,8,0,9,102,31,107,53,1,0,9,-33.877563,151.194851,69,0,2,1,3,0,0,0,0,3,7,50,2,14295,14295,3,5,5,4,0,0,0,0
1264490,3,2021,2021,8,6,7,9,31,7,34609,0,1,1,-28.820141,153.27886,39,2,1,1,3,0,0,0,2,0,7,50,0,175,188,8,10,40,1,0,0,0,0
1264492,3,2021,2021,8,3,8,1,31,228,34609,0,1,10,-34.763952,149.729465,26,2,1,1,3,0,0,0,3,0,0,50,0,6545,6545,4,5,5,2,0,0,0,0
1264493,3,2021,2021,8,2,2,14,27,609,34609,0,1,1,-33.788348,150.890885,7,0,2,1,3,0,0,0,0,0,7,50,0,9859,9859,1,5,5,2,0,0,0,0
1264502,3,2021,2021,8,5,8,1,31,69,34609,0,1,1,-32.934736,151.737829,48,0,2,1,2,0,0,0,3,0,7,50,0,4026,4026,8,5,40,1,0,0,0,0
1264506,3,2021,2021,8,3,5,24,31,188,34609,0,1,1,-33.930329,151.096088,15,0,2,1,1,0,0,0,2,0,7,50,0,4026,4026,1,5,5,2,0,0,0,0
1264512,3,2021,2021,8,4,1,38,1,239,34609,0,1,1,-34.042536,151.127805,68,0,2,1,2,0,0,0,0,0,7,50,0,9859,9859,1,30,0,2,0,0,0,0
1264527,3,2021,2021,8,5,8,3,31,363,34609,0,1,1,-33.805405,151.004187,54,0,2,1,0,0,0,0,2,0,7,40,0,9859,9859,1,5,5,2,0,0,0,0
1264535,3,2020,2020,9,2,6,53,27,155,51,1,0,1,-33.502614,151.320171,16,2,2,1,1,0,0,0,2,0,7,60,1,190,190,1,30,5,2,0,0,0,0
1264561,3,2021,2021,0,4,6,224,27,49,321,0,1,2,-33.960667,151.213111,4,0,2,1,1,0,0,0,2,0,7,50,2,78,78,8,0,40,1,0,0,0,0
1264587,3,2021,2021,8,1,7,2261,17,93,2252,0,1,2,-36.070743,146.932837,0,1,0,1,1,0,3,4,2,0,7,110,2,1192,1192,1,5,36,2,0,0,0,0
1264595,3,2021,2021,7,3,1,72,14,173,71,0,1,3,-33.88084,151.216983,69,0,2,1,3,0,3,4,0,0,7,80,2,4026,4026,8,5,40,1,0,0,0,0
1264621,3,2021,2021,0,0,4,2209,17,7,2205,0,1,2,-34.749589,150.789797,35,1,0,0,3,0,0,0,2,0,7,100,2,1259,5151,8,0,40,1,0,0,0,0
1264631,3,2021,2021,8,6,0,15,31,115,52,0,1,1,-33.908776,151.180624,32,0,2,1,2,0,0,0,0,0,14,40,1,41,41,8,5,40,1,0,0,0,0
1264633,3,2021,2021,8,6,6,230,27,80,284,0,1,2,-33.810831,151.164087,38,0,2,1,1,0,0,0,2,0,7,60,2,1282,1282,1,0,13,2,0,0,0,0
1264634,3,2021,2021,8,3,10,42,1,43,34609,0,1,9,-33.210445,151.527952,16,2,2,1,2,0,0,0,0,0,0,50,0,9859,9859,8,0,40,1,0,0,0,0
1264638,3,2021,2021,8,6,9,89,31,460,34609,0,1,1,-33.832713,150.982501,21,0,2,1,2,0,0,0,0,0,7,50,0,1282,1282,1,5,5,2,0,0,0,0
1264641,3,2021,2021,6,0,1,1,10,48,34609,0,1,7,-28.258217,153.570445,72,2,1,0,0,0,0,0,0,0,0,60,0,2585,4009,8,5,40,1,0,0,0,0
1264642,3,2021,2021,8,0,9,4,27,65,34609,1,0,1,-33.382364,151.376998,16,2,2,0,2,0,0,0,0,0,7,60,0,4552,5151,8,5,40,1,0,0,0,0
1264651,3,2021,2021,7,6,3,3,27,63,34609,0,1,1,-33.738845,150.791341,7,0,2,1,1,0,0,0,2,0,7,50,0,9859,9859,1,0,0,2,0,0,0,0
1264660,3,2021,2021,6,6,5,10,31,387,64,0,1,10,-33.93213,151.185937,4,0,2,0,1,0,0,0,2,3,7,70,2,2585,4009,8,5,40,1,0,0,0,0
1264675,3,2021,2021,6,6,8,44,27,290,53,0,1,10,-33.954352,151.106028,4,0,2,1,3,0,0,0,3,0,0,60,1,150,150,4,0,5,2,0,0,0,0
1264680,3,2021,2021,8,1,4,2,27,5,34609,0,1,9,-35.124636,147.300679,75,2,1,1,3,0,0,0,2,0,7,80,0,5929,5929,1,0,5,2,0,0,0,0
1264682,3,2021,2021,8,4,9,265,17,16,193,0,1,9,-35.080334,147.356115,75,2,1,1,3,0,0,0,0,0,0,70,2,2852,2852,4,34,13,2,0,0,0,0
1264684,3,2021,2021,8,4,1,109,27,204,2252,0,1,9,-33.89844,150.94913,24,0,2,1,3,0,0,0,0,1,7,70,2,4552,985,8,0,40,1,0,0,0,0
1264685,3,2021,2021,8,2,5,21,31,25,34609,0,1,10,-32.938879,151.766533,48,0,2,1,3,0,0,3,2,0,0,50,0,6545,6545,4,9,0,2,0,0,0,0
1264687,3,2021,2021,8,4,4,77,27,25,100,0,1,9,-34.491587,150.41091,78,2,1,1,3,0,0,0,2,0,0,60,2,2852,2852,4,5,5,2,0,0,0,0
1264688,3,2021,2021,8,1,6,3371,17,28,3342,0,1,2,-32.637315,152.022075,43,1,0,0,3,0,0,0,2,0,7,110,2,2585,4009,8,0,40,1,0,0,0,0