Crash ID,Degree of crash - detailed,Reporting year,Year of crash,Month of crash,Day of week of crash,Two-hour intervals,Street of crash,Street type,Town,Route no.,School zone location,School zone active,Type of location,Latitude,Longitude,LGA,Urbanisation,Conurbation 1,Alignment,Street lighting,Road surface,Surface condition,Weather,Natural lighting,Signals operation,Other traffic control,Speed limit,Road classification,RUM - code,DCA - code,First impact type,Key TU type,Other TU type,No. of traffic units involved,No. killed,No. seriously injured,No. moderately injured,No. minor-other injured
1264689,3,2021,2021,6,6,4,175,27,55,220,0,1,1,-33.744212,150.916804,7,0,2,1,3,0,0,0,2,0,7,70,2,14295,14295,3,5,36,3,0,0,0,0
1264690,3,2021,2021,8,2,4,78,31,137,34609,1,0,10,-34.027432,151.066087,68,0,2,1,3,0,0,0,2,0,0,50,0,6545,6545,4,5,10,2,0,0,0,0
1264694,3,2021,2021,8,2,7,3371,17,16,3342,0,1,2,-31.272301,152.812378,56,1,0,1,3,0,0,0,2,0,7,110,2,9859,9859,8,10,40,1,0,0,0,0
1264697,3,2021,2021,8,2,1,500,27,646,799,0,1,9,-33.935139,151.02468,15,0,2,1,3,0,0,0,0,2,7,60,2,1282,1282,1,10,5,2,0,0,0,0
1264698,3,2021,2021,8,2,4,61,10,87,34609,0,1,4,-33.076801,151.453357,37,0,2,1,3,0,0,0,2,0,15,50,0,14295,14295,3,5,5,2,0,0,0,0
1264699,3,2021,2021,8,2,10,85,27,53,145,1,0,2,-33.802823,151.03348,54,0,2,0,3,0,0,0,0,0,7,60,2,14295,14295,3,5,0,2,0,0,0,0
1264701,3,2021,2021,8,2,6,77,31,445,563,0,1,9,-33.882034,151.040528,21,0,2,1,3,0,0,0,2,0,2,80,2,775,775,4,5,36,2,0,0,0,0
1264703,3,2021,2021,6,6,6,161,17,55,161,0,1,9,-36.235984,149.123806,65,2,1,1,3,0,0,0,2,0,7,50,2,941,941,1,10,35,2,0,0,0,0
1264704,3,2021,2021,8,2,10,36,36,16,139,0,1,1,-34.650668,146.427713,51,1,0,1,3,0,0,0,0,0,7,100,2,1089,1089,7,0,40,1,0,0,0,0
1264705,3,2021,2021,8,3,7,22,1,337,34609,1,0,1,-33.736095,151.005189,71,0,2,1,3,0,0,0,2,0,7,50,0,9859,9859,1,30,5,3,0,0,0,0
1264707,3,2021,2021,8,3,4,3,31,463,34609,0,1,10,-30.287132,153.13275,19,2,1,1,3,0,0,0,2,0,0,50,0,5929,5929,1,5,5,2,0,0,0,0
1264710,3,2021,2021,8,0,4,67,27,165,78,0,1,9,-33.851743,151.153524,14,0,2,1,3,0,3,0,2,2,7,50,2,926,926,4,5,5,2,0,0,0,0
1264711,3,2021,2021,8,1,6,4,31,57,34609,0,1,10,-32.979969,151.689943,37,0,2,1,3,0,0,0,2,0,0,50,0,6545,6545,4,30,5,2,0,0,0,0
1264713,3,2021,2021,6,4,8,59,31,73,46,0,1,9,-34.179574,150.613777,79,2,2,1,3,0,3,4,3,0,15,60,2,14295,14295,3,10,0,2,0,0,0,0
1264714,3,2021,2021,8,1,7,4,31,77,34609,0,1,1,-32.573703,151.171832,64,2,1,1,3,0,0,0,2,0,7,50,0,4026,4026,8,0,40,1,0,0,0,0
1264716,3,2021,2021,6,0,5,65,27,202,563,0,1,9,-33.940296,151.035674,15,0,2,0,3,0,0,0,2,2,7,70,2,1391,1391,1,8,10,2,0,0,0,0
1264720,3,2021,2021,6,6,9,75,10,63,165,0,1,3,-33.928908,151.214347,4,0,2,1,3,0,0,0,0,0,7,80,2,14295,14295,3,5,5,3,0,0,0,0
1264721,3,2021,2021,6,4,6,22,31,237,45,0,1,1,-33.874227,150.959735,24,0,2,0,3,0,3,4,2,0,7,60,1,4552,5151,8,5,40,1,0,0,0,0
1264722,3,2021,2021,8,2,7,2209,17,40,2205,0,1,2,-34.698753,150.842745,35,2,1,0,3,0,0,0,2,0,7,80,2,4552,5151,8,5,40,1,0,0,0,0
1264723,3,2021,2021,8,1,7,16,31,169,382,0,1,10,-33.603877,150.757259,29,2,2,0,3,0,0,0,2,2,7,60,2,5929,5929,1,5,0,2,0,0,0,0
1264726,3,2021,2021,6,6,6,222,27,14,40,0,1,10,-33.611809,150.904352,29,2,2,1,3,0,0,0,2,0,7,80,1,14295,14295,3,10,5,2,0,0,0,0
1264727,3,2021,2021,6,5,5,866,17,54,793,0,1,9,-33.723618,151.092774,31,0,2,1,3,0,0,0,2,0,7,70,2,14295,14295,3,8,5,2,0,0,0,0
1264729,3,2021,2021,8,6,3,1,27,234,34609,0,1,9,-34.29247,146.042591,28,2,1,1,3,0,3,0,2,0,7,50,0,5929,5929,1,10,5,2,0,0,0,0
1264730,3,2021,2021,8,6,6,34,31,169,99,0,1,10,-33.90088,151.214942,69,0,2,1,3,0,0,0,2,2,7,60,2,1669,1669,3,5,5,2,0,0,0,0
1264731,3,2021,2021,8,0,7,348,17,25,232,0,1,1,-33.006795,149.865249,44,1,0,0,3,0,0,0,2,0,7,100,2,1957,4009,8,10,40,1,0,0,0,0
1264732,3,2021,2021,8,4,4,3371,17,9,3342,0,1,3,-31.346216,152.808357,56,1,0,0,3,0,0,0,2,0,7,110,2,4552,5151,8,3,40,1,0,0,0,0
1264733,3,2021,2021,8,0,4,1,27,10,34609,0,1,1,-28.997132,153.311495,39,1,0,1,3,0,0,0,2,0,7,100,0,4026,4026,8,0,40,1,0,0,0,0
1264736,3,2021,2021,6,0,7,344,27,61,163,0,1,2,-33.74756,150.880273,7,0,2,1,3,0,0,0,2,0,7,70,2,1391,1391,1,5,0,2,0,0,0,0
1264739,3,2021,2021,6,0,8,10,27,232,34609,0,1,9,-33.691662,150.907104,7,0,2,1,3,0,0,0,2,2,7,60,0,14295,14295,3,0,5,2,0,0,0,0
1264740,3,2021,2021,8,2,9,15,31,99,30,0,1,7,-33.885621,151.269346,76,0,2,1,3,0,3,4,0,0,0,50,1,2852,2852,4,5,19,2,0,0,0,0
1264741,3,2021,2021,8,3,6,387,27,253,331,0,1,10,-33.963654,151.092928,25,0,2,1,3,0,0,0,2,2,7,60,2,5929,5929,1,5,5,2,0,0,0,0
1264743,3,2021,2021,6,6,7,330,27,53,605,0,1,9,-33.732762,151.301455,50,0,2,1,3,0,0,0,2,0,7,60,2,83,83,1,5,12,2,0,0,0,0
1264744,3,2021,2021,6,5,8,31,27,5,78,0,1,1,-33.83133,149.974109,51,1,0,0,3,0,0,0,2,0,7,100,1,1850,1463,5,10,40,1,0,0,0,0
1264746,3,2021,2021,8,5,4,308,14,62,311,0,1,3,-33.731705,150.850271,7,0,2,0,3,0,0,0,2,0,7,100,2,1259,5151,8,5,40,1,0,0,0,0
1264748,3,2021,2021,8,3,7,512,17,28,441,0,1,1,-33.414195,149.551325,3,2,1,1,3,0,0,0,2,0,7,60,2,1391,1391,1,0,5,2,0,0,0,0
1264750,3,2021,2021,6,0,7,15,27,11,34609,0,1,1,-35.307337,148.634145,66,1,0,0,3,2,3,3,2,0,7,100,0,3775,3775,0,10,13,2,0,0,0,0
1264752,3,2021,2021,8,3,9,34,27,5,34609,0,1,10,-33.710738,151.160248,36,0,2,1,3,0,0,0,3,0,0,50,0,6545,6545,4,5,5,3,0,0,0,0
1264753,3,2021,2021,8,1,2,475,10,83,268,0,1,2,-33.883381,150.863419,41,0,2,0,3,0,0,0,0,0,7,70,2,1383,1383,1,5,10,2,0,0,0,0
1264754,3,2021,2021,8,5,3,38,27,15,45,0,1,7,-35.069508,150.675436,63,2,1,1,3,0,3,4,1,0,0,50,1,475,475,5,5,40,1,0,0,0,0
1264756,3,2021,2021,8,3,7,1052,27,104,262,0,1,2,-32.909127,151.706189,48,0,2,1,3,0,0,0,2,0,7,60,2,14295,14295,3,0,5,3,0,0,0,0
1264757,3,2021,2021,8,0,3,205,27,106,415,0,1,1,-33.678063,151.297816,50,0,2,1,3,0,0,0,2,0,7,60,2,14295,14295,3,0,5,2,0,0,0,0
1264761,3,2021,2021,8,1,8,76,27,85,148,0,1,10,-32.933903,151.723563,48,0,2,1,3,0,0,0,2,0,0,60,1,6545,6545,4,5,13,2,0,0,0,0
1264762,3,2021,2021,8,3,7,28,10,12,70,0,1,9,-31.920971,152.461976,43,2,1,1,3,0,0,0,2,0,7,60,1,14295,14295,3,5,5,2,0,0,0,0
1264763,3,2021,2021,6,5,9,19,31,161,96,0,1,10,-33.8842,151.147612,32,0,2,1,3,0,0,0,2,2,7,50,2,14295,14295,3,5,0,2,0,0,0,0
1264764,3,2021,2021,8,0,4,3,27,2,34609,0,1,1,-28.547994,153.389595,10,1,0,1,3,0,0,0,2,0,7,100,0,9859,9859,8,0,40,1,0,0,0,0
1264766,3,2021,2021,8,0,7,5,27,144,34609,1,2,1,-34.060485,151.017916,68,0,2,1,3,0,0,0,2,0,7,40,0,9859,9859,1,9,12,2,0,0,0,0
1264767,3,2021,2021,8,6,4,2261,17,243,2252,0,1,9,-33.957577,150.884354,41,0,2,1,3,0,0,0,2,0,7,70,2,623,623,3,5,5,2,0,0,0,0
1264769,3,2021,2021,6,4,11,6,27,6,34609,0,1,1,-34.877353,150.628643,63,2,1,1,3,0,3,4,0,0,7,80,0,9859,9859,8,0,40,1,0,0,0,0
1264770,3,2021,2021,6,0,3,43,2,40,42,0,1,7,-33.736587,150.960411,71,0,2,0,3,0,3,1,2,0,0,70,2,14295,14295,3,5,0,2,0,0,0,0
1264771,3,2021,2021,6,5,8,3371,17,54,3342,0,1,2,-33.091428,151.638233,37,0,2,1,3,0,0,0,3,0,7,60,2,14295,14295,3,9,5,3,0,0,0,0
1264778,3,2021,2021,6,0,8,126,27,64,168,0,1,9,-34.040133,150.743571,12,0,2,1,3,0,0,0,3,0,7,60,2,14295,14295,3,5,5,4,0,0,0,0
1264785,3,2021,2021,8,2,0,25,27,7,34609,0,1,1,-33.604795,150.875968,29,2,2,0,3,0,0,0,0,0,7,70,0,4552,5151,8,5,40,1,0,0,0,0
1264789,3,2021,2021,8,0,7,35,27,8,19,0,1,9,-34.068725,150.62648,79,1,2,1,3,0,0,0,2,0,7,100,1,1669,1669,3,8,12,2,0,0,0,0
1264790,3,2021,2021,8,1,7,150,27,197,415,0,1,2,-33.788169,151.125312,61,0,2,1,3,0,0,0,2,0,7,70,2,1383,1383,1,5,13,2,0,0,0,0
1264791,3,2021,2021,8,0,11,2,31,433,34609,0,1,1,-33.26774,149.066742,52,2,1,1,3,0,0,0,0,0,7,50,0,9859,9859,1,5,0,2,0,0,0,0
1264794,3,2021,2021,8,0,10,387,27,91,331,1,0,1,-33.96338,151.087288,25,0,2,1,3,0,0,0,0,0,7,60,2,9859,9859,1,5,5,2,0,0,0,0
1264795,3,2021,2021,8,1,7,916,17,91,917,0,1,9,-32.794718,151.635742,48,0,2,1,3,0,0,0,2,2,7,60,2,6545,6545,4,5,0,3,0,0,0,0
1264798,3,2021,2021,8,3,6,866,17,174,793,1,0,2,-33.869427,150.925321,24,0,2,1,3,0,0,0,2,0,7,70,2,14295,14295,3,10,12,7,0,0,0,0
1264800,3,2021,2021,8,4,5,7,27,290,34609,0,1,1,-33.859572,150.99628,21,0,2,1,3,0,0,0,2,0,7,50,0,1109,787,1,5,13,2,0,0,0,0
1264803,3,2021,2021,8,2,9,112,17,207,112,0,1,1,-31.949084,141.480772,51,2,1,1,3,0,0,0,0,0,7,50,2,9859,9859,8,10,40,1,0,0,0,0
1264809,3,2021,2021,8,0,5,1,1,154,34609,0,1,9,-33.712542,150.963431,71,0,2,1,3,0,0,0,2,0,7,50,0,323,323,1,0,5,2,0,0,0,0
1264827,3,2021,2021,8,1,9,41,31,304,34609,0,1,1,-33.917881,151.142632,32,0,2,1,2,0,0,0,0,0,7,50,0,9859,9859,8,5,40,1,0,0,0,0
1264847,3,2021,2021,7,6,4,41,27,91,80,0,1,1,-32.982041,151.646779,37,0,2,1,1,0,0,0,2,0,7,60,1,3775,3775,0,5,5,3,0,0,0,0
1264856,3,2021,2021,8,3,9,916,17,91,917,0,1,2,-32.794168,151.634844,48,0,2,1,2,0,0,0,0,0,7,90,2,1192,1192,1,5,5,2,0,0,0,0
1264866,3,2021,2021,8,4,9,3371,17,107,3342,0,1,9,-33.289225,151.424163,16,2,2,1,2,0,0,0,0,0,0,50,2,6545,6545,4,5,0,2,0,0,0,0
1264890,3,2021,2021,6,5,4,73,1,36,34609,0,1,1,-33.758648,151.071524,31,0,2,1,0,0,0,0,2,0,7,50,0,945,945,5,0,40,1,0,0,0,0
1264892,3,2021,2021,8,0,5,5,27,149,34609,0,1,9,-33.293902,151.340353,16,2,2,0,0,2,0,0,2,0,7,50,0,1957,4009,8,10,40,1,0,0,0,0
1264913,3,2021,2021,8,3,2,2209,17,77,2205,0,1,2,-33.9232,151.162695,32,0,2,1,0,0,0,0,0,0,7,60,2,9859,9859,8,0,40,1,0,0,0,0
1264931,3,2021,2021,0,1,6,68,27,175,208,0,1,2,-33.771963,151.081351,54,0,2,1,1,0,0,0,2,0,7,60,2,9859,9859,1,5,5,2,0,0,0,0
1264936,3,2021,2021,0,2,11,6,31,28,34609,0,1,1,-33.413792,149.56132,3,2,1,1,2,0,0,0,0,0,7,50,0,4026,4026,1,5,13,2,0,0,0,0
1264942,3,2021,2021,8,4,8,232,36,39,331,0,1,2,-34.030579,150.752081,12,0,2,1,3,0,0,0,0,0,7,80,2,14295,14295,3,10,5,2,0,0,0,0
1264943,3,2021,2021,8,2,6,103,36,8,157,0,1,1,-28.744988,152.979554,60,1,0,0,3,0,0,0,2,0,7,100,2,782,957,5,8,40,2,0,0,0,0
1264945,3,2021,2021,6,6,8,48,31,35,42,0,1,9,-31.08003,152.837716,34,2,1,1,3,0,0,0,0,2,7,50,1,14295,14295,3,5,0,2,0,0,0,0
1264946,3,2021,2021,7,3,8,168,10,387,260,0,1,2,-33.945838,151.182874,4,0,2,1,3,0,3,4,3,0,7,70,2,14295,14295,3,10,12,3,0,0,0,0
1264952,3,2021,2021,6,0,2,52,27,438,103,0,1,10,-33.863758,151.018539,21,0,2,1,3,0,3,4,0,2,7,50,1,6545,6545,4,5,13,2,0,0,0,0
1264958,3,2021,2021,8,0,9,1104,14,142,962,0,1,3,-33.827581,151.001642,21,0,2,1,3,0,0,0,0,0,7,90,2,14295,14295,3,8,13,3,0,0,0,0
1264959,3,2021,2021,8,0,11,78,31,15,34609,0,1,1,-34.436301,150.88746,80,0,2,1,3,0,0,0,0,0,7,50,0,9859,9859,8,5,40,1,0,0,0,0
1264960,3,2021,2021,6,6,4,38,27,337,35,0,1,9,-33.717278,150.974992,71,0,2,1,3,0,0,0,2,0,15,60,1,2852,2852,4,0,36,2,0,0,0,0
1264963,3,2021,2021,6,5,9,7,27,12,7,0,1,1,-33.904953,150.734284,41,0,2,1,3,0,0,0,0,0,7,80,1,1089,1089,7,0,40,1,0,0,0,0
1264965,3,2021,2021,8,1,11,2,27,65,34609,0,1,1,-33.862274,150.911003,24,0,2,0,3,0,0,0,0,0,7,50,0,4552,5151,1,5,13,2,0,0,0,0
1264966,3,2021,2021,8,3,6,107,22,239,121,1,0,1,-34.031558,151.117152,68,0,2,1,3,0,0,3,2,0,7,60,1,14295,14295,3,5,0,2,0,0,0,0
1264967,3,2021,2021,8,1,6,1,25,36,34609,0,1,1,-33.613524,151.150039,31,0,2,1,3,0,0,0,2,0,7,50,0,489,489,8,5,40,1,0,0,0,0
1264969,3,2021,2021,8,1,8,125,27,43,144,0,1,2,-32.815215,151.843665,57,2,1,1,3,0,0,0,2,0,7,80,2,14295,14295,3,5,0,2,0,0,0,0
1264970,3,2021,2021,8,3,9,6,1,443,702,0,1,9,-33.916763,151.064022,15,0,2,1,3,0,0,0,0,0,7,60,2,14295,14295,3,0,5,3,0,0,0,0
1264971,3,2021,2021,8,0,4,16,7,27,34609,0,1,9,-32.76532,151.611261,42,2,1,1,3,0,0,0,2,0,7,50,0,248,248,1,10,5,2,0,0,0,0
1264972,3,2021,2021,8,3,1,3371,17,11,3342,0,1,2,-28.460198,153.50411,72,1,0,0,3,0,0,0,0,0,7,110,2,4552,5151,8,5,40,1,0,0,0,0
1264973,3,2021,2021,8,1,5,9,31,219,34609,0,1,10,-32.900242,151.666,48,0,2,1,3,0,0,0,2,0,15,50,0,1282,1282,1,0,19,2,0,0,0,0
1264976,3,2021,2021,8,6,4,2209,17,10,2205,0,1,1,-35.23439,150.431051,63,1,0,0,3,0,0,0,2,0,7,100,2,3775,3775,0,10,5,2,0,0,0,0
1264978,3,2021,2021,8,2,5,77,10,3,34609,0,1,1,-34.314234,150.578125,79,2,2,0,3,0,0,0,2,0,7,80,0,1192,1192,1,5,13,2,0,0,0,0
1264982,3,2021,2021,8,1,9,2,27,69,34609,0,1,1,-33.777004,150.984207,54,0,2,1,3,0,0,0,0,0,7,50,0,9859,9859,1,5,0,2,0,0,0,0
1264983,3,2021,2021,6,5,3,168,10,387,260,0,1,9,-33.935963,151.192704,4,0,2,1,3,0,0,0,2,2,7,70,2,1391,1391,1,5,36,3,0,0,0,0
1264989,3,2021,2020,9,2,8,7,10,172,34609,0,1,1,-32.761329,151.593048,42,2,1,1,3,0,0,0,2,2,9,50,0,1981,1981,4,0,5,2,0,0,0,0
1264990,3,2021,2021,8,0,7,10,27,207,4,0,1,1,-31.959233,141.481628,51,2,1,0,3,0,0,0,2,0,7,80,1,4552,5151,8,0,40,1,0,0,0,0
1264991,3,2021,2021,6,4,7,1052,27,104,262,0,1,9,-32.909855,151.710368,48,0,2,1,3,0,3,4,2,0,7,60,2,14295,14295,3,5,13,2,0,0,0,0
1264993,3,2021,2021,8,2,4,481,17,562,483,0,1,7,-32.243457,148.606889,22,2,1,1,3,0,0,0,2,0,0,60,2,1669,1669,3,10,12,2,0,0,0,0
1264996,3,2021,2021,8,2,10,107,22,115,34609,0,1,1,-34.026463,151.081798,68,0,2,1,2,0,0,0,0,0,7,50,0,9859,9859,1,30,0,2,0,0,0,0
1264999,3,2021,2021,6,5,5,220,27,323,222,0,1,9,-33.763474,150.957951,71,0,2,1,3,0,0,0,2,0,7,80,2,9859,9859,8,5,40,1,0,0,0,0
1265006,3,2021,2021,8,3,7,63,17,11,63,0,1,10,-34.103092,141.916669,51,2,1,1,0,0,0,0,2,0,0,60,2,5929,5929,1,5,5,2,0,0,0,0
1265008,3,2021,2021,6,0,8,31,31,562,34609,0,1,1,-32.245318,148.637602,22,2,1,1,3,0,0,3,2,0,7,50,0,9859,9859,8,5,40,1,0,0,0,0
1265009,3,2021,2021,6,6,6,234,27,112,217,0,1,7,-33.695964,151.030714,31,0,2,0,3,0,0,0,2,0,0,60,2,623,623,3,30,13,2,0,0,0,0
1265030,3,2021,2021,8,0,9,8,27,16,34609,0,1,1,-33.268371,151.490541,16,2,2,1,2,0,3,0,3,0,7,50,0,9859,9859,8,5,40,1,0,0,0,0
1265031,3,2021,2021,8,3,2,1104,14,323,962,0,1,6,-33.80231,150.88438,7,0,2,1,0,0,0,0,0,0,7,40,2,9859,9859,8,5,40,1,0,0,0,0
1265046,3,2021,2021,8,3,0,2126,17,78,2149,0,1,10,-33.865165,151.088814,14,0,2,1,2,0,0,0,0,2,7,60,2,1669,1669,3,0,5,2,0,0,0,0
1265051,3,2021,2021,8,0,11,866,17,278,793,0,1,9,-33.777626,151.051925,54,0,2,1,2,0,0,0,0,2,7,60,2,14295,14295,3,33,5,2,0,0,0,0
1265055,3,2021,2021,8,4,6,4,17,609,34609,1,0,1,-33.774263,150.912071,7,0,2,1,1,0,0,0,2,0,7,50,0,14295,14295,3,5,5,3,0,0,0,0
1265056,3,2021,2021,8,6,7,1,31,89,34609,0,1,0,-33.859709,150.89661,24,0,2,1,0,0,0,0,2,0,7,50,0,9859,9859,1,9,0,3,0,0,0,0
1265060,3,2021,2021,8,2,7,99,31,237,105,0,1,10,-33.876606,150.943161,24,0,2,1,1,0,0,0,2,0,15,60,1,5929,5929,1,5,5,2,0,0,0,0
1265072,3,2021,2021,8,4,6,15,31,609,34609,0,1,4,-33.768227,150.918531,7,0,2,0,0,0,0,0,2,0,7,50,0,1957,4009,8,5,40,1,0,0,0,0
1265076,3,2021,2021,8,1,9,85,10,167,702,0,1,9,-33.856536,151.070977,54,0,2,1,2,0,0,0,0,2,7,80,2,1669,1669,3,5,13,2,0,0,0,0
1265086,3,2021,2021,8,6,3,485,27,187,769,0,1,1,-33.770795,151.000895,54,0,2,1,1,0,0,0,1,0,7,60,2,1383,1383,1,33,0,2,0,0,0,0
1265091,3,2021,2021,0,0,11,3371,17,49,3342,0,1,2,-33.198717,151.523258,16,2,2,1,2,0,0,0,0,0,7,80,2,9859,9859,8,0,40,1,0,0,0,0
1265093,3,2021,2021,8,2,0,19,27,164,65,0,1,2,-33.720284,150.892187,7,0,2,1,2,0,0,0,0,0,7,60,1,945,945,5,30,40,1,0,0,0,0
1265098,3,2021,2021,0,0,11,11,31,225,34609,0,1,9,-33.795617,151.182766,77,0,2,1,2,0,0,0,0,2,4,40,0,1282,1282,1,33,40,2,0,0,0,0
1265107,3,2021,2021,8,2,0,2,1,42,34609,0,1,1,-33.68957,150.943123,71,0,2,0,2,0,0,0,0,0,7,50,0,4552,5151,8,5,40,1,0,0,0,0
1265113,3,2021,2021,0,6,0,89,36,123,81,0,1,9,-33.835217,148.681362,51,2,1,1,2,0,0,0,0,0,0,50,2,945,945,5,5,40,1,0,0,0,0
1265118,3,2021,2021,8,0,10,34,31,433,34609,1,0,9,-33.278601,149.117299,52,2,1,1,2,0,0,0,0,0,7,50,0,6545,6545,4,9,41,2,0,0,0,0
1265119,3,2021,2021,8,1,6,120,36,9,148,0,1,1,-30.375464,152.564247,6,1,0,0,0,0,3,4,2,0,7,100,2,1259,5151,8,29,40,1,0,0,0,0
1265120,3,2021,2021,8,2,10,36,27,71,165,0,1,9,-33.968441,151.072098,25,0,2,1,2,0,0,0,0,0,7,50,1,9859,9859,1,0,5,2,0,0,0,0
1265127,3,2021,2021,8,4,9,500,27,646,799,0,1,9,-33.93462,151.036453,15,0,2,1,0,0,0,0,0,2,7,60,2,6545,6545,4,5,5,2,0,0,0,0
1265129,3,2021,2021,8,3,10,61,27,53,208,0,1,10,-33.850456,150.961136,21,0,2,1,2,0,0,0,0,2,7,60,1,256,256,4,5,0,2,0,0,0,0
1265135,3,2021,2021,8,3,1,25,27,21,34609,1,0,1,-34.378506,150.908195,80,0,2,1,2,0,0,0,0,0,7,60,0,9859,9859,8,5,40,1,0,0,0,0
1265140,3,2021,2021,0,2,8,125,27,290,103,0,1,1,-33.863097,151.006759,21,0,2,1,1,0,0,0,3,0,7,60,1,190,190,1,5,13,2,0,0,0,0
1265158,3,2021,2021,8,6,9,154,27,129,244,0,1,9,-33.8997,151.089612,9,0,2,1,2,0,3,4,0,2,7,60,2,1282,1282,1,33,5,2,0,0,0,0
1265167,3,2021,2021,0,4,9,11,31,94,40,0,1,1,-33.830953,151.052922,54,0,2,1,2,0,0,0,3,0,7,60,1,1282,1282,1,0,0,2,0,0,0,0
1265180,3,2021,2021,8,6,11,1,36,110,34609,0,1,9,-33.739819,151.023178,71,0,2,1,3,0,0,0,0,0,0,50,0,256,256,4,5,5,2,0,0,0,0
1265185,3,2021,2021,8,1,11,361,27,61,34609,0,1,1,-33.747851,150.900115,7,0,2,1,0,0,0,0,0,0,7,50,0,175,188,8,5,40,1,0,0,0,0
1265195,3,2021,2021,8,2,10,8,27,43,34609,0,1,1,-33.215913,151.517283,16,2,2,1,2,0,0,0,0,0,7,50,0,9859,9859,8,5,40,1,0,0,0,0
1265201,3,2021,2021,8,4,7,3371,17,24,3342,0,1,9,-31.596541,152.729308,56,1,0,1,3,0,0,0,2,0,0,110,2,775,775,4,5,13,2,0,0,0,0
1265206,3,2021,2021,8,0,10,4,27,49,176,0,1,10,-34.047263,151.137092,68,0,2,1,3,0,0,0,0,0,0,70,2,2585,777,1,5,12,2,0,0,0,0
1265209,3,2021,2021,8,4,8,1104,14,445,962,0,1,3,-33.848747,151.052161,21,0,2,1,3,0,0,0,2,0,7,90,2,14295,14295,3,0,0,4,0,0,0,0
1265215,3,2021,2021,8,4,6,123,27,304,34609,0,1,10,-33.919809,151.155221,32,0,2,1,3,0,0,0,2,0,15,50,0,6545,6545,4,5,13,2,0,0,0,0
1265226,3,2021,2021,0,5,6,54,27,284,18,0,1,1,-33.896798,151.022838,15,0,2,0,3,0,0,0,2,0,7,50,1,2585,4009,8,30,40,1,0,0,0,0
1265245,3,2021,2021,8,4,1,47,26,201,160,0,1,9,-34.014701,150.866784,13,0,2,1,3,0,0,0,0,0,0,60,2,489,489,8,0,40,1,0,0,0,0
1265246,3,2021,2021,6,4,5,195,27,53,186,0,1,2,-33.923951,150.848614,41,0,2,1,3,0,3,3,2,0,7,70,2,1383,1383,1,33,5,2,0,0,0,0
1265254,3,2021,2021,8,1,8,120,36,16,148,0,1,9,-30.425543,152.778391,6,2,1,1,3,0,0,0,2,0,0,80,2,1669,1669,3,10,25,2,0,0,0,0
1265255,3,2021,2021,8,1,5,4,17,63,4,0,1,9,-28.178671,153.521367,72,2,1,1,3,0,0,0,2,2,7,60,2,5929,5929,1,5,5,2,0,0,0,0
1265256,3,2021,2021,6,4,7,515,14,293,518,0,1,3,-33.940985,151.039926,15,0,2,1,3,0,3,4,2,0,7,100,2,14295,14295,3,10,12,3,0,0,0,0
1265258,3,2021,2021,8,3,3,125,27,32,144,0,1,1,-32.763113,152.086486,57,1,0,0,3,0,3,4,1,0,10,90,2,52,52,6,5,40,1,0,0,0,0
1265260,3,2021,2021,8,1,3,2261,17,443,2252,0,1,9,-33.888418,151.061479,15,0,2,1,3,0,0,0,2,0,0,70,2,1391,1391,1,5,5,2,0,0,0,0
1265262,3,2021,2021,8,4,6,7,27,10,172,0,1,10,-33.00834,151.643059,37,0,2,0,3,0,0,0,2,2,7,60,2,2852,2852,4,5,5,2,0,0,0,0
1265264,3,2021,2021,8,0,3,2,7,15,34609,0,1,1,-35.081179,150.686063,63,2,1,0,3,0,0,0,2,0,7,50,0,1957,4009,1,5,13,2,0,0,0,0
1265265,3,2021,2021,6,5,7,2209,17,133,2205,0,1,9,-34.491738,150.796053,80,0,2,1,3,0,0,0,2,0,15,50,1,775,775,4,0,5,2,0,0,0,0
1265269,3,2021,2021,8,2,11,234,27,337,217,0,1,2,-33.730873,151.016687,71,0,2,1,3,0,0,0,0,0,7,60,2,14295,14295,3,5,5,2,0,0,0,0
1265271,3,2021,2021,6,6,8,79,10,43,231,0,1,1,-33.444223,151.328683,16,2,2,1,3,0,0,0,0,0,7,60,2,14295,14295,3,0,13,2,0,0,0,0
1265272,3,2021,2021,6,5,8,225,17,76,180,0,1,9,-34.565172,150.411048,78,1,0,1,3,0,0,0,2,0,0,100,2,2852,2852,4,5,5,2,0,0,0,0
1265273,3,2021,2021,8,2,1,8,27,323,34609,0,1,1,-33.764314,150.964081,71,0,2,0,3,0,0,0,0,0,7,50,0,4552,5151,8,5,40,1,0,0,0,0
1265299,3,2021,2021,8,2,2,515,14,188,518,0,1,3,-33.93678,151.105601,15,0,2,0,2,0,0,0,0,0,7,80,2,2585,4009,8,10,40,1,0,0,0,0
1265308,3,2021,2021,0,4,3,255,27,37,62,0,1,1,-32.806787,151.504928,17,2,1,1,1,0,0,0,2,0,7,60,2,941,941,1,34,13,2,0,0,0,0
1265318,3,2021,2021,8,1,10,2,31,143,34609,0,1,1,-33.70621,151.10362,31,0,2,1,2,0,0,0,0,0,7,50,0,237,397,1,33,5,2,0,0,0,0
1265320,3,2020,2020,8,0,7,194,31,157,769,0,1,1,-33.797371,151.002238,54,0,2,1,3,0,0,0,2,0,7,60,2,9859,9859,8,5,40,1,0,0,0,0
1265341,3,2021,2020,2,6,3,91,27,161,187,0,1,2,-33.875314,151.159823,32,0,2,0,3,0,3,4,2,0,7,70,2,1192,1192,1,5,0,2,0,0,0,0