Crash ID,Degree of crash - detailed,Reporting year,Year of crash,Month of crash,Day of week of crash,Two-hour intervals,Street of crash,Street type,Town,Route no.,School zone location,School zone active,Type of location,Latitude,Longitude,LGA,Urbanisation,Conurbation 1,Alignment,Street lighting,Road surface,Surface condition,Weather,Natural lighting,Signals operation,Other traffic control,Speed limit,Road classification,RUM - code,DCA - code,First impact type,Key TU type,Other TU type,No. of traffic units involved,No. killed,No. seriously injured,No. moderately injured,No. minor-other injured
1265359,3,2021,2021,0,2,5,33,27,16,41,0,1,1,-33.746226,150.741065,55,0,2,1,1,0,0,0,2,0,7,50,1,9859,9859,8,5,40,1,0,0,0,0
1265363,3,2021,2021,8,5,5,6,10,323,154,0,1,2,-33.793001,150.871485,7,0,2,1,3,0,3,4,2,0,7,60,1,1383,1383,1,9,5,2,0,0,0,0
1265384,3,2021,2021,6,6,7,103,36,4,103,0,1,1,-32.09706,151.938001,43,2,1,0,0,0,0,0,2,0,7,60,1,1957,4009,1,5,23,2,0,0,0,0
1265389,3,2021,2021,7,3,10,85,27,18,34609,0,1,1,-33.747945,151.112163,36,0,2,0,2,0,3,4,0,0,7,50,0,2585,4009,8,5,40,1,0,0,0,0
1265392,3,2021,2021,8,4,0,5,31,111,34609,0,1,1,-33.918713,151.256118,59,0,2,1,2,0,3,4,0,0,7,50,0,9859,9859,1,5,0,3,0,0,0,0
1265410,3,2021,2021,8,2,3,47,18,17,34609,0,1,1,-28.231888,153.520237,72,2,1,1,1,2,3,4,2,0,7,50,0,4026,4026,8,34,40,1,0,0,0,0
1265436,3,2021,2021,6,4,7,1,10,89,34609,0,1,9,-33.383781,151.467773,16,2,2,1,3,0,3,3,2,0,7,50,0,9859,9859,1,5,4,2,0,0,0,0
1265450,3,2021,2021,6,6,7,2209,17,176,2205,0,1,9,-33.950732,151.138735,4,0,2,1,3,0,0,3,2,2,7,60,2,14295,14295,3,10,5,5,0,0,0,0
1265466,3,2021,2021,6,6,4,1,31,89,34609,0,1,1,-33.860048,150.878251,24,0,2,1,3,0,0,0,2,0,7,50,0,1109,787,1,5,36,2,0,0,0,0
1265467,3,2021,2021,8,2,7,1,31,68,19,0,1,7,-34.843729,148.912909,82,2,1,1,3,0,0,0,2,0,0,50,1,248,248,1,10,5,2,0,0,0,0
1265468,3,2021,2021,6,0,6,114,27,24,65,0,1,9,-33.378582,150.990524,16,2,2,1,3,0,0,0,2,0,7,10,2,186,186,1,9,0,2,0,0,0,0
1265472,3,2021,2021,6,0,11,2209,17,88,2205,0,1,9,-33.993801,151.115424,25,0,2,1,3,0,0,0,0,0,0,70,2,775,775,4,5,5,2,0,0,0,0
1265474,3,2021,2021,6,0,3,2261,17,112,2252,0,1,2,-33.91179,150.937188,41,0,2,1,3,0,0,0,1,0,7,70,2,1391,1391,1,8,0,2,0,0,0,0
1265475,3,2021,2021,6,5,4,126,27,370,168,0,1,10,-34.072187,150.805656,13,0,2,1,3,0,0,0,2,1,7,60,2,5929,5929,1,5,13,2,0,0,0,0
1265477,3,2021,2021,6,4,10,2126,17,445,2149,0,1,10,-33.850797,151.053665,21,0,2,1,3,0,3,0,0,2,7,60,2,5929,5929,1,5,13,2,0,0,0,0
1265478,3,2021,2021,6,0,9,171,1,387,104,0,1,9,-33.933967,151.199251,4,0,2,0,3,0,0,0,4,2,7,60,2,5929,5929,1,5,5,2,0,0,0,0
1265481,3,2021,2021,8,5,4,6,27,4,34609,0,1,1,-34.721319,149.830351,26,2,1,0,3,0,3,4,2,0,7,80,0,2585,4009,8,5,40,1,0,0,0,0
1265482,3,2021,2021,6,0,5,205,27,86,415,0,1,2,-33.702149,151.209734,50,0,2,1,3,0,0,0,2,0,7,80,2,14295,14295,3,5,0,3,0,0,0,0
1265483,3,2021,2021,8,4,3,100,27,127,100,0,1,1,-33.854358,150.850167,24,0,2,1,3,0,0,0,1,0,7,80,2,14295,14295,3,8,5,2,0,0,0,0
1265485,3,2021,2021,6,2,3,56,27,80,80,0,1,9,-33.885972,151.175265,32,0,2,1,3,0,0,0,2,0,15,50,2,2852,2852,4,10,5,2,0,0,0,0
1265486,3,2021,2021,6,3,11,19,27,143,34609,0,1,1,-33.876339,151.107298,9,0,2,1,3,0,0,0,0,0,7,50,0,217,217,1,5,5,2,0,0,0,0
1265488,3,2021,2021,6,1,7,1,31,39,34609,0,1,10,-35.299728,148.221488,66,2,1,1,3,0,0,0,2,0,0,50,0,926,926,4,34,0,2,0,0,0,0
1265490,3,2021,2021,6,3,8,42,31,145,34609,0,1,9,-33.92223,151.07045,15,0,2,1,3,0,0,0,2,0,7,50,0,323,323,1,5,0,2,0,0,0,0
1265492,3,2021,2021,6,4,4,171,31,96,34609,0,1,10,-35.345425,149.230771,58,2,1,1,3,0,3,0,2,0,15,50,0,301,301,4,5,5,2,0,0,0,0
1265493,3,2021,2021,6,2,9,11,1,34,34609,0,1,1,-33.967019,151.006301,15,0,2,1,3,0,0,0,0,0,7,50,0,237,397,1,5,0,2,0,0,0,0
1265497,3,2021,2021,6,0,5,2209,17,44,2205,0,1,9,-33.947396,151.140402,4,0,2,1,3,0,0,0,2,0,7,60,2,2852,2852,4,5,0,2,0,0,0,0
1265498,3,2021,2021,6,1,7,1052,27,104,262,0,1,2,-32.909814,151.710087,48,0,2,1,3,0,0,0,2,0,7,60,2,14295,14295,3,0,5,3,0,0,0,0
1265501,3,2021,2021,6,4,7,7,1,13,34609,0,1,9,-35.149161,147.463093,75,2,1,1,3,0,0,0,2,0,7,50,0,2852,2852,4,5,5,2,0,0,0,0
1265506,3,2021,2021,8,5,2,115,27,113,173,0,1,1,-34.364365,150.85128,80,0,2,0,3,0,0,6,0,0,7,80,2,1957,4009,8,8,40,1,0,0,0,0
1265507,3,2021,2021,6,3,8,111,27,80,233,0,1,9,-33.939361,151.228744,59,0,2,1,3,0,0,0,2,0,0,60,2,2852,2852,4,5,36,2,0,0,0,0
1265508,3,2021,2021,6,3,7,1104,14,142,962,0,1,3,-33.827854,150.999404,54,0,2,1,3,0,0,0,2,0,7,90,2,14295,14295,3,0,25,2,0,0,0,0
1265510,3,2021,2021,6,2,5,11,1,337,30,0,1,10,-33.730092,151.008658,71,0,2,1,3,0,0,0,2,2,7,60,2,5929,5929,1,5,5,3,0,0,0,0
1265512,3,2021,2021,6,0,8,46,27,98,34609,0,1,1,-33.737596,151.069787,31,0,2,1,3,0,0,0,0,0,7,50,0,175,188,8,9,40,1,0,0,0,0
1265513,3,2021,2021,6,0,9,478,17,118,480,0,1,2,-33.420679,151.288532,16,2,2,1,3,0,0,0,0,0,7,70,2,14295,14295,3,10,13,2,0,0,0,0
1265516,3,2021,2021,6,3,6,162,31,30,34609,0,1,10,-34.859459,147.582772,51,2,1,1,3,0,0,0,2,0,0,50,0,6545,6545,4,21,0,2,0,0,0,0
1265518,3,2021,2021,6,6,4,40,27,94,40,0,1,9,-33.883411,150.922318,24,0,2,1,3,0,0,0,2,0,7,60,1,2852,2852,4,0,5,2,0,0,0,0
1265523,3,2021,2021,6,5,11,57,27,15,126,0,1,1,-32.758893,151.675599,42,1,0,1,3,0,3,4,0,0,7,100,2,945,945,5,0,40,1,0,0,0,0
1265525,3,2021,2021,6,2,9,2126,17,33,2149,1,0,9,-33.721597,150.426086,8,2,2,1,3,0,0,0,0,0,7,70,2,1282,1282,1,5,2,2,0,0,0,0
1265526,3,2021,2021,6,4,6,48,27,70,166,0,1,9,-33.257596,151.510494,16,2,2,1,3,0,3,4,2,2,7,50,2,256,256,4,5,5,3,0,0,0,0
1265527,3,2021,2021,6,2,5,1104,14,247,962,0,1,3,-33.813157,150.951539,21,0,2,1,3,0,0,0,2,0,7,100,2,1391,1391,1,5,5,2,0,0,0,0
1265528,3,2021,2021,6,0,4,36,27,44,24,0,1,9,-28.82577,153.414635,2,2,1,1,3,0,0,0,2,0,0,60,1,2852,2852,4,0,0,2,0,0,0,0
1265532,3,2021,2021,6,2,7,224,27,169,321,0,1,1,-33.900198,151.2005,69,0,2,1,3,0,0,0,2,0,7,50,2,14295,14295,3,5,0,3,0,0,0,0
1265533,3,2021,2021,8,5,8,191,17,24,189,0,1,1,-32.04223,150.027911,73,1,0,0,3,0,0,0,2,0,7,100,2,1850,1463,5,0,40,1,0,0,0,0
1265536,3,2021,2021,8,4,8,23,27,523,23,0,1,9,-33.92062,150.908661,41,0,2,1,3,0,0,0,0,0,7,60,1,14295,14295,3,0,41,2,0,0,0,0
1265537,3,2021,2021,6,2,9,33,27,100,49,0,1,1,-33.88493,150.893867,24,0,2,1,3,0,0,0,3,0,7,60,1,14295,14295,3,21,0,2,0,0,0,0
1265539,3,2021,2021,6,2,4,2126,17,19,2149,0,1,1,-33.445957,149.952681,40,1,0,1,3,0,1,0,2,0,7,100,2,4026,4026,8,5,40,1,0,0,0,0
1265541,3,2021,2021,6,4,7,1104,11,130,770,0,1,2,-33.874878,151.196799,69,0,2,0,3,0,3,4,2,0,7,60,2,14295,14295,3,0,5,2,0,0,0,0
1265542,3,2021,2021,6,0,8,72,31,304,34609,0,1,1,-33.912376,151.163116,32,0,2,1,3,0,0,0,0,0,7,40,0,9859,9859,1,0,5,2,0,0,0,0
1265544,3,2021,2021,8,3,7,12,23,134,65,0,1,1,-33.678846,150.860628,7,0,2,1,1,0,0,0,2,0,7,50,1,248,248,1,19,5,2,0,0,0,0
1265545,3,2021,2021,6,0,5,162,31,532,24,0,1,10,-33.869168,151.210282,69,0,2,1,1,0,0,0,2,2,7,40,1,1282,1282,1,0,40,2,0,0,0,0
1265550,3,2021,2021,6,2,9,195,27,83,186,0,1,10,-33.894413,150.856966,41,0,2,0,3,0,0,0,3,2,6,70,2,2852,2852,4,0,5,2,0,0,0,0
1265552,3,2021,2021,6,1,8,13,10,75,34609,0,1,7,-32.790095,151.63557,42,2,1,1,3,0,0,0,2,0,7,60,0,14295,14295,3,10,5,3,0,0,0,0
1265554,3,2021,2021,7,1,7,3,31,73,34609,0,1,9,-33.749529,150.805988,7,0,2,1,3,0,0,0,2,0,7,50,0,489,489,8,5,40,1,0,0,0,0
1265555,3,2021,2021,6,3,7,485,27,25,769,0,1,9,-33.615147,150.833756,29,2,2,1,3,0,0,0,2,2,7,80,2,2852,2852,4,30,0,2,0,0,0,0
1265557,3,2021,2021,6,2,4,34,27,29,34609,0,1,1,-35.130655,147.341841,75,2,1,1,3,0,0,0,2,0,7,50,0,1981,1981,4,0,41,2,0,0,0,0
1265558,3,2021,2021,6,1,4,15,27,4,91,0,1,1,-34.619521,149.350527,74,1,0,0,3,0,0,0,2,0,7,100,1,3775,3775,0,5,13,2,0,0,0,0
1265559,3,2021,2021,6,5,9,387,27,204,331,0,1,1,-33.942033,151.133276,4,0,2,1,3,0,3,4,0,0,7,60,2,1391,1391,1,8,5,2,0,0,0,0
1265560,3,2021,2021,6,5,8,1104,14,247,962,0,1,3,-33.809821,150.936541,21,0,2,0,3,0,3,3,3,0,7,100,2,14295,14295,3,10,5,2,0,0,0,0
1265562,3,2021,2021,6,4,8,49,27,111,62,0,1,9,-33.696542,150.89473,7,0,2,1,3,0,3,4,2,3,7,70,2,1192,1192,1,5,12,2,0,0,0,0
1265568,3,2021,2021,6,0,4,92,31,363,34609,0,1,1,-33.754805,150.703066,55,0,2,1,3,0,0,0,2,0,7,50,0,1282,1282,1,0,36,2,0,0,0,0
1265570,3,2021,2021,6,3,6,126,27,370,168,0,1,9,-34.063232,150.786838,13,0,2,1,3,0,0,0,2,2,7,80,2,14295,14295,3,0,5,2,0,0,0,0
1265573,3,2021,2021,6,1,8,16,27,11,10,0,1,1,-35.882788,148.461194,65,1,0,1,3,0,0,1,0,0,7,100,0,945,945,5,9,40,1,0,0,0,0
1265574,3,2021,2021,0,6,4,36,1,53,34609,0,1,1,-33.92124,150.832535,41,0,2,1,3,0,0,0,2,0,7,60,0,14295,14295,3,10,12,2,0,0,0,0
1265576,3,2021,2021,6,4,7,230,27,197,284,0,1,9,-33.79266,151.13211,61,0,2,1,3,0,3,3,2,0,7,70,2,1391,1391,1,5,5,3,0,0,0,0
1265578,3,2021,2021,6,2,5,8,27,210,34609,0,1,1,-34.024728,151.100514,68,0,2,1,3,0,0,0,2,0,7,50,0,14295,14295,3,5,13,2,0,0,0,0
1265585,3,2021,2021,3,5,2,3371,17,19,3342,0,1,2,-31.889793,152.549352,43,1,0,0,0,0,3,4,0,0,7,100,2,1259,5151,8,29,40,1,0,0,0,0
1265597,3,2021,2021,8,2,6,2126,17,80,2149,0,1,9,-33.746767,150.676572,55,0,2,1,0,0,0,0,2,0,7,60,2,945,945,5,5,40,1,0,0,0,0
1265606,3,2021,2021,6,6,8,2126,17,166,2149,0,1,7,-33.420386,149.565421,3,2,1,1,2,0,3,4,0,0,0,60,2,1282,1282,1,33,5,2,0,0,0,0
1265610,3,2021,2021,7,2,11,251,14,139,124,0,1,3,-33.842485,151.21067,49,0,2,1,2,0,0,0,0,0,7,80,2,4026,4026,8,10,40,2,0,0,0,0
1265611,3,2021,2021,8,4,6,361,23,204,35,0,1,9,-33.89225,150.939407,24,0,2,1,1,0,0,0,2,0,0,50,1,515,515,1,0,0,2,0,0,0,0
1265613,3,2021,2021,8,2,11,95,27,50,605,0,1,1,-33.635561,151.330613,50,0,2,0,2,0,3,0,0,0,7,60,2,4552,5151,8,10,40,1,0,0,0,0
1265634,3,2021,2021,8,5,11,3,27,27,34609,0,1,1,-33.760382,151.293791,50,0,2,1,2,0,3,4,0,0,7,50,0,9859,9859,1,5,5,2,0,0,0,0
1265637,3,2021,2021,8,2,2,866,17,54,793,0,1,9,-33.723332,151.091235,31,0,2,0,2,0,0,0,0,2,7,70,2,1259,5151,8,21,40,1,0,0,0,0
1265654,3,2021,2021,8,3,4,14,27,143,34609,0,1,7,-33.875725,151.110529,9,0,2,0,1,0,0,0,2,0,0,50,0,6545,6545,4,5,5,2,0,0,0,0
1265655,3,2021,2021,6,6,10,7,10,172,34609,0,1,1,-32.762705,151.594093,42,2,1,1,2,0,0,0,0,0,7,50,0,9859,9859,8,30,40,2,0,0,0,0
1265659,3,2021,2021,8,1,4,108,31,18,34609,0,1,1,-32.923738,151.758968,48,0,2,1,1,0,3,0,2,0,7,50,0,9859,9859,1,5,5,2,0,0,0,0
1265669,3,2021,2021,6,4,11,9,27,39,34609,0,1,7,-32.731643,152.110772,57,2,1,1,3,0,3,3,0,0,0,50,0,9859,9859,8,10,40,1,0,0,0,0
1265672,3,2021,2021,6,4,8,12,27,36,15,0,1,1,-33.527476,148.507624,11,1,0,0,3,0,3,3,2,0,7,100,1,4552,5151,8,0,40,1,0,0,0,0
1265675,3,2021,2021,6,4,7,36,27,172,34609,0,1,9,-32.765097,151.596578,42,2,1,1,3,0,0,3,2,0,7,50,0,301,301,4,10,5,2,0,0,0,0
1265676,3,2021,2021,6,4,2,866,17,314,793,0,1,10,-33.851807,150.94275,24,0,2,1,3,0,0,0,1,2,7,70,2,14295,14295,3,5,5,3,0,0,0,0
1265678,3,2021,2021,6,1,4,103,27,438,563,0,1,9,-33.842299,151.044201,54,0,2,1,3,0,0,0,2,3,0,90,2,14295,14295,3,10,5,2,0,0,0,0
1265679,3,2021,2021,6,5,11,157,17,123,158,0,1,10,-33.834001,148.686283,51,2,1,1,3,0,3,4,0,2,7,50,2,4552,985,8,34,40,1,0,0,0,0
1265680,3,2021,2021,0,1,11,44,31,370,34609,1,0,9,-34.07001,150.817824,13,0,2,1,2,0,0,0,0,0,7,60,0,2585,777,8,5,40,1,0,0,0,0
1265691,3,2021,2021,6,0,8,13,31,127,30,0,1,10,-33.898342,151.155771,32,0,2,1,3,0,0,0,3,0,0,50,1,5929,5929,1,5,5,2,0,0,0,0
1265692,3,2021,2021,6,4,9,73,31,532,34609,0,1,1,-33.864268,151.204036,69,0,2,1,3,0,3,4,0,0,7,40,0,1109,397,1,5,0,2,0,0,0,0
1265694,3,2021,2021,6,4,6,16,31,134,34609,0,1,10,-33.680976,150.875218,7,0,2,1,3,0,3,4,2,0,15,50,0,6545,6545,4,0,5,2,0,0,0,0
1265695,3,2021,2021,6,4,8,2261,17,59,2252,0,1,3,-33.974453,150.871827,13,0,2,0,0,0,3,4,0,0,7,110,2,2585,4009,8,0,40,1,0,0,0,0
1265697,3,2021,2021,8,2,10,89,31,83,34609,0,1,9,-30.113239,153.19335,19,2,1,0,2,0,0,0,0,0,0,50,0,4552,5151,1,5,5,2,0,0,0,0
1265703,3,2021,2021,6,3,9,44,27,33,34609,0,1,1,-34.06387,150.73172,12,0,2,1,2,0,0,0,0,0,7,50,0,1282,1282,1,0,0,2,0,0,0,0
1265708,3,2021,2021,6,6,5,62,31,204,34609,0,1,0,-33.894808,150.934053,24,0,2,1,3,0,0,0,2,0,7,40,0,1282,1282,1,5,40,1,0,0,0,0
1265709,3,2021,2021,6,4,11,34,27,53,34609,0,1,1,-35.133163,147.359674,75,2,1,1,3,0,0,0,0,0,7,50,0,9859,9859,1,0,5,2,0,0,0,0
1265720,3,2021,2021,6,5,7,31,23,139,187,0,1,9,-33.873373,151.137143,32,0,2,1,1,0,0,0,2,2,7,60,2,1192,1192,1,33,5,2,0,0,0,0
1265724,3,2021,2021,8,2,0,38,27,176,8,1,0,9,-33.959173,151.137416,4,0,2,1,0,0,0,0,0,0,7,50,1,489,489,8,5,40,1,0,0,0,0
1265733,3,2021,2021,6,4,4,45,31,523,34609,0,1,1,-33.921819,150.929111,41,0,2,1,3,0,3,4,2,0,7,30,0,1282,1282,1,0,5,2,0,0,0,0
1265734,3,2021,2021,6,5,7,27,27,251,136,0,1,9,-33.76636,150.955572,7,0,2,1,3,0,0,0,2,2,7,60,2,6545,6545,4,5,5,2,0,0,0,0
1265735,3,2021,2021,6,4,5,191,27,20,208,0,1,9,-33.802038,151.100493,61,0,2,0,3,0,3,0,2,0,7,60,2,782,957,5,5,40,1,0,0,0,0
1265741,3,2021,2021,6,6,9,829,27,124,770,0,1,9,-33.813506,151.05029,54,0,2,1,3,0,0,0,3,0,7,70,2,14295,14295,3,5,5,3,0,0,0,0
1265742,3,2021,2021,6,6,8,15,27,247,38,0,1,9,-33.810677,150.937022,21,0,2,1,3,0,0,0,2,0,0,60,2,2852,2852,4,5,5,2,0,0,0,0
1265743,3,2021,2021,3,3,4,177,31,162,208,0,1,9,-33.857895,150.908691,24,0,2,1,3,0,0,0,2,0,15,50,1,5929,5929,1,5,0,2,0,0,0,0
1265747,3,2021,2021,6,0,4,101,10,49,121,1,0,10,-34.03934,151.142931,68,0,2,1,3,0,0,0,2,2,7,70,1,5929,5929,1,5,0,2,0,0,0,0
1265748,3,2021,2021,6,5,8,2,27,197,34609,1,0,9,-33.946693,151.080888,25,0,2,1,3,0,3,4,4,0,15,50,0,926,926,4,5,5,2,0,0,0,0
1265749,3,2021,2021,6,2,8,10,27,9,34609,0,1,9,-33.475071,151.35881,16,2,2,1,3,0,0,0,2,0,7,50,0,14295,14295,3,0,13,2,0,0,0,0
1265750,3,2021,2021,6,3,4,71,27,2,69,0,1,9,-36.394194,148.427657,65,2,1,0,3,0,1,0,2,0,7,80,2,782,957,5,0,40,1,0,0,0,0
1265754,3,2021,2021,8,2,0,6,31,6,34609,0,1,1,-34.794375,147.034419,51,2,1,1,2,0,0,0,0,0,7,50,0,489,489,8,5,40,1,0,0,0,0
1265757,3,2021,2021,6,5,8,99,31,204,105,0,1,7,-33.889645,150.933884,24,0,2,1,2,0,0,0,3,0,7,60,1,57,57,1,33,5,3,0,0,0,0
1265760,3,2021,2021,6,4,11,330,27,147,605,0,1,2,-33.755929,151.282863,50,0,2,1,2,0,0,0,0,0,7,60,2,782,957,5,5,40,1,0,0,0,0
1265767,3,2021,2020,2,3,0,24,36,12,56,0,1,1,-34.208037,147.419065,51,1,0,0,0,0,2,6,0,0,7,100,2,1259,5151,8,0,40,1,0,0,0,0
1265773,3,2021,2021,6,6,2,866,17,278,793,0,1,1,-33.78522,151.040884,54,0,2,1,2,0,3,3,0,0,7,60,2,1282,1282,1,33,5,2,0,0,0,0
1265775,3,2021,2021,6,6,2,387,27,290,331,0,1,9,-33.950037,151.126416,4,0,2,1,2,0,0,0,1,2,7,60,2,515,515,1,0,40,2,0,0,0,0
1265786,3,2021,2021,0,4,9,8,10,164,34609,0,1,9,-33.718036,150.890907,7,0,2,1,3,0,0,0,3,0,15,50,0,775,775,4,5,5,2,0,0,0,0
1265790,3,2021,2021,8,2,11,32,31,111,91,0,1,2,-33.919995,151.256998,59,0,2,1,2,0,0,0,0,0,7,40,1,4026,4026,8,5,40,1,0,0,0,0
1265791,3,2021,2021,0,2,5,3371,17,225,3342,0,1,10,-33.796098,151.177998,77,0,2,1,1,0,3,4,2,1,7,60,2,1282,1282,1,5,5,2,0,0,0,0
1265816,3,2021,2021,6,2,9,10,27,9,34609,0,1,9,-33.472969,151.359146,16,2,2,1,2,0,0,0,0,0,7,50,0,5929,5929,1,5,5,2,0,0,0,0
1265824,3,2021,2021,8,3,0,133,27,83,2,0,1,9,-30.108211,153.200001,19,2,1,0,0,0,3,4,0,0,7,50,0,4552,5151,8,33,40,2,0,0,0,0
1265825,3,2021,2021,8,3,7,8,1,13,34609,0,1,9,-33.702839,151.12428,36,0,2,1,0,0,0,0,2,0,7,50,0,2585,777,1,30,25,2,0,0,0,0
1265832,3,2021,2021,6,1,10,222,27,71,165,0,1,1,-33.966626,151.070536,25,0,2,1,2,0,0,0,0,0,7,50,1,9859,9859,1,0,36,3,0,0,0,0
1265849,3,2021,2021,7,3,4,31,31,73,19,0,1,10,-33.87256,151.217838,69,0,2,1,3,0,3,4,2,2,7,60,2,6545,6545,4,10,0,2,0,0,0,0
1265871,3,2021,2021,8,2,4,127,27,59,103,0,1,2,-32.887287,151.721861,48,0,2,1,3,0,0,0,2,0,7,60,1,9859,9859,8,5,40,1,0,0,0,0
1265881,3,2021,2021,7,2,7,165,31,112,34609,0,1,1,-33.614378,150.811916,29,2,2,0,3,0,3,4,2,0,7,50,0,84,84,8,8,40,1,0,0,0,0
1265882,3,2021,2021,0,2,5,62,31,135,34609,0,1,1,-32.893465,151.733863,48,0,2,1,1,0,3,4,2,0,7,50,0,144,144,1,5,0,3,0,0,0,0
1265883,3,2021,2021,8,3,0,512,31,155,34609,0,1,9,-33.129937,148.168479,53,2,1,1,3,0,0,0,0,0,7,50,0,9859,9859,8,10,40,1,0,0,0,0
1265903,3,2021,2021,0,0,11,89,27,8,228,0,1,1,-32.937941,151.141417,17,2,1,0,2,0,0,1,0,0,7,50,1,4552,5151,1,0,13,4,0,0,0,0
1265906,3,2021,2021,7,0,6,2,23,438,34609,0,1,11,-33.850445,151.034241,21,0,2,1,1,0,0,0,2,0,7,40,0,515,515,1,29,5,2,0,0,0,0
1265935,3,2021,2021,8,4,6,10,1,173,15,0,1,0,-33.877424,151.227995,69,0,2,0,0,0,0,0,2,0,7,40,1,2585,777,8,5,40,1,0,0,0,0
1265938,3,2021,2021,6,0,3,45,31,44,34609,0,1,7,-33.74772,150.722229,55,0,2,1,2,0,3,1,1,0,0,50,0,6545,6545,4,5,13,2,0,0,0,0
1265944,3,2021,2021,8,5,6,60,31,134,34609,0,1,10,-33.660565,150.860127,7,0,2,1,1,0,0,0,2,0,15,50,0,1669,1669,3,10,5,2,0,0,0,0
1265950,3,2021,2021,6,6,8,19,27,24,42,0,1,1,-34.913895,150.570665,63,2,1,1,0,0,0,0,2,0,7,80,1,1669,1669,3,0,5,2,0,0,0,0
1265956,3,2021,2021,0,2,6,134,10,36,133,0,1,6,-33.797005,151.014347,54,0,2,0,3,0,0,0,2,0,7,60,2,2585,4009,1,5,23,2,0,0,0,0
1265960,3,2021,2021,7,3,0,3,27,346,34609,0,1,9,-33.879172,151.087112,67,0,2,1,2,0,0,0,0,0,7,50,0,9859,9859,8,5,40,1,0,0,0,0
1265962,3,2021,2021,6,4,8,57,31,136,34609,0,1,10,-32.927108,151.712425,48,0,2,1,3,0,3,4,4,0,15,50,0,6545,6545,4,5,5,2,0,0,0,0
1265963,3,2021,2021,6,4,6,14,27,5,34609,0,1,1,-34.00707,150.639834,79,2,2,0,3,0,3,4,2,0,7,80,0,1259,5151,8,30,40,1,0,0,0,0
1265964,3,2021,2021,6,3,1,7,10,42,9,0,1,1,-33.637631,151.215529,50,0,2,0,3,0,0,0,0,0,7,60,2,4552,5151,8,30,40,1,0,0,0,0
1265968,3,2021,2021,8,3,5,1052,14,207,928,0,1,3,-33.601214,151.168463,31,0,2,1,3,0,0,0,2,0,7,110,2,1192,1192,1,0,0,2,0,0,0,0
1265969,3,2021,2021,6,6,7,17,1,293,34609,0,1,10,-33.946161,151.233331,59,0,2,1,3,0,0,0,2,0,15,50,0,6545,6545,4,5,5,2,0,0,0,0
1265973,3,2021,2021,6,4,3,829,27,123,770,0,1,9,-33.80856,151.066763,54,0,2,1,3,0,0,0,2,2,7,70,2,1391,1391,1,0,5,2,0,0,0,0
1265980,3,2021,2021,6,6,11,19,27,72,34609,0,1,2,-34.017791,151.018248,68,0,2,1,3,0,2,6,0,0,7,60,0,9859,9859,8,5,40,1,0,0,0,0
1265981,3,2021,2021,6,6,5,3371,17,52,3342,0,1,1,-33.269928,151.454176,16,2,2,1,3,0,0,0,2,0,7,70,2,14295,14295,3,5,0,3,0,0,0,0
1265982,3,2021,2021,6,2,8,866,17,247,793,0,1,10,-33.830331,150.960316,21,0,2,1,3,0,0,0,3,2,7,70,2,14295,14295,3,5,5,2,0,0,0,0
1265984,3,2021,2021,6,4,9,85,31,219,34609,0,1,10,-32.902,151.671861,48,0,2,1,3,0,3,3,0,0,15,60,0,6545,6545,4,5,36,2,0,0,0,0
1265985,3,2021,2021,6,5,4,117,1,210,121,0,1,9,-34.041198,151.108808,68,0,2,1,3,0,0,0,2,0,2,60,1,5929,5929,1,0,0,2,0,0,0,0
1265987,3,2021,2021,6,5,8,158,27,173,207,0,1,10,-33.876879,151.228411,69,0,2,1,3,0,0,0,2,2,7,60,2,1391,1391,1,5,5,2,0,0,0,0
1266007,3,2021,2021,7,6,11,1104,14,113,962,0,1,3,-33.783634,150.764609,55,0,2,1,2,0,0,0,0,0,7,110,2,404,404,8,5,40,1,0,0,0,0
1266018,3,2021,2021,0,3,8,3,27,36,34609,0,1,10,-33.794978,150.949839,21,0,2,1,1,0,0,0,2,0,0,50,0,4026,4026,8,5,40,1,0,0,0,0
1266027,3,2021,2021,0,5,0,2,31,271,34609,0,1,1,-33.939271,151.024721,15,0,2,1,2,0,0,0,0,0,7,50,0,9859,9859,1,5,0,2,0,0,0,0
1266054,3,2021,2021,6,0,3,2126,17,283,2149,0,1,2,-33.828817,151.007914,54,0,2,1,3,0,0,0,2,0,7,60,2,1391,1391,1,5,5,4,0,0,0,0
1266055,3,2021,2021,8,5,4,89,36,26,6,0,1,1,-33.611423,145.322516,51,1,0,1,3,2,0,0,2,0,7,100,1,1945,1945,5,5,40,1,0,0,0,0
1266056,3,2021,2021,6,2,9,106,27,252,106,0,1,2,-33.927737,150.883662,41,0,2,1,3,0,0,0,0,0,7,70,2,14295,14295,3,5,5,2,0,0,0,0
1266061,3,2021,2021,8,4,0,224,27,246,321,0,1,10,-33.901489,151.201136,69,0,2,1,3,0,0,0,0,2,7,50,2,6545,6545,4,0,13,2,0,0,0,0
1266063,3,2021,2021,6,5,4,10,31,166,34609,0,1,10,-33.430264,149.574789,3,2,1,1,3,0,0,1,2,0,0,50,0,6545,6545,4,0,5,2,0,0,0,0
1266068,3,2021,2021,6,3,10,2261,17,35,2252,0,1,9,-34.923829,148.169993,20,2,1,1,3,0,0,0,0,0,0,60,2,4026,4026,8,5,40,1,0,0,0,0
1266070,3,2021,2021,6,6,6,2,31,124,34609,0,1,10,-33.815208,151.047639,54,0,2,1,3,0,0,0,2,0,0,50,0,6545,6545,4,30,5,2,0,0,0,0