Crash ID,Degree of crash - detailed,Reporting year,Year of crash,Month of crash,Day of week of crash,Two-hour intervals,Street of crash,Street type,Town,Route no.,School zone location,School zone active,Type of location,Latitude,Longitude,LGA,Urbanisation,Conurbation 1,Alignment,Street lighting,Road surface,Surface condition,Weather,Natural lighting,Signals operation,Other traffic control,Speed limit,Road classification,RUM - code,DCA - code,First impact type,Key TU type,Other TU type,No. of traffic units involved,No. killed,No. seriously injured,No. moderately injured,No. minor-other injured
1266073,3,2021,2021,6,2,5,866,17,278,793,1,0,1,-33.763771,151.047621,54,0,2,1,3,0,0,0,2,0,7,60,2,14295,14295,3,5,5,2,0,0,0,0
1266074,3,2021,2021,6,3,3,3371,17,54,3342,0,1,2,-28.519152,153.527805,10,1,0,0,3,0,0,0,2,0,7,110,2,273,957,5,5,40,1,0,0,0,0
1266077,3,2021,2021,6,2,5,478,17,118,480,0,1,9,-33.425861,151.28775,16,2,2,1,3,0,0,0,2,3,7,70,2,14295,14295,3,5,13,3,0,0,0,0
1266079,3,2021,2021,6,4,7,57,36,112,769,0,1,9,-33.610461,150.807614,29,2,2,1,3,0,3,4,2,0,7,60,2,14295,14295,3,0,0,3,0,0,0,0
1266080,3,2021,2021,6,6,6,6,31,283,34609,0,1,1,-33.835233,151.007848,21,0,2,1,3,0,0,0,2,0,7,50,0,1109,787,1,5,36,2,0,0,0,0
1266082,3,2021,2021,6,2,5,3371,17,77,3342,0,1,2,-33.034669,151.660964,37,0,2,1,3,0,0,0,2,0,7,50,2,14295,14295,3,10,13,2,0,0,0,0
1266083,3,2021,2021,6,6,5,2209,17,59,2205,1,0,9,-34.327942,150.913443,80,0,2,1,3,0,0,0,2,2,7,60,2,14295,14295,3,0,5,2,0,0,0,0
1266085,3,2021,2021,6,6,8,26,27,131,115,0,1,9,-33.780114,151.186187,36,0,2,1,3,0,0,0,3,0,15,60,1,775,775,4,5,36,2,0,0,0,0
1266087,3,2021,2021,6,5,8,163,27,41,165,0,1,9,-33.728683,150.818002,7,0,2,1,3,0,0,0,2,0,7,60,1,5929,5929,1,5,5,2,0,0,0,0
1266096,3,2021,2021,6,0,8,1052,14,36,928,0,1,3,-33.437554,151.219658,16,1,2,1,3,0,0,0,3,0,7,110,2,14295,14295,3,0,0,3,0,0,0,0
1266098,3,2021,2021,8,6,9,2126,17,223,2149,0,1,2,-33.802195,150.916119,7,0,2,1,3,0,3,4,2,0,7,80,2,14295,14295,3,5,5,3,0,0,0,0
1266103,3,2021,2021,8,5,3,232,36,109,331,0,1,10,-33.955077,150.864255,41,0,2,1,3,0,3,3,2,2,7,70,2,2852,2852,4,5,5,2,0,0,0,0
1266107,3,2021,2021,6,1,3,1,27,2,34609,0,1,1,-35.789012,144.609694,51,1,0,1,3,0,0,0,1,0,7,100,0,945,945,5,34,40,1,0,0,0,0
1266109,3,2021,2021,8,1,6,916,17,75,917,0,1,2,-32.792035,151.630918,42,1,0,0,3,0,0,0,2,0,7,90,2,4552,5151,8,5,40,1,0,0,0,0
1266111,3,2021,2021,8,1,5,475,10,83,268,0,1,10,-33.883488,150.864563,41,0,2,1,3,0,3,0,2,2,7,70,2,14295,14295,3,5,5,2,0,0,0,0
1266118,3,2021,2021,6,1,6,5,23,42,34609,0,1,1,-34.00847,151.210051,68,0,2,1,3,0,0,0,2,0,7,50,0,220,220,1,5,5,2,0,0,0,0
1266119,3,2021,2021,0,6,11,92,27,55,36,0,1,10,-35.708421,150.177612,23,2,1,0,3,0,0,0,0,2,7,50,1,2585,4009,8,5,40,1,0,0,0,0
1266120,3,2021,2021,8,3,7,145,27,234,34609,0,1,9,-34.292238,146.055023,28,2,1,1,3,0,0,0,2,0,0,60,0,4552,985,8,5,40,1,0,0,0,0
1266121,3,2021,2021,6,0,3,1,18,4,34609,0,1,1,-33.406998,147.756103,51,1,0,1,3,2,3,4,1,0,7,100,0,4026,4026,8,10,40,1,0,0,0,0
1266134,3,2021,2021,4,1,3,149,36,40,113,0,1,1,-32.025173,152.482055,43,2,1,0,0,0,0,0,1,0,7,80,1,782,957,5,5,40,1,0,0,0,0
1266140,3,2021,2021,6,3,6,76,31,39,34609,0,1,1,-31.062955,152.814349,34,2,1,1,1,0,0,0,2,0,7,50,0,4026,4026,1,5,0,2,0,0,0,0
1266141,3,2021,2021,6,5,9,35,31,201,34609,0,1,9,-33.996262,150.862671,13,0,2,1,2,0,0,0,0,0,0,60,0,775,775,4,9,13,2,0,0,0,0
1266150,3,2021,2021,6,5,3,134,10,69,133,0,1,2,-33.824875,151.021017,54,0,2,1,1,0,0,0,2,0,7,70,2,1282,1282,1,5,40,2,0,0,0,0
1266162,3,2021,2021,8,1,4,10,10,27,34609,0,1,1,-34.053875,150.744326,12,0,2,0,1,0,0,0,2,0,7,50,0,2585,4009,8,5,40,1,0,0,0,0
1266174,3,2021,2021,6,2,9,34,31,111,34609,0,1,9,-33.911681,151.254952,59,0,2,1,3,0,0,0,0,0,0,50,0,1957,777,1,10,5,4,0,0,0,0
1266176,3,2021,2021,6,2,6,117,1,176,35,0,1,10,-33.964837,151.140788,4,0,2,1,3,0,0,0,2,0,0,60,2,2852,2852,4,5,36,2,0,0,0,0
1266178,3,2021,2021,6,5,11,2126,17,323,2149,0,1,10,-33.788972,150.854534,7,0,2,1,3,0,3,4,0,2,7,80,2,4552,985,8,5,40,1,0,0,0,0
1266180,3,2021,2021,6,1,8,1,31,71,34609,0,1,1,-33.972256,151.070662,25,0,2,1,3,0,0,0,0,0,7,50,0,9859,9859,1,5,5,2,0,0,0,0
1266184,3,2021,2021,6,4,4,2209,17,21,2205,0,1,2,-34.309083,150.901801,80,0,2,0,3,0,3,0,2,0,7,80,2,4552,5151,8,5,40,1,0,0,0,0
1266185,3,2021,2021,6,2,4,27,4,252,34609,0,1,9,-33.936954,150.885727,41,0,2,1,3,0,0,0,2,0,7,50,0,2852,2852,4,5,5,2,0,0,0,0
1266187,3,2021,2021,6,3,4,829,27,363,770,0,1,2,-33.809195,151.00976,54,0,2,1,3,0,0,0,2,0,7,60,2,1383,1383,1,5,5,2,0,0,0,0
1266188,3,2021,2021,6,3,7,162,31,65,122,0,1,9,-34.492698,150.888524,80,0,2,1,3,0,0,0,2,0,15,70,2,623,623,3,0,5,2,0,0,0,0
1266189,3,2021,2021,6,1,6,17,27,78,30,1,0,10,-28.323244,153.394287,72,2,1,1,3,0,0,0,2,0,0,50,1,6545,6545,4,5,5,2,0,0,0,0
1266193,3,2021,2021,6,4,8,1104,14,142,962,0,1,3,-33.827246,151.00257,54,0,2,1,3,0,0,0,3,0,7,90,2,14295,14295,3,5,5,4,0,0,0,0
1266195,3,2021,2021,6,6,4,22,27,14,26,0,1,1,-34.94234,147.305586,75,1,0,1,3,0,3,3,2,0,7,100,1,4026,4026,8,0,40,1,0,0,0,0
1266198,3,2021,2021,6,0,9,5,32,197,17,0,1,9,-33.948591,151.081211,25,0,2,1,3,0,3,4,0,0,7,50,1,1282,1282,1,5,41,2,0,0,0,0
1266201,3,2021,2021,8,0,7,2209,17,106,2205,0,1,2,-34.558563,150.793681,62,0,2,1,3,0,0,0,2,0,7,70,2,14295,14295,3,0,13,3,0,0,0,0
1266202,3,2021,2021,8,5,4,2,27,130,34609,0,1,1,-33.874629,151.195623,69,0,2,1,3,0,0,0,2,0,7,40,0,84,84,8,10,40,1,0,0,0,0
1266210,3,2021,2021,8,5,9,475,10,83,268,0,1,2,-33.883381,150.863491,41,0,2,1,2,0,0,0,0,0,7,70,2,204,204,1,5,5,2,0,0,0,0
1266216,3,2021,2021,6,3,10,133,27,46,260,0,1,9,-32.913382,151.660796,48,0,2,1,2,0,0,0,0,2,7,70,2,14295,14295,3,33,0,2,0,0,0,0
1266221,3,2021,2021,6,4,0,161,17,9,161,0,1,1,-35.912046,148.587005,65,2,1,0,3,0,3,4,0,0,7,80,2,1850,1463,5,29,40,1,0,0,0,0
1266233,3,2021,2021,8,2,2,9,31,363,34609,0,1,9,-33.756812,150.694523,55,0,2,1,2,0,0,0,0,0,0,50,0,256,256,4,5,5,2,0,0,0,0
1266239,3,2021,2021,6,4,6,334,17,316,308,0,1,2,-31.448163,152.879259,56,2,1,1,0,0,0,0,2,0,7,70,2,14295,14295,3,0,40,4,0,0,0,0
1266253,3,2021,2021,6,4,5,20,31,433,34609,1,0,10,-33.283838,149.116244,52,2,1,1,1,0,1,5,2,0,15,50,0,6545,6545,4,5,10,2,0,0,0,0
1266255,3,2021,2021,6,3,5,35,27,12,34609,0,1,1,-34.08063,150.50416,79,2,2,1,0,0,0,0,2,0,7,60,0,1282,1282,1,33,5,2,0,0,0,0
1266257,3,2021,2021,6,3,9,4,27,25,34609,0,1,9,-33.613483,150.844933,29,2,2,1,2,0,0,0,0,0,7,60,0,9859,9859,1,10,5,2,0,0,0,0
1266261,3,2021,2021,6,5,7,2261,17,187,2252,0,1,2,-33.889858,150.974009,15,0,2,0,0,0,0,3,2,0,7,70,2,1383,1383,1,33,0,3,0,0,0,0
1266273,3,2021,2021,6,6,10,46,27,148,43,0,1,10,-36.049647,146.931767,0,2,1,1,2,0,3,4,0,2,7,60,1,5929,5929,1,5,5,2,0,0,0,0
1266277,3,2021,2021,6,6,0,195,27,83,186,0,1,9,-33.889102,150.860697,41,0,2,1,2,0,3,4,0,2,7,70,2,9859,9859,1,8,13,3,0,0,0,0
1266300,3,2021,2021,6,5,9,3,27,48,56,0,1,1,-33.872652,147.200183,51,1,0,1,3,0,0,0,0,0,7,100,1,1089,1089,7,29,40,1,0,0,0,0
1266306,3,2021,2021,6,1,5,22,27,7,34609,0,1,1,-32.605734,149.674237,44,1,0,0,3,0,0,0,2,0,7,100,0,4552,5151,8,5,40,1,0,0,0,0
1266323,3,2021,2021,8,0,4,135,17,93,136,0,1,7,-36.076925,146.939945,0,2,1,1,3,0,0,0,2,0,0,60,2,1192,1192,1,10,5,2,0,0,0,0
1266325,3,2021,2021,6,6,2,10,31,84,16,0,1,2,-31.093934,150.923543,70,2,1,1,3,0,3,3,0,0,7,60,1,9859,9859,8,30,40,1,0,0,0,0
1266330,3,2021,2021,6,5,4,1,2,30,34609,0,1,2,-32.651289,152.149871,43,2,1,1,3,0,0,0,2,0,7,50,0,515,515,1,5,0,2,0,0,0,0
1266332,3,2021,2021,6,1,11,2261,17,148,2252,0,1,2,-36.053528,146.957206,0,1,0,1,3,0,0,0,0,0,7,110,2,9859,9859,8,5,40,1,0,0,0,0
1266333,3,2021,2021,6,2,7,42,1,71,34609,0,1,1,-33.966755,151.06787,25,0,2,0,3,0,0,0,2,0,7,50,0,941,941,1,5,5,5,0,0,0,0
1266336,3,2021,2021,8,4,8,126,1,226,144,0,1,2,-33.765766,150.817027,7,0,2,1,3,0,0,0,0,0,7,60,2,14295,14295,3,5,13,2,0,0,0,0
1266339,3,2021,2021,6,4,8,78,17,22,75,0,1,8,-33.85632,151.208199,69,0,2,1,3,0,0,0,3,0,7,70,2,1391,1391,1,30,36,2,0,0,0,0
1266340,3,2021,2021,6,5,9,334,17,15,308,0,1,1,-31.708677,147.828442,51,2,1,1,3,0,3,4,0,0,7,70,2,1089,1089,7,0,40,1,0,0,0,0
1266341,3,2021,2021,6,3,8,24,31,91,160,0,1,1,-33.993244,150.8923,13,0,2,1,3,0,0,0,3,0,7,60,2,14295,14295,3,5,0,2,0,0,0,0
1266342,3,2021,2021,6,3,6,40,27,94,40,0,1,10,-33.883984,150.926407,24,0,2,1,3,0,0,0,2,0,0,40,1,6545,6545,4,5,0,2,0,0,0,0
1266343,3,2021,2021,6,1,5,10,27,4,34609,0,1,1,-29.869112,152.491654,18,1,0,0,3,2,0,0,2,0,7,100,0,1957,4009,8,10,40,1,0,0,0,0
1266344,3,2021,2021,6,1,5,2126,17,27,2149,0,1,9,-33.588134,150.250445,8,2,2,1,3,0,0,6,2,0,15,60,2,14295,14295,3,0,0,2,0,0,0,0
1266348,3,2021,2021,6,1,8,14,31,24,34609,0,1,1,-33.835987,151.169325,38,0,2,1,3,0,0,0,3,0,7,50,0,237,162,8,0,40,1,0,0,0,0
1266349,3,2021,2021,8,5,4,117,1,115,121,0,1,10,-34.035755,151.070788,68,0,2,1,3,0,0,0,2,2,7,60,1,5929,5929,1,30,5,2,0,0,0,0
1266351,3,2021,2021,6,0,4,11,27,115,34609,0,1,2,-33.740856,151.209634,50,0,2,0,3,0,3,3,2,0,7,50,0,14295,14295,3,5,12,2,0,0,0,0
1266355,3,2021,2021,0,0,8,103,27,94,563,0,1,10,-33.834,151.048216,54,0,2,1,3,0,0,0,3,2,7,70,2,5929,5929,1,5,5,2,0,0,0,0
1266356,3,2021,2021,6,0,5,23,31,125,34609,0,1,9,-33.864648,151.080019,67,0,2,1,3,0,0,0,2,0,7,50,0,775,775,4,5,5,2,0,0,0,0
1266359,3,2021,2021,4,1,9,6,10,44,34609,0,1,1,-33.211814,151.509335,16,2,2,0,3,0,3,3,3,0,7,50,0,2585,4009,1,5,13,2,0,0,0,0
1266362,3,2021,2021,6,6,7,59,27,271,42,0,1,9,-33.952686,151.017136,15,0,2,1,3,0,0,0,2,2,7,60,2,5929,5929,1,5,0,2,0,0,0,0
1266363,3,2021,2021,6,6,5,30,31,316,34609,0,1,9,-33.905009,151.25392,59,0,2,1,3,0,0,0,2,0,7,50,0,1981,1981,4,5,36,3,0,0,0,0
1266367,3,2021,2021,6,3,9,2126,17,218,2149,0,1,10,-33.769532,150.768721,55,0,2,1,3,0,0,0,0,2,7,60,2,926,926,4,5,5,2,0,0,0,0
1266372,3,2021,2021,6,1,8,77,10,13,331,0,1,7,-34.122083,150.698627,79,2,2,0,3,0,0,0,3,0,0,40,1,77,77,1,10,13,2,0,0,0,0
1266374,3,2021,2021,6,2,4,49,31,147,34609,0,1,1,-33.880513,150.999897,15,0,2,1,3,0,0,0,2,0,7,50,0,4026,4026,8,34,40,1,0,0,0,0
1266375,3,2021,2021,6,0,8,2126,17,80,2149,0,1,10,-33.756117,150.652893,55,0,2,1,3,0,0,0,2,0,0,60,2,5929,5929,1,10,5,2,0,0,0,0
1266378,3,2021,2021,6,4,4,11,27,8,34609,0,1,1,-33.360927,150.961315,29,2,2,0,3,0,3,3,2,0,7,50,0,1850,1463,5,0,40,1,0,0,0,0
1266380,3,2021,2021,6,2,7,17,10,39,34609,0,1,1,-32.886793,151.664939,48,0,2,1,3,0,0,0,2,0,7,50,0,217,217,1,5,5,2,0,0,0,0
1266381,3,2021,2021,6,1,5,34,31,111,34609,0,1,10,-33.920402,151.254434,59,0,2,1,3,0,0,0,2,2,7,50,0,941,941,1,5,0,2,0,0,0,0
1266384,3,2021,2021,6,5,4,2126,17,147,2149,0,1,2,-33.870917,151.11958,14,0,2,1,3,0,0,3,2,0,7,60,2,14295,14295,3,8,0,2,0,0,0,0
1266386,3,2021,2021,6,0,2,45,27,47,44,0,1,10,-33.816856,151.151571,38,0,2,1,3,0,0,0,0,2,7,60,2,5929,5929,1,5,5,2,0,0,0,0
1266387,3,2021,2021,6,5,4,6,27,46,34609,0,1,9,-35.180593,147.379094,75,2,1,1,3,0,0,1,2,0,0,80,0,2852,2852,4,5,41,2,0,0,0,0
1266388,3,2021,2021,6,0,9,29,27,147,69,0,1,9,-33.871058,151.131977,14,0,2,1,3,0,0,0,0,0,0,60,2,14295,14295,3,10,5,2,0,0,0,0
1266391,3,2021,2021,6,6,7,2126,17,125,2149,0,1,9,-33.864469,151.083488,67,0,2,1,3,0,0,0,2,2,7,60,2,5929,5929,1,5,36,2,0,0,0,0
1266392,3,2021,2021,6,2,7,7,27,128,34609,0,1,9,-33.634682,150.774213,29,2,2,0,3,0,0,0,2,0,7,60,0,6545,6545,4,5,25,2,0,0,0,0
1266393,3,2021,2021,6,6,5,72,31,176,62,0,1,1,-33.960799,151.145074,4,0,2,1,3,0,0,0,2,0,7,60,1,1981,1981,4,5,5,2,0,0,0,0
1266394,3,2021,2021,6,6,6,1052,14,17,928,0,1,3,-33.224115,151.428657,16,1,2,1,3,0,0,0,2,0,7,110,2,945,945,5,5,40,1,0,0,0,0
1266396,3,2021,2021,6,6,4,73,27,39,16,0,1,10,-33.779097,150.750889,55,0,2,1,3,0,0,1,2,2,7,80,2,14295,14295,3,5,5,3,0,0,0,0
1266398,3,2021,2021,6,5,9,31,27,304,34609,0,1,9,-33.920843,151.14197,32,0,2,1,3,0,0,0,0,0,0,50,0,1282,1282,1,9,0,2,0,0,0,0
1266425,3,2021,2021,6,0,11,69,31,445,59,0,1,1,-33.865198,151.047869,21,0,2,1,2,0,0,0,0,0,7,60,1,14295,14295,3,0,13,2,0,0,0,0
1266426,3,2021,2021,6,4,10,6,27,53,5,0,1,1,-33.761459,151.17062,36,0,2,1,0,0,3,0,0,0,7,50,1,9859,9859,1,33,36,2,0,0,0,0
1266441,3,2021,2021,8,6,2,8,27,62,34609,0,1,1,-32.920644,151.616187,37,0,2,1,2,0,0,0,0,0,7,50,0,9859,9859,1,5,5,2,0,0,0,0
1266446,3,2021,2021,6,1,8,31,1,147,34609,0,1,1,-33.746711,151.142113,36,0,2,1,1,0,0,0,2,0,7,50,0,9859,9859,1,5,0,2,0,0,0,0
1266449,3,2021,2021,6,0,0,1,23,7,34609,0,1,1,-32.936188,151.773337,48,0,2,1,2,0,0,0,0,0,7,50,0,9859,9859,1,33,0,2,0,0,0,0
1266461,3,2021,2021,8,0,9,1052,14,54,928,0,1,3,-33.460803,151.197846,16,1,2,0,2,0,0,0,0,0,7,110,2,14295,14295,3,5,40,3,0,0,0,0
1266462,3,2021,2021,6,4,11,42,10,16,172,0,1,1,-32.860859,151.54243,17,2,1,0,2,0,3,4,0,0,7,80,2,1259,5151,8,5,40,1,0,0,0,0
1266470,3,2021,2021,7,2,7,1104,14,142,962,0,1,3,-33.827508,150.995382,54,0,2,1,0,0,0,0,2,0,7,90,2,14295,14295,3,5,5,3,0,0,0,0
1266479,3,2021,2021,6,0,11,1,31,38,34609,0,1,1,-32.805766,151.457629,17,2,1,1,2,0,0,0,0,0,7,50,0,489,489,8,10,40,1,0,0,0,0
1266489,3,2021,2021,8,3,2,79,27,145,159,0,1,1,-33.926223,151.10855,15,0,2,1,2,0,0,0,0,0,7,60,2,9859,9859,1,10,5,2,0,0,0,0
1266491,3,2021,2021,6,1,0,8,31,271,34609,0,1,1,-33.944042,151.021664,15,0,2,1,2,0,0,0,0,0,7,50,0,3775,3775,0,33,0,2,0,0,0,0
1266493,3,2021,2021,8,2,6,2,31,346,34609,0,1,1,-33.877613,151.083783,67,0,2,1,1,0,0,0,2,0,7,50,0,4026,4026,8,5,40,1,0,0,0,0
1266499,3,2021,2021,6,5,8,829,27,363,770,0,1,10,-33.808844,151.020932,54,0,2,1,1,0,0,0,3,0,0,50,2,5929,5929,1,5,5,2,0,0,0,0
1266503,3,2021,2021,6,4,7,2,27,53,115,0,1,9,-33.760331,151.173077,36,0,2,0,1,0,3,4,2,0,7,60,1,4552,985,8,5,40,1,0,0,0,0
1266512,3,2021,2021,6,5,5,103,36,6,103,0,1,1,-32.259961,151.925279,43,2,1,0,0,0,0,0,2,0,7,80,1,1850,1463,5,9,40,1,0,0,0,0
1266513,3,2021,2021,6,0,11,916,17,172,917,0,1,10,-32.746708,151.581495,42,2,1,1,2,0,0,0,0,2,7,60,2,9859,9859,8,30,40,1,0,0,0,0
1266517,3,2021,2021,8,3,0,23,10,64,101,0,1,10,-32.940605,151.712449,48,0,2,1,2,0,3,4,0,2,7,50,2,4026,4026,8,5,40,1,0,0,0,0
1266519,3,2021,2021,0,3,11,20,10,18,34609,0,1,1,-28.683511,153.604048,10,2,1,0,2,0,0,0,0,0,7,50,0,4552,5151,8,0,40,1,0,0,0,0
1266521,3,2021,2021,6,1,8,2,27,22,34609,0,1,10,-33.824973,150.917961,21,0,2,1,1,0,0,0,2,2,7,60,0,14295,14295,3,5,5,3,0,0,0,0
1266526,3,2021,2021,6,2,4,109,36,10,108,0,1,1,-28.380043,153.420498,72,1,0,0,0,0,0,0,2,0,7,90,1,1957,4009,8,5,40,1,0,0,0,0
1266546,3,2021,2021,7,2,9,7,27,6,34609,0,1,1,-34.711874,149.519387,74,1,0,1,3,0,0,0,3,0,7,100,0,945,945,5,10,40,1,0,0,0,0
1266585,3,2021,2021,8,2,10,169,1,92,94,0,1,1,-33.880967,150.97339,24,0,2,1,2,0,0,0,0,0,7,60,1,9859,9859,1,5,5,3,0,0,0,0
1266586,3,2021,2021,6,2,4,31,27,85,41,0,1,10,-33.720043,151.142797,36,0,2,1,3,0,0,0,2,2,7,60,1,5929,5929,1,5,0,2,0,0,0,0
1266597,3,2021,2021,8,6,6,133,17,22,121,0,1,1,-36.885776,149.246223,65,1,0,0,3,0,3,4,2,0,7,100,2,1259,5151,8,29,40,1,0,0,0,0
1266602,3,2021,2021,6,5,4,165,27,134,34609,0,1,1,-33.981059,150.7827,12,0,2,0,3,0,0,0,2,0,7,50,0,1259,5151,8,0,40,1,0,0,0,0
1266604,3,2021,2021,6,6,8,89,17,95,34609,0,1,1,-34.389206,150.893834,80,0,2,1,3,0,0,0,3,0,7,50,0,1391,1391,1,5,5,2,0,0,0,0
1266605,3,2021,2021,6,6,3,2209,17,33,2205,0,1,2,-34.770858,150.707024,63,1,0,0,3,0,0,1,1,0,7,100,2,1089,1089,7,0,40,1,0,0,0,0
1266606,3,2021,2021,8,1,3,515,14,204,518,0,1,3,-33.942077,151.158358,4,0,2,1,3,0,0,0,1,0,7,80,2,14295,14295,3,8,0,3,0,0,0,0
1266607,3,2021,2021,6,6,8,26,1,137,34609,0,1,1,-33.916089,151.202367,69,0,2,1,3,0,0,3,2,0,9,40,0,9859,9859,1,5,5,2,0,0,0,0
1266609,3,2021,2021,6,2,7,512,17,6,441,0,1,1,-31.864482,147.762155,51,1,0,1,3,0,0,3,2,0,7,110,2,1945,1945,5,10,40,1,0,0,0,0
1266612,3,2021,2021,6,6,7,17,31,215,34609,0,1,1,-35.115788,147.372415,75,2,1,1,3,0,0,0,2,0,7,50,0,323,323,1,16,0,2,0,0,0,0
1266614,3,2021,2021,6,3,7,109,36,10,108,0,1,1,-28.361146,153.409947,72,1,0,1,3,0,0,0,2,0,7,90,1,14295,14295,3,5,13,2,0,0,0,0
1266616,3,2021,2021,6,0,8,128,27,74,133,0,1,9,-33.77264,150.67097,55,0,2,1,3,0,0,0,3,3,7,60,2,14295,14295,3,5,36,2,0,0,0,0
1266634,3,2020,2020,2,1,10,2209,17,176,2205,0,1,2,-33.969597,151.135291,25,0,2,1,2,0,3,4,0,0,7,60,2,4026,4026,8,30,40,1,0,0,0,0
1266647,3,2021,2021,0,6,6,6,27,10,34609,0,1,1,-28.734863,153.428003,10,1,0,1,3,2,0,0,2,0,7,100,0,945,945,5,0,40,1,0,0,0,0
1266648,3,2021,2021,7,5,7,25,27,5,27,0,1,1,-34.393824,149.053573,30,1,0,0,0,0,0,3,2,0,7,100,1,1850,1463,5,16,40,1,0,0,0,0
1266658,3,2021,2021,3,4,7,100,27,42,100,0,1,1,-33.867838,150.846135,24,0,2,1,2,0,0,0,2,0,7,80,2,14295,14295,3,0,5,2,0,0,0,0
1266666,3,2021,2021,8,1,0,3,1,35,34609,0,1,1,-34.099822,150.791448,13,0,2,1,0,0,0,0,0,0,7,50,0,1282,1282,1,33,12,2,0,0,0,0
1266671,3,2021,2021,6,2,10,27,27,87,34609,0,1,1,-33.922793,150.968615,41,0,2,1,2,0,0,0,0,0,7,60,0,1383,1383,1,33,5,2,0,0,0,0
1266677,3,2021,2021,7,6,8,28,1,251,34609,0,1,1,-33.777573,150.940155,7,0,2,0,1,0,0,0,2,0,7,50,0,1957,4009,1,34,0,4,0,0,0,0
1266678,3,2021,2021,6,0,9,46,1,293,34609,0,1,1,-33.92383,151.049515,15,0,2,1,2,0,0,0,0,0,7,50,0,14295,14295,3,5,5,2,0,0,0,0
1266690,3,2021,2021,6,4,2,5,10,62,34609,0,1,2,-33.722667,150.859914,7,0,2,0,2,0,3,0,0,0,7,50,0,1282,1282,1,33,5,2,0,0,0,0
1266692,3,2021,2021,0,1,5,103,27,123,563,0,1,2,-33.822364,151.051584,54,0,2,1,0,0,0,0,2,0,7,80,2,1192,1192,1,5,5,4,0,0,0,0
1266695,3,2021,2021,6,4,3,51,27,25,45,0,1,7,-33.742863,150.810831,7,0,2,1,0,0,3,4,1,0,0,60,1,301,301,4,33,0,2,0,0,0,0
1266697,3,2021,2021,6,1,8,30,18,95,34609,0,1,1,-34.395779,150.878095,80,0,2,1,1,0,0,0,2,0,7,50,0,1669,1669,3,0,0,2,0,0,0,0
1266709,3,2021,2021,6,4,3,31,27,127,96,0,1,1,-33.89994,151.153508,32,0,2,1,0,0,0,0,2,0,7,60,2,1282,1282,1,5,5,2,0,0,0,0
1266714,3,2021,2021,6,6,3,8,1,53,34609,0,1,9,-33.918911,150.836975,41,0,2,1,2,0,0,1,1,0,7,50,0,6545,6545,4,0,0,3,0,0,0,0
1266715,3,2021,2021,6,6,10,15,27,11,34609,0,1,9,-28.230773,153.472192,72,2,1,1,2,0,0,0,0,0,7,80,0,9859,9859,8,9,40,1,0,0,0,0
1266719,3,2021,2021,8,6,6,68,31,73,331,0,1,10,-34.169419,150.611331,79,2,2,1,1,0,0,0,2,0,15,50,1,10,10,4,10,5,2,0,0,0,0
1266726,3,2021,2021,6,6,10,5,22,149,34609,0,1,9,-33.993481,151.12773,25,0,2,1,2,0,3,4,0,0,7,50,0,9859,9859,1,10,36,3,0,0,0,0
1266732,3,2021,2021,6,5,3,42,10,55,172,0,1,1,-32.856628,151.538,17,2,1,0,2,0,3,2,1,0,7,80,2,2585,4009,8,0,40,1,0,0,0,0
1266743,3,2021,2021,6,1,11,28,27,52,34609,0,1,9,-33.648998,150.769833,55,0,2,0,3,0,0,0,0,0,15,70,0,926,926,4,5,10,2,0,0,0,0
1266746,3,2021,2021,6,0,7,98,27,128,382,0,1,7,-33.639746,150.784272,29,2,2,1,3,0,0,0,2,0,0,80,2,2852,2852,4,10,0,2,0,0,0,0
1266750,3,2021,2021,6,6,7,222,27,54,40,0,1,9,-33.63933,150.885548,29,2,2,1,3,0,3,3,2,0,7,80,1,9859,9859,8,8,40,1,0,0,0,0
1266751,3,2021,2021,6,2,11,39,31,193,145,0,1,10,-33.794978,151.071879,61,0,2,1,3,0,0,0,0,0,15,60,2,6545,6545,4,5,5,2,0,0,0,0
1266752,3,2021,2021,6,6,3,478,17,8,480,0,1,9,-33.224795,151.535957,16,2,2,1,3,0,0,0,2,0,15,60,2,14295,14295,3,5,0,2,0,0,0,0
1266754,3,2021,2021,6,5,4,14,31,61,49,0,1,2,-32.924199,151.739502,48,0,2,1,3,0,3,4,2,0,7,60,2,623,623,3,5,5,2,0,0,0,0
1266756,3,2021,2021,6,5,10,1,10,6,34609,0,1,1,-34.89431,150.581912,63,2,1,0,3,0,0,0,0,0,7,50,0,782,957,5,10,40,1,0,0,0,0
1266758,3,2021,2021,6,5,8,16,27,88,20,0,1,1,-33.760459,150.850549,7,0,2,1,3,0,0,0,3,0,7,60,1,1391,1391,1,8,36,2,0,0,0,0
1266759,3,2021,2021,6,4,6,10,27,42,91,0,1,9,-35.339276,149.243225,58,2,1,1,3,0,0,0,2,2,7,60,2,5929,5929,1,0,5,2,0,0,0,0
1266761,3,2021,2020,9,3,10,866,17,112,793,0,1,9,-33.910197,150.918969,41,0,2,1,3,0,0,0,0,2,7,70,2,14295,14295,3,21,40,2,0,0,0,0
1266765,3,2021,2021,6,0,3,100,27,68,78,0,1,1,-33.609003,149.77794,51,2,1,0,3,0,0,1,1,0,7,80,2,1089,1089,7,5,40,1,0,0,0,0
1266767,3,2021,2021,6,4,6,481,17,48,483,0,1,10,-33.922877,147.203812,51,2,1,1,3,0,3,4,2,0,0,50,2,2852,2852,4,0,0,2,0,0,0,0