Crash ID,Degree of crash - detailed,Reporting year,Year of crash,Month of crash,Day of week of crash,Two-hour intervals,Street of crash,Street type,Town,Route no.,School zone location,School zone active,Type of location,Latitude,Longitude,LGA,Urbanisation,Conurbation 1,Alignment,Street lighting,Road surface,Surface condition,Weather,Natural lighting,Signals operation,Other traffic control,Speed limit,Road classification,RUM - code,DCA - code,First impact type,Key TU type,Other TU type,No. of traffic units involved,No. killed,No. seriously injured,No. moderately injured,No. minor-other injured
1266779,3,2021,2021,4,6,7,1,31,115,34609,1,0,1,-33.880446,151.185204,69,0,2,1,2,0,0,3,2,0,7,40,0,9859,9859,1,16,36,2,0,0,0,0
1266792,3,2021,2021,6,1,7,2261,17,646,2252,1,2,10,-33.90639,151.035995,15,0,2,1,2,0,0,0,2,2,7,40,2,3775,3775,0,30,5,2,0,0,0,0
1266802,3,2021,2021,8,0,7,515,14,42,518,0,1,3,-33.94099,150.934025,41,0,2,1,3,0,0,0,2,0,7,100,2,9859,9859,8,5,40,1,0,0,0,0
1266804,3,2021,2021,6,6,3,14,27,251,14,0,1,1,-33.773901,150.94466,7,0,2,1,3,0,0,0,2,0,7,60,1,1981,1981,4,10,5,2,0,0,0,0
1266805,3,2021,2021,6,5,5,1,31,23,34609,0,1,1,-32.996962,151.637295,37,0,2,1,3,0,0,0,2,0,7,50,0,1282,1282,1,5,5,2,0,0,0,0
1266806,3,2021,2021,6,1,5,18,31,42,34609,0,1,1,-33.820049,151.193065,77,0,2,1,3,0,3,3,2,0,7,50,0,14295,14295,3,30,5,2,0,0,0,0
1266813,3,2021,2021,8,0,4,109,27,100,105,1,2,10,-33.894052,150.89743,24,0,2,1,1,0,0,0,2,2,7,40,2,6545,6545,4,5,0,2,0,0,0,0
1266817,3,2021,2021,6,1,5,1052,14,77,928,0,1,3,-33.538243,151.198985,16,1,2,1,3,0,0,0,2,0,7,110,2,14295,14295,3,0,13,3,0,0,0,0
1266819,3,2021,2021,6,6,8,71,17,1,71,0,1,1,-34.880983,144.762103,51,1,0,1,3,0,3,4,2,0,7,110,2,9859,9859,8,29,40,1,0,0,0,0
1266820,3,2021,2021,6,6,5,293,31,128,369,0,1,1,-33.621931,150.804261,29,2,2,1,3,0,0,0,2,0,7,60,2,4026,4026,8,5,40,1,0,0,0,0
1266822,3,2021,2021,6,0,8,916,17,37,917,0,1,7,-32.668786,151.361366,17,1,0,0,3,0,0,0,0,0,0,100,2,5929,5929,1,5,5,2,0,0,0,0
1266823,3,2021,2021,6,6,3,54,27,284,18,0,1,7,-33.897587,151.025604,15,0,2,0,3,0,0,0,1,0,0,60,1,6545,6545,4,5,0,2,0,0,0,0
1266824,3,2021,2021,6,4,8,191,17,24,189,0,1,1,-32.018468,149.969656,73,1,0,0,3,2,3,4,3,0,7,100,2,4552,5151,8,5,40,1,0,0,0,0
1266825,3,2021,2021,6,1,7,500,27,646,799,0,1,9,-33.935037,151.024598,15,0,2,1,3,0,0,0,2,1,7,60,2,1089,1089,7,8,40,1,0,0,0,0
1266826,3,2021,2021,6,6,8,2209,17,44,2205,0,1,9,-33.947396,151.140402,4,0,2,1,3,0,3,4,0,0,7,60,2,623,623,3,5,13,2,0,0,0,0
1266828,3,2021,2021,6,4,0,515,14,60,518,0,1,3,-33.94723,150.969198,41,0,2,0,3,0,3,4,0,0,7,100,2,1259,5151,8,5,40,1,0,0,0,0
1266829,3,2021,2021,6,5,8,4,27,15,34609,0,1,1,-34.610075,150.269599,78,1,0,1,3,0,0,0,3,0,7,90,0,1089,1089,7,5,40,1,0,0,0,0
1266830,3,2021,2021,8,0,5,3371,17,463,3342,0,1,9,-30.30561,153.101882,19,2,1,1,3,0,0,0,2,0,7,60,2,14295,14295,3,0,5,2,0,0,0,0
1266831,3,2021,2021,6,1,3,34,31,64,34609,0,1,9,-34.383435,150.899455,80,0,2,1,3,0,0,3,2,0,7,50,0,5929,5929,1,5,0,2,0,0,0,0
1266836,3,2021,2021,8,0,6,3371,17,149,3342,0,1,10,-33.348952,151.369576,16,2,2,1,3,0,0,0,2,2,7,60,2,14295,14295,3,30,0,2,0,0,0,0
1266851,3,2021,2021,6,6,5,344,27,120,163,0,1,10,-33.742783,150.87022,7,0,2,1,3,0,0,0,2,2,7,70,2,6545,6545,4,5,0,2,0,0,0,0
1266852,3,2021,2021,6,1,5,8,10,74,34609,0,1,1,-34.054815,150.771815,12,0,2,1,3,0,0,0,2,0,7,50,0,14295,14295,3,10,5,2,0,0,0,0
1266853,3,2021,2021,6,4,10,154,27,136,244,0,1,2,-33.914316,151.06919,15,0,2,1,2,0,3,4,0,0,7,60,2,3775,3775,0,0,5,2,0,0,0,0
1266862,3,2021,2021,8,4,9,97,31,174,34609,0,1,1,-33.8903,151.204389,69,0,2,1,2,0,0,6,0,0,7,40,0,248,248,1,10,5,2,0,0,0,0
1266866,3,2021,2021,6,2,7,220,27,46,222,0,1,9,-33.786505,150.972983,54,0,2,1,3,0,0,0,2,1,7,80,1,945,945,5,0,40,1,0,0,0,0
1266877,3,2021,2021,6,0,3,2126,17,62,2149,0,1,2,-33.733736,150.604712,8,2,2,1,3,0,0,0,2,0,7,80,2,14295,14295,3,5,0,3,0,0,0,0
1266878,3,2021,2021,6,6,6,2209,17,82,2205,0,1,2,-34.374461,150.900604,80,0,2,1,3,0,0,0,2,0,7,80,2,14295,14295,3,5,10,2,0,0,0,0
1266880,3,2021,2021,6,1,7,2,31,316,34609,0,1,1,-33.916817,151.247607,59,0,2,1,3,0,0,0,2,0,7,50,0,9859,9859,1,5,5,3,0,0,0,0
1266884,3,2021,2021,6,4,8,14,31,53,262,0,1,9,-32.925679,151.756314,48,0,2,1,3,0,0,0,0,0,7,60,2,1391,1391,1,5,5,2,0,0,0,0
1266885,3,2021,2021,6,0,4,14,31,304,34609,0,1,1,-33.915178,151.151849,32,0,2,1,3,0,0,0,2,0,7,50,0,237,397,1,30,5,2,0,0,0,0
1266886,3,2021,2021,6,0,0,2,27,290,34609,0,1,1,-33.851941,150.974339,21,0,2,1,2,0,0,0,0,0,7,50,0,9859,9859,1,5,12,2,0,0,0,0
1266887,3,2021,2021,6,5,7,2,31,10,34609,0,1,10,-32.674876,152.176873,43,2,1,1,3,0,0,0,2,0,7,50,0,1957,777,8,5,40,1,0,0,0,0
1266888,3,2021,2021,6,3,11,78,31,43,34609,0,1,9,-32.173833,152.488673,43,2,1,1,3,0,3,4,0,0,7,50,0,9859,9859,1,0,5,2,0,0,0,0
1266889,3,2021,2021,6,0,8,98,27,40,34609,0,1,1,-34.023754,151.126863,68,0,2,1,3,0,0,0,0,0,7,50,0,323,323,1,5,5,2,0,0,0,0
1266906,3,2021,2021,6,4,11,3371,17,107,3342,0,1,9,-33.265442,151.455134,16,2,2,1,2,0,3,0,0,2,7,70,2,2585,777,8,10,40,1,0,0,0,0
1266916,3,2021,2021,6,4,9,1,27,24,34609,0,1,1,-33.95941,150.989959,15,0,2,1,2,0,0,0,0,0,7,50,0,9859,9859,1,10,5,3,0,0,0,0
1266931,3,2021,2021,6,1,6,12,27,36,41,0,1,1,-33.544034,148.570367,11,1,0,0,0,0,0,0,2,0,7,100,1,4552,5151,8,29,40,1,0,0,0,0
1266942,3,2021,2021,6,1,3,308,14,169,311,0,1,3,-33.771476,150.849214,7,0,2,1,2,0,0,0,1,0,7,100,2,1383,1383,1,33,5,2,0,0,0,0
1266948,3,2021,2021,8,5,9,106,27,523,106,0,1,9,-33.928162,150.912338,41,0,2,1,2,0,0,0,0,2,7,60,2,4026,4026,8,5,40,2,0,0,0,0
1266953,3,2021,2021,6,2,7,4,27,3,34609,0,1,1,-31.33574,152.733076,56,2,1,0,0,0,3,4,2,0,7,80,0,2585,4009,8,5,40,1,0,0,0,0
1266954,3,2021,2021,8,0,3,283,27,197,702,1,0,1,-33.954187,151.084868,25,0,2,1,1,0,0,0,2,0,7,60,2,1192,1192,1,29,0,2,0,0,0,0
1266955,3,2021,2021,6,5,5,481,17,7,483,0,1,1,-31.337003,149.299255,51,1,0,1,0,0,0,0,2,0,7,100,2,323,323,1,29,13,2,0,0,0,0
1266967,3,2021,2021,6,4,3,1,1,278,34609,0,1,1,-33.787575,151.038145,54,0,2,1,3,0,2,6,2,0,7,50,0,4026,4026,1,10,5,2,0,0,0,0
1266980,3,2021,2021,6,2,4,1,31,293,34609,1,0,1,-33.930807,151.055009,15,0,2,1,3,0,0,0,2,0,7,50,0,84,84,8,0,40,1,0,0,0,0
1266981,3,2021,2021,6,4,3,916,17,104,917,0,1,2,-32.820734,151.682055,48,0,2,0,3,0,3,4,2,0,7,80,2,1391,1391,1,10,25,3,0,0,0,0
1266984,3,2021,2021,6,6,10,866,17,44,793,0,1,10,-33.796336,150.978199,54,0,2,1,3,0,3,4,0,2,7,70,2,1282,1282,1,33,5,2,0,0,0,0
1266986,3,2021,2021,6,0,10,193,31,106,34609,0,1,1,-33.676871,151.305659,50,0,2,1,3,0,3,4,0,0,7,60,0,144,144,1,5,5,2,0,0,0,0
1266989,3,2021,2021,6,5,3,77,31,163,69,0,1,10,-33.864973,151.103778,14,0,2,1,3,0,0,3,2,2,7,60,2,14295,14295,3,9,5,2,0,0,0,0
1266990,3,2021,2021,6,6,7,22,31,157,34609,0,1,9,-33.799669,151.005742,54,0,2,1,3,0,0,0,2,0,7,50,0,5929,5929,1,0,5,2,0,0,0,0
1266991,3,2021,2021,6,0,7,3371,17,35,3342,0,1,2,-32.133935,152.348386,43,1,0,1,3,0,0,0,2,0,7,100,2,3775,3775,0,5,10,2,0,0,0,0
1266992,3,2021,2021,6,0,8,2209,17,79,2205,0,1,9,-34.904784,150.602181,63,2,1,1,3,0,3,4,0,0,0,70,2,2852,2852,4,0,0,2,0,0,0,0
1266993,3,2021,2021,6,3,10,1,7,70,34609,0,1,9,-33.899306,150.987222,15,0,2,1,3,0,0,0,2,0,7,50,0,4026,4026,1,5,0,2,0,0,0,0
1266994,3,2021,2021,6,5,3,2126,17,90,2149,0,1,9,-33.706226,150.318771,8,2,2,1,3,0,0,0,2,2,7,70,2,1282,1282,1,5,10,2,0,0,0,0
1266995,3,2021,2021,8,3,7,2,31,100,34609,0,1,1,-33.892283,150.885893,24,0,2,1,3,0,0,0,2,0,7,50,0,4026,4026,1,5,12,2,0,0,0,0
1267000,3,2021,2021,6,3,9,12,27,147,12,0,1,1,-33.750978,151.284596,50,0,2,1,3,0,3,4,0,0,7,50,1,623,623,3,5,5,2,0,0,0,0
1267001,3,2021,2021,6,1,7,14,27,12,34609,0,1,1,-33.484536,151.401467,16,2,2,1,3,0,0,3,2,0,7,70,0,14295,14295,3,10,12,2,0,0,0,0
1267002,3,2021,2021,6,2,7,82,31,179,369,0,1,10,-33.751254,150.713492,55,0,2,1,3,0,0,0,2,0,15,70,2,5929,5929,1,0,0,2,0,0,0,0
1267007,3,2021,2021,6,4,7,512,23,9,34609,0,1,1,-35.332465,150.474407,63,2,1,1,3,0,0,3,2,0,7,50,0,14295,14295,3,5,5,2,0,0,0,0
1267009,3,2021,2021,6,6,7,98,27,7,382,0,1,7,-33.641571,150.785995,29,2,2,1,3,0,0,0,2,0,0,80,2,6545,6545,4,9,5,2,0,0,0,0
1267015,3,2021,2021,6,1,11,100,27,109,799,0,1,1,-33.903484,151.142001,32,0,2,1,3,0,0,0,0,0,7,60,2,9859,9859,1,5,0,2,0,0,0,0
1267017,3,2021,2021,8,3,9,157,17,3,158,0,1,1,-34.209795,145.166715,51,1,0,1,3,0,0,0,2,0,7,110,2,1945,1945,5,3,40,1,0,0,0,0
1267018,3,2021,2021,7,2,9,1,31,174,34609,0,1,0,-33.891619,151.198376,69,0,2,1,3,0,3,4,3,0,7,40,0,248,248,1,5,13,2,0,0,0,0
1267025,3,2021,2021,6,1,5,5,27,8,34609,0,1,1,-28.454502,153.535316,72,2,1,0,3,0,0,0,2,0,7,80,0,3775,3775,0,0,5,2,0,0,0,0
1267026,3,2021,2021,6,5,5,158,27,138,207,0,1,1,-33.872564,151.263839,81,0,2,0,3,0,0,0,2,0,7,60,2,4552,5151,1,30,13,7,0,0,0,0
1267027,3,2021,2021,7,5,4,18,27,246,34609,0,1,1,-33.90934,151.190786,69,0,2,1,0,0,0,0,2,0,7,50,0,1282,1282,1,33,0,2,0,0,0,0
1267041,3,2021,2021,8,4,5,4,1,73,34609,0,1,1,-33.776477,151.169991,36,0,2,0,1,0,0,0,2,0,7,50,0,387,387,1,5,5,2,0,0,0,0
1267043,3,2021,2021,0,4,0,93,10,25,42,0,1,1,-32.939533,151.770011,48,0,2,1,2,0,0,0,0,0,7,50,1,9859,9859,1,30,5,2,0,0,0,0
1267046,3,2021,2021,6,1,6,41,27,58,80,0,1,1,-32.984024,151.660954,37,0,2,1,3,0,0,0,2,0,7,60,1,4026,4026,8,0,40,1,0,0,0,0
1267050,3,2021,2021,6,3,7,2261,17,204,2252,0,1,10,-33.889341,151.132333,32,0,2,1,0,0,0,0,2,2,7,60,2,623,623,3,16,0,2,0,0,0,0
1267053,3,2021,2021,8,6,4,76,24,164,154,0,1,9,-33.729653,150.904368,7,0,2,0,3,0,0,0,2,2,7,70,1,5929,5929,1,0,5,2,0,0,0,0
1267054,3,2021,2021,6,6,6,111,27,150,233,1,0,1,-33.928464,151.229112,59,0,2,1,3,0,0,0,2,0,7,60,2,941,941,1,5,25,2,0,0,0,0
1267060,3,2021,2021,6,2,7,1,31,53,34609,0,1,10,-32.238868,148.246898,51,2,1,1,3,0,0,0,2,0,0,50,0,6545,6545,4,5,5,2,0,0,0,0
1267061,3,2021,2021,6,1,6,74,27,609,163,0,1,7,-33.777341,150.907503,7,0,2,0,3,0,3,3,2,0,0,60,2,6545,6545,4,5,0,2,0,0,0,0
1267067,3,2021,2021,6,6,5,2261,17,204,2252,0,1,10,-33.902526,150.943872,24,0,2,1,1,0,0,0,2,0,7,70,2,9859,9859,8,0,40,1,0,0,0,0
1267071,3,2021,2021,6,1,2,3371,17,67,3342,0,1,1,-33.39426,151.349299,16,2,2,0,2,0,0,0,1,0,7,60,2,4552,5151,8,5,40,1,0,0,0,0
1267077,3,2021,2021,6,0,5,30,27,18,34609,0,1,7,-33.669649,151.291293,50,0,2,0,1,0,0,3,2,0,0,50,0,2585,777,8,30,40,1,0,0,0,0
1267080,3,2021,2021,8,2,0,67,27,100,15,0,1,1,-33.804202,151.153114,38,0,2,1,0,0,0,0,0,0,7,50,1,9859,9859,1,0,5,2,0,0,0,0
1267091,3,2021,2021,6,0,9,14,27,85,34609,0,1,10,-33.903763,150.87619,41,0,2,1,2,0,3,4,0,2,7,50,0,5929,5929,1,5,5,2,0,0,0,0
1267094,3,2021,2021,6,2,8,82,31,228,34609,0,1,2,-34.766426,149.711076,26,2,1,1,2,0,0,6,0,0,7,50,0,175,188,8,30,40,1,0,0,0,0
1267098,3,2021,2021,6,3,11,27,27,17,62,0,1,1,-30.271321,153.05203,19,2,1,1,0,0,0,0,0,0,7,80,1,9859,9859,8,30,40,1,0,0,0,0
1267112,3,2021,2021,8,1,0,71,31,78,125,0,1,9,-33.849846,151.012115,21,0,2,1,2,0,0,0,0,0,0,60,1,9859,9859,1,5,5,2,0,0,0,0
1267119,3,2021,2021,8,0,8,1,31,120,34609,1,0,9,-33.754297,150.871167,7,0,2,1,0,0,0,0,2,0,7,50,0,4552,985,8,0,40,1,0,0,0,0
1267144,3,2021,2021,8,2,5,63,17,11,63,0,1,10,-34.107007,141.918545,51,2,1,1,3,0,0,0,2,0,7,60,2,248,248,1,33,5,2,0,0,0,0
1267149,3,2021,2021,8,0,10,1,27,6,34609,0,1,1,-34.865244,147.030797,75,1,0,0,0,0,0,0,0,0,7,100,0,2585,4009,8,0,40,1,0,0,0,0
1267151,3,2021,2021,6,5,8,308,14,323,311,0,1,3,-33.811017,150.85214,7,0,2,1,3,0,0,0,2,0,7,100,2,14295,14295,3,10,10,2,0,0,0,0
1267152,3,2021,2021,8,6,3,251,14,139,124,0,1,3,-33.832625,151.212025,49,0,2,1,2,0,0,0,0,0,7,80,2,9859,9859,8,5,40,1,0,0,0,0
1267153,3,2021,2021,6,1,7,44,31,182,34609,0,1,1,-32.828359,151.341044,17,2,1,0,3,0,0,0,2,0,7,50,0,3775,3775,0,5,5,2,0,0,0,0
1267154,3,2021,2020,9,1,4,1104,14,323,962,0,1,3,-33.800712,150.866785,7,0,2,1,3,0,0,0,2,0,7,100,2,1282,1282,1,10,34,2,0,0,0,0
1267159,3,2021,2021,6,2,9,86,27,7,42,0,1,8,-30.842731,152.571174,34,1,0,0,3,0,0,0,0,0,7,100,1,4552,5151,8,5,40,1,0,0,0,0
1267163,3,2021,2021,6,3,8,6,18,44,34609,0,1,9,-28.830429,153.423393,2,2,1,1,3,0,0,0,3,0,0,60,0,1669,1669,3,10,5,2,0,0,0,0
1267164,3,2021,2021,8,1,7,3371,17,39,3342,0,1,1,-33.249818,151.491673,16,2,2,1,3,0,0,0,2,0,7,70,2,9859,9859,8,10,40,1,0,0,0,0
1267165,3,2021,2021,6,4,9,2126,17,363,2149,0,1,9,-33.821907,151.004152,54,0,2,1,3,0,3,4,0,0,7,60,2,775,775,4,0,5,6,0,0,0,0
1267166,3,2021,2021,6,1,8,7,27,172,17,0,1,1,-32.773515,151.572596,42,2,1,1,3,0,0,0,3,0,7,80,1,1089,1089,7,5,40,1,0,0,0,0
1267167,3,2021,2021,6,2,8,43,31,104,117,0,1,10,-32.914113,151.704281,48,0,2,1,3,0,3,4,3,0,7,60,2,14295,14295,3,10,5,3,0,0,0,0
1267169,3,2021,2021,6,2,5,12,31,111,34609,0,1,10,-33.921598,151.247874,59,0,2,0,3,0,3,4,2,0,15,50,0,6545,6545,4,0,25,2,0,0,0,0
1267170,3,2021,2021,6,1,9,30,27,33,41,0,1,10,-33.984514,151.138672,4,0,2,1,3,0,3,3,0,0,0,60,1,2852,2852,4,30,5,2,0,0,0,0
1267171,3,2021,2021,6,6,8,475,10,42,268,0,1,9,-33.91256,150.904842,41,0,2,1,3,0,0,0,3,2,7,70,2,5929,5929,1,5,13,2,0,0,0,0
1267172,3,2021,2021,7,5,11,82,31,370,34609,0,1,1,-34.075892,150.827916,13,0,2,1,3,0,0,0,0,0,7,50,0,9859,9859,8,21,40,1,0,0,0,0
1267181,3,2021,2021,0,3,10,5,31,77,34609,0,1,10,-32.943947,151.750668,48,0,2,1,2,0,0,0,0,0,7,50,0,9859,9859,1,0,0,5,0,0,0,0
1267182,3,2021,2021,6,5,5,195,27,49,186,0,1,9,-33.917304,150.854376,41,0,2,1,1,0,0,0,2,2,7,70,2,1981,1981,4,0,0,2,0,0,0,0
1267190,3,2021,2021,6,3,9,29,31,219,34609,0,1,10,-32.8982,151.676585,48,0,2,1,2,0,3,4,0,2,7,60,0,4552,985,8,5,40,1,0,0,0,0
1267200,3,2021,2021,6,1,9,12,27,82,34609,0,1,9,-33.789998,151.26427,50,0,2,1,2,0,0,0,0,0,0,50,0,9859,9859,1,5,0,2,0,0,0,0
1267205,3,2021,2021,8,2,1,84,27,20,34609,0,1,7,-33.936211,150.846786,41,0,2,1,2,0,0,0,0,0,0,60,0,1282,1282,1,0,40,1,0,0,0,0
1267212,3,2021,2021,6,1,1,73,27,443,78,0,1,1,-33.905076,151.044989,15,0,2,1,3,0,0,0,0,0,7,60,2,9859,9859,1,29,25,2,0,0,0,0
1267213,3,2021,2021,6,3,7,481,17,7,483,0,1,1,-31.960154,148.59895,22,1,0,1,3,0,0,0,2,0,7,110,2,4026,4026,8,10,40,1,0,0,0,0
1267217,3,2021,2021,6,0,9,387,36,86,69,0,1,9,-33.7041,151.214356,50,0,2,1,2,0,0,0,0,2,7,80,2,14295,14295,3,5,0,2,0,0,0,0
1267221,3,2021,2021,6,5,4,2,6,22,34609,0,1,1,-33.816261,150.917617,21,0,2,1,3,0,0,0,2,0,7,50,0,1192,1192,1,5,13,2,0,0,0,0
1267222,3,2021,2021,6,6,1,20,27,49,45,0,1,1,-34.40617,148.654802,30,1,0,0,3,0,3,4,0,0,7,100,1,380,714,5,29,40,1,0,0,0,0
1267224,3,2021,2021,6,2,5,65,31,609,115,0,1,1,-33.774649,150.902281,7,0,2,1,3,0,0,3,2,0,7,60,2,14295,14295,3,9,5,3,0,0,0,0
1267225,3,2021,2021,6,1,5,9,31,137,13,0,1,9,-33.925065,151.206562,4,0,2,1,3,0,0,3,2,0,7,50,1,9859,9859,1,10,5,2,0,0,0,0
1267226,3,2021,2021,6,1,4,105,27,9,34609,0,1,1,-32.944897,151.681808,37,0,2,0,3,0,0,0,2,0,7,50,0,4552,5151,1,5,5,2,0,0,0,0
1267228,3,2021,2021,6,2,6,13,27,17,34609,0,1,1,-28.266213,153.565931,72,2,1,1,3,0,0,0,2,0,7,60,0,14295,14295,3,5,13,2,0,0,0,0
1267230,3,2021,2021,6,2,0,90,36,49,102,0,1,9,-34.448616,147.556416,51,1,0,1,3,0,0,0,0,0,7,100,2,4552,985,8,10,40,1,0,0,0,0
1267232,3,2021,2021,6,0,9,61,27,232,70,0,1,10,-33.669494,150.915252,71,0,2,1,3,0,0,0,0,0,15,60,1,2852,2852,4,0,0,2,0,0,0,0
1267235,3,2021,2021,8,1,5,2126,17,62,2149,0,1,2,-33.745644,150.612184,8,2,2,1,3,0,0,0,2,0,7,60,2,1192,1192,1,10,10,2,0,0,0,0
1267239,3,2021,2021,6,4,9,26,27,118,34609,0,1,1,-33.351114,151.294867,16,2,2,1,3,0,3,4,0,0,7,80,0,945,945,5,5,40,1,0,0,0,0
1267241,3,2021,2021,6,0,10,20,31,174,321,0,1,0,-33.89456,151.198394,69,0,2,1,3,0,3,4,0,0,7,50,2,1391,1391,1,0,5,2,0,0,0,0
1267243,3,2021,2021,6,5,7,478,17,78,480,0,1,2,-33.418126,151.446471,16,2,2,0,3,0,0,0,2,0,7,60,2,2585,4009,8,0,40,1,0,0,0,0
1267244,3,2021,2021,6,3,6,916,17,165,917,0,1,9,-32.241453,150.902698,46,2,1,1,3,0,0,0,2,0,0,60,2,1669,1669,3,0,5,2,0,0,0,0
1267245,3,2021,2021,6,1,1,8,27,7,11,0,1,1,-35.112044,150.495198,63,1,0,0,3,0,3,4,0,0,7,100,1,4552,5151,8,34,40,1,0,0,0,0
1267248,3,2021,2021,6,6,6,16,27,22,34609,0,1,1,-31.865785,152.504363,43,1,0,1,3,0,0,0,2,0,7,90,0,9859,9859,8,10,40,1,0,0,0,0
1267252,3,2021,2021,6,5,4,31,31,532,34609,0,1,1,-33.866881,151.211354,69,0,2,1,3,0,3,0,2,0,7,40,0,14295,14295,3,0,0,2,0,0,0,0
1267253,3,2021,2021,6,3,4,2209,17,130,2205,0,1,9,-34.451067,150.848138,80,0,2,1,3,0,0,0,2,0,15,60,1,1192,1192,1,16,5,2,0,0,0,0
1267255,3,2021,2021,6,1,7,102,6,27,34609,0,1,1,-32.769188,151.60931,42,2,1,1,3,0,0,0,2,0,7,50,0,220,220,1,0,5,2,0,0,0,0
1267257,3,2021,2021,6,1,6,50,27,57,799,0,1,9,-33.89892,151.172829,32,0,2,1,3,0,0,3,2,2,7,50,2,14295,14295,3,5,5,3,0,0,0,0
1267261,3,2021,2021,6,1,4,46,31,23,34609,0,1,10,-35.267674,147.107252,51,2,1,1,3,0,0,0,2,0,0,50,0,6545,6545,4,9,13,2,0,0,0,0
1267267,3,2021,2021,6,0,6,6,27,147,34609,0,1,7,-33.753254,151.29209,50,0,2,0,3,0,0,0,2,0,0,40,0,1192,1192,1,30,5,2,0,0,0,0
1267274,3,2021,2021,8,0,6,296,27,187,293,0,1,2,-33.886949,150.974724,15,0,2,1,1,0,3,4,2,0,7,60,2,1192,1192,1,9,12,2,0,0,0,0
1267278,3,2021,2021,6,4,6,2209,17,57,2205,0,1,9,-34.689361,150.84481,35,2,1,0,3,0,3,4,2,0,0,60,2,2585,4009,8,5,40,1,0,0,0,0
1267280,3,2021,2021,8,1,9,9,31,134,34609,0,1,1,-33.893484,151.247078,76,0,2,1,2,0,0,0,0,0,7,50,0,9859,9859,1,33,5,2,0,0,0,0
1267309,3,2021,2021,7,3,0,19,27,16,54,0,1,1,-34.020404,151.050743,68,0,2,0,0,0,0,0,0,0,7,50,2,3775,3775,0,5,5,2,0,0,0,0
1267317,3,2021,2021,5,0,2,866,17,278,793,0,1,9,-33.758656,151.04892,54,0,2,0,3,0,0,0,1,2,7,70,2,301,301,4,0,13,2,0,0,0,0
1267318,3,2021,2021,6,6,4,95,31,78,51,0,1,1,-33.858886,151.088778,14,0,2,1,3,0,3,4,2,0,7,50,1,941,941,1,5,5,2,0,0,0,0
1267320,3,2021,2021,5,4,6,2261,17,68,2252,0,1,2,-34.809421,148.896213,82,1,0,0,3,0,3,3,2,0,7,110,2,418,714,5,21,40,1,0,0,0,0
1267327,3,2021,2021,6,5,3,45,27,110,45,0,1,9,-33.746034,151.048644,71,0,2,1,3,0,0,3,1,2,7,60,2,5929,5929,1,30,0,2,0,0,0,0
1267330,3,2021,2021,6,6,3,45,1,15,34609,0,1,7,-34.57474,150.834246,62,0,2,1,3,0,3,0,1,0,0,50,0,6545,6545,4,10,5,2,0,0,0,0
1267331,3,2021,2021,6,6,4,1,27,54,34609,0,1,1,-33.695603,150.995243,71,0,2,0,3,0,0,0,2,0,7,50,0,4552,5151,8,5,40,1,0,0,0,0
1267333,3,2021,2021,6,2,5,23,27,123,38,0,1,1,-33.70169,148.688979,51,1,0,1,3,0,0,3,2,0,7,100,2,3775,3775,0,30,40,2,0,0,0,0
1267334,3,2021,2021,6,0,5,125,27,108,123,0,1,7,-33.312879,151.421734,16,2,2,1,3,0,0,0,2,0,0,70,2,14295,14295,3,5,36,3,0,0,0,0
1267335,3,2021,2021,8,2,10,171,27,55,34609,0,1,1,-33.854109,151.269788,81,0,2,0,3,0,0,0,0,0,7,50,0,782,957,5,5,40,1,0,0,0,0
1267336,3,2021,2021,6,5,6,2261,17,49,2252,0,1,2,-34.73157,149.822424,26,1,0,1,3,0,0,0,2,0,7,110,2,4026,4026,8,9,40,1,0,0,0,0
1267337,3,2021,2021,8,1,7,22,31,59,47,0,1,9,-32.893283,151.722848,48,0,2,1,3,0,0,0,2,0,0,60,2,1383,1383,1,5,13,3,0,0,0,0
1267338,3,2021,2021,6,3,10,3,18,21,34609,0,1,9,-33.603182,150.710818,29,2,2,0,3,0,0,0,0,0,15,60,0,2585,4009,8,10,40,1,0,0,0,0
1267340,3,2021,2021,6,6,3,20,27,25,20,0,1,9,-35.036557,150.629174,63,2,1,1,3,0,0,0,2,0,0,80,1,2852,2852,4,10,5,2,0,0,0,0
1267342,3,2021,2020,9,2,4,2261,17,70,2252,0,1,10,-34.708265,150.009356,26,2,1,1,3,0,0,0,2,0,0,50,2,1850,777,5,16,40,1,0,0,0,0
1267345,3,2021,2021,6,4,9,475,10,42,268,0,1,1,-33.884703,150.867809,24,0,2,1,2,0,3,4,0,0,7,70,2,14295,14295,3,33,5,3,0,0,0,0
1267347,3,2021,2021,6,6,10,234,27,54,217,0,1,9,-33.705924,151.011612,71,0,2,0,3,0,0,0,0,2,7,60,2,5929,5929,1,5,13,2,0,0,0,0
1267360,3,2021,2021,8,3,11,161,17,23,161,0,1,1,-36.660273,149.620829,5,1,0,1,0,0,0,1,0,0,7,100,2,4026,4026,8,0,40,1,0,0,0,0
1267386,3,2021,2021,8,1,3,30,27,187,94,0,1,2,-33.880992,150.983409,15,0,2,0,2,0,3,3,2,0,7,60,1,1383,1383,1,0,0,2,0,0,0,0
1267409,3,2021,2021,6,2,9,106,27,46,106,0,1,2,-33.926331,150.855054,41,0,2,1,3,0,3,4,3,0,7,70,2,475,475,5,0,40,1,0,0,0,0
1267415,3,2021,2021,6,6,8,46,31,41,34609,0,1,1,-35.127058,147.357585,75,2,1,1,3,0,0,0,2,0,7,50,0,4026,4026,8,5,40,1,0,0,0,0