Crash ID,Degree of crash - detailed,Reporting year,Year of crash,Month of crash,Day of week of crash,Two-hour intervals,Street of crash,Street type,Town,Route no.,School zone location,School zone active,Type of location,Latitude,Longitude,LGA,Urbanisation,Conurbation 1,Alignment,Street lighting,Road surface,Surface condition,Weather,Natural lighting,Signals operation,Other traffic control,Speed limit,Road classification,RUM - code,DCA - code,First impact type,Key TU type,Other TU type,No. of traffic units involved,No. killed,No. seriously injured,No. moderately injured,No. minor-other injured
1267419,3,2021,2021,8,5,0,4,27,162,34609,0,1,2,-33.835911,150.912877,24,0,2,1,3,0,0,0,0,0,7,60,0,4026,4026,8,5,40,1,0,0,0,0
1267421,3,2021,2021,6,4,6,51,31,39,34609,0,1,7,-35.301682,148.22274,66,2,1,1,3,0,3,4,2,0,0,50,0,2852,2852,4,5,36,2,0,0,0,0
1267423,3,2021,2021,8,3,2,1,10,6,34609,0,1,9,-35.546675,146.173327,51,2,1,0,0,0,0,0,0,0,0,60,0,4552,985,8,3,40,1,0,0,0,0
1267432,3,2021,2021,0,0,8,60,27,77,44,0,1,10,-33.87233,150.936996,24,0,2,1,3,0,0,0,3,2,0,50,1,5929,5929,1,0,13,2,0,0,0,0
1267433,3,2021,2021,8,1,8,158,27,138,207,1,0,1,-33.864588,151.272616,81,0,2,0,3,0,0,0,2,0,7,50,2,1282,1282,1,0,13,2,0,0,0,0
1267439,3,2021,2021,6,2,9,2,31,48,34609,0,1,1,-32.71919,152.149499,57,2,1,0,2,0,0,0,0,0,7,50,0,2585,4009,8,5,40,2,0,0,0,0
1267440,3,2021,2021,6,1,5,32,31,161,34609,0,1,1,-33.729931,151.163159,36,0,2,1,3,0,0,0,2,0,7,50,0,941,941,1,5,5,2,0,0,0,0
1267441,3,2021,2021,6,5,9,10,27,15,12,0,1,1,-31.623057,147.757042,51,1,0,1,3,0,0,0,0,0,7,100,1,945,945,5,10,40,1,0,0,0,0
1267444,3,2021,2021,6,4,4,42,31,82,118,0,1,10,-31.081889,150.921741,70,2,1,1,3,0,3,0,2,0,0,60,2,2852,2852,4,0,35,2,0,0,0,0
1267450,3,2021,2021,5,4,7,9,27,2,34609,0,1,1,-35.096624,147.557421,75,1,0,0,3,0,3,3,2,0,7,100,0,3775,3775,0,10,13,2,0,0,0,0
1267451,3,2021,2021,8,1,5,1,7,39,34609,0,1,1,-34.315019,150.90993,80,0,2,1,3,0,0,0,2,0,7,50,0,220,220,8,5,40,1,0,0,0,0
1267455,3,2021,2021,8,1,10,5,27,9,34609,0,1,10,-33.823765,151.078965,54,0,2,1,1,0,0,0,0,0,7,50,0,1282,1282,1,5,40,1,0,0,0,0
1267463,3,2021,2021,6,1,11,1,4,59,34609,0,1,1,-33.969722,150.873025,13,0,2,1,2,0,0,0,0,0,7,50,0,9859,9859,1,0,5,3,0,0,0,0
1267465,3,2021,2021,8,2,0,3,27,26,34609,0,1,1,-31.972071,152.56436,43,1,0,1,0,0,0,0,0,0,7,90,0,9859,9859,8,5,40,1,0,0,0,0
1267471,3,2021,2021,6,5,4,11,31,120,81,0,1,9,-32.180028,152.508582,43,2,1,0,3,0,2,6,2,0,7,50,2,1192,1192,1,5,5,2,0,0,0,0
1267476,3,2021,2021,6,5,5,3,27,17,34609,0,1,1,-30.256795,153.034894,19,2,1,0,3,0,3,4,2,0,7,80,0,4552,5151,8,10,40,1,0,0,0,0
1267477,3,2021,2021,6,4,8,1052,14,60,928,0,1,3,-33.430432,151.247077,16,1,2,0,3,0,3,4,2,0,7,110,2,1957,4009,8,10,40,1,0,0,0,0
1267482,3,2021,2021,6,5,8,78,17,34,58,0,1,9,-34.97283,149.02925,82,2,1,1,3,0,0,0,2,0,7,50,2,1282,1282,1,5,13,2,0,0,0,0
1267486,3,2021,2021,5,0,6,2,27,37,34609,0,1,1,-30.923443,151.53149,51,1,0,0,3,0,3,3,2,0,7,100,0,1850,1463,5,5,40,1,0,0,0,0
1267487,3,2021,2021,6,1,2,481,17,17,483,0,1,1,-33.676241,147.539046,51,1,0,1,3,0,0,0,0,0,7,110,2,1089,1089,7,5,40,1,0,0,0,0
1267494,3,2021,2021,6,0,0,19,27,1,7,0,1,1,-31.628905,149.211604,51,1,0,1,3,0,3,4,0,0,7,100,1,1089,1089,7,30,40,1,0,0,0,0
1267512,3,2021,2021,6,6,8,52,27,188,53,0,1,9,-33.94611,151.102251,25,0,2,1,2,0,0,0,0,0,7,50,1,5929,5929,1,33,5,2,0,0,0,0
1267528,3,2021,2021,6,2,9,2126,17,161,2149,0,1,10,-33.887858,151.159271,32,0,2,1,2,0,0,0,0,2,7,60,2,1282,1282,1,30,5,2,0,0,0,0
1267531,3,2021,2021,6,4,3,4,31,223,34609,0,1,9,-33.798275,150.904069,7,0,2,1,3,0,0,0,2,0,7,50,0,14295,14295,3,5,5,2,0,0,0,0
1267543,3,2021,2021,6,0,4,5,27,95,34609,0,1,9,-34.388042,150.884821,80,0,2,1,3,0,0,0,2,0,7,50,0,1850,985,5,5,40,1,0,0,0,0
1267545,3,2021,2021,6,5,4,2261,17,70,2252,0,1,2,-34.577364,150.252759,78,1,0,1,3,0,0,1,2,0,7,110,2,4026,4026,8,29,40,1,0,0,0,0
1267549,3,2021,2021,6,6,2,168,17,32,212,0,1,1,-35.346063,149.274939,58,2,1,0,3,0,0,0,0,0,7,80,2,1089,1089,7,0,40,1,0,0,0,0
1267553,3,2021,2021,6,2,11,916,17,32,917,0,1,1,-32.577866,151.18564,64,2,1,1,3,0,0,0,0,0,7,60,2,1089,1089,7,5,40,1,0,0,0,0
1267558,3,2021,2021,6,6,7,31,1,234,139,0,1,7,-34.287161,146.038943,28,2,1,0,3,0,3,4,2,0,0,50,2,1259,985,8,5,40,1,0,0,0,0
1267559,3,2021,2021,6,0,10,21,27,36,34609,0,1,1,-34.407749,150.851377,80,0,2,0,3,0,0,0,4,0,7,50,0,1957,4009,8,30,40,1,0,0,0,0
1267560,3,2021,2021,8,1,10,24,36,7,56,0,1,1,-34.616997,147.532514,51,1,0,1,3,0,3,4,0,0,7,100,2,9859,9859,8,5,40,1,0,0,0,0
1267562,3,2021,2021,6,2,5,3,27,12,34609,0,1,1,-33.816552,149.678295,51,1,0,0,3,0,3,4,2,0,7,100,0,1957,4009,8,5,40,1,0,0,0,0
1267568,3,2021,2021,6,1,6,171,31,11,34609,0,1,5,-32.034392,147.982537,51,2,1,1,3,0,0,0,2,0,0,50,0,6545,6545,4,5,5,2,0,0,0,0
1267570,3,2021,2021,5,0,4,10,31,387,64,0,1,10,-33.931266,151.184242,4,0,2,0,3,0,0,0,2,2,7,70,2,14295,14295,3,5,5,2,0,0,0,0
1267578,3,2021,2021,6,2,1,7,31,16,34609,1,0,1,-32.877505,151.617547,48,0,2,1,2,0,0,0,0,0,7,50,0,945,945,5,34,40,1,0,0,0,0
1267580,3,2021,2021,6,4,7,133,17,12,121,0,1,1,-36.090137,149.145477,65,1,0,0,0,0,0,0,2,0,7,100,2,782,957,5,8,40,1,0,0,0,0
1267583,3,2021,2021,6,5,1,2,31,172,34609,0,1,10,-32.744804,151.596204,42,2,1,1,2,0,3,0,0,0,7,50,0,4026,4026,1,5,6,2,0,0,0,0
1267588,3,2021,2021,8,2,3,2261,17,44,2252,0,1,2,-35.344383,147.648057,75,1,0,1,3,0,3,4,1,0,7,110,2,1945,1945,5,3,40,1,0,0,0,0
1267592,3,2021,2021,8,4,9,7,27,3,34609,0,1,1,-32.311975,150.624546,46,1,0,1,0,0,0,0,0,0,7,100,0,1089,1089,7,10,40,1,0,0,0,0
1267598,3,2021,2021,6,6,10,2,31,32,34609,0,1,10,-32.363122,149.5321,44,2,1,1,2,0,3,3,0,0,0,50,0,9859,9859,1,5,13,2,0,0,0,0
1267607,3,2021,2021,6,5,10,171,27,24,369,0,1,2,-33.937793,150.730643,41,0,2,0,2,0,0,1,0,0,7,80,2,782,957,5,0,40,1,0,0,0,0
1267608,3,2021,2021,6,2,5,57,31,179,34609,0,1,1,-33.764037,150.720977,55,0,2,1,1,0,0,0,2,0,7,50,0,9859,9859,1,33,22,2,0,0,0,0
1267616,3,2021,2021,0,4,4,125,27,108,123,0,1,7,-33.312948,151.421804,16,2,2,1,3,0,0,0,2,0,0,50,2,14295,14295,3,0,0,4,0,0,0,0
1267641,3,2021,2021,8,6,9,168,10,100,260,0,1,10,-33.954407,151.159126,4,0,2,1,2,0,0,0,0,0,7,60,2,775,775,4,10,13,2,0,0,0,0
1267644,3,2021,2021,7,0,4,2,27,119,34609,0,1,1,-32.751749,151.757983,57,2,1,0,3,0,3,3,2,0,7,50,0,2585,4009,8,5,40,1,0,0,0,0
1267645,3,2021,2021,0,4,8,3371,17,63,3342,0,1,2,-28.176301,153.513763,72,1,0,1,2,0,3,4,3,0,7,100,2,9859,9859,8,0,40,1,0,0,0,0
1267656,3,2021,2021,6,1,8,8,27,7,34609,0,1,1,-35.239825,148.240236,66,1,0,0,3,0,0,0,2,0,7,100,0,1850,1463,5,0,40,1,0,0,0,0
1267658,3,2021,2021,6,5,8,8,31,137,34609,1,0,7,-34.034619,151.062969,68,0,2,1,3,0,3,4,2,0,0,50,0,9859,9859,8,34,40,1,0,0,0,0
1267660,3,2021,2021,6,1,3,177,31,314,208,0,1,7,-33.860453,150.9279,24,0,2,0,3,0,0,0,1,0,0,70,1,6545,6545,4,0,12,2,0,0,0,0
1267664,3,2021,2021,8,5,11,44,31,237,34609,0,1,10,-33.868526,150.955521,24,0,2,1,3,0,0,0,0,2,7,40,0,6545,6545,4,5,5,2,0,0,0,0
1267665,3,2021,2021,6,0,5,125,27,108,123,0,1,7,-33.312948,151.421804,16,2,2,1,3,0,0,0,2,0,0,70,2,5929,5929,1,5,5,2,0,0,0,0
1267668,3,2021,2021,5,4,5,37,31,273,87,0,1,1,-34.426316,150.899698,80,0,2,1,3,0,0,3,2,0,7,60,2,1391,1391,1,8,5,2,0,0,0,0
1267671,3,2021,2021,6,2,6,2261,17,30,2252,0,1,2,-35.551558,147.534457,27,1,0,1,3,0,3,4,2,0,7,110,2,4026,4026,8,5,40,1,0,0,0,0
1267673,3,2021,2021,6,5,9,17,31,91,96,0,1,9,-32.969485,151.638501,37,0,2,1,3,0,3,4,0,0,7,60,2,5929,5929,1,0,13,2,0,0,0,0
1267689,3,2021,2021,6,4,1,1104,14,78,962,0,1,6,-33.864235,151.093271,14,0,2,1,2,0,0,0,0,0,7,60,2,9859,9859,8,5,40,1,0,0,0,0
1267692,3,2021,2021,8,6,8,7,31,15,34609,0,1,4,-34.546405,148.354922,30,2,1,0,0,0,0,0,2,0,7,50,0,3775,3775,0,5,5,2,0,0,0,0
1267705,3,2021,2021,6,4,7,2261,17,31,2252,0,1,2,-35.076323,148.094523,20,1,0,1,3,0,3,4,2,0,7,100,2,4026,4026,8,0,40,1,0,0,0,0
1267706,3,2021,2021,6,0,8,134,10,4,133,0,1,9,-33.816845,151.022267,54,0,2,1,3,0,0,0,4,0,7,70,2,1669,1669,3,5,12,3,0,0,0,0
1267710,3,2021,2021,8,6,7,2209,17,133,2205,0,1,9,-34.512836,150.784517,80,0,2,1,1,0,0,0,2,2,7,60,1,14295,14295,3,10,5,3,0,0,0,0
1267712,3,2021,2021,6,1,9,224,27,246,321,1,0,9,-33.903455,151.202101,69,0,2,1,3,0,0,0,0,2,7,50,2,5929,5929,1,5,0,2,0,0,0,0
1267714,3,2021,2021,5,4,10,14,1,54,99,0,1,1,-33.900951,151.215619,69,0,2,1,3,0,3,0,0,0,0,50,2,14295,14295,3,0,5,2,0,0,0,0
1267716,3,2021,2021,6,5,5,2,31,129,34609,0,1,9,-33.937656,151.065933,15,0,2,1,3,0,3,3,2,0,15,50,0,2852,2852,4,0,5,2,0,0,0,0
1267721,3,2021,2021,6,3,4,9,31,562,34609,0,1,1,-32.25076,148.598543,22,2,1,1,3,0,0,0,2,0,7,50,0,4026,4026,8,5,40,1,0,0,0,0
1267723,3,2021,2021,6,5,5,103,27,149,167,0,1,9,-33.992726,151.131855,4,0,2,1,3,0,3,4,2,2,7,70,2,5929,5929,1,0,0,2,0,0,0,0
1267725,3,2021,2021,6,1,5,7,31,215,34609,0,1,10,-35.105288,147.363961,75,2,1,1,3,0,0,0,2,0,0,50,0,6545,6545,4,5,0,2,0,0,0,0
1267726,3,2021,2021,6,3,7,9,31,140,34609,0,1,1,-33.898138,151.005132,15,0,2,1,0,0,3,4,2,0,7,50,0,1282,1282,1,5,36,2,0,0,0,0
1267729,3,2021,2021,6,0,9,3,27,144,34609,0,1,1,-34.057516,151.009213,68,0,2,1,3,0,0,0,3,0,7,50,0,9859,9859,1,5,5,2,0,0,0,0
1267730,3,2021,2021,5,0,3,20,31,149,260,0,1,4,-33.992278,151.145825,4,0,2,0,3,0,3,3,1,0,7,60,2,4552,5151,8,5,40,1,0,0,0,0
1267733,3,2021,2021,6,2,7,1104,14,142,962,0,1,3,-33.827421,150.995132,54,0,2,1,3,0,0,0,2,0,7,90,2,1282,1282,1,5,12,3,0,0,0,0
1267736,3,2021,2021,6,0,2,12,27,346,34609,0,1,1,-33.876728,151.082514,67,0,2,0,2,0,3,4,0,0,7,50,0,2585,4009,8,0,40,1,0,0,0,0
1267738,3,2021,2021,6,0,7,3,31,94,34609,0,1,10,-33.783072,150.795391,55,0,2,1,0,0,0,0,2,0,0,50,0,4026,4026,8,5,40,1,0,0,0,0
1267752,3,2021,2021,6,3,7,71,36,6,11,0,1,1,-32.173132,146.048051,51,1,0,1,3,0,0,0,2,0,7,100,2,1945,1945,5,30,40,1,0,0,0,0
1267754,3,2021,2021,0,3,5,40,27,56,34609,0,1,2,-35.120535,147.378291,75,2,1,1,1,0,0,0,2,0,7,60,0,14295,14295,3,5,41,2,0,0,0,0
1267759,3,2021,2021,6,6,10,4,1,110,34609,1,0,1,-33.777282,151.023576,54,0,2,1,2,0,3,0,0,0,7,50,0,9859,9859,1,33,5,2,0,0,0,0
1267761,3,2021,2021,6,6,5,224,27,137,321,0,1,2,-33.924602,151.195749,4,0,2,1,3,0,0,0,2,0,7,50,2,387,387,1,8,5,2,0,0,0,0
1267766,3,2021,2021,6,5,9,64,27,175,284,0,1,10,-33.773143,151.070973,54,0,2,1,3,0,0,0,0,2,7,60,2,5929,5929,1,5,5,2,0,0,0,0
1267768,3,2021,2021,6,0,9,133,31,32,97,0,1,9,-33.915653,150.997803,15,0,2,1,2,0,3,0,0,0,0,60,1,5929,5929,1,0,5,2,0,0,0,0
1267769,3,2021,2021,6,3,0,82,31,179,369,1,0,2,-33.754907,150.712648,55,0,2,1,2,0,0,0,0,0,7,70,2,9859,9859,8,5,40,1,0,0,0,0
1267772,3,2021,2021,6,6,7,222,27,115,165,0,1,1,-33.961821,151.066429,25,0,2,1,3,0,0,0,2,0,7,50,1,5929,5929,1,0,25,2,0,0,0,0
1267776,3,2021,2021,6,6,7,18,36,40,34609,0,1,10,-34.222004,150.592346,79,2,2,1,3,0,0,0,2,0,0,60,0,2852,2852,4,5,13,2,0,0,0,0
1267777,3,2021,2021,6,1,9,175,27,104,220,0,1,9,-33.737865,150.918236,7,0,2,1,3,0,0,0,0,2,7,70,2,14295,14295,3,5,5,2,0,0,0,0
1267783,3,2021,2021,6,3,0,361,32,460,42,0,1,1,-33.844797,150.99123,21,0,2,1,2,0,0,0,0,0,7,50,1,9859,9859,1,5,5,2,0,0,0,0
1267785,3,2021,2021,6,5,7,82,27,10,103,1,0,1,-28.414117,153.333841,72,2,1,1,0,0,0,0,2,0,7,50,1,1109,787,1,5,36,2,0,0,0,0
1267789,3,2021,2021,6,2,9,20,31,234,34609,0,1,1,-34.279569,146.051779,28,2,1,0,3,0,0,0,3,0,7,50,0,4552,5151,1,5,41,2,0,0,0,0
1267793,3,2021,2021,6,0,11,8,27,323,34609,0,1,7,-33.762737,150.973563,71,0,2,1,2,0,0,6,0,0,7,50,0,489,489,8,10,40,1,0,0,0,0
1267796,3,2021,2021,6,0,7,57,27,10,143,0,1,1,-33.824318,149.329272,3,1,0,0,0,0,3,4,2,0,7,100,2,4552,5151,8,30,40,1,0,0,0,0
1267803,3,2021,2021,6,0,11,7,1,294,34609,0,1,1,-33.929816,150.948162,41,0,2,1,2,0,0,0,0,0,7,50,0,9859,9859,1,10,5,2,0,0,0,0
1267804,3,2021,2021,6,3,9,283,27,91,702,0,1,1,-33.961414,151.090914,25,0,2,1,0,0,3,3,0,0,7,60,2,1192,1192,1,5,13,4,0,0,0,0
1267813,3,2021,2021,8,1,0,22,23,14,6,0,1,1,-36.168204,150.130293,23,2,1,1,2,0,0,0,0,0,7,50,1,9859,9859,8,5,40,1,0,0,0,0
1267814,3,2021,2021,8,0,5,49,31,8,34609,0,1,1,-33.924982,151.103195,15,0,2,1,0,0,0,0,2,0,7,50,0,9859,9859,1,5,5,3,0,0,0,0
1267816,3,2021,2021,8,1,8,4,18,57,34609,0,1,1,-28.629426,153.52385,10,2,1,0,0,0,0,0,2,0,7,60,0,4552,5151,8,0,40,1,0,0,0,0
1267824,3,2021,2021,8,1,4,3371,17,107,3342,0,1,1,-33.270652,151.453652,16,2,2,0,3,0,0,0,2,0,7,70,2,14295,14295,3,5,5,2,0,0,0,0
1267832,3,2021,2021,8,2,6,330,23,54,233,0,1,2,-33.897006,151.221799,69,0,2,1,3,0,0,0,2,0,7,60,2,14295,14295,3,5,36,2,0,0,0,0
1267849,3,2021,2021,6,3,2,1,31,293,34609,0,1,1,-33.920489,151.058685,15,0,2,1,0,0,0,6,0,0,7,50,0,4026,4026,1,33,5,2,0,0,0,0
1267851,3,2021,2021,6,2,4,38,1,239,34609,0,1,1,-34.04348,151.130536,68,0,2,1,0,0,0,0,2,0,7,50,0,1282,1282,1,33,5,2,0,0,0,0
1267853,3,2021,2021,6,2,11,16,36,54,43,0,1,7,-28.514123,153.529572,10,2,1,1,2,0,0,3,0,0,0,50,1,9859,9859,8,30,40,1,0,0,0,0
1267882,3,2021,2021,0,6,6,30,27,41,24,0,1,9,-32.813055,151.773512,57,2,1,0,3,0,0,0,2,0,0,80,2,4552,5151,8,30,40,1,0,0,0,0
1267885,3,2021,2021,6,1,7,3371,17,225,3342,0,1,10,-33.789189,151.180124,77,0,2,0,3,0,0,0,2,2,7,60,2,1109,787,1,21,0,2,0,0,0,0
1267892,3,2021,2021,6,2,11,165,31,104,34609,0,1,9,-33.834731,151.016542,54,0,2,1,0,0,0,0,0,0,7,50,0,9859,9859,1,10,5,3,0,0,0,0
1267895,3,2021,2021,6,6,7,3371,17,90,3342,0,1,2,-28.234451,153.561886,72,1,0,1,3,0,0,3,2,0,7,110,2,945,945,5,5,40,1,0,0,0,0
1267896,3,2021,2021,5,6,3,75,10,63,165,0,1,2,-33.92698,151.215108,4,0,2,0,3,0,0,0,1,0,7,80,2,14295,14295,3,5,13,3,0,0,0,0
1267898,3,2021,2021,5,5,7,110,27,445,40,0,1,9,-33.848724,151.054688,54,0,2,1,3,0,0,0,2,0,7,60,1,5929,5929,1,5,5,2,0,0,0,0
1267899,3,2021,2021,6,3,6,17,31,201,34609,0,1,7,-34.87629,150.600158,63,2,1,1,3,0,0,0,2,0,0,50,0,2852,2852,4,10,36,2,0,0,0,0
1267901,3,2021,2021,5,4,7,98,27,294,198,0,1,9,-33.928065,150.930923,41,0,2,1,3,0,0,0,2,3,7,60,2,1383,1383,1,5,12,2,0,0,0,0
1267903,3,2021,2021,5,4,3,4,31,53,12,1,0,10,-32.238653,148.245164,51,2,1,0,3,0,0,0,2,0,0,50,1,6545,6545,4,10,5,2,0,0,0,0
1267906,3,2021,2021,8,3,8,3,10,154,34609,0,1,1,-33.699773,150.966864,71,0,2,0,3,2,0,0,2,0,7,50,0,2585,4009,8,5,40,1,0,0,0,0
1267913,3,2021,2021,5,4,3,35,27,71,24,0,1,7,-33.761459,150.68938,55,0,2,1,3,0,0,0,1,0,0,60,1,6545,6545,4,34,12,2,0,0,0,0
1267917,3,2021,2021,5,4,8,73,24,40,88,0,1,9,-33.780485,151.23795,50,0,2,1,3,0,0,0,3,0,7,60,2,2852,2852,4,0,18,2,0,0,0,0
1267924,3,2021,2021,6,1,7,4,31,293,34609,0,1,9,-33.944012,151.256945,59,0,2,1,3,0,0,0,2,0,7,50,0,2852,2852,4,5,5,3,0,0,0,0
1267926,3,2021,2021,0,5,9,2,31,32,34609,0,1,1,-30.222021,151.67457,1,2,1,1,3,0,0,0,0,0,7,50,0,1089,1089,7,5,40,1,0,0,0,0
1267927,3,2021,2021,5,6,8,1,1,51,34609,0,1,1,-33.263131,151.490558,16,2,2,1,3,0,0,0,3,0,7,50,0,1945,1945,5,34,40,1,0,0,0,0
1267929,3,2021,2021,5,4,7,485,27,42,769,0,1,9,-33.704215,150.930401,71,0,2,1,3,0,0,0,2,2,7,80,2,14295,14295,3,10,5,2,0,0,0,0
1267930,3,2021,2021,5,5,7,108,31,273,34609,0,1,1,-34.427389,150.888483,80,0,2,0,3,0,0,0,2,0,7,50,0,1850,1463,5,16,40,1,0,0,0,0
1267932,3,2021,2021,5,1,7,39,31,124,34609,0,1,9,-33.809285,151.030118,54,0,2,1,3,0,0,0,2,0,15,50,0,3775,3775,0,5,5,2,0,0,0,0
1267934,3,2021,2021,5,1,8,512,17,562,441,0,1,1,-32.26129,148.657917,22,1,0,1,3,0,0,0,3,0,7,110,2,14295,14295,3,0,0,2,0,0,0,0
1267937,3,2021,2021,5,3,1,25,7,125,34609,0,1,4,-33.864402,151.076979,67,0,2,0,3,0,0,0,0,0,7,50,0,4552,5151,8,5,40,1,0,0,0,0
1267939,3,2021,2021,5,0,3,265,17,6,193,0,1,9,-35.065658,147.396802,75,1,0,0,3,0,0,0,1,0,15,100,2,14295,14295,3,5,0,2,0,0,0,0
1267941,3,2021,2021,5,4,9,330,23,150,233,0,1,10,-33.919415,151.226391,59,0,2,1,3,0,3,4,0,2,7,50,2,5929,5929,1,30,5,2,0,0,0,0
1267946,3,2021,2021,6,0,2,91,27,119,187,0,1,10,-33.875144,151.156056,32,0,2,1,2,0,0,0,0,2,10,70,2,190,190,1,29,13,2,0,0,0,0
1267947,3,2021,2021,6,5,10,98,27,87,799,0,1,2,-33.928148,150.971809,41,0,2,0,3,0,0,0,0,0,7,70,2,1259,5151,8,5,40,1,0,0,0,0
1267948,3,2021,2021,6,6,3,2,27,40,34609,0,1,1,-35.831062,150.059879,23,1,0,0,3,2,3,4,2,0,7,100,0,4552,5151,8,0,40,1,0,0,0,0
1267952,3,2021,2021,6,0,10,67,27,56,62,1,0,9,-33.803548,151.199589,77,0,2,1,3,0,0,0,0,2,7,50,2,1850,985,5,5,40,1,0,0,0,0
1267953,3,2021,2021,5,2,9,9,27,2,39,0,1,1,-31.360566,149.603256,51,1,0,1,3,0,0,0,3,0,7,100,1,9859,9859,8,5,40,1,0,0,0,0
1267974,3,2021,2021,5,2,8,196,10,166,168,0,1,9,-33.944929,150.9823,15,0,2,1,2,0,0,0,3,2,7,60,2,3775,3775,0,33,13,2,0,0,0,0
1267980,3,2021,2021,5,3,4,26,10,24,26,0,1,1,-36.88055,149.904965,5,2,1,1,1,0,0,0,2,0,7,50,1,9859,9859,8,5,40,1,0,0,0,0
1267999,3,2021,2021,8,0,6,126,27,27,168,0,1,2,-34.043112,150.754197,12,0,2,0,0,0,0,0,2,0,7,80,2,14295,14295,3,8,0,2,0,0,0,0
1268016,3,2021,2021,6,4,6,220,14,67,220,0,1,3,-34.419466,150.873196,80,0,2,1,0,0,0,0,2,0,7,90,2,404,404,8,5,40,1,0,0,0,0
1268026,3,2021,2021,3,6,11,1,31,61,34609,0,1,1,-33.750533,150.89929,7,0,2,1,2,0,3,0,0,0,7,50,0,248,248,1,5,5,3,0,0,0,0
1268029,3,2021,2021,6,3,1,63,17,112,34609,0,1,1,-33.453615,151.446278,16,2,2,1,0,0,0,0,0,0,7,50,0,9859,9859,8,5,40,1,0,0,0,0
1268038,3,2021,2021,6,4,8,28,10,12,70,0,1,9,-31.920971,152.461976,43,2,1,1,2,0,0,0,0,0,0,60,1,2852,2852,4,34,0,2,0,0,0,0
1268042,3,2021,2021,0,3,11,255,31,64,46,0,1,1,-33.482794,150.151724,40,2,1,1,2,0,0,0,0,0,7,50,2,4026,4026,1,5,13,2,0,0,0,0
1268044,3,2021,2021,8,4,6,7,1,176,34609,0,1,1,-33.965132,151.141575,4,0,2,1,1,0,0,0,2,0,7,50,0,248,248,1,10,0,2,0,0,0,0
1268054,3,2021,2021,6,3,11,1,27,251,34609,0,1,1,-33.774343,150.959592,7,0,2,1,3,0,3,3,0,0,7,50,0,1282,1282,1,5,13,3,0,0,0,0
1268061,3,2021,2021,6,5,6,3,28,21,34609,1,0,1,-33.042529,151.591492,37,0,2,1,3,0,0,0,2,0,7,50,0,1109,787,1,5,13,2,0,0,0,0
1268066,3,2021,2021,5,5,3,100,27,127,100,0,1,10,-33.832048,150.855482,24,0,2,1,3,0,0,0,0,0,15,70,2,2852,2852,4,10,19,2,0,0,0,0
1268070,3,2021,2021,6,6,0,6,27,27,34609,0,1,4,-32.900545,151.776535,48,0,2,0,2,0,0,0,0,0,7,60,0,4552,5151,8,30,40,1,0,0,0,0
1268072,3,2021,2021,5,6,4,2209,17,61,2205,0,1,1,-35.903817,150.082116,23,2,1,1,3,0,0,0,2,0,7,80,2,14295,14295,3,10,0,2,0,0,0,0
1268075,3,2021,2021,5,5,8,283,27,129,702,0,1,2,-33.938164,151.074848,15,0,2,1,3,0,0,0,2,0,7,60,2,14295,14295,3,10,12,5,0,0,0,0
1268077,3,2021,2021,6,2,5,76,24,164,154,0,1,10,-33.730811,150.877689,7,0,2,1,3,0,0,0,2,2,7,60,1,4552,985,8,0,40,1,0,0,0,0
1268079,3,2021,2021,6,3,1,78,31,273,34609,0,1,7,-34.434642,150.88785,80,0,2,1,2,0,0,0,0,0,0,50,0,78,78,8,34,40,1,0,0,0,0
1268088,3,2021,2021,5,0,8,220,27,104,222,0,1,9,-33.725355,150.939898,7,0,2,1,3,0,0,0,3,2,7,80,2,14295,14295,3,0,5,2,0,0,0,0
1268091,3,2021,2021,6,6,3,1,31,56,34609,0,1,1,-35.124237,147.396635,75,2,1,1,0,0,3,4,1,0,7,50,0,2585,4009,1,29,13,2,0,0,0,0
1268093,3,2021,2021,6,6,0,1,1,52,34609,0,1,4,-33.704433,150.919056,7,0,2,0,2,0,0,0,0,0,7,50,0,2585,4009,8,5,40,1,0,0,0,0
1268094,3,2021,2021,6,3,1,5,27,15,49,0,1,9,-33.782126,151.28324,50,0,2,1,2,0,0,0,0,0,7,50,1,9859,9859,1,0,13,4,0,0,0,0
1268134,3,2021,2021,6,2,10,17,6,5,34609,0,1,1,-31.634356,152.757182,56,2,1,1,2,0,0,0,0,0,7,50,0,237,397,1,5,5,2,0,0,0,0
1268135,3,2021,2021,5,3,9,55,31,562,34609,0,1,7,-32.249339,148.603596,22,2,1,1,2,0,0,0,0,0,0,50,0,6545,6545,4,5,5,2,0,0,0,0
1268143,3,2021,2021,5,6,3,481,17,22,483,0,1,10,-28.605349,150.360434,51,2,1,1,0,0,0,0,2,0,0,50,2,4552,985,8,10,40,1,0,0,0,0
1268168,3,2021,2021,8,1,7,11,31,316,34609,0,1,1,-31.434383,152.915011,56,2,1,1,1,0,0,0,2,0,7,50,0,237,162,8,5,40,1,0,0,0,0
1268171,3,2021,2021,6,0,10,127,27,182,169,0,1,9,-32.831612,151.35801,17,2,1,1,2,0,0,0,0,2,7,60,2,2852,2852,4,10,13,2,0,0,0,0
1268183,3,2021,2021,6,4,2,12,31,84,5,0,1,1,-33.890249,150.949396,24,0,2,1,2,0,0,0,1,0,7,50,2,4026,4026,1,10,5,3,0,0,0,0
1268193,3,2021,2021,5,4,9,7,27,20,34609,0,1,9,-31.031558,152.859266,34,2,1,1,2,0,3,4,0,0,7,80,0,9859,9859,8,5,40,1,0,0,0,0