Crash ID,Degree of crash - detailed,Reporting year,Year of crash,Month of crash,Day of week of crash,Two-hour intervals,Street of crash,Street type,Town,Route no.,School zone location,School zone active,Type of location,Latitude,Longitude,LGA,Urbanisation,Conurbation 1,Alignment,Street lighting,Road surface,Surface condition,Weather,Natural lighting,Signals operation,Other traffic control,Speed limit,Road classification,RUM - code,DCA - code,First impact type,Key TU type,Other TU type,No. of traffic units involved,No. killed,No. seriously injured,No. moderately injured,No. minor-other injured
1268194,3,2021,2021,6,6,9,30,31,316,34609,0,1,9,-33.906334,151.253155,59,0,2,1,2,0,3,4,0,0,0,50,0,1957,777,1,5,5,3,0,0,0,0
1268202,3,2021,2021,6,5,0,110,27,110,34609,0,1,7,-33.748125,151.028412,71,0,2,1,3,0,0,0,0,0,0,50,0,4026,4026,8,5,40,1,0,0,0,0
1268203,3,2021,2021,5,6,6,3371,17,41,3342,0,1,7,-31.461996,152.819935,56,2,1,0,3,0,0,0,2,0,0,60,2,14295,14295,3,0,0,2,0,0,0,0
1268205,3,2021,2021,5,3,3,224,27,246,321,1,0,1,-33.904642,151.202622,69,0,2,1,3,0,0,0,1,0,7,50,2,9859,9859,1,5,5,2,0,0,0,0
1268206,3,2021,2021,5,0,4,1052,14,83,928,0,1,3,-33.47769,151.187027,16,1,2,1,3,0,3,4,2,0,7,110,2,4026,4026,8,0,40,1,0,0,0,0
1268210,3,2021,2021,5,2,9,55,10,112,47,0,1,9,-33.439263,151.429008,16,2,2,1,3,0,0,0,3,2,7,60,2,5929,5929,1,5,5,2,0,0,0,0
1268213,3,2021,2021,6,6,6,17,31,56,21,0,1,1,-33.861058,151.176875,32,0,2,1,3,0,3,3,2,0,7,40,1,1282,1282,1,28,33,2,0,0,0,0
1268214,3,2021,2021,5,2,9,109,27,169,34609,0,1,1,-33.774142,150.845797,7,0,2,1,3,0,0,0,3,0,7,50,0,9859,9859,8,5,40,1,0,0,0,0
1268216,3,2021,2021,6,6,5,149,10,346,702,0,1,9,-33.875347,151.067121,67,0,2,0,3,0,0,0,2,2,7,80,2,256,256,4,5,5,2,0,0,0,0
1268217,3,2021,2021,5,6,6,58,23,239,34609,0,1,9,-34.040567,151.128933,68,0,2,1,3,0,0,0,2,0,7,50,0,1391,1391,1,9,5,2,0,0,0,0
1268219,3,2021,2021,6,6,4,71,36,234,61,0,1,7,-34.311593,146.044541,28,2,1,1,3,0,0,3,2,0,0,60,2,6545,6545,4,5,5,2,0,0,0,0
1268220,3,2021,2021,5,4,3,73,24,40,88,0,1,9,-33.780485,151.23795,50,0,2,1,3,0,3,1,2,0,7,60,2,301,301,4,5,13,2,0,0,0,0
1268224,3,2021,2021,6,6,9,478,17,20,480,0,1,7,-33.410532,151.459133,16,2,2,1,3,0,3,4,0,0,0,70,2,9859,9859,8,5,40,1,0,0,0,0
1268226,3,2021,2021,8,2,8,2261,17,187,2252,0,1,2,-33.88986,150.974012,15,0,2,0,3,0,0,3,0,0,7,70,2,1383,1383,1,5,0,2,0,0,0,0
1268227,3,2021,2021,8,4,4,63,27,103,34,0,1,7,-32.945352,151.664903,37,0,2,1,3,0,0,0,2,0,0,60,1,5929,5929,1,10,5,2,0,0,0,0
1268229,3,2021,2021,5,0,11,15,27,20,91,0,1,1,-35.014864,149.26487,82,1,0,0,3,0,0,0,0,0,7,100,1,2585,4009,8,10,40,1,0,0,0,0
1268233,3,2021,2021,6,5,8,109,27,74,382,1,0,9,-33.749926,150.841548,7,0,2,1,3,0,0,0,3,0,0,60,2,5929,5929,1,5,13,2,0,0,0,0
1268235,3,2021,2021,6,3,9,2209,17,39,2205,0,1,1,-34.317451,150.903642,80,0,2,1,3,0,0,0,0,0,7,60,2,175,188,8,10,40,1,0,0,0,0
1268236,3,2021,2021,5,6,8,171,1,80,104,0,1,10,-33.939602,151.214465,4,0,2,1,3,0,0,0,0,0,0,70,2,14295,14295,3,21,0,3,0,0,0,0
1268239,3,2021,2021,5,6,7,4,27,7,34609,0,1,1,-34.629175,150.560626,78,2,1,0,3,2,0,0,2,0,7,60,0,1850,1463,5,34,40,1,0,0,0,0
1268242,3,2021,2021,5,6,6,1,31,172,34609,0,1,1,-32.752522,151.5898,42,2,1,1,3,0,0,0,2,0,7,50,0,237,162,8,5,40,1,0,0,0,0
1268245,3,2021,2021,5,2,6,27,1,134,34609,0,1,1,-33.520722,151.321071,16,2,2,1,3,0,0,0,2,0,7,50,0,1391,1391,1,5,13,2,0,0,0,0
1268246,3,2021,2021,6,5,11,2261,17,523,2252,0,1,10,-33.921877,150.918891,41,0,2,1,3,0,3,4,0,2,7,60,2,6545,6545,4,5,5,2,0,0,0,0
1268247,3,2021,2021,6,5,8,4,27,609,18,0,1,9,-33.774512,150.88507,7,0,2,1,3,0,0,0,3,0,7,60,1,2852,2852,4,5,0,2,0,0,0,0
1268248,3,2021,2021,6,6,8,512,17,43,441,0,1,1,-32.561422,148.943754,22,2,1,1,3,0,0,0,2,0,7,50,2,9859,9859,8,5,40,1,0,0,0,0
1268253,3,2021,2021,5,6,8,168,27,337,34609,0,1,7,-33.712422,150.979575,71,0,2,1,3,0,0,0,0,0,0,50,0,6545,6545,4,0,5,2,0,0,0,0
1268255,3,2021,2021,5,0,8,5,10,90,34609,0,1,1,-28.237299,153.55378,72,2,1,0,1,0,3,4,2,0,7,50,0,4552,5151,8,34,40,1,0,0,0,0
1268258,3,2021,2021,5,4,3,2126,17,15,2149,0,1,9,-33.517105,150.1273,40,2,1,0,3,0,1,1,1,0,7,80,2,2585,4009,8,10,40,1,0,0,0,0
1268264,3,2021,2021,5,4,7,1,27,74,34609,0,1,9,-34.659895,147.892245,20,1,0,1,0,0,3,4,2,0,7,100,0,9859,9859,8,5,40,1,0,0,0,0
1268288,3,2021,2021,5,0,9,38,27,34,45,0,1,10,-35.081516,150.649367,63,2,1,0,0,0,0,0,0,0,0,70,1,3775,3775,0,5,5,2,0,0,0,0
1268308,3,2021,2021,6,6,2,829,27,159,770,0,1,9,-33.807035,151.083531,61,0,2,1,2,0,0,0,0,0,0,60,2,1282,1282,1,5,5,2,0,0,0,0
1268346,3,2021,2021,8,4,9,330,1,107,34609,0,1,1,-33.280768,151.420647,16,2,2,1,2,0,3,3,0,0,7,50,0,9859,9859,8,9,40,1,0,0,0,0
1268353,3,2021,2021,5,4,8,71,27,10,69,0,1,9,-36.358698,148.495361,65,1,0,0,3,0,0,0,3,0,0,100,2,782,957,5,0,40,1,0,0,0,0
1268355,3,2021,2021,6,4,8,27,27,154,65,0,1,7,-33.696889,150.968295,71,0,2,0,1,0,0,0,3,0,0,60,1,395,395,1,10,19,2,0,0,0,0
1268358,3,2021,2021,5,6,5,5,27,3,34609,0,1,1,-36.672943,149.873873,5,1,0,1,3,0,0,0,2,0,7,100,0,404,404,8,0,40,1,0,0,0,0
1268360,3,2021,2021,5,1,6,205,27,161,415,0,1,2,-33.712501,151.174864,36,0,2,1,3,0,0,0,2,0,7,60,2,9859,9859,8,10,40,1,0,0,0,0
1268363,3,2021,2021,6,4,9,86,27,16,65,0,1,1,-30.058079,152.638178,18,1,0,0,3,0,3,4,0,0,7,100,1,4552,5151,8,10,40,1,0,0,0,0
1268365,3,2021,2021,6,0,7,1104,14,94,962,0,1,3,-33.787713,150.790338,55,0,2,1,3,0,0,0,2,0,7,110,2,9859,9859,8,5,40,2,0,0,0,0
1268367,3,2021,2021,6,6,3,829,27,363,770,0,1,10,-33.808789,151.014772,54,0,2,1,3,0,3,4,2,2,7,60,2,2852,2852,4,0,5,3,0,0,0,0
1268371,3,2021,2021,0,6,8,4,18,84,34609,0,1,9,-33.808289,150.988219,54,0,2,1,0,0,0,0,2,0,7,40,0,83,83,1,5,5,2,0,0,0,0
1268377,3,2021,2021,6,5,8,3371,17,463,3342,0,1,2,-30.324855,153.08366,19,1,0,1,3,0,3,4,3,0,7,100,2,941,941,1,5,0,2,0,0,0,0
1268402,3,2021,2021,8,3,8,72,27,159,56,0,1,1,-33.806544,151.070326,54,0,2,1,2,0,0,0,3,0,7,60,2,1981,1981,4,5,19,2,0,0,0,0
1268408,3,2021,2021,0,6,8,866,17,94,793,1,0,2,-33.882842,150.923943,24,0,2,1,3,0,0,0,2,0,7,70,2,14295,14295,3,5,13,3,0,0,0,0
1268422,3,2021,2021,5,6,6,2261,17,140,2252,0,1,2,-33.89836,150.99505,15,0,2,1,3,0,3,4,2,2,7,70,2,14295,14295,3,29,5,2,0,0,0,0
1268423,3,2021,2021,5,2,11,33,31,202,34609,0,1,1,-33.960905,151.025432,15,0,2,1,3,0,1,3,0,0,7,50,0,9859,9859,1,30,0,2,0,0,0,0
1268428,3,2021,2021,6,5,4,6,27,198,34609,0,1,2,-33.913033,151.098626,15,0,2,1,1,0,0,0,2,0,7,50,0,1282,1282,1,33,5,2,0,0,0,0
1268431,3,2021,2021,5,2,4,3,27,124,34609,0,1,10,-33.806445,151.042957,54,0,2,1,3,0,0,3,2,3,7,50,0,775,775,4,21,13,2,0,0,0,0
1268435,3,2021,2021,6,0,4,2261,17,523,2252,0,1,2,-33.936987,150.914303,41,0,2,1,3,0,0,0,2,0,7,60,2,945,945,5,0,40,1,0,0,0,0
1268438,3,2021,2021,5,4,8,2261,17,243,2252,0,1,2,-33.957269,150.889186,41,0,2,1,3,0,0,0,3,0,7,70,2,1282,1282,1,29,5,2,0,0,0,0
1268440,3,2021,2021,5,0,2,294,17,17,288,0,1,1,-35.158643,147.523701,75,1,0,1,3,0,3,3,1,0,7,100,2,101,101,8,5,13,2,0,0,0,0
1268444,3,2021,2021,6,6,9,230,27,7,34609,0,1,1,-30.322419,148.579147,51,1,0,1,3,2,3,4,0,0,7,100,0,782,985,5,10,40,1,0,0,0,0
1268447,3,2021,2021,5,4,8,23,27,53,66,0,1,10,-31.868133,152.376194,43,2,1,1,3,0,3,4,2,0,0,50,1,301,301,4,5,10,2,0,0,0,0
1268448,3,2021,2021,5,3,4,6,10,109,34609,0,1,1,-33.957158,150.846903,41,0,2,0,3,0,3,3,2,0,7,50,0,1259,5151,8,10,40,1,0,0,0,0
1268451,3,2021,2021,3,4,4,293,31,112,769,0,1,10,-33.612325,150.815103,29,2,2,1,3,0,0,0,2,2,7,60,2,217,217,1,30,5,2,0,0,0,0
1268458,3,2021,2021,5,2,9,2261,17,646,2252,1,0,9,-33.906106,151.03867,15,0,2,1,3,0,0,0,0,2,7,60,2,623,623,3,5,36,2,0,0,0,0
1268461,3,2021,2021,5,1,4,348,31,89,34609,0,1,9,-33.853515,150.879215,24,0,2,1,3,0,0,0,2,0,7,50,0,1391,1391,1,5,0,2,0,0,0,0
1268463,3,2021,2021,5,2,7,191,17,25,189,0,1,1,-32.403954,150.720509,46,1,0,0,3,0,0,0,2,0,7,100,2,4552,5151,8,5,40,1,0,0,0,0
1268464,3,2021,2021,8,6,3,3,31,98,3,0,1,1,-33.734857,151.074355,31,0,2,1,3,0,3,4,2,0,7,50,1,9859,9859,8,0,40,1,0,0,0,0
1268474,3,2021,2021,5,2,0,14,27,11,34609,0,1,1,-34.518153,150.781702,80,0,2,0,2,0,3,0,0,0,7,80,0,1957,4009,8,5,40,1,0,0,0,0
1268481,3,2021,2021,6,0,5,19,27,58,34609,0,1,1,-34.051575,151.130904,68,0,2,1,0,0,0,0,2,0,7,50,0,84,84,8,19,40,2,0,0,0,0
1268494,3,2021,2021,5,4,8,1,27,2,34609,0,1,1,-32.551954,151.144213,64,2,1,1,2,0,3,3,3,0,7,60,0,14295,14295,3,10,5,2,0,0,0,0
1268495,3,2021,2021,5,5,9,26,31,171,34609,0,1,9,-33.807427,150.97002,21,0,2,1,2,0,0,0,0,0,7,50,0,1282,1282,1,0,5,2,0,0,0,0
1268501,3,2021,2021,5,1,5,171,27,143,34609,1,0,1,-33.878632,151.096994,9,0,2,1,1,0,0,0,2,0,7,50,0,9859,9859,1,33,36,3,0,0,0,0
1268504,3,2021,2021,5,1,2,39,27,64,563,0,1,2,-33.886043,151.039871,21,0,2,1,2,0,0,0,1,0,7,80,2,14295,14295,3,33,5,3,0,0,0,0
1268507,3,2021,2021,5,3,7,4,31,79,34609,0,1,1,-33.975701,151.126175,25,0,2,1,0,0,0,0,2,0,7,50,0,1282,1282,1,8,5,2,0,0,0,0
1268512,3,2021,2021,5,5,1,5,7,16,34609,1,0,1,-32.89962,151.698865,48,0,2,1,2,0,3,3,0,0,7,50,0,1282,1282,1,33,5,3,0,0,0,0
1268517,3,2021,2021,6,4,2,283,27,129,702,0,1,9,-33.936861,151.074514,15,0,2,1,2,0,0,0,1,2,7,60,2,926,926,4,5,13,2,0,0,0,0
1268536,3,2021,2021,5,4,5,17,31,53,145,0,1,9,-33.799385,151.055171,54,0,2,0,3,0,0,0,2,2,7,70,2,1282,1282,1,5,12,2,0,0,0,0
1268537,3,2021,2021,5,4,6,36,27,23,39,0,1,9,-32.36966,149.267483,44,2,1,0,0,0,3,4,2,0,0,80,2,1957,4009,8,5,40,1,0,0,0,0
1268539,3,2021,2021,5,3,7,89,36,10,81,0,1,9,-34.631839,148.790804,82,1,0,1,3,0,0,0,2,0,7,100,2,14295,14295,3,5,0,2,0,0,0,0
1268541,3,2021,2021,5,6,8,55,27,151,160,0,1,7,-34.03169,150.847116,13,0,2,0,3,0,0,0,3,0,0,60,2,926,926,4,5,5,2,0,0,0,0
1268542,3,2021,2021,6,0,9,1,1,110,34609,0,1,9,-33.771044,151.028069,54,0,2,1,3,0,0,0,3,0,0,50,0,2852,2852,4,5,36,2,0,0,0,0
1268544,3,2021,2021,5,3,4,361,23,80,44,0,1,1,-33.972766,150.89293,13,0,2,1,3,0,3,3,2,0,7,50,1,941,941,1,5,0,2,0,0,0,0
1268547,3,2021,2021,5,4,1,27,1,30,34609,0,1,1,-33.271037,151.424301,16,2,2,1,3,0,0,0,0,0,7,50,0,9859,9859,8,5,40,1,0,0,0,0
1268551,3,2021,2021,5,0,11,512,17,433,441,0,1,7,-33.282701,149.093698,52,2,1,1,3,0,3,4,0,0,0,50,2,14295,14295,3,5,5,2,0,0,0,0
1268552,3,2021,2021,5,0,0,103,27,14,98,0,1,1,-33.427864,150.83015,29,2,2,0,3,0,3,1,0,0,7,80,2,1259,5151,8,5,40,1,0,0,0,0
1268554,3,2021,2021,5,2,1,7,31,93,143,0,1,7,-33.405259,149.599386,3,2,1,1,3,0,3,4,0,0,0,50,2,2585,777,8,0,40,1,0,0,0,0
1268557,3,2021,2021,5,2,7,478,17,118,480,0,1,2,-33.426242,151.287934,16,2,2,1,3,0,3,4,2,0,7,70,2,945,945,5,5,40,1,0,0,0,0
1268558,3,2021,2021,5,0,7,294,17,17,288,0,1,9,-35.161344,147.513537,75,1,0,1,3,0,0,0,2,0,7,100,2,2585,777,8,5,40,1,0,0,0,0
1268559,3,2021,2021,5,4,2,137,14,55,70,0,1,3,-32.848568,151.543925,17,1,0,1,3,0,3,3,1,0,7,110,2,9859,9859,8,5,40,1,0,0,0,0
1268561,3,2021,2021,8,4,5,30,18,95,34609,1,0,1,-34.397477,150.891664,80,0,2,1,3,0,0,0,2,0,7,50,0,1981,1981,4,5,5,2,0,0,0,0
1268562,3,2021,2021,0,3,0,158,27,68,207,0,1,1,-33.878502,151.241101,81,0,2,0,3,0,0,0,0,0,7,60,2,2585,4009,1,5,25,2,0,0,0,0
1268564,3,2021,2021,5,0,3,8,31,215,34609,0,1,10,-35.107311,147.370428,75,2,1,1,3,0,3,3,2,2,7,50,0,5929,5929,1,10,5,2,0,0,0,0
1268565,3,2021,2021,6,4,9,112,27,370,256,0,1,10,-34.057151,150.823943,13,0,2,1,3,0,3,3,3,2,7,60,2,6545,6545,4,5,5,4,0,0,0,0
1268567,3,2021,2021,6,4,9,11,31,49,56,0,1,1,-34.443732,147.532415,51,2,1,1,3,0,0,0,3,0,7,50,2,5929,5929,1,5,5,2,0,0,0,0
1268582,3,2021,2021,8,3,2,178,31,228,34609,0,1,1,-34.745214,149.720173,26,2,1,1,2,0,0,0,0,0,7,50,0,9859,9859,1,0,0,2,0,0,0,0
1268588,3,2021,2021,5,2,3,117,27,72,702,0,1,9,-33.835381,151.088167,14,0,2,1,2,0,0,0,2,2,7,70,2,5929,5929,1,5,5,2,0,0,0,0
1268595,3,2021,2021,5,0,0,916,17,165,917,0,1,9,-32.268095,150.886779,46,2,1,1,2,0,3,4,0,2,7,50,2,489,489,8,5,40,1,0,0,0,0
1268596,3,2021,2021,6,3,1,5,27,26,34609,0,1,1,-33.734882,150.818801,7,0,2,1,2,0,0,0,0,0,7,50,0,1945,1945,5,5,40,1,0,0,0,0
1268607,3,2021,2021,6,3,6,4,31,22,34609,0,1,1,-36.061894,146.909987,0,2,1,0,1,0,3,4,2,0,7,50,0,3775,3775,0,10,0,2,0,0,0,0
1268608,3,2021,2021,6,6,8,100,27,127,100,0,1,10,-33.832048,150.855482,24,0,2,1,2,0,3,4,0,0,15,70,2,2852,2852,4,29,13,2,0,0,0,0
1268611,3,2021,2021,0,0,1,251,14,139,605,0,1,6,-33.830966,151.21286,49,0,2,1,2,0,0,0,0,0,7,60,2,9859,9859,8,0,40,1,0,0,0,0
1268618,3,2021,2021,6,6,2,4,31,646,34609,0,1,1,-33.91245,151.017123,15,0,2,1,2,0,0,0,0,0,7,50,0,4026,4026,1,30,36,2,0,0,0,0
1268634,3,2021,2021,6,4,9,16,31,253,27,0,1,9,-33.96964,151.115559,25,0,2,1,2,0,0,0,3,0,15,60,1,775,775,4,0,5,2,0,0,0,0
1268636,3,2021,2021,6,2,5,171,27,24,369,0,1,2,-33.940279,150.731928,12,0,2,1,1,0,0,0,2,0,7,80,2,9859,9859,8,16,40,1,0,0,0,0
1268641,3,2021,2021,8,3,9,4,31,84,4,0,1,1,-33.890383,150.939379,24,0,2,1,2,0,0,0,0,0,7,50,1,9859,9859,8,10,40,1,0,0,0,0
1268651,3,2021,2021,5,6,1,1,31,6,34609,0,1,9,-33.932334,151.134948,4,0,2,1,2,0,0,0,0,0,0,50,0,489,489,8,0,40,1,0,0,0,0
1268657,3,2021,2021,6,1,3,33,27,70,49,0,1,7,-33.880917,150.886093,24,0,2,0,1,0,0,0,2,0,0,60,1,2585,4009,8,5,40,1,0,0,0,0
1268661,3,2021,2021,8,1,9,36,27,53,34609,0,1,1,-33.696018,151.111269,31,0,2,0,1,0,0,0,3,0,7,50,0,2585,4009,8,8,40,1,0,0,0,0
1268663,3,2021,2021,6,2,3,44,1,126,34609,0,1,10,-33.938835,150.810898,41,0,2,1,3,0,0,0,2,0,0,60,0,6545,6545,4,34,13,2,0,0,0,0
1268669,3,2021,2021,6,6,8,48,10,19,58,0,1,7,-32.907074,151.759762,48,0,2,0,1,0,0,0,2,0,0,60,2,395,395,1,3,41,2,0,0,0,0
1268686,3,2021,2021,6,1,1,33,27,70,49,0,1,1,-33.877033,150.880922,24,0,2,0,2,0,0,0,0,0,7,60,1,2585,4009,8,0,40,1,0,0,0,0
1268691,3,2021,2021,6,3,11,123,27,111,25,0,1,1,-33.9143,151.24938,59,0,2,1,2,0,3,3,0,0,7,50,1,9859,9859,1,5,5,3,0,0,0,0
1268700,3,2021,2021,8,0,4,30,27,187,94,0,1,1,-33.881153,150.986208,15,0,2,1,1,0,0,0,2,0,7,60,1,1282,1282,1,33,5,2,0,0,0,0
1268714,3,2021,2021,6,2,10,42,27,52,38,0,1,1,-33.906107,151.268925,76,0,2,1,2,0,0,0,0,0,7,50,1,4026,4026,1,5,13,2,0,0,0,0
1268724,3,2021,2021,5,0,8,4,31,149,34609,0,1,1,-33.863135,151.167389,32,0,2,1,1,0,0,0,3,0,7,50,0,220,220,1,33,5,2,0,0,0,0
1268729,3,2021,2021,4,6,0,1,27,10,34609,0,1,1,-28.995591,153.335603,39,2,1,0,0,2,3,3,0,0,7,80,0,4552,5151,8,10,40,1,0,0,0,0
1268755,3,2021,2021,0,1,9,829,27,124,770,0,1,9,-33.813798,151.052291,54,0,2,1,2,0,0,0,0,2,7,70,2,14295,14295,3,5,5,2,0,0,0,0
1268757,3,2021,2021,0,6,4,3,31,18,34609,0,1,1,-33.726768,151.293357,50,0,2,1,0,0,0,0,2,0,7,50,0,9859,9859,1,5,5,2,0,0,0,0
1268765,3,2021,2021,6,4,7,2209,17,273,2205,0,1,1,-34.425442,150.886448,80,0,2,0,0,0,0,0,2,0,7,60,2,248,248,1,0,19,2,0,0,0,0
1268770,3,2021,2021,0,0,9,294,17,13,288,0,1,10,-35.144324,147.458371,75,2,1,1,2,0,0,0,0,0,0,60,2,6545,6545,4,5,13,2,0,0,0,0
1268771,3,2021,2021,0,6,5,67,31,166,34609,0,1,1,-33.895225,151.185587,69,0,2,1,1,0,0,0,2,0,7,40,0,237,397,1,29,5,2,0,0,0,0
1268785,3,2021,2021,5,1,9,1052,14,60,928,0,1,3,-33.430426,151.24684,16,1,2,1,0,0,0,0,0,0,7,110,2,14295,14295,3,30,5,2,0,0,0,0
1268797,3,2021,2021,0,4,3,7,7,120,34609,0,1,1,-33.750233,150.872981,7,0,2,0,1,0,0,0,2,0,7,50,0,1259,5151,8,5,40,1,0,0,0,0
1268805,3,2021,2021,5,0,8,71,27,33,69,0,1,1,-36.412417,148.600847,65,2,1,0,3,0,0,0,2,0,7,80,2,1089,1089,7,0,40,1,0,0,0,0
1268806,3,2021,2020,11,5,3,81,27,44,115,0,1,9,-33.802353,150.896072,7,0,2,1,3,0,0,0,1,3,7,60,2,1669,1669,3,8,5,2,0,0,0,0
1268807,3,2021,2021,5,0,3,178,27,189,101,0,1,9,-33.942304,151.054031,15,0,2,1,3,0,3,4,1,2,7,50,1,5929,5929,1,10,13,2,0,0,0,0
1268809,3,2021,2021,5,1,6,5,31,77,34609,0,1,1,-33.862282,150.935023,24,0,2,1,3,0,0,0,2,0,7,50,0,220,220,8,0,40,1,0,0,0,0
1268810,3,2021,2021,5,0,6,4,27,463,34609,0,1,1,-30.274756,153.110372,19,1,0,0,3,2,0,3,2,0,7,100,0,3775,3775,0,5,0,2,0,0,0,0
1268813,3,2021,2021,6,4,9,50,36,14,43,0,1,9,-36.439756,148.517824,65,1,0,1,3,0,0,0,0,0,0,100,2,1089,1089,7,5,40,1,0,0,0,0
1268814,3,2021,2021,5,6,3,3371,17,104,3342,0,1,2,-32.83983,151.689152,48,0,2,1,3,0,3,4,2,0,7,80,2,14295,14295,3,30,5,4,0,0,0,0
1268815,3,2021,2021,8,0,0,85,10,167,702,0,1,2,-33.854123,151.076896,54,0,2,1,3,0,3,4,0,0,7,80,2,1945,1945,5,16,40,1,0,0,0,0
1268816,3,2021,2021,5,2,7,866,27,247,34609,0,1,7,-33.822522,150.948848,21,0,2,1,3,0,3,4,2,0,0,50,0,301,301,4,21,5,2,0,0,0,0
1268822,3,2021,2021,5,2,10,9,27,3,34609,0,1,1,-28.691207,153.494737,10,1,0,1,3,0,3,4,0,0,7,100,0,9859,9859,8,0,40,1,0,0,0,0
1268828,3,2021,2021,6,3,11,3,18,48,34609,0,1,9,-33.918566,147.21099,51,2,1,1,3,0,0,0,0,0,7,50,0,4552,985,8,5,40,1,0,0,0,0
1268829,3,2021,2021,5,4,7,17,27,115,34609,0,1,1,-34.037272,151.070464,68,0,2,1,3,0,3,4,2,0,7,50,0,9859,9859,1,5,5,3,0,0,0,0
1268833,3,2021,2021,8,5,4,119,31,188,140,0,1,9,-33.928879,151.101369,15,0,2,1,1,0,0,0,2,0,7,50,1,926,926,4,5,0,2,0,0,0,0
1268850,3,2021,2021,6,5,3,77,31,56,34609,0,1,10,-33.854306,151.17815,32,0,2,1,1,0,3,3,1,0,7,40,0,4026,4026,1,5,5,3,0,0,0,0
1268853,3,2021,2021,6,6,6,2126,17,139,2149,0,1,9,-33.879252,151.131258,32,0,2,1,1,0,0,0,2,0,7,60,2,4026,4026,8,9,40,3,0,0,0,0
1268855,3,2021,2021,0,0,6,11,27,6,34609,0,1,1,-34.041678,151.101544,68,0,2,1,1,0,0,0,2,0,7,50,0,4026,4026,1,8,5,2,0,0,0,0
1268858,3,2021,2021,8,1,1,14,27,68,34609,0,1,1,-34.08167,151.008857,68,0,2,1,2,0,0,0,0,0,7,50,0,1282,1282,1,21,5,2,0,0,0,0
1268864,3,2021,2021,6,5,4,81,27,137,34609,0,1,1,-33.913423,150.90692,41,0,2,1,3,0,0,0,2,0,7,50,0,1282,1282,1,0,36,2,0,0,0,0
1268882,3,2021,2021,8,6,3,1,27,11,34609,0,1,1,-34.032306,150.585644,79,2,2,1,3,0,0,0,2,0,7,80,0,9859,9859,1,10,2,2,0,0,0,0
1268883,3,2021,2021,5,3,6,829,27,123,770,0,1,2,-33.808393,151.067312,54,0,2,0,3,0,0,0,2,0,7,70,2,14295,14295,3,9,5,2,0,0,0,0
1268890,3,2021,2021,5,5,7,1,10,96,34609,0,1,9,-33.321702,148.065304,51,1,0,1,3,0,0,0,2,0,7,100,0,775,775,4,8,10,2,0,0,0,0
1268891,3,2021,2021,5,3,10,53,31,56,34609,0,1,9,-33.807547,151.197292,77,0,2,1,3,0,0,0,0,0,7,50,0,4026,4026,8,5,40,1,0,0,0,0
1268892,3,2021,2021,5,0,8,2126,17,166,2149,0,1,2,-33.416314,149.583714,3,2,1,1,3,0,3,4,0,0,7,60,2,14295,14295,3,10,0,3,0,0,0,0
1268893,3,2021,2021,6,2,9,98,23,24,34609,0,1,1,-33.966424,151.252826,59,0,2,1,3,0,0,0,4,0,7,50,0,9859,9859,1,0,13,2,0,0,0,0
1268897,3,2021,2021,5,4,7,14,31,149,34609,0,1,9,-33.986231,151.138327,4,0,2,1,3,0,0,0,2,0,7,50,0,14295,14295,3,0,5,2,0,0,0,0
1268898,3,2021,2021,5,0,10,24,31,31,24,0,1,9,-33.43322,151.380341,16,2,2,0,3,0,3,4,4,0,0,60,1,418,714,5,5,40,1,0,0,0,0
1268899,3,2021,2021,5,0,9,45,31,43,81,0,1,10,-32.174546,152.499158,43,2,1,1,3,0,3,4,0,2,7,50,2,5929,5929,1,0,36,2,0,0,0,0
1268901,3,2021,2021,5,2,11,21,27,4,34609,0,1,1,-28.834283,153.343202,39,2,1,0,3,0,3,4,0,0,7,80,0,1957,4009,8,10,40,1,0,0,0,0
1268914,3,2021,2021,0,2,6,3371,17,20,3342,0,1,2,-32.304174,152.345766,43,1,0,1,0,0,0,0,2,0,7,110,2,14295,14295,3,30,10,2,0,0,0,0
1268915,3,2021,2021,8,3,7,2,31,169,34609,0,1,1,-33.598236,150.755793,29,2,2,1,1,0,0,0,2,0,7,50,0,4026,4026,1,5,41,2,0,0,0,0
1268917,3,2021,2021,8,3,1,1,27,110,34609,0,1,1,-33.738024,151.045483,31,0,2,1,2,0,0,0,0,0,7,50,0,4026,4026,8,0,40,1,0,0,0,0
1268926,3,2021,2021,5,3,10,7,27,140,34609,0,1,1,-33.895955,150.995607,15,0,2,1,2,0,0,0,0,0,7,50,0,9859,9859,1,33,0,3,0,0,0,0
1268929,3,2021,2021,8,6,8,117,27,73,702,0,1,2,-33.829006,151.088942,14,0,2,1,0,0,0,0,0,0,7,70,2,1383,1383,1,5,0,2,0,0,0,0
1268933,3,2021,2021,0,3,4,10,27,10,34609,0,1,1,-30.335775,153.079548,19,2,1,1,1,0,0,0,2,0,7,60,0,9859,9859,8,5,40,1,0,0,0,0
1268977,3,2020,2020,10,5,0,3371,17,57,3342,0,1,9,-28.616251,153.545872,10,1,0,1,0,0,0,0,0,0,7,100,2,404,404,8,3,40,1,0,0,0,0
1268979,3,2021,2021,0,2,4,1,27,48,34609,0,1,1,-33.918211,147.22823,51,2,1,1,3,0,0,0,2,0,7,50,0,9859,9859,8,5,40,1,0,0,0,0
1268985,3,2021,2021,5,4,7,2261,17,148,2252,0,1,9,-36.052088,146.958608,0,2,1,1,0,0,0,0,2,0,0,60,2,2852,2852,4,5,36,2,0,0,0,0
1268988,3,2021,2021,0,5,2,3,31,28,34609,0,1,2,-33.412462,149.562124,3,2,1,1,3,0,0,0,0,0,7,50,0,1981,1981,4,5,5,2,0,0,0,0