Crash ID,Degree of crash - detailed,Reporting year,Year of crash,Month of crash,Day of week of crash,Two-hour intervals,Street of crash,Street type,Town,Route no.,School zone location,School zone active,Type of location,Latitude,Longitude,LGA,Urbanisation,Conurbation 1,Alignment,Street lighting,Road surface,Surface condition,Weather,Natural lighting,Signals operation,Other traffic control,Speed limit,Road classification,RUM - code,DCA - code,First impact type,Key TU type,Other TU type,No. of traffic units involved,No. killed,No. seriously injured,No. moderately injured,No. minor-other injured
1269004,3,2021,2021,5,0,3,916,17,14,917,0,1,9,-32.441006,151.054991,64,1,0,0,3,0,3,0,2,0,7,90,2,4552,5151,8,3,40,1,0,0,0,0
1269008,3,2021,2021,6,6,7,82,31,179,369,0,1,10,-33.764073,150.709931,55,0,2,1,0,0,0,0,2,2,7,70,2,6545,6545,4,0,12,2,0,0,0,0
1269014,3,2021,2021,5,4,5,3371,17,39,3342,0,1,7,-33.251934,151.489797,16,2,2,0,3,0,0,0,2,0,0,70,2,6545,6545,4,5,5,2,0,0,0,0
1269015,3,2021,2021,5,2,8,344,27,168,382,0,1,2,-33.707382,150.83936,7,0,2,1,3,0,0,0,2,0,7,80,2,1391,1391,1,5,41,2,0,0,0,0
1269016,3,2021,2021,5,3,4,44,31,41,605,1,0,9,-33.782897,151.267543,50,0,2,1,3,0,0,0,2,3,7,60,2,775,775,4,0,18,2,0,0,0,0
1269019,3,2021,2021,5,4,4,46,31,22,43,0,1,1,-35.959128,146.891029,27,2,1,1,3,0,3,3,2,0,7,50,1,1282,1282,1,5,36,3,0,0,0,0
1269026,3,2021,2021,5,0,8,113,27,218,111,1,0,10,-33.773287,150.77296,55,0,2,1,3,0,0,0,3,2,7,60,2,4026,4026,8,0,40,1,0,0,0,0
1269028,3,2021,2021,5,6,4,13,27,109,34609,0,1,7,-33.902783,151.139391,32,0,2,1,3,0,0,0,2,0,0,50,0,387,387,1,5,0,2,0,0,0,0
1269030,3,2021,2021,5,4,8,23,27,136,101,0,1,1,-32.929391,151.715679,48,0,2,1,3,0,3,0,3,0,7,60,2,14295,14295,3,30,13,2,0,0,0,0
1269037,3,2021,2021,5,5,7,9,1,28,260,0,1,10,-32.954602,151.618335,37,0,2,1,3,0,0,0,2,0,7,70,2,14295,14295,3,5,0,2,0,0,0,0
1269039,3,2021,2021,5,1,7,163,27,41,165,0,1,9,-33.728944,150.822761,7,0,2,1,3,0,0,0,2,2,9,60,1,5929,5929,1,5,5,2,0,0,0,0
1269052,3,2021,2021,6,0,0,478,17,96,480,0,1,2,-33.438159,151.381864,16,2,2,1,2,0,0,0,0,0,7,60,2,9859,9859,8,5,40,1,0,0,0,0
1269085,3,2021,2021,5,4,4,4,27,51,34609,0,1,9,-34.473225,150.791771,80,0,2,1,0,0,0,0,2,0,15,80,0,256,256,4,10,0,2,0,0,0,0
1269091,3,2021,2021,6,1,9,3,27,13,34609,0,1,1,-33.866121,151.252435,81,0,2,0,2,0,0,0,0,0,7,50,0,1957,4009,1,5,5,3,0,0,0,0
1269103,3,2021,2021,5,3,0,78,27,284,61,0,1,1,-33.900013,151.021791,15,0,2,1,2,0,3,4,0,0,7,60,1,9859,9859,1,5,13,3,0,0,0,0
1269104,3,2021,2021,5,0,9,165,31,10,34609,0,1,9,-32.956693,151.713168,37,0,2,0,2,0,3,4,0,0,0,60,0,1850,1463,5,10,40,1,0,0,0,0
1269108,3,2021,2021,8,3,10,14,10,10,34609,0,1,1,-34.010146,151.047866,68,0,2,1,2,0,0,0,0,0,7,50,0,4026,4026,8,30,40,1,0,0,0,0
1269111,3,2021,2021,5,2,11,8,27,5,34609,0,1,1,-28.506936,153.49483,10,2,1,1,0,0,0,1,0,0,0,60,0,9859,9859,8,10,40,1,0,0,0,0
1269113,3,2021,2021,5,5,6,34,31,123,34609,0,1,7,-33.826447,148.687807,51,2,1,1,1,0,0,0,2,0,0,50,0,6545,6545,4,5,13,2,0,0,0,0
1269118,3,2021,2020,2,3,1,387,27,253,331,0,1,1,-33.964944,151.097707,25,0,2,0,2,0,0,0,0,0,7,60,2,4552,5151,1,0,12,3,0,0,0,0
1269122,3,2021,2021,5,4,8,194,31,316,34609,0,1,1,-31.431811,152.913557,56,2,1,1,2,0,0,0,2,0,7,50,0,475,475,5,5,40,1,0,0,0,0
1269126,3,2021,2021,6,0,2,8,27,8,24,0,1,1,-33.608005,151.133948,31,0,2,0,3,0,0,0,0,0,7,40,1,404,404,8,5,40,1,0,0,0,0
1269130,3,2021,2021,5,1,1,31,27,304,34609,0,1,1,-33.917272,151.144122,32,0,2,1,2,0,0,0,0,0,7,50,0,4026,4026,1,10,5,6,0,0,0,0
1269135,3,2021,2021,5,4,0,22,7,438,34609,0,1,4,-33.878794,151.014549,21,0,2,0,3,0,0,0,0,0,7,50,0,4552,5151,8,29,40,1,0,0,0,0
1269141,3,2021,2021,8,4,10,7,31,111,34609,0,1,1,-33.692612,150.868433,7,0,2,1,2,0,0,0,0,0,7,50,0,9859,9859,1,9,5,2,0,0,0,0
1269142,3,2021,2021,8,4,6,2209,17,88,2205,0,1,2,-33.993931,151.115574,25,0,2,1,1,0,0,0,2,0,7,70,2,1383,1383,1,5,0,3,0,0,0,0
1269144,3,2021,2021,6,5,4,34,31,74,34609,0,1,10,-34.648342,148.018478,20,2,1,1,3,0,0,0,2,0,0,50,0,6545,6545,4,10,0,2,0,0,0,0
1269146,3,2021,2021,5,1,7,20,1,98,34609,0,1,10,-33.01491,151.596529,37,0,2,1,3,0,0,0,2,0,15,50,0,301,301,4,5,5,2,0,0,0,0
1269148,3,2021,2021,5,6,5,265,17,17,193,0,1,9,-34.873268,147.498759,51,1,0,1,3,0,0,0,2,0,7,100,2,1669,1669,3,5,0,2,0,0,0,0
1269150,3,2021,2021,5,2,6,2261,17,109,2252,0,1,9,-33.956707,150.875784,41,0,2,1,3,0,0,0,2,2,7,70,2,5929,5929,1,8,0,2,0,0,0,0
1269151,3,2021,2021,5,2,3,7,31,49,34609,0,1,2,-33.932375,151.149847,4,0,2,0,3,0,0,0,1,0,7,50,0,4552,5151,1,0,13,2,0,0,0,0
1269152,3,2021,2021,6,4,2,149,27,68,198,0,1,1,-34.079191,151.008795,68,0,2,0,3,0,0,0,0,0,7,70,2,4552,5151,8,0,40,1,0,0,0,0
1269153,3,2021,2021,5,3,1,3,27,8,4,0,1,1,-32.067861,148.34367,51,1,0,1,3,0,0,0,0,0,7,100,1,945,945,5,29,40,1,0,0,0,0
1269156,3,2021,2021,0,6,7,1,31,44,34609,0,1,1,-33.945193,151.139848,4,0,2,1,0,0,0,0,2,0,7,50,0,2585,777,8,0,40,2,0,0,0,0
1269157,3,2021,2021,5,0,7,109,27,44,169,0,1,9,-32.81075,151.42988,17,2,1,1,3,0,3,3,2,0,7,60,2,1669,1669,3,5,5,2,0,0,0,0
1269171,3,2021,2021,6,6,2,2126,17,78,2149,0,1,2,-33.702012,150.575412,8,2,2,0,2,0,3,0,0,0,7,80,2,2585,4009,8,10,40,1,0,0,0,0
1269174,3,2021,2021,5,5,6,11,31,36,34609,0,1,9,-33.928104,151.250048,59,0,2,1,1,0,0,0,2,0,7,50,0,387,387,1,33,5,2,0,0,0,0
1269179,3,2021,2021,6,6,5,53,31,62,34609,0,1,1,-33.893578,151.141645,32,0,2,1,0,0,3,0,2,0,7,50,0,9859,9859,1,5,0,4,0,0,0,0
1269184,3,2021,2021,5,2,6,2126,17,171,2149,0,1,10,-33.812978,150.958627,21,0,2,1,1,0,0,0,2,2,7,80,2,4552,985,8,5,40,1,0,0,0,0
1269195,3,2021,2021,5,4,8,169,27,137,54,0,1,2,-34.023184,151.054605,68,0,2,1,3,0,0,0,2,0,7,60,2,4026,4026,8,5,40,1,0,0,0,0
1269198,3,2021,2021,5,5,3,348,17,8,232,0,1,1,-33.379229,150.076527,40,1,0,0,0,0,1,0,1,0,7,100,2,418,714,5,10,40,1,0,0,0,0
1269210,3,2021,2021,5,5,3,109,36,28,108,0,1,1,-28.323485,153.417204,72,2,1,1,3,0,0,0,1,0,7,60,1,14295,14295,3,5,0,3,0,0,0,0
1269214,3,2021,2021,5,2,8,485,27,232,769,0,1,9,-33.696807,150.927566,71,0,2,1,3,0,0,0,2,2,7,80,2,5929,5929,1,5,13,2,0,0,0,0
1269215,3,2021,2021,8,0,7,3371,17,54,3342,0,1,1,-33.227215,151.503011,16,2,2,1,3,0,0,0,2,0,7,70,2,1981,1981,4,0,5,2,0,0,0,0
1269218,3,2021,2021,5,0,8,2126,17,65,2149,0,1,1,-33.543067,150.168497,40,2,1,1,3,0,3,4,2,0,7,80,2,945,945,5,5,40,1,0,0,0,0
1269219,3,2021,2021,6,3,8,111,27,80,233,0,1,9,-33.935649,151.230271,4,0,2,1,3,0,0,0,2,0,7,60,2,1957,777,8,33,40,2,0,0,0,0
1269222,3,2021,2021,8,6,5,110,27,41,173,0,1,2,-34.400007,150.868601,80,0,2,0,1,0,3,4,2,0,7,80,2,1383,1383,1,5,0,4,0,0,0,0
1269227,3,2021,2021,5,0,4,2261,17,70,2252,0,1,9,-34.687791,150.042911,26,1,0,1,3,0,3,3,2,0,7,110,2,9859,9859,8,29,40,1,0,0,0,0
1269231,3,2021,2021,6,2,6,125,27,290,103,0,1,1,-33.863231,151.007707,21,0,2,1,1,0,0,0,2,0,7,60,1,14295,14295,3,3,5,3,0,0,0,0
1269258,3,2021,2021,0,4,6,154,27,293,244,0,1,9,-33.930119,151.045794,15,0,2,1,0,0,0,0,2,0,7,60,2,5929,5929,1,5,5,2,0,0,0,0
1269263,3,2021,2021,8,3,10,14,27,17,34609,0,1,1,-33.74956,150.819134,7,0,2,1,2,0,0,0,0,0,7,50,0,9859,9859,1,9,13,2,0,0,0,0
1269268,3,2021,2021,6,0,8,2126,17,27,2149,0,1,9,-33.70823,150.348053,8,2,2,1,0,0,0,0,3,0,0,80,2,9859,9859,8,10,40,1,0,0,0,0
1269277,3,2021,2021,6,0,7,93,1,161,115,0,1,10,-33.726537,151.161653,36,0,2,1,1,0,0,0,2,2,7,60,1,256,256,4,30,0,3,0,0,0,0
1269284,3,2021,2021,8,0,8,27,31,82,34609,0,1,1,-31.077764,150.927845,70,2,1,1,3,0,0,0,3,0,7,50,0,1981,1981,4,0,5,2,0,0,0,0
1269290,3,2021,2021,0,5,9,225,17,76,180,0,1,9,-34.550884,150.369642,78,2,1,0,2,0,0,0,0,0,7,50,2,623,623,3,21,5,4,0,0,0,0
1269293,3,2021,2021,8,3,0,58,27,81,34609,0,1,1,-33.881044,151.250368,81,0,2,0,2,0,0,0,0,0,7,50,0,4552,5151,1,5,5,3,0,0,0,0
1269298,3,2021,2021,3,3,1,23,31,84,13,0,1,1,-33.897732,151.262967,76,0,2,1,0,0,0,0,0,0,7,50,1,9859,9859,1,5,25,2,0,0,0,0
1269303,3,2021,2021,5,6,3,916,17,30,917,0,1,1,-31.063836,151.039677,70,1,0,1,3,0,0,0,2,0,7,100,2,1089,1089,7,34,40,1,0,0,0,0
1269304,3,2021,2021,5,6,3,6,23,147,34609,0,1,1,-33.755453,151.284648,50,0,2,1,3,0,0,0,2,0,7,50,0,248,248,1,27,5,8,0,0,0,0
1269306,3,2021,2021,5,6,7,12,27,293,34609,0,1,10,-33.939116,151.23223,59,0,2,1,3,0,0,0,2,0,15,50,0,6545,6545,4,5,5,2,0,0,0,0
1269313,3,2021,2021,5,6,8,24,31,433,34609,0,1,7,-33.294162,149.096798,52,2,1,1,3,0,0,0,2,0,0,50,0,6545,6545,4,10,5,2,0,0,0,0
1269314,3,2021,2021,5,6,5,107,22,210,17,0,1,9,-34.029576,151.103571,68,0,2,1,3,0,0,0,2,0,7,60,1,1981,1981,4,5,5,2,0,0,0,0
1269319,3,2021,2021,5,6,10,1,1,18,34609,0,1,9,-28.374083,153.557204,72,2,1,0,3,0,0,0,0,0,7,40,0,1282,1282,1,5,40,1,0,0,0,0
1269320,3,2021,2021,5,6,7,2,31,91,34609,0,1,1,-32.971264,151.651937,37,0,2,1,3,0,0,0,2,0,7,50,0,1109,397,1,5,13,2,0,0,0,0
1269324,3,2021,2021,5,5,3,348,17,8,232,0,1,1,-33.380374,150.077964,40,1,0,0,3,0,1,1,1,0,7,100,2,4552,5151,8,10,40,1,0,0,0,0
1269326,3,2021,2021,5,5,1,1,31,46,34609,0,1,9,-33.881218,150.960907,24,0,2,1,3,0,0,0,0,0,7,50,0,782,985,5,0,40,1,0,0,0,0
1269328,3,2021,2021,3,2,1,120,36,11,148,0,1,1,-30.407191,152.345469,1,1,0,1,3,0,3,4,0,0,7,100,2,945,945,5,5,40,1,0,0,0,0
1269332,3,2021,2021,5,1,4,110,27,29,173,0,1,2,-34.401429,150.878262,80,0,2,0,3,0,0,0,2,0,7,80,2,1957,4009,8,29,40,1,0,0,0,0
1269333,3,2021,2021,5,0,8,45,27,134,40,0,1,9,-33.678858,150.8626,7,0,2,1,3,0,3,4,2,0,7,50,2,6545,6545,4,5,12,2,0,0,0,0
1269334,3,2021,2021,5,5,9,31,23,139,187,0,1,10,-33.870878,151.141932,32,0,2,1,3,0,0,0,0,2,7,60,2,5929,5929,1,5,13,2,0,0,0,0
1269337,3,2021,2021,5,5,8,118,17,20,118,0,1,1,-30.19409,149.522191,51,1,0,1,3,0,0,3,2,0,7,100,2,1089,1089,7,0,40,1,0,0,0,0
1269340,3,2021,2021,5,5,8,5,27,57,34609,0,1,9,-32.97396,151.685767,37,0,2,1,3,0,0,0,3,0,0,50,0,1957,777,8,5,40,1,0,0,0,0
1269341,3,2021,2021,5,3,7,866,17,278,793,0,1,9,-33.779647,151.05229,54,0,2,0,3,0,0,0,2,2,7,60,2,5929,5929,1,10,25,2,0,0,0,0
1269343,3,2021,2021,5,6,0,100,27,323,100,0,1,9,-33.798515,150.853064,7,0,2,1,3,0,0,0,0,2,7,70,2,14295,14295,3,5,5,2,0,0,0,0
1269355,3,2021,2021,8,4,4,93,1,460,34609,0,1,1,-33.836995,150.989051,21,0,2,1,1,0,0,0,2,0,7,40,0,1109,397,1,0,5,2,0,0,0,0
1269357,3,2021,2021,6,6,2,2,1,2,34609,0,1,9,-33.027723,151.600071,37,0,2,1,2,0,0,0,0,0,15,50,0,489,489,8,0,40,3,0,0,0,0
1269362,3,2021,2021,5,1,7,10,27,463,34609,0,1,2,-30.283896,153.129352,19,2,1,0,1,0,0,0,2,0,0,50,0,1282,1282,1,5,0,3,0,0,0,0
1269371,3,2021,2021,6,6,5,10,23,54,44,0,1,9,-33.721051,151.096046,31,0,2,0,0,0,0,3,2,0,7,60,1,926,926,4,9,0,2,0,0,0,0
1269377,3,2021,2021,6,5,10,16,27,17,34609,0,1,1,-32.943293,151.575148,37,0,2,1,2,0,3,4,0,0,7,80,0,43,43,3,33,5,2,0,0,0,0
1269381,3,2021,2021,6,5,4,512,17,21,441,0,1,1,-31.662313,147.385477,51,1,0,1,0,0,0,0,2,0,7,110,2,945,945,5,10,40,1,0,0,0,0
1269385,3,2021,2021,6,6,8,13,27,95,34609,0,1,9,-34.394006,150.892903,80,0,2,1,3,0,0,0,2,2,7,50,0,63,63,4,5,0,3,0,0,0,0
1269395,3,2021,2021,5,5,2,9,27,8,34609,0,1,1,-28.269166,153.458436,72,2,1,0,0,0,0,0,0,0,7,80,0,2585,4009,8,5,40,1,0,0,0,0
1269404,3,2021,2021,5,6,5,67,27,157,55,0,1,9,-34.009873,151.105383,68,0,2,1,3,0,0,0,2,2,7,70,2,2852,2852,4,0,5,3,0,0,0,0
1269405,3,2021,2021,5,3,6,43,27,66,87,0,1,9,-34.442179,150.886059,80,0,2,1,3,0,0,0,2,2,7,80,2,14295,14295,3,0,0,3,0,0,0,0
1269407,3,2021,2021,5,1,7,1,31,107,34609,0,1,1,-33.878171,151.198233,69,0,2,1,3,0,0,0,2,0,7,40,0,248,248,1,0,5,2,0,0,0,0
1269417,3,2021,2021,5,4,7,37,31,10,34609,0,1,9,-34.933857,150.757784,63,2,1,1,3,0,0,0,2,0,15,50,0,2852,2852,4,10,5,2,0,0,0,0
1269438,3,2021,2021,5,0,8,39,31,523,34609,0,1,1,-33.921293,150.912796,41,0,2,1,2,0,0,0,0,0,7,50,0,9859,9859,1,5,36,2,0,0,0,0
1269452,3,2021,2021,6,0,4,134,10,363,133,0,1,2,-33.809171,151.02368,54,0,2,1,0,0,0,0,2,0,7,70,2,1192,1192,1,0,13,2,0,0,0,0
1269461,3,2021,2021,5,1,9,1,10,31,34609,0,1,1,-30.347247,153.06775,19,2,1,0,2,0,0,0,0,0,7,50,0,175,188,8,5,40,1,0,0,0,0
1269466,3,2021,2021,5,4,4,1,27,76,34609,0,1,1,-33.91492,150.856659,41,0,2,1,1,0,3,0,2,0,7,50,0,1282,1282,1,33,5,2,0,0,0,0
1269470,3,2021,2021,6,6,4,21,27,18,26,0,1,10,-34.055642,150.810304,13,0,2,1,1,0,0,0,2,2,7,60,1,6545,6545,4,5,0,2,0,0,0,0
1269475,3,2021,2021,5,0,10,23,10,273,34609,0,1,1,-34.425906,150.904339,80,0,2,1,2,0,3,0,0,0,7,40,0,9859,9859,8,9,40,1,0,0,0,0
1269476,3,2021,2021,6,5,2,9,27,36,40,0,1,9,-33.518631,149.233683,51,2,1,1,0,0,0,1,0,0,0,70,2,4552,985,8,8,40,1,0,0,0,0
1269477,3,2021,2021,6,6,8,829,31,85,34609,0,1,1,-32.935256,151.725458,48,0,2,1,1,0,0,0,2,0,7,50,0,9859,9859,1,9,5,2,0,0,0,0
1269479,3,2021,2021,5,2,0,15,27,609,34609,0,1,1,-33.788339,150.905871,7,0,2,1,2,0,0,0,0,0,7,50,0,9859,9859,1,5,5,3,0,0,0,0
1269491,3,2021,2021,8,6,9,63,27,187,17,0,1,1,-33.884815,150.992969,15,0,2,1,3,1,2,6,4,0,7,60,1,9859,9859,8,30,40,1,0,0,0,0
1269497,3,2021,2021,5,2,6,157,17,8,158,0,1,1,-33.672815,148.966134,51,1,0,0,0,0,3,3,2,0,7,100,2,4552,5151,8,30,40,1,0,0,0,0
1269548,3,2021,2021,0,0,9,3371,17,27,3342,0,1,2,-30.204128,153.148847,19,1,0,1,2,0,0,0,0,0,7,110,2,14295,14295,3,5,5,3,0,0,0,0
1269552,3,2021,2021,8,4,3,2209,17,204,2205,0,1,10,-33.939231,151.147667,4,0,2,1,2,0,0,0,1,2,7,60,2,14295,14295,3,5,5,3,0,0,0,0
1269556,3,2021,2021,0,0,5,330,23,293,112,0,1,9,-33.946214,151.240625,59,0,2,1,3,0,0,0,2,2,7,60,2,6545,6545,4,5,0,2,0,0,0,0
1269566,3,2021,2021,8,2,11,133,31,70,34609,0,1,1,-33.914014,150.986753,15,0,2,1,1,0,0,0,0,0,7,50,0,489,489,8,5,40,1,0,0,0,0
1269572,3,2021,2021,6,1,2,500,27,293,799,0,1,9,-33.932471,151.044852,15,0,2,1,3,0,0,0,0,2,7,60,2,5929,5929,1,5,5,2,0,0,0,0
1269575,3,2021,2021,5,5,8,265,17,103,193,0,1,1,-34.29795,148.336004,30,2,1,0,3,0,0,0,2,0,7,80,2,1192,1192,1,29,0,2,0,0,0,0
1269582,3,2021,2021,5,1,5,34,1,443,34609,0,1,10,-33.90984,151.059677,15,0,2,1,3,0,0,0,2,0,15,50,0,6545,6545,4,5,12,2,0,0,0,0
1269589,3,2021,2021,5,4,8,20,31,57,169,0,1,10,-32.813698,151.473069,17,2,1,1,3,0,0,0,3,0,7,60,2,1391,1391,1,10,0,2,0,0,0,0
1269590,3,2021,2021,5,5,2,7,27,6,18,0,1,1,-31.278707,151.211596,70,1,0,1,3,0,0,1,0,0,7,100,1,1089,1089,7,0,40,1,0,0,0,0
1269598,3,2021,2021,5,6,8,387,36,45,69,0,1,9,-33.704066,151.214516,50,0,2,1,3,0,0,0,2,2,7,80,2,9859,9859,8,0,40,1,0,0,0,0
1269599,3,2021,2021,5,4,8,86,27,4,42,0,1,1,-30.967106,152.66841,34,1,0,0,3,0,0,0,3,0,7,100,1,1089,1089,7,34,40,1,0,0,0,0
1269602,3,2021,2021,5,5,6,127,27,135,103,0,1,9,-32.895645,151.734394,48,0,2,1,1,0,0,0,2,0,7,60,1,515,515,1,33,5,2,0,0,0,0
1269607,3,2021,2021,5,0,10,485,27,109,34609,0,1,1,-33.89742,151.140208,32,0,2,1,2,0,0,0,0,0,7,50,0,9859,9859,1,10,5,4,0,0,0,0
1269614,3,2021,2021,5,3,6,512,17,433,441,0,1,1,-33.225933,149.046268,52,1,0,1,3,0,3,4,2,0,7,100,2,3775,3775,0,30,41,2,0,0,0,0
1269615,3,2021,2021,5,1,0,117,27,78,144,0,1,1,-33.86044,151.092881,14,0,2,1,2,0,0,0,0,0,7,60,2,9859,9859,8,5,40,1,0,0,0,0
1269621,3,2021,2021,5,6,3,11,27,239,34609,0,1,4,-34.034636,151.13368,68,0,2,0,2,0,0,0,0,0,7,50,0,2585,4009,8,5,40,1,0,0,0,0
1269626,3,2021,2021,6,2,9,24,27,12,31,0,1,1,-28.778386,153.11403,60,1,0,1,0,0,0,0,0,0,7,100,1,1089,1089,7,10,40,1,0,0,0,0
1269640,3,2021,2021,6,0,6,8,1,63,34609,0,1,7,-33.242678,151.502044,16,2,2,1,1,0,0,0,2,0,0,50,0,6545,6545,4,5,5,2,0,0,0,0
1269645,3,2021,2021,5,2,3,512,17,433,441,1,0,2,-33.279076,149.087043,52,2,1,1,1,0,3,4,2,0,7,50,2,9859,9859,8,10,40,1,0,0,0,0
1269651,3,2021,2021,6,2,9,6,27,71,34609,0,1,10,-33.265865,151.54978,16,2,2,1,3,0,3,4,0,0,0,50,0,6545,6545,4,0,0,2,0,0,0,0
1269660,3,2021,2021,5,0,5,55,27,74,70,0,1,2,-33.722514,151.035735,31,0,2,1,1,0,0,0,2,0,7,60,2,1391,1391,1,33,5,2,0,0,0,0
1269662,3,2021,2021,5,0,10,27,31,82,34609,0,1,1,-31.077051,150.928896,70,2,1,1,2,0,0,0,0,0,7,50,0,9859,9859,1,10,25,2,0,0,0,0
1269671,3,2021,2021,5,5,3,15,31,148,34609,1,0,1,-36.034221,146.944669,0,2,1,1,1,0,0,0,2,0,7,50,0,9859,9859,8,5,40,2,0,0,0,0
1269683,3,2021,2021,6,5,11,43,27,136,76,0,1,9,-32.922308,151.715609,48,0,2,1,2,0,0,0,0,0,7,60,1,9859,9859,8,5,40,1,0,0,0,0
1269687,3,2021,2021,6,0,8,79,27,188,159,0,1,9,-33.934305,151.110425,15,0,2,1,2,0,0,0,3,0,0,60,2,2852,2852,4,5,0,2,0,0,0,0
1269691,3,2021,2021,6,3,0,3,18,463,34609,0,1,1,-30.281537,153.090932,19,2,1,1,2,0,0,0,0,0,7,60,0,9859,9859,1,5,36,2,0,0,0,0
1269696,3,2021,2021,5,5,9,3,31,18,34609,0,1,1,-33.729752,151.292827,50,0,2,1,3,0,3,4,0,0,7,50,0,9859,9859,1,5,0,3,0,0,0,0
1269699,3,2021,2021,5,0,9,120,36,35,148,0,1,9,-30.455314,152.911578,6,2,1,1,3,0,0,0,0,0,7,50,2,301,301,4,10,13,2,0,0,0,0
1269700,3,2021,2021,5,5,9,251,27,3,212,0,1,2,-33.773595,151.202824,50,0,2,0,3,0,0,0,3,0,7,80,2,13,188,1,9,25,2,0,0,0,0
1269701,3,2021,2021,5,3,9,163,27,41,165,1,0,2,-33.729446,150.826444,7,0,2,1,3,0,0,0,0,0,7,60,1,9859,9859,1,5,12,3,0,0,0,0
1269702,3,2021,2021,5,2,9,251,27,17,212,0,1,2,-33.766751,151.204414,50,0,2,0,3,0,0,0,0,0,7,80,2,1957,4009,8,0,40,1,0,0,0,0
1269704,3,2021,2021,8,5,7,2261,17,523,2252,0,1,9,-33.932429,150.917003,41,0,2,1,1,0,0,0,2,2,7,60,2,14295,14295,3,5,5,4,0,0,0,0
1269706,3,2021,2021,5,5,7,9,31,48,34609,0,1,10,-32.910467,151.742322,48,0,2,1,3,0,0,0,2,0,0,50,0,6545,6545,4,30,5,2,0,0,0,0
1269708,3,2021,2021,5,0,8,2209,17,273,2205,0,1,1,-34.425442,150.886448,80,0,2,1,3,0,0,0,2,0,7,60,2,9859,9859,8,5,40,1,0,0,0,0
1269709,3,2021,2021,5,4,6,4,22,168,34609,0,1,1,-33.720016,150.841265,7,0,2,1,3,0,0,0,2,0,7,50,0,515,515,1,9,13,2,0,0,0,0
1269713,3,2021,2021,5,1,7,1,31,53,34609,0,1,1,-30.655746,152.986933,47,2,1,1,3,0,0,0,2,0,7,50,0,9859,9859,1,5,5,2,0,0,0,0
1269717,3,2021,2021,5,6,5,125,27,38,144,0,1,7,-32.789044,151.903062,57,2,1,0,3,0,0,0,2,0,0,80,2,1391,1391,1,5,13,2,0,0,0,0
1269718,3,2021,2021,5,3,4,512,31,77,34609,0,1,9,-32.943065,151.755574,48,0,2,1,3,0,0,0,2,0,7,50,0,775,775,4,0,12,2,0,0,0,0
1269719,3,2021,2021,5,0,11,13,1,55,34609,0,1,1,-33.858279,151.277254,81,0,2,1,3,0,0,0,0,0,7,50,0,9859,9859,1,5,25,2,0,0,0,0
1269720,3,2021,2021,5,4,7,4,31,284,34609,0,1,1,-33.899835,151.014481,15,0,2,1,3,0,0,0,2,0,7,50,0,9859,9859,1,5,5,3,0,0,0,0
1269727,3,2021,2021,5,6,10,330,27,147,605,0,1,2,-33.752225,151.287188,50,0,2,1,3,0,0,0,0,0,7,60,2,945,945,5,5,40,1,0,0,0,0
1269739,3,2021,2021,6,0,1,63,31,79,79,0,1,1,-33.818543,151.212452,49,0,2,0,2,0,0,3,0,0,7,50,2,4552,5151,8,10,40,1,0,0,0,0
1269743,3,2021,2021,6,4,10,308,14,53,311,0,1,3,-33.914891,150.85009,41,0,2,1,2,0,3,4,0,0,7,100,2,1192,1192,1,9,0,2,0,0,0,0
1269787,3,2021,2021,5,4,7,2,27,148,34609,0,1,9,-36.049578,146.939243,0,2,1,0,0,0,0,0,2,0,0,50,0,5929,5929,1,5,36,2,0,0,0,0
1269796,3,2021,2021,6,2,6,143,31,173,181,0,1,1,-33.879433,151.215541,69,0,2,1,1,0,0,0,2,0,7,40,2,14295,14295,3,5,5,2,0,0,0,0
1269799,3,2021,2021,6,2,11,5,31,84,34609,0,1,1,-33.467364,151.403821,16,2,2,1,3,0,0,0,0,0,7,50,0,9859,9859,1,0,5,2,0,0,0,0
1269811,3,2021,2021,6,4,9,2209,17,106,2205,0,1,2,-34.569421,150.810373,62,0,2,0,2,0,0,0,0,0,7,70,2,1282,1282,1,5,40,1,0,0,0,0
1269812,3,2021,2021,6,5,1,76,24,21,154,0,1,2,-33.729784,150.911192,7,0,2,1,2,0,0,0,0,0,7,70,1,4026,4026,8,5,40,1,0,0,0,0
1269813,3,2021,2021,8,4,7,84,27,169,769,0,1,10,-33.596855,150.746916,29,2,2,1,1,0,0,0,2,2,7,60,2,14295,14295,3,5,5,3,0,0,0,0
1269814,3,2021,2021,8,5,8,20,31,174,34609,0,1,1,-33.893386,151.210224,69,0,2,1,0,0,0,0,2,0,7,40,0,1282,1282,1,33,12,2,0,0,0,0
1269817,3,2021,2021,6,4,9,18,1,159,34609,0,1,1,-33.806089,151.083853,61,0,2,1,2,0,0,0,0,0,7,50,0,9859,9859,1,5,5,2,0,0,0,0
1269827,3,2021,2021,5,0,7,35,31,204,34609,0,1,1,-33.888333,151.12648,32,0,2,0,1,0,0,3,2,0,7,50,0,782,957,5,5,40,1,0,0,0,0
1269828,3,2021,2021,8,4,4,3371,17,137,3342,0,1,10,-32.965688,151.695366,37,0,2,1,1,0,3,4,2,2,7,60,2,1383,1383,1,5,0,2,0,0,0,0
1269829,3,2021,2021,0,2,6,177,31,174,208,0,1,7,-33.860494,150.927487,24,0,2,0,3,0,0,0,2,0,0,60,1,6545,6545,4,5,0,3,0,0,0,0