Crash ID,Degree of crash - detailed,Reporting year,Year of crash,Month of crash,Day of week of crash,Two-hour intervals,Street of crash,Street type,Town,Route no.,School zone location,School zone active,Type of location,Latitude,Longitude,LGA,Urbanisation,Conurbation 1,Alignment,Street lighting,Road surface,Surface condition,Weather,Natural lighting,Signals operation,Other traffic control,Speed limit,Road classification,RUM - code,DCA - code,First impact type,Key TU type,Other TU type,No. of traffic units involved,No. killed,No. seriously injured,No. moderately injured,No. minor-other injured
1269832,3,2021,2021,5,3,2,11,27,22,34609,0,1,9,-36.054514,146.907209,0,2,1,0,3,0,3,4,1,0,7,50,0,4552,5151,8,5,40,1,0,0,0,0
1269833,3,2021,2021,5,5,8,346,17,103,332,0,1,9,-28.811532,153.343623,39,2,1,1,3,0,0,0,3,0,0,60,2,5929,5929,1,5,36,2,0,0,0,0
1269836,3,2021,2021,5,4,7,133,10,13,121,0,1,9,-31.642868,152.801182,56,2,1,1,3,0,0,0,2,0,7,50,1,1945,1945,5,30,40,1,0,0,0,0
1269840,3,2021,2021,5,4,7,330,23,24,39,0,1,10,-33.969914,151.241954,59,0,2,1,3,0,0,0,2,0,15,60,1,6545,6545,4,5,5,4,0,0,0,0
1269841,3,2021,2021,5,1,3,2126,17,23,2149,0,1,9,-33.447242,150.032029,40,1,0,1,3,0,3,3,4,0,0,100,2,2852,2852,4,5,36,2,0,0,0,0
1269842,3,2021,2021,5,4,9,4,10,12,34609,0,1,1,-32.932124,151.587777,37,0,2,1,3,0,0,0,0,0,7,50,0,4026,4026,1,10,23,2,0,0,0,0
1269847,3,2021,2021,5,6,6,118,17,20,118,0,1,1,-30.19409,149.522191,51,1,0,1,3,0,0,0,2,0,7,100,2,9859,9859,8,5,40,1,0,0,0,0
1269848,3,2021,2021,5,2,8,3,27,3,34609,0,1,1,-35.302461,148.268449,66,1,0,0,3,0,3,4,3,0,7,100,0,1850,1463,5,5,40,1,0,0,0,0
1269849,3,2021,2021,8,6,4,49,27,111,62,0,1,10,-33.703824,150.858348,7,0,2,1,3,0,0,0,2,2,7,70,2,14295,14295,3,0,5,2,0,0,0,0
1269852,3,2021,2021,5,0,6,194,31,445,18,0,1,1,-33.864276,151.052795,21,0,2,1,3,0,0,0,2,0,7,60,1,9859,9859,1,5,5,2,0,0,0,0
1269855,3,2021,2021,5,6,10,39,31,102,34609,0,1,10,-31.114948,150.911678,70,2,1,1,3,0,3,4,0,0,0,50,0,6545,6545,4,5,0,2,0,0,0,0
1269856,3,2021,2021,5,3,7,866,17,44,793,0,1,9,-33.797597,150.97528,54,0,2,1,3,0,0,0,2,0,2,70,2,775,775,4,5,0,2,0,0,0,0
1269857,3,2021,2021,5,3,11,2,10,83,34609,0,1,1,-30.078962,153.188673,19,1,0,1,3,0,0,0,0,0,7,100,0,945,945,5,0,40,1,0,0,0,0
1269859,3,2021,2021,5,2,4,3371,17,54,3342,0,1,2,-28.520342,153.528127,10,1,0,0,3,0,0,0,2,0,7,110,2,1259,5151,8,5,40,1,0,0,0,0
1269860,3,2021,2021,5,6,9,916,17,77,917,0,1,10,-32.568287,151.179574,64,2,1,1,3,0,3,4,0,2,7,50,2,1945,1945,5,3,40,1,0,0,0,0
1269862,3,2021,2021,5,1,4,3,27,9,34609,0,1,1,-35.590528,149.478216,58,1,0,0,3,2,3,3,2,0,7,100,0,1850,1463,5,29,40,1,0,0,0,0
1269863,3,2021,2021,5,0,5,78,31,228,39,0,1,2,-34.752547,149.720227,26,2,1,1,3,0,3,4,2,0,7,50,2,1282,1282,1,0,40,1,0,0,0,0
1269871,3,2021,2021,7,2,5,171,31,363,34609,0,1,1,-33.818782,151.002288,54,0,2,1,1,0,3,4,2,0,7,40,0,623,623,3,5,40,2,0,0,0,0
1269886,3,2021,2021,5,3,11,39,1,337,34609,0,1,1,-33.741442,150.987638,71,0,2,0,2,0,0,0,0,0,7,50,0,1850,1463,5,30,40,1,0,0,0,0
1269889,3,2021,2021,8,2,11,500,27,106,799,1,0,9,-33.924148,151.091089,15,0,2,1,2,0,0,0,0,2,7,60,2,4026,4026,8,0,40,1,0,0,0,0
1269896,3,2021,2021,5,1,1,3371,17,6,3342,0,1,2,-31.666683,152.738147,56,1,0,1,2,0,0,0,0,0,7,110,2,9859,9859,8,5,40,1,0,0,0,0
1269900,3,2021,2021,8,4,8,1,27,103,34609,0,1,11,-34.347051,148.256545,30,2,1,0,0,2,0,0,2,0,7,50,0,1957,4009,8,5,40,1,0,0,0,0
1269909,3,2021,2021,5,3,1,191,17,13,189,0,1,1,-32.490911,150.906216,64,2,1,0,0,0,0,3,0,0,7,60,2,4552,5151,8,10,40,1,0,0,0,0
1269928,3,2021,2021,5,4,3,916,17,20,917,0,1,2,-30.971302,151.104811,70,1,0,0,0,0,1,2,1,0,7,100,2,2585,4009,8,10,40,1,0,0,0,0
1269942,3,2021,2021,6,5,4,3371,17,32,3342,0,1,2,-29.092014,153.340568,60,1,0,1,3,0,3,4,2,0,7,110,2,1089,1089,7,30,40,1,0,0,0,0
1269965,3,2021,2021,6,4,1,10,31,155,34609,0,1,1,-33.136067,148.174481,53,2,1,1,3,0,0,3,0,0,7,40,0,248,248,1,0,36,2,0,0,0,0
1269967,3,2021,2021,5,5,8,92,27,129,244,0,1,9,-33.8997,151.089612,9,0,2,1,3,0,3,4,4,3,7,60,2,945,945,5,5,40,1,0,0,0,0
1269970,3,2021,2021,0,1,7,2261,17,523,2252,0,1,9,-33.932404,150.916854,41,0,2,1,3,0,0,0,2,2,9,60,2,2852,2852,4,30,5,3,0,0,0,0
1269979,3,2021,2021,5,2,7,11,18,8,17,0,1,1,-30.925103,153.031612,34,2,1,1,1,0,0,3,2,0,7,80,1,14295,14295,3,5,13,2,0,0,0,0
1269983,3,2021,2021,5,4,9,55,10,112,47,0,1,1,-33.438354,151.417803,16,2,2,1,0,0,0,0,0,0,7,70,2,14295,14295,3,5,0,2,0,0,0,0
1269984,3,2021,2021,7,5,5,1,31,387,34609,0,1,1,-33.935911,151.194926,4,0,2,1,0,0,3,4,2,0,7,50,0,4552,5151,1,8,0,3,0,0,0,0
1269985,3,2021,2021,5,1,7,84,27,61,415,0,1,2,-33.76515,151.136889,36,0,2,1,1,0,0,0,2,0,7,70,2,623,623,3,33,5,2,0,0,0,0
1269994,3,2021,2021,5,2,9,1,31,96,34609,0,1,9,-35.347366,149.227235,58,2,1,1,3,0,0,0,0,0,0,50,0,9859,9859,8,5,40,1,0,0,0,0
1269996,3,2021,2021,5,0,5,6,27,77,34609,0,1,1,-30.336938,149.731458,51,1,0,1,3,0,0,3,2,0,7,100,0,323,323,1,10,13,2,0,0,0,0
1269997,3,2021,2021,5,6,5,334,17,53,308,0,1,7,-31.092168,150.934131,70,2,1,1,1,0,0,0,2,0,0,50,2,1192,1192,1,8,0,2,0,0,0,0
1269999,3,2021,2021,5,3,7,132,31,45,126,0,1,9,-33.888008,151.194353,69,0,2,1,3,0,0,3,2,0,7,50,2,1391,1391,1,0,5,2,0,0,0,0
1270004,3,2021,2021,5,6,5,485,27,323,769,1,0,1,-33.751644,150.988796,71,0,2,0,3,0,0,0,2,0,7,60,2,1957,4009,8,8,40,1,0,0,0,0
1270006,3,2021,2021,5,3,6,35,27,304,37,0,1,1,-33.912675,151.139047,32,0,2,1,3,0,0,0,2,0,7,50,1,4026,4026,1,5,5,4,0,0,0,0
1270007,3,2021,2021,8,3,3,31,27,21,33,0,1,1,-33.575835,150.650721,29,2,2,0,3,0,0,1,1,0,7,60,1,1957,4009,8,10,40,1,0,0,0,0
1270009,3,2021,2021,7,4,2,3371,17,11,3342,0,1,2,-28.352967,153.523458,72,1,0,1,3,0,3,4,1,0,7,110,2,404,404,8,29,40,1,0,0,0,0
1270030,3,2021,2021,6,2,9,47,27,293,34609,0,1,10,-33.943365,151.255976,59,0,2,1,3,0,3,4,0,0,7,50,0,9859,9859,1,0,13,4,0,0,0,0
1270031,3,2021,2021,6,3,1,46,27,22,43,0,1,9,-36.001423,146.896071,27,2,1,0,1,0,0,6,0,0,7,80,1,1850,1463,5,10,40,1,0,0,0,0
1270034,3,2021,2021,6,6,11,99,31,84,105,0,1,10,-33.885487,150.937027,24,0,2,1,2,0,0,0,0,2,7,60,1,5929,5929,1,5,5,2,0,0,0,0
1270035,3,2021,2021,6,3,9,3,7,33,34609,0,1,1,-35.126801,147.334172,75,2,1,0,0,0,3,0,0,0,7,50,0,3775,3775,0,30,5,2,0,0,0,0
1270037,3,2021,2021,0,2,5,17,27,96,15,0,1,1,-34.229901,150.739747,79,2,2,0,0,0,0,0,2,0,7,60,1,204,204,1,16,19,2,0,0,0,0
1270047,3,2021,2021,6,3,5,192,31,316,120,1,0,10,-33.911369,151.243321,59,0,2,1,1,0,0,0,2,0,7,50,2,4552,985,8,5,40,1,0,0,0,0
1270066,3,2021,2021,6,4,8,1104,14,167,962,0,1,6,-33.856403,151.070826,54,0,2,0,0,0,0,0,3,0,7,80,2,1282,1282,1,0,5,2,0,0,0,0
1270096,3,2021,2021,1,1,7,4,27,44,34609,0,1,9,-32.42022,152.200927,43,1,0,1,3,0,0,0,2,0,7,100,0,1089,1089,7,5,40,1,0,0,0,0
1270097,3,2021,2021,1,4,8,344,27,168,382,0,1,10,-33.723981,150.844287,7,0,2,1,3,0,0,0,2,3,7,80,2,6545,6545,4,0,5,2,0,0,0,0
1270103,3,2021,2021,1,5,5,2261,17,243,2252,0,1,9,-33.957832,150.887135,41,0,2,0,3,0,0,0,2,2,7,70,2,1391,1391,1,5,13,2,0,0,0,0
1270110,3,2021,2021,5,0,3,71,31,283,125,0,1,10,-33.844501,151.013199,21,0,2,1,3,0,0,0,2,0,0,60,1,2852,2852,4,5,5,2,0,0,0,0
1270113,3,2021,2021,1,4,6,3371,17,83,3342,0,1,9,-30.060696,153.182865,19,2,1,0,3,0,0,0,2,0,0,60,2,14295,14295,3,30,5,2,0,0,0,0
1270119,3,2021,2021,5,4,6,31,27,70,101,0,1,10,-32.906821,151.727488,48,0,2,1,3,0,0,0,2,3,7,60,2,14295,14295,3,5,36,2,0,0,0,0
1270120,3,2021,2021,5,4,7,147,27,104,605,0,1,9,-33.830024,151.218536,49,0,2,1,3,0,0,0,2,2,7,60,2,395,395,1,5,5,2,0,0,0,0
1270122,3,2021,2021,1,3,9,10,27,10,33,0,1,1,-32.519475,151.352166,64,2,1,0,3,0,3,4,0,0,0,80,1,1957,4009,8,10,40,1,0,0,0,0
1270125,3,2021,2021,5,2,5,20,31,150,140,0,1,1,-33.924573,151.231494,59,0,2,1,0,0,0,0,2,0,7,50,2,1282,1282,1,33,5,2,0,0,0,0
1270127,3,2021,2021,8,2,8,123,36,37,90,0,1,1,-31.203224,151.563103,51,1,0,1,3,0,0,0,0,0,7,100,1,1089,1089,7,10,40,1,0,0,0,0
1270128,3,2021,2021,6,5,3,59,27,252,41,0,1,2,-33.949161,150.866027,41,0,2,1,0,0,0,3,2,0,7,60,1,4026,4026,8,5,40,1,0,0,0,0
1270139,3,2021,2021,0,0,2,85,10,167,702,0,1,2,-33.855275,151.073976,54,0,2,1,1,0,0,0,0,0,7,80,2,404,404,8,5,40,1,0,0,0,0
1270145,3,2021,2021,5,2,5,15,31,82,34609,0,1,10,-31.075244,150.922968,70,2,1,1,3,0,0,0,2,0,15,50,0,6545,6545,4,30,0,2,0,0,0,0
1270146,3,2021,2021,5,2,0,1,27,6,34609,0,1,1,-33.423407,149.495062,3,1,0,0,3,2,0,0,0,0,7,100,0,1850,1463,5,0,40,1,0,0,0,0
1270148,3,2021,2021,5,6,1,2209,17,70,2205,0,1,9,-34.026812,151.084787,68,0,2,1,2,0,0,0,0,3,7,70,2,9859,9859,8,10,40,1,0,0,0,0
1270151,3,2021,2021,5,0,10,5,31,55,34609,0,1,1,-35.70636,150.178093,23,2,1,0,2,0,0,6,0,0,7,40,0,4552,5151,8,30,40,1,0,0,0,0
1270152,3,2021,2021,1,0,9,12,1,134,34609,0,1,10,-33.520145,151.31221,16,2,2,1,3,0,0,0,0,0,0,50,0,6545,6545,4,0,5,2,0,0,0,0
1270153,3,2021,2021,3,4,1,2261,17,32,2252,0,1,2,-34.831674,149.043832,82,1,0,0,3,0,0,0,0,0,7,110,2,204,204,1,3,35,2,0,0,0,0
1270156,3,2021,2021,1,3,7,76,24,164,154,0,1,2,-33.724936,150.884192,7,0,2,1,3,0,0,0,2,0,7,70,1,9859,9859,8,0,40,1,0,0,0,0
1270158,3,2021,2021,1,4,1,2261,17,44,2252,0,1,2,-33.898404,150.950894,24,0,2,0,3,0,0,0,0,0,7,70,2,4552,5151,8,5,40,1,0,0,0,0
1270164,3,2021,2021,8,6,10,387,36,115,69,0,1,9,-33.74846,151.224082,50,0,2,1,2,0,3,0,0,2,7,70,2,5929,5929,1,27,0,2,0,0,0,0
1270175,3,2021,2021,5,4,5,123,36,3,49,0,1,10,-29.954639,151.119309,33,1,0,1,0,0,0,0,2,0,0,100,1,6545,6545,4,10,13,2,0,0,0,0
1270177,3,2021,2021,5,1,8,1052,14,118,928,0,1,3,-33.406809,151.298718,16,1,2,0,0,0,0,0,0,0,7,110,2,1383,1383,1,5,13,3,0,0,0,0
1270185,3,2021,2021,5,2,2,1,27,13,34609,0,1,1,-31.011809,150.968031,70,1,0,1,0,0,0,0,1,0,7,100,0,9859,9859,8,10,40,1,0,0,0,0
1270187,3,2021,2021,5,2,10,1,31,54,34609,0,1,1,-33.873107,150.861802,24,0,2,0,1,0,0,0,0,0,7,50,0,1957,4009,1,5,13,3,0,0,0,0
1270194,3,2021,2021,1,5,6,49,31,562,34609,0,1,10,-32.244841,148.592911,22,2,1,1,3,0,0,0,2,0,0,50,0,6545,6545,4,5,13,2,0,0,0,0
1270203,3,2021,2021,5,5,5,19,27,118,19,0,1,1,-33.362247,151.300766,16,1,2,1,3,0,0,0,2,0,7,100,1,84,84,6,5,40,1,0,0,0,0
1270204,3,2021,2021,3,1,9,13,27,5,143,0,1,1,-34.647615,149.637886,26,1,0,1,3,0,0,0,0,0,7,100,2,945,945,5,5,40,1,0,0,0,0
1270206,3,2021,2021,5,0,6,162,31,218,34609,0,1,1,-33.769494,150.775764,55,0,2,1,3,0,0,0,2,0,7,50,0,1981,1981,4,5,36,2,0,0,0,0
1270207,3,2021,2021,1,3,8,9,31,62,34609,0,1,1,-33.753922,151.256997,50,0,2,1,3,0,0,0,2,0,7,50,0,9859,9859,1,0,5,2,0,0,0,0
1270210,3,2021,2021,1,4,6,19,27,11,16,0,1,1,-31.557803,152.498571,56,1,0,1,3,0,0,0,2,0,7,100,1,1945,1945,5,10,40,1,0,0,0,0
1270221,3,2021,2021,5,4,7,4,18,251,34609,0,1,9,-33.782498,150.923906,7,0,2,1,0,0,0,0,2,0,9,50,0,4026,4026,8,5,40,1,0,0,0,0
1270273,3,2021,2021,8,0,8,65,31,609,115,0,1,2,-33.768019,150.90455,7,0,2,1,1,0,0,0,2,0,7,60,2,14295,14295,3,5,5,3,0,0,0,0
1270303,3,2021,2021,6,5,5,3371,17,139,3342,0,1,2,-33.839764,151.209861,49,0,2,1,3,0,0,0,2,0,7,40,2,387,387,1,5,36,2,0,0,0,0
1270306,3,2021,2021,5,5,5,1104,14,460,962,0,1,3,-33.824906,150.989618,54,0,2,1,3,0,0,0,2,0,7,90,2,9859,9859,8,5,40,1,0,0,0,0
1270307,3,2021,2021,5,4,10,22,27,14,26,0,1,1,-35.002247,147.354786,75,1,0,0,0,0,0,0,0,0,7,100,1,14295,14295,3,34,0,2,0,0,0,0
1270309,3,2021,2021,5,0,9,40,27,148,34609,0,1,7,-36.051109,146.957773,0,2,1,1,3,0,0,0,0,0,0,60,0,4552,985,8,5,40,1,0,0,0,0
1270310,3,2021,2021,1,3,9,168,17,47,212,0,1,1,-35.25573,149.46479,58,1,0,1,3,0,0,0,0,0,7,100,2,1089,1089,7,0,40,1,0,0,0,0
1270312,3,2021,2021,1,5,5,4,31,123,34609,0,1,9,-33.842015,148.689873,51,2,1,1,3,0,3,4,2,0,7,50,0,775,775,4,10,5,2,0,0,0,0
1270314,3,2021,2021,1,5,8,2,31,609,34609,0,1,1,-33.751637,150.925457,7,0,2,1,3,0,0,0,2,0,7,50,0,9859,9859,1,5,12,2,0,0,0,0
1270315,3,2021,2021,1,0,4,10,31,87,34609,0,1,10,-28.805972,153.28059,39,2,1,1,3,0,0,0,2,0,15,50,0,6545,6545,4,0,13,2,0,0,0,0
1270317,3,2021,2021,5,0,7,36,27,39,83,0,1,1,-29.435964,153.345562,18,2,1,0,3,0,0,0,2,0,7,50,1,4552,5151,8,5,40,1,0,0,0,0
1270318,3,2021,2021,5,6,4,916,17,25,917,0,1,1,-30.791752,151.271766,70,1,0,1,3,0,0,0,2,0,7,100,2,9859,9859,8,0,40,1,0,0,0,0
1270319,3,2021,2021,5,5,8,30,27,32,39,0,1,1,-35.417154,149.380596,58,1,0,1,3,0,0,0,2,0,7,100,1,945,945,5,5,40,1,0,0,0,0
1270322,3,2021,2021,5,0,8,5,31,112,34609,0,1,10,-36.063834,146.928145,0,2,1,1,3,0,0,0,3,0,0,50,0,6545,6545,4,5,36,2,0,0,0,0
1270328,3,2021,2021,5,2,8,108,31,159,34609,0,1,1,-33.813102,151.086763,61,0,2,1,3,0,0,0,2,0,7,50,0,945,945,5,5,40,1,0,0,0,0
1270330,3,2021,2021,5,0,11,1,27,132,34609,0,1,1,-34.080439,151.094573,68,0,2,1,3,0,0,0,0,0,7,50,0,475,475,5,30,40,1,0,0,0,0
1270334,3,2021,2021,5,0,8,14,27,103,34609,0,1,1,-34.341959,148.340248,30,1,0,0,3,0,3,4,3,0,7,100,0,1957,4009,8,34,40,1,0,0,0,0
1270336,3,2021,2021,5,2,7,24,27,8,34609,0,1,9,-32.925267,151.408497,17,1,0,1,3,0,0,0,2,0,7,100,0,3775,3775,0,10,5,2,0,0,0,0
1270338,3,2021,2021,5,5,6,1,27,13,34609,0,1,10,-34.273329,146.112148,28,1,0,1,3,2,0,0,2,0,0,100,0,9859,9859,8,9,40,1,0,0,0,0
1270346,3,2021,2021,5,4,0,24,1,28,34609,0,1,1,-34.012956,151.069423,68,0,2,0,2,0,0,0,0,0,7,50,0,4552,5151,1,5,0,4,0,0,0,0
1270350,3,2021,2021,6,3,1,4,27,155,34609,0,1,1,-33.485763,151.333895,16,2,2,1,1,0,0,0,0,0,7,50,0,4026,4026,1,5,5,3,0,0,0,0
1270357,3,2021,2021,5,4,6,60,27,147,69,1,0,1,-33.869725,151.122839,14,0,2,1,2,0,0,0,2,0,7,60,2,1981,1981,4,5,36,2,0,0,0,0
1270358,3,2021,2021,5,4,8,2209,17,157,2205,0,1,9,-34.008482,151.110924,68,0,2,1,0,0,0,0,2,0,7,70,2,623,623,3,16,5,2,0,0,0,0
1270363,3,2021,2021,1,6,3,84,27,125,32,0,1,10,-33.824175,151.132814,61,0,2,1,1,0,0,0,2,2,7,60,1,5929,5929,1,9,5,2,0,0,0,0
1270372,3,2021,2021,5,4,3,12,31,41,19,0,1,1,-31.089342,150.899316,70,2,1,0,0,0,0,0,2,0,7,60,1,4552,5151,8,0,40,1,0,0,0,0
1270389,3,2021,2021,5,2,8,72,27,278,56,0,1,1,-33.785653,151.059021,54,0,2,0,2,0,3,4,0,0,7,60,2,3775,3775,0,5,5,2,0,0,0,0
1270408,3,2021,2021,6,6,8,2,31,42,34609,0,1,9,-33.914806,150.902588,41,0,2,1,2,0,0,0,0,0,0,50,0,9859,9859,1,5,10,2,0,0,0,0
1270419,3,2021,2021,5,4,8,12,31,29,34609,1,0,9,-33.726185,150.727039,55,0,2,0,1,0,0,0,2,0,0,50,0,2585,4009,8,5,40,1,0,0,0,0
1270425,3,2021,2021,1,5,8,512,17,9,441,0,1,1,-33.40565,149.480546,3,1,0,0,0,0,3,4,3,0,7,100,2,4552,5151,8,34,40,2,0,0,0,0
1270435,3,2021,2021,5,2,7,12,31,28,34609,1,0,9,-33.412925,149.564388,3,2,1,1,3,0,0,0,2,0,0,50,0,9859,9859,8,5,40,1,0,0,0,0
1270440,3,2021,2021,5,4,6,24,31,52,34609,0,1,1,-33.902218,151.266587,76,0,2,1,3,0,0,0,2,0,7,50,0,237,162,8,5,40,1,0,0,0,0
1270441,3,2021,2021,1,3,6,5,31,44,34609,0,1,1,-33.898244,150.969234,24,0,2,1,3,0,0,0,2,0,7,50,0,1391,1391,1,16,0,2,0,0,0,0
1270442,3,2021,2021,5,0,10,35,27,84,33,0,1,1,-33.778344,151.106759,61,0,2,1,3,0,0,0,0,0,7,60,1,9859,9859,8,5,40,1,0,0,0,0
1270448,3,2021,2021,1,1,9,33,27,35,34609,0,1,1,-35.349351,149.22429,58,2,1,1,3,0,0,3,0,0,7,50,0,9859,9859,1,21,5,2,0,0,0,0
1270449,3,2021,2021,1,6,8,128,27,61,133,0,1,1,-33.779662,150.652715,55,0,2,0,3,0,0,0,2,0,7,80,2,1089,1089,7,5,40,1,0,0,0,0
1270450,3,2021,2021,1,5,4,4,27,4,34609,0,1,1,-30.726791,152.962585,47,2,1,0,3,0,3,3,2,0,7,80,0,3775,3775,0,5,5,2,0,0,0,0
1270452,3,2021,2021,1,3,6,50,36,14,43,0,1,1,-36.450969,148.446437,65,2,1,0,3,0,3,4,2,0,7,80,2,273,957,5,21,40,1,0,0,0,0
1270477,3,2021,2021,8,0,9,33,1,234,139,0,1,10,-34.285485,146.027389,28,2,1,1,3,0,0,0,0,0,0,50,2,6545,6545,4,5,13,2,0,0,0,0
1270523,3,2021,2021,5,2,10,204,31,95,34609,0,1,10,-34.396969,150.896629,80,0,2,0,2,0,0,0,0,0,7,50,0,4552,5151,8,5,40,1,0,0,0,0
1270544,3,2021,2021,5,3,3,2,27,148,34609,0,1,1,-36.049301,146.938958,0,2,1,1,0,0,3,4,2,0,7,50,0,4026,4026,8,5,40,1,0,0,0,0
1270545,3,2021,2021,1,1,3,13,31,119,34609,0,1,1,-33.877086,151.167379,32,0,2,1,3,0,0,0,2,0,7,50,0,237,162,8,30,40,1,0,0,0,0
1270546,3,2021,2021,1,2,0,7,27,433,34609,0,1,1,-33.293692,149.093475,52,2,1,1,3,0,0,0,0,0,7,50,0,4026,4026,8,5,40,1,0,0,0,0
1270563,3,2021,2021,1,2,4,3371,17,149,3342,0,1,7,-33.356171,151.369359,16,2,2,1,3,0,0,0,2,0,0,60,2,1669,1669,3,5,0,2,0,0,0,0
1270566,3,2021,2021,8,0,4,4,27,22,34609,0,1,1,-35.985681,146.862687,27,1,0,0,3,0,3,1,2,0,7,100,0,1259,5151,8,5,40,1,0,0,0,0
1270569,3,2021,2021,1,5,5,10,27,3,34609,0,1,1,-33.693658,150.255875,8,2,2,1,3,0,0,0,2,0,7,70,0,1089,1089,7,0,40,1,0,0,0,0
1270570,3,2021,2021,1,4,6,2126,17,44,2149,0,1,2,-33.764341,150.634452,8,2,2,0,3,0,0,0,2,0,7,70,2,1259,5151,8,5,40,1,0,0,0,0
1270571,3,2021,2021,8,4,8,15,27,609,34609,0,1,9,-33.783826,150.906573,7,0,2,1,3,0,0,0,2,0,7,50,0,2852,2852,4,5,13,2,0,0,0,0
1270576,3,2021,2021,1,0,8,18,27,13,20,0,1,1,-33.69911,149.972982,40,1,0,0,3,0,0,0,0,0,7,100,2,1259,5151,8,5,40,1,0,0,0,0
1270579,3,2021,2021,5,3,6,115,27,138,114,0,1,10,-33.874302,151.273029,81,0,2,1,3,0,0,0,2,0,0,50,2,6545,6545,4,5,5,4,0,0,0,0
1270581,3,2021,2021,5,4,2,29,1,71,34609,0,1,9,-33.255363,151.550721,16,2,2,1,3,0,0,0,0,0,0,50,0,489,489,8,5,40,1,0,0,0,0
1270582,3,2021,2021,5,0,5,5,31,65,34609,0,1,1,-33.699705,151.306354,50,0,2,1,3,0,0,0,2,0,7,50,0,941,941,1,0,5,3,0,0,0,0
1270583,3,2021,2021,5,6,4,4,31,646,34609,0,1,1,-33.911613,151.039285,15,0,2,1,3,0,0,0,2,0,7,50,0,9859,9859,1,5,5,2,0,0,0,0
1270586,3,2021,2021,6,3,1,6,10,74,34609,0,1,7,-34.049924,150.760707,12,0,2,0,2,0,0,0,0,0,0,50,0,2585,4009,8,10,40,1,0,0,0,0
1270598,3,2021,2021,8,1,10,475,10,42,268,0,1,9,-33.885471,150.869766,24,0,2,1,1,0,0,0,0,2,7,70,2,2852,2852,4,21,5,2,0,0,0,0
1270604,3,2021,2021,1,3,10,49,31,83,157,0,1,2,-29.70324,152.940701,18,2,1,1,2,0,3,4,0,0,7,50,2,9859,9859,8,5,40,1,0,0,0,0
1270612,3,2021,2021,1,5,10,2209,17,18,2205,0,1,1,-35.679478,150.207799,23,1,0,0,0,0,0,0,0,0,7,100,2,4552,5151,8,5,40,1,0,0,0,0
1270615,3,2021,2021,1,0,9,5,27,35,34609,0,1,1,-35.344564,149.219597,58,2,1,1,2,0,0,0,0,0,7,50,0,9859,9859,1,30,0,2,0,0,0,0
1270629,3,2021,2021,1,3,7,296,27,187,293,0,1,10,-33.881886,150.977495,15,0,2,1,1,0,0,0,2,2,7,60,2,14295,14295,3,5,0,2,0,0,0,0
1270630,3,2021,2021,5,5,1,11,27,139,34,0,1,2,-33.839659,151.214105,49,0,2,1,0,0,2,6,0,0,7,50,1,9859,9859,1,0,5,2,0,0,0,0
1270642,3,2021,2021,8,2,1,22,31,45,34609,0,1,1,-33.889251,151.197901,69,0,2,1,1,0,0,0,0,0,7,40,0,9859,9859,1,5,5,2,0,0,0,0
1270643,3,2021,2021,6,1,10,7,31,226,34609,0,1,7,-33.774336,150.818579,7,0,2,1,2,0,0,0,0,0,0,50,0,1259,985,8,5,40,1,0,0,0,0
1270651,3,2021,2021,1,3,7,3371,17,10,3342,0,1,2,-28.431237,153.516756,72,1,0,0,0,0,0,3,2,0,7,110,2,2585,4009,8,10,40,1,0,0,0,0
1270653,3,2021,2021,6,2,10,5,27,10,34609,0,1,1,-32.394889,152.456439,43,2,1,0,2,0,3,4,0,0,7,80,0,4552,5151,8,10,40,1,0,0,0,0
1270658,3,2021,2021,1,2,9,4,1,112,34609,1,0,9,-36.060843,146.930574,0,2,1,1,2,0,0,6,3,0,7,50,0,4552,985,8,34,40,1,0,0,0,0
1270663,3,2021,2021,5,6,7,10,27,187,34609,0,1,1,-33.798601,150.991684,54,0,2,1,0,0,0,0,2,0,7,50,0,4026,4026,1,5,5,2,0,0,0,0
1270669,3,2021,2021,1,5,0,5,27,438,34609,0,1,1,-33.842892,151.02918,21,0,2,1,1,0,0,0,0,0,7,50,0,1282,1282,1,33,0,3,0,0,0,0
1270670,3,2021,2021,1,0,11,2,27,22,34609,0,1,1,-36.000506,146.890084,27,1,0,1,0,0,0,0,0,0,7,100,0,9859,9859,8,10,40,1,0,0,0,0
1270671,3,2021,2021,5,5,11,8,36,19,34609,0,1,1,-34.081364,150.782905,13,0,2,0,2,0,0,0,0,0,7,50,0,2585,4009,8,5,40,1,0,0,0,0
1270676,3,2021,2021,1,5,4,4,31,179,34609,0,1,1,-31.908772,152.460243,43,2,1,1,3,0,0,0,2,0,7,50,0,1109,787,1,5,0,2,0,0,0,0
1270679,3,2021,2021,1,4,7,118,27,646,118,0,1,1,-33.923335,151.030554,15,0,2,1,3,0,0,0,2,0,7,60,1,1282,1282,1,5,5,2,0,0,0,0
1270681,3,2021,2021,1,5,4,161,17,8,161,0,1,1,-36.245967,149.040656,65,1,0,1,3,0,0,0,2,0,7,100,2,4026,4026,8,19,40,1,0,0,0,0
1270682,3,2021,2021,1,2,2,1,1,131,34609,0,1,1,-33.781289,151.181201,36,0,2,1,3,0,0,0,0,0,7,50,0,1282,1282,1,5,5,2,0,0,0,0
1270697,3,2021,2021,6,6,8,195,27,15,186,0,1,9,-33.900328,150.855404,41,0,2,1,1,0,3,4,3,2,7,70,2,2852,2852,4,5,0,2,0,0,0,0