Crash ID,Degree of crash - detailed,Reporting year,Year of crash,Month of crash,Day of week of crash,Two-hour intervals,Street of crash,Street type,Town,Route no.,School zone location,School zone active,Type of location,Latitude,Longitude,LGA,Urbanisation,Conurbation 1,Alignment,Street lighting,Road surface,Surface condition,Weather,Natural lighting,Signals operation,Other traffic control,Speed limit,Road classification,RUM - code,DCA - code,First impact type,Key TU type,Other TU type,No. of traffic units involved,No. killed,No. seriously injured,No. moderately injured,No. minor-other injured
1270721,3,2021,2021,5,4,5,15,10,7,34609,0,1,9,-34.083947,151.143696,68,0,2,0,0,0,3,0,2,0,0,50,0,3775,3775,0,5,36,2,0,0,0,0
1270728,3,2021,2021,6,2,3,62,10,39,166,0,1,10,-33.243571,151.468691,16,2,2,1,3,0,0,0,1,2,7,70,2,5929,5929,1,5,5,2,0,0,0,0
1270740,3,2021,2021,8,3,1,3,27,15,34609,0,1,1,-33.069215,151.378769,37,0,2,1,0,2,0,0,0,0,7,80,0,9859,9859,8,34,40,1,0,0,0,0
1270741,3,2021,2021,8,1,11,43,27,46,29,0,1,9,-32.919323,151.677862,48,0,2,0,2,0,0,0,0,0,7,60,1,14295,14295,3,0,5,2,0,0,0,0
1270757,3,2021,2021,8,5,5,17,27,115,34609,0,1,1,-34.028506,151.072299,68,0,2,1,0,0,0,3,2,0,7,50,0,9859,9859,1,8,5,2,0,0,0,0
1270782,3,2021,2021,5,3,8,2,27,36,34609,0,1,1,-33.804844,150.944007,21,0,2,1,2,0,0,0,3,0,7,50,0,9859,9859,1,5,5,2,0,0,0,0
1270785,3,2021,2021,1,2,9,204,31,15,82,0,1,7,-35.149446,147.349439,75,2,1,1,2,0,0,0,0,0,0,60,1,6545,6545,4,5,5,2,0,0,0,0
1270787,3,2021,2021,5,4,8,9,31,66,34609,0,1,10,-34.481776,150.888934,80,0,2,0,2,0,0,0,0,0,7,50,0,4552,985,1,5,5,2,0,0,0,0
1270790,3,2021,2021,5,5,8,35,27,120,34609,0,1,1,-33.762604,150.869566,7,0,2,1,2,0,0,0,3,0,7,50,0,144,144,1,21,5,2,0,0,0,0
1270794,3,2021,2021,6,6,8,195,27,85,186,0,1,9,-33.900353,150.855595,41,0,2,1,2,0,0,0,3,2,7,70,2,2852,2852,4,33,0,2,0,0,0,0
1270807,3,2021,2021,5,0,11,28,10,43,34609,0,1,1,-33.559978,150.778682,29,2,2,1,2,0,0,0,0,0,7,60,0,4026,4026,8,34,40,1,0,0,0,0
1270810,3,2021,2021,5,5,3,213,17,11,213,0,1,11,-29.674468,152.840414,18,1,0,1,0,0,0,0,1,0,0,100,2,2852,2852,4,5,10,2,0,0,0,0
1270815,3,2021,2021,1,2,8,8,31,70,34609,0,1,1,-33.437483,151.354875,16,2,2,1,1,0,0,0,2,0,7,50,0,9859,9859,8,30,40,1,0,0,0,0
1270817,3,2021,2021,1,4,9,1,36,62,34609,0,1,1,-32.91596,151.631999,37,0,2,1,2,0,0,0,0,0,7,50,0,4026,4026,8,5,40,1,0,0,0,0
1270818,3,2021,2021,1,2,6,46,1,293,34609,0,1,1,-33.925516,151.051624,15,0,2,1,0,0,0,0,2,0,7,50,0,4026,4026,1,33,5,2,0,0,0,0
1270824,3,2021,2021,1,5,5,1052,14,207,928,0,1,3,-33.568768,151.192525,31,0,2,1,3,0,0,0,2,0,7,110,2,14295,14295,3,3,2,2,0,0,0,0
1270828,3,2021,2021,1,6,3,2209,17,68,2205,0,1,9,-34.092284,151.002367,68,0,2,1,3,0,0,0,1,0,7,60,2,14295,14295,3,21,12,7,0,0,0,0
1270832,3,2021,2021,5,6,4,3,27,3,34609,0,1,1,-28.819993,152.619257,51,1,0,0,0,0,0,0,2,0,7,100,0,1850,1463,5,29,40,1,0,0,0,0
1270847,3,2021,2021,1,2,11,3,1,145,19,0,1,9,-33.929922,151.124516,15,0,2,0,2,0,0,0,0,0,0,50,1,4552,5151,8,5,40,1,0,0,0,0
1270851,3,2021,2021,6,5,6,478,17,78,480,0,1,2,-33.417909,151.446912,16,2,2,0,0,0,3,4,2,0,7,60,2,1957,4009,8,5,40,1,0,0,0,0
1270858,3,2021,2021,6,4,8,1104,14,142,962,0,1,3,-33.827096,150.99436,54,0,2,1,0,0,3,4,3,0,7,90,2,14295,14295,3,0,5,2,0,0,0,0
1270860,3,2021,2021,6,0,4,12,27,151,34609,0,1,9,-34.031164,150.859474,13,0,2,1,3,0,3,0,2,0,0,60,0,14295,14295,3,30,0,3,0,0,0,0
1270867,3,2021,2021,8,5,3,62,27,7,166,0,1,1,-33.242278,151.447405,16,2,2,1,3,0,0,0,2,0,7,80,2,1391,1391,1,29,0,2,0,0,0,0
1270877,3,2021,2021,1,0,9,9,27,2,4,0,1,1,-35.864618,148.12795,66,1,0,0,3,2,0,0,0,0,7,100,1,1850,1463,5,10,40,1,0,0,0,0
1270883,3,2021,2021,1,1,5,296,27,283,293,0,1,9,-33.828889,151.004558,54,0,2,1,3,0,0,0,2,2,7,60,2,395,395,1,5,5,2,0,0,0,0
1270884,3,2021,2021,5,2,1,515,14,145,518,0,1,3,-33.936068,151.113486,15,0,2,1,2,0,0,0,0,0,7,80,2,9859,9859,8,5,40,1,0,0,0,0
1270886,3,2021,2021,1,1,8,2,27,1,34609,0,1,1,-31.719951,152.791561,56,2,1,1,3,2,0,0,0,0,7,60,0,945,945,5,5,40,1,0,0,0,0
1270888,3,2021,2021,1,5,10,56,31,218,34609,0,1,10,-33.769208,150.781364,55,0,2,1,3,0,0,0,0,0,15,50,0,6545,6545,4,34,5,2,0,0,0,0
1270889,3,2021,2021,1,0,7,150,27,309,415,0,1,9,-33.803198,151.113785,61,0,2,0,3,0,0,0,2,2,7,70,2,14295,14295,3,5,0,3,0,0,0,0
1270890,3,2021,2021,1,6,2,1,7,62,34609,0,1,1,-34.094804,150.810434,13,0,2,1,3,0,0,1,0,0,7,50,0,9859,9859,1,5,36,2,0,0,0,0
1270894,3,2021,2021,1,1,5,24,27,201,47,0,1,7,-33.988987,150.859595,13,0,2,1,3,0,0,0,2,0,0,60,1,945,945,5,5,40,1,0,0,0,0
1270899,3,2021,2021,1,2,5,60,27,239,167,0,1,9,-34.028207,151.120155,68,0,2,1,3,0,0,0,2,2,7,70,2,5929,5929,1,5,12,2,0,0,0,0
1270900,3,2021,2021,1,2,8,4,36,2,34609,0,1,9,-31.298859,152.544617,56,1,0,0,3,2,0,6,2,0,7,100,0,1850,1463,5,10,40,1,0,0,0,0
1270911,3,2021,2021,1,5,2,57,27,155,75,0,1,1,-33.494145,151.310509,16,2,2,1,2,0,0,0,1,0,7,60,1,9859,9859,1,33,5,2,0,0,0,0
1270922,3,2021,2021,1,4,3,204,31,77,34609,0,1,10,-32.563025,151.174502,64,2,1,1,3,0,0,0,2,0,0,50,0,1957,777,8,19,40,1,0,0,0,0
1270923,3,2021,2021,0,3,8,21,10,63,34609,0,1,9,-28.195072,153.506829,72,2,1,0,3,0,1,0,2,0,0,50,0,926,926,4,0,5,2,0,0,0,0
1270930,3,2021,2021,1,1,6,2261,17,284,2252,0,1,9,-33.90723,151.022781,15,0,2,1,3,0,0,0,2,0,7,60,2,14295,14295,3,8,5,2,0,0,0,0
1270932,3,2021,2021,1,0,5,7,31,316,34609,0,1,10,-31.431273,152.908274,56,2,1,1,3,0,0,0,2,2,7,50,0,1391,1391,1,5,5,2,0,0,0,0
1270933,3,2021,2021,1,5,6,13,31,137,34609,0,1,1,-32.961588,151.694854,37,0,2,1,3,0,0,0,2,0,7,50,0,941,941,1,5,0,2,0,0,0,0
1270934,3,2021,2021,1,0,8,26,31,194,34609,0,1,1,-30.509184,151.657371,1,2,1,1,3,0,0,0,3,0,7,50,0,1981,1981,4,10,5,2,0,0,0,0
1270936,3,2021,2021,5,0,2,85,31,95,34609,0,1,1,-34.396841,150.898064,80,0,2,0,2,0,0,0,0,0,7,50,0,2585,4009,1,10,5,5,0,0,0,0
1270941,3,2021,2021,5,6,6,916,17,61,917,0,1,10,-29.779968,151.73145,51,1,0,1,0,0,0,0,2,0,7,100,2,1669,1669,3,5,0,2,0,0,0,0
1270942,3,2021,2021,6,4,0,280,10,314,240,0,1,1,-33.855291,150.94559,24,0,2,1,2,0,0,0,0,0,7,60,2,4026,4026,8,30,40,1,0,0,0,0
1270950,3,2021,2021,1,0,10,3371,17,17,3342,0,1,2,-28.878738,153.487533,2,1,0,1,0,0,0,0,0,0,7,110,2,9859,9859,8,10,40,1,0,0,0,0
1270995,3,2021,2021,5,3,3,2209,17,7,2205,0,1,2,-35.107561,150.495085,63,1,0,0,3,0,0,0,2,0,7,100,2,2585,4009,8,5,40,1,0,0,0,0
1270996,3,2021,2021,1,0,10,8,31,460,34609,0,1,7,-33.828682,150.985633,21,0,2,1,3,0,0,0,2,0,0,50,0,6545,6545,4,5,0,2,0,0,0,0
1271000,3,2021,2021,6,1,1,3371,17,17,3342,0,1,2,-28.886721,153.483278,2,1,0,1,0,0,0,0,0,0,7,110,2,1945,1945,5,5,40,1,0,0,0,0
1271004,3,2021,2021,1,6,4,36,36,80,139,0,1,9,-34.533519,146.360799,51,1,0,1,3,0,0,1,2,0,0,100,2,14295,14295,3,10,13,2,0,0,0,0
1271020,3,2021,2021,1,3,9,2,27,87,34609,0,1,1,-33.071783,151.452774,37,0,2,1,3,0,0,0,0,0,7,50,0,9859,9859,1,5,5,3,0,0,0,0
1271021,3,2021,2021,6,2,0,7,10,23,34609,1,0,10,-32.87334,151.643944,48,0,2,0,2,0,0,0,0,2,7,60,0,1259,5151,8,0,40,1,0,0,0,0
1271024,3,2021,2021,6,2,11,3,31,197,34609,1,0,1,-33.947935,151.076335,25,0,2,1,2,0,0,0,0,0,7,50,0,4026,4026,1,10,5,3,0,0,0,0
1271034,3,2021,2021,5,6,9,23,10,9,174,0,1,2,-32.954081,151.480555,17,1,0,0,0,0,3,4,0,0,7,90,2,1259,5151,8,5,40,1,0,0,0,0
1271039,3,2021,2021,1,4,0,11,27,278,34609,0,1,1,-33.78769,151.045547,54,0,2,1,2,0,0,0,0,0,7,50,0,4026,4026,1,5,5,3,0,0,0,0
1271051,3,2021,2021,6,2,6,55,27,337,70,0,1,1,-33.712048,151.025629,31,0,2,1,1,0,0,0,2,0,7,60,2,14295,14295,3,5,5,3,0,0,0,0
1271057,3,2021,2021,1,6,6,25,27,21,34609,0,1,1,-34.380058,150.90786,80,0,2,1,3,0,0,0,2,0,7,60,0,14295,14295,3,30,13,2,0,0,0,0
1271069,3,2021,2021,1,6,3,168,10,387,260,0,1,2,-33.94512,151.186142,4,0,2,1,3,0,0,0,2,0,7,70,2,1192,1192,1,34,10,2,0,0,0,0
1271082,3,2021,2021,1,5,7,2,27,10,34609,0,1,1,-31.604191,149.020807,51,1,0,1,3,2,0,0,2,0,7,100,0,1089,1089,7,5,40,1,0,0,0,0
1271084,3,2021,2021,1,6,3,2209,17,68,2205,0,1,2,-34.097448,150.997584,68,0,2,1,3,0,0,0,1,0,7,100,2,101,101,8,10,13,2,0,0,0,0
1271085,3,2021,2021,1,4,3,3,27,9,34609,0,1,1,-33.530523,150.880239,29,2,2,0,3,0,0,0,2,0,7,80,0,4552,5151,8,5,40,1,0,0,0,0
1271086,3,2021,2021,3,1,6,82,27,3,31,0,1,1,-28.795908,153.1733,39,1,0,1,3,0,0,0,2,0,7,100,1,14295,14295,3,10,40,3,0,0,0,0
1271087,3,2021,2021,1,0,5,10,27,1,34609,0,1,1,-28.454991,153.191321,72,1,0,0,3,2,3,0,2,0,7,100,0,3775,3775,0,0,13,2,0,0,0,0
1271088,3,2021,2021,5,2,9,14,31,32,34609,0,1,1,-30.220376,151.671581,1,2,1,1,3,0,0,0,0,0,7,50,0,9859,9859,1,21,0,2,0,0,0,0
1271089,3,2021,2021,1,2,10,10,27,13,31,0,1,1,-35.942065,149.57459,58,1,0,0,3,2,0,0,0,0,7,100,1,380,714,5,0,40,1,0,0,0,0
1271090,3,2021,2021,1,1,3,2126,17,204,2149,0,1,2,-33.881939,151.13253,32,0,2,1,3,0,0,0,2,0,7,60,2,14295,14295,3,9,5,2,0,0,0,0
1271098,3,2021,2021,1,3,11,193,31,48,34609,0,1,1,-36.683888,149.845871,5,2,1,1,3,0,0,0,0,0,7,50,0,237,162,8,5,40,1,0,0,0,0
1271099,3,2021,2021,1,5,7,1,27,2,34609,0,1,1,-36.438133,149.837299,5,1,0,1,3,2,0,0,2,0,7,100,0,3775,3775,0,10,5,2,0,0,0,0
1271103,3,2021,2021,1,1,2,512,17,433,441,1,0,1,-33.291983,149.111473,52,2,1,1,3,0,0,0,0,0,7,50,2,4552,985,8,5,40,1,0,0,0,0
1271106,3,2021,2021,1,0,9,1,10,562,34609,0,1,1,-32.252842,148.595086,22,2,1,1,3,0,0,0,3,0,7,50,0,186,186,1,5,5,2,0,0,0,0
1271110,3,2021,2021,5,0,0,3,27,10,34609,0,1,1,-29.01966,153.309828,39,1,0,0,0,2,3,4,0,0,7,100,0,782,957,5,10,40,1,0,0,0,0
1271113,3,2021,2021,1,1,5,5,31,171,34609,0,1,1,-33.809073,150.978715,21,0,2,1,0,0,0,0,2,0,7,50,0,175,188,1,30,0,3,0,0,0,0
1271115,3,2021,2021,1,5,7,10,27,187,34609,0,1,1,-33.797724,150.991107,54,0,2,1,1,0,0,0,2,0,7,50,0,1282,1282,1,33,5,2,0,0,0,0
1271119,3,2021,2021,1,6,11,55,31,218,34609,0,1,1,-33.76721,150.786824,55,0,2,1,2,0,0,0,0,0,7,50,0,4026,4026,8,5,40,1,0,0,0,0
1271128,3,2021,2021,5,4,2,74,23,100,260,0,1,2,-33.961372,151.156144,4,0,2,1,2,0,0,0,1,0,7,60,2,9859,9859,1,33,5,2,0,0,0,0
1271131,3,2021,2021,1,5,3,251,27,29,212,0,1,9,-33.755056,151.27363,50,0,2,1,1,0,0,0,2,2,7,60,2,14295,14295,3,10,19,2,0,0,0,0
1271142,3,2021,2021,5,6,6,6,27,58,34609,0,1,4,-32.984807,151.677836,37,0,2,0,1,0,0,0,2,0,7,50,0,4552,5151,8,5,40,1,0,0,0,0
1271143,3,2021,2021,5,6,6,2,31,57,34609,0,1,9,-32.978616,151.686264,37,0,2,1,1,0,0,0,2,0,7,50,0,4552,985,1,5,36,2,0,0,0,0
1271168,3,2021,2021,5,5,8,18,27,193,34609,1,0,1,-33.789372,151.079589,61,0,2,1,0,0,0,0,3,0,7,50,0,9859,9859,1,5,5,3,0,0,0,0
1271173,3,2021,2021,6,5,0,1,36,119,34609,0,1,4,-33.866889,151.163771,32,0,2,1,2,0,3,3,0,0,7,20,0,9859,9859,8,5,40,1,0,0,0,0
1271183,3,2021,2021,1,3,9,8,27,5,7,0,1,1,-30.697598,150.489308,70,1,0,0,3,2,0,0,0,0,7,100,1,1850,1463,5,0,40,1,0,0,0,0
1271184,3,2021,2021,1,5,6,475,31,134,34609,0,1,10,-33.68001,150.865268,7,0,2,1,3,0,0,0,2,0,0,50,0,6545,6545,4,10,5,2,0,0,0,0
1271185,3,2021,2021,1,5,4,9,31,28,34609,0,1,10,-32.951127,151.625534,37,0,2,1,1,0,0,0,2,0,0,50,0,6545,6545,4,9,5,2,0,0,0,0
1271186,3,2021,2021,1,2,7,3371,17,11,3342,0,1,2,-31.747732,152.689781,43,1,0,0,3,0,0,0,2,0,7,110,2,4552,5151,8,5,40,1,0,0,0,0
1271189,3,2021,2021,6,4,7,485,27,323,769,0,1,2,-33.768209,150.998817,54,0,2,1,3,0,0,0,2,0,7,60,2,1391,1391,1,5,13,2,0,0,0,0
1271193,3,2021,2021,0,5,8,3371,17,44,3342,0,1,2,-30.563624,153.004593,6,1,0,1,3,0,0,0,2,0,7,110,2,9859,9859,8,5,40,1,0,0,0,0
1271196,3,2021,2021,1,3,7,2209,17,106,2205,0,1,7,-34.549279,150.78535,62,0,2,1,0,0,0,3,2,3,0,70,2,1192,1192,1,10,36,2,0,0,0,0
1271203,3,2021,2021,1,5,10,3,4,164,34609,0,1,1,-33.726027,150.900691,7,0,2,1,1,0,0,6,0,0,7,50,0,237,397,1,5,5,3,0,0,0,0
1271204,3,2021,2021,1,0,4,73,27,443,78,0,1,1,-33.906269,151.053452,15,0,2,1,1,0,0,0,2,0,7,60,2,4026,4026,1,0,5,2,0,0,0,0
1271206,3,2021,2021,1,4,8,475,31,532,75,0,1,10,-33.86918,151.21039,69,0,2,1,1,0,0,0,2,2,7,40,1,1391,1391,1,8,0,2,0,0,0,0
1271219,3,2021,2021,6,5,4,37,27,3,41,0,1,1,-28.925761,153.321027,39,1,0,0,0,0,3,4,2,0,7,100,1,782,957,5,29,40,1,0,0,0,0
1271224,3,2021,2021,8,1,1,387,27,91,331,0,1,1,-33.961743,151.079152,25,0,2,1,2,0,0,0,0,0,7,60,2,4026,4026,8,5,40,1,0,0,0,0
1271234,3,2021,2021,8,5,7,2126,17,84,2149,0,1,9,-33.817183,150.981024,21,0,2,0,1,0,0,0,2,2,7,60,2,5929,5929,1,0,13,2,0,0,0,0
1271236,3,2021,2021,8,1,4,2126,17,223,2149,0,1,10,-33.804825,150.927577,7,0,2,1,3,0,3,3,2,2,7,80,2,9859,9859,8,0,40,1,0,0,0,0
1271239,3,2021,2021,6,5,2,512,31,92,34609,0,1,1,-33.879841,150.970755,24,0,2,1,0,0,0,0,1,0,7,50,0,190,190,1,5,5,3,0,0,0,0
1271243,3,2021,2021,6,1,8,24,27,11,24,0,1,1,-28.318104,153.383162,72,2,1,1,3,0,0,0,3,0,7,80,1,1945,1945,5,5,40,1,0,0,0,0
1271246,3,2021,2021,6,1,10,12,1,134,34609,0,1,1,-33.978883,150.811028,12,0,2,1,2,0,0,0,0,0,7,50,0,190,190,1,0,5,2,0,0,0,0
1271248,3,2021,2021,8,6,3,73,27,443,78,0,1,10,-33.905503,151.048035,15,0,2,1,2,0,0,0,2,2,7,60,2,14295,14295,3,0,10,3,0,0,0,0
1271253,3,2021,2021,1,1,0,56,27,106,80,0,1,1,-33.884904,151.177527,69,0,2,1,2,0,0,0,0,0,7,40,2,9859,9859,8,5,40,1,0,0,0,0
1271262,3,2021,2021,5,0,8,330,23,150,112,0,1,2,-33.928213,151.232885,59,0,2,1,1,0,3,4,3,0,7,60,2,9859,9859,1,5,0,4,0,0,0,0
1271266,3,2021,2021,5,4,9,3371,17,27,3342,0,1,2,-30.151247,153.192655,19,1,0,1,0,0,0,0,0,0,7,110,2,1192,1192,1,5,5,2,0,0,0,0
1271272,3,2021,2021,1,4,3,9,27,2,34609,0,1,1,-35.082106,147.620574,75,1,0,1,3,0,3,3,2,0,7,100,0,1981,1981,4,8,13,2,0,0,0,0
1271274,3,2021,2021,1,1,8,916,17,5,917,0,1,1,-30.122763,151.695889,1,1,0,1,3,0,0,0,0,0,7,100,2,1089,1089,7,8,40,1,0,0,0,0
1271277,3,2021,2021,1,3,7,6,27,98,44,0,1,9,-33.73318,151.076579,31,0,2,1,3,0,0,0,2,0,7,50,1,775,775,4,5,13,2,0,0,0,0
1271279,3,2021,2021,1,3,7,3371,17,4,3342,0,1,2,-30.425041,153.021609,6,1,0,1,3,0,0,0,2,0,7,110,2,1192,1192,1,5,35,2,0,0,0,0
1271280,3,2021,2021,1,6,5,149,10,346,702,0,1,9,-33.875347,151.067121,67,0,2,1,3,0,0,0,2,2,7,80,2,14295,14295,3,10,5,2,0,0,0,0
1271294,3,2021,2021,1,3,2,10,31,41,34609,0,1,1,-35.122365,147.358884,75,2,1,1,2,0,0,1,0,0,7,50,0,9859,9859,1,5,5,2,0,0,0,0
1271301,3,2021,2021,1,1,7,36,27,10,72,0,1,1,-28.703242,153.502578,10,2,1,0,0,0,0,0,2,0,7,80,2,4552,5151,8,5,40,1,0,0,0,0
1271332,3,2021,2021,1,4,6,36,31,56,70,0,1,10,-33.7605,150.781173,55,0,2,1,3,0,0,0,2,2,7,60,1,1282,1282,1,0,40,2,0,0,0,0
1271333,3,2021,2021,1,0,10,12,31,9,34609,0,1,11,-29.464452,153.215854,18,2,1,0,3,0,0,0,0,0,0,50,0,4552,985,8,10,40,1,0,0,0,0
1271336,3,2021,2021,1,6,11,6,31,102,34609,0,1,9,-31.110918,150.918697,70,2,1,1,2,0,0,0,0,0,7,50,0,489,489,8,5,40,1,0,0,0,0
1271339,3,2021,2021,1,1,9,234,27,323,217,0,1,1,-33.751665,150.994165,71,0,2,1,3,0,0,0,0,0,7,60,2,14295,14295,3,5,5,3,0,0,0,0
1271340,3,2021,2021,5,1,10,60,27,253,331,0,1,1,-33.964816,151.100559,25,0,2,1,2,0,0,0,0,0,7,60,2,14295,14295,3,5,5,2,0,0,0,0
1271344,3,2021,2021,1,1,4,22,22,139,22,0,1,3,-33.842048,151.210489,49,0,2,1,2,0,0,0,2,0,7,80,2,84,84,8,34,40,1,0,0,0,0
1271351,3,2021,2021,1,2,6,125,27,290,103,0,1,9,-33.863453,151.009277,21,0,2,0,3,0,0,0,2,3,7,60,1,1850,1463,5,29,40,1,0,0,0,0
1271352,3,2021,2021,5,5,9,13,31,43,34609,0,1,10,-36.11212,144.759689,51,2,1,1,3,0,0,0,0,0,0,50,0,6545,6545,4,5,13,2,0,0,0,0
1271365,3,2021,2021,1,6,7,866,17,314,793,0,1,10,-33.851807,150.94275,24,0,2,1,3,0,0,0,2,2,7,70,2,515,515,1,8,5,2,0,0,0,0
1271366,3,2021,2021,6,6,2,13,27,36,39,0,1,1,-35.454827,149.791538,58,2,1,0,3,0,0,0,0,0,7,60,1,1957,4009,8,5,40,1,0,0,0,0
1271367,3,2021,2021,1,1,3,1104,14,218,962,0,1,3,-33.78379,150.768737,55,0,2,1,3,0,0,0,1,0,7,110,2,1192,1192,1,8,5,2,0,0,0,0
1271373,3,2021,2021,1,1,8,3371,17,44,3342,0,1,2,-32.448757,152.196512,43,1,0,1,3,0,0,0,3,0,7,110,2,14295,14295,3,8,13,2,0,0,0,0
1271391,3,2021,2021,8,3,11,191,27,370,68,0,1,2,-34.055599,150.81927,13,0,2,1,2,0,3,4,0,0,7,60,1,9859,9859,8,5,40,1,0,0,0,0
1271396,3,2021,2021,5,2,10,916,17,172,917,0,1,10,-32.746654,151.581581,42,2,1,1,2,0,0,0,0,2,7,60,2,1669,1669,3,5,5,2,0,0,0,0
1271407,3,2021,2021,8,2,6,485,27,52,769,0,1,2,-33.695682,150.92654,7,0,2,0,0,0,0,0,2,0,7,80,2,1282,1282,1,5,0,2,0,0,0,0
1271420,3,2021,2021,1,1,6,13,22,42,34609,1,0,1,-33.697063,150.946661,71,0,2,1,3,0,0,0,2,0,7,50,0,220,220,1,0,0,2,0,0,0,0
1271421,3,2021,2021,7,6,7,1,27,35,34609,0,1,9,-34.100443,150.795923,13,0,2,0,3,0,3,3,2,0,7,50,0,4552,5151,8,5,40,1,0,0,0,0
1271423,3,2021,2021,1,5,10,866,17,77,793,0,1,2,-33.732378,151.078602,31,0,2,1,3,0,3,4,0,0,7,70,2,1981,1981,4,5,5,2,0,0,0,0
1271439,3,2021,2021,1,5,10,475,31,169,41,0,1,10,-33.896138,151.206696,69,0,2,1,3,0,3,4,0,2,7,50,1,5929,5929,1,5,0,3,0,0,0,0
1271440,3,2021,2021,1,0,6,98,27,128,382,0,1,7,-33.639746,150.784272,29,2,2,0,3,0,0,0,2,0,0,80,2,1850,985,5,25,40,1,0,0,0,0
1271451,3,2021,2021,1,3,9,9,31,135,34609,0,1,9,-32.905062,151.738561,48,0,2,1,2,0,0,0,0,0,7,50,0,2585,777,1,5,36,2,0,0,0,0
1271487,3,2021,2021,1,2,9,1,27,2,34609,0,1,1,-28.742498,152.977007,60,1,0,0,0,0,0,1,0,0,7,100,0,4552,5151,8,10,40,1,0,0,0,0
1271499,3,2021,2021,6,6,5,37,31,523,198,0,1,10,-33.926236,150.922776,41,0,2,1,1,0,0,0,2,2,7,60,2,515,515,1,8,5,2,0,0,0,0
1271502,3,2021,2021,6,5,9,7,6,35,34609,0,1,9,-30.443557,152.895544,6,2,1,1,3,0,2,6,0,0,7,50,0,1957,777,1,10,12,3,0,0,0,0
1271512,3,2021,2021,6,5,3,56,27,323,38,0,1,9,-33.762847,150.99024,71,0,2,1,1,0,0,0,2,2,7,60,1,14295,14295,3,5,5,3,0,0,0,0
1271523,3,2021,2021,8,3,9,2,31,15,34609,0,1,10,-35.068492,150.651682,63,2,1,1,3,0,0,0,3,0,0,50,0,301,301,4,0,5,2,0,0,0,0
1271533,3,2021,2021,1,5,7,4,31,52,34609,0,1,2,-33.901378,151.266894,76,0,2,1,0,0,0,0,2,0,7,50,0,9859,9859,1,30,36,2,0,0,0,0
1271535,3,2021,2021,1,4,8,1,10,29,34609,0,1,1,-35.143879,147.334017,75,2,1,1,1,0,0,0,2,0,7,50,0,1282,1282,1,0,5,2,0,0,0,0
1271547,3,2021,2021,1,2,10,45,31,173,55,0,1,1,-33.87549,151.212375,69,0,2,1,2,0,0,0,0,0,7,40,1,248,248,1,5,19,2,0,0,0,0
1271553,3,2021,2021,8,1,9,3,27,21,34609,1,0,1,-33.70356,151.286461,50,0,2,0,3,0,0,0,0,0,7,50,0,4552,5151,8,5,40,1,0,0,0,0
1271559,3,2021,2021,1,4,4,34,31,96,34609,0,1,9,-33.382614,148.009821,51,2,1,1,3,0,0,0,2,0,7,50,0,1383,1383,1,9,0,2,0,0,0,0
1271561,3,2021,2021,5,1,4,11,7,304,34609,0,1,1,-33.921411,151.155953,32,0,2,1,1,0,0,0,2,0,7,50,0,4026,4026,1,10,5,2,0,0,0,0
1271564,3,2021,2021,1,4,10,2,27,9,34609,0,1,1,-32.911511,151.73256,48,0,2,1,2,0,0,0,0,0,7,50,0,4026,4026,8,0,40,1,0,0,0,0
1271576,3,2021,2021,1,6,8,26,27,73,115,0,1,1,-33.772546,151.18025,36,0,2,1,3,0,0,0,3,0,7,60,1,14295,14295,3,5,0,2,0,0,0,0
1271579,3,2021,2021,8,4,6,19,27,7,19,0,1,1,-33.335406,151.230988,16,1,2,1,3,0,0,0,2,0,7,100,1,323,323,1,8,36,2,0,0,0,0
1271585,3,2021,2021,6,0,0,109,36,8,108,0,1,1,-28.476267,153.513286,10,1,0,0,3,0,0,0,0,0,7,90,1,1957,4009,8,9,40,1,0,0,0,0
1271587,3,2021,2021,1,0,3,43,22,119,187,0,1,9,-33.871011,151.173089,32,0,2,1,3,0,0,0,2,2,7,60,2,14295,14295,3,5,19,2,0,0,0,0
1271589,3,2021,2021,1,6,4,83,31,532,21,1,0,10,-33.874214,151.205166,69,0,2,1,3,0,0,0,2,2,7,40,1,144,144,1,5,12,2,0,0,0,0
1271590,3,2021,2021,1,1,3,293,31,77,34609,0,1,1,-33.036564,151.664533,37,0,2,1,3,0,0,0,2,0,7,50,0,9859,9859,8,0,40,1,0,0,0,0
1271592,3,2021,2021,5,3,9,23,36,14,62,0,1,1,-30.129955,152.999802,19,1,0,0,3,0,0,0,2,0,7,100,1,782,957,5,0,40,1,0,0,0,0
1271595,3,2021,2021,1,0,9,13,31,271,34609,0,1,1,-33.950001,151.012367,15,0,2,1,3,0,0,0,0,0,7,50,0,204,204,1,5,5,2,0,0,0,0
1271599,3,2021,2021,1,1,6,89,17,58,173,1,0,9,-34.405832,150.890601,80,0,2,0,3,0,0,0,2,2,7,60,2,5929,5929,1,5,5,2,0,0,0,0
1271601,3,2021,2021,1,6,7,2126,17,363,2149,0,1,9,-33.750624,150.695951,55,0,2,0,3,0,0,0,2,2,7,50,2,5929,5929,1,5,5,2,0,0,0,0
1271602,3,2021,2021,1,5,7,17,27,41,96,0,1,9,-32.970727,151.638066,37,0,2,1,3,0,3,4,2,2,7,60,2,945,945,5,5,40,1,0,0,0,0
1271603,3,2021,2021,1,6,2,9,27,5,34609,0,1,1,-33.191286,149.719908,3,1,0,0,3,0,3,4,0,0,7,100,0,1850,1463,5,30,40,1,0,0,0,0