Crash ID,Degree of crash - detailed,Reporting year,Year of crash,Month of crash,Day of week of crash,Two-hour intervals,Street of crash,Street type,Town,Route no.,School zone location,School zone active,Type of location,Latitude,Longitude,LGA,Urbanisation,Conurbation 1,Alignment,Street lighting,Road surface,Surface condition,Weather,Natural lighting,Signals operation,Other traffic control,Speed limit,Road classification,RUM - code,DCA - code,First impact type,Key TU type,Other TU type,No. of traffic units involved,No. killed,No. seriously injured,No. moderately injured,No. minor-other injured
1271607,3,2021,2021,1,5,4,13,27,118,34609,0,1,9,-33.414547,151.300079,16,2,2,0,3,0,3,4,2,0,7,50,0,63,63,4,10,41,2,0,0,0,0
1271608,3,2021,2021,5,0,5,1104,14,223,962,0,1,3,-33.803587,150.901388,7,0,2,1,3,0,0,0,2,0,7,100,2,404,404,8,8,40,4,0,0,0,0
1271610,3,2021,2021,1,2,8,91,27,119,187,0,1,10,-33.874804,151.155154,32,0,2,1,3,0,0,0,2,2,7,70,2,623,623,3,5,5,2,0,0,0,0
1271611,3,2021,2021,1,1,11,25,27,87,100,0,1,7,-34.484754,150.415835,78,2,1,1,3,0,3,4,0,0,0,50,2,5929,5929,1,5,5,2,0,0,0,0
1271612,3,2021,2021,1,5,3,2,6,223,34609,0,1,9,-33.80994,150.917538,7,0,2,1,3,0,3,4,1,0,0,60,0,1850,985,5,29,40,1,0,0,0,0
1271614,3,2021,2021,1,3,2,113,27,113,111,0,1,2,-33.821358,150.776139,55,0,2,1,3,0,0,0,0,0,7,80,2,1089,1089,7,0,40,1,0,0,0,0
1271617,3,2021,2021,1,2,5,3371,17,131,3342,0,1,2,-33.787621,151.179181,77,0,2,1,3,0,0,0,2,0,7,60,2,2585,777,8,5,40,1,0,0,0,0
1271619,3,2021,2021,5,6,5,40,31,219,262,0,1,10,-32.907438,151.665272,48,0,2,1,3,0,0,0,2,2,7,60,2,2852,2852,4,5,19,2,0,0,0,0
1271632,3,2021,2021,6,3,1,17,10,39,34609,0,1,1,-32.883991,151.666339,48,0,2,0,2,0,0,0,0,0,7,50,0,1259,5151,8,5,40,1,0,0,0,0
1271642,3,2021,2021,8,5,2,213,17,113,213,0,1,10,-29.46048,149.835888,51,2,1,1,2,0,0,0,0,0,0,50,2,6545,6545,4,0,32,2,0,0,0,0
1271664,3,2021,2021,1,0,10,3,27,3,34609,0,1,9,-31.732059,152.651915,43,2,1,0,0,0,0,0,0,0,0,80,0,4552,5151,8,30,40,1,0,0,0,0
1271689,3,2021,2021,1,4,10,15,31,346,38,0,1,1,-33.875113,151.096814,9,0,2,1,3,0,0,0,0,0,7,50,1,5929,5929,1,5,5,2,0,0,0,0
1271691,3,2021,2021,1,6,3,230,27,84,284,0,1,2,-33.778045,151.108478,61,0,2,1,3,0,0,0,2,0,7,70,2,14295,14295,3,5,0,2,0,0,0,0
1271693,3,2021,2021,1,2,6,20,1,193,34609,0,1,9,-33.790293,151.067984,54,0,2,1,3,0,0,0,2,0,7,50,0,5929,5929,1,5,19,2,0,0,0,0
1271697,3,2021,2021,1,5,9,26,31,194,34609,0,1,1,-30.507021,151.649637,1,2,1,1,3,0,0,0,3,0,7,50,0,9859,9859,1,34,0,2,0,0,0,0
1271699,3,2021,2021,1,2,2,2126,17,23,2149,0,1,2,-33.446045,149.993625,40,1,0,0,3,0,0,3,0,0,7,100,2,1259,5151,8,0,40,1,0,0,0,0
1271703,3,2021,2021,1,0,8,500,27,129,799,0,1,9,-33.926181,151.084262,15,0,2,1,3,0,0,3,2,0,0,60,2,775,775,4,30,5,2,0,0,0,0
1271704,3,2021,2021,1,4,9,1,27,21,34609,0,1,1,-35.712498,148.051357,66,1,0,0,3,0,0,0,0,0,7,100,0,380,714,5,10,40,1,0,0,0,0
1271705,3,2021,2021,1,3,2,6,27,27,34609,0,1,1,-33.239337,151.247177,16,2,2,0,3,0,0,0,1,0,7,80,0,4552,5151,8,9,40,1,0,0,0,0
1271706,3,2021,2021,1,2,8,24,31,169,34609,0,1,9,-33.596294,150.753871,29,2,2,1,3,0,0,0,3,0,0,50,0,5929,5929,1,0,0,2,0,0,0,0
1271707,3,2021,2021,1,5,5,117,1,70,121,0,1,10,-34.037071,151.079865,68,0,2,1,3,0,3,4,2,2,7,60,1,6545,6545,4,5,0,2,0,0,0,0
1271708,3,2021,2021,1,0,5,21,27,74,34609,0,1,2,-34.044752,150.79793,13,0,2,1,3,0,0,0,2,0,7,70,0,1383,1383,1,9,12,2,0,0,0,0
1271709,3,2021,2021,5,5,5,14,31,69,23,0,1,10,-28.553415,153.500812,10,2,1,1,3,0,0,0,2,0,7,50,1,248,248,1,0,5,2,0,0,0,0
1271710,3,2021,2021,1,5,5,21,1,134,34609,0,1,10,-33.515488,151.313034,16,2,2,1,3,0,0,0,2,0,0,50,0,301,301,4,5,5,2,0,0,0,0
1271712,3,2021,2021,1,3,5,1,27,144,34609,0,1,1,-34.054219,151.013184,68,0,2,1,3,0,0,0,2,0,7,50,0,175,188,1,4,0,2,0,0,0,0
1271714,3,2021,2021,1,2,0,4,7,22,34609,0,1,1,-33.641159,150.801414,29,2,2,0,3,0,0,0,0,0,7,50,0,248,248,1,9,5,2,0,0,0,0
1271715,3,2021,2021,1,2,10,1,27,65,34609,0,1,1,-33.692998,151.284744,50,0,2,1,3,0,2,2,0,0,7,50,0,175,188,1,10,0,2,0,0,0,0
1271716,3,2021,2021,1,2,9,2,18,48,34609,0,1,1,-33.907972,147.190086,51,1,0,1,3,0,0,0,0,0,7,100,0,9859,9859,8,5,40,1,0,0,0,0
1271717,3,2021,2021,1,5,8,3371,17,90,3342,0,1,2,-28.230784,153.560477,72,1,0,0,3,0,0,0,3,0,7,100,2,2585,4009,8,34,40,1,0,0,0,0
1271727,3,2021,2021,1,6,5,118,17,3,118,0,1,9,-30.86697,150.145944,51,1,0,0,3,0,0,0,2,0,0,100,2,2585,4009,8,29,40,1,0,0,0,0
1271743,3,2021,2021,1,2,0,24,27,246,99,0,1,1,-33.905666,151.192305,69,0,2,1,3,0,0,0,0,0,7,60,2,3775,3775,0,8,5,2,0,0,0,0
1271744,3,2021,2021,1,0,9,26,27,149,34609,0,1,1,-33.358738,151.338318,16,2,2,0,0,0,0,0,0,0,7,80,0,4552,5151,1,10,13,3,0,0,0,0
1271746,3,2021,2021,1,3,1,512,17,17,441,0,1,2,-33.432613,149.343445,3,1,0,1,3,0,0,0,0,0,7,100,2,4026,4026,8,29,40,1,0,0,0,0
1271749,3,2021,2021,1,0,6,1,27,3,34609,0,1,1,-33.739132,146.841757,51,1,0,0,3,2,0,0,2,0,7,100,0,1259,5151,8,10,40,1,0,0,0,0
1271750,3,2021,2021,1,2,8,68,27,110,67,0,1,1,-33.784208,151.009008,54,0,2,0,3,0,0,0,3,0,7,60,1,4552,5151,1,0,36,2,0,0,0,0
1271751,3,2021,2021,1,3,8,13,31,166,34609,0,1,10,-33.424682,149.578999,3,2,1,1,3,0,0,0,0,0,0,50,0,14295,14295,3,10,13,2,0,0,0,0
1271752,3,2021,2021,1,0,1,5,27,151,34609,0,1,1,-34.043105,150.846275,13,0,2,1,3,0,0,0,0,0,7,60,0,1282,1282,1,30,40,1,0,0,0,0
1271753,3,2021,2021,8,0,5,22,10,165,34609,0,1,1,-33.859333,151.155659,14,0,2,0,3,0,0,3,2,0,7,40,0,1957,4009,8,30,40,1,0,0,0,0
1271754,3,2021,2021,1,0,2,30,31,90,34609,0,1,1,-33.704493,150.3087,8,2,2,1,3,0,0,0,1,0,7,50,0,9859,9859,1,21,0,3,0,0,0,0
1271757,3,2021,2021,1,6,7,59,10,84,231,0,1,10,-33.474106,151.394608,16,2,2,1,3,0,0,0,2,0,0,60,2,1391,1391,1,8,5,2,0,0,0,0
1271772,3,2021,2021,1,5,4,52,31,99,34609,0,1,1,-33.887442,151.267618,76,0,2,1,1,0,0,0,2,0,7,50,0,9859,9859,1,5,5,2,0,0,0,0
1271790,3,2021,2021,6,6,4,2209,17,35,2205,0,1,2,-34.050662,151.051069,68,0,2,1,3,0,3,3,2,0,7,80,2,9859,9859,8,0,40,1,0,0,0,0
1271834,3,2021,2021,1,5,1,512,17,11,441,0,1,1,-32.985632,148.867099,11,1,0,0,3,0,3,4,0,0,7,100,2,380,714,5,9,40,1,0,0,0,0
1271840,3,2021,2021,1,4,1,8,24,28,34609,0,1,7,-35.139717,147.340861,75,2,1,1,3,0,0,0,0,0,0,70,0,2585,777,8,5,40,1,0,0,0,0
1271843,3,2021,2021,1,2,7,5,10,38,34609,0,1,1,-30.261945,153.13068,19,2,1,0,3,0,0,0,2,0,7,50,0,4552,5151,8,0,40,1,0,0,0,0
1271845,3,2021,2021,1,3,11,334,17,316,308,0,1,7,-31.448409,152.879327,56,2,1,0,2,0,0,0,0,0,0,70,2,4552,5151,8,34,40,1,0,0,0,0
1271847,3,2021,2021,1,5,9,84,27,252,31,0,1,7,-33.944305,150.882385,41,0,2,1,3,0,0,0,0,0,0,60,1,14295,14295,3,9,13,2,0,0,0,0
1271854,3,2021,2021,1,1,4,18,31,166,34609,0,1,1,-33.412803,149.577115,3,2,1,1,3,0,0,0,2,0,7,50,0,9859,9859,1,5,5,2,0,0,0,0
1271857,3,2021,2021,1,4,6,78,27,284,61,0,1,1,-33.899693,151.021847,15,0,2,1,3,0,0,0,2,0,7,60,1,9859,9859,1,5,5,3,0,0,0,0
1271858,3,2021,2021,1,4,4,2209,17,115,2205,0,1,10,-33.915489,151.174542,32,0,2,1,3,0,0,0,2,2,7,60,2,6545,6545,4,0,36,2,0,0,0,0
1271861,3,2021,2021,1,5,9,2,1,165,34609,0,1,9,-33.853931,151.143924,14,0,2,1,3,0,3,4,3,0,7,50,0,4552,985,8,5,40,1,0,0,0,0
1271867,3,2021,2021,1,3,9,2126,17,445,2149,0,1,1,-33.850244,151.052624,21,0,2,1,2,0,0,0,0,0,7,60,2,623,623,3,33,0,2,0,0,0,0
1271870,3,2021,2021,1,0,0,2,27,98,260,0,1,2,-33.015644,151.587787,37,0,2,0,2,0,0,0,0,0,7,60,2,4552,5151,1,5,12,3,0,0,0,0
1271872,3,2021,2021,1,6,1,916,17,165,917,0,1,2,-32.351076,150.960197,46,1,0,0,0,0,0,0,0,0,7,100,2,4552,5151,8,29,40,1,0,0,0,0
1271873,3,2021,2021,1,6,8,1052,14,160,928,0,1,3,-33.110066,151.461726,37,0,2,0,0,0,0,3,2,0,7,110,2,14295,14295,3,5,13,3,0,0,0,0
1271891,3,2021,2021,1,1,7,280,10,127,240,0,1,1,-33.84338,150.862985,24,0,2,1,0,0,0,0,2,0,7,70,2,1981,1981,4,8,5,2,0,0,0,0
1271892,3,2021,2021,1,0,11,1,31,163,34609,0,1,1,-33.859107,151.113459,14,0,2,1,2,0,0,0,0,0,7,50,0,9859,9859,1,5,5,3,0,0,0,0
1271897,3,2021,2021,1,2,9,13,27,132,17,0,1,1,-29.702718,151.079695,33,1,0,0,0,0,0,0,3,0,7,100,1,1089,1089,7,30,40,1,0,0,0,0
1271903,3,2021,2021,1,0,7,9,31,78,30,0,1,9,-28.326258,153.395065,72,2,1,1,1,0,0,0,2,0,9,50,1,489,489,8,10,40,1,0,0,0,0
1271908,3,2021,2021,1,0,5,55,27,337,34609,1,0,9,-33.732632,151.011323,71,0,2,1,1,0,0,0,2,0,7,50,0,1259,985,8,0,40,1,0,0,0,0
1271918,3,2021,2021,8,4,5,230,27,47,284,0,1,2,-33.805011,151.148674,38,0,2,1,1,0,0,0,2,0,7,70,2,1109,787,1,0,5,2,0,0,0,0
1271923,3,2021,2021,1,5,0,31,31,433,34609,0,1,9,-33.269885,149.091428,52,2,1,1,2,0,3,4,0,0,7,50,0,418,777,5,5,40,1,0,0,0,0
1271926,3,2021,2021,1,3,3,23,31,115,34609,0,1,1,-34.029104,151.077613,68,0,2,1,1,0,0,0,2,0,7,50,0,9859,9859,1,9,12,3,0,0,0,0
1271941,3,2021,2021,5,3,6,4,31,293,34609,0,1,1,-33.937686,151.243833,59,0,2,1,3,0,0,0,2,0,7,50,0,941,941,1,0,18,2,0,0,0,0
1271950,3,2021,2021,5,4,1,4,10,73,34609,0,1,1,-33.834377,151.084284,14,0,2,0,2,0,3,1,0,0,7,50,0,2585,4009,8,5,40,1,0,0,0,0
1271963,3,2021,2021,1,6,8,515,14,243,518,0,1,3,-33.965241,150.875182,41,0,2,1,3,0,0,0,2,0,7,100,2,9859,9859,8,5,40,1,0,0,0,0
1271980,3,2021,2021,1,3,0,512,17,433,441,0,1,1,-33.293666,149.11386,52,2,1,1,3,0,0,0,0,0,7,50,2,4026,4026,8,0,40,1,0,0,0,0
1271984,3,2021,2021,1,4,6,171,23,99,34609,0,1,1,-33.894109,151.273136,76,0,2,1,3,0,0,0,2,0,7,50,0,9859,9859,1,10,0,4,0,0,0,0
1271986,3,2021,2021,1,1,5,1104,11,532,770,0,1,10,-33.868795,151.203604,69,0,2,1,3,0,0,0,2,2,7,50,2,6545,6545,4,5,0,2,0,0,0,0
1271999,3,2021,2021,8,1,11,2126,17,283,2149,0,1,10,-33.827628,151.004935,54,0,2,1,2,0,0,0,0,2,7,40,2,190,190,1,0,13,2,0,0,0,0
1272002,3,2021,2021,6,4,8,2126,17,363,2149,0,1,2,-33.820242,151.003673,54,0,2,1,2,0,3,4,0,0,7,60,2,1282,1282,1,5,0,2,0,0,0,0
1272012,3,2021,2021,5,6,7,2126,17,27,2149,1,2,9,-33.591031,150.255301,8,2,2,1,1,0,0,0,2,0,0,40,2,6545,6545,4,0,5,2,0,0,0,0
1272020,3,2021,2021,5,0,7,512,17,562,441,0,1,9,-32.2582,148.636986,22,2,1,1,3,0,3,4,2,0,0,70,2,5929,5929,1,0,25,2,0,0,0,0
1272025,3,2021,2021,1,1,2,3,31,64,34609,0,1,1,-33.471915,150.170006,40,2,1,0,3,0,0,0,0,0,7,50,0,4552,5151,1,0,5,4,0,0,0,0
1272027,3,2021,2021,1,5,8,1052,14,57,928,0,1,3,-33.680206,151.12041,31,0,2,1,3,0,3,4,3,0,7,110,2,4026,4026,8,9,40,1,0,0,0,0
1272028,3,2021,2021,1,3,8,16,31,48,34609,0,1,7,-28.257494,153.578166,72,2,1,1,3,0,0,0,2,0,0,50,0,14295,14295,3,21,5,3,0,0,0,0
1272030,3,2021,2021,11,4,8,15,27,247,38,0,1,1,-33.817136,150.933988,21,0,2,1,3,0,0,0,3,0,7,60,2,1981,1981,4,10,13,2,0,0,0,0
1272031,3,2021,2021,1,5,8,4,23,18,34609,0,1,1,-32.900846,151.710144,48,0,2,1,3,2,0,0,3,0,7,50,0,1282,1282,1,5,40,1,0,0,0,0
1272032,3,2021,2021,1,5,11,12,31,284,34609,0,1,1,-33.910553,151.008544,15,0,2,1,3,0,0,0,0,0,7,50,0,9859,9859,1,0,5,2,0,0,0,0
1272041,3,2021,2021,1,5,2,344,27,42,163,0,1,9,-33.74017,150.862502,7,0,2,1,3,0,3,4,1,2,15,70,2,623,623,3,10,10,2,0,0,0,0
1272042,3,2021,2021,8,4,9,35,27,8,49,0,1,1,-31.282072,150.693351,51,1,0,1,3,0,0,3,3,0,7,100,1,1089,1089,7,10,40,1,0,0,0,0
1272045,3,2021,2021,11,6,5,77,10,43,331,0,1,1,-34.127511,150.690839,79,2,2,0,0,0,0,0,2,0,7,80,1,1957,4009,8,8,40,1,0,0,0,0
1272048,3,2021,2021,6,0,6,8,27,8,34609,0,1,10,-28.847961,153.356311,39,2,1,1,0,0,0,3,2,0,15,40,0,6545,6545,4,30,13,2,0,0,0,0
1272061,3,2021,2021,5,4,6,348,17,35,232,0,1,1,-30.076897,148.105734,51,1,0,1,0,0,2,6,2,0,7,110,2,4026,4026,8,0,40,1,0,0,0,0
1272073,3,2021,2021,1,0,11,37,31,44,34609,1,0,1,-33.752141,150.729658,55,0,2,1,2,0,0,0,0,0,7,50,0,945,945,5,5,40,1,0,0,0,0
1272088,3,2021,2021,1,5,8,9,31,117,34609,0,1,1,-28.174668,153.53889,72,2,1,1,0,0,0,0,3,0,7,50,0,9859,9859,1,5,5,2,0,0,0,0
1272092,3,2021,2021,1,6,0,2126,17,363,2149,0,1,1,-33.751532,150.701151,55,0,2,0,2,0,0,0,0,0,7,50,2,4552,5151,8,5,40,1,0,0,0,0
1272095,3,2021,2021,1,1,10,133,31,49,34609,0,1,2,-33.945546,151.20947,4,0,2,1,3,0,0,0,0,0,7,50,0,4026,4026,8,30,40,1,0,0,0,0
1272096,3,2021,2021,1,2,10,213,17,13,213,0,1,1,-29.573523,150.40864,51,1,0,1,3,0,0,0,0,0,7,100,2,945,945,5,10,40,1,0,0,0,0
1272102,3,2021,2021,1,6,5,31,1,234,139,0,1,2,-34.287641,146.044394,28,2,1,1,3,0,0,0,2,0,7,50,2,248,248,1,5,5,2,0,0,0,0
1272103,3,2021,2021,1,2,4,12,10,16,34609,0,1,9,-33.172221,151.587469,16,2,2,1,3,0,0,0,2,0,7,80,0,1109,397,1,0,13,2,0,0,0,0
1272104,3,2021,2021,1,4,1,3371,17,463,3342,0,1,2,-30.274832,153.134369,19,2,1,0,3,0,0,0,0,0,7,60,2,4552,5151,8,30,40,1,0,0,0,0
1272109,3,2021,2021,1,3,9,40,31,49,24,0,1,1,-33.954343,151.223573,4,0,2,1,3,0,0,0,3,0,7,60,2,515,515,1,9,0,2,0,0,0,0
1272110,3,2021,2021,1,2,8,387,27,290,331,0,1,9,-33.952479,151.122719,4,0,2,1,3,0,0,0,2,2,7,60,2,5929,5929,1,5,5,2,0,0,0,0
1272113,3,2021,2021,11,4,5,106,27,22,106,0,1,9,-33.927186,150.871718,41,0,2,1,3,0,0,0,2,2,7,70,2,14295,14295,3,5,12,2,0,0,0,0
1272121,3,2021,2021,1,0,5,8,31,111,34609,0,1,1,-33.925714,151.249887,59,0,2,1,1,0,0,0,2,0,7,50,0,9859,9859,1,33,5,2,0,0,0,0
1272147,3,2021,2021,1,4,9,3371,17,43,3342,0,1,2,-30.476273,152.997627,6,1,0,0,0,0,0,0,0,0,7,110,2,1383,1383,1,10,5,2,0,0,0,0
1272152,3,2021,2021,1,0,6,24,31,119,34609,0,1,1,-33.874213,151.1671,32,0,2,1,3,0,0,0,2,0,7,50,0,220,220,1,5,10,2,0,0,0,0
1272159,3,2021,2021,11,0,6,3371,17,57,3342,0,1,2,-28.635921,153.548939,10,1,0,0,3,0,3,3,2,0,7,110,2,1850,1463,5,10,40,1,0,0,0,0
1272169,3,2021,2021,1,3,8,29,1,64,52,0,1,7,-33.71274,150.756063,55,0,2,1,3,0,0,0,2,0,0,60,1,301,301,4,5,0,2,0,0,0,0
1272176,3,2021,2021,5,0,10,8,27,33,34609,0,1,1,-33.968559,151.039078,15,0,2,1,2,0,3,0,0,0,7,50,0,4026,4026,1,5,0,2,0,0,0,0
1272185,3,2021,2021,5,3,10,344,27,61,163,0,1,9,-33.75182,150.886899,7,0,2,1,2,0,0,0,0,2,9,60,2,3775,3775,0,5,5,2,0,0,0,0
1272186,3,2021,2021,1,0,8,9,31,55,34609,0,1,1,-33.932018,150.896301,41,0,2,1,0,0,0,0,2,0,7,50,0,387,387,1,5,0,2,0,0,0,0
1272187,3,2021,2021,1,0,5,1,31,155,34609,0,1,1,-33.130448,148.192995,53,2,1,0,3,0,0,0,2,0,7,50,0,1957,4009,8,5,40,1,0,0,0,0
1272192,3,2021,2021,1,1,11,294,17,18,288,0,1,1,-35.122757,147.302538,75,1,0,0,0,0,0,0,0,0,7,100,2,4552,5151,8,10,40,1,0,0,0,0
1272194,3,2021,2021,1,0,11,3,31,70,34609,0,1,1,-33.252143,151.503448,16,2,2,1,0,0,0,0,0,0,7,50,0,4026,4026,1,5,25,2,0,0,0,0
1272196,3,2021,2021,1,2,8,17,31,119,34609,0,1,1,-32.759147,151.745333,57,2,1,1,3,0,2,6,2,0,7,50,0,1282,1282,1,5,40,1,0,0,0,0
1272222,3,2021,2021,11,4,3,14,1,167,34609,0,1,9,-33.845089,151.060318,54,0,2,1,3,0,0,0,2,2,7,60,0,5929,5929,1,0,13,2,0,0,0,0
1272224,3,2021,2021,1,1,10,6,31,90,34609,0,1,10,-33.720631,150.307663,8,2,2,1,2,0,3,4,0,0,0,50,0,2585,777,8,5,40,1,0,0,0,0
1272231,3,2021,2021,11,6,7,93,10,77,42,0,1,10,-32.943024,151.757284,48,0,2,1,3,0,0,0,2,0,0,50,1,6545,6545,4,5,5,2,0,0,0,0
1272235,3,2021,2021,11,2,3,2261,17,93,2252,0,1,2,-36.092621,146.923368,0,1,0,0,3,0,3,4,1,0,7,110,2,2585,4009,8,5,40,1,0,0,0,0
1272240,3,2021,2021,1,4,7,283,27,91,702,0,1,1,-33.958256,151.088238,25,0,2,1,3,0,0,3,2,0,7,60,2,9859,9859,8,9,40,1,0,0,0,0
1272242,3,2021,2021,11,6,8,10,1,89,34609,0,1,7,-33.386616,151.462479,16,2,2,1,3,0,0,0,2,0,0,50,0,1669,1669,3,5,5,2,0,0,0,0
1272243,3,2021,2021,11,6,10,125,27,57,123,0,1,2,-33.342094,151.428752,16,2,2,0,3,0,0,0,0,0,7,70,2,1957,4009,8,5,40,1,0,0,0,0
1272244,3,2021,2021,11,0,11,4,10,42,34609,0,1,1,-34.031278,151.213547,68,0,2,0,3,0,0,0,0,0,7,50,0,4552,5151,8,5,40,1,0,0,0,0
1272247,3,2021,2021,11,1,6,16,31,215,34609,0,1,7,-35.11275,147.360858,75,2,1,1,3,0,0,0,2,0,0,50,0,5929,5929,1,5,13,2,0,0,0,0
1272254,3,2021,2021,11,0,11,2,27,3,34609,0,1,9,-30.931876,150.054164,51,1,0,1,3,0,0,0,0,0,7,100,0,489,489,8,10,40,1,0,0,0,0
1272256,3,2021,2021,6,4,9,27,27,294,27,0,1,1,-33.932692,150.953861,41,0,2,1,2,0,0,0,0,0,7,60,1,9859,9859,1,10,5,3,0,0,0,0
1272258,3,2021,2021,5,6,5,60,27,253,331,0,1,10,-33.963361,151.103048,25,0,2,1,1,0,0,0,2,2,7,60,2,6545,6545,4,5,0,2,0,0,0,0
1272259,3,2021,2021,11,2,5,26,31,161,6,0,1,1,-33.8861,151.157351,32,0,2,1,3,0,0,0,2,0,7,40,1,1981,1981,4,5,5,2,0,0,0,0
1272270,3,2021,2021,11,2,5,11,31,194,148,0,1,10,-30.520163,151.646303,1,2,1,1,3,0,0,0,2,0,0,50,2,6545,6545,4,0,0,2,0,0,0,0
1272272,3,2021,2021,11,2,3,265,17,5,193,0,1,1,-34.970464,147.440489,75,1,0,1,3,0,3,4,1,0,7,100,2,945,945,5,8,40,1,0,0,0,0
1272274,3,2021,2021,11,4,7,28,27,94,34609,0,1,10,-33.778532,150.792819,55,0,2,1,3,0,0,0,2,2,7,50,0,14295,14295,3,0,5,2,0,0,0,0
1272277,3,2021,2021,11,2,2,2261,17,93,2252,0,1,2,-36.075473,146.927702,0,1,0,0,3,0,3,4,1,0,7,110,2,4552,5151,8,5,40,1,0,0,0,0
1272279,3,2021,2021,11,3,4,17,27,252,34609,0,1,1,-33.953437,150.873294,41,0,2,1,3,0,0,0,2,0,7,50,0,1282,1282,1,5,5,2,0,0,0,0
1272282,3,2021,2021,11,6,8,163,27,73,165,0,1,9,-33.750724,150.802024,7,0,2,1,3,0,0,0,0,2,7,60,1,775,775,4,16,0,2,0,0,0,0
1272296,3,2021,2021,11,3,8,224,27,169,321,0,1,10,-33.896661,151.199255,69,0,2,1,1,0,0,3,3,2,7,50,2,1957,777,8,5,40,1,0,0,0,0
1272300,3,2021,2021,1,1,10,9,27,108,34609,0,1,1,-33.81868,151.188869,77,0,2,1,2,0,0,0,0,0,7,50,0,1981,1981,4,33,5,2,0,0,0,0
1272307,3,2021,2021,1,3,10,15,27,4,34609,0,1,1,-28.835205,153.333018,39,2,1,0,0,0,3,3,0,0,7,50,0,404,404,8,5,40,1,0,0,0,0
1272322,3,2021,2021,8,0,8,1,31,188,34609,0,1,1,-33.939263,151.107284,4,0,2,1,3,0,0,0,4,0,7,50,0,220,220,1,30,5,2,0,0,0,0
1272339,3,2021,2021,1,2,9,46,36,8,46,0,1,1,-32.65411,149.006366,22,1,0,0,0,0,0,0,0,0,7,100,1,2585,4009,8,5,40,1,0,0,0,0
1272341,3,2021,2021,11,3,3,191,27,309,34609,0,1,9,-33.81186,151.104482,61,0,2,1,3,0,0,0,1,0,0,50,0,775,775,4,5,0,2,0,0,0,0
1272343,3,2021,2021,1,5,8,100,27,109,799,1,0,10,-33.905775,151.135904,32,0,2,1,3,0,3,4,3,0,7,60,2,5929,5929,1,10,5,2,0,0,0,0
1272345,3,2021,2021,11,3,10,19,27,15,63,0,1,2,-34.571241,150.823456,62,0,2,1,2,0,0,3,0,0,7,60,2,9859,9859,8,5,40,1,0,0,0,0
1272347,3,2021,2021,11,1,8,866,17,278,793,1,0,10,-33.787753,151.028404,54,0,2,1,3,0,0,0,2,2,7,60,2,6545,6545,4,30,5,3,0,0,0,0
1272381,3,2021,2021,1,5,4,2261,17,31,2252,0,1,2,-35.102728,148.067457,20,1,0,1,0,0,0,0,2,0,7,110,2,9859,9859,8,3,40,1,0,0,0,0
1272396,3,2021,2021,5,6,4,39,31,193,145,1,0,10,-33.793497,151.077677,61,0,2,1,1,0,0,0,2,2,7,60,2,6545,6545,4,30,5,2,0,0,0,0
1272407,3,2021,2021,11,2,8,157,17,36,158,0,1,10,-33.530587,149.255613,51,2,1,1,1,0,3,4,2,0,0,50,2,945,945,5,34,40,1,0,0,0,0
1272408,3,2021,2021,8,0,10,65,31,23,34609,0,1,9,-34.389879,150.879545,80,0,2,1,0,0,0,0,0,0,15,50,0,9859,9859,1,0,5,2,0,0,0,0
1272413,3,2021,2021,5,6,5,3,31,12,34609,0,1,1,-33.805515,151.269862,50,0,2,1,0,0,0,0,2,0,7,50,0,3775,3775,0,0,13,2,0,0,0,0
1272424,3,2021,2021,1,3,8,177,22,87,176,0,1,2,-34.050537,151.149687,68,0,2,1,3,0,0,0,0,2,9,60,2,14295,14295,3,5,5,2,0,0,0,0
1272427,3,2021,2021,1,0,8,1104,11,532,770,0,1,2,-33.873601,151.20242,69,0,2,0,0,0,0,0,2,0,7,50,2,14295,14295,3,5,40,4,0,0,0,0
1272432,3,2021,2021,8,5,3,57,31,77,321,0,1,1,-33.88502,151.202639,69,0,2,1,3,0,0,0,1,0,7,40,2,14295,14295,3,0,13,2,0,0,0,0
1272434,3,2021,2021,6,2,10,34,31,79,8,0,1,9,-33.827558,151.21361,49,0,2,1,2,0,0,0,0,2,7,50,1,2852,2852,4,0,5,2,0,0,0,0
1272473,3,2021,2021,1,6,10,196,10,166,168,0,1,1,-33.932525,150.977665,15,0,2,0,2,0,0,0,0,0,7,60,2,1282,1282,1,33,5,2,0,0,0,0
1272478,3,2021,2021,1,0,5,13,31,103,34609,0,1,1,-34.311962,148.29706,30,2,1,1,3,0,0,0,2,0,7,50,0,9859,9859,1,0,0,3,0,0,0,0
1272491,3,2021,2021,11,3,9,92,27,31,2252,1,0,10,-33.887746,151.101629,9,0,2,1,2,0,3,4,0,2,7,60,1,14295,14295,3,5,5,3,0,0,0,0
1272494,3,2021,2021,3,3,0,193,23,134,34609,0,1,1,-33.894386,151.259512,76,0,2,1,2,0,0,0,0,0,7,50,0,9859,9859,1,5,5,3,0,0,0,0
1272495,3,2021,2021,11,0,11,8,7,93,34609,0,1,9,-33.414678,149.61239,3,2,1,0,2,0,0,0,0,0,0,50,0,2585,777,8,5,40,1,0,0,0,0
1272496,3,2021,2021,1,5,5,4,22,121,34609,0,1,2,-33.798532,151.285652,50,0,2,1,0,0,0,0,2,0,7,30,0,9859,9859,1,5,0,2,0,0,0,0
1272497,3,2021,2021,5,4,2,4,31,73,34609,0,1,9,-33.870433,151.219097,69,0,2,1,2,0,0,0,0,0,7,40,0,4552,985,1,5,36,4,0,0,0,0