Crash ID,Degree of crash - detailed,Reporting year,Year of crash,Month of crash,Day of week of crash,Two-hour intervals,Street of crash,Street type,Town,Route no.,School zone location,School zone active,Type of location,Latitude,Longitude,LGA,Urbanisation,Conurbation 1,Alignment,Street lighting,Road surface,Surface condition,Weather,Natural lighting,Signals operation,Other traffic control,Speed limit,Road classification,RUM - code,DCA - code,First impact type,Key TU type,Other TU type,No. of traffic units involved,No. killed,No. seriously injured,No. moderately injured,No. minor-other injured
1272505,3,2021,2021,11,0,4,195,27,76,186,0,1,10,-33.921137,150.850784,41,0,2,1,1,0,0,0,2,2,7,70,2,14295,14295,3,5,0,2,0,0,0,0
1272510,3,2021,2021,11,5,9,334,17,316,308,0,1,2,-31.45604,152.867338,56,1,0,1,0,0,0,0,3,0,7,100,2,4026,4026,8,10,40,1,0,0,0,0
1272516,3,2021,2021,1,0,5,6,31,609,34609,0,1,1,-33.757318,150.909955,7,0,2,1,3,0,0,0,2,0,7,50,0,248,248,1,29,5,2,0,0,0,0
1272519,3,2021,2021,11,6,6,2261,17,64,2252,1,0,10,-33.891852,151.083401,67,0,2,1,3,0,0,0,2,2,7,60,2,1391,1391,1,5,13,2,0,0,0,0
1272521,3,2021,2021,11,1,5,2209,17,130,2205,0,1,9,-34.455206,150.8446,80,0,2,1,3,0,0,0,2,2,7,60,1,14295,14295,3,5,0,2,0,0,0,0
1272523,3,2021,2021,1,1,9,1,1,150,34609,0,1,1,-33.932407,151.233168,59,0,2,1,0,0,0,0,0,0,7,50,0,175,188,1,0,5,2,0,0,0,0
1272524,3,2021,2021,1,3,0,1,10,78,34609,0,1,1,-28.334663,153.374097,72,2,1,1,2,0,0,0,0,0,7,50,0,9859,9859,1,10,4,4,0,0,0,0
1272525,3,2021,2021,5,5,5,83,31,43,228,0,1,1,-33.588621,150.861388,29,2,2,1,1,0,0,0,2,0,7,60,2,9859,9859,1,10,0,2,0,0,0,0
1272528,3,2021,2021,11,4,9,14,18,18,34609,0,1,9,-31.128486,150.943802,70,2,1,1,3,0,0,0,0,0,7,60,0,1669,1669,3,10,5,2,0,0,0,0
1272534,3,2021,2021,11,4,11,2,31,234,34609,0,1,1,-34.289896,146.077484,28,2,1,0,3,0,0,0,0,0,7,50,0,1850,1463,5,10,40,1,0,0,0,0
1272536,3,2021,2021,11,0,7,17,31,83,34609,0,1,1,-33.916013,151.113266,15,0,2,1,3,0,0,0,2,0,7,50,0,9859,9859,1,5,5,2,0,0,0,0
1272537,3,2021,2021,11,5,7,25,1,243,34609,0,1,1,-33.940576,150.91186,41,0,2,1,3,0,0,0,2,0,7,50,0,1981,1981,4,0,10,2,0,0,0,0
1272543,3,2021,2021,11,2,10,41,31,8,34609,0,1,1,-28.682672,153.31704,39,2,1,1,0,0,0,0,0,0,7,50,0,9859,9859,8,21,40,1,0,0,0,0
1272547,3,2021,2021,1,1,9,60,27,147,69,0,1,10,-33.86914,151.118842,14,0,2,1,2,0,0,0,0,2,7,60,2,6545,6545,4,5,5,2,0,0,0,0
1272552,3,2021,2021,5,0,4,3371,17,14,3342,0,1,2,-33.056523,151.653849,37,0,2,1,0,0,3,4,2,0,7,60,2,3775,3775,0,0,5,4,0,0,0,0
1272570,3,2021,2021,1,5,9,49,27,201,47,0,1,7,-33.994835,150.875275,13,0,2,1,3,0,0,0,3,0,0,60,1,6545,6545,4,10,5,2,0,0,0,0
1272572,3,2021,2021,5,6,2,2,31,41,34609,0,1,1,-35.060464,148.106662,20,2,1,1,2,0,0,0,0,0,7,50,0,945,945,5,5,40,1,0,0,0,0
1272579,3,2021,2021,8,0,8,2126,17,140,2149,0,1,10,-33.781607,150.823918,7,0,2,1,3,0,0,0,2,3,7,80,2,14295,14295,3,5,36,3,0,0,0,0
1272583,3,2021,2021,11,0,9,2209,17,17,2205,0,1,1,-36.501524,149.840446,5,1,0,0,3,0,0,0,0,0,7,100,2,1957,4009,8,34,40,1,0,0,0,0
1272586,3,2021,2021,11,5,6,344,27,62,382,0,1,10,-33.732939,150.848754,7,0,2,1,3,0,0,0,2,2,7,70,2,1192,1192,1,8,35,2,0,0,0,0
1272593,3,2021,2021,1,3,9,93,10,7,42,0,1,1,-32.936375,151.776675,48,0,2,0,0,0,0,0,0,0,7,50,1,380,714,5,0,40,1,0,0,0,0
1272597,3,2021,2021,8,3,1,6,31,204,34609,0,1,1,-33.893794,150.945871,24,0,2,1,2,0,0,0,0,0,7,50,0,9859,9859,1,33,5,4,0,0,0,0
1272604,3,2021,2021,11,1,7,3371,17,17,3342,0,1,6,-28.492847,153.520968,10,2,1,0,1,0,0,0,2,0,7,60,2,14295,14295,3,8,0,2,0,0,0,0
1272608,3,2021,2021,11,2,1,1,31,24,34609,0,1,1,-33.910206,150.888122,41,0,2,0,2,0,0,0,0,0,7,50,0,4552,5151,1,30,36,2,0,0,0,0
1272621,3,2021,2021,8,0,9,4,27,65,34609,1,0,1,-33.382364,151.376998,16,2,2,0,2,0,0,0,0,0,7,60,0,4552,5151,8,5,40,1,0,0,0,0
1272631,3,2021,2021,1,6,7,3,31,140,34609,0,1,9,-33.893143,150.992844,15,0,2,1,1,0,0,0,2,0,0,50,0,2585,777,1,5,5,2,0,0,0,0
1272667,3,2021,2021,1,0,10,21,31,8,34609,0,1,9,-33.898326,151.272717,76,0,2,1,3,0,0,0,0,0,7,50,0,248,248,1,5,36,2,0,0,0,0
1272670,3,2021,2021,1,5,9,230,27,197,284,0,1,2,-33.785412,151.119278,61,0,2,0,3,0,0,0,3,0,7,70,2,1957,4009,8,5,40,1,0,0,0,0
1272676,3,2021,2021,6,3,1,3371,1,8,34609,0,1,1,-33.899611,151.270233,76,0,2,0,2,0,0,0,0,0,7,50,0,4552,5151,1,30,5,2,0,0,0,0
1272702,3,2021,2021,1,0,7,2209,17,14,2205,0,1,7,-36.929365,149.874594,5,2,1,1,1,0,3,4,2,0,0,50,2,9859,9859,8,30,40,1,0,0,0,0
1272707,3,2021,2021,11,5,7,7,31,284,34609,0,1,10,-33.905472,151.010056,15,0,2,1,0,0,0,0,2,0,0,50,0,6545,6545,4,5,5,2,0,0,0,0
1272715,3,2021,2021,5,4,1,19,23,52,34609,0,1,1,-33.961801,150.951919,41,0,2,0,2,0,0,0,0,0,7,50,0,4552,5151,1,5,5,2,0,0,0,0
1272725,3,2021,2021,1,1,11,53,27,155,51,0,1,1,-33.498456,151.319587,16,2,2,1,2,0,0,0,0,0,7,60,1,4026,4026,1,9,5,3,0,0,0,0
1272730,3,2021,2021,1,0,5,3,31,12,3,0,1,10,-35.913388,145.688,51,2,1,1,3,0,0,0,2,0,0,50,1,926,926,4,0,41,2,0,0,0,0
1272763,3,2021,2021,1,4,11,11,31,204,3,0,1,1,-33.934863,151.153134,4,0,2,1,2,0,0,0,0,0,7,50,1,9859,9859,1,34,5,2,0,0,0,0
1272766,3,2021,2021,11,2,6,16,31,11,34609,1,0,10,-32.860009,151.315669,17,2,1,1,3,0,0,0,2,0,15,50,0,84,84,8,30,40,1,0,0,0,0
1272770,3,2021,2021,1,1,3,1,31,445,563,0,1,10,-33.864983,151.041659,21,0,2,1,3,0,0,0,2,2,9,70,2,14295,14295,3,10,0,2,0,0,0,0
1272772,3,2021,2021,11,2,6,19,31,29,34609,0,1,10,-31.086748,150.942091,70,2,1,1,3,0,0,0,2,0,0,50,0,6545,6545,4,5,0,2,0,0,0,0
1272779,3,2021,2021,11,0,11,3,27,39,34609,0,1,1,-34.041789,150.753731,12,0,2,1,3,0,0,0,0,0,7,60,0,9859,9859,1,34,8,3,0,0,0,0
1272788,3,2021,2021,1,1,9,24,1,145,52,0,1,1,-33.925521,151.149804,15,0,2,0,2,0,0,0,0,0,7,50,1,4552,5151,1,5,5,2,0,0,0,0
1272791,3,2021,2021,11,6,3,334,17,3,308,0,1,1,-31.037127,150.817485,70,1,0,1,3,0,0,0,2,0,7,100,2,14295,14295,3,29,5,2,0,0,0,0
1272792,3,2021,2021,6,2,10,72,14,123,71,0,1,3,-33.903956,151.214291,59,0,2,1,3,0,3,3,0,0,7,80,2,9859,9859,8,5,40,1,0,0,0,0
1272795,3,2021,2021,11,6,5,1,31,251,34609,1,0,1,-33.777898,150.926938,7,0,2,1,3,0,0,0,2,0,7,50,0,4026,4026,8,9,40,1,0,0,0,0
1272799,3,2021,2021,11,0,5,500,27,646,799,0,1,9,-33.93443,151.033764,15,0,2,1,3,0,0,0,2,0,0,60,2,1192,1192,1,8,10,3,0,0,0,0
1272801,3,2021,2021,11,5,3,3371,17,108,3342,0,1,9,-33.294735,151.422614,16,2,2,1,3,0,3,3,2,2,7,60,2,14295,14295,3,0,10,2,0,0,0,0
1272805,3,2021,2021,11,5,11,29,31,609,48,0,1,10,-33.771977,150.891949,7,0,2,1,2,0,0,0,0,2,7,60,1,5929,5929,1,5,5,2,0,0,0,0
1272806,3,2021,2021,11,1,7,475,31,18,34609,0,1,1,-30.36772,153.099518,19,2,1,1,0,0,0,0,2,0,7,50,0,9859,9859,8,30,40,1,0,0,0,0
1272807,3,2021,2021,1,3,11,80,27,111,34609,0,1,1,-33.914831,151.251488,59,0,2,1,1,0,3,3,0,0,7,50,0,9859,9859,1,0,13,2,0,0,0,0
1272811,3,2021,2021,11,4,5,6,27,160,34609,0,1,1,-33.09863,151.50252,37,0,2,1,1,0,0,0,2,0,7,60,0,9859,9859,8,34,40,1,0,0,0,0
1272821,3,2021,2021,11,2,8,14,18,18,34609,1,0,1,-31.127233,150.94087,70,2,1,1,2,0,0,0,0,0,7,60,0,9859,9859,8,10,40,1,0,0,0,0
1272825,3,2021,2021,11,4,5,1,31,133,34609,1,0,1,-34.495073,150.799672,80,0,2,1,1,0,0,0,2,0,7,50,0,9859,9859,1,0,5,2,0,0,0,0
1272832,3,2021,2021,11,5,4,14,27,130,34609,0,1,1,-34.45625,150.847841,80,0,2,1,1,0,0,0,2,0,7,50,0,9859,9859,8,10,40,2,0,0,0,0
1272833,3,2021,2021,5,4,11,2,27,53,34609,0,1,1,-32.255173,148.305245,51,1,0,1,0,0,0,0,0,0,7,100,0,9859,9859,8,0,40,1,0,0,0,0
1272849,3,2021,2021,11,0,5,1,27,239,34609,0,1,1,-34.044357,151.128199,68,0,2,1,3,0,0,0,2,0,7,50,0,9859,9859,1,0,5,3,0,0,0,0
1272852,3,2021,2021,11,0,4,2,27,5,34609,0,1,1,-30.520435,145.090738,51,1,0,1,3,2,0,0,2,0,7,100,0,1945,1945,5,5,40,1,0,0,0,0
1272858,3,2021,2021,1,5,5,17,31,228,39,1,0,7,-34.756915,149.713581,26,2,1,1,3,0,0,0,2,0,0,50,2,6545,6545,4,10,5,2,0,0,0,0
1272859,3,2021,2021,11,2,3,55,1,134,34609,0,1,7,-33.521198,151.311951,16,2,2,1,3,0,0,0,2,0,0,50,0,6545,6545,4,10,0,2,0,0,0,0
1272861,3,2021,2021,11,1,5,293,27,145,34609,0,1,1,-33.922119,151.135133,15,0,2,1,1,0,0,0,2,0,7,50,0,1282,1282,1,33,13,2,0,0,0,0
1272874,3,2021,2021,11,1,2,98,27,251,136,0,1,9,-33.782626,150.920433,7,0,2,0,2,0,0,0,0,2,7,60,2,1259,5151,8,5,40,1,0,0,0,0
1272881,3,2021,2021,11,0,10,39,22,24,34609,0,1,1,-33.384946,151.40947,16,2,2,0,3,0,0,0,0,0,7,60,0,2585,4009,8,5,40,1,0,0,0,0
1272888,3,2021,2021,6,0,0,916,17,165,917,0,1,9,-32.275287,150.89517,46,2,1,1,2,0,0,0,0,0,7,50,2,2585,777,8,5,40,1,0,0,0,0
1272890,3,2021,2021,11,1,7,5,27,106,34609,0,1,1,-34.569953,150.792472,62,0,2,1,3,0,3,4,2,0,7,60,0,1945,1945,5,0,40,1,0,0,0,0
1272893,3,2021,2021,1,6,9,3,10,323,34609,1,0,1,-33.770908,150.971537,71,0,2,0,3,0,0,0,0,0,7,50,0,4552,5151,8,30,40,1,0,0,0,0
1272894,3,2021,2021,1,6,6,500,27,293,799,0,1,9,-33.932471,151.044852,15,0,2,0,3,0,0,0,2,2,7,60,2,1259,985,8,5,40,1,0,0,0,0
1272895,3,2021,2021,11,5,8,3371,17,37,3342,0,1,2,-33.021056,151.66727,37,0,2,1,3,0,3,3,2,0,7,60,2,175,188,8,9,40,1,0,0,0,0
1272917,3,2021,2021,11,2,9,2,31,523,34609,0,1,1,-33.926854,150.922764,41,0,2,1,2,0,3,4,0,0,7,50,0,1282,1282,1,33,5,2,0,0,0,0
1272920,3,2021,2021,11,0,9,1104,14,94,962,0,1,3,-33.791118,150.810842,55,0,2,1,3,0,0,0,0,0,7,110,2,9859,9859,8,10,40,1,0,0,0,0
1272921,3,2021,2021,11,1,0,3371,17,90,3342,0,1,2,-28.245468,153.546188,72,1,0,1,3,0,0,0,0,0,7,110,2,9859,9859,8,30,40,1,0,0,0,0
1272922,3,2021,2021,11,4,4,22,31,337,30,0,1,9,-33.729313,151.005674,71,0,2,1,3,0,0,0,2,2,7,60,2,9859,9859,8,5,40,1,0,0,0,0
1272923,3,2021,2021,5,6,5,30,31,98,34609,0,1,1,-30.990133,150.25634,51,2,1,1,1,0,0,0,2,0,7,50,0,9859,9859,1,0,13,2,0,0,0,0
1272934,3,2021,2021,11,5,5,31,31,532,34609,0,1,10,-33.865087,151.205621,69,0,2,1,3,0,3,3,2,2,7,40,0,5929,5929,1,21,12,2,0,0,0,0
1272942,3,2021,2021,11,2,4,91,27,119,187,0,1,10,-33.875144,151.156056,32,0,2,1,3,0,0,0,2,2,7,70,2,1391,1391,1,8,13,2,0,0,0,0
1272947,3,2021,2021,11,6,10,76,24,164,154,0,1,2,-33.726531,150.882017,7,0,2,1,3,0,0,0,0,0,7,70,1,14295,14295,3,5,36,2,0,0,0,0
1272955,3,2021,2021,11,0,7,2,31,219,34609,0,1,1,-32.905033,151.679021,48,0,2,1,1,0,0,0,2,0,7,50,0,175,188,8,10,40,1,0,0,0,0
1272956,3,2021,2021,11,6,2,2126,17,445,2149,0,1,10,-33.850798,151.053667,21,0,2,1,2,0,0,0,0,2,7,60,2,29,29,6,5,40,1,0,0,0,0
1272959,3,2021,2021,11,3,0,3,31,169,34609,0,1,1,-28.651635,153.620281,10,2,1,0,0,0,0,0,0,0,7,50,0,4552,5151,8,0,40,1,0,0,0,0
1272960,3,2021,2021,1,4,7,42,25,50,34609,0,1,9,-34.354536,150.910599,80,0,2,1,1,0,0,0,2,0,0,50,0,5929,5929,1,9,5,2,0,0,0,0
1272966,3,2021,2021,1,4,8,45,1,16,34609,0,1,9,-34.565698,150.836427,62,0,2,1,3,0,0,0,2,0,0,50,0,5929,5929,1,5,5,2,0,0,0,0
1272970,3,2021,2021,11,2,9,4,31,68,34609,0,1,1,-33.703123,149.847848,51,2,1,1,2,0,0,0,0,0,7,50,0,9859,9859,8,10,40,1,0,0,0,0
1272972,3,2021,2021,11,2,11,829,27,81,34609,0,1,1,-33.880587,151.256643,81,0,2,0,2,0,0,0,0,0,7,50,0,4552,5151,1,5,0,2,0,0,0,0
1272978,3,2021,2021,11,1,1,103,27,124,563,0,1,9,-33.818203,151.051996,54,0,2,1,2,0,0,0,0,0,0,80,2,2585,777,8,5,40,1,0,0,0,0
1272981,3,2021,2021,5,2,0,85,27,53,145,0,1,2,-33.799473,151.043706,54,0,2,1,2,0,0,0,0,0,7,70,2,4026,4026,8,0,40,1,0,0,0,0
1272984,3,2021,2021,11,6,6,11,31,176,10,0,1,10,-33.949591,151.147812,4,0,2,1,3,0,0,0,2,0,0,60,1,301,301,4,5,13,2,0,0,0,0
1272987,3,2021,2021,11,2,11,19,27,234,34609,0,1,1,-34.238716,146.06146,28,1,0,0,3,0,0,0,0,0,7,100,0,273,957,5,0,40,1,0,0,0,0
1272988,3,2021,2021,11,6,7,89,31,532,34609,0,1,0,-33.868922,151.205298,69,0,2,1,3,0,0,0,2,0,7,40,0,1391,1391,1,5,5,2,0,0,0,0
1272990,3,2021,2021,1,3,6,866,17,94,793,1,0,10,-33.88364,150.923766,24,0,2,1,1,0,0,0,2,2,7,70,2,1282,1282,1,0,5,2,0,0,0,0
1273004,3,2021,2021,11,5,9,10,31,194,34609,0,1,10,-30.512174,151.656477,1,2,1,1,3,0,3,4,3,0,0,50,0,6545,6545,4,0,5,2,0,0,0,0
1273006,3,2021,2021,11,3,10,1,18,4,34609,0,1,1,-28.659923,153.588861,10,1,0,1,3,2,0,0,0,0,7,100,0,1945,1945,5,0,40,1,0,0,0,0
1273010,3,2021,2021,11,1,2,293,31,112,769,0,1,10,-33.612325,150.815103,29,2,2,1,3,0,0,0,0,2,7,60,2,5929,5929,1,5,10,2,0,0,0,0
1273014,3,2021,2021,11,1,11,1,36,5,34609,0,1,1,-35.344395,150.476625,63,2,1,1,0,2,3,3,0,0,7,50,0,945,945,5,5,40,1,0,0,0,0
1273016,3,2021,2021,11,4,8,3371,17,69,3342,0,1,10,-32.937803,151.748667,48,0,2,1,2,0,0,0,3,2,7,60,2,1192,1192,1,33,36,2,0,0,0,0
1273019,3,2021,2021,11,2,0,35,27,10,14,0,1,1,-35.082174,149.641913,26,1,0,0,0,0,0,0,0,0,7,100,1,2585,4009,8,5,40,1,0,0,0,0
1273028,3,2021,2021,11,6,10,5,10,85,34609,0,1,2,-33.908161,150.860137,41,0,2,1,2,0,0,0,0,0,7,50,0,190,190,1,5,13,3,0,0,0,0
1273050,3,2021,2021,5,1,0,1,31,9,34609,0,1,1,-28.976923,148.991988,51,2,1,1,2,0,0,0,0,0,7,50,0,1192,1192,1,0,13,2,0,0,0,0
1273073,3,2021,2021,5,6,2,280,10,314,82,0,1,10,-33.850836,150.922233,24,0,2,1,2,0,0,0,1,2,7,60,1,6545,6545,4,5,5,2,0,0,0,0
1273081,3,2021,2021,5,4,6,37,1,126,34609,0,1,10,-33.947411,150.809082,41,0,2,1,3,0,0,0,2,0,7,60,0,1669,1669,3,10,5,2,0,0,0,0
1273123,3,2021,2021,11,1,10,1,27,20,34609,0,1,1,-34.036695,151.010936,68,0,2,1,3,0,0,0,0,0,7,50,0,175,188,1,8,13,4,0,0,0,0
1273126,3,2021,2021,11,2,5,16,31,64,18,0,1,1,-33.95695,151.004529,15,0,2,1,3,0,0,0,2,0,7,60,1,3775,3775,0,5,0,2,0,0,0,0
1273131,3,2021,2021,11,6,7,35,31,201,34609,0,1,10,-33.997513,150.861252,13,0,2,1,3,0,0,0,2,0,0,50,0,6545,6545,4,5,5,2,0,0,0,0
1273132,3,2021,2021,11,1,6,2126,17,438,2149,0,1,10,-33.844998,151.042103,21,0,2,1,3,0,0,0,2,3,7,70,2,1192,1192,1,0,10,2,0,0,0,0
1273135,3,2021,2021,11,1,3,1,31,76,34609,0,1,9,-34.551805,150.363304,78,2,1,1,3,0,0,0,2,0,15,50,0,6545,6545,4,10,5,2,0,0,0,0
1273145,3,2021,2021,11,2,8,2,31,28,34609,0,1,9,-33.410356,149.55553,3,2,1,1,1,0,0,0,2,0,7,50,0,63,63,4,16,5,2,0,0,0,0
1273146,3,2021,2021,11,2,7,31,27,21,33,0,1,1,-33.577687,150.653247,29,2,2,1,3,0,3,4,2,0,7,60,2,9859,9859,8,0,40,2,0,0,0,0
1273148,3,2021,2021,11,1,6,8,27,149,20,0,1,9,-33.353657,151.374451,16,2,2,1,3,0,0,0,2,0,0,60,1,926,926,4,10,36,2,0,0,0,0
1273160,3,2021,2021,11,1,6,87,1,225,19,0,1,1,-33.798447,151.181744,77,0,2,1,3,0,0,0,2,0,7,40,1,9859,9859,1,5,0,2,0,0,0,0
1273168,3,2021,2021,11,1,9,7,27,12,34609,0,1,1,-33.850195,149.740981,51,2,1,0,3,0,1,5,0,0,7,50,0,4552,5151,8,9,40,1,0,0,0,0
1273174,3,2021,2021,11,6,4,59,10,8,231,0,1,1,-33.479629,151.386768,16,2,2,1,3,0,0,0,2,0,7,60,2,1981,1981,4,5,0,2,0,0,0,0
1273180,3,2021,2021,5,4,10,194,31,84,34609,0,1,1,-31.097951,150.923833,70,2,1,1,2,0,0,0,0,0,7,50,0,9859,9859,8,34,40,1,0,0,0,0
1273182,3,2021,2021,11,3,2,13,27,44,18,0,1,1,-32.017818,150.800652,73,1,0,1,3,0,0,0,0,0,7,100,1,1089,1089,7,10,40,1,0,0,0,0
1273184,3,2021,2021,11,2,5,40,31,219,262,0,1,9,-32.907067,151.668444,48,0,2,1,3,0,0,0,2,2,7,60,2,2852,2852,4,30,36,2,0,0,0,0
1273186,3,2021,2021,11,6,9,11,18,45,25,0,1,9,-33.814059,150.79177,55,0,2,1,3,0,0,0,2,0,7,80,2,237,397,1,5,5,2,0,0,0,0
1273187,3,2021,2021,11,4,4,157,17,18,158,0,1,1,-33.60911,149.147954,51,1,0,1,3,0,0,0,2,0,7,100,2,1391,1391,1,0,13,2,0,0,0,0
1273188,3,2021,2021,11,5,9,3371,17,32,3342,0,1,2,-29.091899,153.340592,60,1,0,1,3,0,0,3,0,0,7,110,2,1089,1089,7,30,40,1,0,0,0,0
1273189,3,2021,2021,11,5,7,22,31,337,34609,0,1,1,-33.729906,151.001919,71,0,2,1,3,0,0,0,2,0,7,50,0,9859,9859,1,5,0,2,0,0,0,0
1273202,3,2021,2021,11,3,1,1,4,11,34609,0,1,1,-34.022277,150.615091,79,2,2,1,0,0,0,0,0,0,7,50,0,9859,9859,8,10,40,1,0,0,0,0
1273207,3,2021,2021,11,0,5,41,27,8,69,0,1,1,-34.606983,149.80098,26,1,0,1,0,0,0,0,2,0,7,100,1,3775,3775,0,33,5,2,0,0,0,0
1273212,3,2021,2021,11,0,8,916,17,9,917,0,1,1,-30.413838,151.690029,1,1,0,0,0,0,0,0,3,0,7,100,2,3775,3775,0,5,5,2,0,0,0,0
1273213,3,2021,2021,11,0,3,100,31,157,38,0,1,9,-33.800855,151.00285,54,0,2,1,1,0,0,0,1,0,15,60,1,6545,6545,4,5,13,2,0,0,0,0
1273222,3,2021,2021,11,2,0,1,4,43,34609,0,1,1,-33.733556,150.786968,7,0,2,0,0,0,0,0,0,0,7,50,0,2585,4009,1,30,13,3,0,0,0,0
1273231,3,2021,2021,6,6,5,2261,17,204,2252,0,1,9,-33.898509,150.949241,24,0,2,1,1,0,0,0,2,2,7,70,2,775,775,4,5,5,3,0,0,0,0
1273238,3,2021,2021,11,4,7,1104,14,323,962,0,1,3,-33.801575,150.874455,7,0,2,1,1,0,0,0,2,0,7,100,2,14295,14295,3,0,5,3,0,0,0,0
1273240,3,2021,2021,11,2,7,11,27,42,34609,0,1,1,-33.649481,151.323851,50,0,2,1,3,0,3,4,2,0,7,50,0,9859,9859,1,0,0,2,0,0,0,0
1273249,3,2021,2021,11,4,8,1,31,15,34609,1,0,10,-31.117996,150.262453,51,2,1,1,3,0,0,0,3,0,0,50,0,6545,6545,4,10,13,2,0,0,0,0
1273256,3,2021,2021,11,0,7,19,27,143,34609,0,1,10,-33.875383,151.107464,9,0,2,1,3,0,0,0,2,2,7,50,0,775,775,4,5,5,2,0,0,0,0
1273257,3,2021,2021,11,3,10,25,27,136,76,0,1,9,-32.922268,151.715251,48,0,2,1,3,0,0,0,0,2,7,60,1,5929,5929,1,5,5,2,0,0,0,0
1273259,3,2021,2021,11,2,6,1,27,11,34609,0,1,1,-33.346536,149.161468,52,2,1,0,3,0,3,4,2,0,7,50,0,1850,1463,5,10,40,1,0,0,0,0
1273260,3,2021,2021,11,4,6,27,27,102,28,0,1,2,-33.954827,151.195737,4,0,2,1,3,0,0,0,2,0,7,80,2,14295,14295,3,8,5,2,0,0,0,0
1273266,3,2021,2021,11,3,10,41,27,91,80,0,1,1,-32.983846,151.65883,37,0,2,0,0,0,0,0,0,0,7,60,1,2585,4009,8,5,40,1,0,0,0,0
1273269,3,2021,2021,11,6,5,30,27,6,39,0,1,9,-35.437219,149.377668,58,1,0,1,3,2,0,0,2,0,7,100,1,945,945,5,5,40,1,0,0,0,0
1273273,3,2021,2021,11,4,5,829,31,314,240,0,1,10,-33.850239,150.932281,24,0,2,1,1,0,0,0,2,2,7,60,2,6545,6545,4,8,0,2,0,0,0,0
1273280,3,2021,2021,11,1,10,1052,14,17,169,0,1,10,-32.813888,151.635524,48,0,2,1,2,0,0,0,0,2,7,60,2,1669,1669,3,10,2,2,0,0,0,0
1273283,3,2021,2021,11,1,6,2261,17,68,2252,0,1,2,-34.773412,148.836203,82,1,0,0,0,0,1,5,2,0,7,110,2,1957,4009,8,9,40,1,0,0,0,0
1273290,3,2021,2021,5,3,9,46,27,61,262,0,1,10,-32.916575,151.732185,48,0,2,1,2,0,0,0,0,2,7,60,2,14295,14295,3,0,5,2,0,0,0,0
1273294,3,2021,2021,11,6,8,103,27,29,256,0,1,1,-34.176692,150.790711,79,2,2,1,0,0,0,0,2,0,7,80,2,1981,1981,4,5,5,2,0,0,0,0
1273298,3,2021,2021,1,6,8,26,27,23,34609,0,1,1,-35.035401,148.976221,82,2,1,1,0,2,0,0,2,0,7,80,0,3775,3775,0,10,5,2,0,0,0,0
1273304,3,2021,2021,11,6,10,294,17,13,288,0,1,1,-35.154375,147.481683,75,2,1,1,3,0,0,0,0,0,7,80,2,945,945,5,5,40,1,0,0,0,0
1273305,3,2021,2021,11,1,6,60,10,121,84,0,1,9,-28.187321,153.540051,72,2,1,1,3,0,0,0,2,2,7,60,1,14295,14295,3,9,5,3,0,0,0,0
1273306,3,2021,2021,1,4,8,42,36,35,34609,0,1,2,-30.485615,153.008713,6,2,1,1,3,0,0,0,0,0,7,80,0,186,186,1,0,5,2,0,0,0,0
1273311,3,2021,2021,11,3,4,2,31,79,34609,0,1,1,-33.97032,151.11974,25,0,2,1,3,0,0,0,2,0,7,50,0,4026,4026,1,5,5,3,0,0,0,0
1273312,3,2021,2021,11,1,7,34,31,98,260,0,1,9,-33.015823,151.592204,37,0,2,0,3,0,3,0,2,0,0,60,2,6545,6545,4,0,0,2,0,0,0,0
1273313,3,2021,2021,11,5,3,1,27,37,34609,0,1,1,-31.134296,151.554998,51,1,0,1,3,2,0,0,2,0,7,100,0,9859,9859,8,8,40,1,0,0,0,0
1273314,3,2021,2021,1,3,10,37,31,323,34609,0,1,1,-33.75715,151.004132,71,0,2,1,2,0,0,0,0,0,7,50,0,4026,4026,1,0,5,2,0,0,0,0
1273316,3,2021,2021,11,2,7,1,34,17,34609,0,1,1,-30.199687,153.061536,19,1,0,1,3,2,0,0,2,0,7,100,0,186,186,1,28,19,2,0,0,0,0
1273320,3,2021,2021,11,5,9,13,1,562,34609,0,1,7,-32.251548,148.630247,22,2,1,1,0,0,0,0,3,0,0,50,0,6545,6545,4,10,36,2,0,0,0,0
1273325,3,2021,2021,11,0,8,137,31,65,18,0,1,2,-32.927337,151.768553,48,0,2,1,3,0,0,0,2,0,7,60,2,14295,14295,3,5,0,2,0,0,0,0
1273331,3,2021,2021,11,4,2,9,31,463,34609,0,1,1,-30.299413,153.118031,19,2,1,1,1,0,0,0,1,0,7,40,0,1282,1282,1,33,13,2,0,0,0,0
1273335,3,2021,2021,11,4,6,3371,17,463,3342,0,1,7,-30.320516,153.085741,19,2,1,0,0,0,0,0,2,0,0,60,2,13,188,1,5,5,2,0,0,0,0
1273336,3,2021,2021,11,5,9,2,27,19,34609,0,1,1,-33.457205,149.927065,40,1,0,0,0,1,2,6,3,0,7,100,0,2585,4009,8,34,40,1,0,0,0,0
1273338,3,2021,2021,11,0,4,23,27,136,101,0,1,2,-32.929919,151.715484,48,0,2,1,2,0,0,0,2,0,7,60,2,9859,9859,1,5,0,2,0,0,0,0
1273340,3,2021,2021,11,6,5,40,31,151,34609,0,1,1,-34.021652,150.850649,13,0,2,1,3,0,0,0,2,0,7,50,0,248,248,1,0,5,2,0,0,0,0