Crash ID,Degree of crash - detailed,Reporting year,Year of crash,Month of crash,Day of week of crash,Two-hour intervals,Street of crash,Street type,Town,Route no.,School zone location,School zone active,Type of location,Latitude,Longitude,LGA,Urbanisation,Conurbation 1,Alignment,Street lighting,Road surface,Surface condition,Weather,Natural lighting,Signals operation,Other traffic control,Speed limit,Road classification,RUM - code,DCA - code,First impact type,Key TU type,Other TU type,No. of traffic units involved,No. killed,No. seriously injured,No. moderately injured,No. minor-other injured
1273342,3,2021,2021,11,6,7,2261,17,3,2252,0,1,2,-35.170967,147.883704,20,1,0,1,3,0,0,0,2,0,7,110,2,4026,4026,8,5,40,1,0,0,0,0
1273345,3,2021,2021,11,0,3,1,31,96,81,0,1,10,-33.402048,148.015737,51,2,1,1,3,0,0,0,2,0,0,50,2,6545,6545,4,0,10,2,0,0,0,0
1273347,3,2021,2021,11,5,6,23,1,179,70,0,1,9,-31.907036,152.471292,43,2,1,1,3,0,0,0,2,1,7,60,1,1109,787,1,0,0,2,0,0,0,0
1273357,3,2021,2021,11,4,6,35,27,14,49,0,1,1,-31.152758,150.871057,70,1,0,1,3,0,0,0,2,0,7,100,1,9859,9859,8,0,40,1,0,0,0,0
1273359,3,2021,2021,11,4,7,11,27,9,34609,0,1,1,-31.924357,151.288568,73,1,0,0,3,2,0,0,2,0,7,100,0,14295,14295,3,8,13,2,0,0,0,0
1273363,3,2021,2021,11,2,7,27,36,15,27,0,1,1,-32.017198,149.538115,51,1,0,0,0,0,3,4,2,0,7,100,1,4552,5151,8,34,40,1,0,0,0,0
1273366,3,2021,2021,11,3,6,43,27,12,118,0,1,9,-31.055183,150.892589,70,2,1,1,3,0,0,0,2,0,0,60,2,926,926,4,5,0,2,0,0,0,0
1273369,3,2021,2021,1,4,7,51,1,80,34609,0,1,1,-33.94121,151.223372,4,0,2,1,0,0,0,6,2,0,7,50,0,9859,9859,1,33,5,2,0,0,0,0
1273371,3,2021,2021,11,2,8,5,10,133,34609,0,1,9,-34.504369,150.802663,80,0,2,1,3,0,0,0,2,0,15,50,0,6545,6545,4,0,5,2,0,0,0,0
1273374,3,2021,2021,1,3,9,191,17,6,189,0,1,2,-32.210281,150.462178,73,1,0,1,3,0,0,0,0,0,7,100,2,1089,1089,7,0,40,1,0,0,0,0
1273375,3,2021,2021,3,0,5,39,36,11,79,0,1,9,-33.785075,151.200771,77,0,2,0,3,0,0,0,2,2,7,60,2,14295,14295,3,5,41,2,0,0,0,0
1273389,3,2021,2021,1,2,7,31,27,70,34609,0,1,9,-33.252695,151.507742,16,2,2,1,0,0,0,0,2,0,7,50,0,945,945,5,10,40,1,0,0,0,0
1273397,3,2021,2021,1,5,3,3371,17,16,3342,0,1,2,-31.209859,152.823135,34,1,0,1,0,0,0,0,2,0,7,110,2,1282,1282,1,10,40,2,0,0,0,0
1273413,3,2021,2021,11,0,5,82,18,74,34609,0,1,1,-34.637382,148.024409,20,2,1,1,3,0,0,0,2,0,7,50,0,220,220,8,29,40,1,0,0,0,0
1273414,3,2021,2021,11,4,9,5,31,148,34609,1,0,1,-36.037454,146.92944,0,2,1,1,3,0,0,0,3,0,7,60,0,78,78,8,5,40,1,0,0,0,0
1273415,3,2021,2021,11,1,7,18,31,20,34609,0,1,1,-31.036749,152.870807,34,2,1,1,3,0,0,0,2,0,7,50,0,941,941,1,5,5,2,0,0,0,0
1273416,3,2021,2021,1,5,3,7,27,1,34609,0,1,1,-33.881032,149.637793,51,1,0,0,3,0,0,0,1,0,7,100,0,4552,5151,8,3,40,1,0,0,0,0
1273418,3,2021,2021,5,3,2,2126,17,609,2149,0,1,10,-33.800536,150.903675,7,0,2,1,2,0,0,0,0,2,7,80,2,926,926,4,5,0,2,0,0,0,0
1273422,3,2021,2021,1,6,9,2,1,24,34609,0,1,10,-33.966438,151.248311,59,0,2,1,0,0,0,0,0,0,15,50,0,9859,9859,8,30,40,1,0,0,0,0
1273423,3,2021,2021,11,4,8,12,27,293,34609,0,1,1,-33.941194,151.247219,59,0,2,1,2,0,0,0,3,0,7,50,0,9859,9859,1,30,13,2,0,0,0,0
1273424,3,2021,2021,11,4,5,51,31,53,34609,0,1,1,-31.090764,150.932273,70,2,1,1,3,0,0,0,2,0,7,50,0,248,248,1,10,5,2,0,0,0,0
1273425,3,2021,2021,11,0,4,93,1,154,220,0,1,9,-33.717722,150.953371,71,0,2,1,3,0,0,0,2,0,0,60,2,2852,2852,4,9,10,2,0,0,0,0
1273453,3,2021,2021,1,2,3,177,22,210,176,1,0,2,-34.03364,151.09709,68,0,2,1,2,0,0,3,1,0,7,60,2,9859,9859,1,34,36,4,0,0,0,0
1273454,3,2021,2021,1,5,11,8,1,78,34609,0,1,1,-33.857892,151.010624,21,0,2,1,2,0,3,4,0,0,7,50,0,489,489,8,5,40,1,0,0,0,0
1273473,3,2021,2021,1,2,7,485,27,187,769,0,1,10,-33.78641,150.995437,54,0,2,1,1,0,0,0,2,2,7,60,2,6545,6545,4,5,13,3,0,0,0,0
1273502,3,2021,2021,1,2,10,19,27,87,34609,1,0,2,-33.683885,150.932207,71,0,2,1,2,0,0,0,0,0,7,60,0,1383,1383,1,0,5,2,0,0,0,0
1273504,3,2021,2021,5,3,1,9,27,19,34609,0,1,9,-34.08934,150.830022,13,0,2,0,2,0,0,0,0,0,7,60,0,4552,5151,8,10,40,1,0,0,0,0
1273507,3,2021,2021,6,3,10,1,1,83,34609,0,1,1,-30.118061,153.191133,19,2,1,1,2,0,0,0,0,0,7,50,0,220,220,8,0,40,1,0,0,0,0
1273518,3,2021,2021,1,6,7,1,1,43,34609,0,1,9,-33.762185,151.249255,50,0,2,1,1,0,0,0,2,0,6,50,0,9859,9859,8,5,40,1,0,0,0,0
1273520,3,2021,2021,5,4,0,512,17,562,441,0,1,9,-32.274354,148.675594,22,1,0,1,0,0,3,4,0,0,15,110,2,4026,4026,8,5,40,1,0,0,0,0
1273523,3,2021,2021,1,2,0,8,31,142,34609,0,1,1,-33.830514,150.996683,21,0,2,1,2,0,0,0,0,0,7,50,0,4026,4026,8,5,40,1,0,0,0,0
1273527,3,2021,2021,11,6,8,2209,17,144,2205,0,1,9,-34.064768,151.017645,68,0,2,1,3,0,0,0,3,2,7,70,2,5929,5929,1,5,0,2,0,0,0,0
1273553,3,2021,2021,11,3,7,137,14,24,70,0,1,2,-32.775691,151.45613,17,1,0,1,1,0,0,0,2,0,7,110,2,9859,9859,8,5,40,1,0,0,0,0
1273561,3,2021,2021,11,6,5,38,27,290,159,0,1,1,-33.949385,151.128877,4,0,2,1,3,0,0,0,2,0,7,60,2,1109,787,1,5,5,2,0,0,0,0
1273576,3,2021,2021,11,0,9,230,27,175,284,0,1,1,-33.7737,151.087293,54,0,2,0,2,0,0,0,0,0,7,60,2,3775,3775,0,0,5,3,0,0,0,0
1273583,3,2021,2021,11,6,0,5,27,9,34609,0,1,1,-28.841132,153.19407,39,2,1,0,0,0,0,0,0,0,7,80,0,52,52,6,5,40,1,0,0,0,0
1273586,3,2021,2021,11,0,8,7,31,237,34609,0,1,10,-33.870049,150.957764,24,0,2,1,3,0,0,0,2,2,7,40,0,5929,5929,1,5,5,2,0,0,0,0
1273590,3,2021,2021,11,5,3,515,14,166,518,0,1,3,-33.944158,150.984532,15,0,2,1,3,0,0,0,2,0,7,100,2,14295,14295,3,33,13,3,0,0,0,0
1273591,3,2021,2021,10,0,8,44,27,119,126,0,1,9,-32.757899,151.781458,57,2,1,1,3,0,0,0,3,0,15,70,2,2852,2852,4,5,5,2,0,0,0,0
1273592,3,2021,2021,11,4,6,44,27,119,126,0,1,1,-32.75678,151.774293,57,2,1,1,3,0,0,3,2,0,7,60,2,9859,9859,8,30,40,1,0,0,0,0
1273593,3,2021,2021,11,5,4,55,27,112,70,0,1,1,-33.699591,151.028098,31,0,2,1,3,0,0,0,2,0,7,60,2,1981,1981,4,0,0,2,0,0,0,0
1273596,3,2021,2021,11,5,7,2209,17,44,2205,0,1,9,-33.944542,151.14191,4,0,2,1,3,0,0,0,2,2,7,60,2,5929,5929,1,5,5,2,0,0,0,0
1273598,3,2021,2021,1,0,9,26,27,92,25,0,1,2,-33.972041,150.817331,13,0,2,1,3,0,0,0,0,0,7,70,1,14295,14295,3,0,5,2,0,0,0,0
1273600,3,2021,2021,11,1,9,28,31,96,19,0,1,10,-33.381848,148.010338,51,2,1,1,3,0,0,0,0,0,7,50,1,515,515,1,0,5,2,0,0,0,0
1273601,3,2021,2021,11,1,7,12,27,18,34609,0,1,10,-32.960622,151.710724,37,0,2,1,3,0,0,0,2,0,0,60,0,14295,14295,3,5,36,2,0,0,0,0
1273605,3,2021,2021,11,0,8,387,36,86,69,0,1,9,-33.738806,151.220138,50,0,2,1,2,0,0,0,2,2,7,70,2,14295,14295,3,10,5,2,0,0,0,0
1273631,3,2021,2021,1,3,6,3371,17,463,3342,0,1,10,-30.283806,153.126776,19,2,1,1,3,0,0,0,2,2,7,60,2,14295,14295,3,29,5,2,0,0,0,0
1273632,3,2021,2021,1,6,10,2261,17,32,2252,0,1,3,-34.256771,150.654811,79,1,2,1,2,0,0,0,3,0,7,110,2,3775,3775,0,33,12,2,0,0,0,0
1273636,3,2021,2021,11,6,7,6,1,167,34609,0,1,10,-33.852154,151.063843,54,0,2,1,3,0,0,0,2,2,7,60,0,5929,5929,1,9,5,2,0,0,0,0
1273640,3,2021,2021,11,1,8,1,31,316,34609,0,1,10,-33.922287,151.242245,59,0,2,1,0,0,3,4,2,0,7,50,0,237,397,1,5,5,2,0,0,0,0
1273660,3,2021,2021,6,4,11,8,27,43,34609,0,1,1,-33.213851,151.517707,16,2,2,1,2,0,0,0,0,0,7,50,0,9859,9859,1,34,5,4,0,0,0,0
1273664,3,2021,2021,11,2,9,32,31,460,34609,0,1,1,-33.827755,150.96961,21,0,2,1,0,0,0,0,3,0,7,50,0,190,190,1,5,5,2,0,0,0,0
1273671,3,2021,2021,11,6,3,13,27,16,34609,0,1,9,-33.815469,151.089652,61,0,2,0,1,0,0,0,2,0,0,50,0,256,256,4,8,5,2,0,0,0,0
1273673,3,2021,2021,1,1,10,361,32,62,96,0,1,1,-33.894001,151.149422,32,0,2,1,3,0,0,0,0,0,7,60,2,3775,3775,0,5,36,2,0,0,0,0
1273674,3,2021,2021,11,3,9,109,36,90,108,0,1,2,-28.261276,153.520909,72,1,0,1,3,0,3,4,0,0,7,100,1,9859,9859,8,34,40,1,0,0,0,0
1273676,3,2021,2021,11,2,7,195,27,76,186,0,1,2,-33.922807,150.849448,41,0,2,0,3,0,0,0,2,0,7,70,2,14295,14295,3,5,5,3,0,0,0,0
1273683,3,2021,2021,11,2,10,3,31,155,34609,0,1,10,-33.138154,148.176434,53,2,1,1,3,0,0,0,0,0,0,50,0,301,301,4,5,0,2,0,0,0,0
1273684,3,2021,2021,11,2,6,204,31,28,82,1,0,9,-35.142534,147.351059,75,2,1,1,3,0,0,0,2,0,7,60,1,775,775,4,0,13,2,0,0,0,0
1273686,3,2021,2021,11,5,8,12,10,26,8,0,1,1,-34.022896,151.08695,68,0,2,0,3,0,0,0,2,0,7,60,1,1391,1391,1,9,13,2,0,0,0,0
1273687,3,2021,2021,11,5,5,97,31,363,92,0,1,10,-33.815594,150.99741,54,0,2,1,3,0,0,0,2,2,7,50,1,14295,14295,3,5,5,2,0,0,0,0
1273689,3,2021,2021,11,5,3,3371,17,131,3342,0,1,9,-33.787416,151.17893,77,0,2,1,3,0,0,0,2,1,7,60,2,623,623,3,5,5,2,0,0,0,0
1273690,3,2021,2021,11,5,4,1104,14,204,962,0,1,3,-33.875731,151.126754,32,0,2,1,3,0,0,0,2,0,7,80,2,14295,14295,3,5,36,3,0,0,0,0
1273694,3,2021,2021,11,4,6,512,17,433,441,0,1,10,-33.284165,149.103632,52,2,1,1,3,0,3,0,2,2,7,50,2,5929,5929,1,5,12,2,0,0,0,0
1273696,3,2021,2021,11,0,10,1,27,78,34609,0,1,1,-34.469817,150.846481,80,0,2,0,0,0,0,0,0,0,7,50,0,2585,4009,8,5,40,1,0,0,0,0
1273697,3,2021,2021,11,5,3,19,31,234,34609,0,1,10,-34.28833,146.032852,28,2,1,0,3,0,0,0,1,0,0,50,0,6545,6545,4,10,5,2,0,0,0,0
1273702,3,2021,2021,11,1,9,1052,10,41,34609,0,1,1,-30.362056,153.09164,19,2,1,0,3,2,0,0,0,0,7,50,0,4552,5151,8,5,40,1,0,0,0,0
1273703,3,2021,2021,11,6,7,82,27,84,181,0,1,1,-33.895338,151.271687,76,0,2,1,2,0,3,4,2,0,7,50,2,9859,9859,1,0,12,2,0,0,0,0
1273711,3,2021,2021,11,3,10,4,27,45,34609,0,1,1,-34.289369,150.580105,79,2,2,1,3,0,0,0,0,0,7,60,0,4026,4026,1,10,5,2,0,0,0,0
1273713,3,2021,2021,10,0,3,11,31,215,82,0,1,9,-35.121856,147.355273,75,2,1,1,3,0,0,3,2,0,15,50,1,775,775,4,10,5,2,0,0,0,0
1273726,3,2021,2021,11,5,6,4,22,176,159,0,1,1,-33.953469,151.136191,4,0,2,0,0,0,0,0,2,0,7,60,2,3775,3775,0,5,36,2,0,0,0,0
1273729,3,2021,2021,11,6,8,26,27,92,25,0,1,1,-33.983907,150.843678,41,0,2,1,1,0,0,0,2,0,7,70,1,3775,3775,0,5,0,2,0,0,0,0
1273734,3,2021,2021,11,6,1,294,17,9,288,0,1,1,-35.115455,147.253475,75,1,0,1,3,0,0,0,0,0,7,100,2,1089,1089,7,3,40,1,0,0,0,0
1273741,3,2021,2021,11,2,0,6,27,63,34609,0,1,1,-33.25167,151.477853,16,2,2,1,2,0,0,0,0,0,7,50,0,9859,9859,1,5,5,2,0,0,0,0
1273743,3,2021,2021,11,3,2,76,27,85,148,0,1,9,-32.935921,151.735137,48,0,2,1,1,0,0,0,1,0,0,60,1,4026,4026,8,0,40,1,0,0,0,0
1273745,3,2021,2021,11,4,11,93,1,161,34609,0,1,1,-33.72295,151.161782,36,0,2,1,2,0,0,0,0,0,7,50,0,4026,4026,8,10,40,1,0,0,0,0
1273750,3,2021,2021,11,1,6,55,1,167,34609,0,1,10,-33.83992,151.068649,54,0,2,1,3,0,0,0,2,0,15,60,0,5929,5929,1,0,5,2,0,0,0,0
1273752,3,2021,2021,11,6,9,283,27,253,702,0,1,10,-33.963654,151.092928,25,0,2,1,3,0,0,3,4,2,7,60,2,5929,5929,1,5,5,2,0,0,0,0
1273753,3,2021,2021,11,3,6,1,27,8,34609,0,1,1,-28.669929,153.426266,10,1,0,0,3,0,3,4,2,0,7,100,0,1259,5151,8,30,40,1,0,0,0,0
1273754,3,2021,2021,11,3,0,115,27,96,173,0,1,2,-34.234801,150.679407,79,2,2,1,3,0,3,4,0,0,7,80,2,945,945,5,0,40,1,0,0,0,0
1273759,3,2021,2021,1,6,7,478,17,45,480,0,1,10,-33.342638,151.494428,16,2,2,1,3,0,0,0,2,0,0,50,2,1669,1669,3,5,0,2,0,0,0,0
1273760,3,2021,2021,11,4,6,119,31,173,34609,0,1,10,-33.875354,151.22189,69,0,2,1,3,0,0,0,2,2,7,50,0,14295,14295,3,30,5,3,0,0,0,0
1273761,3,2021,2021,11,4,10,12,27,36,42,0,1,1,-35.412938,149.8113,58,1,0,1,3,0,0,0,0,0,7,100,1,9859,9859,8,5,40,1,0,0,0,0
1273762,3,2021,2021,11,2,8,14,31,135,34609,0,1,10,-32.898728,151.744479,48,0,2,1,3,0,0,0,0,0,0,50,0,5929,5929,1,30,5,2,0,0,0,0
1273763,3,2021,2021,11,5,9,2126,17,179,2149,0,1,2,-33.761864,150.733935,55,0,2,1,3,0,0,0,3,0,7,60,2,1282,1282,1,29,5,2,0,0,0,0
1273764,3,2021,2021,11,3,0,10,10,2,34609,0,1,1,-33.895562,151.027319,15,0,2,0,2,0,0,0,0,0,7,50,0,2585,4009,8,10,40,1,0,0,0,0
1273765,3,2021,2021,11,4,6,168,17,42,212,0,1,7,-35.350122,149.240818,58,2,1,1,1,0,0,0,2,0,0,60,2,1192,1192,1,9,5,2,0,0,0,0
1273769,3,2021,2021,11,2,6,42,31,150,34609,0,1,10,-33.920138,151.231641,59,0,2,1,0,0,0,0,2,0,15,50,0,1282,1282,1,33,0,2,0,0,0,0
1273785,3,2021,2021,11,3,2,1,1,6,34609,0,1,1,-33.824536,151.162355,38,0,2,1,3,0,3,4,0,0,7,50,0,248,248,1,10,13,2,0,0,0,0
1273786,3,2021,2021,11,6,7,133,31,161,51,0,1,9,-33.883844,151.156218,32,0,2,1,3,0,3,3,2,0,0,50,1,1109,787,1,5,24,2,0,0,0,0
1273789,3,2021,2021,11,2,9,19,27,22,122,0,1,10,-34.529961,150.869265,80,0,2,1,3,0,0,0,3,2,7,60,2,5929,5929,1,0,13,2,0,0,0,0
1273793,3,2021,2021,11,2,5,11,1,72,74,0,1,10,-33.840072,151.091281,14,0,2,1,3,0,0,0,2,0,15,50,1,6545,6545,4,9,0,2,0,0,0,0
1273795,3,2021,2021,11,3,9,23,27,36,38,0,1,1,-33.60907,148.663114,51,1,0,1,3,0,0,0,0,0,7,100,2,1089,1089,7,0,40,1,0,0,0,0
1273796,3,2021,2021,11,2,8,230,27,173,284,0,1,6,-33.794086,151.134572,61,0,2,0,3,0,0,0,0,0,7,70,2,1957,4009,8,5,40,1,0,0,0,0
1273797,3,2021,2021,11,5,4,38,31,76,34609,0,1,1,-35.355848,150.465204,63,2,1,1,3,0,0,0,2,0,7,50,0,175,188,1,10,4,2,0,0,0,0
1273799,3,2021,2021,11,4,4,44,31,91,34609,0,1,11,-32.798456,151.653655,48,0,2,1,3,0,0,0,2,0,15,50,0,3775,3775,0,0,5,2,0,0,0,0
1273801,3,2021,2021,11,4,6,8,31,273,34609,0,1,1,-34.420814,150.883556,80,0,2,1,3,0,0,0,2,0,7,50,0,9859,9859,1,8,5,2,0,0,0,0
1273814,3,2021,2021,11,1,2,150,27,173,415,0,1,10,-33.785107,151.128384,61,0,2,1,2,0,0,0,0,2,7,70,2,14295,14295,3,9,10,2,0,0,0,0
1273821,3,2021,2021,11,5,1,6,1,234,61,0,1,2,-34.293984,146.049528,28,2,1,1,3,0,0,0,0,0,7,60,2,4026,4026,8,5,40,1,0,0,0,0
1273823,3,2021,2021,6,4,6,220,14,67,220,0,1,3,-34.419466,150.873196,80,0,2,1,0,0,0,0,2,0,7,90,2,404,404,8,0,40,1,0,0,0,0
1273835,3,2021,2021,5,2,11,76,24,164,154,0,1,2,-33.72452,150.893214,7,0,2,0,1,0,0,0,0,0,7,70,1,4552,5151,8,0,40,1,0,0,0,0
1273844,3,2021,2021,1,6,4,34,27,225,69,0,1,9,-33.795798,151.174876,77,0,2,1,3,0,0,0,2,0,0,50,2,2852,2852,4,0,5,2,0,0,0,0
1273850,3,2021,2021,1,1,4,16,10,67,22,0,1,9,-33.392202,151.345428,16,2,2,0,1,0,0,0,2,0,0,50,1,3775,3775,0,34,36,2,0,0,0,0
1273854,3,2021,2021,5,4,9,2,31,28,34609,0,1,9,-33.91819,150.884369,41,0,2,1,2,0,0,0,2,0,7,50,0,9859,9859,8,30,40,1,0,0,0,0
1273855,3,2021,2021,6,5,7,3371,17,173,3342,1,0,9,-33.72789,151.120053,36,0,2,0,0,0,2,0,2,2,7,60,2,4552,5151,8,5,40,1,0,0,0,0
1273868,3,2021,2021,5,0,4,6,1,22,34609,0,1,10,-32.858817,149.973455,44,2,1,1,1,0,0,0,2,0,0,50,0,5929,5929,1,5,5,2,0,0,0,0
1273870,3,2021,2021,5,4,7,14,27,3,34609,0,1,1,-30.766187,152.718026,47,1,0,0,1,0,0,0,2,0,7,90,0,1089,1089,7,0,40,1,0,0,0,0
1273884,3,2021,2021,1,4,5,8,31,176,34609,0,1,1,-33.963599,151.133895,25,0,2,1,3,0,0,0,2,0,7,40,0,248,248,1,5,0,3,0,0,0,0
1273902,3,2021,2021,10,0,8,475,10,100,268,1,0,9,-33.896123,150.892607,24,0,2,1,3,0,3,0,2,2,7,60,2,4552,985,8,5,40,1,0,0,0,0
1273904,3,2021,2021,11,4,6,71,36,23,11,0,1,1,-31.743486,145.950686,51,1,0,1,3,0,0,0,2,0,7,100,2,945,945,5,26,40,1,0,0,0,0
1273909,3,2021,2021,10,2,11,125,27,8,144,0,1,1,-32.829861,151.841488,57,1,0,1,3,0,0,0,0,0,7,100,2,1089,1089,7,8,40,1,0,0,0,0
1273917,3,2021,2021,11,2,10,15,31,166,34609,0,1,1,-33.416174,149.57395,3,2,1,1,3,0,0,0,0,0,7,50,0,9859,9859,1,10,0,2,0,0,0,0
1273920,3,2021,2021,10,0,8,169,27,16,54,0,1,2,-34.019139,151.047973,68,0,2,0,3,0,3,4,2,0,7,80,2,4552,5151,8,10,40,1,0,0,0,0
1273930,3,2021,2021,10,3,9,13,31,87,34609,0,1,9,-28.807925,153.285588,39,2,1,1,2,0,0,0,0,0,7,50,0,1850,985,5,9,40,1,0,0,0,0
1273933,3,2021,2021,11,2,7,866,17,77,793,0,1,10,-33.730908,151.081233,31,0,2,1,1,0,0,0,2,2,7,70,2,1383,1383,1,5,5,2,0,0,0,0
1273935,3,2021,2021,10,2,5,4,27,337,34609,0,1,9,-33.735058,150.995604,71,0,2,1,3,0,0,0,2,0,7,50,0,782,985,5,5,40,1,0,0,0,0
1273944,3,2021,2021,11,6,6,308,14,323,311,0,1,3,-33.805563,150.852877,7,0,2,1,3,0,0,0,2,0,7,100,2,14295,14295,3,8,13,3,0,0,0,0
1273945,3,2021,2021,10,6,5,3,31,58,34609,0,1,4,-28.538232,153.550644,10,2,1,0,3,0,0,0,2,0,7,50,0,175,188,1,8,0,2,0,0,0,0
1273946,3,2021,2021,10,1,6,9,27,26,34609,0,1,1,-31.248481,152.955221,34,1,0,0,3,0,0,0,2,0,7,100,0,1957,4009,8,5,40,1,0,0,0,0
1273948,3,2021,2021,10,6,4,70,27,84,34609,0,1,9,-33.80596,150.988894,54,0,2,1,3,0,0,0,2,0,15,40,0,2852,2852,4,0,5,2,0,0,0,0
1273954,3,2021,2021,10,0,8,25,27,202,18,0,1,1,-33.961177,151.028171,15,0,2,1,3,0,3,4,2,0,7,60,1,9859,9859,1,5,5,2,0,0,0,0
1273955,3,2021,2021,10,2,4,26,27,7,34609,0,1,1,-34.886853,148.94443,82,1,0,0,3,0,3,4,2,0,7,100,0,782,957,5,5,40,1,0,0,0,0
1273956,3,2021,2021,10,6,7,57,27,30,126,0,1,9,-32.767369,151.63072,42,2,1,1,3,0,0,0,2,0,7,80,2,1669,1669,3,5,0,2,0,0,0,0
1273957,3,2021,2021,10,6,5,34,31,98,260,0,1,10,-33.005633,151.594668,37,0,2,1,3,0,0,0,2,0,7,60,2,1669,1669,3,9,13,2,0,0,0,0
1273958,3,2021,2021,10,5,7,59,27,252,41,0,1,1,-33.935363,150.868727,41,0,2,1,3,0,0,0,2,0,7,60,1,1109,787,1,10,5,2,0,0,0,0
1273978,3,2021,2021,11,6,6,24,27,7,24,0,1,1,-34.859545,150.717761,63,2,1,1,3,0,0,0,2,0,7,80,1,4026,4026,8,0,40,1,0,0,0,0
1273983,3,2021,2021,11,6,6,2,31,104,34609,0,1,7,-33.723325,150.937565,7,0,2,0,3,2,3,4,2,0,0,50,0,1259,5151,8,5,40,1,0,0,0,0
1273984,3,2021,2021,10,3,11,829,27,26,770,1,0,2,-33.838821,151.142729,51,0,2,0,3,0,0,0,0,0,7,70,2,14295,14295,3,0,0,2,0,0,0,0
1273985,3,2021,2021,11,4,8,12,24,55,34609,0,1,7,-35.381783,149.200237,58,2,1,0,3,0,3,3,2,0,0,50,0,4552,5151,8,5,40,1,0,0,0,0
1273986,3,2021,2021,10,1,5,24,27,246,99,0,1,9,-33.904325,151.193547,69,0,2,1,3,0,0,0,2,2,7,50,2,14295,14295,3,5,5,2,0,0,0,0
1273992,3,2021,2021,10,2,7,20,31,155,95,0,1,9,-33.140131,148.175608,53,2,1,0,3,0,0,0,2,0,0,50,2,14295,14295,3,10,5,2,0,0,0,0
1273994,3,2021,2021,11,5,11,1,31,137,34609,0,1,9,-32.975352,151.700531,37,0,2,0,2,0,0,0,0,0,7,50,0,489,489,8,5,40,1,0,0,0,0
1274001,3,2021,2021,10,2,8,12,31,29,34609,0,1,1,-29.014791,153.430283,60,2,1,1,1,0,0,0,2,0,7,50,0,9859,9859,8,5,40,1,0,0,0,0
1274010,3,2021,2021,11,5,10,3,31,68,34609,0,1,10,-34.855953,148.91405,82,2,1,1,0,0,0,0,0,0,0,50,0,4026,4026,8,5,40,1,0,0,0,0
1274014,3,2021,2021,1,0,11,162,31,363,34609,0,1,1,-33.750631,150.708581,55,0,2,1,2,0,0,0,0,0,7,50,0,9859,9859,1,0,12,2,0,0,0,0
1274015,3,2021,2021,11,1,10,9,31,532,34609,0,1,9,-33.876081,151.204058,69,0,2,1,2,0,0,0,0,0,7,40,0,945,945,5,0,40,1,0,0,0,0
1274017,3,2021,2021,11,2,8,95,31,1,33,0,1,1,-32.559776,151.19589,64,2,1,1,0,0,0,0,2,0,7,60,1,14295,14295,3,10,0,2,0,0,0,0
1274019,3,2021,2021,11,0,5,132,31,174,126,1,0,10,-33.889674,151.206082,69,0,2,1,1,0,0,0,2,2,7,50,2,395,395,1,3,5,2,0,0,0,0
1274021,3,2021,2021,11,0,11,294,17,16,288,0,1,1,-34.620887,143.385081,51,1,0,1,0,0,3,4,0,0,7,110,2,945,945,5,29,40,1,0,0,0,0
1274029,3,2021,2021,11,6,3,296,27,147,293,0,1,2,-33.864436,150.990242,15,0,2,1,1,0,0,0,1,0,7,70,2,9859,9859,8,5,40,1,0,0,0,0
1274030,3,2021,2021,1,4,2,478,17,128,480,0,1,2,-33.426723,151.314971,16,2,2,0,1,0,0,0,0,0,7,70,2,52,52,8,5,40,1,0,0,0,0
1274040,3,2021,2021,10,1,8,1,27,31,34609,0,1,1,-31.12696,150.923719,70,2,1,1,1,0,0,0,2,0,7,50,0,1282,1282,1,0,40,1,0,0,0,0
1274050,3,2021,2021,11,6,11,175,27,55,220,0,1,9,-33.738672,150.917745,7,0,2,0,2,0,3,4,0,2,7,70,2,782,985,5,5,40,1,0,0,0,0
1274052,3,2021,2021,11,3,2,16,31,64,18,0,1,1,-33.956639,151.002053,15,0,2,1,2,0,3,0,0,0,7,60,1,9859,9859,1,33,5,2,0,0,0,0
1274070,3,2021,2021,10,6,6,37,31,273,87,0,1,1,-34.43564,150.897749,80,0,2,1,3,0,0,0,2,0,7,60,2,220,220,1,8,19,2,0,0,0,0
1274071,3,2021,2021,11,6,6,916,17,5,917,0,1,1,-30.130406,151.684103,1,1,0,1,3,0,0,0,2,0,7,100,2,4026,4026,8,10,40,1,0,0,0,0
1274074,3,2021,2021,10,6,8,57,27,337,47,0,1,9,-33.726388,150.990221,71,0,2,1,3,0,0,0,2,2,7,60,2,14295,14295,3,5,0,2,0,0,0,0
1274077,3,2021,2021,10,2,10,6,27,84,25,0,1,1,-33.475102,151.405144,16,2,2,0,3,0,3,3,0,0,7,60,1,782,957,5,10,40,1,0,0,0,0
1274078,3,2021,2021,10,6,3,105,17,223,136,0,1,9,-33.798147,150.917707,7,0,2,1,3,0,0,0,2,2,7,60,2,2852,2852,4,0,0,2,0,0,0,0
1274080,3,2021,2021,11,6,7,7,10,63,34609,0,1,9,-33.247982,151.506055,16,2,2,0,3,0,3,3,2,0,7,50,0,14295,14295,3,5,7,2,0,0,0,0
1274081,3,2021,2021,1,5,3,1052,14,60,928,0,1,3,-33.429219,151.241572,16,1,2,0,3,0,3,4,2,0,7,110,2,404,404,8,0,40,1,0,0,0,0
1274082,3,2021,2021,11,2,11,48,10,7,34609,0,1,1,-31.405791,152.819884,56,2,1,1,3,0,0,0,0,0,7,80,0,1089,1089,7,5,40,1,0,0,0,0