Crash ID,Degree of crash - detailed,Reporting year,Year of crash,Month of crash,Day of week of crash,Two-hour intervals,Street of crash,Street type,Town,Route no.,School zone location,School zone active,Type of location,Latitude,Longitude,LGA,Urbanisation,Conurbation 1,Alignment,Street lighting,Road surface,Surface condition,Weather,Natural lighting,Signals operation,Other traffic control,Speed limit,Road classification,RUM - code,DCA - code,First impact type,Key TU type,Other TU type,No. of traffic units involved,No. killed,No. seriously injured,No. moderately injured,No. minor-other injured
1274084,3,2021,2021,10,4,4,294,17,215,288,0,1,10,-35.117109,147.356285,75,2,1,1,3,0,0,0,2,2,7,60,2,5929,5929,1,5,13,2,0,0,0,0
1274085,3,2021,2021,10,5,0,481,17,8,483,0,1,1,-34.563475,146.812968,51,2,1,1,3,0,0,0,0,0,7,60,2,84,84,8,3,40,1,0,0,0,0
1274086,3,2021,2021,11,0,5,111,27,16,233,0,1,9,-33.925096,151.227937,4,0,2,0,3,0,0,0,2,2,7,60,2,2852,2852,4,10,5,2,0,0,0,0
1274087,3,2021,2021,11,6,3,67,27,100,15,0,1,1,-33.805117,151.159229,77,0,2,1,1,0,0,0,2,0,7,50,1,9859,9859,1,10,5,2,0,0,0,0
1274088,3,2021,2021,11,1,9,478,17,69,480,0,1,1,-33.354129,151.488296,16,2,2,1,3,0,0,0,0,0,7,50,2,4026,4026,8,0,40,1,0,0,0,0
1274092,3,2021,2021,11,4,4,230,27,84,284,0,1,2,-33.770783,151.096969,61,0,2,0,3,0,0,0,2,0,7,70,2,4552,5151,1,8,12,2,0,0,0,0
1274093,3,2021,2021,10,4,7,16,27,271,34609,0,1,1,-33.948336,151.023137,15,0,2,1,3,0,0,0,2,0,7,50,0,1282,1282,1,5,40,1,0,0,0,0
1274096,3,2021,2021,10,0,7,23,27,53,36,0,1,1,-35.181174,149.288087,58,1,0,1,3,0,0,0,2,0,7,90,1,623,623,3,5,36,2,0,0,0,0
1274098,3,2021,2021,11,4,8,1,7,46,34609,0,1,1,-33.885119,150.959666,24,0,2,0,3,0,3,4,3,0,7,50,0,1957,4009,1,5,5,2,0,0,0,0
1274100,3,2021,2021,10,6,5,50,27,304,140,0,1,9,-33.904139,151.168355,32,0,2,1,3,0,0,0,2,2,7,60,1,1669,1669,3,0,12,2,0,0,0,0
1274103,3,2021,2021,10,4,3,9,31,273,34609,0,1,1,-34.429619,150.89858,80,0,2,1,3,0,0,0,2,0,7,50,0,1981,1981,4,0,5,2,0,0,0,0
1274108,3,2021,2021,10,5,9,7,31,215,34609,0,1,10,-35.114491,147.357142,75,2,1,1,3,0,0,0,3,0,0,50,0,6545,6545,4,5,5,2,0,0,0,0
1274109,3,2021,2021,10,5,5,14,31,48,34609,0,1,1,-28.245214,153.567924,72,2,1,1,3,0,0,0,2,0,7,50,0,1981,1981,4,9,0,2,0,0,0,0
1274112,3,2021,2021,11,4,5,55,31,218,34609,0,1,7,-33.767583,150.788535,55,0,2,1,3,0,0,3,2,0,0,50,0,6545,6545,4,0,40,2,0,0,0,0
1274116,3,2021,2021,10,2,10,44,27,253,331,1,0,9,-33.962298,151.112782,25,0,2,0,3,0,3,3,0,2,7,60,2,623,623,3,5,10,2,0,0,0,0
1274120,3,2021,2021,10,6,4,346,17,44,332,0,1,7,-28.861012,153.519403,2,2,1,1,3,0,0,0,2,0,0,60,2,14295,14295,3,0,0,2,0,0,0,0
1274121,3,2021,2021,10,0,7,82,31,363,369,0,1,9,-33.758942,150.711374,55,0,2,1,3,0,3,4,2,0,7,70,2,515,515,1,5,5,2,0,0,0,0
1274122,3,2021,2021,11,4,4,3,10,54,34609,0,1,7,-33.238285,151.497185,16,2,2,1,3,0,0,0,2,0,0,50,0,1981,1981,4,0,0,2,0,0,0,0
1274125,3,2021,2021,10,0,11,829,27,125,770,1,0,9,-33.832865,151.126998,51,0,2,0,2,0,0,3,0,3,7,60,2,418,777,5,30,40,1,0,0,0,0
1274126,3,2021,2021,11,4,9,5,31,80,34609,0,1,1,-33.75167,150.650463,55,0,2,1,2,0,3,0,0,0,7,50,0,1282,1282,1,33,5,2,0,0,0,0
1274131,3,2021,2021,10,4,7,205,27,45,69,0,1,10,-33.700695,151.212578,50,0,2,1,3,0,0,0,2,2,7,80,2,1669,1669,3,0,5,2,0,0,0,0
1274132,3,2021,2021,10,0,3,2209,17,176,2205,0,1,2,-33.957255,151.137766,4,0,2,1,3,0,3,3,2,0,7,60,2,1383,1383,1,5,5,2,0,0,0,0
1274136,3,2021,2021,11,1,8,14,31,131,34609,1,0,10,-36.083072,146.917808,0,2,1,1,1,0,0,0,2,2,7,50,0,6545,6545,4,0,36,2,0,0,0,0
1274152,3,2021,2021,11,0,7,2,1,63,34609,0,1,1,-33.732756,150.79957,7,0,2,0,1,0,0,0,2,0,7,50,0,1259,5151,1,5,13,2,0,0,0,0
1274153,3,2021,2021,10,0,5,11,27,18,34609,0,1,1,-33.826005,151.114511,61,0,2,1,1,0,0,0,2,0,7,50,0,9859,9859,1,33,0,2,0,0,0,0
1274173,3,2021,2021,11,6,5,2209,17,70,2205,0,1,1,-34.860702,150.600043,63,2,1,1,2,0,0,0,2,0,7,40,2,1282,1282,1,0,10,2,0,0,0,0
1274174,3,2021,2021,10,5,3,8,27,102,34609,0,1,9,-31.11404,150.905534,70,2,1,1,1,0,0,0,1,0,7,50,0,63,63,4,10,13,2,0,0,0,0
1274181,3,2021,2021,1,0,7,2126,17,161,2149,0,1,9,-33.888182,151.157613,32,0,2,1,1,0,0,0,2,2,7,60,2,5929,5929,1,27,12,2,0,0,0,0
1274195,3,2021,2021,11,6,9,6,1,112,34609,0,1,9,-33.903493,151.208844,69,0,2,1,3,0,0,0,0,0,7,50,0,775,775,4,5,5,2,0,0,0,0
1274212,3,2021,2021,11,2,6,16,31,102,34609,0,1,1,-33.961483,151.236511,59,0,2,1,1,0,0,0,2,0,7,60,0,9859,9859,1,5,0,3,0,0,0,0
1274236,3,2021,2021,5,2,7,107,22,136,34609,0,1,1,-33.920214,151.076646,15,0,2,1,0,0,0,0,2,0,7,50,0,1383,1383,1,5,36,2,0,0,0,0
1274255,3,2021,2021,10,5,8,8,27,6,34609,0,1,1,-30.926988,153.07257,34,2,1,0,3,0,3,4,2,0,7,80,0,418,714,5,0,40,1,0,0,0,0
1274262,3,2021,2021,10,1,6,125,27,53,123,0,1,10,-33.362185,151.444291,16,2,2,1,3,0,3,4,2,2,7,60,2,186,186,1,8,0,2,0,0,0,0
1274263,3,2021,2021,10,0,10,194,1,84,34609,0,1,1,-33.81202,150.984842,21,0,2,1,3,0,3,4,0,0,7,50,0,217,217,1,5,22,2,0,0,0,0
1274265,3,2021,2021,10,4,5,485,27,187,769,0,1,10,-33.78641,150.995437,54,0,2,1,3,0,0,0,2,2,7,60,2,6545,6545,4,5,5,2,0,0,0,0
1274266,3,2021,2021,10,6,7,26,31,71,34609,0,1,7,-33.766615,150.698919,55,0,2,1,3,0,3,4,2,0,0,50,0,6545,6545,4,30,5,2,0,0,0,0
1274267,3,2021,2021,10,4,8,515,14,293,518,0,1,3,-33.941073,151.040597,15,0,2,1,3,0,3,4,2,0,7,100,2,14295,14295,3,5,5,2,0,0,0,0
1274268,3,2021,2021,10,3,7,177,22,239,176,0,1,2,-34.043211,151.123802,68,0,2,1,3,0,3,4,2,0,7,60,2,14295,14295,3,0,0,2,0,0,0,0
1274269,3,2021,2021,10,5,7,2261,17,112,2252,0,1,9,-33.914273,150.928528,41,0,2,1,3,0,3,3,2,2,7,70,2,14295,14295,3,8,0,2,0,0,0,0
1274270,3,2021,2021,10,4,3,55,36,22,95,0,1,1,-33.18758,148.712937,11,1,0,0,3,0,0,0,2,0,7,100,2,2585,4009,8,29,40,1,0,0,0,0
1274277,3,2021,2021,11,4,8,283,27,145,702,1,0,2,-33.926258,151.070484,15,0,2,1,1,0,0,0,2,0,7,60,2,1282,1282,1,5,5,4,0,0,0,0
1274290,3,2021,2021,1,0,5,1,10,17,34609,0,1,1,-34.891506,150.627193,63,2,1,0,1,0,0,0,2,0,7,50,0,4552,5151,1,5,4,2,0,0,0,0
1274293,3,2021,2021,10,6,3,5,10,44,34609,0,1,1,-33.798058,150.887531,7,0,2,0,0,0,0,0,2,0,7,60,0,13,188,1,29,10,2,0,0,0,0
1274294,3,2021,2021,10,1,11,69,31,48,34609,0,1,9,-36.687321,149.847143,5,2,1,1,2,0,0,0,0,0,0,50,0,489,489,8,5,40,1,0,0,0,0
1274319,3,2021,2021,10,0,8,1,27,6,34609,0,1,1,-29.447158,153.253121,18,2,1,0,3,0,0,0,2,0,7,80,0,4552,5151,8,5,40,1,0,0,0,0
1274323,3,2021,2021,5,4,0,103,27,17,256,0,1,1,-34.118726,150.796721,13,0,2,1,0,0,0,0,0,0,7,80,2,1089,1089,7,0,40,1,0,0,0,0
1274325,3,2021,2021,10,2,10,2261,17,284,2252,0,1,9,-33.907275,151.023957,15,0,2,1,2,0,0,0,2,2,7,60,2,1669,1669,3,33,5,2,0,0,0,0
1274329,3,2021,2021,10,0,7,3,27,30,34609,0,1,1,-30.088289,145.895713,51,2,1,0,0,2,0,0,2,0,7,50,0,1850,1463,5,0,40,1,0,0,0,0
1274336,3,2021,2021,10,4,8,58,1,33,34609,0,1,1,-33.797639,151.079762,61,0,2,1,1,2,0,0,2,0,7,50,0,9859,9859,1,5,5,2,0,0,0,0
1274355,3,2021,2021,10,5,7,2126,17,107,2149,0,1,10,-33.883939,151.202184,69,0,2,1,3,0,0,0,2,2,7,40,2,6545,6545,4,10,5,2,0,0,0,0
1274356,3,2021,2021,10,1,8,1052,14,54,928,0,1,3,-33.445247,151.21846,16,1,2,1,3,0,3,4,2,0,7,110,2,1192,1192,1,5,5,2,0,0,0,0
1274360,3,2021,2021,10,5,5,192,31,316,120,0,1,1,-33.917681,151.241099,59,0,2,1,3,0,3,3,2,0,7,50,2,14295,14295,3,0,5,2,0,0,0,0
1274363,3,2021,2021,10,5,4,32,31,174,34609,0,1,9,-33.89354,151.204575,69,0,2,1,1,0,0,0,2,0,7,50,0,4552,985,1,9,5,2,0,0,0,0
1274365,3,2021,2021,10,4,8,35,31,532,34609,0,1,10,-33.876149,151.204522,69,0,2,1,3,0,0,0,2,2,7,40,0,945,945,5,5,40,1,0,0,0,0
1274366,3,2021,2021,10,5,7,11,31,273,34609,0,1,7,-34.422182,150.898143,80,0,2,1,3,0,0,0,2,0,0,50,0,175,188,8,5,40,1,0,0,0,0
1274367,3,2021,2021,10,3,8,4,18,20,34609,0,1,9,-35.951763,146.630682,51,1,0,1,3,0,0,0,2,0,7,100,0,395,395,1,5,5,2,0,0,0,0
1274370,3,2021,2021,10,0,7,3,27,39,34609,0,1,1,-33.236818,151.474757,16,2,2,1,3,0,3,4,2,0,7,50,0,9859,9859,8,5,40,1,0,0,0,0
1274371,3,2021,2021,10,1,1,515,14,252,518,0,1,3,-33.949768,150.885003,41,0,2,1,3,0,3,4,0,0,7,100,2,9859,9859,8,29,40,1,0,0,0,0
1274373,3,2021,2021,10,5,7,123,36,10,49,0,1,1,-30.180311,151.07658,51,2,1,1,3,1,2,6,2,0,7,50,2,9859,9859,8,30,40,1,0,0,0,0
1274374,3,2021,2021,10,6,10,11,2,52,34609,0,1,1,-33.270289,151.46244,16,2,2,0,3,0,0,3,0,0,7,50,0,4552,5151,1,0,4,2,0,0,0,0
1274377,3,2021,2021,11,2,2,478,17,78,480,0,1,7,-33.422679,151.438907,16,2,2,0,2,0,0,0,0,0,0,60,2,4552,5151,8,5,40,1,0,0,0,0
1274378,3,2021,2021,10,0,7,9,1,215,34609,0,1,1,-35.11758,147.348124,75,2,1,1,3,0,0,3,2,0,7,50,0,5929,5929,1,10,13,3,0,0,0,0
1274379,3,2021,2021,10,5,7,59,10,34,231,0,1,9,-33.507572,151.372711,16,2,2,0,3,0,0,0,2,0,7,60,2,52,52,6,9,40,1,0,0,0,0
1274381,3,2021,2021,10,3,7,1,31,15,34609,0,1,1,-32.973935,151.608385,37,0,2,1,3,0,0,0,2,0,7,50,0,9859,9859,1,9,0,2,0,0,0,0
1274388,3,2021,2021,10,5,6,20,27,132,148,0,1,1,-34.066786,151.056866,68,0,2,0,3,0,3,4,2,0,7,60,2,4552,5151,8,5,40,1,0,0,0,0
1274392,3,2021,2021,11,1,3,6,27,14,34609,0,1,1,-33.139564,151.587485,16,2,2,0,1,0,0,0,2,0,7,50,0,4552,5151,1,5,5,2,0,0,0,0
1274409,3,2021,2021,11,3,11,71,27,69,122,0,1,9,-34.554581,150.859868,62,0,2,1,2,0,0,0,0,2,7,70,2,4552,985,8,10,40,1,0,0,0,0
1274410,3,2021,2021,1,5,11,92,27,16,34609,0,1,1,-32.98038,151.717983,37,0,2,0,2,0,3,4,0,0,7,60,0,4552,5151,1,9,36,2,0,0,0,0
1274424,3,2021,2021,11,0,6,41,27,58,80,0,1,9,-32.982036,151.668669,37,0,2,1,1,0,0,0,2,2,7,60,1,14295,14295,3,5,0,2,0,0,0,0
1274429,3,2021,2021,10,0,8,4,10,28,34609,1,0,1,-34.081474,150.803553,13,0,2,0,0,0,3,4,2,0,7,60,0,1282,1282,1,33,5,2,0,0,0,0
1274434,3,2021,2021,10,4,3,5,31,18,34609,0,1,11,-32.962464,151.710335,37,0,2,0,3,0,3,4,2,0,0,60,0,5929,5929,1,10,5,2,0,0,0,0
1274435,3,2021,2021,10,5,2,112,27,29,769,0,1,1,-33.540542,150.63752,29,2,2,0,3,0,3,4,1,0,7,60,2,418,714,5,5,40,1,0,0,0,0
1274444,3,2021,2021,10,5,7,39,31,112,34609,0,1,9,-36.065394,146.924394,0,2,1,1,3,0,0,0,2,0,7,60,0,14295,14295,3,0,36,3,0,0,0,0
1274445,3,2021,2021,10,6,6,23,31,163,74,0,1,1,-33.861369,151.112365,14,0,2,0,3,0,3,4,2,0,7,50,1,1850,1463,5,5,40,1,0,0,0,0
1274447,3,2021,2021,11,1,3,475,10,83,268,0,1,9,-33.88369,150.857651,41,0,2,1,3,0,0,0,2,2,7,70,2,2852,2852,4,5,5,2,0,0,0,0
1274454,3,2021,2021,11,1,7,2261,17,68,2252,0,1,2,-34.773722,148.821073,82,1,0,0,3,0,3,2,2,0,7,110,2,4552,5151,8,5,40,1,0,0,0,0
1274455,3,2021,2021,10,2,5,234,27,112,217,0,1,1,-33.655142,151.020751,71,0,2,1,3,0,0,0,2,0,7,70,2,14295,14295,3,9,0,2,0,0,0,0
1274461,3,2021,2021,10,3,7,6,31,24,34609,0,1,10,-33.967909,151.251079,59,0,2,1,3,0,3,4,2,0,0,50,0,6545,6545,4,5,5,2,0,0,0,0
1274463,3,2021,2021,10,2,8,6,27,84,25,0,1,1,-33.480824,151.421961,16,2,2,0,0,0,0,0,3,0,7,60,1,3775,3775,0,10,5,2,0,0,0,0
1274469,3,2021,2021,10,2,11,169,27,22,12,0,1,1,-33.464527,150.907631,71,0,2,1,3,0,0,0,0,0,7,60,1,4026,4026,8,5,40,1,0,0,0,0
1274475,3,2021,2021,11,6,1,149,36,21,81,0,1,1,-32.126873,152.488536,43,1,0,1,0,0,0,0,0,0,7,100,2,945,945,5,5,40,1,0,0,0,0
1274479,3,2021,2021,10,5,8,65,10,132,148,0,1,1,-34.099682,151.058945,68,0,2,0,3,0,3,3,2,0,7,80,2,380,714,5,5,40,1,0,0,0,0
1274480,3,2021,2021,10,4,3,2126,17,226,2149,0,1,10,-33.779236,150.814523,7,0,2,1,3,0,0,0,2,2,7,80,2,14295,14295,3,9,5,2,0,0,0,0
1274490,3,2021,2021,10,2,6,1,1,106,34609,0,1,1,-33.911977,151.086261,15,0,2,1,3,0,0,0,2,0,7,50,0,9859,9859,1,10,13,3,0,0,0,0
1274491,3,2021,2021,10,0,4,2,1,69,34609,0,1,10,-34.554803,150.857512,62,0,2,1,3,0,0,0,2,0,0,50,0,6545,6545,4,5,5,2,0,0,0,0
1274495,3,2021,2021,11,6,6,2,27,57,34609,0,1,9,-33.360055,151.444772,16,2,2,1,3,0,0,0,2,0,15,50,0,1282,1282,1,5,40,1,0,0,0,0
1274498,3,2021,2021,11,6,6,59,27,271,17,0,1,9,-33.941287,151.018417,15,0,2,1,3,0,3,4,2,2,7,60,2,14295,14295,3,5,12,3,0,0,0,0
1274502,3,2021,2021,10,6,8,13,27,128,34609,0,1,1,-33.425306,151.31434,16,2,2,0,3,0,3,3,2,0,7,50,0,3775,3775,0,9,13,2,0,0,0,0
1274535,3,2021,2021,11,2,3,2126,17,77,53,0,1,10,-33.884358,151.198574,69,0,2,1,1,0,0,0,2,2,7,50,2,6545,6545,4,5,5,2,0,0,0,0
1274552,3,2021,2021,10,2,9,92,27,129,244,1,0,10,-33.895616,151.107284,15,0,2,1,2,0,0,0,0,0,7,60,2,4552,985,8,10,40,2,0,0,0,0
1274554,3,2021,2021,10,5,6,230,27,84,284,0,1,10,-33.777746,151.108073,61,0,2,1,1,0,3,3,2,2,7,70,2,14295,14295,3,30,40,3,0,0,0,0
1274559,3,2021,2021,10,4,3,6,31,15,34609,0,1,1,-33.891498,151.050061,15,0,2,1,0,0,0,0,1,0,7,60,0,1282,1282,1,33,5,2,0,0,0,0
1274569,3,2021,2021,10,5,3,169,27,22,12,0,1,9,-33.432529,150.921402,71,0,2,0,3,0,3,4,2,0,0,50,1,2585,777,8,10,40,1,0,0,0,0
1274570,3,2021,2021,10,4,5,44,31,35,34609,0,1,10,-34.366088,150.911941,80,0,2,1,3,0,0,0,2,0,15,50,0,6545,6545,4,5,5,2,0,0,0,0
1274572,3,2021,2021,10,3,4,35,27,32,34,0,1,1,-30.155665,151.596374,1,1,0,0,3,0,0,0,2,0,7,100,1,1850,1463,5,8,40,1,0,0,0,0
1274576,3,2021,2021,10,6,6,2261,17,32,2252,0,1,2,-34.834593,149.025142,82,1,0,1,3,0,0,0,2,0,7,110,2,1945,1945,5,0,40,1,0,0,0,0
1274578,3,2021,2021,11,6,1,3371,17,42,3342,0,1,9,-33.824306,151.188034,77,0,2,0,3,0,3,3,0,2,9,60,2,1957,4009,8,10,40,1,0,0,0,0
1274579,3,2021,2021,10,4,7,21,10,63,34609,0,1,9,-28.19189,153.507774,72,2,1,1,3,0,0,0,2,0,0,50,0,1391,1391,1,5,0,2,0,0,0,0
1274580,3,2021,2021,10,2,11,2209,17,157,2205,0,1,2,-34.006507,151.111998,68,0,2,0,3,0,0,3,0,0,7,70,2,2585,4009,8,5,40,1,0,0,0,0
1274585,3,2021,2021,11,0,10,14,31,65,148,0,1,10,-32.927914,151.774188,48,0,2,1,2,0,0,0,0,2,7,50,1,63,63,4,5,5,2,0,0,0,0
1274588,3,2021,2021,11,5,9,2,31,148,34609,0,1,7,-36.043264,146.938178,0,2,1,1,2,0,0,0,0,0,7,50,0,9859,9859,1,34,36,3,0,0,0,0
1274589,3,2021,2021,10,6,9,829,27,149,770,0,1,10,-33.865441,151.172106,32,0,2,1,3,0,0,0,3,2,7,60,2,6545,6545,4,10,5,2,0,0,0,0
1274595,3,2021,2021,10,1,2,77,10,38,331,0,1,1,-34.125705,150.695446,79,2,2,1,3,0,3,4,1,0,7,80,2,4026,4026,8,5,40,1,0,0,0,0
1274597,3,2021,2021,11,2,6,3,27,31,34609,0,1,1,-31.126982,150.923511,70,2,1,1,3,0,0,0,2,0,7,50,0,1669,1669,3,0,5,2,0,0,0,0
1274601,3,2021,2021,10,5,6,6,27,89,13,0,1,1,-33.659102,150.795369,55,0,2,1,1,0,0,0,2,0,7,80,1,3775,3775,0,5,5,2,0,0,0,0
1274605,3,2021,2021,10,0,9,6,31,323,34609,0,1,1,-33.758217,150.998805,71,0,2,1,3,0,0,0,3,0,7,50,0,237,162,8,0,40,1,0,0,0,0
1274608,3,2021,2021,10,0,6,4,23,58,80,0,1,1,-32.978583,151.669301,37,0,2,1,3,0,0,0,2,0,7,60,1,1109,787,1,5,5,2,0,0,0,0
1274609,3,2021,2021,10,0,8,3371,17,20,3342,0,1,2,-31.035644,152.886658,34,1,0,1,3,0,0,0,2,0,7,110,2,9859,9859,8,8,40,1,0,0,0,0
1274611,3,2021,2021,10,1,7,3371,17,16,3342,0,1,2,-31.93633,152.484983,43,1,0,1,3,0,0,0,2,0,7,110,2,475,475,5,10,40,1,0,0,0,0
1274613,3,2021,2021,10,0,5,77,31,562,34609,0,1,10,-32.25032,148.610745,22,2,1,1,1,0,0,0,2,0,15,50,0,6545,6545,4,5,41,2,0,0,0,0
1274615,3,2021,2021,10,2,8,255,27,71,166,0,1,1,-33.262606,151.52902,16,2,2,1,3,0,0,0,2,0,7,50,2,1981,1981,4,5,12,2,0,0,0,0
1274616,3,2021,2021,10,6,4,28,10,12,70,0,1,1,-31.928051,152.465146,43,2,1,1,3,0,3,3,2,0,7,70,1,14295,14295,3,10,0,4,0,0,0,0
1274617,3,2021,2021,10,6,6,4,27,84,34609,0,1,1,-33.774563,151.105272,61,0,2,1,3,0,3,4,2,0,7,50,0,9859,9859,1,5,12,3,0,0,0,0
1274618,3,2021,2021,10,2,9,2209,17,35,2205,0,1,1,-35.513018,150.322113,63,1,0,0,3,2,0,0,0,0,7,100,2,1850,1463,5,34,40,1,0,0,0,0
1274619,3,2021,2021,11,5,3,2261,17,523,2252,0,1,9,-33.937923,150.913529,41,0,2,1,3,0,0,0,1,3,7,60,2,1391,1391,1,5,35,2,0,0,0,0
1274620,3,2021,2021,11,4,7,34,1,80,34609,0,1,9,-34.554787,146.39966,51,2,1,1,3,0,0,0,2,0,0,50,0,150,150,4,9,0,2,0,0,0,0
1274622,3,2021,2021,11,4,6,15,1,363,16,0,1,1,-33.746811,150.712393,55,0,2,0,1,0,0,0,2,0,7,50,1,1957,4009,1,5,0,2,0,0,0,0
1274627,3,2021,2021,10,5,8,13,27,65,208,0,1,1,-33.860488,150.90199,24,0,2,1,3,0,0,0,3,0,7,50,1,1981,1981,4,5,5,2,0,0,0,0
1274628,3,2021,2021,10,6,6,28,31,137,54,0,1,9,-34.024588,151.055785,68,0,2,0,3,0,3,4,2,2,7,60,2,14295,14295,3,8,5,2,0,0,0,0
1274630,3,2021,2021,10,3,9,1104,11,532,770,0,1,6,-33.869087,151.203067,69,0,2,0,3,0,0,0,3,0,7,50,2,2585,4009,8,5,40,1,0,0,0,0
1274638,3,2021,2021,10,3,6,36,27,363,34609,0,1,7,-33.753315,150.690519,55,0,2,1,3,0,0,0,2,2,7,50,0,6545,6545,4,10,0,2,0,0,0,0
1274639,3,2021,2021,10,4,2,68,27,110,67,0,1,9,-33.768966,151.031131,54,0,2,1,3,0,0,0,4,2,7,60,1,14295,14295,3,5,5,2,0,0,0,0
1274640,3,2021,2021,10,1,10,229,14,323,237,0,1,3,-33.771209,150.984665,71,0,2,1,3,0,3,4,2,0,7,100,2,14295,14295,3,29,5,2,0,0,0,0
1274665,3,2021,2021,5,6,1,14,27,234,34609,0,1,1,-34.294228,146.045665,28,2,1,1,2,0,0,0,0,0,7,50,0,4026,4026,1,33,0,2,0,0,0,0
1274670,3,2021,2021,11,5,6,8,27,28,34609,0,1,7,-33.918171,150.881897,41,0,2,1,3,0,0,0,2,0,0,50,0,6545,6545,4,5,5,2,0,0,0,0
1274680,3,2021,2021,1,6,10,15,27,104,34609,0,1,1,-32.918045,151.712014,48,0,2,0,2,0,0,0,0,0,7,50,0,1957,4009,1,5,5,4,0,0,0,0
1274684,3,2021,2021,1,1,5,37,31,523,198,0,1,1,-33.926055,150.923272,41,0,2,1,1,0,0,0,2,0,7,60,2,3775,3775,0,5,12,2,0,0,0,0
1274695,3,2021,2021,10,1,4,3371,17,104,3342,0,1,2,-32.833722,151.686614,48,0,2,1,3,0,0,0,2,0,7,80,2,14295,14295,3,30,5,2,0,0,0,0
1274703,3,2021,2021,10,6,8,161,17,12,161,0,1,1,-36.598949,149.345874,65,1,0,1,3,0,3,4,2,0,7,100,2,945,945,5,10,40,1,0,0,0,0
1274705,3,2021,2021,10,4,10,19,27,143,34609,0,1,10,-33.875383,151.107464,9,0,2,1,3,0,3,4,0,2,7,50,0,5929,5929,1,5,0,2,0,0,0,0
1274706,3,2021,2021,10,0,6,7,27,11,3,0,1,1,-33.929598,147.231747,51,1,0,1,3,0,0,0,2,0,7,100,2,1089,1089,7,10,40,1,0,0,0,0
1274707,3,2021,2021,10,5,9,55,36,155,95,0,1,1,-33.146775,148.331746,53,1,0,1,3,0,3,3,3,0,7,100,2,4026,4026,8,10,40,1,0,0,0,0
1274709,3,2021,2021,10,4,3,229,14,173,237,0,1,3,-33.793712,151.136022,61,0,2,1,3,0,0,0,2,0,7,100,2,14295,14295,3,0,13,4,0,0,0,0
1274710,3,2021,2021,10,0,6,133,31,5,34609,0,1,0,-35.339124,150.472604,63,2,1,1,3,0,0,0,2,0,7,40,0,1259,985,8,5,40,1,0,0,0,0
1274714,3,2021,2021,11,4,8,162,27,174,14,0,1,1,-33.866381,150.918097,24,0,2,1,0,0,0,0,2,0,7,60,1,9859,9859,8,0,40,2,0,0,0,0
1274716,3,2021,2021,6,1,7,3371,17,51,3342,0,1,7,-33.252158,151.489844,16,2,2,0,1,0,3,0,2,0,0,70,2,2852,2852,4,5,5,2,0,0,0,0
1274718,3,2021,2021,10,2,9,3,31,147,34609,0,1,1,-33.889409,151.005501,15,0,2,1,1,0,0,0,2,0,7,60,0,1282,1282,1,33,5,2,0,0,0,0
1274720,3,2021,2021,10,0,2,7,18,43,42,0,1,1,-33.574345,150.806564,29,2,2,1,1,0,0,1,0,0,7,80,1,9859,9859,8,10,40,1,0,0,0,0
1274730,3,2021,2021,1,6,9,42,36,44,34609,0,1,1,-30.545655,153.006816,6,1,0,0,1,0,0,0,3,0,7,90,0,1089,1089,7,5,40,1,0,0,0,0
1274734,3,2021,2021,10,3,10,38,27,8,35,0,1,1,-34.629505,150.773221,35,2,1,0,0,0,0,0,0,0,7,80,1,2585,4009,8,5,40,1,0,0,0,0
1274736,3,2021,2021,11,5,5,4,27,151,34609,0,1,1,-34.018643,150.862548,13,0,2,0,1,0,0,0,2,0,7,50,0,4552,5151,1,5,5,2,0,0,0,0
1274751,3,2021,2021,11,4,9,1,31,35,34609,0,1,1,-33.87848,150.903332,24,0,2,1,2,0,0,0,3,0,7,50,0,4026,4026,1,0,5,2,0,0,0,0
1274767,3,2021,2021,1,2,7,3371,17,24,3342,1,0,10,-33.710416,151.102859,31,0,2,1,1,0,0,0,2,2,7,60,2,6545,6545,4,5,0,2,0,0,0,0
1274769,3,2021,2021,10,5,8,2,27,62,34609,0,1,2,-33.717411,150.852343,7,0,2,1,1,0,0,3,2,0,7,50,0,4026,4026,1,30,5,2,0,0,0,0
1274783,3,2021,2021,5,3,10,10,27,25,80,0,1,9,-32.99066,151.713562,37,0,2,1,2,0,0,0,0,0,0,60,1,782,985,5,5,40,1,0,0,0,0
1274784,3,2021,2021,11,6,6,15,27,11,34609,0,1,1,-35.30178,148.623005,66,1,0,0,0,2,3,3,2,0,7,100,0,782,957,5,0,40,1,0,0,0,0
1274788,3,2021,2021,11,4,2,127,27,19,103,0,1,9,-32.907302,151.748091,48,0,2,0,3,0,2,6,0,3,7,60,1,4552,5151,8,5,40,1,0,0,0,0
1274794,3,2021,2021,10,2,6,5,31,149,34609,0,1,9,-33.864412,151.172646,32,0,2,1,3,0,0,0,2,0,15,40,0,2852,2852,4,0,0,2,0,0,0,0
1274798,3,2021,2021,5,5,6,2,10,29,34609,0,1,9,-28.810074,153.592228,2,2,1,1,3,0,0,0,2,0,7,50,0,9859,9859,8,5,40,1,0,0,0,0
1274799,3,2021,2021,11,6,3,2,27,129,702,0,1,9,-33.936552,151.074495,15,0,2,1,3,0,0,0,2,0,7,60,2,941,941,1,5,0,2,0,0,0,0