Crash ID,Degree of crash - detailed,Reporting year,Year of crash,Month of crash,Day of week of crash,Two-hour intervals,Street of crash,Street type,Town,Route no.,School zone location,School zone active,Type of location,Latitude,Longitude,LGA,Urbanisation,Conurbation 1,Alignment,Street lighting,Road surface,Surface condition,Weather,Natural lighting,Signals operation,Other traffic control,Speed limit,Road classification,RUM - code,DCA - code,First impact type,Key TU type,Other TU type,No. of traffic units involved,No. killed,No. seriously injured,No. moderately injured,No. minor-other injured
1274801,3,2021,2021,10,1,7,27,27,119,96,1,2,10,-33.871533,151.159671,32,0,2,1,3,0,0,0,2,2,7,40,2,1282,1282,1,9,36,2,0,0,0,0
1274802,3,2021,2021,10,4,9,500,27,293,799,0,1,9,-33.932471,151.044852,15,0,2,1,3,0,0,0,0,2,7,60,2,5929,5929,1,0,5,2,0,0,0,0
1274804,3,2021,2021,10,0,3,42,27,87,34609,0,1,1,-33.679599,150.944196,71,0,2,1,3,0,0,0,2,0,7,50,0,941,941,1,5,12,2,0,0,0,0
1274807,3,2021,2021,10,0,8,3,1,24,34609,0,1,1,-33.96243,150.985496,15,0,2,1,3,0,0,0,2,0,7,50,0,9859,9859,1,5,5,2,0,0,0,0
1274808,3,2021,2021,10,0,8,63,17,6,114,0,1,1,-33.461955,151.414096,16,2,2,0,3,0,0,0,2,0,7,70,2,3775,3775,0,10,13,5,0,0,0,0
1274809,3,2021,2021,10,5,7,1,31,89,34609,0,1,1,-33.382075,151.456931,16,2,2,1,3,0,3,0,2,0,7,50,0,9859,9859,1,5,5,2,0,0,0,0
1274812,3,2021,2021,11,5,11,2,1,149,34609,0,1,1,-34.003486,151.128074,4,0,2,1,2,0,0,0,0,0,7,50,0,1945,1945,5,0,40,1,0,0,0,0
1274818,3,2021,2021,10,3,3,6,10,562,34609,0,1,1,-32.237109,148.589,22,2,1,1,3,0,0,0,1,0,7,50,0,9859,9859,1,0,10,2,0,0,0,0
1274819,3,2021,2021,10,6,9,5,27,12,18,0,1,10,-35.922247,145.750322,51,1,0,1,3,0,0,3,3,0,7,100,1,1089,1089,7,34,40,1,0,0,0,0
1274823,3,2021,2021,11,3,9,5,27,9,34609,0,1,1,-32.642693,151.74585,57,1,0,1,1,0,0,0,0,0,7,100,0,475,475,5,30,40,1,0,0,0,0
1274826,3,2021,2021,10,1,5,1052,14,101,928,0,1,6,-32.889016,151.601198,37,0,2,1,3,0,3,4,2,0,7,80,2,9859,9859,8,0,40,1,0,0,0,0
1274829,3,2021,2021,10,1,4,2,10,79,34609,0,1,1,-34.004094,150.750989,12,0,2,1,3,0,0,0,2,0,7,50,0,4026,4026,1,5,5,2,0,0,0,0
1274839,3,2021,2021,5,3,6,866,17,54,793,0,1,2,-33.723656,151.093332,31,0,2,0,1,0,3,0,2,0,7,70,2,1192,1192,1,5,5,2,0,0,0,0
1274847,3,2021,2021,5,5,6,8,31,137,34609,1,0,2,-34.032257,151.058803,68,0,2,1,0,0,0,0,2,0,7,50,0,4026,4026,1,5,5,4,0,0,0,0
1274848,3,2021,2021,10,3,6,134,10,69,133,0,1,2,-33.820603,151.021656,54,0,2,1,3,0,0,0,2,0,7,70,2,1391,1391,1,21,19,2,0,0,0,0
1274849,3,2021,2021,10,4,3,168,17,36,212,0,1,1,-35.476517,149.869072,58,1,0,0,3,0,0,0,1,0,7,100,2,2585,4009,8,5,40,1,0,0,0,0
1274850,3,2021,2021,10,4,3,1,1,126,34609,1,0,1,-33.913448,150.818543,41,0,2,1,3,0,0,0,1,0,7,50,0,3775,3775,0,10,13,2,0,0,0,0
1274853,3,2021,2021,6,5,6,5,27,609,34609,0,1,10,-33.758123,150.919375,7,0,2,1,3,0,0,0,2,0,0,50,0,6545,6545,4,5,41,2,0,0,0,0
1274854,3,2021,2021,10,4,8,4,10,42,34609,0,1,1,-33.692007,150.941143,71,0,2,0,3,0,0,0,2,0,7,50,0,387,387,1,30,13,2,0,0,0,0
1274858,3,2021,2021,10,1,7,15,27,18,46,0,1,1,-34.93912,150.726171,63,1,0,0,3,0,0,0,2,0,7,100,1,1850,1463,5,10,40,1,0,0,0,0
1274859,3,2021,2021,10,4,9,125,27,443,34609,0,1,1,-33.902161,151.053118,15,0,2,1,3,0,3,4,0,0,7,60,0,14295,14295,3,0,5,2,0,0,0,0
1274860,3,2021,2021,10,6,6,4,1,85,34609,0,1,1,-33.730412,151.145453,36,0,2,1,3,0,0,0,2,0,7,50,0,9859,9859,8,5,40,1,0,0,0,0
1274862,3,2021,2021,10,6,10,35,10,132,148,0,1,1,-34.156302,151.028744,68,0,2,0,3,0,3,0,0,0,7,60,2,4552,5151,8,5,40,1,0,0,0,0
1274863,3,2021,2021,10,2,6,126,27,74,168,0,1,2,-34.061048,150.783492,13,0,2,1,3,0,0,0,2,0,7,80,2,14295,14295,3,0,5,2,0,0,0,0
1274867,3,2021,2021,11,4,3,36,31,162,34609,0,1,9,-33.839687,150.913513,24,0,2,1,3,0,0,0,1,0,15,60,0,14295,14295,3,9,5,2,0,0,0,0
1274868,3,2021,2021,11,3,7,1,16,226,34609,0,1,9,-33.773328,150.817759,7,0,2,1,3,0,0,0,2,0,7,50,0,1259,985,8,30,40,1,0,0,0,0
1274870,3,2021,2021,10,2,6,154,27,293,244,0,1,1,-33.926827,151.052075,15,0,2,1,3,0,0,0,2,0,7,60,2,941,941,1,5,10,3,0,0,0,0
1274871,3,2021,2021,10,5,5,20,27,112,34609,0,1,1,-33.910843,151.207278,69,0,2,1,3,0,0,0,2,0,7,50,0,77,77,1,8,0,2,0,0,0,0
1274872,3,2021,2021,11,2,9,3371,17,173,3342,1,0,10,-33.719693,151.115876,36,0,2,1,2,0,3,4,3,2,7,60,2,5929,5929,1,5,0,2,0,0,0,0
1274873,3,2021,2021,11,2,2,2,31,106,34609,0,1,1,-34.562479,150.8065,62,0,2,0,2,0,0,0,1,0,7,60,0,1957,4009,1,5,5,2,0,0,0,0
1274874,3,2021,2021,10,1,5,230,27,47,284,0,1,9,-33.809219,151.155814,38,0,2,0,1,0,0,0,2,0,0,60,2,6545,6545,4,33,0,2,0,0,0,0
1274876,3,2021,2021,10,3,1,10,31,46,34609,0,1,9,-28.818905,153.271773,39,2,1,1,2,0,0,0,0,0,7,50,0,9859,9859,1,0,5,3,0,0,0,0
1274882,3,2021,2021,1,6,0,2,27,2,34609,0,1,1,-28.241119,153.427105,72,1,0,0,3,2,0,0,0,0,7,100,0,418,714,5,5,40,1,0,0,0,0
1274884,3,2021,2021,10,3,6,234,27,323,217,0,1,9,-33.759602,150.992933,71,0,2,1,3,0,0,0,2,2,7,60,2,5929,5929,1,0,5,2,0,0,0,0
1274888,3,2021,2021,10,6,7,3371,17,7,3342,0,1,2,-28.480505,153.513662,10,1,0,0,0,0,3,4,2,0,7,110,2,1957,4009,8,10,40,1,0,0,0,0
1274889,3,2021,2021,10,5,8,16,31,253,27,0,1,10,-33.966923,151.113179,25,0,2,1,1,0,3,3,3,2,7,60,1,6545,6545,4,5,22,2,0,0,0,0
1274898,3,2021,2021,10,5,6,52,27,438,103,0,1,10,-33.863758,151.018539,21,0,2,1,3,0,0,0,2,2,7,50,1,1391,1391,1,5,5,2,0,0,0,0
1274901,3,2021,2021,10,5,3,6,27,46,34609,1,0,9,-35.178747,147.364706,75,2,1,1,3,0,0,0,2,0,0,60,0,4026,4026,8,0,40,1,0,0,0,0
1274902,3,2021,2021,11,1,7,10,31,445,34609,0,1,1,-33.85156,151.050883,21,0,2,1,3,0,0,0,2,0,7,50,0,1981,1981,4,9,5,2,0,0,0,0
1274903,3,2021,2021,10,4,5,387,36,86,69,0,1,2,-33.738982,151.220245,50,0,2,1,3,0,0,0,2,0,7,70,2,14295,14295,3,10,0,3,0,0,0,0
1274907,3,2021,2021,10,0,8,123,27,316,120,0,1,1,-33.905271,151.252557,59,0,2,1,3,0,0,0,3,0,7,50,2,941,941,1,5,19,3,0,0,0,0
1274915,3,2021,2021,10,6,7,1052,14,54,928,0,1,3,-33.459025,151.201363,16,1,2,1,3,0,0,0,2,0,7,110,2,1391,1391,1,5,10,2,0,0,0,0
1274916,3,2021,2021,10,5,5,107,22,98,34609,0,1,1,-33.013429,151.594261,37,0,2,1,3,0,0,0,2,0,7,40,0,248,248,1,5,12,2,0,0,0,0
1274917,3,2021,2021,10,4,8,28,27,104,34609,0,1,9,-33.804798,150.790335,55,0,2,0,3,0,3,0,0,0,7,50,0,1109,787,1,5,5,2,0,0,0,0
1274918,3,2021,2021,10,4,2,20,27,162,34609,0,1,10,-33.836784,150.911469,24,0,2,1,2,0,0,0,1,2,7,50,0,6545,6545,4,10,22,2,0,0,0,0
1274929,3,2021,2021,10,5,7,8,31,194,34609,0,1,10,-30.509022,151.650386,1,2,1,1,3,0,3,4,2,0,15,50,0,6545,6545,4,5,13,2,0,0,0,0
1274933,3,2021,2021,10,1,3,15,27,115,34609,0,1,7,-34.02901,151.076972,68,0,2,1,3,0,0,0,2,0,0,50,0,6545,6545,4,0,10,2,0,0,0,0
1274935,3,2021,2021,10,4,10,81,31,646,80,0,1,10,-33.916107,151.014038,15,0,2,0,3,0,3,4,0,2,7,60,1,5929,5929,1,10,0,2,0,0,0,0
1274936,3,2021,2021,10,6,8,481,17,562,483,0,1,7,-32.243498,148.607183,22,2,1,1,3,0,0,0,2,0,0,60,2,1192,1192,1,21,5,2,0,0,0,0
1274937,3,2021,2021,10,1,1,361,31,176,34609,0,1,9,-33.948148,151.138575,4,0,2,1,3,0,3,4,0,0,0,50,0,4552,985,1,5,36,3,0,0,0,0
1274938,3,2021,2021,1,3,4,17,27,76,34609,0,1,1,-34.589736,150.43859,78,1,0,0,3,0,3,4,2,0,7,90,0,4552,5151,8,5,40,1,0,0,0,0
1274945,3,2021,2021,10,5,5,41,27,58,80,0,1,9,-32.982036,151.668669,37,0,2,1,3,0,0,0,2,2,7,60,1,5929,5929,1,5,35,2,0,0,0,0
1274946,3,2021,2021,10,5,6,10,31,445,34609,0,1,10,-33.856155,151.050339,21,0,2,1,3,0,0,0,2,0,15,50,0,6545,6545,4,9,5,2,0,0,0,0
1274951,3,2021,2021,10,4,7,1,10,61,34609,0,1,1,-33.74457,150.893904,7,0,2,0,1,0,0,0,2,0,7,50,0,2585,4009,1,5,5,2,0,0,0,0
1274955,3,2021,2021,10,3,1,2126,17,127,2149,0,1,10,-33.889943,151.149053,32,0,2,1,2,0,0,0,0,2,7,60,2,14295,14295,3,33,5,2,0,0,0,0
1274957,3,2021,2021,10,6,11,361,23,10,34609,0,1,1,-33.004639,151.587019,37,0,2,1,2,0,3,4,0,0,7,60,0,9859,9859,1,30,0,3,0,0,0,0
1274959,3,2021,2021,10,2,9,76,24,164,154,0,1,9,-33.727099,150.896642,7,0,2,1,1,0,0,0,2,2,7,70,1,6545,6545,4,5,0,2,0,0,0,0
1274966,3,2021,2021,10,1,7,77,10,7,331,0,1,2,-34.096131,150.694869,79,2,2,1,3,0,0,0,2,0,7,80,1,9859,9859,1,33,41,3,0,0,0,0
1274969,3,2021,2021,10,2,6,63,10,13,42,1,0,1,-32.947718,151.737054,48,0,2,0,3,0,0,0,2,0,7,60,1,4552,5151,8,5,40,1,0,0,0,0
1274971,3,2021,2021,10,3,9,2209,17,14,2205,0,1,1,-36.162446,150.10228,23,1,0,0,3,0,0,0,3,0,7,100,2,2585,4009,8,5,40,1,0,0,0,0
1274974,3,2021,2021,10,4,11,1,31,251,34609,0,1,1,-33.767888,150.935703,7,0,2,1,2,0,0,0,0,0,7,50,0,9859,9859,1,0,23,2,0,0,0,0
1274977,3,2021,2021,10,6,8,192,10,57,114,0,1,2,-33.455256,151.358165,16,2,2,1,3,0,0,0,2,0,7,60,2,14295,14295,3,5,0,2,0,0,0,0
1274978,3,2021,2021,10,4,5,89,27,182,228,0,1,1,-32.833475,151.35264,17,2,1,1,3,0,0,0,2,0,7,60,1,1981,1981,4,10,0,2,0,0,0,0
1274985,3,2021,2021,10,5,6,196,10,166,168,0,1,9,-33.944929,150.9823,15,0,2,1,1,0,0,0,2,2,7,60,2,926,926,4,8,5,2,0,0,0,0
1274988,3,2021,2021,10,5,2,3371,17,19,3342,0,1,2,-28.80665,153.526649,2,1,0,0,2,0,3,4,0,0,7,110,2,418,714,5,5,40,1,0,0,0,0
1274990,3,2021,2021,10,0,7,866,17,204,793,0,1,2,-33.895149,150.92212,24,0,2,1,1,0,0,0,2,0,7,70,2,14295,14295,3,33,19,3,0,0,0,0
1274998,3,2021,2021,10,5,10,2,31,219,34609,0,1,10,-32.910055,151.67582,48,0,2,1,2,0,0,3,0,0,0,50,0,4552,985,8,5,40,1,0,0,0,0
1275004,3,2021,2021,10,4,7,17,31,8,34609,0,1,1,-34.502028,150.331774,78,2,1,1,3,2,3,4,2,0,7,50,0,175,188,8,30,40,1,0,0,0,0
1275006,3,2021,2021,11,2,11,3,10,46,34609,0,1,1,-33.296405,151.412445,16,2,2,1,2,0,0,0,0,0,7,50,0,9859,9859,1,5,36,3,0,0,0,0
1275007,3,2021,2021,10,6,11,3371,17,463,3342,0,1,7,-30.320434,153.086015,19,2,1,0,3,0,3,4,0,0,0,60,2,4552,5151,8,3,40,1,0,0,0,0
1275013,3,2021,2021,10,2,4,11,3,22,122,0,1,2,-34.506683,150.880546,80,0,2,1,1,0,0,0,2,0,7,80,2,14295,14295,3,5,40,3,0,0,0,0
1275016,3,2021,2021,11,2,9,115,27,138,114,0,1,1,-33.873294,151.273663,81,0,2,1,2,0,0,0,0,0,7,50,2,941,941,1,0,5,3,0,0,0,0
1275020,3,2021,2021,11,4,11,9,27,37,34609,0,1,1,-34.64687,150.818221,35,2,1,1,1,0,0,0,0,0,7,80,0,9859,9859,8,10,40,1,0,0,0,0
1275024,3,2021,2021,5,0,2,59,31,45,34609,0,1,7,-33.892502,151.191807,69,0,2,1,2,0,0,0,0,0,0,40,0,6545,6545,4,5,5,2,0,0,0,0
1275034,3,2021,2021,10,0,0,4,31,44,34609,0,1,1,-32.806298,151.434481,17,2,1,1,0,0,0,0,0,0,7,50,0,1282,1282,1,33,5,2,0,0,0,0
1275043,3,2021,2021,10,0,10,5,25,122,34609,0,1,1,-33.432655,151.342507,16,2,2,0,2,0,0,0,0,0,7,50,0,4552,5151,1,5,5,2,0,0,0,0
1275044,3,2021,2021,10,1,9,18,27,50,34609,0,1,1,-33.644616,150.86196,29,2,2,1,0,0,3,4,2,0,7,60,0,9859,9859,8,5,40,1,0,0,0,0
1275046,3,2021,2021,11,6,6,71,17,16,71,0,1,1,-35.867779,144.902219,51,1,0,1,0,0,3,3,2,0,7,100,2,475,475,5,3,40,1,0,0,0,0
1275054,3,2021,2021,10,2,1,2209,17,35,2205,0,1,1,-35.45591,150.373123,63,1,0,1,3,0,0,0,0,0,7,100,2,4026,4026,8,5,40,1,0,0,0,0
1275056,3,2021,2021,10,6,4,512,17,433,441,1,2,9,-33.289558,149.108873,52,2,1,1,3,0,0,0,2,0,0,40,2,6545,6545,4,34,10,2,0,0,0,0
1275057,3,2021,2021,10,3,6,9,31,57,34609,0,1,10,-32.814318,151.477462,17,2,1,1,3,0,0,0,2,0,0,50,0,6545,6545,4,5,5,2,0,0,0,0
1275059,3,2021,2021,10,1,2,2126,17,55,2149,0,1,2,-33.795144,150.887676,7,0,2,1,3,0,0,0,1,0,7,80,2,14295,14295,3,5,0,3,0,0,0,0
1275061,3,2021,2021,10,0,3,45,27,110,45,0,1,9,-33.743496,151.047112,31,0,2,0,3,0,0,0,1,2,7,60,2,5929,5929,1,0,5,2,0,0,0,0
1275066,3,2021,2021,10,3,1,3371,17,29,3342,0,1,2,-31.784959,152.647609,43,1,0,1,0,0,0,0,0,0,7,110,2,4026,4026,8,3,40,1,0,0,0,0
1275075,3,2021,2021,1,0,11,1,31,55,34609,0,1,1,-33.736935,150.898864,7,0,2,1,2,0,0,0,0,0,7,50,0,9859,9859,1,5,5,2,0,0,0,0
1275078,3,2021,2021,10,3,4,2,10,79,34609,1,0,7,-34.006826,150.748659,12,0,2,1,1,0,0,0,2,0,0,50,0,9859,9859,8,10,40,1,0,0,0,0
1275079,3,2021,2021,11,2,11,478,17,70,480,1,0,9,-33.436977,151.351107,16,2,2,1,2,0,3,4,0,2,7,60,2,9859,9859,8,30,40,1,0,0,0,0
1275081,3,2021,2021,10,3,3,51,31,562,34609,0,1,9,-32.256233,148.612061,22,2,1,1,0,0,0,1,2,0,7,40,0,9859,9859,1,5,5,2,0,0,0,0
1275087,3,2021,2021,8,3,4,7,31,234,34609,0,1,1,-34.288082,146.026907,28,2,1,0,0,0,0,0,2,0,7,50,0,4552,5151,8,0,40,1,0,0,0,0
1275104,3,2021,2021,11,1,5,112,27,109,256,0,1,9,-33.973873,150.85878,13,0,2,1,1,0,0,0,2,2,7,70,2,14295,14295,3,9,0,3,0,0,0,0
1275123,3,2021,2021,10,6,10,48,10,463,52,0,1,1,-30.306306,153.12223,19,2,1,1,3,0,3,4,2,0,7,60,1,9859,9859,8,5,40,1,0,0,0,0
1275135,3,2021,2021,10,6,8,47,6,173,34609,0,1,1,-33.774141,151.128049,61,0,2,1,3,2,3,4,2,0,7,50,0,489,489,8,0,40,1,0,0,0,0
1275145,3,2021,2021,1,0,4,48,27,8,42,0,1,1,-35.088017,150.145358,63,2,1,0,0,0,0,0,2,0,7,60,1,4552,5151,8,29,40,1,0,0,0,0
1275155,3,2021,2021,11,2,3,11,1,234,34609,0,1,1,-34.29394,146.042139,28,2,1,1,2,0,3,4,2,0,7,60,0,4026,4026,8,5,40,1,0,0,0,0
1275157,3,2021,2021,11,3,2,6,18,45,34609,0,1,9,-33.341054,151.496784,16,2,2,1,2,0,3,4,1,0,7,50,0,9859,9859,8,5,40,1,0,0,0,0
1275160,3,2021,2021,10,3,4,1,27,5,34609,0,1,9,-28.836158,153.104889,60,1,0,0,3,0,0,0,2,0,7,100,0,2585,4009,8,0,40,1,0,0,0,0
1275163,3,2021,2021,10,5,5,387,27,290,331,0,1,9,-33.959883,151.117136,4,0,2,0,3,0,0,0,2,2,7,60,2,1391,1391,1,8,5,2,0,0,0,0
1275166,3,2021,2021,10,6,6,8,31,271,34609,0,1,9,-33.94131,150.999344,15,0,2,1,3,0,0,0,2,0,7,60,0,3775,3775,0,5,13,2,0,0,0,0
1275168,3,2021,2021,10,4,8,255,31,83,100,0,1,9,-34.450567,150.449614,78,2,1,1,3,0,0,0,4,0,7,50,2,1383,1383,1,0,5,3,0,0,0,0
1275169,3,2021,2021,10,3,5,24,31,169,382,0,1,10,-33.600674,150.750954,29,2,2,1,3,0,0,0,2,2,7,60,2,6545,6545,4,5,0,2,0,0,0,0
1275172,3,2021,2021,10,5,6,177,31,314,208,0,1,1,-33.860189,150.92633,24,0,2,1,3,0,0,0,2,0,7,50,1,1383,1383,1,0,13,2,0,0,0,0
1275173,3,2021,2021,10,6,7,177,31,77,208,0,1,7,-33.863197,150.947372,24,0,2,1,3,0,0,0,2,0,0,60,1,1391,1391,1,5,13,2,0,0,0,0
1275175,3,2021,2021,10,5,7,204,27,50,34609,0,1,10,-33.511337,151.32695,16,2,2,1,3,0,0,0,2,0,15,60,0,5929,5929,1,10,5,2,0,0,0,0
1275178,3,2021,2021,10,4,8,515,14,271,518,0,1,3,-33.940541,151.015325,15,0,2,1,3,0,3,4,4,0,7,100,2,14295,14295,3,8,0,5,0,0,0,0
1275180,3,2021,2021,10,4,4,330,23,98,34609,0,1,10,-30.984409,150.251908,51,2,1,1,3,0,0,0,2,0,0,50,0,6545,6545,4,0,41,2,0,0,0,0
1275183,3,2021,2021,10,0,7,35,31,532,11,0,1,9,-33.874658,151.203123,69,0,2,1,3,0,0,0,2,1,7,50,1,14295,14295,3,5,0,2,0,0,0,0
1275184,3,2021,2021,10,0,3,104,27,443,702,0,1,10,-33.903465,151.064374,15,0,2,1,3,0,0,0,0,2,7,70,2,301,301,4,0,5,2,0,0,0,0
1275189,3,2021,2021,10,4,7,30,27,39,93,1,2,1,-33.758187,150.941998,7,0,2,1,3,0,0,0,2,0,7,40,1,1282,1282,1,10,5,2,0,0,0,0
1275190,3,2021,2021,10,6,9,81,17,30,34609,0,1,1,-34.484422,150.341447,78,2,1,0,3,2,0,0,0,0,7,80,0,1957,4009,8,5,40,1,0,0,0,0
1275191,3,2021,2021,10,5,3,346,17,103,332,0,1,1,-28.814942,153.315717,39,2,1,1,3,0,0,0,1,0,7,60,2,220,220,8,9,40,1,0,0,0,0
1275192,3,2021,2021,10,0,4,3371,17,137,3342,0,1,10,-32.967937,151.694666,37,0,2,1,3,0,0,0,2,2,7,60,2,4026,4026,8,5,40,1,0,0,0,0
1275193,3,2021,2021,10,0,7,7,27,87,34609,0,1,9,-33.693722,150.956247,71,0,2,1,3,0,0,0,2,0,7,60,0,150,150,4,5,0,2,0,0,0,0
1275194,3,2021,2021,10,2,10,829,27,149,770,0,1,2,-33.865147,151.171957,32,0,2,1,3,0,3,4,0,0,7,60,2,1391,1391,1,5,5,2,0,0,0,0
1275195,3,2021,2021,10,1,5,133,17,14,121,0,1,1,-35.699329,149.160874,65,1,0,0,3,0,0,0,2,0,7,100,2,4552,5151,8,5,40,1,0,0,0,0
1275196,3,2021,2021,10,2,5,204,31,169,14,0,1,10,-33.904648,151.204472,69,0,2,1,3,0,0,0,2,3,7,50,1,77,77,1,5,5,2,0,0,0,0
1275198,3,2021,2021,10,0,5,2209,17,157,2205,0,1,2,-34.014118,151.094297,68,0,2,1,3,0,0,0,2,0,7,70,2,14295,14295,3,5,5,3,0,0,0,0
1275199,3,2021,2021,10,2,2,3,31,29,34609,0,1,1,-33.724651,150.724168,55,0,2,1,3,0,0,0,0,0,7,50,0,4026,4026,8,5,40,1,0,0,0,0
1275201,3,2021,2021,10,5,5,1,7,16,34609,0,1,1,-33.925734,151.226884,4,0,2,0,3,0,0,0,2,0,7,50,0,1391,1391,1,30,5,2,0,0,0,0
1275202,3,2021,2021,10,4,4,1,31,28,34609,0,1,1,-33.906056,150.876909,41,0,2,0,3,0,0,0,2,0,7,50,0,1981,1981,4,5,5,2,0,0,0,0
1275203,3,2021,2021,10,5,9,2209,17,115,2205,0,1,9,-33.909337,151.181023,32,0,2,1,3,0,0,0,3,0,0,60,2,2852,2852,4,30,5,2,0,0,0,0
1275204,3,2021,2021,10,4,7,59,27,370,53,0,1,9,-34.072828,150.794948,13,0,2,1,3,0,3,4,2,0,0,60,2,1259,985,8,5,40,1,0,0,0,0
1275205,3,2021,2021,10,2,8,45,27,110,45,0,1,1,-33.73503,151.029601,31,0,2,1,3,0,0,0,2,0,7,60,2,14295,14295,3,5,12,2,0,0,0,0
1275209,3,2021,2021,10,3,7,59,27,370,53,0,1,9,-34.072828,150.794948,13,0,2,1,3,0,0,0,2,0,0,60,2,6545,6545,4,5,5,2,0,0,0,0
1275222,3,2021,2021,10,4,8,1,27,4,34609,0,1,1,-33.657728,149.873839,51,1,0,0,3,2,0,0,2,0,7,100,0,14295,14295,3,5,13,2,0,0,0,0
1275225,3,2021,2021,5,6,5,78,27,438,34609,0,1,1,-33.852763,151.032567,21,0,2,1,1,0,0,0,2,0,7,40,0,3775,3775,0,33,5,2,0,0,0,0
1275235,3,2021,2021,11,3,2,4,27,15,34609,0,1,1,-34.074467,150.840231,13,0,2,1,1,0,0,0,1,0,7,50,0,14295,14295,3,0,0,3,0,0,0,0
1275244,3,2021,2021,11,3,0,34,27,53,34609,0,1,9,-35.132383,147.354177,75,2,1,1,2,0,0,0,0,0,7,50,0,4026,4026,8,5,40,1,0,0,0,0
1275248,3,2021,2021,10,2,11,2,31,8,34609,0,1,0,-33.845371,151.284623,81,0,2,1,2,0,0,0,0,0,7,40,0,4026,4026,1,0,0,2,0,0,0,0
1275249,3,2021,2021,5,1,10,500,27,293,799,0,1,10,-33.932476,151.049336,15,0,2,1,2,0,0,0,0,2,7,60,2,1282,1282,1,5,5,2,0,0,0,0
1275257,3,2021,2021,10,0,5,37,1,52,34609,0,1,1,-33.970818,150.913957,41,0,2,0,0,0,0,0,2,0,7,60,0,14295,14295,3,5,5,2,0,0,0,0
1275264,3,2021,2021,10,6,4,12,31,215,34609,0,1,1,-35.119156,147.344723,75,2,1,1,3,0,0,0,2,0,7,60,0,14295,14295,3,5,5,2,0,0,0,0
1275267,3,2021,2021,10,6,7,1,27,159,770,0,1,9,-33.80762,151.088806,61,0,2,1,0,0,0,0,2,2,7,60,2,220,220,8,5,40,1,0,0,0,0
1275282,3,2021,2021,10,4,8,22,31,215,34609,0,1,10,-35.108007,147.362523,75,2,1,1,3,0,0,0,2,0,15,50,0,6545,6545,4,5,13,2,0,0,0,0
1275284,3,2021,2021,10,3,10,12,27,151,34609,0,1,7,-34.019364,150.865913,13,0,2,1,2,0,3,4,0,0,0,60,0,945,945,5,5,40,1,0,0,0,0
1275292,3,2021,2021,10,1,8,68,31,69,23,0,1,1,-28.554147,153.506954,10,2,1,1,3,0,0,3,2,0,7,50,1,1981,1981,4,0,5,2,0,0,0,0
1275295,3,2021,2021,10,5,10,2261,17,243,2252,0,1,10,-33.950417,150.904572,41,0,2,1,3,0,0,0,0,2,7,70,2,5929,5929,1,10,13,2,0,0,0,0
1275298,3,2021,2021,10,4,9,500,27,41,799,0,1,9,-33.906662,151.126786,15,0,2,1,3,0,0,0,2,0,7,60,2,1391,1391,1,0,5,2,0,0,0,0
1275300,3,2021,2021,10,3,4,16,10,4,12,0,1,1,-30.652427,152.899343,47,1,0,0,3,0,0,0,2,0,7,90,1,1957,4009,8,10,40,1,0,0,0,0
1275303,3,2021,2021,10,2,11,11,1,80,59,0,1,1,-33.882424,151.20749,69,0,2,1,3,0,3,4,0,3,9,40,1,14295,14295,3,5,13,2,0,0,0,0
1275304,3,2021,2021,10,5,3,23,31,80,34609,1,0,1,-33.756497,150.656704,55,0,2,1,3,0,0,0,2,0,7,50,0,9859,9859,1,5,5,2,0,0,0,0
1275305,3,2021,2021,10,4,3,150,27,197,415,0,1,10,-33.797721,151.114963,61,0,2,1,3,0,0,0,2,2,7,70,2,14295,14295,3,5,5,3,0,0,0,0
1275306,3,2021,2021,10,1,3,54,27,61,49,0,1,10,-32.9287,151.731758,48,0,2,1,3,0,0,0,2,0,15,60,1,6545,6545,4,5,0,2,0,0,0,0
1275308,3,2021,2021,10,2,0,2,27,39,34609,0,1,1,-36.024485,146.992094,0,1,0,1,3,2,0,0,0,0,7,100,0,1945,1945,5,10,40,1,0,0,0,0
1275309,3,2021,2021,11,6,6,4,27,50,34609,0,1,9,-34.342567,150.904956,80,0,2,1,1,0,0,3,2,0,15,50,0,387,387,1,10,35,2,0,0,0,0
1275310,3,2021,2021,10,3,7,3371,17,35,3342,0,1,2,-29.951917,153.119978,18,1,0,1,1,0,0,0,2,0,7,110,2,4026,4026,8,30,40,1,0,0,0,0
1275317,3,2021,2021,10,5,8,36,31,218,70,0,1,9,-33.764649,150.780492,55,0,2,1,1,0,0,0,2,2,7,60,1,5929,5929,1,0,13,2,0,0,0,0
1275322,3,2021,2021,10,4,2,13,31,210,7,0,1,1,-34.030645,151.104889,68,0,2,1,2,2,0,0,0,0,7,50,1,9859,9859,1,5,5,6,0,0,0,0
1275324,3,2021,2021,10,2,3,8,27,7,36,0,1,1,-33.601915,150.896223,29,2,2,0,0,0,0,0,2,0,7,70,1,1089,1089,7,21,40,1,0,0,0,0
1275327,3,2021,2021,10,4,5,485,27,50,769,0,1,9,-33.631633,150.843904,29,2,2,1,1,0,0,0,2,2,7,80,2,2852,2852,4,10,10,2,0,0,0,0
1275335,3,2021,2021,10,2,6,48,31,119,34609,0,1,9,-32.767606,151.746651,57,2,1,1,0,0,0,0,2,0,7,50,0,4552,985,8,9,40,1,0,0,0,0