Crash ID,Degree of crash - detailed,Reporting year,Year of crash,Month of crash,Day of week of crash,Two-hour intervals,Street of crash,Street type,Town,Route no.,School zone location,School zone active,Type of location,Latitude,Longitude,LGA,Urbanisation,Conurbation 1,Alignment,Street lighting,Road surface,Surface condition,Weather,Natural lighting,Signals operation,Other traffic control,Speed limit,Road classification,RUM - code,DCA - code,First impact type,Key TU type,Other TU type,No. of traffic units involved,No. killed,No. seriously injured,No. moderately injured,No. minor-other injured
1275337,3,2021,2021,10,4,8,204,31,169,769,0,1,10,-33.600735,150.75931,29,2,2,1,2,0,0,0,3,2,7,50,2,5929,5929,1,30,13,2,0,0,0,0
1275339,3,2021,2021,10,4,9,26,31,19,34609,0,1,1,-32.907029,151.752531,48,0,2,1,2,0,0,0,0,0,7,40,0,1282,1282,1,33,5,2,0,0,0,0
1275341,3,2021,2021,10,2,8,2261,17,143,2252,0,1,9,-33.888331,151.103424,9,0,2,0,1,0,0,0,2,0,7,60,2,4552,5151,8,5,40,1,0,0,0,0
1275350,3,2021,2021,10,4,3,515,14,38,518,0,1,3,-33.943636,151.066341,15,0,2,1,0,0,0,0,1,0,7,80,2,101,101,8,5,13,2,0,0,0,0
1275370,3,2021,2021,10,0,10,63,36,30,16,0,1,1,-32.620136,152.115627,43,1,0,0,0,0,0,0,0,0,7,90,1,4552,5151,8,5,40,1,0,0,0,0
1275373,3,2021,2021,10,4,4,195,27,76,186,0,1,2,-33.919252,150.852532,41,0,2,1,3,0,0,0,2,0,7,70,2,14295,14295,3,9,0,3,0,0,0,0
1275392,3,2021,2021,10,5,6,2126,17,84,2149,0,1,10,-33.817889,150.981863,21,0,2,1,3,0,0,3,2,2,7,60,2,2852,2852,4,0,5,2,0,0,0,0
1275393,3,2021,2021,10,5,3,308,14,127,311,0,1,3,-33.859154,150.849319,24,0,2,1,3,0,0,0,2,0,7,100,2,14295,14295,3,10,13,2,0,0,0,0
1275395,3,2021,2021,10,5,8,8,27,3,34609,0,1,1,-32.261451,152.446738,43,2,1,0,3,0,0,0,2,0,7,50,0,1089,1089,7,10,40,1,0,0,0,0
1275396,3,2021,2021,10,2,11,6,1,646,118,1,0,9,-33.920788,151.031418,15,0,2,0,3,0,3,4,0,2,7,60,1,4552,985,8,5,40,1,0,0,0,0
1275398,3,2021,2021,10,2,6,512,17,433,441,0,1,7,-33.282701,149.093698,52,2,1,1,3,0,0,0,2,0,0,50,2,14295,14295,3,10,0,2,0,0,0,0
1275401,3,2021,2021,10,5,3,115,27,96,173,0,1,9,-34.23391,150.676329,79,2,2,1,3,0,0,0,1,0,0,80,2,14295,14295,3,8,13,3,0,0,0,0
1275405,3,2021,2021,10,1,9,56,27,323,38,0,1,1,-33.761547,150.974581,71,0,2,1,3,0,0,0,0,0,7,60,1,1981,1981,4,10,12,2,0,0,0,0
1275407,3,2021,2021,10,6,4,177,22,49,176,0,1,2,-34.046181,151.133851,68,0,2,1,3,0,0,0,2,0,7,70,2,14295,14295,3,10,13,3,0,0,0,0
1275420,3,2021,2021,10,6,10,133,27,316,34609,0,1,1,-31.44323,152.907639,56,2,1,0,2,0,0,0,0,0,7,50,0,1957,4009,1,0,5,3,0,0,0,0
1275421,3,2021,2021,10,2,10,5,31,304,34609,0,1,9,-33.906667,151.160982,32,0,2,1,3,0,3,4,0,0,7,50,0,1957,777,1,0,5,2,0,0,0,0
1275422,3,2021,2021,10,4,10,8,27,4,34609,0,1,1,-34.893301,150.541697,63,1,0,0,3,0,3,0,0,0,7,100,0,1089,1089,7,10,40,1,0,0,0,0
1275423,3,2021,2021,10,2,6,866,17,278,793,1,0,1,-33.785656,151.039421,54,0,2,1,0,0,0,0,2,0,7,60,2,1282,1282,1,8,0,2,0,0,0,0
1275425,3,2021,2021,10,5,7,7,27,19,34609,1,2,9,-34.087842,150.828941,13,0,2,0,3,0,0,0,2,0,0,40,0,5929,5929,1,0,5,2,0,0,0,0
1275427,3,2021,2021,10,5,5,205,27,161,415,0,1,9,-33.727155,151.165758,36,0,2,1,3,0,0,0,2,0,2,60,2,623,623,3,16,5,2,0,0,0,0
1275438,3,2021,2021,5,0,3,168,17,36,212,0,1,1,-35.375281,149.772829,58,1,0,0,0,0,0,0,0,0,7,100,2,782,957,5,34,40,1,0,0,0,0
1275440,3,2021,2021,11,2,9,1,27,8,34609,0,1,1,-33.61556,147.034688,51,2,1,1,0,2,0,0,3,0,7,80,0,4026,4026,8,10,40,1,0,0,0,0
1275447,3,2021,2021,10,5,7,35,31,62,96,0,1,9,-33.890468,151.145405,32,0,2,0,3,0,0,0,2,0,7,50,2,1850,1463,5,16,40,1,0,0,0,0
1275452,3,2021,2021,11,1,6,37,1,646,34609,1,0,7,-33.921593,151.029251,15,0,2,1,1,0,0,0,2,0,0,50,0,4026,4026,1,5,0,3,0,0,0,0
1275455,3,2021,2021,10,3,10,103,27,17,256,0,1,1,-34.157827,150.790689,13,0,2,1,3,0,0,0,2,0,7,80,2,1089,1089,7,10,40,1,0,0,0,0
1275456,3,2021,2021,10,0,5,33,31,96,34609,0,1,10,-35.351456,149.233058,58,2,1,1,3,0,3,3,2,2,7,50,0,83,83,1,30,36,2,0,0,0,0
1275457,3,2021,2021,10,5,8,16,27,193,145,0,1,9,-33.793037,151.068683,61,0,2,1,3,0,0,0,2,0,0,60,2,6545,6545,4,0,5,2,0,0,0,0
1275462,3,2021,2021,10,6,1,1,31,83,34609,0,1,9,-29.717731,152.939774,18,2,1,1,2,0,0,0,0,0,7,50,0,4026,4026,8,30,40,1,0,0,0,0
1275464,3,2021,2021,10,5,9,57,36,112,769,0,1,9,-33.610487,150.807717,29,2,2,1,3,0,0,0,2,0,7,60,2,1282,1282,1,5,27,2,0,0,0,0
1275468,3,2021,2021,10,3,6,72,27,82,102,0,1,1,-33.79426,151.263742,50,0,2,1,3,0,0,0,2,0,7,60,2,14295,14295,3,30,36,2,0,0,0,0
1275473,3,2021,2021,10,5,8,117,1,239,121,0,1,2,-34.042722,151.119905,68,0,2,1,3,0,0,0,3,0,7,60,1,9859,9859,1,0,0,2,0,0,0,0
1275475,3,2021,2021,11,4,4,11,1,41,34609,0,1,10,-33.902739,151.189703,69,0,2,1,3,0,0,0,2,0,7,40,0,248,248,1,10,5,2,0,0,0,0
1275476,3,2021,2021,11,2,6,829,27,165,770,0,1,10,-33.852561,151.156037,14,0,2,1,3,0,3,4,2,2,7,60,2,4026,4026,8,5,40,1,0,0,0,0
1275478,3,2021,2021,10,0,6,2126,17,36,2149,0,1,9,-33.808505,150.941614,21,0,2,1,3,0,0,0,2,0,0,80,2,2852,2852,4,5,0,2,0,0,0,0
1275480,3,2021,2021,10,6,6,2,7,108,34609,0,1,1,-33.305771,151.418627,16,2,2,0,3,0,3,3,2,0,7,50,0,4552,5151,8,5,40,1,0,0,0,0
1275488,3,2021,2021,10,5,10,3,31,78,34609,0,1,1,-28.325533,153.384076,72,2,1,1,3,0,3,4,0,0,7,50,0,9859,9859,1,5,13,2,0,0,0,0
1275492,3,2021,2021,10,3,2,143,31,90,181,0,1,2,-33.890677,151.237205,59,0,2,0,2,0,0,0,1,0,7,60,2,2585,4009,8,30,40,1,0,0,0,0
1275497,3,2021,2021,10,0,1,2,25,101,34609,0,1,1,-32.916937,151.605131,37,0,2,1,2,0,0,0,0,0,7,50,0,4026,4026,1,0,0,2,0,0,0,0
1275514,3,2021,2021,10,1,3,10,27,387,34609,0,1,1,-33.944527,151.185682,4,0,2,0,3,0,0,0,1,0,7,50,0,1981,1981,4,5,5,2,0,0,0,0
1275519,3,2021,2021,10,4,6,79,27,46,159,0,1,10,-33.940866,151.116035,4,0,2,1,3,0,0,0,2,2,7,60,2,1192,1192,1,5,0,2,0,0,0,0
1275526,3,2021,2021,10,5,2,3371,17,80,3342,0,1,2,-33.812731,151.17567,38,0,2,1,3,0,0,0,1,0,7,60,2,1391,1391,1,0,5,2,0,0,0,0
1275527,3,2021,2021,10,4,10,3,7,41,34609,0,1,9,-30.358734,153.080288,19,2,1,1,3,0,0,0,0,0,7,50,0,248,248,1,0,5,2,0,0,0,0
1275532,3,2021,2021,10,2,11,6,27,187,34609,0,1,9,-33.791545,150.993245,54,0,2,1,2,0,0,0,0,0,7,50,0,9859,9859,1,5,5,2,0,0,0,0
1275537,3,2021,2021,10,0,3,308,14,127,311,0,1,3,-33.841297,150.855589,24,0,2,1,3,0,0,0,1,0,7,100,2,14295,14295,3,9,5,2,0,0,0,0
1275538,3,2021,2021,10,1,4,485,27,323,769,0,1,2,-33.742529,150.982877,71,0,2,1,3,0,0,0,2,0,7,60,2,14295,14295,3,19,12,3,0,0,0,0
1275540,3,2021,2021,8,3,3,103,27,3,98,0,1,1,-32.71709,150.947601,64,2,1,0,3,0,3,3,2,0,7,80,2,4552,5151,8,25,40,1,0,0,0,0
1275552,3,2021,2021,10,1,6,3,27,133,34609,0,1,1,-34.507188,150.797284,80,0,2,0,0,0,0,0,2,0,7,50,0,1957,4009,1,5,13,2,0,0,0,0
1275558,3,2021,2021,10,0,10,12,27,50,34609,0,1,9,-34.344166,150.904356,80,0,2,1,2,0,0,0,0,0,7,60,0,3775,3775,0,5,22,2,0,0,0,0
1275560,3,2021,2021,10,3,8,177,31,314,208,0,1,1,-33.863018,150.946586,24,0,2,1,0,0,0,0,2,0,7,60,1,4026,4026,8,5,40,1,0,0,0,0
1275571,3,2021,2021,10,3,10,13,10,74,12,0,1,2,-33.727122,151.033324,31,0,2,1,2,0,0,0,0,0,7,60,2,9859,9859,1,5,5,3,0,0,0,0
1275576,3,2021,2021,10,3,0,163,27,41,165,0,1,9,-33.729102,150.819876,7,0,2,1,2,0,0,0,0,0,7,60,1,1850,985,5,10,40,1,0,0,0,0
1275586,3,2021,2021,5,2,10,178,27,293,101,0,1,1,-33.933392,151.055916,15,0,2,1,2,0,0,0,0,0,7,50,1,9859,9859,1,16,0,2,0,0,0,0
1275595,3,2021,2021,6,4,1,1052,14,108,928,0,1,3,-33.307384,151.401357,16,1,2,1,3,0,0,0,0,0,7,110,2,404,404,8,3,40,1,0,0,0,0
1275599,3,2021,2021,1,4,11,7,27,61,34609,0,1,1,-33.74563,150.893695,7,0,2,1,2,0,0,0,0,0,7,50,0,84,84,8,30,40,1,0,0,0,0
1275603,3,2021,2021,1,4,0,1,31,48,34609,0,1,1,-32.908807,151.740615,48,0,2,0,2,0,0,0,0,0,7,50,0,1259,5151,8,30,40,1,0,0,0,0
1275610,3,2021,2021,1,0,9,106,27,523,106,0,1,9,-33.926464,150.900558,41,0,2,1,2,0,0,0,0,2,7,70,2,775,775,4,19,13,2,0,0,0,0
1275616,3,2021,2021,9,4,6,54,27,61,49,0,1,10,-32.9287,151.731758,48,0,2,1,3,0,0,0,2,0,15,60,1,6545,6545,4,5,5,2,0,0,0,0
1275621,3,2021,2021,10,3,5,10,27,14,11,0,1,1,-32.182737,149.032001,22,1,0,1,3,0,0,0,2,0,7,100,1,1089,1089,7,10,40,1,0,0,0,0
1275622,3,2021,2021,10,1,7,478,17,10,480,0,1,10,-33.436096,151.346405,16,2,2,1,3,0,0,0,2,2,9,60,2,6545,6545,4,5,5,2,0,0,0,0
1275623,3,2021,2021,9,1,11,3371,17,19,3342,0,1,2,-31.890116,152.549187,43,1,0,0,3,0,0,0,0,0,7,100,2,4552,5151,8,3,40,1,0,0,0,0
1275625,3,2021,2021,9,4,6,109,27,71,106,0,1,10,-33.832332,150.969496,21,0,2,1,3,0,3,4,2,2,7,60,1,1282,1282,1,5,36,2,0,0,0,0
1275628,3,2021,2021,10,0,8,8,27,5,7,0,1,1,-30.700828,150.492043,70,1,0,0,3,2,0,0,2,0,7,100,1,1259,5151,8,5,40,1,0,0,0,0
1275629,3,2021,2021,9,5,4,9,27,47,34609,0,1,10,-28.84234,153.441879,2,2,1,1,3,0,3,3,2,0,15,60,0,6545,6545,4,5,5,2,0,0,0,0
1275633,3,2021,2021,9,6,8,3371,17,107,3342,0,1,9,-33.268755,151.437035,16,2,2,1,3,0,0,0,2,2,7,70,2,14295,14295,3,30,13,3,0,0,0,0
1275634,3,2021,2021,9,6,4,17,31,18,58,0,1,9,-32.916817,151.75821,48,0,2,0,3,0,0,0,2,0,0,60,2,4552,5151,1,0,5,3,0,0,0,0
1275636,3,2021,2021,9,5,7,9,31,309,34609,0,1,9,-33.815949,151.106367,61,0,2,1,3,0,0,0,2,0,7,50,0,2852,2852,4,5,5,2,0,0,0,0
1275637,3,2021,2021,10,5,1,118,17,8,118,0,1,1,-31.246179,150.462837,51,2,1,1,3,0,0,0,0,0,7,80,2,1089,1089,7,0,40,1,0,0,0,0
1275638,3,2021,2021,9,4,8,4,27,53,34609,0,1,1,-33.77134,151.158096,36,0,2,1,3,0,3,4,3,0,7,50,0,1981,1981,4,0,36,2,0,0,0,0
1275642,3,2021,2021,10,3,8,3371,17,149,3342,0,1,7,-33.344452,151.368149,16,2,2,0,3,0,0,0,2,0,0,60,2,14295,14295,3,21,13,2,0,0,0,0
1275643,3,2021,2021,9,1,3,37,31,198,41,0,1,10,-33.914129,151.104129,15,0,2,1,0,0,0,0,2,0,0,40,1,6545,6545,4,5,12,2,0,0,0,0
1275646,3,2021,2021,9,0,2,1,27,6,34609,0,1,9,-35.073089,147.41346,75,2,1,0,0,0,3,4,1,0,0,50,0,2585,777,1,5,8,2,0,0,0,0
1275660,3,2021,2021,10,2,4,866,17,171,793,0,1,2,-33.807089,150.969398,21,0,2,1,1,0,0,0,2,0,7,70,2,14295,14295,3,5,5,2,0,0,0,0
1275664,3,2021,2021,10,2,9,26,27,92,25,0,1,2,-33.971444,150.816617,13,0,2,1,2,0,0,0,2,0,7,60,1,3775,3775,0,5,13,2,0,0,0,0
1275672,3,2021,2021,10,1,6,28,31,225,34609,0,1,1,-33.800523,151.182677,77,0,2,1,1,0,0,0,2,0,7,50,0,9859,9859,1,5,5,2,0,0,0,0
1275674,3,2021,2021,1,4,10,1,31,151,34609,0,1,1,-34.030803,150.851841,13,0,2,0,2,0,0,0,0,0,7,50,0,1259,5151,1,5,5,2,0,0,0,0
1275675,3,2021,2021,10,6,8,500,27,129,799,0,1,9,-33.926014,151.084816,15,0,2,1,1,0,0,0,2,0,15,60,2,2852,2852,4,0,0,2,0,0,0,0
1275678,3,2021,2021,10,2,0,1052,14,3,928,0,1,3,-33.331058,151.384031,16,1,2,0,0,0,0,0,0,0,7,110,2,204,204,1,5,13,2,0,0,0,0
1275689,3,2021,2021,10,0,7,13,27,70,34609,0,1,1,-33.977682,151.104845,25,0,2,1,0,0,0,0,2,0,7,50,0,1282,1282,1,5,5,2,0,0,0,0
1275692,3,2021,2021,10,4,8,3,31,224,34609,0,1,2,-33.837908,151.243867,45,0,2,1,3,0,0,0,2,0,7,50,0,9859,9859,1,30,36,2,0,0,0,0
1275694,3,2021,2021,9,6,8,478,17,89,480,0,1,7,-33.369156,151.475456,16,2,2,0,3,0,0,0,2,0,7,60,2,941,941,1,5,0,2,0,0,0,0
1275696,3,2021,2021,9,1,7,48,27,51,166,0,1,2,-33.253223,151.492764,16,2,2,1,3,0,0,0,2,0,7,50,2,1383,1383,1,5,0,2,0,0,0,0
1275705,3,2021,2021,9,4,8,20,31,149,260,0,1,9,-33.99183,151.142461,4,0,2,1,3,0,3,3,2,2,7,60,2,14295,14295,3,21,5,2,0,0,0,0
1275707,3,2021,2021,10,6,10,14,27,12,34609,0,1,1,-33.494602,151.421573,16,2,2,1,3,0,0,0,0,0,7,50,0,945,945,5,34,40,1,0,0,0,0
1275710,3,2021,2021,10,3,7,34,31,111,34609,0,1,10,-33.920491,151.254417,59,0,2,1,3,0,0,0,2,2,7,50,0,186,186,1,10,5,2,0,0,0,0
1275712,3,2021,2021,10,2,2,1104,14,609,962,0,1,3,-33.804153,150.90678,7,0,2,1,3,0,0,0,1,0,7,100,2,404,404,8,5,40,1,0,0,0,0
1275714,3,2021,2021,9,4,10,162,31,387,13,0,1,10,-33.930406,151.199987,4,0,2,1,3,0,3,4,0,2,7,50,1,5929,5929,1,5,5,2,0,0,0,0
1275715,3,2021,2021,9,5,6,2126,17,44,2149,0,1,2,-33.765085,150.620802,8,2,2,0,3,0,3,0,2,0,7,80,2,1383,1383,1,5,5,2,0,0,0,0
1275716,3,2021,2021,10,0,9,5,27,138,34609,0,1,1,-33.873124,151.273241,81,0,2,1,3,0,0,0,2,0,7,50,0,9859,9859,1,5,5,2,0,0,0,0
1275717,3,2021,2021,9,4,9,39,27,143,51,0,1,9,-33.691477,151.099054,31,0,2,1,3,0,3,4,2,2,7,60,2,14295,14295,3,10,5,2,0,0,0,0
1275718,3,2021,2021,9,1,7,98,27,40,34609,0,1,1,-34.023771,151.126983,68,0,2,1,3,0,0,0,2,0,7,50,0,1981,1981,4,5,12,2,0,0,0,0
1275723,3,2021,2021,9,1,4,916,17,75,917,0,1,2,-32.781682,151.619338,42,1,0,1,3,0,0,3,2,0,7,90,2,14295,14295,3,5,5,2,0,0,0,0
1275724,3,2021,2021,9,4,4,125,27,108,123,0,1,2,-33.318652,151.426273,16,2,2,1,3,0,0,0,2,0,7,70,2,14295,14295,3,0,0,2,0,0,0,0
1275727,3,2021,2021,9,5,7,18,27,3,14,0,1,1,-28.756195,153.301321,39,2,1,0,3,0,3,4,2,0,7,80,1,1850,1463,5,0,40,1,0,0,0,0
1275730,3,2021,2021,10,2,2,21,10,40,34609,0,1,10,-34.024369,150.770702,12,0,2,1,3,0,0,0,1,2,7,60,0,14295,14295,3,10,5,2,0,0,0,0
1275735,3,2021,2021,9,6,10,4,31,108,34609,0,1,9,-33.814042,151.192156,77,0,2,1,1,0,0,0,2,0,7,50,0,9859,9859,1,33,5,2,0,0,0,0
1275743,3,2021,2021,10,6,10,22,27,35,34609,0,1,1,-33.884516,150.898692,24,0,2,0,2,0,0,0,0,0,7,50,0,3775,3775,0,0,5,2,0,0,0,0
1275759,3,2021,2021,11,1,7,2209,17,95,2205,0,1,9,-34.408247,150.891362,80,0,2,1,3,0,0,0,2,2,7,60,2,14295,14295,3,30,5,2,0,0,0,0
1275763,3,2021,2021,10,3,7,1,27,433,34609,0,1,1,-33.298352,149.083082,52,2,1,1,1,0,3,4,2,0,7,50,0,4026,4026,8,5,40,1,0,0,0,0
1275766,3,2021,2021,11,6,5,387,27,253,2,1,0,1,-33.964294,151.111571,25,0,2,1,1,0,0,0,2,0,7,60,1,9859,9859,1,5,0,3,0,0,0,0
1275782,3,2021,2021,10,4,8,13,27,19,34609,0,1,1,-28.277996,153.517104,72,2,1,0,3,0,0,3,2,0,7,80,0,3775,3775,0,5,5,2,0,0,0,0
1275797,3,2021,2021,10,1,9,1,31,40,34609,1,0,1,-33.792816,151.250158,50,0,2,1,1,0,0,0,3,0,7,50,0,9859,9859,1,5,5,4,0,0,0,0
1275798,3,2021,2021,10,3,6,16,31,113,34609,0,1,1,-29.472946,149.845853,51,2,1,1,1,0,0,0,2,0,7,50,0,9859,9859,8,5,40,1,0,0,0,0
1275800,3,2021,2021,11,4,5,3,27,224,34609,0,1,1,-33.814825,151.244883,45,0,2,0,1,0,0,0,2,0,7,50,0,4552,5151,1,5,5,3,0,0,0,0
1275802,3,2021,2021,10,3,0,1,27,36,34609,0,1,1,-33.79526,150.944738,21,0,2,1,2,0,0,0,0,0,7,50,0,9859,9859,8,5,40,1,0,0,0,0
1275803,3,2021,2021,9,5,8,1052,14,36,928,0,1,3,-33.427075,151.227379,16,1,2,0,3,0,0,0,2,0,7,110,2,2585,4009,8,5,40,2,0,0,0,0
1275806,3,2021,2021,10,2,2,224,27,387,321,0,1,10,-33.935195,151.193978,4,0,2,1,3,0,0,0,0,2,7,60,2,395,395,1,8,5,2,0,0,0,0
1275814,3,2021,2021,10,2,7,12,27,19,34609,0,1,1,-28.632033,153.519486,10,2,1,0,3,2,0,0,2,0,7,80,0,4552,5151,8,5,40,1,0,0,0,0
1275817,3,2021,2021,9,4,3,2,31,166,34609,0,1,10,-33.408264,149.579126,3,2,1,1,3,0,3,4,1,0,0,50,0,6545,6545,4,5,13,2,0,0,0,0
1275818,3,2021,2021,10,4,6,117,27,72,144,1,0,1,-33.840261,151.088341,14,0,2,1,3,0,0,0,2,0,7,60,2,1383,1383,1,0,5,2,0,0,0,0
1275826,3,2021,2021,10,0,7,3,27,2,34609,0,1,1,-28.19853,153.466465,72,2,1,0,0,0,0,0,2,0,7,80,0,1259,5151,8,5,40,1,0,0,0,0
1275828,3,2021,2021,9,5,2,22,27,173,34609,0,1,10,-33.878138,151.220389,69,0,2,1,3,0,0,0,0,2,7,40,0,515,515,1,8,5,2,0,0,0,0
1275829,3,2021,2021,10,5,3,1104,14,247,962,0,1,3,-33.814648,150.957694,21,0,2,1,0,0,0,0,1,0,7,90,2,14295,14295,3,5,13,5,0,0,0,0
1275839,3,2021,2021,10,5,5,3,25,234,34609,0,1,9,-34.282394,146.034683,28,2,1,1,1,0,0,0,2,0,0,50,0,1981,1981,4,10,5,2,0,0,0,0
1275845,3,2021,2021,9,1,5,32,27,201,34609,0,1,1,-34.000649,150.860473,13,0,2,1,3,0,0,0,2,0,7,50,0,323,323,1,5,13,3,0,0,0,0
1275857,3,2021,2021,10,2,10,31,18,234,34609,0,1,10,-34.288751,146.047061,28,2,1,1,3,0,0,0,0,0,0,50,0,6545,6545,4,0,5,2,0,0,0,0
1275858,3,2021,2021,9,4,9,15,10,53,34609,0,1,1,-33.93587,150.83681,41,0,2,1,3,0,3,4,0,0,7,50,0,9859,9859,8,5,40,1,0,0,0,0
1275859,3,2021,2021,10,0,4,63,27,147,34609,1,2,1,-33.875146,150.99414,15,0,2,1,3,0,0,0,2,0,9,40,0,1981,1981,4,0,13,2,0,0,0,0
1275861,3,2021,2021,11,1,7,51,27,35,34609,0,1,9,-33.269509,151.54934,16,2,2,1,3,0,0,0,2,0,15,50,0,945,945,5,5,40,1,0,0,0,0
1275862,3,2021,2021,10,3,8,4,27,194,34609,0,1,10,-30.528875,151.671284,1,2,1,1,3,0,0,0,3,0,0,50,0,6545,6545,4,5,13,2,0,0,0,0
1275866,3,2021,2021,10,2,10,2126,17,136,2149,0,1,9,-33.85845,151.069509,67,0,2,1,2,0,3,4,0,2,7,60,2,4552,985,8,10,40,1,0,0,0,0
1275867,3,2021,2021,10,0,5,2209,17,166,2205,0,1,1,-33.894506,151.182376,69,0,2,1,3,0,0,0,2,0,7,50,2,941,941,1,0,13,3,0,0,0,0
1275869,3,2021,2021,9,5,3,17,27,8,17,0,1,1,-35.224394,148.189766,66,1,0,1,3,0,0,0,1,0,7,100,2,1089,1089,7,3,40,1,0,0,0,0
1275883,3,2021,2021,10,3,0,37,31,316,34609,0,1,1,-33.927171,151.243218,59,0,2,1,2,0,0,0,0,0,7,50,0,9859,9859,1,5,0,4,0,0,0,0
1275885,3,2021,2021,10,6,7,95,31,137,34609,0,1,9,-33.914229,151.202105,69,0,2,1,3,0,3,4,2,0,7,40,0,14295,14295,3,5,5,2,0,0,0,0
1275897,3,2021,2021,10,2,7,348,17,9,232,0,1,1,-32.243043,149.436559,44,1,0,1,0,0,0,0,2,0,7,100,2,4026,4026,8,8,40,1,0,0,0,0
1275903,3,2021,2021,10,3,7,1,31,96,34609,0,1,1,-35.352643,149.224649,58,2,1,1,3,0,0,0,2,0,7,50,0,175,188,1,8,13,3,0,0,0,0
1275920,3,2021,2021,9,4,10,204,27,50,34609,0,1,9,-33.512199,151.334091,16,2,2,1,2,0,3,3,0,0,7,60,0,9859,9859,1,5,5,2,0,0,0,0
1275924,3,2021,2021,11,4,7,102,31,53,34609,0,1,1,-33.689015,151.106856,31,0,2,1,0,0,3,3,2,0,7,60,0,1957,777,1,10,5,2,0,0,0,0
1275925,3,2021,2021,11,4,0,103,27,94,563,0,1,10,-33.826718,151.050808,54,0,2,1,3,0,0,0,0,2,7,70,2,9859,9859,8,5,40,1,0,0,0,0
1275936,3,2021,2021,10,3,7,12,31,103,34609,0,1,1,-28.823239,153.324272,39,2,1,1,3,0,0,0,2,0,7,50,0,9859,9859,1,5,0,2,0,0,0,0
1275938,3,2021,2021,10,3,8,1052,14,87,928,0,1,3,-33.039757,151.473723,37,0,2,0,3,0,0,0,2,0,7,110,2,1957,4009,8,5,40,1,0,0,0,0
1275940,3,2021,2021,9,6,7,3,27,224,34609,0,1,1,-33.811332,151.246275,45,0,2,1,3,0,0,0,2,0,7,50,0,9859,9859,1,0,5,3,0,0,0,0
1275942,3,2021,2021,10,0,6,17,27,8,17,0,1,1,-35.202629,148.165151,66,1,0,1,3,1,2,6,2,0,7,100,2,4026,4026,8,5,40,1,0,0,0,0
1275944,3,2021,2021,9,6,7,10,10,27,34609,0,1,1,-34.053403,150.744774,12,0,2,0,3,0,0,0,2,0,7,50,0,941,941,1,5,0,2,0,0,0,0
1275945,3,2021,2021,11,4,3,36,36,3,139,0,1,9,-34.341877,146.217073,28,1,0,1,3,0,0,0,2,0,7,100,2,1850,777,5,29,40,1,0,0,0,0
1275951,3,2021,2021,9,4,7,32,27,14,26,0,1,1,-33.646814,151.279792,50,0,2,0,1,0,3,6,2,0,7,50,1,2585,4009,8,5,40,1,0,0,0,0
1275961,3,2021,2021,10,4,8,2,31,17,34609,0,1,10,-30.887996,153.041322,34,2,1,1,1,0,0,0,2,0,0,50,0,6545,6545,4,30,0,2,0,0,0,0
1275964,3,2021,2021,10,5,5,1104,14,136,962,0,1,6,-33.857593,151.071801,67,0,2,0,3,0,0,0,2,0,7,50,2,1850,1463,5,8,40,1,0,0,0,0
1275971,3,2021,2021,10,3,1,55,27,96,160,0,1,9,-34.052394,150.833193,13,0,2,1,1,0,3,4,0,2,7,60,2,1192,1192,1,0,0,2,0,0,0,0
1275972,3,2021,2021,9,4,5,65,31,609,115,0,1,10,-33.776722,150.901586,7,0,2,1,3,0,3,4,2,2,7,60,2,1391,1391,1,0,13,2,0,0,0,0
1275973,3,2021,2021,9,6,8,171,27,24,369,0,1,10,-33.94866,150.738556,12,0,2,1,3,0,0,0,3,0,0,80,2,14295,14295,3,29,13,2,0,0,0,0
1275974,3,2021,2021,9,5,5,165,31,128,369,0,1,1,-33.631472,150.791742,29,2,2,1,3,0,0,0,2,0,7,60,2,1391,1391,1,10,5,2,0,0,0,0
1275975,3,2021,2021,9,4,6,296,27,290,293,0,1,10,-33.855751,150.995008,21,0,2,1,3,0,3,4,2,2,7,70,2,5929,5929,1,5,5,2,0,0,0,0
1275976,3,2021,2021,10,3,8,4,31,70,101,0,1,9,-32.90237,151.730674,48,0,2,0,3,0,0,0,0,0,7,60,2,14295,14295,3,5,5,2,0,0,0,0
1275979,3,2021,2021,9,4,4,17,27,10,34609,0,1,1,-34.052315,151.089237,68,0,2,1,3,0,3,4,2,0,7,50,0,9859,9859,8,9,40,1,0,0,0,0
1275982,3,2021,2021,10,2,9,4,27,316,34609,0,1,9,-31.443922,152.907137,56,2,1,1,3,0,3,4,0,0,7,50,0,14295,14295,3,10,5,2,0,0,0,0
1275990,3,2021,2021,10,2,10,19,31,104,34609,0,1,1,-33.829729,151.220855,49,0,2,1,2,0,0,0,0,0,7,50,0,248,248,1,5,19,2,0,0,0,0
1275996,3,2021,2021,10,0,3,39,27,293,91,0,1,7,-33.952699,151.245896,59,0,2,1,3,0,3,3,2,0,0,50,1,945,945,5,9,40,1,0,0,0,0
1275997,3,2021,2021,9,1,10,2209,17,79,2205,0,1,10,-33.978479,151.122503,25,0,2,1,3,0,0,0,0,2,7,70,2,1282,1282,1,5,5,2,0,0,0,0
1276000,3,2021,2021,10,2,5,7,27,226,34609,0,1,1,-33.758091,150.82588,7,0,2,1,3,0,0,0,2,0,7,50,0,941,941,1,0,5,2,0,0,0,0