Crash ID,Degree of crash - detailed,Reporting year,Year of crash,Month of crash,Day of week of crash,Two-hour intervals,Street of crash,Street type,Town,Route no.,School zone location,School zone active,Type of location,Latitude,Longitude,LGA,Urbanisation,Conurbation 1,Alignment,Street lighting,Road surface,Surface condition,Weather,Natural lighting,Signals operation,Other traffic control,Speed limit,Road classification,RUM - code,DCA - code,First impact type,Key TU type,Other TU type,No. of traffic units involved,No. killed,No. seriously injured,No. moderately injured,No. minor-other injured
1276003,3,2021,2021,9,1,10,35,27,13,34,0,1,9,-29.95013,151.219141,33,2,1,1,3,0,0,0,0,0,7,60,1,1089,1089,7,9,40,1,0,0,0,0
1276014,3,2021,2021,10,2,0,9,27,55,34609,0,1,1,-33.373276,151.462784,16,2,2,1,2,0,0,0,0,0,7,50,0,4026,4026,1,34,4,4,0,0,0,0
1276015,3,2021,2021,10,2,10,12,27,60,41,0,1,7,-33.754146,150.760198,55,0,2,1,2,0,0,0,0,0,0,70,1,6545,6545,4,5,5,2,0,0,0,0
1276022,3,2021,2021,1,2,10,1104,14,445,962,0,1,3,-33.846982,151.04995,21,0,2,1,0,0,0,0,0,0,7,90,2,1282,1282,1,5,0,2,0,0,0,0
1276054,3,2021,2021,9,0,0,2126,17,93,2149,0,1,1,-33.421094,149.629529,3,2,1,1,0,0,3,4,0,0,7,60,2,9859,9859,8,5,40,1,0,0,0,0
1276089,3,2021,2021,10,2,0,44,27,27,34609,0,1,10,-34.058558,150.73366,12,0,2,1,2,0,0,0,0,0,0,60,0,1945,1945,5,34,40,1,0,0,0,0
1276090,3,2021,2021,10,5,11,829,31,162,240,0,1,10,-33.845524,150.900116,24,0,2,1,2,0,3,4,0,2,7,60,2,6545,6545,4,10,13,2,0,0,0,0
1276106,3,2021,2021,1,6,7,20,31,149,260,0,1,9,-33.992099,151.144373,4,0,2,1,0,0,0,0,2,0,7,60,2,14295,14295,3,8,0,2,0,0,0,0
1276113,3,2021,2021,9,4,8,62,31,204,34609,0,1,0,-33.895152,150.93648,24,0,2,1,1,0,3,4,2,0,7,40,0,387,387,1,0,0,2,0,0,0,0
1276115,3,2021,2021,10,4,8,293,31,128,369,0,1,10,-33.624045,150.801179,29,2,2,1,0,0,0,0,2,0,7,60,2,6545,6545,4,5,19,2,0,0,0,0
1276117,3,2021,2021,1,4,2,13,31,106,34609,0,1,1,-34.571912,150.798736,62,0,2,0,2,0,0,0,0,0,7,50,0,1957,4009,1,0,5,2,0,0,0,0
1276122,3,2021,2021,9,3,9,296,27,290,293,1,0,9,-33.849144,150.99698,21,0,2,1,3,0,0,0,0,2,7,70,2,5929,5929,1,5,5,2,0,0,0,0
1276123,3,2021,2021,9,5,3,46,27,22,43,0,1,9,-35.946927,146.883291,27,1,0,1,3,0,0,0,2,0,0,100,1,14295,14295,3,5,13,2,0,0,0,0
1276124,3,2021,2021,10,3,2,5,27,4,34609,0,1,1,-34.565741,146.451154,51,1,0,0,3,0,0,0,1,0,7,100,0,1957,4009,8,5,40,1,0,0,0,0
1276125,3,2021,2021,9,6,8,916,17,104,917,0,1,2,-32.819561,151.681404,48,0,2,0,3,0,3,4,2,0,7,80,2,4552,5151,8,9,40,1,0,0,0,0
1276126,3,2021,2021,9,5,7,5,31,15,34609,1,2,10,-32.937133,151.758364,48,0,2,1,3,0,3,0,2,0,0,40,0,6545,6545,4,5,5,2,0,0,0,0
1276131,3,2021,2021,10,4,3,515,14,294,518,0,1,3,-33.9405,150.931489,41,0,2,1,3,0,0,0,2,0,7,100,2,14295,14295,3,8,5,7,0,0,0,0
1276133,3,2021,2021,9,0,6,232,36,64,168,0,1,10,-34.039393,150.739774,12,0,2,1,3,0,0,3,2,2,7,60,2,1383,1383,1,0,36,2,0,0,0,0
1276135,3,2021,2021,9,6,10,43,2,40,42,0,1,7,-33.732413,150.970393,71,0,2,1,3,0,3,3,0,0,0,70,2,5929,5929,1,0,0,2,0,0,0,0
1276136,3,2021,2021,10,3,4,2261,17,93,2252,0,1,2,-36.074584,146.928542,0,1,0,0,3,0,0,0,2,0,7,110,2,2585,4009,8,9,40,1,0,0,0,0
1276141,3,2021,2021,9,2,6,1052,14,160,928,0,1,3,-33.126827,151.470125,37,0,2,1,3,0,0,0,2,0,7,110,2,1945,1945,5,16,40,1,0,0,0,0
1276155,3,2021,2021,9,1,4,4,27,224,34609,0,1,1,-33.829175,151.237469,45,0,2,1,1,0,3,3,2,0,7,50,0,9859,9859,1,5,5,2,0,0,0,0
1276163,3,2021,2021,10,2,10,196,10,45,168,0,1,1,-33.890966,150.971631,15,0,2,0,2,0,0,0,0,0,7,70,2,3775,3775,0,33,5,2,0,0,0,0
1276168,3,2021,2021,11,0,4,3371,17,463,3342,0,1,2,-30.292448,153.117668,19,2,1,1,3,0,0,0,2,0,7,60,2,14295,14295,3,0,13,3,0,0,0,0
1276171,3,2021,2021,9,1,0,2126,17,136,2149,0,1,9,-33.85845,151.069509,67,0,2,1,2,0,3,4,0,2,7,60,2,5929,5929,1,5,5,2,0,0,0,0
1276180,3,2021,2021,10,0,2,2261,17,443,2252,0,1,9,-33.904596,151.042007,15,0,2,1,3,0,0,0,0,2,7,60,2,5929,5929,1,8,35,3,0,0,0,0
1276186,3,2021,2021,11,6,3,17,31,106,32,0,1,1,-33.915527,151.082257,15,0,2,1,3,0,0,0,1,0,7,50,1,9859,9859,1,30,0,3,0,0,0,0
1276190,3,2021,2021,10,5,2,8,27,70,34609,0,1,1,-33.977357,151.113131,25,0,2,1,2,0,0,0,0,0,7,50,0,9859,9859,1,21,5,4,0,0,0,0
1276202,3,2021,2021,9,2,6,76,27,77,148,0,1,10,-32.938155,151.751173,48,0,2,1,3,0,0,0,2,2,7,60,1,395,395,1,0,5,2,0,0,0,0
1276205,3,2021,2021,9,1,4,8,1,646,34609,0,1,9,-33.917175,151.040146,15,0,2,1,3,0,3,3,2,2,7,50,0,5929,5929,1,0,0,2,0,0,0,0
1276207,3,2021,2021,9,3,7,3371,17,6,3342,0,1,2,-31.66232,152.733644,56,1,0,0,3,0,3,4,2,0,7,110,2,1089,1089,7,0,40,1,0,0,0,0
1276210,3,2021,2021,9,4,8,1104,14,460,962,0,1,3,-33.823895,150.987523,21,0,2,1,3,0,0,3,3,0,7,90,2,1391,1391,1,10,12,3,0,0,0,0
1276212,3,2021,2021,10,4,7,33,1,234,139,0,1,10,-34.285165,146.024719,28,2,1,1,3,0,0,0,2,0,0,50,2,6545,6545,4,0,13,2,0,0,0,0
1276213,3,2021,2021,9,3,6,33,27,147,40,0,1,7,-33.755976,151.29648,50,0,2,1,3,0,3,0,2,0,0,50,1,1391,1391,1,5,0,2,0,0,0,0
1276214,3,2021,2021,10,3,5,11,36,53,34609,0,1,1,-30.653904,152.983178,47,2,1,1,3,0,0,0,2,0,7,50,0,9859,9859,1,5,5,2,0,0,0,0
1276216,3,2021,2021,1,2,8,2209,17,68,2205,0,1,9,-34.085174,151.010302,68,0,2,0,1,0,0,0,2,0,7,70,2,5929,5929,1,5,0,2,0,0,0,0
1276218,3,2021,2021,9,6,11,42,10,39,172,0,1,9,-32.890038,151.572341,37,0,2,1,3,0,3,4,0,0,0,80,2,9859,9859,8,5,40,1,0,0,0,0
1276223,3,2021,2021,11,0,9,74,27,56,59,0,1,2,-34.465648,150.873121,80,0,2,1,3,0,0,0,0,0,7,80,2,9859,9859,8,0,40,1,0,0,0,0
1276229,3,2021,2021,10,4,11,2209,17,179,2205,0,1,9,-36.738623,149.817585,5,1,0,1,1,0,0,0,0,0,0,100,2,9859,9859,8,5,40,1,0,0,0,0
1276240,3,2021,2021,9,1,3,12,1,138,34609,1,0,1,-33.87357,151.272291,81,0,2,1,0,0,0,0,2,0,7,50,0,9859,9859,1,29,5,2,0,0,0,0
1276252,3,2021,2021,10,3,11,48,10,316,121,0,1,7,-31.431443,152.888994,56,2,1,1,2,0,0,0,0,0,0,60,1,4026,4026,8,0,40,1,0,0,0,0
1276253,3,2021,2021,11,4,11,178,27,189,101,0,1,9,-33.942304,151.054031,15,0,2,1,2,0,0,0,0,2,7,50,2,4026,4026,8,10,40,1,0,0,0,0
1276255,3,2021,2021,10,4,5,9,27,8,39,0,1,1,-31.402233,149.721029,51,1,0,0,0,0,0,0,2,0,7,100,1,1850,1463,5,8,40,1,0,0,0,0
1276256,3,2021,2021,10,4,7,515,14,55,518,0,1,3,-33.939776,150.903531,41,0,2,1,3,0,0,0,2,0,7,100,2,404,404,8,10,40,3,0,0,0,0
1276261,3,2021,2021,10,0,9,40,27,30,74,0,1,9,-33.856054,151.142162,14,0,2,1,3,0,0,0,3,0,7,50,1,77,77,1,30,5,2,0,0,0,0
1276264,3,2021,2021,9,0,8,10,27,2,12,0,1,1,-34.760927,148.087683,20,1,0,0,3,0,3,3,4,0,7,100,1,1957,4009,8,0,40,1,0,0,0,0
1276266,3,2021,2021,9,4,8,37,31,120,34609,0,1,1,-33.762846,150.863559,7,0,2,1,3,0,3,4,2,0,7,50,0,1383,1383,1,5,0,2,0,0,0,0
1276268,3,2021,2021,9,6,2,98,27,128,382,0,1,7,-33.639946,150.784281,55,0,2,1,3,0,0,0,1,0,0,80,2,1391,1391,1,0,5,2,0,0,0,0
1276269,3,2021,2021,10,2,6,3371,17,32,3342,0,1,2,-29.091713,153.340632,60,1,0,1,3,0,0,0,2,0,7,110,2,14295,14295,3,5,5,2,0,0,0,0
1276272,3,2021,2021,10,6,7,478,17,78,480,0,1,7,-33.414886,151.450364,16,2,2,1,3,0,0,0,2,0,0,60,2,14295,14295,3,5,36,3,0,0,0,0
1276274,3,2021,2021,9,3,0,22,27,52,34609,0,1,1,-33.659975,150.702349,55,0,2,0,3,0,3,4,0,0,7,60,0,4552,5151,8,5,40,1,0,0,0,0
1276275,3,2021,2021,9,3,8,3,27,113,34609,0,1,1,-29.429164,149.539096,51,1,0,0,3,0,3,4,2,0,7,100,0,1850,1463,5,10,40,1,0,0,0,0
1276278,3,2021,2021,9,5,6,5,31,215,34609,0,1,1,-35.115555,147.367928,75,2,1,1,3,0,0,0,2,0,7,50,0,1109,397,1,5,0,2,0,0,0,0
1276280,3,2021,2021,9,6,2,2261,17,523,2252,0,1,2,-33.936255,150.914633,41,0,2,1,3,0,0,0,1,0,7,60,2,1282,1282,1,29,5,2,0,0,0,0
1276284,3,2021,2021,9,6,8,44,27,38,126,0,1,1,-32.784966,151.895126,57,2,1,1,3,0,3,4,2,0,7,80,2,1669,1669,3,10,13,2,0,0,0,0
1276285,3,2021,2021,9,3,7,175,27,86,220,0,1,9,-33.745013,150.916777,7,0,2,1,3,0,0,0,2,0,7,70,2,623,623,3,5,5,2,0,0,0,0
1276286,3,2021,2021,9,0,8,2,27,6,34609,0,1,1,-28.625572,153.435755,10,1,0,0,3,0,3,3,2,0,7,100,0,3775,3775,0,8,5,2,0,0,0,0
1276290,3,2021,2021,9,4,7,1,27,33,34609,0,1,9,-34.068997,150.718301,12,0,2,1,3,0,3,4,2,0,7,50,0,150,150,4,0,5,2,0,0,0,0
1276291,3,2021,2021,10,0,2,2261,17,34,2252,0,1,2,-34.793874,149.617625,26,1,0,1,3,0,0,0,0,0,7,110,2,1945,1945,5,29,40,1,0,0,0,0
1276294,3,2021,2021,9,2,6,31,10,78,23,0,1,1,-33.426677,151.444749,16,2,2,0,3,0,0,0,2,0,7,50,1,1391,1391,1,5,0,2,0,0,0,0
1276297,3,2021,2021,9,4,10,19,27,72,34609,0,1,2,-34.017004,151.01373,68,0,2,1,3,0,3,4,0,0,7,60,0,9859,9859,8,5,40,1,0,0,0,0
1276298,3,2021,2021,10,2,9,2,27,74,34609,0,1,9,-34.441922,150.846979,80,0,2,1,3,0,0,0,0,0,7,50,0,1109,787,1,0,12,2,0,0,0,0
1276301,3,2021,2021,10,0,8,40,31,49,24,0,1,1,-33.953497,151.223549,4,0,2,1,1,0,0,0,2,0,7,60,2,3775,3775,0,5,35,2,0,0,0,0
1276302,3,2021,2021,10,6,0,361,23,176,34609,0,1,1,-33.958329,151.134794,25,0,2,1,2,0,0,0,0,0,7,50,0,4026,4026,8,5,40,1,0,0,0,0
1276303,3,2021,2021,9,1,7,2126,17,104,2149,0,1,6,-33.833211,151.018402,54,0,2,0,1,0,0,0,2,0,7,60,2,1192,1192,1,0,5,2,0,0,0,0
1276317,3,2021,2021,8,3,8,2,31,7,34609,0,1,1,-33.853799,151.179898,32,0,2,1,0,0,0,0,2,0,7,40,0,9859,9859,1,0,5,4,0,0,0,0
1276329,3,2021,2021,10,0,8,177,22,70,176,0,1,10,-34.03288,151.08908,68,0,2,1,1,0,0,0,2,2,7,60,2,6545,6545,4,5,5,2,0,0,0,0
1276331,3,2021,2021,9,0,7,512,17,562,441,0,1,10,-32.247984,148.593376,22,2,1,1,3,0,3,0,2,2,9,60,2,14295,14295,3,10,27,2,0,0,0,0
1276335,3,2021,2021,9,0,11,37,31,273,87,0,1,1,-34.425316,150.899911,80,0,2,1,3,0,3,3,0,0,7,60,2,14295,14295,3,30,5,2,0,0,0,0
1276336,3,2021,2021,9,1,9,168,17,47,212,0,1,9,-35.267224,149.431355,58,1,0,1,3,0,0,0,3,0,7,100,2,14295,14295,3,5,0,2,0,0,0,0
1276340,3,2021,2021,9,3,5,7,27,54,34609,0,1,10,-28.528021,153.539697,10,2,1,1,3,0,0,0,2,0,0,50,0,2852,2852,4,5,5,2,0,0,0,0
1276341,3,2021,2021,9,5,5,109,27,74,382,1,0,1,-33.748302,150.841899,7,0,2,1,3,0,0,0,2,0,7,60,2,1109,787,1,5,0,2,0,0,0,0
1276344,3,2021,2021,9,5,8,178,1,73,34609,0,1,9,-33.755835,150.815267,7,0,2,1,3,0,0,0,4,0,15,50,0,1669,1669,3,5,5,2,0,0,0,0
1276345,3,2021,2021,9,0,9,251,27,62,212,0,1,2,-33.752526,151.252354,50,0,2,1,3,0,0,0,0,0,7,70,2,14295,14295,3,34,0,3,0,0,0,0
1276348,3,2021,2021,9,3,4,6,10,42,34609,0,1,2,-33.697102,150.938034,71,0,2,1,3,0,3,4,2,0,7,50,0,9859,9859,8,5,40,1,0,0,0,0
1276351,3,2021,2021,9,0,3,54,27,72,563,0,1,9,-34.023552,151.007856,68,0,2,1,3,0,3,4,1,2,7,80,2,1391,1391,1,5,36,2,0,0,0,0
1276355,3,2021,2021,11,6,9,4,31,36,34609,0,1,10,-33.527611,149.249801,51,2,1,1,2,0,3,4,0,0,0,50,0,6545,6545,4,10,0,2,0,0,0,0
1276356,3,2021,2021,9,5,7,14,27,87,34609,0,1,1,-33.071256,151.463025,37,0,2,1,1,0,0,0,2,0,7,50,0,9859,9859,1,33,5,2,0,0,0,0
1276378,3,2021,2021,9,3,2,78,1,96,34609,0,1,1,-35.358787,149.232796,58,2,1,1,0,0,3,4,0,0,7,50,0,4026,4026,1,5,5,2,0,0,0,0
1276380,3,2021,2021,10,2,3,7,27,2,34609,0,1,1,-35.650616,145.211304,51,1,0,1,3,0,0,0,2,0,7,100,0,1089,1089,7,10,40,1,0,0,0,0
1276381,3,2021,2021,9,3,7,481,17,113,483,0,1,9,-29.405752,149.919974,51,1,0,0,0,0,3,4,2,0,7,110,2,273,957,5,10,40,1,0,0,0,0
1276383,3,2021,2021,9,1,3,2126,17,40,2149,0,1,3,-33.705741,150.528839,8,2,2,0,3,0,3,4,4,0,7,80,2,4552,5151,8,10,40,1,0,0,0,0
1276384,3,2021,2021,9,2,3,330,23,150,233,0,1,10,-33.924353,151.228576,59,0,2,1,3,0,0,0,2,2,9,60,2,6545,6545,4,30,5,2,0,0,0,0
1276387,3,2021,2021,9,5,3,2,27,61,34609,0,1,1,-33.841852,150.673377,55,0,2,1,3,0,3,0,2,0,7,80,0,1089,1089,7,0,40,2,0,0,0,0
1276388,3,2021,2021,9,1,8,17,36,12,72,0,1,9,-28.652774,153.54376,10,1,0,0,3,0,3,4,4,0,7,100,2,4552,5151,8,0,40,1,0,0,0,0
1276389,3,2021,2021,9,2,6,43,22,149,187,0,1,2,-33.869621,151.175388,32,0,2,1,3,0,0,0,2,0,7,70,2,14295,14295,3,30,0,4,0,0,0,0
1276390,3,2021,2021,9,4,8,13,27,278,24,0,1,9,-33.766732,151.043053,54,0,2,1,3,0,3,3,4,0,7,50,1,5929,5929,1,5,5,2,0,0,0,0
1276391,3,2021,2021,9,6,4,204,31,95,34609,0,1,9,-34.39573,150.892601,80,0,2,1,3,0,0,0,2,0,7,60,0,1282,1282,1,5,5,2,0,0,0,0
1276392,3,2021,2021,10,5,4,195,27,76,186,0,1,2,-33.919487,150.852308,41,0,2,1,3,0,0,0,2,0,7,70,2,1383,1383,1,10,5,2,0,0,0,0
1276393,3,2021,2021,9,0,3,3371,17,147,3342,0,1,9,-33.739562,151.136385,36,0,2,1,3,0,3,4,2,2,7,60,2,14295,14295,3,8,0,2,0,0,0,0
1276395,3,2021,2021,9,0,5,4,27,10,6,1,0,1,-33.500185,150.738017,29,2,2,1,3,0,3,0,2,0,7,70,1,4026,4026,8,5,40,1,0,0,0,0
1276396,3,2021,2021,10,4,3,2209,17,115,2205,0,1,1,-33.915998,151.173658,32,0,2,1,3,0,0,0,2,0,7,60,2,1391,1391,1,0,13,2,0,0,0,0
1276397,3,2021,2021,9,1,11,7,27,25,34609,0,1,1,-32.990603,151.713358,37,0,2,0,3,0,0,0,0,0,7,60,0,4552,5151,8,5,40,1,0,0,0,0
1276398,3,2021,2021,9,2,8,348,17,10,232,0,1,9,-32.318923,149.460915,44,1,0,1,3,0,0,0,2,0,0,100,2,489,489,8,0,40,1,0,0,0,0
1276402,3,2021,2021,9,4,7,512,17,562,441,0,1,7,-32.259309,148.64634,22,2,1,1,3,0,0,3,2,0,0,70,2,1669,1669,3,0,5,2,0,0,0,0
1276405,3,2021,2021,9,2,10,1104,14,149,962,0,1,3,-33.817299,150.970058,21,0,2,1,3,0,0,0,0,0,7,90,2,404,404,8,0,40,1,0,0,0,0
1276407,3,2021,2021,10,5,8,512,27,294,34609,0,1,9,-33.935863,150.939041,41,0,2,1,3,0,0,0,3,0,7,50,0,1109,787,1,5,0,2,0,0,0,0
1276408,3,2021,2021,10,0,9,14,10,316,34609,0,1,1,-31.434618,152.888259,56,2,1,0,2,0,0,0,3,0,7,50,0,4552,5151,1,0,36,2,0,0,0,0
1276415,3,2021,2021,9,5,4,74,27,609,163,0,1,7,-33.777341,150.907503,7,0,2,1,0,0,0,0,2,0,0,60,2,6545,6545,4,5,5,2,0,0,0,0
1276433,3,2021,2021,10,4,0,2,27,56,34609,0,1,9,-33.759178,150.787125,55,0,2,1,0,0,0,0,0,0,7,50,0,489,489,8,30,40,1,0,0,0,0
1276437,3,2021,2021,10,3,4,15,27,197,140,0,1,1,-33.939223,151.07673,15,0,2,1,1,0,0,0,2,0,7,50,2,9859,9859,1,9,5,3,0,0,0,0
1276438,3,2021,2021,10,6,0,18,27,22,34609,0,1,1,-36.04139,146.919589,0,2,1,0,2,0,0,0,0,0,7,50,0,1259,5151,8,0,40,1,0,0,0,0
1276443,3,2021,2021,10,2,0,5,27,23,34609,1,0,9,-34.387816,150.871289,80,0,2,1,2,0,0,0,0,0,0,50,0,2585,777,8,5,40,1,0,0,0,0
1276446,3,2021,2021,10,3,0,171,27,55,34609,0,1,1,-33.853745,151.271018,81,0,2,0,2,0,3,4,0,0,7,50,0,4552,5151,1,5,5,2,0,0,0,0
1276453,3,2021,2021,6,0,10,21,27,148,60,0,1,1,-36.044073,146.945616,0,2,1,1,2,0,0,0,0,0,7,60,1,9859,9859,8,10,40,1,0,0,0,0
1276479,3,2021,2021,10,0,7,5,31,562,34609,0,1,1,-32.245084,148.603563,22,2,1,1,3,0,0,0,2,0,7,50,0,1391,1391,1,16,0,2,0,0,0,0
1276481,3,2021,2021,10,5,4,168,17,19,212,0,1,1,-35.548561,149.966662,23,2,1,0,3,0,3,0,2,0,7,70,2,2585,4009,8,29,40,1,0,0,0,0
1276495,3,2021,2021,9,5,3,134,10,157,133,0,1,2,-33.797456,151.014339,54,0,2,0,3,0,0,0,2,0,7,90,2,1391,1391,1,5,5,2,0,0,0,0
1276496,3,2021,2021,9,0,3,8,10,154,34609,0,1,7,-33.710647,150.937895,71,0,2,1,3,0,3,4,2,0,0,60,0,96,96,0,0,5,2,0,0,0,0
1276497,3,2021,2021,9,6,7,11,31,72,44,0,1,1,-33.826645,151.230054,49,0,2,1,3,0,3,4,2,0,7,50,1,1981,1981,4,5,0,2,0,0,0,0
1276499,3,2021,2021,9,5,11,13,27,4,20,0,1,1,-35.12837,146.993443,75,1,0,1,3,0,0,0,0,0,7,100,1,9859,9859,8,0,40,1,0,0,0,0
1276504,3,2021,2021,9,0,4,5,31,8,169,0,1,1,-32.828162,151.49224,17,2,1,1,3,0,3,0,2,0,7,60,2,9859,9859,8,0,40,1,0,0,0,0
1276508,3,2021,2021,9,3,10,18,27,36,38,0,1,1,-33.537331,148.688337,11,1,0,1,3,0,0,3,0,0,7,100,2,84,84,8,0,40,1,0,0,0,0
1276539,3,2021,2021,5,4,10,7,31,562,34609,0,1,1,-32.251173,148.618482,22,2,1,1,2,0,0,0,0,0,7,50,0,515,515,1,5,5,2,0,0,0,0
1276555,3,2021,2021,9,4,11,6,31,92,34609,0,1,7,-33.876053,150.970779,24,0,2,1,3,0,3,4,0,0,0,50,0,926,926,4,0,5,2,0,0,0,0
1276558,3,2021,2021,1,1,7,308,14,169,311,0,1,3,-33.77655,150.856033,7,0,2,0,0,0,0,0,2,0,7,100,2,380,714,5,8,40,1,0,0,0,0
1276564,3,2021,2021,10,0,4,294,17,56,288,0,1,9,-35.120889,147.383,75,2,1,1,3,0,0,0,2,0,7,60,2,1669,1669,3,5,0,2,0,0,0,0
1276565,3,2021,2021,9,5,4,2126,17,147,2149,0,1,2,-33.870595,151.116399,14,0,2,1,3,0,0,0,2,0,7,60,2,1192,1192,1,5,0,2,0,0,0,0
1276572,3,2021,2021,9,0,8,5,31,55,34609,0,1,10,-36.234536,149.124006,65,2,1,1,3,0,0,0,2,0,0,50,0,1391,1391,1,5,13,2,0,0,0,0
1276573,3,2021,2021,9,4,4,192,10,84,114,0,1,9,-33.467288,151.377762,16,2,2,1,3,0,0,0,2,0,7,60,2,14295,14295,3,19,5,2,0,0,0,0
1276574,3,2021,2021,10,4,4,3371,17,463,3342,0,1,9,-30.316157,153.091843,19,2,1,1,3,0,0,0,2,2,7,60,2,5929,5929,1,21,13,3,0,0,0,0
1276575,3,2021,2021,9,3,3,5,31,15,12,0,1,9,-31.696803,147.833226,51,2,1,1,3,0,0,0,2,0,0,50,1,489,489,8,0,40,2,0,0,0,0
1276577,3,2021,2021,9,3,8,4,31,57,34609,0,1,9,-34.68639,150.849423,35,2,1,1,3,0,0,0,2,0,0,50,0,2585,777,1,0,5,3,0,0,0,0
1276580,3,2021,2021,9,2,6,20,23,252,16,0,1,1,-33.928014,150.888066,41,0,2,1,3,0,0,0,2,0,7,60,0,1391,1391,1,5,5,2,0,0,0,0
1276582,3,2021,2021,9,1,8,500,27,293,799,0,1,9,-33.932582,151.041565,15,0,2,1,3,0,0,0,2,1,7,60,2,14295,14295,3,10,5,2,0,0,0,0
1276583,3,2021,2021,9,0,9,50,27,169,382,0,1,10,-33.777236,150.848196,7,0,2,1,3,0,0,3,2,2,7,60,2,6545,6545,4,5,5,2,0,0,0,0
1276586,3,2021,2021,9,4,0,294,17,26,288,0,1,1,-34.525289,145.705676,51,1,0,1,3,0,3,4,0,0,7,110,2,9859,9859,8,29,40,1,0,0,0,0
1276588,3,2021,2021,9,2,8,100,31,363,38,0,1,1,-33.807326,151.001949,54,0,2,1,3,0,0,0,2,0,7,60,1,1282,1282,1,5,5,2,0,0,0,0
1276593,3,2021,2021,9,0,7,3371,17,57,3342,1,2,2,-32.979938,151.692574,37,0,2,0,3,0,0,0,2,0,7,40,2,14295,14295,3,10,0,2,0,0,0,0
1276596,3,2021,2021,9,1,4,2261,17,523,2252,0,1,9,-33.932404,150.916854,41,0,2,1,3,0,0,0,2,2,7,60,2,1391,1391,1,0,5,2,0,0,0,0
1276597,3,2021,2021,9,1,5,2261,17,31,2252,0,1,2,-35.106704,148.060779,20,1,0,1,3,0,0,0,2,0,7,110,2,9859,9859,8,0,40,1,0,0,0,0
1276602,3,2021,2021,9,4,4,154,27,293,244,0,1,9,-33.925652,151.054714,15,0,2,1,3,0,0,0,2,2,7,60,2,14295,14295,3,30,5,3,0,0,0,0
1276603,3,2021,2021,9,1,7,114,27,34,228,0,1,1,-33.480987,150.955773,71,0,2,0,3,0,0,0,2,0,7,80,2,4552,5151,8,29,40,1,0,0,0,0
1276607,3,2021,2021,9,2,3,7,10,169,34609,0,1,1,-28.633465,153.582481,10,2,1,1,3,0,0,0,2,0,7,50,0,220,220,8,0,40,1,0,0,0,0
1276608,3,2021,2021,9,2,9,4,27,7,34609,0,1,1,-33.510649,151.343708,16,2,2,1,3,2,0,0,4,0,7,50,0,1282,1282,1,5,40,1,0,0,0,0
1276609,3,2021,2021,9,4,9,19,27,22,122,0,1,2,-34.510917,150.87446,80,0,2,1,3,0,0,0,3,0,7,80,2,14295,14295,3,5,5,2,0,0,0,0
1276610,3,2021,2021,9,3,10,191,27,33,208,1,0,10,-33.797502,151.094576,61,0,2,1,2,0,0,0,0,2,7,60,2,9859,9859,8,5,40,1,0,0,0,0
1276611,3,2021,2021,9,5,9,3,36,219,34609,0,1,9,-32.911025,151.674703,48,0,2,1,3,0,0,0,3,0,7,50,0,2852,2852,4,0,5,2,0,0,0,0
1276618,3,2021,2021,9,0,3,2,27,15,34609,0,1,9,-35.734024,146.915552,27,1,0,0,0,0,3,4,2,0,7,100,0,782,957,5,9,40,1,0,0,0,0
1276625,3,2021,2021,9,3,8,11,27,3,34609,0,1,1,-33.344523,150.984175,29,2,2,1,3,2,3,3,2,0,7,50,0,4026,4026,8,5,40,1,0,0,0,0
1276626,3,2021,2021,9,6,9,13,31,234,34609,0,1,10,-34.284465,146.051169,28,2,1,1,3,0,0,0,2,0,0,50,0,6545,6545,4,30,13,2,0,0,0,0
1276629,3,2021,2021,9,3,5,387,27,290,331,0,1,1,-33.951337,151.124768,4,0,2,1,3,0,0,0,2,0,7,60,2,1391,1391,1,5,5,2,0,0,0,0
1276630,3,2021,2021,9,2,4,1,22,74,34609,0,1,1,-34.053423,150.752642,12,0,2,1,3,0,0,0,2,0,7,50,0,9859,9859,1,5,36,2,0,0,0,0
1276631,3,2021,2021,9,0,10,37,31,215,34609,0,1,10,-35.106877,147.371768,75,2,1,1,3,0,3,4,0,2,7,50,0,217,217,1,0,5,2,0,0,0,0
1276632,3,2021,2021,9,5,5,361,23,253,165,0,1,9,-33.968658,151.104995,25,0,2,1,3,0,0,0,2,0,7,50,1,13,188,1,5,36,2,0,0,0,0
1276633,3,2021,2021,9,1,8,44,31,41,605,0,1,2,-33.781187,151.267716,50,0,2,1,3,0,0,0,4,0,7,60,2,1383,1383,1,9,0,2,0,0,0,0
1276634,3,2021,2021,9,1,7,344,27,62,382,0,1,2,-33.727517,150.844959,7,0,2,0,3,0,0,0,2,0,7,80,2,14295,14295,3,9,13,4,0,0,0,0
1276637,3,2021,2021,9,0,9,1,25,243,34609,0,1,9,-33.940403,150.915039,41,0,2,1,3,0,0,0,2,0,7,50,0,3775,3775,0,5,36,2,0,0,0,0
1276639,3,2021,2021,9,4,10,2261,17,243,2252,0,1,9,-33.94223,150.911779,41,0,2,1,3,0,0,0,0,0,7,70,2,623,623,3,21,13,2,0,0,0,0
1276654,3,2021,2021,9,5,6,2,27,40,34609,0,1,1,-34.021846,150.773908,12,0,2,1,0,0,0,0,2,0,7,50,0,41,41,8,5,40,1,0,0,0,0
1276655,3,2021,2021,10,0,11,10,27,271,18,0,1,1,-33.955657,151.018647,15,0,2,1,2,0,0,0,0,0,7,60,1,9859,9859,1,5,13,2,0,0,0,0