Crash ID,Degree of crash - detailed,Reporting year,Year of crash,Month of crash,Day of week of crash,Two-hour intervals,Street of crash,Street type,Town,Route no.,School zone location,School zone active,Type of location,Latitude,Longitude,LGA,Urbanisation,Conurbation 1,Alignment,Street lighting,Road surface,Surface condition,Weather,Natural lighting,Signals operation,Other traffic control,Speed limit,Road classification,RUM - code,DCA - code,First impact type,Key TU type,Other TU type,No. of traffic units involved,No. killed,No. seriously injured,No. moderately injured,No. minor-other injured
1276658,3,2021,2021,10,0,5,3371,17,107,3342,0,1,9,-33.284306,151.424949,16,2,2,1,1,0,0,0,2,2,7,50,2,14295,14295,3,5,0,3,0,0,0,0
1276673,3,2021,2021,11,0,10,829,31,26,34609,0,1,1,-33.910708,151.201201,69,0,2,1,2,0,0,0,0,0,7,50,0,9859,9859,1,10,0,4,0,0,0,0
1276679,3,2021,2021,11,2,9,20,31,234,34609,0,1,1,-34.280374,146.052874,28,2,1,0,2,0,0,0,0,0,7,50,0,1259,5151,8,5,40,1,0,0,0,0
1276718,3,2021,2021,9,5,11,3,1,234,34609,0,1,1,-34.291264,146.027993,28,2,1,1,2,0,0,0,0,0,7,50,0,4026,4026,8,34,40,1,0,0,0,0
1276728,3,2021,2021,9,3,10,3,27,5,34609,0,1,1,-34.411216,149.847534,74,1,0,0,0,0,3,4,0,0,7,100,0,4552,5151,8,10,40,1,0,0,0,0
1276730,3,2021,2021,11,4,1,475,10,523,268,0,1,9,-33.917858,150.912793,41,0,2,0,2,0,3,0,0,0,0,70,2,380,777,5,5,40,1,0,0,0,0
1276741,3,2021,2021,9,5,8,27,31,47,40,1,0,10,-33.772832,151.284589,50,0,2,1,3,0,0,0,2,2,7,50,1,14295,14295,3,0,12,2,0,0,0,0
1276742,3,2021,2021,9,6,4,2,10,89,34609,0,1,10,-33.866478,150.885651,24,0,2,1,3,0,3,0,2,0,15,50,0,6545,6545,4,5,5,2,0,0,0,0
1276745,3,2021,2021,9,0,6,50,36,4,7,0,1,1,-36.17197,148.043732,66,1,0,0,3,0,3,4,2,0,7,100,1,4552,5151,8,0,40,1,0,0,0,0
1276746,3,2021,2021,9,6,6,63,31,273,34609,1,0,10,-34.426218,150.902147,80,0,2,1,3,0,0,0,2,2,7,50,0,5929,5929,1,5,36,2,0,0,0,0
1276747,3,2021,2021,10,2,8,1,10,92,34609,0,1,9,-33.982981,150.822744,13,0,2,1,3,0,0,0,3,0,15,50,0,489,489,8,5,40,1,0,0,0,0
1276751,3,2021,2021,10,6,9,387,27,115,331,0,1,10,-33.958885,151.063904,25,0,2,1,1,0,0,0,3,1,7,60,2,1391,1391,1,5,33,2,0,0,0,0
1276755,3,2021,2021,9,5,7,6,31,112,34609,0,1,1,-36.059679,146.945633,0,2,1,0,0,0,0,0,2,0,7,50,0,4552,5151,8,30,40,1,0,0,0,0
1276757,3,2021,2021,9,3,0,65,10,132,148,0,1,1,-34.114947,151.063813,68,0,2,0,3,0,3,4,0,0,7,60,2,4552,5151,8,5,40,1,0,0,0,0
1276758,3,2021,2021,9,4,6,916,17,25,917,0,1,1,-30.810108,151.249431,70,1,0,0,3,0,3,3,2,0,7,100,2,1957,4009,8,5,40,1,0,0,0,0
1276765,3,2021,2021,9,5,5,123,27,304,34609,0,1,9,-33.916152,151.158235,32,0,2,1,1,0,0,0,2,0,7,50,0,623,623,3,5,5,3,0,0,0,0
1276775,3,2021,2021,9,1,5,14,31,131,34609,0,1,1,-36.074832,146.916742,0,2,1,1,0,0,0,0,2,0,7,50,0,248,248,1,19,13,2,0,0,0,0
1276776,3,2021,2021,9,1,4,77,31,48,34609,0,1,10,-36.67698,149.842673,5,2,1,1,3,0,0,0,2,0,15,50,0,6545,6545,4,5,5,2,0,0,0,0
1276778,3,2021,2021,9,4,10,118,27,646,118,0,1,10,-33.914482,151.034348,15,0,2,1,3,0,3,4,0,2,7,60,1,926,926,4,5,5,2,0,0,0,0
1276780,3,2021,2021,9,1,4,478,17,69,480,0,1,7,-33.368994,151.475408,16,2,2,1,3,0,3,0,2,0,0,60,2,14295,14295,3,5,5,3,0,0,0,0
1276781,3,2021,2021,9,3,5,5,27,35,34609,0,1,1,-35.344602,149.216377,58,2,1,1,3,0,0,0,2,0,7,50,0,9859,9859,1,0,0,2,0,0,0,0
1276783,3,2021,2021,9,4,5,308,14,127,311,0,1,3,-33.843617,150.854785,24,0,2,1,3,0,0,0,2,0,7,100,2,1391,1391,1,29,5,2,0,0,0,0
1276786,3,2021,2021,9,4,3,916,17,15,917,0,1,1,-31.790445,150.899595,73,2,1,0,3,0,0,0,0,0,7,70,2,4552,5151,8,5,40,1,0,0,0,0
1276789,3,2021,2021,9,0,3,387,27,91,331,0,1,2,-33.963651,151.092176,25,0,2,1,3,0,3,3,2,0,7,60,2,9859,9859,8,10,40,1,0,0,0,0
1276791,3,2021,2021,9,3,1,132,31,45,126,0,1,10,-33.888108,151.195167,69,0,2,1,3,0,0,0,0,2,7,50,2,5929,5929,1,5,36,2,0,0,0,0
1276793,3,2021,2021,9,1,6,89,36,14,81,0,1,1,-34.046133,148.73028,51,1,0,1,3,0,0,3,2,0,7,100,2,14295,14295,3,10,5,2,0,0,0,0
1276796,3,2021,2021,9,4,4,133,27,66,260,1,0,2,-32.927836,151.644829,37,0,2,0,3,0,0,0,2,0,9,60,2,14295,14295,3,5,0,3,0,0,0,0
1276797,3,2021,2021,9,3,4,222,27,111,34609,0,1,1,-33.694668,150.8866,7,0,2,1,3,0,0,0,2,0,7,60,0,3775,3775,0,10,36,2,0,0,0,0
1276799,3,2021,2021,9,2,10,106,27,523,106,0,1,9,-33.927597,150.908539,41,0,2,1,3,0,3,4,0,2,7,60,2,1981,1981,4,0,13,2,0,0,0,0
1276803,3,2021,2021,10,1,11,10,31,37,34609,0,1,1,-29.45199,153.200173,18,2,1,1,2,0,0,0,0,0,7,50,0,4026,4026,1,5,5,3,0,0,0,0
1276804,3,2021,2021,9,1,10,866,17,204,793,0,1,9,-33.901747,150.918376,24,0,2,1,2,0,0,0,0,2,7,70,2,4026,4026,8,9,40,1,0,0,0,0
1276806,3,2021,2021,9,6,9,8,1,30,34609,0,1,1,-33.853284,151.140577,14,0,2,1,1,0,0,0,3,0,7,50,0,4026,4026,1,5,0,2,0,0,0,0
1276815,3,2021,2021,9,2,7,35,27,4,24,0,1,1,-32.659084,149.482486,44,1,0,1,0,0,3,4,2,0,7,100,1,9859,9859,8,0,40,1,0,0,0,0
1276820,3,2021,2021,9,0,11,73,27,56,34609,0,1,4,-33.762012,150.792249,55,0,2,0,2,0,0,3,0,0,7,50,0,1957,4009,1,5,40,2,0,0,0,0
1276825,3,2021,2021,9,4,6,344,27,136,34609,0,1,1,-33.86658,151.064224,67,0,2,1,0,0,0,0,2,0,7,50,0,9859,9859,1,29,5,2,0,0,0,0
1276833,3,2021,2021,9,0,3,3,27,210,34609,0,1,1,-34.036217,151.107295,68,0,2,1,0,0,3,4,2,0,7,50,0,237,397,1,5,5,3,0,0,0,0
1276857,3,2021,2021,9,6,10,4,31,176,8,0,1,7,-33.956931,151.134176,4,0,2,0,2,0,3,4,0,0,0,50,1,623,623,3,10,5,2,0,0,0,0
1276864,3,2021,2021,1,2,10,4,31,112,34609,0,1,1,-33.911655,150.930562,41,0,2,0,2,0,0,0,0,0,7,50,0,941,941,1,33,5,2,0,0,0,0
1276869,3,2021,2021,10,6,11,191,17,3,189,0,1,1,-32.066014,149.675819,51,1,0,0,3,0,0,0,0,0,7,100,2,1089,1089,7,5,40,1,0,0,0,0
1276871,3,2021,2021,9,2,6,475,31,169,41,0,1,10,-33.898455,151.206362,69,0,2,1,3,0,3,0,2,2,7,50,1,1391,1391,1,30,36,2,0,0,0,0
1276876,3,2021,2021,9,6,8,80,27,316,50,0,1,9,-33.906284,151.231141,59,0,2,1,3,0,0,0,2,2,7,60,2,14295,14295,3,0,5,2,0,0,0,0
1276881,3,2021,2021,9,5,2,65,10,132,148,0,1,1,-34.1545,151.058936,68,0,2,0,3,0,0,0,1,0,7,80,2,4552,5151,8,0,40,1,0,0,0,0
1276885,3,2021,2021,9,2,9,59,10,84,231,0,1,7,-33.472477,151.395065,16,2,2,1,3,0,0,0,2,0,0,60,2,2852,2852,4,0,0,2,0,0,0,0
1276886,3,2021,2021,10,4,6,3371,17,53,3342,0,1,2,-30.643791,152.967817,47,1,0,1,3,0,0,0,2,0,7,110,2,4026,4026,8,10,40,1,0,0,0,0
1276890,3,2021,2021,9,6,4,5,27,6,34609,0,1,1,-31.829166,149.222221,51,1,0,0,3,0,0,0,2,0,7,100,0,1259,5151,8,0,40,1,0,0,0,0
1276897,3,2021,2021,9,0,5,20,31,387,34609,0,1,9,-33.925134,151.192599,4,0,2,1,3,0,0,0,2,0,0,50,0,1669,1669,3,5,5,2,0,0,0,0
1276898,3,2021,2021,9,0,8,16,31,204,34609,0,1,1,-33.895853,150.929783,24,0,2,1,3,0,0,0,3,0,7,50,0,489,489,8,5,40,1,0,0,0,0
1276900,3,2021,2021,9,3,1,61,27,232,70,0,1,1,-33.65884,150.926934,71,0,2,0,2,0,0,0,0,0,7,70,1,380,714,5,5,40,1,0,0,0,0
1276903,3,2021,2021,9,2,7,59,27,5,69,0,1,1,-34.087645,149.831722,51,1,0,0,0,0,3,4,2,0,7,100,1,2585,4009,8,21,40,1,0,0,0,0
1276904,3,2021,2021,11,3,9,42,36,35,34609,0,1,2,-30.480704,153.005279,6,2,1,1,0,0,3,0,0,0,7,80,0,1089,1089,7,0,40,1,0,0,0,0
1276909,3,2021,2021,9,2,11,220,14,67,220,0,1,3,-34.424306,150.86863,80,0,2,1,0,0,0,3,0,0,7,90,2,4026,4026,8,30,40,1,0,0,0,0
1276911,3,2021,2021,9,0,8,16,7,169,34609,0,1,9,-33.773245,150.843456,7,0,2,1,1,0,0,0,2,0,7,50,0,1282,1282,1,33,5,2,0,0,0,0
1276953,3,2021,2021,10,2,2,12,31,55,63,0,1,1,-33.899196,151.082807,67,0,2,1,1,0,0,0,1,0,7,50,1,941,941,1,30,5,4,0,0,0,0
1276959,3,2021,2021,9,4,8,2,10,43,34609,0,1,9,-33.728358,150.78215,7,0,2,1,1,0,3,4,3,0,0,50,0,1669,1669,3,16,5,2,0,0,0,0
1276960,3,2021,2021,9,5,7,2126,17,19,2149,0,1,9,-33.42665,150.102085,40,1,0,0,0,0,0,0,2,0,0,100,2,775,775,4,10,13,2,0,0,0,0
1276962,3,2021,2021,10,0,8,2209,17,40,2205,0,1,9,-35.001755,150.583177,63,1,0,1,0,0,0,0,2,0,0,100,2,1669,1669,3,5,13,2,0,0,0,0
1276991,3,2021,2021,9,1,4,10,31,463,34609,0,1,9,-30.292429,153.107642,19,2,1,0,3,0,3,3,2,0,0,50,0,395,395,1,5,5,2,0,0,0,0
1276994,3,2021,2021,9,4,5,2209,17,70,2205,0,1,2,-34.024174,151.088802,68,0,2,0,3,0,0,0,2,0,7,70,2,14295,14295,3,10,0,2,0,0,0,0
1276995,3,2021,2021,11,4,3,3,10,44,34609,0,1,9,-28.814212,153.413103,2,2,1,1,0,0,0,0,2,0,0,60,0,2852,2852,4,5,5,2,0,0,0,0
1276998,3,2021,2021,9,4,5,35,27,10,14,0,1,1,-35.160091,149.568722,58,1,0,1,3,0,0,0,2,0,7,100,1,4026,4026,8,29,40,1,0,0,0,0
1277000,3,2021,2021,9,6,5,78,31,124,34609,0,1,1,-33.814265,151.033334,54,0,2,1,3,0,3,3,2,0,7,50,0,1391,1391,1,5,0,2,0,0,0,0
1277005,3,2021,2021,9,0,0,11,31,438,34609,0,1,7,-33.8444,151.035552,21,0,2,1,2,0,0,0,0,0,0,50,0,4026,4026,1,33,13,3,0,0,0,0
1277010,3,2021,2021,5,6,9,6,1,66,34609,0,1,7,-33.717993,150.925643,7,0,2,1,2,0,0,0,0,0,0,60,0,1259,985,8,10,40,2,0,0,0,0
1277019,3,2021,2021,9,0,1,13,31,166,34609,0,1,1,-33.418608,149.573113,3,2,1,1,2,0,3,4,0,0,7,50,0,9859,9859,1,0,0,2,0,0,0,0
1277025,3,2021,2021,10,0,4,3,6,35,34609,0,1,9,-33.269613,151.558823,16,2,2,1,0,0,0,0,2,0,7,50,0,4552,985,1,5,5,2,0,0,0,0
1277040,3,2021,2021,10,4,7,2,1,134,34609,0,1,9,-33.510109,151.313599,16,2,2,1,0,0,0,0,2,0,0,50,0,3775,3775,0,16,0,3,0,0,0,0
1277049,3,2021,2021,9,6,3,100,27,109,799,0,1,9,-33.902863,151.14328,32,0,2,1,3,0,0,0,2,0,0,60,2,9859,9859,1,0,5,2,0,0,0,0
1277057,3,2021,2021,10,2,9,95,27,106,605,0,1,10,-33.677048,151.305921,50,0,2,1,1,0,0,0,2,3,7,60,2,9859,9859,8,0,40,1,0,0,0,0
1277097,3,2021,2021,11,5,10,296,27,187,293,0,1,2,-33.879265,150.979218,15,0,2,1,0,0,0,0,0,0,7,60,2,945,945,5,5,40,1,0,0,0,0
1277114,3,2021,2021,9,5,4,31,27,304,34609,0,1,9,-33.91213,151.14797,32,0,2,1,3,0,0,3,2,0,0,50,0,1945,1945,5,21,40,1,0,0,0,0
1277116,3,2021,2021,9,3,1,12,31,24,34609,0,1,1,-32.89997,151.786394,48,0,2,1,3,0,3,4,0,0,7,50,0,9859,9859,1,30,5,2,0,0,0,0
1277121,3,2021,2021,10,2,2,2,27,19,34609,0,1,1,-33.439109,149.570836,3,2,1,1,2,0,0,0,0,0,7,60,0,4026,4026,8,5,40,1,0,0,0,0
1277125,3,2021,2021,9,6,3,2,31,11,34609,0,1,10,-33.848894,151.218099,49,0,2,1,3,0,0,0,2,0,15,50,0,6545,6545,4,30,5,2,0,0,0,0
1277126,3,2021,2021,9,3,5,97,27,166,799,0,1,2,-33.929572,150.980725,15,0,2,0,3,0,0,0,2,0,0,70,2,14295,14295,3,0,0,2,0,0,0,0
1277134,3,2021,2021,9,2,6,30,27,147,94,0,1,7,-33.881298,150.993591,15,0,2,1,3,0,0,0,2,0,0,60,1,1192,1192,1,5,12,2,0,0,0,0
1277137,3,2021,2021,9,5,6,2,27,128,34609,0,1,9,-33.413639,151.331345,16,2,2,1,3,0,3,4,2,0,7,50,0,1945,1945,5,16,40,1,0,0,0,0
1277139,3,2021,2021,9,4,8,7,31,64,34609,0,1,1,-33.474656,150.162691,40,2,1,1,3,0,3,4,2,0,7,50,0,9859,9859,1,5,0,3,0,0,0,0
1277140,3,2021,2021,9,2,4,515,14,243,518,0,1,6,-33.938923,150.916068,41,0,2,1,3,0,0,0,2,0,7,100,2,404,404,8,30,40,1,0,0,0,0
1277142,3,2021,2021,9,2,6,134,10,104,133,0,1,9,-33.830608,151.020372,54,0,2,1,3,0,0,0,2,2,7,70,2,5929,5929,1,30,0,2,0,0,0,0
1277143,3,2021,2021,9,1,7,55,27,179,34609,0,1,9,-33.765394,150.719321,55,0,2,1,3,0,0,3,2,0,15,50,0,217,217,1,5,5,2,0,0,0,0
1277144,3,2021,2021,9,1,3,6,1,31,34609,0,1,9,-33.873329,151.027939,21,0,2,1,3,0,0,0,2,0,15,50,0,5929,5929,1,30,13,2,0,0,0,0
1277147,3,2021,2021,9,6,7,1104,14,323,962,0,1,3,-33.797622,150.852159,7,0,2,1,3,0,0,3,2,0,7,100,2,14295,14295,3,5,5,2,0,0,0,0
1277149,3,2021,2021,9,6,8,29,27,42,30,0,1,1,-33.89628,150.868889,41,0,2,1,3,0,0,0,2,0,7,60,1,14295,14295,3,5,5,3,0,0,0,0
1277152,3,2021,2021,9,2,9,6,31,83,34609,1,0,1,-34.448557,150.443144,78,2,1,1,3,0,3,4,3,0,7,50,0,623,623,3,5,0,2,0,0,0,0
1277153,3,2021,2021,9,5,7,90,36,7,102,0,1,1,-34.544588,148.334135,30,1,0,1,3,0,0,3,2,0,7,100,2,1391,1391,1,5,5,2,0,0,0,0
1277157,3,2021,2021,9,4,8,78,17,34,58,0,1,9,-34.994695,149.023729,82,1,0,1,3,0,0,0,0,0,0,100,2,217,217,1,9,5,2,0,0,0,0
1277159,3,2021,2021,9,4,3,78,17,34,58,0,1,1,-35.005552,149.021893,82,1,0,1,3,0,3,0,1,0,7,100,2,5929,5929,1,5,5,2,0,0,0,0
1277160,3,2021,2021,9,3,5,193,1,64,34609,0,1,1,-32.942494,151.702835,48,0,2,1,3,0,3,4,2,0,7,60,0,9859,9859,1,10,5,3,0,0,0,0
1277165,3,2021,2021,9,5,8,118,17,20,118,1,0,1,-30.219793,149.454754,51,2,1,1,3,0,0,0,2,0,7,50,2,1945,1945,5,10,40,1,0,0,0,0
1277171,3,2021,2021,9,0,3,17,31,201,34609,0,1,7,-34.876256,150.600297,63,2,1,1,1,0,0,3,2,0,0,50,0,6545,6545,4,10,12,2,0,0,0,0
1277177,3,2021,2021,9,3,10,2,1,24,18,0,1,7,-33.962123,150.983813,15,0,2,1,2,0,3,4,0,0,0,50,1,9859,9859,1,10,5,2,0,0,0,0
1277181,3,2021,2021,9,2,2,2,31,35,34609,1,0,10,-30.028276,148.119964,51,2,1,1,2,0,3,2,0,0,0,50,0,9859,9859,8,5,40,1,0,0,0,0
1277182,3,2021,2021,9,4,9,20,31,57,34609,0,1,1,-33.901007,151.168164,32,0,2,1,0,0,0,0,2,0,7,50,0,1282,1282,1,33,19,2,0,0,0,0
1277189,3,2021,2021,10,0,8,27,1,25,148,1,0,1,-34.136857,150.99528,68,0,2,0,0,0,3,4,3,0,7,60,2,4552,5151,8,5,40,1,0,0,0,0
1277192,3,2021,2021,1,6,6,10,31,87,34609,0,1,1,-34.046454,151.152585,68,0,2,1,1,0,0,0,2,0,7,50,0,9859,9859,1,5,5,3,0,0,0,0
1277210,3,2021,2021,9,0,10,1,1,29,34609,0,1,9,-33.936935,150.757187,41,0,2,1,0,0,0,0,0,0,7,60,0,4552,985,8,10,40,1,0,0,0,0
1277233,3,2021,2021,9,0,5,2209,17,44,2205,0,1,9,-33.947629,151.140383,4,0,2,1,3,0,0,3,2,0,7,60,2,5929,5929,1,0,5,2,0,0,0,0
1277236,3,2021,2021,9,2,7,39,31,169,99,0,1,10,-33.900262,151.206164,69,0,2,1,3,0,0,3,2,2,7,50,2,6545,6545,4,5,12,2,0,0,0,0
1277238,3,2021,2021,10,0,8,229,14,36,237,0,1,3,-33.762557,151.07663,31,0,2,1,0,0,0,0,2,0,7,100,2,1282,1282,1,10,0,3,0,0,0,0
1277250,3,2021,2021,9,2,9,103,36,2,157,0,1,1,-29.207491,152.991533,60,1,0,1,3,0,0,0,0,0,7,100,2,4026,4026,8,9,40,1,0,0,0,0
1277259,3,2021,2021,9,0,3,11,27,9,34609,0,1,9,-28.972896,153.055337,60,2,1,1,0,0,0,3,1,0,7,80,0,1282,1282,1,5,40,1,0,0,0,0
1277261,3,2021,2021,9,6,6,95,27,106,605,0,1,9,-33.675489,151.309838,50,0,2,1,3,0,3,4,2,0,7,60,2,775,775,4,5,10,2,0,0,0,0
1277265,3,2021,2021,9,1,6,33,27,54,34609,0,1,1,-33.896162,151.22506,69,0,2,1,3,0,3,3,2,2,7,50,0,5929,5929,1,0,5,2,0,0,0,0
1277273,3,2021,2021,9,1,7,11,1,56,13,0,1,10,-33.755246,150.786772,55,0,2,1,3,0,0,0,2,0,0,50,1,5929,5929,1,5,13,2,0,0,0,0
1277274,3,2021,2021,9,5,7,11,36,12,11,0,1,1,-33.647792,148.987239,51,1,0,0,3,0,0,0,2,0,7,100,1,1957,4009,8,5,40,1,0,0,0,0
1277275,3,2021,2021,9,0,5,24,31,204,34609,0,1,7,-33.893319,151.129955,32,0,2,1,3,0,3,4,2,0,0,50,0,217,217,1,5,5,2,0,0,0,0
1277276,3,2021,2021,9,2,9,229,14,98,237,0,1,6,-33.758271,151.050636,31,0,2,1,3,0,0,0,3,0,7,50,2,4026,4026,8,34,40,1,0,0,0,0
1277286,3,2021,2021,9,3,0,916,17,23,917,0,1,1,-31.658692,150.734009,51,2,1,1,0,0,0,0,0,0,7,80,2,9859,9859,8,5,40,1,0,0,0,0
1277292,3,2021,2021,9,2,8,1104,14,247,962,0,1,3,-33.813412,150.952051,21,0,2,1,0,0,0,0,2,0,7,100,2,945,945,5,21,40,1,0,0,0,0
1277293,3,2021,2021,9,1,8,36,27,112,34609,0,1,1,-36.053622,146.942659,0,2,1,1,1,0,0,0,2,0,7,60,0,9859,9859,1,0,0,3,0,0,0,0
1277296,3,2021,2021,10,3,6,2126,17,323,2149,0,1,2,-33.791791,150.867401,7,0,2,1,3,0,0,0,2,0,7,80,2,9859,9859,8,10,40,1,0,0,0,0
1277303,3,2021,2021,1,5,11,3,27,102,34609,0,1,1,-33.955431,151.240024,59,0,2,1,2,0,0,0,0,0,7,50,0,9859,9859,1,5,5,3,0,0,0,0
1277319,3,2021,2021,11,6,8,14,27,87,34609,0,1,9,-34.048295,151.151418,68,0,2,1,1,0,0,0,2,0,7,50,0,323,323,1,16,0,2,0,0,0,0
1277341,3,2021,2021,9,2,10,56,1,18,46,0,1,1,-28.389859,153.560911,72,2,1,1,0,0,3,3,0,0,7,50,1,9859,9859,8,0,40,1,0,0,0,0
1277345,3,2021,2021,10,0,3,46,27,61,262,0,1,10,-32.916559,151.73208,48,0,2,1,3,0,2,6,1,3,7,70,2,14295,14295,3,0,5,3,0,0,0,0
1277354,3,2021,2021,9,2,2,2126,17,23,2149,0,1,2,-33.450078,149.98887,40,1,0,0,0,0,0,0,0,0,7,100,2,1259,5151,8,0,40,1,0,0,0,0
1277359,3,2021,2021,9,2,1,105,17,162,34609,0,1,1,-33.833359,150.913011,24,0,2,0,2,0,0,0,0,0,7,60,0,14295,14295,3,33,5,2,0,0,0,0
1277360,3,2021,2021,9,6,8,10,27,15,24,0,1,1,-28.813477,153.478523,2,2,1,0,3,0,3,4,3,0,7,80,1,3775,3775,0,0,5,2,0,0,0,0
1277361,3,2021,2021,9,3,6,35,31,532,11,0,1,9,-33.876005,151.203538,69,0,2,1,3,0,3,4,2,2,15,50,1,418,777,5,30,40,1,0,0,0,0
1277362,3,2021,2021,9,2,10,109,27,61,105,0,1,9,-33.89912,150.917526,24,0,2,1,3,0,3,4,4,0,0,60,2,5929,5929,1,5,5,2,0,0,0,0
1277366,3,2021,2021,9,3,2,3,27,5,34609,0,1,9,-31.44032,152.649337,56,1,0,1,3,0,3,4,0,0,0,100,0,84,84,6,0,40,1,0,0,0,0
1277373,3,2021,2021,9,6,10,150,27,173,415,0,1,9,-33.787538,151.125993,61,0,2,1,3,0,3,4,0,2,7,70,2,14295,14295,3,5,5,3,0,0,0,0
1277374,3,2021,2021,9,4,3,30,31,83,34609,0,1,10,-34.450572,150.423453,78,2,1,1,3,0,3,4,4,0,7,50,0,9859,9859,1,5,13,3,0,0,0,0
1277376,3,2021,2021,9,6,5,72,27,278,56,0,1,9,-33.790906,151.065782,54,0,2,0,3,0,0,0,2,2,7,60,2,5929,5929,1,0,36,2,0,0,0,0
1277380,3,2021,2021,9,2,7,17,27,31,17,0,1,1,-35.123287,148.10072,20,1,0,0,3,0,3,3,2,0,7,100,2,2585,4009,8,5,40,1,0,0,0,0
1277384,3,2021,2021,10,2,8,3,10,53,34609,1,0,1,-35.140903,147.353948,75,2,1,1,1,0,0,0,2,0,7,50,0,9859,9859,1,34,13,2,0,0,0,0
1277388,3,2021,2021,9,1,3,1104,14,140,962,0,1,3,-33.797661,150.853234,7,0,2,1,3,0,0,3,1,0,7,100,2,14295,14295,3,5,0,2,0,0,0,0
1277389,3,2021,2021,9,6,7,81,31,91,34609,0,1,9,-33.989861,150.885651,13,0,2,1,3,0,0,0,2,0,7,50,0,1109,397,1,5,36,2,0,0,0,0
1277390,3,2021,2021,9,1,1,334,17,316,308,0,1,7,-31.452591,152.875205,56,2,1,1,2,0,0,0,0,0,0,70,2,78,78,8,5,40,1,0,0,0,0
1277392,3,2021,2021,10,2,7,3371,17,54,3342,0,1,7,-33.093264,151.637296,37,0,2,1,0,0,0,0,2,0,0,60,2,4026,4026,8,30,40,1,0,0,0,0
1277398,3,2021,2021,11,3,11,111,27,102,233,0,1,2,-33.959969,151.231222,59,0,2,1,2,0,3,3,0,0,7,60,2,4026,4026,8,5,40,1,0,0,0,0
1277399,3,2021,2021,9,2,0,74,23,149,260,0,1,2,-33.992174,151.146056,4,0,2,0,2,0,0,0,0,0,7,60,2,4552,5151,8,10,40,1,0,0,0,0
1277405,3,2021,2021,10,3,7,10,31,62,34609,0,1,1,-34.074019,150.814732,13,0,2,0,1,0,0,0,2,0,7,50,0,1282,1282,1,5,0,2,0,0,0,0
1277416,3,2021,2021,9,0,5,3,27,4,34609,0,1,1,-31.785236,152.689514,43,2,1,1,3,2,0,0,2,0,7,60,0,9859,9859,8,5,40,1,0,0,0,0
1277419,3,2021,2021,9,4,6,79,10,43,231,0,1,9,-33.445972,151.328152,16,2,2,1,3,0,3,3,2,3,7,60,2,14295,14295,3,5,0,2,0,0,0,0
1277420,3,2021,2021,9,2,0,1,1,77,34609,0,1,1,-33.718994,151.081105,31,0,2,1,3,0,0,0,0,0,7,50,0,4026,4026,1,5,12,4,0,0,0,0
1277421,3,2021,2021,9,1,6,6,10,54,34609,0,1,1,-28.503418,153.534402,10,2,1,1,3,0,0,3,2,0,7,50,0,9859,9859,1,8,12,2,0,0,0,0
1277422,3,2021,2021,9,1,9,54,31,89,34609,0,1,1,-33.390277,151.479948,16,2,2,1,3,0,0,0,0,0,7,50,0,175,188,8,10,40,1,0,0,0,0
1277423,3,2021,2021,9,4,9,43,27,10,34609,0,1,1,-33.932562,151.128002,4,0,2,1,3,0,0,0,3,0,7,50,0,1282,1282,1,5,40,1,0,0,0,0
1277424,3,2021,2021,9,5,7,65,31,609,115,0,1,11,-33.76674,150.905256,7,0,2,1,3,0,0,0,2,2,7,60,2,14295,14295,3,9,5,3,0,0,0,0
1277427,3,2021,2021,9,6,3,265,17,21,193,0,1,1,-35.084949,147.349883,75,2,1,0,3,0,3,4,2,0,7,80,2,4552,5151,8,8,40,1,0,0,0,0
1277428,3,2021,2021,9,2,7,21,31,316,34609,0,1,1,-31.4313,152.901344,56,2,1,1,3,0,0,3,2,0,7,50,0,5929,5929,1,0,36,2,0,0,0,0
1277429,3,2021,2021,9,0,7,16,31,215,34609,0,1,2,-35.114238,147.371747,75,2,1,1,3,0,0,0,2,0,7,50,0,144,144,1,0,0,2,0,0,0,0
1277437,3,2021,2021,9,1,6,1052,14,207,928,0,1,3,-33.566992,151.191979,31,0,2,0,3,0,3,4,2,0,7,110,2,1282,1282,1,5,0,4,0,0,0,0
1277438,3,2021,2021,9,1,5,21,36,20,34609,0,1,1,-31.034617,152.88013,34,2,1,1,3,0,3,4,2,0,7,50,0,1109,787,1,0,0,2,0,0,0,0
1277440,3,2021,2021,9,0,7,1,25,18,34609,0,1,1,-30.373724,153.084612,19,2,1,0,3,0,0,0,2,0,7,50,0,2585,4009,8,5,40,1,0,0,0,0
1277443,3,2021,2021,9,1,6,149,36,120,81,0,1,7,-32.194214,152.514419,43,2,1,1,3,0,0,3,2,0,0,60,2,1391,1391,1,5,13,2,0,0,0,0
1277444,3,2021,2021,9,5,8,280,10,314,82,0,1,10,-33.852251,150.931855,24,0,2,1,3,0,0,0,2,0,7,60,2,6545,6545,4,5,5,2,0,0,0,0
1277447,3,2021,2021,9,2,9,14,31,176,34609,0,1,9,-33.964214,151.129644,4,0,2,1,3,0,3,4,0,0,7,50,0,2585,777,1,34,12,2,0,0,0,0
1277449,3,2021,2021,9,1,4,175,27,86,220,0,1,9,-33.743339,150.917075,7,0,2,1,3,0,0,0,2,2,7,70,2,14295,14295,3,16,5,2,0,0,0,0
1277453,3,2021,2021,9,3,10,2,31,16,34609,0,1,1,-36.425608,150.064917,5,2,1,1,2,0,0,0,0,0,7,50,0,4026,4026,1,0,36,2,0,0,0,0