Crash ID,Degree of crash - detailed,Reporting year,Year of crash,Month of crash,Day of week of crash,Two-hour intervals,Street of crash,Street type,Town,Route no.,School zone location,School zone active,Type of location,Latitude,Longitude,LGA,Urbanisation,Conurbation 1,Alignment,Street lighting,Road surface,Surface condition,Weather,Natural lighting,Signals operation,Other traffic control,Speed limit,Road classification,RUM - code,DCA - code,First impact type,Key TU type,Other TU type,No. of traffic units involved,No. killed,No. seriously injured,No. moderately injured,No. minor-other injured
1277461,3,2021,2021,9,6,4,37,27,25,52,0,1,1,-33.864475,150.629901,79,2,2,0,0,0,0,3,2,0,14,60,1,4552,5151,8,8,40,1,0,0,0,0
1277471,3,2021,2021,9,2,11,19,31,460,34609,0,1,1,-33.84361,151.004071,21,0,2,1,1,0,0,6,0,0,7,50,0,9859,9859,8,5,40,3,0,0,0,0
1277475,3,2021,2021,9,0,6,27,31,103,34609,0,1,1,-32.934303,151.664268,37,0,2,1,3,0,0,3,2,0,7,50,0,217,217,1,9,36,2,0,0,0,0
1277476,3,2021,2021,9,5,2,3371,17,6,3342,0,1,2,-31.689668,152.733934,56,1,0,0,3,0,0,0,0,0,7,110,2,380,714,5,10,40,1,0,0,0,0
1277479,3,2021,2021,9,2,6,2,31,246,34609,0,1,1,-33.919663,151.195894,69,0,2,1,1,0,0,0,2,0,7,50,0,1957,4009,1,33,5,2,0,0,0,0
1277482,3,2021,2021,9,3,6,22,31,438,34609,0,1,1,-33.845125,151.031722,21,0,2,1,3,0,3,4,2,0,7,50,0,1282,1282,1,5,40,1,0,0,0,0
1277483,3,2021,2021,9,5,5,1,25,42,34609,0,1,1,-33.732852,151.261528,50,0,2,1,3,0,0,0,2,0,7,50,0,237,162,8,5,40,1,0,0,0,0
1277484,3,2021,2021,9,2,6,8,27,210,34609,0,1,1,-34.022338,151.103434,68,0,2,1,3,0,0,0,2,0,7,50,0,1981,1981,4,5,36,2,0,0,0,0
1277485,3,2021,2021,9,6,5,51,1,57,34609,0,1,1,-33.94457,151.222109,4,0,2,0,3,0,0,0,2,0,7,50,0,14295,14295,3,0,5,2,0,0,0,0
1277486,3,2021,2021,9,6,11,11,27,3,34609,0,1,7,-33.828366,151.11821,61,0,2,1,3,0,3,4,0,0,7,50,0,217,217,1,0,5,2,0,0,0,0
1277487,3,2021,2021,9,2,4,204,27,387,13,0,1,2,-33.92596,151.187367,4,0,2,1,3,0,3,3,2,0,7,50,2,5929,5929,1,0,0,2,0,0,0,0
1277488,3,2021,2021,9,0,8,171,27,89,369,0,1,1,-33.653625,150.773012,55,0,2,1,3,0,0,0,2,0,7,80,2,3775,3775,0,34,36,2,0,0,0,0
1277493,3,2021,2021,10,3,6,4,1,102,34609,0,1,1,-33.956842,151.236105,59,0,2,1,1,0,0,0,2,0,7,50,0,4026,4026,8,10,40,3,0,0,0,0
1277497,3,2021,2021,9,2,7,222,31,11,79,0,1,10,-33.782066,151.196584,77,0,2,1,3,0,0,0,2,1,7,60,2,515,515,1,10,0,2,0,0,0,0
1277503,3,2021,2021,11,5,1,294,17,14,288,0,1,1,-34.738279,146.483026,51,1,0,1,0,0,0,6,0,0,7,100,2,9859,9859,8,5,40,1,0,0,0,0
1277524,3,2021,2021,9,4,7,65,27,202,563,0,1,10,-33.941376,151.035262,15,0,2,1,3,0,0,3,2,0,0,70,2,2852,2852,4,10,10,2,0,0,0,0
1277526,3,2021,2021,9,5,3,344,27,89,382,0,1,1,-33.642311,150.786694,55,0,2,1,3,0,0,0,2,0,7,80,2,14295,14295,3,5,5,3,0,0,0,0
1277527,3,2021,2021,9,6,6,387,27,290,331,0,1,9,-33.959883,151.117136,4,0,2,1,3,0,0,0,2,2,7,60,2,3775,3775,0,5,13,2,0,0,0,0
1277531,3,2021,2021,9,6,3,2126,17,55,2149,0,1,9,-33.795601,150.8894,7,0,2,1,3,0,0,3,1,0,15,80,2,775,775,4,30,5,2,0,0,0,0
1277532,3,2021,2021,9,5,9,2209,17,106,2205,0,1,1,-34.561052,150.795944,62,0,2,1,3,0,0,0,2,0,7,60,2,9859,9859,1,5,36,2,0,0,0,0
1277556,3,2021,2021,10,4,8,4,27,234,34609,0,1,1,-34.293985,146.05502,28,2,1,1,3,0,3,4,2,0,7,50,0,9859,9859,8,34,40,1,0,0,0,0
1277557,3,2021,2021,9,1,7,18,10,89,34609,0,1,10,-28.21344,153.522703,72,2,1,1,1,0,0,0,2,2,7,60,0,14295,14295,3,5,5,2,0,0,0,0
1277579,3,2021,2021,11,1,7,30,24,167,34609,0,1,9,-33.839125,151.075015,54,0,2,0,3,0,0,0,2,0,0,60,0,4552,985,8,5,40,1,0,0,0,0
1277586,3,2021,2021,10,5,2,1,1,80,34609,0,1,1,-33.873351,151.173374,32,0,2,1,0,0,0,0,0,0,7,50,0,4026,4026,1,5,5,2,0,0,0,0
1277591,3,2021,2021,9,1,9,4,27,7,34609,0,1,1,-34.74996,150.103232,26,1,0,1,3,0,0,0,0,0,7,100,0,9859,9859,8,0,40,1,0,0,0,0
1277593,3,2021,2021,1,5,3,191,17,6,189,0,1,1,-32.234576,150.484674,73,1,0,0,3,0,0,0,2,0,7,100,2,2585,4009,8,8,40,1,0,0,0,0
1277614,3,2021,2021,10,5,3,191,17,562,189,0,1,1,-32.196093,148.733892,22,1,0,0,3,0,3,4,2,0,7,100,2,1850,1463,5,3,40,1,0,0,0,0
1277617,3,2021,2021,11,0,9,43,2,92,42,0,1,7,-33.738637,150.950487,71,0,2,0,2,0,0,0,0,1,0,70,2,6545,6545,4,10,0,2,0,0,0,0
1277624,3,2021,2021,10,3,9,6,27,13,34609,0,1,9,-34.556786,150.751241,62,0,2,1,0,0,0,0,0,0,0,80,0,489,489,8,5,40,1,0,0,0,0
1277630,3,2021,2021,10,0,10,6,31,35,34609,0,1,1,-33.821146,151.198089,77,0,2,1,2,0,0,0,0,0,7,50,0,4026,4026,1,5,5,3,0,0,0,0
1277636,3,2021,2021,10,0,8,3,31,290,34609,0,1,1,-33.943838,151.126089,4,0,2,1,0,0,0,3,2,0,7,50,0,9859,9859,1,10,5,2,0,0,0,0
1277649,3,2021,2021,9,0,3,1052,14,207,928,0,1,3,-33.549839,151.194561,31,0,2,0,3,0,3,4,2,0,7,110,2,14295,14295,3,5,12,2,0,0,0,0
1277653,3,2021,2021,9,0,8,23,27,53,36,0,1,1,-35.181108,149.288906,58,1,0,0,3,0,3,4,2,0,7,90,1,3775,3775,0,10,36,2,0,0,0,0
1277656,3,2021,2021,9,3,8,4,27,2,31,0,1,1,-36.091374,149.507089,65,1,0,0,3,2,3,4,2,0,7,100,1,4552,5151,8,10,40,1,0,0,0,0
1277657,3,2021,2021,9,1,11,18,36,9,8,0,1,1,-35.677217,146.327727,51,1,0,0,3,0,0,0,0,0,7,100,1,782,957,5,29,40,1,0,0,0,0
1277663,3,2021,2021,9,0,11,255,27,62,172,0,1,9,-32.923722,151.622044,37,0,2,0,3,0,3,4,0,2,7,60,2,5929,5929,1,30,0,2,0,0,0,0
1277669,3,2021,2021,9,3,5,191,17,32,189,0,1,1,-32.112324,150.137356,73,1,0,1,3,0,3,4,2,0,7,100,2,380,714,5,5,40,1,0,0,0,0
1277672,3,2021,2021,9,2,7,2,31,71,34609,0,1,1,-33.77764,150.704895,55,0,2,1,3,0,3,0,2,0,7,50,0,4026,4026,1,34,0,2,0,0,0,0
1277676,3,2021,2021,9,0,4,34,31,77,34609,1,2,1,-33.036448,151.661541,37,0,2,1,3,0,0,0,2,0,7,40,0,1282,1282,1,5,5,2,0,0,0,0
1277677,3,2021,2021,9,0,8,93,1,154,220,0,1,9,-33.719142,150.942382,71,0,2,1,3,0,0,0,3,0,0,70,2,2852,2852,4,5,5,2,0,0,0,0
1277679,3,2021,2021,9,0,8,11,31,111,34609,0,1,1,-33.918781,151.251111,59,0,2,1,3,0,3,4,2,0,7,50,0,9859,9859,1,5,5,5,0,0,0,0
1277680,3,2021,2021,9,2,5,46,27,62,13,0,1,10,-32.916586,151.623588,37,0,2,1,3,0,3,4,2,0,7,60,1,14295,14295,3,0,0,2,0,0,0,0
1277682,3,2021,2021,9,6,10,39,10,42,65,0,1,7,-33.701243,150.954032,71,0,2,1,3,0,3,4,0,0,0,60,1,78,78,8,0,40,1,0,0,0,0
1277684,3,2021,2021,2,4,4,33,27,27,40,0,1,7,-33.764645,151.294995,50,0,2,1,3,0,0,0,2,0,0,50,1,2852,2852,4,0,25,2,0,0,0,0
1277685,3,2021,2021,2,4,9,5,7,13,34609,0,1,10,-35.083419,150.574604,63,2,1,1,3,0,0,0,2,0,0,50,0,301,301,4,0,0,2,0,0,0,0
1277686,3,2021,2021,9,5,8,280,10,162,240,0,1,1,-33.846698,150.873057,24,0,2,1,3,0,0,3,2,0,7,60,2,14295,14295,3,30,13,2,0,0,0,0
1277693,3,2021,2021,9,5,4,2,10,85,34609,0,1,1,-33.788504,150.68089,55,0,2,1,3,0,0,0,2,0,7,50,0,945,945,5,9,40,1,0,0,0,0
1277694,3,2021,2021,9,5,11,5,27,144,34609,0,1,1,-34.069874,151.007289,68,0,2,1,3,0,0,0,0,0,7,50,0,4026,4026,8,5,40,1,0,0,0,0
1277697,3,2021,2021,9,4,11,3,27,104,34609,0,1,1,-33.73352,150.920462,7,0,2,1,3,0,3,3,0,0,7,50,0,9859,9859,8,5,40,1,0,0,0,0
1277698,3,2021,2021,9,1,8,40,27,35,40,0,1,7,-33.881683,150.909622,24,0,2,1,3,0,0,0,2,0,7,60,1,14295,14295,3,5,5,2,0,0,0,0
1277700,3,2021,2021,9,6,7,2126,17,94,2149,0,1,2,-33.775209,150.795293,55,0,2,1,3,0,0,0,2,0,7,60,2,2585,777,8,10,40,1,0,0,0,0
1277702,3,2021,2021,9,1,7,53,31,56,34609,0,1,9,-33.806563,151.197485,77,0,2,1,3,0,0,0,2,0,7,50,0,4,4,4,0,5,2,0,0,0,0
1277705,3,2021,2021,9,3,7,5,27,226,34609,0,1,9,-33.776435,150.810328,7,0,2,1,1,0,3,4,2,0,7,50,0,4552,985,8,5,40,1,0,0,0,0
1277711,3,2021,2021,9,4,3,68,31,41,168,0,1,7,-34.054482,150.695852,12,0,2,1,1,0,3,4,2,0,0,50,1,4026,4026,8,5,40,1,0,0,0,0
1277713,3,2021,2021,9,1,8,3371,31,69,34609,0,1,7,-33.359056,151.489685,16,2,2,1,1,0,0,0,2,0,0,50,0,237,162,8,5,40,1,0,0,0,0
1277714,3,2021,2021,9,3,2,308,14,83,311,0,1,3,-33.879301,150.841457,41,0,2,1,2,0,0,0,0,0,7,100,2,9859,9859,8,5,40,1,0,0,0,0
1277715,3,2021,2021,10,3,5,265,10,445,563,0,1,2,-33.854257,151.040895,21,0,2,1,1,0,0,0,2,0,7,70,2,14295,14295,3,0,5,2,0,0,0,0
1277716,3,2021,2021,1,0,4,19,27,232,34609,0,1,2,-33.677094,150.923437,71,0,2,1,3,0,0,0,2,0,7,60,0,945,945,5,10,40,1,0,0,0,0
1277718,3,2021,2021,9,0,5,3,18,139,34609,0,1,9,-33.83848,151.205092,49,0,2,1,0,0,3,4,2,0,7,50,0,4026,4026,1,33,19,2,0,0,0,0
1277720,3,2021,2021,9,4,1,8,10,51,34609,0,1,9,-33.255052,151.492728,16,2,2,0,2,0,0,0,0,0,7,50,0,1259,5151,8,5,40,1,0,0,0,0
1277726,3,2021,2021,9,4,9,165,31,523,34609,1,0,1,-33.918205,150.925755,41,0,2,1,2,0,3,4,0,0,7,30,0,1383,1383,1,0,0,2,0,0,0,0
1277729,3,2021,2021,9,2,4,45,27,110,45,0,1,9,-33.743496,151.047112,31,0,2,0,3,0,3,3,2,2,7,60,2,5929,5929,1,5,0,2,0,0,0,0
1277730,3,2021,2021,2,4,3,1104,14,223,962,0,1,3,-33.803233,150.898205,7,0,2,1,3,0,0,0,2,0,7,100,2,1391,1391,1,9,13,2,0,0,0,0
1277732,3,2021,2021,2,4,3,3371,17,90,3342,0,1,7,-28.244467,153.551877,72,2,1,1,3,0,3,0,2,0,0,60,2,623,623,3,5,5,2,0,0,0,0
1277734,3,2021,2021,2,0,8,13,27,44,34609,0,1,1,-33.795219,150.976224,54,0,2,1,3,0,0,0,4,0,7,50,0,14295,14295,3,5,13,2,0,0,0,0
1277737,3,2021,2021,2,6,4,15,27,278,24,0,1,1,-33.768562,151.043574,54,0,2,1,3,0,0,0,2,0,7,50,1,1981,1981,4,5,5,2,0,0,0,0
1277738,3,2021,2021,9,2,8,12,2,232,34609,0,1,9,-33.686276,150.924131,71,0,2,1,3,0,0,0,2,0,0,60,0,2852,2852,4,0,5,2,0,0,0,0
1277740,3,2021,2021,2,6,7,7,27,47,34609,0,1,9,-33.809248,151.154851,38,0,2,0,3,0,0,0,2,0,7,50,0,1850,777,5,30,40,1,0,0,0,0
1277742,3,2021,2021,9,2,6,110,27,445,40,0,1,9,-33.848724,151.054688,54,0,2,1,3,0,3,4,2,0,7,60,1,5929,5929,1,0,5,2,0,0,0,0
1277743,3,2021,2021,9,5,7,48,31,43,34609,0,1,9,-32.566077,148.94546,22,2,1,1,3,0,0,0,2,0,0,50,0,418,777,5,5,40,1,0,0,0,0
1277748,3,2021,2021,2,0,7,76,24,164,154,0,1,2,-33.726894,150.881655,7,0,2,1,3,0,0,0,2,0,7,70,1,14295,14295,3,5,36,3,0,0,0,0
1277749,3,2021,2021,9,4,9,27,10,3,34609,0,1,1,-34.621703,150.84592,35,2,1,1,3,0,0,0,3,0,7,80,0,9859,9859,8,10,40,1,0,0,0,0
1277763,3,2021,2021,9,5,8,19,31,226,34609,0,1,2,-33.766719,150.824718,7,0,2,1,3,0,0,0,4,0,7,50,0,4026,4026,8,5,40,1,0,0,0,0
1277773,3,2021,2021,9,0,3,85,31,10,34609,0,1,10,-32.916692,151.762848,48,0,2,1,3,0,3,4,2,0,0,50,0,3775,3775,0,5,13,2,0,0,0,0
1277774,3,2021,2021,9,3,1,4,27,21,34609,0,1,9,-33.043097,151.593606,37,0,2,1,3,0,0,0,0,0,0,50,0,4026,4026,8,5,40,1,0,0,0,0
1277775,3,2021,2021,9,0,4,191,27,20,208,0,1,1,-33.801778,151.100412,61,0,2,0,3,0,3,4,2,0,7,60,2,4552,5151,8,5,40,1,0,0,0,0
1277776,3,2021,2021,9,2,5,4,27,210,34609,0,1,1,-34.030749,151.099321,68,0,2,1,3,0,3,3,2,0,7,50,0,14295,14295,3,30,5,2,0,0,0,0
1277777,3,2021,2021,9,6,6,12,18,284,34609,0,1,9,-33.91035,151.009552,15,0,2,1,3,0,0,3,2,0,7,50,0,248,248,1,10,19,2,0,0,0,0
1277778,3,2021,2021,9,0,9,2126,17,179,2149,0,1,2,-33.75742,150.714658,55,0,2,1,3,0,3,4,0,0,7,60,2,4026,4026,8,5,40,1,0,0,0,0
1277779,3,2021,2021,9,2,6,54,27,61,49,0,1,10,-32.9287,151.731758,48,0,2,1,3,0,3,4,2,0,0,60,1,14295,14295,3,9,5,2,0,0,0,0
1277789,3,2021,2021,9,4,8,161,17,23,161,0,1,9,-36.644327,149.587188,5,1,0,1,3,0,3,4,2,0,0,100,2,14295,14295,3,0,0,3,0,0,0,0
1277794,3,2021,2021,9,0,11,25,31,127,30,0,1,1,-33.890575,151.158484,32,0,2,1,2,0,0,0,0,0,7,60,1,1981,1981,4,33,0,2,0,0,0,0
1277800,3,2021,2021,9,3,10,866,17,278,793,1,0,10,-33.766481,151.04752,54,0,2,1,3,0,0,0,4,2,7,60,2,6545,6545,4,0,0,3,0,0,0,0
1277801,3,2021,2021,2,6,0,193,27,201,34609,0,1,1,-34.895842,150.616044,63,2,1,0,2,0,0,0,0,0,7,50,0,4552,5151,8,5,40,1,0,0,0,0
1277810,3,2021,2021,9,0,9,15,31,148,34609,0,1,9,-36.040834,146.943391,0,2,1,1,1,0,0,0,2,0,7,50,0,83,83,5,5,40,1,0,0,0,0
1277835,3,2021,2021,9,0,10,293,31,82,34609,0,1,1,-31.080952,150.930978,70,2,1,1,2,0,0,0,0,0,7,50,0,9859,9859,1,10,0,2,0,0,0,0
1277848,3,2021,2021,10,0,8,1104,14,460,962,0,1,3,-33.826722,150.993181,21,0,2,1,0,0,0,0,2,0,7,90,2,14295,14295,3,5,13,3,0,0,0,0
1277850,3,2021,2021,4,5,6,18,31,166,34609,0,1,10,-33.410899,149.57527,3,2,1,1,1,0,0,0,2,0,0,50,0,6545,6545,4,5,0,2,0,0,0,0
1277860,3,2021,2021,9,1,9,5,27,39,34609,0,1,1,-34.034083,150.76809,12,0,2,0,0,0,0,0,3,0,7,80,0,2585,4009,8,10,40,1,0,0,0,0
1277865,3,2021,2021,9,2,0,6,27,21,34609,0,1,1,-33.87288,150.910285,24,0,2,0,2,0,0,0,0,0,7,50,0,4552,5151,1,5,0,3,0,0,0,0
1277894,3,2021,2021,9,1,10,58,31,83,34609,0,1,4,-29.714326,152.931789,18,2,1,0,2,0,0,0,0,0,7,50,0,4552,5151,8,5,40,1,0,0,0,0
1277896,3,2021,2021,9,2,4,9,27,204,34609,0,1,1,-33.938629,151.137985,4,0,2,1,3,0,3,4,2,0,7,50,0,144,144,1,5,0,2,0,0,0,0
1277897,3,2021,2021,2,6,9,3,31,62,3,1,0,10,-33.896258,151.145746,32,0,2,1,3,0,0,0,2,0,15,50,1,6545,6545,4,9,5,2,0,0,0,0
1277901,3,2021,2021,9,3,7,117,1,176,35,1,0,1,-33.964345,151.137335,4,0,2,1,3,0,3,4,2,0,7,60,2,9859,9859,8,10,40,1,0,0,0,0
1277902,3,2021,2021,10,2,10,158,27,55,207,0,1,1,-33.859446,151.276228,81,0,2,0,3,0,0,0,0,0,7,50,2,4552,5151,1,30,0,2,0,0,0,0
1277904,3,2021,2021,9,5,6,8,27,5,34609,0,1,9,-28.328529,153.346283,72,1,0,1,3,0,3,4,2,0,7,100,0,4026,4026,8,5,40,1,0,0,0,0
1277907,3,2021,2021,9,5,11,1104,14,323,962,0,1,3,-33.798341,150.85484,7,0,2,1,3,0,0,0,0,0,7,100,2,404,404,8,5,40,1,0,0,0,0
1277908,3,2021,2021,9,5,10,143,31,460,34609,0,1,1,-33.838054,150.982862,21,0,2,1,3,0,0,3,0,0,7,50,0,9859,9859,8,5,40,3,0,0,0,0
1277910,3,2021,2021,9,3,8,3371,17,23,3342,0,1,2,-33.000447,151.685955,37,0,2,1,3,0,0,3,2,0,7,70,2,14295,14295,3,10,5,4,0,0,0,0
1277911,3,2021,2021,2,6,7,2126,17,179,2149,0,1,10,-33.756908,150.712179,55,0,2,1,3,0,0,0,2,2,7,60,2,14295,14295,3,5,5,2,0,0,0,0
1277912,3,2021,2021,9,6,5,103,36,2,157,0,1,1,-28.914414,153.013074,60,1,0,1,3,0,3,4,2,0,7,100,2,945,945,5,5,40,1,0,0,0,0
1277914,3,2021,2021,2,6,6,11,10,134,181,0,1,10,-33.891021,151.253378,76,0,2,1,3,0,0,0,2,2,7,50,2,14295,14295,3,5,19,2,0,0,0,0
1277916,3,2021,2021,9,3,5,86,27,9,65,0,1,1,-29.745867,152.935011,18,2,1,1,3,0,0,0,2,0,7,80,1,14295,14295,3,0,5,2,0,0,0,0
1277918,3,2021,2021,9,2,10,2,10,11,34609,0,1,1,-33.984188,151.096188,25,0,2,0,3,0,0,3,0,0,7,50,0,4552,5151,1,5,0,3,0,0,0,0
1277919,3,2021,2021,2,6,6,265,31,234,34609,0,1,7,-34.28698,146.044112,28,2,1,0,3,0,0,0,2,0,0,40,0,5929,5929,1,5,5,2,0,0,0,0
1277920,3,2021,2021,9,5,10,2261,17,15,2252,0,1,2,-35.109745,148.053487,20,1,0,1,3,0,0,0,0,0,7,110,2,475,475,5,10,40,1,0,0,0,0
1277929,3,2021,2021,9,0,8,4,27,2,34609,0,1,1,-35.497557,149.519113,58,1,0,1,3,2,3,4,3,0,7,100,0,945,945,5,0,40,1,0,0,0,0
1277930,3,2021,2021,9,4,4,500,27,646,799,0,1,2,-33.934021,151.026565,15,0,2,1,3,0,0,3,2,0,7,60,2,623,623,3,5,0,2,0,0,0,0
1277931,3,2021,2021,9,0,8,1052,27,104,262,0,1,10,-32.909737,151.70956,48,0,2,1,3,0,0,0,2,2,7,60,2,6545,6545,4,0,5,2,0,0,0,0
1277948,3,2021,2021,9,4,6,59,27,9,69,0,1,1,-34.035175,149.826656,51,1,0,0,3,0,3,4,2,0,7,100,1,4552,5151,8,5,40,1,0,0,0,0
1277949,3,2021,2021,9,3,6,829,27,165,770,0,1,10,-33.856232,151.159364,14,0,2,1,3,0,0,0,2,2,7,60,2,1391,1391,1,5,36,2,0,0,0,0
1277950,3,2021,2021,9,1,3,2209,17,49,2205,0,1,2,-33.935845,151.150339,4,0,2,1,3,0,0,0,2,0,7,60,2,9859,9859,8,10,40,1,0,0,0,0
1277952,3,2021,2021,2,6,4,36,31,69,34609,0,1,10,-32.935247,151.739736,48,0,2,1,3,0,0,0,2,0,15,50,0,9859,9859,8,5,40,1,0,0,0,0
1277953,3,2021,2021,9,4,7,2,1,75,34609,0,1,1,-32.78331,151.654904,42,2,1,0,3,0,3,3,2,0,7,50,0,941,941,1,30,5,2,0,0,0,0
1277957,3,2021,2021,9,0,4,13,31,463,34609,0,1,9,-30.300425,153.108553,19,2,1,1,3,0,3,4,2,0,7,50,0,14295,14295,3,30,41,2,0,0,0,0
1277958,3,2021,2021,9,2,7,3,27,13,34609,0,1,1,-33.597628,150.050859,40,1,0,0,3,0,3,4,2,0,7,100,0,4552,5151,8,5,40,1,0,0,0,0
1277959,3,2021,2021,9,3,3,15,31,115,52,0,1,10,-33.910177,151.175635,32,0,2,1,3,0,3,4,2,2,7,50,1,5929,5929,1,5,5,2,0,0,0,0
1277960,3,2021,2021,2,6,5,111,27,16,233,0,1,9,-33.925091,151.22794,4,0,2,0,3,0,0,0,2,2,7,60,2,6545,6545,4,5,5,2,0,0,0,0
1277968,3,2021,2021,9,0,5,16,27,161,115,0,1,9,-33.726994,151.163934,36,0,2,0,3,0,3,4,2,0,0,60,1,6545,6545,4,5,5,2,0,0,0,0
1277978,3,2021,2021,9,5,4,2126,17,22,2149,0,1,1,-33.582051,150.231619,40,2,1,0,3,0,0,0,2,0,7,60,2,4552,5151,8,3,40,1,0,0,0,0
1277979,3,2021,2021,9,0,5,36,31,314,38,0,1,9,-33.845207,150.923397,24,0,2,1,3,0,3,4,2,2,7,60,2,3775,3775,0,8,36,2,0,0,0,0
1277980,3,2021,2021,9,0,10,68,27,175,208,0,1,10,-33.773866,151.083113,54,0,2,1,3,0,3,4,0,2,7,60,2,6545,6545,4,0,0,2,0,0,0,0
1277983,3,2021,2021,9,3,1,31,31,193,145,0,1,1,-33.79369,151.066707,61,0,2,1,3,0,0,0,0,0,7,60,2,9859,9859,8,5,40,1,0,0,0,0
1277984,3,2021,2021,9,2,8,280,10,92,240,0,1,1,-33.875055,150.965226,24,0,2,1,3,0,3,4,2,0,7,60,2,1391,1391,1,5,5,2,0,0,0,0
1277987,3,2021,2021,2,6,8,2,25,23,34609,0,1,9,-34.016388,151.032382,68,0,2,1,3,0,0,0,2,0,7,50,0,1669,1669,3,10,25,2,0,0,0,0
1277988,3,2021,2021,9,0,2,157,17,18,158,0,1,1,-33.593276,149.176161,51,1,0,0,3,0,3,4,1,0,7,100,2,380,714,5,0,40,1,0,0,0,0
1277989,3,2021,2021,9,4,11,12,27,19,19,0,1,1,-33.210264,151.481209,16,1,2,1,3,0,0,0,0,0,7,100,2,9859,9859,8,5,40,1,0,0,0,0
1277992,3,2021,2021,2,4,8,149,36,120,113,0,1,1,-32.226209,152.54052,43,2,1,1,3,0,0,0,2,0,7,80,1,14295,14295,3,5,5,2,0,0,0,0
1278001,3,2021,2021,9,0,8,3371,17,90,3342,0,1,2,-28.237905,153.562332,72,1,0,0,0,0,0,0,2,0,7,110,2,4552,5151,8,34,40,1,0,0,0,0
1278013,3,2021,2021,9,6,4,125,27,155,75,0,1,1,-33.492745,151.31476,16,2,2,1,1,0,0,0,2,0,11,60,1,19,19,10,5,38,2,0,0,0,0
1278017,3,2021,2021,9,0,2,29,27,284,34609,0,1,1,-33.902551,151.02495,15,0,2,1,0,0,0,0,0,0,7,50,0,9859,9859,1,5,0,4,0,0,0,0
1278035,3,2021,2021,11,4,3,3371,17,18,3342,0,1,2,-28.802341,153.528614,2,1,0,1,0,0,3,4,2,0,7,110,2,4026,4026,8,5,40,1,0,0,0,0
1278041,3,2021,2021,9,6,8,308,14,164,311,0,1,3,-33.734198,150.881798,7,0,2,1,0,0,0,3,2,0,7,100,2,475,475,5,0,40,1,0,0,0,0
1278042,3,2021,2021,9,5,11,196,10,70,168,0,1,1,-33.903419,150.979972,15,0,2,0,0,0,0,0,0,0,7,60,2,14295,14295,3,33,5,2,0,0,0,0
1278049,3,2021,2021,9,5,2,42,1,90,34609,0,1,1,-32.924968,151.751356,48,0,2,1,2,0,0,0,1,0,7,50,0,1981,1981,4,5,13,2,0,0,0,0
1278059,3,2021,2021,9,6,9,1,1,44,34609,0,1,1,-33.209256,151.49633,16,2,2,1,1,0,0,0,3,0,7,50,0,9859,9859,1,30,5,2,0,0,0,0
1278066,3,2021,2021,2,0,5,2126,17,33,2149,0,1,10,-33.490376,150.133834,40,2,1,1,1,0,0,0,2,0,15,70,2,4552,985,8,5,40,1,0,0,0,0
1278068,3,2021,2021,10,3,4,387,27,91,331,0,1,1,-33.96252,151.079886,25,0,2,1,0,0,0,0,2,0,7,60,2,1383,1383,1,10,12,2,0,0,0,0
1278077,3,2021,2021,9,5,11,1104,14,140,962,0,1,3,-33.796178,150.848089,7,0,2,1,2,0,0,0,0,0,7,100,2,404,404,8,5,40,1,0,0,0,0
1278080,3,2021,2021,6,0,6,10,31,148,34609,0,1,1,-36.04026,146.935125,0,2,1,1,1,0,0,3,2,0,7,50,0,9859,9859,1,5,5,2,0,0,0,0
1278089,3,2021,2021,9,4,10,5,1,145,37,0,1,1,-33.916728,151.123681,15,0,2,1,2,0,3,0,0,0,7,50,1,9859,9859,1,9,36,3,0,0,0,0
1278092,3,2021,2021,9,0,11,76,27,193,34609,0,1,1,-33.794685,151.102206,61,0,2,1,2,0,0,0,0,0,7,50,0,9859,9859,1,30,0,2,0,0,0,0
1278097,3,2021,2021,9,3,11,15,31,39,34609,1,0,2,-31.076227,152.832377,34,2,1,1,2,0,3,4,0,0,7,50,0,4026,4026,8,9,40,1,0,0,0,0
1278110,3,2021,2021,9,5,0,1,31,41,34609,0,1,1,-34.09597,150.822266,13,0,2,1,2,0,0,0,0,0,7,50,0,9859,9859,1,0,41,2,0,0,0,0
1278113,3,2021,2021,10,4,4,48,10,463,52,0,1,1,-30.319211,153.107635,19,2,1,0,1,0,0,0,2,0,7,80,1,14295,14295,3,34,0,6,0,0,0,0
1278116,3,2021,2021,10,0,0,7,1,27,34609,0,1,1,-30.145827,153.1908,19,2,1,0,0,0,0,0,0,0,7,50,0,4552,5151,8,21,40,1,0,0,0,0
1278131,3,2021,2021,9,0,9,40,10,37,174,0,1,1,-32.669536,151.360029,17,2,1,0,0,0,3,4,2,0,7,80,2,1957,4009,8,34,40,1,0,0,0,0
1278166,3,2021,2021,9,4,8,85,31,115,34609,0,1,1,-33.879645,151.193111,69,0,2,1,3,0,0,0,4,0,7,50,0,1282,1282,1,33,5,2,0,0,0,0
1278168,3,2021,2021,10,1,11,15,31,228,34609,0,1,9,-34.764628,149.699445,26,2,1,1,2,0,0,0,0,0,7,50,0,9859,9859,1,5,5,2,0,0,0,0
1278175,3,2021,2021,2,5,8,3371,17,27,3342,0,1,2,-30.194892,153.146499,19,1,0,0,3,0,3,4,2,0,7,110,2,1282,1282,1,0,40,1,0,0,0,0
1278177,3,2021,2021,9,3,4,3371,17,463,3342,0,1,10,-30.294129,153.115991,19,2,1,1,1,0,3,4,2,2,7,60,2,6545,6545,4,5,0,2,0,0,0,0