Crash ID,Degree of crash - detailed,Reporting year,Year of crash,Month of crash,Day of week of crash,Two-hour intervals,Street of crash,Street type,Town,Route no.,School zone location,School zone active,Type of location,Latitude,Longitude,LGA,Urbanisation,Conurbation 1,Alignment,Street lighting,Road surface,Surface condition,Weather,Natural lighting,Signals operation,Other traffic control,Speed limit,Road classification,RUM - code,DCA - code,First impact type,Key TU type,Other TU type,No. of traffic units involved,No. killed,No. seriously injured,No. moderately injured,No. minor-other injured
1278185,3,2021,2021,2,5,7,10,27,14,34609,0,1,9,-32.52384,151.899294,43,1,0,1,3,2,3,4,2,0,7,100,0,1850,985,5,10,40,1,0,0,0,0
1278188,3,2021,2021,2,2,7,192,31,316,120,0,1,9,-33.919026,151.240784,59,0,2,1,3,0,0,3,2,0,0,50,2,2852,2852,4,5,5,2,0,0,0,0
1278190,3,2021,2021,9,6,7,7,31,87,34609,0,1,10,-33.694788,150.955705,71,0,2,1,3,0,0,0,2,0,0,50,0,6545,6545,4,5,10,2,0,0,0,0
1278195,3,2021,2021,2,0,4,12,31,87,34609,0,1,7,-28.809806,153.287872,39,2,1,1,3,0,0,0,2,0,0,50,0,14295,14295,3,19,0,2,0,0,0,0
1278196,3,2021,2021,2,1,7,25,31,127,30,0,1,9,-33.88999,151.1585,32,0,2,1,3,0,0,3,2,0,0,60,1,926,926,4,9,5,2,0,0,0,0
1278198,3,2021,2021,2,4,11,2,31,123,34609,0,1,7,-33.836388,148.68822,51,2,1,1,3,0,0,0,0,0,0,50,0,6545,6545,4,5,5,2,0,0,0,0
1278200,3,2021,2021,2,3,11,103,27,29,256,0,1,7,-34.193935,150.789825,79,2,2,1,3,0,0,3,0,0,0,50,2,9859,9859,8,5,40,1,0,0,0,0
1278201,3,2021,2021,9,0,0,8,1,112,34609,0,1,1,-33.904693,151.209138,69,0,2,1,3,0,3,3,0,0,7,50,0,4026,4026,1,5,0,4,0,0,0,0
1278202,3,2021,2021,9,2,8,62,27,63,166,0,1,1,-33.248064,151.479465,16,2,2,1,3,0,0,3,2,0,7,70,2,9859,9859,8,5,40,1,0,0,0,0
1278213,3,2021,2021,9,0,10,6,27,28,34609,0,1,1,-34.010815,151.061694,68,0,2,1,2,0,0,0,0,0,7,50,0,9859,9859,1,30,25,3,0,0,0,0
1278215,3,2021,2021,2,0,4,17,36,12,72,0,1,9,-28.654451,153.536274,10,2,1,0,3,0,0,3,2,0,7,80,2,623,623,3,9,0,2,0,0,0,0
1278216,3,2021,2021,9,6,5,67,27,108,68,0,1,9,-33.80155,151.187083,77,0,2,0,3,0,0,3,2,0,7,50,1,3775,3775,0,30,10,2,0,0,0,0
1278217,3,2021,2021,2,5,6,177,31,162,208,0,1,9,-33.857895,150.908691,24,0,2,1,3,0,0,0,2,0,15,60,1,2852,2852,4,0,5,2,0,0,0,0
1278221,3,2021,2021,2,4,7,1,31,3,14,0,1,10,-33.648338,149.269739,51,2,1,1,3,0,0,0,2,0,0,50,1,6545,6545,4,30,13,2,0,0,0,0
1278225,3,2021,2021,2,2,4,51,31,562,34609,1,0,1,-32.240614,148.615028,22,2,1,1,3,0,0,0,2,0,7,50,0,1282,1282,1,5,40,1,0,0,0,0
1278226,3,2021,2021,2,4,6,89,17,137,34609,0,1,1,-34.034413,151.055782,68,0,2,1,3,0,0,0,2,0,7,50,0,14295,14295,3,0,36,2,0,0,0,0
1278229,3,2021,2021,2,0,7,1,1,15,34609,0,1,1,-33.793791,151.044518,54,0,2,1,3,0,0,3,2,0,7,50,0,4026,4026,1,21,12,2,0,0,0,0
1278230,3,2021,2021,2,5,5,4,6,44,34609,0,1,1,-33.793012,150.978449,54,0,2,1,3,0,0,0,2,0,7,50,0,175,188,1,5,12,2,0,0,0,0
1278233,3,2021,2021,2,5,8,65,27,187,34609,0,1,9,-33.796298,150.990168,54,0,2,1,3,0,0,0,2,0,0,50,0,6545,6545,4,5,5,2,0,0,0,0
1278234,3,2021,2021,2,1,8,512,17,433,441,0,1,9,-33.286198,149.106644,52,2,1,1,3,0,3,4,2,2,7,50,2,6545,6545,4,8,5,2,0,0,0,0
1278235,3,2021,2021,2,3,10,28,27,38,28,0,1,7,-32.741493,151.867701,57,2,1,0,3,0,0,0,0,0,0,50,1,6545,6545,4,5,36,2,0,0,0,0
1278237,3,2021,2021,2,0,10,6,23,137,34609,0,1,7,-33.920651,151.204359,69,0,2,0,3,0,3,4,0,0,7,40,0,301,301,4,5,5,2,0,0,0,0
1278239,3,2021,2021,9,2,3,24,27,2,8,0,1,1,-28.93098,153.279057,39,1,0,1,0,0,0,3,1,0,7,100,1,9859,9859,1,10,23,2,0,0,0,0
1278242,3,2021,2021,9,2,4,46,27,62,13,0,1,1,-32.914497,151.623998,37,0,2,0,1,0,0,0,2,0,7,60,1,3775,3775,0,5,5,2,0,0,0,0
1278243,3,2021,2021,2,2,0,294,17,56,288,0,1,1,-35.120942,147.383382,75,2,1,1,2,0,0,0,0,0,7,60,2,9859,9859,8,5,40,1,0,0,0,0
1278248,3,2021,2021,2,5,10,10,31,70,34609,0,1,9,-34.843842,150.605444,63,2,1,1,2,0,0,3,0,0,7,50,0,489,489,8,5,40,2,0,0,0,0
1278249,3,2021,2021,9,5,7,85,31,283,34609,0,1,1,-33.830558,151.009774,54,0,2,1,1,0,0,0,2,0,7,50,0,1109,397,1,5,0,2,0,0,0,0
1278253,3,2021,2021,9,1,4,1,27,3,139,0,1,9,-34.17458,145.919616,28,1,0,0,0,0,0,0,2,0,7,100,2,380,714,5,3,40,1,0,0,0,0
1278257,3,2021,2021,9,2,10,1,1,29,34609,0,1,1,-33.744857,150.792504,7,0,2,0,2,0,0,0,0,0,7,50,0,2585,4009,1,5,0,2,0,0,0,0
1278267,3,2021,2021,9,3,6,2209,17,79,2205,0,1,2,-34.911022,150.603421,63,2,1,1,0,0,0,0,2,0,7,70,2,9859,9859,8,5,40,1,0,0,0,0
1278273,3,2021,2021,9,0,0,35,1,43,52,0,1,1,-33.732123,150.796991,7,0,2,1,2,0,3,6,0,0,7,60,1,4026,4026,8,0,40,1,0,0,0,0
1278274,3,2021,2021,11,4,9,346,17,103,332,0,1,2,-28.813087,153.31128,39,2,1,0,2,0,0,0,0,0,7,60,2,4552,5151,8,10,40,1,0,0,0,0
1278293,3,2021,2021,2,6,11,1104,14,26,962,0,1,3,-33.771033,150.667866,55,0,2,1,2,0,0,0,0,0,7,110,2,14295,14295,3,33,5,2,0,0,0,0
1278301,3,2021,2021,2,4,4,1,25,10,34609,0,1,1,-33.739283,150.717096,55,0,2,1,3,0,0,0,2,0,7,50,0,14295,14295,3,5,13,3,0,0,0,0
1278304,3,2021,2021,2,4,3,2126,17,21,2149,0,1,2,-33.72547,150.402493,8,2,2,1,3,0,0,0,2,0,7,80,2,1282,1282,1,29,5,2,0,0,0,0
1278307,3,2021,2021,2,1,5,7,31,41,34609,0,1,1,-33.866265,150.980954,24,0,2,1,3,0,0,0,2,0,7,50,0,1109,397,1,0,13,2,0,0,0,0
1278311,3,2021,2021,2,6,9,6,23,86,34609,0,1,9,-33.742818,150.921681,7,0,2,1,3,0,3,4,2,0,7,50,0,775,775,4,5,41,2,0,0,0,0
1278312,3,2021,2021,2,3,4,5,31,64,46,0,1,1,-33.482792,150.155742,40,2,1,1,3,0,3,3,2,0,7,50,2,4026,4026,8,5,40,1,0,0,0,0
1278316,3,2021,2021,2,4,8,3371,17,82,3342,0,1,9,-33.828829,151.201617,49,0,2,1,1,0,0,0,2,2,7,60,2,1945,1945,5,16,40,1,0,0,0,0
1278326,3,2021,2021,2,6,7,8,31,207,34609,0,1,7,-31.951241,141.462946,51,2,1,1,0,0,0,0,2,0,7,50,0,6545,6545,4,5,5,2,0,0,0,0
1278335,3,2021,2021,2,3,8,145,31,15,34609,0,1,1,-34.438054,150.884445,80,0,2,1,0,0,0,0,2,0,7,50,0,1957,4009,1,10,0,2,0,0,0,0
1278342,3,2021,2021,9,2,9,478,17,69,480,0,1,10,-33.356555,151.486041,16,2,2,1,3,0,3,4,4,0,0,50,2,1957,777,1,5,5,2,0,0,0,0
1278343,3,2021,2021,2,2,0,27,1,132,148,0,1,1,-34.145255,151.003462,68,0,2,1,3,0,3,4,0,0,7,60,2,4026,4026,8,5,40,1,0,0,0,0
1278345,3,2021,2021,10,2,0,17,27,9,12,0,1,1,-35.572007,147.680273,27,1,0,1,3,0,0,0,0,0,7,100,2,1089,1089,7,0,40,1,0,0,0,0
1278346,3,2021,2021,2,3,5,2209,17,70,2205,1,0,2,-34.028074,151.083087,68,0,2,1,3,0,3,4,2,0,7,70,2,14295,14295,3,0,0,3,0,0,0,0
1278352,3,2021,2021,2,5,6,2209,17,57,2205,0,1,2,-34.663406,150.847208,35,1,0,0,3,0,2,6,2,0,7,100,2,1192,1192,1,10,0,2,0,0,0,0
1278357,3,2021,2021,2,0,5,2209,17,130,2205,0,1,9,-34.451067,150.848138,80,0,2,1,3,0,0,0,2,0,15,60,2,623,623,3,10,36,2,0,0,0,0
1278359,3,2021,2021,2,6,8,171,1,65,22,0,1,9,-33.803518,150.962348,54,0,2,1,3,0,0,0,2,0,0,60,1,2852,2852,4,5,0,3,0,0,0,0
1278361,3,2021,2021,2,2,7,165,31,112,34609,0,1,1,-33.613021,150.812536,29,2,2,1,3,0,0,0,2,0,7,50,0,1391,1391,1,5,5,3,0,0,0,0
1278366,3,2021,2021,9,3,8,10,31,463,34609,0,1,1,-30.288614,153.110133,19,2,1,1,1,0,0,0,2,0,7,50,0,9859,9859,8,0,40,1,0,0,0,0
1278372,3,2021,2021,9,2,9,20,27,87,34609,0,1,9,-33.924736,150.949921,41,0,2,0,1,0,0,0,2,0,7,40,0,4552,5151,1,10,5,2,0,0,0,0
1278373,3,2021,2021,2,6,10,42,31,82,118,0,1,1,-31.08103,150.920891,70,2,1,1,2,0,3,3,0,0,7,60,2,9859,9859,8,0,40,1,0,0,0,0
1278378,3,2021,2021,9,1,6,30,27,33,34609,0,1,1,-33.802063,151.094026,61,0,2,1,0,0,0,0,2,0,7,50,0,9859,9859,1,9,5,2,0,0,0,0
1278380,3,2021,2021,1,5,5,478,17,69,480,0,1,10,-33.357463,151.485712,16,2,2,1,1,0,0,0,2,2,7,50,2,5929,5929,1,5,5,2,0,0,0,0
1278387,3,2021,2021,9,2,11,21,27,19,22,0,1,1,-32.754123,151.976922,57,1,0,1,0,0,3,4,0,0,7,90,1,14295,14295,3,5,5,2,0,0,0,0
1278403,3,2021,2021,2,2,11,2,1,47,34609,0,1,9,-33.772459,151.281703,50,0,2,1,2,0,0,0,0,0,7,50,0,9859,9859,1,5,13,3,0,0,0,0
1278413,3,2021,2021,11,2,11,192,10,57,114,1,0,2,-33.462654,151.363206,16,2,2,1,2,0,3,6,0,0,7,60,2,4026,4026,8,0,40,1,0,0,0,0
1278420,3,2021,2021,11,1,7,2,27,4,34609,0,1,1,-34.413082,146.303546,51,1,0,0,0,2,0,0,2,0,7,100,0,2585,4009,8,30,40,1,0,0,0,0
1278431,3,2021,2021,2,4,9,11,27,10,34609,0,1,1,-32.849902,151.276791,17,1,0,0,3,2,0,0,2,0,7,100,0,418,714,5,5,40,1,0,0,0,0
1278432,3,2021,2021,2,1,10,90,31,252,165,0,1,10,-33.886129,151.217948,69,0,2,1,3,0,0,0,4,2,7,60,2,6545,6545,4,5,5,2,0,0,0,0
1278433,3,2021,2021,2,2,9,23,27,523,23,0,1,9,-33.920742,150.90863,41,0,2,1,3,0,0,0,3,0,0,60,1,5929,5929,1,21,13,2,0,0,0,0
1278435,3,2021,2021,2,6,2,10,27,32,11,0,1,10,-32.33742,149.560587,44,1,0,1,3,0,3,0,0,0,7,100,1,404,404,8,5,40,1,0,0,0,0
1278439,3,2021,2021,2,6,6,48,10,41,52,0,1,9,-30.341663,153.093294,19,2,1,1,3,0,0,0,2,0,7,80,1,2852,2852,4,5,36,2,0,0,0,0
1278441,3,2021,2021,2,6,3,500,27,293,799,0,1,9,-33.932489,151.048309,15,0,2,1,3,0,3,0,4,0,7,60,2,5929,5929,1,5,5,2,0,0,0,0
1278443,3,2021,2021,2,5,6,5,1,105,34609,0,1,9,-32.702038,151.521788,42,2,1,1,3,0,0,0,2,0,7,50,0,2852,2852,4,0,5,2,0,0,0,0
1278445,3,2021,2021,2,0,7,48,10,463,32,0,1,1,-30.293233,153.132379,19,2,1,1,3,0,0,0,2,0,7,60,1,14295,14295,3,0,13,2,0,0,0,0
1278448,3,2021,2021,9,5,8,2209,17,133,2205,0,1,9,-34.512836,150.784517,80,0,2,1,3,0,0,0,2,2,7,60,1,5929,5929,1,5,5,2,0,0,0,0
1278450,3,2021,2021,2,1,4,101,10,239,35,0,1,2,-34.033151,151.129115,68,0,2,1,3,0,0,3,2,0,7,60,2,9859,9859,1,8,12,4,0,0,0,0
1278488,3,2021,2021,9,5,9,829,27,309,770,0,1,2,-33.815262,151.099459,61,0,2,1,1,0,0,0,2,0,7,60,2,1192,1192,1,5,13,3,0,0,0,0
1278492,3,2021,2021,2,2,1,13,10,2,34609,0,1,9,-33.525604,151.35672,16,2,2,0,2,0,0,0,0,0,7,50,0,1957,985,8,34,40,1,0,0,0,0
1278497,3,2021,2021,9,5,11,5,27,134,34609,0,1,1,-33.505966,151.311566,16,2,2,1,1,0,0,0,0,0,7,50,0,1282,1282,1,33,36,2,0,0,0,0
1278502,3,2021,2021,9,2,1,475,31,174,41,0,1,10,-33.893242,151.207298,69,0,2,1,2,0,3,4,0,2,7,50,1,4552,985,8,30,40,1,0,0,0,0
1278517,3,2021,2021,9,3,1,3371,17,56,3342,0,1,2,-31.140241,152.823059,34,1,0,1,0,0,3,4,0,0,7,110,2,204,204,1,3,13,2,0,0,0,0
1278531,3,2021,2021,2,2,5,2126,17,218,2149,0,1,10,-33.770072,150.773472,55,0,2,1,3,0,0,0,2,2,7,60,2,1391,1391,1,10,5,2,0,0,0,0
1278532,3,2021,2021,2,1,8,2209,17,176,2205,0,1,2,-33.950505,151.138856,4,0,2,1,3,0,0,0,2,0,7,60,2,1282,1282,1,5,5,2,0,0,0,0
1278534,3,2021,2021,2,2,7,115,27,81,114,0,1,9,-33.88929,151.259557,76,0,2,0,1,0,0,3,2,1,7,50,2,4552,5151,8,5,40,1,0,0,0,0
1278539,3,2021,2021,2,0,11,22,10,387,64,0,1,10,-33.932263,151.186063,4,0,2,1,3,0,0,0,0,2,7,70,2,926,926,4,5,13,2,0,0,0,0
1278540,3,2021,2021,2,6,9,8,31,137,34609,0,1,7,-34.032763,151.063138,68,0,2,1,3,0,0,0,3,0,7,50,0,1981,1981,4,0,5,2,0,0,0,0
1278543,3,2021,2021,2,6,4,17,31,433,34609,0,1,10,-33.276138,149.092647,52,2,1,1,3,0,0,0,2,0,0,50,0,6545,6545,4,5,0,2,0,0,0,0
1278544,3,2021,2021,2,6,11,1,27,20,34609,1,0,1,-33.079952,151.497598,37,0,2,1,3,0,0,0,0,0,7,50,0,9859,9859,1,10,5,2,0,0,0,0
1278546,3,2021,2021,2,3,10,16,31,82,34609,0,1,9,-34.373465,150.899686,80,0,2,1,3,0,0,0,0,0,7,50,0,782,985,5,5,40,1,0,0,0,0
1278550,3,2021,2021,9,1,6,10,27,463,34609,0,1,10,-30.286148,153.13589,19,2,1,1,1,0,3,3,2,0,7,50,0,323,323,1,5,13,2,0,0,0,0
1278560,3,2021,2021,9,5,3,7,31,202,118,0,1,9,-33.937176,151.0271,15,0,2,1,0,0,0,0,2,0,15,60,1,1282,1282,1,33,5,2,0,0,0,0
1278571,3,2021,2021,9,2,9,42,31,166,21,1,0,1,-33.904737,151.173967,32,0,2,1,1,0,3,4,3,0,7,50,1,9859,9859,1,5,5,2,0,0,0,0
1278579,3,2021,2021,9,2,6,38,31,246,64,0,1,1,-33.918812,151.192977,69,0,2,1,0,0,0,0,2,0,7,50,2,1109,787,1,21,5,2,0,0,0,0
1278582,3,2021,2021,2,2,0,74,23,100,260,0,1,9,-33.960833,151.15631,4,0,2,1,3,0,0,0,0,2,7,60,2,9859,9859,8,5,40,1,0,0,0,0
1278583,3,2021,2021,2,6,3,866,17,278,793,0,1,10,-33.7823,151.049886,54,0,2,0,3,0,3,3,4,0,15,60,2,5929,5929,1,10,5,2,0,0,0,0
1278584,3,2021,2021,2,4,7,26,31,363,34609,0,1,7,-33.760414,150.700686,55,0,2,1,3,0,0,0,2,0,0,50,0,6545,6545,4,5,5,2,0,0,0,0
1278588,3,2021,2021,9,1,7,103,36,8,103,0,1,1,-32.02122,152.195516,43,1,0,0,3,0,3,4,2,0,7,90,1,2585,4009,8,5,40,1,0,0,0,0
1278590,3,2021,2021,9,4,8,2126,17,363,2149,0,1,1,-33.746227,150.682096,55,0,2,1,3,0,3,4,2,0,7,60,2,3775,3775,0,5,0,4,0,0,0,0
1278593,3,2021,2021,2,5,4,3371,17,43,3342,0,1,2,-30.445203,153.008698,6,1,0,1,3,0,3,4,2,0,7,110,2,9859,9859,8,5,40,1,0,0,0,0
1278594,3,2021,2021,2,3,9,6,31,84,23,0,1,9,-33.889801,151.261808,76,0,2,1,3,0,0,3,2,0,15,50,1,926,926,4,5,36,2,0,0,0,0
1278597,3,2021,2021,8,0,0,1,31,80,34609,0,1,1,-33.815388,151.167998,38,0,2,0,2,0,0,6,0,0,7,50,0,4552,5151,8,5,40,1,0,0,0,0
1278598,3,2021,2021,2,5,6,1052,14,54,928,0,1,3,-33.458067,151.202441,16,1,2,1,3,0,0,0,2,0,7,110,2,1945,1945,5,0,40,1,0,0,0,0
1278599,3,2021,2021,2,2,6,44,27,89,38,1,0,1,-33.865775,150.889754,24,0,2,1,3,0,0,0,2,0,7,60,1,14295,14295,3,5,5,2,0,0,0,0
1278601,3,2021,2021,2,2,7,2209,17,204,2205,0,1,10,-33.94207,151.144454,4,0,2,1,3,0,0,3,2,0,0,60,2,1669,1669,3,0,5,2,0,0,0,0
1278603,3,2021,2021,9,3,6,99,31,84,105,0,1,10,-33.885487,150.937027,24,0,2,1,3,0,0,0,2,2,7,60,1,6545,6545,4,5,5,2,0,0,0,0
1278604,3,2021,2021,2,2,9,25,31,169,147,0,1,1,-28.640538,153.606673,10,2,1,1,3,0,3,4,0,0,7,50,1,1391,1391,1,5,5,2,0,0,0,0
1278606,3,2021,2021,9,5,5,3371,17,17,3342,0,1,2,-28.488948,153.516943,10,1,0,1,1,0,3,4,2,0,7,110,2,14295,14295,3,0,2,2,0,0,0,0
1278607,3,2021,2021,2,3,4,2209,17,35,2205,0,1,9,-35.485888,150.339169,63,1,0,1,3,0,0,0,2,0,15,100,2,14295,14295,3,5,0,2,0,0,0,0
1278611,3,2021,2021,2,5,6,31,1,234,139,0,1,9,-34.290089,146.062449,28,2,1,1,3,0,0,0,2,0,7,60,2,5929,5929,1,5,5,3,0,0,0,0
1278617,3,2021,2021,2,2,9,3371,10,316,34609,0,1,1,-31.469374,152.916402,56,2,1,1,0,0,3,3,0,0,7,50,0,1109,787,1,21,5,2,0,0,0,0
1278635,3,2021,2021,2,6,8,85,27,363,145,0,1,9,-33.804286,151.026799,54,0,2,1,1,0,0,0,2,2,7,60,2,256,256,4,5,5,3,0,0,0,0
1278636,3,2021,2021,9,4,10,1,7,92,34609,0,1,1,-33.737975,150.961108,71,0,2,0,2,0,3,4,0,0,7,50,0,1957,4009,1,9,5,2,0,0,0,0
1278641,3,2021,2021,9,5,3,294,17,6,288,0,1,1,-34.553412,142.703113,51,1,0,1,0,0,0,0,2,0,7,110,2,945,945,5,3,40,1,0,0,0,0
1278645,3,2021,2021,1,5,3,1052,14,60,928,0,1,3,-33.429219,151.241572,16,1,2,0,3,0,3,4,2,0,7,110,2,2585,4009,8,29,40,1,0,0,0,0
1278649,3,2021,2021,10,5,2,21,31,47,34609,0,1,9,-33.775403,151.288525,50,0,2,0,2,0,0,0,1,0,0,50,0,2585,777,1,30,5,4,0,0,0,0
1278669,3,2021,2021,2,4,8,39,22,53,34609,0,1,1,-33.388738,151.441718,16,2,2,0,3,0,0,0,2,0,7,60,0,1850,1463,5,5,40,1,0,0,0,0
1278670,3,2021,2021,2,3,4,3371,17,44,3342,0,1,2,-30.586803,152.999725,47,1,0,1,3,0,3,4,2,0,7,110,2,9859,9859,8,5,40,1,0,0,0,0
1278672,3,2021,2021,2,4,4,32,14,35,124,0,1,3,-33.813834,151.199208,77,0,2,0,3,0,0,3,2,0,7,80,2,1192,1192,1,8,22,3,0,0,0,0
1278674,3,2021,2021,2,5,7,4,10,119,34609,0,1,9,-32.758563,151.78132,57,2,1,1,3,0,0,0,2,0,0,50,0,5929,5929,1,5,13,2,0,0,0,0
1278676,3,2021,2021,9,2,5,15,27,88,34609,0,1,1,-33.982955,151.11364,25,0,2,1,3,0,0,0,2,0,7,50,0,323,323,1,10,5,2,0,0,0,0
1278680,3,2021,2021,2,6,10,44,31,237,34609,0,1,10,-33.868526,150.955521,24,0,2,1,3,0,3,4,0,2,7,40,0,5929,5929,1,5,0,2,0,0,0,0
1278682,3,2021,2021,2,3,7,3371,17,58,3342,0,1,9,-32.791356,151.72466,57,2,1,1,3,0,0,0,2,2,7,80,2,14295,14295,3,9,5,2,0,0,0,0
1278683,3,2021,2021,2,5,8,67,27,108,68,0,1,10,-33.803836,151.182201,77,0,2,1,3,0,0,0,2,2,7,50,1,1282,1282,1,0,5,2,0,0,0,0
1278684,3,2021,2021,10,6,4,3,31,58,34609,0,1,10,-28.539335,153.550597,10,2,1,1,3,0,0,0,2,0,0,50,0,6545,6545,4,30,0,2,0,0,0,0
1278689,3,2021,2021,2,0,7,23,27,53,36,0,1,1,-35.181635,149.283459,58,1,0,1,3,0,3,4,2,0,7,90,1,404,404,8,0,40,1,0,0,0,0
1278691,3,2021,2021,2,6,11,6,23,32,34609,0,1,9,-30.21979,151.674998,1,2,1,1,3,0,3,4,0,0,7,50,0,489,489,8,5,40,1,0,0,0,0
1278694,3,2021,2021,2,5,10,78,27,438,34609,0,1,1,-33.852257,151.032689,21,0,2,1,3,0,0,3,0,0,7,40,0,14295,14295,3,5,25,2,0,0,0,0
1278697,3,2021,2021,2,6,4,19,31,104,34609,0,1,1,-33.829716,151.220804,49,0,2,1,3,0,0,0,2,0,7,50,0,941,941,1,0,5,2,0,0,0,0
1278698,3,2021,2021,2,3,8,3371,17,6,3342,0,1,2,-31.692903,152.733934,56,1,0,1,3,0,0,0,2,0,7,110,2,1945,1945,5,0,40,1,0,0,0,0
1278700,3,2021,2021,2,5,9,110,27,113,48,0,1,2,-34.331997,150.878504,80,0,2,1,3,0,0,0,0,0,7,100,2,1109,397,1,34,5,2,0,0,0,0
1278703,3,2021,2021,2,3,6,22,27,43,228,0,1,1,-33.605236,150.856307,29,2,2,1,3,0,3,4,2,0,7,80,2,4026,4026,8,5,40,2,0,0,0,0
1278705,3,2021,2021,2,2,5,7,27,74,34609,0,1,9,-33.767874,150.67382,55,0,2,1,3,0,0,0,2,0,0,50,0,395,395,1,30,13,2,0,0,0,0
1278707,3,2021,2021,2,0,5,21,27,26,11,0,1,9,-32.783709,151.354647,17,2,1,0,3,0,0,0,2,0,7,80,1,273,957,5,8,40,1,0,0,0,0
1278708,3,2021,2021,2,3,9,3,31,16,34609,0,1,10,-33.81774,151.091424,61,0,2,1,3,0,0,0,4,0,0,50,0,6545,6545,4,0,5,2,0,0,0,0
1278709,3,2021,2021,2,1,7,2,7,179,34609,0,1,9,-31.880488,152.428347,43,2,1,1,3,0,0,0,2,0,7,60,0,9859,9859,8,30,40,1,0,0,0,0
1278711,3,2021,2021,2,0,6,95,31,271,80,0,1,10,-33.944004,151.010071,15,0,2,1,3,0,3,0,2,2,7,60,1,1391,1391,1,0,5,2,0,0,0,0
1278712,3,2021,2021,9,1,7,168,10,387,260,0,1,3,-33.945971,151.172666,4,0,2,1,3,0,0,0,2,0,7,70,2,1383,1383,1,8,5,2,0,0,0,0
1278713,3,2021,2021,11,0,6,4,31,226,34609,0,1,1,-33.759077,150.817106,7,0,2,1,3,0,0,3,2,0,7,50,0,217,217,1,5,5,2,0,0,0,0
1278714,3,2021,2021,2,5,0,38,27,218,70,0,1,1,-33.741212,150.783389,55,0,2,1,3,0,2,2,0,0,7,70,1,1089,1089,7,5,40,1,0,0,0,0
1278716,3,2021,2021,2,3,7,137,14,55,70,0,1,2,-32.836236,151.53912,17,1,0,0,3,0,0,0,2,0,7,110,2,4552,5151,8,5,40,1,0,0,0,0
1278722,3,2021,2021,9,1,9,4,31,120,34609,0,1,6,-33.760137,150.872069,7,0,2,1,3,0,0,0,3,0,7,50,0,1981,1981,4,10,12,2,0,0,0,0
1278723,3,2021,2021,2,4,4,32,27,56,62,0,1,1,-33.804853,151.199318,77,0,2,1,3,0,0,0,2,0,7,60,2,941,941,1,0,5,3,0,0,0,0
1278724,3,2021,2021,9,0,9,3371,17,65,3342,0,1,2,-30.351388,153.064849,19,1,0,0,3,0,3,4,2,0,7,100,2,1850,1463,5,10,40,1,0,0,0,0
1278728,3,2021,2021,5,3,10,1,27,96,34609,0,1,7,-33.384052,148.001748,51,2,1,1,3,0,0,0,0,0,0,50,0,6545,6545,4,30,0,2,0,0,0,0
1278730,3,2021,2021,2,2,4,115,27,96,173,0,1,9,-34.266979,150.714447,79,1,2,1,3,0,0,0,2,0,15,100,2,5929,5929,1,5,0,2,0,0,0,0
1278734,3,2021,2021,2,0,3,38,27,13,45,0,1,1,-35.08693,150.583066,63,2,1,1,3,0,3,4,2,0,7,70,1,9859,9859,8,10,40,1,0,0,0,0
1278736,3,2021,2021,2,0,6,15,27,13,34609,0,1,9,-31.012857,150.966372,70,1,0,0,3,0,0,0,2,0,0,100,0,1850,1463,5,3,40,1,0,0,0,0
1278737,3,2021,2021,2,6,7,17,7,96,34609,0,1,1,-33.435206,151.389344,16,2,2,1,3,0,0,0,2,0,7,60,0,387,387,1,5,0,2,0,0,0,0
1278739,3,2021,2021,2,4,9,178,27,189,101,0,1,9,-33.945751,151.053314,15,0,2,1,3,0,0,3,4,0,7,50,1,2852,2852,4,10,5,2,0,0,0,0
1278740,3,2021,2021,2,2,8,866,17,171,793,0,1,10,-33.807288,150.969468,21,0,2,1,3,0,0,0,2,2,7,70,2,14295,14295,3,5,5,2,0,0,0,0
1278742,3,2021,2021,2,6,7,16,31,77,34609,0,1,7,-30.323209,149.786663,51,2,1,1,3,0,0,0,2,0,0,50,0,6545,6545,4,5,7,2,0,0,0,0
1278745,3,2021,2021,2,5,8,112,27,96,256,0,1,10,-34.049507,150.826774,13,0,2,1,3,0,0,0,2,2,7,60,2,14295,14295,3,0,0,2,0,0,0,0
1278746,3,2021,2021,2,3,7,150,27,309,415,0,1,9,-33.807088,151.109562,61,0,2,1,3,0,0,3,2,0,0,70,2,1957,777,8,5,40,1,0,0,0,0
1278749,3,2021,2021,2,3,9,37,27,94,105,0,1,1,-33.888374,150.923638,24,0,2,1,3,0,0,0,3,0,7,60,1,84,84,6,0,5,4,0,0,0,0
1278754,3,2021,2021,2,0,8,1,27,49,34609,0,1,1,-34.440376,147.471346,51,1,0,1,3,2,0,0,2,0,7,100,0,9859,9859,8,29,40,1,0,0,0,0
1278756,3,2021,2021,2,2,7,44,31,53,34609,0,1,1,-30.645264,153.003564,47,2,1,1,3,0,0,0,2,0,7,50,0,9859,9859,8,0,40,1,0,0,0,0
1278765,3,2021,2021,2,4,4,1,1,443,34609,0,1,1,-33.90113,151.051768,15,0,2,1,3,0,3,0,2,0,7,50,0,9859,9859,1,0,5,2,0,0,0,0
1278766,3,2021,2021,2,5,4,1,27,3,34609,0,1,1,-31.511422,148.558157,51,1,0,1,3,2,0,0,2,0,7,100,0,1945,1945,5,10,40,1,0,0,0,0
1278767,3,2021,2021,2,4,1,18,27,89,27,0,1,1,-33.68953,150.78557,55,0,2,0,3,0,3,4,0,0,7,80,1,1850,1463,5,5,40,1,0,0,0,0