Crash ID,Degree of crash - detailed,Reporting year,Year of crash,Month of crash,Day of week of crash,Two-hour intervals,Street of crash,Street type,Town,Route no.,School zone location,School zone active,Type of location,Latitude,Longitude,LGA,Urbanisation,Conurbation 1,Alignment,Street lighting,Road surface,Surface condition,Weather,Natural lighting,Signals operation,Other traffic control,Speed limit,Road classification,RUM - code,DCA - code,First impact type,Key TU type,Other TU type,No. of traffic units involved,No. killed,No. seriously injured,No. moderately injured,No. minor-other injured
1278768,3,2021,2021,2,5,5,4,27,32,34609,0,1,7,-33.738385,150.828344,7,0,2,1,3,0,0,0,2,0,0,50,0,256,256,4,5,0,4,0,0,0,0
1278770,3,2021,2021,2,5,4,133,31,96,212,0,1,10,-35.353367,149.234424,58,2,1,1,3,0,0,0,2,2,7,50,2,623,623,3,33,0,2,0,0,0,0
1278775,3,2021,2021,2,0,7,45,1,294,34609,0,1,2,-33.94035,150.924942,41,0,2,0,3,0,3,3,2,0,7,60,0,1957,4009,8,5,40,1,0,0,0,0
1278776,3,2021,2021,2,4,8,168,17,6,212,0,1,1,-35.241702,149.598675,58,1,0,0,3,0,3,4,2,0,7,100,2,4552,5151,8,5,40,1,0,0,0,0
1278777,3,2021,2021,9,2,10,2,1,45,34609,0,1,1,-33.346353,151.491399,16,2,2,1,3,0,3,4,0,0,7,50,0,4026,4026,8,5,40,1,0,0,0,0
1278779,3,2021,2021,2,3,5,2209,17,35,2205,0,1,2,-34.058529,151.033582,68,0,2,1,3,0,0,0,2,0,7,80,2,14295,14295,3,30,5,3,0,0,0,0
1278782,3,2021,2021,2,0,7,481,17,77,483,0,1,1,-30.327762,149.779486,51,2,1,1,3,0,0,0,2,0,7,50,2,14295,14295,3,10,13,3,0,0,0,0
1278783,3,2021,2021,2,3,9,153,27,290,147,0,1,1,-33.949339,151.116027,4,0,2,1,3,0,0,0,3,0,7,60,2,14295,14295,3,5,5,3,0,0,0,0
1278785,3,2021,2021,2,1,8,22,31,172,126,0,1,9,-32.745378,151.583528,42,2,1,1,3,0,0,0,2,0,0,60,2,5929,5929,1,10,0,2,0,0,0,0
1278786,3,2021,2021,2,5,10,230,27,84,284,0,1,10,-33.775284,151.104656,61,0,2,1,3,0,0,0,0,0,15,70,2,14295,14295,3,5,25,3,0,0,0,0
1278788,3,2021,2021,2,4,9,1,27,143,34609,0,1,1,-33.687624,151.100187,31,0,2,1,3,0,0,0,3,0,7,50,0,9859,9859,8,5,40,1,0,0,0,0
1278790,3,2021,2021,2,0,8,8,27,14,34609,0,1,1,-33.498846,151.382904,16,2,2,1,3,0,3,0,2,0,7,50,0,4026,4026,8,34,40,1,0,0,0,0
1278795,3,2021,2021,2,2,9,2209,17,59,2205,0,1,1,-34.334056,150.913277,80,0,2,1,3,0,0,0,3,0,7,60,2,14295,14295,3,5,0,2,0,0,0,0
1278796,3,2021,2021,2,5,8,3371,17,35,3342,0,1,10,-32.113332,152.370941,43,1,0,1,3,0,0,0,2,0,0,100,2,6545,6545,4,0,36,2,0,0,0,0
1278797,3,2021,2021,2,4,10,296,27,187,293,0,1,2,-33.88015,150.978494,24,0,2,1,3,0,3,0,0,0,7,60,2,9859,9859,8,5,40,1,0,0,0,0
1278798,3,2021,2021,2,6,2,33,27,120,154,0,1,10,-33.779914,150.873208,7,0,2,1,3,0,0,3,1,2,7,70,1,14295,14295,3,5,12,2,0,0,0,0
1278799,3,2021,2021,2,6,8,512,17,53,441,0,1,1,-32.167913,148.156729,51,1,0,1,3,0,0,0,4,0,7,110,2,945,945,5,5,40,1,0,0,0,0
1278807,3,2021,2021,2,2,6,114,27,10,65,0,1,1,-33.422765,151.156079,16,2,2,0,3,0,0,0,2,0,7,70,1,1850,1463,5,16,40,1,0,0,0,0
1278811,3,2021,2021,10,3,6,104,27,137,140,0,1,9,-33.923467,151.211099,69,0,2,1,1,0,0,0,2,2,7,60,2,14295,14295,3,0,0,3,0,0,0,0
1278828,3,2021,2021,9,6,8,79,31,562,34609,0,1,10,-32.239333,148.607821,22,2,1,1,1,0,0,0,2,0,0,50,0,926,926,4,5,13,2,0,0,0,0
1278835,3,2021,2021,10,6,10,15,27,41,34609,0,1,1,-33.786159,151.26392,50,0,2,1,2,0,0,0,0,0,7,50,0,9859,9859,1,5,5,3,0,0,0,0
1278847,3,2021,2021,10,1,10,2,27,35,34609,0,1,1,-35.343142,149.221812,58,2,1,1,2,0,0,0,0,0,7,50,0,175,188,1,5,5,2,0,0,0,0
1278861,3,2021,2021,2,5,1,2209,17,273,2205,0,1,1,-34.424618,150.893205,80,0,2,1,2,0,0,0,0,0,7,50,2,4026,4026,8,5,40,1,0,0,0,0
1278864,3,2021,2021,2,4,0,9,10,16,34609,0,1,1,-33.997517,151.026522,68,0,2,1,2,0,3,4,0,0,7,50,0,4026,4026,8,5,40,1,0,0,0,0
1278867,3,2021,2021,7,4,7,101,10,239,167,1,2,10,-34.03195,151.119542,68,0,2,1,2,0,0,0,2,2,7,40,2,1282,1282,1,30,40,2,0,0,0,0
1278869,3,2021,2021,2,0,2,512,17,17,441,0,1,1,-33.432613,149.343445,3,1,0,1,0,0,0,0,0,0,7,100,2,4026,4026,8,30,40,1,0,0,0,0
1278875,3,2021,2021,10,3,8,6,31,55,34609,0,1,1,-33.907359,151.085297,15,0,2,1,1,0,0,0,2,0,7,50,0,9859,9859,1,10,5,4,0,0,0,0
1278886,3,2021,2021,10,2,11,8,27,271,34609,0,1,1,-33.960424,151.015898,15,0,2,1,2,0,0,0,0,0,7,50,0,9859,9859,1,0,13,2,0,0,0,0
1278901,3,2021,2021,9,3,5,265,17,16,193,0,1,9,-35.080334,147.356115,75,2,1,0,1,0,0,0,2,0,0,70,2,2852,2852,4,5,5,2,0,0,0,0
1278910,3,2021,2021,9,4,7,72,14,174,71,0,1,3,-33.896914,151.215898,69,0,2,1,1,0,0,3,2,0,7,80,2,9859,9859,8,8,40,2,0,0,0,0
1278913,3,2021,2021,9,3,8,2261,17,17,2252,0,1,2,-34.789071,149.230609,74,1,0,0,0,0,0,0,2,0,7,110,2,1850,1463,5,0,40,1,0,0,0,0
1278921,3,2021,2021,9,3,7,12,27,293,34609,0,1,1,-33.940362,151.241143,59,0,2,1,0,0,0,0,2,0,7,50,0,941,941,1,5,0,2,0,0,0,0
1278925,3,2021,2021,2,5,6,10,10,105,34609,0,1,1,-32.701699,151.519217,42,2,1,0,0,0,0,0,2,0,7,50,0,2585,4009,1,5,13,2,0,0,0,0
1278934,3,2021,2021,9,5,10,12,27,12,34609,0,1,1,-32.991967,151.67013,37,0,2,0,2,0,0,0,0,0,7,60,0,273,957,5,10,40,1,0,0,0,0
1278953,3,2021,2021,2,5,11,28,1,64,34609,0,1,9,-33.694449,150.734571,55,0,2,1,0,0,0,3,0,0,7,70,0,489,489,8,34,40,1,0,0,0,0
1278954,3,2021,2021,2,0,10,361,1,80,34609,0,1,9,-34.5558,146.398046,51,2,1,1,2,0,0,0,0,0,0,50,0,9859,9859,8,34,40,1,0,0,0,0
1278955,3,2021,2021,2,0,11,158,27,138,207,0,1,9,-33.872003,151.264938,81,0,2,1,2,0,0,0,0,2,7,60,2,9859,9859,8,5,40,1,0,0,0,0
1278973,3,2021,2021,9,0,10,3371,17,19,3342,0,1,2,-31.879138,152.555868,43,1,0,0,0,0,0,3,0,0,7,100,2,404,404,8,5,40,1,0,0,0,0
1278976,3,2021,2021,9,2,8,149,10,346,702,0,1,10,-33.86795,151.064387,67,0,2,1,2,0,0,0,2,2,7,80,2,14295,14295,3,0,5,2,0,0,0,0
1278977,3,2021,2021,9,1,5,16,31,134,34609,0,1,10,-33.680976,150.875218,7,0,2,1,1,0,0,3,2,0,15,50,0,6545,6545,4,5,5,2,0,0,0,0
1278981,3,2021,2021,2,2,11,133,31,133,97,0,1,9,-33.916374,151.009811,15,0,2,1,2,0,0,0,0,0,0,60,1,9859,9859,8,30,40,1,0,0,0,0
1278982,3,2021,2021,11,6,7,1,9,80,34609,0,1,9,-33.959728,150.889008,13,0,2,1,0,0,0,0,2,0,0,50,0,186,186,1,9,12,2,0,0,0,0
1279030,3,2021,2021,9,3,9,6,27,3,34609,0,1,1,-33.881312,149.856399,51,1,0,0,0,0,3,4,3,0,7,100,0,273,957,5,5,40,1,0,0,0,0
1279033,3,2021,2021,9,5,3,24,27,12,31,0,1,1,-28.745572,153.07635,60,1,0,1,0,0,3,4,2,0,7,100,1,3775,3775,0,10,0,2,0,0,0,0
1279039,3,2021,2021,2,0,8,5,31,76,34609,0,1,1,-35.362961,150.470577,63,2,1,1,1,0,3,4,2,0,7,50,0,1981,1981,4,34,5,2,0,0,0,0
1279040,3,2021,2021,9,3,2,163,27,24,165,0,1,9,-33.735284,150.836106,7,0,2,1,2,0,3,4,0,2,7,60,1,2852,2852,4,0,36,2,0,0,0,0
1279041,3,2021,2021,9,6,10,25,27,22,61,0,1,1,-33.828958,151.19908,49,0,2,1,1,0,3,4,0,0,7,50,1,186,186,1,5,5,2,0,0,0,0
1279047,3,2021,2021,9,1,6,9,31,19,143,0,1,7,-33.429085,149.576517,3,2,1,1,0,0,0,0,2,0,7,60,2,941,941,1,0,5,2,0,0,0,0
1279052,3,2021,2021,2,6,8,2,31,69,34609,0,1,1,-34.548487,150.853746,62,0,2,0,0,0,3,4,2,0,7,50,0,2585,4009,8,5,40,1,0,0,0,0
1279055,3,2021,2021,2,0,8,265,17,123,193,0,1,10,-33.849285,148.666455,51,2,1,1,0,0,0,0,2,0,7,60,2,1850,985,5,29,40,1,0,0,0,0
1279059,3,2021,2021,10,3,5,387,36,86,69,0,1,2,-33.722627,151.217416,50,0,2,1,1,0,0,0,2,0,7,80,2,1383,1383,1,5,13,2,0,0,0,0
1279066,3,2021,2021,2,5,5,14,27,78,34609,0,1,1,-33.699475,150.567608,8,2,2,1,1,0,0,0,2,0,7,40,0,248,248,1,33,0,2,0,0,0,0
1279067,3,2021,2021,2,5,8,3371,17,108,3342,0,1,9,-33.81016,151.177514,77,0,2,1,1,0,0,0,2,0,7,60,2,775,775,4,5,0,2,0,0,0,0
1279072,3,2021,2021,9,4,8,40,10,56,174,0,1,1,-32.730029,151.326885,17,1,0,1,0,0,0,0,2,0,7,90,2,9859,9859,8,5,40,1,0,0,0,0
1279075,3,2021,2021,2,3,4,92,31,225,34609,0,1,9,-33.791474,151.198575,77,0,2,1,0,0,0,0,2,2,7,50,0,5929,5929,1,0,12,2,0,0,0,0
1279077,3,2021,2021,2,3,1,7,10,42,9,0,1,1,-33.638068,151.216915,50,0,2,0,0,0,3,4,0,0,7,60,2,4552,5151,8,5,40,1,0,0,0,0
1279089,3,2021,2021,2,0,7,3371,17,147,3342,0,1,2,-33.743604,151.140637,36,0,2,1,0,0,0,0,2,0,7,60,2,387,387,1,33,13,2,0,0,0,0
1279097,3,2021,2021,2,0,6,229,14,278,237,0,1,6,-33.758912,151.049622,54,0,2,1,1,0,0,0,2,0,7,70,2,1192,1192,1,9,0,2,0,0,0,0
1279099,3,2021,2021,2,5,10,84,27,169,769,0,1,10,-33.588616,150.729479,29,2,2,1,0,0,0,0,0,0,0,60,2,6545,6545,4,5,13,3,0,0,0,0
1279106,3,2021,2021,2,5,11,2126,17,93,2149,0,1,2,-33.419436,149.614141,3,2,1,1,2,0,3,0,0,0,7,60,2,9859,9859,1,0,13,2,0,0,0,0
1279122,3,2021,2021,9,4,9,38,27,78,38,0,1,1,-33.407592,151.450679,16,2,2,1,0,0,3,4,2,0,7,60,1,9859,9859,8,8,40,1,0,0,0,0
1279136,3,2021,2021,10,0,4,2,31,173,34609,0,1,0,-33.879028,151.220505,69,0,2,1,0,0,0,0,2,0,7,40,0,9859,9859,8,5,40,2,0,0,0,0
1279142,3,2021,2021,9,2,11,9,27,72,34609,0,1,1,-33.83337,151.225587,49,0,2,0,2,0,3,4,0,0,7,50,0,4552,5151,1,5,5,4,0,0,0,0
1279210,3,2021,2021,10,0,4,1,1,57,34609,0,1,1,-33.950366,151.230038,4,0,2,1,1,0,0,0,2,0,9,50,0,1981,1981,4,5,5,3,0,0,0,0
1279214,3,2021,2021,10,2,1,62,31,445,34609,1,0,1,-33.860136,151.0452,21,0,2,1,2,0,0,0,0,0,7,50,0,4026,4026,1,5,0,2,0,0,0,0
1279230,3,2021,2021,11,6,0,3371,17,16,3342,0,1,2,-31.304627,152.822189,56,1,0,1,0,0,0,0,0,0,7,110,2,1945,1945,5,30,40,1,0,0,0,0
1279231,3,2021,2021,11,4,9,3,27,68,34609,0,1,1,-34.825702,148.92314,82,1,0,0,0,0,0,0,3,0,7,100,0,1957,4009,8,5,40,1,0,0,0,0
1279239,3,2021,2021,10,1,10,475,31,44,27,0,1,1,-33.972064,151.117689,25,0,2,0,2,0,0,0,0,0,7,60,1,4552,5151,1,5,10,2,0,0,0,0
1279248,3,2021,2021,10,1,9,107,22,293,34609,0,1,1,-33.925586,151.058087,15,0,2,1,2,0,3,3,0,0,7,50,0,9859,9859,1,5,5,4,0,0,0,0
1279256,3,2021,2021,10,4,5,334,17,84,308,0,1,9,-31.095008,150.912754,70,2,1,1,3,0,0,0,2,0,7,50,2,941,941,1,5,5,2,0,0,0,0
1279261,3,2021,2021,2,4,4,13,27,70,34609,0,1,9,-33.978547,151.104252,25,0,2,1,1,0,0,0,2,0,0,50,0,1282,1282,1,33,0,2,0,0,0,0
1279280,3,2021,2021,2,0,11,2209,17,88,2205,0,1,10,-33.984026,151.1139,25,0,2,1,2,0,3,4,0,2,7,70,2,5929,5929,1,0,5,2,0,0,0,0
1279289,3,2021,2021,2,0,7,28,36,87,34609,0,1,1,-34.49032,150.439549,78,2,1,1,1,1,2,6,2,0,7,50,0,4026,4026,8,5,40,1,0,0,0,0
1279290,3,2021,2021,9,5,3,2,27,6,13,0,1,9,-35.748172,146.717187,27,1,0,1,0,0,0,0,1,0,7,100,1,9859,9859,8,29,40,1,0,0,0,0
1279300,3,2021,2021,2,0,11,2,10,33,34609,0,1,1,-34.020754,150.821741,13,0,2,1,2,0,0,0,0,0,7,60,0,9859,9859,1,5,5,2,0,0,0,0
1279304,3,2021,2021,2,0,6,2126,17,149,2149,0,1,9,-33.815119,150.967065,21,0,2,1,3,0,0,0,2,0,7,80,2,14295,14295,3,5,0,2,0,0,0,0
1279305,3,2021,2021,2,3,4,15,27,363,14,0,1,9,-33.731849,150.706668,55,0,2,0,3,0,0,0,2,0,15,70,1,782,957,5,5,40,1,0,0,0,0
1279306,3,2021,2021,2,4,8,3371,17,15,3342,0,1,2,-29.507,153.202255,18,1,0,1,3,0,3,4,2,0,7,110,2,9859,9859,8,0,40,1,0,0,0,0
1279309,3,2021,2021,2,4,8,4,31,463,34609,0,1,4,-30.290369,153.124014,19,2,1,0,1,0,0,3,3,0,7,50,0,4552,5151,8,30,40,1,0,0,0,0
1279310,3,2021,2021,2,6,2,3,10,155,34609,0,1,1,-33.50362,151.301979,16,2,2,1,2,0,0,0,0,0,7,50,0,9859,9859,1,9,5,2,0,0,0,0
1279313,3,2021,2021,2,5,0,37,27,204,105,0,1,1,-33.889664,150.932935,24,0,2,1,2,0,0,0,0,0,7,60,1,9859,9859,1,0,5,3,0,0,0,0
1279316,3,2021,2021,2,5,8,106,27,55,106,0,1,9,-33.926559,150.898651,41,0,2,1,3,0,0,0,2,2,7,70,2,4026,4026,8,9,40,1,0,0,0,0
1279319,3,2021,2021,2,0,7,3371,17,58,3342,0,1,7,-32.781704,151.739366,57,2,1,0,3,0,0,0,2,0,0,70,2,14295,14295,3,10,0,2,0,0,0,0
1279320,3,2021,2021,2,5,5,7,27,26,34609,0,1,9,-33.733792,150.816133,7,0,2,1,3,0,0,0,2,0,7,50,0,150,150,4,0,5,2,0,0,0,0
1279322,3,2021,2021,2,1,9,3,27,169,34609,0,1,9,-33.599594,150.731548,29,2,2,0,3,0,3,4,3,0,7,50,0,273,957,5,5,40,1,0,0,0,0
1279324,3,2021,2021,2,4,7,13,31,463,34609,0,1,1,-30.299847,153.097619,19,2,1,0,3,0,3,4,2,0,7,50,0,4552,5151,8,5,40,1,0,0,0,0
1279325,3,2021,2021,2,6,10,13,31,207,34609,0,1,7,-31.959533,141.461047,51,2,1,1,3,0,0,0,0,0,10,50,0,6545,6545,4,0,0,2,0,0,0,0
1279333,3,2021,2021,2,4,10,42,31,77,34609,0,1,10,-32.941027,151.743599,48,0,2,1,2,0,0,0,3,0,0,50,0,6545,6545,4,0,5,2,0,0,0,0
1279337,3,2021,2021,2,4,5,33,27,120,34609,0,1,10,-33.763026,150.864863,7,0,2,1,3,0,0,0,2,0,7,50,0,6545,6545,4,0,36,2,0,0,0,0
1279347,3,2021,2021,2,3,8,2,27,3,34609,0,1,1,-35.625978,150.312351,63,2,1,0,1,0,3,4,2,0,7,60,0,4552,5151,8,0,40,1,0,0,0,0
1279382,3,2021,2021,2,1,5,2,31,129,34609,0,1,1,-33.926606,151.084444,15,0,2,1,0,0,0,0,2,0,7,50,0,9859,9859,1,5,13,3,0,0,0,0
1279388,3,2021,2021,2,3,8,80,31,70,34609,0,1,1,-33.435208,151.346596,16,2,2,1,2,0,0,0,0,0,7,50,0,1282,1282,1,33,0,2,0,0,0,0
1279406,3,2022,2022,4,2,2,8,2,39,34609,0,1,7,-32.881445,151.651503,48,0,2,0,3,0,0,0,0,0,0,60,0,2585,4009,8,0,40,1,0,0,0,0
1279411,3,2021,2021,2,2,0,7,27,14,11,0,1,1,-33.311469,146.371813,51,1,0,0,0,0,0,0,0,0,7,100,1,2585,4009,8,10,40,1,0,0,0,0
1279413,3,2021,2021,2,5,8,361,32,460,42,0,1,1,-33.846185,150.990418,21,0,2,1,1,0,0,0,2,0,7,50,1,387,387,1,29,5,2,0,0,0,0
1279415,3,2022,2022,4,2,6,2,27,30,34609,0,1,1,-31.032947,151.010673,70,1,0,0,3,2,0,0,2,0,7,100,0,1259,5151,8,10,40,1,0,0,0,0
1279416,3,2021,2021,2,4,6,2261,17,201,2252,0,1,3,-34.008099,150.831818,13,0,2,0,3,0,0,0,2,0,7,110,2,1282,1282,1,29,5,2,0,0,0,0
1279419,3,2021,2021,2,0,7,9,10,243,34609,0,1,9,-33.954407,150.895828,41,0,2,1,3,0,0,0,2,0,0,50,0,186,186,1,5,13,2,0,0,0,0
1279422,3,2021,2021,2,4,7,178,27,70,48,0,1,1,-32.72961,151.553333,42,2,1,1,3,0,0,0,2,0,7,50,1,9859,9859,8,0,40,1,0,0,0,0
1279424,3,2022,2022,4,5,7,109,27,74,382,0,1,10,-33.759399,150.839528,7,0,2,1,3,0,0,0,2,2,7,60,2,5929,5929,1,5,5,2,0,0,0,0
1279425,3,2021,2021,2,0,10,2126,17,125,2149,0,1,2,-33.863649,151.08156,67,0,2,1,3,0,0,0,0,0,7,60,2,14295,14295,3,5,5,2,0,0,0,0
1279428,3,2021,2021,2,4,7,87,1,225,19,0,1,1,-33.797857,151.18362,77,0,2,1,3,0,0,0,2,0,2,40,1,1981,1981,4,5,5,3,0,0,0,0
1279429,3,2022,2022,4,0,4,2,1,204,34609,0,1,9,-33.901894,150.920303,24,0,2,1,3,0,3,4,2,0,7,50,0,1109,787,1,5,12,2,0,0,0,0
1279432,3,2021,2021,2,4,7,71,27,10,69,0,1,1,-36.358594,148.510384,65,2,1,0,3,0,0,0,2,0,7,80,2,418,714,5,5,40,1,0,0,0,0
1279433,3,2022,2022,4,2,8,37,27,19,52,0,1,1,-33.887379,150.619553,79,2,2,1,3,0,0,0,3,0,7,60,1,4026,4026,8,10,40,1,0,0,0,0
1279435,3,2022,2022,4,5,2,3371,17,139,3342,0,1,0,-33.837354,151.210074,49,0,2,0,3,0,3,4,0,0,7,40,2,4552,5151,8,5,40,1,0,0,0,0
1279436,3,2022,2022,4,3,8,112,17,207,112,0,1,7,-31.958651,141.442596,51,2,1,1,3,0,0,0,2,0,0,50,2,6545,6545,4,0,5,2,0,0,0,0
1279438,3,2021,2021,2,4,7,72,31,176,62,0,1,9,-33.95969,151.145513,4,0,2,1,3,0,0,0,2,0,0,60,1,2852,2852,4,30,5,2,0,0,0,0
1279441,3,2022,2022,4,3,2,46,27,7,34609,0,1,1,-33.109097,151.555985,37,0,2,1,3,0,0,0,1,0,7,50,0,9859,9859,1,9,5,2,0,0,0,0
1279443,3,2021,2021,2,0,8,44,30,135,34609,0,1,9,-32.905995,151.740332,48,0,2,1,1,0,0,0,2,0,7,50,0,9859,9859,1,0,12,2,0,0,0,0
1279448,3,2021,2021,2,0,11,8,1,562,34609,0,1,9,-32.265557,148.622833,22,2,1,1,2,0,0,0,0,0,7,50,0,4026,4026,8,0,40,1,0,0,0,0
1279450,3,2021,2021,2,4,11,3371,17,40,3342,0,1,9,-33.824401,151.187945,38,0,2,1,2,0,0,0,0,2,7,60,1,5929,5929,1,5,0,2,0,0,0,0
1279460,3,2021,2021,8,1,7,1,27,71,34609,0,1,9,-33.778027,150.702516,55,0,2,1,1,0,0,0,2,0,7,50,0,4552,985,1,30,3,2,0,0,0,0
1279466,3,2021,2021,2,6,4,866,17,12,793,0,1,2,-33.840649,150.957193,21,0,2,1,1,0,0,0,2,0,7,70,2,14295,14295,3,33,13,2,0,0,0,0
1279468,3,2021,2021,2,4,11,35,31,194,34609,0,1,1,-30.514077,151.651417,1,2,1,1,0,0,0,0,0,0,7,50,0,9859,9859,8,5,40,1,0,0,0,0
1279473,3,2021,2021,9,0,1,2209,17,45,2205,0,1,9,-33.88774,151.193168,69,0,2,0,3,0,3,0,0,2,7,50,2,1259,5151,8,19,40,1,0,0,0,0
1279475,3,2021,2021,9,3,9,8,27,63,34609,0,1,1,-28.191597,153.482413,72,2,1,0,0,0,0,0,2,0,7,60,0,418,714,5,10,40,1,0,0,0,0
1279480,3,2021,2021,2,6,2,11,27,2,34609,0,1,2,-30.612172,153.000193,47,2,1,1,2,0,3,4,0,0,7,50,0,9859,9859,1,33,0,2,0,0,0,0
1279484,3,2022,2022,4,2,0,1104,14,26,962,0,1,6,-33.773735,150.670751,55,0,2,1,0,0,0,0,0,0,7,60,2,14295,14295,3,5,5,2,0,0,0,0
1279497,3,2022,2022,4,4,8,3371,17,90,3342,0,1,2,-28.226011,153.556875,72,1,0,1,1,0,0,0,2,0,7,100,2,404,404,8,30,40,1,0,0,0,0
1279499,3,2021,2021,2,1,10,52,27,106,53,0,1,1,-33.922855,151.095276,15,0,2,1,2,0,3,4,0,0,7,50,1,1282,1282,1,33,5,2,0,0,0,0
1279505,3,2021,2021,2,4,8,84,1,80,139,0,1,2,-34.555035,146.409634,51,2,1,1,3,0,0,0,4,0,7,50,2,14295,14295,3,9,13,2,0,0,0,0
1279520,3,2021,2021,9,5,7,13,27,70,34609,0,1,1,-33.977212,151.103671,25,0,2,1,2,0,0,3,2,0,7,50,0,9859,9859,1,33,5,2,0,0,0,0
1279525,3,2021,2021,2,2,5,168,17,47,212,0,1,1,-35.257857,149.526863,58,1,0,1,3,0,0,0,2,0,7,100,2,475,475,5,5,40,1,0,0,0,0
1279526,3,2021,2021,2,3,6,2261,17,39,2252,0,1,2,-35.924644,147.090414,27,1,0,0,3,0,3,4,2,0,7,110,2,1259,5151,8,0,40,1,0,0,0,0
1279527,3,2021,2021,2,1,7,117,27,73,702,0,1,2,-33.826061,151.091795,14,0,2,1,3,0,0,0,2,0,7,70,2,14295,14295,3,9,0,3,0,0,0,0
1279528,3,2021,2021,2,6,4,251,14,79,124,0,1,6,-33.829049,151.214507,49,0,2,1,3,0,0,0,2,0,7,80,2,14295,14295,3,30,0,3,0,0,0,0
1279529,3,2021,2021,2,1,7,515,14,60,518,0,1,3,-33.94402,150.948228,41,0,2,1,3,0,0,0,2,0,7,100,2,14295,14295,3,5,13,3,0,0,0,0
1279532,3,2021,2021,2,1,4,6,31,78,125,0,1,1,-33.867859,151.008293,21,0,2,1,3,0,0,0,2,0,7,60,1,1981,1981,4,29,5,2,0,0,0,0
1279542,3,2021,2021,2,5,8,30,27,147,94,0,1,7,-33.881561,150.9935,15,0,2,1,0,0,0,0,2,0,0,60,1,1282,1282,1,10,5,2,0,0,0,0
1279559,3,2021,2021,2,1,10,63,31,30,34609,0,1,1,-32.67045,152.164546,43,2,1,0,2,0,0,0,0,0,7,50,0,4552,5151,8,0,40,1,0,0,0,0
1279563,3,2021,2021,2,6,9,230,27,197,284,0,1,2,-33.793573,151.133275,61,0,2,1,1,0,0,0,2,0,7,70,2,9859,9859,8,10,40,1,0,0,0,0
1279573,3,2021,2021,2,4,8,16,27,57,34609,0,1,1,-33.447076,151.373033,16,2,2,1,1,0,0,0,2,0,7,50,0,9859,9859,8,5,40,1,0,0,0,0
1279576,3,2021,2021,2,6,1,1,27,309,34609,0,1,1,-33.810592,151.117663,61,0,2,1,2,0,0,0,0,0,7,50,0,1282,1282,1,33,0,2,0,0,0,0
1279579,3,2021,2021,9,2,5,5,27,136,34609,0,1,1,-33.866425,151.069595,67,0,2,1,1,0,0,0,2,0,7,50,0,248,248,1,5,5,2,0,0,0,0
1279586,3,2021,2021,2,1,8,154,27,293,244,0,1,9,-33.926932,151.05165,15,0,2,1,3,0,3,4,4,0,0,60,2,5929,5929,1,5,13,2,0,0,0,0
1279588,3,2021,2021,2,2,6,1,31,523,34609,0,1,1,-33.919775,150.916335,41,0,2,1,3,0,0,0,2,0,7,50,0,220,220,1,5,0,2,0,0,0,0
1279589,3,2021,2021,2,3,7,31,23,139,187,0,1,1,-33.872847,151.137973,32,0,2,0,3,0,0,0,2,0,7,60,2,1957,4009,8,5,40,1,0,0,0,0
1279590,3,2021,2021,2,6,5,158,27,138,207,0,1,1,-33.870411,151.2686,81,0,2,1,3,0,0,0,2,0,7,50,2,387,387,1,0,5,2,0,0,0,0
1279593,3,2021,2021,2,0,5,120,36,9,148,0,1,1,-30.382357,152.563234,6,1,0,0,0,0,0,0,2,0,7,100,2,1259,5151,8,10,40,1,0,0,0,0
1279595,3,2021,2021,2,4,5,34,31,145,140,0,1,9,-33.926688,151.127804,15,0,2,1,0,0,0,0,2,0,7,50,1,1192,1192,1,5,13,4,0,0,0,0
1279597,3,2021,2021,2,2,8,5,31,35,148,0,1,10,-30.452142,152.897032,6,2,1,1,3,0,3,4,2,0,0,40,2,9859,9859,8,5,40,1,0,0,0,0
1279598,3,2021,2021,2,2,0,1,36,207,34609,0,1,1,-31.952046,141.414282,51,1,0,1,3,2,0,0,0,0,7,100,0,1945,1945,5,10,40,1,0,0,0,0
1279602,3,2021,2021,2,0,4,1052,14,56,928,0,1,3,-32.969214,151.534811,37,0,2,0,3,0,0,0,2,0,7,110,2,14295,14295,3,29,10,2,0,0,0,0
1279603,3,2021,2021,2,1,4,3371,17,32,3342,0,1,2,-32.369385,152.297683,43,1,0,1,3,0,0,0,2,0,7,110,2,1282,1282,1,5,10,2,0,0,0,0
1279629,3,2021,2021,10,3,11,2,31,137,34609,0,1,9,-33.923424,151.198709,4,0,2,1,2,0,0,0,0,0,7,40,0,9859,9859,1,0,0,4,0,0,0,0
1279637,3,2021,2021,2,2,9,5,27,121,34609,0,1,9,-28.19885,153.546279,72,2,1,1,0,0,0,0,2,0,7,50,0,9859,9859,8,5,40,1,0,0,0,0
1279643,3,2021,2021,2,6,7,15,27,18,46,0,1,1,-34.940168,150.715599,63,2,1,0,0,0,0,0,2,0,7,80,1,3775,3775,0,5,0,3,0,0,0,0
1279649,3,2021,2021,2,4,3,2209,17,70,2205,0,1,7,-34.855671,150.598523,63,2,1,0,1,0,3,4,1,0,0,70,2,775,775,4,5,0,2,0,0,0,0
1279656,3,2022,2022,4,6,11,3,10,164,34609,0,1,1,-33.737461,150.895056,7,0,2,0,3,0,3,4,0,0,7,50,0,52,52,8,5,40,1,0,0,0,0
1279669,3,2021,2021,8,3,8,35,27,29,19,0,1,9,-34.075321,150.574438,79,2,2,1,3,0,0,0,3,0,0,60,1,14295,14295,3,0,0,2,0,0,0,0