Crash ID,Degree of crash - detailed,Reporting year,Year of crash,Month of crash,Day of week of crash,Two-hour intervals,Street of crash,Street type,Town,Route no.,School zone location,School zone active,Type of location,Latitude,Longitude,LGA,Urbanisation,Conurbation 1,Alignment,Street lighting,Road surface,Surface condition,Weather,Natural lighting,Signals operation,Other traffic control,Speed limit,Road classification,RUM - code,DCA - code,First impact type,Key TU type,Other TU type,No. of traffic units involved,No. killed,No. seriously injured,No. moderately injured,No. minor-other injured
1279670,3,2022,2022,4,6,5,35,27,21,96,0,1,9,-32.9586,151.670013,37,0,2,1,3,0,0,0,2,0,7,60,2,14295,14295,3,30,12,2,0,0,0,0
1279671,3,2022,2022,4,1,6,220,14,78,220,0,1,3,-34.475061,150.830505,80,0,2,1,3,0,0,0,2,0,7,100,2,14295,14295,3,0,5,3,0,0,0,0
1279672,3,2021,2021,2,1,10,481,17,16,483,0,1,1,-35.604893,145.598145,51,1,0,1,3,0,0,0,0,0,7,110,2,4026,4026,8,5,40,1,0,0,0,0
1279676,3,2021,2021,2,4,10,3371,17,58,3342,0,1,2,-33.757336,151.153269,36,0,2,1,3,0,0,0,0,0,7,60,2,9859,9859,1,5,5,2,0,0,0,0
1279681,3,2022,2022,4,6,9,103,27,149,167,0,1,2,-34.002876,151.126758,4,0,2,0,1,0,3,3,2,0,7,70,2,418,714,5,5,40,1,0,0,0,0
1279682,3,2021,2021,2,6,9,4,31,161,115,0,1,7,-33.731931,151.166921,36,0,2,0,3,0,3,4,2,0,7,60,1,623,623,3,5,0,2,0,0,0,0
1279683,3,2021,2021,2,1,7,9,27,110,20,0,1,1,-33.764823,151.01141,71,0,2,1,3,0,0,0,2,0,7,50,1,14295,14295,3,5,5,4,0,0,0,0
1279686,3,2021,2021,2,2,6,48,27,70,166,0,1,1,-33.259971,151.515971,16,2,2,1,3,0,0,0,2,0,7,50,2,14295,14295,3,5,5,3,0,0,0,0
1279688,3,2021,2021,2,5,8,3,18,21,100,0,1,9,-33.609421,150.717537,29,2,2,1,3,0,3,0,2,0,15,60,2,14295,14295,3,0,41,3,0,0,0,0
1279694,3,2021,2021,2,5,7,127,27,135,103,0,1,1,-32.901331,151.741902,48,0,2,1,3,0,0,0,2,0,7,50,1,387,387,1,0,0,2,0,0,0,0
1279695,3,2021,2021,2,2,8,4,27,12,11,0,1,1,-36.771193,149.712217,5,1,0,1,3,0,0,0,2,0,7,100,1,475,475,5,5,40,1,0,0,0,0
1279696,3,2021,2021,2,4,7,334,17,6,308,0,1,1,-31.662119,148.421376,51,1,0,1,3,0,0,0,2,0,7,110,2,9859,9859,8,10,40,1,0,0,0,0
1279697,3,2021,2021,2,4,7,22,27,25,228,0,1,1,-33.610739,150.846083,29,2,2,1,3,0,0,0,2,0,7,60,2,14295,14295,3,30,5,4,0,0,0,0
1279698,3,2021,2021,2,5,3,2209,17,59,2205,1,0,1,-34.327126,150.913333,80,0,2,1,3,0,0,0,1,0,7,60,2,1383,1383,1,19,12,2,0,0,0,0
1279701,3,2021,2021,2,1,8,62,31,204,34609,0,1,1,-33.894128,150.929205,24,0,2,1,0,0,0,0,2,0,7,50,0,9859,9859,1,5,5,2,0,0,0,0
1279704,3,2021,2021,2,5,11,2261,17,204,2252,0,1,2,-33.88921,151.125425,32,0,2,1,2,0,0,0,0,0,7,60,2,4026,4026,8,0,40,1,0,0,0,0
1279709,3,2021,2021,2,1,10,10,31,111,34609,0,1,9,-33.695843,150.872138,7,0,2,1,3,0,0,0,0,0,7,50,0,1109,787,1,5,13,2,0,0,0,0
1279711,3,2021,2021,2,3,5,2209,17,24,2205,0,1,1,-36.230393,150.124004,23,2,1,1,3,0,0,0,2,0,7,50,2,237,162,8,0,40,1,0,0,0,0
1279722,3,2021,2021,2,0,6,149,10,136,702,0,1,2,-33.862463,151.067042,67,0,2,1,1,0,0,0,2,0,7,80,2,14295,14295,3,8,25,2,0,0,0,0
1279738,3,2021,2021,2,2,3,19,31,226,34609,0,1,2,-33.769737,150.823557,7,0,2,1,0,0,0,0,2,0,7,50,0,4026,4026,8,0,40,1,0,0,0,0
1279755,3,2022,2022,4,3,6,1052,14,87,928,0,1,3,-33.014097,151.489974,37,0,2,1,0,0,0,0,2,0,7,110,2,4026,4026,8,30,40,1,0,0,0,0
1279761,3,2021,2021,2,0,11,2126,17,90,2149,0,1,9,-33.807161,150.933871,21,0,2,1,2,0,0,0,0,2,7,80,2,395,395,1,29,5,2,0,0,0,0
1279762,3,2021,2021,2,2,6,105,17,251,136,0,1,10,-33.776727,150.933164,7,0,2,1,3,0,0,0,2,2,7,60,2,6545,6545,4,9,5,2,0,0,0,0
1279766,3,2021,2021,2,5,3,1,31,36,15,0,1,7,-33.89531,148.162683,51,2,1,1,3,0,0,0,2,0,0,50,1,775,775,4,0,19,2,0,0,0,0
1279769,3,2022,2022,4,2,0,2,27,8,34609,0,1,10,-32.749745,152.168699,57,2,1,1,1,0,0,0,0,0,7,50,0,4552,985,1,5,13,2,0,0,0,0
1279774,3,2021,2021,2,5,9,57,27,155,75,0,1,1,-33.482485,151.296728,16,2,2,0,3,0,0,0,2,0,7,80,1,4552,5151,8,10,40,1,0,0,0,0
1279775,3,2021,2021,2,5,5,50,27,125,51,0,1,7,-33.854125,151.077485,67,0,2,0,3,0,0,0,2,3,0,60,1,395,395,1,0,5,2,0,0,0,0
1279777,3,2021,2021,2,0,0,916,17,23,917,0,1,1,-31.672649,150.745944,51,1,0,0,3,0,0,0,0,0,7,100,2,273,957,5,34,40,1,0,0,0,0
1279778,3,2021,2021,2,5,7,11,31,34,2,0,1,1,-37.064245,149.905745,5,2,1,1,3,0,0,0,2,0,7,50,1,14295,14295,3,5,13,2,0,0,0,0
1279781,3,2021,2021,2,3,9,2,31,80,34609,0,1,1,-33.878969,151.168225,32,0,2,1,3,0,0,0,2,0,7,50,0,175,188,8,5,40,1,0,0,0,0
1279783,3,2021,2021,2,6,7,3,27,6,34609,0,1,1,-33.961556,147.420457,51,1,0,1,3,0,2,2,2,0,7,100,0,3775,3775,0,29,13,2,0,0,0,0
1279784,3,2021,2021,2,0,5,35,10,11,148,0,1,1,-34.182376,151.022072,80,0,2,1,3,0,0,0,2,0,7,60,2,9859,9859,8,0,40,1,0,0,0,0
1279788,3,2021,2021,2,0,8,153,27,290,147,0,1,1,-33.949966,151.125337,4,0,2,1,3,0,0,0,3,0,7,60,2,14295,14295,3,5,12,2,0,0,0,0
1279789,3,2021,2021,2,4,8,1,31,47,34609,0,1,2,-35.254004,149.439432,58,2,1,1,3,0,0,0,2,0,7,50,0,248,248,1,10,5,2,0,0,0,0
1279793,3,2021,2021,9,0,0,31,31,73,19,0,1,10,-33.87256,151.217838,69,0,2,1,2,0,3,0,0,2,9,50,2,6545,6545,4,5,5,2,0,0,0,0
1279796,3,2021,2021,2,5,3,344,27,7,382,0,1,1,-33.657579,150.795248,55,0,2,1,3,0,0,0,1,0,7,80,2,14295,14295,3,30,5,2,0,0,0,0
1279797,3,2021,2021,2,1,7,478,17,128,480,0,1,2,-33.427549,151.32512,16,2,2,1,3,0,0,0,2,3,7,70,2,1669,1669,3,5,25,2,0,0,0,0
1279800,3,2021,2021,2,0,11,251,14,139,124,0,1,3,-33.843261,151.211008,49,0,2,1,3,0,0,0,0,0,7,70,2,4026,4026,8,5,40,1,0,0,0,0
1279806,3,2021,2021,2,6,4,95,31,323,34609,0,1,7,-33.765199,150.99046,71,0,2,1,3,0,0,0,2,0,0,50,0,175,188,8,5,40,1,0,0,0,0
1279808,3,2021,2021,2,1,7,294,17,9,288,0,1,1,-35.09414,147.151056,75,1,0,1,3,0,0,0,2,0,7,100,2,14295,14295,3,30,0,2,0,0,0,0
1279809,3,2021,2021,2,5,4,15,27,278,24,0,1,1,-33.783028,151.045266,54,0,2,1,3,0,0,0,2,0,7,50,1,1981,1981,4,0,5,2,0,0,0,0
1279811,3,2021,2021,2,3,0,7,1,151,34609,0,1,1,-34.021165,150.855148,13,0,2,1,3,0,3,0,0,0,7,50,0,9859,9859,1,5,5,2,0,0,0,0
1279814,3,2021,2021,2,2,11,225,17,15,180,0,1,1,-34.579508,150.494729,78,1,0,0,3,0,3,3,0,0,7,100,2,1957,4009,8,0,40,1,0,0,0,0
1279815,3,2021,2021,2,4,3,251,27,62,212,0,1,2,-33.755011,151.263444,50,0,2,1,3,0,3,3,2,0,7,70,2,1282,1282,1,8,5,2,0,0,0,0
1279816,3,2021,2021,2,6,4,41,27,58,80,0,1,1,-32.983698,151.664731,37,0,2,1,3,0,0,0,2,0,7,60,1,14295,14295,3,30,5,2,0,0,0,0
1279818,3,2021,2021,2,1,4,17,10,39,34609,0,1,9,-32.879209,151.660617,48,0,2,0,3,0,0,0,2,0,7,50,0,1259,5151,8,10,40,1,0,0,0,0
1279819,3,2021,2021,2,5,3,36,27,438,34609,0,1,1,-33.872307,151.016934,21,0,2,1,3,0,3,0,4,0,7,50,0,1109,787,1,5,10,2,0,0,0,0
1279821,3,2021,2021,2,6,9,220,14,133,220,0,1,3,-34.488881,150.806779,80,0,2,0,3,0,3,4,0,0,7,100,2,1259,5151,8,5,40,1,0,0,0,0
1279826,3,2021,2021,2,5,6,104,31,28,34609,0,1,1,-34.016688,151.066648,68,0,2,1,3,0,0,0,2,0,7,50,0,3775,3775,0,5,5,2,0,0,0,0
1279827,3,2021,2021,2,5,6,33,27,27,40,0,1,10,-33.762641,151.295499,50,0,2,1,3,0,0,0,2,2,9,50,1,6545,6545,4,0,5,3,0,0,0,0
1279828,3,2021,2021,2,1,10,1052,14,21,928,0,1,3,-33.260026,151.403645,16,1,2,1,3,0,3,4,0,0,7,110,2,1192,1192,1,5,5,2,0,0,0,0
1279829,3,2021,2021,10,6,7,171,27,115,52,0,1,10,-33.915351,151.18472,69,0,2,1,3,0,3,4,2,2,7,60,1,14295,14295,3,5,12,4,0,0,0,0
1279830,3,2021,2021,2,1,6,2209,17,24,2205,0,1,7,-36.216781,150.128455,23,2,1,0,3,0,3,4,2,0,7,50,2,4552,5151,8,5,40,1,0,0,0,0
1279832,3,2021,2021,2,0,8,17,31,80,61,0,1,9,-33.817425,151.155374,38,0,2,1,3,0,0,0,2,0,7,50,1,9859,9859,1,5,0,2,0,0,0,0
1279833,3,2021,2021,2,6,7,916,17,165,917,0,1,2,-32.263449,150.888796,46,2,1,1,3,0,0,0,2,0,7,50,2,14295,14295,3,10,5,4,0,0,0,0
1279835,3,2021,2021,2,6,5,177,22,49,176,0,1,9,-34.048778,151.143463,68,0,2,1,3,0,3,3,2,2,7,70,2,14295,14295,3,5,12,2,0,0,0,0
1279836,3,2021,2021,2,0,7,109,27,137,105,0,1,9,-33.895601,150.908619,24,0,2,1,3,0,0,0,2,0,15,60,2,6545,6545,4,5,5,2,0,0,0,0
1279837,3,2021,2021,2,5,11,1,18,179,34609,0,1,9,-31.149557,150.954134,70,1,0,1,3,2,0,0,0,0,0,100,0,2585,777,8,5,40,1,0,0,0,0
1279847,3,2021,2021,2,3,5,2261,17,30,2252,0,1,9,-34.814198,148.428588,30,1,0,1,3,0,0,0,2,0,0,110,2,1109,397,1,0,5,2,0,0,0,0
1279855,3,2021,2021,2,3,2,14,31,223,34609,0,1,1,-33.79535,150.908623,7,0,2,1,2,0,3,0,0,0,7,50,0,9859,9859,1,10,10,2,0,0,0,0
1279868,3,2021,2021,10,5,11,2,31,198,34609,0,1,2,-33.913769,151.107383,15,0,2,1,3,0,0,0,0,0,7,50,0,175,188,1,10,5,2,0,0,0,0
1279877,3,2021,2021,9,0,10,11,18,207,34609,0,1,1,-31.943985,141.46873,51,2,1,1,2,0,0,3,0,0,7,50,0,9859,9859,8,5,40,1,0,0,0,0
1279878,3,2021,2021,10,6,6,225,17,32,180,0,1,1,-34.562225,150.626464,78,2,1,0,3,0,3,4,2,0,7,80,2,3775,3775,0,0,5,3,0,0,0,0
1279884,3,2021,2021,2,6,7,48,31,176,34609,0,1,1,-33.964941,151.13353,25,0,2,1,3,0,0,0,2,0,7,40,0,9859,9859,1,0,5,2,0,0,0,0
1279887,3,2022,2022,4,6,6,26,31,363,34609,0,1,7,-33.760414,150.700686,55,0,2,1,3,0,3,3,2,0,0,50,0,6545,6545,4,0,5,2,0,0,0,0
1279888,3,2021,2021,2,4,10,2126,17,125,2149,0,1,9,-33.862819,151.079634,67,0,2,1,3,0,0,0,0,2,7,60,2,2852,2852,4,5,5,2,0,0,0,0
1279889,3,2022,2022,4,5,3,222,27,14,40,0,1,10,-33.611809,150.904352,29,2,2,1,3,0,0,3,2,0,7,80,2,5929,5929,1,10,5,2,0,0,0,0
1279890,3,2022,2022,4,6,6,500,27,293,799,0,1,9,-33.931695,151.06009,15,0,2,1,3,0,3,3,2,2,7,60,2,775,775,4,5,5,2,0,0,0,0
1279891,3,2022,2022,4,5,4,15,31,166,34609,0,1,1,-33.422169,149.579803,3,2,1,1,3,0,0,0,2,0,7,50,0,248,248,1,0,5,2,0,0,0,0
1279898,3,2022,2022,4,1,5,36,27,30,36,0,1,7,-34.02904,150.81815,13,0,2,1,3,0,0,0,2,0,0,50,1,5929,5929,1,16,5,2,0,0,0,0
1279899,3,2022,2022,4,1,7,150,27,173,415,0,1,2,-33.780175,151.133665,61,0,2,1,3,0,0,0,2,0,7,70,2,14295,14295,3,21,36,2,0,0,0,0
1279900,3,2021,2021,2,0,9,2209,17,273,2205,0,1,1,-34.425249,150.885012,80,0,2,1,3,0,0,0,2,0,7,50,2,9859,9859,1,5,5,3,0,0,0,0
1279908,3,2021,2021,2,0,4,2261,17,284,2252,0,1,9,-33.90723,151.022781,15,0,2,1,1,0,0,0,2,0,7,60,2,9859,9859,1,33,5,2,0,0,0,0
1279910,3,2021,2021,10,2,5,1,31,157,34609,0,1,1,-33.795977,151.001044,54,0,2,1,1,0,0,0,2,0,7,60,0,9859,9859,1,5,5,3,0,0,0,0
1279912,3,2021,2021,9,2,11,13,7,96,34609,0,1,1,-33.363886,148.004877,51,2,1,1,2,0,0,0,0,0,7,50,0,4026,4026,8,5,40,1,0,0,0,0
1279916,3,2021,2021,2,6,4,26,18,132,34609,0,1,9,-29.754861,151.08596,33,2,1,1,3,0,0,0,2,0,7,80,0,9859,9859,8,30,40,1,0,0,0,0
1279918,3,2021,2021,2,0,6,13,10,74,12,0,1,9,-33.729408,151.031426,31,0,2,1,3,0,0,0,2,2,7,60,1,5929,5929,1,0,5,2,0,0,0,0
1279919,3,2021,2021,2,1,7,56,27,323,38,0,1,1,-33.760761,150.968573,71,0,2,0,3,0,0,0,2,0,7,60,1,1957,4009,1,5,13,2,0,0,0,0
1279920,3,2021,2021,2,2,10,35,31,95,34609,0,1,1,-34.393601,150.900349,80,0,2,1,3,0,0,0,0,0,7,50,0,4026,4026,1,5,5,2,0,0,0,0
1279921,3,2021,2021,2,3,5,147,27,102,34609,0,1,1,-33.972997,151.22734,59,0,2,1,3,0,0,0,2,0,7,50,0,144,144,1,5,0,2,0,0,0,0
1279923,3,2021,2021,2,0,8,2,1,68,34609,0,1,1,-33.874975,151.246082,81,0,2,1,3,0,0,0,2,0,7,50,0,941,941,1,0,40,2,0,0,0,0
1279924,3,2021,2021,2,3,8,15,27,112,70,0,1,1,-33.689451,151.015613,71,0,2,1,3,0,0,3,2,0,7,50,1,14295,14295,3,5,5,2,0,0,0,0
1279929,3,2021,2021,2,1,6,3,27,323,34609,1,0,1,-33.759994,150.981179,71,0,2,1,3,0,0,0,2,0,7,50,0,3775,3775,0,5,0,2,0,0,0,0
1279930,3,2021,2021,2,4,2,165,31,50,34609,0,1,1,-33.624929,151.328851,50,0,2,1,3,0,0,0,1,0,7,50,0,4026,4026,1,10,3,3,0,0,0,0
1279931,3,2021,2021,2,5,8,84,27,61,415,0,1,9,-33.773305,151.135386,36,0,2,1,3,0,0,0,2,2,7,70,2,6545,6545,4,5,5,2,0,0,0,0
1279935,3,2021,2021,9,2,8,25,23,89,34609,0,1,1,-28.215891,153.545505,72,2,1,1,3,0,0,0,2,0,7,50,0,9859,9859,1,10,12,2,0,0,0,0
1279941,3,2021,2021,2,6,0,213,17,113,213,0,1,1,-29.458702,149.841873,51,2,1,0,3,0,3,4,0,0,7,50,2,4552,5151,8,10,40,1,0,0,0,0
1279943,3,2021,2021,2,1,5,9,22,108,237,0,1,3,-33.812656,151.180736,77,0,2,1,3,0,0,0,2,0,7,80,2,84,84,8,8,40,1,0,0,0,0
1279950,3,2021,2021,2,0,10,3,31,207,34609,0,1,10,-31.949483,141.455446,51,2,1,1,0,0,0,0,0,0,7,50,0,1282,1282,1,5,40,1,0,0,0,0
1279952,3,2021,2021,2,6,9,1104,14,460,962,0,1,3,-33.82541,150.990741,21,0,2,1,1,0,0,0,2,0,7,90,2,1383,1383,1,33,36,2,0,0,0,0
1279955,3,2021,2021,2,1,7,40,27,609,24,0,1,1,-33.772847,150.900183,7,0,2,1,1,0,0,0,2,0,7,50,1,14295,14295,3,5,5,2,0,0,0,0
1279961,3,2021,2021,9,3,0,2261,17,284,2252,0,1,2,-33.906959,151.018862,15,0,2,1,2,0,3,0,0,0,7,70,2,9859,9859,8,0,40,1,0,0,0,0
1279970,3,2021,2021,2,2,5,149,27,38,198,0,1,2,-34.054036,150.972267,68,0,2,1,3,0,0,0,2,0,7,70,2,14295,14295,3,0,5,2,0,0,0,0
1279973,3,2021,2021,2,4,6,23,31,72,44,1,0,9,-33.821992,151.232053,49,0,2,1,3,0,0,0,2,0,7,50,1,5929,5929,1,10,5,2,0,0,0,0
1279974,3,2021,2021,2,1,7,294,17,5,288,0,1,1,-34.231832,142.248748,51,1,0,1,3,0,0,0,2,0,7,100,2,9859,9859,8,0,40,1,0,0,0,0
1279975,3,2021,2021,2,2,7,1,7,27,34609,0,1,9,-33.715114,150.452736,8,2,2,1,3,0,0,0,2,0,0,50,0,2852,2852,4,0,5,2,0,0,0,0
1279977,3,2021,2021,2,6,9,38,31,246,64,0,1,10,-33.911546,151.197559,69,0,2,1,3,0,0,0,3,2,7,60,2,1383,1383,1,5,0,3,0,0,0,0
1279978,3,2021,2021,2,3,10,41,27,58,80,0,1,9,-32.982036,151.668669,37,0,2,0,3,0,3,4,0,2,7,60,1,5929,5929,1,5,0,2,0,0,0,0
1279993,3,2021,2021,10,6,2,866,17,77,793,0,1,9,-33.726203,151.084091,31,0,2,0,2,0,3,4,1,2,7,70,2,2852,2852,4,5,12,2,0,0,0,0
1279996,3,2021,2021,9,1,4,1,5,101,34609,0,1,10,-32.908775,151.616768,37,0,2,1,1,0,0,3,2,0,0,50,0,6545,6545,4,5,0,2,0,0,0,0
1280006,3,2021,2021,2,2,1,2209,17,137,2205,0,1,2,-34.049614,151.051763,68,0,2,0,2,0,0,0,0,0,7,80,2,1957,4009,8,5,40,1,0,0,0,0
1280007,3,2021,2021,2,4,6,8,31,70,480,0,1,10,-33.439406,151.35649,16,2,2,1,1,0,0,0,2,0,15,60,2,4552,985,1,33,5,3,0,0,0,0
1280011,3,2021,2021,2,6,4,255,27,71,166,1,0,10,-33.266851,151.549576,16,2,2,1,3,0,0,0,2,2,7,50,2,775,775,4,5,5,2,0,0,0,0
1280013,3,2022,2022,4,5,6,3371,17,77,3342,0,1,9,-33.040113,151.658198,37,0,2,1,3,0,0,0,2,0,0,60,2,2852,2852,4,5,0,2,0,0,0,0
1280014,3,2022,2022,4,6,5,27,27,9,35,0,1,1,-28.390024,152.622634,51,2,1,0,3,0,3,4,2,0,7,80,1,380,714,5,0,40,1,0,0,0,0
1280018,3,2021,2021,2,6,9,2209,17,37,2205,0,1,2,-34.640615,150.832546,35,1,0,0,3,0,0,0,4,0,7,100,2,1282,1282,1,8,5,2,0,0,0,0
1280020,3,2022,2022,4,4,5,29,31,5,34609,0,1,1,-30.244086,151.670052,1,2,1,1,3,0,0,0,2,0,7,50,0,395,395,1,0,13,2,0,0,0,0
1280021,3,2022,2022,4,1,7,2261,17,35,2252,0,1,3,-34.318252,150.580949,78,1,0,0,3,0,0,0,2,0,7,110,2,1391,1391,1,5,5,2,0,0,0,0
1280025,3,2022,2022,4,2,7,2,27,8,34609,0,1,1,-36.655821,149.915038,5,1,0,0,3,2,0,0,2,0,7,100,0,404,404,8,5,40,1,0,0,0,0
1280026,3,2022,2022,4,3,3,103,36,1,157,0,1,1,-28.408025,152.738273,51,1,0,1,3,0,3,4,2,0,7,100,2,945,945,5,10,40,1,0,0,0,0
1280034,3,2021,2021,2,1,2,44,31,253,34609,0,1,1,-33.954608,151.092437,25,0,2,1,2,0,0,0,0,0,7,50,0,9859,9859,1,0,25,2,0,0,0,0
1280036,3,2021,2021,2,6,4,11,10,134,181,0,1,2,-33.890875,151.253045,76,0,2,0,1,0,0,0,2,0,7,50,2,1282,1282,1,33,36,2,0,0,0,0
1280062,3,2021,2021,2,4,1,478,17,70,480,0,1,2,-33.437817,151.353627,16,2,2,0,3,0,3,4,0,0,7,60,2,1259,5151,8,5,40,1,0,0,0,0
1280064,3,2021,2021,2,6,6,90,31,112,165,0,1,10,-33.903911,151.214125,69,0,2,1,3,0,0,0,2,2,7,60,2,1391,1391,1,0,0,2,0,0,0,0
1280067,3,2021,2021,2,1,8,330,27,18,26,0,1,9,-33.65528,151.293061,50,0,2,1,3,0,0,0,3,0,15,50,1,489,489,8,8,40,1,0,0,0,0
1280068,3,2021,2021,2,4,10,6,27,74,34609,0,1,9,-34.050714,150.758894,12,0,2,1,3,0,0,0,0,0,7,50,0,6545,6545,4,5,5,2,0,0,0,0
1280072,3,2021,2021,2,1,5,3371,17,39,3342,0,1,9,-33.244284,151.494908,16,2,2,1,3,0,0,0,2,0,15,70,2,1282,1282,1,30,40,2,0,0,0,0
1280073,3,2021,2021,2,1,7,102,31,107,53,0,1,0,-33.879462,151.19595,69,0,2,1,3,0,0,0,2,0,7,50,2,1383,1383,1,9,5,2,0,0,0,0
1280074,3,2021,2021,2,6,10,3,31,112,34609,0,1,1,-33.91208,150.925277,41,0,2,1,1,0,0,0,2,0,7,50,0,1282,1282,1,33,5,2,0,0,0,0
1280075,3,2021,2021,2,3,7,294,17,10,288,0,1,1,-34.182354,142.17396,51,2,1,1,0,0,0,0,2,0,7,60,2,14295,14295,3,5,13,2,0,0,0,0
1280077,3,2021,2021,2,6,7,19,27,18,34609,0,1,7,-34.052949,151.140336,68,0,2,1,3,0,3,0,2,0,0,50,0,6545,6545,4,30,5,2,0,0,0,0
1280084,3,2021,2021,2,4,7,177,22,49,176,0,1,2,-34.046785,151.135682,68,0,2,1,0,0,0,0,2,0,7,70,2,1383,1383,1,5,5,4,0,0,0,0
1280094,3,2021,2021,2,4,5,4,31,108,34609,0,1,1,-33.308208,151.408716,16,2,2,1,3,0,0,0,2,0,15,50,0,1981,1981,4,5,0,2,0,0,0,0
1280104,3,2021,2021,9,0,8,126,1,226,144,0,1,9,-33.777052,150.814974,7,0,2,1,1,0,0,0,2,0,7,60,2,775,775,4,0,5,2,0,0,0,0
1280105,3,2021,2021,2,2,5,2261,17,243,2252,0,1,2,-33.939797,150.912806,41,0,2,1,3,0,0,0,2,0,7,70,2,1383,1383,1,5,5,2,0,0,0,0
1280108,3,2021,2021,2,4,8,1,31,204,34609,0,1,10,-33.942071,151.14617,4,0,2,1,3,0,0,0,2,0,0,50,0,6545,6545,4,5,5,2,0,0,0,0
1280110,3,2021,2021,2,6,3,154,27,55,244,0,1,9,-33.902829,151.082628,15,0,2,1,3,0,3,4,1,0,15,60,2,5929,5929,1,10,13,2,0,0,0,0
1280111,3,2021,2021,2,0,7,20,27,17,34609,0,1,9,-31.878648,152.673172,43,2,1,1,3,0,0,0,2,0,15,50,0,217,217,1,0,5,2,0,0,0,0
1280112,3,2021,2021,2,0,6,82,31,363,369,1,0,10,-33.754263,150.712645,55,0,2,1,3,0,3,0,2,2,7,70,2,6545,6545,4,0,36,2,0,0,0,0
1280116,3,2021,2021,2,5,9,112,17,207,112,0,1,1,-31.906856,141.618108,51,1,0,0,3,0,0,0,3,0,7,110,2,273,957,5,0,40,1,0,0,0,0
1280117,3,2021,2021,2,1,5,2261,17,140,2252,0,1,2,-33.902024,150.999717,15,0,2,1,3,0,0,0,2,0,7,70,2,1383,1383,1,9,0,2,0,0,0,0
1280119,3,2021,2021,2,3,1,9,10,67,34609,0,1,1,-33.706037,150.90191,7,0,2,1,2,0,0,0,0,0,7,50,0,9859,9859,1,10,5,4,0,0,0,0
1280132,3,2021,2021,10,2,0,27,36,15,27,0,1,1,-31.991406,149.586483,51,1,0,1,0,0,0,0,0,0,7,100,1,945,945,5,0,40,1,0,0,0,0
1280136,3,2021,2021,2,1,8,293,31,532,55,0,1,9,-33.862,151.213058,69,0,2,1,3,0,0,0,2,0,7,40,1,2852,2852,4,5,0,2,0,0,0,0
1280140,3,2021,2021,2,0,7,478,17,78,480,0,1,7,-33.422679,151.438907,16,2,2,0,0,0,3,3,2,0,0,60,2,6545,6545,4,5,36,2,0,0,0,0
1280146,3,2021,2021,2,2,2,104,27,387,140,0,1,10,-33.920825,151.191757,4,0,2,1,3,0,0,0,1,2,7,60,2,4026,4026,8,9,40,1,0,0,0,0
1280147,3,2021,2021,2,6,1,27,36,29,27,0,1,1,-31.739672,149.70354,51,1,0,1,3,0,3,4,0,0,7,100,1,475,475,5,0,40,1,0,0,0,0
1280148,3,2021,2021,2,6,11,103,27,62,256,0,1,9,-34.094779,150.804847,13,0,2,1,2,0,0,0,0,2,7,80,2,5929,5929,1,5,13,2,0,0,0,0
1280152,3,2022,2022,4,5,4,109,27,95,382,0,1,1,-33.740783,150.843407,7,0,2,1,3,0,0,0,2,0,7,60,2,14295,14295,3,5,0,3,0,0,0,0
1280153,3,2021,2021,2,0,7,2209,17,201,2205,0,1,10,-34.878969,150.604667,63,2,1,1,3,0,0,0,2,2,7,70,2,5929,5929,1,10,5,2,0,0,0,0
1280154,3,2021,2021,2,4,8,117,1,210,121,0,1,9,-34.038856,151.092116,68,0,2,0,3,0,0,0,2,0,7,60,1,63,63,4,5,5,2,0,0,0,0
1280157,3,2021,2021,2,1,5,42,31,169,34609,0,1,10,-33.763865,150.835443,7,0,2,1,3,0,0,0,2,0,15,50,0,6545,6545,4,5,5,2,0,0,0,0
1280158,3,2022,2022,4,4,5,11,31,85,34609,1,0,2,-33.786716,150.670518,55,0,2,1,3,0,3,4,2,0,7,50,0,9859,9859,1,5,5,2,0,0,0,0
1280160,3,2021,2021,2,0,11,25,31,57,34609,0,1,10,-34.672109,150.853189,35,2,1,1,3,0,0,0,0,0,7,50,0,4026,4026,1,5,36,2,0,0,0,0
1280169,3,2021,2021,2,2,2,25,31,23,55,0,1,9,-33.82028,150.990769,21,0,2,1,2,0,0,0,0,0,0,50,1,4026,4026,8,5,40,1,0,0,0,0
1280176,3,2021,2021,2,0,5,2126,17,60,2149,1,0,1,-33.638312,150.285103,8,2,2,1,0,0,0,0,2,0,7,60,2,14295,14295,3,5,0,2,0,0,0,0
1280178,3,2021,2021,2,4,5,515,14,189,518,0,1,3,-33.941805,151.046347,15,0,2,1,0,0,0,0,2,0,7,100,2,404,404,8,5,40,1,0,0,0,0
1280184,3,2022,2022,4,6,7,158,27,138,207,0,1,1,-33.871969,151.257013,81,0,2,1,1,0,3,4,2,0,7,60,2,9859,9859,1,9,3,2,0,0,0,0
1280185,3,2021,2021,2,4,7,101,10,239,35,0,1,10,-34.032148,151.121928,68,0,2,1,3,0,0,0,2,0,0,60,2,14295,14295,3,5,0,3,0,0,0,0
1280188,3,2021,2021,9,1,4,100,31,179,34609,0,1,1,-33.762664,150.734896,55,0,2,1,1,0,0,0,2,0,7,50,0,14295,14295,3,0,0,2,0,0,0,0
1280191,3,2021,2021,2,6,7,1104,14,223,962,0,1,3,-33.805705,150.918029,7,0,2,1,3,0,0,0,2,0,7,100,2,14295,14295,3,5,5,3,0,0,0,0