Crash ID,Degree of crash - detailed,Reporting year,Year of crash,Month of crash,Day of week of crash,Two-hour intervals,Street of crash,Street type,Town,Route no.,School zone location,School zone active,Type of location,Latitude,Longitude,LGA,Urbanisation,Conurbation 1,Alignment,Street lighting,Road surface,Surface condition,Weather,Natural lighting,Signals operation,Other traffic control,Speed limit,Road classification,RUM - code,DCA - code,First impact type,Key TU type,Other TU type,No. of traffic units involved,No. killed,No. seriously injured,No. moderately injured,No. minor-other injured
1280196,3,2021,2021,2,6,4,1,25,31,34609,0,1,9,-33.924282,150.891922,41,0,2,1,1,0,0,3,2,0,7,50,0,1109,787,1,0,5,2,0,0,0,0
1280197,3,2021,2021,2,2,6,1,27,3,34609,0,1,1,-34.623231,148.23823,30,1,0,1,3,2,0,0,2,0,7,100,0,1945,1945,5,33,40,1,0,0,0,0
1280201,3,2021,2021,9,5,0,3,31,77,34609,0,1,1,-33.868064,150.939841,24,0,2,1,2,0,0,0,0,0,7,50,0,9859,9859,1,10,5,3,0,0,0,0
1280204,3,2021,2021,10,4,8,220,14,11,220,0,1,3,-34.193017,150.966416,80,0,2,1,0,0,0,0,2,0,7,110,2,14295,14295,3,30,25,2,0,0,0,0
1280205,3,2021,2021,2,2,0,22,31,463,34609,1,0,1,-30.283989,153.111495,19,2,1,1,2,0,0,0,0,0,7,50,0,204,204,1,10,0,2,0,0,0,0
1280217,3,2021,2021,2,2,11,294,17,11,288,0,1,1,-35.192626,147.7497,75,1,0,0,0,0,0,0,0,0,7,100,2,1259,5151,8,5,40,1,0,0,0,0
1280218,3,2021,2021,2,6,8,2126,17,147,2149,0,1,2,-33.870687,151.116888,14,0,2,1,1,0,0,0,2,0,7,60,2,9859,9859,8,5,40,1,0,0,0,0
1280233,3,2021,2021,2,0,8,32,27,609,34609,0,1,1,-33.782508,150.893499,7,0,2,1,1,0,0,0,2,0,7,50,0,9859,9859,1,30,5,2,0,0,0,0
1280234,3,2021,2021,9,1,0,76,24,164,154,0,1,2,-33.72767,150.881316,7,0,2,1,2,0,3,4,0,0,7,70,1,475,475,5,34,40,1,0,0,0,0
1280248,3,2021,2021,2,3,11,39,27,8,29,0,1,1,-32.0742,149.897534,73,1,0,1,3,0,0,0,0,0,7,100,1,204,204,1,10,5,2,0,0,0,0
1280250,3,2021,2021,2,0,3,36,31,314,38,0,1,10,-33.84682,150.923059,24,0,2,1,3,0,0,0,1,0,7,60,2,1192,1192,1,5,5,2,0,0,0,0
1280251,3,2021,2021,2,1,8,230,27,197,284,0,1,2,-33.796093,151.136545,61,0,2,1,3,0,3,4,2,0,7,70,2,14295,14295,3,5,5,2,0,0,0,0
1280256,3,2021,2021,2,6,7,60,10,121,84,0,1,9,-28.200057,153.543854,72,2,1,1,3,0,0,0,2,1,7,60,1,1981,1981,4,30,12,2,0,0,0,0
1280258,3,2021,2021,2,6,7,133,31,96,212,0,1,10,-35.3544,149.232058,58,2,1,1,3,0,0,0,2,3,7,50,2,9859,9859,1,0,0,2,0,0,0,0
1280260,3,2021,2021,2,3,6,2,27,2,34609,0,1,1,-35.401279,147.464974,75,1,0,1,3,2,0,0,2,0,7,100,0,3775,3775,0,34,13,2,0,0,0,0
1280261,3,2021,2021,2,6,7,12,31,56,34609,0,1,1,-31.090638,152.836338,34,2,1,1,3,0,0,3,2,0,7,50,0,1669,1669,3,0,5,2,0,0,0,0
1280262,3,2021,2021,2,1,7,2,31,72,34609,0,1,10,-33.853664,151.089714,14,0,2,1,3,0,0,0,2,0,0,50,0,5929,5929,1,5,0,2,0,0,0,0
1280268,3,2021,2021,2,4,5,76,24,164,154,0,1,10,-33.730871,150.877733,7,0,2,1,3,0,0,0,2,2,7,70,1,5929,5929,1,5,0,2,0,0,0,0
1280269,3,2021,2021,2,5,5,1052,14,207,928,0,1,3,-33.556495,151.192492,31,0,2,0,3,0,3,4,2,0,7,110,2,14295,14295,3,0,0,2,0,0,0,0
1280270,3,2021,2021,2,0,6,92,27,143,34609,0,1,1,-33.873425,151.104478,9,0,2,1,3,0,0,0,2,0,7,40,0,1391,1391,1,19,5,2,0,0,0,0
1280271,3,2021,2021,2,4,3,39,22,65,34609,0,1,1,-33.389821,151.40819,16,2,2,0,3,0,3,4,2,0,7,60,0,1957,4009,8,5,40,1,0,0,0,0
1280272,3,2021,2021,2,6,4,20,31,150,140,1,0,1,-33.925404,151.237659,59,0,2,1,3,0,0,0,2,0,7,50,2,1109,397,1,5,5,2,0,0,0,0
1280273,3,2021,2021,2,3,9,97,17,17,88,0,1,2,-34.842559,149.560954,26,1,0,0,3,0,3,4,3,0,7,110,2,2585,4009,8,0,40,1,0,0,0,0
1280276,3,2021,2021,2,2,6,5,1,43,34609,0,1,1,-33.217913,151.520894,16,2,2,1,1,0,0,0,2,0,7,50,0,9859,9859,8,5,40,1,0,0,0,0
1280282,3,2021,2021,2,1,8,220,14,133,220,0,1,3,-34.495736,150.800274,80,0,2,1,0,0,0,0,2,0,7,100,2,101,101,8,5,40,2,0,0,0,0
1280284,3,2021,2021,2,5,10,49,31,283,34609,0,1,1,-33.831364,151.01502,54,0,2,1,2,0,0,0,0,0,7,50,0,9859,9859,1,5,0,4,0,0,0,0
1280287,3,2021,2021,2,6,11,40,27,609,24,0,1,10,-33.771977,150.891949,7,0,2,1,3,0,0,0,0,2,7,50,1,1282,1282,1,0,5,2,0,0,0,0
1280299,3,2021,2021,2,0,2,2261,17,204,2252,0,1,9,-33.898517,150.949187,24,0,2,0,2,0,0,0,0,2,7,70,2,775,775,4,0,5,2,0,0,0,0
1280301,3,2021,2021,2,4,10,60,23,42,34609,0,1,2,-33.659909,151.308204,50,0,2,1,2,0,0,0,0,0,7,50,0,220,220,1,10,0,2,0,0,0,0
1280306,3,2021,2021,9,1,5,7,27,18,34609,0,1,1,-33.340188,149.007671,11,2,1,0,0,0,0,3,2,0,7,50,0,3775,3775,0,10,5,2,0,0,0,0
1280308,3,2021,2021,9,0,6,11,10,74,34609,1,0,1,-34.057335,150.762187,12,0,2,1,1,0,3,4,2,0,7,50,0,1669,1669,3,0,0,2,0,0,0,0
1280309,3,2021,2021,9,4,5,6,31,39,42,0,1,1,-31.079911,152.830124,34,2,1,1,0,0,0,0,2,0,7,40,2,1669,1669,3,0,5,4,0,0,0,0
1280310,3,2021,2021,9,1,6,5,1,130,34609,0,1,1,-34.458692,150.856132,80,0,2,1,0,0,0,0,2,0,7,60,0,591,591,1,16,13,2,0,0,0,0
1280335,3,2021,2021,2,3,2,55,31,140,2252,1,0,9,-33.904506,151.005319,15,0,2,1,0,0,3,0,0,0,7,70,2,2585,777,1,5,0,2,0,0,0,0
1280346,3,2021,2021,2,5,5,26,31,646,118,0,1,9,-33.914196,151.031891,15,0,2,1,3,0,0,0,2,2,7,60,1,14295,14295,3,0,5,2,0,0,0,0
1280359,3,2021,2021,2,1,6,133,17,12,121,0,1,1,-36.585313,149.317926,65,1,0,1,3,0,0,0,2,0,7,100,2,9859,9859,8,30,40,1,0,0,0,0
1280360,3,2021,2021,2,2,9,6,27,3,41,0,1,1,-35.081498,148.026749,20,1,0,1,3,0,3,3,0,0,7,100,1,1945,1945,5,5,40,1,0,0,0,0
1280364,3,2021,2021,2,0,9,8,27,13,34609,0,1,9,-33.29023,150.233124,40,1,0,0,3,2,0,0,4,0,7,100,0,1850,1463,5,30,40,1,0,0,0,0
1280366,3,2021,2021,2,0,4,78,17,34,75,0,1,2,-33.859489,151.206183,69,0,2,1,3,0,0,0,2,0,7,70,2,1192,1192,1,5,12,3,0,0,0,0
1280370,3,2021,2021,2,0,7,19,31,163,34609,0,1,9,-33.847791,151.108425,14,0,2,1,3,0,0,0,2,0,7,50,0,84,84,8,8,40,1,0,0,0,0
1280372,3,2022,2022,4,1,7,25,27,8,260,0,1,9,-32.982194,151.603366,37,0,2,1,3,0,0,0,2,2,7,80,2,14295,14295,3,0,5,2,0,0,0,0
1280373,3,2021,2021,2,4,10,89,27,6,228,0,1,1,-33.161371,151.072778,29,2,2,0,3,2,0,3,0,0,7,50,1,1957,4009,8,0,40,1,0,0,0,0
1280375,3,2022,2022,4,2,0,6,10,9,34609,0,1,1,-33.773567,150.729992,55,0,2,0,2,0,0,0,0,0,7,50,0,2585,4009,1,5,5,2,0,0,0,0
1280376,3,2021,2021,2,1,3,19,27,5,34609,0,1,1,-34.907938,150.729117,63,2,1,1,1,0,0,0,2,0,7,50,0,945,945,5,5,40,1,0,0,0,0
1280378,3,2021,2021,2,1,9,45,31,11,102,0,1,9,-34.672277,148.624665,82,2,1,1,3,0,0,0,0,0,0,60,2,2585,777,8,0,40,1,0,0,0,0
1280379,3,2022,2022,4,3,9,42,36,3,34609,0,1,1,-36.606686,148.489161,65,1,0,0,3,2,0,3,3,0,7,100,0,418,714,5,5,40,1,0,0,0,0
1280382,3,2021,2021,9,5,1,1052,14,17,928,0,1,3,-32.837424,151.634865,48,0,2,0,3,0,3,3,0,0,7,110,2,204,204,1,29,5,2,0,0,0,0
1280383,3,2021,2021,2,5,6,11,31,11,34609,0,1,9,-33.891078,151.102104,9,0,2,1,1,0,0,0,2,0,7,50,0,175,188,1,9,5,2,0,0,0,0
1280388,3,2021,2021,2,0,7,175,27,609,220,0,1,10,-33.763714,150.913162,7,0,2,1,1,0,0,0,2,2,7,60,2,5929,5929,1,0,40,2,0,0,0,0
1280393,3,2021,2021,2,5,1,1,31,207,34609,0,1,9,-31.943203,141.444289,51,2,1,1,0,0,0,0,0,0,7,50,0,1259,985,8,5,40,1,0,0,0,0
1280401,3,2021,2021,2,6,6,9,27,232,34609,0,1,2,-33.683914,150.917181,71,0,2,1,0,0,0,0,2,0,7,60,0,14295,14295,3,5,5,4,0,0,0,0
1280404,3,2021,2021,2,0,10,3,1,22,34609,1,0,1,-34.531851,150.866881,80,0,2,1,2,0,0,0,0,0,7,50,0,9859,9859,1,5,36,2,0,0,0,0
1280412,3,2021,2021,2,6,11,72,14,532,71,0,1,3,-33.868072,151.218064,69,0,2,0,2,0,3,4,0,0,7,80,2,4552,5151,8,5,40,1,0,0,0,0
1280417,3,2021,2021,2,0,4,251,14,139,124,0,1,3,-33.832009,151.212413,49,0,2,1,1,0,0,0,2,0,7,80,2,404,404,8,0,40,1,0,0,0,0
1280441,3,2021,2021,2,6,11,3,31,67,34609,0,1,1,-33.39312,151.340376,16,2,2,1,2,0,0,0,0,0,7,50,0,4026,4026,1,5,36,3,0,0,0,0
1280450,3,2021,2021,10,6,8,2,31,246,321,1,0,9,-33.903493,151.20204,69,0,2,1,1,0,0,0,2,2,7,50,2,4026,4026,8,5,40,1,0,0,0,0
1280460,3,2021,2021,2,6,8,512,17,21,441,0,1,1,-31.487263,147.110239,51,1,0,1,0,0,0,0,2,0,7,110,2,475,475,5,10,40,1,0,0,0,0
1280466,3,2021,2021,9,5,1,84,1,80,139,0,1,7,-34.555762,146.410399,51,2,1,1,2,0,0,0,0,0,0,50,2,9859,9859,8,5,40,1,0,0,0,0
1280478,3,2021,2021,10,2,0,1,1,251,34609,0,1,1,-33.769477,150.921395,7,0,2,1,1,0,0,0,0,0,7,50,0,4026,4026,1,9,13,2,0,0,0,0
1280516,3,2021,2021,10,2,11,5,31,215,34609,0,1,1,-35.118205,147.367437,75,2,1,1,2,0,0,0,0,0,7,50,0,1282,1282,1,10,13,2,0,0,0,0
1280519,3,2021,2021,11,4,10,90,36,7,102,0,1,1,-34.58449,148.451607,30,1,0,1,3,0,3,4,0,0,7,100,2,945,945,5,29,40,1,0,0,0,0
1280526,3,2021,2021,2,0,10,204,31,169,99,0,1,9,-33.900811,151.209758,69,0,2,1,2,0,0,0,0,2,7,50,2,1669,1669,3,5,5,2,0,0,0,0
1280541,3,2021,2021,2,0,7,12,27,159,34609,1,2,1,-33.811219,151.090877,61,0,2,1,0,0,0,0,2,0,7,40,0,4026,4026,1,5,36,2,0,0,0,0
1280542,3,2021,2021,10,1,3,11,27,54,34609,0,1,1,-33.703474,151.002782,71,0,2,0,0,0,0,0,1,0,7,50,0,1957,4009,8,0,40,1,0,0,0,0
1280543,3,2021,2021,2,5,7,42,10,65,39,0,1,9,-34.491889,150.877294,80,0,2,1,1,0,0,0,2,0,15,60,1,5929,5929,1,10,5,2,0,0,0,0
1280551,3,2021,2021,2,4,7,225,17,50,180,0,1,9,-34.565773,150.662398,62,0,2,0,0,0,0,0,2,0,7,60,2,380,714,5,10,40,1,0,0,0,0
1280558,3,2021,2021,2,0,11,15,27,14,46,0,1,1,-34.923148,150.684269,63,1,0,0,3,0,0,0,0,0,7,100,2,1089,1089,7,5,40,1,0,0,0,0
1280560,3,2021,2021,2,0,11,19,10,15,34609,0,1,1,-34.569083,150.830355,62,0,2,1,2,0,0,0,0,0,7,50,0,9859,9859,1,0,5,2,0,0,0,0
1280562,3,2021,2021,2,1,3,8,31,36,34609,0,1,1,-33.881878,151.179593,69,0,2,1,1,0,0,0,2,0,7,50,0,1282,1282,1,10,5,2,0,0,0,0
1280566,3,2021,2021,2,5,5,1052,14,149,928,0,1,3,-33.359558,151.339789,16,1,2,1,0,0,0,0,2,0,7,110,2,1282,1282,1,29,0,2,0,0,0,0
1280568,3,2021,2021,9,3,1,15,27,193,34609,0,1,1,-33.784176,151.076529,54,0,2,1,2,0,3,4,0,0,7,50,0,9859,9859,1,5,0,2,0,0,0,0
1280570,3,2021,2021,9,4,11,296,27,290,293,0,1,10,-33.855751,150.995008,21,0,2,1,2,0,0,0,0,2,7,70,2,6545,6545,4,10,0,2,0,0,0,0
1280573,3,2022,2022,4,5,7,16,10,30,15,0,1,1,-33.196604,151.582091,16,2,2,1,3,0,0,0,2,0,7,50,1,1945,1945,5,0,40,1,0,0,0,0
1280576,3,2021,2021,9,0,10,481,17,17,483,0,1,1,-33.641136,147.581275,51,1,0,1,0,0,3,0,0,0,7,110,2,945,945,5,3,40,1,0,0,0,0
1280577,3,2022,2022,4,6,5,117,27,72,144,0,1,9,-33.843936,151.089352,14,0,2,1,3,0,0,0,2,0,0,60,2,1669,1669,3,10,5,2,0,0,0,0
1280578,3,2022,2022,4,5,6,9,31,215,34609,0,1,10,-35.111012,147.353232,75,2,1,1,3,0,3,4,2,0,0,50,0,6545,6545,4,5,0,2,0,0,0,0
1280581,3,2022,2022,4,2,9,111,27,102,233,0,1,7,-33.975932,151.236718,59,0,2,1,3,0,3,0,0,0,0,60,1,945,945,5,5,40,1,0,0,0,0
1280582,3,2022,2022,4,2,11,108,31,70,34609,0,1,1,-32.90281,151.725732,48,0,2,1,3,0,3,4,0,0,7,50,0,9859,9859,1,5,5,3,0,0,0,0
1280585,3,2022,2022,4,5,8,2209,17,11,2205,0,1,1,-36.284903,150.123703,23,1,0,0,3,0,3,4,2,0,7,100,2,4552,5151,8,5,40,1,0,0,0,0
1280586,3,2022,2022,4,6,5,2209,17,25,2205,0,1,2,-34.141598,150.993461,68,0,2,1,3,0,3,6,2,0,7,100,2,9859,9859,8,5,40,1,0,0,0,0
1280587,3,2021,2021,10,3,2,3371,17,73,3342,0,1,2,-33.772954,151.164311,36,0,2,1,3,0,0,0,0,0,7,60,2,9859,9859,1,5,5,2,0,0,0,0
1280588,3,2022,2022,4,2,5,1,23,17,34609,0,1,9,-31.884305,152.655855,43,2,1,1,3,0,0,0,2,0,0,50,0,2852,2852,4,5,0,2,0,0,0,0
1280590,3,2022,2022,4,6,9,220,14,133,220,0,1,3,-34.508447,150.789337,80,0,2,0,3,0,3,4,4,0,7,100,2,1259,5151,8,21,40,1,0,0,0,0
1280593,3,2022,2022,4,2,1,3371,17,11,3342,0,1,2,-31.713542,152.71174,43,1,0,0,3,0,3,4,0,0,7,110,2,4552,5151,8,5,40,1,0,0,0,0
1280594,3,2022,2022,4,5,6,6,27,4,34609,0,1,1,-33.516472,151.368842,16,2,2,0,3,0,0,0,2,0,7,60,0,4552,5151,8,5,40,1,0,0,0,0
1280598,3,2022,2022,4,3,5,6,27,148,34609,0,1,7,-36.035475,146.920297,0,2,1,1,3,0,0,0,2,0,0,60,0,6545,6545,4,10,5,2,0,0,0,0
1280599,3,2022,2022,4,5,3,3,31,107,321,0,1,10,-33.875007,151.196871,69,0,2,1,3,0,0,0,1,3,7,50,2,1391,1391,1,5,5,3,0,0,0,0
1280601,3,2022,2022,4,4,7,84,27,252,31,0,1,7,-33.944397,150.882263,41,0,2,1,3,0,3,4,2,0,0,60,1,301,301,4,5,0,2,0,0,0,0
1280602,3,2021,2021,2,0,1,193,27,438,94,0,1,1,-33.871168,151.02618,21,0,2,1,3,0,0,0,0,0,7,60,1,9859,9859,1,0,5,3,0,0,0,0
1280603,3,2022,2022,4,5,8,5,27,144,34609,0,1,1,-34.057815,151.012938,68,0,2,1,3,0,0,0,2,0,7,50,0,9859,9859,1,5,13,2,0,0,0,0
1280606,3,2022,2022,4,1,11,150,27,309,415,0,1,10,-33.797721,151.114963,61,0,2,1,3,0,0,0,0,2,9,70,2,14295,14295,3,0,0,2,0,0,0,0
1280608,3,2022,2022,4,3,4,2126,17,179,2149,0,1,10,-33.762218,150.734976,55,0,2,1,0,0,0,3,2,2,7,60,2,14295,14295,3,30,0,2,0,0,0,0
1280614,3,2021,2021,2,4,10,9,31,53,34609,0,1,10,-31.863469,152.367593,43,2,1,1,2,0,3,4,0,0,0,50,0,6545,6545,4,30,0,2,0,0,0,0
1280615,3,2021,2021,9,6,5,230,27,197,284,0,1,9,-33.79266,151.13211,61,0,2,1,3,0,0,0,2,0,7,70,2,1282,1282,1,33,5,2,0,0,0,0
1280616,3,2022,2022,4,4,5,149,27,42,198,0,1,10,-33.945282,150.946701,41,0,2,1,3,0,3,4,2,2,7,60,2,5929,5929,1,5,5,2,0,0,0,0
1280617,3,2022,2022,4,3,3,3371,17,29,3342,0,1,2,-29.021393,153.436527,60,1,0,1,3,0,0,0,2,0,7,110,2,9859,9859,8,29,40,1,0,0,0,0
1280618,3,2021,2021,2,3,2,83,31,532,21,0,1,10,-33.874592,151.209026,69,0,2,1,1,0,0,0,1,2,7,40,1,6545,6545,4,0,0,2,0,0,0,0
1280619,3,2021,2021,9,3,0,78,31,346,34609,0,1,9,-33.882256,151.076874,67,0,2,1,2,0,0,0,0,0,7,50,0,4026,4026,1,5,5,2,0,0,0,0
1280623,3,2022,2022,4,3,8,1,1,11,34609,0,1,1,-33.758284,151.177034,36,0,2,1,1,0,0,0,2,0,7,50,0,4026,4026,1,5,5,2,0,0,0,0
1280629,3,2021,2021,2,5,10,73,31,532,34609,0,1,10,-33.870953,151.204856,69,0,2,1,3,0,0,0,0,2,7,40,0,775,775,4,5,5,2,0,0,0,0
1280631,3,2022,2022,4,2,7,153,27,290,147,0,1,9,-33.949764,151.122343,4,0,2,1,3,0,0,0,2,0,7,60,2,1391,1391,1,5,5,2,0,0,0,0
1280633,3,2022,2022,4,2,10,3371,17,121,3342,0,1,6,-28.208055,153.544614,72,2,1,0,3,0,3,4,0,0,7,60,2,380,714,5,30,40,1,0,0,0,0
1280634,3,2021,2021,2,0,7,6,27,54,34609,0,1,10,-33.622621,150.854054,29,2,2,0,3,0,0,0,2,0,7,70,0,5929,5929,1,10,5,2,0,0,0,0
1280641,3,2021,2021,2,4,8,69,23,33,34609,0,1,1,-33.796671,151.084362,61,0,2,0,0,0,0,0,2,0,7,50,0,2585,4009,1,5,13,4,0,0,0,0
1280647,3,2021,2021,2,3,11,60,27,101,262,0,1,7,-32.902985,151.622278,37,0,2,1,3,0,0,0,0,0,0,70,2,14295,14295,3,0,36,2,0,0,0,0
1280651,3,2021,2021,2,5,4,41,27,102,112,0,1,10,-33.953054,151.241649,59,0,2,1,0,0,0,0,2,3,7,60,2,84,84,8,8,40,2,0,0,0,0
1280656,3,2022,2022,4,4,3,57,27,155,75,0,1,1,-33.49712,151.30072,16,2,2,1,1,0,3,4,2,0,7,60,1,4026,4026,8,34,40,1,0,0,0,0
1280658,3,2021,2021,2,0,11,67,27,76,34609,0,1,7,-33.91629,150.863927,41,0,2,1,2,0,0,0,0,0,7,50,0,945,945,5,16,40,1,0,0,0,0
1280664,3,2021,2021,9,4,5,12,1,104,34609,0,1,9,-33.731959,150.930095,7,0,2,1,0,0,0,0,2,0,7,50,0,5929,5929,1,10,5,2,0,0,0,0
1280667,3,2022,2022,4,3,2,149,36,15,113,0,1,1,-32.333354,152.520576,43,2,1,0,0,0,0,0,1,0,7,80,1,2585,4009,8,5,40,1,0,0,0,0
1280668,3,2022,2022,4,2,0,361,23,237,34609,0,1,1,-33.874123,150.954579,24,0,2,1,2,0,3,4,0,0,7,40,0,9859,9859,1,0,5,2,0,0,0,0
1280674,3,2021,2021,2,0,9,85,1,137,34609,0,1,1,-32.966001,151.706703,37,0,2,0,3,0,0,0,2,0,7,50,0,4552,5151,1,10,25,2,0,0,0,0
1280678,3,2021,2021,9,1,9,6,27,53,34609,0,1,9,-31.877632,152.364989,43,2,1,1,1,0,3,4,3,0,0,50,0,945,945,5,0,40,1,0,0,0,0
1280683,3,2021,2021,9,3,11,35,27,155,231,0,1,1,-33.498237,151.329543,16,2,2,1,2,0,3,4,0,0,7,60,2,4026,4026,8,30,40,1,0,0,0,0
1280685,3,2021,2021,2,2,8,829,27,165,770,0,1,2,-33.85844,151.161778,14,0,2,1,1,0,0,0,2,0,7,60,2,14295,14295,3,0,5,4,0,0,0,0
1280689,3,2021,2021,2,0,11,3,7,18,34609,0,1,1,-34.511207,150.805491,80,0,2,1,2,0,0,0,0,0,7,50,0,4026,4026,1,0,5,2,0,0,0,0
1280691,3,2022,2022,4,3,7,175,27,104,220,0,1,9,-33.731229,150.921518,7,0,2,1,3,0,3,3,2,1,7,70,2,1259,985,8,5,40,1,0,0,0,0
1280692,3,2022,2022,4,5,5,78,31,273,34609,0,1,1,-34.434874,150.887795,80,0,2,1,3,0,3,3,2,0,7,50,0,1282,1282,1,5,13,2,0,0,0,0
1280695,3,2021,2021,2,6,9,2261,17,204,2252,0,1,11,-33.889722,151.131383,32,0,2,1,3,0,0,0,3,2,7,60,2,5929,5929,1,21,5,2,0,0,0,0
1280696,3,2022,2022,4,0,9,2126,17,179,2149,0,1,10,-33.762218,150.734976,55,0,2,1,3,0,0,0,3,2,7,60,2,6545,6545,4,5,13,2,0,0,0,0
1280702,3,2021,2021,2,6,9,2261,17,47,2252,0,1,2,-35.706461,147.311813,27,1,0,0,3,0,0,0,2,0,7,110,2,1957,4009,8,0,40,1,0,0,0,0
1280705,3,2022,2022,4,0,7,2126,17,62,2149,0,1,2,-33.888782,151.143322,32,0,2,1,3,0,0,0,2,0,7,60,2,9859,9859,8,0,40,1,0,0,0,0
1280707,3,2022,2022,4,2,7,147,27,72,605,1,0,9,-33.830832,151.22501,49,0,2,1,3,0,0,0,2,0,7,60,2,14295,14295,3,5,0,2,0,0,0,0
1280708,3,2022,2022,4,4,3,153,27,290,147,0,1,1,-33.949508,151.118499,4,0,2,1,3,0,3,4,2,2,9,60,2,14295,14295,3,5,5,2,0,0,0,0
1280709,3,2022,2022,4,2,0,83,31,532,21,0,1,10,-33.874132,151.204267,69,0,2,1,3,0,0,0,0,2,9,50,1,6545,6545,4,21,5,2,0,0,0,0
1280718,3,2021,2021,4,1,11,68,27,110,67,1,0,1,-33.775093,151.022895,54,0,2,1,3,0,3,4,0,0,7,60,1,945,945,5,5,40,1,0,0,0,0
1280721,3,2021,2021,2,0,11,3371,17,18,3342,0,1,2,-28.799827,153.529125,2,1,0,0,0,0,3,4,0,0,7,110,2,380,714,5,5,40,1,0,0,0,0
1280741,3,2022,2022,4,2,1,14,27,133,34609,0,1,9,-34.506788,150.788083,80,0,2,1,2,0,0,0,0,0,7,50,0,4026,4026,8,5,40,1,0,0,0,0
1280764,3,2021,2021,2,3,2,125,27,69,123,0,1,2,-33.368783,151.473652,16,2,2,1,2,0,0,0,0,2,9,60,2,4026,4026,8,5,40,1,0,0,0,0
1280765,3,2021,2021,9,2,3,330,27,14,26,0,1,1,-33.646872,151.286162,50,0,2,0,0,0,3,4,2,0,7,50,1,3775,3775,0,5,12,2,0,0,0,0
1280768,3,2021,2021,2,4,0,24,31,58,34609,0,1,1,-33.755907,151.155333,36,0,2,1,2,0,0,0,0,0,7,50,0,9859,9859,1,30,5,3,0,0,0,0
1280771,3,2021,2021,2,3,9,1,1,103,34609,0,1,1,-34.309823,148.311185,30,2,1,1,0,0,0,0,2,0,7,50,0,9859,9859,1,5,5,3,0,0,0,0
1280774,3,2022,2022,4,3,9,133,31,646,97,0,1,10,-33.916786,151.018494,15,0,2,1,3,0,0,3,0,2,7,60,1,6545,6545,4,5,5,2,0,0,0,0
1280779,3,2022,2022,4,4,8,109,36,90,108,0,1,9,-28.254742,153.530663,72,2,1,0,0,0,0,0,2,0,0,80,1,6545,6545,4,5,41,2,0,0,0,0
1280780,3,2022,2022,4,2,2,13,27,43,42,0,1,1,-33.59224,150.822472,29,2,2,1,0,0,3,4,0,0,7,80,1,9859,9859,8,9,40,1,0,0,0,0
1280783,3,2022,2022,4,2,4,20,27,16,34609,0,1,1,-34.230778,146.018175,28,1,0,1,3,0,0,0,2,0,7,100,0,217,217,1,0,13,2,0,0,0,0
1280793,3,2022,2022,4,5,4,3,31,204,34609,0,1,1,-33.892816,150.939755,24,0,2,1,3,0,0,0,2,0,7,40,0,217,217,1,0,12,2,0,0,0,0
1280794,3,2022,2022,4,0,3,1,10,42,34609,0,1,9,-34.012577,151.228482,68,0,2,1,3,0,0,3,1,0,7,50,0,84,84,8,0,40,1,0,0,0,0
1280798,3,2022,2022,4,2,5,17,31,433,34609,0,1,10,-33.274997,149.092882,52,2,1,1,3,0,0,0,2,0,0,50,0,6545,6545,4,0,5,2,0,0,0,0
1280830,3,2021,2021,2,3,6,4,27,17,34609,0,1,1,-35.68708,147.026704,27,1,0,1,0,2,0,0,2,0,7,100,0,9859,9859,8,29,40,1,0,0,0,0
1280832,3,2021,2021,9,0,3,103,27,149,167,0,1,2,-34.000227,151.127106,25,0,2,1,1,0,3,4,2,0,7,70,2,14295,14295,3,0,13,2,0,0,0,0
1280842,3,2021,2021,2,1,6,11,27,5,34609,0,1,9,-28.489937,153.385831,10,1,0,0,3,2,0,0,2,0,7,100,0,2852,2852,4,5,5,2,0,0,0,0
1280848,3,2021,2021,2,3,11,25,31,460,55,0,1,1,-33.82704,150.982029,21,0,2,1,2,0,0,3,0,0,7,50,1,475,475,5,5,40,1,0,0,0,0
1280849,3,2021,2021,2,5,7,8,31,36,34609,0,1,1,-33.881917,151.179523,69,0,2,1,1,0,0,0,2,0,7,50,0,9859,9859,1,5,5,4,0,0,0,0
1280851,3,2022,2022,4,4,2,36,27,12,82,0,1,1,-35.34407,147.289761,75,1,0,1,3,0,0,3,1,0,7,100,1,404,404,8,10,40,1,0,0,0,0
1280852,3,2021,2021,2,5,10,4,31,77,34609,0,1,9,-33.887069,151.197009,69,0,2,1,2,0,3,3,0,0,7,40,0,9859,9859,1,10,12,2,0,0,0,0
1280855,3,2022,2022,4,0,7,84,31,204,34609,0,1,1,-33.896737,150.932551,24,0,2,1,3,2,0,0,2,0,7,50,0,175,188,1,9,5,3,0,0,0,0
1280856,3,2022,2022,4,4,7,103,27,149,167,0,1,9,-34.001098,151.126704,4,0,2,1,3,0,0,0,2,2,7,70,2,5929,5929,1,5,5,2,0,0,0,0
1280857,3,2021,2021,2,0,6,16,31,94,20,0,1,1,-33.777332,150.80246,55,0,2,1,1,0,0,0,2,0,7,60,1,1981,1981,4,5,5,2,0,0,0,0
1280860,3,2021,2021,2,4,1,27,31,61,34609,0,1,1,-29.744752,151.726206,51,2,1,1,0,0,0,0,0,0,7,50,0,4026,4026,8,30,40,1,0,0,0,0
1280862,3,2021,2021,2,0,2,57,31,77,321,0,1,0,-33.8849,151.202592,69,0,2,1,3,0,0,0,4,0,7,40,2,941,941,1,5,5,2,0,0,0,0
1280867,3,2022,2022,4,6,6,2126,17,363,2149,0,1,9,-33.818944,150.997833,54,0,2,1,3,0,0,3,2,0,7,60,2,14295,14295,3,10,5,3,0,0,0,0