Crash ID,Degree of crash - detailed,Reporting year,Year of crash,Month of crash,Day of week of crash,Two-hour intervals,Street of crash,Street type,Town,Route no.,School zone location,School zone active,Type of location,Latitude,Longitude,LGA,Urbanisation,Conurbation 1,Alignment,Street lighting,Road surface,Surface condition,Weather,Natural lighting,Signals operation,Other traffic control,Speed limit,Road classification,RUM - code,DCA - code,First impact type,Key TU type,Other TU type,No. of traffic units involved,No. killed,No. seriously injured,No. moderately injured,No. minor-other injured
1280868,3,2022,2022,4,1,2,485,27,110,769,0,1,9,-33.791496,150.997912,54,0,2,1,3,0,0,0,0,2,7,60,2,186,186,1,10,0,2,0,0,0,0
1280870,3,2022,2022,4,6,9,234,27,337,217,0,1,9,-33.738067,151.000999,71,0,2,1,3,0,3,4,3,0,15,60,2,2852,2852,4,8,5,2,0,0,0,0
1280877,3,2022,2022,4,1,0,2126,17,139,2149,0,1,9,-33.879252,151.131258,32,0,2,1,3,0,0,0,0,0,7,60,2,489,489,8,5,40,1,0,0,0,0
1280879,3,2022,2022,4,1,10,1,27,2,34609,0,1,1,-28.901296,153.350925,39,1,0,0,3,2,0,0,3,0,7,100,0,4552,5151,8,5,40,1,0,0,0,0
1280880,3,2021,2021,2,0,7,1104,14,218,962,0,1,3,-33.783454,150.765453,55,0,2,1,3,0,0,0,2,0,7,110,2,1282,1282,1,8,36,2,0,0,0,0
1280881,3,2022,2022,4,2,0,2261,17,523,2252,0,1,10,-33.928542,150.918058,41,0,2,1,3,0,3,4,0,3,7,60,2,14295,14295,3,9,5,2,0,0,0,0
1280882,3,2021,2021,2,6,9,3371,17,11,3342,0,1,2,-29.346482,153.243853,18,1,0,1,3,0,0,0,2,0,7,110,2,14295,14295,3,0,13,2,0,0,0,0
1280883,3,2022,2022,4,0,7,29,31,609,48,0,1,10,-33.771977,150.891949,7,0,2,1,3,0,0,0,2,2,7,60,1,6545,6545,4,5,5,2,0,0,0,0
1280888,3,2022,2022,4,1,2,3371,17,56,3342,0,1,2,-31.106895,152.845049,34,1,0,0,3,0,3,3,0,0,7,110,2,1850,1463,5,5,40,1,0,0,0,0
1280889,3,2022,2022,4,5,4,48,31,122,45,0,1,10,-33.419033,151.343475,16,2,2,1,3,0,0,0,2,2,7,60,1,1391,1391,1,5,0,2,0,0,0,0
1280890,3,2022,2022,4,2,5,6,31,87,34609,0,1,9,-34.492711,150.42949,78,2,1,1,3,0,0,0,2,0,7,50,0,9859,9859,8,9,40,1,0,0,0,0
1280913,3,2022,2022,4,1,7,6,10,463,6,0,1,1,-30.321924,153.087493,19,2,1,0,3,0,0,0,2,0,7,60,1,5929,5929,1,5,5,2,0,0,0,0
1280915,3,2022,2022,4,3,4,4,27,43,34609,0,1,1,-36.106124,144.750184,51,2,1,1,3,0,0,0,2,0,7,50,0,1282,1282,1,21,40,1,0,0,0,0
1280916,3,2022,2022,4,2,10,3371,17,53,3342,0,1,2,-33.771407,151.161139,36,0,2,0,3,0,3,4,0,0,7,60,2,1981,1981,4,5,13,3,0,0,0,0
1280920,3,2022,2022,4,1,8,2209,31,134,34609,0,1,1,-33.661954,150.857473,7,0,2,1,3,0,0,0,2,0,7,50,0,1981,1981,4,5,25,2,0,0,0,0
1280924,3,2022,2022,4,6,8,110,27,113,48,0,1,2,-34.365288,150.85929,80,0,2,1,3,0,3,4,2,0,7,100,2,4026,4026,8,5,40,1,0,0,0,0
1280928,3,2022,2022,4,3,6,3,7,41,34609,0,1,9,-30.358734,153.080288,19,2,1,0,1,0,0,0,2,0,0,50,0,4552,5151,8,5,40,1,0,0,0,0
1280932,3,2021,2021,9,3,2,119,31,166,34609,1,0,1,-33.420975,149.576451,3,2,1,1,0,0,2,6,0,0,7,50,0,9859,9859,1,5,5,3,0,0,0,0
1280947,3,2021,2021,10,2,3,93,10,58,13,0,1,2,-34.41041,150.8883,80,0,2,1,0,0,0,0,2,0,7,80,2,9859,9859,8,5,40,1,0,0,0,0
1280956,3,2022,2022,4,3,11,13,27,6,18,0,1,1,-32.027538,150.544247,73,1,0,1,3,0,0,0,0,0,7,100,1,1089,1089,7,9,40,1,0,0,0,0
1280957,3,2021,2021,9,6,0,3371,17,18,3342,0,1,2,-30.924084,152.880546,34,1,0,0,0,0,0,0,0,0,7,110,2,2585,4009,8,3,40,1,0,0,0,0
1280958,3,2022,2022,4,2,1,27,10,11,8,0,1,1,-34.823364,148.3249,30,2,1,1,2,0,0,0,0,0,7,40,1,1282,1282,1,33,13,3,0,0,0,0
1280959,3,2022,2022,4,5,4,38,27,34,45,0,1,9,-35.079462,150.655049,63,2,1,1,1,0,3,4,2,0,7,70,1,3775,3775,0,33,5,2,0,0,0,0
1280966,3,2021,2021,2,6,8,26,27,23,34609,0,1,1,-35.033071,148.975626,82,1,0,0,0,2,0,0,2,0,7,100,0,2585,4009,8,5,40,1,0,0,0,0
1280968,3,2022,2022,4,2,0,50,31,169,34609,0,1,9,-33.600425,150.762707,29,2,2,1,2,0,0,0,0,0,0,50,0,489,489,8,30,40,1,0,0,0,0
1280972,3,2022,2022,4,3,3,515,14,197,518,0,1,3,-33.942635,151.079204,15,0,2,1,3,0,0,0,2,0,7,80,2,14295,14295,3,5,5,2,0,0,0,0
1280973,3,2022,2022,4,3,10,48,27,8,42,0,1,1,-35.092376,150.247024,63,2,1,0,3,0,3,4,0,0,7,80,1,1957,4009,8,5,40,1,0,0,0,0
1280974,3,2022,2022,4,6,6,481,17,113,483,0,1,1,-29.603716,149.807982,51,1,0,1,3,0,0,0,2,0,7,110,2,14295,14295,3,0,13,2,0,0,0,0
1280975,3,2022,2022,4,3,3,1,6,10,34609,0,1,1,-33.114968,151.644456,37,0,2,1,3,0,0,0,1,0,7,50,0,248,248,1,5,0,2,0,0,0,0
1280976,3,2021,2021,2,0,4,1104,14,44,962,0,1,3,-33.802341,150.889531,7,0,2,1,3,0,0,0,2,0,7,100,2,9859,9859,8,5,40,1,0,0,0,0
1280977,3,2021,2021,2,6,8,30,27,39,93,0,1,9,-33.754547,150.933544,7,0,2,1,3,0,0,0,2,0,0,60,1,2852,2852,4,30,41,2,0,0,0,0
1280983,3,2022,2022,4,1,8,4,18,57,34609,0,1,1,-28.625908,153.528565,10,1,0,0,3,2,0,0,4,0,7,100,0,1259,5151,8,10,40,1,0,0,0,0
1280987,3,2022,2022,4,6,6,16,1,24,25,0,1,1,-33.626662,150.836948,29,2,2,1,3,0,0,0,2,0,7,60,2,5929,5929,1,5,0,2,0,0,0,0
1280990,3,2021,2021,2,0,3,2126,17,16,2149,0,1,2,-33.734179,150.475982,8,2,2,1,1,0,0,0,2,0,7,80,2,14295,14295,3,9,12,2,0,0,0,0
1280991,3,2021,2021,9,0,2,3371,17,24,3342,0,1,2,-32.656389,151.850848,57,1,0,0,1,0,0,0,1,0,7,100,2,1259,5151,8,5,40,1,0,0,0,0
1281001,3,2021,2021,2,0,8,1,1,73,34609,1,0,1,-35.143001,147.379929,75,2,1,1,1,0,0,0,2,0,7,50,0,190,190,1,30,5,2,0,0,0,0
1281012,3,2021,2021,2,5,10,1,1,35,34609,0,1,1,-28.821459,153.264708,39,2,1,0,0,0,0,0,0,0,7,50,0,1259,5151,1,5,8,2,0,0,0,0
1281018,3,2022,2022,4,3,9,205,27,50,415,0,1,1,-33.688302,151.245147,50,0,2,0,0,0,3,4,2,0,7,60,2,3775,3775,0,9,0,2,0,0,0,0
1281019,3,2022,2022,4,1,1,14,27,204,34609,0,1,1,-33.894006,150.947625,24,0,2,1,2,0,0,0,0,0,7,50,0,9859,9859,1,0,5,2,0,0,0,0
1281026,3,2022,2022,4,6,6,9,27,12,38,0,1,10,-33.840443,150.960449,21,0,2,1,1,0,3,3,2,0,15,60,1,6545,6545,4,5,12,3,0,0,0,0
1281046,3,2021,2021,10,5,5,13,31,182,34609,0,1,1,-32.840378,151.361773,17,2,1,1,3,0,0,0,2,0,7,50,0,1282,1282,1,0,5,2,0,0,0,0
1281053,3,2021,2021,9,2,9,37,31,523,198,0,1,1,-33.926786,150.921369,41,0,2,1,2,0,0,0,0,0,7,60,2,14295,14295,3,30,5,2,0,0,0,0
1281062,3,2021,2021,9,1,7,46,27,109,39,0,1,1,-33.904595,151.143695,32,0,2,1,0,0,0,0,2,0,7,40,1,248,248,1,0,19,2,0,0,0,0
1281082,3,2021,2021,2,5,5,1052,14,207,928,0,1,3,-33.556488,151.192492,31,0,2,1,3,0,3,0,2,0,7,110,2,14295,14295,3,5,5,3,0,0,0,0
1281084,3,2022,2022,4,4,8,78,17,23,58,0,1,1,-35.042782,149.023887,82,1,0,0,3,0,0,0,2,0,7,100,2,404,404,8,5,40,1,0,0,0,0
1281086,3,2022,2022,4,6,8,4,27,7,34609,0,1,1,-35.621332,147.952327,66,1,0,1,3,0,0,0,3,0,7,100,0,9859,9859,8,5,40,1,0,0,0,0
1281087,3,2022,2022,4,5,8,81,27,55,115,0,1,9,-33.79632,150.897235,7,0,2,1,3,0,3,4,2,0,7,60,2,2852,2852,4,10,41,2,0,0,0,0
1281094,3,2022,2022,4,1,7,5,27,20,34609,0,1,1,-32.314552,152.295031,43,1,0,0,3,2,0,0,2,0,7,100,0,3775,3775,0,10,13,2,0,0,0,0
1281096,3,2022,2022,4,4,11,1,1,202,34609,0,1,9,-33.952896,151.029831,15,0,2,1,3,0,3,4,0,0,7,50,0,9859,9859,1,5,5,2,0,0,0,0
1281099,3,2022,2022,4,5,4,194,31,309,702,0,1,9,-33.819371,151.099861,61,0,2,1,3,0,0,0,2,2,7,70,2,14295,14295,3,29,5,2,0,0,0,0
1281100,3,2022,2022,4,5,3,2261,17,443,2252,0,1,10,-33.901086,151.045483,15,0,2,1,3,0,0,0,2,2,7,70,2,1850,985,5,10,40,1,0,0,0,0
1281101,3,2022,2022,4,2,5,916,17,66,917,0,1,2,-32.810427,151.672505,48,0,2,0,3,0,0,0,2,0,7,80,2,14295,14295,3,10,13,3,0,0,0,0
1281102,3,2022,2022,4,4,4,45,31,57,34609,1,0,1,-34.680631,150.849235,35,2,1,1,3,0,0,3,2,0,7,50,0,1109,397,1,5,5,2,0,0,0,0
1281103,3,2022,2022,4,5,4,293,31,219,34609,0,1,1,-32.898518,151.665634,48,0,2,1,3,0,0,3,2,0,7,50,0,9859,9859,1,9,0,2,0,0,0,0
1281108,3,2022,2022,4,1,3,30,27,120,154,0,1,10,-33.755286,150.864794,7,0,2,1,3,0,0,0,2,1,7,60,1,1383,1383,1,5,5,2,0,0,0,0
1281111,3,2022,2022,4,6,9,30,27,149,41,0,1,1,-33.983388,151.13185,25,0,2,1,3,0,0,3,2,0,7,60,1,3775,3775,0,0,5,4,0,0,0,0
1281114,3,2022,2022,4,6,7,62,10,70,62,0,1,10,-33.433964,151.348297,16,2,2,1,3,0,3,3,2,0,7,50,2,14295,14295,3,30,5,3,0,0,0,0
1281115,3,2022,2022,4,0,6,169,27,123,34609,0,1,1,-33.815904,151.053717,54,0,2,1,3,0,0,0,2,0,7,50,0,84,84,6,5,40,1,0,0,0,0
1281118,3,2021,2021,2,0,6,18,31,273,34609,0,1,9,-34.426004,150.891728,80,0,2,1,3,0,0,0,2,0,7,50,0,14295,14295,3,0,0,2,0,0,0,0
1281119,3,2022,2022,4,4,7,2126,17,65,2149,0,1,2,-33.537013,150.160646,40,2,1,0,3,0,3,3,2,0,7,80,2,4552,5151,8,5,40,1,0,0,0,0
1281120,3,2022,2022,4,2,4,12,27,70,34609,0,1,1,-32.911306,151.722647,48,0,2,0,3,0,0,0,2,0,7,50,0,1391,1391,1,0,5,2,0,0,0,0
1281122,3,2021,2021,2,6,4,11,27,247,34609,0,1,1,-33.817665,150.934061,21,0,2,1,3,0,0,0,2,0,7,50,0,4552,985,8,5,40,1,0,0,0,0
1281124,3,2022,2022,4,6,7,3,27,2,34609,0,1,1,-28.709277,152.860066,51,1,0,0,3,0,0,0,2,0,7,100,0,3775,3775,0,5,35,2,0,0,0,0
1281125,3,2022,2022,4,1,11,95,27,106,605,0,1,2,-33.67723,151.305656,50,0,2,1,3,0,0,0,0,0,7,60,2,4026,4026,8,0,40,1,0,0,0,0
1281126,3,2022,2022,4,6,5,5,31,175,34609,0,1,9,-33.776896,151.060355,54,0,2,1,3,0,3,4,2,0,7,50,0,2852,2852,4,5,5,2,0,0,0,0
1281131,3,2022,2022,4,2,4,7,1,293,34609,0,1,2,-33.944551,151.244716,59,0,2,1,3,0,3,3,2,0,7,50,0,9859,9859,1,0,5,2,0,0,0,0
1281137,3,2022,2022,4,1,11,916,17,165,917,0,1,7,-32.26527,150.888481,46,2,1,1,3,0,3,4,0,0,0,50,2,926,926,4,0,10,2,0,0,0,0
1281140,3,2021,2021,5,6,2,18,36,15,3,0,1,1,-35.323257,146.2706,51,2,1,1,3,0,3,1,0,0,7,50,1,1089,1089,7,3,40,1,0,0,0,0
1281142,3,2021,2021,2,2,8,2126,17,127,2149,1,0,2,-33.88944,151.151221,32,0,2,1,0,0,0,0,2,0,7,60,2,9859,9859,8,0,40,1,0,0,0,0
1281144,3,2022,2022,4,6,5,2,31,128,34609,0,1,9,-33.425919,151.334793,16,2,2,1,1,0,0,0,2,0,7,50,0,941,941,1,5,5,2,0,0,0,0
1281154,3,2021,2021,2,0,2,74,23,49,260,0,1,6,-33.967078,151.153418,4,0,2,1,1,0,0,0,1,0,7,60,2,9859,9859,1,5,5,4,0,0,0,0
1281159,3,2021,2021,10,2,9,229,14,197,237,0,1,3,-33.799238,151.140462,61,0,2,1,2,0,0,0,3,0,7,70,2,1945,1945,5,5,40,1,0,0,0,0
1281171,3,2022,2022,4,4,10,1,6,6,34609,0,1,1,-32.774501,151.55795,42,2,1,0,2,0,0,0,0,0,7,50,0,2585,4009,8,10,40,1,0,0,0,0
1281189,3,2021,2021,2,0,11,36,31,35,34609,0,1,10,-34.365926,150.910869,80,0,2,1,2,0,0,0,0,0,7,60,0,4552,985,1,5,0,2,0,0,0,0
1281209,3,2021,2021,10,3,10,280,10,237,240,1,0,2,-33.86704,150.956303,24,0,2,0,3,0,3,4,0,0,7,60,2,1259,5151,8,5,40,1,0,0,0,0
1281245,3,2021,2021,10,3,11,6,31,609,34609,0,1,1,-33.752505,150.906778,7,0,2,1,0,0,0,0,0,0,7,50,0,1259,5151,1,5,5,2,0,0,0,0
1281248,3,2021,2021,2,0,5,13,31,46,34609,0,1,1,-33.938431,151.111372,4,0,2,1,0,0,0,0,2,0,7,50,0,4026,4026,1,5,5,3,0,0,0,0
1281257,3,2022,2022,4,5,4,4,27,6,23,0,1,1,-31.03584,144.316036,51,1,0,1,3,2,0,0,2,0,7,100,1,1945,1945,5,0,40,1,0,0,0,0
1281263,3,2021,2021,2,3,7,829,27,149,770,0,1,2,-33.868649,151.18351,32,0,2,1,0,0,0,0,2,0,7,60,2,14295,14295,3,21,36,7,0,0,0,0
1281274,3,2021,2021,2,1,7,500,27,293,799,0,1,10,-33.932465,151.0495,15,0,2,1,1,0,0,0,2,2,7,60,2,1282,1282,1,5,5,2,0,0,0,0
1281277,3,2021,2021,2,0,6,1104,14,223,962,0,1,3,-33.804771,150.910318,7,0,2,1,1,0,0,0,2,0,7,100,2,1383,1383,1,5,2,2,0,0,0,0
1281284,3,2021,2021,2,5,3,2261,17,23,2252,0,1,2,-34.813449,148.612004,82,1,0,0,3,0,0,0,2,0,7,110,2,1957,4009,8,29,40,1,0,0,0,0
1281285,3,2021,2021,2,0,10,7,7,70,34609,1,0,1,-33.911118,150.982006,15,0,2,1,2,0,0,0,0,0,7,50,0,9859,9859,1,5,36,3,0,0,0,0
1281286,3,2021,2021,9,2,6,113,27,218,111,0,1,9,-33.777339,150.772256,55,0,2,1,1,0,0,0,2,0,7,60,2,5929,5929,1,10,22,2,0,0,0,0
1281298,3,2021,2021,2,5,10,3371,17,43,3342,0,1,10,-33.213716,151.512191,16,2,2,1,3,0,0,0,0,2,7,70,2,5929,5929,1,30,5,2,0,0,0,0
1281301,3,2022,2022,4,5,11,27,10,7,20,0,1,1,-33.331996,151.401742,16,2,2,1,3,0,3,4,0,0,7,60,1,9859,9859,8,5,40,1,0,0,0,0
1281302,3,2022,2022,4,6,6,344,27,168,382,0,1,2,-33.707311,150.83932,7,0,2,1,3,0,3,3,2,0,7,80,2,14295,14295,3,0,5,2,0,0,0,0
1281306,3,2021,2021,2,5,3,485,27,42,769,0,1,9,-33.704216,150.930401,71,0,2,1,1,0,0,0,2,2,9,80,2,1850,777,5,9,40,1,0,0,0,0
1281307,3,2022,2022,4,5,5,40,27,73,34609,0,1,1,-35.141712,147.374926,75,2,1,1,3,0,0,0,2,0,7,60,0,9859,9859,1,0,5,2,0,0,0,0
1281309,3,2022,2022,4,3,8,135,17,12,136,0,1,1,-35.655479,145.77581,51,1,0,0,3,0,0,0,2,0,7,100,2,418,714,5,10,40,1,0,0,0,0
1281311,3,2021,2021,2,0,4,13,31,438,563,0,1,9,-33.851883,151.038308,21,0,2,1,1,0,0,0,2,0,0,70,2,515,515,1,33,0,2,0,0,0,0
1281317,3,2022,2022,4,0,9,1,10,60,34609,0,1,1,-34.02586,150.72827,12,0,2,1,0,0,0,0,2,0,7,50,0,4026,4026,8,5,40,1,0,0,0,0
1281343,3,2021,2021,2,6,3,8,31,142,34609,0,1,1,-33.830261,150.995443,21,0,2,1,1,0,0,0,2,0,7,50,0,9859,9859,8,5,40,1,0,0,0,0
1281345,3,2022,2022,4,4,0,9,27,314,34609,0,1,1,-33.83776,150.938539,21,0,2,1,0,0,0,0,0,0,7,60,0,9859,9859,1,5,0,3,0,0,0,0
1281350,3,2022,2022,4,1,8,308,14,42,311,0,1,3,-33.893411,150.835619,41,0,2,1,3,0,0,0,2,0,7,100,2,14295,14295,3,9,12,3,0,0,0,0
1281351,3,2022,2022,4,6,4,4,1,83,34609,0,1,9,-33.9184,151.114664,15,0,2,1,3,0,0,0,2,0,7,50,0,9859,9859,8,5,40,1,0,0,0,0
1281352,3,2021,2021,2,1,7,44,31,43,605,0,1,9,-33.770286,151.265965,50,0,2,0,3,0,0,0,2,3,7,60,2,4552,5151,8,0,40,1,0,0,0,0
1281353,3,2022,2022,4,0,8,41,27,102,91,0,1,1,-33.953049,151.239594,59,0,2,0,3,0,0,0,2,0,7,50,1,1957,4009,1,0,5,4,0,0,0,0
1281356,3,2022,2022,4,6,6,866,31,182,34609,0,1,1,-32.838433,151.356713,17,2,1,1,3,0,3,4,2,0,7,50,0,1981,1981,4,5,5,2,0,0,0,0
1281358,3,2022,2022,4,5,6,37,31,38,34609,0,1,10,-33.76986,150.793108,55,0,2,1,0,0,0,0,2,0,0,50,0,6545,6545,4,5,5,2,0,0,0,0
1281364,3,2022,2022,4,3,6,3,1,215,34609,0,1,9,-35.117653,147.378624,75,2,1,1,3,0,0,0,2,0,7,50,0,186,186,1,10,5,2,0,0,0,0
1281365,3,2022,2022,4,1,10,1,31,290,34609,0,1,1,-33.953659,151.120688,4,0,2,0,3,0,0,0,0,0,7,50,0,1259,5151,1,5,0,2,0,0,0,0
1281371,3,2021,2021,2,3,5,5,31,71,34609,0,1,10,-33.265607,151.54188,16,2,2,1,3,0,0,0,2,0,15,50,0,6545,6545,4,5,41,2,0,0,0,0
1281372,3,2022,2022,4,6,9,16,31,387,34609,0,1,1,-33.930052,151.200062,4,0,2,1,3,0,0,0,3,0,7,50,0,945,945,5,5,40,1,0,0,0,0
1281374,3,2022,2022,4,3,5,50,27,167,51,0,1,7,-33.853891,151.07692,54,0,2,0,3,0,0,0,2,0,0,60,1,926,926,4,5,5,2,0,0,0,0
1281379,3,2021,2021,2,2,3,8,27,363,7,0,1,9,-33.804396,151.026782,54,0,2,0,1,0,0,0,2,2,7,60,1,4552,5151,8,5,40,1,0,0,0,0
1281388,3,2021,2021,2,5,4,330,27,49,605,1,0,9,-33.720526,151.298217,50,0,2,1,1,0,0,0,2,2,7,60,2,5929,5929,1,0,13,2,0,0,0,0
1281427,3,2022,2022,4,1,3,10,31,463,34609,0,1,1,-30.298048,153.13713,19,2,1,1,3,0,0,0,2,0,7,50,0,9859,9859,8,5,40,1,0,0,0,0
1281429,3,2021,2021,10,4,4,12,27,19,19,0,1,2,-33.211151,151.477751,16,1,2,1,2,0,0,0,2,0,7,100,2,204,204,1,9,5,2,0,0,0,0
1281430,3,2021,2021,10,6,11,15,27,197,140,0,1,7,-33.938439,151.078668,15,0,2,1,3,0,0,0,0,0,7,50,1,1282,1282,1,16,40,1,0,0,0,0
1281435,3,2021,2021,9,1,10,3371,17,16,3342,0,1,2,-31.917825,152.511728,43,1,0,1,3,0,0,0,0,0,7,110,2,14295,14295,3,29,5,2,0,0,0,0
1281439,3,2021,2021,2,2,9,204,27,50,34609,0,1,1,-33.511394,151.327484,16,2,2,1,2,0,0,0,0,0,7,60,0,1282,1282,1,33,5,2,0,0,0,0
1281443,3,2021,2021,2,0,11,149,27,60,198,0,1,9,-33.955678,150.955595,41,0,2,1,2,0,0,0,0,2,7,60,2,4552,5151,8,0,40,1,0,0,0,0
1281445,3,2021,2021,2,6,2,485,27,42,769,0,1,10,-33.708365,150.941412,71,0,2,1,2,0,0,3,1,2,7,80,2,3775,3775,0,5,0,2,0,0,0,0
1281453,3,2022,2022,4,3,6,515,14,189,518,0,1,3,-33.942752,151.05449,15,0,2,1,3,0,0,0,2,0,7,80,2,14295,14295,3,10,0,3,0,0,0,0
1281455,3,2022,2022,4,3,3,37,27,85,115,0,1,1,-33.721212,151.148577,36,0,2,1,3,0,3,3,2,0,7,60,1,3775,3775,0,5,25,2,0,0,0,0
1281461,3,2022,2022,4,1,4,31,10,78,23,0,1,1,-33.433917,151.444374,16,2,2,1,3,0,0,3,2,0,7,50,1,941,941,1,0,5,2,0,0,0,0
1281464,3,2022,2022,4,4,7,1,10,463,34609,1,0,9,-30.292688,153.10322,19,2,1,1,3,0,0,0,2,0,7,50,0,926,926,4,10,5,2,0,0,0,0
1281465,3,2021,2021,2,6,8,50,27,125,51,0,1,7,-33.854093,151.077501,67,0,2,0,3,0,3,4,2,3,7,60,1,301,301,4,5,5,2,0,0,0,0
1281468,3,2022,2022,4,4,1,17,27,10,34609,0,1,1,-34.043117,151.083397,68,0,2,1,3,0,0,0,0,0,7,50,0,9859,9859,1,10,36,3,0,0,0,0
1281471,3,2022,2022,4,3,1,3371,17,43,3342,0,1,2,-30.471769,153.000979,6,1,0,0,3,0,0,0,0,0,7,110,2,4552,5151,8,0,40,1,0,0,0,0
1281472,3,2022,2022,4,3,5,112,27,18,769,0,1,9,-33.502642,150.529682,29,2,2,1,3,0,3,4,2,0,7,80,2,14295,14295,3,10,0,4,0,0,0,0
1281483,3,2022,2022,4,1,7,135,17,131,136,0,1,10,-36.084803,146.914896,0,2,1,1,3,0,3,4,2,2,7,60,2,5929,5929,1,5,36,3,0,0,0,0
1281493,3,2021,2021,2,3,7,3,1,92,34609,0,1,1,-33.405659,151.352795,16,2,2,1,0,0,0,0,2,0,7,50,0,9859,9859,1,5,13,2,0,0,0,0
1281494,3,2022,2022,4,2,0,44,27,119,126,0,1,2,-32.768369,151.788465,57,2,1,0,0,0,0,0,0,0,7,80,2,2585,4009,8,0,40,1,0,0,0,0
1281498,3,2022,2022,4,2,8,7,27,18,46,0,1,1,-28.388419,153.550553,72,2,1,0,0,0,3,4,2,0,7,50,1,4552,5151,8,10,40,1,0,0,0,0
1281514,3,2022,2022,4,0,9,296,27,283,293,0,1,9,-33.830528,151.003852,21,0,2,1,3,0,0,0,3,0,7,60,2,6545,6545,4,5,36,2,0,0,0,0
1281515,3,2022,2022,4,3,8,916,17,10,917,0,1,2,-32.708336,151.427002,42,1,0,0,3,0,0,0,2,0,7,100,2,1850,1463,5,10,40,1,0,0,0,0
1281519,3,2022,2022,4,5,7,74,23,30,260,0,1,9,-33.985776,151.147375,4,0,2,1,3,0,0,0,2,2,7,60,2,775,775,4,0,5,2,0,0,0,0
1281521,3,2021,2021,2,5,5,1052,14,207,928,0,1,3,-33.556514,151.192494,31,0,2,1,3,0,3,0,2,0,7,110,2,14295,14295,3,10,13,2,0,0,0,0
1281524,3,2022,2022,4,5,6,48,10,463,52,0,1,1,-30.334758,153.09606,19,2,1,1,3,0,0,0,2,0,7,80,2,941,941,1,5,5,2,0,0,0,0
1281528,3,2022,2022,4,5,4,481,17,10,483,0,1,1,-35.420773,145.686315,51,1,0,0,3,0,0,0,2,0,7,110,2,1850,1463,5,3,40,1,0,0,0,0
1281530,3,2021,2021,2,3,7,2209,17,33,2205,0,1,3,-34.77362,150.686562,63,1,0,1,3,0,3,4,2,0,7,100,2,14295,14295,3,5,13,2,0,0,0,0
1281531,3,2022,2022,4,5,8,3371,17,11,3342,0,1,2,-29.359677,153.249545,18,1,0,1,3,0,0,0,2,0,7,110,2,404,404,8,0,40,1,0,0,0,0
1281532,3,2022,2022,4,5,6,24,31,102,34609,0,1,2,-31.108565,150.904999,70,2,1,1,3,0,0,0,2,0,7,50,0,9859,9859,1,5,13,2,0,0,0,0
1281533,3,2022,2022,4,3,7,1,1,73,34609,0,1,10,-33.832861,151.085719,14,0,2,1,3,0,0,0,2,2,7,40,0,6545,6545,4,5,0,2,0,0,0,0
1281534,3,2022,2022,4,6,6,2261,17,39,2252,0,1,2,-35.984595,146.998519,0,1,0,1,3,0,0,0,2,0,7,110,2,9859,9859,8,5,40,1,0,0,0,0
1281535,3,2022,2022,4,5,9,2209,17,273,2205,0,1,10,-34.421489,150.893821,80,0,2,1,3,0,0,0,3,2,7,50,2,6545,6545,4,10,13,2,0,0,0,0
1281536,3,2022,2022,4,4,3,3,27,9,34609,0,1,1,-30.265312,153.009116,19,2,1,0,0,2,0,0,2,0,7,80,0,1850,1463,5,0,40,1,0,0,0,0
1281547,3,2021,2021,2,6,9,5,10,228,34609,1,0,1,-34.731098,149.730672,26,2,1,1,3,0,0,0,2,0,7,50,0,9859,9859,8,5,40,1,0,0,0,0
1281552,3,2022,2022,4,3,10,63,4,50,34609,0,1,1,-33.229521,151.545921,16,2,2,0,2,0,0,0,0,0,7,50,0,2585,4009,8,0,40,1,0,0,0,0
1281557,3,2021,2021,5,5,5,515,14,252,518,0,1,3,-33.953049,150.878214,41,0,2,0,0,0,0,0,2,0,7,100,2,4552,5151,8,5,40,1,0,0,0,0
1281568,3,2021,2021,9,5,2,481,17,7,483,0,1,1,-31.953224,148.60573,22,1,0,1,0,0,0,0,0,0,7,110,2,3775,3775,0,29,2,2,0,0,0,0
1281569,3,2021,2021,2,4,7,2,31,50,34609,1,2,4,-33.513234,151.334366,16,2,2,0,1,0,0,0,2,0,7,40,0,1957,4009,1,5,0,3,0,0,0,0
1281570,3,2022,2022,4,5,7,7,31,234,34609,0,1,10,-34.277438,146.049431,28,2,1,1,3,0,3,4,2,0,0,50,0,6545,6545,4,0,0,2,0,0,0,0
1281581,3,2022,2022,4,4,1,2261,17,35,2252,0,1,2,-34.866362,148.280452,20,1,0,0,3,0,3,3,0,0,7,110,2,204,204,1,29,2,2,0,0,0,0
1281587,3,2022,2022,4,2,10,63,10,63,34609,0,1,1,-28.19822,153.501171,72,2,1,0,0,0,0,0,0,0,7,60,0,96,96,0,0,5,2,0,0,0,0
1281589,3,2022,2022,4,0,7,2261,17,44,2252,0,1,9,-35.219897,147.792608,75,1,0,1,3,0,3,4,2,0,0,110,2,1945,1945,5,0,40,1,0,0,0,0
1281599,3,2022,2022,4,4,8,45,27,304,96,0,1,10,-33.907603,151.159162,32,0,2,1,1,0,0,0,2,2,7,60,2,3775,3775,0,10,25,3,0,0,0,0
1281606,3,2022,2022,4,5,0,11,27,5,34609,0,1,1,-28.35428,153.295576,72,1,0,1,3,0,3,4,0,0,7,100,0,404,404,8,0,40,1,0,0,0,0
1281609,3,2022,2022,4,4,7,829,27,149,770,0,1,2,-33.868619,151.177828,32,0,2,1,3,0,0,0,2,0,7,60,2,1383,1383,1,10,5,2,0,0,0,0