Crash ID,Degree of crash - detailed,Reporting year,Year of crash,Month of crash,Day of week of crash,Two-hour intervals,Street of crash,Street type,Town,Route no.,School zone location,School zone active,Type of location,Latitude,Longitude,LGA,Urbanisation,Conurbation 1,Alignment,Street lighting,Road surface,Surface condition,Weather,Natural lighting,Signals operation,Other traffic control,Speed limit,Road classification,RUM - code,DCA - code,First impact type,Key TU type,Other TU type,No. of traffic units involved,No. killed,No. seriously injured,No. moderately injured,No. minor-other injured
1281610,3,2022,2022,4,6,9,4,31,176,8,0,1,1,-33.956967,151.134665,25,0,2,0,3,0,3,4,2,0,7,50,1,4552,5151,8,5,40,1,0,0,0,0
1281611,3,2022,2022,4,1,8,192,10,57,114,0,1,7,-33.446214,151.372255,16,2,2,1,3,0,0,0,2,0,0,70,2,14295,14295,3,5,5,2,0,0,0,0
1281612,3,2022,2022,4,5,8,99,31,237,105,0,1,9,-33.873791,150.944946,24,0,2,1,3,0,0,0,2,0,7,60,1,5929,5929,1,5,5,2,0,0,0,0
1281614,3,2022,2022,4,2,0,39,27,16,80,0,1,7,-32.977677,151.707801,37,0,2,1,2,0,0,0,0,0,0,60,1,4026,4026,8,10,40,1,0,0,0,0
1281620,3,2021,2021,2,0,1,90,36,6,102,0,1,1,-34.542465,148.261645,30,1,0,0,3,0,0,0,0,0,7,100,2,782,957,5,10,40,1,0,0,0,0
1281623,3,2022,2022,4,6,7,1,27,1,34609,0,1,1,-32.234242,151.617438,51,1,0,1,3,2,0,0,2,0,7,100,0,9859,9859,8,0,40,1,0,0,0,0
1281629,3,2022,2022,4,2,7,9,27,6,34609,0,1,1,-28.269497,153.445175,72,1,0,1,3,0,3,4,2,0,7,100,0,9859,9859,8,0,40,1,0,0,0,0
1281630,3,2022,2022,4,0,11,1,31,53,34609,0,1,1,-31.871367,152.368134,43,2,1,1,3,0,0,0,0,0,7,50,0,9859,9859,1,10,5,2,0,0,0,0
1281634,3,2022,2022,4,0,11,4,27,4,34609,0,1,1,-32.154907,151.03908,73,2,1,0,3,0,0,0,0,0,7,60,0,4552,5151,8,0,40,1,0,0,0,0
1281643,3,2022,2022,4,0,5,3371,17,44,3342,0,1,2,-30.741152,152.920264,47,1,0,0,0,0,3,4,2,0,7,110,2,4552,5151,8,0,40,1,0,0,0,0
1281646,3,2022,2022,4,5,9,515,14,252,518,0,1,3,-33.949365,150.886543,41,0,2,1,1,0,0,0,3,0,7,100,2,404,404,8,0,40,1,0,0,0,0
1281672,3,2022,2022,4,0,1,2209,17,201,2205,0,1,10,-34.887613,150.604566,63,2,1,1,2,0,0,3,0,2,7,60,2,2585,777,8,0,40,1,0,0,0,0
1281675,3,2022,2022,4,0,11,105,27,67,109,0,1,1,-33.880708,150.890113,24,0,2,1,2,0,0,0,0,0,7,60,1,9859,9859,8,5,40,1,0,0,0,0
1281678,3,2022,2022,4,2,9,5,31,130,34609,0,1,1,-34.463131,150.842497,80,0,2,1,1,0,0,0,2,0,7,50,0,9859,9859,8,10,40,1,0,0,0,0
1281686,3,2022,2022,4,4,0,3371,17,65,3342,0,1,2,-30.352177,153.064572,19,1,0,1,2,0,0,0,0,0,7,100,2,4026,4026,8,5,40,1,0,0,0,0
1281695,3,2022,2022,4,4,5,3371,17,44,3342,0,1,9,-32.386731,152.237528,43,1,0,1,3,0,0,0,2,0,0,110,2,14295,14295,3,5,5,2,0,0,0,0
1281696,3,2022,2022,4,0,5,74,27,609,48,0,1,10,-33.775762,150.895304,7,0,2,1,3,0,0,0,2,2,6,60,1,6545,6545,4,5,5,2,0,0,0,0
1281701,3,2022,2022,4,3,9,2,27,90,34609,0,1,1,-33.784796,150.958364,54,0,2,1,2,0,0,0,3,0,7,50,0,9859,9859,8,0,40,2,0,0,0,0
1281710,3,2022,2022,4,6,7,2261,17,36,2252,0,1,2,-36.096678,146.918282,0,1,0,0,3,0,0,0,2,0,7,110,2,380,714,5,5,40,1,0,0,0,0
1281711,3,2021,2021,2,3,0,78,31,90,34609,0,1,1,-33.702808,150.302608,8,2,2,1,3,0,3,4,0,0,7,50,0,4026,4026,8,5,40,1,0,0,0,0
1281712,3,2022,2022,4,5,10,21,27,67,34609,0,1,1,-34.42419,150.868599,80,0,2,1,3,0,0,0,0,0,7,50,0,9859,9859,8,5,40,1,0,0,0,0
1281714,3,2022,2022,4,5,11,78,31,41,41,0,1,10,-35.059008,148.102878,20,2,1,1,3,0,0,0,0,0,7,50,1,1945,1945,5,5,40,1,0,0,0,0
1281718,3,2021,2021,2,2,4,62,10,92,62,1,0,1,-33.411391,151.349945,16,2,2,1,3,0,0,0,2,0,7,60,2,204,204,1,5,36,2,0,0,0,0
1281719,3,2022,2022,4,1,8,55,27,112,70,0,1,10,-33.715281,151.027545,31,0,2,1,3,0,0,0,2,2,7,60,2,5929,5929,1,0,5,2,0,0,0,0
1281724,3,2022,2022,4,5,7,2,27,3,34609,0,1,1,-29.648317,149.413378,51,1,0,1,3,2,3,4,2,0,7,100,0,9859,9859,8,10,40,1,0,0,0,0
1281725,3,2021,2021,9,2,9,1,31,12,7,0,1,1,-33.353176,149.982459,40,2,1,1,1,0,0,0,2,0,7,50,1,945,945,5,5,40,1,0,0,0,0
1281728,3,2021,2021,2,5,7,5,27,83,34609,0,1,1,-30.107382,153.187233,19,2,1,0,1,0,3,4,2,0,7,50,0,1957,4009,8,10,40,1,0,0,0,0
1281740,3,2021,2021,2,5,9,32,27,112,34609,0,1,1,-33.433631,151.435692,16,2,2,1,3,0,3,4,2,0,7,50,0,9859,9859,8,5,40,1,0,0,0,0
1281743,3,2021,2021,2,6,7,41,6,72,34609,0,1,7,-34.014589,151.021124,68,0,2,0,3,0,0,0,2,0,0,50,0,175,188,8,5,40,1,0,0,0,0
1281763,3,2021,2021,9,2,11,192,10,84,114,1,0,7,-33.469298,151.39255,16,2,2,1,2,0,3,4,0,0,0,60,2,4026,4026,8,5,40,2,0,0,0,0
1281764,3,2022,2022,4,4,1,1,1,363,34609,0,1,1,-33.760069,150.699666,55,0,2,1,2,0,3,4,0,0,7,50,0,9859,9859,8,5,40,1,0,0,0,0
1281769,3,2021,2021,2,4,1,3371,17,29,3342,0,1,2,-31.768409,152.659618,43,1,0,0,2,0,3,3,0,0,7,110,2,273,957,5,29,40,1,0,0,0,0
1281775,3,2021,2021,2,0,0,46,36,11,46,0,1,1,-33.007918,149.073757,22,1,0,0,0,0,0,0,0,0,7,100,1,4552,5151,8,5,40,1,0,0,0,0
1281776,3,2022,2022,4,3,6,9,27,197,34609,0,1,9,-33.800694,151.131641,61,0,2,1,3,0,3,3,2,0,7,50,0,5929,5929,1,0,0,2,0,0,0,0
1281779,3,2021,2021,2,5,1,2,27,323,34609,0,1,1,-33.756262,150.979885,71,0,2,1,2,0,0,0,0,0,7,50,0,9859,9859,1,5,5,2,0,0,0,0
1281781,3,2021,2021,9,6,10,93,27,228,34609,0,1,1,-34.756843,149.73678,26,2,1,0,0,0,0,0,0,0,7,10,0,418,714,5,34,40,1,0,0,0,0
1281788,3,2022,2022,4,5,6,866,17,157,793,1,0,10,-33.793912,151.018077,54,0,2,1,3,0,0,0,2,2,7,60,2,14295,14295,3,0,5,3,0,0,0,0
1281793,3,2021,2021,2,2,7,3371,17,15,3342,0,1,2,-30.233953,153.147548,19,1,0,0,0,0,3,4,2,0,7,110,2,1957,4009,8,10,40,1,0,0,0,0
1281797,3,2022,2022,4,0,6,65,10,132,148,0,1,1,-34.085724,151.067133,68,0,2,0,3,0,3,3,2,0,7,60,2,220,220,8,10,40,1,0,0,0,0
1281800,3,2022,2022,4,1,2,7,18,104,34609,0,1,1,-33.739015,150.931888,7,0,2,1,3,0,0,0,1,0,7,50,0,1282,1282,1,0,36,2,0,0,0,0
1281803,3,2022,2022,4,6,8,11,1,73,34609,0,1,9,-35.14038,147.375207,75,2,1,1,3,0,0,0,2,2,7,60,0,83,83,1,21,0,2,0,0,0,0
1281805,3,2022,2022,4,0,6,89,17,11,21,0,1,1,-34.162685,150.96983,80,0,2,1,3,0,0,0,2,0,7,100,1,1945,1945,5,10,40,1,0,0,0,0
1281806,3,2021,2021,7,4,4,104,27,137,140,0,1,9,-33.922586,151.204581,4,0,2,1,3,0,0,0,2,0,7,60,2,2852,2852,4,5,0,2,0,0,0,0
1281812,3,2022,2022,4,3,5,2209,17,11,2205,0,1,2,-34.810448,150.62729,63,1,0,1,3,0,0,3,2,0,7,100,2,14295,14295,3,0,13,3,0,0,0,0
1281813,3,2022,2022,4,3,6,56,27,323,34609,0,1,1,-33.754544,150.986621,71,0,2,0,3,0,0,0,2,0,7,50,0,1957,4009,1,5,5,2,0,0,0,0
1281815,3,2022,2022,4,0,11,1,31,61,34609,0,1,1,-33.892566,150.91035,24,0,2,1,1,0,0,0,0,0,7,50,0,9859,9859,1,5,23,2,0,0,0,0
1281817,3,2022,2022,4,3,5,51,27,102,34609,0,1,1,-33.95235,151.236741,59,0,2,1,3,0,0,0,2,0,7,50,0,5929,5929,1,5,5,2,0,0,0,0
1281818,3,2022,2022,4,0,8,117,1,210,121,0,1,1,-34.040492,151.103666,68,0,2,1,3,0,3,4,3,0,7,60,1,1391,1391,1,5,13,2,0,0,0,0
1281819,3,2022,2022,4,5,3,3371,17,37,3342,0,1,9,-33.022646,151.664697,37,0,2,1,3,0,0,0,1,0,7,60,2,623,623,3,10,13,2,0,0,0,0
1281821,3,2022,2022,4,5,11,16,27,10,17,0,1,1,-35.017546,149.114536,82,1,0,1,3,0,0,0,0,0,7,100,1,945,945,5,5,40,1,0,0,0,0
1281822,3,2022,2022,4,4,8,42,27,67,231,0,1,9,-33.402209,151.342878,16,2,2,1,3,0,0,0,3,0,15,50,2,2852,2852,4,5,36,2,0,0,0,0
1281825,3,2022,2022,4,5,7,500,27,83,799,0,1,9,-33.912746,151.11823,15,0,2,1,3,0,0,0,2,0,7,60,2,14295,14295,3,5,5,3,0,0,0,0
1281826,3,2022,2022,4,1,6,916,17,44,917,0,1,1,-32.038439,150.864577,73,1,0,1,3,0,0,0,2,0,7,100,2,14295,14295,3,29,12,2,0,0,0,0
1281827,3,2022,2022,4,5,6,71,36,234,61,0,1,7,-34.299246,146.047069,28,2,1,1,3,0,0,0,2,0,0,60,2,945,945,5,34,40,1,0,0,0,0
1281829,3,2022,2022,4,5,10,15,27,143,51,0,1,9,-33.691477,151.099054,31,0,2,1,3,0,3,4,4,2,7,60,2,5929,5929,1,5,0,2,0,0,0,0
1281840,3,2021,2021,9,2,5,3371,17,85,3342,0,1,9,-33.733302,151.129779,36,0,2,1,1,0,0,0,2,2,7,60,2,14295,14295,3,34,5,4,0,0,0,0
1281842,3,2022,2022,4,4,1,168,27,136,34609,0,1,1,-32.932558,151.720166,48,0,2,1,2,0,3,0,0,0,7,50,0,4026,4026,1,5,5,3,0,0,0,0
1281854,3,2022,2022,4,6,9,11,27,7,34609,0,1,1,-37.22834,149.685129,5,1,0,1,3,0,0,0,3,0,7,100,0,945,945,5,5,40,1,0,0,0,0
1281877,3,2021,2021,2,0,9,35,31,532,11,0,1,9,-33.87454,151.203235,69,0,2,1,1,0,0,3,2,2,7,50,1,623,623,3,33,13,3,0,0,0,0
1281890,3,2022,2022,4,6,6,8,7,36,22,0,1,10,-33.880445,151.179769,69,0,2,1,0,0,0,0,2,2,7,50,2,150,150,4,5,5,2,0,0,0,0
1281893,3,2022,2022,4,2,11,28,1,609,34609,0,1,10,-33.764439,150.91128,7,0,2,1,3,0,0,0,0,2,7,50,0,5929,5929,1,0,5,2,0,0,0,0
1281894,3,2022,2022,4,2,10,2126,17,346,2149,0,1,9,-33.867217,151.096217,14,0,2,1,3,0,0,0,3,2,7,60,2,926,926,4,5,12,2,0,0,0,0
1281896,3,2022,2022,4,6,8,1,25,74,34609,0,1,9,-33.755172,150.827743,7,0,2,1,3,0,3,4,2,0,7,50,0,9859,9859,8,5,40,1,0,0,0,0
1281940,3,2021,2021,6,1,4,11,6,463,34609,0,1,1,-30.282261,153.123585,19,2,1,1,1,0,0,0,2,0,7,50,0,489,489,8,5,40,1,0,0,0,0
1281943,3,2022,2022,3,5,6,213,17,132,213,0,1,9,-29.774836,151.100985,33,2,1,1,3,0,0,0,2,0,7,50,2,4026,4026,8,0,40,1,0,0,0,0
1281945,3,2022,2022,4,1,7,117,1,176,35,0,1,10,-33.964837,151.140788,4,0,2,1,3,0,0,0,2,0,7,60,2,14295,14295,3,5,5,3,0,0,0,0
1281946,3,2022,2022,4,6,9,1,23,33,34609,0,1,9,-33.776749,150.868835,7,0,2,1,3,0,0,0,2,0,7,50,0,2852,2852,4,0,12,2,0,0,0,0
1281949,3,2022,2022,4,2,8,59,27,5,69,0,1,1,-34.073436,149.829958,51,1,0,0,3,0,3,4,2,0,7,100,1,1957,4009,8,5,40,1,0,0,0,0
1281950,3,2022,2022,4,3,10,46,36,11,46,0,1,1,-33.020803,149.067052,22,1,0,0,3,0,3,4,0,0,7,100,1,1259,5151,8,21,40,1,0,0,0,0
1281954,3,2022,2022,3,5,8,280,10,314,82,0,1,10,-33.850836,150.922233,24,0,2,1,3,0,0,3,2,2,15,60,1,6545,6545,4,5,5,2,0,0,0,0
1281956,3,2022,2022,3,6,4,829,27,124,770,0,1,2,-33.812117,151.039983,54,0,2,1,3,0,3,4,2,0,7,70,2,14295,14295,3,5,36,2,0,0,0,0
1281957,3,2022,2022,4,3,3,5,23,143,34609,0,1,1,-33.708181,151.096036,31,0,2,1,3,0,0,0,1,0,7,50,0,9859,9859,1,30,0,3,0,0,0,0
1281959,3,2022,2022,4,2,8,41,27,102,91,0,1,9,-33.956338,151.226188,59,0,2,1,3,0,0,3,2,0,7,50,1,14295,14295,3,5,0,2,0,0,0,0
1281961,3,2022,2022,4,1,9,7,31,79,34609,0,1,9,-34.006587,150.730381,12,0,2,1,3,0,0,3,2,0,7,50,0,926,926,4,5,5,2,0,0,0,0
1281962,3,2022,2022,4,5,2,54,27,72,563,0,1,9,-34.023552,151.007856,68,0,2,1,3,0,0,0,0,2,7,80,2,2852,2852,4,8,10,2,0,0,0,0
1281963,3,2022,2022,4,6,1,2209,17,176,2205,1,0,9,-33.968872,151.13612,4,0,2,0,2,0,0,0,0,2,7,60,2,2585,4009,8,0,40,1,0,0,0,0
1281964,3,2022,2022,3,4,10,27,31,460,34609,0,1,10,-33.845757,150.985092,21,0,2,1,2,0,0,0,0,0,0,50,0,6545,6545,4,33,5,2,0,0,0,0
1281965,3,2022,2022,3,5,10,2209,17,64,2205,0,1,10,-34.383514,150.900176,80,0,2,1,3,0,0,0,0,2,7,80,2,5929,5929,1,9,13,2,0,0,0,0
1281969,3,2022,2022,4,3,6,232,36,34,331,0,1,2,-34.002218,150.778655,12,0,2,1,3,0,0,0,2,0,7,80,2,14295,14295,3,5,5,2,0,0,0,0
1281975,3,2022,2022,4,0,2,3371,17,137,3342,0,1,2,-32.96087,151.697528,37,0,2,0,2,0,0,0,0,0,7,60,2,418,714,5,5,40,1,0,0,0,0
1281985,3,2021,2021,9,4,10,44,31,48,34609,1,0,9,-32.72247,152.1394,57,2,1,1,2,0,3,0,0,0,7,50,0,489,489,8,0,40,1,0,0,0,0
1281990,3,2022,2022,4,5,1,4,31,93,34609,0,1,9,-36.077731,146.929809,0,2,1,1,3,0,0,0,0,0,7,50,0,9859,9859,1,5,36,2,0,0,0,0
1281991,3,2022,2022,4,2,0,2261,17,39,2252,0,1,9,-35.972093,147.004155,0,1,0,1,3,0,3,4,0,0,7,110,2,945,945,5,8,40,1,0,0,0,0
1281993,3,2022,2022,4,4,8,50,27,125,7,0,1,1,-33.859804,151.081972,67,0,2,1,3,0,0,0,2,0,7,50,1,14295,14295,3,9,5,2,0,0,0,0
1281995,3,2022,2022,4,0,7,3371,17,20,3342,0,1,2,-33.080056,151.650185,37,0,2,0,3,0,0,0,2,0,7,70,2,14295,14295,3,5,0,2,0,0,0,0
1282001,3,2022,2022,4,6,10,165,31,251,34609,0,1,1,-33.77742,150.935638,7,0,2,1,3,0,0,0,0,0,7,50,0,4026,4026,1,5,0,2,0,0,0,0
1282004,3,2022,2022,4,3,7,56,27,115,80,0,1,9,-33.873968,151.19241,69,0,2,1,1,0,0,0,2,2,7,40,2,5929,5929,1,5,5,2,0,0,0,0
1282007,3,2022,2022,3,0,7,330,23,123,233,0,1,2,-33.91183,151.223466,59,0,2,0,3,0,3,0,2,0,7,50,2,14295,14295,3,0,19,2,0,0,0,0
1282017,3,2022,2022,4,4,8,829,27,165,770,0,1,2,-33.847287,151.152046,14,0,2,1,1,0,0,0,2,0,7,60,2,1383,1383,1,33,5,3,0,0,0,0
1282042,3,2021,2021,2,1,6,178,27,189,101,0,1,1,-33.95384,151.051637,25,0,2,1,0,0,0,0,2,0,7,50,1,144,144,1,5,5,2,0,0,0,0
1282048,3,2021,2021,2,6,2,133,27,17,34609,0,1,1,-33.600173,151.327797,50,0,2,1,3,0,0,0,1,0,7,10,0,1282,1282,1,0,40,1,0,0,0,0
1282068,3,2022,2022,4,3,11,102,31,66,34609,0,1,1,-34.478666,150.883498,80,0,2,1,2,0,3,6,0,0,7,60,0,186,186,1,10,0,2,0,0,0,0
1282073,3,2021,2021,2,0,11,86,27,8,65,0,1,10,-29.826954,152.891918,18,2,1,1,2,0,0,0,0,0,0,50,1,4552,985,8,5,40,1,0,0,0,0
1282074,3,2022,2022,4,4,9,4,27,39,34609,0,1,9,-36.013378,146.992168,0,1,0,1,3,2,0,0,2,0,7,100,0,418,777,5,0,40,1,0,0,0,0
1282076,3,2021,2021,2,4,0,512,17,43,441,0,1,7,-32.551174,148.941045,22,2,1,0,2,0,0,0,0,0,0,50,2,6545,6545,4,21,5,2,0,0,0,0
1282082,3,2022,2022,4,4,3,293,10,5,172,0,1,9,-33.002852,151.643268,37,0,2,1,0,0,0,0,2,0,0,70,2,1850,777,5,8,40,1,0,0,0,0
1282084,3,2021,2021,2,3,10,55,27,137,34609,0,1,1,-32.953182,151.686186,37,0,2,0,2,0,0,0,0,0,7,60,0,3775,3775,0,0,5,2,0,0,0,0
1282087,3,2022,2022,4,0,1,1052,14,13,928,0,1,3,-33.700599,151.118261,36,0,2,0,0,0,3,3,0,0,7,110,2,1957,4009,8,9,40,1,0,0,0,0
1282088,3,2022,2022,4,2,4,38,27,56,70,0,1,2,-33.754522,150.776005,55,0,2,1,0,0,0,0,2,0,7,60,1,9859,9859,8,5,40,1,0,0,0,0
1282090,3,2021,2021,2,2,3,2126,17,161,2149,0,1,2,-33.888035,151.162073,32,0,2,1,1,0,0,0,2,0,7,60,2,9859,9859,8,30,40,1,0,0,0,0
1282103,3,2022,2022,4,2,0,84,10,10,80,0,1,1,-34.224456,150.985485,80,0,2,0,2,0,0,0,0,0,7,60,2,782,957,5,10,40,1,0,0,0,0
1282109,3,2022,2022,4,0,3,2126,17,363,2149,1,0,10,-33.818549,150.996413,54,0,2,0,1,0,0,0,2,2,7,60,2,515,515,1,33,5,2,0,0,0,0
1282122,3,2022,2022,4,5,1,3,10,27,34609,1,0,1,-32.767133,151.611736,42,2,1,0,2,0,0,0,0,0,7,50,0,1957,4009,8,5,40,1,0,0,0,0
1282130,3,2021,2021,2,0,7,12,31,370,34609,1,0,1,-34.066758,150.81598,13,0,2,1,1,0,0,3,2,0,7,50,0,1282,1282,1,33,5,2,0,0,0,0
1282131,3,2021,2021,2,0,1,3371,17,139,3342,0,1,10,-33.836667,151.20581,49,0,2,1,2,0,0,0,0,2,7,60,2,5929,5929,1,5,41,2,0,0,0,0
1282149,3,2021,2021,2,4,9,149,27,38,198,0,1,9,-34.053906,150.971195,68,0,2,1,2,0,0,0,3,2,7,70,2,395,395,1,33,5,2,0,0,0,0
1282151,3,2022,2022,4,0,6,224,18,150,34609,0,1,10,-33.921868,151.234408,59,0,2,1,3,0,0,0,2,0,0,50,0,6545,6545,4,5,36,2,0,0,0,0
1282154,3,2022,2022,4,1,3,1104,14,247,962,0,1,3,-33.815274,150.960288,21,0,2,1,3,0,0,0,1,0,7,90,2,14295,14295,3,5,13,4,0,0,0,0
1282155,3,2021,2021,11,1,3,1,1,168,34609,0,1,1,-33.71191,150.842524,7,0,2,1,3,0,0,0,2,0,7,50,0,1109,787,1,8,36,2,0,0,0,0
1282160,3,2022,2022,3,6,8,23,36,6,62,0,1,1,-29.791248,152.950805,18,1,0,0,3,0,3,4,3,0,7,100,1,1259,5151,8,0,40,1,0,0,0,0
1282162,3,2022,2022,4,2,7,3371,17,44,3342,0,1,2,-32.435225,152.191691,43,1,0,0,3,0,3,3,2,0,7,110,2,4552,5151,8,0,40,1,0,0,0,0
1282163,3,2022,2022,4,1,5,10,31,463,34609,0,1,1,-30.290416,153.131545,19,2,1,1,3,0,0,0,2,0,7,50,0,101,101,8,5,12,2,0,0,0,0
1282164,3,2022,2022,4,1,8,2261,17,41,2252,0,1,2,-35.035221,148.110216,20,1,0,1,3,0,0,0,2,0,7,110,2,475,475,5,29,40,1,0,0,0,0
1282169,3,2022,2022,4,6,7,330,27,106,605,0,1,9,-33.687604,151.304698,50,0,2,1,1,0,0,0,2,2,7,70,2,9859,9859,8,5,40,1,0,0,0,0
1282172,3,2022,2022,3,0,8,55,27,74,70,0,1,9,-33.722158,151.035111,31,0,2,1,1,0,0,3,2,2,7,60,2,5929,5929,1,5,40,2,0,0,0,0
1282174,3,2022,2022,4,4,8,481,17,562,483,0,1,1,-32.24321,148.605121,22,2,1,1,1,0,0,3,2,0,7,60,2,941,941,1,10,5,2,0,0,0,0
1282185,3,2022,2022,4,3,8,10,27,207,4,0,1,9,-31.95356,141.474616,51,2,1,1,0,0,0,0,2,0,7,50,1,941,941,1,5,40,1,0,0,0,0
1282192,3,2022,2022,4,1,0,78,27,20,34609,1,0,1,-31.034599,152.879176,34,2,1,1,2,0,0,6,0,0,7,50,0,4026,4026,1,0,0,2,0,0,0,0
1282199,3,2022,2022,3,6,4,24,1,609,115,0,1,10,-33.76666,150.905327,7,0,2,1,3,0,3,4,2,0,7,60,2,14295,14295,3,5,0,2,0,0,0,0
1282205,3,2022,2022,4,3,2,2126,17,38,2149,0,1,9,-33.776298,150.800889,55,0,2,1,2,0,0,0,1,0,0,80,2,4552,985,8,5,40,1,0,0,0,0
1282209,3,2022,2022,4,0,5,21,31,252,59,0,1,0,-33.884187,151.210156,69,0,2,1,1,0,0,0,2,0,7,40,1,1192,1192,1,5,5,3,0,0,0,0
1282230,3,2021,2021,2,2,10,11,27,10,34609,0,1,1,-29.021452,153.068125,60,1,0,0,0,0,0,0,0,0,7,100,0,4552,5151,8,5,40,1,0,0,0,0
1282232,3,2021,2021,2,5,0,6,30,79,34609,0,1,9,-33.972287,151.122746,25,0,2,0,0,0,0,0,0,0,7,50,0,2585,4009,8,0,40,1,0,0,0,0
1282235,3,2021,2021,2,6,5,21,31,25,34609,0,1,10,-32.938709,151.7667,48,0,2,1,3,0,0,0,2,0,0,50,0,6545,6545,4,5,5,3,0,0,0,0
1282239,3,2021,2021,2,5,8,40,27,108,34609,0,1,1,-33.80884,151.184664,77,0,2,1,2,0,3,3,2,0,7,50,0,9859,9859,8,0,40,1,0,0,0,0
1282265,3,2022,2022,4,0,9,12,27,56,34609,0,1,1,-32.716509,151.255954,64,2,1,1,3,0,0,0,3,0,7,80,0,1089,1089,7,0,40,1,0,0,0,0
1282266,3,2022,2022,3,4,0,334,17,7,308,0,1,9,-30.945368,151.40276,51,2,1,0,3,0,3,4,0,0,7,70,2,4552,5151,8,5,40,1,0,0,0,0
1282269,3,2022,2022,3,4,7,1104,14,223,962,0,1,3,-33.803004,150.895868,7,0,2,1,3,0,0,0,2,0,7,100,2,1391,1391,1,5,0,3,0,0,0,0
1282270,3,2022,2022,4,2,6,74,27,120,18,0,1,7,-33.773272,150.877029,7,0,2,1,3,0,0,0,2,0,0,60,1,6545,6545,4,0,5,2,0,0,0,0
1282272,3,2022,2022,3,4,8,344,27,88,163,0,1,1,-33.739781,150.8609,7,0,2,1,3,0,0,0,2,0,7,70,2,1391,1391,1,0,0,3,0,0,0,0
1282276,3,2022,2022,4,0,7,866,17,278,793,0,1,9,-33.777714,151.051952,54,0,2,1,1,0,3,3,2,2,7,60,2,1259,985,8,10,40,1,0,0,0,0
1282277,3,2022,2022,3,5,4,1104,14,140,962,0,1,3,-33.795653,150.846289,7,0,2,1,3,0,0,0,2,0,7,100,2,9859,9859,8,5,40,1,0,0,0,0
1282278,3,2022,2022,3,4,7,78,31,106,157,0,1,10,-28.85667,153.044901,60,2,1,1,3,0,3,4,2,0,0,50,2,6545,6545,4,0,41,2,0,0,0,0
1282281,3,2022,2022,4,4,6,1052,14,173,928,0,1,3,-33.702223,151.117968,31,0,2,1,1,0,0,0,2,0,7,110,2,14295,14295,3,0,5,3,0,0,0,0
1282290,3,2022,2022,4,4,7,829,27,149,770,0,1,2,-33.867727,151.175938,32,0,2,1,1,0,0,0,2,0,7,60,2,1282,1282,1,10,0,2,0,0,0,0
1282291,3,2022,2022,4,2,0,1,31,107,34609,1,0,9,-33.291074,151.429088,16,2,2,0,2,0,3,4,0,0,7,50,0,4552,5151,8,0,40,1,0,0,0,0
1282293,3,2022,2022,3,5,9,3,27,22,34609,0,1,9,-32.833939,150.015457,44,1,0,1,0,0,0,0,2,0,0,100,0,782,985,5,10,40,1,0,0,0,0
1282295,3,2022,2022,4,2,9,2,31,316,34609,0,1,10,-31.437035,152.917711,56,2,1,1,2,0,0,0,2,0,7,60,0,782,985,5,5,40,1,0,0,0,0
1282299,3,2022,2022,3,6,4,1104,14,323,962,0,1,3,-33.801784,150.877511,7,0,2,1,1,0,3,4,2,0,7,100,2,1192,1192,1,5,5,2,0,0,0,0
1282304,3,2021,2021,2,3,2,8,27,189,34609,0,1,1,-33.94356,151.046,15,0,2,0,0,0,3,4,1,0,7,50,0,4552,5151,8,21,40,1,0,0,0,0
1282306,3,2022,2022,4,4,7,31,27,157,34609,0,1,10,-34.020573,151.095121,68,0,2,1,1,0,0,0,2,0,15,50,0,6545,6545,4,5,5,2,0,0,0,0
1282307,3,2022,2022,4,4,8,191,17,8,189,0,1,1,-32.577288,151.028805,64,2,1,1,0,0,0,0,2,0,7,80,2,945,945,5,25,40,1,0,0,0,0
1282310,3,2022,2022,3,6,8,6,27,89,13,0,1,1,-33.659914,150.794074,55,0,2,1,0,0,0,0,2,0,7,80,1,14295,14295,3,10,13,2,0,0,0,0
1282320,3,2022,2022,4,3,8,8,27,29,147,0,1,7,-28.800668,153.591614,2,2,1,1,3,0,0,0,2,0,0,60,1,1383,1383,1,0,0,2,0,0,0,0
1282321,3,2022,2022,3,4,6,12,27,39,39,0,1,9,-33.56737,150.837542,29,2,2,1,3,0,0,0,2,0,7,60,2,1669,1669,3,8,5,2,0,0,0,0
1282322,3,2021,2021,2,2,8,191,17,3,189,0,1,1,-32.049151,149.757132,51,1,0,1,3,0,0,0,2,0,7,100,2,9859,9859,8,0,40,1,0,0,0,0
1282324,3,2021,2021,9,3,8,24,27,26,52,0,1,9,-33.916968,151.165802,32,0,2,1,1,0,3,4,2,0,0,50,1,2585,777,1,5,36,4,0,0,0,0
1282327,3,2022,2022,4,3,4,177,22,87,176,0,1,9,-34.049798,151.147331,68,0,2,1,3,0,0,0,2,0,7,60,2,2852,2852,4,5,0,2,0,0,0,0
1282330,3,2022,2022,4,3,0,224,27,387,321,0,1,10,-33.937921,151.194546,4,0,2,1,3,0,0,0,0,2,7,60,2,6545,6545,4,0,36,2,0,0,0,0
1282343,3,2022,2022,3,6,4,89,17,82,34609,0,1,1,-34.371417,150.897194,80,0,2,1,3,0,3,4,2,0,7,50,0,1391,1391,1,5,0,2,0,0,0,0
1282346,3,2022,2022,3,0,8,55,27,112,70,0,1,1,-33.709465,151.024572,31,0,2,0,3,0,3,3,2,0,7,60,2,14295,14295,3,10,5,3,0,0,0,0