Crash ID,Degree of crash - detailed,Reporting year,Year of crash,Month of crash,Day of week of crash,Two-hour intervals,Street of crash,Street type,Town,Route no.,School zone location,School zone active,Type of location,Latitude,Longitude,LGA,Urbanisation,Conurbation 1,Alignment,Street lighting,Road surface,Surface condition,Weather,Natural lighting,Signals operation,Other traffic control,Speed limit,Road classification,RUM - code,DCA - code,First impact type,Key TU type,Other TU type,No. of traffic units involved,No. killed,No. seriously injured,No. moderately injured,No. minor-other injured
1282348,3,2022,2022,3,0,7,10,27,115,10,0,1,9,-33.878428,151.185903,69,0,2,1,3,0,3,4,2,0,9,40,1,1282,1282,1,22,36,2,0,0,0,0
1282349,3,2022,2022,3,5,5,1104,14,323,962,0,1,3,-33.79265,150.834711,7,0,2,1,3,0,0,0,2,0,7,110,2,4026,4026,8,30,40,1,0,0,0,0
1282350,3,2022,2022,4,5,6,10,10,18,34609,0,1,9,-32.700723,151.52723,42,2,1,1,3,0,0,0,2,0,15,50,0,1259,985,8,0,40,1,0,0,0,0
1282351,3,2022,2022,4,1,6,3371,17,56,3342,0,1,2,-31.131796,152.825336,34,1,0,1,3,0,0,3,2,0,7,110,2,475,475,5,16,40,1,0,0,0,0
1282356,3,2022,2022,4,2,11,59,27,10,69,0,1,1,-34.090501,149.833354,51,1,0,0,3,0,3,4,0,0,7,100,1,2585,4009,8,5,40,1,0,0,0,0
1282358,3,2022,2022,3,4,5,109,36,19,108,0,1,1,-28.272683,153.508752,72,1,0,0,3,0,3,4,2,0,7,100,1,1957,4009,8,10,40,1,0,0,0,0
1282360,3,2022,2022,4,3,1,330,23,293,112,0,1,2,-33.93448,151.237903,59,0,2,1,3,0,0,6,0,0,7,50,2,9859,9859,8,5,40,1,0,0,0,0
1282363,3,2022,2022,4,1,8,11,1,234,34609,0,1,1,-34.28068,146.066186,28,2,1,0,3,0,0,0,2,0,7,50,0,4552,5151,8,0,40,1,0,0,0,0
1282367,3,2022,2022,4,3,8,2,7,115,34609,0,1,1,-33.748156,151.229686,50,0,2,1,3,0,0,0,2,0,7,50,0,4026,4026,1,5,0,2,0,0,0,0
1282374,3,2022,2022,3,6,9,103,27,149,167,0,1,10,-33.987513,151.134911,4,0,2,1,3,0,0,3,3,2,7,70,2,14295,14295,3,5,0,2,0,0,0,0
1282376,3,2022,2022,4,2,3,43,27,121,34609,0,1,1,-33.80329,151.290102,50,0,2,1,3,0,0,0,2,0,7,40,0,14295,14295,3,5,0,3,0,0,0,0
1282380,3,2022,2022,4,5,10,866,27,201,44,0,1,7,-34.004615,150.863008,13,0,2,1,3,0,0,0,3,0,0,60,1,4026,4026,8,5,40,1,0,0,0,0
1282382,3,2022,2022,4,2,11,9,31,104,34609,0,1,1,-33.830756,151.217382,49,0,2,1,3,0,0,0,0,0,7,50,0,248,248,1,0,5,3,0,0,0,0
1282383,3,2022,2022,3,4,3,57,27,122,34609,0,1,1,-33.423781,151.341156,16,2,2,1,3,0,3,3,2,0,7,50,0,1981,1981,4,5,5,2,0,0,0,0
1282385,3,2022,2022,4,0,11,2,10,85,34609,0,1,1,-33.78955,150.680631,55,0,2,0,2,0,0,0,0,0,7,50,0,2585,4009,8,0,40,1,0,0,0,0
1282390,3,2022,2022,4,2,6,2209,17,40,2205,0,1,2,-34.979216,150.590034,63,1,0,1,3,0,0,0,2,0,7,100,2,14295,14295,3,10,13,2,0,0,0,0
1282391,3,2021,2021,2,5,3,344,27,168,382,0,1,10,-33.712005,150.842153,7,0,2,1,3,0,0,0,2,2,7,80,2,5929,5929,1,10,5,2,0,0,0,0
1282395,3,2022,2022,4,0,0,27,31,44,34609,0,1,1,-32.401699,152.206394,43,2,1,1,2,0,0,0,0,0,7,50,0,4026,4026,8,5,40,1,0,0,0,0
1282398,3,2021,2021,11,0,5,9,27,4,34609,0,1,1,-28.585253,152.940389,51,1,0,0,0,0,0,0,2,0,7,100,0,2585,4009,8,30,40,1,0,0,0,0
1282412,3,2022,2022,4,4,9,82,27,12,34,0,1,1,-28.593497,153.088425,51,1,0,0,0,0,0,0,2,0,7,100,1,1957,4009,8,10,40,1,0,0,0,0
1282423,3,2022,2022,4,4,11,95,31,33,34609,0,1,1,-34.774353,150.687935,63,2,1,1,0,0,0,0,0,0,7,50,0,4026,4026,8,5,40,1,0,0,0,0
1282439,3,2022,2022,3,6,9,5,31,169,34609,0,1,9,-28.646007,153.616371,10,2,1,0,1,0,0,0,2,0,7,50,0,4552,5151,8,5,40,1,0,0,0,0
1282440,3,2022,2022,4,1,8,112,27,370,256,0,1,2,-34.057324,150.824131,13,0,2,1,1,0,0,0,2,0,7,60,2,3775,3775,0,0,12,6,0,0,0,0
1282441,3,2021,2021,2,6,7,3371,17,35,3342,0,1,2,-30.490719,152.982279,6,1,0,0,0,0,0,0,2,0,7,110,2,1957,4009,8,0,40,1,0,0,0,0
1282444,3,2022,2022,3,4,8,7,31,16,34609,0,1,1,-32.879044,151.616684,48,0,2,1,3,0,0,0,2,0,7,50,0,1981,1981,4,5,5,2,0,0,0,0
1282445,3,2022,2022,3,5,1,1,27,3,34609,0,1,1,-34.950895,148.933454,82,1,0,1,3,2,0,0,0,0,7,100,0,945,945,5,0,40,1,0,0,0,0
1282447,3,2022,2022,4,4,6,308,14,83,311,0,1,3,-33.881778,150.839963,41,0,2,1,0,0,3,4,2,0,7,100,2,1383,1383,1,29,5,2,0,0,0,0
1282448,3,2021,2021,10,1,5,13,27,44,18,0,1,1,-32.032522,150.827553,73,1,0,1,3,0,3,4,2,0,7,100,1,9859,9859,8,0,40,1,0,0,0,0
1282450,3,2022,2022,3,4,9,46,27,304,39,1,0,10,-33.908682,151.152406,32,0,2,1,3,0,0,3,4,2,7,60,1,1282,1282,1,5,5,2,0,0,0,0
1282451,3,2022,2022,4,1,7,11,27,105,34609,0,1,9,-32.716661,151.536576,42,2,1,0,3,0,0,0,2,0,7,60,0,3775,3775,0,0,0,2,0,0,0,0
1282452,3,2022,2022,3,1,2,515,14,202,518,0,1,3,-33.940845,151.023034,15,0,2,1,3,0,3,3,1,0,7,100,2,101,101,8,0,12,2,0,0,0,0
1282455,3,2022,2022,3,1,7,283,27,197,702,1,2,2,-33.948347,151.079707,25,0,2,1,3,0,3,4,2,0,7,40,2,1391,1391,1,5,0,2,0,0,0,0
1282458,3,2022,2022,3,3,3,1052,14,207,928,0,1,3,-33.567858,151.192346,31,0,2,1,3,0,3,4,1,0,7,110,2,9859,9859,8,5,40,1,0,0,0,0
1282460,3,2022,2022,3,4,5,500,27,145,799,0,1,10,-33.930022,151.069638,15,0,2,1,3,0,0,0,2,0,0,60,2,2852,2852,4,5,12,2,0,0,0,0
1282462,3,2022,2022,3,3,5,478,17,58,480,0,1,10,-33.433997,151.296483,16,2,2,1,3,0,3,3,2,2,7,60,2,1282,1282,1,8,5,2,0,0,0,0
1282464,3,2022,2022,3,5,8,2261,17,92,2252,0,1,3,-33.989255,150.85292,13,0,2,1,3,0,0,0,2,0,7,110,2,945,945,5,5,40,1,0,0,0,0
1282466,3,2022,2022,3,1,5,68,27,110,67,0,1,1,-33.792023,151.00112,54,0,2,1,3,0,3,0,2,0,7,60,1,9859,9859,1,5,0,2,0,0,0,0
1282470,3,2022,2022,4,6,7,2126,17,40,2149,1,0,9,-33.692156,150.545772,8,2,2,1,3,0,0,0,2,2,7,60,2,14295,14295,3,5,5,4,0,0,0,0
1282473,3,2022,2022,3,0,9,7,31,169,34609,0,1,1,-33.897911,151.212136,69,0,2,1,3,0,0,0,3,0,7,40,0,14295,14295,3,5,13,2,0,0,0,0
1282474,3,2022,2022,4,5,5,3371,17,19,3342,0,1,2,-28.81849,153.528484,2,1,0,0,3,0,0,0,2,0,7,110,2,1383,1383,1,10,40,2,0,0,0,0
1282476,3,2022,2022,3,6,6,2126,17,223,2149,0,1,2,-33.80309,150.91898,7,0,2,1,3,0,0,0,2,0,0,80,2,14295,14295,3,10,13,2,0,0,0,0
1282477,3,2022,2022,4,0,10,916,17,6,917,0,1,1,-30.584893,151.559908,51,1,0,1,3,0,3,4,0,0,7,100,2,4026,4026,8,5,40,1,0,0,0,0
1282478,3,2022,2022,3,0,5,125,27,57,123,0,1,2,-33.328919,151.428677,16,2,2,1,3,0,0,0,2,0,7,70,2,945,945,5,10,40,1,0,0,0,0
1282479,3,2022,2022,4,5,7,44,31,75,34609,0,1,1,-33.883859,151.110888,9,0,2,1,3,0,0,3,2,0,7,50,0,4026,4026,1,10,5,3,0,0,0,0
1282480,3,2022,2022,3,5,8,15,27,247,38,0,1,10,-33.81762,150.933852,21,0,2,1,3,0,0,0,2,2,7,60,2,2852,2852,4,0,5,2,0,0,0,0
1282484,3,2021,2021,4,3,7,23,1,198,34609,0,1,7,-33.905869,151.095467,15,0,2,1,3,0,0,0,2,0,0,50,0,1391,1391,1,5,5,2,0,0,0,0
1282485,3,2022,2022,3,4,4,1104,14,460,962,0,1,3,-33.82526,150.99039,54,0,2,1,3,0,0,0,2,0,7,90,2,1383,1383,1,8,5,2,0,0,0,0
1282486,3,2021,2021,9,3,2,2209,17,201,2205,0,1,2,-34.880142,150.604403,63,2,1,1,3,0,3,3,0,0,7,70,2,4026,4026,8,10,40,1,0,0,0,0
1282487,3,2022,2022,3,2,6,2209,17,130,2205,0,1,9,-34.461898,150.83849,80,0,2,1,3,0,0,0,2,2,7,60,2,1391,1391,1,5,0,2,0,0,0,0
1282488,3,2022,2022,3,6,8,1104,14,149,962,0,1,3,-33.816323,150.964652,21,0,2,1,3,0,0,0,3,0,7,90,2,14295,14295,3,5,5,4,0,0,0,0
1282489,3,2022,2022,3,4,10,2,1,363,34609,0,1,1,-33.749274,150.683348,55,0,2,1,3,0,0,0,0,0,7,50,0,4026,4026,1,30,12,3,0,0,0,0
1282490,3,2022,2022,4,4,7,1052,14,23,928,0,1,3,-33.318981,151.394786,16,1,2,1,3,0,0,0,2,0,7,110,2,4026,4026,8,30,40,1,0,0,0,0
1282492,3,2021,2021,2,0,10,45,27,304,96,0,1,9,-33.90862,151.160298,32,0,2,1,3,0,0,0,2,0,7,60,2,4026,4026,1,5,0,3,0,0,0,0
1282494,3,2022,2022,3,3,7,106,27,252,106,0,1,9,-33.927578,150.888153,41,0,2,1,3,0,0,0,2,2,7,70,2,1109,397,1,5,0,2,0,0,0,0
1282497,3,2022,2022,4,0,8,9,31,88,34609,0,1,9,-33.746446,150.856112,7,0,2,1,3,0,0,0,2,0,15,60,0,6545,6545,4,5,0,2,0,0,0,0
1282499,3,2022,2022,3,5,6,177,31,314,208,0,1,7,-33.860461,150.927897,24,0,2,1,3,0,0,3,2,0,7,60,1,5929,5929,1,5,5,2,0,0,0,0
1282501,3,2022,2022,3,5,3,23,27,8,34609,0,1,1,-28.754653,153.407242,39,1,0,0,3,0,3,3,1,0,7,100,0,1259,5151,8,5,40,1,0,0,0,0
1282502,3,2022,2022,4,3,4,5,27,84,34609,0,1,1,-33.784921,151.105256,61,0,2,1,3,0,0,0,2,0,7,50,0,220,220,8,0,40,1,0,0,0,0
1282505,3,2022,2022,3,5,7,55,10,96,47,0,1,7,-33.434834,151.395844,16,2,2,1,3,0,0,0,2,0,0,60,2,2852,2852,4,5,13,2,0,0,0,0
1282506,3,2022,2022,3,5,6,3,31,316,34609,0,1,10,-33.912619,151.245164,59,0,2,1,3,0,3,4,2,0,15,50,0,6545,6545,4,30,36,2,0,0,0,0
1282508,3,2022,2022,4,6,5,95,31,370,15,0,1,9,-34.060154,150.820129,13,0,2,1,3,0,3,4,2,2,7,60,1,926,926,4,0,5,2,0,0,0,0
1282518,3,2022,2022,4,1,7,36,36,2,139,0,1,1,-34.666663,146.45139,51,1,0,0,3,0,0,0,2,0,7,100,2,273,957,5,10,40,1,0,0,0,0
1282520,3,2021,2021,2,3,9,7,1,18,34609,0,1,1,-28.85928,153.58407,2,2,1,1,0,0,0,0,2,0,7,50,0,9859,9859,8,10,40,1,0,0,0,0
1282524,3,2022,2022,4,1,8,3371,17,25,3342,0,1,2,-32.713006,151.795248,57,1,0,1,1,0,0,0,2,0,7,110,2,14295,14295,3,10,2,2,0,0,0,0
1282527,3,2022,2022,4,2,3,1,27,109,34609,0,1,1,-33.956353,150.856553,41,0,2,1,1,0,0,0,1,0,7,50,0,9859,9859,1,5,0,2,0,0,0,0
1282529,3,2022,2022,4,3,1,14,27,609,34609,0,1,1,-33.770224,150.896355,7,0,2,1,2,0,0,0,0,0,7,50,0,9859,9859,1,5,5,3,0,0,0,0
1282531,3,2022,2022,3,4,10,500,27,145,799,0,1,10,-33.929428,151.072388,15,0,2,1,2,0,0,0,0,2,7,60,2,1383,1383,1,21,0,2,0,0,0,0
1282544,3,2022,2022,4,5,11,3,10,18,34609,0,1,1,-28.404091,153.56154,72,2,1,0,2,0,0,0,0,0,7,50,0,4552,5151,1,0,13,2,0,0,0,0
1282547,3,2021,2021,2,6,4,2126,17,22,2149,0,1,1,-33.576041,150.21747,40,2,1,1,3,0,0,0,2,0,7,80,2,1669,1669,3,5,13,2,0,0,0,0
1282549,3,2022,2022,3,6,1,3371,17,6,3342,0,1,2,-31.689651,152.733937,56,1,0,0,3,0,3,4,0,0,7,110,2,1957,4009,8,0,40,1,0,0,0,0
1282556,3,2022,2022,3,0,11,95,27,50,605,0,1,7,-33.642711,151.327976,50,0,2,1,2,0,3,3,0,0,0,60,2,9859,9859,8,10,40,1,0,0,0,0
1282577,3,2022,2022,4,4,8,14,1,30,18,1,0,1,-33.981019,151.14469,4,0,2,1,1,0,0,0,2,0,7,60,1,9859,9859,1,5,5,2,0,0,0,0
1282604,3,2022,2022,3,4,5,143,31,123,181,0,1,2,-33.884124,151.222975,81,0,2,1,3,0,0,0,2,0,7,50,2,387,387,1,19,5,2,0,0,0,0
1282606,3,2022,2022,3,5,3,57,27,9,75,0,1,1,-33.478312,151.291527,16,2,2,0,3,0,3,4,2,0,7,80,1,1957,4009,8,0,40,1,0,0,0,0
1282608,3,2022,2022,3,1,5,1,31,78,34609,0,1,9,-34.478736,150.847528,80,0,2,0,3,0,0,0,2,0,15,50,0,6545,6545,4,5,5,2,0,0,0,0
1282613,3,2022,2022,3,6,3,2126,17,90,2149,0,1,2,-33.806675,150.932959,7,0,2,1,3,0,0,0,2,0,7,80,2,14295,14295,3,5,5,3,0,0,0,0
1282616,3,2021,2021,2,2,11,72,27,44,34609,0,1,1,-33.212207,151.510917,16,2,2,1,2,0,0,0,0,0,7,50,0,4026,4026,1,33,5,2,0,0,0,0
1282618,3,2022,2022,4,6,2,109,27,460,2,0,1,1,-33.837293,150.993833,21,0,2,1,2,0,0,0,1,0,7,50,1,1109,787,1,33,5,2,0,0,0,0
1282620,3,2022,2022,4,0,11,14,36,15,34609,0,1,1,-28.30488,153.570951,72,2,1,1,2,0,3,4,0,0,7,50,0,9859,9859,1,10,5,2,0,0,0,0
1282621,3,2022,2022,4,2,8,4,1,37,34609,0,1,1,-33.02286,151.680337,37,0,2,1,0,0,0,0,2,0,7,50,0,4026,4026,1,0,6,2,0,0,0,0
1282625,3,2021,2021,2,2,1,225,17,50,180,0,1,1,-34.572081,150.67501,62,0,2,0,0,0,0,0,0,0,7,60,2,782,957,5,9,40,1,0,0,0,0
1282626,3,2022,2022,3,4,8,2209,17,95,34609,0,1,9,-34.400957,150.891674,80,0,2,1,3,0,0,0,2,0,15,60,0,5929,5929,1,5,0,2,0,0,0,0
1282627,3,2021,2021,9,4,11,7,31,20,34609,0,1,1,-33.081337,151.498614,37,0,2,0,0,0,3,4,0,0,7,50,0,2585,4009,8,5,40,1,0,0,0,0
1282635,3,2022,2022,3,3,6,48,31,121,102,0,1,1,-33.797903,151.284791,50,0,2,1,3,0,0,0,2,0,7,30,2,1383,1383,1,5,0,2,0,0,0,0
1282638,3,2022,2022,4,6,7,2126,17,40,2149,1,0,2,-33.692231,150.545859,8,2,2,1,3,0,0,0,2,0,7,60,2,204,204,1,5,5,2,0,0,0,0
1282639,3,2022,2022,3,6,10,149,27,52,198,0,1,1,-33.997761,150.996144,68,0,2,1,3,0,0,0,0,0,7,80,2,14295,14295,3,34,36,2,0,0,0,0
1282645,3,2022,2022,3,2,7,49,27,232,62,0,1,2,-33.690855,150.921221,7,0,2,1,3,0,0,0,2,0,7,70,2,14295,14295,3,0,5,3,0,0,0,0
1282647,3,2022,2022,3,0,6,55,27,74,70,0,1,7,-33.724343,151.03873,31,0,2,0,3,0,3,4,2,0,0,60,2,14295,14295,3,30,0,2,0,0,0,0
1282648,3,2022,2022,3,2,9,2,31,9,34609,0,1,1,-32.723949,149.050686,22,2,1,1,3,2,0,0,0,0,7,50,0,3775,3775,0,5,13,2,0,0,0,0
1282649,3,2022,2022,3,2,3,2209,17,33,2205,0,1,2,-34.77028,150.709157,63,1,0,1,3,0,3,4,2,0,7,100,2,9859,9859,8,5,40,1,0,0,0,0
1282650,3,2022,2022,3,3,10,3371,17,90,3342,0,1,6,-28.227486,153.558715,72,2,1,0,3,0,3,4,0,0,7,60,2,1957,4009,8,5,40,1,0,0,0,0
1282651,3,2022,2022,3,2,7,2209,17,106,2205,0,1,10,-34.555195,150.790763,62,0,2,1,3,0,0,0,2,0,7,70,2,5929,5929,1,10,5,2,0,0,0,0
1282659,3,2022,2022,3,0,9,230,27,173,284,0,1,2,-33.790613,151.129756,61,0,2,1,3,0,0,0,3,0,7,70,2,1945,1945,5,5,40,1,0,0,0,0
1282665,3,2022,2022,4,1,9,9,27,6,103,0,1,1,-28.567604,153.199988,39,2,1,0,0,0,0,0,2,0,7,80,1,404,404,8,10,40,1,0,0,0,0
1282669,3,2021,2021,2,6,0,30,31,283,34609,0,1,7,-33.83631,151.011595,21,0,2,1,2,0,0,0,0,0,0,50,0,9859,9859,1,5,5,2,0,0,0,0
1282670,3,2022,2022,3,6,7,2,31,84,34609,0,1,9,-33.896239,151.268491,76,0,2,1,0,0,0,0,2,0,0,50,0,6545,6545,4,5,5,2,0,0,0,0
1282673,3,2022,2022,4,5,3,1,31,65,34609,0,1,1,-33.799168,150.958131,54,0,2,1,0,0,0,0,2,0,7,50,0,1957,4009,1,3,5,2,0,0,0,0
1282684,3,2021,2021,9,1,10,39,10,103,34609,0,1,9,-28.822831,153.330457,39,2,1,1,2,0,0,0,0,0,7,50,0,4552,985,8,5,40,1,0,0,0,0
1282712,3,2022,2022,3,0,11,6,1,53,34609,0,1,10,-35.133915,147.358211,75,2,1,1,2,0,0,0,0,0,0,50,0,775,775,4,5,5,2,0,0,0,0
1282725,3,2022,2022,4,0,10,76,27,107,34609,0,1,1,-33.279349,151.422884,16,2,2,1,2,0,0,0,0,0,7,50,0,9859,9859,8,5,40,2,0,0,0,0
1282733,3,2021,2021,2,2,5,16,31,161,115,0,1,1,-33.725126,151.151669,36,0,2,1,0,0,0,0,2,0,7,60,1,14295,14295,3,5,5,4,0,0,0,0
1282748,3,2022,2022,3,3,0,15,27,34,34609,0,1,1,-33.498699,151.361345,16,2,2,0,3,0,3,0,0,0,7,50,0,1957,4009,1,5,5,2,0,0,0,0
1282752,3,2022,2022,4,6,11,97,31,363,92,0,1,10,-33.82415,150.994965,54,0,2,1,3,0,0,0,0,2,7,60,1,6545,6545,4,5,5,2,0,0,0,0
1282753,3,2022,2022,3,5,7,34,27,53,34609,0,1,10,-35.133351,147.361138,75,2,1,1,3,0,0,0,2,0,0,50,0,6545,6545,4,0,5,2,0,0,0,0
1282754,3,2022,2022,3,6,5,4,31,90,34609,0,1,1,-33.703663,150.31311,8,2,2,1,3,0,0,0,2,0,7,50,0,4026,4026,8,21,40,1,0,0,0,0
1282759,3,2022,2022,3,6,9,4,27,125,34609,1,0,9,-33.866974,151.077682,67,0,2,1,3,0,0,0,0,0,7,50,0,301,301,4,5,13,2,0,0,0,0
1282761,3,2022,2022,3,0,9,175,27,609,220,0,1,9,-33.768985,150.912195,7,0,2,1,3,0,0,0,3,0,7,60,2,14295,14295,3,5,5,4,0,0,0,0
1282762,3,2022,2022,3,6,2,21,27,23,15,0,1,1,-32.360895,149.26781,44,1,0,0,3,0,3,4,1,0,7,100,1,418,714,5,10,40,1,0,0,0,0
1282766,3,2021,2021,9,5,8,92,27,28,34609,0,1,1,-34.013478,151.072208,68,0,2,1,1,0,0,0,2,0,7,50,0,4026,4026,1,10,0,3,0,0,0,0
1282779,3,2021,2021,2,4,11,72,27,72,56,0,1,1,-33.794678,151.065356,54,0,2,1,2,0,3,4,0,0,7,60,2,14295,14295,3,9,5,3,0,0,0,0
1282785,3,2022,2022,3,6,5,1,27,532,34609,0,1,2,-33.865632,151.21896,69,0,2,1,3,0,0,0,2,0,7,30,0,186,186,1,10,19,2,0,0,0,0
1282786,3,2022,2022,3,6,5,3371,17,108,3342,0,1,2,-33.295639,151.422535,16,2,2,1,3,0,0,0,2,0,7,60,2,14295,14295,3,0,5,2,0,0,0,0
1282792,3,2022,2022,3,6,2,515,14,204,518,0,1,3,-33.936805,151.15127,4,0,2,1,3,0,0,0,0,0,7,80,2,1383,1383,1,8,5,2,0,0,0,0
1282793,3,2022,2022,3,1,5,2126,17,247,2149,0,1,2,-33.808218,150.935939,21,0,2,0,3,0,3,4,2,0,7,80,2,515,515,1,10,19,2,0,0,0,0
1282794,3,2022,2022,3,6,9,30,31,169,769,0,1,10,-33.598046,150.749448,29,2,2,1,3,0,0,0,2,0,15,50,2,6545,6545,4,5,13,2,0,0,0,0
1282795,3,2022,2022,4,3,10,2261,17,41,2252,0,1,2,-35.012786,148.110263,20,1,0,1,3,0,3,4,0,0,7,110,2,475,475,5,3,40,1,0,0,0,0
1282816,3,2021,2021,2,1,6,55,27,151,160,1,0,10,-34.02943,150.848208,13,0,2,1,1,0,0,0,2,2,7,60,2,14295,14295,3,0,5,3,0,0,0,0
1282823,3,2022,2022,3,1,10,65,31,609,115,0,1,10,-33.766834,150.905173,7,0,2,1,3,0,3,4,0,2,7,60,2,5929,5929,1,5,5,2,0,0,0,0
1282824,3,2022,2022,4,0,11,4,25,13,34609,0,1,1,-33.768317,151.282579,50,0,2,1,3,0,0,0,0,0,7,50,0,9859,9859,1,30,0,2,0,0,0,0
1282827,3,2021,2021,9,3,2,30,27,55,93,0,1,2,-33.746473,150.90945,7,0,2,1,2,0,3,4,1,0,7,60,1,4026,4026,8,0,40,1,0,0,0,0
1282829,3,2022,2022,3,3,5,5,31,55,34609,0,1,9,-33.879961,151.27725,76,0,2,1,3,0,0,0,2,0,7,50,0,941,941,1,5,5,3,0,0,0,0
1282830,3,2022,2022,3,2,6,387,27,290,331,0,1,9,-33.951897,151.123752,4,0,2,1,3,0,0,0,2,0,7,60,2,1391,1391,1,0,0,3,0,0,0,0
1282831,3,2022,2022,3,2,11,171,1,90,93,0,1,7,-33.784299,150.954122,54,0,2,1,3,0,0,0,0,0,0,60,1,475,475,5,5,40,1,0,0,0,0
1282832,3,2022,2022,3,5,6,481,17,77,483,0,1,9,-30.326271,149.782628,51,2,1,1,3,0,0,0,2,0,0,50,2,1850,985,5,26,40,1,0,0,0,0
1282833,3,2022,2022,3,0,5,44,31,69,34609,0,1,1,-32.931944,151.745546,48,0,2,1,3,0,3,4,2,0,7,50,0,9859,9859,8,5,40,2,0,0,0,0
1282834,3,2022,2022,4,0,8,18,27,6,20,0,1,1,-33.698903,149.970408,51,1,0,0,3,0,3,4,2,0,7,100,2,782,957,5,5,40,1,0,0,0,0
1282837,3,2022,2022,3,1,9,127,27,182,169,0,1,9,-32.831612,151.35801,17,2,1,1,3,0,3,3,2,2,7,60,2,5929,5929,1,5,5,2,0,0,0,0
1282838,3,2022,2022,3,5,4,7,31,273,34609,0,1,7,-34.43511,150.890652,80,0,2,1,3,0,0,0,2,0,7,50,0,5929,5929,1,10,5,2,0,0,0,0
1282839,3,2022,2022,3,3,3,4,10,22,34609,0,1,1,-34.065251,150.802484,13,0,2,0,3,0,3,0,1,0,7,50,0,4552,5151,1,30,5,2,0,0,0,0
1282841,3,2022,2022,3,2,10,4,31,72,34609,0,1,9,-33.791751,151.049377,54,0,2,1,3,0,0,0,2,0,7,50,0,9859,9859,1,5,5,2,0,0,0,0
1282842,3,2021,2021,2,2,5,293,31,128,369,0,1,10,-33.619207,150.807343,29,2,2,1,0,0,0,0,2,0,0,60,2,6545,6545,4,10,5,2,0,0,0,0
1282851,3,2022,2022,4,2,8,39,27,112,51,0,1,1,-33.666198,151.037571,31,0,2,1,3,0,0,0,2,0,7,60,2,3775,3775,0,5,0,2,0,0,0,0
1282867,3,2022,2022,4,6,9,5,27,5,18,0,1,1,-35.941743,145.922644,51,1,0,1,3,0,0,0,2,0,7,100,1,4026,4026,8,5,40,1,0,0,0,0
1282869,3,2021,2021,2,0,9,171,31,273,34609,0,1,7,-34.420281,150.898608,80,0,2,1,2,0,0,0,2,0,0,50,0,5929,5929,1,5,5,2,0,0,0,0
1282870,3,2022,2022,3,2,6,3,1,173,34609,1,0,0,-33.878594,151.223873,69,0,2,0,0,0,0,0,2,0,7,40,0,387,387,1,5,5,2,0,0,0,0
1282872,3,2022,2022,3,1,11,24,31,30,34609,0,1,1,-34.495016,150.80845,80,0,2,0,0,0,3,4,0,0,7,50,0,4552,5151,1,5,13,3,0,0,0,0
1282876,3,2022,2022,3,4,3,1104,14,39,962,0,1,6,-33.782814,150.753388,55,0,2,1,0,0,0,0,2,2,7,70,2,14295,14295,3,0,5,2,0,0,0,0
1282878,3,2022,2022,4,0,11,6,31,106,34609,0,1,1,-33.670612,151.311404,50,0,2,1,2,0,3,3,0,0,7,50,0,9859,9859,1,5,36,2,0,0,0,0
1282880,3,2022,2022,4,2,11,27,36,27,34609,0,1,1,-30.148665,153.186137,19,2,1,1,2,2,0,0,0,0,7,40,0,4026,4026,8,10,40,1,0,0,0,0
1282885,3,2022,2022,4,0,5,8,10,16,34609,0,1,1,-33.388399,149.583914,3,2,1,1,3,0,0,0,2,0,7,80,0,14295,14295,3,10,13,2,0,0,0,0
1282887,3,2022,2022,4,3,0,29,31,56,34609,0,1,1,-31.470922,152.731483,56,2,1,1,2,0,3,0,0,0,7,50,0,9859,9859,1,5,5,2,0,0,0,0
1282888,3,2022,2022,3,3,8,40,10,40,18,0,1,9,-34.420022,150.88851,80,0,2,1,1,0,3,4,2,3,7,50,1,9859,9859,8,5,40,1,0,0,0,0
1282908,3,2022,2022,4,1,11,2209,17,50,2205,0,1,10,-34.354452,150.910001,80,0,2,1,2,0,0,0,0,2,7,80,2,9859,9859,8,5,40,1,0,0,0,0
1282912,3,2022,2022,4,5,10,16,27,316,34609,0,1,10,-33.903687,151.243013,59,0,2,1,2,0,0,0,0,0,0,50,0,4026,4026,8,33,40,2,0,0,0,0
1282915,3,2022,2022,3,1,2,4,10,85,34609,1,0,9,-33.796762,150.676823,55,0,2,0,2,0,3,3,0,0,0,50,0,4552,5151,8,10,40,1,0,0,0,0
1282919,3,2022,2022,4,2,10,12,27,337,34609,0,1,1,-33.713176,151.022132,31,0,2,1,2,0,3,4,0,0,7,60,0,3775,3775,0,0,0,2,0,0,0,0
1282920,3,2022,2022,3,1,7,2126,17,40,2149,1,2,2,-33.691783,150.545315,8,2,2,0,1,0,3,4,2,0,7,40,2,14295,14295,3,0,0,3,0,0,0,0
1282926,3,2022,2022,4,1,2,27,27,9,35,0,1,1,-28.392334,152.630199,51,1,0,0,0,0,0,0,1,0,7,100,1,2585,4009,8,8,40,1,0,0,0,0
1282927,3,2022,2022,4,1,9,387,27,115,331,0,1,9,-33.957826,151.067352,25,0,2,1,1,0,0,0,2,0,7,60,2,9859,9859,8,9,40,1,0,0,0,0
1282930,3,2022,2022,4,0,9,93,10,58,13,0,1,6,-34.409063,150.889628,80,0,2,0,1,0,0,0,2,0,7,60,2,1957,4009,8,5,40,1,0,0,0,0
1282931,3,2021,2021,2,1,8,22,27,46,93,1,0,9,-33.786384,150.965589,54,0,2,1,1,0,0,0,2,2,7,60,1,2852,2852,4,5,5,2,0,0,0,0