Crash ID,Degree of crash - detailed,Reporting year,Year of crash,Month of crash,Day of week of crash,Two-hour intervals,Street of crash,Street type,Town,Route no.,School zone location,School zone active,Type of location,Latitude,Longitude,LGA,Urbanisation,Conurbation 1,Alignment,Street lighting,Road surface,Surface condition,Weather,Natural lighting,Signals operation,Other traffic control,Speed limit,Road classification,RUM - code,DCA - code,First impact type,Key TU type,Other TU type,No. of traffic units involved,No. killed,No. seriously injured,No. moderately injured,No. minor-other injured
1282938,3,2022,2022,3,2,1,3371,17,35,3342,0,1,2,-32.092521,152.394206,43,1,0,0,2,0,3,4,0,0,7,100,2,782,957,5,3,40,1,0,0,0,0
1282949,3,2022,2022,4,3,10,54,27,284,18,0,1,1,-33.898685,151.03453,15,0,2,1,0,0,0,0,0,0,7,60,1,190,190,1,30,5,2,0,0,0,0
1282954,3,2022,2022,4,1,7,163,27,73,165,0,1,9,-33.755215,150.805614,7,0,2,1,0,0,0,0,2,0,15,60,1,2852,2852,4,5,5,2,0,0,0,0
1282955,3,2022,2022,3,2,0,7,10,169,34609,0,1,1,-28.633805,153.58242,10,2,1,1,0,0,3,4,0,0,7,50,0,9859,9859,1,33,0,2,0,0,0,0
1282980,3,2022,2022,4,3,1,47,27,293,69,0,1,1,-33.941808,151.240631,59,0,2,1,3,0,0,0,0,0,7,60,1,9859,9859,1,5,5,2,0,0,0,0
1282983,3,2022,2022,3,6,8,1,6,49,34609,0,1,1,-33.000636,151.684193,37,0,2,1,2,0,0,0,2,0,7,50,0,9859,9859,1,5,0,2,0,0,0,0
1282992,3,2022,2022,3,6,4,48,31,11,34609,0,1,9,-33.802382,151.214676,77,0,2,1,3,0,0,0,2,0,7,50,0,9859,9859,8,0,40,1,0,0,0,0
1283008,3,2021,2021,2,0,5,3371,17,28,3342,0,1,2,-32.651323,151.892655,57,1,0,1,3,0,0,0,2,0,7,100,2,9859,9859,8,5,40,1,0,0,0,0
1283012,3,2022,2022,3,0,4,3,1,136,34609,0,1,9,-32.917297,151.704434,48,0,2,1,3,0,0,0,2,0,7,50,0,6545,6545,4,5,0,2,0,0,0,0
1283014,3,2022,2022,3,1,6,2261,17,30,2252,0,1,9,-34.799358,148.534606,30,1,0,0,3,0,0,0,2,0,7,110,2,1850,1463,5,10,40,1,0,0,0,0
1283015,3,2022,2022,3,1,5,1,27,4,34609,0,1,1,-32.038288,151.871163,43,1,0,1,3,0,3,0,2,0,7,90,0,9859,9859,8,10,40,1,0,0,0,0
1283016,3,2022,2022,3,6,11,25,31,149,34609,0,1,1,-33.358809,151.372474,16,2,2,1,3,0,3,4,0,0,7,50,0,9859,9859,8,5,40,1,0,0,0,0
1283018,3,2021,2021,2,6,3,2261,17,140,2252,0,1,2,-33.900543,150.997987,15,0,2,1,1,0,0,0,2,0,7,70,2,1383,1383,1,5,5,2,0,0,0,0
1283023,3,2022,2022,3,4,9,49,22,41,96,0,1,9,-32.970724,151.638057,37,0,2,1,3,0,3,4,0,2,7,60,2,14295,14295,3,5,0,2,0,0,0,0
1283025,3,2022,2022,3,0,1,481,17,562,483,0,1,1,-32.243643,148.608349,22,2,1,1,3,0,0,0,0,0,7,60,2,9859,9859,8,5,40,1,0,0,0,0
1283026,3,2022,2022,3,1,10,26,27,232,34609,1,0,1,-33.68379,150.931545,71,0,2,1,3,0,0,3,0,0,7,60,0,945,945,5,5,40,1,0,0,0,0
1283027,3,2022,2022,3,6,3,1,25,19,34609,0,1,9,-35.853569,150.17028,23,2,1,1,3,0,0,0,2,0,7,50,0,83,83,1,8,5,2,0,0,0,0
1283029,3,2022,2022,3,2,6,10,31,460,34609,0,1,7,-33.82589,150.979715,21,0,2,0,3,0,0,0,2,0,0,50,0,4552,5151,8,0,40,1,0,0,0,0
1283030,3,2022,2022,3,1,9,32,31,252,34609,0,1,0,-33.88739,151.210322,69,0,2,1,3,0,0,0,4,0,7,40,0,1981,1981,4,10,39,2,0,0,0,0
1283037,3,2022,2022,4,3,10,89,36,68,81,0,1,1,-34.708331,148.839171,82,1,0,0,3,0,3,0,4,0,7,100,2,2585,4009,8,5,40,1,0,0,0,0
1283040,3,2022,2022,4,6,8,2209,17,201,2205,0,1,9,-34.876982,150.605152,63,2,1,1,1,0,0,0,2,2,7,70,2,1669,1669,3,5,36,2,0,0,0,0
1283045,3,2022,2022,3,5,9,26,27,56,68,0,1,9,-33.802485,151.206001,77,0,2,1,3,0,0,0,0,0,15,60,1,301,301,4,5,36,2,0,0,0,0
1283046,3,2022,2022,3,3,7,2,25,115,34609,0,1,9,-33.745256,151.214311,50,0,2,1,3,0,0,0,2,0,7,40,0,9859,9859,1,5,25,3,0,0,0,0
1283057,3,2022,2022,3,4,9,191,17,25,189,0,1,9,-32.403639,150.72013,46,1,0,1,3,0,3,4,3,0,0,100,2,14295,14295,3,0,5,2,0,0,0,0
1283058,3,2022,2022,3,0,9,255,27,62,172,0,1,7,-32.923265,151.610167,37,0,2,0,3,0,3,4,0,0,0,60,2,1957,4009,8,5,40,1,0,0,0,0
1283060,3,2022,2022,3,3,7,829,1,225,34609,0,1,1,-33.793965,151.190614,77,0,2,1,3,0,0,0,2,0,7,50,0,1282,1282,1,5,5,2,0,0,0,0
1283061,3,2022,2022,3,5,10,32,31,132,26,0,1,1,-29.771104,151.115206,33,2,1,1,3,0,0,0,0,0,7,40,1,144,144,1,10,5,2,0,0,0,0
1283064,3,2022,2022,3,0,7,1104,14,323,962,0,1,3,-33.796278,150.847499,7,0,2,1,3,0,0,0,2,0,7,100,2,1282,1282,1,5,10,2,0,0,0,0
1283066,3,2022,2022,3,5,3,102,31,107,53,0,1,9,-33.883471,151.198262,69,0,2,1,3,0,0,0,2,0,0,50,2,1669,1669,3,5,5,2,0,0,0,0
1283067,3,2022,2022,3,6,5,330,23,123,233,0,1,10,-33.886648,151.219046,69,0,2,1,3,0,0,0,2,2,7,60,2,926,926,4,0,5,2,0,0,0,0
1283069,3,2022,2022,3,3,8,500,27,145,799,0,1,9,-33.930028,151.069638,15,0,2,1,3,0,0,0,2,0,7,60,2,1669,1669,3,5,5,2,0,0,0,0
1283070,3,2022,2022,3,2,5,34,31,169,99,0,1,10,-33.90088,151.214942,69,0,2,1,3,0,3,0,2,2,7,50,2,623,623,3,9,5,2,0,0,0,0
1283071,3,2022,2022,3,2,9,79,10,18,231,0,1,1,-33.47389,151.32372,16,2,2,0,1,0,3,4,2,0,7,60,2,1957,4009,8,5,40,1,0,0,0,0
1283072,3,2022,2022,3,1,0,1,1,62,34609,0,1,9,-33.747004,151.265884,50,0,2,1,2,0,0,0,0,0,7,50,0,2585,777,1,5,5,3,0,0,0,0
1283087,3,2022,2022,4,3,0,193,27,438,103,0,1,9,-33.863079,151.027679,21,0,2,1,2,0,0,0,0,2,7,60,1,4552,985,8,5,40,1,0,0,0,0
1283090,3,2022,2022,3,0,0,3,1,131,34609,0,1,1,-36.071144,146.919065,0,2,1,1,2,0,0,0,0,0,7,50,0,220,220,8,0,40,1,0,0,0,0
1283095,3,2021,2021,2,3,3,255,27,71,166,0,1,1,-33.262571,151.522812,16,2,2,1,1,0,0,0,2,0,7,50,2,9859,9859,1,5,5,3,0,0,0,0
1283096,3,2022,2022,3,1,8,14,31,40,34609,0,1,1,-34.411282,150.882025,80,0,2,1,3,0,0,0,2,0,7,50,0,941,941,1,5,5,2,0,0,0,0
1283100,3,2022,2022,3,6,7,3,27,8,39,0,1,1,-32.473327,149.5004,44,1,0,0,0,0,0,0,2,0,7,100,2,1957,4009,8,5,40,1,0,0,0,0
1283112,3,2022,2022,3,6,8,51,27,95,45,0,1,9,-33.744275,150.841469,7,0,2,1,3,0,0,0,3,0,0,60,1,5929,5929,1,5,5,2,0,0,0,0
1283113,3,2022,2022,3,5,7,15,27,112,70,0,1,7,-33.689949,151.016513,71,0,2,1,3,0,0,0,2,0,0,50,1,6545,6545,4,5,5,2,0,0,0,0
1283114,3,2022,2022,3,0,7,19,27,23,34609,1,0,1,-34.019004,151.031358,68,0,2,1,3,0,0,0,2,0,7,60,0,9859,9859,1,5,5,2,0,0,0,0
1283115,3,2022,2022,4,4,6,32,31,609,34609,0,1,1,-33.786457,150.910909,7,0,2,1,3,0,0,0,2,0,7,50,0,9859,9859,1,5,5,2,0,0,0,0
1283119,3,2022,2022,3,1,5,24,27,246,34609,0,1,2,-33.91347,151.186064,69,0,2,1,3,0,0,0,2,0,7,50,0,1981,1981,4,5,12,2,0,0,0,0
1283124,3,2022,2022,3,1,8,17,1,22,34609,0,1,9,-33.796349,151.276343,50,0,2,1,1,0,0,0,2,0,7,50,0,9859,9859,1,5,5,2,0,0,0,0
1283125,3,2022,2022,3,2,8,21,7,62,14,0,1,7,-33.89256,151.143832,32,0,2,1,0,0,3,4,2,0,7,60,1,6545,6545,4,33,0,2,0,0,0,0
1283127,3,2022,2022,3,3,6,2,31,128,34609,0,1,1,-33.426769,151.329746,16,2,2,1,3,0,0,0,2,0,7,50,0,1109,787,1,5,0,2,0,0,0,0
1283128,3,2022,2022,4,1,7,500,27,145,799,0,1,10,-33.929428,151.072388,15,0,2,1,3,0,0,0,2,2,7,60,2,1669,1669,3,5,36,2,0,0,0,0
1283129,3,2022,2022,3,6,10,61,31,92,45,0,1,2,-33.86947,150.963096,24,0,2,1,3,0,0,0,2,0,7,60,1,9859,9859,8,5,40,1,0,0,0,0
1283134,3,2022,2022,3,3,4,251,14,104,124,0,1,6,-33.829894,151.214685,49,0,2,1,1,0,0,0,2,0,7,60,2,1192,1192,1,5,5,2,0,0,0,0
1283140,3,2022,2022,3,4,11,51,31,29,34609,0,1,1,-31.089363,150.934308,70,2,1,1,2,0,0,0,0,0,7,50,0,9859,9859,1,5,0,2,0,0,0,0
1283159,3,2022,2022,4,2,3,7,27,24,18,0,1,10,-35.970654,146.009561,51,2,1,1,0,0,0,0,1,0,0,80,1,1669,1669,3,10,0,2,0,0,0,0
1283161,3,2022,2022,3,3,1,7,27,115,52,0,1,1,-33.9098,151.175346,32,0,2,0,2,0,0,3,0,0,7,60,1,3775,3775,0,5,5,2,0,0,0,0
1283178,3,2022,2022,3,4,4,98,31,100,159,0,1,10,-33.95705,151.147148,4,0,2,1,3,0,0,0,2,2,7,60,2,186,186,1,10,5,2,0,0,0,0
1283179,3,2022,2022,3,0,8,175,27,609,220,0,1,2,-33.765739,150.912687,7,0,2,1,3,0,0,0,2,0,7,60,2,1391,1391,1,5,5,2,0,0,0,0
1283180,3,2022,2022,3,6,10,1,10,228,34609,0,1,9,-34.767332,149.730025,26,2,1,1,3,0,0,0,3,0,7,50,0,175,188,8,30,40,1,0,0,0,0
1283186,3,2022,2022,3,1,7,916,17,53,917,0,1,7,-31.096855,150.93855,70,2,1,0,3,0,0,0,2,0,7,60,2,1282,1282,1,5,35,2,0,0,0,0
1283187,3,2022,2022,3,2,8,512,17,562,441,0,1,1,-32.259424,148.64578,22,2,1,1,3,0,0,0,2,0,7,70,2,9859,9859,1,5,5,2,0,0,0,0
1283188,3,2022,2022,3,4,3,485,27,42,769,0,1,9,-33.705493,150.934459,71,0,2,1,3,0,3,0,2,2,7,80,2,14295,14295,3,5,5,2,0,0,0,0
1283189,3,2022,2022,3,0,7,11,31,105,34609,0,1,10,-32.591831,149.578452,44,2,1,1,3,0,0,0,2,0,0,50,0,1282,1282,1,0,5,2,0,0,0,0
1283190,3,2022,2022,3,0,5,100,31,157,38,0,1,10,-33.803199,151.003199,54,0,2,1,3,0,0,0,2,2,7,60,1,926,926,4,5,5,2,0,0,0,0
1283192,3,2022,2022,4,3,1,171,18,433,34609,0,1,1,-33.288296,149.082818,52,2,1,1,2,0,0,0,0,0,7,50,0,4026,4026,8,16,40,1,0,0,0,0
1283193,3,2022,2022,4,4,9,117,1,210,121,0,1,10,-34.041589,151.111651,68,0,2,1,0,0,0,0,2,2,7,60,1,4552,985,8,5,40,2,0,0,0,0
1283195,3,2022,2022,3,0,6,5,31,290,34609,0,1,1,-33.851894,151.001941,21,0,2,1,1,0,3,4,2,0,7,50,0,1981,1981,4,0,19,2,0,0,0,0
1283197,3,2022,2022,3,2,4,97,27,271,799,0,1,9,-33.934491,151.006405,15,0,2,1,3,0,0,3,2,0,7,70,2,14295,14295,3,5,0,2,0,0,0,0
1283215,3,2022,2022,3,0,3,2,31,219,34609,0,1,1,-32.904831,151.67028,48,0,2,1,1,0,0,0,1,0,7,50,0,9859,9859,1,10,5,2,0,0,0,0
1283222,3,2022,2022,3,0,5,51,27,28,63,0,1,9,-34.558604,150.84405,62,0,2,1,1,0,0,0,2,2,7,70,2,2852,2852,4,0,5,2,0,0,0,0
1283224,3,2022,2022,3,2,9,1,31,218,34609,0,1,9,-33.771533,150.77043,55,0,2,1,0,0,0,0,2,0,7,50,0,1109,787,1,5,5,2,0,0,0,0
1283237,3,2022,2022,3,2,6,2209,17,33,2205,0,1,2,-34.742315,150.818935,35,1,0,1,0,0,3,4,2,0,7,100,2,4026,4026,8,5,40,2,0,0,0,0
1283252,3,2022,2022,3,6,2,34,27,57,799,0,1,9,-33.898928,151.169476,32,0,2,1,2,0,3,4,0,2,7,60,2,9859,9859,8,5,40,1,0,0,0,0
1283275,3,2022,2022,4,0,8,361,32,290,42,0,1,1,-33.853344,150.985474,21,0,2,1,0,0,0,0,2,0,7,50,1,1981,1981,4,5,12,2,0,0,0,0
1283277,3,2021,2021,9,0,7,49,27,232,62,0,1,2,-33.690547,150.921997,7,0,2,1,1,0,0,3,2,0,7,70,2,14295,14295,3,34,5,3,0,0,0,0
1283282,3,2021,2021,2,2,8,3,6,57,34609,0,1,1,-33.442207,151.376227,16,2,2,1,1,0,0,0,2,0,7,50,0,237,162,8,5,40,4,0,0,0,0
1283294,3,2022,2022,3,2,9,6,31,37,34609,0,1,1,-33.90543,151.257445,76,0,2,1,0,0,0,6,2,0,7,50,0,9859,9859,1,8,5,2,0,0,0,0
1283306,3,2022,2022,4,3,7,3,27,127,34609,0,1,9,-33.83524,150.850776,24,0,2,0,1,0,0,0,2,0,0,60,0,4552,5151,8,5,40,1,0,0,0,0
1283309,3,2022,2022,3,5,4,5,31,271,34609,0,1,1,-33.95521,151.015384,15,0,2,1,1,0,0,0,2,0,7,50,0,9859,9859,1,8,0,2,0,0,0,0
1283328,3,2021,2021,9,2,1,8,10,164,34609,0,1,1,-33.726484,150.909209,7,0,2,0,2,0,0,0,0,0,7,50,0,52,52,6,5,40,1,0,0,0,0
1283340,3,2022,2022,3,6,8,2209,17,273,2205,0,1,7,-34.419333,150.892513,80,0,2,1,3,0,0,0,2,0,0,50,2,217,217,1,5,5,2,0,0,0,0
1283344,3,2022,2022,3,6,9,2,10,57,34609,0,1,1,-33.441686,151.37858,16,2,2,0,3,0,0,0,2,0,7,50,0,1957,4009,8,5,40,1,0,0,0,0
1283349,3,2022,2022,3,6,2,12,1,11,34609,0,1,1,-34.839774,150.62311,63,2,1,1,0,0,3,4,1,0,7,60,0,4026,4026,8,5,40,1,0,0,0,0
1283351,3,2022,2022,3,3,11,21,27,9,34609,0,1,1,-34.504994,146.246181,51,1,0,0,3,0,0,0,0,0,7,100,0,4552,5151,8,5,40,1,0,0,0,0
1283353,3,2022,2022,3,0,3,73,24,65,88,0,1,9,-33.708886,151.284059,50,0,2,1,3,0,0,0,2,0,0,70,2,2852,2852,4,0,5,2,0,0,0,0
1283355,3,2022,2022,3,1,8,27,1,134,34609,0,1,10,-33.507828,151.3237,16,2,2,1,3,0,0,0,2,0,0,50,0,5929,5929,1,0,5,2,0,0,0,0
1283357,3,2022,2022,3,6,7,7,27,144,34609,0,1,1,-34.046224,151.016121,68,0,2,1,3,0,0,0,2,0,7,50,0,9859,9859,1,30,3,2,0,0,0,0
1283358,3,2022,2022,3,4,3,55,36,22,95,0,1,1,-33.207927,148.763768,11,1,0,1,3,0,0,0,1,0,7,100,2,945,945,5,0,40,1,0,0,0,0
1283359,3,2022,2022,4,5,7,97,31,363,92,0,1,9,-33.820556,150.995905,54,0,2,1,3,0,0,0,2,0,0,60,1,5929,5929,1,0,10,2,0,0,0,0
1283360,3,2022,2022,3,0,5,11,7,77,52,0,1,1,-33.922343,151.157869,32,0,2,1,3,0,3,4,2,0,7,50,1,9859,9859,8,9,40,1,0,0,0,0
1283362,3,2021,2021,2,4,5,2261,17,140,2252,0,1,2,-33.897054,150.992375,15,0,2,1,0,0,0,0,2,0,7,70,2,9859,9859,8,10,40,1,0,0,0,0
1283364,3,2022,2022,3,0,5,62,31,42,34609,0,1,1,-35.997463,146.3864,51,2,1,1,3,0,0,0,2,0,7,50,0,1981,1981,4,30,5,2,0,0,0,0
1283366,3,2022,2022,3,4,4,134,10,363,133,0,1,2,-33.808817,151.02375,54,0,2,1,3,0,0,0,2,0,7,70,2,1391,1391,1,5,0,3,0,0,0,0
1283369,3,2022,2022,3,0,7,308,14,83,311,0,1,3,-33.877532,150.843044,41,0,2,1,3,0,0,0,2,0,7,100,2,14295,14295,3,10,0,2,0,0,0,0
1283370,3,2022,2022,3,6,7,387,27,115,331,0,1,9,-33.959974,151.071333,25,0,2,1,3,0,0,0,2,0,7,60,2,1391,1391,1,5,0,2,0,0,0,0
1283372,3,2022,2022,3,0,7,16,31,62,34609,0,1,9,-33.893304,151.136797,32,0,2,1,3,0,0,3,2,0,7,50,0,1282,1282,1,0,5,2,0,0,0,0
1283373,3,2022,2022,3,6,8,2,27,69,34609,1,0,1,-33.775987,150.967642,54,0,2,1,3,0,0,0,2,0,7,50,0,14295,14295,3,30,5,2,0,0,0,0
1283375,3,2022,2022,3,3,10,4,22,9,34609,0,1,1,-33.458389,149.556766,3,2,1,0,3,0,0,0,0,0,7,60,0,2585,4009,8,5,40,1,0,0,0,0
1283384,3,2022,2022,3,0,11,478,17,96,480,0,1,10,-33.433826,151.389862,16,2,2,1,2,0,0,0,0,2,7,60,2,14295,14295,3,5,0,2,0,0,0,0
1283389,3,2021,2021,2,0,5,19,27,25,117,0,1,1,-32.873227,151.703107,48,0,2,0,1,0,0,0,2,0,7,60,2,3775,3775,0,0,5,2,0,0,0,0
1283391,3,2022,2022,4,5,11,103,27,17,256,0,1,1,-34.131299,150.791325,13,0,2,1,3,0,0,0,0,0,7,80,2,4026,4026,8,0,40,1,0,0,0,0
1283392,3,2021,2021,2,5,5,294,17,18,288,0,1,9,-35.12199,147.318155,75,2,1,1,3,0,0,0,2,0,0,80,2,1109,787,1,5,0,2,0,0,0,0
1283410,3,2022,2022,3,0,3,2126,17,12,2149,0,1,1,-33.675793,150.281358,8,2,2,1,3,0,0,0,2,0,7,60,2,9859,9859,1,29,5,2,0,0,0,0
1283411,3,2022,2022,3,1,7,9,1,57,34609,0,1,1,-33.350161,151.443099,16,2,2,1,3,0,0,0,2,0,7,50,0,1981,1981,4,34,5,2,0,0,0,0
1283413,3,2022,2022,3,1,9,112,17,207,112,0,1,7,-31.958563,141.442769,51,2,1,1,3,0,0,0,0,0,0,50,2,6545,6545,4,10,13,2,0,0,0,0
1283416,3,2022,2022,3,0,8,2209,17,59,2205,0,1,9,-34.331398,150.913701,80,0,2,1,3,0,0,0,2,2,7,60,2,14295,14295,3,5,0,2,0,0,0,0
1283417,3,2022,2022,3,3,9,28,31,225,34609,0,1,1,-33.7999,151.18471,77,0,2,1,3,0,0,0,0,0,7,50,0,1981,1981,4,5,5,2,0,0,0,0
1283418,3,2022,2022,3,4,3,3371,17,225,3342,0,1,1,-33.799516,151.178987,77,0,2,1,3,0,0,0,2,0,7,60,2,14295,14295,3,5,5,2,0,0,0,0
1283430,3,2022,2022,3,0,10,12,31,460,34609,0,1,2,-33.83578,150.991434,21,0,2,0,3,0,0,0,0,0,7,40,0,2585,4009,8,5,40,1,0,0,0,0
1283432,3,2022,2022,4,5,5,85,27,72,145,0,1,9,-33.799075,151.053967,54,0,2,1,3,0,0,0,2,0,0,70,2,5929,5929,1,5,13,2,0,0,0,0
1283433,3,2022,2022,3,3,4,5,27,58,34609,0,1,1,-32.982195,151.66886,37,0,2,1,3,0,0,0,2,0,7,60,0,475,475,5,5,40,1,0,0,0,0
1283434,3,2022,2022,3,3,5,30,27,57,52,0,1,1,-33.902071,151.171972,32,0,2,1,3,0,0,0,2,0,7,60,1,14295,14295,3,5,0,3,0,0,0,0
1283435,3,2022,2022,3,0,6,23,27,136,101,0,1,9,-32.924925,151.719689,48,0,2,1,3,0,0,3,2,0,7,60,2,14295,14295,3,16,5,2,0,0,0,0
1283438,3,2021,2021,9,0,4,2209,17,24,2205,0,1,2,-34.950788,150.601091,63,1,0,1,3,0,3,4,2,0,7,100,2,9859,9859,8,5,40,1,0,0,0,0
1283439,3,2022,2022,4,0,7,46,27,148,43,1,0,9,-36.03787,146.925858,0,2,1,1,3,0,0,0,2,0,7,60,1,63,63,4,0,36,2,0,0,0,0
1283441,3,2022,2022,3,5,7,2209,17,40,2205,0,1,1,-35.758146,150.154967,23,1,0,0,3,0,0,0,2,0,7,90,2,4552,5151,8,8,40,1,0,0,0,0
1283444,3,2021,2021,9,5,11,44,31,187,34609,0,1,1,-33.786861,150.996881,54,0,2,1,2,0,0,0,0,0,7,50,0,4026,4026,1,5,0,2,0,0,0,0
1283454,3,2022,2022,3,2,5,171,27,113,369,0,1,9,-33.785049,150.704356,55,0,2,1,3,0,3,4,2,2,7,70,2,14295,14295,3,5,5,2,0,0,0,0
1283456,3,2022,2022,3,3,7,485,27,154,769,0,1,9,-33.711105,150.955089,71,0,2,1,3,0,0,0,2,2,7,60,2,5929,5929,1,5,0,2,0,0,0,0
1283459,3,2022,2022,4,1,9,133,10,316,121,0,1,2,-31.458396,152.897313,56,2,1,1,1,0,0,0,3,0,7,70,1,4026,4026,8,5,40,1,0,0,0,0
1283466,3,2022,2022,4,3,9,1,1,90,34609,0,1,1,-33.884126,151.243684,81,0,2,1,1,0,3,3,3,0,7,50,0,1282,1282,1,0,5,2,0,0,0,0
1283470,3,2022,2022,4,4,11,7,27,3,34609,0,1,1,-33.672422,151.195517,50,0,2,1,0,0,3,4,0,0,7,60,0,9859,9859,8,34,40,1,0,0,0,0
1283478,3,2022,2022,3,0,10,916,17,165,917,1,0,9,-32.273606,150.892961,46,2,1,1,2,0,3,4,0,2,7,50,2,4026,4026,8,5,40,1,0,0,0,0
1283482,3,2022,2022,4,2,2,133,23,463,34609,0,1,1,-30.288095,153.138179,19,2,1,1,2,0,0,0,1,0,7,50,0,4026,4026,8,5,40,1,0,0,0,0
1283490,3,2021,2021,9,2,7,2126,17,226,2149,0,1,10,-33.781481,150.823985,7,0,2,1,0,0,0,0,2,2,7,80,2,5929,5929,1,0,13,2,0,0,0,0
1283517,3,2022,2022,3,2,0,32,31,28,34609,0,1,9,-28.685749,153.528163,10,2,1,0,2,0,0,0,0,0,7,50,0,2585,4009,8,0,40,1,0,0,0,0
1283535,3,2022,2022,3,3,0,230,27,197,284,0,1,10,-33.791336,151.130405,61,0,2,1,2,0,0,0,0,2,7,70,1,4026,4026,8,5,40,1,0,0,0,0
1283540,3,2022,2022,3,0,11,39,22,24,34609,0,1,1,-33.383814,151.416948,16,2,2,0,0,0,3,4,0,0,7,60,0,4552,5151,8,5,40,1,0,0,0,0
1283589,3,2022,2022,4,4,9,222,27,115,165,0,1,9,-33.96122,151.065903,25,0,2,1,1,0,0,0,2,2,7,50,1,2852,2852,4,5,5,2,0,0,0,0
1283600,3,2022,2022,4,3,10,192,27,21,14,0,1,9,-33.874912,150.916534,24,0,2,1,2,0,0,0,3,0,0,50,1,14295,14295,3,5,0,3,0,0,0,0
1283605,3,2022,2022,3,6,7,265,17,7,193,0,1,1,-35.076501,147.360703,75,1,0,1,0,0,0,0,2,0,7,100,2,1109,787,1,5,5,2,0,0,0,0
1283613,3,2022,2022,4,4,8,14,31,131,34609,0,1,7,-36.070589,146.91747,0,2,1,1,3,0,0,0,2,0,0,50,0,323,323,1,10,5,2,0,0,0,0
1283617,3,2022,2022,3,4,8,3371,17,69,3342,0,1,10,-32.937803,151.748667,48,0,2,1,3,0,0,0,2,2,7,60,2,6545,6545,4,0,5,2,0,0,0,0
1283619,3,2022,2022,3,6,11,30,10,24,26,0,1,1,-35.978196,146.069958,51,1,0,1,3,0,1,5,0,0,7,100,2,1089,1089,7,10,40,1,0,0,0,0
1283621,3,2022,2022,3,0,10,1052,14,118,928,0,1,3,-33.415457,151.296526,16,1,2,0,3,0,0,0,0,0,7,110,2,404,404,8,21,40,1,0,0,0,0
1283625,3,2022,2022,3,0,4,4,27,1,34609,0,1,1,-35.355939,143.814027,51,1,0,1,3,0,0,0,2,0,7,100,0,1945,1945,5,29,40,1,0,0,0,0
1283629,3,2022,2022,3,0,9,5,1,173,34609,0,1,1,-33.71484,151.118442,36,0,2,1,0,0,3,3,3,0,7,50,0,248,248,1,5,5,3,0,0,0,0
1283630,3,2022,2022,3,5,5,32,31,225,34609,0,1,7,-33.799749,151.18521,77,0,2,1,3,0,3,4,2,0,0,50,0,6545,6545,4,5,5,2,0,0,0,0
1283633,3,2022,2022,3,6,2,22,27,14,26,0,1,1,-34.867748,147.248008,51,1,0,1,3,0,0,0,0,0,7,100,1,404,404,8,5,40,1,0,0,0,0
1283642,3,2022,2022,3,4,9,46,1,20,165,0,1,9,-33.973519,151.092857,25,0,2,1,3,0,3,0,2,0,0,50,1,14295,14295,3,0,5,2,0,0,0,0
1283643,3,2022,2022,3,4,11,3371,23,39,34609,0,1,2,-29.445349,153.364248,18,2,1,0,3,0,0,0,0,0,7,50,0,418,714,5,5,40,1,0,0,0,0
1283645,3,2022,2022,3,6,8,120,36,14,148,0,1,1,-30.356057,152.718153,6,1,0,1,3,0,3,4,4,0,7,100,2,14295,14295,3,9,36,2,0,0,0,0
1283647,3,2022,2022,3,4,9,149,10,136,702,0,1,2,-33.859204,151.068837,67,0,2,1,3,0,0,3,3,0,0,80,2,1391,1391,1,5,5,2,0,0,0,0
1283648,3,2022,2022,3,0,8,3371,17,85,3342,0,1,9,-33.732738,151.126388,36,0,2,1,3,0,0,0,2,0,7,60,2,775,775,4,30,13,2,0,0,0,0
1283650,3,2022,2022,3,1,10,35,31,147,34609,0,1,10,-33.870701,150.989777,15,0,2,1,3,0,3,4,0,0,0,50,0,6545,6545,4,5,5,2,0,0,0,0
1283653,3,2022,2022,3,3,5,59,27,5,69,0,1,1,-33.772761,149.811788,51,1,0,0,3,0,0,0,2,0,7,100,1,4552,5151,8,8,40,1,0,0,0,0
1283654,3,2022,2022,3,0,11,19,31,130,34609,0,1,10,-33.873074,151.196984,69,0,2,1,3,0,3,4,0,2,7,40,0,14295,14295,3,5,0,2,0,0,0,0
1283656,3,2022,2022,3,0,8,11,3,72,54,0,1,2,-34.023707,151.008924,68,0,2,1,3,0,0,0,2,0,7,80,2,14295,14295,3,5,5,2,0,0,0,0
1283661,3,2021,2021,9,1,9,500,27,145,799,0,1,10,-33.929463,151.072226,15,0,2,1,3,0,0,0,2,2,9,60,2,14295,14295,3,8,5,2,0,0,0,0
1283663,3,2022,2022,3,5,4,31,1,234,139,0,1,2,-34.287624,146.044288,28,2,1,1,3,0,0,0,2,0,7,50,2,14295,14295,3,0,0,2,0,0,0,0
1283666,3,2022,2022,3,0,4,98,27,294,198,0,1,2,-33.928921,150.933148,41,0,2,1,3,0,0,0,2,0,7,60,2,1391,1391,1,5,5,2,0,0,0,0
1283667,3,2022,2022,3,4,6,2261,17,70,2252,0,1,2,-34.57437,150.253435,78,1,0,1,3,0,3,4,2,0,7,110,2,9859,9859,8,5,40,1,0,0,0,0
1283669,3,2022,2022,3,3,7,2,27,19,34609,0,1,1,-28.631453,153.5086,10,1,0,0,3,0,0,0,2,0,7,100,0,4552,5151,8,0,40,1,0,0,0,0
1283670,3,2022,2022,3,5,11,40,27,35,40,0,1,7,-33.881542,150.9095,24,0,2,1,3,0,0,0,0,0,0,60,1,6545,6545,4,0,13,2,0,0,0,0
1283674,3,2022,2022,3,1,8,44,27,27,34609,0,1,7,-34.058313,150.733751,12,0,2,1,3,0,2,2,2,0,7,50,0,1282,1282,1,22,12,2,0,0,0,0