Crash ID,Degree of crash - detailed,Reporting year,Year of crash,Month of crash,Day of week of crash,Two-hour intervals,Street of crash,Street type,Town,Route no.,School zone location,School zone active,Type of location,Latitude,Longitude,LGA,Urbanisation,Conurbation 1,Alignment,Street lighting,Road surface,Surface condition,Weather,Natural lighting,Signals operation,Other traffic control,Speed limit,Road classification,RUM - code,DCA - code,First impact type,Key TU type,Other TU type,No. of traffic units involved,No. killed,No. seriously injured,No. moderately injured,No. minor-other injured
1283681,3,2022,2022,3,0,9,1052,14,39,928,0,1,3,-32.895554,151.582011,37,0,2,1,3,0,0,0,2,0,7,110,2,1282,1282,1,30,5,2,0,0,0,0
1283686,3,2022,2022,3,5,4,147,27,72,605,1,2,2,-33.830749,151.225229,49,0,2,1,3,0,3,4,2,0,7,40,2,14295,14295,3,5,12,2,0,0,0,0
1283689,3,2022,2022,3,4,1,2261,17,35,2252,0,1,3,-34.344556,150.552598,78,1,0,0,3,0,3,4,0,0,7,110,2,4552,5151,8,9,40,1,0,0,0,0
1283696,3,2022,2022,3,6,8,20,31,150,140,0,1,1,-33.924821,151.233396,59,0,2,1,3,0,0,0,2,0,7,60,2,14295,14295,3,5,13,2,0,0,0,0
1283697,3,2022,2022,3,2,5,6,27,194,34609,1,0,1,-30.499392,151.665335,1,2,1,1,3,0,0,0,2,0,7,50,0,9859,9859,1,0,36,2,0,0,0,0
1283702,3,2022,2022,3,6,4,234,27,112,217,0,1,9,-33.650823,151.020146,71,0,2,0,3,0,3,4,2,0,7,60,2,1669,1669,3,0,0,2,0,0,0,0
1283705,3,2022,2022,3,4,5,3371,17,32,3342,0,1,2,-31.948895,152.4688,43,1,0,0,3,0,3,4,2,0,7,110,2,1259,5151,8,5,40,1,0,0,0,0
1283707,3,2022,2022,3,2,5,65,10,132,148,0,1,1,-34.087175,151.068812,68,0,2,0,3,0,3,4,2,0,7,60,2,3775,3775,0,16,0,2,0,0,0,0
1283711,3,2022,2022,3,1,10,3371,17,17,3342,0,1,2,-31.970896,152.463373,43,1,0,0,3,0,0,0,0,0,7,110,2,2585,4009,8,5,40,1,0,0,0,0
1283712,3,2022,2022,3,6,7,60,31,134,34609,0,1,10,-33.660565,150.860127,7,0,2,1,3,0,0,0,2,0,15,60,0,3775,3775,0,5,5,2,0,0,0,0
1283714,3,2022,2022,3,5,8,3371,17,57,3342,0,1,9,-33.673938,151.112296,31,0,2,0,3,0,3,0,3,0,7,60,2,150,150,4,5,5,2,0,0,0,0
1283720,3,2022,2022,3,0,4,32,27,72,563,0,1,10,-34.013385,151.009956,68,0,2,1,3,0,0,0,2,2,7,80,2,14295,14295,3,21,13,3,0,0,0,0
1283721,3,2022,2022,3,0,9,10,27,112,34609,0,1,1,-36.054375,146.930458,0,2,1,1,3,0,0,0,2,0,7,60,0,515,515,1,5,41,2,0,0,0,0
1283723,3,2022,2022,3,3,11,21,27,62,23,0,1,1,-33.743731,150.636003,8,2,2,0,3,0,3,0,0,0,7,50,1,4552,5151,8,5,40,1,0,0,0,0
1283724,3,2022,2022,3,6,4,3,1,147,74,0,1,9,-33.864392,151.125385,14,0,2,1,3,0,3,0,2,0,7,50,1,941,941,1,30,5,2,0,0,0,0
1283726,3,2022,2022,3,6,3,153,27,197,147,0,1,9,-33.954014,151.080806,25,0,2,1,3,0,3,4,2,0,7,60,2,63,63,4,0,0,2,0,0,0,0
1283727,3,2022,2022,3,1,4,512,1,57,169,0,1,7,-32.817196,151.482983,17,2,1,1,3,0,0,0,2,0,0,60,2,3,3,6,5,40,1,0,0,0,0
1283730,3,2022,2022,3,4,7,2261,17,284,2252,0,1,9,-33.906109,151.015732,15,0,2,0,3,0,0,0,2,2,7,70,2,623,623,3,8,5,2,0,0,0,0
1283731,3,2022,2022,3,4,9,56,27,251,34609,0,1,1,-33.780623,150.928166,7,0,2,1,3,0,0,0,3,0,7,50,0,14295,14295,3,5,5,2,0,0,0,0
1283734,3,2022,2022,3,1,10,78,17,15,58,0,1,1,-35.151421,149.057228,82,2,1,1,3,0,0,0,0,0,7,80,2,1089,1089,7,5,40,1,0,0,0,0
1283740,3,2022,2022,3,4,5,3371,17,35,3342,0,1,2,-30.477257,152.996616,6,1,0,1,3,0,3,4,2,0,7,110,2,1945,1945,5,10,40,1,0,0,0,0
1283744,3,2022,2022,3,3,10,334,17,56,308,0,1,1,-31.460431,152.754043,56,2,1,1,0,0,0,0,0,0,7,80,2,1089,1089,7,5,40,1,0,0,0,0
1283752,3,2022,2022,3,2,3,1,1,215,34609,0,1,1,-35.117972,147.355232,75,2,1,1,0,0,0,0,2,0,7,50,0,9859,9859,1,33,5,2,0,0,0,0
1283757,3,2021,2021,2,5,8,59,31,45,34609,0,1,1,-33.888997,151.19852,69,0,2,1,0,0,0,0,2,0,7,40,0,9859,9859,1,15,5,2,0,0,0,0
1283760,3,2022,2022,3,4,9,11,10,65,34609,0,1,1,-36.046111,146.985012,0,2,1,0,3,0,0,0,3,0,7,60,0,1259,5151,8,5,40,1,0,0,0,0
1283784,3,2022,2022,3,3,11,25,1,80,139,0,1,9,-34.551661,146.399697,51,2,1,1,2,0,0,0,0,0,7,60,2,237,162,8,5,40,1,0,0,0,0
1283794,3,2022,2022,3,3,0,205,27,161,415,0,1,2,-33.711297,151.174908,36,0,2,0,2,0,3,4,0,0,7,60,2,1957,4009,1,10,5,2,0,0,0,0
1283798,3,2022,2022,3,4,7,10,1,86,34609,0,1,1,-33.739429,151.21604,50,0,2,1,2,0,3,3,2,0,7,50,0,9859,9859,1,10,5,2,0,0,0,0
1283813,3,2022,2022,3,0,11,1,10,17,34609,0,1,1,-34.894999,150.628654,63,2,1,0,2,0,0,0,0,0,7,50,0,1259,5151,8,34,40,1,0,0,0,0
1283818,3,2022,2022,4,4,5,9,36,6,9,0,1,1,-34.040202,147.929145,51,2,1,1,0,0,0,0,2,0,7,60,1,4026,4026,8,3,40,1,0,0,0,0
1283832,3,2022,2022,3,0,8,110,27,41,173,0,1,2,-34.397092,150.867953,80,0,2,0,0,0,0,0,2,0,7,80,2,14295,14295,3,5,40,3,0,0,0,0
1283840,3,2021,2021,9,1,8,15,31,64,34609,0,1,1,-33.889719,151.072154,67,0,2,1,0,0,0,0,2,0,7,50,0,84,84,8,29,40,5,0,0,0,0
1283841,3,2021,2021,9,5,9,2126,17,218,2149,0,1,9,-33.771545,150.779323,55,0,2,1,2,0,0,0,3,2,7,60,2,489,489,8,5,40,4,0,0,0,0
1283850,3,2022,2022,4,3,5,80,31,77,42,0,1,10,-32.94605,151.756048,48,0,2,0,1,0,0,0,2,0,7,50,1,3775,3775,0,0,0,3,0,0,0,0
1283852,3,2022,2022,4,0,8,500,27,83,799,0,1,1,-33.91265,151.118369,15,0,2,1,1,0,0,0,2,0,7,60,2,15,15,1,5,5,2,0,0,0,0
1283877,3,2022,2022,3,0,11,2,7,61,34609,0,1,1,-33.891242,150.90659,24,0,2,1,2,0,3,4,0,0,7,50,0,9859,9859,1,5,5,3,0,0,0,0
1283897,3,2022,2022,3,6,4,346,17,44,332,0,1,1,-28.812916,153.39361,2,2,1,1,0,0,3,4,2,0,7,80,2,1945,1945,5,16,40,1,0,0,0,0
1283916,3,2022,2022,3,5,6,178,31,36,34609,0,1,1,-33.797485,151.025626,54,0,2,1,1,0,0,0,2,0,7,40,0,248,248,1,5,0,2,0,0,0,0
1283921,3,2022,2022,4,2,9,30,31,433,34609,0,1,10,-33.278946,149.097133,52,2,1,1,1,0,0,0,2,0,0,50,0,6545,6545,4,5,5,2,0,0,0,0
1283922,3,2022,2022,3,1,4,177,31,314,208,0,1,7,-33.860459,150.927898,24,0,2,0,1,0,0,0,2,0,0,60,1,5929,5929,1,0,40,2,0,0,0,0
1283931,3,2021,2021,9,2,5,478,17,89,480,1,0,7,-33.372795,151.474731,16,2,2,1,1,0,3,4,2,0,0,60,2,6545,6545,4,5,36,2,0,0,0,0
1283932,3,2021,2021,2,1,7,204,31,53,34609,0,1,7,-31.08836,150.92798,70,2,1,1,1,0,0,0,2,0,0,50,0,941,941,1,10,13,2,0,0,0,0
1283934,3,2022,2022,4,4,7,829,27,9,770,0,1,10,-33.84004,151.136362,51,0,2,0,2,0,3,4,2,2,7,70,2,1192,1192,1,30,12,2,0,0,0,0
1283935,3,2022,2022,4,1,7,1,27,54,34609,0,1,1,-33.60921,150.902496,29,2,2,1,3,2,0,0,2,0,7,70,0,4026,4026,8,10,40,1,0,0,0,0
1283942,3,2022,2022,3,4,5,6,31,219,34609,0,1,10,-32.902686,151.664725,48,0,2,1,3,0,0,0,2,0,15,50,0,6545,6545,4,5,5,2,0,0,0,0
1283943,3,2022,2022,3,3,11,2,18,49,34609,0,1,1,-34.74425,149.842501,26,1,0,0,3,0,3,4,0,0,7,100,0,4552,5151,8,0,40,1,0,0,0,0
1283946,3,2022,2022,3,3,7,330,27,53,605,0,1,2,-33.742067,151.303654,50,0,2,0,3,0,0,0,2,0,7,60,2,14295,14295,3,10,0,4,0,0,0,0
1283947,3,2021,2021,9,3,6,58,10,38,34609,0,1,9,-30.257279,153.13663,19,2,1,1,3,0,0,0,2,0,7,50,0,256,256,4,5,12,2,0,0,0,0
1283950,3,2022,2022,3,3,10,16,36,7,3,0,1,1,-35.792213,148.306984,66,2,1,1,3,0,0,0,0,0,7,80,1,1089,1089,7,5,40,1,0,0,0,0
1283952,3,2022,2022,3,4,7,18,27,83,100,0,1,9,-34.452749,150.438582,78,2,1,1,3,0,3,4,2,0,7,50,2,14295,14295,3,0,0,2,0,0,0,0
1283955,3,2022,2022,3,3,7,18,27,8,34609,0,1,1,-28.67249,153.326147,39,2,1,0,3,0,0,0,2,0,7,80,0,1109,787,1,5,13,2,0,0,0,0
1283957,3,2022,2022,4,2,5,3,27,103,34609,0,1,9,-34.342003,148.307453,30,2,1,0,3,0,3,4,2,0,0,80,0,1957,4009,8,10,40,1,0,0,0,0
1283959,3,2022,2022,3,2,6,234,27,57,217,0,1,9,-33.623773,151.023562,31,0,2,1,3,0,0,3,2,0,0,80,2,775,775,4,0,12,2,0,0,0,0
1283960,3,2022,2022,3,6,4,3,27,5,18,0,1,1,-35.932667,145.830763,51,1,0,1,3,0,0,0,2,0,7,100,1,475,475,5,0,40,1,0,0,0,0
1283973,3,2022,2022,3,0,6,916,17,66,917,0,1,2,-32.812702,151.657392,48,0,2,1,0,0,0,0,2,0,7,90,2,14295,14295,3,0,5,3,0,0,0,0
1283981,3,2021,2021,10,3,1,13,31,207,34609,0,1,1,-31.961765,141.45737,51,2,1,1,2,0,0,0,0,0,7,50,0,4026,4026,8,10,40,1,0,0,0,0
1283994,3,2022,2022,3,4,4,47,26,201,160,0,1,10,-34.006765,150.876634,13,0,2,1,3,0,0,0,2,2,7,60,2,217,217,1,5,0,2,0,0,0,0
1284007,3,2021,2021,2,2,5,12,23,22,34609,0,1,1,-35.160529,150.581805,63,2,1,1,3,0,0,0,2,0,7,50,0,9859,9859,1,5,0,3,0,0,0,0
1284012,3,2021,2021,9,2,0,147,27,25,34609,0,1,9,-33.870375,151.281239,76,0,2,1,2,0,3,4,0,0,7,50,0,6545,6545,4,0,5,2,0,0,0,0
1284021,3,2022,2022,4,2,9,5,27,26,34609,0,1,1,-34.390021,150.470158,78,2,1,0,0,0,0,0,2,0,7,60,0,1957,4009,8,10,40,1,0,0,0,0
1284027,3,2022,2022,3,5,8,2261,17,284,2252,1,0,2,-33.905742,151.014305,15,0,2,1,3,0,3,4,2,0,7,70,2,623,623,3,16,5,2,0,0,0,0
1284030,3,2022,2022,4,4,9,62,31,445,34609,0,1,1,-33.857735,151.045762,21,0,2,1,3,0,0,0,3,0,7,50,0,1282,1282,1,5,5,2,0,0,0,0
1284032,3,2022,2022,3,5,7,829,27,304,140,0,1,10,-33.90685,151.164522,32,0,2,1,3,0,0,0,2,2,7,60,1,5929,5929,1,5,19,2,0,0,0,0
1284035,3,2022,2022,3,4,4,515,14,60,518,0,1,3,-33.942542,150.94461,41,0,2,1,3,0,3,3,2,0,7,100,2,1383,1383,1,5,35,2,0,0,0,0
1284036,3,2022,2022,3,5,8,5,6,1,34609,0,1,1,-33.52636,150.663767,29,2,2,0,3,0,3,3,2,0,7,60,0,4552,985,8,5,40,1,0,0,0,0
1284038,3,2022,2022,3,2,10,57,31,174,321,0,1,9,-33.893129,151.200101,69,0,2,1,3,0,0,0,0,0,7,50,2,1391,1391,1,5,5,2,0,0,0,0
1284040,3,2022,2022,3,2,6,4,27,125,34609,0,1,1,-33.868658,151.082957,67,0,2,1,3,0,0,0,2,0,7,50,0,14295,14295,3,0,5,2,0,0,0,0
1284041,3,2022,2022,3,2,11,29,1,64,34609,0,1,1,-33.70966,150.733061,55,0,2,1,3,0,3,4,0,0,7,60,0,9859,9859,8,10,40,1,0,0,0,0
1284047,3,2022,2022,3,3,6,100,31,363,38,0,1,10,-33.806235,151.002279,54,0,2,1,3,0,0,0,2,2,15,60,1,14295,14295,3,5,5,2,0,0,0,0
1284050,3,2022,2022,3,1,2,91,27,119,187,0,1,2,-33.874805,151.153731,32,0,2,1,3,0,0,0,1,0,7,70,2,14295,14295,3,9,5,3,0,0,0,0
1284051,3,2022,2022,3,3,9,916,17,77,917,0,1,10,-32.569044,151.180072,64,2,1,1,3,0,0,0,2,2,7,50,2,5929,5929,1,5,5,2,0,0,0,0
1284052,3,2022,2022,4,6,8,26,31,646,118,0,1,9,-33.914196,151.031891,15,0,2,1,1,0,3,3,2,2,7,60,1,5929,5929,1,5,5,2,0,0,0,0
1284057,3,2022,2022,3,6,9,37,27,9,36,0,1,1,-32.650761,151.71895,57,2,1,0,3,0,3,4,2,0,7,80,1,96,96,0,5,0,2,0,0,0,0
1284058,3,2022,2022,3,0,7,24,27,201,47,0,1,2,-33.999556,150.846674,13,0,2,1,3,0,0,0,2,0,7,60,1,404,404,8,10,40,1,0,0,0,0
1284060,3,2022,2022,3,6,8,57,1,609,34609,0,1,1,-33.768007,150.910879,7,0,2,1,3,0,0,0,2,0,7,50,0,941,941,1,0,0,3,0,0,0,0
1284061,3,2022,2022,3,3,8,1052,14,57,928,0,1,3,-33.679244,151.12032,31,0,2,1,3,0,0,0,2,0,7,110,2,14295,14295,3,9,0,2,0,0,0,0
1284081,3,2022,2022,4,3,5,43,31,136,117,0,1,1,-32.920083,151.702642,48,0,2,0,0,0,0,0,2,0,7,60,2,4552,5151,1,30,5,2,0,0,0,0
1284083,3,2022,2022,3,4,6,2261,17,16,2252,0,1,2,-34.649498,150.116227,78,1,0,0,0,0,3,4,2,0,7,110,2,4552,5151,8,0,40,1,0,0,0,0
1284090,3,2022,2022,3,3,7,30,27,67,34609,0,1,2,-33.662262,150.894092,71,0,2,1,1,0,0,0,2,0,7,60,0,1192,1192,1,33,5,2,0,0,0,0
1284092,3,2022,2022,3,5,5,2,27,1,34609,0,1,1,-30.687187,152.802333,47,2,1,0,0,2,0,0,2,0,7,80,0,3775,3775,0,0,0,2,0,0,0,0
1284098,3,2022,2022,3,5,1,11,31,36,34609,0,1,1,-33.928139,151.249953,59,0,2,1,0,0,0,0,0,0,7,50,0,9859,9859,1,33,5,2,0,0,0,0
1284112,3,2022,2022,3,2,0,30,27,120,154,0,1,7,-33.748925,150.866556,7,0,2,1,3,0,3,4,0,0,0,60,1,4026,4026,8,10,40,1,0,0,0,0
1284136,3,2022,2022,3,2,11,1,10,68,34609,0,1,9,-34.858355,148.937337,82,2,1,1,3,2,0,0,0,0,7,60,0,4552,985,8,10,40,1,0,0,0,0
1284137,3,2022,2022,4,3,1,2,27,11,34609,0,1,1,-36.0303,146.940219,0,2,1,0,3,0,3,4,0,0,7,50,0,380,714,5,5,40,1,0,0,0,0
1284145,3,2021,2021,2,6,2,9,31,609,48,0,1,2,-33.761255,150.893816,7,0,2,1,2,0,0,0,0,0,7,60,1,9859,9859,1,5,13,3,0,0,0,0
1284147,3,2022,2022,3,6,10,46,31,35,34609,0,1,1,-31.076123,152.843141,34,2,1,1,3,0,3,4,0,0,7,50,0,9859,9859,1,0,12,2,0,0,0,0
1284150,3,2021,2021,2,0,6,2261,17,35,2252,0,1,2,-34.986509,148.117316,20,1,0,0,3,0,0,0,2,0,7,110,2,4552,5151,8,0,40,1,0,0,0,0
1284172,3,2021,2021,2,0,2,829,31,162,15,0,1,2,-33.844849,150.895052,24,0,2,1,2,0,0,0,0,0,7,60,1,9859,9859,1,0,10,2,0,0,0,0
1284176,3,2022,2022,3,6,6,109,27,72,34609,0,1,1,-33.828879,151.229218,49,0,2,1,1,0,0,0,2,0,7,50,0,220,220,8,0,40,1,0,0,0,0
1284185,3,2022,2022,3,2,2,2209,17,157,2205,0,1,2,-34.007796,151.111219,68,0,2,1,3,0,3,4,0,0,7,70,2,9859,9859,8,0,40,1,0,0,0,0
1284191,3,2022,2022,3,1,10,18,27,111,34609,1,0,1,-33.920411,151.253884,59,0,2,1,2,0,0,0,0,0,7,50,0,941,941,1,30,5,2,0,0,0,0
1284192,3,2022,2022,7,6,7,3,31,26,34609,0,1,10,-33.774132,150.665998,55,0,2,1,3,0,3,4,2,0,0,50,0,2852,2852,4,5,13,2,0,0,0,0
1284195,3,2022,2022,4,0,5,40,27,609,24,0,1,10,-33.773163,150.905433,7,0,2,1,3,0,0,0,2,2,7,60,1,926,926,4,5,13,2,0,0,0,0
1284199,3,2022,2022,3,1,1,2261,17,68,2252,0,1,9,-34.773461,148.820769,82,1,0,1,3,0,0,0,0,0,0,110,2,4026,4026,8,5,40,1,0,0,0,0
1284200,3,2022,2022,7,5,4,113,27,104,111,0,1,1,-33.804318,150.76996,55,0,2,1,3,0,3,3,2,0,7,80,2,14295,14295,3,9,0,4,0,0,0,0
1284201,3,2022,2022,7,4,7,51,27,32,45,1,2,9,-33.743578,150.822684,7,0,2,1,3,0,3,3,2,0,0,40,1,2852,2852,4,30,5,2,0,0,0,0
1284202,3,2022,2022,3,1,5,15,31,363,34609,0,1,1,-33.759067,150.70788,55,0,2,1,3,0,3,3,2,0,7,50,0,9859,9859,1,5,5,3,0,0,0,0
1284205,3,2022,2022,3,2,5,97,17,34,88,0,1,1,-34.82507,149.598193,26,1,0,0,3,0,0,3,2,0,7,110,2,4552,5151,8,9,40,1,0,0,0,0
1284206,3,2022,2022,7,4,4,308,14,55,311,0,1,3,-33.736723,150.907212,7,0,2,1,3,0,0,0,2,0,7,100,2,1192,1192,1,3,5,2,0,0,0,0
1284207,3,2021,2021,2,1,8,11,31,66,34609,1,0,1,-34.483769,150.902746,80,0,2,1,3,0,3,3,4,0,7,50,0,4026,4026,8,0,40,1,0,0,0,0
1284208,3,2022,2022,3,0,3,6,27,74,34609,0,1,10,-34.028616,150.758611,12,0,2,1,3,0,3,4,2,0,15,80,0,6545,6545,4,5,12,2,0,0,0,0
1284209,3,2022,2022,7,6,8,55,27,64,117,0,1,7,-32.947059,151.685969,48,0,2,1,3,0,3,3,2,0,0,60,2,395,395,1,5,5,2,0,0,0,0
1284210,3,2022,2022,3,1,11,220,14,130,220,0,1,3,-34.456972,150.855929,80,0,2,1,3,0,3,4,0,0,7,100,2,4026,4026,8,5,40,1,0,0,0,0
1284217,3,2022,2022,3,0,3,3371,17,11,3342,0,1,2,-31.718925,152.705399,43,1,0,1,3,0,0,3,1,0,7,110,2,9859,9859,8,5,40,1,0,0,0,0
1284219,3,2022,2022,7,6,9,2,5,101,34609,0,1,1,-32.905874,151.600868,37,0,2,1,3,0,0,0,2,0,7,100,0,9859,9859,1,30,5,2,0,0,0,0
1284221,3,2022,2022,3,5,11,32,27,169,88,0,1,9,-33.606091,150.749304,29,2,2,1,3,0,0,0,0,0,0,60,2,2852,2852,4,10,5,2,0,0,0,0
1284222,3,2022,2022,4,3,5,19,31,234,34609,0,1,10,-34.288838,146.037467,28,2,1,1,3,0,0,0,2,2,7,50,0,5929,5929,1,10,0,2,0,0,0,0
1284228,3,2022,2022,3,4,8,125,27,108,123,0,1,2,-33.306177,151.410203,16,2,2,1,3,0,3,4,3,0,7,70,2,14295,14295,3,30,5,2,0,0,0,0
1284229,3,2022,2022,3,1,8,205,27,161,415,0,1,9,-33.729226,151.162483,36,0,2,1,3,0,0,0,2,2,9,60,2,1282,1282,1,5,13,2,0,0,0,0
1284230,3,2022,2022,3,3,7,56,27,130,80,0,1,9,-33.873968,151.19241,69,0,2,1,3,0,0,3,2,2,7,40,2,5929,5929,1,5,5,2,0,0,0,0
1284232,3,2022,2022,7,5,7,1052,14,54,928,0,1,3,-33.458597,151.201633,16,1,2,0,3,0,3,4,2,0,7,110,2,1957,4009,8,10,40,1,0,0,0,0
1284233,3,2022,2022,3,3,9,19,27,40,605,0,1,2,-33.800241,151.247439,50,0,2,1,3,0,0,3,0,0,7,60,2,1391,1391,1,30,36,2,0,0,0,0
1284235,3,2022,2022,3,4,6,283,27,129,702,0,1,9,-33.93913,151.075378,15,0,2,1,3,0,0,3,2,2,7,60,2,1383,1383,1,29,5,2,0,0,0,0
1284236,3,2022,2022,3,2,2,1,10,10,34609,0,1,1,-35.597303,148.282014,66,1,0,1,3,0,0,0,0,0,7,100,0,945,945,5,10,40,1,0,0,0,0
1284239,3,2022,2022,3,2,11,43,27,13,118,0,1,1,-30.958868,150.866281,70,1,0,1,3,0,0,0,0,0,7,100,2,1089,1089,7,5,40,1,0,0,0,0
1284241,3,2022,2022,3,4,10,123,27,316,25,0,1,1,-33.911116,151.250519,59,0,2,1,3,0,3,4,0,0,7,50,1,14295,14295,3,5,5,2,0,0,0,0
1284244,3,2022,2022,3,1,7,133,17,10,121,0,1,1,-35.950883,149.145444,65,2,1,0,3,0,3,4,2,0,7,60,2,1850,1463,5,29,40,1,0,0,0,0
1284245,3,2022,2022,4,1,8,54,27,38,563,0,1,1,-34.04567,150.989853,68,0,2,1,3,0,0,0,2,0,7,80,2,3775,3775,0,8,5,2,0,0,0,0
1284249,3,2022,2022,3,3,8,23,1,53,34609,0,1,10,-32.229683,148.238557,51,2,1,1,3,0,0,0,2,0,0,50,0,6545,6545,4,0,13,2,0,0,0,0
1284265,3,2022,2022,3,6,8,205,27,161,415,0,1,2,-33.711049,151.17486,36,0,2,1,2,0,3,4,3,0,7,60,2,1192,1192,1,10,5,2,0,0,0,0
1284277,3,2022,2022,7,5,7,3,27,9,34609,0,1,1,-34.055533,150.856613,13,0,2,1,1,0,3,4,2,0,7,60,0,3775,3775,0,30,25,2,0,0,0,0
1284280,3,2022,2022,3,0,11,866,17,278,793,0,1,9,-33.759064,151.049114,54,0,2,1,2,0,3,4,0,2,7,70,2,9859,9859,8,10,40,1,0,0,0,0
1284281,3,2022,2022,3,6,5,157,17,6,158,0,1,1,-33.901698,148.464543,51,1,0,1,0,0,0,0,2,0,7,100,2,9859,9859,8,8,40,1,0,0,0,0
1284283,3,2022,2022,4,4,2,60,27,239,167,0,1,10,-34.024304,151.120922,68,0,2,1,2,0,0,0,0,2,7,70,2,9859,9859,8,10,40,1,0,0,0,0
1284285,3,2021,2021,2,2,6,330,27,147,605,0,1,2,-33.75881,151.280128,50,0,2,1,1,0,0,0,2,0,7,60,2,1282,1282,1,8,19,2,0,0,0,0
1284287,3,2022,2022,3,1,7,481,17,30,483,0,1,10,-34.7479,146.550367,51,2,1,1,1,0,0,0,2,0,15,50,2,2852,2852,4,3,2,2,0,0,0,0
1284294,3,2022,2022,7,5,2,21,31,123,34609,0,1,1,-33.837825,148.672715,51,2,1,1,2,0,0,0,0,0,7,50,0,9859,9859,8,5,40,1,0,0,0,0
1284297,3,2022,2022,3,6,7,1,7,67,34609,0,1,9,-33.879753,150.889817,24,0,2,0,0,0,0,0,2,0,7,50,0,1109,787,1,5,25,2,0,0,0,0
1284311,3,2022,2022,4,5,7,2126,17,125,2149,0,1,9,-33.862819,151.079634,67,0,2,1,0,0,0,0,2,2,7,60,2,775,775,4,5,5,2,0,0,0,0
1284331,3,2022,2022,3,5,5,4,1,188,34609,0,1,9,-33.943269,151.100204,25,0,2,1,0,0,3,4,2,0,0,50,0,926,926,4,5,12,2,0,0,0,0
1284332,3,2022,2022,3,5,8,916,17,70,917,0,1,2,-32.732531,151.543836,42,2,1,1,1,0,0,0,2,0,7,80,2,9859,9859,8,5,40,2,0,0,0,0
1284334,3,2022,2022,3,3,5,1,7,96,34609,0,1,1,-33.440261,151.404374,16,2,2,1,1,0,0,0,2,0,7,50,0,1259,985,8,5,40,1,0,0,0,0
1284336,3,2022,2022,3,5,11,3371,17,100,3342,0,1,10,-33.805458,151.179265,38,0,2,1,2,0,3,4,0,2,9,60,2,6545,6545,4,0,0,3,0,0,0,0
1284341,3,2022,2022,3,4,5,103,27,149,167,0,1,9,-33.992726,151.131855,4,0,2,1,1,0,3,4,2,2,7,70,2,5929,5929,1,0,0,2,0,0,0,0
1284350,3,2022,2022,4,1,7,232,36,252,331,0,1,2,-33.956189,150.872191,41,0,2,1,1,0,0,6,2,0,7,70,2,1192,1192,1,5,5,2,0,0,0,0
1284367,3,2022,2022,7,5,7,123,36,17,90,0,1,9,-31.79997,151.916934,43,2,1,0,3,0,3,4,2,0,7,80,1,418,714,5,5,40,1,0,0,0,0
1284373,3,2022,2022,3,3,6,2,31,122,34609,0,1,9,-33.412575,151.343628,16,2,2,0,3,0,3,3,2,0,7,60,0,395,395,1,0,5,2,0,0,0,0
1284374,3,2022,2022,3,1,6,17,25,201,34609,0,1,9,-34.875063,150.601592,63,2,1,1,3,0,3,3,2,0,0,50,0,1282,1282,1,0,13,3,0,0,0,0
1284375,3,2022,2022,3,3,10,1,27,12,34609,0,1,1,-33.557609,149.755803,51,2,1,1,3,2,0,0,4,0,7,80,0,9859,9859,8,5,40,1,0,0,0,0
1284376,3,2022,2022,3,2,2,1052,14,118,928,0,1,3,-33.367382,151.311975,16,1,2,0,3,0,3,3,1,0,7,110,2,1957,4009,8,5,40,1,0,0,0,0
1284379,3,2022,2022,3,3,2,1,27,14,34609,0,1,1,-30.166561,152.980268,19,1,0,0,3,0,3,4,0,0,7,100,0,418,714,5,0,40,1,0,0,0,0
1284380,3,2022,2022,7,6,3,113,27,113,111,0,1,9,-33.820742,150.776053,55,0,2,1,3,0,3,4,2,2,7,80,2,1391,1391,1,5,35,2,0,0,0,0
1284384,3,2022,2022,3,4,3,3371,17,65,3342,0,1,2,-30.388899,153.037203,19,1,0,1,3,0,3,4,2,0,7,110,2,4026,4026,8,5,40,1,0,0,0,0
1284387,3,2022,2022,3,0,9,2126,17,65,2149,0,1,1,-33.543247,150.168991,40,2,1,1,3,0,3,3,2,0,7,80,2,404,404,8,10,40,1,0,0,0,0
1284390,3,2022,2022,3,4,6,8,27,151,34609,0,1,9,-34.037779,150.853158,13,0,2,1,3,0,0,0,2,0,0,50,0,489,489,8,21,40,1,0,0,0,0
1284391,3,2022,2022,3,0,7,125,27,108,123,0,1,7,-33.307167,151.415801,16,2,2,0,3,0,0,0,2,0,0,70,2,14295,14295,3,10,5,2,0,0,0,0
1284392,3,2022,2022,7,6,4,4,27,70,34609,0,1,1,-34.047667,151.076464,68,0,2,0,3,0,3,4,2,0,7,50,0,14295,14295,3,0,5,3,0,0,0,0
1284394,3,2022,2022,7,5,5,55,27,112,70,0,1,1,-33.698026,151.029367,31,0,2,1,3,0,3,4,2,0,7,60,2,1109,787,1,30,0,2,0,0,0,0
1284395,3,2022,2022,3,5,8,40,27,108,34609,0,1,1,-33.808202,151.183835,77,0,2,1,3,0,3,3,2,0,7,50,0,1391,1391,1,30,0,2,0,0,0,0
1284396,3,2022,2022,3,3,10,3371,17,8,3342,0,1,2,-28.729985,153.531861,2,1,0,0,3,0,3,4,0,0,7,110,2,4552,5151,8,5,40,1,0,0,0,0
1284397,3,2022,2022,7,6,8,1052,14,207,928,0,1,3,-33.545741,151.196687,31,0,2,0,3,0,3,4,2,0,7,110,2,1957,4009,8,10,40,1,0,0,0,0