Crash ID,Degree of crash - detailed,Reporting year,Year of crash,Month of crash,Day of week of crash,Two-hour intervals,Street of crash,Street type,Town,Route no.,School zone location,School zone active,Type of location,Latitude,Longitude,LGA,Urbanisation,Conurbation 1,Alignment,Street lighting,Road surface,Surface condition,Weather,Natural lighting,Signals operation,Other traffic control,Speed limit,Road classification,RUM - code,DCA - code,First impact type,Key TU type,Other TU type,No. of traffic units involved,No. killed,No. seriously injured,No. moderately injured,No. minor-other injured
1284398,3,2022,2022,7,5,5,46,27,104,262,0,1,2,-32.913806,151.72248,48,0,2,1,3,0,3,4,2,0,15,60,2,5929,5929,1,5,13,2,0,0,0,0
1284403,3,2021,2021,2,3,3,13,7,194,34609,0,1,1,-30.501653,151.660471,1,2,1,1,1,0,0,0,2,0,7,50,0,4026,4026,8,0,40,1,0,0,0,0
1284407,3,2022,2022,3,3,0,11,31,316,34609,0,1,1,-33.92722,151.241073,59,0,2,1,2,0,3,4,0,0,7,50,0,9859,9859,1,5,5,4,0,0,0,0
1284417,3,2022,2022,4,3,10,14,27,84,34609,0,1,1,-33.480816,151.398784,16,2,2,0,2,0,0,0,0,0,7,70,0,4552,5151,8,10,40,2,0,0,0,0
1284420,3,2022,2022,3,2,11,1052,14,46,928,0,1,3,-33.293774,151.405809,16,1,2,1,0,0,3,4,0,0,7,110,2,1282,1282,1,5,5,2,0,0,0,0
1284427,3,2022,2022,3,3,10,9,31,95,34609,0,1,9,-34.390064,150.90001,80,0,2,1,2,0,0,0,0,0,0,50,0,4552,985,1,5,5,2,0,0,0,0
1284444,3,2022,2022,3,4,8,2261,17,68,2252,0,1,2,-34.766452,148.764761,82,1,0,1,3,0,3,4,2,0,7,110,2,4026,4026,8,0,40,1,0,0,0,0
1284446,3,2022,2022,3,2,4,169,27,40,61,0,1,9,-33.827126,151.188362,38,0,2,1,3,0,3,4,2,2,7,50,1,14295,14295,3,5,13,2,0,0,0,0
1284453,3,2022,2022,3,0,4,500,27,83,799,0,1,9,-33.907558,151.125947,15,0,2,0,3,0,3,4,2,0,7,60,2,14295,14295,3,5,5,2,0,0,0,0
1284455,3,2022,2022,7,0,3,348,17,10,232,0,1,1,-31.827118,149.177716,51,1,0,0,3,0,0,0,1,0,7,100,2,2585,4009,8,5,40,1,0,0,0,0
1284457,3,2022,2022,3,6,7,6,31,143,34609,0,1,7,-33.704371,151.10321,31,0,2,1,3,0,0,0,2,0,7,50,0,9859,9859,1,5,0,2,0,0,0,0
1284462,3,2022,2022,7,5,8,1052,14,36,928,0,1,3,-33.438241,151.219425,16,1,2,0,3,0,3,4,2,0,7,110,2,2585,4009,8,9,40,1,0,0,0,0
1284465,3,2022,2022,7,5,5,31,27,157,34609,0,1,10,-34.020573,151.095121,68,0,2,1,3,0,3,3,2,0,15,50,0,6545,6545,4,0,5,2,0,0,0,0
1284467,3,2022,2022,3,4,10,1052,14,77,928,0,1,3,-33.529382,151.20011,16,1,2,0,3,0,3,4,0,0,7,110,2,1259,5151,8,30,40,1,0,0,0,0
1284468,3,2022,2022,3,5,3,2126,17,106,2149,0,1,2,-33.886219,151.178936,69,0,2,1,1,0,0,0,2,0,7,60,2,1282,1282,1,5,33,2,0,0,0,0
1284471,3,2022,2022,3,2,3,1052,14,77,928,0,1,3,-33.529368,151.200103,16,1,2,0,1,0,3,4,1,0,7,110,2,14295,14295,3,5,2,2,0,0,0,0
1284472,3,2022,2022,3,3,10,23,1,179,70,0,1,2,-31.905161,152.475671,43,2,1,0,2,0,0,0,0,0,7,60,2,4552,5151,1,0,5,2,0,0,0,0
1284473,3,2022,2022,4,1,6,65,10,132,148,0,1,9,-34.085826,151.069292,68,0,2,0,0,0,0,0,2,0,0,60,2,14295,14295,3,10,36,3,0,0,0,0
1284489,3,2022,2022,3,5,2,120,36,10,148,0,1,1,-30.386811,152.741385,6,2,1,0,0,0,3,0,1,0,7,60,2,1957,4009,8,3,40,1,0,0,0,0
1284493,3,2021,2021,9,0,7,4,31,215,34609,0,1,1,-35.120729,147.347277,75,2,1,1,3,0,3,4,2,0,7,50,0,1981,1981,4,5,5,2,0,0,0,0
1284496,3,2022,2022,4,1,7,43,22,31,34609,0,1,9,-33.86877,151.033526,21,0,2,0,3,0,0,0,2,0,7,50,0,3775,3775,0,5,13,2,0,0,0,0
1284497,3,2022,2022,3,2,10,20,10,55,91,0,1,7,-35.377421,149.189073,58,2,1,1,2,0,3,4,0,2,7,80,2,4552,985,8,5,40,1,0,0,0,0
1284504,3,2022,2022,4,2,5,296,27,187,293,0,1,2,-33.8827,150.976945,24,0,2,1,3,0,0,0,2,0,7,60,2,14295,14295,3,0,5,3,0,0,0,0
1284511,3,2021,2021,2,1,5,10,1,133,34609,0,1,1,-33.927529,151.019322,15,0,2,1,1,0,0,0,2,0,7,50,0,5929,5929,1,21,5,3,0,0,0,0
1284515,3,2021,2021,2,2,1,1052,14,207,928,0,1,3,-33.565407,151.192096,31,0,2,1,0,0,0,0,0,0,7,110,2,4026,4026,8,5,40,1,0,0,0,0
1284516,3,2022,2022,4,5,11,361,23,136,34609,0,1,1,-33.918623,151.079474,15,0,2,1,2,0,0,0,0,0,7,50,0,175,188,8,29,40,1,0,0,0,0
1284522,3,2022,2022,7,5,8,103,27,94,563,0,1,10,-33.834031,151.048344,54,0,2,1,3,0,0,3,2,2,7,70,2,6545,6545,4,5,5,2,0,0,0,0
1284524,3,2022,2022,7,5,6,1052,14,207,928,0,1,3,-33.605729,151.163942,31,0,2,1,3,0,3,4,2,0,7,110,2,9859,9859,8,30,40,1,0,0,0,0
1284525,3,2022,2022,3,2,5,3,31,202,34609,0,1,1,-33.949732,151.031777,15,0,2,1,3,0,3,4,2,0,7,50,0,387,387,1,5,0,2,0,0,0,0
1284526,3,2022,2022,3,4,2,67,27,30,78,0,1,1,-33.862171,151.136267,14,0,2,1,3,0,0,0,0,0,7,50,2,9859,9859,8,5,40,1,0,0,0,0
1284527,3,2021,2021,9,1,6,11,31,54,34609,1,0,1,-33.085195,151.634663,37,0,2,1,3,0,0,0,2,0,7,50,0,2585,777,8,5,40,1,0,0,0,0
1284528,3,2022,2022,3,1,3,168,10,387,260,0,1,2,-33.941281,151.192548,4,0,2,1,3,0,0,0,4,0,7,70,2,1391,1391,1,29,5,2,0,0,0,0
1284529,3,2022,2022,3,2,0,2261,17,26,2252,0,1,3,-34.10798,150.761423,13,0,2,1,3,0,3,4,0,0,7,110,2,204,204,1,9,0,2,0,0,0,0
1284539,3,2022,2022,7,6,4,2,27,21,34609,0,1,0,-33.872617,151.236948,81,0,2,1,3,0,3,3,2,0,7,50,0,941,941,1,0,5,3,0,0,0,0
1284540,3,2022,2022,3,5,4,97,31,363,92,0,1,9,-33.825229,150.994683,54,0,2,1,3,0,3,4,2,0,0,60,1,5929,5929,1,5,0,2,0,0,0,0
1284542,3,2022,2022,7,6,4,19,27,14,34609,0,1,1,-34.908265,150.686883,63,2,1,0,3,0,3,4,2,0,7,80,0,2585,4009,8,5,40,1,0,0,0,0
1284551,3,2022,2022,3,2,10,14,27,12,34609,0,1,1,-33.49403,151.421156,16,2,2,0,0,0,3,0,0,0,7,50,0,4552,5151,8,5,40,1,0,0,0,0
1284556,3,2022,2022,3,1,8,177,31,162,208,0,1,9,-33.857895,150.908691,24,0,2,1,3,0,0,3,2,0,15,60,1,926,926,4,5,5,2,0,0,0,0
1284560,3,2022,2022,3,4,7,123,27,304,34609,0,1,1,-33.917733,151.156927,32,0,2,1,1,0,0,0,2,0,7,50,0,9859,9859,1,30,5,3,0,0,0,0
1284564,3,2022,2022,7,5,0,42,27,316,34609,0,1,7,-31.448585,152.893141,56,2,1,1,3,0,3,4,0,0,0,50,0,9859,9859,8,5,40,1,0,0,0,0
1284566,3,2022,2022,3,2,1,29,27,85,30,0,1,7,-33.90033,150.880447,41,0,2,1,3,0,3,4,0,0,0,60,1,9859,9859,8,5,40,1,0,0,0,0
1284570,3,2022,2022,3,4,8,2,27,2,34609,0,1,1,-31.791379,152.370213,43,1,0,0,3,2,0,0,2,0,7,100,0,3775,3775,0,0,13,2,0,0,0,0
1284571,3,2022,2022,3,0,6,32,31,9,34609,0,1,1,-33.599941,150.743635,29,2,2,1,3,0,3,4,2,0,7,50,0,9859,9859,1,30,5,2,0,0,0,0
1284574,3,2022,2022,3,1,11,149,10,346,702,0,1,10,-33.86795,151.064387,67,0,2,1,3,0,3,4,0,2,7,80,2,14295,14295,3,29,5,2,0,0,0,0
1284576,3,2022,2022,3,6,8,161,17,9,161,0,1,1,-35.935096,148.596809,65,2,1,0,3,0,3,4,2,0,7,80,2,380,714,5,5,40,1,0,0,0,0
1284577,3,2022,2022,3,0,6,2209,17,144,2205,0,1,2,-34.066344,151.015676,68,0,2,0,3,0,3,4,2,0,7,70,2,14295,14295,3,10,5,3,0,0,0,0
1284578,3,2022,2022,7,5,7,2126,17,218,2149,0,1,9,-33.769739,150.76722,55,0,2,1,3,0,3,4,2,0,0,60,2,775,775,4,10,5,2,0,0,0,0
1284587,3,2022,2022,3,4,6,1,27,57,34609,0,1,1,-33.447198,151.381667,16,2,2,1,1,0,0,0,2,0,7,50,0,175,188,1,5,0,2,0,0,0,0
1284592,3,2022,2022,3,3,1,51,27,85,34609,0,1,10,-33.910862,150.875153,41,0,2,1,2,0,0,0,0,2,7,50,0,6545,6545,4,5,5,2,0,0,0,0
1284593,3,2022,2022,4,3,9,866,17,278,793,0,1,2,-33.775604,151.051306,54,0,2,1,0,0,0,0,2,0,7,60,2,1282,1282,1,33,5,2,0,0,0,0
1284613,3,2021,2021,2,6,10,3,27,36,34609,0,1,1,-33.93018,151.252659,59,0,2,1,2,0,3,4,0,0,7,50,0,9859,9859,1,9,5,4,0,0,0,0
1284614,3,2022,2022,3,6,5,31,27,21,33,0,1,1,-33.582084,150.661073,29,2,2,1,0,0,3,3,2,0,7,60,1,9859,9859,8,0,40,1,0,0,0,0
1284619,3,2022,2022,3,4,8,308,14,49,311,0,1,3,-33.914998,150.850449,41,0,2,1,1,0,0,0,2,0,7,80,2,14295,14295,3,5,5,3,0,0,0,0
1284621,3,2022,2022,3,2,7,1104,14,460,962,0,1,6,-33.824492,150.989147,54,0,2,1,1,0,3,4,2,0,7,90,2,14295,14295,3,10,5,3,0,0,0,0
1284638,3,2021,2021,9,5,11,1104,14,140,962,0,1,3,-33.796178,150.848089,7,0,2,1,2,0,0,0,0,0,7,100,2,404,404,8,5,40,1,0,0,0,0
1284667,3,2022,2022,3,3,10,31,10,78,23,0,1,1,-33.429042,151.445256,16,2,2,0,2,0,3,4,0,0,7,50,1,4552,5151,1,21,0,3,0,0,0,0
1284672,3,2022,2022,3,3,10,113,27,218,111,0,1,9,-33.783197,150.771215,55,0,2,1,2,0,0,0,0,2,7,60,2,14295,14295,3,9,0,2,0,0,0,0
1284673,3,2022,2022,4,3,4,177,31,314,208,0,1,1,-33.861772,150.937447,24,0,2,1,1,0,0,0,2,0,7,60,1,1282,1282,1,33,0,2,0,0,0,0
1284681,3,2022,2022,4,4,6,2126,17,80,2149,0,1,2,-33.745311,150.679476,55,0,2,0,0,0,0,0,2,0,7,60,2,4552,5151,8,0,40,4,0,0,0,0
1284684,3,2022,2022,3,1,4,60,27,219,262,0,1,2,-32.908238,151.659939,48,0,2,1,3,0,0,0,2,0,7,90,2,14295,14295,3,8,2,2,0,0,0,0
1284685,3,2022,2022,3,1,4,55,31,562,34609,0,1,1,-32.248263,148.603624,22,2,1,1,1,0,0,0,2,0,7,50,0,4026,4026,8,0,40,1,0,0,0,0
1284686,3,2022,2022,3,2,0,11,1,72,74,0,1,10,-33.840072,151.091281,14,0,2,1,0,0,0,0,0,0,7,50,1,83,83,5,5,40,1,0,0,0,0
1284694,3,2022,2022,3,6,0,81,27,609,115,0,1,1,-33.77882,150.901153,7,0,2,1,3,0,0,0,0,0,7,60,2,9859,9859,1,10,5,2,0,0,0,0
1284704,3,2022,2022,4,3,5,3,7,41,34609,0,1,1,-30.368964,153.085629,19,2,1,0,2,0,0,0,2,0,7,50,0,3775,3775,0,10,36,2,0,0,0,0
1284708,3,2021,2021,2,1,6,1052,14,173,928,0,1,3,-33.711147,151.115995,36,0,2,1,3,0,0,0,2,0,7,80,2,14295,14295,3,8,10,2,0,0,0,0
1284714,3,2021,2021,2,4,4,4,1,13,34609,0,1,1,-32.792129,151.664746,42,2,1,1,1,0,0,0,2,0,7,40,0,4026,4026,1,5,0,3,0,0,0,0
1284731,3,2022,2022,7,6,11,916,17,77,917,0,1,10,-32.56879,151.179912,64,2,1,1,3,0,3,4,0,2,7,50,2,14295,14295,3,3,35,2,0,0,0,0
1284737,3,2022,2022,7,0,5,829,27,159,770,0,1,2,-33.807061,151.08422,61,0,2,1,3,0,3,4,2,0,7,60,2,14295,14295,3,10,12,3,0,0,0,0
1284740,3,2022,2022,7,1,5,21,31,69,34609,0,1,10,-32.930575,151.750176,48,0,2,1,3,0,0,3,2,0,0,50,0,2852,2852,4,5,5,2,0,0,0,0
1284742,3,2022,2022,7,4,2,5,10,38,34609,0,1,1,-30.263144,153.130766,19,2,1,0,3,0,0,0,0,0,7,50,0,4552,5151,8,0,40,1,0,0,0,0
1284743,3,2022,2022,7,5,9,13,27,7,34609,0,1,9,-31.451669,152.716479,56,2,1,0,3,0,3,4,2,0,7,80,0,1850,1463,5,0,40,1,0,0,0,0
1284746,3,2022,2022,7,2,2,91,27,119,187,0,1,10,-33.874951,151.155162,32,0,2,1,3,0,3,0,1,2,7,70,2,4026,4026,8,5,40,1,0,0,0,0
1284747,3,2022,2022,7,4,8,1,27,13,34609,0,1,1,-33.187695,151.55773,16,1,2,1,3,0,3,3,4,0,7,100,0,5929,5929,1,5,5,2,0,0,0,0
1284748,3,2022,2022,7,0,6,16,31,70,148,0,1,1,-32.897381,151.721086,48,0,2,1,3,0,0,0,2,0,7,60,1,14295,14295,3,0,5,2,0,0,0,0
1284751,3,2022,2022,7,0,8,1,31,79,34609,0,1,1,-33.819585,151.216201,49,0,2,1,3,0,3,4,2,0,7,50,0,77,77,1,0,40,1,0,0,0,0
1284752,3,2022,2022,3,0,11,481,17,113,483,0,1,9,-29.328739,149.951777,51,1,0,1,3,0,3,4,0,0,7,110,2,9859,9859,8,0,40,1,0,0,0,0
1284760,3,2022,2022,7,4,8,69,31,91,34609,0,1,9,-32.971989,151.653042,37,0,2,1,3,0,3,3,2,0,7,50,0,1282,1282,1,5,0,3,0,0,0,0
1284761,3,2022,2022,7,0,7,30,24,167,34609,0,1,9,-33.846951,151.075165,54,0,2,0,3,0,3,3,2,0,0,60,0,775,775,4,0,5,2,0,0,0,0
1284762,3,2022,2022,7,3,10,17,27,20,6,0,1,1,-35.433052,147.612171,75,1,0,0,3,0,0,0,0,0,7,100,1,4552,5151,8,10,40,1,0,0,0,0
1284766,3,2022,2022,7,3,9,162,31,532,24,0,1,10,-33.868777,151.204592,69,0,2,1,3,0,3,4,3,2,7,40,1,6545,6545,4,10,5,2,0,0,0,0
1284771,3,2022,2022,7,0,6,1052,14,118,928,0,1,3,-33.365202,151.332624,16,1,2,1,3,0,3,4,2,0,7,110,2,1192,1192,1,10,2,2,0,0,0,0
1284774,3,2022,2022,7,4,7,26,27,103,34609,0,1,9,-32.942746,151.647522,37,0,2,1,3,0,3,4,2,0,7,60,0,1109,787,1,5,5,2,0,0,0,0
1284779,3,2022,2022,7,5,11,475,31,532,75,0,1,10,-33.86918,151.21039,69,0,2,1,3,0,3,4,0,2,7,40,1,2852,2852,4,5,5,2,0,0,0,0
1284781,3,2022,2022,7,3,0,1052,14,118,928,0,1,3,-33.401643,151.29778,16,1,2,0,3,0,3,4,0,0,7,110,2,1957,4009,8,9,40,1,0,0,0,0
1284784,3,2022,2022,3,5,7,11,27,104,34,0,1,10,-33.83856,151.213839,49,0,2,1,3,0,0,0,2,0,0,50,1,775,775,4,5,13,2,0,0,0,0
1284787,3,2022,2022,7,1,4,48,10,463,32,0,1,7,-30.292569,153.132953,19,2,1,1,3,0,3,4,2,0,0,60,1,3775,3775,0,0,5,2,0,0,0,0
1284789,3,2022,2022,7,0,8,85,27,53,145,0,1,9,-33.799385,151.055171,54,0,2,0,3,0,0,3,2,2,7,70,2,14295,14295,3,8,36,2,0,0,0,0
1284790,3,2022,2022,7,2,9,31,22,74,34609,0,1,1,-34.438217,150.864067,80,0,2,1,3,0,0,0,2,0,7,50,0,1282,1282,1,5,5,3,0,0,0,0
1284794,3,2022,2022,7,1,6,6,1,53,34609,0,1,1,-35.134357,147.362321,75,2,1,1,3,0,0,0,2,0,7,50,0,220,220,1,10,13,2,0,0,0,0
1284795,3,2022,2022,7,2,3,2261,17,10,2252,0,1,2,-34.815454,149.415544,74,1,0,0,3,0,0,3,2,0,7,110,2,4552,5151,8,8,40,1,0,0,0,0
1284796,3,2022,2022,7,3,11,344,27,363,369,0,1,9,-33.737856,150.716916,55,0,2,1,3,0,3,4,0,0,15,70,2,623,623,3,5,0,2,0,0,0,0
1284800,3,2022,2022,7,0,7,23,14,532,22,0,1,8,-33.861288,151.209854,69,0,2,1,3,0,0,0,2,0,7,70,2,1391,1391,1,30,5,3,0,0,0,0
1284801,3,2022,2022,7,5,7,50,27,125,51,0,1,7,-33.854126,151.077484,67,0,2,0,3,0,3,4,2,0,0,60,1,1391,1391,1,5,36,2,0,0,0,0
1284802,3,2022,2022,7,4,10,40,27,84,40,0,1,10,-33.885487,150.937027,24,0,2,1,3,0,3,3,0,2,7,60,1,5929,5929,1,5,12,2,0,0,0,0
1284806,3,2022,2022,3,5,7,3371,17,63,3342,0,1,9,-33.262513,151.481578,16,2,2,1,1,0,0,3,2,2,7,70,2,14295,14295,3,8,5,2,0,0,0,0
1284807,3,2022,2022,7,6,6,485,27,232,769,0,1,9,-33.696744,150.927739,71,0,2,1,3,0,3,4,2,2,7,80,2,515,515,1,8,22,2,0,0,0,0
1284809,3,2022,2022,7,6,6,18,1,145,34609,1,0,1,-33.927277,151.126327,15,0,2,1,3,0,0,0,2,0,7,50,0,9859,9859,8,5,40,1,0,0,0,0
1284810,3,2022,2022,3,3,10,169,31,108,34609,0,1,2,-28.870679,153.560833,2,2,1,1,3,0,0,0,0,0,7,40,0,941,941,1,30,13,2,0,0,0,0
1284819,3,2022,2022,3,5,10,481,17,17,483,0,1,1,-33.525335,147.730844,51,1,0,1,0,0,0,0,0,0,7,110,2,9859,9859,8,29,40,1,0,0,0,0
1284849,3,2022,2022,3,2,0,60,27,101,262,0,1,10,-32.894644,151.6071,37,0,2,1,2,0,0,0,0,2,7,90,2,9859,9859,8,5,40,1,0,0,0,0
1284855,3,2022,2022,7,0,3,105,27,174,109,0,1,1,-33.862395,150.919488,24,0,2,1,1,0,3,4,2,0,7,60,1,9859,9859,8,5,40,1,0,0,0,0
1284856,3,2022,2022,7,5,8,137,14,24,70,0,1,3,-32.884444,151.591626,37,0,2,1,0,0,3,4,2,0,7,110,2,4026,4026,8,5,40,1,0,0,0,0
1284861,3,2022,2022,3,1,4,40,27,609,24,0,1,10,-33.773163,150.905433,7,0,2,1,1,0,0,0,2,2,7,60,1,1282,1282,1,5,5,2,0,0,0,0
1284875,3,2022,2022,3,3,1,153,27,188,147,1,0,9,-33.949665,151.102057,25,0,2,1,2,0,3,4,0,2,7,60,2,489,489,8,5,40,1,0,0,0,0
1284882,3,2022,2022,3,2,9,4,27,11,34609,0,1,1,-29.779846,151.798052,51,1,0,1,0,0,3,4,3,0,7,100,0,9859,9859,8,10,40,1,0,0,0,0
1284885,3,2022,2022,4,6,11,2,27,18,34609,0,1,1,-33.826575,151.106691,61,0,2,1,2,0,3,0,0,0,7,50,0,9859,9859,1,0,5,2,0,0,0,0
1284887,3,2022,2022,3,4,11,11,1,179,34609,1,0,1,-33.757494,150.720423,55,0,2,1,2,0,3,4,0,0,7,50,0,9859,9859,8,10,40,1,0,0,0,0
1284889,3,2021,2021,2,2,5,74,27,56,59,0,1,2,-34.465738,150.873789,80,0,2,1,1,0,0,0,2,0,7,80,2,14295,14295,3,0,5,2,0,0,0,0
1284894,3,2022,2022,3,0,5,87,31,47,34609,0,1,9,-33.776987,151.287714,50,0,2,1,1,0,3,4,2,0,0,50,0,9859,9859,1,5,5,3,0,0,0,0
1284896,3,2022,2022,3,2,11,1104,14,136,962,0,1,6,-33.857421,151.07029,67,0,2,0,2,0,3,3,0,0,7,80,2,2585,4009,8,10,40,1,0,0,0,0
1284900,3,2022,2022,3,6,7,30,27,43,24,0,1,1,-32.813616,151.789038,57,2,1,1,1,0,0,0,2,0,7,80,2,475,475,5,10,40,1,0,0,0,0
1284908,3,2022,2022,7,4,8,346,17,106,332,0,1,1,-28.861101,153.063882,60,2,1,1,2,0,0,3,3,0,7,50,2,941,941,1,5,12,2,0,0,0,0
1284928,3,2021,2021,2,3,4,42,27,128,231,0,1,1,-33.422741,151.319515,16,2,2,1,1,0,0,0,2,0,7,60,2,1383,1383,1,10,0,2,0,0,0,0
1284933,3,2022,2022,3,0,11,3371,17,53,3342,0,1,9,-33.765138,151.156874,36,0,2,1,2,0,3,4,0,2,7,60,2,775,775,4,5,40,2,0,0,0,0
1284941,3,2022,2022,4,0,5,71,17,43,71,0,1,9,-36.113721,144.75631,51,2,1,1,1,0,0,0,2,0,0,50,2,4026,4026,8,5,40,1,0,0,0,0
1284970,3,2022,2022,7,2,1,9,27,54,44,0,1,1,-33.715833,151.099412,31,0,2,1,2,0,3,2,0,0,7,60,1,9859,9859,8,5,40,1,0,0,0,0
1284982,3,2021,2021,2,5,7,13,27,6,18,0,1,1,-32.033828,150.58556,73,2,1,0,3,0,2,6,2,0,7,80,1,4552,5151,8,29,40,1,0,0,0,0
1284987,3,2022,2022,3,3,11,14,31,117,34609,1,0,1,-28.169477,153.542167,72,2,1,1,2,0,0,0,0,0,7,50,0,9859,9859,1,10,36,3,0,0,0,0
1284989,3,2022,2022,3,1,10,6,31,137,34609,0,1,1,-32.964017,151.699408,37,0,2,0,2,0,0,0,0,0,7,50,0,1957,4009,1,0,12,2,0,0,0,0
1284995,3,2022,2022,3,0,10,1,1,68,34609,0,1,2,-33.876343,151.240964,81,0,2,1,2,0,0,0,0,0,7,50,0,9859,9859,1,0,36,4,0,0,0,0
1284999,3,2022,2022,7,5,10,3,27,47,34609,0,1,1,-28.834846,153.439338,2,2,1,1,0,0,3,0,0,0,7,60,0,4026,4026,8,10,40,1,0,0,0,0
1285001,3,2022,2022,3,5,6,2209,17,137,2205,0,1,10,-34.035178,151.066115,68,0,2,1,1,0,0,0,2,1,7,70,2,1383,1383,1,5,5,3,0,0,0,0
1285003,3,2022,2022,7,3,0,2209,17,12,2205,0,1,1,-35.263852,150.426074,63,1,0,0,0,0,3,4,0,0,7,100,2,3775,3775,0,0,0,2,0,0,0,0
1285018,3,2022,2022,7,3,6,916,17,6,917,0,1,10,-29.79851,151.733563,51,1,0,0,0,0,3,4,2,0,7,100,2,4552,5151,8,3,40,1,0,0,0,0
1285019,3,2022,2022,3,6,10,3,31,609,34609,0,1,9,-33.760315,150.889903,7,0,2,1,2,0,3,3,0,0,7,50,0,489,489,8,5,40,1,0,0,0,0
1285020,3,2022,2022,3,2,5,2,31,84,34609,0,1,1,-33.81889,150.983277,21,0,2,1,1,0,2,6,2,0,7,50,0,9859,9859,8,5,40,1,0,0,0,0
1285021,3,2021,2021,2,4,3,330,23,123,233,0,1,10,-33.886648,151.219046,69,0,2,1,0,0,0,0,2,2,7,60,2,5929,5929,1,30,5,2,0,0,0,0
1285028,3,2022,2022,4,5,9,2,18,12,34609,0,1,1,-33.984911,151.235439,59,0,2,1,0,0,0,6,2,0,7,40,0,4026,4026,8,5,40,1,0,0,0,0
1285031,3,2022,2022,7,0,10,1052,14,149,928,0,1,3,-33.360112,151.336652,16,1,2,0,1,0,3,4,0,0,7,110,2,1850,1463,5,3,40,1,0,0,0,0
1285056,3,2021,2021,2,4,11,3,31,290,34609,0,1,1,-33.951156,151.111553,4,0,2,0,2,0,3,4,0,0,7,50,0,4552,5151,8,5,40,1,0,0,0,0
1285058,3,2021,2021,2,3,7,2209,17,137,2205,0,1,9,-34.03167,151.066934,68,0,2,1,1,0,0,0,2,2,7,70,2,1669,1669,3,5,5,2,0,0,0,0
1285068,3,2022,2022,4,0,3,294,17,11,288,0,1,1,-35.164901,147.714128,75,1,0,1,3,0,0,0,1,0,7,100,2,9859,9859,1,3,13,2,0,0,0,0
1285075,3,2021,2021,2,4,7,45,27,6,44,0,1,2,-33.828027,151.146368,38,0,2,0,0,0,0,0,2,0,7,60,2,3775,3775,0,5,12,2,0,0,0,0
1285081,3,2022,2022,7,6,4,13,27,223,34609,0,1,9,-33.800862,150.924305,7,0,2,1,3,0,3,4,2,0,0,50,0,1391,1391,1,21,12,2,0,0,0,0
1285083,3,2022,2022,3,2,11,330,23,123,233,0,1,10,-33.886648,151.219046,69,0,2,1,3,0,3,4,0,2,7,60,2,5929,5929,1,5,5,2,0,0,0,0
1285093,3,2022,2022,7,5,3,11,9,433,34609,0,1,9,-33.290675,149.079116,52,2,1,1,3,0,0,0,2,0,7,50,0,5929,5929,1,5,5,2,0,0,0,0
1285094,3,2022,2022,3,0,9,1104,14,142,962,0,1,3,-33.827117,150.994408,54,0,2,1,3,0,3,4,2,0,7,90,2,248,248,1,0,12,2,0,0,0,0
1285095,3,2022,2022,7,6,4,57,27,337,47,0,1,2,-33.723521,150.984991,71,0,2,0,3,0,3,4,2,0,7,60,2,14295,14295,3,5,25,3,0,0,0,0
1285100,3,2022,2022,7,6,10,6,31,56,34609,0,1,9,-35.126325,147.387046,75,2,1,1,3,0,0,0,0,0,7,60,0,515,515,1,10,5,2,0,0,0,0
1285101,3,2022,2022,7,4,5,63,27,224,605,0,1,1,-33.809271,151.245776,45,0,2,1,3,0,0,0,2,0,7,60,2,9859,9859,1,5,12,2,0,0,0,0
1285103,3,2022,2022,7,1,5,3371,17,83,3342,0,1,2,-30.118242,153.177793,19,1,0,1,3,0,3,4,2,0,7,110,2,4026,4026,8,10,40,1,0,0,0,0
1285105,3,2022,2022,7,6,9,21,27,70,97,1,0,7,-33.912876,150.982315,15,0,2,1,3,0,0,0,0,0,0,50,1,6545,6545,4,5,13,2,0,0,0,0
1285109,3,2022,2022,7,5,3,22,6,107,34609,0,1,1,-33.266482,151.436121,16,2,2,1,3,0,3,4,2,0,7,50,0,1282,1282,1,5,13,2,0,0,0,0
1285110,3,2022,2022,7,4,9,1,31,36,91,0,1,10,-34.455797,149.456164,74,2,1,1,3,0,0,3,2,0,0,50,1,6545,6545,4,9,13,2,0,0,0,0
1285115,3,2022,2022,3,6,4,255,27,15,260,0,1,2,-32.992721,151.600057,37,0,2,1,3,0,3,4,2,0,7,60,2,1391,1391,1,5,0,2,0,0,0,0
1285124,3,2022,2022,7,3,5,133,10,316,121,0,1,2,-31.450433,152.899121,56,2,1,1,1,0,3,3,2,0,7,70,2,945,945,5,0,40,1,0,0,0,0
1285127,3,2022,2022,7,2,6,169,31,30,34609,0,1,1,-34.731972,146.540444,51,1,0,1,3,2,0,3,2,0,7,100,0,9859,9859,8,5,40,1,0,0,0,0
1285141,3,2022,2022,7,4,8,2209,17,7,2205,0,1,1,-36.332076,150.063785,23,1,0,1,3,0,3,3,3,0,7,100,2,945,945,5,29,40,1,0,0,0,0
1285142,3,2022,2022,7,5,6,2209,17,29,2205,0,1,10,-35.317444,150.43731,63,2,1,0,3,0,3,4,2,0,15,50,2,387,387,1,10,13,2,0,0,0,0
1285148,3,2022,2022,7,6,7,512,17,11,441,0,1,1,-32.930602,148.892227,11,1,0,1,3,0,3,3,2,0,7,100,2,475,475,5,8,40,1,0,0,0,0
1285149,3,2022,2022,7,3,7,9,31,157,34609,0,1,1,-33.807375,151.010826,54,0,2,1,3,0,3,4,2,0,7,50,0,1282,1282,1,0,0,2,0,0,0,0