Crash ID,Degree of crash - detailed,Reporting year,Year of crash,Month of crash,Day of week of crash,Two-hour intervals,Street of crash,Street type,Town,Route no.,School zone location,School zone active,Type of location,Latitude,Longitude,LGA,Urbanisation,Conurbation 1,Alignment,Street lighting,Road surface,Surface condition,Weather,Natural lighting,Signals operation,Other traffic control,Speed limit,Road classification,RUM - code,DCA - code,First impact type,Key TU type,Other TU type,No. of traffic units involved,No. killed,No. seriously injured,No. moderately injured,No. minor-other injured
1285150,3,2022,2022,3,1,3,19,31,14,4,0,1,1,-33.298416,146.37368,51,2,1,1,2,0,0,0,1,0,7,50,1,1282,1282,1,5,40,2,0,0,0,0
1285151,3,2022,2022,7,0,11,13,27,72,34609,0,1,1,-34.012355,151.019443,68,0,2,1,3,0,3,4,0,0,7,50,0,9859,9859,1,10,13,2,0,0,0,0
1285154,3,2022,2022,7,5,7,56,23,129,144,0,1,9,-33.893161,151.090575,9,0,2,1,3,0,3,4,2,0,7,60,2,926,926,4,0,5,2,0,0,0,0
1285157,3,2022,2022,7,3,8,294,17,56,288,0,1,1,-35.12506,147.417044,75,2,1,1,3,0,0,0,2,0,7,60,2,1109,787,1,10,13,2,0,0,0,0
1285161,3,2022,2022,7,1,4,35,10,14,34609,0,1,10,-28.949879,153.46527,2,2,1,1,3,0,0,0,2,0,0,80,0,1282,1282,1,5,40,2,0,0,0,0
1285162,3,2022,2022,7,0,6,9,31,562,34609,0,1,10,-32.251708,148.60548,22,2,1,1,3,0,0,0,2,2,7,50,0,5929,5929,1,0,5,2,0,0,0,0
1285163,3,2022,2022,7,5,2,23,10,15,47,0,1,9,-32.896925,151.70617,48,0,2,0,3,0,3,4,0,2,7,60,2,1981,1981,4,10,13,2,0,0,0,0
1285164,3,2022,2022,7,6,7,2126,17,247,2149,0,1,10,-33.811775,150.95231,21,0,2,1,3,0,0,0,2,2,7,80,2,14295,14295,3,5,5,3,0,0,0,0
1285165,3,2022,2022,7,3,10,1,27,3,34609,0,1,1,-29.790888,151.820898,51,1,0,1,3,0,3,0,0,0,7,100,0,945,945,5,30,40,1,0,0,0,0
1285171,3,2022,2022,7,6,7,866,17,278,793,0,1,10,-33.7823,151.049886,54,0,2,0,3,0,3,4,2,0,0,60,2,1957,4009,8,9,40,1,0,0,0,0
1285172,3,2022,2022,7,5,6,2261,17,93,2252,0,1,2,-36.091387,146.924118,0,1,0,1,3,0,0,0,2,0,7,110,2,1192,1192,1,5,12,2,0,0,0,0
1285173,3,2022,2022,3,0,7,4,27,19,34609,0,1,1,-30.64358,151.450269,51,1,0,0,3,0,0,3,2,0,7,100,0,1957,4009,8,10,40,1,0,0,0,0
1285175,3,2022,2022,7,0,0,19,31,78,34609,0,1,1,-34.48324,150.841338,80,0,2,1,2,0,3,4,0,0,7,50,0,4026,4026,8,5,40,2,0,0,0,0
1285198,3,2022,2022,7,1,5,171,1,80,104,0,1,10,-33.940619,151.215482,4,0,2,1,3,0,0,0,2,2,7,70,2,6545,6545,4,5,13,2,0,0,0,0
1285199,3,2022,2022,4,6,9,2,27,46,34609,0,1,1,-35.183029,147.356841,75,2,1,1,0,0,0,0,2,0,7,80,0,9859,9859,8,34,40,1,0,0,0,0
1285204,3,2022,2022,3,2,6,105,27,70,109,0,1,1,-33.882935,150.887505,24,0,2,1,1,0,3,4,2,0,7,60,1,14295,14295,3,5,5,3,0,0,0,0
1285217,3,2022,2022,3,0,1,229,14,173,237,0,1,3,-33.77267,151.119603,61,0,2,1,2,0,3,3,0,0,7,100,2,9859,9859,8,5,40,1,0,0,0,0
1285235,3,2022,2022,7,2,4,6,31,189,34609,0,1,1,-33.949066,151.054941,15,0,2,1,0,0,0,0,2,0,7,50,0,84,84,6,33,40,2,0,0,0,0
1285262,3,2022,2022,7,5,8,2261,17,112,2252,0,1,2,-36.068088,146.936476,0,1,0,1,0,0,0,0,2,0,7,110,2,4026,4026,8,10,40,1,0,0,0,0
1285273,3,2022,2022,3,4,11,2126,17,65,2149,0,1,2,-33.537037,150.16066,40,2,1,0,0,0,3,4,0,0,7,80,2,1259,5151,8,5,40,1,0,0,0,0
1285275,3,2022,2022,3,5,9,23,27,53,36,0,1,1,-35.204051,149.350072,58,1,0,0,0,0,0,0,2,0,7,90,1,14295,14295,3,0,5,2,0,0,0,0
1285285,3,2022,2022,4,3,11,3,10,16,34609,0,1,9,-33.743523,150.737989,55,0,2,0,2,0,0,0,0,0,7,50,0,4552,5151,1,0,13,2,0,0,0,0
1285290,3,2022,2022,3,4,2,110,31,69,34609,1,0,1,-34.547417,150.851602,62,0,2,1,2,0,0,0,0,0,7,50,0,9859,9859,1,5,5,2,0,0,0,0
1285297,3,2021,2021,2,6,11,98,27,87,799,0,1,9,-33.928497,150.968094,41,0,2,1,2,0,0,0,0,0,7,70,2,14295,14295,3,5,0,2,0,0,0,0
1285321,3,2022,2022,3,0,10,5,27,4,39,0,1,1,-32.025307,150.980029,73,1,0,0,3,0,0,0,0,0,7,100,1,1259,5151,8,0,40,1,0,0,0,0
1285333,3,2021,2021,2,2,9,41,27,8,69,0,1,1,-34.608602,149.800017,26,1,0,1,3,0,0,0,2,0,7,100,1,3775,3775,0,10,13,2,0,0,0,0
1285343,3,2022,2022,3,1,5,3,27,14,34609,0,1,1,-28.97819,153.450286,2,1,0,0,3,0,3,4,2,0,7,100,0,782,957,5,10,40,1,0,0,0,0
1285345,3,2022,2022,3,0,6,1104,11,532,770,0,1,2,-33.872859,151.202336,69,0,2,0,3,0,3,4,2,0,7,60,2,1957,4009,8,9,40,1,0,0,0,0
1285361,3,2022,2022,7,2,11,17,31,17,34609,0,1,1,-33.91471,151.263439,59,0,2,1,3,0,3,4,0,0,7,50,0,220,220,1,5,5,2,0,0,0,0
1285363,3,2022,2022,7,4,9,103,36,5,157,0,1,9,-28.611786,152.995586,51,2,1,1,3,0,0,0,0,0,7,80,2,1391,1391,1,8,0,2,0,0,0,0
1285364,3,2022,2022,7,6,3,515,14,202,518,0,1,3,-33.940371,151.02655,15,0,2,1,3,0,0,0,2,0,7,100,2,14295,14295,3,5,12,4,0,0,0,0
1285366,3,2022,2022,7,5,7,95,31,33,34609,0,1,1,-34.774364,150.688021,63,2,1,1,3,0,0,0,2,0,7,50,0,9859,9859,8,5,40,1,0,0,0,0
1285371,3,2022,2022,7,0,4,6,31,77,34609,0,1,1,-33.872086,150.940174,24,0,2,1,3,0,0,0,2,0,7,50,0,1282,1282,1,5,40,1,0,0,0,0
1285373,3,2022,2022,7,5,5,2,31,162,34609,0,1,9,-33.841137,150.921783,24,0,2,1,3,0,3,0,2,0,0,60,0,2852,2852,4,9,13,2,0,0,0,0
1285374,3,2022,2022,7,0,9,6,7,52,34609,0,1,1,-33.955554,150.948662,41,0,2,1,3,0,0,0,3,0,7,40,0,9859,9859,1,0,5,2,0,0,0,0
1285376,3,2022,2022,7,3,7,2209,17,77,2205,0,1,9,-33.925773,151.159664,32,0,2,1,3,0,3,4,2,0,7,60,2,623,623,3,0,0,4,0,0,0,0
1285377,3,2022,2022,7,5,7,119,31,119,34609,0,1,1,-32.762018,151.743258,57,2,1,1,3,0,0,0,2,0,7,40,0,248,248,1,10,5,2,0,0,0,0
1285378,3,2022,2022,7,6,4,133,17,22,121,0,1,1,-36.849772,149.276302,65,1,0,0,3,0,3,4,2,0,7,100,2,1259,5151,8,29,40,1,0,0,0,0
1285379,3,2022,2022,7,5,3,19,1,59,34609,0,1,7,-33.978333,150.857834,13,0,2,1,3,0,0,0,2,0,0,60,0,6545,6545,4,10,25,2,0,0,0,0
1285384,3,2022,2022,7,5,7,2,27,1,34609,0,1,1,-34.002362,148.380389,51,1,0,1,3,0,3,4,2,0,7,100,0,9859,9859,8,8,40,1,0,0,0,0
1285385,3,2022,2022,7,1,11,69,31,646,563,0,1,10,-33.910709,151.041911,15,0,2,1,3,0,3,4,0,2,9,60,2,1282,1282,1,5,5,2,0,0,0,0
1285386,3,2022,2022,7,6,5,485,27,154,769,0,1,9,-33.704311,150.930426,71,0,2,1,3,0,3,6,2,2,7,80,2,14295,14295,3,5,0,2,0,0,0,0
1285390,3,2022,2022,7,5,0,2,31,44,34609,0,1,9,-30.72007,152.91443,47,2,1,1,3,0,3,3,0,0,7,50,0,1282,1282,1,5,13,2,0,0,0,0
1285394,3,2022,2022,7,2,6,2261,17,45,2252,0,1,10,-33.891507,150.977381,15,0,2,1,3,0,0,0,2,0,0,70,2,14295,14295,3,5,36,2,0,0,0,0
1285396,3,2022,2022,7,4,3,2209,17,68,2205,0,1,2,-34.088667,151.006271,68,0,2,1,3,0,0,0,1,0,7,60,2,14295,14295,3,5,5,3,0,0,0,0
1285397,3,2022,2022,7,1,3,3,27,144,34609,0,1,7,-34.056305,151.00495,68,0,2,1,3,0,0,0,2,0,0,50,0,1981,1981,4,5,36,2,0,0,0,0
1285406,3,2022,2022,7,5,5,39,31,293,34609,0,1,7,-33.927502,151.060928,15,0,2,1,3,0,0,0,2,0,0,50,0,1282,1282,1,5,5,2,0,0,0,0
1285407,3,2021,2021,2,3,7,98,27,36,34609,0,1,1,-33.545133,149.301676,51,1,0,0,3,0,3,4,2,0,7,100,0,1282,1282,1,10,13,2,0,0,0,0
1285409,3,2022,2022,7,2,6,1,27,433,34609,0,1,1,-33.305448,149.098285,52,2,1,1,3,0,0,0,2,0,7,50,0,248,248,1,5,5,2,0,0,0,0
1285410,3,2022,2022,7,1,3,8,27,65,34609,0,1,7,-33.797126,150.963558,54,0,2,1,3,0,0,0,1,0,0,50,0,6545,6545,4,5,13,2,0,0,0,0
1285411,3,2022,2022,7,4,7,3,27,125,34609,0,1,1,-33.817995,151.125173,61,0,2,1,3,0,0,0,2,0,7,50,0,3775,3775,0,9,5,4,0,0,0,0
1285412,3,2022,2022,3,5,9,149,10,346,702,0,1,2,-33.872449,151.065986,67,0,2,1,3,0,3,4,2,0,7,80,2,14295,14295,3,5,0,2,0,0,0,0
1285416,3,2022,2022,7,1,11,2,27,23,34609,0,1,9,-34.017628,151.026235,68,0,2,1,3,0,3,4,0,0,7,50,0,4552,985,8,5,40,1,0,0,0,0
1285417,3,2022,2022,7,2,9,10,1,89,34609,0,1,7,-33.391548,151.468765,16,2,2,1,3,0,0,0,2,0,0,50,0,78,78,8,5,40,1,0,0,0,0
1285418,3,2022,2022,3,3,5,213,17,9,213,0,1,1,-29.548636,152.476719,18,1,0,1,3,0,0,0,2,0,7,100,2,945,945,5,10,40,1,0,0,0,0
1285419,3,2022,2022,7,5,6,41,18,532,34609,0,1,9,-33.875543,151.204444,69,0,2,1,3,0,3,0,2,0,7,40,0,1259,985,1,9,12,2,0,0,0,0
1285421,3,2022,2022,7,0,4,500,27,41,799,0,1,10,-33.906221,151.12719,32,0,2,1,3,0,0,0,2,2,7,60,2,14295,14295,3,5,19,2,0,0,0,0
1285422,3,2022,2022,7,5,2,1052,14,207,928,0,1,3,-33.576828,151.192787,31,0,2,0,3,0,3,4,0,0,7,110,2,273,957,5,10,40,1,0,0,0,0
1285423,3,2022,2022,7,1,8,55,36,155,95,0,1,1,-33.187309,148.467513,53,1,0,1,3,0,0,3,2,0,7,100,2,945,945,5,0,40,1,0,0,0,0
1285425,3,2022,2022,7,5,11,1104,14,247,962,0,1,3,-33.815865,150.962223,21,0,2,1,3,0,3,4,0,0,7,90,2,204,204,1,0,0,3,0,0,0,0
1285426,3,2022,2022,7,3,11,1,31,41,34609,0,1,1,-35.067268,148.114974,20,2,1,0,3,0,0,0,0,0,7,50,0,2585,4009,8,5,40,1,0,0,0,0
1285427,3,2022,2022,7,4,3,6,27,105,34609,0,1,7,-32.726092,151.524488,42,2,1,1,3,0,0,0,1,0,0,60,0,6545,6545,4,5,0,2,0,0,0,0
1285428,3,2022,2022,7,0,9,128,27,74,133,0,1,9,-33.769145,150.676516,55,0,2,1,3,0,0,0,0,2,7,60,2,1391,1391,1,5,5,2,0,0,0,0
1285430,3,2022,2022,7,6,9,2261,17,26,2252,0,1,3,-34.40878,150.503362,78,1,0,1,3,0,0,0,3,0,7,110,2,4026,4026,8,5,40,1,0,0,0,0
1285431,3,2022,2022,7,5,11,103,27,35,256,0,1,7,-34.114295,150.79761,13,0,2,1,3,0,3,4,0,0,0,70,2,6545,6545,4,0,0,2,0,0,0,0
1285434,3,2022,2022,7,3,8,27,27,294,27,0,1,10,-33.933804,150.953613,41,0,2,1,1,0,0,0,2,2,7,60,1,190,190,1,0,0,2,0,0,0,0
1285435,3,2022,2022,7,4,7,2261,17,68,2252,0,1,2,-34.778435,148.719051,82,1,0,1,3,0,0,0,2,0,7,110,2,4026,4026,8,30,40,1,0,0,0,0
1285436,3,2022,2022,7,1,2,1052,14,207,928,0,1,3,-33.560107,151.192448,31,0,2,1,0,0,3,4,0,0,7,110,2,14295,14295,3,33,5,3,0,0,0,0
1285437,3,2022,2022,7,6,4,2,31,83,34609,0,1,1,-29.704454,152.934953,18,2,1,1,3,0,0,0,2,0,7,50,0,9859,9859,1,0,0,3,0,0,0,0
1285440,3,2022,2022,3,0,11,82,27,346,59,0,1,1,-33.869569,151.079659,67,0,2,1,2,0,0,0,0,0,7,50,1,9859,9859,1,33,0,2,0,0,0,0
1285445,3,2022,2022,7,5,4,9,27,47,34609,0,1,1,-28.844813,153.444867,2,2,1,1,3,0,3,4,2,0,7,60,0,1109,397,1,5,5,2,0,0,0,0
1285446,3,2022,2022,7,0,8,2,27,5,34609,0,1,1,-28.591203,152.995245,51,1,0,1,3,2,3,4,2,0,7,100,0,9859,9859,8,33,40,1,0,0,0,0
1285462,3,2022,2022,7,1,4,72,14,112,71,0,1,3,-33.905518,151.213896,69,0,2,1,3,0,0,0,2,0,7,80,2,14295,14295,3,5,10,2,0,0,0,0
1285463,3,2022,2022,7,0,3,85,27,72,145,0,1,10,-33.799075,151.053967,54,0,2,1,3,0,0,0,2,0,0,70,2,5929,5929,1,21,5,2,0,0,0,0
1285464,3,2022,2022,3,5,3,169,27,40,61,1,0,1,-33.826246,151.181396,38,0,2,1,3,0,3,4,2,0,7,50,1,1282,1282,1,30,19,2,0,0,0,0
1285465,3,2022,2022,7,3,6,2209,17,70,2205,0,1,2,-34.845119,150.594881,63,2,1,1,3,0,0,0,2,0,7,70,2,1957,4009,1,0,4,2,0,0,0,0
1285466,3,2022,2022,7,0,4,42,27,67,231,0,1,10,-33.407696,151.336641,16,2,2,1,3,0,0,0,2,2,7,60,2,5929,5929,1,0,13,2,0,0,0,0
1285468,3,2022,2022,7,6,7,28,31,523,34609,0,1,1,-33.917229,150.927954,41,0,2,1,3,0,0,0,2,0,7,50,0,941,941,1,0,13,2,0,0,0,0
1285475,3,2022,2022,7,4,4,62,31,61,34609,0,1,10,-33.891491,150.910538,24,0,2,1,3,0,3,4,2,0,15,50,0,6545,6545,4,5,5,2,0,0,0,0
1285476,3,2022,2022,7,0,7,91,27,119,187,0,1,10,-33.874929,151.155058,32,0,2,1,3,0,0,0,2,2,7,70,2,1391,1391,1,5,12,2,0,0,0,0
1285479,3,2022,2022,7,5,6,829,31,179,70,0,1,10,-31.909254,152.467937,43,2,1,1,3,0,0,0,2,0,0,60,1,2852,2852,4,5,5,2,0,0,0,0
1285482,3,2022,2022,7,4,4,162,31,53,34609,0,1,1,-32.926177,151.759194,48,0,2,1,3,0,0,0,2,0,7,50,0,144,144,1,30,5,2,0,0,0,0
1285492,3,2022,2022,7,5,6,123,27,316,120,0,1,10,-33.904831,151.252659,59,0,2,1,3,0,3,4,2,0,0,50,2,6545,6545,4,30,5,2,0,0,0,0
1285493,3,2021,2021,8,6,7,16,31,49,34609,0,1,1,-33.945297,151.215874,4,0,2,1,3,0,0,0,2,0,7,50,0,1981,1981,4,9,5,2,0,0,0,0
1285497,3,2022,2022,7,4,3,17,31,460,92,0,1,10,-33.833849,150.992175,21,0,2,1,3,0,0,0,1,2,7,60,1,926,926,4,9,13,2,0,0,0,0
1285498,3,2022,2022,7,4,7,1052,27,219,262,0,1,7,-32.903059,151.676571,48,0,2,0,3,0,0,0,2,3,7,60,2,14295,14295,3,5,5,2,0,0,0,0
1285499,3,2022,2022,7,4,10,98,27,294,799,0,1,9,-33.92923,150.948135,41,0,2,1,3,0,0,0,0,2,7,70,2,14295,14295,3,16,5,2,0,0,0,0
1285501,3,2022,2022,7,5,3,21,36,7,34609,0,1,1,-31.011488,152.907611,34,1,0,1,3,0,3,3,2,0,7,100,0,14295,14295,3,5,0,2,0,0,0,0
1285506,3,2022,2022,7,0,9,2261,17,70,2252,0,1,2,-34.743275,149.918718,26,1,0,1,3,0,0,0,3,0,7,110,2,4026,4026,8,10,40,1,0,0,0,0
1285508,3,2022,2022,7,2,9,13,23,32,34609,1,0,9,-32.947351,151.708462,48,0,2,1,3,0,0,0,3,0,7,50,0,2585,777,1,10,5,2,0,0,0,0
1285514,3,2022,2022,7,0,9,3,31,207,34609,0,1,1,-31.959121,141.463556,51,2,1,1,3,0,0,0,2,0,7,40,0,1282,1282,1,5,40,1,0,0,0,0
1285519,3,2022,2022,7,1,4,515,14,42,518,0,1,3,-33.942106,150.942226,41,0,2,1,1,0,0,0,2,0,7,100,2,101,101,8,0,40,2,0,0,0,0
1285531,3,2022,2022,7,5,5,175,27,86,220,0,1,10,-33.747549,150.916422,7,0,2,1,1,0,3,4,2,2,7,70,2,515,515,1,5,5,2,0,0,0,0
1285535,3,2022,2022,7,6,0,59,27,271,42,1,0,9,-33.960491,151.016434,15,0,2,1,2,0,0,0,0,0,0,60,1,489,489,8,21,40,1,0,0,0,0
1285537,3,2022,2022,4,5,11,265,17,103,193,0,1,9,-34.363581,148.266337,30,1,0,1,0,0,0,0,0,0,0,100,2,2852,2852,4,10,5,2,0,0,0,0
1285540,3,2022,2022,3,6,11,46,31,77,34609,0,1,1,-33.925259,151.156437,32,0,2,1,2,0,0,0,0,0,7,50,0,220,220,1,30,13,3,0,0,0,0
1285545,3,2022,2022,7,1,10,1,27,363,34609,0,1,1,-33.74673,150.704727,55,0,2,1,0,0,3,4,0,0,7,50,0,190,190,1,30,5,2,0,0,0,0
1285549,3,2022,2022,3,3,1,5,10,18,34609,0,1,1,-32.693483,151.547795,42,2,1,1,2,0,0,0,0,0,7,50,0,489,489,8,10,40,1,0,0,0,0
1285555,3,2022,2022,7,3,10,98,27,294,799,0,1,9,-33.930307,150.938217,41,0,2,0,3,0,0,0,0,0,7,70,2,1391,1391,1,10,25,2,0,0,0,0
1285556,3,2022,2022,7,4,2,296,27,283,293,0,1,9,-33.828865,151.004454,21,0,2,1,3,0,0,0,0,2,7,60,2,5929,5929,1,5,0,2,0,0,0,0
1285557,3,2022,2022,7,5,7,71,27,33,69,0,1,7,-36.414821,148.61874,65,2,1,0,3,0,0,0,2,0,0,60,2,1981,1981,4,0,13,2,0,0,0,0
1285561,3,2022,2022,7,6,8,13,27,131,212,0,1,9,-33.782688,151.194622,77,0,2,0,3,0,0,0,2,0,15,60,2,623,623,3,10,0,2,0,0,0,0
1285569,3,2022,2022,7,4,8,22,10,108,57,0,1,2,-28.856252,153.560166,2,2,1,1,3,0,0,0,3,0,7,60,1,14295,14295,3,0,13,2,0,0,0,0
1285570,3,2022,2022,7,4,7,3371,17,23,3342,0,1,2,-32.992445,151.688854,37,0,2,1,3,0,0,0,2,0,7,70,2,14295,14295,3,5,13,2,0,0,0,0
1285571,3,2022,2022,7,5,5,1,27,7,34609,0,1,1,-36.172284,148.871402,65,1,0,0,3,0,3,4,2,0,7,100,0,1850,1463,5,29,40,1,0,0,0,0
1285581,3,2022,2022,7,6,7,133,27,66,260,0,1,2,-32.926956,151.649866,37,0,2,0,3,0,0,3,2,0,7,70,2,14295,14295,3,10,5,3,0,0,0,0
1285593,3,2022,2022,7,1,1,14,27,609,34609,0,1,1,-33.782212,150.893994,7,0,2,1,2,0,0,0,0,0,7,50,0,190,190,1,5,35,2,0,0,0,0
1285603,3,2022,2022,3,0,0,3371,17,54,3342,0,1,1,-33.237721,151.499939,16,2,2,1,2,0,3,4,0,0,7,70,2,9859,9859,1,10,13,2,0,0,0,0
1285609,3,2022,2022,7,6,11,83,31,43,228,0,1,1,-33.590653,150.863874,29,2,2,1,0,0,0,0,0,0,7,60,2,237,162,8,5,40,1,0,0,0,0
1285620,3,2022,2022,3,2,5,3371,17,463,3342,0,1,10,-30.297168,153.113087,19,2,1,1,0,0,3,4,2,2,7,60,2,1192,1192,1,21,5,2,0,0,0,0
1285623,3,2022,2022,7,6,11,26,27,140,34609,0,1,1,-33.784453,150.823333,7,0,2,1,2,0,0,0,0,0,7,50,0,9859,9859,8,5,40,1,0,0,0,0
1285639,3,2022,2022,4,0,9,109,27,247,106,0,1,1,-33.829655,150.948344,21,0,2,1,0,0,0,0,2,0,7,60,1,9859,9859,1,5,13,2,0,0,0,0
1285643,3,2022,2022,7,0,6,165,31,166,34609,1,0,10,-33.421097,149.572298,3,2,1,1,3,0,0,0,2,0,0,50,0,6545,6545,4,5,5,2,0,0,0,0
1285646,3,2022,2022,7,2,5,67,27,85,34609,0,1,1,-33.91006,150.865127,41,0,2,1,3,0,0,0,2,0,7,50,0,3775,3775,0,5,36,2,0,0,0,0
1285651,3,2021,2021,2,4,3,3371,17,85,3342,0,1,2,-33.732889,151.126508,36,0,2,0,1,0,0,0,2,0,7,60,2,1383,1383,1,8,5,2,0,0,0,0
1285652,3,2022,2022,7,4,3,1,1,215,34609,0,1,1,-35.120736,147.354428,75,2,1,1,3,0,0,0,2,0,7,50,0,9859,9859,8,5,40,1,0,0,0,0
1285662,3,2022,2022,7,0,9,25,27,10,34609,0,1,1,-31.116675,152.995994,34,2,1,1,3,0,0,0,3,0,7,80,0,77,77,1,0,0,2,0,0,0,0
1285666,3,2022,2022,7,0,2,100,27,109,799,1,0,1,-33.905813,151.135035,32,0,2,1,3,0,3,4,0,0,7,60,2,9859,9859,8,10,40,1,0,0,0,0
1285669,3,2022,2022,7,5,6,1,31,60,34609,0,1,1,-33.83485,151.160054,51,0,2,1,3,0,0,0,2,0,7,50,0,9859,9859,1,9,0,3,0,0,0,0
1285682,3,2022,2022,3,2,7,22,27,151,10,0,1,2,-34.027274,150.840145,13,0,2,0,3,0,3,4,2,0,7,50,1,3775,3775,0,5,25,2,0,0,0,0
1285698,3,2022,2022,7,5,8,36,31,218,70,0,1,9,-33.767638,150.779989,55,0,2,1,3,0,3,4,2,2,7,60,1,5929,5929,1,30,5,2,0,0,0,0
1285704,3,2022,2022,4,5,11,829,27,165,770,0,1,10,-33.851035,151.154582,14,0,2,1,2,0,3,4,0,2,7,60,2,4026,4026,8,30,40,1,0,0,0,0
1285711,3,2022,2022,7,3,2,32,27,149,34609,0,1,1,-33.823587,150.966054,21,0,2,0,2,0,2,2,1,0,7,50,0,4552,5151,8,5,40,1,0,0,0,0
1285715,3,2022,2022,3,2,1,25,31,169,147,0,1,1,-28.64153,153.610155,10,2,1,0,2,0,3,3,0,0,7,50,1,2585,4009,8,21,40,1,0,0,0,0
1285729,3,2022,2022,7,1,4,1,31,120,34609,0,1,10,-33.761133,150.869847,7,0,2,1,1,0,0,0,2,0,0,50,0,6545,6545,4,5,12,2,0,0,0,0
1285732,3,2022,2022,7,5,4,1104,14,223,962,0,1,3,-33.806491,150.928703,7,0,2,0,1,0,0,0,2,0,7,100,2,14295,14295,3,5,40,2,0,0,0,0
1285735,3,2022,2022,7,0,7,916,17,105,917,0,1,1,-32.721084,151.539014,42,2,1,1,0,0,0,0,2,0,7,60,2,14295,14295,3,33,5,2,0,0,0,0
1285771,3,2022,2022,7,2,1,478,17,96,480,0,1,1,-33.43691,151.368356,16,2,2,1,2,0,0,0,0,0,7,70,2,9859,9859,8,0,40,1,0,0,0,0
1285782,3,2022,2022,4,2,10,8,1,40,79,0,1,9,-33.814409,151.212022,77,0,2,0,2,0,0,3,0,0,0,50,2,4552,5151,8,34,40,1,0,0,0,0
1285812,3,2022,2022,3,4,2,9,31,56,34609,0,1,1,-31.092844,152.822903,34,2,1,1,2,0,3,4,0,0,7,50,0,4026,4026,8,10,40,2,0,0,0,0
1285818,3,2022,2022,4,1,0,475,31,283,34609,0,1,7,-33.837725,151.006071,21,0,2,1,3,0,2,6,0,0,0,50,0,1282,1282,1,5,40,1,0,0,0,0
1285841,3,2022,2022,7,5,3,1052,14,46,928,0,1,3,-33.296118,151.405249,16,1,2,1,3,2,3,4,2,0,7,110,2,404,404,8,10,40,1,0,0,0,0
1285853,3,2022,2022,4,4,11,2,1,31,34609,0,1,1,-33.430206,151.367327,16,2,2,1,2,0,0,0,0,0,7,50,0,4026,4026,8,0,40,1,0,0,0,0
1285866,3,2022,2022,7,0,11,3,27,223,34609,0,1,1,-33.800198,150.92239,7,0,2,1,2,0,3,0,0,0,7,50,0,4026,4026,1,30,5,6,0,0,0,0
1285868,3,2022,2022,7,6,4,26,10,169,34609,0,1,1,-28.637445,153.586027,10,2,1,1,3,0,0,0,2,0,7,50,0,1981,1981,4,0,0,2,0,0,0,0
1285871,3,2022,2022,3,3,6,22,27,234,34609,0,1,10,-34.288185,146.025513,28,2,1,1,3,0,0,0,2,0,0,50,0,6545,6545,4,5,0,2,0,0,0,0
1285872,3,2022,2022,3,2,10,475,31,532,75,0,1,9,-33.870721,151.210219,69,0,2,1,3,0,0,0,0,2,7,40,1,1192,1192,1,5,5,2,0,0,0,0
1285883,3,2022,2022,7,0,8,2261,17,204,2252,0,1,9,-33.887574,151.12147,32,0,2,0,1,0,0,0,2,2,6,60,2,1957,4009,8,5,40,1,0,0,0,0
1285887,3,2022,2022,3,0,7,2,27,20,34609,0,1,1,-35.509829,148.099821,66,1,0,0,3,0,0,3,2,0,7,100,0,2585,4009,8,10,40,1,0,0,0,0
1285892,3,2022,2022,7,2,10,1104,14,45,962,0,1,3,-33.791438,150.809758,55,0,2,1,2,0,0,0,0,0,7,110,2,9859,9859,8,5,40,1,0,0,0,0
1285896,3,2022,2022,7,6,0,12,27,443,34609,0,1,1,-33.895253,151.06526,15,0,2,1,2,0,0,0,0,0,7,50,0,9859,9859,1,5,0,2,0,0,0,0
1285940,3,2022,2022,7,3,0,54,27,85,49,0,1,1,-32.929415,151.730648,48,0,2,1,2,0,0,0,0,0,7,60,1,9859,9859,1,5,5,2,0,0,0,0
1285941,3,2022,2022,7,3,2,866,17,77,793,0,1,9,-33.726299,151.084205,31,0,2,1,3,0,0,0,1,2,7,70,2,14295,14295,3,5,5,2,0,0,0,0
1285942,3,2022,2022,7,1,2,7,27,523,34609,0,1,10,-33.929396,150.920593,41,0,2,1,3,0,0,0,0,0,7,50,0,4026,4026,1,5,25,2,0,0,0,0
1285945,3,2022,2022,3,5,2,1,27,2,34609,0,1,1,-35.724078,146.284716,51,1,0,1,3,0,0,0,1,0,7,100,0,1089,1089,7,0,40,1,0,0,0,0
1285946,3,2022,2022,7,3,8,294,17,1,288,0,1,1,-34.320234,142.391463,51,1,0,0,3,0,0,0,3,0,7,110,2,1957,4009,8,5,40,1,0,0,0,0
1285948,3,2022,2022,7,5,7,89,17,82,34609,0,1,10,-34.37497,150.896585,80,0,2,1,3,0,0,0,2,2,7,60,0,6545,6545,4,5,0,3,0,0,0,0
1285952,3,2022,2022,7,6,8,4,27,69,34609,0,1,9,-33.771522,150.967941,54,0,2,0,3,0,0,0,2,0,0,50,0,623,623,3,33,0,2,0,0,0,0
1285958,3,2022,2022,7,6,2,232,36,40,331,0,1,10,-33.949825,150.838837,41,0,2,1,3,0,0,3,1,2,7,70,2,395,395,1,5,5,2,0,0,0,0
1285959,3,2022,2022,7,3,10,13,27,3,17,0,1,1,-29.24095,150.892333,33,1,0,0,3,0,0,0,0,0,7,100,1,1089,1089,7,34,40,1,0,0,0,0