Crash ID,Degree of crash - detailed,Reporting year,Year of crash,Month of crash,Day of week of crash,Two-hour intervals,Street of crash,Street type,Town,Route no.,School zone location,School zone active,Type of location,Latitude,Longitude,LGA,Urbanisation,Conurbation 1,Alignment,Street lighting,Road surface,Surface condition,Weather,Natural lighting,Signals operation,Other traffic control,Speed limit,Road classification,RUM - code,DCA - code,First impact type,Key TU type,Other TU type,No. of traffic units involved,No. killed,No. seriously injured,No. moderately injured,No. minor-other injured
1285960,3,2022,2022,7,4,9,6,31,83,65,0,1,9,-29.708965,152.941201,18,2,1,1,3,0,3,4,3,0,7,50,1,3775,3775,0,5,5,2,0,0,0,0
1285961,3,2022,2022,3,1,8,515,14,166,518,0,1,3,-33.944631,150.982364,15,0,2,1,3,0,0,0,2,0,7,100,2,14295,14295,3,5,5,2,0,0,0,0
1285962,3,2022,2022,7,6,4,10,31,197,17,0,1,9,-33.945398,151.090183,25,0,2,1,3,0,0,0,2,0,7,50,1,9859,9859,8,0,40,1,0,0,0,0
1285963,3,2022,2022,7,2,1,48,27,70,166,0,1,1,-33.254874,151.503853,16,2,2,0,3,0,0,0,0,0,7,50,2,4552,5151,8,21,40,1,0,0,0,0
1285964,3,2022,2022,7,1,9,49,27,111,62,0,1,2,-33.695195,150.902115,7,0,2,1,3,0,0,0,2,0,7,70,2,9859,9859,8,0,40,1,0,0,0,0
1285965,3,2022,2022,7,3,0,75,10,112,165,0,1,3,-33.912201,151.2128,69,0,2,1,3,0,3,4,0,0,7,80,2,4026,4026,8,0,40,2,0,0,0,0
1285968,3,2022,2022,7,0,4,42,1,39,34609,0,1,1,-32.734282,152.107812,57,2,1,1,3,0,0,0,2,0,7,50,0,220,220,1,10,5,2,0,0,0,0
1285971,3,2022,2022,7,1,8,3371,17,9,3342,0,1,2,-32.353177,152.312386,43,1,0,1,3,0,0,0,2,0,7,110,2,14295,14295,3,5,5,2,0,0,0,0
1285973,3,2022,2022,7,3,6,59,31,107,321,0,1,9,-33.8823,151.201208,69,0,2,1,3,0,0,0,2,2,7,40,2,9859,9859,8,9,40,1,0,0,0,0
1285974,3,2022,2022,7,0,5,16,31,207,34609,0,1,10,-31.940708,141.469518,51,2,1,1,3,0,0,0,2,0,0,50,0,6545,6545,4,10,5,2,0,0,0,0
1285976,3,2022,2022,7,4,8,15,31,151,34609,0,1,9,-34.02194,150.86353,13,0,2,0,3,0,3,4,2,0,7,50,0,5929,5929,1,5,22,3,0,0,0,0
1285977,3,2022,2022,7,3,7,79,10,43,231,0,1,1,-33.437137,151.321837,16,2,2,1,3,0,0,0,2,0,7,60,2,14295,14295,3,30,13,2,0,0,0,0
1285986,3,2022,2022,3,0,5,1052,14,58,928,0,1,3,-33.235807,151.415687,16,1,2,1,1,0,0,0,2,0,7,110,2,1192,1192,1,29,0,2,0,0,0,0
1285988,3,2022,2022,3,6,5,24,1,90,34609,0,1,1,-33.693126,150.31605,8,2,2,1,1,0,3,3,2,0,7,50,0,175,188,1,5,13,2,0,0,0,0
1286009,3,2021,2021,2,1,2,33,27,44,369,0,1,9,-33.742357,150.716009,55,0,2,1,2,0,0,0,1,2,7,70,2,395,395,1,5,5,3,0,0,0,0
1286010,3,2022,2022,7,2,10,79,10,155,231,0,1,9,-33.484959,151.324203,16,2,2,1,2,0,0,0,0,2,7,60,2,4026,4026,8,5,40,1,0,0,0,0
1286016,3,2022,2022,3,3,2,280,10,237,240,1,0,2,-33.866639,150.95605,24,0,2,1,2,0,0,0,0,0,7,60,2,4026,4026,8,5,40,1,0,0,0,0
1286017,3,2022,2022,7,5,4,1,36,9,34609,0,1,1,-32.724408,152.11218,57,2,1,0,0,0,0,0,2,0,7,50,0,1957,4009,8,10,40,1,0,0,0,0
1286041,3,2022,2022,3,0,11,3,31,112,34609,0,1,1,-36.053831,146.935647,0,2,1,1,0,0,0,0,0,0,7,50,0,4026,4026,1,5,36,2,0,0,0,0
1286052,3,2022,2022,4,2,7,1,23,64,34609,1,0,10,-33.487137,150.140091,40,2,1,1,3,0,0,0,2,2,7,50,0,83,83,1,10,5,2,0,0,0,0
1286055,3,2022,2022,4,3,11,134,10,363,133,0,1,6,-33.809248,151.022255,54,0,2,0,2,0,0,0,0,0,7,60,2,1957,4009,8,5,40,1,0,0,0,0
1286057,3,2022,2022,7,4,4,224,27,169,321,0,1,1,-33.900194,151.200499,69,0,2,1,1,0,3,4,2,0,7,50,2,9859,9859,8,0,40,1,0,0,0,0
1286076,3,2022,2022,7,2,9,4,27,8,34609,0,1,1,-31.480058,151.106935,70,2,1,1,3,2,0,0,0,0,7,50,0,1089,1089,7,10,40,1,0,0,0,0
1286081,3,2022,2022,7,2,6,5,27,8,34609,0,1,1,-33.385292,149.548279,3,2,1,0,3,0,0,3,2,0,7,60,0,14295,14295,3,5,5,2,0,0,0,0
1286084,3,2022,2022,7,5,3,79,10,128,231,0,1,9,-33.429535,151.3167,16,2,2,1,3,0,0,0,2,2,7,60,2,1981,1981,4,5,12,2,0,0,0,0
1286085,3,2022,2022,7,2,8,5,27,83,34609,0,1,10,-30.124779,153.191235,19,2,1,1,3,0,0,0,2,0,0,60,0,150,150,4,10,5,2,0,0,0,0
1286086,3,2022,2022,7,6,2,113,27,218,111,0,1,9,-33.780583,150.771711,55,0,2,1,3,0,0,0,0,2,7,60,2,2852,2852,4,8,0,2,0,0,0,0
1286087,3,2022,2022,7,1,6,3371,17,77,3342,0,1,1,-32.94348,151.738717,48,0,2,0,3,0,0,0,2,0,7,70,2,3775,3775,0,0,5,2,0,0,0,0
1286088,3,2022,2022,7,0,6,55,27,126,38,0,1,10,-33.948879,150.796753,41,0,2,1,3,0,0,0,2,2,7,80,2,6545,6545,4,0,13,2,0,0,0,0
1286089,3,2022,2022,7,6,1,3,27,169,34609,0,1,9,-33.599594,150.731548,29,2,2,1,3,0,0,0,0,0,7,50,0,5929,5929,1,0,5,2,0,0,0,0
1286104,3,2022,2022,3,2,5,515,14,271,518,0,1,3,-33.940086,151.013413,15,0,2,1,1,0,0,0,2,0,7,100,2,404,404,8,5,40,1,0,0,0,0
1286105,3,2022,2022,7,5,1,12,27,64,12,0,1,1,-33.891233,151.07287,67,0,2,1,2,0,0,0,0,0,7,60,1,9859,9859,1,5,5,4,0,0,0,0
1286132,3,2022,2022,7,0,7,57,31,136,34609,0,1,9,-32.921689,151.713147,48,0,2,1,3,0,0,0,2,0,0,50,0,926,926,4,0,5,2,0,0,0,0
1286133,3,2022,2022,7,2,11,1,25,80,34609,0,1,1,-33.974597,150.905129,13,0,2,1,3,0,0,0,0,0,7,50,0,1282,1282,1,5,5,2,0,0,0,0
1286138,3,2022,2022,7,4,2,20,18,174,34609,0,1,10,-33.892516,151.210951,69,0,2,1,2,0,3,4,0,0,7,40,0,1957,777,8,30,40,1,0,0,0,0
1286142,3,2022,2022,7,5,4,117,27,154,34609,0,1,9,-33.710366,150.970712,71,0,2,1,3,0,0,0,2,0,7,50,0,623,623,3,9,0,2,0,0,0,0
1286143,3,2022,2022,7,0,11,42,27,154,34609,0,1,1,-33.704937,150.965016,71,0,2,0,3,0,3,4,0,0,7,50,0,4552,5151,8,5,40,1,0,0,0,0
1286144,3,2022,2022,7,5,9,916,17,31,917,0,1,2,-31.133567,150.923508,70,2,1,1,3,0,0,0,3,0,7,60,2,1282,1282,1,29,5,2,0,0,0,0
1286146,3,2022,2022,7,6,3,1104,14,140,962,0,1,3,-33.797655,150.853212,7,0,2,1,3,0,0,0,2,0,7,100,2,1391,1391,1,0,12,3,0,0,0,0
1286150,3,2022,2022,3,0,11,916,17,12,917,0,1,2,-32.654382,151.279347,64,1,0,1,3,0,0,0,0,0,7,100,2,4026,4026,8,0,40,1,0,0,0,0
1286151,3,2022,2022,7,4,3,84,27,61,415,0,1,2,-33.771497,151.135681,36,0,2,1,3,0,3,6,2,0,7,70,2,1981,1981,4,5,0,2,0,0,0,0
1286152,3,2022,2022,7,2,5,3371,17,29,3342,0,1,2,-31.784329,152.648093,43,1,0,0,3,0,0,0,2,0,7,110,2,1850,1463,5,10,40,1,0,0,0,0
1286153,3,2022,2022,3,0,4,2261,31,24,34609,0,1,10,-35.988707,146.004039,51,2,1,1,3,0,0,0,2,0,0,50,0,6545,6545,4,34,0,2,0,0,0,0
1286155,3,2022,2022,7,0,4,78,1,18,34609,0,1,1,-34.251421,146.196037,28,2,1,1,3,0,0,0,2,0,7,50,0,945,945,5,5,40,1,0,0,0,0
1286158,3,2022,2022,7,0,9,31,27,70,101,0,1,9,-32.913034,151.726065,48,0,2,1,3,0,0,0,0,1,7,60,2,775,775,4,10,5,2,0,0,0,0
1286160,3,2022,2022,7,0,9,57,31,532,30,0,1,1,-33.878169,151.207885,69,0,2,1,3,0,0,0,2,0,7,40,1,3775,3775,0,5,5,2,0,0,0,0
1286162,3,2022,2022,7,2,10,2261,17,44,2252,0,1,2,-35.216102,147.805118,75,1,0,0,3,0,0,0,0,0,7,110,2,1259,5151,8,9,40,1,0,0,0,0
1286163,3,2022,2022,7,1,5,866,31,182,34609,0,1,1,-32.837328,151.356924,17,2,1,1,3,0,0,0,2,0,7,50,0,941,941,1,0,5,2,0,0,0,0
1286165,3,2022,2022,7,0,6,55,27,179,34609,0,1,10,-33.759929,150.720475,55,0,2,1,3,0,0,0,2,0,7,50,0,5929,5929,1,5,12,2,0,0,0,0
1286166,3,2022,2022,7,0,9,127,27,48,103,0,1,9,-32.917042,151.749505,48,0,2,1,3,0,0,0,0,2,7,60,1,14295,14295,3,5,0,2,0,0,0,0
1286168,3,2022,2022,7,1,3,30,27,133,34609,0,1,9,-33.931351,151.014923,15,0,2,1,3,0,0,0,2,0,15,50,0,9859,9859,1,5,12,2,0,0,0,0
1286171,3,2022,2022,7,2,5,3371,17,85,3342,0,1,10,-33.737934,151.134735,36,0,2,1,3,0,3,3,2,0,7,60,2,14295,14295,3,0,5,4,0,0,0,0
1286174,3,2022,2022,7,2,6,89,27,31,34609,0,1,9,-33.42881,151.382889,16,2,2,1,1,0,0,0,2,0,7,50,0,4552,985,1,30,13,4,0,0,0,0
1286178,3,2022,2022,7,2,10,27,27,27,34609,0,1,1,-33.765544,151.290536,50,0,2,1,3,0,0,0,0,0,7,40,0,9859,9859,1,0,36,2,0,0,0,0
1286180,3,2022,2022,3,6,5,108,31,273,34609,0,1,10,-34.426328,150.889575,80,0,2,0,1,0,0,0,2,3,7,50,0,4552,5151,1,5,5,3,0,0,0,0
1286183,3,2022,2022,7,3,11,8,27,80,34609,0,1,7,-34.547409,146.401092,51,2,1,1,2,0,0,0,0,0,0,50,0,945,945,5,30,40,1,0,0,0,0
1286189,3,2022,2022,7,2,2,90,36,74,102,0,1,9,-34.499595,148.050133,20,1,0,0,2,0,0,0,0,0,7,100,2,3775,3775,0,10,35,2,0,0,0,0
1286190,3,2022,2022,7,1,4,71,17,61,71,0,1,10,-35.519711,144.979424,51,2,1,1,0,0,0,0,2,0,0,50,2,6545,6545,4,8,0,2,0,0,0,0
1286199,3,2022,2022,7,0,1,19,27,44,24,0,1,9,-28.821172,153.420767,2,2,1,1,2,0,3,4,0,0,7,60,1,9859,9859,8,5,40,1,0,0,0,0
1286200,3,2022,2022,7,1,1,3,7,39,34609,0,1,1,-33.761611,150.935481,7,0,2,0,2,0,0,0,0,0,7,50,0,782,957,5,5,40,1,0,0,0,0
1286208,3,2022,2022,7,1,0,100,27,42,100,0,1,7,-33.865859,150.846574,24,0,2,1,2,0,0,0,0,0,0,80,2,4026,4026,8,5,40,1,0,0,0,0
1286215,3,2022,2022,7,6,0,49,31,39,34609,0,1,1,-33.845097,151.211184,49,0,2,0,2,0,3,4,0,0,7,50,0,2585,4009,1,5,5,2,0,0,0,0
1286230,3,2021,2021,2,2,7,6,31,237,34609,0,1,1,-33.868116,150.955295,24,0,2,1,3,0,0,3,2,0,7,40,0,941,941,1,5,5,2,0,0,0,0
1286233,3,2022,2022,3,4,10,41,27,173,115,0,1,7,-33.711985,151.132476,36,0,2,0,3,0,3,4,0,0,0,60,1,6545,6545,4,5,5,2,0,0,0,0
1286235,3,2022,2022,7,0,2,361,32,62,96,0,1,9,-33.89408,151.149844,32,0,2,1,3,0,0,0,1,2,7,60,2,395,395,1,5,5,2,0,0,0,0
1286236,3,2022,2022,7,4,10,8,27,68,34609,0,1,1,-33.677864,149.883546,51,1,0,1,3,0,0,0,0,0,7,100,0,1089,1089,7,10,40,1,0,0,0,0
1286244,3,2022,2022,7,1,0,102,31,139,187,0,1,10,-33.875225,151.134613,32,0,2,1,3,0,0,0,0,2,7,60,2,1282,1282,1,21,40,2,0,0,0,0
1286247,3,2022,2022,7,2,11,225,27,304,140,0,1,10,-33.91055,151.156395,32,0,2,1,3,0,0,0,0,2,8,40,1,4026,4026,8,5,40,1,0,0,0,0
1286253,3,2022,2022,7,1,8,168,17,47,212,0,1,1,-35.253295,149.557611,58,1,0,1,3,0,0,0,3,0,7,100,2,1981,1981,4,0,13,2,0,0,0,0
1286254,3,2022,2022,7,4,9,15,10,69,34609,0,1,7,-33.775602,150.981256,54,0,2,1,3,0,0,0,2,0,0,50,0,301,301,4,5,0,2,0,0,0,0
1286256,3,2022,2022,3,4,4,387,27,290,331,0,1,9,-33.954402,151.119056,4,0,2,1,3,0,3,4,2,2,7,60,2,2852,2852,4,5,13,2,0,0,0,0
1286258,3,2022,2022,7,5,6,234,27,112,217,0,1,1,-33.665202,151.025897,71,0,2,1,3,0,0,0,2,0,7,70,2,1669,1669,3,8,5,2,0,0,0,0
1286259,3,2022,2022,7,1,7,14,27,78,34609,0,1,1,-28.332996,153.372591,72,2,1,1,3,0,0,0,2,0,7,50,0,9859,9859,1,5,13,2,0,0,0,0
1286260,3,2022,2022,3,0,6,18,31,108,57,0,1,10,-28.863614,153.557288,2,2,1,1,3,0,0,0,2,0,0,60,1,6545,6545,4,0,5,2,0,0,0,0
1286261,3,2022,2022,7,4,6,98,27,52,382,0,1,7,-33.639735,150.784058,29,2,2,1,3,0,0,0,2,0,0,80,2,5929,5929,1,5,5,2,0,0,0,0
1286262,3,2022,2022,7,0,8,78,31,137,34609,0,1,10,-34.032829,151.064946,68,0,2,1,3,0,0,0,2,0,15,50,0,6545,6545,4,5,5,2,0,0,0,0
1286264,3,2022,2022,7,5,8,126,27,370,168,0,1,2,-34.062121,150.785444,13,0,2,1,3,0,0,0,2,0,7,80,2,1391,1391,1,0,5,2,0,0,0,0
1286265,3,2022,2022,7,5,4,3371,17,19,3342,0,1,9,-33.384628,151.359589,16,2,2,1,3,0,3,3,2,0,7,60,2,1669,1669,3,10,19,2,0,0,0,0
1286267,3,2022,2022,7,5,8,5,27,6,34609,0,1,1,-32.717876,151.626861,42,2,1,1,3,0,3,4,2,0,7,80,0,9859,9859,8,9,40,1,0,0,0,0
1286268,3,2022,2022,7,0,10,22,31,337,30,0,1,10,-33.731225,151.004234,71,0,2,1,3,0,0,3,2,2,7,60,2,5929,5929,1,0,5,2,0,0,0,0
1286269,3,2022,2022,7,4,7,3,1,105,34609,0,1,1,-32.702687,151.515631,42,2,1,0,3,0,0,0,2,0,7,50,0,4552,5151,1,5,5,2,0,0,0,0
1286270,3,2022,2022,7,0,5,48,31,33,45,0,1,1,-33.41598,151.344104,16,2,2,1,3,0,3,4,2,0,7,60,1,941,941,1,5,12,2,0,0,0,0
1286278,3,2022,2022,7,6,8,64,27,278,284,0,1,9,-33.77658,151.057115,54,0,2,1,3,0,0,0,3,0,0,60,2,2852,2852,4,5,5,2,0,0,0,0
1286279,3,2022,2022,7,2,6,53,27,134,51,0,1,9,-33.507057,151.31926,16,2,2,1,3,0,3,4,2,0,0,60,1,2852,2852,4,5,0,2,0,0,0,0
1286288,3,2022,2022,3,0,5,57,31,252,34609,0,1,0,-33.879382,151.213239,69,0,2,1,3,0,3,4,2,0,7,40,0,248,248,1,5,5,2,0,0,0,0
1286331,3,2021,2021,2,5,1,2126,17,179,2149,0,1,10,-33.756908,150.712179,55,0,2,1,2,0,3,4,0,2,7,60,2,926,926,4,0,5,2,0,0,0,0
1286333,3,2022,2022,3,0,4,17,7,71,34609,0,1,1,-33.766055,150.702975,55,0,2,1,1,0,0,0,2,0,7,50,0,9859,9859,1,5,0,2,0,0,0,0
1286357,3,2022,2022,4,1,11,78,31,201,34609,0,1,1,-34.879018,150.59238,63,2,1,1,2,0,0,0,0,0,7,50,0,9859,9859,1,30,5,2,0,0,0,0
1286380,3,2022,2022,3,4,5,119,31,145,140,0,1,1,-33.927251,151.111871,15,0,2,1,3,0,0,0,2,0,7,50,1,4026,4026,8,0,40,1,0,0,0,0
1286382,3,2022,2022,3,2,6,13,31,91,34609,0,1,10,-32.803968,151.65575,48,0,2,1,1,0,0,3,2,0,0,50,0,6545,6545,4,30,12,2,0,0,0,0
1286390,3,2022,2022,4,4,4,39,10,42,65,0,1,7,-33.701283,150.953903,71,0,2,1,1,0,3,4,2,0,0,60,1,14295,14295,3,30,5,2,0,0,0,0
1286407,3,2022,2022,4,5,9,866,17,98,793,0,1,2,-33.738367,151.073822,31,0,2,0,1,0,0,0,2,0,7,70,2,782,957,5,5,40,1,0,0,0,0
1286409,3,2022,2022,3,0,9,2,31,137,34609,0,1,10,-33.922479,151.198902,4,0,2,1,1,0,0,0,2,0,7,50,0,1957,777,1,10,4,5,0,0,0,0
1286412,3,2022,2022,7,0,7,3,10,53,34609,0,1,10,-35.139884,149.334602,82,1,0,0,0,0,0,0,2,0,15,100,0,6545,6545,4,10,13,2,0,0,0,0
1286417,3,2022,2022,4,6,10,330,27,42,34609,0,1,1,-33.946036,150.939774,41,0,2,1,2,0,0,0,0,0,7,60,0,9859,9859,1,10,0,2,0,0,0,0
1286419,3,2022,2022,7,4,7,12,31,110,34609,0,1,9,-33.773074,151.026504,54,0,2,1,1,0,3,3,2,0,7,50,0,5929,5929,1,10,13,2,0,0,0,0
1286420,3,2022,2022,7,0,5,1104,14,223,962,0,1,3,-33.804627,150.909251,7,0,2,1,0,0,3,4,2,0,7,100,2,4026,4026,8,9,40,1,0,0,0,0
1286422,3,2022,2022,3,1,4,9,1,3,34609,0,1,1,-33.720295,151.067635,31,0,2,0,1,0,3,4,2,0,7,50,0,4552,5151,1,9,25,2,0,0,0,0
1286423,3,2022,2022,3,0,9,5,27,9,34609,0,1,9,-35.621073,146.345553,51,1,0,1,3,2,0,3,2,0,7,100,0,5929,5929,1,10,35,2,0,0,0,0
1286424,3,2022,2022,7,4,11,2126,17,90,2149,0,1,2,-33.706864,150.299932,8,2,2,0,3,0,0,0,0,0,7,70,2,1383,1383,1,5,35,2,0,0,0,0
1286425,3,2022,2022,3,3,2,8,27,119,34609,0,1,1,-33.87317,151.154129,32,0,2,1,2,0,0,0,0,0,7,50,0,4026,4026,1,33,0,3,0,0,0,0
1286433,3,2022,2022,7,6,6,2,1,523,34609,0,1,1,-33.930747,150.905785,41,0,2,1,1,0,0,0,2,0,7,50,0,237,397,1,5,12,2,0,0,0,0
1286440,3,2022,2022,7,1,5,2126,17,226,2149,0,1,10,-33.779236,150.814523,7,0,2,1,3,0,0,3,2,2,7,80,2,14295,14295,3,8,0,2,0,0,0,0
1286441,3,2022,2022,7,4,6,334,17,22,308,0,1,1,-31.203112,151.882093,51,1,0,0,3,0,3,4,2,0,7,110,2,2585,4009,8,5,40,1,0,0,0,0
1286442,3,2022,2022,7,2,6,74,27,36,260,0,1,9,-32.966174,151.607835,37,0,2,1,3,0,0,0,2,0,7,80,2,9859,9859,8,0,40,1,0,0,0,0
1286444,3,2022,2022,7,1,6,109,27,71,106,0,1,10,-33.833935,150.977123,21,0,2,1,3,0,0,0,2,2,7,60,1,1391,1391,1,9,25,2,0,0,0,0
1286446,3,2022,2022,7,1,5,829,27,124,770,0,1,9,-33.809976,151.031348,54,0,2,1,3,0,0,3,2,0,7,60,2,1391,1391,1,16,12,2,0,0,0,0
1286448,3,2022,2022,7,5,8,3371,17,77,3342,0,1,10,-32.939883,151.743203,48,0,2,1,3,0,3,3,3,2,7,60,2,77,77,1,5,5,2,0,0,0,0
1286452,3,2022,2022,7,3,11,26,27,23,34609,0,1,1,-35.058889,148.977938,82,1,0,0,3,2,0,3,0,0,7,100,0,1850,1463,5,5,40,1,0,0,0,0
1286453,3,2022,2022,7,3,7,2126,17,27,2149,0,1,2,-33.721293,150.451836,8,2,2,1,3,0,3,4,2,0,7,70,2,9859,9859,8,5,40,1,0,0,0,0
1286457,3,2022,2022,7,4,6,3371,17,104,3342,0,1,9,-32.824765,151.683817,48,0,2,1,3,0,0,3,2,2,7,80,2,14295,14295,3,30,5,2,0,0,0,0
1286458,3,2022,2022,0,0,3,1104,14,142,962,0,1,3,-33.8279,150.997254,54,0,2,0,3,0,3,4,2,0,7,90,2,101,101,8,10,40,2,0,0,0,0
1286461,3,2022,2022,7,3,8,149,36,32,113,0,1,1,-32.397528,152.253759,43,1,0,0,3,0,3,4,2,0,7,100,1,4552,5151,8,0,40,1,0,0,0,0
1286464,3,2022,2022,7,1,10,27,27,84,35,1,0,10,-33.803312,150.983868,54,0,2,1,3,0,3,0,0,3,7,40,1,1945,1945,5,5,40,1,0,0,0,0
1286465,3,2022,2022,7,2,10,2261,17,35,2252,0,1,3,-34.333535,150.560371,78,1,0,0,3,0,3,3,0,0,7,110,2,1259,5151,8,0,40,1,0,0,0,0
1286467,3,2022,2022,7,2,8,39,10,87,65,0,1,10,-33.699777,150.958865,71,0,2,1,3,0,0,0,2,2,7,60,1,3775,3775,0,5,0,2,0,0,0,0
1286468,3,2022,2022,7,3,6,168,10,387,260,0,1,2,-33.944765,151.186809,4,0,2,1,3,0,3,4,2,0,7,70,2,1391,1391,1,0,0,2,0,0,0,0
1286469,3,2022,2022,7,2,7,69,31,646,563,0,1,10,-33.921305,151.039308,15,0,2,1,3,0,3,4,2,2,7,70,2,926,926,4,0,5,2,0,0,0,0
1286477,3,2022,2022,7,5,8,112,27,29,769,0,1,1,-33.540524,150.633177,29,2,2,0,3,0,3,4,3,0,7,60,2,4552,5151,8,10,40,1,0,0,0,0
1286478,3,2022,2022,7,4,8,177,22,210,176,1,0,10,-34.033792,151.098705,68,0,2,1,3,0,3,4,2,2,7,60,2,6545,6545,4,5,36,2,0,0,0,0
1286480,3,2022,2022,7,6,10,475,31,532,75,0,1,10,-33.873304,151.209896,69,0,2,1,3,0,0,0,0,1,7,40,1,217,217,1,5,0,2,0,0,0,0
1286482,3,2022,2022,7,1,8,8,27,271,34609,0,1,9,-33.947662,151.010849,15,0,2,1,3,0,3,3,2,0,7,60,0,14295,14295,3,5,13,2,0,0,0,0
1286484,3,2022,2022,7,5,9,1104,11,532,770,0,1,10,-33.873959,151.202536,69,0,2,0,3,0,3,4,3,0,7,60,2,14295,14295,3,5,0,2,0,0,0,0
1286485,3,2022,2022,3,1,3,2126,17,27,2149,0,1,1,-33.581239,150.235634,8,2,2,0,3,0,3,3,2,0,7,60,2,3775,3775,0,10,13,2,0,0,0,0
1286490,3,2022,2022,3,4,2,4,1,646,34609,0,1,9,-33.929103,151.024797,15,0,2,1,0,0,3,3,0,0,7,50,0,9859,9859,8,5,40,1,0,0,0,0
1286505,3,2022,2022,7,1,8,132,31,174,126,0,1,1,-33.892018,151.21619,69,0,2,1,3,0,0,3,2,0,7,50,2,1391,1391,1,0,19,2,0,0,0,0
1286506,3,2022,2022,7,0,8,2209,17,79,2205,0,1,7,-34.914581,150.603432,63,2,1,1,3,0,0,0,3,0,0,70,2,5929,5929,1,34,5,2,0,0,0,0
1286510,3,2021,2021,2,5,8,104,27,246,140,0,1,9,-33.91984,151.184796,4,0,2,1,0,0,3,3,2,2,7,60,2,190,190,1,5,13,2,0,0,0,0
1286515,3,2022,2022,7,4,7,73,27,113,16,0,1,9,-33.783774,150.750565,55,0,2,1,3,0,3,4,2,2,7,70,2,926,926,4,5,5,2,0,0,0,0
1286516,3,2022,2022,7,1,3,2126,17,65,2149,0,1,9,-33.810898,150.949488,21,0,2,1,3,0,3,4,1,0,7,80,2,1192,1192,1,8,5,2,0,0,0,0
1286518,3,2022,2022,7,5,4,12,31,18,34609,0,1,9,-32.951889,151.662188,37,0,2,1,3,0,3,4,2,0,7,50,0,2852,2852,4,0,5,2,0,0,0,0
1286520,3,2022,2022,0,0,3,829,27,149,770,0,1,2,-33.862117,151.167048,32,0,2,1,3,0,3,4,2,0,7,60,2,1391,1391,1,5,5,3,0,0,0,0
1286521,3,2022,2022,7,6,4,2,4,74,34609,0,1,1,-34.028052,150.76994,12,0,2,0,3,0,0,0,2,0,7,50,0,2585,4009,1,5,13,2,0,0,0,0
1286522,3,2022,2022,7,4,3,125,27,22,144,0,1,1,-32.854508,151.81034,57,1,0,1,3,0,3,4,1,0,7,100,2,14295,14295,3,5,36,2,0,0,0,0
1286527,3,2022,2022,7,0,6,512,17,562,441,0,1,10,-32.246279,148.591136,22,2,1,1,3,0,0,0,2,0,0,60,2,5929,5929,1,10,0,2,0,0,0,0
1286528,3,2022,2022,7,6,9,137,14,55,70,0,1,3,-32.836389,151.538995,17,1,0,0,3,0,3,4,2,0,7,110,2,2585,4009,8,30,40,1,0,0,0,0
1286530,3,2022,2022,7,3,6,44,31,532,34609,0,1,1,-33.870517,151.197727,69,0,2,1,3,0,3,3,2,0,7,40,0,1109,787,1,5,5,2,0,0,0,0
1286531,3,2022,2022,7,3,10,229,14,323,237,0,1,3,-33.772301,150.979203,71,0,2,1,3,0,3,4,0,0,7,100,2,1391,1391,1,5,5,3,0,0,0,0
1286532,3,2022,2022,7,5,3,1052,14,21,928,0,1,3,-32.908712,151.56221,37,0,2,1,3,0,3,4,2,0,7,110,2,1945,1945,5,9,40,1,0,0,0,0
1286533,3,2022,2022,7,2,11,102,31,293,28,1,0,1,-33.917089,151.057206,15,0,2,1,3,0,0,0,0,0,7,60,1,4026,4026,8,5,40,1,0,0,0,0
1286539,3,2022,2022,7,6,4,75,10,112,165,0,1,3,-33.906735,151.21354,69,0,2,1,3,0,3,3,2,0,7,80,2,14295,14295,3,5,5,2,0,0,0,0
1286540,3,2022,2022,7,0,9,19,27,17,46,0,1,9,-34.890192,150.635255,63,2,1,1,3,0,0,0,3,0,7,80,1,9859,9859,8,5,40,1,0,0,0,0
1286541,3,2022,2022,7,4,8,71,31,78,125,0,1,1,-33.847314,151.012619,21,0,2,1,3,0,0,0,2,0,7,60,1,1192,1192,1,5,5,2,0,0,0,0
1286544,3,2022,2022,7,5,2,60,27,40,167,1,0,10,-34.019078,151.121914,68,0,2,1,2,0,0,0,0,2,7,70,2,4026,4026,8,8,40,1,0,0,0,0
1286545,3,2022,2022,7,1,10,23,27,53,36,0,1,1,-35.181847,149.277974,58,1,0,1,3,0,3,0,0,0,7,90,1,9859,9859,8,5,40,1,0,0,0,0
1286547,3,2022,2022,7,5,8,103,36,5,157,0,1,9,-28.381738,152.65232,51,1,0,0,3,0,3,4,3,0,7,100,2,1957,4009,8,10,40,1,0,0,0,0
1286569,3,2022,2022,7,5,7,18,1,460,34609,0,1,1,-33.844453,150.977637,21,0,2,1,1,0,0,0,2,0,7,50,0,1282,1282,1,33,0,2,0,0,0,0
1286572,3,2022,2022,7,4,11,108,31,77,34609,0,1,9,-33.866336,150.946595,24,0,2,1,2,0,0,0,0,0,0,50,0,9859,9859,1,0,5,2,0,0,0,0
1286582,3,2022,2022,7,1,11,1,2,182,34609,0,1,1,-32.825378,151.339259,17,2,1,1,2,0,0,0,0,0,7,50,0,4026,4026,8,30,40,1,0,0,0,0
1286584,3,2022,2022,7,6,7,21,27,370,26,0,1,2,-34.054991,150.809573,13,0,2,1,0,0,0,0,2,0,7,60,1,1391,1391,1,5,40,2,0,0,0,0
1286597,3,2022,2022,7,3,6,1052,14,57,928,0,1,3,-33.679685,151.12036,31,0,2,1,0,0,0,0,2,0,7,110,2,14295,14295,3,33,0,3,0,0,0,0