Crash ID,Degree of crash - detailed,Reporting year,Year of crash,Month of crash,Day of week of crash,Two-hour intervals,Street of crash,Street type,Town,Route no.,School zone location,School zone active,Type of location,Latitude,Longitude,LGA,Urbanisation,Conurbation 1,Alignment,Street lighting,Road surface,Surface condition,Weather,Natural lighting,Signals operation,Other traffic control,Speed limit,Road classification,RUM - code,DCA - code,First impact type,Key TU type,Other TU type,No. of traffic units involved,No. killed,No. seriously injured,No. moderately injured,No. minor-other injured
1286629,3,2022,2022,7,5,4,6,27,4,34609,0,1,1,-34.689068,149.873053,26,1,0,1,0,0,0,0,2,0,7,100,0,9859,9859,8,0,40,1,0,0,0,0
1286631,3,2022,2022,7,2,11,2,27,110,34609,0,1,1,-33.773759,151.026407,54,0,2,0,3,0,3,4,0,0,7,50,0,4552,5151,8,5,40,1,0,0,0,0
1286632,3,2022,2022,7,1,2,11,31,85,34609,1,0,7,-33.786868,150.671979,55,0,2,1,3,0,0,0,1,0,0,50,0,204,204,1,10,5,2,0,0,0,0
1286633,3,2022,2022,7,5,4,58,1,50,34609,0,1,1,-33.640578,151.325197,50,0,2,1,3,0,3,4,2,0,7,50,0,9859,9859,1,5,36,3,0,0,0,0
1286635,3,2022,2022,7,5,6,9,27,144,34609,0,1,1,-34.052343,151.018387,68,0,2,1,3,0,0,3,2,0,7,50,0,220,220,8,5,40,1,0,0,0,0
1286636,3,2022,2022,7,3,0,3371,17,57,3342,0,1,2,-28.644156,153.54847,10,1,0,1,3,0,3,4,0,0,7,110,2,4026,4026,8,5,40,1,0,0,0,0
1286638,3,2022,2022,7,4,7,2,27,149,34609,0,1,1,-33.348769,151.368169,16,2,2,1,3,0,3,4,2,0,7,60,0,1109,787,1,30,36,2,0,0,0,0
1286640,3,2021,2021,2,4,7,31,31,79,34609,0,1,1,-33.820492,151.206263,49,0,2,1,3,0,0,0,2,0,7,50,0,175,188,8,0,40,1,0,0,0,0
1286642,3,2022,2022,7,4,7,5,27,111,34609,0,1,10,-33.690807,150.872747,7,0,2,1,3,0,3,4,2,0,7,50,0,2852,2852,4,5,5,2,0,0,0,0
1286644,3,2022,2022,7,1,4,21,31,179,66,0,1,9,-31.912969,152.455303,43,2,1,1,3,0,0,0,2,0,7,60,1,6545,6545,4,0,5,2,0,0,0,0
1286646,3,2022,2022,7,2,10,3371,17,65,3342,0,1,2,-30.362433,153.05643,19,1,0,0,3,0,3,4,0,0,7,110,2,4552,5151,8,5,40,1,0,0,0,0
1286647,3,2022,2022,7,0,4,133,31,161,51,0,1,1,-33.884188,151.146097,32,0,2,1,3,0,0,0,2,0,7,50,1,1109,787,1,5,5,3,0,0,0,0
1286648,3,2022,2022,7,0,5,916,17,13,917,0,1,1,-32.557068,151.169694,64,2,1,1,3,0,0,0,2,0,7,60,2,1383,1383,1,10,35,2,0,0,0,0
1286651,3,2022,2022,7,5,0,866,17,278,793,0,1,10,-33.7823,151.049886,54,0,2,1,3,0,3,0,0,0,0,60,2,5929,5929,1,5,5,2,0,0,0,0
1286653,3,2022,2022,7,0,8,29,27,79,34609,0,1,1,-34.906073,150.581471,63,2,1,1,0,0,0,0,2,0,7,80,0,1981,1981,4,0,41,2,0,0,0,0
1286658,3,2022,2022,7,1,4,3,31,201,34609,0,1,9,-33.999546,150.860336,13,0,2,1,3,0,0,0,2,0,7,50,0,84,84,8,8,40,1,0,0,0,0
1286659,3,2022,2022,7,3,7,44,31,237,34609,0,1,10,-33.868526,150.955521,24,0,2,1,3,0,0,0,2,2,7,40,0,5929,5929,1,5,5,2,0,0,0,0
1286660,3,2022,2022,7,3,10,2261,31,228,39,0,1,2,-34.765394,149.701937,26,2,1,1,3,0,0,0,0,0,7,60,2,9859,9859,1,5,0,2,0,0,0,0
1286662,3,2022,2022,7,3,11,2209,17,157,2205,0,1,9,-34.008946,151.110251,68,0,2,0,3,0,3,4,0,0,7,70,2,1850,1463,5,21,40,1,0,0,0,0
1286673,3,2022,2022,7,0,11,3371,17,463,3342,0,1,7,-30.320516,153.085741,19,2,1,0,2,0,3,4,0,0,0,60,2,4552,5151,8,0,40,1,0,0,0,0
1286689,3,2021,2021,8,5,9,103,27,41,256,0,1,9,-34.094779,150.804847,13,0,2,1,2,0,0,0,0,2,7,80,2,5929,5929,1,0,12,2,0,0,0,0
1286704,3,2022,2022,7,2,2,1,27,112,34609,0,1,9,-33.432201,151.432297,16,2,2,1,2,0,0,0,0,0,7,50,0,4026,4026,8,0,40,1,0,0,0,0
1286706,3,2022,2022,7,4,11,829,27,159,770,0,1,2,-33.80945,151.093076,61,0,2,1,2,0,3,4,0,0,7,60,2,380,714,5,5,40,1,0,0,0,0
1286707,3,2022,2022,7,1,0,95,27,42,605,0,1,1,-33.648748,151.32471,50,0,2,0,0,0,3,4,0,0,7,60,2,4552,5151,8,5,40,1,0,0,0,0
1286712,3,2022,2022,7,0,8,225,17,76,180,0,1,1,-34.56557,150.413732,78,1,0,1,0,0,3,0,3,0,7,100,2,14295,14295,3,9,0,2,0,0,0,0
1286713,3,2022,2022,7,6,11,171,1,80,104,0,1,9,-33.936345,151.20892,4,0,2,1,2,0,0,0,0,2,15,70,2,926,926,4,5,10,2,0,0,0,0
1286714,3,2022,2022,4,2,8,8,1,145,34609,0,1,1,-33.929958,151.06778,15,0,2,1,0,0,0,0,2,0,7,50,0,4026,4026,1,5,36,3,0,0,0,0
1286723,3,2022,2022,7,3,8,7,1,30,34609,0,1,1,-34.498004,150.813839,80,0,2,1,3,0,0,0,2,0,7,50,0,9859,9859,1,10,5,2,0,0,0,0
1286731,3,2022,2022,7,4,7,110,27,113,173,0,1,2,-34.367015,150.859233,80,0,2,1,0,0,0,0,2,0,7,100,2,1383,1383,1,30,0,2,0,0,0,0
1286748,3,2022,2022,7,6,7,134,10,69,133,0,1,2,-33.822211,151.021422,54,0,2,1,0,0,0,0,2,0,7,70,2,14295,14295,3,33,5,2,0,0,0,0
1286753,3,2022,2022,7,0,11,24,27,17,103,0,1,9,-28.620482,153.218699,39,2,1,1,0,2,3,2,0,0,7,60,1,945,945,5,5,40,1,0,0,0,0
1286764,3,2022,2022,7,5,2,117,27,309,702,0,1,2,-33.823254,151.095501,61,0,2,1,2,0,3,4,1,0,7,70,2,3775,3775,0,5,5,2,0,0,0,0
1286775,3,2022,2022,0,0,5,175,27,86,220,0,1,2,-33.745459,150.916694,7,0,2,1,3,0,0,3,2,0,7,70,2,4026,4026,1,29,5,2,0,0,0,0
1286776,3,2022,2022,7,3,7,193,1,64,34609,0,1,1,-32.945718,151.690408,48,0,2,1,3,0,3,4,2,0,7,60,0,9859,9859,1,5,4,2,0,0,0,0
1286781,3,2022,2022,7,0,11,194,1,84,34609,0,1,9,-33.811788,150.983084,21,0,2,1,3,0,3,4,0,0,7,50,0,9859,9859,8,0,40,1,0,0,0,0
1286783,3,2022,2022,7,2,10,42,31,82,118,0,1,7,-31.0783,150.918358,70,2,1,1,3,0,0,0,0,0,0,60,2,6545,6545,4,0,5,2,0,0,0,0
1286785,3,2022,2022,7,6,9,194,31,309,702,0,1,2,-33.819598,151.099564,61,0,2,1,3,0,0,0,0,0,7,70,2,14295,14295,3,5,0,2,0,0,0,0
1286786,3,2022,2022,7,2,6,3,31,10,83,0,1,9,-29.493907,153.108801,18,2,1,0,3,0,3,4,2,0,0,70,1,4552,5151,8,5,40,1,0,0,0,0
1286789,3,2022,2022,7,5,3,149,10,346,702,0,1,2,-33.880608,151.068883,67,0,2,1,3,0,3,4,2,0,7,70,2,14295,14295,3,5,5,2,0,0,0,0
1286791,3,2022,2022,7,5,9,1,31,83,34609,1,0,10,-33.909357,151.12142,15,0,2,1,3,0,3,4,0,0,7,50,0,6545,6545,4,5,25,2,0,0,0,0
1286794,3,2022,2022,7,6,4,5,31,204,34609,0,1,9,-33.936375,151.144334,4,0,2,1,3,0,3,4,2,0,15,50,0,775,775,4,5,5,2,0,0,0,0
1286796,3,2022,2022,7,5,10,16,31,70,47,0,1,9,-32.896374,151.71988,48,0,2,1,3,0,0,0,0,2,7,60,2,2852,2852,4,5,5,2,0,0,0,0
1286797,3,2022,2022,7,0,8,169,27,17,34609,0,1,1,-35.122632,147.500468,75,1,0,0,3,2,0,0,3,0,7,100,0,2585,4009,8,10,40,1,0,0,0,0
1286799,3,2022,2022,7,6,8,485,27,52,769,0,1,2,-33.70099,150.928941,7,0,2,1,3,0,0,3,3,0,7,80,2,14295,14295,3,9,5,2,0,0,0,0
1286801,3,2022,2022,7,0,8,16,31,102,34609,0,1,1,-33.962151,151.238743,59,0,2,1,3,0,3,4,3,0,7,60,0,4026,4026,1,10,5,3,0,0,0,0
1286802,3,2022,2022,7,0,7,117,27,73,702,0,1,10,-33.831563,151.088115,14,0,2,1,3,0,3,4,2,2,7,70,2,14295,14295,3,5,0,3,0,0,0,0
1286807,3,2022,2022,7,5,6,3371,17,65,3342,0,1,2,-30.418817,153.024529,19,1,0,0,3,0,3,4,2,0,7,110,2,2585,4009,8,5,40,1,0,0,0,0
1286811,3,2022,2022,3,4,1,12,27,85,34609,0,1,2,-33.90756,150.871774,41,0,2,1,2,0,3,4,0,0,7,50,0,9859,9859,1,10,10,2,0,0,0,0
1286813,3,2022,2022,7,2,0,22,27,73,34609,0,1,7,-33.890652,151.165078,32,0,2,1,0,0,3,0,0,0,7,50,0,273,985,5,5,40,1,0,0,0,0
1286819,3,2022,2022,3,1,5,7,27,54,34609,0,1,1,-28.524097,153.545673,10,2,1,1,0,0,0,0,2,0,7,50,0,1981,1981,4,0,5,2,0,0,0,0
1286821,3,2022,2022,3,4,9,11,27,9,118,0,1,1,-30.089848,150.613341,51,1,0,0,0,0,3,4,0,0,7,100,2,1957,4009,8,5,40,1,0,0,0,0
1286826,3,2022,2022,7,1,6,475,10,523,268,0,1,2,-33.915134,150.909198,41,0,2,0,1,0,0,0,2,0,9,70,2,14295,14295,3,5,5,2,0,0,0,0
1286831,3,2022,2022,7,6,5,916,17,23,917,0,1,1,-31.685225,150.766285,51,2,1,0,0,0,0,0,2,0,7,60,2,3775,3775,0,10,2,2,0,0,0,0
1286835,3,2022,2022,7,0,3,191,17,562,189,0,1,10,-32.244134,148.611898,22,2,1,1,3,0,3,4,4,0,0,60,2,5929,5929,1,10,0,2,0,0,0,0
1286846,3,2022,2022,7,4,5,133,31,646,97,0,1,9,-33.917225,151.021484,15,0,2,1,3,0,0,0,2,0,7,60,1,2852,2852,4,5,5,2,0,0,0,0
1286848,3,2022,2022,7,2,9,2126,17,139,2149,0,1,9,-33.886045,151.138997,32,0,2,1,3,0,3,3,0,2,7,60,2,14295,14295,3,5,5,3,0,0,0,0
1286851,3,2022,2022,0,0,7,255,31,64,34609,0,1,1,-33.482016,150.154747,40,2,1,1,3,0,0,0,2,0,7,40,0,14295,14295,3,5,13,2,0,0,0,0
1286854,3,2022,2022,7,5,8,32,27,169,88,0,1,10,-33.623945,150.739887,29,2,2,1,0,0,3,4,2,0,15,80,2,6545,6545,4,10,13,2,0,0,0,0
1286856,3,2022,2022,7,3,11,90,31,174,165,0,1,2,-33.893538,151.216449,69,0,2,1,2,0,0,0,0,0,7,60,2,9859,9859,1,5,5,3,0,0,0,0
1286857,3,2022,2022,0,0,5,330,23,150,112,0,1,9,-33.931247,151.23663,59,0,2,0,3,0,3,4,2,0,7,60,2,5929,5929,1,5,0,2,0,0,0,0
1286860,3,2022,2022,7,3,1,32,31,646,34609,0,1,1,-33.920694,151.035231,15,0,2,1,2,0,3,3,0,0,7,50,0,9859,9859,1,5,5,2,0,0,0,0
1286864,3,2022,2022,7,6,10,2,1,106,34609,0,1,9,-28.84118,153.0374,60,2,1,1,0,0,3,4,0,0,7,50,0,9859,9859,8,0,40,1,0,0,0,0
1286868,3,2022,2022,3,6,9,2,1,104,34609,0,1,9,-33.789171,150.784039,55,0,2,1,2,0,0,0,3,0,7,50,0,9859,9859,8,16,40,1,0,0,0,0
1286870,3,2022,2022,3,0,8,1052,14,36,928,0,1,3,-33.631743,151.149349,31,0,2,1,2,0,0,0,2,0,7,110,2,1192,1192,1,8,0,2,0,0,0,0
1286880,3,2022,2022,0,0,3,512,17,9,441,0,1,1,-33.374356,149.18872,52,1,0,1,0,0,0,0,2,0,7,100,2,1109,787,1,5,10,2,0,0,0,0
1286931,3,2022,2022,4,6,6,1,27,128,34609,0,1,1,-33.413552,151.325433,16,2,2,1,0,0,0,0,2,0,7,50,0,9859,9859,1,5,5,2,0,0,0,0
1286938,3,2022,2022,4,0,8,59,31,107,321,0,1,10,-33.877873,151.198658,69,0,2,1,1,0,0,0,2,2,7,50,2,1192,1192,1,33,22,2,0,0,0,0
1286941,3,2022,2022,7,2,7,3371,17,463,3342,0,1,2,-30.31439,153.092224,19,2,1,1,1,0,0,0,2,0,7,60,2,1383,1383,1,10,5,2,0,0,0,0
1286961,3,2022,2022,3,5,9,17,1,646,11,0,1,1,-33.923977,151.031477,15,0,2,1,1,0,0,0,2,0,7,60,1,1109,397,1,5,0,2,0,0,0,0
1286970,3,2022,2022,4,5,4,3371,17,5,3342,0,1,2,-29.659121,153.134126,18,1,0,1,0,0,3,4,2,0,7,110,2,9859,9859,8,10,40,3,0,0,0,0
1286976,3,2022,2022,4,6,4,2209,17,130,2205,0,1,9,-34.45618,150.843619,80,0,2,1,1,0,0,0,2,2,9,60,1,6545,6545,4,5,12,2,0,0,0,0
1286987,3,2022,2022,7,1,11,19,27,87,34609,0,1,9,-34.053567,151.145203,68,0,2,1,2,0,3,4,0,0,0,50,0,9859,9859,1,0,0,3,0,0,0,0
1286989,3,2022,2022,4,5,2,118,17,23,118,0,1,1,-31.60206,150.706438,51,1,0,0,3,0,0,0,0,0,7,100,2,2585,4009,8,5,40,1,0,0,0,0
1286999,3,2022,2022,3,0,4,32,27,35,5,0,1,1,-33.818186,151.201011,77,0,2,1,0,0,3,4,2,0,7,50,1,1282,1282,1,5,36,3,0,0,0,0
1287003,3,2022,2022,7,4,5,16,31,28,34609,0,1,1,-33.797037,151.199905,77,0,2,1,3,0,3,4,2,0,7,50,0,941,941,1,0,0,2,0,0,0,0
1287004,3,2022,2022,7,5,5,7,27,168,34609,0,1,7,-33.69736,150.830502,7,0,2,1,3,0,0,0,2,0,0,60,0,1945,1945,5,8,40,1,0,0,0,0
1287006,3,2022,2022,0,3,8,48,27,6,62,0,1,9,-35.546121,148.087423,66,1,0,0,3,0,3,1,2,0,7,100,2,1850,1463,5,16,40,1,0,0,0,0
1287008,3,2022,2022,0,4,8,163,27,63,165,0,1,2,-33.742695,150.798107,7,0,2,1,3,0,3,4,2,0,7,60,2,941,941,1,5,5,2,0,0,0,0
1287010,3,2022,2022,0,4,3,14,10,67,34609,0,1,10,-33.63899,150.9044,71,0,2,1,3,0,3,4,2,0,0,70,0,14295,14295,3,0,5,2,0,0,0,0
1287012,3,2022,2022,0,5,2,1,10,43,34609,0,1,1,-33.583638,150.862553,29,2,2,1,3,0,0,0,0,0,7,50,0,9859,9859,1,0,10,2,0,0,0,0
1287013,3,2022,2022,0,3,0,107,22,346,144,1,0,10,-33.874712,151.093837,9,0,2,1,3,0,0,0,0,2,7,60,2,217,217,1,0,0,2,0,0,0,0
1287016,3,2022,2022,7,1,1,42,36,18,34609,0,1,1,-30.698304,152.96476,47,1,0,0,2,0,0,0,0,0,7,100,0,2585,4009,8,0,40,1,0,0,0,0
1287026,3,2022,2022,7,6,1,168,27,20,34609,0,1,7,-33.793449,151.098717,61,0,2,1,2,0,0,0,0,0,0,50,0,14295,14295,3,0,13,2,0,0,0,0
1287027,3,2022,2022,7,2,6,1,27,62,34609,1,0,1,-33.751854,151.257319,50,0,2,1,2,0,0,0,2,0,7,50,0,9859,9859,1,10,5,2,0,0,0,0
1287030,3,2022,2022,0,3,11,1,31,39,34609,0,1,1,-31.060244,152.828382,34,2,1,1,2,0,3,4,0,0,7,50,0,9859,9859,1,0,0,2,0,0,0,0
1287032,3,2022,2022,7,4,1,53,27,134,34609,0,1,1,-33.521664,151.316642,16,2,2,1,2,0,3,4,0,0,7,50,0,4026,4026,1,5,5,3,0,0,0,0
1287033,3,2022,2022,7,2,2,2,27,8,34609,0,1,1,-33.645504,151.318714,50,0,2,1,0,0,0,0,0,0,7,50,0,9859,9859,1,30,36,2,0,0,0,0
1287040,3,2022,2022,0,2,0,62,23,77,34609,0,1,1,-32.946729,151.758687,48,0,2,1,2,0,0,0,0,0,7,50,0,190,190,1,5,5,2,0,0,0,0
1287044,3,2022,2022,7,1,4,171,31,96,34609,0,1,10,-35.347854,149.230466,58,2,1,1,1,0,0,0,2,0,0,50,0,6545,6545,4,5,5,2,0,0,0,0
1287047,3,2022,2022,7,1,10,26,31,69,34609,1,0,9,-32.932408,151.759444,48,0,2,1,2,0,0,0,0,0,0,40,0,2585,777,8,5,40,1,0,0,0,0
1287055,3,2022,2022,7,4,4,37,31,82,34609,0,1,1,-31.07627,150.93301,70,2,1,1,0,0,0,0,2,0,7,50,0,3775,3775,0,30,5,2,0,0,0,0
1287057,3,2022,2022,7,4,7,106,27,55,106,0,1,9,-33.926991,150.903107,41,0,2,1,1,0,0,0,2,2,7,70,2,2852,2852,4,33,5,2,0,0,0,0
1287064,3,2022,2022,7,2,11,5,31,41,34609,0,1,1,-33.906762,151.127917,15,0,2,1,3,0,0,0,0,0,7,50,0,9859,9859,1,5,5,2,0,0,0,0
1287065,3,2022,2022,0,3,11,10,31,193,34609,1,0,9,-33.791922,151.079674,61,0,2,1,2,0,0,0,0,0,0,50,0,489,489,8,5,40,1,0,0,0,0
1287082,3,2022,2022,3,1,1,829,27,123,770,0,1,10,-33.814375,151.056244,54,0,2,0,2,0,0,0,0,2,7,70,2,4552,5151,8,9,40,1,0,0,0,0
1287086,3,2022,2022,0,0,4,103,36,17,103,0,1,1,-32.027317,152.206393,43,1,0,0,3,0,3,3,2,0,7,90,1,418,714,5,5,40,1,0,0,0,0
1287088,3,2022,2022,7,4,11,27,31,6,34609,0,1,1,-32.601149,151.617727,51,2,1,1,2,0,3,2,0,0,7,50,0,4026,4026,8,0,40,1,0,0,0,0
1287090,3,2022,2022,7,2,0,39,31,166,21,0,1,1,-33.942318,150.997059,15,0,2,1,2,0,0,0,0,0,7,50,2,9859,9859,1,5,5,2,0,0,0,0
1287098,3,2022,2022,7,4,9,1,18,149,34609,0,1,10,-33.989181,151.134542,4,0,2,1,3,0,0,0,3,0,0,50,0,220,220,8,5,40,2,0,0,0,0
1287100,3,2022,2022,0,2,3,14,31,215,34609,0,1,10,-35.109862,147.370516,75,2,1,1,3,0,0,0,2,0,0,50,0,6545,6545,4,10,12,2,0,0,0,0
1287103,3,2022,2022,7,3,0,2209,17,40,2205,0,1,7,-35.071253,150.570543,63,2,1,0,3,0,0,0,0,0,0,80,2,273,957,5,5,40,1,0,0,0,0
1287105,3,2022,2022,0,2,6,128,27,74,133,0,1,2,-33.768962,150.676755,55,0,2,1,3,0,0,0,2,0,7,60,2,14295,14295,3,0,13,3,0,0,0,0
1287128,3,2022,2022,0,1,6,12,1,646,118,0,1,1,-33.919248,151.029191,15,0,2,1,3,0,0,0,2,0,7,60,1,9859,9859,1,5,13,3,0,0,0,0
1287129,3,2022,2022,7,3,10,229,14,323,237,0,1,3,-33.772492,150.97757,71,0,2,1,3,0,3,4,0,0,7,100,2,14295,14295,3,10,5,4,0,0,0,0
1287130,3,2022,2022,0,2,6,22,27,123,59,0,1,10,-33.889879,151.231887,69,0,2,1,3,0,0,3,2,2,7,40,1,14295,14295,3,10,5,3,0,0,0,0
1287131,3,2022,2022,0,3,9,1,10,12,34609,0,1,1,-31.065361,150.897452,70,2,1,0,3,0,3,3,3,0,7,50,0,1850,1463,5,0,40,1,0,0,0,0
1287132,3,2022,2022,0,3,5,2261,17,70,2252,0,1,2,-34.579177,150.252735,78,1,0,1,3,0,0,0,2,0,7,110,2,2585,777,8,0,40,1,0,0,0,0
1287134,3,2022,2022,4,4,5,387,36,86,69,0,1,9,-33.7202,151.216963,50,0,2,1,3,0,0,0,2,0,15,80,2,5929,5929,1,5,5,2,0,0,0,0
1287135,3,2022,2022,0,3,9,73,27,443,78,0,1,1,-33.905198,151.04587,15,0,2,1,3,0,0,0,0,0,7,60,2,14295,14295,3,5,5,3,0,0,0,0
1287136,3,2022,2022,0,6,7,2,10,323,34609,0,1,7,-33.806319,150.845918,7,0,2,0,3,0,3,4,2,0,7,50,0,1109,787,1,5,10,2,0,0,0,0
1287140,3,2022,2022,0,4,11,91,27,119,187,0,1,10,-33.874393,151.164696,32,0,2,1,3,0,3,4,0,2,7,70,2,14295,14295,3,0,5,2,0,0,0,0
1287142,3,2022,2022,7,2,4,20,31,204,244,0,1,9,-33.892992,151.117024,32,0,2,1,3,0,3,4,2,0,0,60,2,395,395,1,0,5,2,0,0,0,0
1287143,3,2022,2022,0,2,9,4,31,147,34609,0,1,9,-33.739364,151.143765,36,0,2,1,3,0,0,0,0,0,7,50,0,2852,2852,4,5,0,2,0,0,0,0
1287144,3,2022,2022,7,2,7,2261,17,109,2252,0,1,9,-33.956829,150.875717,41,0,2,1,3,0,0,0,2,2,7,70,2,2852,2852,4,5,12,2,0,0,0,0
1287146,3,2022,2022,0,0,7,1,10,316,34609,0,1,1,-31.454938,152.922243,56,2,1,0,3,0,0,3,2,0,7,50,0,1957,4009,8,0,40,1,0,0,0,0
1287147,3,2022,2022,0,2,5,92,27,143,34609,0,1,9,-33.87387,151.104389,9,0,2,1,3,0,0,3,2,2,7,40,0,5929,5929,1,5,5,2,0,0,0,0
1287157,3,2022,2022,7,3,6,1,27,2,34609,0,1,1,-30.604692,152.812415,47,1,0,1,3,2,3,4,2,0,7,100,0,945,945,5,5,40,1,0,0,0,0
1287158,3,2022,2022,0,2,9,6,27,41,41,0,1,1,-35.073092,148.085683,20,2,1,0,3,0,0,0,3,0,7,80,1,4552,5151,8,5,40,1,0,0,0,0
1287160,3,2021,2021,10,4,7,2261,17,112,2252,0,1,2,-36.062914,146.943568,0,1,0,1,0,0,0,0,2,0,7,110,2,1383,1383,1,29,5,2,0,0,0,0
1287165,3,2022,2022,4,3,1,5,31,43,34609,0,1,1,-33.732738,150.787629,7,0,2,1,2,0,0,0,0,0,7,50,0,4026,4026,1,0,36,3,0,0,0,0
1287167,3,2022,2022,0,6,11,5,10,92,34609,0,1,1,-33.977308,150.811721,13,0,2,1,3,0,3,4,0,0,7,50,0,1981,1981,4,5,13,2,0,0,0,0
1287170,3,2021,2021,9,1,8,10,31,90,34609,0,1,10,-33.712853,150.319908,8,2,2,1,1,0,0,0,2,0,15,50,0,6545,6545,4,5,0,2,0,0,0,0
1287173,3,2022,2022,7,4,11,27,31,73,34609,0,1,1,-33.895432,151.170976,32,0,2,1,0,0,3,4,0,0,7,50,0,9859,9859,1,33,5,2,0,0,0,0
1287175,3,2022,2022,0,0,5,3371,17,41,3342,0,1,2,-31.414391,152.821143,56,1,0,1,0,0,0,0,2,0,7,110,2,101,101,8,10,40,2,0,0,0,0
1287188,3,2022,2022,0,5,3,78,17,15,58,0,1,1,-35.140278,149.051122,82,2,1,1,0,0,0,0,2,0,7,60,2,41,41,8,5,40,1,0,0,0,0
1287199,3,2022,2022,7,6,4,4,1,161,34609,0,1,1,-33.71895,151.156168,36,0,2,1,0,0,0,0,2,0,7,50,0,9859,9859,1,5,5,2,0,0,0,0
1287203,3,2021,2021,9,3,5,361,23,237,35,0,1,9,-33.880741,150.948944,24,0,2,1,1,0,0,0,2,0,0,60,1,9859,9859,8,5,40,1,0,0,0,0
1287205,3,2022,2022,3,4,9,1,27,70,34609,0,1,1,-33.883037,150.878326,24,0,2,1,0,0,3,4,3,0,7,50,0,220,220,1,5,5,2,0,0,0,0
1287217,3,2022,2022,0,5,2,10,18,4,34609,0,1,1,-34.034787,150.707864,12,0,2,1,0,0,0,0,0,0,7,70,0,9859,9859,1,5,10,2,0,0,0,0
1287234,3,2022,2022,4,1,9,133,31,646,97,0,1,9,-33.917713,151.028442,15,0,2,1,0,0,0,0,3,0,7,60,1,5929,5929,1,5,5,2,0,0,0,0
1287235,3,2022,2022,4,2,10,8,27,40,34609,0,1,1,-34.017079,151.119428,68,0,2,1,0,0,0,0,0,0,7,50,0,9859,9859,1,8,5,2,0,0,0,0
1287241,3,2022,2022,7,3,3,195,27,83,186,0,1,9,-33.889179,150.860641,41,0,2,1,2,0,3,4,0,2,7,70,2,9859,9859,8,5,40,1,0,0,0,0
1287244,3,2022,2022,7,1,5,229,14,278,237,0,1,3,-33.760379,151.039351,54,0,2,1,1,0,0,0,2,0,7,100,2,1192,1192,1,0,5,2,0,0,0,0
1287249,3,2022,2022,7,5,10,478,17,10,480,0,1,10,-33.436096,151.346405,16,2,2,1,2,0,3,0,0,2,7,60,2,4552,985,8,5,40,1,0,0,0,0
1287250,3,2022,2022,0,1,4,13,27,173,34609,0,1,1,-33.768568,151.11448,61,0,2,1,0,0,0,0,2,0,7,50,0,9859,9859,1,5,5,3,0,0,0,0
1287260,3,2022,2022,7,4,7,3371,17,23,3342,0,1,2,-32.044689,152.449716,43,1,0,0,0,0,3,4,2,0,7,110,2,380,714,5,29,40,1,0,0,0,0
1287265,3,2022,2022,7,3,8,1052,14,207,928,0,1,3,-33.559385,151.192748,31,0,2,1,0,0,3,4,2,0,7,110,2,14295,14295,3,0,13,2,0,0,0,0
1287279,3,2022,2022,0,6,4,81,31,133,80,0,1,7,-33.928776,151.011887,15,0,2,1,3,0,3,4,2,0,0,60,1,6545,6545,4,10,5,2,0,0,0,0
1287281,3,2022,2022,7,3,6,78,31,70,34609,0,1,1,-33.974116,151.108092,25,0,2,1,3,0,0,0,2,0,7,50,0,9859,9859,1,5,13,5,0,0,0,0
1287283,3,2022,2022,0,4,3,475,10,83,268,0,1,2,-33.883385,150.860819,41,0,2,1,3,0,3,4,2,0,7,70,2,14295,14295,3,5,25,3,0,0,0,0
1287284,3,2022,2022,3,5,8,62,27,63,166,0,1,10,-33.2437,151.468672,16,2,2,1,2,0,0,0,2,2,7,70,2,1957,777,8,5,40,1,0,0,0,0
1287286,3,2022,2022,7,1,6,54,31,91,28,0,1,9,-33.964166,151.087484,25,0,2,1,1,0,0,0,2,0,0,50,1,623,623,3,5,13,2,0,0,0,0
1287288,3,2022,2022,0,1,7,13,27,73,34609,0,1,1,-33.749891,150.804822,7,0,2,1,3,0,0,0,2,0,7,50,0,9859,9859,1,5,5,2,0,0,0,0
1287295,3,2022,2022,0,5,8,83,27,169,147,0,1,1,-28.655593,153.616274,10,2,1,0,3,0,0,0,3,0,7,50,1,4552,5151,1,0,13,3,0,0,0,0
1287301,3,2022,2022,7,0,11,5,31,120,34609,0,1,1,-33.770618,150.877646,7,0,2,1,2,0,3,3,0,0,7,50,0,9859,9859,1,0,5,2,0,0,0,0
1287308,3,2022,2022,7,4,6,1,1,204,34609,0,1,1,-33.885724,151.128038,32,0,2,0,0,0,3,4,2,0,7,50,0,1957,4009,8,0,40,1,0,0,0,0
1287318,3,2022,2022,0,5,4,42,31,44,34609,0,1,10,-33.750741,150.720045,55,0,2,1,1,0,0,0,2,0,0,50,0,6545,6545,4,0,5,2,0,0,0,0
1287326,3,2022,2022,0,0,9,11,2,26,34609,0,1,1,-34.586599,150.851448,62,0,2,1,2,0,3,4,0,0,7,50,0,9859,9859,1,5,0,3,0,0,0,0
1287340,3,2022,2022,7,4,6,2126,17,78,2149,0,1,10,-33.70059,150.558849,8,2,2,0,3,0,0,3,2,2,7,80,2,1391,1391,1,8,5,9,0,0,0,0
1287344,3,2022,2022,0,1,4,194,31,157,769,0,1,2,-33.796357,151.001525,54,0,2,1,3,0,0,0,2,0,7,60,2,14295,14295,3,19,5,2,0,0,0,0
1287346,3,2022,2022,7,3,8,2209,17,82,2205,0,1,10,-34.373572,150.900773,80,0,2,1,3,0,0,0,2,2,7,80,2,5929,5929,1,0,5,2,0,0,0,0
1287348,3,2022,2022,0,4,3,24,31,148,60,0,1,9,-36.052134,146.933633,0,2,1,1,3,0,0,0,2,2,7,50,1,14295,14295,3,10,5,2,0,0,0,0