Crash ID,Degree of crash - detailed,Reporting year,Year of crash,Month of crash,Day of week of crash,Two-hour intervals,Street of crash,Street type,Town,Route no.,School zone location,School zone active,Type of location,Latitude,Longitude,LGA,Urbanisation,Conurbation 1,Alignment,Street lighting,Road surface,Surface condition,Weather,Natural lighting,Signals operation,Other traffic control,Speed limit,Road classification,RUM - code,DCA - code,First impact type,Key TU type,Other TU type,No. of traffic units involved,No. killed,No. seriously injured,No. moderately injured,No. minor-other injured
1287349,3,2022,2022,7,3,6,1052,14,207,928,0,1,3,-33.613781,151.161208,31,0,2,1,3,0,0,0,2,0,7,110,2,1391,1391,1,34,5,3,0,0,0,0
1287352,3,2022,2022,0,3,3,42,31,82,118,0,1,9,-31.080838,150.920685,70,2,1,1,3,0,0,0,1,2,7,60,2,4552,985,8,21,40,1,0,0,0,0
1287354,3,2022,2022,0,1,7,10,23,64,34609,1,2,1,-32.948754,151.700257,48,0,2,1,3,0,0,0,2,0,7,40,0,9859,9859,1,5,5,2,0,0,0,0
1287355,3,2022,2022,0,2,5,205,27,161,415,0,1,2,-33.707703,151.18668,36,0,2,1,3,0,0,0,2,0,0,90,2,1981,1981,4,0,0,2,0,0,0,0
1287356,3,2022,2022,0,6,5,65,27,646,563,0,1,2,-33.934596,151.036606,15,0,2,1,3,0,3,4,2,0,7,70,2,204,204,1,19,10,2,0,0,0,0
1287357,3,2022,2022,0,5,4,2126,17,55,2149,0,1,10,-33.792142,150.871385,7,0,2,1,3,0,0,0,2,2,7,80,2,5929,5929,1,5,0,2,0,0,0,0
1287358,3,2022,2022,0,5,9,829,27,130,770,0,1,2,-33.869677,151.187496,69,0,2,1,3,0,0,0,0,0,7,60,2,14295,14295,3,5,13,4,0,0,0,0
1287364,3,2022,2022,0,3,9,3,27,52,34609,0,1,1,-33.648917,150.723483,55,0,2,1,3,0,0,0,2,0,7,80,0,9859,9859,8,5,40,1,0,0,0,0
1287365,3,2022,2022,4,2,4,255,27,15,260,0,1,10,-32.992087,151.600055,37,0,2,1,3,0,0,0,2,2,7,60,2,175,188,8,30,40,2,0,0,0,0
1287367,3,2022,2022,0,0,5,35,27,193,33,0,1,9,-33.783178,151.096012,61,0,2,1,3,0,3,4,2,0,7,60,1,14295,14295,3,5,0,2,0,0,0,0
1287369,3,2022,2022,3,0,10,829,27,159,34609,0,1,1,-33.808193,151.091037,61,0,2,1,2,0,3,4,0,0,7,50,0,9859,9859,1,10,0,3,0,0,0,0
1287371,3,2022,2022,0,3,7,77,27,247,38,0,1,1,-33.830218,150.927301,21,0,2,0,3,0,0,0,2,0,7,60,2,4552,5151,8,0,40,1,0,0,0,0
1287375,3,2022,2022,3,1,11,3,10,16,34609,0,1,1,-34.567326,150.841351,62,0,2,0,2,0,0,0,0,0,7,50,0,2585,4009,8,34,40,1,0,0,0,0
1287376,3,2022,2022,0,6,0,4,1,18,34609,0,1,1,-28.330151,153.565992,72,2,1,1,2,0,0,0,0,0,7,50,0,9859,9859,1,33,13,2,0,0,0,0
1287379,3,2022,2022,0,0,7,5,27,69,34609,0,1,9,-33.771435,150.967912,54,0,2,0,3,0,3,4,2,0,7,50,0,2852,2852,4,0,5,2,0,0,0,0
1287380,3,2022,2022,0,2,9,32,27,148,34609,0,1,7,-36.038704,146.935425,0,2,1,1,3,0,3,3,0,0,0,50,0,4026,4026,8,10,40,1,0,0,0,0
1287384,3,2022,2022,0,5,6,3371,17,30,3342,0,1,1,-33.268751,151.431718,16,2,2,1,3,0,0,0,2,0,7,70,2,14295,14295,3,21,5,2,0,0,0,0
1287390,3,2022,2022,7,5,11,1104,14,74,962,0,1,3,-33.769347,150.666054,55,0,2,1,2,0,3,4,0,0,7,110,2,1282,1282,1,33,5,2,0,0,0,0
1287392,3,2022,2022,0,5,9,213,17,83,213,0,1,7,-29.707511,152.93921,18,2,1,0,2,0,0,0,0,0,0,50,2,1282,1282,1,10,5,2,0,0,0,0
1287403,3,2022,2022,7,4,11,2126,17,40,2149,0,1,9,-33.704837,150.529563,8,2,2,1,2,0,3,3,0,0,15,80,2,4026,4026,8,5,40,1,0,0,0,0
1287412,3,2022,2022,4,3,2,60,31,133,34609,0,1,1,-34.490269,150.792419,80,0,2,1,0,0,3,6,0,0,7,50,0,4026,4026,1,5,5,2,0,0,0,0
1287415,3,2022,2022,7,5,5,4,31,161,96,0,1,1,-33.888958,151.146605,32,0,2,1,1,0,0,0,2,0,7,50,2,1282,1282,1,33,5,2,0,0,0,0
1287424,3,2022,2022,0,1,4,82,1,8,34609,1,2,4,-34.578218,150.754515,62,0,2,0,3,0,0,0,2,0,7,40,0,3775,3775,0,5,13,2,0,0,0,0
1287426,3,2022,2022,7,4,3,7,27,47,14,0,1,1,-35.243363,149.442876,58,2,1,1,3,0,0,0,2,0,7,80,1,1391,1391,1,0,13,2,0,0,0,0
1287429,3,2022,2022,0,6,11,515,14,271,518,0,1,3,-33.940839,151.017289,15,0,2,1,3,0,3,4,0,0,7,100,2,945,945,5,5,40,1,0,0,0,0
1287432,3,2022,2022,7,4,8,2,1,15,34609,0,1,9,-35.150748,147.355956,75,2,1,1,3,0,0,0,3,0,0,70,0,1192,1192,1,10,5,2,0,0,0,0
1287433,3,2022,2022,7,1,0,3,18,10,3,0,1,1,-34.08913,145.719919,51,1,0,1,3,0,0,0,0,0,7,100,1,9859,9859,8,5,40,1,0,0,0,0
1287436,3,2022,2022,0,2,10,6,4,363,34609,0,1,1,-33.748889,150.70003,55,0,2,0,2,0,0,0,0,0,7,50,0,4552,5151,1,5,5,3,0,0,0,0
1287437,3,2022,2022,0,6,7,109,27,460,34609,0,1,1,-33.835875,150.98668,21,0,2,1,3,0,0,0,2,0,7,50,0,14295,14295,3,5,5,2,0,0,0,0
1287439,3,2022,2022,0,3,7,3,1,215,34609,0,1,9,-35.118129,147.377155,75,2,1,1,3,0,0,3,2,0,0,50,0,1669,1669,3,21,13,2,0,0,0,0
1287442,3,2022,2022,7,4,6,1104,14,104,962,0,1,3,-33.833662,151.025211,54,0,2,1,0,0,0,0,2,0,7,90,2,101,101,8,9,40,2,0,0,0,0
1287443,3,2022,2022,0,3,8,115,27,96,173,0,1,9,-34.233946,150.676447,79,2,2,1,3,0,0,0,3,0,0,80,2,1669,1669,3,10,0,2,0,0,0,0
1287470,3,2022,2022,0,2,8,43,27,61,76,0,1,9,-32.924321,151.735065,48,0,2,1,0,0,0,0,2,0,7,60,1,4026,4026,8,5,40,1,0,0,0,0
1287472,3,2022,2022,7,0,8,3371,17,20,3342,0,1,2,-32.323501,152.335512,43,1,0,0,0,0,0,3,2,0,7,110,2,14295,14295,3,9,2,2,0,0,0,0
1287500,3,2022,2022,7,4,1,44,31,35,34609,0,1,1,-34.366672,150.911816,80,0,2,1,2,0,3,4,0,0,7,50,0,220,220,1,5,5,2,0,0,0,0
1287519,3,2022,2022,4,5,7,12,27,56,34609,0,1,1,-32.736269,151.261712,64,2,1,0,0,0,0,0,2,0,7,80,0,4552,5151,8,0,40,1,0,0,0,0
1287529,3,2022,2022,4,3,9,15,27,11,34609,0,1,1,-35.348211,148.717885,66,2,1,0,0,2,0,0,3,0,7,50,0,1957,4009,8,0,40,1,0,0,0,0
1287546,3,2022,2022,0,2,5,3,31,62,3,1,0,1,-33.896667,151.14615,32,0,2,1,3,0,0,0,2,0,7,50,1,1981,1981,4,0,5,2,0,0,0,0
1287550,3,2022,2022,0,3,8,44,31,23,34609,1,0,1,-34.579537,150.8664,62,0,2,1,3,0,0,0,2,0,7,50,0,9859,9859,1,0,36,2,0,0,0,0
1287551,3,2022,2022,0,4,4,8,6,57,34609,0,1,1,-33.328692,151.414019,16,2,2,1,3,0,0,0,2,0,7,80,0,9859,9859,1,9,13,2,0,0,0,0
1287552,3,2022,2022,0,6,4,222,27,67,40,0,1,1,-33.655913,150.874738,29,2,2,1,3,0,0,0,2,0,7,80,1,14295,14295,3,0,13,3,0,0,0,0
1287556,3,2022,2022,3,4,7,17,27,9,12,0,1,1,-35.643364,147.803699,27,1,0,1,3,0,0,0,2,0,7,100,2,945,945,5,0,40,1,0,0,0,0
1287557,3,2022,2022,0,4,4,2,27,73,34609,0,1,1,-33.772868,151.169397,36,0,2,1,3,0,3,0,2,0,7,50,0,220,220,8,5,40,1,0,0,0,0
1287558,3,2022,2022,0,4,9,95,31,64,34609,0,1,9,-34.052445,150.736472,12,0,2,1,3,0,0,0,2,0,7,50,0,1669,1669,3,5,0,2,0,0,0,0
1287569,3,2022,2022,0,4,7,37,31,120,34609,1,2,7,-32.183129,152.519235,43,2,1,1,3,0,3,4,2,0,0,40,0,6545,6545,4,10,36,2,0,0,0,0
1287573,3,2022,2022,0,1,9,213,17,7,213,0,1,1,-29.45461,152.415567,18,1,0,0,3,0,0,0,3,0,7,100,2,404,404,8,10,40,1,0,0,0,0
1287575,3,2022,2022,0,1,9,1,27,29,34609,0,1,1,-30.645453,150.187427,51,1,0,1,3,2,3,3,0,0,7,100,0,1089,1089,7,0,40,1,0,0,0,0
1287585,3,2022,2022,0,0,9,113,27,218,111,0,1,1,-33.776633,150.772379,55,0,2,1,3,0,3,4,0,0,7,60,2,1282,1282,1,8,5,3,0,0,0,0
1287587,3,2022,2022,0,6,6,81,17,83,33,0,1,10,-34.449444,150.44295,78,2,1,1,3,0,0,0,2,2,9,50,1,14295,14295,3,10,36,2,0,0,0,0
1287592,3,2022,2022,0,6,6,3371,17,83,3342,0,1,2,-30.115713,153.174196,19,1,0,0,3,0,3,4,2,0,7,110,2,1957,4009,8,5,40,1,0,0,0,0
1287596,3,2022,2022,0,6,11,8,31,234,61,0,1,1,-34.288943,146.076665,28,2,1,0,1,0,0,0,0,0,7,50,1,2585,4009,8,10,40,1,0,0,0,0
1287597,3,2022,2022,0,3,1,2209,17,76,2205,0,1,2,-35.358605,150.474043,63,2,1,1,3,0,0,3,0,0,7,60,2,1957,777,8,5,40,1,0,0,0,0
1287601,3,2022,2022,0,5,0,916,17,172,917,0,1,2,-32.744665,151.579191,42,2,1,0,2,0,0,0,0,0,7,60,2,4552,5151,8,0,40,1,0,0,0,0
1287607,3,2022,2022,0,1,7,2126,17,93,2149,0,1,9,-33.419382,149.618602,3,2,1,1,3,0,0,0,2,2,7,60,2,14295,14295,3,34,5,2,0,0,0,0
1287615,3,2022,2022,0,0,11,2,31,133,34609,0,1,1,-33.917086,151.005644,15,0,2,1,2,0,3,3,0,0,7,50,0,9859,9859,1,10,12,3,0,0,0,0
1287620,3,2022,2022,7,4,6,12,31,143,34609,0,1,9,-33.882647,151.10153,9,0,2,1,0,0,0,0,2,0,7,50,0,9859,9859,1,5,0,2,0,0,0,0
1287621,3,2022,2022,0,6,6,1,31,130,34609,0,1,0,-33.870794,151.194083,69,0,2,1,1,0,3,4,2,0,7,40,0,9859,9859,1,9,5,2,0,0,0,0
1287624,3,2022,2022,7,4,7,9,1,169,34609,0,1,1,-33.772513,150.841239,7,0,2,1,1,0,3,4,2,0,7,50,0,9859,9859,1,10,5,3,0,0,0,0
1287627,3,2022,2022,7,4,0,4,10,433,34609,0,1,9,-33.246269,149.101096,52,2,1,0,2,0,0,0,0,0,7,50,0,2585,4009,8,10,40,1,0,0,0,0
1287636,3,2022,2022,0,6,10,192,10,29,25,0,1,1,-33.464129,151.430796,16,2,2,0,0,0,3,3,0,0,7,40,1,2585,4009,8,0,40,1,0,0,0,0
1287638,3,2022,2022,0,1,5,119,31,68,8,0,1,1,-33.87504,151.243488,81,0,2,1,1,0,0,0,2,0,7,50,1,237,162,8,5,40,1,0,0,0,0
1287645,3,2022,2022,0,3,9,36,31,218,70,0,1,2,-33.765127,150.780413,55,0,2,1,2,0,0,0,0,0,7,60,1,1391,1391,1,30,5,2,0,0,0,0
1287650,3,2022,2022,7,3,6,2261,17,523,2252,0,1,10,-33.921877,150.918891,41,0,2,1,0,0,3,4,2,2,7,60,2,9859,9859,8,34,40,1,0,0,0,0
1287663,3,2022,2022,0,6,9,22,10,19,57,0,1,1,-28.829891,153.530696,2,2,1,0,2,0,0,0,0,0,7,80,1,2585,4009,8,0,40,1,0,0,0,0
1287673,3,2022,2022,7,2,5,485,27,187,769,0,1,9,-33.771945,151.001104,54,0,2,1,1,0,3,4,2,2,7,60,2,14295,14295,3,5,5,3,0,0,0,0
1287677,3,2022,2022,4,4,6,5,27,226,34609,0,1,1,-33.773731,150.811043,7,0,2,1,1,0,0,0,2,0,7,50,0,9859,9859,1,5,0,2,0,0,0,0
1287682,3,2022,2022,7,3,9,481,17,29,483,0,1,1,-31.213923,149.328567,51,1,0,1,0,0,0,0,3,0,7,110,2,1945,1945,5,0,40,1,0,0,0,0
1287707,3,2022,2022,3,3,4,12,25,113,34609,0,1,1,-29.474562,149.832128,51,2,1,1,1,0,0,0,2,0,7,50,0,9859,9859,8,5,40,1,0,0,0,0
1287716,3,2022,2022,0,0,7,11,31,65,42,0,1,10,-32.930228,151.78348,48,0,2,1,3,0,3,3,2,0,15,40,1,6545,6545,4,5,5,3,0,0,0,0
1287717,3,2022,2022,7,3,1,1052,14,17,928,0,1,3,-33.224115,151.428657,16,1,2,1,3,0,3,3,0,0,7,110,2,4026,4026,8,9,40,1,0,0,0,0
1287720,3,2022,2022,0,3,2,2261,17,35,2252,0,1,2,-34.905843,148.184155,20,1,0,0,3,0,0,0,0,0,7,110,2,418,714,5,3,40,1,0,0,0,0
1287723,3,2022,2022,0,5,2,103,27,438,563,0,1,9,-33.843293,151.043687,21,0,2,1,3,0,0,0,0,2,7,70,2,2852,2852,4,5,5,2,0,0,0,0
1287724,3,2022,2022,0,4,5,1052,14,118,928,0,1,3,-33.428721,151.274877,16,1,2,0,3,0,3,4,2,0,7,110,2,14295,14295,3,5,36,3,0,0,0,0
1287726,3,2022,2022,0,4,7,11,31,228,26,0,1,1,-34.761154,149.715968,26,2,1,1,3,0,3,4,2,0,7,60,2,9859,9859,8,10,40,1,0,0,0,0
1287727,3,2022,2022,0,6,6,3,31,87,34609,0,1,10,-34.478894,150.426341,78,2,1,1,3,0,0,0,2,0,0,50,0,301,301,4,10,5,2,0,0,0,0
1287728,3,2022,2022,0,3,0,8,27,21,34609,0,1,1,-33.874873,151.233564,81,0,2,1,3,0,0,0,0,0,7,50,0,9859,9859,1,0,5,2,0,0,0,0
1287730,3,2022,2022,0,1,3,42,31,82,118,0,1,7,-31.0783,150.918358,70,2,1,1,3,0,0,0,2,0,0,60,2,6545,6545,4,0,13,2,0,0,0,0
1287740,3,2022,2022,0,3,0,120,36,10,148,0,1,1,-30.492163,152.197768,1,1,0,1,3,0,0,3,0,0,7,100,2,4026,4026,8,0,40,1,0,0,0,0
1287748,3,2022,2022,0,2,8,481,17,562,483,0,1,1,-32.297647,148.547557,22,1,0,1,0,0,3,4,2,0,7,110,2,4026,4026,8,10,40,1,0,0,0,0
1287762,3,2022,2022,7,5,9,20,10,92,34609,0,1,9,-33.731014,150.946348,71,0,2,0,1,0,0,0,3,0,7,50,0,2852,2852,4,6,0,2,0,0,0,0
1287768,3,2022,2022,0,2,11,11,1,10,34609,0,1,1,-34.930004,150.758993,63,2,1,1,2,0,0,0,0,0,7,50,0,9859,9859,1,9,5,2,0,0,0,0
1287772,3,2022,2022,0,1,6,1,31,57,34609,0,1,10,-34.678372,150.850707,35,2,1,1,3,0,0,0,2,0,15,50,0,926,926,4,30,19,2,0,0,0,0
1287773,3,2022,2022,0,1,7,53,10,23,34609,0,1,1,-34.575185,150.860955,62,0,2,1,0,0,0,0,2,0,7,50,0,1282,1282,1,21,40,5,0,0,0,0
1287782,3,2022,2022,0,3,6,109,36,28,108,0,1,1,-28.335466,153.400721,72,2,1,0,3,0,0,0,2,0,7,60,1,2585,4009,8,0,40,1,0,0,0,0
1287786,3,2022,2022,0,0,5,2209,17,40,2205,0,1,2,-34.698488,150.843182,35,2,1,0,3,0,0,0,2,0,7,80,2,4552,5151,8,5,40,1,0,0,0,0
1287790,3,2022,2022,0,3,0,512,17,53,441,0,1,1,-32.245222,148.343082,51,1,0,1,3,0,3,4,0,0,7,110,2,9859,9859,8,10,40,1,0,0,0,0
1287792,3,2022,2022,0,6,11,1,31,175,34609,0,1,9,-33.774717,151.059822,54,0,2,1,3,0,3,3,0,0,7,50,0,9859,9859,8,10,40,1,0,0,0,0
1287796,3,2022,2022,0,3,5,69,31,646,563,1,0,9,-33.93132,151.039383,15,0,2,1,3,0,0,0,2,0,7,60,2,623,623,3,5,5,2,0,0,0,0
1287798,3,2022,2022,0,4,9,60,27,40,167,0,1,9,-34.022903,151.121199,68,0,2,1,3,0,3,3,3,0,0,70,2,14295,14295,3,0,13,2,0,0,0,0
1287807,3,2022,2022,0,1,3,11,31,72,44,1,0,10,-33.828804,151.225536,49,0,2,1,3,0,0,0,1,2,7,50,1,515,515,1,19,5,2,0,0,0,0
1287809,3,2022,2022,0,2,10,7,31,105,34609,0,1,1,-32.59263,149.584586,44,2,1,1,2,0,3,3,0,0,7,50,0,9859,9859,1,5,0,2,0,0,0,0
1287811,3,2022,2022,0,5,10,334,17,53,308,0,1,2,-31.089589,150.929997,70,2,1,1,2,0,0,0,0,0,7,50,2,248,248,1,5,0,2,0,0,0,0
1287814,3,2022,2022,0,6,8,2261,17,96,2252,0,1,3,-34.216272,150.682287,79,1,2,1,0,0,3,4,2,0,7,110,2,1945,1945,5,9,40,1,0,0,0,0
1287827,3,2022,2022,3,2,10,71,31,78,125,1,0,9,-33.849178,151.012192,21,0,2,1,2,0,3,4,0,0,0,60,1,5929,5929,1,0,13,2,0,0,0,0
1287836,3,2022,2022,7,1,4,8,22,98,34609,0,1,3,-33.749877,151.050743,31,0,2,1,3,0,0,0,2,0,8,80,2,1383,1383,1,8,5,2,0,0,0,0
1287840,3,2022,2022,0,2,5,11,27,136,34609,0,1,1,-33.917214,151.076291,15,0,2,1,3,0,0,0,2,0,7,50,0,1981,1981,4,5,13,2,0,0,0,0
1287842,3,2022,2022,0,0,4,55,27,137,96,0,1,1,-32.958057,151.689158,37,0,2,1,3,0,0,3,2,0,7,60,2,1383,1383,1,5,5,2,0,0,0,0
1287845,3,2022,2022,0,0,4,117,1,115,121,0,1,10,-34.036415,151.075339,68,0,2,1,3,0,3,4,2,0,0,60,1,6545,6545,4,0,12,2,0,0,0,0
1287846,3,2022,2022,0,4,7,222,27,98,70,1,2,9,-33.736564,151.061821,31,0,2,1,3,0,3,4,2,0,7,40,2,1383,1383,1,8,25,2,0,0,0,0
1287860,3,2022,2022,0,2,10,1,27,228,34609,0,1,9,-34.776449,149.706435,26,2,1,0,3,0,3,4,0,0,0,60,0,4552,5151,8,5,40,1,0,0,0,0
1287861,3,2022,2022,0,6,3,515,14,188,518,0,1,3,-33.938977,151.099537,15,0,2,0,3,0,0,0,2,0,7,80,2,14295,14295,3,10,10,2,0,0,0,0
1287864,3,2021,2021,2,2,6,46,27,304,140,0,1,2,-33.911667,151.158765,32,0,2,1,1,0,0,0,2,0,7,40,1,248,248,1,8,13,2,0,0,0,0
1287879,3,2022,2022,0,2,2,40,27,109,34609,0,1,1,-33.902363,151.139837,32,0,2,1,2,0,0,0,0,0,7,50,0,4026,4026,1,0,25,6,0,0,0,0
1287881,3,2022,2022,0,5,5,23,27,39,34609,0,1,1,-33.761213,150.934987,7,0,2,0,0,0,0,0,2,0,7,50,0,1282,1282,1,33,5,2,0,0,0,0
1287888,3,2022,2022,3,6,11,478,17,69,480,0,1,9,-33.365051,151.476974,16,2,2,1,2,0,3,4,0,2,7,50,2,14295,14295,3,5,0,2,0,0,0,0
1287906,3,2022,2022,0,5,0,481,17,29,483,0,1,1,-31.224015,149.323237,51,1,0,1,3,0,0,0,0,0,7,110,2,9859,9859,8,10,40,1,0,0,0,0
1287908,3,2022,2022,7,1,6,18,27,85,148,0,1,10,-32.933495,151.720901,48,0,2,1,3,0,0,0,2,0,15,60,1,2852,2852,4,30,5,2,0,0,0,0
1287909,3,2022,2022,0,2,8,62,31,77,33,0,1,7,-32.560672,151.17171,64,2,1,1,3,0,0,0,2,0,0,50,1,6545,6545,4,10,13,2,0,0,0,0
1287910,3,2022,2022,0,4,10,2261,17,41,2252,0,1,2,-35.057214,148.09504,20,1,0,0,3,0,3,4,0,0,7,110,2,1957,4009,8,29,40,1,0,0,0,0
1287912,3,2022,2022,0,0,9,2,36,337,34609,0,1,9,-33.726545,150.987604,71,0,2,0,3,0,3,4,0,0,0,50,0,217,217,1,34,0,2,0,0,0,0
1287917,3,2022,2022,0,2,5,49,27,67,62,0,1,2,-33.693524,150.910292,7,0,2,1,3,0,0,3,2,0,7,70,2,14295,14295,3,21,5,3,0,0,0,0
1287920,3,2022,2022,0,0,9,866,17,44,793,0,1,9,-33.794385,150.983214,54,0,2,1,3,0,3,3,0,3,7,70,2,14295,14295,3,5,5,4,0,0,0,0
1287922,3,2022,2022,0,0,7,16,27,74,34609,0,1,9,-34.024997,150.760974,12,0,2,1,3,0,3,4,2,0,0,50,0,2852,2852,4,5,13,2,0,0,0,0
1287923,3,2022,2022,7,4,8,3,27,6,13,0,1,1,-35.746563,146.717502,27,1,0,1,3,0,0,0,2,0,7,100,1,945,945,5,3,40,1,0,0,0,0
1287926,3,2022,2022,7,0,4,5,7,148,34609,1,2,1,-36.050956,146.948214,0,2,1,1,0,0,0,0,2,0,7,40,0,9859,9859,1,9,0,3,0,0,0,0
1287927,3,2021,2021,10,0,8,1,27,5,34609,0,1,1,-33.26969,151.542909,16,2,2,1,1,0,0,0,2,0,7,50,0,9859,9859,1,5,5,2,0,0,0,0
1287928,3,2022,2022,3,6,0,47,31,82,34609,0,1,1,-34.370527,150.901314,80,0,2,1,2,0,0,0,0,0,7,50,0,489,489,8,0,40,1,0,0,0,0
1287938,3,2022,2022,0,4,8,1052,27,69,262,0,1,2,-32.907723,151.696617,48,0,2,1,1,0,0,0,3,0,7,60,2,248,248,1,5,5,2,0,0,0,0
1287940,3,2022,2022,7,2,0,1052,14,207,928,0,1,3,-33.599068,151.170953,31,0,2,0,0,0,3,4,0,0,7,110,2,1192,1192,1,0,40,2,0,0,0,0
1287943,3,2022,2022,7,5,4,35,27,13,19,0,1,1,-34.072276,150.675338,12,0,2,1,0,0,3,4,2,0,7,80,1,14295,14295,3,5,13,2,0,0,0,0
1287948,3,2022,2022,7,1,8,2209,17,25,2205,0,1,2,-34.110533,150.993145,68,0,2,0,0,0,0,0,2,0,7,100,2,2585,4009,8,5,40,1,0,0,0,0
1287949,3,2022,2022,0,1,0,308,14,95,311,0,1,6,-33.735605,150.848143,7,0,2,0,2,0,0,0,0,0,7,100,2,14295,14295,3,21,0,2,0,0,0,0
1287951,3,2022,2022,7,4,5,106,27,55,106,0,1,9,-33.926559,150.898651,41,0,2,1,3,0,0,0,2,2,7,70,2,5929,5929,1,5,0,2,0,0,0,0
1287954,3,2022,2022,0,2,8,17,27,562,34609,0,1,1,-32.285372,148.597013,22,1,0,0,3,0,3,4,2,0,7,100,0,782,957,5,0,40,1,0,0,0,0
1287955,3,2022,2022,7,0,10,12,31,111,34609,0,1,10,-33.921531,151.247886,59,0,2,1,3,0,3,4,0,0,15,50,0,2852,2852,4,5,19,2,0,0,0,0
1287992,3,2022,2022,0,1,10,9,31,123,34609,0,1,9,-33.808132,151.063992,54,0,2,1,2,0,0,0,0,0,7,50,0,9859,9859,8,0,40,2,0,0,0,0
1288047,3,2022,2022,3,5,4,39,31,53,34609,0,1,1,-33.686462,151.113732,31,0,2,1,3,0,0,6,2,0,7,50,0,14295,14295,3,5,5,3,0,0,0,0
1288053,3,2022,2022,3,1,10,44,31,48,34609,0,1,10,-32.917823,151.748608,48,0,2,1,3,0,0,0,0,0,15,40,0,6545,6545,4,33,5,3,0,0,0,0
1288080,3,2022,2022,0,3,10,36,27,39,83,0,1,1,-29.430902,153.333209,18,2,1,1,3,0,3,3,0,0,7,50,1,945,945,5,5,40,1,0,0,0,0
1288083,3,2022,2022,0,1,7,26,27,103,34609,0,1,1,-32.942265,151.657048,37,0,2,0,3,0,0,0,2,0,7,60,0,14295,14295,3,10,0,3,0,0,0,0
1288085,3,2022,2022,0,4,10,2126,17,149,2149,0,1,9,-33.817298,150.980958,21,0,2,1,3,0,3,4,0,2,7,60,2,1383,1383,1,5,0,2,0,0,0,0
1288086,3,2022,2022,0,1,3,6,27,24,34609,0,1,1,-34.019119,150.710776,12,0,2,0,3,0,0,0,1,0,7,70,0,1957,4009,8,9,40,1,0,0,0,0
1288090,3,2022,2022,0,4,6,75,10,112,165,0,1,2,-33.910493,151.212965,69,0,2,1,3,0,3,4,2,0,7,80,2,14295,14295,3,5,5,2,0,0,0,0
1288094,3,2022,2022,0,4,5,1052,14,118,928,0,1,3,-33.419196,151.293435,16,1,2,1,3,0,0,0,2,0,7,110,2,1945,1945,5,10,40,1,0,0,0,0
1288096,3,2022,2022,0,1,9,99,31,201,34609,0,1,1,-34.013534,150.86531,13,0,2,1,3,0,0,0,0,0,7,60,0,9859,9859,1,5,5,3,0,0,0,0
1288098,3,2022,2022,0,6,3,44,31,90,262,0,1,10,-32.919775,151.747767,48,0,2,1,3,0,0,0,2,2,7,60,2,6545,6545,4,0,0,2,0,0,0,0
1288100,3,2022,2022,0,3,9,19,31,139,34609,0,1,9,-33.886171,151.143427,32,0,2,0,3,0,0,0,3,0,0,50,0,6545,6545,4,5,12,2,0,0,0,0
1288107,3,2022,2022,0,4,9,296,27,460,293,0,1,9,-33.838516,150.999997,21,0,2,1,3,0,0,0,2,2,7,70,2,14295,14295,3,10,5,3,0,0,0,0
1288111,3,2022,2022,0,1,6,42,27,52,38,0,1,9,-33.905442,151.268385,76,0,2,1,1,0,0,0,2,0,7,50,1,248,248,1,33,5,2,0,0,0,0
1288148,3,2022,2022,0,3,2,86,31,83,65,0,1,1,-29.721445,152.938189,18,2,1,0,0,0,0,0,0,0,7,50,1,1957,4009,1,33,0,2,0,0,0,0
1288155,3,2022,2022,7,4,9,2209,17,68,2205,0,1,9,-34.086343,151.009164,68,0,2,1,1,0,0,0,2,0,0,60,2,515,515,1,5,0,2,0,0,0,0
1288160,3,2022,2022,7,0,4,265,17,23,193,0,1,9,-35.271791,147.120566,51,2,1,1,3,0,0,0,2,0,0,70,2,926,926,4,34,2,2,0,0,0,0
1288163,3,2022,2022,0,5,7,204,31,174,34609,0,1,1,-33.892307,151.214308,69,0,2,1,3,0,0,0,2,0,7,40,0,14295,14295,3,5,5,4,0,0,0,0
1288175,3,2022,2022,7,4,2,112,27,29,769,0,1,11,-33.515414,150.582026,29,2,2,0,3,0,3,4,1,0,7,80,1,1850,1463,5,16,40,1,0,0,0,0
1288183,3,2022,2022,0,5,8,515,14,271,518,0,1,3,-33.941013,151.018682,15,0,2,1,3,0,0,0,2,0,7,100,2,14295,14295,3,10,5,4,0,0,0,0
1288188,3,2022,2022,0,6,9,12,31,49,34609,0,1,1,-33.977343,151.144766,4,0,2,1,3,0,0,0,0,0,7,50,0,220,220,8,0,40,1,0,0,0,0
1288192,3,2022,2022,0,4,10,133,31,646,97,0,1,10,-33.916805,151.018631,15,0,2,1,3,0,0,0,0,2,7,60,1,5929,5929,1,5,5,2,0,0,0,0
1288194,3,2022,2022,0,5,11,2261,17,18,2252,0,1,2,-35.210411,147.812781,20,1,0,1,3,0,3,0,0,0,7,110,2,14295,14295,3,3,2,2,0,0,0,0
1288201,3,2022,2022,0,6,0,4,27,51,34609,0,1,1,-34.472689,150.787462,80,0,2,1,0,0,0,0,0,0,7,50,0,204,204,1,5,0,2,0,0,0,0
1288216,3,2022,2022,0,6,3,133,31,24,34609,0,1,9,-36.890623,149.908062,5,2,1,0,1,0,0,0,2,0,7,50,0,2585,4009,8,5,40,1,0,0,0,0