Crash ID,Degree of crash - detailed,Reporting year,Year of crash,Month of crash,Day of week of crash,Two-hour intervals,Street of crash,Street type,Town,Route no.,School zone location,School zone active,Type of location,Latitude,Longitude,LGA,Urbanisation,Conurbation 1,Alignment,Street lighting,Road surface,Surface condition,Weather,Natural lighting,Signals operation,Other traffic control,Speed limit,Road classification,RUM - code,DCA - code,First impact type,Key TU type,Other TU type,No. of traffic units involved,No. killed,No. seriously injured,No. moderately injured,No. minor-other injured
1288217,3,2022,2022,7,6,10,106,27,252,106,0,1,2,-33.92759,150.887612,41,0,2,1,2,0,3,4,0,0,7,70,2,9859,9859,8,5,40,1,0,0,0,0
1288223,3,2022,2022,0,5,6,294,17,215,288,0,1,10,-35.117632,147.359933,75,2,1,1,1,0,3,4,2,0,0,60,2,6545,6545,4,10,0,2,0,0,0,0
1288238,3,2022,2022,7,1,6,127,27,19,103,0,1,9,-32.906265,151.747272,48,0,2,1,3,0,0,0,2,0,15,60,1,1391,1391,1,10,5,2,0,0,0,0
1288240,3,2022,2022,7,4,10,14,10,4,34609,0,1,1,-33.583341,148.41558,11,1,0,1,0,0,0,0,0,0,7,100,0,475,475,5,3,40,1,0,0,0,0
1288241,3,2022,2022,7,4,9,25,31,445,103,0,1,10,-33.864002,151.034607,21,0,2,1,2,0,3,4,0,0,15,50,1,6545,6545,4,33,5,2,0,0,0,0
1288257,3,2022,2022,3,1,10,344,27,168,382,0,1,9,-33.703732,150.836962,7,0,2,1,3,0,3,0,0,0,0,80,2,6545,6545,4,30,5,2,0,0,0,0
1288258,3,2022,2022,0,4,11,14,36,15,34609,0,1,9,-28.306544,153.570111,72,2,1,1,2,0,3,4,0,0,7,50,0,9859,9859,1,0,0,4,0,0,0,0
1288260,3,2022,2022,0,6,11,1,18,10,34609,0,1,1,-36.742712,149.890745,5,1,0,1,3,2,0,0,0,0,7,100,0,1945,1945,5,10,40,1,0,0,0,0
1288264,3,2022,2022,0,0,5,7,27,25,34609,0,1,1,-30.717103,151.113684,70,1,0,1,3,0,0,0,2,0,7,100,0,1945,1945,5,0,40,1,0,0,0,0
1288265,3,2022,2022,0,0,5,2209,17,19,2205,0,1,1,-34.810386,150.636127,63,1,0,1,3,0,0,0,2,0,7,100,2,14295,14295,3,0,5,2,0,0,0,0
1288267,3,2022,2022,7,1,7,80,31,210,34609,0,1,9,-34.038374,151.11129,68,0,2,1,3,0,0,0,2,0,7,50,0,1109,397,1,5,12,2,0,0,0,0
1288271,3,2022,2022,0,4,8,48,31,104,605,0,1,2,-33.829847,151.214679,49,0,2,1,3,0,0,3,2,0,7,60,2,1383,1383,1,5,25,2,0,0,0,0
1288273,3,2022,2022,0,2,10,28,3,29,117,0,1,2,-32.887536,151.696824,48,0,2,1,0,0,0,0,0,0,7,90,2,4026,4026,8,10,40,1,0,0,0,0
1288274,3,2022,2022,0,1,7,2209,17,40,2205,0,1,2,-34.696099,150.843166,35,2,1,0,3,0,0,0,2,0,7,80,2,2585,4009,8,5,40,2,0,0,0,0
1288281,3,2022,2022,0,6,6,100,31,157,38,0,1,10,-33.803199,151.003199,54,0,2,0,1,0,0,0,2,2,7,60,1,1192,1192,1,5,12,2,0,0,0,0
1288293,3,2022,2022,0,6,7,52,27,438,103,0,1,10,-33.863758,151.018539,21,0,2,1,1,0,3,0,2,2,7,50,1,5929,5929,1,29,5,2,0,0,0,0
1288302,3,2022,2022,0,2,11,3,31,73,34609,0,1,9,-33.748374,150.808454,7,0,2,1,2,0,0,0,0,0,7,50,0,1282,1282,1,5,40,1,0,0,0,0
1288310,3,2022,2022,0,3,0,42,10,39,172,0,1,7,-32.894365,151.586918,37,0,2,1,2,0,0,0,0,0,0,60,2,4552,985,8,5,40,1,0,0,0,0
1288311,3,2022,2022,3,1,10,34,10,10,40,0,1,1,-35.775616,150.228109,23,2,1,1,1,0,3,4,0,0,7,80,1,4026,4026,8,5,40,1,0,0,0,0
1288312,3,2022,2022,0,0,10,163,27,63,165,0,1,9,-33.740343,150.796695,7,0,2,0,2,0,0,0,0,0,0,60,1,5929,5929,1,5,0,2,0,0,0,0
1288313,3,2022,2022,0,6,9,330,27,43,605,0,1,2,-33.691541,151.305054,50,0,2,0,2,0,3,3,0,0,7,70,2,1850,1463,5,5,40,1,0,0,0,0
1288316,3,2022,2022,7,5,8,348,17,12,232,0,1,1,-33.018353,149.872547,44,1,0,0,3,0,3,4,2,0,7,100,2,1259,5151,8,5,40,1,0,0,0,0
1288325,3,2022,2022,0,6,7,293,31,562,34609,0,1,2,-32.250598,148.600703,22,2,1,1,3,0,0,0,2,0,7,50,0,1282,1282,1,5,40,1,0,0,0,0
1288327,3,2022,2022,7,6,0,112,27,370,256,0,1,10,-34.057151,150.823943,13,0,2,1,3,0,3,4,0,2,7,60,2,5929,5929,1,0,0,2,0,0,0,0
1288334,3,2022,2022,0,4,8,24,31,172,34609,0,1,1,-32.744989,151.586391,42,2,1,1,3,0,3,0,2,0,7,50,0,1981,1981,4,0,0,2,0,0,0,0
1288335,3,2022,2022,0,2,6,3,31,123,34609,0,1,7,-33.910006,151.218056,59,0,2,1,3,0,0,0,2,0,0,50,0,1282,1282,1,30,12,2,0,0,0,0
1288338,3,2022,2022,0,6,7,7,27,40,1,0,1,1,-33.825793,151.188082,38,0,2,1,3,0,0,3,2,0,7,50,1,9859,9859,1,5,5,2,0,0,0,0
1288339,3,2022,2022,0,5,7,14,22,82,605,0,1,10,-33.796144,151.252921,50,0,2,1,3,0,0,0,2,2,7,60,2,14295,14295,3,0,19,2,0,0,0,0
1288341,3,2022,2022,0,5,7,134,10,69,133,0,1,2,-33.820837,151.021774,54,0,2,1,3,0,0,0,2,0,7,70,2,14295,14295,3,5,5,2,0,0,0,0
1288345,3,2022,2022,0,6,4,478,17,22,480,0,1,1,-33.327168,151.506254,16,2,2,1,3,0,0,3,2,0,7,70,2,9859,9859,8,10,40,1,0,0,0,0
1288346,3,2022,2022,0,1,6,3371,17,104,3342,0,1,2,-32.827066,151.683749,48,0,2,1,3,0,0,0,2,0,7,80,2,14295,14295,3,10,0,2,0,0,0,0
1288347,3,2022,2022,0,6,5,20,31,204,244,0,1,10,-33.889989,151.117231,32,0,2,1,3,0,0,0,2,2,5,60,2,515,515,1,0,13,2,0,0,0,0
1288349,3,2022,2022,0,1,8,123,36,17,90,0,1,1,-31.797174,151.913533,43,2,1,0,3,0,0,0,2,0,7,80,1,4552,5151,8,5,40,1,0,0,0,0
1288357,3,2021,2021,2,2,5,81,18,21,34609,0,1,1,-35.758099,148.025313,66,2,1,1,3,2,0,0,2,0,7,80,0,220,220,8,8,40,1,0,0,0,0
1288358,3,2022,2022,0,5,5,29,27,70,34609,0,1,1,-33.906607,150.984138,15,0,2,1,3,0,0,0,2,0,7,40,0,4026,4026,1,5,5,3,0,0,0,0
1288362,3,2022,2022,7,0,0,9,4,201,34609,0,1,1,-34.008499,150.853099,13,0,2,1,2,0,3,4,0,0,7,50,0,9859,9859,1,10,5,2,0,0,0,0
1288363,3,2022,2022,0,0,10,6,27,74,34609,0,1,1,-34.052675,150.758675,12,0,2,0,2,0,3,0,0,0,7,50,0,1282,1282,1,10,5,2,0,0,0,0
1288364,3,2022,2022,0,6,11,24,27,18,8,0,1,1,-28.961601,153.284901,39,2,1,0,0,0,3,3,0,0,7,80,1,380,714,5,9,40,1,0,0,0,0
1288392,3,2022,2022,0,3,1,51,31,169,34609,0,1,1,-33.597848,150.761427,29,2,2,1,3,0,0,1,0,0,7,50,0,4026,4026,1,10,0,2,0,0,0,0
1288393,3,2022,2022,0,2,7,149,27,60,198,0,1,10,-33.949291,150.950073,41,0,2,1,3,0,0,0,2,2,7,60,2,5929,5929,1,5,0,2,0,0,0,0
1288394,3,2022,2022,0,3,9,178,27,189,101,0,1,9,-33.942304,151.054031,15,0,2,1,3,0,0,0,3,2,7,50,1,217,217,1,30,13,2,0,0,0,0
1288395,3,2022,2022,0,4,8,133,31,65,34609,0,1,0,-32.928847,151.785765,48,0,2,1,3,0,0,0,2,0,7,40,0,4026,4026,1,5,0,2,0,0,0,0
1288398,3,2022,2022,0,4,4,204,31,53,82,1,0,9,-35.138945,147.351745,75,2,1,1,3,0,0,0,2,0,7,60,1,926,926,4,5,5,2,0,0,0,0
1288399,3,2022,2022,0,0,11,95,31,346,59,0,1,2,-33.867761,151.063891,67,0,2,1,3,0,3,3,0,0,7,50,1,1383,1383,1,8,5,2,0,0,0,0
1288400,3,2022,2022,0,5,3,6,1,30,34609,0,1,1,-34.355732,146.020578,28,1,0,1,3,2,0,0,2,0,7,100,0,9859,9859,8,0,40,1,0,0,0,0
1288403,3,2022,2022,0,4,7,229,14,110,237,0,1,3,-33.766401,151.009242,54,0,2,0,3,0,0,0,2,0,7,100,2,14295,14295,3,10,5,2,0,0,0,0
1288405,3,2022,2022,0,3,1,93,10,25,42,0,1,9,-32.94027,151.76882,48,0,2,1,2,0,0,0,0,0,7,50,1,1192,1192,1,5,5,2,0,0,0,0
1288411,3,2022,2022,0,3,11,54,27,646,30,0,1,9,-33.914597,151.040054,15,0,2,1,3,0,0,0,0,2,7,60,1,5929,5929,1,5,5,2,0,0,0,0
1288419,3,2022,2022,0,4,4,1,31,6,34609,0,1,1,-36.036446,146.903437,0,2,1,1,0,2,0,0,2,0,7,50,0,3775,3775,0,34,10,2,0,0,0,0
1288427,3,2022,2022,0,3,6,2,25,78,34609,1,0,1,-34.479421,150.857685,80,0,2,0,1,0,0,0,2,0,7,50,0,1259,5151,8,5,40,1,0,0,0,0
1288437,3,2022,2022,3,2,11,42,27,52,30,0,1,1,-33.903702,151.258037,76,0,2,1,2,0,3,4,0,0,7,50,1,9859,9859,1,10,5,2,0,0,0,0
1288449,3,2022,2022,3,2,5,44,27,89,38,0,1,9,-33.868317,150.889236,24,0,2,1,3,0,0,0,2,0,7,60,1,2852,2852,4,5,0,3,0,0,0,0
1288455,3,2022,2022,0,2,6,204,31,15,82,0,1,7,-35.149497,147.349163,75,2,1,1,3,0,0,0,2,0,0,60,1,83,83,1,8,25,2,0,0,0,0
1288460,3,2022,2022,0,1,9,1052,14,173,928,0,1,3,-33.711147,151.115995,36,0,2,1,3,0,0,0,0,0,7,80,2,14295,14295,3,10,5,2,0,0,0,0
1288462,3,2022,2022,7,5,6,26,27,9,34609,0,1,7,-35.148153,147.339006,75,2,1,1,3,0,0,0,2,0,7,70,0,6545,6545,4,10,5,2,0,0,0,0
1288463,3,2022,2022,0,0,4,1052,14,60,928,0,1,3,-33.431366,151.251642,16,1,2,1,3,0,0,0,2,0,7,110,2,14295,14295,3,30,0,9,0,0,0,0
1288464,3,2022,2022,0,0,6,36,1,53,34609,0,1,7,-33.922363,150.839935,41,0,2,0,3,0,0,0,2,0,0,60,0,1109,397,1,9,5,2,0,0,0,0
1288465,3,2022,2022,0,0,4,6,27,6,8,0,1,1,-35.073669,143.981491,51,1,0,1,3,0,0,0,2,0,7,100,1,945,945,5,10,40,1,0,0,0,0
1288466,3,2022,2022,0,0,1,32,27,16,563,0,1,2,-33.979745,151.029802,68,0,2,1,3,0,0,3,0,0,7,80,2,4026,4026,8,5,40,1,0,0,0,0
1288467,3,2022,2022,0,4,8,346,17,44,332,0,1,9,-28.821541,153.411373,2,2,1,1,3,0,0,3,2,0,7,80,2,5929,5929,1,5,5,2,0,0,0,0
1288468,3,2022,2022,0,6,5,296,27,187,293,0,1,10,-33.881886,150.977495,15,0,2,1,3,0,3,0,2,2,7,60,2,14295,14295,3,5,13,2,0,0,0,0
1288470,3,2022,2022,0,2,11,11,10,179,34609,0,1,1,-31.890753,152.458104,43,2,1,1,3,0,3,0,0,0,7,60,0,9859,9859,8,30,40,1,0,0,0,0
1288471,3,2022,2022,0,6,7,11,27,38,28,1,0,9,-33.94846,151.070526,25,0,2,1,3,0,0,0,2,0,7,40,1,1669,1669,3,8,5,2,0,0,0,0
1288472,3,2022,2022,4,5,7,1052,14,207,928,0,1,3,-33.55445,151.192377,31,0,2,1,3,0,0,0,2,0,7,110,2,404,404,8,5,40,1,0,0,0,0
1288478,3,2022,2022,0,5,7,29,1,84,34609,0,1,1,-33.808043,150.983727,21,0,2,1,3,0,0,0,2,0,7,50,0,14295,14295,3,5,13,2,0,0,0,0
1288481,3,2022,2022,0,0,9,10,27,13,31,0,1,1,-35.96162,149.578874,58,1,0,0,3,2,0,0,0,0,7,100,1,782,957,5,0,40,1,0,0,0,0
1288503,3,2022,2022,7,2,1,27,17,143,51,0,1,2,-33.691345,151.099344,31,0,2,0,2,0,3,4,0,0,7,60,2,1957,4009,8,5,40,1,0,0,0,0
1288505,3,2022,2022,0,5,6,110,27,36,173,0,1,2,-34.377988,150.861395,80,0,2,0,0,0,0,0,2,0,7,80,2,1383,1383,1,9,0,2,0,0,0,0
1288506,3,2022,2022,0,3,1,43,1,169,16,0,1,2,-33.759673,150.840744,7,0,2,1,2,0,0,0,0,0,7,60,2,4026,4026,1,5,5,2,0,0,0,0
1288507,3,2022,2022,7,6,3,213,17,13,213,0,1,1,-29.495054,152.324002,51,1,0,0,0,0,3,3,2,0,7,100,2,380,714,5,29,40,1,0,0,0,0
1288508,3,2022,2022,7,4,7,2261,17,44,2252,0,1,10,-33.902553,150.944012,24,0,2,1,1,0,0,0,2,0,7,70,2,1282,1282,1,33,5,2,0,0,0,0
1288514,3,2022,2022,0,3,5,2,36,74,34609,0,1,7,-33.745961,150.828038,7,0,2,1,3,0,0,0,2,0,0,50,0,2852,2852,4,5,19,2,0,0,0,0
1288515,3,2022,2022,0,4,7,20,27,40,20,0,1,1,-34.987734,150.593031,63,1,0,1,3,0,0,0,2,0,7,90,1,14295,14295,3,0,0,3,0,0,0,0
1288517,3,2022,2022,0,5,11,5,31,22,14,0,1,10,-28.609362,150.361695,51,2,1,1,2,0,0,0,0,0,0,50,1,1945,1945,5,0,40,1,0,0,0,0
1288522,3,2022,2022,0,5,5,22,31,13,34609,0,1,10,-31.646001,152.796732,56,2,1,1,3,0,0,0,2,0,0,50,0,3775,3775,0,0,0,2,0,0,0,0
1288523,3,2022,2022,0,5,5,93,10,25,42,0,1,9,-32.940318,151.768733,48,0,2,1,3,0,0,0,2,0,0,50,1,83,83,1,0,36,2,0,0,0,0
1288530,3,2022,2022,3,4,5,2209,17,70,2205,0,1,2,-34.026604,151.085064,68,0,2,1,3,0,0,0,2,0,7,70,2,14295,14295,3,5,5,2,0,0,0,0
1288532,3,2022,2022,0,5,10,2126,17,33,2149,0,1,2,-33.491289,150.133785,40,2,1,1,3,0,3,4,0,0,7,70,2,9859,9859,1,29,35,2,0,0,0,0
1288533,3,2022,2022,7,6,3,39,31,460,34609,0,1,1,-33.843553,151.002708,21,0,2,1,3,0,0,0,2,0,7,50,0,1282,1282,1,5,0,2,0,0,0,0
1288540,3,2022,2022,0,6,4,9,27,224,44,0,1,10,-33.822152,151.23885,45,0,2,1,3,0,0,0,2,2,7,50,1,623,623,3,10,36,2,0,0,0,0
1288541,3,2022,2022,0,3,7,194,31,157,769,0,1,9,-33.795211,151.001019,54,0,2,1,3,0,0,0,2,0,0,60,2,775,775,4,30,5,2,0,0,0,0
1288542,3,2022,2022,0,6,7,191,17,24,189,0,1,1,-32.024794,149.984794,73,1,0,1,3,0,0,0,2,0,7,100,2,945,945,5,10,40,1,0,0,0,0
1288570,3,2022,2022,3,3,9,13,27,19,34609,0,1,1,-28.278549,153.516102,72,2,1,0,3,0,3,4,0,0,7,80,0,418,777,5,5,40,1,0,0,0,0
1288572,3,2022,2022,3,4,11,78,31,134,36,0,1,7,-33.521614,151.320908,16,2,2,1,2,0,3,4,0,0,0,50,1,9859,9859,8,5,40,1,0,0,0,0
1288585,3,2022,2022,3,1,0,15,31,166,34609,0,1,1,-33.409738,149.567818,3,2,1,1,2,0,0,0,0,0,7,50,0,1282,1282,1,16,40,2,0,0,0,0
1288596,3,2022,2022,0,0,8,3371,17,28,3342,0,1,9,-31.835839,152.614283,43,1,0,1,3,0,3,4,2,0,0,100,2,2852,2852,4,9,36,2,0,0,0,0
1288600,3,2022,2022,3,5,7,1,31,62,34609,0,1,9,-33.758392,151.263234,50,0,2,1,0,0,0,0,2,0,7,50,0,2585,777,1,30,13,3,0,0,0,0
1288604,3,2022,2022,0,5,9,24,27,65,78,0,1,1,-33.56899,150.12284,40,2,1,1,0,0,0,0,3,0,7,80,2,9859,9859,8,34,40,1,0,0,0,0
1288606,3,2022,2022,7,3,10,23,31,87,34609,0,1,1,-34.058408,151.152491,68,0,2,0,2,0,0,0,0,0,7,50,0,1957,4009,1,30,0,4,0,0,0,0
1288608,3,2022,2022,0,5,2,120,36,194,148,0,1,1,-30.526565,151.70078,1,1,0,1,0,0,0,1,1,0,7,100,2,1089,1089,7,30,40,1,0,0,0,0
1288610,3,2022,2022,4,3,2,4,31,70,101,0,1,9,-32.90237,151.730674,48,0,2,0,2,0,0,0,0,0,0,60,2,418,714,5,30,40,1,0,0,0,0
1288622,3,2022,2022,0,3,5,10,27,202,18,0,1,1,-33.956358,151.023436,15,0,2,1,0,0,0,0,2,0,7,60,1,9859,9859,1,5,5,2,0,0,0,0
1288631,3,2022,2022,0,5,6,37,27,21,34609,0,1,1,-33.262604,151.399621,16,2,2,0,0,0,0,3,2,0,7,80,0,1957,4009,8,8,40,1,0,0,0,0
1288635,3,2022,2022,0,4,10,5,1,123,34609,0,1,1,-33.815076,151.053114,54,0,2,1,2,0,3,0,0,0,7,50,0,9859,9859,1,5,5,2,0,0,0,0
1288643,3,2022,2022,0,4,0,165,31,13,34609,0,1,9,-32.900284,151.751873,48,0,2,1,2,0,0,3,0,0,7,50,0,9859,9859,1,5,25,2,0,0,0,0
1288647,3,2022,2022,7,0,10,1,36,44,34609,0,1,1,-33.795495,150.981949,54,0,2,0,2,0,0,0,0,0,7,10,0,4552,5151,1,5,36,2,0,0,0,0
1288655,3,2022,2022,0,4,6,481,17,562,483,0,1,1,-32.236569,148.610799,22,2,1,1,3,0,0,0,2,0,7,60,2,1109,787,1,5,0,2,0,0,0,0
1288656,3,2022,2022,0,0,10,60,27,136,34609,0,1,1,-32.929355,151.713645,48,0,2,1,2,0,3,0,0,0,7,50,0,4026,4026,1,5,5,2,0,0,0,0
1288671,3,2022,2022,7,2,1,4,1,147,34609,0,1,1,-33.731871,151.150914,36,0,2,1,2,0,3,3,0,0,7,50,0,9859,9859,1,0,13,2,0,0,0,0
1288676,3,2022,2022,7,5,3,1052,14,149,928,0,1,3,-33.361182,151.334898,16,1,2,0,3,0,3,4,2,0,7,110,2,14295,14295,3,9,10,3,0,0,0,0
1288678,3,2022,2022,7,5,7,5,27,25,80,0,1,1,-33.017703,151.691307,37,0,2,0,3,0,0,0,2,0,7,60,1,3775,3775,0,5,41,2,0,0,0,0
1288679,3,2022,2022,7,4,3,60,27,239,167,0,1,10,-34.024288,151.120787,68,0,2,1,3,0,0,0,1,2,7,70,2,14295,14295,3,10,0,4,0,0,0,0
1288680,3,2022,2022,0,4,10,44,31,48,34609,0,1,10,-32.917823,151.748608,48,0,2,1,3,0,3,0,0,0,15,40,0,2852,2852,4,10,5,2,0,0,0,0
1288687,3,2022,2022,0,0,5,1,10,75,34609,0,1,2,-32.79291,151.636713,42,2,1,0,3,0,0,0,2,0,7,60,0,14295,14295,3,30,5,2,0,0,0,0
1288690,3,2022,2022,0,5,7,2209,17,137,2205,0,1,10,-34.035088,151.066132,68,0,2,1,3,0,0,0,2,2,7,70,2,5929,5929,1,5,5,2,0,0,0,0
1288694,3,2022,2022,0,1,10,1052,14,57,928,0,1,3,-33.67783,151.120171,31,0,2,1,3,0,0,0,0,0,7,110,2,14295,14295,3,5,5,2,0,0,0,0
1288697,3,2022,2022,0,5,8,44,27,290,331,1,0,1,-33.961088,151.111799,25,0,2,1,3,0,0,3,3,0,7,60,2,1391,1391,1,0,13,2,0,0,0,0
1288700,3,2022,2022,7,2,10,2,31,123,34609,1,0,1,-33.882155,151.230162,81,0,2,1,3,0,0,0,0,0,7,40,0,9859,9859,1,5,41,3,0,0,0,0
1288703,3,2022,2022,0,5,4,8,27,77,44,0,1,1,-33.721431,151.083632,31,0,2,1,3,0,3,3,2,0,7,60,1,14295,14295,3,5,13,2,0,0,0,0
1288708,3,2022,2022,0,2,6,481,17,155,483,0,1,10,-33.139045,148.172512,53,2,1,1,0,0,0,0,2,0,0,50,2,6545,6545,4,5,13,2,0,0,0,0
1288709,3,2022,2022,0,4,3,84,10,39,80,0,1,9,-34.315072,150.92296,80,0,2,1,0,0,3,4,1,0,15,50,2,2852,2852,4,5,5,2,0,0,0,0
1288715,3,2022,2022,0,6,5,283,27,91,702,0,1,1,-33.969116,151.097457,25,0,2,1,0,0,0,3,2,0,7,60,2,1945,1945,5,5,40,1,0,0,0,0
1288719,3,2022,2022,0,3,10,20,31,131,34609,0,1,10,-36.070051,146.914235,0,2,1,1,2,0,0,0,0,0,0,50,0,6545,6545,4,33,5,2,0,0,0,0
1288725,3,2022,2022,0,4,2,10,27,102,16,0,1,2,-31.109532,150.923084,70,2,1,1,2,0,3,4,0,0,7,60,1,9859,9859,8,10,40,1,0,0,0,0
1288728,3,2022,2022,7,6,11,478,17,69,480,0,1,1,-33.358193,151.485187,16,2,2,1,2,0,3,4,0,0,7,50,2,3775,3775,0,5,5,3,0,0,0,0
1288729,3,2022,2022,0,3,11,1052,14,149,928,0,1,3,-33.338758,151.373408,16,1,2,1,3,0,0,0,0,0,7,110,2,1391,1391,1,5,0,2,0,0,0,0
1288734,3,2022,2022,0,5,11,1,31,304,34609,0,1,1,-33.909492,151.15621,32,0,2,1,3,0,0,0,0,0,7,50,0,1981,1981,4,5,5,2,0,0,0,0
1288752,3,2022,2022,0,2,6,2,31,39,34609,0,1,1,-32.882929,151.654787,48,0,2,0,3,0,3,4,2,0,7,50,0,4552,5151,1,5,5,2,0,0,0,0
1288756,3,2022,2022,7,1,11,2126,17,363,2149,0,1,9,-33.819067,150.998332,54,0,2,1,3,0,0,0,0,2,7,60,2,926,926,4,0,5,2,0,0,0,0
1288767,3,2022,2022,7,6,11,134,10,69,133,0,1,2,-33.824249,151.021115,54,0,2,1,3,0,3,4,0,0,7,70,2,14295,14295,3,5,36,2,0,0,0,0
1288771,3,2022,2022,0,5,7,38,27,165,21,0,1,9,-32.291771,150.869419,46,2,1,0,3,2,0,3,2,0,0,80,2,2852,2852,4,5,0,2,0,0,0,0
1288775,3,2022,2022,0,3,6,1104,11,532,770,0,1,3,-33.866305,151.203084,69,0,2,1,3,0,0,0,2,0,7,70,2,14295,14295,3,0,5,2,0,0,0,0
1288776,3,2022,2022,7,0,10,48,27,70,166,0,1,9,-33.26029,151.516537,16,2,2,1,0,0,3,4,0,0,7,50,2,4552,985,8,5,40,1,0,0,0,0
1288780,3,2022,2022,4,1,5,11,2,52,34609,0,1,2,-33.264947,151.464221,16,2,2,1,1,0,0,0,2,0,7,50,0,1945,1945,5,30,40,1,0,0,0,0
1288791,3,2022,2022,0,1,9,115,27,113,173,0,1,6,-34.366652,150.859031,80,0,2,0,0,0,3,4,0,0,7,100,2,2585,4009,8,5,40,1,0,0,0,0
1288795,3,2022,2022,7,2,0,8,27,112,34609,0,1,1,-33.439592,151.409915,16,2,2,0,2,0,0,0,0,0,7,50,0,2585,4009,8,30,40,1,0,0,0,0
1288796,3,2022,2022,0,5,6,3371,17,58,3342,0,1,7,-32.781707,151.739358,57,2,1,1,1,0,0,0,2,0,0,70,2,14295,14295,3,33,36,2,0,0,0,0
1288809,3,2022,2022,7,5,10,35,27,14,49,0,1,1,-31.151055,150.872729,70,1,0,1,0,0,3,4,0,0,7,100,1,43,43,3,5,5,2,0,0,0,0
1288812,3,2022,2022,0,4,10,56,31,119,34609,0,1,2,-32.761453,151.748097,57,2,1,1,2,0,3,4,0,0,7,60,0,9859,9859,1,5,23,2,0,0,0,0
1288814,3,2022,2022,0,1,6,60,27,174,44,1,0,1,-33.869096,150.922684,24,0,2,1,3,0,0,0,2,0,7,50,1,1981,1981,4,0,0,2,0,0,0,0
1288815,3,2022,2022,0,3,8,27,1,132,148,0,1,1,-34.151028,151.028027,68,0,2,0,3,0,3,0,2,0,7,60,2,4552,5151,8,5,40,1,0,0,0,0
1288816,3,2022,2022,0,5,3,145,31,532,34609,0,1,10,-33.86364,151.207479,69,0,2,0,3,0,0,3,2,2,7,40,0,1282,1282,1,19,0,2,0,0,0,0
1288819,3,2022,2022,0,2,8,43,27,46,29,0,1,1,-32.913664,151.662209,48,0,2,1,2,0,0,0,0,0,7,60,1,9859,9859,1,5,4,2,0,0,0,0
1288820,3,2022,2022,3,3,1,829,27,125,770,0,1,9,-33.822655,151.12173,61,0,2,1,2,0,0,0,0,2,7,60,2,2585,777,8,5,40,1,0,0,0,0
1288824,3,2022,2022,0,4,9,158,27,68,207,0,1,9,-33.875256,151.246622,81,0,2,1,2,0,0,0,0,2,7,60,2,5929,5929,1,5,13,2,0,0,0,0
1288826,3,2022,2022,0,3,11,3371,17,9,3342,0,1,2,-32.351484,152.314863,43,1,0,1,3,0,0,0,0,0,7,110,2,1945,1945,5,5,40,1,0,0,0,0
1288830,3,2022,2022,0,5,4,19,27,72,34609,0,1,1,-34.023164,151.01373,68,0,2,0,3,0,0,3,2,0,7,50,0,1957,4009,1,5,5,3,0,0,0,0
1288831,3,2022,2022,0,1,8,21,27,36,34609,0,1,1,-34.393181,150.848518,80,0,2,0,3,0,0,0,2,0,7,60,0,1957,4009,8,5,40,1,0,0,0,0
1288832,3,2022,2022,0,6,5,6,27,89,34609,0,1,1,-33.387549,151.476273,16,2,2,1,3,0,0,0,2,0,7,50,0,9859,9859,8,10,40,1,0,0,0,0
1288833,3,2022,2022,0,5,5,3,31,61,34609,0,1,10,-35.528124,144.955396,51,2,1,1,3,0,0,0,2,0,0,50,0,6545,6545,4,10,5,2,0,0,0,0
1288834,3,2022,2022,7,6,3,916,17,12,917,0,1,1,-31.879332,150.880015,73,1,0,0,3,0,3,0,1,0,7,100,2,3775,3775,0,5,13,2,0,0,0,0
1288838,3,2022,2022,0,3,1,5,31,25,34609,0,1,1,-33.866478,151.224814,69,0,2,1,2,0,0,0,0,0,7,50,0,9859,9859,1,5,36,2,0,0,0,0
1288855,3,2022,2022,0,2,11,829,25,165,34609,0,1,1,-33.846069,151.150944,14,0,2,0,2,0,0,0,0,0,7,50,0,1957,4009,8,10,40,1,0,0,0,0
1288858,3,2022,2022,0,6,1,481,17,15,483,0,1,9,-34.42172,146.845163,51,1,0,0,1,0,3,0,0,0,7,110,2,782,957,5,3,40,1,0,0,0,0
1288862,3,2022,2022,0,2,0,178,27,70,48,0,1,10,-32.729734,151.55239,42,2,1,0,2,0,0,0,0,2,0,50,2,4552,985,8,34,40,1,0,0,0,0
1288869,3,2022,2022,0,6,3,128,27,26,133,0,1,9,-33.773171,150.669889,55,0,2,1,1,0,0,0,2,2,7,60,2,6545,6545,4,0,5,2,0,0,0,0
1288876,3,2022,2022,0,0,9,3,36,52,34609,1,0,10,-33.265811,151.46509,16,2,2,1,3,0,3,3,0,0,0,50,0,6545,6545,4,5,13,2,0,0,0,0
1288879,3,2022,2022,7,1,11,92,27,129,29,0,1,1,-33.901335,151.09915,9,0,2,1,2,0,3,4,0,0,7,50,1,9859,9859,1,5,5,2,0,0,0,0
1288891,3,2022,2022,0,1,7,23,23,12,34609,0,1,1,-33.500392,151.424588,16,2,2,1,1,0,0,0,2,0,7,50,0,248,248,1,0,5,2,0,0,0,0
1288897,3,2022,2022,7,6,10,229,14,98,237,0,1,3,-33.75816,151.053297,54,0,2,1,1,0,3,0,0,0,7,100,2,404,404,8,5,40,1,0,0,0,0
1288899,3,2022,2022,0,0,0,73,31,102,34609,0,1,1,-31.103461,150.909448,70,2,1,1,2,0,0,0,0,0,7,50,0,9859,9859,1,5,5,2,0,0,0,0