Crash ID,Degree of crash - detailed,Reporting year,Year of crash,Month of crash,Day of week of crash,Two-hour intervals,Street of crash,Street type,Town,Route no.,School zone location,School zone active,Type of location,Latitude,Longitude,LGA,Urbanisation,Conurbation 1,Alignment,Street lighting,Road surface,Surface condition,Weather,Natural lighting,Signals operation,Other traffic control,Speed limit,Road classification,RUM - code,DCA - code,First impact type,Key TU type,Other TU type,No. of traffic units involved,No. killed,No. seriously injured,No. moderately injured,No. minor-other injured
1288900,3,2022,2022,0,4,4,265,17,8,193,0,1,6,-35.079373,147.356149,75,2,1,0,3,0,0,0,2,0,7,60,2,2585,4009,8,5,40,1,0,0,0,0
1288902,3,2022,2022,0,0,3,2,1,78,34609,0,1,1,-33.830091,150.796176,55,0,2,1,3,0,0,1,1,0,7,50,0,1109,787,1,5,13,2,0,0,0,0
1288905,3,2022,2022,0,2,6,293,31,532,55,0,1,1,-33.860988,151.213187,69,0,2,1,3,0,0,0,2,0,7,40,1,14295,14295,3,0,5,2,0,0,0,0
1288907,3,2022,2022,0,2,5,191,27,175,208,0,1,10,-33.773866,151.083113,54,0,2,1,3,0,0,3,2,3,7,60,2,1109,787,1,5,36,2,0,0,0,0
1288909,3,2022,2022,0,5,4,22,1,443,34609,0,1,10,-33.894321,151.054886,15,0,2,1,3,0,0,0,2,0,15,50,0,5929,5929,1,5,5,2,0,0,0,0
1288911,3,2022,2022,0,3,11,44,27,202,563,0,1,2,-33.945994,151.035345,15,0,2,1,3,0,3,0,0,0,7,70,2,1192,1192,1,8,5,2,0,0,0,0
1288914,3,2022,2022,0,3,7,3371,17,58,3342,0,1,2,-28.558748,153.542063,10,1,0,0,0,0,0,0,2,0,7,110,2,3775,3775,0,33,13,2,0,0,0,0
1288917,3,2022,2022,0,5,4,98,27,609,136,0,1,2,-33.777192,150.920174,7,0,2,1,3,0,0,0,2,0,7,60,2,9859,9859,8,9,40,1,0,0,0,0
1288918,3,2022,2022,0,5,9,149,10,346,702,0,1,10,-33.86791,151.064212,67,0,2,1,3,0,0,0,0,2,7,80,2,2852,2852,4,5,5,2,0,0,0,0
1288919,3,2022,2022,0,2,5,191,27,75,34609,0,1,9,-33.707401,150.375961,8,2,2,0,3,0,0,0,2,0,7,50,0,782,957,5,0,40,1,0,0,0,0
1288920,3,2022,2022,0,6,8,916,17,75,917,0,1,2,-32.789501,151.628597,42,1,0,1,3,0,0,3,2,0,7,90,2,1109,787,1,10,5,2,0,0,0,0
1288921,3,2022,2022,0,2,8,866,17,187,793,0,1,2,-33.795834,150.984761,54,0,2,0,3,0,0,0,2,0,7,70,2,3775,3775,0,5,35,2,0,0,0,0
1288923,3,2022,2022,0,5,8,294,17,215,288,0,1,10,-35.117632,147.359933,75,2,1,1,3,0,0,0,2,0,0,60,2,6545,6545,4,5,5,2,0,0,0,0
1288928,3,2022,2022,0,5,11,20,27,61,93,1,0,1,-33.756685,150.896359,7,0,2,1,2,0,3,4,0,0,7,50,1,9859,9859,1,5,5,2,0,0,0,0
1288930,3,2022,2022,0,0,5,294,17,7,288,0,1,1,-34.921638,146.652305,51,1,0,0,2,0,3,4,2,0,7,100,2,83,83,5,5,40,1,0,0,0,0
1288938,3,2022,2022,7,3,8,3,31,29,34609,0,1,1,-31.273312,149.277682,51,2,1,1,1,0,3,4,3,0,7,50,0,4026,4026,1,10,5,2,0,0,0,0
1288939,3,2022,2022,0,6,10,169,31,83,34609,0,1,2,-30.114366,153.193194,19,2,1,1,2,0,0,0,0,0,7,50,0,4026,4026,8,5,40,1,0,0,0,0
1288940,3,2022,2022,4,3,7,33,27,35,49,1,0,9,-33.887455,150.897583,24,0,2,1,1,0,0,0,2,0,9,60,1,14295,14295,3,5,5,2,0,0,0,0
1288945,3,2022,2022,0,4,5,2261,17,7,2252,0,1,2,-34.820393,149.101572,74,1,0,0,0,0,0,0,2,0,7,110,2,1957,4009,8,30,40,1,0,0,0,0
1288946,3,2022,2022,3,4,11,478,17,69,480,0,1,1,-33.356433,151.486112,16,2,2,0,2,0,0,3,0,0,7,50,2,2585,4009,8,0,40,1,0,0,0,0
1288947,3,2022,2022,0,6,8,2,31,69,34609,1,0,7,-32.931931,151.756501,48,0,2,1,2,0,0,0,0,0,0,50,0,6545,6545,4,5,5,2,0,0,0,0
1288955,3,2022,2022,0,2,3,475,31,174,41,0,1,9,-33.891309,151.20766,69,0,2,1,3,0,0,0,1,0,7,50,1,4026,4026,1,30,5,3,0,0,0,0
1288957,3,2022,2022,0,1,0,2,27,100,34609,0,1,0,-33.811192,151.168834,38,0,2,1,2,0,0,0,0,0,7,50,0,9859,9859,1,10,5,6,0,0,0,0
1288960,3,2022,2022,0,3,5,485,27,134,769,0,1,9,-33.655513,150.872549,7,0,2,0,3,0,0,0,2,0,0,80,2,1850,777,5,10,40,1,0,0,0,0
1288962,3,2022,2022,0,1,11,8,10,6,34609,0,1,1,-34.453562,150.827099,80,0,2,1,3,0,0,0,0,0,7,50,0,9859,9859,1,5,10,2,0,0,0,0
1288963,3,2022,2022,0,0,4,220,14,130,220,0,1,3,-34.463804,150.849837,80,0,2,0,3,0,0,0,2,0,7,100,2,14295,14295,3,5,25,2,0,0,0,0
1288964,3,2022,2022,0,4,5,18,27,58,34609,0,1,1,-34.046063,151.132835,68,0,2,1,3,0,3,3,2,0,7,60,0,623,623,3,0,0,4,0,0,0,0
1288966,3,2022,2022,0,3,8,45,27,80,44,0,1,10,-33.816856,151.151571,38,0,2,1,3,0,0,0,2,2,7,60,2,515,515,1,5,5,2,0,0,0,0
1288967,3,2022,2022,0,2,7,283,27,197,702,1,0,10,-33.952614,151.083519,25,0,2,1,3,0,0,0,2,2,7,60,2,14295,14295,3,9,5,2,0,0,0,0
1288969,3,2022,2022,0,3,2,157,17,6,158,0,1,1,-33.90103,148.468189,51,1,0,1,3,0,0,0,0,0,7,100,2,1089,1089,7,0,40,1,0,0,0,0
1288971,3,2022,2022,0,4,4,103,27,149,167,0,1,2,-34.002372,151.126359,4,0,2,0,3,0,3,3,2,0,7,70,2,2585,777,8,5,40,1,0,0,0,0
1288972,3,2022,2022,0,3,7,387,27,204,331,0,1,10,-33.940607,151.137322,4,0,2,1,3,0,0,0,2,0,0,60,2,775,775,4,5,0,2,0,0,0,0
1288973,3,2022,2022,0,4,3,55,27,112,70,0,1,10,-33.715281,151.027545,31,0,2,1,3,0,3,3,0,2,7,60,2,5929,5929,1,0,0,2,0,0,0,0
1288977,3,2022,2022,0,1,5,3371,17,10,3342,0,1,2,-28.417969,153.523523,72,1,0,1,3,0,0,0,2,0,7,110,2,4026,4026,8,5,40,1,0,0,0,0
1288983,3,2022,2022,7,2,0,9,31,29,34609,0,1,9,-28.795755,153.593842,2,2,1,1,2,0,3,4,0,0,7,40,0,9859,9859,1,5,25,2,0,0,0,0
1288990,3,2022,2022,0,3,9,133,31,133,97,0,1,7,-33.916443,151.005569,15,0,2,1,3,0,3,4,0,0,0,60,1,2852,2852,4,5,5,2,0,0,0,0
1288992,3,2022,2022,0,0,8,77,27,25,100,0,1,10,-34.495815,150.409005,78,2,1,1,3,0,3,3,2,0,15,60,2,5929,5929,1,30,5,2,0,0,0,0
1288995,3,2022,2022,0,6,3,1052,27,69,262,0,1,7,-32.905713,151.69227,48,0,2,0,3,0,0,0,2,1,7,60,2,1282,1282,1,30,5,2,0,0,0,0
1288997,3,2022,2022,0,0,5,18,31,8,34609,0,1,10,-32.405564,151.754327,51,2,1,1,3,0,3,4,2,0,0,50,0,6545,6545,4,5,5,2,0,0,0,0
1288998,3,2022,2022,0,6,8,515,14,271,518,0,1,3,-33.940832,151.01847,15,0,2,1,3,0,3,3,2,0,7,100,2,14295,14295,3,0,12,3,0,0,0,0
1288999,3,2022,2022,0,4,3,225,17,76,180,0,1,9,-34.546752,150.37414,78,2,1,1,3,0,3,2,2,0,15,50,2,395,395,1,8,5,2,0,0,0,0
1289000,3,2022,2022,0,3,0,2,18,57,34609,0,1,9,-28.647634,153.561442,10,2,1,1,3,0,0,0,0,0,7,50,0,489,489,8,10,40,1,0,0,0,0
1289001,3,2022,2022,0,6,6,48,10,41,121,0,1,9,-31.413055,152.824349,56,2,1,1,3,0,0,3,2,0,15,80,1,2852,2852,4,33,5,2,0,0,0,0
1289002,3,2022,2022,0,0,7,132,31,252,126,0,1,9,-33.891666,151.213618,69,0,2,1,3,0,3,3,2,0,7,50,2,2852,2852,4,5,5,2,0,0,0,0
1289004,3,2022,2022,0,3,8,95,31,370,34609,0,1,1,-34.071105,150.810274,13,0,2,1,3,0,0,0,0,0,7,50,0,1109,787,1,5,0,2,0,0,0,0
1289007,3,2022,2022,0,2,3,77,31,179,34609,1,0,1,-33.756736,150.724097,55,0,2,1,3,0,3,0,2,0,7,50,0,1282,1282,1,5,5,2,0,0,0,0
1289009,3,2022,2022,0,5,10,97,27,271,799,0,1,1,-33.934428,151.005876,15,0,2,1,3,0,3,3,0,0,7,70,2,1383,1383,1,5,5,3,0,0,0,0
1289010,3,2022,2022,0,5,5,8,27,4,34609,0,1,1,-33.652978,149.89692,51,1,0,0,3,0,0,0,2,0,7,100,0,1957,4009,8,5,40,1,0,0,0,0
1289028,3,2022,2022,0,2,10,191,27,370,68,0,1,1,-34.057464,150.816803,13,0,2,1,3,0,0,3,0,0,7,60,1,515,515,1,9,5,2,0,0,0,0
1289038,3,2022,2022,0,0,11,57,27,11,75,0,1,9,-33.489323,151.30101,16,2,2,1,3,0,3,4,0,0,0,60,1,2852,2852,4,10,5,2,0,0,0,0
1289039,3,2022,2022,0,3,4,196,10,34,168,0,1,1,-33.968443,150.995415,15,0,2,0,3,0,3,0,2,0,7,60,2,4552,5151,8,5,40,1,0,0,0,0
1289045,3,2022,2022,0,0,4,481,17,30,483,0,1,10,-34.7479,146.550367,51,2,1,1,1,0,3,4,2,0,0,50,2,1669,1669,3,19,5,2,0,0,0,0
1289046,3,2022,2022,0,6,5,1,36,5,34609,0,1,1,-37.144354,149.305852,65,1,0,0,0,2,3,4,2,0,7,100,0,4552,5151,8,21,40,1,0,0,0,0
1289049,3,2022,2022,0,1,0,2,1,62,34609,0,1,1,-32.930958,151.630313,37,0,2,1,2,0,0,0,0,0,7,50,0,220,220,1,5,5,2,0,0,0,0
1289050,3,2022,2022,7,4,6,2126,17,323,2149,0,1,2,-33.788693,150.854149,7,0,2,1,0,0,0,0,2,0,7,80,2,14295,14295,3,33,5,2,0,0,0,0
1289054,3,2022,2022,0,6,10,89,36,3,17,0,1,1,-29.576758,152.786251,18,2,1,0,0,0,3,0,0,0,7,60,1,418,714,5,0,40,1,0,0,0,0
1289055,3,2022,2022,0,5,1,43,27,18,34609,0,1,7,-28.391038,153.565395,72,2,1,0,2,0,0,0,0,0,0,50,0,1259,5151,8,5,40,1,0,0,0,0
1289057,3,2022,2022,0,6,3,515,14,243,518,0,1,3,-33.937646,150.910186,41,0,2,0,0,0,3,3,2,0,7,100,2,14295,14295,3,33,5,3,0,0,0,0
1289061,3,2022,2022,3,0,1,280,10,46,240,0,1,1,-33.881419,150.966723,24,0,2,1,2,0,3,4,0,0,7,60,2,3775,3775,0,33,36,2,0,0,0,0
1289063,3,2022,2022,7,4,7,829,27,165,770,0,1,2,-33.84716,151.151805,14,0,2,1,1,0,0,0,2,0,7,60,2,1383,1383,1,0,5,2,0,0,0,0
1289068,3,2022,2022,0,1,7,45,27,168,40,0,1,9,-33.690772,150.842852,7,0,2,1,1,0,0,0,2,0,7,60,2,57,57,1,5,5,2,0,0,0,0
1289070,3,2022,2022,0,3,9,3371,17,77,3342,0,1,9,-32.948037,151.726654,48,0,2,0,2,0,0,0,3,0,0,70,2,5929,5929,1,5,5,2,0,0,0,0
1289113,3,2022,2022,3,1,0,55,27,64,117,0,1,2,-32.945099,151.686291,48,0,2,1,2,0,0,0,0,0,7,70,2,9859,9859,1,10,5,2,0,0,0,0
1289116,3,2022,2022,3,4,3,22,31,45,34609,0,1,1,-33.889103,151.197567,69,0,2,1,1,0,3,4,2,0,7,40,0,9859,9859,1,33,5,2,0,0,0,0
1289117,3,2022,2022,7,6,6,481,17,562,483,0,1,2,-32.24268,148.600849,22,2,1,0,1,0,0,0,2,0,7,60,2,782,957,5,34,40,1,0,0,0,0
1289131,3,2022,2022,7,5,8,81,27,609,115,0,1,1,-33.783217,150.900257,7,0,2,1,1,0,3,4,2,0,7,60,2,9859,9859,8,34,40,1,0,0,0,0
1289136,3,2022,2022,0,6,8,5,27,363,34609,0,1,1,-33.74988,150.704042,55,0,2,1,3,0,3,4,2,0,7,50,0,9859,9859,8,0,40,1,0,0,0,0
1289140,3,2022,2022,0,2,7,7,10,172,34609,0,1,2,-32.761714,151.59334,42,2,1,1,3,0,3,4,2,2,7,50,0,5929,5929,1,5,5,2,0,0,0,0
1289141,3,2022,2022,0,0,8,1104,14,223,962,0,1,3,-33.80577,150.918506,7,0,2,1,3,0,0,0,4,0,7,100,2,14295,14295,3,10,5,3,0,0,0,0
1289142,3,2022,2022,0,1,7,42,27,33,56,0,1,9,-33.896822,151.241197,76,0,2,0,3,0,0,0,2,0,0,50,1,782,985,5,5,40,1,0,0,0,0
1289144,3,2022,2022,0,0,9,2261,17,243,2252,0,1,10,-33.957489,150.882385,41,0,2,1,3,0,0,0,4,2,7,70,2,14295,14295,3,5,0,2,0,0,0,0
1289145,3,2022,2022,8,3,6,1,31,135,34609,0,1,1,-32.892747,151.731244,48,0,2,1,3,0,0,0,2,0,7,50,0,1981,1981,4,5,0,3,0,0,0,0
1289148,3,2022,2022,8,4,4,220,14,130,220,0,1,3,-34.462284,150.851817,80,0,2,1,3,0,0,0,2,0,7,100,2,14295,14295,3,10,0,3,0,0,0,0
1289153,3,2022,2022,0,6,7,512,17,7,441,0,1,1,-31.345831,146.987386,51,1,0,1,3,0,3,4,2,0,7,110,2,945,945,5,26,40,1,0,0,0,0
1289154,3,2022,2022,0,6,0,110,31,18,34609,0,1,1,-36.07749,146.894229,0,2,1,1,0,0,0,0,0,0,7,50,0,9859,9859,1,5,5,3,0,0,0,0
1289157,3,2022,2022,0,0,6,11,31,21,62,1,0,9,-35.776588,148.00995,66,2,1,1,3,0,3,3,2,0,0,60,2,84,84,6,30,40,1,0,0,0,0
1289165,3,2022,2022,0,1,7,829,27,159,770,0,1,2,-33.807155,151.08562,61,0,2,1,1,0,0,0,2,0,7,60,2,1282,1282,1,5,5,3,0,0,0,0
1289173,3,2022,2022,7,3,3,3,31,219,34609,0,1,9,-32.908951,151.681481,48,0,2,0,2,0,0,3,2,0,7,50,0,4552,5151,8,5,40,1,0,0,0,0
1289174,3,2022,2022,0,1,7,11,7,72,34609,0,1,9,-34.010788,151.015348,68,0,2,1,1,0,0,0,2,0,7,50,0,3775,3775,0,5,5,2,0,0,0,0
1289175,3,2022,2022,0,4,9,2,27,2,23,0,1,1,-33.88829,141.109382,51,1,0,1,3,2,0,0,0,0,7,100,1,4026,4026,8,0,40,1,0,0,0,0
1289183,3,2022,2022,0,6,8,40,27,609,24,1,2,10,-33.773377,150.908037,7,0,2,1,3,0,3,4,2,2,9,40,1,515,515,1,30,0,3,0,0,0,0
1289188,3,2022,2022,8,1,4,7,31,85,34609,0,1,1,-32.939407,151.716697,48,0,2,1,3,0,0,0,2,0,7,50,0,14295,14295,3,5,0,2,0,0,0,0
1289191,3,2022,2022,8,3,10,4,31,40,88,0,1,1,-33.790328,151.241369,50,0,2,0,3,0,0,0,0,0,7,60,2,4552,5151,1,0,36,2,0,0,0,0
1289193,3,2022,2022,0,0,5,3,10,29,34609,0,1,1,-35.323879,150.452887,63,2,1,0,3,0,0,0,2,0,7,60,0,77,77,1,10,5,2,0,0,0,0
1289196,3,2022,2022,7,1,5,4,27,14,34609,0,1,1,-33.20064,151.440642,16,2,2,1,3,0,0,3,2,0,7,80,0,1383,1383,1,16,10,2,0,0,0,0
1289197,3,2022,2022,0,0,6,67,27,108,68,0,1,1,-33.802748,151.183979,77,0,2,1,3,0,0,0,2,0,7,50,1,9859,9859,1,0,5,2,0,0,0,0
1289198,3,2022,2022,8,3,8,77,31,562,34609,0,1,10,-32.25032,148.610745,22,2,1,1,3,0,0,0,2,0,15,50,0,6545,6545,4,30,5,2,0,0,0,0
1289202,3,2022,2022,8,4,7,2126,17,75,2149,0,1,2,-33.712544,150.377658,8,2,2,1,3,0,0,0,2,0,7,60,2,9859,9859,1,5,5,2,0,0,0,0
1289203,3,2022,2022,8,4,6,17,27,41,96,0,1,9,-32.970728,151.638056,37,0,2,0,3,0,0,0,2,2,7,60,2,14295,14295,3,5,5,3,0,0,0,0
1289206,3,2022,2022,8,1,6,22,27,194,148,0,1,1,-30.543575,151.741474,1,1,0,0,3,0,0,0,2,0,7,100,2,380,714,5,5,40,1,0,0,0,0
1289209,3,2022,2022,8,3,4,68,27,98,208,0,1,10,-33.744367,151.063702,31,0,2,1,3,0,0,0,2,0,15,60,2,2852,2852,4,9,5,2,0,0,0,0
1289213,3,2022,2022,8,1,7,829,27,165,770,0,1,10,-33.852517,151.155995,14,0,2,1,3,0,0,0,2,2,7,60,2,926,926,4,5,13,2,0,0,0,0
1289219,3,2022,2022,8,5,9,98,27,128,382,0,1,7,-33.639735,150.784058,29,2,2,1,3,0,0,0,3,0,0,80,2,5929,5929,1,5,5,2,0,0,0,0
1289221,3,2022,2022,0,2,5,2209,17,33,2205,0,1,2,-34.712269,150.840056,35,2,1,0,3,0,3,3,2,0,7,80,2,4552,5151,8,0,40,1,0,0,0,0
1289228,3,2022,2021,2,4,9,149,10,136,702,0,1,2,-33.858675,151.069294,67,0,2,1,0,0,0,0,3,0,7,80,2,14295,14295,3,5,5,3,0,0,0,0
1289231,3,2022,2022,0,0,4,51,27,346,34609,1,2,9,-33.878916,151.095771,9,0,2,1,0,0,0,0,2,0,7,40,0,9859,9859,1,5,0,2,0,0,0,0
1289232,3,2022,2022,0,3,2,43,27,18,46,0,1,1,-28.325235,153.568328,72,2,1,1,0,0,3,3,0,0,7,80,1,9859,9859,8,5,40,1,0,0,0,0
1289237,3,2022,2022,7,5,5,85,27,53,145,0,1,9,-33.798951,151.0465,54,0,2,1,2,0,3,4,2,2,7,70,2,6545,6545,4,5,5,2,0,0,0,0
1289251,3,2022,2022,0,6,9,2209,17,137,2205,0,1,9,-34.033079,151.066571,68,0,2,1,2,0,3,4,0,2,0,70,2,6545,6545,4,19,13,2,0,0,0,0
1289252,3,2022,2022,0,5,5,7,27,8,34609,0,1,1,-34.146449,148.117688,30,1,0,1,0,0,0,0,2,0,7,100,0,1945,1945,5,8,40,1,0,0,0,0
1289259,3,2022,2022,0,5,10,28,27,25,28,0,1,1,-32.700234,151.853133,57,1,0,1,0,0,0,0,0,0,7,100,1,14295,14295,3,0,0,2,0,0,0,0
1289262,3,2022,2022,8,3,4,16,27,22,34609,0,1,1,-31.880825,152.502333,43,2,1,0,0,0,0,3,2,0,7,70,0,3775,3775,0,5,5,2,0,0,0,0
1289264,3,2022,2022,0,3,8,866,17,278,793,0,1,1,-33.783119,151.046216,54,0,2,1,1,0,0,0,2,0,7,60,2,1282,1282,1,33,5,2,0,0,0,0
1289269,3,2022,2021,9,3,2,4,31,149,34609,0,1,9,-33.863757,151.166395,32,0,2,1,2,0,0,0,1,0,7,50,0,4026,4026,1,0,0,4,0,0,0,0
1289296,3,2022,2022,0,5,5,48,27,8,42,0,1,10,-34.960458,150.510492,63,1,0,0,3,0,0,0,2,0,15,100,1,217,217,1,5,12,2,0,0,0,0
1289303,3,2022,2022,7,5,7,3,31,162,34609,0,1,1,-33.84206,150.909887,24,0,2,1,1,0,0,0,2,0,7,50,0,9859,9859,1,10,5,5,0,0,0,0
1289308,3,2022,2022,0,4,3,1,31,562,34609,0,1,9,-32.240636,148.588329,22,2,1,1,1,0,3,4,2,0,7,50,0,1109,787,1,10,0,2,0,0,0,0
1289312,3,2022,2022,7,2,1,59,31,70,34609,1,0,1,-32.903411,151.728797,48,0,2,1,0,0,0,6,0,0,7,50,0,9859,9859,1,5,0,2,0,0,0,0
1289313,3,2022,2022,7,0,10,32,27,14,27,0,1,1,-33.656974,151.270586,50,0,2,0,0,0,0,0,0,0,7,60,2,380,714,5,5,40,1,0,0,0,0
1289322,3,2022,2022,0,0,10,3371,17,40,3342,0,1,2,-31.523401,152.793025,56,2,1,1,0,0,0,0,0,0,7,80,2,41,41,8,10,40,1,0,0,0,0
1289326,3,2022,2022,8,4,3,65,31,609,115,0,1,10,-33.768888,150.904245,7,0,2,1,3,0,3,3,1,2,7,60,2,14295,14295,3,9,13,2,0,0,0,0
1289337,3,2022,2022,0,2,8,296,27,41,293,0,1,9,-33.865879,150.988937,24,0,2,1,3,0,0,0,2,0,7,70,2,1192,1192,1,5,5,2,0,0,0,0
1289338,3,2022,2022,8,1,8,89,17,137,54,0,1,10,-34.030449,151.063735,68,0,2,1,3,0,0,0,2,0,0,70,2,5929,5929,1,0,36,2,0,0,0,0
1289339,3,2022,2022,0,2,0,13,1,42,34609,1,0,7,-33.919689,150.895325,41,0,2,1,3,0,3,4,0,0,0,50,0,9859,9859,8,5,40,1,0,0,0,0
1289347,3,2022,2022,8,4,8,7,31,161,34609,0,1,2,-33.88467,151.150005,32,0,2,1,3,0,0,0,3,0,7,50,0,941,941,1,5,5,2,0,0,0,0
1289357,3,2022,2022,0,2,9,387,27,253,331,0,1,10,-33.963654,151.092928,25,0,2,1,3,0,0,0,3,2,7,60,2,5929,5929,1,0,0,2,0,0,0,0
1289359,3,2022,2022,8,6,6,48,31,91,34609,0,1,10,-32.972311,151.645837,37,0,2,1,3,0,0,0,2,0,0,50,0,6545,6545,4,5,5,2,0,0,0,0
1289362,3,2022,2022,8,5,8,55,10,96,47,0,1,1,-33.4349,151.397044,16,2,2,1,3,0,0,0,2,0,7,60,2,14295,14295,3,10,5,3,0,0,0,0
1289367,3,2022,2022,0,0,9,39,27,137,80,0,1,1,-32.968252,151.694796,37,0,2,1,3,0,0,0,3,0,7,60,1,9859,9859,8,8,40,1,0,0,0,0
1289368,3,2022,2022,0,2,9,1104,14,41,962,0,1,3,-33.826949,151.008034,54,0,2,1,3,0,3,0,0,0,7,90,2,14295,14295,3,5,5,3,0,0,0,0
1289372,3,2022,2022,0,4,5,51,27,69,63,0,1,2,-34.552531,150.859617,62,0,2,1,3,0,3,4,2,0,7,70,2,2585,777,8,5,40,1,0,0,0,0
1289373,3,2022,2022,8,5,9,230,27,173,284,0,1,10,-33.777682,151.10823,61,0,2,1,3,0,0,0,3,2,7,70,2,14295,14295,3,0,5,3,0,0,0,0
1289374,3,2022,2022,8,3,6,81,17,30,34609,0,1,1,-34.487772,150.336941,78,2,1,1,3,0,0,0,2,0,7,50,0,941,941,1,30,5,2,0,0,0,0
1289378,3,2022,2022,8,4,9,27,27,87,65,0,1,1,-33.695807,150.969467,71,0,2,0,0,0,0,0,0,0,7,60,1,3775,3775,0,5,13,2,0,0,0,0
1289386,3,2022,2022,7,2,5,2,25,143,34609,0,1,1,-33.695836,151.11336,31,0,2,0,1,0,3,4,2,0,7,50,0,220,220,1,5,5,2,0,0,0,0
1289389,3,2022,2022,0,2,6,1104,14,104,962,0,1,3,-33.787665,150.789032,55,0,2,1,3,0,2,6,2,0,7,110,2,4026,4026,8,5,40,1,0,0,0,0
1289400,3,2022,2022,7,2,4,3371,17,7,3342,0,1,2,-28.484459,153.513533,10,1,0,0,0,0,0,0,2,0,7,110,2,380,714,5,0,40,1,0,0,0,0
1289401,3,2022,2022,0,5,11,2261,17,243,2252,0,1,9,-33.943457,150.911258,41,0,2,1,2,0,3,4,0,2,7,70,2,14295,14295,3,16,0,2,0,0,0,0
1289409,3,2022,2022,7,3,1,73,31,123,34609,0,1,1,-33.818426,151.058471,54,0,2,1,3,0,2,6,0,0,7,50,0,43,43,3,0,5,2,0,0,0,0
1289411,3,2022,2022,7,5,7,135,17,2,136,0,1,1,-35.801692,146.331411,51,1,0,1,3,0,0,0,2,0,7,100,2,14295,14295,3,10,13,2,0,0,0,0
1289433,3,2022,2022,0,5,7,135,17,93,136,0,1,1,-36.076431,146.93613,0,2,1,1,1,0,3,3,2,0,7,60,2,1282,1282,1,3,36,2,0,0,0,0
1289436,3,2022,2022,8,5,8,22,31,82,34609,0,1,10,-33.823843,151.200917,49,0,2,1,3,2,0,3,3,2,7,50,0,14295,14295,3,5,36,2,0,0,0,0
1289441,3,2022,2022,0,0,11,33,10,7,34609,0,1,1,-28.586599,153.467762,10,2,1,0,3,0,3,4,0,0,7,80,0,3775,3775,0,10,0,2,0,0,0,0
1289447,3,2022,2022,0,2,5,4,27,10,34609,0,1,1,-36.386207,149.87627,5,1,0,1,3,0,0,0,2,0,7,100,0,1945,1945,5,0,40,1,0,0,0,0
1289448,3,2022,2022,0,1,5,47,27,293,69,0,1,9,-33.94133,151.237284,59,0,2,1,3,0,0,0,2,0,9,50,1,14295,14295,3,16,0,2,0,0,0,0
1289449,3,2022,2022,0,2,6,34,27,41,34609,0,1,7,-35.130643,147.342672,75,2,1,1,3,0,0,0,2,0,0,60,0,6545,6545,4,5,5,2,0,0,0,0
1289450,3,2022,2022,0,6,6,8,27,119,6,0,1,1,-33.873416,151.163895,32,0,2,1,3,0,0,0,2,0,7,50,1,248,248,1,8,19,2,0,0,0,0
1289453,3,2022,2022,0,2,4,47,27,293,69,0,1,1,-33.942418,151.245085,59,0,2,1,3,0,3,4,2,0,7,60,1,1981,1981,4,5,0,2,0,0,0,0
1289455,3,2022,2022,8,1,0,27,27,251,222,0,1,10,-33.765769,150.958147,7,0,2,1,3,0,0,0,0,2,7,80,2,273,985,5,10,40,1,0,0,0,0
1289468,3,2022,2022,7,5,8,4,27,138,34609,0,1,1,-33.87547,151.25987,81,0,2,1,0,0,0,0,2,0,7,50,0,1282,1282,1,0,0,2,0,0,0,0
1289472,3,2022,2022,0,1,6,83,27,169,147,0,1,9,-28.656524,153.616356,10,2,1,1,1,0,0,0,2,0,0,50,1,256,256,4,10,0,2,0,0,0,0
1289473,3,2022,2022,8,3,6,89,36,49,81,0,1,1,-34.353099,148.689124,30,1,0,1,0,0,0,0,2,0,7,100,2,101,101,8,5,35,2,0,0,0,0
1289474,3,2022,2022,8,5,11,125,31,438,44,0,1,1,-33.843163,151.027296,21,0,2,1,1,0,0,0,0,0,7,60,1,3775,3775,0,5,5,4,0,0,0,0
1289498,3,2022,2022,8,5,8,4,27,4,34609,0,1,1,-29.645168,152.887095,18,2,1,1,1,0,0,0,3,0,7,80,0,83,83,5,10,40,1,0,0,0,0
1289502,3,2022,2022,0,2,10,9,27,39,34609,1,0,7,-32.733587,152.109891,57,2,1,1,3,0,0,3,0,0,0,50,0,9859,9859,8,9,40,1,0,0,0,0
1289503,3,2022,2022,0,6,10,11,27,5,34609,0,1,1,-37.136066,149.327178,65,1,0,0,3,0,3,4,0,0,7,100,0,1850,1463,5,3,40,1,0,0,0,0
1289504,3,2022,2022,0,4,7,481,17,8,483,0,1,1,-34.337866,147.027623,51,1,0,1,3,0,0,0,2,0,7,110,2,4026,4026,8,3,40,2,0,0,0,0
1289507,3,2022,2022,0,0,8,39,31,131,34609,0,1,10,-36.081315,146.920736,0,2,1,1,3,0,0,0,2,2,7,50,0,395,395,1,10,5,2,0,0,0,0
1289508,3,2022,2022,0,5,5,20,23,252,16,0,1,1,-33.932883,150.887084,41,0,2,1,3,0,3,0,2,0,7,60,1,9859,9859,1,9,12,2,0,0,0,0
1289509,3,2022,2022,8,6,9,478,17,96,480,0,1,7,-33.427653,151.395032,16,2,2,1,3,0,0,0,0,0,0,60,2,6545,6545,4,0,5,2,0,0,0,0
1289511,3,2022,2022,0,0,11,195,27,49,186,0,1,9,-33.917161,150.854267,41,0,2,1,3,0,0,0,0,2,7,70,2,1981,1981,4,9,5,2,0,0,0,0
1289513,3,2022,2022,0,2,2,109,27,460,92,0,1,1,-33.838079,150.997713,21,0,2,1,3,0,0,1,1,0,7,60,1,9859,9859,8,5,40,1,0,0,0,0