Crash ID,Degree of crash - detailed,Reporting year,Year of crash,Month of crash,Day of week of crash,Two-hour intervals,Street of crash,Street type,Town,Route no.,School zone location,School zone active,Type of location,Latitude,Longitude,LGA,Urbanisation,Conurbation 1,Alignment,Street lighting,Road surface,Surface condition,Weather,Natural lighting,Signals operation,Other traffic control,Speed limit,Road classification,RUM - code,DCA - code,First impact type,Key TU type,Other TU type,No. of traffic units involved,No. killed,No. seriously injured,No. moderately injured,No. minor-other injured
1289514,3,2022,2022,0,2,7,500,27,80,160,0,1,1,-33.98134,150.89799,13,0,2,0,3,0,3,3,2,0,7,60,2,14295,14295,3,10,5,2,0,0,0,0
1289517,3,2022,2022,0,2,4,57,27,337,47,0,1,9,-33.729828,150.996873,71,0,2,1,3,0,3,4,2,2,7,60,2,6545,6545,4,5,0,2,0,0,0,0
1289518,3,2022,2022,0,2,4,10,7,16,34609,0,1,1,-33.819321,151.087745,61,0,2,1,3,0,3,4,2,0,7,50,0,9859,9859,1,5,5,2,0,0,0,0
1289520,3,2022,2022,8,0,5,60,10,121,84,0,1,10,-28.200065,153.543967,72,2,1,1,3,0,0,3,2,2,7,60,1,3775,3775,0,5,5,2,0,0,0,0
1289523,3,2022,2022,0,0,2,100,31,179,34609,0,1,1,-33.765809,150.734341,55,0,2,1,3,0,0,0,1,0,7,50,0,14295,14295,3,5,13,3,0,0,0,0
1289524,3,2022,2022,0,0,9,125,27,108,123,0,1,7,-33.307163,151.415631,16,2,2,0,3,0,0,0,0,0,0,70,2,6545,6545,4,0,35,2,0,0,0,0
1289527,3,2022,2022,8,1,3,3371,17,58,3342,0,1,7,-32.781707,151.739358,57,2,1,1,3,0,0,0,2,0,0,70,2,5929,5929,1,5,5,2,0,0,0,0
1289530,3,2022,2022,0,0,9,5,27,21,34609,0,1,1,-33.641369,151.111232,31,0,2,1,3,0,0,0,2,0,7,50,0,4026,4026,8,30,40,1,0,0,0,0
1289532,3,2022,2022,3,5,9,19,27,210,34609,0,1,1,-34.040817,151.092817,68,0,2,1,2,0,3,4,3,0,7,50,0,9859,9859,1,16,0,2,0,0,0,0
1289539,3,2022,2022,0,4,5,125,27,443,34609,0,1,1,-33.901618,151.049224,15,0,2,1,1,0,0,0,2,0,7,60,0,9859,9859,1,9,0,2,0,0,0,0
1289540,3,2022,2022,0,1,3,177,22,70,176,0,1,2,-34.031986,151.080473,68,0,2,1,0,0,0,0,1,0,7,60,2,190,190,1,0,5,2,0,0,0,0
1289543,3,2022,2022,0,2,5,109,27,44,169,0,1,9,-32.820866,151.42055,17,2,1,1,3,0,0,0,2,0,0,60,2,387,387,1,0,13,2,0,0,0,0
1289555,3,2022,2022,7,1,7,4,27,7,5,0,1,1,-35.667443,147.948045,66,1,0,0,3,0,0,0,2,0,8,100,1,4552,5151,8,3,40,1,0,0,0,0
1289571,3,2022,2022,0,4,8,6,23,109,34609,0,1,1,-33.970865,150.859281,41,0,2,1,0,0,0,0,2,0,7,50,0,14295,14295,3,30,5,2,0,0,0,0
1289586,3,2022,2022,7,0,10,60,27,40,167,0,1,2,-34.015053,151.124177,68,0,2,1,0,0,3,4,0,0,7,80,2,14295,14295,3,10,5,2,0,0,0,0
1289598,3,2022,2022,0,1,9,112,27,6,769,0,1,1,-33.519055,150.29851,8,1,2,0,1,0,0,0,0,0,7,100,2,14295,14295,3,0,40,2,0,0,0,0
1289601,3,2022,2022,0,4,6,2261,17,523,2252,0,1,9,-33.915222,150.920686,41,0,2,0,1,0,3,4,2,1,7,60,2,395,395,1,29,0,2,0,0,0,0
1289622,3,2022,2022,3,0,4,2209,17,130,2205,0,1,9,-34.45618,150.843619,80,0,2,1,1,0,3,4,2,2,7,60,1,5929,5929,1,5,0,2,0,0,0,0
1289628,3,2022,2022,3,6,5,16,31,253,27,0,1,10,-33.966923,151.113179,25,0,2,1,2,0,0,0,2,2,9,60,1,5929,5929,1,30,5,2,0,0,0,0
1289631,3,2022,2022,7,6,7,52,10,23,34609,0,1,1,-34.390894,150.864982,80,0,2,1,0,0,0,0,2,0,7,50,0,1282,1282,1,33,5,2,0,0,0,0
1289641,3,2022,2022,7,2,11,13,7,22,34609,0,1,1,-33.795514,151.269333,50,0,2,1,2,0,0,0,0,0,7,50,0,4026,4026,1,5,5,2,0,0,0,0
1289644,3,2022,2022,0,0,7,19,31,532,34609,0,1,9,-33.874592,151.204325,69,0,2,1,1,0,3,4,2,0,7,40,0,248,248,1,16,19,2,0,0,0,0
1289645,3,2022,2022,0,2,5,515,14,55,518,0,1,3,-33.94162,150.901359,41,0,2,1,0,0,0,0,2,0,7,100,2,1383,1383,1,33,5,2,0,0,0,0
1289653,3,2022,2022,8,5,9,23,27,4,34609,0,1,1,-28.767559,153.441547,39,2,1,0,3,0,3,0,3,0,7,80,0,1957,4009,8,5,40,1,0,0,0,0
1289654,3,2022,2022,8,6,0,1,7,54,34609,0,1,9,-28.510721,153.534771,10,2,1,0,3,0,3,0,0,0,7,50,0,1957,777,1,5,0,4,0,0,0,0
1289655,3,2022,2022,8,4,7,23,31,107,34609,1,0,10,-29.693134,152.934043,18,2,1,1,3,0,3,3,2,0,0,50,0,9859,9859,1,5,5,3,0,0,0,0
1289658,3,2022,2022,0,1,8,74,27,130,59,0,1,7,-34.456543,150.859624,80,0,2,1,0,0,0,3,2,0,0,80,2,1282,1282,1,3,5,2,0,0,0,0
1289664,3,2022,2022,0,5,8,89,36,6,81,0,1,9,-33.561509,148.378623,51,1,0,1,3,0,0,0,3,0,7,100,2,1850,985,5,29,40,1,0,0,0,0
1289666,3,2022,2022,0,1,5,7,31,226,34609,0,1,1,-33.771413,150.819191,7,0,2,1,3,0,0,0,2,0,7,50,0,9859,9859,1,5,36,2,0,0,0,0
1289669,3,2022,2022,0,6,2,35,2,31,34609,0,1,1,-34.592274,150.867738,62,0,2,0,3,0,0,0,1,0,7,50,0,4552,5151,1,5,13,3,0,0,0,0
1289670,3,2022,2022,0,0,7,112,27,79,769,1,0,1,-33.571394,150.707054,29,2,2,0,3,0,3,4,2,0,7,80,2,4552,5151,8,10,40,1,0,0,0,0
1289672,3,2022,2022,8,0,2,123,36,3,49,0,1,1,-30.286918,151.196855,51,1,0,1,3,0,3,6,0,0,7,100,1,9859,9859,8,9,40,1,0,0,0,0
1289677,3,2022,2022,0,2,2,67,27,157,55,0,1,2,-34.021784,151.106923,68,0,2,1,3,0,0,0,0,0,7,70,2,9859,9859,1,5,5,4,0,0,0,0
1289678,3,2022,2022,8,5,7,11,31,91,34609,0,1,1,-32.79903,151.653539,48,0,2,1,3,0,0,0,2,0,7,50,0,4026,4026,1,5,13,2,0,0,0,0
1289681,3,2022,2022,8,3,7,15,23,433,34609,0,1,7,-33.259212,149.112924,52,2,1,0,3,0,0,0,2,0,0,80,0,515,515,1,0,13,2,0,0,0,0
1289682,3,2022,2022,4,1,3,1104,14,247,962,0,1,3,-33.815274,150.960288,21,0,2,1,3,0,0,0,1,0,7,90,2,404,404,8,5,40,1,0,0,0,0
1289688,3,2022,2022,8,5,5,330,27,53,605,0,1,2,-33.724989,151.299002,50,0,2,1,3,0,0,0,2,0,7,60,2,14295,14295,3,5,22,2,0,0,0,0
1289690,3,2022,2022,8,4,9,4,27,32,34609,0,1,1,-32.155144,150.23513,73,1,0,0,3,0,3,4,3,0,7,100,0,4552,5151,8,0,40,1,0,0,0,0
1289692,3,2022,2022,0,1,11,2,25,53,34609,0,1,1,-33.934855,150.835165,41,0,2,1,3,0,0,0,0,0,7,50,0,9859,9859,8,0,40,1,0,0,0,0
1289722,3,2022,2022,3,0,9,109,27,71,106,0,1,10,-33.833935,150.977123,21,0,2,1,1,0,0,3,2,2,7,60,1,6545,6545,4,5,5,2,0,0,0,0
1289726,3,2022,2022,0,6,10,4,31,135,34609,0,1,1,-32.898293,151.743689,48,0,2,1,1,0,3,0,0,0,7,50,0,9859,9859,1,10,5,4,0,0,0,0
1289739,3,2022,2022,0,3,0,92,31,70,34609,0,1,1,-32.740741,151.564966,42,2,1,0,3,0,0,0,0,0,7,50,0,2585,4009,8,5,40,1,0,0,0,0
1289756,3,2022,2022,3,1,5,485,27,50,769,1,0,10,-33.64628,150.858728,29,2,2,1,1,0,0,0,2,2,7,80,1,14295,14295,3,5,13,3,0,0,0,0
1289778,3,2022,2022,7,5,10,2,31,284,34609,0,1,4,-33.899906,151.022476,15,0,2,0,2,0,3,4,0,0,7,50,0,2585,4009,8,5,40,1,0,0,0,0
1289780,3,2022,2022,7,2,9,9,31,166,34609,0,1,1,-33.423341,149.58476,3,2,1,1,2,0,3,4,0,0,7,60,0,9859,9859,1,5,5,3,0,0,0,0
1289810,3,2022,2022,0,3,2,67,27,65,52,0,1,1,-30.362069,153.077087,19,2,1,1,2,0,3,3,0,0,7,60,1,9859,9859,8,0,40,1,0,0,0,0
1289813,3,2022,2022,8,3,10,112,17,207,112,0,1,1,-31.896963,141.598314,51,1,0,0,3,0,0,0,0,0,7,110,2,1850,1463,5,29,40,1,0,0,0,0
1289817,3,2022,2022,8,6,10,9,31,215,34609,0,1,1,-35.100676,147.361968,75,2,1,1,2,0,3,4,0,0,7,60,0,4026,4026,1,30,36,2,0,0,0,0
1289821,3,2022,2022,8,4,10,334,31,179,34609,0,1,1,-31.899289,152.477748,43,2,1,1,2,0,3,4,0,0,7,50,0,9859,9859,1,5,6,2,0,0,0,0
1289823,3,2022,2022,0,2,4,126,27,23,168,0,1,9,-34.060933,150.783518,13,0,2,1,2,0,0,0,2,2,7,80,2,926,926,4,5,5,2,0,0,0,0
1289833,3,2022,2022,8,3,7,35,10,463,34609,0,1,1,-30.304198,153.136432,19,2,1,1,0,0,0,0,2,0,7,50,0,248,248,1,33,5,2,0,0,0,0
1289842,3,2022,2022,8,1,5,44,27,304,21,0,1,9,-33.901902,151.162546,32,0,2,1,0,0,0,0,2,0,7,50,1,387,387,1,33,0,2,0,0,0,0
1289844,3,2022,2022,8,5,9,107,22,293,34609,0,1,1,-33.92573,151.056714,15,0,2,1,2,0,0,0,0,0,7,50,0,248,248,1,5,18,2,0,0,0,0
1289853,3,2022,2022,7,2,10,1,1,12,34609,0,1,1,-33.972036,151.049548,25,0,2,1,0,2,0,0,0,0,7,40,0,4026,4026,1,5,5,2,0,0,0,0
1289857,3,2022,2022,7,3,5,42,27,33,56,0,1,1,-33.897864,151.242434,76,0,2,1,3,0,0,0,2,0,7,50,1,3,3,6,0,0,2,0,0,0,0
1289860,3,2022,2022,8,4,0,515,14,197,518,0,1,6,-33.943265,151.077477,15,0,2,0,3,0,0,0,0,0,7,60,2,4552,5151,8,0,40,1,0,0,0,0
1289862,3,2022,2022,8,0,3,68,27,110,67,1,0,9,-33.775038,151.023814,54,0,2,0,3,0,0,0,2,0,15,60,1,2852,2852,4,5,5,2,0,0,0,0
1289864,3,2022,2022,8,0,11,1,27,12,34609,0,1,1,-35.04348,147.352096,75,1,0,1,3,2,0,0,0,0,7,100,0,4026,4026,8,0,40,1,0,0,0,0
1289866,3,2022,2022,8,0,0,1,10,62,34609,0,1,1,-33.743546,151.258268,50,0,2,1,3,0,0,0,0,0,7,50,0,9859,9859,1,5,13,2,0,0,0,0
1289870,3,2022,2022,8,5,7,19,27,438,34609,0,1,1,-33.873843,151.024002,21,0,2,1,3,0,0,0,2,0,7,50,0,3775,3775,0,8,5,2,0,0,0,0
1289871,3,2022,2022,0,0,6,334,17,6,308,0,1,1,-30.960483,151.386006,51,1,0,1,3,0,0,3,2,0,7,100,2,1945,1945,5,9,40,1,0,0,0,0
1289872,3,2022,2022,8,0,7,7,23,115,165,1,2,9,-33.956304,151.061748,25,0,2,1,3,0,0,0,2,0,7,40,1,1957,777,1,19,5,2,0,0,0,0
1289875,3,2022,2022,8,5,4,1,31,46,34609,0,1,9,-33.785311,150.972316,54,0,2,1,3,0,0,3,2,0,7,50,0,2852,2852,4,5,5,2,0,0,0,0
1289876,3,2022,2022,0,0,1,123,36,7,90,0,1,1,-31.610341,151.763567,43,1,0,1,3,0,0,6,0,0,7,90,1,1089,1089,7,5,40,1,0,0,0,0
1289877,3,2022,2022,8,5,8,13,27,95,34609,0,1,9,-34.39433,150.89416,80,0,2,1,3,0,0,0,2,0,15,50,0,2852,2852,4,8,5,2,0,0,0,0
1289878,3,2022,2022,8,3,7,41,27,58,80,0,1,9,-32.976604,151.67125,37,0,2,1,3,0,0,0,2,0,15,60,1,5929,5929,1,0,0,2,0,0,0,0
1289879,3,2022,2022,8,2,10,195,27,49,186,0,1,2,-33.918013,150.853707,41,0,2,1,3,0,0,0,0,0,7,70,2,14295,14295,3,10,0,3,0,0,0,0
1289894,3,2022,2022,0,0,10,11,31,273,34609,0,1,7,-34.433501,150.892385,80,0,2,1,2,0,0,0,0,0,0,50,0,6545,6545,4,0,5,2,0,0,0,0
1289895,3,2022,2022,0,4,10,1052,14,149,928,0,1,3,-33.336442,151.375254,16,1,2,0,0,0,0,0,0,0,7,110,2,1282,1282,1,5,5,2,0,0,0,0
1289902,3,2022,2022,8,3,3,37,27,25,52,0,1,1,-33.871168,150.620212,79,2,2,0,3,0,0,0,1,0,7,60,1,1259,5151,8,5,40,1,0,0,0,0
1289905,3,2022,2022,0,0,6,205,27,161,415,0,1,9,-33.7271,151.166077,36,0,2,1,3,0,3,3,2,0,15,60,2,9859,9859,8,29,40,1,0,0,0,0
1289907,3,2022,2022,3,5,3,123,1,71,34609,0,1,1,-33.971907,151.082943,25,0,2,1,0,0,0,0,2,0,7,50,0,1282,1282,1,33,0,2,0,0,0,0
1289909,3,2022,2022,7,3,6,8,27,61,4,0,1,10,-35.555221,144.91004,51,1,0,0,3,0,0,0,2,0,7,100,1,1850,1463,5,10,40,1,0,0,0,0
1289911,3,2022,2022,0,0,7,97,17,61,88,0,1,2,-35.205342,149.200823,58,1,0,0,3,0,0,0,2,0,7,110,2,2585,4009,8,5,40,1,0,0,0,0
1289913,3,2022,2022,8,3,1,2,31,57,34609,0,1,9,-34.684062,150.849348,35,2,1,1,3,0,0,0,0,0,7,50,0,9859,9859,1,5,40,2,0,0,0,0
1289915,3,2022,2022,0,3,5,15,27,5,34609,0,1,1,-33.15663,149.24491,11,1,0,0,3,0,0,0,2,0,7,100,0,4552,5151,8,30,40,1,0,0,0,0
1289916,3,2022,2022,8,3,7,177,31,174,208,0,1,7,-33.860622,150.927657,24,0,2,0,1,0,0,0,2,0,0,60,1,395,395,1,0,5,2,0,0,0,0
1289917,3,2022,2022,8,4,8,8,27,7,34609,0,1,1,-35.250934,148.25172,66,1,0,0,3,0,3,4,2,0,7,100,0,1850,1463,5,5,40,1,0,0,0,0
1289927,3,2022,2022,0,0,0,916,17,5,917,0,1,1,-29.963672,151.723444,51,1,0,0,0,0,0,0,0,0,7,100,2,4552,5151,8,3,40,1,0,0,0,0
1289929,3,2022,2022,8,2,10,9,1,271,11,0,1,7,-33.95113,151.02536,15,0,2,1,2,0,0,0,0,0,0,50,1,5929,5929,1,33,12,2,0,0,0,0
1289931,3,2022,2022,7,3,5,36,27,438,25,0,1,10,-33.848217,151.021454,21,0,2,1,1,0,0,0,2,2,7,50,1,9859,9859,8,5,40,1,0,0,0,0
1289943,3,2022,2022,0,1,3,120,36,9,148,0,1,1,-30.353391,152.437248,18,1,0,0,0,0,3,0,2,0,7,100,2,4552,5151,8,0,40,1,0,0,0,0
1289953,3,2022,2022,8,5,10,265,17,17,193,0,1,1,-35.77543,147.008124,27,1,0,1,3,0,0,0,0,0,7,100,2,1089,1089,7,10,40,1,0,0,0,0
1289954,3,2022,2022,8,1,1,99,31,237,105,0,1,10,-33.876606,150.943161,24,0,2,1,3,0,0,0,0,0,15,60,1,6545,6545,4,5,5,2,0,0,0,0
1289956,3,2022,2021,9,4,3,34,27,5,34609,0,1,1,-28.742961,153.498407,2,2,1,0,3,0,3,0,2,0,7,80,0,3775,3775,0,8,41,2,0,0,0,0
1289958,3,2022,2022,8,0,9,153,27,290,147,0,1,9,-33.949352,151.116228,4,0,2,1,3,0,0,0,3,0,0,60,2,14295,14295,3,29,12,3,0,0,0,0
1289962,3,2022,2022,8,2,5,12,27,39,39,0,1,1,-33.562932,150.838627,29,2,2,1,3,0,0,0,2,0,7,60,2,14295,14295,3,34,0,2,0,0,0,0
1289964,3,2022,2022,8,2,8,2209,17,33,2205,0,1,2,-34.77269,150.68884,63,1,0,0,3,0,0,0,2,0,7,100,2,1192,1192,1,0,13,2,0,0,0,0
1289965,3,2022,2022,0,4,9,165,31,112,34609,0,1,1,-33.614388,150.811907,29,2,2,0,2,0,0,0,0,0,7,50,0,84,84,8,9,40,1,0,0,0,0
1289966,3,2022,2022,8,4,4,6,27,54,36,0,1,10,-33.610803,150.861992,29,2,2,1,3,0,3,4,2,0,15,70,1,301,301,4,5,5,2,0,0,0,0
1289970,3,2022,2022,8,4,11,346,17,103,332,0,1,1,-28.811123,153.340336,39,2,1,0,2,0,3,3,0,0,7,60,2,4552,5151,8,5,40,1,0,0,0,0
1289971,3,2022,2022,0,1,7,3371,17,27,3342,0,1,7,-30.134732,153.193428,19,2,1,0,0,0,0,3,2,0,0,60,2,2585,4009,8,5,40,1,0,0,0,0
1289973,3,2022,2022,8,5,7,15,31,87,72,0,1,1,-28.802024,153.288403,39,2,1,1,0,0,3,3,2,0,7,60,2,14295,14295,3,0,0,3,0,0,0,0
1289975,3,2022,2022,8,6,10,1,1,137,34609,0,1,9,-32.964058,151.680163,37,0,2,0,2,0,3,4,0,0,7,50,0,1957,4009,8,10,40,1,0,0,0,0
1289979,3,2022,2022,0,3,10,293,1,96,34609,0,1,1,-34.063552,150.836744,13,0,2,1,0,0,0,0,0,0,7,60,0,9859,9859,1,0,5,2,0,0,0,0
1289981,3,2022,2022,8,0,8,1052,14,36,928,0,1,3,-33.426931,151.227115,16,1,2,0,0,0,0,0,3,0,7,110,2,14295,14295,3,5,0,2,0,0,0,0
1289982,3,2022,2022,8,5,3,7,31,49,34609,0,1,9,-32.98913,151.678885,37,0,2,1,1,0,3,0,2,0,7,60,0,782,985,5,5,40,1,0,0,0,0
1289986,3,2022,2021,11,0,8,2,27,8,41,0,1,1,-29.059989,153.312982,60,1,0,1,0,0,0,0,2,0,7,100,1,9859,9859,8,10,40,1,0,0,0,0
1289991,3,2022,2022,0,0,3,37,27,68,34609,0,1,10,-34.095988,150.997637,68,0,2,1,1,0,0,0,2,0,0,50,0,14295,14295,3,29,13,2,0,0,0,0
1289993,3,2022,2022,7,5,3,191,17,32,189,0,1,1,-32.12509,150.262852,73,1,0,0,3,0,3,4,2,0,7,100,2,1957,4009,1,8,10,2,0,0,0,0
1289994,3,2022,2022,0,3,10,23,27,32,47,0,1,1,-34.61102,150.666865,78,2,1,1,3,0,3,4,0,0,7,80,1,9859,9859,8,30,40,1,0,0,0,0
1289995,3,2022,2022,8,5,8,16,1,24,25,0,1,9,-33.626662,150.836948,29,2,2,1,3,0,0,0,0,0,7,60,2,14295,14295,3,5,0,2,0,0,0,0
1289998,3,2022,2022,8,4,7,387,27,91,331,1,2,10,-33.963344,151.086748,25,0,2,1,3,0,3,4,2,2,7,40,2,6545,6545,4,5,36,2,0,0,0,0
1289999,3,2022,2022,8,2,0,1,27,12,34609,0,1,1,-33.510731,151.401077,16,2,2,0,3,0,0,0,0,0,7,80,0,404,404,8,5,40,1,0,0,0,0
1290000,3,2022,2022,8,6,8,3,27,31,39,0,1,1,-31.004834,148.272829,51,1,0,1,3,0,3,4,2,0,7,100,1,475,475,5,0,40,1,0,0,0,0
1290001,3,2022,2022,8,0,8,1,2,60,34609,0,1,2,-33.760646,150.735637,55,0,2,0,3,0,0,0,2,0,7,50,0,1957,4009,1,0,41,2,0,0,0,0
1290005,3,2022,2022,8,1,10,126,1,32,144,0,1,7,-33.756222,150.818864,7,0,2,1,3,0,3,4,0,0,0,60,2,5929,5929,1,5,13,2,0,0,0,0
1290007,3,2022,2021,2,5,7,11,7,74,34609,0,1,1,-34.436277,150.858689,80,0,2,1,3,0,0,0,2,0,7,50,0,4026,4026,1,30,5,3,0,0,0,0
1290009,3,2022,2022,8,1,5,5,1,58,34609,0,1,1,-34.410831,150.893823,80,0,2,0,3,0,0,0,2,0,7,50,0,4552,5151,1,5,5,2,0,0,0,0
1290010,3,2022,2022,0,2,4,51,31,50,34609,0,1,9,-34.341325,150.909366,80,0,2,1,1,0,0,0,2,0,15,50,0,256,256,4,10,12,2,0,0,0,0
1290025,3,2022,2022,8,3,10,162,31,65,122,0,1,2,-34.486727,150.887693,80,0,2,1,2,0,0,0,0,0,7,60,2,4026,4026,8,5,40,1,0,0,0,0
1290028,3,2022,2022,0,0,0,123,23,136,34609,0,1,1,-32.92529,151.708372,48,0,2,1,2,0,0,0,0,0,7,50,0,475,475,5,5,40,1,0,0,0,0
1290048,3,2022,2022,8,3,8,251,27,29,212,0,1,9,-33.755665,151.275662,50,0,2,1,3,0,0,0,3,0,15,70,2,2852,2852,4,5,12,2,0,0,0,0
1290054,3,2022,2022,8,4,9,1104,14,45,962,0,1,3,-33.791471,150.810622,55,0,2,1,2,0,0,0,0,0,7,110,2,9859,9859,8,10,40,1,0,0,0,0
1290062,3,2022,2022,8,0,9,3371,17,25,3342,0,1,2,-32.85949,151.704864,48,0,2,1,2,0,0,0,0,2,7,80,2,1109,397,1,33,5,2,0,0,0,0
1290073,3,2022,2022,4,5,11,2,31,179,34609,0,1,1,-31.898725,152.455944,43,2,1,1,2,0,0,0,0,0,7,50,0,9859,9859,8,10,40,1,0,0,0,0
1290075,3,2022,2022,0,3,0,42,36,33,18,0,1,9,-36.451274,148.610301,65,1,0,0,2,0,3,4,0,0,15,100,1,4552,5151,8,5,40,1,0,0,0,0
1290086,3,2022,2022,0,0,1,9,31,41,34609,0,1,1,-33.821019,151.009181,54,0,2,1,2,0,0,0,0,0,7,40,0,9859,9859,1,0,0,2,0,0,0,0
1290089,3,2022,2022,0,0,9,133,10,25,121,0,1,1,-31.536813,152.868203,56,1,0,1,0,0,0,0,0,0,7,100,1,3775,3775,0,10,13,2,0,0,0,0
1290100,3,2022,2022,8,4,8,18,31,166,34609,0,1,1,-33.419268,149.583471,3,2,1,1,2,0,3,4,3,0,7,50,0,1109,787,1,5,5,2,0,0,0,0
1290109,3,2022,2022,7,4,8,21,27,7,34609,0,1,1,-33.227431,151.297392,16,2,2,0,0,0,3,3,0,0,7,60,0,4552,5151,8,30,40,1,0,0,0,0
1290113,3,2022,2022,8,3,11,265,17,103,193,0,1,9,-34.313466,148.295555,30,2,1,1,2,0,0,0,0,0,0,50,2,489,489,8,0,40,1,0,0,0,0
1290122,3,2022,2022,8,1,6,117,1,176,35,0,1,10,-33.964837,151.140788,4,0,2,1,3,0,3,4,2,0,0,60,2,6545,6545,4,5,5,2,0,0,0,0
1290124,3,2022,2021,9,6,6,9,27,49,45,0,1,9,-34.448153,148.778743,30,1,0,1,3,0,0,0,2,0,7,100,1,945,945,5,8,40,1,0,0,0,0
1290125,3,2022,2022,8,4,8,2,31,11,34609,0,1,1,-32.854462,151.326208,17,2,1,1,3,0,3,4,2,0,7,50,0,1981,1981,4,10,5,3,0,0,0,0
1290126,3,2022,2022,8,4,4,2209,17,61,2205,0,1,9,-35.908325,150.081183,23,2,1,1,3,0,3,4,2,0,7,50,2,14295,14295,3,34,5,2,0,0,0,0
1290132,3,2022,2022,8,6,9,110,31,204,34609,0,1,1,-33.892754,150.934086,24,0,2,1,3,0,3,4,0,0,7,40,0,1981,1981,4,5,5,2,0,0,0,0
1290133,3,2022,2022,8,4,5,1052,14,160,928,0,1,3,-33.094716,151.466686,37,0,2,1,3,0,3,3,2,0,7,110,2,9859,9859,8,0,40,1,0,0,0,0
1290134,3,2022,2022,8,0,4,35,1,63,52,0,1,1,-33.734482,150.798837,7,0,2,1,3,0,0,0,2,0,7,60,1,1391,1391,1,5,10,2,0,0,0,0
1290135,3,2022,2022,8,1,9,62,10,92,62,1,0,7,-33.41169,151.349792,16,2,2,0,3,0,3,4,0,0,0,60,2,6545,6545,4,30,13,2,0,0,0,0
1290136,3,2022,2022,8,0,7,29,27,89,34609,0,1,1,-28.224426,153.545037,72,2,1,1,3,0,0,0,2,0,7,50,0,9859,9859,1,5,23,2,0,0,0,0
1290139,3,2022,2022,8,3,9,12,27,34,34609,0,1,1,-33.996926,150.758288,12,0,2,0,3,2,3,0,0,0,7,80,0,4552,5151,8,10,40,1,0,0,0,0
1290140,3,2022,2022,8,0,4,45,31,43,81,0,1,10,-32.176309,152.500098,43,2,1,1,3,0,0,0,2,0,0,50,2,1192,1192,1,30,5,2,0,0,0,0
1290141,3,2022,2022,8,4,9,2126,17,106,2149,0,1,2,-33.887474,151.173203,32,0,2,1,3,0,0,0,2,0,7,60,2,14295,14295,3,5,5,3,0,0,0,0
1290147,3,2022,2022,8,4,10,127,27,135,103,0,1,10,-32.900418,151.740677,48,0,2,1,3,0,3,4,0,2,7,60,1,5929,5929,1,5,5,2,0,0,0,0
1290148,3,2022,2022,0,0,10,14,27,14,34609,0,1,1,-34.408263,148.462726,30,1,0,0,3,0,0,0,0,0,7,100,0,4552,5151,8,5,40,1,0,0,0,0
1290151,3,2022,2022,0,2,1,5,27,82,34609,0,1,1,-34.368859,150.891122,80,0,2,1,0,0,3,3,0,0,7,50,0,9859,9859,1,0,5,2,0,0,0,0
1290154,3,2022,2022,8,4,4,7,27,290,34609,0,1,1,-33.946297,151.122726,4,0,2,0,3,0,0,0,2,0,7,50,0,4552,5151,1,21,25,2,0,0,0,0
1290162,3,2022,2022,8,0,7,1104,14,41,962,0,1,3,-33.826878,151.01076,54,0,2,0,3,0,0,3,2,0,7,90,2,404,404,8,0,40,1,0,0,0,0
1290166,3,2022,2022,8,2,7,1052,14,207,928,0,1,3,-33.543128,151.197518,31,0,2,1,3,0,0,0,2,0,7,110,2,14295,14295,3,0,5,3,0,0,0,0
1290168,3,2022,2022,8,3,6,255,27,103,76,0,1,9,-32.940788,151.668808,37,0,2,1,3,0,0,0,2,0,7,60,1,14295,14295,3,5,5,2,0,0,0,0
1290169,3,2022,2022,8,1,4,10,31,445,34609,0,1,10,-33.856155,151.050339,21,0,2,1,3,0,3,4,2,0,15,50,0,6545,6545,4,0,12,2,0,0,0,0
1290172,3,2022,2022,8,0,3,10,10,41,34609,0,1,1,-35.13429,147.373107,75,2,1,0,3,0,3,4,2,0,7,50,0,1850,1463,5,30,40,1,0,0,0,0
1290173,3,2022,2022,3,4,7,8,27,4,5,0,1,9,-34.153678,150.553488,79,2,2,0,3,0,0,0,2,0,0,80,1,5929,5929,1,5,5,3,0,0,0,0
1290174,3,2022,2022,8,3,4,2,31,204,34609,0,1,1,-33.899368,150.932409,24,0,2,1,3,0,0,0,2,0,7,50,0,4026,4026,1,0,10,2,0,0,0,0
1290175,3,2022,2022,8,0,6,2261,17,68,2252,0,1,2,-34.766378,148.764222,82,1,0,1,3,0,0,0,2,0,7,110,2,945,945,5,0,40,1,0,0,0,0
1290179,3,2022,2022,8,1,4,10,27,309,34609,1,2,1,-33.806815,151.124411,61,0,2,1,3,0,0,0,2,0,7,40,0,9859,9859,1,0,5,3,0,0,0,0
1290184,3,2022,2022,8,2,2,19,27,73,34609,0,1,1,-33.702502,150.698752,55,0,2,1,1,0,3,2,1,0,7,50,0,945,945,5,5,40,1,0,0,0,0
1290190,3,2022,2022,0,6,6,866,27,438,34609,0,1,9,-33.846981,151.026108,21,0,2,1,1,0,3,4,2,0,15,50,0,6545,6545,4,33,36,3,0,0,0,0
1290211,3,2022,2022,3,1,6,829,27,363,770,0,1,6,-33.809909,151.022563,54,0,2,0,3,0,3,4,2,0,7,60,2,2585,4009,8,5,40,1,0,0,0,0
1290213,3,2022,2022,8,4,3,78,23,159,34609,0,1,1,-33.805284,151.090332,61,0,2,1,3,0,3,3,2,0,7,50,0,14295,14295,3,5,5,2,0,0,0,0