Crash ID,Degree of crash - detailed,Reporting year,Year of crash,Month of crash,Day of week of crash,Two-hour intervals,Street of crash,Street type,Town,Route no.,School zone location,School zone active,Type of location,Latitude,Longitude,LGA,Urbanisation,Conurbation 1,Alignment,Street lighting,Road surface,Surface condition,Weather,Natural lighting,Signals operation,Other traffic control,Speed limit,Road classification,RUM - code,DCA - code,First impact type,Key TU type,Other TU type,No. of traffic units involved,No. killed,No. seriously injured,No. moderately injured,No. minor-other injured
1290214,3,2022,2022,8,1,8,4,31,74,34609,0,1,9,-33.765239,150.683418,55,0,2,1,3,0,3,3,3,0,7,50,0,4552,985,1,5,5,3,0,0,0,0
1290215,3,2022,2022,8,3,7,7,27,25,34609,0,1,1,-30.68222,151.118576,70,1,0,1,3,2,0,0,2,0,7,100,0,945,945,5,0,40,1,0,0,0,0
1290217,3,2022,2022,8,0,4,3371,17,19,3342,0,1,7,-28.824479,153.526075,2,2,1,0,3,0,0,0,2,0,0,60,2,1282,1282,1,0,0,2,0,0,0,0
1290218,3,2022,2022,8,2,6,196,10,32,168,0,1,1,-33.924123,150.977249,15,0,2,1,3,0,0,0,2,0,7,60,2,14295,14295,3,30,5,3,0,0,0,0
1290221,3,2022,2022,8,6,5,224,27,49,321,0,1,2,-33.96125,151.21436,4,0,2,0,3,0,0,0,2,0,7,50,2,1391,1391,1,9,5,3,0,0,0,0
1290223,3,2022,2022,8,3,8,9,10,67,34609,0,1,1,-33.710027,150.90007,7,0,2,1,3,0,0,0,3,0,7,50,0,1981,1981,4,5,5,2,0,0,0,0
1290224,3,2022,2022,8,1,5,344,27,44,369,0,1,2,-33.742578,150.715801,55,0,2,1,3,0,3,4,2,0,9,70,2,1383,1383,1,0,10,2,0,0,0,0
1290226,3,2022,2022,8,2,3,10,31,224,34609,0,1,1,-33.825281,151.240389,45,0,2,1,3,0,0,0,1,0,7,40,0,387,387,1,5,5,2,0,0,0,0
1290227,3,2022,2022,8,2,7,1,27,10,34609,0,1,7,-34.010127,151.056238,68,0,2,1,3,0,0,0,2,0,0,50,0,5929,5929,1,5,5,2,0,0,0,0
1290229,3,2022,2022,8,3,9,829,27,130,770,0,1,2,-33.869521,151.18689,69,0,2,1,3,0,0,0,0,0,7,60,2,14295,14295,3,5,5,2,0,0,0,0
1290233,3,2022,2022,8,2,9,2261,17,32,2252,0,1,2,-34.831697,149.043772,82,1,0,0,3,0,0,0,3,0,7,110,2,1089,1089,7,5,40,1,0,0,0,0
1290234,3,2022,2022,8,2,4,220,27,251,222,0,1,2,-33.766638,150.958444,7,0,2,1,3,0,0,0,2,0,7,80,2,14295,14295,3,5,0,2,0,0,0,0
1290237,3,2022,2022,8,6,6,481,17,7,483,0,1,1,-31.421108,149.222285,51,1,0,0,3,0,3,4,2,0,7,100,2,380,714,5,3,40,1,0,0,0,0
1290238,3,2022,2022,8,0,8,48,27,70,166,0,1,9,-33.257167,151.509454,16,2,2,1,3,0,0,0,2,0,7,50,2,186,186,1,0,12,2,0,0,0,0
1290240,3,2022,2022,0,2,2,308,14,92,311,0,1,6,-33.755294,150.954049,71,0,2,0,2,0,3,3,0,0,7,60,2,2585,4009,8,0,40,1,0,0,0,0
1290256,3,2022,2022,8,1,6,515,14,197,518,0,1,3,-33.94321,151.07716,15,0,2,1,3,0,0,3,2,0,7,80,2,1282,1282,1,29,5,2,0,0,0,0
1290261,3,2022,2022,8,4,9,171,1,80,104,0,1,10,-33.940692,151.215546,4,0,2,1,3,0,0,3,0,2,7,60,2,9859,9859,1,5,5,2,0,0,0,0
1290264,3,2022,2022,8,6,4,34,31,123,34609,1,2,1,-33.82272,148.688568,51,2,1,1,3,0,0,0,2,0,7,40,0,9859,9859,1,5,5,2,0,0,0,0
1290269,3,2022,2022,8,6,6,1,27,96,34609,0,1,1,-33.481629,148.194313,51,1,0,1,3,2,3,3,2,0,7,100,0,380,714,5,5,40,1,0,0,0,0
1290271,3,2022,2022,8,4,3,12,27,56,12,0,1,2,-34.443524,150.867292,80,0,2,1,3,0,3,4,2,0,7,80,2,4026,4026,8,5,40,1,0,0,0,0
1290274,3,2022,2022,8,5,9,177,22,70,176,0,1,10,-34.032515,151.085562,68,0,2,1,3,0,0,0,0,2,7,60,2,5929,5929,1,5,13,2,0,0,0,0
1290277,3,2022,2022,7,6,8,3371,17,52,3342,0,1,1,-33.261736,151.457283,16,2,2,0,3,0,0,0,2,0,7,70,2,941,941,1,5,5,2,0,0,0,0
1290278,3,2022,2022,8,4,7,17,27,31,17,0,1,1,-35.145056,148.118636,20,1,0,0,3,0,3,4,2,0,7,100,2,782,957,5,0,40,1,0,0,0,0
1290280,3,2022,2022,8,2,5,2126,17,44,2149,0,1,2,-33.76315,150.632216,8,2,2,0,3,0,0,0,2,0,7,70,2,101,101,8,21,35,2,0,0,0,0
1290301,3,2022,2022,8,5,4,11,1,251,136,1,2,9,-33.776594,150.926053,7,0,2,1,0,0,0,0,2,0,7,40,2,775,775,4,0,10,2,0,0,0,0
1290311,3,2022,2022,0,6,8,2126,17,438,2149,0,1,10,-33.845063,151.042206,21,0,2,1,1,0,0,0,2,2,7,60,2,14295,14295,3,10,19,2,0,0,0,0
1290313,3,2022,2022,8,4,7,3,31,10,34609,0,1,1,-33.406718,149.549819,3,2,1,0,0,0,3,4,2,0,7,50,0,782,957,5,5,40,1,0,0,0,0
1290321,3,2022,2022,8,6,7,18,31,108,57,0,1,10,-28.862081,153.558117,2,2,1,1,1,0,3,4,2,0,0,60,1,301,301,4,5,0,2,0,0,0,0
1290333,3,2022,2022,0,3,9,232,36,40,331,0,1,10,-33.949955,150.838593,41,0,2,1,3,0,0,0,0,2,7,70,2,14295,14295,3,5,0,3,0,0,0,0
1290337,3,2022,2022,7,4,8,3371,17,65,3342,0,1,7,-30.391142,153.03571,19,2,1,1,3,0,3,4,2,0,7,60,2,9859,9859,8,5,40,1,0,0,0,0
1290358,3,2022,2022,3,3,2,1052,14,14,928,0,1,3,-33.204494,151.458247,16,1,2,1,3,0,3,4,0,0,7,110,2,404,404,8,5,40,1,0,0,0,0
1290359,3,2022,2022,3,3,2,1052,14,14,928,0,1,3,-33.204461,151.458279,16,1,2,1,3,0,3,4,0,0,7,110,2,404,404,8,33,40,1,0,0,0,0
1290377,3,2022,2022,7,6,3,1,23,79,34609,0,1,1,-33.818517,151.216253,49,0,2,0,0,0,3,3,2,0,7,50,0,1957,4009,1,5,0,4,0,0,0,0
1290421,3,2022,2022,0,4,10,9,27,6,34609,0,1,1,-35.047302,147.711409,51,1,0,1,0,0,0,0,0,0,7,100,0,9859,9859,8,5,40,1,0,0,0,0
1290449,3,2022,2022,3,3,10,294,17,7,288,0,1,1,-34.893136,146.618326,51,1,0,0,0,0,0,0,0,0,7,100,2,782,957,5,29,40,1,0,0,0,0
1290453,3,2022,2022,8,1,7,4,27,2,34609,0,1,1,-31.418136,152.779093,56,2,1,1,3,2,3,3,2,0,7,80,0,9859,9859,8,5,40,1,0,0,0,0
1290454,3,2022,2022,8,0,4,2261,17,96,2252,0,1,3,-34.223714,150.672901,79,1,2,1,3,0,3,4,2,0,7,110,2,237,162,8,5,40,1,0,0,0,0
1290455,3,2022,2022,8,2,1,103,36,5,103,0,1,1,-32.054371,151.95084,43,1,0,1,3,0,0,0,0,0,7,100,1,9859,9859,8,0,40,1,0,0,0,0
1290456,3,2022,2022,8,4,8,59,27,10,69,0,1,1,-34.090415,149.83336,51,1,0,0,3,0,3,4,3,0,7,100,1,1957,4009,8,5,40,1,0,0,0,0
1290463,3,2022,2022,8,5,9,12,27,76,34609,0,1,1,-33.915735,150.868475,41,0,2,1,3,0,0,0,0,0,7,50,0,9859,9859,1,5,5,3,0,0,0,0
1290465,3,2022,2022,8,1,8,478,17,96,480,0,1,7,-33.437669,151.383433,16,2,2,0,3,0,0,0,0,3,0,60,2,6545,6545,4,5,0,2,0,0,0,0
1290466,3,2022,2022,8,2,9,213,17,83,213,0,1,7,-29.705152,152.933347,18,2,1,1,3,0,3,3,0,0,0,50,2,6545,6545,4,5,5,2,0,0,0,0
1290468,3,2022,2022,8,0,9,220,27,104,222,0,1,2,-33.744207,150.948623,7,0,2,1,3,0,3,0,0,0,7,80,2,14295,14295,3,5,0,2,0,0,0,0
1290472,3,2022,2022,8,0,6,3371,17,44,3342,0,1,2,-30.567639,153.004028,47,1,0,0,3,0,0,3,2,0,7,110,2,4552,5151,8,5,40,1,0,0,0,0
1290473,3,2022,2022,8,4,8,512,17,562,441,0,1,10,-32.247998,148.593066,22,2,1,1,3,0,0,0,0,2,7,60,2,14295,14295,3,5,13,3,0,0,0,0
1290475,3,2022,2022,8,4,3,15,27,34,34609,0,1,1,-33.964421,150.761483,12,0,2,1,3,0,3,3,2,0,7,80,0,14295,14295,3,5,5,2,0,0,0,0
1290476,3,2022,2022,8,2,7,102,31,107,53,0,1,0,-33.883821,151.198398,69,0,2,1,3,0,0,0,2,0,7,50,2,14295,14295,3,5,5,2,0,0,0,0
1290477,3,2022,2022,7,4,9,7,1,293,34609,0,1,9,-33.943951,151.24421,59,0,2,0,3,0,3,4,2,0,15,50,0,1850,1463,5,10,40,1,0,0,0,0
1290478,3,2022,2022,8,4,9,18,24,67,34609,0,1,10,-33.712093,150.904357,7,0,2,1,3,0,0,0,0,2,7,60,0,301,301,4,10,5,3,0,0,0,0
1290492,3,2022,2022,8,2,6,829,27,149,770,0,1,2,-33.866768,151.17517,32,0,2,0,3,0,0,0,2,0,7,60,2,14295,14295,3,0,5,3,0,0,0,0
1290497,3,2022,2022,0,6,10,6,2,53,34609,0,1,1,-33.92067,150.849643,41,0,2,1,2,0,3,3,0,0,7,50,0,9859,9859,8,5,40,1,0,0,0,0
1290500,3,2022,2022,8,5,8,145,31,15,34609,0,1,9,-34.435373,150.877947,80,0,2,1,3,0,0,0,0,0,0,40,0,175,188,1,10,13,3,0,0,0,0
1290507,3,2022,2022,8,4,4,11,31,215,82,0,1,1,-35.117553,147.356185,75,2,1,1,3,0,3,4,2,0,7,50,1,1282,1282,1,0,5,3,0,0,0,0
1290510,3,2022,2022,8,2,6,866,17,187,793,0,1,2,-33.792402,150.996626,54,0,2,1,3,0,0,0,2,0,7,50,2,14295,14295,3,5,0,3,0,0,0,0
1290516,3,2022,2022,8,5,3,84,27,243,31,0,1,7,-33.947147,150.901703,41,0,2,0,3,0,0,0,1,0,0,60,1,1282,1282,1,5,5,2,0,0,0,0
1290517,3,2022,2022,8,5,7,2261,17,523,2252,0,1,10,-33.921966,150.918874,41,0,2,1,3,0,3,4,2,2,7,60,2,14295,14295,3,0,5,2,0,0,0,0
1290521,3,2022,2022,0,2,6,11,31,94,40,0,1,9,-33.832589,151.059299,54,0,2,1,3,0,0,0,2,0,0,60,1,2852,2852,4,0,22,2,0,0,0,0
1290522,3,2022,2022,8,2,10,7,10,23,34609,0,1,7,-32.867331,151.646424,48,0,2,1,3,0,0,0,0,0,0,50,0,404,404,8,5,40,1,0,0,0,0
1290523,3,2022,2022,8,1,7,230,27,47,284,0,1,2,-33.804722,151.147406,38,0,2,0,3,0,0,0,2,0,7,60,2,14295,14295,3,0,5,3,0,0,0,0
1290524,3,2022,2022,8,6,3,69,31,30,34609,0,1,1,-34.742316,146.553933,51,2,1,1,3,0,0,0,1,0,7,50,0,945,945,5,10,40,1,0,0,0,0
1290525,3,2022,2022,8,0,3,26,27,9,34609,0,1,7,-35.148027,147.339216,75,2,1,0,3,0,3,4,4,0,0,70,0,150,150,4,5,13,2,0,0,0,0
1290526,3,2022,2022,8,3,8,110,27,9,173,0,1,1,-34.400517,150.869112,80,0,2,0,3,0,3,4,3,0,7,80,2,2585,4009,8,5,40,1,0,0,0,0
1290527,3,2022,2022,8,6,8,13,31,463,62,0,1,1,-30.294288,153.106003,19,2,1,0,3,0,0,0,2,0,7,50,1,4552,5151,1,5,5,2,0,0,0,0
1290530,3,2022,2022,8,3,4,9,27,16,34609,0,1,9,-28.769959,153.336492,39,1,0,0,3,2,3,4,2,0,7,100,0,2585,4009,8,5,40,1,0,0,0,0
1290532,3,2022,2022,8,1,5,475,31,253,34609,0,1,1,-33.959885,151.099521,25,0,2,1,3,0,0,0,2,0,7,50,0,1957,777,8,5,40,1,0,0,0,0
1290534,3,2022,2022,8,3,7,17,31,176,33,0,1,7,-33.961006,151.129978,4,0,2,1,3,0,0,0,2,0,0,50,1,6545,6545,4,5,12,2,0,0,0,0
1290543,3,2022,2022,8,5,11,10,25,93,34609,0,1,1,-33.416212,149.610015,3,2,1,0,2,0,0,6,0,0,7,50,0,4552,5151,1,21,5,2,0,0,0,0
1290547,3,2022,2022,8,2,5,158,27,46,207,0,1,2,-33.876797,151.231219,81,0,2,1,3,0,0,0,2,0,7,60,2,14295,14295,3,5,5,2,0,0,0,0
1290550,3,2022,2022,8,6,8,26,10,370,68,0,1,9,-34.069679,150.800217,13,0,2,0,2,0,0,0,0,2,7,60,1,5929,5929,1,5,0,2,0,0,0,0
1290551,3,2022,2022,8,0,3,36,27,73,35,0,1,1,-33.89144,151.169052,32,0,2,1,1,0,3,3,2,0,7,50,1,9859,9859,1,5,36,3,0,0,0,0
1290556,3,2022,2022,8,3,10,7,31,90,34609,0,1,1,-33.712853,150.311835,8,2,2,1,2,0,0,0,0,0,7,50,0,9859,9859,1,5,25,2,0,0,0,0
1290559,3,2022,2022,0,5,3,485,27,134,769,0,1,9,-33.65404,150.869392,7,0,2,1,1,0,0,0,2,0,0,80,2,6545,6545,4,5,10,2,0,0,0,0
1290563,3,2022,2022,8,1,8,2261,17,148,2252,0,1,6,-36.053818,146.957578,0,1,0,1,1,0,0,0,2,0,7,110,2,101,101,8,0,40,2,0,0,0,0
1290567,3,2022,2022,8,4,3,171,27,37,369,0,1,1,-33.84015,150.684186,55,0,2,0,0,0,0,0,2,0,7,80,2,4552,5151,1,29,10,2,0,0,0,0
1290570,3,2022,2022,8,1,6,5,27,83,34609,0,1,9,-30.106534,153.188812,19,2,1,1,3,0,3,4,2,0,7,50,0,5929,5929,1,5,13,2,0,0,0,0
1290571,3,2022,2022,8,0,4,3371,17,31,3342,0,1,9,-30.336114,153.079836,19,2,1,1,3,0,0,0,2,0,15,60,2,6545,6545,4,5,13,2,0,0,0,0
1290573,3,2022,2022,8,0,9,16,27,316,120,0,1,1,-33.907294,151.249435,59,0,2,0,3,0,0,0,0,0,7,50,2,4552,5151,1,10,5,3,0,0,0,0
1290575,3,2022,2022,8,5,4,169,27,42,61,0,1,9,-33.827676,151.194983,38,0,2,1,3,0,0,0,2,0,15,50,1,1391,1391,1,0,0,2,0,0,0,0
1290580,3,2022,2022,7,5,3,296,27,92,293,0,1,9,-33.877246,150.980481,24,0,2,1,3,0,3,4,2,2,7,70,2,1192,1192,1,5,36,2,0,0,0,0
1290581,3,2022,2022,8,6,6,230,27,173,284,0,1,6,-33.788167,151.126768,61,0,2,1,3,0,0,0,2,0,7,70,2,1391,1391,1,29,5,2,0,0,0,0
1290582,3,2022,2021,2,0,7,1052,14,60,928,0,1,3,-33.432182,151.253613,16,1,2,1,3,0,0,0,2,0,7,110,2,14295,14295,3,10,0,5,0,0,0,0
1290583,3,2022,2022,8,1,5,23,10,25,34609,0,1,2,-32.896636,151.694335,48,0,2,0,3,0,0,0,2,0,7,60,0,14295,14295,3,0,19,2,0,0,0,0
1290585,3,2022,2022,8,5,6,7,31,115,34609,0,1,1,-33.749169,151.246207,50,0,2,1,3,0,0,0,2,0,7,50,0,387,387,1,0,5,2,0,0,0,0
1290597,3,2022,2022,0,6,0,192,10,84,114,0,1,2,-33.467934,151.38313,16,2,2,1,3,0,3,4,0,0,7,60,2,4026,4026,8,5,40,1,0,0,0,0
1290609,3,2022,2022,8,4,11,102,31,139,187,0,1,10,-33.875225,151.134613,32,0,2,1,2,0,0,3,0,2,7,60,2,14295,14295,3,33,0,2,0,0,0,0
1290617,3,2022,2022,8,5,6,125,27,22,144,0,1,1,-32.86204,151.795046,57,2,1,0,1,0,0,0,2,0,7,70,2,4552,985,8,0,40,1,0,0,0,0
1290631,3,2022,2022,3,6,3,2261,17,443,2252,0,1,10,-33.906002,151.040199,15,0,2,1,1,0,3,4,2,2,7,60,2,14295,14295,3,0,0,2,0,0,0,0
1290633,3,2022,2022,8,2,8,61,27,19,70,0,1,1,-33.680952,150.978753,71,0,2,1,1,0,0,0,2,0,7,70,1,9859,9859,1,33,36,2,0,0,0,0
1290639,3,2022,2022,8,0,8,15,31,13,34609,1,2,9,-33.814139,151.070525,54,0,2,1,3,0,0,3,2,0,7,40,0,63,63,4,0,5,2,0,0,0,0
1290641,3,2022,2022,8,5,9,6,7,26,34609,0,1,1,-31.192206,152.972437,34,2,1,1,3,0,0,0,3,0,7,50,0,4026,4026,1,5,0,2,0,0,0,0
1290647,3,2022,2022,0,0,8,251,14,79,124,0,1,3,-33.824466,151.210611,49,0,2,1,2,0,0,0,3,0,7,80,2,14295,14295,3,33,5,2,0,0,0,0
1290652,3,2022,2022,8,4,5,23,1,179,70,0,1,9,-31.905094,152.475809,43,2,1,0,1,0,3,4,2,0,0,60,1,926,926,4,5,22,2,0,0,0,0
1290671,3,2022,2022,8,4,0,1,31,137,34609,1,0,1,-32.967749,151.689179,37,0,2,0,2,0,3,3,0,0,7,50,0,2585,4009,1,33,0,3,0,0,0,0
1290674,3,2022,2022,0,0,9,1,9,157,34609,0,1,9,-33.801855,151.016083,54,0,2,1,2,0,0,0,0,0,7,50,0,1282,1282,1,5,40,1,0,0,0,0
1290680,3,2022,2022,8,0,3,3371,17,57,3342,0,1,9,-33.66155,151.125856,31,0,2,1,3,0,3,4,2,0,3,80,2,2852,2852,4,10,5,2,0,0,0,0
1290682,3,2022,2022,8,1,9,19,27,137,49,1,0,1,-33.898576,150.900077,24,0,2,1,3,0,0,0,0,0,7,50,1,14295,14295,3,5,5,2,0,0,0,0
1290683,3,2022,2022,8,6,11,1,27,10,34609,0,1,1,-35.513154,147.031057,27,2,1,1,3,0,0,1,0,0,7,50,0,9859,9859,8,5,40,1,0,0,0,0
1290684,3,2022,2022,7,0,0,38,27,43,70,0,1,9,-33.737355,150.789982,7,0,2,1,3,0,0,0,0,0,7,70,1,489,489,8,5,40,1,0,0,0,0
1290685,3,2022,2022,8,2,8,234,27,337,217,0,1,10,-33.743491,150.998624,71,0,2,1,3,0,0,0,2,2,7,60,2,5929,5929,1,5,0,2,0,0,0,0
1290686,3,2022,2022,0,0,8,110,31,19,49,0,1,9,-30.6377,151.498509,51,2,1,0,1,0,3,4,3,0,0,50,1,2585,4009,8,3,40,1,0,0,0,0
1290689,3,2022,2022,8,4,3,112,27,109,256,0,1,1,-33.970158,150.868312,41,0,2,1,3,0,0,0,2,0,7,80,2,14295,14295,3,5,5,4,0,0,0,0
1290690,3,2022,2022,8,5,2,3371,17,2,3342,0,1,2,-28.161773,153.49702,72,1,0,1,3,0,0,0,1,0,7,100,2,4026,4026,8,29,40,1,0,0,0,0
1290691,3,2022,2022,8,4,9,330,27,197,25,0,1,7,-33.806679,151.13824,61,0,2,1,3,0,3,4,0,0,0,60,1,14295,14295,3,5,5,2,0,0,0,0
1290693,3,2022,2022,8,3,9,3371,17,463,3342,0,1,2,-30.291301,153.119462,19,2,1,1,3,0,3,3,0,0,7,60,2,1981,1981,4,29,5,2,0,0,0,0
1290694,3,2022,2022,8,1,0,3371,17,21,3342,0,1,2,-31.629438,152.725602,56,1,0,0,3,0,0,0,0,0,7,110,2,1089,1089,7,9,40,1,0,0,0,0
1290695,3,2022,2022,8,0,5,255,27,41,34609,0,1,1,-32.963329,151.622789,37,0,2,1,3,0,3,4,2,0,7,60,0,1981,1981,4,30,13,2,0,0,0,0
1290696,3,2022,2022,8,1,3,175,27,609,220,0,1,2,-33.771094,150.91173,7,0,2,1,3,0,0,0,2,0,7,60,2,14295,14295,3,0,12,2,0,0,0,0
1290699,3,2022,2022,8,4,8,2126,17,36,2149,0,1,9,-33.808271,150.937209,21,0,2,1,3,0,0,0,4,2,7,80,2,14295,14295,3,5,5,2,0,0,0,0
1290702,3,2022,2022,0,2,6,3371,17,149,3342,0,1,2,-33.346657,151.370705,16,2,2,1,1,0,0,0,2,0,7,60,2,515,515,1,9,36,2,0,0,0,0
1290708,3,2022,2022,8,6,9,255,27,62,172,0,1,9,-32.924117,151.623843,37,0,2,1,2,0,3,4,0,2,7,60,2,5929,5929,1,3,36,2,0,0,0,0
1290713,3,2022,2022,0,3,11,7,27,26,34609,0,1,9,-33.274419,151.56309,16,2,2,1,2,0,0,0,0,0,7,50,0,489,489,8,10,40,1,0,0,0,0
1290732,3,2022,2022,8,5,11,1,36,65,34609,0,1,2,-36.047184,146.978929,0,2,1,0,1,0,0,0,0,0,7,50,0,1850,1463,5,5,40,1,0,0,0,0
1290738,3,2022,2022,8,6,6,8,31,107,34609,1,0,10,-29.68637,152.933792,18,2,1,1,1,0,0,0,2,0,0,50,0,6545,6545,4,33,13,2,0,0,0,0
1290741,3,2022,2022,8,4,8,36,31,314,38,0,1,9,-33.844842,150.923475,24,0,2,1,0,0,0,0,2,0,0,60,2,2852,2852,4,9,0,2,0,0,0,0
1290743,3,2022,2022,7,2,10,17,31,82,10,0,1,1,-33.822076,151.200317,77,0,2,1,2,0,0,0,3,0,7,50,1,9859,9859,1,30,5,2,0,0,0,0
1290744,3,2022,2022,0,5,1,16,31,14,34609,0,1,10,-33.304747,146.373766,51,2,1,1,0,0,0,0,0,0,7,50,0,4552,985,8,0,40,1,0,0,0,0
1290772,3,2022,2022,0,5,6,481,17,113,483,0,1,10,-29.471252,149.847749,51,2,1,1,0,0,0,0,2,2,7,60,2,6545,6545,4,5,2,2,0,0,0,0
1290773,3,2022,2022,8,6,10,6,27,6,34609,0,1,10,-34.864837,150.631059,63,2,1,1,1,0,3,3,0,0,15,50,0,4026,4026,8,5,40,1,0,0,0,0
1290775,3,2022,2022,8,3,10,13,1,137,34609,0,1,1,-33.919917,151.207043,69,0,2,1,0,0,0,0,0,0,7,40,0,9859,9859,1,5,5,2,0,0,0,0
1290786,3,2022,2022,8,2,1,265,17,7,193,0,1,7,-35.070204,147.380126,75,1,0,1,2,0,3,4,0,0,0,100,2,4026,4026,8,5,40,1,0,0,0,0
1290794,3,2022,2022,8,0,11,35,31,204,34609,0,1,1,-33.902229,150.94175,24,0,2,1,2,0,0,0,0,0,7,50,0,9859,9859,1,5,5,2,0,0,0,0
1290797,3,2022,2021,9,3,1,81,31,646,80,0,1,9,-33.914623,151.014008,15,0,2,1,2,0,0,0,0,0,15,60,1,323,323,1,0,0,3,0,0,0,0
1290805,3,2022,2022,8,2,4,192,10,57,114,0,1,7,-33.446087,151.372055,16,2,2,0,3,0,3,3,2,0,0,70,2,2585,4009,8,5,40,1,0,0,0,0
1290806,3,2022,2022,8,4,10,15,10,14,34609,0,1,1,-33.53656,151.284815,16,2,2,0,3,0,0,0,0,0,7,80,0,2585,4009,8,5,40,1,0,0,0,0
1290808,3,2022,2022,8,2,3,361,32,460,42,0,1,9,-33.847164,150.989761,21,0,2,1,1,0,0,0,2,0,7,50,1,4026,4026,8,10,40,1,0,0,0,0
1290813,3,2022,2022,8,1,9,2261,17,64,2252,1,0,2,-33.891806,151.083192,67,0,2,1,0,0,0,0,0,0,7,60,2,9859,9859,1,33,5,2,0,0,0,0
1290820,3,2022,2022,0,5,5,154,27,55,244,0,1,9,-33.904562,151.080604,67,0,2,1,3,0,0,0,2,0,7,60,2,14295,14295,3,0,5,4,0,0,0,0
1290821,3,2022,2022,8,4,8,1104,14,142,962,0,1,3,-33.826876,151.004637,54,0,2,1,3,0,0,0,3,0,7,90,2,14295,14295,3,5,0,2,0,0,0,0
1290824,3,2022,2022,8,6,4,43,22,438,44,0,1,9,-33.847183,151.030869,21,0,2,1,3,0,0,0,2,2,7,50,1,1192,1192,1,5,35,2,0,0,0,0
1290826,3,2022,2022,8,3,6,485,27,323,769,0,1,9,-33.769364,151.000053,54,0,2,0,3,0,0,0,2,0,0,60,2,3775,3775,0,5,13,5,0,0,0,0
1290828,3,2022,2022,8,0,6,515,14,60,518,0,1,3,-33.94743,150.963076,41,0,2,1,3,0,3,4,2,0,7,100,2,1391,1391,1,5,0,2,0,0,0,0
1290832,3,2022,2022,8,0,8,6,27,27,34609,0,1,1,-32.756746,151.605507,42,2,1,1,3,0,0,0,3,0,7,40,0,14295,14295,3,5,36,2,0,0,0,0
1290838,3,2022,2022,8,0,6,57,27,155,75,0,1,1,-33.495679,151.2955,16,2,2,0,3,0,3,4,2,0,7,60,1,3775,3775,0,9,5,2,0,0,0,0
1290840,3,2022,2022,8,6,7,293,31,112,769,0,1,10,-33.606761,150.822191,29,2,2,1,3,0,3,4,2,2,7,60,2,5929,5929,1,5,0,2,0,0,0,0
1290841,3,2022,2022,8,3,3,9,10,67,34609,0,1,10,-33.712899,150.899368,7,0,2,1,3,0,0,0,1,2,7,60,0,2852,2852,4,0,0,2,0,0,0,0
1290842,3,2022,2022,0,0,3,1,27,9,34609,0,1,1,-36.314134,148.890834,65,1,0,0,3,0,0,0,2,0,7,100,0,4552,5151,8,10,40,1,0,0,0,0
1290856,3,2022,2022,0,5,11,3,1,43,34609,0,1,1,-33.766481,151.251068,50,0,2,1,2,0,3,4,0,0,7,50,0,220,220,8,0,40,1,0,0,0,0
1290880,3,2022,2022,8,3,4,81,31,133,80,0,1,1,-33.935469,151.011306,15,0,2,1,3,0,0,0,2,0,7,60,1,1383,1383,1,5,36,2,0,0,0,0
1290882,3,2022,2022,8,6,11,330,27,65,605,0,1,2,-33.707529,151.296656,50,0,2,1,3,0,0,0,0,0,7,70,2,1282,1282,1,5,40,1,0,0,0,0
1290885,3,2022,2022,8,5,7,829,31,143,34609,0,1,1,-33.875282,151.106771,9,0,2,1,3,0,0,0,2,0,7,50,0,1981,1981,4,5,19,2,0,0,0,0
1290890,3,2022,2022,8,0,4,54,27,646,30,0,1,9,-33.914639,151.040054,15,0,2,1,3,0,3,3,2,2,7,60,1,5929,5929,1,0,5,2,0,0,0,0
1290891,3,2022,2022,8,1,8,109,27,95,382,0,1,2,-33.736499,150.844746,7,0,2,1,3,0,3,4,3,0,7,60,2,14295,14295,3,10,0,3,0,0,0,0
1290893,3,2022,2022,8,6,9,9,27,232,34609,0,1,10,-33.676638,150.922915,71,0,2,1,3,0,3,4,0,2,7,60,0,5929,5929,1,30,5,3,0,0,0,0
1290894,3,2022,2022,8,5,4,478,17,58,480,0,1,2,-33.434149,151.296601,16,2,2,1,3,0,0,0,2,0,7,60,2,14295,14295,3,5,5,3,0,0,0,0
1290895,3,2022,2022,8,0,11,98,27,2,24,0,1,1,-33.602266,151.117934,31,0,2,0,3,0,3,4,0,0,7,40,1,1259,5151,8,0,40,1,0,0,0,0
1290896,3,2022,2022,8,5,9,280,10,127,240,0,1,1,-33.843664,150.86409,24,0,2,1,3,0,0,0,3,0,7,70,2,14295,14295,3,10,5,2,0,0,0,0
1290897,3,2022,2022,8,0,5,3,18,20,34609,0,1,1,-30.184966,149.470251,51,1,0,1,3,2,3,3,2,0,7,100,0,9859,9859,8,10,40,1,0,0,0,0
1290898,3,2022,2022,8,0,11,2209,17,106,2205,0,1,2,-34.551123,150.787078,62,0,2,1,3,0,0,0,0,0,7,70,2,9859,9859,8,5,40,1,0,0,0,0
1290900,3,2022,2022,8,5,10,916,17,37,917,0,1,1,-32.672022,151.379748,17,2,1,0,3,0,3,4,0,0,7,80,2,1089,1089,7,30,40,1,0,0,0,0
1290901,3,2022,2022,8,1,9,105,17,223,34609,0,1,7,-33.809596,150.918277,7,0,2,1,3,0,0,0,0,0,6,60,0,926,926,4,0,0,2,0,0,0,0
1290902,3,2022,2022,8,6,8,2209,17,25,2205,0,1,9,-34.126851,150.992942,68,0,2,1,3,0,3,3,3,0,7,80,2,1109,787,1,5,0,2,0,0,0,0
1290903,3,2022,2022,8,5,3,98,27,128,382,0,1,9,-33.633106,150.778528,29,2,2,1,3,0,0,0,1,0,15,80,2,5929,5929,1,10,13,2,0,0,0,0