Crash ID,Degree of crash - detailed,Reporting year,Year of crash,Month of crash,Day of week of crash,Two-hour intervals,Street of crash,Street type,Town,Route no.,School zone location,School zone active,Type of location,Latitude,Longitude,LGA,Urbanisation,Conurbation 1,Alignment,Street lighting,Road surface,Surface condition,Weather,Natural lighting,Signals operation,Other traffic control,Speed limit,Road classification,RUM - code,DCA - code,First impact type,Key TU type,Other TU type,No. of traffic units involved,No. killed,No. seriously injured,No. moderately injured,No. minor-other injured
1290904,3,2022,2022,8,2,1,39,31,523,34609,0,1,9,-33.921425,150.913925,41,0,2,1,3,0,0,0,0,2,7,50,0,4552,985,8,0,40,1,0,0,0,0
1290906,3,2022,2022,8,1,6,224,27,387,321,0,1,10,-33.935039,151.193923,4,0,2,1,3,0,0,0,2,2,7,60,2,1850,985,5,8,40,1,0,0,0,0
1290919,3,2022,2022,8,1,5,45,27,134,40,0,1,1,-33.678279,150.863697,7,0,2,1,3,0,0,0,2,0,7,50,2,5929,5929,1,5,0,2,0,0,0,0
1290937,3,2022,2022,0,2,8,8,27,4,34609,0,1,1,-33.415702,151.414528,16,2,2,1,1,0,0,0,2,0,7,60,0,475,475,5,0,40,1,0,0,0,0
1290938,3,2022,2022,8,0,0,5,36,104,34609,0,1,1,-33.793315,150.790678,55,0,2,1,3,0,2,6,0,0,7,50,0,4026,4026,8,5,40,1,0,0,0,0
1290946,3,2022,2022,8,0,9,7,31,24,34609,0,1,1,-33.825622,151.172752,38,0,2,1,0,0,0,0,0,0,7,50,0,9859,9859,1,33,5,2,0,0,0,0
1290953,3,2022,2022,8,1,3,62,10,70,62,0,1,10,-33.435863,151.350342,16,2,2,1,3,0,0,0,2,2,6,50,2,5929,5929,1,5,5,2,0,0,0,0
1290964,3,2022,2022,8,5,9,515,14,60,518,0,1,3,-33.944366,150.948989,41,0,2,1,2,0,0,0,0,0,7,100,2,1383,1383,1,30,40,2,0,0,0,0
1291017,3,2022,2022,7,2,11,2261,17,45,2252,0,1,2,-33.890037,150.974078,15,0,2,1,2,0,3,4,0,0,7,70,2,14295,14295,3,33,5,2,0,0,0,0
1291028,3,2022,2022,7,4,10,6,10,29,34609,0,1,1,-33.745672,150.796545,7,0,2,0,2,0,0,0,0,0,7,50,0,4552,5151,1,10,5,2,0,0,0,0
1291031,3,2022,2022,0,6,6,35,27,120,34609,0,1,7,-33.749998,150.871998,7,0,2,1,1,0,0,0,2,0,0,50,0,9859,9859,1,10,5,2,0,0,0,0
1291034,3,2022,2022,7,3,4,4,1,646,34609,0,1,9,-33.92408,151.042969,15,0,2,1,0,0,0,0,2,0,7,50,0,489,489,5,5,0,2,0,0,0,0
1291044,3,2022,2022,7,1,10,515,14,387,518,0,1,3,-33.946188,151.170521,4,0,2,0,1,0,0,0,0,0,7,80,2,1282,1282,1,3,5,2,0,0,0,0
1291055,3,2022,2022,7,2,3,177,22,210,176,0,1,5,-34.035303,151.113428,68,0,2,1,1,0,3,4,2,2,7,60,2,5929,5929,1,5,5,2,0,0,0,0
1291059,3,2022,2022,7,5,8,13,22,62,34609,0,1,1,-34.093018,150.808642,13,0,2,0,1,0,3,4,2,0,7,50,0,2585,4009,8,5,40,1,0,0,0,0
1291079,3,2022,2022,7,3,7,10,31,224,34609,0,1,1,-33.828001,151.239872,45,0,2,1,0,0,3,4,2,0,7,40,0,9859,9859,1,0,5,2,0,0,0,0
1291081,3,2022,2022,8,2,10,346,17,103,332,0,1,2,-28.81852,153.333306,39,2,1,1,2,0,3,4,0,0,7,60,2,941,941,1,10,5,2,0,0,0,0
1291085,3,2022,2022,3,0,0,6,27,30,34609,0,1,1,-34.761101,146.631743,51,1,0,0,0,0,3,4,0,0,7,100,0,3775,3775,0,10,5,2,0,0,0,0
1291089,3,2022,2022,8,4,7,104,27,443,702,0,1,9,-33.910489,151.063712,15,0,2,1,1,0,0,0,2,0,7,70,2,14295,14295,3,8,36,3,0,0,0,0
1291090,3,2022,2022,8,1,8,41,31,49,24,0,1,9,-33.957819,151.223697,4,0,2,1,3,0,3,4,2,2,7,60,2,1282,1282,1,33,5,2,0,0,0,0
1291091,3,2022,2022,8,2,5,125,27,17,123,0,1,2,-33.341842,151.428539,16,2,2,1,3,0,0,0,2,0,7,70,2,14295,14295,3,0,13,3,0,0,0,0
1291092,3,2022,2022,8,3,3,2209,17,79,2205,0,1,2,-34.91539,150.603697,63,2,1,1,3,0,3,4,1,0,7,70,2,1391,1391,1,5,5,2,0,0,0,0
1291093,3,2022,2022,0,2,5,478,17,70,480,0,1,2,-33.439844,151.356207,16,2,2,0,3,0,0,0,2,0,7,60,2,144,144,1,8,10,2,0,0,0,0
1291094,3,2022,2022,8,1,4,61,27,19,70,0,1,1,-33.680615,150.977783,71,0,2,1,3,0,3,0,2,0,7,70,1,1669,1669,3,5,0,2,0,0,0,0
1291096,3,2022,2022,0,2,10,3,31,41,34609,0,1,10,-33.909544,151.126352,15,0,2,1,2,0,0,0,0,0,15,50,0,9859,9859,1,5,5,3,0,0,0,0
1291099,3,2022,2022,8,0,5,1,27,7,34609,0,1,1,-30.630789,152.916865,47,1,0,0,3,2,3,4,2,0,7,100,0,2585,4009,8,5,40,1,0,0,0,0
1291101,3,2022,2022,8,2,9,1052,31,138,34609,0,1,9,-33.871429,151.269406,81,0,2,1,3,0,3,4,0,0,0,50,0,2852,2852,4,5,5,2,0,0,0,0
1291103,3,2022,2022,8,5,2,168,10,21,260,0,1,10,-33.948258,151.166094,4,0,2,1,3,0,3,0,1,0,7,60,2,14295,14295,3,0,12,5,0,0,0,0
1291106,3,2022,2022,8,6,3,14,31,48,34609,0,1,10,-33.919784,147.208096,51,2,1,1,3,0,0,0,1,0,0,50,0,6545,6545,4,10,13,2,0,0,0,0
1291107,3,2022,2022,8,0,8,21,7,62,14,0,1,7,-33.892438,151.143673,32,0,2,0,3,0,3,4,3,0,0,50,1,5929,5929,1,16,5,2,0,0,0,0
1291109,3,2022,2022,8,3,2,2209,17,61,2205,0,1,1,-35.878321,150.08888,23,1,0,0,0,0,0,0,0,0,7,100,2,1850,1463,5,10,40,1,0,0,0,0
1291127,3,2022,2022,8,3,0,348,17,9,232,0,1,9,-32.569609,149.559452,44,2,1,1,2,0,0,0,0,0,15,80,2,489,489,5,5,40,1,0,0,0,0
1291131,3,2022,2022,8,1,6,77,27,16,58,0,1,1,-34.816086,150.571352,63,1,0,0,0,0,3,4,2,0,7,100,2,1957,4009,8,0,40,1,0,0,0,0
1291142,3,2022,2022,8,2,6,91,27,119,187,0,1,2,-33.874796,151.153812,32,0,2,1,0,0,0,0,2,0,7,60,2,14295,14295,3,10,5,2,0,0,0,0
1291146,3,2022,2022,8,6,7,346,17,44,332,0,1,9,-28.821541,153.411373,2,2,1,1,0,0,3,0,2,0,0,80,2,2852,2852,4,5,0,2,0,0,0,0
1291153,3,2022,2022,8,3,3,23,27,8,34609,0,1,1,-28.757921,153.38913,39,2,1,0,0,0,3,3,1,0,7,80,0,1957,4009,8,10,40,1,0,0,0,0
1291154,3,2022,2022,8,2,4,6,10,10,34609,0,1,1,-35.938217,149.134536,65,1,0,0,0,2,3,4,2,0,7,100,0,2585,4009,8,0,40,1,0,0,0,0
1291157,3,2022,2022,8,1,9,145,27,115,80,0,1,9,-33.877226,151.18781,69,0,2,0,2,0,3,4,0,0,7,40,2,3775,3775,0,0,13,2,0,0,0,0
1291172,3,2022,2022,8,2,4,42,31,82,118,0,1,9,-31.081889,150.921741,70,2,1,1,3,0,0,0,2,0,7,60,2,5929,5929,1,0,0,2,0,0,0,0
1291173,3,2022,2022,8,0,10,2126,17,84,2149,0,1,2,-33.819539,150.984083,21,0,2,0,3,0,3,4,0,0,7,60,2,1383,1383,1,5,5,2,0,0,0,0
1291179,3,2022,2022,8,0,4,2126,17,12,2149,0,1,1,-33.68401,150.287052,8,2,2,0,0,0,3,4,2,0,7,70,2,14295,14295,3,29,35,2,0,0,0,0
1291182,3,2022,2022,8,6,5,24,27,246,99,0,1,2,-33.906836,151.191235,69,0,2,1,1,0,0,0,2,0,7,60,2,9859,9859,1,9,0,2,0,0,0,0
1291183,3,2022,2022,7,2,0,34,31,188,159,0,1,10,-33.93265,151.109899,15,0,2,1,2,0,0,0,0,2,7,60,2,9859,9859,1,10,5,3,0,0,0,0
1291187,3,2022,2022,8,6,6,192,10,84,114,0,1,9,-33.466473,151.403992,16,2,2,0,3,0,0,0,2,0,0,60,2,6545,6545,4,5,5,2,0,0,0,0
1291193,3,2022,2022,8,2,6,3371,17,44,3342,0,1,2,-32.433589,152.191706,43,1,0,0,3,0,3,3,2,0,7,110,2,273,957,5,5,40,1,0,0,0,0
1291195,3,2022,2022,8,4,7,3,27,6,34609,0,1,1,-30.562955,152.737338,47,1,0,1,3,2,0,0,2,0,7,100,0,14295,14295,3,0,0,2,0,0,0,0
1291196,3,2022,2022,8,2,9,8,27,323,34609,0,1,1,-33.762423,150.974371,71,0,2,1,3,0,3,4,0,0,7,50,0,9859,9859,8,34,40,2,0,0,0,0
1291208,3,2022,2022,8,4,4,28,31,112,34609,0,1,1,-33.915356,150.928316,41,0,2,1,3,0,0,0,2,0,7,50,0,941,941,1,5,5,2,0,0,0,0
1291209,3,2022,2022,8,2,4,150,27,197,415,0,1,10,-33.797721,151.114963,61,0,2,1,3,0,3,6,2,2,7,70,2,14295,14295,3,5,0,2,0,0,0,0
1291214,3,2022,2022,8,2,6,23,27,20,91,0,1,1,-35.087881,149.251769,82,1,0,1,0,0,0,0,2,0,7,100,1,9859,9859,8,9,40,1,0,0,0,0
1291219,3,2022,2022,8,6,7,1052,27,104,262,0,1,9,-32.910122,151.713129,48,0,2,0,0,0,0,0,2,2,7,60,2,1282,1282,1,10,0,2,0,0,0,0
1291222,3,2022,2022,0,4,5,475,31,204,11,0,1,1,-33.885226,151.122571,32,0,2,1,0,0,0,0,2,0,7,50,1,237,397,1,33,5,2,0,0,0,0
1291224,3,2022,2022,8,2,3,2126,17,60,2149,0,1,1,-33.615365,150.272301,8,2,2,0,1,0,3,4,2,0,7,60,2,3775,3775,0,33,5,2,0,0,0,0
1291227,3,2022,2022,7,0,8,105,27,67,109,0,1,1,-33.873596,150.898836,24,0,2,1,1,0,0,0,2,0,7,60,1,14295,14295,3,0,5,2,0,0,0,0
1291238,3,2022,2022,8,2,4,2126,17,247,2149,0,1,10,-33.814535,150.964461,21,0,2,1,1,0,0,3,2,2,7,70,2,14295,14295,3,33,5,2,0,0,0,0
1291241,3,2022,2022,8,1,1,7,10,56,34609,0,1,9,-31.466819,152.73231,56,2,1,1,2,0,3,4,0,0,0,50,0,4552,985,8,0,40,1,0,0,0,0
1291242,3,2022,2022,8,0,10,4,27,52,34609,0,1,1,-33.279519,151.463333,16,2,2,1,3,0,0,0,0,0,7,50,0,1089,1089,7,21,40,1,0,0,0,0
1291248,3,2022,2022,7,0,10,283,27,70,702,0,1,9,-33.978922,151.106224,25,0,2,1,2,0,3,4,0,0,7,70,2,775,775,4,10,5,2,0,0,0,0
1291258,3,2022,2022,8,0,9,111,27,150,233,0,1,1,-33.926883,151.22867,4,0,2,1,0,0,0,0,3,0,7,60,2,9859,9859,1,0,35,2,0,0,0,0
1291276,3,2022,2022,8,4,4,18,23,438,34609,1,2,1,-33.852422,151.035035,21,0,2,1,3,0,0,0,2,0,7,40,0,9859,9859,1,0,0,5,0,0,0,0
1291281,3,2022,2022,8,6,11,1,27,2,34609,0,1,10,-29.310075,151.697288,51,1,0,1,3,0,3,0,0,0,0,100,0,4026,4026,8,10,40,1,0,0,0,0
1291283,3,2022,2022,8,0,6,196,10,34,168,0,1,10,-33.974303,151.017041,15,0,2,1,3,0,0,3,2,0,15,60,2,6545,6545,4,8,0,2,0,0,0,0
1291285,3,2022,2022,8,1,0,39,1,168,34609,0,1,9,-33.698879,150.845449,7,0,2,1,3,0,3,3,0,0,0,60,0,2585,777,8,5,40,1,0,0,0,0
1291286,3,2022,2022,8,6,4,23,27,37,47,0,1,1,-34.663649,150.706664,35,2,1,0,3,0,3,3,2,0,7,60,1,1957,4009,8,5,40,1,0,0,0,0
1291287,3,2022,2022,7,1,7,2126,17,140,2149,0,1,10,-33.78741,150.848177,7,0,2,1,3,0,0,0,2,0,15,80,2,2852,2852,4,5,5,2,0,0,0,0
1291289,3,2022,2022,8,1,5,229,14,323,237,0,1,3,-33.769799,150.966626,71,0,2,0,3,0,0,0,2,0,7,100,2,4552,5151,8,5,40,1,0,0,0,0
1291292,3,2022,2022,8,5,3,2261,17,14,2252,0,1,2,-34.790433,149.173718,74,1,0,0,3,0,0,1,1,0,7,110,2,1259,5151,8,3,40,1,0,0,0,0
1291295,3,2022,2022,8,4,0,361,23,91,34609,0,1,1,-33.967443,151.088252,25,0,2,1,2,0,0,0,0,0,7,50,0,4026,4026,8,5,40,1,0,0,0,0
1291296,3,2022,2022,8,4,3,168,10,387,260,0,1,2,-33.946102,151.172534,4,0,2,1,3,0,3,0,2,0,7,70,2,14295,14295,3,8,5,3,0,0,0,0
1291299,3,2022,2022,8,1,10,2,31,346,34609,0,1,1,-33.884866,151.087456,67,0,2,1,2,0,3,0,0,0,7,50,0,4026,4026,1,5,13,2,0,0,0,0
1291317,3,2022,2022,8,3,1,361,32,135,101,0,1,1,-32.902575,151.731952,48,0,2,1,2,0,0,1,0,0,7,60,2,9859,9859,8,5,40,1,0,0,0,0
1291318,3,2022,2022,8,0,7,6,31,172,34609,0,1,1,-32.757887,151.594916,42,2,1,1,1,0,3,4,2,0,7,50,0,945,945,5,10,40,1,0,0,0,0
1291330,3,2022,2022,8,0,5,4,31,28,34609,0,1,1,-33.407849,149.571843,3,2,1,1,3,0,0,0,2,0,7,50,0,1109,787,1,0,13,3,0,0,0,0
1291331,3,2022,2022,8,2,9,2209,17,40,2205,0,1,2,-34.701049,150.837594,35,2,1,0,3,0,3,4,0,0,7,80,2,4552,5151,8,5,40,1,0,0,0,0
1291337,3,2022,2022,8,5,3,149,27,294,198,0,1,2,-33.928429,150.930999,41,0,2,1,3,0,0,0,2,0,7,60,2,1391,1391,1,8,5,2,0,0,0,0
1291338,3,2022,2022,8,3,6,74,27,609,18,0,1,9,-33.774512,150.88507,7,0,2,1,3,0,3,4,2,0,7,60,1,2852,2852,4,5,0,2,0,0,0,0
1291340,3,2022,2022,8,3,6,134,10,69,133,0,1,10,-33.818028,151.022128,54,0,2,1,3,0,0,0,2,0,7,70,2,5929,5929,1,5,5,2,0,0,0,0
1291357,3,2022,2022,0,6,10,1,31,43,34609,0,1,1,-32.179189,152.487552,43,2,1,0,2,0,0,0,0,0,7,50,0,2585,4009,8,5,40,1,0,0,0,0
1291358,3,2022,2022,0,0,6,123,36,16,90,0,1,1,-31.432997,151.61206,51,1,0,0,0,0,3,4,2,0,7,100,1,4552,5151,8,5,40,1,0,0,0,0
1291375,3,2022,2022,8,4,11,17,27,2,39,0,1,1,-31.463416,150.113131,51,1,0,0,3,0,3,4,0,0,13,100,1,1850,1463,5,3,40,1,0,0,0,0
1291376,3,2022,2022,8,6,8,2261,17,243,2252,0,1,9,-33.949242,150.905909,41,0,2,1,3,0,0,0,3,0,0,70,2,5929,5929,1,10,5,2,0,0,0,0
1291385,3,2022,2022,8,2,10,48,13,11,34609,0,1,1,-34.021819,151.109072,68,0,2,1,2,0,0,0,0,0,7,50,0,9859,9859,1,5,0,2,0,0,0,0
1291388,3,2022,2022,7,2,7,55,27,126,38,0,1,10,-33.95054,150.809112,41,0,2,1,3,0,3,4,2,2,7,80,2,6545,6545,4,0,0,2,0,0,0,0
1291389,3,2022,2022,8,1,7,3,31,85,34609,0,1,1,-33.897636,150.869956,41,0,2,0,3,0,0,0,2,0,7,50,0,2585,4009,8,5,40,1,0,0,0,0
1291393,3,2022,2022,8,4,7,2,27,2,34609,0,1,1,-36.192034,148.772086,65,1,0,0,0,0,0,0,2,0,7,100,0,4552,5151,8,9,40,1,0,0,0,0
1291397,3,2022,2022,8,6,2,4,31,78,34609,0,1,1,-34.476149,150.844813,80,0,2,0,0,0,0,0,1,0,7,50,0,1957,4009,8,5,40,1,0,0,0,0
1291398,3,2022,2022,7,2,11,108,31,273,34609,0,1,1,-34.425919,150.889895,80,0,2,1,2,0,3,4,0,0,7,50,0,9859,9859,1,5,5,2,0,0,0,0
1291403,3,2022,2022,8,2,5,55,27,74,70,0,1,9,-33.722158,151.035111,31,0,2,1,3,0,3,4,2,2,7,60,2,5929,5929,1,0,5,2,0,0,0,0
1291405,3,2022,2022,8,3,5,1052,31,138,34609,0,1,9,-33.871429,151.269406,81,0,2,1,3,0,3,3,2,0,7,50,0,4026,4026,8,5,40,1,0,0,0,0
1291406,3,2022,2022,8,6,8,15,27,127,154,0,1,1,-33.833207,150.873718,24,0,2,1,3,0,0,0,3,0,7,80,1,14295,14295,3,0,5,4,0,0,0,0
1291408,3,2022,2022,8,0,5,294,17,215,288,0,1,10,-35.118902,147.368827,75,2,1,1,3,0,0,0,2,2,9,60,2,5929,5929,1,5,35,2,0,0,0,0
1291413,3,2022,2022,8,5,9,113,27,113,111,0,1,1,-33.818541,150.775961,55,0,2,1,3,0,0,0,0,0,7,80,2,14295,14295,3,0,5,3,0,0,0,0
1291414,3,2022,2022,8,5,7,6,31,137,34609,0,1,0,-32.963616,151.696632,37,0,2,1,3,0,0,0,2,0,7,50,0,1981,1981,4,0,0,2,0,0,0,0
1291416,3,2022,2022,8,2,9,10,1,26,96,0,1,9,-33.915884,151.166298,32,0,2,1,0,0,3,3,2,0,7,60,2,1282,1282,1,5,5,2,0,0,0,0
1291417,3,2022,2022,8,0,7,60,27,101,262,0,1,7,-32.902985,151.622278,37,0,2,0,3,0,0,0,2,0,0,90,2,14295,14295,3,10,5,2,0,0,0,0
1291418,3,2022,2022,8,1,10,330,27,42,34609,0,1,1,-33.946455,150.942747,41,0,2,1,3,0,0,0,0,0,7,60,0,3775,3775,0,0,5,2,0,0,0,0
1291419,3,2022,2022,8,3,9,2126,17,75,2149,0,1,9,-33.711108,150.376364,8,2,2,1,3,0,3,4,3,2,7,60,2,14295,14295,3,5,36,2,0,0,0,0
1291433,3,2022,2022,0,3,0,108,31,237,34609,0,1,1,-33.868945,150.953384,24,0,2,0,2,0,3,4,0,0,7,50,0,4552,5151,8,0,40,1,0,0,0,0
1291449,3,2022,2022,8,4,1,25,27,136,76,1,0,1,-32.922035,151.712732,48,0,2,0,2,0,0,0,0,0,7,60,1,2585,4009,8,5,40,1,0,0,0,0
1291457,3,2022,2022,0,5,2,2209,17,10,2205,0,1,9,-36.384449,149.891922,5,2,1,1,3,0,3,4,0,0,7,50,2,1945,1945,5,29,40,1,0,0,0,0
1291459,3,2022,2021,9,6,8,39,36,18,79,0,1,1,-33.786374,151.201339,77,0,2,1,0,0,0,0,2,0,7,60,2,1383,1383,1,19,36,2,0,0,0,0
1291461,3,2022,2022,8,0,8,171,27,55,34609,0,1,1,-33.852096,151.274103,81,0,2,0,0,0,0,0,2,0,7,50,0,4552,5151,1,0,23,5,0,0,0,0
1291465,3,2022,2022,8,0,11,51,27,44,63,0,1,9,-34.560129,150.842792,62,0,2,1,3,0,3,0,0,2,7,70,2,5929,5929,1,0,5,2,0,0,0,0
1291468,3,2022,2022,8,2,11,31,27,20,46,0,1,1,-33.472274,150.186183,40,2,1,0,0,0,0,0,0,0,7,60,2,4552,5151,8,0,40,1,0,0,0,0
1291473,3,2022,2022,8,0,9,7,27,3,8,0,1,1,-35.906678,146.892236,27,1,0,0,0,0,0,0,0,0,7,100,1,2585,4009,8,5,40,1,0,0,0,0
1291475,3,2022,2022,8,6,8,10,27,68,34609,0,1,1,-33.6417,149.847257,51,1,0,0,3,0,0,0,2,0,7,100,0,1259,5151,8,5,40,1,0,0,0,0
1291477,3,2022,2022,8,6,7,23,23,4,34609,0,1,1,-30.823931,152.993071,34,2,1,1,3,0,0,3,2,0,7,50,0,9859,9859,8,5,40,1,0,0,0,0
1291478,3,2022,2022,8,3,6,344,27,609,163,1,0,9,-33.758616,150.895834,7,0,2,0,3,0,3,3,2,2,7,60,2,926,926,4,5,5,2,0,0,0,0
1291479,3,2022,2022,8,3,9,56,23,129,144,0,1,9,-33.897083,151.089825,9,0,2,1,3,0,3,4,0,0,7,60,2,4552,985,8,5,40,1,0,0,0,0
1291482,3,2022,2022,8,5,4,59,27,252,21,0,1,7,-33.932255,150.869426,41,0,2,0,3,0,0,0,2,0,0,60,2,395,395,1,8,13,2,0,0,0,0
1291483,3,2022,2022,8,6,8,35,27,91,96,0,1,9,-32.960939,151.664258,37,0,2,1,3,0,0,0,2,0,15,70,2,2852,2852,4,5,5,2,0,0,0,0
1291484,3,2022,2022,8,6,4,9,31,55,34609,0,1,7,-33.932503,150.900879,41,0,2,0,3,0,0,0,2,0,0,50,0,1391,1391,1,0,0,2,0,0,0,0
1291485,3,2022,2022,8,6,7,1104,14,140,962,0,1,3,-33.794152,150.841156,7,0,2,1,3,0,0,0,2,0,7,100,2,404,404,8,5,40,1,0,0,0,0
1291486,3,2022,2022,0,4,0,15,31,346,38,0,1,10,-33.875226,151.097691,9,0,2,1,2,0,3,4,0,2,7,50,1,9859,9859,8,30,40,1,0,0,0,0
1291487,3,2022,2022,8,1,4,1052,14,17,928,0,1,3,-32.834181,151.634977,48,0,2,0,3,0,3,4,2,0,7,110,2,1850,1463,5,5,40,1,0,0,0,0
1291499,3,2022,2022,3,3,10,3371,17,13,3342,0,1,10,-33.130969,151.62577,37,0,2,0,2,0,0,0,0,0,15,90,2,2585,777,8,5,40,1,0,0,0,0
1291500,3,2022,2022,8,4,5,133,17,7,121,0,1,1,-36.389584,149.217796,65,1,0,0,0,0,3,4,2,0,7,100,2,380,714,5,0,40,1,0,0,0,0
1291512,3,2022,2022,8,0,9,16,27,337,9,0,1,9,-33.713116,150.996375,71,0,2,0,2,0,3,4,0,2,7,60,1,1957,4009,1,5,0,2,0,0,0,0
1291517,3,2022,2022,8,2,0,1,10,77,34609,0,1,9,-30.332145,149.777995,51,2,1,1,2,0,0,0,0,0,0,50,0,2585,777,8,10,40,1,0,0,0,0
1291519,3,2022,2022,8,2,11,6,1,137,34609,0,1,9,-33.914524,151.207616,69,0,2,1,2,0,3,3,0,0,0,40,0,9859,9859,1,33,13,3,0,0,0,0
1291544,3,2022,2022,8,4,9,4,27,50,34609,0,1,1,-33.510221,151.340204,16,2,2,1,3,0,3,4,3,0,7,50,0,9859,9859,1,5,5,2,0,0,0,0
1291551,3,2022,2022,8,0,8,22,27,73,34609,0,1,1,-33.89046,151.170119,32,0,2,1,3,0,0,0,0,0,7,50,0,9859,9859,1,0,5,2,0,0,0,0
1291552,3,2022,2022,8,6,8,14,31,73,34609,0,1,10,-35.139454,147.374115,75,2,1,1,3,0,0,0,3,0,0,50,0,6545,6545,4,0,5,2,0,0,0,0
1291553,3,2022,2022,8,0,5,35,1,43,52,0,1,9,-33.724915,150.788253,7,0,2,1,3,0,0,0,2,2,7,70,1,5929,5929,1,0,36,2,0,0,0,0
1291554,3,2022,2022,8,0,9,43,27,2,118,0,1,10,-31.02527,150.881834,70,1,0,1,3,0,0,0,0,0,0,100,2,77,77,1,5,0,2,0,0,0,0
1291555,3,2022,2022,8,2,5,81,17,83,33,0,1,10,-34.449444,150.44295,78,2,1,1,3,0,0,3,2,2,7,50,1,14295,14295,3,5,0,2,0,0,0,0
1291557,3,2022,2022,8,2,8,154,27,293,244,0,1,9,-33.927086,151.051041,15,0,2,1,3,0,3,0,3,0,7,60,2,1945,1945,5,0,40,1,0,0,0,0
1291559,3,2022,2022,8,4,3,81,27,20,34609,0,1,9,-32.933521,151.67047,37,0,2,1,3,0,0,0,2,0,0,60,0,5929,5929,1,5,36,2,0,0,0,0
1291561,3,2022,2022,8,2,1,1052,14,83,928,0,1,3,-33.503035,151.189246,16,1,2,0,3,0,0,6,0,0,7,100,2,1192,1192,1,29,5,2,0,0,0,0
1291563,3,2022,2021,9,3,8,103,27,29,256,0,1,9,-34.203429,150.786377,79,2,2,1,3,0,0,0,2,0,7,50,2,14295,14295,3,5,5,2,0,0,0,0
1291564,3,2022,2022,8,6,4,330,27,31,102,0,1,10,-33.781608,151.278405,50,0,2,1,3,0,3,3,2,2,7,60,2,14295,14295,3,10,0,3,0,0,0,0
1291565,3,2022,2022,8,2,8,7,1,147,34609,0,1,9,-33.748328,151.288819,50,0,2,1,3,0,0,0,3,0,7,50,0,775,775,4,5,36,2,0,0,0,0
1291577,3,2022,2022,0,5,4,71,27,19,69,0,1,1,-36.352211,148.763097,65,1,0,1,3,0,0,0,2,0,7,100,2,14295,14295,3,10,0,2,0,0,0,0
1291578,3,2022,2022,7,3,4,191,17,24,189,0,1,9,-32.010216,149.403983,51,2,1,0,3,0,3,4,2,0,0,50,2,1850,1463,5,3,40,1,0,0,0,0
1291583,3,2022,2022,8,4,2,3,27,15,34609,0,1,1,-35.34692,146.123509,51,1,0,1,3,0,3,4,0,0,7,100,0,475,475,5,3,40,1,0,0,0,0
1291585,3,2022,2022,8,0,7,15,31,85,34609,1,2,9,-32.938584,151.715628,48,0,2,1,1,0,0,0,2,0,0,40,0,14295,14295,3,5,0,3,0,0,0,0
1291591,3,2022,2022,7,1,6,829,31,26,34609,0,1,1,-33.910708,151.201201,69,0,2,1,1,0,0,0,2,0,7,50,0,9859,9859,1,9,5,3,0,0,0,0
1291599,3,2022,2022,7,0,11,31,31,182,34609,0,1,10,-32.841621,151.342202,17,2,1,1,0,0,0,0,0,0,15,50,0,6545,6545,4,5,5,2,0,0,0,0
1291603,3,2022,2022,8,0,4,133,31,96,212,0,1,10,-35.3544,149.232058,58,2,1,1,3,0,3,3,2,2,9,50,2,14295,14295,3,10,5,3,0,0,0,0
1291606,3,2022,2022,0,2,1,2,27,9,5,0,1,1,-35.163642,147.134567,75,1,0,1,3,0,0,0,0,0,7,100,1,9859,9859,8,10,40,1,0,0,0,0
1291613,3,2022,2022,0,5,7,230,27,197,284,0,1,2,-33.797679,151.138731,61,0,2,1,0,0,0,0,2,0,7,80,2,9859,9859,8,0,40,1,0,0,0,0
1291637,3,2022,2022,3,6,10,3,31,609,34609,0,1,9,-33.760315,150.889903,7,0,2,1,2,0,3,3,0,0,7,50,0,489,489,8,5,40,1,0,0,0,0
1291691,3,2022,2022,0,3,11,1,1,323,34609,0,1,1,-33.77027,150.975631,71,0,2,1,2,0,0,0,0,0,7,50,0,9859,9859,1,5,0,2,0,0,0,0
1291692,3,2022,2022,7,2,4,119,31,138,34609,0,1,1,-33.87853,151.273476,76,0,2,1,1,0,0,0,2,0,7,50,0,4026,4026,1,0,5,4,0,0,0,0
1291705,3,2022,2022,0,0,3,1052,14,149,928,0,1,3,-33.358943,151.341807,16,1,2,0,0,0,3,4,1,0,7,110,2,1383,1383,1,0,40,2,0,0,0,0
1291707,3,2022,2022,0,0,3,5,27,9,34609,0,1,9,-33.441737,149.590264,3,2,1,1,0,0,3,4,0,0,0,60,0,489,489,8,5,40,1,0,0,0,0
1291708,3,2022,2022,7,2,6,255,27,71,166,0,1,1,-33.263343,151.53575,16,2,2,1,3,0,0,0,2,0,7,50,2,5929,5929,1,5,19,2,0,0,0,0
1291716,3,2022,2022,7,0,1,8,31,42,34609,0,1,1,-33.913861,150.89957,41,0,2,1,2,0,3,4,0,0,7,50,0,9859,9859,1,5,5,2,0,0,0,0
1291722,3,2022,2022,0,4,11,1,27,22,34609,0,1,1,-33.813385,150.933274,21,0,2,1,2,0,0,0,0,0,7,50,0,9859,9859,1,33,5,3,0,0,0,0
1291740,3,2022,2022,8,0,7,23,27,32,47,0,1,1,-34.611092,150.667111,78,2,1,1,3,0,3,3,2,0,7,80,1,3775,3775,0,5,13,2,0,0,0,0
1291743,3,2022,2022,8,1,4,1,7,22,34609,0,1,9,-33.634257,150.790825,29,2,2,1,3,0,0,0,2,0,7,50,0,5929,5929,1,0,5,2,0,0,0,0