Crash ID,Degree of crash - detailed,Reporting year,Year of crash,Month of crash,Day of week of crash,Two-hour intervals,Street of crash,Street type,Town,Route no.,School zone location,School zone active,Type of location,Latitude,Longitude,LGA,Urbanisation,Conurbation 1,Alignment,Street lighting,Road surface,Surface condition,Weather,Natural lighting,Signals operation,Other traffic control,Speed limit,Road classification,RUM - code,DCA - code,First impact type,Key TU type,Other TU type,No. of traffic units involved,No. killed,No. seriously injured,No. moderately injured,No. minor-other injured
1291744,3,2022,2022,8,3,6,1,31,11,34609,0,1,9,-33.843949,151.213512,49,0,2,1,3,0,0,0,2,0,7,50,0,1850,985,5,0,40,1,0,0,0,0
1291747,3,2022,2022,8,6,8,9,31,48,34609,0,1,10,-32.910467,151.742322,48,0,2,1,3,0,0,0,2,0,0,50,0,6545,6545,4,0,5,2,0,0,0,0
1291750,3,2022,2022,8,0,11,2209,17,77,2205,0,1,2,-33.887399,151.193522,69,0,2,1,3,0,0,0,0,0,7,50,2,1282,1282,1,5,19,2,0,0,0,0
1291753,3,2022,2022,8,5,7,2126,17,62,2149,0,1,9,-33.886107,151.13883,32,0,2,1,3,0,3,4,2,2,7,60,2,1391,1391,1,5,5,2,0,0,0,0
1291757,3,2022,2022,8,2,5,10,31,204,331,0,1,10,-33.939392,151.149907,4,0,2,1,3,0,0,0,2,0,0,60,2,5929,5929,1,5,5,2,0,0,0,0
1291758,3,2022,2022,8,3,8,109,27,137,105,0,1,9,-33.895055,150.904739,24,0,2,1,3,0,0,0,2,0,7,60,2,14295,14295,3,5,5,2,0,0,0,0
1291759,3,2022,2022,8,1,7,2209,17,35,2205,0,1,2,-34.050046,151.051602,68,0,2,0,3,0,3,4,2,0,7,80,2,1259,5151,8,5,40,1,0,0,0,0
1291761,3,2022,2022,8,1,6,12,27,166,34609,0,1,9,-33.41456,149.577808,3,2,1,1,3,0,0,0,2,0,7,50,0,2852,2852,4,5,5,2,0,0,0,0
1291762,3,2022,2022,6,6,3,191,17,13,189,0,1,1,-32.625286,151.134109,64,1,0,0,3,0,0,0,2,0,7,100,2,14295,14295,3,10,5,2,0,0,0,0
1291763,3,2022,2022,8,4,6,348,31,363,34609,0,1,7,-33.759421,150.694835,55,0,2,1,3,0,0,0,2,0,0,50,0,1669,1669,3,5,5,2,0,0,0,0
1291764,3,2022,2022,8,2,4,1,31,109,34609,0,1,10,-33.900996,151.134776,32,0,2,1,1,0,0,0,2,0,15,50,0,6545,6545,4,5,5,3,0,0,0,0
1291772,3,2022,2022,8,2,10,2209,17,35,2205,0,1,2,-35.517824,150.314523,63,1,0,0,0,0,3,4,0,0,7,100,2,1259,5151,8,5,40,1,0,0,0,0
1291776,3,2022,2022,0,1,5,280,10,162,240,0,1,7,-33.851337,150.876636,24,0,2,0,1,0,0,0,2,0,0,60,2,1383,1383,1,5,5,4,0,0,0,0
1291796,3,2022,2022,7,4,6,108,31,30,34609,0,1,1,-34.223004,150.55703,79,2,2,1,3,0,0,0,2,0,7,80,0,14295,14295,3,30,13,2,0,0,0,0
1291802,3,2022,2022,8,0,11,10,27,41,34609,0,1,1,-30.351217,153.090115,19,2,1,1,2,0,3,4,0,0,7,50,0,9859,9859,1,30,13,3,0,0,0,0
1291806,3,2022,2022,8,1,6,171,27,61,369,0,1,2,-33.8203,150.685884,55,0,2,0,3,0,0,0,2,0,7,80,2,1192,1192,1,0,41,2,0,0,0,0
1291810,3,2022,2022,8,1,0,7,1,151,34609,0,1,1,-34.030141,150.853738,13,0,2,0,3,0,0,0,0,0,7,50,0,4552,5151,1,0,5,3,0,0,0,0
1291812,3,2022,2022,8,0,4,204,31,169,14,0,1,9,-33.901962,151.208509,69,0,2,1,3,0,0,0,2,0,7,50,1,5929,5929,1,30,5,2,0,0,0,0
1291814,3,2022,2022,8,3,6,78,17,34,58,0,1,1,-35.008352,149.021192,82,1,0,1,3,0,0,0,2,0,7,100,2,14295,14295,3,5,0,2,0,0,0,0
1291818,3,2022,2022,8,0,8,110,27,23,173,0,1,2,-34.38295,150.859323,80,0,2,1,3,0,0,0,2,0,7,80,2,14295,14295,3,10,0,4,0,0,0,0
1291819,3,2022,2022,6,0,4,255,27,103,76,1,2,9,-32.942346,151.665261,37,0,2,1,3,0,0,0,2,2,7,40,1,14295,14295,3,10,5,2,0,0,0,0
1291826,3,2022,2022,0,2,3,916,17,5,917,0,1,1,-30.230346,151.672133,1,2,1,1,0,0,0,0,0,0,7,70,2,9859,9859,8,5,40,1,0,0,0,0
1291827,3,2022,2022,8,0,11,3,1,108,34609,0,1,10,-28.847183,153.554365,2,2,1,1,2,0,3,4,0,0,7,50,0,9859,9859,8,10,40,1,0,0,0,0
1291853,3,2022,2022,8,0,10,916,17,4,917,0,1,1,-31.20381,150.917134,70,1,0,1,3,0,0,0,0,0,7,100,2,1089,1089,7,0,40,1,0,0,0,0
1291859,3,2022,2022,8,5,4,65,31,609,115,0,1,10,-33.772906,150.902795,7,0,2,1,3,0,0,0,2,2,7,60,2,6545,6545,4,5,5,2,0,0,0,0
1291861,3,2022,2022,8,5,9,3371,17,225,3342,0,1,9,-33.793435,151.179746,77,0,2,1,3,0,0,0,0,3,7,60,2,14295,14295,3,5,0,2,0,0,0,0
1291863,3,2022,2022,6,4,6,100,27,323,100,0,1,2,-33.809962,150.850845,7,0,2,1,3,0,0,0,2,0,7,70,2,14295,14295,3,0,12,2,0,0,0,0
1291867,3,2022,2022,8,5,5,157,17,10,158,0,1,1,-33.978272,145.714572,51,2,1,0,3,0,0,0,2,0,7,70,2,3775,3775,0,9,2,2,0,0,0,0
1291878,3,2022,2022,3,2,6,1,31,134,34609,0,1,1,-33.678729,150.881418,7,0,2,1,0,0,0,0,2,0,7,50,0,9859,9859,1,0,5,2,0,0,0,0
1291884,3,2022,2022,8,2,9,1,31,52,34609,0,1,7,-33.7141,150.918131,7,0,2,1,2,0,0,0,0,0,0,50,0,6545,6545,4,5,25,3,0,0,0,0
1291890,3,2022,2022,8,3,1,125,27,55,123,0,1,2,-33.365043,151.460723,16,2,2,1,2,0,0,0,0,0,7,60,2,9859,9859,8,5,40,1,0,0,0,0
1291898,3,2022,2022,8,0,6,7,1,57,34609,0,1,11,-33.349972,151.437927,16,2,2,1,3,0,0,0,2,0,7,50,0,3775,3775,0,5,5,2,0,0,0,0
1291899,3,2022,2022,8,5,9,2,31,26,34609,0,1,10,-34.581074,150.839002,62,0,2,1,3,0,3,4,0,0,7,50,0,2852,2852,4,5,0,2,0,0,0,0
1291901,3,2022,2022,8,4,8,78,17,34,770,0,1,6,-33.862955,151.205285,69,0,2,1,3,0,3,3,2,0,7,40,2,14295,14295,3,5,36,2,0,0,0,0
1291902,3,2022,2022,8,3,10,3371,17,83,3342,0,1,1,-30.132943,153.193776,19,2,1,0,3,0,0,0,0,0,7,60,2,2585,4009,8,5,40,1,0,0,0,0
1291904,3,2022,2022,8,4,7,8,1,165,34609,0,1,7,-33.854351,151.143381,14,0,2,0,3,0,0,0,2,0,0,50,0,6545,6545,4,5,5,2,0,0,0,0
1291905,3,2022,2022,8,5,7,195,27,85,186,0,1,10,-33.894428,150.857147,41,0,2,1,3,0,3,4,2,2,7,70,2,5929,5929,1,5,5,2,0,0,0,0
1291908,3,2022,2022,8,1,5,10,31,134,34609,0,1,1,-33.892559,151.251517,76,0,2,1,3,0,0,0,2,0,7,50,0,1981,1981,4,0,0,2,0,0,0,0
1291909,3,2022,2022,8,2,7,18,1,108,34609,0,1,10,-33.814933,151.186159,77,0,2,1,3,0,0,0,2,2,7,50,0,217,217,1,0,25,2,0,0,0,0
1291911,3,2022,2022,8,2,4,9,31,157,34609,0,1,1,-33.801936,151.010766,54,0,2,1,3,0,3,0,2,0,7,50,0,175,188,1,0,0,2,0,0,0,0
1291913,3,2022,2022,6,4,3,229,14,84,237,0,1,3,-33.765452,151.110815,61,0,2,1,3,0,0,0,2,0,7,100,2,14295,14295,3,9,13,4,0,0,0,0
1291915,3,2022,2022,8,1,5,512,17,433,441,0,1,9,-33.289273,149.108661,52,2,1,1,1,0,3,3,2,0,7,50,2,3775,3775,0,5,5,2,0,0,0,0
1291923,3,2022,2022,8,3,11,11,1,12,34609,0,1,1,-32.746662,151.609352,42,2,1,0,2,0,0,0,0,0,7,50,0,1957,4009,1,34,0,3,0,0,0,0
1291928,3,2022,2022,8,6,0,15,27,112,34609,0,1,9,-33.435543,151.429779,16,2,2,1,2,0,3,3,0,0,7,50,0,9859,9859,8,5,40,1,0,0,0,0
1291932,3,2022,2022,8,2,11,59,10,3,231,0,1,1,-33.500399,151.354823,16,2,2,1,2,0,0,0,0,0,7,60,2,9859,9859,8,5,40,1,0,0,0,0
1291937,3,2022,2022,7,4,8,8,36,19,34609,0,1,7,-34.090812,150.783036,13,0,2,0,3,0,3,4,3,0,0,50,0,1259,5151,8,5,40,1,0,0,0,0
1291938,3,2022,2022,6,0,10,3,31,15,34609,0,1,10,-33.900108,150.847443,41,0,2,1,3,0,0,0,0,0,0,50,0,6545,6545,4,5,5,2,0,0,0,0
1291942,3,2022,2022,8,0,9,108,27,90,93,0,1,1,-33.780621,150.948084,54,0,2,1,3,0,3,4,2,0,7,60,1,3775,3775,0,34,5,2,0,0,0,0
1291947,3,2022,2022,8,2,6,4,1,169,34609,0,1,1,-33.782271,150.84206,7,0,2,0,3,0,0,0,2,0,7,50,0,1957,4009,1,0,5,2,0,0,0,0
1291949,3,2022,2022,8,1,8,361,31,155,34609,0,1,9,-33.49786,151.302902,16,2,2,1,3,0,0,0,2,0,7,50,0,186,186,1,9,5,2,0,0,0,0
1291951,3,2022,2022,8,0,3,2126,17,247,2149,0,1,9,-33.808467,150.937199,21,0,2,1,3,0,0,0,2,2,7,80,2,6545,6545,4,5,5,2,0,0,0,0
1291952,3,2022,2022,8,5,3,53,31,28,2,1,0,10,-33.094962,148.865581,11,2,1,1,3,0,0,0,0,0,0,50,2,9859,9859,1,5,5,3,0,0,0,0
1291958,3,2022,2022,8,0,3,8,31,433,34609,0,1,7,-33.288653,149.085131,52,2,1,1,3,0,0,1,2,0,0,50,0,2852,2852,4,5,0,2,0,0,0,0
1291976,3,2022,2022,8,5,10,12,31,56,34609,0,1,1,-31.089425,152.828383,34,2,1,1,2,0,3,0,0,0,7,50,0,9859,9859,1,33,0,2,0,0,0,0
1291995,3,2022,2022,8,2,3,57,27,58,75,0,1,1,-33.455292,151.286234,16,2,2,1,0,0,3,0,2,0,7,80,1,380,714,5,0,40,1,0,0,0,0
1292003,3,2022,2022,8,5,11,4,6,44,34609,0,1,1,-33.793379,150.978348,54,0,2,1,3,0,2,6,0,0,7,50,0,9859,9859,1,5,13,3,0,0,0,0
1292031,3,2022,2022,8,6,4,294,17,215,288,0,1,2,-35.116952,147.355204,75,2,1,1,3,0,0,0,2,0,7,60,2,5929,5929,1,0,5,2,0,0,0,0
1292035,3,2022,2022,8,2,8,9,27,78,34609,0,1,1,-28.327311,153.401781,72,2,1,0,2,0,3,4,0,0,7,40,0,3775,3775,0,5,0,2,0,0,0,0
1292040,3,2022,2022,8,6,3,344,27,89,382,0,1,9,-33.667694,150.803008,55,0,2,1,1,0,0,0,2,2,7,80,2,14295,14295,3,5,13,2,0,0,0,0
1292045,3,2022,2022,8,3,0,50,36,5,43,0,1,1,-36.476321,148.3621,65,1,0,1,3,0,0,0,0,0,7,100,2,945,945,5,10,40,1,0,0,0,0
1292048,3,2022,2022,8,6,7,3,27,34,34609,0,1,9,-33.979977,150.999295,15,0,2,0,1,0,0,0,2,0,7,40,0,4552,985,1,5,5,3,0,0,0,0
1292065,3,2022,2022,8,2,11,150,27,309,415,0,1,2,-33.805406,151.111514,61,0,2,1,2,0,0,0,0,0,7,70,2,3775,3775,0,5,0,4,0,0,0,0
1292070,3,2022,2022,8,4,5,2209,17,68,2205,0,1,9,-34.086343,151.009164,68,0,2,0,3,0,0,0,2,0,0,60,2,2852,2852,4,0,5,2,0,0,0,0
1292071,3,2022,2022,8,6,4,1,31,42,34609,0,1,1,-33.913418,150.8984,41,0,2,1,3,0,3,0,2,0,7,50,0,1282,1282,1,5,40,1,0,0,0,0
1292074,3,2022,2022,8,4,3,35,27,30,34609,0,1,1,-28.327414,153.473274,72,2,1,0,3,0,0,0,2,0,7,80,0,3775,3775,0,5,13,2,0,0,0,0
1292075,3,2022,2022,8,3,5,11,1,234,34609,0,1,1,-34.280057,146.066651,28,2,1,0,3,0,0,3,2,0,7,50,0,1669,1669,3,5,5,2,0,0,0,0
1292076,3,2022,2022,8,1,9,5,27,6,34609,0,1,1,-32.734058,151.639678,42,2,1,0,3,0,3,0,0,0,7,80,0,2585,4009,8,10,40,1,0,0,0,0
1292081,3,2022,2022,6,6,11,2261,17,70,2252,0,1,2,-34.629015,150.195824,78,1,0,0,3,0,0,0,0,0,7,110,2,237,162,8,5,40,1,0,0,0,0
1292083,3,2022,2022,6,6,3,2,27,61,34609,0,1,4,-32.917931,151.731436,48,0,2,1,3,0,0,0,1,0,7,50,0,220,220,1,8,5,2,0,0,0,0
1292087,3,2022,2022,8,0,9,178,27,189,101,0,1,9,-33.943118,151.053798,15,0,2,1,3,0,3,0,0,2,7,50,2,5929,5929,1,5,5,2,0,0,0,0
1292105,3,2022,2022,8,3,5,1,1,13,34609,0,1,1,-32.948135,151.732457,48,0,2,1,3,0,0,0,2,0,7,50,0,1981,1981,4,0,0,2,0,0,0,0
1292107,3,2022,2022,0,4,9,78,27,20,34609,0,1,9,-31.033525,152.87198,34,2,1,1,0,0,3,0,0,0,7,50,0,5929,5929,1,10,13,2,0,0,0,0
1292113,3,2022,2022,8,1,7,163,27,73,165,0,1,9,-33.750124,150.801716,7,0,2,1,3,0,3,2,2,3,7,60,1,2852,2852,4,5,5,2,0,0,0,0
1292114,3,2022,2022,6,0,3,16,27,74,34609,0,1,9,-34.024997,150.760974,12,0,2,1,3,0,0,0,2,0,7,50,0,1391,1391,1,19,5,2,0,0,0,0
1292120,3,2022,2022,0,6,9,157,17,8,158,0,1,0,-33.673984,148.955313,51,1,0,0,3,0,0,0,3,0,7,100,2,782,957,5,10,40,1,0,0,0,0
1292122,3,2022,2022,8,5,8,220,14,56,220,0,1,3,-34.447741,150.860367,80,0,2,1,3,0,0,0,2,0,7,100,2,404,404,8,5,40,1,0,0,0,0
1292123,3,2022,2022,6,6,8,2209,17,67,2205,0,1,9,-34.432101,150.865312,80,0,2,1,3,0,0,0,3,1,7,60,2,515,515,1,5,5,3,0,0,0,0
1292126,3,2022,2022,8,2,2,13,27,21,4,0,1,1,-35.406543,148.117851,66,1,0,0,3,0,3,1,0,0,7,100,1,1850,1463,5,10,40,1,0,0,0,0
1292127,3,2022,2022,8,0,3,485,27,154,769,0,1,9,-33.713725,150.95942,71,0,2,0,3,0,0,0,2,2,7,60,2,5929,5929,1,5,0,2,0,0,0,0
1292128,3,2022,2022,8,0,7,57,27,155,75,0,1,1,-33.496649,151.306996,16,2,2,0,3,0,0,0,2,0,7,60,1,14295,14295,3,5,0,2,0,0,0,0
1292131,3,2022,2022,6,6,6,112,17,27,112,0,1,1,-31.69508,143.824126,51,1,0,1,3,0,0,3,2,0,7,110,2,1945,1945,5,0,40,1,0,0,0,0
1292136,3,2022,2022,0,5,11,7,27,28,34609,0,1,9,-34.012295,151.066845,68,0,2,0,2,0,3,4,0,0,7,50,0,1957,4009,1,9,36,2,0,0,0,0
1292141,3,2022,2022,8,5,10,283,27,70,702,0,1,9,-33.980608,151.107657,25,0,2,1,2,0,0,0,0,0,0,70,2,515,515,1,10,5,2,0,0,0,0
1292149,3,2022,2022,8,3,1,1,22,93,34609,0,1,1,-33.415628,149.63395,3,2,1,1,2,0,0,0,0,0,7,50,0,4026,4026,8,5,40,1,0,0,0,0
1292151,3,2022,2022,8,1,7,9,31,57,34609,0,1,1,-34.558605,150.822121,62,0,2,0,1,0,0,0,2,0,7,50,0,1259,5151,8,5,40,1,0,0,0,0
1292153,3,2022,2022,8,6,4,3371,17,173,3342,0,1,9,-33.718177,151.108361,31,0,2,1,0,0,0,0,2,2,7,60,2,14295,14295,3,5,0,3,0,0,0,0
1292158,3,2022,2022,8,0,2,4,36,44,56,0,1,1,-33.174173,147.110568,51,1,0,0,1,0,0,0,0,0,7,100,1,4552,5151,8,10,40,1,0,0,0,0
1292159,3,2022,2022,8,3,8,1,27,1,34609,0,1,1,-32.465889,150.702973,46,1,0,0,0,0,0,0,3,0,7,100,0,2585,4009,8,33,40,1,0,0,0,0
1292162,3,2022,2022,8,1,8,7,31,85,34609,0,1,10,-32.935115,151.724512,48,0,2,1,1,0,0,0,2,0,15,50,0,6545,6545,4,0,0,2,0,0,0,0
1292172,3,2022,2022,8,2,0,8,31,609,34609,0,1,1,-33.790529,150.914902,7,0,2,1,3,0,0,0,0,0,7,50,0,4026,4026,8,0,40,2,0,0,0,0
1292174,3,2022,2022,8,5,10,348,27,363,88,0,1,7,-33.743317,150.692149,55,0,2,1,3,0,3,2,0,0,0,60,2,6545,6545,4,5,13,2,0,0,0,0
1292175,3,2022,2022,8,4,10,13,27,13,34609,0,1,1,-36.356707,148.705621,65,1,0,1,3,2,3,0,0,0,7,100,0,475,475,5,10,40,1,0,0,0,0
1292177,3,2022,2022,6,4,3,2261,17,92,2252,0,1,3,-34.001017,150.840899,13,0,2,1,3,0,0,0,1,0,7,110,2,14295,14295,3,0,10,2,0,0,0,0
1292180,3,2022,2022,6,4,7,59,27,271,42,0,1,9,-33.949165,151.017426,15,0,2,1,3,0,0,0,2,0,7,60,1,14295,14295,3,5,5,2,0,0,0,0
1292181,3,2022,2022,8,6,7,69,31,283,34609,0,1,1,-33.833177,151.014103,54,0,2,1,3,0,0,0,2,0,7,50,0,1981,1981,4,5,5,2,0,0,0,0
1292183,3,2022,2022,8,0,7,220,27,92,222,0,1,10,-33.758268,150.955369,71,0,2,1,3,0,0,0,2,2,7,80,2,395,395,1,9,0,2,0,0,0,0
1292184,3,2022,2022,8,3,0,204,27,246,34609,0,1,1,-33.907525,151.197733,69,0,2,0,3,0,0,0,0,0,7,50,0,3775,3775,0,0,5,2,0,0,0,0
1292185,3,2022,2022,8,2,6,76,24,24,154,0,1,2,-33.729685,150.916054,7,0,2,1,3,0,0,0,2,0,7,70,1,14295,14295,3,0,5,2,0,0,0,0
1292186,3,2022,2022,8,0,9,1052,14,60,928,0,1,3,-33.431918,151.252972,16,1,2,1,2,0,0,0,0,0,7,110,2,14295,14295,3,10,5,3,0,0,0,0
1292191,3,2022,2022,8,2,5,6,1,73,34609,0,1,9,-33.836557,151.083653,14,0,2,0,3,0,0,0,2,2,7,50,0,1669,1669,3,5,5,3,0,0,0,0
1292198,3,2022,2022,8,3,3,133,27,3,174,0,1,1,-32.883035,151.46013,17,1,0,0,0,0,0,0,1,0,7,100,2,2585,4009,1,5,0,2,0,0,0,0
1292203,3,2022,2022,8,2,0,10,10,49,34609,0,1,1,-33.916333,150.853854,41,0,2,0,2,0,0,0,0,0,7,60,0,1259,5151,8,5,40,1,0,0,0,0
1292205,3,2022,2022,7,1,6,10,27,108,34609,0,1,1,-33.7629,151.26713,50,0,2,1,1,0,0,0,2,0,7,50,0,220,220,1,5,5,2,0,0,0,0
1292207,3,2022,2022,8,0,11,3,2,44,34609,0,1,1,-33.207051,151.496548,16,2,2,0,2,0,0,0,0,0,7,50,0,2585,4009,8,5,40,1,0,0,0,0
1292219,3,2022,2022,7,6,6,296,27,187,293,0,1,2,-33.881746,150.977433,24,0,2,1,0,0,2,2,2,0,7,60,2,1192,1192,1,9,12,4,0,0,0,0
1292223,3,2022,2022,8,2,11,8,27,53,34609,0,1,1,-33.365559,151.442287,16,2,2,0,2,0,0,0,0,0,7,50,0,4552,5151,8,5,40,1,0,0,0,0
1292224,3,2022,2022,8,3,10,12,27,134,34609,0,1,1,-33.680606,150.875907,7,0,2,1,2,0,3,4,0,0,7,60,0,9859,9859,1,5,0,3,0,0,0,0
1292226,3,2022,2022,7,1,7,1,31,176,33,0,1,1,-33.962838,151.131072,4,0,2,1,1,0,0,0,2,0,7,50,2,9859,9859,1,0,5,3,0,0,0,0
1292230,3,2022,2022,8,3,1,330,27,108,605,0,1,9,-33.76111,151.274373,50,0,2,1,2,0,0,0,0,2,7,60,2,6545,6545,4,33,5,2,0,0,0,0
1292231,3,2022,2022,8,2,2,1,27,145,34609,0,1,1,-33.926122,151.144369,15,0,2,1,2,0,0,0,1,0,7,50,0,9859,9859,1,0,0,4,0,0,0,0
1292251,3,2021,2021,2,2,8,112,27,79,769,0,1,2,-33.580099,150.719793,29,2,2,1,1,0,0,0,2,0,7,60,2,4026,4026,8,21,40,1,0,0,0,0
1292289,3,2022,2022,7,0,1,3371,17,32,3342,0,1,2,-32.95177,151.713089,48,0,2,0,2,0,3,4,0,0,7,60,2,2585,4009,8,0,40,1,0,0,0,0
1292293,3,2022,2022,7,3,10,1052,14,17,928,0,1,3,-32.815426,151.635725,48,0,2,1,2,0,0,0,0,0,7,60,2,4026,4026,8,30,40,1,0,0,0,0
1292295,3,2022,2022,8,0,4,41,27,58,80,0,1,9,-32.982036,151.668669,37,0,2,0,3,0,0,0,2,2,7,60,1,217,217,1,5,5,2,0,0,0,0
1292301,3,2022,2022,0,5,11,15,31,39,34609,0,1,1,-33.758978,150.920383,7,0,2,0,2,0,0,0,0,0,7,50,0,1259,5151,1,5,5,2,0,0,0,0
1292302,3,2022,2022,8,6,9,5,31,224,34609,0,1,1,-33.833346,151.243268,45,0,2,1,1,0,0,0,0,0,7,50,0,1282,1282,1,33,36,2,0,0,0,0
1292320,3,2022,2022,8,6,9,15,31,30,34609,0,1,1,-34.042021,150.770441,12,0,2,1,2,0,0,0,0,0,7,50,0,1282,1282,1,33,5,2,0,0,0,0
1292322,3,2022,2022,8,3,1,67,27,147,74,0,1,1,-33.864218,151.128119,14,0,2,1,2,0,3,1,0,0,7,50,1,4026,4026,1,10,5,3,0,0,0,0
1292327,3,2022,2022,8,2,9,2209,17,273,2205,0,1,9,-34.425617,150.889955,80,0,2,1,3,0,3,4,0,2,7,50,2,1669,1669,3,5,5,2,0,0,0,0
1292328,3,2022,2022,6,4,4,9,31,523,34609,0,1,1,-33.933784,150.909833,41,0,2,1,3,0,0,0,2,0,7,50,0,1981,1981,4,0,5,2,0,0,0,0
1292329,3,2022,2022,6,2,8,10,16,337,34609,0,1,6,-33.735003,151.007121,71,0,2,0,3,0,0,0,3,0,7,50,0,2585,4009,8,5,40,1,0,0,0,0
1292330,3,2022,2022,6,0,9,3,27,78,34609,0,1,10,-33.431404,151.441711,16,2,2,1,3,0,3,4,0,0,0,50,0,6545,6545,4,0,5,2,0,0,0,0
1292332,3,2022,2022,6,5,7,165,31,166,34609,0,1,7,-33.412416,149.584924,3,2,1,1,3,0,3,0,2,0,0,50,0,475,475,5,5,40,1,0,0,0,0
1292333,3,2022,2022,6,6,4,4,27,22,5,0,1,1,-36.92228,149.202357,65,1,0,0,3,0,1,0,2,0,7,100,1,1957,4009,8,10,40,1,0,0,0,0
1292334,3,2022,2022,6,4,3,308,14,62,311,0,1,3,-33.731057,150.851094,7,0,2,0,3,0,0,0,2,0,7,80,2,14295,14295,3,10,13,4,0,0,0,0
1292337,3,2022,2022,6,6,4,49,31,115,34609,0,1,10,-33.914194,151.172285,32,0,2,1,3,0,0,0,2,0,15,50,0,3775,3775,0,0,13,2,0,0,0,0
1292339,3,2022,2022,6,4,4,4,31,460,34609,0,1,7,-33.84861,151.002687,21,0,2,0,0,0,0,0,2,0,7,50,0,1957,4009,8,5,40,1,0,0,0,0
1292340,3,2022,2022,0,2,9,119,31,44,34609,0,1,1,-33.086858,147.147572,51,2,1,1,2,0,0,0,0,0,7,50,0,9859,9859,1,9,0,2,0,0,0,0
1292346,3,2022,2022,6,2,7,40,31,204,38,0,1,1,-33.886494,151.118413,32,0,2,1,1,0,0,0,2,0,7,50,1,1282,1282,1,33,5,2,0,0,0,0
1292350,3,2022,2022,6,1,4,3,31,232,34609,0,1,9,-33.69347,150.904633,7,0,2,1,3,0,0,0,2,0,7,50,0,1669,1669,3,5,0,2,0,0,0,0
1292353,3,2022,2022,6,5,8,1,31,13,45,0,1,1,-35.097366,150.597679,63,2,1,1,3,0,0,0,2,0,7,50,1,1981,1981,4,0,5,2,0,0,0,0
1292359,3,2022,2022,0,1,1,3371,17,7,3342,0,1,7,-31.392416,152.81189,56,2,1,0,2,0,3,4,0,0,0,60,2,2585,4009,8,0,40,1,0,0,0,0
1292367,3,2022,2022,8,5,11,18,27,532,75,0,1,2,-33.870006,151.210573,69,0,2,0,2,0,0,0,0,0,7,40,1,2585,4009,8,5,40,1,0,0,0,0
1292373,3,2022,2022,8,1,8,92,27,143,34609,0,1,1,-33.878276,151.103515,9,0,2,1,2,0,0,0,0,0,7,40,0,9859,9859,1,0,0,2,0,0,0,0
1292375,3,2022,2022,8,1,9,49,31,64,34609,0,1,1,-33.48451,150.156805,40,2,1,1,2,0,3,4,0,0,7,50,0,4026,4026,1,5,5,2,0,0,0,0
1292382,3,2022,2022,8,2,11,475,31,198,34609,0,1,1,-33.923643,151.10053,15,0,2,1,1,0,3,4,0,0,7,50,0,4026,4026,1,33,5,2,0,0,0,0
1292385,3,2022,2022,8,2,1,26,31,363,34609,0,1,10,-33.754701,150.702543,55,0,2,1,2,0,0,0,0,2,7,50,0,6545,6545,4,33,5,2,0,0,0,0
1292397,3,2022,2022,6,1,7,134,10,69,133,0,1,3,-33.826358,151.020989,54,0,2,1,1,0,0,0,2,0,7,70,2,1282,1282,1,29,5,2,0,0,0,0
1292403,3,2022,2022,8,1,5,117,27,154,34609,0,1,1,-33.711104,150.968252,71,0,2,1,3,0,0,3,2,0,7,50,0,9859,9859,1,0,5,2,0,0,0,0
1292404,3,2022,2022,6,3,6,14,31,71,34609,0,1,9,-33.97007,151.068924,25,0,2,1,3,0,0,0,2,0,7,50,0,14295,14295,3,9,13,3,0,0,0,0
1292405,3,2022,2022,6,6,8,2,31,21,34609,0,1,1,-31.563406,147.194082,51,2,1,1,3,0,0,0,3,0,7,50,0,186,186,1,10,5,2,0,0,0,0
1292414,3,2022,2022,8,5,3,22,31,609,34609,0,1,1,-33.773668,150.913193,7,0,2,1,1,0,0,0,2,0,7,50,0,4026,4026,1,5,5,3,0,0,0,0
1292416,3,2022,2022,6,4,5,149,27,294,198,0,1,9,-33.929964,150.932043,41,0,2,1,3,0,0,0,2,0,0,60,2,1109,787,1,10,5,2,0,0,0,0
1292418,3,2022,2022,8,5,7,57,27,75,126,0,1,9,-32.763367,151.650507,42,2,1,1,3,0,0,0,2,0,0,80,2,1669,1669,3,10,5,2,0,0,0,0
1292419,3,2022,2022,6,5,9,866,17,98,793,1,0,9,-33.740322,151.0607,31,0,2,1,3,0,0,0,0,2,7,70,2,14295,14295,3,0,5,2,0,0,0,0
1292423,3,2022,2022,6,1,3,175,27,24,220,0,1,9,-33.728178,150.923534,7,0,2,1,3,0,0,0,2,2,7,70,2,395,395,1,5,36,2,0,0,0,0
1292424,3,2022,2022,6,2,5,23,27,337,34609,0,1,5,-33.732205,151.005903,71,0,2,1,3,0,0,0,2,2,6,50,0,926,926,4,5,5,2,0,0,0,0
1292429,3,2022,2022,6,6,8,41,27,33,7,0,1,2,-33.772839,150.855962,7,0,2,1,3,0,0,0,0,2,7,60,1,5929,5929,1,0,0,2,0,0,0,0
1292435,3,2022,2022,6,0,11,1,31,433,34609,0,1,1,-33.269664,149.117133,52,2,1,1,2,0,3,3,0,0,7,50,0,4026,4026,1,10,5,3,0,0,0,0
1292437,3,2022,2022,6,5,9,3,1,433,34609,0,1,1,-33.292277,149.110553,52,2,1,1,2,0,3,4,0,0,7,50,0,9859,9859,8,5,40,1,0,0,0,0
1292447,3,2022,2022,6,2,1,33,31,9,34609,0,1,4,-32.407924,151.969394,43,2,1,0,1,0,3,0,0,0,7,50,0,4552,5151,8,10,40,1,0,0,0,0