Crash ID,Degree of crash - detailed,Reporting year,Year of crash,Month of crash,Day of week of crash,Two-hour intervals,Street of crash,Street type,Town,Route no.,School zone location,School zone active,Type of location,Latitude,Longitude,LGA,Urbanisation,Conurbation 1,Alignment,Street lighting,Road surface,Surface condition,Weather,Natural lighting,Signals operation,Other traffic control,Speed limit,Road classification,RUM - code,DCA - code,First impact type,Key TU type,Other TU type,No. of traffic units involved,No. killed,No. seriously injured,No. moderately injured,No. minor-other injured
1292449,3,2022,2022,8,4,8,8,31,117,34609,0,1,9,-28.181016,153.527043,72,2,1,1,2,0,3,4,0,0,7,50,0,9859,9859,1,0,5,2,0,0,0,0
1292452,3,2022,2022,8,6,6,18,10,61,18,0,1,1,-33.773039,151.136467,36,0,2,0,1,0,0,0,2,0,7,60,1,1957,4009,8,5,40,1,0,0,0,0
1292453,3,2022,2022,6,5,2,26,31,271,34609,0,1,1,-33.94716,151.012521,15,0,2,1,0,0,0,0,1,0,7,50,0,1282,1282,1,33,0,2,0,0,0,0
1292459,3,2022,2022,8,4,11,2209,17,77,2205,0,1,2,-33.884718,151.194793,69,0,2,1,2,0,3,0,0,0,7,50,2,14295,14295,3,0,25,2,0,0,0,0
1292460,3,2022,2022,6,4,4,308,14,62,311,0,1,3,-33.730389,150.858866,7,0,2,1,3,0,0,0,2,0,7,100,2,14295,14295,3,0,5,2,0,0,0,0
1292505,3,2022,2022,0,2,3,12,27,151,34609,0,1,1,-34.042445,150.851941,13,0,2,1,3,0,0,0,2,0,7,60,0,9859,9859,1,0,5,2,0,0,0,0
1292509,3,2022,2022,8,1,8,162,27,174,14,0,1,1,-33.867806,150.917819,24,0,2,1,2,0,3,4,3,0,7,60,1,1383,1383,1,5,10,2,0,0,0,0
1292510,3,2022,2022,6,2,5,12,27,6,48,0,1,1,-32.703105,151.581904,42,2,1,1,3,0,0,0,2,0,7,60,1,1945,1945,5,0,40,1,0,0,0,0
1292511,3,2022,2022,6,2,0,481,17,11,483,0,1,1,-32.079936,148.555204,22,1,0,1,3,0,3,4,0,0,7,110,2,9859,9859,8,10,40,1,0,0,0,0
1292513,3,2022,2022,6,3,9,512,17,7,441,0,1,1,-29.736548,145.95096,51,1,0,1,3,0,0,0,3,0,7,110,2,1089,1089,7,0,40,1,0,0,0,0
1292514,3,2022,2022,8,5,0,3371,17,18,3342,0,1,2,-30.808081,152.869931,47,1,0,1,3,0,3,4,0,0,7,100,2,404,404,8,3,40,1,0,0,0,0
1292515,3,2022,2022,6,1,9,8,31,41,34609,0,1,1,-33.826226,151.010747,54,0,2,1,3,0,0,0,0,0,7,50,0,9859,9859,1,5,5,2,0,0,0,0
1292516,3,2022,2022,6,5,3,6,31,204,34609,0,1,7,-33.89362,150.925613,24,0,2,1,3,0,0,0,2,0,0,50,0,6545,6545,4,0,5,2,0,0,0,0
1292517,3,2022,2022,6,0,9,2126,17,33,2149,0,1,10,-33.481135,150.136665,40,2,1,1,3,0,0,0,0,2,7,70,2,5929,5929,1,5,0,2,0,0,0,0
1292518,3,2022,2022,6,4,7,55,27,112,70,0,1,1,-33.70297,151.026683,31,0,2,1,3,0,3,0,2,0,7,60,2,14295,14295,3,9,41,2,0,0,0,0
1292519,3,2022,2022,6,2,6,175,27,55,220,0,1,9,-33.741347,150.917393,7,0,2,1,3,0,0,0,2,2,7,70,2,1391,1391,1,5,5,2,0,0,0,0
1292520,3,2022,2022,6,6,6,500,27,83,799,0,1,9,-33.916458,151.108696,15,0,2,1,3,0,0,0,2,0,7,60,2,1391,1391,1,29,5,2,0,0,0,0
1292527,3,2022,2022,6,1,6,1,31,84,34609,0,1,1,-33.818439,150.988442,21,0,2,1,3,0,0,0,2,0,7,50,0,941,941,1,5,5,2,0,0,0,0
1292528,3,2022,2022,8,4,6,512,17,21,441,0,1,10,-31.559208,147.188945,51,2,1,1,1,0,0,0,2,0,0,50,2,6545,6545,4,5,5,2,0,0,0,0
1292529,3,2022,2022,8,1,3,115,27,113,173,0,1,1,-34.376117,150.839887,80,0,2,0,0,0,0,0,2,0,7,100,2,3775,3775,0,29,5,2,0,0,0,0
1292530,3,2022,2022,6,2,1,14,25,23,34609,0,1,9,-34.382437,150.881093,80,0,2,0,2,0,3,3,0,0,7,50,0,1957,4009,8,5,40,1,0,0,0,0
1292531,3,2022,2022,8,2,8,5,13,463,34609,0,1,7,-30.302801,153.139937,19,2,1,1,0,0,0,0,2,0,0,50,0,14295,14295,3,5,13,2,0,0,0,0
1292534,3,2022,2022,6,6,5,57,27,337,47,0,1,9,-33.726388,150.990221,71,0,2,1,3,0,0,0,2,2,9,60,2,1192,1192,1,10,5,2,0,0,0,0
1292542,3,2022,2022,0,0,9,171,1,57,104,0,1,10,-33.945378,151.221638,4,0,2,0,2,0,0,0,3,2,7,60,2,5929,5929,1,0,5,2,0,0,0,0
1292548,3,2022,2021,9,6,7,24,27,2,34609,0,1,1,-33.785189,147.873299,51,1,0,1,0,0,0,0,2,0,7,100,0,945,945,5,8,40,1,0,0,0,0
1292553,3,2022,2022,6,2,6,255,27,20,76,0,1,1,-32.935941,151.673267,37,0,2,0,3,0,0,0,2,0,7,60,1,4552,5151,1,5,23,2,0,0,0,0
1292554,3,2022,2022,6,0,4,115,27,138,114,0,1,10,-33.874302,151.273029,81,0,2,1,3,0,0,0,2,0,7,50,2,1669,1669,3,0,13,2,0,0,0,0
1292557,3,2022,2022,8,5,7,2,27,81,34609,0,1,1,-33.881682,151.263538,81,0,2,1,3,0,0,0,2,0,7,50,0,9859,9859,1,5,0,2,0,0,0,0
1292559,3,2022,2022,6,5,5,95,31,10,143,0,1,1,-33.818319,149.324458,3,2,1,1,3,0,3,0,2,0,7,50,2,5929,5929,1,0,13,2,0,0,0,0
1292561,3,2022,2022,8,3,1,1,1,30,34609,0,1,1,-34.873982,147.591801,51,2,1,1,2,0,0,0,0,0,7,50,0,4026,4026,1,5,5,2,0,0,0,0
1292568,3,2022,2022,6,6,9,1,31,26,34609,0,1,1,-34.570565,145.986881,51,2,1,1,2,0,0,3,0,0,7,50,0,9859,9859,8,16,40,1,0,0,0,0
1292574,3,2022,2022,6,1,9,2261,17,109,2252,0,1,10,-33.956829,150.875717,41,0,2,1,2,0,0,0,0,2,7,70,2,395,395,1,8,5,2,0,0,0,0
1292577,3,2022,2022,8,1,2,4,1,271,34609,0,1,1,-33.949481,151.009813,15,0,2,1,1,0,0,0,1,0,7,50,0,9859,9859,1,8,5,2,0,0,0,0
1292583,3,2022,2022,8,1,6,37,31,253,34609,0,1,10,-33.965516,151.104911,25,0,2,1,3,0,0,0,2,2,7,50,0,6545,6545,4,0,41,2,0,0,0,0
1292585,3,2022,2022,6,1,9,80,27,316,50,0,1,2,-33.906618,151.231715,59,0,2,1,3,0,0,0,0,0,7,60,2,1391,1391,1,8,13,2,0,0,0,0
1292590,3,2022,2022,0,4,2,7,23,69,34609,0,1,1,-32.903623,151.68936,48,0,2,1,2,0,0,0,0,0,7,50,0,4026,4026,1,5,12,2,0,0,0,0
1292593,3,2022,2022,0,1,7,330,27,43,605,0,1,2,-33.696902,151.301253,50,0,2,1,1,0,0,0,2,0,7,70,2,1282,1282,1,0,40,2,0,0,0,0
1292599,3,2022,2022,6,6,4,118,27,646,118,0,1,10,-33.925304,151.030594,15,0,2,1,3,0,0,0,2,0,0,60,1,301,301,4,0,5,2,0,0,0,0
1292604,3,2022,2022,6,2,4,512,17,1,441,0,1,1,-30.661196,146.403407,51,2,1,0,3,0,3,3,2,0,7,70,2,4552,5151,8,0,40,1,0,0,0,0
1292606,3,2022,2022,6,0,10,69,31,93,34609,0,1,1,-36.080448,146.939484,0,2,1,1,3,0,3,4,0,0,7,60,0,945,945,5,5,40,1,0,0,0,0
1292609,3,2022,2022,8,1,8,35,27,91,96,0,1,1,-32.965326,151.656651,37,0,2,1,3,0,0,3,2,0,7,60,2,5929,5929,1,5,13,2,0,0,0,0
1292610,3,2022,2022,6,2,6,48,27,6,62,0,1,1,-35.545973,148.08755,66,1,0,0,3,0,3,4,2,0,7,100,2,3775,3775,0,10,5,2,0,0,0,0
1292612,3,2022,2022,6,5,3,8,27,7,34609,0,1,1,-34.417125,148.301519,30,1,0,0,3,0,3,6,1,0,7,100,0,1957,4009,8,10,40,1,0,0,0,0
1292614,3,2022,2022,6,0,8,1,25,13,34609,0,1,9,-33.872812,151.226726,69,0,2,1,3,0,3,3,3,0,15,50,0,941,941,1,0,19,2,0,0,0,0
1292631,3,2022,2022,6,1,11,10,31,155,95,0,1,9,-33.140334,148.175903,53,2,1,0,2,0,3,4,0,0,0,50,2,1957,4009,8,10,40,1,0,0,0,0
1292635,3,2022,2022,8,1,4,2126,17,363,2149,0,1,9,-33.754741,150.707748,55,0,2,0,3,0,0,0,2,0,7,60,2,14295,14295,3,5,36,3,0,0,0,0
1292636,3,2022,2022,8,5,4,171,27,64,369,0,1,7,-34.032324,150.729629,12,0,2,1,3,0,0,0,2,0,7,60,2,4026,4026,8,9,40,1,0,0,0,0
1292643,3,2022,2022,8,1,6,35,27,173,284,0,1,10,-33.77764,151.108326,61,0,2,1,2,0,0,0,2,2,7,70,2,1192,1192,1,5,5,2,0,0,0,0
1292646,3,2022,2022,0,2,9,1104,14,142,962,0,1,6,-33.826583,151.004127,54,0,2,0,1,0,0,0,3,0,7,60,2,14295,14295,3,5,5,2,0,0,0,0
1292648,3,2022,2022,8,2,11,2,18,19,34609,0,1,1,-28.577921,153.507962,10,2,1,0,0,0,3,4,0,0,7,60,0,4552,5151,8,0,40,1,0,0,0,0
1292650,3,2022,2022,0,1,0,3,1,75,34609,0,1,9,-33.88399,151.11353,9,0,2,0,2,0,0,0,0,0,0,50,0,4552,5151,1,5,23,3,0,0,0,0
1292658,3,2022,2022,6,6,2,161,17,11,161,0,1,1,-36.047504,148.83089,65,1,0,0,3,0,1,0,0,0,7,100,2,1957,4009,8,0,40,1,0,0,0,0
1292660,3,2022,2022,6,5,3,115,27,96,173,0,1,2,-34.23114,150.669882,79,2,2,1,3,0,0,0,2,0,7,80,2,14295,14295,3,5,13,2,0,0,0,0
1292663,3,2022,2022,6,0,8,16,27,3,34609,0,1,9,-34.146299,142.158358,51,1,0,1,3,0,0,0,3,0,7,100,0,1669,1669,3,5,12,2,0,0,0,0
1292664,3,2022,2022,6,1,4,5,31,55,34609,0,1,10,-36.234536,149.124006,65,2,1,1,3,0,0,0,2,0,0,50,0,6545,6545,4,0,0,2,0,0,0,0
1292666,3,2022,2022,8,5,8,346,17,103,332,0,1,9,-28.814729,153.315023,39,2,1,1,3,0,3,4,2,0,7,60,2,5929,5929,1,0,13,2,0,0,0,0
1292667,3,2022,2022,8,0,4,59,27,252,41,0,1,10,-33.938472,150.868113,41,0,2,1,3,0,0,0,2,2,7,60,1,5929,5929,1,5,5,2,0,0,0,0
1292668,3,2022,2022,6,6,6,22,27,151,10,0,1,7,-34.026967,150.839029,13,0,2,1,3,0,0,0,2,0,0,50,1,1391,1391,1,0,0,2,0,0,0,0
1292669,3,2022,2022,8,5,4,205,27,161,415,0,1,2,-33.707811,151.186616,36,0,2,1,3,0,0,0,2,0,0,90,2,1981,1981,4,5,12,2,0,0,0,0
1292678,3,2022,2022,6,6,3,7,27,36,34609,0,1,1,-34.478905,149.469678,74,2,1,1,3,0,3,4,2,0,7,80,0,1981,1981,4,10,5,2,0,0,0,0
1292679,3,2022,2022,6,1,5,109,27,95,382,0,1,2,-33.733454,150.848078,7,0,2,1,3,0,0,0,2,0,7,70,2,14295,14295,3,5,13,2,0,0,0,0
1292680,3,2022,2022,8,3,1,229,14,36,237,0,1,3,-33.763856,151.082502,31,0,2,1,3,0,0,0,0,0,7,100,2,9859,9859,8,0,40,1,0,0,0,0
1292686,3,2022,2022,6,2,2,220,14,130,220,0,1,3,-34.455603,150.85727,80,0,2,1,2,0,0,0,0,0,7,100,2,1282,1282,1,30,41,2,0,0,0,0
1292695,3,2022,2022,8,1,9,2261,17,204,2252,1,0,9,-33.89028,151.129808,32,0,2,1,2,0,3,4,0,2,7,60,2,14295,14295,3,0,5,3,0,0,0,0
1292696,3,2022,2022,8,6,2,42,27,67,231,0,1,1,-33.406992,151.336832,16,2,2,1,2,0,0,0,0,0,7,60,2,9859,9859,1,10,5,2,0,0,0,0
1292709,3,2022,2022,8,3,6,15,10,69,34609,0,1,7,-33.775829,150.975635,54,0,2,1,3,0,0,0,2,0,0,50,0,83,83,1,5,0,2,0,0,0,0
1292711,3,2022,2022,6,5,10,37,31,91,34609,0,1,7,-33.957393,151.085649,25,0,2,1,3,0,0,0,0,0,0,50,0,6545,6545,4,5,13,2,0,0,0,0
1292714,3,2022,2022,6,3,7,12,31,18,34609,0,1,1,-36.073481,146.890993,0,2,1,1,3,0,3,3,2,0,7,60,0,1981,1981,4,5,36,2,0,0,0,0
1292715,3,2022,2022,6,4,8,3371,17,104,3342,0,1,2,-32.833717,151.686548,48,0,2,1,3,0,0,0,2,0,7,80,2,14295,14295,3,5,0,2,0,0,0,0
1292716,3,2022,2022,6,6,7,485,31,169,769,0,1,1,-33.601863,150.76398,29,2,2,1,3,0,0,0,2,0,7,60,2,1109,787,1,10,5,2,0,0,0,0
1292717,3,2022,2022,6,5,2,475,10,78,268,0,1,9,-33.880591,150.792771,55,0,2,1,3,0,0,0,0,0,0,60,2,926,926,4,9,13,2,0,0,0,0
1292718,3,2022,2022,6,5,6,3371,17,18,3342,0,1,2,-30.692498,152.942005,47,1,0,1,3,0,0,0,2,0,7,110,2,9859,9859,8,0,40,1,0,0,0,0
1292719,3,2022,2022,6,5,8,56,27,80,80,0,1,1,-33.886054,151.175137,32,0,2,1,3,0,0,0,3,0,7,40,2,1109,787,1,5,5,2,0,0,0,0
1292720,3,2022,2022,6,1,6,12,27,79,42,0,1,1,-33.567852,150.737784,29,2,2,0,3,0,0,0,2,0,7,70,1,3775,3775,0,5,5,2,0,0,0,0
1292725,3,2022,2022,8,2,0,296,27,187,293,0,1,2,-33.879923,150.978771,15,0,2,1,2,0,0,0,0,0,7,60,2,9859,9859,8,10,40,2,0,0,0,0
1292726,3,2022,2022,6,2,1,11,27,27,144,0,1,2,-32.876407,151.73423,48,0,2,0,2,0,3,0,0,0,7,80,2,4552,5151,8,5,40,1,0,0,0,0
1292728,3,2022,2022,6,1,9,6,31,134,34609,0,1,10,-33.684481,150.87787,7,0,2,1,3,0,0,0,0,0,0,50,0,1669,1669,3,5,0,2,0,0,0,0
1292729,3,2022,2022,8,1,4,38,27,115,165,0,1,1,-33.958619,151.063652,25,0,2,1,3,0,0,0,2,0,7,50,1,14295,14295,3,10,5,3,0,0,0,0
1292730,3,2022,2022,8,2,7,3371,17,463,3342,0,1,10,-30.297168,153.113087,19,2,1,1,3,0,3,4,2,2,7,60,2,2852,2852,4,0,2,2,0,0,0,0
1292731,3,2022,2022,8,2,6,126,27,22,168,0,1,10,-34.067933,150.802517,13,0,2,1,3,0,0,0,2,2,7,60,2,14295,14295,3,30,13,2,0,0,0,0
1292732,3,2022,2022,6,0,7,125,27,22,144,0,1,7,-32.857326,151.803327,57,2,1,1,3,0,3,4,2,0,0,70,2,14295,14295,3,5,13,2,0,0,0,0
1292733,3,2022,2022,6,0,7,112,17,27,112,0,1,1,-31.72552,143.49436,51,1,0,1,3,0,0,3,2,0,7,110,2,945,945,5,10,40,1,0,0,0,0
1292737,3,2022,2022,6,4,10,18,27,3,34609,0,1,1,-32.60691,151.426876,64,1,0,0,3,0,0,0,0,0,7,100,0,1089,1089,7,10,40,1,0,0,0,0
1292738,3,2022,2022,8,5,7,1052,27,69,262,0,1,2,-32.905183,151.691527,48,0,2,0,3,0,0,0,2,0,7,60,2,14295,14295,3,0,13,3,0,0,0,0
1292740,3,2022,2022,8,3,8,157,17,36,158,0,1,1,-33.890435,148.144443,51,2,1,0,3,0,0,0,2,0,7,80,2,1850,1463,5,10,40,1,0,0,0,0
1292744,3,2022,2022,8,3,1,26,27,103,34609,0,1,1,-32.942815,151.654794,37,0,2,0,2,0,3,0,0,0,7,60,0,4552,5151,8,0,40,1,0,0,0,0
1292750,3,2022,2022,8,2,0,19,31,188,34609,0,1,9,-33.9434,151.099332,25,0,2,1,2,0,0,0,0,0,7,50,0,4026,4026,8,5,40,1,0,0,0,0
1292753,3,2022,2022,8,4,2,22,31,37,47,1,0,1,-34.643047,150.77353,35,2,1,1,0,0,2,6,0,0,7,50,2,9859,9859,8,30,40,1,0,0,0,0
1292764,3,2022,2022,6,0,3,13,27,646,563,0,1,10,-33.910709,151.041911,15,0,2,1,3,0,0,0,2,2,7,60,2,14295,14295,3,5,5,3,0,0,0,0
1292765,3,2022,2022,6,0,5,3371,17,32,3342,0,1,2,-31.939402,152.47894,43,1,0,1,3,0,0,0,2,0,7,110,2,404,404,8,30,40,1,0,0,0,0
1292768,3,2022,2022,6,1,6,42,31,316,6,0,1,2,-31.434592,152.905709,56,2,1,1,1,0,0,0,2,0,7,60,1,1282,1282,1,0,40,2,0,0,0,0
1292770,3,2022,2022,6,5,1,14,27,609,34609,1,0,1,-33.784778,150.893466,7,0,2,1,2,0,0,0,0,0,9,50,0,9859,9859,8,5,40,1,0,0,0,0
1292779,3,2022,2022,8,1,7,15,31,131,34609,0,1,2,-36.08053,146.914265,0,2,1,1,3,0,3,4,2,0,7,50,0,1282,1282,1,5,40,1,0,0,0,0
1292784,3,2022,2022,8,2,10,27,1,132,148,0,1,1,-34.152127,151.021742,68,0,2,0,3,0,3,0,0,0,7,60,2,4552,5151,8,5,40,1,0,0,0,0
1292791,3,2022,2022,6,2,4,19,31,108,34609,0,1,10,-28.867694,153.571078,2,2,1,1,3,0,0,0,2,0,7,60,0,5929,5929,1,0,36,2,0,0,0,0
1292792,3,2022,2022,6,1,8,39,27,57,147,0,1,9,-28.636607,153.560354,10,2,1,1,3,0,0,0,0,0,7,60,1,5929,5929,1,10,5,2,0,0,0,0
1292793,3,2022,2022,6,5,8,36,27,5,39,0,1,1,-32.523387,148.967807,22,1,0,0,3,0,0,0,3,0,7,100,2,1089,1089,7,0,40,1,0,0,0,0
1292794,3,2022,2022,6,1,2,21,27,7,174,0,1,1,-33.007887,151.550208,37,0,2,0,3,0,0,0,1,0,7,80,2,2585,4009,8,5,40,1,0,0,0,0
1292795,3,2022,2022,6,2,3,4,10,43,34609,0,1,7,-33.728353,150.783172,7,0,2,0,3,0,0,0,2,0,0,50,0,2585,777,1,0,12,2,0,0,0,0
1292796,3,2022,2022,6,0,4,37,1,126,34609,1,2,10,-33.94656,150.802948,41,0,2,1,3,0,0,0,2,0,15,40,0,6545,6545,4,0,0,2,0,0,0,0
1292806,3,2022,2022,8,4,4,1,7,96,34609,0,1,9,-34.04684,150.848646,13,0,2,0,1,0,0,0,2,0,0,50,0,1109,397,1,5,22,2,0,0,0,0
1292832,3,2022,2022,8,2,11,149,10,136,702,0,1,2,-33.85852,151.069389,67,0,2,1,2,0,0,0,0,0,7,80,2,14295,14295,3,15,40,2,0,0,0,0
1292844,3,2022,2022,0,0,10,3371,17,32,3342,0,1,2,-29.098668,153.340246,60,1,0,1,0,0,3,4,0,0,7,110,2,4026,4026,8,5,40,1,0,0,0,0
1292856,3,2022,2022,7,4,8,57,27,5,143,0,1,1,-33.888893,149.347984,3,1,0,0,3,0,3,3,2,0,7,100,2,1957,4009,8,34,40,1,0,0,0,0
1292857,3,2022,2022,0,4,3,133,17,22,121,0,1,1,-36.869315,149.255257,65,1,0,1,0,0,0,0,2,0,7,100,2,3775,3775,0,10,0,3,0,0,0,0
1292859,3,2022,2022,0,2,9,265,17,14,193,0,1,1,-34.044671,148.550093,30,1,0,1,1,0,0,0,3,0,7,100,2,1945,1945,5,16,40,1,0,0,0,0
1292860,3,2021,2021,2,0,2,1,27,1,34609,0,1,1,-28.384268,153.335429,72,2,1,0,0,0,0,0,0,0,7,60,0,1259,5151,8,5,40,1,0,0,0,0
1292866,3,2022,2022,0,4,10,137,14,16,70,0,1,3,-32.864222,151.560835,17,1,0,1,0,0,3,4,0,0,7,110,2,9859,9859,8,5,40,1,0,0,0,0
1292870,3,2022,2022,7,3,8,109,27,137,105,0,1,9,-33.895236,150.90604,24,0,2,1,0,0,0,0,2,0,7,60,2,9859,9859,8,5,40,1,0,0,0,0
1292874,3,2022,2022,8,6,6,3,31,112,34609,0,1,4,-33.917093,150.938021,41,0,2,0,0,0,2,2,2,0,7,50,0,1957,4009,1,29,5,2,0,0,0,0
1292883,3,2022,2022,7,6,11,2209,17,166,2205,0,1,10,-33.897228,151.179141,32,0,2,1,2,0,0,0,0,2,7,40,2,1282,1282,1,29,5,2,0,0,0,0
1292886,3,2022,2022,0,5,11,22,1,337,217,0,1,9,-33.735378,151.004276,71,0,2,0,2,0,3,3,0,0,15,50,2,4552,5151,8,5,40,1,0,0,0,0
1292890,3,2022,2022,8,2,11,17,31,42,10,0,1,1,-33.822019,151.195715,77,0,2,1,2,0,3,4,0,0,7,50,1,9859,9859,1,33,5,3,0,0,0,0
1292892,3,2022,2022,0,0,11,2209,17,115,2205,0,1,2,-33.912519,151.179345,32,0,2,1,3,0,3,4,0,0,7,60,2,1282,1282,1,5,5,2,0,0,0,0
1292896,3,2022,2022,8,6,11,3371,17,225,3342,0,1,2,-33.799181,151.178815,77,0,2,1,2,0,0,0,0,0,7,60,2,9859,9859,8,5,40,1,0,0,0,0
1292908,3,2022,2022,0,2,6,1,31,16,34609,0,1,1,-33.730374,151.280469,50,0,2,1,1,0,0,0,2,0,7,50,0,9859,9859,8,10,40,1,0,0,0,0
1292910,3,2022,2022,6,5,7,17,27,323,34609,0,1,6,-33.813077,150.832953,7,0,2,0,2,0,0,0,2,0,7,80,0,1850,1463,5,3,40,1,0,0,0,0
1292924,3,2022,2022,6,5,7,280,10,54,240,0,1,7,-33.851143,150.87633,24,0,2,0,3,0,3,0,2,0,0,70,2,926,926,4,5,12,2,0,0,0,0
1292940,3,2022,2022,6,3,0,10,1,89,34609,0,1,1,-33.379343,151.462501,16,2,2,0,2,0,0,0,0,0,7,50,0,4552,5151,1,33,5,2,0,0,0,0
1292944,3,2022,2022,8,4,1,194,31,445,18,0,1,1,-33.864179,151.053871,21,0,2,1,0,0,3,4,0,0,7,60,1,9859,9859,1,0,10,2,0,0,0,0
1292961,3,2022,2022,0,1,11,1,7,314,34609,0,1,1,-33.84628,150.924727,24,0,2,1,0,0,0,0,0,0,7,50,0,9859,9859,1,5,5,2,0,0,0,0
1292968,3,2022,2022,6,5,7,2,10,28,34609,0,1,9,-34.54854,150.84829,62,0,2,0,3,0,0,0,2,0,15,50,0,926,926,4,5,36,2,0,0,0,0
1292972,3,2022,2022,6,5,8,230,27,47,284,0,1,9,-33.806338,151.153301,38,0,2,1,3,0,0,0,2,2,7,70,2,14295,14295,3,10,13,3,0,0,0,0
1292975,3,2022,2022,6,5,5,23,27,61,21,0,1,9,-33.746304,150.896744,7,0,2,1,3,0,0,0,2,2,15,60,1,186,186,1,5,13,2,0,0,0,0
1292976,3,2022,2022,6,1,10,20,27,49,81,0,1,1,-34.433742,148.711536,30,1,0,1,3,0,0,6,0,0,7,100,2,9859,9859,8,0,40,1,0,0,0,0
1292978,3,2022,2022,6,4,4,3371,17,107,3342,0,1,9,-33.268585,151.435689,16,2,2,1,3,0,0,0,2,2,7,70,2,10,10,4,5,5,2,0,0,0,0
1292981,3,2022,2022,6,0,10,115,27,55,114,0,1,10,-33.885012,151.26794,81,0,2,1,3,0,0,0,0,2,7,50,2,5929,5929,1,5,13,2,0,0,0,0
1292991,3,2022,2022,8,5,4,3,27,39,34609,1,2,1,-34.04412,150.756881,12,0,2,1,0,0,0,0,2,0,7,40,0,9859,9859,1,33,5,2,0,0,0,0
1293008,3,2022,2022,6,2,4,103,27,94,563,0,1,10,-33.834,151.048216,54,0,2,1,3,0,0,0,2,3,9,70,2,14295,14295,3,5,5,2,0,0,0,0
1293009,3,2022,2022,6,6,4,2126,17,62,2149,0,1,10,-33.745921,150.61261,8,2,2,1,3,0,0,0,2,2,7,60,2,14295,14295,3,5,5,2,0,0,0,0
1293010,3,2022,2022,6,2,7,4,31,225,34609,0,1,7,-33.789497,151.185266,77,0,2,1,3,0,0,0,2,0,0,40,0,6545,6545,4,21,12,2,0,0,0,0
1293012,3,2022,2022,6,4,3,29,31,139,51,0,1,10,-33.88232,151.140338,32,0,2,1,3,0,0,0,2,0,0,50,1,6545,6545,4,5,5,2,0,0,0,0
1293013,3,2022,2022,6,3,6,4,27,21,34609,0,1,9,-31.981478,152.493492,43,1,0,0,3,2,0,0,2,0,7,100,0,1850,985,5,0,40,1,0,0,0,0
1293015,3,2022,2022,0,4,0,8,1,40,79,0,1,9,-33.813748,151.210994,77,0,2,0,2,0,3,4,0,0,7,50,2,4552,5151,8,30,40,1,0,0,0,0
1293021,3,2022,2022,6,4,9,512,17,9,441,0,1,9,-32.439709,148.876378,22,1,0,1,3,0,0,0,3,0,0,110,2,14295,14295,3,5,13,2,0,0,0,0
1293024,3,2022,2022,6,3,3,128,27,74,133,0,1,2,-33.770713,150.673968,55,0,2,1,3,0,0,0,2,0,7,60,2,4026,4026,8,5,40,1,0,0,0,0
1293025,3,2022,2022,6,5,9,308,14,252,311,0,1,3,-33.933378,150.869028,41,0,2,0,3,0,3,0,0,0,7,100,2,1089,1089,7,5,40,1,0,0,0,0
1293026,3,2022,2022,6,5,3,2126,17,55,2149,0,1,9,-33.795601,150.8894,7,0,2,1,3,0,0,0,2,0,15,80,2,623,623,3,34,5,2,0,0,0,0
1293031,3,2022,2022,8,5,8,5,27,80,34609,0,1,1,-34.58105,146.408867,51,2,1,1,3,0,0,3,0,0,7,80,0,945,945,5,0,40,1,0,0,0,0
1293034,3,2022,2022,6,2,8,1,31,87,34609,0,1,10,-33.693456,150.957142,71,0,2,1,3,0,0,0,2,0,0,50,0,6545,6545,4,10,0,2,0,0,0,0
1293037,3,2022,2022,8,4,11,3371,17,8,3342,0,1,3,-28.308878,153.514336,72,1,0,0,3,0,0,0,0,0,7,110,2,2585,4009,8,5,40,1,0,0,0,0
1293039,3,2022,2022,8,1,8,158,27,173,207,0,1,10,-33.876879,151.228411,69,0,2,1,3,0,3,4,2,2,7,60,2,395,395,1,5,5,2,0,0,0,0
1293041,3,2022,2022,6,6,7,76,31,201,34609,0,1,1,-34.872944,150.605138,63,2,1,1,3,0,3,0,2,0,7,50,0,1981,1981,4,0,5,2,0,0,0,0
1293042,3,2022,2022,8,1,7,39,10,154,34609,0,1,9,-33.711129,150.936146,71,0,2,1,3,0,3,0,2,2,7,60,0,14295,14295,3,5,0,2,0,0,0,0
1293045,3,2022,2022,6,0,3,220,14,30,220,0,1,3,-34.484044,150.818504,80,0,2,1,3,0,0,0,2,0,7,100,2,1391,1391,1,8,5,2,0,0,0,0
1293049,3,2022,2022,6,0,3,2,27,77,44,0,1,10,-33.724669,151.081318,31,0,2,1,3,0,0,0,2,2,9,50,1,395,395,1,8,5,2,0,0,0,0
1293050,3,2022,2022,6,5,7,177,22,239,176,0,1,9,-34.036823,151.117091,68,0,2,1,3,0,0,0,2,0,0,60,2,5929,5929,1,5,5,2,0,0,0,0
1293051,3,2022,2022,6,0,6,162,31,83,13,0,1,7,-33.905318,151.118473,15,0,2,1,3,0,0,0,2,0,0,50,1,926,926,4,5,10,2,0,0,0,0
1293053,3,2022,2022,6,0,3,361,32,62,96,0,1,9,-33.89408,151.149844,32,0,2,1,3,0,0,0,2,2,7,60,2,14295,14295,3,5,5,2,0,0,0,0
1293056,3,2022,2022,8,1,6,171,31,149,34609,0,1,10,-33.986056,151.137134,4,0,2,1,3,0,0,0,2,0,0,50,0,6545,6545,4,0,0,2,0,0,0,0
1293057,3,2022,2022,6,1,8,163,27,73,165,0,1,2,-33.754517,150.804147,7,0,2,1,3,0,0,0,3,0,7,60,1,9859,9859,8,9,40,1,0,0,0,0