Crash ID,Degree of crash - detailed,Reporting year,Year of crash,Month of crash,Day of week of crash,Two-hour intervals,Street of crash,Street type,Town,Route no.,School zone location,School zone active,Type of location,Latitude,Longitude,LGA,Urbanisation,Conurbation 1,Alignment,Street lighting,Road surface,Surface condition,Weather,Natural lighting,Signals operation,Other traffic control,Speed limit,Road classification,RUM - code,DCA - code,First impact type,Key TU type,Other TU type,No. of traffic units involved,No. killed,No. seriously injured,No. moderately injured,No. minor-other injured
1293058,3,2022,2022,6,0,5,25,27,49,27,0,1,1,-34.400262,148.751262,30,1,0,0,3,0,3,3,2,0,7,100,1,3775,3775,0,9,10,2,0,0,0,0
1293060,3,2022,2022,6,5,4,1,31,26,34609,0,1,1,-34.567825,146.000784,51,2,1,1,3,0,0,3,2,0,7,50,0,248,248,1,0,25,2,0,0,0,0
1293062,3,2022,2022,6,5,5,2209,17,144,2205,0,1,2,-34.064526,151.018275,68,0,2,0,1,0,0,0,2,0,7,70,2,1282,1282,1,9,5,2,0,0,0,0
1293063,3,2022,2022,8,1,3,13,27,210,7,0,1,1,-34.031692,151.104103,68,0,2,1,3,0,0,0,2,0,7,50,1,1981,1981,4,5,5,2,0,0,0,0
1293068,3,2022,2022,8,0,7,19,31,433,40,0,1,1,-33.29528,149.101455,52,2,1,1,1,0,0,3,2,0,7,50,1,1981,1981,4,5,5,2,0,0,0,0
1293089,3,2022,2022,6,5,3,485,27,25,769,0,1,2,-33.615356,150.833855,29,2,2,1,1,0,0,0,1,0,7,80,2,14295,14295,3,10,0,3,0,0,0,0
1293090,3,2022,2022,0,1,9,97,31,460,92,0,1,2,-33.833674,150.992224,21,0,2,1,2,0,0,0,0,0,7,60,1,14295,14295,3,5,5,2,0,0,0,0
1293093,3,2022,2022,6,4,7,1,1,309,34609,0,1,1,-33.810814,151.109488,61,0,2,1,1,0,0,0,2,0,7,50,0,9859,9859,1,33,0,2,0,0,0,0
1293096,3,2022,2022,3,4,8,2209,17,144,2205,0,1,2,-34.067036,151.015163,68,0,2,1,0,0,0,0,2,0,7,70,2,14295,14295,3,5,5,4,0,0,0,0
1293098,3,2022,2022,6,6,3,475,10,42,268,0,1,7,-33.880749,150.807999,41,0,2,0,1,0,0,0,2,0,0,80,2,150,150,4,3,13,2,0,0,0,0
1293111,3,2022,2022,0,0,5,2,27,316,34609,0,1,1,-33.908793,151.247595,59,0,2,1,1,0,0,0,2,0,7,50,0,4026,4026,1,0,5,3,0,0,0,0
1293115,3,2022,2022,0,4,0,1,31,65,34609,0,1,1,-33.859453,150.913578,24,0,2,1,2,0,0,0,0,0,7,50,0,4026,4026,8,5,40,2,0,0,0,0
1293116,3,2022,2022,6,4,8,387,27,290,331,0,1,9,-33.952479,151.122719,4,0,2,1,3,0,0,0,3,2,7,60,2,5929,5929,1,5,0,2,0,0,0,0
1293118,3,2022,2022,6,0,9,57,27,337,47,0,1,2,-33.729538,150.996358,71,0,2,1,3,0,0,0,0,0,7,60,2,14295,14295,3,5,5,2,0,0,0,0
1293123,3,2022,2022,6,4,4,106,27,252,106,0,1,9,-33.927814,150.882584,41,0,2,1,1,0,0,0,2,2,7,70,2,14295,14295,3,33,0,2,0,0,0,0
1293124,3,2022,2022,8,1,10,220,14,85,220,0,1,3,-34.57013,150.782223,62,0,2,1,1,0,3,0,0,0,7,100,2,9859,9859,8,5,40,1,0,0,0,0
1293125,3,2022,2022,0,6,9,916,17,14,917,0,1,2,-32.447755,151.057305,64,1,0,0,0,0,3,4,0,0,7,90,2,2585,4009,8,10,40,1,0,0,0,0
1293127,3,2022,2022,6,3,5,1,27,370,34609,0,1,9,-34.058199,150.820698,13,0,2,0,3,0,0,0,2,0,15,60,0,3775,3775,0,5,5,2,0,0,0,0
1293135,3,2022,2022,6,5,4,45,3,33,331,0,1,2,-34.061138,150.727129,12,0,2,1,3,0,0,0,2,0,7,80,2,14295,14295,3,0,5,2,0,0,0,0
1293137,3,2022,2022,6,1,3,112,27,6,769,0,1,1,-33.519055,150.29851,8,1,2,0,3,0,1,2,2,0,7,100,2,404,404,8,0,40,1,0,0,0,0
1293138,3,2022,2022,6,3,6,2209,17,40,2205,0,1,2,-34.695559,150.843174,35,2,1,0,3,0,0,0,2,0,7,80,2,380,714,5,5,40,1,0,0,0,0
1293141,3,2022,2022,6,2,6,1,31,106,34609,0,1,9,-28.847948,153.04666,60,2,1,0,3,0,0,0,2,0,0,50,0,5929,5929,1,0,36,2,0,0,0,0
1293143,3,2022,2022,6,5,2,387,27,290,331,0,1,1,-33.95343,151.119445,4,0,2,0,3,0,0,0,0,0,7,60,2,2585,4009,8,5,40,1,0,0,0,0
1293146,3,2022,2022,6,4,8,25,1,69,34609,1,0,1,-28.559273,153.49495,10,2,1,1,2,0,0,0,3,0,7,50,0,4026,4026,8,10,40,1,0,0,0,0
1293147,3,2022,2022,6,0,11,3,27,29,34609,0,1,1,-35.103144,150.619131,63,2,1,1,2,0,0,0,0,0,7,50,0,9859,9859,8,34,40,1,0,0,0,0
1293161,3,2022,2022,6,4,4,19,27,61,49,0,1,9,-33.893925,150.903214,24,0,2,1,1,0,0,0,2,0,0,50,1,2852,2852,4,33,5,2,0,0,0,0
1293167,3,2022,2022,6,4,7,3371,17,57,3342,0,1,9,-33.676599,151.112303,31,0,2,1,1,0,0,0,2,2,7,60,2,6545,6545,4,5,5,2,0,0,0,0
1293170,3,2022,2022,8,5,8,109,27,204,105,0,1,1,-33.898228,150.924807,24,0,2,1,1,0,0,0,2,0,7,60,2,14295,14295,3,0,0,3,0,0,0,0
1293182,3,2022,2022,6,0,5,28,10,12,70,0,1,9,-31.920967,152.461972,43,2,1,1,3,0,0,0,2,0,7,60,1,14295,14295,3,5,0,3,0,0,0,0
1293187,3,2022,2022,6,6,7,4,27,61,36,0,1,9,-33.760375,151.126031,36,0,2,1,3,0,0,0,2,2,7,60,1,14295,14295,3,0,0,2,0,0,0,0
1293193,3,2022,2022,6,4,10,89,17,82,34609,0,1,9,-34.37115,150.897244,80,0,2,1,3,0,0,0,0,0,7,50,0,1669,1669,3,5,5,2,0,0,0,0
1293194,3,2022,2022,6,0,7,829,27,159,770,0,1,2,-33.807201,151.085263,61,0,2,1,3,0,0,3,2,0,7,60,2,14295,14295,3,5,0,3,0,0,0,0
1293197,3,2022,2022,6,4,9,515,14,204,518,0,1,3,-33.938826,151.154359,4,0,2,1,3,0,0,0,0,0,7,80,2,1383,1383,1,29,5,2,0,0,0,0
1293198,3,2022,2022,6,6,5,4,27,210,34609,0,1,10,-34.037746,151.091489,68,0,2,1,3,0,0,0,2,0,0,50,0,6545,6545,4,5,5,2,0,0,0,0
1293199,3,2022,2022,6,3,1,3371,17,107,3342,0,1,1,-33.269387,151.441265,16,2,2,1,3,0,0,0,0,0,7,70,2,4026,4026,8,10,40,1,0,0,0,0
1293207,3,2022,2022,6,5,5,133,17,12,121,0,1,1,-36.07197,149.15975,65,1,0,1,3,0,0,0,2,0,7,100,2,1391,1391,1,5,13,2,0,0,0,0
1293208,3,2022,2022,6,6,4,71,36,9,61,0,1,9,-34.838147,145.85961,51,1,0,1,3,0,0,3,2,0,7,100,2,1945,1945,5,8,40,1,0,0,0,0
1293212,3,2022,2022,6,5,8,22,27,10,34609,0,1,1,-33.149109,151.409856,37,0,2,1,3,0,0,0,3,0,7,80,0,1192,1192,1,30,5,2,0,0,0,0
1293237,3,2022,2022,8,5,7,361,23,84,35,0,1,9,-33.883795,150.946306,24,0,2,1,0,0,0,0,2,0,0,60,1,1109,787,1,10,5,2,0,0,0,0
1293242,3,2022,2022,6,2,11,5,27,8,34609,0,1,9,-34.615095,146.433693,51,1,0,1,0,0,0,0,0,0,7,100,0,489,489,8,0,40,1,0,0,0,0
1293243,3,2022,2022,6,5,4,232,36,34,331,0,1,2,-34.011129,150.769339,12,0,2,1,0,0,0,0,2,0,7,80,2,14295,14295,3,33,0,2,0,0,0,0
1293244,3,2022,2022,8,2,1,2,31,8,34609,0,1,9,-33.646859,151.314301,50,0,2,0,2,0,0,3,0,0,7,50,0,273,985,5,10,40,1,0,0,0,0
1293245,3,2022,2022,6,5,7,1104,11,532,770,0,1,3,-33.87222,151.2027,69,0,2,1,1,0,0,0,2,0,7,60,2,1383,1383,1,10,5,2,0,0,0,0
1293249,3,2022,2022,8,3,0,8,27,127,34609,1,0,1,-33.844015,150.829322,24,0,2,1,0,0,0,0,0,0,7,60,0,9859,9859,8,5,40,1,0,0,0,0
1293253,3,2022,2022,6,1,9,149,27,52,198,0,1,1,-33.983378,150.992742,68,0,2,0,2,0,0,0,0,0,7,80,2,1089,1089,7,0,40,1,0,0,0,0
1293256,3,2022,2022,6,6,8,9,31,79,34609,0,1,10,-34.003514,150.735639,12,0,2,1,1,0,0,0,2,0,0,50,0,6545,6545,4,5,5,2,0,0,0,0
1293260,3,2022,2022,6,3,2,2,31,102,34609,0,1,1,-31.117569,150.926003,70,2,1,0,2,0,0,0,0,0,7,50,0,4552,5151,8,34,40,1,0,0,0,0
1293265,3,2022,2022,8,2,8,46,31,65,34609,0,1,9,-33.809831,150.956937,21,0,2,1,2,0,0,0,3,0,7,50,0,387,387,1,33,5,2,0,0,0,0
1293273,3,2022,2022,6,2,1,4,10,80,34609,0,1,1,-33.745177,150.648052,55,0,2,1,2,0,3,3,0,0,7,50,0,4026,4026,1,5,0,2,0,0,0,0
1293278,3,2022,2022,7,3,10,1,27,70,34609,0,1,1,-33.982329,151.105621,25,0,2,1,1,0,0,0,0,0,7,50,0,9859,9859,1,5,0,3,0,0,0,0
1293280,3,2022,2022,8,0,9,194,31,204,34609,0,1,10,-33.899527,150.936337,24,0,2,1,0,0,0,0,0,0,0,50,0,4552,985,1,5,0,2,0,0,0,0
1293284,3,2022,2022,6,0,6,26,27,56,68,0,1,10,-33.804383,151.205578,77,0,2,1,3,0,0,0,2,2,7,60,1,6545,6545,4,0,0,2,0,0,0,0
1293286,3,2022,2022,6,5,9,78,17,34,75,0,1,2,-33.858946,151.206484,69,0,2,0,3,0,0,0,0,0,7,70,2,1383,1383,1,19,5,2,0,0,0,0
1293287,3,2022,2022,6,0,4,515,14,166,518,0,1,3,-33.944615,150.982471,15,0,2,1,3,0,0,0,2,0,7,100,2,14295,14295,3,5,0,2,0,0,0,0
1293288,3,2022,2022,6,5,11,9,27,117,34609,0,1,1,-28.175639,153.526224,72,2,1,0,3,0,0,0,0,0,7,50,0,4552,5151,1,5,36,3,0,0,0,0
1293293,3,2022,2022,6,0,8,3,1,53,34609,0,1,7,-33.854687,150.965744,21,0,2,1,3,0,0,3,3,0,0,50,0,83,83,1,10,13,2,0,0,0,0
1293298,3,2022,2022,6,0,7,866,27,438,34609,0,1,9,-33.857189,151.024185,21,0,2,1,3,0,0,0,2,0,0,50,0,2852,2852,4,5,13,2,0,0,0,0
1293316,3,2022,2022,6,0,0,81,17,7,100,0,1,10,-34.439983,150.470416,78,2,1,1,2,0,0,0,0,2,7,80,2,14295,14295,3,0,12,2,0,0,0,0
1293321,3,2022,2022,6,5,2,478,17,35,480,0,1,1,-33.260932,151.560705,16,2,2,1,2,0,0,0,1,0,7,60,2,4026,4026,8,5,40,1,0,0,0,0
1293322,3,2022,2022,6,6,6,1,31,133,2205,0,1,10,-34.492721,150.795132,80,0,2,1,0,0,0,0,2,3,7,50,2,1282,1282,1,33,5,2,0,0,0,0
1293328,3,2022,2022,6,6,9,2126,17,139,2149,0,1,9,-33.884689,151.135666,32,0,2,1,3,0,0,0,0,3,7,60,2,1391,1391,1,5,5,2,0,0,0,0
1293332,3,2022,2022,6,1,5,1052,14,13,928,0,1,3,-33.699337,151.11863,36,0,2,0,3,0,0,0,2,0,7,110,2,14295,14295,3,5,5,3,0,0,0,0
1293334,3,2022,2022,6,0,4,5,23,115,34609,1,0,1,-34.034276,151.077421,68,0,2,1,3,0,0,0,2,0,7,50,0,9859,9859,1,5,5,4,0,0,0,0
1293335,3,2022,2022,6,2,2,5,27,290,19,0,1,1,-33.949391,151.114719,4,0,2,1,3,0,0,0,0,0,7,50,1,4026,4026,8,0,40,1,0,0,0,0
1293336,3,2022,2022,6,4,10,232,36,252,331,0,1,10,-33.953068,150.856079,41,0,2,1,3,0,0,0,0,2,7,70,2,5929,5929,1,5,5,2,0,0,0,0
1293337,3,2022,2022,6,0,0,348,27,363,88,0,1,10,-33.745626,150.691063,55,0,2,1,3,0,0,0,0,2,7,60,2,5929,5929,1,5,5,2,0,0,0,0
1293340,3,2022,2022,6,0,6,16,31,609,34609,0,1,9,-33.769376,150.916504,7,0,2,1,3,0,0,0,2,0,7,50,0,775,775,4,5,5,2,0,0,0,0
1293342,3,2022,2022,6,5,3,280,10,314,240,0,1,1,-33.854003,150.941748,24,0,2,1,3,0,0,0,2,0,7,60,2,14295,14295,3,29,5,2,0,0,0,0
1293346,3,2022,2022,6,5,7,9,27,8,228,0,1,1,-33.346388,150.980034,29,2,2,0,3,0,3,0,2,0,7,80,1,1850,1463,5,10,40,1,0,0,0,0
1293347,3,2022,2022,6,5,1,38,27,115,165,0,1,1,-33.95813,151.063247,25,0,2,1,3,0,0,0,0,0,7,50,1,9859,9859,1,9,5,2,0,0,0,0
1293360,3,2022,2022,6,3,5,102,31,293,28,0,1,10,-33.917483,151.050287,15,0,2,1,1,0,0,0,2,2,7,60,1,3775,3775,0,5,0,2,0,0,0,0
1293367,3,2022,2022,8,3,4,1052,14,46,928,0,1,3,-33.28267,151.406231,16,1,2,1,0,0,3,4,2,0,7,110,2,1192,1192,1,33,36,2,0,0,0,0
1293384,3,2022,2022,8,3,1,5,25,169,34609,0,1,9,-33.763299,150.831541,7,0,2,1,2,0,0,0,0,0,7,50,0,4026,4026,1,5,13,2,0,0,0,0
1293386,3,2022,2022,8,3,0,2,31,57,34609,0,1,9,-32.971728,151.689002,37,0,2,1,2,0,0,6,0,0,0,50,0,4026,4026,1,5,0,2,0,0,0,0
1293397,3,2022,2022,0,0,7,72,27,40,88,0,1,2,-33.796947,151.251549,50,0,2,1,1,0,0,0,2,0,7,50,2,1282,1282,1,0,0,2,0,0,0,0
1293409,3,2022,2022,0,1,2,93,10,283,125,0,1,1,-33.835396,151.015076,21,0,2,0,2,0,2,6,0,0,7,60,1,4552,5151,8,5,40,1,0,0,0,0
1293428,3,2022,2022,8,0,7,1104,14,609,962,0,1,3,-33.803382,150.900784,7,0,2,1,1,0,0,0,2,0,7,100,2,1383,1383,1,33,12,2,0,0,0,0
1293429,3,2022,2022,8,1,2,100,27,109,799,0,1,1,-33.905192,151.137543,32,0,2,1,3,0,2,6,0,0,7,60,2,9859,9859,1,0,0,2,0,0,0,0
1293438,3,2022,2022,8,4,9,294,17,17,288,0,1,1,-35.159123,147.552533,75,1,0,0,3,0,3,4,0,0,7,100,2,782,957,5,10,40,1,0,0,0,0
1293460,3,2022,2022,6,0,10,5,27,3,34609,0,1,1,-37.104259,149.794336,5,1,0,0,0,0,0,0,0,0,7,100,0,4552,5151,8,5,40,1,0,0,0,0
1293468,3,2022,2022,6,3,1,104,27,150,140,0,1,2,-33.924787,151.217153,59,0,2,1,2,0,0,0,0,0,7,60,2,9859,9859,1,0,5,2,0,0,0,0
1293476,3,2022,2022,8,1,5,512,17,17,441,0,1,1,-33.421013,149.413668,3,1,0,0,3,0,3,4,2,0,7,100,2,1259,5151,8,3,40,1,0,0,0,0
1293478,3,2022,2022,6,2,9,71,27,33,69,0,1,1,-36.409309,148.596871,65,2,1,0,0,0,0,0,0,0,7,80,2,1089,1089,7,21,40,1,0,0,0,0
1293496,3,2022,2022,6,6,9,71,31,78,103,0,1,9,-33.862595,151.009689,21,0,2,1,3,0,0,0,0,2,7,60,1,5929,5929,1,5,5,2,0,0,0,0
1293498,3,2022,2022,8,3,1,89,27,105,34609,0,1,2,-32.721984,151.526727,42,2,1,1,2,0,0,0,0,0,7,50,0,1981,1981,4,0,0,3,0,0,0,0
1293515,3,2022,2022,6,2,7,73,24,115,88,0,1,1,-33.759387,151.23276,50,0,2,1,3,0,0,0,2,0,7,80,2,941,941,1,5,5,2,0,0,0,0
1293518,3,2022,2022,6,6,9,118,17,29,118,0,1,9,-30.673552,150.041042,51,1,0,1,3,0,0,0,3,0,0,100,2,2852,2852,4,10,5,2,0,0,0,0
1293520,3,2022,2022,6,1,5,3,31,20,34609,0,1,7,-33.08033,151.655808,37,0,2,1,3,0,0,0,2,0,7,50,0,1945,1945,5,5,40,1,0,0,0,0
1293523,3,2022,2022,6,0,9,2126,17,247,2149,0,1,2,-33.813716,150.960919,21,0,2,1,3,0,0,0,0,0,7,80,2,14295,14295,3,5,5,2,0,0,0,0
1293524,3,2022,2022,6,0,6,2,31,150,34609,0,1,10,-33.922973,151.231184,59,0,2,1,3,0,0,0,2,0,15,50,0,6545,6545,4,5,5,2,0,0,0,0
1293525,3,2022,2022,6,0,4,57,27,337,47,0,1,6,-33.726326,150.97332,71,0,2,0,3,0,0,0,2,0,9,60,2,14295,14295,3,5,0,2,0,0,0,0
1293526,3,2022,2022,6,1,2,161,17,7,161,0,1,1,-36.632472,149.728717,5,1,0,0,3,0,3,4,0,0,7,100,2,782,957,5,0,40,1,0,0,0,0
1293527,3,2022,2022,6,2,3,2261,17,30,2252,0,1,2,-34.814709,148.408037,30,1,0,1,3,0,3,1,1,0,7,110,2,237,162,8,0,40,1,0,0,0,0
1293530,3,2022,2022,6,6,3,89,31,107,34609,0,1,10,-29.692959,152.940159,18,2,1,1,3,0,0,0,2,0,7,50,0,14295,14295,3,5,5,2,0,0,0,0
1293534,3,2022,2022,6,6,7,43,31,136,117,0,1,1,-32.917301,151.703446,48,0,2,1,3,0,0,0,2,0,7,60,2,14295,14295,3,29,36,3,0,0,0,0
1293537,3,2022,2022,6,3,3,3,27,42,34609,0,1,1,-33.633732,151.208031,50,0,2,0,3,0,3,4,1,0,7,50,0,1957,4009,8,5,40,1,0,0,0,0
1293538,3,2022,2022,6,2,8,13,27,89,34609,0,1,9,-33.378727,151.471252,16,2,2,1,3,0,3,4,0,2,15,60,0,5929,5929,1,5,5,2,0,0,0,0
1293539,3,2022,2022,6,1,5,866,17,187,793,0,1,2,-33.794609,150.991462,54,0,2,1,3,0,0,0,2,0,7,70,2,1383,1383,1,8,36,2,0,0,0,0
1293541,3,2022,2022,6,6,8,161,17,18,161,0,1,1,-35.182871,147.870956,20,1,0,1,3,0,0,0,2,0,7,100,2,1109,397,1,10,13,2,0,0,0,0
1293544,3,2022,2022,6,2,7,153,27,197,702,1,0,10,-33.952648,151.083419,25,0,2,1,3,0,0,0,2,2,7,60,2,14295,14295,3,9,5,4,0,0,0,0
1293547,3,2022,2022,6,1,7,16,10,30,15,0,1,1,-33.190535,151.577714,16,2,2,1,3,0,0,0,2,0,7,50,1,1391,1391,1,9,5,2,0,0,0,0
1293549,3,2022,2022,8,5,9,10,10,40,34609,0,1,7,-33.732401,150.959806,71,0,2,1,2,0,0,3,0,0,0,50,0,6545,6545,4,0,0,2,0,0,0,0
1293552,3,2022,2022,8,0,11,2261,17,284,2252,0,1,2,-33.907181,151.021541,15,0,2,1,2,0,3,4,0,0,7,60,2,9859,9859,8,5,40,1,0,0,0,0
1293557,3,2022,2022,6,3,3,109,27,16,169,0,1,1,-32.827623,151.404509,17,2,1,1,2,0,0,0,1,0,7,60,2,9859,9859,1,33,0,2,0,0,0,0
1293558,3,2022,2022,6,2,11,255,27,71,166,0,1,1,-33.262626,151.524529,16,2,2,1,2,0,3,4,0,0,7,50,2,9859,9859,1,0,5,2,0,0,0,0
1293559,3,2022,2022,8,6,6,16,31,176,34609,0,1,1,-33.958858,151.132512,4,0,2,1,0,2,3,4,2,0,7,50,0,9859,9859,1,5,5,2,0,0,0,0
1293565,3,2022,2022,6,3,10,4,31,29,34609,0,1,1,-32.86977,151.689493,48,0,2,1,2,0,0,0,0,0,7,50,0,9859,9859,1,10,40,3,0,0,0,0
1293571,3,2022,2022,8,4,8,296,27,290,293,1,0,9,-33.849159,150.997077,21,0,2,1,2,0,0,0,0,2,7,70,2,489,489,8,5,40,1,0,0,0,0
1293595,3,2022,2022,6,1,3,11,31,122,34609,0,1,1,-33.422555,151.339735,16,2,2,1,0,0,3,3,2,0,7,50,0,9859,9859,1,33,5,2,0,0,0,0
1293615,3,2022,2022,6,6,5,90,36,12,102,0,1,1,-34.35259,147.158371,51,1,0,1,3,0,0,0,2,0,7,100,2,9859,9859,8,8,40,1,0,0,0,0
1293620,3,2022,2022,6,2,7,3,27,161,34609,0,1,7,-33.72902,151.157359,36,0,2,0,3,0,0,0,2,0,0,40,0,6545,6545,4,0,5,2,0,0,0,0
1293623,3,2022,2022,0,6,10,10,31,112,34609,0,1,1,-33.906072,151.204295,69,0,2,1,3,0,0,0,0,0,7,40,0,144,144,1,5,18,2,0,0,0,0
1293624,3,2022,2022,6,0,3,2261,17,35,2252,0,1,2,-34.886841,148.219743,20,1,0,0,3,0,0,3,1,0,7,110,2,273,957,5,3,40,1,0,0,0,0
1293626,3,2022,2022,8,6,9,17,31,106,32,0,1,1,-33.914461,151.084875,15,0,2,1,2,0,0,0,0,0,7,50,2,9859,9859,1,0,13,2,0,0,0,0
1293628,3,2022,2022,6,2,0,76,23,198,34609,0,1,1,-33.909555,151.106727,15,0,2,1,3,0,0,0,0,0,7,50,0,1282,1282,1,5,5,3,0,0,0,0
1293635,3,2022,2022,6,4,9,2261,17,14,2252,0,1,2,-34.792301,149.170201,74,1,0,1,0,0,0,3,0,0,7,110,2,204,204,1,29,0,2,0,0,0,0
1293637,3,2022,2022,6,1,5,2209,17,79,2205,0,1,2,-33.974839,151.12775,25,0,2,1,3,0,0,3,2,0,7,70,2,1981,1981,4,9,5,2,0,0,0,0
1293648,3,2022,2022,8,6,3,10,31,198,34609,0,1,1,-33.914525,151.100356,15,0,2,1,1,0,0,0,1,0,7,50,0,9859,9859,1,5,10,2,0,0,0,0
1293657,3,2022,2022,0,6,4,8,1,86,34609,0,1,1,-33.735189,151.209483,50,0,2,0,1,0,0,0,2,0,7,50,0,2585,4009,8,5,40,1,0,0,0,0
1293660,3,2022,2022,6,3,0,48,31,92,45,0,1,10,-33.412418,151.345078,16,2,2,1,2,0,0,0,0,0,7,60,1,4026,4026,8,0,40,1,0,0,0,0
1293666,3,2022,2022,0,0,9,361,23,176,34609,0,1,1,-33.957756,151.1357,25,0,2,1,2,0,0,0,0,0,7,50,0,9859,9859,1,5,5,4,0,0,0,0
1293670,3,2022,2022,6,1,9,2,27,9,34609,0,1,1,-32.962183,147.764822,53,1,0,1,0,0,0,3,0,0,7,100,0,1089,1089,7,5,40,1,0,0,0,0
1293671,3,2022,2022,8,0,11,3,10,218,34609,0,1,9,-33.765756,150.774189,55,0,2,1,2,0,3,4,0,2,7,40,0,1669,1669,3,5,5,2,0,0,0,0
1293679,3,2022,2022,6,4,10,3,27,71,34609,0,1,1,-33.78029,150.696844,55,0,2,1,2,0,0,0,0,0,7,50,0,9859,9859,1,10,12,2,0,0,0,0
1293680,3,2022,2022,6,3,8,3371,17,2,3342,0,1,2,-33.130303,151.618962,37,0,2,0,0,0,3,4,0,0,7,90,2,2585,4009,8,5,40,1,0,0,0,0
1293691,3,2022,2022,8,1,9,2,1,188,34609,0,1,1,-33.933643,151.091561,15,0,2,1,2,0,0,0,0,0,7,50,0,4026,4026,1,0,5,3,0,0,0,0
1293693,3,2022,2022,6,6,8,30,31,36,143,0,1,7,-34.45793,149.470459,74,2,1,1,0,0,3,4,3,0,0,50,2,9859,9859,8,5,40,1,0,0,0,0
1293695,3,2022,2022,6,2,4,7,31,194,34609,0,1,1,-30.515354,151.668008,1,2,1,1,3,0,0,0,2,0,7,50,0,5929,5929,1,30,13,2,0,0,0,0
1293696,3,2022,2022,6,0,10,916,17,1,917,0,1,1,-28.944606,151.932328,51,1,0,1,3,0,0,0,0,0,7,100,2,1089,1089,7,3,40,2,0,0,0,0
1293707,3,2022,2022,6,4,11,10,27,271,42,0,1,10,-33.955421,151.017013,15,0,2,1,3,0,0,0,0,2,7,60,1,4552,985,8,5,40,1,0,0,0,0
1293709,3,2022,2022,6,0,6,86,27,12,65,0,1,1,-29.997316,152.709754,18,1,0,0,3,0,0,0,2,0,7,100,1,2585,4009,8,29,40,1,0,0,0,0
1293712,3,2022,2022,6,0,3,475,10,83,268,0,1,1,-33.878073,150.844558,41,0,2,0,3,0,0,0,1,0,7,70,2,1282,1282,1,0,10,2,0,0,0,0
1293713,3,2022,2022,8,6,10,22,27,151,34609,0,1,7,-34.033197,150.852237,13,0,2,1,3,0,0,0,0,0,0,50,0,2852,2852,4,5,0,2,0,0,0,0
1293714,3,2022,2022,6,2,9,3,27,3,34609,0,1,1,-34.883045,149.01835,82,1,0,1,3,0,3,4,0,0,7,100,0,9859,9859,8,5,40,1,0,0,0,0
1293718,3,2022,2022,6,2,1,40,31,562,34609,0,1,1,-32.253013,148.61714,22,2,1,1,3,0,0,1,0,0,7,50,0,1945,1945,5,5,40,1,0,0,0,0
1293719,3,2022,2022,6,4,5,192,10,57,114,0,1,9,-33.457965,151.357009,16,2,2,1,3,0,0,0,2,0,7,60,2,387,387,1,5,22,2,0,0,0,0
1293721,3,2022,2022,6,2,8,193,27,79,27,0,1,9,-33.976135,151.120158,25,0,2,1,3,0,0,0,2,0,7,60,1,1669,1669,3,5,13,2,0,0,0,0
1293722,3,2022,2022,6,6,2,134,10,69,133,0,1,2,-33.819049,151.021861,54,0,2,1,3,0,0,0,0,0,0,70,2,14295,14295,3,5,5,2,0,0,0,0
1293723,3,2022,2022,6,5,4,98,27,609,136,0,1,1,-33.777761,150.920144,7,0,2,1,3,0,0,0,2,0,7,60,2,5929,5929,1,5,0,2,0,0,0,0
1293724,3,2022,2022,6,0,7,1104,14,149,962,0,1,3,-33.816558,150.965085,21,0,2,1,3,0,0,0,2,0,7,90,2,14295,14295,3,5,35,2,0,0,0,0
1293725,3,2022,2022,8,6,7,2,22,7,34609,0,1,1,-31.634372,152.832201,56,2,1,1,3,0,0,0,2,0,7,50,0,9859,9859,8,5,40,1,0,0,0,0
1293736,3,2022,2022,6,6,3,294,17,215,288,0,1,1,-35.118035,147.362772,75,2,1,1,2,0,0,0,0,0,7,60,2,1282,1282,1,33,13,2,0,0,0,0
1293743,3,2022,2022,7,0,7,161,17,18,161,0,1,1,-35.26524,147.939219,66,1,0,0,0,0,0,0,2,0,7,100,2,14295,14295,3,10,0,2,0,0,0,0
1293745,3,2022,2022,8,4,4,3371,17,16,3342,0,1,2,-28.393462,153.525265,72,1,0,1,3,0,0,0,2,0,7,110,2,9859,9859,8,3,40,1,0,0,0,0
1293746,3,2022,2022,6,3,8,135,17,20,136,0,1,9,-35.982578,146.644684,51,2,1,0,3,0,3,3,2,0,0,50,2,1957,4009,8,5,40,1,0,0,0,0
1293752,3,2022,2022,6,0,7,2209,17,59,2205,0,1,10,-34.335672,150.912807,80,0,2,0,1,0,0,0,2,2,7,60,2,5929,5929,1,5,13,2,0,0,0,0
1293767,3,2022,2022,6,3,6,13,27,2,12,0,1,1,-29.804454,153.252932,18,1,0,0,3,0,0,0,2,0,7,100,1,1957,4009,8,0,40,1,0,0,0,0
1293768,3,2022,2022,6,2,10,46,36,11,46,0,1,1,-33.150844,149.112545,11,1,0,0,0,0,0,0,0,0,7,100,1,4552,5151,8,10,40,1,0,0,0,0
1293769,3,2022,2022,6,4,6,515,14,252,518,0,1,3,-33.950839,150.88133,41,0,2,0,0,0,0,0,2,0,7,100,2,1192,1192,1,33,0,2,0,0,0,0
1293771,3,2022,2022,6,4,9,1,31,74,34609,1,0,9,-33.774571,150.682125,55,0,2,1,3,0,0,0,0,0,7,50,0,489,489,5,5,40,1,0,0,0,0
1293774,3,2022,2022,6,0,0,162,27,174,14,0,1,7,-33.871822,150.917084,24,0,2,1,3,0,0,0,0,0,0,50,1,9859,9859,8,9,40,1,0,0,0,0