Crash ID,Degree of crash - detailed,Reporting year,Year of crash,Month of crash,Day of week of crash,Two-hour intervals,Street of crash,Street type,Town,Route no.,School zone location,School zone active,Type of location,Latitude,Longitude,LGA,Urbanisation,Conurbation 1,Alignment,Street lighting,Road surface,Surface condition,Weather,Natural lighting,Signals operation,Other traffic control,Speed limit,Road classification,RUM - code,DCA - code,First impact type,Key TU type,Other TU type,No. of traffic units involved,No. killed,No. seriously injured,No. moderately injured,No. minor-other injured
1293775,3,2022,2022,6,6,9,24,27,6,78,0,1,1,-33.624558,150.097219,40,1,0,0,3,0,0,0,2,0,7,100,2,1089,1089,7,0,40,1,0,0,0,0
1293776,3,2022,2022,6,3,7,14,10,316,34609,0,1,9,-31.434457,152.888331,56,2,1,0,3,0,0,3,2,0,15,50,0,1669,1669,3,10,5,2,0,0,0,0
1293779,3,2022,2022,6,6,10,5,10,323,34609,0,1,1,-33.768194,150.978885,71,0,2,0,3,0,0,0,0,0,7,50,0,1957,4009,1,5,0,2,0,0,0,0
1293781,3,2022,2022,8,2,11,1,27,19,34609,0,1,9,-30.631258,151.520164,51,2,1,1,3,0,3,1,0,0,7,80,0,489,489,8,0,40,1,0,0,0,0
1293787,3,2022,2022,6,3,8,27,27,294,27,0,1,9,-33.930382,150.955154,41,0,2,1,3,0,0,0,3,0,7,60,1,926,926,4,5,5,2,0,0,0,0
1293788,3,2022,2022,6,3,2,101,10,239,35,0,1,7,-34.038621,151.134481,68,0,2,0,3,0,0,0,0,0,7,70,2,1850,1463,5,5,40,1,0,0,0,0
1293791,3,2022,2022,6,2,11,475,10,42,268,0,1,9,-33.885471,150.869766,24,0,2,1,3,0,0,0,0,2,7,70,2,14295,14295,3,5,5,3,0,0,0,0
1293806,3,2022,2022,0,1,9,3,10,140,34609,0,1,1,-33.78619,150.83137,7,0,2,0,2,0,0,0,0,0,7,50,0,4552,5151,1,5,5,3,0,0,0,0
1293809,3,2022,2022,0,5,5,18,27,83,100,0,1,1,-34.451163,150.447306,78,2,1,0,0,0,0,0,2,0,7,50,2,248,248,1,5,5,2,0,0,0,0
1293824,3,2022,2022,6,2,9,1,1,41,34609,0,1,1,-34.064871,150.694569,12,0,2,1,2,0,0,0,0,0,7,50,0,175,188,1,5,0,2,0,0,0,0
1293826,3,2022,2022,6,6,9,30,27,159,34609,0,1,1,-33.802944,151.093153,61,0,2,1,2,0,0,0,0,0,7,50,0,3775,3775,0,33,36,2,0,0,0,0
1293831,3,2022,2022,6,2,6,127,27,59,103,0,1,1,-32.891013,151.72812,48,0,2,1,1,0,0,0,2,0,7,60,1,5929,5929,1,5,13,2,0,0,0,0
1293835,3,2022,2022,6,2,8,2,31,56,34609,0,1,1,-31.45313,152.725785,56,2,1,1,2,0,0,0,0,0,7,50,0,9859,9859,1,5,0,2,0,0,0,0
1293836,3,2022,2022,6,5,11,50,27,125,51,0,1,7,-33.854126,151.077484,67,0,2,1,2,0,0,0,0,0,0,60,1,9859,9859,8,5,40,1,0,0,0,0
1293837,3,2022,2022,6,6,9,12,31,179,34609,0,1,9,-31.906528,152.464029,43,2,1,1,2,0,0,0,0,0,0,50,0,489,489,8,5,40,1,0,0,0,0
1293843,3,2022,2022,6,2,9,2,10,23,34609,0,1,1,-32.87095,151.641971,48,0,2,1,2,0,3,4,0,0,7,50,0,9859,9859,1,0,5,2,0,0,0,0
1293847,3,2022,2022,6,4,4,500,27,145,799,0,1,9,-33.928851,151.075271,15,0,2,1,1,0,0,0,2,0,15,60,2,14295,14295,3,5,5,2,0,0,0,0
1293852,3,2022,2022,6,0,3,20,31,316,34609,0,1,2,-31.432108,152.906971,56,2,1,1,3,0,0,0,1,0,7,50,0,941,941,1,10,5,2,0,0,0,0
1293861,3,2022,2022,0,0,3,71,27,69,122,0,1,2,-34.552133,150.85995,62,0,2,1,1,0,0,0,2,0,9,70,2,4026,4026,8,34,40,1,0,0,0,0
1293862,3,2022,2022,6,4,8,47,26,201,160,0,1,9,-34.014347,150.867895,13,0,2,1,3,0,0,0,2,0,15,60,2,1850,985,5,10,40,1,0,0,0,0
1293866,3,2022,2022,6,6,5,45,31,43,81,0,1,2,-32.175241,152.499529,43,2,1,1,3,0,0,0,2,0,7,50,2,14295,14295,3,5,5,2,0,0,0,0
1293869,3,2022,2022,6,6,4,40,31,103,34609,0,1,10,-32.942245,151.661796,37,0,2,1,3,0,0,0,2,0,0,50,0,9859,9859,1,5,5,3,0,0,0,0
1293871,3,2022,2022,6,1,7,112,27,92,256,0,1,9,-33.998286,150.841902,13,0,2,1,3,0,0,3,2,2,7,70,2,14295,14295,3,30,25,2,0,0,0,0
1293873,3,2022,2022,6,6,5,225,17,76,180,0,1,9,-34.554175,150.362316,78,2,1,1,3,0,0,0,2,0,15,50,2,2852,2852,4,5,0,2,0,0,0,0
1293874,3,2022,2022,6,0,9,71,31,15,34609,0,1,1,-32.912209,151.736457,48,0,2,1,3,0,0,0,0,0,7,50,0,9859,9859,1,5,5,2,0,0,0,0
1293875,3,2022,2022,8,3,11,13,27,43,34609,0,1,9,-33.572089,150.792859,29,2,2,1,3,0,3,4,0,0,15,60,0,489,489,8,5,40,1,0,0,0,0
1293878,3,2022,2022,6,4,3,72,14,173,71,0,1,3,-33.879092,151.21706,69,0,2,1,3,0,0,0,0,0,7,80,2,14295,14295,3,5,13,2,0,0,0,0
1293879,3,2022,2022,6,0,9,118,27,646,118,0,1,9,-33.92382,151.030411,15,0,2,1,3,0,0,0,0,2,7,60,1,5929,5929,1,0,5,2,0,0,0,0
1293881,3,2022,2022,6,3,4,6,27,23,172,0,1,1,-32.991349,151.634813,37,0,2,0,3,0,0,3,2,0,7,60,2,77,77,1,5,5,2,0,0,0,0
1293882,3,2022,2022,6,1,5,512,17,562,441,0,1,9,-32.24215,148.58656,22,2,1,1,3,0,0,0,2,0,0,60,2,1669,1669,3,10,5,2,0,0,0,0
1293887,3,2022,2022,6,1,6,2,31,138,34609,0,1,1,-33.87621,151.273119,76,0,2,1,3,0,3,4,2,0,7,50,0,1981,1981,4,5,5,2,0,0,0,0
1293890,3,2022,2022,6,4,7,3371,17,463,3342,0,1,7,-30.280583,153.131286,19,2,1,1,3,0,0,0,2,0,0,60,2,6545,6545,4,0,19,2,0,0,0,0
1293891,3,2022,2022,6,6,7,22,31,215,34609,0,1,10,-35.108007,147.362523,75,2,1,1,3,0,0,0,2,0,15,50,0,6545,6545,4,5,0,3,0,0,0,0
1293895,3,2022,2022,8,4,8,92,27,129,244,0,1,9,-33.894657,151.111201,9,0,2,1,2,0,3,3,0,2,7,60,2,3775,3775,0,10,0,3,0,0,0,0
1293899,3,2022,2022,8,1,2,17,27,8,34609,0,1,1,-33.521694,150.761153,29,2,2,0,0,0,0,0,1,0,7,80,0,4552,5151,8,10,40,1,0,0,0,0
1293900,3,2022,2022,6,1,10,23,10,19,174,0,1,1,-32.939435,151.482426,17,1,0,1,3,0,0,1,0,0,7,90,2,1089,1089,7,10,40,1,0,0,0,0
1293907,3,2022,2022,8,2,11,65,27,202,563,0,1,2,-33.939803,151.035595,15,0,2,1,3,0,0,0,0,2,9,70,2,1383,1383,1,5,5,2,0,0,0,0
1293912,3,2022,2022,8,3,8,193,27,143,34609,1,0,1,-33.872264,151.101415,9,0,2,1,1,0,3,0,2,0,7,50,0,9859,9859,1,5,36,2,0,0,0,0
1293926,3,2022,2022,6,0,7,34,31,82,34609,0,1,10,-33.826173,151.204238,49,0,2,1,1,0,0,0,2,0,4,50,0,4026,4026,8,5,40,1,0,0,0,0
1293935,3,2022,2022,6,5,3,500,27,83,799,0,1,9,-33.914447,151.113636,15,0,2,1,1,0,0,0,1,2,7,60,2,1282,1282,1,5,5,2,0,0,0,0
1293946,3,2022,2022,0,4,9,2126,17,65,2149,0,1,1,-33.562995,150.199284,40,2,1,0,3,0,0,0,2,0,7,80,2,1669,1669,3,8,41,2,0,0,0,0
1293949,3,2022,2022,6,2,11,3,31,316,34609,0,1,1,-31.442402,152.914576,56,2,1,1,2,0,0,0,0,0,7,50,0,9859,9859,1,5,5,4,0,0,0,0
1293957,3,2022,2022,8,5,5,60,10,121,84,0,1,9,-28.187254,153.540133,72,2,1,1,3,0,0,0,2,2,7,60,1,14295,14295,3,5,12,2,0,0,0,0
1293958,3,2022,2022,8,3,0,56,27,202,34609,0,1,10,-33.956787,151.035004,15,0,2,1,3,0,0,0,0,0,0,50,0,4026,4026,1,5,5,2,0,0,0,0
1293959,3,2022,2022,6,4,7,478,17,96,480,0,1,7,-33.427653,151.395032,16,2,2,1,3,0,0,0,2,0,0,60,2,1850,985,5,8,40,1,0,0,0,0
1293961,3,2022,2022,6,1,5,9,27,104,34609,1,0,10,-33.831904,151.219214,49,0,2,1,3,0,3,0,2,0,15,50,0,6545,6545,4,5,5,2,0,0,0,0
1293962,3,2022,2022,6,0,8,9,31,215,34609,0,1,9,-35.10894,147.360236,75,2,1,1,3,0,0,0,3,0,7,50,0,5929,5929,1,0,13,2,0,0,0,0
1293964,3,2022,2022,6,5,8,60,27,239,167,0,1,2,-34.028776,151.120045,68,0,2,1,3,0,0,0,3,0,7,70,2,14295,14295,3,5,0,2,0,0,0,0
1293965,3,2022,2022,7,2,5,73,27,56,34609,0,1,4,-33.762012,150.792249,55,0,2,0,1,0,3,4,2,0,7,50,0,4552,5151,8,5,40,1,0,0,0,0
1293967,3,2022,2022,6,0,10,80,27,111,34609,0,1,9,-33.914707,151.250652,59,0,2,1,3,0,0,0,0,0,7,50,0,9859,9859,1,0,12,3,0,0,0,0
1293969,3,2022,2022,7,0,0,916,17,15,917,0,1,9,-31.785675,150.896788,73,2,1,1,3,0,0,0,0,0,0,70,2,2585,777,8,10,40,1,0,0,0,0
1293970,3,2022,2022,6,2,7,3,27,5,34609,0,1,1,-32.678317,151.641999,57,2,1,0,3,0,3,3,2,0,7,80,0,14295,14295,3,10,13,2,0,0,0,0
1293972,3,2022,2022,6,6,3,109,36,10,108,0,1,1,-28.372677,153.414836,72,1,0,1,3,0,0,0,1,0,7,100,1,1089,1089,7,10,40,1,0,0,0,0
1293976,3,2022,2022,6,2,4,32,27,164,34609,0,1,1,-33.727886,150.882765,7,0,2,1,3,0,0,0,2,0,7,50,0,941,941,1,10,0,2,0,0,0,0
1293977,3,2022,2022,6,1,5,150,27,197,415,1,0,9,-33.793161,151.119708,61,0,2,1,3,0,0,0,2,2,7,70,2,14295,14295,3,10,5,2,0,0,0,0
1293980,3,2022,2022,0,2,3,916,17,5,917,0,1,1,-31.986736,150.864934,73,1,0,1,0,0,0,0,0,0,7,100,2,4026,4026,8,10,40,1,0,0,0,0
1293992,3,2022,2022,0,2,1,105,31,69,34609,1,0,1,-33.823722,151.018835,54,0,2,1,2,0,0,0,0,0,7,50,0,9859,9859,1,33,13,2,0,0,0,0
1293993,3,2022,2022,0,0,0,90,31,169,165,0,1,10,-33.900901,151.215126,69,0,2,1,2,0,0,0,0,2,7,60,2,14295,14295,3,5,36,3,0,0,0,0
1294001,3,2022,2022,8,4,6,280,10,314,82,0,1,1,-33.85142,150.926234,24,0,2,1,1,0,0,0,2,0,7,60,1,1192,1192,1,33,13,2,0,0,0,0
1294003,3,2022,2022,0,5,10,18,31,201,34609,0,1,1,-34.877425,150.602464,63,2,1,1,0,0,0,0,0,0,7,50,0,9859,9859,1,10,5,2,0,0,0,0
1294010,3,2022,2022,6,5,8,43,27,46,29,1,0,7,-32.914174,151.665617,48,0,2,0,3,0,0,0,3,0,0,60,1,6545,6545,4,5,36,2,0,0,0,0
1294011,3,2022,2022,6,1,8,1,31,72,34609,0,1,1,-33.836851,151.090297,14,0,2,1,3,2,0,0,2,0,7,50,0,4026,4026,1,5,0,2,0,0,0,0
1294015,3,2022,2022,6,5,7,33,1,31,34609,1,2,9,-33.926586,150.89032,41,0,2,1,3,0,0,3,2,0,7,40,0,3775,3775,0,0,0,2,0,0,0,0
1294019,3,2022,2022,6,5,1,27,31,562,34609,0,1,9,-32.244688,148.600463,22,2,1,1,3,0,0,0,0,0,15,50,0,2585,777,8,5,40,1,0,0,0,0
1294024,3,2022,2022,6,4,9,3371,17,69,3342,0,1,10,-32.937803,151.748667,48,0,2,1,3,0,0,0,0,2,6,60,2,5929,5929,1,10,5,2,0,0,0,0
1294025,3,2022,2022,6,2,9,55,27,134,38,0,1,10,-33.95072,150.809105,12,0,2,1,3,0,0,0,0,2,7,80,2,5929,5929,1,10,5,2,0,0,0,0
1294027,3,2022,2022,6,0,9,344,27,95,382,0,1,10,-33.733167,150.848725,7,0,2,1,3,0,0,0,0,2,7,70,2,14295,14295,3,5,36,3,0,0,0,0
1294028,3,2022,2022,6,2,9,3,1,53,34609,0,1,7,-33.928005,150.838943,41,0,2,0,3,0,0,0,3,0,0,50,0,4552,5151,8,5,40,1,0,0,0,0
1294031,3,2022,2022,6,2,8,222,27,562,34609,1,0,1,-32.268226,148.611404,22,2,1,1,2,0,0,0,3,0,7,50,0,9859,9859,1,33,5,2,0,0,0,0
1294033,3,2022,2022,6,5,6,54,27,61,49,0,1,10,-32.9287,151.731758,48,0,2,1,1,0,0,0,2,0,15,60,1,6545,6545,4,5,5,2,0,0,0,0
1294037,3,2022,2022,6,4,8,133,17,5,121,0,1,1,-37.188081,149.321658,65,1,0,1,3,0,0,0,2,0,7,100,2,1089,1089,7,10,40,1,0,0,0,0
1294041,3,2022,2022,6,3,7,7,27,5,14,0,1,1,-35.178156,149.552483,58,1,0,0,0,0,0,3,2,0,7,100,1,4552,5151,8,9,40,1,0,0,0,0
1294055,3,2022,2022,6,0,10,77,27,314,38,0,1,10,-33.837032,150.9254,21,0,2,1,0,0,0,0,0,3,7,60,2,6545,6545,4,5,5,2,0,0,0,0
1294064,3,2022,2022,6,0,11,67,27,58,34609,0,1,7,-34.050215,151.122334,68,0,2,1,2,0,0,0,0,0,0,50,0,3775,3775,0,5,0,2,0,0,0,0
1294095,3,2022,2022,6,1,6,3,27,201,34609,0,1,9,-34.001057,150.85878,13,0,2,1,1,0,0,0,2,0,7,50,0,2585,777,1,5,8,2,0,0,0,0
1294098,3,2022,2022,6,3,0,2209,17,48,2205,0,1,7,-36.675927,149.830534,5,2,1,0,2,0,0,0,0,0,0,80,2,2585,4009,8,30,40,1,0,0,0,0
1294100,3,2022,2022,8,3,2,1104,14,323,962,0,1,3,-33.800392,150.864657,7,0,2,1,0,0,0,0,0,0,7,100,2,4026,4026,8,10,40,1,0,0,0,0
1294101,3,2022,2022,6,1,6,13,27,89,34609,0,1,9,-33.378727,151.471252,16,2,2,1,1,0,0,0,2,2,7,60,0,5929,5929,1,5,13,2,0,0,0,0
1294104,3,2022,2022,6,1,5,2209,17,23,2205,0,1,2,-34.615486,150.837474,62,0,2,1,0,0,0,0,2,0,7,100,2,9859,9859,8,10,40,1,0,0,0,0
1294109,3,2022,2022,8,5,8,42,27,71,34609,0,1,1,-33.763301,150.688884,55,0,2,1,3,0,0,3,3,0,7,50,0,941,941,1,5,36,2,0,0,0,0
1294114,3,2022,2022,3,0,1,57,1,18,52,0,1,1,-30.359239,153.102899,19,2,1,0,0,0,0,0,0,0,7,50,1,4552,5151,8,30,40,1,0,0,0,0
1294121,3,2022,2022,6,6,8,149,27,60,198,0,1,10,-33.949291,150.950073,41,0,2,1,3,0,0,0,0,2,7,60,2,14295,14295,3,10,5,2,0,0,0,0
1294129,3,2022,2022,6,3,1,13,31,182,34609,0,1,9,-32.830833,151.35027,17,2,1,1,2,0,0,0,0,0,7,50,0,9859,9859,8,30,40,1,0,0,0,0
1294131,3,2022,2022,6,1,8,265,10,445,563,0,1,9,-33.866407,151.041333,21,0,2,1,2,0,0,0,0,2,7,70,2,14295,14295,3,5,5,2,0,0,0,0
1294140,3,2022,2022,6,0,11,20,31,127,34609,0,1,1,-33.898971,151.15452,32,0,2,1,2,0,0,0,0,0,7,50,0,9859,9859,1,5,0,3,0,0,0,0
1294145,3,2022,2022,6,2,8,7,31,71,34609,0,1,1,-33.26721,151.548285,16,2,2,1,2,0,3,0,0,0,7,50,0,9859,9859,1,30,5,4,0,0,0,0
1294151,3,2022,2022,6,4,3,1,27,1,34609,0,1,1,-35.374697,148.251246,66,1,0,0,3,0,0,0,1,0,7,100,0,2585,4009,8,5,40,1,0,0,0,0
1294153,3,2022,2022,6,4,11,82,27,134,181,0,1,10,-33.891021,151.253378,76,0,2,1,3,0,0,0,0,2,7,50,2,5929,5929,1,5,5,2,0,0,0,0
1294156,3,2022,2022,6,2,7,193,31,10,40,1,0,1,-33.445218,149.18503,51,2,1,1,3,0,0,0,2,0,9,50,2,14295,14295,3,0,5,2,0,0,0,0
1294164,3,2022,2022,6,3,7,40,27,122,45,1,0,1,-33.419684,151.333891,16,2,2,1,3,0,0,0,2,0,7,60,1,1109,397,1,5,5,2,0,0,0,0
1294167,3,2022,2022,6,5,3,5,1,109,34609,0,1,9,-33.961323,150.872025,41,0,2,1,3,0,0,0,2,0,7,50,0,9859,9859,1,0,5,2,0,0,0,0
1294168,3,2022,2022,6,0,9,3,27,1,34609,0,1,1,-35.960777,150.152619,23,2,1,0,3,0,0,0,0,0,7,50,0,2585,4009,8,0,40,1,0,0,0,0
1294169,3,2022,2022,6,5,4,2,27,54,34609,0,1,1,-33.729829,151.088743,31,0,2,0,3,0,0,0,2,0,7,50,0,1957,4009,1,0,5,2,0,0,0,0
1294170,3,2022,2022,6,0,9,35,27,91,96,0,1,9,-32.960939,151.664258,37,0,2,1,3,0,0,0,0,0,15,70,2,150,150,4,10,5,2,0,0,0,0
1294179,3,2022,2022,6,1,5,23,36,4,62,0,1,1,-29.884757,152.975316,18,1,0,1,0,0,0,0,2,0,7,100,1,14295,14295,3,0,5,2,0,0,0,0
1294184,3,2022,2022,6,3,10,4,18,12,34609,0,1,1,-34.304358,145.985872,28,1,0,1,0,2,0,0,0,0,7,100,0,9859,9859,8,5,40,1,0,0,0,0
1294186,3,2022,2022,6,4,10,3371,17,56,3342,0,1,6,-31.119632,152.829329,34,2,1,1,2,0,0,0,0,0,0,80,2,489,489,8,5,40,1,0,0,0,0
1294190,3,2022,2022,8,4,10,79,31,123,34609,0,1,9,-33.911375,151.225082,59,0,2,1,1,0,0,0,0,0,7,50,0,9859,9859,1,0,5,3,0,0,0,0
1294194,3,2022,2022,6,3,2,265,17,30,193,0,1,9,-34.86126,147.58615,51,2,1,1,2,0,0,0,1,0,7,50,2,9859,9859,1,5,5,4,0,0,0,0
1294202,3,2022,2022,6,4,8,11,27,9,34609,0,1,1,-28.417744,153.360843,72,2,1,0,0,0,0,0,3,0,7,80,0,1259,5151,8,5,40,1,0,0,0,0
1294207,3,2022,2022,6,3,9,361,31,11,59,0,1,1,-33.866246,151.058666,21,0,2,1,0,0,0,0,0,0,7,60,1,3775,3775,0,5,5,2,0,0,0,0
1294209,3,2022,2022,6,6,10,1,31,44,34609,0,1,9,-33.901806,150.970642,24,0,2,0,2,0,0,0,0,0,7,50,0,4552,5151,8,0,40,1,0,0,0,0
1294215,3,2022,2022,6,0,7,19,27,55,34609,0,1,9,-33.788934,150.883604,7,0,2,1,3,0,0,0,2,0,7,50,0,941,941,1,34,0,2,0,0,0,0
1294216,3,2022,2022,6,4,6,232,36,64,168,0,1,2,-34.040434,150.736132,12,0,2,1,1,0,0,0,2,0,7,60,2,1383,1383,1,5,5,3,0,0,0,0
1294220,3,2022,2022,6,0,8,512,17,562,441,0,1,9,-32.240156,148.58434,22,2,1,1,3,0,0,0,2,0,7,60,2,14295,14295,3,10,36,3,0,0,0,0
1294224,3,2022,2022,6,2,9,39,31,182,34609,0,1,10,-32.832052,151.353505,17,2,1,1,3,0,0,0,0,0,15,50,0,6545,6545,4,5,5,2,0,0,0,0
1294226,3,2022,2022,6,4,0,9,27,232,34609,0,1,2,-33.677032,150.922654,71,0,2,0,3,0,0,0,0,0,7,60,0,380,714,5,0,40,1,0,0,0,0
1294227,3,2022,2022,6,6,6,229,14,323,237,0,1,3,-33.770428,150.987911,71,0,2,1,3,0,0,0,2,0,7,100,2,14295,14295,3,0,5,2,0,0,0,0
1294228,3,2022,2022,6,5,6,171,1,80,104,0,1,9,-33.945378,151.221638,4,0,2,1,3,0,0,0,2,2,7,60,2,1282,1282,1,29,0,2,0,0,0,0
1294229,3,2022,2022,8,3,9,5,31,433,34609,1,0,10,-33.287198,149.095423,52,2,1,1,3,0,3,4,0,0,0,50,0,2852,2852,4,0,13,2,0,0,0,0
1294231,3,2022,2022,6,3,3,120,36,14,148,0,1,9,-30.468976,152.941873,6,2,1,0,0,0,0,0,1,0,0,70,2,1957,4009,8,0,40,3,0,0,0,0
1294233,3,2022,2022,6,1,8,76,23,226,34609,0,1,1,-33.768767,150.81659,7,0,2,1,1,0,0,0,2,0,7,50,0,941,941,1,0,13,3,0,0,0,0
1294237,3,2022,2021,11,4,4,177,22,239,176,0,1,9,-34.036877,151.117236,68,0,2,1,3,0,0,0,2,0,7,60,2,14295,14295,3,5,0,2,0,0,0,0
1294244,3,2022,2022,0,5,7,478,17,50,480,0,1,1,-33.235945,151.560872,16,2,2,1,1,0,2,6,2,0,7,50,2,3775,3775,0,5,25,2,0,0,0,0
1294247,3,2022,2022,6,1,8,478,17,69,480,0,1,10,-33.356555,151.486041,16,2,2,0,2,0,0,0,0,0,0,50,2,4552,5151,1,0,13,3,0,0,0,0
1294262,3,2022,2022,6,2,8,3,31,35,34609,0,1,4,-30.493628,153.021477,6,2,1,0,1,0,0,0,2,0,7,50,0,2585,4009,8,5,40,1,0,0,0,0
1294271,3,2022,2022,6,4,0,193,27,438,34609,0,1,1,-33.859567,151.028324,21,0,2,1,2,0,0,0,0,0,7,60,0,9859,9859,1,5,5,4,0,0,0,0
1294284,3,2022,2022,6,1,7,3371,17,463,3342,0,1,9,-30.305541,153.10173,19,2,1,1,1,0,0,3,2,0,0,60,2,256,256,4,0,5,3,0,0,0,0
1294287,3,2022,2022,6,4,7,10,31,82,34609,0,1,2,-31.083837,150.925665,70,2,1,1,3,0,0,0,2,0,7,50,0,84,84,8,8,40,1,0,0,0,0
1294288,3,2022,2022,6,0,8,105,27,67,109,0,1,9,-33.875668,150.89621,24,0,2,1,3,0,0,0,2,0,7,60,1,14295,14295,3,5,5,3,0,0,0,0
1294291,3,2022,2022,6,3,11,1,1,463,34609,0,1,1,-30.287918,153.124728,19,2,1,0,3,0,0,0,0,0,7,50,0,2585,4009,8,5,40,1,0,0,0,0
1294292,3,2022,2022,6,2,2,23,27,45,144,0,1,2,-33.814252,150.782778,55,0,2,1,3,0,0,0,0,0,7,80,2,475,475,5,5,40,1,0,0,0,0
1294293,3,2022,2022,6,1,8,2126,17,323,2149,0,1,2,-33.79131,150.864965,7,0,2,1,3,0,0,0,2,0,7,80,2,14295,14295,3,5,0,3,0,0,0,0
1294294,3,2022,2022,6,5,8,137,31,115,34609,0,1,1,-34.041963,151.07562,68,0,2,1,3,0,3,0,3,0,7,50,0,9859,9859,1,5,36,2,0,0,0,0
1294296,3,2022,2022,6,4,4,1052,14,149,928,0,1,3,-33.35265,151.357528,16,1,2,0,3,0,0,0,2,0,7,110,2,14295,14295,3,9,2,2,0,0,0,0
1294298,3,2022,2022,6,6,7,8,10,74,34609,0,1,9,-34.06064,150.768754,12,0,2,1,3,0,0,0,2,0,7,50,0,1669,1669,3,5,0,2,0,0,0,0
1294299,3,2022,2022,6,5,4,3,31,61,34609,0,1,10,-35.531422,144.958478,51,2,1,1,3,0,3,4,2,0,0,50,0,6545,6545,4,5,5,3,0,0,0,0
1294300,3,2022,2022,6,6,7,10,31,87,34609,0,1,0,-34.055012,151.151808,68,0,2,1,3,0,0,0,2,0,7,10,0,4026,4026,8,5,40,1,0,0,0,0
1294303,3,2022,2022,8,6,8,500,27,80,160,0,1,10,-33.97488,150.899247,13,0,2,1,3,0,0,0,2,2,7,60,2,5929,5929,1,5,5,2,0,0,0,0
1294305,3,2022,2022,8,6,4,44,10,46,34609,0,1,1,-28.829092,153.278596,39,2,1,0,1,0,0,1,2,0,7,50,0,1957,4009,1,5,0,2,0,0,0,0
1294307,3,2022,2022,6,3,10,1,7,39,34609,0,1,1,-33.774233,150.744746,55,0,2,1,3,0,0,0,0,0,7,50,0,4026,4026,1,5,0,2,0,0,0,0
1294318,3,2022,2022,8,0,10,2,27,70,34609,0,1,1,-33.905901,150.992964,15,0,2,1,3,0,3,4,0,0,7,50,0,4026,4026,8,9,40,1,0,0,0,0
1294326,3,2022,2022,5,0,4,3371,17,63,3342,0,1,2,-28.176312,153.51379,72,1,0,1,3,0,3,3,2,0,7,100,2,1192,1192,1,0,10,2,0,0,0,0
1294335,3,2022,2022,6,3,7,2,27,45,34609,1,0,2,-33.686614,151.223387,50,0,2,1,0,0,0,0,2,0,7,50,0,1282,1282,1,33,5,2,0,0,0,0
1294336,3,2022,2022,6,2,1,110,31,433,34609,0,1,1,-33.283397,149.093668,52,2,1,1,2,0,0,0,0,0,7,50,0,9859,9859,1,34,5,2,0,0,0,0
1294339,3,2022,2022,6,0,2,478,17,18,480,0,1,1,-33.220295,151.535728,16,2,2,0,3,0,0,0,0,0,7,70,2,782,957,5,10,40,1,0,0,0,0
1294340,3,2022,2022,8,5,0,5,27,90,28,0,1,1,-33.789664,150.941939,7,0,2,1,3,0,0,0,0,0,7,60,1,9859,9859,1,5,5,2,0,0,0,0
1294341,3,2022,2022,6,4,8,3371,17,104,3342,0,1,2,-32.842699,151.690701,48,0,2,1,3,0,0,0,2,0,7,80,2,14295,14295,3,5,13,2,0,0,0,0
1294343,3,2022,2022,6,6,5,169,27,22,12,0,1,1,-33.467432,150.909538,71,0,2,0,3,0,0,0,2,0,7,60,1,3775,3775,0,9,0,2,0,0,0,0
1294344,3,2022,2022,6,0,6,293,31,562,34609,0,1,1,-32.251989,148.600459,22,2,1,1,3,0,0,0,2,0,7,50,0,1109,787,1,0,5,2,0,0,0,0
1294345,3,2022,2022,6,4,9,95,27,106,605,0,1,10,-33.676629,151.308405,50,0,2,0,3,0,0,0,0,2,7,60,2,5929,5929,1,5,5,2,0,0,0,0
1294346,3,2022,2022,6,1,4,265,17,103,193,0,1,7,-34.312798,148.30071,30,2,1,1,3,0,0,0,2,0,0,50,2,623,623,3,5,5,2,0,0,0,0
1294350,3,2022,2022,6,1,7,280,10,314,240,0,1,1,-33.854455,150.943088,24,0,2,1,3,0,0,0,2,0,7,60,2,5929,5929,1,5,41,2,0,0,0,0
1294351,3,2022,2022,6,4,10,334,17,56,308,0,1,9,-31.470257,152.712458,56,2,1,1,3,0,0,0,0,0,7,50,2,301,301,4,10,5,2,0,0,0,0
1294354,3,2022,2022,6,4,8,44,1,126,34609,0,1,1,-33.939279,150.810803,41,0,2,1,3,0,0,0,0,0,7,60,0,217,217,1,10,0,2,0,0,0,0
1294357,3,2022,2022,6,2,4,1052,27,104,262,0,1,10,-32.909185,151.705157,48,0,2,0,3,0,0,0,2,3,7,60,2,14295,14295,3,10,36,2,0,0,0,0
1294361,3,2022,2022,6,3,6,6,10,31,34609,0,1,7,-34.585677,150.86313,62,0,2,1,3,0,0,0,2,0,0,50,0,14295,14295,3,5,0,2,0,0,0,0
1294362,3,2022,2022,0,4,9,11,27,438,34609,0,1,10,-33.850883,151.033905,21,0,2,1,3,0,0,0,0,2,7,40,0,14295,14295,3,0,13,2,0,0,0,0
1294365,3,2022,2022,6,0,6,334,17,6,308,0,1,1,-31.392119,152.091285,56,1,0,0,3,0,0,0,2,0,7,100,2,2585,4009,8,16,40,1,0,0,0,0
1294366,3,2022,2022,6,4,8,119,31,173,207,0,1,10,-33.874547,151.217246,69,0,2,1,3,0,0,0,3,2,7,50,2,14295,14295,3,5,5,2,0,0,0,0
1294370,3,2022,2022,6,0,7,61,31,92,45,0,1,2,-33.869445,150.963348,24,0,2,1,1,0,0,0,2,0,7,60,1,14295,14295,3,34,0,3,0,0,0,0