Crash ID,Degree of crash - detailed,Reporting year,Year of crash,Month of crash,Day of week of crash,Two-hour intervals,Street of crash,Street type,Town,Route no.,School zone location,School zone active,Type of location,Latitude,Longitude,LGA,Urbanisation,Conurbation 1,Alignment,Street lighting,Road surface,Surface condition,Weather,Natural lighting,Signals operation,Other traffic control,Speed limit,Road classification,RUM - code,DCA - code,First impact type,Key TU type,Other TU type,No. of traffic units involved,No. killed,No. seriously injured,No. moderately injured,No. minor-other injured
1294377,3,2022,2022,6,0,10,2209,17,273,2205,0,1,1,-34.425634,150.882853,80,0,2,1,2,0,0,0,0,0,7,50,2,9859,9859,8,5,40,1,0,0,0,0
1294386,3,2022,2022,6,0,4,30,27,18,34609,0,1,7,-33.669649,151.291293,50,0,2,1,0,0,0,0,2,0,0,50,0,1850,777,5,8,40,1,0,0,0,0
1294389,3,2022,2022,6,1,9,515,14,38,518,0,1,3,-33.943636,151.066341,15,0,2,1,0,0,0,0,0,0,7,80,2,1192,1192,1,5,0,2,0,0,0,0
1294405,3,2022,2022,6,6,4,93,1,154,220,0,1,9,-33.717802,150.954432,71,0,2,0,3,0,0,0,2,0,15,70,2,14295,14295,3,5,13,2,0,0,0,0
1294406,3,2022,2022,6,1,5,234,27,112,217,0,1,1,-33.69587,151.024774,71,0,2,1,3,0,0,0,2,0,7,60,2,941,941,1,0,0,2,0,0,0,0
1294408,3,2022,2022,8,2,3,18,31,155,34609,0,1,1,-33.143094,148.16337,53,2,1,0,3,0,3,4,1,0,7,50,0,4552,5151,8,5,40,1,0,0,0,0
1294409,3,2022,2022,6,1,6,71,27,8,69,0,1,1,-36.281246,148.984081,65,1,0,1,3,0,0,0,2,0,7,100,2,1945,1945,5,0,40,1,0,0,0,0
1294422,3,2022,2022,6,3,1,2261,17,11,2252,0,1,9,-33.887142,151.105607,9,0,2,1,2,0,0,0,0,2,7,60,2,1957,777,8,5,40,1,0,0,0,0
1294432,3,2022,2022,6,3,6,213,17,61,213,0,1,10,-29.733318,151.721893,51,2,1,1,1,0,0,0,2,0,0,50,2,6545,6545,4,0,13,2,0,0,0,0
1294435,3,2022,2022,6,4,11,100,27,41,799,0,1,9,-33.905176,151.133278,15,0,2,1,1,0,0,0,0,2,7,60,2,775,775,4,5,5,2,0,0,0,0
1294436,3,2022,2022,6,0,0,41,31,98,34609,0,1,1,-33.010892,151.592096,37,0,2,1,2,0,0,0,0,0,7,50,0,9859,9859,1,5,23,2,0,0,0,0
1294438,3,2022,2022,6,3,0,13,25,433,34609,0,1,7,-33.281932,149.101561,52,2,1,1,2,0,0,0,0,0,0,50,0,9859,9859,1,5,5,3,0,0,0,0
1294443,3,2022,2022,6,0,8,27,27,161,9,1,0,9,-33.87909,151.159449,32,0,2,1,1,0,0,0,2,0,7,50,1,6545,6545,4,0,5,2,0,0,0,0
1294447,3,2022,2022,8,2,0,81,17,83,33,0,1,7,-34.447092,150.434141,78,2,1,1,2,0,0,0,0,0,0,50,1,9859,9859,8,5,40,1,0,0,0,0
1294448,3,2022,2022,8,3,5,8,31,27,34609,0,1,1,-33.588728,150.253927,8,2,2,1,0,0,3,1,2,0,7,50,0,4026,4026,8,5,40,1,0,0,0,0
1294452,3,2022,2022,6,3,7,153,27,290,147,0,1,1,-33.949315,151.115682,4,0,2,1,3,0,0,0,2,0,7,60,2,14295,14295,3,5,0,2,0,0,0,0
1294453,3,2022,2022,6,5,7,48,10,13,58,0,1,10,-32.900467,151.753062,48,0,2,1,3,0,0,0,2,1,7,80,2,9859,9859,8,0,40,1,0,0,0,0
1294455,3,2022,2022,6,6,11,85,10,38,702,0,1,9,-33.837653,151.083604,14,0,2,0,3,0,0,0,0,3,7,70,2,1391,1391,1,5,5,2,0,0,0,0
1294456,3,2022,2022,0,1,5,500,27,145,799,0,1,2,-33.929383,151.072598,15,0,2,1,3,0,3,4,2,0,7,60,2,14295,14295,3,5,5,2,0,0,0,0
1294458,3,2022,2022,6,1,8,112,27,109,256,0,1,10,-33.974684,150.856368,13,0,2,1,3,0,0,0,2,2,7,70,2,1391,1391,1,29,5,2,0,0,0,0
1294461,3,2022,2022,6,4,2,485,27,232,769,0,1,10,-33.6842,150.916785,7,0,2,1,3,0,0,0,0,2,7,80,2,5929,5929,1,0,36,2,0,0,0,0
1294462,3,2022,2022,5,0,6,204,31,228,34609,1,0,7,-34.751626,149.717667,26,2,1,1,3,0,3,4,2,0,0,50,0,1282,1282,1,5,36,2,0,0,0,0
1294464,3,2022,2022,6,0,1,1,31,111,34609,0,1,9,-33.696187,150.881762,7,0,2,1,0,0,0,0,0,0,0,50,0,1282,1282,1,33,5,2,0,0,0,0
1294467,3,2022,2022,6,1,9,8,16,98,34609,0,1,1,-33.74292,151.06806,31,0,2,1,3,0,0,0,0,0,7,50,0,9859,9859,1,0,0,3,0,0,0,0
1294468,3,2022,2022,6,5,9,8,27,323,20,0,1,1,-33.762492,151.004555,71,0,2,1,3,0,3,0,0,0,7,60,1,1981,1981,4,5,5,2,0,0,0,0
1294469,3,2022,2022,6,3,5,89,27,182,228,0,1,9,-32.842185,151.336868,17,2,1,1,3,0,0,0,2,0,7,60,1,1669,1669,3,5,5,3,0,0,0,0
1294470,3,2022,2022,6,5,3,1052,14,83,928,0,1,3,-33.494409,151.186765,16,1,2,1,3,0,0,3,1,0,7,90,2,14295,14295,3,21,13,3,0,0,0,0
1294472,3,2022,2022,6,5,5,3371,17,63,3342,0,1,2,-28.170848,153.503299,72,1,0,1,3,0,0,0,2,0,7,100,2,14295,14295,3,0,5,2,0,0,0,0
1294473,3,2022,2022,6,2,4,191,17,13,189,0,1,1,-32.619214,151.116878,64,1,0,0,3,0,0,0,2,0,7,100,2,3775,3775,0,5,0,2,0,0,0,0
1294477,3,2022,2021,9,3,5,24,27,8,31,0,1,1,-28.71324,153.056537,51,1,0,0,0,0,3,4,2,0,7,100,1,418,714,5,30,40,1,0,0,0,0
1294478,3,2022,2022,6,5,2,6,31,149,34609,0,1,9,-34.001594,151.131171,4,0,2,1,0,0,0,3,0,0,7,50,0,9859,9859,1,9,13,3,0,0,0,0
1294494,3,2022,2022,6,3,0,35,31,253,34609,0,1,1,-33.955148,151.09646,25,0,2,1,2,0,0,0,0,0,7,50,0,9859,9859,8,5,40,1,0,0,0,0
1294495,3,2022,2022,7,5,4,150,27,61,415,0,1,9,-33.773463,151.135218,36,0,2,1,0,0,0,0,2,2,7,70,2,1669,1669,3,5,5,2,0,0,0,0
1294497,3,2022,2022,6,0,10,2126,17,445,2149,0,1,9,-33.851259,151.054549,21,0,2,1,2,0,0,0,0,2,7,60,2,14295,14295,3,5,0,2,0,0,0,0
1294498,3,2022,2022,8,4,8,46,27,304,39,0,1,10,-33.909596,151.154378,32,0,2,1,1,0,0,0,2,2,7,50,1,6545,6545,4,10,5,2,0,0,0,0
1294504,3,2022,2022,6,0,7,41,27,102,24,0,1,10,-33.95927,151.221822,59,0,2,1,1,0,0,0,2,2,7,50,2,1282,1282,1,5,36,2,0,0,0,0
1294512,3,2022,2022,6,6,5,42,10,51,39,0,1,7,-34.473152,150.831302,80,0,2,1,1,0,0,0,2,0,0,50,1,623,623,3,5,35,2,0,0,0,0
1294516,3,2022,2022,0,2,2,13,25,433,34609,0,1,1,-33.271304,149.103935,52,2,1,1,2,0,3,4,1,0,7,50,0,4026,4026,1,0,5,2,0,0,0,0
1294523,3,2022,2022,6,2,7,3,31,19,18,1,0,10,-35.813163,145.569849,51,2,1,1,3,0,0,0,2,0,0,50,1,6545,6545,4,10,0,2,0,0,0,0
1294524,3,2022,2022,8,6,8,1104,14,223,962,0,1,3,-33.805406,150.915897,7,0,2,1,3,0,0,0,3,0,7,100,2,14295,14295,3,5,5,6,0,0,0,0
1294525,3,2022,2022,6,1,3,84,27,147,415,0,1,2,-33.755828,151.138263,36,0,2,0,3,0,0,0,2,0,7,70,2,14295,14295,3,10,5,3,0,0,0,0
1294526,3,2022,2022,6,5,8,10,31,463,34609,0,1,1,-30.285883,153.128198,19,2,1,0,3,0,0,0,4,0,7,50,0,1981,1981,4,30,5,2,0,0,0,0
1294527,3,2022,2022,6,5,6,119,31,73,207,0,1,10,-33.874411,151.217317,69,0,2,1,3,0,0,0,2,2,2,50,2,775,775,4,5,10,2,0,0,0,0
1294535,3,2022,2022,5,0,5,2209,17,64,2205,0,1,10,-34.383529,150.900309,80,0,2,1,3,0,3,4,2,2,7,80,2,14295,14295,3,0,0,2,0,0,0,0
1294538,3,2022,2022,6,5,3,11,27,27,144,0,1,2,-32.884958,151.763229,48,0,2,1,3,0,3,2,2,0,7,80,2,1383,1383,1,0,13,2,0,0,0,0
1294539,3,2022,2022,5,0,3,171,27,52,369,0,1,9,-33.651296,150.775363,55,0,2,1,3,0,3,0,2,0,0,80,2,14295,14295,3,5,13,2,0,0,0,0
1294540,3,2022,2022,6,2,10,25,27,67,34609,0,1,1,-33.64074,150.908903,71,0,2,0,3,0,0,0,0,0,7,70,0,4552,5151,8,5,40,1,0,0,0,0
1294541,3,2022,2022,6,5,5,3371,17,43,3342,0,1,7,-30.467369,153.002487,6,2,1,0,3,0,0,0,2,0,0,60,2,1850,985,5,29,40,1,0,0,0,0
1294543,3,2022,2022,6,4,4,83,27,169,147,0,1,1,-28.654372,153.615839,10,2,1,1,3,0,0,0,2,0,7,50,1,14295,14295,3,9,10,2,0,0,0,0
1294545,3,2022,2022,6,3,5,42,31,169,34609,0,1,9,-33.76595,150.835002,7,0,2,1,3,0,0,0,2,0,7,50,0,28,28,1,5,5,2,0,0,0,0
1294551,3,2022,2022,6,0,8,515,14,294,518,0,1,3,-33.941961,150.942401,41,0,2,1,3,0,0,0,2,0,7,100,2,1192,1192,1,10,12,2,0,0,0,0
1294552,3,2022,2022,6,4,4,10,31,53,118,0,1,2,-31.086317,150.929033,70,2,1,1,3,0,0,0,2,0,7,50,2,14295,14295,3,5,0,3,0,0,0,0
1294564,3,2022,2022,6,1,6,293,31,112,769,0,1,10,-33.612325,150.815103,29,2,2,1,3,0,0,0,2,2,7,60,2,14295,14295,3,5,0,2,0,0,0,0
1294572,3,2022,2022,8,6,0,87,31,290,34609,0,1,1,-33.844818,150.970617,21,0,2,1,2,0,0,0,0,0,7,50,0,9859,9859,1,0,36,2,0,0,0,0
1294574,3,2022,2022,6,4,9,7,7,463,34609,0,1,1,-30.304369,153.105124,19,2,1,1,2,0,0,0,0,0,7,50,0,4026,4026,1,30,0,2,0,0,0,0
1294590,3,2022,2022,6,5,10,13,27,15,20,0,1,1,-35.332157,146.275624,51,1,0,1,3,0,1,5,0,0,7,100,1,1089,1089,7,29,40,1,0,0,0,0
1294595,3,2022,2022,8,6,2,1,31,63,34609,0,1,9,-33.733829,150.797099,7,0,2,1,2,0,3,0,0,0,7,50,0,9859,9859,1,5,0,2,0,0,0,0
1294619,3,2022,2022,0,0,7,5,1,123,34609,0,1,1,-33.815076,151.053114,54,0,2,1,1,0,0,3,2,0,7,50,0,4026,4026,1,5,5,2,0,0,0,0
1294626,3,2022,2022,5,5,2,344,27,88,163,0,1,9,-33.735669,150.851649,7,0,2,1,3,0,3,4,1,2,7,70,2,1391,1391,1,5,0,3,0,0,0,0
1294637,3,2022,2022,8,3,1,293,27,103,172,0,1,2,-32.950688,151.656307,37,0,2,1,2,0,0,0,0,0,7,60,2,9859,9859,1,5,5,3,0,0,0,0
1294642,3,2022,2022,5,0,9,2261,17,32,2252,0,1,9,-34.837288,149.013354,82,1,0,0,3,0,0,0,0,0,0,110,2,380,777,5,5,40,1,0,0,0,0
1294643,3,2022,2022,5,0,10,42,1,80,34609,0,1,9,-33.815187,151.16999,38,0,2,1,3,0,3,4,0,0,7,40,0,489,489,5,5,40,1,0,0,0,0
1294644,3,2022,2022,5,0,6,3371,17,30,3342,0,1,2,-32.610572,152.090396,43,1,0,1,3,0,3,3,2,0,7,110,2,9859,9859,8,10,40,1,0,0,0,0
1294645,3,2022,2022,6,4,9,35,27,109,96,0,1,9,-33.900762,151.132144,32,0,2,1,3,0,0,0,0,0,0,50,2,941,941,1,5,0,2,0,0,0,0
1294648,3,2022,2022,6,2,8,1,23,168,34609,0,1,10,-33.69421,150.812839,7,0,2,1,3,0,0,0,3,0,0,50,0,2585,777,8,5,40,1,0,0,0,0
1294649,3,2022,2022,5,4,7,133,27,20,260,0,1,9,-32.933832,151.633451,37,0,2,1,3,0,0,0,2,0,0,60,2,941,941,1,0,0,2,0,0,0,0
1294650,3,2022,2022,5,6,10,35,27,53,36,0,1,1,-35.225167,149.389792,58,1,0,0,3,0,0,0,0,0,7,100,1,782,957,5,16,40,1,0,0,0,0
1294665,3,2022,2022,5,3,9,2126,17,17,2149,0,1,2,-33.709706,150.586384,8,2,2,0,3,0,3,4,0,0,7,80,2,4552,5151,8,5,40,1,0,0,0,0
1294678,3,2022,2022,5,0,1,23,36,103,34609,0,1,1,-28.826173,153.338484,39,2,1,1,2,0,0,0,0,0,7,50,0,9859,9859,8,10,40,2,0,0,0,0
1294684,3,2022,2022,5,1,9,15,27,29,34609,0,1,1,-33.75561,151.277294,50,0,2,1,2,0,3,4,0,0,7,50,0,9859,9859,1,33,5,2,0,0,0,0
1294691,3,2022,2022,5,1,5,2261,17,11,2252,0,1,2,-34.827585,148.312795,30,1,0,1,0,0,0,0,2,0,7,110,2,1945,1945,5,5,40,1,0,0,0,0
1294703,3,2022,2022,6,3,9,13,31,438,34609,0,1,1,-33.848546,151.023956,21,0,2,1,0,0,0,0,0,0,7,50,0,4026,4026,1,5,13,5,0,0,0,0
1294708,3,2022,2022,6,6,7,59,27,271,42,0,1,9,-33.951958,151.017227,15,0,2,1,1,0,0,0,2,2,7,60,1,4552,985,8,0,40,1,0,0,0,0
1294721,3,2022,2022,8,1,8,3371,17,39,3342,0,1,2,-29.838231,153.044265,18,1,0,1,2,0,0,0,2,0,7,100,2,9859,9859,8,5,40,1,0,0,0,0
1294734,3,2022,2022,5,2,7,3371,17,463,3342,0,1,9,-30.276997,153.136409,19,2,1,0,3,0,3,4,2,0,7,60,2,2585,4009,8,5,40,1,0,0,0,0
1294736,3,2022,2022,5,0,6,55,27,112,70,0,1,9,-33.710355,151.024718,31,0,2,1,3,0,3,4,2,2,15,60,2,395,395,1,0,5,2,0,0,0,0
1294740,3,2022,2022,5,3,6,10,10,121,34609,0,1,1,-28.202667,153.542265,72,2,1,1,3,0,0,0,2,0,7,50,0,1383,1383,1,9,5,2,0,0,0,0
1294742,3,2022,2022,6,5,0,7,31,61,34609,0,1,1,-35.92462,150.075077,23,2,1,1,3,2,0,0,0,0,7,50,0,9859,9859,8,34,40,1,0,0,0,0
1294744,3,2022,2022,6,3,0,33,27,73,34609,0,1,9,-33.776603,151.160313,36,0,2,1,3,0,0,0,0,0,7,50,0,2585,777,8,5,40,1,0,0,0,0
1294745,3,2022,2022,6,5,3,2,31,23,34609,0,1,10,-35.270257,147.106764,51,2,1,1,3,0,0,0,2,0,0,50,0,6545,6545,4,0,13,2,0,0,0,0
1294746,3,2022,2022,5,3,5,2209,17,11,2205,0,1,1,-36.208491,150.122855,23,2,1,0,3,0,3,4,2,0,7,50,2,2585,4009,8,0,40,1,0,0,0,0
1294750,3,2022,2022,5,2,7,8,27,323,34609,0,1,1,-33.764221,150.964112,71,0,2,0,3,0,3,4,2,0,7,50,0,14295,14295,3,5,5,3,0,0,0,0
1294751,3,2022,2022,5,0,8,15,27,11,34609,0,1,1,-28.219054,153.475561,72,1,0,0,3,0,3,4,3,0,7,100,0,4552,5151,8,5,40,1,0,0,0,0
1294752,3,2022,2022,5,6,5,294,17,5,288,0,1,1,-34.214742,142.248423,51,1,0,1,3,0,0,0,2,0,7,100,2,1945,1945,5,29,40,1,0,0,0,0
1294759,3,2022,2022,4,2,7,8,27,3,34609,0,1,1,-34.549622,150.52592,78,2,1,0,3,0,0,0,2,0,7,60,0,4552,5151,8,30,40,1,0,0,0,0
1294760,3,2022,2022,6,4,5,45,27,304,96,0,1,9,-33.906346,151.157965,32,0,2,1,3,0,0,0,2,0,0,60,2,2852,2852,4,5,5,2,0,0,0,0
1294772,3,2022,2022,6,4,10,6,27,58,34609,0,1,1,-32.984527,151.67759,37,0,2,1,3,0,0,0,0,0,7,50,0,9859,9859,8,5,40,1,0,0,0,0
1294774,3,2022,2022,5,3,4,2126,17,17,2149,0,1,2,-33.711528,150.589408,8,2,2,0,3,0,3,4,2,0,7,80,2,14295,14295,3,10,5,2,0,0,0,0
1294776,3,2022,2022,6,0,10,11,27,29,165,0,1,1,-33.976023,151.078711,25,0,2,0,3,0,0,0,0,0,7,50,1,14295,14295,3,5,5,2,0,0,0,0
1294777,3,2022,2022,6,6,11,24,1,65,34609,0,1,1,-34.487255,150.876818,80,0,2,1,3,0,0,0,0,0,7,50,0,4026,4026,1,5,5,2,0,0,0,0
1294780,3,2022,2022,5,5,5,2,1,154,34609,0,1,9,-33.712823,150.962492,71,0,2,1,3,0,3,4,2,0,0,50,0,14295,14295,3,5,5,2,0,0,0,0
1294781,3,2022,2022,5,4,8,39,31,193,145,0,1,10,-33.794978,151.071879,61,0,2,1,3,0,3,0,3,0,15,60,2,1391,1391,1,5,0,2,0,0,0,0
1294782,3,2022,2022,5,2,4,3,31,29,34609,0,1,10,-33.977978,151.074417,25,0,2,1,3,0,3,4,2,0,0,50,0,6545,6545,4,21,0,2,0,0,0,0
1294783,3,2022,2022,6,1,5,103,27,16,98,0,1,1,-33.305762,150.700944,29,1,2,0,3,0,0,0,2,0,7,100,2,782,957,5,29,40,1,0,0,0,0
1294786,3,2022,2022,6,3,10,71,36,3,139,0,1,1,-33.711806,145.583343,51,1,0,0,3,0,3,2,0,0,7,100,2,1850,1463,5,0,40,1,0,0,0,0
1294787,3,2022,2022,7,6,9,42,31,44,34609,0,1,10,-33.750741,150.720045,55,0,2,1,3,0,0,0,0,0,0,50,0,6545,6545,4,10,36,2,0,0,0,0
1294790,3,2022,2022,5,3,9,126,27,30,168,0,1,2,-34.051981,150.76769,12,0,2,1,3,0,3,4,0,0,7,80,2,9859,9859,8,5,40,1,0,0,0,0
1294791,3,2022,2022,6,4,6,346,17,8,332,0,1,1,-28.876565,153.183352,39,1,0,1,0,0,0,0,2,0,7,100,2,4026,4026,8,30,40,1,0,0,0,0
1294794,3,2022,2022,5,3,7,3371,17,57,3342,0,1,2,-32.987855,151.691225,37,0,2,1,0,0,3,4,2,0,7,60,2,14295,14295,3,16,13,2,0,0,0,0
1294799,3,2022,2022,6,4,9,308,14,88,311,0,1,3,-33.751747,150.846269,7,0,2,1,2,0,0,0,0,0,7,100,2,4026,4026,8,9,40,1,0,0,0,0
1294809,3,2022,2022,5,2,9,11,27,8,34609,0,1,1,-35.08429,150.57202,63,2,1,1,0,0,3,4,0,0,7,80,0,9859,9859,8,5,40,1,0,0,0,0
1294816,3,2022,2022,8,2,4,3371,17,54,3342,0,1,2,-33.463992,151.189413,16,2,2,0,3,0,0,0,2,0,7,60,2,1192,1192,1,19,27,2,0,0,0,0
1294821,3,2022,2022,5,0,8,515,14,294,518,0,1,3,-33.939519,150.923885,41,0,2,1,3,0,3,4,0,0,7,100,2,14295,14295,3,5,5,2,0,0,0,0
1294823,3,2022,2022,6,4,3,3371,17,58,3342,0,1,10,-33.751126,151.147305,36,0,2,1,3,0,0,0,1,2,0,60,2,1192,1192,1,0,36,2,0,0,0,0
1294824,3,2022,2022,5,1,8,485,27,232,769,0,1,9,-33.696807,150.927566,71,0,2,1,3,0,3,4,2,2,7,80,2,2852,2852,4,0,0,2,0,0,0,0
1294827,3,2022,2022,6,6,2,5,18,18,34609,0,1,7,-32.801721,151.466516,17,2,1,1,3,0,0,0,0,0,0,60,0,1282,1282,1,5,5,2,0,0,0,0
1294832,3,2022,2022,5,0,9,2261,17,68,2252,0,1,2,-34.771754,148.829019,82,1,0,0,3,0,3,4,0,0,7,110,2,4552,5151,8,10,40,1,0,0,0,0
1294846,3,2022,2022,6,6,7,2209,17,24,2205,0,1,2,-34.95078,150.600996,63,1,0,1,3,0,0,0,2,0,7,100,2,3775,3775,0,5,5,2,0,0,0,0
1294847,3,2022,2022,5,0,8,27,27,119,9,0,1,1,-33.875157,151.160887,32,0,2,1,0,0,0,0,3,0,7,50,1,1383,1383,1,5,5,2,0,0,0,0
1294850,3,2022,2022,6,5,8,8,31,56,34609,0,1,1,-33.857852,151.180386,32,0,2,1,0,0,0,0,2,0,7,40,0,1981,1981,4,5,5,2,0,0,0,0
1294858,3,2022,2022,6,5,10,1,31,157,34609,0,1,1,-34.007394,151.096837,68,0,2,1,0,0,3,4,0,0,7,50,0,9859,9859,1,5,5,2,0,0,0,0
1294863,3,2022,2022,6,4,10,17,31,136,32,0,1,1,-33.915933,151.080816,15,0,2,0,2,0,0,0,0,0,7,50,1,1282,1282,1,33,5,2,0,0,0,0
1294868,3,2022,2022,6,1,9,361,23,179,34609,0,1,1,-31.901589,152.472368,43,2,1,0,0,0,0,0,0,0,7,50,0,4552,5151,8,5,40,1,0,0,0,0
1294880,3,2022,2022,8,1,0,2261,17,204,2252,0,1,9,-33.887614,151.122301,32,0,2,1,2,0,0,0,0,0,7,60,2,4026,4026,8,5,40,1,0,0,0,0
1294881,3,2022,2022,8,1,2,117,1,210,121,0,1,10,-34.040124,151.100992,68,0,2,1,1,0,3,4,0,2,7,60,1,14295,14295,3,0,5,2,0,0,0,0
1294882,3,2022,2022,8,3,9,265,17,4,193,0,1,9,-34.80294,147.76446,51,1,0,0,3,0,3,0,3,0,7,100,2,4552,5151,8,0,40,1,0,0,0,0
1294895,3,2022,2022,6,5,7,330,23,102,39,0,1,2,-33.953219,151.241802,59,0,2,1,1,0,0,0,2,0,7,60,1,14295,14295,3,5,5,2,0,0,0,0
1294896,3,2022,2022,6,6,4,40,27,346,34609,0,1,1,-33.878681,151.079523,67,0,2,1,1,0,0,0,2,0,7,50,0,1282,1282,1,33,25,2,0,0,0,0
1294897,3,2022,2022,6,6,10,344,27,609,163,1,0,9,-33.757169,150.893968,7,0,2,1,2,0,0,0,0,0,7,60,2,5929,5929,1,33,36,2,0,0,0,0
1294904,3,2022,2022,6,3,1,50,27,304,140,0,1,9,-33.90541,151.167677,32,0,2,0,2,0,0,0,0,0,6,60,1,3775,3775,0,5,5,2,0,0,0,0
1294909,3,2022,2022,6,6,6,112,17,12,112,0,1,1,-31.598722,144.978754,51,1,0,0,0,0,0,0,2,0,7,110,2,782,957,5,3,40,1,0,0,0,0
1294912,3,2022,2022,6,1,8,26,27,71,38,0,1,9,-33.834282,150.968877,21,0,2,1,0,0,0,0,2,0,0,60,1,9859,9859,8,5,40,1,0,0,0,0
1294919,3,2022,2022,6,6,3,71,36,3,8,0,1,1,-31.364724,145.88172,51,1,0,1,0,0,0,0,1,0,7,110,2,1089,1089,7,10,40,1,0,0,0,0
1294927,3,2022,2022,6,2,7,10,27,9,143,0,1,1,-34.188284,149.346719,74,2,1,0,1,0,0,3,2,0,7,80,2,4552,5151,8,10,40,1,0,0,0,0
1294930,3,2022,2022,0,4,6,82,31,370,49,0,1,9,-34.071289,150.823624,13,0,2,1,1,0,3,4,2,0,15,60,1,2852,2852,4,0,0,2,0,0,0,0
1294954,3,2022,2022,5,3,8,9,31,73,34609,0,1,7,-33.729051,150.705056,55,0,2,1,3,0,3,4,3,0,0,50,0,9859,9859,8,5,40,1,0,0,0,0
1294956,3,2022,2022,5,3,5,3,27,2,34609,0,1,1,-33.617937,151.204786,50,0,2,0,3,0,3,4,2,0,7,50,0,3775,3775,0,5,36,2,0,0,0,0
1294958,3,2022,2022,6,5,1,2126,17,226,2149,0,1,2,-33.777724,150.808188,7,0,2,1,3,0,0,0,0,0,7,80,2,9859,9859,8,5,40,1,0,0,0,0
1294961,3,2022,2022,5,5,5,16,10,5,15,0,1,1,-33.2107,151.585826,16,1,2,0,3,0,3,4,2,0,7,90,1,1957,4009,8,10,40,1,0,0,0,0
1294962,3,2022,2022,5,5,4,34,27,73,799,1,0,1,-33.897401,151.165507,32,0,2,1,3,0,3,4,2,0,7,60,2,1981,1981,4,10,0,2,0,0,0,0
1294964,3,2022,2022,6,4,0,2126,17,218,2149,0,1,10,-33.76996,150.773492,55,0,2,1,2,0,0,0,0,2,7,60,2,2852,2852,4,5,5,2,0,0,0,0
1294971,3,2022,2022,5,0,8,296,27,147,293,0,1,9,-33.865905,150.98904,15,0,2,1,3,0,3,4,0,0,15,70,2,14295,14295,3,5,5,3,0,0,0,0
1294972,3,2022,2022,5,0,9,27,27,463,62,0,1,1,-30.284072,153.075838,19,2,1,0,3,0,3,4,2,0,7,70,1,1850,1463,5,10,40,1,0,0,0,0
1294973,3,2022,2022,6,1,3,192,10,57,114,0,1,7,-33.445815,151.37215,16,2,2,0,3,0,3,4,2,0,0,70,2,1957,4009,8,10,40,1,0,0,0,0
1294974,3,2022,2022,5,2,0,251,27,64,212,0,1,10,-33.76019,151.209219,50,0,2,0,3,0,3,4,0,2,7,70,2,5929,5929,1,5,0,2,0,0,0,0
1294980,3,2022,2022,8,2,0,63,17,112,34609,0,1,1,-33.451506,151.440112,16,2,2,1,2,0,0,0,0,0,7,50,0,4026,4026,8,5,40,1,0,0,0,0
1294994,3,2022,2022,6,1,3,15,27,64,32,0,1,1,-34.384353,150.90623,80,0,2,1,1,0,3,0,2,0,7,50,1,9859,9859,1,5,0,2,0,0,0,0
1295001,3,2022,2022,5,2,2,1,31,67,34609,0,1,1,-33.694273,150.914432,7,0,2,0,2,0,3,4,0,0,7,50,0,4552,5151,8,5,40,1,0,0,0,0
1295003,3,2022,2022,5,1,9,100,27,42,100,0,1,7,-33.866173,150.846411,24,0,2,1,0,0,3,4,0,0,0,80,2,941,941,1,33,5,2,0,0,0,0
1295007,3,2022,2022,6,2,5,1,1,112,34609,0,1,1,-33.449551,151.441427,16,2,2,0,0,0,0,0,2,0,7,50,0,4552,5151,8,5,40,1,0,0,0,0
1295017,3,2022,2022,6,0,11,500,27,145,799,0,1,1,-33.930002,151.069766,15,0,2,1,2,0,0,0,0,0,7,60,2,14295,14295,3,33,5,2,0,0,0,0
1295019,3,2022,2022,6,1,8,99,31,237,105,0,1,10,-33.872936,150.945465,24,0,2,1,2,0,0,0,0,2,7,60,1,14295,14295,3,33,0,3,0,0,0,0
1295020,3,2022,2022,6,3,0,103,27,39,98,0,1,1,-33.55952,150.837355,29,2,2,0,2,0,0,0,0,0,7,60,2,4552,5151,8,10,40,1,0,0,0,0
1295034,3,2022,2022,5,1,9,109,27,460,106,0,1,10,-33.833935,150.977123,21,0,2,1,2,0,3,4,0,2,7,60,1,9859,9859,8,10,40,1,0,0,0,0
1295059,3,2022,2022,5,0,10,829,27,125,770,0,1,2,-33.830992,151.126743,61,0,2,1,2,0,3,4,0,0,7,60,2,9859,9859,8,5,40,1,0,0,0,0
1295060,3,2022,2022,5,0,11,2209,17,57,2205,0,1,2,-34.662494,150.848371,35,1,0,0,3,0,3,4,0,0,7,100,2,4552,5151,8,5,40,1,0,0,0,0
1295061,3,2022,2022,5,1,7,14,27,130,34609,0,1,1,-34.458462,150.85016,80,0,2,0,3,0,3,4,2,0,7,50,0,5929,5929,1,0,12,2,0,0,0,0
1295062,3,2022,2022,5,0,7,16,27,10,17,0,1,1,-35.009946,149.094598,82,1,0,1,3,0,3,4,2,0,7,100,1,9859,9859,8,0,40,1,0,0,0,0
1295063,3,2022,2022,6,4,7,33,7,609,34609,0,1,9,-33.76506,150.889074,7,0,2,1,3,0,0,0,2,0,0,50,0,1282,1282,1,5,5,2,0,0,0,0
1295065,3,2022,2022,5,0,9,30,27,187,94,0,1,2,-33.880598,150.980026,15,0,2,1,3,0,3,4,0,0,7,60,1,941,941,1,5,13,2,0,0,0,0
1295066,3,2022,2022,5,3,6,11,31,125,51,0,1,10,-33.859653,151.081854,67,0,2,1,3,0,3,4,2,2,7,50,1,19,19,1,5,36,2,0,0,0,0