Crash ID,Degree of crash - detailed,Reporting year,Year of crash,Month of crash,Day of week of crash,Two-hour intervals,Street of crash,Street type,Town,Route no.,School zone location,School zone active,Type of location,Latitude,Longitude,LGA,Urbanisation,Conurbation 1,Alignment,Street lighting,Road surface,Surface condition,Weather,Natural lighting,Signals operation,Other traffic control,Speed limit,Road classification,RUM - code,DCA - code,First impact type,Key TU type,Other TU type,No. of traffic units involved,No. killed,No. seriously injured,No. moderately injured,No. minor-other injured
1295068,3,2022,2022,7,4,6,63,31,79,79,0,1,9,-33.818161,151.21265,49,0,2,1,0,0,0,0,2,0,7,50,2,623,623,3,0,0,2,0,0,0,0
1295070,3,2022,2022,5,0,8,1104,14,323,962,0,1,3,-33.800227,150.8652,7,0,2,1,3,0,3,4,2,0,7,100,2,14295,14295,3,5,0,3,0,0,0,0
1295071,3,2022,2022,5,0,8,171,27,60,369,0,1,10,-34.025811,150.726498,12,0,2,1,3,0,3,4,0,2,7,80,2,4552,985,8,5,40,1,0,0,0,0
1295072,3,2022,2022,5,6,5,12,27,53,55,0,1,1,-33.851788,150.971328,21,0,2,1,3,0,3,4,2,0,7,50,1,9859,9859,1,0,5,3,0,0,0,0
1295073,3,2022,2022,6,2,7,866,17,149,793,0,1,10,-33.817629,150.962647,21,0,2,0,3,0,0,0,2,2,7,70,2,14295,14295,3,5,19,2,0,0,0,0
1295077,3,2022,2022,5,3,11,296,27,41,293,0,1,2,-33.869723,150.986044,24,0,2,1,3,0,3,4,0,0,7,70,2,9859,9859,8,0,40,1,0,0,0,0
1295078,3,2022,2022,5,0,9,22,1,346,144,0,1,9,-33.872219,151.092175,67,0,2,1,3,0,3,4,0,2,15,60,2,1391,1391,1,5,5,2,0,0,0,0
1295081,3,2022,2022,6,6,7,222,31,316,34609,1,2,1,-31.430093,152.872937,56,2,1,1,3,0,0,0,2,0,7,40,0,14295,14295,3,5,0,2,0,0,0,0
1295088,3,2022,2022,6,6,3,4,27,67,34609,0,1,1,-33.874361,150.889195,24,0,2,1,3,0,0,0,2,0,7,50,0,14295,14295,3,5,5,2,0,0,0,0
1295089,3,2022,2022,6,0,9,1,31,33,34609,0,1,1,-34.0651,150.71969,12,0,2,1,3,0,0,0,0,0,7,50,0,9859,9859,1,0,5,2,0,0,0,0
1295090,3,2022,2022,0,5,1,478,17,78,480,0,1,2,-33.418255,151.443715,16,2,2,1,2,0,3,1,0,0,7,60,2,9859,9859,8,5,40,1,0,0,0,0
1295095,3,2022,2022,5,6,4,98,27,223,11,0,1,11,-33.798819,150.926563,7,0,2,1,3,0,3,3,2,0,7,60,1,2852,2852,4,5,5,2,0,0,0,0
1295096,3,2022,2022,6,3,5,54,27,72,563,0,1,9,-34.023451,151.007878,68,0,2,1,3,0,0,0,2,2,7,80,2,14295,14295,3,5,0,2,0,0,0,0
1295099,3,2022,2022,5,1,5,5,31,82,34609,0,1,9,-31.07677,150.918773,70,2,1,1,3,0,0,3,2,0,7,50,0,5929,5929,1,9,5,2,0,0,0,0
1295100,3,2022,2022,5,2,8,6,27,84,34609,0,1,1,-33.783136,151.101132,61,0,2,1,3,0,3,4,2,0,7,50,0,9859,9859,1,0,0,2,0,0,0,0
1295102,3,2022,2022,5,6,8,15,27,20,34609,0,1,1,-32.929375,151.66992,37,0,2,0,3,0,3,4,3,0,7,50,0,3775,3775,0,0,5,2,0,0,0,0
1295104,3,2022,2022,6,1,3,47,31,226,34609,0,1,7,-33.77122,150.811875,7,0,2,1,3,0,0,0,2,0,0,50,0,6545,6545,4,0,5,2,0,0,0,0
1295105,3,2022,2022,5,3,4,15,27,20,91,0,1,1,-34.979195,149.258331,82,1,0,0,3,0,0,0,2,0,7,100,1,4552,5151,8,10,40,1,0,0,0,0
1295109,3,2022,2022,6,5,8,251,14,79,124,0,1,3,-33.824803,151.211252,49,0,2,0,3,0,3,4,2,0,7,80,2,1383,1383,1,5,5,3,0,0,0,0
1295110,3,2022,2022,5,5,0,61,10,87,34609,0,1,1,-33.025054,151.494034,37,0,2,1,3,0,3,4,0,0,7,90,0,217,217,1,0,13,2,0,0,0,0
1295118,3,2022,2022,5,1,4,3371,17,104,3342,0,1,2,-32.829646,151.685131,48,0,2,1,3,0,3,0,2,0,7,80,2,1282,1282,1,8,5,2,0,0,0,0
1295125,3,2022,2022,0,4,10,5,27,21,34609,0,1,1,-33.660891,151.092418,31,0,2,0,2,0,3,4,0,0,7,50,0,1282,1282,1,33,5,2,0,0,0,0
1295143,3,2022,2022,6,5,1,67,27,147,74,0,1,1,-33.864157,151.129031,14,0,2,1,2,0,0,0,0,0,7,50,1,1957,777,1,5,5,2,0,0,0,0
1295147,3,2022,2022,6,2,11,17,27,90,28,0,1,9,-33.786958,150.948124,7,0,2,1,2,0,0,0,0,0,7,60,1,1945,1945,5,5,40,1,0,0,0,0
1295161,3,2022,2022,5,5,9,2126,17,78,2149,0,1,2,-33.700567,150.559332,8,2,2,0,3,0,3,3,3,0,7,80,2,1957,4009,1,5,10,2,0,0,0,0
1295168,3,2022,2022,6,0,3,29,31,74,9,0,1,6,-33.752043,150.84539,7,0,2,1,3,0,0,3,2,0,7,60,2,14295,14295,3,5,13,2,0,0,0,0
1295169,3,2022,2022,6,5,5,34,31,35,18,0,1,9,-33.819281,151.204883,77,0,2,1,3,0,0,0,2,2,7,60,1,2852,2852,4,0,0,2,0,0,0,0
1295171,3,2022,2022,5,0,6,41,31,304,34609,0,1,1,-33.917972,151.142563,32,0,2,1,3,0,0,0,2,0,7,50,0,623,623,3,10,5,2,0,0,0,0
1295172,3,2022,2022,5,2,9,11,27,87,34609,0,1,7,-34.044065,151.155817,68,0,2,1,3,0,0,0,3,0,0,50,0,6545,6545,4,5,13,2,0,0,0,0
1295174,3,2022,2022,5,5,6,2209,17,40,2205,0,1,2,-34.960143,150.599393,63,1,0,1,3,0,0,0,2,0,7,100,2,1391,1391,1,5,5,2,0,0,0,0
1295181,3,2022,2022,5,0,5,1,27,1,34609,0,1,1,-36.643427,149.847482,5,1,0,0,3,0,0,0,2,0,7,100,0,1259,5151,8,30,40,1,0,0,0,0
1295182,3,2022,2022,5,4,9,866,17,278,793,0,1,9,-33.776004,151.051325,54,0,2,0,3,0,0,0,3,0,0,60,2,941,941,1,5,0,2,0,0,0,0
1295187,3,2022,2022,5,0,7,478,17,128,480,0,1,10,-33.427264,151.317478,16,2,2,1,3,0,0,0,2,2,7,70,2,6545,6545,4,5,0,2,0,0,0,0
1295188,3,2022,2022,5,3,6,3371,17,25,3342,0,1,9,-32.669237,151.83426,57,1,0,1,3,0,3,4,2,0,15,110,2,14295,14295,3,0,0,3,0,0,0,0
1295194,3,2022,2022,6,2,0,99,31,204,105,0,1,7,-33.889671,150.933746,24,0,2,0,2,0,3,4,0,0,0,60,1,4552,985,8,0,40,1,0,0,0,0
1295202,3,2022,2022,0,1,11,2,31,316,34609,0,1,9,-33.920096,151.241856,59,0,2,1,2,0,3,4,0,0,7,50,0,4026,4026,8,5,40,1,0,0,0,0
1295204,3,2022,2022,8,2,3,5,31,433,34609,0,1,7,-33.285892,149.100984,52,2,1,1,1,0,3,4,1,0,0,50,0,9859,9859,1,5,13,2,0,0,0,0
1295205,3,2022,2022,6,1,10,2209,17,34,2205,0,1,1,-37.04661,149.89942,5,2,1,0,2,0,0,0,0,0,7,60,2,1981,1981,4,0,5,2,0,0,0,0
1295206,3,2022,2022,5,6,10,500,27,646,799,0,1,9,-33.934581,151.03674,15,0,2,1,2,0,3,4,0,2,7,60,2,5929,5929,1,5,5,2,0,0,0,0
1295219,3,2022,2022,0,0,9,44,27,89,38,0,1,1,-33.858993,150.891207,24,0,2,1,2,0,0,0,3,0,7,60,1,1109,787,1,0,0,2,0,0,0,0
1295232,3,2022,2022,5,0,8,43,2,92,42,0,1,9,-33.740894,150.947145,71,0,2,1,2,0,0,0,3,2,7,70,2,14295,14295,3,10,5,2,0,0,0,0
1295234,3,2022,2022,5,3,2,348,17,5,232,0,1,1,-32.893648,149.818091,44,1,0,0,0,0,0,0,0,0,7,100,2,4552,5151,8,10,40,1,0,0,0,0
1295237,3,2022,2022,6,2,1,5,27,337,34609,0,1,7,-33.722306,151.012187,71,0,2,1,2,0,0,0,0,0,7,50,0,4026,4026,8,5,40,1,0,0,0,0
1295244,3,2022,2022,6,3,6,54,27,284,18,0,1,1,-33.897634,151.026251,15,0,2,1,0,0,0,0,2,0,7,60,1,4026,4026,8,5,40,1,0,0,0,0
1295246,3,2022,2022,6,6,5,78,31,41,41,0,1,10,-35.062733,148.100671,20,2,1,1,0,0,0,0,2,0,0,40,1,6545,6545,4,0,13,2,0,0,0,0
1295249,3,2022,2022,0,0,5,213,17,10,213,0,1,1,-29.629707,152.126407,51,1,0,0,0,0,0,0,2,0,7,100,2,1259,5151,8,10,40,1,0,0,0,0
1295251,3,2022,2022,5,0,4,1,6,6,34609,0,1,1,-34.89172,150.581323,63,2,1,1,0,0,0,0,2,0,7,50,0,1981,1981,4,30,36,2,0,0,0,0
1295252,3,2022,2022,8,4,4,72,14,112,71,0,1,3,-33.906003,151.213797,69,0,2,1,1,0,0,0,2,0,7,80,2,101,101,8,5,13,2,0,0,0,0
1295272,3,2022,2022,8,5,6,6,4,293,34609,0,1,10,-33.947027,151.243029,59,0,2,1,0,0,0,0,2,0,0,50,0,6545,6545,4,5,5,2,0,0,0,0
1295282,3,2022,2022,8,2,9,2,31,111,34609,0,1,10,-33.688495,150.878301,7,0,2,1,2,0,0,0,3,0,0,50,0,6545,6545,4,5,5,2,0,0,0,0
1295286,3,2022,2022,6,2,2,1,31,115,34609,0,1,1,-33.960787,151.067998,25,0,2,1,2,0,0,0,0,0,7,50,0,4026,4026,1,5,5,2,0,0,0,0
1295290,3,2022,2022,6,2,9,117,27,72,144,0,1,9,-33.849904,151.08999,14,0,2,1,3,0,0,0,4,0,7,60,2,14295,14295,3,9,5,2,0,0,0,0
1295295,3,2022,2022,5,2,10,308,14,55,311,0,1,3,-33.736649,150.906716,7,0,2,1,3,0,0,0,0,0,7,100,2,14295,14295,3,0,0,2,0,0,0,0
1295296,3,2022,2022,5,2,8,829,27,130,770,0,1,2,-33.869234,151.185767,69,0,2,1,3,0,3,4,2,0,7,60,2,14295,14295,3,5,5,4,0,0,0,0
1295298,3,2022,2022,8,1,8,15,27,151,160,0,1,2,-34.019178,150.85257,13,0,2,1,1,0,0,0,2,0,7,60,2,9859,9859,8,10,40,1,0,0,0,0
1295301,3,2022,2022,5,0,10,3371,17,10,3342,0,1,2,-28.415197,153.524537,72,1,0,1,3,0,3,4,0,0,7,110,2,9859,9859,8,5,40,1,0,0,0,0
1295305,3,2022,2022,6,6,2,3,27,13,34609,1,0,1,-33.510971,150.779373,29,2,2,0,3,0,0,0,0,0,7,70,0,1850,1463,5,10,40,1,0,0,0,0
1295306,3,2022,2022,6,5,3,1104,14,44,962,0,1,3,-33.802696,150.893848,7,0,2,1,3,0,0,0,0,0,7,100,2,14295,14295,3,10,13,4,0,0,0,0
1295308,3,2022,2022,5,6,4,1104,14,247,962,0,1,3,-33.811397,150.942485,21,0,2,1,3,0,0,0,2,0,7,100,2,14295,14295,3,5,5,3,0,0,0,0
1295313,3,2022,2022,6,3,8,5,31,132,34609,0,1,1,-29.767581,151.109894,33,2,1,1,1,0,0,0,3,0,7,50,0,9859,9859,1,10,0,2,0,0,0,0
1295319,3,2022,2022,8,2,1,191,27,33,208,1,0,1,-33.797803,151.095594,61,0,2,1,2,0,3,4,0,0,7,60,2,9859,9859,8,5,40,1,0,0,0,0
1295320,3,2022,2022,6,5,6,1,31,35,34609,0,1,1,-34.110396,150.787367,13,0,2,1,3,0,0,0,2,0,7,50,0,9859,9859,1,10,5,5,0,0,0,0
1295336,3,2022,2022,5,3,3,55,36,155,95,0,1,1,-33.185594,148.464735,53,1,0,0,3,0,0,0,2,0,7,100,2,1089,1089,7,10,40,1,0,0,0,0
1295341,3,2022,2022,5,3,7,3,18,253,34609,0,1,10,-33.96704,151.105076,25,0,2,0,3,0,3,4,2,0,0,50,0,3775,3775,0,0,0,2,0,0,0,0
1295342,3,2022,2022,5,2,2,3,27,25,34609,0,1,1,-35.033692,150.660164,63,1,0,0,3,0,3,3,0,0,7,100,0,2585,4009,8,0,40,1,0,0,0,0
1295343,3,2022,2022,5,0,3,4,1,147,69,0,1,9,-33.871997,151.132416,14,0,2,1,3,0,0,0,2,0,0,60,2,4552,985,1,10,13,2,0,0,0,0
1295344,3,2022,2022,5,0,8,111,27,57,233,0,1,9,-33.944112,151.226838,4,0,2,1,3,0,3,4,0,2,7,60,2,5929,5929,1,5,36,2,0,0,0,0
1295347,3,2022,2022,5,3,10,51,27,293,34609,0,1,9,-33.953174,151.235387,59,0,2,0,3,0,3,0,0,0,7,50,0,4552,5151,8,5,40,1,0,0,0,0
1295348,3,2022,2022,5,4,8,5,31,65,19,0,1,9,-33.803543,150.958232,21,0,2,1,3,0,0,0,3,0,15,50,1,775,775,4,0,5,2,0,0,0,0
1295361,3,2022,2022,5,2,11,2,27,7,34609,0,1,1,-33.848175,151.1817,32,0,2,1,2,0,3,4,0,0,7,40,0,4026,4026,1,5,41,3,0,0,0,0
1295365,3,2022,2022,5,6,8,4,1,182,34609,0,1,9,-32.826431,151.346151,17,2,1,1,1,0,0,0,3,0,0,50,0,1259,985,8,0,40,1,0,0,0,0
1295372,3,2022,2022,5,3,3,19,27,562,17,0,1,1,-32.129457,148.781049,22,1,0,1,0,0,0,0,2,0,7,100,1,404,404,8,5,40,1,0,0,0,0
1295377,3,2022,2022,4,1,5,2,25,83,34609,0,1,9,-33.889267,150.849625,41,0,2,0,1,0,0,0,2,0,7,50,0,2585,4009,8,5,40,1,0,0,0,0
1295390,3,2022,2022,5,6,11,5,27,69,34609,0,1,1,-33.360952,151.495353,16,2,2,1,2,0,0,6,0,0,7,50,0,9859,9859,1,0,5,2,0,0,0,0
1295394,3,2022,2022,6,1,3,6,27,18,34609,0,1,1,-34.241095,146.125887,28,1,0,1,3,0,0,0,2,0,7,100,0,4026,4026,8,5,40,1,0,0,0,0
1295407,3,2022,2022,6,5,9,80,27,316,34609,0,1,9,-33.913478,151.24475,59,0,2,1,3,0,3,0,3,0,7,50,0,4026,4026,8,0,40,1,0,0,0,0
1295409,3,2022,2022,5,6,7,191,27,175,208,0,1,1,-33.774027,151.083212,54,0,2,1,3,0,0,0,2,0,7,60,2,1109,787,1,10,5,2,0,0,0,0
1295410,3,2022,2022,5,0,9,293,27,91,44,0,1,1,-33.993889,150.881334,13,0,2,1,3,0,3,4,0,0,7,60,1,9859,9859,8,5,40,1,0,0,0,0
1295411,3,2022,2022,5,1,6,24,27,65,78,0,1,1,-33.56781,150.126921,40,2,1,0,3,0,3,3,2,0,7,80,2,2585,4009,8,30,40,1,0,0,0,0
1295414,3,2022,2022,5,6,5,112,17,207,112,0,1,10,-31.953121,141.474048,51,2,1,1,3,0,0,0,2,0,0,50,2,6545,6545,4,10,13,2,0,0,0,0
1295416,3,2022,2022,6,4,9,29,1,126,34609,0,1,1,-33.938688,150.80983,41,0,2,1,3,0,0,0,0,0,7,50,0,9859,9859,1,5,5,2,0,0,0,0
1295417,3,2022,2022,5,4,8,51,27,57,63,0,1,7,-34.570876,150.823154,62,0,2,0,3,0,0,0,0,0,0,60,2,1850,985,5,5,40,1,0,0,0,0
1295418,3,2022,2022,5,2,3,42,27,134,56,0,1,10,-33.890174,151.241958,76,0,2,1,3,0,3,4,1,2,7,50,1,6545,6545,4,10,0,2,0,0,0,0
1295420,3,2022,2022,5,1,11,2,27,151,34609,0,1,9,-34.036561,150.841143,13,0,2,1,3,0,0,0,0,0,7,50,0,4026,4026,1,3,0,2,0,0,0,0
1295422,3,2022,2022,6,3,8,22,27,123,59,0,1,2,-33.887193,151.222992,69,0,2,1,3,0,3,4,3,0,7,40,1,1383,1383,1,16,36,2,0,0,0,0
1295423,3,2022,2022,5,2,6,31,23,139,187,0,1,2,-33.873314,151.137313,32,0,2,1,3,0,0,0,2,0,7,60,2,14295,14295,3,5,5,2,0,0,0,0
1295428,3,2022,2022,5,3,7,3,31,204,34609,0,1,9,-33.893681,150.939407,24,0,2,1,3,0,3,4,2,0,7,40,0,387,387,1,9,5,2,0,0,0,0
1295430,3,2022,2022,5,2,2,177,22,58,176,0,1,10,-34.045789,151.132997,68,0,2,1,2,0,0,0,0,2,7,70,2,9859,9859,8,9,40,1,0,0,0,0
1295431,3,2022,2022,6,2,6,31,31,79,34609,1,0,1,-33.8212,151.211134,49,0,2,1,1,0,0,0,2,0,7,50,0,9859,9859,1,0,5,2,0,0,0,0
1295436,3,2022,2022,5,4,6,28,27,7,62,0,1,1,-36.736129,149.964239,5,2,1,0,0,0,0,0,2,0,7,60,1,4552,5151,8,34,40,1,0,0,0,0
1295439,3,2022,2022,6,4,8,16,27,316,34609,0,1,10,-33.903687,151.243013,59,0,2,1,0,0,0,0,2,0,0,50,0,6545,6545,4,21,0,2,0,0,0,0
1295440,3,2022,2022,5,6,0,2,31,66,34609,0,1,1,-34.482443,150.896525,80,0,2,1,2,0,3,4,0,0,7,50,0,4026,4026,1,5,13,3,0,0,0,0
1295442,3,2022,2022,6,3,5,18,27,251,13,0,1,7,-33.776601,150.9366,7,0,2,1,1,0,3,0,2,0,0,60,1,489,489,8,10,40,1,0,0,0,0
1295444,3,2022,2022,7,6,11,1,27,96,34609,0,1,1,-34.051495,150.831735,13,0,2,1,2,0,3,0,0,0,7,50,0,2585,4009,8,5,40,1,0,0,0,0
1295445,3,2022,2022,5,0,7,1,27,58,34609,0,1,9,-33.438705,151.292343,16,2,2,0,1,0,0,0,2,0,7,50,0,1957,4009,1,33,5,2,0,0,0,0
1295456,3,2022,2022,6,6,2,265,10,445,563,0,1,9,-33.866407,151.041333,21,0,2,1,3,0,0,0,1,2,7,70,2,14295,14295,3,5,5,2,0,0,0,0
1295463,3,2022,2022,5,4,8,19,27,14,34609,0,1,1,-34.909827,150.694899,63,2,1,1,3,0,3,0,2,0,7,80,0,9859,9859,8,9,40,1,0,0,0,0
1295467,3,2022,2022,5,2,2,2209,17,130,2205,0,1,9,-34.449763,150.849301,80,0,2,1,3,0,0,0,1,2,7,60,2,5929,5929,1,5,0,2,0,0,0,0
1295468,3,2022,2022,5,5,7,4,31,9,34609,0,1,9,-33.929194,151.148172,4,0,2,1,3,0,3,4,2,0,7,50,0,9859,9859,8,5,40,1,0,0,0,0
1295472,3,2022,2022,3,3,5,344,27,61,163,1,0,2,-33.757254,150.894214,7,0,2,1,3,0,0,0,2,0,7,60,2,941,941,1,10,40,2,0,0,0,0
1295474,3,2022,2022,5,4,7,193,27,31,94,0,1,9,-33.873028,151.025818,21,0,2,1,3,0,0,0,2,0,7,60,1,395,395,1,0,5,2,0,0,0,0
1295476,3,2022,2022,5,0,10,3371,17,40,3342,0,1,9,-33.824401,151.187945,38,0,2,0,3,0,0,0,0,2,7,60,2,1282,1282,1,33,5,2,0,0,0,0
1295477,3,2022,2022,5,2,11,143,31,134,34609,0,1,10,-33.890905,151.244315,76,0,2,1,3,0,3,4,0,0,0,50,0,775,775,4,5,22,2,0,0,0,0
1295478,3,2022,2022,6,4,6,13,31,39,83,0,1,7,-29.436723,153.358327,18,2,1,1,3,0,0,0,2,0,0,50,1,3775,3775,0,5,12,2,0,0,0,0
1295479,3,2022,2022,5,6,11,1,31,6,34609,0,1,1,-32.258837,148.457509,22,1,0,1,3,0,0,0,0,0,7,100,0,945,945,5,5,40,1,0,0,0,0
1295482,3,2022,2022,6,4,1,2261,17,112,2252,0,1,10,-33.910325,150.939778,41,0,2,1,3,0,0,0,0,3,7,70,2,4026,4026,8,0,40,1,0,0,0,0
1295496,3,2022,2022,5,2,0,7,1,293,34609,0,1,2,-33.944715,151.245037,59,0,2,0,2,0,3,4,0,0,7,50,0,2585,4009,8,5,40,1,0,0,0,0
1295502,3,2022,2022,5,1,5,110,27,36,173,0,1,2,-34.382557,150.859238,80,0,2,1,1,0,0,0,2,0,7,80,2,101,101,8,5,35,2,0,0,0,0
1295505,3,2022,2022,6,1,9,5,1,293,34609,1,0,7,-33.944805,151.232651,59,0,2,1,2,0,0,0,0,0,0,50,0,6545,6545,4,5,0,2,0,0,0,0
1295528,3,2022,2022,5,5,8,28,27,22,34609,0,1,7,-34.060107,150.805301,13,0,2,0,3,0,3,4,3,0,0,50,0,1957,4009,8,5,40,1,0,0,0,0
1295531,3,2022,2022,5,0,7,100,27,127,100,0,1,2,-33.840685,150.853956,24,0,2,1,3,0,0,0,2,0,7,70,2,14295,14295,3,29,10,2,0,0,0,0
1295532,3,2022,2022,5,5,7,42,27,128,231,0,1,1,-33.417542,151.322416,16,2,2,1,3,0,0,3,2,0,7,60,2,1981,1981,4,30,13,2,0,0,0,0
1295534,3,2022,2022,5,0,5,150,27,197,415,1,0,9,-33.794922,151.117802,61,0,2,1,3,0,3,0,2,0,7,70,2,5929,5929,1,0,36,2,0,0,0,0
1295538,3,2022,2022,5,5,5,29,27,106,27,1,0,9,-34.568443,150.800978,62,0,2,1,3,0,0,0,2,0,15,60,2,926,926,4,5,36,2,0,0,0,0
1295539,3,2022,2022,5,3,10,1052,14,118,928,0,1,3,-33.410163,151.298632,16,1,2,0,3,0,3,6,0,0,7,110,2,1192,1192,1,0,10,2,0,0,0,0
1295540,3,2022,2022,5,2,6,104,27,387,140,0,1,2,-33.92021,151.187386,69,0,2,1,3,0,0,0,2,0,7,60,2,9859,9859,8,10,40,2,0,0,0,0
1295547,3,2022,2022,6,0,7,16,31,246,12,0,1,1,-33.903906,151.201019,69,0,2,1,0,0,0,0,2,0,7,50,1,9859,9859,1,0,5,2,0,0,0,0
1295548,3,2022,2022,8,2,2,2126,17,283,2149,0,1,10,-33.83066,151.012274,54,0,2,1,2,0,0,0,0,2,7,60,2,9859,9859,8,5,40,1,0,0,0,0
1295552,3,2022,2022,8,2,11,29,31,609,48,0,1,10,-33.771977,150.891949,7,0,2,1,2,0,0,1,0,2,7,60,1,6545,6545,4,5,0,2,0,0,0,0
1295553,3,2022,2022,6,2,5,18,31,28,34609,0,1,9,-33.406862,149.57131,3,2,1,1,1,0,0,0,2,0,7,50,0,9859,9859,1,33,5,2,0,0,0,0
1295554,3,2022,2022,5,4,8,4,10,40,18,0,1,9,-34.419993,150.888614,80,0,2,1,1,0,0,0,3,2,7,50,1,1383,1383,1,5,5,3,0,0,0,0
1295558,3,2022,2022,6,0,11,1,6,160,34609,0,1,1,-33.096253,151.474042,37,0,2,1,2,0,3,4,0,0,7,50,0,9859,9859,1,5,5,2,0,0,0,0
1295578,3,2022,2022,5,1,3,1,1,50,34609,0,1,1,-33.508358,151.327241,16,2,2,1,1,0,3,3,1,0,7,50,0,4026,4026,1,5,0,2,0,0,0,0
1295581,3,2022,2022,5,6,2,3371,17,35,3342,0,1,2,-29.886807,153.059934,18,1,0,1,0,0,2,6,0,0,7,110,2,237,162,8,10,40,1,0,0,0,0
1295583,3,2022,2022,5,3,7,9,27,10,34609,0,1,1,-31.09976,152.740325,34,2,1,1,0,0,0,0,2,0,7,80,0,4026,4026,8,5,40,1,0,0,0,0
1295597,3,2022,2022,6,3,2,42,31,316,34609,0,1,10,-33.920681,151.235646,59,0,2,1,2,0,0,0,0,2,7,50,0,9859,9859,1,5,5,2,0,0,0,0
1295609,3,2022,2022,8,3,1,32,27,112,34609,0,1,1,-33.439465,151.438095,16,2,2,1,0,0,0,0,0,0,7,50,0,9859,9859,8,5,40,1,0,0,0,0
1295617,3,2022,2022,5,1,8,3371,17,39,3342,0,1,2,-29.872262,153.055411,18,1,0,0,3,0,0,0,2,0,7,110,2,2585,4009,8,5,40,1,0,0,0,0
1295619,3,2022,2022,5,0,7,28,10,32,70,0,1,7,-31.939615,152.471647,43,2,1,1,3,0,0,0,2,0,7,70,1,14295,14295,3,0,5,2,0,0,0,0
1295622,3,2022,2022,5,4,10,60,27,4,69,0,1,9,-33.868798,151.116287,14,0,2,1,3,0,0,0,0,0,15,60,2,623,623,3,5,0,2,0,0,0,0
1295624,3,2022,2022,5,5,7,100,27,127,799,0,1,1,-33.895843,151.155965,32,0,2,1,3,0,0,0,2,0,7,60,2,1282,1282,1,5,5,2,0,0,0,0
1295625,3,2022,2022,5,5,7,171,27,52,369,0,1,9,-33.686509,150.733468,55,0,2,1,3,0,0,0,2,0,0,80,2,4026,4026,8,5,40,1,0,0,0,0
1295627,3,2022,2022,5,3,9,97,17,61,88,0,1,2,-35.178626,149.268577,58,1,0,1,3,0,0,0,0,0,7,110,2,1089,1089,7,0,40,1,0,0,0,0
1295629,3,2022,2022,5,6,5,49,31,83,34609,0,1,1,-29.719482,152.93325,18,2,1,1,3,0,3,3,2,0,7,50,0,1981,1981,4,5,5,2,0,0,0,0
1295631,3,2022,2022,5,0,7,6,18,80,34609,0,1,7,-33.81338,151.166898,38,0,2,1,3,0,0,0,2,0,0,50,0,9859,9859,8,5,40,1,0,0,0,0
1295632,3,2022,2022,5,4,4,59,31,107,321,0,1,10,-33.879359,151.199495,69,0,2,1,3,0,0,3,2,2,7,50,2,5929,5929,1,5,0,2,0,0,0,0
1295635,3,2022,2022,5,1,9,213,17,6,213,0,1,1,-29.725408,151.812625,51,1,0,1,3,0,0,0,0,0,7,100,2,1089,1089,7,10,40,1,0,0,0,0
1295637,3,2022,2022,5,0,8,55,27,64,117,0,1,9,-32.942348,151.687555,48,0,2,1,3,0,0,3,3,2,7,70,2,14295,14295,3,5,0,2,0,0,0,0
1295648,3,2022,2022,5,1,8,134,10,69,133,0,1,2,-33.82092,151.02161,54,0,2,1,3,0,3,4,3,0,7,70,2,14295,14295,3,5,5,2,0,0,0,0
1295654,3,2022,2022,8,0,3,70,27,84,34609,1,0,1,-33.810092,150.986947,21,0,2,1,2,0,0,0,1,0,7,50,0,1391,1391,1,8,5,2,0,0,0,0
1295659,3,2022,2022,8,4,9,1,31,120,34609,0,1,1,-33.756858,150.86985,7,0,2,1,2,0,3,4,3,0,7,50,0,9859,9859,1,5,13,2,0,0,0,0
1295664,3,2022,2022,6,1,6,27,36,29,27,0,1,1,-31.582952,149.767031,51,1,0,1,0,0,0,0,2,0,11,100,1,14295,14295,3,5,0,3,0,0,0,0
1295673,3,2022,2022,0,1,2,7,1,30,34609,0,1,1,-34.496908,150.813633,80,0,2,0,1,0,0,0,1,0,7,50,0,4552,5151,1,5,13,3,0,0,0,0
1295682,3,2022,2022,5,3,6,18,27,58,34609,1,0,1,-34.050553,151.131924,68,0,2,1,1,0,3,4,2,0,9,50,0,9859,9859,8,0,40,1,0,0,0,0
1295690,3,2022,2022,0,3,4,32,31,37,91,0,1,1,-33.905904,151.259352,76,0,2,1,0,0,0,0,2,0,7,50,1,9859,9859,1,5,5,2,0,0,0,0
1295696,3,2022,2022,5,3,4,829,31,155,34609,0,1,1,-33.132357,148.16545,53,2,1,1,3,0,3,4,2,0,7,50,0,9859,9859,8,5,40,1,0,0,0,0
1295704,3,2022,2022,5,4,1,4,1,140,34609,0,1,1,-33.894686,150.99684,15,0,2,1,2,0,3,4,0,0,7,50,0,9859,9859,1,0,0,2,0,0,0,0
1295714,3,2022,2022,5,6,6,4,23,210,34609,0,1,1,-34.035796,151.103027,68,0,2,1,3,0,0,3,2,0,7,50,0,9859,9859,1,5,13,2,0,0,0,0
1295716,3,2022,2022,5,4,6,234,27,112,217,0,1,1,-33.669972,151.025623,71,0,2,0,3,0,0,3,2,0,7,70,2,14295,14295,3,8,13,2,0,0,0,0
1295719,3,2022,2022,5,0,5,83,31,523,34609,0,1,10,-33.919827,150.921783,41,0,2,1,3,0,0,0,2,2,7,50,0,14295,14295,3,9,0,3,0,0,0,0
1295720,3,2022,2022,5,0,1,3371,17,65,3342,0,1,2,-30.372501,153.052749,19,1,0,1,3,0,0,0,0,0,7,110,2,9859,9859,8,5,40,1,0,0,0,0
1295721,3,2022,2022,5,0,6,13,31,80,69,1,0,10,-33.941206,151.214519,4,0,2,1,3,0,0,0,2,0,0,50,1,3775,3775,0,21,5,2,0,0,0,0