Crash ID,Degree of crash - detailed,Reporting year,Year of crash,Month of crash,Day of week of crash,Two-hour intervals,Street of crash,Street type,Town,Route no.,School zone location,School zone active,Type of location,Latitude,Longitude,LGA,Urbanisation,Conurbation 1,Alignment,Street lighting,Road surface,Surface condition,Weather,Natural lighting,Signals operation,Other traffic control,Speed limit,Road classification,RUM - code,DCA - code,First impact type,Key TU type,Other TU type,No. of traffic units involved,No. killed,No. seriously injured,No. moderately injured,No. minor-other injured
1295724,3,2022,2022,5,3,10,106,27,523,106,0,1,10,-33.927586,150.908539,41,0,2,1,3,0,3,4,0,2,7,60,2,5929,5929,1,0,5,2,0,0,0,0
1295727,3,2022,2022,5,5,5,2209,17,176,2205,0,1,2,-33.96032,151.138038,4,0,2,0,3,0,0,3,2,0,7,60,2,1391,1391,1,5,13,2,0,0,0,0
1295728,3,2022,2022,5,4,10,3371,17,30,3342,0,1,3,-28.329914,153.519946,72,1,0,1,3,0,0,0,0,0,7,110,2,9859,9859,8,5,40,1,0,0,0,0
1295738,3,2022,2022,5,6,0,478,17,128,480,0,1,10,-33.427079,151.327225,16,2,2,1,3,0,3,4,0,2,7,70,2,2852,2852,4,10,36,2,0,0,0,0
1295742,3,2022,2022,6,3,1,2126,17,78,2149,0,1,10,-33.865165,151.088814,67,0,2,1,2,0,0,0,0,2,7,60,2,14295,14295,3,5,36,2,0,0,0,0
1295751,3,2022,2022,8,2,3,65,31,18,34609,0,1,9,-28.401668,153.562291,72,2,1,0,0,0,0,0,2,0,7,50,0,4552,5151,8,5,40,1,0,0,0,0
1295758,3,2022,2022,5,2,3,481,17,96,483,0,1,9,-33.329477,148.056219,51,1,0,1,0,0,0,3,2,0,0,110,2,6545,6545,4,10,13,2,0,0,0,0
1295759,3,2022,2022,5,5,2,213,17,7,213,0,1,1,-29.518311,152.47108,18,1,0,1,0,0,0,6,0,0,7,100,2,1089,1089,7,8,40,1,0,0,0,0
1295760,3,2022,2022,5,4,2,2126,17,147,2149,0,1,10,-33.873019,151.126104,14,0,2,1,0,0,3,0,1,1,7,60,2,14295,14295,3,0,0,2,0,0,0,0
1295767,3,2022,2022,6,6,7,475,10,54,268,0,1,9,-33.877098,150.843567,24,0,2,1,1,0,0,0,2,2,7,70,2,395,395,1,3,0,2,0,0,0,0
1295773,3,2022,2022,6,6,8,512,17,43,441,0,1,7,-32.551031,148.940878,22,2,1,0,1,0,0,0,2,0,0,50,2,6545,6545,4,5,12,2,0,0,0,0
1295777,3,2022,2022,5,4,10,54,27,32,49,0,1,1,-32.949362,151.719816,48,0,2,1,2,0,0,0,0,0,7,60,1,9859,9859,1,5,0,2,0,0,0,0
1295781,3,2022,2021,2,2,9,19,27,22,122,0,1,2,-34.530377,150.869015,80,0,2,1,1,0,0,0,3,0,7,60,2,9859,9859,1,5,5,2,0,0,0,0
1295782,3,2022,2022,5,0,7,866,17,12,793,0,1,10,-33.839764,150.957461,21,0,2,1,1,0,0,0,2,2,7,70,2,1282,1282,1,10,0,2,0,0,0,0
1295788,3,2022,2022,5,3,3,92,27,3,34609,0,1,1,-33.099997,151.559025,37,0,2,1,0,0,0,0,1,0,7,50,0,4026,4026,1,5,36,2,0,0,0,0
1295793,3,2022,2022,5,4,7,13,10,75,34609,0,1,7,-32.790095,151.63557,42,2,1,1,1,0,0,0,2,0,0,60,0,623,623,3,33,5,2,0,0,0,0
1295798,3,2022,2022,5,4,2,31,27,21,33,0,1,1,-33.58264,150.680646,29,2,2,0,0,0,0,0,0,0,7,60,1,782,957,5,10,40,1,0,0,0,0
1295799,3,2022,2022,5,3,3,56,31,59,34609,0,1,1,-34.339389,150.917339,80,0,2,1,1,0,0,0,2,0,7,50,0,4026,4026,8,5,40,1,0,0,0,0
1295805,3,2022,2022,5,3,0,361,23,44,165,0,1,1,-33.970098,151.1152,25,0,2,1,3,0,3,4,0,0,7,50,1,3775,3775,0,5,0,2,0,0,0,0
1295830,3,2022,2022,5,0,1,2126,17,60,2149,0,1,1,-33.653699,150.282424,8,2,2,0,2,0,1,0,0,0,7,80,2,1259,5151,8,3,40,1,0,0,0,0
1295833,3,2022,2022,5,2,8,8,31,246,8,0,1,1,-33.907986,151.190497,69,0,2,1,0,0,0,0,2,0,7,50,1,9859,9859,8,5,40,1,0,0,0,0
1295837,3,2022,2022,6,6,6,481,17,10,483,0,1,1,-32.902777,148.240207,53,1,0,1,0,0,0,0,2,0,7,110,2,101,101,8,5,10,2,0,0,0,0
1295838,3,2022,2022,5,0,0,5,23,143,34609,0,1,1,-33.707825,151.087778,31,0,2,1,2,0,0,0,0,0,7,50,0,9859,9859,1,0,0,2,0,0,0,0
1295842,3,2022,2022,5,6,10,1104,14,139,962,0,1,6,-33.874617,151.135653,32,0,2,1,2,0,0,6,0,0,7,60,2,9859,9859,8,34,40,2,0,0,0,0
1295855,3,2022,2022,5,0,8,126,27,30,168,0,1,10,-34.047809,150.761625,12,0,2,1,2,0,0,0,0,2,7,80,2,14295,14295,3,30,0,3,0,0,0,0
1295856,3,2022,2022,5,2,11,100,27,42,100,0,1,1,-33.86717,150.846266,24,0,2,1,2,0,0,0,0,0,7,80,2,9859,9859,1,33,0,2,0,0,0,0
1295857,3,2022,2022,5,4,9,25,27,243,34609,0,1,1,-33.95428,150.890274,41,0,2,1,0,0,0,0,0,0,7,50,0,4026,4026,1,10,5,2,0,0,0,0
1295858,3,2022,2022,6,2,2,97,17,14,88,0,1,2,-35.096522,149.376025,82,1,0,0,0,0,0,0,0,0,7,110,2,14295,14295,3,9,2,2,0,0,0,0
1295862,3,2022,2022,5,1,11,119,31,251,34609,0,1,1,-33.778811,150.935792,7,0,2,1,2,0,0,0,0,0,7,50,0,9859,9859,8,5,40,2,0,0,0,0
1295863,3,2022,2022,5,2,0,23,10,32,101,0,1,2,-32.946344,151.715067,48,0,2,0,0,0,0,0,0,0,7,50,2,1957,4009,1,5,5,2,0,0,0,0
1295865,3,2022,2022,6,3,5,112,27,20,769,0,1,1,-33.54933,150.672877,29,2,2,0,0,0,0,0,2,0,7,60,2,1957,4009,8,0,40,1,0,0,0,0
1295879,3,2022,2022,0,0,10,12,27,30,34609,0,1,1,-34.200874,150.557065,79,2,2,1,0,0,0,0,0,0,7,80,0,4026,4026,8,5,40,1,0,0,0,0
1295889,3,2022,2022,5,2,1,2,25,115,34609,0,1,9,-34.021094,151.072931,68,0,2,1,2,0,0,0,0,0,7,50,0,489,489,8,5,40,1,0,0,0,0
1295892,3,2022,2022,5,3,9,70,27,78,100,0,1,1,-33.691119,150.577755,8,2,2,0,2,0,3,4,0,0,7,60,2,1981,1981,4,10,5,2,0,0,0,0
1295900,3,2022,2022,5,4,9,98,27,223,11,0,1,7,-33.800192,150.926994,7,0,2,0,3,0,3,4,0,0,0,60,1,5929,5929,1,5,5,2,0,0,0,0
1295902,3,2022,2022,5,3,8,27,27,11,18,0,1,1,-31.381231,151.425022,51,1,0,0,3,0,3,4,3,0,7,100,1,4552,5151,8,5,40,1,0,0,0,0
1295903,3,2022,2022,5,3,3,115,27,99,114,0,1,10,-33.885109,151.267869,76,0,2,1,3,0,0,0,2,2,7,50,2,5929,5929,1,5,5,2,0,0,0,0
1295905,3,2022,2022,5,6,5,75,10,63,165,0,1,2,-33.933552,151.211068,4,0,2,1,3,0,0,0,2,0,7,80,2,1383,1383,1,0,10,2,0,0,0,0
1295906,3,2022,2022,5,1,9,27,36,11,34609,0,1,1,-29.595717,153.04228,18,1,0,1,0,0,0,0,0,0,7,100,0,9859,9859,8,10,40,1,0,0,0,0
1295909,3,2022,2022,5,5,9,6,27,98,44,0,1,9,-33.737845,151.072224,31,0,2,1,3,0,3,4,0,2,7,40,1,14295,14295,3,5,0,2,0,0,0,0
1295910,3,2022,2022,5,5,6,18,27,83,100,0,1,9,-34.452425,150.440878,78,2,1,1,3,0,0,3,2,0,0,50,2,941,941,1,10,5,2,0,0,0,0
1295912,3,2022,2022,5,1,9,2,31,63,34609,0,1,9,-33.249666,151.464403,16,2,2,1,3,0,0,0,0,0,7,40,0,323,323,1,10,13,2,0,0,0,0
1295916,3,2022,2022,5,4,4,1052,14,21,928,0,1,3,-33.23314,151.418538,16,1,2,1,3,0,0,0,2,0,7,110,2,1391,1391,1,3,0,2,0,0,0,0
1295917,3,2022,2022,5,3,6,2261,17,44,2252,0,1,2,-35.216057,147.802235,75,1,0,0,3,0,3,4,2,0,7,110,2,2585,4009,8,5,40,1,0,0,0,0
1295921,3,2022,2022,6,5,8,163,27,226,165,0,1,9,-33.765355,150.824915,7,0,2,0,3,0,0,0,2,2,7,60,1,1259,985,8,0,40,1,0,0,0,0
1295923,3,2022,2022,5,2,4,3371,17,13,3342,0,1,7,-30.853069,152.914474,34,2,1,1,3,0,0,0,2,0,0,60,2,78,78,8,0,40,1,0,0,0,0
1295928,3,2022,2022,5,4,5,2209,17,33,2205,0,1,2,-34.714745,150.833152,35,2,1,0,3,0,0,3,2,0,7,80,2,1391,1391,1,5,0,2,0,0,0,0
1295930,3,2022,2022,6,4,6,916,17,5,917,0,1,1,-30.045775,151.717659,1,1,0,0,3,0,3,2,2,0,7,100,2,1850,1463,5,30,40,1,0,0,0,0
1295931,3,2022,2022,5,4,7,1,31,314,34609,0,1,1,-33.840105,150.933811,21,0,2,1,3,0,0,0,2,0,7,50,0,941,941,1,10,41,2,0,0,0,0
1295932,3,2022,2022,5,5,3,1104,14,149,962,0,1,3,-33.816583,150.965691,21,0,2,1,3,0,0,0,1,0,7,90,2,14295,14295,3,5,10,2,0,0,0,0
1295933,3,2022,2022,5,5,5,7,23,69,34609,0,1,1,-32.903373,151.689217,48,0,2,1,3,0,0,3,2,0,7,50,0,1282,1282,1,0,0,2,0,0,0,0
1295934,3,2022,2022,5,5,3,57,31,523,34609,0,1,1,-33.919534,150.928847,41,0,2,1,3,0,0,0,1,0,7,30,0,1981,1981,4,10,5,2,0,0,0,0
1295937,3,2022,2022,5,2,5,18,27,9,41,1,0,10,-33.294673,149.012613,11,2,1,1,3,0,0,0,2,0,0,80,1,6545,6545,4,9,13,2,0,0,0,0
1295940,3,2022,2022,5,0,6,2126,17,90,2149,0,1,1,-33.70358,150.290912,8,2,2,0,3,0,0,0,2,0,7,60,2,14295,14295,3,8,0,2,0,0,0,0
1295944,3,2022,2022,5,1,6,1,10,89,34609,0,1,9,-28.220312,153.546863,72,2,1,0,3,0,0,0,2,2,7,60,0,5929,5929,1,5,5,2,0,0,0,0
1295957,3,2022,2022,6,2,9,21,31,445,34609,0,1,0,-33.864958,151.044114,21,0,2,1,2,0,0,0,0,0,7,50,0,387,387,1,5,5,2,0,0,0,0
1295971,3,2022,2022,5,2,10,78,17,22,75,0,1,8,-33.855099,151.209059,69,0,2,1,2,0,0,0,0,0,7,70,2,1282,1282,1,21,5,2,0,0,0,0
1295981,3,2022,2022,5,5,7,4,31,646,30,0,1,9,-33.914572,151.038697,15,0,2,1,1,0,0,0,2,2,7,60,1,14295,14295,3,0,12,2,0,0,0,0
1296000,3,2022,2022,5,6,9,36,27,15,563,0,1,7,-33.997956,151.027347,68,0,2,0,3,0,3,4,0,0,0,50,2,1957,777,1,10,13,2,0,0,0,0
1296002,3,2022,2022,5,1,6,109,27,74,382,0,1,9,-33.756971,150.84005,7,0,2,1,3,0,0,0,2,0,7,60,2,1669,1669,3,5,5,2,0,0,0,0
1296003,3,2022,2022,4,5,8,149,36,120,81,0,1,7,-32.194013,152.514358,43,2,1,1,3,0,0,0,3,0,0,60,2,380,777,5,5,40,1,0,0,0,0
1296005,3,2022,2022,5,6,2,2261,17,38,2252,0,1,3,-34.120586,150.755699,79,1,2,1,3,0,3,3,0,0,7,110,2,9859,9859,8,34,40,1,0,0,0,0
1296009,3,2022,2022,5,6,9,17,10,63,34609,0,1,1,-33.247063,151.497661,16,2,2,1,3,0,3,4,3,0,7,50,0,9859,9859,8,10,40,1,0,0,0,0
1296011,3,2022,2022,5,3,6,1104,14,460,962,0,1,3,-33.825397,150.990719,54,0,2,1,3,0,3,0,2,0,7,90,2,1391,1391,1,5,25,3,0,0,0,0
1296012,3,2022,2022,5,1,3,32,14,35,124,0,1,3,-33.815664,151.200464,77,0,2,1,3,0,3,3,1,0,7,80,2,14295,14295,3,5,13,2,0,0,0,0
1296013,3,2022,2022,5,5,9,4,23,86,34609,0,1,9,-33.741715,150.920115,7,0,2,1,3,0,3,4,2,0,7,50,0,5929,5929,1,5,0,2,0,0,0,0
1296020,3,2022,2022,5,6,5,916,17,194,917,0,1,7,-30.490448,151.671325,1,2,1,1,3,0,3,4,2,0,0,60,2,1850,777,5,8,40,1,0,0,0,0
1296021,3,2022,2022,5,3,7,128,27,363,133,0,1,10,-33.760636,150.684264,55,0,2,1,3,0,3,0,2,2,7,60,2,14295,14295,3,5,5,3,0,0,0,0
1296022,3,2022,2022,5,1,6,255,27,103,172,0,1,2,-32.932437,151.653397,37,0,2,0,3,0,0,0,2,0,7,60,2,2585,4009,8,0,40,1,0,0,0,0
1296024,3,2022,2022,6,1,11,194,31,309,702,0,1,2,-33.821493,151.097612,61,0,2,1,3,0,3,4,0,0,7,70,2,14295,14295,3,10,5,2,0,0,0,0
1296031,3,2022,2022,5,0,3,48,27,20,62,0,1,1,-35.529614,148.130655,66,1,0,0,3,0,1,0,2,0,7,100,2,418,714,5,5,40,1,0,0,0,0
1296033,3,2022,2022,5,6,8,79,27,46,159,0,1,9,-33.942244,151.117392,4,0,2,0,2,0,3,4,0,0,7,60,2,1669,1669,3,10,0,2,0,0,0,0
1296034,3,2022,2022,5,1,7,293,31,128,369,0,1,10,-33.624045,150.801179,29,2,2,1,3,0,0,0,2,0,7,60,2,14295,14295,3,10,0,2,0,0,0,0
1296040,3,2022,2022,5,3,6,21,31,121,34609,0,1,10,-33.792759,151.286513,50,0,2,1,3,0,0,0,2,0,7,50,0,6545,6545,4,5,5,2,0,0,0,0
1296043,3,2022,2022,5,5,9,5,31,293,34609,0,1,1,-33.938611,151.233903,59,0,2,1,3,0,3,4,0,0,7,50,0,175,188,8,10,40,1,0,0,0,0
1296044,3,2022,2022,5,0,7,110,27,41,173,0,1,2,-34.399674,150.868598,80,0,2,0,3,0,0,0,2,0,7,80,2,14295,14295,3,10,12,2,0,0,0,0
1296045,3,2022,2022,5,0,9,475,10,70,268,0,1,1,-33.885298,150.869617,24,0,2,1,3,0,3,0,0,0,7,70,2,1391,1391,1,5,0,2,0,0,0,0
1296046,3,2022,2022,8,5,3,169,27,24,61,0,1,9,-33.822295,151.170056,38,0,2,1,3,0,3,4,1,0,7,50,1,3775,3775,0,10,5,2,0,0,0,0
1296048,3,2022,2022,5,4,8,3371,17,108,3342,0,1,9,-33.294735,151.422614,16,2,2,1,3,0,3,0,2,2,7,60,2,14295,14295,3,5,12,2,0,0,0,0
1296049,3,2022,2022,5,6,7,4,18,251,34609,0,1,1,-33.779925,150.920733,7,0,2,1,3,0,0,0,2,0,7,50,0,941,941,1,5,5,2,0,0,0,0
1296053,3,2022,2022,5,4,4,2209,17,79,2205,0,1,1,-33.975096,151.12738,25,0,2,1,3,0,3,3,2,0,7,70,2,14295,14295,3,10,13,2,0,0,0,0
1296056,3,2022,2022,5,3,8,27,27,294,27,0,1,1,-33.934025,150.953562,41,0,2,1,3,0,0,0,2,0,7,60,1,9859,9859,1,10,25,3,0,0,0,0
1296057,3,2022,2022,5,3,7,2261,17,41,2252,0,1,2,-35.062286,148.095359,20,1,0,1,3,0,0,0,2,0,7,110,2,204,204,1,5,5,2,0,0,0,0
1296068,3,2022,2022,5,4,7,178,27,70,48,0,1,1,-32.72949,151.554127,42,2,1,1,3,0,3,3,2,0,7,50,1,1282,1282,1,5,5,2,0,0,0,0
1296070,3,2022,2022,5,5,6,178,27,189,101,0,1,9,-33.951633,151.052734,25,0,2,0,1,0,3,4,2,2,7,50,1,1957,777,8,5,40,1,0,0,0,0
1296071,3,2022,2022,8,4,3,85,31,228,39,0,1,2,-34.758363,149.708998,26,2,1,1,2,0,0,1,1,0,7,60,2,9859,9859,1,0,5,4,0,0,0,0
1296075,3,2022,2022,5,2,8,45,3,36,331,0,1,10,-34.060893,150.727223,12,0,2,1,1,0,0,0,2,2,7,80,2,14295,14295,3,10,5,2,0,0,0,0
1296112,3,2022,2022,5,2,8,3371,17,44,3342,0,1,6,-30.62854,152.972977,47,2,1,1,1,0,3,4,2,0,7,60,2,9859,9859,8,5,40,1,0,0,0,0
1296115,3,2022,2022,5,2,4,3,31,38,34609,0,1,1,-33.940213,151.065462,15,0,2,1,0,0,0,0,2,0,7,50,0,387,387,1,10,5,2,0,0,0,0
1296123,3,2022,2022,6,1,5,6,27,2,34609,0,1,7,-32.067659,152.538387,43,2,1,0,3,0,0,0,2,0,0,50,0,2585,777,8,5,40,1,0,0,0,0
1296124,3,2022,2022,5,3,7,149,36,40,113,0,1,1,-32.046159,152.480811,43,2,1,1,3,0,3,4,2,0,7,80,1,4026,4026,8,5,40,1,0,0,0,0
1296132,3,2022,2022,6,2,9,3,10,85,34609,0,1,1,-33.805567,150.678307,55,0,2,1,2,0,0,0,0,0,7,50,0,9859,9859,1,10,0,4,0,0,0,0
1296138,3,2022,2022,5,2,7,3371,17,69,3342,0,1,10,-32.934571,151.750618,48,0,2,1,3,0,0,0,2,0,7,60,2,5929,5929,1,0,5,2,0,0,0,0
1296139,3,2022,2022,5,0,11,22,27,94,20,0,1,9,-33.77909,150.802185,55,0,2,0,3,0,0,1,0,2,7,60,1,5929,5929,1,0,5,2,0,0,0,0
1296140,3,2022,2022,5,5,3,70,27,78,100,1,0,1,-33.690286,150.583467,8,2,2,0,3,0,0,0,2,0,7,60,2,1957,4009,1,5,5,2,0,0,0,0
1296143,3,2022,2022,5,1,5,515,14,294,518,0,1,3,-33.94627,150.956508,41,0,2,1,1,0,3,4,2,0,7,100,2,1282,1282,1,29,0,2,0,0,0,0
1296146,3,2022,2022,5,4,5,2261,17,204,2252,0,1,10,-33.894451,150.957664,24,0,2,1,3,0,3,4,2,2,7,70,2,1391,1391,1,5,35,2,0,0,0,0
1296152,3,2022,2022,5,5,7,1,31,609,34609,1,2,1,-33.757424,150.893709,7,0,2,1,3,0,3,0,2,0,7,40,0,4026,4026,8,5,40,1,0,0,0,0
1296153,3,2022,2022,5,6,8,1,31,73,34609,0,1,9,-33.716862,150.709242,55,0,2,1,3,0,3,3,2,0,7,50,0,5929,5929,1,0,5,2,0,0,0,0
1296156,3,2022,2022,5,4,6,512,17,9,441,0,1,1,-33.405782,149.480049,3,1,0,0,3,0,0,0,2,0,7,100,2,4552,5151,8,5,40,1,0,0,0,0
1296157,3,2022,2022,5,1,7,13,27,223,34609,0,1,9,-33.800862,150.924305,7,0,2,1,3,0,0,0,2,0,15,50,0,14295,14295,3,10,5,2,0,0,0,0
1296159,3,2022,2022,5,4,4,2209,17,35,2205,0,1,2,-34.050195,151.05135,68,0,2,1,3,0,3,3,2,0,7,80,2,14295,14295,3,0,5,2,0,0,0,0
1296160,3,2022,2022,5,3,1,123,36,7,90,0,1,1,-31.859866,151.87342,43,1,0,0,3,0,0,0,0,0,7,100,1,1259,5151,8,5,40,1,0,0,0,0
1296164,3,2022,2022,5,5,9,3371,17,25,3342,0,1,1,-32.669544,151.833772,57,1,0,1,3,0,3,4,3,0,7,100,2,9859,9859,8,5,40,1,0,0,0,0
1296165,3,2022,2022,5,5,8,3371,17,67,3342,0,1,10,-33.3936,151.350037,16,2,2,1,3,0,3,4,3,0,7,60,2,6545,6545,4,30,5,2,0,0,0,0
1296171,3,2022,2022,5,5,8,81,27,609,115,0,1,9,-33.80227,150.896157,7,0,2,1,3,0,3,4,2,2,7,60,2,14295,14295,3,3,5,2,0,0,0,0
1296172,3,2022,2022,5,6,2,191,17,25,189,0,1,1,-32.353589,150.668607,46,1,0,0,3,0,3,2,0,0,7,100,2,4552,5151,8,0,40,1,0,0,0,0
1296175,3,2022,2022,5,2,3,205,27,161,415,0,1,2,-33.711316,151.174911,36,0,2,1,3,0,3,4,2,0,7,60,2,9859,9859,1,6,5,2,0,0,0,0
1296180,3,2022,2022,5,1,4,2209,17,64,2205,0,1,2,-34.382634,150.900446,80,0,2,1,3,0,0,0,2,0,7,80,2,14295,14295,3,0,0,3,0,0,0,0
1296181,3,2022,2022,5,0,3,296,27,283,293,0,1,10,-33.834705,151.002056,21,0,2,1,3,0,3,4,1,2,7,70,2,6545,6545,4,5,13,2,0,0,0,0
1296182,3,2022,2022,5,0,7,13,27,438,34609,0,1,10,-33.86071,151.025818,21,0,2,1,3,0,0,0,2,0,15,50,0,6545,6545,4,5,5,2,0,0,0,0
1296185,3,2022,2022,5,4,4,57,27,337,47,0,1,9,-33.723876,150.985971,71,0,2,1,3,0,3,4,2,2,7,60,2,1282,1282,1,5,5,2,0,0,0,0
1296187,3,2022,2022,5,4,8,229,14,278,237,0,1,3,-33.758592,151.049257,71,0,2,1,3,0,3,4,0,0,7,100,2,14295,14295,3,10,10,3,0,0,0,0
1296188,3,2022,2022,5,4,8,9,31,48,34609,0,1,10,-32.910467,151.742322,48,0,2,1,3,0,3,4,3,0,0,50,0,2852,2852,4,5,5,2,0,0,0,0
1296191,3,2022,2022,6,6,3,100,27,109,799,0,1,10,-33.903885,151.140963,32,0,2,1,3,0,0,0,2,2,7,60,2,6545,6545,4,5,0,2,0,0,0,0
1296193,3,2022,2022,5,5,7,2126,17,80,2149,0,1,10,-33.754089,150.653271,55,0,2,1,3,0,0,3,2,2,7,60,2,9859,9859,8,10,40,1,0,0,0,0
1296197,3,2022,2022,5,6,5,220,14,11,220,0,1,3,-34.187024,150.968769,80,0,2,1,3,0,3,4,2,0,7,110,2,1945,1945,5,0,40,1,0,0,0,0
1296199,3,2022,2022,5,5,8,1104,14,247,962,0,1,3,-33.815876,150.962269,21,0,2,1,3,0,0,0,2,0,7,90,2,1391,1391,1,5,0,2,0,0,0,0
1296209,3,2022,2022,5,4,3,14,27,103,34609,0,1,1,-34.341627,148.338133,30,2,1,1,3,0,0,1,2,0,7,80,0,1089,1089,7,5,40,1,0,0,0,0
1296219,3,2022,2022,5,4,8,2,1,62,34609,0,1,9,-34.077745,150.810111,13,0,2,1,3,0,0,0,0,0,7,50,0,9859,9859,1,5,0,2,0,0,0,0
1296220,3,2022,2022,5,6,4,280,10,314,240,0,1,2,-33.856919,150.95033,24,0,2,1,3,0,3,4,2,0,7,60,2,3775,3775,0,21,0,2,0,0,0,0
1296221,3,2022,2022,5,4,6,133,10,25,121,0,1,9,-31.546007,152.856433,56,2,1,0,3,0,0,0,2,0,7,50,1,1957,4009,8,0,40,1,0,0,0,0
1296222,3,2022,2022,5,4,9,293,31,128,369,0,1,10,-33.617487,150.809277,29,2,2,1,3,0,0,0,3,2,7,60,2,5929,5929,1,5,0,2,0,0,0,0
1296224,3,2022,2022,5,3,6,1052,14,83,928,0,1,3,-33.477367,151.188152,16,1,2,1,3,0,0,0,2,0,7,90,2,475,475,5,9,40,1,0,0,0,0
1296229,3,2022,2022,5,1,7,161,17,4,161,0,1,1,-36.242067,149.06432,65,1,0,1,3,0,0,0,2,0,7,100,2,475,475,5,9,40,1,0,0,0,0
1296230,3,2022,2022,5,0,6,100,27,323,100,0,1,9,-33.802324,150.852327,7,0,2,1,3,0,3,4,2,0,7,70,2,14295,14295,3,0,0,2,0,0,0,0
1296231,3,2022,2022,5,3,6,7,22,173,7,0,1,3,-33.87649,151.224582,69,0,2,0,3,0,0,0,2,0,7,80,2,4552,5151,8,5,40,1,0,0,0,0
1296235,3,2022,2022,5,5,8,19,31,80,34609,0,1,0,-33.878102,151.20476,69,0,2,1,3,0,0,0,3,0,7,40,0,1282,1282,1,5,0,2,0,0,0,0
1296240,3,2022,2022,5,0,9,2209,17,79,2205,0,1,10,-33.973551,151.129591,25,0,2,1,2,0,3,0,0,2,7,70,2,404,404,8,0,40,1,0,0,0,0
1296251,3,2022,2022,3,1,10,165,31,78,34609,0,1,1,-33.864291,151.088541,14,0,2,1,2,0,0,0,0,0,10,50,0,186,186,1,0,18,2,0,0,0,0
1296254,3,2022,2022,5,0,11,2126,17,171,2149,0,1,10,-33.814385,150.964691,21,0,2,1,2,0,3,4,0,2,7,70,2,1383,1383,1,10,5,2,0,0,0,0
1296255,3,2022,2022,5,2,9,1,31,207,34609,0,1,10,-31.978643,141.46283,51,2,1,1,2,0,0,0,0,0,0,50,0,6545,6545,4,0,36,2,0,0,0,0
1296259,3,2022,2022,5,0,8,92,27,129,244,0,1,10,-33.897486,151.099615,9,0,2,1,1,0,0,0,2,2,7,60,2,6545,6545,4,0,0,2,0,0,0,0
1296266,3,2022,2022,5,6,2,10,31,172,34609,0,1,9,-32.744454,151.582739,42,2,1,1,2,0,3,0,1,0,7,50,0,9859,9859,8,34,40,1,0,0,0,0
1296269,3,2022,2022,5,1,4,191,17,7,189,0,1,1,-32.63188,151.176182,64,1,0,0,0,0,0,0,2,0,7,100,2,2585,4009,8,10,40,1,0,0,0,0
1296283,3,2022,2022,5,6,10,478,17,50,480,0,1,1,-33.23273,151.550161,16,2,2,1,2,0,3,4,0,0,7,50,2,4026,4026,8,5,40,1,0,0,0,0
1296289,3,2022,2022,6,4,10,51,27,16,34609,0,1,1,-33.872845,151.228145,69,0,2,1,3,0,0,0,0,0,7,40,0,3775,3775,0,5,5,2,0,0,0,0
1296293,3,2022,2022,8,0,11,866,17,278,793,0,1,9,-33.783208,151.045275,54,0,2,0,2,0,0,0,0,2,7,60,2,14295,14295,3,29,5,2,0,0,0,0
1296297,3,2022,2022,5,4,4,2209,17,55,2205,0,1,1,-35.72363,150.173861,23,2,1,0,3,0,0,3,2,0,7,60,2,1669,1669,3,5,13,2,0,0,0,0
1296303,3,2022,2022,8,4,1,165,31,13,34609,0,1,9,-32.900054,151.750355,48,0,2,1,2,0,3,4,0,0,7,50,0,489,489,8,0,12,2,0,0,0,0
1296304,3,2022,2022,5,5,5,7,27,13,6,0,1,1,-34.068811,150.682481,12,0,2,1,3,0,0,0,2,0,7,80,1,4026,4026,8,8,40,1,0,0,0,0
1296310,3,2022,2022,5,4,8,7,10,172,34609,0,1,1,-32.764435,151.595852,42,2,1,1,3,0,0,0,3,0,7,50,0,623,623,3,5,13,2,0,0,0,0
1296313,3,2022,2022,5,3,8,14,27,11,34609,0,1,1,-34.54224,150.753906,80,0,2,0,3,0,0,0,2,0,7,80,0,2585,4009,8,9,40,1,0,0,0,0
1296314,3,2022,2022,5,4,8,55,1,167,34609,0,1,9,-33.845406,151.071625,54,0,2,1,3,0,0,0,2,0,7,60,0,2852,2852,4,5,0,2,0,0,0,0
1296315,3,2022,2022,6,0,3,1,6,93,34609,0,1,1,-33.401446,149.597347,3,2,1,1,1,0,0,0,1,0,7,50,0,4026,4026,8,5,40,1,0,0,0,0
1296317,3,2022,2022,5,1,5,54,27,646,30,0,1,1,-33.914727,151.037205,15,0,2,1,3,0,0,0,2,0,7,60,1,1391,1391,1,5,12,2,0,0,0,0
1296330,3,2022,2021,9,4,10,2209,17,14,2205,0,1,1,-36.168271,150.107325,23,1,0,0,0,0,3,4,0,0,7,100,2,1957,4009,8,10,40,1,0,0,0,0
1296337,3,2022,2022,5,3,10,2,27,8,34609,0,1,1,-33.607393,151.135422,31,0,2,0,2,0,3,4,0,0,7,50,0,1957,4009,1,33,13,2,0,0,0,0
1296343,3,2022,2022,7,4,9,30,27,46,34609,0,1,9,-33.287045,151.394622,16,2,2,1,0,0,0,0,3,0,7,80,0,1089,1089,7,5,40,1,0,0,0,0
1296347,3,2022,2022,5,6,11,18,31,40,34609,0,1,10,-34.222069,150.585205,79,2,2,1,0,0,0,0,0,0,7,50,0,4026,4026,8,10,40,3,0,0,0,0