Crash ID,Degree of crash - detailed,Reporting year,Year of crash,Month of crash,Day of week of crash,Two-hour intervals,Street of crash,Street type,Town,Route no.,School zone location,School zone active,Type of location,Latitude,Longitude,LGA,Urbanisation,Conurbation 1,Alignment,Street lighting,Road surface,Surface condition,Weather,Natural lighting,Signals operation,Other traffic control,Speed limit,Road classification,RUM - code,DCA - code,First impact type,Key TU type,Other TU type,No. of traffic units involved,No. killed,No. seriously injured,No. moderately injured,No. minor-other injured
1296355,3,2022,2022,5,6,0,515,14,197,518,0,1,3,-33.943448,151.075328,15,0,2,0,2,0,3,4,0,0,7,80,2,1957,4009,8,5,40,1,0,0,0,0
1296357,3,2022,2022,5,5,10,475,31,112,34609,0,1,9,-33.907291,151.207685,69,0,2,1,2,0,0,0,0,2,7,50,0,515,515,1,5,5,2,0,0,0,0
1296358,3,2022,2022,5,3,1,2,27,179,34609,0,1,9,-31.89801,152.451619,43,2,1,1,2,0,0,0,0,0,7,60,0,4026,4026,8,5,40,1,0,0,0,0
1296368,3,2022,2022,6,6,9,344,27,62,382,0,1,2,-33.726643,150.8447,7,0,2,1,2,0,0,0,0,0,7,80,2,1383,1383,1,33,0,2,0,0,0,0
1296377,3,2022,2022,5,5,7,1,10,3,34609,0,1,9,-35.258074,150.518059,63,2,1,1,1,0,3,4,2,0,0,50,0,4552,985,8,5,40,1,0,0,0,0
1296380,3,2022,2022,5,6,4,192,10,57,114,0,1,2,-33.458145,151.356995,16,2,2,1,3,0,3,2,2,0,7,60,2,14295,14295,3,5,0,3,0,0,0,0
1296381,3,2022,2022,5,4,3,27,27,54,65,0,1,9,-33.70201,151.005419,71,0,2,1,3,0,0,0,2,0,0,60,1,2852,2852,4,5,12,2,0,0,0,0
1296382,3,2022,2022,5,5,9,98,27,294,799,0,1,9,-33.92923,150.948135,41,0,2,1,3,0,0,0,0,2,7,70,2,150,150,4,16,0,2,0,0,0,0
1296388,3,2022,2022,5,5,3,71,27,19,69,0,1,1,-36.350866,148.765959,65,1,0,0,3,0,1,0,2,0,7,100,2,217,217,1,5,12,2,0,0,0,0
1296389,3,2022,2022,5,1,7,478,17,96,480,0,1,7,-33.427653,151.395032,16,2,2,1,3,0,0,0,2,0,0,60,2,14295,14295,3,0,13,2,0,0,0,0
1296390,3,2022,2022,5,5,4,481,17,16,483,0,1,10,-35.641717,145.577748,51,2,1,1,3,0,0,0,2,0,0,40,2,6545,6545,4,5,13,2,0,0,0,0
1296392,3,2022,2022,6,5,9,33,1,234,139,0,1,10,-34.285889,146.030609,28,2,1,1,3,0,0,0,3,0,0,50,2,6545,6545,4,10,13,2,0,0,0,0
1296393,3,2022,2022,5,6,9,16,27,202,34609,0,1,7,-33.953876,151.028229,15,0,2,1,3,0,0,0,3,0,0,50,0,6545,6545,4,5,0,2,0,0,0,0
1296398,3,2022,2022,5,1,7,8,1,36,34609,0,1,1,-33.936984,151.253118,59,0,2,1,0,0,0,0,2,0,7,50,0,9859,9859,1,33,5,2,0,0,0,0
1296400,3,2022,2022,5,4,7,2,31,26,34609,1,2,1,-33.760601,150.886252,7,0,2,1,0,0,0,0,2,0,7,40,0,9859,9859,1,10,13,4,0,0,0,0
1296401,3,2022,2022,5,2,11,485,27,232,769,0,1,9,-33.700066,150.928791,71,0,2,1,2,0,0,0,0,2,7,80,2,14295,14295,3,0,5,2,0,0,0,0
1296405,3,2022,2022,6,1,9,515,14,38,518,0,1,3,-33.943633,151.065982,15,0,2,1,0,0,0,0,0,0,7,80,2,404,404,8,5,40,2,0,0,0,0
1296414,3,2022,2022,5,6,7,74,27,56,59,0,1,2,-34.466243,150.876303,80,0,2,0,1,0,3,4,2,0,7,80,2,14295,14295,3,21,0,2,0,0,0,0
1296417,3,2022,2022,6,5,5,27,31,562,34609,0,1,1,-32.249063,148.598757,22,2,1,0,3,0,0,0,2,0,7,50,0,5929,5929,1,5,5,2,0,0,0,0
1296418,3,2022,2022,5,4,11,3,10,8,34609,0,1,9,-34.016782,150.805525,13,0,2,1,3,0,3,4,0,0,7,60,0,4026,4026,8,30,40,1,0,0,0,0
1296419,3,2022,2022,5,0,8,515,14,271,518,0,1,3,-33.940527,151.016301,15,0,2,1,3,0,3,3,0,0,7,100,2,14295,14295,3,0,5,5,0,0,0,0
1296423,3,2022,2022,5,0,5,135,17,131,136,0,1,10,-36.083729,146.923177,0,2,1,1,3,0,0,0,2,2,7,50,2,6545,6545,4,21,5,2,0,0,0,0
1296426,3,2022,2022,5,5,8,137,31,363,34609,0,1,1,-33.81561,151.001116,54,0,2,1,3,0,0,0,3,0,7,40,0,9859,9859,1,5,13,2,0,0,0,0
1296429,3,2022,2022,5,2,7,7,27,29,7,0,1,1,-31.927316,149.846525,51,1,0,1,3,0,0,0,2,0,7,100,1,1945,1945,5,5,40,1,0,0,0,0
1296431,3,2022,2022,5,3,11,9,10,11,26,0,1,9,-34.032637,150.811866,13,0,2,1,3,0,3,2,0,2,7,50,1,9859,9859,8,5,40,1,0,0,0,0
1296432,3,2022,2022,5,2,8,2,31,77,34609,0,1,1,-30.326846,149.787136,51,2,1,1,3,0,0,0,3,0,7,50,0,9859,9859,1,5,5,3,0,0,0,0
1296433,3,2022,2022,5,3,5,512,17,562,441,0,1,9,-32.256476,148.624939,22,2,1,1,3,0,0,0,2,2,7,60,2,9859,9859,8,0,40,1,0,0,0,0
1296435,3,2022,2022,5,4,11,3371,17,139,3342,0,1,2,-33.83976,151.207609,49,0,2,1,3,0,3,0,0,0,7,60,2,1282,1282,1,5,5,2,0,0,0,0
1296436,3,2022,2022,5,2,1,12,27,104,262,0,1,10,-32.911893,151.721009,48,0,2,0,2,0,3,4,0,2,7,60,2,4552,5151,1,0,5,2,0,0,0,0
1296441,3,2022,2022,5,4,5,213,17,5,213,0,1,1,-29.530944,149.3171,51,1,0,1,0,0,0,0,2,0,7,110,2,475,475,5,0,40,1,0,0,0,0
1296443,3,2022,2022,5,6,7,100,27,127,100,0,1,10,-33.83196,150.855509,24,0,2,1,0,0,3,4,2,0,7,70,2,9859,9859,8,0,40,1,0,0,0,0
1296449,3,2022,2022,6,0,9,37,31,218,34609,0,1,7,-33.768948,150.788075,55,0,2,1,2,0,0,0,0,0,0,50,0,4552,985,8,5,40,1,0,0,0,0
1296454,3,2022,2022,5,1,7,55,36,7,95,0,1,1,-33.12479,147.683703,53,1,0,1,0,0,0,0,2,0,7,100,2,4026,4026,8,10,40,1,0,0,0,0
1296455,3,2022,2022,5,0,4,28,10,43,34609,0,1,9,-33.559864,150.778446,29,2,2,1,0,0,3,4,2,0,7,70,0,9859,9859,8,10,40,1,0,0,0,0
1296456,3,2022,2022,5,2,9,7,7,93,34609,0,1,1,-33.405183,149.607691,3,2,1,0,2,0,0,0,0,0,7,50,0,4552,5151,8,5,40,1,0,0,0,0
1296483,3,2022,2022,8,2,8,10,27,7,34609,0,1,1,-33.844797,151.228648,49,0,2,1,2,0,0,0,0,0,7,50,0,9859,9859,1,5,0,3,0,0,0,0
1296490,3,2022,2022,6,2,10,2209,17,201,2205,0,1,2,-34.887478,150.604572,63,2,1,1,2,0,0,0,3,2,9,70,2,14295,14295,3,9,36,3,0,0,0,0
1296498,3,2022,2022,8,0,10,7,31,99,34609,0,1,1,-33.889078,151.269231,76,0,2,1,2,0,0,0,0,0,7,50,0,1109,787,1,5,5,2,0,0,0,0
1296504,3,2022,2022,5,6,6,178,1,226,34609,1,0,1,-33.763657,150.813768,7,0,2,1,3,0,0,0,2,0,9,50,0,9859,9859,8,5,40,1,0,0,0,0
1296512,3,2022,2022,5,1,7,103,27,438,563,0,1,9,-33.843293,151.043687,21,0,2,1,3,0,0,0,2,2,7,70,2,395,395,1,29,12,2,0,0,0,0
1296514,3,2022,2022,5,6,7,2209,17,29,2205,0,1,1,-35.315882,150.435448,63,2,1,1,3,0,0,0,2,0,7,50,2,14295,14295,3,9,13,2,0,0,0,0
1296515,3,2022,2022,5,1,7,344,27,168,382,0,1,2,-33.707989,150.839696,7,0,2,1,3,0,0,0,2,0,7,80,2,14295,14295,3,5,13,2,0,0,0,0
1296520,3,2022,2022,5,1,7,8,31,65,34609,1,2,9,-36.04588,146.982284,0,2,1,0,3,0,0,0,2,0,7,40,0,2852,2852,4,0,13,2,0,0,0,0
1296521,3,2022,2022,5,3,8,76,27,85,148,0,1,10,-32.933495,151.720901,48,0,2,1,3,0,0,0,0,0,15,60,1,2852,2852,4,30,12,2,0,0,0,0
1296524,3,2022,2022,5,1,3,44,31,160,260,0,1,9,-33.108347,151.487812,37,0,2,1,3,0,0,0,1,0,7,50,2,14295,14295,3,30,5,2,0,0,0,0
1296527,3,2022,2022,5,5,6,1104,14,223,962,0,1,3,-33.802967,150.895443,7,0,2,1,3,0,0,0,2,0,7,100,2,1391,1391,1,5,35,2,0,0,0,0
1296528,3,2022,2022,5,4,6,23,1,179,70,0,1,9,-31.899619,152.485391,43,2,1,1,3,0,0,0,2,2,7,60,1,217,217,1,5,12,2,0,0,0,0
1296529,3,2022,2022,5,5,7,34,27,38,117,0,1,2,-32.932146,151.690844,48,0,2,1,3,0,0,0,2,0,7,60,2,14295,14295,3,5,5,2,0,0,0,0
1296530,3,2022,2022,5,2,4,1,31,87,34609,0,1,7,-28.812827,153.284798,39,2,1,1,3,0,3,3,2,0,0,50,0,301,301,4,10,5,2,0,0,0,0
1296532,3,2022,2022,6,2,9,21,31,70,34609,0,1,9,-34.024157,151.091393,68,0,2,1,2,0,0,0,0,0,7,50,0,4552,985,8,0,40,1,0,0,0,0
1296534,3,2022,2022,5,3,9,27,27,147,49,1,0,1,-33.760046,151.280534,50,0,2,1,2,0,3,3,0,0,7,60,1,1109,787,1,5,5,2,0,0,0,0
1296537,3,2022,2022,5,5,1,230,27,175,284,0,1,10,-33.772671,151.087855,54,0,2,1,2,0,3,4,0,0,7,60,2,1192,1192,1,21,5,2,0,0,0,0
1296539,3,2022,2022,5,6,5,7,27,53,12,0,1,1,-32.263966,148.243294,51,1,0,0,3,0,0,0,2,0,7,110,1,323,323,1,0,12,2,0,0,0,0
1296543,3,2022,2022,5,6,0,4,4,104,34609,0,1,1,-33.746405,150.946649,7,0,2,1,2,0,3,0,0,0,7,50,0,4026,4026,1,0,0,2,0,0,0,0
1296548,3,2022,2022,5,1,8,6,27,58,34609,0,1,1,-32.980348,151.672479,37,0,2,1,1,0,0,0,2,0,7,50,0,9859,9859,1,5,5,3,0,0,0,0
1296555,3,2022,2022,5,6,9,15,27,151,160,0,1,9,-34.018222,150.855643,13,0,2,1,3,0,3,4,3,0,10,60,2,84,84,6,30,12,2,0,0,0,0
1296556,3,2022,2022,5,3,0,85,10,38,702,0,1,2,-33.838628,151.083343,14,0,2,1,3,0,0,0,0,0,7,70,2,14295,14295,3,5,5,2,0,0,0,0
1296559,3,2022,2022,5,4,5,2261,17,24,2252,0,1,7,-34.404987,150.507177,78,2,1,1,3,0,0,0,2,0,0,60,2,14295,14295,3,0,36,2,0,0,0,0
1296561,3,2022,2022,5,5,5,73,31,532,34609,0,1,10,-33.870953,151.204856,69,0,2,1,3,0,0,0,2,1,7,40,0,1282,1282,1,0,5,2,0,0,0,0
1296563,3,2022,2022,5,6,8,512,17,17,441,0,1,1,-33.432522,149.342754,3,1,0,1,3,0,0,3,2,0,7,100,2,9859,9859,8,10,40,1,0,0,0,0
1296567,3,2022,2022,5,0,11,104,27,443,702,0,1,9,-33.900598,151.065146,67,0,2,1,3,0,0,0,0,2,7,70,2,4026,4026,8,5,40,1,0,0,0,0
1296568,3,2022,2022,5,1,4,2,1,523,34609,0,1,1,-33.910868,150.911314,41,0,2,1,3,0,0,0,2,0,7,50,0,941,941,1,5,5,3,0,0,0,0
1296570,3,2022,2022,5,6,5,17,2,228,34609,0,1,7,-34.734433,149.724743,26,2,1,1,3,0,0,0,2,0,0,50,0,775,775,4,5,5,2,0,0,0,0
1296571,3,2022,2022,5,0,1,43,27,61,76,0,1,9,-32.923418,151.72434,48,0,2,1,3,0,0,0,0,0,7,60,1,5929,5929,1,5,0,2,0,0,0,0
1296573,3,2022,2022,5,3,5,2261,17,243,2252,0,1,9,-33.953644,150.898987,41,0,2,1,3,0,0,0,2,0,0,70,2,775,775,4,5,5,2,0,0,0,0
1296574,3,2022,2022,5,1,3,2261,17,68,2252,0,1,9,-34.78846,148.857432,82,1,0,1,3,0,0,0,1,0,0,110,2,475,475,5,5,40,1,0,0,0,0
1296577,3,2022,2022,5,3,5,175,27,609,220,0,1,10,-33.763728,150.913221,7,0,2,1,3,0,0,0,2,2,7,70,2,14295,14295,3,10,5,2,0,0,0,0
1296587,3,2022,2022,5,0,8,1052,14,160,928,0,1,3,-33.093232,151.467908,37,0,2,1,2,0,0,0,3,0,7,110,2,1282,1282,1,10,0,2,0,0,0,0
1296593,3,2022,2022,5,4,3,829,27,9,770,0,1,10,-33.84004,151.136362,51,0,2,1,2,0,3,4,1,2,7,70,2,14295,14295,3,33,5,2,0,0,0,0
1296595,3,2022,2022,6,4,3,1,27,36,34609,0,1,9,-33.628375,151.145317,31,0,2,1,1,0,0,0,2,0,0,50,0,3775,3775,0,8,0,3,0,0,0,0
1296596,3,2022,2022,6,6,9,28,31,134,34609,0,1,1,-33.676588,150.864441,7,0,2,1,2,0,0,0,0,0,7,50,0,9859,9859,1,34,5,4,0,0,0,0
1296605,3,2022,2022,5,6,3,2209,17,176,2205,0,1,10,-33.952926,151.137616,4,0,2,0,0,0,0,0,2,2,7,60,2,5929,5929,1,33,5,2,0,0,0,0
1296613,3,2022,2022,5,3,1,49,31,104,34609,0,1,9,-33.836544,151.211785,49,0,2,1,2,0,0,0,0,0,7,50,0,945,945,5,30,40,1,0,0,0,0
1296615,3,2022,2022,5,4,10,36,27,112,34609,0,1,1,-36.05472,146.950513,0,2,1,1,3,0,0,0,0,0,7,60,0,3775,3775,0,30,5,2,0,0,0,0
1296620,3,2022,2022,5,1,7,1,31,111,34609,0,1,1,-33.692499,150.886841,7,0,2,1,3,0,0,0,2,0,7,50,0,9859,9859,1,9,5,2,0,0,0,0
1296621,3,2022,2022,5,4,6,829,27,125,770,0,1,9,-33.837066,151.130869,51,0,2,1,3,0,0,3,2,0,0,70,2,775,775,4,9,0,2,0,0,0,0
1296624,3,2022,2022,5,2,0,195,27,53,186,0,1,10,-33.9357,150.843067,41,0,2,1,3,0,3,3,0,2,7,70,2,9859,9859,8,9,40,1,0,0,0,0
1296625,3,2022,2022,5,5,2,1104,14,142,962,0,1,3,-33.827673,150.995942,54,0,2,0,3,0,3,4,1,0,7,90,2,14295,14295,3,5,13,2,0,0,0,0
1296626,3,2022,2022,5,5,8,20,22,121,49,0,1,1,-33.789116,151.287116,50,0,2,1,3,0,3,4,2,0,7,30,1,9859,9859,1,10,0,2,0,0,0,0
1296627,3,2022,2022,5,2,10,82,31,370,49,0,1,1,-34.069669,150.822176,13,0,2,1,3,0,3,4,0,0,7,60,1,84,84,8,10,40,1,0,0,0,0
1296629,3,2022,2022,6,5,9,2126,17,104,2149,0,1,9,-33.834406,151.020704,54,0,2,1,3,0,0,0,0,3,7,60,2,14295,14295,3,8,5,2,0,0,0,0
1296631,3,2022,2022,5,2,11,2,10,12,34609,0,1,1,-34.483215,150.783257,80,0,2,0,3,0,3,4,0,0,7,50,0,4552,5151,8,30,40,1,0,0,0,0
1296633,3,2022,2022,6,1,5,6,27,60,32,0,1,10,-33.833956,151.145236,51,0,2,1,3,0,0,0,2,0,0,50,1,6545,6545,4,5,12,2,0,0,0,0
1296634,3,2022,2022,5,3,8,35,27,155,231,0,1,1,-33.495053,151.328319,16,2,2,1,3,0,0,0,0,0,7,60,2,14295,14295,3,10,5,2,0,0,0,0
1296636,3,2022,2022,5,3,7,25,31,460,55,0,1,1,-33.831054,150.977709,21,0,2,1,3,0,0,0,2,0,7,50,1,217,217,1,5,0,2,0,0,0,0
1296638,3,2022,2022,5,1,8,308,14,323,311,0,1,3,-33.804044,150.853181,7,0,2,1,3,0,0,0,0,0,7,100,2,14295,14295,3,5,5,4,0,0,0,0
1296639,3,2022,2022,5,4,7,2,27,74,34609,0,1,1,-34.024388,150.766904,12,0,2,1,3,0,3,4,2,0,7,50,0,941,941,1,5,0,3,0,0,0,0
1296640,3,2022,2022,5,6,4,19,23,52,34609,0,1,7,-33.953369,150.947479,41,0,2,1,3,0,0,0,2,0,0,50,0,1669,1669,3,0,5,2,0,0,0,0
1296641,3,2022,2022,5,6,7,42,27,134,30,0,1,10,-33.893723,151.249505,76,0,2,0,3,0,0,0,2,2,7,50,1,1282,1282,1,8,5,2,0,0,0,0
1296642,3,2022,2022,5,5,3,866,17,278,793,0,1,10,-33.7823,151.049886,54,0,2,0,3,0,3,4,2,0,0,60,2,5929,5929,1,10,36,2,0,0,0,0
1296647,3,2022,2022,5,2,9,3371,17,29,3342,0,1,2,-31.769809,152.656908,43,1,0,1,3,0,0,0,0,0,7,110,2,1089,1089,7,10,40,1,0,0,0,0
1296649,3,2022,2022,5,2,2,6,31,27,144,0,1,2,-32.877321,151.733608,48,0,2,0,3,0,3,4,0,0,7,80,2,4552,5151,8,5,40,1,0,0,0,0
1296650,3,2022,2022,5,4,7,157,17,10,158,0,1,7,-33.983665,145.707794,51,2,1,0,3,0,0,0,2,0,0,50,2,1850,985,5,3,40,1,0,0,0,0
1296663,3,2022,2022,5,0,9,8,27,189,34609,0,1,1,-33.944139,151.049986,15,0,2,1,0,0,0,0,3,0,7,50,0,1282,1282,1,33,13,2,0,0,0,0
1296676,3,2022,2022,6,6,2,515,14,523,518,0,1,3,-33.938676,150.917,41,0,2,0,2,0,0,0,0,0,7,100,2,14295,14295,3,5,0,3,0,0,0,0
1296685,3,2022,2022,7,6,11,58,27,74,34609,0,1,1,-34.43341,150.860256,80,0,2,1,2,0,0,0,0,0,7,50,0,9859,9859,8,5,40,1,0,0,0,0
1296687,3,2022,2022,5,1,7,1104,14,247,962,0,1,3,-33.815648,150.961847,21,0,2,1,3,0,0,0,2,0,7,90,2,14295,14295,3,8,0,2,0,0,0,0
1296690,3,2022,2022,6,6,11,2,27,79,34609,0,1,1,-33.977885,151.114768,25,0,2,1,0,0,0,0,0,0,7,50,0,1981,1981,4,8,13,2,0,0,0,0
1296705,3,2022,2022,5,2,11,34,27,127,799,0,1,1,-33.895815,151.15736,32,0,2,1,2,0,0,0,0,0,7,60,2,9859,9859,1,10,0,2,0,0,0,0
1296709,3,2022,2022,8,6,6,2261,17,243,2252,0,1,2,-33.951626,150.902969,41,0,2,1,0,0,0,0,2,0,7,70,2,1192,1192,1,5,5,2,0,0,0,0
1296725,3,2022,2022,6,0,3,68,27,110,67,0,1,1,-33.77169,151.024978,54,0,2,1,1,0,0,0,2,0,7,60,1,4026,4026,8,5,40,1,0,0,0,0
1296726,3,2022,2022,5,2,8,103,27,149,167,0,1,10,-33.986697,151.135408,4,0,2,1,3,0,3,3,3,0,0,60,2,926,926,4,5,0,2,0,0,0,0
1296727,3,2022,2022,5,1,7,3,10,75,34609,0,1,1,-32.776102,151.639842,42,2,1,1,3,0,3,4,2,0,0,50,0,1981,1981,4,5,5,5,0,0,0,0
1296732,3,2022,2022,5,4,9,42,36,5,34609,0,1,1,-36.472654,148.59288,65,1,0,1,3,0,0,0,3,0,7,100,0,9859,9859,8,0,40,1,0,0,0,0
1296733,3,2022,2022,5,6,8,1,27,197,34609,0,1,9,-33.958675,151.07132,25,0,2,1,3,0,3,0,2,0,7,50,0,926,926,4,5,0,2,0,0,0,0
1296734,3,2022,2022,5,2,1,11,27,4,34609,0,1,1,-33.844002,151.116432,14,0,2,1,3,0,0,0,0,0,7,50,0,1391,1391,1,5,5,2,0,0,0,0
1296735,3,2022,2022,5,3,7,97,31,142,92,0,1,9,-33.830226,150.993227,21,0,2,1,3,0,0,0,2,0,7,60,1,5929,5929,1,5,5,2,0,0,0,0
1296736,3,2022,2022,5,3,0,103,27,149,167,0,1,9,-33.992726,151.131855,4,0,2,1,3,0,0,0,0,2,7,70,2,6545,6545,4,5,5,2,0,0,0,0
1296741,3,2022,2022,5,3,3,4,1,387,34609,0,1,0,-33.933203,151.181466,4,0,2,1,3,0,0,0,2,0,7,40,0,387,387,1,0,5,2,0,0,0,0
1296742,3,2022,2022,5,6,8,1052,14,57,928,0,1,3,-33.67421,151.119882,31,0,2,0,3,0,0,0,2,0,7,110,2,1192,1192,1,5,13,2,0,0,0,0
1296744,3,2022,2022,5,5,6,4,22,293,34609,0,1,1,-33.942527,151.261707,59,0,2,1,3,0,3,4,2,0,7,50,0,237,162,8,0,40,1,0,0,0,0
1296750,3,2022,2022,5,5,8,105,17,251,136,0,1,2,-33.771442,150.938237,7,0,2,0,3,0,0,0,3,0,7,60,2,14295,14295,3,0,36,3,0,0,0,0
1296753,3,2022,2022,5,5,8,10,31,21,5,1,0,10,-34.503877,144.841948,51,2,1,1,3,0,0,0,0,0,0,50,1,6545,6545,4,5,5,2,0,0,0,0
1296754,3,2022,2022,5,6,9,5,27,18,34609,0,1,1,-34.988414,150.7031,63,2,1,1,3,0,0,0,0,0,7,80,0,4026,4026,8,0,40,1,0,0,0,0
1296755,3,2022,2022,5,1,8,115,27,113,173,0,1,1,-34.372455,150.844992,80,0,2,1,3,0,0,0,2,0,7,100,2,14295,14295,3,0,13,2,0,0,0,0
1296759,3,2022,2022,5,0,7,280,10,314,82,0,1,10,-33.850836,150.922233,24,0,2,1,3,0,0,0,2,2,7,60,1,6545,6545,4,10,5,2,0,0,0,0
1296760,3,2022,2022,5,5,4,40,27,609,24,0,1,7,-33.772421,150.896065,7,0,2,1,3,0,3,3,2,0,0,50,1,6545,6545,4,0,12,2,0,0,0,0
1296763,3,2022,2022,5,0,5,55,27,64,117,0,1,7,-32.946876,151.685778,48,0,2,0,1,0,0,0,2,0,0,60,2,1282,1282,1,33,13,2,0,0,0,0
1296776,3,2022,2022,5,5,6,2126,17,149,2149,0,1,10,-33.814572,150.96463,21,0,2,1,1,0,0,0,2,2,7,80,2,395,395,1,33,5,2,0,0,0,0
1296787,3,2022,2022,5,2,8,1,31,82,34609,0,1,10,-34.366274,150.897039,80,0,2,1,2,0,0,0,2,0,0,50,0,6545,6545,4,5,12,2,0,0,0,0
1296798,3,2022,2022,5,2,11,30,27,32,41,0,1,1,-33.982759,151.128819,25,0,2,1,2,0,3,4,0,0,7,60,1,9859,9859,1,5,5,3,0,0,0,0
1296800,3,2022,2022,5,0,5,117,1,210,121,0,1,10,-34.041589,151.111651,68,0,2,1,1,0,3,3,2,2,7,60,1,6545,6545,4,5,12,2,0,0,0,0
1296801,3,2022,2022,5,5,4,23,27,65,34609,0,1,9,-33.384846,151.393555,16,2,2,1,3,0,0,0,2,0,0,60,0,1957,777,8,29,40,1,0,0,0,0
1296803,3,2022,2022,5,1,5,4,27,7,34609,0,1,1,-35.654725,147.950424,66,1,0,0,3,0,0,0,2,0,7,100,0,1850,1463,5,9,40,1,0,0,0,0
1296814,3,2022,2022,1,0,2,8,27,21,34609,0,1,1,-34.454786,145.09427,51,1,0,1,3,0,3,4,0,0,7,100,0,1089,1089,7,10,40,1,0,0,0,0
1296816,3,2022,2022,8,1,5,35,31,90,262,0,1,10,-32.919775,151.747767,48,0,2,1,3,0,0,0,2,2,7,60,2,14295,14295,3,5,5,2,0,0,0,0
1296825,3,2022,2022,5,5,11,11,31,176,10,0,1,1,-33.949375,151.146247,4,0,2,1,2,0,0,6,0,0,7,60,1,9859,9859,1,5,5,2,0,0,0,0
1296827,3,2022,2022,5,2,1,8,31,176,159,0,1,1,-33.95208,151.133211,4,0,2,1,3,0,3,4,0,0,7,60,2,9859,9859,8,5,40,1,0,0,0,0
1296832,3,2022,2022,1,1,8,35,27,109,96,0,1,9,-33.903879,151.129307,32,0,2,1,3,0,0,0,3,0,2,50,2,5929,5929,1,5,5,2,0,0,0,0
1296833,3,2022,2022,5,6,4,515,14,166,518,0,1,3,-33.944713,150.981798,15,0,2,1,3,0,0,0,2,0,7,100,2,14295,14295,3,10,0,3,0,0,0,0
1296834,3,2022,2022,5,0,3,90,36,15,102,0,1,1,-34.350868,146.836805,51,1,0,0,3,0,0,0,1,0,7,100,2,1259,5151,8,30,40,1,0,0,0,0
1296838,3,2022,2022,5,0,3,59,27,35,53,0,1,1,-34.165637,150.715513,79,2,2,0,3,0,0,0,2,0,7,80,1,3775,3775,0,21,13,2,0,0,0,0
1296842,3,2022,2022,1,4,11,7,27,172,17,0,1,1,-32.772632,151.574048,42,2,1,0,3,0,3,4,0,0,7,80,1,1957,4009,8,5,40,1,0,0,0,0
1296845,3,2022,2022,1,5,8,6,31,15,34609,0,1,1,-33.889501,151.052729,15,0,2,1,3,0,0,0,2,0,7,60,0,1981,1981,4,5,5,2,0,0,0,0
1296849,3,2022,2022,1,4,8,82,31,363,369,0,1,2,-33.747214,150.714221,55,0,2,1,3,0,3,4,3,0,7,70,2,14295,14295,3,5,5,2,0,0,0,0
1296852,3,2022,2022,5,2,6,59,10,8,231,0,1,9,-33.479645,151.386765,16,2,2,1,3,0,0,0,2,0,7,60,2,5929,5929,1,5,5,2,0,0,0,0
1296853,3,2022,2022,5,3,6,1,1,69,34609,0,1,9,-33.775927,150.988595,54,0,2,0,3,0,0,0,2,0,0,50,0,77,77,1,5,0,2,0,0,0,0
1296854,3,2022,2022,5,3,7,71,27,44,122,0,1,9,-34.561909,150.860084,62,0,2,1,3,0,0,0,2,0,7,70,2,301,301,4,10,5,2,0,0,0,0
1296858,3,2022,2022,1,1,7,54,31,28,62,0,1,1,-33.793489,151.195974,77,0,2,1,3,0,0,0,2,0,7,60,2,1282,1282,1,10,0,2,0,0,0,0
1296860,3,2022,2022,5,0,8,82,31,363,369,0,1,10,-33.747036,150.714261,55,0,2,1,3,0,0,0,2,2,7,70,2,14295,14295,3,5,0,4,0,0,0,0
1296861,3,2022,2022,1,1,8,361,23,253,165,0,1,9,-33.968658,151.104995,25,0,2,0,3,0,0,0,2,0,0,50,1,5929,5929,1,30,5,2,0,0,0,0
1296862,3,2022,2022,5,3,1,145,31,532,34609,0,1,10,-33.863433,151.211052,69,0,2,1,3,0,0,0,0,2,9,40,0,623,623,3,0,0,2,0,0,0,0
1296863,3,2022,2022,1,6,9,2,27,8,34609,0,1,1,-34.028505,150.643907,79,2,2,0,3,2,0,0,0,0,7,50,0,1850,1463,5,10,40,1,0,0,0,0
1296864,3,2022,2022,5,4,8,361,31,169,382,0,1,10,-33.770214,150.835065,7,0,2,1,3,0,0,0,2,2,7,60,2,5929,5929,1,30,5,2,0,0,0,0
1296865,3,2022,2022,5,0,3,31,27,20,46,0,1,1,-33.479427,150.217974,40,2,1,1,3,0,1,6,0,0,7,80,2,1945,1945,5,5,40,1,0,0,0,0
1296870,3,2022,2022,5,2,4,512,17,562,441,0,1,1,-32.205151,148.423914,22,2,1,1,3,0,0,0,2,0,7,80,2,14295,14295,3,5,0,2,0,0,0,0
1296871,3,2022,2022,1,1,7,2,27,53,5,0,1,1,-33.767418,151.165931,36,0,2,1,3,0,0,0,2,0,7,50,1,1109,787,1,30,36,2,0,0,0,0
1296875,3,2022,2022,1,4,8,346,17,103,332,0,1,1,-28.811875,153.345983,39,2,1,1,3,0,0,0,2,0,7,60,2,14295,14295,3,5,0,2,0,0,0,0
1296878,3,2022,2022,5,4,9,7,31,176,34609,0,1,10,-33.969545,151.134581,25,0,2,1,3,0,0,0,0,0,7,50,0,6545,6545,4,5,5,2,0,0,0,0
1296880,3,2022,2022,5,4,3,14,10,67,34609,0,1,9,-33.632944,150.90558,71,0,2,1,3,0,3,0,2,0,7,50,0,926,926,4,5,0,2,0,0,0,0
1296881,3,2022,2022,1,1,8,3371,17,22,3342,0,1,2,-31.901343,152.529961,43,1,0,1,3,0,0,0,2,0,7,110,2,1391,1391,1,5,35,2,0,0,0,0
1296882,3,2022,2022,1,1,7,95,31,346,59,0,1,9,-33.867593,151.063624,67,0,2,1,3,0,0,0,2,2,7,60,1,14295,14295,3,30,5,3,0,0,0,0