Crash ID,Degree of crash - detailed,Reporting year,Year of crash,Month of crash,Day of week of crash,Two-hour intervals,Street of crash,Street type,Town,Route no.,School zone location,School zone active,Type of location,Latitude,Longitude,LGA,Urbanisation,Conurbation 1,Alignment,Street lighting,Road surface,Surface condition,Weather,Natural lighting,Signals operation,Other traffic control,Speed limit,Road classification,RUM - code,DCA - code,First impact type,Key TU type,Other TU type,No. of traffic units involved,No. killed,No. seriously injured,No. moderately injured,No. minor-other injured
1296883,3,2022,2022,1,0,4,3,31,5,34609,0,1,10,-33.842541,151.106858,14,0,2,1,3,0,0,3,2,0,0,50,0,6545,6545,4,0,5,2,0,0,0,0
1296884,3,2022,2022,5,2,7,1,27,11,17,0,1,1,-32.174286,148.63104,22,1,0,0,3,0,0,0,2,0,7,100,1,1259,5151,8,5,40,1,0,0,0,0
1296885,3,2022,2022,5,1,9,55,10,96,47,0,1,7,-33.434834,151.395844,16,2,2,1,3,0,3,4,0,3,0,60,2,14295,14295,3,10,36,2,0,0,0,0
1296887,3,2022,2022,5,3,6,481,17,96,483,0,1,1,-33.38158,148.011766,51,2,1,0,3,0,0,3,2,0,7,50,2,273,957,5,10,40,1,0,0,0,0
1296897,3,2022,2022,1,6,7,63,31,82,79,1,2,10,-33.826948,151.209386,49,0,2,1,3,0,0,0,2,2,7,40,2,1669,1669,3,0,5,2,0,0,0,0
1296899,3,2022,2022,5,2,5,1,27,4,8,0,1,9,-34.962518,143.615159,51,1,0,1,3,0,0,0,2,0,7,100,1,9859,9859,8,5,40,1,0,0,0,0
1296904,3,2022,2022,6,5,6,3,31,237,34609,0,1,0,-33.870565,150.954705,24,0,2,1,0,0,0,0,2,0,9,40,0,9859,9859,8,10,40,1,0,0,0,0
1296914,3,2022,2022,5,2,9,32,31,37,91,1,0,2,-33.906402,151.259817,76,0,2,0,2,0,3,2,0,0,7,50,1,1957,4009,1,0,0,4,0,0,0,0
1296917,3,2022,2022,6,0,8,3,31,73,34609,0,1,9,-33.750223,150.809477,7,0,2,1,2,0,0,0,0,0,7,50,0,489,489,8,30,40,1,0,0,0,0
1296921,3,2022,2022,5,2,2,3371,17,6,3342,0,1,1,-29.372952,153.251824,18,1,0,0,0,0,3,4,1,0,7,110,2,1957,4009,1,3,0,2,0,0,0,0
1296926,3,2022,2022,5,0,8,11,27,112,34609,0,1,10,-36.057098,146.927186,0,2,1,1,1,0,0,0,3,2,7,60,0,5929,5929,1,5,0,2,0,0,0,0
1296937,3,2022,2022,6,4,7,53,27,155,51,0,1,9,-33.497334,151.319809,16,2,2,1,0,0,0,0,2,0,0,60,1,14295,14295,3,33,5,2,0,0,0,0
1296938,3,2022,2022,5,2,4,3,31,433,34609,0,1,1,-33.289938,149.083802,52,2,1,1,0,0,0,0,2,0,7,50,0,9859,9859,1,0,41,2,0,0,0,0
1296939,3,2022,2022,5,3,6,2261,17,523,2252,0,1,10,-33.921788,150.918908,41,0,2,1,1,0,0,0,2,2,7,60,2,14295,14295,3,16,5,2,0,0,0,0
1296945,3,2022,2022,5,2,0,2261,17,93,2252,0,1,2,-36.096008,146.919792,0,1,0,0,3,0,0,0,0,0,7,110,2,2585,4009,8,10,40,1,0,0,0,0
1296953,3,2022,2022,5,5,3,2126,17,19,2149,0,1,1,-33.446122,149.953013,40,1,0,1,3,0,0,3,1,0,7,100,2,9859,9859,8,29,40,1,0,0,0,0
1296965,3,2022,2022,5,4,10,280,10,54,240,0,1,9,-33.849357,150.876443,24,0,2,1,2,0,0,0,0,2,7,60,2,1850,985,5,29,40,1,0,0,0,0
1296978,3,2022,2022,6,2,11,1,31,84,34609,0,1,1,-33.891984,150.958135,24,0,2,1,2,0,3,0,0,0,7,50,0,9859,9859,1,5,0,3,0,0,0,0
1296984,3,2022,2022,5,4,10,251,14,79,124,0,1,3,-33.826972,151.214166,49,0,2,0,2,0,3,4,0,0,7,80,2,273,957,5,30,40,1,0,0,0,0
1296985,3,2022,2022,5,0,8,308,14,55,311,0,1,3,-33.738601,150.917766,7,0,2,1,2,0,3,4,0,0,7,100,2,14295,14295,3,0,13,2,0,0,0,0
1296995,3,2022,2022,5,2,9,2261,17,33,2252,0,1,3,-34.027875,150.823864,13,0,2,1,2,0,0,0,0,0,7,110,2,1383,1383,1,0,0,2,0,0,0,0
1296997,3,2022,2022,5,4,1,8,27,21,34609,0,1,1,-33.875522,151.232533,81,0,2,0,2,0,3,5,0,0,7,50,0,1957,4009,1,5,5,2,0,0,0,0
1296998,3,2022,2022,5,4,7,3371,17,13,3342,0,1,2,-30.87477,152.931691,34,1,0,1,3,0,3,0,2,0,7,100,2,941,941,1,9,10,2,0,0,0,0
1297003,3,2022,2022,5,0,8,2,27,6,34609,0,1,1,-33.598466,150.692318,29,2,2,0,0,0,0,0,0,0,7,80,0,1957,4009,8,10,40,1,0,0,0,0
1297006,3,2022,2022,5,0,7,192,10,96,114,0,1,2,-33.438205,151.373628,16,2,2,1,1,0,3,4,2,0,7,60,2,3775,3775,0,0,12,2,0,0,0,0
1297007,3,2022,2022,5,3,8,21,27,23,15,0,1,1,-32.338101,149.251328,44,1,0,1,0,0,0,0,3,0,7,100,1,4026,4026,8,0,40,1,0,0,0,0
1297013,3,2022,2022,1,1,8,1,31,609,34609,0,1,9,-33.759309,150.889176,7,0,2,1,2,0,0,0,3,0,7,50,0,2585,777,1,5,10,2,0,0,0,0
1297025,3,2022,2022,1,0,1,4,27,3,34609,0,1,1,-33.496522,150.150142,40,2,1,0,0,2,3,4,0,0,7,40,0,2585,4009,8,5,40,1,0,0,0,0
1297029,3,2022,2022,6,6,10,14,31,16,34609,0,1,1,-32.902894,151.704117,48,0,2,1,2,0,0,0,0,0,7,50,0,4026,4026,1,0,36,3,0,0,0,0
1297034,3,2022,2022,5,2,6,194,31,316,34609,0,1,10,-31.431727,152.914785,56,2,1,1,3,0,0,0,2,0,0,50,0,6545,6545,4,5,0,2,0,0,0,0
1297040,3,2022,2022,1,4,10,34,27,7,45,0,1,1,-34.575065,148.933533,30,1,0,1,3,0,3,4,0,0,7,100,1,9859,9859,8,5,40,1,0,0,0,0
1297042,3,2022,2022,5,2,10,7,27,2,139,0,1,1,-33.320714,144.820313,51,1,0,1,3,2,0,0,0,0,7,100,1,1089,1089,7,10,40,1,0,0,0,0
1297043,3,2022,2022,5,2,5,175,27,609,220,0,1,2,-33.755741,150.914688,7,0,2,1,3,0,0,0,2,0,7,70,2,14295,14295,3,0,5,2,0,0,0,0
1297044,3,2022,2022,1,4,8,5,31,59,34609,0,1,10,-34.330496,150.923544,80,0,2,1,3,0,3,4,2,0,0,50,0,6545,6545,4,0,5,2,0,0,0,0
1297047,3,2022,2022,1,0,7,65,27,202,563,0,1,10,-33.941376,151.035262,15,0,2,1,3,0,0,0,2,0,15,70,2,5929,5929,1,10,13,2,0,0,0,0
1297059,3,2022,2022,5,4,5,132,31,174,126,0,1,10,-33.892094,151.216723,69,0,2,1,3,0,0,0,2,2,7,50,2,623,623,3,5,13,2,0,0,0,0
1297069,3,2022,2022,8,6,1,3371,17,104,3342,0,1,2,-32.853967,151.702501,48,0,2,0,2,0,0,0,0,0,7,80,2,1259,5151,8,5,40,1,0,0,0,0
1297072,3,2022,2022,6,5,0,63,17,112,34609,0,1,1,-33.448484,151.434155,16,2,2,0,2,0,0,0,0,0,7,50,0,4552,5151,1,10,5,4,0,0,0,0
1297073,3,2022,2022,6,0,10,7,10,19,34609,0,1,7,-32.732577,152.009924,57,2,1,1,2,0,0,0,0,0,0,50,0,475,475,5,0,40,1,0,0,0,0
1297076,3,2022,2022,5,4,11,2261,17,30,2252,0,1,2,-34.81432,148.430803,30,1,0,0,0,0,0,0,0,0,7,110,2,2585,4009,8,3,40,1,0,0,0,0
1297084,3,2022,2022,5,3,3,2261,17,201,2252,0,1,3,-34.011455,150.828797,13,0,2,0,0,0,0,0,1,0,7,110,2,1957,4009,1,0,5,2,0,0,0,0
1297088,3,2022,2022,1,1,10,348,31,523,34609,0,1,1,-33.916947,150.921105,41,0,2,1,0,0,0,0,0,0,7,50,0,1282,1282,1,33,41,2,0,0,0,0
1297096,3,2022,2022,6,1,7,14,31,155,231,0,1,1,-33.489002,151.323502,16,2,2,1,0,0,0,0,2,0,7,50,2,1981,1981,4,0,5,2,0,0,0,0
1297101,3,2022,2022,1,0,6,481,17,11,483,0,1,10,-32.18063,148.622637,22,2,1,0,0,0,0,0,2,0,15,80,2,623,623,3,9,13,2,0,0,0,0
1297105,3,2022,2022,5,1,8,3371,17,24,3342,0,1,2,-29.61397,153.134336,18,1,0,0,1,0,0,0,2,0,7,110,2,1957,4009,8,5,40,1,0,0,0,0
1297111,3,2022,2022,5,5,5,60,27,147,69,0,1,1,-33.868944,151.117355,14,0,2,1,3,0,3,0,2,0,7,60,2,1981,1981,4,5,5,2,0,0,0,0
1297112,3,2022,2022,1,6,4,7,1,33,34609,0,1,10,-35.123181,147.329956,75,2,1,1,3,0,3,3,2,0,0,50,0,6545,6545,4,0,36,2,0,0,0,0
1297113,3,2022,2022,5,2,5,866,17,157,793,1,0,9,-33.788512,151.026082,54,0,2,1,3,0,0,0,2,2,7,60,2,5929,5929,1,5,36,2,0,0,0,0
1297118,3,2022,2022,7,1,4,57,27,48,3,0,1,1,-33.934869,147.214223,51,2,1,1,0,0,0,0,2,0,11,80,2,4026,4026,8,29,40,1,0,0,0,0
1297120,3,2022,2022,8,6,8,36,27,438,34609,0,1,4,-33.878716,151.014496,21,0,2,0,2,0,3,4,0,0,7,50,0,4552,5151,8,5,40,1,0,0,0,0
1297133,3,2022,2022,1,6,10,32,27,42,27,0,1,1,-33.659322,151.241693,50,0,2,0,3,0,0,0,0,0,7,60,2,2585,4009,8,5,40,1,0,0,0,0
1297134,3,2022,2022,5,2,9,1104,14,142,962,0,1,3,-33.827153,151.003099,54,0,2,1,3,0,0,0,2,0,7,90,2,1391,1391,1,5,5,3,0,0,0,0
1297138,3,2022,2022,1,4,8,36,27,290,55,0,1,10,-33.84547,150.973907,21,0,2,1,3,0,3,4,2,0,15,50,1,301,301,4,5,5,2,0,0,0,0
1297142,3,2022,2022,1,0,0,1,10,26,34609,0,1,1,-33.109571,151.536109,37,0,2,0,3,0,3,0,0,0,7,50,0,1282,1282,1,0,5,2,0,0,0,0
1297143,3,2022,2022,8,2,1,1,18,74,34609,0,1,7,-34.02274,150.760706,12,0,2,1,2,0,0,0,0,0,0,50,0,782,985,5,5,40,1,0,0,0,0
1297147,3,2022,2022,5,4,7,68,27,110,67,0,1,1,-33.77536,151.01599,54,0,2,0,3,0,0,0,2,0,7,60,1,1669,1669,3,10,5,2,0,0,0,0
1297160,3,2022,2022,5,1,7,19,27,6,17,0,1,1,-32.037752,148.888352,22,1,0,1,3,0,0,0,2,0,7,100,1,1945,1945,5,10,40,1,0,0,0,0
1297164,3,2022,2022,5,0,4,43,2,92,42,0,1,7,-33.738439,150.950133,71,0,2,1,3,0,0,0,2,0,0,70,2,395,395,1,29,5,2,0,0,0,0
1297167,3,2022,2022,5,4,8,48,10,316,121,0,1,9,-31.425518,152.876613,56,2,1,1,0,0,2,6,2,0,7,60,1,1669,1669,3,0,0,2,0,0,0,0
1297183,3,2022,2022,5,3,0,117,27,72,144,0,1,1,-33.846491,151.089453,14,0,2,1,2,0,0,0,0,0,7,60,2,9859,9859,8,5,40,1,0,0,0,0
1297194,3,2022,2022,5,3,10,168,10,100,260,0,1,9,-33.957151,151.157858,4,0,2,1,2,0,0,0,0,0,7,60,2,623,623,3,0,40,2,0,0,0,0
1297208,3,2022,2022,6,2,11,11,31,173,34609,0,1,1,-33.879681,151.22216,69,0,2,1,2,0,0,0,0,0,7,40,0,9859,9859,8,0,40,1,0,0,0,0
1297220,3,2022,2022,5,3,8,9,31,73,34609,1,0,1,-33.722003,150.707059,55,0,2,1,3,0,0,0,2,0,7,50,0,9859,9859,1,5,0,2,0,0,0,0
1297222,3,2022,2022,1,1,7,2,31,91,34609,0,1,1,-32.799274,151.656915,48,0,2,1,3,0,0,0,2,0,7,50,0,1981,1981,4,0,5,2,0,0,0,0
1297223,3,2022,2022,1,5,5,515,14,252,518,0,1,3,-33.950843,150.88132,41,0,2,0,3,0,0,0,2,0,7,100,2,1282,1282,1,29,5,2,0,0,0,0
1297224,3,2022,2022,5,3,8,10,27,13,31,0,1,1,-35.957037,149.56962,58,1,0,0,3,2,0,0,2,0,7,100,1,4552,5151,8,5,40,1,0,0,0,0
1297225,3,2022,2022,1,4,5,11,27,71,34609,0,1,1,-33.970068,151.079691,25,0,2,1,3,0,0,0,2,0,7,40,0,144,144,1,5,5,2,0,0,0,0
1297226,3,2022,2022,1,1,8,61,27,12,14,0,1,1,-33.841148,150.963628,21,0,2,1,3,0,0,0,0,2,7,60,2,5929,5929,1,5,36,2,0,0,0,0
1297230,3,2022,2022,1,6,4,61,27,32,70,0,1,9,-33.682616,150.983861,71,0,2,1,3,0,0,0,2,0,7,70,1,1669,1669,3,9,5,2,0,0,0,0
1297233,3,2022,2022,1,6,8,2126,17,218,2149,0,1,10,-33.76996,150.773492,55,0,2,1,3,0,0,0,2,2,7,60,2,395,395,1,5,5,2,0,0,0,0
1297234,3,2022,2022,5,4,11,2261,17,11,2252,0,1,2,-35.886294,147.174091,27,1,0,0,3,0,0,0,0,0,7,110,2,4552,5151,8,29,40,1,0,0,0,0
1297235,3,2022,2022,6,1,3,14,27,251,14,0,1,1,-33.77595,150.953272,7,0,2,0,3,0,0,0,2,0,7,60,1,1669,1669,3,5,5,2,0,0,0,0
1297239,3,2022,2022,1,5,2,100,27,109,799,0,1,9,-33.900755,151.144834,32,0,2,1,3,0,0,0,1,2,7,60,2,256,256,4,10,5,2,0,0,0,0
1297243,3,2022,2022,1,6,6,85,27,72,145,0,1,10,-33.799075,151.053967,54,0,2,1,3,0,0,0,2,0,0,70,2,5929,5929,1,0,0,2,0,0,0,0
1297245,3,2022,2022,5,0,11,2,27,46,34609,0,1,1,-33.289351,151.413381,16,2,2,1,3,0,0,0,0,0,7,50,0,2585,777,8,5,40,1,0,0,0,0
1297247,3,2022,2022,5,0,8,23,27,144,34609,0,1,7,-34.06623,151.005463,68,0,2,1,3,0,0,0,3,0,0,50,0,6545,6545,4,10,5,2,0,0,0,0
1297248,3,2022,2022,5,2,5,161,17,2,161,0,1,1,-36.245708,149.054389,65,2,1,1,3,0,0,0,2,0,7,80,2,1391,1391,1,0,0,2,0,0,0,0
1297250,3,2022,2022,1,5,8,125,27,57,123,0,1,9,-33.362068,151.444366,16,2,2,1,3,0,0,0,2,2,7,60,2,14295,14295,3,10,5,3,0,0,0,0
1297251,3,2022,2022,5,5,1,91,27,161,187,0,1,10,-33.875033,151.160843,32,0,2,1,2,0,3,0,0,3,7,70,2,380,777,5,10,40,1,0,0,0,0
1297258,3,2022,2022,1,1,8,308,14,86,311,0,1,3,-33.739206,150.920189,7,0,2,1,3,0,0,0,2,0,7,100,2,1391,1391,1,10,5,2,0,0,0,0
1297260,3,2022,2022,5,6,3,9,31,14,34609,0,1,1,-33.954031,151.226673,4,0,2,1,3,0,2,2,1,0,7,50,0,9859,9859,1,10,0,3,0,0,0,0
1297261,3,2022,2022,5,6,10,10,27,237,34609,0,1,1,-33.869793,150.957658,24,0,2,1,3,0,0,0,0,0,7,40,0,941,941,1,0,5,2,0,0,0,0
1297263,3,2022,2022,5,4,3,2261,17,64,2252,0,1,9,-33.892259,151.08859,67,0,2,1,3,0,0,0,1,0,7,60,2,83,83,1,5,5,2,0,0,0,0
1297270,3,2022,2022,1,5,3,115,27,96,173,0,1,1,-34.236015,150.683495,79,2,2,0,3,0,0,0,2,0,7,80,2,14295,14295,3,29,36,3,0,0,0,0
1297271,3,2022,2022,5,0,9,2,18,28,34609,0,1,1,-33.107876,148.977622,11,1,0,0,3,2,0,3,0,0,7,100,0,2585,4009,8,30,40,1,0,0,0,0
1297275,3,2022,2022,5,0,8,158,27,138,207,1,2,9,-33.865388,151.273065,81,0,2,0,3,0,0,0,2,0,7,40,2,14295,14295,3,0,5,2,0,0,0,0
1297276,3,2022,2022,5,0,11,1,31,18,34609,0,1,9,-34.251492,146.188162,28,2,1,1,2,0,0,0,0,0,7,50,0,248,248,1,5,13,2,0,0,0,0
1297278,3,2022,2022,5,3,7,2126,17,139,2149,0,1,2,-33.88488,151.136086,32,0,2,1,3,0,0,0,2,0,7,60,2,1391,1391,1,5,5,2,0,0,0,0
1297280,3,2022,2022,5,2,10,92,27,129,244,0,1,10,-33.897486,151.099615,9,0,2,1,3,0,0,0,0,2,7,60,2,5929,5929,1,5,0,2,0,0,0,0
1297281,3,2022,2022,5,2,6,81,17,83,33,0,1,1,-34.4497,150.443399,78,2,1,1,3,0,0,0,2,0,7,50,1,1391,1391,1,10,5,3,0,0,0,0
1297293,3,2022,2022,5,6,9,3371,17,16,3342,0,1,2,-28.371262,153.524058,72,1,0,1,0,0,0,0,0,0,7,110,2,387,387,1,33,5,2,0,0,0,0
1297301,3,2022,2022,8,3,3,6,36,4,6,0,1,1,-34.948923,143.47196,51,1,0,1,0,0,0,1,0,0,7,100,2,4026,4026,8,0,40,1,0,0,0,0
1297305,3,2022,2022,5,2,9,27,27,290,34609,0,1,1,-33.854122,150.986656,21,0,2,1,2,0,3,4,0,0,7,40,0,4026,4026,1,5,0,3,0,0,0,0
1297307,3,2022,2022,5,5,6,72,27,72,56,0,1,9,-33.790906,151.065782,54,0,2,0,1,0,0,0,2,1,7,60,2,1192,1192,1,33,13,2,0,0,0,0
1297308,3,2022,2022,6,0,11,2,1,165,34609,1,0,1,-32.27573,150.891404,46,2,1,1,2,0,3,4,0,0,7,50,0,4026,4026,8,5,40,2,0,0,0,0
1297314,3,2022,2022,5,4,6,361,32,62,96,0,1,9,-33.89408,151.149844,32,0,2,1,1,0,3,4,2,2,7,60,2,63,63,4,0,40,2,0,0,0,0
1297320,3,2022,2022,5,1,6,44,27,304,21,0,1,1,-33.902079,151.162978,32,0,2,1,3,0,0,0,2,0,7,50,1,14295,14295,3,5,5,2,0,0,0,0
1297324,3,2022,2022,5,2,0,1,7,33,34609,0,1,1,-36.421422,148.62364,65,2,1,0,0,0,0,0,0,0,7,50,0,2585,4009,1,33,0,3,0,0,0,0
1297340,3,2022,2022,1,5,4,110,27,113,48,0,1,2,-34.347023,150.870619,80,0,2,1,0,0,0,0,2,0,7,100,2,14295,14295,3,5,35,2,0,0,0,0
1297343,3,2022,2022,5,1,11,11,1,187,34609,0,1,7,-33.881504,150.982258,15,0,2,1,2,0,3,4,0,0,0,50,0,4026,4026,8,5,40,1,0,0,0,0
1297346,3,2022,2022,5,2,0,49,22,134,34609,0,1,1,-33.524341,151.321762,16,2,2,0,2,0,0,0,0,0,7,50,0,3775,3775,0,5,5,2,0,0,0,0
1297361,3,2022,2022,3,0,7,6,31,463,34609,0,1,1,-30.304241,153.127174,19,2,1,1,1,0,3,0,2,0,7,50,0,489,489,8,0,40,1,0,0,0,0
1297368,3,2022,2022,8,2,1,15,31,172,17,0,1,9,-32.763876,151.581497,42,2,1,1,2,0,0,0,0,0,15,50,1,489,489,8,0,40,1,0,0,0,0
1297385,3,2022,2022,1,4,6,177,22,210,176,0,1,10,-34.034684,151.10685,68,0,2,1,3,0,0,0,2,0,0,60,2,2852,2852,4,0,0,2,0,0,0,0
1297389,3,2022,2022,1,1,11,27,36,39,34609,0,1,1,-29.762709,153.002091,18,1,0,1,3,0,0,0,0,0,7,100,0,1089,1089,7,5,40,1,0,0,0,0
1297393,3,2022,2022,1,1,9,46,36,8,46,0,1,1,-32.623411,148.988113,22,1,0,1,3,0,0,0,0,0,7,100,1,1089,1089,7,0,40,1,0,0,0,0
1297395,3,2022,2022,1,0,9,95,31,271,80,0,1,10,-33.944004,151.010071,15,0,2,1,3,0,0,0,2,2,7,60,1,1391,1391,1,5,5,3,0,0,0,0
1297399,3,2022,2022,1,5,11,481,17,562,483,0,1,1,-32.317579,148.524988,22,1,0,1,3,0,0,6,0,0,7,110,2,945,945,5,3,40,1,0,0,0,0
1297400,3,2022,2022,1,6,8,220,14,40,220,0,1,3,-34.414535,150.881802,80,0,2,0,3,0,0,0,2,0,7,80,2,1391,1391,1,30,10,2,0,0,0,0
1297401,3,2022,2022,1,1,9,14,31,90,262,0,1,9,-32.922454,151.752318,48,0,2,1,3,0,0,0,0,2,7,60,2,5929,5929,1,5,13,3,0,0,0,0
1297406,3,2022,2022,1,5,2,26,31,71,34609,1,0,7,-33.773589,150.697472,55,0,2,1,3,0,0,0,0,0,0,50,0,2852,2852,4,30,5,2,0,0,0,0
1297407,3,2022,2022,1,6,8,3371,17,149,3342,0,1,7,-33.345532,151.370158,16,2,2,1,3,0,0,0,2,0,0,60,2,1391,1391,1,10,5,3,0,0,0,0
1297408,3,2022,2022,1,0,11,47,31,117,84,0,1,2,-28.181031,153.538856,72,2,1,1,3,0,0,0,0,0,7,60,1,1945,1945,5,5,40,1,0,0,0,0
1297410,3,2022,2022,1,4,6,2,31,283,34609,1,0,10,-33.832281,151.000644,21,0,2,1,3,0,0,0,2,0,15,50,0,1282,1282,1,5,5,2,0,0,0,0
1297412,3,2022,2022,1,6,2,63,17,10,63,0,1,10,-34.168449,142.18005,51,2,1,1,2,0,0,0,0,0,0,60,2,6545,6545,4,21,2,2,0,0,0,0
1297416,3,2022,2022,1,3,0,6,7,284,34609,0,1,9,-33.900578,151.016022,15,0,2,1,2,0,0,0,0,0,15,50,0,9859,9859,1,9,0,3,0,0,0,0
1297424,3,2022,2022,1,5,6,32,14,35,124,0,1,3,-33.813984,151.199484,77,0,2,0,1,0,0,0,2,0,7,80,2,101,101,8,5,40,2,0,0,0,0
1297428,3,2022,2022,1,3,0,193,31,137,34609,0,1,1,-32.966582,151.692124,37,0,2,1,2,0,0,0,0,0,7,50,0,9859,9859,1,10,13,3,0,0,0,0
1297431,3,2022,2022,1,5,11,10,27,161,115,0,1,9,-33.748871,151.174016,36,0,2,1,2,0,3,4,0,0,0,60,1,220,220,8,5,40,1,0,0,0,0
1297437,3,2022,2022,5,6,9,35,27,6,34609,0,1,1,-35.494767,146.254552,51,1,0,1,0,2,0,6,3,0,7,100,0,945,945,5,10,40,1,0,0,0,0
1297455,3,2022,2022,6,5,0,137,31,65,18,0,1,2,-32.926743,151.774418,48,0,2,1,2,0,3,4,0,0,7,50,2,475,475,5,5,40,1,0,0,0,0
1297470,3,2022,2022,5,2,2,2126,17,127,2149,0,1,9,-33.887859,151.160166,32,0,2,1,3,0,0,0,0,0,7,60,2,4026,4026,8,5,40,1,0,0,0,0
1297478,3,2022,2022,5,4,5,14,27,14,34609,0,1,1,-34.391822,148.439877,30,1,0,0,0,0,0,0,2,0,7,100,0,1850,1463,5,0,40,1,0,0,0,0
1297481,3,2022,2022,5,2,8,12,31,363,34609,0,1,9,-33.75819,150.693012,55,0,2,1,3,0,0,0,2,0,9,50,0,623,623,3,10,0,2,0,0,0,0
1297482,3,2022,2022,1,6,6,1,27,4,34609,0,1,1,-35.411215,149.672304,58,1,0,0,3,2,0,0,2,0,7,100,0,3775,3775,0,10,13,2,0,0,0,0
1297484,3,2022,2022,1,6,10,28,31,96,19,0,1,10,-33.380804,148.009027,51,2,1,1,3,0,0,0,0,0,0,50,1,6545,6545,4,5,0,2,0,0,0,0
1297486,3,2022,2022,1,6,4,2209,17,176,2205,0,1,2,-33.952826,151.137546,4,0,2,1,3,0,0,0,2,0,7,60,2,1391,1391,1,5,5,2,0,0,0,0
1297490,3,2022,2022,1,0,4,3371,17,40,3342,0,1,9,-31.52774,152.791594,56,1,0,1,3,0,0,3,2,0,0,100,2,2852,2852,4,0,5,2,0,0,0,0
1297492,3,2022,2022,1,4,8,4,31,18,34609,0,1,10,-32.743083,151.560085,42,2,1,1,3,0,0,3,3,0,15,50,0,6545,6545,4,10,0,2,0,0,0,0
1297493,3,2022,2022,1,0,7,57,31,77,321,0,1,9,-33.884302,151.202358,69,0,2,1,3,0,0,0,2,0,7,40,2,1391,1391,1,5,36,2,0,0,0,0
1297495,3,2022,2022,1,2,2,2209,17,137,2205,0,1,2,-34.043927,151.054749,68,0,2,0,3,0,0,0,1,0,7,80,2,380,714,5,8,40,1,0,0,0,0
1297496,3,2022,2022,1,3,8,220,27,154,222,0,1,2,-33.71371,150.934504,71,0,2,1,3,0,0,0,2,0,7,80,2,14295,14295,3,5,5,2,0,0,0,0
1297500,3,2022,2022,1,0,8,171,1,63,104,0,1,9,-33.935866,151.207585,4,0,2,1,3,0,0,0,2,3,7,70,2,1669,1669,3,5,5,3,0,0,0,0
1297501,3,2022,2022,1,3,7,137,14,24,70,0,1,3,-32.76204,151.438866,17,1,0,0,3,0,0,0,2,0,7,110,2,14295,14295,3,5,5,2,0,0,0,0
1297503,3,2022,2022,1,5,8,80,31,204,187,0,1,1,-33.88044,151.122951,32,0,2,1,3,0,0,0,0,0,7,60,2,14295,14295,3,5,5,3,0,0,0,0
1297513,3,2022,2022,5,2,8,125,27,55,123,1,0,2,-33.364237,151.455384,16,2,2,1,2,0,0,0,3,2,9,60,2,9859,9859,8,5,40,1,0,0,0,0
1297524,3,2022,2022,1,2,7,293,31,443,34609,0,1,10,-33.911518,151.068695,15,0,2,1,0,0,0,0,2,0,0,50,0,6545,6545,4,33,0,2,0,0,0,0
1297528,3,2022,2022,5,2,1,6,18,243,34609,1,0,1,-33.954359,150.906943,41,0,2,0,2,0,0,0,0,0,7,50,0,1957,4009,1,0,5,3,0,0,0,0
1297529,3,2022,2022,6,4,7,500,27,80,160,0,1,10,-33.97488,150.899247,13,0,2,1,2,0,0,0,2,2,9,60,2,2852,2852,4,5,5,4,0,0,0,0
1297533,3,2022,2022,8,1,6,20,31,225,34609,0,1,1,-33.786372,151.196719,77,0,2,1,1,0,3,4,2,0,7,50,0,1957,777,1,8,5,2,0,0,0,0
1297539,3,2022,2022,1,2,4,133,10,25,121,0,1,1,-31.540372,152.864965,56,1,0,1,0,0,0,0,2,0,7,100,1,14295,14295,3,9,13,3,0,0,0,0
1297541,3,2022,2022,8,3,0,82,31,179,369,0,1,2,-33.757345,150.712042,55,0,2,1,2,0,3,3,0,0,7,60,2,4026,4026,8,10,40,1,0,0,0,0
1297552,3,2022,2022,1,5,3,515,14,252,518,0,1,3,-33.949378,150.886492,41,0,2,1,3,0,0,0,2,0,7,100,2,14295,14295,3,5,13,3,0,0,0,0
1297573,3,2022,2022,1,2,8,11,23,139,34609,0,1,9,-33.87841,151.146281,32,0,2,1,0,0,0,0,3,0,0,50,0,2852,2852,4,5,5,2,0,0,0,0
1297579,3,2022,2022,5,0,0,83,31,90,34609,0,1,7,-33.889483,151.248515,81,0,2,1,2,0,0,3,0,0,0,50,0,9859,9859,8,0,40,1,0,0,0,0
1297582,3,2022,2022,8,1,10,14,27,445,34609,0,1,1,-33.862497,151.036411,21,0,2,1,0,0,3,4,0,0,7,50,0,1981,1981,4,5,0,3,0,0,0,0
1297584,3,2022,2022,6,2,3,74,23,100,260,0,1,9,-33.958231,151.157764,4,0,2,0,2,0,0,0,1,0,0,60,2,4552,5151,8,10,40,1,0,0,0,0
1297589,3,2022,2022,6,5,8,1,7,90,34609,0,1,1,-33.785761,150.953921,54,0,2,1,2,0,0,6,0,0,7,50,0,9859,9859,8,5,40,1,0,0,0,0
1297602,3,2022,2022,6,0,11,44,31,35,34609,0,1,1,-31.076946,152.833739,34,2,1,1,0,0,0,0,0,0,7,50,0,9859,9859,8,5,40,1,0,0,0,0
1297605,3,2022,2022,6,1,6,3,10,31,34609,0,1,1,-34.02108,150.832364,13,0,2,0,1,0,0,0,2,0,7,50,0,4552,5151,1,5,0,3,0,0,0,0
1297609,3,2022,2022,6,1,3,2209,17,35,2205,0,1,1,-35.498202,150.328637,63,1,0,0,0,0,3,3,2,0,7,100,2,2585,4009,8,5,40,1,0,0,0,0