Crash ID,Degree of crash - detailed,Reporting year,Year of crash,Month of crash,Day of week of crash,Two-hour intervals,Street of crash,Street type,Town,Route no.,School zone location,School zone active,Type of location,Latitude,Longitude,LGA,Urbanisation,Conurbation 1,Alignment,Street lighting,Road surface,Surface condition,Weather,Natural lighting,Signals operation,Other traffic control,Speed limit,Road classification,RUM - code,DCA - code,First impact type,Key TU type,Other TU type,No. of traffic units involved,No. killed,No. seriously injured,No. moderately injured,No. minor-other injured
1297610,3,2022,2022,8,4,8,866,31,204,34609,0,1,10,-33.892788,150.942383,24,0,2,1,2,0,3,4,3,2,7,50,0,6545,6545,4,5,25,2,0,0,0,0
1297615,3,2022,2022,5,0,1,1052,14,160,928,0,1,3,-33.135011,151.474511,37,0,2,1,0,0,0,0,0,0,7,110,2,1383,1383,1,3,35,2,0,0,0,0
1297617,3,2022,2022,5,6,9,8,10,112,114,0,1,1,-33.439785,151.4279,16,2,2,1,2,0,0,0,0,0,7,60,2,9859,9859,8,5,40,1,0,0,0,0
1297619,3,2022,2022,5,0,3,2261,17,30,2252,0,1,2,-34.80508,148.56353,30,1,0,1,0,0,0,0,0,0,7,110,2,4026,4026,8,29,40,1,0,0,0,0
1297627,3,2022,2022,5,3,11,478,17,128,480,0,1,2,-33.427455,151.318611,16,2,2,1,2,0,0,0,0,0,7,70,2,14295,14295,3,0,0,2,0,0,0,0
1297630,3,2022,2022,5,5,11,21,23,293,34609,0,1,9,-33.935169,151.046234,15,0,2,1,2,0,3,4,0,0,7,50,0,9859,9859,8,5,40,1,0,0,0,0
1297631,3,2022,2022,5,2,11,2,31,433,34609,0,1,1,-33.27708,149.116715,52,2,1,1,2,0,0,0,0,0,7,50,0,9859,9859,1,5,5,2,0,0,0,0
1297637,3,2022,2022,1,6,6,17,31,460,92,0,1,10,-33.833843,150.992142,21,0,2,1,1,0,0,0,2,2,7,50,1,256,256,4,5,12,2,0,0,0,0
1297642,3,2022,2022,5,2,1,6,31,123,34609,0,1,1,-33.804899,151.055834,54,0,2,1,2,0,3,4,0,0,7,50,0,9859,9859,1,33,0,2,0,0,0,0
1297654,3,2022,2022,8,4,10,4,27,25,34609,0,1,1,-33.621407,150.842833,29,2,2,1,2,0,0,0,0,0,7,50,0,9859,9859,8,5,40,1,0,0,0,0
1297657,3,2022,2022,5,2,11,65,10,132,148,0,1,1,-34.077338,151.056873,68,0,2,1,3,0,3,4,0,0,7,50,2,9859,9859,8,5,40,1,0,0,0,0
1297658,3,2022,2022,1,3,9,8,31,35,34609,0,1,1,-34.368479,150.913285,80,0,2,1,3,0,0,0,3,0,7,50,0,1981,1981,4,0,5,3,0,0,0,0
1297660,3,2022,2022,1,2,9,178,27,12,34609,0,1,7,-33.971035,151.04892,25,0,2,0,3,0,0,0,3,0,0,50,0,1391,1391,1,5,5,2,0,0,0,0
1297663,3,2022,2022,5,6,8,125,27,43,144,0,1,1,-32.806786,151.863284,57,2,1,0,3,0,0,0,2,0,7,80,2,14295,14295,3,10,13,3,0,0,0,0
1297664,3,2022,2022,1,2,7,15,31,24,34609,0,1,9,-33.826112,151.171261,38,0,2,1,3,0,0,0,2,0,7,50,0,1109,787,1,0,0,2,0,0,0,0
1297665,3,2022,2022,1,0,6,13,1,55,34609,0,1,1,-33.852997,151.280708,81,0,2,0,3,0,3,0,2,0,7,50,0,4552,5151,1,5,5,2,0,0,0,0
1297673,3,2022,2022,1,3,11,2209,17,77,2205,0,1,9,-33.925038,151.160377,32,0,2,1,3,0,0,0,0,2,7,60,2,256,256,4,5,5,2,0,0,0,0
1297676,3,2022,2022,6,0,2,3,10,26,34609,0,1,9,-31.973916,152.574072,43,2,1,1,3,0,0,0,0,0,7,50,0,9859,9859,1,10,40,2,0,0,0,0
1297678,3,2022,2022,1,0,8,44,31,160,260,0,1,1,-33.110924,151.484349,37,0,2,0,3,0,0,0,2,0,7,60,2,14295,14295,3,0,0,2,0,0,0,0
1297679,3,2022,2022,1,2,11,4,1,22,8,0,1,1,-33.798325,151.272257,50,0,2,0,2,0,0,0,0,0,7,50,1,4552,5151,1,0,5,3,0,0,0,0
1297680,3,2022,2022,5,0,11,478,17,78,480,0,1,9,-33.418345,151.445709,16,2,2,0,2,0,0,0,0,2,7,60,2,3775,3775,0,5,5,2,0,0,0,0
1297682,3,2022,2022,5,4,0,5,27,363,34609,0,1,1,-33.749641,150.704272,55,0,2,1,2,0,3,4,0,0,7,50,0,9859,9859,8,5,40,1,0,0,0,0
1297683,3,2022,2022,5,4,2,22,27,18,147,0,1,1,-28.685023,153.608066,10,2,1,1,0,0,0,0,0,0,7,50,1,4026,4026,1,0,12,2,0,0,0,0
1297687,3,2022,2022,1,5,2,6,27,49,34609,0,1,10,-34.439058,147.53115,51,2,1,1,3,0,1,1,0,0,7,50,0,9859,9859,8,10,40,1,0,0,0,0
1297688,3,2022,2022,5,3,11,222,31,131,212,0,1,9,-33.784248,151.189472,36,0,2,1,3,0,0,0,0,2,7,60,2,4026,4026,8,5,40,1,0,0,0,0
1297722,3,2022,2022,5,2,4,3,31,197,34609,0,1,1,-33.95151,151.079391,25,0,2,1,3,0,0,0,2,0,7,50,0,941,941,1,5,0,2,0,0,0,0
1297723,3,2022,2022,1,1,5,29,1,64,52,0,1,1,-33.711526,150.747354,55,0,2,1,3,0,0,0,2,0,7,60,1,9859,9859,8,5,40,1,0,0,0,0
1297725,3,2022,2022,1,4,9,2126,17,139,2149,0,1,9,-33.885082,151.13652,32,0,2,1,3,0,0,0,0,0,7,60,2,14295,14295,3,0,5,3,0,0,0,0
1297726,3,2022,2022,8,1,7,1,1,90,34609,0,1,10,-33.724602,150.309509,8,2,2,1,3,0,3,4,2,0,0,50,0,4552,985,8,5,40,1,0,0,0,0
1297731,3,2022,2022,1,5,5,18,27,3,14,0,1,1,-28.758416,153.301203,39,2,1,0,3,2,0,0,2,0,7,80,1,4552,5151,8,5,40,1,0,0,0,0
1297732,3,2022,2022,1,3,11,72,31,218,34609,1,0,1,-33.772278,150.786963,55,0,2,1,3,0,0,0,0,0,7,50,0,9859,9859,8,5,40,1,0,0,0,0
1297734,3,2022,2022,1,5,7,38,31,246,64,0,1,1,-33.907431,151.201054,69,0,2,1,3,0,0,0,2,0,7,50,2,9859,9859,1,5,13,2,0,0,0,0
1297735,3,2022,2022,1,0,5,344,27,89,382,0,1,1,-33.65206,150.792874,55,0,2,1,3,0,0,0,2,0,7,80,2,4026,4026,8,5,40,1,0,0,0,0
1297737,3,2022,2022,5,6,6,8,31,150,34609,0,1,1,-33.921385,151.230892,59,0,2,1,3,0,0,0,2,0,7,50,0,4026,4026,1,5,5,3,0,0,0,0
1297738,3,2022,2022,1,4,8,27,27,102,28,0,1,9,-33.945398,151.188557,4,0,2,1,3,0,0,0,2,2,7,70,2,14295,14295,3,5,5,2,0,0,0,0
1297739,3,2022,2022,1,0,4,77,10,40,331,0,1,1,-34.218751,150.59454,79,2,2,1,3,0,0,0,2,0,7,60,1,1981,1981,4,5,5,2,0,0,0,0
1297742,3,2022,2022,6,3,10,48,31,33,45,0,1,10,-33.419033,151.343475,16,2,2,1,3,0,0,0,0,2,7,60,1,5929,5929,1,5,5,2,0,0,0,0
1297745,3,2022,2022,1,4,8,15,27,127,154,0,1,9,-33.838734,150.871826,24,0,2,0,3,0,3,4,2,0,0,60,1,4552,5151,8,34,40,1,0,0,0,0
1297746,3,2022,2022,1,2,10,1,27,30,34609,0,1,9,-34.358343,146.051439,28,1,0,1,3,0,3,3,0,0,7,100,0,4552,985,8,5,40,1,0,0,0,0
1297751,3,2022,2022,1,2,7,22,27,136,702,0,1,10,-33.860744,151.068412,67,0,2,1,3,0,0,0,2,0,15,60,2,6545,6545,4,10,5,2,0,0,0,0
1297761,3,2022,2022,1,1,5,15,27,20,34609,0,1,1,-32.926277,151.670239,37,0,2,1,3,0,0,0,2,0,7,50,0,14295,14295,3,0,5,2,0,0,0,0
1297764,3,2022,2022,1,3,10,512,17,7,441,0,1,1,-32.805412,148.911054,22,1,0,0,3,0,0,0,0,0,7,100,2,4552,5151,8,10,40,1,0,0,0,0
1297766,3,2022,2022,1,2,10,29,27,106,27,0,1,9,-34.569117,150.794244,62,0,2,1,3,0,0,0,0,0,0,60,2,237,162,8,5,40,1,0,0,0,0
1297767,3,2022,2022,1,6,7,1,27,1,34609,0,1,1,-29.812192,152.827885,18,1,0,1,3,0,0,0,2,0,7,100,0,4026,4026,8,0,40,1,0,0,0,0
1297768,3,2022,2022,1,1,6,48,27,21,62,0,1,1,-35.433267,148.132067,66,1,0,0,3,0,3,4,2,0,7,100,2,4552,5151,8,10,40,1,0,0,0,0
1297770,3,2022,2022,1,3,3,3371,17,40,3342,0,1,9,-32.011269,152.46847,43,1,0,0,3,0,0,0,2,0,7,110,2,1850,1463,5,5,40,1,0,0,0,0
1297772,3,2022,2022,1,1,8,3,10,154,34609,0,1,7,-33.701749,150.968372,71,0,2,1,3,0,0,0,3,0,0,50,0,5929,5929,1,0,0,2,0,0,0,0
1297774,3,2022,2022,1,4,7,2209,17,77,2205,0,1,2,-33.923956,151.161642,32,0,2,1,3,0,0,0,2,0,7,60,2,1383,1383,1,0,5,2,0,0,0,0
1297775,3,2022,2022,1,4,6,16,1,24,25,0,1,1,-33.626215,150.837861,29,2,2,1,3,0,3,0,2,0,7,60,2,1981,1981,4,5,13,2,0,0,0,0
1297781,3,2022,2022,1,6,6,1104,14,247,962,0,1,3,-33.809145,150.935271,21,0,2,1,3,0,0,0,2,0,7,100,2,1391,1391,1,8,5,2,0,0,0,0
1297783,3,2022,2022,1,6,3,153,27,188,147,1,0,1,-33.94975,151.101526,25,0,2,1,1,0,0,0,1,0,7,60,2,1282,1282,1,33,5,2,0,0,0,0
1297792,3,2022,2022,1,5,10,2,1,39,34609,0,1,1,-32.885137,151.661994,48,0,2,1,1,0,0,0,0,0,7,50,0,4026,4026,1,10,13,3,0,0,0,0
1297809,3,2022,2022,5,2,3,3,27,17,34609,0,1,1,-34.903329,150.623462,63,2,1,1,1,0,0,0,2,0,0,50,0,1282,1282,1,5,40,1,0,0,0,0
1297814,3,2022,2022,5,5,10,2,31,253,34609,1,0,1,-33.964091,151.107967,25,0,2,1,1,0,0,0,2,0,7,50,0,9859,9859,1,33,0,2,0,0,0,0
1297831,3,2022,2022,5,5,9,34,31,433,34609,0,1,7,-33.276967,149.107126,52,2,1,1,2,0,3,4,0,0,0,50,0,6545,6545,4,0,13,2,0,0,0,0
1297838,3,2022,2022,5,0,0,15,31,201,46,0,1,2,-34.887643,150.604781,63,2,1,1,3,0,0,0,0,0,7,60,1,4026,4026,8,5,40,1,0,0,0,0
1297842,3,2022,2022,5,3,10,2261,17,41,2252,0,1,2,-35.056773,148.095127,20,1,0,0,3,0,3,4,0,0,7,110,2,1957,4009,8,3,40,1,0,0,0,0
1297845,3,2022,2022,6,3,9,26,27,53,34609,0,1,1,-35.132108,147.342371,75,2,1,1,0,0,0,0,0,0,7,70,0,4026,4026,1,16,0,2,0,0,0,0
1297879,3,2022,2022,1,4,5,33,31,323,20,0,1,1,-33.762234,151.000066,71,0,2,0,3,0,0,0,2,0,7,50,1,175,188,8,9,40,1,0,0,0,0
1297882,3,2022,2022,1,0,3,2126,17,19,2149,0,1,1,-33.436815,149.927443,40,1,0,1,3,0,0,3,1,0,7,100,2,9859,9859,8,5,40,1,0,0,0,0
1297884,3,2022,2022,1,3,8,866,17,314,793,0,1,2,-33.842346,150.95649,21,0,2,1,3,0,0,0,2,0,7,70,2,9859,9859,8,0,40,1,0,0,0,0
1297886,3,2022,2022,1,4,9,36,36,9,139,0,1,1,-34.519727,146.282384,51,1,0,1,3,0,0,3,0,0,7,100,2,3775,3775,0,10,10,2,0,0,0,0
1297887,3,2022,2022,1,3,0,205,27,50,415,0,1,2,-33.682585,151.261673,50,0,2,1,3,0,0,0,0,0,7,70,2,945,945,5,5,40,1,0,0,0,0
1297888,3,2022,2022,1,0,9,109,27,100,105,1,0,9,-33.893192,150.89122,24,0,2,1,3,0,0,0,0,0,7,60,2,1669,1669,3,5,5,2,0,0,0,0
1297890,3,2022,2022,1,2,9,127,27,135,103,0,1,9,-32.898436,151.737982,48,0,2,1,3,0,0,0,3,2,7,50,1,5929,5929,1,5,5,2,0,0,0,0
1297891,3,2022,2022,1,5,3,2209,17,144,2205,0,1,9,-34.067232,151.014982,68,0,2,1,3,0,0,0,1,0,7,70,2,14295,14295,3,10,5,2,0,0,0,0
1297892,3,2022,2022,1,5,8,9,31,304,6,0,1,9,-33.901134,151.150632,32,0,2,1,3,0,0,0,3,0,0,60,1,5929,5929,1,0,5,2,0,0,0,0
1297895,3,2022,2022,5,2,9,4,27,224,34609,0,1,1,-33.827384,151.237815,45,0,2,1,0,0,0,0,0,0,7,50,0,9859,9859,1,33,0,2,0,0,0,0
1297897,3,2022,2022,1,1,7,25,1,3,34609,0,1,1,-30.235322,152.883872,19,1,0,1,3,0,0,0,2,0,7,100,0,9859,9859,8,0,40,1,0,0,0,0
1297903,3,2022,2022,5,0,8,2,27,2,34609,0,1,1,-34.251093,147.93022,30,1,0,1,0,0,0,0,2,0,7,100,0,9859,9859,8,10,40,1,0,0,0,0
1297922,3,2022,2022,5,2,11,14,10,316,34609,0,1,1,-31.438375,152.887319,56,2,1,1,0,0,0,0,0,0,7,50,0,9859,9859,8,10,40,1,0,0,0,0
1297933,3,2021,2021,0,1,11,44,31,91,34609,0,1,1,-32.797542,151.647142,48,0,2,1,2,0,0,0,0,0,7,50,0,9859,9859,8,10,40,3,0,0,0,0
1297951,3,2022,2022,1,0,4,3,31,61,34609,0,1,10,-35.531422,144.958478,51,2,1,1,3,0,0,0,2,0,0,50,0,6545,6545,4,0,5,2,0,0,0,0
1297958,3,2022,2022,5,6,7,2209,17,57,2205,0,1,2,-34.66161,150.851698,35,1,0,0,3,0,3,4,2,0,7,100,2,4552,5151,8,8,40,1,0,0,0,0
1297960,3,2022,2022,1,0,11,265,17,103,193,0,1,1,-34.283205,148.357368,30,1,0,0,3,0,3,3,0,0,7,100,2,1089,1089,7,10,40,1,0,0,0,0
1297961,3,2022,2022,1,1,7,165,31,226,34609,0,1,1,-33.773751,150.825743,7,0,2,1,3,0,0,0,2,0,7,50,0,4026,4026,1,5,12,3,0,0,0,0
1297963,3,2022,2022,1,2,10,75,10,63,165,0,1,2,-33.934586,151.210288,4,0,2,0,3,0,0,0,0,0,7,80,2,4552,5151,8,5,40,2,0,0,0,0
1297964,3,2022,2022,1,6,8,97,31,460,92,0,1,9,-33.831112,150.992967,21,0,2,1,3,0,0,0,3,0,7,60,1,2852,2852,4,5,5,2,0,0,0,0
1297966,3,2022,2022,1,5,3,1104,14,140,962,0,1,3,-33.791943,150.832775,7,0,2,1,3,0,0,0,2,0,7,110,2,14295,14295,3,5,12,2,0,0,0,0
1297970,3,2022,2022,6,0,7,348,17,2,232,0,1,1,-32.570654,149.560691,44,1,0,1,0,0,3,4,2,0,7,100,2,9859,9859,8,8,40,1,0,0,0,0
1297972,3,2022,2022,6,4,3,158,27,68,207,0,1,10,-33.87713,151.244873,81,0,2,1,0,0,0,0,2,2,7,60,2,14295,14295,3,5,5,2,0,0,0,0
1297982,3,2022,2022,5,0,10,17,27,323,25,0,1,2,-33.812229,150.837193,7,0,2,1,3,0,0,0,0,0,7,80,2,9859,9859,8,5,40,1,0,0,0,0
1297992,3,2022,2022,1,5,8,308,14,323,311,0,1,6,-33.811269,150.851679,7,0,2,1,3,0,0,0,2,0,7,80,2,1192,1192,1,5,35,2,0,0,0,0
1297996,3,2022,2022,1,4,9,23,27,53,36,0,1,9,-35.18739,149.324602,58,1,0,0,3,0,3,4,0,0,7,90,1,4552,985,8,5,40,1,0,0,0,0
1297998,3,2022,2022,1,1,9,80,27,316,50,1,0,9,-33.912501,151.237626,59,0,2,1,3,0,0,0,3,2,7,60,2,5929,5929,1,5,5,2,0,0,0,0
1297999,3,2022,2022,1,3,10,97,17,14,88,0,1,2,-34.995865,149.385927,58,1,0,1,3,0,0,0,0,0,7,110,2,1089,1089,7,5,40,1,0,0,0,0
1298000,3,2022,2022,1,4,5,47,31,117,84,0,1,9,-28.180277,153.540502,72,2,1,0,3,0,0,0,2,0,0,60,1,186,186,1,5,5,2,0,0,0,0
1298003,3,2022,2022,8,6,8,222,31,131,212,0,1,9,-33.784248,151.189472,36,0,2,1,3,0,0,0,2,2,7,60,2,1957,777,8,5,40,1,0,0,0,0
1298004,3,2022,2022,1,6,8,1104,14,204,962,0,1,3,-33.876318,151.12814,32,0,2,1,3,0,0,6,0,0,7,60,2,14295,14295,3,5,13,2,0,0,0,0
1298005,3,2022,2022,1,4,0,9,27,49,45,0,1,1,-34.438679,148.74241,30,1,0,1,3,0,3,4,0,0,7,100,1,1089,1089,7,5,40,1,0,0,0,0
1298008,3,2022,2022,1,2,3,118,17,8,118,0,1,2,-30.457452,149.886159,51,1,0,1,3,0,3,0,1,0,7,100,2,4026,4026,8,10,40,1,0,0,0,0
1298009,3,2022,2022,1,3,6,1,31,104,34609,0,1,1,-32.854145,151.69599,48,0,2,1,3,0,0,0,2,0,7,50,0,1282,1282,1,8,5,2,0,0,0,0
1298013,3,2022,2022,1,6,6,42,31,169,34609,0,1,10,-33.763865,150.835443,7,0,2,1,3,0,0,0,2,0,15,50,0,2852,2852,4,5,12,2,0,0,0,0
1298016,3,2022,2022,1,0,3,36,27,7,39,0,1,1,-32.480725,148.982694,22,1,0,0,3,0,3,4,2,0,7,100,2,1089,1089,7,0,40,1,0,0,0,0
1298017,3,2022,2022,1,1,7,20,27,34,20,0,1,1,-35.050499,150.630068,63,2,1,0,3,0,0,0,2,0,7,80,1,1850,1463,5,10,40,1,0,0,0,0
1298018,3,2022,2022,6,2,4,12,10,14,34609,0,1,9,-33.145693,151.580019,16,2,2,1,3,0,0,0,2,0,15,60,0,14295,14295,3,5,19,2,0,0,0,0
1298019,3,2022,2022,1,5,3,163,27,29,165,0,1,10,-33.743265,150.798338,7,0,2,1,3,0,0,0,1,2,7,60,1,5929,5929,1,5,5,2,0,0,0,0
1298020,3,2022,2022,6,6,5,51,27,44,63,0,1,9,-34.556424,150.84666,62,0,2,1,3,0,0,0,2,2,7,70,2,14295,14295,3,5,5,2,0,0,0,0
1298023,3,2022,2022,1,4,9,481,17,30,483,0,1,10,-34.7479,146.550367,51,2,1,1,3,0,0,0,0,0,0,50,2,1669,1669,3,5,35,2,0,0,0,0
1298025,3,2022,2022,5,2,11,84,10,5,80,0,1,1,-34.271032,150.958924,80,0,2,0,2,0,0,0,0,0,7,50,2,1259,5151,1,30,5,3,0,0,0,0
1298029,3,2022,2022,5,2,7,6,10,96,34609,0,1,10,-33.436834,151.405731,16,2,2,1,3,0,0,0,2,0,7,50,0,9859,9859,8,5,40,1,0,0,0,0
1298032,3,2022,2022,1,3,0,59,27,252,41,0,1,10,-33.942242,150.867401,41,0,2,1,3,0,0,0,0,2,7,60,1,5929,5929,1,5,36,2,0,0,0,0
1298036,3,2022,2022,1,5,0,1,10,2,34609,0,1,1,-36.496966,148.315498,65,2,1,0,2,0,3,4,0,0,7,50,0,4552,5151,8,0,40,1,0,0,0,0
1298059,3,2022,2022,5,6,3,5,31,293,34609,0,1,9,-33.945112,151.253864,59,0,2,0,2,0,0,0,1,0,7,50,0,4552,5151,1,5,5,5,0,0,0,0
1298072,3,2022,2022,1,2,2,31,31,70,148,0,1,1,-32.906455,151.719577,48,0,2,0,3,0,3,4,1,0,7,60,1,2585,4009,1,5,5,2,0,0,0,0
1298074,3,2022,2022,1,6,5,71,27,33,69,0,1,1,-36.412329,148.594761,65,2,1,0,3,0,0,0,2,0,7,80,2,782,957,5,0,40,1,0,0,0,0
1298075,3,2022,2022,1,5,3,2261,17,109,2252,0,1,3,-33.965952,150.874709,41,0,2,1,3,0,0,0,2,0,7,100,2,1192,1192,1,8,5,2,0,0,0,0
1298078,3,2022,2022,1,1,5,1,31,36,34609,0,1,1,-33.894289,148.162566,51,2,1,1,3,0,0,3,2,0,7,50,0,248,248,1,5,5,2,0,0,0,0
1298079,3,2022,2022,1,0,6,1,27,37,34609,0,1,1,-33.875052,150.689848,55,0,2,1,3,0,0,0,2,0,7,60,0,1282,1282,1,0,5,2,0,0,0,0
1298082,3,2022,2022,0,0,0,1,27,4,34609,0,1,1,-33.131564,151.605824,37,0,2,1,3,0,0,0,0,0,7,50,0,9859,9859,1,5,13,2,0,0,0,0
1298086,3,2022,2022,1,1,8,150,27,173,415,0,1,2,-33.783408,151.130143,61,0,2,1,3,0,0,0,2,0,7,70,2,14295,14295,3,5,0,2,0,0,0,0
1298089,3,2022,2022,1,4,8,478,17,70,480,1,0,1,-33.436637,151.349861,16,2,2,1,3,0,0,0,2,0,7,60,2,14295,14295,3,10,0,2,0,0,0,0
1298093,3,2022,2022,1,2,8,165,31,128,34609,0,1,1,-33.616053,150.809105,29,2,2,1,3,0,0,0,2,0,7,50,0,4026,4026,8,5,40,1,0,0,0,0
1298095,3,2022,2022,1,4,0,3371,17,13,3342,0,1,1,-32.94641,151.72756,48,0,2,0,3,0,0,0,0,0,7,70,2,4552,5151,8,10,40,1,0,0,0,0
1298100,3,2022,2022,1,1,3,175,27,104,220,0,1,2,-33.737205,150.918533,7,0,2,1,3,0,0,0,2,0,7,70,2,1391,1391,1,5,36,2,0,0,0,0
1298103,3,2022,2022,1,3,10,2,1,71,34609,0,1,1,-33.769081,150.704738,55,0,2,1,0,0,0,0,0,0,7,50,0,9859,9859,8,0,40,1,0,0,0,0
1298111,3,2022,2022,1,2,6,2261,17,24,2252,0,1,3,-34.401278,150.50985,78,1,0,1,3,0,0,0,2,0,7,110,2,14295,14295,3,5,7,2,0,0,0,0
1298118,3,2022,2022,1,6,3,4,27,1,34609,0,1,1,-34.468953,150.767414,80,0,2,0,3,2,0,0,2,0,7,100,0,4552,5151,8,5,40,1,0,0,0,0
1298124,3,2022,2022,1,6,7,41,31,119,96,0,1,10,-33.873464,151.155152,32,0,2,1,3,0,0,0,2,2,7,50,2,2852,2852,4,5,5,2,0,0,0,0
1298125,3,2022,2022,1,1,9,46,27,22,43,0,1,1,-35.947075,146.883417,27,1,0,1,3,0,0,0,0,0,7,100,1,945,945,5,30,40,1,0,0,0,0
1298126,3,2022,2022,1,6,1,3371,17,40,3342,0,1,2,-31.47723,152.814372,56,1,0,1,3,0,0,0,0,0,7,110,2,9859,9859,8,5,40,1,0,0,0,0
1298129,3,2022,2022,5,2,0,163,27,41,165,1,0,2,-33.729872,150.827245,7,0,2,1,2,0,3,3,0,0,7,60,1,4026,4026,8,34,40,1,0,0,0,0
1298159,3,2022,2022,1,2,0,1,31,218,34609,0,1,9,-33.782473,150.78249,55,0,2,1,2,0,0,0,0,0,0,50,0,1850,985,5,5,40,1,0,0,0,0
1298164,3,2022,2022,1,0,11,230,27,197,284,0,1,2,-33.79008,151.128806,61,0,2,1,2,0,3,0,0,0,7,70,2,9859,9859,8,34,40,1,0,0,0,0
1298166,3,2022,2022,5,2,7,103,27,94,563,0,1,10,-33.834031,151.048344,54,0,2,1,3,0,0,0,2,2,7,70,2,6545,6545,4,21,5,3,0,0,0,0
1298169,3,2022,2022,1,6,4,171,27,29,369,0,1,10,-33.722157,150.722528,55,0,2,1,1,0,0,0,2,2,7,70,2,926,926,4,0,10,2,0,0,0,0
1298177,3,2022,2022,5,0,9,28,1,251,34609,0,1,1,-33.778406,150.938615,7,0,2,1,2,0,3,4,0,0,7,50,0,1282,1282,1,33,0,2,0,0,0,0
1298183,3,2022,2022,5,1,6,48,31,104,605,0,1,9,-33.829849,151.215219,49,0,2,1,1,0,0,0,2,2,7,60,2,515,515,1,0,22,2,0,0,0,0
1298194,3,2022,2022,6,2,11,2,10,130,34609,0,1,1,-33.867329,151.189201,69,0,2,1,2,0,0,0,0,0,7,50,0,175,188,1,9,5,2,0,0,0,0
1298203,3,2022,2022,1,0,8,829,27,149,770,0,1,2,-33.862784,151.168489,32,0,2,1,2,0,0,0,3,0,7,60,2,623,623,3,5,5,2,0,0,0,0
1298206,3,2022,2022,1,1,4,15,7,179,34609,0,1,9,-33.763789,150.731858,55,0,2,1,0,0,0,0,2,0,7,50,0,5929,5929,1,5,13,2,0,0,0,0
1298208,3,2022,2022,1,0,11,512,17,433,441,0,1,2,-33.282857,149.09455,52,2,1,1,2,0,3,0,0,0,7,50,2,4026,4026,8,34,40,1,0,0,0,0
1298214,3,2022,2022,6,6,8,10,31,252,34609,1,0,9,-33.886015,151.212487,69,0,2,1,0,0,0,6,0,0,7,40,0,1957,777,1,33,0,3,0,0,0,0
1298218,3,2022,2022,1,5,7,2261,17,112,2252,0,1,2,-36.062526,146.944398,0,1,0,1,0,0,0,0,2,0,7,110,2,475,475,5,5,40,1,0,0,0,0
1298235,3,2022,2022,5,2,1,5,27,90,34609,0,1,1,-33.787865,150.952963,54,0,2,1,2,0,0,0,0,0,7,50,0,4026,4026,1,5,5,2,0,0,0,0
1298242,3,2022,2022,1,0,9,37,31,273,87,0,1,10,-34.426962,150.899561,80,0,2,1,2,0,0,0,0,2,7,60,2,5929,5929,1,0,5,2,0,0,0,0
1298253,3,2022,2022,1,1,7,16,31,134,34609,1,0,10,-33.678356,150.87327,7,0,2,1,0,0,0,0,2,0,0,50,0,323,323,1,16,0,2,0,0,0,0
1298267,3,2022,2022,1,1,5,1104,14,283,962,0,1,3,-33.827978,151.015765,54,0,2,0,2,0,0,0,2,0,7,90,2,101,101,8,5,13,2,0,0,0,0
1298270,3,2022,2022,3,6,9,92,31,346,34609,0,1,10,-33.889236,151.082791,67,0,2,1,3,0,2,6,0,0,0,50,0,6545,6545,4,5,5,2,0,0,0,0
1298271,3,2022,2022,1,5,11,2,10,29,34609,0,1,1,-28.809022,153.595576,2,2,1,0,2,0,0,0,0,0,7,50,0,4552,5151,1,5,13,3,0,0,0,0
1298280,3,2022,2022,5,1,7,56,27,130,34609,0,1,1,-33.871161,151.195098,69,0,2,1,2,0,0,0,2,0,7,40,0,3775,3775,0,33,0,2,0,0,0,0
1298287,3,2022,2022,1,2,3,35,18,463,34609,0,1,1,-30.300192,153.120981,19,2,1,1,0,0,0,0,2,0,7,50,0,489,489,5,5,40,1,0,0,0,0
1298299,3,2022,2022,1,2,1,23,36,15,62,0,1,1,-30.210318,153.011018,19,2,1,0,0,0,3,0,0,0,7,80,1,1957,4009,8,5,40,1,0,0,0,0
1298303,3,2022,2022,1,1,9,30,27,166,52,0,1,10,-33.904965,151.173299,32,0,2,1,2,0,0,0,3,2,7,60,1,5929,5929,1,5,5,2,0,0,0,0
1298307,3,2022,2022,1,2,5,143,31,44,34609,0,1,1,-33.747282,150.718654,55,0,2,1,2,0,0,0,2,0,7,50,0,9859,9859,1,0,36,3,0,0,0,0
1298308,3,2022,2022,1,3,6,213,17,13,213,0,1,1,-29.573228,150.401728,51,1,0,1,0,0,0,0,2,0,7,100,2,96,96,0,5,13,2,0,0,0,0
1298314,3,2022,2022,1,3,2,3,27,89,34609,0,1,1,-33.867628,150.884333,24,0,2,1,3,0,0,0,0,0,7,50,0,9859,9859,1,8,10,3,0,0,0,0
1298316,3,2022,2022,1,5,1,3371,17,24,3342,0,1,2,-29.730736,153.120737,18,1,0,1,3,0,0,0,0,0,7,110,2,204,204,1,29,10,2,0,0,0,0
1298320,3,2022,2022,1,1,7,280,10,187,240,1,2,10,-33.886613,150.967938,24,0,2,1,3,0,0,0,2,2,7,40,2,5929,5929,1,5,0,2,0,0,0,0
1298321,3,2022,2022,1,6,0,3371,17,40,3342,0,1,9,-33.824401,151.187945,38,0,2,0,2,0,3,4,0,2,7,60,2,4552,5151,8,5,40,1,0,0,0,0
1298323,3,2022,2022,1,5,7,36,31,84,34609,0,1,1,-33.809464,150.988752,21,0,2,1,3,0,0,0,2,0,7,50,0,9859,9859,1,5,13,2,0,0,0,0