Crash ID,Degree of crash - detailed,Reporting year,Year of crash,Month of crash,Day of week of crash,Two-hour intervals,Street of crash,Street type,Town,Route no.,School zone location,School zone active,Type of location,Latitude,Longitude,LGA,Urbanisation,Conurbation 1,Alignment,Street lighting,Road surface,Surface condition,Weather,Natural lighting,Signals operation,Other traffic control,Speed limit,Road classification,RUM - code,DCA - code,First impact type,Key TU type,Other TU type,No. of traffic units involved,No. killed,No. seriously injured,No. moderately injured,No. minor-other injured
1298324,3,2022,2022,1,6,11,29,27,85,27,0,1,1,-34.569761,150.78674,62,0,2,1,3,0,0,0,0,0,7,80,2,1089,1089,7,5,40,1,0,0,0,0
1298326,3,2022,2022,1,2,5,63,17,4,63,0,1,1,-29.586107,141.892834,51,1,0,0,3,0,0,0,2,0,7,100,2,1957,4009,8,9,40,1,0,0,0,0
1298343,3,2022,2022,6,1,5,158,27,138,207,0,1,9,-33.869658,151.269778,81,0,2,1,0,0,0,0,2,3,7,50,2,515,515,1,8,0,2,0,0,0,0
1298351,3,2022,2022,5,0,8,16,31,161,34609,0,1,1,-33.887443,151.16146,32,0,2,1,0,0,0,0,0,0,7,50,0,9859,9859,1,5,5,2,0,0,0,0
1298363,3,2022,2022,1,3,5,346,17,44,332,0,1,9,-28.81313,153.394398,2,2,1,1,1,0,0,0,2,0,0,80,2,2852,2852,4,5,13,2,0,0,0,0
1298364,3,2022,2022,5,5,8,1,31,135,34609,0,1,10,-32.901117,151.736623,48,0,2,1,1,0,3,4,3,0,0,50,0,6545,6545,4,5,0,2,0,0,0,0
1298366,3,2022,2022,1,0,7,143,31,123,181,1,2,2,-33.88682,151.229837,69,0,2,1,1,0,0,0,2,0,7,40,2,387,387,1,9,5,2,0,0,0,0
1298367,3,2022,2022,1,4,6,12,23,55,34609,0,1,0,-33.890195,151.284797,76,0,2,1,3,0,0,3,2,0,7,50,0,1981,1981,4,5,18,2,0,0,0,0
1298378,3,2022,2022,1,4,0,20,31,7,34609,0,1,1,-33.852967,151.182644,32,0,2,1,2,0,0,0,0,0,7,10,0,9859,9859,1,34,19,11,0,0,0,0
1298384,3,2022,2022,1,4,7,26,1,137,34609,0,1,10,-33.910439,151.204291,69,0,2,1,1,0,0,3,2,0,15,50,0,6545,6545,4,5,5,2,0,0,0,0
1298385,3,2022,2022,1,2,3,3,1,64,34609,0,1,1,-33.946586,150.996303,15,0,2,1,2,0,3,4,1,0,7,50,0,1282,1282,1,33,0,2,0,0,0,0
1298393,3,2022,2022,1,2,1,191,27,309,208,0,1,11,-33.805006,151.104422,61,0,2,0,2,0,0,0,0,2,7,60,2,4552,5151,8,5,40,1,0,0,0,0
1298412,3,2022,2022,1,0,1,29,31,60,34609,0,1,10,-33.834258,151.14999,51,0,2,0,2,0,3,0,0,0,7,50,0,4552,5151,8,5,40,1,0,0,0,0
1298414,3,2022,2022,1,2,11,283,27,197,702,0,1,9,-33.943251,151.076976,15,0,2,1,2,0,0,0,0,2,7,60,2,4026,4026,8,0,40,1,0,0,0,0
1298416,3,2022,2022,1,5,5,15,31,145,34609,0,1,1,-33.926191,151.06299,15,0,2,1,1,0,0,0,2,0,7,50,0,237,162,8,5,40,1,0,0,0,0
1298434,3,2022,2022,8,3,0,1052,14,33,928,0,1,3,-33.64334,151.141174,31,0,2,0,3,0,3,0,0,0,7,110,2,4552,5151,8,5,40,1,0,0,0,0
1298438,3,2022,2022,5,1,0,1,1,294,34609,0,1,1,-33.938273,150.922248,41,0,2,0,2,0,0,0,0,0,7,50,0,1259,5151,1,5,35,2,0,0,0,0
1298443,3,2022,2022,1,5,5,8,27,202,34609,0,1,1,-33.953636,151.034177,15,0,2,1,1,0,0,0,2,0,7,40,0,941,941,1,30,5,2,0,0,0,0
1298445,3,2022,2022,1,1,5,11,1,106,35,0,1,1,-33.891297,151.188032,69,0,2,1,1,0,0,0,2,0,7,50,1,387,387,1,5,36,2,0,0,0,0
1298447,3,2022,2022,1,0,8,16,10,91,34609,0,1,9,-33.994179,150.89447,13,0,2,0,0,0,0,0,2,0,7,50,0,2585,4009,8,30,40,1,0,0,0,0
1298453,3,2022,2022,1,4,9,265,17,1,193,0,1,1,-35.321055,147.083856,51,1,0,1,3,0,3,4,0,0,7,100,2,1089,1089,7,0,40,1,0,0,0,0
1298454,3,2022,2022,5,4,7,5,31,98,34609,0,1,1,-33.011995,151.592113,37,0,2,1,3,0,0,3,2,0,7,50,0,1109,787,1,5,5,3,0,0,0,0
1298466,3,2022,2022,1,0,4,348,17,10,232,0,1,1,-32.680632,149.692789,44,1,0,0,3,0,3,4,2,0,7,100,2,4552,5151,8,10,40,1,0,0,0,0
1298467,3,2022,2022,1,0,8,23,27,20,91,0,1,1,-35.037718,149.26334,82,2,1,0,3,0,3,4,0,0,7,80,1,3775,3775,0,21,0,2,0,0,0,0
1298470,3,2022,2022,1,6,5,2209,17,35,2205,0,1,2,-34.051611,151.049954,68,0,2,1,3,0,0,0,2,0,7,80,2,14295,14295,3,29,13,3,0,0,0,0
1298473,3,2022,2021,10,6,7,2,31,36,34609,0,1,1,-35.443458,149.80481,58,2,1,1,0,0,0,0,2,0,7,50,0,945,945,5,8,40,1,0,0,0,0
1298475,3,2022,2022,5,4,5,916,17,105,917,0,1,9,-32.720037,151.537086,42,2,1,1,3,0,0,3,2,0,0,60,2,775,775,4,5,5,2,0,0,0,0
1298484,3,2022,2022,1,3,11,14,31,28,34609,0,1,9,-35.142237,147.340381,75,2,1,1,3,0,0,0,0,0,7,70,0,926,926,4,0,13,2,0,0,0,0
1298496,3,2022,2022,1,0,8,485,27,134,769,0,1,9,-33.656726,150.873921,7,0,2,0,3,0,0,0,2,2,7,80,2,14295,14295,3,8,5,2,0,0,0,0
1298503,3,2022,2022,1,6,11,265,17,10,193,0,1,1,-35.527747,147.036522,27,1,0,1,3,0,0,0,0,0,7,100,2,9859,9859,8,29,40,1,0,0,0,0
1298520,3,2022,2022,1,2,11,1,31,29,34609,0,1,1,-35.136372,147.329611,75,2,1,0,3,0,3,0,0,0,7,50,0,2585,4009,8,5,40,1,0,0,0,0
1298521,3,2022,2022,1,3,7,60,10,121,84,0,1,9,-28.187321,153.540051,72,2,1,1,3,0,0,0,2,2,7,60,1,5929,5929,1,10,5,2,0,0,0,0
1298526,3,2022,2022,1,5,3,92,31,363,34609,0,1,1,-33.75437,150.700958,55,0,2,1,3,0,0,0,1,0,7,50,0,175,188,1,5,0,2,0,0,0,0
1298530,3,2022,2022,1,6,5,2209,17,5,2205,0,1,1,-36.029323,150.095888,23,1,0,1,3,0,0,0,2,0,7,100,2,9859,9859,1,30,11,2,0,0,0,0
1298534,3,2022,2022,5,2,4,4,31,136,34609,0,1,2,-33.918735,151.076369,15,0,2,1,3,0,0,0,2,0,7,50,0,941,941,1,10,5,2,0,0,0,0
1298537,3,2022,2022,1,0,4,90,36,7,102,0,1,1,-34.584487,148.451604,30,1,0,0,3,0,3,4,2,0,7,100,2,4552,5151,8,9,40,1,0,0,0,0
1298538,3,2022,2022,1,6,8,27,27,161,9,1,0,9,-33.87909,151.159449,32,0,2,1,3,0,0,0,3,0,7,50,1,4026,4026,8,5,40,1,0,0,0,0
1298539,3,2022,2022,1,5,6,8,10,79,34609,0,1,10,-34.015759,150.746399,12,0,2,0,3,0,3,4,2,0,0,50,0,301,301,4,5,5,2,0,0,0,0
1298541,3,2022,2022,1,6,8,3,31,179,34609,0,1,1,-31.904588,152.477496,43,2,1,1,3,0,0,0,3,0,7,50,0,9859,9859,1,5,13,2,0,0,0,0
1298557,3,2022,2022,1,5,2,30,27,187,94,0,1,1,-33.880595,150.979972,15,0,2,1,2,0,0,0,1,0,7,60,1,9859,9859,8,5,40,1,0,0,0,0
1298572,3,2022,2022,1,3,11,829,27,304,34609,0,1,1,-33.914386,151.157117,32,0,2,0,0,0,0,0,0,0,7,50,0,4552,5151,1,5,12,2,0,0,0,0
1298573,3,2022,2022,1,2,0,101,10,42,33,0,1,1,-34.027348,151.163426,68,0,2,1,3,0,0,3,0,0,7,80,1,9859,9859,8,5,40,1,0,0,0,0
1298576,3,2022,2022,1,6,5,22,27,52,34609,0,1,1,-33.662439,150.720035,55,0,2,1,3,0,0,0,2,0,7,60,0,3775,3775,0,0,0,2,0,0,0,0
1298582,3,2022,2022,1,2,4,81,17,30,34609,0,1,1,-34.488943,150.335995,78,2,1,0,3,0,0,0,2,0,7,50,0,1109,787,1,0,5,2,0,0,0,0
1298583,3,2022,2022,5,3,0,13,1,54,34609,0,1,1,-33.239333,151.511076,16,2,2,0,3,0,0,0,0,0,7,50,0,1957,4009,1,0,12,2,0,0,0,0
1298588,3,2022,2022,1,6,10,95,27,106,605,0,1,2,-33.677058,151.306495,50,0,2,0,3,0,0,0,0,0,7,60,2,2585,4009,8,30,40,1,0,0,0,0
1298590,3,2022,2022,1,4,2,361,23,283,125,0,1,1,-33.832386,151.01077,21,0,2,1,3,0,0,0,1,0,7,50,1,941,941,1,5,5,2,0,0,0,0
1298591,3,2022,2022,1,0,11,63,27,103,34,0,1,9,-32.948046,151.668948,37,0,2,1,3,0,0,0,0,0,7,60,1,9859,9859,1,5,5,3,0,0,0,0
1298592,3,2022,2022,1,6,8,19,27,87,34609,0,1,1,-33.685521,150.951614,71,0,2,1,3,0,0,0,0,0,7,60,0,14295,14295,3,0,5,2,0,0,0,0
1298603,3,2022,2022,1,5,7,25,25,34,34609,0,1,9,-33.96854,151.013168,15,0,2,1,1,0,0,0,2,0,7,50,0,6545,6545,4,5,0,2,0,0,0,0
1298605,3,2022,2022,1,2,8,13,27,3,7,0,1,1,-31.034813,152.936405,34,1,0,1,3,0,0,0,3,0,7,100,1,1109,397,1,10,13,2,0,0,0,0
1298613,3,2022,2022,1,6,7,15,27,115,34609,0,1,7,-34.028982,151.076782,68,0,2,1,3,0,0,0,2,0,0,50,0,14295,14295,3,0,5,2,0,0,0,0
1298617,3,2022,2022,1,4,4,8,27,202,34609,1,2,1,-33.954968,151.03228,15,0,2,1,3,0,0,0,2,0,7,40,0,941,941,1,5,5,2,0,0,0,0
1298621,3,2022,2022,5,1,5,78,31,88,34609,1,0,1,-33.979487,151.112928,25,0,2,1,3,0,0,0,2,0,7,50,0,1981,1981,4,0,5,2,0,0,0,0
1298622,3,2022,2022,1,4,4,344,27,88,163,0,1,2,-33.73989,150.861252,7,0,2,1,3,0,0,0,2,0,7,70,2,14295,14295,3,0,36,2,0,0,0,0
1298627,3,2022,2022,1,4,3,3371,17,49,3342,0,1,10,-33.199553,151.522684,16,2,2,1,3,0,0,0,2,2,0,80,2,14295,14295,3,5,5,2,0,0,0,0
1298629,3,2022,2022,5,2,2,6,27,293,34609,0,1,1,-33.935039,151.042725,15,0,2,1,0,0,3,4,1,0,7,50,0,9859,9859,1,5,36,2,0,0,0,0
1298634,3,2022,2022,5,6,10,3,10,42,34609,0,1,1,-33.948668,150.941963,41,0,2,1,2,0,0,0,0,0,7,40,0,945,945,5,5,40,1,0,0,0,0
1298636,3,2022,2022,1,4,1,3371,17,24,3342,0,1,2,-31.544607,152.774215,56,1,0,1,0,0,0,0,0,0,7,110,2,4026,4026,8,8,40,1,0,0,0,0
1298643,3,2022,2022,1,3,8,43,22,438,25,0,1,1,-33.846375,151.027662,21,0,2,1,2,0,0,0,0,0,7,50,1,9859,9859,1,5,12,2,0,0,0,0
1298648,3,2022,2022,1,1,11,100,27,127,799,0,1,10,-33.896621,151.152415,32,0,2,1,2,0,0,0,0,2,7,60,2,1109,397,1,5,5,3,0,0,0,0
1298649,3,2022,2022,5,6,8,27,27,54,65,0,1,1,-33.693716,150.973048,71,0,2,0,2,0,0,0,0,0,7,60,1,3775,3775,0,0,5,3,0,0,0,0
1298652,3,2022,2022,1,1,4,330,23,12,39,0,1,7,-33.978666,151.244805,59,0,2,0,1,0,0,0,2,0,0,60,1,782,957,5,5,40,1,0,0,0,0
1298653,3,2022,2022,5,6,1,2261,17,204,2252,0,1,1,-33.888557,151.118584,32,0,2,0,2,0,2,2,0,0,7,60,2,1282,1282,1,33,5,2,0,0,0,0
1298660,3,2022,2022,1,2,11,387,27,253,331,0,1,1,-33.964472,151.096352,25,0,2,1,0,0,3,0,0,0,7,60,2,9859,9859,1,5,5,2,0,0,0,0
1298663,3,2022,2022,5,0,7,234,27,337,217,0,1,10,-33.743491,150.998624,71,0,2,1,0,0,0,0,2,2,7,60,2,5929,5929,1,0,25,2,0,0,0,0
1298677,3,2022,2022,5,2,7,829,27,165,770,0,1,2,-33.857666,151.160934,14,0,2,1,1,0,0,0,2,0,7,60,2,14295,14295,3,0,5,3,0,0,0,0
1298683,3,2022,2022,1,5,8,2,4,46,34609,0,1,9,-33.296826,151.411895,16,2,2,1,3,0,3,4,2,0,7,50,0,945,945,5,5,40,1,0,0,0,0
1298684,3,2022,2022,1,1,7,8,31,133,34609,0,1,1,-33.922137,151.012317,15,0,2,1,3,0,0,0,2,0,7,40,0,1981,1981,4,0,5,3,0,0,0,0
1298687,3,2022,2022,1,1,10,1,1,58,34609,0,1,1,-32.981517,151.679455,37,0,2,1,3,2,0,0,0,0,7,50,0,9859,9859,1,10,5,2,0,0,0,0
1298691,3,2022,2022,1,2,8,829,27,363,770,0,1,10,-33.808789,151.014772,54,0,2,1,3,0,0,0,3,2,7,60,2,6545,6545,4,0,5,3,0,0,0,0
1298694,3,2022,2022,1,6,8,149,10,136,702,0,1,2,-33.867069,151.06471,67,0,2,1,3,0,0,0,0,0,7,80,2,14295,14295,3,5,5,3,0,0,0,0
1298696,3,2022,2022,1,5,5,2261,17,140,2252,0,1,9,-33.897406,150.993103,15,0,2,1,3,0,0,0,2,0,7,70,2,84,84,8,29,40,1,0,0,0,0
1298701,3,2022,2022,1,4,6,1,10,20,34609,0,1,1,-33.935594,150.846997,41,0,2,1,3,0,0,0,2,0,7,50,0,5929,5929,1,5,5,2,0,0,0,0
1298707,3,2022,2022,1,1,8,8,10,86,34609,0,1,1,-33.741385,150.91781,7,0,2,1,3,0,0,0,3,0,7,50,0,1383,1383,1,9,25,2,0,0,0,0
1298713,3,2022,2022,1,0,0,35,27,109,96,0,1,1,-33.895695,151.138441,32,0,2,0,2,0,0,0,0,0,7,50,2,1957,4009,1,0,0,3,0,0,0,0
1298717,3,2022,2022,1,5,5,85,27,53,145,0,1,2,-33.798881,151.051379,54,0,2,1,3,0,0,0,2,0,15,70,2,1981,1981,4,5,13,2,0,0,0,0
1298722,3,2022,2022,1,3,2,481,17,155,483,0,1,1,-33.145372,148.170545,53,2,1,1,2,0,3,4,1,0,7,50,2,9859,9859,8,5,40,1,0,0,0,0
1298725,3,2022,2022,1,4,8,65,27,11,34609,0,1,1,-35.388226,150.44482,63,2,1,0,1,0,0,0,2,0,7,40,0,2585,4009,1,9,3,2,0,0,0,0
1298728,3,2022,2022,8,0,11,1,31,38,34609,0,1,1,-32.805861,151.452581,17,2,1,0,2,0,3,0,0,0,7,50,0,4552,5151,1,5,5,2,0,0,0,0
1298731,3,2022,2022,1,6,2,5,27,70,34609,0,1,1,-34.556551,150.312842,78,1,0,1,0,0,0,0,0,0,7,90,0,1089,1089,7,5,40,1,0,0,0,0
1298733,3,2022,2022,8,2,0,16,27,271,34609,0,1,1,-33.946491,151.020666,15,0,2,1,2,0,3,4,0,0,7,50,0,9859,9859,1,5,5,2,0,0,0,0
1298734,3,2022,2022,6,3,9,178,31,143,34609,0,1,7,-33.878635,151.101341,9,0,2,1,2,0,3,4,0,0,0,50,0,217,217,1,9,5,2,0,0,0,0
1298735,3,2022,2022,5,1,9,12,10,26,34609,0,1,1,-33.276277,151.563756,16,2,2,1,2,0,0,0,0,0,7,50,0,9859,9859,1,9,5,2,0,0,0,0
1298739,3,2022,2022,6,5,5,2,31,138,34609,0,1,1,-33.872095,151.277423,76,0,2,1,3,0,0,0,2,0,7,50,0,220,220,8,5,40,1,0,0,0,0
1298742,3,2022,2022,5,3,10,95,27,106,605,0,1,9,-33.673845,151.310968,50,0,2,0,2,0,0,0,0,2,7,60,2,1259,5151,8,0,40,1,0,0,0,0
1298748,3,2022,2022,5,2,6,39,31,246,99,0,1,9,-33.902844,151.195861,69,0,2,1,1,0,0,0,2,2,7,50,2,14295,14295,3,5,5,2,0,0,0,0
1298763,3,2022,2022,1,4,3,39,27,6,29,0,1,1,-32.402453,149.697633,44,1,0,1,0,2,0,0,1,0,7,100,1,4026,4026,8,5,40,1,0,0,0,0
1298770,3,2022,2022,1,2,10,162,31,387,34609,0,1,1,-33.929219,151.19148,4,0,2,1,2,0,0,0,0,0,7,50,0,9859,9859,1,33,5,2,0,0,0,0
1298779,3,2022,2022,1,5,4,55,27,110,9,0,1,7,-33.739839,151.047774,31,0,2,1,1,0,0,0,2,0,0,60,1,1391,1391,1,33,5,2,0,0,0,0
1298780,3,2022,2022,1,5,6,8,31,271,34609,0,1,1,-33.933735,150.999394,15,0,2,1,1,0,0,0,2,0,7,60,0,237,397,1,5,5,2,0,0,0,0
1298798,3,2022,2022,1,2,2,225,17,76,180,0,1,1,-34.553705,150.363722,78,2,1,1,0,0,3,4,0,0,7,50,2,9859,9859,1,8,5,4,0,0,0,0
1298802,3,2022,2022,1,0,10,23,27,61,91,0,1,1,-35.22263,149.269632,58,1,0,1,3,0,0,0,0,0,7,100,2,9859,9859,8,0,40,1,0,0,0,0
1298805,3,2022,2022,1,5,11,1,1,363,34609,0,1,9,-33.818367,151.005314,54,0,2,1,3,0,0,0,0,2,7,40,0,9859,9859,8,5,40,1,0,0,0,0
1298812,3,2022,2022,1,1,2,1104,14,460,962,0,1,3,-33.826712,150.993159,21,0,2,1,3,0,0,0,0,0,7,90,2,14295,14295,3,5,10,2,0,0,0,0
1298813,3,2022,2022,1,3,2,73,31,44,34609,0,1,1,-33.75937,150.624158,8,2,2,1,3,0,0,0,0,0,7,50,0,4026,4026,1,5,5,2,0,0,0,0
1298816,3,2022,2022,1,5,9,74,27,609,163,0,1,7,-33.777341,150.907503,7,0,2,0,3,0,3,4,0,0,0,60,2,5929,5929,1,0,5,2,0,0,0,0
1298818,3,2022,2022,1,6,9,118,17,8,118,0,1,1,-30.472373,149.893118,51,1,0,1,3,0,0,0,3,0,7,100,2,1089,1089,7,5,40,1,0,0,0,0
1298819,3,2022,2022,1,0,8,1,1,65,34609,0,1,9,-36.039263,146.97858,0,2,1,0,3,0,3,4,0,0,0,50,0,4552,5151,8,5,40,1,0,0,0,0
1298820,3,2022,2022,1,0,7,2,31,10,34609,0,1,10,-35.359833,145.73872,51,2,1,1,3,0,0,0,2,0,0,50,0,6545,6545,4,10,13,2,0,0,0,0
1298823,3,2022,2022,1,3,2,18,27,253,7,0,1,1,-33.953355,151.088691,25,0,2,1,3,0,0,0,0,0,7,50,1,4026,4026,1,5,0,2,0,0,0,0
1298843,3,2022,2022,1,3,0,8,31,53,66,0,1,1,-31.868287,152.369495,43,2,1,1,2,0,0,0,0,0,7,50,1,9859,9859,1,10,12,5,0,0,0,0
1298847,3,2022,2022,1,1,10,361,23,273,34609,0,1,9,-34.424511,150.88908,80,0,2,1,2,0,0,0,0,0,7,50,0,623,623,3,33,0,2,0,0,0,0
1298858,3,2022,2022,1,5,10,334,17,56,308,0,1,1,-31.457929,152.728648,56,2,1,1,2,0,3,3,0,0,7,50,2,4026,4026,1,5,0,2,0,0,0,0
1298860,3,2022,2022,1,2,11,162,31,172,34609,0,1,10,-32.748915,151.588083,42,2,1,1,2,0,3,3,0,0,0,50,0,14295,14295,3,5,25,2,0,0,0,0
1298865,3,2022,2022,5,0,8,2,31,107,34609,0,1,1,-33.267034,151.446105,16,2,2,1,1,0,3,3,2,0,7,50,0,9859,9859,1,10,5,2,0,0,0,0
1298880,3,2022,2022,1,0,3,158,27,46,207,0,1,10,-33.879055,151.237598,81,0,2,1,1,0,0,0,2,2,7,60,2,395,395,1,0,40,2,0,0,0,0
1298886,3,2022,2022,1,1,7,1104,14,104,962,0,1,3,-33.833478,151.02465,54,0,2,1,3,0,0,0,2,0,7,90,2,1391,1391,1,5,0,2,0,0,0,0
1298892,3,2022,2022,1,2,6,2261,17,41,2252,0,1,2,-35.057401,148.095012,20,2,1,0,3,0,3,6,2,0,7,80,2,2585,4009,8,30,40,1,0,0,0,0
1298893,3,2022,2022,1,0,4,44,31,136,34609,0,1,1,-33.926491,151.079544,15,0,2,1,3,0,0,3,2,0,7,50,0,186,186,1,10,5,2,0,0,0,0
1298894,3,2022,2022,1,4,4,55,27,112,70,0,1,9,-33.71808,151.029695,31,0,2,1,3,0,0,3,2,0,7,60,2,945,945,5,5,40,1,0,0,0,0
1298895,3,2022,2022,1,0,4,16,31,246,12,0,1,10,-33.904073,151.2011,69,0,2,1,3,0,0,0,2,2,7,50,1,5929,5929,1,10,5,2,0,0,0,0
1298897,3,2022,2022,1,4,9,2209,17,29,2205,0,1,2,-36.959481,149.872817,5,1,0,0,3,0,3,3,3,0,7,100,2,2585,4009,8,0,40,1,0,0,0,0
1298899,3,2022,2022,1,2,9,15,10,69,34609,0,1,10,-33.772915,150.967556,71,0,2,1,3,0,0,0,3,2,7,50,0,5929,5929,1,5,5,2,0,0,0,0
1298901,3,2022,2022,1,0,7,91,27,161,187,0,1,10,-33.874916,151.160799,32,0,2,1,3,0,0,3,2,2,7,70,2,14295,14295,3,5,0,2,0,0,0,0
1298903,3,2022,2022,1,6,7,98,27,87,799,0,1,9,-33.928877,150.977635,41,0,2,1,3,0,0,0,2,0,7,70,2,14295,14295,3,10,0,4,0,0,0,0
1298904,3,2022,2022,1,0,4,220,27,104,222,0,1,10,-33.725355,150.939898,7,0,2,1,3,0,3,3,2,2,7,80,2,1669,1669,3,8,25,2,0,0,0,0
1298906,3,2022,2022,1,2,5,11,1,73,34609,0,1,1,-35.140669,147.37728,75,2,1,1,3,0,3,0,2,0,7,50,0,4552,985,8,5,40,1,0,0,0,0
1298907,3,2022,2022,1,1,4,2,27,194,34609,0,1,9,-30.476646,151.735033,1,1,0,1,3,0,0,0,2,0,0,100,0,926,926,4,10,0,2,0,0,0,0
1298908,3,2022,2022,1,5,8,191,27,33,208,1,0,9,-33.797502,151.094576,61,0,2,1,3,0,3,4,3,2,7,60,2,775,775,4,5,0,2,0,0,0,0
1298909,3,2022,2022,1,0,3,68,27,175,208,0,1,9,-33.770969,151.081141,54,0,2,1,3,0,0,0,2,3,7,60,2,1192,1192,1,0,0,2,0,0,0,0
1298914,3,2022,2022,8,5,10,387,27,115,34609,0,1,1,-33.963664,151.056911,25,0,2,1,2,0,0,0,0,0,7,50,0,9859,9859,1,5,13,3,0,0,0,0
1298915,3,2022,2022,1,1,3,4,27,46,34609,0,1,1,-35.160831,147.423808,75,1,0,1,0,0,0,1,2,0,7,100,0,3775,3775,0,10,13,2,0,0,0,0
1298917,3,2022,2022,1,0,7,20,27,40,20,0,1,1,-34.987972,150.593283,63,1,0,1,3,0,3,4,2,0,7,90,1,14295,14295,3,5,5,4,0,0,0,0
1298918,3,2022,2022,1,4,8,296,27,290,293,1,0,9,-33.848629,150.997222,21,0,2,1,3,0,3,4,2,0,7,70,2,515,515,1,5,0,3,0,0,0,0
1298919,3,2022,2022,8,5,6,42,31,150,34609,0,1,10,-33.920152,151.231748,59,0,2,1,0,0,3,4,2,0,7,50,0,9859,9859,1,9,5,3,0,0,0,0
1298921,3,2022,2022,1,1,3,3371,17,137,3342,0,1,9,-32.969658,151.691928,37,0,2,0,3,0,0,0,1,2,7,60,2,6545,6545,4,0,0,2,0,0,0,0
1298925,3,2022,2022,6,3,0,27,31,68,34609,0,1,9,-34.084006,151.000104,68,0,2,1,2,0,0,0,0,0,7,50,0,9859,9859,1,5,5,2,0,0,0,0
1298933,3,2022,2022,1,4,3,3371,17,121,3342,0,1,2,-28.206814,153.542359,72,1,0,0,3,0,0,0,1,0,7,100,2,14295,14295,3,5,36,4,0,0,0,0
1298936,3,2022,2022,8,1,9,916,17,104,917,0,1,9,-32.824755,151.683818,48,0,2,1,0,0,0,0,3,2,7,80,2,395,395,1,29,5,2,0,0,0,0
1298940,3,2022,2022,1,6,6,7,27,19,34609,1,0,9,-34.087842,150.828941,13,0,2,1,3,0,0,0,2,0,0,50,0,5929,5929,1,5,25,2,0,0,0,0
1298941,3,2022,2022,1,3,7,916,17,22,917,0,1,2,-32.77355,151.60837,42,2,1,1,3,0,0,0,2,0,7,80,2,14295,14295,3,5,5,3,0,0,0,0
1298943,3,2022,2022,1,1,11,70,27,26,100,0,1,9,-33.682163,150.593633,8,2,2,0,3,0,3,4,0,0,0,60,2,4552,5151,8,5,40,1,0,0,0,0
1298945,3,2022,2022,1,6,9,3371,17,12,3342,0,1,9,-33.049034,151.655088,37,0,2,0,3,0,0,0,0,2,7,60,2,14295,14295,3,5,5,2,0,0,0,0
1298947,3,2022,2022,1,3,10,346,17,47,332,0,1,1,-28.8548,153.458416,2,1,0,1,3,0,0,0,0,0,7,100,2,1192,1192,1,0,13,2,0,0,0,0
1298948,3,2022,2022,1,2,4,1,27,21,34609,0,1,1,-32.425576,151.779738,51,2,1,0,3,0,0,0,2,0,7,80,0,4552,5151,8,0,40,1,0,0,0,0
1298949,3,2022,2022,1,3,6,2209,17,79,2205,0,1,2,-34.91942,150.603924,63,2,1,1,3,0,0,0,2,0,7,70,2,475,475,5,5,40,1,0,0,0,0
1298954,3,2022,2022,1,5,3,95,27,42,605,0,1,10,-33.662535,151.316091,50,0,2,1,3,0,0,0,2,2,7,60,2,5929,5929,1,5,13,2,0,0,0,0
1298956,3,2022,2022,1,5,9,6,31,523,34609,0,1,1,-33.929478,150.915251,41,0,2,1,2,0,0,0,0,0,7,50,0,4026,4026,1,5,5,2,0,0,0,0
1298957,3,2022,2022,1,4,6,2261,17,20,2252,0,1,2,-35.447889,147.612377,75,1,0,1,3,0,3,4,2,0,7,110,2,9859,9859,8,5,40,1,0,0,0,0
1298958,3,2022,2022,1,5,3,1104,14,323,962,0,1,3,-33.79872,150.857474,7,0,2,1,3,0,0,0,1,0,7,100,2,14295,14295,3,5,36,2,0,0,0,0
1298961,3,2022,2022,1,3,8,3371,17,24,3342,1,0,10,-33.710416,151.102859,31,0,2,1,3,0,0,0,2,2,7,60,2,6545,6545,4,0,0,2,0,0,0,0
1298963,3,2022,2022,1,3,8,6,31,37,34609,0,1,1,-32.669287,151.391665,17,1,0,0,3,0,0,0,2,0,7,100,0,782,957,5,10,40,1,0,0,0,0
1298964,3,2022,2022,1,5,10,3,31,201,34609,0,1,1,-34.876277,150.605212,63,2,1,1,3,0,0,3,0,0,7,50,0,3775,3775,0,9,0,2,0,0,0,0
1298965,3,2022,2022,1,5,11,62,10,55,169,0,1,1,-32.830736,151.523786,17,1,0,0,3,0,3,4,0,0,7,90,2,404,404,8,21,40,1,0,0,0,0
1298966,3,2022,2022,1,3,1,53,36,18,95,0,1,1,-33.248972,148.978631,11,1,0,0,3,0,3,1,0,0,7,100,2,782,957,5,5,40,1,0,0,0,0
1298972,3,2022,2022,8,1,7,294,31,314,34609,0,1,6,-33.844674,150.955915,21,0,2,0,1,0,0,3,2,0,9,60,0,591,591,1,10,5,2,0,0,0,0
1298978,3,2022,2022,1,3,6,3,27,136,34609,0,1,1,-33.866404,151.068445,67,0,2,1,0,0,0,0,2,0,7,50,0,9859,9859,1,5,12,3,0,0,0,0
1298983,3,2022,2022,1,3,4,64,27,175,284,0,1,10,-33.773143,151.070973,54,0,2,1,1,0,0,0,2,2,7,60,2,5929,5929,1,0,5,3,0,0,0,0
1298996,3,2022,2022,1,3,10,10,31,149,34609,0,1,1,-33.821808,150.976811,21,0,2,1,2,0,0,6,0,0,7,50,0,9859,9859,1,5,13,3,0,0,0,0
1298997,3,2022,2022,5,6,9,53,31,67,125,0,1,10,-33.883709,151.006729,15,0,2,1,2,0,3,4,0,2,7,60,1,5929,5929,1,0,0,2,0,0,0,0
1299001,3,2022,2022,1,3,7,280,10,46,240,0,1,9,-33.882465,150.967397,24,0,2,1,1,0,0,0,2,2,7,60,2,5929,5929,1,5,5,2,0,0,0,0