Crash ID,Degree of crash - detailed,Reporting year,Year of crash,Month of crash,Day of week of crash,Two-hour intervals,Street of crash,Street type,Town,Route no.,School zone location,School zone active,Type of location,Latitude,Longitude,LGA,Urbanisation,Conurbation 1,Alignment,Street lighting,Road surface,Surface condition,Weather,Natural lighting,Signals operation,Other traffic control,Speed limit,Road classification,RUM - code,DCA - code,First impact type,Key TU type,Other TU type,No. of traffic units involved,No. killed,No. seriously injured,No. moderately injured,No. minor-other injured
1299005,3,2022,2022,6,4,0,1,6,23,34609,0,1,9,-32.999292,151.648189,37,0,2,0,2,0,0,0,0,0,7,50,0,4552,5151,8,10,40,1,0,0,0,0
1299029,3,2021,2021,3,5,3,17,10,219,34609,0,1,9,-32.889647,151.66334,48,0,2,1,1,0,0,3,2,2,7,60,0,5929,5929,1,0,13,2,0,0,0,0
1299030,3,2021,2021,9,1,8,205,27,161,415,0,1,10,-33.727898,151.164528,36,0,2,1,1,0,0,0,3,2,7,60,2,204,204,1,5,36,4,0,0,0,0
1299037,3,2022,2022,1,1,5,2,1,278,34609,0,1,9,-33.763389,151.043264,54,0,2,1,3,0,0,0,2,0,7,50,0,9859,9859,1,5,0,4,0,0,0,0
1299038,3,2022,2022,8,5,4,251,27,62,212,0,1,10,-33.752501,151.252909,50,0,2,1,1,0,3,3,2,1,7,70,2,1192,1192,1,9,12,2,0,0,0,0
1299044,3,2022,2022,1,5,2,232,36,252,331,0,1,2,-33.954774,150.863776,41,0,2,1,2,0,0,3,1,0,7,70,2,14295,14295,3,9,0,4,0,0,0,0
1299045,3,2022,2022,5,2,9,213,17,11,213,0,1,1,-29.769892,151.46885,33,1,0,0,0,0,0,0,0,0,7,100,2,1089,1089,7,5,40,1,0,0,0,0
1299048,3,2022,2022,1,5,8,20,23,252,16,0,1,1,-33.930036,150.887664,41,0,2,1,2,0,0,0,3,0,7,60,0,1981,1981,4,5,5,2,0,0,0,0
1299059,3,2022,2022,1,6,8,57,27,172,126,0,1,9,-32.751127,151.599058,42,2,1,1,3,0,0,0,3,0,0,50,2,14295,14295,3,0,5,3,0,0,0,0
1299062,3,2022,2022,1,5,7,213,17,6,213,0,1,1,-29.694935,151.843848,51,1,0,0,3,0,3,4,2,0,7,100,2,1259,5151,8,5,40,1,0,0,0,0
1299063,3,2022,2022,1,1,9,127,27,59,103,0,1,9,-32.886921,151.720945,48,0,2,0,3,0,0,0,0,2,7,60,2,5929,5929,1,5,13,3,0,0,0,0
1299064,3,2022,2022,1,5,4,2126,17,363,2149,0,1,10,-33.820282,151.003827,54,0,2,1,3,0,0,0,2,2,7,60,2,1957,777,8,5,40,1,0,0,0,0
1299066,3,2022,2022,1,3,9,283,27,197,702,1,0,10,-33.952614,151.083519,25,0,2,1,3,0,0,0,0,2,7,60,2,1282,1282,1,29,5,2,0,0,0,0
1299069,3,2022,2022,1,3,2,1,10,154,34609,0,1,1,-33.699348,150.971082,71,0,2,1,3,0,0,1,1,0,7,50,0,3775,3775,0,0,0,2,0,0,0,0
1299078,3,2022,2022,1,5,7,106,27,76,106,0,1,2,-33.924685,150.849016,41,0,2,1,3,0,3,4,2,0,7,70,2,14295,14295,3,9,5,2,0,0,0,0
1299088,3,2022,2022,1,1,5,2209,17,74,2205,0,1,2,-34.443226,150.855169,80,0,2,0,0,0,0,0,2,0,7,60,2,1957,4009,8,5,40,1,0,0,0,0
1299090,3,2022,2022,1,3,1,27,1,25,148,1,0,1,-34.137372,150.995419,68,0,2,0,2,0,0,0,0,0,7,60,2,2585,4009,8,5,40,1,0,0,0,0
1299091,3,2022,2022,1,6,9,293,31,562,34609,0,1,1,-32.252653,148.600343,22,2,1,0,2,0,0,0,0,0,7,50,0,941,941,1,5,36,3,0,0,0,0
1299100,3,2022,2022,3,2,8,19,27,48,34609,0,1,1,-29.055682,151.91797,51,2,1,0,1,2,0,0,2,0,7,60,0,1850,1463,5,10,40,1,0,0,0,0
1299115,3,2022,2022,1,2,0,8,27,370,34609,1,0,1,-34.071999,150.83044,13,0,2,1,3,0,0,0,0,0,7,50,0,9859,9859,8,5,40,1,0,0,0,0
1299121,3,2022,2022,1,1,7,30,31,283,34609,0,1,1,-33.836667,151.011527,21,0,2,1,3,0,3,4,2,0,7,50,0,14295,14295,3,9,19,3,0,0,0,0
1299122,3,2022,2022,1,0,8,72,31,204,62,0,1,1,-33.934368,151.152764,4,0,2,1,3,0,0,0,2,0,7,60,1,1981,1981,4,5,5,2,0,0,0,0
1299124,3,2022,2022,1,3,7,334,17,22,308,0,1,1,-31.2909,151.978382,51,1,0,0,3,0,0,0,2,0,7,110,2,1089,1089,7,10,40,1,0,0,0,0
1299127,3,2022,2022,1,0,4,50,27,57,799,0,1,10,-33.899492,151.170934,32,0,2,1,3,0,0,0,2,2,15,60,2,1192,1192,1,8,5,2,0,0,0,0
1299128,3,2022,2022,1,6,8,5,31,131,34609,0,1,9,-36.074501,146.919365,0,2,1,1,3,0,0,0,3,0,0,50,0,2852,2852,4,5,5,2,0,0,0,0
1299132,3,2022,2022,1,6,10,512,27,246,34609,0,1,1,-33.905063,151.18939,69,0,2,1,2,0,0,0,0,0,7,50,0,9859,9859,1,5,5,3,0,0,0,0
1299137,3,2022,2022,11,0,9,163,27,23,165,0,1,9,-33.731194,150.802713,7,0,2,1,3,0,0,0,0,0,0,60,1,2852,2852,4,5,5,2,0,0,0,0
1299171,3,2022,2022,1,5,10,24,27,57,36,0,1,1,-33.58276,150.950813,71,0,2,0,0,0,3,4,0,0,7,80,1,1957,4009,8,34,40,1,0,0,0,0
1299174,3,2022,2022,1,1,4,103,36,3,103,0,1,1,-32.22093,151.937126,43,2,1,1,3,0,2,6,2,0,7,60,1,9859,9859,1,5,5,2,0,0,0,0
1299191,3,2022,2022,5,6,10,3,27,155,34609,0,1,1,-33.500414,151.326267,16,2,2,1,2,0,3,4,0,0,7,60,0,9859,9859,1,5,5,4,0,0,0,0
1299198,3,2022,2022,5,2,8,2126,17,73,2149,0,1,2,-33.888269,151.162802,32,0,2,1,2,0,0,0,3,0,7,60,2,14295,14295,3,5,0,2,0,0,0,0
1299207,3,2022,2022,8,3,9,85,10,167,702,0,1,9,-33.856531,151.070985,54,0,2,0,0,0,0,0,0,3,7,80,2,4552,5151,8,21,40,1,0,0,0,0
1299208,3,2022,2022,5,2,9,60,27,77,44,0,1,10,-33.87233,150.936996,24,0,2,1,3,0,0,0,0,2,7,50,1,5929,5929,1,5,0,2,0,0,0,0
1299212,3,2022,2022,1,1,3,44,27,304,21,0,1,9,-33.90368,151.167162,32,0,2,1,1,0,0,0,2,0,0,50,1,9859,9859,1,9,5,2,0,0,0,0
1299215,3,2022,2022,1,2,10,168,17,42,212,0,1,7,-35.348221,149.245302,58,2,1,1,3,0,0,0,4,0,0,60,2,6545,6545,4,5,13,2,0,0,0,0
1299216,3,2022,2022,1,4,4,193,27,78,34609,0,1,1,-33.7103,150.577457,8,2,2,1,3,0,0,0,2,0,7,50,0,1981,1981,4,30,0,2,0,0,0,0
1299222,3,2022,2022,1,4,7,2,27,2,34609,0,1,1,-28.902932,153.381228,2,1,0,1,3,0,0,0,2,0,7,100,0,9859,9859,8,0,40,1,0,0,0,0
1299224,3,2022,2022,1,6,4,193,27,87,34609,0,1,7,-34.489126,150.430675,78,2,1,1,3,0,0,0,2,0,0,50,0,6545,6545,4,0,5,2,0,0,0,0
1299231,3,2022,2022,1,4,10,361,23,176,165,0,1,9,-33.965921,151.131238,25,0,2,1,3,0,3,4,0,2,7,50,1,1391,1391,1,5,0,2,0,0,0,0
1299232,3,2022,2022,5,3,6,143,31,123,181,0,1,2,-33.882134,151.219968,81,0,2,1,3,0,0,0,2,0,7,50,2,1282,1282,1,5,22,2,0,0,0,0
1299246,3,2022,2022,1,2,0,10,27,84,34609,0,1,1,-31.110453,150.890254,70,2,1,1,2,0,0,0,0,0,7,40,0,9859,9859,8,5,40,1,0,0,0,0
1299250,3,2022,2022,1,2,10,11,27,147,34609,0,1,1,-33.739844,151.141845,36,0,2,1,2,0,0,0,0,0,7,50,0,9859,9859,1,9,12,3,0,0,0,0
1299257,3,2022,2022,5,5,9,13,1,91,34609,0,1,9,-32.799334,151.645374,48,0,2,1,3,0,0,3,0,0,7,50,0,9859,9859,1,5,5,3,0,0,0,0
1299276,3,2022,2022,1,0,1,137,31,65,18,0,1,2,-32.927222,151.769725,48,0,2,1,2,0,3,3,0,0,7,40,2,9859,9859,1,0,5,3,0,0,0,0
1299278,3,2022,2022,5,2,9,2,27,65,34609,0,1,9,-33.391014,151.386734,16,2,2,1,2,0,0,1,0,0,15,60,0,6545,6545,4,10,5,2,0,0,0,0
1299280,3,2022,2022,8,3,11,1,31,463,34609,0,1,1,-30.303369,153.133178,19,2,1,0,2,0,0,0,0,0,7,50,0,418,714,5,0,40,1,0,0,0,0
1299285,3,2022,2022,1,5,7,4,27,8,4,0,1,1,-33.288959,146.624405,51,1,0,1,3,0,0,0,2,0,7,100,1,475,475,5,10,40,1,0,0,0,0
1299286,3,2022,2022,1,2,0,6,27,232,34609,1,0,7,-33.685299,150.910245,7,0,2,1,3,0,3,4,0,0,0,60,0,4552,985,8,10,40,1,0,0,0,0
1299289,3,2022,2022,1,1,4,512,17,562,441,0,1,1,-32.206591,148.542607,22,1,0,1,0,0,0,0,2,0,7,110,2,1669,1669,3,29,22,2,0,0,0,0
1299290,3,2022,2022,1,1,11,125,31,273,34609,0,1,1,-34.42455,150.889348,80,0,2,1,2,0,0,0,0,0,7,50,0,9859,9859,1,33,0,2,0,0,0,0
1299295,3,2022,2022,11,0,8,866,17,204,793,0,1,2,-33.899861,150.918979,24,0,2,1,3,0,3,3,3,0,7,70,2,14295,14295,3,0,0,2,0,0,0,0
1299334,3,2022,2022,1,2,3,5,10,86,34609,0,1,9,-33.751672,150.936752,7,0,2,0,1,0,0,0,2,0,7,50,0,4552,5151,1,10,0,3,0,0,0,0
1299345,3,2022,2022,5,5,3,40,31,219,262,0,1,2,-32.906845,151.669188,48,0,2,1,2,0,3,4,1,0,7,60,2,1981,1981,4,34,0,2,0,0,0,0
1299362,3,2022,2022,6,0,5,14,27,85,34609,0,1,1,-33.900602,150.857519,41,0,2,1,0,0,0,0,2,0,7,50,0,1981,1981,4,10,5,2,0,0,0,0
1299363,3,2022,2022,1,2,8,16,31,246,321,0,1,10,-33.896921,151.198304,69,0,2,1,3,0,0,0,3,2,7,50,2,5929,5929,1,0,5,2,0,0,0,0
1299365,3,2022,2022,1,2,10,71,17,43,71,0,1,10,-36.106332,144.751829,51,2,1,1,3,0,0,0,0,2,7,50,2,5929,5929,1,34,13,2,0,0,0,0
1299367,3,2022,2022,1,6,3,191,17,562,189,0,1,1,-32.243023,148.618054,22,2,1,1,1,0,0,0,2,0,11,60,2,9859,9859,8,5,40,1,0,0,0,0
1299375,3,2022,2022,1,1,7,2,31,21,34609,0,1,10,-31.56359,147.194427,51,2,1,1,3,0,3,3,2,0,0,50,0,6545,6545,4,10,0,2,0,0,0,0
1299381,3,2022,2022,1,5,3,1,25,28,34609,0,1,9,-34.091918,150.798961,13,0,2,1,1,0,0,0,2,0,7,60,0,237,162,8,30,40,1,0,0,0,0
1299385,3,2022,2022,1,4,5,45,27,110,45,0,1,1,-33.744715,151.048138,31,0,2,0,3,0,0,0,2,0,7,60,2,404,404,8,0,40,2,0,0,0,0
1299386,3,2022,2022,1,6,5,2,1,76,34609,0,1,9,-33.922222,150.868576,41,0,2,1,3,0,0,0,2,0,0,50,0,2852,2852,4,16,5,2,0,0,0,0
1299388,3,2022,2022,1,3,8,89,17,95,34609,0,1,1,-34.386304,150.894379,80,0,2,1,3,0,0,0,3,0,7,60,0,14295,14295,3,0,5,2,0,0,0,0
1299396,3,2022,2022,1,6,8,39,22,65,34609,0,1,1,-33.394541,151.403175,16,1,2,0,3,0,3,4,2,0,7,100,0,4552,5151,8,0,40,1,0,0,0,0
1299397,3,2022,2022,11,4,6,3371,17,39,3342,0,1,2,-29.766884,153.039199,18,1,0,1,3,0,0,0,2,0,7,110,2,1945,1945,5,10,40,1,0,0,0,0
1299400,3,2022,2022,1,6,4,3371,17,225,3342,0,1,10,-33.796098,151.177998,77,0,2,1,3,0,0,0,2,2,7,60,2,3775,3775,0,5,5,2,0,0,0,0
1299407,3,2022,2022,1,3,7,6,27,41,99,0,1,2,-33.907051,151.182024,69,0,2,1,3,0,0,0,2,0,9,50,2,1383,1383,1,0,0,2,0,0,0,0
1299408,3,2022,2022,5,4,11,1,23,143,34609,0,1,1,-33.699377,151.107207,31,0,2,1,2,0,0,0,0,0,7,60,0,9859,9859,1,5,0,2,0,0,0,0
1299409,3,2022,2022,1,3,2,220,27,323,222,0,1,1,-33.767499,150.958797,71,0,2,1,2,0,0,1,0,0,7,80,2,9859,9859,8,10,40,1,0,0,0,0
1299425,3,2022,2022,6,5,6,348,17,11,232,0,1,1,-32.746165,149.757037,44,1,0,1,0,0,3,0,2,0,7,100,2,4026,4026,8,5,40,1,0,0,0,0
1299428,3,2022,2022,5,0,3,23,14,532,22,0,1,3,-33.862387,151.21388,69,0,2,0,3,0,0,0,2,0,7,70,2,1259,5151,8,5,40,1,0,0,0,0
1299451,3,2022,2022,5,0,6,2,1,104,34609,0,1,1,-33.792556,150.78348,55,0,2,0,1,0,3,3,2,0,7,50,0,3775,3775,0,5,0,2,0,0,0,0
1299454,3,2022,2022,5,4,8,24,27,5,103,1,0,1,-28.663698,153.21971,39,2,1,0,3,0,0,0,0,0,7,80,1,1089,1089,7,0,40,1,0,0,0,0
1299464,3,2022,2022,1,5,0,44,1,126,34609,0,1,1,-33.944386,150.809801,41,0,2,1,3,0,0,0,0,0,7,60,0,9859,9859,8,0,40,1,0,0,0,0
1299465,3,2022,2022,11,4,7,19,27,42,34609,0,1,7,-33.688098,150.937892,71,0,2,1,3,0,0,0,2,0,0,60,0,6545,6545,4,0,13,2,0,0,0,0
1299471,3,2022,2022,1,1,2,15,27,11,34609,0,1,1,-28.232603,153.478721,72,2,1,0,3,0,0,0,0,0,7,80,0,1957,4009,8,5,40,1,0,0,0,0
1299472,3,2022,2022,1,1,5,16,36,9,19,0,1,9,-32.958414,147.727619,53,1,0,1,3,0,3,4,2,0,0,100,1,489,489,5,8,40,1,0,0,0,0
1299477,3,2022,2022,1,3,4,1,1,34,34609,0,1,1,-35.00461,149.042356,82,1,0,1,3,0,3,4,2,0,7,100,0,1089,1089,7,10,40,1,0,0,0,0
1299478,3,2022,2022,1,0,11,1052,14,83,928,0,1,3,-33.496605,151.187434,16,1,2,1,3,0,0,0,0,0,7,100,2,14295,14295,3,5,10,2,0,0,0,0
1299487,3,2022,2022,5,3,8,8,1,43,34609,0,1,1,-33.21476,151.513278,16,2,2,1,3,0,0,0,0,0,7,60,0,14295,14295,3,5,5,2,0,0,0,0
1299490,3,2022,2022,1,6,3,84,27,252,31,1,0,2,-33.943814,150.878909,41,0,2,1,3,0,0,0,2,0,7,60,1,14295,14295,3,30,0,3,0,0,0,0
1299503,3,2022,2022,5,2,10,2261,17,284,2252,0,1,2,-33.908443,151.029991,15,0,2,0,2,0,3,0,0,0,7,60,2,1957,4009,8,5,40,1,0,0,0,0
1299507,3,2022,2022,1,3,2,3371,17,119,3342,0,1,2,-32.745113,151.771964,57,1,0,1,3,0,0,0,4,0,7,110,2,9859,9859,8,0,40,1,0,0,0,0
1299510,3,2022,2022,1,5,10,1,27,84,34609,0,1,9,-33.463764,151.384323,16,2,2,1,2,0,0,0,0,0,7,50,0,1850,777,5,10,40,1,0,0,0,0
1299514,3,2022,2022,1,0,4,168,10,387,260,0,1,2,-33.946044,151.180324,4,0,2,1,1,0,0,0,2,0,7,70,2,1282,1282,1,8,13,2,0,0,0,0
1299516,3,2022,2022,1,5,8,98,27,40,34609,0,1,1,-34.023744,151.126789,68,0,2,1,3,0,3,4,2,0,7,50,0,4026,4026,1,5,13,3,0,0,0,0
1299518,3,2022,2022,1,3,8,2,1,165,78,0,1,9,-33.856421,151.146268,14,0,2,1,1,0,0,0,2,0,7,50,2,4552,985,1,5,0,2,0,0,0,0
1299524,3,2022,2022,1,6,11,92,27,129,244,0,1,1,-33.894252,151.112866,32,0,2,1,3,0,0,0,0,0,7,60,2,14295,14295,3,16,5,2,0,0,0,0
1299530,3,2022,2022,1,2,4,20,27,112,34609,0,1,1,-33.910712,151.20632,69,0,2,0,3,0,3,4,2,2,9,50,0,380,714,5,5,40,1,0,0,0,0
1299531,3,2022,2022,1,3,5,1,31,23,34609,0,1,10,-32.880704,151.636959,48,0,2,1,3,0,0,0,2,0,0,50,0,1109,397,1,10,0,2,0,0,0,0
1299533,3,2022,2022,1,0,8,14,27,87,34609,0,1,9,-34.048295,151.151418,68,0,2,1,3,0,3,4,2,0,7,50,0,9859,9859,8,10,40,1,0,0,0,0
1299534,3,2022,2022,1,1,7,7,1,337,34609,0,1,1,-33.732146,150.980619,71,0,2,1,3,0,0,0,2,0,7,50,0,1981,1981,4,10,5,2,0,0,0,0
1299536,3,2022,2022,1,0,5,13,27,19,34609,0,1,1,-28.277953,153.514653,72,2,1,0,3,0,0,0,2,0,7,80,0,3775,3775,0,30,0,2,0,0,0,0
1299567,3,2022,2022,1,3,0,92,31,26,139,0,1,2,-33.483791,145.534501,51,2,1,0,2,0,0,0,0,0,7,50,2,2585,4009,8,5,40,1,0,0,0,0
1299571,3,2022,2022,1,6,1,5,31,94,34609,0,1,1,-33.787609,150.797943,55,0,2,1,0,0,0,0,0,0,7,50,0,9859,9859,1,10,0,2,0,0,0,0
1299575,3,2022,2022,1,0,4,20,27,112,34609,0,1,10,-33.91026,151.20292,69,0,2,1,1,0,0,0,2,0,7,50,0,1282,1282,1,33,0,2,0,0,0,0
1299591,3,2022,2022,1,1,8,1,10,28,34609,1,0,9,-35.143191,147.356136,75,2,1,1,0,0,0,0,3,0,0,50,0,489,489,5,0,40,1,0,0,0,0
1299596,3,2022,2022,1,5,9,6,1,28,34609,0,1,1,-33.914541,150.886246,41,0,2,0,3,0,3,4,4,0,7,50,0,1259,5151,8,5,40,1,0,0,0,0
1299607,3,2022,2022,1,3,6,95,31,370,34609,0,1,9,-34.070165,150.811131,13,0,2,1,3,0,0,0,2,0,7,50,0,9859,9859,8,5,40,1,0,0,0,0
1299608,3,2022,2022,1,6,4,59,27,252,41,0,1,10,-33.938472,150.868113,41,0,2,1,3,0,0,0,2,2,7,60,1,5929,5929,1,29,5,2,0,0,0,0
1299612,3,2022,2022,8,2,1,15,31,172,17,0,1,9,-32.763876,151.581497,42,2,1,1,2,0,0,0,0,0,15,50,1,489,489,8,5,40,1,0,0,0,0
1299619,3,2022,2022,1,5,9,20,27,162,34609,0,1,10,-33.836784,150.911468,24,0,2,1,2,0,3,4,0,2,7,60,0,6545,6545,4,5,22,2,0,0,0,0
1299622,3,2022,2022,1,4,5,2,10,337,34609,1,0,1,-33.71464,150.992478,71,0,2,1,3,0,0,0,2,0,7,50,0,9859,9859,1,5,5,3,0,0,0,0
1299623,3,2022,2022,7,6,3,192,10,57,114,0,1,10,-33.448686,151.365366,16,2,2,1,1,0,3,4,0,2,7,60,2,14295,14295,3,5,5,2,0,0,0,0
1299626,3,2022,2022,1,6,6,23,31,43,228,0,1,10,-33.586192,150.860087,29,2,2,1,3,0,0,0,2,0,0,60,2,6545,6545,4,0,13,2,0,0,0,0
1299630,3,2022,2022,11,6,8,334,17,56,308,0,1,1,-31.457983,152.72553,56,2,1,1,3,0,0,0,2,0,7,50,2,9859,9859,1,5,5,2,0,0,0,0
1299639,3,2022,2022,1,1,7,12,31,460,34609,0,1,9,-33.835811,150.991592,21,0,2,1,3,0,0,0,2,0,7,40,0,515,515,1,5,5,2,0,0,0,0
1299640,3,2022,2022,11,1,4,22,10,387,64,0,1,10,-33.932149,151.1861,4,0,2,1,3,0,0,0,2,3,7,70,2,14295,14295,3,5,0,2,0,0,0,0
1299641,3,2022,2022,1,2,8,229,14,323,237,0,1,3,-33.771386,150.96867,71,0,2,0,3,0,3,0,4,0,7,100,2,1383,1383,1,30,13,2,0,0,0,0
1299643,3,2022,2022,11,6,0,1,25,562,34609,0,1,1,-32.236431,148.641077,22,2,1,1,2,0,0,0,0,0,7,50,0,9859,9859,8,10,40,1,0,0,0,0
1299662,3,2022,2022,11,2,10,2209,17,35,2205,0,1,9,-35.485888,150.339169,63,2,1,0,2,0,3,4,0,0,15,80,2,926,926,4,0,2,2,0,0,0,0
1299666,3,2022,2022,1,2,9,11,1,111,34609,0,1,10,-33.698646,150.887562,7,0,2,1,2,0,3,3,0,0,7,50,0,5929,5929,1,5,41,2,0,0,0,0
1299669,3,2022,2022,11,5,10,9,31,226,34609,0,1,7,-33.763357,150.82165,7,0,2,1,2,0,0,0,0,0,0,50,0,6545,6545,4,5,5,2,0,0,0,0
1299673,3,2022,2022,11,4,10,56,1,155,34609,0,1,9,-33.136228,148.159129,53,2,1,1,2,0,3,4,0,0,0,50,0,2585,777,1,5,4,2,0,0,0,0
1299674,3,2022,2022,11,0,2,31,23,139,187,0,1,2,-33.870362,151.142826,32,0,2,1,1,0,0,3,1,0,7,60,2,1282,1282,1,5,13,2,0,0,0,0
1299677,3,2022,2022,1,2,0,117,27,73,702,0,1,2,-33.825033,151.092623,14,0,2,0,2,0,3,4,0,0,7,70,2,782,957,5,0,40,1,0,0,0,0
1299687,3,2022,2022,11,3,0,6,31,16,34609,0,1,1,-32.901782,151.69896,48,0,2,1,2,0,0,0,0,0,7,50,0,9859,9859,8,0,40,1,0,0,0,0
1299688,3,2022,2022,11,5,9,25,31,127,30,0,1,9,-33.892748,151.157869,32,0,2,1,2,0,0,0,2,2,7,60,1,14295,14295,3,33,5,2,0,0,0,0
1299691,3,2022,2022,1,1,3,8,27,2,43,0,1,1,-32.405901,149.829896,44,1,0,0,3,0,0,0,2,0,7,100,1,4552,5151,8,5,40,1,0,0,0,0
1299692,3,2022,2022,6,1,5,59,31,45,34609,0,1,10,-33.891716,151.194013,69,0,2,1,0,0,3,0,2,3,7,40,0,323,323,1,5,13,2,0,0,0,0
1299694,3,2022,2022,1,1,4,3371,17,17,3342,0,1,2,-31.957736,152.466913,43,1,0,1,0,0,0,0,2,0,7,110,2,14295,14295,3,8,2,2,0,0,0,0
1299697,3,2022,2022,1,0,8,32,27,82,34609,0,1,1,-33.827024,151.200859,49,0,2,1,3,0,3,3,0,0,7,50,0,9859,9859,8,5,40,1,0,0,0,0
1299702,3,2022,2022,1,4,4,1,27,1,34609,0,1,9,-33.46965,150.898727,29,2,2,0,3,2,0,0,2,0,7,50,0,380,714,5,0,40,1,0,0,0,0
1299703,3,2022,2022,11,5,8,48,10,18,52,0,1,10,-30.369942,153.099693,19,2,1,1,3,0,0,0,4,0,0,40,1,3775,3775,0,10,0,2,0,0,0,0
1299704,3,2022,2022,1,0,7,213,17,132,213,0,1,9,-29.772679,151.076433,33,2,1,1,3,0,0,0,2,0,7,80,2,623,623,3,9,0,2,0,0,0,0
1299706,3,2022,2022,11,4,0,19,27,55,34609,0,1,1,-33.78858,150.881121,7,0,2,1,3,0,0,0,0,0,7,50,0,941,941,1,5,25,2,0,0,0,0
1299713,3,2022,2022,6,2,1,1052,10,41,34609,0,1,1,-30.363385,153.09168,19,2,1,1,2,0,0,0,0,0,7,50,0,4026,4026,8,5,40,1,0,0,0,0
1299715,3,2022,2022,11,2,10,4,31,90,34609,0,1,9,-33.790135,150.946935,21,0,2,1,3,0,3,4,0,0,7,50,0,9859,9859,8,0,40,1,0,0,0,0
1299716,3,2022,2022,1,0,3,29,27,89,34609,0,1,1,-28.227625,153.543367,72,2,1,1,3,0,0,0,2,0,7,50,0,1282,1282,1,5,5,2,0,0,0,0
1299720,3,2022,2022,6,6,8,234,27,323,217,0,1,1,-33.749076,150.993716,71,0,2,1,3,0,0,0,2,0,7,60,2,1669,1669,3,30,0,2,0,0,0,0
1299721,3,2022,2022,1,6,7,18,31,49,34609,1,2,1,-34.440735,147.54063,51,2,1,1,3,0,0,0,2,0,7,40,0,9859,9859,8,10,40,1,0,0,0,0
1299722,3,2022,2022,11,0,10,3371,17,58,3342,0,1,2,-28.542253,153.535302,10,1,0,0,3,0,3,4,0,0,7,110,2,4552,5151,8,5,40,1,0,0,0,0
1299726,3,2022,2022,1,3,7,114,27,22,65,0,1,1,-33.433696,151.048882,16,2,2,1,3,0,0,0,2,0,7,80,1,1945,1945,5,16,40,1,0,0,0,0
1299728,3,2022,2022,1,6,3,296,27,290,293,0,1,2,-33.863171,150.991438,21,0,2,1,3,0,0,0,1,0,7,70,2,1391,1391,1,0,5,4,0,0,0,0
1299737,3,2022,2022,11,6,7,334,17,4,308,0,1,1,-31.218547,149.373991,51,1,0,1,0,0,0,3,2,0,7,100,2,945,945,5,8,40,1,0,0,0,0
1299738,3,2022,2022,11,4,5,9,31,179,34609,0,1,1,-33.755492,150.720223,55,0,2,0,3,0,0,0,2,0,7,50,0,1981,1981,4,10,5,3,0,0,0,0
1299744,3,2022,2022,1,2,2,4,10,30,34609,0,1,1,-34.043999,150.772278,12,0,2,1,2,0,0,0,0,0,7,50,0,9859,9859,1,0,36,3,0,0,0,0
1299757,3,2022,2022,11,2,6,15,1,202,34609,0,1,9,-33.958694,151.025848,15,0,2,1,1,0,3,4,2,0,7,50,0,1109,787,1,5,5,2,0,0,0,0
1299759,3,2022,2022,5,0,11,3,31,646,34609,0,1,1,-33.929388,151.021626,15,0,2,1,2,0,3,4,0,0,7,50,0,4026,4026,1,5,5,2,0,0,0,0
1299771,3,2022,2022,5,5,10,13,31,166,34609,0,1,1,-33.418268,149.57279,3,2,1,1,2,0,0,0,0,0,7,50,0,9859,9859,1,10,5,2,0,0,0,0
1299772,3,2022,2022,5,1,9,10,31,204,331,0,1,1,-33.939436,151.150312,4,0,2,1,2,0,3,4,0,0,7,60,2,14295,14295,3,10,5,2,0,0,0,0
1299777,3,2022,2022,6,6,3,283,27,129,702,0,1,9,-33.937643,151.074652,15,0,2,1,2,0,0,0,2,0,7,60,2,14295,14295,3,10,0,6,0,0,0,0
1299778,3,2022,2022,1,1,8,512,17,11,441,0,1,9,-32.998431,148.862312,11,1,0,0,0,0,0,0,2,0,0,100,2,782,957,5,8,40,1,0,0,0,0
1299779,3,2022,2022,5,2,9,21,31,73,34609,0,1,1,-33.829468,151.086988,14,0,2,1,1,0,3,4,0,0,7,40,0,1282,1282,1,5,5,4,0,0,0,0
1299787,3,2022,2022,1,0,2,171,1,252,55,0,1,10,-33.878548,151.210824,69,0,2,1,1,0,0,3,1,3,7,40,1,9859,9859,8,5,40,1,0,0,0,0
1299791,3,2022,2022,5,2,11,2,31,136,34609,0,1,9,-33.924791,151.078409,15,0,2,1,2,0,0,0,0,0,0,50,0,4552,985,8,5,40,1,0,0,0,0
1299793,3,2022,2022,11,3,4,71,27,65,34609,0,1,1,-36.051331,146.98727,0,2,1,0,1,0,0,0,2,0,7,50,0,186,186,9,5,28,2,0,0,0,0
1299798,3,2022,2022,1,2,11,4,27,15,34609,0,1,1,-34.075249,150.840166,13,0,2,1,2,0,0,0,0,0,7,50,0,9859,9859,1,5,0,2,0,0,0,0
1299799,3,2022,2022,11,0,1,1,27,189,34609,0,1,1,-33.954824,151.047239,25,0,2,1,2,0,0,6,0,0,7,50,0,9859,9859,1,10,5,5,0,0,0,0
1299802,3,2022,2022,11,0,11,13,31,10,34609,0,1,1,-31.636384,152.707141,56,2,1,1,2,0,3,4,0,0,7,50,0,9859,9859,8,5,40,1,0,0,0,0
1299803,3,2022,2022,1,1,3,4,27,129,34609,0,1,10,-33.930935,151.075424,15,0,2,1,2,0,0,0,1,0,0,50,0,301,301,4,10,35,2,0,0,0,0