Crash ID,Degree of crash - detailed,Reporting year,Year of crash,Month of crash,Day of week of crash,Two-hour intervals,Street of crash,Street type,Town,Route no.,School zone location,School zone active,Type of location,Latitude,Longitude,LGA,Urbanisation,Conurbation 1,Alignment,Street lighting,Road surface,Surface condition,Weather,Natural lighting,Signals operation,Other traffic control,Speed limit,Road classification,RUM - code,DCA - code,First impact type,Key TU type,Other TU type,No. of traffic units involved,No. killed,No. seriously injured,No. moderately injured,No. minor-other injured
1299810,3,2022,2022,1,6,11,265,17,7,193,0,1,1,-34.172908,148.457039,30,1,0,1,0,0,0,0,0,0,7,100,2,1945,1945,5,10,40,1,0,0,0,0
1299811,3,2022,2022,1,3,7,16,31,94,34609,0,1,1,-33.782403,150.800782,55,0,2,1,1,0,0,0,2,0,7,50,0,9859,9859,1,5,5,2,0,0,0,0
1299825,3,2022,2022,11,3,7,194,31,363,34609,0,1,1,-33.817317,151.003536,54,0,2,1,3,0,0,0,2,0,7,40,0,144,144,1,0,5,2,0,0,0,0
1299832,3,2022,2022,11,6,5,26,31,7,34609,0,1,10,-32.929301,151.754147,48,0,2,1,3,0,0,0,2,0,0,50,0,6545,6545,4,9,0,2,0,0,0,0
1299839,3,2022,2022,11,2,4,150,27,197,415,0,1,9,-33.791586,151.121402,61,0,2,1,3,0,3,4,2,0,7,70,2,14295,14295,3,8,5,2,0,0,0,0
1299840,3,2022,2022,1,0,10,2,27,3,34609,0,1,1,-33.216127,148.059962,53,1,0,1,3,2,0,0,0,0,7,100,0,945,945,5,26,40,1,0,0,0,0
1299858,3,2022,2022,1,1,7,47,31,159,34609,0,1,1,-33.807594,151.097606,61,0,2,1,0,0,0,3,2,0,7,50,0,9859,9859,8,0,40,1,0,0,0,0
1299860,3,2022,2022,1,3,1,1,36,18,34609,0,1,1,-34.506082,150.804343,80,0,2,1,0,0,0,0,0,0,7,50,0,9859,9859,1,5,0,2,0,0,0,0
1299861,3,2022,2022,1,2,2,52,27,31,7,0,1,1,-33.887496,151.019592,15,0,2,1,2,0,0,0,0,0,7,50,1,4026,4026,1,5,5,3,0,0,0,0
1299865,3,2022,2022,11,4,4,7,1,278,34609,0,1,1,-33.78533,151.033031,54,0,2,1,3,0,0,0,2,0,7,50,0,5929,5929,1,30,5,2,0,0,0,0
1299868,3,2022,2022,11,0,5,481,17,20,483,0,1,1,-31.153473,149.371141,51,1,0,1,0,0,3,4,2,0,7,110,2,4026,4026,8,10,40,1,0,0,0,0
1299874,3,2022,2022,1,1,3,220,27,46,222,0,1,9,-33.787917,150.975098,54,0,2,1,3,0,0,0,2,0,7,80,2,1282,1282,1,5,13,2,0,0,0,0
1299875,3,2022,2022,1,6,7,294,17,13,288,0,1,10,-35.144324,147.458371,75,2,1,1,3,0,0,0,2,0,0,60,2,2852,2852,4,30,2,2,0,0,0,0
1299876,3,2022,2022,11,5,8,3371,17,65,3342,0,1,9,-33.37767,151.374311,16,2,2,0,3,0,3,3,2,0,0,60,2,14295,14295,3,0,0,3,0,0,0,0
1299883,3,2022,2022,6,1,11,387,31,36,34609,0,1,1,-33.883275,151.184233,69,0,2,1,2,0,0,0,0,0,7,50,0,9859,9859,8,10,40,1,0,0,0,0
1299887,3,2022,2022,1,1,6,280,10,314,82,0,1,10,-33.852251,150.931855,24,0,2,1,3,0,0,0,2,0,15,60,1,6545,6545,4,0,5,2,0,0,0,0
1299889,3,2022,2022,11,5,3,866,17,110,793,0,1,6,-33.791509,150.998624,54,0,2,1,3,0,0,0,2,0,7,60,2,1282,1282,1,0,10,3,0,0,0,0
1299890,3,2022,2022,11,5,4,2126,17,163,2149,0,1,9,-33.869166,151.107596,14,0,2,1,3,0,0,0,2,0,15,60,2,623,623,3,5,0,2,0,0,0,0
1299892,3,2022,2022,6,2,0,4,23,86,34609,0,1,1,-33.745712,150.919869,7,0,2,1,2,0,0,0,0,0,7,50,0,475,475,5,5,40,1,0,0,0,0
1299912,3,2022,2022,1,1,8,8,27,189,34609,0,1,1,-33.945052,151.052193,15,0,2,0,2,0,3,0,3,0,4,50,0,489,489,8,0,40,1,0,0,0,0
1299915,3,2022,2022,11,0,11,346,17,12,332,0,1,1,-28.845105,152.882922,60,1,0,0,0,0,3,4,0,0,7,100,2,4552,5151,8,10,40,1,0,0,0,0
1299916,3,2022,2022,11,6,9,42,10,16,172,0,1,1,-32.864777,151.548901,17,2,1,1,0,0,0,0,0,0,7,80,2,1089,1089,7,9,40,1,0,0,0,0
1299921,3,2022,2022,1,3,7,15,27,201,34609,0,1,1,-34.003451,150.858392,13,0,2,1,1,0,0,0,2,0,7,60,0,4026,4026,8,10,40,1,0,0,0,0
1299938,3,2022,2022,1,6,9,120,36,194,148,0,1,1,-30.538897,151.72894,1,1,0,0,0,0,0,0,0,0,7,100,2,1089,1089,7,0,40,1,0,0,0,0
1299943,3,2022,2022,1,3,0,34,31,82,34609,0,1,10,-33.826173,151.204238,49,0,2,1,2,0,3,4,0,0,7,50,0,4026,4026,8,0,40,1,0,0,0,0
1299948,3,2022,2022,1,3,0,48,1,3,34609,0,1,1,-34.632147,150.855265,35,2,1,0,1,0,0,0,0,0,7,50,0,4552,5151,1,10,0,3,0,0,0,0
1299951,3,2022,2022,1,3,10,1,31,11,34609,0,1,10,-30.745823,150.726661,70,2,1,0,0,0,3,0,0,0,0,50,0,2585,4009,8,0,40,1,0,0,0,0
1299957,3,2022,2022,1,3,0,65,22,96,34609,0,1,1,-34.226005,150.676288,79,2,2,1,2,0,0,0,0,0,7,50,0,9859,9859,1,10,5,2,0,0,0,0
1299960,3,2022,2022,11,2,6,3,1,323,34609,0,1,9,-33.753955,150.99145,71,0,2,1,3,0,0,3,2,0,7,50,0,9859,9859,8,5,40,1,0,0,0,0
1299962,3,2022,2022,1,0,1,63,27,224,605,0,1,1,-33.822514,151.243627,45,0,2,0,3,0,0,0,0,0,7,60,2,1109,787,1,10,5,2,0,0,0,0
1299965,3,2022,2022,1,3,6,5,31,45,34609,0,1,9,-33.344678,151.4964,16,2,2,1,3,0,0,0,2,2,7,50,0,5929,5929,1,0,5,2,0,0,0,0
1299968,3,2022,2022,11,2,6,1104,14,142,962,0,1,3,-33.82725,151.002553,54,0,2,1,3,0,3,4,2,0,7,90,2,14295,14295,3,5,5,2,0,0,0,0
1299972,3,2022,2022,11,0,7,19,27,9,11,0,1,9,-32.719939,151.414542,42,2,1,1,3,0,3,0,2,0,15,80,1,1669,1669,3,10,13,2,0,0,0,0
1299974,3,2022,2022,11,2,7,51,1,7,34609,0,1,1,-33.994232,151.142839,4,0,2,1,3,0,3,0,2,0,7,50,0,1981,1981,4,5,5,3,0,0,0,0
1299975,3,2022,2022,1,0,8,1,27,15,34609,0,1,9,-35.778697,146.930146,27,1,0,0,3,2,0,0,2,0,7,100,0,4552,5151,8,5,40,1,0,0,0,0
1299980,3,2022,2022,11,5,8,81,31,646,80,0,1,10,-33.916107,151.014038,15,0,2,1,3,0,0,0,2,2,7,60,1,5929,5929,1,5,5,2,0,0,0,0
1299982,3,2022,2022,11,0,3,63,31,79,79,0,1,1,-33.821819,151.21047,49,0,2,1,3,0,0,3,1,2,9,50,2,14295,14295,3,5,5,2,0,0,0,0
1299983,3,2022,2022,5,2,0,109,27,8,62,0,1,1,-32.779599,151.524664,17,2,1,1,0,0,0,0,0,0,7,60,2,9859,9859,1,10,25,2,0,0,0,0
1299985,3,2022,2022,6,6,4,89,36,49,81,0,1,1,-34.342463,148.682142,30,1,0,1,3,0,0,0,2,0,7,100,2,77,77,1,0,0,2,0,0,0,0
1299989,3,2022,2022,11,1,5,71,27,5,69,0,1,1,-36.360834,148.745118,65,1,0,0,3,0,3,0,2,0,7,100,2,1850,1463,5,0,40,1,0,0,0,0
1299991,3,2022,2022,6,5,0,7,31,84,34609,1,0,9,-33.809551,150.986939,21,0,2,1,2,0,0,0,0,0,0,50,0,9859,9859,8,0,40,1,0,0,0,0
1299994,3,2022,2022,11,0,9,195,27,53,186,0,1,2,-33.922734,150.849294,41,0,2,1,3,0,0,0,0,0,7,70,2,1282,1282,1,0,5,2,0,0,0,0
1299997,3,2022,2022,11,0,9,23,31,108,34609,0,1,1,-28.868437,153.562202,2,2,1,1,3,0,3,4,0,0,7,50,0,14295,14295,3,30,0,3,0,0,0,0
1300002,3,2022,2022,11,3,5,1,10,337,34609,0,1,10,-33.726949,150.986203,71,0,2,1,3,0,0,0,2,0,0,50,0,775,775,4,5,0,2,0,0,0,0
1300004,3,2022,2022,11,5,4,24,31,363,34609,0,1,1,-33.804585,151.005617,54,0,2,1,3,0,0,0,2,0,7,50,0,1981,1981,4,10,5,2,0,0,0,0
1300006,3,2022,2022,11,4,6,79,10,80,34609,0,1,7,-33.877764,151.20049,69,0,2,1,3,0,0,0,2,0,0,50,0,6545,6545,4,9,0,2,0,0,0,0
1300008,3,2022,2022,11,0,10,37,10,103,34609,0,1,7,-28.824114,153.327168,39,2,1,0,3,0,3,4,0,0,0,50,0,395,395,1,5,36,2,0,0,0,0
1300013,3,2022,2022,1,0,3,64,27,175,284,0,1,9,-33.774337,151.065959,54,0,2,1,3,0,0,0,2,0,7,60,2,775,775,4,5,0,2,0,0,0,0
1300018,3,2022,2022,11,2,5,3371,17,44,3342,0,1,2,-28.863361,153.512874,2,1,0,1,3,0,3,4,2,0,7,110,2,4026,4026,8,5,40,1,0,0,0,0
1300019,3,2022,2022,11,1,1,485,27,25,769,0,1,1,-33.609436,150.82809,29,2,2,1,3,0,0,0,0,0,7,50,2,9859,9859,8,34,40,1,0,0,0,0
1300023,3,2022,2022,11,0,4,81,27,609,115,0,1,1,-33.780201,150.900871,7,0,2,1,3,0,0,0,2,0,7,60,2,14295,14295,3,5,36,3,0,0,0,0
1300024,3,2022,2022,11,5,11,2,27,3,34609,0,1,1,-33.716047,151.072665,31,0,2,1,2,0,0,0,0,0,7,50,0,9859,9859,1,0,5,3,0,0,0,0
1300028,3,2022,2022,1,1,8,829,31,162,240,0,1,7,-33.848285,150.918534,24,0,2,1,1,0,0,0,2,0,0,60,2,1192,1192,1,8,5,2,0,0,0,0
1300040,3,2022,2022,1,5,8,2126,17,78,2149,0,1,9,-33.697992,150.570118,8,2,2,0,2,0,0,0,3,2,7,80,2,14295,14295,3,10,5,4,0,0,0,0
1300041,3,2022,2022,1,2,5,16,31,112,34609,0,1,1,-33.605752,150.822887,29,2,2,1,0,0,0,0,2,0,7,50,0,9859,9859,1,33,5,2,0,0,0,0
1300046,3,2022,2022,1,6,8,193,31,24,34609,0,1,9,-36.888726,149.906173,5,2,1,1,1,0,0,0,2,0,7,50,0,782,985,5,0,40,1,0,0,0,0
1300048,3,2022,2022,11,4,9,10,27,18,34609,0,1,1,-28.397346,153.413756,72,2,1,0,0,0,2,6,2,0,7,80,0,57,57,1,5,5,2,0,0,0,0
1300049,3,2022,2022,1,4,9,37,27,14,34609,0,1,1,-33.197652,151.437089,16,2,2,0,0,0,3,4,0,0,7,80,0,1089,1089,7,34,40,1,0,0,0,0
1300050,3,2022,2022,1,2,8,9,27,370,14,0,1,2,-34.071898,150.805814,13,0,2,1,1,0,0,0,2,0,7,60,1,9859,9859,8,5,40,1,0,0,0,0
1300054,3,2022,2022,5,4,6,100,31,166,34609,0,1,1,-33.892704,151.182015,69,0,2,1,0,0,0,0,2,0,7,40,0,9859,9859,1,33,0,2,0,0,0,0
1300069,3,2022,2022,1,4,6,916,17,194,917,0,1,7,-30.490784,151.671144,1,2,1,0,0,0,0,0,2,0,0,60,2,782,957,5,29,40,1,0,0,0,0
1300075,3,2022,2022,6,1,5,478,17,13,480,1,0,2,-33.372021,151.475105,16,2,2,1,1,0,0,0,2,0,7,60,2,1282,1282,1,5,5,2,0,0,0,0
1300079,3,2022,2022,1,0,5,54,27,646,30,0,1,9,-33.914597,151.040054,15,0,2,1,1,0,0,3,2,2,7,60,1,5929,5929,1,5,40,2,0,0,0,0
1300087,3,2022,2022,1,1,10,7,10,30,34609,0,1,1,-33.261924,151.42394,16,2,2,0,0,0,0,0,0,0,7,50,0,2585,4009,8,0,40,1,0,0,0,0
1300088,3,2022,2022,11,0,11,127,27,19,103,0,1,9,-32.907219,151.74805,48,0,2,0,2,0,3,4,0,2,9,60,1,2585,4009,8,0,40,1,0,0,0,0
1300104,3,2022,2022,5,6,8,24,31,169,769,0,1,10,-33.597752,150.752892,29,2,2,1,2,0,0,0,3,2,7,60,2,6545,6545,4,10,22,2,0,0,0,0
1300122,3,2022,2022,1,6,8,2,31,346,34609,0,1,1,-33.877784,151.085065,67,0,2,1,3,0,0,0,3,0,7,50,0,14295,14295,3,0,13,2,0,0,0,0
1300123,3,2022,2022,1,4,10,308,14,323,311,0,1,3,-33.80867,150.852335,7,0,2,1,1,0,3,0,0,0,7,100,2,9859,9859,8,10,40,1,0,0,0,0
1300150,3,2022,2022,11,1,8,177,31,65,208,0,1,1,-33.857729,150.907317,24,0,2,1,3,0,0,0,2,0,7,50,1,1109,787,1,5,5,2,0,0,0,0
1300151,3,2022,2022,11,6,7,2126,17,55,2149,0,1,9,-33.795601,150.8894,7,0,2,1,3,0,0,0,2,0,15,80,2,14295,14295,3,9,5,2,0,0,0,0
1300154,3,2022,2022,11,1,5,6,31,36,34609,1,0,1,-34.05124,150.715498,12,0,2,1,3,0,0,0,2,0,7,50,0,1981,1981,4,0,0,2,0,0,0,0
1300155,3,2022,2022,11,4,10,84,10,39,80,0,1,9,-34.317202,150.918499,80,0,2,1,3,0,0,0,0,2,7,50,2,14295,14295,3,5,5,2,0,0,0,0
1300156,3,2022,2022,11,5,3,1052,14,173,928,0,1,3,-33.702276,151.118161,36,0,2,1,3,0,0,0,1,0,7,110,2,14295,14295,3,9,13,2,0,0,0,0
1300159,3,2022,2022,11,2,6,16,27,337,9,1,0,7,-33.713339,150.99479,71,0,2,1,3,0,3,4,2,0,0,60,1,2852,2852,4,5,5,2,0,0,0,0
1300167,3,2022,2022,11,3,1,2,25,91,34609,0,1,1,-33.996267,150.896468,13,0,2,1,3,0,3,4,0,0,7,50,0,9859,9859,1,5,13,2,0,0,0,0
1300173,3,2022,2022,11,5,2,2261,17,30,2252,0,1,2,-34.800671,148.539825,30,1,0,1,3,0,0,0,0,0,7,110,2,1089,1089,7,29,40,2,0,0,0,0
1300175,3,2022,2022,11,2,5,1,31,215,34609,0,1,9,-35.116238,147.370851,75,2,1,1,3,0,0,0,2,0,7,50,0,1383,1383,1,5,13,4,0,0,0,0
1300176,3,2022,2022,1,0,11,481,17,8,483,0,1,1,-30.490701,149.639159,51,1,0,0,3,0,0,0,0,0,7,110,2,4552,5151,8,5,40,1,0,0,0,0
1300177,3,2022,2022,11,3,10,171,1,84,34609,0,1,1,-33.807969,150.978983,54,0,2,1,3,0,0,3,0,0,7,50,0,9859,9859,8,5,40,1,0,0,0,0
1300179,3,2022,2022,11,6,3,33,1,234,139,0,1,10,-34.285485,146.027389,28,2,1,1,3,0,0,0,2,0,0,60,2,6545,6545,4,5,13,2,0,0,0,0
1300181,3,2022,2022,1,0,4,15,27,151,160,0,1,9,-34.018213,150.855638,13,0,2,1,3,0,0,0,2,0,15,60,2,2852,2852,4,0,0,2,0,0,0,0
1300182,3,2022,2022,11,2,8,60,27,40,167,0,1,2,-34.023375,151.121107,68,0,2,1,3,0,0,3,2,0,7,70,2,1391,1391,1,5,5,3,0,0,0,0
1300183,3,2022,2022,11,4,6,57,36,169,769,0,1,1,-33.605995,150.780817,29,2,2,1,3,0,0,0,2,0,7,80,2,14295,14295,3,5,0,3,0,0,0,0
1300185,3,2022,2022,1,6,9,2209,17,157,2205,0,1,2,-34.013218,151.094331,68,0,2,0,3,0,0,0,0,0,7,70,2,387,387,1,33,5,2,0,0,0,0
1300187,3,2022,2022,1,4,8,24,31,92,34609,0,1,9,-33.405367,151.355378,16,2,2,1,3,0,0,0,0,0,15,50,0,1957,777,1,30,5,2,0,0,0,0
1300198,3,2022,2022,11,3,7,68,27,98,208,0,1,10,-33.754268,151.067474,31,0,2,1,3,0,0,0,2,0,15,60,2,1383,1383,1,33,0,2,0,0,0,0
1300200,3,2022,2022,11,0,3,41,27,120,154,0,1,9,-33.767685,150.86397,7,0,2,1,3,0,3,4,1,2,7,60,1,1669,1669,3,5,13,2,0,0,0,0
1300202,3,2022,2022,11,3,7,134,10,363,133,0,1,9,-33.81685,151.022125,54,0,2,1,3,0,0,3,2,0,0,70,2,775,775,4,5,12,2,0,0,0,0
1300211,3,2022,2022,11,0,6,35,27,29,34609,0,1,1,-32.309264,142.422582,51,1,0,0,3,2,3,4,2,0,7,100,0,1850,1463,5,9,40,1,0,0,0,0
1300214,3,2022,2022,11,3,9,1052,14,13,928,0,1,3,-33.697667,151.119573,36,0,2,1,3,0,0,0,2,0,7,110,2,14295,14295,3,0,5,2,0,0,0,0
1300215,3,2022,2022,11,2,11,12,31,123,34609,0,1,10,-33.838219,148.667746,51,2,1,1,3,0,3,4,0,0,0,50,0,782,985,5,5,40,1,0,0,0,0
1300216,3,2022,2022,11,2,8,145,31,80,61,0,1,9,-33.816535,151.160939,38,0,2,1,3,0,0,0,2,0,15,50,1,1192,1192,1,5,40,2,0,0,0,0
1300221,3,2022,2022,11,2,4,2261,17,228,2252,0,1,2,-34.773271,149.754111,26,1,0,1,3,0,3,3,2,0,7,110,2,1192,1192,1,3,10,2,0,0,0,0
1300223,3,2022,2022,11,3,8,84,10,6,80,0,1,9,-34.305045,150.936834,80,0,2,0,3,0,0,0,0,0,15,50,2,14295,14295,3,5,0,2,0,0,0,0
1300229,3,2022,2022,11,5,9,85,10,38,702,0,1,2,-33.839118,151.083253,14,0,2,0,3,0,0,0,3,0,7,70,2,14295,14295,3,5,12,3,0,0,0,0
1300230,3,2022,2022,11,1,8,475,31,162,240,0,1,1,-33.850308,150.899186,24,0,2,1,0,0,0,0,2,0,7,70,2,1981,1981,4,5,5,2,0,0,0,0
1300236,3,2022,2022,11,2,7,191,10,8,34609,0,1,9,-33.391122,149.548193,3,2,1,0,1,0,0,0,2,0,7,50,0,3775,3775,0,5,36,2,0,0,0,0
1300239,3,2022,2022,4,6,8,55,27,151,160,1,0,10,-34.02358,150.850463,13,0,2,1,3,0,0,0,2,0,0,60,2,6545,6545,4,5,5,2,0,0,0,0
1300241,3,2022,2022,11,4,6,3371,17,36,3342,0,1,9,-33.627975,151.14804,31,0,2,1,3,0,0,0,2,0,7,60,2,2852,2852,4,5,13,2,0,0,0,0
1300252,3,2022,2022,11,0,6,165,31,11,34609,0,1,1,-30.647722,152.852983,47,2,1,1,1,0,0,0,2,0,7,50,0,9859,9859,1,0,5,2,0,0,0,0
1300267,3,2022,2022,5,1,3,2209,17,137,2205,0,1,2,-34.039488,151.061459,68,0,2,1,1,0,0,0,2,0,7,80,2,14295,14295,3,33,13,3,0,0,0,0
1300277,3,2022,2022,11,3,8,12,27,151,34609,0,1,1,-34.042843,150.85176,13,0,2,1,0,0,0,0,2,0,7,60,0,9859,9859,1,5,6,2,0,0,0,0
1300278,3,2022,2022,11,0,0,18,27,85,148,0,1,1,-32.933345,151.720598,48,0,2,1,2,0,0,0,0,0,11,60,1,84,84,8,5,40,1,0,0,0,0
1300280,3,2022,2022,1,0,2,9,27,81,34609,0,1,1,-33.875735,151.259133,81,0,2,1,2,0,3,3,0,0,7,50,0,4026,4026,1,5,0,4,0,0,0,0
1300281,3,2022,2022,1,2,9,120,36,43,148,0,1,1,-30.467411,152.984605,6,2,1,0,3,0,3,3,0,0,7,80,2,1089,1089,7,0,40,1,0,0,0,0
1300284,3,2022,2022,11,4,10,916,17,165,917,0,1,2,-32.261029,150.889256,46,2,1,1,3,0,0,0,0,0,7,50,2,395,395,1,30,35,2,0,0,0,0
1300285,3,2022,2022,1,6,1,1,25,11,34609,0,1,4,-34.374116,150.886301,80,0,2,0,2,0,0,0,0,0,7,40,0,2585,4009,1,5,0,2,0,0,0,0
1300289,3,2022,2022,11,0,6,171,31,219,34609,0,1,1,-32.891151,151.666716,48,0,2,1,3,0,0,0,2,0,7,50,0,3775,3775,0,5,0,2,0,0,0,0
1300310,3,2022,2022,1,2,7,2261,17,112,2252,0,1,2,-33.907518,150.942496,41,0,2,0,3,0,0,0,2,0,7,70,2,14295,14295,3,0,5,2,0,0,0,0
1300330,3,2022,2022,11,6,6,27,31,73,34609,0,1,1,-34.180252,150.610798,79,2,2,1,3,0,0,0,2,0,7,50,0,237,162,8,33,40,1,0,0,0,0
1300335,3,2022,2022,11,6,7,125,27,290,103,0,1,10,-33.863022,151.006226,21,0,2,1,3,0,0,0,2,2,7,60,1,6545,6545,4,0,5,2,0,0,0,0
1300336,3,2022,2022,11,6,5,34,31,169,99,0,1,9,-33.90072,151.213752,69,0,2,1,3,0,0,0,2,0,7,50,2,2852,2852,4,0,5,2,0,0,0,0
1300342,3,2022,2022,6,2,11,37,31,38,34609,0,1,1,-33.770213,150.795051,55,0,2,1,2,0,0,0,0,0,7,50,0,9859,9859,1,5,5,4,0,0,0,0
1300345,3,2022,2022,1,3,11,6,10,76,34609,0,1,1,-33.910349,150.860608,41,0,2,0,2,0,0,0,0,0,7,50,0,4552,5151,1,5,5,3,0,0,0,0
1300350,3,2022,2022,5,2,5,3371,17,29,3342,0,1,10,-32.216749,152.322497,43,2,1,1,1,0,0,0,2,0,7,80,2,14295,14295,3,0,0,3,0,0,0,0
1300366,3,2022,2022,1,1,2,69,31,44,34609,0,1,9,-30.707952,152.925234,47,2,1,1,2,0,0,0,1,0,0,50,0,489,489,8,5,40,1,0,0,0,0
1300371,3,2022,2022,11,2,5,3,4,67,34609,0,1,9,-33.403528,151.333329,16,2,2,1,0,0,0,0,2,0,7,50,0,1259,985,8,10,40,1,0,0,0,0
1300372,3,2022,2022,1,3,11,109,27,27,34609,0,1,9,-32.658418,151.353116,17,2,1,1,2,0,0,0,0,0,7,50,0,9859,9859,1,0,5,2,0,0,0,0
1300387,3,2022,2022,11,6,0,5,27,36,34609,1,0,1,-33.791838,150.951001,21,0,2,1,2,0,0,0,0,0,7,50,0,4026,4026,1,0,5,3,0,0,0,0
1300394,3,2022,2022,11,6,11,126,31,161,34609,0,1,1,-33.881894,151.156605,32,0,2,1,3,0,0,0,0,0,7,50,0,404,404,8,5,40,1,0,0,0,0
1300395,3,2022,2022,11,3,5,1,27,2,34609,0,1,1,-35.948866,147.100908,27,1,0,0,3,0,0,0,2,0,7,100,0,4552,5151,8,5,40,1,0,0,0,0
1300396,3,2022,2022,11,3,7,3,31,26,34609,0,1,10,-33.774132,150.665998,55,0,2,1,3,0,0,0,2,0,0,50,0,301,301,4,5,12,2,0,0,0,0
1300408,3,2022,2022,11,6,3,4,27,13,34609,0,1,1,-33.535091,149.890179,40,1,0,0,3,2,0,0,1,0,7,100,0,2585,4009,8,0,40,1,0,0,0,0
1300409,3,2022,2022,11,5,8,42,1,90,34609,0,1,9,-32.923577,151.751589,48,0,2,1,3,0,0,0,2,0,7,50,0,14295,14295,3,10,5,3,0,0,0,0
1300434,3,2022,2022,1,3,2,2209,17,25,2205,0,1,2,-34.12425,150.992495,68,0,2,1,3,0,0,0,0,0,7,100,2,4026,4026,8,5,40,1,0,0,0,0
1300436,3,2022,2022,11,0,2,3,27,15,34609,0,1,1,-34.004844,151.082608,68,0,2,1,3,0,0,0,0,0,7,50,0,9859,9859,1,9,5,2,0,0,0,0
1300443,3,2022,2022,11,5,7,35,27,42,212,0,1,7,-35.348221,149.245302,58,2,1,0,3,0,0,0,2,0,0,60,2,5929,5929,1,33,13,2,0,0,0,0
1300446,3,2022,2022,11,5,2,15,1,64,34609,0,1,1,-34.039346,150.728583,12,0,2,0,3,0,0,0,1,0,7,50,0,3775,3775,0,5,12,2,0,0,0,0
1300447,3,2022,2022,11,1,4,32,27,19,34609,0,1,1,-33.42384,149.969429,40,1,0,0,3,0,0,0,2,0,7,100,0,418,714,5,5,40,1,0,0,0,0
1300448,3,2022,2022,11,2,10,234,27,323,217,0,1,10,-33.752621,150.994159,71,0,2,1,3,0,0,0,2,0,7,60,2,2852,2852,4,5,5,2,0,0,0,0
1300450,3,2022,2022,11,2,7,7,1,35,34609,0,1,9,-35.34593,149.224516,58,2,1,0,3,0,0,0,2,0,0,50,0,775,775,4,5,36,2,0,0,0,0
1300460,3,2022,2022,11,0,0,48,31,30,34609,0,1,0,-34.743006,146.555201,51,2,1,1,0,0,0,0,0,0,7,50,0,9859,9859,1,10,13,3,0,0,0,0
1300473,3,2022,2022,11,3,5,163,27,29,165,1,0,9,-33.747592,150.800881,7,0,2,1,1,0,0,0,2,0,0,60,1,2852,2852,4,5,5,2,0,0,0,0
1300474,3,2022,2022,1,2,1,2126,17,204,2149,0,1,2,-33.885714,151.137761,32,0,2,1,2,0,0,0,0,0,7,60,2,9859,9859,8,5,40,1,0,0,0,0
1300482,3,2022,2022,5,4,11,23,14,532,22,0,1,6,-33.865742,151.21318,69,0,2,1,2,0,3,0,0,0,7,40,2,1383,1383,1,5,5,2,0,0,0,0
1300492,3,2022,2022,11,6,10,1,27,463,62,0,1,9,-30.290075,153.088313,19,2,1,0,3,0,3,2,0,0,7,70,1,380,714,5,30,40,1,0,0,0,0
1300493,3,2022,2022,11,4,6,2126,17,115,2149,0,1,10,-33.884373,151.194933,69,0,2,1,0,0,0,0,2,1,7,50,2,14295,14295,3,9,5,3,0,0,0,0
1300494,3,2022,2022,11,1,7,126,27,370,168,0,1,2,-34.063079,150.786652,13,0,2,1,3,0,0,0,2,0,7,80,2,14295,14295,3,5,5,2,0,0,0,0
1300495,3,2022,2022,11,4,7,168,10,387,260,0,1,9,-33.938217,151.192882,4,0,2,1,3,0,0,0,2,2,7,70,2,2852,2852,4,9,5,2,0,0,0,0
1300498,3,2022,2022,1,1,1,1,27,115,34609,0,1,1,-34.023893,151.078115,68,0,2,1,3,0,0,0,0,0,7,50,0,9859,9859,1,33,5,2,0,0,0,0
1300499,3,2022,2022,1,1,3,225,17,85,180,0,1,1,-34.572016,150.759983,62,0,2,1,3,0,0,0,1,0,7,60,2,9859,9859,8,5,40,1,0,0,0,0
1300504,3,2022,2022,11,5,4,2,31,204,34609,0,1,1,-33.898068,150.949263,24,0,2,1,3,0,0,0,2,0,7,50,0,1282,1282,1,9,0,2,0,0,0,0
1300512,3,2022,2022,1,0,9,147,27,290,34609,0,1,11,-33.86141,150.975282,21,0,2,1,2,0,0,0,0,0,6,50,0,1282,1282,1,33,5,2,0,0,0,0
1300518,3,2022,2022,1,0,8,45,31,532,55,0,1,1,-33.873523,151.212625,69,0,2,1,2,0,3,0,3,0,7,40,1,1383,1383,1,5,40,2,0,0,0,0
1300525,3,2022,2022,11,6,9,3371,17,56,3342,0,1,2,-31.134621,152.824097,34,1,0,1,2,0,0,0,0,0,7,110,2,9859,9859,8,9,40,1,0,0,0,0
1300531,3,2022,2022,11,3,10,85,31,66,34609,0,1,1,-34.486308,150.895934,80,0,2,1,2,0,0,0,0,0,7,50,0,9859,9859,1,30,0,3,0,0,0,0
1300537,3,2022,2022,11,1,4,41,27,58,80,0,1,9,-32.982036,151.668669,37,0,2,0,3,0,0,0,2,2,7,60,1,83,83,1,10,12,2,0,0,0,0
1300539,3,2022,2022,11,6,8,6,1,66,34609,0,1,7,-33.718215,150.925751,7,0,2,1,3,0,0,0,2,0,0,60,0,14295,14295,3,0,5,2,0,0,0,0
1300540,3,2022,2022,11,0,10,2,27,7,34609,0,1,1,-29.38743,151.612289,51,1,0,0,3,2,3,4,0,0,7,100,0,782,957,5,10,40,1,0,0,0,0
1300541,3,2022,2022,11,0,1,123,36,3,49,0,1,1,-30.789117,151.540775,51,1,0,1,3,0,3,4,0,0,7,100,1,1945,1945,5,0,40,1,0,0,0,0
1300547,3,2022,2022,11,3,8,103,36,3,103,0,1,1,-32.135021,151.93778,43,1,0,1,3,2,0,0,3,0,7,90,1,945,945,5,5,40,1,0,0,0,0