Crash ID,Degree of crash - detailed,Reporting year,Year of crash,Month of crash,Day of week of crash,Two-hour intervals,Street of crash,Street type,Town,Route no.,School zone location,School zone active,Type of location,Latitude,Longitude,LGA,Urbanisation,Conurbation 1,Alignment,Street lighting,Road surface,Surface condition,Weather,Natural lighting,Signals operation,Other traffic control,Speed limit,Road classification,RUM - code,DCA - code,First impact type,Key TU type,Other TU type,No. of traffic units involved,No. killed,No. seriously injured,No. moderately injured,No. minor-other injured
1300548,3,2022,2022,11,2,6,1104,14,142,962,0,1,3,-33.827613,151.000691,54,0,2,0,3,0,0,0,2,0,7,90,2,14295,14295,3,5,5,3,0,0,0,0
1300552,3,2022,2022,11,0,9,2261,17,45,2252,0,1,2,-33.889172,150.971285,15,0,2,1,3,0,0,0,0,0,7,70,2,1282,1282,1,29,5,2,0,0,0,0
1300558,3,2022,2022,11,5,11,53,31,42,34609,0,1,1,-36.002614,146.384446,51,2,1,1,3,0,0,1,0,0,7,50,0,9859,9859,1,5,12,2,0,0,0,0
1300559,3,2022,2022,11,0,11,3371,17,104,3342,0,1,9,-32.824765,151.683817,48,0,2,1,3,0,3,4,0,1,7,80,2,4026,4026,8,5,40,1,0,0,0,0
1300561,3,2022,2022,5,1,7,107,22,77,34609,0,1,1,-33.864098,150.938551,24,0,2,1,3,0,0,0,2,0,7,40,0,941,941,1,30,5,2,0,0,0,0
1300562,3,2022,2022,11,6,8,4,1,16,34609,0,1,9,-34.56659,150.842854,62,0,2,1,3,0,0,0,2,2,7,60,0,2852,2852,4,10,5,2,0,0,0,0
1300563,3,2022,2022,11,4,8,515,14,271,518,0,1,3,-33.940688,151.016282,15,0,2,1,3,0,3,4,0,0,7,100,2,14295,14295,3,5,5,3,0,0,0,0
1300567,3,2022,2022,11,1,0,1,31,460,34609,0,1,1,-33.835228,150.997721,21,0,2,1,3,0,0,0,0,0,7,50,0,9859,9859,1,5,5,3,0,0,0,0
1300573,3,2022,2022,11,0,6,78,31,134,36,0,1,2,-33.521254,151.317301,16,2,2,1,3,0,0,0,2,0,7,50,1,9859,9859,1,5,5,3,0,0,0,0
1300577,3,2022,2022,11,6,8,3371,17,41,3342,0,1,7,-31.46258,152.819817,56,2,1,0,3,0,0,0,2,0,0,60,2,14295,14295,3,10,5,2,0,0,0,0
1300578,3,2022,2022,1,0,7,195,27,53,186,0,1,9,-33.918928,150.852633,41,0,2,1,3,0,0,0,2,2,7,70,2,150,150,4,5,0,2,0,0,0,0
1300579,3,2022,2022,11,0,8,35,31,363,34609,0,1,10,-33.758783,150.693956,55,0,2,1,3,0,0,3,3,0,15,50,0,6545,6545,4,10,0,2,0,0,0,0
1300580,3,2022,2022,1,1,10,1,1,64,34609,0,1,9,-33.94989,150.993759,15,0,2,1,3,0,0,0,0,0,7,50,0,9859,9859,8,5,40,1,0,0,0,0
1300581,3,2022,2022,11,0,4,1,27,13,34609,0,1,1,-33.871541,151.228455,69,0,2,1,3,0,3,4,2,0,7,50,0,1981,1981,4,0,5,2,0,0,0,0
1300582,3,2022,2022,11,5,4,829,27,149,770,0,1,9,-33.866956,151.175378,32,0,2,1,3,0,0,0,2,2,7,60,2,14295,14295,3,5,0,4,0,0,0,0
1300583,3,2022,2022,11,2,6,4,31,76,34609,0,1,1,-33.917468,150.869202,41,0,2,1,3,0,3,4,2,0,7,50,0,9859,9859,1,5,13,2,0,0,0,0
1300602,3,2022,2022,5,1,4,17,31,56,21,0,1,1,-33.860306,151.17723,32,0,2,1,0,0,3,0,2,0,7,40,1,1282,1282,1,33,0,2,0,0,0,0
1300612,3,2022,2022,11,3,11,3371,17,17,3342,0,1,2,-31.961755,152.466087,43,1,0,0,2,0,0,0,0,0,7,110,2,2585,4009,8,5,40,1,0,0,0,0
1300613,3,2022,2022,11,4,11,222,27,71,165,0,1,9,-33.973583,151.076584,25,0,2,1,2,0,3,4,0,0,7,50,1,9859,9859,8,0,40,1,0,0,0,0
1300642,3,2022,2022,5,0,6,5,18,90,34609,0,1,1,-33.888348,151.236719,81,0,2,1,0,0,0,0,2,0,7,50,0,4026,4026,1,0,19,2,0,0,0,0
1300651,3,2022,2022,5,2,2,2261,17,523,2252,0,1,10,-33.924221,150.918232,41,0,2,1,3,0,3,0,0,2,7,60,2,4026,4026,8,0,40,1,0,0,0,0
1300665,3,2022,2022,11,3,11,2,31,57,34609,0,1,2,-34.672752,150.850019,35,2,1,1,2,0,3,3,0,0,7,50,0,220,220,1,9,5,2,0,0,0,0
1300668,3,2022,2022,1,2,2,18,36,30,34609,0,1,1,-34.215965,150.57103,79,2,2,0,1,0,0,0,0,0,7,60,0,4552,5151,8,10,40,1,0,0,0,0
1300679,3,2022,2022,5,1,5,4,27,29,34609,0,1,1,-33.917717,150.889689,41,0,2,1,1,0,0,0,2,0,7,50,0,4026,4026,8,5,40,1,0,0,0,0
1300686,3,2022,2022,11,1,3,916,17,66,917,0,1,2,-32.810916,151.669878,48,0,2,1,3,0,0,0,2,0,7,80,2,14295,14295,3,10,0,4,0,0,0,0
1300692,3,2022,2022,5,3,6,3371,17,149,3342,0,1,7,-33.344519,151.368135,16,2,2,0,1,0,3,4,2,0,7,60,2,1259,985,8,10,40,1,0,0,0,0
1300697,3,2022,2022,11,0,5,86,27,16,65,0,1,1,-30.021859,152.655173,18,1,0,0,3,0,3,3,2,0,7,100,1,4552,5151,8,0,40,1,0,0,0,0
1300700,3,2022,2022,11,5,4,18,31,201,34609,0,1,10,-34.878624,150.602205,63,2,1,1,3,0,0,0,2,2,7,50,0,5929,5929,1,19,5,2,0,0,0,0
1300702,3,2022,2022,1,5,8,177,22,239,176,0,1,10,-34.040003,151.120436,68,0,2,1,3,0,0,0,2,0,0,60,2,5929,5929,1,5,13,2,0,0,0,0
1300704,3,2022,2022,11,5,8,8,10,164,34609,0,1,1,-33.718142,150.891638,7,0,2,1,3,0,0,0,2,0,7,50,0,5929,5929,1,5,25,2,0,0,0,0
1300705,3,2022,2022,11,3,6,2,27,4,34609,0,1,1,-36.490962,148.833288,65,1,0,1,3,2,3,0,2,0,7,100,0,1945,1945,5,0,40,1,0,0,0,0
1300708,3,2022,2022,11,2,3,30,10,19,30,0,1,1,-33.293344,151.236257,16,2,2,1,3,0,0,0,2,0,7,60,1,9859,9859,8,10,40,1,0,0,0,0
1300709,3,2022,2022,11,3,7,6,27,13,34609,0,1,9,-34.556786,150.751241,62,0,2,1,3,0,0,0,2,0,0,80,0,9859,9859,8,10,40,1,0,0,0,0
1300717,3,2022,2022,11,6,5,35,27,193,33,0,1,1,-33.782548,151.097412,61,0,2,1,3,0,0,0,2,0,7,60,1,4026,4026,8,5,40,1,0,0,0,0
1300720,3,2022,2022,11,3,10,12,27,19,34609,0,1,1,-28.600439,153.501717,10,2,1,0,3,0,0,0,0,0,7,80,0,782,957,5,0,40,1,0,0,0,0
1300723,3,2022,2022,11,0,10,2,27,11,34609,0,1,1,-35.168068,147.336696,75,2,1,1,3,0,3,0,0,0,7,50,0,4026,4026,8,5,40,1,0,0,0,0
1300725,3,2022,2022,1,5,7,8,31,117,34609,0,1,9,-28.186268,153.526436,72,2,1,1,1,0,0,0,2,2,7,50,0,2852,2852,4,16,5,2,0,0,0,0
1300734,3,2022,2022,11,3,7,11,31,39,34609,0,1,1,-32.90719,151.581492,37,0,2,0,3,2,3,3,2,0,7,50,0,1957,777,1,0,0,2,0,0,0,0
1300740,3,2022,2022,6,0,5,3371,17,32,3342,0,1,2,-31.939402,152.47894,43,1,0,1,3,0,0,0,2,0,7,110,2,404,404,8,0,40,1,0,0,0,0
1300741,3,2022,2022,5,4,5,2,31,78,34609,0,1,1,-33.846928,151.006485,21,0,2,1,1,0,3,4,2,0,7,50,0,489,489,5,9,4,2,0,0,0,0
1300747,3,2022,2022,11,2,5,26,27,26,25,0,1,1,-31.968826,152.583471,43,2,1,1,3,0,0,0,2,0,7,50,1,1981,1981,4,0,13,2,0,0,0,0
1300750,3,2022,2022,1,0,1,3,10,78,34609,0,1,1,-34.478624,150.858654,80,0,2,0,3,0,0,0,0,0,7,50,0,3775,3775,0,5,5,2,0,0,0,0
1300751,3,2022,2022,11,0,9,36,27,6,39,0,1,1,-32.383919,149.168478,22,1,0,0,3,0,0,0,0,0,7,100,2,84,84,8,10,40,1,0,0,0,0
1300754,3,2022,2022,11,0,3,37,27,85,115,0,1,9,-33.719885,151.141831,36,0,2,1,3,0,0,0,2,0,7,60,1,1391,1391,1,0,5,2,0,0,0,0
1300755,3,2022,2022,11,1,7,1,10,11,34609,0,1,9,-35.165419,147.323761,75,2,1,0,3,0,0,3,2,0,7,70,0,1192,1192,1,0,12,2,0,0,0,0
1300758,3,2022,2022,11,0,2,128,27,61,133,0,1,1,-33.850621,150.655955,55,0,2,0,3,0,3,4,1,0,7,60,2,1850,1463,5,10,40,1,0,0,0,0
1300760,3,2022,2022,11,2,9,35,27,29,34609,0,1,1,-34.078208,150.553511,79,2,2,0,3,0,0,0,3,0,7,80,0,14295,14295,3,0,0,2,0,0,0,0
1300762,3,2022,2022,11,1,4,22,27,123,59,0,1,10,-33.889833,151.232864,69,0,2,1,3,0,0,0,2,2,7,40,1,1669,1669,3,10,0,2,0,0,0,0
1300763,3,2022,2022,11,2,6,2261,17,646,2252,1,0,10,-33.907195,151.033309,15,0,2,1,3,0,0,0,2,2,7,60,2,5929,5929,1,5,5,2,0,0,0,0
1300765,3,2022,2022,11,4,2,1052,14,56,928,0,1,3,-33.00246,151.507456,37,0,2,1,3,0,0,3,0,0,7,110,2,9859,9859,8,0,40,1,0,0,0,0
1300766,3,2022,2022,11,2,6,1,1,316,34609,0,1,9,-33.911355,151.253249,59,0,2,0,3,0,0,0,2,0,7,50,0,2852,2852,4,5,5,2,0,0,0,0
1300767,3,2022,2022,11,3,9,866,17,278,793,0,1,9,-33.758794,151.049124,54,0,2,1,3,0,0,0,3,2,7,70,2,14295,14295,3,5,5,2,0,0,0,0
1300768,3,2022,2022,11,0,7,45,27,74,45,0,1,10,-33.732827,151.027096,31,0,2,0,3,0,0,0,2,2,7,60,2,256,256,4,0,0,2,0,0,0,0
1300771,3,2022,2022,11,4,2,330,27,197,25,0,1,7,-33.802307,151.137607,61,0,2,1,3,0,0,0,0,0,0,60,1,6545,6545,4,10,0,2,0,0,0,0
1300772,3,2022,2022,11,2,6,1,1,111,34609,0,1,10,-33.695516,150.879552,7,0,2,1,3,0,3,3,2,0,0,50,0,6545,6545,4,0,0,2,0,0,0,0
1300773,3,2022,2022,11,1,4,515,14,523,518,0,1,3,-33.937874,150.912349,41,0,2,1,3,0,0,0,2,0,7,100,2,14295,14295,3,5,5,3,0,0,0,0
1300774,3,2022,2022,11,2,5,22,1,443,34609,0,1,10,-33.894321,151.054886,15,0,2,1,3,0,0,0,2,0,15,50,0,1391,1391,1,0,5,2,0,0,0,0
1300776,3,2022,2022,11,6,8,109,27,204,105,0,1,9,-33.897949,150.925232,24,0,2,1,3,0,0,0,0,2,7,60,2,1669,1669,3,21,0,4,0,0,0,0
1300779,3,2022,2022,11,4,10,83,27,169,147,0,1,9,-28.652494,153.615213,10,2,1,1,3,0,0,0,0,0,7,50,1,14295,14295,3,5,5,3,0,0,0,0
1300781,3,2022,2022,11,1,2,2209,17,106,2205,0,1,9,-34.563173,150.797864,62,0,2,1,3,0,0,0,0,2,7,60,2,5929,5929,1,0,36,2,0,0,0,0
1300786,3,2022,2022,11,1,8,13,27,346,59,0,1,1,-33.871202,151.085937,67,0,2,1,1,0,0,0,3,0,7,50,1,190,190,1,0,12,3,0,0,0,0
1300790,3,2022,2022,11,6,6,123,36,10,90,0,1,9,-31.915971,151.884105,43,1,0,0,3,0,0,0,2,0,7,100,1,3775,3775,0,0,36,2,0,0,0,0
1300791,3,2022,2022,11,6,8,6,31,92,34609,0,1,7,-33.876125,150.970886,24,0,2,1,3,0,0,0,2,0,0,50,0,9859,9859,8,5,40,1,0,0,0,0
1300792,3,2022,2022,11,0,0,294,17,9,288,0,1,1,-35.107381,147.220199,75,1,0,0,3,0,3,3,0,0,7,100,2,1850,1463,5,3,40,1,0,0,0,0
1300799,3,2022,2022,11,0,8,2,27,33,34609,0,1,1,-33.968855,151.035168,15,0,2,1,0,0,0,0,2,0,7,50,0,9859,9859,1,5,5,2,0,0,0,0
1300801,3,2022,2022,11,3,7,48,10,252,34609,0,1,1,-33.950645,150.860269,41,0,2,0,1,0,0,0,2,0,7,50,0,2585,4009,1,5,5,4,0,0,0,0
1300802,3,2022,2022,11,2,11,220,14,51,220,0,1,3,-34.169247,150.978153,80,0,2,1,0,0,0,0,0,0,7,110,2,4026,4026,8,0,40,1,0,0,0,0
1300804,3,2022,2022,5,0,0,2,31,111,34609,0,1,9,-33.703298,150.88322,7,0,2,1,2,0,0,0,0,0,7,50,0,2585,777,1,5,5,2,0,0,0,0
1300805,3,2022,2022,11,5,1,196,36,36,15,0,1,1,-33.947704,148.171389,51,1,0,0,0,0,0,0,0,0,7,100,1,4552,5151,8,10,40,1,0,0,0,0
1300820,3,2022,2022,11,0,9,135,17,131,136,1,0,10,-36.075187,146.925289,0,2,1,1,2,0,0,0,0,2,7,60,2,5929,5929,1,5,0,2,0,0,0,0
1300826,3,2022,2022,11,2,1,1,31,210,34609,0,1,9,-34.038589,151.106653,68,0,2,1,2,0,0,0,0,0,7,50,0,9859,9859,8,5,40,1,0,0,0,0
1300827,3,2022,2022,1,1,3,308,14,76,311,0,1,3,-33.921388,150.854387,41,0,2,1,1,0,0,3,2,0,7,100,2,1383,1383,1,3,12,2,0,0,0,0
1300843,3,2022,2022,5,2,11,125,31,438,44,0,1,1,-33.848337,151.03219,21,0,2,1,2,0,0,0,0,0,7,50,1,9859,9859,8,5,40,1,0,0,0,0
1300844,3,2022,2022,11,3,7,11,27,29,25,0,1,9,-33.478802,151.435364,16,2,2,0,3,0,0,0,2,0,0,50,1,1109,787,1,5,5,2,0,0,0,0
1300845,3,2022,2022,11,6,5,78,27,438,103,0,1,10,-33.86338,151.029999,21,0,2,1,3,0,0,0,2,0,15,50,1,6545,6545,4,0,5,3,0,0,0,0
1300846,3,2022,2022,11,1,4,866,17,171,793,0,1,10,-33.807257,150.969318,21,0,2,1,3,0,0,0,2,2,7,70,2,5929,5929,1,5,5,2,0,0,0,0
1300852,3,2022,2022,11,0,8,14,31,155,231,0,1,1,-33.488641,151.323211,16,2,2,1,3,0,0,0,2,0,7,50,2,9859,9859,1,5,36,3,0,0,0,0
1300854,3,2022,2022,11,4,2,53,36,96,34,0,1,1,-33.399663,148.165046,51,1,0,1,3,0,3,4,0,0,7,100,2,14295,14295,3,30,5,2,0,0,0,0
1300855,3,2022,2022,11,4,5,916,17,66,917,0,1,2,-32.81266,151.662348,48,0,2,1,3,0,3,4,2,0,7,90,2,1192,1192,1,9,10,3,0,0,0,0
1300857,3,2022,2022,1,3,6,60,18,5,34609,0,1,9,-29.406411,153.348679,18,2,1,1,3,0,0,0,2,0,7,50,0,4552,985,8,30,40,1,0,0,0,0
1300860,3,2022,2022,11,2,6,37,27,19,52,0,1,1,-33.941105,150.580764,79,2,2,1,3,0,0,0,2,0,7,80,1,3775,3775,0,5,13,2,0,0,0,0
1300863,3,2022,2022,1,3,0,15,1,17,69,0,1,1,-33.792514,151.162984,77,0,2,0,2,0,3,4,0,0,7,50,2,4552,5151,1,5,0,2,0,0,0,0
1300871,3,2022,2022,5,2,9,512,17,43,441,0,1,1,-32.574183,148.948564,22,2,1,1,0,0,0,0,0,0,7,80,2,3775,3775,0,5,35,2,0,0,0,0
1300878,3,2022,2022,1,5,8,515,14,252,518,0,1,3,-33.950638,150.881851,41,0,2,0,0,0,3,4,2,0,7,100,2,14295,14295,3,10,40,2,0,0,0,0
1300887,3,2022,2022,11,3,9,3371,17,463,3342,0,1,1,-30.297311,153.112959,19,2,1,1,2,0,0,0,0,0,8,60,2,9859,9859,1,3,0,2,0,0,0,0
1300894,3,2022,2022,1,4,11,12,27,39,34609,0,1,2,-34.040145,150.758599,12,0,2,1,2,0,0,0,0,0,7,50,0,9859,9859,1,9,11,2,0,0,0,0
1300897,3,2022,2022,1,3,0,41,27,102,91,0,1,1,-33.954558,151.23592,59,0,2,0,1,0,0,0,0,0,7,50,1,4552,5151,1,0,13,2,0,0,0,0
1300900,3,2022,2022,11,4,9,1,31,10,34609,1,0,1,-34.300521,146.083716,28,2,1,1,3,0,0,3,0,0,7,50,0,4026,4026,1,5,5,2,0,0,0,0
1300905,3,2022,2022,1,6,5,25,1,80,139,0,1,2,-34.551629,146.40532,51,2,1,1,3,0,0,0,2,0,7,50,2,941,941,1,5,5,2,0,0,0,0
1300909,3,2022,2022,11,6,4,1104,14,142,962,0,1,3,-33.827854,150.999409,54,0,2,0,3,0,0,0,2,0,7,90,2,14295,14295,3,0,0,3,0,0,0,0
1300910,3,2022,2022,11,4,7,8,31,98,34609,0,1,10,-30.977503,150.247865,51,2,1,1,3,0,0,3,2,0,7,50,0,1109,397,1,5,12,2,0,0,0,0
1300912,3,2022,2022,11,0,3,1052,27,69,262,0,1,7,-32.906231,151.691966,48,0,2,0,3,0,0,0,2,0,7,70,2,1391,1391,1,5,0,3,0,0,0,0
1300914,3,2022,2022,11,0,10,2261,17,14,2252,0,1,2,-34.791149,149.172693,74,1,0,0,3,0,3,3,0,0,7,110,2,4552,5151,8,10,40,1,0,0,0,0
1300915,3,2022,2022,11,6,8,10,31,445,34609,0,1,10,-33.856155,151.050339,21,0,2,1,3,0,0,0,3,0,15,50,0,1391,1391,1,5,0,2,0,0,0,0
1300917,3,2022,2022,11,4,9,829,27,125,770,0,1,2,-33.835523,151.128073,51,0,2,1,3,0,3,4,0,0,7,60,2,14295,14295,3,30,5,2,0,0,0,0
1300918,3,2022,2022,1,6,7,26,27,71,38,1,0,10,-33.837194,150.967983,21,0,2,1,3,0,0,0,2,0,15,60,1,926,926,4,5,5,2,0,0,0,0
1300919,3,2022,2022,11,4,8,12,27,67,34609,0,1,9,-33.660675,150.914068,71,0,2,0,3,0,3,4,0,0,7,60,0,5929,5929,1,0,5,2,0,0,0,0
1300920,3,2022,2022,11,4,6,110,27,167,40,0,1,9,-33.837568,151.061337,54,0,2,0,3,0,0,0,2,0,0,60,1,926,926,4,0,5,2,0,0,0,0
1300921,3,2022,2022,11,4,4,3,31,207,9,0,1,1,-31.966771,141.444834,51,2,1,1,3,0,0,0,2,0,7,50,1,220,220,1,5,0,2,0,0,0,0
1300923,3,2022,2022,1,2,10,293,31,112,769,0,1,1,-33.605695,150.823862,29,2,2,1,3,0,0,0,0,0,7,60,2,144,144,1,0,12,3,0,0,0,0
1300926,3,2022,2022,11,1,6,1,1,92,34609,0,1,1,-33.986948,150.814138,13,0,2,1,3,0,0,0,2,0,7,50,0,9859,9859,1,0,0,2,0,0,0,0
1300927,3,2022,2022,11,2,2,265,17,2,193,0,1,1,-34.93298,147.4605,51,1,0,1,3,0,3,3,0,0,7,100,2,1089,1089,7,5,40,1,0,0,0,0
1300929,3,2022,2022,11,6,9,3371,17,92,3342,0,1,7,-33.403884,151.350155,16,2,2,0,3,0,3,0,0,0,0,60,2,6545,6545,4,0,5,2,0,0,0,0
1300930,3,2022,2022,11,6,9,5,27,41,34609,0,1,1,-34.395607,150.866862,80,0,2,0,3,0,0,0,0,0,7,50,0,3775,3775,0,30,36,2,0,0,0,0
1300932,3,2022,2022,11,6,4,2261,17,30,2252,0,1,2,-35.527753,147.548954,27,1,0,0,3,0,0,3,2,0,7,110,2,1259,5151,8,9,40,1,0,0,0,0
1300934,3,2022,2022,11,0,6,168,10,387,260,0,1,9,-33.938203,151.19283,4,0,2,1,3,0,3,3,2,0,7,70,2,1391,1391,1,5,5,2,0,0,0,0
1300935,3,2022,2022,11,6,7,3371,17,19,3342,0,1,2,-31.878623,152.558252,43,1,0,0,3,0,0,0,2,0,7,100,2,1089,1089,7,5,40,1,0,0,0,0
1300936,3,2022,2022,11,5,9,2126,17,438,2149,0,1,2,-33.845907,151.04362,21,0,2,1,3,0,0,0,0,0,7,60,2,14295,14295,3,5,0,2,0,0,0,0
1300937,3,2022,2022,11,1,3,2209,17,39,2205,0,1,9,-34.322722,150.913394,80,0,2,0,3,0,0,0,1,0,15,60,2,1259,5151,8,8,40,1,0,0,0,0
1300939,3,2022,2022,11,6,9,344,27,363,369,0,1,10,-33.747036,150.714261,55,0,2,1,3,0,3,0,3,2,7,70,2,14295,14295,3,0,13,3,0,0,0,0
1300940,3,2022,2022,11,6,8,6,27,2,34609,0,1,1,-28.654967,153.11783,39,1,0,1,3,0,3,0,2,0,7,100,0,1945,1945,5,5,40,1,0,0,0,0
1300941,3,2022,2022,11,3,4,2261,17,41,2252,0,1,9,-35.036165,148.110214,20,1,0,1,3,0,3,4,2,0,0,110,2,9859,9859,8,0,40,1,0,0,0,0
1300942,3,2022,2022,11,2,6,90,31,169,165,0,1,2,-33.900021,151.215364,69,0,2,1,3,0,0,0,2,0,7,60,2,1391,1391,1,0,5,2,0,0,0,0
1300943,3,2022,2022,1,0,8,109,27,169,382,0,1,1,-33.780238,150.850539,7,0,2,1,3,0,0,0,2,0,7,60,2,1981,1981,4,5,5,2,0,0,0,0
1300947,3,2022,2022,11,1,8,100,27,323,100,0,1,9,-33.798515,150.853064,7,0,2,1,3,0,0,0,3,2,7,70,2,14295,14295,3,9,5,2,0,0,0,0
1300948,3,2022,2022,11,5,8,82,27,12,34,0,1,1,-28.60032,153.092182,51,1,0,0,3,0,0,0,2,0,7,100,1,380,714,5,29,40,1,0,0,0,0
1300950,3,2022,2022,11,4,8,2126,17,106,2149,0,1,10,-33.885161,151.184532,69,0,2,1,3,0,0,3,2,2,7,60,2,6545,6545,4,5,5,2,0,0,0,0
1300955,3,2022,2022,1,4,10,149,36,15,113,0,1,1,-32.332488,152.522032,43,2,1,0,3,0,3,4,0,0,7,60,1,1957,4009,8,0,40,1,0,0,0,0
1300964,3,2022,2022,11,4,8,29,27,24,30,0,1,1,-33.90572,150.893165,41,0,2,1,3,0,0,0,2,0,7,60,1,2585,777,1,0,5,3,0,0,0,0
1300965,3,2022,2022,11,1,5,34,31,104,44,0,1,9,-33.828028,151.217254,49,0,2,1,3,0,0,0,2,0,15,50,1,2852,2852,4,0,25,2,0,0,0,0
1300966,3,2022,2022,11,1,6,89,31,532,34609,0,1,0,-33.869009,151.205308,69,0,2,1,3,0,0,0,2,0,7,40,0,14295,14295,3,5,13,2,0,0,0,0
1300968,3,2022,2022,1,1,5,61,31,32,45,0,1,1,-33.868549,150.968898,24,0,2,1,3,0,0,0,2,0,7,60,1,14295,14295,3,5,13,2,0,0,0,0
1300978,3,2022,2022,11,0,7,63,27,103,34,0,1,1,-32.946959,151.667335,37,0,2,1,3,0,0,0,2,0,7,60,1,9859,9859,1,5,5,2,0,0,0,0
1300979,3,2022,2022,11,0,10,2209,17,176,2205,0,1,10,-33.952926,151.137616,4,0,2,1,3,0,0,0,0,2,7,60,2,5929,5929,1,0,36,2,0,0,0,0
1300989,3,2022,2022,11,3,6,2261,17,49,2252,0,1,2,-34.732554,149.807842,26,1,0,1,0,0,0,0,2,0,7,110,2,404,404,8,5,40,1,0,0,0,0
1300996,3,2022,2022,11,5,0,1,27,13,34609,0,1,1,-28.899059,152.740536,51,1,0,1,0,0,0,0,0,0,7,100,0,489,489,5,10,40,1,0,0,0,0
1301007,3,2022,2022,11,6,5,31,27,197,69,0,1,9,-33.794617,151.139194,61,0,2,1,1,0,0,0,2,2,7,60,2,5929,5929,1,5,25,2,0,0,0,0
1301022,3,2022,2022,11,3,8,229,14,323,237,0,1,3,-33.770174,150.967022,71,0,2,0,2,0,0,0,0,0,7,100,2,4552,5151,8,30,40,1,0,0,0,0
1301034,3,2022,2022,11,0,11,6,27,39,34609,0,1,1,-34.030931,150.756677,12,0,2,1,2,0,3,4,0,0,7,60,0,9859,9859,1,5,0,2,0,0,0,0
1301045,3,2022,2022,1,1,6,308,14,49,311,0,1,6,-33.921678,150.855146,41,0,2,0,1,0,0,0,2,0,7,100,2,101,101,8,5,40,2,0,0,0,0
1301059,3,2022,2022,11,5,5,24,27,7,24,0,1,9,-34.847029,150.730037,63,2,1,1,3,0,0,0,2,0,0,80,1,5929,5929,1,5,13,2,0,0,0,0
1301063,3,2022,2022,6,3,10,1,36,117,34609,0,1,1,-28.177616,153.529829,72,2,1,0,2,0,3,4,0,0,7,50,0,4552,5151,8,5,40,1,0,0,0,0
1301071,3,2022,2022,1,3,7,3,27,5,34609,0,1,1,-30.760277,152.878412,47,2,1,0,0,2,0,0,2,0,7,60,0,4552,5151,8,5,40,1,0,0,0,0
1301072,3,2022,2022,11,2,8,33,27,70,49,0,1,7,-33.878304,150.870026,24,0,2,1,0,0,0,0,2,0,0,60,1,6545,6545,4,5,0,2,0,0,0,0
1301081,3,2022,2022,11,2,1,162,31,42,34609,0,1,1,-33.655477,151.311446,50,0,2,1,2,0,0,0,0,0,7,50,0,9859,9859,1,0,13,2,0,0,0,0
1301086,3,2022,2022,11,0,7,16,31,134,34609,0,1,10,-33.680976,150.875218,7,0,2,1,3,0,0,3,2,0,15,50,0,6545,6545,4,0,0,2,0,0,0,0
1301088,3,2022,2022,11,4,5,123,27,337,11,0,1,9,-33.728273,150.986717,71,0,2,1,1,0,0,0,2,2,7,50,1,2852,2852,4,19,5,2,0,0,0,0
1301096,3,2022,2022,11,0,7,79,27,46,159,0,1,9,-33.942765,151.120173,4,0,2,0,1,0,0,0,2,0,7,60,2,1957,4009,8,5,40,1,0,0,0,0
1301138,3,2022,2022,1,1,11,95,31,370,15,0,1,6,-34.057091,150.823703,13,0,2,0,2,0,0,0,0,0,7,60,1,1850,1463,5,5,40,1,0,0,0,0
1301143,3,2022,2022,11,6,1,31,23,139,187,0,1,2,-33.87031,151.147827,32,0,2,0,2,0,0,0,0,0,7,60,2,3775,3775,0,5,35,2,0,0,0,0
1301146,3,2022,2022,3,0,4,230,27,100,284,0,1,9,-33.801716,151.145386,77,0,2,1,1,0,0,0,2,3,7,60,2,29,29,6,5,40,1,0,0,0,0
1301157,3,2022,2022,5,3,1,25,31,169,147,0,1,2,-28.641298,153.609344,10,2,1,1,2,0,0,0,0,0,7,50,1,4026,4026,8,0,40,1,0,0,0,0
1301164,3,2022,2022,1,4,11,191,27,309,208,0,1,9,-33.810372,151.106055,61,0,2,1,2,0,0,0,0,2,7,60,2,256,256,4,0,5,2,0,0,0,0
1301166,3,2022,2022,11,2,4,37,7,122,34609,0,1,9,-33.422222,151.342819,16,2,2,1,1,0,0,0,2,2,7,60,0,14295,14295,3,5,5,2,0,0,0,0
1301168,3,2022,2022,11,6,2,10,27,74,34609,0,1,1,-33.754543,150.832659,7,0,2,1,2,0,0,0,0,0,7,50,0,4026,4026,8,5,40,1,0,0,0,0
1301176,3,2022,2022,5,2,9,213,17,132,213,0,1,1,-29.782019,151.151345,33,1,0,1,3,0,0,0,3,0,7,100,2,1089,1089,7,5,40,1,0,0,0,0
1301183,3,2022,2022,11,0,7,512,17,562,441,0,1,9,-32.255446,148.617384,22,2,1,1,3,0,0,0,2,0,0,60,2,14295,14295,3,10,5,3,0,0,0,0
1301184,3,2022,2022,11,0,8,168,17,18,212,0,1,1,-35.647413,150.141909,23,2,1,1,3,0,0,0,2,0,7,80,2,9859,9859,8,9,40,1,0,0,0,0
1301185,3,2022,2022,11,5,3,18,31,108,57,0,1,10,-28.864729,153.556685,2,2,1,1,3,0,0,0,2,0,0,60,1,1259,985,8,5,40,2,0,0,0,0
1301188,3,2022,2022,11,5,4,2209,17,35,2205,0,1,1,-35.502151,150.323097,63,1,0,0,3,0,0,0,2,0,7,100,2,1259,5151,8,5,40,1,0,0,0,0