Crash ID,Degree of crash - detailed,Reporting year,Year of crash,Month of crash,Day of week of crash,Two-hour intervals,Street of crash,Street type,Town,Route no.,School zone location,School zone active,Type of location,Latitude,Longitude,LGA,Urbanisation,Conurbation 1,Alignment,Street lighting,Road surface,Surface condition,Weather,Natural lighting,Signals operation,Other traffic control,Speed limit,Road classification,RUM - code,DCA - code,First impact type,Key TU type,Other TU type,No. of traffic units involved,No. killed,No. seriously injured,No. moderately injured,No. minor-other injured
1301193,3,2022,2022,11,1,2,57,27,337,47,0,1,9,-33.726388,150.990221,71,0,2,1,3,0,0,0,1,2,7,60,2,186,186,1,9,5,2,0,0,0,0
1301215,3,2022,2022,11,4,9,234,27,337,217,0,1,10,-33.743491,150.998624,71,0,2,1,1,0,3,4,0,1,7,60,2,6545,6545,4,33,5,2,0,0,0,0
1301232,3,2022,2022,11,5,4,110,27,29,173,0,1,1,-34.401719,150.881226,80,0,2,1,3,0,0,0,2,0,7,60,2,4026,4026,8,8,40,1,0,0,0,0
1301233,3,2022,2022,11,6,2,2,27,13,34609,0,1,1,-30.053656,152.950254,18,1,0,1,3,0,0,1,0,0,7,100,0,1089,1089,7,10,40,1,0,0,0,0
1301236,3,2022,2022,1,0,0,3,31,273,34609,0,1,1,-34.426454,150.883032,80,0,2,1,2,0,0,0,0,0,7,50,0,9859,9859,1,5,0,4,0,0,0,0
1301238,3,2022,2022,11,2,9,2261,17,80,2252,0,1,2,-33.962799,150.881024,13,0,2,1,3,0,0,0,0,0,7,70,2,14295,14295,3,5,0,2,0,0,0,0
1301239,3,2022,2022,11,0,8,3371,17,25,3342,0,1,9,-32.863542,151.705352,48,0,2,1,3,0,0,3,2,2,7,80,2,14295,14295,3,8,12,2,0,0,0,0
1301240,3,2022,2022,11,0,3,2209,17,79,2205,0,1,7,-34.914502,150.603623,63,2,1,1,3,0,0,0,2,0,0,70,2,19,19,1,0,5,2,0,0,0,0
1301241,3,2022,2022,11,4,5,265,17,21,193,0,1,9,-35.084589,147.350212,75,2,1,0,3,0,3,4,2,0,7,80,2,926,926,4,5,0,2,0,0,0,0
1301242,3,2022,2022,11,2,8,2,27,3,34609,0,1,1,-31.965355,150.535756,73,1,0,0,3,2,0,0,3,0,7,100,0,3775,3775,0,0,13,2,0,0,0,0
1301245,3,2022,2022,11,1,4,32,27,169,88,0,1,10,-33.623945,150.739887,29,2,2,1,3,0,0,0,2,0,15,80,2,14295,14295,3,0,0,2,0,0,0,0
1301251,3,2022,2022,11,4,11,2,22,134,34609,0,1,1,-33.519007,151.301945,16,2,2,1,3,0,3,4,0,0,7,50,0,84,84,6,5,40,1,0,0,0,0
1301258,3,2022,2022,11,4,2,100,27,62,799,0,1,9,-33.896877,151.149388,32,0,2,1,3,0,0,0,1,2,7,60,2,301,301,4,5,0,2,0,0,0,0
1301260,3,2022,2022,11,2,2,2261,17,30,2252,0,1,2,-34.811663,148.418573,30,1,0,0,3,0,3,4,1,0,7,110,2,4552,5151,8,10,40,1,0,0,0,0
1301263,3,2022,2022,11,1,4,98,27,609,136,0,1,2,-33.776219,150.919794,7,0,2,0,3,0,0,0,2,0,7,60,2,14295,14295,3,8,0,3,0,0,0,0
1301264,3,2022,2022,1,0,11,13,31,20,34609,0,1,1,-32.935706,151.635103,37,0,2,1,2,0,0,0,0,0,7,50,0,4026,4026,8,5,40,1,0,0,0,0
1301267,3,2022,2022,11,5,11,22,10,72,34609,0,1,1,-34.018728,151.007427,68,0,2,1,3,0,0,0,0,0,7,50,0,9859,9859,1,5,36,2,0,0,0,0
1301273,3,2022,2022,3,4,1,3371,17,35,3342,0,1,2,-32.092226,152.393217,43,1,0,0,0,0,3,4,0,0,7,100,2,1957,4009,8,29,40,1,0,0,0,0
1301278,3,2022,2022,5,0,3,51,31,107,157,0,1,7,-29.693375,152.936713,18,2,1,1,1,0,0,0,2,0,0,50,2,1192,1192,1,33,0,2,0,0,0,0
1301312,3,2022,2022,11,3,11,25,27,89,208,0,1,2,-33.862806,150.883904,24,0,2,1,2,0,0,0,0,0,7,50,1,9859,9859,1,33,0,2,0,0,0,0
1301318,3,2022,2022,11,1,5,193,18,30,34609,0,1,1,-34.861546,147.577021,51,2,1,0,0,0,0,0,2,0,7,50,0,1957,4009,8,0,40,1,0,0,0,0
1301320,3,2022,2022,11,2,5,229,14,84,237,0,1,3,-33.764431,151.105348,61,0,2,0,1,0,0,0,2,0,7,100,2,404,404,8,0,40,1,0,0,0,0
1301328,3,2022,2022,11,2,0,89,27,182,228,1,0,1,-32.837616,151.345105,17,2,1,1,2,0,0,0,0,0,7,60,1,9859,9859,1,10,5,2,0,0,0,0
1301332,3,2022,2022,11,0,8,12,1,147,34609,0,1,1,-33.753727,151.287488,50,0,2,1,0,0,0,0,2,0,7,40,0,248,248,1,0,5,2,0,0,0,0
1301333,3,2022,2022,11,4,11,83,27,169,147,0,1,1,-28.654358,153.615834,10,2,1,1,3,0,2,6,0,0,7,50,1,9859,9859,8,10,40,1,0,0,0,0
1301339,3,2022,2022,11,2,9,1,10,47,34609,0,1,1,-28.837663,153.444718,2,2,1,0,2,0,0,0,0,0,7,50,0,1957,4009,1,10,41,2,0,0,0,0
1301340,3,2022,2022,11,6,6,54,31,225,62,0,1,1,-33.791158,151.19493,77,0,2,1,1,0,0,0,2,0,7,60,2,9859,9859,1,33,0,2,0,0,0,0
1301353,3,2022,2022,1,3,0,193,31,316,34609,0,1,1,-31.421378,152.896564,56,2,1,1,2,0,0,0,0,0,7,50,0,9859,9859,8,10,40,1,0,0,0,0
1301356,3,2022,2022,11,3,5,1052,14,77,928,0,1,3,-33.521444,151.196148,16,1,2,0,3,0,0,0,2,0,7,90,2,14295,14295,3,0,13,4,0,0,0,0
1301361,3,2022,2022,11,1,8,71,27,21,122,0,1,9,-34.539851,150.865027,62,0,2,1,0,0,0,0,3,0,0,70,2,1669,1669,3,0,13,2,0,0,0,0
1301362,3,2022,2022,11,5,7,23,1,179,70,0,1,9,-31.901503,152.479388,43,2,1,1,3,0,0,0,2,0,0,60,1,926,926,4,30,13,5,0,0,0,0
1301367,3,2022,2022,11,0,8,13,27,70,34609,0,1,1,-33.975255,151.106559,25,0,2,1,3,0,3,0,2,0,7,50,0,9859,9859,1,10,5,3,0,0,0,0
1301368,3,2022,2022,11,2,5,39,27,143,51,0,1,9,-33.690858,151.098714,31,0,2,1,3,0,0,0,2,0,7,60,2,926,926,4,34,5,2,0,0,0,0
1301371,3,2022,2022,11,2,5,3371,17,28,3342,0,1,2,-32.639319,151.931666,57,1,0,1,3,0,3,4,2,0,7,110,2,945,945,5,5,40,1,0,0,0,0
1301372,3,2022,2022,11,6,10,27,36,39,34609,0,1,1,-29.767192,153.002621,18,1,0,1,3,0,0,0,0,0,7,100,0,1089,1089,7,10,40,1,0,0,0,0
1301373,3,2022,2022,11,2,6,2209,17,12,2205,0,1,9,-36.169998,150.10796,23,1,0,0,3,0,0,0,2,0,0,100,2,4552,985,8,5,40,1,0,0,0,0
1301377,3,2022,2022,11,6,6,2,31,125,34609,0,1,1,-33.83098,151.13222,51,0,2,1,3,0,0,0,2,0,7,50,0,4026,4026,1,10,0,2,0,0,0,0
1301378,3,2022,2022,11,0,10,866,17,149,793,0,1,2,-33.815357,150.964247,21,0,2,0,3,0,0,0,0,0,7,70,2,1957,4009,8,5,40,1,0,0,0,0
1301380,3,2022,2022,11,6,9,82,31,363,369,0,1,10,-33.762276,150.710286,55,0,2,1,1,0,0,0,0,0,15,70,2,6545,6545,4,33,5,2,0,0,0,0
1301393,3,2022,2022,11,1,8,2126,17,94,2149,0,1,2,-33.775203,150.795265,55,0,2,1,1,0,0,0,3,0,7,60,2,1981,1981,4,0,19,2,0,0,0,0
1301419,3,2022,2022,11,0,7,13,31,207,34609,0,1,10,-31.957121,141.465011,51,2,1,1,1,0,0,0,2,0,0,40,0,4552,985,1,30,0,2,0,0,0,0
1301445,3,2022,2022,11,5,3,1052,14,60,928,0,1,3,-33.430212,151.24653,16,1,2,1,3,0,3,4,2,0,7,110,2,4026,4026,8,5,40,2,0,0,0,0
1301463,3,2022,2022,11,1,7,126,27,370,168,0,1,10,-34.068036,150.80261,13,0,2,1,3,0,0,0,2,2,7,60,2,6545,6545,4,30,13,2,0,0,0,0
1301467,3,2022,2022,11,0,5,2209,17,273,2205,0,1,1,-34.426011,150.877508,80,0,2,1,3,0,0,0,2,0,7,60,2,1391,1391,1,0,5,2,0,0,0,0
1301470,3,2022,2022,11,6,0,163,27,63,165,0,1,9,-33.740343,150.796695,7,0,2,1,3,0,3,4,0,0,0,60,1,9859,9859,8,5,40,1,0,0,0,0
1301473,3,2022,2022,11,5,6,348,17,9,232,0,1,1,-32.217337,149.427615,44,1,0,1,3,0,0,0,2,0,7,100,2,9859,9859,8,5,40,1,0,0,0,0
1301474,3,2022,2022,11,3,3,2261,17,11,2252,0,1,2,-35.878626,147.179951,27,1,0,1,3,0,0,1,1,0,7,110,2,9859,9859,8,0,40,1,0,0,0,0
1301475,3,2022,2022,11,6,9,109,27,460,106,0,1,1,-33.835551,150.98505,21,0,2,1,3,0,3,4,3,0,14,60,1,1945,1945,5,5,40,1,0,0,0,0
1301476,3,2022,2022,11,0,4,3371,17,43,3342,0,1,2,-30.443484,153.010356,6,1,0,0,3,0,3,4,2,0,7,110,2,1259,5151,8,5,40,1,0,0,0,0
1301478,3,2022,2022,11,1,7,192,10,84,114,0,1,7,-33.467968,151.383364,16,2,2,1,3,0,0,0,2,0,0,60,2,1383,1383,1,5,5,2,0,0,0,0
1301482,3,2022,2022,11,6,2,191,17,32,189,0,1,1,-32.122981,150.257631,73,1,0,1,3,0,3,4,0,0,7,100,2,1945,1945,5,29,40,1,0,0,0,0
1301483,3,2022,2022,11,2,9,6,27,443,34609,0,1,1,-33.914086,151.05823,15,0,2,1,2,0,3,4,0,0,7,50,0,4026,4026,1,0,0,3,0,0,0,0
1301484,3,2022,2022,11,3,7,280,10,314,82,0,1,10,-33.852251,150.931855,24,0,2,1,0,0,0,0,2,0,15,60,1,6545,6545,4,5,5,2,0,0,0,0
1301487,3,2022,2022,11,3,1,512,17,433,441,0,1,1,-33.252773,149.070658,52,1,0,1,3,0,3,1,0,0,7,100,2,1089,1089,7,10,40,1,0,0,0,0
1301489,3,2022,2022,11,5,8,103,27,94,563,0,1,2,-33.824158,151.051347,54,0,2,1,3,0,0,0,2,0,7,80,2,14295,14295,3,10,5,2,0,0,0,0
1301490,3,2022,2022,11,5,4,112,27,59,256,0,1,9,-33.969203,150.870172,13,0,2,1,3,0,3,0,2,2,9,80,2,4026,4026,8,5,40,1,0,0,0,0
1301491,3,2022,2022,11,6,4,3,27,3,34609,0,1,1,-36.029333,149.104797,65,1,0,0,3,2,3,4,2,0,7,100,0,1850,1463,5,9,40,1,0,0,0,0
1301492,3,2022,2022,11,3,2,361,32,62,96,0,1,9,-33.89408,151.149844,32,0,2,1,3,0,0,0,1,2,7,60,2,5929,5929,1,5,5,2,0,0,0,0
1301494,3,2022,2022,11,6,7,49,27,201,47,0,1,7,-33.989185,150.867706,13,0,2,0,3,0,0,3,2,0,0,60,1,2852,2852,4,10,5,2,0,0,0,0
1301500,3,2022,2022,1,5,4,12,31,91,34609,0,1,1,-33.965821,151.084348,25,0,2,1,0,0,2,6,2,0,7,50,0,9859,9859,1,5,0,3,0,0,0,0
1301520,3,2022,2022,11,5,9,3371,17,82,3342,1,0,2,-33.829577,151.202164,49,0,2,1,3,0,0,0,0,0,7,60,2,14295,14295,3,8,5,3,0,0,0,0
1301521,3,2022,2022,11,2,5,98,31,115,34609,1,0,9,-33.88149,151.194743,69,0,2,1,3,0,0,0,2,0,7,40,0,3775,3775,0,5,5,2,0,0,0,0
1301525,3,2022,2022,11,5,4,8,27,123,13,0,1,1,-33.892789,148.833053,51,1,0,1,0,0,0,0,2,0,7,100,1,15,15,1,10,10,3,0,0,0,0
1301532,3,2022,2022,11,1,10,10,1,11,34609,0,1,9,-35.728185,150.187755,23,2,1,1,3,0,0,3,0,0,7,50,0,4026,4026,8,5,40,1,0,0,0,0
1301533,3,2022,2022,11,5,7,2261,17,30,2252,0,1,2,-34.800363,148.522759,30,1,0,1,3,0,3,4,2,0,7,110,2,1192,1192,1,0,5,2,0,0,0,0
1301534,3,2022,2022,11,2,2,75,10,80,165,0,1,3,-33.936044,151.206495,4,0,2,0,3,0,3,3,0,0,7,80,2,4552,5151,8,5,40,1,0,0,0,0
1301535,3,2022,2022,11,2,7,5,27,223,136,0,1,9,-33.803313,150.91589,7,0,2,0,3,0,0,0,2,0,0,60,2,6545,6545,4,0,5,2,0,0,0,0
1301537,3,2022,2022,11,5,8,265,2,167,34609,0,1,10,-33.851868,151.069885,54,0,2,1,3,0,0,0,0,2,7,60,0,1192,1192,1,5,5,2,0,0,0,0
1301541,3,2022,2022,5,1,11,34,27,38,117,0,1,2,-32.925856,151.696033,48,0,2,0,3,0,3,4,0,2,7,60,2,1981,1981,4,9,25,2,0,0,0,0
1301543,3,2022,2022,11,2,4,1,27,2,34609,0,1,1,-35.94031,150.013177,23,1,0,0,3,2,0,0,2,0,7,100,0,2585,4009,8,10,40,1,0,0,0,0
1301544,3,2022,2022,11,4,3,2209,17,204,2205,0,1,1,-33.940294,151.146677,4,0,2,1,3,0,0,3,2,0,7,60,2,14295,14295,3,21,0,4,0,0,0,0
1301547,3,2022,2022,11,6,9,11,31,71,34609,0,1,1,-33.835313,150.965302,21,0,2,1,3,0,0,0,0,0,7,50,0,4026,4026,1,5,5,2,0,0,0,0
1301549,3,2022,2022,11,3,1,2261,17,35,2252,0,1,2,-34.902078,148.194066,20,1,0,1,3,0,0,1,0,0,7,110,2,1089,1089,7,5,40,1,0,0,0,0
1301559,3,2022,2022,11,2,1,40,27,7,74,0,1,1,-33.855487,151.131305,14,0,2,1,2,0,0,0,0,0,7,50,1,4026,4026,1,5,0,3,0,0,0,0
1301560,3,2022,2022,11,6,3,110,27,113,48,0,1,2,-34.339881,150.877927,80,0,2,0,0,0,0,0,2,0,7,100,2,14295,14295,3,33,5,2,0,0,0,0
1301575,3,2022,2022,11,0,0,1,31,74,34609,0,1,1,-34.631389,148.046833,20,2,1,1,2,0,0,6,0,0,7,50,0,9859,9859,8,5,40,1,0,0,0,0
1301613,3,2022,2022,11,0,11,41,27,38,34609,0,1,1,-32.756944,151.879356,57,2,1,0,2,0,3,4,0,0,7,50,0,1850,1463,5,10,40,1,0,0,0,0
1301621,3,2022,2022,1,1,7,100,27,68,78,0,1,1,-33.65805,149.801685,51,1,0,1,0,0,0,0,2,0,7,100,2,945,945,5,29,40,1,0,0,0,0
1301644,3,2022,2022,11,3,10,1052,14,23,928,0,1,3,-33.310866,151.399809,16,1,2,1,3,0,0,0,0,0,7,110,2,14295,14295,3,0,5,2,0,0,0,0
1301645,3,2022,2022,11,6,3,2261,17,252,2252,0,1,2,-33.956417,150.874436,41,0,2,1,3,0,0,0,2,0,7,70,2,1391,1391,1,0,13,2,0,0,0,0
1301648,3,2022,2022,1,4,10,82,27,84,181,0,1,1,-33.89558,151.272422,76,0,2,1,1,0,0,0,0,0,7,50,2,9859,9859,1,0,13,3,0,0,0,0
1301656,3,2022,2022,11,3,8,1,31,29,34609,0,1,1,-35.137511,147.339342,75,2,1,1,3,0,0,0,3,0,7,50,0,14295,14295,3,29,5,2,0,0,0,0
1301657,3,2022,2022,11,4,6,225,17,50,180,0,1,1,-34.569887,150.668373,62,0,2,0,3,0,3,4,2,0,7,60,2,3775,3775,0,5,5,3,0,0,0,0
1301658,3,2022,2022,11,4,6,153,27,290,147,0,1,9,-33.949352,151.116228,4,0,2,1,3,0,0,0,2,0,7,60,2,5929,5929,1,5,0,2,0,0,0,0
1301666,3,2022,2022,11,5,4,866,17,173,793,0,1,9,-33.719218,151.107168,31,0,2,1,3,0,3,4,2,0,0,60,2,775,775,4,5,5,2,0,0,0,0
1301667,3,2022,2022,1,0,9,1104,14,460,962,0,1,3,-33.825474,150.990883,54,0,2,1,3,0,0,0,0,0,7,90,2,1391,1391,1,5,13,2,0,0,0,0
1301671,3,2022,2022,11,1,6,91,27,119,187,0,1,9,-33.871011,151.173089,32,0,2,1,3,0,0,0,2,2,7,70,2,1192,1192,1,5,10,3,0,0,0,0
1301673,3,2022,2022,11,3,8,2261,17,140,2252,0,1,10,-33.904791,151.003998,15,0,2,0,3,0,0,0,2,0,0,70,2,926,926,4,10,5,2,0,0,0,0
1301676,3,2022,2022,11,3,6,2126,17,283,2149,0,1,9,-33.82652,151.004665,54,0,2,1,3,0,0,0,2,1,7,60,2,14295,14295,3,0,5,3,0,0,0,0
1301678,3,2022,2022,11,5,7,18,1,293,34609,0,1,10,-33.946407,151.238463,59,0,2,1,3,0,0,0,2,0,15,50,0,6545,6545,4,5,10,2,0,0,0,0
1301680,3,2022,2022,11,0,9,12,27,28,34609,0,1,1,-32.9433,151.626672,37,0,2,0,3,0,3,4,0,0,7,60,0,3775,3775,0,30,0,2,0,0,0,0
1301681,3,2022,2022,11,1,8,232,36,36,168,0,1,9,-34.049513,150.714468,12,0,2,1,3,0,0,0,0,0,15,70,1,150,150,4,5,5,2,0,0,0,0
1301683,3,2022,2022,11,4,1,65,10,132,148,0,1,1,-34.14975,151.02916,68,0,2,0,3,0,3,3,0,0,7,60,2,4552,5151,8,10,40,1,0,0,0,0
1301689,3,2022,2022,11,2,8,265,17,7,193,0,1,7,-35.070136,147.380534,75,1,0,1,3,0,0,3,3,0,0,100,2,6545,6545,4,10,40,2,0,0,0,0
1301690,3,2022,2022,5,6,7,213,17,11,213,0,1,9,-29.684629,152.8679,18,1,0,1,0,0,0,0,2,0,0,100,2,2852,2852,4,0,5,2,0,0,0,0
1301694,3,2022,2022,11,5,8,169,31,108,57,0,1,10,-28.868256,153.554913,2,2,1,1,3,0,0,3,2,2,7,60,1,5929,5929,1,10,5,2,0,0,0,0
1301695,3,2022,2022,1,0,10,2126,17,179,2149,0,1,2,-33.759237,150.722277,55,0,2,1,3,0,0,0,0,0,7,60,2,9859,9859,1,34,5,3,0,0,0,0
1301696,3,2022,2022,11,0,4,1,25,228,34609,0,1,1,-34.726935,149.722895,26,2,1,1,3,0,0,3,2,0,7,50,0,1981,1981,4,0,5,2,0,0,0,0
1301712,3,2022,2022,11,1,3,39,10,87,65,0,1,10,-33.699777,150.958865,71,0,2,1,3,0,0,0,2,2,7,60,1,5929,5929,1,5,5,2,0,0,0,0
1301714,3,2022,2022,11,6,3,72,27,159,56,0,1,10,-33.807101,151.070503,54,0,2,1,3,0,0,0,2,2,7,60,2,1383,1383,1,9,5,2,0,0,0,0
1301716,3,2022,2022,11,4,5,49,22,77,44,0,1,10,-33.732294,151.077308,31,0,2,1,3,0,0,0,2,0,7,50,1,5929,5929,1,5,5,2,0,0,0,0
1301717,3,2022,2022,11,5,8,171,31,273,34609,0,1,7,-34.420257,150.89844,80,0,2,1,3,0,0,0,2,0,0,50,0,6545,6545,4,5,5,2,0,0,0,0
1301728,3,2022,2022,11,5,7,95,31,46,34609,0,1,1,-33.880236,151.236912,81,0,2,0,0,0,0,0,2,0,7,50,0,237,162,8,0,40,1,0,0,0,0
1301731,3,2022,2022,1,6,8,8,31,137,54,0,1,7,-34.029867,151.059264,68,0,2,0,0,0,0,0,2,0,0,50,2,6545,6545,4,0,0,2,0,0,0,0
1301735,3,2022,2022,1,1,6,500,27,198,799,0,1,1,-33.917615,151.105892,15,0,2,1,3,0,0,0,2,0,7,60,2,4026,4026,8,5,40,1,0,0,0,0
1301740,3,2022,2022,5,5,7,8,31,237,34609,0,1,7,-33.86742,150.950668,24,0,2,1,1,0,0,0,2,0,0,50,0,1109,397,1,5,5,2,0,0,0,0
1301741,3,2022,2022,11,0,1,46,27,148,43,0,1,2,-36.048071,146.930868,0,2,1,1,2,0,0,0,0,0,3,60,1,1282,1282,1,5,40,1,0,0,0,0
1301749,3,2022,2022,11,0,7,1052,27,219,262,0,1,2,-32.904337,151.686343,48,0,2,1,1,0,0,0,2,0,7,60,2,14295,14295,3,5,5,3,0,0,0,0
1301751,3,2022,2022,11,4,11,2126,17,139,2149,0,1,10,-33.879332,151.131309,32,0,2,1,2,0,0,0,0,0,7,60,2,4026,4026,8,5,40,1,0,0,0,0
1301753,3,2022,2022,11,0,7,234,27,323,217,0,1,1,-33.747064,150.993857,71,0,2,0,1,0,0,0,2,0,7,60,2,1282,1282,1,33,0,2,0,0,0,0
1301757,3,2022,2022,11,2,2,18,1,165,34609,0,1,9,-32.276126,150.887065,46,2,1,1,2,0,3,4,0,0,7,50,0,9859,9859,8,5,40,1,0,0,0,0
1301759,3,2022,2022,11,1,10,10,31,463,34609,0,1,1,-30.288408,153.108183,19,2,1,1,2,0,0,0,0,0,7,50,0,9859,9859,8,5,40,3,0,0,0,0
1301769,3,2022,2022,11,4,9,177,22,87,176,0,1,10,-34.051106,151.152311,68,0,2,1,0,0,3,4,0,0,0,60,2,14295,14295,3,5,36,2,0,0,0,0
1301773,3,2022,2022,1,4,10,1,36,101,34609,0,1,9,-32.895008,151.602276,37,0,2,1,3,0,3,4,0,0,7,50,0,1981,1981,4,0,5,2,0,0,0,0
1301775,3,2022,2022,11,3,0,57,1,147,34609,0,1,1,-33.867155,151.137922,14,0,2,1,2,0,3,3,0,0,7,50,0,9859,9859,1,0,5,5,0,0,0,0
1301779,3,2022,2022,11,0,4,25,1,31,34609,0,1,1,-33.504175,151.325899,16,2,2,1,1,0,0,0,2,0,7,50,0,4026,4026,1,0,13,2,0,0,0,0
1301788,3,2022,2022,11,3,1,55,27,134,38,0,1,2,-33.951488,150.819055,12,0,2,1,2,0,0,0,0,0,7,80,2,9859,9859,8,10,40,1,0,0,0,0
1301800,3,2022,2022,11,2,9,2209,17,176,2205,0,1,9,-33.950732,151.138735,4,0,2,1,2,0,0,0,0,3,7,60,2,14295,14295,3,5,40,2,0,0,0,0
1301807,3,2022,2022,11,1,4,485,27,232,769,0,1,10,-33.693599,150.925067,71,0,2,1,3,0,0,0,2,2,7,80,2,515,515,1,0,22,3,0,0,0,0
1301819,3,2022,2022,10,3,0,1,31,96,34609,0,1,9,-34.058014,150.833051,13,0,2,0,2,0,0,0,0,0,0,60,0,1957,4009,1,5,0,2,0,0,0,0
1301820,3,2022,2022,10,5,3,112,27,18,769,0,1,1,-33.515853,150.47217,29,2,2,0,0,0,0,0,2,0,7,80,2,3775,3775,0,9,5,2,0,0,0,0
1301828,3,2022,2022,10,2,5,2209,17,157,2205,0,1,9,-34.010202,151.095716,68,0,2,0,2,0,0,0,2,2,7,70,2,2852,2852,4,9,5,2,0,0,0,0
1301829,3,2022,2022,11,6,3,500,27,129,799,0,1,10,-33.92816,151.077641,15,0,2,1,0,0,0,0,2,0,0,60,2,2852,2852,4,5,40,2,0,0,0,0
1301835,3,2022,2022,10,2,9,6,27,21,34609,0,1,1,-33.037652,151.579233,37,0,2,1,0,0,2,6,3,0,7,60,0,4026,4026,8,0,40,1,0,0,0,0
1301836,3,2022,2022,11,2,6,4,31,33,34609,0,1,9,-33.484386,150.134613,40,2,1,0,0,0,0,0,2,0,7,50,0,6545,6545,4,30,25,2,0,0,0,0
1301846,3,2022,2022,1,0,6,7,27,12,34609,0,1,1,-33.849768,149.741751,51,2,1,0,3,0,0,0,2,0,7,50,0,2585,4009,8,5,40,1,0,0,0,0
1301847,3,2022,2022,11,2,8,1052,14,3,928,0,1,3,-33.331028,151.384067,16,1,2,0,3,0,0,0,3,0,7,110,2,1383,1383,1,10,5,2,0,0,0,0
1301851,3,2022,2022,11,6,4,194,31,24,90,0,1,1,-32.01005,151.95836,43,2,1,1,3,0,0,0,2,0,7,50,1,248,248,1,5,5,2,0,0,0,0
1301852,3,2022,2022,11,6,9,296,27,1,34609,0,1,1,-33.45442,149.053869,11,2,1,0,0,0,0,0,0,0,7,80,0,418,714,5,0,40,1,0,0,0,0
1301857,3,2022,2022,11,6,9,12,27,19,15,0,1,1,-33.481731,148.429952,11,1,0,0,3,0,0,0,2,0,7,100,1,2585,4009,8,5,40,1,0,0,0,0
1301859,3,2022,2022,1,4,4,80,27,316,34609,0,1,1,-33.913684,151.246917,59,0,2,0,1,0,0,0,2,0,7,50,0,4552,5151,1,0,5,2,0,0,0,0
1301862,3,2022,2022,1,4,3,1104,14,149,962,0,1,3,-33.817968,150.979766,21,0,2,0,1,0,0,0,2,0,7,90,2,2585,4009,8,5,40,1,0,0,0,0
1301865,3,2022,2022,11,3,10,6,2,53,34609,0,1,9,-33.920643,150.849319,41,0,2,1,3,0,0,0,0,0,0,50,0,5929,5929,1,5,13,2,0,0,0,0
1301868,3,2022,2022,10,1,9,47,27,12,34609,0,1,1,-32.924299,151.788653,48,0,2,0,3,0,0,0,0,0,7,30,0,4552,5151,1,0,5,2,0,0,0,0
1301869,3,2022,2022,11,0,9,1,27,9,34609,0,1,1,-33.749052,146.639352,51,1,0,1,3,0,0,0,0,0,7,100,0,1945,1945,5,10,40,1,0,0,0,0
1301873,3,2022,2022,11,4,9,4,31,79,34609,0,1,1,-33.829052,151.212402,49,0,2,1,3,0,3,4,0,0,7,50,0,248,248,1,5,5,2,0,0,0,0
1301875,3,2022,2022,10,3,10,110,27,41,173,0,1,2,-34.395335,150.86592,80,0,2,0,0,0,0,0,0,0,7,80,2,380,714,5,10,40,1,0,0,0,0
1301877,3,2022,2022,10,6,6,2261,17,65,2252,0,1,9,-36.040308,146.974486,0,2,1,1,3,0,3,4,2,0,7,60,2,9859,9859,8,5,40,1,0,0,0,0
1301880,3,2022,2022,11,6,10,225,17,15,180,0,1,2,-34.580797,150.505496,78,1,0,1,3,0,0,0,0,0,7,100,2,404,404,8,21,40,1,0,0,0,0
1301882,3,2022,2022,10,6,6,7,27,61,34609,0,1,1,-35.145339,149.181962,82,1,0,1,3,0,3,4,2,0,7,100,0,9859,9859,8,5,40,1,0,0,0,0
1301884,3,2022,2022,10,0,8,485,27,323,769,0,1,9,-33.755666,150.989721,71,0,2,1,3,0,3,4,2,0,0,60,2,2852,2852,4,5,5,3,0,0,0,0
1301890,3,2022,2022,11,0,0,4,27,4,34609,0,1,1,-30.706915,152.957402,47,2,1,1,0,0,0,0,0,0,7,80,0,4026,4026,8,10,40,1,0,0,0,0
1301891,3,2022,2022,10,4,2,143,27,201,34609,0,1,1,-34.008567,150.878943,13,0,2,1,0,0,3,4,0,0,7,60,0,84,84,8,5,40,1,0,0,0,0
1301892,3,2022,2022,11,4,9,20,27,13,24,1,0,9,-33.6231,151.052733,31,0,2,1,0,0,0,0,0,0,7,60,1,9859,9859,8,0,40,1,0,0,0,0
1301895,3,2022,2022,11,2,6,2,31,104,34609,0,1,9,-33.804173,150.772678,55,0,2,1,1,0,3,4,2,0,7,50,0,256,256,4,10,13,2,0,0,0,0
1301905,3,2022,2022,11,3,2,3371,17,18,3342,0,1,2,-30.82331,152.881436,47,1,0,0,3,0,0,1,0,0,7,100,2,418,714,5,29,40,1,0,0,0,0
1301909,3,2022,2022,10,3,0,15,10,26,34609,1,0,9,-33.07194,151.584267,37,0,2,1,2,0,3,4,0,0,7,50,0,9859,9859,8,10,40,1,0,0,0,0
1301910,3,2022,2022,11,3,6,84,27,147,415,1,0,2,-33.759447,151.138189,36,0,2,1,1,0,0,0,2,0,7,70,2,190,190,1,10,22,2,0,0,0,0
1301919,3,2022,2022,10,6,8,1052,14,149,928,0,1,3,-33.341111,151.372153,16,1,2,1,3,0,3,4,2,0,7,110,2,4026,4026,8,0,40,1,0,0,0,0
1301920,3,2022,2022,11,4,4,3371,17,43,3342,0,1,2,-30.448033,153.005587,6,1,0,0,3,0,3,4,2,0,7,110,2,1957,4009,8,5,40,1,0,0,0,0