Crash ID,Degree of crash - detailed,Reporting year,Year of crash,Month of crash,Day of week of crash,Two-hour intervals,Street of crash,Street type,Town,Route no.,School zone location,School zone active,Type of location,Latitude,Longitude,LGA,Urbanisation,Conurbation 1,Alignment,Street lighting,Road surface,Surface condition,Weather,Natural lighting,Signals operation,Other traffic control,Speed limit,Road classification,RUM - code,DCA - code,First impact type,Key TU type,Other TU type,No. of traffic units involved,No. killed,No. seriously injured,No. moderately injured,No. minor-other injured
1301933,3,2022,2022,11,0,1,73,31,102,34609,0,1,9,-31.103271,150.920197,70,2,1,1,2,0,3,4,0,0,9,50,0,9859,9859,8,5,40,1,0,0,0,0
1301935,3,2022,2022,11,2,10,2,31,52,34609,0,1,1,-33.904129,151.264742,76,0,2,0,3,0,0,0,0,0,7,50,0,4552,5151,1,0,5,4,0,0,0,0
1301945,3,2022,2022,11,1,7,22,1,16,34609,0,1,1,-33.726673,151.283786,50,0,2,1,1,0,0,0,2,0,7,50,0,9859,9859,1,0,13,4,0,0,0,0
1301947,3,2022,2022,11,6,8,6,27,105,34609,0,1,1,-32.724221,151.520482,42,2,1,1,3,0,0,0,2,0,7,50,0,3775,3775,0,0,10,2,0,0,0,0
1301950,3,2022,2022,11,2,1,191,27,33,208,0,1,9,-33.802038,151.100493,61,0,2,0,3,0,0,0,0,0,7,60,2,4552,5151,8,0,40,1,0,0,0,0
1301951,3,2022,2022,10,2,1,1,31,79,34609,0,1,9,-34.006902,150.730548,12,0,2,1,3,0,0,0,0,0,7,50,0,2852,2852,4,5,0,2,0,0,0,0
1301952,3,2022,2022,10,5,3,1,25,323,34609,0,1,1,-33.736955,150.981387,71,0,2,1,3,0,0,0,2,0,7,50,0,220,220,1,0,5,2,0,0,0,0
1301954,3,2022,2022,10,2,11,255,27,37,62,0,1,10,-32.802393,151.513614,17,2,1,1,3,2,3,3,0,0,0,60,2,6545,6545,4,0,36,2,0,0,0,0
1301959,3,2022,2022,11,0,10,1,27,14,34609,0,1,1,-34.480341,148.559177,30,1,0,1,3,0,0,0,0,0,7,100,0,1945,1945,5,30,40,1,0,0,0,0
1301962,3,2022,2022,10,2,9,76,24,164,154,0,1,2,-33.730002,150.87919,7,0,2,1,2,0,3,3,0,0,7,70,1,9859,9859,1,5,12,2,0,0,0,0
1301980,3,2022,2022,1,4,9,13,31,37,34609,0,1,0,-33.905961,151.253945,76,0,2,1,3,0,0,0,0,0,7,50,0,4026,4026,8,5,40,1,0,0,0,0
1301981,3,2022,2022,11,4,7,16,31,176,34609,0,1,1,-33.9571,151.13393,4,0,2,0,3,0,3,4,2,0,7,50,0,1259,5151,8,5,40,1,0,0,0,0
1301983,3,2022,2022,10,6,5,481,17,8,483,0,1,9,-34.34303,147.082557,51,1,0,1,3,0,3,4,2,0,0,110,2,489,489,8,5,40,1,0,0,0,0
1301985,3,2022,2022,3,0,3,4,31,12,34609,0,1,7,-33.790321,151.251071,50,0,2,1,3,0,3,0,2,0,0,40,0,926,926,4,16,25,2,0,0,0,0
1301987,3,2022,2022,11,6,2,481,17,77,483,0,1,1,-30.25192,149.804387,51,1,0,1,3,0,0,3,0,0,7,110,2,96,96,0,0,0,2,0,0,0,0
1301990,3,2022,2022,11,0,3,31,27,157,34609,0,1,10,-34.020573,151.095121,68,0,2,1,3,0,3,4,1,0,15,50,0,6545,6545,4,10,0,2,0,0,0,0
1301997,3,2022,2022,11,6,8,4,31,232,34609,0,1,9,-33.696665,150.930099,71,0,2,1,3,0,0,3,2,0,0,50,0,1109,787,1,0,5,2,0,0,0,0
1301998,3,2022,2022,11,6,9,2,1,12,34609,0,1,9,-32.543335,151.160385,64,2,1,1,3,0,3,4,0,0,0,50,0,2585,777,1,5,23,2,0,0,0,0
1301999,3,2022,2022,11,0,2,15,31,346,38,0,1,10,-33.875226,151.097691,9,0,2,1,3,0,3,4,1,2,7,50,1,4552,985,8,8,40,1,0,0,0,0
1302001,3,2022,2022,11,0,8,3,27,10,34609,0,1,1,-31.392682,152.809942,56,2,1,0,3,0,3,4,2,0,7,60,0,380,714,5,0,40,1,0,0,0,0
1302003,3,2022,2022,10,2,6,387,27,290,331,0,1,1,-33.957807,151.117876,4,0,2,1,3,0,0,3,2,0,7,60,2,14295,14295,3,30,5,4,0,0,0,0
1302011,3,2022,2022,10,6,1,32,27,56,62,0,1,10,-33.805787,151.199137,77,0,2,1,0,0,3,4,0,0,7,60,2,9859,9859,8,0,40,1,0,0,0,0
1302020,3,2022,2022,11,5,0,79,31,56,18,0,1,1,-33.856027,151.175953,32,0,2,1,1,0,0,0,0,0,9,40,1,4026,4026,8,0,40,1,0,0,0,0
1302053,3,2022,2022,11,6,6,14,27,77,17,0,1,1,-30.193391,149.927312,51,1,0,1,0,0,0,3,2,0,7,100,2,43,43,3,33,0,2,0,0,0,0
1302055,3,2022,2022,10,3,11,11,27,4,34609,0,1,1,-33.845631,151.115582,14,0,2,1,2,0,3,0,0,0,7,50,0,4026,4026,1,5,40,3,0,0,0,0
1302062,3,2022,2022,11,5,2,37,1,80,1,0,1,1,-33.969941,150.911961,13,0,2,1,0,0,0,0,1,0,7,60,1,9859,9859,8,9,40,1,0,0,0,0
1302067,3,2022,2022,1,4,2,866,17,149,793,0,1,2,-33.819422,150.962468,21,0,2,1,1,0,0,0,1,0,7,70,2,1282,1282,1,29,5,2,0,0,0,0
1302068,3,2022,2022,1,2,8,17,36,57,72,0,1,1,-28.636624,153.546625,10,1,0,0,3,0,3,3,3,0,7,100,2,3775,3775,0,5,41,2,0,0,0,0
1302084,3,2022,2022,11,4,5,2126,17,247,2149,0,1,2,-33.81333,150.959252,21,0,2,1,1,0,0,0,2,0,7,80,2,1192,1192,1,33,5,2,0,0,0,0
1302088,3,2022,2022,11,2,0,3,10,18,34609,0,1,1,-28.404122,153.561516,72,2,1,0,3,0,3,4,0,0,7,50,0,4552,5151,8,30,40,1,0,0,0,0
1302089,3,2022,2022,11,4,3,12,27,64,12,0,1,1,-33.894679,151.073357,67,0,2,1,3,0,0,0,1,0,7,60,1,9859,9859,1,8,10,2,0,0,0,0
1302093,3,2022,2022,11,6,3,3371,17,147,3342,0,1,2,-33.74746,151.145379,36,0,2,1,3,0,3,3,2,0,7,60,2,9859,9859,8,5,40,1,0,0,0,0
1302094,3,2022,2022,11,0,8,63,10,19,34609,0,1,9,-28.199109,153.497004,72,2,1,1,3,0,0,0,2,0,7,60,0,3775,3775,0,0,36,2,0,0,0,0
1302096,3,2022,2022,11,2,6,14,1,167,34609,0,1,9,-33.845002,151.060453,54,0,2,1,3,0,0,0,2,2,7,60,0,926,926,4,5,5,2,0,0,0,0
1302098,3,2022,2022,1,6,6,866,17,173,793,0,1,9,-33.719914,151.106379,31,0,2,1,3,0,0,0,2,2,7,70,2,14295,14295,3,5,0,3,0,0,0,0
1302100,3,2022,2022,11,4,9,512,17,433,441,1,0,9,-33.291701,149.111053,52,2,1,1,3,0,3,4,0,0,0,50,2,256,256,4,5,5,2,0,0,0,0
1302101,3,2022,2022,10,4,7,866,17,278,793,0,1,9,-33.777732,151.051807,54,0,2,1,3,0,3,4,2,2,7,60,2,14295,14295,3,5,5,2,0,0,0,0
1302102,3,2022,2022,5,3,1,158,27,138,207,0,1,1,-33.866701,151.271813,81,0,2,0,3,0,3,4,0,2,9,60,2,2585,4009,8,5,40,1,0,0,0,0
1302103,3,2022,2022,10,1,9,14,27,157,14,0,1,10,-33.799284,151.009561,54,0,2,1,3,0,0,0,0,0,7,60,1,5929,5929,1,5,25,2,0,0,0,0
1302107,3,2022,2022,11,0,5,1,4,121,34609,1,0,1,-28.205971,153.538867,72,2,1,1,3,0,0,0,2,0,7,50,0,9859,9859,1,33,5,2,0,0,0,0
1302112,3,2022,2022,10,2,7,55,27,137,96,0,1,1,-32.958197,151.689619,37,0,2,1,3,0,0,3,2,0,7,60,2,14295,14295,3,5,5,3,0,0,0,0
1302118,3,2022,2022,5,6,1,34,31,304,34609,0,1,1,-33.920339,151.154136,32,0,2,1,2,0,0,0,0,0,7,50,0,4026,4026,1,0,13,3,0,0,0,0
1302134,3,2022,2022,10,2,5,20,31,234,34609,0,1,1,-34.286207,146.056095,28,2,1,1,3,0,0,0,2,0,7,50,0,14295,14295,3,10,0,2,0,0,0,0
1302135,3,2022,2022,10,5,8,1,18,10,34609,0,1,1,-29.050465,153.068906,60,1,0,0,3,2,0,0,3,0,7,100,0,1957,4009,8,5,40,1,0,0,0,0
1302136,3,2022,2022,10,4,4,829,27,337,35,0,1,2,-33.733853,150.980906,71,0,2,1,3,0,3,3,2,0,7,50,1,1981,1981,4,0,5,2,0,0,0,0
1302146,3,2022,2022,11,3,2,225,17,32,180,0,1,1,-34.588388,150.590548,78,2,1,1,3,0,0,0,0,0,7,50,2,4026,4026,1,9,5,2,0,0,0,0
1302147,3,2022,2022,10,2,11,17,10,20,34609,0,1,1,-34.406058,150.818482,80,0,2,0,3,0,3,4,0,0,7,50,0,1957,4009,8,30,40,1,0,0,0,0
1302149,3,2022,2022,11,0,2,14,27,251,14,0,1,9,-33.775873,150.95534,7,0,2,1,3,0,3,3,0,0,7,60,1,2852,2852,4,5,19,2,0,0,0,0
1302157,3,2022,2022,10,0,3,61,10,160,34609,0,1,9,-33.09726,151.472685,37,0,2,1,3,0,0,1,2,0,7,60,0,1192,1192,1,5,36,2,0,0,0,0
1302158,3,2022,2022,10,2,10,37,6,169,34609,0,1,9,-33.782312,150.835562,7,0,2,1,3,0,0,0,2,0,0,50,0,6545,6545,4,0,5,2,0,0,0,0
1302160,3,2022,2022,10,3,10,91,27,119,187,0,1,9,-33.871011,151.173089,32,0,2,1,3,0,0,0,0,2,7,40,2,2852,2852,4,9,5,2,0,0,0,0
1302161,3,2022,2022,11,6,8,296,27,290,293,0,1,9,-33.85896,150.993993,21,0,2,1,3,0,0,0,3,0,7,70,2,1282,1282,1,5,5,2,0,0,0,0
1302163,3,2022,2022,1,2,9,3,31,460,34609,0,1,1,-33.839272,150.983554,21,0,2,1,2,0,0,0,0,0,7,50,0,9859,9859,1,10,12,2,0,0,0,0
1302164,3,2022,2022,11,3,0,11,10,3,34609,0,1,9,-32.045375,152.527161,43,2,1,1,0,0,3,3,0,0,0,60,0,489,489,8,5,40,1,0,0,0,0
1302165,3,2022,2022,11,6,8,93,1,161,34609,0,1,1,-33.725867,151.161789,36,0,2,1,2,0,0,0,0,0,7,50,0,9859,9859,1,30,5,2,0,0,0,0
1302166,3,2022,2022,11,5,7,225,17,76,180,1,0,1,-34.55132,150.367813,78,2,1,0,1,0,0,0,2,0,7,50,2,387,387,1,33,5,2,0,0,0,0
1302176,3,2022,2022,10,3,5,2261,17,93,2252,0,1,2,-36.096064,146.919686,0,1,0,0,1,0,0,0,2,0,7,110,2,4552,5151,8,5,40,1,0,0,0,0
1302180,3,2022,2022,10,1,1,194,31,316,34609,0,1,10,-31.431622,152.917176,56,2,1,1,2,0,0,0,0,0,7,50,0,9859,9859,1,0,0,2,0,0,0,0
1302195,3,2022,2022,11,1,2,63,17,207,63,0,1,7,-31.961691,141.462461,51,2,1,1,2,0,1,0,1,0,0,50,2,9859,9859,1,5,13,2,0,0,0,0
1302201,3,2022,2022,11,6,4,24,27,11,24,0,1,1,-28.323082,153.375707,72,2,1,0,0,0,0,0,2,0,7,80,1,2585,4009,8,5,40,1,0,0,0,0
1302208,3,2022,2022,11,0,10,53,31,140,125,0,1,10,-33.899975,151.003479,15,0,2,1,3,0,3,3,3,0,15,60,1,4026,4026,1,0,0,3,0,0,0,0
1302210,3,2022,2022,10,1,7,2261,17,93,2252,0,1,9,-36.09086,146.923666,0,2,1,1,3,0,0,0,2,2,7,60,2,2852,2852,4,10,13,2,0,0,0,0
1302211,3,2022,2022,11,0,4,3371,17,38,3342,0,1,10,-30.264971,153.130066,19,2,1,1,3,0,0,3,2,0,0,80,2,941,941,1,5,5,2,0,0,0,0
1302212,3,2022,2022,11,6,5,35,27,21,96,1,0,7,-32.958387,151.679768,37,0,2,0,3,0,0,0,2,0,0,60,2,395,395,1,5,5,2,0,0,0,0
1302217,3,2022,2022,10,5,3,829,27,123,770,0,1,2,-33.808327,151.067534,54,0,2,1,3,0,0,0,1,0,0,70,2,14295,14295,3,10,0,2,0,0,0,0
1302221,3,2022,2022,11,6,6,35,27,304,37,0,1,10,-33.906643,151.145827,32,0,2,1,3,0,0,0,2,2,7,50,1,5929,5929,1,5,41,2,0,0,0,0
1302223,3,2022,2022,10,0,7,512,17,562,441,0,1,1,-32.274968,148.676372,22,1,0,1,3,0,3,4,2,0,7,110,2,14295,14295,3,0,12,2,0,0,0,0
1302224,3,2022,2022,10,6,11,294,17,11,288,0,1,1,-35.125534,147.421019,75,2,1,1,3,0,3,4,0,0,7,60,2,217,217,1,5,13,2,0,0,0,0
1302226,3,2022,2022,10,6,0,73,31,532,34609,0,1,10,-33.870953,151.204856,69,0,2,1,3,0,0,0,0,2,7,40,0,186,186,1,0,5,2,0,0,0,0
1302230,3,2022,2022,10,6,10,2126,17,75,2149,0,1,2,-33.728134,150.390574,8,2,2,0,3,0,3,4,0,0,7,80,2,4552,5151,8,5,40,1,0,0,0,0
1302234,3,2022,2022,10,2,5,12,27,22,34609,0,1,1,-35.171646,149.970232,58,2,1,0,0,0,0,3,2,0,7,80,0,3775,3775,0,10,0,2,0,0,0,0
1302238,3,2022,2022,11,2,10,5,31,123,34609,0,1,1,-33.81527,151.054694,54,0,2,1,2,0,3,0,0,0,7,50,0,9859,9859,1,0,5,3,0,0,0,0
1302247,3,2022,2022,5,0,10,2261,17,34,2252,0,1,2,-34.793874,149.617625,26,1,0,1,0,0,0,0,0,0,7,110,2,1089,1089,7,0,40,1,0,0,0,0
1302264,3,2022,2022,11,0,9,11,7,304,52,0,1,7,-33.921987,151.156499,32,0,2,0,2,0,0,0,0,0,0,50,1,1282,1282,1,33,5,2,0,0,0,0
1302272,3,2022,2022,5,6,7,137,14,37,70,0,1,3,-32.809729,151.500009,17,1,0,1,0,0,3,4,2,0,7,110,2,14295,14295,3,5,5,2,0,0,0,0
1302276,3,2022,2022,5,2,11,9,31,127,34609,0,1,1,-33.897479,151.160935,32,0,2,1,2,0,0,0,0,0,7,50,0,9859,9859,1,10,5,2,0,0,0,0
1302278,3,2022,2022,1,6,6,165,31,523,34609,0,1,1,-33.923322,150.924772,41,0,2,1,0,0,0,0,2,0,7,30,0,9859,9859,1,10,5,2,0,0,0,0
1302280,3,2022,2022,10,0,3,5,27,4,34609,0,1,1,-35.102666,149.064407,82,1,0,1,3,0,3,4,2,0,7,100,0,9859,9859,8,30,40,1,0,0,0,0
1302282,3,2022,2022,10,6,7,1104,14,460,962,0,1,3,-33.827007,150.994164,54,0,2,1,3,0,3,4,2,0,7,90,2,1391,1391,1,0,0,4,0,0,0,0
1302286,3,2022,2022,11,5,7,105,27,174,109,0,1,7,-33.860494,150.927487,24,0,2,1,3,0,0,0,2,0,0,60,1,5929,5929,1,0,25,2,0,0,0,0
1302290,3,2022,2022,11,3,8,2261,17,96,2252,0,1,3,-34.222456,150.674262,79,1,2,0,3,0,0,0,2,0,7,110,2,273,957,5,10,40,1,0,0,0,0
1302292,3,2022,2022,10,1,5,6,1,115,34609,0,1,1,-34.035026,151.078488,68,0,2,1,3,0,0,0,2,0,7,50,0,941,941,1,10,5,2,0,0,0,0
1302295,3,2022,2022,10,2,4,485,31,169,769,0,1,10,-33.597752,150.752892,29,2,2,1,3,0,0,0,2,2,7,60,2,6545,6545,4,0,5,2,0,0,0,0
1302296,3,2022,2022,10,4,9,2126,17,363,2149,0,1,2,-33.750103,150.692364,55,0,2,1,3,0,0,0,0,2,7,50,2,5929,5929,1,5,5,2,0,0,0,0
1302297,3,2022,2022,10,4,1,16,27,113,16,0,1,1,-33.82479,150.760425,55,0,2,1,3,0,3,0,0,0,7,60,1,9859,9859,8,0,40,1,0,0,0,0
1302298,3,2022,2022,11,3,7,1,27,23,26,0,1,9,-34.045213,150.79946,13,0,2,1,3,0,3,3,2,2,7,60,1,4552,985,8,5,40,1,0,0,0,0
1302299,3,2022,2022,11,0,7,916,17,20,917,0,1,2,-30.96857,151.106027,70,1,0,1,3,0,3,0,2,0,7,100,2,1945,1945,5,5,40,1,0,0,0,0
1302311,3,2022,2022,10,4,4,117,27,72,144,1,0,9,-33.839704,151.088191,14,0,2,1,0,0,3,4,2,3,7,60,2,1957,777,8,10,40,1,0,0,0,0
1302317,3,2022,2022,1,3,11,40,27,94,40,0,1,1,-33.884455,150.929788,24,0,2,1,2,0,3,4,0,0,7,60,1,9859,9859,1,33,5,2,0,0,0,0
1302318,3,2022,2022,5,5,8,3371,17,32,3342,0,1,2,-32.388115,152.250644,43,1,0,1,3,0,3,4,2,0,7,110,2,4026,4026,8,5,40,1,0,0,0,0
1302319,3,2022,2022,10,3,0,3371,17,16,3342,0,1,2,-31.923605,152.509099,43,1,0,0,0,0,3,3,0,0,7,110,2,2585,4009,8,29,40,1,0,0,0,0
1302325,3,2022,2022,11,0,1,6,27,154,34609,0,1,1,-33.706761,150.949782,71,0,2,1,2,0,3,0,0,0,7,50,0,1282,1282,1,0,40,1,0,0,0,0
1302327,3,2022,2022,10,2,11,13,27,25,34609,0,1,1,-33.742682,150.810844,7,0,2,1,2,0,0,0,0,0,7,50,0,9859,9859,1,21,5,4,0,0,0,0
1302335,3,2022,2022,11,3,2,191,27,370,68,0,1,1,-34.05282,150.823309,13,0,2,1,2,0,0,0,0,0,7,60,1,404,404,8,5,40,1,0,0,0,0
1302345,3,2022,2022,10,2,8,178,27,189,101,0,1,9,-33.955608,151.051498,25,0,2,0,3,0,0,3,2,0,7,50,1,5929,5929,1,5,5,2,0,0,0,0
1302346,3,2022,2022,10,5,3,7,27,77,172,0,1,1,-33.028748,151.650712,37,0,2,1,3,0,0,0,2,0,7,50,2,175,188,8,5,40,1,0,0,0,0
1302349,3,2022,2022,10,5,6,481,17,562,483,0,1,9,-32.238021,148.61054,22,2,1,1,3,0,0,0,2,0,0,60,2,1391,1391,1,9,19,2,0,0,0,0
1302350,3,2022,2022,11,0,11,916,17,22,917,0,1,2,-32.765865,151.599973,42,2,1,1,3,0,3,3,0,0,7,80,2,9859,9859,8,34,40,1,0,0,0,0
1302351,3,2022,2022,11,6,9,118,17,98,118,0,1,7,-30.978676,150.25551,51,2,1,0,3,0,3,4,4,0,0,40,2,1109,397,1,5,0,2,0,0,0,0
1302352,3,2022,2022,10,1,5,485,27,154,769,0,1,9,-33.715973,150.960761,71,0,2,1,3,0,0,3,2,2,7,60,2,2852,2852,4,5,5,2,0,0,0,0
1302353,3,2022,2022,10,5,9,308,14,127,311,0,1,3,-33.851626,150.85168,24,0,2,1,3,0,0,3,2,0,7,100,2,1383,1383,1,29,5,2,0,0,0,0
1302355,3,2022,2022,10,1,6,54,31,91,28,0,1,7,-33.959127,151.082857,25,0,2,1,3,0,0,3,2,0,0,50,1,1282,1282,1,5,5,2,0,0,0,0
1302357,3,2022,2022,10,2,3,2209,17,79,2205,0,1,2,-34.908989,150.603214,63,2,1,1,3,0,0,0,1,0,7,70,2,9859,9859,8,5,40,1,0,0,0,0
1302358,3,2022,2022,10,2,11,11,27,8,34609,0,1,1,-33.298778,150.983047,29,2,2,0,3,0,3,4,0,0,7,50,0,4552,5151,8,10,40,1,0,0,0,0
1302359,3,2022,2022,10,1,8,81,27,609,115,0,1,1,-33.781337,150.90064,7,0,2,1,3,0,0,3,2,0,7,60,2,1282,1282,1,5,5,2,0,0,0,0
1302360,3,2022,2022,10,2,6,114,27,34,228,0,1,1,-33.481136,150.956053,71,0,2,0,3,0,3,3,2,0,7,80,2,3775,3775,0,5,5,2,0,0,0,0
1302365,3,2022,2022,1,6,9,4,27,204,34609,0,1,1,-33.892219,150.939194,24,0,2,1,2,0,0,0,3,0,7,50,0,1282,1282,1,0,5,2,0,0,0,0
1302388,3,2022,2022,10,2,5,24,27,6,103,0,1,1,-28.788395,153.247698,39,2,1,0,1,0,3,4,2,0,7,80,1,418,714,5,8,40,1,0,0,0,0
1302397,3,2022,2022,10,6,7,1052,14,56,928,0,1,3,-32.992117,151.516235,37,0,2,1,1,0,3,4,2,0,7,110,2,1282,1282,1,0,0,2,0,0,0,0
1302399,3,2022,2022,10,3,7,330,27,147,605,0,1,10,-33.758599,151.280462,50,0,2,0,1,0,0,0,2,1,7,60,2,395,395,1,10,0,2,0,0,0,0
1302405,3,2022,2022,11,5,10,6,31,609,34609,0,1,9,-33.754194,150.906436,7,0,2,1,2,0,0,0,0,0,7,50,0,1282,1282,1,5,25,2,0,0,0,0
1302420,3,2022,2022,10,3,11,7,31,24,34609,0,1,9,-35.9879,146.002806,51,2,1,1,2,0,0,0,0,0,7,50,0,489,489,8,5,40,1,0,0,0,0
1302423,3,2022,2022,10,6,5,105,17,251,136,0,1,2,-33.770903,150.939316,7,0,2,1,1,0,3,4,2,0,7,60,2,1383,1383,1,5,5,2,0,0,0,0
1302424,3,2022,2022,11,4,5,72,1,134,34609,1,0,1,-33.525683,151.314774,16,2,2,1,1,0,0,0,2,0,7,60,0,9859,9859,1,33,0,3,0,0,0,0
1302430,3,2022,2022,1,0,2,17,27,111,65,0,1,7,-33.711847,150.885635,7,0,2,1,2,0,0,0,0,0,0,60,1,9859,9859,8,5,40,1,0,0,0,0
1302447,3,2022,2022,5,0,7,20,23,252,34609,0,1,1,-33.938667,150.883425,41,0,2,0,0,0,0,0,2,0,7,60,0,1957,4009,1,10,12,2,0,0,0,0
1302451,3,2022,2022,10,5,9,18,31,70,34609,0,1,9,-34.035138,151.086248,68,0,2,1,1,0,0,0,0,0,7,50,0,1850,777,5,5,40,1,0,0,0,0
1302454,3,2022,2022,10,1,6,1,27,4,34609,0,1,9,-32.493403,148.554324,22,1,0,1,3,0,0,0,2,0,7,100,0,2852,2852,4,34,5,2,0,0,0,0
1302455,3,2022,2022,10,6,9,3,31,69,34609,0,1,1,-33.828815,151.020939,54,0,2,1,3,0,3,4,0,0,7,50,0,14295,14295,3,5,12,2,0,0,0,0
1302457,3,2022,2022,5,2,9,19,27,35,105,0,1,1,-33.888048,150.9032,24,0,2,1,3,0,3,6,0,0,7,60,1,9859,9859,8,5,40,1,0,0,0,0
1302459,3,2022,2022,10,5,9,2,31,90,34609,0,1,1,-33.887183,151.237598,81,0,2,1,3,0,0,0,3,0,7,50,0,9859,9859,1,0,0,3,0,0,0,0
1302461,3,2022,2022,10,5,5,69,31,646,563,0,1,2,-33.923299,151.038518,15,0,2,1,3,0,0,0,2,0,7,70,2,9859,9859,8,8,40,2,0,0,0,0
1302464,3,2022,2022,1,5,10,5,10,62,34609,0,1,2,-33.72339,150.857346,7,0,2,0,2,0,0,0,0,0,7,50,0,190,190,1,10,5,2,0,0,0,0
1302467,3,2022,2022,10,4,8,3371,17,40,3342,0,1,1,-33.817488,151.180975,38,0,2,1,3,0,0,3,3,0,7,60,2,14295,14295,3,5,5,2,0,0,0,0
1302470,3,2022,2022,10,6,11,1,31,243,34609,0,1,1,-33.958019,150.903816,41,0,2,0,3,0,3,4,0,0,7,50,0,1957,4009,1,10,5,3,0,0,0,0
1302473,3,2022,2022,11,6,8,195,27,49,186,0,1,9,-33.918961,150.852808,41,0,2,1,1,0,0,0,2,1,7,70,2,14295,14295,3,0,0,2,0,0,0,0
1302474,3,2022,2022,11,1,3,2,1,8,34609,0,1,9,-33.896503,151.268017,76,0,2,1,0,0,0,0,2,0,7,50,0,9859,9859,1,9,5,4,0,0,0,0
1302475,3,2022,2022,5,2,4,3371,17,24,3342,0,1,2,-32.486227,152.19459,43,1,0,0,3,0,3,4,2,0,7,110,2,2585,4009,8,10,40,1,0,0,0,0
1302489,3,2022,2022,10,6,6,1,10,101,34609,0,1,1,-32.919673,151.620123,37,0,2,1,0,0,3,3,2,0,7,50,0,9859,9859,1,33,5,2,0,0,0,0
1302500,3,2022,2022,10,2,10,15,23,29,34609,0,1,1,-33.728614,150.732283,55,0,2,1,2,0,3,4,0,0,7,50,0,9859,9859,1,0,5,2,0,0,0,0
1302508,3,2022,2022,10,4,6,2,1,19,34609,0,1,1,-33.758508,151.090575,31,0,2,1,1,0,3,4,2,0,7,50,0,1282,1282,1,33,0,2,0,0,0,0
1302510,3,2022,2022,10,5,0,3371,17,15,3342,0,1,2,-30.214894,153.146587,19,1,0,1,2,0,0,0,0,0,7,110,2,4026,4026,8,5,40,1,0,0,0,0
1302513,3,2022,2022,11,0,2,23,36,4,62,0,1,1,-29.936833,152.984377,18,1,0,0,3,0,3,3,1,0,7,100,1,1850,1463,5,10,40,1,0,0,0,0
1302518,3,2022,2022,10,2,0,2126,17,73,2149,0,1,9,-33.888185,151.164892,32,0,2,1,3,0,0,0,0,2,15,60,2,4552,985,8,5,40,1,0,0,0,0
1302519,3,2022,2022,10,3,0,1052,14,207,928,0,1,3,-33.561326,151.192311,31,0,2,1,0,0,3,4,0,0,7,110,2,9859,9859,8,5,40,1,0,0,0,0
1302524,3,2022,2022,11,1,7,7,27,2,34609,0,1,1,-35.658638,145.343108,51,1,0,0,3,2,0,0,2,0,7,100,0,380,714,5,10,40,1,0,0,0,0
1302526,3,2022,2022,10,1,8,2209,17,68,2205,0,1,9,-34.086343,151.009164,68,0,2,1,3,0,3,0,2,0,7,60,2,1282,1282,1,0,5,2,0,0,0,0
1302527,3,2022,2022,1,2,5,109,27,169,34609,0,1,1,-33.760181,150.839375,7,0,2,1,1,0,0,0,2,0,7,60,0,9859,9859,1,5,5,2,0,0,0,0
1302530,3,2022,2022,10,0,4,2,31,53,34609,0,1,1,-30.643839,153.003178,47,2,1,0,3,0,0,0,2,0,7,50,0,248,248,1,9,0,2,0,0,0,0
1302534,3,2022,2022,10,4,8,95,27,106,605,0,1,2,-33.67723,151.305656,50,0,2,1,1,0,3,4,2,0,7,60,2,14295,14295,3,0,5,2,0,0,0,0
1302542,3,2022,2022,5,0,6,18,27,13,34609,0,1,1,-32.465847,152.070992,43,1,0,0,3,0,3,3,2,0,7,100,0,3775,3775,0,10,5,2,0,0,0,0
1302543,3,2022,2022,11,0,1,3,10,27,34609,0,1,1,-32.767746,151.611432,42,2,1,0,2,0,3,4,0,0,7,50,0,1957,4009,8,34,40,1,0,0,0,0
1302545,3,2022,2022,11,2,10,32,31,111,91,0,1,1,-33.915283,151.257959,59,0,2,1,2,0,3,6,0,0,7,50,1,1945,1945,5,0,40,1,0,0,0,0
1302546,3,2022,2022,10,1,2,2209,17,157,2205,0,1,10,-34.008057,151.105716,68,0,2,0,3,0,0,3,1,2,7,70,2,5929,5929,1,0,5,2,0,0,0,0
1302547,3,2022,2022,10,3,8,829,27,125,770,0,1,2,-33.83046,151.126803,51,0,2,1,3,0,0,3,2,0,7,60,2,14295,14295,3,0,5,2,0,0,0,0
1302555,3,2022,2022,11,6,9,308,14,323,311,0,1,3,-33.820099,150.852171,7,0,2,0,2,0,3,4,0,0,7,100,2,14295,14295,3,5,5,2,0,0,0,0
1302562,3,2022,2022,10,5,5,481,17,10,483,0,1,1,-35.3643,145.718874,51,2,1,1,0,0,0,0,2,0,7,40,2,1945,1945,5,26,40,1,0,0,0,0
1302567,3,2022,2022,10,0,1,73,24,17,88,0,1,1,-33.719393,151.245773,50,0,2,0,0,0,3,0,0,0,7,80,2,1259,5151,8,5,40,1,0,0,0,0
1302581,3,2022,2022,1,6,5,2126,17,363,2149,0,1,10,-33.819396,151.000213,54,0,2,1,1,0,0,0,2,2,7,60,2,515,515,1,9,5,2,0,0,0,0
1302592,3,2022,2022,10,6,10,220,14,106,220,0,1,3,-34.559119,150.77871,62,0,2,1,2,0,0,0,0,0,7,100,2,14295,14295,3,5,0,2,0,0,0,0